[Quadrants] version 1.3.3, llvm 22.1.0, commit 00423caa, linux, python 3.10.12
[38;5;226m[Genesis] [22:11:51] [WARNING] (MJCF) Approximating tendon by joint actuator for `finger_joint1`[0m
[38;5;226m[Genesis] [22:11:51] [WARNING] (MJCF) Approximating tendon by joint actuator for `finger_joint2`[0m
[38;5;226m[Genesis] [22:11:53] [WARNING] Neutral robot position (qpos0) exceeds joint limits.[0m
[38;5;226m[Genesis] [22:11:53] [WARNING] Constraint solver time constant should be greater than 2*substep_dt. timeconst is changed from `0.005` to `0.02`). Decrease simulation timestep or increase timeconst to avoid altering the original value.[0m
[38;5;226m[Genesis] [22:11:56] [WARNING] Filtered out geometry pairs causing self-collision for the neutral configuration (qpos0): (6, 11), (7, 11), (14, 21), (15, 20), (16, 23), (17, 22). Consider tuning Morph option 'decompose_robot_error_threshold' or specify dedicated collision meshes. This behavior can be disabled by setting Morph option 'enable_neutral_collision=True'.[0m
======================================================================================
Kernel Profiler(count, default) @ CUDA on NVIDIA RTX PRO 6000 Blackwell Server Edition
======================================================================================
[      %     total   count |      min       avg       max   ] Kernel name
--------------------------------------------------------------------------------------
[ 43.67%   0.031 s    100x |    0.013     0.309     0.612 ms] kernel_pressure_correct_warp_c718_0_kernel_1_range_for
[ 33.26%   0.024 s    100x |    0.013     0.236     0.493 ms] kernel_pressure_warp_c716_0_kernel_1_range_for
[  8.88%   0.006 s     50x |    0.123     0.126     0.134 ms] kernel_anchor_c710_0_kernel_1_range_for
[  4.71%   0.003 s     50x |    0.065     0.067     0.070 ms] kernel_surface_pack_c790_0_kernel_1_range_for
[  1.21%   0.001 s    100x |    0.006     0.009     0.013 ms] kernel_pressure_warp_c716_0_kernel_0_serial
[  1.17%   0.001 s    100x |    0.006     0.008     0.013 ms] kernel_pressure_correct_warp_c718_0_kernel_0_serial
[  1.13%   0.001 s     50x |    0.015     0.016     0.018 ms] kernel_associate_c728_0_kernel_3_range_for
[  1.13%   0.001 s     50x |    0.013     0.016     0.021 ms] kernel_associate_c728_0_kernel_1_range_for
[  0.99%   0.001 s     50x |    0.012     0.014     0.019 ms] kernel_begin_step_c804_0_kernel_1_range_for
[  0.97%   0.001 s     50x |    0.012     0.014     0.022 ms] kernel_refine_contacts_c712_0_kernel_1_range_for
[  0.61%   0.000 s     50x |    0.006     0.009     0.015 ms] kernel_associate_c728_0_kernel_0_serial
[  0.60%   0.000 s     50x |    0.006     0.008     0.012 ms] kernel_anchor_c710_0_kernel_0_serial
[  0.54%   0.000 s     50x |    0.006     0.008     0.022 ms] kernel_begin_step_c804_0_kernel_0_serial
[  0.52%   0.000 s     50x |    0.006     0.007     0.011 ms] kernel_refine_contacts_c712_0_kernel_0_serial
[  0.42%   0.000 s     50x |    0.004     0.006     0.010 ms] kernel_associate_c728_0_kernel_2_serial
[  0.20%   0.000 s     50x |    0.003     0.003     0.007 ms] kernel_surface_pack_c790_0_kernel_0_serial
--------------------------------------------------------------------------------------
[100.00%] Total execution time:   0.071 s   number of results: 16
======================================================================================
{
  "scope": "profile",
  "envs": 1024,
  "level": 1,
  "precision": "64",
  "quadrature": 10,
  "dt": 0.01,
  "substeps": 1,
  "varied": true,
  "seed": 623001,
  "load_model": "finite_pad_adaptive_q10",
  "condition_count": 1024,
  "conditions": null,
  "conditions_sha256": null,
  "cooperative_solve": true,
  "cooperative_pressure": true,
  "cooperative_scatter": true,
  "cooperative_balance": true,
  "face_parallel_scatter": true,
  "scatter_tasks_per_env": 32,
  "cached_peak": true,
  "cached_face_bounds": true,
  "method": "auto",
  "inverse_precision": "64",
  "surface_inverse": true,
  "packed_surface_loads": true,
  "fused_pipeline": true,
  "output_mode": "max",
  "reset_mode": "saved_initial_state",
  "history": 0,
  "host": "rtx-209-255",
  "slurm_job_id": "704948",
  "source_revision": "e6094ff9-native-balance-t8-v2",
  "arguments": {
    "scope": "profile",
    "envs": 1024,
    "level": 1,
    "steps": 50,
    "warmup": 900,
    "repetitions": 3,
    "minimum_seconds": 10.0,
    "varied": true,
    "seed": 623001,
    "source_revision": "e6094ff9-native-balance-t8-v2",
    "conditions": null,
    "save_conditions": null,
    "serial_solve": false,
    "serial_pressure": false,
    "serial_scatter": false,
    "serial_balance": false,
    "contact_warp_scatter": false,
    "scatter_tasks_per_env": 32,
    "uncached_peak": false,
    "uncached_face_bounds": false,
    "method": "auto",
    "inverse_precision": "64",
    "full_inverse": false,
    "dense_surface_loads": false,
    "history": 0,
    "unfused_pipeline": false,
    "policy_precision": "32",
    "output_mode": "max",
    "legacy_reset": false,
    "trace": true,
    "compact_log": true,
    "output": "/mnt/data/zhaofeng/projects/workspace/Genesis/rigid-stress-recovery/runs/20261010-contact-repair/balance-profile-b1024-max-v2.json"
  },
  "command": [
    "/mnt/data/zhaofeng/venvs/rigid-stress-recovery/bin/python",
    "examples/speed_benchmark/rigid_stress.py",
    "--scope",
    "profile",
    "--envs",
    "1024",
    "--seed",
    "623001",
    "--varied",
    "--warmup",
    "900",
    "--steps",
    "50",
    "--output-mode",
    "max",
    "--compact-log",
    "--trace",
    "--output",
    "/mnt/data/zhaofeng/projects/workspace/Genesis/rigid-stress-recovery/runs/20261010-contact-repair/balance-profile-b1024-max-v2.json"
  ],
  "source_sha256": {
    "/mnt/home/zhaofeng/workspace/Genesis/.worktrees/rigid-stress-recovery-relief-dev/examples/speed_benchmark/rigid_stress.py": "cc2df9ab06a2b72cf77c30b88941e18c3ae4f030190cc225bb9b2ec369319bac",
    "examples/rigid/franka_egg_stress.py": "6031e5a035645014f3daa4d532662342a267d495443bfe198f93081e4e187363",
    "genesis/engine/solvers/rigid/rigid_solver.py": "639210a260da02b0b59b3814ae6a6cf27c6f8d540ce8800cdb36ea652b9cc510",
    "genesis/engine/solvers/rigid/stress/__init__.py": "17b4fa6e4eb64175b87586a6c7142b9fd2f5e88ba4321129d18e07e296adc5a6",
    "genesis/engine/solvers/rigid/stress/association.py": "0c265ddde597bb03f6f56da0f4c6063a3a530ce2a19f2dceaf3378e987f811b3",
    "genesis/engine/solvers/rigid/stress/balance.py": "a0ec6b8e110270f34bf56369cfc94129b6e5fdd2fc091efd6f6f7ac2d15a5ed5",
    "genesis/engine/solvers/rigid/stress/contact.py": "728a465e6c1b4f6f28280d1543a5a35a12d63d5f5967c0df8c174c6ebfba0630",
    "genesis/engine/solvers/rigid/stress/data.py": "44874f9cee2dffc882a06a4b7f99272eb9d24aa2ab3c0e009b7650eaa918f532",
    "genesis/engine/solvers/rigid/stress/factor.py": "f2a059e88cf03b35a5fba2f88c3ac3f631a899d52cd841a6d268d9ccf087f81c",
    "genesis/engine/solvers/rigid/stress/grid.py": "f451674d257339ece41a258f22c7b95fe25d6fc51888854855de4320e26b9a90",
    "genesis/engine/solvers/rigid/stress/history.py": "559e046d3405afc260be5cd5a0de5712e490518e73aafc288642261c3959657c",
    "genesis/engine/solvers/rigid/stress/inverse.py": "b15ef055df018d96b92aa2b0be3d39d258b4cc59c83dbccdd9dcf0c173eb2a43",
    "genesis/engine/solvers/rigid/stress/lifecycle.py": "aec6ccc09b9da6fc15ea1c64e6716dee9325b3d05edaa7ac19b4419861c192fa",
    "genesis/engine/solvers/rigid/stress/model.py": "ba4964cb5d01eb8fcd7c9fbb02bbe64dcc2976fdfab653e2c4ba4efd8ac20b51",
    "genesis/engine/solvers/rigid/stress/operators.py": "40ad5e488e928a8f22efe0833f447afba7ef0e258bc3cffb5a0fe30bc1d416ff",
    "genesis/engine/solvers/rigid/stress/pipeline.py": "11e7882e9b0a219de84f35be8c2f8db2e8af01163705a7bf50c7aaee1531aed6",
    "genesis/engine/solvers/rigid/stress/recovery.py": "f94048638e4b64418b83d1ad37120f94441132e10075503b2a4cd460bebee9b6",
    "genesis/engine/solvers/rigid/stress/scatter.py": "7f80586484f6c4ce9f84bfdfc800eb6de6613b567a5d08e581f2817a0d0f0ee0",
    "genesis/engine/solvers/rigid/stress/solve.py": "b9aa7951dd5f5d6cd4fcdc719723fd07abf4ad359e7729e9f38f26adfc7fda59",
    "genesis/engine/solvers/rigid/stress/surface.py": "ed42707ee7c589db942a15835d40aba5194d2415b2c576ae0196987b94bb4fc1",
    "genesis/engine/solvers/rigid/stress/surface_inverse.py": "904a001a9c5a178399e770baa427b06f89f604fc1c48638ff870e2491f405bf4",
    "genesis/options/rigid_stress.py": "53e7a2cb8613ff63938e51c43fe10e9f8a9a0099f04e6161e5d06c77064ee098"
  },
  "gpu": "NVIDIA RTX PRO 6000 Blackwell Server Edition",
  "gpu_uuid": "GPU-665e0d07-4281-3f8f-e77d-f55205a0bab4",
  "gpu_total_bytes": 101975851008,
  "quadrants": [
    1,
    3,
    3
  ],
  "torch": "2.8.0",
  "setup_seconds": 79.78390240110457,
  "warmup_steps": 900,
  "policy": {
    "layers": [
      26,
      128,
      128,
      7
    ],
    "seed": 99173,
    "dtype": "float32",
    "residual_scale_rad": 0.0001,
    "scope": "inference rollout",
    "control_error_budget_rad": 1e-09,
    "warmup_reference_max_error_rad": 0.0
  },
  "stage_wall_ms": {
    "begin_step": 0.05421222187578678,
    "association_transform": 0.18871918320655823,
    "anchor_search": 0.2094612643122673,
    "candidate_weights_constraints": 1.3404220528900623,
    "nodal_scatter": 0.586481736972928,
    "inertia_relief_centrifugal": 0.12238635681569576,
    "rhs_reduction": 0.04110575653612614,
    "linear_solve": 0.8749534655362368,
    "complete_residual": 0.3481073398143053,
    "global_peak": 0.25025072507560253,
    "accept": 0.02659267745912075
  },
  "contacts_per_environment": [
    6,
    10,
    3,
    7,
    3,
    9,
    1,
    1,
    1,
    1,
    1,
    1,
    1,
    10,
    5,
    6,
    4,
    6,
    6,
    8,
    5,
    7,
    1,
    1,
    1,
    2,
    1,
    2,
    1,
    2,
    6,
    5,
    4,
    6,
    10,
    8,
    6,
    3,
    1,
    1,
    1,
    3,
    1,
    1,
    5,
    2,
    4,
    2,
    2,
    10,
    4,
    4,
    7,
    7,
    1,
    1,
    1,
    3,
    2,
    1,
    1,
    0,
    8,
    4,
    2,
    4,
    8,
    10,
    9,
    3,
    2,
    1,
    1,
    3,
    1,
    1,
    1,
    4,
    6,
    5,
    5,
    8,
    6,
    10,
    4,
    6,
    6,
    1,
    1,
    1,
    2,
    1,
    1,
    1,
    5,
    10,
    6,
    14,
    4,
    4,
    2,
    5,
    5,
    1,
    1,
    1,
    1,
    2,
    6,
    1,
    2,
    5,
    3,
    4,
    4,
    4,
    5,
    14,
    3,
    1,
    1,
    1,
    1,
    3,
    1,
    2,
    0,
    6,
    10,
    2,
    6,
    2,
    4,
    6,
    7,
    1,
    1,
    1,
    2,
    1,
    1,
    1,
    0,
    8,
    6,
    5,
    8,
    6,
    10,
    5,
    4,
    3,
    1,
    1,
    0,
    3,
    1,
    1,
    1,
    6,
    3,
    4,
    10,
    6,
    5,
    5,
    5,
    5,
    1,
    1,
    1,
    2,
    1,
    1,
    1,
    3,
    5,
    5,
    3,
    4,
    6,
    2,
    11,
    5,
    1,
    1,
    1,
    1,
    1,
    1,
    1,
    1,
    6,
    10,
    4,
    5,
    6,
    2,
    7,
    7,
    1,
    1,
    1,
    3,
    1,
    6,
    1,
    0,
    4,
    3,
    2,
    4,
    6,
    14,
    9,
    11,
    1,
    1,
    1,
    2,
    1,
    6,
    1,
    5,
    4,
    4,
    4,
    2,
    10,
    2,
    3,
    7,
    7,
    1,
    1,
    1,
    1,
    3,
    1,
    1,
    4,
    3,
    5,
    3,
    5,
    6,
    2,
    5,
    4,
    1,
    1,
    1,
    1,
    1,
    1,
    1,
    1,
    10,
    6,
    4,
    5,
    6,
    4,
    7,
    5,
    1,
    1,
    1,
    2,
    1,
    6,
    1,
    0,
    2,
    4,
    10,
    6,
    2,
    6,
    6,
    5,
    1,
    1,
    1,
    1,
    1,
    1,
    1,
    0,
    5,
    4,
    8,
    5,
    5,
    4,
    9,
    11,
    5,
    1,
    1,
    3,
    3,
    1,
    8,
    2,
    3,
    4,
    2,
    5,
    2,
    9,
    14,
    7,
    4,
    1,
    1,
    1,
    1,
    1,
    1,
    1,
    2,
    2,
    6,
    4,
    10,
    4,
    6,
    5,
    6,
    1,
    1,
    1,
    1,
    1,
    1,
    1,
    2,
    6,
    6,
    6,
    6,
    5,
    8,
    6,
    3,
    1,
    1,
    1,
    2,
    0,
    1,
    1,
    1,
    3,
    8,
    4,
    3,
    4,
    5,
    7,
    3,
    1,
    1,
    1,
    1,
    1,
    1,
    1,
    0,
    3,
    2,
    8,
    3,
    5,
    5,
    9,
    7,
    9,
    1,
    1,
    1,
    1,
    1,
    1,
    1,
    10,
    4,
    5,
    6,
    6,
    4,
    5,
    11,
    5,
    1,
    1,
    1,
    1,
    1,
    6,
    1,
    13,
    4,
    6,
    5,
    2,
    5,
    6,
    3,
    7,
    1,
    1,
    1,
    1,
    1,
    1,
    0,
    2,
    4,
    3,
    6,
    9,
    5,
    8,
    5,
    6,
    1,
    1,
    1,
    3,
    2,
    2,
    1,
    0,
    4,
    3,
    6,
    4,
    4,
    2,
    9,
    7,
    2,
    1,
    1,
    1,
    1,
    1,
    1,
    1,
    4,
    6,
    3,
    6,
    5,
    5,
    6,
    3,
    5,
    1,
    1,
    1,
    2,
    1,
    1,
    1,
    6,
    2,
    2,
    2,
    2,
    10,
    2,
    6,
    3,
    1,
    1,
    1,
    1,
    1,
    3,
    1,
    2,
    6,
    6,
    5,
    13,
    4,
    5,
    5,
    3,
    1,
    1,
    1,
    3,
    0,
    1,
    1,
    2,
    5,
    6,
    6,
    5,
    3,
    4,
    5,
    7,
    1,
    1,
    1,
    2,
    1,
    2,
    1,
    0,
    4,
    6,
    5,
    10,
    10,
    4,
    4,
    7,
    7,
    1,
    1,
    0,
    1,
    1,
    2,
    1,
    2,
    2,
    4,
    4,
    4,
    4,
    2,
    6,
    4,
    1,
    1,
    1,
    3,
    3,
    1,
    1,
    3,
    2,
    4,
    10,
    6,
    5,
    3,
    6,
    5,
    1,
    1,
    1,
    1,
    0,
    3,
    1,
    0,
    8,
    6,
    6,
    4,
    6,
    5,
    11,
    5,
    1,
    1,
    1,
    1,
    1,
    1,
    1,
    0,
    6,
    5,
    10,
    8,
    4,
    10,
    5,
    3,
    1,
    1,
    1,
    1,
    2,
    6,
    1,
    8,
    3,
    2,
    4,
    11,
    4,
    4,
    5,
    6,
    7,
    1,
    1,
    1,
    2,
    1,
    2,
    2,
    10,
    2,
    6,
    4,
    10,
    6,
    4,
    6,
    11,
    1,
    1,
    1,
    3,
    1,
    1,
    1,
    3,
    6,
    4,
    4,
    10,
    5,
    3,
    11,
    7,
    1,
    1,
    1,
    1,
    1,
    1,
    1,
    1,
    8,
    4,
    4,
    6,
    2,
    8,
    5,
    5,
    1,
    1,
    1,
    3,
    1,
    1,
    1,
    0,
    2,
    5,
    5,
    3,
    6,
    2,
    3,
    3,
    2,
    1,
    1,
    2,
    1,
    1,
    4,
    0,
    6,
    4,
    4,
    3,
    4,
    2,
    5,
    4,
    6,
    1,
    1,
    1,
    1,
    1,
    1,
    6,
    3,
    4,
    2,
    6,
    7,
    10,
    6,
    3,
    5,
    1,
    1,
    1,
    1,
    5,
    1,
    1,
    0,
    5,
    5,
    6,
    6,
    2,
    6,
    9,
    3,
    1,
    1,
    1,
    3,
    1,
    1,
    1,
    0,
    4,
    3,
    4,
    4,
    4,
    6,
    6,
    4,
    1,
    1,
    1,
    3,
    2,
    2,
    1,
    6,
    5,
    4,
    5,
    6,
    8,
    4,
    5,
    3,
    5,
    1,
    1,
    0,
    1,
    1,
    1,
    1,
    10,
    8,
    4,
    5,
    2,
    4,
    4,
    3,
    5,
    1,
    1,
    1,
    1,
    1,
    1,
    1,
    2,
    6,
    8,
    3,
    10,
    2,
    4,
    3,
    11,
    1,
    1,
    1,
    1,
    1,
    1,
    2,
    2,
    4,
    5,
    2,
    10,
    5,
    5,
    5,
    5,
    1,
    1,
    1,
    1,
    2,
    1,
    1,
    2,
    10,
    8,
    8,
    4,
    6,
    3,
    4,
    5,
    2,
    1,
    1,
    1,
    1,
    2,
    8,
    7,
    3,
    10,
    2,
    2,
    4,
    3,
    7,
    5,
    4,
    1,
    1,
    1,
    3,
    1,
    1,
    5,
    6,
    4,
    3,
    10,
    6,
    4,
    6,
    7,
    11,
    1,
    1,
    1,
    3,
    1,
    5,
    1,
    3,
    5,
    4,
    2,
    3,
    6,
    6,
    6,
    6,
    1,
    1,
    1,
    1,
    1,
    4,
    1,
    4,
    5,
    6,
    4,
    4,
    2,
    6,
    11,
    3,
    1,
    1,
    1,
    1,
    2,
    1,
    1,
    0,
    2,
    8,
    4,
    6,
    8,
    6,
    7,
    10,
    3,
    1,
    1,
    2,
    2,
    1,
    1,
    1,
    3,
    2,
    8,
    2,
    9,
    10,
    6,
    6,
    11,
    1,
    1,
    1,
    2,
    10,
    1,
    1,
    9,
    4,
    2,
    3,
    5,
    3,
    4,
    3,
    5,
    1,
    1,
    1,
    2,
    0,
    1,
    0,
    2,
    6,
    5,
    6,
    10,
    6,
    4,
    6,
    9,
    1,
    1,
    1,
    2,
    1,
    1,
    1,
    0,
    4,
    5,
    10,
    2,
    5,
    3,
    7,
    3,
    1,
    1,
    1,
    3,
    2,
    1,
    4,
    2,
    6,
    13,
    6,
    6,
    10,
    2,
    11,
    3,
    6,
    1,
    1,
    1,
    3,
    7,
    1,
    1,
    8,
    2,
    6,
    4,
    10,
    6,
    10,
    3,
    4,
    1,
    1,
    1,
    1,
    1,
    1,
    1,
    3,
    6,
    6,
    2,
    2,
    5,
    2,
    5,
    6,
    1,
    1,
    1,
    3,
    0,
    1,
    0,
    0,
    10,
    2,
    8,
    3,
    4
  ],
  "candidate_count": [
    71,
    209,
    222,
    72,
    118,
    224,
    89,
    76,
    247,
    134,
    127,
    73,
    86,
    245,
    127,
    217,
    116,
    159,
    155,
    0,
    200,
    285,
    175,
    173,
    292,
    327,
    90,
    125,
    125,
    130,
    164,
    273,
    274,
    161,
    163,
    151,
    275,
    293,
    88,
    78,
    94,
    244,
    208,
    99,
    117,
    39,
    30,
    195,
    45,
    82,
    35,
    36,
    196,
    80,
    64,
    70,
    227,
    74,
    217,
    218,
    84,
    134,
    251,
    89,
    132,
    148,
    77,
    235,
    82,
    240,
    102,
    244,
    257,
    119,
    139,
    260,
    136,
    215,
    166,
    142,
    282,
    173,
    154,
    176,
    176,
    286,
    288,
    168,
    172,
    217,
    102,
    87,
    133,
    96,
    149,
    130,
    151,
    284,
    273,
    203,
    160,
    274,
    122,
    88,
    102,
    96,
    100,
    210,
    247,
    98,
    115,
    88,
    88,
    62,
    125,
    120,
    66,
    234,
    121,
    59,
    218,
    64,
    211,
    211,
    62,
    125,
    66,
    122,
    79,
    239,
    121,
    81,
    235,
    221,
    117,
    145,
    160,
    297,
    277,
    202,
    128,
    164,
    276,
    269,
    115,
    158,
    157,
    277,
    271,
    132,
    160,
    193,
    140,
    168,
    185,
    182,
    185,
    210,
    100,
    130,
    130,
    94,
    90,
    86,
    100,
    210,
    102,
    102,
    69,
    203,
    122,
    122,
    120,
    237,
    102,
    152,
    54,
    115,
    57,
    120,
    121,
    121,
    121,
    121,
    89,
    76,
    246,
    133,
    127,
    78,
    91,
    245,
    127,
    217,
    88,
    135,
    96,
    144,
    150,
    185,
    168,
    178,
    102,
    87,
    148,
    140,
    90,
    260,
    133,
    87,
    54,
    119,
    221,
    60,
    118,
    110,
    90,
    102,
    90,
    109,
    218,
    115,
    79,
    107,
    232,
    206,
    57,
    111,
    118,
    232,
    222,
    56,
    118,
    110,
    34,
    86,
    37,
    90,
    115,
    115,
    63,
    122,
    65,
    119,
    183,
    282,
    279,
    164,
    174,
    169,
    279,
    301,
    105,
    88,
    260,
    161,
    131,
    90,
    101,
    252,
    137,
    242,
    124,
    112,
    158,
    155,
    270,
    274,
    123,
    159,
    175,
    92,
    129,
    129,
    140,
    180,
    90,
    94,
    262,
    135,
    151,
    131,
    130,
    93,
    227,
    135,
    129,
    213,
    45,
    91,
    104,
    43,
    216,
    104,
    61,
    210,
    206,
    64,
    218,
    55,
    214,
    59,
    197,
    204,
    72,
    227,
    229,
    120,
    123,
    72,
    231,
    205,
    105,
    252,
    252,
    116,
    142,
    257,
    128,
    92,
    218,
    238,
    249,
    133,
    125,
    93,
    248,
    228,
    146,
    176,
    169,
    179,
    102,
    114,
    261,
    110,
    253,
    257,
    94,
    99,
    248,
    96,
    241,
    241,
    94,
    90,
    94,
    119,
    120,
    146,
    88,
    77,
    44,
    199,
    45,
    0,
    171,
    55,
    65,
    113,
    189,
    227,
    69,
    56,
    114,
    221,
    107,
    77,
    131,
    131,
    82,
    252,
    129,
    105,
    49,
    58,
    97,
    110,
    109,
    79,
    163,
    215,
    63,
    48,
    111,
    217,
    94,
    115,
    163,
    129,
    162,
    62,
    213,
    64,
    218,
    146,
    147,
    90,
    66,
    124,
    68,
    127,
    94,
    73,
    130,
    76,
    129,
    140,
    130,
    78,
    151,
    103,
    103,
    44,
    78,
    198,
    43,
    85,
    208,
    238,
    111,
    115,
    41,
    196,
    44,
    173,
    170,
    122,
    125,
    121,
    76,
    129,
    80,
    131,
    142,
    268,
    149,
    271,
    55,
    119,
    112,
    116,
    160,
    179,
    173,
    182,
    189,
    146,
    181,
    188,
    199,
    188,
    188,
    330,
    351,
    302,
    299,
    194,
    184,
    305,
    328,
    100,
    130,
    130,
    90,
    94,
    124,
    123,
    200,
    70,
    69,
    117,
    250,
    94,
    62,
    191,
    221,
    67,
    113,
    218,
    57,
    68,
    114,
    193,
    231,
    70,
    57,
    120,
    225,
    112,
    103,
    103,
    104,
    258,
    132,
    103,
    257,
    237,
    137,
    138,
    107,
    147,
    122,
    159,
    124,
    143,
    273,
    267,
    179,
    270,
    105,
    107,
    254,
    260,
    133,
    139,
    265,
    94,
    130,
    94,
    100,
    102,
    72,
    210,
    105,
    40,
    98,
    95,
    199,
    212,
    40,
    99,
    83,
    40,
    92,
    99,
    40,
    210,
    97,
    81,
    129,
    86,
    137,
    134,
    62,
    121,
    121,
    236,
    236,
    69,
    123,
    121,
    66,
    129,
    123,
    67,
    237,
    127,
    116,
    94,
    265,
    173,
    140,
    102,
    107,
    259,
    147,
    258,
    94,
    75,
    133,
    78,
    129,
    146,
    183,
    188,
    186,
    108,
    135,
    142,
    88,
    82,
    100,
    211,
    102,
    254,
    114,
    71,
    65,
    194,
    221,
    68,
    115,
    220,
    70,
    127,
    125,
    59,
    118,
    60,
    121,
    76,
    65,
    232,
    123,
    123,
    63,
    76,
    237,
    119,
    199,
    96,
    245,
    259,
    123,
    137,
    262,
    109,
    258,
    114,
    250,
    256,
    100,
    243,
    241,
    97,
    249,
    94,
    74,
    132,
    75,
    129,
    90,
    57,
    115,
    61,
    121,
    86,
    124,
    128,
    210,
    73,
    120,
    237,
    218,
    95,
    95,
    91,
    46,
    205,
    46,
    192,
    174,
    72,
    230,
    77,
    229,
    219,
    70,
    128,
    125,
    69,
    123,
    67,
    125,
    54,
    115,
    113,
    55,
    225,
    119,
    182,
    182,
    94,
    88,
    75,
    245,
    132,
    127,
    72,
    86,
    243,
    127,
    215,
    90,
    58,
    121,
    60,
    118,
    94,
    90,
    82,
    250,
    99,
    207,
    118,
    103,
    44,
    103,
    213,
    43,
    101,
    94,
    92,
    46,
    151,
    180,
    212,
    96,
    89,
    48,
    204,
    149,
    67,
    125,
    66,
    125,
    55,
    121,
    57,
    116,
    117,
    68,
    217,
    226,
    69,
    114,
    227,
    129,
    131,
    120,
    102,
    173,
    154,
    106,
    267,
    145,
    136,
    203,
    296,
    287,
    261,
    172,
    294,
    136,
    90,
    78,
    109,
    218,
    115,
    94,
    51,
    99,
    111,
    54,
    218,
    110,
    233,
    41,
    185,
    42,
    196,
    67,
    124,
    123,
    121,
    121,
    109,
    147,
    120,
    158,
    77,
    234,
    123,
    73,
    237,
    203,
    168,
    164,
    204,
    162,
    285,
    224,
    290,
    313,
    180,
    172,
    178,
    293,
    179,
    338,
    146,
    222,
    298,
    306,
    183,
    184,
    253,
    303,
    339,
    134,
    204,
    144,
    285,
    306,
    178,
    161,
    166,
    292,
    176,
    328,
    102,
    122,
    102,
    135,
    256,
    120,
    127,
    239,
    226,
    220,
    125,
    124,
    83,
    61,
    188,
    222,
    113,
    217,
    69,
    125,
    69,
    127,
    46,
    201,
    47,
    207,
    44,
    107,
    45,
    106,
    107,
    107,
    63,
    56,
    220,
    104,
    117,
    55,
    64,
    226,
    112,
    178,
    137,
    139,
    0,
    175,
    175,
    122,
    123,
    267,
    266,
    152,
    154,
    268,
    130,
    169,
    283,
    279,
    240,
    164,
    280,
    122,
    128,
    102,
    107,
    130,
    96,
    145,
    107,
    95,
    29,
    84,
    34,
    83,
    67,
    123,
    129,
    55,
    199,
    199,
    52,
    210,
    69,
    125,
    129,
    47,
    107,
    50,
    106,
    104,
    112,
    156,
    269,
    127,
    155,
    193,
    146,
    144,
    138,
    147,
    175,
    168,
    178,
    102,
    94,
    148,
    135,
    94,
    122,
    94,
    75,
    125,
    69,
    117,
    240,
    57,
    48,
    217,
    95,
    110,
    44,
    59,
    215,
    108,
    159,
    40,
    85,
    96,
    39,
    212,
    91,
    62,
    122,
    66,
    123,
    54,
    115,
    54,
    110,
    109,
    117,
    266,
    268,
    152,
    144,
    271,
    95,
    135,
    112,
    152,
    94,
    89,
    236,
    248,
    98,
    127,
    255,
    128,
    115,
    163,
    130,
    162,
    102,
    86,
    78,
    129,
    134,
    227,
    31,
    56,
    85,
    32,
    197,
    85,
    125,
    103,
    103,
    62,
    124,
    64,
    122,
    49,
    61,
    109,
    169,
    219,
    63,
    47,
    113,
    217,
    94,
    57,
    178,
    213,
    55,
    105,
    214,
    121,
    121,
    71,
    218,
    231,
    76,
    118,
    232,
    90,
    78,
    239,
    82,
    225,
    229,
    140,
    165,
    189,
    177,
    184,
    102,
    94,
    90,
    87,
    138,
    117,
    244,
    37,
    192,
    42,
    169,
    169,
    46,
    105,
    47,
    109,
    96,
    93,
    145,
    159,
    142,
    102,
    264,
    142,
    56,
    204,
    201,
    54,
    211,
    66,
    214,
    212,
    68,
    221,
    132,
    175,
    154,
    172,
    117,
    101,
    152,
    151,
    267,
    266,
    103,
    153,
    172,
    134,
    142,
    171,
    177,
    331,
    293,
    256,
    152,
    179,
    287,
    307,
    98,
    99,
    240,
    256,
    254,
    130,
    78,
    255,
    146,
    145,
    76,
    102,
    74,
    107,
    120,
    202,
    239,
    115,
    120,
    229,
    122,
    237,
    202,
    155,
    59,
    114,
    120,
    54,
    119,
    55,
    118,
    120,
    119,
    68,
    129,
    75,
    129,
    130,
    168,
    168,
    92,
    100,
    143,
    257,
    260,
    99,
    137,
    264,
    172,
    139,
    120,
    111,
    91,
    245,
    157,
    266,
    176,
    137,
    104,
    107,
    259,
    147,
    259,
    116,
    101,
    163,
    154,
    104,
    267,
    142,
    142,
    164,
    182,
    182,
    88,
    82,
    82,
    261,
    95,
    105,
    106,
    88,
    91,
    115,
    115,
    45,
    99,
    105,
    44,
    214,
    105,
    106,
    145,
    112,
    153,
    88,
    96,
    142,
    244,
    252,
    120,
    89,
    133,
    260,
    160,
    92,
    134,
    142,
    138,
    74,
    223,
    230,
    80,
    119,
    239,
    90,
    70,
    126,
    70,
    128,
    90,
    79,
    239,
    84,
    223,
    232,
    122,
    94,
    118,
    240,
    105,
    99,
    102,
    196,
    57,
    55,
    114,
    115,
    55,
    225,
    120,
    90,
    154,
    139,
    95,
    264,
    140,
    75,
    205,
    228,
    74,
    123,
    225,
    91,
    246,
    245,
    91,
    245,
    227,
    65,
    126,
    121,
    66,
    124,
    172,
    181,
    182,
    295,
    301,
    178,
    186,
    311,
    140,
    167,
    206,
    182,
    179,
    184,
    130,
    175,
    175,
    122,
    86,
    130,
    120,
    122,
    150,
    73,
    36,
    52,
    118,
    117,
    78,
    236,
    235,
    123,
    123,
    83,
    232,
    226,
    40,
    94,
    44,
    98,
    87,
    138,
    133,
    83,
    129,
    87,
    143,
    125,
    268,
    130,
    262,
    266,
    130,
    121,
    180,
    166,
    131,
    276,
    165,
    128,
    164,
    159,
    130,
    132,
    122,
    90,
    115,
    96,
    129,
    64,
    123,
    124,
    129,
    129,
    49,
    201,
    212,
    99,
    96,
    51,
    204,
    168,
    49,
    107,
    110,
    94,
    135,
    101,
    148,
    152,
    88,
    236,
    235,
    92,
    244,
    0,
    77,
    135,
    129,
    245,
    258,
    88,
    130,
    145,
    130,
    133,
    239,
    163,
    139,
    279,
    171,
    132,
    191,
    284,
    282,
    169,
    170,
    196,
    282,
    298,
    110,
    102,
    78,
    102,
    100,
    111,
    86,
    40,
    46,
    99,
    98,
    200,
    47,
    40,
    93,
    210,
    66,
    69,
    127,
    71,
    129,
    88,
    240,
    87,
    233,
    233,
    96,
    169,
    149,
    106,
    266,
    147,
    70,
    218,
    225,
    73,
    118,
    225,
    128,
    175,
    154,
    174,
    177,
    285,
    279,
    240,
    281,
    142,
    174,
    174,
    184,
    182,
    186,
    298,
    298,
    177,
    182,
    321,
    86,
    55,
    112,
    55,
    121,
    90,
    132,
    86,
    200,
    128,
    223,
    125,
    127,
    127,
    240,
    213,
    109,
    0,
    57,
    71,
    119,
    118,
    101,
    177,
    230,
    227,
    229,
    119,
    227,
    116,
    69,
    226,
    74,
    229,
    55,
    118,
    116,
    56,
    227,
    121,
    74,
    224,
    231,
    82,
    239,
    107,
    107,
    49,
    113,
    49,
    110,
    107,
    208,
    303,
    293,
    270,
    180,
    297,
    131,
    175,
    175,
    140,
    159,
    295,
    182,
    170,
    296,
    182,
    130,
    82,
    78,
    144,
    214,
    115,
    219,
    99,
    31,
    88,
    36,
    82,
    58,
    118,
    121,
    58,
    112,
    118,
    59,
    225,
    121,
    154,
    118,
    154,
    165,
    160,
    277,
    131,
    158,
    219,
    67,
    218,
    218,
    69,
    225,
    90,
    234,
    248,
    129,
    127,
    91,
    246,
    226,
    132,
    139,
    182,
    148,
    175,
    142,
    177,
    186,
    183,
    191,
    196,
    132,
    94,
    88,
    114,
    137,
    118,
    133,
    254,
    103,
    76,
    124,
    47,
    106,
    49,
    107,
    83,
    130,
    132,
    43,
    102,
    213,
    43,
    101,
    93,
    69,
    129,
    70,
    127,
    102,
    254,
    113,
    247,
    135,
    135,
    132,
    194,
    286,
    284,
    165,
    176,
    177,
    284,
    307,
    142,
    210,
    337,
    302,
    284,
    187,
    302,
    126,
    156,
    112,
    94,
    129,
    241,
    93,
    103,
    0,
    68,
    127,
    69,
    125,
    63,
    125,
    122,
    67,
    235,
    123,
    50,
    110,
    114,
    82,
    237,
    125,
    84,
    243,
    216,
    136,
    272,
    270,
    177,
    270,
    142,
    271,
    159,
    272,
    272,
    200,
    308,
    291,
    269,
    181,
    298,
    130,
    171,
    171,
    140,
    163,
    183,
    179,
    192,
    82,
    124,
    82,
    218,
    112,
    121,
    214,
    94,
    53,
    153,
    208,
    51,
    100,
    212,
    89,
    90,
    133,
    133,
    147,
    147,
    125,
    125,
    115,
    93,
    264,
    172,
    140,
    100,
    105,
    258,
    147,
    255,
    176,
    176,
    90,
    66,
    126,
    122,
    67,
    125,
    90,
    125,
    125,
    128,
    82,
    82,
    107,
    128,
    126,
    93,
    238,
    120,
    113,
    113,
    40,
    95,
    212,
    40,
    99,
    89,
    61,
    217,
    111,
    63,
    222,
    188,
    63,
    213,
    211,
    64,
    219,
    153,
    108,
    139,
    159,
    159,
    250,
    281,
    275,
    179,
    119,
    155,
    275,
    204,
    88,
    132,
    141,
    134,
    70,
    218,
    227,
    71,
    229,
    90,
    81,
    234,
    84,
    239,
    123,
    147,
    147,
    140,
    122,
    94,
    110,
    222,
    115,
    240,
    114,
    86,
    50,
    69,
    218,
    218,
    69,
    225,
    49,
    113,
    218,
    53,
    110,
    106,
    47,
    107,
    108,
    47,
    216,
    111,
    76,
    222,
    230,
    82,
    239,
    91,
    146,
    135,
    71,
    129,
    77,
    132,
    94,
    72,
    129,
    77,
    130,
    96,
    80,
    131,
    252,
    87,
    129,
    141,
    94,
    90,
    82,
    127,
    240,
    128,
    0,
    107,
    101,
    37,
    86,
    36,
    95,
    62,
    117,
    120,
    60,
    229,
    119,
    88,
    230,
    236,
    89,
    242,
    134,
    104,
    271,
    188,
    147,
    113,
    117,
    268,
    157,
    265,
    123,
    95,
    269,
    178,
    142,
    104,
    112,
    262,
    150,
    259,
    58,
    117,
    60,
    121,
    86,
    52,
    114,
    120,
    129,
    146,
    291,
    277,
    207,
    164,
    274,
    132,
    136,
    171,
    288,
    150,
    175,
    285,
    132,
    122,
    90,
    229,
    213,
    240,
    110,
    121,
    121,
    117,
    117,
    40,
    103,
    42,
    99,
    47,
    106,
    46,
    107,
    65,
    124,
    68,
    122,
    93,
    135,
    97,
    142,
    152,
    155,
    94,
    95,
    248,
    100,
    240,
    241,
    96,
    81,
    131,
    129,
    102,
    90,
    122,
    258,
    110,
    112,
    59,
    88,
    198,
    107,
    139,
    105,
    103,
    100,
    113,
    113,
    113,
    259,
    127,
    259,
    40,
    50,
    100,
    80,
    205,
    48,
    41,
    94,
    211,
    68,
    149,
    271,
    156,
    146,
    268,
    280,
    117,
    262,
    117,
    253,
    261,
    69,
    129,
    123,
    130,
    123,
    172,
    138,
    167,
    180,
    102,
    88,
    133,
    95,
    141,
    130,
    118,
    122,
    115,
    39,
    152,
    201,
    200,
    46,
    194,
    211,
    98,
    90,
    48,
    203,
    154,
    70,
    217,
    226,
    72,
    118,
    227,
    48,
    212,
    96,
    53,
    207,
    153,
    106,
    161,
    112,
    147,
    80,
    209,
    241,
    85,
    125,
    237,
    60,
    121,
    63,
    119,
    117,
    90,
    66,
    77,
    121,
    207,
    240,
    86,
    73,
    125,
    238,
    126,
    140,
    229,
    291,
    272,
    297,
    94,
    90,
    90,
    111,
    73,
    103,
    129,
    32,
    70,
    85,
    36,
    203,
    82,
    65,
    129,
    71,
    128,
    129,
    105,
    87,
    256,
    153,
    131,
    88,
    100,
    252,
    137,
    241,
    55,
    191,
    215,
    103,
    107,
    59,
    214,
    165,
    82,
    235,
    82,
    240,
    153,
    179,
    179,
    334,
    291,
    262,
    158,
    181,
    289,
    309,
    130,
    118,
    165,
    132,
    165,
    138,
    178,
    178,
    124,
    102,
    130,
    77,
    244,
    121,
    73,
    202,
    230,
    73,
    121,
    227,
    222,
    34,
    41,
    90,
    74,
    198,
    85,
    200,
    50,
    53,
    114,
    117,
    121,
    121,
    81,
    129,
    89,
    136,
    52,
    67,
    115,
    105,
    172,
    226,
    55,
    117,
    224,
    187,
    108,
    88,
    133,
    97,
    149,
    86,
    143,
    87,
    130,
    0,
    84,
    236,
    86,
    240,
    144,
    242,
    300,
    294,
    306,
    303,
    138,
    155,
    180,
    296,
    173,
    180,
    308,
    130,
    132,
    94,
    121,
    233,
    80,
    116,
    90,
    200,
    0,
    62,
    53,
    222,
    103,
    113,
    55,
    63,
    224,
    110,
    190,
    88,
    88,
    71,
    205,
    219,
    68,
    118,
    221,
    77,
    129,
    84,
    134,
    67,
    58,
    226,
    116,
    120,
    56,
    67,
    231,
    117,
    193,
    92,
    135,
    264,
    100,
    149,
    148,
    120,
    166,
    144,
    168,
    113,
    125,
    266,
    136,
    259,
    266,
    102,
    136,
    86,
    132,
    140,
    136,
    257,
    259,
    90,
    138,
    155,
    94,
    102,
    116,
    107,
    135,
    254,
    118,
    97,
    83,
    51,
    117,
    118,
    61,
    118,
    239,
    68,
    123,
    123,
    51,
    115,
    53,
    118,
    103,
    141,
    116,
    155,
    51,
    60,
    110,
    176,
    222,
    64,
    51,
    113,
    219,
    98,
    55,
    120,
    59,
    116,
    113,
    156,
    182,
    181,
    140,
    164,
    186,
    183,
    342,
    295,
    277,
    169,
    182,
    295,
    315,
    126,
    114,
    159,
    274,
    137,
    159,
    182,
    90,
    82,
    90,
    131,
    248,
    123,
    86,
    186,
    52,
    109,
    113,
    226,
    219,
    52,
    111,
    106,
    34,
    96,
    37,
    86,
    57,
    216,
    59,
    206,
    63,
    121,
    123,
    63,
    238,
    119,
    163,
    162,
    72,
    135,
    127,
    246,
    252,
    83,
    128,
    138,
    96,
    77,
    129,
    85,
    136,
    140,
    169,
    197,
    181,
    186,
    102,
    122,
    122,
    114,
    268,
    120,
    244,
    124,
    240,
    121,
    121,
    32,
    86,
    37,
    92,
    88,
    45,
    105,
    46,
    100,
    97,
    105,
    154,
    144,
    110,
    250,
    262,
    128,
    147,
    262,
    120,
    120,
    130,
    173,
    173,
    134,
    176,
    176,
    102,
    136,
    130,
    130,
    268,
    147,
    258,
    76,
    129,
    132,
    120,
    97,
    69,
    217,
    221,
    69,
    117,
    225,
    37,
    86,
    36,
    96,
    56,
    121,
    59,
    118,
    41,
    104,
    99,
    112,
    160,
    120,
    154,
    159,
    159,
    122,
    265,
    123,
    261,
    265,
    116,
    101,
    153,
    140,
    130,
    126,
    175,
    151,
    172,
    179,
    132,
    94,
    90,
    113,
    224,
    94,
    39,
    82,
    196,
    42,
    84,
    202,
    0,
    122,
    125,
    57,
    115,
    56,
    113,
    132,
    132,
    98,
    157,
    153,
    101,
    266,
    140,
    61,
    56,
    218,
    115,
    63,
    225,
    185,
    149,
    174,
    178,
    334,
    293,
    260,
    159,
    179,
    287,
    303,
    81,
    235,
    123,
    82,
    237,
    218,
    129,
    165,
    165,
    100,
    82,
    130,
    87,
    132,
    90,
    78,
    78,
    265,
    0,
    0,
    255,
    0,
    0,
    107,
    102,
    55,
    202,
    199,
    51,
    211,
    64,
    211,
    208,
    67,
    219,
    60,
    203,
    205,
    59,
    108,
    215,
    142,
    269,
    159,
    140,
    269,
    272,
    132,
    132,
    97,
    235,
    256,
    101,
    132,
    254,
    88,
    57,
    111,
    119,
    232,
    222,
    58,
    118,
    110,
    87,
    121,
    121,
    94,
    82,
    102,
    268,
    149,
    155,
    117,
    126,
    80,
    40,
    183,
    42,
    195,
    78,
    129,
    127,
    99,
    135,
    112,
    154,
    84,
    130,
    87,
    137,
    105,
    158,
    112,
    146,
    130,
    200,
    168,
    141,
    284,
    175,
    90,
    64,
    128,
    70,
    127,
    127,
    142,
    168,
    188,
    186,
    130,
    132,
    128,
    95,
    120,
    102,
    236,
    121,
    103,
    76,
    107,
    40,
    200,
    82,
    42,
    196,
    76,
    33,
    82,
    36,
    197,
    84,
    53,
    111,
    55,
    116,
    50,
    109,
    51,
    106,
    105,
    47,
    98,
    105,
    45,
    216,
    108,
    54,
    114,
    117,
    214,
    219,
    55,
    111,
    107,
    148,
    176,
    169,
    176,
    0,
    89,
    135,
    99,
    150,
    102,
    130,
    134,
    122,
    106,
    146,
    120,
    156,
    122,
    128,
    103,
    210,
    110,
    116,
    52,
    44,
    213,
    83,
    104,
    44,
    57,
    211,
    104,
    126,
    66,
    131,
    125,
    240,
    245,
    73,
    125,
    131,
    91,
    239,
    93,
    246,
    114,
    260,
    111,
    254,
    257,
    145,
    145,
    72,
    126,
    70,
    129,
    93,
    135,
    104,
    151,
    144,
    186,
    186,
    134,
    137,
    176,
    165,
    175,
    102,
    86,
    78,
    123,
    120,
    204,
    99,
    92,
    86,
    53,
    115,
    117,
    59,
    226,
    119,
    61,
    117,
    123,
    235,
    230,
    64,
    119,
    118,
    105,
    113,
    113,
    114,
    94,
    264,
    171,
    139,
    102,
    108,
    257,
    148,
    250,
    141,
    141,
    112,
    160,
    122,
    153,
    88,
    121,
    120,
    130,
    180,
    129,
    277,
    283,
    171,
    137,
    143,
    277,
    161,
    310,
    102,
    90,
    124,
    93,
    204,
    111,
    120,
    120,
    50,
    0,
    61,
    221,
    67,
    213,
    58,
    119,
    58,
    112,
    113,
    131,
    131,
    85,
    96,
    138,
    246,
    254,
    120,
    88,
    133,
    258,
    156,
    119,
    263,
    125,
    258,
    265,
    122,
    171,
    136,
    168,
    179,
    90,
    68,
    128,
    69,
    129,
    102,
    89,
    133,
    102,
    142,
    132,
    90,
    102,
    88,
    244,
    0,
    244,
    140,
    99,
    0,
    90,
    42,
    152,
    193,
    207,
    95,
    89,
    45,
    198,
    79,
    71,
    132,
    127,
    239,
    251,
    79,
    127,
    134,
    75,
    132,
    129,
    241,
    252,
    80,
    129,
    138,
    99,
    243,
    103,
    249,
    71,
    130,
    127,
    71,
    246,
    129,
    84,
    131,
    131,
    94,
    78,
    130,
    129,
    130,
    124,
    173,
    144,
    173,
    138,
    178,
    136,
    90,
    157,
    119,
    88,
    90,
    53,
    158,
    213,
    105,
    107,
    191,
    83,
    216,
    52,
    68,
    110,
    193,
    117,
    221,
    107,
    34,
    83,
    86,
    41,
    34,
    198,
    48,
    83,
    34,
    39,
    196,
    85,
    67,
    107,
    107,
    121,
    121,
    93,
    135,
    100,
    146,
    106,
    154,
    147,
    0,
    56,
    111,
    118,
    60,
    223,
    121,
    116,
    125,
    266,
    139,
    268,
    146,
    186,
    187,
    188,
    140,
    78,
    90,
    0,
    98,
    94,
    106,
    93,
    222,
    121,
    110,
    191,
    189,
    53,
    155,
    206,
    49,
    99,
    213,
    37,
    88,
    39,
    98,
    129,
    127,
    129,
    53,
    44,
    213,
    85,
    103,
    44,
    56,
    209,
    106,
    131,
    74,
    205,
    232,
    78,
    123,
    229,
    142,
    177,
    153,
    175,
    81,
    129,
    252,
    85,
    135,
    135,
    130,
    185,
    279,
    171,
    163,
    283,
    316,
    140,
    173,
    172,
    182,
    181,
    185,
    294,
    298,
    172,
    182,
    316,
    130,
    130,
    90,
    121,
    228,
    124,
    254,
    125,
    220,
    122,
    118,
    204,
    84,
    99,
    217,
    107,
    77,
    238,
    81,
    231,
    221,
    49,
    104,
    47,
    110,
    143,
    143,
    65,
    125,
    125,
    71,
    127,
    125,
    68,
    241,
    127,
    112,
    148,
    274,
    118,
    158,
    169,
    122,
    140,
    268,
    148,
    262,
    270,
    146,
    178,
    186,
    187,
    191,
    214,
    140,
    88,
    102,
    121,
    213,
    39,
    38,
    208,
    50,
    91,
    90,
    95,
    0,
    239,
    73,
    226,
    231,
    82,
    239,
    77,
    215,
    234,
    78,
    123,
    232,
    46,
    113,
    105,
    113,
    93,
    135,
    97,
    146,
    133,
    133,
    71,
    125,
    246,
    75,
    125,
    135,
    130,
    132,
    162,
    164,
    318,
    285,
    239,
    139,
    173,
    281,
    301,
    134,
    176,
    177,
    130,
    122,
    88,
    284,
    118,
    118,
    163,
    61,
    121,
    121,
    37,
    94,
    95,
    197,
    211,
    40,
    98,
    81,
    53,
    115,
    53,
    110,
    54,
    117,
    116,
    55,
    224,
    118,
    148,
    272,
    269,
    155,
    155,
    140,
    266,
    273,
    218,
    294,
    177,
    232,
    288,
    301,
    134,
    144,
    202,
    171,
    152,
    286,
    176,
    90,
    81,
    69,
    237,
    126,
    124,
    80,
    240,
    124,
    205,
    131,
    175,
    170,
    130,
    82,
    103,
    218,
    110,
    117,
    70,
    236,
    75,
    32,
    83,
    82,
    125,
    125,
    35,
    96,
    89,
    189,
    211,
    39,
    95,
    78,
    136,
    137,
    123,
    85,
    212,
    221,
    239,
    125,
    79,
    242,
    212,
    52,
    63,
    113,
    171,
    222,
    66,
    52,
    113,
    219,
    99,
    75,
    204,
    231,
    76,
    123,
    229,
    90,
    67,
    127,
    68,
    124,
    127,
    102,
    138,
    117,
    244,
    261,
    265,
    148,
    140,
    109,
    263,
    248,
    90,
    102,
    82,
    109,
    134,
    42,
    47,
    101,
    85,
    205,
    52,
    42,
    96,
    212,
    68,
    95,
    123,
    84,
    71,
    241,
    129,
    127,
    0,
    241,
    126,
    211,
    46,
    106,
    46,
    107,
    133,
    132,
    49,
    112,
    107,
    117,
    165,
    132,
    166,
    174,
    61,
    123,
    121,
    53,
    116,
    57,
    110,
    119,
    143,
    143,
    90,
    66,
    122,
    68,
    125,
    102,
    94,
    78,
    116,
    125,
    238,
    75,
    197,
    59,
    186,
    212,
    60,
    105,
    216,
    50,
    115,
    55,
    111,
    110,
    57,
    199,
    201,
    51,
    105,
    211,
    113,
    65,
    196,
    203,
    221,
    117,
    117,
    66,
    223,
    195,
    96,
    237,
    256,
    105,
    133,
    257,
    138,
    174,
    143,
    175,
    94,
    97,
    243,
    242,
    100,
    251,
    92,
    89,
    239,
    246,
    134,
    125,
    90,
    247,
    226,
    118,
    86,
    94,
    96,
    105,
    214,
    76,
    78,
    61,
    119,
    62,
    121,
    61,
    121,
    61,
    116,
    120,
    71,
    59,
    230,
    118,
    123,
    62,
    74,
    235,
    118,
    197,
    113,
    113,
    51,
    115,
    52,
    112,
    106,
    64,
    123,
    124,
    88,
    74,
    204,
    226,
    71,
    118,
    224,
    130,
    173,
    173,
    102,
    90,
    112,
    250,
    102,
    101,
    129,
    129,
    254,
    246,
    214,
    129,
    219,
    125,
    129,
    54,
    182,
    200,
    50,
    102,
    210,
    101,
    46,
    55,
    103,
    107,
    74,
    158,
    212,
    58,
    42,
    106,
    213,
    84,
    98,
    237,
    256,
    107,
    134,
    257,
    58,
    217,
    113,
    63,
    216,
    184,
    108,
    90,
    262,
    168,
    134,
    99,
    107,
    255,
    143,
    250,
    141,
    141,
    0,
    59,
    70,
    118,
    195,
    233,
    74,
    63,
    121,
    228,
    118,
    94,
    129,
    129,
    140,
    165,
    203,
    184,
    177,
    184,
    130,
    86,
    78,
    98,
    125,
    248,
    134,
    139,
    250,
    242,
    136,
    141,
    134,
    120,
    86,
    35,
    95,
    89,
    181,
    212,
    39,
    93,
    79,
    119,
    119,
    62,
    189,
    219,
    63,
    111,
    216,
    80,
    129,
    132,
    128,
    75,
    91,
    129,
    222,
    245,
    93,
    81,
    127,
    246,
    139,
    87,
    149,
    146,
    96,
    262,
    135,
    62,
    77,
    123,
    206,
    241,
    84,
    72,
    125,
    236,
    126,
    146,
    186,
    186,
    140,
    157,
    183,
    181,
    112,
    102,
    102,
    253,
    115,
    84,
    203,
    103,
    105,
    100,
    38,
    91,
    88,
    39,
    96,
    84,
    41,
    104,
    216,
    43,
    104,
    90,
    121,
    121,
    107,
    110,
    130,
    175,
    152,
    170,
    186,
    135,
    135,
    88,
    55,
    115,
    57,
    121,
    98,
    101,
    244,
    244,
    100,
    252,
    94,
    82,
    90,
    101,
    211,
    105,
    107,
    81,
    69,
    238,
    126,
    125,
    66,
    81,
    241,
    125,
    207,
    129,
    130,
    126,
    263,
    266,
    150,
    148,
    117,
    262,
    256,
    50,
    112,
    114,
    58,
    119,
    62,
    121
  ],
  "pressure_evaluations": [
    0,
    0,
    0,
    0,
    0,
    0,
    0,
    0,
    0,
    0,
    0,
    0,
    0,
    0,
    0,
    0,
    0,
    0,
    0,
    0,
    0,
    0,
    0,
    0,
    0,
    0,
    0,
    0,
    0,
    3,
    0,
    0,
    0,
    0,
    0,
    0,
    0,
    0,
    0,
    0,
    0,
    0,
    0,
    0,
    0,
    0,
    0,
    0,
    0,
    0,
    0,
    0,
    0,
    0,
    0,
    0,
    0,
    0,
    0,
    0,
    0,
    0,
    0,
    0,
    0,
    0,
    0,
    0,
    0,
    0,
    0,
    0,
    0,
    0,
    0,
    0,
    0,
    0,
    0,
    0,
    0,
    0,
    0,
    0,
    0,
    0,
    0,
    0,
    0,
    0,
    0,
    0,
    0,
    0,
    0,
    0,
    0,
    0,
    0,
    0,
    0,
    0,
    0,
    0,
    0,
    0,
    0,
    0,
    0,
    0,
    0,
    1,
    1,
    0,
    0,
    0,
    0,
    0,
    0,
    0,
    0,
    0,
    0,
    0,
    0,
    0,
    0,
    0,
    0,
    0,
    0,
    0,
    0,
    0,
    0,
    0,
    0,
    0,
    0,
    0,
    0,
    0,
    0,
    0,
    0,
    0,
    0,
    0,
    0,
    0,
    0,
    0,
    0,
    0,
    0,
    0,
    0,
    0,
    0,
    0,
    0,
    0,
    0,
    0,
    0,
    0,
    0,
    0,
    0,
    0,
    0,
    0,
    0,
    0,
    0,
    0,
    0,
    0,
    0,
    0,
    0,
    0,
    0,
    0,
    0,
    0,
    0,
    0,
    0,
    0,
    0,
    0,
    0,
    0,
    0,
    0,
    0,
    0,
    0,
    0,
    0,
    0,
    0,
    0,
    0,
    0,
    0,
    0,
    0,
    0,
    0,
    0,
    0,
    0,
    0,
    0,
    0,
    0,
    0,
    0,
    0,
    0,
    0,
    0,
    0,
    0,
    0,
    0,
    0,
    0,
    0,
    0,
    0,
    0,
    0,
    0,
    0,
    0,
    0,
    0,
    0,
    0,
    0,
    0,
    0,
    0,
    0,
    0,
    0,
    0,
    0,
    0,
    0,
    0,
    0,
    0,
    0,
    0,
    0,
    0,
    0,
    0,
    0,
    0,
    0,
    0,
    0,
    0,
    0,
    0,
    0,
    0,
    0,
    0,
    0,
    0,
    0,
    0,
    0,
    0,
    0,
    0,
    0,
    0,
    0,
    0,
    0,
    0,
    0,
    0,
    0,
    0,
    0,
    0,
    0,
    0,
    0,
    0,
    0,
    0,
    0,
    0,
    0,
    0,
    0,
    0,
    0,
    0,
    0,
    0,
    0,
    0,
    0,
    0,
    0,
    0,
    0,
    0,
    0,
    0,
    0,
    0,
    0,
    0,
    1,
    0,
    0,
    0,
    0,
    0,
    0,
    0,
    0,
    0,
    0,
    0,
    0,
    0,
    0,
    0,
    0,
    0,
    0,
    0,
    0,
    0,
    0,
    0,
    0,
    0,
    0,
    0,
    0,
    0,
    0,
    0,
    0,
    0,
    0,
    0,
    0,
    0,
    0,
    0,
    0,
    0,
    0,
    0,
    0,
    0,
    0,
    0,
    0,
    0,
    0,
    0,
    0,
    0,
    0,
    0,
    0,
    0,
    0,
    0,
    0,
    0,
    0,
    0,
    0,
    0,
    0,
    0,
    0,
    0,
    0,
    0,
    0,
    0,
    0,
    0,
    0,
    0,
    0,
    0,
    0,
    0,
    0,
    0,
    0,
    0,
    0,
    1,
    1,
    0,
    0,
    0,
    0,
    0,
    0,
    0,
    0,
    1,
    0,
    0,
    0,
    0,
    0,
    0,
    0,
    0,
    0,
    0,
    0,
    0,
    0,
    0,
    0,
    0,
    0,
    0,
    0,
    0,
    0,
    0,
    0,
    0,
    0,
    0,
    0,
    0,
    0,
    0,
    0,
    0,
    0,
    0,
    0,
    0,
    0,
    0,
    0,
    0,
    0,
    0,
    0,
    0,
    0,
    0,
    0,
    0,
    0,
    0,
    0,
    0,
    0,
    0,
    0,
    0,
    0,
    0,
    0,
    0,
    0,
    0,
    0,
    0,
    0,
    0,
    0,
    0,
    0,
    0,
    0,
    0,
    0,
    0,
    0,
    0,
    0,
    0,
    0,
    0,
    0,
    0,
    0,
    0,
    0,
    0,
    0,
    0,
    0,
    0,
    0,
    0,
    0,
    0,
    0,
    0,
    0,
    0,
    0,
    2,
    0,
    0,
    0,
    0,
    0,
    0,
    0,
    0,
    0,
    0,
    0,
    0,
    0,
    0,
    0,
    0,
    0,
    0,
    0,
    0,
    0,
    0,
    0,
    0,
    0,
    0,
    0,
    0,
    0,
    0,
    0,
    0,
    0,
    0,
    0,
    0,
    0,
    0,
    0,
    0,
    0,
    0,
    0,
    0,
    0,
    0,
    0,
    0,
    0,
    0,
    0,
    0,
    0,
    0,
    0,
    0,
    0,
    0,
    0,
    0,
    0,
    0,
    0,
    0,
    0,
    0,
    0,
    0,
    0,
    0,
    0,
    0,
    0,
    0,
    0,
    0,
    0,
    0,
    0,
    0,
    0,
    0,
    0,
    0,
    0,
    0,
    0,
    0,
    0,
    0,
    0,
    0,
    0,
    0,
    0,
    0,
    0,
    0,
    0,
    0,
    0,
    0,
    0,
    0,
    0,
    0,
    0,
    0,
    0,
    0,
    0,
    0,
    0,
    0,
    0,
    0,
    0,
    0,
    0,
    0,
    0,
    0,
    0,
    0,
    0,
    0,
    0,
    0,
    0,
    0,
    0,
    0,
    0,
    0,
    0,
    0,
    0,
    0,
    0,
    0,
    0,
    0,
    0,
    0,
    0,
    0,
    0,
    0,
    0,
    0,
    0,
    0,
    0,
    0,
    0,
    0,
    0,
    0,
    0,
    0,
    0,
    0,
    0,
    0,
    0,
    0,
    0,
    0,
    0,
    0,
    0,
    0,
    0,
    0,
    0,
    0,
    0,
    0,
    0,
    0,
    0,
    0,
    0,
    0,
    0,
    0,
    0,
    1,
    0,
    0,
    0,
    0,
    0,
    0,
    0,
    0,
    0,
    0,
    0,
    0,
    0,
    0,
    0,
    0,
    0,
    0,
    0,
    0,
    0,
    0,
    0,
    0,
    0,
    0,
    0,
    0,
    0,
    0,
    0,
    0,
    0,
    0,
    0,
    0,
    0,
    0,
    0,
    0,
    0,
    0,
    0,
    0,
    0,
    0,
    0,
    0,
    0,
    0,
    0,
    0,
    0,
    0,
    0,
    0,
    0,
    0,
    0,
    0,
    0,
    0,
    0,
    0,
    0,
    0,
    0,
    0,
    0,
    0,
    0,
    0,
    0,
    0,
    0,
    0,
    0,
    0,
    0,
    0,
    0,
    0,
    0,
    0,
    0,
    0,
    0,
    0,
    0,
    0,
    0,
    0,
    0,
    0,
    0,
    0,
    0,
    0,
    0,
    0,
    0,
    0,
    0,
    0,
    0,
    0,
    0,
    0,
    0,
    0,
    0,
    0,
    0,
    0,
    0,
    0,
    0,
    2,
    0,
    0,
    0,
    0,
    0,
    0,
    0,
    0,
    0,
    0,
    0,
    0,
    0,
    0,
    0,
    0,
    0,
    0,
    0,
    0,
    0,
    0,
    0,
    0,
    0,
    0,
    0,
    0,
    0,
    0,
    0,
    0,
    0,
    0,
    0,
    0,
    0,
    0,
    0,
    0,
    0,
    0,
    1,
    0,
    0,
    0,
    0,
    0,
    0,
    0,
    0,
    0,
    0,
    0,
    0,
    0,
    0,
    0,
    0,
    0,
    0,
    0,
    0,
    0,
    0,
    0,
    0,
    0,
    0,
    0,
    0,
    0,
    0,
    0,
    0,
    0,
    0,
    0,
    0,
    0,
    0,
    0,
    0,
    0,
    0,
    0,
    0,
    0,
    0,
    0,
    0,
    0,
    0,
    0,
    0,
    0,
    0,
    0,
    0,
    0,
    0,
    0,
    0,
    0,
    0,
    0,
    0,
    0,
    0,
    0,
    0,
    0,
    0,
    0,
    0,
    0,
    0,
    0,
    0,
    0,
    0,
    0,
    0,
    0,
    0,
    0,
    0,
    0,
    0,
    0,
    0,
    0,
    0,
    0,
    0,
    0,
    0,
    0,
    0,
    0,
    0,
    0,
    0,
    0,
    0,
    0,
    0,
    0,
    0,
    0,
    0,
    0,
    0,
    0,
    0,
    0,
    0,
    0,
    0,
    0,
    0,
    0,
    0,
    0,
    0,
    0,
    0,
    0,
    0,
    0,
    0,
    0,
    0,
    0,
    0,
    0,
    0,
    0,
    0,
    0,
    0,
    0,
    0,
    0,
    0,
    0,
    0,
    0,
    0,
    0,
    0,
    0,
    0,
    0,
    0,
    0,
    0,
    0,
    0,
    0,
    0,
    0,
    0,
    0,
    0,
    0,
    0,
    0,
    0,
    0,
    0,
    0,
    0,
    0,
    0,
    0,
    0,
    0,
    0,
    0,
    0,
    0,
    0,
    0,
    0,
    0,
    0,
    0,
    0,
    0,
    0,
    0,
    0,
    0,
    0,
    0,
    0,
    0,
    0,
    0,
    0,
    0,
    0,
    0,
    0,
    0,
    0,
    0,
    0,
    0,
    0,
    0,
    0,
    0,
    0,
    0,
    0,
    2,
    0,
    0,
    0,
    0,
    0,
    0,
    0,
    0,
    0,
    0,
    0,
    0,
    0,
    0,
    0,
    0,
    0,
    0,
    0,
    0,
    0,
    1,
    0,
    0,
    0,
    0,
    0,
    0,
    0,
    0,
    0,
    0,
    0,
    0,
    0,
    0,
    0,
    0,
    0,
    0,
    0,
    0,
    0,
    0,
    0,
    0,
    0,
    0,
    0,
    0,
    0,
    0,
    0,
    0,
    0,
    0,
    0,
    0,
    0,
    0,
    0,
    0,
    0,
    0,
    0,
    0,
    0,
    0,
    0,
    1,
    0,
    0,
    0,
    0,
    0,
    0,
    0,
    0,
    0,
    0,
    0,
    0,
    0,
    0,
    0,
    0,
    0,
    0,
    0,
    0,
    0,
    0,
    0,
    0,
    0,
    0,
    0,
    0,
    0,
    0,
    0,
    0,
    0,
    0,
    0,
    0,
    0,
    0,
    0,
    0,
    0,
    0,
    0,
    0,
    0,
    0,
    0,
    0,
    0,
    0,
    0,
    0,
    0,
    0,
    0,
    0,
    0,
    0,
    0,
    0,
    0,
    0,
    0,
    0,
    0,
    0,
    0,
    0,
    0,
    0,
    0,
    0,
    0,
    0,
    0,
    0,
    0,
    0,
    0,
    0,
    0,
    0,
    0,
    0,
    0,
    0,
    0,
    0,
    0,
    0,
    0,
    0,
    0,
    0,
    0,
    0,
    0,
    0,
    0,
    0,
    0,
    0,
    0,
    0,
    0,
    0,
    0,
    0,
    0,
    0,
    0,
    0,
    0,
    0,
    0,
    0,
    0,
    0,
    0,
    0,
    0,
    0,
    0,
    0,
    0,
    1,
    0,
    0,
    0,
    0,
    0,
    0,
    0,
    0,
    0,
    0,
    0,
    0,
    0,
    0,
    0,
    0,
    0,
    0,
    0,
    0,
    0,
    0,
    0,
    0,
    0,
    0,
    0,
    0,
    0,
    0,
    0,
    0,
    0,
    0,
    0,
    0,
    0,
    0,
    0,
    0,
    0,
    0,
    0,
    0,
    0,
    1,
    0,
    0,
    0,
    0,
    0,
    0,
    0,
    0,
    0,
    0,
    0,
    0,
    0,
    0,
    0,
    0,
    0,
    0,
    0,
    0,
    0,
    1,
    0,
    0,
    0,
    0,
    0,
    0,
    0,
    0,
    0,
    0,
    0,
    0,
    0,
    0,
    0,
    0,
    0,
    0,
    0,
    0,
    0,
    0,
    0,
    0,
    0,
    0,
    0,
    0,
    0,
    0,
    0,
    0,
    0,
    0,
    0,
    0,
    0,
    0,
    0,
    0,
    0,
    0,
    0,
    0,
    0,
    0,
    0,
    0,
    0,
    0,
    0,
    0,
    0,
    0,
    0,
    0,
    0,
    0,
    0,
    0,
    0,
    0,
    0,
    0,
    0,
    0,
    2,
    0,
    0,
    0,
    0,
    0,
    0,
    0,
    0,
    0,
    0,
    0,
    0,
    0,
    0,
    0,
    0,
    0,
    0,
    0,
    0,
    0,
    0,
    0,
    0,
    0,
    0,
    0,
    0,
    0,
    0,
    0,
    1,
    0,
    0,
    1,
    2,
    2,
    2,
    0,
    0,
    0,
    0,
    0,
    0,
    0,
    0,
    0,
    0,
    0,
    0,
    0,
    0,
    0,
    0,
    0,
    0,
    0,
    0,
    0,
    0,
    0,
    0,
    0,
    0,
    0,
    0,
    1,
    0,
    0,
    0,
    0,
    0,
    0,
    0,
    0,
    0,
    0,
    0,
    0,
    0,
    0,
    0,
    0,
    0,
    0,
    0,
    0,
    0,
    0,
    0,
    0,
    0,
    0,
    0,
    0,
    0,
    0,
    0,
    0,
    0,
    0,
    0,
    0,
    0,
    0,
    0,
    0,
    0,
    0,
    0,
    0,
    0,
    0,
    0,
    0,
    0,
    0,
    0,
    0,
    0,
    0,
    0,
    0,
    0,
    0,
    0,
    0,
    0,
    0,
    0,
    0,
    0,
    0,
    0,
    0,
    0,
    0,
    0,
    0,
    0,
    0,
    0,
    0,
    0,
    0,
    0,
    0,
    0,
    0,
    0,
    0,
    0,
    1,
    0,
    0,
    0,
    0,
    0,
    0,
    0,
    0,
    0,
    0,
    0,
    0,
    0,
    0,
    0,
    0,
    0,
    0,
    0,
    0,
    0,
    0,
    0,
    0,
    0,
    0,
    0,
    0,
    0,
    0,
    0,
    0,
    0,
    0,
    0,
    0,
    0,
    0,
    0,
    0,
    0,
    0,
    0,
    0,
    0,
    0,
    0,
    0,
    0,
    0,
    0,
    0,
    0,
    0,
    0,
    0,
    0,
    0,
    0,
    0,
    0,
    0,
    0,
    0,
    0,
    0,
    0,
    0,
    0,
    0,
    0,
    1,
    0,
    0,
    0,
    0,
    0,
    0,
    0,
    0,
    0,
    0,
    0,
    0,
    0,
    0,
    0,
    0,
    0,
    0,
    0,
    0,
    0,
    0,
    0,
    0,
    0,
    0,
    0,
    0,
    0,
    0,
    0,
    0,
    0,
    0,
    0,
    0,
    0,
    0,
    0,
    0,
    0,
    0,
    0,
    0,
    0,
    0,
    0,
    0,
    0,
    0,
    0,
    0,
    0,
    0,
    0,
    0,
    0,
    0,
    0,
    0,
    0,
    1,
    1,
    0,
    0,
    0,
    0,
    0,
    0,
    0,
    0,
    0,
    0,
    0,
    0,
    0,
    0,
    0,
    0,
    0,
    0,
    0,
    0,
    0,
    0,
    0,
    0,
    0,
    0,
    0,
    0,
    0,
    0,
    0,
    0,
    0,
    0,
    0,
    0,
    0,
    0,
    0,
    0,
    0,
    0,
    0,
    0,
    0,
    0,
    0,
    0,
    0,
    0,
    0,
    0,
    0,
    0,
    0,
    1,
    0,
    0,
    0,
    0,
    0,
    0,
    0,
    0,
    0,
    0,
    0,
    0,
    0,
    0,
    0,
    0,
    0,
    0,
    0,
    0,
    0,
    0,
    0,
    0,
    0,
    0,
    0,
    0,
    0,
    0,
    0,
    0,
    0,
    0,
    0,
    0,
    0,
    0,
    0,
    0,
    0,
    0,
    0,
    0,
    0,
    2,
    0,
    0,
    0,
    0,
    0,
    0,
    0,
    0,
    0,
    0,
    0,
    0,
    0,
    0,
    0,
    0,
    0,
    0,
    0,
    0,
    0,
    0,
    0,
    0,
    0,
    0,
    0,
    0,
    0,
    0,
    0,
    0,
    0,
    0,
    1,
    0,
    0,
    0,
    0,
    0,
    0,
    0,
    0,
    0,
    0,
    0,
    0,
    0,
    0,
    0,
    0,
    0,
    0,
    0,
    0,
    1,
    0,
    0,
    0,
    0,
    0,
    0,
    0,
    0,
    0,
    0,
    0,
    0,
    0,
    0,
    0,
    0,
    0,
    0,
    0,
    0,
    0,
    0,
    0,
    0,
    0,
    0,
    0,
    0,
    0,
    0,
    0,
    0,
    0,
    0,
    0,
    0,
    0,
    0,
    0,
    0,
    0,
    0,
    0,
    0,
    0,
    0,
    0,
    0,
    0,
    0,
    0,
    0,
    0,
    0,
    0,
    0,
    0,
    0,
    0,
    0,
    0,
    0,
    0,
    0,
    0,
    0,
    0,
    0,
    0,
    0,
    0,
    0,
    0,
    0,
    0,
    0,
    0,
    0,
    0,
    0,
    0,
    0,
    0,
    0,
    0,
    0,
    0,
    0,
    0,
    0,
    0,
    0,
    0,
    0,
    0,
    0,
    0,
    0,
    0,
    0,
    0,
    0,
    0,
    0,
    0,
    0,
    0,
    0,
    0,
    0,
    0,
    0,
    0,
    0,
    0,
    0,
    0,
    0,
    0,
    0,
    0,
    0,
    0,
    0,
    0,
    0,
    0,
    0,
    0,
    0,
    0,
    0,
    0,
    0,
    0,
    0,
    0,
    0,
    0,
    0,
    0,
    0,
    0,
    0,
    0,
    0,
    0,
    0,
    0,
    0,
    0,
    0,
    0,
    0,
    0,
    0,
    0,
    0,
    0,
    0,
    0,
    0,
    0,
    0,
    0,
    0,
    0,
    0,
    0,
    0,
    0,
    0,
    0,
    0,
    0,
    0,
    0,
    0,
    0,
    0,
    0,
    0,
    0,
    0,
    0,
    0,
    0,
    0,
    0,
    0,
    0,
    0,
    0,
    0,
    0,
    0,
    0,
    0,
    0,
    0,
    0,
    0,
    0,
    0,
    0,
    0,
    0,
    0,
    0,
    0,
    0,
    0,
    0,
    0,
    0,
    0,
    0,
    0,
    0,
    0,
    0,
    0,
    0,
    0,
    0,
    0,
    0,
    0,
    0,
    0,
    0,
    0,
    0,
    0,
    1,
    1,
    0,
    0,
    0,
    0,
    0,
    0,
    0,
    0,
    0,
    0,
    0,
    0,
    0,
    0,
    0,
    0,
    1,
    0,
    2,
    0,
    0,
    0,
    0,
    0,
    0,
    0,
    0,
    0,
    0,
    0,
    0,
    0,
    0,
    0,
    0,
    0,
    0,
    0,
    0,
    0,
    0,
    1,
    0,
    0,
    0,
    0,
    0,
    0,
    0,
    0,
    0,
    0,
    2,
    0,
    0,
    0,
    0,
    0,
    0,
    0,
    0,
    0,
    0,
    0,
    0,
    0,
    0,
    0,
    0,
    0,
    0,
    0,
    0,
    0,
    0,
    0,
    0,
    0,
    0,
    0,
    0,
    0,
    0,
    0,
    1,
    0,
    0,
    0,
    0,
    0,
    0,
    0,
    1,
    0,
    0,
    0,
    0,
    0,
    0,
    0,
    0,
    0,
    0,
    0,
    0,
    0,
    1,
    0,
    0,
    0,
    0,
    0,
    0,
    0,
    0,
    0,
    0,
    0,
    0,
    0,
    0,
    0,
    0,
    0,
    0,
    0,
    0,
    0,
    1,
    0,
    0,
    0,
    0,
    0,
    0,
    0,
    0,
    0,
    0,
    0,
    0,
    0,
    0,
    0,
    0,
    0,
    0,
    0,
    0,
    0,
    0,
    0,
    0,
    0,
    0,
    0,
    0,
    0,
    0,
    0,
    0,
    0,
    0,
    0,
    0,
    0,
    0,
    0,
    0,
    0,
    0,
    0,
    0,
    0,
    0,
    0,
    0,
    0,
    0,
    0,
    0,
    0,
    0,
    0,
    0,
    0,
    0,
    0,
    0,
    0,
    0,
    0,
    0,
    0,
    0,
    0,
    0,
    0,
    0,
    0,
    0,
    0,
    0,
    0,
    0,
    0,
    0,
    0,
    0,
    0,
    0,
    0,
    0,
    0,
    0,
    0,
    0,
    0,
    0,
    0,
    0,
    0,
    0,
    0,
    0,
    0,
    0,
    0,
    0,
    0,
    0,
    0,
    0,
    0,
    0,
    0,
    0,
    0,
    0,
    0,
    0,
    0,
    0,
    0,
    0,
    0,
    0,
    0,
    0,
    0,
    0,
    0,
    0,
    0,
    0,
    0,
    0,
    0,
    0,
    0,
    0,
    0,
    0,
    0,
    0,
    0,
    0,
    0,
    0,
    0,
    0,
    0,
    0,
    0,
    0,
    0,
    0,
    0,
    0,
    0,
    0,
    0,
    0,
    0,
    0,
    0,
    0,
    0,
    0,
    0,
    0,
    0,
    0,
    0,
    0,
    0,
    0,
    0,
    0,
    0,
    0,
    0,
    0,
    0,
    0,
    0,
    0,
    0,
    0,
    0,
    0,
    0,
    0,
    0,
    0,
    0,
    0,
    0,
    0,
    0,
    0,
    0,
    0,
    0,
    0,
    0,
    0,
    1,
    0,
    0,
    0,
    0,
    0,
    0,
    0,
    0,
    0,
    0,
    0,
    0,
    0,
    0,
    0,
    0,
    0,
    0,
    0,
    0,
    0,
    0,
    0,
    0,
    0,
    0,
    0,
    0,
    0,
    0,
    0,
    0,
    0,
    0,
    0,
    0,
    0,
    0,
    0,
    0,
    0,
    0,
    0,
    0,
    0,
    0,
    0,
    0,
    0,
    0,
    0,
    0,
    0,
    0,
    0,
    0,
    0,
    0,
    0,
    0,
    0,
    0,
    0,
    0,
    0,
    0,
    0,
    0,
    0,
    0,
    0,
    0,
    0,
    0,
    0,
    0,
    0,
    0,
    0,
    0,
    0,
    0,
    0,
    0,
    0,
    0,
    0,
    0,
    0,
    0,
    0,
    0,
    0,
    0,
    0,
    0,
    0,
    0,
    0,
    0,
    0,
    0,
    0,
    0,
    0,
    0,
    0,
    0,
    0,
    0,
    0,
    0,
    0,
    0,
    0,
    0,
    0,
    0,
    0,
    0,
    0,
    0,
    0,
    0,
    0,
    0,
    0,
    0,
    0,
    0,
    0,
    0,
    0,
    0,
    0,
    0,
    0,
    0,
    0,
    0,
    0,
    0,
    0,
    0,
    0,
    0,
    0,
    0,
    0,
    0,
    0,
    2,
    0,
    0,
    0,
    0,
    0,
    2,
    0,
    0,
    0,
    0,
    0,
    0,
    0,
    0,
    0,
    0,
    0,
    0,
    0,
    0,
    0,
    0,
    0,
    0,
    0,
    0,
    0,
    0,
    0,
    0,
    0,
    0,
    0,
    0,
    0,
    0,
    0,
    0,
    0,
    0,
    0,
    0,
    0,
    0,
    0,
    0,
    0,
    0,
    0,
    0,
    0,
    0,
    0,
    0,
    0,
    0,
    0,
    0,
    0,
    0,
    0,
    0,
    0,
    0,
    0,
    0,
    0,
    0,
    0,
    0,
    0,
    0,
    0,
    0,
    0,
    0,
    0,
    0,
    0,
    0,
    0,
    0,
    0,
    0,
    0,
    0,
    0,
    0,
    0,
    0,
    0,
    0,
    0,
    0,
    0,
    0,
    0,
    0,
    0,
    0,
    0,
    0,
    0,
    0,
    0,
    0,
    0,
    0,
    0,
    0,
    0,
    0,
    0,
    0,
    0,
    0,
    0,
    0,
    0,
    0,
    0,
    0,
    0,
    0,
    0,
    0,
    0,
    0,
    0,
    0,
    0,
    0,
    0,
    0,
    0,
    0,
    0,
    0,
    0,
    0,
    0,
    0,
    0,
    0,
    0,
    0,
    0,
    0,
    0,
    0,
    0,
    0,
    0,
    0,
    0,
    1,
    0,
    0,
    0,
    0,
    0,
    0,
    0,
    0,
    0,
    0,
    0,
    0,
    0,
    0,
    0,
    0,
    0,
    0,
    0,
    0,
    0,
    0,
    0,
    0,
    0,
    0,
    0,
    0,
    0,
    0,
    0,
    0,
    0,
    0,
    0,
    0,
    0,
    0,
    0,
    0,
    0,
    0,
    0,
    0,
    0,
    0,
    0,
    0,
    0,
    0,
    0,
    0,
    0,
    0,
    0,
    0,
    0,
    0,
    0,
    0,
    0,
    0,
    0,
    0,
    0,
    0,
    0,
    0,
    0,
    0,
    0,
    0,
    0,
    0,
    0,
    0,
    0,
    0,
    0,
    0,
    2,
    0,
    0,
    0,
    0,
    0,
    0,
    0,
    0,
    0,
    0,
    0,
    0,
    0,
    0,
    0,
    0,
    0,
    0,
    0,
    0,
    0,
    0,
    0,
    0,
    0,
    0,
    0,
    0,
    0,
    0,
    0,
    0,
    0,
    0,
    0,
    0,
    0,
    0,
    0,
    0,
    0,
    0,
    0,
    0,
    0,
    0,
    0,
    0,
    0,
    0,
    0,
    0,
    0,
    1,
    0,
    0,
    0,
    0,
    0,
    0,
    0,
    0,
    0,
    0,
    0,
    0,
    0,
    0,
    0,
    0,
    0,
    0,
    0,
    0,
    0,
    0,
    0,
    0,
    0,
    0,
    0,
    0,
    0,
    0,
    0,
    0,
    0,
    0,
    0,
    0,
    0,
    0,
    0,
    0,
    0,
    0,
    0,
    0,
    0,
    0,
    0,
    0,
    0,
    0,
    0,
    0,
    0,
    0,
    0,
    0,
    0,
    0,
    0,
    0,
    0,
    0,
    0,
    0,
    0,
    0,
    0,
    0,
    0,
    0,
    0,
    0,
    0,
    0,
    0,
    0,
    0,
    0,
    0,
    0,
    0,
    0,
    0,
    0,
    0,
    0,
    0,
    0,
    0,
    0,
    0,
    0,
    0,
    0,
    0,
    0,
    0,
    0,
    0,
    0,
    0,
    0,
    0,
    0,
    0,
    0,
    0,
    0,
    0,
    0,
    0,
    0,
    0,
    0,
    0,
    0,
    0,
    0,
    0,
    0,
    0,
    0,
    0,
    0,
    0,
    0,
    0,
    0,
    0,
    0,
    0,
    0,
    0,
    0,
    0,
    0,
    0,
    0,
    0,
    0,
    0,
    0,
    0,
    0,
    0,
    0,
    0,
    0,
    0,
    0,
    0,
    0,
    0,
    0,
    0,
    0,
    0,
    0,
    0,
    0,
    0,
    0,
    0,
    0,
    0,
    0,
    0,
    0,
    0,
    0,
    0,
    0,
    0,
    0,
    0,
    0,
    0,
    0,
    0,
    1,
    0,
    0,
    0,
    0,
    0,
    0,
    0,
    0,
    0,
    0,
    0,
    0,
    0,
    0,
    0,
    0,
    0,
    0,
    0,
    0,
    0,
    0,
    0,
    0,
    0,
    0,
    0,
    0,
    0,
    0,
    0,
    0,
    0,
    0,
    0,
    0,
    0,
    0,
    0,
    0,
    0,
    0,
    0,
    0,
    0,
    0,
    3,
    0,
    0,
    0,
    0,
    0,
    0,
    0,
    0,
    0,
    0,
    0,
    0,
    0,
    0,
    0,
    0,
    0,
    0,
    0,
    0,
    0,
    0,
    0,
    0,
    0,
    0,
    2,
    0,
    0,
    0,
    0,
    0,
    1,
    0,
    0,
    0,
    0,
    0,
    0,
    0,
    0,
    0,
    0,
    0,
    0,
    0,
    0,
    0,
    0,
    0,
    0,
    0,
    0,
    1,
    0,
    0,
    0,
    0,
    0,
    0,
    0,
    0,
    0,
    0,
    0,
    0,
    0,
    0,
    0,
    0,
    0,
    0,
    0,
    0,
    0,
    0,
    0,
    0,
    0,
    0,
    0,
    0,
    0,
    0,
    0,
    1,
    0,
    0,
    0,
    0,
    0,
    0,
    0,
    0,
    0,
    0,
    0,
    0,
    0,
    0,
    0,
    0,
    0,
    0,
    0,
    0,
    0,
    0,
    0,
    0,
    0,
    0,
    0,
    0,
    0,
    0,
    0,
    0,
    0,
    0,
    0,
    0,
    0,
    0,
    0,
    0,
    0,
    0,
    0,
    0,
    0,
    0,
    0,
    0,
    0,
    0,
    0,
    0,
    0,
    0,
    0,
    0,
    0,
    2,
    0,
    2,
    0,
    0,
    0,
    0,
    0,
    0,
    0,
    0,
    0,
    0,
    0,
    0,
    0,
    0,
    0,
    0,
    0,
    0,
    0,
    0,
    0,
    0,
    0,
    0,
    0,
    0,
    0,
    0,
    0,
    0,
    0,
    0,
    0,
    0,
    0,
    0,
    0,
    0,
    0,
    0,
    0,
    0,
    0,
    0,
    0,
    0,
    0,
    0,
    0,
    0,
    0,
    0,
    0,
    0,
    0,
    0,
    0,
    0,
    0,
    0,
    0,
    0,
    0,
    0,
    0,
    0,
    0,
    0,
    0,
    0,
    0,
    0,
    0,
    0,
    0,
    0,
    0,
    0,
    0,
    0,
    0,
    0,
    0,
    0,
    0,
    0,
    0,
    0,
    0,
    0,
    0,
    0,
    0,
    0,
    1,
    0,
    0,
    0,
    0,
    0,
    0,
    0,
    0,
    0,
    0,
    0,
    0,
    0,
    0,
    0,
    0,
    0,
    0,
    0,
    0,
    0,
    0,
    0,
    0,
    0,
    0,
    0,
    0,
    0,
    0,
    0,
    0,
    0,
    0,
    0,
    0,
    0,
    0,
    0,
    0,
    0,
    0,
    0,
    0,
    0,
    0,
    0,
    0,
    0,
    0,
    0,
    0,
    0,
    0,
    0,
    0,
    0,
    0,
    0,
    0,
    0,
    0,
    0,
    0,
    0,
    0,
    0,
    0,
    0,
    0,
    0,
    0,
    0,
    0,
    0,
    0,
    0,
    0,
    0,
    0,
    0,
    0,
    0,
    0,
    0,
    0,
    0,
    0,
    0,
    0,
    0,
    0,
    0,
    0,
    0,
    0,
    0,
    0,
    0,
    0,
    0,
    0,
    0,
    0,
    0,
    0,
    0,
    0,
    0,
    0,
    0,
    0,
    0,
    0,
    0,
    0,
    0,
    0,
    0,
    0,
    0,
    0,
    0,
    0,
    0,
    0,
    0,
    0,
    0,
    0,
    0,
    0,
    0,
    0,
    0,
    0,
    0,
    0,
    0,
    0,
    1,
    0,
    0,
    0,
    0,
    0,
    0,
    0,
    0,
    0,
    0,
    0,
    0,
    0,
    0,
    0,
    0,
    0,
    0,
    0,
    0,
    0,
    0,
    0,
    0,
    0,
    0,
    0,
    0,
    0,
    0,
    0,
    0,
    0,
    0,
    0,
    0,
    0,
    0,
    0,
    0,
    0,
    0,
    0,
    0,
    0,
    0,
    0,
    0,
    0,
    0,
    0,
    0,
    0,
    0,
    0,
    0,
    0,
    1,
    0,
    0,
    0,
    0,
    0,
    0,
    0,
    0,
    0,
    0,
    0,
    0,
    0,
    0,
    0,
    0,
    0,
    0,
    0,
    0,
    0,
    0,
    0,
    0,
    0,
    0,
    0,
    0,
    0,
    0,
    0,
    0,
    0,
    0,
    0,
    0,
    0,
    0,
    0,
    0,
    0,
    0,
    0,
    0,
    0,
    0,
    0,
    0,
    0,
    0,
    0,
    0,
    0,
    0,
    0,
    0,
    0,
    0,
    0,
    0,
    0,
    0,
    0,
    0,
    0,
    0,
    0,
    0
  ],
  "pressure_subdivision_wall_ms": {
    "grid_query_distance": 1.1899034399539232,
    "query_weights_gram": 4.79602905921638,
    "small_closed_form_solve": 0.05160312168300152
  },
  "grid_samples_visited": [
    287,
    365,
    343,
    274,
    196,
    323,
    358,
    257,
    342,
    316,
    196,
    219,
    287,
    333,
    268,
    366,
    219,
    268,
    196,
    0,
    565,
    537,
    539,
    530,
    477,
    579,
    170,
    196,
    196,
    270,
    431,
    481,
    397,
    229,
    196,
    472,
    477,
    409,
    170,
    170,
    170,
    342,
    358,
    205,
    181,
    224,
    257,
    283,
    241,
    164,
    166,
    225,
    299,
    164,
    355,
    274,
    342,
    287,
    383,
    366,
    219,
    268,
    343,
    257,
    268,
    316,
    343,
    418,
    315,
    323,
    287,
    365,
    408,
    315,
    196,
    323,
    386,
    442,
    362,
    475,
    657,
    362,
    412,
    362,
    362,
    488,
    539,
    413,
    362,
    442,
    170,
    219,
    196,
    257,
    350,
    270,
    416,
    418,
    453,
    446,
    350,
    407,
    270,
    170,
    170,
    178,
    165,
    342,
    333,
    234,
    213,
    196,
    196,
    257,
    316,
    236,
    219,
    333,
    196,
    230,
    342,
    227,
    260,
    366,
    219,
    196,
    257,
    350,
    274,
    342,
    196,
    287,
    333,
    366,
    412,
    412,
    268,
    420,
    408,
    446,
    477,
    268,
    377,
    426,
    412,
    314,
    268,
    408,
    346,
    363,
    268,
    316,
    424,
    645,
    539,
    504,
    362,
    442,
    170,
    196,
    196,
    170,
    170,
    170,
    180,
    333,
    162,
    198,
    155,
    365,
    268,
    196,
    316,
    323,
    138,
    321,
    257,
    316,
    219,
    196,
    196,
    196,
    196,
    196,
    358,
    257,
    342,
    316,
    196,
    219,
    287,
    333,
    268,
    366,
    219,
    196,
    257,
    196,
    625,
    442,
    644,
    362,
    170,
    257,
    316,
    268,
    219,
    333,
    196,
    170,
    219,
    196,
    343,
    257,
    196,
    316,
    170,
    170,
    170,
    205,
    323,
    196,
    145,
    198,
    374,
    292,
    219,
    196,
    196,
    343,
    343,
    257,
    196,
    316,
    219,
    196,
    148,
    162,
    196,
    196,
    219,
    196,
    257,
    196,
    431,
    481,
    537,
    480,
    539,
    472,
    477,
    509,
    358,
    257,
    342,
    316,
    196,
    219,
    287,
    333,
    268,
    366,
    270,
    412,
    268,
    268,
    392,
    343,
    413,
    268,
    316,
    170,
    196,
    196,
    424,
    362,
    170,
    170,
    342,
    196,
    289,
    235,
    273,
    178,
    351,
    316,
    236,
    366,
    257,
    316,
    164,
    219,
    333,
    164,
    227,
    290,
    270,
    230,
    323,
    230,
    342,
    227,
    260,
    290,
    274,
    372,
    342,
    196,
    196,
    287,
    333,
    366,
    343,
    418,
    408,
    315,
    196,
    323,
    213,
    358,
    372,
    418,
    342,
    196,
    196,
    287,
    333,
    366,
    412,
    362,
    413,
    442,
    170,
    358,
    342,
    335,
    477,
    409,
    170,
    358,
    342,
    335,
    477,
    409,
    170,
    170,
    170,
    310,
    198,
    235,
    205,
    159,
    224,
    342,
    227,
    0,
    290,
    219,
    287,
    196,
    362,
    343,
    230,
    257,
    196,
    323,
    316,
    257,
    316,
    268,
    219,
    333,
    196,
    208,
    219,
    285,
    231,
    138,
    164,
    357,
    362,
    343,
    230,
    257,
    196,
    323,
    316,
    386,
    350,
    284,
    268,
    227,
    290,
    230,
    323,
    196,
    196,
    170,
    257,
    196,
    219,
    196,
    170,
    257,
    350,
    219,
    196,
    424,
    270,
    170,
    281,
    196,
    196,
    227,
    362,
    309,
    230,
    196,
    296,
    358,
    316,
    196,
    114,
    342,
    173,
    260,
    290,
    196,
    196,
    196,
    219,
    196,
    257,
    196,
    431,
    342,
    472,
    409,
    219,
    196,
    196,
    196,
    412,
    539,
    413,
    362,
    442,
    424,
    347,
    645,
    623,
    314,
    362,
    609,
    595,
    527,
    577,
    623,
    539,
    558,
    571,
    170,
    196,
    196,
    170,
    170,
    270,
    198,
    300,
    170,
    137,
    201,
    300,
    170,
    287,
    362,
    343,
    230,
    196,
    323,
    219,
    287,
    196,
    365,
    343,
    274,
    257,
    196,
    323,
    316,
    196,
    196,
    358,
    342,
    196,
    287,
    383,
    366,
    196,
    196,
    412,
    268,
    413,
    350,
    270,
    343,
    418,
    453,
    446,
    353,
    170,
    287,
    365,
    346,
    315,
    196,
    377,
    170,
    270,
    170,
    180,
    198,
    155,
    342,
    178,
    219,
    138,
    164,
    296,
    343,
    257,
    164,
    316,
    257,
    316,
    164,
    219,
    333,
    196,
    219,
    196,
    257,
    268,
    316,
    219,
    229,
    196,
    343,
    343,
    257,
    196,
    316,
    257,
    316,
    268,
    219,
    333,
    196,
    358,
    257,
    397,
    316,
    268,
    219,
    287,
    333,
    268,
    366,
    170,
    257,
    350,
    219,
    196,
    424,
    625,
    539,
    539,
    170,
    196,
    196,
    170,
    170,
    180,
    333,
    162,
    333,
    198,
    137,
    287,
    362,
    343,
    230,
    196,
    323,
    219,
    196,
    196,
    257,
    196,
    219,
    196,
    274,
    257,
    342,
    316,
    196,
    219,
    287,
    333,
    196,
    366,
    287,
    365,
    346,
    315,
    196,
    323,
    358,
    342,
    335,
    477,
    409,
    343,
    418,
    409,
    315,
    323,
    170,
    257,
    350,
    219,
    196,
    170,
    257,
    350,
    219,
    196,
    170,
    270,
    270,
    323,
    127,
    198,
    325,
    342,
    164,
    196,
    196,
    230,
    342,
    227,
    260,
    290,
    274,
    342,
    287,
    299,
    366,
    219,
    196,
    196,
    257,
    350,
    219,
    196,
    257,
    316,
    236,
    219,
    333,
    196,
    539,
    539,
    170,
    358,
    257,
    342,
    316,
    196,
    219,
    287,
    333,
    268,
    366,
    170,
    219,
    196,
    257,
    196,
    170,
    170,
    170,
    336,
    234,
    342,
    188,
    196,
    219,
    196,
    343,
    257,
    164,
    316,
    181,
    224,
    287,
    287,
    342,
    196,
    196,
    287,
    260,
    366,
    219,
    196,
    257,
    350,
    219,
    196,
    257,
    236,
    316,
    287,
    365,
    312,
    274,
    196,
    323,
    196,
    196,
    170,
    257,
    316,
    268,
    219,
    333,
    268,
    270,
    556,
    523,
    453,
    494,
    442,
    570,
    270,
    170,
    170,
    213,
    342,
    196,
    180,
    257,
    316,
    196,
    219,
    333,
    196,
    330,
    225,
    287,
    230,
    323,
    219,
    196,
    196,
    196,
    196,
    219,
    268,
    413,
    350,
    274,
    342,
    196,
    287,
    333,
    366,
    375,
    301,
    431,
    415,
    492,
    537,
    537,
    522,
    362,
    530,
    530,
    570,
    362,
    579,
    424,
    431,
    535,
    635,
    480,
    539,
    643,
    477,
    579,
    270,
    565,
    558,
    537,
    522,
    362,
    530,
    530,
    570,
    362,
    579,
    170,
    270,
    170,
    201,
    333,
    239,
    351,
    342,
    351,
    357,
    196,
    236,
    145,
    287,
    362,
    343,
    196,
    323,
    257,
    196,
    219,
    196,
    227,
    287,
    230,
    323,
    219,
    196,
    257,
    196,
    196,
    196,
    274,
    257,
    342,
    316,
    196,
    219,
    287,
    333,
    196,
    366,
    196,
    196,
    0,
    362,
    362,
    211,
    343,
    418,
    408,
    315,
    196,
    323,
    270,
    416,
    523,
    453,
    494,
    442,
    570,
    270,
    270,
    170,
    180,
    196,
    477,
    316,
    304,
    173,
    108,
    196,
    117,
    162,
    257,
    196,
    196,
    227,
    287,
    267,
    230,
    323,
    257,
    196,
    196,
    219,
    196,
    257,
    164,
    316,
    331,
    268,
    346,
    363,
    268,
    316,
    196,
    196,
    270,
    504,
    442,
    530,
    362,
    170,
    257,
    350,
    196,
    170,
    270,
    170,
    165,
    297,
    155,
    213,
    323,
    230,
    257,
    296,
    316,
    196,
    219,
    287,
    333,
    164,
    366,
    257,
    316,
    164,
    219,
    333,
    196,
    257,
    350,
    219,
    196,
    219,
    196,
    257,
    236,
    316,
    287,
    365,
    408,
    315,
    268,
    377,
    219,
    196,
    413,
    350,
    170,
    287,
    365,
    346,
    315,
    196,
    323,
    270,
    412,
    268,
    413,
    350,
    170,
    170,
    170,
    196,
    233,
    342,
    117,
    316,
    164,
    166,
    299,
    164,
    188,
    196,
    196,
    219,
    196,
    257,
    196,
    219,
    285,
    164,
    362,
    343,
    230,
    257,
    196,
    323,
    316,
    285,
    362,
    309,
    230,
    196,
    323,
    196,
    196,
    287,
    365,
    312,
    274,
    196,
    323,
    170,
    274,
    342,
    335,
    433,
    409,
    424,
    625,
    442,
    644,
    539,
    170,
    170,
    170,
    175,
    233,
    208,
    356,
    114,
    288,
    173,
    260,
    279,
    257,
    196,
    219,
    196,
    331,
    257,
    308,
    316,
    268,
    219,
    333,
    268,
    227,
    287,
    267,
    230,
    323,
    227,
    290,
    270,
    230,
    323,
    412,
    362,
    413,
    442,
    170,
    412,
    314,
    268,
    392,
    343,
    363,
    268,
    316,
    270,
    412,
    469,
    362,
    595,
    527,
    494,
    477,
    362,
    558,
    515,
    170,
    287,
    365,
    408,
    323,
    270,
    170,
    333,
    449,
    233,
    155,
    198,
    145,
    233,
    314,
    365,
    343,
    195,
    196,
    330,
    351,
    323,
    342,
    321,
    257,
    196,
    196,
    219,
    196,
    257,
    196,
    196,
    196,
    219,
    196,
    257,
    236,
    350,
    314,
    314,
    219,
    287,
    268,
    365,
    346,
    257,
    196,
    377,
    316,
    213,
    431,
    331,
    257,
    424,
    308,
    397,
    316,
    196,
    219,
    287,
    333,
    268,
    366,
    170,
    257,
    316,
    268,
    219,
    333,
    268,
    424,
    625,
    442,
    539,
    170,
    170,
    170,
    323,
    198,
    165,
    199,
    196,
    196,
    196,
    196,
    257,
    316,
    164,
    219,
    333,
    196,
    219,
    196,
    295,
    196,
    219,
    287,
    268,
    365,
    346,
    315,
    257,
    196,
    377,
    316,
    219,
    196,
    196,
    196,
    287,
    365,
    346,
    315,
    196,
    323,
    170,
    257,
    350,
    219,
    196,
    170,
    274,
    342,
    335,
    383,
    409,
    170,
    170,
    170,
    333,
    165,
    181,
    301,
    253,
    273,
    257,
    316,
    236,
    219,
    333,
    196,
    257,
    316,
    268,
    219,
    333,
    268,
    287,
    365,
    343,
    274,
    196,
    323,
    358,
    342,
    342,
    287,
    477,
    366,
    257,
    316,
    236,
    219,
    196,
    412,
    314,
    362,
    533,
    612,
    623,
    362,
    571,
    424,
    625,
    442,
    362,
    644,
    539,
    270,
    362,
    362,
    270,
    170,
    270,
    196,
    199,
    438,
    159,
    219,
    257,
    196,
    196,
    274,
    418,
    342,
    196,
    196,
    287,
    333,
    366,
    219,
    196,
    257,
    162,
    257,
    196,
    196,
    219,
    196,
    257,
    350,
    358,
    342,
    472,
    477,
    409,
    270,
    386,
    350,
    268,
    475,
    409,
    268,
    270,
    268,
    196,
    270,
    270,
    270,
    234,
    196,
    174,
    299,
    257,
    196,
    196,
    196,
    196,
    230,
    296,
    342,
    196,
    196,
    287,
    260,
    366,
    257,
    196,
    196,
    219,
    196,
    295,
    268,
    350,
    343,
    418,
    408,
    315,
    323,
    0,
    219,
    196,
    196,
    392,
    343,
    257,
    268,
    316,
    270,
    386,
    522,
    362,
    475,
    570,
    362,
    270,
    431,
    481,
    537,
    395,
    442,
    472,
    477,
    509,
    170,
    170,
    170,
    180,
    165,
    198,
    198,
    219,
    285,
    164,
    362,
    309,
    230,
    257,
    196,
    296,
    316,
    257,
    196,
    219,
    196,
    274,
    342,
    335,
    433,
    409,
    257,
    316,
    268,
    219,
    333,
    268,
    287,
    365,
    309,
    274,
    196,
    323,
    412,
    362,
    413,
    442,
    416,
    523,
    453,
    494,
    570,
    424,
    347,
    556,
    386,
    314,
    362,
    527,
    527,
    623,
    362,
    571,
    170,
    257,
    196,
    219,
    196,
    170,
    270,
    170,
    292,
    281,
    401,
    196,
    236,
    308,
    323,
    350,
    208,
    0,
    219,
    287,
    196,
    196,
    357,
    362,
    343,
    343,
    343,
    196,
    323,
    316,
    283,
    343,
    274,
    323,
    257,
    316,
    236,
    219,
    333,
    196,
    287,
    365,
    364,
    315,
    323,
    196,
    196,
    219,
    196,
    257,
    164,
    316,
    556,
    523,
    453,
    577,
    442,
    570,
    270,
    362,
    362,
    346,
    625,
    577,
    362,
    644,
    657,
    362,
    270,
    170,
    170,
    289,
    333,
    234,
    342,
    316,
    257,
    162,
    219,
    196,
    257,
    196,
    196,
    257,
    316,
    196,
    219,
    333,
    196,
    302,
    412,
    339,
    314,
    268,
    346,
    363,
    268,
    426,
    287,
    365,
    270,
    274,
    323,
    358,
    372,
    342,
    196,
    196,
    287,
    333,
    366,
    270,
    386,
    442,
    530,
    362,
    424,
    645,
    539,
    504,
    362,
    442,
    270,
    170,
    170,
    289,
    198,
    290,
    208,
    343,
    198,
    127,
    534,
    257,
    162,
    219,
    196,
    257,
    347,
    196,
    219,
    196,
    343,
    257,
    164,
    316,
    219,
    196,
    257,
    196,
    358,
    342,
    335,
    409,
    196,
    196,
    270,
    431,
    481,
    537,
    480,
    539,
    472,
    477,
    509,
    424,
    623,
    595,
    453,
    577,
    539,
    570,
    270,
    268,
    170,
    170,
    196,
    358,
    181,
    237,
    0,
    219,
    196,
    257,
    316,
    257,
    316,
    268,
    219,
    333,
    196,
    257,
    196,
    196,
    358,
    342,
    196,
    287,
    333,
    366,
    343,
    418,
    453,
    446,
    353,
    431,
    342,
    472,
    477,
    409,
    556,
    523,
    453,
    577,
    442,
    570,
    270,
    268,
    316,
    424,
    556,
    539,
    413,
    442,
    170,
    270,
    170,
    333,
    233,
    196,
    333,
    201,
    285,
    362,
    309,
    230,
    196,
    323,
    196,
    196,
    196,
    196,
    268,
    268,
    196,
    196,
    358,
    257,
    397,
    316,
    268,
    219,
    287,
    333,
    268,
    366,
    362,
    362,
    170,
    257,
    316,
    236,
    219,
    196,
    170,
    196,
    196,
    270,
    170,
    170,
    198,
    297,
    236,
    315,
    323,
    281,
    196,
    196,
    219,
    196,
    343,
    257,
    164,
    316,
    230,
    342,
    196,
    287,
    333,
    366,
    227,
    290,
    270,
    230,
    323,
    252,
    412,
    359,
    314,
    268,
    417,
    365,
    346,
    446,
    363,
    268,
    377,
    426,
    219,
    196,
    196,
    196,
    287,
    365,
    312,
    274,
    323,
    170,
    283,
    343,
    315,
    323,
    270,
    268,
    268,
    424,
    270,
    170,
    205,
    323,
    196,
    342,
    188,
    196,
    240,
    287,
    365,
    270,
    274,
    323,
    219,
    196,
    343,
    257,
    196,
    316,
    257,
    316,
    164,
    219,
    333,
    196,
    287,
    365,
    364,
    315,
    323,
    257,
    196,
    196,
    219,
    196,
    257,
    350,
    170,
    219,
    196,
    257,
    350,
    170,
    219,
    268,
    343,
    257,
    196,
    316,
    170,
    170,
    170,
    196,
    343,
    287,
    0,
    233,
    180,
    219,
    196,
    117,
    162,
    257,
    316,
    196,
    219,
    333,
    196,
    287,
    365,
    408,
    315,
    323,
    358,
    257,
    397,
    316,
    268,
    284,
    417,
    383,
    268,
    366,
    431,
    257,
    397,
    316,
    268,
    219,
    287,
    333,
    268,
    366,
    257,
    196,
    219,
    196,
    170,
    257,
    196,
    196,
    270,
    359,
    365,
    408,
    446,
    196,
    407,
    270,
    412,
    362,
    454,
    477,
    362,
    515,
    270,
    270,
    170,
    343,
    365,
    323,
    201,
    196,
    196,
    196,
    196,
    257,
    162,
    219,
    196,
    257,
    162,
    219,
    196,
    219,
    196,
    257,
    350,
    219,
    196,
    257,
    196,
    268,
    268,
    170,
    358,
    342,
    335,
    433,
    409,
    170,
    257,
    196,
    196,
    170,
    170,
    270,
    336,
    170,
    347,
    112,
    165,
    299,
    198,
    299,
    164,
    196,
    196,
    196,
    196,
    343,
    418,
    315,
    323,
    219,
    285,
    164,
    362,
    309,
    230,
    257,
    196,
    296,
    316,
    358,
    397,
    196,
    472,
    477,
    409,
    358,
    342,
    335,
    477,
    409,
    219,
    196,
    196,
    270,
    412,
    316,
    413,
    314,
    395,
    170,
    219,
    196,
    257,
    196,
    270,
    170,
    170,
    196,
    166,
    256,
    323,
    300,
    230,
    296,
    342,
    196,
    196,
    287,
    260,
    366,
    287,
    365,
    312,
    274,
    196,
    323,
    230,
    342,
    196,
    287,
    299,
    366,
    257,
    350,
    219,
    196,
    287,
    365,
    343,
    315,
    196,
    323,
    219,
    196,
    257,
    236,
    316,
    170,
    219,
    287,
    196,
    365,
    343,
    315,
    257,
    196,
    323,
    316,
    329,
    556,
    523,
    494,
    570,
    170,
    170,
    170,
    198,
    145,
    165,
    188,
    257,
    316,
    164,
    219,
    333,
    164,
    219,
    196,
    257,
    268,
    316,
    358,
    257,
    397,
    316,
    196,
    219,
    287,
    333,
    268,
    366,
    230,
    372,
    342,
    196,
    196,
    287,
    299,
    366,
    343,
    418,
    315,
    323,
    556,
    623,
    362,
    595,
    453,
    494,
    477,
    362,
    558,
    515,
    270,
    412,
    268,
    413,
    350,
    270,
    362,
    362,
    270,
    170,
    270,
    137,
    333,
    258,
    287,
    365,
    343,
    274,
    196,
    323,
    333,
    219,
    285,
    164,
    362,
    309,
    164,
    296,
    316,
    257,
    196,
    196,
    196,
    196,
    219,
    196,
    257,
    350,
    219,
    287,
    196,
    236,
    362,
    343,
    257,
    196,
    323,
    350,
    316,
    219,
    196,
    257,
    350,
    257,
    350,
    219,
    196,
    0,
    343,
    418,
    315,
    323,
    424,
    565,
    635,
    493,
    477,
    584,
    270,
    556,
    362,
    454,
    527,
    362,
    571,
    270,
    270,
    170,
    196,
    343,
    145,
    208,
    234,
    300,
    0,
    274,
    257,
    342,
    316,
    196,
    219,
    287,
    333,
    164,
    366,
    196,
    196,
    287,
    365,
    309,
    274,
    196,
    323,
    219,
    196,
    257,
    350,
    274,
    257,
    342,
    316,
    196,
    219,
    287,
    333,
    196,
    366,
    219,
    196,
    343,
    257,
    268,
    316,
    412,
    268,
    413,
    350,
    170,
    358,
    342,
    472,
    477,
    409,
    170,
    252,
    219,
    267,
    314,
    268,
    343,
    343,
    257,
    196,
    316,
    170,
    170,
    170,
    233,
    205,
    323,
    208,
    181,
    159,
    257,
    316,
    196,
    219,
    196,
    343,
    257,
    196,
    316,
    219,
    196,
    257,
    196,
    331,
    196,
    413,
    350,
    219,
    287,
    164,
    362,
    343,
    230,
    257,
    196,
    323,
    316,
    219,
    196,
    257,
    236,
    316,
    625,
    539,
    539,
    424,
    645,
    623,
    362,
    595,
    527,
    577,
    623,
    362,
    558,
    515,
    270,
    331,
    268,
    343,
    363,
    268,
    316,
    170,
    170,
    170,
    196,
    343,
    310,
    137,
    283,
    219,
    196,
    196,
    343,
    343,
    257,
    196,
    316,
    257,
    162,
    219,
    196,
    230,
    342,
    227,
    290,
    257,
    316,
    196,
    219,
    333,
    196,
    268,
    268,
    219,
    196,
    196,
    392,
    343,
    257,
    268,
    316,
    170,
    219,
    196,
    257,
    350,
    424,
    625,
    442,
    644,
    539,
    170,
    270,
    211,
    289,
    346,
    290,
    333,
    198,
    333,
    196,
    196,
    219,
    196,
    148,
    164,
    162,
    219,
    196,
    257,
    164,
    316,
    257,
    350,
    196,
    287,
    365,
    408,
    315,
    196,
    323,
    196,
    196,
    270,
    362,
    362,
    270,
    362,
    362,
    170,
    268,
    270,
    270,
    342,
    268,
    364,
    130,
    196,
    420,
    315,
    477,
    287,
    365,
    312,
    274,
    196,
    323,
    219,
    196,
    117,
    162,
    219,
    196,
    257,
    196,
    257,
    196,
    196,
    331,
    350,
    284,
    268,
    268,
    268,
    358,
    342,
    335,
    477,
    409,
    170,
    257,
    350,
    196,
    270,
    412,
    362,
    413,
    362,
    442,
    270,
    170,
    170,
    281,
    333,
    205,
    285,
    362,
    267,
    174,
    196,
    296,
    0,
    196,
    196,
    219,
    196,
    257,
    196,
    196,
    196,
    257,
    316,
    268,
    219,
    333,
    268,
    274,
    257,
    342,
    196,
    287,
    333,
    366,
    556,
    623,
    362,
    595,
    454,
    494,
    527,
    362,
    558,
    515,
    274,
    342,
    196,
    287,
    333,
    366,
    270,
    268,
    268,
    170,
    219,
    196,
    257,
    196,
    170,
    170,
    170,
    506,
    0,
    0,
    383,
    0,
    0,
    205,
    301,
    227,
    287,
    267,
    230,
    323,
    227,
    290,
    322,
    230,
    323,
    287,
    362,
    267,
    230,
    196,
    323,
    431,
    342,
    350,
    472,
    477,
    409,
    196,
    196,
    287,
    365,
    408,
    315,
    196,
    323,
    170,
    219,
    196,
    196,
    343,
    343,
    257,
    196,
    316,
    170,
    196,
    196,
    170,
    170,
    170,
    342,
    297,
    289,
    213,
    289,
    159,
    225,
    287,
    230,
    323,
    219,
    196,
    196,
    219,
    196,
    413,
    350,
    219,
    196,
    257,
    196,
    257,
    350,
    284,
    196,
    386,
    442,
    362,
    475,
    584,
    362,
    170,
    219,
    196,
    257,
    236,
    316,
    424,
    625,
    539,
    539,
    270,
    270,
    270,
    234,
    198,
    223,
    323,
    196,
    196,
    165,
    198,
    224,
    283,
    196,
    225,
    260,
    355,
    257,
    162,
    219,
    333,
    196,
    257,
    162,
    219,
    196,
    219,
    196,
    257,
    236,
    316,
    257,
    316,
    196,
    219,
    333,
    196,
    219,
    196,
    196,
    345,
    343,
    257,
    164,
    316,
    625,
    442,
    530,
    362,
    0,
    219,
    196,
    295,
    350,
    170,
    196,
    196,
    170,
    331,
    196,
    413,
    350,
    170,
    270,
    198,
    333,
    198,
    208,
    230,
    257,
    296,
    316,
    196,
    219,
    287,
    333,
    164,
    366,
    219,
    196,
    196,
    392,
    343,
    257,
    268,
    316,
    343,
    418,
    315,
    323,
    358,
    342,
    335,
    477,
    409,
    196,
    196,
    257,
    196,
    219,
    196,
    219,
    196,
    295,
    350,
    424,
    539,
    539,
    270,
    412,
    362,
    413,
    442,
    170,
    170,
    170,
    198,
    198,
    324,
    180,
    162,
    196,
    257,
    316,
    196,
    219,
    333,
    196,
    219,
    196,
    196,
    343,
    343,
    257,
    196,
    316,
    196,
    196,
    196,
    358,
    257,
    397,
    316,
    196,
    219,
    287,
    333,
    268,
    366,
    196,
    196,
    295,
    350,
    284,
    268,
    170,
    196,
    196,
    270,
    431,
    558,
    453,
    479,
    316,
    475,
    475,
    477,
    314,
    513,
    170,
    170,
    270,
    234,
    330,
    198,
    213,
    208,
    166,
    0,
    274,
    342,
    227,
    290,
    219,
    196,
    257,
    236,
    316,
    196,
    196,
    219,
    287,
    268,
    365,
    343,
    315,
    257,
    196,
    377,
    316,
    358,
    342,
    335,
    477,
    409,
    412,
    314,
    413,
    314,
    395,
    170,
    257,
    316,
    219,
    196,
    170,
    219,
    196,
    295,
    350,
    270,
    170,
    170,
    307,
    343,
    0,
    356,
    355,
    273,
    0,
    160,
    224,
    287,
    296,
    342,
    164,
    196,
    287,
    299,
    355,
    219,
    196,
    196,
    345,
    343,
    257,
    268,
    316,
    219,
    196,
    196,
    345,
    343,
    257,
    268,
    316,
    343,
    418,
    315,
    323,
    257,
    316,
    268,
    219,
    333,
    196,
    219,
    196,
    196,
    170,
    257,
    196,
    196,
    270,
    412,
    362,
    413,
    442,
    346,
    362,
    270,
    170,
    534,
    252,
    201,
    180,
    227,
    321,
    343,
    236,
    196,
    287,
    316,
    323,
    219,
    287,
    164,
    362,
    196,
    323,
    316,
    219,
    196,
    196,
    224,
    257,
    283,
    316,
    164,
    219,
    279,
    299,
    164,
    355,
    196,
    196,
    196,
    196,
    219,
    196,
    257,
    196,
    257,
    196,
    268,
    0,
    257,
    316,
    196,
    219,
    333,
    196,
    170,
    343,
    418,
    315,
    323,
    424,
    539,
    504,
    539,
    270,
    170,
    170,
    0,
    201,
    196,
    199,
    165,
    296,
    338,
    164,
    366,
    366,
    285,
    362,
    309,
    230,
    196,
    323,
    135,
    196,
    257,
    162,
    196,
    196,
    196,
    230,
    257,
    296,
    316,
    196,
    219,
    287,
    333,
    164,
    366,
    287,
    365,
    343,
    274,
    196,
    323,
    386,
    442,
    530,
    362,
    219,
    196,
    343,
    257,
    268,
    316,
    270,
    431,
    537,
    362,
    530,
    477,
    579,
    424,
    347,
    412,
    386,
    314,
    362,
    453,
    527,
    527,
    362,
    571,
    270,
    270,
    170,
    196,
    343,
    235,
    342,
    308,
    351,
    316,
    236,
    366,
    159,
    316,
    333,
    196,
    274,
    342,
    287,
    433,
    366,
    257,
    316,
    219,
    196,
    196,
    196,
    257,
    196,
    196,
    257,
    316,
    268,
    219,
    333,
    196,
    331,
    268,
    343,
    413,
    268,
    350,
    211,
    431,
    342,
    472,
    477,
    409,
    424,
    645,
    539,
    504,
    362,
    442,
    424,
    170,
    170,
    310,
    323,
    166,
    128,
    323,
    240,
    173,
    231,
    357,
    0,
    343,
    287,
    365,
    364,
    315,
    323,
    287,
    365,
    343,
    315,
    196,
    323,
    219,
    196,
    196,
    196,
    219,
    196,
    257,
    196,
    196,
    196,
    219,
    196,
    343,
    257,
    196,
    316,
    270,
    412,
    469,
    362,
    511,
    408,
    494,
    477,
    362,
    558,
    515,
    270,
    362,
    539,
    270,
    170,
    170,
    429,
    205,
    201,
    564,
    112,
    196,
    196,
    219,
    138,
    164,
    296,
    343,
    257,
    164,
    316,
    219,
    196,
    257,
    162,
    257,
    316,
    236,
    219,
    333,
    196,
    431,
    481,
    342,
    229,
    196,
    472,
    477,
    409,
    565,
    537,
    442,
    472,
    477,
    509,
    270,
    504,
    442,
    362,
    530,
    584,
    362,
    170,
    274,
    257,
    342,
    316,
    196,
    287,
    333,
    196,
    366,
    270,
    362,
    442,
    270,
    170,
    205,
    323,
    233,
    420,
    145,
    333,
    137,
    257,
    196,
    196,
    196,
    196,
    219,
    196,
    196,
    296,
    343,
    257,
    164,
    316,
    196,
    196,
    213,
    274,
    372,
    372,
    342,
    196,
    287,
    333,
    366,
    219,
    287,
    196,
    362,
    343,
    230,
    257,
    196,
    323,
    316,
    287,
    365,
    343,
    315,
    196,
    323,
    170,
    219,
    196,
    257,
    236,
    316,
    170,
    213,
    358,
    424,
    418,
    342,
    229,
    196,
    287,
    477,
    366,
    170,
    170,
    170,
    234,
    198,
    219,
    285,
    164,
    362,
    343,
    230,
    257,
    196,
    296,
    316,
    198,
    301,
    358,
    257,
    342,
    316,
    196,
    0,
    333,
    268,
    366,
    257,
    162,
    219,
    196,
    196,
    196,
    257,
    196,
    196,
    412,
    268,
    413,
    268,
    350,
    257,
    196,
    196,
    219,
    196,
    257,
    162,
    170,
    196,
    196,
    170,
    257,
    350,
    219,
    196,
    170,
    170,
    170,
    198,
    287,
    330,
    287,
    365,
    287,
    362,
    309,
    230,
    196,
    323,
    219,
    196,
    257,
    236,
    316,
    227,
    287,
    267,
    230,
    196,
    323,
    213,
    274,
    372,
    372,
    342,
    196,
    196,
    287,
    333,
    366,
    287,
    365,
    408,
    315,
    196,
    323,
    386,
    442,
    530,
    362,
    170,
    343,
    418,
    408,
    315,
    323,
    170,
    358,
    418,
    342,
    196,
    196,
    287,
    333,
    366,
    170,
    170,
    170,
    196,
    199,
    323,
    137,
    145,
    257,
    316,
    219,
    196,
    219,
    196,
    257,
    236,
    316,
    274,
    257,
    342,
    316,
    196,
    219,
    287,
    333,
    196,
    366,
    196,
    196,
    219,
    196,
    257,
    236,
    316,
    257,
    196,
    196,
    170,
    287,
    365,
    343,
    274,
    196,
    323,
    270,
    362,
    362,
    170,
    170,
    170,
    336,
    170,
    307,
    208,
    196,
    364,
    342,
    426,
    196,
    366,
    196,
    316,
    225,
    287,
    267,
    230,
    196,
    323,
    180,
    219,
    285,
    161,
    164,
    357,
    362,
    343,
    230,
    257,
    196,
    323,
    316,
    287,
    365,
    408,
    315,
    196,
    323,
    230,
    342,
    196,
    287,
    299,
    366,
    358,
    257,
    397,
    316,
    196,
    219,
    287,
    333,
    268,
    366,
    196,
    196,
    0,
    219,
    287,
    196,
    365,
    343,
    274,
    257,
    196,
    323,
    316,
    170,
    196,
    196,
    424,
    625,
    442,
    362,
    644,
    539,
    270,
    170,
    170,
    233,
    205,
    323,
    197,
    316,
    342,
    333,
    267,
    236,
    196,
    198,
    165,
    219,
    196,
    196,
    296,
    343,
    202,
    164,
    316,
    196,
    196,
    287,
    362,
    343,
    230,
    196,
    323,
    219,
    196,
    196,
    196,
    219,
    287,
    268,
    365,
    343,
    315,
    257,
    196,
    377,
    316,
    257,
    316,
    268,
    219,
    333,
    196,
    219,
    287,
    196,
    365,
    343,
    315,
    257,
    196,
    323,
    316,
    424,
    539,
    539,
    424,
    625,
    442,
    539,
    170,
    170,
    170,
    343,
    196,
    165,
    330,
    164,
    196,
    196,
    219,
    196,
    196,
    202,
    164,
    316,
    219,
    164,
    343,
    257,
    164,
    316,
    196,
    196,
    196,
    196,
    412,
    362,
    413,
    362,
    442,
    196,
    196,
    170,
    257,
    316,
    219,
    196,
    170,
    343,
    418,
    453,
    315,
    323,
    170,
    170,
    170,
    196,
    333,
    233,
    196,
    358,
    257,
    342,
    316,
    196,
    219,
    287,
    333,
    196,
    366,
    196,
    196,
    431,
    418,
    342,
    229,
    196,
    472,
    477,
    366,
    257,
    196,
    196,
    257,
    316,
    219,
    196
  ],
  "grid_samples_inside": [
    71,
    209,
    222,
    72,
    118,
    224,
    89,
    76,
    247,
    134,
    127,
    73,
    86,
    245,
    127,
    217,
    116,
    159,
    155,
    0,
    200,
    285,
    175,
    173,
    292,
    327,
    90,
    125,
    125,
    130,
    164,
    273,
    274,
    161,
    163,
    151,
    275,
    293,
    88,
    78,
    94,
    244,
    208,
    99,
    117,
    39,
    30,
    195,
    45,
    82,
    35,
    36,
    196,
    80,
    64,
    70,
    227,
    74,
    217,
    218,
    84,
    134,
    251,
    89,
    132,
    148,
    77,
    235,
    82,
    240,
    102,
    244,
    257,
    119,
    139,
    260,
    136,
    215,
    166,
    142,
    282,
    173,
    154,
    176,
    176,
    286,
    288,
    168,
    172,
    217,
    102,
    87,
    133,
    96,
    149,
    130,
    151,
    284,
    273,
    203,
    160,
    274,
    122,
    88,
    102,
    96,
    100,
    210,
    247,
    98,
    115,
    88,
    88,
    62,
    125,
    120,
    66,
    234,
    121,
    59,
    218,
    64,
    211,
    211,
    62,
    125,
    66,
    122,
    79,
    239,
    121,
    81,
    235,
    221,
    117,
    145,
    160,
    297,
    277,
    202,
    128,
    164,
    276,
    269,
    115,
    158,
    157,
    277,
    271,
    132,
    160,
    193,
    140,
    168,
    185,
    182,
    185,
    210,
    100,
    130,
    130,
    94,
    90,
    86,
    100,
    210,
    102,
    102,
    69,
    203,
    122,
    122,
    120,
    237,
    102,
    152,
    54,
    115,
    57,
    120,
    121,
    121,
    121,
    121,
    89,
    76,
    246,
    133,
    127,
    78,
    91,
    245,
    127,
    217,
    88,
    135,
    96,
    144,
    150,
    185,
    168,
    178,
    102,
    87,
    148,
    140,
    90,
    260,
    133,
    87,
    54,
    119,
    221,
    60,
    118,
    110,
    90,
    102,
    90,
    109,
    218,
    115,
    79,
    107,
    232,
    206,
    57,
    111,
    118,
    232,
    222,
    56,
    118,
    110,
    34,
    86,
    37,
    90,
    115,
    115,
    63,
    122,
    65,
    119,
    183,
    282,
    279,
    164,
    174,
    169,
    279,
    301,
    105,
    88,
    260,
    161,
    131,
    90,
    101,
    252,
    137,
    242,
    124,
    112,
    158,
    155,
    270,
    274,
    123,
    159,
    175,
    92,
    129,
    129,
    140,
    180,
    90,
    94,
    262,
    135,
    151,
    131,
    130,
    93,
    227,
    135,
    129,
    213,
    45,
    91,
    104,
    43,
    216,
    104,
    61,
    210,
    206,
    64,
    218,
    55,
    214,
    59,
    197,
    204,
    72,
    227,
    229,
    120,
    123,
    72,
    231,
    205,
    105,
    252,
    252,
    116,
    142,
    257,
    128,
    92,
    218,
    238,
    249,
    133,
    125,
    93,
    248,
    228,
    146,
    176,
    169,
    179,
    102,
    114,
    261,
    110,
    253,
    257,
    94,
    99,
    248,
    96,
    241,
    241,
    94,
    90,
    94,
    119,
    120,
    146,
    88,
    77,
    44,
    199,
    45,
    0,
    171,
    55,
    65,
    113,
    189,
    227,
    69,
    56,
    114,
    221,
    107,
    77,
    131,
    131,
    82,
    252,
    129,
    105,
    49,
    58,
    97,
    110,
    109,
    79,
    163,
    215,
    63,
    48,
    111,
    217,
    94,
    115,
    163,
    129,
    162,
    62,
    213,
    64,
    218,
    146,
    147,
    90,
    66,
    124,
    68,
    127,
    94,
    73,
    130,
    76,
    129,
    140,
    130,
    78,
    151,
    103,
    103,
    44,
    78,
    198,
    43,
    85,
    208,
    238,
    111,
    115,
    41,
    196,
    44,
    173,
    170,
    122,
    125,
    121,
    76,
    129,
    80,
    131,
    142,
    268,
    149,
    271,
    55,
    119,
    112,
    116,
    160,
    179,
    173,
    182,
    189,
    146,
    181,
    188,
    199,
    188,
    188,
    330,
    351,
    302,
    299,
    194,
    184,
    305,
    328,
    100,
    130,
    130,
    90,
    94,
    124,
    123,
    200,
    70,
    69,
    117,
    250,
    94,
    62,
    191,
    221,
    67,
    113,
    218,
    57,
    68,
    114,
    193,
    231,
    70,
    57,
    120,
    225,
    112,
    103,
    103,
    104,
    258,
    132,
    103,
    257,
    237,
    137,
    138,
    107,
    147,
    122,
    159,
    124,
    143,
    273,
    267,
    179,
    270,
    105,
    107,
    254,
    260,
    133,
    139,
    265,
    94,
    130,
    94,
    100,
    102,
    72,
    210,
    105,
    40,
    98,
    95,
    199,
    212,
    40,
    99,
    83,
    40,
    92,
    99,
    40,
    210,
    97,
    81,
    129,
    86,
    137,
    134,
    62,
    121,
    121,
    236,
    236,
    69,
    123,
    121,
    66,
    129,
    123,
    67,
    237,
    127,
    116,
    94,
    265,
    173,
    140,
    102,
    107,
    259,
    147,
    258,
    94,
    75,
    133,
    78,
    129,
    146,
    183,
    188,
    186,
    108,
    135,
    142,
    88,
    82,
    100,
    211,
    102,
    254,
    114,
    71,
    65,
    194,
    221,
    68,
    115,
    220,
    70,
    127,
    125,
    59,
    118,
    60,
    121,
    76,
    65,
    232,
    123,
    123,
    63,
    76,
    237,
    119,
    199,
    96,
    245,
    259,
    123,
    137,
    262,
    109,
    258,
    114,
    250,
    256,
    100,
    243,
    241,
    97,
    249,
    94,
    74,
    132,
    75,
    129,
    90,
    57,
    115,
    61,
    121,
    86,
    124,
    128,
    210,
    73,
    120,
    237,
    218,
    95,
    95,
    91,
    46,
    205,
    46,
    192,
    174,
    72,
    230,
    77,
    229,
    219,
    70,
    128,
    125,
    69,
    123,
    67,
    125,
    54,
    115,
    113,
    55,
    225,
    119,
    182,
    182,
    94,
    88,
    75,
    245,
    132,
    127,
    72,
    86,
    243,
    127,
    215,
    90,
    58,
    121,
    60,
    118,
    94,
    90,
    82,
    250,
    99,
    207,
    118,
    103,
    44,
    103,
    213,
    43,
    101,
    94,
    92,
    46,
    151,
    180,
    212,
    96,
    89,
    48,
    204,
    149,
    67,
    125,
    66,
    125,
    55,
    121,
    57,
    116,
    117,
    68,
    217,
    226,
    69,
    114,
    227,
    129,
    131,
    120,
    102,
    173,
    154,
    106,
    267,
    145,
    136,
    203,
    296,
    287,
    261,
    172,
    294,
    136,
    90,
    78,
    109,
    218,
    115,
    94,
    51,
    99,
    111,
    54,
    218,
    110,
    233,
    41,
    185,
    42,
    196,
    67,
    124,
    123,
    121,
    121,
    109,
    147,
    120,
    158,
    77,
    234,
    123,
    73,
    237,
    203,
    168,
    164,
    204,
    162,
    285,
    224,
    290,
    313,
    180,
    172,
    178,
    293,
    179,
    338,
    146,
    222,
    298,
    306,
    183,
    184,
    253,
    303,
    339,
    134,
    204,
    144,
    285,
    306,
    178,
    161,
    166,
    292,
    176,
    328,
    102,
    122,
    102,
    135,
    256,
    120,
    127,
    239,
    226,
    220,
    125,
    124,
    83,
    61,
    188,
    222,
    113,
    217,
    69,
    125,
    69,
    127,
    46,
    201,
    47,
    207,
    44,
    107,
    45,
    106,
    107,
    107,
    63,
    56,
    220,
    104,
    117,
    55,
    64,
    226,
    112,
    178,
    137,
    139,
    0,
    175,
    175,
    122,
    123,
    267,
    266,
    152,
    154,
    268,
    130,
    169,
    283,
    279,
    240,
    164,
    280,
    122,
    128,
    102,
    107,
    130,
    96,
    145,
    107,
    95,
    29,
    84,
    34,
    83,
    67,
    123,
    129,
    55,
    199,
    199,
    52,
    210,
    69,
    125,
    129,
    47,
    107,
    50,
    106,
    104,
    112,
    156,
    269,
    127,
    155,
    193,
    146,
    144,
    138,
    147,
    175,
    168,
    178,
    102,
    94,
    148,
    135,
    94,
    122,
    94,
    75,
    125,
    69,
    117,
    240,
    57,
    48,
    217,
    95,
    110,
    44,
    59,
    215,
    108,
    159,
    40,
    85,
    96,
    39,
    212,
    91,
    62,
    122,
    66,
    123,
    54,
    115,
    54,
    110,
    109,
    117,
    266,
    268,
    152,
    144,
    271,
    95,
    135,
    112,
    152,
    94,
    89,
    236,
    248,
    98,
    127,
    255,
    128,
    115,
    163,
    130,
    162,
    102,
    86,
    78,
    129,
    134,
    227,
    31,
    56,
    85,
    32,
    197,
    85,
    125,
    103,
    103,
    62,
    124,
    64,
    122,
    49,
    61,
    109,
    169,
    219,
    63,
    47,
    113,
    217,
    94,
    57,
    178,
    213,
    55,
    105,
    214,
    121,
    121,
    71,
    218,
    231,
    76,
    118,
    232,
    90,
    78,
    239,
    82,
    225,
    229,
    140,
    165,
    189,
    177,
    184,
    102,
    94,
    90,
    87,
    138,
    117,
    244,
    37,
    192,
    42,
    169,
    169,
    46,
    105,
    47,
    109,
    96,
    93,
    145,
    159,
    142,
    102,
    264,
    142,
    56,
    204,
    201,
    54,
    211,
    66,
    214,
    212,
    68,
    221,
    132,
    175,
    154,
    172,
    117,
    101,
    152,
    151,
    267,
    266,
    103,
    153,
    172,
    134,
    142,
    171,
    177,
    331,
    293,
    256,
    152,
    179,
    287,
    307,
    98,
    99,
    240,
    256,
    254,
    130,
    78,
    255,
    146,
    145,
    76,
    102,
    74,
    107,
    120,
    202,
    239,
    115,
    120,
    229,
    122,
    237,
    202,
    155,
    59,
    114,
    120,
    54,
    119,
    55,
    118,
    120,
    119,
    68,
    129,
    75,
    129,
    130,
    168,
    168,
    92,
    100,
    143,
    257,
    260,
    99,
    137,
    264,
    172,
    139,
    120,
    111,
    91,
    245,
    157,
    266,
    176,
    137,
    104,
    107,
    259,
    147,
    259,
    116,
    101,
    163,
    154,
    104,
    267,
    142,
    142,
    164,
    182,
    182,
    88,
    82,
    82,
    261,
    95,
    105,
    106,
    88,
    91,
    115,
    115,
    45,
    99,
    105,
    44,
    214,
    105,
    106,
    145,
    112,
    153,
    88,
    96,
    142,
    244,
    252,
    120,
    89,
    133,
    260,
    160,
    92,
    134,
    142,
    138,
    74,
    223,
    230,
    80,
    119,
    239,
    90,
    70,
    126,
    70,
    128,
    90,
    79,
    239,
    84,
    223,
    232,
    122,
    94,
    118,
    240,
    105,
    99,
    102,
    196,
    57,
    55,
    114,
    115,
    55,
    225,
    120,
    90,
    154,
    139,
    95,
    264,
    140,
    75,
    205,
    228,
    74,
    123,
    225,
    91,
    246,
    245,
    91,
    245,
    227,
    65,
    126,
    121,
    66,
    124,
    172,
    181,
    182,
    295,
    301,
    178,
    186,
    311,
    140,
    167,
    206,
    182,
    179,
    184,
    130,
    175,
    175,
    122,
    86,
    130,
    120,
    122,
    150,
    73,
    36,
    52,
    118,
    117,
    78,
    236,
    235,
    123,
    123,
    83,
    232,
    226,
    40,
    94,
    44,
    98,
    87,
    138,
    133,
    83,
    129,
    87,
    143,
    125,
    268,
    130,
    262,
    266,
    130,
    121,
    180,
    166,
    131,
    276,
    165,
    128,
    164,
    159,
    130,
    132,
    122,
    90,
    115,
    96,
    129,
    64,
    123,
    124,
    129,
    129,
    49,
    201,
    212,
    99,
    96,
    51,
    204,
    168,
    49,
    107,
    110,
    94,
    135,
    101,
    148,
    152,
    88,
    236,
    235,
    92,
    244,
    0,
    77,
    135,
    129,
    245,
    258,
    88,
    130,
    145,
    130,
    133,
    239,
    163,
    139,
    279,
    171,
    132,
    191,
    284,
    282,
    169,
    170,
    196,
    282,
    298,
    110,
    102,
    78,
    102,
    100,
    111,
    86,
    40,
    46,
    99,
    98,
    200,
    47,
    40,
    93,
    210,
    66,
    69,
    127,
    71,
    129,
    88,
    240,
    87,
    233,
    233,
    96,
    169,
    149,
    106,
    266,
    147,
    70,
    218,
    225,
    73,
    118,
    225,
    128,
    175,
    154,
    174,
    177,
    285,
    279,
    240,
    281,
    142,
    174,
    174,
    184,
    182,
    186,
    298,
    298,
    177,
    182,
    321,
    86,
    55,
    112,
    55,
    121,
    90,
    132,
    86,
    200,
    128,
    223,
    125,
    127,
    127,
    240,
    213,
    109,
    0,
    57,
    71,
    119,
    118,
    101,
    177,
    230,
    227,
    229,
    119,
    227,
    116,
    69,
    226,
    74,
    229,
    55,
    118,
    116,
    56,
    227,
    121,
    74,
    224,
    231,
    82,
    239,
    107,
    107,
    49,
    113,
    49,
    110,
    107,
    208,
    303,
    293,
    270,
    180,
    297,
    131,
    175,
    175,
    140,
    159,
    295,
    182,
    170,
    296,
    182,
    130,
    82,
    78,
    144,
    214,
    115,
    219,
    99,
    31,
    88,
    36,
    82,
    58,
    118,
    121,
    58,
    112,
    118,
    59,
    225,
    121,
    154,
    118,
    154,
    165,
    160,
    277,
    131,
    158,
    219,
    67,
    218,
    218,
    69,
    225,
    90,
    234,
    248,
    129,
    127,
    91,
    246,
    226,
    132,
    139,
    182,
    148,
    175,
    142,
    177,
    186,
    183,
    191,
    196,
    132,
    94,
    88,
    114,
    137,
    118,
    133,
    254,
    103,
    76,
    124,
    47,
    106,
    49,
    107,
    83,
    130,
    132,
    43,
    102,
    213,
    43,
    101,
    93,
    69,
    129,
    70,
    127,
    102,
    254,
    113,
    247,
    135,
    135,
    132,
    194,
    286,
    284,
    165,
    176,
    177,
    284,
    307,
    142,
    210,
    337,
    302,
    284,
    187,
    302,
    126,
    156,
    112,
    94,
    129,
    241,
    93,
    103,
    0,
    68,
    127,
    69,
    125,
    63,
    125,
    122,
    67,
    235,
    123,
    50,
    110,
    114,
    82,
    237,
    125,
    84,
    243,
    216,
    136,
    272,
    270,
    177,
    270,
    142,
    271,
    159,
    272,
    272,
    200,
    308,
    291,
    269,
    181,
    298,
    130,
    171,
    171,
    140,
    163,
    183,
    179,
    192,
    82,
    124,
    82,
    218,
    112,
    121,
    214,
    94,
    53,
    153,
    208,
    51,
    100,
    212,
    89,
    90,
    133,
    133,
    147,
    147,
    125,
    125,
    115,
    93,
    264,
    172,
    140,
    100,
    105,
    258,
    147,
    255,
    176,
    176,
    90,
    66,
    126,
    122,
    67,
    125,
    90,
    125,
    125,
    128,
    82,
    82,
    107,
    128,
    126,
    93,
    238,
    120,
    113,
    113,
    40,
    95,
    212,
    40,
    99,
    89,
    61,
    217,
    111,
    63,
    222,
    188,
    63,
    213,
    211,
    64,
    219,
    153,
    108,
    139,
    159,
    159,
    250,
    281,
    275,
    179,
    119,
    155,
    275,
    204,
    88,
    132,
    141,
    134,
    70,
    218,
    227,
    71,
    229,
    90,
    81,
    234,
    84,
    239,
    123,
    147,
    147,
    140,
    122,
    94,
    110,
    222,
    115,
    240,
    114,
    86,
    50,
    69,
    218,
    218,
    69,
    225,
    49,
    113,
    218,
    53,
    110,
    106,
    47,
    107,
    108,
    47,
    216,
    111,
    76,
    222,
    230,
    82,
    239,
    91,
    146,
    135,
    71,
    129,
    77,
    132,
    94,
    72,
    129,
    77,
    130,
    96,
    80,
    131,
    252,
    87,
    129,
    141,
    94,
    90,
    82,
    127,
    240,
    128,
    0,
    107,
    101,
    37,
    86,
    36,
    95,
    62,
    117,
    120,
    60,
    229,
    119,
    88,
    230,
    236,
    89,
    242,
    134,
    104,
    271,
    188,
    147,
    113,
    117,
    268,
    157,
    265,
    123,
    95,
    269,
    178,
    142,
    104,
    112,
    262,
    150,
    259,
    58,
    117,
    60,
    121,
    86,
    52,
    114,
    120,
    129,
    146,
    291,
    277,
    207,
    164,
    274,
    132,
    136,
    171,
    288,
    150,
    175,
    285,
    132,
    122,
    90,
    229,
    213,
    240,
    110,
    121,
    121,
    117,
    117,
    40,
    103,
    42,
    99,
    47,
    106,
    46,
    107,
    65,
    124,
    68,
    122,
    93,
    135,
    97,
    142,
    152,
    155,
    94,
    95,
    248,
    100,
    240,
    241,
    96,
    81,
    131,
    129,
    102,
    90,
    122,
    258,
    110,
    112,
    59,
    88,
    198,
    107,
    139,
    105,
    103,
    100,
    113,
    113,
    113,
    259,
    127,
    259,
    40,
    50,
    100,
    80,
    205,
    48,
    41,
    94,
    211,
    68,
    149,
    271,
    156,
    146,
    268,
    280,
    117,
    262,
    117,
    253,
    261,
    69,
    129,
    123,
    130,
    123,
    172,
    138,
    167,
    180,
    102,
    88,
    133,
    95,
    141,
    130,
    118,
    122,
    115,
    39,
    152,
    201,
    200,
    46,
    194,
    211,
    98,
    90,
    48,
    203,
    154,
    70,
    217,
    226,
    72,
    118,
    227,
    48,
    212,
    96,
    53,
    207,
    153,
    106,
    161,
    112,
    147,
    80,
    209,
    241,
    85,
    125,
    237,
    60,
    121,
    63,
    119,
    117,
    90,
    66,
    77,
    121,
    207,
    240,
    86,
    73,
    125,
    238,
    126,
    140,
    229,
    291,
    272,
    297,
    94,
    90,
    90,
    111,
    73,
    103,
    129,
    32,
    70,
    85,
    36,
    203,
    82,
    65,
    129,
    71,
    128,
    129,
    105,
    87,
    256,
    153,
    131,
    88,
    100,
    252,
    137,
    241,
    55,
    191,
    215,
    103,
    107,
    59,
    214,
    165,
    82,
    235,
    82,
    240,
    153,
    179,
    179,
    334,
    291,
    262,
    158,
    181,
    289,
    309,
    130,
    118,
    165,
    132,
    165,
    138,
    178,
    178,
    124,
    102,
    130,
    77,
    244,
    121,
    73,
    202,
    230,
    73,
    121,
    227,
    222,
    34,
    41,
    90,
    74,
    198,
    85,
    200,
    50,
    53,
    114,
    117,
    121,
    121,
    81,
    129,
    89,
    136,
    52,
    67,
    115,
    105,
    172,
    226,
    55,
    117,
    224,
    187,
    108,
    88,
    133,
    97,
    149,
    86,
    143,
    87,
    130,
    0,
    84,
    236,
    86,
    240,
    144,
    242,
    300,
    294,
    306,
    303,
    138,
    155,
    180,
    296,
    173,
    180,
    308,
    130,
    132,
    94,
    121,
    233,
    80,
    116,
    90,
    200,
    0,
    62,
    53,
    222,
    103,
    113,
    55,
    63,
    224,
    110,
    190,
    88,
    88,
    71,
    205,
    219,
    68,
    118,
    221,
    77,
    129,
    84,
    134,
    67,
    58,
    226,
    116,
    120,
    56,
    67,
    231,
    117,
    193,
    92,
    135,
    264,
    100,
    149,
    148,
    120,
    166,
    144,
    168,
    113,
    125,
    266,
    136,
    259,
    266,
    102,
    136,
    86,
    132,
    140,
    136,
    257,
    259,
    90,
    138,
    155,
    94,
    102,
    116,
    107,
    135,
    254,
    118,
    97,
    83,
    51,
    117,
    118,
    61,
    118,
    239,
    68,
    123,
    123,
    51,
    115,
    53,
    118,
    103,
    141,
    116,
    155,
    51,
    60,
    110,
    176,
    222,
    64,
    51,
    113,
    219,
    98,
    55,
    120,
    59,
    116,
    113,
    156,
    182,
    181,
    140,
    164,
    186,
    183,
    342,
    295,
    277,
    169,
    182,
    295,
    315,
    126,
    114,
    159,
    274,
    137,
    159,
    182,
    90,
    82,
    90,
    131,
    248,
    123,
    86,
    186,
    52,
    109,
    113,
    226,
    219,
    52,
    111,
    106,
    34,
    96,
    37,
    86,
    57,
    216,
    59,
    206,
    63,
    121,
    123,
    63,
    238,
    119,
    163,
    162,
    72,
    135,
    127,
    246,
    252,
    83,
    128,
    138,
    96,
    77,
    129,
    85,
    136,
    140,
    169,
    197,
    181,
    186,
    102,
    122,
    122,
    114,
    268,
    120,
    244,
    124,
    240,
    121,
    121,
    32,
    86,
    37,
    92,
    88,
    45,
    105,
    46,
    100,
    97,
    105,
    154,
    144,
    110,
    250,
    262,
    128,
    147,
    262,
    120,
    120,
    130,
    173,
    173,
    134,
    176,
    176,
    102,
    136,
    130,
    130,
    268,
    147,
    258,
    76,
    129,
    132,
    120,
    97,
    69,
    217,
    221,
    69,
    117,
    225,
    37,
    86,
    36,
    96,
    56,
    121,
    59,
    118,
    41,
    104,
    99,
    112,
    160,
    120,
    154,
    159,
    159,
    122,
    265,
    123,
    261,
    265,
    116,
    101,
    153,
    140,
    130,
    126,
    175,
    151,
    172,
    179,
    132,
    94,
    90,
    113,
    224,
    94,
    39,
    82,
    196,
    42,
    84,
    202,
    0,
    122,
    125,
    57,
    115,
    56,
    113,
    132,
    132,
    98,
    157,
    153,
    101,
    266,
    140,
    61,
    56,
    218,
    115,
    63,
    225,
    185,
    149,
    174,
    178,
    334,
    293,
    260,
    159,
    179,
    287,
    303,
    81,
    235,
    123,
    82,
    237,
    218,
    129,
    165,
    165,
    100,
    82,
    130,
    87,
    132,
    90,
    78,
    78,
    265,
    0,
    0,
    255,
    0,
    0,
    107,
    102,
    55,
    202,
    199,
    51,
    211,
    64,
    211,
    208,
    67,
    219,
    60,
    203,
    205,
    59,
    108,
    215,
    142,
    269,
    159,
    140,
    269,
    272,
    132,
    132,
    97,
    235,
    256,
    101,
    132,
    254,
    88,
    57,
    111,
    119,
    232,
    222,
    58,
    118,
    110,
    87,
    121,
    121,
    94,
    82,
    102,
    268,
    149,
    155,
    117,
    126,
    80,
    40,
    183,
    42,
    195,
    78,
    129,
    127,
    99,
    135,
    112,
    154,
    84,
    130,
    87,
    137,
    105,
    158,
    112,
    146,
    130,
    200,
    168,
    141,
    284,
    175,
    90,
    64,
    128,
    70,
    127,
    127,
    142,
    168,
    188,
    186,
    130,
    132,
    128,
    95,
    120,
    102,
    236,
    121,
    103,
    76,
    107,
    40,
    200,
    82,
    42,
    196,
    76,
    33,
    82,
    36,
    197,
    84,
    53,
    111,
    55,
    116,
    50,
    109,
    51,
    106,
    105,
    47,
    98,
    105,
    45,
    216,
    108,
    54,
    114,
    117,
    214,
    219,
    55,
    111,
    107,
    148,
    176,
    169,
    176,
    0,
    89,
    135,
    99,
    150,
    102,
    130,
    134,
    122,
    106,
    146,
    120,
    156,
    122,
    128,
    103,
    210,
    110,
    116,
    52,
    44,
    213,
    83,
    104,
    44,
    57,
    211,
    104,
    126,
    66,
    131,
    125,
    240,
    245,
    73,
    125,
    131,
    91,
    239,
    93,
    246,
    114,
    260,
    111,
    254,
    257,
    145,
    145,
    72,
    126,
    70,
    129,
    93,
    135,
    104,
    151,
    144,
    186,
    186,
    134,
    137,
    176,
    165,
    175,
    102,
    86,
    78,
    123,
    120,
    204,
    99,
    92,
    86,
    53,
    115,
    117,
    59,
    226,
    119,
    61,
    117,
    123,
    235,
    230,
    64,
    119,
    118,
    105,
    113,
    113,
    114,
    94,
    264,
    171,
    139,
    102,
    108,
    257,
    148,
    250,
    141,
    141,
    112,
    160,
    122,
    153,
    88,
    121,
    120,
    130,
    180,
    129,
    277,
    283,
    171,
    137,
    143,
    277,
    161,
    310,
    102,
    90,
    124,
    93,
    204,
    111,
    120,
    120,
    50,
    0,
    61,
    221,
    67,
    213,
    58,
    119,
    58,
    112,
    113,
    131,
    131,
    85,
    96,
    138,
    246,
    254,
    120,
    88,
    133,
    258,
    156,
    119,
    263,
    125,
    258,
    265,
    122,
    171,
    136,
    168,
    179,
    90,
    68,
    128,
    69,
    129,
    102,
    89,
    133,
    102,
    142,
    132,
    90,
    102,
    88,
    244,
    0,
    244,
    140,
    99,
    0,
    90,
    42,
    152,
    193,
    207,
    95,
    89,
    45,
    198,
    79,
    71,
    132,
    127,
    239,
    251,
    79,
    127,
    134,
    75,
    132,
    129,
    241,
    252,
    80,
    129,
    138,
    99,
    243,
    103,
    249,
    71,
    130,
    127,
    71,
    246,
    129,
    84,
    131,
    131,
    94,
    78,
    130,
    129,
    130,
    124,
    173,
    144,
    173,
    138,
    178,
    136,
    90,
    157,
    119,
    88,
    90,
    53,
    158,
    213,
    105,
    107,
    191,
    83,
    216,
    52,
    68,
    110,
    193,
    117,
    221,
    107,
    34,
    83,
    86,
    41,
    34,
    198,
    48,
    83,
    34,
    39,
    196,
    85,
    67,
    107,
    107,
    121,
    121,
    93,
    135,
    100,
    146,
    106,
    154,
    147,
    0,
    56,
    111,
    118,
    60,
    223,
    121,
    116,
    125,
    266,
    139,
    268,
    146,
    186,
    187,
    188,
    140,
    78,
    90,
    0,
    98,
    94,
    106,
    93,
    222,
    121,
    110,
    191,
    189,
    53,
    155,
    206,
    49,
    99,
    213,
    37,
    88,
    39,
    98,
    129,
    127,
    129,
    53,
    44,
    213,
    85,
    103,
    44,
    56,
    209,
    106,
    131,
    74,
    205,
    232,
    78,
    123,
    229,
    142,
    177,
    153,
    175,
    81,
    129,
    252,
    85,
    135,
    135,
    130,
    185,
    279,
    171,
    163,
    283,
    316,
    140,
    173,
    172,
    182,
    181,
    185,
    294,
    298,
    172,
    182,
    316,
    130,
    130,
    90,
    121,
    228,
    124,
    254,
    125,
    220,
    122,
    118,
    204,
    84,
    99,
    217,
    107,
    77,
    238,
    81,
    231,
    221,
    49,
    104,
    47,
    110,
    143,
    143,
    65,
    125,
    125,
    71,
    127,
    125,
    68,
    241,
    127,
    112,
    148,
    274,
    118,
    158,
    169,
    122,
    140,
    268,
    148,
    262,
    270,
    146,
    178,
    186,
    187,
    191,
    214,
    140,
    88,
    102,
    121,
    213,
    39,
    38,
    208,
    50,
    91,
    90,
    95,
    0,
    239,
    73,
    226,
    231,
    82,
    239,
    77,
    215,
    234,
    78,
    123,
    232,
    46,
    113,
    105,
    113,
    93,
    135,
    97,
    146,
    133,
    133,
    71,
    125,
    246,
    75,
    125,
    135,
    130,
    132,
    162,
    164,
    318,
    285,
    239,
    139,
    173,
    281,
    301,
    134,
    176,
    177,
    130,
    122,
    88,
    284,
    118,
    118,
    163,
    61,
    121,
    121,
    37,
    94,
    95,
    197,
    211,
    40,
    98,
    81,
    53,
    115,
    53,
    110,
    54,
    117,
    116,
    55,
    224,
    118,
    148,
    272,
    269,
    155,
    155,
    140,
    266,
    273,
    218,
    294,
    177,
    232,
    288,
    301,
    134,
    144,
    202,
    171,
    152,
    286,
    176,
    90,
    81,
    69,
    237,
    126,
    124,
    80,
    240,
    124,
    205,
    131,
    175,
    170,
    130,
    82,
    103,
    218,
    110,
    117,
    70,
    236,
    75,
    32,
    83,
    82,
    125,
    125,
    35,
    96,
    89,
    189,
    211,
    39,
    95,
    78,
    136,
    137,
    123,
    85,
    212,
    221,
    239,
    125,
    79,
    242,
    212,
    52,
    63,
    113,
    171,
    222,
    66,
    52,
    113,
    219,
    99,
    75,
    204,
    231,
    76,
    123,
    229,
    90,
    67,
    127,
    68,
    124,
    127,
    102,
    138,
    117,
    244,
    261,
    265,
    148,
    140,
    109,
    263,
    248,
    90,
    102,
    82,
    109,
    134,
    42,
    47,
    101,
    85,
    205,
    52,
    42,
    96,
    212,
    68,
    95,
    123,
    84,
    71,
    241,
    129,
    127,
    0,
    241,
    126,
    211,
    46,
    106,
    46,
    107,
    133,
    132,
    49,
    112,
    107,
    117,
    165,
    132,
    166,
    174,
    61,
    123,
    121,
    53,
    116,
    57,
    110,
    119,
    143,
    143,
    90,
    66,
    122,
    68,
    125,
    102,
    94,
    78,
    116,
    125,
    238,
    75,
    197,
    59,
    186,
    212,
    60,
    105,
    216,
    50,
    115,
    55,
    111,
    110,
    57,
    199,
    201,
    51,
    105,
    211,
    113,
    65,
    196,
    203,
    221,
    117,
    117,
    66,
    223,
    195,
    96,
    237,
    256,
    105,
    133,
    257,
    138,
    174,
    143,
    175,
    94,
    97,
    243,
    242,
    100,
    251,
    92,
    89,
    239,
    246,
    134,
    125,
    90,
    247,
    226,
    118,
    86,
    94,
    96,
    105,
    214,
    76,
    78,
    61,
    119,
    62,
    121,
    61,
    121,
    61,
    116,
    120,
    71,
    59,
    230,
    118,
    123,
    62,
    74,
    235,
    118,
    197,
    113,
    113,
    51,
    115,
    52,
    112,
    106,
    64,
    123,
    124,
    88,
    74,
    204,
    226,
    71,
    118,
    224,
    130,
    173,
    173,
    102,
    90,
    112,
    250,
    102,
    101,
    129,
    129,
    254,
    246,
    214,
    129,
    219,
    125,
    129,
    54,
    182,
    200,
    50,
    102,
    210,
    101,
    46,
    55,
    103,
    107,
    74,
    158,
    212,
    58,
    42,
    106,
    213,
    84,
    98,
    237,
    256,
    107,
    134,
    257,
    58,
    217,
    113,
    63,
    216,
    184,
    108,
    90,
    262,
    168,
    134,
    99,
    107,
    255,
    143,
    250,
    141,
    141,
    0,
    59,
    70,
    118,
    195,
    233,
    74,
    63,
    121,
    228,
    118,
    94,
    129,
    129,
    140,
    165,
    203,
    184,
    177,
    184,
    130,
    86,
    78,
    98,
    125,
    248,
    134,
    139,
    250,
    242,
    136,
    141,
    134,
    120,
    86,
    35,
    95,
    89,
    181,
    212,
    39,
    93,
    79,
    119,
    119,
    62,
    189,
    219,
    63,
    111,
    216,
    80,
    129,
    132,
    128,
    75,
    91,
    129,
    222,
    245,
    93,
    81,
    127,
    246,
    139,
    87,
    149,
    146,
    96,
    262,
    135,
    62,
    77,
    123,
    206,
    241,
    84,
    72,
    125,
    236,
    126,
    146,
    186,
    186,
    140,
    157,
    183,
    181,
    112,
    102,
    102,
    253,
    115,
    84,
    203,
    103,
    105,
    100,
    38,
    91,
    88,
    39,
    96,
    84,
    41,
    104,
    216,
    43,
    104,
    90,
    121,
    121,
    107,
    110,
    130,
    175,
    152,
    170,
    186,
    135,
    135,
    88,
    55,
    115,
    57,
    121,
    98,
    101,
    244,
    244,
    100,
    252,
    94,
    82,
    90,
    101,
    211,
    105,
    107,
    81,
    69,
    238,
    126,
    125,
    66,
    81,
    241,
    125,
    207,
    129,
    130,
    126,
    263,
    266,
    150,
    148,
    117,
    262,
    256,
    50,
    112,
    114,
    58,
    119,
    62,
    121
  ],
  "full_surface_samples": 8000,
  "complete_residual_N": [
    6.147492172397424e-12,
    8.160516581436429e-12,
    9.616589784623324e-12,
    7.481847886578864e-12,
    1.3157505881059137e-11,
    9.14569749026166e-12,
    9.67435311981343e-13,
    9.781608121768069e-13,
    1.005564639244414e-12,
    8.767185537099592e-13,
    1.2158897439457329e-12,
    2.6322752103610675e-12,
    1.1077398632721031e-13,
    8.03441563929446e-12,
    7.706335221123274e-12,
    6.247221279396642e-12,
    7.22022137288267e-12,
    6.890188577337474e-12,
    9.016472313574544e-12,
    7.31616091567937e-12,
    7.714422468177973e-12,
    8.189110008971494e-12,
    1.003115464454893e-12,
    9.39892145002419e-13,
    9.500961983234049e-13,
    1.1146347139314493e-12,
    1.709622774638956e-12,
    6.960689162039861e-13,
    6.134172099101678e-13,
    1.6859988799465944e-12,
    8.509274175741488e-12,
    7.531154421341077e-12,
    9.851576544133658e-12,
    7.38431087851069e-12,
    7.730667914769402e-12,
    8.634423897778785e-12,
    8.383132072557569e-12,
    1.3316618840748438e-11,
    9.952976676967891e-13,
    8.909722947023481e-13,
    9.641752995466327e-13,
    1.0498469592286435e-12,
    1.1421541095104637e-12,
    9.611091351024605e-13,
    7.636643499218101e-12,
    1.5476744463513568e-12,
    8.226411077936946e-12,
    1.0708815350534009e-11,
    1.1008235069040762e-11,
    7.74504437570497e-12,
    9.40182339064449e-12,
    9.096061144101198e-12,
    8.57487336598753e-12,
    9.205000189961873e-12,
    8.732012612619007e-13,
    8.566825375001534e-13,
    9.547732885690549e-13,
    8.969472206705993e-13,
    1.1239583462188195e-12,
    8.413908802046689e-13,
    4.2527790848362457e-13,
    4.281272868226675e-15,
    7.909060492573182e-12,
    8.452177129291657e-12,
    9.644586711419632e-12,
    9.379027047006598e-12,
    7.450896431222675e-12,
    7.707930516464299e-12,
    8.804231586393055e-12,
    1.201629833745634e-11,
    1.3098406035790037e-12,
    8.847653099919253e-13,
    9.288412673926146e-13,
    9.276673364499127e-13,
    1.777995193592719e-12,
    1.5648501552656422e-12,
    1.832925891722562e-12,
    2.592163759816326e-12,
    7.900247671093996e-12,
    7.314642656218046e-12,
    6.89474666209841e-12,
    8.006830051377444e-12,
    7.798129967762422e-12,
    7.683850898081806e-12,
    8.797132696122175e-12,
    9.212983140330652e-12,
    9.057175594354974e-12,
    9.022544110973254e-13,
    9.111716869980698e-13,
    9.303764976178648e-13,
    1.022010180173874e-12,
    1.0013446004341792e-12,
    1.0387429002345404e-12,
    2.6664916760450445e-13,
    3.0049197997845703e-12,
    6.990270062001767e-12,
    8.498217225207143e-12,
    7.2168348549290445e-12,
    9.991452592939698e-12,
    7.19387577881443e-12,
    9.95432506249399e-12,
    1.2508071702309649e-11,
    9.995281679471823e-12,
    8.652938240089516e-13,
    8.426245777683522e-13,
    9.263145352897198e-13,
    9.90245677018743e-13,
    3.352473281869747e-13,
    6.575086134197433e-12,
    1.0758886664899943e-12,
    1.4612373064432991e-12,
    7.55170432817309e-12,
    1.0826821342944754e-11,
    1.0136147940056805e-11,
    7.748619353658778e-12,
    1.1869542056914361e-11,
    8.923972337572736e-12,
    7.487678642412176e-12,
    1.2991613795699732e-11,
    9.511942322380565e-13,
    9.938160512570288e-13,
    9.255072951575603e-13,
    1.264952270870312e-12,
    7.981025897248728e-13,
    1.0276192605825626e-12,
    8.467018849216731e-13,
    8.910261709372441e-15,
    6.9745547710828195e-12,
    6.748843759522585e-12,
    9.975096660735251e-12,
    7.732204084374629e-12,
    1.0492503373803358e-11,
    8.724202877264275e-12,
    8.555569659318816e-12,
    7.305000620171599e-12,
    8.808947417601576e-13,
    9.615451585514565e-13,
    9.587557699069527e-13,
    1.375412990598501e-12,
    8.899092178744145e-13,
    9.301662999979992e-13,
    7.452854781090922e-13,
    7.585898740961232e-15,
    7.943794607768367e-12,
    9.205266455928482e-12,
    7.714854616166572e-12,
    9.368500064784568e-12,
    8.743671799026704e-12,
    8.132309288105248e-12,
    1.0346405427514206e-11,
    1.0090821940704019e-11,
    1.109249704452283e-11,
    9.47127688755175e-13,
    9.354839155568754e-13,
    0.0,
    1.1006094630270613e-12,
    1.016493168794479e-12,
    1.3488267422732477e-12,
    9.14211023822708e-13,
    6.930522812397967e-12,
    1.0399050393553173e-11,
    9.350595684566325e-12,
    7.714027723900048e-12,
    6.308577156760936e-12,
    8.180999943576653e-12,
    7.289055955365427e-12,
    1.2174774586345166e-11,
    9.791722614405392e-12,
    9.998692107905475e-13,
    8.548979699127859e-13,
    8.087760380641537e-13,
    1.2075390661931865e-12,
    1.2550597308528848e-12,
    4.86101721890799e-13,
    7.326073218786549e-13,
    2.086497634962645e-12,
    7.649469759546328e-12,
    8.093540276164191e-12,
    1.0155129969923576e-11,
    9.725379745832117e-12,
    8.401048944251265e-12,
    1.0391911499064353e-11,
    8.473239853774104e-12,
    1.014082929254623e-11,
    9.386055156205627e-13,
    1.0052143407468162e-12,
    9.684101594478542e-13,
    1.6870446385865687e-12,
    8.064289127871459e-13,
    9.26784457649522e-13,
    6.146403438595565e-13,
    2.17740934293053e-12,
    8.197071235018726e-12,
    8.214723189300557e-12,
    7.79281612675204e-12,
    6.828873837341664e-12,
    7.271021271289852e-12,
    1.110832995440727e-11,
    8.283595962822876e-12,
    8.876106092857354e-12,
    8.953117083980646e-13,
    9.00189240062571e-13,
    9.423675780552154e-13,
    9.999899655352787e-13,
    7.352467034350575e-13,
    7.812070628472038e-12,
    5.359696650336466e-13,
    1.1856747341553404e-14,
    7.877123738980394e-12,
    9.816744225983644e-12,
    1.0797181805243594e-11,
    9.33413762569102e-12,
    7.914461725014829e-12,
    8.727625708388622e-12,
    8.481646165359493e-12,
    8.310789284730611e-12,
    9.34853890382115e-13,
    8.933463250982002e-13,
    8.196393694363932e-13,
    1.0185169040745582e-12,
    2.3110475674390414e-13,
    8.229466718193208e-12,
    1.0614318408241326e-12,
    1.483869318983379e-12,
    1.0550459948750399e-11,
    7.435918180934438e-12,
    9.633008707235262e-12,
    9.89731315066066e-12,
    7.823555024717597e-12,
    9.43484028062751e-12,
    1.0360057483694211e-11,
    7.651088164707832e-12,
    7.5183428987321e-12,
    9.313429041418476e-13,
    9.825998354427218e-13,
    8.414536756947097e-13,
    8.109353203519855e-13,
    8.017190849937662e-12,
    6.709090658850375e-13,
    2.235511696643449e-13,
    8.141714304719517e-12,
    1.0487497751274883e-11,
    7.2733295514918e-12,
    1.028660252200213e-11,
    7.632682958648459e-12,
    8.092723760176134e-12,
    1.0893618060292974e-11,
    1.0580119130381727e-11,
    1.0003917269153676e-11,
    9.039266784212646e-13,
    9.047221685406851e-13,
    9.291100711638793e-13,
    5.280680010441005e-13,
    1.3218232763855826e-12,
    1.4636502747979511e-12,
    1.5462741347455825e-12,
    2.8202984483713375e-13,
    7.105467367052332e-12,
    8.467649491397446e-12,
    8.256478986573058e-12,
    7.6238979639872e-12,
    6.395992975944776e-12,
    9.7255437091302e-12,
    8.017399492886452e-12,
    8.53933284374209e-12,
    9.482655063863578e-13,
    9.315283522430426e-13,
    1.0183724545710835e-12,
    1.29153438750763e-12,
    9.011114649491931e-13,
    8.341608726721005e-12,
    7.311349859849646e-13,
    8.378169142055091e-15,
    9.622903856038855e-12,
    8.582488288260148e-12,
    6.226625832052194e-12,
    6.993815572539885e-12,
    1.1027196731564405e-11,
    8.048288732139028e-12,
    8.013539136251012e-12,
    9.423736312339837e-12,
    8.738630040625034e-13,
    9.348165708521457e-13,
    9.471804981637864e-13,
    1.4240705906526797e-12,
    8.937851182370964e-13,
    7.29348976027351e-13,
    2.567775648990376e-13,
    3.8083464583690414e-15,
    7.515784346313485e-12,
    9.867843687580697e-12,
    6.948932798924875e-12,
    7.819950853421362e-12,
    7.265730909860788e-12,
    8.293780944713847e-12,
    8.48712169804346e-12,
    7.711198241130172e-12,
    8.089169908830856e-12,
    8.036954791621386e-13,
    8.815261362851472e-13,
    1.1474883533922298e-12,
    1.010989950814442e-12,
    8.962101936222251e-13,
    7.292254807762479e-12,
    1.7374151878908381e-12,
    9.045598530732796e-12,
    9.665557531459172e-12,
    1.1019234809693297e-11,
    8.266219083300008e-12,
    9.717064612430901e-12,
    6.473032491524992e-12,
    9.051914953030283e-12,
    7.910314269653164e-12,
    8.57802578449628e-12,
    9.35690234176992e-13,
    9.536769360684485e-13,
    8.519661721557069e-13,
    9.200219230757182e-13,
    1.2082841510674939e-12,
    1.1397427117247473e-12,
    3.2191417150811425e-12,
    3.2462126755434363e-12,
    1.20650149768538e-11,
    7.832509178475301e-12,
    1.1633737238820819e-11,
    7.261441317373649e-12,
    1.1094148111467858e-11,
    7.098512852716441e-12,
    9.470750787341102e-12,
    9.084803776472415e-12,
    8.902677940507847e-13,
    9.535350583852443e-13,
    9.474316315368692e-13,
    9.928026265686702e-13,
    1.3462090603569455e-12,
    3.1317321085367455e-12,
    3.5239197357656207e-13,
    1.7173968692115722e-12,
    8.937115519275096e-12,
    7.52242595288779e-12,
    6.56056086447706e-12,
    7.52978991617167e-12,
    1.0788572401353363e-11,
    7.719987433311212e-12,
    8.538936464787927e-12,
    1.252579122810916e-11,
    9.405167984251556e-13,
    9.350741019248817e-13,
    8.81712338173542e-13,
    1.078954511696683e-12,
    6.883102095001031e-18,
    5.822091517037692e-13,
    5.96778445984233e-13,
    1.9272177710582054e-13,
    1.0145924668946888e-11,
    7.55055789888016e-12,
    9.207631011117092e-12,
    1.0303059835013612e-11,
    8.53767527477208e-12,
    6.9824730585300755e-12,
    9.466193207715826e-12,
    1.3133920637508176e-11,
    8.282483223308854e-13,
    7.725147929837511e-13,
    8.801763796692881e-13,
    8.695031182665153e-13,
    1.1405549372222378e-12,
    1.6037439636830699e-12,
    6.49997916652088e-13,
    2.4777692915132566e-15,
    1.1812533702624385e-11,
    1.0342372077262995e-11,
    7.177516992304617e-12,
    9.31801351248416e-12,
    7.70573415979875e-12,
    7.331485830710231e-12,
    8.271588168910764e-12,
    8.357456706538786e-12,
    1.0228857632079684e-11,
    9.023391978901713e-13,
    8.96329612553829e-13,
    2.81566650926877e-12,
    1.5031530167782406e-12,
    1.5309052438802285e-12,
    9.09774640090931e-13,
    3.966045543567527e-12,
    6.601648410510665e-12,
    9.523896628691296e-12,
    7.758664413075438e-12,
    7.652948025383308e-12,
    6.818501682934148e-12,
    8.950548554197522e-12,
    7.454088793683897e-12,
    7.0003385591046825e-12,
    9.821528704974382e-12,
    1.0392466323056247e-12,
    9.395431238555712e-13,
    1.0001615616250614e-12,
    5.971030848807034e-13,
    1.6780412502980143e-12,
    8.063904858603339e-12,
    8.051904156742273e-13,
    1.2711593890927252e-12,
    7.28368164801869e-12,
    8.386646671734924e-12,
    6.54660646747965e-12,
    1.1361735616192416e-11,
    7.35851582010463e-12,
    7.743065177428071e-12,
    1.2243888900953457e-11,
    7.634288669335632e-12,
    8.658668761674969e-13,
    9.288616614118561e-13,
    9.447187952173333e-13,
    1.1035253236412704e-12,
    5.84227374073029e-13,
    9.821340194191088e-13,
    1.076931438620534e-13,
    1.893707089282438e-12,
    8.56608137118929e-12,
    1.0153348933839975e-11,
    7.25017235259599e-12,
    7.147405741303082e-12,
    6.790465877531227e-12,
    7.444266892732146e-12,
    8.886923068126138e-12,
    8.239820594026732e-12,
    8.611886286610012e-13,
    9.50361863758825e-13,
    8.747571634613077e-13,
    9.209457943388292e-13,
    1.2398033737464326e-12,
    3.1358638397998413e-12,
    3.9517727201970125e-13,
    3.3790872691754833e-15,
    9.552415542744754e-12,
    8.376039961173277e-12,
    8.427685180087142e-12,
    8.86560645333065e-12,
    7.809200162744485e-12,
    9.170962326384821e-12,
    9.108716314603478e-12,
    7.840264521897765e-12,
    2.2061364528770078e-12,
    8.674561873525381e-13,
    9.697994137997758e-13,
    1.2690832129722342e-12,
    3.5440901771547185e-12,
    1.2386421261801023e-12,
    6.610499448863734e-13,
    1.4736105408135137e-13,
    8.195149420532532e-12,
    8.893503332890699e-12,
    9.531256394534433e-12,
    7.392604883681608e-12,
    7.200292249704419e-12,
    7.49438839333929e-12,
    8.238955557280135e-12,
    1.2006426095287338e-11,
    8.986805992425041e-12,
    9.075574778612088e-13,
    8.414064614731592e-13,
    8.242795764514522e-13,
    1.1004800392210212e-12,
    2.0473963476249325e-12,
    5.525510214134549e-13,
    3.238439959387667e-12,
    3.923689179817784e-12,
    1.0171969180099133e-11,
    1.0229889350865049e-11,
    9.710514674360958e-12,
    1.109665683837757e-11,
    8.103208379614107e-12,
    9.672524422457104e-12,
    8.9798906929698e-12,
    1.1712092107609622e-11,
    8.862810655069274e-13,
    9.412364870789494e-13,
    9.659612017029081e-13,
    1.1123072610739951e-12,
    1.248933903224728e-12,
    6.763680456056728e-12,
    6.370891449114899e-13,
    1.5074778847922424e-12,
    8.992250000341581e-12,
    6.946407603217729e-12,
    7.30286909222811e-12,
    7.179639585263927e-12,
    1.059275954357843e-11,
    6.736566329747533e-12,
    9.176591819103206e-12,
    1.0799443782801802e-11,
    8.15002208922384e-13,
    8.813461531727441e-13,
    9.311991081316479e-13,
    1.1229212328730293e-12,
    3.780970646902734e-18,
    6.50012135617926e-13,
    7.248201801936107e-13,
    1.977859655125673e-12,
    7.145919338690045e-12,
    8.266559827594576e-12,
    8.613160804539594e-12,
    7.239989523719166e-12,
    1.0111090258390912e-11,
    9.050004575468838e-12,
    9.083579354177381e-12,
    8.88300425147482e-12,
    8.749707884751211e-13,
    9.119109402326932e-13,
    9.113896289360778e-13,
    1.1269276640542471e-12,
    1.211005931586101e-12,
    2.4321106253478082e-12,
    2.64911574528397e-12,
    5.643387528124359e-15,
    9.083333539757364e-12,
    7.746607441337185e-12,
    6.791245087009897e-12,
    8.31053799230725e-12,
    8.132996333258058e-12,
    9.715159168417306e-12,
    1.0999133851702292e-11,
    7.293954644803283e-12,
    1.2246754058929025e-11,
    8.960498696064976e-13,
    9.404632584134417e-13,
    0.0,
    9.744747729422462e-13,
    1.0086369481889752e-12,
    6.76348552756863e-12,
    2.0463021371919123e-12,
    1.04001179317517e-11,
    1.0116187525379783e-11,
    9.032295044510553e-12,
    9.279917694111574e-12,
    8.380010709875235e-12,
    1.0335400619690426e-11,
    1.1794254521886429e-11,
    8.951002612318623e-12,
    1.2081687590706401e-11,
    1.016081792004784e-12,
    8.731106912180721e-13,
    8.787853593130668e-13,
    7.612800607877715e-13,
    5.813316946639326e-13,
    1.4938954246357373e-12,
    3.858134302784252e-13,
    2.436482140516743e-12,
    1.1051548473386123e-11,
    7.659522685252924e-12,
    7.214485100984904e-12,
    8.702562243362855e-12,
    8.043391328446068e-12,
    1.1581357158413905e-11,
    8.240931499607227e-12,
    9.737417389019128e-12,
    8.463028834315343e-13,
    9.162014611802308e-13,
    9.047280214183051e-13,
    1.114008327943149e-12,
    9.92990870636135e-19,
    7.079201722894916e-12,
    1.881615063859238e-12,
    4.772036044862146e-15,
    7.250206853666186e-12,
    7.1913512768459395e-12,
    7.572106468612815e-12,
    8.882393704220516e-12,
    6.582580392633322e-12,
    6.8775701805353515e-12,
    8.640168046195928e-12,
    9.886502603045803e-12,
    8.205998233820149e-13,
    8.72521473364833e-13,
    9.106522158875763e-13,
    1.3051376015323475e-12,
    1.196338900603565e-12,
    7.136747597190298e-13,
    7.572486482828295e-13,
    3.266710447215727e-15,
    8.563148775419946e-12,
    7.609184669210487e-12,
    7.292818431765422e-12,
    8.226260883877087e-12,
    7.307978175807246e-12,
    6.840649514329325e-12,
    8.477583031782232e-12,
    1.1358525477386881e-11,
    9.264481920022428e-13,
    9.85624675257389e-13,
    8.432385597655284e-13,
    5.926838455479203e-13,
    6.736393971529517e-13,
    6.677468419931572e-12,
    5.634611642617498e-13,
    1.6035630708776825e-12,
    1.043082915312811e-11,
    1.0597375443275448e-11,
    9.093304362539904e-12,
    7.317302823349235e-12,
    8.088796591772131e-12,
    9.19768195599619e-12,
    7.710327332494335e-12,
    9.105371724574748e-12,
    9.232611808601241e-12,
    8.482293317634002e-13,
    9.33378125205989e-13,
    8.469296018852827e-13,
    1.085858574330666e-12,
    1.0006917456266978e-12,
    7.724253401373427e-13,
    8.772526214689371e-13,
    7.786558754151147e-12,
    1.0000192414526853e-11,
    6.835036818513374e-12,
    9.096803653134945e-12,
    7.674788593279244e-12,
    8.359679910127413e-12,
    8.105469480424157e-12,
    9.093865348969292e-12,
    7.92751844844236e-12,
    8.410473146932127e-13,
    9.658759518951776e-13,
    9.153307140096978e-13,
    9.133180567159485e-13,
    7.111257522452077e-13,
    9.036472358106153e-13,
    6.495542747142743e-13,
    1.4815635127880753e-12,
    6.5562459435722595e-12,
    1.0452556905396098e-11,
    9.383887388327492e-12,
    7.204231580485086e-12,
    8.090794477494244e-12,
    1.0934103238462284e-11,
    9.075697406418213e-12,
    7.94050864624833e-12,
    8.375314568041929e-13,
    9.833132761605149e-13,
    8.968358523561855e-13,
    1.1631797161101703e-12,
    1.0161444644317651e-12,
    8.302218734342245e-13,
    7.295674382156042e-13,
    1.6397956265068499e-12,
    8.714711987508318e-12,
    9.900442075764242e-12,
    7.623093335801444e-12,
    8.55152778327635e-12,
    1.0433657008273696e-11,
    7.235326867807299e-12,
    9.202826423307825e-12,
    8.866710474269512e-12,
    1.0023929019816226e-12,
    9.07644483354202e-13,
    9.608745969068944e-13,
    8.962327337086452e-13,
    9.398045421573375e-13,
    1.0265013535156175e-12,
    8.87101064268224e-13,
    1.0580236055872002e-14,
    1.0273171733969414e-11,
    8.100095516319855e-12,
    7.597166758495529e-12,
    9.400308525738145e-12,
    8.217128244163498e-12,
    1.0215704954043823e-11,
    1.0494372993366624e-11,
    1.126758286095081e-11,
    1.260348292216435e-12,
    8.557155879897174e-13,
    7.668899224199129e-13,
    8.681017007127584e-13,
    2.598322033311843e-12,
    1.3849480556091214e-12,
    7.161000317426843e-12,
    1.5011634878251453e-15,
    6.934139483475644e-12,
    8.230542303222078e-12,
    1.0841149260361173e-11,
    1.0716476018113192e-11,
    8.467202752192376e-12,
    1.0001998325406875e-11,
    7.28321954849459e-12,
    1.024567237935815e-11,
    9.976563369156504e-12,
    8.23028386672646e-13,
    8.387280044536756e-13,
    9.012243498346386e-13,
    7.310498790401784e-13,
    5.045090540854343e-13,
    4.919458864600757e-13,
    6.3106513767613575e-12,
    4.0534963402614625e-12,
    8.286433366106393e-12,
    1.1461818727603479e-11,
    7.860353476575998e-12,
    6.5167472828822114e-12,
    7.135853118215124e-12,
    7.952973621447358e-12,
    1.1268619183602157e-11,
    1.1108723426742554e-11,
    8.701271101893205e-13,
    9.610001108606273e-13,
    8.876485458293738e-13,
    1.0834991305391038e-12,
    8.53103581252134e-15,
    9.621209662845447e-13,
    4.1347768075788837e-13,
    1.8161377464561504e-15,
    7.621649841474213e-12,
    7.956588423573223e-12,
    7.413147533344771e-12,
    8.313559605535906e-12,
    9.923065637833107e-12,
    7.081189812000828e-12,
    7.688032689487515e-12,
    1.063600507543995e-11,
    9.167861473622696e-13,
    8.492306634915218e-13,
    9.117645762781521e-13,
    9.037806204459608e-13,
    1.1048825561754228e-12,
    1.0993991471083196e-12,
    8.16589323836114e-13,
    5.164680714510734e-15,
    7.545864359284664e-12,
    1.0004824984328845e-11,
    8.518403542815367e-12,
    9.298921274145241e-12,
    9.022526199935691e-12,
    8.587454023964145e-12,
    1.0083232275417663e-11,
    1.2111398375138198e-11,
    8.661147123311019e-13,
    7.976862356377259e-13,
    8.805375735293573e-13,
    7.759866354390162e-13,
    1.0682142606457113e-12,
    4.564867981322091e-13,
    2.8099036700265124e-12,
    1.5313340036131362e-12,
    8.575537753701357e-12,
    8.638777118522736e-12,
    8.443401800075055e-12,
    7.91937472583726e-12,
    9.036178626588365e-12,
    9.597246959447627e-12,
    8.998199889264252e-12,
    1.0834114461046255e-11,
    9.234174074623642e-12,
    9.13225269374094e-13,
    9.235751844701358e-13,
    0.0,
    1.389891828742225e-12,
    9.172434404284573e-13,
    9.736914609330256e-13,
    2.8146037880530714e-13,
    8.00612308705639e-12,
    8.001048538197664e-12,
    8.409467318988806e-12,
    7.739959228594758e-12,
    1.0434023441355866e-11,
    1.1506322026115902e-11,
    8.542470418012496e-12,
    9.991546731874105e-12,
    9.975980271397004e-12,
    9.115201728727946e-13,
    9.658716514643512e-13,
    9.67611104322806e-13,
    1.4698051047645132e-12,
    1.1263146225693289e-12,
    1.920479257608098e-12,
    6.601642000434834e-13,
    2.155664420883992e-12,
    7.865450599271574e-12,
    6.784611407201919e-12,
    1.0970588167682931e-11,
    7.627096758258035e-12,
    1.1082508586957006e-11,
    8.577345986506357e-12,
    1.016814802479071e-11,
    8.628211785727443e-12,
    8.881959495186195e-13,
    9.50501888416021e-13,
    8.696081413721236e-13,
    8.310014093784403e-13,
    7.376230285914084e-13,
    9.944724897523986e-13,
    1.407098439798053e-13,
    9.255748414521844e-13,
    8.500747097864901e-12,
    8.512893275966244e-12,
    1.0244235995423308e-11,
    6.693325955059756e-12,
    7.169947694901397e-12,
    7.51061707779631e-12,
    9.125427672499316e-12,
    9.900120816625039e-12,
    9.589909523424477e-13,
    9.15042465477027e-13,
    9.042653214134269e-13,
    4.800230626802916e-13,
    1.3794108792121598e-12,
    4.4558580274849486e-13,
    6.58085718821044e-13,
    5.952067797447625e-13,
    8.256085319821384e-12,
    8.010283056586859e-12,
    9.08914550398096e-12,
    6.879859045503982e-12,
    8.558634570953324e-12,
    1.0825966586528378e-11,
    1.1183778387475024e-11,
    8.914495293171346e-12,
    2.1993275670792253e-12,
    9.441724309267889e-13,
    9.360936779209729e-13,
    5.11272837091837e-13,
    2.663872950344905e-12,
    6.779792301036505e-13,
    7.303078302844168e-12,
    1.5007242063977752e-12,
    1.0092287126686643e-11,
    8.428405992777546e-12,
    9.926567332958723e-12,
    1.1453048884807011e-11,
    9.265783863096786e-12,
    1.0318296624588805e-11,
    7.799813877840354e-12,
    9.512235457204773e-12,
    1.0154152961843176e-11,
    9.450260865377727e-13,
    9.215805362538079e-13,
    8.789308068337431e-13,
    1.2704920850976316e-12,
    1.189384686565678e-12,
    6.171108720751166e-13,
    5.225609042203878e-12,
    7.81333060256579e-12,
    1.082737121375891e-11,
    1.089431685972574e-11,
    8.1337665749021e-12,
    6.304646718906019e-12,
    9.03468504632501e-12,
    7.1354263898957985e-12,
    8.193102409916658e-12,
    8.242790785421022e-12,
    8.475793120942475e-13,
    9.960465495733212e-13,
    9.996492114595536e-13,
    8.498911739167241e-13,
    8.359204352599204e-13,
    8.126135432275244e-12,
    7.985407071833985e-13,
    2.1580456333229023e-12,
    7.222204439597323e-12,
    9.13691024759185e-12,
    9.750027155716275e-12,
    1.0232201321185421e-11,
    9.167735764309849e-12,
    7.109196114945383e-12,
    8.358718135207317e-12,
    7.67049386059964e-12,
    9.077428318011004e-13,
    1.0230551313197618e-12,
    8.12623187863335e-13,
    1.1799265773967856e-12,
    1.6252339128695823e-12,
    6.020869830684569e-12,
    1.014743499342254e-12,
    1.127920344929566e-12,
    6.939362655840695e-12,
    6.4623664958082425e-12,
    1.1137826713084163e-11,
    1.029647223640162e-11,
    1.0661637849766149e-11,
    7.057801283757323e-12,
    8.593786029583455e-12,
    1.0046125452993419e-11,
    7.92927966275121e-13,
    9.235208674472146e-13,
    9.187334242881122e-13,
    4.762695706691137e-13,
    1.0597864165807437e-12,
    6.243523105574309e-13,
    4.828638822050794e-13,
    5.140534418335717e-15,
    1.0062635966354755e-11,
    8.359639615876455e-12,
    7.634408914154197e-12,
    8.344373100257636e-12,
    7.452941892795552e-12,
    9.006496290023867e-12,
    9.44211593916956e-12,
    8.133724289879755e-12,
    9.187656163564247e-12,
    8.699103462995663e-13,
    9.807542825005287e-13,
    9.698414484174028e-13,
    1.308388078211459e-12,
    1.0590562478334157e-12,
    5.679028331406659e-13,
    1.4262377545770966e-12,
    1.083011149515576e-11,
    1.375671749384981e-11,
    8.794095762049986e-12,
    1.162062698601754e-11,
    8.158730187293045e-12,
    6.517166403569767e-12,
    7.0782928193870906e-12,
    9.122752489966936e-12,
    9.23455794172457e-12,
    1.0272477767884394e-12,
    9.013374315065586e-13,
    9.21604757989678e-13,
    9.461450257078327e-13,
    6.510354390261908e-12,
    1.0211587006606805e-12,
    7.361078517674223e-13,
    1.7603107240232475e-12,
    1.0408670238272998e-11,
    1.2009232122411058e-11,
    9.404281386374922e-12,
    8.102634190780843e-12,
    9.280780175951383e-12,
    7.703125357844455e-12,
    1.1571350215791013e-11,
    1.0136864267196577e-11,
    8.294760615417277e-13,
    9.597788467565078e-13,
    9.56800869617377e-13,
    1.0227998582472968e-12,
    1.4969700017834433e-17,
    5.901070316041315e-13,
    5.653030955748512e-14,
    1.0183373242355772e-12,
    7.146517315123881e-12,
    8.077266963952435e-12,
    7.454421769389995e-12,
    7.971621728096618e-12,
    6.287593998602115e-12,
    9.06308095480042e-12,
    7.87169968859251e-12,
    8.04941006951335e-12,
    8.459773835385055e-13,
    9.520597884998497e-13,
    7.92629311720553e-13,
    1.6572312166549428e-12,
    8.743644143847305e-13,
    7.966733072645423e-13,
    7.923399374546327e-13,
    5.759111041783611e-15,
    1.00655476355761e-11,
    8.37814703715231e-12,
    8.070734882025477e-12,
    9.679243261741423e-12,
    8.477576397010118e-12,
    1.0068416947950711e-11,
    7.675630357513264e-12,
    1.1029147274234426e-11,
    9.601648217852578e-13,
    8.641284457779444e-13,
    9.662914415013624e-13,
    7.72484713770845e-13,
    7.893780583652571e-13,
    1.0569371203323853e-12,
    8.338308500770173e-12,
    1.6883100002033427e-12,
    7.191408424452684e-12,
    7.975435072849037e-12,
    5.8610032603545496e-12,
    7.813175367621278e-12,
    8.379298765563492e-12,
    1.1566020890441778e-11,
    7.730416710554062e-12,
    1.1143363998815377e-11,
    9.512474007193314e-12,
    9.40689060771346e-13,
    1.0006727934794966e-12,
    2.663083365117992e-12,
    9.493270742348847e-13,
    8.370602158841644e-12,
    7.345198183243447e-13,
    4.023805324388385e-13,
    8.10253330883705e-12,
    9.692896612432496e-12,
    6.327610887892284e-12,
    1.0520702828200795e-11,
    7.060933002397596e-12,
    8.710816714258322e-12,
    7.163996434116519e-12,
    1.2758124097625228e-11,
    1.0779138317768054e-11,
    8.771902471595799e-13,
    9.163865905142681e-13,
    9.847275700473878e-13,
    9.449264067922848e-13,
    1.252914547534358e-12,
    1.1291915884705846e-12,
    5.444203924497614e-13,
    1.375403718508604e-12,
    7.718899163468852e-12,
    7.900783546212264e-12,
    1.1145475599211975e-11,
    1.0752616154813218e-11,
    7.768994536451908e-12,
    8.903395075179315e-12,
    1.0291694345307839e-11,
    7.839039847538823e-12,
    1.0219161897722435e-12,
    8.837263263127421e-13,
    9.624920561573502e-13,
    1.016857706675602e-12,
    3.2707412304329785e-17,
    1.072478333681618e-12,
    6.906710981402499e-14,
    5.449520096492464e-15,
    7.830209424669387e-12,
    1.0483115903448734e-11,
    8.223672642837864e-12,
    9.433940908012214e-12,
    8.28882634925694e-12
  ],
  "rhs_norm_N": [
    0.19474509486044994,
    0.17065332561578128,
    0.23447287540164596,
    0.1722003040074915,
    0.27093160723722354,
    0.19471693776477272,
    0.04108030511731386,
    0.042346803634044874,
    0.04330029707583282,
    0.0345654444460102,
    0.04002332188734569,
    0.11214051583400012,
    0.0030158310852336214,
    0.17927101380169744,
    0.21387745778491238,
    0.17878211264477248,
    0.2159813581491241,
    0.18778976358870847,
    0.17718438936648748,
    0.1914969801644329,
    0.21118062698287843,
    0.18734649513237914,
    0.036872981832125076,
    0.041101744896474675,
    0.03821030284846607,
    0.030196029741944425,
    0.06858380223403876,
    0.026256745326142257,
    0.028294087987985495,
    0.05631469183078508,
    0.2067849285831074,
    0.21565465219434765,
    0.21818889668306407,
    0.20323639038229152,
    0.16569975222350936,
    0.17913505315702233,
    0.1914361231763524,
    0.2595098282172808,
    0.03907433809732306,
    0.04023441765228483,
    0.04142588005155559,
    0.024066605028237157,
    0.04125886717080125,
    0.03754258813307575,
    0.19930675441255827,
    0.06607151117447506,
    0.2209209033087893,
    0.2686149950201826,
    0.26880187136206135,
    0.17050764589543774,
    0.2335279092381823,
    0.20009560485375227,
    0.1971873849266833,
    0.2243188111738427,
    0.040544662884707386,
    0.03782511300249988,
    0.04022432923630752,
    0.024170124283528296,
    0.030066646607105334,
    0.032976164145896394,
    0.029782060290420742,
    6.734233414687119e-05,
    0.19796785207534692,
    0.22923194191515261,
    0.27766156585099183,
    0.2486311622266728,
    0.18201748288874808,
    0.16763515108019772,
    0.19414771735319578,
    0.26814270326672557,
    0.053519970534573885,
    0.039833183771169414,
    0.039379635022062605,
    0.022220728677350934,
    0.060127592543893195,
    0.03384579096911585,
    0.08870552258384376,
    0.08145009877304443,
    0.18663749022380494,
    0.22214955159064056,
    0.22137240054449403,
    0.19262580604328464,
    0.19970119390050753,
    0.19658945922916224,
    0.20387092599519727,
    0.2045508688456034,
    0.20735835315658394,
    0.03893106078549329,
    0.04069872433838743,
    0.03587149576542217,
    0.027446353130177244,
    0.03093761367217659,
    0.041367989845653874,
    0.015067086285774613,
    0.09922786504483712,
    0.1789884455232458,
    0.20273200064508173,
    0.18624433490214715,
    0.20990948867274073,
    0.22480329719579123,
    0.2452426891692319,
    0.23556690744275155,
    0.21951297125391817,
    0.034558454935083506,
    0.036143160387771316,
    0.042861463313570984,
    0.03242204430713106,
    0.011789946304966293,
    0.19295897193334746,
    0.034011972859274237,
    0.048398016022861645,
    0.22632588721500943,
    0.2752900390591937,
    0.2448231629678804,
    0.20116200056130173,
    0.27829366990074,
    0.1925105032553786,
    0.16558463581839508,
    0.25637661194096756,
    0.04076581481912523,
    0.03950723368156736,
    0.03666908185233782,
    0.035972296837898786,
    0.02637290023392467,
    0.037739750954338534,
    0.027684958584921707,
    0.00014881596609483288,
    0.18119045871705744,
    0.17732293834584845,
    0.28540481797161976,
    0.1867215115576055,
    0.24864781704311545,
    0.2064330674507365,
    0.20628583696644262,
    0.1951938872300157,
    0.03930165932542903,
    0.035842085471339685,
    0.0390445007422281,
    0.04644887216040623,
    0.039919764123936885,
    0.041372343634313226,
    0.036346865855252576,
    0.00013320995692930884,
    0.2080466639827291,
    0.22518905449465654,
    0.20313243247086776,
    0.1855796759408033,
    0.20972858358993904,
    0.16705103547618586,
    0.22390361133924896,
    0.2147045805582733,
    0.24751338551312668,
    0.040885799546445986,
    0.0418051690460557,
    0.0,
    0.024228669855376216,
    0.035839518762904844,
    0.032386248382772126,
    0.04640268572869866,
    0.1807168657675404,
    0.25559343618589764,
    0.23641675085242828,
    0.17166236510177418,
    0.17463630532163654,
    0.20253080133307638,
    0.21144549480051186,
    0.22715115406351316,
    0.2363129447396013,
    0.041320256586568044,
    0.03655161917347258,
    0.03502054421834686,
    0.033538191794377434,
    0.035615859838739126,
    0.03137670879473293,
    0.030214349193249977,
    0.06630653137369133,
    0.22043138126445067,
    0.20957511758319877,
    0.2557703078557584,
    0.22798489897971383,
    0.21881965576780335,
    0.22992794705009165,
    0.1961235249255288,
    0.25200234043077707,
    0.039246075465285815,
    0.04084094520576094,
    0.042007644869752975,
    0.07781572411493771,
    0.035049021240276805,
    0.03902871309941231,
    0.032088014835151786,
    0.08194117799885503,
    0.2126826068195083,
    0.20892869444247147,
    0.22006249528274707,
    0.21081542265556355,
    0.20975318244428529,
    0.25588234556276346,
    0.1851695351445951,
    0.19473987121963574,
    0.035058328411966995,
    0.04035446457782137,
    0.04259976776925382,
    0.024707928749419416,
    0.03340830357276219,
    0.18422137516069104,
    0.027323116992034952,
    0.00013741151319057122,
    0.23661586925253827,
    0.25735431110331813,
    0.26998390623303414,
    0.2227973399205047,
    0.18025223878441815,
    0.16327372228941545,
    0.17903514238719645,
    0.1753873737113557,
    0.03813985581663452,
    0.03681910532036177,
    0.038533577228526274,
    0.02737520776346717,
    0.0120730976741615,
    0.19638095815830187,
    0.029791329217558372,
    0.052100878694983706,
    0.23865421738993262,
    0.22907082499185127,
    0.2680583921894446,
    0.2819577146724204,
    0.17439046516538517,
    0.24876313536330824,
    0.2344963335159171,
    0.18436604452655325,
    0.192407815918216,
    0.03681304981197698,
    0.036400403333055435,
    0.0366100346475464,
    0.03864647547202118,
    0.22072351335614845,
    0.03448928581816886,
    0.012059205978297908,
    0.23272619900012464,
    0.24680482745251583,
    0.2220582030812351,
    0.24779666875466763,
    0.21769662936064615,
    0.17063150920864442,
    0.24449410800793298,
    0.212726948421558,
    0.23328553231103533,
    0.038908517532892734,
    0.036847980629761905,
    0.03916670097259824,
    0.03614677375018439,
    0.03740492535053584,
    0.06592104450921198,
    0.06895327880180731,
    0.013339417928376288,
    0.17631604800947404,
    0.20847499196745883,
    0.22227789646955556,
    0.21413237405471466,
    0.16876419400357168,
    0.2097402766361766,
    0.18002359942971985,
    0.2056286459565879,
    0.038182743260071324,
    0.04164477562755211,
    0.04309816161752022,
    0.03680345477921152,
    0.037029178449542455,
    0.19270696375640914,
    0.03528216914899857,
    0.00014399541941727847,
    0.2853037262601819,
    0.23016538279579327,
    0.17770525015760827,
    0.1901531681079807,
    0.26731444391745424,
    0.20376404965019368,
    0.21283062789981608,
    0.20275673105516726,
    0.03830367348045328,
    0.03927318645146754,
    0.04019532229749993,
    0.03742927522008025,
    0.030757930941337493,
    0.036860881173419256,
    0.01850797300991896,
    7.362426905965749e-05,
    0.2282972045846358,
    0.2442130458802084,
    0.19326527093587256,
    0.22084230573387062,
    0.21968840543750884,
    0.20674489484562542,
    0.1812711089077193,
    0.1671960288705689,
    0.25199244384000635,
    0.03597659406508136,
    0.04248130079179981,
    0.02292637010204275,
    0.024183259702732704,
    0.03371948438663474,
    0.17591132333080758,
    0.06461477119463171,
    0.26822934263007686,
    0.25861906158158676,
    0.2731084449348476,
    0.2111257498479476,
    0.23742804359340872,
    0.16565441377061188,
    0.17434931008332274,
    0.19127554399925475,
    0.2196369649387188,
    0.041132511895569275,
    0.04208784961883899,
    0.039863313054041345,
    0.03521812623153243,
    0.04208942262333308,
    0.03295129218973388,
    0.10730578126039529,
    0.09595782080659612,
    0.2767292250606448,
    0.2090249590038659,
    0.23543722419965776,
    0.17140858614258012,
    0.2571963445460075,
    0.19563923599392744,
    0.2338939108220708,
    0.22581112285618735,
    0.03703250265095072,
    0.03906820651621737,
    0.037210814525957786,
    0.03635854926898584,
    0.03713075846466239,
    0.08805092068752843,
    0.030132114351349024,
    0.06555094674674021,
    0.21459482057562845,
    0.17601943219874247,
    0.18376342226323686,
    0.20816861771215506,
    0.21616175459421058,
    0.17153497824769545,
    0.19536059245308113,
    0.24093669869703793,
    0.03684199524203365,
    0.04157848936274081,
    0.035946307525404134,
    0.02829980612619016,
    2.22631882954326e-07,
    0.02688605800010464,
    0.029448120522745154,
    0.011509832530005914,
    0.2615064634657681,
    0.20194461251293508,
    0.23781224939134737,
    0.23923505620834956,
    0.20882567296494725,
    0.19856130257845697,
    0.19159226182888126,
    0.2385406578011198,
    0.03576928242863062,
    0.03518003256678229,
    0.03690588999350366,
    0.03720657535718722,
    0.03939707703796538,
    0.040878642081615825,
    0.03148557438926523,
    4.0976588095026624e-05,
    0.255276186244217,
    0.26293240600142564,
    0.21132327411927634,
    0.2641650852780936,
    0.1990126624906152,
    0.21037145279958241,
    0.1961087840165304,
    0.17659546072533272,
    0.21930319385791605,
    0.037552425765239365,
    0.03809199204159453,
    0.1215122539860584,
    0.06980606052303812,
    0.040519172570088476,
    0.03426742674430496,
    0.1336986652193686,
    0.18029182620149373,
    0.22841915877099075,
    0.20899594786430323,
    0.17361849732157386,
    0.1982892163381215,
    0.20235561102256694,
    0.1985768061493019,
    0.1703657269039037,
    0.23936835908215065,
    0.04023126358052946,
    0.035369953805368275,
    0.04113743464702367,
    0.03853235985670227,
    0.07556563161176205,
    0.1952553465334603,
    0.03996144461786471,
    0.037714248845141726,
    0.22020843428270093,
    0.20852909003753992,
    0.2119182933619573,
    0.2821791500162295,
    0.2147423491315219,
    0.19042403851802153,
    0.23848736529542466,
    0.18110378998865406,
    0.03570872104593968,
    0.04170143408271625,
    0.04270419955990901,
    0.032152293430931976,
    0.03547757112568616,
    0.034773031593313665,
    0.0015130830144269652,
    0.07246292907698636,
    0.2484970363470938,
    0.25567793399808714,
    0.18342665322771634,
    0.181633663948484,
    0.21606592482579914,
    0.18810985814959996,
    0.201577535858759,
    0.19431833792072656,
    0.035288637562048156,
    0.039287778970152384,
    0.041009401669097514,
    0.021104157656890433,
    0.040698973698507855,
    0.0806876989229925,
    0.020154535755120887,
    6.140683752251433e-05,
    0.2378287347488366,
    0.25096789397385605,
    0.21252395556540618,
    0.24306788121894912,
    0.20876155514609565,
    0.2493261038466994,
    0.20068479633432104,
    0.17529490244007795,
    0.08781750671995711,
    0.03734843813554465,
    0.03898748103044527,
    0.03688370708764012,
    0.11620578700643384,
    0.04013672243625378,
    0.0377775906184417,
    0.0027393632992530966,
    0.21145441688561273,
    0.2015803097683332,
    0.2549227772992876,
    0.18239204955582516,
    0.20047041317310937,
    0.19731990405666475,
    0.1804827062601701,
    0.24104579729220849,
    0.20174875565181907,
    0.0417162370797989,
    0.03650795309426594,
    0.03869771609461611,
    0.0303180382957945,
    0.06696625610107618,
    0.0365342620204519,
    0.13042738373346138,
    0.1256873561292906,
    0.2933679512573252,
    0.25222637999687125,
    0.24377553653777412,
    0.26624782162320343,
    0.16778083677413078,
    0.23240278574022669,
    0.21958597996581142,
    0.2709389574145028,
    0.03628273218732534,
    0.041992051750563614,
    0.04173769343816667,
    0.04111822865233833,
    0.03516000340730015,
    0.21270223925706003,
    0.03475845696505465,
    0.05065857592377485,
    0.21296557436790192,
    0.18826293531993527,
    0.21807289621624232,
    0.1712982041371658,
    0.2591797865503334,
    0.21330454792762532,
    0.22771888364341397,
    0.24812735182195775,
    0.034783759722845885,
    0.03682495089686346,
    0.0390095345876858,
    0.024210714356382015,
    5.2863905241950934e-08,
    0.025509753610005216,
    0.035932131667857824,
    0.06991675699821928,
    0.215298128464599,
    0.19507430008774934,
    0.2039030561227674,
    0.21152775369677945,
    0.23348795625455598,
    0.21771122936196993,
    0.24456063706935477,
    0.20052212915454423,
    0.039454401441640474,
    0.040363439255589495,
    0.04202183840102223,
    0.036025039149341305,
    0.03509050787207481,
    0.0946615026923825,
    0.10764793097235967,
    0.0001001836950842459,
    0.23278947354094087,
    0.17968471687648355,
    0.20873725132646934,
    0.16744015944957666,
    0.16983208483039733,
    0.23868973421777354,
    0.24614593246270483,
    0.1704260742593306,
    0.2579939632991566,
    0.03546077271365766,
    0.03687265436592889,
    0.0,
    0.035677506374072736,
    0.03701934260014578,
    0.23346559865294286,
    0.08464229130467713,
    0.2702613723631122,
    0.27537153994227714,
    0.23562218554056505,
    0.2308049872201502,
    0.21874917212394443,
    0.24124496397982967,
    0.24356594965351377,
    0.21058557748388862,
    0.24574291530880443,
    0.03787846908614895,
    0.040311273885739116,
    0.035044414571216924,
    0.022612039085363956,
    0.027967969140864645,
    0.03709424064001658,
    0.016383798180498937,
    0.06627223378541772,
    0.2808401630473473,
    0.2101435660196974,
    0.18062362833303147,
    0.17752352016547496,
    0.20144496131302692,
    0.2515537784965515,
    0.19383203971096116,
    0.2413204743138692,
    0.035692461720437586,
    0.03721583401123005,
    0.03709860629659599,
    0.039423337702554254,
    2.4772846787025732e-08,
    0.2357956630940548,
    0.09330635284293133,
    8.30357913196517e-05,
    0.21022085334699675,
    0.20031051663204336,
    0.19390855926087489,
    0.2061073896895356,
    0.1767028384035122,
    0.2157841885768607,
    0.18152958702566044,
    0.20517713139572827,
    0.03882229979345221,
    0.04081469183907326,
    0.039674364158457584,
    0.035729371299406176,
    0.04220472147235192,
    0.0397121307103894,
    0.03529000362732504,
    6.21479238836079e-05,
    0.20874593338527778,
    0.20539983612495152,
    0.17006346819964357,
    0.19642973601021488,
    0.2169244536024475,
    0.16345438021813327,
    0.20580873275170888,
    0.2350897501415738,
    0.03650309839782051,
    0.03824086189161936,
    0.035767327567412494,
    0.030205934297086817,
    0.029079127756856085,
    0.17968203830821877,
    0.036574733391188684,
    0.04949321759941149,
    0.25122094312220933,
    0.2688470237291272,
    0.21821972538994777,
    0.21828485135882036,
    0.20883443817370556,
    0.21888759520278256,
    0.21743943780737163,
    0.20191058566318784,
    0.21122946366555995,
    0.03556473447533555,
    0.0354694867028567,
    0.03729356620734213,
    0.03324784214116027,
    0.038368868168029056,
    0.029349471982074583,
    0.04693986482760816,
    0.1804636359779283,
    0.295501576114393,
    0.1971077375186603,
    0.22302179074200132,
    0.17519041604428962,
    0.1951634716032251,
    0.2028809267264812,
    0.21374242770892282,
    0.18143462600237842,
    0.038914052063930456,
    0.03799679181933295,
    0.03686805121921706,
    0.024495444456989948,
    0.035416265783338646,
    0.03852638036952921,
    0.027157777437028012,
    0.04915093145573877,
    0.18312008299661006,
    0.26349137777722725,
    0.2077423967378591,
    0.1794130760464272,
    0.21043885477614802,
    0.22629593438777507,
    0.1630693832684027,
    0.22275659295114952,
    0.04040377840873886,
    0.041937502686806113,
    0.04064774807504172,
    0.036084094386885986,
    0.036570053607568744,
    0.03719078270850078,
    0.03596573647863643,
    0.06377887800253106,
    0.201739807750472,
    0.25077693171731413,
    0.21974577497849443,
    0.17905452082311243,
    0.2390549063742132,
    0.18987073859738754,
    0.21609222609124912,
    0.19867493185076754,
    0.0384805188168914,
    0.03687746678882,
    0.03696319761754716,
    0.021206145202431546,
    0.03460051462502952,
    0.03720710542869895,
    0.03348163627446197,
    0.0002444525316770513,
    0.26880429270659506,
    0.22812906348899514,
    0.21805126997134178,
    0.22760826571988474,
    0.18706947580941052,
    0.27398628977145484,
    0.2380539427224303,
    0.237255444623581,
    0.046317181327431095,
    0.03572693855299439,
    0.03608698756117309,
    0.024787423070889516,
    0.08630072172196675,
    0.039337872563513614,
    0.23362444477946795,
    2.272870018053329e-05,
    0.2043820459554012,
    0.24162502864465082,
    0.25198508674470377,
    0.26615759247765747,
    0.20923601475937004,
    0.24206167922167554,
    0.19906056240469147,
    0.2372222305576836,
    0.19687915881346868,
    0.035233534776460906,
    0.03916809613753368,
    0.03992123407939567,
    0.036623469937746844,
    0.033096265971855866,
    0.03436586162338265,
    0.1711467563558224,
    0.1174908249753988,
    0.23292520634637,
    0.25113642330939995,
    0.18807728144869426,
    0.16788714128271898,
    0.16015228333731601,
    0.19307208283093033,
    0.24216890151538017,
    0.24491679564622554,
    0.04073183718328127,
    0.04233949098970295,
    0.04212779081921916,
    0.03168485256710851,
    0.00034506918071774967,
    0.035732973697091164,
    0.029470316594776766,
    3.976615387604631e-05,
    0.22304559137181,
    0.2216760390753892,
    0.21531132610508727,
    0.18919110756738877,
    0.25349017913835514,
    0.19041029557384523,
    0.19699417480044917,
    0.2792820012949942,
    0.03923760240579985,
    0.04203799200643095,
    0.037848659811722425,
    0.021561702405358846,
    0.048413678106416495,
    0.03434330676494006,
    0.03512943043333686,
    6.855507061584375e-05,
    0.2367072651292863,
    0.24765322788207955,
    0.20911303220434785,
    0.228132826838397,
    0.2147840006073352,
    0.18259694497066006,
    0.2138694437453015,
    0.21891308679007204,
    0.036180966223919205,
    0.03518261321747775,
    0.036290210445313095,
    0.022279059604926803,
    0.039682633847511174,
    0.02756080424961801,
    0.0833899580652616,
    0.053698474470281,
    0.2349974059288515,
    0.2313474839667432,
    0.21953103622463305,
    0.19023215502646967,
    0.2145901616932965,
    0.20772926209966824,
    0.20993852544788885,
    0.2504573252698397,
    0.22622702672489614,
    0.03707786850396967,
    0.036340873696792626,
    0.0,
    0.04164950890175252,
    0.037895114407818696,
    0.028356634001798553,
    0.015785068642906703,
    0.17554637744904678,
    0.1942674822606998,
    0.2139174604444237,
    0.20012183395444125,
    0.2458818518074329,
    0.23060108517493233,
    0.21049403506000508,
    0.22974302825992962,
    0.20814959720834278,
    0.03858553284210378,
    0.04138412562352265,
    0.04137506371748885,
    0.03707362219283333,
    0.036770874756625896,
    0.0677651077366338,
    0.03477435855128295,
    0.06069314634023147,
    0.19342020560497472,
    0.19617949387606748,
    0.2872729824419545,
    0.17016174528750516,
    0.2470221210565603,
    0.210234098542857,
    0.2766623542951765,
    0.19259965382074729,
    0.037965167458125317,
    0.0403754824736449,
    0.03658704374091441,
    0.038578873790700616,
    0.03799883638942233,
    0.03688592376629397,
    0.0035307686735903984,
    0.0743719325477714,
    0.21958644379815087,
    0.21573569159193515,
    0.2549236785090438,
    0.15828008018830056,
    0.19931241923749538,
    0.19222963335069546,
    0.22124721278664472,
    0.24444720934991296,
    0.035443145778629025,
    0.0405300607041287,
    0.038247294477388005,
    0.022322460089375905,
    0.0495287761689321,
    0.029744897200894772,
    0.03154235724356358,
    0.0292142859992415,
    0.20599194120919992,
    0.2021459533365618,
    0.20307511808283835,
    0.21103010007005576,
    0.20112908584782888,
    0.2511380571171658,
    0.24331928583138215,
    0.20049226224682987,
    0.07889296175784276,
    0.03509259320150063,
    0.04046049485892851,
    0.02640954298241921,
    0.07520221516709773,
    0.03262800570199002,
    0.18074023626716276,
    0.047677406369679286,
    0.2918207091848428,
    0.17910315319055822,
    0.2836218910044223,
    0.2717311003741336,
    0.23083567392905643,
    0.23533181741917944,
    0.18752645655634137,
    0.20890072796616496,
    0.21731733613380086,
    0.034930654053727236,
    0.04239367298358899,
    0.040511822501084,
    0.033288066803099294,
    0.04126412132747335,
    0.03703532447675455,
    0.13532738497309643,
    0.18834698827884266,
    0.24668823165312465,
    0.270747406044554,
    0.17766754332139678,
    0.1825086456702499,
    0.20455520035572636,
    0.19852542067669296,
    0.1867006059898684,
    0.1714765531082785,
    0.036137392061894695,
    0.03552685267949719,
    0.04050138759731871,
    0.023067271489042196,
    0.034512783584754826,
    0.22297552195631065,
    0.035777598570317364,
    0.0643816263169091,
    0.20924326356780878,
    0.2249666477767122,
    0.24591597929854755,
    0.2567909108416412,
    0.19533912867511652,
    0.1847089188836172,
    0.20159097985046034,
    0.1904138149241479,
    0.03458275691963464,
    0.040985945936637874,
    0.037775785058977086,
    0.053509511590453515,
    0.06331456861640332,
    0.2563661295783442,
    0.039641099205963586,
    0.06348737673033868,
    0.21327049655540672,
    0.18330321627955473,
    0.2866856290218816,
    0.22966420792523376,
    0.2532774090325014,
    0.1838377084953238,
    0.16538745130420754,
    0.23110726976054263,
    0.035779786308199696,
    0.03709843058862709,
    0.04087101686122586,
    0.029701010570019285,
    0.03954027576548785,
    0.02892151163949939,
    0.023641501890260364,
    9.017402381071206e-05,
    0.2688884365054414,
    0.20908818108908733,
    0.22407867373000195,
    0.21037928570055217,
    0.1947397064446579,
    0.1871805505085767,
    0.18623102818690948,
    0.18208928846166636,
    0.20381908074413915,
    0.035903860317743515,
    0.04178313617216299,
    0.03140177486649823,
    0.025546664398334685,
    0.03934681204864702,
    0.03746153399574257,
    0.07596922354454773,
    0.27899770311411626,
    0.2650853944436607,
    0.21994737198940875,
    0.24836349933803012,
    0.20016337307749216,
    0.17569042847386343,
    0.1842573100790857,
    0.21255066527274083,
    0.19417405449788916,
    0.04054259922252245,
    0.03766100169194114,
    0.039458577612437006,
    0.03218230694626944,
    0.17815473351358121,
    0.039931924507826566,
    0.06760846501620957,
    0.047423411811220145,
    0.2382238712299558,
    0.2535239419112128,
    0.2722866324163793,
    0.19515541040673348,
    0.25693091240095567,
    0.22560223434261334,
    0.2480898952538322,
    0.22884708875221443,
    0.038407214525060865,
    0.03943340926818292,
    0.04280252197878574,
    0.027441532378896523,
    2.1356227647820316e-07,
    0.032427116747435904,
    0.0012750568221555295,
    0.05417284134228563,
    0.2000928067847505,
    0.2190848534680414,
    0.21925696623668287,
    0.19482281634877685,
    0.18681979456824152,
    0.2053132173176463,
    0.21012534326367616,
    0.19675799745230402,
    0.03721695660408871,
    0.04163500916409075,
    0.038767624275344185,
    0.03598995606453228,
    0.040177308371441234,
    0.03714383865372965,
    0.022642569020671584,
    9.936449597756163e-05,
    0.22413397257509676,
    0.2119024032426669,
    0.1741340583656305,
    0.27955589287933214,
    0.21547508389732153,
    0.24544663551190748,
    0.20094069940641854,
    0.2391786909126955,
    0.03844512591905526,
    0.0406268311590405,
    0.03748473621452078,
    0.022981249124159303,
    0.025805640529306492,
    0.03132136560145245,
    0.19169757022524433,
    0.056372042132954325,
    0.21320042920977011,
    0.18335831945271502,
    0.18534905270289026,
    0.19376877841684206,
    0.16885503606840438,
    0.24727718401240692,
    0.17388913932837752,
    0.25812856305788573,
    0.199852166972797,
    0.03611532174261736,
    0.041640049676451185,
    0.1258061877096416,
    0.024146223884262064,
    0.1955549909867129,
    0.024452913676837256,
    0.024285983397286205,
    0.22685311670728156,
    0.2734857895914278,
    0.18085124459585927,
    0.26494025565126644,
    0.17310679958050074,
    0.19885253329560051,
    0.17402385299856668,
    0.22907567621037309,
    0.2184116885840101,
    0.0373599622599902,
    0.03807935843942332,
    0.03697354253737561,
    0.03541838352293906,
    0.039689087369408634,
    0.07907722150006166,
    0.03180379946135674,
    0.04769246306059039,
    0.23087779674020156,
    0.19152507193311313,
    0.2723380097632807,
    0.28084875032811013,
    0.19166065638239307,
    0.25240501488180506,
    0.2288290199759023,
    0.21179300518842806,
    0.03923358563922534,
    0.04195879403911174,
    0.03969715319269374,
    0.024376219555536236,
    6.398225957568376e-07,
    0.04054878087263639,
    0.0011921033679507939,
    9.509955219303582e-05,
    0.17089372911778375,
    0.25561327843831494,
    0.1978158662074512,
    0.26570451474873685,
    0.22088381657317438
  ],
  "profiler_note": "Captured Quadrants graphs are omitted by the kernel profiler; stage wall times include them.",
  "dofs": 2430,
  "tetrahedra": 480,
  "method_selected": "inverse",
  "surface_inverse_selected": true,
  "build_timings_including_JIT": {
    "topology_seconds": 0.19688185211271048,
    "operators_seconds": 1.067667794879526,
    "factor_seconds": 13.821928795892745,
    "inverse_seconds": 0.4361024289391935,
    "surface_inverse_seconds": 0.2381180659867823
  },
  "stress_configurations": [
    {
      "mesh": "/mnt/home/zhaofeng/workspace/Genesis/.worktrees/rigid-stress-recovery-relief-dev/examples/rigid/assets/hollow_egg/level1/elastic.npz",
      "output_mode": "max",
      "young": 10000000000.0,
      "poisson": 0.3,
      "density": 2000.0,
      "contact_radius": 0.006,
      "quadrature": 10,
      "tolerance": 1e-08,
      "absolute_tolerance": 1e-11,
      "max_iterations": 2000,
      "warm_start": true,
      "history_size": 0,
      "method": "auto",
      "cooperative_solve": true,
      "cooperative_pressure": true,
      "cooperative_scatter": true,
      "cooperative_balance": true,
      "face_parallel_scatter": true,
      "scatter_tasks_per_env": 32,
      "inverse_max_bytes": 67108864,
      "inverse_precision": "64",
      "surface_inverse": true,
      "packed_surface_loads": true,
      "fused_pipeline": true,
      "cached_peak": true,
      "cached_face_bounds": true,
      "inverse_corrections": 2,
      "preconditioner": "block"
    }
  ],
  "native_buffers": [
    {
      "name": "stress.0.info.vertices",
      "shape": [
        810,
        3
      ],
      "dtype": "torch.float64",
      "bytes": 19440,
      "kind": 1
    },
    {
      "name": "stress.0.info.elements",
      "shape": [
        480,
        10
      ],
      "dtype": "torch.int32",
      "bytes": 19200,
      "kind": 1
    },
    {
      "name": "stress.0.info.surface_nodes",
      "shape": [
        80,
        6
      ],
      "dtype": "torch.int32",
      "bytes": 1920,
      "kind": 1
    },
    {
      "name": "stress.0.info.edges",
      "shape": [
        6,
        2
      ],
      "dtype": "torch.int32",
      "bytes": 48,
      "kind": 1
    },
    {
      "name": "stress.0.info.gradients",
      "shape": [
        480,
        4,
        3
      ],
      "dtype": "torch.float64",
      "bytes": 46080,
      "kind": 1
    },
    {
      "name": "stress.0.info.corner_gradients",
      "shape": [
        480,
        4,
        7,
        3
      ],
      "dtype": "torch.float64",
      "bytes": 322560,
      "kind": 1
    },
    {
      "name": "stress.0.info.corner_nodes",
      "shape": [
        480,
        4,
        7
      ],
      "dtype": "torch.int32",
      "bytes": 53760,
      "kind": 1
    },
    {
      "name": "stress.0.info.volumes",
      "shape": [
        480
      ],
      "dtype": "torch.float64",
      "bytes": 3840,
      "kind": 1
    },
    {
      "name": "stress.0.info.row_start",
      "shape": [
        811
      ],
      "dtype": "torch.int32",
      "bytes": 3244,
      "kind": 1
    },
    {
      "name": "stress.0.info.columns",
      "shape": [
        20274
      ],
      "dtype": "torch.int32",
      "bytes": 81096,
      "kind": 1
    },
    {
      "name": "stress.0.info.element_entries",
      "shape": [
        480,
        10,
        10
      ],
      "dtype": "torch.int32",
      "bytes": 192000,
      "kind": 1
    },
    {
      "name": "stress.0.info.stiffness",
      "shape": [
        20274,
        3,
        3
      ],
      "dtype": "torch.float64",
      "bytes": 1459728,
      "kind": 1
    },
    {
      "name": "stress.0.info.mass",
      "shape": [
        20274
      ],
      "dtype": "torch.float64",
      "bytes": 162192,
      "kind": 1
    },
    {
      "name": "stress.0.info.modes",
      "shape": [
        810,
        3,
        6
      ],
      "dtype": "torch.float64",
      "bytes": 116640,
      "kind": 1
    },
    {
      "name": "stress.0.info.mass_modes",
      "shape": [
        810,
        3,
        6
      ],
      "dtype": "torch.float64",
      "bytes": 116640,
      "kind": 1
    },
    {
      "name": "stress.0.info.relief",
      "shape": [
        810,
        3,
        6
      ],
      "dtype": "torch.float64",
      "bytes": 116640,
      "kind": 1
    },
    {
      "name": "stress.0.info.centrifugal",
      "shape": [
        810,
        3,
        6
      ],
      "dtype": "torch.float64",
      "bytes": 116640,
      "kind": 1
    },
    {
      "name": "stress.0.info.gram",
      "shape": [
        6,
        6
      ],
      "dtype": "torch.float64",
      "bytes": 288,
      "kind": 1
    },
    {
      "name": "stress.0.info.gram_inverse",
      "shape": [
        6,
        6
      ],
      "dtype": "torch.float64",
      "bytes": 288,
      "kind": 1
    },
    {
      "name": "stress.0.info.pins",
      "shape": [
        6
      ],
      "dtype": "torch.int32",
      "bytes": 24,
      "kind": 1
    },
    {
      "name": "stress.0.info.is_free",
      "shape": [
        810,
        3
      ],
      "dtype": "torch.int32",
      "bytes": 9720,
      "kind": 1
    },
    {
      "name": "stress.0.info.diagonal_inverse",
      "shape": [
        810,
        3,
        3
      ],
      "dtype": "torch.float64",
      "bytes": 58320,
      "kind": 1
    },
    {
      "name": "stress.0.info.scalar_diagonal_inverse",
      "shape": [
        810,
        3
      ],
      "dtype": "torch.float64",
      "bytes": 19440,
      "kind": 1
    },
    {
      "name": "stress.0.info.mass_properties",
      "shape": [
        4
      ],
      "dtype": "torch.float64",
      "bytes": 32,
      "kind": 1
    },
    {
      "name": "stress.0.factor.order",
      "shape": [
        810
      ],
      "dtype": "torch.int32",
      "bytes": 3240,
      "kind": 1
    },
    {
      "name": "stress.0.factor.row_start",
      "shape": [
        811
      ],
      "dtype": "torch.int32",
      "bytes": 3244,
      "kind": 1
    },
    {
      "name": "stress.0.factor.columns",
      "shape": [
        66669
      ],
      "dtype": "torch.int32",
      "bytes": 266676,
      "kind": 1
    },
    {
      "name": "stress.0.factor.sources",
      "shape": [
        66669
      ],
      "dtype": "torch.int32",
      "bytes": 266676,
      "kind": 1
    },
    {
      "name": "stress.0.factor.column_start",
      "shape": [
        811
      ],
      "dtype": "torch.int32",
      "bytes": 3244,
      "kind": 1
    },
    {
      "name": "stress.0.factor.rows",
      "shape": [
        66669
      ],
      "dtype": "torch.int32",
      "bytes": 266676,
      "kind": 1
    },
    {
      "name": "stress.0.factor.transpose_entries",
      "shape": [
        66669
      ],
      "dtype": "torch.int32",
      "bytes": 266676,
      "kind": 1
    },
    {
      "name": "stress.0.factor.lower",
      "shape": [
        66669,
        3,
        3
      ],
      "dtype": "torch.float64",
      "bytes": 4800168,
      "kind": 1
    },
    {
      "name": "stress.0.factor.diagonal",
      "shape": [
        810,
        3,
        3
      ],
      "dtype": "torch.float64",
      "bytes": 58320,
      "kind": 1
    },
    {
      "name": "stress.0.factor.diagonal_inverse",
      "shape": [
        810,
        3,
        3
      ],
      "dtype": "torch.float64",
      "bytes": 58320,
      "kind": 1
    },
    {
      "name": "stress.0.factor.valid",
      "shape": [],
      "dtype": "torch.bool",
      "bytes": 1,
      "kind": 1
    },
    {
      "name": "stress.0.inverse.blocks",
      "shape": [
        810,
        810,
        3,
        3
      ],
      "dtype": "torch.float64",
      "bytes": 47239200,
      "kind": 1
    },
    {
      "name": "stress.0.surface_inverse.nodes",
      "shape": [
        162
      ],
      "dtype": "torch.int32",
      "bytes": 648,
      "kind": 1
    },
    {
      "name": "stress.0.surface_inverse.force_blocks",
      "shape": [
        810,
        162,
        3,
        3
      ],
      "dtype": "torch.float64",
      "bytes": 9447840,
      "kind": 1
    },
    {
      "name": "stress.0.surface_inverse.centrifugal",
      "shape": [
        810,
        3,
        6
      ],
      "dtype": "torch.float64",
      "bytes": 116640,
      "kind": 1
    },
    {
      "name": "stress.0.surface.gauss",
      "shape": [
        10
      ],
      "dtype": "torch.float64",
      "bytes": 80,
      "kind": 1
    },
    {
      "name": "stress.0.surface.gauss_weights",
      "shape": [
        10
      ],
      "dtype": "torch.float64",
      "bytes": 80,
      "kind": 1
    },
    {
      "name": "stress.0.surface.positions",
      "shape": [
        8000,
        3
      ],
      "dtype": "torch.float64",
      "bytes": 192000,
      "kind": 1
    },
    {
      "name": "stress.0.surface.weights",
      "shape": [
        8000
      ],
      "dtype": "torch.float64",
      "bytes": 64000,
      "kind": 1
    },
    {
      "name": "stress.0.surface.shape",
      "shape": [
        100,
        6
      ],
      "dtype": "torch.float64",
      "bytes": 4800,
      "kind": 1
    },
    {
      "name": "stress.0.surface.face_origin",
      "shape": [
        80,
        3
      ],
      "dtype": "torch.float64",
      "bytes": 1920,
      "kind": 1
    },
    {
      "name": "stress.0.surface.face_edges",
      "shape": [
        80,
        2,
        3
      ],
      "dtype": "torch.float64",
      "bytes": 3840,
      "kind": 1
    },
    {
      "name": "stress.0.surface.face_dual",
      "shape": [
        80,
        2,
        3
      ],
      "dtype": "torch.float64",
      "bytes": 3840,
      "kind": 1
    },
    {
      "name": "stress.0.surface.face_normal",
      "shape": [
        80,
        3
      ],
      "dtype": "torch.float64",
      "bytes": 1920,
      "kind": 1
    },
    {
      "name": "stress.0.surface.face_bounds_low",
      "shape": [
        80,
        3
      ],
      "dtype": "torch.float64",
      "bytes": 1920,
      "kind": 1
    },
    {
      "name": "stress.0.surface.face_bounds_high",
      "shape": [
        80,
        3
      ],
      "dtype": "torch.float64",
      "bytes": 1920,
      "kind": 1
    },
    {
      "name": "stress.0.surface.grid.bounds",
      "shape": [
        2,
        3
      ],
      "dtype": "torch.float64",
      "bytes": 48,
      "kind": 1
    },
    {
      "name": "stress.0.surface.grid.cell_size",
      "shape": [],
      "dtype": "torch.float64",
      "bytes": 8,
      "kind": 1
    },
    {
      "name": "stress.0.surface.grid.starts",
      "shape": [
        4097
      ],
      "dtype": "torch.int32",
      "bytes": 16388,
      "kind": 1
    },
    {
      "name": "stress.0.surface.grid.samples",
      "shape": [
        8000
      ],
      "dtype": "torch.int32",
      "bytes": 32000,
      "kind": 1
    },
    {
      "name": "stress.0.state.force",
      "shape": [
        810,
        1024,
        3
      ],
      "dtype": "torch.float64",
      "bytes": 19906560,
      "kind": 6
    },
    {
      "name": "stress.0.state.rhs",
      "shape": [
        810,
        1024,
        3
      ],
      "dtype": "torch.float64",
      "bytes": 19906560,
      "kind": 6
    },
    {
      "name": "stress.0.state.displacement",
      "shape": [
        810,
        1024,
        3
      ],
      "dtype": "torch.float64",
      "bytes": 19906560,
      "kind": 4
    },
    {
      "name": "stress.0.state.residual",
      "shape": [
        810,
        1024,
        3
      ],
      "dtype": "torch.float64",
      "bytes": 19906560,
      "kind": 6
    },
    {
      "name": "stress.0.state.boundary_columns",
      "shape": [
        162,
        1024
      ],
      "dtype": "torch.int32",
      "bytes": 663552,
      "kind": 6
    },
    {
      "name": "stress.0.state.boundary_count",
      "shape": [
        1024
      ],
      "dtype": "torch.int32",
      "bytes": 4096,
      "kind": 6
    },
    {
      "name": "stress.0.state.wrench",
      "shape": [
        1024,
        6
      ],
      "dtype": "torch.float64",
      "bytes": 49152,
      "kind": 6
    },
    {
      "name": "stress.0.state.rhs_norm_squared",
      "shape": [
        1024
      ],
      "dtype": "torch.float64",
      "bytes": 8192,
      "kind": 6
    },
    {
      "name": "stress.0.state.residual_norm_squared",
      "shape": [
        1024
      ],
      "dtype": "torch.float64",
      "bytes": 8192,
      "kind": 6
    },
    {
      "name": "stress.0.state.residual_preconditioned",
      "shape": [
        1024
      ],
      "dtype": "torch.float64",
      "bytes": 8192,
      "kind": 6
    },
    {
      "name": "stress.0.state.next_residual_preconditioned",
      "shape": [
        1024
      ],
      "dtype": "torch.float64",
      "bytes": 8192,
      "kind": 6
    },
    {
      "name": "stress.0.state.direction_product",
      "shape": [
        1024
      ],
      "dtype": "torch.float64",
      "bytes": 8192,
      "kind": 6
    },
    {
      "name": "stress.0.state.active",
      "shape": [
        1024
      ],
      "dtype": "torch.int32",
      "bytes": 4096,
      "kind": 6
    },
    {
      "name": "stress.0.state.iterations",
      "shape": [
        1024
      ],
      "dtype": "torch.int32",
      "bytes": 4096,
      "kind": 6
    },
    {
      "name": "stress.0.state.peak",
      "shape": [
        1024
      ],
      "dtype": "torch.float64",
      "bytes": 8192,
      "kind": 6
    },
    {
      "name": "stress.0.state.step_peak",
      "shape": [
        1024
      ],
      "dtype": "torch.float64",
      "bytes": 8192,
      "kind": 5
    },
    {
      "name": "stress.0.state.step_valid",
      "shape": [
        1024
      ],
      "dtype": "torch.bool",
      "bytes": 1024,
      "kind": 5
    },
    {
      "name": "stress.0.state.valid",
      "shape": [
        1024
      ],
      "dtype": "torch.bool",
      "bytes": 1024,
      "kind": 6
    },
    {
      "name": "stress.0.state.corrections",
      "shape": [
        1024
      ],
      "dtype": "torch.int32",
      "bytes": 4096,
      "kind": 6
    },
    {
      "name": "stress.0.state.fallbacks",
      "shape": [
        1024
      ],
      "dtype": "torch.int32",
      "bytes": 4096,
      "kind": 6
    },
    {
      "name": "stress.0.state.invalid_steps",
      "shape": [
        1024
      ],
      "dtype": "torch.int64",
      "bytes": 8192,
      "kind": 6
    },
    {
      "name": "stress.0.state.invalid_reported",
      "shape": [
        1024
      ],
      "dtype": "torch.bool",
      "bytes": 1024,
      "kind": 6
    },
    {
      "name": "stress.0.contacts.position",
      "shape": [
        750,
        1024,
        3
      ],
      "dtype": "torch.float64",
      "bytes": 18432000,
      "kind": 6
    },
    {
      "name": "stress.0.contacts.center",
      "shape": [
        750,
        1024,
        3
      ],
      "dtype": "torch.float64",
      "bytes": 18432000,
      "kind": 6
    },
    {
      "name": "stress.0.contacts.anchor_face",
      "shape": [
        750,
        1024
      ],
      "dtype": "torch.int32",
      "bytes": 3072000,
      "kind": 6
    },
    {
      "name": "stress.0.contacts.is_refined",
      "shape": [
        750,
        1024
      ],
      "dtype": "torch.bool",
      "bytes": 768000,
      "kind": 6
    },
    {
      "name": "stress.0.contacts.force",
      "shape": [
        750,
        1024,
        3
      ],
      "dtype": "torch.float64",
      "bytes": 18432000,
      "kind": 6
    },
    {
      "name": "stress.0.contacts.normal",
      "shape": [
        750,
        1024,
        3
      ],
      "dtype": "torch.float64",
      "bytes": 18432000,
      "kind": 6
    },
    {
      "name": "stress.0.contacts.friction",
      "shape": [
        750,
        1024
      ],
      "dtype": "torch.float64",
      "bytes": 6144000,
      "kind": 6
    },
    {
      "name": "stress.0.contacts.radius",
      "shape": [
        750,
        1024
      ],
      "dtype": "torch.float64",
      "bytes": 6144000,
      "kind": 2
    },
    {
      "name": "stress.0.contacts.valid",
      "shape": [
        750,
        1024
      ],
      "dtype": "torch.bool",
      "bytes": 768000,
      "kind": 6
    },
    {
      "name": "stress.0.contacts.coefficient",
      "shape": [
        750,
        1024,
        3
      ],
      "dtype": "torch.float64",
      "bytes": 18432000,
      "kind": 6
    },
    {
      "name": "stress.0.contacts.weight_sum",
      "shape": [
        750,
        1024
      ],
      "dtype": "torch.float64",
      "bytes": 6144000,
      "kind": 6
    },
    {
      "name": "stress.0.contacts.status",
      "shape": [
        750,
        1024
      ],
      "dtype": "torch.int32",
      "bytes": 3072000,
      "kind": 6
    },
    {
      "name": "stress.0.contacts.force_error",
      "shape": [
        750,
        1024
      ],
      "dtype": "torch.float64",
      "bytes": 6144000,
      "kind": 6
    },
    {
      "name": "stress.0.contacts.moment_error",
      "shape": [
        750,
        1024
      ],
      "dtype": "torch.float64",
      "bytes": 6144000,
      "kind": 6
    },
    {
      "name": "stress.0.contacts.candidate_count",
      "shape": [
        750,
        1024
      ],
      "dtype": "torch.int32",
      "bytes": 3072000,
      "kind": 6
    },
    {
      "name": "stress.0.contacts.evaluations",
      "shape": [
        750,
        1024
      ],
      "dtype": "torch.int32",
      "bytes": 3072000,
      "kind": 6
    },
    {
      "name": "stress.0.contacts.active_pairs",
      "shape": [
        768000,
        2
      ],
      "dtype": "torch.int32",
      "bytes": 6144000,
      "kind": 6
    },
    {
      "name": "stress.0.contacts.active_count",
      "shape": [],
      "dtype": "torch.int32",
      "bytes": 4,
      "kind": 6
    },
    {
      "name": "stress.0.contacts.frame_position",
      "shape": [
        1024,
        3
      ],
      "dtype": "torch.float64",
      "bytes": 24576,
      "kind": 6
    },
    {
      "name": "stress.0.contacts.frame_quaternion",
      "shape": [
        1024,
        4
      ],
      "dtype": "torch.float64",
      "bytes": 32768,
      "kind": 6
    },
    {
      "name": "stress.0.scatter.tasks",
      "shape": [
        32768,
        2
      ],
      "dtype": "torch.int32",
      "bytes": 262144,
      "kind": 6
    },
    {
      "name": "stress.0.scatter.count",
      "shape": [],
      "dtype": "torch.int64",
      "bytes": 8,
      "kind": 6
    },
    {
      "name": "stress.0.scatter.wrench",
      "shape": [
        32768,
        6
      ],
      "dtype": "torch.float64",
      "bytes": 1572864,
      "kind": 6
    },
    {
      "name": "stress.0.scatter.overflow_calls",
      "shape": [],
      "dtype": "torch.int64",
      "bytes": 8,
      "kind": 6
    },
    {
      "name": "stress.0.omega",
      "shape": [
        1024,
        3
      ],
      "dtype": "torch.float64",
      "bytes": 24576,
      "kind": 6
    }
  ],
  "native_buffer_bytes": 291235093,
  "native_allocation_count": 101,
  "torch_peak_allocated_bytes": 3831808,
  "saved_reset_state_bytes": 1327104,
  "device_free_bytes": 98192326656,
  "trace": "balance-profile-b1024-max-v2.trace.json"
}
