timestamp,uuid,used_MiB,total_MiB,utilization_percent,power_W
2026/10/10 22:54:26.213,GPU-deec06d9-69c0-a4df-e1da-1c42f2a60220,0,97887,0,58.85
2026/10/10 22:54:26.739,GPU-deec06d9-69c0-a4df-e1da-1c42f2a60220,0,97887,0,58.85
2026/10/10 22:54:27.265,GPU-deec06d9-69c0-a4df-e1da-1c42f2a60220,0,97887,0,58.87
2026/10/10 22:54:27.796,GPU-deec06d9-69c0-a4df-e1da-1c42f2a60220,0,97887,0,58.38
2026/10/10 22:54:28.321,GPU-deec06d9-69c0-a4df-e1da-1c42f2a60220,0,97887,0,58.38
2026/10/10 22:54:28.846,GPU-deec06d9-69c0-a4df-e1da-1c42f2a60220,0,97887,0,58.39
2026/10/10 22:54:29.370,GPU-deec06d9-69c0-a4df-e1da-1c42f2a60220,0,97887,0,58.39
2026/10/10 22:54:29.896,GPU-deec06d9-69c0-a4df-e1da-1c42f2a60220,0,97887,0,58.39
2026/10/10 22:54:30.421,GPU-deec06d9-69c0-a4df-e1da-1c42f2a60220,0,97887,0,58.39
2026/10/10 22:54:30.946,GPU-deec06d9-69c0-a4df-e1da-1c42f2a60220,0,97887,0,58.90
2026/10/10 22:54:31.472,GPU-deec06d9-69c0-a4df-e1da-1c42f2a60220,0,97887,0,58.90
2026/10/10 22:54:31.997,GPU-deec06d9-69c0-a4df-e1da-1c42f2a60220,0,97887,0,58.38
2026/10/10 22:54:32.522,GPU-deec06d9-69c0-a4df-e1da-1c42f2a60220,0,97887,0,58.38
2026/10/10 22:54:33.046,GPU-deec06d9-69c0-a4df-e1da-1c42f2a60220,0,97887,0,58.38
2026/10/10 22:54:33.578,GPU-deec06d9-69c0-a4df-e1da-1c42f2a60220,0,97887,0,58.38
2026/10/10 22:54:34.107,GPU-deec06d9-69c0-a4df-e1da-1c42f2a60220,0,97887,0,58.37
2026/10/10 22:54:34.633,GPU-deec06d9-69c0-a4df-e1da-1c42f2a60220,0,97887,0,58.37
2026/10/10 22:54:35.158,GPU-deec06d9-69c0-a4df-e1da-1c42f2a60220,0,97887,0,58.86
2026/10/10 22:54:35.684,GPU-deec06d9-69c0-a4df-e1da-1c42f2a60220,863,97887,1,64.21
2026/10/10 22:54:36.258,GPU-deec06d9-69c0-a4df-e1da-1c42f2a60220,865,97887,0,74.16
2026/10/10 22:54:36.784,GPU-deec06d9-69c0-a4df-e1da-1c42f2a60220,865,97887,0,78.48
2026/10/10 22:54:37.309,GPU-deec06d9-69c0-a4df-e1da-1c42f2a60220,3841,97887,0,78.54
2026/10/10 22:54:37.835,GPU-deec06d9-69c0-a4df-e1da-1c42f2a60220,3841,97887,0,78.85
2026/10/10 22:54:38.361,GPU-deec06d9-69c0-a4df-e1da-1c42f2a60220,3861,97887,0,78.89
2026/10/10 22:54:38.887,GPU-deec06d9-69c0-a4df-e1da-1c42f2a60220,3861,97887,0,78.69
2026/10/10 22:54:39.412,GPU-deec06d9-69c0-a4df-e1da-1c42f2a60220,3925,97887,0,78.77
2026/10/10 22:54:39.937,GPU-deec06d9-69c0-a4df-e1da-1c42f2a60220,3993,97887,0,79.81
2026/10/10 22:54:40.463,GPU-deec06d9-69c0-a4df-e1da-1c42f2a60220,3993,97887,0,79.61
2026/10/10 22:54:41.005,GPU-deec06d9-69c0-a4df-e1da-1c42f2a60220,5071,97887,2,78.84
2026/10/10 22:54:41.530,GPU-deec06d9-69c0-a4df-e1da-1c42f2a60220,44605,97887,4,92.88
2026/10/10 22:54:42.062,GPU-deec06d9-69c0-a4df-e1da-1c42f2a60220,44605,97887,0,92.81
2026/10/10 22:54:42.595,GPU-deec06d9-69c0-a4df-e1da-1c42f2a60220,44605,97887,0,79.25
2026/10/10 22:54:43.125,GPU-deec06d9-69c0-a4df-e1da-1c42f2a60220,44605,97887,47,80.35
2026/10/10 22:54:43.651,GPU-deec06d9-69c0-a4df-e1da-1c42f2a60220,44605,97887,100,85.22
2026/10/10 22:54:44.178,GPU-deec06d9-69c0-a4df-e1da-1c42f2a60220,44605,97887,100,90.81
2026/10/10 22:54:44.703,GPU-deec06d9-69c0-a4df-e1da-1c42f2a60220,44605,97887,100,90.82
2026/10/10 22:54:45.230,GPU-deec06d9-69c0-a4df-e1da-1c42f2a60220,44605,97887,100,90.91
2026/10/10 22:54:45.756,GPU-deec06d9-69c0-a4df-e1da-1c42f2a60220,44605,97887,100,91.00
2026/10/10 22:54:46.282,GPU-deec06d9-69c0-a4df-e1da-1c42f2a60220,44605,97887,100,91.00
2026/10/10 22:54:46.808,GPU-deec06d9-69c0-a4df-e1da-1c42f2a60220,44605,97887,100,90.96
2026/10/10 22:54:47.333,GPU-deec06d9-69c0-a4df-e1da-1c42f2a60220,44605,97887,100,90.99
2026/10/10 22:54:47.859,GPU-deec06d9-69c0-a4df-e1da-1c42f2a60220,44605,97887,100,90.94
2026/10/10 22:54:48.384,GPU-deec06d9-69c0-a4df-e1da-1c42f2a60220,44605,97887,100,90.86
2026/10/10 22:54:48.911,GPU-deec06d9-69c0-a4df-e1da-1c42f2a60220,44605,97887,100,90.96
2026/10/10 22:54:49.436,GPU-deec06d9-69c0-a4df-e1da-1c42f2a60220,44605,97887,100,91.04
2026/10/10 22:54:49.963,GPU-deec06d9-69c0-a4df-e1da-1c42f2a60220,44605,97887,100,91.04
2026/10/10 22:54:50.490,GPU-deec06d9-69c0-a4df-e1da-1c42f2a60220,44605,97887,100,90.89
2026/10/10 22:54:51.016,GPU-deec06d9-69c0-a4df-e1da-1c42f2a60220,44605,97887,100,90.85
2026/10/10 22:54:51.543,GPU-deec06d9-69c0-a4df-e1da-1c42f2a60220,44605,97887,100,91.01
2026/10/10 22:54:52.068,GPU-deec06d9-69c0-a4df-e1da-1c42f2a60220,44605,97887,100,91.11
2026/10/10 22:54:52.602,GPU-deec06d9-69c0-a4df-e1da-1c42f2a60220,44605,97887,100,91.08
2026/10/10 22:54:53.137,GPU-deec06d9-69c0-a4df-e1da-1c42f2a60220,44605,97887,100,91.12
2026/10/10 22:54:53.676,GPU-deec06d9-69c0-a4df-e1da-1c42f2a60220,44605,97887,100,91.09
2026/10/10 22:54:54.203,GPU-deec06d9-69c0-a4df-e1da-1c42f2a60220,44605,97887,100,91.01
2026/10/10 22:54:54.729,GPU-deec06d9-69c0-a4df-e1da-1c42f2a60220,44605,97887,100,91.08
2026/10/10 22:54:55.256,GPU-deec06d9-69c0-a4df-e1da-1c42f2a60220,44605,97887,100,91.12
2026/10/10 22:54:55.783,GPU-deec06d9-69c0-a4df-e1da-1c42f2a60220,44605,97887,100,91.10
2026/10/10 22:54:56.309,GPU-deec06d9-69c0-a4df-e1da-1c42f2a60220,44605,97887,100,91.12
2026/10/10 22:54:56.838,GPU-deec06d9-69c0-a4df-e1da-1c42f2a60220,44861,97887,0,87.01
2026/10/10 22:54:57.364,GPU-deec06d9-69c0-a4df-e1da-1c42f2a60220,54975,97887,19,85.59
2026/10/10 22:54:57.890,GPU-deec06d9-69c0-a4df-e1da-1c42f2a60220,54975,97887,0,83.79
2026/10/10 22:54:58.416,GPU-deec06d9-69c0-a4df-e1da-1c42f2a60220,54975,97887,0,83.21
2026/10/10 22:54:58.944,GPU-deec06d9-69c0-a4df-e1da-1c42f2a60220,55039,97887,0,79.75
2026/10/10 22:54:59.470,GPU-deec06d9-69c0-a4df-e1da-1c42f2a60220,55039,97887,0,78.77
2026/10/10 22:54:59.998,GPU-deec06d9-69c0-a4df-e1da-1c42f2a60220,55039,97887,0,78.52
2026/10/10 22:55:00.525,GPU-deec06d9-69c0-a4df-e1da-1c42f2a60220,55039,97887,0,78.37
2026/10/10 22:55:01.052,GPU-deec06d9-69c0-a4df-e1da-1c42f2a60220,55039,97887,0,78.37
2026/10/10 22:55:01.579,GPU-deec06d9-69c0-a4df-e1da-1c42f2a60220,55039,97887,0,98.39
2026/10/10 22:55:02.106,GPU-deec06d9-69c0-a4df-e1da-1c42f2a60220,55039,97887,0,92.52
2026/10/10 22:55:02.646,GPU-deec06d9-69c0-a4df-e1da-1c42f2a60220,55039,97887,0,91.77
2026/10/10 22:55:03.172,GPU-deec06d9-69c0-a4df-e1da-1c42f2a60220,55039,97887,0,76.54
2026/10/10 22:55:03.700,GPU-deec06d9-69c0-a4df-e1da-1c42f2a60220,55039,97887,0,76.54
2026/10/10 22:55:04.227,GPU-deec06d9-69c0-a4df-e1da-1c42f2a60220,55039,97887,0,77.04
2026/10/10 22:55:04.753,GPU-deec06d9-69c0-a4df-e1da-1c42f2a60220,55039,97887,0,77.04
2026/10/10 22:55:05.278,GPU-deec06d9-69c0-a4df-e1da-1c42f2a60220,55039,97887,0,77.06
2026/10/10 22:55:05.804,GPU-deec06d9-69c0-a4df-e1da-1c42f2a60220,55039,97887,0,77.06
2026/10/10 22:55:06.331,GPU-deec06d9-69c0-a4df-e1da-1c42f2a60220,55039,97887,0,76.54
2026/10/10 22:55:06.857,GPU-deec06d9-69c0-a4df-e1da-1c42f2a60220,55039,97887,0,76.54
2026/10/10 22:55:07.382,GPU-deec06d9-69c0-a4df-e1da-1c42f2a60220,55039,97887,0,77.05
2026/10/10 22:55:07.907,GPU-deec06d9-69c0-a4df-e1da-1c42f2a60220,55039,97887,0,77.05
2026/10/10 22:55:08.433,GPU-deec06d9-69c0-a4df-e1da-1c42f2a60220,55039,97887,0,77.07
2026/10/10 22:55:08.960,GPU-deec06d9-69c0-a4df-e1da-1c42f2a60220,55039,97887,0,77.07
2026/10/10 22:55:09.485,GPU-deec06d9-69c0-a4df-e1da-1c42f2a60220,55039,97887,0,77.07
2026/10/10 22:55:10.014,GPU-deec06d9-69c0-a4df-e1da-1c42f2a60220,55039,97887,0,77.07
2026/10/10 22:55:10.546,GPU-deec06d9-69c0-a4df-e1da-1c42f2a60220,55039,97887,0,77.05
2026/10/10 22:55:11.074,GPU-deec06d9-69c0-a4df-e1da-1c42f2a60220,55039,97887,0,77.05
2026/10/10 22:55:11.602,GPU-deec06d9-69c0-a4df-e1da-1c42f2a60220,55039,97887,0,77.05
2026/10/10 22:55:12.131,GPU-deec06d9-69c0-a4df-e1da-1c42f2a60220,55039,97887,0,77.05
2026/10/10 22:55:12.658,GPU-deec06d9-69c0-a4df-e1da-1c42f2a60220,55039,97887,0,77.57
2026/10/10 22:55:13.184,GPU-deec06d9-69c0-a4df-e1da-1c42f2a60220,55039,97887,0,77.04
2026/10/10 22:55:13.711,GPU-deec06d9-69c0-a4df-e1da-1c42f2a60220,55039,97887,0,77.04
2026/10/10 22:55:14.239,GPU-deec06d9-69c0-a4df-e1da-1c42f2a60220,55039,97887,0,77.04
2026/10/10 22:55:14.766,GPU-deec06d9-69c0-a4df-e1da-1c42f2a60220,55039,97887,0,77.04
2026/10/10 22:55:15.293,GPU-deec06d9-69c0-a4df-e1da-1c42f2a60220,55039,97887,0,77.57
2026/10/10 22:55:15.821,GPU-deec06d9-69c0-a4df-e1da-1c42f2a60220,55039,97887,0,77.57
2026/10/10 22:55:16.347,GPU-deec06d9-69c0-a4df-e1da-1c42f2a60220,55039,97887,0,77.57
2026/10/10 22:55:16.874,GPU-deec06d9-69c0-a4df-e1da-1c42f2a60220,55039,97887,0,77.57
2026/10/10 22:55:17.400,GPU-deec06d9-69c0-a4df-e1da-1c42f2a60220,55039,97887,0,77.32
2026/10/10 22:55:17.926,GPU-deec06d9-69c0-a4df-e1da-1c42f2a60220,55039,97887,0,77.32
2026/10/10 22:55:18.454,GPU-deec06d9-69c0-a4df-e1da-1c42f2a60220,55039,97887,0,76.59
2026/10/10 22:55:18.981,GPU-deec06d9-69c0-a4df-e1da-1c42f2a60220,55039,97887,0,76.59
2026/10/10 22:55:19.508,GPU-deec06d9-69c0-a4df-e1da-1c42f2a60220,55039,97887,0,77.04
2026/10/10 22:55:20.034,GPU-deec06d9-69c0-a4df-e1da-1c42f2a60220,55039,97887,0,77.04
2026/10/10 22:55:20.560,GPU-deec06d9-69c0-a4df-e1da-1c42f2a60220,55039,97887,0,77.06
2026/10/10 22:55:21.086,GPU-deec06d9-69c0-a4df-e1da-1c42f2a60220,55039,97887,0,77.06
2026/10/10 22:55:21.613,GPU-deec06d9-69c0-a4df-e1da-1c42f2a60220,55039,97887,0,77.53
2026/10/10 22:55:22.144,GPU-deec06d9-69c0-a4df-e1da-1c42f2a60220,55039,97887,0,77.79
2026/10/10 22:55:22.670,GPU-deec06d9-69c0-a4df-e1da-1c42f2a60220,55039,97887,0,77.79
2026/10/10 22:55:23.195,GPU-deec06d9-69c0-a4df-e1da-1c42f2a60220,55039,97887,0,77.04
2026/10/10 22:55:23.720,GPU-deec06d9-69c0-a4df-e1da-1c42f2a60220,55039,97887,0,77.04
2026/10/10 22:55:24.245,GPU-deec06d9-69c0-a4df-e1da-1c42f2a60220,55359,97887,0,76.67
2026/10/10 22:55:24.773,GPU-deec06d9-69c0-a4df-e1da-1c42f2a60220,55359,97887,0,77.12
2026/10/10 22:55:25.305,GPU-deec06d9-69c0-a4df-e1da-1c42f2a60220,55359,97887,0,78.13
2026/10/10 22:55:25.832,GPU-deec06d9-69c0-a4df-e1da-1c42f2a60220,55359,97887,0,78.13
2026/10/10 22:55:26.358,GPU-deec06d9-69c0-a4df-e1da-1c42f2a60220,55359,97887,0,77.12
2026/10/10 22:55:26.885,GPU-deec06d9-69c0-a4df-e1da-1c42f2a60220,55359,97887,0,77.12
2026/10/10 22:55:27.413,GPU-deec06d9-69c0-a4df-e1da-1c42f2a60220,55359,97887,0,77.05
2026/10/10 22:55:27.940,GPU-deec06d9-69c0-a4df-e1da-1c42f2a60220,55359,97887,0,77.05
2026/10/10 22:55:28.467,GPU-deec06d9-69c0-a4df-e1da-1c42f2a60220,55359,97887,0,77.04
2026/10/10 22:55:28.993,GPU-deec06d9-69c0-a4df-e1da-1c42f2a60220,55359,97887,0,82.35
2026/10/10 22:55:29.520,GPU-deec06d9-69c0-a4df-e1da-1c42f2a60220,55359,97887,0,85.01
2026/10/10 22:55:30.047,GPU-deec06d9-69c0-a4df-e1da-1c42f2a60220,55359,97887,0,84.67
2026/10/10 22:55:30.574,GPU-deec06d9-69c0-a4df-e1da-1c42f2a60220,55359,97887,0,77.38
2026/10/10 22:55:31.101,GPU-deec06d9-69c0-a4df-e1da-1c42f2a60220,55359,97887,0,77.38
2026/10/10 22:55:31.627,GPU-deec06d9-69c0-a4df-e1da-1c42f2a60220,55359,97887,0,77.07
2026/10/10 22:55:32.153,GPU-deec06d9-69c0-a4df-e1da-1c42f2a60220,55359,97887,0,77.07
2026/10/10 22:55:32.679,GPU-deec06d9-69c0-a4df-e1da-1c42f2a60220,55359,97887,0,77.05
2026/10/10 22:55:33.205,GPU-deec06d9-69c0-a4df-e1da-1c42f2a60220,55359,97887,0,77.05
2026/10/10 22:55:33.732,GPU-deec06d9-69c0-a4df-e1da-1c42f2a60220,55359,97887,0,77.06
2026/10/10 22:55:34.258,GPU-deec06d9-69c0-a4df-e1da-1c42f2a60220,55359,97887,0,77.06
2026/10/10 22:55:34.784,GPU-deec06d9-69c0-a4df-e1da-1c42f2a60220,55359,97887,0,76.54
2026/10/10 22:55:35.310,GPU-deec06d9-69c0-a4df-e1da-1c42f2a60220,55359,97887,0,76.54
2026/10/10 22:55:35.837,GPU-deec06d9-69c0-a4df-e1da-1c42f2a60220,55359,97887,0,77.03
2026/10/10 22:55:36.364,GPU-deec06d9-69c0-a4df-e1da-1c42f2a60220,55359,97887,0,77.03
2026/10/10 22:55:36.889,GPU-deec06d9-69c0-a4df-e1da-1c42f2a60220,55359,97887,0,77.05
2026/10/10 22:55:37.416,GPU-deec06d9-69c0-a4df-e1da-1c42f2a60220,55359,97887,0,77.05
2026/10/10 22:55:37.944,GPU-deec06d9-69c0-a4df-e1da-1c42f2a60220,55359,97887,0,77.08
2026/10/10 22:55:38.472,GPU-deec06d9-69c0-a4df-e1da-1c42f2a60220,55359,97887,0,77.08
2026/10/10 22:55:38.999,GPU-deec06d9-69c0-a4df-e1da-1c42f2a60220,55361,97887,0,77.70
2026/10/10 22:55:39.526,GPU-deec06d9-69c0-a4df-e1da-1c42f2a60220,55361,97887,0,77.85
2026/10/10 22:55:40.052,GPU-deec06d9-69c0-a4df-e1da-1c42f2a60220,55361,97887,0,78.34
2026/10/10 22:55:40.580,GPU-deec06d9-69c0-a4df-e1da-1c42f2a60220,55361,97887,0,78.34
2026/10/10 22:55:41.106,GPU-deec06d9-69c0-a4df-e1da-1c42f2a60220,55361,97887,0,77.57
2026/10/10 22:55:41.633,GPU-deec06d9-69c0-a4df-e1da-1c42f2a60220,55361,97887,0,77.57
2026/10/10 22:55:42.158,GPU-deec06d9-69c0-a4df-e1da-1c42f2a60220,55361,97887,0,77.30
2026/10/10 22:55:42.684,GPU-deec06d9-69c0-a4df-e1da-1c42f2a60220,55361,97887,0,77.30
2026/10/10 22:55:43.211,GPU-deec06d9-69c0-a4df-e1da-1c42f2a60220,55363,97887,62,79.71
2026/10/10 22:55:43.738,GPU-deec06d9-69c0-a4df-e1da-1c42f2a60220,55363,97887,0,79.34
2026/10/10 22:55:44.265,GPU-deec06d9-69c0-a4df-e1da-1c42f2a60220,55363,97887,0,80.64
2026/10/10 22:55:44.790,GPU-deec06d9-69c0-a4df-e1da-1c42f2a60220,55363,97887,0,80.64
2026/10/10 22:55:45.317,GPU-deec06d9-69c0-a4df-e1da-1c42f2a60220,55363,97887,0,77.04
2026/10/10 22:55:45.843,GPU-deec06d9-69c0-a4df-e1da-1c42f2a60220,55363,97887,4,82.85
2026/10/10 22:55:46.369,GPU-deec06d9-69c0-a4df-e1da-1c42f2a60220,55363,97887,0,85.10
2026/10/10 22:55:46.896,GPU-deec06d9-69c0-a4df-e1da-1c42f2a60220,55363,97887,0,78.12
2026/10/10 22:55:47.423,GPU-deec06d9-69c0-a4df-e1da-1c42f2a60220,55363,97887,0,78.16
2026/10/10 22:55:47.948,GPU-deec06d9-69c0-a4df-e1da-1c42f2a60220,57573,97887,0,78.70
2026/10/10 22:55:48.476,GPU-deec06d9-69c0-a4df-e1da-1c42f2a60220,58181,97887,0,78.70
2026/10/10 22:55:49.004,GPU-deec06d9-69c0-a4df-e1da-1c42f2a60220,58181,97887,0,78.31
2026/10/10 22:55:49.531,GPU-deec06d9-69c0-a4df-e1da-1c42f2a60220,58443,97887,3,82.34
2026/10/10 22:55:50.058,GPU-deec06d9-69c0-a4df-e1da-1c42f2a60220,58443,97887,0,81.99
2026/10/10 22:55:50.585,GPU-deec06d9-69c0-a4df-e1da-1c42f2a60220,58443,97887,0,78.29
2026/10/10 22:55:51.111,GPU-deec06d9-69c0-a4df-e1da-1c42f2a60220,58443,97887,7,97.26
2026/10/10 22:55:51.639,GPU-deec06d9-69c0-a4df-e1da-1c42f2a60220,58443,97887,7,93.37
2026/10/10 22:55:52.166,GPU-deec06d9-69c0-a4df-e1da-1c42f2a60220,58443,97887,5,79.11
2026/10/10 22:55:52.694,GPU-deec06d9-69c0-a4df-e1da-1c42f2a60220,58443,97887,7,94.72
2026/10/10 22:55:53.222,GPU-deec06d9-69c0-a4df-e1da-1c42f2a60220,58443,97887,99,185.91
2026/10/10 22:55:53.751,GPU-deec06d9-69c0-a4df-e1da-1c42f2a60220,58443,97887,6,208.15
2026/10/10 22:55:54.278,GPU-deec06d9-69c0-a4df-e1da-1c42f2a60220,58443,97887,6,111.57
2026/10/10 22:55:54.806,GPU-deec06d9-69c0-a4df-e1da-1c42f2a60220,58443,97887,5,79.43
2026/10/10 22:55:55.339,GPU-deec06d9-69c0-a4df-e1da-1c42f2a60220,58443,97887,6,79.11
2026/10/10 22:55:55.876,GPU-deec06d9-69c0-a4df-e1da-1c42f2a60220,58443,97887,80,124.71
2026/10/10 22:55:56.405,GPU-deec06d9-69c0-a4df-e1da-1c42f2a60220,58443,97887,98,192.26
2026/10/10 22:55:56.934,GPU-deec06d9-69c0-a4df-e1da-1c42f2a60220,58443,97887,6,213.90
2026/10/10 22:55:57.462,GPU-deec06d9-69c0-a4df-e1da-1c42f2a60220,58443,97887,6,103.77
2026/10/10 22:55:57.989,GPU-deec06d9-69c0-a4df-e1da-1c42f2a60220,58443,97887,1,78.97
2026/10/10 22:55:58.516,GPU-deec06d9-69c0-a4df-e1da-1c42f2a60220,58443,97887,7,78.93
2026/10/10 22:55:59.043,GPU-deec06d9-69c0-a4df-e1da-1c42f2a60220,58443,97887,0,79.18
2026/10/10 22:55:59.573,GPU-deec06d9-69c0-a4df-e1da-1c42f2a60220,58443,97887,99,187.09
2026/10/10 22:56:00.101,GPU-deec06d9-69c0-a4df-e1da-1c42f2a60220,58443,97887,76,238.11
2026/10/10 22:56:00.630,GPU-deec06d9-69c0-a4df-e1da-1c42f2a60220,58443,97887,4,162.15
2026/10/10 22:56:01.159,GPU-deec06d9-69c0-a4df-e1da-1c42f2a60220,58443,97887,4,79.68
2026/10/10 22:56:01.688,GPU-deec06d9-69c0-a4df-e1da-1c42f2a60220,58443,97887,6,79.26
2026/10/10 22:56:02.216,GPU-deec06d9-69c0-a4df-e1da-1c42f2a60220,58443,97887,0,79.11
2026/10/10 22:56:02.745,GPU-deec06d9-69c0-a4df-e1da-1c42f2a60220,58443,97887,98,189.34
2026/10/10 22:56:03.273,GPU-deec06d9-69c0-a4df-e1da-1c42f2a60220,58443,97887,52,232.25
2026/10/10 22:56:03.801,GPU-deec06d9-69c0-a4df-e1da-1c42f2a60220,58443,97887,6,132.05
2026/10/10 22:56:04.328,GPU-deec06d9-69c0-a4df-e1da-1c42f2a60220,58443,97887,4,79.56
2026/10/10 22:56:04.856,GPU-deec06d9-69c0-a4df-e1da-1c42f2a60220,58443,97887,5,79.42
2026/10/10 22:56:05.384,GPU-deec06d9-69c0-a4df-e1da-1c42f2a60220,58443,97887,0,79.07
2026/10/10 22:56:05.910,GPU-deec06d9-69c0-a4df-e1da-1c42f2a60220,58443,97887,98,187.77
2026/10/10 22:56:06.439,GPU-deec06d9-69c0-a4df-e1da-1c42f2a60220,58443,97887,41,242.69
2026/10/10 22:56:06.966,GPU-deec06d9-69c0-a4df-e1da-1c42f2a60220,58443,97887,7,119.74
2026/10/10 22:56:07.496,GPU-deec06d9-69c0-a4df-e1da-1c42f2a60220,58443,97887,4,79.56
2026/10/10 22:56:08.030,GPU-deec06d9-69c0-a4df-e1da-1c42f2a60220,58443,97887,5,79.52
2026/10/10 22:56:08.557,GPU-deec06d9-69c0-a4df-e1da-1c42f2a60220,58443,97887,6,79.30
2026/10/10 22:56:09.084,GPU-deec06d9-69c0-a4df-e1da-1c42f2a60220,58443,97887,99,174.73
2026/10/10 22:56:09.611,GPU-deec06d9-69c0-a4df-e1da-1c42f2a60220,58443,97887,63,248.16
2026/10/10 22:56:10.137,GPU-deec06d9-69c0-a4df-e1da-1c42f2a60220,58443,97887,7,169.55
2026/10/10 22:56:10.678,GPU-deec06d9-69c0-a4df-e1da-1c42f2a60220,58443,97887,5,80.09
2026/10/10 22:56:11.205,GPU-deec06d9-69c0-a4df-e1da-1c42f2a60220,58443,97887,7,79.61
2026/10/10 22:56:11.732,GPU-deec06d9-69c0-a4df-e1da-1c42f2a60220,58443,97887,2,79.17
2026/10/10 22:56:12.273,GPU-deec06d9-69c0-a4df-e1da-1c42f2a60220,58443,97887,99,122.74
2026/10/10 22:56:12.811,GPU-deec06d9-69c0-a4df-e1da-1c42f2a60220,58443,97887,99,231.60
2026/10/10 22:56:13.338,GPU-deec06d9-69c0-a4df-e1da-1c42f2a60220,58443,97887,7,197.86
2026/10/10 22:56:13.865,GPU-deec06d9-69c0-a4df-e1da-1c42f2a60220,58443,97887,7,106.11
2026/10/10 22:56:14.392,GPU-deec06d9-69c0-a4df-e1da-1c42f2a60220,58443,97887,7,79.53
2026/10/10 22:56:14.921,GPU-deec06d9-69c0-a4df-e1da-1c42f2a60220,58443,97887,1,79.29
2026/10/10 22:56:15.448,GPU-deec06d9-69c0-a4df-e1da-1c42f2a60220,58443,97887,99,127.72
2026/10/10 22:56:15.976,GPU-deec06d9-69c0-a4df-e1da-1c42f2a60220,58443,97887,99,229.96
2026/10/10 22:56:16.505,GPU-deec06d9-69c0-a4df-e1da-1c42f2a60220,58443,97887,6,194.12
2026/10/10 22:56:17.033,GPU-deec06d9-69c0-a4df-e1da-1c42f2a60220,58443,97887,6,118.76
2026/10/10 22:56:17.560,GPU-deec06d9-69c0-a4df-e1da-1c42f2a60220,58443,97887,4,79.73
2026/10/10 22:56:18.086,GPU-deec06d9-69c0-a4df-e1da-1c42f2a60220,58443,97887,0,79.36
2026/10/10 22:56:18.614,GPU-deec06d9-69c0-a4df-e1da-1c42f2a60220,58443,97887,98,108.70
2026/10/10 22:56:19.144,GPU-deec06d9-69c0-a4df-e1da-1c42f2a60220,58443,97887,97,209.97
2026/10/10 22:56:19.672,GPU-deec06d9-69c0-a4df-e1da-1c42f2a60220,58443,97887,7,197.31
2026/10/10 22:56:20.200,GPU-deec06d9-69c0-a4df-e1da-1c42f2a60220,58443,97887,6,94.07
2026/10/10 22:56:20.727,GPU-deec06d9-69c0-a4df-e1da-1c42f2a60220,58443,97887,5,79.54
2026/10/10 22:56:21.256,GPU-deec06d9-69c0-a4df-e1da-1c42f2a60220,58443,97887,0,79.46
2026/10/10 22:56:21.784,GPU-deec06d9-69c0-a4df-e1da-1c42f2a60220,58443,97887,98,146.61
2026/10/10 22:56:22.316,GPU-deec06d9-69c0-a4df-e1da-1c42f2a60220,58443,97887,98,227.71
2026/10/10 22:56:22.845,GPU-deec06d9-69c0-a4df-e1da-1c42f2a60220,58443,97887,6,185.46
2026/10/10 22:56:23.373,GPU-deec06d9-69c0-a4df-e1da-1c42f2a60220,58443,97887,6,120.42
2026/10/10 22:56:23.902,GPU-deec06d9-69c0-a4df-e1da-1c42f2a60220,58443,97887,5,79.45
2026/10/10 22:56:24.430,GPU-deec06d9-69c0-a4df-e1da-1c42f2a60220,58443,97887,1,79.41
2026/10/10 22:56:24.958,GPU-deec06d9-69c0-a4df-e1da-1c42f2a60220,58443,97887,95,110.41
2026/10/10 22:56:25.497,GPU-deec06d9-69c0-a4df-e1da-1c42f2a60220,58443,97887,98,227.52
2026/10/10 22:56:26.025,GPU-deec06d9-69c0-a4df-e1da-1c42f2a60220,58443,97887,6,201.22
2026/10/10 22:56:26.555,GPU-deec06d9-69c0-a4df-e1da-1c42f2a60220,58443,97887,6,118.58
2026/10/10 22:56:27.083,GPU-deec06d9-69c0-a4df-e1da-1c42f2a60220,58443,97887,5,79.56
2026/10/10 22:56:27.614,GPU-deec06d9-69c0-a4df-e1da-1c42f2a60220,58443,97887,0,79.51
2026/10/10 22:56:28.142,GPU-deec06d9-69c0-a4df-e1da-1c42f2a60220,58443,97887,78,112.71
2026/10/10 22:56:28.671,GPU-deec06d9-69c0-a4df-e1da-1c42f2a60220,58443,97887,98,181.96
2026/10/10 22:56:29.199,GPU-deec06d9-69c0-a4df-e1da-1c42f2a60220,58443,97887,6,207.77
2026/10/10 22:56:29.727,GPU-deec06d9-69c0-a4df-e1da-1c42f2a60220,58443,97887,6,131.79
2026/10/10 22:56:30.256,GPU-deec06d9-69c0-a4df-e1da-1c42f2a60220,58443,97887,0,80.05
2026/10/10 22:56:30.784,GPU-deec06d9-69c0-a4df-e1da-1c42f2a60220,58443,97887,4,79.40
2026/10/10 22:56:31.314,GPU-deec06d9-69c0-a4df-e1da-1c42f2a60220,58443,97887,0,79.41
2026/10/10 22:56:31.843,GPU-deec06d9-69c0-a4df-e1da-1c42f2a60220,58443,97887,98,126.64
2026/10/10 22:56:32.374,GPU-deec06d9-69c0-a4df-e1da-1c42f2a60220,58443,97887,98,207.77
2026/10/10 22:56:32.901,GPU-deec06d9-69c0-a4df-e1da-1c42f2a60220,58443,97887,100,226.81
2026/10/10 22:56:33.430,GPU-deec06d9-69c0-a4df-e1da-1c42f2a60220,58443,97887,4,143.10
2026/10/10 22:56:33.958,GPU-deec06d9-69c0-a4df-e1da-1c42f2a60220,58443,97887,4,80.01
2026/10/10 22:56:34.485,GPU-deec06d9-69c0-a4df-e1da-1c42f2a60220,58443,97887,6,79.69
2026/10/10 22:56:35.013,GPU-deec06d9-69c0-a4df-e1da-1c42f2a60220,58443,97887,0,79.60
2026/10/10 22:56:35.541,GPU-deec06d9-69c0-a4df-e1da-1c42f2a60220,58443,97887,98,142.78
2026/10/10 22:56:36.070,GPU-deec06d9-69c0-a4df-e1da-1c42f2a60220,58443,97887,99,228.40
2026/10/10 22:56:36.598,GPU-deec06d9-69c0-a4df-e1da-1c42f2a60220,58443,97887,6,196.07
2026/10/10 22:56:37.128,GPU-deec06d9-69c0-a4df-e1da-1c42f2a60220,58443,97887,5,131.47
2026/10/10 22:56:37.660,GPU-deec06d9-69c0-a4df-e1da-1c42f2a60220,58443,97887,1,80.03
2026/10/10 22:56:38.199,GPU-deec06d9-69c0-a4df-e1da-1c42f2a60220,58443,97887,4,79.81
2026/10/10 22:56:38.727,GPU-deec06d9-69c0-a4df-e1da-1c42f2a60220,58443,97887,0,89.23
2026/10/10 22:56:39.258,GPU-deec06d9-69c0-a4df-e1da-1c42f2a60220,58443,97887,98,174.50
2026/10/10 22:56:39.788,GPU-deec06d9-69c0-a4df-e1da-1c42f2a60220,58443,97887,99,249.57
2026/10/10 22:56:40.319,GPU-deec06d9-69c0-a4df-e1da-1c42f2a60220,58443,97887,6,189.54
2026/10/10 22:56:40.848,GPU-deec06d9-69c0-a4df-e1da-1c42f2a60220,58443,97887,6,120.53
2026/10/10 22:56:41.377,GPU-deec06d9-69c0-a4df-e1da-1c42f2a60220,58443,97887,1,80.67
2026/10/10 22:56:41.905,GPU-deec06d9-69c0-a4df-e1da-1c42f2a60220,58443,97887,5,79.56
2026/10/10 22:56:42.432,GPU-deec06d9-69c0-a4df-e1da-1c42f2a60220,58443,97887,99,107.69
2026/10/10 22:56:42.962,GPU-deec06d9-69c0-a4df-e1da-1c42f2a60220,58443,97887,100,177.63
2026/10/10 22:56:43.492,GPU-deec06d9-69c0-a4df-e1da-1c42f2a60220,58443,97887,99,241.04
2026/10/10 22:56:44.021,GPU-deec06d9-69c0-a4df-e1da-1c42f2a60220,58443,97887,6,185.23
2026/10/10 22:56:44.548,GPU-deec06d9-69c0-a4df-e1da-1c42f2a60220,58443,97887,6,118.22
2026/10/10 22:56:45.075,GPU-deec06d9-69c0-a4df-e1da-1c42f2a60220,58443,97887,5,80.15
2026/10/10 22:56:45.603,GPU-deec06d9-69c0-a4df-e1da-1c42f2a60220,58443,97887,0,79.57
2026/10/10 22:56:46.131,GPU-deec06d9-69c0-a4df-e1da-1c42f2a60220,58443,97887,81,106.76
2026/10/10 22:56:46.663,GPU-deec06d9-69c0-a4df-e1da-1c42f2a60220,58443,97887,97,190.87
2026/10/10 22:56:47.192,GPU-deec06d9-69c0-a4df-e1da-1c42f2a60220,58443,97887,100,239.04
2026/10/10 22:56:47.720,GPU-deec06d9-69c0-a4df-e1da-1c42f2a60220,58443,97887,7,182.18
2026/10/10 22:56:48.247,GPU-deec06d9-69c0-a4df-e1da-1c42f2a60220,58443,97887,7,108.96
2026/10/10 22:56:48.773,GPU-deec06d9-69c0-a4df-e1da-1c42f2a60220,58443,97887,4,80.20
2026/10/10 22:56:49.301,GPU-deec06d9-69c0-a4df-e1da-1c42f2a60220,58443,97887,0,79.72
2026/10/10 22:56:49.829,GPU-deec06d9-69c0-a4df-e1da-1c42f2a60220,58443,97887,99,130.96
2026/10/10 22:56:50.356,GPU-deec06d9-69c0-a4df-e1da-1c42f2a60220,58443,97887,99,191.78
2026/10/10 22:56:50.886,GPU-deec06d9-69c0-a4df-e1da-1c42f2a60220,58443,97887,100,241.59
2026/10/10 22:56:51.413,GPU-deec06d9-69c0-a4df-e1da-1c42f2a60220,58443,97887,6,175.46
2026/10/10 22:56:51.939,GPU-deec06d9-69c0-a4df-e1da-1c42f2a60220,58443,97887,7,95.91
2026/10/10 22:56:52.466,GPU-deec06d9-69c0-a4df-e1da-1c42f2a60220,58443,97887,0,80.19
2026/10/10 22:56:52.993,GPU-deec06d9-69c0-a4df-e1da-1c42f2a60220,58443,97887,5,79.97
2026/10/10 22:56:53.520,GPU-deec06d9-69c0-a4df-e1da-1c42f2a60220,58443,97887,4,79.71
2026/10/10 22:56:54.048,GPU-deec06d9-69c0-a4df-e1da-1c42f2a60220,58443,97887,99,154.37
2026/10/10 22:56:54.577,GPU-deec06d9-69c0-a4df-e1da-1c42f2a60220,58443,97887,100,227.69
2026/10/10 22:56:55.104,GPU-deec06d9-69c0-a4df-e1da-1c42f2a60220,58443,97887,71,229.87
2026/10/10 22:56:55.631,GPU-deec06d9-69c0-a4df-e1da-1c42f2a60220,58443,97887,5,137.44
2026/10/10 22:56:56.159,GPU-deec06d9-69c0-a4df-e1da-1c42f2a60220,58443,97887,5,81.03
2026/10/10 22:56:56.685,GPU-deec06d9-69c0-a4df-e1da-1c42f2a60220,58443,97887,6,80.26
2026/10/10 22:56:57.212,GPU-deec06d9-69c0-a4df-e1da-1c42f2a60220,58443,97887,0,79.95
2026/10/10 22:56:57.739,GPU-deec06d9-69c0-a4df-e1da-1c42f2a60220,58443,97887,99,153.19
2026/10/10 22:56:58.266,GPU-deec06d9-69c0-a4df-e1da-1c42f2a60220,58443,97887,99,217.20
2026/10/10 22:56:58.794,GPU-deec06d9-69c0-a4df-e1da-1c42f2a60220,58443,97887,98,253.70
2026/10/10 22:56:59.322,GPU-deec06d9-69c0-a4df-e1da-1c42f2a60220,58443,97887,7,161.10
2026/10/10 22:56:59.849,GPU-deec06d9-69c0-a4df-e1da-1c42f2a60220,58443,97887,3,80.63
2026/10/10 22:57:00.375,GPU-deec06d9-69c0-a4df-e1da-1c42f2a60220,58443,97887,5,80.30
2026/10/10 22:57:00.902,GPU-deec06d9-69c0-a4df-e1da-1c42f2a60220,58443,97887,7,80.00
2026/10/10 22:57:01.430,GPU-deec06d9-69c0-a4df-e1da-1c42f2a60220,58443,97887,100,145.76
2026/10/10 22:57:01.960,GPU-deec06d9-69c0-a4df-e1da-1c42f2a60220,58443,97887,99,209.97
2026/10/10 22:57:02.487,GPU-deec06d9-69c0-a4df-e1da-1c42f2a60220,58443,97887,100,245.80
2026/10/10 22:57:03.015,GPU-deec06d9-69c0-a4df-e1da-1c42f2a60220,58443,97887,7,155.73
2026/10/10 22:57:03.541,GPU-deec06d9-69c0-a4df-e1da-1c42f2a60220,58443,97887,5,80.71
2026/10/10 22:57:04.067,GPU-deec06d9-69c0-a4df-e1da-1c42f2a60220,58443,97887,5,80.33
2026/10/10 22:57:04.594,GPU-deec06d9-69c0-a4df-e1da-1c42f2a60220,58443,97887,0,79.89
2026/10/10 22:57:05.122,GPU-deec06d9-69c0-a4df-e1da-1c42f2a60220,58443,97887,100,132.41
2026/10/10 22:57:05.650,GPU-deec06d9-69c0-a4df-e1da-1c42f2a60220,58443,97887,100,208.68
2026/10/10 22:57:06.180,GPU-deec06d9-69c0-a4df-e1da-1c42f2a60220,58443,97887,100,244.12
2026/10/10 22:57:06.707,GPU-deec06d9-69c0-a4df-e1da-1c42f2a60220,58443,97887,7,176.10
2026/10/10 22:57:07.233,GPU-deec06d9-69c0-a4df-e1da-1c42f2a60220,58443,97887,5,80.88
2026/10/10 22:57:07.761,GPU-deec06d9-69c0-a4df-e1da-1c42f2a60220,58443,97887,6,80.44
2026/10/10 22:57:08.287,GPU-deec06d9-69c0-a4df-e1da-1c42f2a60220,58443,97887,1,80.18
2026/10/10 22:57:08.814,GPU-deec06d9-69c0-a4df-e1da-1c42f2a60220,58443,97887,38,110.71
2026/10/10 22:57:09.344,GPU-deec06d9-69c0-a4df-e1da-1c42f2a60220,58443,97887,99,205.52
2026/10/10 22:57:09.875,GPU-deec06d9-69c0-a4df-e1da-1c42f2a60220,58443,97887,99,232.31
2026/10/10 22:57:10.418,GPU-deec06d9-69c0-a4df-e1da-1c42f2a60220,58443,97887,6,174.51
2026/10/10 22:57:10.948,GPU-deec06d9-69c0-a4df-e1da-1c42f2a60220,58443,97887,6,107.00
2026/10/10 22:57:11.476,GPU-deec06d9-69c0-a4df-e1da-1c42f2a60220,58443,97887,6,80.94
2026/10/10 22:57:12.003,GPU-deec06d9-69c0-a4df-e1da-1c42f2a60220,58443,97887,6,79.83
2026/10/10 22:57:12.531,GPU-deec06d9-69c0-a4df-e1da-1c42f2a60220,58443,97887,58,104.93
2026/10/10 22:57:13.060,GPU-deec06d9-69c0-a4df-e1da-1c42f2a60220,58443,97887,99,182.17
2026/10/10 22:57:13.587,GPU-deec06d9-69c0-a4df-e1da-1c42f2a60220,58443,97887,99,243.59
2026/10/10 22:57:14.116,GPU-deec06d9-69c0-a4df-e1da-1c42f2a60220,58443,97887,6,220.80
2026/10/10 22:57:14.643,GPU-deec06d9-69c0-a4df-e1da-1c42f2a60220,58443,97887,7,114.97
2026/10/10 22:57:15.169,GPU-deec06d9-69c0-a4df-e1da-1c42f2a60220,58443,97887,0,80.58
2026/10/10 22:57:15.698,GPU-deec06d9-69c0-a4df-e1da-1c42f2a60220,58443,97887,7,80.34
2026/10/10 22:57:16.225,GPU-deec06d9-69c0-a4df-e1da-1c42f2a60220,58443,97887,19,86.25
2026/10/10 22:57:16.757,GPU-deec06d9-69c0-a4df-e1da-1c42f2a60220,58443,97887,100,163.55
2026/10/10 22:57:17.292,GPU-deec06d9-69c0-a4df-e1da-1c42f2a60220,58443,97887,100,246.35
2026/10/10 22:57:17.830,GPU-deec06d9-69c0-a4df-e1da-1c42f2a60220,58443,97887,6,226.16
2026/10/10 22:57:18.358,GPU-deec06d9-69c0-a4df-e1da-1c42f2a60220,58443,97887,6,145.91
2026/10/10 22:57:18.885,GPU-deec06d9-69c0-a4df-e1da-1c42f2a60220,58443,97887,1,80.78
2026/10/10 22:57:19.413,GPU-deec06d9-69c0-a4df-e1da-1c42f2a60220,58443,97887,5,80.49
2026/10/10 22:57:19.941,GPU-deec06d9-69c0-a4df-e1da-1c42f2a60220,58443,97887,4,80.26
2026/10/10 22:57:20.470,GPU-deec06d9-69c0-a4df-e1da-1c42f2a60220,58443,97887,99,163.94
2026/10/10 22:57:20.998,GPU-deec06d9-69c0-a4df-e1da-1c42f2a60220,58443,97887,100,230.37
2026/10/10 22:57:21.526,GPU-deec06d9-69c0-a4df-e1da-1c42f2a60220,58443,97887,100,249.24
2026/10/10 22:57:22.053,GPU-deec06d9-69c0-a4df-e1da-1c42f2a60220,58443,97887,4,143.36
2026/10/10 22:57:22.580,GPU-deec06d9-69c0-a4df-e1da-1c42f2a60220,58443,97887,6,80.64
2026/10/10 22:57:23.106,GPU-deec06d9-69c0-a4df-e1da-1c42f2a60220,58443,97887,1,80.06
2026/10/10 22:57:23.634,GPU-deec06d9-69c0-a4df-e1da-1c42f2a60220,58443,97887,4,79.97
2026/10/10 22:57:24.161,GPU-deec06d9-69c0-a4df-e1da-1c42f2a60220,58443,97887,0,102.10
2026/10/10 22:57:24.689,GPU-deec06d9-69c0-a4df-e1da-1c42f2a60220,58443,97887,100,196.42
2026/10/10 22:57:25.223,GPU-deec06d9-69c0-a4df-e1da-1c42f2a60220,58443,97887,99,260.55
2026/10/10 22:57:25.756,GPU-deec06d9-69c0-a4df-e1da-1c42f2a60220,58443,97887,13,210.66
2026/10/10 22:57:26.301,GPU-deec06d9-69c0-a4df-e1da-1c42f2a60220,58443,97887,6,130.49
2026/10/10 22:57:26.829,GPU-deec06d9-69c0-a4df-e1da-1c42f2a60220,58443,97887,4,80.20
2026/10/10 22:57:27.357,GPU-deec06d9-69c0-a4df-e1da-1c42f2a60220,58443,97887,7,79.87
2026/10/10 22:57:27.884,GPU-deec06d9-69c0-a4df-e1da-1c42f2a60220,58443,97887,99,112.58
2026/10/10 22:57:28.412,GPU-deec06d9-69c0-a4df-e1da-1c42f2a60220,58443,97887,99,184.23
2026/10/10 22:57:28.942,GPU-deec06d9-69c0-a4df-e1da-1c42f2a60220,58443,97887,98,232.55
2026/10/10 22:57:29.472,GPU-deec06d9-69c0-a4df-e1da-1c42f2a60220,58443,97887,6,197.91
2026/10/10 22:57:29.999,GPU-deec06d9-69c0-a4df-e1da-1c42f2a60220,58443,97887,4,126.04
2026/10/10 22:57:30.525,GPU-deec06d9-69c0-a4df-e1da-1c42f2a60220,58443,97887,1,80.20
2026/10/10 22:57:31.053,GPU-deec06d9-69c0-a4df-e1da-1c42f2a60220,58443,97887,6,80.13
2026/10/10 22:57:31.580,GPU-deec06d9-69c0-a4df-e1da-1c42f2a60220,58443,97887,2,79.65
2026/10/10 22:57:32.107,GPU-deec06d9-69c0-a4df-e1da-1c42f2a60220,58443,97887,99,151.68
2026/10/10 22:57:32.635,GPU-deec06d9-69c0-a4df-e1da-1c42f2a60220,58443,97887,100,215.24
2026/10/10 22:57:33.162,GPU-deec06d9-69c0-a4df-e1da-1c42f2a60220,58443,97887,100,224.08
2026/10/10 22:57:33.690,GPU-deec06d9-69c0-a4df-e1da-1c42f2a60220,58443,97887,5,149.51
2026/10/10 22:57:34.218,GPU-deec06d9-69c0-a4df-e1da-1c42f2a60220,58443,97887,7,80.77
2026/10/10 22:57:34.746,GPU-deec06d9-69c0-a4df-e1da-1c42f2a60220,58443,97887,5,80.26
2026/10/10 22:57:35.272,GPU-deec06d9-69c0-a4df-e1da-1c42f2a60220,58443,97887,6,79.81
2026/10/10 22:57:35.798,GPU-deec06d9-69c0-a4df-e1da-1c42f2a60220,58443,97887,99,134.97
2026/10/10 22:57:36.325,GPU-deec06d9-69c0-a4df-e1da-1c42f2a60220,58443,97887,98,211.53
2026/10/10 22:57:36.857,GPU-deec06d9-69c0-a4df-e1da-1c42f2a60220,58443,97887,98,232.65
2026/10/10 22:57:37.384,GPU-deec06d9-69c0-a4df-e1da-1c42f2a60220,58443,97887,7,170.67
2026/10/10 22:57:37.912,GPU-deec06d9-69c0-a4df-e1da-1c42f2a60220,58443,97887,6,102.02
2026/10/10 22:57:38.438,GPU-deec06d9-69c0-a4df-e1da-1c42f2a60220,58443,97887,2,80.53
2026/10/10 22:57:38.965,GPU-deec06d9-69c0-a4df-e1da-1c42f2a60220,58443,97887,3,80.25
2026/10/10 22:57:39.492,GPU-deec06d9-69c0-a4df-e1da-1c42f2a60220,58443,97887,97,99.28
2026/10/10 22:57:40.020,GPU-deec06d9-69c0-a4df-e1da-1c42f2a60220,58443,97887,98,187.53
2026/10/10 22:57:40.556,GPU-deec06d9-69c0-a4df-e1da-1c42f2a60220,58443,97887,99,254.87
2026/10/10 22:57:41.086,GPU-deec06d9-69c0-a4df-e1da-1c42f2a60220,58443,97887,6,208.09
2026/10/10 22:57:41.613,GPU-deec06d9-69c0-a4df-e1da-1c42f2a60220,58443,97887,5,141.51
2026/10/10 22:57:42.139,GPU-deec06d9-69c0-a4df-e1da-1c42f2a60220,58443,97887,0,80.60
2026/10/10 22:57:42.665,GPU-deec06d9-69c0-a4df-e1da-1c42f2a60220,58443,97887,6,80.35
2026/10/10 22:57:43.193,GPU-deec06d9-69c0-a4df-e1da-1c42f2a60220,58443,97887,3,79.86
2026/10/10 22:57:43.722,GPU-deec06d9-69c0-a4df-e1da-1c42f2a60220,58443,97887,100,162.90
2026/10/10 22:57:44.251,GPU-deec06d9-69c0-a4df-e1da-1c42f2a60220,58443,97887,100,250.95
2026/10/10 22:57:44.779,GPU-deec06d9-69c0-a4df-e1da-1c42f2a60220,58443,97887,98,231.43
2026/10/10 22:57:45.306,GPU-deec06d9-69c0-a4df-e1da-1c42f2a60220,58443,97887,6,145.37
2026/10/10 22:57:45.853,GPU-deec06d9-69c0-a4df-e1da-1c42f2a60220,58443,97887,3,80.58
2026/10/10 22:57:46.386,GPU-deec06d9-69c0-a4df-e1da-1c42f2a60220,58443,97887,5,80.18
2026/10/10 22:57:46.912,GPU-deec06d9-69c0-a4df-e1da-1c42f2a60220,58443,97887,6,80.13
2026/10/10 22:57:47.440,GPU-deec06d9-69c0-a4df-e1da-1c42f2a60220,58443,97887,99,134.91
2026/10/10 22:57:47.968,GPU-deec06d9-69c0-a4df-e1da-1c42f2a60220,58443,97887,99,248.11
2026/10/10 22:57:48.495,GPU-deec06d9-69c0-a4df-e1da-1c42f2a60220,58443,97887,99,241.67
2026/10/10 22:57:49.022,GPU-deec06d9-69c0-a4df-e1da-1c42f2a60220,58443,97887,7,174.67
2026/10/10 22:57:49.549,GPU-deec06d9-69c0-a4df-e1da-1c42f2a60220,58443,97887,7,114.98
2026/10/10 22:57:50.075,GPU-deec06d9-69c0-a4df-e1da-1c42f2a60220,58443,97887,7,80.06
2026/10/10 22:57:50.602,GPU-deec06d9-69c0-a4df-e1da-1c42f2a60220,58443,97887,3,80.00
2026/10/10 22:57:51.129,GPU-deec06d9-69c0-a4df-e1da-1c42f2a60220,58443,97887,100,109.22
2026/10/10 22:57:51.658,GPU-deec06d9-69c0-a4df-e1da-1c42f2a60220,58443,97887,100,212.92
2026/10/10 22:57:52.189,GPU-deec06d9-69c0-a4df-e1da-1c42f2a60220,58443,97887,98,248.33
2026/10/10 22:57:52.718,GPU-deec06d9-69c0-a4df-e1da-1c42f2a60220,58443,97887,6,225.24
2026/10/10 22:57:53.245,GPU-deec06d9-69c0-a4df-e1da-1c42f2a60220,58443,97887,5,134.52
2026/10/10 22:57:53.773,GPU-deec06d9-69c0-a4df-e1da-1c42f2a60220,58443,97887,0,80.66
2026/10/10 22:57:54.300,GPU-deec06d9-69c0-a4df-e1da-1c42f2a60220,58443,97887,7,80.14
2026/10/10 22:57:54.827,GPU-deec06d9-69c0-a4df-e1da-1c42f2a60220,58443,97887,1,85.33
2026/10/10 22:57:55.358,GPU-deec06d9-69c0-a4df-e1da-1c42f2a60220,58443,97887,99,191.78
2026/10/10 22:57:55.888,GPU-deec06d9-69c0-a4df-e1da-1c42f2a60220,58443,97887,99,247.07
2026/10/10 22:57:56.414,GPU-deec06d9-69c0-a4df-e1da-1c42f2a60220,58443,97887,98,226.77
2026/10/10 22:57:56.940,GPU-deec06d9-69c0-a4df-e1da-1c42f2a60220,58443,97887,6,161.98
2026/10/10 22:57:57.467,GPU-deec06d9-69c0-a4df-e1da-1c42f2a60220,58443,97887,2,80.60
2026/10/10 22:57:57.993,GPU-deec06d9-69c0-a4df-e1da-1c42f2a60220,58443,97887,5,80.20
2026/10/10 22:57:58.519,GPU-deec06d9-69c0-a4df-e1da-1c42f2a60220,58443,97887,7,80.13
2026/10/10 22:57:59.046,GPU-deec06d9-69c0-a4df-e1da-1c42f2a60220,58443,97887,99,125.98
2026/10/10 22:57:59.574,GPU-deec06d9-69c0-a4df-e1da-1c42f2a60220,58443,97887,100,224.51
2026/10/10 22:58:00.107,GPU-deec06d9-69c0-a4df-e1da-1c42f2a60220,58443,97887,100,246.66
2026/10/10 22:58:00.635,GPU-deec06d9-69c0-a4df-e1da-1c42f2a60220,58443,97887,6,199.42
2026/10/10 22:58:01.162,GPU-deec06d9-69c0-a4df-e1da-1c42f2a60220,58443,97887,6,131.50
2026/10/10 22:58:01.690,GPU-deec06d9-69c0-a4df-e1da-1c42f2a60220,58443,97887,6,80.16
2026/10/10 22:58:02.216,GPU-deec06d9-69c0-a4df-e1da-1c42f2a60220,58443,97887,7,80.07
2026/10/10 22:58:02.743,GPU-deec06d9-69c0-a4df-e1da-1c42f2a60220,58443,97887,65,90.06
2026/10/10 22:58:03.269,GPU-deec06d9-69c0-a4df-e1da-1c42f2a60220,58443,97887,99,190.62
2026/10/10 22:58:03.799,GPU-deec06d9-69c0-a4df-e1da-1c42f2a60220,58443,97887,99,246.05
2026/10/10 22:58:04.327,GPU-deec06d9-69c0-a4df-e1da-1c42f2a60220,58443,97887,25,238.83
2026/10/10 22:58:04.853,GPU-deec06d9-69c0-a4df-e1da-1c42f2a60220,58443,97887,6,158.75
2026/10/10 22:58:05.380,GPU-deec06d9-69c0-a4df-e1da-1c42f2a60220,58443,97887,4,80.51
2026/10/10 22:58:05.905,GPU-deec06d9-69c0-a4df-e1da-1c42f2a60220,58443,97887,0,79.71
2026/10/10 22:58:06.431,GPU-deec06d9-69c0-a4df-e1da-1c42f2a60220,58443,97887,5,79.65
2026/10/10 22:58:06.959,GPU-deec06d9-69c0-a4df-e1da-1c42f2a60220,58443,97887,7,80.06
2026/10/10 22:58:07.485,GPU-deec06d9-69c0-a4df-e1da-1c42f2a60220,58443,97887,98,137.07
2026/10/10 22:58:08.013,GPU-deec06d9-69c0-a4df-e1da-1c42f2a60220,58443,97887,100,227.77
2026/10/10 22:58:08.539,GPU-deec06d9-69c0-a4df-e1da-1c42f2a60220,58443,97887,100,250.18
2026/10/10 22:58:09.068,GPU-deec06d9-69c0-a4df-e1da-1c42f2a60220,58443,97887,6,192.08
2026/10/10 22:58:09.598,GPU-deec06d9-69c0-a4df-e1da-1c42f2a60220,58443,97887,6,114.53
2026/10/10 22:58:10.126,GPU-deec06d9-69c0-a4df-e1da-1c42f2a60220,58443,97887,5,80.18
2026/10/10 22:58:10.655,GPU-deec06d9-69c0-a4df-e1da-1c42f2a60220,58443,97887,5,80.62
2026/10/10 22:58:11.194,GPU-deec06d9-69c0-a4df-e1da-1c42f2a60220,58443,97887,5,100.05
2026/10/10 22:58:11.721,GPU-deec06d9-69c0-a4df-e1da-1c42f2a60220,58443,97887,100,184.19
2026/10/10 22:58:12.251,GPU-deec06d9-69c0-a4df-e1da-1c42f2a60220,58443,97887,99,254.46
2026/10/10 22:58:12.789,GPU-deec06d9-69c0-a4df-e1da-1c42f2a60220,58443,97887,99,240.12
2026/10/10 22:58:13.315,GPU-deec06d9-69c0-a4df-e1da-1c42f2a60220,58443,97887,4,154.72
2026/10/10 22:58:13.843,GPU-deec06d9-69c0-a4df-e1da-1c42f2a60220,58443,97887,5,80.89
2026/10/10 22:58:14.371,GPU-deec06d9-69c0-a4df-e1da-1c42f2a60220,58443,97887,5,80.44
2026/10/10 22:58:14.898,GPU-deec06d9-69c0-a4df-e1da-1c42f2a60220,58443,97887,1,79.97
2026/10/10 22:58:15.427,GPU-deec06d9-69c0-a4df-e1da-1c42f2a60220,58443,97887,99,164.33
2026/10/10 22:58:15.954,GPU-deec06d9-69c0-a4df-e1da-1c42f2a60220,58443,97887,100,232.87
2026/10/10 22:58:16.482,GPU-deec06d9-69c0-a4df-e1da-1c42f2a60220,58443,97887,98,245.34
2026/10/10 22:58:17.010,GPU-deec06d9-69c0-a4df-e1da-1c42f2a60220,58443,97887,6,177.33
2026/10/10 22:58:17.538,GPU-deec06d9-69c0-a4df-e1da-1c42f2a60220,58443,97887,6,89.61
2026/10/10 22:58:18.066,GPU-deec06d9-69c0-a4df-e1da-1c42f2a60220,58443,97887,4,80.52
2026/10/10 22:58:18.593,GPU-deec06d9-69c0-a4df-e1da-1c42f2a60220,58443,97887,0,80.26
2026/10/10 22:58:19.120,GPU-deec06d9-69c0-a4df-e1da-1c42f2a60220,58443,97887,99,127.59
2026/10/10 22:58:19.647,GPU-deec06d9-69c0-a4df-e1da-1c42f2a60220,58443,97887,99,202.18
2026/10/10 22:58:20.178,GPU-deec06d9-69c0-a4df-e1da-1c42f2a60220,58443,97887,100,250.12
2026/10/10 22:58:20.706,GPU-deec06d9-69c0-a4df-e1da-1c42f2a60220,58443,97887,6,201.49
2026/10/10 22:58:21.235,GPU-deec06d9-69c0-a4df-e1da-1c42f2a60220,58443,97887,4,119.89
2026/10/10 22:58:21.762,GPU-deec06d9-69c0-a4df-e1da-1c42f2a60220,58443,97887,1,80.69
2026/10/10 22:58:22.290,GPU-deec06d9-69c0-a4df-e1da-1c42f2a60220,58443,97887,6,80.26
2026/10/10 22:58:22.819,GPU-deec06d9-69c0-a4df-e1da-1c42f2a60220,58443,97887,0,87.07
2026/10/10 22:58:23.348,GPU-deec06d9-69c0-a4df-e1da-1c42f2a60220,58443,97887,99,172.47
2026/10/10 22:58:23.875,GPU-deec06d9-69c0-a4df-e1da-1c42f2a60220,58443,97887,100,249.34
2026/10/10 22:58:24.403,GPU-deec06d9-69c0-a4df-e1da-1c42f2a60220,58443,97887,98,256.58
2026/10/10 22:58:24.930,GPU-deec06d9-69c0-a4df-e1da-1c42f2a60220,58443,97887,6,180.02
2026/10/10 22:58:25.457,GPU-deec06d9-69c0-a4df-e1da-1c42f2a60220,58443,97887,6,104.54
2026/10/10 22:58:25.983,GPU-deec06d9-69c0-a4df-e1da-1c42f2a60220,58443,97887,6,80.87
2026/10/10 22:58:26.515,GPU-deec06d9-69c0-a4df-e1da-1c42f2a60220,58443,97887,6,80.46
2026/10/10 22:58:27.043,GPU-deec06d9-69c0-a4df-e1da-1c42f2a60220,58443,97887,100,125.76
2026/10/10 22:58:27.570,GPU-deec06d9-69c0-a4df-e1da-1c42f2a60220,58443,97887,99,208.42
2026/10/10 22:58:28.098,GPU-deec06d9-69c0-a4df-e1da-1c42f2a60220,58443,97887,99,246.91
2026/10/10 22:58:28.627,GPU-deec06d9-69c0-a4df-e1da-1c42f2a60220,58443,97887,6,219.95
2026/10/10 22:58:29.154,GPU-deec06d9-69c0-a4df-e1da-1c42f2a60220,58443,97887,6,143.12
2026/10/10 22:58:29.681,GPU-deec06d9-69c0-a4df-e1da-1c42f2a60220,58443,97887,4,80.50
2026/10/10 22:58:30.208,GPU-deec06d9-69c0-a4df-e1da-1c42f2a60220,58443,97887,5,80.17
2026/10/10 22:58:30.735,GPU-deec06d9-69c0-a4df-e1da-1c42f2a60220,58443,97887,0,80.16
2026/10/10 22:58:31.262,GPU-deec06d9-69c0-a4df-e1da-1c42f2a60220,58443,97887,99,162.45
2026/10/10 22:58:31.792,GPU-deec06d9-69c0-a4df-e1da-1c42f2a60220,58443,97887,100,245.18
2026/10/10 22:58:32.324,GPU-deec06d9-69c0-a4df-e1da-1c42f2a60220,58443,97887,98,244.95
2026/10/10 22:58:32.864,GPU-deec06d9-69c0-a4df-e1da-1c42f2a60220,58443,97887,6,170.14
2026/10/10 22:58:33.392,GPU-deec06d9-69c0-a4df-e1da-1c42f2a60220,58443,97887,6,85.17
2026/10/10 22:58:33.920,GPU-deec06d9-69c0-a4df-e1da-1c42f2a60220,58443,97887,6,80.17
2026/10/10 22:58:34.448,GPU-deec06d9-69c0-a4df-e1da-1c42f2a60220,58443,97887,1,80.37
2026/10/10 22:58:34.975,GPU-deec06d9-69c0-a4df-e1da-1c42f2a60220,58443,97887,99,116.01
2026/10/10 22:58:35.504,GPU-deec06d9-69c0-a4df-e1da-1c42f2a60220,58443,97887,100,227.48
2026/10/10 22:58:36.031,GPU-deec06d9-69c0-a4df-e1da-1c42f2a60220,58443,97887,98,245.66
2026/10/10 22:58:36.559,GPU-deec06d9-69c0-a4df-e1da-1c42f2a60220,58443,97887,6,223.14
2026/10/10 22:58:37.086,GPU-deec06d9-69c0-a4df-e1da-1c42f2a60220,58443,97887,5,148.35
2026/10/10 22:58:37.616,GPU-deec06d9-69c0-a4df-e1da-1c42f2a60220,58443,97887,1,80.63
2026/10/10 22:58:38.145,GPU-deec06d9-69c0-a4df-e1da-1c42f2a60220,58443,97887,5,80.58
2026/10/10 22:58:38.672,GPU-deec06d9-69c0-a4df-e1da-1c42f2a60220,58443,97887,6,80.44
2026/10/10 22:58:39.202,GPU-deec06d9-69c0-a4df-e1da-1c42f2a60220,58443,97887,99,157.07
2026/10/10 22:58:39.730,GPU-deec06d9-69c0-a4df-e1da-1c42f2a60220,58443,97887,100,249.98
2026/10/10 22:58:40.258,GPU-deec06d9-69c0-a4df-e1da-1c42f2a60220,58443,97887,99,250.17
2026/10/10 22:58:40.789,GPU-deec06d9-69c0-a4df-e1da-1c42f2a60220,58443,97887,6,207.15
2026/10/10 22:58:41.316,GPU-deec06d9-69c0-a4df-e1da-1c42f2a60220,58443,97887,6,106.90
2026/10/10 22:58:41.843,GPU-deec06d9-69c0-a4df-e1da-1c42f2a60220,58443,97887,3,80.41
2026/10/10 22:58:42.370,GPU-deec06d9-69c0-a4df-e1da-1c42f2a60220,58443,97887,2,80.19
2026/10/10 22:58:42.896,GPU-deec06d9-69c0-a4df-e1da-1c42f2a60220,58443,97887,74,108.45
2026/10/10 22:58:43.425,GPU-deec06d9-69c0-a4df-e1da-1c42f2a60220,58443,97887,99,213.60
2026/10/10 22:58:43.953,GPU-deec06d9-69c0-a4df-e1da-1c42f2a60220,58443,97887,100,248.72
2026/10/10 22:58:44.482,GPU-deec06d9-69c0-a4df-e1da-1c42f2a60220,58443,97887,99,234.97
2026/10/10 22:58:45.009,GPU-deec06d9-69c0-a4df-e1da-1c42f2a60220,58443,97887,4,145.79
2026/10/10 22:58:45.536,GPU-deec06d9-69c0-a4df-e1da-1c42f2a60220,58443,97887,0,80.46
2026/10/10 22:58:46.063,GPU-deec06d9-69c0-a4df-e1da-1c42f2a60220,58443,97887,5,80.27
2026/10/10 22:58:46.590,GPU-deec06d9-69c0-a4df-e1da-1c42f2a60220,58443,97887,4,79.98
2026/10/10 22:58:47.120,GPU-deec06d9-69c0-a4df-e1da-1c42f2a60220,58443,97887,100,162.09
2026/10/10 22:58:47.647,GPU-deec06d9-69c0-a4df-e1da-1c42f2a60220,58443,97887,99,245.66
2026/10/10 22:58:48.175,GPU-deec06d9-69c0-a4df-e1da-1c42f2a60220,58443,97887,100,254.12
2026/10/10 22:58:48.702,GPU-deec06d9-69c0-a4df-e1da-1c42f2a60220,58443,97887,6,202.05
2026/10/10 22:58:49.230,GPU-deec06d9-69c0-a4df-e1da-1c42f2a60220,58443,97887,6,114.20
2026/10/10 22:58:49.757,GPU-deec06d9-69c0-a4df-e1da-1c42f2a60220,58443,97887,5,80.52
2026/10/10 22:58:50.284,GPU-deec06d9-69c0-a4df-e1da-1c42f2a60220,58443,97887,5,80.44
2026/10/10 22:58:50.811,GPU-deec06d9-69c0-a4df-e1da-1c42f2a60220,58443,97887,0,91.32
2026/10/10 22:58:51.339,GPU-deec06d9-69c0-a4df-e1da-1c42f2a60220,58443,97887,99,166.05
2026/10/10 22:58:51.866,GPU-deec06d9-69c0-a4df-e1da-1c42f2a60220,58443,97887,100,244.95
2026/10/10 22:58:52.393,GPU-deec06d9-69c0-a4df-e1da-1c42f2a60220,58443,97887,98,250.81
2026/10/10 22:58:52.920,GPU-deec06d9-69c0-a4df-e1da-1c42f2a60220,58443,97887,6,179.27
2026/10/10 22:58:53.447,GPU-deec06d9-69c0-a4df-e1da-1c42f2a60220,58443,97887,6,103.16
2026/10/10 22:58:53.976,GPU-deec06d9-69c0-a4df-e1da-1c42f2a60220,58443,97887,6,80.73
2026/10/10 22:58:54.502,GPU-deec06d9-69c0-a4df-e1da-1c42f2a60220,58443,97887,2,80.19
2026/10/10 22:58:55.031,GPU-deec06d9-69c0-a4df-e1da-1c42f2a60220,58443,97887,99,120.38
2026/10/10 22:58:55.563,GPU-deec06d9-69c0-a4df-e1da-1c42f2a60220,58443,97887,99,206.11
2026/10/10 22:58:56.092,GPU-deec06d9-69c0-a4df-e1da-1c42f2a60220,58443,97887,100,248.73
2026/10/10 22:58:56.618,GPU-deec06d9-69c0-a4df-e1da-1c42f2a60220,58443,97887,79,226.75
2026/10/10 22:58:57.149,GPU-deec06d9-69c0-a4df-e1da-1c42f2a60220,58443,97887,4,152.18
2026/10/10 22:58:57.677,GPU-deec06d9-69c0-a4df-e1da-1c42f2a60220,58443,97887,5,81.12
2026/10/10 22:58:58.205,GPU-deec06d9-69c0-a4df-e1da-1c42f2a60220,58443,97887,0,80.24
2026/10/10 22:58:58.734,GPU-deec06d9-69c0-a4df-e1da-1c42f2a60220,58443,97887,5,80.27
2026/10/10 22:58:59.261,GPU-deec06d9-69c0-a4df-e1da-1c42f2a60220,58443,97887,6,80.33
2026/10/10 22:58:59.788,GPU-deec06d9-69c0-a4df-e1da-1c42f2a60220,58443,97887,98,137.42
2026/10/10 22:59:00.315,GPU-deec06d9-69c0-a4df-e1da-1c42f2a60220,58443,97887,100,247.98
2026/10/10 22:59:00.844,GPU-deec06d9-69c0-a4df-e1da-1c42f2a60220,58443,97887,99,247.59
2026/10/10 22:59:01.372,GPU-deec06d9-69c0-a4df-e1da-1c42f2a60220,58443,97887,6,211.10
2026/10/10 22:59:01.899,GPU-deec06d9-69c0-a4df-e1da-1c42f2a60220,58443,97887,6,135.02
2026/10/10 22:59:02.426,GPU-deec06d9-69c0-a4df-e1da-1c42f2a60220,58443,97887,2,80.46
2026/10/10 22:59:02.954,GPU-deec06d9-69c0-a4df-e1da-1c42f2a60220,58443,97887,2,80.47
2026/10/10 22:59:03.483,GPU-deec06d9-69c0-a4df-e1da-1c42f2a60220,58443,97887,0,91.38
2026/10/10 22:59:04.011,GPU-deec06d9-69c0-a4df-e1da-1c42f2a60220,58443,97887,99,176.00
2026/10/10 22:59:04.538,GPU-deec06d9-69c0-a4df-e1da-1c42f2a60220,58443,97887,100,257.78
2026/10/10 22:59:05.067,GPU-deec06d9-69c0-a4df-e1da-1c42f2a60220,58443,97887,99,249.79
2026/10/10 22:59:05.596,GPU-deec06d9-69c0-a4df-e1da-1c42f2a60220,58443,97887,6,181.11
2026/10/10 22:59:06.123,GPU-deec06d9-69c0-a4df-e1da-1c42f2a60220,58443,97887,4,80.95
2026/10/10 22:59:06.650,GPU-deec06d9-69c0-a4df-e1da-1c42f2a60220,58443,97887,6,80.97
2026/10/10 22:59:07.177,GPU-deec06d9-69c0-a4df-e1da-1c42f2a60220,58443,97887,6,80.65
2026/10/10 22:59:07.703,GPU-deec06d9-69c0-a4df-e1da-1c42f2a60220,58443,97887,99,129.92
2026/10/10 22:59:08.232,GPU-deec06d9-69c0-a4df-e1da-1c42f2a60220,58443,97887,100,226.74
2026/10/10 22:59:08.769,GPU-deec06d9-69c0-a4df-e1da-1c42f2a60220,58443,97887,99,252.11
2026/10/10 22:59:09.298,GPU-deec06d9-69c0-a4df-e1da-1c42f2a60220,58443,97887,17,224.14
2026/10/10 22:59:09.826,GPU-deec06d9-69c0-a4df-e1da-1c42f2a60220,58443,97887,6,116.54
2026/10/10 22:59:10.361,GPU-deec06d9-69c0-a4df-e1da-1c42f2a60220,58443,97887,2,80.78
2026/10/10 22:59:10.889,GPU-deec06d9-69c0-a4df-e1da-1c42f2a60220,58443,97887,5,81.13
2026/10/10 22:59:11.416,GPU-deec06d9-69c0-a4df-e1da-1c42f2a60220,58443,97887,0,80.67
2026/10/10 22:59:11.951,GPU-deec06d9-69c0-a4df-e1da-1c42f2a60220,58443,97887,99,176.87
2026/10/10 22:59:12.481,GPU-deec06d9-69c0-a4df-e1da-1c42f2a60220,58443,97887,98,245.84
2026/10/10 22:59:13.009,GPU-deec06d9-69c0-a4df-e1da-1c42f2a60220,58443,97887,99,255.68
2026/10/10 22:59:13.539,GPU-deec06d9-69c0-a4df-e1da-1c42f2a60220,58443,97887,6,179.07
2026/10/10 22:59:14.066,GPU-deec06d9-69c0-a4df-e1da-1c42f2a60220,58443,97887,6,97.68
2026/10/10 22:59:14.594,GPU-deec06d9-69c0-a4df-e1da-1c42f2a60220,58443,97887,5,80.89
2026/10/10 22:59:15.123,GPU-deec06d9-69c0-a4df-e1da-1c42f2a60220,58443,97887,5,80.67
2026/10/10 22:59:15.650,GPU-deec06d9-69c0-a4df-e1da-1c42f2a60220,58443,97887,99,133.63
2026/10/10 22:59:16.177,GPU-deec06d9-69c0-a4df-e1da-1c42f2a60220,58443,97887,100,205.20
2026/10/10 22:59:16.706,GPU-deec06d9-69c0-a4df-e1da-1c42f2a60220,58443,97887,99,256.05
2026/10/10 22:59:17.237,GPU-deec06d9-69c0-a4df-e1da-1c42f2a60220,58443,97887,21,225.04
2026/10/10 22:59:17.765,GPU-deec06d9-69c0-a4df-e1da-1c42f2a60220,58443,97887,6,149.30
2026/10/10 22:59:18.293,GPU-deec06d9-69c0-a4df-e1da-1c42f2a60220,58443,97887,5,80.64
2026/10/10 22:59:18.821,GPU-deec06d9-69c0-a4df-e1da-1c42f2a60220,58443,97887,6,80.57
2026/10/10 22:59:19.348,GPU-deec06d9-69c0-a4df-e1da-1c42f2a60220,58443,97887,0,80.57
2026/10/10 22:59:19.876,GPU-deec06d9-69c0-a4df-e1da-1c42f2a60220,58443,97887,100,182.70
2026/10/10 22:59:20.405,GPU-deec06d9-69c0-a4df-e1da-1c42f2a60220,58443,97887,98,258.08
2026/10/10 22:59:20.932,GPU-deec06d9-69c0-a4df-e1da-1c42f2a60220,58443,97887,99,253.87
2026/10/10 22:59:21.460,GPU-deec06d9-69c0-a4df-e1da-1c42f2a60220,58443,97887,6,188.77
2026/10/10 22:59:21.988,GPU-deec06d9-69c0-a4df-e1da-1c42f2a60220,58443,97887,6,102.72
2026/10/10 22:59:22.516,GPU-deec06d9-69c0-a4df-e1da-1c42f2a60220,58443,97887,0,80.43
2026/10/10 22:59:23.043,GPU-deec06d9-69c0-a4df-e1da-1c42f2a60220,58443,97887,6,80.37
2026/10/10 22:59:23.570,GPU-deec06d9-69c0-a4df-e1da-1c42f2a60220,58443,97887,39,117.59
2026/10/10 22:59:24.101,GPU-deec06d9-69c0-a4df-e1da-1c42f2a60220,58443,97887,98,190.67
2026/10/10 22:59:24.630,GPU-deec06d9-69c0-a4df-e1da-1c42f2a60220,58443,97887,100,259.88
2026/10/10 22:59:25.159,GPU-deec06d9-69c0-a4df-e1da-1c42f2a60220,58443,97887,97,257.82
2026/10/10 22:59:25.688,GPU-deec06d9-69c0-a4df-e1da-1c42f2a60220,58443,97887,6,179.22
2026/10/10 22:59:26.215,GPU-deec06d9-69c0-a4df-e1da-1c42f2a60220,58443,97887,5,102.48
2026/10/10 22:59:26.743,GPU-deec06d9-69c0-a4df-e1da-1c42f2a60220,58443,97887,4,80.60
2026/10/10 22:59:27.282,GPU-deec06d9-69c0-a4df-e1da-1c42f2a60220,58443,97887,0,80.09
2026/10/10 22:59:27.811,GPU-deec06d9-69c0-a4df-e1da-1c42f2a60220,58443,97887,100,131.02
2026/10/10 22:59:28.341,GPU-deec06d9-69c0-a4df-e1da-1c42f2a60220,58443,97887,99,228.75
2026/10/10 22:59:28.869,GPU-deec06d9-69c0-a4df-e1da-1c42f2a60220,58443,97887,98,249.81
2026/10/10 22:59:29.405,GPU-deec06d9-69c0-a4df-e1da-1c42f2a60220,58443,97887,6,227.72
2026/10/10 22:59:29.933,GPU-deec06d9-69c0-a4df-e1da-1c42f2a60220,58443,97887,5,148.88
2026/10/10 22:59:30.461,GPU-deec06d9-69c0-a4df-e1da-1c42f2a60220,58443,97887,1,80.68
2026/10/10 22:59:30.989,GPU-deec06d9-69c0-a4df-e1da-1c42f2a60220,58443,97887,4,80.48
2026/10/10 22:59:31.518,GPU-deec06d9-69c0-a4df-e1da-1c42f2a60220,58443,97887,6,80.23
2026/10/10 22:59:32.047,GPU-deec06d9-69c0-a4df-e1da-1c42f2a60220,58443,97887,99,161.73
2026/10/10 22:59:32.582,GPU-deec06d9-69c0-a4df-e1da-1c42f2a60220,58443,97887,100,230.56
2026/10/10 22:59:33.110,GPU-deec06d9-69c0-a4df-e1da-1c42f2a60220,58443,97887,100,261.32
2026/10/10 22:59:33.639,GPU-deec06d9-69c0-a4df-e1da-1c42f2a60220,58443,97887,6,205.32
2026/10/10 22:59:34.166,GPU-deec06d9-69c0-a4df-e1da-1c42f2a60220,58443,97887,6,113.54
2026/10/10 22:59:34.692,GPU-deec06d9-69c0-a4df-e1da-1c42f2a60220,58443,97887,1,80.50
2026/10/10 22:59:35.218,GPU-deec06d9-69c0-a4df-e1da-1c42f2a60220,58443,97887,6,80.31
2026/10/10 22:59:35.746,GPU-deec06d9-69c0-a4df-e1da-1c42f2a60220,58443,97887,100,92.10
2026/10/10 22:59:36.273,GPU-deec06d9-69c0-a4df-e1da-1c42f2a60220,58443,97887,100,178.89
2026/10/10 22:59:36.800,GPU-deec06d9-69c0-a4df-e1da-1c42f2a60220,58443,97887,99,250.99
2026/10/10 22:59:37.327,GPU-deec06d9-69c0-a4df-e1da-1c42f2a60220,58443,97887,99,240.20
2026/10/10 22:59:37.853,GPU-deec06d9-69c0-a4df-e1da-1c42f2a60220,58443,97887,0,149.60
2026/10/10 22:59:38.379,GPU-deec06d9-69c0-a4df-e1da-1c42f2a60220,58443,97887,53,111.72
2026/10/10 22:59:38.905,GPU-deec06d9-69c0-a4df-e1da-1c42f2a60220,58443,97887,6,112.41
2026/10/10 22:59:39.432,GPU-deec06d9-69c0-a4df-e1da-1c42f2a60220,58443,97887,4,81.51
2026/10/10 22:59:39.958,GPU-deec06d9-69c0-a4df-e1da-1c42f2a60220,58443,97887,5,80.34
2026/10/10 22:59:40.488,GPU-deec06d9-69c0-a4df-e1da-1c42f2a60220,58443,97887,0,80.66
2026/10/10 22:59:41.015,GPU-deec06d9-69c0-a4df-e1da-1c42f2a60220,58443,97887,100,116.92
2026/10/10 22:59:41.541,GPU-deec06d9-69c0-a4df-e1da-1c42f2a60220,58443,97887,100,207.48
2026/10/10 22:59:42.069,GPU-deec06d9-69c0-a4df-e1da-1c42f2a60220,58443,97887,97,261.74
2026/10/10 22:59:42.597,GPU-deec06d9-69c0-a4df-e1da-1c42f2a60220,58443,97887,6,243.75
2026/10/10 22:59:43.125,GPU-deec06d9-69c0-a4df-e1da-1c42f2a60220,58443,97887,6,170.51
2026/10/10 22:59:43.652,GPU-deec06d9-69c0-a4df-e1da-1c42f2a60220,58443,97887,4,80.52
2026/10/10 22:59:44.178,GPU-deec06d9-69c0-a4df-e1da-1c42f2a60220,58443,97887,4,80.12
2026/10/10 22:59:44.706,GPU-deec06d9-69c0-a4df-e1da-1c42f2a60220,58443,97887,4,80.09
2026/10/10 22:59:45.234,GPU-deec06d9-69c0-a4df-e1da-1c42f2a60220,58443,97887,100,146.52
2026/10/10 22:59:45.763,GPU-deec06d9-69c0-a4df-e1da-1c42f2a60220,58443,97887,97,237.26
2026/10/10 22:59:46.290,GPU-deec06d9-69c0-a4df-e1da-1c42f2a60220,58443,97887,97,252.84
2026/10/10 22:59:46.816,GPU-deec06d9-69c0-a4df-e1da-1c42f2a60220,58443,97887,6,224.10
2026/10/10 22:59:47.342,GPU-deec06d9-69c0-a4df-e1da-1c42f2a60220,58443,97887,6,145.91
2026/10/10 22:59:47.868,GPU-deec06d9-69c0-a4df-e1da-1c42f2a60220,58443,97887,2,80.99
2026/10/10 22:59:48.396,GPU-deec06d9-69c0-a4df-e1da-1c42f2a60220,58443,97887,4,80.53
2026/10/10 22:59:48.923,GPU-deec06d9-69c0-a4df-e1da-1c42f2a60220,58443,97887,6,80.35
2026/10/10 22:59:49.449,GPU-deec06d9-69c0-a4df-e1da-1c42f2a60220,58443,97887,97,158.49
2026/10/10 22:59:49.977,GPU-deec06d9-69c0-a4df-e1da-1c42f2a60220,58443,97887,100,257.51
2026/10/10 22:59:50.506,GPU-deec06d9-69c0-a4df-e1da-1c42f2a60220,58443,97887,100,245.76
2026/10/10 22:59:51.033,GPU-deec06d9-69c0-a4df-e1da-1c42f2a60220,58443,97887,6,214.80
2026/10/10 22:59:51.565,GPU-deec06d9-69c0-a4df-e1da-1c42f2a60220,58443,97887,6,113.42
2026/10/10 22:59:52.097,GPU-deec06d9-69c0-a4df-e1da-1c42f2a60220,58443,97887,1,80.58
2026/10/10 22:59:52.623,GPU-deec06d9-69c0-a4df-e1da-1c42f2a60220,58443,97887,6,80.30
2026/10/10 22:59:53.149,GPU-deec06d9-69c0-a4df-e1da-1c42f2a60220,58443,97887,2,80.32
2026/10/10 22:59:53.681,GPU-deec06d9-69c0-a4df-e1da-1c42f2a60220,58443,97887,100,171.69
2026/10/10 22:59:54.208,GPU-deec06d9-69c0-a4df-e1da-1c42f2a60220,58443,97887,97,253.30
2026/10/10 22:59:54.734,GPU-deec06d9-69c0-a4df-e1da-1c42f2a60220,58443,97887,97,266.17
2026/10/10 22:59:55.261,GPU-deec06d9-69c0-a4df-e1da-1c42f2a60220,58443,97887,6,193.09
2026/10/10 22:59:55.790,GPU-deec06d9-69c0-a4df-e1da-1c42f2a60220,58443,97887,6,107.81
2026/10/10 22:59:56.317,GPU-deec06d9-69c0-a4df-e1da-1c42f2a60220,58443,97887,3,80.82
2026/10/10 22:59:56.844,GPU-deec06d9-69c0-a4df-e1da-1c42f2a60220,58443,97887,1,80.47
2026/10/10 22:59:57.372,GPU-deec06d9-69c0-a4df-e1da-1c42f2a60220,58443,97887,82,89.49
2026/10/10 22:59:57.901,GPU-deec06d9-69c0-a4df-e1da-1c42f2a60220,58443,97887,100,171.09
2026/10/10 22:59:58.430,GPU-deec06d9-69c0-a4df-e1da-1c42f2a60220,58443,97887,97,254.76
2026/10/10 22:59:58.958,GPU-deec06d9-69c0-a4df-e1da-1c42f2a60220,58443,97887,97,266.17
2026/10/10 22:59:59.487,GPU-deec06d9-69c0-a4df-e1da-1c42f2a60220,58443,97887,6,191.90
2026/10/10 23:00:00.014,GPU-deec06d9-69c0-a4df-e1da-1c42f2a60220,58443,97887,6,112.20
2026/10/10 23:00:00.541,GPU-deec06d9-69c0-a4df-e1da-1c42f2a60220,58443,97887,0,80.52
2026/10/10 23:00:01.067,GPU-deec06d9-69c0-a4df-e1da-1c42f2a60220,58443,97887,0,79.71
2026/10/10 23:00:01.595,GPU-deec06d9-69c0-a4df-e1da-1c42f2a60220,58443,97887,5,80.01
2026/10/10 23:00:02.122,GPU-deec06d9-69c0-a4df-e1da-1c42f2a60220,58443,97887,6,80.19
2026/10/10 23:00:02.654,GPU-deec06d9-69c0-a4df-e1da-1c42f2a60220,58443,97887,97,140.90
2026/10/10 23:00:03.183,GPU-deec06d9-69c0-a4df-e1da-1c42f2a60220,58443,97887,100,253.75
2026/10/10 23:00:03.712,GPU-deec06d9-69c0-a4df-e1da-1c42f2a60220,58443,97887,100,257.85
2026/10/10 23:00:04.239,GPU-deec06d9-69c0-a4df-e1da-1c42f2a60220,58443,97887,6,210.02
2026/10/10 23:00:04.766,GPU-deec06d9-69c0-a4df-e1da-1c42f2a60220,58443,97887,5,121.03
2026/10/10 23:00:05.293,GPU-deec06d9-69c0-a4df-e1da-1c42f2a60220,58443,97887,1,80.57
2026/10/10 23:00:05.819,GPU-deec06d9-69c0-a4df-e1da-1c42f2a60220,58443,97887,6,80.47
2026/10/10 23:00:06.345,GPU-deec06d9-69c0-a4df-e1da-1c42f2a60220,58443,97887,2,80.37
2026/10/10 23:00:06.871,GPU-deec06d9-69c0-a4df-e1da-1c42f2a60220,58443,97887,100,171.90
2026/10/10 23:00:07.401,GPU-deec06d9-69c0-a4df-e1da-1c42f2a60220,58443,97887,97,253.49
2026/10/10 23:00:07.928,GPU-deec06d9-69c0-a4df-e1da-1c42f2a60220,58443,97887,97,263.74
2026/10/10 23:00:08.457,GPU-deec06d9-69c0-a4df-e1da-1c42f2a60220,58443,97887,6,204.96
2026/10/10 23:00:08.989,GPU-deec06d9-69c0-a4df-e1da-1c42f2a60220,58443,97887,6,110.66
2026/10/10 23:00:09.514,GPU-deec06d9-69c0-a4df-e1da-1c42f2a60220,58443,97887,3,80.33
2026/10/10 23:00:10.041,GPU-deec06d9-69c0-a4df-e1da-1c42f2a60220,58443,97887,1,80.49
2026/10/10 23:00:10.569,GPU-deec06d9-69c0-a4df-e1da-1c42f2a60220,58443,97887,0,88.96
2026/10/10 23:00:11.101,GPU-deec06d9-69c0-a4df-e1da-1c42f2a60220,58443,97887,100,200.60
2026/10/10 23:00:11.630,GPU-deec06d9-69c0-a4df-e1da-1c42f2a60220,58443,97887,97,249.90
2026/10/10 23:00:12.161,GPU-deec06d9-69c0-a4df-e1da-1c42f2a60220,58443,97887,96,244.00
2026/10/10 23:00:12.693,GPU-deec06d9-69c0-a4df-e1da-1c42f2a60220,58443,97887,6,177.19
2026/10/10 23:00:13.220,GPU-deec06d9-69c0-a4df-e1da-1c42f2a60220,58443,97887,6,103.19
2026/10/10 23:00:13.747,GPU-deec06d9-69c0-a4df-e1da-1c42f2a60220,58443,97887,5,80.66
2026/10/10 23:00:14.274,GPU-deec06d9-69c0-a4df-e1da-1c42f2a60220,58443,97887,0,80.51
2026/10/10 23:00:14.802,GPU-deec06d9-69c0-a4df-e1da-1c42f2a60220,58443,97887,97,128.90
2026/10/10 23:00:15.330,GPU-deec06d9-69c0-a4df-e1da-1c42f2a60220,58443,97887,100,211.85
2026/10/10 23:00:15.858,GPU-deec06d9-69c0-a4df-e1da-1c42f2a60220,58443,97887,97,260.31
2026/10/10 23:00:16.385,GPU-deec06d9-69c0-a4df-e1da-1c42f2a60220,58443,97887,30,237.40
2026/10/10 23:00:16.911,GPU-deec06d9-69c0-a4df-e1da-1c42f2a60220,58443,97887,6,159.92
2026/10/10 23:00:17.464,GPU-deec06d9-69c0-a4df-e1da-1c42f2a60220,58443,97887,4,80.95
2026/10/10 23:00:17.991,GPU-deec06d9-69c0-a4df-e1da-1c42f2a60220,58443,97887,6,80.69
2026/10/10 23:00:18.519,GPU-deec06d9-69c0-a4df-e1da-1c42f2a60220,58443,97887,4,80.23
2026/10/10 23:00:19.046,GPU-deec06d9-69c0-a4df-e1da-1c42f2a60220,58443,97887,100,147.49
2026/10/10 23:00:19.574,GPU-deec06d9-69c0-a4df-e1da-1c42f2a60220,58443,97887,97,237.06
2026/10/10 23:00:20.104,GPU-deec06d9-69c0-a4df-e1da-1c42f2a60220,58443,97887,100,243.61
2026/10/10 23:00:20.631,GPU-deec06d9-69c0-a4df-e1da-1c42f2a60220,58443,97887,6,227.65
2026/10/10 23:00:21.158,GPU-deec06d9-69c0-a4df-e1da-1c42f2a60220,58443,97887,5,150.24
2026/10/10 23:00:21.686,GPU-deec06d9-69c0-a4df-e1da-1c42f2a60220,58443,97887,1,80.55
2026/10/10 23:00:22.213,GPU-deec06d9-69c0-a4df-e1da-1c42f2a60220,58443,97887,5,80.39
2026/10/10 23:00:22.782,GPU-deec06d9-69c0-a4df-e1da-1c42f2a60220,58443,97887,99,110.50
2026/10/10 23:00:23.334,GPU-deec06d9-69c0-a4df-e1da-1c42f2a60220,58443,97887,100,197.04
2026/10/10 23:00:23.862,GPU-deec06d9-69c0-a4df-e1da-1c42f2a60220,58443,97887,97,252.84
2026/10/10 23:00:24.391,GPU-deec06d9-69c0-a4df-e1da-1c42f2a60220,58443,97887,100,251.20
2026/10/10 23:00:24.919,GPU-deec06d9-69c0-a4df-e1da-1c42f2a60220,58443,97887,6,180.33
2026/10/10 23:00:25.447,GPU-deec06d9-69c0-a4df-e1da-1c42f2a60220,58443,97887,6,82.54
2026/10/10 23:00:25.973,GPU-deec06d9-69c0-a4df-e1da-1c42f2a60220,58443,97887,4,81.04
2026/10/10 23:00:26.500,GPU-deec06d9-69c0-a4df-e1da-1c42f2a60220,58443,97887,1,80.21
2026/10/10 23:00:27.027,GPU-deec06d9-69c0-a4df-e1da-1c42f2a60220,58443,97887,100,116.53
2026/10/10 23:00:27.555,GPU-deec06d9-69c0-a4df-e1da-1c42f2a60220,58443,97887,97,195.35
2026/10/10 23:00:28.081,GPU-deec06d9-69c0-a4df-e1da-1c42f2a60220,58443,97887,96,254.54
2026/10/10 23:00:28.608,GPU-deec06d9-69c0-a4df-e1da-1c42f2a60220,58443,97887,100,263.88
2026/10/10 23:00:29.136,GPU-deec06d9-69c0-a4df-e1da-1c42f2a60220,58443,97887,6,180.87
2026/10/10 23:00:29.667,GPU-deec06d9-69c0-a4df-e1da-1c42f2a60220,58443,97887,6,105.74
2026/10/10 23:00:30.195,GPU-deec06d9-69c0-a4df-e1da-1c42f2a60220,58443,97887,5,80.39
2026/10/10 23:00:30.721,GPU-deec06d9-69c0-a4df-e1da-1c42f2a60220,58443,97887,0,80.31
2026/10/10 23:00:31.248,GPU-deec06d9-69c0-a4df-e1da-1c42f2a60220,58443,97887,97,104.73
2026/10/10 23:00:31.776,GPU-deec06d9-69c0-a4df-e1da-1c42f2a60220,58443,97887,96,192.73
2026/10/10 23:00:32.304,GPU-deec06d9-69c0-a4df-e1da-1c42f2a60220,58443,97887,100,248.68
2026/10/10 23:00:32.832,GPU-deec06d9-69c0-a4df-e1da-1c42f2a60220,58443,97887,77,233.80
2026/10/10 23:00:33.360,GPU-deec06d9-69c0-a4df-e1da-1c42f2a60220,58443,97887,6,160.09
2026/10/10 23:00:33.888,GPU-deec06d9-69c0-a4df-e1da-1c42f2a60220,58443,97887,4,86.26
2026/10/10 23:00:34.415,GPU-deec06d9-69c0-a4df-e1da-1c42f2a60220,58443,97887,5,80.38
2026/10/10 23:00:34.942,GPU-deec06d9-69c0-a4df-e1da-1c42f2a60220,58443,97887,2,80.46
2026/10/10 23:00:35.470,GPU-deec06d9-69c0-a4df-e1da-1c42f2a60220,58443,97887,99,151.81
2026/10/10 23:00:36.003,GPU-deec06d9-69c0-a4df-e1da-1c42f2a60220,58443,97887,97,247.38
2026/10/10 23:00:36.538,GPU-deec06d9-69c0-a4df-e1da-1c42f2a60220,58443,97887,100,242.82
2026/10/10 23:00:37.065,GPU-deec06d9-69c0-a4df-e1da-1c42f2a60220,58443,97887,6,222.74
2026/10/10 23:00:37.591,GPU-deec06d9-69c0-a4df-e1da-1c42f2a60220,58443,97887,5,149.66
2026/10/10 23:00:38.118,GPU-deec06d9-69c0-a4df-e1da-1c42f2a60220,58443,97887,1,80.72
2026/10/10 23:00:38.646,GPU-deec06d9-69c0-a4df-e1da-1c42f2a60220,58443,97887,5,80.78
2026/10/10 23:00:39.173,GPU-deec06d9-69c0-a4df-e1da-1c42f2a60220,58443,97887,6,80.53
2026/10/10 23:00:39.701,GPU-deec06d9-69c0-a4df-e1da-1c42f2a60220,58443,97887,97,167.54
2026/10/10 23:00:40.228,GPU-deec06d9-69c0-a4df-e1da-1c42f2a60220,58443,97887,100,230.93
2026/10/10 23:00:40.758,GPU-deec06d9-69c0-a4df-e1da-1c42f2a60220,58443,97887,100,256.73
2026/10/10 23:00:41.286,GPU-deec06d9-69c0-a4df-e1da-1c42f2a60220,58443,97887,6,210.31
2026/10/10 23:00:41.814,GPU-deec06d9-69c0-a4df-e1da-1c42f2a60220,58443,97887,6,119.09
2026/10/10 23:00:42.341,GPU-deec06d9-69c0-a4df-e1da-1c42f2a60220,58443,97887,0,80.75
2026/10/10 23:00:42.867,GPU-deec06d9-69c0-a4df-e1da-1c42f2a60220,58443,97887,6,80.56
2026/10/10 23:00:43.394,GPU-deec06d9-69c0-a4df-e1da-1c42f2a60220,58443,97887,4,80.19
2026/10/10 23:00:43.922,GPU-deec06d9-69c0-a4df-e1da-1c42f2a60220,58443,97887,97,177.32
2026/10/10 23:00:44.450,GPU-deec06d9-69c0-a4df-e1da-1c42f2a60220,58443,97887,100,263.65
2026/10/10 23:00:44.977,GPU-deec06d9-69c0-a4df-e1da-1c42f2a60220,58443,97887,97,249.12
2026/10/10 23:00:45.504,GPU-deec06d9-69c0-a4df-e1da-1c42f2a60220,58443,97887,6,201.91
2026/10/10 23:00:46.032,GPU-deec06d9-69c0-a4df-e1da-1c42f2a60220,58443,97887,6,117.95
2026/10/10 23:00:46.561,GPU-deec06d9-69c0-a4df-e1da-1c42f2a60220,58443,97887,1,80.77
2026/10/10 23:00:47.087,GPU-deec06d9-69c0-a4df-e1da-1c42f2a60220,58443,97887,6,80.61
2026/10/10 23:00:47.614,GPU-deec06d9-69c0-a4df-e1da-1c42f2a60220,58443,97887,0,80.07
2026/10/10 23:00:48.142,GPU-deec06d9-69c0-a4df-e1da-1c42f2a60220,58443,97887,97,152.90
2026/10/10 23:00:48.670,GPU-deec06d9-69c0-a4df-e1da-1c42f2a60220,58443,97887,96,246.02
2026/10/10 23:00:49.199,GPU-deec06d9-69c0-a4df-e1da-1c42f2a60220,58443,97887,100,246.90
2026/10/10 23:00:49.728,GPU-deec06d9-69c0-a4df-e1da-1c42f2a60220,58443,97887,6,212.46
2026/10/10 23:00:50.254,GPU-deec06d9-69c0-a4df-e1da-1c42f2a60220,58443,97887,6,139.02
2026/10/10 23:00:50.781,GPU-deec06d9-69c0-a4df-e1da-1c42f2a60220,58443,97887,1,80.86
2026/10/10 23:00:51.307,GPU-deec06d9-69c0-a4df-e1da-1c42f2a60220,58443,97887,4,80.63
2026/10/10 23:00:51.833,GPU-deec06d9-69c0-a4df-e1da-1c42f2a60220,58443,97887,50,92.09
2026/10/10 23:00:52.364,GPU-deec06d9-69c0-a4df-e1da-1c42f2a60220,58443,97887,97,172.51
2026/10/10 23:00:52.900,GPU-deec06d9-69c0-a4df-e1da-1c42f2a60220,58443,97887,100,256.40
2026/10/10 23:00:53.430,GPU-deec06d9-69c0-a4df-e1da-1c42f2a60220,58443,97887,96,250.00
2026/10/10 23:00:53.965,GPU-deec06d9-69c0-a4df-e1da-1c42f2a60220,58443,97887,6,190.31
2026/10/10 23:00:54.493,GPU-deec06d9-69c0-a4df-e1da-1c42f2a60220,58443,97887,6,118.22
2026/10/10 23:00:55.024,GPU-deec06d9-69c0-a4df-e1da-1c42f2a60220,58443,97887,5,80.60
2026/10/10 23:00:55.551,GPU-deec06d9-69c0-a4df-e1da-1c42f2a60220,58443,97887,6,80.98
2026/10/10 23:00:56.078,GPU-deec06d9-69c0-a4df-e1da-1c42f2a60220,58443,97887,99,118.46
2026/10/10 23:00:56.606,GPU-deec06d9-69c0-a4df-e1da-1c42f2a60220,58443,97887,97,187.71
2026/10/10 23:00:57.133,GPU-deec06d9-69c0-a4df-e1da-1c42f2a60220,58443,97887,96,258.32
2026/10/10 23:00:57.662,GPU-deec06d9-69c0-a4df-e1da-1c42f2a60220,58443,97887,99,258.51
2026/10/10 23:00:58.191,GPU-deec06d9-69c0-a4df-e1da-1c42f2a60220,58443,97887,6,180.57
2026/10/10 23:00:58.718,GPU-deec06d9-69c0-a4df-e1da-1c42f2a60220,58443,97887,6,81.38
2026/10/10 23:00:59.245,GPU-deec06d9-69c0-a4df-e1da-1c42f2a60220,58443,97887,5,81.22
2026/10/10 23:00:59.771,GPU-deec06d9-69c0-a4df-e1da-1c42f2a60220,58443,97887,0,80.94
2026/10/10 23:01:00.299,GPU-deec06d9-69c0-a4df-e1da-1c42f2a60220,58443,97887,99,92.72
2026/10/10 23:01:00.826,GPU-deec06d9-69c0-a4df-e1da-1c42f2a60220,58443,97887,100,206.08
2026/10/10 23:01:01.353,GPU-deec06d9-69c0-a4df-e1da-1c42f2a60220,58443,97887,97,265.84
2026/10/10 23:01:01.880,GPU-deec06d9-69c0-a4df-e1da-1c42f2a60220,58443,97887,99,245.89
2026/10/10 23:01:02.408,GPU-deec06d9-69c0-a4df-e1da-1c42f2a60220,58443,97887,6,184.04
2026/10/10 23:01:02.935,GPU-deec06d9-69c0-a4df-e1da-1c42f2a60220,58443,97887,6,85.50
2026/10/10 23:01:03.461,GPU-deec06d9-69c0-a4df-e1da-1c42f2a60220,58443,97887,6,80.93
2026/10/10 23:01:03.988,GPU-deec06d9-69c0-a4df-e1da-1c42f2a60220,58443,97887,1,80.60
2026/10/10 23:01:04.514,GPU-deec06d9-69c0-a4df-e1da-1c42f2a60220,58443,97887,100,117.79
2026/10/10 23:01:05.041,GPU-deec06d9-69c0-a4df-e1da-1c42f2a60220,58443,97887,97,215.07
2026/10/10 23:01:05.569,GPU-deec06d9-69c0-a4df-e1da-1c42f2a60220,58443,97887,97,258.58
2026/10/10 23:01:06.098,GPU-deec06d9-69c0-a4df-e1da-1c42f2a60220,58443,97887,100,254.37
2026/10/10 23:01:06.625,GPU-deec06d9-69c0-a4df-e1da-1c42f2a60220,58443,97887,6,151.21
2026/10/10 23:01:07.151,GPU-deec06d9-69c0-a4df-e1da-1c42f2a60220,58443,97887,6,82.02
2026/10/10 23:01:07.678,GPU-deec06d9-69c0-a4df-e1da-1c42f2a60220,58443,97887,5,81.14
2026/10/10 23:01:08.204,GPU-deec06d9-69c0-a4df-e1da-1c42f2a60220,58443,97887,0,80.63
2026/10/10 23:01:08.732,GPU-deec06d9-69c0-a4df-e1da-1c42f2a60220,58443,97887,94,151.25
2026/10/10 23:01:09.261,GPU-deec06d9-69c0-a4df-e1da-1c42f2a60220,58443,97887,100,236.71
2026/10/10 23:01:09.792,GPU-deec06d9-69c0-a4df-e1da-1c42f2a60220,58443,97887,97,247.72
2026/10/10 23:01:10.319,GPU-deec06d9-69c0-a4df-e1da-1c42f2a60220,58443,97887,30,232.33
2026/10/10 23:01:10.845,GPU-deec06d9-69c0-a4df-e1da-1c42f2a60220,58443,97887,6,151.65
2026/10/10 23:01:11.373,GPU-deec06d9-69c0-a4df-e1da-1c42f2a60220,58443,97887,4,81.16
2026/10/10 23:01:11.900,GPU-deec06d9-69c0-a4df-e1da-1c42f2a60220,58443,97887,6,80.49
2026/10/10 23:01:12.428,GPU-deec06d9-69c0-a4df-e1da-1c42f2a60220,58443,97887,4,89.32
2026/10/10 23:01:12.959,GPU-deec06d9-69c0-a4df-e1da-1c42f2a60220,58443,97887,96,171.43
2026/10/10 23:01:13.486,GPU-deec06d9-69c0-a4df-e1da-1c42f2a60220,58443,97887,96,261.18
2026/10/10 23:01:14.015,GPU-deec06d9-69c0-a4df-e1da-1c42f2a60220,58443,97887,100,265.13
2026/10/10 23:01:14.543,GPU-deec06d9-69c0-a4df-e1da-1c42f2a60220,58443,97887,6,192.31
2026/10/10 23:01:15.071,GPU-deec06d9-69c0-a4df-e1da-1c42f2a60220,58443,97887,6,114.80
2026/10/10 23:01:15.599,GPU-deec06d9-69c0-a4df-e1da-1c42f2a60220,58443,97887,0,80.54
2026/10/10 23:01:16.126,GPU-deec06d9-69c0-a4df-e1da-1c42f2a60220,58443,97887,5,80.28
2026/10/10 23:01:16.653,GPU-deec06d9-69c0-a4df-e1da-1c42f2a60220,58443,97887,75,115.27
2026/10/10 23:01:17.181,GPU-deec06d9-69c0-a4df-e1da-1c42f2a60220,58443,97887,100,199.02
2026/10/10 23:01:17.708,GPU-deec06d9-69c0-a4df-e1da-1c42f2a60220,58443,97887,100,245.20
2026/10/10 23:01:18.236,GPU-deec06d9-69c0-a4df-e1da-1c42f2a60220,58443,97887,100,255.14
2026/10/10 23:01:18.763,GPU-deec06d9-69c0-a4df-e1da-1c42f2a60220,58443,97887,6,181.66
2026/10/10 23:01:19.290,GPU-deec06d9-69c0-a4df-e1da-1c42f2a60220,58443,97887,5,103.44
2026/10/10 23:01:19.816,GPU-deec06d9-69c0-a4df-e1da-1c42f2a60220,58443,97887,5,80.39
2026/10/10 23:01:20.343,GPU-deec06d9-69c0-a4df-e1da-1c42f2a60220,58443,97887,0,80.35
2026/10/10 23:01:20.869,GPU-deec06d9-69c0-a4df-e1da-1c42f2a60220,58443,97887,97,108.04
2026/10/10 23:01:21.395,GPU-deec06d9-69c0-a4df-e1da-1c42f2a60220,58443,97887,97,197.80
2026/10/10 23:01:21.922,GPU-deec06d9-69c0-a4df-e1da-1c42f2a60220,58443,97887,100,248.70
2026/10/10 23:01:22.450,GPU-deec06d9-69c0-a4df-e1da-1c42f2a60220,58443,97887,98,253.96
2026/10/10 23:01:22.978,GPU-deec06d9-69c0-a4df-e1da-1c42f2a60220,58443,97887,6,180.03
2026/10/10 23:01:23.505,GPU-deec06d9-69c0-a4df-e1da-1c42f2a60220,58443,97887,5,102.77
2026/10/10 23:01:24.032,GPU-deec06d9-69c0-a4df-e1da-1c42f2a60220,58443,97887,0,80.45
2026/10/10 23:01:24.560,GPU-deec06d9-69c0-a4df-e1da-1c42f2a60220,58443,97887,0,80.14
2026/10/10 23:01:25.088,GPU-deec06d9-69c0-a4df-e1da-1c42f2a60220,58443,97887,6,79.68
2026/10/10 23:01:25.621,GPU-deec06d9-69c0-a4df-e1da-1c42f2a60220,58443,97887,3,80.41
2026/10/10 23:01:26.151,GPU-deec06d9-69c0-a4df-e1da-1c42f2a60220,58443,97887,98,163.60
2026/10/10 23:01:26.679,GPU-deec06d9-69c0-a4df-e1da-1c42f2a60220,58443,97887,96,245.27
2026/10/10 23:01:27.207,GPU-deec06d9-69c0-a4df-e1da-1c42f2a60220,58443,97887,100,241.95
2026/10/10 23:01:27.738,GPU-deec06d9-69c0-a4df-e1da-1c42f2a60220,58443,97887,6,219.88
2026/10/10 23:01:28.266,GPU-deec06d9-69c0-a4df-e1da-1c42f2a60220,58443,97887,6,139.00
2026/10/10 23:01:28.793,GPU-deec06d9-69c0-a4df-e1da-1c42f2a60220,58443,97887,1,80.49
2026/10/10 23:01:29.322,GPU-deec06d9-69c0-a4df-e1da-1c42f2a60220,58443,97887,5,80.67
2026/10/10 23:01:29.849,GPU-deec06d9-69c0-a4df-e1da-1c42f2a60220,58443,97887,100,117.74
2026/10/10 23:01:30.384,GPU-deec06d9-69c0-a4df-e1da-1c42f2a60220,58443,97887,99,201.85
2026/10/10 23:01:30.919,GPU-deec06d9-69c0-a4df-e1da-1c42f2a60220,58443,97887,97,255.37
2026/10/10 23:01:31.452,GPU-deec06d9-69c0-a4df-e1da-1c42f2a60220,58443,97887,97,256.48
2026/10/10 23:01:31.985,GPU-deec06d9-69c0-a4df-e1da-1c42f2a60220,58443,97887,6,160.24
2026/10/10 23:01:32.511,GPU-deec06d9-69c0-a4df-e1da-1c42f2a60220,58443,97887,6,104.11
2026/10/10 23:01:33.038,GPU-deec06d9-69c0-a4df-e1da-1c42f2a60220,58443,97887,4,80.87
2026/10/10 23:01:33.567,GPU-deec06d9-69c0-a4df-e1da-1c42f2a60220,58443,97887,0,80.30
2026/10/10 23:01:34.098,GPU-deec06d9-69c0-a4df-e1da-1c42f2a60220,58443,97887,97,119.54
2026/10/10 23:01:34.626,GPU-deec06d9-69c0-a4df-e1da-1c42f2a60220,58443,97887,97,215.63
2026/10/10 23:01:35.154,GPU-deec06d9-69c0-a4df-e1da-1c42f2a60220,58443,97887,100,257.87
2026/10/10 23:01:35.683,GPU-deec06d9-69c0-a4df-e1da-1c42f2a60220,58443,97887,58,235.71
2026/10/10 23:01:36.210,GPU-deec06d9-69c0-a4df-e1da-1c42f2a60220,58443,97887,6,152.08
2026/10/10 23:01:36.737,GPU-deec06d9-69c0-a4df-e1da-1c42f2a60220,58443,97887,4,82.06
2026/10/10 23:01:37.271,GPU-deec06d9-69c0-a4df-e1da-1c42f2a60220,58443,97887,6,80.27
2026/10/10 23:01:37.804,GPU-deec06d9-69c0-a4df-e1da-1c42f2a60220,58443,97887,0,80.17
2026/10/10 23:01:38.333,GPU-deec06d9-69c0-a4df-e1da-1c42f2a60220,58443,97887,97,123.38
2026/10/10 23:01:38.861,GPU-deec06d9-69c0-a4df-e1da-1c42f2a60220,58443,97887,100,237.51
2026/10/10 23:01:39.393,GPU-deec06d9-69c0-a4df-e1da-1c42f2a60220,58443,97887,97,252.18
2026/10/10 23:01:39.933,GPU-deec06d9-69c0-a4df-e1da-1c42f2a60220,58443,97887,22,237.24
2026/10/10 23:01:40.461,GPU-deec06d9-69c0-a4df-e1da-1c42f2a60220,58443,97887,6,151.80
2026/10/10 23:01:40.998,GPU-deec06d9-69c0-a4df-e1da-1c42f2a60220,58443,97887,4,80.94
2026/10/10 23:01:41.526,GPU-deec06d9-69c0-a4df-e1da-1c42f2a60220,58443,97887,6,80.43
2026/10/10 23:01:42.054,GPU-deec06d9-69c0-a4df-e1da-1c42f2a60220,58443,97887,6,87.35
2026/10/10 23:01:42.584,GPU-deec06d9-69c0-a4df-e1da-1c42f2a60220,58443,97887,96,186.85
2026/10/10 23:01:43.112,GPU-deec06d9-69c0-a4df-e1da-1c42f2a60220,58443,97887,100,249.01
2026/10/10 23:01:43.643,GPU-deec06d9-69c0-a4df-e1da-1c42f2a60220,58443,97887,100,256.07
2026/10/10 23:01:44.181,GPU-deec06d9-69c0-a4df-e1da-1c42f2a60220,58443,97887,97,257.29
2026/10/10 23:01:44.715,GPU-deec06d9-69c0-a4df-e1da-1c42f2a60220,58443,97887,98,262.33
2026/10/10 23:01:45.245,GPU-deec06d9-69c0-a4df-e1da-1c42f2a60220,58443,97887,98,253.96
2026/10/10 23:01:45.775,GPU-deec06d9-69c0-a4df-e1da-1c42f2a60220,58443,97887,97,268.83
2026/10/10 23:01:46.310,GPU-deec06d9-69c0-a4df-e1da-1c42f2a60220,58443,97887,98,258.01
2026/10/10 23:01:46.841,GPU-deec06d9-69c0-a4df-e1da-1c42f2a60220,58443,97887,97,260.54
2026/10/10 23:01:47.370,GPU-deec06d9-69c0-a4df-e1da-1c42f2a60220,58443,97887,98,263.36
2026/10/10 23:01:47.903,GPU-deec06d9-69c0-a4df-e1da-1c42f2a60220,58443,97887,98,265.24
2026/10/10 23:01:48.435,GPU-deec06d9-69c0-a4df-e1da-1c42f2a60220,58443,97887,98,261.62
2026/10/10 23:01:48.968,GPU-deec06d9-69c0-a4df-e1da-1c42f2a60220,58443,97887,98,263.38
2026/10/10 23:01:49.498,GPU-deec06d9-69c0-a4df-e1da-1c42f2a60220,58443,97887,99,261.59
2026/10/10 23:01:50.025,GPU-deec06d9-69c0-a4df-e1da-1c42f2a60220,58443,97887,99,259.91
2026/10/10 23:01:50.554,GPU-deec06d9-69c0-a4df-e1da-1c42f2a60220,58443,97887,99,269.05
2026/10/10 23:01:51.081,GPU-deec06d9-69c0-a4df-e1da-1c42f2a60220,58443,97887,99,257.49
2026/10/10 23:01:51.609,GPU-deec06d9-69c0-a4df-e1da-1c42f2a60220,58443,97887,99,269.72
2026/10/10 23:01:52.137,GPU-deec06d9-69c0-a4df-e1da-1c42f2a60220,58443,97887,98,281.23
2026/10/10 23:01:52.666,GPU-deec06d9-69c0-a4df-e1da-1c42f2a60220,58443,97887,97,275.70
2026/10/10 23:01:53.198,GPU-deec06d9-69c0-a4df-e1da-1c42f2a60220,58443,97887,99,263.41
2026/10/10 23:01:53.727,GPU-deec06d9-69c0-a4df-e1da-1c42f2a60220,58443,97887,99,280.55
2026/10/10 23:01:54.256,GPU-deec06d9-69c0-a4df-e1da-1c42f2a60220,58443,97887,99,267.28
2026/10/10 23:01:54.785,GPU-deec06d9-69c0-a4df-e1da-1c42f2a60220,58443,97887,99,238.68
2026/10/10 23:01:55.314,GPU-deec06d9-69c0-a4df-e1da-1c42f2a60220,58443,97887,99,256.75
2026/10/10 23:01:55.842,GPU-deec06d9-69c0-a4df-e1da-1c42f2a60220,58443,97887,100,245.09
2026/10/10 23:01:56.370,GPU-deec06d9-69c0-a4df-e1da-1c42f2a60220,58443,97887,99,244.66
2026/10/10 23:01:56.899,GPU-deec06d9-69c0-a4df-e1da-1c42f2a60220,58443,97887,99,238.94
2026/10/10 23:01:57.432,GPU-deec06d9-69c0-a4df-e1da-1c42f2a60220,58443,97887,99,244.64
2026/10/10 23:01:57.968,GPU-deec06d9-69c0-a4df-e1da-1c42f2a60220,58443,97887,100,253.37
2026/10/10 23:01:58.501,GPU-deec06d9-69c0-a4df-e1da-1c42f2a60220,58443,97887,98,243.63
2026/10/10 23:01:59.033,GPU-deec06d9-69c0-a4df-e1da-1c42f2a60220,58443,97887,99,242.72
2026/10/10 23:01:59.569,GPU-deec06d9-69c0-a4df-e1da-1c42f2a60220,58443,97887,98,248.19
2026/10/10 23:02:00.103,GPU-deec06d9-69c0-a4df-e1da-1c42f2a60220,58443,97887,99,240.00
2026/10/10 23:02:00.632,GPU-deec06d9-69c0-a4df-e1da-1c42f2a60220,58443,97887,99,250.83
2026/10/10 23:02:01.161,GPU-deec06d9-69c0-a4df-e1da-1c42f2a60220,58443,97887,99,247.54
2026/10/10 23:02:01.691,GPU-deec06d9-69c0-a4df-e1da-1c42f2a60220,58443,97887,100,255.48
2026/10/10 23:02:02.222,GPU-deec06d9-69c0-a4df-e1da-1c42f2a60220,58443,97887,98,246.34
2026/10/10 23:02:02.751,GPU-deec06d9-69c0-a4df-e1da-1c42f2a60220,58443,97887,100,243.96
2026/10/10 23:02:03.280,GPU-deec06d9-69c0-a4df-e1da-1c42f2a60220,58443,97887,99,244.02
2026/10/10 23:02:03.807,GPU-deec06d9-69c0-a4df-e1da-1c42f2a60220,58443,97887,100,248.32
2026/10/10 23:02:04.336,GPU-deec06d9-69c0-a4df-e1da-1c42f2a60220,58443,97887,99,241.06
2026/10/10 23:02:04.864,GPU-deec06d9-69c0-a4df-e1da-1c42f2a60220,58443,97887,99,248.67
2026/10/10 23:02:05.391,GPU-deec06d9-69c0-a4df-e1da-1c42f2a60220,58443,97887,99,255.03
2026/10/10 23:02:05.918,GPU-deec06d9-69c0-a4df-e1da-1c42f2a60220,58443,97887,99,243.42
2026/10/10 23:02:06.445,GPU-deec06d9-69c0-a4df-e1da-1c42f2a60220,58443,97887,99,256.39
2026/10/10 23:02:06.979,GPU-deec06d9-69c0-a4df-e1da-1c42f2a60220,58443,97887,98,248.66
2026/10/10 23:02:07.510,GPU-deec06d9-69c0-a4df-e1da-1c42f2a60220,58443,97887,98,251.04
2026/10/10 23:02:08.043,GPU-deec06d9-69c0-a4df-e1da-1c42f2a60220,58443,97887,99,246.12
2026/10/10 23:02:08.580,GPU-deec06d9-69c0-a4df-e1da-1c42f2a60220,58443,97887,99,234.67
2026/10/10 23:02:09.110,GPU-deec06d9-69c0-a4df-e1da-1c42f2a60220,58443,97887,100,248.95
2026/10/10 23:02:09.644,GPU-deec06d9-69c0-a4df-e1da-1c42f2a60220,58443,97887,98,245.53
2026/10/10 23:02:10.173,GPU-deec06d9-69c0-a4df-e1da-1c42f2a60220,58443,97887,98,237.47
2026/10/10 23:02:10.702,GPU-deec06d9-69c0-a4df-e1da-1c42f2a60220,58443,97887,99,254.50
2026/10/10 23:02:11.230,GPU-deec06d9-69c0-a4df-e1da-1c42f2a60220,58443,97887,98,249.30
2026/10/10 23:02:11.770,GPU-deec06d9-69c0-a4df-e1da-1c42f2a60220,58443,97887,98,231.65
2026/10/10 23:02:12.298,GPU-deec06d9-69c0-a4df-e1da-1c42f2a60220,58443,97887,99,245.60
2026/10/10 23:02:12.827,GPU-deec06d9-69c0-a4df-e1da-1c42f2a60220,58443,97887,99,259.67
2026/10/10 23:02:13.357,GPU-deec06d9-69c0-a4df-e1da-1c42f2a60220,58443,97887,99,253.05
2026/10/10 23:02:13.886,GPU-deec06d9-69c0-a4df-e1da-1c42f2a60220,58443,97887,99,252.45
2026/10/10 23:02:14.417,GPU-deec06d9-69c0-a4df-e1da-1c42f2a60220,58443,97887,99,255.41
2026/10/10 23:02:14.948,GPU-deec06d9-69c0-a4df-e1da-1c42f2a60220,58443,97887,99,246.10
2026/10/10 23:02:15.478,GPU-deec06d9-69c0-a4df-e1da-1c42f2a60220,58443,97887,100,236.47
2026/10/10 23:02:16.007,GPU-deec06d9-69c0-a4df-e1da-1c42f2a60220,58443,97887,100,233.18
2026/10/10 23:02:16.538,GPU-deec06d9-69c0-a4df-e1da-1c42f2a60220,58443,97887,100,239.01
2026/10/10 23:02:17.067,GPU-deec06d9-69c0-a4df-e1da-1c42f2a60220,58443,97887,98,235.66
2026/10/10 23:02:17.598,GPU-deec06d9-69c0-a4df-e1da-1c42f2a60220,58443,97887,99,245.15
2026/10/10 23:02:18.128,GPU-deec06d9-69c0-a4df-e1da-1c42f2a60220,58443,97887,98,248.13
2026/10/10 23:02:18.659,GPU-deec06d9-69c0-a4df-e1da-1c42f2a60220,58443,97887,99,258.68
2026/10/10 23:02:19.188,GPU-deec06d9-69c0-a4df-e1da-1c42f2a60220,58443,97887,100,256.61
2026/10/10 23:02:19.722,GPU-deec06d9-69c0-a4df-e1da-1c42f2a60220,58443,97887,100,264.98
2026/10/10 23:02:20.252,GPU-deec06d9-69c0-a4df-e1da-1c42f2a60220,58443,97887,99,241.23
2026/10/10 23:02:20.781,GPU-deec06d9-69c0-a4df-e1da-1c42f2a60220,58443,97887,99,231.23
2026/10/10 23:02:21.312,GPU-deec06d9-69c0-a4df-e1da-1c42f2a60220,58443,97887,99,243.07
2026/10/10 23:02:21.844,GPU-deec06d9-69c0-a4df-e1da-1c42f2a60220,58443,97887,100,260.21
2026/10/10 23:02:22.374,GPU-deec06d9-69c0-a4df-e1da-1c42f2a60220,58443,97887,100,262.87
2026/10/10 23:02:22.907,GPU-deec06d9-69c0-a4df-e1da-1c42f2a60220,58443,97887,100,247.98
2026/10/10 23:02:23.434,GPU-deec06d9-69c0-a4df-e1da-1c42f2a60220,58443,97887,98,247.07
2026/10/10 23:02:23.963,GPU-deec06d9-69c0-a4df-e1da-1c42f2a60220,58443,97887,99,256.30
2026/10/10 23:02:24.491,GPU-deec06d9-69c0-a4df-e1da-1c42f2a60220,58443,97887,100,251.08
2026/10/10 23:02:25.022,GPU-deec06d9-69c0-a4df-e1da-1c42f2a60220,58443,97887,100,248.27
2026/10/10 23:02:25.554,GPU-deec06d9-69c0-a4df-e1da-1c42f2a60220,58443,97887,98,255.63
2026/10/10 23:02:26.082,GPU-deec06d9-69c0-a4df-e1da-1c42f2a60220,58443,97887,99,255.64
2026/10/10 23:02:26.611,GPU-deec06d9-69c0-a4df-e1da-1c42f2a60220,58443,97887,100,255.68
2026/10/10 23:02:27.141,GPU-deec06d9-69c0-a4df-e1da-1c42f2a60220,58443,97887,100,257.78
2026/10/10 23:02:27.670,GPU-deec06d9-69c0-a4df-e1da-1c42f2a60220,58443,97887,99,250.54
2026/10/10 23:02:28.200,GPU-deec06d9-69c0-a4df-e1da-1c42f2a60220,58443,97887,99,250.20
2026/10/10 23:02:28.730,GPU-deec06d9-69c0-a4df-e1da-1c42f2a60220,58443,97887,100,250.36
2026/10/10 23:02:29.259,GPU-deec06d9-69c0-a4df-e1da-1c42f2a60220,58443,97887,99,255.84
2026/10/10 23:02:29.788,GPU-deec06d9-69c0-a4df-e1da-1c42f2a60220,58443,97887,99,252.26
2026/10/10 23:02:30.319,GPU-deec06d9-69c0-a4df-e1da-1c42f2a60220,58443,97887,100,253.36
2026/10/10 23:02:30.848,GPU-deec06d9-69c0-a4df-e1da-1c42f2a60220,58443,97887,98,254.36
2026/10/10 23:02:31.377,GPU-deec06d9-69c0-a4df-e1da-1c42f2a60220,58443,97887,99,244.16
2026/10/10 23:02:31.907,GPU-deec06d9-69c0-a4df-e1da-1c42f2a60220,58443,97887,100,255.02
2026/10/10 23:02:32.436,GPU-deec06d9-69c0-a4df-e1da-1c42f2a60220,58443,97887,99,254.03
2026/10/10 23:02:32.966,GPU-deec06d9-69c0-a4df-e1da-1c42f2a60220,58443,97887,99,249.09
2026/10/10 23:02:33.497,GPU-deec06d9-69c0-a4df-e1da-1c42f2a60220,58443,97887,100,250.42
2026/10/10 23:02:34.025,GPU-deec06d9-69c0-a4df-e1da-1c42f2a60220,58443,97887,99,260.84
2026/10/10 23:02:34.560,GPU-deec06d9-69c0-a4df-e1da-1c42f2a60220,58443,97887,99,254.51
2026/10/10 23:02:35.094,GPU-deec06d9-69c0-a4df-e1da-1c42f2a60220,58443,97887,98,246.41
2026/10/10 23:02:35.624,GPU-deec06d9-69c0-a4df-e1da-1c42f2a60220,58443,97887,98,254.63
2026/10/10 23:02:36.152,GPU-deec06d9-69c0-a4df-e1da-1c42f2a60220,58443,97887,99,256.99
2026/10/10 23:02:36.681,GPU-deec06d9-69c0-a4df-e1da-1c42f2a60220,58443,97887,98,256.08
2026/10/10 23:02:37.213,GPU-deec06d9-69c0-a4df-e1da-1c42f2a60220,58443,97887,96,253.30
2026/10/10 23:02:37.741,GPU-deec06d9-69c0-a4df-e1da-1c42f2a60220,58443,97887,100,254.00
2026/10/10 23:02:38.268,GPU-deec06d9-69c0-a4df-e1da-1c42f2a60220,58443,97887,99,259.25
2026/10/10 23:02:38.796,GPU-deec06d9-69c0-a4df-e1da-1c42f2a60220,58443,97887,100,260.74
2026/10/10 23:02:39.323,GPU-deec06d9-69c0-a4df-e1da-1c42f2a60220,58443,97887,98,249.92
2026/10/10 23:02:39.850,GPU-deec06d9-69c0-a4df-e1da-1c42f2a60220,58443,97887,99,247.01
2026/10/10 23:02:40.378,GPU-deec06d9-69c0-a4df-e1da-1c42f2a60220,58443,97887,100,251.25
2026/10/10 23:02:40.905,GPU-deec06d9-69c0-a4df-e1da-1c42f2a60220,58443,97887,99,253.54
2026/10/10 23:02:41.435,GPU-deec06d9-69c0-a4df-e1da-1c42f2a60220,58443,97887,100,254.37
2026/10/10 23:02:41.967,GPU-deec06d9-69c0-a4df-e1da-1c42f2a60220,58443,97887,99,253.57
2026/10/10 23:02:42.494,GPU-deec06d9-69c0-a4df-e1da-1c42f2a60220,58443,97887,100,246.19
2026/10/10 23:02:43.021,GPU-deec06d9-69c0-a4df-e1da-1c42f2a60220,58443,97887,98,257.86
2026/10/10 23:02:43.548,GPU-deec06d9-69c0-a4df-e1da-1c42f2a60220,58443,97887,100,250.27
2026/10/10 23:02:44.075,GPU-deec06d9-69c0-a4df-e1da-1c42f2a60220,58443,97887,99,259.07
2026/10/10 23:02:44.606,GPU-deec06d9-69c0-a4df-e1da-1c42f2a60220,58443,97887,100,259.48
2026/10/10 23:02:45.135,GPU-deec06d9-69c0-a4df-e1da-1c42f2a60220,58443,97887,99,246.95
2026/10/10 23:02:45.663,GPU-deec06d9-69c0-a4df-e1da-1c42f2a60220,58443,97887,100,244.45
2026/10/10 23:02:46.190,GPU-deec06d9-69c0-a4df-e1da-1c42f2a60220,58443,97887,99,243.52
2026/10/10 23:02:46.725,GPU-deec06d9-69c0-a4df-e1da-1c42f2a60220,58443,97887,99,249.91
2026/10/10 23:02:47.255,GPU-deec06d9-69c0-a4df-e1da-1c42f2a60220,58443,97887,99,254.34
2026/10/10 23:02:47.804,GPU-deec06d9-69c0-a4df-e1da-1c42f2a60220,58443,97887,99,258.68
2026/10/10 23:02:48.330,GPU-deec06d9-69c0-a4df-e1da-1c42f2a60220,58443,97887,100,255.49
2026/10/10 23:02:48.858,GPU-deec06d9-69c0-a4df-e1da-1c42f2a60220,58443,97887,99,253.66
2026/10/10 23:02:49.384,GPU-deec06d9-69c0-a4df-e1da-1c42f2a60220,58443,97887,98,250.95
2026/10/10 23:02:49.912,GPU-deec06d9-69c0-a4df-e1da-1c42f2a60220,58443,97887,100,249.11
2026/10/10 23:02:50.440,GPU-deec06d9-69c0-a4df-e1da-1c42f2a60220,58443,97887,99,253.08
2026/10/10 23:02:50.967,GPU-deec06d9-69c0-a4df-e1da-1c42f2a60220,58443,97887,99,260.27
2026/10/10 23:02:51.501,GPU-deec06d9-69c0-a4df-e1da-1c42f2a60220,58443,97887,99,261.73
2026/10/10 23:02:52.029,GPU-deec06d9-69c0-a4df-e1da-1c42f2a60220,58443,97887,100,249.16
2026/10/10 23:02:52.556,GPU-deec06d9-69c0-a4df-e1da-1c42f2a60220,58443,97887,99,245.62
2026/10/10 23:02:53.086,GPU-deec06d9-69c0-a4df-e1da-1c42f2a60220,58443,97887,100,252.16
2026/10/10 23:02:53.614,GPU-deec06d9-69c0-a4df-e1da-1c42f2a60220,58443,97887,99,253.94
2026/10/10 23:02:54.142,GPU-deec06d9-69c0-a4df-e1da-1c42f2a60220,58443,97887,100,253.84
2026/10/10 23:02:54.670,GPU-deec06d9-69c0-a4df-e1da-1c42f2a60220,58443,97887,99,253.61
2026/10/10 23:02:55.198,GPU-deec06d9-69c0-a4df-e1da-1c42f2a60220,58443,97887,100,253.22
2026/10/10 23:02:55.725,GPU-deec06d9-69c0-a4df-e1da-1c42f2a60220,58443,97887,99,262.61
2026/10/10 23:02:56.269,GPU-deec06d9-69c0-a4df-e1da-1c42f2a60220,58443,97887,100,251.36
2026/10/10 23:02:56.798,GPU-deec06d9-69c0-a4df-e1da-1c42f2a60220,58443,97887,99,262.10
2026/10/10 23:02:57.326,GPU-deec06d9-69c0-a4df-e1da-1c42f2a60220,58443,97887,99,248.33
2026/10/10 23:02:57.856,GPU-deec06d9-69c0-a4df-e1da-1c42f2a60220,58443,97887,100,252.78
2026/10/10 23:02:58.384,GPU-deec06d9-69c0-a4df-e1da-1c42f2a60220,58443,97887,99,266.25
2026/10/10 23:02:58.911,GPU-deec06d9-69c0-a4df-e1da-1c42f2a60220,58443,97887,100,263.81
2026/10/10 23:02:59.441,GPU-deec06d9-69c0-a4df-e1da-1c42f2a60220,58443,97887,99,257.21
2026/10/10 23:02:59.972,GPU-deec06d9-69c0-a4df-e1da-1c42f2a60220,58443,97887,100,253.82
2026/10/10 23:03:00.501,GPU-deec06d9-69c0-a4df-e1da-1c42f2a60220,58443,97887,99,249.27
2026/10/10 23:03:01.028,GPU-deec06d9-69c0-a4df-e1da-1c42f2a60220,58443,97887,100,248.72
2026/10/10 23:03:01.557,GPU-deec06d9-69c0-a4df-e1da-1c42f2a60220,58443,97887,99,260.96
2026/10/10 23:03:02.091,GPU-deec06d9-69c0-a4df-e1da-1c42f2a60220,58443,97887,99,262.39
2026/10/10 23:03:02.623,GPU-deec06d9-69c0-a4df-e1da-1c42f2a60220,58443,97887,100,256.00
2026/10/10 23:03:03.153,GPU-deec06d9-69c0-a4df-e1da-1c42f2a60220,58443,97887,100,263.49
2026/10/10 23:03:03.680,GPU-deec06d9-69c0-a4df-e1da-1c42f2a60220,58443,97887,99,259.51
2026/10/10 23:03:04.206,GPU-deec06d9-69c0-a4df-e1da-1c42f2a60220,58443,97887,100,265.11
2026/10/10 23:03:04.734,GPU-deec06d9-69c0-a4df-e1da-1c42f2a60220,58443,97887,99,260.61
2026/10/10 23:03:05.263,GPU-deec06d9-69c0-a4df-e1da-1c42f2a60220,58443,97887,98,256.35
2026/10/10 23:03:05.790,GPU-deec06d9-69c0-a4df-e1da-1c42f2a60220,58443,97887,100,267.33
2026/10/10 23:03:06.320,GPU-deec06d9-69c0-a4df-e1da-1c42f2a60220,58443,97887,99,261.70
2026/10/10 23:03:06.848,GPU-deec06d9-69c0-a4df-e1da-1c42f2a60220,58443,97887,100,254.76
2026/10/10 23:03:07.379,GPU-deec06d9-69c0-a4df-e1da-1c42f2a60220,58443,97887,99,248.25
2026/10/10 23:03:07.906,GPU-deec06d9-69c0-a4df-e1da-1c42f2a60220,58443,97887,99,259.06
2026/10/10 23:03:08.434,GPU-deec06d9-69c0-a4df-e1da-1c42f2a60220,58443,97887,100,268.05
2026/10/10 23:03:08.961,GPU-deec06d9-69c0-a4df-e1da-1c42f2a60220,58443,97887,99,255.28
2026/10/10 23:03:09.488,GPU-deec06d9-69c0-a4df-e1da-1c42f2a60220,58443,97887,100,248.64
2026/10/10 23:03:10.015,GPU-deec06d9-69c0-a4df-e1da-1c42f2a60220,58443,97887,99,261.77
2026/10/10 23:03:10.553,GPU-deec06d9-69c0-a4df-e1da-1c42f2a60220,58443,97887,97,262.28
2026/10/10 23:03:11.082,GPU-deec06d9-69c0-a4df-e1da-1c42f2a60220,58443,97887,100,248.89
2026/10/10 23:03:11.609,GPU-deec06d9-69c0-a4df-e1da-1c42f2a60220,58443,97887,100,256.87
2026/10/10 23:03:12.136,GPU-deec06d9-69c0-a4df-e1da-1c42f2a60220,58443,97887,97,271.83
2026/10/10 23:03:12.663,GPU-deec06d9-69c0-a4df-e1da-1c42f2a60220,58443,97887,100,251.86
2026/10/10 23:03:13.190,GPU-deec06d9-69c0-a4df-e1da-1c42f2a60220,58443,97887,97,256.92
2026/10/10 23:03:13.719,GPU-deec06d9-69c0-a4df-e1da-1c42f2a60220,58443,97887,97,265.42
2026/10/10 23:03:14.246,GPU-deec06d9-69c0-a4df-e1da-1c42f2a60220,58443,97887,100,254.44
2026/10/10 23:03:14.775,GPU-deec06d9-69c0-a4df-e1da-1c42f2a60220,58443,97887,97,258.15
2026/10/10 23:03:15.302,GPU-deec06d9-69c0-a4df-e1da-1c42f2a60220,58443,97887,97,263.46
2026/10/10 23:03:15.830,GPU-deec06d9-69c0-a4df-e1da-1c42f2a60220,58443,97887,100,256.59
2026/10/10 23:03:16.359,GPU-deec06d9-69c0-a4df-e1da-1c42f2a60220,58443,97887,97,256.86
2026/10/10 23:03:16.886,GPU-deec06d9-69c0-a4df-e1da-1c42f2a60220,58443,97887,97,268.57
2026/10/10 23:03:17.415,GPU-deec06d9-69c0-a4df-e1da-1c42f2a60220,58443,97887,100,251.61
2026/10/10 23:03:17.942,GPU-deec06d9-69c0-a4df-e1da-1c42f2a60220,58443,97887,100,262.44
2026/10/10 23:03:18.470,GPU-deec06d9-69c0-a4df-e1da-1c42f2a60220,58443,97887,97,263.89
2026/10/10 23:03:18.999,GPU-deec06d9-69c0-a4df-e1da-1c42f2a60220,58443,97887,100,254.62
2026/10/10 23:03:19.527,GPU-deec06d9-69c0-a4df-e1da-1c42f2a60220,58443,97887,99,260.19
2026/10/10 23:03:20.057,GPU-deec06d9-69c0-a4df-e1da-1c42f2a60220,58443,97887,97,263.02
2026/10/10 23:03:20.590,GPU-deec06d9-69c0-a4df-e1da-1c42f2a60220,58443,97887,100,256.22
2026/10/10 23:03:21.122,GPU-deec06d9-69c0-a4df-e1da-1c42f2a60220,58443,97887,100,261.22
2026/10/10 23:03:21.653,GPU-deec06d9-69c0-a4df-e1da-1c42f2a60220,58443,97887,97,268.84
2026/10/10 23:03:22.187,GPU-deec06d9-69c0-a4df-e1da-1c42f2a60220,58443,97887,100,260.56
2026/10/10 23:03:22.721,GPU-deec06d9-69c0-a4df-e1da-1c42f2a60220,58443,97887,100,263.63
2026/10/10 23:03:23.253,GPU-deec06d9-69c0-a4df-e1da-1c42f2a60220,58443,97887,97,266.89
2026/10/10 23:03:23.787,GPU-deec06d9-69c0-a4df-e1da-1c42f2a60220,58443,97887,100,247.11
2026/10/10 23:03:24.328,GPU-deec06d9-69c0-a4df-e1da-1c42f2a60220,58443,97887,100,261.88
2026/10/10 23:03:24.857,GPU-deec06d9-69c0-a4df-e1da-1c42f2a60220,58443,97887,97,269.61
2026/10/10 23:03:25.388,GPU-deec06d9-69c0-a4df-e1da-1c42f2a60220,58443,97887,100,258.88
2026/10/10 23:03:25.922,GPU-deec06d9-69c0-a4df-e1da-1c42f2a60220,58443,97887,100,250.90
2026/10/10 23:03:26.456,GPU-deec06d9-69c0-a4df-e1da-1c42f2a60220,58443,97887,97,261.33
2026/10/10 23:03:26.991,GPU-deec06d9-69c0-a4df-e1da-1c42f2a60220,58443,97887,97,256.25
2026/10/10 23:03:27.524,GPU-deec06d9-69c0-a4df-e1da-1c42f2a60220,58443,97887,100,253.41
2026/10/10 23:03:28.062,GPU-deec06d9-69c0-a4df-e1da-1c42f2a60220,58443,97887,97,260.57
2026/10/10 23:03:28.593,GPU-deec06d9-69c0-a4df-e1da-1c42f2a60220,58443,97887,97,258.25
2026/10/10 23:03:29.126,GPU-deec06d9-69c0-a4df-e1da-1c42f2a60220,58443,97887,100,260.69
2026/10/10 23:03:29.659,GPU-deec06d9-69c0-a4df-e1da-1c42f2a60220,58443,97887,97,255.19
2026/10/10 23:03:30.200,GPU-deec06d9-69c0-a4df-e1da-1c42f2a60220,58443,97887,96,261.41
2026/10/10 23:03:30.734,GPU-deec06d9-69c0-a4df-e1da-1c42f2a60220,58443,97887,100,251.01
2026/10/10 23:03:31.266,GPU-deec06d9-69c0-a4df-e1da-1c42f2a60220,58443,97887,97,252.27
2026/10/10 23:03:31.801,GPU-deec06d9-69c0-a4df-e1da-1c42f2a60220,58443,97887,96,261.19
2026/10/10 23:03:32.333,GPU-deec06d9-69c0-a4df-e1da-1c42f2a60220,58443,97887,100,253.90
2026/10/10 23:03:32.867,GPU-deec06d9-69c0-a4df-e1da-1c42f2a60220,58443,97887,96,251.27
2026/10/10 23:03:33.401,GPU-deec06d9-69c0-a4df-e1da-1c42f2a60220,58443,97887,96,256.68
2026/10/10 23:03:33.933,GPU-deec06d9-69c0-a4df-e1da-1c42f2a60220,58443,97887,100,255.79
2026/10/10 23:03:34.464,GPU-deec06d9-69c0-a4df-e1da-1c42f2a60220,58443,97887,96,249.32
2026/10/10 23:03:34.994,GPU-deec06d9-69c0-a4df-e1da-1c42f2a60220,58443,97887,96,259.78
2026/10/10 23:03:35.523,GPU-deec06d9-69c0-a4df-e1da-1c42f2a60220,58443,97887,99,252.73
2026/10/10 23:03:36.050,GPU-deec06d9-69c0-a4df-e1da-1c42f2a60220,58443,97887,97,257.18
2026/10/10 23:03:36.578,GPU-deec06d9-69c0-a4df-e1da-1c42f2a60220,58443,97887,97,258.62
2026/10/10 23:03:37.105,GPU-deec06d9-69c0-a4df-e1da-1c42f2a60220,58443,97887,100,241.52
2026/10/10 23:03:37.634,GPU-deec06d9-69c0-a4df-e1da-1c42f2a60220,58443,97887,100,255.79
2026/10/10 23:03:38.162,GPU-deec06d9-69c0-a4df-e1da-1c42f2a60220,58443,97887,97,270.03
2026/10/10 23:03:38.690,GPU-deec06d9-69c0-a4df-e1da-1c42f2a60220,58443,97887,100,245.62
2026/10/10 23:03:39.217,GPU-deec06d9-69c0-a4df-e1da-1c42f2a60220,58443,97887,100,255.39
2026/10/10 23:03:39.744,GPU-deec06d9-69c0-a4df-e1da-1c42f2a60220,58443,97887,97,262.54
2026/10/10 23:03:40.273,GPU-deec06d9-69c0-a4df-e1da-1c42f2a60220,58443,97887,100,249.62
2026/10/10 23:03:40.807,GPU-deec06d9-69c0-a4df-e1da-1c42f2a60220,58443,97887,100,266.22
2026/10/10 23:03:41.334,GPU-deec06d9-69c0-a4df-e1da-1c42f2a60220,58443,97887,97,262.09
2026/10/10 23:03:41.862,GPU-deec06d9-69c0-a4df-e1da-1c42f2a60220,58443,97887,99,260.10
2026/10/10 23:03:42.389,GPU-deec06d9-69c0-a4df-e1da-1c42f2a60220,58443,97887,100,269.51
2026/10/10 23:03:42.919,GPU-deec06d9-69c0-a4df-e1da-1c42f2a60220,58443,97887,97,261.89
2026/10/10 23:03:43.446,GPU-deec06d9-69c0-a4df-e1da-1c42f2a60220,58443,97887,97,258.46
2026/10/10 23:03:43.975,GPU-deec06d9-69c0-a4df-e1da-1c42f2a60220,58443,97887,100,253.33
2026/10/10 23:03:44.501,GPU-deec06d9-69c0-a4df-e1da-1c42f2a60220,58443,97887,97,256.65
2026/10/10 23:03:45.030,GPU-deec06d9-69c0-a4df-e1da-1c42f2a60220,58443,97887,97,258.76
2026/10/10 23:03:45.561,GPU-deec06d9-69c0-a4df-e1da-1c42f2a60220,58443,97887,100,254.06
2026/10/10 23:03:46.088,GPU-deec06d9-69c0-a4df-e1da-1c42f2a60220,58443,97887,97,258.06
2026/10/10 23:03:46.619,GPU-deec06d9-69c0-a4df-e1da-1c42f2a60220,58443,97887,96,260.23
2026/10/10 23:03:47.148,GPU-deec06d9-69c0-a4df-e1da-1c42f2a60220,58443,97887,100,254.74
2026/10/10 23:03:47.680,GPU-deec06d9-69c0-a4df-e1da-1c42f2a60220,58443,97887,97,258.04
2026/10/10 23:03:48.210,GPU-deec06d9-69c0-a4df-e1da-1c42f2a60220,58443,97887,97,253.74
2026/10/10 23:03:48.743,GPU-deec06d9-69c0-a4df-e1da-1c42f2a60220,58443,97887,100,253.73
2026/10/10 23:03:49.274,GPU-deec06d9-69c0-a4df-e1da-1c42f2a60220,58443,97887,97,248.90
2026/10/10 23:03:49.810,GPU-deec06d9-69c0-a4df-e1da-1c42f2a60220,58443,97887,97,261.72
2026/10/10 23:03:50.343,GPU-deec06d9-69c0-a4df-e1da-1c42f2a60220,58443,97887,100,250.91
2026/10/10 23:03:50.876,GPU-deec06d9-69c0-a4df-e1da-1c42f2a60220,58443,97887,97,250.31
2026/10/10 23:03:51.408,GPU-deec06d9-69c0-a4df-e1da-1c42f2a60220,58443,97887,97,261.58
2026/10/10 23:03:51.942,GPU-deec06d9-69c0-a4df-e1da-1c42f2a60220,58443,97887,100,255.86
2026/10/10 23:03:52.476,GPU-deec06d9-69c0-a4df-e1da-1c42f2a60220,58443,97887,97,262.08
2026/10/10 23:03:53.008,GPU-deec06d9-69c0-a4df-e1da-1c42f2a60220,58443,97887,97,260.43
2026/10/10 23:03:53.543,GPU-deec06d9-69c0-a4df-e1da-1c42f2a60220,58443,97887,100,257.34
2026/10/10 23:03:54.081,GPU-deec06d9-69c0-a4df-e1da-1c42f2a60220,58443,97887,97,265.01
2026/10/10 23:03:54.615,GPU-deec06d9-69c0-a4df-e1da-1c42f2a60220,58443,97887,97,261.34
2026/10/10 23:03:55.146,GPU-deec06d9-69c0-a4df-e1da-1c42f2a60220,58443,97887,100,253.68
2026/10/10 23:03:55.692,GPU-deec06d9-69c0-a4df-e1da-1c42f2a60220,58443,97887,97,260.90
2026/10/10 23:03:56.224,GPU-deec06d9-69c0-a4df-e1da-1c42f2a60220,58443,97887,97,253.81
2026/10/10 23:03:56.754,GPU-deec06d9-69c0-a4df-e1da-1c42f2a60220,58443,97887,100,249.74
2026/10/10 23:03:57.286,GPU-deec06d9-69c0-a4df-e1da-1c42f2a60220,58443,97887,98,256.57
2026/10/10 23:03:57.821,GPU-deec06d9-69c0-a4df-e1da-1c42f2a60220,58443,97887,96,252.83
2026/10/10 23:03:58.352,GPU-deec06d9-69c0-a4df-e1da-1c42f2a60220,58443,97887,100,248.34
2026/10/10 23:03:58.890,GPU-deec06d9-69c0-a4df-e1da-1c42f2a60220,58443,97887,99,256.43
2026/10/10 23:03:59.424,GPU-deec06d9-69c0-a4df-e1da-1c42f2a60220,58443,97887,97,259.38
2026/10/10 23:03:59.954,GPU-deec06d9-69c0-a4df-e1da-1c42f2a60220,58443,97887,100,248.18
2026/10/10 23:04:00.487,GPU-deec06d9-69c0-a4df-e1da-1c42f2a60220,58443,97887,99,266.65
2026/10/10 23:04:01.023,GPU-deec06d9-69c0-a4df-e1da-1c42f2a60220,58443,97887,97,260.96
2026/10/10 23:04:01.556,GPU-deec06d9-69c0-a4df-e1da-1c42f2a60220,58443,97887,100,249.69
2026/10/10 23:04:02.088,GPU-deec06d9-69c0-a4df-e1da-1c42f2a60220,58443,97887,99,257.09
2026/10/10 23:04:02.622,GPU-deec06d9-69c0-a4df-e1da-1c42f2a60220,58443,97887,96,250.71
2026/10/10 23:04:03.154,GPU-deec06d9-69c0-a4df-e1da-1c42f2a60220,58443,97887,100,244.60
2026/10/10 23:04:03.688,GPU-deec06d9-69c0-a4df-e1da-1c42f2a60220,58443,97887,100,254.96
2026/10/10 23:04:04.223,GPU-deec06d9-69c0-a4df-e1da-1c42f2a60220,58443,97887,96,262.15
2026/10/10 23:04:04.755,GPU-deec06d9-69c0-a4df-e1da-1c42f2a60220,58443,97887,100,248.82
2026/10/10 23:04:05.288,GPU-deec06d9-69c0-a4df-e1da-1c42f2a60220,58443,97887,99,263.32
2026/10/10 23:04:05.822,GPU-deec06d9-69c0-a4df-e1da-1c42f2a60220,58443,97887,96,251.30
2026/10/10 23:04:06.354,GPU-deec06d9-69c0-a4df-e1da-1c42f2a60220,58443,97887,100,248.62
2026/10/10 23:04:06.890,GPU-deec06d9-69c0-a4df-e1da-1c42f2a60220,58443,97887,99,258.16
2026/10/10 23:04:07.425,GPU-deec06d9-69c0-a4df-e1da-1c42f2a60220,58443,97887,96,260.76
2026/10/10 23:04:07.961,GPU-deec06d9-69c0-a4df-e1da-1c42f2a60220,58443,97887,100,248.39
2026/10/10 23:04:08.492,GPU-deec06d9-69c0-a4df-e1da-1c42f2a60220,58443,97887,100,258.20
2026/10/10 23:04:09.027,GPU-deec06d9-69c0-a4df-e1da-1c42f2a60220,58443,97887,97,252.95
2026/10/10 23:04:09.561,GPU-deec06d9-69c0-a4df-e1da-1c42f2a60220,58443,97887,100,248.44
2026/10/10 23:04:10.091,GPU-deec06d9-69c0-a4df-e1da-1c42f2a60220,58443,97887,99,257.39
2026/10/10 23:04:10.626,GPU-deec06d9-69c0-a4df-e1da-1c42f2a60220,58443,97887,96,253.05
2026/10/10 23:04:11.161,GPU-deec06d9-69c0-a4df-e1da-1c42f2a60220,58443,97887,100,244.89
2026/10/10 23:04:11.692,GPU-deec06d9-69c0-a4df-e1da-1c42f2a60220,58443,97887,100,265.65
2026/10/10 23:04:12.225,GPU-deec06d9-69c0-a4df-e1da-1c42f2a60220,58443,97887,97,253.51
2026/10/10 23:04:12.759,GPU-deec06d9-69c0-a4df-e1da-1c42f2a60220,58443,97887,98,248.05
2026/10/10 23:04:13.292,GPU-deec06d9-69c0-a4df-e1da-1c42f2a60220,58443,97887,100,258.41
2026/10/10 23:04:13.826,GPU-deec06d9-69c0-a4df-e1da-1c42f2a60220,58443,97887,97,251.16
2026/10/10 23:04:14.360,GPU-deec06d9-69c0-a4df-e1da-1c42f2a60220,58443,97887,97,249.78
2026/10/10 23:04:14.892,GPU-deec06d9-69c0-a4df-e1da-1c42f2a60220,58443,97887,100,261.20
2026/10/10 23:04:15.422,GPU-deec06d9-69c0-a4df-e1da-1c42f2a60220,58443,97887,97,251.35
2026/10/10 23:04:15.950,GPU-deec06d9-69c0-a4df-e1da-1c42f2a60220,58443,97887,96,256.73
2026/10/10 23:04:16.477,GPU-deec06d9-69c0-a4df-e1da-1c42f2a60220,58443,97887,100,260.95
2026/10/10 23:04:17.005,GPU-deec06d9-69c0-a4df-e1da-1c42f2a60220,58443,97887,97,255.33
2026/10/10 23:04:17.533,GPU-deec06d9-69c0-a4df-e1da-1c42f2a60220,58443,97887,97,251.16
2026/10/10 23:04:18.061,GPU-deec06d9-69c0-a4df-e1da-1c42f2a60220,58443,97887,100,267.14
2026/10/10 23:04:18.589,GPU-deec06d9-69c0-a4df-e1da-1c42f2a60220,58443,97887,97,255.34
2026/10/10 23:04:19.119,GPU-deec06d9-69c0-a4df-e1da-1c42f2a60220,58443,97887,96,250.56
2026/10/10 23:04:19.646,GPU-deec06d9-69c0-a4df-e1da-1c42f2a60220,58443,97887,100,266.94
2026/10/10 23:04:20.173,GPU-deec06d9-69c0-a4df-e1da-1c42f2a60220,58443,97887,97,254.61
2026/10/10 23:04:20.700,GPU-deec06d9-69c0-a4df-e1da-1c42f2a60220,58443,97887,96,260.70
2026/10/10 23:04:21.228,GPU-deec06d9-69c0-a4df-e1da-1c42f2a60220,58443,97887,100,262.43
2026/10/10 23:04:21.755,GPU-deec06d9-69c0-a4df-e1da-1c42f2a60220,58443,97887,97,255.03
2026/10/10 23:04:22.285,GPU-deec06d9-69c0-a4df-e1da-1c42f2a60220,58443,97887,97,264.14
2026/10/10 23:04:22.823,GPU-deec06d9-69c0-a4df-e1da-1c42f2a60220,58443,97887,100,261.93
2026/10/10 23:04:23.354,GPU-deec06d9-69c0-a4df-e1da-1c42f2a60220,58443,97887,97,254.96
2026/10/10 23:04:23.882,GPU-deec06d9-69c0-a4df-e1da-1c42f2a60220,58443,97887,97,261.35
2026/10/10 23:04:24.409,GPU-deec06d9-69c0-a4df-e1da-1c42f2a60220,58443,97887,100,252.89
2026/10/10 23:04:24.937,GPU-deec06d9-69c0-a4df-e1da-1c42f2a60220,58443,97887,97,255.23
2026/10/10 23:04:25.464,GPU-deec06d9-69c0-a4df-e1da-1c42f2a60220,58443,97887,97,257.77
2026/10/10 23:04:25.991,GPU-deec06d9-69c0-a4df-e1da-1c42f2a60220,58443,97887,100,253.26
2026/10/10 23:04:26.518,GPU-deec06d9-69c0-a4df-e1da-1c42f2a60220,58443,97887,97,253.81
2026/10/10 23:04:27.046,GPU-deec06d9-69c0-a4df-e1da-1c42f2a60220,58443,97887,97,262.52
2026/10/10 23:04:27.575,GPU-deec06d9-69c0-a4df-e1da-1c42f2a60220,58443,97887,100,253.94
2026/10/10 23:04:28.104,GPU-deec06d9-69c0-a4df-e1da-1c42f2a60220,58443,97887,98,257.30
2026/10/10 23:04:28.631,GPU-deec06d9-69c0-a4df-e1da-1c42f2a60220,58443,97887,96,262.68
2026/10/10 23:04:29.159,GPU-deec06d9-69c0-a4df-e1da-1c42f2a60220,58443,97887,100,252.55
2026/10/10 23:04:29.688,GPU-deec06d9-69c0-a4df-e1da-1c42f2a60220,58443,97887,97,256.78
2026/10/10 23:04:30.218,GPU-deec06d9-69c0-a4df-e1da-1c42f2a60220,58443,97887,97,262.09
2026/10/10 23:04:30.747,GPU-deec06d9-69c0-a4df-e1da-1c42f2a60220,58443,97887,100,262.97
2026/10/10 23:04:31.275,GPU-deec06d9-69c0-a4df-e1da-1c42f2a60220,58443,97887,97,254.10
2026/10/10 23:04:31.805,GPU-deec06d9-69c0-a4df-e1da-1c42f2a60220,58443,97887,97,255.83
2026/10/10 23:04:32.334,GPU-deec06d9-69c0-a4df-e1da-1c42f2a60220,58443,97887,100,261.23
2026/10/10 23:04:32.866,GPU-deec06d9-69c0-a4df-e1da-1c42f2a60220,58443,97887,97,259.68
2026/10/10 23:04:33.398,GPU-deec06d9-69c0-a4df-e1da-1c42f2a60220,58443,97887,96,257.23
2026/10/10 23:04:33.928,GPU-deec06d9-69c0-a4df-e1da-1c42f2a60220,58443,97887,100,253.07
2026/10/10 23:04:34.462,GPU-deec06d9-69c0-a4df-e1da-1c42f2a60220,58443,97887,97,261.15
2026/10/10 23:04:34.993,GPU-deec06d9-69c0-a4df-e1da-1c42f2a60220,58443,97887,96,252.92
2026/10/10 23:04:35.523,GPU-deec06d9-69c0-a4df-e1da-1c42f2a60220,58443,97887,100,248.53
2026/10/10 23:04:36.054,GPU-deec06d9-69c0-a4df-e1da-1c42f2a60220,58443,97887,100,261.41
2026/10/10 23:04:36.588,GPU-deec06d9-69c0-a4df-e1da-1c42f2a60220,58443,97887,99,258.69
2026/10/10 23:04:37.124,GPU-deec06d9-69c0-a4df-e1da-1c42f2a60220,58443,97887,97,250.91
2026/10/10 23:04:37.656,GPU-deec06d9-69c0-a4df-e1da-1c42f2a60220,58443,97887,100,258.04
2026/10/10 23:04:38.187,GPU-deec06d9-69c0-a4df-e1da-1c42f2a60220,58443,97887,98,259.60
2026/10/10 23:04:38.721,GPU-deec06d9-69c0-a4df-e1da-1c42f2a60220,58443,97887,97,260.48
2026/10/10 23:04:39.250,GPU-deec06d9-69c0-a4df-e1da-1c42f2a60220,58443,97887,100,261.91
2026/10/10 23:04:39.786,GPU-deec06d9-69c0-a4df-e1da-1c42f2a60220,58443,97887,97,259.21
2026/10/10 23:04:40.316,GPU-deec06d9-69c0-a4df-e1da-1c42f2a60220,58443,97887,97,252.71
2026/10/10 23:04:40.850,GPU-deec06d9-69c0-a4df-e1da-1c42f2a60220,58443,97887,100,268.25
2026/10/10 23:04:41.381,GPU-deec06d9-69c0-a4df-e1da-1c42f2a60220,58443,97887,97,257.44
2026/10/10 23:04:41.912,GPU-deec06d9-69c0-a4df-e1da-1c42f2a60220,58443,97887,97,260.89
2026/10/10 23:04:42.444,GPU-deec06d9-69c0-a4df-e1da-1c42f2a60220,58443,97887,100,264.85
2026/10/10 23:04:42.975,GPU-deec06d9-69c0-a4df-e1da-1c42f2a60220,58443,97887,98,256.20
2026/10/10 23:04:43.504,GPU-deec06d9-69c0-a4df-e1da-1c42f2a60220,58443,97887,97,261.14
2026/10/10 23:04:44.036,GPU-deec06d9-69c0-a4df-e1da-1c42f2a60220,58443,97887,100,254.04
2026/10/10 23:04:44.568,GPU-deec06d9-69c0-a4df-e1da-1c42f2a60220,58443,97887,98,256.62
2026/10/10 23:04:45.100,GPU-deec06d9-69c0-a4df-e1da-1c42f2a60220,58443,97887,98,260.27
2026/10/10 23:04:45.629,GPU-deec06d9-69c0-a4df-e1da-1c42f2a60220,58443,97887,100,251.95
2026/10/10 23:04:46.157,GPU-deec06d9-69c0-a4df-e1da-1c42f2a60220,58443,97887,97,259.49
2026/10/10 23:04:46.687,GPU-deec06d9-69c0-a4df-e1da-1c42f2a60220,58443,97887,100,257.21
2026/10/10 23:04:47.220,GPU-deec06d9-69c0-a4df-e1da-1c42f2a60220,58443,97887,100,251.92
2026/10/10 23:04:47.749,GPU-deec06d9-69c0-a4df-e1da-1c42f2a60220,58443,97887,98,260.86
2026/10/10 23:04:48.282,GPU-deec06d9-69c0-a4df-e1da-1c42f2a60220,58443,97887,100,256.37
2026/10/10 23:04:48.814,GPU-deec06d9-69c0-a4df-e1da-1c42f2a60220,58443,97887,100,262.03
2026/10/10 23:04:49.346,GPU-deec06d9-69c0-a4df-e1da-1c42f2a60220,58443,97887,97,263.81
2026/10/10 23:04:49.878,GPU-deec06d9-69c0-a4df-e1da-1c42f2a60220,58443,97887,100,252.57
2026/10/10 23:04:50.409,GPU-deec06d9-69c0-a4df-e1da-1c42f2a60220,58443,97887,100,259.96
2026/10/10 23:04:50.943,GPU-deec06d9-69c0-a4df-e1da-1c42f2a60220,58443,97887,97,251.78
2026/10/10 23:04:51.473,GPU-deec06d9-69c0-a4df-e1da-1c42f2a60220,58443,97887,100,258.06
2026/10/10 23:04:52.007,GPU-deec06d9-69c0-a4df-e1da-1c42f2a60220,58443,97887,100,264.11
2026/10/10 23:04:52.542,GPU-deec06d9-69c0-a4df-e1da-1c42f2a60220,58443,97887,97,253.42
2026/10/10 23:04:53.073,GPU-deec06d9-69c0-a4df-e1da-1c42f2a60220,58443,97887,100,256.05
2026/10/10 23:04:53.605,GPU-deec06d9-69c0-a4df-e1da-1c42f2a60220,58443,97887,100,260.85
2026/10/10 23:04:54.143,GPU-deec06d9-69c0-a4df-e1da-1c42f2a60220,58443,97887,97,253.22
2026/10/10 23:04:54.674,GPU-deec06d9-69c0-a4df-e1da-1c42f2a60220,58443,97887,100,255.02
2026/10/10 23:04:55.205,GPU-deec06d9-69c0-a4df-e1da-1c42f2a60220,58443,97887,100,261.06
2026/10/10 23:04:55.737,GPU-deec06d9-69c0-a4df-e1da-1c42f2a60220,58443,97887,97,252.17
2026/10/10 23:04:56.283,GPU-deec06d9-69c0-a4df-e1da-1c42f2a60220,58443,97887,100,254.06
2026/10/10 23:04:56.813,GPU-deec06d9-69c0-a4df-e1da-1c42f2a60220,58443,97887,100,250.34
2026/10/10 23:04:57.347,GPU-deec06d9-69c0-a4df-e1da-1c42f2a60220,58443,97887,97,252.40
2026/10/10 23:04:57.881,GPU-deec06d9-69c0-a4df-e1da-1c42f2a60220,58443,97887,100,253.82
2026/10/10 23:04:58.423,GPU-deec06d9-69c0-a4df-e1da-1c42f2a60220,58443,97887,100,247.21
2026/10/10 23:04:58.965,GPU-deec06d9-69c0-a4df-e1da-1c42f2a60220,58443,97887,97,263.39
2026/10/10 23:04:59.495,GPU-deec06d9-69c0-a4df-e1da-1c42f2a60220,58443,97887,100,254.72
2026/10/10 23:05:00.025,GPU-deec06d9-69c0-a4df-e1da-1c42f2a60220,58443,97887,100,247.74
2026/10/10 23:05:00.560,GPU-deec06d9-69c0-a4df-e1da-1c42f2a60220,58443,97887,97,262.05
2026/10/10 23:05:01.092,GPU-deec06d9-69c0-a4df-e1da-1c42f2a60220,58443,97887,100,247.34
2026/10/10 23:05:01.623,GPU-deec06d9-69c0-a4df-e1da-1c42f2a60220,58443,97887,100,251.85
2026/10/10 23:05:02.153,GPU-deec06d9-69c0-a4df-e1da-1c42f2a60220,58443,97887,97,251.87
2026/10/10 23:05:02.684,GPU-deec06d9-69c0-a4df-e1da-1c42f2a60220,58443,97887,100,256.12
2026/10/10 23:05:03.220,GPU-deec06d9-69c0-a4df-e1da-1c42f2a60220,58443,97887,100,260.50
2026/10/10 23:05:03.751,GPU-deec06d9-69c0-a4df-e1da-1c42f2a60220,58443,97887,97,253.59
2026/10/10 23:05:04.284,GPU-deec06d9-69c0-a4df-e1da-1c42f2a60220,58443,97887,100,256.36
2026/10/10 23:05:04.819,GPU-deec06d9-69c0-a4df-e1da-1c42f2a60220,58443,97887,100,258.69
2026/10/10 23:05:05.350,GPU-deec06d9-69c0-a4df-e1da-1c42f2a60220,58443,97887,97,250.38
2026/10/10 23:05:05.882,GPU-deec06d9-69c0-a4df-e1da-1c42f2a60220,58443,97887,100,256.71
2026/10/10 23:05:06.413,GPU-deec06d9-69c0-a4df-e1da-1c42f2a60220,58443,97887,100,261.30
2026/10/10 23:05:06.945,GPU-deec06d9-69c0-a4df-e1da-1c42f2a60220,58443,97887,97,250.97
2026/10/10 23:05:07.478,GPU-deec06d9-69c0-a4df-e1da-1c42f2a60220,58443,97887,100,254.72
2026/10/10 23:05:08.009,GPU-deec06d9-69c0-a4df-e1da-1c42f2a60220,58443,97887,100,260.42
2026/10/10 23:05:08.543,GPU-deec06d9-69c0-a4df-e1da-1c42f2a60220,58443,97887,97,247.67
2026/10/10 23:05:09.073,GPU-deec06d9-69c0-a4df-e1da-1c42f2a60220,58443,97887,100,251.90
2026/10/10 23:05:09.606,GPU-deec06d9-69c0-a4df-e1da-1c42f2a60220,58443,97887,100,261.30
2026/10/10 23:05:10.144,GPU-deec06d9-69c0-a4df-e1da-1c42f2a60220,58443,97887,97,253.97
2026/10/10 23:05:10.675,GPU-deec06d9-69c0-a4df-e1da-1c42f2a60220,58443,97887,100,257.02
2026/10/10 23:05:11.215,GPU-deec06d9-69c0-a4df-e1da-1c42f2a60220,58443,97887,100,258.35
2026/10/10 23:05:11.744,GPU-deec06d9-69c0-a4df-e1da-1c42f2a60220,58443,97887,97,252.31
2026/10/10 23:05:12.290,GPU-deec06d9-69c0-a4df-e1da-1c42f2a60220,58443,97887,100,256.31
2026/10/10 23:05:12.819,GPU-deec06d9-69c0-a4df-e1da-1c42f2a60220,58443,97887,100,257.76
2026/10/10 23:05:13.348,GPU-deec06d9-69c0-a4df-e1da-1c42f2a60220,58443,97887,96,258.07
2026/10/10 23:05:13.876,GPU-deec06d9-69c0-a4df-e1da-1c42f2a60220,58443,97887,100,259.88
2026/10/10 23:05:14.405,GPU-deec06d9-69c0-a4df-e1da-1c42f2a60220,58443,97887,97,256.75
2026/10/10 23:05:14.933,GPU-deec06d9-69c0-a4df-e1da-1c42f2a60220,58443,97887,97,248.96
2026/10/10 23:05:15.464,GPU-deec06d9-69c0-a4df-e1da-1c42f2a60220,58443,97887,100,251.74
2026/10/10 23:05:15.993,GPU-deec06d9-69c0-a4df-e1da-1c42f2a60220,58443,97887,97,256.46
2026/10/10 23:05:16.522,GPU-deec06d9-69c0-a4df-e1da-1c42f2a60220,58443,97887,96,264.31
2026/10/10 23:05:17.051,GPU-deec06d9-69c0-a4df-e1da-1c42f2a60220,58443,97887,100,254.20
2026/10/10 23:05:17.583,GPU-deec06d9-69c0-a4df-e1da-1c42f2a60220,58443,97887,97,255.37
2026/10/10 23:05:18.114,GPU-deec06d9-69c0-a4df-e1da-1c42f2a60220,58443,97887,97,262.59
2026/10/10 23:05:18.643,GPU-deec06d9-69c0-a4df-e1da-1c42f2a60220,58443,97887,100,252.51
2026/10/10 23:05:19.174,GPU-deec06d9-69c0-a4df-e1da-1c42f2a60220,58443,97887,97,249.46
2026/10/10 23:05:19.707,GPU-deec06d9-69c0-a4df-e1da-1c42f2a60220,58443,97887,96,253.12
2026/10/10 23:05:20.243,GPU-deec06d9-69c0-a4df-e1da-1c42f2a60220,58443,97887,100,252.27
2026/10/10 23:05:20.772,GPU-deec06d9-69c0-a4df-e1da-1c42f2a60220,58443,97887,97,248.39
2026/10/10 23:05:21.305,GPU-deec06d9-69c0-a4df-e1da-1c42f2a60220,58443,97887,97,252.87
2026/10/10 23:05:21.835,GPU-deec06d9-69c0-a4df-e1da-1c42f2a60220,58443,97887,100,250.55
2026/10/10 23:05:22.370,GPU-deec06d9-69c0-a4df-e1da-1c42f2a60220,58443,97887,97,240.60
2026/10/10 23:05:22.901,GPU-deec06d9-69c0-a4df-e1da-1c42f2a60220,58443,97887,97,260.46
2026/10/10 23:05:23.431,GPU-deec06d9-69c0-a4df-e1da-1c42f2a60220,58443,97887,100,251.67
2026/10/10 23:05:23.963,GPU-deec06d9-69c0-a4df-e1da-1c42f2a60220,58443,97887,97,247.64
2026/10/10 23:05:24.502,GPU-deec06d9-69c0-a4df-e1da-1c42f2a60220,58443,97887,97,259.32
2026/10/10 23:05:25.031,GPU-deec06d9-69c0-a4df-e1da-1c42f2a60220,58443,97887,100,252.99
2026/10/10 23:05:25.563,GPU-deec06d9-69c0-a4df-e1da-1c42f2a60220,58443,97887,97,251.13
2026/10/10 23:05:26.093,GPU-deec06d9-69c0-a4df-e1da-1c42f2a60220,58443,97887,100,254.63
2026/10/10 23:05:26.621,GPU-deec06d9-69c0-a4df-e1da-1c42f2a60220,58443,97887,100,245.05
2026/10/10 23:05:27.151,GPU-deec06d9-69c0-a4df-e1da-1c42f2a60220,58443,97887,97,251.53
2026/10/10 23:05:27.682,GPU-deec06d9-69c0-a4df-e1da-1c42f2a60220,58443,97887,97,252.90
2026/10/10 23:05:28.211,GPU-deec06d9-69c0-a4df-e1da-1c42f2a60220,58443,97887,100,262.34
2026/10/10 23:05:28.745,GPU-deec06d9-69c0-a4df-e1da-1c42f2a60220,58443,97887,97,254.76
2026/10/10 23:05:29.275,GPU-deec06d9-69c0-a4df-e1da-1c42f2a60220,58443,97887,97,259.10
2026/10/10 23:05:29.806,GPU-deec06d9-69c0-a4df-e1da-1c42f2a60220,58443,97887,100,262.40
2026/10/10 23:05:30.342,GPU-deec06d9-69c0-a4df-e1da-1c42f2a60220,58443,97887,97,251.44
2026/10/10 23:05:30.870,GPU-deec06d9-69c0-a4df-e1da-1c42f2a60220,58443,97887,99,250.38
2026/10/10 23:05:31.401,GPU-deec06d9-69c0-a4df-e1da-1c42f2a60220,58443,97887,100,260.97
2026/10/10 23:05:31.929,GPU-deec06d9-69c0-a4df-e1da-1c42f2a60220,58443,97887,96,251.37
2026/10/10 23:05:32.460,GPU-deec06d9-69c0-a4df-e1da-1c42f2a60220,58443,97887,100,249.03
2026/10/10 23:05:32.991,GPU-deec06d9-69c0-a4df-e1da-1c42f2a60220,58443,97887,98,258.78
2026/10/10 23:05:33.521,GPU-deec06d9-69c0-a4df-e1da-1c42f2a60220,58443,97887,97,263.64
2026/10/10 23:05:34.048,GPU-deec06d9-69c0-a4df-e1da-1c42f2a60220,58443,97887,100,251.15
2026/10/10 23:05:34.580,GPU-deec06d9-69c0-a4df-e1da-1c42f2a60220,58443,97887,97,244.38
2026/10/10 23:05:35.107,GPU-deec06d9-69c0-a4df-e1da-1c42f2a60220,58443,97887,97,258.71
2026/10/10 23:05:35.637,GPU-deec06d9-69c0-a4df-e1da-1c42f2a60220,58443,97887,100,252.37
2026/10/10 23:05:36.167,GPU-deec06d9-69c0-a4df-e1da-1c42f2a60220,58443,97887,97,249.52
2026/10/10 23:05:36.700,GPU-deec06d9-69c0-a4df-e1da-1c42f2a60220,58443,97887,97,259.63
2026/10/10 23:05:37.230,GPU-deec06d9-69c0-a4df-e1da-1c42f2a60220,58443,97887,100,252.28
2026/10/10 23:05:37.762,GPU-deec06d9-69c0-a4df-e1da-1c42f2a60220,58443,97887,97,246.23
2026/10/10 23:05:38.294,GPU-deec06d9-69c0-a4df-e1da-1c42f2a60220,58443,97887,97,263.32
2026/10/10 23:05:38.830,GPU-deec06d9-69c0-a4df-e1da-1c42f2a60220,58443,97887,100,254.62
2026/10/10 23:05:39.365,GPU-deec06d9-69c0-a4df-e1da-1c42f2a60220,58443,97887,97,247.70
2026/10/10 23:05:39.896,GPU-deec06d9-69c0-a4df-e1da-1c42f2a60220,58443,97887,96,255.54
2026/10/10 23:05:40.440,GPU-deec06d9-69c0-a4df-e1da-1c42f2a60220,58443,97887,100,259.96
2026/10/10 23:05:40.969,GPU-deec06d9-69c0-a4df-e1da-1c42f2a60220,58443,97887,97,249.61
2026/10/10 23:05:41.502,GPU-deec06d9-69c0-a4df-e1da-1c42f2a60220,58443,97887,96,260.21
2026/10/10 23:05:42.036,GPU-deec06d9-69c0-a4df-e1da-1c42f2a60220,58443,97887,100,250.07
2026/10/10 23:05:42.566,GPU-deec06d9-69c0-a4df-e1da-1c42f2a60220,58443,97887,97,246.15
2026/10/10 23:05:43.100,GPU-deec06d9-69c0-a4df-e1da-1c42f2a60220,58443,97887,96,265.10
2026/10/10 23:05:43.631,GPU-deec06d9-69c0-a4df-e1da-1c42f2a60220,58443,97887,100,251.50
2026/10/10 23:05:44.162,GPU-deec06d9-69c0-a4df-e1da-1c42f2a60220,58443,97887,97,247.42
2026/10/10 23:05:44.691,GPU-deec06d9-69c0-a4df-e1da-1c42f2a60220,58443,97887,96,263.23
2026/10/10 23:05:45.224,GPU-deec06d9-69c0-a4df-e1da-1c42f2a60220,58443,97887,100,250.86
2026/10/10 23:05:45.754,GPU-deec06d9-69c0-a4df-e1da-1c42f2a60220,58443,97887,97,249.00
2026/10/10 23:05:46.285,GPU-deec06d9-69c0-a4df-e1da-1c42f2a60220,58443,97887,96,259.55
2026/10/10 23:05:46.819,GPU-deec06d9-69c0-a4df-e1da-1c42f2a60220,58443,97887,100,250.96
2026/10/10 23:05:47.350,GPU-deec06d9-69c0-a4df-e1da-1c42f2a60220,58443,97887,97,253.76
2026/10/10 23:05:47.881,GPU-deec06d9-69c0-a4df-e1da-1c42f2a60220,58443,97887,96,252.75
2026/10/10 23:05:48.415,GPU-deec06d9-69c0-a4df-e1da-1c42f2a60220,58443,97887,100,259.16
2026/10/10 23:05:48.948,GPU-deec06d9-69c0-a4df-e1da-1c42f2a60220,58443,97887,97,250.93
2026/10/10 23:05:49.481,GPU-deec06d9-69c0-a4df-e1da-1c42f2a60220,58443,97887,97,246.60
2026/10/10 23:05:50.011,GPU-deec06d9-69c0-a4df-e1da-1c42f2a60220,58443,97887,100,261.35
2026/10/10 23:05:50.543,GPU-deec06d9-69c0-a4df-e1da-1c42f2a60220,58443,97887,97,254.75
2026/10/10 23:05:51.072,GPU-deec06d9-69c0-a4df-e1da-1c42f2a60220,58443,97887,99,249.94
2026/10/10 23:05:51.601,GPU-deec06d9-69c0-a4df-e1da-1c42f2a60220,58443,97887,100,266.81
2026/10/10 23:05:52.131,GPU-deec06d9-69c0-a4df-e1da-1c42f2a60220,58443,97887,97,252.31
2026/10/10 23:05:52.670,GPU-deec06d9-69c0-a4df-e1da-1c42f2a60220,58443,97887,100,247.76
2026/10/10 23:05:53.213,GPU-deec06d9-69c0-a4df-e1da-1c42f2a60220,58443,97887,97,250.25
2026/10/10 23:05:53.742,GPU-deec06d9-69c0-a4df-e1da-1c42f2a60220,58443,97887,97,250.21
2026/10/10 23:05:54.272,GPU-deec06d9-69c0-a4df-e1da-1c42f2a60220,58443,97887,100,252.20
2026/10/10 23:05:54.801,GPU-deec06d9-69c0-a4df-e1da-1c42f2a60220,58443,97887,97,250.83
2026/10/10 23:05:55.330,GPU-deec06d9-69c0-a4df-e1da-1c42f2a60220,58443,97887,97,261.64
2026/10/10 23:05:55.862,GPU-deec06d9-69c0-a4df-e1da-1c42f2a60220,58443,97887,100,250.71
2026/10/10 23:05:56.391,GPU-deec06d9-69c0-a4df-e1da-1c42f2a60220,58443,97887,97,251.78
2026/10/10 23:05:56.921,GPU-deec06d9-69c0-a4df-e1da-1c42f2a60220,58443,97887,97,251.23
2026/10/10 23:05:57.451,GPU-deec06d9-69c0-a4df-e1da-1c42f2a60220,58443,97887,100,251.81
2026/10/10 23:05:57.981,GPU-deec06d9-69c0-a4df-e1da-1c42f2a60220,58443,97887,97,249.69
2026/10/10 23:05:58.510,GPU-deec06d9-69c0-a4df-e1da-1c42f2a60220,58443,97887,96,263.06
2026/10/10 23:05:59.044,GPU-deec06d9-69c0-a4df-e1da-1c42f2a60220,58443,97887,100,246.84
2026/10/10 23:05:59.572,GPU-deec06d9-69c0-a4df-e1da-1c42f2a60220,58443,97887,97,248.30
2026/10/10 23:06:00.106,GPU-deec06d9-69c0-a4df-e1da-1c42f2a60220,58443,97887,97,269.79
2026/10/10 23:06:00.641,GPU-deec06d9-69c0-a4df-e1da-1c42f2a60220,58443,97887,100,249.59
2026/10/10 23:06:01.171,GPU-deec06d9-69c0-a4df-e1da-1c42f2a60220,58443,97887,97,244.23
2026/10/10 23:06:01.704,GPU-deec06d9-69c0-a4df-e1da-1c42f2a60220,58443,97887,96,261.57
2026/10/10 23:06:02.236,GPU-deec06d9-69c0-a4df-e1da-1c42f2a60220,58443,97887,100,252.71
2026/10/10 23:06:02.768,GPU-deec06d9-69c0-a4df-e1da-1c42f2a60220,58443,97887,97,248.82
2026/10/10 23:06:03.300,GPU-deec06d9-69c0-a4df-e1da-1c42f2a60220,58443,97887,97,259.06
2026/10/10 23:06:03.830,GPU-deec06d9-69c0-a4df-e1da-1c42f2a60220,58443,97887,100,261.70
2026/10/10 23:06:04.362,GPU-deec06d9-69c0-a4df-e1da-1c42f2a60220,58443,97887,97,259.98
2026/10/10 23:06:04.891,GPU-deec06d9-69c0-a4df-e1da-1c42f2a60220,58443,97887,97,245.26
2026/10/10 23:06:05.421,GPU-deec06d9-69c0-a4df-e1da-1c42f2a60220,58443,97887,100,264.70
2026/10/10 23:06:05.951,GPU-deec06d9-69c0-a4df-e1da-1c42f2a60220,58443,97887,97,267.15
2026/10/10 23:06:06.483,GPU-deec06d9-69c0-a4df-e1da-1c42f2a60220,58443,97887,97,255.32
2026/10/10 23:06:07.012,GPU-deec06d9-69c0-a4df-e1da-1c42f2a60220,58443,97887,100,260.27
2026/10/10 23:06:07.543,GPU-deec06d9-69c0-a4df-e1da-1c42f2a60220,58443,97887,97,260.49
2026/10/10 23:06:08.073,GPU-deec06d9-69c0-a4df-e1da-1c42f2a60220,58443,97887,97,255.88
2026/10/10 23:06:08.605,GPU-deec06d9-69c0-a4df-e1da-1c42f2a60220,58443,97887,100,251.01
2026/10/10 23:06:09.136,GPU-deec06d9-69c0-a4df-e1da-1c42f2a60220,58443,97887,97,261.89
2026/10/10 23:06:09.667,GPU-deec06d9-69c0-a4df-e1da-1c42f2a60220,58443,97887,100,256.40
2026/10/10 23:06:10.195,GPU-deec06d9-69c0-a4df-e1da-1c42f2a60220,58443,97887,100,259.74
2026/10/10 23:06:10.729,GPU-deec06d9-69c0-a4df-e1da-1c42f2a60220,58443,97887,97,263.32
2026/10/10 23:06:11.271,GPU-deec06d9-69c0-a4df-e1da-1c42f2a60220,58443,97887,97,256.55
2026/10/10 23:06:11.801,GPU-deec06d9-69c0-a4df-e1da-1c42f2a60220,58443,97887,97,259.08
2026/10/10 23:06:12.332,GPU-deec06d9-69c0-a4df-e1da-1c42f2a60220,58443,97887,100,252.92
2026/10/10 23:06:12.864,GPU-deec06d9-69c0-a4df-e1da-1c42f2a60220,58443,97887,97,256.32
2026/10/10 23:06:13.393,GPU-deec06d9-69c0-a4df-e1da-1c42f2a60220,58443,97887,97,259.44
2026/10/10 23:06:13.926,GPU-deec06d9-69c0-a4df-e1da-1c42f2a60220,58443,97887,100,253.96
2026/10/10 23:06:14.461,GPU-deec06d9-69c0-a4df-e1da-1c42f2a60220,58443,97887,97,256.91
2026/10/10 23:06:14.991,GPU-deec06d9-69c0-a4df-e1da-1c42f2a60220,58443,97887,100,254.45
2026/10/10 23:06:15.523,GPU-deec06d9-69c0-a4df-e1da-1c42f2a60220,58443,97887,100,250.85
2026/10/10 23:06:16.052,GPU-deec06d9-69c0-a4df-e1da-1c42f2a60220,58443,97887,97,268.35
2026/10/10 23:06:16.583,GPU-deec06d9-69c0-a4df-e1da-1c42f2a60220,58443,97887,100,254.47
2026/10/10 23:06:17.112,GPU-deec06d9-69c0-a4df-e1da-1c42f2a60220,58443,97887,100,250.37
2026/10/10 23:06:17.644,GPU-deec06d9-69c0-a4df-e1da-1c42f2a60220,58443,97887,97,267.92
2026/10/10 23:06:18.174,GPU-deec06d9-69c0-a4df-e1da-1c42f2a60220,58443,97887,100,253.48
2026/10/10 23:06:18.704,GPU-deec06d9-69c0-a4df-e1da-1c42f2a60220,58443,97887,100,258.48
2026/10/10 23:06:19.243,GPU-deec06d9-69c0-a4df-e1da-1c42f2a60220,58443,97887,97,267.62
2026/10/10 23:06:19.781,GPU-deec06d9-69c0-a4df-e1da-1c42f2a60220,58443,97887,99,254.65
2026/10/10 23:06:20.311,GPU-deec06d9-69c0-a4df-e1da-1c42f2a60220,58443,97887,100,260.55
2026/10/10 23:06:20.845,GPU-deec06d9-69c0-a4df-e1da-1c42f2a60220,58443,97887,97,268.01
2026/10/10 23:06:21.375,GPU-deec06d9-69c0-a4df-e1da-1c42f2a60220,58443,97887,100,257.86
2026/10/10 23:06:21.905,GPU-deec06d9-69c0-a4df-e1da-1c42f2a60220,58443,97887,100,261.28
2026/10/10 23:06:22.434,GPU-deec06d9-69c0-a4df-e1da-1c42f2a60220,58443,97887,97,257.42
2026/10/10 23:06:22.964,GPU-deec06d9-69c0-a4df-e1da-1c42f2a60220,58443,97887,100,261.70
2026/10/10 23:06:23.494,GPU-deec06d9-69c0-a4df-e1da-1c42f2a60220,58443,97887,97,256.86
2026/10/10 23:06:24.024,GPU-deec06d9-69c0-a4df-e1da-1c42f2a60220,58443,97887,97,249.68
2026/10/10 23:06:24.553,GPU-deec06d9-69c0-a4df-e1da-1c42f2a60220,58443,97887,100,262.14
2026/10/10 23:06:25.086,GPU-deec06d9-69c0-a4df-e1da-1c42f2a60220,58443,97887,97,256.09
2026/10/10 23:06:25.618,GPU-deec06d9-69c0-a4df-e1da-1c42f2a60220,58443,97887,97,262.54
2026/10/10 23:06:26.147,GPU-deec06d9-69c0-a4df-e1da-1c42f2a60220,58443,97887,100,268.02
2026/10/10 23:06:26.681,GPU-deec06d9-69c0-a4df-e1da-1c42f2a60220,58443,97887,96,255.72
2026/10/10 23:06:27.213,GPU-deec06d9-69c0-a4df-e1da-1c42f2a60220,58443,97887,97,259.51
2026/10/10 23:06:27.743,GPU-deec06d9-69c0-a4df-e1da-1c42f2a60220,58443,97887,100,251.08
2026/10/10 23:06:28.272,GPU-deec06d9-69c0-a4df-e1da-1c42f2a60220,58443,97887,97,253.36
2026/10/10 23:06:28.801,GPU-deec06d9-69c0-a4df-e1da-1c42f2a60220,58443,97887,97,249.78
2026/10/10 23:06:29.333,GPU-deec06d9-69c0-a4df-e1da-1c42f2a60220,58443,97887,100,253.90
2026/10/10 23:06:29.867,GPU-deec06d9-69c0-a4df-e1da-1c42f2a60220,58443,97887,97,256.05
2026/10/10 23:06:30.401,GPU-deec06d9-69c0-a4df-e1da-1c42f2a60220,58443,97887,97,261.03
2026/10/10 23:06:30.934,GPU-deec06d9-69c0-a4df-e1da-1c42f2a60220,58443,97887,99,250.70
2026/10/10 23:06:31.468,GPU-deec06d9-69c0-a4df-e1da-1c42f2a60220,58443,97887,97,252.93
2026/10/10 23:06:32.001,GPU-deec06d9-69c0-a4df-e1da-1c42f2a60220,58443,97887,97,260.10
2026/10/10 23:06:32.531,GPU-deec06d9-69c0-a4df-e1da-1c42f2a60220,58443,97887,100,260.38
2026/10/10 23:06:33.061,GPU-deec06d9-69c0-a4df-e1da-1c42f2a60220,58443,97887,97,260.18
2026/10/10 23:06:33.599,GPU-deec06d9-69c0-a4df-e1da-1c42f2a60220,58443,97887,100,256.36
2026/10/10 23:06:34.129,GPU-deec06d9-69c0-a4df-e1da-1c42f2a60220,58443,97887,100,249.04
2026/10/10 23:06:34.661,GPU-deec06d9-69c0-a4df-e1da-1c42f2a60220,58443,97887,97,261.18
2026/10/10 23:06:35.191,GPU-deec06d9-69c0-a4df-e1da-1c42f2a60220,58443,97887,100,252.63
2026/10/10 23:06:35.721,GPU-deec06d9-69c0-a4df-e1da-1c42f2a60220,58443,97887,100,248.09
2026/10/10 23:06:36.250,GPU-deec06d9-69c0-a4df-e1da-1c42f2a60220,58443,97887,97,251.70
2026/10/10 23:06:36.782,GPU-deec06d9-69c0-a4df-e1da-1c42f2a60220,58443,97887,100,252.16
2026/10/10 23:06:37.311,GPU-deec06d9-69c0-a4df-e1da-1c42f2a60220,58443,97887,100,261.38
2026/10/10 23:06:37.843,GPU-deec06d9-69c0-a4df-e1da-1c42f2a60220,58443,97887,96,248.08
2026/10/10 23:06:38.374,GPU-deec06d9-69c0-a4df-e1da-1c42f2a60220,58443,97887,100,253.90
2026/10/10 23:06:38.905,GPU-deec06d9-69c0-a4df-e1da-1c42f2a60220,58443,97887,100,260.13
2026/10/10 23:06:39.436,GPU-deec06d9-69c0-a4df-e1da-1c42f2a60220,58443,97887,97,257.54
2026/10/10 23:06:39.966,GPU-deec06d9-69c0-a4df-e1da-1c42f2a60220,58443,97887,100,256.40
2026/10/10 23:06:40.501,GPU-deec06d9-69c0-a4df-e1da-1c42f2a60220,58443,97887,100,259.51
2026/10/10 23:06:41.031,GPU-deec06d9-69c0-a4df-e1da-1c42f2a60220,58443,97887,96,259.17
2026/10/10 23:06:41.562,GPU-deec06d9-69c0-a4df-e1da-1c42f2a60220,58443,97887,100,249.16
2026/10/10 23:06:42.093,GPU-deec06d9-69c0-a4df-e1da-1c42f2a60220,58443,97887,100,259.41
2026/10/10 23:06:42.626,GPU-deec06d9-69c0-a4df-e1da-1c42f2a60220,58443,97887,97,250.52
2026/10/10 23:06:43.158,GPU-deec06d9-69c0-a4df-e1da-1c42f2a60220,58443,97887,99,247.85
2026/10/10 23:06:43.694,GPU-deec06d9-69c0-a4df-e1da-1c42f2a60220,58443,97887,100,257.67
2026/10/10 23:06:44.227,GPU-deec06d9-69c0-a4df-e1da-1c42f2a60220,58443,97887,97,251.34
2026/10/10 23:06:44.761,GPU-deec06d9-69c0-a4df-e1da-1c42f2a60220,58443,97887,100,242.95
2026/10/10 23:06:45.292,GPU-deec06d9-69c0-a4df-e1da-1c42f2a60220,58443,97887,97,253.01
2026/10/10 23:06:45.824,GPU-deec06d9-69c0-a4df-e1da-1c42f2a60220,58443,97887,96,252.05
2026/10/10 23:06:46.359,GPU-deec06d9-69c0-a4df-e1da-1c42f2a60220,58443,97887,100,250.17
2026/10/10 23:06:46.887,GPU-deec06d9-69c0-a4df-e1da-1c42f2a60220,58443,97887,97,256.94
2026/10/10 23:06:47.418,GPU-deec06d9-69c0-a4df-e1da-1c42f2a60220,58443,97887,97,261.57
2026/10/10 23:06:47.949,GPU-deec06d9-69c0-a4df-e1da-1c42f2a60220,58443,97887,100,249.03
2026/10/10 23:06:48.483,GPU-deec06d9-69c0-a4df-e1da-1c42f2a60220,58443,97887,97,255.15
2026/10/10 23:06:49.012,GPU-deec06d9-69c0-a4df-e1da-1c42f2a60220,58443,97887,97,253.43
2026/10/10 23:06:49.542,GPU-deec06d9-69c0-a4df-e1da-1c42f2a60220,58443,97887,100,252.10
2026/10/10 23:06:50.073,GPU-deec06d9-69c0-a4df-e1da-1c42f2a60220,58443,97887,97,253.29
2026/10/10 23:06:50.607,GPU-deec06d9-69c0-a4df-e1da-1c42f2a60220,58443,97887,97,259.37
2026/10/10 23:06:51.141,GPU-deec06d9-69c0-a4df-e1da-1c42f2a60220,58443,97887,100,245.48
2026/10/10 23:06:51.673,GPU-deec06d9-69c0-a4df-e1da-1c42f2a60220,58443,97887,97,250.81
2026/10/10 23:06:52.208,GPU-deec06d9-69c0-a4df-e1da-1c42f2a60220,58443,97887,97,261.61
2026/10/10 23:06:52.742,GPU-deec06d9-69c0-a4df-e1da-1c42f2a60220,58443,97887,100,251.69
2026/10/10 23:06:53.271,GPU-deec06d9-69c0-a4df-e1da-1c42f2a60220,58443,97887,97,248.91
2026/10/10 23:06:53.819,GPU-deec06d9-69c0-a4df-e1da-1c42f2a60220,58443,97887,96,250.90
2026/10/10 23:06:54.418,GPU-deec06d9-69c0-a4df-e1da-1c42f2a60220,58443,97887,100,270.72
2026/10/10 23:06:54.946,GPU-deec06d9-69c0-a4df-e1da-1c42f2a60220,58443,97887,97,255.59
2026/10/10 23:06:55.474,GPU-deec06d9-69c0-a4df-e1da-1c42f2a60220,58443,97887,97,242.18
2026/10/10 23:06:56.018,GPU-deec06d9-69c0-a4df-e1da-1c42f2a60220,58443,97887,100,258.58
2026/10/10 23:06:56.545,GPU-deec06d9-69c0-a4df-e1da-1c42f2a60220,58443,97887,97,263.33
2026/10/10 23:06:57.073,GPU-deec06d9-69c0-a4df-e1da-1c42f2a60220,58443,97887,100,256.61
2026/10/10 23:06:57.599,GPU-deec06d9-69c0-a4df-e1da-1c42f2a60220,58443,97887,99,264.79
2026/10/10 23:06:58.126,GPU-deec06d9-69c0-a4df-e1da-1c42f2a60220,58443,97887,97,261.69
2026/10/10 23:06:58.653,GPU-deec06d9-69c0-a4df-e1da-1c42f2a60220,58443,97887,100,256.67
2026/10/10 23:06:59.185,GPU-deec06d9-69c0-a4df-e1da-1c42f2a60220,58443,97887,97,258.08
2026/10/10 23:06:59.716,GPU-deec06d9-69c0-a4df-e1da-1c42f2a60220,58443,97887,97,263.67
2026/10/10 23:07:00.242,GPU-deec06d9-69c0-a4df-e1da-1c42f2a60220,58443,97887,100,252.92
2026/10/10 23:07:00.769,GPU-deec06d9-69c0-a4df-e1da-1c42f2a60220,58443,97887,100,259.87
2026/10/10 23:07:01.298,GPU-deec06d9-69c0-a4df-e1da-1c42f2a60220,58443,97887,97,271.33
2026/10/10 23:07:01.825,GPU-deec06d9-69c0-a4df-e1da-1c42f2a60220,58443,97887,100,259.45
2026/10/10 23:07:02.351,GPU-deec06d9-69c0-a4df-e1da-1c42f2a60220,58443,97887,97,256.06
2026/10/10 23:07:02.879,GPU-deec06d9-69c0-a4df-e1da-1c42f2a60220,58443,97887,97,250.31
2026/10/10 23:07:03.407,GPU-deec06d9-69c0-a4df-e1da-1c42f2a60220,58443,97887,100,259.63
2026/10/10 23:07:03.934,GPU-deec06d9-69c0-a4df-e1da-1c42f2a60220,58443,97887,97,256.45
2026/10/10 23:07:04.462,GPU-deec06d9-69c0-a4df-e1da-1c42f2a60220,58443,97887,96,261.17
2026/10/10 23:07:04.989,GPU-deec06d9-69c0-a4df-e1da-1c42f2a60220,58443,97887,100,257.57
2026/10/10 23:07:05.517,GPU-deec06d9-69c0-a4df-e1da-1c42f2a60220,58443,97887,97,255.81
2026/10/10 23:07:06.045,GPU-deec06d9-69c0-a4df-e1da-1c42f2a60220,58443,97887,96,262.30
2026/10/10 23:07:06.574,GPU-deec06d9-69c0-a4df-e1da-1c42f2a60220,58443,97887,100,249.66
2026/10/10 23:07:07.101,GPU-deec06d9-69c0-a4df-e1da-1c42f2a60220,58443,97887,97,252.01
2026/10/10 23:07:07.629,GPU-deec06d9-69c0-a4df-e1da-1c42f2a60220,58443,97887,96,257.24
2026/10/10 23:07:08.160,GPU-deec06d9-69c0-a4df-e1da-1c42f2a60220,58443,97887,100,249.86
2026/10/10 23:07:08.689,GPU-deec06d9-69c0-a4df-e1da-1c42f2a60220,58443,97887,97,253.39
2026/10/10 23:07:09.218,GPU-deec06d9-69c0-a4df-e1da-1c42f2a60220,58443,97887,97,259.85
2026/10/10 23:07:09.746,GPU-deec06d9-69c0-a4df-e1da-1c42f2a60220,58443,97887,100,255.92
2026/10/10 23:07:10.276,GPU-deec06d9-69c0-a4df-e1da-1c42f2a60220,58443,97887,97,244.47
2026/10/10 23:07:10.818,GPU-deec06d9-69c0-a4df-e1da-1c42f2a60220,58443,97887,97,257.32
2026/10/10 23:07:11.354,GPU-deec06d9-69c0-a4df-e1da-1c42f2a60220,58443,97887,100,259.82
2026/10/10 23:07:11.881,GPU-deec06d9-69c0-a4df-e1da-1c42f2a60220,58443,97887,97,247.93
2026/10/10 23:07:12.409,GPU-deec06d9-69c0-a4df-e1da-1c42f2a60220,58443,97887,100,255.76
2026/10/10 23:07:12.940,GPU-deec06d9-69c0-a4df-e1da-1c42f2a60220,58443,97887,99,259.27
2026/10/10 23:07:13.469,GPU-deec06d9-69c0-a4df-e1da-1c42f2a60220,58443,97887,97,250.12
2026/10/10 23:07:13.999,GPU-deec06d9-69c0-a4df-e1da-1c42f2a60220,58443,97887,100,255.51
2026/10/10 23:07:14.529,GPU-deec06d9-69c0-a4df-e1da-1c42f2a60220,58443,97887,100,251.70
2026/10/10 23:07:15.059,GPU-deec06d9-69c0-a4df-e1da-1c42f2a60220,58443,97887,97,251.38
2026/10/10 23:07:15.591,GPU-deec06d9-69c0-a4df-e1da-1c42f2a60220,58443,97887,96,250.41
2026/10/10 23:07:16.120,GPU-deec06d9-69c0-a4df-e1da-1c42f2a60220,58443,97887,100,260.32
2026/10/10 23:07:16.649,GPU-deec06d9-69c0-a4df-e1da-1c42f2a60220,58443,97887,97,250.57
2026/10/10 23:07:17.179,GPU-deec06d9-69c0-a4df-e1da-1c42f2a60220,58443,97887,97,249.04
2026/10/10 23:07:17.710,GPU-deec06d9-69c0-a4df-e1da-1c42f2a60220,58443,97887,100,260.19
2026/10/10 23:07:18.241,GPU-deec06d9-69c0-a4df-e1da-1c42f2a60220,58443,97887,96,257.02
2026/10/10 23:07:18.769,GPU-deec06d9-69c0-a4df-e1da-1c42f2a60220,58443,97887,100,247.44
2026/10/10 23:07:19.300,GPU-deec06d9-69c0-a4df-e1da-1c42f2a60220,58443,97887,98,258.87
2026/10/10 23:07:19.830,GPU-deec06d9-69c0-a4df-e1da-1c42f2a60220,58443,97887,97,260.88
2026/10/10 23:07:20.359,GPU-deec06d9-69c0-a4df-e1da-1c42f2a60220,58443,97887,100,250.71
2026/10/10 23:07:20.888,GPU-deec06d9-69c0-a4df-e1da-1c42f2a60220,58443,97887,97,259.94
2026/10/10 23:07:21.420,GPU-deec06d9-69c0-a4df-e1da-1c42f2a60220,58443,97887,97,259.29
2026/10/10 23:07:21.950,GPU-deec06d9-69c0-a4df-e1da-1c42f2a60220,58443,97887,100,251.16
2026/10/10 23:07:22.481,GPU-deec06d9-69c0-a4df-e1da-1c42f2a60220,58443,97887,97,258.31
2026/10/10 23:07:23.011,GPU-deec06d9-69c0-a4df-e1da-1c42f2a60220,58443,97887,97,262.61
2026/10/10 23:07:23.543,GPU-deec06d9-69c0-a4df-e1da-1c42f2a60220,58443,97887,100,254.64
2026/10/10 23:07:24.073,GPU-deec06d9-69c0-a4df-e1da-1c42f2a60220,58443,97887,97,246.38
2026/10/10 23:07:24.605,GPU-deec06d9-69c0-a4df-e1da-1c42f2a60220,58443,97887,97,260.04
2026/10/10 23:07:25.134,GPU-deec06d9-69c0-a4df-e1da-1c42f2a60220,58443,97887,100,258.63
2026/10/10 23:07:25.663,GPU-deec06d9-69c0-a4df-e1da-1c42f2a60220,58443,97887,97,250.91
2026/10/10 23:07:26.204,GPU-deec06d9-69c0-a4df-e1da-1c42f2a60220,58443,97887,96,252.17
2026/10/10 23:07:26.734,GPU-deec06d9-69c0-a4df-e1da-1c42f2a60220,58443,97887,100,247.56
2026/10/10 23:07:27.277,GPU-deec06d9-69c0-a4df-e1da-1c42f2a60220,58443,97887,97,249.73
2026/10/10 23:07:27.809,GPU-deec06d9-69c0-a4df-e1da-1c42f2a60220,58443,97887,97,249.09
2026/10/10 23:07:28.337,GPU-deec06d9-69c0-a4df-e1da-1c42f2a60220,58443,97887,100,259.26
2026/10/10 23:07:28.867,GPU-deec06d9-69c0-a4df-e1da-1c42f2a60220,58443,97887,97,251.07
2026/10/10 23:07:29.396,GPU-deec06d9-69c0-a4df-e1da-1c42f2a60220,58443,97887,97,251.33
2026/10/10 23:07:29.925,GPU-deec06d9-69c0-a4df-e1da-1c42f2a60220,58443,97887,100,262.29
2026/10/10 23:07:30.455,GPU-deec06d9-69c0-a4df-e1da-1c42f2a60220,58443,97887,97,250.31
2026/10/10 23:07:30.983,GPU-deec06d9-69c0-a4df-e1da-1c42f2a60220,58443,97887,96,250.60
2026/10/10 23:07:31.512,GPU-deec06d9-69c0-a4df-e1da-1c42f2a60220,58443,97887,100,270.46
2026/10/10 23:07:32.043,GPU-deec06d9-69c0-a4df-e1da-1c42f2a60220,58443,97887,97,253.12
2026/10/10 23:07:32.573,GPU-deec06d9-69c0-a4df-e1da-1c42f2a60220,58443,97887,100,240.83
2026/10/10 23:07:33.103,GPU-deec06d9-69c0-a4df-e1da-1c42f2a60220,58443,97887,100,254.49
2026/10/10 23:07:33.634,GPU-deec06d9-69c0-a4df-e1da-1c42f2a60220,58443,97887,96,259.78
2026/10/10 23:07:34.163,GPU-deec06d9-69c0-a4df-e1da-1c42f2a60220,58443,97887,100,249.74
2026/10/10 23:07:34.691,GPU-deec06d9-69c0-a4df-e1da-1c42f2a60220,58443,97887,97,257.87
2026/10/10 23:07:35.220,GPU-deec06d9-69c0-a4df-e1da-1c42f2a60220,58443,97887,97,248.38
2026/10/10 23:07:35.749,GPU-deec06d9-69c0-a4df-e1da-1c42f2a60220,58443,97887,100,250.09
2026/10/10 23:07:36.279,GPU-deec06d9-69c0-a4df-e1da-1c42f2a60220,58443,97887,97,246.43
2026/10/10 23:07:36.809,GPU-deec06d9-69c0-a4df-e1da-1c42f2a60220,58443,97887,96,266.22
2026/10/10 23:07:37.341,GPU-deec06d9-69c0-a4df-e1da-1c42f2a60220,58443,97887,100,254.15
2026/10/10 23:07:37.871,GPU-deec06d9-69c0-a4df-e1da-1c42f2a60220,58443,97887,97,249.40
2026/10/10 23:07:38.400,GPU-deec06d9-69c0-a4df-e1da-1c42f2a60220,58443,97887,97,257.51
2026/10/10 23:07:38.930,GPU-deec06d9-69c0-a4df-e1da-1c42f2a60220,58443,97887,100,259.84
2026/10/10 23:07:39.460,GPU-deec06d9-69c0-a4df-e1da-1c42f2a60220,58443,97887,97,251.47
2026/10/10 23:07:39.990,GPU-deec06d9-69c0-a4df-e1da-1c42f2a60220,58443,97887,97,261.48
2026/10/10 23:07:40.522,GPU-deec06d9-69c0-a4df-e1da-1c42f2a60220,58443,97887,100,259.14
2026/10/10 23:07:41.063,GPU-deec06d9-69c0-a4df-e1da-1c42f2a60220,58443,97887,97,246.40
2026/10/10 23:07:41.591,GPU-deec06d9-69c0-a4df-e1da-1c42f2a60220,58443,97887,97,251.45
2026/10/10 23:07:42.119,GPU-deec06d9-69c0-a4df-e1da-1c42f2a60220,58443,97887,100,270.93
2026/10/10 23:07:42.649,GPU-deec06d9-69c0-a4df-e1da-1c42f2a60220,58443,97887,97,251.03
2026/10/10 23:07:43.180,GPU-deec06d9-69c0-a4df-e1da-1c42f2a60220,58443,97887,96,248.62
2026/10/10 23:07:43.712,GPU-deec06d9-69c0-a4df-e1da-1c42f2a60220,58443,97887,100,268.90
2026/10/10 23:07:44.243,GPU-deec06d9-69c0-a4df-e1da-1c42f2a60220,58443,97887,97,266.67
2026/10/10 23:07:44.774,GPU-deec06d9-69c0-a4df-e1da-1c42f2a60220,58443,97887,100,252.13
2026/10/10 23:07:45.304,GPU-deec06d9-69c0-a4df-e1da-1c42f2a60220,58443,97887,100,260.21
2026/10/10 23:07:45.836,GPU-deec06d9-69c0-a4df-e1da-1c42f2a60220,58443,97887,96,261.53
2026/10/10 23:07:46.368,GPU-deec06d9-69c0-a4df-e1da-1c42f2a60220,58443,97887,100,249.96
2026/10/10 23:07:46.901,GPU-deec06d9-69c0-a4df-e1da-1c42f2a60220,58443,97887,100,255.20
2026/10/10 23:07:47.432,GPU-deec06d9-69c0-a4df-e1da-1c42f2a60220,58443,97887,97,266.54
2026/10/10 23:07:47.964,GPU-deec06d9-69c0-a4df-e1da-1c42f2a60220,58443,97887,100,256.87
2026/10/10 23:07:48.495,GPU-deec06d9-69c0-a4df-e1da-1c42f2a60220,58443,97887,97,256.20
2026/10/10 23:07:49.025,GPU-deec06d9-69c0-a4df-e1da-1c42f2a60220,58443,97887,97,252.06
2026/10/10 23:07:49.554,GPU-deec06d9-69c0-a4df-e1da-1c42f2a60220,58443,97887,100,268.21
2026/10/10 23:07:50.084,GPU-deec06d9-69c0-a4df-e1da-1c42f2a60220,58443,97887,97,258.81
2026/10/10 23:07:50.612,GPU-deec06d9-69c0-a4df-e1da-1c42f2a60220,58443,97887,100,261.89
2026/10/10 23:07:51.143,GPU-deec06d9-69c0-a4df-e1da-1c42f2a60220,58443,97887,97,258.09
2026/10/10 23:07:51.672,GPU-deec06d9-69c0-a4df-e1da-1c42f2a60220,58443,97887,100,249.14
2026/10/10 23:07:52.201,GPU-deec06d9-69c0-a4df-e1da-1c42f2a60220,58443,97887,100,258.55
2026/10/10 23:07:52.733,GPU-deec06d9-69c0-a4df-e1da-1c42f2a60220,58443,97887,97,262.21
2026/10/10 23:07:53.267,GPU-deec06d9-69c0-a4df-e1da-1c42f2a60220,58443,97887,100,254.06
2026/10/10 23:07:53.813,GPU-deec06d9-69c0-a4df-e1da-1c42f2a60220,58443,97887,100,259.75
2026/10/10 23:07:54.341,GPU-deec06d9-69c0-a4df-e1da-1c42f2a60220,58443,97887,96,267.17
2026/10/10 23:07:54.871,GPU-deec06d9-69c0-a4df-e1da-1c42f2a60220,58443,97887,100,254.73
2026/10/10 23:07:55.416,GPU-deec06d9-69c0-a4df-e1da-1c42f2a60220,58443,97887,97,258.06
2026/10/10 23:07:55.951,GPU-deec06d9-69c0-a4df-e1da-1c42f2a60220,58443,97887,96,261.22
2026/10/10 23:07:56.479,GPU-deec06d9-69c0-a4df-e1da-1c42f2a60220,58443,97887,100,267.93
2026/10/10 23:07:57.007,GPU-deec06d9-69c0-a4df-e1da-1c42f2a60220,58443,97887,97,252.02
2026/10/10 23:07:57.535,GPU-deec06d9-69c0-a4df-e1da-1c42f2a60220,58443,97887,96,258.11
2026/10/10 23:07:58.065,GPU-deec06d9-69c0-a4df-e1da-1c42f2a60220,58443,97887,100,266.48
2026/10/10 23:07:58.594,GPU-deec06d9-69c0-a4df-e1da-1c42f2a60220,58443,97887,97,246.15
2026/10/10 23:07:59.130,GPU-deec06d9-69c0-a4df-e1da-1c42f2a60220,58443,97887,96,259.86
2026/10/10 23:07:59.661,GPU-deec06d9-69c0-a4df-e1da-1c42f2a60220,58443,97887,100,266.85
2026/10/10 23:08:00.194,GPU-deec06d9-69c0-a4df-e1da-1c42f2a60220,58443,97887,97,253.30
2026/10/10 23:08:00.724,GPU-deec06d9-69c0-a4df-e1da-1c42f2a60220,58443,97887,96,258.81
2026/10/10 23:08:01.253,GPU-deec06d9-69c0-a4df-e1da-1c42f2a60220,58443,97887,100,263.27
2026/10/10 23:08:01.784,GPU-deec06d9-69c0-a4df-e1da-1c42f2a60220,58443,97887,97,251.30
2026/10/10 23:08:02.313,GPU-deec06d9-69c0-a4df-e1da-1c42f2a60220,58443,97887,96,261.85
2026/10/10 23:08:02.844,GPU-deec06d9-69c0-a4df-e1da-1c42f2a60220,58443,97887,99,268.10
2026/10/10 23:08:03.374,GPU-deec06d9-69c0-a4df-e1da-1c42f2a60220,58443,97887,97,254.88
2026/10/10 23:08:03.905,GPU-deec06d9-69c0-a4df-e1da-1c42f2a60220,58443,97887,96,260.14
2026/10/10 23:08:04.435,GPU-deec06d9-69c0-a4df-e1da-1c42f2a60220,58443,97887,100,251.15
2026/10/10 23:08:04.967,GPU-deec06d9-69c0-a4df-e1da-1c42f2a60220,58443,97887,97,251.71
2026/10/10 23:08:05.499,GPU-deec06d9-69c0-a4df-e1da-1c42f2a60220,58443,97887,99,253.32
2026/10/10 23:08:06.028,GPU-deec06d9-69c0-a4df-e1da-1c42f2a60220,58443,97887,100,251.50
2026/10/10 23:08:06.559,GPU-deec06d9-69c0-a4df-e1da-1c42f2a60220,58443,97887,97,259.89
2026/10/10 23:08:07.088,GPU-deec06d9-69c0-a4df-e1da-1c42f2a60220,58443,97887,100,257.71
2026/10/10 23:08:07.620,GPU-deec06d9-69c0-a4df-e1da-1c42f2a60220,58443,97887,100,251.45
2026/10/10 23:08:08.148,GPU-deec06d9-69c0-a4df-e1da-1c42f2a60220,58443,97887,97,259.55
2026/10/10 23:08:08.681,GPU-deec06d9-69c0-a4df-e1da-1c42f2a60220,58443,97887,100,252.88
2026/10/10 23:08:09.212,GPU-deec06d9-69c0-a4df-e1da-1c42f2a60220,58443,97887,100,262.08
2026/10/10 23:08:09.742,GPU-deec06d9-69c0-a4df-e1da-1c42f2a60220,58443,97887,97,252.12
2026/10/10 23:08:10.273,GPU-deec06d9-69c0-a4df-e1da-1c42f2a60220,58443,97887,100,256.18
2026/10/10 23:08:10.819,GPU-deec06d9-69c0-a4df-e1da-1c42f2a60220,58443,97887,100,261.92
2026/10/10 23:08:11.348,GPU-deec06d9-69c0-a4df-e1da-1c42f2a60220,58443,97887,97,258.08
2026/10/10 23:08:11.877,GPU-deec06d9-69c0-a4df-e1da-1c42f2a60220,58443,97887,100,259.55
2026/10/10 23:08:12.404,GPU-deec06d9-69c0-a4df-e1da-1c42f2a60220,58443,97887,97,257.02
2026/10/10 23:08:12.931,GPU-deec06d9-69c0-a4df-e1da-1c42f2a60220,58443,97887,97,259.57
2026/10/10 23:08:13.459,GPU-deec06d9-69c0-a4df-e1da-1c42f2a60220,58443,97887,100,259.02
2026/10/10 23:08:13.987,GPU-deec06d9-69c0-a4df-e1da-1c42f2a60220,58443,97887,97,250.31
2026/10/10 23:08:14.516,GPU-deec06d9-69c0-a4df-e1da-1c42f2a60220,58443,97887,97,257.59
2026/10/10 23:08:15.045,GPU-deec06d9-69c0-a4df-e1da-1c42f2a60220,58443,97887,100,260.70
2026/10/10 23:08:15.573,GPU-deec06d9-69c0-a4df-e1da-1c42f2a60220,58443,97887,97,267.06
2026/10/10 23:08:16.103,GPU-deec06d9-69c0-a4df-e1da-1c42f2a60220,58443,97887,100,255.01
2026/10/10 23:08:16.635,GPU-deec06d9-69c0-a4df-e1da-1c42f2a60220,58443,97887,100,261.08
2026/10/10 23:08:17.164,GPU-deec06d9-69c0-a4df-e1da-1c42f2a60220,58443,97887,97,268.23
2026/10/10 23:08:17.693,GPU-deec06d9-69c0-a4df-e1da-1c42f2a60220,58443,97887,100,259.26
2026/10/10 23:08:18.223,GPU-deec06d9-69c0-a4df-e1da-1c42f2a60220,58443,97887,100,264.38
2026/10/10 23:08:18.752,GPU-deec06d9-69c0-a4df-e1da-1c42f2a60220,58443,97887,97,251.83
2026/10/10 23:08:19.281,GPU-deec06d9-69c0-a4df-e1da-1c42f2a60220,58443,97887,100,254.24
2026/10/10 23:08:19.810,GPU-deec06d9-69c0-a4df-e1da-1c42f2a60220,58443,97887,100,259.11
2026/10/10 23:08:20.342,GPU-deec06d9-69c0-a4df-e1da-1c42f2a60220,58443,97887,96,252.75
2026/10/10 23:08:20.871,GPU-deec06d9-69c0-a4df-e1da-1c42f2a60220,58443,97887,100,261.08
2026/10/10 23:08:21.401,GPU-deec06d9-69c0-a4df-e1da-1c42f2a60220,58443,97887,97,252.73
2026/10/10 23:08:22.018,GPU-deec06d9-69c0-a4df-e1da-1c42f2a60220,58443,97887,97,256.56
2026/10/10 23:08:22.548,GPU-deec06d9-69c0-a4df-e1da-1c42f2a60220,58443,97887,100,268.48
2026/10/10 23:08:23.078,GPU-deec06d9-69c0-a4df-e1da-1c42f2a60220,58443,97887,97,250.54
2026/10/10 23:08:23.605,GPU-deec06d9-69c0-a4df-e1da-1c42f2a60220,58443,97887,97,253.35
2026/10/10 23:08:24.134,GPU-deec06d9-69c0-a4df-e1da-1c42f2a60220,58443,97887,100,267.32
2026/10/10 23:08:24.662,GPU-deec06d9-69c0-a4df-e1da-1c42f2a60220,58443,97887,97,251.42
2026/10/10 23:08:25.191,GPU-deec06d9-69c0-a4df-e1da-1c42f2a60220,58443,97887,97,248.45
2026/10/10 23:08:25.718,GPU-deec06d9-69c0-a4df-e1da-1c42f2a60220,58443,97887,100,264.56
2026/10/10 23:08:26.245,GPU-deec06d9-69c0-a4df-e1da-1c42f2a60220,58443,97887,97,251.34
2026/10/10 23:08:26.777,GPU-deec06d9-69c0-a4df-e1da-1c42f2a60220,58443,97887,99,242.12
2026/10/10 23:08:27.305,GPU-deec06d9-69c0-a4df-e1da-1c42f2a60220,58443,97887,100,267.26
2026/10/10 23:08:27.832,GPU-deec06d9-69c0-a4df-e1da-1c42f2a60220,58443,97887,98,266.78
2026/10/10 23:08:28.359,GPU-deec06d9-69c0-a4df-e1da-1c42f2a60220,58443,97887,100,256.06
2026/10/10 23:08:28.887,GPU-deec06d9-69c0-a4df-e1da-1c42f2a60220,58443,97887,97,252.21
2026/10/10 23:08:29.415,GPU-deec06d9-69c0-a4df-e1da-1c42f2a60220,58443,97887,98,255.17
2026/10/10 23:08:29.944,GPU-deec06d9-69c0-a4df-e1da-1c42f2a60220,58443,97887,99,261.92
2026/10/10 23:08:30.471,GPU-deec06d9-69c0-a4df-e1da-1c42f2a60220,58443,97887,98,262.92
2026/10/10 23:08:30.999,GPU-deec06d9-69c0-a4df-e1da-1c42f2a60220,58443,97887,99,268.40
2026/10/10 23:08:31.532,GPU-deec06d9-69c0-a4df-e1da-1c42f2a60220,58443,97887,99,270.78
2026/10/10 23:08:32.061,GPU-deec06d9-69c0-a4df-e1da-1c42f2a60220,58443,97887,98,266.38
2026/10/10 23:08:32.594,GPU-deec06d9-69c0-a4df-e1da-1c42f2a60220,58443,97887,98,262.59
2026/10/10 23:08:33.123,GPU-deec06d9-69c0-a4df-e1da-1c42f2a60220,58443,97887,98,267.07
2026/10/10 23:08:33.652,GPU-deec06d9-69c0-a4df-e1da-1c42f2a60220,58443,97887,99,271.02
2026/10/10 23:08:34.181,GPU-deec06d9-69c0-a4df-e1da-1c42f2a60220,58443,97887,98,269.01
2026/10/10 23:08:34.712,GPU-deec06d9-69c0-a4df-e1da-1c42f2a60220,58443,97887,98,272.51
2026/10/10 23:08:35.244,GPU-deec06d9-69c0-a4df-e1da-1c42f2a60220,58443,97887,98,263.17
2026/10/10 23:08:35.776,GPU-deec06d9-69c0-a4df-e1da-1c42f2a60220,58443,97887,98,268.18
2026/10/10 23:08:36.306,GPU-deec06d9-69c0-a4df-e1da-1c42f2a60220,58443,97887,98,271.97
2026/10/10 23:08:36.835,GPU-deec06d9-69c0-a4df-e1da-1c42f2a60220,58443,97887,98,262.95
2026/10/10 23:08:37.367,GPU-deec06d9-69c0-a4df-e1da-1c42f2a60220,58443,97887,99,283.38
2026/10/10 23:08:37.902,GPU-deec06d9-69c0-a4df-e1da-1c42f2a60220,58443,97887,97,283.26
2026/10/10 23:08:38.432,GPU-deec06d9-69c0-a4df-e1da-1c42f2a60220,58443,97887,99,265.07
2026/10/10 23:08:38.962,GPU-deec06d9-69c0-a4df-e1da-1c42f2a60220,58443,97887,98,262.25
2026/10/10 23:08:39.492,GPU-deec06d9-69c0-a4df-e1da-1c42f2a60220,58443,97887,98,282.16
2026/10/10 23:08:40.021,GPU-deec06d9-69c0-a4df-e1da-1c42f2a60220,58443,97887,99,265.77
2026/10/10 23:08:40.557,GPU-deec06d9-69c0-a4df-e1da-1c42f2a60220,58443,97887,99,234.91
2026/10/10 23:08:41.086,GPU-deec06d9-69c0-a4df-e1da-1c42f2a60220,58443,97887,99,238.78
2026/10/10 23:08:41.616,GPU-deec06d9-69c0-a4df-e1da-1c42f2a60220,58443,97887,99,246.63
2026/10/10 23:08:42.150,GPU-deec06d9-69c0-a4df-e1da-1c42f2a60220,58443,97887,99,252.34
2026/10/10 23:08:42.691,GPU-deec06d9-69c0-a4df-e1da-1c42f2a60220,58443,97887,98,243.93
2026/10/10 23:08:43.224,GPU-deec06d9-69c0-a4df-e1da-1c42f2a60220,58443,97887,98,237.57
2026/10/10 23:08:43.759,GPU-deec06d9-69c0-a4df-e1da-1c42f2a60220,58443,97887,98,248.44
2026/10/10 23:08:44.292,GPU-deec06d9-69c0-a4df-e1da-1c42f2a60220,58443,97887,98,247.75
2026/10/10 23:08:44.825,GPU-deec06d9-69c0-a4df-e1da-1c42f2a60220,58443,97887,98,241.70
2026/10/10 23:08:45.358,GPU-deec06d9-69c0-a4df-e1da-1c42f2a60220,58443,97887,100,252.98
2026/10/10 23:08:45.889,GPU-deec06d9-69c0-a4df-e1da-1c42f2a60220,58443,97887,99,240.07
2026/10/10 23:08:46.418,GPU-deec06d9-69c0-a4df-e1da-1c42f2a60220,58443,97887,99,246.91
2026/10/10 23:08:46.946,GPU-deec06d9-69c0-a4df-e1da-1c42f2a60220,58443,97887,98,248.91
2026/10/10 23:08:47.475,GPU-deec06d9-69c0-a4df-e1da-1c42f2a60220,58443,97887,99,243.59
2026/10/10 23:08:48.004,GPU-deec06d9-69c0-a4df-e1da-1c42f2a60220,58443,97887,98,245.31
2026/10/10 23:08:48.539,GPU-deec06d9-69c0-a4df-e1da-1c42f2a60220,58443,97887,100,245.99
2026/10/10 23:08:49.073,GPU-deec06d9-69c0-a4df-e1da-1c42f2a60220,58443,97887,98,250.51
2026/10/10 23:08:49.602,GPU-deec06d9-69c0-a4df-e1da-1c42f2a60220,58443,97887,100,249.80
2026/10/10 23:08:50.136,GPU-deec06d9-69c0-a4df-e1da-1c42f2a60220,58443,97887,99,245.04
2026/10/10 23:08:50.666,GPU-deec06d9-69c0-a4df-e1da-1c42f2a60220,58443,97887,100,250.10
2026/10/10 23:08:51.195,GPU-deec06d9-69c0-a4df-e1da-1c42f2a60220,58443,97887,99,257.04
2026/10/10 23:08:51.724,GPU-deec06d9-69c0-a4df-e1da-1c42f2a60220,58443,97887,98,249.74
2026/10/10 23:08:52.255,GPU-deec06d9-69c0-a4df-e1da-1c42f2a60220,58443,97887,99,250.36
2026/10/10 23:08:52.808,GPU-deec06d9-69c0-a4df-e1da-1c42f2a60220,58443,97887,98,257.28
2026/10/10 23:08:53.337,GPU-deec06d9-69c0-a4df-e1da-1c42f2a60220,58443,97887,98,249.30
2026/10/10 23:08:53.867,GPU-deec06d9-69c0-a4df-e1da-1c42f2a60220,58443,97887,99,252.13
2026/10/10 23:08:54.399,GPU-deec06d9-69c0-a4df-e1da-1c42f2a60220,58443,97887,98,257.12
2026/10/10 23:08:54.928,GPU-deec06d9-69c0-a4df-e1da-1c42f2a60220,58443,97887,98,243.50
2026/10/10 23:08:55.459,GPU-deec06d9-69c0-a4df-e1da-1c42f2a60220,58443,97887,99,249.09
2026/10/10 23:08:55.991,GPU-deec06d9-69c0-a4df-e1da-1c42f2a60220,58443,97887,98,249.92
2026/10/10 23:08:56.524,GPU-deec06d9-69c0-a4df-e1da-1c42f2a60220,58443,97887,98,241.46
2026/10/10 23:08:57.052,GPU-deec06d9-69c0-a4df-e1da-1c42f2a60220,58443,97887,99,249.77
2026/10/10 23:08:57.581,GPU-deec06d9-69c0-a4df-e1da-1c42f2a60220,58443,97887,99,250.22
2026/10/10 23:08:58.112,GPU-deec06d9-69c0-a4df-e1da-1c42f2a60220,58443,97887,98,254.38
2026/10/10 23:08:58.643,GPU-deec06d9-69c0-a4df-e1da-1c42f2a60220,58443,97887,99,259.31
2026/10/10 23:08:59.172,GPU-deec06d9-69c0-a4df-e1da-1c42f2a60220,58443,97887,99,260.64
2026/10/10 23:08:59.703,GPU-deec06d9-69c0-a4df-e1da-1c42f2a60220,58443,97887,99,244.93
2026/10/10 23:09:00.231,GPU-deec06d9-69c0-a4df-e1da-1c42f2a60220,58443,97887,100,234.94
2026/10/10 23:09:00.758,GPU-deec06d9-69c0-a4df-e1da-1c42f2a60220,58443,97887,100,242.75
2026/10/10 23:09:01.286,GPU-deec06d9-69c0-a4df-e1da-1c42f2a60220,58443,97887,98,233.50
2026/10/10 23:09:01.814,GPU-deec06d9-69c0-a4df-e1da-1c42f2a60220,58443,97887,98,236.93
2026/10/10 23:09:02.342,GPU-deec06d9-69c0-a4df-e1da-1c42f2a60220,58443,97887,98,234.43
2026/10/10 23:09:02.870,GPU-deec06d9-69c0-a4df-e1da-1c42f2a60220,58443,97887,99,241.47
2026/10/10 23:09:03.398,GPU-deec06d9-69c0-a4df-e1da-1c42f2a60220,58443,97887,99,236.38
2026/10/10 23:09:03.926,GPU-deec06d9-69c0-a4df-e1da-1c42f2a60220,58443,97887,99,250.47
2026/10/10 23:09:04.454,GPU-deec06d9-69c0-a4df-e1da-1c42f2a60220,58443,97887,100,248.04
2026/10/10 23:09:04.983,GPU-deec06d9-69c0-a4df-e1da-1c42f2a60220,58443,97887,97,263.23
2026/10/10 23:09:05.513,GPU-deec06d9-69c0-a4df-e1da-1c42f2a60220,58443,97887,98,252.56
2026/10/10 23:09:06.041,GPU-deec06d9-69c0-a4df-e1da-1c42f2a60220,58443,97887,99,245.65
2026/10/10 23:09:06.570,GPU-deec06d9-69c0-a4df-e1da-1c42f2a60220,58443,97887,99,240.93
2026/10/10 23:09:07.098,GPU-deec06d9-69c0-a4df-e1da-1c42f2a60220,58443,97887,99,247.87
2026/10/10 23:09:07.626,GPU-deec06d9-69c0-a4df-e1da-1c42f2a60220,58443,97887,98,251.91
2026/10/10 23:09:08.162,GPU-deec06d9-69c0-a4df-e1da-1c42f2a60220,58443,97887,98,241.14
2026/10/10 23:09:08.691,GPU-deec06d9-69c0-a4df-e1da-1c42f2a60220,58443,97887,99,253.00
2026/10/10 23:09:09.219,GPU-deec06d9-69c0-a4df-e1da-1c42f2a60220,58443,97887,100,257.74
2026/10/10 23:09:09.747,GPU-deec06d9-69c0-a4df-e1da-1c42f2a60220,58443,97887,99,247.83
2026/10/10 23:09:10.290,GPU-deec06d9-69c0-a4df-e1da-1c42f2a60220,58443,97887,98,250.90
2026/10/10 23:09:10.832,GPU-deec06d9-69c0-a4df-e1da-1c42f2a60220,58443,97887,99,253.89
2026/10/10 23:09:11.360,GPU-deec06d9-69c0-a4df-e1da-1c42f2a60220,58443,97887,100,252.24
2026/10/10 23:09:11.892,GPU-deec06d9-69c0-a4df-e1da-1c42f2a60220,58443,97887,98,252.90
2026/10/10 23:09:12.421,GPU-deec06d9-69c0-a4df-e1da-1c42f2a60220,58443,97887,98,252.56
2026/10/10 23:09:12.951,GPU-deec06d9-69c0-a4df-e1da-1c42f2a60220,58443,97887,99,246.83
2026/10/10 23:09:13.481,GPU-deec06d9-69c0-a4df-e1da-1c42f2a60220,58443,97887,100,243.80
2026/10/10 23:09:14.008,GPU-deec06d9-69c0-a4df-e1da-1c42f2a60220,58443,97887,98,251.33
2026/10/10 23:09:14.539,GPU-deec06d9-69c0-a4df-e1da-1c42f2a60220,58443,97887,99,246.53
2026/10/10 23:09:15.067,GPU-deec06d9-69c0-a4df-e1da-1c42f2a60220,58443,97887,100,251.98
2026/10/10 23:09:15.605,GPU-deec06d9-69c0-a4df-e1da-1c42f2a60220,58443,97887,98,250.60
2026/10/10 23:09:16.134,GPU-deec06d9-69c0-a4df-e1da-1c42f2a60220,58443,97887,99,250.05
2026/10/10 23:09:16.663,GPU-deec06d9-69c0-a4df-e1da-1c42f2a60220,58443,97887,100,249.35
2026/10/10 23:09:17.193,GPU-deec06d9-69c0-a4df-e1da-1c42f2a60220,58443,97887,98,249.38
2026/10/10 23:09:17.723,GPU-deec06d9-69c0-a4df-e1da-1c42f2a60220,58443,97887,98,246.02
2026/10/10 23:09:18.251,GPU-deec06d9-69c0-a4df-e1da-1c42f2a60220,58443,97887,100,245.72
2026/10/10 23:09:18.780,GPU-deec06d9-69c0-a4df-e1da-1c42f2a60220,58443,97887,98,247.45
2026/10/10 23:09:19.308,GPU-deec06d9-69c0-a4df-e1da-1c42f2a60220,58443,97887,99,258.49
2026/10/10 23:09:19.839,GPU-deec06d9-69c0-a4df-e1da-1c42f2a60220,58443,97887,100,248.80
2026/10/10 23:09:20.365,GPU-deec06d9-69c0-a4df-e1da-1c42f2a60220,58443,97887,98,249.50
2026/10/10 23:09:20.894,GPU-deec06d9-69c0-a4df-e1da-1c42f2a60220,58443,97887,100,257.16
2026/10/10 23:09:21.423,GPU-deec06d9-69c0-a4df-e1da-1c42f2a60220,58443,97887,100,250.34
2026/10/10 23:09:21.956,GPU-deec06d9-69c0-a4df-e1da-1c42f2a60220,58443,97887,98,250.98
2026/10/10 23:09:22.485,GPU-deec06d9-69c0-a4df-e1da-1c42f2a60220,58443,97887,100,248.39
2026/10/10 23:09:23.013,GPU-deec06d9-69c0-a4df-e1da-1c42f2a60220,58443,97887,98,248.21
2026/10/10 23:09:23.543,GPU-deec06d9-69c0-a4df-e1da-1c42f2a60220,58443,97887,99,247.87
2026/10/10 23:09:24.071,GPU-deec06d9-69c0-a4df-e1da-1c42f2a60220,58443,97887,100,249.43
2026/10/10 23:09:24.600,GPU-deec06d9-69c0-a4df-e1da-1c42f2a60220,58443,97887,98,248.60
2026/10/10 23:09:25.128,GPU-deec06d9-69c0-a4df-e1da-1c42f2a60220,58443,97887,99,254.21
2026/10/10 23:09:25.661,GPU-deec06d9-69c0-a4df-e1da-1c42f2a60220,58443,97887,98,251.30
2026/10/10 23:09:26.201,GPU-deec06d9-69c0-a4df-e1da-1c42f2a60220,58443,97887,99,246.77
2026/10/10 23:09:26.748,GPU-deec06d9-69c0-a4df-e1da-1c42f2a60220,58443,97887,99,249.72
2026/10/10 23:09:27.285,GPU-deec06d9-69c0-a4df-e1da-1c42f2a60220,58443,97887,99,251.14
2026/10/10 23:09:27.814,GPU-deec06d9-69c0-a4df-e1da-1c42f2a60220,58443,97887,100,260.34
2026/10/10 23:09:28.343,GPU-deec06d9-69c0-a4df-e1da-1c42f2a60220,58443,97887,98,254.27
2026/10/10 23:09:28.872,GPU-deec06d9-69c0-a4df-e1da-1c42f2a60220,58443,97887,100,249.36
2026/10/10 23:09:29.401,GPU-deec06d9-69c0-a4df-e1da-1c42f2a60220,58443,97887,98,247.35
2026/10/10 23:09:29.929,GPU-deec06d9-69c0-a4df-e1da-1c42f2a60220,58443,97887,99,257.04
2026/10/10 23:09:30.459,GPU-deec06d9-69c0-a4df-e1da-1c42f2a60220,58443,97887,99,249.68
2026/10/10 23:09:30.992,GPU-deec06d9-69c0-a4df-e1da-1c42f2a60220,58443,97887,99,251.19
2026/10/10 23:09:31.519,GPU-deec06d9-69c0-a4df-e1da-1c42f2a60220,58443,97887,98,258.70
2026/10/10 23:09:32.047,GPU-deec06d9-69c0-a4df-e1da-1c42f2a60220,58443,97887,98,245.99
2026/10/10 23:09:32.575,GPU-deec06d9-69c0-a4df-e1da-1c42f2a60220,58443,97887,100,243.41
2026/10/10 23:09:33.104,GPU-deec06d9-69c0-a4df-e1da-1c42f2a60220,58443,97887,99,242.86
2026/10/10 23:09:33.638,GPU-deec06d9-69c0-a4df-e1da-1c42f2a60220,58443,97887,100,251.11
2026/10/10 23:09:34.167,GPU-deec06d9-69c0-a4df-e1da-1c42f2a60220,58443,97887,98,251.76
2026/10/10 23:09:34.695,GPU-deec06d9-69c0-a4df-e1da-1c42f2a60220,58443,97887,99,253.28
2026/10/10 23:09:35.223,GPU-deec06d9-69c0-a4df-e1da-1c42f2a60220,58443,97887,99,261.99
2026/10/10 23:09:35.751,GPU-deec06d9-69c0-a4df-e1da-1c42f2a60220,58443,97887,100,244.70
2026/10/10 23:09:36.279,GPU-deec06d9-69c0-a4df-e1da-1c42f2a60220,58443,97887,99,249.47
2026/10/10 23:09:36.809,GPU-deec06d9-69c0-a4df-e1da-1c42f2a60220,58443,97887,99,254.85
2026/10/10 23:09:37.338,GPU-deec06d9-69c0-a4df-e1da-1c42f2a60220,58443,97887,99,262.59
2026/10/10 23:09:37.871,GPU-deec06d9-69c0-a4df-e1da-1c42f2a60220,58443,97887,99,259.94
2026/10/10 23:09:38.400,GPU-deec06d9-69c0-a4df-e1da-1c42f2a60220,58443,97887,100,260.33
2026/10/10 23:09:38.929,GPU-deec06d9-69c0-a4df-e1da-1c42f2a60220,58443,97887,99,255.71
2026/10/10 23:09:39.458,GPU-deec06d9-69c0-a4df-e1da-1c42f2a60220,58443,97887,100,253.95
2026/10/10 23:09:39.986,GPU-deec06d9-69c0-a4df-e1da-1c42f2a60220,58443,97887,98,245.08
2026/10/10 23:09:40.513,GPU-deec06d9-69c0-a4df-e1da-1c42f2a60220,58443,97887,99,249.59
2026/10/10 23:09:41.042,GPU-deec06d9-69c0-a4df-e1da-1c42f2a60220,58443,97887,99,248.38
2026/10/10 23:09:41.571,GPU-deec06d9-69c0-a4df-e1da-1c42f2a60220,58443,97887,99,251.81
2026/10/10 23:09:42.100,GPU-deec06d9-69c0-a4df-e1da-1c42f2a60220,58443,97887,100,247.90
2026/10/10 23:09:42.631,GPU-deec06d9-69c0-a4df-e1da-1c42f2a60220,58443,97887,99,246.95
2026/10/10 23:09:43.161,GPU-deec06d9-69c0-a4df-e1da-1c42f2a60220,58443,97887,100,262.79
2026/10/10 23:09:43.691,GPU-deec06d9-69c0-a4df-e1da-1c42f2a60220,58443,97887,99,256.79
2026/10/10 23:09:44.221,GPU-deec06d9-69c0-a4df-e1da-1c42f2a60220,58443,97887,100,262.31
2026/10/10 23:09:44.750,GPU-deec06d9-69c0-a4df-e1da-1c42f2a60220,58443,97887,99,246.16
2026/10/10 23:09:45.278,GPU-deec06d9-69c0-a4df-e1da-1c42f2a60220,58443,97887,100,253.82
2026/10/10 23:09:45.809,GPU-deec06d9-69c0-a4df-e1da-1c42f2a60220,58443,97887,99,255.10
2026/10/10 23:09:46.338,GPU-deec06d9-69c0-a4df-e1da-1c42f2a60220,58443,97887,99,256.48
2026/10/10 23:09:46.869,GPU-deec06d9-69c0-a4df-e1da-1c42f2a60220,58443,97887,99,258.86
2026/10/10 23:09:47.407,GPU-deec06d9-69c0-a4df-e1da-1c42f2a60220,58443,97887,98,252.71
2026/10/10 23:09:47.941,GPU-deec06d9-69c0-a4df-e1da-1c42f2a60220,58443,97887,100,256.49
2026/10/10 23:09:48.470,GPU-deec06d9-69c0-a4df-e1da-1c42f2a60220,58443,97887,99,262.31
2026/10/10 23:09:49.003,GPU-deec06d9-69c0-a4df-e1da-1c42f2a60220,58443,97887,100,255.92
2026/10/10 23:09:49.531,GPU-deec06d9-69c0-a4df-e1da-1c42f2a60220,58443,97887,99,262.04
2026/10/10 23:09:50.061,GPU-deec06d9-69c0-a4df-e1da-1c42f2a60220,58443,97887,100,253.55
2026/10/10 23:09:50.590,GPU-deec06d9-69c0-a4df-e1da-1c42f2a60220,58443,97887,99,249.91
2026/10/10 23:09:51.119,GPU-deec06d9-69c0-a4df-e1da-1c42f2a60220,58443,97887,99,255.59
2026/10/10 23:09:51.647,GPU-deec06d9-69c0-a4df-e1da-1c42f2a60220,58443,97887,100,255.08
2026/10/10 23:09:52.178,GPU-deec06d9-69c0-a4df-e1da-1c42f2a60220,58443,97887,98,257.56
2026/10/10 23:09:52.707,GPU-deec06d9-69c0-a4df-e1da-1c42f2a60220,58443,97887,100,248.52
2026/10/10 23:09:53.236,GPU-deec06d9-69c0-a4df-e1da-1c42f2a60220,58443,97887,99,253.79
2026/10/10 23:09:53.765,GPU-deec06d9-69c0-a4df-e1da-1c42f2a60220,58443,97887,100,259.85
2026/10/10 23:09:54.301,GPU-deec06d9-69c0-a4df-e1da-1c42f2a60220,58443,97887,100,253.79
2026/10/10 23:09:54.834,GPU-deec06d9-69c0-a4df-e1da-1c42f2a60220,58443,97887,99,256.12
2026/10/10 23:09:55.365,GPU-deec06d9-69c0-a4df-e1da-1c42f2a60220,58443,97887,100,252.84
2026/10/10 23:09:55.895,GPU-deec06d9-69c0-a4df-e1da-1c42f2a60220,58443,97887,99,252.53
2026/10/10 23:09:56.426,GPU-deec06d9-69c0-a4df-e1da-1c42f2a60220,58443,97887,96,255.48
2026/10/10 23:09:56.961,GPU-deec06d9-69c0-a4df-e1da-1c42f2a60220,58443,97887,100,253.27
2026/10/10 23:09:57.493,GPU-deec06d9-69c0-a4df-e1da-1c42f2a60220,58443,97887,97,256.66
2026/10/10 23:09:58.023,GPU-deec06d9-69c0-a4df-e1da-1c42f2a60220,58443,97887,97,253.22
2026/10/10 23:09:58.556,GPU-deec06d9-69c0-a4df-e1da-1c42f2a60220,58443,97887,100,269.10
2026/10/10 23:09:59.085,GPU-deec06d9-69c0-a4df-e1da-1c42f2a60220,58443,97887,97,260.65
2026/10/10 23:09:59.615,GPU-deec06d9-69c0-a4df-e1da-1c42f2a60220,58443,97887,97,255.57
2026/10/10 23:10:00.144,GPU-deec06d9-69c0-a4df-e1da-1c42f2a60220,58443,97887,100,250.35
2026/10/10 23:10:00.674,GPU-deec06d9-69c0-a4df-e1da-1c42f2a60220,58443,97887,97,254.28
2026/10/10 23:10:01.204,GPU-deec06d9-69c0-a4df-e1da-1c42f2a60220,58443,97887,98,259.91
2026/10/10 23:10:01.788,GPU-deec06d9-69c0-a4df-e1da-1c42f2a60220,58443,97887,100,262.42
2026/10/10 23:10:02.318,GPU-deec06d9-69c0-a4df-e1da-1c42f2a60220,58443,97887,97,260.79
2026/10/10 23:10:02.846,GPU-deec06d9-69c0-a4df-e1da-1c42f2a60220,58443,97887,100,254.73
2026/10/10 23:10:03.375,GPU-deec06d9-69c0-a4df-e1da-1c42f2a60220,58443,97887,100,262.09
2026/10/10 23:10:03.904,GPU-deec06d9-69c0-a4df-e1da-1c42f2a60220,58443,97887,97,266.42
2026/10/10 23:10:04.433,GPU-deec06d9-69c0-a4df-e1da-1c42f2a60220,58443,97887,100,252.62
2026/10/10 23:10:04.978,GPU-deec06d9-69c0-a4df-e1da-1c42f2a60220,58443,97887,97,260.27
2026/10/10 23:10:05.507,GPU-deec06d9-69c0-a4df-e1da-1c42f2a60220,58443,97887,97,267.70
2026/10/10 23:10:06.036,GPU-deec06d9-69c0-a4df-e1da-1c42f2a60220,58443,97887,100,249.62
2026/10/10 23:10:06.567,GPU-deec06d9-69c0-a4df-e1da-1c42f2a60220,58443,97887,97,258.02
2026/10/10 23:10:07.097,GPU-deec06d9-69c0-a4df-e1da-1c42f2a60220,58443,97887,97,267.88
2026/10/10 23:10:07.625,GPU-deec06d9-69c0-a4df-e1da-1c42f2a60220,58443,97887,100,257.37
2026/10/10 23:10:08.153,GPU-deec06d9-69c0-a4df-e1da-1c42f2a60220,58443,97887,100,263.26
2026/10/10 23:10:08.682,GPU-deec06d9-69c0-a4df-e1da-1c42f2a60220,58443,97887,97,268.39
2026/10/10 23:10:09.211,GPU-deec06d9-69c0-a4df-e1da-1c42f2a60220,58443,97887,100,253.67
2026/10/10 23:10:09.741,GPU-deec06d9-69c0-a4df-e1da-1c42f2a60220,58443,97887,98,257.30
2026/10/10 23:10:10.269,GPU-deec06d9-69c0-a4df-e1da-1c42f2a60220,58443,97887,96,268.04
2026/10/10 23:10:10.806,GPU-deec06d9-69c0-a4df-e1da-1c42f2a60220,58443,97887,99,259.92
2026/10/10 23:10:11.344,GPU-deec06d9-69c0-a4df-e1da-1c42f2a60220,58443,97887,97,252.99
2026/10/10 23:10:11.875,GPU-deec06d9-69c0-a4df-e1da-1c42f2a60220,58443,97887,95,264.02
2026/10/10 23:10:12.405,GPU-deec06d9-69c0-a4df-e1da-1c42f2a60220,58443,97887,100,261.77
2026/10/10 23:10:12.933,GPU-deec06d9-69c0-a4df-e1da-1c42f2a60220,58443,97887,97,252.20
2026/10/10 23:10:13.462,GPU-deec06d9-69c0-a4df-e1da-1c42f2a60220,58443,97887,96,246.65
2026/10/10 23:10:13.990,GPU-deec06d9-69c0-a4df-e1da-1c42f2a60220,58443,97887,100,264.54
2026/10/10 23:10:14.519,GPU-deec06d9-69c0-a4df-e1da-1c42f2a60220,58443,97887,97,255.10
2026/10/10 23:10:15.048,GPU-deec06d9-69c0-a4df-e1da-1c42f2a60220,58443,97887,96,261.70
2026/10/10 23:10:15.579,GPU-deec06d9-69c0-a4df-e1da-1c42f2a60220,58443,97887,100,267.46
2026/10/10 23:10:16.107,GPU-deec06d9-69c0-a4df-e1da-1c42f2a60220,58443,97887,97,254.87
2026/10/10 23:10:16.637,GPU-deec06d9-69c0-a4df-e1da-1c42f2a60220,58443,97887,97,260.80
2026/10/10 23:10:17.164,GPU-deec06d9-69c0-a4df-e1da-1c42f2a60220,58443,97887,100,251.04
2026/10/10 23:10:17.694,GPU-deec06d9-69c0-a4df-e1da-1c42f2a60220,58443,97887,97,252.18
2026/10/10 23:10:18.222,GPU-deec06d9-69c0-a4df-e1da-1c42f2a60220,58443,97887,97,257.09
2026/10/10 23:10:18.751,GPU-deec06d9-69c0-a4df-e1da-1c42f2a60220,58443,97887,100,258.28
2026/10/10 23:10:19.279,GPU-deec06d9-69c0-a4df-e1da-1c42f2a60220,58443,97887,97,260.04
2026/10/10 23:10:19.810,GPU-deec06d9-69c0-a4df-e1da-1c42f2a60220,58443,97887,98,258.10
2026/10/10 23:10:20.340,GPU-deec06d9-69c0-a4df-e1da-1c42f2a60220,58443,97887,100,253.89
2026/10/10 23:10:20.870,GPU-deec06d9-69c0-a4df-e1da-1c42f2a60220,58443,97887,97,251.29
2026/10/10 23:10:21.400,GPU-deec06d9-69c0-a4df-e1da-1c42f2a60220,58443,97887,100,253.53
2026/10/10 23:10:21.928,GPU-deec06d9-69c0-a4df-e1da-1c42f2a60220,58443,97887,100,258.16
2026/10/10 23:10:22.459,GPU-deec06d9-69c0-a4df-e1da-1c42f2a60220,58443,97887,97,251.39
2026/10/10 23:10:22.990,GPU-deec06d9-69c0-a4df-e1da-1c42f2a60220,58443,97887,100,256.15
2026/10/10 23:10:23.523,GPU-deec06d9-69c0-a4df-e1da-1c42f2a60220,58443,97887,100,251.50
2026/10/10 23:10:24.058,GPU-deec06d9-69c0-a4df-e1da-1c42f2a60220,58443,97887,97,251.45
2026/10/10 23:10:24.589,GPU-deec06d9-69c0-a4df-e1da-1c42f2a60220,58443,97887,100,250.28
2026/10/10 23:10:25.119,GPU-deec06d9-69c0-a4df-e1da-1c42f2a60220,58443,97887,100,259.79
2026/10/10 23:10:25.648,GPU-deec06d9-69c0-a4df-e1da-1c42f2a60220,58443,97887,97,248.28
2026/10/10 23:10:26.178,GPU-deec06d9-69c0-a4df-e1da-1c42f2a60220,58443,97887,98,241.62
2026/10/10 23:10:26.710,GPU-deec06d9-69c0-a4df-e1da-1c42f2a60220,58443,97887,100,263.88
2026/10/10 23:10:27.245,GPU-deec06d9-69c0-a4df-e1da-1c42f2a60220,58443,97887,96,251.66
2026/10/10 23:10:27.786,GPU-deec06d9-69c0-a4df-e1da-1c42f2a60220,58443,97887,100,252.45
2026/10/10 23:10:28.317,GPU-deec06d9-69c0-a4df-e1da-1c42f2a60220,58443,97887,99,259.03
2026/10/10 23:10:28.848,GPU-deec06d9-69c0-a4df-e1da-1c42f2a60220,58443,97887,96,252.70
2026/10/10 23:10:29.378,GPU-deec06d9-69c0-a4df-e1da-1c42f2a60220,58443,97887,99,248.90
2026/10/10 23:10:29.910,GPU-deec06d9-69c0-a4df-e1da-1c42f2a60220,58443,97887,97,251.78
2026/10/10 23:10:30.439,GPU-deec06d9-69c0-a4df-e1da-1c42f2a60220,58443,97887,96,256.07
2026/10/10 23:10:30.969,GPU-deec06d9-69c0-a4df-e1da-1c42f2a60220,58443,97887,100,250.09
2026/10/10 23:10:31.500,GPU-deec06d9-69c0-a4df-e1da-1c42f2a60220,58443,97887,97,255.12
2026/10/10 23:10:32.032,GPU-deec06d9-69c0-a4df-e1da-1c42f2a60220,58443,97887,96,262.73
2026/10/10 23:10:32.562,GPU-deec06d9-69c0-a4df-e1da-1c42f2a60220,58443,97887,100,253.56
2026/10/10 23:10:33.091,GPU-deec06d9-69c0-a4df-e1da-1c42f2a60220,58443,97887,97,253.67
2026/10/10 23:10:33.635,GPU-deec06d9-69c0-a4df-e1da-1c42f2a60220,58443,97887,98,257.91
2026/10/10 23:10:34.165,GPU-deec06d9-69c0-a4df-e1da-1c42f2a60220,58443,97887,100,261.63
2026/10/10 23:10:34.694,GPU-deec06d9-69c0-a4df-e1da-1c42f2a60220,58443,97887,97,258.30
2026/10/10 23:10:35.225,GPU-deec06d9-69c0-a4df-e1da-1c42f2a60220,58443,97887,100,255.09
2026/10/10 23:10:35.756,GPU-deec06d9-69c0-a4df-e1da-1c42f2a60220,58443,97887,100,259.94
2026/10/10 23:10:36.285,GPU-deec06d9-69c0-a4df-e1da-1c42f2a60220,58443,97887,97,249.83
2026/10/10 23:10:36.816,GPU-deec06d9-69c0-a4df-e1da-1c42f2a60220,58443,97887,100,251.30
2026/10/10 23:10:37.345,GPU-deec06d9-69c0-a4df-e1da-1c42f2a60220,58443,97887,100,257.70
2026/10/10 23:10:37.876,GPU-deec06d9-69c0-a4df-e1da-1c42f2a60220,58443,97887,97,251.32
2026/10/10 23:10:38.406,GPU-deec06d9-69c0-a4df-e1da-1c42f2a60220,58443,97887,99,251.20
2026/10/10 23:10:38.936,GPU-deec06d9-69c0-a4df-e1da-1c42f2a60220,58443,97887,100,261.40
2026/10/10 23:10:39.466,GPU-deec06d9-69c0-a4df-e1da-1c42f2a60220,58443,97887,97,252.56
2026/10/10 23:10:39.996,GPU-deec06d9-69c0-a4df-e1da-1c42f2a60220,58443,97887,96,248.69
2026/10/10 23:10:40.528,GPU-deec06d9-69c0-a4df-e1da-1c42f2a60220,58443,97887,100,257.70
2026/10/10 23:10:41.061,GPU-deec06d9-69c0-a4df-e1da-1c42f2a60220,58443,97887,97,249.91
2026/10/10 23:10:41.591,GPU-deec06d9-69c0-a4df-e1da-1c42f2a60220,58443,97887,96,255.15
2026/10/10 23:10:42.121,GPU-deec06d9-69c0-a4df-e1da-1c42f2a60220,58443,97887,100,257.38
2026/10/10 23:10:42.654,GPU-deec06d9-69c0-a4df-e1da-1c42f2a60220,58443,97887,97,246.67
2026/10/10 23:10:43.185,GPU-deec06d9-69c0-a4df-e1da-1c42f2a60220,58443,97887,97,249.71
2026/10/10 23:10:43.718,GPU-deec06d9-69c0-a4df-e1da-1c42f2a60220,58443,97887,100,261.82
2026/10/10 23:10:44.248,GPU-deec06d9-69c0-a4df-e1da-1c42f2a60220,58443,97887,97,249.22
2026/10/10 23:10:44.779,GPU-deec06d9-69c0-a4df-e1da-1c42f2a60220,58443,97887,99,247.02
2026/10/10 23:10:45.309,GPU-deec06d9-69c0-a4df-e1da-1c42f2a60220,58443,97887,100,261.59
2026/10/10 23:10:45.839,GPU-deec06d9-69c0-a4df-e1da-1c42f2a60220,58443,97887,97,261.26
2026/10/10 23:10:46.367,GPU-deec06d9-69c0-a4df-e1da-1c42f2a60220,58443,97887,100,248.68
2026/10/10 23:10:46.898,GPU-deec06d9-69c0-a4df-e1da-1c42f2a60220,58443,97887,97,256.14
2026/10/10 23:10:47.430,GPU-deec06d9-69c0-a4df-e1da-1c42f2a60220,58443,97887,96,248.06
2026/10/10 23:10:47.960,GPU-deec06d9-69c0-a4df-e1da-1c42f2a60220,58443,97887,100,247.69
2026/10/10 23:10:48.489,GPU-deec06d9-69c0-a4df-e1da-1c42f2a60220,58443,97887,97,250.59
2026/10/10 23:10:49.019,GPU-deec06d9-69c0-a4df-e1da-1c42f2a60220,58443,97887,96,262.59
2026/10/10 23:10:49.548,GPU-deec06d9-69c0-a4df-e1da-1c42f2a60220,58443,97887,100,248.99
2026/10/10 23:10:50.078,GPU-deec06d9-69c0-a4df-e1da-1c42f2a60220,58443,97887,97,242.78
2026/10/10 23:10:50.608,GPU-deec06d9-69c0-a4df-e1da-1c42f2a60220,58443,97887,100,253.08
2026/10/10 23:10:51.137,GPU-deec06d9-69c0-a4df-e1da-1c42f2a60220,58443,97887,100,256.71
2026/10/10 23:10:51.669,GPU-deec06d9-69c0-a4df-e1da-1c42f2a60220,58443,97887,97,250.64
2026/10/10 23:10:52.200,GPU-deec06d9-69c0-a4df-e1da-1c42f2a60220,58443,97887,97,256.07
2026/10/10 23:10:52.729,GPU-deec06d9-69c0-a4df-e1da-1c42f2a60220,58443,97887,100,260.41
2026/10/10 23:10:53.259,GPU-deec06d9-69c0-a4df-e1da-1c42f2a60220,58443,97887,97,249.86
2026/10/10 23:10:53.796,GPU-deec06d9-69c0-a4df-e1da-1c42f2a60220,58443,97887,97,253.15
2026/10/10 23:10:54.333,GPU-deec06d9-69c0-a4df-e1da-1c42f2a60220,58443,97887,100,261.12
2026/10/10 23:10:54.861,GPU-deec06d9-69c0-a4df-e1da-1c42f2a60220,58443,97887,97,250.24
2026/10/10 23:10:55.392,GPU-deec06d9-69c0-a4df-e1da-1c42f2a60220,58443,97887,97,251.26
2026/10/10 23:10:55.937,GPU-deec06d9-69c0-a4df-e1da-1c42f2a60220,58443,97887,100,263.47
2026/10/10 23:10:56.465,GPU-deec06d9-69c0-a4df-e1da-1c42f2a60220,58443,97887,97,252.31
2026/10/10 23:10:56.993,GPU-deec06d9-69c0-a4df-e1da-1c42f2a60220,58443,97887,98,248.66
2026/10/10 23:10:57.523,GPU-deec06d9-69c0-a4df-e1da-1c42f2a60220,58443,97887,100,252.13
2026/10/10 23:10:58.053,GPU-deec06d9-69c0-a4df-e1da-1c42f2a60220,58443,97887,97,246.67
2026/10/10 23:10:58.585,GPU-deec06d9-69c0-a4df-e1da-1c42f2a60220,58443,97887,98,238.97
2026/10/10 23:10:59.118,GPU-deec06d9-69c0-a4df-e1da-1c42f2a60220,58443,97887,100,261.98
2026/10/10 23:10:59.647,GPU-deec06d9-69c0-a4df-e1da-1c42f2a60220,58443,97887,97,259.92
2026/10/10 23:11:00.178,GPU-deec06d9-69c0-a4df-e1da-1c42f2a60220,58443,97887,100,245.28
2026/10/10 23:11:00.722,GPU-deec06d9-69c0-a4df-e1da-1c42f2a60220,58443,97887,97,255.05
2026/10/10 23:11:01.258,GPU-deec06d9-69c0-a4df-e1da-1c42f2a60220,58443,97887,97,259.46
2026/10/10 23:11:01.786,GPU-deec06d9-69c0-a4df-e1da-1c42f2a60220,58443,97887,100,247.05
2026/10/10 23:11:02.315,GPU-deec06d9-69c0-a4df-e1da-1c42f2a60220,58443,97887,97,254.51
2026/10/10 23:11:02.849,GPU-deec06d9-69c0-a4df-e1da-1c42f2a60220,58443,97887,96,260.73
2026/10/10 23:11:03.379,GPU-deec06d9-69c0-a4df-e1da-1c42f2a60220,58443,97887,100,247.31
2026/10/10 23:11:03.910,GPU-deec06d9-69c0-a4df-e1da-1c42f2a60220,58443,97887,97,258.48
2026/10/10 23:11:04.441,GPU-deec06d9-69c0-a4df-e1da-1c42f2a60220,58443,97887,96,261.49
2026/10/10 23:11:04.971,GPU-deec06d9-69c0-a4df-e1da-1c42f2a60220,58443,97887,100,248.96
2026/10/10 23:11:05.502,GPU-deec06d9-69c0-a4df-e1da-1c42f2a60220,58443,97887,97,247.83
2026/10/10 23:11:06.032,GPU-deec06d9-69c0-a4df-e1da-1c42f2a60220,58443,97887,96,260.93
2026/10/10 23:11:06.565,GPU-deec06d9-69c0-a4df-e1da-1c42f2a60220,58443,97887,100,250.70
2026/10/10 23:11:07.098,GPU-deec06d9-69c0-a4df-e1da-1c42f2a60220,58443,97887,97,247.11
2026/10/10 23:11:07.628,GPU-deec06d9-69c0-a4df-e1da-1c42f2a60220,58443,97887,96,260.16
2026/10/10 23:11:08.159,GPU-deec06d9-69c0-a4df-e1da-1c42f2a60220,58443,97887,100,257.66
2026/10/10 23:11:08.690,GPU-deec06d9-69c0-a4df-e1da-1c42f2a60220,58443,97887,97,247.63
2026/10/10 23:11:09.220,GPU-deec06d9-69c0-a4df-e1da-1c42f2a60220,58443,97887,97,259.23
2026/10/10 23:11:09.750,GPU-deec06d9-69c0-a4df-e1da-1c42f2a60220,58443,97887,100,246.71
2026/10/10 23:11:10.290,GPU-deec06d9-69c0-a4df-e1da-1c42f2a60220,58443,97887,97,247.40
2026/10/10 23:11:10.832,GPU-deec06d9-69c0-a4df-e1da-1c42f2a60220,58443,97887,100,247.10
2026/10/10 23:11:11.364,GPU-deec06d9-69c0-a4df-e1da-1c42f2a60220,58443,97887,100,254.98
2026/10/10 23:11:11.894,GPU-deec06d9-69c0-a4df-e1da-1c42f2a60220,58443,97887,97,263.16
2026/10/10 23:11:12.424,GPU-deec06d9-69c0-a4df-e1da-1c42f2a60220,58443,97887,99,251.15
2026/10/10 23:11:12.953,GPU-deec06d9-69c0-a4df-e1da-1c42f2a60220,58443,97887,100,254.75
2026/10/10 23:11:13.484,GPU-deec06d9-69c0-a4df-e1da-1c42f2a60220,58443,97887,96,267.49
2026/10/10 23:11:14.015,GPU-deec06d9-69c0-a4df-e1da-1c42f2a60220,58443,97887,100,255.76
2026/10/10 23:11:14.545,GPU-deec06d9-69c0-a4df-e1da-1c42f2a60220,58443,97887,97,243.36
2026/10/10 23:11:15.075,GPU-deec06d9-69c0-a4df-e1da-1c42f2a60220,58443,97887,96,257.54
2026/10/10 23:11:15.604,GPU-deec06d9-69c0-a4df-e1da-1c42f2a60220,58443,97887,100,262.24
2026/10/10 23:11:16.134,GPU-deec06d9-69c0-a4df-e1da-1c42f2a60220,58443,97887,100,250.52
2026/10/10 23:11:16.663,GPU-deec06d9-69c0-a4df-e1da-1c42f2a60220,58443,97887,97,261.50
2026/10/10 23:11:17.194,GPU-deec06d9-69c0-a4df-e1da-1c42f2a60220,58443,97887,97,264.32
2026/10/10 23:11:17.723,GPU-deec06d9-69c0-a4df-e1da-1c42f2a60220,58443,97887,100,253.93
2026/10/10 23:11:18.250,GPU-deec06d9-69c0-a4df-e1da-1c42f2a60220,58443,97887,98,248.91
2026/10/10 23:11:18.780,GPU-deec06d9-69c0-a4df-e1da-1c42f2a60220,58443,97887,97,256.49
2026/10/10 23:11:19.306,GPU-deec06d9-69c0-a4df-e1da-1c42f2a60220,58443,97887,100,264.73
2026/10/10 23:11:19.834,GPU-deec06d9-69c0-a4df-e1da-1c42f2a60220,58443,97887,98,254.83
2026/10/10 23:11:20.362,GPU-deec06d9-69c0-a4df-e1da-1c42f2a60220,58443,97887,97,255.53
2026/10/10 23:11:20.889,GPU-deec06d9-69c0-a4df-e1da-1c42f2a60220,58443,97887,100,269.79
2026/10/10 23:11:21.420,GPU-deec06d9-69c0-a4df-e1da-1c42f2a60220,58443,97887,97,255.72
2026/10/10 23:11:21.947,GPU-deec06d9-69c0-a4df-e1da-1c42f2a60220,58443,97887,100,240.58
2026/10/10 23:11:22.478,GPU-deec06d9-69c0-a4df-e1da-1c42f2a60220,58443,97887,97,250.78
2026/10/10 23:11:23.006,GPU-deec06d9-69c0-a4df-e1da-1c42f2a60220,58443,97887,97,258.70
2026/10/10 23:11:23.537,GPU-deec06d9-69c0-a4df-e1da-1c42f2a60220,58443,97887,100,248.26
2026/10/10 23:11:24.066,GPU-deec06d9-69c0-a4df-e1da-1c42f2a60220,58443,97887,97,248.91
2026/10/10 23:11:24.593,GPU-deec06d9-69c0-a4df-e1da-1c42f2a60220,58443,97887,97,260.61
2026/10/10 23:11:25.122,GPU-deec06d9-69c0-a4df-e1da-1c42f2a60220,58443,97887,100,259.90
2026/10/10 23:11:25.652,GPU-deec06d9-69c0-a4df-e1da-1c42f2a60220,58443,97887,97,246.22
2026/10/10 23:11:26.180,GPU-deec06d9-69c0-a4df-e1da-1c42f2a60220,58443,97887,97,259.69
2026/10/10 23:11:26.712,GPU-deec06d9-69c0-a4df-e1da-1c42f2a60220,58443,97887,100,259.54
2026/10/10 23:11:27.244,GPU-deec06d9-69c0-a4df-e1da-1c42f2a60220,58443,97887,97,250.11
2026/10/10 23:11:27.783,GPU-deec06d9-69c0-a4df-e1da-1c42f2a60220,58443,97887,97,256.05
2026/10/10 23:11:28.312,GPU-deec06d9-69c0-a4df-e1da-1c42f2a60220,58443,97887,100,269.56
2026/10/10 23:11:28.842,GPU-deec06d9-69c0-a4df-e1da-1c42f2a60220,58443,97887,97,253.04
2026/10/10 23:11:29.377,GPU-deec06d9-69c0-a4df-e1da-1c42f2a60220,58443,97887,100,245.35
2026/10/10 23:11:29.907,GPU-deec06d9-69c0-a4df-e1da-1c42f2a60220,58443,97887,97,255.22
2026/10/10 23:11:30.438,GPU-deec06d9-69c0-a4df-e1da-1c42f2a60220,58443,97887,97,263.06
2026/10/10 23:11:30.966,GPU-deec06d9-69c0-a4df-e1da-1c42f2a60220,58443,97887,100,249.46
2026/10/10 23:11:31.497,GPU-deec06d9-69c0-a4df-e1da-1c42f2a60220,58443,97887,97,256.65
2026/10/10 23:11:32.026,GPU-deec06d9-69c0-a4df-e1da-1c42f2a60220,58443,97887,96,269.19
2026/10/10 23:11:32.555,GPU-deec06d9-69c0-a4df-e1da-1c42f2a60220,58443,97887,100,247.48
2026/10/10 23:11:33.084,GPU-deec06d9-69c0-a4df-e1da-1c42f2a60220,58443,97887,97,243.43
2026/10/10 23:11:33.612,GPU-deec06d9-69c0-a4df-e1da-1c42f2a60220,58443,97887,97,254.36
2026/10/10 23:11:34.141,GPU-deec06d9-69c0-a4df-e1da-1c42f2a60220,58443,97887,100,259.51
2026/10/10 23:11:34.671,GPU-deec06d9-69c0-a4df-e1da-1c42f2a60220,58443,97887,97,250.36
2026/10/10 23:11:35.201,GPU-deec06d9-69c0-a4df-e1da-1c42f2a60220,58443,97887,97,254.24
2026/10/10 23:11:35.730,GPU-deec06d9-69c0-a4df-e1da-1c42f2a60220,58443,97887,100,269.38
2026/10/10 23:11:36.260,GPU-deec06d9-69c0-a4df-e1da-1c42f2a60220,58443,97887,97,251.05
2026/10/10 23:11:36.790,GPU-deec06d9-69c0-a4df-e1da-1c42f2a60220,58443,97887,100,245.32
2026/10/10 23:11:37.322,GPU-deec06d9-69c0-a4df-e1da-1c42f2a60220,58443,97887,100,254.82
2026/10/10 23:11:37.850,GPU-deec06d9-69c0-a4df-e1da-1c42f2a60220,58443,97887,97,257.58
2026/10/10 23:11:38.381,GPU-deec06d9-69c0-a4df-e1da-1c42f2a60220,58443,97887,100,249.25
2026/10/10 23:11:38.911,GPU-deec06d9-69c0-a4df-e1da-1c42f2a60220,58443,97887,98,264.15
2026/10/10 23:11:39.441,GPU-deec06d9-69c0-a4df-e1da-1c42f2a60220,58443,97887,97,260.18
2026/10/10 23:11:39.970,GPU-deec06d9-69c0-a4df-e1da-1c42f2a60220,58443,97887,100,246.61
2026/10/10 23:11:40.502,GPU-deec06d9-69c0-a4df-e1da-1c42f2a60220,58443,97887,96,252.15
2026/10/10 23:11:41.032,GPU-deec06d9-69c0-a4df-e1da-1c42f2a60220,58443,97887,97,266.78
2026/10/10 23:11:41.561,GPU-deec06d9-69c0-a4df-e1da-1c42f2a60220,58443,97887,100,245.64
2026/10/10 23:11:42.090,GPU-deec06d9-69c0-a4df-e1da-1c42f2a60220,58443,97887,97,249.04
2026/10/10 23:11:42.620,GPU-deec06d9-69c0-a4df-e1da-1c42f2a60220,58443,97887,97,262.31
2026/10/10 23:11:43.149,GPU-deec06d9-69c0-a4df-e1da-1c42f2a60220,58443,97887,100,251.92
2026/10/10 23:11:43.739,GPU-deec06d9-69c0-a4df-e1da-1c42f2a60220,58443,97887,97,250.24
2026/10/10 23:11:44.267,GPU-deec06d9-69c0-a4df-e1da-1c42f2a60220,58443,97887,97,260.99
2026/10/10 23:11:44.797,GPU-deec06d9-69c0-a4df-e1da-1c42f2a60220,58443,97887,100,255.42
2026/10/10 23:11:45.326,GPU-deec06d9-69c0-a4df-e1da-1c42f2a60220,58443,97887,97,251.85
2026/10/10 23:11:45.856,GPU-deec06d9-69c0-a4df-e1da-1c42f2a60220,58443,97887,97,251.41
2026/10/10 23:11:46.398,GPU-deec06d9-69c0-a4df-e1da-1c42f2a60220,58443,97887,100,257.97
2026/10/10 23:11:46.933,GPU-deec06d9-69c0-a4df-e1da-1c42f2a60220,58443,97887,97,245.87
2026/10/10 23:11:47.466,GPU-deec06d9-69c0-a4df-e1da-1c42f2a60220,58443,97887,100,252.08
2026/10/10 23:11:47.999,GPU-deec06d9-69c0-a4df-e1da-1c42f2a60220,58443,97887,97,257.47
2026/10/10 23:11:48.529,GPU-deec06d9-69c0-a4df-e1da-1c42f2a60220,58443,97887,97,252.12
2026/10/10 23:11:49.061,GPU-deec06d9-69c0-a4df-e1da-1c42f2a60220,58443,97887,100,249.53
2026/10/10 23:11:49.590,GPU-deec06d9-69c0-a4df-e1da-1c42f2a60220,58443,97887,97,254.70
2026/10/10 23:11:50.122,GPU-deec06d9-69c0-a4df-e1da-1c42f2a60220,58443,97887,97,260.27
2026/10/10 23:11:50.652,GPU-deec06d9-69c0-a4df-e1da-1c42f2a60220,58443,97887,100,246.68
2026/10/10 23:11:51.184,GPU-deec06d9-69c0-a4df-e1da-1c42f2a60220,58443,97887,97,251.96
2026/10/10 23:11:51.713,GPU-deec06d9-69c0-a4df-e1da-1c42f2a60220,58443,97887,96,259.04
2026/10/10 23:11:52.243,GPU-deec06d9-69c0-a4df-e1da-1c42f2a60220,58443,97887,100,261.63
2026/10/10 23:11:52.776,GPU-deec06d9-69c0-a4df-e1da-1c42f2a60220,58443,97887,97,266.70
2026/10/10 23:11:53.307,GPU-deec06d9-69c0-a4df-e1da-1c42f2a60220,58443,97887,100,253.63
2026/10/10 23:11:53.837,GPU-deec06d9-69c0-a4df-e1da-1c42f2a60220,58443,97887,100,258.35
2026/10/10 23:11:54.369,GPU-deec06d9-69c0-a4df-e1da-1c42f2a60220,58443,97887,97,245.46
2026/10/10 23:11:54.898,GPU-deec06d9-69c0-a4df-e1da-1c42f2a60220,58443,97887,100,251.01
2026/10/10 23:11:55.429,GPU-deec06d9-69c0-a4df-e1da-1c42f2a60220,58443,97887,100,261.38
2026/10/10 23:11:55.963,GPU-deec06d9-69c0-a4df-e1da-1c42f2a60220,58443,97887,97,254.72
2026/10/10 23:11:56.494,GPU-deec06d9-69c0-a4df-e1da-1c42f2a60220,58443,97887,100,262.25
2026/10/10 23:11:57.025,GPU-deec06d9-69c0-a4df-e1da-1c42f2a60220,58443,97887,97,251.12
2026/10/10 23:11:57.557,GPU-deec06d9-69c0-a4df-e1da-1c42f2a60220,58443,97887,97,257.09
2026/10/10 23:11:58.087,GPU-deec06d9-69c0-a4df-e1da-1c42f2a60220,58443,97887,100,267.81
2026/10/10 23:11:58.620,GPU-deec06d9-69c0-a4df-e1da-1c42f2a60220,58443,97887,97,255.03
2026/10/10 23:11:59.148,GPU-deec06d9-69c0-a4df-e1da-1c42f2a60220,58443,97887,97,256.83
2026/10/10 23:11:59.680,GPU-deec06d9-69c0-a4df-e1da-1c42f2a60220,58443,97887,100,266.17
2026/10/10 23:12:00.212,GPU-deec06d9-69c0-a4df-e1da-1c42f2a60220,58443,97887,97,259.80
2026/10/10 23:12:00.752,GPU-deec06d9-69c0-a4df-e1da-1c42f2a60220,58443,97887,100,252.71
2026/10/10 23:12:01.280,GPU-deec06d9-69c0-a4df-e1da-1c42f2a60220,58443,97887,99,262.10
2026/10/10 23:12:01.810,GPU-deec06d9-69c0-a4df-e1da-1c42f2a60220,58443,97887,97,266.33
2026/10/10 23:12:02.340,GPU-deec06d9-69c0-a4df-e1da-1c42f2a60220,58443,97887,100,257.32
2026/10/10 23:12:02.867,GPU-deec06d9-69c0-a4df-e1da-1c42f2a60220,58443,97887,100,262.46
2026/10/10 23:12:03.397,GPU-deec06d9-69c0-a4df-e1da-1c42f2a60220,58443,97887,97,258.80
2026/10/10 23:12:03.925,GPU-deec06d9-69c0-a4df-e1da-1c42f2a60220,58443,97887,100,251.31
2026/10/10 23:12:04.453,GPU-deec06d9-69c0-a4df-e1da-1c42f2a60220,58443,97887,100,258.74
2026/10/10 23:12:04.981,GPU-deec06d9-69c0-a4df-e1da-1c42f2a60220,58443,97887,97,265.52
2026/10/10 23:12:05.510,GPU-deec06d9-69c0-a4df-e1da-1c42f2a60220,58443,97887,100,264.84
2026/10/10 23:12:06.040,GPU-deec06d9-69c0-a4df-e1da-1c42f2a60220,58443,97887,97,255.73
2026/10/10 23:12:06.569,GPU-deec06d9-69c0-a4df-e1da-1c42f2a60220,58443,97887,97,259.15
2026/10/10 23:12:07.098,GPU-deec06d9-69c0-a4df-e1da-1c42f2a60220,58443,97887,100,267.51
2026/10/10 23:12:07.626,GPU-deec06d9-69c0-a4df-e1da-1c42f2a60220,58443,97887,97,258.30
2026/10/10 23:12:08.163,GPU-deec06d9-69c0-a4df-e1da-1c42f2a60220,58443,97887,100,248.19
2026/10/10 23:12:08.693,GPU-deec06d9-69c0-a4df-e1da-1c42f2a60220,58443,97887,97,255.59
2026/10/10 23:12:09.221,GPU-deec06d9-69c0-a4df-e1da-1c42f2a60220,58443,97887,97,258.43
2026/10/10 23:12:09.749,GPU-deec06d9-69c0-a4df-e1da-1c42f2a60220,58443,97887,100,255.21
2026/10/10 23:12:10.287,GPU-deec06d9-69c0-a4df-e1da-1c42f2a60220,58443,97887,97,245.97
2026/10/10 23:12:10.831,GPU-deec06d9-69c0-a4df-e1da-1c42f2a60220,58443,97887,97,255.70
2026/10/10 23:12:11.364,GPU-deec06d9-69c0-a4df-e1da-1c42f2a60220,58443,97887,100,257.08
2026/10/10 23:12:11.892,GPU-deec06d9-69c0-a4df-e1da-1c42f2a60220,58443,97887,97,242.19
2026/10/10 23:12:12.420,GPU-deec06d9-69c0-a4df-e1da-1c42f2a60220,58443,97887,97,246.68
2026/10/10 23:12:12.948,GPU-deec06d9-69c0-a4df-e1da-1c42f2a60220,58443,97887,100,255.66
2026/10/10 23:12:13.475,GPU-deec06d9-69c0-a4df-e1da-1c42f2a60220,58443,97887,97,252.72
2026/10/10 23:12:14.003,GPU-deec06d9-69c0-a4df-e1da-1c42f2a60220,58443,97887,98,249.85
2026/10/10 23:12:14.530,GPU-deec06d9-69c0-a4df-e1da-1c42f2a60220,58443,97887,100,257.45
2026/10/10 23:12:15.057,GPU-deec06d9-69c0-a4df-e1da-1c42f2a60220,58443,97887,97,263.88
2026/10/10 23:12:15.585,GPU-deec06d9-69c0-a4df-e1da-1c42f2a60220,58443,97887,100,255.38
2026/10/10 23:12:16.113,GPU-deec06d9-69c0-a4df-e1da-1c42f2a60220,58443,97887,97,251.19
2026/10/10 23:12:16.641,GPU-deec06d9-69c0-a4df-e1da-1c42f2a60220,58443,97887,97,260.04
2026/10/10 23:12:17.169,GPU-deec06d9-69c0-a4df-e1da-1c42f2a60220,58443,97887,100,251.54
2026/10/10 23:12:17.697,GPU-deec06d9-69c0-a4df-e1da-1c42f2a60220,58443,97887,97,242.11
2026/10/10 23:12:18.226,GPU-deec06d9-69c0-a4df-e1da-1c42f2a60220,58443,97887,97,256.46
2026/10/10 23:12:18.754,GPU-deec06d9-69c0-a4df-e1da-1c42f2a60220,58443,97887,100,263.58
2026/10/10 23:12:19.285,GPU-deec06d9-69c0-a4df-e1da-1c42f2a60220,58443,97887,97,256.86
2026/10/10 23:12:19.814,GPU-deec06d9-69c0-a4df-e1da-1c42f2a60220,58443,97887,96,256.71
2026/10/10 23:12:20.342,GPU-deec06d9-69c0-a4df-e1da-1c42f2a60220,58443,97887,100,259.05
2026/10/10 23:12:20.869,GPU-deec06d9-69c0-a4df-e1da-1c42f2a60220,58443,97887,97,252.49
2026/10/10 23:12:21.398,GPU-deec06d9-69c0-a4df-e1da-1c42f2a60220,58443,97887,97,248.98
2026/10/10 23:12:21.927,GPU-deec06d9-69c0-a4df-e1da-1c42f2a60220,58443,97887,100,259.48
2026/10/10 23:12:22.454,GPU-deec06d9-69c0-a4df-e1da-1c42f2a60220,58443,97887,97,264.40
2026/10/10 23:12:22.982,GPU-deec06d9-69c0-a4df-e1da-1c42f2a60220,58443,97887,100,254.29
2026/10/10 23:12:23.511,GPU-deec06d9-69c0-a4df-e1da-1c42f2a60220,58443,97887,97,255.25
2026/10/10 23:12:24.040,GPU-deec06d9-69c0-a4df-e1da-1c42f2a60220,58443,97887,97,257.13
2026/10/10 23:12:24.568,GPU-deec06d9-69c0-a4df-e1da-1c42f2a60220,58443,97887,100,251.53
2026/10/10 23:12:25.096,GPU-deec06d9-69c0-a4df-e1da-1c42f2a60220,58443,97887,100,261.13
2026/10/10 23:12:25.665,GPU-deec06d9-69c0-a4df-e1da-1c42f2a60220,58443,97887,97,261.62
2026/10/10 23:12:26.210,GPU-deec06d9-69c0-a4df-e1da-1c42f2a60220,58443,97887,100,250.59
2026/10/10 23:12:26.741,GPU-deec06d9-69c0-a4df-e1da-1c42f2a60220,58443,97887,97,244.32
2026/10/10 23:12:27.302,GPU-deec06d9-69c0-a4df-e1da-1c42f2a60220,58443,97887,97,255.56
2026/10/10 23:12:27.838,GPU-deec06d9-69c0-a4df-e1da-1c42f2a60220,58443,97887,100,256.84
2026/10/10 23:12:28.366,GPU-deec06d9-69c0-a4df-e1da-1c42f2a60220,58443,97887,97,246.89
2026/10/10 23:12:28.895,GPU-deec06d9-69c0-a4df-e1da-1c42f2a60220,58443,97887,98,244.97
2026/10/10 23:12:29.424,GPU-deec06d9-69c0-a4df-e1da-1c42f2a60220,58443,97887,100,258.90
2026/10/10 23:12:29.952,GPU-deec06d9-69c0-a4df-e1da-1c42f2a60220,58443,97887,97,256.75
2026/10/10 23:12:30.481,GPU-deec06d9-69c0-a4df-e1da-1c42f2a60220,58443,97887,100,249.84
2026/10/10 23:12:31.010,GPU-deec06d9-69c0-a4df-e1da-1c42f2a60220,58443,97887,97,253.91
2026/10/10 23:12:31.539,GPU-deec06d9-69c0-a4df-e1da-1c42f2a60220,58443,97887,95,249.03
2026/10/10 23:12:32.068,GPU-deec06d9-69c0-a4df-e1da-1c42f2a60220,58443,97887,100,248.75
2026/10/10 23:12:32.598,GPU-deec06d9-69c0-a4df-e1da-1c42f2a60220,58443,97887,97,245.26
2026/10/10 23:12:33.126,GPU-deec06d9-69c0-a4df-e1da-1c42f2a60220,58443,97887,98,257.52
2026/10/10 23:12:33.655,GPU-deec06d9-69c0-a4df-e1da-1c42f2a60220,58443,97887,100,250.57
2026/10/10 23:12:34.184,GPU-deec06d9-69c0-a4df-e1da-1c42f2a60220,58443,97887,97,248.43
2026/10/10 23:12:34.714,GPU-deec06d9-69c0-a4df-e1da-1c42f2a60220,58443,97887,100,256.68
2026/10/10 23:12:35.244,GPU-deec06d9-69c0-a4df-e1da-1c42f2a60220,58443,97887,100,260.04
2026/10/10 23:12:35.773,GPU-deec06d9-69c0-a4df-e1da-1c42f2a60220,58443,97887,97,254.95
2026/10/10 23:12:36.303,GPU-deec06d9-69c0-a4df-e1da-1c42f2a60220,58443,97887,100,246.33
2026/10/10 23:12:36.833,GPU-deec06d9-69c0-a4df-e1da-1c42f2a60220,58443,97887,97,251.28
2026/10/10 23:12:37.362,GPU-deec06d9-69c0-a4df-e1da-1c42f2a60220,58443,97887,97,249.79
2026/10/10 23:12:37.891,GPU-deec06d9-69c0-a4df-e1da-1c42f2a60220,58443,97887,100,252.62
2026/10/10 23:12:38.419,GPU-deec06d9-69c0-a4df-e1da-1c42f2a60220,58443,97887,97,256.84
2026/10/10 23:12:38.947,GPU-deec06d9-69c0-a4df-e1da-1c42f2a60220,58443,97887,97,261.24
2026/10/10 23:12:39.478,GPU-deec06d9-69c0-a4df-e1da-1c42f2a60220,58443,97887,100,251.15
2026/10/10 23:12:40.008,GPU-deec06d9-69c0-a4df-e1da-1c42f2a60220,58443,97887,97,247.45
2026/10/10 23:12:40.549,GPU-deec06d9-69c0-a4df-e1da-1c42f2a60220,58443,97887,100,255.31
2026/10/10 23:12:41.079,GPU-deec06d9-69c0-a4df-e1da-1c42f2a60220,58443,97887,100,257.57
2026/10/10 23:12:41.608,GPU-deec06d9-69c0-a4df-e1da-1c42f2a60220,58443,97887,97,245.62
2026/10/10 23:12:42.135,GPU-deec06d9-69c0-a4df-e1da-1c42f2a60220,58443,97887,100,252.01
2026/10/10 23:12:42.664,GPU-deec06d9-69c0-a4df-e1da-1c42f2a60220,58443,97887,99,259.47
2026/10/10 23:12:43.192,GPU-deec06d9-69c0-a4df-e1da-1c42f2a60220,58443,97887,96,249.44
2026/10/10 23:12:43.723,GPU-deec06d9-69c0-a4df-e1da-1c42f2a60220,58443,97887,100,253.18
2026/10/10 23:12:44.251,GPU-deec06d9-69c0-a4df-e1da-1c42f2a60220,58443,97887,97,251.33
2026/10/10 23:12:44.779,GPU-deec06d9-69c0-a4df-e1da-1c42f2a60220,58443,97887,97,257.30
2026/10/10 23:12:45.307,GPU-deec06d9-69c0-a4df-e1da-1c42f2a60220,58443,97887,100,249.08
2026/10/10 23:12:45.839,GPU-deec06d9-69c0-a4df-e1da-1c42f2a60220,58443,97887,97,252.79
2026/10/10 23:12:46.366,GPU-deec06d9-69c0-a4df-e1da-1c42f2a60220,58443,97887,96,257.54
2026/10/10 23:12:46.898,GPU-deec06d9-69c0-a4df-e1da-1c42f2a60220,58443,97887,100,245.44
2026/10/10 23:12:47.427,GPU-deec06d9-69c0-a4df-e1da-1c42f2a60220,58443,97887,97,252.58
2026/10/10 23:12:47.957,GPU-deec06d9-69c0-a4df-e1da-1c42f2a60220,58443,97887,99,259.85
2026/10/10 23:12:48.485,GPU-deec06d9-69c0-a4df-e1da-1c42f2a60220,58443,97887,100,261.50
2026/10/10 23:12:49.015,GPU-deec06d9-69c0-a4df-e1da-1c42f2a60220,58443,97887,97,251.44
2026/10/10 23:12:49.543,GPU-deec06d9-69c0-a4df-e1da-1c42f2a60220,58443,97887,100,251.89
2026/10/10 23:12:50.071,GPU-deec06d9-69c0-a4df-e1da-1c42f2a60220,58443,97887,100,263.42
2026/10/10 23:12:50.598,GPU-deec06d9-69c0-a4df-e1da-1c42f2a60220,58443,97887,97,251.10
2026/10/10 23:12:51.127,GPU-deec06d9-69c0-a4df-e1da-1c42f2a60220,58443,97887,100,252.39
2026/10/10 23:12:51.658,GPU-deec06d9-69c0-a4df-e1da-1c42f2a60220,58443,97887,100,254.45
2026/10/10 23:12:52.189,GPU-deec06d9-69c0-a4df-e1da-1c42f2a60220,58443,97887,97,258.41
2026/10/10 23:12:52.719,GPU-deec06d9-69c0-a4df-e1da-1c42f2a60220,58443,97887,100,256.02
2026/10/10 23:12:53.250,GPU-deec06d9-69c0-a4df-e1da-1c42f2a60220,58443,97887,97,245.61
2026/10/10 23:12:53.780,GPU-deec06d9-69c0-a4df-e1da-1c42f2a60220,58443,97887,97,263.32
2026/10/10 23:12:54.313,GPU-deec06d9-69c0-a4df-e1da-1c42f2a60220,58443,97887,100,265.93
2026/10/10 23:12:54.842,GPU-deec06d9-69c0-a4df-e1da-1c42f2a60220,58443,97887,97,248.05
2026/10/10 23:12:55.371,GPU-deec06d9-69c0-a4df-e1da-1c42f2a60220,58443,97887,97,252.12
2026/10/10 23:12:55.900,GPU-deec06d9-69c0-a4df-e1da-1c42f2a60220,58443,97887,100,259.55
2026/10/10 23:12:56.432,GPU-deec06d9-69c0-a4df-e1da-1c42f2a60220,58443,97887,97,249.94
2026/10/10 23:12:56.961,GPU-deec06d9-69c0-a4df-e1da-1c42f2a60220,58443,97887,98,249.55
2026/10/10 23:12:57.489,GPU-deec06d9-69c0-a4df-e1da-1c42f2a60220,58443,97887,100,268.73
2026/10/10 23:12:58.018,GPU-deec06d9-69c0-a4df-e1da-1c42f2a60220,58443,97887,100,267.99
2026/10/10 23:12:58.545,GPU-deec06d9-69c0-a4df-e1da-1c42f2a60220,58443,97887,97,251.35
2026/10/10 23:12:59.072,GPU-deec06d9-69c0-a4df-e1da-1c42f2a60220,58443,97887,97,257.13
2026/10/10 23:12:59.600,GPU-deec06d9-69c0-a4df-e1da-1c42f2a60220,58443,97887,100,263.18
2026/10/10 23:13:00.129,GPU-deec06d9-69c0-a4df-e1da-1c42f2a60220,58443,97887,98,251.39
2026/10/10 23:13:00.663,GPU-deec06d9-69c0-a4df-e1da-1c42f2a60220,58443,97887,100,240.14
2026/10/10 23:13:01.196,GPU-deec06d9-69c0-a4df-e1da-1c42f2a60220,58443,97887,97,255.96
2026/10/10 23:13:01.724,GPU-deec06d9-69c0-a4df-e1da-1c42f2a60220,58443,97887,97,265.36
2026/10/10 23:13:02.254,GPU-deec06d9-69c0-a4df-e1da-1c42f2a60220,58443,97887,100,249.38
2026/10/10 23:13:02.803,GPU-deec06d9-69c0-a4df-e1da-1c42f2a60220,58443,97887,97,246.13
2026/10/10 23:13:03.330,GPU-deec06d9-69c0-a4df-e1da-1c42f2a60220,58443,97887,97,266.91
2026/10/10 23:13:03.864,GPU-deec06d9-69c0-a4df-e1da-1c42f2a60220,58443,97887,100,255.56
2026/10/10 23:13:04.395,GPU-deec06d9-69c0-a4df-e1da-1c42f2a60220,58443,97887,97,248.65
2026/10/10 23:13:04.927,GPU-deec06d9-69c0-a4df-e1da-1c42f2a60220,58443,97887,97,248.57
2026/10/10 23:13:05.456,GPU-deec06d9-69c0-a4df-e1da-1c42f2a60220,58443,97887,100,262.36
2026/10/10 23:13:05.986,GPU-deec06d9-69c0-a4df-e1da-1c42f2a60220,58443,97887,97,248.62
2026/10/10 23:13:06.515,GPU-deec06d9-69c0-a4df-e1da-1c42f2a60220,58443,97887,100,247.35
2026/10/10 23:13:07.045,GPU-deec06d9-69c0-a4df-e1da-1c42f2a60220,58443,97887,100,261.97
2026/10/10 23:13:07.575,GPU-deec06d9-69c0-a4df-e1da-1c42f2a60220,58443,97887,97,254.68
2026/10/10 23:13:08.105,GPU-deec06d9-69c0-a4df-e1da-1c42f2a60220,58443,97887,100,249.07
2026/10/10 23:13:08.634,GPU-deec06d9-69c0-a4df-e1da-1c42f2a60220,58443,97887,97,249.18
2026/10/10 23:13:09.166,GPU-deec06d9-69c0-a4df-e1da-1c42f2a60220,58443,97887,96,258.42
2026/10/10 23:13:09.696,GPU-deec06d9-69c0-a4df-e1da-1c42f2a60220,58443,97887,100,248.71
2026/10/10 23:13:10.228,GPU-deec06d9-69c0-a4df-e1da-1c42f2a60220,58443,97887,97,245.30
2026/10/10 23:13:10.762,GPU-deec06d9-69c0-a4df-e1da-1c42f2a60220,58443,97887,98,258.42
2026/10/10 23:13:11.295,GPU-deec06d9-69c0-a4df-e1da-1c42f2a60220,58443,97887,100,251.55
2026/10/10 23:13:11.826,GPU-deec06d9-69c0-a4df-e1da-1c42f2a60220,58443,97887,97,249.61
2026/10/10 23:13:12.355,GPU-deec06d9-69c0-a4df-e1da-1c42f2a60220,58443,97887,100,251.76
2026/10/10 23:13:12.886,GPU-deec06d9-69c0-a4df-e1da-1c42f2a60220,58443,97887,99,245.56
2026/10/10 23:13:13.416,GPU-deec06d9-69c0-a4df-e1da-1c42f2a60220,58443,97887,97,247.96
2026/10/10 23:13:13.959,GPU-deec06d9-69c0-a4df-e1da-1c42f2a60220,58443,97887,100,247.12
2026/10/10 23:13:14.493,GPU-deec06d9-69c0-a4df-e1da-1c42f2a60220,58443,97887,100,260.36
2026/10/10 23:13:15.027,GPU-deec06d9-69c0-a4df-e1da-1c42f2a60220,58443,97887,97,251.48
2026/10/10 23:13:15.560,GPU-deec06d9-69c0-a4df-e1da-1c42f2a60220,58443,97887,100,253.62
2026/10/10 23:13:16.090,GPU-deec06d9-69c0-a4df-e1da-1c42f2a60220,58443,97887,97,255.96
2026/10/10 23:13:16.624,GPU-deec06d9-69c0-a4df-e1da-1c42f2a60220,58443,97887,97,250.47
2026/10/10 23:13:17.153,GPU-deec06d9-69c0-a4df-e1da-1c42f2a60220,58443,97887,100,258.67
2026/10/10 23:13:17.683,GPU-deec06d9-69c0-a4df-e1da-1c42f2a60220,58443,97887,97,255.09
2026/10/10 23:13:18.213,GPU-deec06d9-69c0-a4df-e1da-1c42f2a60220,58443,97887,97,262.18
2026/10/10 23:13:18.742,GPU-deec06d9-69c0-a4df-e1da-1c42f2a60220,58443,97887,100,260.61
2026/10/10 23:13:19.271,GPU-deec06d9-69c0-a4df-e1da-1c42f2a60220,58443,97887,97,254.18
2026/10/10 23:13:19.802,GPU-deec06d9-69c0-a4df-e1da-1c42f2a60220,58443,97887,100,242.90
2026/10/10 23:13:20.332,GPU-deec06d9-69c0-a4df-e1da-1c42f2a60220,58443,97887,100,249.45
2026/10/10 23:13:20.863,GPU-deec06d9-69c0-a4df-e1da-1c42f2a60220,58443,97887,97,264.25
2026/10/10 23:13:21.394,GPU-deec06d9-69c0-a4df-e1da-1c42f2a60220,58443,97887,100,254.74
2026/10/10 23:13:21.923,GPU-deec06d9-69c0-a4df-e1da-1c42f2a60220,58443,97887,100,258.38
2026/10/10 23:13:22.453,GPU-deec06d9-69c0-a4df-e1da-1c42f2a60220,58443,97887,96,261.90
2026/10/10 23:13:22.984,GPU-deec06d9-69c0-a4df-e1da-1c42f2a60220,58443,97887,100,250.67
2026/10/10 23:13:23.513,GPU-deec06d9-69c0-a4df-e1da-1c42f2a60220,58443,97887,97,256.06
2026/10/10 23:13:24.042,GPU-deec06d9-69c0-a4df-e1da-1c42f2a60220,58443,97887,97,251.75
2026/10/10 23:13:24.572,GPU-deec06d9-69c0-a4df-e1da-1c42f2a60220,58443,97887,100,259.10
2026/10/10 23:13:25.102,GPU-deec06d9-69c0-a4df-e1da-1c42f2a60220,58443,97887,97,254.12
2026/10/10 23:13:25.640,GPU-deec06d9-69c0-a4df-e1da-1c42f2a60220,58443,97887,97,260.81
2026/10/10 23:13:26.169,GPU-deec06d9-69c0-a4df-e1da-1c42f2a60220,58443,97887,100,258.06
2026/10/10 23:13:26.697,GPU-deec06d9-69c0-a4df-e1da-1c42f2a60220,58443,97887,98,252.22
2026/10/10 23:13:27.225,GPU-deec06d9-69c0-a4df-e1da-1c42f2a60220,58443,97887,97,258.62
2026/10/10 23:13:27.755,GPU-deec06d9-69c0-a4df-e1da-1c42f2a60220,58443,97887,100,264.05
2026/10/10 23:13:28.291,GPU-deec06d9-69c0-a4df-e1da-1c42f2a60220,58443,97887,97,252.48
2026/10/10 23:13:28.822,GPU-deec06d9-69c0-a4df-e1da-1c42f2a60220,58443,97887,97,260.04
2026/10/10 23:13:29.352,GPU-deec06d9-69c0-a4df-e1da-1c42f2a60220,58443,97887,100,255.57
2026/10/10 23:13:29.881,GPU-deec06d9-69c0-a4df-e1da-1c42f2a60220,58443,97887,97,265.74
2026/10/10 23:13:30.410,GPU-deec06d9-69c0-a4df-e1da-1c42f2a60220,58443,97887,100,254.97
2026/10/10 23:13:30.940,GPU-deec06d9-69c0-a4df-e1da-1c42f2a60220,58443,97887,100,259.05
2026/10/10 23:13:31.469,GPU-deec06d9-69c0-a4df-e1da-1c42f2a60220,58443,97887,97,265.74
2026/10/10 23:13:31.999,GPU-deec06d9-69c0-a4df-e1da-1c42f2a60220,58443,97887,100,252.55
2026/10/10 23:13:32.528,GPU-deec06d9-69c0-a4df-e1da-1c42f2a60220,58443,97887,100,257.64
2026/10/10 23:13:33.059,GPU-deec06d9-69c0-a4df-e1da-1c42f2a60220,58443,97887,97,257.24
2026/10/10 23:13:33.595,GPU-deec06d9-69c0-a4df-e1da-1c42f2a60220,58443,97887,100,258.50
2026/10/10 23:13:34.124,GPU-deec06d9-69c0-a4df-e1da-1c42f2a60220,58443,97887,97,252.68
2026/10/10 23:13:34.653,GPU-deec06d9-69c0-a4df-e1da-1c42f2a60220,58443,97887,97,257.27
2026/10/10 23:13:35.182,GPU-deec06d9-69c0-a4df-e1da-1c42f2a60220,58443,97887,100,265.98
2026/10/10 23:13:35.713,GPU-deec06d9-69c0-a4df-e1da-1c42f2a60220,58443,97887,97,246.09
2026/10/10 23:13:36.243,GPU-deec06d9-69c0-a4df-e1da-1c42f2a60220,58443,97887,96,257.97
2026/10/10 23:13:36.778,GPU-deec06d9-69c0-a4df-e1da-1c42f2a60220,58443,97887,100,261.53
2026/10/10 23:13:37.309,GPU-deec06d9-69c0-a4df-e1da-1c42f2a60220,58443,97887,97,252.01
2026/10/10 23:13:37.842,GPU-deec06d9-69c0-a4df-e1da-1c42f2a60220,58443,97887,98,254.40
2026/10/10 23:13:38.374,GPU-deec06d9-69c0-a4df-e1da-1c42f2a60220,58443,97887,100,264.58
2026/10/10 23:13:38.906,GPU-deec06d9-69c0-a4df-e1da-1c42f2a60220,58443,97887,97,260.31
2026/10/10 23:13:39.439,GPU-deec06d9-69c0-a4df-e1da-1c42f2a60220,58443,97887,100,256.98
2026/10/10 23:13:39.969,GPU-deec06d9-69c0-a4df-e1da-1c42f2a60220,58443,97887,100,258.76
2026/10/10 23:13:40.501,GPU-deec06d9-69c0-a4df-e1da-1c42f2a60220,58443,97887,96,256.89
2026/10/10 23:13:41.031,GPU-deec06d9-69c0-a4df-e1da-1c42f2a60220,58443,97887,100,252.91
2026/10/10 23:13:41.561,GPU-deec06d9-69c0-a4df-e1da-1c42f2a60220,58443,97887,98,256.69
2026/10/10 23:13:42.091,GPU-deec06d9-69c0-a4df-e1da-1c42f2a60220,58443,97887,96,256.54
2026/10/10 23:13:42.620,GPU-deec06d9-69c0-a4df-e1da-1c42f2a60220,58443,97887,100,258.56
2026/10/10 23:13:43.151,GPU-deec06d9-69c0-a4df-e1da-1c42f2a60220,58443,97887,97,251.79
2026/10/10 23:13:43.681,GPU-deec06d9-69c0-a4df-e1da-1c42f2a60220,58443,97887,97,261.06
2026/10/10 23:13:44.211,GPU-deec06d9-69c0-a4df-e1da-1c42f2a60220,58443,97887,100,260.95
2026/10/10 23:13:44.742,GPU-deec06d9-69c0-a4df-e1da-1c42f2a60220,58443,97887,97,253.99
2026/10/10 23:13:45.272,GPU-deec06d9-69c0-a4df-e1da-1c42f2a60220,58443,97887,97,260.71
2026/10/10 23:13:45.802,GPU-deec06d9-69c0-a4df-e1da-1c42f2a60220,58443,97887,100,260.46
2026/10/10 23:13:46.331,GPU-deec06d9-69c0-a4df-e1da-1c42f2a60220,58443,97887,97,249.16
2026/10/10 23:13:46.861,GPU-deec06d9-69c0-a4df-e1da-1c42f2a60220,58443,97887,98,255.57
2026/10/10 23:13:47.392,GPU-deec06d9-69c0-a4df-e1da-1c42f2a60220,58443,97887,100,268.72
2026/10/10 23:13:47.922,GPU-deec06d9-69c0-a4df-e1da-1c42f2a60220,58443,97887,97,268.60
2026/10/10 23:13:48.453,GPU-deec06d9-69c0-a4df-e1da-1c42f2a60220,58443,97887,100,255.85
2026/10/10 23:13:48.982,GPU-deec06d9-69c0-a4df-e1da-1c42f2a60220,58443,97887,100,248.31
2026/10/10 23:13:49.513,GPU-deec06d9-69c0-a4df-e1da-1c42f2a60220,58443,97887,96,257.74
2026/10/10 23:13:50.043,GPU-deec06d9-69c0-a4df-e1da-1c42f2a60220,58443,97887,100,250.90
2026/10/10 23:13:50.571,GPU-deec06d9-69c0-a4df-e1da-1c42f2a60220,58443,97887,97,255.89
2026/10/10 23:13:51.099,GPU-deec06d9-69c0-a4df-e1da-1c42f2a60220,58443,97887,97,266.79
2026/10/10 23:13:51.628,GPU-deec06d9-69c0-a4df-e1da-1c42f2a60220,58443,97887,100,261.75
2026/10/10 23:13:52.158,GPU-deec06d9-69c0-a4df-e1da-1c42f2a60220,58443,97887,97,258.09
2026/10/10 23:13:52.686,GPU-deec06d9-69c0-a4df-e1da-1c42f2a60220,58443,97887,97,257.87
2026/10/10 23:13:53.214,GPU-deec06d9-69c0-a4df-e1da-1c42f2a60220,58443,97887,100,263.48
2026/10/10 23:13:53.743,GPU-deec06d9-69c0-a4df-e1da-1c42f2a60220,58443,97887,97,250.92
2026/10/10 23:13:54.274,GPU-deec06d9-69c0-a4df-e1da-1c42f2a60220,58443,97887,99,256.09
2026/10/10 23:13:54.802,GPU-deec06d9-69c0-a4df-e1da-1c42f2a60220,58443,97887,100,263.86
2026/10/10 23:13:55.329,GPU-deec06d9-69c0-a4df-e1da-1c42f2a60220,58443,97887,97,263.70
2026/10/10 23:13:55.858,GPU-deec06d9-69c0-a4df-e1da-1c42f2a60220,58443,97887,100,255.82
2026/10/10 23:13:56.386,GPU-deec06d9-69c0-a4df-e1da-1c42f2a60220,58443,97887,100,260.82
2026/10/10 23:13:56.915,GPU-deec06d9-69c0-a4df-e1da-1c42f2a60220,58443,97887,97,261.45
2026/10/10 23:13:57.443,GPU-deec06d9-69c0-a4df-e1da-1c42f2a60220,58443,97887,100,255.87
2026/10/10 23:13:57.972,GPU-deec06d9-69c0-a4df-e1da-1c42f2a60220,58443,97887,97,257.99
2026/10/10 23:13:58.500,GPU-deec06d9-69c0-a4df-e1da-1c42f2a60220,58443,97887,97,270.53
2026/10/10 23:13:59.028,GPU-deec06d9-69c0-a4df-e1da-1c42f2a60220,58443,97887,100,269.05
2026/10/10 23:13:59.557,GPU-deec06d9-69c0-a4df-e1da-1c42f2a60220,58443,97887,97,255.40
2026/10/10 23:14:00.085,GPU-deec06d9-69c0-a4df-e1da-1c42f2a60220,58443,97887,97,258.26
2026/10/10 23:14:00.614,GPU-deec06d9-69c0-a4df-e1da-1c42f2a60220,58443,97887,100,257.37
2026/10/10 23:14:01.142,GPU-deec06d9-69c0-a4df-e1da-1c42f2a60220,58443,97887,97,252.32
2026/10/10 23:14:01.672,GPU-deec06d9-69c0-a4df-e1da-1c42f2a60220,58443,97887,100,253.64
2026/10/10 23:14:02.200,GPU-deec06d9-69c0-a4df-e1da-1c42f2a60220,58443,97887,97,260.87
2026/10/10 23:14:02.728,GPU-deec06d9-69c0-a4df-e1da-1c42f2a60220,58443,97887,97,259.52
2026/10/10 23:14:03.256,GPU-deec06d9-69c0-a4df-e1da-1c42f2a60220,58443,97887,100,252.14
2026/10/10 23:14:03.784,GPU-deec06d9-69c0-a4df-e1da-1c42f2a60220,58443,97887,100,257.75
2026/10/10 23:14:04.312,GPU-deec06d9-69c0-a4df-e1da-1c42f2a60220,58443,97887,97,259.53
2026/10/10 23:14:04.841,GPU-deec06d9-69c0-a4df-e1da-1c42f2a60220,58443,97887,100,263.85
2026/10/10 23:14:05.371,GPU-deec06d9-69c0-a4df-e1da-1c42f2a60220,58443,97887,97,246.85
2026/10/10 23:14:05.900,GPU-deec06d9-69c0-a4df-e1da-1c42f2a60220,58443,97887,96,259.69
2026/10/10 23:14:06.432,GPU-deec06d9-69c0-a4df-e1da-1c42f2a60220,58443,97887,100,259.52
2026/10/10 23:14:06.962,GPU-deec06d9-69c0-a4df-e1da-1c42f2a60220,58443,97887,97,250.85
2026/10/10 23:14:07.491,GPU-deec06d9-69c0-a4df-e1da-1c42f2a60220,58443,97887,96,256.54
2026/10/10 23:14:08.021,GPU-deec06d9-69c0-a4df-e1da-1c42f2a60220,58443,97887,100,268.92
2026/10/10 23:14:08.550,GPU-deec06d9-69c0-a4df-e1da-1c42f2a60220,58443,97887,97,256.99
2026/10/10 23:14:09.080,GPU-deec06d9-69c0-a4df-e1da-1c42f2a60220,58443,97887,100,248.25
2026/10/10 23:14:09.611,GPU-deec06d9-69c0-a4df-e1da-1c42f2a60220,58443,97887,97,253.73
2026/10/10 23:14:10.142,GPU-deec06d9-69c0-a4df-e1da-1c42f2a60220,58443,97887,97,264.09
2026/10/10 23:14:10.694,GPU-deec06d9-69c0-a4df-e1da-1c42f2a60220,58443,97887,99,252.79
2026/10/10 23:14:11.227,GPU-deec06d9-69c0-a4df-e1da-1c42f2a60220,58443,97887,96,249.43
2026/10/10 23:14:11.758,GPU-deec06d9-69c0-a4df-e1da-1c42f2a60220,58443,97887,96,265.58
2026/10/10 23:14:12.292,GPU-deec06d9-69c0-a4df-e1da-1c42f2a60220,58443,97887,100,253.23
2026/10/10 23:14:12.823,GPU-deec06d9-69c0-a4df-e1da-1c42f2a60220,58443,97887,97,247.41
2026/10/10 23:14:13.354,GPU-deec06d9-69c0-a4df-e1da-1c42f2a60220,58443,97887,96,258.88
2026/10/10 23:14:13.885,GPU-deec06d9-69c0-a4df-e1da-1c42f2a60220,58443,97887,100,264.15
2026/10/10 23:14:14.416,GPU-deec06d9-69c0-a4df-e1da-1c42f2a60220,58443,97887,97,246.83
2026/10/10 23:14:14.951,GPU-deec06d9-69c0-a4df-e1da-1c42f2a60220,58443,97887,96,254.07
2026/10/10 23:14:15.482,GPU-deec06d9-69c0-a4df-e1da-1c42f2a60220,58443,97887,100,264.50
2026/10/10 23:14:16.012,GPU-deec06d9-69c0-a4df-e1da-1c42f2a60220,58443,97887,97,248.45
2026/10/10 23:14:16.543,GPU-deec06d9-69c0-a4df-e1da-1c42f2a60220,58443,97887,96,249.07
2026/10/10 23:14:17.074,GPU-deec06d9-69c0-a4df-e1da-1c42f2a60220,58443,97887,100,266.67
2026/10/10 23:14:17.606,GPU-deec06d9-69c0-a4df-e1da-1c42f2a60220,58443,97887,97,250.64
2026/10/10 23:14:18.138,GPU-deec06d9-69c0-a4df-e1da-1c42f2a60220,58443,97887,100,245.19
2026/10/10 23:14:18.668,GPU-deec06d9-69c0-a4df-e1da-1c42f2a60220,58443,97887,97,265.66
2026/10/10 23:14:19.200,GPU-deec06d9-69c0-a4df-e1da-1c42f2a60220,58443,97887,97,265.09
2026/10/10 23:14:19.805,GPU-deec06d9-69c0-a4df-e1da-1c42f2a60220,58443,97887,100,243.68
2026/10/10 23:14:20.333,GPU-deec06d9-69c0-a4df-e1da-1c42f2a60220,58443,97887,97,253.58
2026/10/10 23:14:20.862,GPU-deec06d9-69c0-a4df-e1da-1c42f2a60220,58443,97887,97,261.53
2026/10/10 23:14:21.391,GPU-deec06d9-69c0-a4df-e1da-1c42f2a60220,58443,97887,100,255.02
2026/10/10 23:14:21.920,GPU-deec06d9-69c0-a4df-e1da-1c42f2a60220,58443,97887,97,259.48
2026/10/10 23:14:22.449,GPU-deec06d9-69c0-a4df-e1da-1c42f2a60220,58443,97887,99,251.60
2026/10/10 23:14:22.977,GPU-deec06d9-69c0-a4df-e1da-1c42f2a60220,58443,97887,100,257.62
2026/10/10 23:14:23.509,GPU-deec06d9-69c0-a4df-e1da-1c42f2a60220,58443,97887,97,249.40
2026/10/10 23:14:24.038,GPU-deec06d9-69c0-a4df-e1da-1c42f2a60220,58443,97887,100,252.25
2026/10/10 23:14:24.566,GPU-deec06d9-69c0-a4df-e1da-1c42f2a60220,58443,97887,97,256.71
2026/10/10 23:14:25.095,GPU-deec06d9-69c0-a4df-e1da-1c42f2a60220,58443,97887,97,258.47
2026/10/10 23:14:25.629,GPU-deec06d9-69c0-a4df-e1da-1c42f2a60220,58443,97887,100,257.25
2026/10/10 23:14:26.162,GPU-deec06d9-69c0-a4df-e1da-1c42f2a60220,58443,97887,97,254.88
2026/10/10 23:14:26.690,GPU-deec06d9-69c0-a4df-e1da-1c42f2a60220,58443,97887,97,248.48
2026/10/10 23:14:27.218,GPU-deec06d9-69c0-a4df-e1da-1c42f2a60220,58443,97887,100,248.99
2026/10/10 23:14:27.746,GPU-deec06d9-69c0-a4df-e1da-1c42f2a60220,58443,97887,97,250.89
2026/10/10 23:14:28.273,GPU-deec06d9-69c0-a4df-e1da-1c42f2a60220,58443,97887,100,248.55
2026/10/10 23:14:28.803,GPU-deec06d9-69c0-a4df-e1da-1c42f2a60220,58443,97887,100,254.27
2026/10/10 23:14:29.332,GPU-deec06d9-69c0-a4df-e1da-1c42f2a60220,58443,97887,97,248.76
2026/10/10 23:14:29.860,GPU-deec06d9-69c0-a4df-e1da-1c42f2a60220,58443,97887,100,246.55
2026/10/10 23:14:30.387,GPU-deec06d9-69c0-a4df-e1da-1c42f2a60220,58443,97887,100,253.12
2026/10/10 23:14:30.915,GPU-deec06d9-69c0-a4df-e1da-1c42f2a60220,58443,97887,97,264.84
2026/10/10 23:14:31.444,GPU-deec06d9-69c0-a4df-e1da-1c42f2a60220,58443,97887,100,247.72
2026/10/10 23:14:31.973,GPU-deec06d9-69c0-a4df-e1da-1c42f2a60220,58443,97887,99,250.56
2026/10/10 23:14:32.501,GPU-deec06d9-69c0-a4df-e1da-1c42f2a60220,58443,97887,97,265.04
2026/10/10 23:14:33.028,GPU-deec06d9-69c0-a4df-e1da-1c42f2a60220,58443,97887,100,249.21
2026/10/10 23:14:33.559,GPU-deec06d9-69c0-a4df-e1da-1c42f2a60220,58443,97887,97,242.10
2026/10/10 23:14:34.100,GPU-deec06d9-69c0-a4df-e1da-1c42f2a60220,58443,97887,97,243.66
2026/10/10 23:14:34.626,GPU-deec06d9-69c0-a4df-e1da-1c42f2a60220,58443,97887,97,255.63
2026/10/10 23:14:35.155,GPU-deec06d9-69c0-a4df-e1da-1c42f2a60220,58443,97887,100,244.14
2026/10/10 23:14:35.684,GPU-deec06d9-69c0-a4df-e1da-1c42f2a60220,58443,97887,97,246.14
2026/10/10 23:14:36.213,GPU-deec06d9-69c0-a4df-e1da-1c42f2a60220,58443,97887,96,266.14
2026/10/10 23:14:36.743,GPU-deec06d9-69c0-a4df-e1da-1c42f2a60220,58443,97887,100,258.29
2026/10/10 23:14:37.284,GPU-deec06d9-69c0-a4df-e1da-1c42f2a60220,58443,97887,97,249.05
2026/10/10 23:14:37.814,GPU-deec06d9-69c0-a4df-e1da-1c42f2a60220,58443,97887,97,255.66
2026/10/10 23:14:38.343,GPU-deec06d9-69c0-a4df-e1da-1c42f2a60220,58443,97887,100,246.04
2026/10/10 23:14:38.871,GPU-deec06d9-69c0-a4df-e1da-1c42f2a60220,58443,97887,97,252.53
2026/10/10 23:14:39.399,GPU-deec06d9-69c0-a4df-e1da-1c42f2a60220,58443,97887,97,246.10
2026/10/10 23:14:39.928,GPU-deec06d9-69c0-a4df-e1da-1c42f2a60220,58443,97887,100,263.67
2026/10/10 23:14:40.459,GPU-deec06d9-69c0-a4df-e1da-1c42f2a60220,58443,97887,97,249.03
2026/10/10 23:14:40.988,GPU-deec06d9-69c0-a4df-e1da-1c42f2a60220,58443,97887,100,241.37
2026/10/10 23:14:41.517,GPU-deec06d9-69c0-a4df-e1da-1c42f2a60220,58443,97887,97,255.56
2026/10/10 23:14:42.046,GPU-deec06d9-69c0-a4df-e1da-1c42f2a60220,58443,97887,97,249.40
2026/10/10 23:14:42.573,GPU-deec06d9-69c0-a4df-e1da-1c42f2a60220,58443,97887,100,251.25
2026/10/10 23:14:43.101,GPU-deec06d9-69c0-a4df-e1da-1c42f2a60220,58443,97887,97,255.93
2026/10/10 23:14:43.631,GPU-deec06d9-69c0-a4df-e1da-1c42f2a60220,58443,97887,97,270.58
2026/10/10 23:14:44.162,GPU-deec06d9-69c0-a4df-e1da-1c42f2a60220,58443,97887,100,249.36
2026/10/10 23:14:44.691,GPU-deec06d9-69c0-a4df-e1da-1c42f2a60220,58443,97887,97,242.24
2026/10/10 23:14:45.220,GPU-deec06d9-69c0-a4df-e1da-1c42f2a60220,58443,97887,97,260.70
2026/10/10 23:14:45.749,GPU-deec06d9-69c0-a4df-e1da-1c42f2a60220,58443,97887,100,250.11
2026/10/10 23:14:46.277,GPU-deec06d9-69c0-a4df-e1da-1c42f2a60220,58443,97887,97,244.51
2026/10/10 23:14:46.804,GPU-deec06d9-69c0-a4df-e1da-1c42f2a60220,58443,97887,96,249.42
2026/10/10 23:14:47.331,GPU-deec06d9-69c0-a4df-e1da-1c42f2a60220,58443,97887,100,263.51
2026/10/10 23:14:47.860,GPU-deec06d9-69c0-a4df-e1da-1c42f2a60220,58443,97887,97,255.94
2026/10/10 23:14:48.388,GPU-deec06d9-69c0-a4df-e1da-1c42f2a60220,58443,97887,100,245.37
2026/10/10 23:14:48.916,GPU-deec06d9-69c0-a4df-e1da-1c42f2a60220,58443,97887,97,255.91
2026/10/10 23:14:49.444,GPU-deec06d9-69c0-a4df-e1da-1c42f2a60220,58443,97887,97,265.05
2026/10/10 23:14:49.973,GPU-deec06d9-69c0-a4df-e1da-1c42f2a60220,58443,97887,100,249.79
2026/10/10 23:14:50.501,GPU-deec06d9-69c0-a4df-e1da-1c42f2a60220,58443,97887,97,244.43
2026/10/10 23:14:51.031,GPU-deec06d9-69c0-a4df-e1da-1c42f2a60220,58443,97887,97,252.25
2026/10/10 23:14:51.561,GPU-deec06d9-69c0-a4df-e1da-1c42f2a60220,58443,97887,100,246.78
2026/10/10 23:14:52.090,GPU-deec06d9-69c0-a4df-e1da-1c42f2a60220,58443,97887,97,246.63
2026/10/10 23:14:52.621,GPU-deec06d9-69c0-a4df-e1da-1c42f2a60220,58443,97887,97,247.28
2026/10/10 23:14:53.150,GPU-deec06d9-69c0-a4df-e1da-1c42f2a60220,58443,97887,100,262.82
2026/10/10 23:14:53.680,GPU-deec06d9-69c0-a4df-e1da-1c42f2a60220,58443,97887,97,251.16
2026/10/10 23:14:54.209,GPU-deec06d9-69c0-a4df-e1da-1c42f2a60220,58443,97887,100,244.54
2026/10/10 23:14:54.739,GPU-deec06d9-69c0-a4df-e1da-1c42f2a60220,58443,97887,97,263.13
2026/10/10 23:14:55.269,GPU-deec06d9-69c0-a4df-e1da-1c42f2a60220,58443,97887,97,259.92
2026/10/10 23:14:55.808,GPU-deec06d9-69c0-a4df-e1da-1c42f2a60220,58443,97887,100,249.26
2026/10/10 23:14:56.337,GPU-deec06d9-69c0-a4df-e1da-1c42f2a60220,58443,97887,97,248.92
2026/10/10 23:14:56.866,GPU-deec06d9-69c0-a4df-e1da-1c42f2a60220,58443,97887,97,259.84
2026/10/10 23:14:57.397,GPU-deec06d9-69c0-a4df-e1da-1c42f2a60220,58443,97887,100,254.41
2026/10/10 23:14:57.925,GPU-deec06d9-69c0-a4df-e1da-1c42f2a60220,58443,97887,98,244.10
2026/10/10 23:14:58.453,GPU-deec06d9-69c0-a4df-e1da-1c42f2a60220,58443,97887,97,255.12
2026/10/10 23:14:58.981,GPU-deec06d9-69c0-a4df-e1da-1c42f2a60220,58443,97887,100,256.48
2026/10/10 23:14:59.513,GPU-deec06d9-69c0-a4df-e1da-1c42f2a60220,58443,97887,97,249.01
2026/10/10 23:15:00.041,GPU-deec06d9-69c0-a4df-e1da-1c42f2a60220,58443,97887,97,244.50
2026/10/10 23:15:00.570,GPU-deec06d9-69c0-a4df-e1da-1c42f2a60220,58443,97887,100,259.80
2026/10/10 23:15:01.099,GPU-deec06d9-69c0-a4df-e1da-1c42f2a60220,58443,97887,97,252.02
2026/10/10 23:15:01.630,GPU-deec06d9-69c0-a4df-e1da-1c42f2a60220,58443,97887,100,246.18
2026/10/10 23:15:02.159,GPU-deec06d9-69c0-a4df-e1da-1c42f2a60220,58443,97887,97,252.13
2026/10/10 23:15:02.690,GPU-deec06d9-69c0-a4df-e1da-1c42f2a60220,58443,97887,97,255.93
2026/10/10 23:15:03.226,GPU-deec06d9-69c0-a4df-e1da-1c42f2a60220,58443,97887,100,244.72
2026/10/10 23:15:03.761,GPU-deec06d9-69c0-a4df-e1da-1c42f2a60220,58443,97887,97,250.67
2026/10/10 23:15:04.292,GPU-deec06d9-69c0-a4df-e1da-1c42f2a60220,58443,97887,100,256.47
2026/10/10 23:15:04.822,GPU-deec06d9-69c0-a4df-e1da-1c42f2a60220,58443,97887,100,248.98
2026/10/10 23:15:05.354,GPU-deec06d9-69c0-a4df-e1da-1c42f2a60220,58443,97887,97,247.81
2026/10/10 23:15:05.884,GPU-deec06d9-69c0-a4df-e1da-1c42f2a60220,58443,97887,100,254.83
2026/10/10 23:15:06.414,GPU-deec06d9-69c0-a4df-e1da-1c42f2a60220,58443,97887,100,259.80
2026/10/10 23:15:06.946,GPU-deec06d9-69c0-a4df-e1da-1c42f2a60220,58443,97887,97,252.76
2026/10/10 23:15:07.477,GPU-deec06d9-69c0-a4df-e1da-1c42f2a60220,58443,97887,100,262.32
2026/10/10 23:15:08.005,GPU-deec06d9-69c0-a4df-e1da-1c42f2a60220,58443,97887,98,255.15
2026/10/10 23:15:08.533,GPU-deec06d9-69c0-a4df-e1da-1c42f2a60220,58443,97887,97,259.46
2026/10/10 23:15:09.062,GPU-deec06d9-69c0-a4df-e1da-1c42f2a60220,58443,97887,100,249.31
2026/10/10 23:15:09.591,GPU-deec06d9-69c0-a4df-e1da-1c42f2a60220,58443,97887,98,253.67
2026/10/10 23:15:10.120,GPU-deec06d9-69c0-a4df-e1da-1c42f2a60220,58443,97887,100,256.59
2026/10/10 23:15:10.650,GPU-deec06d9-69c0-a4df-e1da-1c42f2a60220,58443,97887,100,258.14
2026/10/10 23:15:11.180,GPU-deec06d9-69c0-a4df-e1da-1c42f2a60220,58443,97887,97,264.80
2026/10/10 23:15:11.711,GPU-deec06d9-69c0-a4df-e1da-1c42f2a60220,58443,97887,100,248.54
2026/10/10 23:15:12.240,GPU-deec06d9-69c0-a4df-e1da-1c42f2a60220,58443,97887,100,258.27
2026/10/10 23:15:12.772,GPU-deec06d9-69c0-a4df-e1da-1c42f2a60220,58443,97887,95,258.90
2026/10/10 23:15:13.307,GPU-deec06d9-69c0-a4df-e1da-1c42f2a60220,58443,97887,98,274.73
2026/10/10 23:15:13.841,GPU-deec06d9-69c0-a4df-e1da-1c42f2a60220,58443,97887,98,265.19
2026/10/10 23:15:14.371,GPU-deec06d9-69c0-a4df-e1da-1c42f2a60220,58443,97887,98,264.20
2026/10/10 23:15:14.902,GPU-deec06d9-69c0-a4df-e1da-1c42f2a60220,58443,97887,98,282.32
2026/10/10 23:15:15.435,GPU-deec06d9-69c0-a4df-e1da-1c42f2a60220,58443,97887,98,268.61
2026/10/10 23:15:15.967,GPU-deec06d9-69c0-a4df-e1da-1c42f2a60220,58443,97887,98,267.64
2026/10/10 23:15:16.497,GPU-deec06d9-69c0-a4df-e1da-1c42f2a60220,58443,97887,99,266.57
2026/10/10 23:15:17.035,GPU-deec06d9-69c0-a4df-e1da-1c42f2a60220,58443,97887,99,269.52
2026/10/10 23:15:17.565,GPU-deec06d9-69c0-a4df-e1da-1c42f2a60220,58443,97887,99,267.56
2026/10/10 23:15:18.098,GPU-deec06d9-69c0-a4df-e1da-1c42f2a60220,58443,97887,99,267.54
2026/10/10 23:15:18.630,GPU-deec06d9-69c0-a4df-e1da-1c42f2a60220,58443,97887,99,270.40
2026/10/10 23:15:19.163,GPU-deec06d9-69c0-a4df-e1da-1c42f2a60220,58443,97887,99,267.25
2026/10/10 23:15:19.696,GPU-deec06d9-69c0-a4df-e1da-1c42f2a60220,58443,97887,98,282.34
2026/10/10 23:15:20.229,GPU-deec06d9-69c0-a4df-e1da-1c42f2a60220,58443,97887,99,267.79
2026/10/10 23:15:20.758,GPU-deec06d9-69c0-a4df-e1da-1c42f2a60220,58443,97887,99,262.48
2026/10/10 23:15:21.287,GPU-deec06d9-69c0-a4df-e1da-1c42f2a60220,58443,97887,99,264.18
2026/10/10 23:15:21.817,GPU-deec06d9-69c0-a4df-e1da-1c42f2a60220,58443,97887,99,253.10
2026/10/10 23:15:22.350,GPU-deec06d9-69c0-a4df-e1da-1c42f2a60220,58443,97887,98,250.77
2026/10/10 23:15:22.883,GPU-deec06d9-69c0-a4df-e1da-1c42f2a60220,58443,97887,99,232.49
2026/10/10 23:15:23.413,GPU-deec06d9-69c0-a4df-e1da-1c42f2a60220,58443,97887,99,238.58
2026/10/10 23:15:23.942,GPU-deec06d9-69c0-a4df-e1da-1c42f2a60220,58443,97887,99,261.83
2026/10/10 23:15:24.475,GPU-deec06d9-69c0-a4df-e1da-1c42f2a60220,58443,97887,100,260.51
2026/10/10 23:15:25.007,GPU-deec06d9-69c0-a4df-e1da-1c42f2a60220,58443,97887,99,247.85
2026/10/10 23:15:25.538,GPU-deec06d9-69c0-a4df-e1da-1c42f2a60220,58443,97887,99,236.78
2026/10/10 23:15:26.079,GPU-deec06d9-69c0-a4df-e1da-1c42f2a60220,58443,97887,97,249.01
2026/10/10 23:15:26.614,GPU-deec06d9-69c0-a4df-e1da-1c42f2a60220,58443,97887,100,252.96
2026/10/10 23:15:27.142,GPU-deec06d9-69c0-a4df-e1da-1c42f2a60220,58443,97887,99,244.17
2026/10/10 23:15:27.673,GPU-deec06d9-69c0-a4df-e1da-1c42f2a60220,58443,97887,98,238.67
2026/10/10 23:15:28.203,GPU-deec06d9-69c0-a4df-e1da-1c42f2a60220,58443,97887,100,252.35
2026/10/10 23:15:28.733,GPU-deec06d9-69c0-a4df-e1da-1c42f2a60220,58443,97887,98,243.96
2026/10/10 23:15:29.273,GPU-deec06d9-69c0-a4df-e1da-1c42f2a60220,58443,97887,99,246.34
2026/10/10 23:15:29.804,GPU-deec06d9-69c0-a4df-e1da-1c42f2a60220,58443,97887,99,249.45
2026/10/10 23:15:30.334,GPU-deec06d9-69c0-a4df-e1da-1c42f2a60220,58443,97887,99,252.29
2026/10/10 23:15:30.869,GPU-deec06d9-69c0-a4df-e1da-1c42f2a60220,58443,97887,100,251.69
2026/10/10 23:15:31.398,GPU-deec06d9-69c0-a4df-e1da-1c42f2a60220,58443,97887,99,249.36
2026/10/10 23:15:31.927,GPU-deec06d9-69c0-a4df-e1da-1c42f2a60220,58443,97887,98,245.16
2026/10/10 23:15:32.460,GPU-deec06d9-69c0-a4df-e1da-1c42f2a60220,58443,97887,99,248.15
2026/10/10 23:15:32.989,GPU-deec06d9-69c0-a4df-e1da-1c42f2a60220,58443,97887,98,252.40
2026/10/10 23:15:33.517,GPU-deec06d9-69c0-a4df-e1da-1c42f2a60220,58443,97887,100,246.79
2026/10/10 23:15:34.046,GPU-deec06d9-69c0-a4df-e1da-1c42f2a60220,58443,97887,99,245.02
2026/10/10 23:15:34.580,GPU-deec06d9-69c0-a4df-e1da-1c42f2a60220,58443,97887,100,252.40
2026/10/10 23:15:35.110,GPU-deec06d9-69c0-a4df-e1da-1c42f2a60220,58443,97887,99,249.35
2026/10/10 23:15:35.639,GPU-deec06d9-69c0-a4df-e1da-1c42f2a60220,58443,97887,100,248.88
2026/10/10 23:15:36.168,GPU-deec06d9-69c0-a4df-e1da-1c42f2a60220,58443,97887,99,246.48
2026/10/10 23:15:36.697,GPU-deec06d9-69c0-a4df-e1da-1c42f2a60220,58443,97887,99,247.97
2026/10/10 23:15:37.236,GPU-deec06d9-69c0-a4df-e1da-1c42f2a60220,58443,97887,99,253.11
2026/10/10 23:15:37.763,GPU-deec06d9-69c0-a4df-e1da-1c42f2a60220,58443,97887,99,238.60
2026/10/10 23:15:38.293,GPU-deec06d9-69c0-a4df-e1da-1c42f2a60220,58443,97887,100,253.13
2026/10/10 23:15:38.828,GPU-deec06d9-69c0-a4df-e1da-1c42f2a60220,58443,97887,99,258.57
2026/10/10 23:15:39.357,GPU-deec06d9-69c0-a4df-e1da-1c42f2a60220,58443,97887,99,240.94
2026/10/10 23:15:39.887,GPU-deec06d9-69c0-a4df-e1da-1c42f2a60220,58443,97887,99,259.32
2026/10/10 23:15:40.425,GPU-deec06d9-69c0-a4df-e1da-1c42f2a60220,58443,97887,99,252.12
2026/10/10 23:15:40.962,GPU-deec06d9-69c0-a4df-e1da-1c42f2a60220,58443,97887,99,239.62
2026/10/10 23:15:41.491,GPU-deec06d9-69c0-a4df-e1da-1c42f2a60220,58443,97887,100,245.96
2026/10/10 23:15:42.020,GPU-deec06d9-69c0-a4df-e1da-1c42f2a60220,58443,97887,100,262.27
2026/10/10 23:15:42.549,GPU-deec06d9-69c0-a4df-e1da-1c42f2a60220,58443,97887,99,260.60
2026/10/10 23:15:43.085,GPU-deec06d9-69c0-a4df-e1da-1c42f2a60220,58443,97887,100,255.10
2026/10/10 23:15:43.614,GPU-deec06d9-69c0-a4df-e1da-1c42f2a60220,58443,97887,100,249.52
2026/10/10 23:15:44.143,GPU-deec06d9-69c0-a4df-e1da-1c42f2a60220,58443,97887,100,249.46
2026/10/10 23:15:44.675,GPU-deec06d9-69c0-a4df-e1da-1c42f2a60220,58443,97887,98,234.38
2026/10/10 23:15:45.204,GPU-deec06d9-69c0-a4df-e1da-1c42f2a60220,58443,97887,99,230.17
2026/10/10 23:15:45.735,GPU-deec06d9-69c0-a4df-e1da-1c42f2a60220,58443,97887,98,242.27
2026/10/10 23:15:46.266,GPU-deec06d9-69c0-a4df-e1da-1c42f2a60220,58443,97887,99,248.50
2026/10/10 23:15:46.800,GPU-deec06d9-69c0-a4df-e1da-1c42f2a60220,58443,97887,99,229.88
2026/10/10 23:15:47.330,GPU-deec06d9-69c0-a4df-e1da-1c42f2a60220,58443,97887,99,223.45
2026/10/10 23:15:47.867,GPU-deec06d9-69c0-a4df-e1da-1c42f2a60220,58443,97887,100,234.29
2026/10/10 23:15:48.400,GPU-deec06d9-69c0-a4df-e1da-1c42f2a60220,58443,97887,100,247.58
2026/10/10 23:15:48.933,GPU-deec06d9-69c0-a4df-e1da-1c42f2a60220,58443,97887,100,252.13
2026/10/10 23:15:49.465,GPU-deec06d9-69c0-a4df-e1da-1c42f2a60220,58443,97887,98,250.14
2026/10/10 23:15:49.994,GPU-deec06d9-69c0-a4df-e1da-1c42f2a60220,58443,97887,99,252.29
2026/10/10 23:15:50.524,GPU-deec06d9-69c0-a4df-e1da-1c42f2a60220,58443,97887,99,255.61
2026/10/10 23:15:51.058,GPU-deec06d9-69c0-a4df-e1da-1c42f2a60220,58443,97887,100,258.06
2026/10/10 23:15:51.588,GPU-deec06d9-69c0-a4df-e1da-1c42f2a60220,58443,97887,100,247.03
2026/10/10 23:15:52.122,GPU-deec06d9-69c0-a4df-e1da-1c42f2a60220,58443,97887,100,244.07
2026/10/10 23:15:52.649,GPU-deec06d9-69c0-a4df-e1da-1c42f2a60220,58443,97887,99,243.62
2026/10/10 23:15:53.183,GPU-deec06d9-69c0-a4df-e1da-1c42f2a60220,58443,97887,99,247.17
2026/10/10 23:15:53.713,GPU-deec06d9-69c0-a4df-e1da-1c42f2a60220,58443,97887,100,253.49
2026/10/10 23:15:54.241,GPU-deec06d9-69c0-a4df-e1da-1c42f2a60220,58443,97887,100,244.07
2026/10/10 23:15:54.770,GPU-deec06d9-69c0-a4df-e1da-1c42f2a60220,58443,97887,99,250.87
2026/10/10 23:15:55.303,GPU-deec06d9-69c0-a4df-e1da-1c42f2a60220,58443,97887,99,257.02
2026/10/10 23:15:55.832,GPU-deec06d9-69c0-a4df-e1da-1c42f2a60220,58443,97887,99,246.11
2026/10/10 23:15:56.362,GPU-deec06d9-69c0-a4df-e1da-1c42f2a60220,58443,97887,100,250.60
2026/10/10 23:15:56.891,GPU-deec06d9-69c0-a4df-e1da-1c42f2a60220,58443,97887,98,245.98
2026/10/10 23:15:57.421,GPU-deec06d9-69c0-a4df-e1da-1c42f2a60220,58443,97887,99,256.04
2026/10/10 23:15:57.949,GPU-deec06d9-69c0-a4df-e1da-1c42f2a60220,58443,97887,99,252.14
2026/10/10 23:15:58.482,GPU-deec06d9-69c0-a4df-e1da-1c42f2a60220,58443,97887,98,249.67
2026/10/10 23:15:59.014,GPU-deec06d9-69c0-a4df-e1da-1c42f2a60220,58443,97887,99,253.21
2026/10/10 23:15:59.541,GPU-deec06d9-69c0-a4df-e1da-1c42f2a60220,58443,97887,99,250.71
2026/10/10 23:16:00.076,GPU-deec06d9-69c0-a4df-e1da-1c42f2a60220,58443,97887,100,248.33
2026/10/10 23:16:00.605,GPU-deec06d9-69c0-a4df-e1da-1c42f2a60220,58443,97887,99,249.89
2026/10/10 23:16:01.135,GPU-deec06d9-69c0-a4df-e1da-1c42f2a60220,58443,97887,99,239.73
2026/10/10 23:16:01.663,GPU-deec06d9-69c0-a4df-e1da-1c42f2a60220,58443,97887,100,249.77
2026/10/10 23:16:02.194,GPU-deec06d9-69c0-a4df-e1da-1c42f2a60220,58443,97887,99,246.87
2026/10/10 23:16:02.725,GPU-deec06d9-69c0-a4df-e1da-1c42f2a60220,58443,97887,99,249.02
2026/10/10 23:16:03.258,GPU-deec06d9-69c0-a4df-e1da-1c42f2a60220,58443,97887,100,250.29
2026/10/10 23:16:03.786,GPU-deec06d9-69c0-a4df-e1da-1c42f2a60220,58443,97887,99,252.05
2026/10/10 23:16:04.320,GPU-deec06d9-69c0-a4df-e1da-1c42f2a60220,58443,97887,99,253.45
2026/10/10 23:16:04.850,GPU-deec06d9-69c0-a4df-e1da-1c42f2a60220,58443,97887,99,248.95
2026/10/10 23:16:05.380,GPU-deec06d9-69c0-a4df-e1da-1c42f2a60220,58443,97887,99,245.49
2026/10/10 23:16:05.908,GPU-deec06d9-69c0-a4df-e1da-1c42f2a60220,58443,97887,99,251.97
2026/10/10 23:16:06.444,GPU-deec06d9-69c0-a4df-e1da-1c42f2a60220,58443,97887,100,249.37
2026/10/10 23:16:06.975,GPU-deec06d9-69c0-a4df-e1da-1c42f2a60220,58443,97887,98,249.57
2026/10/10 23:16:07.504,GPU-deec06d9-69c0-a4df-e1da-1c42f2a60220,58443,97887,100,249.42
2026/10/10 23:16:08.038,GPU-deec06d9-69c0-a4df-e1da-1c42f2a60220,58443,97887,100,255.70
2026/10/10 23:16:08.567,GPU-deec06d9-69c0-a4df-e1da-1c42f2a60220,58443,97887,99,261.50
2026/10/10 23:16:09.097,GPU-deec06d9-69c0-a4df-e1da-1c42f2a60220,58443,97887,100,255.14
2026/10/10 23:16:09.627,GPU-deec06d9-69c0-a4df-e1da-1c42f2a60220,58443,97887,98,254.19
2026/10/10 23:16:10.157,GPU-deec06d9-69c0-a4df-e1da-1c42f2a60220,58443,97887,100,248.21
2026/10/10 23:16:10.693,GPU-deec06d9-69c0-a4df-e1da-1c42f2a60220,58443,97887,99,240.88
2026/10/10 23:16:11.224,GPU-deec06d9-69c0-a4df-e1da-1c42f2a60220,58443,97887,99,243.06
2026/10/10 23:16:11.753,GPU-deec06d9-69c0-a4df-e1da-1c42f2a60220,58443,97887,100,247.37
2026/10/10 23:16:12.284,GPU-deec06d9-69c0-a4df-e1da-1c42f2a60220,58443,97887,99,251.03
2026/10/10 23:16:12.816,GPU-deec06d9-69c0-a4df-e1da-1c42f2a60220,58443,97887,100,255.26
2026/10/10 23:16:13.347,GPU-deec06d9-69c0-a4df-e1da-1c42f2a60220,58443,97887,100,258.28
2026/10/10 23:16:13.879,GPU-deec06d9-69c0-a4df-e1da-1c42f2a60220,58443,97887,98,254.97
2026/10/10 23:16:14.409,GPU-deec06d9-69c0-a4df-e1da-1c42f2a60220,58443,97887,100,254.95
2026/10/10 23:16:14.942,GPU-deec06d9-69c0-a4df-e1da-1c42f2a60220,58443,97887,99,245.87
2026/10/10 23:16:15.474,GPU-deec06d9-69c0-a4df-e1da-1c42f2a60220,58443,97887,99,242.95
2026/10/10 23:16:16.008,GPU-deec06d9-69c0-a4df-e1da-1c42f2a60220,58443,97887,100,250.82
2026/10/10 23:16:16.538,GPU-deec06d9-69c0-a4df-e1da-1c42f2a60220,58443,97887,99,248.95
2026/10/10 23:16:17.070,GPU-deec06d9-69c0-a4df-e1da-1c42f2a60220,58443,97887,100,249.88
2026/10/10 23:16:17.601,GPU-deec06d9-69c0-a4df-e1da-1c42f2a60220,58443,97887,99,253.86
2026/10/10 23:16:18.131,GPU-deec06d9-69c0-a4df-e1da-1c42f2a60220,58443,97887,99,250.42
2026/10/10 23:16:18.660,GPU-deec06d9-69c0-a4df-e1da-1c42f2a60220,58443,97887,99,259.00
2026/10/10 23:16:19.195,GPU-deec06d9-69c0-a4df-e1da-1c42f2a60220,58443,97887,100,256.98
2026/10/10 23:16:19.725,GPU-deec06d9-69c0-a4df-e1da-1c42f2a60220,58443,97887,99,253.00
2026/10/10 23:16:20.256,GPU-deec06d9-69c0-a4df-e1da-1c42f2a60220,58443,97887,99,250.23
2026/10/10 23:16:20.786,GPU-deec06d9-69c0-a4df-e1da-1c42f2a60220,58443,97887,99,256.23
2026/10/10 23:16:21.316,GPU-deec06d9-69c0-a4df-e1da-1c42f2a60220,58443,97887,98,262.34
2026/10/10 23:16:21.845,GPU-deec06d9-69c0-a4df-e1da-1c42f2a60220,58443,97887,100,256.52
2026/10/10 23:16:22.377,GPU-deec06d9-69c0-a4df-e1da-1c42f2a60220,58443,97887,98,252.95
2026/10/10 23:16:22.910,GPU-deec06d9-69c0-a4df-e1da-1c42f2a60220,58443,97887,100,248.01
2026/10/10 23:16:23.444,GPU-deec06d9-69c0-a4df-e1da-1c42f2a60220,58443,97887,98,260.69
2026/10/10 23:16:23.976,GPU-deec06d9-69c0-a4df-e1da-1c42f2a60220,58443,97887,100,252.72
2026/10/10 23:16:24.507,GPU-deec06d9-69c0-a4df-e1da-1c42f2a60220,58443,97887,99,252.19
2026/10/10 23:16:25.040,GPU-deec06d9-69c0-a4df-e1da-1c42f2a60220,58443,97887,100,260.39
2026/10/10 23:16:25.569,GPU-deec06d9-69c0-a4df-e1da-1c42f2a60220,58443,97887,99,254.44
2026/10/10 23:16:26.099,GPU-deec06d9-69c0-a4df-e1da-1c42f2a60220,58443,97887,98,249.81
2026/10/10 23:16:26.628,GPU-deec06d9-69c0-a4df-e1da-1c42f2a60220,58443,97887,99,259.98
2026/10/10 23:16:27.160,GPU-deec06d9-69c0-a4df-e1da-1c42f2a60220,58443,97887,99,260.97
2026/10/10 23:16:27.689,GPU-deec06d9-69c0-a4df-e1da-1c42f2a60220,58443,97887,100,256.04
2026/10/10 23:16:28.225,GPU-deec06d9-69c0-a4df-e1da-1c42f2a60220,58443,97887,99,252.88
2026/10/10 23:16:28.754,GPU-deec06d9-69c0-a4df-e1da-1c42f2a60220,58443,97887,100,257.92
2026/10/10 23:16:29.284,GPU-deec06d9-69c0-a4df-e1da-1c42f2a60220,58443,97887,99,251.88
2026/10/10 23:16:29.813,GPU-deec06d9-69c0-a4df-e1da-1c42f2a60220,58443,97887,100,261.43
2026/10/10 23:16:30.343,GPU-deec06d9-69c0-a4df-e1da-1c42f2a60220,58443,97887,99,260.58
2026/10/10 23:16:30.872,GPU-deec06d9-69c0-a4df-e1da-1c42f2a60220,58443,97887,99,255.57
2026/10/10 23:16:31.399,GPU-deec06d9-69c0-a4df-e1da-1c42f2a60220,58443,97887,99,254.02
2026/10/10 23:16:31.929,GPU-deec06d9-69c0-a4df-e1da-1c42f2a60220,58443,97887,98,257.40
2026/10/10 23:16:32.461,GPU-deec06d9-69c0-a4df-e1da-1c42f2a60220,58443,97887,100,252.55
2026/10/10 23:16:32.990,GPU-deec06d9-69c0-a4df-e1da-1c42f2a60220,58443,97887,99,255.43
2026/10/10 23:16:33.521,GPU-deec06d9-69c0-a4df-e1da-1c42f2a60220,58443,97887,100,256.48
2026/10/10 23:16:34.061,GPU-deec06d9-69c0-a4df-e1da-1c42f2a60220,58443,97887,99,252.90
2026/10/10 23:16:34.590,GPU-deec06d9-69c0-a4df-e1da-1c42f2a60220,58443,97887,100,259.07
2026/10/10 23:16:35.121,GPU-deec06d9-69c0-a4df-e1da-1c42f2a60220,58443,97887,100,262.36
2026/10/10 23:16:35.648,GPU-deec06d9-69c0-a4df-e1da-1c42f2a60220,58443,97887,98,256.31
2026/10/10 23:16:36.178,GPU-deec06d9-69c0-a4df-e1da-1c42f2a60220,58443,97887,100,265.69
2026/10/10 23:16:36.707,GPU-deec06d9-69c0-a4df-e1da-1c42f2a60220,58443,97887,99,258.99
2026/10/10 23:16:37.235,GPU-deec06d9-69c0-a4df-e1da-1c42f2a60220,58443,97887,100,264.27
2026/10/10 23:16:37.764,GPU-deec06d9-69c0-a4df-e1da-1c42f2a60220,58443,97887,99,255.96
2026/10/10 23:16:38.294,GPU-deec06d9-69c0-a4df-e1da-1c42f2a60220,58443,97887,98,261.63
2026/10/10 23:16:38.822,GPU-deec06d9-69c0-a4df-e1da-1c42f2a60220,58443,97887,100,259.74
2026/10/10 23:16:39.350,GPU-deec06d9-69c0-a4df-e1da-1c42f2a60220,58443,97887,97,245.33
2026/10/10 23:16:39.879,GPU-deec06d9-69c0-a4df-e1da-1c42f2a60220,58443,97887,96,257.68
2026/10/10 23:16:40.422,GPU-deec06d9-69c0-a4df-e1da-1c42f2a60220,58443,97887,100,265.13
2026/10/10 23:16:40.950,GPU-deec06d9-69c0-a4df-e1da-1c42f2a60220,58443,97887,97,253.35
2026/10/10 23:16:41.478,GPU-deec06d9-69c0-a4df-e1da-1c42f2a60220,58443,97887,97,243.93
2026/10/10 23:16:42.005,GPU-deec06d9-69c0-a4df-e1da-1c42f2a60220,58443,97887,100,257.36
2026/10/10 23:16:42.533,GPU-deec06d9-69c0-a4df-e1da-1c42f2a60220,58443,97887,97,262.71
2026/10/10 23:16:43.061,GPU-deec06d9-69c0-a4df-e1da-1c42f2a60220,58443,97887,100,247.80
2026/10/10 23:16:43.590,GPU-deec06d9-69c0-a4df-e1da-1c42f2a60220,58443,97887,97,254.28
2026/10/10 23:16:44.118,GPU-deec06d9-69c0-a4df-e1da-1c42f2a60220,58443,97887,97,262.83
2026/10/10 23:16:44.646,GPU-deec06d9-69c0-a4df-e1da-1c42f2a60220,58443,97887,100,251.00
2026/10/10 23:16:45.175,GPU-deec06d9-69c0-a4df-e1da-1c42f2a60220,58443,97887,97,247.79
2026/10/10 23:16:45.702,GPU-deec06d9-69c0-a4df-e1da-1c42f2a60220,58443,97887,97,265.60
2026/10/10 23:16:46.230,GPU-deec06d9-69c0-a4df-e1da-1c42f2a60220,58443,97887,100,255.62
2026/10/10 23:16:46.758,GPU-deec06d9-69c0-a4df-e1da-1c42f2a60220,58443,97887,96,243.35
2026/10/10 23:16:47.286,GPU-deec06d9-69c0-a4df-e1da-1c42f2a60220,58443,97887,95,264.02
2026/10/10 23:16:47.817,GPU-deec06d9-69c0-a4df-e1da-1c42f2a60220,58443,97887,100,269.38
2026/10/10 23:16:48.348,GPU-deec06d9-69c0-a4df-e1da-1c42f2a60220,58443,97887,97,256.55
2026/10/10 23:16:48.880,GPU-deec06d9-69c0-a4df-e1da-1c42f2a60220,58443,97887,97,253.27
2026/10/10 23:16:49.408,GPU-deec06d9-69c0-a4df-e1da-1c42f2a60220,58443,97887,100,265.60
2026/10/10 23:16:49.937,GPU-deec06d9-69c0-a4df-e1da-1c42f2a60220,58443,97887,97,256.17
2026/10/10 23:16:50.465,GPU-deec06d9-69c0-a4df-e1da-1c42f2a60220,58443,97887,98,258.68
2026/10/10 23:16:50.994,GPU-deec06d9-69c0-a4df-e1da-1c42f2a60220,58443,97887,100,267.36
2026/10/10 23:16:51.525,GPU-deec06d9-69c0-a4df-e1da-1c42f2a60220,58443,97887,97,265.92
2026/10/10 23:16:52.054,GPU-deec06d9-69c0-a4df-e1da-1c42f2a60220,58443,97887,100,255.50
2026/10/10 23:16:52.583,GPU-deec06d9-69c0-a4df-e1da-1c42f2a60220,58443,97887,96,248.17
2026/10/10 23:16:53.110,GPU-deec06d9-69c0-a4df-e1da-1c42f2a60220,58443,97887,96,268.38
2026/10/10 23:16:53.640,GPU-deec06d9-69c0-a4df-e1da-1c42f2a60220,58443,97887,100,256.61
2026/10/10 23:16:54.170,GPU-deec06d9-69c0-a4df-e1da-1c42f2a60220,58443,97887,100,259.33
2026/10/10 23:16:54.700,GPU-deec06d9-69c0-a4df-e1da-1c42f2a60220,58443,97887,96,264.62
2026/10/10 23:16:55.231,GPU-deec06d9-69c0-a4df-e1da-1c42f2a60220,58443,97887,100,256.76
2026/10/10 23:16:55.760,GPU-deec06d9-69c0-a4df-e1da-1c42f2a60220,58443,97887,97,243.88
2026/10/10 23:16:56.289,GPU-deec06d9-69c0-a4df-e1da-1c42f2a60220,58443,97887,96,258.53
2026/10/10 23:16:56.818,GPU-deec06d9-69c0-a4df-e1da-1c42f2a60220,58443,97887,100,263.79
2026/10/10 23:16:57.349,GPU-deec06d9-69c0-a4df-e1da-1c42f2a60220,58443,97887,95,246.06
2026/10/10 23:16:57.879,GPU-deec06d9-69c0-a4df-e1da-1c42f2a60220,58443,97887,96,248.78
2026/10/10 23:16:58.410,GPU-deec06d9-69c0-a4df-e1da-1c42f2a60220,58443,97887,100,265.86
2026/10/10 23:16:58.942,GPU-deec06d9-69c0-a4df-e1da-1c42f2a60220,58443,97887,97,253.58
2026/10/10 23:16:59.472,GPU-deec06d9-69c0-a4df-e1da-1c42f2a60220,58443,97887,98,255.78
2026/10/10 23:17:00.001,GPU-deec06d9-69c0-a4df-e1da-1c42f2a60220,58443,97887,100,265.83
2026/10/10 23:17:00.532,GPU-deec06d9-69c0-a4df-e1da-1c42f2a60220,58443,97887,97,262.33
2026/10/10 23:17:01.063,GPU-deec06d9-69c0-a4df-e1da-1c42f2a60220,58443,97887,100,250.05
2026/10/10 23:17:01.593,GPU-deec06d9-69c0-a4df-e1da-1c42f2a60220,58443,97887,97,260.61
2026/10/10 23:17:02.123,GPU-deec06d9-69c0-a4df-e1da-1c42f2a60220,58443,97887,97,261.66
2026/10/10 23:17:02.653,GPU-deec06d9-69c0-a4df-e1da-1c42f2a60220,58443,97887,100,249.34
2026/10/10 23:17:03.183,GPU-deec06d9-69c0-a4df-e1da-1c42f2a60220,58443,97887,100,254.15
2026/10/10 23:17:03.713,GPU-deec06d9-69c0-a4df-e1da-1c42f2a60220,58443,97887,96,257.96
2026/10/10 23:17:04.244,GPU-deec06d9-69c0-a4df-e1da-1c42f2a60220,58443,97887,100,251.15
2026/10/10 23:17:04.777,GPU-deec06d9-69c0-a4df-e1da-1c42f2a60220,58443,97887,97,251.31
2026/10/10 23:17:05.308,GPU-deec06d9-69c0-a4df-e1da-1c42f2a60220,58443,97887,96,254.76
2026/10/10 23:17:05.840,GPU-deec06d9-69c0-a4df-e1da-1c42f2a60220,58443,97887,100,259.11
2026/10/10 23:17:06.370,GPU-deec06d9-69c0-a4df-e1da-1c42f2a60220,58443,97887,97,251.00
2026/10/10 23:17:06.901,GPU-deec06d9-69c0-a4df-e1da-1c42f2a60220,58443,97887,96,256.70
2026/10/10 23:17:07.430,GPU-deec06d9-69c0-a4df-e1da-1c42f2a60220,58443,97887,100,260.58
2026/10/10 23:17:07.961,GPU-deec06d9-69c0-a4df-e1da-1c42f2a60220,58443,97887,96,253.13
2026/10/10 23:17:08.491,GPU-deec06d9-69c0-a4df-e1da-1c42f2a60220,58443,97887,96,251.49
2026/10/10 23:17:09.023,GPU-deec06d9-69c0-a4df-e1da-1c42f2a60220,58443,97887,99,265.10
2026/10/10 23:17:09.553,GPU-deec06d9-69c0-a4df-e1da-1c42f2a60220,58443,97887,97,254.59
2026/10/10 23:17:10.084,GPU-deec06d9-69c0-a4df-e1da-1c42f2a60220,58443,97887,96,258.90
2026/10/10 23:17:10.639,GPU-deec06d9-69c0-a4df-e1da-1c42f2a60220,58443,97887,100,261.32
2026/10/10 23:17:11.176,GPU-deec06d9-69c0-a4df-e1da-1c42f2a60220,58443,97887,97,255.85
2026/10/10 23:17:11.708,GPU-deec06d9-69c0-a4df-e1da-1c42f2a60220,58443,97887,99,243.30
2026/10/10 23:17:12.246,GPU-deec06d9-69c0-a4df-e1da-1c42f2a60220,58443,97887,100,256.45
2026/10/10 23:17:12.782,GPU-deec06d9-69c0-a4df-e1da-1c42f2a60220,58443,97887,97,264.39
2026/10/10 23:17:13.312,GPU-deec06d9-69c0-a4df-e1da-1c42f2a60220,58443,97887,100,249.65
2026/10/10 23:17:13.843,GPU-deec06d9-69c0-a4df-e1da-1c42f2a60220,58443,97887,97,258.26
2026/10/10 23:17:14.374,GPU-deec06d9-69c0-a4df-e1da-1c42f2a60220,58443,97887,97,258.49
2026/10/10 23:17:14.906,GPU-deec06d9-69c0-a4df-e1da-1c42f2a60220,58443,97887,100,247.51
2026/10/10 23:17:15.436,GPU-deec06d9-69c0-a4df-e1da-1c42f2a60220,58443,97887,97,247.99
2026/10/10 23:17:15.965,GPU-deec06d9-69c0-a4df-e1da-1c42f2a60220,58443,97887,97,263.39
2026/10/10 23:17:16.494,GPU-deec06d9-69c0-a4df-e1da-1c42f2a60220,58443,97887,100,264.32
2026/10/10 23:17:17.024,GPU-deec06d9-69c0-a4df-e1da-1c42f2a60220,58443,97887,97,246.87
2026/10/10 23:17:17.554,GPU-deec06d9-69c0-a4df-e1da-1c42f2a60220,58443,97887,96,259.24
2026/10/10 23:17:18.085,GPU-deec06d9-69c0-a4df-e1da-1c42f2a60220,58443,97887,100,259.24
2026/10/10 23:17:18.614,GPU-deec06d9-69c0-a4df-e1da-1c42f2a60220,58443,97887,97,250.36
2026/10/10 23:17:19.149,GPU-deec06d9-69c0-a4df-e1da-1c42f2a60220,58443,97887,96,247.46
2026/10/10 23:17:19.680,GPU-deec06d9-69c0-a4df-e1da-1c42f2a60220,58443,97887,100,259.67
2026/10/10 23:17:20.211,GPU-deec06d9-69c0-a4df-e1da-1c42f2a60220,58443,97887,97,250.38
2026/10/10 23:17:20.745,GPU-deec06d9-69c0-a4df-e1da-1c42f2a60220,58443,97887,100,244.96
2026/10/10 23:17:21.280,GPU-deec06d9-69c0-a4df-e1da-1c42f2a60220,58443,97887,97,258.09
2026/10/10 23:17:21.817,GPU-deec06d9-69c0-a4df-e1da-1c42f2a60220,58443,97887,96,249.25
2026/10/10 23:17:22.348,GPU-deec06d9-69c0-a4df-e1da-1c42f2a60220,58443,97887,100,250.83
2026/10/10 23:17:22.880,GPU-deec06d9-69c0-a4df-e1da-1c42f2a60220,58443,97887,97,248.11
2026/10/10 23:17:23.411,GPU-deec06d9-69c0-a4df-e1da-1c42f2a60220,58443,97887,96,259.73
2026/10/10 23:17:23.944,GPU-deec06d9-69c0-a4df-e1da-1c42f2a60220,58443,97887,100,250.73
2026/10/10 23:17:24.475,GPU-deec06d9-69c0-a4df-e1da-1c42f2a60220,58443,97887,97,249.40
2026/10/10 23:17:25.004,GPU-deec06d9-69c0-a4df-e1da-1c42f2a60220,58443,97887,97,265.72
2026/10/10 23:17:25.535,GPU-deec06d9-69c0-a4df-e1da-1c42f2a60220,58443,97887,100,258.45
2026/10/10 23:17:26.077,GPU-deec06d9-69c0-a4df-e1da-1c42f2a60220,58443,97887,97,244.41
2026/10/10 23:17:26.608,GPU-deec06d9-69c0-a4df-e1da-1c42f2a60220,58443,97887,96,252.56
2026/10/10 23:17:27.139,GPU-deec06d9-69c0-a4df-e1da-1c42f2a60220,58443,97887,100,260.82
2026/10/10 23:17:27.669,GPU-deec06d9-69c0-a4df-e1da-1c42f2a60220,58443,97887,97,250.18
2026/10/10 23:17:28.200,GPU-deec06d9-69c0-a4df-e1da-1c42f2a60220,58443,97887,97,249.42
2026/10/10 23:17:28.729,GPU-deec06d9-69c0-a4df-e1da-1c42f2a60220,58443,97887,100,263.51
2026/10/10 23:17:29.258,GPU-deec06d9-69c0-a4df-e1da-1c42f2a60220,58443,97887,96,254.63
2026/10/10 23:17:29.796,GPU-deec06d9-69c0-a4df-e1da-1c42f2a60220,58443,97887,100,246.63
2026/10/10 23:17:30.330,GPU-deec06d9-69c0-a4df-e1da-1c42f2a60220,58443,97887,97,257.11
2026/10/10 23:17:30.859,GPU-deec06d9-69c0-a4df-e1da-1c42f2a60220,58443,97887,97,251.43
2026/10/10 23:17:31.388,GPU-deec06d9-69c0-a4df-e1da-1c42f2a60220,58443,97887,100,248.82
2026/10/10 23:17:31.917,GPU-deec06d9-69c0-a4df-e1da-1c42f2a60220,58443,97887,96,244.77
2026/10/10 23:17:32.447,GPU-deec06d9-69c0-a4df-e1da-1c42f2a60220,58443,97887,96,255.98
2026/10/10 23:17:32.978,GPU-deec06d9-69c0-a4df-e1da-1c42f2a60220,58443,97887,100,248.18
2026/10/10 23:17:33.507,GPU-deec06d9-69c0-a4df-e1da-1c42f2a60220,58443,97887,97,241.79
2026/10/10 23:17:34.039,GPU-deec06d9-69c0-a4df-e1da-1c42f2a60220,58443,97887,100,251.28
2026/10/10 23:17:34.571,GPU-deec06d9-69c0-a4df-e1da-1c42f2a60220,58443,97887,100,256.29
2026/10/10 23:17:35.103,GPU-deec06d9-69c0-a4df-e1da-1c42f2a60220,58443,97887,97,248.18
2026/10/10 23:17:35.633,GPU-deec06d9-69c0-a4df-e1da-1c42f2a60220,58443,97887,100,255.69
2026/10/10 23:17:36.163,GPU-deec06d9-69c0-a4df-e1da-1c42f2a60220,58443,97887,100,260.15
2026/10/10 23:17:36.693,GPU-deec06d9-69c0-a4df-e1da-1c42f2a60220,58443,97887,96,251.21
2026/10/10 23:17:37.221,GPU-deec06d9-69c0-a4df-e1da-1c42f2a60220,58443,97887,100,249.27
2026/10/10 23:17:37.751,GPU-deec06d9-69c0-a4df-e1da-1c42f2a60220,58443,97887,97,253.04
2026/10/10 23:17:38.281,GPU-deec06d9-69c0-a4df-e1da-1c42f2a60220,58443,97887,96,258.12
2026/10/10 23:17:38.811,GPU-deec06d9-69c0-a4df-e1da-1c42f2a60220,58443,97887,99,246.04
2026/10/10 23:17:39.340,GPU-deec06d9-69c0-a4df-e1da-1c42f2a60220,58443,97887,97,245.48
2026/10/10 23:17:39.870,GPU-deec06d9-69c0-a4df-e1da-1c42f2a60220,58443,97887,96,258.76
2026/10/10 23:17:40.403,GPU-deec06d9-69c0-a4df-e1da-1c42f2a60220,58443,97887,100,249.14
2026/10/10 23:17:40.953,GPU-deec06d9-69c0-a4df-e1da-1c42f2a60220,58443,97887,97,252.63
2026/10/10 23:17:41.484,GPU-deec06d9-69c0-a4df-e1da-1c42f2a60220,58443,97887,96,257.21
2026/10/10 23:17:42.014,GPU-deec06d9-69c0-a4df-e1da-1c42f2a60220,58443,97887,100,245.51
2026/10/10 23:17:42.543,GPU-deec06d9-69c0-a4df-e1da-1c42f2a60220,58443,97887,97,249.95
2026/10/10 23:17:43.072,GPU-deec06d9-69c0-a4df-e1da-1c42f2a60220,58443,97887,96,258.83
2026/10/10 23:17:43.602,GPU-deec06d9-69c0-a4df-e1da-1c42f2a60220,58443,97887,100,248.79
2026/10/10 23:17:44.131,GPU-deec06d9-69c0-a4df-e1da-1c42f2a60220,58443,97887,97,250.38
2026/10/10 23:17:44.662,GPU-deec06d9-69c0-a4df-e1da-1c42f2a60220,58443,97887,97,258.00
2026/10/10 23:17:45.190,GPU-deec06d9-69c0-a4df-e1da-1c42f2a60220,58443,97887,100,259.55
2026/10/10 23:17:45.719,GPU-deec06d9-69c0-a4df-e1da-1c42f2a60220,58443,97887,97,266.77
2026/10/10 23:17:46.247,GPU-deec06d9-69c0-a4df-e1da-1c42f2a60220,58443,97887,99,247.40
2026/10/10 23:17:46.774,GPU-deec06d9-69c0-a4df-e1da-1c42f2a60220,58443,97887,100,266.11
2026/10/10 23:17:47.303,GPU-deec06d9-69c0-a4df-e1da-1c42f2a60220,58443,97887,97,262.10
2026/10/10 23:17:47.835,GPU-deec06d9-69c0-a4df-e1da-1c42f2a60220,58443,97887,100,247.66
2026/10/10 23:17:48.365,GPU-deec06d9-69c0-a4df-e1da-1c42f2a60220,58443,97887,100,251.11
2026/10/10 23:17:48.892,GPU-deec06d9-69c0-a4df-e1da-1c42f2a60220,58443,97887,97,259.95
2026/10/10 23:17:49.420,GPU-deec06d9-69c0-a4df-e1da-1c42f2a60220,58443,97887,100,254.63
2026/10/10 23:17:49.951,GPU-deec06d9-69c0-a4df-e1da-1c42f2a60220,58443,97887,97,242.68
2026/10/10 23:17:50.482,GPU-deec06d9-69c0-a4df-e1da-1c42f2a60220,58443,97887,98,256.15
2026/10/10 23:17:51.011,GPU-deec06d9-69c0-a4df-e1da-1c42f2a60220,58443,97887,97,260.38
2026/10/10 23:17:51.540,GPU-deec06d9-69c0-a4df-e1da-1c42f2a60220,58443,97887,100,246.44
2026/10/10 23:17:52.069,GPU-deec06d9-69c0-a4df-e1da-1c42f2a60220,58443,97887,97,250.29
2026/10/10 23:17:52.631,GPU-deec06d9-69c0-a4df-e1da-1c42f2a60220,58443,97887,96,261.50
2026/10/10 23:17:53.159,GPU-deec06d9-69c0-a4df-e1da-1c42f2a60220,58443,97887,100,248.97
2026/10/10 23:17:53.689,GPU-deec06d9-69c0-a4df-e1da-1c42f2a60220,58443,97887,97,243.60
2026/10/10 23:17:54.219,GPU-deec06d9-69c0-a4df-e1da-1c42f2a60220,58443,97887,96,263.48
2026/10/10 23:17:54.748,GPU-deec06d9-69c0-a4df-e1da-1c42f2a60220,58443,97887,100,252.54
2026/10/10 23:17:55.281,GPU-deec06d9-69c0-a4df-e1da-1c42f2a60220,58443,97887,96,249.55
2026/10/10 23:17:55.821,GPU-deec06d9-69c0-a4df-e1da-1c42f2a60220,58443,97887,97,248.02
2026/10/10 23:17:56.350,GPU-deec06d9-69c0-a4df-e1da-1c42f2a60220,58443,97887,100,254.99
2026/10/10 23:17:56.880,GPU-deec06d9-69c0-a4df-e1da-1c42f2a60220,58443,97887,97,243.62
2026/10/10 23:17:57.410,GPU-deec06d9-69c0-a4df-e1da-1c42f2a60220,58443,97887,100,242.13
2026/10/10 23:17:57.940,GPU-deec06d9-69c0-a4df-e1da-1c42f2a60220,58443,97887,98,256.99
2026/10/10 23:17:58.470,GPU-deec06d9-69c0-a4df-e1da-1c42f2a60220,58443,97887,97,261.16
2026/10/10 23:17:59.000,GPU-deec06d9-69c0-a4df-e1da-1c42f2a60220,58443,97887,99,249.36
2026/10/10 23:17:59.529,GPU-deec06d9-69c0-a4df-e1da-1c42f2a60220,58443,97887,97,254.70
2026/10/10 23:18:00.059,GPU-deec06d9-69c0-a4df-e1da-1c42f2a60220,58443,97887,97,261.43
2026/10/10 23:18:00.597,GPU-deec06d9-69c0-a4df-e1da-1c42f2a60220,58443,97887,100,249.36
2026/10/10 23:18:01.126,GPU-deec06d9-69c0-a4df-e1da-1c42f2a60220,58443,97887,97,237.67
2026/10/10 23:18:01.655,GPU-deec06d9-69c0-a4df-e1da-1c42f2a60220,58443,97887,100,241.18
2026/10/10 23:18:02.184,GPU-deec06d9-69c0-a4df-e1da-1c42f2a60220,58443,97887,100,250.80
2026/10/10 23:18:02.714,GPU-deec06d9-69c0-a4df-e1da-1c42f2a60220,58443,97887,97,248.32
2026/10/10 23:18:03.246,GPU-deec06d9-69c0-a4df-e1da-1c42f2a60220,58443,97887,100,256.19
2026/10/10 23:18:03.778,GPU-deec06d9-69c0-a4df-e1da-1c42f2a60220,58443,97887,100,262.58
2026/10/10 23:18:04.306,GPU-deec06d9-69c0-a4df-e1da-1c42f2a60220,58443,97887,96,247.37
2026/10/10 23:18:04.835,GPU-deec06d9-69c0-a4df-e1da-1c42f2a60220,58443,97887,100,240.98
2026/10/10 23:18:05.364,GPU-deec06d9-69c0-a4df-e1da-1c42f2a60220,58443,97887,97,255.30
2026/10/10 23:18:05.892,GPU-deec06d9-69c0-a4df-e1da-1c42f2a60220,58443,97887,96,259.99
2026/10/10 23:18:06.421,GPU-deec06d9-69c0-a4df-e1da-1c42f2a60220,58443,97887,100,244.66
2026/10/10 23:18:06.950,GPU-deec06d9-69c0-a4df-e1da-1c42f2a60220,58443,97887,97,252.24
2026/10/10 23:18:07.478,GPU-deec06d9-69c0-a4df-e1da-1c42f2a60220,58443,97887,96,256.38
2026/10/10 23:18:08.007,GPU-deec06d9-69c0-a4df-e1da-1c42f2a60220,58443,97887,100,245.36
2026/10/10 23:18:08.538,GPU-deec06d9-69c0-a4df-e1da-1c42f2a60220,58443,97887,97,245.56
2026/10/10 23:18:09.067,GPU-deec06d9-69c0-a4df-e1da-1c42f2a60220,58443,97887,97,256.98
2026/10/10 23:18:09.597,GPU-deec06d9-69c0-a4df-e1da-1c42f2a60220,58443,97887,100,256.07
2026/10/10 23:18:10.129,GPU-deec06d9-69c0-a4df-e1da-1c42f2a60220,58443,97887,97,246.94
2026/10/10 23:18:10.657,GPU-deec06d9-69c0-a4df-e1da-1c42f2a60220,58443,97887,97,251.49
2026/10/10 23:18:11.188,GPU-deec06d9-69c0-a4df-e1da-1c42f2a60220,58443,97887,100,262.67
2026/10/10 23:18:11.718,GPU-deec06d9-69c0-a4df-e1da-1c42f2a60220,58443,97887,97,245.95
2026/10/10 23:18:12.247,GPU-deec06d9-69c0-a4df-e1da-1c42f2a60220,58443,97887,97,256.04
2026/10/10 23:18:12.782,GPU-deec06d9-69c0-a4df-e1da-1c42f2a60220,58443,97887,100,258.72
2026/10/10 23:18:13.314,GPU-deec06d9-69c0-a4df-e1da-1c42f2a60220,58443,97887,97,251.09
2026/10/10 23:18:13.842,GPU-deec06d9-69c0-a4df-e1da-1c42f2a60220,58443,97887,100,248.88
2026/10/10 23:18:14.370,GPU-deec06d9-69c0-a4df-e1da-1c42f2a60220,58443,97887,100,258.36
2026/10/10 23:18:14.899,GPU-deec06d9-69c0-a4df-e1da-1c42f2a60220,58443,97887,97,257.64
2026/10/10 23:18:15.430,GPU-deec06d9-69c0-a4df-e1da-1c42f2a60220,58443,97887,100,248.58
2026/10/10 23:18:15.964,GPU-deec06d9-69c0-a4df-e1da-1c42f2a60220,58443,97887,97,255.31
2026/10/10 23:18:16.501,GPU-deec06d9-69c0-a4df-e1da-1c42f2a60220,58443,97887,97,258.61
2026/10/10 23:18:17.033,GPU-deec06d9-69c0-a4df-e1da-1c42f2a60220,58443,97887,100,248.80
2026/10/10 23:18:17.563,GPU-deec06d9-69c0-a4df-e1da-1c42f2a60220,58443,97887,97,252.81
2026/10/10 23:18:18.094,GPU-deec06d9-69c0-a4df-e1da-1c42f2a60220,58443,97887,100,253.38
2026/10/10 23:18:18.625,GPU-deec06d9-69c0-a4df-e1da-1c42f2a60220,58443,97887,99,260.80
2026/10/10 23:18:19.156,GPU-deec06d9-69c0-a4df-e1da-1c42f2a60220,58443,97887,97,246.52
2026/10/10 23:18:19.685,GPU-deec06d9-69c0-a4df-e1da-1c42f2a60220,58443,97887,100,249.92
2026/10/10 23:18:20.214,GPU-deec06d9-69c0-a4df-e1da-1c42f2a60220,58443,97887,100,260.90
2026/10/10 23:18:20.745,GPU-deec06d9-69c0-a4df-e1da-1c42f2a60220,58443,97887,96,252.67
2026/10/10 23:18:21.275,GPU-deec06d9-69c0-a4df-e1da-1c42f2a60220,58443,97887,100,255.60
2026/10/10 23:18:21.804,GPU-deec06d9-69c0-a4df-e1da-1c42f2a60220,58443,97887,97,256.87
2026/10/10 23:18:22.334,GPU-deec06d9-69c0-a4df-e1da-1c42f2a60220,58443,97887,97,254.15
2026/10/10 23:18:22.866,GPU-deec06d9-69c0-a4df-e1da-1c42f2a60220,58443,97887,100,268.10
2026/10/10 23:18:23.397,GPU-deec06d9-69c0-a4df-e1da-1c42f2a60220,58443,97887,97,251.20
2026/10/10 23:18:23.928,GPU-deec06d9-69c0-a4df-e1da-1c42f2a60220,58443,97887,97,255.24
2026/10/10 23:18:24.459,GPU-deec06d9-69c0-a4df-e1da-1c42f2a60220,58443,97887,100,245.78
2026/10/10 23:18:24.989,GPU-deec06d9-69c0-a4df-e1da-1c42f2a60220,58443,97887,97,248.59
2026/10/10 23:18:25.520,GPU-deec06d9-69c0-a4df-e1da-1c42f2a60220,58443,97887,96,260.96
2026/10/10 23:18:26.049,GPU-deec06d9-69c0-a4df-e1da-1c42f2a60220,58443,97887,100,248.78
2026/10/10 23:18:26.578,GPU-deec06d9-69c0-a4df-e1da-1c42f2a60220,58443,97887,97,252.67
2026/10/10 23:18:27.107,GPU-deec06d9-69c0-a4df-e1da-1c42f2a60220,58443,97887,97,259.55
2026/10/10 23:18:27.637,GPU-deec06d9-69c0-a4df-e1da-1c42f2a60220,58443,97887,100,258.98
2026/10/10 23:18:28.167,GPU-deec06d9-69c0-a4df-e1da-1c42f2a60220,58443,97887,97,265.72
2026/10/10 23:18:28.698,GPU-deec06d9-69c0-a4df-e1da-1c42f2a60220,58443,97887,100,246.43
2026/10/10 23:18:29.227,GPU-deec06d9-69c0-a4df-e1da-1c42f2a60220,58443,97887,100,257.08
2026/10/10 23:18:29.758,GPU-deec06d9-69c0-a4df-e1da-1c42f2a60220,58443,97887,96,245.31
2026/10/10 23:18:30.288,GPU-deec06d9-69c0-a4df-e1da-1c42f2a60220,58443,97887,100,252.31
2026/10/10 23:18:30.817,GPU-deec06d9-69c0-a4df-e1da-1c42f2a60220,58443,97887,97,255.61
2026/10/10 23:18:31.345,GPU-deec06d9-69c0-a4df-e1da-1c42f2a60220,58443,97887,97,259.92
2026/10/10 23:18:31.874,GPU-deec06d9-69c0-a4df-e1da-1c42f2a60220,58443,97887,100,266.10
2026/10/10 23:18:32.404,GPU-deec06d9-69c0-a4df-e1da-1c42f2a60220,58443,97887,97,255.23
2026/10/10 23:18:32.933,GPU-deec06d9-69c0-a4df-e1da-1c42f2a60220,58443,97887,96,261.80
2026/10/10 23:18:33.462,GPU-deec06d9-69c0-a4df-e1da-1c42f2a60220,58443,97887,100,248.90
2026/10/10 23:18:33.990,GPU-deec06d9-69c0-a4df-e1da-1c42f2a60220,58443,97887,97,251.24
2026/10/10 23:18:34.518,GPU-deec06d9-69c0-a4df-e1da-1c42f2a60220,58443,97887,100,256.00
2026/10/10 23:18:35.082,GPU-deec06d9-69c0-a4df-e1da-1c42f2a60220,58443,97887,100,260.55
2026/10/10 23:18:35.609,GPU-deec06d9-69c0-a4df-e1da-1c42f2a60220,58443,97887,97,260.00
2026/10/10 23:18:36.139,GPU-deec06d9-69c0-a4df-e1da-1c42f2a60220,58443,97887,100,251.57
2026/10/10 23:18:36.667,GPU-deec06d9-69c0-a4df-e1da-1c42f2a60220,58443,97887,100,254.93
2026/10/10 23:18:37.198,GPU-deec06d9-69c0-a4df-e1da-1c42f2a60220,58443,97887,97,265.72
2026/10/10 23:18:37.727,GPU-deec06d9-69c0-a4df-e1da-1c42f2a60220,58443,97887,100,252.45
2026/10/10 23:18:38.258,GPU-deec06d9-69c0-a4df-e1da-1c42f2a60220,58443,97887,100,257.94
2026/10/10 23:18:38.786,GPU-deec06d9-69c0-a4df-e1da-1c42f2a60220,58443,97887,97,269.70
2026/10/10 23:18:39.317,GPU-deec06d9-69c0-a4df-e1da-1c42f2a60220,58443,97887,100,259.26
2026/10/10 23:18:39.846,GPU-deec06d9-69c0-a4df-e1da-1c42f2a60220,58443,97887,97,251.25
2026/10/10 23:18:40.374,GPU-deec06d9-69c0-a4df-e1da-1c42f2a60220,58443,97887,97,257.66
2026/10/10 23:18:40.905,GPU-deec06d9-69c0-a4df-e1da-1c42f2a60220,58443,97887,100,266.71
2026/10/10 23:18:41.433,GPU-deec06d9-69c0-a4df-e1da-1c42f2a60220,58443,97887,97,255.17
2026/10/10 23:18:41.963,GPU-deec06d9-69c0-a4df-e1da-1c42f2a60220,58443,97887,96,261.13
2026/10/10 23:18:42.498,GPU-deec06d9-69c0-a4df-e1da-1c42f2a60220,58443,97887,100,267.47
2026/10/10 23:18:43.029,GPU-deec06d9-69c0-a4df-e1da-1c42f2a60220,58443,97887,97,255.25
2026/10/10 23:18:43.557,GPU-deec06d9-69c0-a4df-e1da-1c42f2a60220,58443,97887,100,256.10
2026/10/10 23:18:44.085,GPU-deec06d9-69c0-a4df-e1da-1c42f2a60220,58443,97887,100,261.01
2026/10/10 23:18:44.613,GPU-deec06d9-69c0-a4df-e1da-1c42f2a60220,58443,97887,97,265.06
2026/10/10 23:18:45.141,GPU-deec06d9-69c0-a4df-e1da-1c42f2a60220,58443,97887,100,254.65
2026/10/10 23:18:45.668,GPU-deec06d9-69c0-a4df-e1da-1c42f2a60220,58443,97887,100,259.40
2026/10/10 23:18:46.197,GPU-deec06d9-69c0-a4df-e1da-1c42f2a60220,58443,97887,97,268.30
2026/10/10 23:18:46.725,GPU-deec06d9-69c0-a4df-e1da-1c42f2a60220,58443,97887,100,255.76
2026/10/10 23:18:47.255,GPU-deec06d9-69c0-a4df-e1da-1c42f2a60220,58443,97887,98,253.83
2026/10/10 23:18:47.805,GPU-deec06d9-69c0-a4df-e1da-1c42f2a60220,58443,97887,97,257.08
2026/10/10 23:18:48.332,GPU-deec06d9-69c0-a4df-e1da-1c42f2a60220,58443,97887,100,262.26
2026/10/10 23:18:48.859,GPU-deec06d9-69c0-a4df-e1da-1c42f2a60220,58443,97887,97,248.98
2026/10/10 23:18:49.387,GPU-deec06d9-69c0-a4df-e1da-1c42f2a60220,58443,97887,97,258.95
2026/10/10 23:18:49.914,GPU-deec06d9-69c0-a4df-e1da-1c42f2a60220,58443,97887,100,263.14
2026/10/10 23:18:50.443,GPU-deec06d9-69c0-a4df-e1da-1c42f2a60220,58443,97887,97,258.77
2026/10/10 23:18:50.971,GPU-deec06d9-69c0-a4df-e1da-1c42f2a60220,58443,97887,100,253.87
2026/10/10 23:18:51.499,GPU-deec06d9-69c0-a4df-e1da-1c42f2a60220,58443,97887,99,257.50
2026/10/10 23:18:52.027,GPU-deec06d9-69c0-a4df-e1da-1c42f2a60220,58443,97887,97,266.94
2026/10/10 23:18:52.555,GPU-deec06d9-69c0-a4df-e1da-1c42f2a60220,58443,97887,100,256.45
2026/10/10 23:18:53.085,GPU-deec06d9-69c0-a4df-e1da-1c42f2a60220,58443,97887,99,250.96
2026/10/10 23:18:53.614,GPU-deec06d9-69c0-a4df-e1da-1c42f2a60220,58443,97887,97,258.78
2026/10/10 23:18:54.143,GPU-deec06d9-69c0-a4df-e1da-1c42f2a60220,58443,97887,100,256.23
2026/10/10 23:18:54.671,GPU-deec06d9-69c0-a4df-e1da-1c42f2a60220,58443,97887,97,251.06
2026/10/10 23:18:55.199,GPU-deec06d9-69c0-a4df-e1da-1c42f2a60220,58443,97887,97,257.38
2026/10/10 23:18:55.739,GPU-deec06d9-69c0-a4df-e1da-1c42f2a60220,58443,97887,100,263.70
2026/10/10 23:18:56.268,GPU-deec06d9-69c0-a4df-e1da-1c42f2a60220,58443,97887,97,248.85
2026/10/10 23:18:56.795,GPU-deec06d9-69c0-a4df-e1da-1c42f2a60220,58443,97887,97,255.30
2026/10/10 23:18:57.326,GPU-deec06d9-69c0-a4df-e1da-1c42f2a60220,58443,97887,100,257.74
2026/10/10 23:18:57.854,GPU-deec06d9-69c0-a4df-e1da-1c42f2a60220,58443,97887,97,253.08
2026/10/10 23:18:58.383,GPU-deec06d9-69c0-a4df-e1da-1c42f2a60220,58443,97887,100,238.84
2026/10/10 23:18:58.910,GPU-deec06d9-69c0-a4df-e1da-1c42f2a60220,58443,97887,97,258.85
2026/10/10 23:18:59.437,GPU-deec06d9-69c0-a4df-e1da-1c42f2a60220,58443,97887,97,266.71
2026/10/10 23:18:59.965,GPU-deec06d9-69c0-a4df-e1da-1c42f2a60220,58443,97887,100,255.38
2026/10/10 23:19:00.492,GPU-deec06d9-69c0-a4df-e1da-1c42f2a60220,58443,97887,100,260.07
2026/10/10 23:19:01.019,GPU-deec06d9-69c0-a4df-e1da-1c42f2a60220,58443,97887,97,260.68
2026/10/10 23:19:01.547,GPU-deec06d9-69c0-a4df-e1da-1c42f2a60220,58443,97887,100,258.49
2026/10/10 23:19:02.075,GPU-deec06d9-69c0-a4df-e1da-1c42f2a60220,58443,97887,97,246.74
2026/10/10 23:19:02.603,GPU-deec06d9-69c0-a4df-e1da-1c42f2a60220,58443,97887,97,260.42
2026/10/10 23:19:03.131,GPU-deec06d9-69c0-a4df-e1da-1c42f2a60220,58443,97887,100,257.36
2026/10/10 23:19:03.660,GPU-deec06d9-69c0-a4df-e1da-1c42f2a60220,58443,97887,97,248.33
2026/10/10 23:19:04.187,GPU-deec06d9-69c0-a4df-e1da-1c42f2a60220,58443,97887,97,258.29
2026/10/10 23:19:04.718,GPU-deec06d9-69c0-a4df-e1da-1c42f2a60220,58443,97887,100,266.74
2026/10/10 23:19:05.245,GPU-deec06d9-69c0-a4df-e1da-1c42f2a60220,58443,97887,97,252.78
2026/10/10 23:19:05.773,GPU-deec06d9-69c0-a4df-e1da-1c42f2a60220,58443,97887,100,255.55
2026/10/10 23:19:06.300,GPU-deec06d9-69c0-a4df-e1da-1c42f2a60220,58443,97887,100,252.93
2026/10/10 23:19:06.827,GPU-deec06d9-69c0-a4df-e1da-1c42f2a60220,58443,97887,97,266.61
2026/10/10 23:19:07.356,GPU-deec06d9-69c0-a4df-e1da-1c42f2a60220,58443,97887,100,249.03
2026/10/10 23:19:07.885,GPU-deec06d9-69c0-a4df-e1da-1c42f2a60220,58443,97887,100,260.35
2026/10/10 23:19:08.413,GPU-deec06d9-69c0-a4df-e1da-1c42f2a60220,58443,97887,97,256.87
2026/10/10 23:19:08.942,GPU-deec06d9-69c0-a4df-e1da-1c42f2a60220,58443,97887,100,247.42
2026/10/10 23:19:09.470,GPU-deec06d9-69c0-a4df-e1da-1c42f2a60220,58443,97887,100,255.95
2026/10/10 23:19:09.999,GPU-deec06d9-69c0-a4df-e1da-1c42f2a60220,58443,97887,97,253.14
2026/10/10 23:19:10.527,GPU-deec06d9-69c0-a4df-e1da-1c42f2a60220,58443,97887,100,254.04
2026/10/10 23:19:11.058,GPU-deec06d9-69c0-a4df-e1da-1c42f2a60220,58443,97887,99,258.05
2026/10/10 23:19:11.587,GPU-deec06d9-69c0-a4df-e1da-1c42f2a60220,58443,97887,96,260.96
2026/10/10 23:19:12.115,GPU-deec06d9-69c0-a4df-e1da-1c42f2a60220,58443,97887,100,250.44
2026/10/10 23:19:12.643,GPU-deec06d9-69c0-a4df-e1da-1c42f2a60220,58443,97887,97,248.15
2026/10/10 23:19:13.173,GPU-deec06d9-69c0-a4df-e1da-1c42f2a60220,58443,97887,97,260.47
2026/10/10 23:19:13.701,GPU-deec06d9-69c0-a4df-e1da-1c42f2a60220,58443,97887,100,249.39
2026/10/10 23:19:14.229,GPU-deec06d9-69c0-a4df-e1da-1c42f2a60220,58443,97887,97,248.93
2026/10/10 23:19:14.760,GPU-deec06d9-69c0-a4df-e1da-1c42f2a60220,58443,97887,96,263.19
2026/10/10 23:19:15.290,GPU-deec06d9-69c0-a4df-e1da-1c42f2a60220,58443,97887,100,250.56
2026/10/10 23:19:15.820,GPU-deec06d9-69c0-a4df-e1da-1c42f2a60220,58443,97887,97,250.30
2026/10/10 23:19:16.349,GPU-deec06d9-69c0-a4df-e1da-1c42f2a60220,58443,97887,100,253.90
2026/10/10 23:19:16.878,GPU-deec06d9-69c0-a4df-e1da-1c42f2a60220,58443,97887,100,261.33
2026/10/10 23:19:17.407,GPU-deec06d9-69c0-a4df-e1da-1c42f2a60220,58443,97887,97,247.46
2026/10/10 23:19:17.938,GPU-deec06d9-69c0-a4df-e1da-1c42f2a60220,58443,97887,100,255.23
2026/10/10 23:19:18.467,GPU-deec06d9-69c0-a4df-e1da-1c42f2a60220,58443,97887,100,264.09
2026/10/10 23:19:18.994,GPU-deec06d9-69c0-a4df-e1da-1c42f2a60220,58443,97887,97,257.87
2026/10/10 23:19:19.522,GPU-deec06d9-69c0-a4df-e1da-1c42f2a60220,58443,97887,100,256.55
2026/10/10 23:19:20.051,GPU-deec06d9-69c0-a4df-e1da-1c42f2a60220,58443,97887,97,244.97
2026/10/10 23:19:20.580,GPU-deec06d9-69c0-a4df-e1da-1c42f2a60220,58443,97887,97,259.62
2026/10/10 23:19:21.107,GPU-deec06d9-69c0-a4df-e1da-1c42f2a60220,58443,97887,100,242.03
2026/10/10 23:19:21.634,GPU-deec06d9-69c0-a4df-e1da-1c42f2a60220,58443,97887,97,245.85
2026/10/10 23:19:22.161,GPU-deec06d9-69c0-a4df-e1da-1c42f2a60220,58443,97887,97,261.00
2026/10/10 23:19:22.690,GPU-deec06d9-69c0-a4df-e1da-1c42f2a60220,58443,97887,100,267.69
2026/10/10 23:19:23.218,GPU-deec06d9-69c0-a4df-e1da-1c42f2a60220,58443,97887,98,255.30
2026/10/10 23:19:23.781,GPU-deec06d9-69c0-a4df-e1da-1c42f2a60220,58443,97887,98,249.26
2026/10/10 23:19:24.334,GPU-deec06d9-69c0-a4df-e1da-1c42f2a60220,58443,97887,100,258.65
2026/10/10 23:19:24.861,GPU-deec06d9-69c0-a4df-e1da-1c42f2a60220,58443,97887,97,256.34
2026/10/10 23:19:25.388,GPU-deec06d9-69c0-a4df-e1da-1c42f2a60220,58443,97887,100,246.99
2026/10/10 23:19:25.915,GPU-deec06d9-69c0-a4df-e1da-1c42f2a60220,58443,97887,100,255.67
2026/10/10 23:19:26.442,GPU-deec06d9-69c0-a4df-e1da-1c42f2a60220,58443,97887,97,256.32
2026/10/10 23:19:26.969,GPU-deec06d9-69c0-a4df-e1da-1c42f2a60220,58443,97887,100,252.12
2026/10/10 23:19:27.498,GPU-deec06d9-69c0-a4df-e1da-1c42f2a60220,58443,97887,100,255.38
2026/10/10 23:19:28.025,GPU-deec06d9-69c0-a4df-e1da-1c42f2a60220,58443,97887,100,267.25
2026/10/10 23:19:28.553,GPU-deec06d9-69c0-a4df-e1da-1c42f2a60220,58443,97887,97,249.85
2026/10/10 23:19:29.081,GPU-deec06d9-69c0-a4df-e1da-1c42f2a60220,58443,97887,100,245.01
2026/10/10 23:19:29.611,GPU-deec06d9-69c0-a4df-e1da-1c42f2a60220,58443,97887,97,254.43
2026/10/10 23:19:30.138,GPU-deec06d9-69c0-a4df-e1da-1c42f2a60220,58443,97887,97,258.35
2026/10/10 23:19:30.680,GPU-deec06d9-69c0-a4df-e1da-1c42f2a60220,58443,97887,100,241.94
2026/10/10 23:19:31.206,GPU-deec06d9-69c0-a4df-e1da-1c42f2a60220,58443,97887,97,252.85
2026/10/10 23:19:31.762,GPU-deec06d9-69c0-a4df-e1da-1c42f2a60220,58443,97887,96,260.38
2026/10/10 23:19:32.317,GPU-deec06d9-69c0-a4df-e1da-1c42f2a60220,58443,97887,100,249.18
2026/10/10 23:19:32.849,GPU-deec06d9-69c0-a4df-e1da-1c42f2a60220,58443,97887,97,252.20
2026/10/10 23:19:33.387,GPU-deec06d9-69c0-a4df-e1da-1c42f2a60220,58443,97887,98,257.96
2026/10/10 23:19:33.920,GPU-deec06d9-69c0-a4df-e1da-1c42f2a60220,58443,97887,100,249.63
2026/10/10 23:19:34.452,GPU-deec06d9-69c0-a4df-e1da-1c42f2a60220,58443,97887,97,264.11
2026/10/10 23:19:34.980,GPU-deec06d9-69c0-a4df-e1da-1c42f2a60220,58443,97887,100,255.66
2026/10/10 23:19:35.508,GPU-deec06d9-69c0-a4df-e1da-1c42f2a60220,58443,97887,100,261.17
2026/10/10 23:19:36.040,GPU-deec06d9-69c0-a4df-e1da-1c42f2a60220,58443,97887,96,267.95
2026/10/10 23:19:36.571,GPU-deec06d9-69c0-a4df-e1da-1c42f2a60220,58443,97887,100,256.14
2026/10/10 23:19:37.100,GPU-deec06d9-69c0-a4df-e1da-1c42f2a60220,58443,97887,98,256.83
2026/10/10 23:19:37.630,GPU-deec06d9-69c0-a4df-e1da-1c42f2a60220,58443,97887,96,251.82
2026/10/10 23:19:38.160,GPU-deec06d9-69c0-a4df-e1da-1c42f2a60220,58443,97887,100,267.28
2026/10/10 23:19:38.690,GPU-deec06d9-69c0-a4df-e1da-1c42f2a60220,58443,97887,97,250.48
2026/10/10 23:19:39.219,GPU-deec06d9-69c0-a4df-e1da-1c42f2a60220,58443,97887,96,255.19
2026/10/10 23:19:39.749,GPU-deec06d9-69c0-a4df-e1da-1c42f2a60220,58443,97887,100,261.17
2026/10/10 23:19:40.284,GPU-deec06d9-69c0-a4df-e1da-1c42f2a60220,58443,97887,97,254.42
2026/10/10 23:19:40.829,GPU-deec06d9-69c0-a4df-e1da-1c42f2a60220,58443,97887,96,261.04
2026/10/10 23:19:41.359,GPU-deec06d9-69c0-a4df-e1da-1c42f2a60220,58443,97887,100,265.79
2026/10/10 23:19:41.888,GPU-deec06d9-69c0-a4df-e1da-1c42f2a60220,58443,97887,97,253.05
2026/10/10 23:19:42.418,GPU-deec06d9-69c0-a4df-e1da-1c42f2a60220,58443,97887,100,250.32
2026/10/10 23:19:42.945,GPU-deec06d9-69c0-a4df-e1da-1c42f2a60220,58443,97887,100,255.48
2026/10/10 23:19:43.476,GPU-deec06d9-69c0-a4df-e1da-1c42f2a60220,58443,97887,97,260.27
2026/10/10 23:19:44.005,GPU-deec06d9-69c0-a4df-e1da-1c42f2a60220,58443,97887,100,248.34
2026/10/10 23:19:44.536,GPU-deec06d9-69c0-a4df-e1da-1c42f2a60220,58443,97887,100,261.16
2026/10/10 23:19:45.065,GPU-deec06d9-69c0-a4df-e1da-1c42f2a60220,58443,97887,97,267.50
2026/10/10 23:19:45.594,GPU-deec06d9-69c0-a4df-e1da-1c42f2a60220,58443,97887,100,261.04
2026/10/10 23:19:46.123,GPU-deec06d9-69c0-a4df-e1da-1c42f2a60220,58443,97887,97,253.32
2026/10/10 23:19:46.653,GPU-deec06d9-69c0-a4df-e1da-1c42f2a60220,58443,97887,97,260.27
2026/10/10 23:19:47.184,GPU-deec06d9-69c0-a4df-e1da-1c42f2a60220,58443,97887,100,266.01
2026/10/10 23:19:47.712,GPU-deec06d9-69c0-a4df-e1da-1c42f2a60220,58443,97887,97,251.22
2026/10/10 23:19:48.241,GPU-deec06d9-69c0-a4df-e1da-1c42f2a60220,58443,97887,98,254.07
2026/10/10 23:19:48.770,GPU-deec06d9-69c0-a4df-e1da-1c42f2a60220,58443,97887,100,262.76
2026/10/10 23:19:49.299,GPU-deec06d9-69c0-a4df-e1da-1c42f2a60220,58443,97887,97,262.26
2026/10/10 23:19:49.825,GPU-deec06d9-69c0-a4df-e1da-1c42f2a60220,58443,97887,100,251.74
2026/10/10 23:19:50.354,GPU-deec06d9-69c0-a4df-e1da-1c42f2a60220,58443,97887,100,249.74
2026/10/10 23:19:50.885,GPU-deec06d9-69c0-a4df-e1da-1c42f2a60220,58443,97887,97,266.39
2026/10/10 23:19:51.414,GPU-deec06d9-69c0-a4df-e1da-1c42f2a60220,58443,97887,100,254.07
2026/10/10 23:19:51.942,GPU-deec06d9-69c0-a4df-e1da-1c42f2a60220,58443,97887,98,257.42
2026/10/10 23:19:52.470,GPU-deec06d9-69c0-a4df-e1da-1c42f2a60220,58443,97887,97,257.96
2026/10/10 23:19:52.998,GPU-deec06d9-69c0-a4df-e1da-1c42f2a60220,58443,97887,100,259.68
2026/10/10 23:19:53.528,GPU-deec06d9-69c0-a4df-e1da-1c42f2a60220,58443,97887,97,256.05
2026/10/10 23:19:54.058,GPU-deec06d9-69c0-a4df-e1da-1c42f2a60220,58443,97887,97,247.97
2026/10/10 23:19:54.586,GPU-deec06d9-69c0-a4df-e1da-1c42f2a60220,58443,97887,100,256.98
2026/10/10 23:19:55.114,GPU-deec06d9-69c0-a4df-e1da-1c42f2a60220,58443,97887,97,250.57
2026/10/10 23:19:55.643,GPU-deec06d9-69c0-a4df-e1da-1c42f2a60220,58443,97887,98,256.48
2026/10/10 23:19:56.172,GPU-deec06d9-69c0-a4df-e1da-1c42f2a60220,58443,97887,100,265.22
2026/10/10 23:19:56.700,GPU-deec06d9-69c0-a4df-e1da-1c42f2a60220,58443,97887,97,263.91
2026/10/10 23:19:57.229,GPU-deec06d9-69c0-a4df-e1da-1c42f2a60220,58443,97887,100,255.33
2026/10/10 23:19:57.759,GPU-deec06d9-69c0-a4df-e1da-1c42f2a60220,58443,97887,100,264.07
2026/10/10 23:19:58.290,GPU-deec06d9-69c0-a4df-e1da-1c42f2a60220,58443,97887,97,269.35
2026/10/10 23:19:58.820,GPU-deec06d9-69c0-a4df-e1da-1c42f2a60220,58443,97887,100,248.68
2026/10/10 23:19:59.358,GPU-deec06d9-69c0-a4df-e1da-1c42f2a60220,58443,97887,100,259.23
2026/10/10 23:19:59.887,GPU-deec06d9-69c0-a4df-e1da-1c42f2a60220,58443,97887,97,266.97
2026/10/10 23:20:00.418,GPU-deec06d9-69c0-a4df-e1da-1c42f2a60220,58443,97887,99,249.09
2026/10/10 23:20:00.948,GPU-deec06d9-69c0-a4df-e1da-1c42f2a60220,58443,97887,100,256.94
2026/10/10 23:20:01.478,GPU-deec06d9-69c0-a4df-e1da-1c42f2a60220,58443,97887,96,266.49
2026/10/10 23:20:02.009,GPU-deec06d9-69c0-a4df-e1da-1c42f2a60220,58443,97887,100,257.98
2026/10/10 23:20:02.541,GPU-deec06d9-69c0-a4df-e1da-1c42f2a60220,58443,97887,97,249.89
2026/10/10 23:20:03.070,GPU-deec06d9-69c0-a4df-e1da-1c42f2a60220,58443,97887,96,251.21
2026/10/10 23:20:03.600,GPU-deec06d9-69c0-a4df-e1da-1c42f2a60220,58443,97887,100,260.36
2026/10/10 23:20:04.129,GPU-deec06d9-69c0-a4df-e1da-1c42f2a60220,58443,97887,97,250.83
2026/10/10 23:20:04.659,GPU-deec06d9-69c0-a4df-e1da-1c42f2a60220,58443,97887,96,258.92
2026/10/10 23:20:05.190,GPU-deec06d9-69c0-a4df-e1da-1c42f2a60220,58443,97887,100,263.07
2026/10/10 23:20:05.721,GPU-deec06d9-69c0-a4df-e1da-1c42f2a60220,58443,97887,97,251.19
2026/10/10 23:20:06.249,GPU-deec06d9-69c0-a4df-e1da-1c42f2a60220,58443,97887,100,255.84
2026/10/10 23:20:06.779,GPU-deec06d9-69c0-a4df-e1da-1c42f2a60220,58443,97887,100,263.93
2026/10/10 23:20:07.308,GPU-deec06d9-69c0-a4df-e1da-1c42f2a60220,58443,97887,97,265.43
2026/10/10 23:20:07.838,GPU-deec06d9-69c0-a4df-e1da-1c42f2a60220,58443,97887,99,249.82
2026/10/10 23:20:08.366,GPU-deec06d9-69c0-a4df-e1da-1c42f2a60220,58443,97887,100,256.04
2026/10/10 23:20:08.897,GPU-deec06d9-69c0-a4df-e1da-1c42f2a60220,58443,97887,96,262.07
2026/10/10 23:20:09.426,GPU-deec06d9-69c0-a4df-e1da-1c42f2a60220,58443,97887,100,254.73
2026/10/10 23:20:09.956,GPU-deec06d9-69c0-a4df-e1da-1c42f2a60220,58443,97887,100,258.05
2026/10/10 23:20:10.492,GPU-deec06d9-69c0-a4df-e1da-1c42f2a60220,58443,97887,97,267.35
2026/10/10 23:20:11.021,GPU-deec06d9-69c0-a4df-e1da-1c42f2a60220,58443,97887,100,257.19
2026/10/10 23:20:11.551,GPU-deec06d9-69c0-a4df-e1da-1c42f2a60220,58443,97887,100,258.39
2026/10/10 23:20:12.081,GPU-deec06d9-69c0-a4df-e1da-1c42f2a60220,58443,97887,97,265.20
2026/10/10 23:20:12.609,GPU-deec06d9-69c0-a4df-e1da-1c42f2a60220,58443,97887,100,255.14
2026/10/10 23:20:13.140,GPU-deec06d9-69c0-a4df-e1da-1c42f2a60220,58443,97887,99,259.55
2026/10/10 23:20:13.668,GPU-deec06d9-69c0-a4df-e1da-1c42f2a60220,58443,97887,97,252.51
2026/10/10 23:20:14.197,GPU-deec06d9-69c0-a4df-e1da-1c42f2a60220,58443,97887,100,267.74
2026/10/10 23:20:14.725,GPU-deec06d9-69c0-a4df-e1da-1c42f2a60220,58443,97887,97,247.42
2026/10/10 23:20:15.258,GPU-deec06d9-69c0-a4df-e1da-1c42f2a60220,58443,97887,97,245.63
2026/10/10 23:20:15.784,GPU-deec06d9-69c0-a4df-e1da-1c42f2a60220,58443,97887,100,265.80
2026/10/10 23:20:16.317,GPU-deec06d9-69c0-a4df-e1da-1c42f2a60220,58443,97887,96,254.45
2026/10/10 23:20:16.848,GPU-deec06d9-69c0-a4df-e1da-1c42f2a60220,58443,97887,97,259.19
2026/10/10 23:20:17.377,GPU-deec06d9-69c0-a4df-e1da-1c42f2a60220,58443,97887,100,260.58
2026/10/10 23:20:17.907,GPU-deec06d9-69c0-a4df-e1da-1c42f2a60220,58443,97887,97,262.99
2026/10/10 23:20:18.439,GPU-deec06d9-69c0-a4df-e1da-1c42f2a60220,58443,97887,100,250.73
2026/10/10 23:20:18.967,GPU-deec06d9-69c0-a4df-e1da-1c42f2a60220,58443,97887,100,257.39
2026/10/10 23:20:19.498,GPU-deec06d9-69c0-a4df-e1da-1c42f2a60220,58443,97887,97,259.73
2026/10/10 23:20:20.026,GPU-deec06d9-69c0-a4df-e1da-1c42f2a60220,58443,97887,100,254.62
2026/10/10 23:20:20.557,GPU-deec06d9-69c0-a4df-e1da-1c42f2a60220,58443,97887,100,261.78
2026/10/10 23:20:21.085,GPU-deec06d9-69c0-a4df-e1da-1c42f2a60220,58443,97887,97,268.27
2026/10/10 23:20:21.613,GPU-deec06d9-69c0-a4df-e1da-1c42f2a60220,58443,97887,100,250.83
2026/10/10 23:20:22.141,GPU-deec06d9-69c0-a4df-e1da-1c42f2a60220,58443,97887,98,253.62
2026/10/10 23:20:22.668,GPU-deec06d9-69c0-a4df-e1da-1c42f2a60220,58443,97887,97,262.15
2026/10/10 23:20:23.198,GPU-deec06d9-69c0-a4df-e1da-1c42f2a60220,58443,97887,100,265.79
2026/10/10 23:20:23.727,GPU-deec06d9-69c0-a4df-e1da-1c42f2a60220,58443,97887,97,247.76
2026/10/10 23:20:24.258,GPU-deec06d9-69c0-a4df-e1da-1c42f2a60220,58443,97887,97,261.92
2026/10/10 23:20:24.785,GPU-deec06d9-69c0-a4df-e1da-1c42f2a60220,58443,97887,100,261.57
2026/10/10 23:20:25.317,GPU-deec06d9-69c0-a4df-e1da-1c42f2a60220,58443,97887,97,256.39
2026/10/10 23:20:25.847,GPU-deec06d9-69c0-a4df-e1da-1c42f2a60220,58443,97887,100,252.53
2026/10/10 23:20:26.378,GPU-deec06d9-69c0-a4df-e1da-1c42f2a60220,58443,97887,100,260.52
2026/10/10 23:20:26.905,GPU-deec06d9-69c0-a4df-e1da-1c42f2a60220,58443,97887,97,259.24
2026/10/10 23:20:27.435,GPU-deec06d9-69c0-a4df-e1da-1c42f2a60220,58443,97887,100,246.07
2026/10/10 23:20:27.963,GPU-deec06d9-69c0-a4df-e1da-1c42f2a60220,58443,97887,100,262.00
2026/10/10 23:20:28.493,GPU-deec06d9-69c0-a4df-e1da-1c42f2a60220,58443,97887,97,263.57
2026/10/10 23:20:29.020,GPU-deec06d9-69c0-a4df-e1da-1c42f2a60220,58443,97887,99,248.96
2026/10/10 23:20:29.549,GPU-deec06d9-69c0-a4df-e1da-1c42f2a60220,58443,97887,100,257.96
2026/10/10 23:20:30.079,GPU-deec06d9-69c0-a4df-e1da-1c42f2a60220,58443,97887,96,251.02
2026/10/10 23:20:30.607,GPU-deec06d9-69c0-a4df-e1da-1c42f2a60220,58443,97887,99,252.67
2026/10/10 23:20:31.141,GPU-deec06d9-69c0-a4df-e1da-1c42f2a60220,58443,97887,97,249.45
2026/10/10 23:20:31.670,GPU-deec06d9-69c0-a4df-e1da-1c42f2a60220,58443,97887,96,257.81
2026/10/10 23:20:32.200,GPU-deec06d9-69c0-a4df-e1da-1c42f2a60220,58443,97887,100,267.00
2026/10/10 23:20:32.729,GPU-deec06d9-69c0-a4df-e1da-1c42f2a60220,58443,97887,97,254.70
2026/10/10 23:20:33.260,GPU-deec06d9-69c0-a4df-e1da-1c42f2a60220,58443,97887,96,261.18
2026/10/10 23:20:33.790,GPU-deec06d9-69c0-a4df-e1da-1c42f2a60220,58443,97887,100,250.82
2026/10/10 23:20:34.321,GPU-deec06d9-69c0-a4df-e1da-1c42f2a60220,58443,97887,97,251.20
2026/10/10 23:20:34.851,GPU-deec06d9-69c0-a4df-e1da-1c42f2a60220,58443,97887,96,259.05
2026/10/10 23:20:35.381,GPU-deec06d9-69c0-a4df-e1da-1c42f2a60220,58443,97887,100,253.44
2026/10/10 23:20:35.909,GPU-deec06d9-69c0-a4df-e1da-1c42f2a60220,58443,97887,97,255.10
2026/10/10 23:20:36.439,GPU-deec06d9-69c0-a4df-e1da-1c42f2a60220,58443,97887,100,253.34
2026/10/10 23:20:36.969,GPU-deec06d9-69c0-a4df-e1da-1c42f2a60220,58443,97887,99,258.45
2026/10/10 23:20:37.499,GPU-deec06d9-69c0-a4df-e1da-1c42f2a60220,58443,97887,97,256.31
2026/10/10 23:20:38.031,GPU-deec06d9-69c0-a4df-e1da-1c42f2a60220,58443,97887,100,245.47
2026/10/10 23:20:38.562,GPU-deec06d9-69c0-a4df-e1da-1c42f2a60220,58443,97887,100,261.71
2026/10/10 23:20:39.092,GPU-deec06d9-69c0-a4df-e1da-1c42f2a60220,58443,97887,97,249.18
2026/10/10 23:20:39.621,GPU-deec06d9-69c0-a4df-e1da-1c42f2a60220,58443,97887,100,251.80
2026/10/10 23:20:40.152,GPU-deec06d9-69c0-a4df-e1da-1c42f2a60220,58443,97887,100,259.87
2026/10/10 23:20:40.684,GPU-deec06d9-69c0-a4df-e1da-1c42f2a60220,58443,97887,97,254.09
2026/10/10 23:20:41.227,GPU-deec06d9-69c0-a4df-e1da-1c42f2a60220,58443,97887,100,255.88
2026/10/10 23:20:41.756,GPU-deec06d9-69c0-a4df-e1da-1c42f2a60220,58443,97887,100,248.39
2026/10/10 23:20:42.288,GPU-deec06d9-69c0-a4df-e1da-1c42f2a60220,58443,97887,97,262.87
2026/10/10 23:20:42.818,GPU-deec06d9-69c0-a4df-e1da-1c42f2a60220,58443,97887,100,259.16
2026/10/10 23:20:43.347,GPU-deec06d9-69c0-a4df-e1da-1c42f2a60220,58443,97887,97,255.04
2026/10/10 23:20:43.876,GPU-deec06d9-69c0-a4df-e1da-1c42f2a60220,58443,97887,97,261.13
2026/10/10 23:20:44.405,GPU-deec06d9-69c0-a4df-e1da-1c42f2a60220,58443,97887,100,247.99
2026/10/10 23:20:44.933,GPU-deec06d9-69c0-a4df-e1da-1c42f2a60220,58443,97887,97,251.74
2026/10/10 23:20:45.464,GPU-deec06d9-69c0-a4df-e1da-1c42f2a60220,58443,97887,100,257.79
2026/10/10 23:20:45.992,GPU-deec06d9-69c0-a4df-e1da-1c42f2a60220,58443,97887,100,260.74
2026/10/10 23:20:46.522,GPU-deec06d9-69c0-a4df-e1da-1c42f2a60220,58443,97887,97,267.92
2026/10/10 23:20:47.052,GPU-deec06d9-69c0-a4df-e1da-1c42f2a60220,58443,97887,100,249.52
2026/10/10 23:20:47.580,GPU-deec06d9-69c0-a4df-e1da-1c42f2a60220,58443,97887,100,261.52
2026/10/10 23:20:48.109,GPU-deec06d9-69c0-a4df-e1da-1c42f2a60220,58443,97887,97,255.07
2026/10/10 23:20:48.636,GPU-deec06d9-69c0-a4df-e1da-1c42f2a60220,58443,97887,100,257.34
2026/10/10 23:20:49.166,GPU-deec06d9-69c0-a4df-e1da-1c42f2a60220,58443,97887,97,254.17
2026/10/10 23:20:49.696,GPU-deec06d9-69c0-a4df-e1da-1c42f2a60220,58443,97887,97,260.17
2026/10/10 23:20:50.225,GPU-deec06d9-69c0-a4df-e1da-1c42f2a60220,58443,97887,100,257.04
2026/10/10 23:20:50.754,GPU-deec06d9-69c0-a4df-e1da-1c42f2a60220,58443,97887,97,244.70
2026/10/10 23:20:51.280,GPU-deec06d9-69c0-a4df-e1da-1c42f2a60220,58443,97887,97,258.55
2026/10/10 23:20:51.809,GPU-deec06d9-69c0-a4df-e1da-1c42f2a60220,58443,97887,100,249.45
2026/10/10 23:20:52.339,GPU-deec06d9-69c0-a4df-e1da-1c42f2a60220,58443,97887,97,247.11
2026/10/10 23:20:52.867,GPU-deec06d9-69c0-a4df-e1da-1c42f2a60220,58443,97887,97,258.72
2026/10/10 23:20:53.395,GPU-deec06d9-69c0-a4df-e1da-1c42f2a60220,58443,97887,100,256.47
2026/10/10 23:20:53.924,GPU-deec06d9-69c0-a4df-e1da-1c42f2a60220,58443,97887,97,254.47
2026/10/10 23:20:54.451,GPU-deec06d9-69c0-a4df-e1da-1c42f2a60220,58443,97887,96,257.53
2026/10/10 23:20:54.980,GPU-deec06d9-69c0-a4df-e1da-1c42f2a60220,58443,97887,100,249.37
2026/10/10 23:20:55.508,GPU-deec06d9-69c0-a4df-e1da-1c42f2a60220,58443,97887,96,240.24
2026/10/10 23:20:56.039,GPU-deec06d9-69c0-a4df-e1da-1c42f2a60220,58443,97887,99,251.97
2026/10/10 23:20:56.567,GPU-deec06d9-69c0-a4df-e1da-1c42f2a60220,58443,97887,100,260.39
2026/10/10 23:20:57.098,GPU-deec06d9-69c0-a4df-e1da-1c42f2a60220,58443,97887,97,249.16
2026/10/10 23:20:57.628,GPU-deec06d9-69c0-a4df-e1da-1c42f2a60220,58443,97887,100,245.84
2026/10/10 23:20:58.158,GPU-deec06d9-69c0-a4df-e1da-1c42f2a60220,58443,97887,100,257.45
2026/10/10 23:20:58.687,GPU-deec06d9-69c0-a4df-e1da-1c42f2a60220,58443,97887,97,258.20
2026/10/10 23:20:59.218,GPU-deec06d9-69c0-a4df-e1da-1c42f2a60220,58443,97887,100,242.35
2026/10/10 23:20:59.748,GPU-deec06d9-69c0-a4df-e1da-1c42f2a60220,58443,97887,97,244.76
2026/10/10 23:21:00.277,GPU-deec06d9-69c0-a4df-e1da-1c42f2a60220,58443,97887,97,260.16
2026/10/10 23:21:00.805,GPU-deec06d9-69c0-a4df-e1da-1c42f2a60220,58443,97887,100,244.76
2026/10/10 23:21:01.335,GPU-deec06d9-69c0-a4df-e1da-1c42f2a60220,58443,97887,97,249.66
2026/10/10 23:21:01.862,GPU-deec06d9-69c0-a4df-e1da-1c42f2a60220,58443,97887,97,250.42
2026/10/10 23:21:02.391,GPU-deec06d9-69c0-a4df-e1da-1c42f2a60220,58443,97887,100,259.79
2026/10/10 23:21:02.919,GPU-deec06d9-69c0-a4df-e1da-1c42f2a60220,58443,97887,97,262.21
2026/10/10 23:21:03.448,GPU-deec06d9-69c0-a4df-e1da-1c42f2a60220,58443,97887,100,245.13
2026/10/10 23:21:03.982,GPU-deec06d9-69c0-a4df-e1da-1c42f2a60220,58443,97887,100,258.90
2026/10/10 23:21:04.512,GPU-deec06d9-69c0-a4df-e1da-1c42f2a60220,58443,97887,97,259.91
2026/10/10 23:21:05.041,GPU-deec06d9-69c0-a4df-e1da-1c42f2a60220,58443,97887,100,244.09
2026/10/10 23:21:05.570,GPU-deec06d9-69c0-a4df-e1da-1c42f2a60220,58443,97887,97,245.89
2026/10/10 23:21:06.096,GPU-deec06d9-69c0-a4df-e1da-1c42f2a60220,58443,97887,96,265.18
2026/10/10 23:21:06.625,GPU-deec06d9-69c0-a4df-e1da-1c42f2a60220,58443,97887,100,265.84
2026/10/10 23:21:07.153,GPU-deec06d9-69c0-a4df-e1da-1c42f2a60220,58443,97887,100,249.17
2026/10/10 23:21:07.681,GPU-deec06d9-69c0-a4df-e1da-1c42f2a60220,58443,97887,97,250.13
2026/10/10 23:21:08.209,GPU-deec06d9-69c0-a4df-e1da-1c42f2a60220,58443,97887,97,260.55
2026/10/10 23:21:08.737,GPU-deec06d9-69c0-a4df-e1da-1c42f2a60220,58443,97887,100,251.89
2026/10/10 23:21:09.267,GPU-deec06d9-69c0-a4df-e1da-1c42f2a60220,58443,97887,97,243.63
2026/10/10 23:21:09.794,GPU-deec06d9-69c0-a4df-e1da-1c42f2a60220,58443,97887,97,260.26
2026/10/10 23:21:10.322,GPU-deec06d9-69c0-a4df-e1da-1c42f2a60220,58443,97887,100,268.04
2026/10/10 23:21:10.850,GPU-deec06d9-69c0-a4df-e1da-1c42f2a60220,58443,97887,97,242.79
2026/10/10 23:21:11.379,GPU-deec06d9-69c0-a4df-e1da-1c42f2a60220,58443,97887,96,249.10
2026/10/10 23:21:11.907,GPU-deec06d9-69c0-a4df-e1da-1c42f2a60220,58443,97887,100,266.70
2026/10/10 23:21:12.435,GPU-deec06d9-69c0-a4df-e1da-1c42f2a60220,58443,97887,97,252.37
2026/10/10 23:21:12.963,GPU-deec06d9-69c0-a4df-e1da-1c42f2a60220,58443,97887,97,246.95
2026/10/10 23:21:13.491,GPU-deec06d9-69c0-a4df-e1da-1c42f2a60220,58443,97887,100,265.26
2026/10/10 23:21:14.019,GPU-deec06d9-69c0-a4df-e1da-1c42f2a60220,58443,97887,97,261.91
2026/10/10 23:21:14.554,GPU-deec06d9-69c0-a4df-e1da-1c42f2a60220,58443,97887,100,239.24
2026/10/10 23:21:15.085,GPU-deec06d9-69c0-a4df-e1da-1c42f2a60220,58443,97887,97,255.16
2026/10/10 23:21:15.616,GPU-deec06d9-69c0-a4df-e1da-1c42f2a60220,58443,97887,97,257.85
2026/10/10 23:21:16.145,GPU-deec06d9-69c0-a4df-e1da-1c42f2a60220,58443,97887,100,244.09
2026/10/10 23:21:16.678,GPU-deec06d9-69c0-a4df-e1da-1c42f2a60220,58443,97887,97,252.85
2026/10/10 23:21:17.206,GPU-deec06d9-69c0-a4df-e1da-1c42f2a60220,58443,97887,97,261.06
2026/10/10 23:21:17.735,GPU-deec06d9-69c0-a4df-e1da-1c42f2a60220,58443,97887,100,258.48
2026/10/10 23:21:18.263,GPU-deec06d9-69c0-a4df-e1da-1c42f2a60220,58443,97887,97,241.38
2026/10/10 23:21:18.792,GPU-deec06d9-69c0-a4df-e1da-1c42f2a60220,58443,97887,97,258.81
2026/10/10 23:21:19.322,GPU-deec06d9-69c0-a4df-e1da-1c42f2a60220,58443,97887,100,267.88
2026/10/10 23:21:19.852,GPU-deec06d9-69c0-a4df-e1da-1c42f2a60220,58443,97887,97,246.05
2026/10/10 23:21:20.384,GPU-deec06d9-69c0-a4df-e1da-1c42f2a60220,58443,97887,97,257.65
2026/10/10 23:21:20.914,GPU-deec06d9-69c0-a4df-e1da-1c42f2a60220,58443,97887,100,265.50
2026/10/10 23:21:21.443,GPU-deec06d9-69c0-a4df-e1da-1c42f2a60220,58443,97887,97,250.80
2026/10/10 23:21:21.972,GPU-deec06d9-69c0-a4df-e1da-1c42f2a60220,58443,97887,97,252.25
2026/10/10 23:21:22.502,GPU-deec06d9-69c0-a4df-e1da-1c42f2a60220,58443,97887,100,269.04
2026/10/10 23:21:23.030,GPU-deec06d9-69c0-a4df-e1da-1c42f2a60220,58443,97887,97,264.48
2026/10/10 23:21:23.558,GPU-deec06d9-69c0-a4df-e1da-1c42f2a60220,58443,97887,100,241.42
2026/10/10 23:21:24.088,GPU-deec06d9-69c0-a4df-e1da-1c42f2a60220,58443,97887,99,261.34
2026/10/10 23:21:24.618,GPU-deec06d9-69c0-a4df-e1da-1c42f2a60220,58443,97887,97,265.36
2026/10/10 23:21:25.147,GPU-deec06d9-69c0-a4df-e1da-1c42f2a60220,58443,97887,100,245.71
2026/10/10 23:21:25.676,GPU-deec06d9-69c0-a4df-e1da-1c42f2a60220,58443,97887,97,254.83
2026/10/10 23:21:26.205,GPU-deec06d9-69c0-a4df-e1da-1c42f2a60220,58443,97887,97,256.69
2026/10/10 23:21:26.733,GPU-deec06d9-69c0-a4df-e1da-1c42f2a60220,58443,97887,100,252.21
2026/10/10 23:21:27.273,GPU-deec06d9-69c0-a4df-e1da-1c42f2a60220,58443,97887,97,253.75
2026/10/10 23:21:27.808,GPU-deec06d9-69c0-a4df-e1da-1c42f2a60220,58443,97887,97,271.81
2026/10/10 23:21:28.336,GPU-deec06d9-69c0-a4df-e1da-1c42f2a60220,58443,97887,100,255.85
2026/10/10 23:21:28.864,GPU-deec06d9-69c0-a4df-e1da-1c42f2a60220,58443,97887,97,240.58
2026/10/10 23:21:29.391,GPU-deec06d9-69c0-a4df-e1da-1c42f2a60220,58443,97887,97,260.91
2026/10/10 23:21:29.920,GPU-deec06d9-69c0-a4df-e1da-1c42f2a60220,58443,97887,100,259.79
2026/10/10 23:21:30.449,GPU-deec06d9-69c0-a4df-e1da-1c42f2a60220,58443,97887,97,253.12
2026/10/10 23:21:30.976,GPU-deec06d9-69c0-a4df-e1da-1c42f2a60220,58443,97887,97,256.08
2026/10/10 23:21:31.505,GPU-deec06d9-69c0-a4df-e1da-1c42f2a60220,58443,97887,100,267.52
2026/10/10 23:21:32.033,GPU-deec06d9-69c0-a4df-e1da-1c42f2a60220,58443,97887,97,256.14
2026/10/10 23:21:32.562,GPU-deec06d9-69c0-a4df-e1da-1c42f2a60220,58443,97887,98,249.10
2026/10/10 23:21:33.092,GPU-deec06d9-69c0-a4df-e1da-1c42f2a60220,58443,97887,99,260.76
2026/10/10 23:21:33.621,GPU-deec06d9-69c0-a4df-e1da-1c42f2a60220,58443,97887,97,260.29
2026/10/10 23:21:34.152,GPU-deec06d9-69c0-a4df-e1da-1c42f2a60220,58443,97887,100,247.01
2026/10/10 23:21:34.680,GPU-deec06d9-69c0-a4df-e1da-1c42f2a60220,58443,97887,97,257.53
2026/10/10 23:21:35.208,GPU-deec06d9-69c0-a4df-e1da-1c42f2a60220,58443,97887,97,265.42
2026/10/10 23:21:35.736,GPU-deec06d9-69c0-a4df-e1da-1c42f2a60220,58443,97887,100,251.91
2026/10/10 23:21:36.264,GPU-deec06d9-69c0-a4df-e1da-1c42f2a60220,58443,97887,97,248.93
2026/10/10 23:21:36.791,GPU-deec06d9-69c0-a4df-e1da-1c42f2a60220,58443,97887,97,260.85
2026/10/10 23:21:37.319,GPU-deec06d9-69c0-a4df-e1da-1c42f2a60220,58443,97887,100,260.21
2026/10/10 23:21:37.847,GPU-deec06d9-69c0-a4df-e1da-1c42f2a60220,58443,97887,97,245.81
2026/10/10 23:21:38.377,GPU-deec06d9-69c0-a4df-e1da-1c42f2a60220,58443,97887,97,257.16
2026/10/10 23:21:38.906,GPU-deec06d9-69c0-a4df-e1da-1c42f2a60220,58443,97887,100,259.12
2026/10/10 23:21:39.433,GPU-deec06d9-69c0-a4df-e1da-1c42f2a60220,58443,97887,97,252.66
2026/10/10 23:21:39.963,GPU-deec06d9-69c0-a4df-e1da-1c42f2a60220,58443,97887,97,251.79
2026/10/10 23:21:40.496,GPU-deec06d9-69c0-a4df-e1da-1c42f2a60220,58443,97887,100,268.67
2026/10/10 23:21:41.023,GPU-deec06d9-69c0-a4df-e1da-1c42f2a60220,58443,97887,97,258.99
2026/10/10 23:21:41.551,GPU-deec06d9-69c0-a4df-e1da-1c42f2a60220,58443,97887,99,244.72
2026/10/10 23:21:42.079,GPU-deec06d9-69c0-a4df-e1da-1c42f2a60220,58443,97887,100,266.01
2026/10/10 23:21:42.608,GPU-deec06d9-69c0-a4df-e1da-1c42f2a60220,58443,97887,97,266.41
2026/10/10 23:21:43.136,GPU-deec06d9-69c0-a4df-e1da-1c42f2a60220,58443,97887,100,249.97
2026/10/10 23:21:43.665,GPU-deec06d9-69c0-a4df-e1da-1c42f2a60220,58443,97887,100,253.16
2026/10/10 23:21:44.198,GPU-deec06d9-69c0-a4df-e1da-1c42f2a60220,58443,97887,97,263.40
2026/10/10 23:21:44.742,GPU-deec06d9-69c0-a4df-e1da-1c42f2a60220,58443,97887,100,256.73
2026/10/10 23:21:45.274,GPU-deec06d9-69c0-a4df-e1da-1c42f2a60220,58443,97887,97,252.95
2026/10/10 23:21:45.803,GPU-deec06d9-69c0-a4df-e1da-1c42f2a60220,58443,97887,96,262.29
2026/10/10 23:21:46.334,GPU-deec06d9-69c0-a4df-e1da-1c42f2a60220,58443,97887,100,256.10
2026/10/10 23:21:46.864,GPU-deec06d9-69c0-a4df-e1da-1c42f2a60220,58443,97887,97,250.50
2026/10/10 23:21:47.392,GPU-deec06d9-69c0-a4df-e1da-1c42f2a60220,58443,97887,97,258.71
2026/10/10 23:21:47.920,GPU-deec06d9-69c0-a4df-e1da-1c42f2a60220,58443,97887,100,261.93
2026/10/10 23:21:48.449,GPU-deec06d9-69c0-a4df-e1da-1c42f2a60220,58443,97887,97,255.15
2026/10/10 23:21:48.978,GPU-deec06d9-69c0-a4df-e1da-1c42f2a60220,58443,97887,97,254.65
2026/10/10 23:21:49.507,GPU-deec06d9-69c0-a4df-e1da-1c42f2a60220,58443,97887,100,267.86
2026/10/10 23:21:50.037,GPU-deec06d9-69c0-a4df-e1da-1c42f2a60220,58443,97887,97,255.62
2026/10/10 23:21:50.565,GPU-deec06d9-69c0-a4df-e1da-1c42f2a60220,58443,97887,98,258.76
2026/10/10 23:21:51.094,GPU-deec06d9-69c0-a4df-e1da-1c42f2a60220,58443,97887,100,258.59
2026/10/10 23:21:51.625,GPU-deec06d9-69c0-a4df-e1da-1c42f2a60220,58443,97887,97,263.14
2026/10/10 23:21:52.153,GPU-deec06d9-69c0-a4df-e1da-1c42f2a60220,58443,97887,100,252.25
2026/10/10 23:21:52.679,GPU-deec06d9-69c0-a4df-e1da-1c42f2a60220,58443,97887,97,258.19
2026/10/10 23:21:53.207,GPU-deec06d9-69c0-a4df-e1da-1c42f2a60220,58443,97887,97,265.77
2026/10/10 23:21:53.737,GPU-deec06d9-69c0-a4df-e1da-1c42f2a60220,58443,97887,100,254.48
2026/10/10 23:21:54.266,GPU-deec06d9-69c0-a4df-e1da-1c42f2a60220,58443,97887,100,259.75
2026/10/10 23:21:54.793,GPU-deec06d9-69c0-a4df-e1da-1c42f2a60220,58443,97887,96,259.58
2026/10/10 23:21:55.320,GPU-deec06d9-69c0-a4df-e1da-1c42f2a60220,58443,97887,100,251.18
2026/10/10 23:21:55.847,GPU-deec06d9-69c0-a4df-e1da-1c42f2a60220,58443,97887,97,247.96
2026/10/10 23:21:56.377,GPU-deec06d9-69c0-a4df-e1da-1c42f2a60220,58443,97887,0,186.62
2026/10/10 23:21:56.905,GPU-deec06d9-69c0-a4df-e1da-1c42f2a60220,58443,97887,0,91.32
2026/10/10 23:21:57.432,GPU-deec06d9-69c0-a4df-e1da-1c42f2a60220,58443,97887,0,91.32
2026/10/10 23:21:57.959,GPU-deec06d9-69c0-a4df-e1da-1c42f2a60220,58443,97887,0,81.56
2026/10/10 23:21:58.485,GPU-deec06d9-69c0-a4df-e1da-1c42f2a60220,58443,97887,0,81.56
2026/10/10 23:21:59.013,GPU-deec06d9-69c0-a4df-e1da-1c42f2a60220,58443,97887,0,81.60
2026/10/10 23:21:59.540,GPU-deec06d9-69c0-a4df-e1da-1c42f2a60220,58443,97887,0,81.60
2026/10/10 23:22:00.066,GPU-deec06d9-69c0-a4df-e1da-1c42f2a60220,58443,97887,0,81.35
2026/10/10 23:22:00.593,GPU-deec06d9-69c0-a4df-e1da-1c42f2a60220,58443,97887,0,81.35
2026/10/10 23:22:01.119,GPU-deec06d9-69c0-a4df-e1da-1c42f2a60220,58443,97887,0,81.07
2026/10/10 23:22:01.646,GPU-deec06d9-69c0-a4df-e1da-1c42f2a60220,58443,97887,0,81.07
2026/10/10 23:22:02.172,GPU-deec06d9-69c0-a4df-e1da-1c42f2a60220,58443,97887,0,80.82
2026/10/10 23:22:02.701,GPU-deec06d9-69c0-a4df-e1da-1c42f2a60220,58443,97887,0,80.82
2026/10/10 23:22:03.236,GPU-deec06d9-69c0-a4df-e1da-1c42f2a60220,58443,97887,0,81.06
2026/10/10 23:22:03.762,GPU-deec06d9-69c0-a4df-e1da-1c42f2a60220,58443,97887,0,81.06
2026/10/10 23:22:04.287,GPU-deec06d9-69c0-a4df-e1da-1c42f2a60220,58443,97887,0,80.58
2026/10/10 23:22:04.814,GPU-deec06d9-69c0-a4df-e1da-1c42f2a60220,58443,97887,0,80.58
2026/10/10 23:22:05.339,GPU-deec06d9-69c0-a4df-e1da-1c42f2a60220,58443,97887,0,81.31
2026/10/10 23:22:05.865,GPU-deec06d9-69c0-a4df-e1da-1c42f2a60220,58443,97887,0,81.31
2026/10/10 23:22:06.390,GPU-deec06d9-69c0-a4df-e1da-1c42f2a60220,58443,97887,0,81.31
2026/10/10 23:22:06.917,GPU-deec06d9-69c0-a4df-e1da-1c42f2a60220,58443,97887,0,80.58
2026/10/10 23:22:07.443,GPU-deec06d9-69c0-a4df-e1da-1c42f2a60220,58443,97887,0,80.58
2026/10/10 23:22:07.969,GPU-deec06d9-69c0-a4df-e1da-1c42f2a60220,58443,97887,0,80.58
2026/10/10 23:22:08.495,GPU-deec06d9-69c0-a4df-e1da-1c42f2a60220,58443,97887,0,80.58
2026/10/10 23:22:09.021,GPU-deec06d9-69c0-a4df-e1da-1c42f2a60220,58443,97887,0,80.08
2026/10/10 23:22:09.546,GPU-deec06d9-69c0-a4df-e1da-1c42f2a60220,58443,97887,0,80.08
2026/10/10 23:22:10.072,GPU-deec06d9-69c0-a4df-e1da-1c42f2a60220,58443,97887,0,80.08
2026/10/10 23:22:10.608,GPU-deec06d9-69c0-a4df-e1da-1c42f2a60220,58443,97887,0,80.08
2026/10/10 23:22:11.135,GPU-deec06d9-69c0-a4df-e1da-1c42f2a60220,58443,97887,0,80.03
2026/10/10 23:22:11.661,GPU-deec06d9-69c0-a4df-e1da-1c42f2a60220,58443,97887,0,80.03
2026/10/10 23:22:12.186,GPU-deec06d9-69c0-a4df-e1da-1c42f2a60220,58443,97887,0,80.08
2026/10/10 23:22:12.712,GPU-deec06d9-69c0-a4df-e1da-1c42f2a60220,58443,97887,0,80.08
2026/10/10 23:22:13.237,GPU-deec06d9-69c0-a4df-e1da-1c42f2a60220,58443,97887,0,80.08
2026/10/10 23:22:13.762,GPU-deec06d9-69c0-a4df-e1da-1c42f2a60220,58443,97887,0,80.08
2026/10/10 23:22:14.288,GPU-deec06d9-69c0-a4df-e1da-1c42f2a60220,58443,97887,0,80.03
2026/10/10 23:22:14.814,GPU-deec06d9-69c0-a4df-e1da-1c42f2a60220,58443,97887,0,80.03
2026/10/10 23:22:15.341,GPU-deec06d9-69c0-a4df-e1da-1c42f2a60220,58443,97887,0,81.02
2026/10/10 23:22:15.866,GPU-deec06d9-69c0-a4df-e1da-1c42f2a60220,58443,97887,0,81.02
2026/10/10 23:22:16.393,GPU-deec06d9-69c0-a4df-e1da-1c42f2a60220,58443,97887,0,80.08
2026/10/10 23:22:16.919,GPU-deec06d9-69c0-a4df-e1da-1c42f2a60220,58443,97887,0,79.64
2026/10/10 23:22:17.447,GPU-deec06d9-69c0-a4df-e1da-1c42f2a60220,58443,97887,0,79.64
2026/10/10 23:22:17.972,GPU-deec06d9-69c0-a4df-e1da-1c42f2a60220,58443,97887,0,79.61
2026/10/10 23:22:18.498,GPU-deec06d9-69c0-a4df-e1da-1c42f2a60220,58443,97887,0,79.61
2026/10/10 23:22:19.023,GPU-deec06d9-69c0-a4df-e1da-1c42f2a60220,58443,97887,0,79.00
2026/10/10 23:22:19.550,GPU-deec06d9-69c0-a4df-e1da-1c42f2a60220,58443,97887,0,79.00
2026/10/10 23:22:20.076,GPU-deec06d9-69c0-a4df-e1da-1c42f2a60220,58443,97887,0,79.51
2026/10/10 23:22:20.603,GPU-deec06d9-69c0-a4df-e1da-1c42f2a60220,58443,97887,0,79.51
2026/10/10 23:22:21.129,GPU-deec06d9-69c0-a4df-e1da-1c42f2a60220,58443,97887,0,79.49
2026/10/10 23:22:21.656,GPU-deec06d9-69c0-a4df-e1da-1c42f2a60220,58443,97887,0,79.49
2026/10/10 23:22:22.182,GPU-deec06d9-69c0-a4df-e1da-1c42f2a60220,58443,97887,0,79.51
2026/10/10 23:22:22.708,GPU-deec06d9-69c0-a4df-e1da-1c42f2a60220,58443,97887,0,79.51
2026/10/10 23:22:23.233,GPU-deec06d9-69c0-a4df-e1da-1c42f2a60220,58443,97887,0,79.53
2026/10/10 23:22:23.760,GPU-deec06d9-69c0-a4df-e1da-1c42f2a60220,58443,97887,0,79.53
2026/10/10 23:22:24.287,GPU-deec06d9-69c0-a4df-e1da-1c42f2a60220,58443,97887,0,79.54
2026/10/10 23:22:24.812,GPU-deec06d9-69c0-a4df-e1da-1c42f2a60220,58443,97887,0,79.54
2026/10/10 23:22:25.339,GPU-deec06d9-69c0-a4df-e1da-1c42f2a60220,58443,97887,0,81.46
2026/10/10 23:22:25.873,GPU-deec06d9-69c0-a4df-e1da-1c42f2a60220,58443,97887,0,81.46
2026/10/10 23:22:26.398,GPU-deec06d9-69c0-a4df-e1da-1c42f2a60220,58443,97887,0,79.59
2026/10/10 23:22:26.923,GPU-deec06d9-69c0-a4df-e1da-1c42f2a60220,58443,97887,0,79.29
2026/10/10 23:22:27.450,GPU-deec06d9-69c0-a4df-e1da-1c42f2a60220,58443,97887,0,79.29
2026/10/10 23:22:27.976,GPU-deec06d9-69c0-a4df-e1da-1c42f2a60220,58443,97887,0,79.00
2026/10/10 23:22:28.502,GPU-deec06d9-69c0-a4df-e1da-1c42f2a60220,58443,97887,0,79.00
2026/10/10 23:22:29.030,GPU-deec06d9-69c0-a4df-e1da-1c42f2a60220,58443,97887,0,79.04
2026/10/10 23:22:29.555,GPU-deec06d9-69c0-a4df-e1da-1c42f2a60220,58443,97887,0,79.04
2026/10/10 23:22:30.083,GPU-deec06d9-69c0-a4df-e1da-1c42f2a60220,58443,97887,0,78.78
2026/10/10 23:22:30.609,GPU-deec06d9-69c0-a4df-e1da-1c42f2a60220,58443,97887,0,78.78
2026/10/10 23:22:31.135,GPU-deec06d9-69c0-a4df-e1da-1c42f2a60220,58443,97887,0,78.76
2026/10/10 23:22:31.662,GPU-deec06d9-69c0-a4df-e1da-1c42f2a60220,58443,97887,0,78.76
2026/10/10 23:22:32.188,GPU-deec06d9-69c0-a4df-e1da-1c42f2a60220,58443,97887,0,79.03
2026/10/10 23:22:32.716,GPU-deec06d9-69c0-a4df-e1da-1c42f2a60220,58443,97887,0,79.03
2026/10/10 23:22:33.242,GPU-deec06d9-69c0-a4df-e1da-1c42f2a60220,58443,97887,0,79.00
2026/10/10 23:22:33.768,GPU-deec06d9-69c0-a4df-e1da-1c42f2a60220,58443,97887,0,79.00
2026/10/10 23:22:34.295,GPU-deec06d9-69c0-a4df-e1da-1c42f2a60220,58443,97887,0,78.55
2026/10/10 23:22:34.821,GPU-deec06d9-69c0-a4df-e1da-1c42f2a60220,58443,97887,0,78.55
2026/10/10 23:22:35.347,GPU-deec06d9-69c0-a4df-e1da-1c42f2a60220,58443,97887,0,80.50
2026/10/10 23:22:35.874,GPU-deec06d9-69c0-a4df-e1da-1c42f2a60220,58443,97887,0,80.50
2026/10/10 23:22:36.401,GPU-deec06d9-69c0-a4df-e1da-1c42f2a60220,58443,97887,0,78.50
2026/10/10 23:22:36.928,GPU-deec06d9-69c0-a4df-e1da-1c42f2a60220,58443,97887,0,78.51
2026/10/10 23:22:37.454,GPU-deec06d9-69c0-a4df-e1da-1c42f2a60220,58443,97887,0,78.51
2026/10/10 23:22:37.985,GPU-deec06d9-69c0-a4df-e1da-1c42f2a60220,58443,97887,0,78.53
2026/10/10 23:22:38.510,GPU-deec06d9-69c0-a4df-e1da-1c42f2a60220,58443,97887,0,78.53
2026/10/10 23:22:39.036,GPU-deec06d9-69c0-a4df-e1da-1c42f2a60220,1931,97887,64,91.03
2026/10/10 23:22:39.562,GPU-deec06d9-69c0-a4df-e1da-1c42f2a60220,1931,97887,0,87.25
2026/10/10 23:22:40.088,GPU-deec06d9-69c0-a4df-e1da-1c42f2a60220,1931,97887,0,79.47
2026/10/10 23:22:40.615,GPU-deec06d9-69c0-a4df-e1da-1c42f2a60220,1931,97887,0,79.47
2026/10/10 23:22:41.142,GPU-deec06d9-69c0-a4df-e1da-1c42f2a60220,1931,97887,0,78.70
