[Quadrants] version 1.3.3, llvm 22.1.0, commit 00423caa, linux, python 3.10.12
[38;5;226m[Genesis] [22:13:47] [WARNING] (MJCF) Approximating tendon by joint actuator for `finger_joint1`[0m
[38;5;226m[Genesis] [22:13:47] [WARNING] (MJCF) Approximating tendon by joint actuator for `finger_joint2`[0m
[38;5;226m[Genesis] [22:13:48] [WARNING] Neutral robot position (qpos0) exceeds joint limits.[0m
[38;5;226m[Genesis] [22:13:48] [WARNING] Constraint solver time constant should be greater than 2*substep_dt. timeconst is changed from `0.005` to `0.02`). Decrease simulation timestep or increase timeconst to avoid altering the original value.[0m
[38;5;226m[Genesis] [22:13:50] [WARNING] Filtered out geometry pairs causing self-collision for the neutral configuration (qpos0): (6, 11), (7, 11), (14, 21), (15, 20), (16, 23), (17, 22). Consider tuning Morph option 'decompose_robot_error_threshold' or specify dedicated collision meshes. This behavior can be disabled by setting Morph option 'enable_neutral_collision=True'.[0m
======================================================================================
Kernel Profiler(count, default) @ CUDA on NVIDIA RTX PRO 6000 Blackwell Server Edition
======================================================================================
[      %     total   count |      min       avg       max   ] Kernel name
--------------------------------------------------------------------------------------
[ 43.88%   0.031 s    100x |    0.014     0.309     0.611 ms] kernel_pressure_correct_warp_c718_0_kernel_1_range_for
[ 33.40%   0.024 s    100x |    0.013     0.236     0.492 ms] kernel_pressure_warp_c716_0_kernel_1_range_for
[  8.86%   0.006 s     50x |    0.122     0.125     0.130 ms] kernel_anchor_c710_0_kernel_1_range_for
[  4.72%   0.003 s     50x |    0.064     0.067     0.068 ms] kernel_surface_pack_c790_0_kernel_1_range_for
[  1.16%   0.001 s    100x |    0.006     0.008     0.011 ms] kernel_pressure_warp_c716_0_kernel_0_serial
[  1.12%   0.001 s     50x |    0.014     0.016     0.025 ms] kernel_associate_c728_0_kernel_1_range_for
[  1.11%   0.001 s     50x |    0.015     0.016     0.018 ms] kernel_associate_c728_0_kernel_3_range_for
[  1.08%   0.001 s    100x |    0.006     0.008     0.013 ms] kernel_pressure_correct_warp_c718_0_kernel_0_serial
[  0.97%   0.001 s     50x |    0.012     0.014     0.016 ms] kernel_begin_step_c804_0_kernel_1_range_for
[  0.96%   0.001 s     50x |    0.012     0.013     0.016 ms] kernel_refine_contacts_c712_0_kernel_1_range_for
[  0.58%   0.000 s     50x |    0.006     0.008     0.016 ms] kernel_associate_c728_0_kernel_0_serial
[  0.55%   0.000 s     50x |    0.005     0.008     0.011 ms] kernel_anchor_c710_0_kernel_0_serial
[  0.53%   0.000 s     50x |    0.006     0.007     0.026 ms] kernel_begin_step_c804_0_kernel_0_serial
[  0.49%   0.000 s     50x |    0.005     0.007     0.010 ms] kernel_refine_contacts_c712_0_kernel_0_serial
[  0.39%   0.000 s     50x |    0.004     0.006     0.008 ms] kernel_associate_c728_0_kernel_2_serial
[  0.20%   0.000 s     50x |    0.002     0.003     0.008 ms] kernel_surface_pack_c790_0_kernel_0_serial
--------------------------------------------------------------------------------------
[100.00%] Total execution time:   0.071 s   number of results: 16
======================================================================================
{
  "scope": "profile",
  "envs": 1024,
  "level": 1,
  "precision": "64",
  "quadrature": 10,
  "dt": 0.01,
  "substeps": 1,
  "varied": true,
  "seed": 623001,
  "load_model": "finite_pad_adaptive_q10",
  "condition_count": 1024,
  "conditions": null,
  "conditions_sha256": null,
  "cooperative_solve": true,
  "cooperative_pressure": true,
  "cooperative_scatter": true,
  "cooperative_balance": true,
  "face_parallel_scatter": true,
  "scatter_tasks_per_env": 32,
  "cached_peak": true,
  "cached_face_bounds": true,
  "method": "auto",
  "inverse_precision": "64",
  "surface_inverse": true,
  "packed_surface_loads": true,
  "fused_pipeline": true,
  "output_mode": "full",
  "reset_mode": "saved_initial_state",
  "history": 0,
  "host": "rtx-209-255",
  "slurm_job_id": "704948",
  "source_revision": "e6094ff9-native-balance-t8-v2",
  "arguments": {
    "scope": "profile",
    "envs": 1024,
    "level": 1,
    "steps": 50,
    "warmup": 900,
    "repetitions": 3,
    "minimum_seconds": 10.0,
    "varied": true,
    "seed": 623001,
    "source_revision": "e6094ff9-native-balance-t8-v2",
    "conditions": null,
    "save_conditions": null,
    "serial_solve": false,
    "serial_pressure": false,
    "serial_scatter": false,
    "serial_balance": false,
    "contact_warp_scatter": false,
    "scatter_tasks_per_env": 32,
    "uncached_peak": false,
    "uncached_face_bounds": false,
    "method": "auto",
    "inverse_precision": "64",
    "full_inverse": false,
    "dense_surface_loads": false,
    "history": 0,
    "unfused_pipeline": false,
    "policy_precision": "32",
    "output_mode": "full",
    "legacy_reset": false,
    "trace": false,
    "compact_log": true,
    "output": "/mnt/data/zhaofeng/projects/workspace/Genesis/rigid-stress-recovery/runs/20261010-contact-repair/balance-profile-b1024-full-v2.json"
  },
  "command": [
    "/mnt/data/zhaofeng/venvs/rigid-stress-recovery/bin/python",
    "examples/speed_benchmark/rigid_stress.py",
    "--scope",
    "profile",
    "--envs",
    "1024",
    "--seed",
    "623001",
    "--varied",
    "--warmup",
    "900",
    "--steps",
    "50",
    "--output-mode",
    "full",
    "--compact-log",
    "--output",
    "/mnt/data/zhaofeng/projects/workspace/Genesis/rigid-stress-recovery/runs/20261010-contact-repair/balance-profile-b1024-full-v2.json"
  ],
  "source_sha256": {
    "/mnt/home/zhaofeng/workspace/Genesis/.worktrees/rigid-stress-recovery-relief-dev/examples/speed_benchmark/rigid_stress.py": "cc2df9ab06a2b72cf77c30b88941e18c3ae4f030190cc225bb9b2ec369319bac",
    "examples/rigid/franka_egg_stress.py": "6031e5a035645014f3daa4d532662342a267d495443bfe198f93081e4e187363",
    "genesis/engine/solvers/rigid/rigid_solver.py": "639210a260da02b0b59b3814ae6a6cf27c6f8d540ce8800cdb36ea652b9cc510",
    "genesis/engine/solvers/rigid/stress/__init__.py": "17b4fa6e4eb64175b87586a6c7142b9fd2f5e88ba4321129d18e07e296adc5a6",
    "genesis/engine/solvers/rigid/stress/association.py": "0c265ddde597bb03f6f56da0f4c6063a3a530ce2a19f2dceaf3378e987f811b3",
    "genesis/engine/solvers/rigid/stress/balance.py": "a0ec6b8e110270f34bf56369cfc94129b6e5fdd2fc091efd6f6f7ac2d15a5ed5",
    "genesis/engine/solvers/rigid/stress/contact.py": "728a465e6c1b4f6f28280d1543a5a35a12d63d5f5967c0df8c174c6ebfba0630",
    "genesis/engine/solvers/rigid/stress/data.py": "44874f9cee2dffc882a06a4b7f99272eb9d24aa2ab3c0e009b7650eaa918f532",
    "genesis/engine/solvers/rigid/stress/factor.py": "f2a059e88cf03b35a5fba2f88c3ac3f631a899d52cd841a6d268d9ccf087f81c",
    "genesis/engine/solvers/rigid/stress/grid.py": "f451674d257339ece41a258f22c7b95fe25d6fc51888854855de4320e26b9a90",
    "genesis/engine/solvers/rigid/stress/history.py": "559e046d3405afc260be5cd5a0de5712e490518e73aafc288642261c3959657c",
    "genesis/engine/solvers/rigid/stress/inverse.py": "b15ef055df018d96b92aa2b0be3d39d258b4cc59c83dbccdd9dcf0c173eb2a43",
    "genesis/engine/solvers/rigid/stress/lifecycle.py": "aec6ccc09b9da6fc15ea1c64e6716dee9325b3d05edaa7ac19b4419861c192fa",
    "genesis/engine/solvers/rigid/stress/model.py": "ba4964cb5d01eb8fcd7c9fbb02bbe64dcc2976fdfab653e2c4ba4efd8ac20b51",
    "genesis/engine/solvers/rigid/stress/operators.py": "40ad5e488e928a8f22efe0833f447afba7ef0e258bc3cffb5a0fe30bc1d416ff",
    "genesis/engine/solvers/rigid/stress/pipeline.py": "11e7882e9b0a219de84f35be8c2f8db2e8af01163705a7bf50c7aaee1531aed6",
    "genesis/engine/solvers/rigid/stress/recovery.py": "f94048638e4b64418b83d1ad37120f94441132e10075503b2a4cd460bebee9b6",
    "genesis/engine/solvers/rigid/stress/scatter.py": "7f80586484f6c4ce9f84bfdfc800eb6de6613b567a5d08e581f2817a0d0f0ee0",
    "genesis/engine/solvers/rigid/stress/solve.py": "b9aa7951dd5f5d6cd4fcdc719723fd07abf4ad359e7729e9f38f26adfc7fda59",
    "genesis/engine/solvers/rigid/stress/surface.py": "ed42707ee7c589db942a15835d40aba5194d2415b2c576ae0196987b94bb4fc1",
    "genesis/engine/solvers/rigid/stress/surface_inverse.py": "904a001a9c5a178399e770baa427b06f89f604fc1c48638ff870e2491f405bf4",
    "genesis/options/rigid_stress.py": "53e7a2cb8613ff63938e51c43fe10e9f8a9a0099f04e6161e5d06c77064ee098"
  },
  "gpu": "NVIDIA RTX PRO 6000 Blackwell Server Edition",
  "gpu_uuid": "GPU-665e0d07-4281-3f8f-e77d-f55205a0bab4",
  "gpu_total_bytes": 101975851008,
  "quadrants": [
    1,
    3,
    3
  ],
  "torch": "2.8.0",
  "setup_seconds": 28.10673170303926,
  "warmup_steps": 900,
  "policy": {
    "layers": [
      26,
      128,
      128,
      7
    ],
    "seed": 99173,
    "dtype": "float32",
    "residual_scale_rad": 0.0001,
    "scope": "inference rollout",
    "control_error_budget_rad": 1e-09,
    "warmup_reference_max_error_rad": 0.0
  },
  "stage_wall_ms": {
    "begin_step": 0.05366560071706772,
    "association_transform": 0.1774969045072794,
    "anchor_search": 0.19498498179018497,
    "candidate_weights_constraints": 1.3240981195122004,
    "nodal_scatter": 0.587130943313241,
    "inertia_relief_centrifugal": 0.12352734804153442,
    "rhs_reduction": 0.04148759879171848,
    "linear_solve": 0.8686133846640587,
    "complete_residual": 0.34832850098609924,
    "global_peak": 0.3295391146093607,
    "accept": 0.037795817479491234
  },
  "contacts_per_environment": [
    6,
    10,
    3,
    7,
    3,
    9,
    1,
    1,
    1,
    1,
    1,
    1,
    1,
    10,
    5,
    6,
    4,
    6,
    6,
    8,
    5,
    7,
    1,
    1,
    1,
    2,
    1,
    2,
    1,
    2,
    6,
    5,
    4,
    6,
    10,
    8,
    6,
    3,
    1,
    1,
    1,
    3,
    1,
    1,
    5,
    2,
    4,
    2,
    2,
    10,
    4,
    4,
    7,
    7,
    1,
    1,
    1,
    3,
    2,
    1,
    1,
    0,
    8,
    4,
    2,
    4,
    8,
    10,
    9,
    3,
    2,
    1,
    1,
    3,
    1,
    1,
    1,
    4,
    6,
    5,
    5,
    8,
    6,
    10,
    4,
    6,
    6,
    1,
    1,
    1,
    2,
    1,
    1,
    1,
    5,
    10,
    6,
    14,
    4,
    4,
    2,
    5,
    5,
    1,
    1,
    1,
    1,
    2,
    6,
    1,
    2,
    5,
    3,
    4,
    4,
    4,
    5,
    14,
    3,
    1,
    1,
    1,
    1,
    3,
    1,
    2,
    0,
    6,
    10,
    2,
    6,
    2,
    4,
    6,
    7,
    1,
    1,
    1,
    2,
    1,
    1,
    1,
    0,
    8,
    6,
    5,
    8,
    6,
    10,
    5,
    4,
    3,
    1,
    1,
    0,
    3,
    1,
    1,
    1,
    6,
    3,
    4,
    10,
    6,
    5,
    5,
    5,
    5,
    1,
    1,
    1,
    2,
    1,
    1,
    1,
    3,
    5,
    5,
    3,
    4,
    6,
    2,
    11,
    5,
    1,
    1,
    1,
    1,
    1,
    1,
    1,
    1,
    6,
    10,
    4,
    5,
    6,
    2,
    7,
    7,
    1,
    1,
    1,
    3,
    1,
    6,
    1,
    0,
    4,
    3,
    2,
    4,
    6,
    14,
    9,
    11,
    1,
    1,
    1,
    2,
    1,
    6,
    1,
    5,
    4,
    4,
    4,
    2,
    10,
    2,
    3,
    7,
    7,
    1,
    1,
    1,
    1,
    3,
    1,
    1,
    4,
    3,
    5,
    3,
    5,
    6,
    2,
    5,
    4,
    1,
    1,
    1,
    1,
    1,
    1,
    1,
    1,
    10,
    6,
    4,
    5,
    6,
    4,
    7,
    5,
    1,
    1,
    1,
    2,
    1,
    6,
    1,
    0,
    2,
    4,
    10,
    6,
    2,
    6,
    6,
    5,
    1,
    1,
    1,
    1,
    1,
    1,
    1,
    0,
    5,
    4,
    8,
    5,
    5,
    4,
    9,
    11,
    5,
    1,
    1,
    3,
    3,
    1,
    8,
    2,
    3,
    4,
    2,
    5,
    2,
    9,
    14,
    7,
    4,
    1,
    1,
    1,
    1,
    1,
    1,
    1,
    2,
    2,
    6,
    4,
    10,
    4,
    6,
    5,
    6,
    1,
    1,
    1,
    1,
    1,
    1,
    1,
    2,
    6,
    6,
    6,
    6,
    5,
    8,
    6,
    3,
    1,
    1,
    1,
    2,
    0,
    1,
    1,
    1,
    3,
    8,
    4,
    3,
    4,
    5,
    7,
    3,
    1,
    1,
    1,
    1,
    1,
    1,
    1,
    0,
    3,
    2,
    8,
    3,
    5,
    5,
    9,
    7,
    9,
    1,
    1,
    1,
    1,
    1,
    1,
    1,
    10,
    4,
    5,
    6,
    6,
    4,
    5,
    11,
    5,
    1,
    1,
    1,
    1,
    1,
    6,
    1,
    13,
    4,
    6,
    5,
    2,
    5,
    6,
    3,
    7,
    1,
    1,
    1,
    1,
    1,
    1,
    0,
    2,
    4,
    3,
    6,
    9,
    5,
    8,
    5,
    6,
    1,
    1,
    1,
    3,
    2,
    2,
    1,
    0,
    4,
    3,
    6,
    4,
    4,
    2,
    9,
    7,
    2,
    1,
    1,
    1,
    1,
    1,
    1,
    1,
    4,
    6,
    3,
    6,
    5,
    5,
    6,
    3,
    5,
    1,
    1,
    1,
    2,
    1,
    1,
    1,
    6,
    2,
    2,
    2,
    2,
    10,
    2,
    6,
    3,
    1,
    1,
    1,
    1,
    1,
    3,
    1,
    2,
    6,
    6,
    5,
    13,
    4,
    5,
    5,
    3,
    1,
    1,
    1,
    3,
    0,
    1,
    1,
    2,
    5,
    6,
    6,
    5,
    3,
    4,
    5,
    7,
    1,
    1,
    1,
    2,
    1,
    2,
    1,
    0,
    4,
    6,
    5,
    10,
    10,
    4,
    4,
    7,
    7,
    1,
    1,
    0,
    1,
    1,
    2,
    1,
    2,
    2,
    4,
    4,
    4,
    4,
    2,
    6,
    4,
    1,
    1,
    1,
    3,
    3,
    1,
    1,
    3,
    2,
    4,
    10,
    6,
    5,
    3,
    6,
    5,
    1,
    1,
    1,
    1,
    0,
    3,
    1,
    0,
    8,
    6,
    6,
    4,
    6,
    5,
    11,
    5,
    1,
    1,
    1,
    1,
    1,
    1,
    1,
    0,
    6,
    5,
    10,
    8,
    4,
    10,
    5,
    3,
    1,
    1,
    1,
    1,
    2,
    6,
    1,
    8,
    3,
    2,
    4,
    11,
    4,
    4,
    5,
    6,
    7,
    1,
    1,
    1,
    2,
    1,
    2,
    2,
    10,
    2,
    6,
    4,
    10,
    6,
    4,
    6,
    11,
    1,
    1,
    1,
    3,
    1,
    1,
    1,
    3,
    6,
    4,
    4,
    10,
    5,
    3,
    11,
    7,
    1,
    1,
    1,
    1,
    1,
    1,
    1,
    1,
    8,
    4,
    4,
    6,
    2,
    8,
    5,
    5,
    1,
    1,
    1,
    3,
    1,
    1,
    1,
    0,
    2,
    5,
    5,
    3,
    6,
    2,
    3,
    3,
    2,
    1,
    1,
    2,
    1,
    1,
    4,
    0,
    6,
    4,
    4,
    3,
    4,
    2,
    5,
    4,
    6,
    1,
    1,
    1,
    1,
    1,
    1,
    6,
    3,
    4,
    2,
    6,
    7,
    10,
    6,
    3,
    5,
    1,
    1,
    1,
    1,
    5,
    1,
    1,
    0,
    5,
    5,
    6,
    6,
    2,
    6,
    9,
    3,
    1,
    1,
    1,
    3,
    1,
    1,
    1,
    0,
    4,
    3,
    4,
    4,
    4,
    6,
    6,
    4,
    1,
    1,
    1,
    3,
    2,
    2,
    1,
    6,
    5,
    4,
    5,
    6,
    8,
    4,
    5,
    3,
    5,
    1,
    1,
    0,
    1,
    1,
    1,
    1,
    10,
    8,
    4,
    5,
    2,
    4,
    4,
    3,
    5,
    1,
    1,
    1,
    1,
    1,
    1,
    1,
    2,
    6,
    8,
    3,
    10,
    2,
    4,
    3,
    11,
    1,
    1,
    1,
    1,
    1,
    1,
    2,
    2,
    4,
    5,
    2,
    10,
    5,
    5,
    5,
    5,
    1,
    1,
    1,
    1,
    2,
    1,
    1,
    2,
    10,
    8,
    8,
    4,
    6,
    3,
    4,
    5,
    2,
    1,
    1,
    1,
    1,
    2,
    8,
    7,
    3,
    10,
    2,
    2,
    4,
    3,
    7,
    5,
    4,
    1,
    1,
    1,
    3,
    1,
    1,
    5,
    6,
    4,
    3,
    10,
    6,
    4,
    6,
    7,
    11,
    1,
    1,
    1,
    3,
    1,
    5,
    1,
    3,
    5,
    4,
    2,
    3,
    6,
    6,
    6,
    6,
    1,
    1,
    1,
    1,
    1,
    4,
    1,
    4,
    5,
    6,
    4,
    4,
    2,
    6,
    11,
    3,
    1,
    1,
    1,
    1,
    2,
    1,
    1,
    0,
    2,
    8,
    4,
    6,
    8,
    6,
    7,
    10,
    3,
    1,
    1,
    2,
    2,
    1,
    1,
    1,
    3,
    2,
    8,
    2,
    9,
    10,
    6,
    6,
    11,
    1,
    1,
    1,
    2,
    10,
    1,
    1,
    9,
    4,
    2,
    3,
    5,
    3,
    4,
    3,
    5,
    1,
    1,
    1,
    2,
    0,
    1,
    0,
    2,
    6,
    5,
    6,
    10,
    6,
    4,
    6,
    9,
    1,
    1,
    1,
    2,
    1,
    1,
    1,
    0,
    4,
    5,
    10,
    2,
    5,
    3,
    7,
    3,
    1,
    1,
    1,
    3,
    2,
    1,
    4,
    2,
    6,
    13,
    6,
    6,
    10,
    2,
    11,
    3,
    6,
    1,
    1,
    1,
    3,
    7,
    1,
    1,
    8,
    2,
    6,
    4,
    10,
    6,
    10,
    3,
    4,
    1,
    1,
    1,
    1,
    1,
    1,
    1,
    3,
    6,
    6,
    2,
    2,
    5,
    2,
    5,
    6,
    1,
    1,
    1,
    3,
    0,
    1,
    0,
    0,
    10,
    2,
    8,
    3,
    4
  ],
  "candidate_count": [
    71,
    209,
    222,
    72,
    118,
    224,
    89,
    76,
    247,
    134,
    127,
    73,
    86,
    245,
    127,
    217,
    116,
    159,
    155,
    0,
    200,
    285,
    175,
    173,
    292,
    327,
    90,
    125,
    125,
    130,
    164,
    273,
    274,
    161,
    163,
    151,
    275,
    293,
    88,
    78,
    94,
    244,
    208,
    99,
    117,
    39,
    30,
    195,
    45,
    82,
    35,
    36,
    196,
    80,
    64,
    70,
    227,
    74,
    217,
    218,
    84,
    134,
    251,
    89,
    132,
    148,
    77,
    235,
    82,
    240,
    102,
    244,
    257,
    119,
    139,
    260,
    136,
    215,
    166,
    142,
    282,
    173,
    154,
    176,
    176,
    286,
    288,
    168,
    172,
    217,
    102,
    87,
    133,
    96,
    149,
    130,
    151,
    284,
    273,
    203,
    160,
    274,
    122,
    88,
    102,
    96,
    100,
    210,
    247,
    98,
    115,
    88,
    88,
    62,
    125,
    120,
    66,
    234,
    121,
    59,
    218,
    64,
    211,
    211,
    62,
    125,
    66,
    122,
    79,
    239,
    121,
    81,
    235,
    221,
    117,
    145,
    160,
    297,
    277,
    202,
    128,
    164,
    276,
    269,
    115,
    158,
    157,
    277,
    271,
    132,
    160,
    193,
    140,
    168,
    185,
    182,
    185,
    210,
    100,
    130,
    130,
    94,
    90,
    86,
    100,
    210,
    102,
    102,
    69,
    203,
    122,
    122,
    120,
    237,
    102,
    152,
    54,
    115,
    57,
    120,
    121,
    121,
    121,
    121,
    89,
    76,
    246,
    133,
    127,
    78,
    91,
    245,
    127,
    217,
    88,
    135,
    96,
    144,
    150,
    185,
    168,
    178,
    102,
    87,
    148,
    140,
    90,
    260,
    133,
    87,
    54,
    119,
    221,
    60,
    118,
    110,
    90,
    102,
    90,
    109,
    218,
    115,
    79,
    107,
    232,
    206,
    57,
    111,
    118,
    232,
    222,
    56,
    118,
    110,
    34,
    86,
    37,
    90,
    115,
    115,
    63,
    122,
    65,
    119,
    183,
    282,
    279,
    164,
    174,
    169,
    279,
    301,
    105,
    88,
    260,
    161,
    131,
    90,
    101,
    252,
    137,
    242,
    124,
    112,
    158,
    155,
    270,
    274,
    123,
    159,
    175,
    92,
    129,
    129,
    140,
    180,
    90,
    94,
    262,
    135,
    151,
    131,
    130,
    93,
    227,
    135,
    129,
    213,
    45,
    91,
    104,
    43,
    216,
    104,
    61,
    210,
    206,
    64,
    218,
    55,
    214,
    59,
    197,
    204,
    72,
    227,
    229,
    120,
    123,
    72,
    231,
    205,
    105,
    252,
    252,
    116,
    142,
    257,
    128,
    92,
    218,
    238,
    249,
    133,
    125,
    93,
    248,
    228,
    146,
    176,
    169,
    179,
    102,
    114,
    261,
    110,
    253,
    257,
    94,
    99,
    248,
    96,
    241,
    241,
    94,
    90,
    94,
    119,
    120,
    146,
    88,
    77,
    44,
    199,
    45,
    0,
    171,
    55,
    65,
    113,
    189,
    227,
    69,
    56,
    114,
    221,
    107,
    77,
    131,
    131,
    82,
    252,
    129,
    105,
    49,
    58,
    97,
    110,
    109,
    79,
    163,
    215,
    63,
    48,
    111,
    217,
    94,
    115,
    163,
    129,
    162,
    62,
    213,
    64,
    218,
    146,
    147,
    90,
    66,
    124,
    68,
    127,
    94,
    73,
    130,
    76,
    129,
    140,
    130,
    78,
    151,
    103,
    103,
    44,
    78,
    198,
    43,
    85,
    208,
    238,
    111,
    115,
    41,
    196,
    44,
    173,
    170,
    122,
    125,
    121,
    76,
    129,
    80,
    131,
    142,
    268,
    149,
    271,
    55,
    119,
    112,
    116,
    160,
    179,
    173,
    182,
    189,
    146,
    181,
    188,
    199,
    188,
    188,
    330,
    351,
    302,
    299,
    194,
    184,
    305,
    328,
    100,
    130,
    130,
    90,
    94,
    124,
    123,
    200,
    70,
    69,
    117,
    250,
    94,
    62,
    191,
    221,
    67,
    113,
    218,
    57,
    68,
    114,
    193,
    231,
    70,
    57,
    120,
    225,
    112,
    103,
    103,
    104,
    258,
    132,
    103,
    257,
    237,
    137,
    138,
    107,
    147,
    122,
    159,
    124,
    143,
    273,
    267,
    179,
    270,
    105,
    107,
    254,
    260,
    133,
    139,
    265,
    94,
    130,
    94,
    100,
    102,
    72,
    210,
    105,
    40,
    98,
    95,
    199,
    212,
    40,
    99,
    83,
    40,
    92,
    99,
    40,
    210,
    97,
    81,
    129,
    86,
    137,
    134,
    62,
    121,
    121,
    236,
    236,
    69,
    123,
    121,
    66,
    129,
    123,
    67,
    237,
    127,
    116,
    94,
    265,
    173,
    140,
    102,
    107,
    259,
    147,
    258,
    94,
    75,
    133,
    78,
    129,
    146,
    183,
    188,
    186,
    108,
    135,
    142,
    88,
    82,
    100,
    211,
    102,
    254,
    114,
    71,
    65,
    194,
    221,
    68,
    115,
    220,
    70,
    127,
    125,
    59,
    118,
    60,
    121,
    76,
    65,
    232,
    123,
    123,
    63,
    76,
    237,
    119,
    199,
    96,
    245,
    259,
    123,
    137,
    262,
    109,
    258,
    114,
    250,
    256,
    100,
    243,
    241,
    97,
    249,
    94,
    74,
    132,
    75,
    129,
    90,
    57,
    115,
    61,
    121,
    86,
    124,
    128,
    210,
    73,
    120,
    237,
    218,
    95,
    95,
    91,
    46,
    205,
    46,
    192,
    174,
    72,
    230,
    77,
    229,
    219,
    70,
    128,
    125,
    69,
    123,
    67,
    125,
    54,
    115,
    113,
    55,
    225,
    119,
    182,
    182,
    94,
    88,
    75,
    245,
    132,
    127,
    72,
    86,
    243,
    127,
    215,
    90,
    58,
    121,
    60,
    118,
    94,
    90,
    82,
    250,
    99,
    207,
    118,
    103,
    44,
    103,
    213,
    43,
    101,
    94,
    92,
    46,
    151,
    180,
    212,
    96,
    89,
    48,
    204,
    149,
    67,
    125,
    66,
    125,
    55,
    121,
    57,
    116,
    117,
    68,
    217,
    226,
    69,
    114,
    227,
    129,
    131,
    120,
    102,
    173,
    154,
    106,
    267,
    145,
    136,
    203,
    296,
    287,
    261,
    172,
    294,
    136,
    90,
    78,
    109,
    218,
    115,
    94,
    51,
    99,
    111,
    54,
    218,
    110,
    233,
    41,
    185,
    42,
    196,
    67,
    124,
    123,
    121,
    121,
    109,
    147,
    120,
    158,
    77,
    234,
    123,
    73,
    237,
    203,
    168,
    164,
    204,
    162,
    285,
    224,
    290,
    313,
    180,
    172,
    178,
    293,
    179,
    338,
    146,
    222,
    298,
    306,
    183,
    184,
    253,
    303,
    339,
    134,
    204,
    144,
    285,
    306,
    178,
    161,
    166,
    292,
    176,
    328,
    102,
    122,
    102,
    135,
    256,
    120,
    127,
    239,
    226,
    220,
    125,
    124,
    83,
    61,
    188,
    222,
    113,
    217,
    69,
    125,
    69,
    127,
    46,
    201,
    47,
    207,
    44,
    107,
    45,
    106,
    107,
    107,
    63,
    56,
    220,
    104,
    117,
    55,
    64,
    226,
    112,
    178,
    137,
    139,
    0,
    175,
    175,
    122,
    123,
    267,
    266,
    152,
    154,
    268,
    130,
    169,
    283,
    279,
    240,
    164,
    280,
    122,
    128,
    102,
    107,
    130,
    96,
    145,
    107,
    95,
    29,
    84,
    34,
    83,
    67,
    123,
    129,
    55,
    199,
    199,
    52,
    210,
    69,
    125,
    129,
    47,
    107,
    50,
    106,
    104,
    112,
    156,
    269,
    127,
    155,
    193,
    146,
    144,
    138,
    147,
    175,
    168,
    178,
    102,
    94,
    148,
    135,
    94,
    122,
    94,
    75,
    125,
    69,
    117,
    240,
    57,
    48,
    217,
    95,
    110,
    44,
    59,
    215,
    108,
    159,
    40,
    85,
    96,
    39,
    212,
    91,
    62,
    122,
    66,
    123,
    54,
    115,
    54,
    110,
    109,
    117,
    266,
    268,
    152,
    144,
    271,
    95,
    135,
    112,
    152,
    94,
    89,
    236,
    248,
    98,
    127,
    255,
    128,
    115,
    163,
    130,
    162,
    102,
    86,
    78,
    129,
    134,
    227,
    31,
    56,
    85,
    32,
    197,
    85,
    125,
    103,
    103,
    62,
    124,
    64,
    122,
    49,
    61,
    109,
    169,
    219,
    63,
    47,
    113,
    217,
    94,
    57,
    178,
    213,
    55,
    105,
    214,
    121,
    121,
    71,
    218,
    231,
    76,
    118,
    232,
    90,
    78,
    239,
    82,
    225,
    229,
    140,
    165,
    189,
    177,
    184,
    102,
    94,
    90,
    87,
    138,
    117,
    244,
    37,
    192,
    42,
    169,
    169,
    46,
    105,
    47,
    109,
    96,
    93,
    145,
    159,
    142,
    102,
    264,
    142,
    56,
    204,
    201,
    54,
    211,
    66,
    214,
    212,
    68,
    221,
    132,
    175,
    154,
    172,
    117,
    101,
    152,
    151,
    267,
    266,
    103,
    153,
    172,
    134,
    142,
    171,
    177,
    331,
    293,
    256,
    152,
    179,
    287,
    307,
    98,
    99,
    240,
    256,
    254,
    130,
    78,
    255,
    146,
    145,
    76,
    102,
    74,
    107,
    120,
    202,
    239,
    115,
    120,
    229,
    122,
    237,
    202,
    155,
    59,
    114,
    120,
    54,
    119,
    55,
    118,
    120,
    119,
    68,
    129,
    75,
    129,
    130,
    168,
    168,
    92,
    100,
    143,
    257,
    260,
    99,
    137,
    264,
    172,
    139,
    120,
    111,
    91,
    245,
    157,
    266,
    176,
    137,
    104,
    107,
    259,
    147,
    259,
    116,
    101,
    163,
    154,
    104,
    267,
    142,
    142,
    164,
    182,
    182,
    88,
    82,
    82,
    261,
    95,
    105,
    106,
    88,
    91,
    115,
    115,
    45,
    99,
    105,
    44,
    214,
    105,
    106,
    145,
    112,
    153,
    88,
    96,
    142,
    244,
    252,
    120,
    89,
    133,
    260,
    160,
    92,
    134,
    142,
    138,
    74,
    223,
    230,
    80,
    119,
    239,
    90,
    70,
    126,
    70,
    128,
    90,
    79,
    239,
    84,
    223,
    232,
    122,
    94,
    118,
    240,
    105,
    99,
    102,
    196,
    57,
    55,
    114,
    115,
    55,
    225,
    120,
    90,
    154,
    139,
    95,
    264,
    140,
    75,
    205,
    228,
    74,
    123,
    225,
    91,
    246,
    245,
    91,
    245,
    227,
    65,
    126,
    121,
    66,
    124,
    172,
    181,
    182,
    295,
    301,
    178,
    186,
    311,
    140,
    167,
    206,
    182,
    179,
    184,
    130,
    175,
    175,
    122,
    86,
    130,
    120,
    122,
    150,
    73,
    36,
    52,
    118,
    117,
    78,
    236,
    235,
    123,
    123,
    83,
    232,
    226,
    40,
    94,
    44,
    98,
    87,
    138,
    133,
    83,
    129,
    87,
    143,
    125,
    268,
    130,
    262,
    266,
    130,
    121,
    180,
    166,
    131,
    276,
    165,
    128,
    164,
    159,
    130,
    132,
    122,
    90,
    115,
    96,
    129,
    64,
    123,
    124,
    129,
    129,
    49,
    201,
    212,
    99,
    96,
    51,
    204,
    168,
    49,
    107,
    110,
    94,
    135,
    101,
    148,
    152,
    88,
    236,
    235,
    92,
    244,
    0,
    77,
    135,
    129,
    245,
    258,
    88,
    130,
    145,
    130,
    133,
    239,
    163,
    139,
    279,
    171,
    132,
    191,
    284,
    282,
    169,
    170,
    196,
    282,
    298,
    110,
    102,
    78,
    102,
    100,
    111,
    86,
    40,
    46,
    99,
    98,
    200,
    47,
    40,
    93,
    210,
    66,
    69,
    127,
    71,
    129,
    88,
    240,
    87,
    233,
    233,
    96,
    169,
    149,
    106,
    266,
    147,
    70,
    218,
    225,
    73,
    118,
    225,
    128,
    175,
    154,
    174,
    177,
    285,
    279,
    240,
    281,
    142,
    174,
    174,
    184,
    182,
    186,
    298,
    298,
    177,
    182,
    321,
    86,
    55,
    112,
    55,
    121,
    90,
    132,
    86,
    200,
    128,
    223,
    125,
    127,
    127,
    240,
    213,
    109,
    0,
    57,
    71,
    119,
    118,
    101,
    177,
    230,
    227,
    229,
    119,
    227,
    116,
    69,
    226,
    74,
    229,
    55,
    118,
    116,
    56,
    227,
    121,
    74,
    224,
    231,
    82,
    239,
    107,
    107,
    49,
    113,
    49,
    110,
    107,
    208,
    303,
    293,
    270,
    180,
    297,
    131,
    175,
    175,
    140,
    159,
    295,
    182,
    170,
    296,
    182,
    130,
    82,
    78,
    144,
    214,
    115,
    219,
    99,
    31,
    88,
    36,
    82,
    58,
    118,
    121,
    58,
    112,
    118,
    59,
    225,
    121,
    154,
    118,
    154,
    165,
    160,
    277,
    131,
    158,
    219,
    67,
    218,
    218,
    69,
    225,
    90,
    234,
    248,
    129,
    127,
    91,
    246,
    226,
    132,
    139,
    182,
    148,
    175,
    142,
    177,
    186,
    183,
    191,
    196,
    132,
    94,
    88,
    114,
    137,
    118,
    133,
    254,
    103,
    76,
    124,
    47,
    106,
    49,
    107,
    83,
    130,
    132,
    43,
    102,
    213,
    43,
    101,
    93,
    69,
    129,
    70,
    127,
    102,
    254,
    113,
    247,
    135,
    135,
    132,
    194,
    286,
    284,
    165,
    176,
    177,
    284,
    307,
    142,
    210,
    337,
    302,
    284,
    187,
    302,
    126,
    156,
    112,
    94,
    129,
    241,
    93,
    103,
    0,
    68,
    127,
    69,
    125,
    63,
    125,
    122,
    67,
    235,
    123,
    50,
    110,
    114,
    82,
    237,
    125,
    84,
    243,
    216,
    136,
    272,
    270,
    177,
    270,
    142,
    271,
    159,
    272,
    272,
    200,
    308,
    291,
    269,
    181,
    298,
    130,
    171,
    171,
    140,
    163,
    183,
    179,
    192,
    82,
    124,
    82,
    218,
    112,
    121,
    214,
    94,
    53,
    153,
    208,
    51,
    100,
    212,
    89,
    90,
    133,
    133,
    147,
    147,
    125,
    125,
    115,
    93,
    264,
    172,
    140,
    100,
    105,
    258,
    147,
    255,
    176,
    176,
    90,
    66,
    126,
    122,
    67,
    125,
    90,
    125,
    125,
    128,
    82,
    82,
    107,
    128,
    126,
    93,
    238,
    120,
    113,
    113,
    40,
    95,
    212,
    40,
    99,
    89,
    61,
    217,
    111,
    63,
    222,
    188,
    63,
    213,
    211,
    64,
    219,
    153,
    108,
    139,
    159,
    159,
    250,
    281,
    275,
    179,
    119,
    155,
    275,
    204,
    88,
    132,
    141,
    134,
    70,
    218,
    227,
    71,
    229,
    90,
    81,
    234,
    84,
    239,
    123,
    147,
    147,
    140,
    122,
    94,
    110,
    222,
    115,
    240,
    114,
    86,
    50,
    69,
    218,
    218,
    69,
    225,
    49,
    113,
    218,
    53,
    110,
    106,
    47,
    107,
    108,
    47,
    216,
    111,
    76,
    222,
    230,
    82,
    239,
    91,
    146,
    135,
    71,
    129,
    77,
    132,
    94,
    72,
    129,
    77,
    130,
    96,
    80,
    131,
    252,
    87,
    129,
    141,
    94,
    90,
    82,
    127,
    240,
    128,
    0,
    107,
    101,
    37,
    86,
    36,
    95,
    62,
    117,
    120,
    60,
    229,
    119,
    88,
    230,
    236,
    89,
    242,
    134,
    104,
    271,
    188,
    147,
    113,
    117,
    268,
    157,
    265,
    123,
    95,
    269,
    178,
    142,
    104,
    112,
    262,
    150,
    259,
    58,
    117,
    60,
    121,
    86,
    52,
    114,
    120,
    129,
    146,
    291,
    277,
    207,
    164,
    274,
    132,
    136,
    171,
    288,
    150,
    175,
    285,
    132,
    122,
    90,
    229,
    213,
    240,
    110,
    121,
    121,
    117,
    117,
    40,
    103,
    42,
    99,
    47,
    106,
    46,
    107,
    65,
    124,
    68,
    122,
    93,
    135,
    97,
    142,
    152,
    155,
    94,
    95,
    248,
    100,
    240,
    241,
    96,
    81,
    131,
    129,
    102,
    90,
    122,
    258,
    110,
    112,
    59,
    88,
    198,
    107,
    139,
    105,
    103,
    100,
    113,
    113,
    113,
    259,
    127,
    259,
    40,
    50,
    100,
    80,
    205,
    48,
    41,
    94,
    211,
    68,
    149,
    271,
    156,
    146,
    268,
    280,
    117,
    262,
    117,
    253,
    261,
    69,
    129,
    123,
    130,
    123,
    172,
    138,
    167,
    180,
    102,
    88,
    133,
    95,
    141,
    130,
    118,
    122,
    115,
    39,
    152,
    201,
    200,
    46,
    194,
    211,
    98,
    90,
    48,
    203,
    154,
    70,
    217,
    226,
    72,
    118,
    227,
    48,
    212,
    96,
    53,
    207,
    153,
    106,
    161,
    112,
    147,
    80,
    209,
    241,
    85,
    125,
    237,
    60,
    121,
    63,
    119,
    117,
    90,
    66,
    77,
    121,
    207,
    240,
    86,
    73,
    125,
    238,
    126,
    140,
    229,
    291,
    272,
    297,
    94,
    90,
    90,
    111,
    73,
    103,
    129,
    32,
    70,
    85,
    36,
    203,
    82,
    65,
    129,
    71,
    128,
    129,
    105,
    87,
    256,
    153,
    131,
    88,
    100,
    252,
    137,
    241,
    55,
    191,
    215,
    103,
    107,
    59,
    214,
    165,
    82,
    235,
    82,
    240,
    153,
    179,
    179,
    334,
    291,
    262,
    158,
    181,
    289,
    309,
    130,
    118,
    165,
    132,
    165,
    138,
    178,
    178,
    124,
    102,
    130,
    77,
    244,
    121,
    73,
    202,
    230,
    73,
    121,
    227,
    222,
    34,
    41,
    90,
    74,
    198,
    85,
    200,
    50,
    53,
    114,
    117,
    121,
    121,
    81,
    129,
    89,
    136,
    52,
    67,
    115,
    105,
    172,
    226,
    55,
    117,
    224,
    187,
    108,
    88,
    133,
    97,
    149,
    86,
    143,
    87,
    130,
    0,
    84,
    236,
    86,
    240,
    144,
    242,
    300,
    294,
    306,
    303,
    138,
    155,
    180,
    296,
    173,
    180,
    308,
    130,
    132,
    94,
    121,
    233,
    80,
    116,
    90,
    200,
    0,
    62,
    53,
    222,
    103,
    113,
    55,
    63,
    224,
    110,
    190,
    88,
    88,
    71,
    205,
    219,
    68,
    118,
    221,
    77,
    129,
    84,
    134,
    67,
    58,
    226,
    116,
    120,
    56,
    67,
    231,
    117,
    193,
    92,
    135,
    264,
    100,
    149,
    148,
    120,
    166,
    144,
    168,
    113,
    125,
    266,
    136,
    259,
    266,
    102,
    136,
    86,
    132,
    140,
    136,
    257,
    259,
    90,
    138,
    155,
    94,
    102,
    116,
    107,
    135,
    254,
    118,
    97,
    83,
    51,
    117,
    118,
    61,
    118,
    239,
    68,
    123,
    123,
    51,
    115,
    53,
    118,
    103,
    141,
    116,
    155,
    51,
    60,
    110,
    176,
    222,
    64,
    51,
    113,
    219,
    98,
    55,
    120,
    59,
    116,
    113,
    156,
    182,
    181,
    140,
    164,
    186,
    183,
    342,
    295,
    277,
    169,
    182,
    295,
    315,
    126,
    114,
    159,
    274,
    137,
    159,
    182,
    90,
    82,
    90,
    131,
    248,
    123,
    86,
    186,
    52,
    109,
    113,
    226,
    219,
    52,
    111,
    106,
    34,
    96,
    37,
    86,
    57,
    216,
    59,
    206,
    63,
    121,
    123,
    63,
    238,
    119,
    163,
    162,
    72,
    135,
    127,
    246,
    252,
    83,
    128,
    138,
    96,
    77,
    129,
    85,
    136,
    140,
    169,
    197,
    181,
    186,
    102,
    122,
    122,
    114,
    268,
    120,
    244,
    124,
    240,
    121,
    121,
    32,
    86,
    37,
    92,
    88,
    45,
    105,
    46,
    100,
    97,
    105,
    154,
    144,
    110,
    250,
    262,
    128,
    147,
    262,
    120,
    120,
    130,
    173,
    173,
    134,
    176,
    176,
    102,
    136,
    130,
    130,
    268,
    147,
    258,
    76,
    129,
    132,
    120,
    97,
    69,
    217,
    221,
    69,
    117,
    225,
    37,
    86,
    36,
    96,
    56,
    121,
    59,
    118,
    41,
    104,
    99,
    112,
    160,
    120,
    154,
    159,
    159,
    122,
    265,
    123,
    261,
    265,
    116,
    101,
    153,
    140,
    130,
    126,
    175,
    151,
    172,
    179,
    132,
    94,
    90,
    113,
    224,
    94,
    39,
    82,
    196,
    42,
    84,
    202,
    0,
    122,
    125,
    57,
    115,
    56,
    113,
    132,
    132,
    98,
    157,
    153,
    101,
    266,
    140,
    61,
    56,
    218,
    115,
    63,
    225,
    185,
    149,
    174,
    178,
    334,
    293,
    260,
    159,
    179,
    287,
    303,
    81,
    235,
    123,
    82,
    237,
    218,
    129,
    165,
    165,
    100,
    82,
    130,
    87,
    132,
    90,
    78,
    78,
    265,
    0,
    0,
    255,
    0,
    0,
    107,
    102,
    55,
    202,
    199,
    51,
    211,
    64,
    211,
    208,
    67,
    219,
    60,
    203,
    205,
    59,
    108,
    215,
    142,
    269,
    159,
    140,
    269,
    272,
    132,
    132,
    97,
    235,
    256,
    101,
    132,
    254,
    88,
    57,
    111,
    119,
    232,
    222,
    58,
    118,
    110,
    87,
    121,
    121,
    94,
    82,
    102,
    268,
    149,
    155,
    117,
    126,
    80,
    40,
    183,
    42,
    195,
    78,
    129,
    127,
    99,
    135,
    112,
    154,
    84,
    130,
    87,
    137,
    105,
    158,
    112,
    146,
    130,
    200,
    168,
    141,
    284,
    175,
    90,
    64,
    128,
    70,
    127,
    127,
    142,
    168,
    188,
    186,
    130,
    132,
    128,
    95,
    120,
    102,
    236,
    121,
    103,
    76,
    107,
    40,
    200,
    82,
    42,
    196,
    76,
    33,
    82,
    36,
    197,
    84,
    53,
    111,
    55,
    116,
    50,
    109,
    51,
    106,
    105,
    47,
    98,
    105,
    45,
    216,
    108,
    54,
    114,
    117,
    214,
    219,
    55,
    111,
    107,
    148,
    176,
    169,
    176,
    0,
    89,
    135,
    99,
    150,
    102,
    130,
    134,
    122,
    106,
    146,
    120,
    156,
    122,
    128,
    103,
    210,
    110,
    116,
    52,
    44,
    213,
    83,
    104,
    44,
    57,
    211,
    104,
    126,
    66,
    131,
    125,
    240,
    245,
    73,
    125,
    131,
    91,
    239,
    93,
    246,
    114,
    260,
    111,
    254,
    257,
    145,
    145,
    72,
    126,
    70,
    129,
    93,
    135,
    104,
    151,
    144,
    186,
    186,
    134,
    137,
    176,
    165,
    175,
    102,
    86,
    78,
    123,
    120,
    204,
    99,
    92,
    86,
    53,
    115,
    117,
    59,
    226,
    119,
    61,
    117,
    123,
    235,
    230,
    64,
    119,
    118,
    105,
    113,
    113,
    114,
    94,
    264,
    171,
    139,
    102,
    108,
    257,
    148,
    250,
    141,
    141,
    112,
    160,
    122,
    153,
    88,
    121,
    120,
    130,
    180,
    129,
    277,
    283,
    171,
    137,
    143,
    277,
    161,
    310,
    102,
    90,
    124,
    93,
    204,
    111,
    120,
    120,
    50,
    0,
    61,
    221,
    67,
    213,
    58,
    119,
    58,
    112,
    113,
    131,
    131,
    85,
    96,
    138,
    246,
    254,
    120,
    88,
    133,
    258,
    156,
    119,
    263,
    125,
    258,
    265,
    122,
    171,
    136,
    168,
    179,
    90,
    68,
    128,
    69,
    129,
    102,
    89,
    133,
    102,
    142,
    132,
    90,
    102,
    88,
    244,
    0,
    244,
    140,
    99,
    0,
    90,
    42,
    152,
    193,
    207,
    95,
    89,
    45,
    198,
    79,
    71,
    132,
    127,
    239,
    251,
    79,
    127,
    134,
    75,
    132,
    129,
    241,
    252,
    80,
    129,
    138,
    99,
    243,
    103,
    249,
    71,
    130,
    127,
    71,
    246,
    129,
    84,
    131,
    131,
    94,
    78,
    130,
    129,
    130,
    124,
    173,
    144,
    173,
    138,
    178,
    136,
    90,
    157,
    119,
    88,
    90,
    53,
    158,
    213,
    105,
    107,
    191,
    83,
    216,
    52,
    68,
    110,
    193,
    117,
    221,
    107,
    34,
    83,
    86,
    41,
    34,
    198,
    48,
    83,
    34,
    39,
    196,
    85,
    67,
    107,
    107,
    121,
    121,
    93,
    135,
    100,
    146,
    106,
    154,
    147,
    0,
    56,
    111,
    118,
    60,
    223,
    121,
    116,
    125,
    266,
    139,
    268,
    146,
    186,
    187,
    188,
    140,
    78,
    90,
    0,
    98,
    94,
    106,
    93,
    222,
    121,
    110,
    191,
    189,
    53,
    155,
    206,
    49,
    99,
    213,
    37,
    88,
    39,
    98,
    129,
    127,
    129,
    53,
    44,
    213,
    85,
    103,
    44,
    56,
    209,
    106,
    131,
    74,
    205,
    232,
    78,
    123,
    229,
    142,
    177,
    153,
    175,
    81,
    129,
    252,
    85,
    135,
    135,
    130,
    185,
    279,
    171,
    163,
    283,
    316,
    140,
    173,
    172,
    182,
    181,
    185,
    294,
    298,
    172,
    182,
    316,
    130,
    130,
    90,
    121,
    228,
    124,
    254,
    125,
    220,
    122,
    118,
    204,
    84,
    99,
    217,
    107,
    77,
    238,
    81,
    231,
    221,
    49,
    104,
    47,
    110,
    143,
    143,
    65,
    125,
    125,
    71,
    127,
    125,
    68,
    241,
    127,
    112,
    148,
    274,
    118,
    158,
    169,
    122,
    140,
    268,
    148,
    262,
    270,
    146,
    178,
    186,
    187,
    191,
    214,
    140,
    88,
    102,
    121,
    213,
    39,
    38,
    208,
    50,
    91,
    90,
    95,
    0,
    239,
    73,
    226,
    231,
    82,
    239,
    77,
    215,
    234,
    78,
    123,
    232,
    46,
    113,
    105,
    113,
    93,
    135,
    97,
    146,
    133,
    133,
    71,
    125,
    246,
    75,
    125,
    135,
    130,
    132,
    162,
    164,
    318,
    285,
    239,
    139,
    173,
    281,
    301,
    134,
    176,
    177,
    130,
    122,
    88,
    284,
    118,
    118,
    163,
    61,
    121,
    121,
    37,
    94,
    95,
    197,
    211,
    40,
    98,
    81,
    53,
    115,
    53,
    110,
    54,
    117,
    116,
    55,
    224,
    118,
    148,
    272,
    269,
    155,
    155,
    140,
    266,
    273,
    218,
    294,
    177,
    232,
    288,
    301,
    134,
    144,
    202,
    171,
    152,
    286,
    176,
    90,
    81,
    69,
    237,
    126,
    124,
    80,
    240,
    124,
    205,
    131,
    175,
    170,
    130,
    82,
    103,
    218,
    110,
    117,
    70,
    236,
    75,
    32,
    83,
    82,
    125,
    125,
    35,
    96,
    89,
    189,
    211,
    39,
    95,
    78,
    136,
    137,
    123,
    85,
    212,
    221,
    239,
    125,
    79,
    242,
    212,
    52,
    63,
    113,
    171,
    222,
    66,
    52,
    113,
    219,
    99,
    75,
    204,
    231,
    76,
    123,
    229,
    90,
    67,
    127,
    68,
    124,
    127,
    102,
    138,
    117,
    244,
    261,
    265,
    148,
    140,
    109,
    263,
    248,
    90,
    102,
    82,
    109,
    134,
    42,
    47,
    101,
    85,
    205,
    52,
    42,
    96,
    212,
    68,
    95,
    123,
    84,
    71,
    241,
    129,
    127,
    0,
    241,
    126,
    211,
    46,
    106,
    46,
    107,
    133,
    132,
    49,
    112,
    107,
    117,
    165,
    132,
    166,
    174,
    61,
    123,
    121,
    53,
    116,
    57,
    110,
    119,
    143,
    143,
    90,
    66,
    122,
    68,
    125,
    102,
    94,
    78,
    116,
    125,
    238,
    75,
    197,
    59,
    186,
    212,
    60,
    105,
    216,
    50,
    115,
    55,
    111,
    110,
    57,
    199,
    201,
    51,
    105,
    211,
    113,
    65,
    196,
    203,
    221,
    117,
    117,
    66,
    223,
    195,
    96,
    237,
    256,
    105,
    133,
    257,
    138,
    174,
    143,
    175,
    94,
    97,
    243,
    242,
    100,
    251,
    92,
    89,
    239,
    246,
    134,
    125,
    90,
    247,
    226,
    118,
    86,
    94,
    96,
    105,
    214,
    76,
    78,
    61,
    119,
    62,
    121,
    61,
    121,
    61,
    116,
    120,
    71,
    59,
    230,
    118,
    123,
    62,
    74,
    235,
    118,
    197,
    113,
    113,
    51,
    115,
    52,
    112,
    106,
    64,
    123,
    124,
    88,
    74,
    204,
    226,
    71,
    118,
    224,
    130,
    173,
    173,
    102,
    90,
    112,
    250,
    102,
    101,
    129,
    129,
    254,
    246,
    214,
    129,
    219,
    125,
    129,
    54,
    182,
    200,
    50,
    102,
    210,
    101,
    46,
    55,
    103,
    107,
    74,
    158,
    212,
    58,
    42,
    106,
    213,
    84,
    98,
    237,
    256,
    107,
    134,
    257,
    58,
    217,
    113,
    63,
    216,
    184,
    108,
    90,
    262,
    168,
    134,
    99,
    107,
    255,
    143,
    250,
    141,
    141,
    0,
    59,
    70,
    118,
    195,
    233,
    74,
    63,
    121,
    228,
    118,
    94,
    129,
    129,
    140,
    165,
    203,
    184,
    177,
    184,
    130,
    86,
    78,
    98,
    125,
    248,
    134,
    139,
    250,
    242,
    136,
    141,
    134,
    120,
    86,
    35,
    95,
    89,
    181,
    212,
    39,
    93,
    79,
    119,
    119,
    62,
    189,
    219,
    63,
    111,
    216,
    80,
    129,
    132,
    128,
    75,
    91,
    129,
    222,
    245,
    93,
    81,
    127,
    246,
    139,
    87,
    149,
    146,
    96,
    262,
    135,
    62,
    77,
    123,
    206,
    241,
    84,
    72,
    125,
    236,
    126,
    146,
    186,
    186,
    140,
    157,
    183,
    181,
    112,
    102,
    102,
    253,
    115,
    84,
    203,
    103,
    105,
    100,
    38,
    91,
    88,
    39,
    96,
    84,
    41,
    104,
    216,
    43,
    104,
    90,
    121,
    121,
    107,
    110,
    130,
    175,
    152,
    170,
    186,
    135,
    135,
    88,
    55,
    115,
    57,
    121,
    98,
    101,
    244,
    244,
    100,
    252,
    94,
    82,
    90,
    101,
    211,
    105,
    107,
    81,
    69,
    238,
    126,
    125,
    66,
    81,
    241,
    125,
    207,
    129,
    130,
    126,
    263,
    266,
    150,
    148,
    117,
    262,
    256,
    50,
    112,
    114,
    58,
    119,
    62,
    121
  ],
  "pressure_evaluations": [
    0,
    0,
    0,
    0,
    0,
    0,
    0,
    0,
    0,
    0,
    0,
    0,
    0,
    0,
    0,
    0,
    0,
    0,
    0,
    0,
    0,
    0,
    0,
    0,
    0,
    0,
    0,
    0,
    0,
    3,
    0,
    0,
    0,
    0,
    0,
    0,
    0,
    0,
    0,
    0,
    0,
    0,
    0,
    0,
    0,
    0,
    0,
    0,
    0,
    0,
    0,
    0,
    0,
    0,
    0,
    0,
    0,
    0,
    0,
    0,
    0,
    0,
    0,
    0,
    0,
    0,
    0,
    0,
    0,
    0,
    0,
    0,
    0,
    0,
    0,
    0,
    0,
    0,
    0,
    0,
    0,
    0,
    0,
    0,
    0,
    0,
    0,
    0,
    0,
    0,
    0,
    0,
    0,
    0,
    0,
    0,
    0,
    0,
    0,
    0,
    0,
    0,
    0,
    0,
    0,
    0,
    0,
    0,
    0,
    0,
    0,
    1,
    1,
    0,
    0,
    0,
    0,
    0,
    0,
    0,
    0,
    0,
    0,
    0,
    0,
    0,
    0,
    0,
    0,
    0,
    0,
    0,
    0,
    0,
    0,
    0,
    0,
    0,
    0,
    0,
    0,
    0,
    0,
    0,
    0,
    0,
    0,
    0,
    0,
    0,
    0,
    0,
    0,
    0,
    0,
    0,
    0,
    0,
    0,
    0,
    0,
    0,
    0,
    0,
    0,
    0,
    0,
    0,
    0,
    0,
    0,
    0,
    0,
    0,
    0,
    0,
    0,
    0,
    0,
    0,
    0,
    0,
    0,
    0,
    0,
    0,
    0,
    0,
    0,
    0,
    0,
    0,
    0,
    0,
    0,
    0,
    0,
    0,
    0,
    0,
    0,
    0,
    0,
    0,
    0,
    0,
    0,
    0,
    0,
    0,
    0,
    0,
    0,
    0,
    0,
    0,
    0,
    0,
    0,
    0,
    0,
    0,
    0,
    0,
    0,
    0,
    0,
    0,
    0,
    0,
    0,
    0,
    0,
    0,
    0,
    0,
    0,
    0,
    0,
    0,
    0,
    0,
    0,
    0,
    0,
    0,
    0,
    0,
    0,
    0,
    0,
    0,
    0,
    0,
    0,
    0,
    0,
    0,
    0,
    0,
    0,
    0,
    0,
    0,
    0,
    0,
    0,
    0,
    0,
    0,
    0,
    0,
    0,
    0,
    0,
    0,
    0,
    0,
    0,
    0,
    0,
    0,
    0,
    0,
    0,
    0,
    0,
    0,
    0,
    0,
    0,
    0,
    0,
    0,
    0,
    0,
    0,
    0,
    0,
    0,
    0,
    0,
    0,
    0,
    0,
    0,
    0,
    0,
    0,
    0,
    0,
    0,
    0,
    0,
    0,
    0,
    0,
    0,
    0,
    0,
    0,
    0,
    0,
    0,
    1,
    0,
    0,
    0,
    0,
    0,
    0,
    0,
    0,
    0,
    0,
    0,
    0,
    0,
    0,
    0,
    0,
    0,
    0,
    0,
    0,
    0,
    0,
    0,
    0,
    0,
    0,
    0,
    0,
    0,
    0,
    0,
    0,
    0,
    0,
    0,
    0,
    0,
    0,
    0,
    0,
    0,
    0,
    0,
    0,
    0,
    0,
    0,
    0,
    0,
    0,
    0,
    0,
    0,
    0,
    0,
    0,
    0,
    0,
    0,
    0,
    0,
    0,
    0,
    0,
    0,
    0,
    0,
    0,
    0,
    0,
    0,
    0,
    0,
    0,
    0,
    0,
    0,
    0,
    0,
    0,
    0,
    0,
    0,
    0,
    0,
    0,
    1,
    1,
    0,
    0,
    0,
    0,
    0,
    0,
    0,
    0,
    1,
    0,
    0,
    0,
    0,
    0,
    0,
    0,
    0,
    0,
    0,
    0,
    0,
    0,
    0,
    0,
    0,
    0,
    0,
    0,
    0,
    0,
    0,
    0,
    0,
    0,
    0,
    0,
    0,
    0,
    0,
    0,
    0,
    0,
    0,
    0,
    0,
    0,
    0,
    0,
    0,
    0,
    0,
    0,
    0,
    0,
    0,
    0,
    0,
    0,
    0,
    0,
    0,
    0,
    0,
    0,
    0,
    0,
    0,
    0,
    0,
    0,
    0,
    0,
    0,
    0,
    0,
    0,
    0,
    0,
    0,
    0,
    0,
    0,
    0,
    0,
    0,
    0,
    0,
    0,
    0,
    0,
    0,
    0,
    0,
    0,
    0,
    0,
    0,
    0,
    0,
    0,
    0,
    0,
    0,
    0,
    0,
    0,
    0,
    0,
    2,
    0,
    0,
    0,
    0,
    0,
    0,
    0,
    0,
    0,
    0,
    0,
    0,
    0,
    0,
    0,
    0,
    0,
    0,
    0,
    0,
    0,
    0,
    0,
    0,
    0,
    0,
    0,
    0,
    0,
    0,
    0,
    0,
    0,
    0,
    0,
    0,
    0,
    0,
    0,
    0,
    0,
    0,
    0,
    0,
    0,
    0,
    0,
    0,
    0,
    0,
    0,
    0,
    0,
    0,
    0,
    0,
    0,
    0,
    0,
    0,
    0,
    0,
    0,
    0,
    0,
    0,
    0,
    0,
    0,
    0,
    0,
    0,
    0,
    0,
    0,
    0,
    0,
    0,
    0,
    0,
    0,
    0,
    0,
    0,
    0,
    0,
    0,
    0,
    0,
    0,
    0,
    0,
    0,
    0,
    0,
    0,
    0,
    0,
    0,
    0,
    0,
    0,
    0,
    0,
    0,
    0,
    0,
    0,
    0,
    0,
    0,
    0,
    0,
    0,
    0,
    0,
    0,
    0,
    0,
    0,
    0,
    0,
    0,
    0,
    0,
    0,
    0,
    0,
    0,
    0,
    0,
    0,
    0,
    0,
    0,
    0,
    0,
    0,
    0,
    0,
    0,
    0,
    0,
    0,
    0,
    0,
    0,
    0,
    0,
    0,
    0,
    0,
    0,
    0,
    0,
    0,
    0,
    0,
    0,
    0,
    0,
    0,
    0,
    0,
    0,
    0,
    0,
    0,
    0,
    0,
    0,
    0,
    0,
    0,
    0,
    0,
    0,
    0,
    0,
    0,
    0,
    0,
    0,
    0,
    0,
    0,
    0,
    1,
    0,
    0,
    0,
    0,
    0,
    0,
    0,
    0,
    0,
    0,
    0,
    0,
    0,
    0,
    0,
    0,
    0,
    0,
    0,
    0,
    0,
    0,
    0,
    0,
    0,
    0,
    0,
    0,
    0,
    0,
    0,
    0,
    0,
    0,
    0,
    0,
    0,
    0,
    0,
    0,
    0,
    0,
    0,
    0,
    0,
    0,
    0,
    0,
    0,
    0,
    0,
    0,
    0,
    0,
    0,
    0,
    0,
    0,
    0,
    0,
    0,
    0,
    0,
    0,
    0,
    0,
    0,
    0,
    0,
    0,
    0,
    0,
    0,
    0,
    0,
    0,
    0,
    0,
    0,
    0,
    0,
    0,
    0,
    0,
    0,
    0,
    0,
    0,
    0,
    0,
    0,
    0,
    0,
    0,
    0,
    0,
    0,
    0,
    0,
    0,
    0,
    0,
    0,
    0,
    0,
    0,
    0,
    0,
    0,
    0,
    0,
    0,
    0,
    0,
    0,
    0,
    0,
    2,
    0,
    0,
    0,
    0,
    0,
    0,
    0,
    0,
    0,
    0,
    0,
    0,
    0,
    0,
    0,
    0,
    0,
    0,
    0,
    0,
    0,
    0,
    0,
    0,
    0,
    0,
    0,
    0,
    0,
    0,
    0,
    0,
    0,
    0,
    0,
    0,
    0,
    0,
    0,
    0,
    0,
    0,
    1,
    0,
    0,
    0,
    0,
    0,
    0,
    0,
    0,
    0,
    0,
    0,
    0,
    0,
    0,
    0,
    0,
    0,
    0,
    0,
    0,
    0,
    0,
    0,
    0,
    0,
    0,
    0,
    0,
    0,
    0,
    0,
    0,
    0,
    0,
    0,
    0,
    0,
    0,
    0,
    0,
    0,
    0,
    0,
    0,
    0,
    0,
    0,
    0,
    0,
    0,
    0,
    0,
    0,
    0,
    0,
    0,
    0,
    0,
    0,
    0,
    0,
    0,
    0,
    0,
    0,
    0,
    0,
    0,
    0,
    0,
    0,
    0,
    0,
    0,
    0,
    0,
    0,
    0,
    0,
    0,
    0,
    0,
    0,
    0,
    0,
    0,
    0,
    0,
    0,
    0,
    0,
    0,
    0,
    0,
    0,
    0,
    0,
    0,
    0,
    0,
    0,
    0,
    0,
    0,
    0,
    0,
    0,
    0,
    0,
    0,
    0,
    0,
    0,
    0,
    0,
    0,
    0,
    0,
    0,
    0,
    0,
    0,
    0,
    0,
    0,
    0,
    0,
    0,
    0,
    0,
    0,
    0,
    0,
    0,
    0,
    0,
    0,
    0,
    0,
    0,
    0,
    0,
    0,
    0,
    0,
    0,
    0,
    0,
    0,
    0,
    0,
    0,
    0,
    0,
    0,
    0,
    0,
    0,
    0,
    0,
    0,
    0,
    0,
    0,
    0,
    0,
    0,
    0,
    0,
    0,
    0,
    0,
    0,
    0,
    0,
    0,
    0,
    0,
    0,
    0,
    0,
    0,
    0,
    0,
    0,
    0,
    0,
    0,
    0,
    0,
    0,
    0,
    0,
    0,
    0,
    0,
    0,
    0,
    0,
    0,
    0,
    0,
    0,
    0,
    0,
    0,
    0,
    0,
    0,
    0,
    0,
    0,
    0,
    0,
    2,
    0,
    0,
    0,
    0,
    0,
    0,
    0,
    0,
    0,
    0,
    0,
    0,
    0,
    0,
    0,
    0,
    0,
    0,
    0,
    0,
    0,
    1,
    0,
    0,
    0,
    0,
    0,
    0,
    0,
    0,
    0,
    0,
    0,
    0,
    0,
    0,
    0,
    0,
    0,
    0,
    0,
    0,
    0,
    0,
    0,
    0,
    0,
    0,
    0,
    0,
    0,
    0,
    0,
    0,
    0,
    0,
    0,
    0,
    0,
    0,
    0,
    0,
    0,
    0,
    0,
    0,
    0,
    0,
    0,
    1,
    0,
    0,
    0,
    0,
    0,
    0,
    0,
    0,
    0,
    0,
    0,
    0,
    0,
    0,
    0,
    0,
    0,
    0,
    0,
    0,
    0,
    0,
    0,
    0,
    0,
    0,
    0,
    0,
    0,
    0,
    0,
    0,
    0,
    0,
    0,
    0,
    0,
    0,
    0,
    0,
    0,
    0,
    0,
    0,
    0,
    0,
    0,
    0,
    0,
    0,
    0,
    0,
    0,
    0,
    0,
    0,
    0,
    0,
    0,
    0,
    0,
    0,
    0,
    0,
    0,
    0,
    0,
    0,
    0,
    0,
    0,
    0,
    0,
    0,
    0,
    0,
    0,
    0,
    0,
    0,
    0,
    0,
    0,
    0,
    0,
    0,
    0,
    0,
    0,
    0,
    0,
    0,
    0,
    0,
    0,
    0,
    0,
    0,
    0,
    0,
    0,
    0,
    0,
    0,
    0,
    0,
    0,
    0,
    0,
    0,
    0,
    0,
    0,
    0,
    0,
    0,
    0,
    0,
    0,
    0,
    0,
    0,
    0,
    0,
    0,
    1,
    0,
    0,
    0,
    0,
    0,
    0,
    0,
    0,
    0,
    0,
    0,
    0,
    0,
    0,
    0,
    0,
    0,
    0,
    0,
    0,
    0,
    0,
    0,
    0,
    0,
    0,
    0,
    0,
    0,
    0,
    0,
    0,
    0,
    0,
    0,
    0,
    0,
    0,
    0,
    0,
    0,
    0,
    0,
    0,
    0,
    1,
    0,
    0,
    0,
    0,
    0,
    0,
    0,
    0,
    0,
    0,
    0,
    0,
    0,
    0,
    0,
    0,
    0,
    0,
    0,
    0,
    0,
    1,
    0,
    0,
    0,
    0,
    0,
    0,
    0,
    0,
    0,
    0,
    0,
    0,
    0,
    0,
    0,
    0,
    0,
    0,
    0,
    0,
    0,
    0,
    0,
    0,
    0,
    0,
    0,
    0,
    0,
    0,
    0,
    0,
    0,
    0,
    0,
    0,
    0,
    0,
    0,
    0,
    0,
    0,
    0,
    0,
    0,
    0,
    0,
    0,
    0,
    0,
    0,
    0,
    0,
    0,
    0,
    0,
    0,
    0,
    0,
    0,
    0,
    0,
    0,
    0,
    0,
    0,
    2,
    0,
    0,
    0,
    0,
    0,
    0,
    0,
    0,
    0,
    0,
    0,
    0,
    0,
    0,
    0,
    0,
    0,
    0,
    0,
    0,
    0,
    0,
    0,
    0,
    0,
    0,
    0,
    0,
    0,
    0,
    0,
    1,
    0,
    0,
    1,
    2,
    2,
    2,
    0,
    0,
    0,
    0,
    0,
    0,
    0,
    0,
    0,
    0,
    0,
    0,
    0,
    0,
    0,
    0,
    0,
    0,
    0,
    0,
    0,
    0,
    0,
    0,
    0,
    0,
    0,
    0,
    1,
    0,
    0,
    0,
    0,
    0,
    0,
    0,
    0,
    0,
    0,
    0,
    0,
    0,
    0,
    0,
    0,
    0,
    0,
    0,
    0,
    0,
    0,
    0,
    0,
    0,
    0,
    0,
    0,
    0,
    0,
    0,
    0,
    0,
    0,
    0,
    0,
    0,
    0,
    0,
    0,
    0,
    0,
    0,
    0,
    0,
    0,
    0,
    0,
    0,
    0,
    0,
    0,
    0,
    0,
    0,
    0,
    0,
    0,
    0,
    0,
    0,
    0,
    0,
    0,
    0,
    0,
    0,
    0,
    0,
    0,
    0,
    0,
    0,
    0,
    0,
    0,
    0,
    0,
    0,
    0,
    0,
    0,
    0,
    0,
    0,
    1,
    0,
    0,
    0,
    0,
    0,
    0,
    0,
    0,
    0,
    0,
    0,
    0,
    0,
    0,
    0,
    0,
    0,
    0,
    0,
    0,
    0,
    0,
    0,
    0,
    0,
    0,
    0,
    0,
    0,
    0,
    0,
    0,
    0,
    0,
    0,
    0,
    0,
    0,
    0,
    0,
    0,
    0,
    0,
    0,
    0,
    0,
    0,
    0,
    0,
    0,
    0,
    0,
    0,
    0,
    0,
    0,
    0,
    0,
    0,
    0,
    0,
    0,
    0,
    0,
    0,
    0,
    0,
    0,
    0,
    0,
    0,
    1,
    0,
    0,
    0,
    0,
    0,
    0,
    0,
    0,
    0,
    0,
    0,
    0,
    0,
    0,
    0,
    0,
    0,
    0,
    0,
    0,
    0,
    0,
    0,
    0,
    0,
    0,
    0,
    0,
    0,
    0,
    0,
    0,
    0,
    0,
    0,
    0,
    0,
    0,
    0,
    0,
    0,
    0,
    0,
    0,
    0,
    0,
    0,
    0,
    0,
    0,
    0,
    0,
    0,
    0,
    0,
    0,
    0,
    0,
    0,
    0,
    0,
    1,
    1,
    0,
    0,
    0,
    0,
    0,
    0,
    0,
    0,
    0,
    0,
    0,
    0,
    0,
    0,
    0,
    0,
    0,
    0,
    0,
    0,
    0,
    0,
    0,
    0,
    0,
    0,
    0,
    0,
    0,
    0,
    0,
    0,
    0,
    0,
    0,
    0,
    0,
    0,
    0,
    0,
    0,
    0,
    0,
    0,
    0,
    0,
    0,
    0,
    0,
    0,
    0,
    0,
    0,
    0,
    0,
    1,
    0,
    0,
    0,
    0,
    0,
    0,
    0,
    0,
    0,
    0,
    0,
    0,
    0,
    0,
    0,
    0,
    0,
    0,
    0,
    0,
    0,
    0,
    0,
    0,
    0,
    0,
    0,
    0,
    0,
    0,
    0,
    0,
    0,
    0,
    0,
    0,
    0,
    0,
    0,
    0,
    0,
    0,
    0,
    0,
    0,
    2,
    0,
    0,
    0,
    0,
    0,
    0,
    0,
    0,
    0,
    0,
    0,
    0,
    0,
    0,
    0,
    0,
    0,
    0,
    0,
    0,
    0,
    0,
    0,
    0,
    0,
    0,
    0,
    0,
    0,
    0,
    0,
    0,
    0,
    0,
    1,
    0,
    0,
    0,
    0,
    0,
    0,
    0,
    0,
    0,
    0,
    0,
    0,
    0,
    0,
    0,
    0,
    0,
    0,
    0,
    0,
    1,
    0,
    0,
    0,
    0,
    0,
    0,
    0,
    0,
    0,
    0,
    0,
    0,
    0,
    0,
    0,
    0,
    0,
    0,
    0,
    0,
    0,
    0,
    0,
    0,
    0,
    0,
    0,
    0,
    0,
    0,
    0,
    0,
    0,
    0,
    0,
    0,
    0,
    0,
    0,
    0,
    0,
    0,
    0,
    0,
    0,
    0,
    0,
    0,
    0,
    0,
    0,
    0,
    0,
    0,
    0,
    0,
    0,
    0,
    0,
    0,
    0,
    0,
    0,
    0,
    0,
    0,
    0,
    0,
    0,
    0,
    0,
    0,
    0,
    0,
    0,
    0,
    0,
    0,
    0,
    0,
    0,
    0,
    0,
    0,
    0,
    0,
    0,
    0,
    0,
    0,
    0,
    0,
    0,
    0,
    0,
    0,
    0,
    0,
    0,
    0,
    0,
    0,
    0,
    0,
    0,
    0,
    0,
    0,
    0,
    0,
    0,
    0,
    0,
    0,
    0,
    0,
    0,
    0,
    0,
    0,
    0,
    0,
    0,
    0,
    0,
    0,
    0,
    0,
    0,
    0,
    0,
    0,
    0,
    0,
    0,
    0,
    0,
    0,
    0,
    0,
    0,
    0,
    0,
    0,
    0,
    0,
    0,
    0,
    0,
    0,
    0,
    0,
    0,
    0,
    0,
    0,
    0,
    0,
    0,
    0,
    0,
    0,
    0,
    0,
    0,
    0,
    0,
    0,
    0,
    0,
    0,
    0,
    0,
    0,
    0,
    0,
    0,
    0,
    0,
    0,
    0,
    0,
    0,
    0,
    0,
    0,
    0,
    0,
    0,
    0,
    0,
    0,
    0,
    0,
    0,
    0,
    0,
    0,
    0,
    0,
    0,
    0,
    0,
    0,
    0,
    0,
    0,
    0,
    0,
    0,
    0,
    0,
    0,
    0,
    0,
    0,
    0,
    0,
    0,
    0,
    0,
    0,
    0,
    0,
    0,
    0,
    0,
    0,
    0,
    0,
    0,
    0,
    0,
    0,
    1,
    1,
    0,
    0,
    0,
    0,
    0,
    0,
    0,
    0,
    0,
    0,
    0,
    0,
    0,
    0,
    0,
    0,
    1,
    0,
    2,
    0,
    0,
    0,
    0,
    0,
    0,
    0,
    0,
    0,
    0,
    0,
    0,
    0,
    0,
    0,
    0,
    0,
    0,
    0,
    0,
    0,
    0,
    1,
    0,
    0,
    0,
    0,
    0,
    0,
    0,
    0,
    0,
    0,
    2,
    0,
    0,
    0,
    0,
    0,
    0,
    0,
    0,
    0,
    0,
    0,
    0,
    0,
    0,
    0,
    0,
    0,
    0,
    0,
    0,
    0,
    0,
    0,
    0,
    0,
    0,
    0,
    0,
    0,
    0,
    0,
    1,
    0,
    0,
    0,
    0,
    0,
    0,
    0,
    1,
    0,
    0,
    0,
    0,
    0,
    0,
    0,
    0,
    0,
    0,
    0,
    0,
    0,
    1,
    0,
    0,
    0,
    0,
    0,
    0,
    0,
    0,
    0,
    0,
    0,
    0,
    0,
    0,
    0,
    0,
    0,
    0,
    0,
    0,
    0,
    1,
    0,
    0,
    0,
    0,
    0,
    0,
    0,
    0,
    0,
    0,
    0,
    0,
    0,
    0,
    0,
    0,
    0,
    0,
    0,
    0,
    0,
    0,
    0,
    0,
    0,
    0,
    0,
    0,
    0,
    0,
    0,
    0,
    0,
    0,
    0,
    0,
    0,
    0,
    0,
    0,
    0,
    0,
    0,
    0,
    0,
    0,
    0,
    0,
    0,
    0,
    0,
    0,
    0,
    0,
    0,
    0,
    0,
    0,
    0,
    0,
    0,
    0,
    0,
    0,
    0,
    0,
    0,
    0,
    0,
    0,
    0,
    0,
    0,
    0,
    0,
    0,
    0,
    0,
    0,
    0,
    0,
    0,
    0,
    0,
    0,
    0,
    0,
    0,
    0,
    0,
    0,
    0,
    0,
    0,
    0,
    0,
    0,
    0,
    0,
    0,
    0,
    0,
    0,
    0,
    0,
    0,
    0,
    0,
    0,
    0,
    0,
    0,
    0,
    0,
    0,
    0,
    0,
    0,
    0,
    0,
    0,
    0,
    0,
    0,
    0,
    0,
    0,
    0,
    0,
    0,
    0,
    0,
    0,
    0,
    0,
    0,
    0,
    0,
    0,
    0,
    0,
    0,
    0,
    0,
    0,
    0,
    0,
    0,
    0,
    0,
    0,
    0,
    0,
    0,
    0,
    0,
    0,
    0,
    0,
    0,
    0,
    0,
    0,
    0,
    0,
    0,
    0,
    0,
    0,
    0,
    0,
    0,
    0,
    0,
    0,
    0,
    0,
    0,
    0,
    0,
    0,
    0,
    0,
    0,
    0,
    0,
    0,
    0,
    0,
    0,
    0,
    0,
    0,
    0,
    0,
    0,
    0,
    0,
    1,
    0,
    0,
    0,
    0,
    0,
    0,
    0,
    0,
    0,
    0,
    0,
    0,
    0,
    0,
    0,
    0,
    0,
    0,
    0,
    0,
    0,
    0,
    0,
    0,
    0,
    0,
    0,
    0,
    0,
    0,
    0,
    0,
    0,
    0,
    0,
    0,
    0,
    0,
    0,
    0,
    0,
    0,
    0,
    0,
    0,
    0,
    0,
    0,
    0,
    0,
    0,
    0,
    0,
    0,
    0,
    0,
    0,
    0,
    0,
    0,
    0,
    0,
    0,
    0,
    0,
    0,
    0,
    0,
    0,
    0,
    0,
    0,
    0,
    0,
    0,
    0,
    0,
    0,
    0,
    0,
    0,
    0,
    0,
    0,
    0,
    0,
    0,
    0,
    0,
    0,
    0,
    0,
    0,
    0,
    0,
    0,
    0,
    0,
    0,
    0,
    0,
    0,
    0,
    0,
    0,
    0,
    0,
    0,
    0,
    0,
    0,
    0,
    0,
    0,
    0,
    0,
    0,
    0,
    0,
    0,
    0,
    0,
    0,
    0,
    0,
    0,
    0,
    0,
    0,
    0,
    0,
    0,
    0,
    0,
    0,
    0,
    0,
    0,
    0,
    0,
    0,
    0,
    0,
    0,
    0,
    0,
    0,
    0,
    0,
    0,
    0,
    2,
    0,
    0,
    0,
    0,
    0,
    2,
    0,
    0,
    0,
    0,
    0,
    0,
    0,
    0,
    0,
    0,
    0,
    0,
    0,
    0,
    0,
    0,
    0,
    0,
    0,
    0,
    0,
    0,
    0,
    0,
    0,
    0,
    0,
    0,
    0,
    0,
    0,
    0,
    0,
    0,
    0,
    0,
    0,
    0,
    0,
    0,
    0,
    0,
    0,
    0,
    0,
    0,
    0,
    0,
    0,
    0,
    0,
    0,
    0,
    0,
    0,
    0,
    0,
    0,
    0,
    0,
    0,
    0,
    0,
    0,
    0,
    0,
    0,
    0,
    0,
    0,
    0,
    0,
    0,
    0,
    0,
    0,
    0,
    0,
    0,
    0,
    0,
    0,
    0,
    0,
    0,
    0,
    0,
    0,
    0,
    0,
    0,
    0,
    0,
    0,
    0,
    0,
    0,
    0,
    0,
    0,
    0,
    0,
    0,
    0,
    0,
    0,
    0,
    0,
    0,
    0,
    0,
    0,
    0,
    0,
    0,
    0,
    0,
    0,
    0,
    0,
    0,
    0,
    0,
    0,
    0,
    0,
    0,
    0,
    0,
    0,
    0,
    0,
    0,
    0,
    0,
    0,
    0,
    0,
    0,
    0,
    0,
    0,
    0,
    0,
    0,
    0,
    0,
    0,
    0,
    1,
    0,
    0,
    0,
    0,
    0,
    0,
    0,
    0,
    0,
    0,
    0,
    0,
    0,
    0,
    0,
    0,
    0,
    0,
    0,
    0,
    0,
    0,
    0,
    0,
    0,
    0,
    0,
    0,
    0,
    0,
    0,
    0,
    0,
    0,
    0,
    0,
    0,
    0,
    0,
    0,
    0,
    0,
    0,
    0,
    0,
    0,
    0,
    0,
    0,
    0,
    0,
    0,
    0,
    0,
    0,
    0,
    0,
    0,
    0,
    0,
    0,
    0,
    0,
    0,
    0,
    0,
    0,
    0,
    0,
    0,
    0,
    0,
    0,
    0,
    0,
    0,
    0,
    0,
    0,
    0,
    2,
    0,
    0,
    0,
    0,
    0,
    0,
    0,
    0,
    0,
    0,
    0,
    0,
    0,
    0,
    0,
    0,
    0,
    0,
    0,
    0,
    0,
    0,
    0,
    0,
    0,
    0,
    0,
    0,
    0,
    0,
    0,
    0,
    0,
    0,
    0,
    0,
    0,
    0,
    0,
    0,
    0,
    0,
    0,
    0,
    0,
    0,
    0,
    0,
    0,
    0,
    0,
    0,
    0,
    1,
    0,
    0,
    0,
    0,
    0,
    0,
    0,
    0,
    0,
    0,
    0,
    0,
    0,
    0,
    0,
    0,
    0,
    0,
    0,
    0,
    0,
    0,
    0,
    0,
    0,
    0,
    0,
    0,
    0,
    0,
    0,
    0,
    0,
    0,
    0,
    0,
    0,
    0,
    0,
    0,
    0,
    0,
    0,
    0,
    0,
    0,
    0,
    0,
    0,
    0,
    0,
    0,
    0,
    0,
    0,
    0,
    0,
    0,
    0,
    0,
    0,
    0,
    0,
    0,
    0,
    0,
    0,
    0,
    0,
    0,
    0,
    0,
    0,
    0,
    0,
    0,
    0,
    0,
    0,
    0,
    0,
    0,
    0,
    0,
    0,
    0,
    0,
    0,
    0,
    0,
    0,
    0,
    0,
    0,
    0,
    0,
    0,
    0,
    0,
    0,
    0,
    0,
    0,
    0,
    0,
    0,
    0,
    0,
    0,
    0,
    0,
    0,
    0,
    0,
    0,
    0,
    0,
    0,
    0,
    0,
    0,
    0,
    0,
    0,
    0,
    0,
    0,
    0,
    0,
    0,
    0,
    0,
    0,
    0,
    0,
    0,
    0,
    0,
    0,
    0,
    0,
    0,
    0,
    0,
    0,
    0,
    0,
    0,
    0,
    0,
    0,
    0,
    0,
    0,
    0,
    0,
    0,
    0,
    0,
    0,
    0,
    0,
    0,
    0,
    0,
    0,
    0,
    0,
    0,
    0,
    0,
    0,
    0,
    0,
    0,
    0,
    0,
    0,
    0,
    1,
    0,
    0,
    0,
    0,
    0,
    0,
    0,
    0,
    0,
    0,
    0,
    0,
    0,
    0,
    0,
    0,
    0,
    0,
    0,
    0,
    0,
    0,
    0,
    0,
    0,
    0,
    0,
    0,
    0,
    0,
    0,
    0,
    0,
    0,
    0,
    0,
    0,
    0,
    0,
    0,
    0,
    0,
    0,
    0,
    0,
    0,
    3,
    0,
    0,
    0,
    0,
    0,
    0,
    0,
    0,
    0,
    0,
    0,
    0,
    0,
    0,
    0,
    0,
    0,
    0,
    0,
    0,
    0,
    0,
    0,
    0,
    0,
    0,
    2,
    0,
    0,
    0,
    0,
    0,
    1,
    0,
    0,
    0,
    0,
    0,
    0,
    0,
    0,
    0,
    0,
    0,
    0,
    0,
    0,
    0,
    0,
    0,
    0,
    0,
    0,
    1,
    0,
    0,
    0,
    0,
    0,
    0,
    0,
    0,
    0,
    0,
    0,
    0,
    0,
    0,
    0,
    0,
    0,
    0,
    0,
    0,
    0,
    0,
    0,
    0,
    0,
    0,
    0,
    0,
    0,
    0,
    0,
    1,
    0,
    0,
    0,
    0,
    0,
    0,
    0,
    0,
    0,
    0,
    0,
    0,
    0,
    0,
    0,
    0,
    0,
    0,
    0,
    0,
    0,
    0,
    0,
    0,
    0,
    0,
    0,
    0,
    0,
    0,
    0,
    0,
    0,
    0,
    0,
    0,
    0,
    0,
    0,
    0,
    0,
    0,
    0,
    0,
    0,
    0,
    0,
    0,
    0,
    0,
    0,
    0,
    0,
    0,
    0,
    0,
    0,
    2,
    0,
    2,
    0,
    0,
    0,
    0,
    0,
    0,
    0,
    0,
    0,
    0,
    0,
    0,
    0,
    0,
    0,
    0,
    0,
    0,
    0,
    0,
    0,
    0,
    0,
    0,
    0,
    0,
    0,
    0,
    0,
    0,
    0,
    0,
    0,
    0,
    0,
    0,
    0,
    0,
    0,
    0,
    0,
    0,
    0,
    0,
    0,
    0,
    0,
    0,
    0,
    0,
    0,
    0,
    0,
    0,
    0,
    0,
    0,
    0,
    0,
    0,
    0,
    0,
    0,
    0,
    0,
    0,
    0,
    0,
    0,
    0,
    0,
    0,
    0,
    0,
    0,
    0,
    0,
    0,
    0,
    0,
    0,
    0,
    0,
    0,
    0,
    0,
    0,
    0,
    0,
    0,
    0,
    0,
    0,
    0,
    1,
    0,
    0,
    0,
    0,
    0,
    0,
    0,
    0,
    0,
    0,
    0,
    0,
    0,
    0,
    0,
    0,
    0,
    0,
    0,
    0,
    0,
    0,
    0,
    0,
    0,
    0,
    0,
    0,
    0,
    0,
    0,
    0,
    0,
    0,
    0,
    0,
    0,
    0,
    0,
    0,
    0,
    0,
    0,
    0,
    0,
    0,
    0,
    0,
    0,
    0,
    0,
    0,
    0,
    0,
    0,
    0,
    0,
    0,
    0,
    0,
    0,
    0,
    0,
    0,
    0,
    0,
    0,
    0,
    0,
    0,
    0,
    0,
    0,
    0,
    0,
    0,
    0,
    0,
    0,
    0,
    0,
    0,
    0,
    0,
    0,
    0,
    0,
    0,
    0,
    0,
    0,
    0,
    0,
    0,
    0,
    0,
    0,
    0,
    0,
    0,
    0,
    0,
    0,
    0,
    0,
    0,
    0,
    0,
    0,
    0,
    0,
    0,
    0,
    0,
    0,
    0,
    0,
    0,
    0,
    0,
    0,
    0,
    0,
    0,
    0,
    0,
    0,
    0,
    0,
    0,
    0,
    0,
    0,
    0,
    0,
    0,
    0,
    0,
    0,
    0,
    1,
    0,
    0,
    0,
    0,
    0,
    0,
    0,
    0,
    0,
    0,
    0,
    0,
    0,
    0,
    0,
    0,
    0,
    0,
    0,
    0,
    0,
    0,
    0,
    0,
    0,
    0,
    0,
    0,
    0,
    0,
    0,
    0,
    0,
    0,
    0,
    0,
    0,
    0,
    0,
    0,
    0,
    0,
    0,
    0,
    0,
    0,
    0,
    0,
    0,
    0,
    0,
    0,
    0,
    0,
    0,
    0,
    0,
    1,
    0,
    0,
    0,
    0,
    0,
    0,
    0,
    0,
    0,
    0,
    0,
    0,
    0,
    0,
    0,
    0,
    0,
    0,
    0,
    0,
    0,
    0,
    0,
    0,
    0,
    0,
    0,
    0,
    0,
    0,
    0,
    0,
    0,
    0,
    0,
    0,
    0,
    0,
    0,
    0,
    0,
    0,
    0,
    0,
    0,
    0,
    0,
    0,
    0,
    0,
    0,
    0,
    0,
    0,
    0,
    0,
    0,
    0,
    0,
    0,
    0,
    0,
    0,
    0,
    0,
    0,
    0,
    0
  ],
  "pressure_subdivision_wall_ms": {
    "grid_query_distance": 1.1870887409895658,
    "query_weights_gram": 4.8032639641314745,
    "small_closed_form_solve": 0.053153736516833305
  },
  "grid_samples_visited": [
    287,
    365,
    343,
    274,
    196,
    323,
    358,
    257,
    342,
    316,
    196,
    219,
    287,
    333,
    268,
    366,
    219,
    268,
    196,
    0,
    565,
    537,
    539,
    530,
    477,
    579,
    170,
    196,
    196,
    270,
    431,
    481,
    397,
    229,
    196,
    472,
    477,
    409,
    170,
    170,
    170,
    342,
    358,
    205,
    181,
    224,
    257,
    283,
    241,
    164,
    166,
    225,
    299,
    164,
    355,
    274,
    342,
    287,
    383,
    366,
    219,
    268,
    343,
    257,
    268,
    316,
    343,
    418,
    315,
    323,
    287,
    365,
    408,
    315,
    196,
    323,
    386,
    442,
    362,
    475,
    657,
    362,
    412,
    362,
    362,
    488,
    539,
    413,
    362,
    442,
    170,
    219,
    196,
    257,
    350,
    270,
    416,
    418,
    453,
    446,
    350,
    407,
    270,
    170,
    170,
    178,
    165,
    342,
    333,
    234,
    213,
    196,
    196,
    257,
    316,
    236,
    219,
    333,
    196,
    230,
    342,
    227,
    260,
    366,
    219,
    196,
    257,
    350,
    274,
    342,
    196,
    287,
    333,
    366,
    412,
    412,
    268,
    420,
    408,
    446,
    477,
    268,
    377,
    426,
    412,
    314,
    268,
    408,
    346,
    363,
    268,
    316,
    424,
    645,
    539,
    504,
    362,
    442,
    170,
    196,
    196,
    170,
    170,
    170,
    180,
    333,
    162,
    198,
    155,
    365,
    268,
    196,
    316,
    323,
    138,
    321,
    257,
    316,
    219,
    196,
    196,
    196,
    196,
    196,
    358,
    257,
    342,
    316,
    196,
    219,
    287,
    333,
    268,
    366,
    219,
    196,
    257,
    196,
    625,
    442,
    644,
    362,
    170,
    257,
    316,
    268,
    219,
    333,
    196,
    170,
    219,
    196,
    343,
    257,
    196,
    316,
    170,
    170,
    170,
    205,
    323,
    196,
    145,
    198,
    374,
    292,
    219,
    196,
    196,
    343,
    343,
    257,
    196,
    316,
    219,
    196,
    148,
    162,
    196,
    196,
    219,
    196,
    257,
    196,
    431,
    481,
    537,
    480,
    539,
    472,
    477,
    509,
    358,
    257,
    342,
    316,
    196,
    219,
    287,
    333,
    268,
    366,
    270,
    412,
    268,
    268,
    392,
    343,
    413,
    268,
    316,
    170,
    196,
    196,
    424,
    362,
    170,
    170,
    342,
    196,
    289,
    235,
    273,
    178,
    351,
    316,
    236,
    366,
    257,
    316,
    164,
    219,
    333,
    164,
    227,
    290,
    270,
    230,
    323,
    230,
    342,
    227,
    260,
    290,
    274,
    372,
    342,
    196,
    196,
    287,
    333,
    366,
    343,
    418,
    408,
    315,
    196,
    323,
    213,
    358,
    372,
    418,
    342,
    196,
    196,
    287,
    333,
    366,
    412,
    362,
    413,
    442,
    170,
    358,
    342,
    335,
    477,
    409,
    170,
    358,
    342,
    335,
    477,
    409,
    170,
    170,
    170,
    310,
    198,
    235,
    205,
    159,
    224,
    342,
    227,
    0,
    290,
    219,
    287,
    196,
    362,
    343,
    230,
    257,
    196,
    323,
    316,
    257,
    316,
    268,
    219,
    333,
    196,
    208,
    219,
    285,
    231,
    138,
    164,
    357,
    362,
    343,
    230,
    257,
    196,
    323,
    316,
    386,
    350,
    284,
    268,
    227,
    290,
    230,
    323,
    196,
    196,
    170,
    257,
    196,
    219,
    196,
    170,
    257,
    350,
    219,
    196,
    424,
    270,
    170,
    281,
    196,
    196,
    227,
    362,
    309,
    230,
    196,
    296,
    358,
    316,
    196,
    114,
    342,
    173,
    260,
    290,
    196,
    196,
    196,
    219,
    196,
    257,
    196,
    431,
    342,
    472,
    409,
    219,
    196,
    196,
    196,
    412,
    539,
    413,
    362,
    442,
    424,
    347,
    645,
    623,
    314,
    362,
    609,
    595,
    527,
    577,
    623,
    539,
    558,
    571,
    170,
    196,
    196,
    170,
    170,
    270,
    198,
    300,
    170,
    137,
    201,
    300,
    170,
    287,
    362,
    343,
    230,
    196,
    323,
    219,
    287,
    196,
    365,
    343,
    274,
    257,
    196,
    323,
    316,
    196,
    196,
    358,
    342,
    196,
    287,
    383,
    366,
    196,
    196,
    412,
    268,
    413,
    350,
    270,
    343,
    418,
    453,
    446,
    353,
    170,
    287,
    365,
    346,
    315,
    196,
    377,
    170,
    270,
    170,
    180,
    198,
    155,
    342,
    178,
    219,
    138,
    164,
    296,
    343,
    257,
    164,
    316,
    257,
    316,
    164,
    219,
    333,
    196,
    219,
    196,
    257,
    268,
    316,
    219,
    229,
    196,
    343,
    343,
    257,
    196,
    316,
    257,
    316,
    268,
    219,
    333,
    196,
    358,
    257,
    397,
    316,
    268,
    219,
    287,
    333,
    268,
    366,
    170,
    257,
    350,
    219,
    196,
    424,
    625,
    539,
    539,
    170,
    196,
    196,
    170,
    170,
    180,
    333,
    162,
    333,
    198,
    137,
    287,
    362,
    343,
    230,
    196,
    323,
    219,
    196,
    196,
    257,
    196,
    219,
    196,
    274,
    257,
    342,
    316,
    196,
    219,
    287,
    333,
    196,
    366,
    287,
    365,
    346,
    315,
    196,
    323,
    358,
    342,
    335,
    477,
    409,
    343,
    418,
    409,
    315,
    323,
    170,
    257,
    350,
    219,
    196,
    170,
    257,
    350,
    219,
    196,
    170,
    270,
    270,
    323,
    127,
    198,
    325,
    342,
    164,
    196,
    196,
    230,
    342,
    227,
    260,
    290,
    274,
    342,
    287,
    299,
    366,
    219,
    196,
    196,
    257,
    350,
    219,
    196,
    257,
    316,
    236,
    219,
    333,
    196,
    539,
    539,
    170,
    358,
    257,
    342,
    316,
    196,
    219,
    287,
    333,
    268,
    366,
    170,
    219,
    196,
    257,
    196,
    170,
    170,
    170,
    336,
    234,
    342,
    188,
    196,
    219,
    196,
    343,
    257,
    164,
    316,
    181,
    224,
    287,
    287,
    342,
    196,
    196,
    287,
    260,
    366,
    219,
    196,
    257,
    350,
    219,
    196,
    257,
    236,
    316,
    287,
    365,
    312,
    274,
    196,
    323,
    196,
    196,
    170,
    257,
    316,
    268,
    219,
    333,
    268,
    270,
    556,
    523,
    453,
    494,
    442,
    570,
    270,
    170,
    170,
    213,
    342,
    196,
    180,
    257,
    316,
    196,
    219,
    333,
    196,
    330,
    225,
    287,
    230,
    323,
    219,
    196,
    196,
    196,
    196,
    219,
    268,
    413,
    350,
    274,
    342,
    196,
    287,
    333,
    366,
    375,
    301,
    431,
    415,
    492,
    537,
    537,
    522,
    362,
    530,
    530,
    570,
    362,
    579,
    424,
    431,
    535,
    635,
    480,
    539,
    643,
    477,
    579,
    270,
    565,
    558,
    537,
    522,
    362,
    530,
    530,
    570,
    362,
    579,
    170,
    270,
    170,
    201,
    333,
    239,
    351,
    342,
    351,
    357,
    196,
    236,
    145,
    287,
    362,
    343,
    196,
    323,
    257,
    196,
    219,
    196,
    227,
    287,
    230,
    323,
    219,
    196,
    257,
    196,
    196,
    196,
    274,
    257,
    342,
    316,
    196,
    219,
    287,
    333,
    196,
    366,
    196,
    196,
    0,
    362,
    362,
    211,
    343,
    418,
    408,
    315,
    196,
    323,
    270,
    416,
    523,
    453,
    494,
    442,
    570,
    270,
    270,
    170,
    180,
    196,
    477,
    316,
    304,
    173,
    108,
    196,
    117,
    162,
    257,
    196,
    196,
    227,
    287,
    267,
    230,
    323,
    257,
    196,
    196,
    219,
    196,
    257,
    164,
    316,
    331,
    268,
    346,
    363,
    268,
    316,
    196,
    196,
    270,
    504,
    442,
    530,
    362,
    170,
    257,
    350,
    196,
    170,
    270,
    170,
    165,
    297,
    155,
    213,
    323,
    230,
    257,
    296,
    316,
    196,
    219,
    287,
    333,
    164,
    366,
    257,
    316,
    164,
    219,
    333,
    196,
    257,
    350,
    219,
    196,
    219,
    196,
    257,
    236,
    316,
    287,
    365,
    408,
    315,
    268,
    377,
    219,
    196,
    413,
    350,
    170,
    287,
    365,
    346,
    315,
    196,
    323,
    270,
    412,
    268,
    413,
    350,
    170,
    170,
    170,
    196,
    233,
    342,
    117,
    316,
    164,
    166,
    299,
    164,
    188,
    196,
    196,
    219,
    196,
    257,
    196,
    219,
    285,
    164,
    362,
    343,
    230,
    257,
    196,
    323,
    316,
    285,
    362,
    309,
    230,
    196,
    323,
    196,
    196,
    287,
    365,
    312,
    274,
    196,
    323,
    170,
    274,
    342,
    335,
    433,
    409,
    424,
    625,
    442,
    644,
    539,
    170,
    170,
    170,
    175,
    233,
    208,
    356,
    114,
    288,
    173,
    260,
    279,
    257,
    196,
    219,
    196,
    331,
    257,
    308,
    316,
    268,
    219,
    333,
    268,
    227,
    287,
    267,
    230,
    323,
    227,
    290,
    270,
    230,
    323,
    412,
    362,
    413,
    442,
    170,
    412,
    314,
    268,
    392,
    343,
    363,
    268,
    316,
    270,
    412,
    469,
    362,
    595,
    527,
    494,
    477,
    362,
    558,
    515,
    170,
    287,
    365,
    408,
    323,
    270,
    170,
    333,
    449,
    233,
    155,
    198,
    145,
    233,
    314,
    365,
    343,
    195,
    196,
    330,
    351,
    323,
    342,
    321,
    257,
    196,
    196,
    219,
    196,
    257,
    196,
    196,
    196,
    219,
    196,
    257,
    236,
    350,
    314,
    314,
    219,
    287,
    268,
    365,
    346,
    257,
    196,
    377,
    316,
    213,
    431,
    331,
    257,
    424,
    308,
    397,
    316,
    196,
    219,
    287,
    333,
    268,
    366,
    170,
    257,
    316,
    268,
    219,
    333,
    268,
    424,
    625,
    442,
    539,
    170,
    170,
    170,
    323,
    198,
    165,
    199,
    196,
    196,
    196,
    196,
    257,
    316,
    164,
    219,
    333,
    196,
    219,
    196,
    295,
    196,
    219,
    287,
    268,
    365,
    346,
    315,
    257,
    196,
    377,
    316,
    219,
    196,
    196,
    196,
    287,
    365,
    346,
    315,
    196,
    323,
    170,
    257,
    350,
    219,
    196,
    170,
    274,
    342,
    335,
    383,
    409,
    170,
    170,
    170,
    333,
    165,
    181,
    301,
    253,
    273,
    257,
    316,
    236,
    219,
    333,
    196,
    257,
    316,
    268,
    219,
    333,
    268,
    287,
    365,
    343,
    274,
    196,
    323,
    358,
    342,
    342,
    287,
    477,
    366,
    257,
    316,
    236,
    219,
    196,
    412,
    314,
    362,
    533,
    612,
    623,
    362,
    571,
    424,
    625,
    442,
    362,
    644,
    539,
    270,
    362,
    362,
    270,
    170,
    270,
    196,
    199,
    438,
    159,
    219,
    257,
    196,
    196,
    274,
    418,
    342,
    196,
    196,
    287,
    333,
    366,
    219,
    196,
    257,
    162,
    257,
    196,
    196,
    219,
    196,
    257,
    350,
    358,
    342,
    472,
    477,
    409,
    270,
    386,
    350,
    268,
    475,
    409,
    268,
    270,
    268,
    196,
    270,
    270,
    270,
    234,
    196,
    174,
    299,
    257,
    196,
    196,
    196,
    196,
    230,
    296,
    342,
    196,
    196,
    287,
    260,
    366,
    257,
    196,
    196,
    219,
    196,
    295,
    268,
    350,
    343,
    418,
    408,
    315,
    323,
    0,
    219,
    196,
    196,
    392,
    343,
    257,
    268,
    316,
    270,
    386,
    522,
    362,
    475,
    570,
    362,
    270,
    431,
    481,
    537,
    395,
    442,
    472,
    477,
    509,
    170,
    170,
    170,
    180,
    165,
    198,
    198,
    219,
    285,
    164,
    362,
    309,
    230,
    257,
    196,
    296,
    316,
    257,
    196,
    219,
    196,
    274,
    342,
    335,
    433,
    409,
    257,
    316,
    268,
    219,
    333,
    268,
    287,
    365,
    309,
    274,
    196,
    323,
    412,
    362,
    413,
    442,
    416,
    523,
    453,
    494,
    570,
    424,
    347,
    556,
    386,
    314,
    362,
    527,
    527,
    623,
    362,
    571,
    170,
    257,
    196,
    219,
    196,
    170,
    270,
    170,
    292,
    281,
    401,
    196,
    236,
    308,
    323,
    350,
    208,
    0,
    219,
    287,
    196,
    196,
    357,
    362,
    343,
    343,
    343,
    196,
    323,
    316,
    283,
    343,
    274,
    323,
    257,
    316,
    236,
    219,
    333,
    196,
    287,
    365,
    364,
    315,
    323,
    196,
    196,
    219,
    196,
    257,
    164,
    316,
    556,
    523,
    453,
    577,
    442,
    570,
    270,
    362,
    362,
    346,
    625,
    577,
    362,
    644,
    657,
    362,
    270,
    170,
    170,
    289,
    333,
    234,
    342,
    316,
    257,
    162,
    219,
    196,
    257,
    196,
    196,
    257,
    316,
    196,
    219,
    333,
    196,
    302,
    412,
    339,
    314,
    268,
    346,
    363,
    268,
    426,
    287,
    365,
    270,
    274,
    323,
    358,
    372,
    342,
    196,
    196,
    287,
    333,
    366,
    270,
    386,
    442,
    530,
    362,
    424,
    645,
    539,
    504,
    362,
    442,
    270,
    170,
    170,
    289,
    198,
    290,
    208,
    343,
    198,
    127,
    534,
    257,
    162,
    219,
    196,
    257,
    347,
    196,
    219,
    196,
    343,
    257,
    164,
    316,
    219,
    196,
    257,
    196,
    358,
    342,
    335,
    409,
    196,
    196,
    270,
    431,
    481,
    537,
    480,
    539,
    472,
    477,
    509,
    424,
    623,
    595,
    453,
    577,
    539,
    570,
    270,
    268,
    170,
    170,
    196,
    358,
    181,
    237,
    0,
    219,
    196,
    257,
    316,
    257,
    316,
    268,
    219,
    333,
    196,
    257,
    196,
    196,
    358,
    342,
    196,
    287,
    333,
    366,
    343,
    418,
    453,
    446,
    353,
    431,
    342,
    472,
    477,
    409,
    556,
    523,
    453,
    577,
    442,
    570,
    270,
    268,
    316,
    424,
    556,
    539,
    413,
    442,
    170,
    270,
    170,
    333,
    233,
    196,
    333,
    201,
    285,
    362,
    309,
    230,
    196,
    323,
    196,
    196,
    196,
    196,
    268,
    268,
    196,
    196,
    358,
    257,
    397,
    316,
    268,
    219,
    287,
    333,
    268,
    366,
    362,
    362,
    170,
    257,
    316,
    236,
    219,
    196,
    170,
    196,
    196,
    270,
    170,
    170,
    198,
    297,
    236,
    315,
    323,
    281,
    196,
    196,
    219,
    196,
    343,
    257,
    164,
    316,
    230,
    342,
    196,
    287,
    333,
    366,
    227,
    290,
    270,
    230,
    323,
    252,
    412,
    359,
    314,
    268,
    417,
    365,
    346,
    446,
    363,
    268,
    377,
    426,
    219,
    196,
    196,
    196,
    287,
    365,
    312,
    274,
    323,
    170,
    283,
    343,
    315,
    323,
    270,
    268,
    268,
    424,
    270,
    170,
    205,
    323,
    196,
    342,
    188,
    196,
    240,
    287,
    365,
    270,
    274,
    323,
    219,
    196,
    343,
    257,
    196,
    316,
    257,
    316,
    164,
    219,
    333,
    196,
    287,
    365,
    364,
    315,
    323,
    257,
    196,
    196,
    219,
    196,
    257,
    350,
    170,
    219,
    196,
    257,
    350,
    170,
    219,
    268,
    343,
    257,
    196,
    316,
    170,
    170,
    170,
    196,
    343,
    287,
    0,
    233,
    180,
    219,
    196,
    117,
    162,
    257,
    316,
    196,
    219,
    333,
    196,
    287,
    365,
    408,
    315,
    323,
    358,
    257,
    397,
    316,
    268,
    284,
    417,
    383,
    268,
    366,
    431,
    257,
    397,
    316,
    268,
    219,
    287,
    333,
    268,
    366,
    257,
    196,
    219,
    196,
    170,
    257,
    196,
    196,
    270,
    359,
    365,
    408,
    446,
    196,
    407,
    270,
    412,
    362,
    454,
    477,
    362,
    515,
    270,
    270,
    170,
    343,
    365,
    323,
    201,
    196,
    196,
    196,
    196,
    257,
    162,
    219,
    196,
    257,
    162,
    219,
    196,
    219,
    196,
    257,
    350,
    219,
    196,
    257,
    196,
    268,
    268,
    170,
    358,
    342,
    335,
    433,
    409,
    170,
    257,
    196,
    196,
    170,
    170,
    270,
    336,
    170,
    347,
    112,
    165,
    299,
    198,
    299,
    164,
    196,
    196,
    196,
    196,
    343,
    418,
    315,
    323,
    219,
    285,
    164,
    362,
    309,
    230,
    257,
    196,
    296,
    316,
    358,
    397,
    196,
    472,
    477,
    409,
    358,
    342,
    335,
    477,
    409,
    219,
    196,
    196,
    270,
    412,
    316,
    413,
    314,
    395,
    170,
    219,
    196,
    257,
    196,
    270,
    170,
    170,
    196,
    166,
    256,
    323,
    300,
    230,
    296,
    342,
    196,
    196,
    287,
    260,
    366,
    287,
    365,
    312,
    274,
    196,
    323,
    230,
    342,
    196,
    287,
    299,
    366,
    257,
    350,
    219,
    196,
    287,
    365,
    343,
    315,
    196,
    323,
    219,
    196,
    257,
    236,
    316,
    170,
    219,
    287,
    196,
    365,
    343,
    315,
    257,
    196,
    323,
    316,
    329,
    556,
    523,
    494,
    570,
    170,
    170,
    170,
    198,
    145,
    165,
    188,
    257,
    316,
    164,
    219,
    333,
    164,
    219,
    196,
    257,
    268,
    316,
    358,
    257,
    397,
    316,
    196,
    219,
    287,
    333,
    268,
    366,
    230,
    372,
    342,
    196,
    196,
    287,
    299,
    366,
    343,
    418,
    315,
    323,
    556,
    623,
    362,
    595,
    453,
    494,
    477,
    362,
    558,
    515,
    270,
    412,
    268,
    413,
    350,
    270,
    362,
    362,
    270,
    170,
    270,
    137,
    333,
    258,
    287,
    365,
    343,
    274,
    196,
    323,
    333,
    219,
    285,
    164,
    362,
    309,
    164,
    296,
    316,
    257,
    196,
    196,
    196,
    196,
    219,
    196,
    257,
    350,
    219,
    287,
    196,
    236,
    362,
    343,
    257,
    196,
    323,
    350,
    316,
    219,
    196,
    257,
    350,
    257,
    350,
    219,
    196,
    0,
    343,
    418,
    315,
    323,
    424,
    565,
    635,
    493,
    477,
    584,
    270,
    556,
    362,
    454,
    527,
    362,
    571,
    270,
    270,
    170,
    196,
    343,
    145,
    208,
    234,
    300,
    0,
    274,
    257,
    342,
    316,
    196,
    219,
    287,
    333,
    164,
    366,
    196,
    196,
    287,
    365,
    309,
    274,
    196,
    323,
    219,
    196,
    257,
    350,
    274,
    257,
    342,
    316,
    196,
    219,
    287,
    333,
    196,
    366,
    219,
    196,
    343,
    257,
    268,
    316,
    412,
    268,
    413,
    350,
    170,
    358,
    342,
    472,
    477,
    409,
    170,
    252,
    219,
    267,
    314,
    268,
    343,
    343,
    257,
    196,
    316,
    170,
    170,
    170,
    233,
    205,
    323,
    208,
    181,
    159,
    257,
    316,
    196,
    219,
    196,
    343,
    257,
    196,
    316,
    219,
    196,
    257,
    196,
    331,
    196,
    413,
    350,
    219,
    287,
    164,
    362,
    343,
    230,
    257,
    196,
    323,
    316,
    219,
    196,
    257,
    236,
    316,
    625,
    539,
    539,
    424,
    645,
    623,
    362,
    595,
    527,
    577,
    623,
    362,
    558,
    515,
    270,
    331,
    268,
    343,
    363,
    268,
    316,
    170,
    170,
    170,
    196,
    343,
    310,
    137,
    283,
    219,
    196,
    196,
    343,
    343,
    257,
    196,
    316,
    257,
    162,
    219,
    196,
    230,
    342,
    227,
    290,
    257,
    316,
    196,
    219,
    333,
    196,
    268,
    268,
    219,
    196,
    196,
    392,
    343,
    257,
    268,
    316,
    170,
    219,
    196,
    257,
    350,
    424,
    625,
    442,
    644,
    539,
    170,
    270,
    211,
    289,
    346,
    290,
    333,
    198,
    333,
    196,
    196,
    219,
    196,
    148,
    164,
    162,
    219,
    196,
    257,
    164,
    316,
    257,
    350,
    196,
    287,
    365,
    408,
    315,
    196,
    323,
    196,
    196,
    270,
    362,
    362,
    270,
    362,
    362,
    170,
    268,
    270,
    270,
    342,
    268,
    364,
    130,
    196,
    420,
    315,
    477,
    287,
    365,
    312,
    274,
    196,
    323,
    219,
    196,
    117,
    162,
    219,
    196,
    257,
    196,
    257,
    196,
    196,
    331,
    350,
    284,
    268,
    268,
    268,
    358,
    342,
    335,
    477,
    409,
    170,
    257,
    350,
    196,
    270,
    412,
    362,
    413,
    362,
    442,
    270,
    170,
    170,
    281,
    333,
    205,
    285,
    362,
    267,
    174,
    196,
    296,
    0,
    196,
    196,
    219,
    196,
    257,
    196,
    196,
    196,
    257,
    316,
    268,
    219,
    333,
    268,
    274,
    257,
    342,
    196,
    287,
    333,
    366,
    556,
    623,
    362,
    595,
    454,
    494,
    527,
    362,
    558,
    515,
    274,
    342,
    196,
    287,
    333,
    366,
    270,
    268,
    268,
    170,
    219,
    196,
    257,
    196,
    170,
    170,
    170,
    506,
    0,
    0,
    383,
    0,
    0,
    205,
    301,
    227,
    287,
    267,
    230,
    323,
    227,
    290,
    322,
    230,
    323,
    287,
    362,
    267,
    230,
    196,
    323,
    431,
    342,
    350,
    472,
    477,
    409,
    196,
    196,
    287,
    365,
    408,
    315,
    196,
    323,
    170,
    219,
    196,
    196,
    343,
    343,
    257,
    196,
    316,
    170,
    196,
    196,
    170,
    170,
    170,
    342,
    297,
    289,
    213,
    289,
    159,
    225,
    287,
    230,
    323,
    219,
    196,
    196,
    219,
    196,
    413,
    350,
    219,
    196,
    257,
    196,
    257,
    350,
    284,
    196,
    386,
    442,
    362,
    475,
    584,
    362,
    170,
    219,
    196,
    257,
    236,
    316,
    424,
    625,
    539,
    539,
    270,
    270,
    270,
    234,
    198,
    223,
    323,
    196,
    196,
    165,
    198,
    224,
    283,
    196,
    225,
    260,
    355,
    257,
    162,
    219,
    333,
    196,
    257,
    162,
    219,
    196,
    219,
    196,
    257,
    236,
    316,
    257,
    316,
    196,
    219,
    333,
    196,
    219,
    196,
    196,
    345,
    343,
    257,
    164,
    316,
    625,
    442,
    530,
    362,
    0,
    219,
    196,
    295,
    350,
    170,
    196,
    196,
    170,
    331,
    196,
    413,
    350,
    170,
    270,
    198,
    333,
    198,
    208,
    230,
    257,
    296,
    316,
    196,
    219,
    287,
    333,
    164,
    366,
    219,
    196,
    196,
    392,
    343,
    257,
    268,
    316,
    343,
    418,
    315,
    323,
    358,
    342,
    335,
    477,
    409,
    196,
    196,
    257,
    196,
    219,
    196,
    219,
    196,
    295,
    350,
    424,
    539,
    539,
    270,
    412,
    362,
    413,
    442,
    170,
    170,
    170,
    198,
    198,
    324,
    180,
    162,
    196,
    257,
    316,
    196,
    219,
    333,
    196,
    219,
    196,
    196,
    343,
    343,
    257,
    196,
    316,
    196,
    196,
    196,
    358,
    257,
    397,
    316,
    196,
    219,
    287,
    333,
    268,
    366,
    196,
    196,
    295,
    350,
    284,
    268,
    170,
    196,
    196,
    270,
    431,
    558,
    453,
    479,
    316,
    475,
    475,
    477,
    314,
    513,
    170,
    170,
    270,
    234,
    330,
    198,
    213,
    208,
    166,
    0,
    274,
    342,
    227,
    290,
    219,
    196,
    257,
    236,
    316,
    196,
    196,
    219,
    287,
    268,
    365,
    343,
    315,
    257,
    196,
    377,
    316,
    358,
    342,
    335,
    477,
    409,
    412,
    314,
    413,
    314,
    395,
    170,
    257,
    316,
    219,
    196,
    170,
    219,
    196,
    295,
    350,
    270,
    170,
    170,
    307,
    343,
    0,
    356,
    355,
    273,
    0,
    160,
    224,
    287,
    296,
    342,
    164,
    196,
    287,
    299,
    355,
    219,
    196,
    196,
    345,
    343,
    257,
    268,
    316,
    219,
    196,
    196,
    345,
    343,
    257,
    268,
    316,
    343,
    418,
    315,
    323,
    257,
    316,
    268,
    219,
    333,
    196,
    219,
    196,
    196,
    170,
    257,
    196,
    196,
    270,
    412,
    362,
    413,
    442,
    346,
    362,
    270,
    170,
    534,
    252,
    201,
    180,
    227,
    321,
    343,
    236,
    196,
    287,
    316,
    323,
    219,
    287,
    164,
    362,
    196,
    323,
    316,
    219,
    196,
    196,
    224,
    257,
    283,
    316,
    164,
    219,
    279,
    299,
    164,
    355,
    196,
    196,
    196,
    196,
    219,
    196,
    257,
    196,
    257,
    196,
    268,
    0,
    257,
    316,
    196,
    219,
    333,
    196,
    170,
    343,
    418,
    315,
    323,
    424,
    539,
    504,
    539,
    270,
    170,
    170,
    0,
    201,
    196,
    199,
    165,
    296,
    338,
    164,
    366,
    366,
    285,
    362,
    309,
    230,
    196,
    323,
    135,
    196,
    257,
    162,
    196,
    196,
    196,
    230,
    257,
    296,
    316,
    196,
    219,
    287,
    333,
    164,
    366,
    287,
    365,
    343,
    274,
    196,
    323,
    386,
    442,
    530,
    362,
    219,
    196,
    343,
    257,
    268,
    316,
    270,
    431,
    537,
    362,
    530,
    477,
    579,
    424,
    347,
    412,
    386,
    314,
    362,
    453,
    527,
    527,
    362,
    571,
    270,
    270,
    170,
    196,
    343,
    235,
    342,
    308,
    351,
    316,
    236,
    366,
    159,
    316,
    333,
    196,
    274,
    342,
    287,
    433,
    366,
    257,
    316,
    219,
    196,
    196,
    196,
    257,
    196,
    196,
    257,
    316,
    268,
    219,
    333,
    196,
    331,
    268,
    343,
    413,
    268,
    350,
    211,
    431,
    342,
    472,
    477,
    409,
    424,
    645,
    539,
    504,
    362,
    442,
    424,
    170,
    170,
    310,
    323,
    166,
    128,
    323,
    240,
    173,
    231,
    357,
    0,
    343,
    287,
    365,
    364,
    315,
    323,
    287,
    365,
    343,
    315,
    196,
    323,
    219,
    196,
    196,
    196,
    219,
    196,
    257,
    196,
    196,
    196,
    219,
    196,
    343,
    257,
    196,
    316,
    270,
    412,
    469,
    362,
    511,
    408,
    494,
    477,
    362,
    558,
    515,
    270,
    362,
    539,
    270,
    170,
    170,
    429,
    205,
    201,
    564,
    112,
    196,
    196,
    219,
    138,
    164,
    296,
    343,
    257,
    164,
    316,
    219,
    196,
    257,
    162,
    257,
    316,
    236,
    219,
    333,
    196,
    431,
    481,
    342,
    229,
    196,
    472,
    477,
    409,
    565,
    537,
    442,
    472,
    477,
    509,
    270,
    504,
    442,
    362,
    530,
    584,
    362,
    170,
    274,
    257,
    342,
    316,
    196,
    287,
    333,
    196,
    366,
    270,
    362,
    442,
    270,
    170,
    205,
    323,
    233,
    420,
    145,
    333,
    137,
    257,
    196,
    196,
    196,
    196,
    219,
    196,
    196,
    296,
    343,
    257,
    164,
    316,
    196,
    196,
    213,
    274,
    372,
    372,
    342,
    196,
    287,
    333,
    366,
    219,
    287,
    196,
    362,
    343,
    230,
    257,
    196,
    323,
    316,
    287,
    365,
    343,
    315,
    196,
    323,
    170,
    219,
    196,
    257,
    236,
    316,
    170,
    213,
    358,
    424,
    418,
    342,
    229,
    196,
    287,
    477,
    366,
    170,
    170,
    170,
    234,
    198,
    219,
    285,
    164,
    362,
    343,
    230,
    257,
    196,
    296,
    316,
    198,
    301,
    358,
    257,
    342,
    316,
    196,
    0,
    333,
    268,
    366,
    257,
    162,
    219,
    196,
    196,
    196,
    257,
    196,
    196,
    412,
    268,
    413,
    268,
    350,
    257,
    196,
    196,
    219,
    196,
    257,
    162,
    170,
    196,
    196,
    170,
    257,
    350,
    219,
    196,
    170,
    170,
    170,
    198,
    287,
    330,
    287,
    365,
    287,
    362,
    309,
    230,
    196,
    323,
    219,
    196,
    257,
    236,
    316,
    227,
    287,
    267,
    230,
    196,
    323,
    213,
    274,
    372,
    372,
    342,
    196,
    196,
    287,
    333,
    366,
    287,
    365,
    408,
    315,
    196,
    323,
    386,
    442,
    530,
    362,
    170,
    343,
    418,
    408,
    315,
    323,
    170,
    358,
    418,
    342,
    196,
    196,
    287,
    333,
    366,
    170,
    170,
    170,
    196,
    199,
    323,
    137,
    145,
    257,
    316,
    219,
    196,
    219,
    196,
    257,
    236,
    316,
    274,
    257,
    342,
    316,
    196,
    219,
    287,
    333,
    196,
    366,
    196,
    196,
    219,
    196,
    257,
    236,
    316,
    257,
    196,
    196,
    170,
    287,
    365,
    343,
    274,
    196,
    323,
    270,
    362,
    362,
    170,
    170,
    170,
    336,
    170,
    307,
    208,
    196,
    364,
    342,
    426,
    196,
    366,
    196,
    316,
    225,
    287,
    267,
    230,
    196,
    323,
    180,
    219,
    285,
    161,
    164,
    357,
    362,
    343,
    230,
    257,
    196,
    323,
    316,
    287,
    365,
    408,
    315,
    196,
    323,
    230,
    342,
    196,
    287,
    299,
    366,
    358,
    257,
    397,
    316,
    196,
    219,
    287,
    333,
    268,
    366,
    196,
    196,
    0,
    219,
    287,
    196,
    365,
    343,
    274,
    257,
    196,
    323,
    316,
    170,
    196,
    196,
    424,
    625,
    442,
    362,
    644,
    539,
    270,
    170,
    170,
    233,
    205,
    323,
    197,
    316,
    342,
    333,
    267,
    236,
    196,
    198,
    165,
    219,
    196,
    196,
    296,
    343,
    202,
    164,
    316,
    196,
    196,
    287,
    362,
    343,
    230,
    196,
    323,
    219,
    196,
    196,
    196,
    219,
    287,
    268,
    365,
    343,
    315,
    257,
    196,
    377,
    316,
    257,
    316,
    268,
    219,
    333,
    196,
    219,
    287,
    196,
    365,
    343,
    315,
    257,
    196,
    323,
    316,
    424,
    539,
    539,
    424,
    625,
    442,
    539,
    170,
    170,
    170,
    343,
    196,
    165,
    330,
    164,
    196,
    196,
    219,
    196,
    196,
    202,
    164,
    316,
    219,
    164,
    343,
    257,
    164,
    316,
    196,
    196,
    196,
    196,
    412,
    362,
    413,
    362,
    442,
    196,
    196,
    170,
    257,
    316,
    219,
    196,
    170,
    343,
    418,
    453,
    315,
    323,
    170,
    170,
    170,
    196,
    333,
    233,
    196,
    358,
    257,
    342,
    316,
    196,
    219,
    287,
    333,
    196,
    366,
    196,
    196,
    431,
    418,
    342,
    229,
    196,
    472,
    477,
    366,
    257,
    196,
    196,
    257,
    316,
    219,
    196
  ],
  "grid_samples_inside": [
    71,
    209,
    222,
    72,
    118,
    224,
    89,
    76,
    247,
    134,
    127,
    73,
    86,
    245,
    127,
    217,
    116,
    159,
    155,
    0,
    200,
    285,
    175,
    173,
    292,
    327,
    90,
    125,
    125,
    130,
    164,
    273,
    274,
    161,
    163,
    151,
    275,
    293,
    88,
    78,
    94,
    244,
    208,
    99,
    117,
    39,
    30,
    195,
    45,
    82,
    35,
    36,
    196,
    80,
    64,
    70,
    227,
    74,
    217,
    218,
    84,
    134,
    251,
    89,
    132,
    148,
    77,
    235,
    82,
    240,
    102,
    244,
    257,
    119,
    139,
    260,
    136,
    215,
    166,
    142,
    282,
    173,
    154,
    176,
    176,
    286,
    288,
    168,
    172,
    217,
    102,
    87,
    133,
    96,
    149,
    130,
    151,
    284,
    273,
    203,
    160,
    274,
    122,
    88,
    102,
    96,
    100,
    210,
    247,
    98,
    115,
    88,
    88,
    62,
    125,
    120,
    66,
    234,
    121,
    59,
    218,
    64,
    211,
    211,
    62,
    125,
    66,
    122,
    79,
    239,
    121,
    81,
    235,
    221,
    117,
    145,
    160,
    297,
    277,
    202,
    128,
    164,
    276,
    269,
    115,
    158,
    157,
    277,
    271,
    132,
    160,
    193,
    140,
    168,
    185,
    182,
    185,
    210,
    100,
    130,
    130,
    94,
    90,
    86,
    100,
    210,
    102,
    102,
    69,
    203,
    122,
    122,
    120,
    237,
    102,
    152,
    54,
    115,
    57,
    120,
    121,
    121,
    121,
    121,
    89,
    76,
    246,
    133,
    127,
    78,
    91,
    245,
    127,
    217,
    88,
    135,
    96,
    144,
    150,
    185,
    168,
    178,
    102,
    87,
    148,
    140,
    90,
    260,
    133,
    87,
    54,
    119,
    221,
    60,
    118,
    110,
    90,
    102,
    90,
    109,
    218,
    115,
    79,
    107,
    232,
    206,
    57,
    111,
    118,
    232,
    222,
    56,
    118,
    110,
    34,
    86,
    37,
    90,
    115,
    115,
    63,
    122,
    65,
    119,
    183,
    282,
    279,
    164,
    174,
    169,
    279,
    301,
    105,
    88,
    260,
    161,
    131,
    90,
    101,
    252,
    137,
    242,
    124,
    112,
    158,
    155,
    270,
    274,
    123,
    159,
    175,
    92,
    129,
    129,
    140,
    180,
    90,
    94,
    262,
    135,
    151,
    131,
    130,
    93,
    227,
    135,
    129,
    213,
    45,
    91,
    104,
    43,
    216,
    104,
    61,
    210,
    206,
    64,
    218,
    55,
    214,
    59,
    197,
    204,
    72,
    227,
    229,
    120,
    123,
    72,
    231,
    205,
    105,
    252,
    252,
    116,
    142,
    257,
    128,
    92,
    218,
    238,
    249,
    133,
    125,
    93,
    248,
    228,
    146,
    176,
    169,
    179,
    102,
    114,
    261,
    110,
    253,
    257,
    94,
    99,
    248,
    96,
    241,
    241,
    94,
    90,
    94,
    119,
    120,
    146,
    88,
    77,
    44,
    199,
    45,
    0,
    171,
    55,
    65,
    113,
    189,
    227,
    69,
    56,
    114,
    221,
    107,
    77,
    131,
    131,
    82,
    252,
    129,
    105,
    49,
    58,
    97,
    110,
    109,
    79,
    163,
    215,
    63,
    48,
    111,
    217,
    94,
    115,
    163,
    129,
    162,
    62,
    213,
    64,
    218,
    146,
    147,
    90,
    66,
    124,
    68,
    127,
    94,
    73,
    130,
    76,
    129,
    140,
    130,
    78,
    151,
    103,
    103,
    44,
    78,
    198,
    43,
    85,
    208,
    238,
    111,
    115,
    41,
    196,
    44,
    173,
    170,
    122,
    125,
    121,
    76,
    129,
    80,
    131,
    142,
    268,
    149,
    271,
    55,
    119,
    112,
    116,
    160,
    179,
    173,
    182,
    189,
    146,
    181,
    188,
    199,
    188,
    188,
    330,
    351,
    302,
    299,
    194,
    184,
    305,
    328,
    100,
    130,
    130,
    90,
    94,
    124,
    123,
    200,
    70,
    69,
    117,
    250,
    94,
    62,
    191,
    221,
    67,
    113,
    218,
    57,
    68,
    114,
    193,
    231,
    70,
    57,
    120,
    225,
    112,
    103,
    103,
    104,
    258,
    132,
    103,
    257,
    237,
    137,
    138,
    107,
    147,
    122,
    159,
    124,
    143,
    273,
    267,
    179,
    270,
    105,
    107,
    254,
    260,
    133,
    139,
    265,
    94,
    130,
    94,
    100,
    102,
    72,
    210,
    105,
    40,
    98,
    95,
    199,
    212,
    40,
    99,
    83,
    40,
    92,
    99,
    40,
    210,
    97,
    81,
    129,
    86,
    137,
    134,
    62,
    121,
    121,
    236,
    236,
    69,
    123,
    121,
    66,
    129,
    123,
    67,
    237,
    127,
    116,
    94,
    265,
    173,
    140,
    102,
    107,
    259,
    147,
    258,
    94,
    75,
    133,
    78,
    129,
    146,
    183,
    188,
    186,
    108,
    135,
    142,
    88,
    82,
    100,
    211,
    102,
    254,
    114,
    71,
    65,
    194,
    221,
    68,
    115,
    220,
    70,
    127,
    125,
    59,
    118,
    60,
    121,
    76,
    65,
    232,
    123,
    123,
    63,
    76,
    237,
    119,
    199,
    96,
    245,
    259,
    123,
    137,
    262,
    109,
    258,
    114,
    250,
    256,
    100,
    243,
    241,
    97,
    249,
    94,
    74,
    132,
    75,
    129,
    90,
    57,
    115,
    61,
    121,
    86,
    124,
    128,
    210,
    73,
    120,
    237,
    218,
    95,
    95,
    91,
    46,
    205,
    46,
    192,
    174,
    72,
    230,
    77,
    229,
    219,
    70,
    128,
    125,
    69,
    123,
    67,
    125,
    54,
    115,
    113,
    55,
    225,
    119,
    182,
    182,
    94,
    88,
    75,
    245,
    132,
    127,
    72,
    86,
    243,
    127,
    215,
    90,
    58,
    121,
    60,
    118,
    94,
    90,
    82,
    250,
    99,
    207,
    118,
    103,
    44,
    103,
    213,
    43,
    101,
    94,
    92,
    46,
    151,
    180,
    212,
    96,
    89,
    48,
    204,
    149,
    67,
    125,
    66,
    125,
    55,
    121,
    57,
    116,
    117,
    68,
    217,
    226,
    69,
    114,
    227,
    129,
    131,
    120,
    102,
    173,
    154,
    106,
    267,
    145,
    136,
    203,
    296,
    287,
    261,
    172,
    294,
    136,
    90,
    78,
    109,
    218,
    115,
    94,
    51,
    99,
    111,
    54,
    218,
    110,
    233,
    41,
    185,
    42,
    196,
    67,
    124,
    123,
    121,
    121,
    109,
    147,
    120,
    158,
    77,
    234,
    123,
    73,
    237,
    203,
    168,
    164,
    204,
    162,
    285,
    224,
    290,
    313,
    180,
    172,
    178,
    293,
    179,
    338,
    146,
    222,
    298,
    306,
    183,
    184,
    253,
    303,
    339,
    134,
    204,
    144,
    285,
    306,
    178,
    161,
    166,
    292,
    176,
    328,
    102,
    122,
    102,
    135,
    256,
    120,
    127,
    239,
    226,
    220,
    125,
    124,
    83,
    61,
    188,
    222,
    113,
    217,
    69,
    125,
    69,
    127,
    46,
    201,
    47,
    207,
    44,
    107,
    45,
    106,
    107,
    107,
    63,
    56,
    220,
    104,
    117,
    55,
    64,
    226,
    112,
    178,
    137,
    139,
    0,
    175,
    175,
    122,
    123,
    267,
    266,
    152,
    154,
    268,
    130,
    169,
    283,
    279,
    240,
    164,
    280,
    122,
    128,
    102,
    107,
    130,
    96,
    145,
    107,
    95,
    29,
    84,
    34,
    83,
    67,
    123,
    129,
    55,
    199,
    199,
    52,
    210,
    69,
    125,
    129,
    47,
    107,
    50,
    106,
    104,
    112,
    156,
    269,
    127,
    155,
    193,
    146,
    144,
    138,
    147,
    175,
    168,
    178,
    102,
    94,
    148,
    135,
    94,
    122,
    94,
    75,
    125,
    69,
    117,
    240,
    57,
    48,
    217,
    95,
    110,
    44,
    59,
    215,
    108,
    159,
    40,
    85,
    96,
    39,
    212,
    91,
    62,
    122,
    66,
    123,
    54,
    115,
    54,
    110,
    109,
    117,
    266,
    268,
    152,
    144,
    271,
    95,
    135,
    112,
    152,
    94,
    89,
    236,
    248,
    98,
    127,
    255,
    128,
    115,
    163,
    130,
    162,
    102,
    86,
    78,
    129,
    134,
    227,
    31,
    56,
    85,
    32,
    197,
    85,
    125,
    103,
    103,
    62,
    124,
    64,
    122,
    49,
    61,
    109,
    169,
    219,
    63,
    47,
    113,
    217,
    94,
    57,
    178,
    213,
    55,
    105,
    214,
    121,
    121,
    71,
    218,
    231,
    76,
    118,
    232,
    90,
    78,
    239,
    82,
    225,
    229,
    140,
    165,
    189,
    177,
    184,
    102,
    94,
    90,
    87,
    138,
    117,
    244,
    37,
    192,
    42,
    169,
    169,
    46,
    105,
    47,
    109,
    96,
    93,
    145,
    159,
    142,
    102,
    264,
    142,
    56,
    204,
    201,
    54,
    211,
    66,
    214,
    212,
    68,
    221,
    132,
    175,
    154,
    172,
    117,
    101,
    152,
    151,
    267,
    266,
    103,
    153,
    172,
    134,
    142,
    171,
    177,
    331,
    293,
    256,
    152,
    179,
    287,
    307,
    98,
    99,
    240,
    256,
    254,
    130,
    78,
    255,
    146,
    145,
    76,
    102,
    74,
    107,
    120,
    202,
    239,
    115,
    120,
    229,
    122,
    237,
    202,
    155,
    59,
    114,
    120,
    54,
    119,
    55,
    118,
    120,
    119,
    68,
    129,
    75,
    129,
    130,
    168,
    168,
    92,
    100,
    143,
    257,
    260,
    99,
    137,
    264,
    172,
    139,
    120,
    111,
    91,
    245,
    157,
    266,
    176,
    137,
    104,
    107,
    259,
    147,
    259,
    116,
    101,
    163,
    154,
    104,
    267,
    142,
    142,
    164,
    182,
    182,
    88,
    82,
    82,
    261,
    95,
    105,
    106,
    88,
    91,
    115,
    115,
    45,
    99,
    105,
    44,
    214,
    105,
    106,
    145,
    112,
    153,
    88,
    96,
    142,
    244,
    252,
    120,
    89,
    133,
    260,
    160,
    92,
    134,
    142,
    138,
    74,
    223,
    230,
    80,
    119,
    239,
    90,
    70,
    126,
    70,
    128,
    90,
    79,
    239,
    84,
    223,
    232,
    122,
    94,
    118,
    240,
    105,
    99,
    102,
    196,
    57,
    55,
    114,
    115,
    55,
    225,
    120,
    90,
    154,
    139,
    95,
    264,
    140,
    75,
    205,
    228,
    74,
    123,
    225,
    91,
    246,
    245,
    91,
    245,
    227,
    65,
    126,
    121,
    66,
    124,
    172,
    181,
    182,
    295,
    301,
    178,
    186,
    311,
    140,
    167,
    206,
    182,
    179,
    184,
    130,
    175,
    175,
    122,
    86,
    130,
    120,
    122,
    150,
    73,
    36,
    52,
    118,
    117,
    78,
    236,
    235,
    123,
    123,
    83,
    232,
    226,
    40,
    94,
    44,
    98,
    87,
    138,
    133,
    83,
    129,
    87,
    143,
    125,
    268,
    130,
    262,
    266,
    130,
    121,
    180,
    166,
    131,
    276,
    165,
    128,
    164,
    159,
    130,
    132,
    122,
    90,
    115,
    96,
    129,
    64,
    123,
    124,
    129,
    129,
    49,
    201,
    212,
    99,
    96,
    51,
    204,
    168,
    49,
    107,
    110,
    94,
    135,
    101,
    148,
    152,
    88,
    236,
    235,
    92,
    244,
    0,
    77,
    135,
    129,
    245,
    258,
    88,
    130,
    145,
    130,
    133,
    239,
    163,
    139,
    279,
    171,
    132,
    191,
    284,
    282,
    169,
    170,
    196,
    282,
    298,
    110,
    102,
    78,
    102,
    100,
    111,
    86,
    40,
    46,
    99,
    98,
    200,
    47,
    40,
    93,
    210,
    66,
    69,
    127,
    71,
    129,
    88,
    240,
    87,
    233,
    233,
    96,
    169,
    149,
    106,
    266,
    147,
    70,
    218,
    225,
    73,
    118,
    225,
    128,
    175,
    154,
    174,
    177,
    285,
    279,
    240,
    281,
    142,
    174,
    174,
    184,
    182,
    186,
    298,
    298,
    177,
    182,
    321,
    86,
    55,
    112,
    55,
    121,
    90,
    132,
    86,
    200,
    128,
    223,
    125,
    127,
    127,
    240,
    213,
    109,
    0,
    57,
    71,
    119,
    118,
    101,
    177,
    230,
    227,
    229,
    119,
    227,
    116,
    69,
    226,
    74,
    229,
    55,
    118,
    116,
    56,
    227,
    121,
    74,
    224,
    231,
    82,
    239,
    107,
    107,
    49,
    113,
    49,
    110,
    107,
    208,
    303,
    293,
    270,
    180,
    297,
    131,
    175,
    175,
    140,
    159,
    295,
    182,
    170,
    296,
    182,
    130,
    82,
    78,
    144,
    214,
    115,
    219,
    99,
    31,
    88,
    36,
    82,
    58,
    118,
    121,
    58,
    112,
    118,
    59,
    225,
    121,
    154,
    118,
    154,
    165,
    160,
    277,
    131,
    158,
    219,
    67,
    218,
    218,
    69,
    225,
    90,
    234,
    248,
    129,
    127,
    91,
    246,
    226,
    132,
    139,
    182,
    148,
    175,
    142,
    177,
    186,
    183,
    191,
    196,
    132,
    94,
    88,
    114,
    137,
    118,
    133,
    254,
    103,
    76,
    124,
    47,
    106,
    49,
    107,
    83,
    130,
    132,
    43,
    102,
    213,
    43,
    101,
    93,
    69,
    129,
    70,
    127,
    102,
    254,
    113,
    247,
    135,
    135,
    132,
    194,
    286,
    284,
    165,
    176,
    177,
    284,
    307,
    142,
    210,
    337,
    302,
    284,
    187,
    302,
    126,
    156,
    112,
    94,
    129,
    241,
    93,
    103,
    0,
    68,
    127,
    69,
    125,
    63,
    125,
    122,
    67,
    235,
    123,
    50,
    110,
    114,
    82,
    237,
    125,
    84,
    243,
    216,
    136,
    272,
    270,
    177,
    270,
    142,
    271,
    159,
    272,
    272,
    200,
    308,
    291,
    269,
    181,
    298,
    130,
    171,
    171,
    140,
    163,
    183,
    179,
    192,
    82,
    124,
    82,
    218,
    112,
    121,
    214,
    94,
    53,
    153,
    208,
    51,
    100,
    212,
    89,
    90,
    133,
    133,
    147,
    147,
    125,
    125,
    115,
    93,
    264,
    172,
    140,
    100,
    105,
    258,
    147,
    255,
    176,
    176,
    90,
    66,
    126,
    122,
    67,
    125,
    90,
    125,
    125,
    128,
    82,
    82,
    107,
    128,
    126,
    93,
    238,
    120,
    113,
    113,
    40,
    95,
    212,
    40,
    99,
    89,
    61,
    217,
    111,
    63,
    222,
    188,
    63,
    213,
    211,
    64,
    219,
    153,
    108,
    139,
    159,
    159,
    250,
    281,
    275,
    179,
    119,
    155,
    275,
    204,
    88,
    132,
    141,
    134,
    70,
    218,
    227,
    71,
    229,
    90,
    81,
    234,
    84,
    239,
    123,
    147,
    147,
    140,
    122,
    94,
    110,
    222,
    115,
    240,
    114,
    86,
    50,
    69,
    218,
    218,
    69,
    225,
    49,
    113,
    218,
    53,
    110,
    106,
    47,
    107,
    108,
    47,
    216,
    111,
    76,
    222,
    230,
    82,
    239,
    91,
    146,
    135,
    71,
    129,
    77,
    132,
    94,
    72,
    129,
    77,
    130,
    96,
    80,
    131,
    252,
    87,
    129,
    141,
    94,
    90,
    82,
    127,
    240,
    128,
    0,
    107,
    101,
    37,
    86,
    36,
    95,
    62,
    117,
    120,
    60,
    229,
    119,
    88,
    230,
    236,
    89,
    242,
    134,
    104,
    271,
    188,
    147,
    113,
    117,
    268,
    157,
    265,
    123,
    95,
    269,
    178,
    142,
    104,
    112,
    262,
    150,
    259,
    58,
    117,
    60,
    121,
    86,
    52,
    114,
    120,
    129,
    146,
    291,
    277,
    207,
    164,
    274,
    132,
    136,
    171,
    288,
    150,
    175,
    285,
    132,
    122,
    90,
    229,
    213,
    240,
    110,
    121,
    121,
    117,
    117,
    40,
    103,
    42,
    99,
    47,
    106,
    46,
    107,
    65,
    124,
    68,
    122,
    93,
    135,
    97,
    142,
    152,
    155,
    94,
    95,
    248,
    100,
    240,
    241,
    96,
    81,
    131,
    129,
    102,
    90,
    122,
    258,
    110,
    112,
    59,
    88,
    198,
    107,
    139,
    105,
    103,
    100,
    113,
    113,
    113,
    259,
    127,
    259,
    40,
    50,
    100,
    80,
    205,
    48,
    41,
    94,
    211,
    68,
    149,
    271,
    156,
    146,
    268,
    280,
    117,
    262,
    117,
    253,
    261,
    69,
    129,
    123,
    130,
    123,
    172,
    138,
    167,
    180,
    102,
    88,
    133,
    95,
    141,
    130,
    118,
    122,
    115,
    39,
    152,
    201,
    200,
    46,
    194,
    211,
    98,
    90,
    48,
    203,
    154,
    70,
    217,
    226,
    72,
    118,
    227,
    48,
    212,
    96,
    53,
    207,
    153,
    106,
    161,
    112,
    147,
    80,
    209,
    241,
    85,
    125,
    237,
    60,
    121,
    63,
    119,
    117,
    90,
    66,
    77,
    121,
    207,
    240,
    86,
    73,
    125,
    238,
    126,
    140,
    229,
    291,
    272,
    297,
    94,
    90,
    90,
    111,
    73,
    103,
    129,
    32,
    70,
    85,
    36,
    203,
    82,
    65,
    129,
    71,
    128,
    129,
    105,
    87,
    256,
    153,
    131,
    88,
    100,
    252,
    137,
    241,
    55,
    191,
    215,
    103,
    107,
    59,
    214,
    165,
    82,
    235,
    82,
    240,
    153,
    179,
    179,
    334,
    291,
    262,
    158,
    181,
    289,
    309,
    130,
    118,
    165,
    132,
    165,
    138,
    178,
    178,
    124,
    102,
    130,
    77,
    244,
    121,
    73,
    202,
    230,
    73,
    121,
    227,
    222,
    34,
    41,
    90,
    74,
    198,
    85,
    200,
    50,
    53,
    114,
    117,
    121,
    121,
    81,
    129,
    89,
    136,
    52,
    67,
    115,
    105,
    172,
    226,
    55,
    117,
    224,
    187,
    108,
    88,
    133,
    97,
    149,
    86,
    143,
    87,
    130,
    0,
    84,
    236,
    86,
    240,
    144,
    242,
    300,
    294,
    306,
    303,
    138,
    155,
    180,
    296,
    173,
    180,
    308,
    130,
    132,
    94,
    121,
    233,
    80,
    116,
    90,
    200,
    0,
    62,
    53,
    222,
    103,
    113,
    55,
    63,
    224,
    110,
    190,
    88,
    88,
    71,
    205,
    219,
    68,
    118,
    221,
    77,
    129,
    84,
    134,
    67,
    58,
    226,
    116,
    120,
    56,
    67,
    231,
    117,
    193,
    92,
    135,
    264,
    100,
    149,
    148,
    120,
    166,
    144,
    168,
    113,
    125,
    266,
    136,
    259,
    266,
    102,
    136,
    86,
    132,
    140,
    136,
    257,
    259,
    90,
    138,
    155,
    94,
    102,
    116,
    107,
    135,
    254,
    118,
    97,
    83,
    51,
    117,
    118,
    61,
    118,
    239,
    68,
    123,
    123,
    51,
    115,
    53,
    118,
    103,
    141,
    116,
    155,
    51,
    60,
    110,
    176,
    222,
    64,
    51,
    113,
    219,
    98,
    55,
    120,
    59,
    116,
    113,
    156,
    182,
    181,
    140,
    164,
    186,
    183,
    342,
    295,
    277,
    169,
    182,
    295,
    315,
    126,
    114,
    159,
    274,
    137,
    159,
    182,
    90,
    82,
    90,
    131,
    248,
    123,
    86,
    186,
    52,
    109,
    113,
    226,
    219,
    52,
    111,
    106,
    34,
    96,
    37,
    86,
    57,
    216,
    59,
    206,
    63,
    121,
    123,
    63,
    238,
    119,
    163,
    162,
    72,
    135,
    127,
    246,
    252,
    83,
    128,
    138,
    96,
    77,
    129,
    85,
    136,
    140,
    169,
    197,
    181,
    186,
    102,
    122,
    122,
    114,
    268,
    120,
    244,
    124,
    240,
    121,
    121,
    32,
    86,
    37,
    92,
    88,
    45,
    105,
    46,
    100,
    97,
    105,
    154,
    144,
    110,
    250,
    262,
    128,
    147,
    262,
    120,
    120,
    130,
    173,
    173,
    134,
    176,
    176,
    102,
    136,
    130,
    130,
    268,
    147,
    258,
    76,
    129,
    132,
    120,
    97,
    69,
    217,
    221,
    69,
    117,
    225,
    37,
    86,
    36,
    96,
    56,
    121,
    59,
    118,
    41,
    104,
    99,
    112,
    160,
    120,
    154,
    159,
    159,
    122,
    265,
    123,
    261,
    265,
    116,
    101,
    153,
    140,
    130,
    126,
    175,
    151,
    172,
    179,
    132,
    94,
    90,
    113,
    224,
    94,
    39,
    82,
    196,
    42,
    84,
    202,
    0,
    122,
    125,
    57,
    115,
    56,
    113,
    132,
    132,
    98,
    157,
    153,
    101,
    266,
    140,
    61,
    56,
    218,
    115,
    63,
    225,
    185,
    149,
    174,
    178,
    334,
    293,
    260,
    159,
    179,
    287,
    303,
    81,
    235,
    123,
    82,
    237,
    218,
    129,
    165,
    165,
    100,
    82,
    130,
    87,
    132,
    90,
    78,
    78,
    265,
    0,
    0,
    255,
    0,
    0,
    107,
    102,
    55,
    202,
    199,
    51,
    211,
    64,
    211,
    208,
    67,
    219,
    60,
    203,
    205,
    59,
    108,
    215,
    142,
    269,
    159,
    140,
    269,
    272,
    132,
    132,
    97,
    235,
    256,
    101,
    132,
    254,
    88,
    57,
    111,
    119,
    232,
    222,
    58,
    118,
    110,
    87,
    121,
    121,
    94,
    82,
    102,
    268,
    149,
    155,
    117,
    126,
    80,
    40,
    183,
    42,
    195,
    78,
    129,
    127,
    99,
    135,
    112,
    154,
    84,
    130,
    87,
    137,
    105,
    158,
    112,
    146,
    130,
    200,
    168,
    141,
    284,
    175,
    90,
    64,
    128,
    70,
    127,
    127,
    142,
    168,
    188,
    186,
    130,
    132,
    128,
    95,
    120,
    102,
    236,
    121,
    103,
    76,
    107,
    40,
    200,
    82,
    42,
    196,
    76,
    33,
    82,
    36,
    197,
    84,
    53,
    111,
    55,
    116,
    50,
    109,
    51,
    106,
    105,
    47,
    98,
    105,
    45,
    216,
    108,
    54,
    114,
    117,
    214,
    219,
    55,
    111,
    107,
    148,
    176,
    169,
    176,
    0,
    89,
    135,
    99,
    150,
    102,
    130,
    134,
    122,
    106,
    146,
    120,
    156,
    122,
    128,
    103,
    210,
    110,
    116,
    52,
    44,
    213,
    83,
    104,
    44,
    57,
    211,
    104,
    126,
    66,
    131,
    125,
    240,
    245,
    73,
    125,
    131,
    91,
    239,
    93,
    246,
    114,
    260,
    111,
    254,
    257,
    145,
    145,
    72,
    126,
    70,
    129,
    93,
    135,
    104,
    151,
    144,
    186,
    186,
    134,
    137,
    176,
    165,
    175,
    102,
    86,
    78,
    123,
    120,
    204,
    99,
    92,
    86,
    53,
    115,
    117,
    59,
    226,
    119,
    61,
    117,
    123,
    235,
    230,
    64,
    119,
    118,
    105,
    113,
    113,
    114,
    94,
    264,
    171,
    139,
    102,
    108,
    257,
    148,
    250,
    141,
    141,
    112,
    160,
    122,
    153,
    88,
    121,
    120,
    130,
    180,
    129,
    277,
    283,
    171,
    137,
    143,
    277,
    161,
    310,
    102,
    90,
    124,
    93,
    204,
    111,
    120,
    120,
    50,
    0,
    61,
    221,
    67,
    213,
    58,
    119,
    58,
    112,
    113,
    131,
    131,
    85,
    96,
    138,
    246,
    254,
    120,
    88,
    133,
    258,
    156,
    119,
    263,
    125,
    258,
    265,
    122,
    171,
    136,
    168,
    179,
    90,
    68,
    128,
    69,
    129,
    102,
    89,
    133,
    102,
    142,
    132,
    90,
    102,
    88,
    244,
    0,
    244,
    140,
    99,
    0,
    90,
    42,
    152,
    193,
    207,
    95,
    89,
    45,
    198,
    79,
    71,
    132,
    127,
    239,
    251,
    79,
    127,
    134,
    75,
    132,
    129,
    241,
    252,
    80,
    129,
    138,
    99,
    243,
    103,
    249,
    71,
    130,
    127,
    71,
    246,
    129,
    84,
    131,
    131,
    94,
    78,
    130,
    129,
    130,
    124,
    173,
    144,
    173,
    138,
    178,
    136,
    90,
    157,
    119,
    88,
    90,
    53,
    158,
    213,
    105,
    107,
    191,
    83,
    216,
    52,
    68,
    110,
    193,
    117,
    221,
    107,
    34,
    83,
    86,
    41,
    34,
    198,
    48,
    83,
    34,
    39,
    196,
    85,
    67,
    107,
    107,
    121,
    121,
    93,
    135,
    100,
    146,
    106,
    154,
    147,
    0,
    56,
    111,
    118,
    60,
    223,
    121,
    116,
    125,
    266,
    139,
    268,
    146,
    186,
    187,
    188,
    140,
    78,
    90,
    0,
    98,
    94,
    106,
    93,
    222,
    121,
    110,
    191,
    189,
    53,
    155,
    206,
    49,
    99,
    213,
    37,
    88,
    39,
    98,
    129,
    127,
    129,
    53,
    44,
    213,
    85,
    103,
    44,
    56,
    209,
    106,
    131,
    74,
    205,
    232,
    78,
    123,
    229,
    142,
    177,
    153,
    175,
    81,
    129,
    252,
    85,
    135,
    135,
    130,
    185,
    279,
    171,
    163,
    283,
    316,
    140,
    173,
    172,
    182,
    181,
    185,
    294,
    298,
    172,
    182,
    316,
    130,
    130,
    90,
    121,
    228,
    124,
    254,
    125,
    220,
    122,
    118,
    204,
    84,
    99,
    217,
    107,
    77,
    238,
    81,
    231,
    221,
    49,
    104,
    47,
    110,
    143,
    143,
    65,
    125,
    125,
    71,
    127,
    125,
    68,
    241,
    127,
    112,
    148,
    274,
    118,
    158,
    169,
    122,
    140,
    268,
    148,
    262,
    270,
    146,
    178,
    186,
    187,
    191,
    214,
    140,
    88,
    102,
    121,
    213,
    39,
    38,
    208,
    50,
    91,
    90,
    95,
    0,
    239,
    73,
    226,
    231,
    82,
    239,
    77,
    215,
    234,
    78,
    123,
    232,
    46,
    113,
    105,
    113,
    93,
    135,
    97,
    146,
    133,
    133,
    71,
    125,
    246,
    75,
    125,
    135,
    130,
    132,
    162,
    164,
    318,
    285,
    239,
    139,
    173,
    281,
    301,
    134,
    176,
    177,
    130,
    122,
    88,
    284,
    118,
    118,
    163,
    61,
    121,
    121,
    37,
    94,
    95,
    197,
    211,
    40,
    98,
    81,
    53,
    115,
    53,
    110,
    54,
    117,
    116,
    55,
    224,
    118,
    148,
    272,
    269,
    155,
    155,
    140,
    266,
    273,
    218,
    294,
    177,
    232,
    288,
    301,
    134,
    144,
    202,
    171,
    152,
    286,
    176,
    90,
    81,
    69,
    237,
    126,
    124,
    80,
    240,
    124,
    205,
    131,
    175,
    170,
    130,
    82,
    103,
    218,
    110,
    117,
    70,
    236,
    75,
    32,
    83,
    82,
    125,
    125,
    35,
    96,
    89,
    189,
    211,
    39,
    95,
    78,
    136,
    137,
    123,
    85,
    212,
    221,
    239,
    125,
    79,
    242,
    212,
    52,
    63,
    113,
    171,
    222,
    66,
    52,
    113,
    219,
    99,
    75,
    204,
    231,
    76,
    123,
    229,
    90,
    67,
    127,
    68,
    124,
    127,
    102,
    138,
    117,
    244,
    261,
    265,
    148,
    140,
    109,
    263,
    248,
    90,
    102,
    82,
    109,
    134,
    42,
    47,
    101,
    85,
    205,
    52,
    42,
    96,
    212,
    68,
    95,
    123,
    84,
    71,
    241,
    129,
    127,
    0,
    241,
    126,
    211,
    46,
    106,
    46,
    107,
    133,
    132,
    49,
    112,
    107,
    117,
    165,
    132,
    166,
    174,
    61,
    123,
    121,
    53,
    116,
    57,
    110,
    119,
    143,
    143,
    90,
    66,
    122,
    68,
    125,
    102,
    94,
    78,
    116,
    125,
    238,
    75,
    197,
    59,
    186,
    212,
    60,
    105,
    216,
    50,
    115,
    55,
    111,
    110,
    57,
    199,
    201,
    51,
    105,
    211,
    113,
    65,
    196,
    203,
    221,
    117,
    117,
    66,
    223,
    195,
    96,
    237,
    256,
    105,
    133,
    257,
    138,
    174,
    143,
    175,
    94,
    97,
    243,
    242,
    100,
    251,
    92,
    89,
    239,
    246,
    134,
    125,
    90,
    247,
    226,
    118,
    86,
    94,
    96,
    105,
    214,
    76,
    78,
    61,
    119,
    62,
    121,
    61,
    121,
    61,
    116,
    120,
    71,
    59,
    230,
    118,
    123,
    62,
    74,
    235,
    118,
    197,
    113,
    113,
    51,
    115,
    52,
    112,
    106,
    64,
    123,
    124,
    88,
    74,
    204,
    226,
    71,
    118,
    224,
    130,
    173,
    173,
    102,
    90,
    112,
    250,
    102,
    101,
    129,
    129,
    254,
    246,
    214,
    129,
    219,
    125,
    129,
    54,
    182,
    200,
    50,
    102,
    210,
    101,
    46,
    55,
    103,
    107,
    74,
    158,
    212,
    58,
    42,
    106,
    213,
    84,
    98,
    237,
    256,
    107,
    134,
    257,
    58,
    217,
    113,
    63,
    216,
    184,
    108,
    90,
    262,
    168,
    134,
    99,
    107,
    255,
    143,
    250,
    141,
    141,
    0,
    59,
    70,
    118,
    195,
    233,
    74,
    63,
    121,
    228,
    118,
    94,
    129,
    129,
    140,
    165,
    203,
    184,
    177,
    184,
    130,
    86,
    78,
    98,
    125,
    248,
    134,
    139,
    250,
    242,
    136,
    141,
    134,
    120,
    86,
    35,
    95,
    89,
    181,
    212,
    39,
    93,
    79,
    119,
    119,
    62,
    189,
    219,
    63,
    111,
    216,
    80,
    129,
    132,
    128,
    75,
    91,
    129,
    222,
    245,
    93,
    81,
    127,
    246,
    139,
    87,
    149,
    146,
    96,
    262,
    135,
    62,
    77,
    123,
    206,
    241,
    84,
    72,
    125,
    236,
    126,
    146,
    186,
    186,
    140,
    157,
    183,
    181,
    112,
    102,
    102,
    253,
    115,
    84,
    203,
    103,
    105,
    100,
    38,
    91,
    88,
    39,
    96,
    84,
    41,
    104,
    216,
    43,
    104,
    90,
    121,
    121,
    107,
    110,
    130,
    175,
    152,
    170,
    186,
    135,
    135,
    88,
    55,
    115,
    57,
    121,
    98,
    101,
    244,
    244,
    100,
    252,
    94,
    82,
    90,
    101,
    211,
    105,
    107,
    81,
    69,
    238,
    126,
    125,
    66,
    81,
    241,
    125,
    207,
    129,
    130,
    126,
    263,
    266,
    150,
    148,
    117,
    262,
    256,
    50,
    112,
    114,
    58,
    119,
    62,
    121
  ],
  "full_surface_samples": 8000,
  "complete_residual_N": [
    7.070306643626423e-12,
    7.819671398526666e-12,
    1.1245213887157179e-11,
    7.958348631518141e-12,
    1.222076978203935e-11,
    7.846355094547135e-12,
    1.4230366020352393e-12,
    1.379347871066619e-12,
    1.6399620030717836e-12,
    8.097839106711661e-13,
    9.661337306672147e-13,
    2.454291673495616e-12,
    1.2869153387731927e-13,
    8.661274756562306e-12,
    7.214606789324323e-12,
    7.31364844875296e-12,
    6.71106183996393e-12,
    6.704923956889243e-12,
    7.964594806016264e-12,
    8.35747292609877e-12,
    1.008333817006252e-11,
    8.631720045500245e-12,
    1.3265218442714454e-12,
    1.371900610135863e-12,
    1.3188835447049028e-12,
    1.2887592236080687e-12,
    1.6723715505029936e-12,
    6.350899933356761e-13,
    6.782156691384286e-13,
    2.1333413765954895e-12,
    9.097499915775784e-12,
    7.046351817140482e-12,
    8.776073716001563e-12,
    7.7853879335184e-12,
    7.233978787702065e-12,
    7.41536613703589e-12,
    9.929797389047162e-12,
    1.4366335756880937e-11,
    1.3504456459382987e-12,
    1.3683245793600795e-12,
    1.355270030109996e-12,
    8.893897903328367e-13,
    1.2256303214840485e-12,
    7.121320585135723e-13,
    7.567767171872923e-12,
    1.3305809683017704e-12,
    9.21018605205963e-12,
    1.0662327021252956e-11,
    1.0444406480469968e-11,
    7.92350003325276e-12,
    1.0348674497202697e-11,
    9.676630138919078e-12,
    9.516617164332581e-12,
    9.484204371503949e-12,
    1.3684886636523997e-12,
    1.32223221139399e-12,
    1.354406719771164e-12,
    9.27672012619317e-13,
    8.84460567824058e-13,
    7.481120804417715e-13,
    5.381701307453748e-13,
    3.738460962241861e-15,
    9.434667921918672e-12,
    8.749899312294917e-12,
    1.0343887947045953e-11,
    1.0412205825220278e-11,
    8.9053864022613e-12,
    7.318994855481603e-12,
    8.951163878967293e-12,
    1.2466522902663594e-11,
    1.7550439964318513e-12,
    1.3433638478297715e-12,
    1.3249043353531246e-12,
    9.347375869516933e-13,
    1.8491955764006717e-12,
    1.5484567308429021e-12,
    1.7778637346432336e-12,
    3.003843025588806e-12,
    7.725150300156979e-12,
    7.0751172533846376e-12,
    7.680359524831418e-12,
    8.534005676958547e-12,
    6.825534850055506e-12,
    8.390184435139409e-12,
    9.208888522655087e-12,
    8.416857939419595e-12,
    8.679856026091487e-12,
    1.302455219127222e-12,
    1.3693507694612805e-12,
    1.270423273755622e-12,
    8.98147308201957e-13,
    9.814451940285715e-13,
    9.4025903586704e-13,
    2.1871509709813315e-13,
    2.7647950677136964e-12,
    7.328505156538016e-12,
    8.477450320171083e-12,
    8.23296859702791e-12,
    9.475998223118227e-12,
    7.213410526582749e-12,
    1.0257664153531681e-11,
    1.08253108178255e-11,
    9.450776401255957e-12,
    1.3558786808676266e-12,
    1.3185101205982075e-12,
    1.414772599183987e-12,
    8.838287671575615e-13,
    3.6674025311397993e-13,
    6.761523667203569e-12,
    9.156991147508137e-13,
    1.530034654884878e-12,
    7.306055991847398e-12,
    1.1240668357129133e-11,
    1.2135036459830943e-11,
    7.176608502019476e-12,
    1.0562530349371432e-11,
    9.478031444620998e-12,
    8.390619828092393e-12,
    1.0951883852310474e-11,
    1.4066585291561164e-12,
    1.4331635461168963e-12,
    1.3461251880823421e-12,
    1.355348320099052e-12,
    9.872978037594216e-13,
    1.0736338131517948e-12,
    1.087595143082075e-12,
    7.980020155628353e-15,
    6.827975401523306e-12,
    7.096869475525374e-12,
    1.2091893252997894e-11,
    7.312555329482609e-12,
    9.95994212863163e-12,
    9.10571264261595e-12,
    7.940895774376042e-12,
    7.71624316577301e-12,
    1.346508235062091e-12,
    1.3342878017266863e-12,
    1.3551768093144928e-12,
    1.0955269575492196e-12,
    7.097938299563664e-13,
    9.67220590986555e-13,
    7.785158942364999e-13,
    8.298449137786316e-15,
    8.758313420881604e-12,
    9.264046168465626e-12,
    8.311588281077777e-12,
    8.571657920929411e-12,
    1.0001771829110576e-11,
    7.918662203580644e-12,
    1.0822601489219793e-11,
    1.055257511518825e-11,
    1.0712782984779605e-11,
    1.361465508315659e-12,
    1.3370048752664473e-12,
    0.0,
    9.530483051240548e-13,
    1.0924848730397172e-12,
    1.0488902036145403e-12,
    1.0676937296521928e-12,
    7.478892165614065e-12,
    1.1023486035791487e-11,
    9.687935729588456e-12,
    7.1779595037381136e-12,
    6.456693593525932e-12,
    6.757395180916328e-12,
    7.71823687856608e-12,
    1.1848646596057879e-11,
    1.0747069979835628e-11,
    1.3586859765670885e-12,
    1.3552950087782608e-12,
    1.2915555522349474e-12,
    1.0903112392326073e-12,
    1.4626258076452132e-12,
    6.009843419815575e-13,
    7.615019910509009e-13,
    2.3806073064047718e-12,
    6.7761423238430465e-12,
    7.380271654057797e-12,
    1.1453142850021599e-11,
    9.913515804815799e-12,
    9.583824861468237e-12,
    1.01580493462224e-11,
    9.244924126969483e-12,
    1.1283140548864207e-11,
    1.35019840093011e-12,
    1.3518206955666148e-12,
    1.3718891156828507e-12,
    1.8313304924465497e-12,
    7.747633804514881e-13,
    8.453815103249398e-13,
    8.170726434830887e-13,
    2.607565064505471e-12,
    8.199422200105148e-12,
    7.179914641212352e-12,
    9.326881119215017e-12,
    8.308564259940638e-12,
    6.744673205680786e-12,
    1.186875346630479e-11,
    8.961201444428841e-12,
    7.533952710492902e-12,
    1.301526132822611e-12,
    1.3598672433788744e-12,
    1.3737425256203701e-12,
    8.88146192529867e-13,
    7.120198714450627e-13,
    7.536318640739682e-12,
    5.83813021847339e-13,
    1.3005508199666811e-14,
    7.083359502725222e-12,
    1.2627522680431749e-11,
    1.1297428379606089e-11,
    1.000746350149738e-11,
    7.324185990369214e-12,
    7.633655788209858e-12,
    9.627476920315642e-12,
    9.263875098808448e-12,
    1.3526066665434752e-12,
    1.3323449261849188e-12,
    1.314477771691692e-12,
    1.0145528418826305e-12,
    2.9875294921853773e-13,
    8.338227217030582e-12,
    7.827175363430309e-13,
    1.4677320752401298e-12,
    1.151326387975601e-11,
    7.05463475167907e-12,
    1.0634751198300589e-11,
    1.0485959583408766e-11,
    7.787465638262046e-12,
    1.1309923152166968e-11,
    9.892136299013479e-12,
    7.92249798534712e-12,
    7.640213392768767e-12,
    1.363267065605101e-12,
    1.3460701322303623e-12,
    1.3039813918048491e-12,
    8.567228426457825e-13,
    8.389171308133403e-12,
    5.434541715440409e-13,
    1.95737377790065e-13,
    8.457687999463228e-12,
    1.1573267839778041e-11,
    6.771202329376457e-12,
    1.133399601891876e-11,
    8.402425406849772e-12,
    8.182838868007018e-12,
    1.0424519795595626e-11,
    1.1522954484174665e-11,
    1.1827633258927604e-11,
    1.3656267550010028e-12,
    1.3328171762387314e-12,
    1.3709904585169731e-12,
    4.603143453446024e-13,
    1.65438642134777e-12,
    1.3192780275798762e-12,
    1.5110783118318805e-12,
    3.2466659448896953e-13,
    8.45761144575708e-12,
    8.149104949510725e-12,
    9.52682549876838e-12,
    8.698301667761358e-12,
    6.950510952541567e-12,
    9.450522097121426e-12,
    7.324738480850706e-12,
    1.0382900343011593e-11,
    1.3274618933816176e-12,
    1.3659252518948063e-12,
    1.3893443620343176e-12,
    1.4030851691557845e-12,
    8.940580713531755e-13,
    8.157949789699551e-12,
    9.314709561604133e-13,
    7.489545864606927e-15,
    1.0772883765305324e-11,
    9.95659136356439e-12,
    6.8776581838158876e-12,
    6.534881558652896e-12,
    1.1453760012948038e-11,
    7.295129011449996e-12,
    8.997470703581679e-12,
    9.697695889062818e-12,
    1.3630928826125604e-12,
    1.4074967672303119e-12,
    1.4231774851021655e-12,
    1.154847111415066e-12,
    6.740534509060249e-13,
    6.831354196994741e-13,
    2.610235833441714e-13,
    3.5361526753071785e-15,
    6.595856307962402e-12,
    1.0433755872643287e-11,
    8.324248009685285e-12,
    7.095878119057845e-12,
    5.994662185896994e-12,
    9.631105211421513e-12,
    8.077358141188219e-12,
    8.885675745553306e-12,
    8.344647312726821e-12,
    1.2783129141637541e-12,
    1.4675607449017148e-12,
    1.0331906645291701e-12,
    8.069604156795239e-13,
    1.034925784994926e-12,
    8.191415299093904e-12,
    1.6456014839609926e-12,
    1.0767058884938098e-11,
    1.0379953845115451e-11,
    1.0431855493888623e-11,
    8.722896157974402e-12,
    9.946615336946991e-12,
    7.090209117357225e-12,
    8.040514283312996e-12,
    8.440245432905274e-12,
    9.600500942642314e-12,
    1.4107969671030916e-12,
    1.3780112041481973e-12,
    1.2704979025532378e-12,
    9.050532116009842e-13,
    9.844362541643457e-13,
    1.2783654798662189e-12,
    2.9482478929126815e-12,
    3.352502667166045e-12,
    1.1000871414625569e-11,
    8.184124654755937e-12,
    1.1972800193806695e-11,
    7.485326092272138e-12,
    1.1525764046046458e-11,
    7.143450801049111e-12,
    1.1020637602707848e-11,
    9.480437014431967e-12,
    1.3039965679879364e-12,
    1.3739886242749403e-12,
    1.3447884324225641e-12,
    9.597093958845475e-13,
    1.400475382556001e-12,
    2.8214279745941315e-12,
    4.3252503196933763e-13,
    1.5152728823177721e-12,
    8.537954326783572e-12,
    7.789673664637986e-12,
    6.2856643817575945e-12,
    6.944910003104569e-12,
    8.431642536571461e-12,
    8.106643236156986e-12,
    8.728121280209442e-12,
    1.3219078213225537e-11,
    1.3685483761137619e-12,
    1.4123212302640571e-12,
    1.3065345485665258e-12,
    1.4503352078184135e-12,
    7.497169783432402e-18,
    7.833953643547335e-13,
    5.316026807526324e-13,
    1.8697259381027056e-13,
    1.1415432729827787e-11,
    7.163117409869454e-12,
    9.404817438762566e-12,
    1.1488471330471242e-11,
    8.036065675815195e-12,
    6.7268598623692346e-12,
    8.748742278612555e-12,
    1.0820810980051151e-11,
    1.3020296888080269e-12,
    1.3131468787427335e-12,
    1.3583132184287503e-12,
    9.764892252729605e-13,
    1.3027898724634816e-12,
    1.8755731702598218e-12,
    5.931250065899498e-13,
    3.0847764532777493e-15,
    1.047297065789706e-11,
    1.0318014450365312e-11,
    7.175060153983436e-12,
    1.0919937427083831e-11,
    8.371530525045351e-12,
    6.684182157333673e-12,
    8.730374202395864e-12,
    8.706186991393576e-12,
    9.86407936023083e-12,
    1.352266491341149e-12,
    1.3923951250275104e-12,
    3.882242352844227e-12,
    1.5330306480177852e-12,
    1.5039186787843284e-12,
    1.1291900671181132e-12,
    4.4909173980270395e-12,
    6.489371151216675e-12,
    1.1092835708655562e-11,
    7.593442937805432e-12,
    8.157946213484667e-12,
    6.9754355165043905e-12,
    9.070793791996911e-12,
    8.212924929851344e-12,
    8.352528521875799e-12,
    1.1287372353010665e-11,
    1.3415605637313665e-12,
    1.343690574724494e-12,
    1.380383720684157e-12,
    7.066087399401207e-13,
    1.819712821675021e-12,
    7.583182342731186e-12,
    7.930531293629862e-13,
    1.2237660416796332e-12,
    7.308731640561813e-12,
    8.350253878384512e-12,
    7.102335264150926e-12,
    1.2031049729710154e-11,
    8.058277496312897e-12,
    6.959688476184146e-12,
    1.3368186106343205e-11,
    9.08952433202225e-12,
    1.3232466827425949e-12,
    1.478004877573613e-12,
    1.3675994676248567e-12,
    1.290017202041729e-12,
    5.349436903885122e-13,
    1.1090535184905852e-12,
    8.953488821201832e-14,
    1.9464769672174036e-12,
    1.0580362319227467e-11,
    1.1192776401545126e-11,
    8.301144877016441e-12,
    7.402282001174392e-12,
    6.349444668587862e-12,
    8.215264524577292e-12,
    1.03195163820727e-11,
    9.42081172223265e-12,
    1.340567853189205e-12,
    1.3369896367248675e-12,
    1.4167985007686232e-12,
    7.277844593191212e-13,
    1.1389177106461552e-12,
    2.898561387413953e-12,
    3.4190241169818347e-13,
    3.187522452457343e-15,
    1.0017483442997625e-11,
    8.583546144349021e-12,
    7.860933351827748e-12,
    9.798925125794924e-12,
    7.23700056077327e-12,
    1.0710389679728845e-11,
    1.0260703345584435e-11,
    7.538942497998474e-12,
    2.874871906966654e-12,
    1.339014960140751e-12,
    1.3684067576874371e-12,
    1.0442003368074302e-12,
    2.9011688151124225e-12,
    1.165336696577946e-12,
    5.623818926671714e-13,
    1.5082455681343035e-13,
    8.645492648911517e-12,
    1.0018033587162661e-11,
    1.1278063341214706e-11,
    7.280528740799903e-12,
    7.119213469194811e-12,
    8.02251733946843e-12,
    7.236417388624017e-12,
    1.1966592762766673e-11,
    9.435358750589636e-12,
    1.3646392065192213e-12,
    1.338373702894398e-12,
    1.2921045474128136e-12,
    1.0424508520340583e-12,
    2.228870306920466e-12,
    5.472492039870173e-13,
    3.1085409051118794e-12,
    4.457011403248082e-12,
    1.1564198228830085e-11,
    1.1536731857901544e-11,
    1.0654313372934643e-11,
    1.2632174437076868e-11,
    8.357817221078834e-12,
    1.0455618248407767e-11,
    9.435871299633245e-12,
    1.1426847407478603e-11,
    1.3316933267956302e-12,
    1.3841827903530958e-12,
    1.3849883230671741e-12,
    1.0819139283033097e-12,
    1.5726301733827757e-12,
    7.494111238372957e-12,
    8.697583120898817e-13,
    1.51342246124559e-12,
    8.572805033720374e-12,
    7.2151049984862775e-12,
    7.58450067450065e-12,
    7.948998755029288e-12,
    1.1909419224113357e-11,
    6.611932665250408e-12,
    8.036849493021739e-12,
    1.2961016858240777e-11,
    1.3111598982791077e-12,
    1.3467094201906204e-12,
    1.3558004525316432e-12,
    9.406302807760523e-13,
    3.863529307004349e-18,
    6.05087620255925e-13,
    9.46459708470384e-13,
    1.882108940831896e-12,
    6.238918144639838e-12,
    7.078653852970582e-12,
    9.043796230054164e-12,
    7.362333583550692e-12,
    1.0095930618190157e-11,
    9.82486532623623e-12,
    1.1423247020593592e-11,
    8.507066639372495e-12,
    1.345400359811234e-12,
    1.3884393027843789e-12,
    1.3423616822882463e-12,
    1.0332212916804531e-12,
    1.1247482643732588e-12,
    2.174547118749219e-12,
    2.5384321286167484e-12,
    5.762318918375991e-15,
    9.20339282244646e-12,
    7.685237138094617e-12,
    6.965763355296611e-12,
    8.51185619411142e-12,
    7.945742266147782e-12,
    1.107851269924764e-11,
    1.0115386972815587e-11,
    7.362470422451396e-12,
    1.334808311080296e-11,
    1.3354854176774957e-12,
    1.2965475765617608e-12,
    0.0,
    1.3017545994518444e-12,
    8.516736050459361e-13,
    6.148569917419441e-12,
    2.1062549520484884e-12,
    1.0929139328817273e-11,
    1.1615183649754382e-11,
    9.46128159137041e-12,
    1.0376032065687412e-11,
    8.150038991243512e-12,
    1.1494132017459391e-11,
    1.1298944126131998e-11,
    8.75994054333734e-12,
    1.2198142214791186e-11,
    1.347591017593496e-12,
    1.324830789682977e-12,
    1.3458852494901618e-12,
    9.803443451535009e-13,
    5.914527957071042e-13,
    1.7665864878598735e-12,
    3.3358822720617933e-13,
    2.1056923251647994e-12,
    1.0995149478039002e-11,
    7.825666080830457e-12,
    7.84522010987754e-12,
    7.266361202961025e-12,
    7.865303802204838e-12,
    1.1709499200623758e-11,
    8.50861242531414e-12,
    1.283351205262556e-11,
    1.2713024765166234e-12,
    1.3339663403736749e-12,
    1.302341636100955e-12,
    1.3581277448229812e-12,
    1.4234703935312228e-18,
    6.7487685158017565e-12,
    1.9546302761241464e-12,
    4.9003201217229794e-15,
    7.648938597177759e-12,
    7.467099959435417e-12,
    8.536463446612704e-12,
    8.78143207989865e-12,
    5.844249153362488e-12,
    8.649510891093639e-12,
    6.986060392881637e-12,
    8.14218473984397e-12,
    1.2984270709718149e-12,
    1.3857149631925228e-12,
    1.298987056857559e-12,
    1.1291044375618292e-12,
    1.0045281207361922e-12,
    8.902608371534528e-13,
    9.696448592452671e-13,
    3.5309052592985635e-15,
    8.09692767578133e-12,
    8.157230059757883e-12,
    8.038307730449101e-12,
    6.943481980111292e-12,
    6.762370277983237e-12,
    6.862306772452332e-12,
    1.0441291717028231e-11,
    1.0764649316768242e-11,
    1.4213383200037299e-12,
    1.3513384793711892e-12,
    1.3070755515227181e-12,
    6.903760595375663e-13,
    6.903566544778497e-13,
    6.959745091878985e-12,
    6.063818780045343e-13,
    1.667656642640323e-12,
    1.055800878958021e-11,
    1.1582525267202336e-11,
    9.034800185865962e-12,
    7.718297399247393e-12,
    9.898452697365484e-12,
    1.0082965930393623e-11,
    7.593759502302987e-12,
    8.842769820499445e-12,
    8.503225822250233e-12,
    1.3219831275447347e-12,
    1.4024287349312673e-12,
    1.2848339580566375e-12,
    1.0345807832555502e-12,
    9.6761220796268e-13,
    7.010224225406127e-13,
    9.791609575273823e-13,
    8.121821004972413e-12,
    1.2366314572221148e-11,
    6.393332220940821e-12,
    9.93427592052743e-12,
    8.619405470081434e-12,
    8.886055205791723e-12,
    9.28634118032495e-12,
    8.799261414361616e-12,
    7.469386073564384e-12,
    1.3960368842924202e-12,
    1.349660464943092e-12,
    1.3400130506384873e-12,
    9.07989441379394e-13,
    7.398178511518234e-13,
    7.676958603056118e-13,
    5.672075479988701e-13,
    1.7619842597474105e-12,
    8.944590798445741e-12,
    9.815574806583086e-12,
    9.710691508774924e-12,
    7.376008955657519e-12,
    7.622869990963945e-12,
    1.076283501293732e-11,
    7.33083811720599e-12,
    9.810066394718026e-12,
    1.357308934197468e-12,
    1.3604662397923009e-12,
    1.3645110695496936e-12,
    1.1140094886955742e-12,
    8.217716272404719e-13,
    8.389361319069978e-13,
    9.050174143427604e-13,
    1.5598943746031062e-12,
    7.534044321370089e-12,
    9.494117577850294e-12,
    7.051122903525334e-12,
    7.2576807683679905e-12,
    1.0510864370997223e-11,
    7.77950194517211e-12,
    9.303125266750969e-12,
    1.0448554493823744e-11,
    1.3615282904720226e-12,
    1.2675287489362294e-12,
    1.3687320928591719e-12,
    8.864008738290662e-13,
    9.978248599391468e-13,
    9.73856415009178e-13,
    8.377057422730212e-13,
    1.341721635901494e-14,
    1.1527707556801038e-11,
    8.785736021758875e-12,
    8.204521698616187e-12,
    1.0517693264829524e-11,
    6.642027054013794e-12,
    1.0552876378640288e-11,
    1.1041559551371401e-11,
    1.0963205499953997e-11,
    1.5263279021150639e-12,
    1.3352364291484146e-12,
    1.2690042607710124e-12,
    8.263914717062469e-13,
    2.649935514557928e-12,
    1.0459183758237547e-12,
    7.967857090717726e-12,
    1.5433504135155707e-15,
    6.3785664939997905e-12,
    1.0393030841347691e-11,
    1.0817282216677432e-11,
    1.0566507797375008e-11,
    9.893128725895816e-12,
    1.0411693283456993e-11,
    7.514672483823793e-12,
    1.0152419874976922e-11,
    1.0270521066561207e-11,
    1.3167675700127105e-12,
    1.3271980747042966e-12,
    1.3937194374550307e-12,
    9.35360143031389e-13,
    5.219445446824921e-13,
    5.173499110786139e-13,
    6.280382726213854e-12,
    4.694917706418167e-12,
    9.030062665181106e-12,
    9.83466301420279e-12,
    8.292834353212678e-12,
    6.966707335449029e-12,
    7.653451102061136e-12,
    7.519348127933093e-12,
    1.0379480276248216e-11,
    1.1928704999858744e-11,
    1.358705558341956e-12,
    1.3485651920967792e-12,
    1.3409893066611703e-12,
    8.898271994147128e-13,
    7.614535325576277e-15,
    8.870894485177961e-13,
    5.063106282390032e-13,
    1.9005808765177112e-15,
    7.716492910006459e-12,
    7.1156109471277066e-12,
    7.772162274494204e-12,
    7.669687492891588e-12,
    9.806455574498214e-12,
    7.035041668763082e-12,
    8.252705506926437e-12,
    1.1733630775262926e-11,
    1.3292924044483544e-12,
    1.3859448101762475e-12,
    1.4092869359191676e-12,
    8.201394939722877e-13,
    1.0463874833839546e-12,
    1.1131934023210708e-12,
    7.292542994968354e-13,
    6.224131978408605e-15,
    7.304359384717106e-12,
    1.1361108908488271e-11,
    8.608995224522696e-12,
    1.0014828621528177e-11,
    1.1087415814897772e-11,
    7.85158576918174e-12,
    7.96030532358412e-12,
    1.2796089016649026e-11,
    1.2898487606904001e-12,
    1.2849057303801842e-12,
    1.2820121116909298e-12,
    7.743538103763779e-13,
    1.1362623031526801e-12,
    6.80631525377508e-13,
    2.5971856928044808e-12,
    1.6919737407953442e-12,
    8.69437512942939e-12,
    1.0349133851152183e-11,
    8.17690113063217e-12,
    7.772325003508408e-12,
    9.059958926301383e-12,
    1.0358167828430728e-11,
    9.4891955228384e-12,
    1.1471998169159881e-11,
    1.0472755160488944e-11,
    1.3196368422899893e-12,
    1.3236522535295403e-12,
    0.0,
    1.483861524854107e-12,
    8.319842649405018e-13,
    7.866984843463712e-13,
    3.023209255881817e-13,
    7.5165998056541e-12,
    7.57320901008719e-12,
    7.422593477368327e-12,
    7.185930687522047e-12,
    1.3908992768612023e-11,
    1.008909861417786e-11,
    9.201283282714629e-12,
    1.0789225850511976e-11,
    9.71390012502824e-12,
    1.3408515260217647e-12,
    1.3888494525211958e-12,
    1.378846750216447e-12,
    1.086622359718954e-12,
    1.1166050406558536e-12,
    1.6697674333088887e-12,
    6.713016959095634e-13,
    2.1827988348894952e-12,
    8.013427155823588e-12,
    7.826375808467656e-12,
    1.2569002588952623e-11,
    7.300690659472912e-12,
    1.1348160140617008e-11,
    9.485126420754049e-12,
    1.183301920420834e-11,
    8.070497495219157e-12,
    1.3434563778043438e-12,
    1.330962074457517e-12,
    1.3096416163843363e-12,
    7.301552435155732e-13,
    7.43540333162829e-13,
    9.842345576446755e-13,
    1.5209692018172331e-13,
    9.646908052875673e-13,
    7.266461025759646e-12,
    9.199850067519855e-12,
    9.456422345571307e-12,
    6.941180679583915e-12,
    7.130020551959883e-12,
    8.047896847362202e-12,
    1.0893949510292375e-11,
    1.1376440252685898e-11,
    1.3168148296824478e-12,
    1.4125863526469592e-12,
    1.4357201458689465e-12,
    5.149366257884477e-13,
    1.2978932200202385e-12,
    4.716381622950833e-13,
    6.523790021696617e-13,
    6.730287877333378e-13,
    8.383685228336076e-12,
    7.660638055482976e-12,
    8.061989609063944e-12,
    6.448869802257568e-12,
    9.973202226910813e-12,
    1.0138904451389241e-11,
    1.0297246702907359e-11,
    1.0051696006814897e-11,
    2.4851452485322664e-12,
    1.2549883123035724e-12,
    1.333926286934793e-12,
    4.808561064085863e-13,
    2.406368638391883e-12,
    7.716869742228781e-13,
    7.215518618908396e-12,
    1.7229229151083708e-12,
    1.243691256990553e-11,
    8.868130204734821e-12,
    1.201722543115404e-11,
    1.1816034716926378e-11,
    1.0347843122123145e-11,
    1.2095325726323981e-11,
    7.703112591217462e-12,
    7.939438909501932e-12,
    1.1390336718292454e-11,
    1.3277619289893607e-12,
    1.4275287248275378e-12,
    1.4433794013140872e-12,
    1.1350127369307719e-12,
    1.1249316390793153e-12,
    8.526653645049689e-13,
    4.981898994290878e-12,
    6.8669703798909925e-12,
    9.51750834172425e-12,
    1.1731213078520879e-11,
    8.399311378165247e-12,
    6.698950007078903e-12,
    9.591828144022578e-12,
    8.303922598497944e-12,
    9.72404395008669e-12,
    8.081934382046684e-12,
    1.2674402147018617e-12,
    1.3069428872195736e-12,
    1.3882602131174093e-12,
    8.697005669813473e-13,
    8.405830168532738e-13,
    8.892230909923354e-12,
    7.447008891640692e-13,
    2.0997323910310254e-12,
    7.198176090777733e-12,
    9.007833081805288e-12,
    1.0076148494733833e-11,
    1.1286630702841623e-11,
    8.62639896461418e-12,
    8.582559903684376e-12,
    8.298428746460816e-12,
    8.690014664870731e-12,
    1.3108845786445733e-12,
    1.3743872538658284e-12,
    1.418432409853461e-12,
    1.146128981783712e-12,
    1.5534649034634627e-12,
    6.085909789271681e-12,
    8.521893296391593e-13,
    1.102772074244113e-12,
    6.7152616264633644e-12,
    6.299659731894388e-12,
    1.156723011535681e-11,
    1.0713779369059288e-11,
    1.0070876230924957e-11,
    8.830887213189224e-12,
    8.248627575171489e-12,
    1.1153756780041152e-11,
    1.2743343521805763e-12,
    1.347116512417561e-12,
    1.3561312822822282e-12,
    5.036677870333923e-13,
    1.1235796850222974e-12,
    6.031088174910461e-13,
    5.605373541476313e-13,
    5.175346223327281e-15,
    1.0512777498119214e-11,
    8.594458244710218e-12,
    1.0455774291816157e-11,
    9.278401403199994e-12,
    7.0482090684285826e-12,
    8.57050661018843e-12,
    8.713719953080539e-12,
    9.489283291500169e-12,
    9.580152735067072e-12,
    1.3112039620306459e-12,
    1.4331985669066696e-12,
    9.594778699646318e-13,
    9.976323131465965e-13,
    8.830751350196773e-13,
    6.504084406922656e-13,
    1.7277596831496226e-12,
    1.2069731746850754e-11,
    1.0960292646580057e-11,
    8.743779322938778e-12,
    9.815331896286786e-12,
    7.605131659011058e-12,
    7.847115900560192e-12,
    6.6001398116370645e-12,
    9.160664714009336e-12,
    1.019447754254792e-11,
    1.3637572373063364e-12,
    1.3636589412818304e-12,
    1.2899977337800576e-12,
    8.437410209319263e-13,
    7.536601695308419e-12,
    9.813733830675883e-13,
    9.034236570094989e-13,
    1.7645927955758385e-12,
    9.341751486291192e-12,
    1.0749480213852043e-11,
    1.0612847762396856e-11,
    8.841370012272238e-12,
    1.1211992881546563e-11,
    8.631228372044352e-12,
    1.19191513028052e-11,
    1.2959224068445812e-11,
    1.3270189044201156e-12,
    1.3131265316286897e-12,
    1.421982435925479e-12,
    1.0158420034090696e-12,
    1.7771131188888187e-17,
    5.945057723756922e-13,
    7.724189290346272e-14,
    8.106286835184519e-13,
    6.488977076157169e-12,
    8.76300404015341e-12,
    7.584372906138264e-12,
    8.682139074430824e-12,
    6.9257356326283956e-12,
    1.0162581245325028e-11,
    7.469911399026431e-12,
    8.59471893323404e-12,
    1.3141394905585385e-12,
    1.3574728757998688e-12,
    1.3232063287288075e-12,
    1.816239202672231e-12,
    9.689049309550373e-13,
    8.127219858726479e-13,
    5.218671279010931e-13,
    5.631777640461211e-15,
    9.083487066997601e-12,
    9.513977044117174e-12,
    7.800004336200345e-12,
    1.0963275292392212e-11,
    9.218068799472217e-12,
    1.0903542645025655e-11,
    7.399585618174063e-12,
    1.2835501470277432e-11,
    1.3421115454454982e-12,
    1.4267852862007013e-12,
    1.3175635993079093e-12,
    1.0021792716578311e-12,
    8.794663609669512e-13,
    9.799119963399295e-13,
    8.363563213938542e-12,
    1.7844513321544902e-12,
    6.862430137650409e-12,
    8.129351375618227e-12,
    5.9128638948928756e-12,
    7.535123646808597e-12,
    7.995738632885136e-12,
    1.099393263541509e-11,
    8.734596789895445e-12,
    1.1116790303386417e-11,
    9.621971090039154e-12,
    1.3303415414707616e-12,
    1.393137694699412e-12,
    4.186835165458711e-12,
    8.222503827961767e-13,
    8.02866161831374e-12,
    7.761755670728207e-13,
    5.58973359255251e-13,
    8.456434602464119e-12,
    1.280349234405377e-11,
    6.697059878357056e-12,
    1.1860449458295248e-11,
    7.441275133255751e-12,
    9.213392965880021e-12,
    8.351192042015557e-12,
    1.2486531292232027e-11,
    1.1647255197890431e-11,
    1.3187921200061512e-12,
    1.3981761120175259e-12,
    1.3032292751206202e-12,
    8.806377847398498e-13,
    1.35070174758695e-12,
    1.0859922864861167e-12,
    5.279288346432096e-13,
    1.617398338444352e-12,
    9.457612869919374e-12,
    8.293524165156952e-12,
    1.0816733917541465e-11,
    1.1426175279729526e-11,
    9.273215660894205e-12,
    1.1915105106818491e-11,
    9.908783960467183e-12,
    9.213250264546432e-12,
    1.3798499774663105e-12,
    1.4001827541636217e-12,
    1.3131210280344787e-12,
    1.0148278970080221e-12,
    4.4015685020066026e-17,
    1.1318569027085892e-12,
    6.130615596077836e-14,
    5.9219342221019755e-15,
    7.901234810563077e-12,
    1.0843758468190503e-11,
    8.024772133308727e-12,
    1.0696143146515632e-11,
    9.063689437174643e-12
  ],
  "rhs_norm_N": [
    0.19474509486044994,
    0.17065332561578128,
    0.23447287540164594,
    0.1722003040074915,
    0.2709316072372236,
    0.1947169377647727,
    0.04108030511731387,
    0.04234680363404488,
    0.043300297075832814,
    0.0345654444460102,
    0.040023321887345684,
    0.1121405158340001,
    0.003015831085233621,
    0.1792710138016974,
    0.21387745778491232,
    0.17878211264477253,
    0.215981358149124,
    0.1877897635887085,
    0.17718438936648745,
    0.19149698016443292,
    0.21118062698287834,
    0.1873464951323791,
    0.03687298183212507,
    0.041101744896474675,
    0.03821030284846607,
    0.030196029741944425,
    0.06858380223403875,
    0.02625674532614226,
    0.028294087987985484,
    0.05631469183078508,
    0.2067849285831074,
    0.21565465219434762,
    0.21818889668306413,
    0.2032363903822915,
    0.16569975222350936,
    0.1791350531570223,
    0.19143612317635234,
    0.25950982821728086,
    0.03907433809732306,
    0.04023441765228484,
    0.041425880051555605,
    0.024066605028237157,
    0.04125886717080127,
    0.03754258813307575,
    0.19930675441255824,
    0.06607151117447506,
    0.22092090330878922,
    0.26861499502018255,
    0.2688018713620614,
    0.17050764589543774,
    0.23352790923818237,
    0.20009560485375236,
    0.19718738492668336,
    0.22431881117384272,
    0.040544662884707386,
    0.03782511300249988,
    0.04022432923630751,
    0.02417012428352829,
    0.030066646607105334,
    0.03297616414589639,
    0.029782060290420742,
    6.734233414687115e-05,
    0.19796785207534692,
    0.2292319419151526,
    0.27766156585099194,
    0.24863116222667275,
    0.18201748288874803,
    0.16763515108019772,
    0.1941477173531957,
    0.26814270326672557,
    0.05351997053457389,
    0.03983318377116941,
    0.039379635022062605,
    0.022220728677350938,
    0.0601275925438932,
    0.033845790969115844,
    0.08870552258384375,
    0.08145009877304445,
    0.18663749022380494,
    0.22214955159064054,
    0.22137240054449403,
    0.19262580604328464,
    0.1997011939005076,
    0.19658945922916216,
    0.2038709259951973,
    0.2045508688456034,
    0.20735835315658394,
    0.038931060785493306,
    0.04069872433838743,
    0.035871495765422166,
    0.027446353130177244,
    0.030937613672176588,
    0.04136798984565388,
    0.015067086285774614,
    0.0992278650448371,
    0.17898844552324583,
    0.20273200064508176,
    0.18624433490214715,
    0.20990948867274067,
    0.22480329719579117,
    0.24524268916923192,
    0.23556690744275152,
    0.21951297125391825,
    0.03455845493508353,
    0.03614316038777131,
    0.042861463313570984,
    0.032422044307131075,
    0.011789946304966293,
    0.1929589719333474,
    0.03401197285927423,
    0.04839801602286164,
    0.22632588721500946,
    0.27529003905919375,
    0.2448231629678805,
    0.20116200056130173,
    0.27829366990074,
    0.1925105032553787,
    0.16558463581839503,
    0.2563766119409676,
    0.04076581481912523,
    0.03950723368156735,
    0.03666908185233781,
    0.0359722968378988,
    0.02637290023392468,
    0.03773975095433853,
    0.027684958584921704,
    0.0001488159660948328,
    0.18119045871705744,
    0.17732293834584836,
    0.28540481797161976,
    0.18672151155760552,
    0.24864781704311545,
    0.20643306745073656,
    0.20628583696644262,
    0.1951938872300157,
    0.03930165932542902,
    0.0358420854713397,
    0.0390445007422281,
    0.04644887216040623,
    0.03991976412393687,
    0.041372343634313226,
    0.03634686585525257,
    0.00013320995692930887,
    0.20804666398272917,
    0.22518905449465654,
    0.20313243247086774,
    0.18557967594080332,
    0.20972858358993907,
    0.16705103547618586,
    0.22390361133924896,
    0.21470458055827327,
    0.2475133855131267,
    0.04088579954644599,
    0.04180516904605569,
    0.0,
    0.02422866985537622,
    0.03583951876290484,
    0.03238624838277212,
    0.04640268572869868,
    0.18071686576754045,
    0.2555934361858977,
    0.23641675085242825,
    0.1716623651017742,
    0.17463630532163651,
    0.20253080133307638,
    0.2114454948005118,
    0.22715115406351322,
    0.23631294473960135,
    0.04132025658656803,
    0.036551619173472584,
    0.03502054421834686,
    0.033538191794377434,
    0.035615859838739126,
    0.03137670879473293,
    0.03021434919324997,
    0.06630653137369133,
    0.22043138126445064,
    0.20957511758319888,
    0.2557703078557584,
    0.22798489897971375,
    0.21881965576780332,
    0.22992794705009162,
    0.19612352492552884,
    0.2520023404307771,
    0.03924607546528583,
    0.04084094520576094,
    0.042007644869752975,
    0.07781572411493771,
    0.035049021240276805,
    0.03902871309941232,
    0.03208801483515178,
    0.08194117799885499,
    0.21268260681950837,
    0.2089286944424715,
    0.22006249528274707,
    0.21081542265556363,
    0.20975318244428523,
    0.25588234556276346,
    0.18516953514459517,
    0.19473987121963574,
    0.035058328411966995,
    0.04035446457782136,
    0.04259976776925381,
    0.024707928749419416,
    0.03340830357276219,
    0.184221375160691,
    0.027323116992034952,
    0.00013741151319057125,
    0.2366158692525383,
    0.25735431110331813,
    0.2699839062330342,
    0.22279733992050477,
    0.18025223878441815,
    0.16327372228941545,
    0.17903514238719648,
    0.1753873737113557,
    0.03813985581663453,
    0.03681910532036176,
    0.03853357722852628,
    0.027375207763467184,
    0.012073097674161502,
    0.19638095815830195,
    0.029791329217558383,
    0.0521008786949837,
    0.23865421738993267,
    0.22907082499185127,
    0.26805839218944466,
    0.28195771467242037,
    0.17439046516538514,
    0.24876313536330819,
    0.23449633351591703,
    0.1843660445265533,
    0.19240781591821599,
    0.03681304981197697,
    0.03640040333305542,
    0.0366100346475464,
    0.038646475472021165,
    0.2207235133561484,
    0.03448928581816887,
    0.012059205978297904,
    0.23272619900012467,
    0.24680482745251586,
    0.22205820308123506,
    0.24779666875466758,
    0.21769662936064618,
    0.17063150920864445,
    0.2444941080079329,
    0.212726948421558,
    0.23328553231103533,
    0.038908517532892734,
    0.036847980629761905,
    0.03916670097259823,
    0.03614677375018439,
    0.03740492535053584,
    0.06592104450921199,
    0.06895327880180734,
    0.013339417928376288,
    0.17631604800947404,
    0.20847499196745883,
    0.22227789646955554,
    0.21413237405471466,
    0.16876419400357165,
    0.20974027663617661,
    0.18002359942971985,
    0.20562864595658795,
    0.03818274326007132,
    0.0416447756275521,
    0.04309816161752022,
    0.03680345477921152,
    0.03702917844954246,
    0.19270696375640908,
    0.03528216914899858,
    0.00014399541941727847,
    0.2853037262601817,
    0.2301653827957933,
    0.17770525015760827,
    0.19015316810798075,
    0.2673144439174543,
    0.20376404965019362,
    0.21283062789981622,
    0.20275673105516726,
    0.03830367348045328,
    0.039273186451467545,
    0.040195322297499926,
    0.03742927522008026,
    0.030757930941337497,
    0.03686088117341925,
    0.01850797300991896,
    7.36242690596575e-05,
    0.22829720458463576,
    0.2442130458802084,
    0.1932652709358725,
    0.22084230573387065,
    0.2196884054375089,
    0.20674489484562547,
    0.18127110890771936,
    0.16719602887056895,
    0.2519924438400064,
    0.03597659406508136,
    0.04248130079179981,
    0.022926370102042747,
    0.024183259702732704,
    0.03371948438663473,
    0.1759113233308076,
    0.0646147711946317,
    0.26822934263007686,
    0.25861906158158676,
    0.2731084449348476,
    0.21112574984794757,
    0.23742804359340874,
    0.16565441377061188,
    0.17434931008332272,
    0.1912755439992547,
    0.21963696493871884,
    0.041132511895569275,
    0.042087849618838984,
    0.03986331305404136,
    0.035218126231532455,
    0.04208942262333306,
    0.03295129218973388,
    0.10730578126039526,
    0.09595782080659611,
    0.2767292250606448,
    0.20902495900386583,
    0.23543722419965776,
    0.17140858614258006,
    0.25719634454600754,
    0.1956392359939275,
    0.23389391082207078,
    0.22581112285618749,
    0.03703250265095072,
    0.03906820651621736,
    0.03721081452595778,
    0.03635854926898584,
    0.0371307584646624,
    0.08805092068752843,
    0.03013211435134903,
    0.06555094674674024,
    0.21459482057562845,
    0.1760194321987425,
    0.18376342226323683,
    0.20816861771215506,
    0.21616175459421055,
    0.1715349782476954,
    0.19536059245308127,
    0.24093669869703796,
    0.03684199524203366,
    0.04157848936274081,
    0.03594630752540411,
    0.028299806126190163,
    2.2263188295432598e-07,
    0.02688605800010465,
    0.02944812052274516,
    0.011509832530005912,
    0.2615064634657681,
    0.20194461251293508,
    0.23781224939134737,
    0.2392350562083496,
    0.20882567296494728,
    0.19856130257845697,
    0.19159226182888123,
    0.2385406578011198,
    0.03576928242863062,
    0.03518003256678228,
    0.036905889993503645,
    0.037206575357187216,
    0.039397077037965376,
    0.040878642081615825,
    0.03148557438926524,
    4.0976588095026624e-05,
    0.255276186244217,
    0.26293240600142564,
    0.21132327411927634,
    0.2641650852780936,
    0.19901266249061522,
    0.21037145279958244,
    0.1961087840165304,
    0.1765954607253327,
    0.21930319385791605,
    0.03755242576523936,
    0.038091992041594545,
    0.12151225398605839,
    0.06980606052303813,
    0.04051917257008851,
    0.034267426744304955,
    0.1336986652193686,
    0.1802918262014938,
    0.22841915877099078,
    0.20899594786430328,
    0.17361849732157386,
    0.19828921633812155,
    0.202355611022567,
    0.19857680614930193,
    0.17036572690390372,
    0.23936835908215065,
    0.04023126358052946,
    0.035369953805368275,
    0.041137434647023664,
    0.038532359856702274,
    0.07556563161176202,
    0.19525534653346036,
    0.039961444617864716,
    0.037714248845141726,
    0.22020843428270095,
    0.20852909003753992,
    0.2119182933619574,
    0.2821791500162295,
    0.21474234913152188,
    0.1904240385180215,
    0.23848736529542475,
    0.18110378998865395,
    0.03570872104593969,
    0.04170143408271625,
    0.04270419955990901,
    0.03215229343093198,
    0.03547757112568616,
    0.034773031593313665,
    0.0015130830144269654,
    0.07246292907698637,
    0.2484970363470938,
    0.2556779339980872,
    0.18342665322771629,
    0.18163366394848404,
    0.21606592482579912,
    0.18810985814960002,
    0.201577535858759,
    0.19431833792072656,
    0.03528863756204816,
    0.039287778970152384,
    0.04100940166909751,
    0.02110415765689043,
    0.04069897369850785,
    0.08068769892299248,
    0.020154535755120887,
    6.140683752251437e-05,
    0.23782873474883656,
    0.25096789397385594,
    0.21252395556540615,
    0.24306788121894915,
    0.20876155514609568,
    0.2493261038466994,
    0.20068479633432107,
    0.17529490244007795,
    0.08781750671995711,
    0.037348438135544657,
    0.038987481030445255,
    0.036883707087640126,
    0.11620578700643382,
    0.04013672243625379,
    0.0377775906184417,
    0.002739363299253097,
    0.21145441688561273,
    0.20158030976833308,
    0.2549227772992875,
    0.18239204955582514,
    0.20047041317310946,
    0.19731990405666475,
    0.18048270626017013,
    0.24104579729220849,
    0.20174875565181905,
    0.0417162370797989,
    0.03650795309426594,
    0.0386977160946161,
    0.0303180382957945,
    0.0669662561010762,
    0.03653426202045189,
    0.1304273837334614,
    0.1256873561292907,
    0.2933679512573252,
    0.25222637999687125,
    0.24377553653777412,
    0.2662478216232034,
    0.1677808367741308,
    0.23240278574022669,
    0.21958597996581136,
    0.2709389574145028,
    0.03628273218732535,
    0.04199205175056361,
    0.04173769343816666,
    0.041118228652338315,
    0.03516000340730014,
    0.21270223925705992,
    0.034758456965054654,
    0.05065857592377485,
    0.21296557436790195,
    0.18826293531993527,
    0.21807289621624235,
    0.17129820413716582,
    0.25917978655033347,
    0.21330454792762527,
    0.227718883643414,
    0.24812735182195778,
    0.034783759722845885,
    0.036824950896863454,
    0.039009534587685794,
    0.024210714356382022,
    5.286390524195094e-08,
    0.02550975361000522,
    0.03593213166785783,
    0.0699167569982193,
    0.21529812846459895,
    0.19507430008774929,
    0.20390305612276738,
    0.21152775369677948,
    0.23348795625455593,
    0.21771122936197,
    0.2445606370693548,
    0.2005221291545443,
    0.03945440144164046,
    0.04036343925558948,
    0.042021838401022235,
    0.0360250391493413,
    0.03509050787207481,
    0.09466150269238248,
    0.10764793097235967,
    0.00010018369508424594,
    0.23278947354094084,
    0.17968471687648352,
    0.20873725132646936,
    0.16744015944957663,
    0.1698320848303973,
    0.23868973421777356,
    0.2461459324627048,
    0.17042607425933054,
    0.2579939632991566,
    0.03546077271365766,
    0.0368726543659289,
    0.0,
    0.035677506374072736,
    0.037019342600145784,
    0.2334655986529429,
    0.08464229130467711,
    0.27026137236311226,
    0.27537153994227714,
    0.23562218554056505,
    0.23080498722015017,
    0.21874917212394443,
    0.2412449639798296,
    0.24356594965351386,
    0.21058557748388865,
    0.2457429153088044,
    0.03787846908614893,
    0.04031127388573913,
    0.03504441457121693,
    0.022612039085363966,
    0.027967969140864645,
    0.03709424064001657,
    0.016383798180498937,
    0.06627223378541772,
    0.28084016304734744,
    0.21014356601969736,
    0.18062362833303147,
    0.17752352016547507,
    0.20144496131302694,
    0.2515537784965515,
    0.1938320397109612,
    0.24132047431386922,
    0.03569246172043758,
    0.03721583401123005,
    0.037098606296596,
    0.03942333770255427,
    2.4772846787025735e-08,
    0.2357956630940548,
    0.09330635284293133,
    8.30357913196517e-05,
    0.21022085334699664,
    0.2003105166320434,
    0.19390855926087497,
    0.20610738968953557,
    0.17670283840351217,
    0.21578418857686066,
    0.18152958702566055,
    0.20517713139572832,
    0.038822299793452225,
    0.04081469183907326,
    0.039674364158457584,
    0.035729371299406176,
    0.042204721472351915,
    0.0397121307103894,
    0.03529000362732504,
    6.214792388360788e-05,
    0.20874593338527783,
    0.20539983612495158,
    0.17006346819964352,
    0.19642973601021485,
    0.2169244536024475,
    0.16345438021813322,
    0.20580873275170886,
    0.2350897501415738,
    0.0365030983978205,
    0.03824086189161936,
    0.035767327567412494,
    0.03020593429708682,
    0.029079127756856085,
    0.17968203830821872,
    0.03657473339118869,
    0.049493217599411485,
    0.25122094312220944,
    0.26884702372912733,
    0.2182197253899478,
    0.2182848513588204,
    0.20883443817370562,
    0.21888759520278256,
    0.21743943780737165,
    0.2019105856631879,
    0.21122946366555992,
    0.03556473447533555,
    0.0354694867028567,
    0.03729356620734214,
    0.03324784214116027,
    0.03836886816802906,
    0.029349471982074583,
    0.04693986482760816,
    0.18046363597792833,
    0.2955015761143931,
    0.1971077375186603,
    0.22302179074200135,
    0.1751904160442896,
    0.1951634716032251,
    0.20288092672648123,
    0.21374242770892285,
    0.1814346260023785,
    0.03891405206393046,
    0.03799679181933294,
    0.03686805121921706,
    0.024495444456989944,
    0.03541626578333864,
    0.038526380369529205,
    0.02715777743702801,
    0.049150931455738796,
    0.18312008299661006,
    0.2634913777772272,
    0.20774239673785905,
    0.17941307604642728,
    0.2104388547761481,
    0.22629593438777507,
    0.1630693832684027,
    0.22275659295114955,
    0.040403778408738864,
    0.04193750268680611,
    0.04064774807504174,
    0.036084094386885986,
    0.03657005360756872,
    0.037190782708500784,
    0.035965736478636434,
    0.06377887800253108,
    0.201739807750472,
    0.25077693171731424,
    0.21974577497849437,
    0.17905452082311243,
    0.23905490637421314,
    0.18987073859738754,
    0.2160922260912491,
    0.19867493185076748,
    0.03848051881689141,
    0.03687746678882001,
    0.03696319761754715,
    0.021206145202431546,
    0.03460051462502951,
    0.03720710542869896,
    0.033481636274461976,
    0.0002444525316770513,
    0.26880429270659517,
    0.22812906348899503,
    0.21805126997134183,
    0.22760826571988474,
    0.18706947580941052,
    0.27398628977145467,
    0.23805394272243027,
    0.237255444623581,
    0.046317181327431095,
    0.03572693855299439,
    0.03608698756117309,
    0.024787423070889516,
    0.08630072172196675,
    0.039337872563513614,
    0.23362444477946795,
    2.27287001805333e-05,
    0.20438204595540121,
    0.24162502864465085,
    0.25198508674470366,
    0.2661575924776574,
    0.20923601475937004,
    0.24206167922167557,
    0.19906056240469144,
    0.23722223055768366,
    0.19687915881346868,
    0.035233534776460906,
    0.03916809613753369,
    0.03992123407939566,
    0.03662346993774686,
    0.033096265971855866,
    0.03436586162338265,
    0.17114675635582235,
    0.11749082497539878,
    0.23292520634636998,
    0.25113642330939995,
    0.1880772814486942,
    0.167887141282719,
    0.16015228333731601,
    0.19307208283093033,
    0.2421689015153802,
    0.2449167956462255,
    0.04073183718328128,
    0.04233949098970295,
    0.042127790819219156,
    0.0316848525671085,
    0.0003450691807177498,
    0.035732973697091164,
    0.02947031659477677,
    3.9766153876046316e-05,
    0.22304559137181001,
    0.22167603907538916,
    0.21531132610508727,
    0.18919110756738877,
    0.25349017913835503,
    0.1904102955738452,
    0.19699417480044917,
    0.27928200129499414,
    0.03923760240579985,
    0.04203799200643095,
    0.037848659811722425,
    0.021561702405358842,
    0.048413678106416475,
    0.03434330676494006,
    0.03512943043333686,
    6.855507061584376e-05,
    0.23670726512928628,
    0.24765322788207955,
    0.20911303220434785,
    0.22813282683839703,
    0.21478400060733524,
    0.18259694497066012,
    0.2138694437453015,
    0.21891308679007207,
    0.03618096622391921,
    0.03518261321747775,
    0.036290210445313095,
    0.022279059604926803,
    0.039682633847511174,
    0.02756080424961801,
    0.08338995806526157,
    0.053698474470281005,
    0.23499740592885146,
    0.23134748396674315,
    0.21953103622463302,
    0.1902321550264696,
    0.21459016169329648,
    0.20772926209966822,
    0.2099385254478889,
    0.25045732526983966,
    0.2262270267248961,
    0.037077868503969665,
    0.03634087369679263,
    0.0,
    0.041649508901752515,
    0.03789511440781869,
    0.028356634001798556,
    0.015785068642906696,
    0.17554637744904678,
    0.1942674822606998,
    0.21391746044442375,
    0.20012183395444122,
    0.2458818518074329,
    0.23060108517493236,
    0.21049403506000502,
    0.22974302825992962,
    0.20814959720834278,
    0.03858553284210378,
    0.04138412562352267,
    0.041375063717488864,
    0.03707362219283334,
    0.036770874756625896,
    0.0677651077366338,
    0.03477435855128295,
    0.06069314634023147,
    0.19342020560497472,
    0.19617949387606748,
    0.2872729824419545,
    0.17016174528750516,
    0.24702212105656027,
    0.21023409854285688,
    0.27666235429517655,
    0.19259965382074726,
    0.037965167458125317,
    0.0403754824736449,
    0.03658704374091442,
    0.03857887379070061,
    0.03799883638942235,
    0.03688592376629397,
    0.0035307686735903984,
    0.0743719325477714,
    0.21958644379815082,
    0.21573569159193523,
    0.2549236785090437,
    0.15828008018830056,
    0.19931241923749538,
    0.19222963335069543,
    0.22124721278664475,
    0.24444720934991296,
    0.03544314577862903,
    0.0405300607041287,
    0.038247294477388005,
    0.0223224600893759,
    0.0495287761689321,
    0.02974489720089476,
    0.031542357243563565,
    0.02921428599924151,
    0.20599194120919986,
    0.2021459533365618,
    0.20307511808283832,
    0.2110301000700558,
    0.20112908584782893,
    0.25113805711716564,
    0.24331928583138215,
    0.2004922622468299,
    0.07889296175784277,
    0.03509259320150063,
    0.040460494858928504,
    0.026409542982419203,
    0.07520221516709774,
    0.03262800570199002,
    0.18074023626716282,
    0.047677406369679286,
    0.29182070918484276,
    0.17910315319055822,
    0.2836218910044222,
    0.2717311003741335,
    0.2308356739290565,
    0.23533181741917947,
    0.18752645655634143,
    0.20890072796616488,
    0.2173173361338009,
    0.03493065405372726,
    0.042393672983588995,
    0.04051182250108399,
    0.03328806680309929,
    0.041264121327473355,
    0.03703532447675454,
    0.13532738497309646,
    0.18834698827884275,
    0.24668823165312465,
    0.270747406044554,
    0.17766754332139675,
    0.18250864567024988,
    0.2045552003557263,
    0.198525420676693,
    0.1867006059898684,
    0.1714765531082785,
    0.0361373920618947,
    0.035526852679497185,
    0.04050138759731871,
    0.023067271489042192,
    0.034512783584754805,
    0.22297552195631073,
    0.03577759857031737,
    0.0643816263169091,
    0.20924326356780873,
    0.22496664777671224,
    0.24591597929854764,
    0.2567909108416412,
    0.19533912867511646,
    0.18470891888361723,
    0.20159097985046037,
    0.1904138149241479,
    0.034582756919634625,
    0.040985945936637874,
    0.03777578505897709,
    0.053509511590453536,
    0.06331456861640333,
    0.25636612957834437,
    0.03964109920596359,
    0.06348737673033869,
    0.21327049655540675,
    0.1833032162795548,
    0.28668562902188166,
    0.22966420792523373,
    0.25327740903250145,
    0.1838377084953238,
    0.16538745130420748,
    0.23110726976054266,
    0.03577978630819969,
    0.037098430588627086,
    0.040871016861225865,
    0.02970101057001929,
    0.03954027576548786,
    0.0289215116394994,
    0.023641501890260364,
    9.017402381071202e-05,
    0.26888843650544136,
    0.2090881810890873,
    0.22407867373000193,
    0.2103792857005522,
    0.19473970644465796,
    0.18718055050857674,
    0.18623102818690943,
    0.18208928846166636,
    0.20381908074413913,
    0.035903860317743515,
    0.041783136172162984,
    0.03140177486649822,
    0.025546664398334685,
    0.039346812048647005,
    0.037461533995742556,
    0.07596922354454773,
    0.2789977031141162,
    0.26508539444366064,
    0.21994737198940875,
    0.2483634993380301,
    0.20016337307749213,
    0.1756904284738634,
    0.18425731007908575,
    0.21255066527274075,
    0.19417405449788916,
    0.04054259922252246,
    0.03766100169194115,
    0.039458577612437006,
    0.03218230694626944,
    0.1781547335135813,
    0.03993192450782658,
    0.06760846501620955,
    0.04742341181122015,
    0.23822387122995584,
    0.2535239419112127,
    0.2722866324163793,
    0.1951554104067335,
    0.25693091240095567,
    0.2256022343426133,
    0.2480898952538322,
    0.22884708875221443,
    0.038407214525060865,
    0.03943340926818293,
    0.04280252197878574,
    0.027441532378896526,
    2.1356227647820318e-07,
    0.0324271167474359,
    0.001275056822155529,
    0.05417284134228563,
    0.20009280678475053,
    0.21908485346804146,
    0.21925696623668292,
    0.1948228163487768,
    0.18681979456824152,
    0.20531321731764632,
    0.21012534326367613,
    0.196757997452304,
    0.03721695660408872,
    0.04163500916409074,
    0.038767624275344185,
    0.03598995606453228,
    0.04017730837144121,
    0.03714383865372965,
    0.02264256902067158,
    9.93644959775616e-05,
    0.22413397257509676,
    0.21190240324266693,
    0.17413405836563048,
    0.2795558928793321,
    0.21547508389732156,
    0.24544663551190746,
    0.20094069940641848,
    0.2391786909126955,
    0.03844512591905526,
    0.040626831159040484,
    0.037484736214520774,
    0.02298124912415931,
    0.025805640529306503,
    0.031321365601452454,
    0.19169757022524436,
    0.05637204213295431,
    0.21320042920977014,
    0.18335831945271505,
    0.18534905270289032,
    0.19376877841684206,
    0.16885503606840435,
    0.24727718401240695,
    0.17388913932837755,
    0.25812856305788573,
    0.1998521669727971,
    0.03611532174261737,
    0.0416400496764512,
    0.1258061877096417,
    0.024146223884262068,
    0.19555499098671292,
    0.024452913676837246,
    0.024285983397286208,
    0.22685311670728145,
    0.2734857895914278,
    0.18085124459585927,
    0.2649402556512666,
    0.17310679958050074,
    0.19885253329560046,
    0.17402385299856662,
    0.2290756762103732,
    0.2184116885840102,
    0.03735996225999021,
    0.03807935843942332,
    0.036973542537375614,
    0.03541838352293905,
    0.039689087369408634,
    0.07907722150006168,
    0.03180379946135673,
    0.04769246306059039,
    0.23087779674020162,
    0.19152507193311313,
    0.2723380097632806,
    0.28084875032811013,
    0.19166065638239302,
    0.252405014881805,
    0.22882901997590235,
    0.21179300518842806,
    0.03923358563922535,
    0.04195879403911175,
    0.039697153192693735,
    0.02437621955553624,
    6.398225957568375e-07,
    0.04054878087263639,
    0.0011921033679507939,
    9.509955219303584e-05,
    0.17089372911778378,
    0.25561327843831494,
    0.19781586620745112,
    0.2657045147487369,
    0.22088381657317438
  ],
  "profiler_note": "Captured Quadrants graphs are omitted by the kernel profiler; stage wall times include them.",
  "dofs": 2430,
  "tetrahedra": 480,
  "method_selected": "inverse",
  "surface_inverse_selected": true,
  "build_timings_including_JIT": {
    "topology_seconds": 0.06763450615108013,
    "operators_seconds": 0.5485771116800606,
    "factor_seconds": 13.690750393085182,
    "inverse_seconds": 0.2242527878843248,
    "surface_inverse_seconds": 0.12480841530486941
  },
  "stress_configurations": [
    {
      "mesh": "/mnt/home/zhaofeng/workspace/Genesis/.worktrees/rigid-stress-recovery-relief-dev/examples/rigid/assets/hollow_egg/level1/elastic.npz",
      "output_mode": "full",
      "young": 10000000000.0,
      "poisson": 0.3,
      "density": 2000.0,
      "contact_radius": 0.006,
      "quadrature": 10,
      "tolerance": 1e-08,
      "absolute_tolerance": 1e-11,
      "max_iterations": 2000,
      "warm_start": true,
      "history_size": 0,
      "method": "auto",
      "cooperative_solve": true,
      "cooperative_pressure": true,
      "cooperative_scatter": true,
      "cooperative_balance": true,
      "face_parallel_scatter": true,
      "scatter_tasks_per_env": 32,
      "inverse_max_bytes": 67108864,
      "inverse_precision": "64",
      "surface_inverse": true,
      "packed_surface_loads": true,
      "fused_pipeline": true,
      "cached_peak": true,
      "cached_face_bounds": true,
      "inverse_corrections": 2,
      "preconditioner": "block"
    }
  ],
  "native_buffers": [
    {
      "name": "stress.0.info.vertices",
      "shape": [
        810,
        3
      ],
      "dtype": "torch.float64",
      "bytes": 19440,
      "kind": 1
    },
    {
      "name": "stress.0.info.elements",
      "shape": [
        480,
        10
      ],
      "dtype": "torch.int32",
      "bytes": 19200,
      "kind": 1
    },
    {
      "name": "stress.0.info.surface_nodes",
      "shape": [
        80,
        6
      ],
      "dtype": "torch.int32",
      "bytes": 1920,
      "kind": 1
    },
    {
      "name": "stress.0.info.edges",
      "shape": [
        6,
        2
      ],
      "dtype": "torch.int32",
      "bytes": 48,
      "kind": 1
    },
    {
      "name": "stress.0.info.gradients",
      "shape": [
        480,
        4,
        3
      ],
      "dtype": "torch.float64",
      "bytes": 46080,
      "kind": 1
    },
    {
      "name": "stress.0.info.corner_gradients",
      "shape": [
        480,
        4,
        7,
        3
      ],
      "dtype": "torch.float64",
      "bytes": 322560,
      "kind": 1
    },
    {
      "name": "stress.0.info.corner_nodes",
      "shape": [
        480,
        4,
        7
      ],
      "dtype": "torch.int32",
      "bytes": 53760,
      "kind": 1
    },
    {
      "name": "stress.0.info.volumes",
      "shape": [
        480
      ],
      "dtype": "torch.float64",
      "bytes": 3840,
      "kind": 1
    },
    {
      "name": "stress.0.info.row_start",
      "shape": [
        811
      ],
      "dtype": "torch.int32",
      "bytes": 3244,
      "kind": 1
    },
    {
      "name": "stress.0.info.columns",
      "shape": [
        20274
      ],
      "dtype": "torch.int32",
      "bytes": 81096,
      "kind": 1
    },
    {
      "name": "stress.0.info.element_entries",
      "shape": [
        480,
        10,
        10
      ],
      "dtype": "torch.int32",
      "bytes": 192000,
      "kind": 1
    },
    {
      "name": "stress.0.info.stiffness",
      "shape": [
        20274,
        3,
        3
      ],
      "dtype": "torch.float64",
      "bytes": 1459728,
      "kind": 1
    },
    {
      "name": "stress.0.info.mass",
      "shape": [
        20274
      ],
      "dtype": "torch.float64",
      "bytes": 162192,
      "kind": 1
    },
    {
      "name": "stress.0.info.modes",
      "shape": [
        810,
        3,
        6
      ],
      "dtype": "torch.float64",
      "bytes": 116640,
      "kind": 1
    },
    {
      "name": "stress.0.info.mass_modes",
      "shape": [
        810,
        3,
        6
      ],
      "dtype": "torch.float64",
      "bytes": 116640,
      "kind": 1
    },
    {
      "name": "stress.0.info.relief",
      "shape": [
        810,
        3,
        6
      ],
      "dtype": "torch.float64",
      "bytes": 116640,
      "kind": 1
    },
    {
      "name": "stress.0.info.centrifugal",
      "shape": [
        810,
        3,
        6
      ],
      "dtype": "torch.float64",
      "bytes": 116640,
      "kind": 1
    },
    {
      "name": "stress.0.info.gram",
      "shape": [
        6,
        6
      ],
      "dtype": "torch.float64",
      "bytes": 288,
      "kind": 1
    },
    {
      "name": "stress.0.info.gram_inverse",
      "shape": [
        6,
        6
      ],
      "dtype": "torch.float64",
      "bytes": 288,
      "kind": 1
    },
    {
      "name": "stress.0.info.pins",
      "shape": [
        6
      ],
      "dtype": "torch.int32",
      "bytes": 24,
      "kind": 1
    },
    {
      "name": "stress.0.info.is_free",
      "shape": [
        810,
        3
      ],
      "dtype": "torch.int32",
      "bytes": 9720,
      "kind": 1
    },
    {
      "name": "stress.0.info.diagonal_inverse",
      "shape": [
        810,
        3,
        3
      ],
      "dtype": "torch.float64",
      "bytes": 58320,
      "kind": 1
    },
    {
      "name": "stress.0.info.scalar_diagonal_inverse",
      "shape": [
        810,
        3
      ],
      "dtype": "torch.float64",
      "bytes": 19440,
      "kind": 1
    },
    {
      "name": "stress.0.info.mass_properties",
      "shape": [
        4
      ],
      "dtype": "torch.float64",
      "bytes": 32,
      "kind": 1
    },
    {
      "name": "stress.0.factor.order",
      "shape": [
        810
      ],
      "dtype": "torch.int32",
      "bytes": 3240,
      "kind": 1
    },
    {
      "name": "stress.0.factor.row_start",
      "shape": [
        811
      ],
      "dtype": "torch.int32",
      "bytes": 3244,
      "kind": 1
    },
    {
      "name": "stress.0.factor.columns",
      "shape": [
        66669
      ],
      "dtype": "torch.int32",
      "bytes": 266676,
      "kind": 1
    },
    {
      "name": "stress.0.factor.sources",
      "shape": [
        66669
      ],
      "dtype": "torch.int32",
      "bytes": 266676,
      "kind": 1
    },
    {
      "name": "stress.0.factor.column_start",
      "shape": [
        811
      ],
      "dtype": "torch.int32",
      "bytes": 3244,
      "kind": 1
    },
    {
      "name": "stress.0.factor.rows",
      "shape": [
        66669
      ],
      "dtype": "torch.int32",
      "bytes": 266676,
      "kind": 1
    },
    {
      "name": "stress.0.factor.transpose_entries",
      "shape": [
        66669
      ],
      "dtype": "torch.int32",
      "bytes": 266676,
      "kind": 1
    },
    {
      "name": "stress.0.factor.lower",
      "shape": [
        66669,
        3,
        3
      ],
      "dtype": "torch.float64",
      "bytes": 4800168,
      "kind": 1
    },
    {
      "name": "stress.0.factor.diagonal",
      "shape": [
        810,
        3,
        3
      ],
      "dtype": "torch.float64",
      "bytes": 58320,
      "kind": 1
    },
    {
      "name": "stress.0.factor.diagonal_inverse",
      "shape": [
        810,
        3,
        3
      ],
      "dtype": "torch.float64",
      "bytes": 58320,
      "kind": 1
    },
    {
      "name": "stress.0.factor.valid",
      "shape": [],
      "dtype": "torch.bool",
      "bytes": 1,
      "kind": 1
    },
    {
      "name": "stress.0.inverse.blocks",
      "shape": [
        810,
        810,
        3,
        3
      ],
      "dtype": "torch.float64",
      "bytes": 47239200,
      "kind": 1
    },
    {
      "name": "stress.0.surface_inverse.nodes",
      "shape": [
        162
      ],
      "dtype": "torch.int32",
      "bytes": 648,
      "kind": 1
    },
    {
      "name": "stress.0.surface_inverse.force_blocks",
      "shape": [
        810,
        162,
        3,
        3
      ],
      "dtype": "torch.float64",
      "bytes": 9447840,
      "kind": 1
    },
    {
      "name": "stress.0.surface_inverse.centrifugal",
      "shape": [
        810,
        3,
        6
      ],
      "dtype": "torch.float64",
      "bytes": 116640,
      "kind": 1
    },
    {
      "name": "stress.0.surface.gauss",
      "shape": [
        10
      ],
      "dtype": "torch.float64",
      "bytes": 80,
      "kind": 1
    },
    {
      "name": "stress.0.surface.gauss_weights",
      "shape": [
        10
      ],
      "dtype": "torch.float64",
      "bytes": 80,
      "kind": 1
    },
    {
      "name": "stress.0.surface.positions",
      "shape": [
        8000,
        3
      ],
      "dtype": "torch.float64",
      "bytes": 192000,
      "kind": 1
    },
    {
      "name": "stress.0.surface.weights",
      "shape": [
        8000
      ],
      "dtype": "torch.float64",
      "bytes": 64000,
      "kind": 1
    },
    {
      "name": "stress.0.surface.shape",
      "shape": [
        100,
        6
      ],
      "dtype": "torch.float64",
      "bytes": 4800,
      "kind": 1
    },
    {
      "name": "stress.0.surface.face_origin",
      "shape": [
        80,
        3
      ],
      "dtype": "torch.float64",
      "bytes": 1920,
      "kind": 1
    },
    {
      "name": "stress.0.surface.face_edges",
      "shape": [
        80,
        2,
        3
      ],
      "dtype": "torch.float64",
      "bytes": 3840,
      "kind": 1
    },
    {
      "name": "stress.0.surface.face_dual",
      "shape": [
        80,
        2,
        3
      ],
      "dtype": "torch.float64",
      "bytes": 3840,
      "kind": 1
    },
    {
      "name": "stress.0.surface.face_normal",
      "shape": [
        80,
        3
      ],
      "dtype": "torch.float64",
      "bytes": 1920,
      "kind": 1
    },
    {
      "name": "stress.0.surface.face_bounds_low",
      "shape": [
        80,
        3
      ],
      "dtype": "torch.float64",
      "bytes": 1920,
      "kind": 1
    },
    {
      "name": "stress.0.surface.face_bounds_high",
      "shape": [
        80,
        3
      ],
      "dtype": "torch.float64",
      "bytes": 1920,
      "kind": 1
    },
    {
      "name": "stress.0.surface.grid.bounds",
      "shape": [
        2,
        3
      ],
      "dtype": "torch.float64",
      "bytes": 48,
      "kind": 1
    },
    {
      "name": "stress.0.surface.grid.cell_size",
      "shape": [],
      "dtype": "torch.float64",
      "bytes": 8,
      "kind": 1
    },
    {
      "name": "stress.0.surface.grid.starts",
      "shape": [
        4097
      ],
      "dtype": "torch.int32",
      "bytes": 16388,
      "kind": 1
    },
    {
      "name": "stress.0.surface.grid.samples",
      "shape": [
        8000
      ],
      "dtype": "torch.int32",
      "bytes": 32000,
      "kind": 1
    },
    {
      "name": "stress.0.state.force",
      "shape": [
        810,
        1024,
        3
      ],
      "dtype": "torch.float64",
      "bytes": 19906560,
      "kind": 6
    },
    {
      "name": "stress.0.state.rhs",
      "shape": [
        810,
        1024,
        3
      ],
      "dtype": "torch.float64",
      "bytes": 19906560,
      "kind": 6
    },
    {
      "name": "stress.0.state.displacement",
      "shape": [
        810,
        1024,
        3
      ],
      "dtype": "torch.float64",
      "bytes": 19906560,
      "kind": 4
    },
    {
      "name": "stress.0.state.residual",
      "shape": [
        810,
        1024,
        3
      ],
      "dtype": "torch.float64",
      "bytes": 19906560,
      "kind": 6
    },
    {
      "name": "stress.0.state.boundary_columns",
      "shape": [
        162,
        1024
      ],
      "dtype": "torch.int32",
      "bytes": 663552,
      "kind": 6
    },
    {
      "name": "stress.0.state.boundary_count",
      "shape": [
        1024
      ],
      "dtype": "torch.int32",
      "bytes": 4096,
      "kind": 6
    },
    {
      "name": "stress.0.state.wrench",
      "shape": [
        1024,
        6
      ],
      "dtype": "torch.float64",
      "bytes": 49152,
      "kind": 6
    },
    {
      "name": "stress.0.state.rhs_norm_squared",
      "shape": [
        1024
      ],
      "dtype": "torch.float64",
      "bytes": 8192,
      "kind": 6
    },
    {
      "name": "stress.0.state.residual_norm_squared",
      "shape": [
        1024
      ],
      "dtype": "torch.float64",
      "bytes": 8192,
      "kind": 6
    },
    {
      "name": "stress.0.state.residual_preconditioned",
      "shape": [
        1024
      ],
      "dtype": "torch.float64",
      "bytes": 8192,
      "kind": 6
    },
    {
      "name": "stress.0.state.next_residual_preconditioned",
      "shape": [
        1024
      ],
      "dtype": "torch.float64",
      "bytes": 8192,
      "kind": 6
    },
    {
      "name": "stress.0.state.direction_product",
      "shape": [
        1024
      ],
      "dtype": "torch.float64",
      "bytes": 8192,
      "kind": 6
    },
    {
      "name": "stress.0.state.active",
      "shape": [
        1024
      ],
      "dtype": "torch.int32",
      "bytes": 4096,
      "kind": 6
    },
    {
      "name": "stress.0.state.iterations",
      "shape": [
        1024
      ],
      "dtype": "torch.int32",
      "bytes": 4096,
      "kind": 6
    },
    {
      "name": "stress.0.state.peak",
      "shape": [
        1024
      ],
      "dtype": "torch.float64",
      "bytes": 8192,
      "kind": 6
    },
    {
      "name": "stress.0.state.step_peak",
      "shape": [
        1024
      ],
      "dtype": "torch.float64",
      "bytes": 8192,
      "kind": 5
    },
    {
      "name": "stress.0.state.step_valid",
      "shape": [
        1024
      ],
      "dtype": "torch.bool",
      "bytes": 1024,
      "kind": 5
    },
    {
      "name": "stress.0.state.stress_tensor",
      "shape": [
        480,
        4,
        1024,
        6
      ],
      "dtype": "torch.float64",
      "bytes": 94371840,
      "kind": 5
    },
    {
      "name": "stress.0.state.von_mises",
      "shape": [
        480,
        4,
        1024,
        1
      ],
      "dtype": "torch.float64",
      "bytes": 15728640,
      "kind": 5
    },
    {
      "name": "stress.0.state.valid",
      "shape": [
        1024
      ],
      "dtype": "torch.bool",
      "bytes": 1024,
      "kind": 6
    },
    {
      "name": "stress.0.state.corrections",
      "shape": [
        1024
      ],
      "dtype": "torch.int32",
      "bytes": 4096,
      "kind": 6
    },
    {
      "name": "stress.0.state.fallbacks",
      "shape": [
        1024
      ],
      "dtype": "torch.int32",
      "bytes": 4096,
      "kind": 6
    },
    {
      "name": "stress.0.state.invalid_steps",
      "shape": [
        1024
      ],
      "dtype": "torch.int64",
      "bytes": 8192,
      "kind": 6
    },
    {
      "name": "stress.0.state.invalid_reported",
      "shape": [
        1024
      ],
      "dtype": "torch.bool",
      "bytes": 1024,
      "kind": 6
    },
    {
      "name": "stress.0.contacts.position",
      "shape": [
        750,
        1024,
        3
      ],
      "dtype": "torch.float64",
      "bytes": 18432000,
      "kind": 6
    },
    {
      "name": "stress.0.contacts.center",
      "shape": [
        750,
        1024,
        3
      ],
      "dtype": "torch.float64",
      "bytes": 18432000,
      "kind": 6
    },
    {
      "name": "stress.0.contacts.anchor_face",
      "shape": [
        750,
        1024
      ],
      "dtype": "torch.int32",
      "bytes": 3072000,
      "kind": 6
    },
    {
      "name": "stress.0.contacts.is_refined",
      "shape": [
        750,
        1024
      ],
      "dtype": "torch.bool",
      "bytes": 768000,
      "kind": 6
    },
    {
      "name": "stress.0.contacts.force",
      "shape": [
        750,
        1024,
        3
      ],
      "dtype": "torch.float64",
      "bytes": 18432000,
      "kind": 6
    },
    {
      "name": "stress.0.contacts.normal",
      "shape": [
        750,
        1024,
        3
      ],
      "dtype": "torch.float64",
      "bytes": 18432000,
      "kind": 6
    },
    {
      "name": "stress.0.contacts.friction",
      "shape": [
        750,
        1024
      ],
      "dtype": "torch.float64",
      "bytes": 6144000,
      "kind": 6
    },
    {
      "name": "stress.0.contacts.radius",
      "shape": [
        750,
        1024
      ],
      "dtype": "torch.float64",
      "bytes": 6144000,
      "kind": 2
    },
    {
      "name": "stress.0.contacts.valid",
      "shape": [
        750,
        1024
      ],
      "dtype": "torch.bool",
      "bytes": 768000,
      "kind": 6
    },
    {
      "name": "stress.0.contacts.coefficient",
      "shape": [
        750,
        1024,
        3
      ],
      "dtype": "torch.float64",
      "bytes": 18432000,
      "kind": 6
    },
    {
      "name": "stress.0.contacts.weight_sum",
      "shape": [
        750,
        1024
      ],
      "dtype": "torch.float64",
      "bytes": 6144000,
      "kind": 6
    },
    {
      "name": "stress.0.contacts.status",
      "shape": [
        750,
        1024
      ],
      "dtype": "torch.int32",
      "bytes": 3072000,
      "kind": 6
    },
    {
      "name": "stress.0.contacts.force_error",
      "shape": [
        750,
        1024
      ],
      "dtype": "torch.float64",
      "bytes": 6144000,
      "kind": 6
    },
    {
      "name": "stress.0.contacts.moment_error",
      "shape": [
        750,
        1024
      ],
      "dtype": "torch.float64",
      "bytes": 6144000,
      "kind": 6
    },
    {
      "name": "stress.0.contacts.candidate_count",
      "shape": [
        750,
        1024
      ],
      "dtype": "torch.int32",
      "bytes": 3072000,
      "kind": 6
    },
    {
      "name": "stress.0.contacts.evaluations",
      "shape": [
        750,
        1024
      ],
      "dtype": "torch.int32",
      "bytes": 3072000,
      "kind": 6
    },
    {
      "name": "stress.0.contacts.active_pairs",
      "shape": [
        768000,
        2
      ],
      "dtype": "torch.int32",
      "bytes": 6144000,
      "kind": 6
    },
    {
      "name": "stress.0.contacts.active_count",
      "shape": [],
      "dtype": "torch.int32",
      "bytes": 4,
      "kind": 6
    },
    {
      "name": "stress.0.contacts.frame_position",
      "shape": [
        1024,
        3
      ],
      "dtype": "torch.float64",
      "bytes": 24576,
      "kind": 6
    },
    {
      "name": "stress.0.contacts.frame_quaternion",
      "shape": [
        1024,
        4
      ],
      "dtype": "torch.float64",
      "bytes": 32768,
      "kind": 6
    },
    {
      "name": "stress.0.scatter.tasks",
      "shape": [
        32768,
        2
      ],
      "dtype": "torch.int32",
      "bytes": 262144,
      "kind": 6
    },
    {
      "name": "stress.0.scatter.count",
      "shape": [],
      "dtype": "torch.int64",
      "bytes": 8,
      "kind": 6
    },
    {
      "name": "stress.0.scatter.wrench",
      "shape": [
        32768,
        6
      ],
      "dtype": "torch.float64",
      "bytes": 1572864,
      "kind": 6
    },
    {
      "name": "stress.0.scatter.overflow_calls",
      "shape": [],
      "dtype": "torch.int64",
      "bytes": 8,
      "kind": 6
    },
    {
      "name": "stress.0.omega",
      "shape": [
        1024,
        3
      ],
      "dtype": "torch.float64",
      "bytes": 24576,
      "kind": 6
    }
  ],
  "native_buffer_bytes": 401335573,
  "native_allocation_count": 103,
  "torch_peak_allocated_bytes": 3831808,
  "saved_reset_state_bytes": 1327104,
  "device_free_bytes": 98091663360
}
