timestamp,uuid,used_MiB,total_MiB,utilization_percent,power_W
2026/10/10 22:25:54.620,GPU-deec06d9-69c0-a4df-e1da-1c42f2a60220,0,97887,0,58.29
2026/10/10 22:25:55.146,GPU-deec06d9-69c0-a4df-e1da-1c42f2a60220,0,97887,0,58.29
2026/10/10 22:25:55.674,GPU-deec06d9-69c0-a4df-e1da-1c42f2a60220,0,97887,0,58.30
2026/10/10 22:25:56.200,GPU-deec06d9-69c0-a4df-e1da-1c42f2a60220,0,97887,0,58.30
2026/10/10 22:25:56.726,GPU-deec06d9-69c0-a4df-e1da-1c42f2a60220,0,97887,0,58.02
2026/10/10 22:25:57.252,GPU-deec06d9-69c0-a4df-e1da-1c42f2a60220,0,97887,0,58.02
2026/10/10 22:25:57.790,GPU-deec06d9-69c0-a4df-e1da-1c42f2a60220,0,97887,0,57.99
2026/10/10 22:25:58.316,GPU-deec06d9-69c0-a4df-e1da-1c42f2a60220,0,97887,0,57.99
2026/10/10 22:25:58.841,GPU-deec06d9-69c0-a4df-e1da-1c42f2a60220,0,97887,0,57.80
2026/10/10 22:25:59.368,GPU-deec06d9-69c0-a4df-e1da-1c42f2a60220,0,97887,0,57.80
2026/10/10 22:25:59.894,GPU-deec06d9-69c0-a4df-e1da-1c42f2a60220,0,97887,0,57.54
2026/10/10 22:26:00.420,GPU-deec06d9-69c0-a4df-e1da-1c42f2a60220,0,97887,0,57.54
2026/10/10 22:26:00.947,GPU-deec06d9-69c0-a4df-e1da-1c42f2a60220,0,97887,0,58.22
2026/10/10 22:26:01.473,GPU-deec06d9-69c0-a4df-e1da-1c42f2a60220,0,97887,0,58.22
2026/10/10 22:26:01.999,GPU-deec06d9-69c0-a4df-e1da-1c42f2a60220,0,97887,0,58.22
2026/10/10 22:26:02.524,GPU-deec06d9-69c0-a4df-e1da-1c42f2a60220,0,97887,0,58.22
2026/10/10 22:26:03.049,GPU-deec06d9-69c0-a4df-e1da-1c42f2a60220,0,97887,0,58.72
2026/10/10 22:26:03.575,GPU-deec06d9-69c0-a4df-e1da-1c42f2a60220,0,97887,0,58.29
2026/10/10 22:26:04.101,GPU-deec06d9-69c0-a4df-e1da-1c42f2a60220,0,97887,0,58.29
2026/10/10 22:26:04.626,GPU-deec06d9-69c0-a4df-e1da-1c42f2a60220,863,97887,0,68.97
2026/10/10 22:26:05.153,GPU-deec06d9-69c0-a4df-e1da-1c42f2a60220,863,97887,0,72.13
2026/10/10 22:26:05.678,GPU-deec06d9-69c0-a4df-e1da-1c42f2a60220,865,97887,0,78.13
2026/10/10 22:26:06.204,GPU-deec06d9-69c0-a4df-e1da-1c42f2a60220,1089,97887,0,77.97
2026/10/10 22:26:06.732,GPU-deec06d9-69c0-a4df-e1da-1c42f2a60220,3873,97887,1,81.81
2026/10/10 22:26:07.280,GPU-deec06d9-69c0-a4df-e1da-1c42f2a60220,3861,97887,0,81.64
2026/10/10 22:26:07.812,GPU-deec06d9-69c0-a4df-e1da-1c42f2a60220,3861,97887,0,77.82
2026/10/10 22:26:08.339,GPU-deec06d9-69c0-a4df-e1da-1c42f2a60220,3861,97887,0,77.96
2026/10/10 22:26:08.865,GPU-deec06d9-69c0-a4df-e1da-1c42f2a60220,3993,97887,0,78.06
2026/10/10 22:26:09.393,GPU-deec06d9-69c0-a4df-e1da-1c42f2a60220,3993,97887,0,77.97
2026/10/10 22:26:09.919,GPU-deec06d9-69c0-a4df-e1da-1c42f2a60220,3993,97887,0,78.02
2026/10/10 22:26:10.446,GPU-deec06d9-69c0-a4df-e1da-1c42f2a60220,5071,97887,0,78.19
2026/10/10 22:26:10.972,GPU-deec06d9-69c0-a4df-e1da-1c42f2a60220,44605,97887,12,93.61
2026/10/10 22:26:11.499,GPU-deec06d9-69c0-a4df-e1da-1c42f2a60220,44605,97887,0,94.52
2026/10/10 22:26:12.026,GPU-deec06d9-69c0-a4df-e1da-1c42f2a60220,44605,97887,0,78.20
2026/10/10 22:26:12.554,GPU-deec06d9-69c0-a4df-e1da-1c42f2a60220,44605,97887,0,78.26
2026/10/10 22:26:13.080,GPU-deec06d9-69c0-a4df-e1da-1c42f2a60220,44605,97887,100,83.85
2026/10/10 22:26:13.606,GPU-deec06d9-69c0-a4df-e1da-1c42f2a60220,44605,97887,100,90.11
2026/10/10 22:26:14.143,GPU-deec06d9-69c0-a4df-e1da-1c42f2a60220,44605,97887,100,90.41
2026/10/10 22:26:14.670,GPU-deec06d9-69c0-a4df-e1da-1c42f2a60220,44605,97887,100,90.47
2026/10/10 22:26:15.195,GPU-deec06d9-69c0-a4df-e1da-1c42f2a60220,44605,97887,100,90.68
2026/10/10 22:26:15.721,GPU-deec06d9-69c0-a4df-e1da-1c42f2a60220,44605,97887,100,90.73
2026/10/10 22:26:16.246,GPU-deec06d9-69c0-a4df-e1da-1c42f2a60220,44605,97887,100,90.81
2026/10/10 22:26:16.779,GPU-deec06d9-69c0-a4df-e1da-1c42f2a60220,44605,97887,100,90.71
2026/10/10 22:26:17.305,GPU-deec06d9-69c0-a4df-e1da-1c42f2a60220,44605,97887,100,90.72
2026/10/10 22:26:17.832,GPU-deec06d9-69c0-a4df-e1da-1c42f2a60220,44605,97887,100,90.91
2026/10/10 22:26:18.363,GPU-deec06d9-69c0-a4df-e1da-1c42f2a60220,44605,97887,100,90.85
2026/10/10 22:26:18.888,GPU-deec06d9-69c0-a4df-e1da-1c42f2a60220,44605,97887,100,90.75
2026/10/10 22:26:19.413,GPU-deec06d9-69c0-a4df-e1da-1c42f2a60220,44605,97887,100,90.75
2026/10/10 22:26:19.939,GPU-deec06d9-69c0-a4df-e1da-1c42f2a60220,44605,97887,100,90.69
2026/10/10 22:26:20.464,GPU-deec06d9-69c0-a4df-e1da-1c42f2a60220,44605,97887,100,90.79
2026/10/10 22:26:20.990,GPU-deec06d9-69c0-a4df-e1da-1c42f2a60220,44605,97887,100,90.88
2026/10/10 22:26:21.517,GPU-deec06d9-69c0-a4df-e1da-1c42f2a60220,44605,97887,100,90.71
2026/10/10 22:26:22.043,GPU-deec06d9-69c0-a4df-e1da-1c42f2a60220,44605,97887,100,90.84
2026/10/10 22:26:22.573,GPU-deec06d9-69c0-a4df-e1da-1c42f2a60220,44605,97887,100,91.01
2026/10/10 22:26:23.098,GPU-deec06d9-69c0-a4df-e1da-1c42f2a60220,44605,97887,100,90.97
2026/10/10 22:26:23.624,GPU-deec06d9-69c0-a4df-e1da-1c42f2a60220,44605,97887,100,90.90
2026/10/10 22:26:24.150,GPU-deec06d9-69c0-a4df-e1da-1c42f2a60220,44605,97887,100,90.84
2026/10/10 22:26:24.678,GPU-deec06d9-69c0-a4df-e1da-1c42f2a60220,44605,97887,100,90.77
2026/10/10 22:26:25.204,GPU-deec06d9-69c0-a4df-e1da-1c42f2a60220,44605,97887,100,90.79
2026/10/10 22:26:25.732,GPU-deec06d9-69c0-a4df-e1da-1c42f2a60220,44605,97887,100,90.86
2026/10/10 22:26:26.258,GPU-deec06d9-69c0-a4df-e1da-1c42f2a60220,44829,97887,34,88.65
2026/10/10 22:26:26.787,GPU-deec06d9-69c0-a4df-e1da-1c42f2a60220,44701,97887,1,81.05
2026/10/10 22:26:27.315,GPU-deec06d9-69c0-a4df-e1da-1c42f2a60220,54975,97887,0,80.43
2026/10/10 22:26:27.843,GPU-deec06d9-69c0-a4df-e1da-1c42f2a60220,54975,97887,0,80.23
2026/10/10 22:26:28.370,GPU-deec06d9-69c0-a4df-e1da-1c42f2a60220,54975,97887,0,78.40
2026/10/10 22:26:28.898,GPU-deec06d9-69c0-a4df-e1da-1c42f2a60220,55039,97887,4,90.86
2026/10/10 22:26:29.426,GPU-deec06d9-69c0-a4df-e1da-1c42f2a60220,55039,97887,0,89.77
2026/10/10 22:26:29.954,GPU-deec06d9-69c0-a4df-e1da-1c42f2a60220,55039,97887,1,78.55
2026/10/10 22:26:30.482,GPU-deec06d9-69c0-a4df-e1da-1c42f2a60220,55039,97887,0,78.20
2026/10/10 22:26:31.011,GPU-deec06d9-69c0-a4df-e1da-1c42f2a60220,55039,97887,0,78.16
2026/10/10 22:26:31.539,GPU-deec06d9-69c0-a4df-e1da-1c42f2a60220,55039,97887,0,78.16
2026/10/10 22:26:32.068,GPU-deec06d9-69c0-a4df-e1da-1c42f2a60220,55039,97887,0,77.02
2026/10/10 22:26:32.597,GPU-deec06d9-69c0-a4df-e1da-1c42f2a60220,55039,97887,3,86.68
2026/10/10 22:26:33.124,GPU-deec06d9-69c0-a4df-e1da-1c42f2a60220,55039,97887,0,91.33
2026/10/10 22:26:33.651,GPU-deec06d9-69c0-a4df-e1da-1c42f2a60220,55039,97887,0,88.84
2026/10/10 22:26:34.179,GPU-deec06d9-69c0-a4df-e1da-1c42f2a60220,55039,97887,0,88.84
2026/10/10 22:26:34.705,GPU-deec06d9-69c0-a4df-e1da-1c42f2a60220,55039,97887,0,77.02
2026/10/10 22:26:35.236,GPU-deec06d9-69c0-a4df-e1da-1c42f2a60220,55039,97887,0,77.02
2026/10/10 22:26:35.765,GPU-deec06d9-69c0-a4df-e1da-1c42f2a60220,55039,97887,0,76.83
2026/10/10 22:26:36.291,GPU-deec06d9-69c0-a4df-e1da-1c42f2a60220,55039,97887,0,76.83
2026/10/10 22:26:36.818,GPU-deec06d9-69c0-a4df-e1da-1c42f2a60220,55039,97887,0,76.83
2026/10/10 22:26:37.345,GPU-deec06d9-69c0-a4df-e1da-1c42f2a60220,55039,97887,0,76.83
2026/10/10 22:26:37.872,GPU-deec06d9-69c0-a4df-e1da-1c42f2a60220,55039,97887,0,77.13
2026/10/10 22:26:38.399,GPU-deec06d9-69c0-a4df-e1da-1c42f2a60220,55039,97887,0,77.43
2026/10/10 22:26:38.926,GPU-deec06d9-69c0-a4df-e1da-1c42f2a60220,55039,97887,0,77.43
2026/10/10 22:26:39.453,GPU-deec06d9-69c0-a4df-e1da-1c42f2a60220,55039,97887,0,77.18
2026/10/10 22:26:39.979,GPU-deec06d9-69c0-a4df-e1da-1c42f2a60220,55039,97887,0,77.18
2026/10/10 22:26:40.506,GPU-deec06d9-69c0-a4df-e1da-1c42f2a60220,55039,97887,0,77.15
2026/10/10 22:26:41.032,GPU-deec06d9-69c0-a4df-e1da-1c42f2a60220,55039,97887,0,77.15
2026/10/10 22:26:41.558,GPU-deec06d9-69c0-a4df-e1da-1c42f2a60220,55039,97887,0,77.41
2026/10/10 22:26:42.090,GPU-deec06d9-69c0-a4df-e1da-1c42f2a60220,55039,97887,0,77.41
2026/10/10 22:26:42.618,GPU-deec06d9-69c0-a4df-e1da-1c42f2a60220,55039,97887,0,76.93
2026/10/10 22:26:43.146,GPU-deec06d9-69c0-a4df-e1da-1c42f2a60220,55039,97887,0,76.93
2026/10/10 22:26:43.674,GPU-deec06d9-69c0-a4df-e1da-1c42f2a60220,55039,97887,0,76.93
2026/10/10 22:26:44.202,GPU-deec06d9-69c0-a4df-e1da-1c42f2a60220,55039,97887,0,76.93
2026/10/10 22:26:44.729,GPU-deec06d9-69c0-a4df-e1da-1c42f2a60220,55039,97887,0,76.93
2026/10/10 22:26:45.259,GPU-deec06d9-69c0-a4df-e1da-1c42f2a60220,55039,97887,0,76.93
2026/10/10 22:26:45.788,GPU-deec06d9-69c0-a4df-e1da-1c42f2a60220,55039,97887,0,76.90
2026/10/10 22:26:46.319,GPU-deec06d9-69c0-a4df-e1da-1c42f2a60220,55039,97887,0,76.90
2026/10/10 22:26:46.848,GPU-deec06d9-69c0-a4df-e1da-1c42f2a60220,55039,97887,0,78.38
2026/10/10 22:26:47.378,GPU-deec06d9-69c0-a4df-e1da-1c42f2a60220,55039,97887,0,78.38
2026/10/10 22:26:47.907,GPU-deec06d9-69c0-a4df-e1da-1c42f2a60220,55039,97887,0,78.40
2026/10/10 22:26:48.435,GPU-deec06d9-69c0-a4df-e1da-1c42f2a60220,55039,97887,0,77.38
2026/10/10 22:26:48.962,GPU-deec06d9-69c0-a4df-e1da-1c42f2a60220,55039,97887,0,77.38
2026/10/10 22:26:49.490,GPU-deec06d9-69c0-a4df-e1da-1c42f2a60220,55039,97887,0,77.41
2026/10/10 22:26:50.018,GPU-deec06d9-69c0-a4df-e1da-1c42f2a60220,55039,97887,0,77.41
2026/10/10 22:26:50.545,GPU-deec06d9-69c0-a4df-e1da-1c42f2a60220,55039,97887,0,76.88
2026/10/10 22:26:51.072,GPU-deec06d9-69c0-a4df-e1da-1c42f2a60220,55039,97887,0,76.88
2026/10/10 22:26:51.601,GPU-deec06d9-69c0-a4df-e1da-1c42f2a60220,55039,97887,0,76.64
2026/10/10 22:26:52.129,GPU-deec06d9-69c0-a4df-e1da-1c42f2a60220,55039,97887,0,76.64
2026/10/10 22:26:52.658,GPU-deec06d9-69c0-a4df-e1da-1c42f2a60220,55039,97887,0,76.93
2026/10/10 22:26:53.189,GPU-deec06d9-69c0-a4df-e1da-1c42f2a60220,55039,97887,0,76.93
2026/10/10 22:26:53.721,GPU-deec06d9-69c0-a4df-e1da-1c42f2a60220,55039,97887,0,77.41
2026/10/10 22:26:54.255,GPU-deec06d9-69c0-a4df-e1da-1c42f2a60220,55039,97887,0,77.41
2026/10/10 22:26:54.785,GPU-deec06d9-69c0-a4df-e1da-1c42f2a60220,55039,97887,0,77.43
2026/10/10 22:26:55.314,GPU-deec06d9-69c0-a4df-e1da-1c42f2a60220,55039,97887,0,77.43
2026/10/10 22:26:55.841,GPU-deec06d9-69c0-a4df-e1da-1c42f2a60220,55039,97887,0,78.94
2026/10/10 22:26:56.368,GPU-deec06d9-69c0-a4df-e1da-1c42f2a60220,55039,97887,0,78.94
2026/10/10 22:26:56.895,GPU-deec06d9-69c0-a4df-e1da-1c42f2a60220,55359,97887,0,77.29
2026/10/10 22:26:57.421,GPU-deec06d9-69c0-a4df-e1da-1c42f2a60220,55359,97887,0,77.96
2026/10/10 22:26:57.947,GPU-deec06d9-69c0-a4df-e1da-1c42f2a60220,55359,97887,0,78.15
2026/10/10 22:26:58.472,GPU-deec06d9-69c0-a4df-e1da-1c42f2a60220,55359,97887,0,78.15
2026/10/10 22:26:58.999,GPU-deec06d9-69c0-a4df-e1da-1c42f2a60220,55359,97887,0,76.98
2026/10/10 22:26:59.527,GPU-deec06d9-69c0-a4df-e1da-1c42f2a60220,55359,97887,0,76.98
2026/10/10 22:27:00.054,GPU-deec06d9-69c0-a4df-e1da-1c42f2a60220,55359,97887,0,77.47
2026/10/10 22:27:00.580,GPU-deec06d9-69c0-a4df-e1da-1c42f2a60220,55359,97887,0,77.47
2026/10/10 22:27:01.107,GPU-deec06d9-69c0-a4df-e1da-1c42f2a60220,55359,97887,0,77.46
2026/10/10 22:27:01.633,GPU-deec06d9-69c0-a4df-e1da-1c42f2a60220,55359,97887,0,77.46
2026/10/10 22:27:02.160,GPU-deec06d9-69c0-a4df-e1da-1c42f2a60220,55359,97887,0,96.65
2026/10/10 22:27:02.686,GPU-deec06d9-69c0-a4df-e1da-1c42f2a60220,55359,97887,0,91.26
2026/10/10 22:27:03.218,GPU-deec06d9-69c0-a4df-e1da-1c42f2a60220,55359,97887,0,90.52
2026/10/10 22:27:03.745,GPU-deec06d9-69c0-a4df-e1da-1c42f2a60220,55359,97887,0,77.51
2026/10/10 22:27:04.274,GPU-deec06d9-69c0-a4df-e1da-1c42f2a60220,55359,97887,0,77.51
2026/10/10 22:27:04.799,GPU-deec06d9-69c0-a4df-e1da-1c42f2a60220,55359,97887,0,77.20
2026/10/10 22:27:05.325,GPU-deec06d9-69c0-a4df-e1da-1c42f2a60220,55359,97887,0,77.20
2026/10/10 22:27:05.853,GPU-deec06d9-69c0-a4df-e1da-1c42f2a60220,55359,97887,0,76.97
2026/10/10 22:27:06.379,GPU-deec06d9-69c0-a4df-e1da-1c42f2a60220,55359,97887,0,76.97
2026/10/10 22:27:06.910,GPU-deec06d9-69c0-a4df-e1da-1c42f2a60220,55359,97887,0,77.47
2026/10/10 22:27:07.437,GPU-deec06d9-69c0-a4df-e1da-1c42f2a60220,55359,97887,0,77.47
2026/10/10 22:27:07.965,GPU-deec06d9-69c0-a4df-e1da-1c42f2a60220,55359,97887,0,76.97
2026/10/10 22:27:08.493,GPU-deec06d9-69c0-a4df-e1da-1c42f2a60220,55359,97887,0,76.97
2026/10/10 22:27:09.022,GPU-deec06d9-69c0-a4df-e1da-1c42f2a60220,55359,97887,0,76.95
2026/10/10 22:27:09.548,GPU-deec06d9-69c0-a4df-e1da-1c42f2a60220,55359,97887,0,76.95
2026/10/10 22:27:10.075,GPU-deec06d9-69c0-a4df-e1da-1c42f2a60220,55359,97887,0,77.47
2026/10/10 22:27:10.605,GPU-deec06d9-69c0-a4df-e1da-1c42f2a60220,55359,97887,0,77.47
2026/10/10 22:27:11.132,GPU-deec06d9-69c0-a4df-e1da-1c42f2a60220,55359,97887,0,77.69
2026/10/10 22:27:11.688,GPU-deec06d9-69c0-a4df-e1da-1c42f2a60220,55359,97887,0,77.69
2026/10/10 22:27:12.216,GPU-deec06d9-69c0-a4df-e1da-1c42f2a60220,55359,97887,0,77.96
2026/10/10 22:27:12.746,GPU-deec06d9-69c0-a4df-e1da-1c42f2a60220,55361,97887,0,80.96
2026/10/10 22:27:13.275,GPU-deec06d9-69c0-a4df-e1da-1c42f2a60220,55361,97887,0,80.22
2026/10/10 22:27:13.804,GPU-deec06d9-69c0-a4df-e1da-1c42f2a60220,55361,97887,0,78.38
2026/10/10 22:27:14.334,GPU-deec06d9-69c0-a4df-e1da-1c42f2a60220,55361,97887,0,78.38
2026/10/10 22:27:14.865,GPU-deec06d9-69c0-a4df-e1da-1c42f2a60220,55361,97887,0,77.11
2026/10/10 22:27:15.396,GPU-deec06d9-69c0-a4df-e1da-1c42f2a60220,55361,97887,0,77.11
2026/10/10 22:27:15.926,GPU-deec06d9-69c0-a4df-e1da-1c42f2a60220,55361,97887,0,77.96
2026/10/10 22:27:16.453,GPU-deec06d9-69c0-a4df-e1da-1c42f2a60220,55361,97887,0,77.96
2026/10/10 22:27:16.980,GPU-deec06d9-69c0-a4df-e1da-1c42f2a60220,55361,97887,0,76.98
2026/10/10 22:27:17.506,GPU-deec06d9-69c0-a4df-e1da-1c42f2a60220,55361,97887,0,76.98
2026/10/10 22:27:18.033,GPU-deec06d9-69c0-a4df-e1da-1c42f2a60220,55363,97887,0,78.28
2026/10/10 22:27:18.562,GPU-deec06d9-69c0-a4df-e1da-1c42f2a60220,55363,97887,0,78.33
2026/10/10 22:27:19.089,GPU-deec06d9-69c0-a4df-e1da-1c42f2a60220,55363,97887,0,78.32
2026/10/10 22:27:19.616,GPU-deec06d9-69c0-a4df-e1da-1c42f2a60220,55363,97887,0,78.32
2026/10/10 22:27:20.142,GPU-deec06d9-69c0-a4df-e1da-1c42f2a60220,55363,97887,0,78.99
2026/10/10 22:27:20.668,GPU-deec06d9-69c0-a4df-e1da-1c42f2a60220,55363,97887,0,89.28
2026/10/10 22:27:21.194,GPU-deec06d9-69c0-a4df-e1da-1c42f2a60220,55363,97887,0,93.15
2026/10/10 22:27:21.721,GPU-deec06d9-69c0-a4df-e1da-1c42f2a60220,55363,97887,0,78.59
2026/10/10 22:27:22.249,GPU-deec06d9-69c0-a4df-e1da-1c42f2a60220,55363,97887,0,78.56
2026/10/10 22:27:22.787,GPU-deec06d9-69c0-a4df-e1da-1c42f2a60220,55363,97887,0,78.55
2026/10/10 22:27:23.314,GPU-deec06d9-69c0-a4df-e1da-1c42f2a60220,58181,97887,0,78.90
2026/10/10 22:27:23.840,GPU-deec06d9-69c0-a4df-e1da-1c42f2a60220,58181,97887,0,78.99
2026/10/10 22:27:24.366,GPU-deec06d9-69c0-a4df-e1da-1c42f2a60220,58181,97887,0,78.50
2026/10/10 22:27:24.893,GPU-deec06d9-69c0-a4df-e1da-1c42f2a60220,58443,97887,3,87.34
2026/10/10 22:27:25.420,GPU-deec06d9-69c0-a4df-e1da-1c42f2a60220,58443,97887,0,85.93
2026/10/10 22:27:25.947,GPU-deec06d9-69c0-a4df-e1da-1c42f2a60220,58443,97887,0,78.73
2026/10/10 22:27:26.475,GPU-deec06d9-69c0-a4df-e1da-1c42f2a60220,58443,97887,0,78.73
2026/10/10 22:27:27.005,GPU-deec06d9-69c0-a4df-e1da-1c42f2a60220,58443,97887,40,86.46
2026/10/10 22:27:27.533,GPU-deec06d9-69c0-a4df-e1da-1c42f2a60220,58443,97887,6,84.09
2026/10/10 22:27:28.060,GPU-deec06d9-69c0-a4df-e1da-1c42f2a60220,58443,97887,4,79.26
2026/10/10 22:27:28.588,GPU-deec06d9-69c0-a4df-e1da-1c42f2a60220,58443,97887,5,79.09
2026/10/10 22:27:29.115,GPU-deec06d9-69c0-a4df-e1da-1c42f2a60220,58443,97887,99,134.07
2026/10/10 22:27:29.642,GPU-deec06d9-69c0-a4df-e1da-1c42f2a60220,58443,97887,98,230.77
2026/10/10 22:27:30.168,GPU-deec06d9-69c0-a4df-e1da-1c42f2a60220,58443,97887,6,170.88
2026/10/10 22:27:30.696,GPU-deec06d9-69c0-a4df-e1da-1c42f2a60220,58443,97887,6,84.33
2026/10/10 22:27:31.224,GPU-deec06d9-69c0-a4df-e1da-1c42f2a60220,58443,97887,5,79.10
2026/10/10 22:27:31.750,GPU-deec06d9-69c0-a4df-e1da-1c42f2a60220,58443,97887,7,79.41
2026/10/10 22:27:32.291,GPU-deec06d9-69c0-a4df-e1da-1c42f2a60220,58443,97887,98,145.79
2026/10/10 22:27:32.819,GPU-deec06d9-69c0-a4df-e1da-1c42f2a60220,58443,97887,99,253.65
2026/10/10 22:27:33.346,GPU-deec06d9-69c0-a4df-e1da-1c42f2a60220,58443,97887,6,177.82
2026/10/10 22:27:33.875,GPU-deec06d9-69c0-a4df-e1da-1c42f2a60220,58443,97887,7,102.23
2026/10/10 22:27:34.401,GPU-deec06d9-69c0-a4df-e1da-1c42f2a60220,58443,97887,4,79.20
2026/10/10 22:27:34.927,GPU-deec06d9-69c0-a4df-e1da-1c42f2a60220,58443,97887,1,79.15
2026/10/10 22:27:35.454,GPU-deec06d9-69c0-a4df-e1da-1c42f2a60220,58443,97887,85,123.82
2026/10/10 22:27:35.984,GPU-deec06d9-69c0-a4df-e1da-1c42f2a60220,58443,97887,99,181.77
2026/10/10 22:27:36.511,GPU-deec06d9-69c0-a4df-e1da-1c42f2a60220,58443,97887,6,185.87
2026/10/10 22:27:37.038,GPU-deec06d9-69c0-a4df-e1da-1c42f2a60220,58443,97887,7,100.47
2026/10/10 22:27:37.567,GPU-deec06d9-69c0-a4df-e1da-1c42f2a60220,58443,97887,5,79.62
2026/10/10 22:27:38.094,GPU-deec06d9-69c0-a4df-e1da-1c42f2a60220,58443,97887,6,79.41
2026/10/10 22:27:38.621,GPU-deec06d9-69c0-a4df-e1da-1c42f2a60220,58443,97887,99,106.85
2026/10/10 22:27:39.149,GPU-deec06d9-69c0-a4df-e1da-1c42f2a60220,58443,97887,99,194.86
2026/10/10 22:27:39.681,GPU-deec06d9-69c0-a4df-e1da-1c42f2a60220,58443,97887,6,213.35
2026/10/10 22:27:40.209,GPU-deec06d9-69c0-a4df-e1da-1c42f2a60220,58443,97887,6,145.98
2026/10/10 22:27:40.737,GPU-deec06d9-69c0-a4df-e1da-1c42f2a60220,58443,97887,5,80.27
2026/10/10 22:27:41.263,GPU-deec06d9-69c0-a4df-e1da-1c42f2a60220,58443,97887,7,80.02
2026/10/10 22:27:41.793,GPU-deec06d9-69c0-a4df-e1da-1c42f2a60220,58443,97887,98,122.55
2026/10/10 22:27:42.337,GPU-deec06d9-69c0-a4df-e1da-1c42f2a60220,58443,97887,99,201.82
2026/10/10 22:27:42.867,GPU-deec06d9-69c0-a4df-e1da-1c42f2a60220,58443,97887,7,184.96
2026/10/10 22:27:43.393,GPU-deec06d9-69c0-a4df-e1da-1c42f2a60220,58443,97887,7,119.86
2026/10/10 22:27:43.920,GPU-deec06d9-69c0-a4df-e1da-1c42f2a60220,58443,97887,3,79.68
2026/10/10 22:27:44.448,GPU-deec06d9-69c0-a4df-e1da-1c42f2a60220,58443,97887,2,79.51
2026/10/10 22:27:44.976,GPU-deec06d9-69c0-a4df-e1da-1c42f2a60220,58443,97887,99,147.90
2026/10/10 22:27:45.504,GPU-deec06d9-69c0-a4df-e1da-1c42f2a60220,58443,97887,99,218.34
2026/10/10 22:27:46.031,GPU-deec06d9-69c0-a4df-e1da-1c42f2a60220,58443,97887,6,168.41
2026/10/10 22:27:46.557,GPU-deec06d9-69c0-a4df-e1da-1c42f2a60220,58443,97887,6,81.04
2026/10/10 22:27:47.082,GPU-deec06d9-69c0-a4df-e1da-1c42f2a60220,58443,97887,0,79.91
2026/10/10 22:27:47.608,GPU-deec06d9-69c0-a4df-e1da-1c42f2a60220,58443,97887,5,79.67
2026/10/10 22:27:48.136,GPU-deec06d9-69c0-a4df-e1da-1c42f2a60220,58443,97887,96,95.65
2026/10/10 22:27:48.664,GPU-deec06d9-69c0-a4df-e1da-1c42f2a60220,58443,97887,99,171.66
2026/10/10 22:27:49.190,GPU-deec06d9-69c0-a4df-e1da-1c42f2a60220,58443,97887,6,225.74
2026/10/10 22:27:49.718,GPU-deec06d9-69c0-a4df-e1da-1c42f2a60220,58443,97887,4,151.84
2026/10/10 22:27:50.245,GPU-deec06d9-69c0-a4df-e1da-1c42f2a60220,58443,97887,0,80.23
2026/10/10 22:27:50.773,GPU-deec06d9-69c0-a4df-e1da-1c42f2a60220,58443,97887,7,80.08
2026/10/10 22:27:51.301,GPU-deec06d9-69c0-a4df-e1da-1c42f2a60220,58443,97887,3,79.63
2026/10/10 22:27:51.828,GPU-deec06d9-69c0-a4df-e1da-1c42f2a60220,58443,97887,99,177.90
2026/10/10 22:27:52.355,GPU-deec06d9-69c0-a4df-e1da-1c42f2a60220,58443,97887,6,236.88
2026/10/10 22:27:52.881,GPU-deec06d9-69c0-a4df-e1da-1c42f2a60220,58443,97887,5,130.40
2026/10/10 22:27:53.408,GPU-deec06d9-69c0-a4df-e1da-1c42f2a60220,58443,97887,0,79.81
2026/10/10 22:27:53.941,GPU-deec06d9-69c0-a4df-e1da-1c42f2a60220,58443,97887,6,79.65
2026/10/10 22:27:54.472,GPU-deec06d9-69c0-a4df-e1da-1c42f2a60220,58443,97887,5,89.26
2026/10/10 22:27:55.009,GPU-deec06d9-69c0-a4df-e1da-1c42f2a60220,58443,97887,99,179.65
2026/10/10 22:27:55.587,GPU-deec06d9-69c0-a4df-e1da-1c42f2a60220,58443,97887,6,211.46
2026/10/10 22:27:56.140,GPU-deec06d9-69c0-a4df-e1da-1c42f2a60220,58443,97887,7,107.64
2026/10/10 22:27:56.672,GPU-deec06d9-69c0-a4df-e1da-1c42f2a60220,58443,97887,2,79.66
2026/10/10 22:27:57.202,GPU-deec06d9-69c0-a4df-e1da-1c42f2a60220,58443,97887,5,79.57
2026/10/10 22:27:57.734,GPU-deec06d9-69c0-a4df-e1da-1c42f2a60220,58443,97887,5,127.54
2026/10/10 22:27:58.269,GPU-deec06d9-69c0-a4df-e1da-1c42f2a60220,58443,97887,99,211.91
2026/10/10 22:27:58.800,GPU-deec06d9-69c0-a4df-e1da-1c42f2a60220,58443,97887,6,221.71
2026/10/10 22:27:59.336,GPU-deec06d9-69c0-a4df-e1da-1c42f2a60220,58443,97887,6,103.43
2026/10/10 22:27:59.869,GPU-deec06d9-69c0-a4df-e1da-1c42f2a60220,58443,97887,0,79.92
2026/10/10 22:28:00.399,GPU-deec06d9-69c0-a4df-e1da-1c42f2a60220,58443,97887,6,79.71
2026/10/10 22:28:00.929,GPU-deec06d9-69c0-a4df-e1da-1c42f2a60220,58443,97887,2,98.99
2026/10/10 22:28:01.463,GPU-deec06d9-69c0-a4df-e1da-1c42f2a60220,58443,97887,99,212.17
2026/10/10 22:28:01.993,GPU-deec06d9-69c0-a4df-e1da-1c42f2a60220,58443,97887,6,239.95
2026/10/10 22:28:02.524,GPU-deec06d9-69c0-a4df-e1da-1c42f2a60220,58443,97887,4,144.33
2026/10/10 22:28:03.055,GPU-deec06d9-69c0-a4df-e1da-1c42f2a60220,58443,97887,0,79.90
2026/10/10 22:28:03.585,GPU-deec06d9-69c0-a4df-e1da-1c42f2a60220,58443,97887,7,79.57
2026/10/10 22:28:04.114,GPU-deec06d9-69c0-a4df-e1da-1c42f2a60220,58443,97887,0,103.00
2026/10/10 22:28:04.644,GPU-deec06d9-69c0-a4df-e1da-1c42f2a60220,58443,97887,99,190.28
2026/10/10 22:28:05.175,GPU-deec06d9-69c0-a4df-e1da-1c42f2a60220,58443,97887,6,209.28
2026/10/10 22:28:05.706,GPU-deec06d9-69c0-a4df-e1da-1c42f2a60220,58443,97887,7,144.04
2026/10/10 22:28:06.238,GPU-deec06d9-69c0-a4df-e1da-1c42f2a60220,58443,97887,3,80.06
2026/10/10 22:28:06.767,GPU-deec06d9-69c0-a4df-e1da-1c42f2a60220,58443,97887,6,79.51
2026/10/10 22:28:07.299,GPU-deec06d9-69c0-a4df-e1da-1c42f2a60220,58443,97887,1,79.29
2026/10/10 22:28:07.830,GPU-deec06d9-69c0-a4df-e1da-1c42f2a60220,58443,97887,99,124.82
2026/10/10 22:28:08.363,GPU-deec06d9-69c0-a4df-e1da-1c42f2a60220,58443,97887,99,206.82
2026/10/10 22:28:08.894,GPU-deec06d9-69c0-a4df-e1da-1c42f2a60220,58443,97887,31,215.85
2026/10/10 22:28:09.425,GPU-deec06d9-69c0-a4df-e1da-1c42f2a60220,58443,97887,6,135.07
2026/10/10 22:28:09.959,GPU-deec06d9-69c0-a4df-e1da-1c42f2a60220,58443,97887,2,79.85
2026/10/10 22:28:10.500,GPU-deec06d9-69c0-a4df-e1da-1c42f2a60220,58443,97887,6,80.44
2026/10/10 22:28:11.036,GPU-deec06d9-69c0-a4df-e1da-1c42f2a60220,58443,97887,47,88.95
2026/10/10 22:28:11.569,GPU-deec06d9-69c0-a4df-e1da-1c42f2a60220,58443,97887,99,186.43
2026/10/10 22:28:12.102,GPU-deec06d9-69c0-a4df-e1da-1c42f2a60220,58443,97887,99,248.34
2026/10/10 22:28:12.635,GPU-deec06d9-69c0-a4df-e1da-1c42f2a60220,58443,97887,7,180.97
2026/10/10 22:28:13.168,GPU-deec06d9-69c0-a4df-e1da-1c42f2a60220,58443,97887,7,96.29
2026/10/10 22:28:13.701,GPU-deec06d9-69c0-a4df-e1da-1c42f2a60220,58443,97887,5,80.04
2026/10/10 22:28:14.231,GPU-deec06d9-69c0-a4df-e1da-1c42f2a60220,58443,97887,0,79.71
2026/10/10 22:28:14.764,GPU-deec06d9-69c0-a4df-e1da-1c42f2a60220,58443,97887,99,121.57
2026/10/10 22:28:15.305,GPU-deec06d9-69c0-a4df-e1da-1c42f2a60220,58443,97887,99,205.16
2026/10/10 22:28:15.839,GPU-deec06d9-69c0-a4df-e1da-1c42f2a60220,58443,97887,99,247.21
2026/10/10 22:28:16.373,GPU-deec06d9-69c0-a4df-e1da-1c42f2a60220,58443,97887,7,155.53
2026/10/10 22:28:16.905,GPU-deec06d9-69c0-a4df-e1da-1c42f2a60220,58443,97887,6,81.53
2026/10/10 22:28:17.437,GPU-deec06d9-69c0-a4df-e1da-1c42f2a60220,58443,97887,5,80.09
2026/10/10 22:28:17.969,GPU-deec06d9-69c0-a4df-e1da-1c42f2a60220,58443,97887,7,79.75
2026/10/10 22:28:18.502,GPU-deec06d9-69c0-a4df-e1da-1c42f2a60220,58443,97887,99,127.71
2026/10/10 22:28:19.033,GPU-deec06d9-69c0-a4df-e1da-1c42f2a60220,58443,97887,100,210.11
2026/10/10 22:28:19.566,GPU-deec06d9-69c0-a4df-e1da-1c42f2a60220,58443,97887,78,225.32
2026/10/10 22:28:20.099,GPU-deec06d9-69c0-a4df-e1da-1c42f2a60220,58443,97887,7,153.76
2026/10/10 22:28:20.631,GPU-deec06d9-69c0-a4df-e1da-1c42f2a60220,58443,97887,5,85.78
2026/10/10 22:28:21.164,GPU-deec06d9-69c0-a4df-e1da-1c42f2a60220,58443,97887,6,79.93
2026/10/10 22:28:21.695,GPU-deec06d9-69c0-a4df-e1da-1c42f2a60220,58443,97887,4,79.68
2026/10/10 22:28:22.229,GPU-deec06d9-69c0-a4df-e1da-1c42f2a60220,58443,97887,100,145.12
2026/10/10 22:28:22.765,GPU-deec06d9-69c0-a4df-e1da-1c42f2a60220,58443,97887,99,232.45
2026/10/10 22:28:23.296,GPU-deec06d9-69c0-a4df-e1da-1c42f2a60220,58443,97887,82,211.16
2026/10/10 22:28:23.828,GPU-deec06d9-69c0-a4df-e1da-1c42f2a60220,58443,97887,5,141.24
2026/10/10 22:28:24.360,GPU-deec06d9-69c0-a4df-e1da-1c42f2a60220,58443,97887,1,80.32
2026/10/10 22:28:24.891,GPU-deec06d9-69c0-a4df-e1da-1c42f2a60220,58443,97887,5,80.15
2026/10/10 22:28:25.427,GPU-deec06d9-69c0-a4df-e1da-1c42f2a60220,58443,97887,2,79.76
2026/10/10 22:28:25.962,GPU-deec06d9-69c0-a4df-e1da-1c42f2a60220,58443,97887,100,173.93
2026/10/10 22:28:26.494,GPU-deec06d9-69c0-a4df-e1da-1c42f2a60220,58443,97887,99,233.32
2026/10/10 22:28:27.032,GPU-deec06d9-69c0-a4df-e1da-1c42f2a60220,58443,97887,6,211.36
2026/10/10 22:28:27.567,GPU-deec06d9-69c0-a4df-e1da-1c42f2a60220,58443,97887,7,127.41
2026/10/10 22:28:28.104,GPU-deec06d9-69c0-a4df-e1da-1c42f2a60220,58443,97887,3,80.17
2026/10/10 22:28:28.637,GPU-deec06d9-69c0-a4df-e1da-1c42f2a60220,58443,97887,6,79.87
2026/10/10 22:28:29.171,GPU-deec06d9-69c0-a4df-e1da-1c42f2a60220,58443,97887,3,79.85
2026/10/10 22:28:29.702,GPU-deec06d9-69c0-a4df-e1da-1c42f2a60220,58443,97887,99,124.73
2026/10/10 22:28:30.234,GPU-deec06d9-69c0-a4df-e1da-1c42f2a60220,58443,97887,99,199.34
2026/10/10 22:28:30.771,GPU-deec06d9-69c0-a4df-e1da-1c42f2a60220,58443,97887,98,245.58
2026/10/10 22:28:31.309,GPU-deec06d9-69c0-a4df-e1da-1c42f2a60220,58443,97887,6,164.62
2026/10/10 22:28:31.841,GPU-deec06d9-69c0-a4df-e1da-1c42f2a60220,58443,97887,6,81.48
2026/10/10 22:28:32.374,GPU-deec06d9-69c0-a4df-e1da-1c42f2a60220,58443,97887,5,79.92
2026/10/10 22:28:32.905,GPU-deec06d9-69c0-a4df-e1da-1c42f2a60220,58443,97887,0,79.70
2026/10/10 22:28:33.439,GPU-deec06d9-69c0-a4df-e1da-1c42f2a60220,58443,97887,99,119.61
2026/10/10 22:28:33.973,GPU-deec06d9-69c0-a4df-e1da-1c42f2a60220,58443,97887,99,226.27
2026/10/10 22:28:34.509,GPU-deec06d9-69c0-a4df-e1da-1c42f2a60220,58443,97887,98,247.18
2026/10/10 22:28:35.042,GPU-deec06d9-69c0-a4df-e1da-1c42f2a60220,58443,97887,7,164.06
2026/10/10 22:28:35.575,GPU-deec06d9-69c0-a4df-e1da-1c42f2a60220,58443,97887,4,80.43
2026/10/10 22:28:36.107,GPU-deec06d9-69c0-a4df-e1da-1c42f2a60220,58443,97887,7,80.19
2026/10/10 22:28:36.641,GPU-deec06d9-69c0-a4df-e1da-1c42f2a60220,58443,97887,7,79.97
2026/10/10 22:28:37.175,GPU-deec06d9-69c0-a4df-e1da-1c42f2a60220,58443,97887,98,152.52
2026/10/10 22:28:37.709,GPU-deec06d9-69c0-a4df-e1da-1c42f2a60220,58443,97887,100,242.85
2026/10/10 22:28:38.247,GPU-deec06d9-69c0-a4df-e1da-1c42f2a60220,58443,97887,93,245.58
2026/10/10 22:28:38.777,GPU-deec06d9-69c0-a4df-e1da-1c42f2a60220,58443,97887,5,155.67
2026/10/10 22:28:39.307,GPU-deec06d9-69c0-a4df-e1da-1c42f2a60220,58443,97887,5,80.38
2026/10/10 22:28:39.840,GPU-deec06d9-69c0-a4df-e1da-1c42f2a60220,58443,97887,5,80.37
2026/10/10 22:28:40.392,GPU-deec06d9-69c0-a4df-e1da-1c42f2a60220,58443,97887,0,80.00
2026/10/10 22:28:40.933,GPU-deec06d9-69c0-a4df-e1da-1c42f2a60220,58443,97887,99,161.70
2026/10/10 22:28:41.464,GPU-deec06d9-69c0-a4df-e1da-1c42f2a60220,58443,97887,100,249.57
2026/10/10 22:28:41.992,GPU-deec06d9-69c0-a4df-e1da-1c42f2a60220,58443,97887,6,217.45
2026/10/10 22:28:42.520,GPU-deec06d9-69c0-a4df-e1da-1c42f2a60220,58443,97887,7,132.59
2026/10/10 22:28:43.048,GPU-deec06d9-69c0-a4df-e1da-1c42f2a60220,58443,97887,3,80.62
2026/10/10 22:28:43.576,GPU-deec06d9-69c0-a4df-e1da-1c42f2a60220,58443,97887,5,80.05
2026/10/10 22:28:44.104,GPU-deec06d9-69c0-a4df-e1da-1c42f2a60220,58443,97887,4,79.89
2026/10/10 22:28:44.633,GPU-deec06d9-69c0-a4df-e1da-1c42f2a60220,58443,97887,99,150.94
2026/10/10 22:28:45.159,GPU-deec06d9-69c0-a4df-e1da-1c42f2a60220,58443,97887,99,225.79
2026/10/10 22:28:45.688,GPU-deec06d9-69c0-a4df-e1da-1c42f2a60220,58443,97887,50,218.90
2026/10/10 22:28:46.216,GPU-deec06d9-69c0-a4df-e1da-1c42f2a60220,58443,97887,4,134.31
2026/10/10 22:28:46.747,GPU-deec06d9-69c0-a4df-e1da-1c42f2a60220,58443,97887,4,80.55
2026/10/10 22:28:47.283,GPU-deec06d9-69c0-a4df-e1da-1c42f2a60220,58443,97887,6,80.08
2026/10/10 22:28:47.812,GPU-deec06d9-69c0-a4df-e1da-1c42f2a60220,58443,97887,0,80.17
2026/10/10 22:28:48.341,GPU-deec06d9-69c0-a4df-e1da-1c42f2a60220,58443,97887,99,155.74
2026/10/10 22:28:48.878,GPU-deec06d9-69c0-a4df-e1da-1c42f2a60220,58443,97887,99,256.07
2026/10/10 22:28:49.407,GPU-deec06d9-69c0-a4df-e1da-1c42f2a60220,58443,97887,37,232.49
2026/10/10 22:28:49.936,GPU-deec06d9-69c0-a4df-e1da-1c42f2a60220,58443,97887,7,161.79
2026/10/10 22:28:50.463,GPU-deec06d9-69c0-a4df-e1da-1c42f2a60220,58443,97887,4,80.87
2026/10/10 22:28:50.992,GPU-deec06d9-69c0-a4df-e1da-1c42f2a60220,58443,97887,6,80.17
2026/10/10 22:28:51.521,GPU-deec06d9-69c0-a4df-e1da-1c42f2a60220,58443,97887,6,79.98
2026/10/10 22:28:52.050,GPU-deec06d9-69c0-a4df-e1da-1c42f2a60220,58443,97887,100,153.92
2026/10/10 22:28:52.584,GPU-deec06d9-69c0-a4df-e1da-1c42f2a60220,58443,97887,100,246.52
2026/10/10 22:28:53.112,GPU-deec06d9-69c0-a4df-e1da-1c42f2a60220,58443,97887,99,234.07
2026/10/10 22:28:53.640,GPU-deec06d9-69c0-a4df-e1da-1c42f2a60220,58443,97887,7,167.96
2026/10/10 22:28:54.168,GPU-deec06d9-69c0-a4df-e1da-1c42f2a60220,58443,97887,7,80.59
2026/10/10 22:28:54.695,GPU-deec06d9-69c0-a4df-e1da-1c42f2a60220,58443,97887,5,80.10
2026/10/10 22:28:55.224,GPU-deec06d9-69c0-a4df-e1da-1c42f2a60220,58443,97887,2,79.90
2026/10/10 22:28:55.753,GPU-deec06d9-69c0-a4df-e1da-1c42f2a60220,58443,97887,99,159.08
2026/10/10 22:28:56.295,GPU-deec06d9-69c0-a4df-e1da-1c42f2a60220,58443,97887,99,260.56
2026/10/10 22:28:56.823,GPU-deec06d9-69c0-a4df-e1da-1c42f2a60220,58443,97887,44,237.82
2026/10/10 22:28:57.351,GPU-deec06d9-69c0-a4df-e1da-1c42f2a60220,58443,97887,7,164.86
2026/10/10 22:28:57.879,GPU-deec06d9-69c0-a4df-e1da-1c42f2a60220,58443,97887,5,80.86
2026/10/10 22:28:58.411,GPU-deec06d9-69c0-a4df-e1da-1c42f2a60220,58443,97887,5,80.02
2026/10/10 22:28:58.940,GPU-deec06d9-69c0-a4df-e1da-1c42f2a60220,58443,97887,5,80.07
2026/10/10 22:28:59.470,GPU-deec06d9-69c0-a4df-e1da-1c42f2a60220,58443,97887,50,89.16
2026/10/10 22:28:59.997,GPU-deec06d9-69c0-a4df-e1da-1c42f2a60220,58443,97887,99,195.66
2026/10/10 22:29:00.529,GPU-deec06d9-69c0-a4df-e1da-1c42f2a60220,58443,97887,99,252.63
2026/10/10 22:29:01.058,GPU-deec06d9-69c0-a4df-e1da-1c42f2a60220,58443,97887,6,216.69
2026/10/10 22:29:01.586,GPU-deec06d9-69c0-a4df-e1da-1c42f2a60220,58443,97887,5,120.01
2026/10/10 22:29:02.114,GPU-deec06d9-69c0-a4df-e1da-1c42f2a60220,58443,97887,0,80.57
2026/10/10 22:29:02.642,GPU-deec06d9-69c0-a4df-e1da-1c42f2a60220,58443,97887,6,80.62
2026/10/10 22:29:03.169,GPU-deec06d9-69c0-a4df-e1da-1c42f2a60220,58443,97887,7,80.24
2026/10/10 22:29:03.699,GPU-deec06d9-69c0-a4df-e1da-1c42f2a60220,58443,97887,99,155.83
2026/10/10 22:29:04.228,GPU-deec06d9-69c0-a4df-e1da-1c42f2a60220,58443,97887,99,243.60
2026/10/10 22:29:04.756,GPU-deec06d9-69c0-a4df-e1da-1c42f2a60220,58443,97887,99,268.21
2026/10/10 22:29:05.284,GPU-deec06d9-69c0-a4df-e1da-1c42f2a60220,58443,97887,7,172.11
2026/10/10 22:29:05.813,GPU-deec06d9-69c0-a4df-e1da-1c42f2a60220,58443,97887,4,80.46
2026/10/10 22:29:06.342,GPU-deec06d9-69c0-a4df-e1da-1c42f2a60220,58443,97887,7,80.38
2026/10/10 22:29:06.870,GPU-deec06d9-69c0-a4df-e1da-1c42f2a60220,58443,97887,6,80.31
2026/10/10 22:29:07.399,GPU-deec06d9-69c0-a4df-e1da-1c42f2a60220,58443,97887,99,163.70
2026/10/10 22:29:07.929,GPU-deec06d9-69c0-a4df-e1da-1c42f2a60220,58443,97887,100,230.78
2026/10/10 22:29:08.459,GPU-deec06d9-69c0-a4df-e1da-1c42f2a60220,58443,97887,99,260.95
2026/10/10 22:29:08.986,GPU-deec06d9-69c0-a4df-e1da-1c42f2a60220,58443,97887,7,177.75
2026/10/10 22:29:09.514,GPU-deec06d9-69c0-a4df-e1da-1c42f2a60220,58443,97887,6,82.07
2026/10/10 22:29:10.042,GPU-deec06d9-69c0-a4df-e1da-1c42f2a60220,58443,97887,5,80.39
2026/10/10 22:29:10.583,GPU-deec06d9-69c0-a4df-e1da-1c42f2a60220,58443,97887,0,80.63
2026/10/10 22:29:11.123,GPU-deec06d9-69c0-a4df-e1da-1c42f2a60220,58443,97887,99,159.93
2026/10/10 22:29:11.653,GPU-deec06d9-69c0-a4df-e1da-1c42f2a60220,58443,97887,99,227.56
2026/10/10 22:29:12.183,GPU-deec06d9-69c0-a4df-e1da-1c42f2a60220,58443,97887,100,235.82
2026/10/10 22:29:12.710,GPU-deec06d9-69c0-a4df-e1da-1c42f2a60220,58443,97887,7,172.12
2026/10/10 22:29:13.237,GPU-deec06d9-69c0-a4df-e1da-1c42f2a60220,58443,97887,4,97.76
2026/10/10 22:29:13.765,GPU-deec06d9-69c0-a4df-e1da-1c42f2a60220,58443,97887,6,80.23
2026/10/10 22:29:14.292,GPU-deec06d9-69c0-a4df-e1da-1c42f2a60220,58443,97887,5,80.10
2026/10/10 22:29:14.823,GPU-deec06d9-69c0-a4df-e1da-1c42f2a60220,58443,97887,100,148.96
2026/10/10 22:29:15.351,GPU-deec06d9-69c0-a4df-e1da-1c42f2a60220,58443,97887,99,245.13
2026/10/10 22:29:15.880,GPU-deec06d9-69c0-a4df-e1da-1c42f2a60220,58443,97887,99,249.00
2026/10/10 22:29:16.410,GPU-deec06d9-69c0-a4df-e1da-1c42f2a60220,58443,97887,6,174.37
2026/10/10 22:29:16.952,GPU-deec06d9-69c0-a4df-e1da-1c42f2a60220,58443,97887,7,102.24
2026/10/10 22:29:17.478,GPU-deec06d9-69c0-a4df-e1da-1c42f2a60220,58443,97887,7,80.54
2026/10/10 22:29:18.007,GPU-deec06d9-69c0-a4df-e1da-1c42f2a60220,58443,97887,7,80.16
2026/10/10 22:29:18.535,GPU-deec06d9-69c0-a4df-e1da-1c42f2a60220,58443,97887,100,137.16
2026/10/10 22:29:19.063,GPU-deec06d9-69c0-a4df-e1da-1c42f2a60220,58443,97887,99,223.80
2026/10/10 22:29:19.607,GPU-deec06d9-69c0-a4df-e1da-1c42f2a60220,58443,97887,99,246.85
2026/10/10 22:29:20.134,GPU-deec06d9-69c0-a4df-e1da-1c42f2a60220,58443,97887,7,169.83
2026/10/10 22:29:20.662,GPU-deec06d9-69c0-a4df-e1da-1c42f2a60220,58443,97887,7,96.76
2026/10/10 22:29:21.189,GPU-deec06d9-69c0-a4df-e1da-1c42f2a60220,58443,97887,4,80.37
2026/10/10 22:29:21.718,GPU-deec06d9-69c0-a4df-e1da-1c42f2a60220,58443,97887,0,80.29
2026/10/10 22:29:22.245,GPU-deec06d9-69c0-a4df-e1da-1c42f2a60220,58443,97887,99,138.13
2026/10/10 22:29:22.780,GPU-deec06d9-69c0-a4df-e1da-1c42f2a60220,58443,97887,100,221.93
2026/10/10 22:29:23.308,GPU-deec06d9-69c0-a4df-e1da-1c42f2a60220,58443,97887,99,246.38
2026/10/10 22:29:23.838,GPU-deec06d9-69c0-a4df-e1da-1c42f2a60220,58443,97887,7,180.63
2026/10/10 22:29:24.365,GPU-deec06d9-69c0-a4df-e1da-1c42f2a60220,58443,97887,7,102.53
2026/10/10 22:29:24.893,GPU-deec06d9-69c0-a4df-e1da-1c42f2a60220,58443,97887,5,80.48
2026/10/10 22:29:25.428,GPU-deec06d9-69c0-a4df-e1da-1c42f2a60220,58443,97887,1,80.12
2026/10/10 22:29:25.962,GPU-deec06d9-69c0-a4df-e1da-1c42f2a60220,58443,97887,100,127.44
2026/10/10 22:29:26.488,GPU-deec06d9-69c0-a4df-e1da-1c42f2a60220,58443,97887,100,210.98
2026/10/10 22:29:27.016,GPU-deec06d9-69c0-a4df-e1da-1c42f2a60220,58443,97887,99,249.68
2026/10/10 22:29:27.546,GPU-deec06d9-69c0-a4df-e1da-1c42f2a60220,58443,97887,6,209.76
2026/10/10 22:29:28.075,GPU-deec06d9-69c0-a4df-e1da-1c42f2a60220,58443,97887,7,129.64
2026/10/10 22:29:28.603,GPU-deec06d9-69c0-a4df-e1da-1c42f2a60220,58443,97887,0,80.67
2026/10/10 22:29:29.131,GPU-deec06d9-69c0-a4df-e1da-1c42f2a60220,58443,97887,6,80.42
2026/10/10 22:29:29.659,GPU-deec06d9-69c0-a4df-e1da-1c42f2a60220,58443,97887,45,90.69
2026/10/10 22:29:30.187,GPU-deec06d9-69c0-a4df-e1da-1c42f2a60220,58443,97887,100,163.37
2026/10/10 22:29:30.719,GPU-deec06d9-69c0-a4df-e1da-1c42f2a60220,58443,97887,99,238.15
2026/10/10 22:29:31.250,GPU-deec06d9-69c0-a4df-e1da-1c42f2a60220,58443,97887,38,232.86
2026/10/10 22:29:31.777,GPU-deec06d9-69c0-a4df-e1da-1c42f2a60220,58443,97887,7,157.03
2026/10/10 22:29:32.306,GPU-deec06d9-69c0-a4df-e1da-1c42f2a60220,58443,97887,5,80.96
2026/10/10 22:29:32.833,GPU-deec06d9-69c0-a4df-e1da-1c42f2a60220,58443,97887,6,80.66
2026/10/10 22:29:33.362,GPU-deec06d9-69c0-a4df-e1da-1c42f2a60220,58443,97887,5,80.61
2026/10/10 22:29:33.890,GPU-deec06d9-69c0-a4df-e1da-1c42f2a60220,58443,97887,99,133.76
2026/10/10 22:29:34.418,GPU-deec06d9-69c0-a4df-e1da-1c42f2a60220,58443,97887,99,239.86
2026/10/10 22:29:34.952,GPU-deec06d9-69c0-a4df-e1da-1c42f2a60220,58443,97887,100,248.46
2026/10/10 22:29:35.481,GPU-deec06d9-69c0-a4df-e1da-1c42f2a60220,58443,97887,7,174.72
2026/10/10 22:29:36.008,GPU-deec06d9-69c0-a4df-e1da-1c42f2a60220,58443,97887,7,98.90
2026/10/10 22:29:36.535,GPU-deec06d9-69c0-a4df-e1da-1c42f2a60220,58443,97887,6,80.52
2026/10/10 22:29:37.063,GPU-deec06d9-69c0-a4df-e1da-1c42f2a60220,58443,97887,3,80.52
2026/10/10 22:29:37.590,GPU-deec06d9-69c0-a4df-e1da-1c42f2a60220,58443,97887,99,130.72
2026/10/10 22:29:38.119,GPU-deec06d9-69c0-a4df-e1da-1c42f2a60220,58443,97887,100,227.30
2026/10/10 22:29:38.648,GPU-deec06d9-69c0-a4df-e1da-1c42f2a60220,58443,97887,100,247.50
2026/10/10 22:29:39.175,GPU-deec06d9-69c0-a4df-e1da-1c42f2a60220,58443,97887,6,204.34
2026/10/10 22:29:39.702,GPU-deec06d9-69c0-a4df-e1da-1c42f2a60220,58443,97887,7,118.62
2026/10/10 22:29:40.232,GPU-deec06d9-69c0-a4df-e1da-1c42f2a60220,58443,97887,0,80.56
2026/10/10 22:29:40.762,GPU-deec06d9-69c0-a4df-e1da-1c42f2a60220,58443,97887,4,80.84
2026/10/10 22:29:41.310,GPU-deec06d9-69c0-a4df-e1da-1c42f2a60220,58443,97887,0,80.86
2026/10/10 22:29:41.838,GPU-deec06d9-69c0-a4df-e1da-1c42f2a60220,58443,97887,100,130.63
2026/10/10 22:29:42.372,GPU-deec06d9-69c0-a4df-e1da-1c42f2a60220,58443,97887,99,214.45
2026/10/10 22:29:42.905,GPU-deec06d9-69c0-a4df-e1da-1c42f2a60220,58443,97887,99,249.81
2026/10/10 22:29:43.434,GPU-deec06d9-69c0-a4df-e1da-1c42f2a60220,58443,97887,7,198.13
2026/10/10 22:29:43.962,GPU-deec06d9-69c0-a4df-e1da-1c42f2a60220,58443,97887,6,131.82
2026/10/10 22:29:44.492,GPU-deec06d9-69c0-a4df-e1da-1c42f2a60220,58443,97887,3,80.63
2026/10/10 22:29:45.019,GPU-deec06d9-69c0-a4df-e1da-1c42f2a60220,58443,97887,5,80.31
2026/10/10 22:29:45.547,GPU-deec06d9-69c0-a4df-e1da-1c42f2a60220,58443,97887,61,114.78
2026/10/10 22:29:46.075,GPU-deec06d9-69c0-a4df-e1da-1c42f2a60220,58443,97887,99,182.83
2026/10/10 22:29:46.604,GPU-deec06d9-69c0-a4df-e1da-1c42f2a60220,58443,97887,99,249.06
2026/10/10 22:29:47.131,GPU-deec06d9-69c0-a4df-e1da-1c42f2a60220,58443,97887,50,224.18
2026/10/10 22:29:47.659,GPU-deec06d9-69c0-a4df-e1da-1c42f2a60220,58443,97887,5,148.35
2026/10/10 22:29:48.187,GPU-deec06d9-69c0-a4df-e1da-1c42f2a60220,58443,97887,5,81.06
2026/10/10 22:29:48.715,GPU-deec06d9-69c0-a4df-e1da-1c42f2a60220,58443,97887,7,80.65
2026/10/10 22:29:49.242,GPU-deec06d9-69c0-a4df-e1da-1c42f2a60220,58443,97887,0,80.53
2026/10/10 22:29:49.770,GPU-deec06d9-69c0-a4df-e1da-1c42f2a60220,58443,97887,99,167.26
2026/10/10 22:29:50.300,GPU-deec06d9-69c0-a4df-e1da-1c42f2a60220,58443,97887,100,249.61
2026/10/10 22:29:50.831,GPU-deec06d9-69c0-a4df-e1da-1c42f2a60220,58443,97887,100,247.15
2026/10/10 22:29:51.362,GPU-deec06d9-69c0-a4df-e1da-1c42f2a60220,58443,97887,7,166.13
2026/10/10 22:29:51.891,GPU-deec06d9-69c0-a4df-e1da-1c42f2a60220,58443,97887,6,100.29
2026/10/10 22:29:52.419,GPU-deec06d9-69c0-a4df-e1da-1c42f2a60220,58443,97887,4,80.75
2026/10/10 22:29:52.948,GPU-deec06d9-69c0-a4df-e1da-1c42f2a60220,58443,97887,0,80.87
2026/10/10 22:29:53.477,GPU-deec06d9-69c0-a4df-e1da-1c42f2a60220,58443,97887,100,145.12
2026/10/10 22:29:54.011,GPU-deec06d9-69c0-a4df-e1da-1c42f2a60220,58443,97887,99,225.36
2026/10/10 22:29:54.539,GPU-deec06d9-69c0-a4df-e1da-1c42f2a60220,58443,97887,99,248.51
2026/10/10 22:29:55.067,GPU-deec06d9-69c0-a4df-e1da-1c42f2a60220,58443,97887,7,198.19
2026/10/10 22:29:55.594,GPU-deec06d9-69c0-a4df-e1da-1c42f2a60220,58443,97887,7,133.48
2026/10/10 22:29:56.122,GPU-deec06d9-69c0-a4df-e1da-1c42f2a60220,58443,97887,2,81.35
2026/10/10 22:29:56.650,GPU-deec06d9-69c0-a4df-e1da-1c42f2a60220,58443,97887,2,80.82
2026/10/10 22:29:57.186,GPU-deec06d9-69c0-a4df-e1da-1c42f2a60220,58443,97887,70,112.25
2026/10/10 22:29:57.717,GPU-deec06d9-69c0-a4df-e1da-1c42f2a60220,58443,97887,99,196.92
2026/10/10 22:29:58.249,GPU-deec06d9-69c0-a4df-e1da-1c42f2a60220,58443,97887,100,251.78
2026/10/10 22:29:58.778,GPU-deec06d9-69c0-a4df-e1da-1c42f2a60220,58443,97887,66,220.97
2026/10/10 22:29:59.307,GPU-deec06d9-69c0-a4df-e1da-1c42f2a60220,58443,97887,5,147.21
2026/10/10 22:29:59.835,GPU-deec06d9-69c0-a4df-e1da-1c42f2a60220,58443,97887,1,80.82
2026/10/10 22:30:00.365,GPU-deec06d9-69c0-a4df-e1da-1c42f2a60220,58443,97887,7,80.53
2026/10/10 22:30:00.893,GPU-deec06d9-69c0-a4df-e1da-1c42f2a60220,58443,97887,5,79.93
2026/10/10 22:30:01.423,GPU-deec06d9-69c0-a4df-e1da-1c42f2a60220,58443,97887,99,140.58
2026/10/10 22:30:01.960,GPU-deec06d9-69c0-a4df-e1da-1c42f2a60220,58443,97887,100,249.32
2026/10/10 22:30:02.488,GPU-deec06d9-69c0-a4df-e1da-1c42f2a60220,58443,97887,99,253.18
2026/10/10 22:30:03.016,GPU-deec06d9-69c0-a4df-e1da-1c42f2a60220,58443,97887,6,191.75
2026/10/10 22:30:03.546,GPU-deec06d9-69c0-a4df-e1da-1c42f2a60220,58443,97887,7,94.34
2026/10/10 22:30:04.075,GPU-deec06d9-69c0-a4df-e1da-1c42f2a60220,58443,97887,4,80.64
2026/10/10 22:30:04.603,GPU-deec06d9-69c0-a4df-e1da-1c42f2a60220,58443,97887,5,80.10
2026/10/10 22:30:05.131,GPU-deec06d9-69c0-a4df-e1da-1c42f2a60220,58443,97887,1,91.73
2026/10/10 22:30:05.659,GPU-deec06d9-69c0-a4df-e1da-1c42f2a60220,58443,97887,100,179.88
2026/10/10 22:30:06.187,GPU-deec06d9-69c0-a4df-e1da-1c42f2a60220,58443,97887,99,245.97
2026/10/10 22:30:06.716,GPU-deec06d9-69c0-a4df-e1da-1c42f2a60220,58443,97887,100,238.46
2026/10/10 22:30:07.245,GPU-deec06d9-69c0-a4df-e1da-1c42f2a60220,58443,97887,6,129.69
2026/10/10 22:30:07.774,GPU-deec06d9-69c0-a4df-e1da-1c42f2a60220,58443,97887,6,80.35
2026/10/10 22:30:08.302,GPU-deec06d9-69c0-a4df-e1da-1c42f2a60220,58443,97887,7,80.35
2026/10/10 22:30:08.830,GPU-deec06d9-69c0-a4df-e1da-1c42f2a60220,58443,97887,5,80.31
2026/10/10 22:30:09.372,GPU-deec06d9-69c0-a4df-e1da-1c42f2a60220,58443,97887,99,164.31
2026/10/10 22:30:09.912,GPU-deec06d9-69c0-a4df-e1da-1c42f2a60220,58443,97887,100,247.17
2026/10/10 22:30:10.445,GPU-deec06d9-69c0-a4df-e1da-1c42f2a60220,58443,97887,98,246.79
2026/10/10 22:30:10.976,GPU-deec06d9-69c0-a4df-e1da-1c42f2a60220,58443,97887,7,167.55
2026/10/10 22:30:11.504,GPU-deec06d9-69c0-a4df-e1da-1c42f2a60220,58443,97887,7,84.15
2026/10/10 22:30:12.034,GPU-deec06d9-69c0-a4df-e1da-1c42f2a60220,58443,97887,4,80.54
2026/10/10 22:30:12.563,GPU-deec06d9-69c0-a4df-e1da-1c42f2a60220,58443,97887,1,80.19
2026/10/10 22:30:13.094,GPU-deec06d9-69c0-a4df-e1da-1c42f2a60220,58443,97887,100,129.77
2026/10/10 22:30:13.624,GPU-deec06d9-69c0-a4df-e1da-1c42f2a60220,58443,97887,99,216.54
2026/10/10 22:30:14.160,GPU-deec06d9-69c0-a4df-e1da-1c42f2a60220,58443,97887,100,248.27
2026/10/10 22:30:14.690,GPU-deec06d9-69c0-a4df-e1da-1c42f2a60220,58443,97887,6,216.26
2026/10/10 22:30:15.219,GPU-deec06d9-69c0-a4df-e1da-1c42f2a60220,58443,97887,4,130.34
2026/10/10 22:30:15.749,GPU-deec06d9-69c0-a4df-e1da-1c42f2a60220,58443,97887,0,80.64
2026/10/10 22:30:16.278,GPU-deec06d9-69c0-a4df-e1da-1c42f2a60220,58443,97887,7,80.34
2026/10/10 22:30:16.806,GPU-deec06d9-69c0-a4df-e1da-1c42f2a60220,58443,97887,0,90.77
2026/10/10 22:30:17.339,GPU-deec06d9-69c0-a4df-e1da-1c42f2a60220,58443,97887,99,174.79
2026/10/10 22:30:17.874,GPU-deec06d9-69c0-a4df-e1da-1c42f2a60220,58443,97887,100,248.32
2026/10/10 22:30:18.406,GPU-deec06d9-69c0-a4df-e1da-1c42f2a60220,58443,97887,99,254.83
2026/10/10 22:30:18.935,GPU-deec06d9-69c0-a4df-e1da-1c42f2a60220,58443,97887,6,179.56
2026/10/10 22:30:19.465,GPU-deec06d9-69c0-a4df-e1da-1c42f2a60220,58443,97887,4,81.16
2026/10/10 22:30:19.996,GPU-deec06d9-69c0-a4df-e1da-1c42f2a60220,58443,97887,7,80.64
2026/10/10 22:30:20.530,GPU-deec06d9-69c0-a4df-e1da-1c42f2a60220,58443,97887,6,80.36
2026/10/10 22:30:21.063,GPU-deec06d9-69c0-a4df-e1da-1c42f2a60220,58443,97887,99,137.64
2026/10/10 22:30:21.596,GPU-deec06d9-69c0-a4df-e1da-1c42f2a60220,58443,97887,100,220.75
2026/10/10 22:30:22.129,GPU-deec06d9-69c0-a4df-e1da-1c42f2a60220,58443,97887,99,244.16
2026/10/10 22:30:22.680,GPU-deec06d9-69c0-a4df-e1da-1c42f2a60220,58443,97887,7,210.45
2026/10/10 22:30:23.211,GPU-deec06d9-69c0-a4df-e1da-1c42f2a60220,58443,97887,7,112.16
2026/10/10 22:30:23.742,GPU-deec06d9-69c0-a4df-e1da-1c42f2a60220,58443,97887,3,80.44
2026/10/10 22:30:24.271,GPU-deec06d9-69c0-a4df-e1da-1c42f2a60220,58443,97887,2,80.34
2026/10/10 22:30:24.803,GPU-deec06d9-69c0-a4df-e1da-1c42f2a60220,58443,97887,72,114.60
2026/10/10 22:30:25.334,GPU-deec06d9-69c0-a4df-e1da-1c42f2a60220,58443,97887,100,187.91
2026/10/10 22:30:25.864,GPU-deec06d9-69c0-a4df-e1da-1c42f2a60220,58443,97887,99,242.99
2026/10/10 22:30:26.395,GPU-deec06d9-69c0-a4df-e1da-1c42f2a60220,58443,97887,100,238.29
2026/10/10 22:30:26.926,GPU-deec06d9-69c0-a4df-e1da-1c42f2a60220,58443,97887,5,158.32
2026/10/10 22:30:27.454,GPU-deec06d9-69c0-a4df-e1da-1c42f2a60220,58443,97887,1,80.92
2026/10/10 22:30:27.981,GPU-deec06d9-69c0-a4df-e1da-1c42f2a60220,58443,97887,5,80.52
2026/10/10 22:30:28.510,GPU-deec06d9-69c0-a4df-e1da-1c42f2a60220,58443,97887,2,80.64
2026/10/10 22:30:29.040,GPU-deec06d9-69c0-a4df-e1da-1c42f2a60220,58443,97887,100,160.88
2026/10/10 22:30:29.575,GPU-deec06d9-69c0-a4df-e1da-1c42f2a60220,58443,97887,99,249.83
2026/10/10 22:30:30.108,GPU-deec06d9-69c0-a4df-e1da-1c42f2a60220,58443,97887,100,259.52
2026/10/10 22:30:30.642,GPU-deec06d9-69c0-a4df-e1da-1c42f2a60220,58443,97887,6,186.35
2026/10/10 22:30:31.174,GPU-deec06d9-69c0-a4df-e1da-1c42f2a60220,58443,97887,7,85.42
2026/10/10 22:30:31.710,GPU-deec06d9-69c0-a4df-e1da-1c42f2a60220,58443,97887,0,80.49
2026/10/10 22:30:32.240,GPU-deec06d9-69c0-a4df-e1da-1c42f2a60220,58443,97887,0,79.93
2026/10/10 22:30:32.773,GPU-deec06d9-69c0-a4df-e1da-1c42f2a60220,58443,97887,7,80.21
2026/10/10 22:30:33.304,GPU-deec06d9-69c0-a4df-e1da-1c42f2a60220,58443,97887,46,90.95
2026/10/10 22:30:33.837,GPU-deec06d9-69c0-a4df-e1da-1c42f2a60220,58443,97887,100,175.31
2026/10/10 22:30:34.378,GPU-deec06d9-69c0-a4df-e1da-1c42f2a60220,58443,97887,99,248.10
2026/10/10 22:30:34.910,GPU-deec06d9-69c0-a4df-e1da-1c42f2a60220,58443,97887,100,255.93
2026/10/10 22:30:35.445,GPU-deec06d9-69c0-a4df-e1da-1c42f2a60220,58443,97887,6,179.62
2026/10/10 22:30:35.975,GPU-deec06d9-69c0-a4df-e1da-1c42f2a60220,58443,97887,7,82.09
2026/10/10 22:30:36.507,GPU-deec06d9-69c0-a4df-e1da-1c42f2a60220,58443,97887,6,80.24
2026/10/10 22:30:37.044,GPU-deec06d9-69c0-a4df-e1da-1c42f2a60220,58443,97887,5,80.26
2026/10/10 22:30:37.576,GPU-deec06d9-69c0-a4df-e1da-1c42f2a60220,58443,97887,99,134.23
2026/10/10 22:30:38.109,GPU-deec06d9-69c0-a4df-e1da-1c42f2a60220,58443,97887,100,223.65
2026/10/10 22:30:38.647,GPU-deec06d9-69c0-a4df-e1da-1c42f2a60220,58443,97887,99,256.42
2026/10/10 22:30:39.179,GPU-deec06d9-69c0-a4df-e1da-1c42f2a60220,58443,97887,6,225.85
2026/10/10 22:30:39.710,GPU-deec06d9-69c0-a4df-e1da-1c42f2a60220,58443,97887,6,145.41
2026/10/10 22:30:40.244,GPU-deec06d9-69c0-a4df-e1da-1c42f2a60220,58443,97887,4,80.79
2026/10/10 22:30:40.778,GPU-deec06d9-69c0-a4df-e1da-1c42f2a60220,58443,97887,6,81.35
2026/10/10 22:30:41.311,GPU-deec06d9-69c0-a4df-e1da-1c42f2a60220,58443,97887,0,81.13
2026/10/10 22:30:41.844,GPU-deec06d9-69c0-a4df-e1da-1c42f2a60220,58443,97887,99,155.71
2026/10/10 22:30:42.380,GPU-deec06d9-69c0-a4df-e1da-1c42f2a60220,58443,97887,100,248.49
2026/10/10 22:30:42.909,GPU-deec06d9-69c0-a4df-e1da-1c42f2a60220,58443,97887,99,248.47
2026/10/10 22:30:43.440,GPU-deec06d9-69c0-a4df-e1da-1c42f2a60220,58443,97887,6,189.93
2026/10/10 22:30:43.971,GPU-deec06d9-69c0-a4df-e1da-1c42f2a60220,58443,97887,6,104.21
2026/10/10 22:30:44.502,GPU-deec06d9-69c0-a4df-e1da-1c42f2a60220,58443,97887,5,80.50
2026/10/10 22:30:45.034,GPU-deec06d9-69c0-a4df-e1da-1c42f2a60220,58443,97887,6,79.97
2026/10/10 22:30:45.562,GPU-deec06d9-69c0-a4df-e1da-1c42f2a60220,58443,97887,100,112.56
2026/10/10 22:30:46.092,GPU-deec06d9-69c0-a4df-e1da-1c42f2a60220,58443,97887,99,208.07
2026/10/10 22:30:46.632,GPU-deec06d9-69c0-a4df-e1da-1c42f2a60220,58443,97887,99,251.37
2026/10/10 22:30:47.167,GPU-deec06d9-69c0-a4df-e1da-1c42f2a60220,58443,97887,92,232.54
2026/10/10 22:30:47.698,GPU-deec06d9-69c0-a4df-e1da-1c42f2a60220,58443,97887,4,150.18
2026/10/10 22:30:48.230,GPU-deec06d9-69c0-a4df-e1da-1c42f2a60220,58443,97887,6,80.92
2026/10/10 22:30:48.760,GPU-deec06d9-69c0-a4df-e1da-1c42f2a60220,58443,97887,4,80.58
2026/10/10 22:30:49.290,GPU-deec06d9-69c0-a4df-e1da-1c42f2a60220,58443,97887,4,80.30
2026/10/10 22:30:49.818,GPU-deec06d9-69c0-a4df-e1da-1c42f2a60220,58443,97887,99,142.29
2026/10/10 22:30:50.349,GPU-deec06d9-69c0-a4df-e1da-1c42f2a60220,58443,97887,99,221.59
2026/10/10 22:30:50.882,GPU-deec06d9-69c0-a4df-e1da-1c42f2a60220,58443,97887,99,254.07
2026/10/10 22:30:51.412,GPU-deec06d9-69c0-a4df-e1da-1c42f2a60220,58443,97887,6,204.98
2026/10/10 22:30:51.943,GPU-deec06d9-69c0-a4df-e1da-1c42f2a60220,58443,97887,6,119.25
2026/10/10 22:30:52.475,GPU-deec06d9-69c0-a4df-e1da-1c42f2a60220,58443,97887,3,80.60
2026/10/10 22:30:53.006,GPU-deec06d9-69c0-a4df-e1da-1c42f2a60220,58443,97887,5,80.33
2026/10/10 22:30:53.536,GPU-deec06d9-69c0-a4df-e1da-1c42f2a60220,58443,97887,47,91.58
2026/10/10 22:30:54.075,GPU-deec06d9-69c0-a4df-e1da-1c42f2a60220,58443,97887,100,201.93
2026/10/10 22:30:54.608,GPU-deec06d9-69c0-a4df-e1da-1c42f2a60220,58443,97887,99,257.89
2026/10/10 22:30:55.140,GPU-deec06d9-69c0-a4df-e1da-1c42f2a60220,58443,97887,98,259.20
2026/10/10 22:30:55.691,GPU-deec06d9-69c0-a4df-e1da-1c42f2a60220,58443,97887,6,167.22
2026/10/10 22:30:56.243,GPU-deec06d9-69c0-a4df-e1da-1c42f2a60220,58443,97887,6,88.31
2026/10/10 22:30:56.774,GPU-deec06d9-69c0-a4df-e1da-1c42f2a60220,58443,97887,6,80.67
2026/10/10 22:30:57.306,GPU-deec06d9-69c0-a4df-e1da-1c42f2a60220,58443,97887,7,80.48
2026/10/10 22:30:57.837,GPU-deec06d9-69c0-a4df-e1da-1c42f2a60220,58443,97887,98,146.97
2026/10/10 22:30:58.368,GPU-deec06d9-69c0-a4df-e1da-1c42f2a60220,58443,97887,100,238.92
2026/10/10 22:30:58.902,GPU-deec06d9-69c0-a4df-e1da-1c42f2a60220,58443,97887,99,249.71
2026/10/10 22:30:59.440,GPU-deec06d9-69c0-a4df-e1da-1c42f2a60220,58443,97887,6,218.21
2026/10/10 22:30:59.977,GPU-deec06d9-69c0-a4df-e1da-1c42f2a60220,58443,97887,6,106.79
2026/10/10 22:31:00.510,GPU-deec06d9-69c0-a4df-e1da-1c42f2a60220,58443,97887,2,80.78
2026/10/10 22:31:01.042,GPU-deec06d9-69c0-a4df-e1da-1c42f2a60220,58443,97887,6,80.89
2026/10/10 22:31:01.588,GPU-deec06d9-69c0-a4df-e1da-1c42f2a60220,58443,97887,14,106.38
2026/10/10 22:31:02.121,GPU-deec06d9-69c0-a4df-e1da-1c42f2a60220,58443,97887,99,194.40
2026/10/10 22:31:02.655,GPU-deec06d9-69c0-a4df-e1da-1c42f2a60220,58443,97887,100,252.44
2026/10/10 22:31:03.187,GPU-deec06d9-69c0-a4df-e1da-1c42f2a60220,58443,97887,99,256.33
2026/10/10 22:31:03.720,GPU-deec06d9-69c0-a4df-e1da-1c42f2a60220,58443,97887,6,180.81
2026/10/10 22:31:04.256,GPU-deec06d9-69c0-a4df-e1da-1c42f2a60220,58443,97887,6,105.64
2026/10/10 22:31:04.790,GPU-deec06d9-69c0-a4df-e1da-1c42f2a60220,58443,97887,5,80.71
2026/10/10 22:31:05.323,GPU-deec06d9-69c0-a4df-e1da-1c42f2a60220,58443,97887,1,80.52
2026/10/10 22:31:05.856,GPU-deec06d9-69c0-a4df-e1da-1c42f2a60220,58443,97887,99,116.83
2026/10/10 22:31:06.392,GPU-deec06d9-69c0-a4df-e1da-1c42f2a60220,58443,97887,99,228.48
2026/10/10 22:31:06.925,GPU-deec06d9-69c0-a4df-e1da-1c42f2a60220,58443,97887,99,260.17
2026/10/10 22:31:07.458,GPU-deec06d9-69c0-a4df-e1da-1c42f2a60220,58443,97887,100,245.16
2026/10/10 22:31:07.989,GPU-deec06d9-69c0-a4df-e1da-1c42f2a60220,58443,97887,6,149.77
2026/10/10 22:31:08.525,GPU-deec06d9-69c0-a4df-e1da-1c42f2a60220,58443,97887,3,80.89
2026/10/10 22:31:09.058,GPU-deec06d9-69c0-a4df-e1da-1c42f2a60220,58443,97887,5,80.89
2026/10/10 22:31:09.592,GPU-deec06d9-69c0-a4df-e1da-1c42f2a60220,58443,97887,6,80.22
2026/10/10 22:31:10.124,GPU-deec06d9-69c0-a4df-e1da-1c42f2a60220,58443,97887,99,136.16
2026/10/10 22:31:10.660,GPU-deec06d9-69c0-a4df-e1da-1c42f2a60220,58443,97887,98,216.35
2026/10/10 22:31:11.195,GPU-deec06d9-69c0-a4df-e1da-1c42f2a60220,58443,97887,100,260.39
2026/10/10 22:31:11.739,GPU-deec06d9-69c0-a4df-e1da-1c42f2a60220,58443,97887,0,190.94
2026/10/10 22:31:12.287,GPU-deec06d9-69c0-a4df-e1da-1c42f2a60220,58443,97887,0,96.08
2026/10/10 22:31:12.825,GPU-deec06d9-69c0-a4df-e1da-1c42f2a60220,58443,97887,6,110.18
2026/10/10 22:31:13.358,GPU-deec06d9-69c0-a4df-e1da-1c42f2a60220,58443,97887,6,111.11
2026/10/10 22:31:13.888,GPU-deec06d9-69c0-a4df-e1da-1c42f2a60220,58443,97887,4,80.51
2026/10/10 22:31:14.421,GPU-deec06d9-69c0-a4df-e1da-1c42f2a60220,58443,97887,5,80.31
2026/10/10 22:31:14.958,GPU-deec06d9-69c0-a4df-e1da-1c42f2a60220,58443,97887,48,92.22
2026/10/10 22:31:15.491,GPU-deec06d9-69c0-a4df-e1da-1c42f2a60220,58443,97887,97,200.62
2026/10/10 22:31:16.024,GPU-deec06d9-69c0-a4df-e1da-1c42f2a60220,58443,97887,100,258.52
2026/10/10 22:31:16.557,GPU-deec06d9-69c0-a4df-e1da-1c42f2a60220,58443,97887,97,249.57
2026/10/10 22:31:17.089,GPU-deec06d9-69c0-a4df-e1da-1c42f2a60220,58443,97887,6,187.54
2026/10/10 22:31:17.620,GPU-deec06d9-69c0-a4df-e1da-1c42f2a60220,58443,97887,6,105.97
2026/10/10 22:31:18.149,GPU-deec06d9-69c0-a4df-e1da-1c42f2a60220,58443,97887,5,80.64
2026/10/10 22:31:18.680,GPU-deec06d9-69c0-a4df-e1da-1c42f2a60220,58443,97887,5,80.53
2026/10/10 22:31:19.212,GPU-deec06d9-69c0-a4df-e1da-1c42f2a60220,58443,97887,100,128.27
2026/10/10 22:31:19.748,GPU-deec06d9-69c0-a4df-e1da-1c42f2a60220,58443,97887,97,206.78
2026/10/10 22:31:20.283,GPU-deec06d9-69c0-a4df-e1da-1c42f2a60220,58443,97887,97,245.67
2026/10/10 22:31:20.818,GPU-deec06d9-69c0-a4df-e1da-1c42f2a60220,58443,97887,100,247.87
2026/10/10 22:31:21.351,GPU-deec06d9-69c0-a4df-e1da-1c42f2a60220,58443,97887,5,158.03
2026/10/10 22:31:21.883,GPU-deec06d9-69c0-a4df-e1da-1c42f2a60220,58443,97887,6,81.25
2026/10/10 22:31:22.413,GPU-deec06d9-69c0-a4df-e1da-1c42f2a60220,58443,97887,4,80.67
2026/10/10 22:31:22.945,GPU-deec06d9-69c0-a4df-e1da-1c42f2a60220,58443,97887,6,80.51
2026/10/10 22:31:23.478,GPU-deec06d9-69c0-a4df-e1da-1c42f2a60220,58443,97887,97,138.72
2026/10/10 22:31:24.015,GPU-deec06d9-69c0-a4df-e1da-1c42f2a60220,58443,97887,100,232.45
2026/10/10 22:31:24.546,GPU-deec06d9-69c0-a4df-e1da-1c42f2a60220,58443,97887,100,264.04
2026/10/10 22:31:25.080,GPU-deec06d9-69c0-a4df-e1da-1c42f2a60220,58443,97887,60,224.99
2026/10/10 22:31:25.611,GPU-deec06d9-69c0-a4df-e1da-1c42f2a60220,58443,97887,4,115.24
2026/10/10 22:31:26.142,GPU-deec06d9-69c0-a4df-e1da-1c42f2a60220,58443,97887,0,81.41
2026/10/10 22:31:26.677,GPU-deec06d9-69c0-a4df-e1da-1c42f2a60220,58443,97887,5,80.61
2026/10/10 22:31:27.209,GPU-deec06d9-69c0-a4df-e1da-1c42f2a60220,58443,97887,1,87.25
2026/10/10 22:31:27.742,GPU-deec06d9-69c0-a4df-e1da-1c42f2a60220,58443,97887,100,182.97
2026/10/10 22:31:28.274,GPU-deec06d9-69c0-a4df-e1da-1c42f2a60220,58443,97887,97,257.02
2026/10/10 22:31:28.812,GPU-deec06d9-69c0-a4df-e1da-1c42f2a60220,58443,97887,98,243.52
2026/10/10 22:31:29.345,GPU-deec06d9-69c0-a4df-e1da-1c42f2a60220,58443,97887,6,190.71
2026/10/10 22:31:29.879,GPU-deec06d9-69c0-a4df-e1da-1c42f2a60220,58443,97887,6,113.14
2026/10/10 22:31:30.410,GPU-deec06d9-69c0-a4df-e1da-1c42f2a60220,58443,97887,3,80.70
2026/10/10 22:31:30.942,GPU-deec06d9-69c0-a4df-e1da-1c42f2a60220,58443,97887,2,80.62
2026/10/10 22:31:31.481,GPU-deec06d9-69c0-a4df-e1da-1c42f2a60220,58443,97887,52,118.00
2026/10/10 22:31:32.017,GPU-deec06d9-69c0-a4df-e1da-1c42f2a60220,58443,97887,100,211.11
2026/10/10 22:31:32.549,GPU-deec06d9-69c0-a4df-e1da-1c42f2a60220,58443,97887,97,250.36
2026/10/10 22:31:33.082,GPU-deec06d9-69c0-a4df-e1da-1c42f2a60220,58443,97887,97,263.99
2026/10/10 22:31:33.614,GPU-deec06d9-69c0-a4df-e1da-1c42f2a60220,58443,97887,7,159.50
2026/10/10 22:31:34.149,GPU-deec06d9-69c0-a4df-e1da-1c42f2a60220,58443,97887,4,81.23
2026/10/10 22:31:34.680,GPU-deec06d9-69c0-a4df-e1da-1c42f2a60220,58443,97887,0,80.62
2026/10/10 22:31:35.215,GPU-deec06d9-69c0-a4df-e1da-1c42f2a60220,58443,97887,2,79.85
2026/10/10 22:31:35.747,GPU-deec06d9-69c0-a4df-e1da-1c42f2a60220,58443,97887,3,80.27
2026/10/10 22:31:36.280,GPU-deec06d9-69c0-a4df-e1da-1c42f2a60220,58443,97887,0,88.16
2026/10/10 22:31:36.815,GPU-deec06d9-69c0-a4df-e1da-1c42f2a60220,58443,97887,100,200.42
2026/10/10 22:31:37.350,GPU-deec06d9-69c0-a4df-e1da-1c42f2a60220,58443,97887,97,258.21
2026/10/10 22:31:37.884,GPU-deec06d9-69c0-a4df-e1da-1c42f2a60220,58443,97887,100,244.42
2026/10/10 22:31:38.418,GPU-deec06d9-69c0-a4df-e1da-1c42f2a60220,58443,97887,6,178.29
2026/10/10 22:31:38.950,GPU-deec06d9-69c0-a4df-e1da-1c42f2a60220,58443,97887,6,105.12
2026/10/10 22:31:39.483,GPU-deec06d9-69c0-a4df-e1da-1c42f2a60220,58443,97887,4,80.95
2026/10/10 22:31:40.015,GPU-deec06d9-69c0-a4df-e1da-1c42f2a60220,58443,97887,0,80.43
2026/10/10 22:31:40.590,GPU-deec06d9-69c0-a4df-e1da-1c42f2a60220,58443,97887,99,119.83
2026/10/10 22:31:41.125,GPU-deec06d9-69c0-a4df-e1da-1c42f2a60220,58443,97887,100,232.69
2026/10/10 22:31:41.656,GPU-deec06d9-69c0-a4df-e1da-1c42f2a60220,58443,97887,97,261.07
2026/10/10 22:31:42.188,GPU-deec06d9-69c0-a4df-e1da-1c42f2a60220,58443,97887,6,234.01
2026/10/10 22:31:42.720,GPU-deec06d9-69c0-a4df-e1da-1c42f2a60220,58443,97887,4,142.60
2026/10/10 22:31:43.252,GPU-deec06d9-69c0-a4df-e1da-1c42f2a60220,58443,97887,4,81.26
2026/10/10 22:31:43.787,GPU-deec06d9-69c0-a4df-e1da-1c42f2a60220,58443,97887,6,81.12
2026/10/10 22:31:44.318,GPU-deec06d9-69c0-a4df-e1da-1c42f2a60220,58443,97887,0,80.65
2026/10/10 22:31:44.854,GPU-deec06d9-69c0-a4df-e1da-1c42f2a60220,58443,97887,98,166.32
2026/10/10 22:31:45.386,GPU-deec06d9-69c0-a4df-e1da-1c42f2a60220,58443,97887,100,249.14
2026/10/10 22:31:45.918,GPU-deec06d9-69c0-a4df-e1da-1c42f2a60220,58443,97887,100,256.54
2026/10/10 22:31:46.450,GPU-deec06d9-69c0-a4df-e1da-1c42f2a60220,58443,97887,6,203.86
2026/10/10 22:31:46.983,GPU-deec06d9-69c0-a4df-e1da-1c42f2a60220,58443,97887,7,105.69
2026/10/10 22:31:47.520,GPU-deec06d9-69c0-a4df-e1da-1c42f2a60220,58443,97887,6,80.79
2026/10/10 22:31:48.052,GPU-deec06d9-69c0-a4df-e1da-1c42f2a60220,58443,97887,7,80.93
2026/10/10 22:31:48.589,GPU-deec06d9-69c0-a4df-e1da-1c42f2a60220,58443,97887,100,116.29
2026/10/10 22:31:49.126,GPU-deec06d9-69c0-a4df-e1da-1c42f2a60220,58443,97887,97,208.17
2026/10/10 22:31:49.659,GPU-deec06d9-69c0-a4df-e1da-1c42f2a60220,58443,97887,99,247.39
2026/10/10 22:31:50.191,GPU-deec06d9-69c0-a4df-e1da-1c42f2a60220,58443,97887,100,258.28
2026/10/10 22:31:50.724,GPU-deec06d9-69c0-a4df-e1da-1c42f2a60220,58443,97887,5,158.44
2026/10/10 22:31:51.260,GPU-deec06d9-69c0-a4df-e1da-1c42f2a60220,58443,97887,5,81.49
2026/10/10 22:31:51.797,GPU-deec06d9-69c0-a4df-e1da-1c42f2a60220,58443,97887,5,81.13
2026/10/10 22:31:52.330,GPU-deec06d9-69c0-a4df-e1da-1c42f2a60220,58443,97887,6,80.76
2026/10/10 22:31:52.862,GPU-deec06d9-69c0-a4df-e1da-1c42f2a60220,58443,97887,100,131.37
2026/10/10 22:31:53.394,GPU-deec06d9-69c0-a4df-e1da-1c42f2a60220,58443,97887,97,214.23
2026/10/10 22:31:53.929,GPU-deec06d9-69c0-a4df-e1da-1c42f2a60220,58443,97887,100,242.72
2026/10/10 22:31:54.463,GPU-deec06d9-69c0-a4df-e1da-1c42f2a60220,58443,97887,100,236.60
2026/10/10 22:31:54.995,GPU-deec06d9-69c0-a4df-e1da-1c42f2a60220,58443,97887,5,162.40
2026/10/10 22:31:55.528,GPU-deec06d9-69c0-a4df-e1da-1c42f2a60220,58443,97887,0,81.87
2026/10/10 22:31:56.059,GPU-deec06d9-69c0-a4df-e1da-1c42f2a60220,58443,97887,5,81.89
2026/10/10 22:31:56.587,GPU-deec06d9-69c0-a4df-e1da-1c42f2a60220,58443,97887,3,80.77
2026/10/10 22:31:57.117,GPU-deec06d9-69c0-a4df-e1da-1c42f2a60220,58443,97887,100,154.63
2026/10/10 22:31:57.645,GPU-deec06d9-69c0-a4df-e1da-1c42f2a60220,58443,97887,97,255.88
2026/10/10 22:31:58.171,GPU-deec06d9-69c0-a4df-e1da-1c42f2a60220,58443,97887,100,254.52
2026/10/10 22:31:58.700,GPU-deec06d9-69c0-a4df-e1da-1c42f2a60220,58443,97887,6,213.29
2026/10/10 22:31:59.228,GPU-deec06d9-69c0-a4df-e1da-1c42f2a60220,58443,97887,6,115.93
2026/10/10 22:31:59.755,GPU-deec06d9-69c0-a4df-e1da-1c42f2a60220,58443,97887,4,81.30
2026/10/10 22:32:00.283,GPU-deec06d9-69c0-a4df-e1da-1c42f2a60220,58443,97887,5,81.14
2026/10/10 22:32:00.810,GPU-deec06d9-69c0-a4df-e1da-1c42f2a60220,58443,97887,0,80.73
2026/10/10 22:32:01.340,GPU-deec06d9-69c0-a4df-e1da-1c42f2a60220,58443,97887,100,183.31
2026/10/10 22:32:01.867,GPU-deec06d9-69c0-a4df-e1da-1c42f2a60220,58443,97887,97,255.13
2026/10/10 22:32:02.396,GPU-deec06d9-69c0-a4df-e1da-1c42f2a60220,58443,97887,97,255.67
2026/10/10 22:32:02.924,GPU-deec06d9-69c0-a4df-e1da-1c42f2a60220,58443,97887,6,213.40
2026/10/10 22:32:03.452,GPU-deec06d9-69c0-a4df-e1da-1c42f2a60220,58443,97887,6,112.82
2026/10/10 22:32:03.979,GPU-deec06d9-69c0-a4df-e1da-1c42f2a60220,58443,97887,4,81.10
2026/10/10 22:32:04.508,GPU-deec06d9-69c0-a4df-e1da-1c42f2a60220,58443,97887,5,80.70
2026/10/10 22:32:05.036,GPU-deec06d9-69c0-a4df-e1da-1c42f2a60220,58443,97887,100,117.03
2026/10/10 22:32:05.567,GPU-deec06d9-69c0-a4df-e1da-1c42f2a60220,58443,97887,98,225.88
2026/10/10 22:32:06.094,GPU-deec06d9-69c0-a4df-e1da-1c42f2a60220,58443,97887,98,256.76
2026/10/10 22:32:06.623,GPU-deec06d9-69c0-a4df-e1da-1c42f2a60220,58443,97887,100,251.96
2026/10/10 22:32:07.150,GPU-deec06d9-69c0-a4df-e1da-1c42f2a60220,58443,97887,6,128.12
2026/10/10 22:32:07.677,GPU-deec06d9-69c0-a4df-e1da-1c42f2a60220,58443,97887,7,81.24
2026/10/10 22:32:08.206,GPU-deec06d9-69c0-a4df-e1da-1c42f2a60220,58443,97887,5,80.74
2026/10/10 22:32:08.735,GPU-deec06d9-69c0-a4df-e1da-1c42f2a60220,58443,97887,0,83.01
2026/10/10 22:32:09.264,GPU-deec06d9-69c0-a4df-e1da-1c42f2a60220,58443,97887,100,173.56
2026/10/10 22:32:09.794,GPU-deec06d9-69c0-a4df-e1da-1c42f2a60220,58443,97887,97,238.57
2026/10/10 22:32:10.322,GPU-deec06d9-69c0-a4df-e1da-1c42f2a60220,58443,97887,97,257.76
2026/10/10 22:32:10.852,GPU-deec06d9-69c0-a4df-e1da-1c42f2a60220,58443,97887,6,189.18
2026/10/10 22:32:11.379,GPU-deec06d9-69c0-a4df-e1da-1c42f2a60220,58443,97887,6,110.15
2026/10/10 22:32:11.907,GPU-deec06d9-69c0-a4df-e1da-1c42f2a60220,58443,97887,3,80.76
2026/10/10 22:32:12.434,GPU-deec06d9-69c0-a4df-e1da-1c42f2a60220,58443,97887,5,80.73
2026/10/10 22:32:12.963,GPU-deec06d9-69c0-a4df-e1da-1c42f2a60220,58443,97887,97,103.64
2026/10/10 22:32:13.490,GPU-deec06d9-69c0-a4df-e1da-1c42f2a60220,58443,97887,97,194.13
2026/10/10 22:32:14.019,GPU-deec06d9-69c0-a4df-e1da-1c42f2a60220,58443,97887,100,256.79
2026/10/10 22:32:14.546,GPU-deec06d9-69c0-a4df-e1da-1c42f2a60220,58443,97887,75,240.72
2026/10/10 22:32:15.073,GPU-deec06d9-69c0-a4df-e1da-1c42f2a60220,58443,97887,7,163.04
2026/10/10 22:32:15.600,GPU-deec06d9-69c0-a4df-e1da-1c42f2a60220,58443,97887,4,85.78
2026/10/10 22:32:16.127,GPU-deec06d9-69c0-a4df-e1da-1c42f2a60220,58443,97887,6,80.85
2026/10/10 22:32:16.655,GPU-deec06d9-69c0-a4df-e1da-1c42f2a60220,58443,97887,3,80.87
2026/10/10 22:32:17.183,GPU-deec06d9-69c0-a4df-e1da-1c42f2a60220,58443,97887,98,152.17
2026/10/10 22:32:17.710,GPU-deec06d9-69c0-a4df-e1da-1c42f2a60220,58443,97887,98,239.12
2026/10/10 22:32:18.237,GPU-deec06d9-69c0-a4df-e1da-1c42f2a60220,58443,97887,100,250.62
2026/10/10 22:32:18.786,GPU-deec06d9-69c0-a4df-e1da-1c42f2a60220,58443,97887,6,224.36
2026/10/10 22:32:19.324,GPU-deec06d9-69c0-a4df-e1da-1c42f2a60220,58443,97887,4,150.65
2026/10/10 22:32:19.855,GPU-deec06d9-69c0-a4df-e1da-1c42f2a60220,58443,97887,0,80.86
2026/10/10 22:32:20.385,GPU-deec06d9-69c0-a4df-e1da-1c42f2a60220,58443,97887,7,80.72
2026/10/10 22:32:20.916,GPU-deec06d9-69c0-a4df-e1da-1c42f2a60220,58443,97887,1,91.42
2026/10/10 22:32:21.448,GPU-deec06d9-69c0-a4df-e1da-1c42f2a60220,58443,97887,97,199.12
2026/10/10 22:32:21.982,GPU-deec06d9-69c0-a4df-e1da-1c42f2a60220,58443,97887,97,258.44
2026/10/10 22:32:22.512,GPU-deec06d9-69c0-a4df-e1da-1c42f2a60220,58443,97887,100,251.73
2026/10/10 22:32:23.040,GPU-deec06d9-69c0-a4df-e1da-1c42f2a60220,58443,97887,6,190.03
2026/10/10 22:32:23.572,GPU-deec06d9-69c0-a4df-e1da-1c42f2a60220,58443,97887,7,106.56
2026/10/10 22:32:24.102,GPU-deec06d9-69c0-a4df-e1da-1c42f2a60220,58443,97887,4,80.68
2026/10/10 22:32:24.634,GPU-deec06d9-69c0-a4df-e1da-1c42f2a60220,58443,97887,0,80.51
2026/10/10 22:32:25.165,GPU-deec06d9-69c0-a4df-e1da-1c42f2a60220,58443,97887,97,127.09
2026/10/10 22:32:25.698,GPU-deec06d9-69c0-a4df-e1da-1c42f2a60220,58443,97887,100,199.18
2026/10/10 22:32:26.262,GPU-deec06d9-69c0-a4df-e1da-1c42f2a60220,58443,97887,97,253.59
2026/10/10 22:32:26.798,GPU-deec06d9-69c0-a4df-e1da-1c42f2a60220,58443,97887,28,247.97
2026/10/10 22:32:27.330,GPU-deec06d9-69c0-a4df-e1da-1c42f2a60220,58443,97887,7,162.71
2026/10/10 22:32:27.871,GPU-deec06d9-69c0-a4df-e1da-1c42f2a60220,58443,97887,4,80.96
2026/10/10 22:32:28.403,GPU-deec06d9-69c0-a4df-e1da-1c42f2a60220,58443,97887,6,80.97
2026/10/10 22:32:28.934,GPU-deec06d9-69c0-a4df-e1da-1c42f2a60220,58443,97887,2,80.66
2026/10/10 22:32:29.466,GPU-deec06d9-69c0-a4df-e1da-1c42f2a60220,58443,97887,97,146.44
2026/10/10 22:32:29.999,GPU-deec06d9-69c0-a4df-e1da-1c42f2a60220,58443,97887,100,234.85
2026/10/10 22:32:30.533,GPU-deec06d9-69c0-a4df-e1da-1c42f2a60220,58443,97887,97,252.16
2026/10/10 22:32:31.073,GPU-deec06d9-69c0-a4df-e1da-1c42f2a60220,58443,97887,21,227.81
2026/10/10 22:32:31.603,GPU-deec06d9-69c0-a4df-e1da-1c42f2a60220,58443,97887,7,150.55
2026/10/10 22:32:32.136,GPU-deec06d9-69c0-a4df-e1da-1c42f2a60220,58443,97887,4,80.87
2026/10/10 22:32:32.669,GPU-deec06d9-69c0-a4df-e1da-1c42f2a60220,58443,97887,6,81.01
2026/10/10 22:32:33.205,GPU-deec06d9-69c0-a4df-e1da-1c42f2a60220,58443,97887,0,80.63
2026/10/10 22:32:33.738,GPU-deec06d9-69c0-a4df-e1da-1c42f2a60220,58443,97887,98,160.79
2026/10/10 22:32:34.272,GPU-deec06d9-69c0-a4df-e1da-1c42f2a60220,58443,97887,98,257.61
2026/10/10 22:32:34.804,GPU-deec06d9-69c0-a4df-e1da-1c42f2a60220,58443,97887,100,262.45
2026/10/10 22:32:35.342,GPU-deec06d9-69c0-a4df-e1da-1c42f2a60220,58443,97887,6,212.81
2026/10/10 22:32:35.875,GPU-deec06d9-69c0-a4df-e1da-1c42f2a60220,58443,97887,7,106.58
2026/10/10 22:32:36.405,GPU-deec06d9-69c0-a4df-e1da-1c42f2a60220,58443,97887,6,80.58
2026/10/10 22:32:36.936,GPU-deec06d9-69c0-a4df-e1da-1c42f2a60220,58443,97887,7,80.51
2026/10/10 22:32:37.469,GPU-deec06d9-69c0-a4df-e1da-1c42f2a60220,58443,97887,97,121.50
2026/10/10 22:32:38.009,GPU-deec06d9-69c0-a4df-e1da-1c42f2a60220,58443,97887,97,212.52
2026/10/10 22:32:38.547,GPU-deec06d9-69c0-a4df-e1da-1c42f2a60220,58443,97887,100,248.75
2026/10/10 22:32:39.083,GPU-deec06d9-69c0-a4df-e1da-1c42f2a60220,58443,97887,83,230.39
2026/10/10 22:32:39.611,GPU-deec06d9-69c0-a4df-e1da-1c42f2a60220,58443,97887,4,156.77
2026/10/10 22:32:40.142,GPU-deec06d9-69c0-a4df-e1da-1c42f2a60220,58443,97887,5,80.99
2026/10/10 22:32:40.683,GPU-deec06d9-69c0-a4df-e1da-1c42f2a60220,58443,97887,6,81.21
2026/10/10 22:32:41.222,GPU-deec06d9-69c0-a4df-e1da-1c42f2a60220,58443,97887,0,80.96
2026/10/10 22:32:41.751,GPU-deec06d9-69c0-a4df-e1da-1c42f2a60220,58443,97887,97,158.35
2026/10/10 22:32:42.292,GPU-deec06d9-69c0-a4df-e1da-1c42f2a60220,58443,97887,97,264.64
2026/10/10 22:32:42.819,GPU-deec06d9-69c0-a4df-e1da-1c42f2a60220,58443,97887,100,249.63
2026/10/10 22:32:43.352,GPU-deec06d9-69c0-a4df-e1da-1c42f2a60220,58443,97887,6,197.16
2026/10/10 22:32:43.883,GPU-deec06d9-69c0-a4df-e1da-1c42f2a60220,58443,97887,6,117.37
2026/10/10 22:32:44.415,GPU-deec06d9-69c0-a4df-e1da-1c42f2a60220,58443,97887,5,80.96
2026/10/10 22:32:44.946,GPU-deec06d9-69c0-a4df-e1da-1c42f2a60220,58443,97887,5,80.96
2026/10/10 22:32:45.485,GPU-deec06d9-69c0-a4df-e1da-1c42f2a60220,58443,97887,99,128.61
2026/10/10 22:32:46.016,GPU-deec06d9-69c0-a4df-e1da-1c42f2a60220,58443,97887,98,210.44
2026/10/10 22:32:46.545,GPU-deec06d9-69c0-a4df-e1da-1c42f2a60220,58443,97887,97,249.09
2026/10/10 22:32:47.076,GPU-deec06d9-69c0-a4df-e1da-1c42f2a60220,58443,97887,100,247.01
2026/10/10 22:32:47.607,GPU-deec06d9-69c0-a4df-e1da-1c42f2a60220,58443,97887,4,163.22
2026/10/10 22:32:48.137,GPU-deec06d9-69c0-a4df-e1da-1c42f2a60220,58443,97887,6,81.18
2026/10/10 22:32:48.668,GPU-deec06d9-69c0-a4df-e1da-1c42f2a60220,58443,97887,5,80.85
2026/10/10 22:32:49.201,GPU-deec06d9-69c0-a4df-e1da-1c42f2a60220,58443,97887,1,80.55
2026/10/10 22:32:49.734,GPU-deec06d9-69c0-a4df-e1da-1c42f2a60220,58443,97887,100,158.15
2026/10/10 22:32:50.268,GPU-deec06d9-69c0-a4df-e1da-1c42f2a60220,58443,97887,98,246.77
2026/10/10 22:32:50.798,GPU-deec06d9-69c0-a4df-e1da-1c42f2a60220,58443,97887,100,250.82
2026/10/10 22:32:51.329,GPU-deec06d9-69c0-a4df-e1da-1c42f2a60220,58443,97887,6,217.02
2026/10/10 22:32:51.861,GPU-deec06d9-69c0-a4df-e1da-1c42f2a60220,58443,97887,7,121.53
2026/10/10 22:32:52.393,GPU-deec06d9-69c0-a4df-e1da-1c42f2a60220,58443,97887,4,80.65
2026/10/10 22:32:52.925,GPU-deec06d9-69c0-a4df-e1da-1c42f2a60220,58443,97887,6,80.60
2026/10/10 22:32:53.459,GPU-deec06d9-69c0-a4df-e1da-1c42f2a60220,58443,97887,100,117.59
2026/10/10 22:32:53.992,GPU-deec06d9-69c0-a4df-e1da-1c42f2a60220,58443,97887,98,204.17
2026/10/10 22:32:54.523,GPU-deec06d9-69c0-a4df-e1da-1c42f2a60220,58443,97887,97,265.46
2026/10/10 22:32:55.053,GPU-deec06d9-69c0-a4df-e1da-1c42f2a60220,58443,97887,100,257.26
2026/10/10 22:32:55.602,GPU-deec06d9-69c0-a4df-e1da-1c42f2a60220,58443,97887,6,151.43
2026/10/10 22:32:56.134,GPU-deec06d9-69c0-a4df-e1da-1c42f2a60220,58443,97887,6,82.44
2026/10/10 22:32:56.664,GPU-deec06d9-69c0-a4df-e1da-1c42f2a60220,58443,97887,0,80.65
2026/10/10 22:32:57.201,GPU-deec06d9-69c0-a4df-e1da-1c42f2a60220,58443,97887,0,79.80
2026/10/10 22:32:57.736,GPU-deec06d9-69c0-a4df-e1da-1c42f2a60220,58443,97887,5,80.23
2026/10/10 22:32:58.267,GPU-deec06d9-69c0-a4df-e1da-1c42f2a60220,58443,97887,0,80.58
2026/10/10 22:32:58.798,GPU-deec06d9-69c0-a4df-e1da-1c42f2a60220,58443,97887,98,177.85
2026/10/10 22:32:59.330,GPU-deec06d9-69c0-a4df-e1da-1c42f2a60220,58443,97887,97,256.66
2026/10/10 22:32:59.863,GPU-deec06d9-69c0-a4df-e1da-1c42f2a60220,58443,97887,100,255.06
2026/10/10 22:33:00.399,GPU-deec06d9-69c0-a4df-e1da-1c42f2a60220,58443,97887,6,187.39
2026/10/10 22:33:00.926,GPU-deec06d9-69c0-a4df-e1da-1c42f2a60220,58443,97887,7,108.74
2026/10/10 22:33:01.455,GPU-deec06d9-69c0-a4df-e1da-1c42f2a60220,58443,97887,5,81.09
2026/10/10 22:33:01.998,GPU-deec06d9-69c0-a4df-e1da-1c42f2a60220,58443,97887,0,80.74
2026/10/10 22:33:02.527,GPU-deec06d9-69c0-a4df-e1da-1c42f2a60220,58443,97887,77,115.29
2026/10/10 22:33:03.060,GPU-deec06d9-69c0-a4df-e1da-1c42f2a60220,58443,97887,100,200.54
2026/10/10 22:33:03.588,GPU-deec06d9-69c0-a4df-e1da-1c42f2a60220,58443,97887,98,238.71
2026/10/10 22:33:04.119,GPU-deec06d9-69c0-a4df-e1da-1c42f2a60220,58443,97887,95,250.95
2026/10/10 22:33:04.649,GPU-deec06d9-69c0-a4df-e1da-1c42f2a60220,58443,97887,6,179.88
2026/10/10 22:33:05.181,GPU-deec06d9-69c0-a4df-e1da-1c42f2a60220,58443,97887,6,81.13
2026/10/10 22:33:05.713,GPU-deec06d9-69c0-a4df-e1da-1c42f2a60220,58443,97887,7,80.61
2026/10/10 22:33:06.247,GPU-deec06d9-69c0-a4df-e1da-1c42f2a60220,58443,97887,7,80.60
2026/10/10 22:33:06.783,GPU-deec06d9-69c0-a4df-e1da-1c42f2a60220,58443,97887,97,157.83
2026/10/10 22:33:07.327,GPU-deec06d9-69c0-a4df-e1da-1c42f2a60220,58443,97887,100,247.95
2026/10/10 22:33:07.865,GPU-deec06d9-69c0-a4df-e1da-1c42f2a60220,58443,97887,98,245.08
2026/10/10 22:33:08.407,GPU-deec06d9-69c0-a4df-e1da-1c42f2a60220,58443,97887,6,214.19
2026/10/10 22:33:08.941,GPU-deec06d9-69c0-a4df-e1da-1c42f2a60220,58443,97887,7,139.68
2026/10/10 22:33:09.470,GPU-deec06d9-69c0-a4df-e1da-1c42f2a60220,58443,97887,2,80.96
2026/10/10 22:33:10.005,GPU-deec06d9-69c0-a4df-e1da-1c42f2a60220,58443,97887,3,80.49
2026/10/10 22:33:10.543,GPU-deec06d9-69c0-a4df-e1da-1c42f2a60220,58443,97887,18,106.32
2026/10/10 22:33:11.114,GPU-deec06d9-69c0-a4df-e1da-1c42f2a60220,58443,97887,97,200.93
2026/10/10 22:33:11.647,GPU-deec06d9-69c0-a4df-e1da-1c42f2a60220,58443,97887,100,261.73
2026/10/10 22:33:12.182,GPU-deec06d9-69c0-a4df-e1da-1c42f2a60220,58443,97887,98,248.79
2026/10/10 22:33:12.715,GPU-deec06d9-69c0-a4df-e1da-1c42f2a60220,58443,97887,6,155.53
2026/10/10 22:33:13.246,GPU-deec06d9-69c0-a4df-e1da-1c42f2a60220,58443,97887,4,82.61
2026/10/10 22:33:13.776,GPU-deec06d9-69c0-a4df-e1da-1c42f2a60220,58443,97887,6,80.81
2026/10/10 22:33:14.305,GPU-deec06d9-69c0-a4df-e1da-1c42f2a60220,58443,97887,5,80.59
2026/10/10 22:33:14.834,GPU-deec06d9-69c0-a4df-e1da-1c42f2a60220,58443,97887,98,137.77
2026/10/10 22:33:15.378,GPU-deec06d9-69c0-a4df-e1da-1c42f2a60220,58443,97887,97,233.27
2026/10/10 22:33:15.917,GPU-deec06d9-69c0-a4df-e1da-1c42f2a60220,58443,97887,100,257.26
2026/10/10 22:33:16.454,GPU-deec06d9-69c0-a4df-e1da-1c42f2a60220,58443,97887,99,270.31
2026/10/10 22:33:16.985,GPU-deec06d9-69c0-a4df-e1da-1c42f2a60220,58443,97887,99,270.48
2026/10/10 22:33:17.520,GPU-deec06d9-69c0-a4df-e1da-1c42f2a60220,58443,97887,98,263.89
2026/10/10 22:33:18.051,GPU-deec06d9-69c0-a4df-e1da-1c42f2a60220,58443,97887,98,280.08
2026/10/10 22:33:18.590,GPU-deec06d9-69c0-a4df-e1da-1c42f2a60220,58443,97887,99,258.70
2026/10/10 22:33:19.122,GPU-deec06d9-69c0-a4df-e1da-1c42f2a60220,58443,97887,99,263.73
2026/10/10 22:33:19.664,GPU-deec06d9-69c0-a4df-e1da-1c42f2a60220,58443,97887,99,264.22
2026/10/10 22:33:20.198,GPU-deec06d9-69c0-a4df-e1da-1c42f2a60220,58443,97887,99,263.56
2026/10/10 22:33:20.735,GPU-deec06d9-69c0-a4df-e1da-1c42f2a60220,58443,97887,99,265.30
2026/10/10 22:33:21.270,GPU-deec06d9-69c0-a4df-e1da-1c42f2a60220,58443,97887,99,264.94
2026/10/10 22:33:21.808,GPU-deec06d9-69c0-a4df-e1da-1c42f2a60220,58443,97887,99,265.10
2026/10/10 22:33:22.344,GPU-deec06d9-69c0-a4df-e1da-1c42f2a60220,58443,97887,99,264.60
2026/10/10 22:33:22.884,GPU-deec06d9-69c0-a4df-e1da-1c42f2a60220,58443,97887,99,275.00
2026/10/10 22:33:23.415,GPU-deec06d9-69c0-a4df-e1da-1c42f2a60220,58443,97887,99,263.59
2026/10/10 22:33:23.950,GPU-deec06d9-69c0-a4df-e1da-1c42f2a60220,58443,97887,98,262.16
2026/10/10 22:33:24.484,GPU-deec06d9-69c0-a4df-e1da-1c42f2a60220,58443,97887,99,279.11
2026/10/10 22:33:25.016,GPU-deec06d9-69c0-a4df-e1da-1c42f2a60220,58443,97887,98,279.63
2026/10/10 22:33:25.550,GPU-deec06d9-69c0-a4df-e1da-1c42f2a60220,58443,97887,99,270.57
2026/10/10 22:33:26.101,GPU-deec06d9-69c0-a4df-e1da-1c42f2a60220,58443,97887,99,289.63
2026/10/10 22:33:26.632,GPU-deec06d9-69c0-a4df-e1da-1c42f2a60220,58443,97887,99,264.67
2026/10/10 22:33:27.160,GPU-deec06d9-69c0-a4df-e1da-1c42f2a60220,58443,97887,98,241.29
2026/10/10 22:33:27.689,GPU-deec06d9-69c0-a4df-e1da-1c42f2a60220,58443,97887,99,256.76
2026/10/10 22:33:28.217,GPU-deec06d9-69c0-a4df-e1da-1c42f2a60220,58443,97887,99,242.54
2026/10/10 22:33:28.745,GPU-deec06d9-69c0-a4df-e1da-1c42f2a60220,58443,97887,99,240.24
2026/10/10 22:33:29.274,GPU-deec06d9-69c0-a4df-e1da-1c42f2a60220,58443,97887,99,236.45
2026/10/10 22:33:29.801,GPU-deec06d9-69c0-a4df-e1da-1c42f2a60220,58443,97887,99,251.10
2026/10/10 22:33:30.331,GPU-deec06d9-69c0-a4df-e1da-1c42f2a60220,58443,97887,100,250.86
2026/10/10 22:33:30.859,GPU-deec06d9-69c0-a4df-e1da-1c42f2a60220,58443,97887,99,240.04
2026/10/10 22:33:31.388,GPU-deec06d9-69c0-a4df-e1da-1c42f2a60220,58443,97887,99,237.27
2026/10/10 22:33:31.916,GPU-deec06d9-69c0-a4df-e1da-1c42f2a60220,58443,97887,100,251.21
2026/10/10 22:33:32.444,GPU-deec06d9-69c0-a4df-e1da-1c42f2a60220,58443,97887,99,247.02
2026/10/10 22:33:32.972,GPU-deec06d9-69c0-a4df-e1da-1c42f2a60220,58443,97887,99,241.57
2026/10/10 22:33:33.503,GPU-deec06d9-69c0-a4df-e1da-1c42f2a60220,58443,97887,99,238.01
2026/10/10 22:33:34.038,GPU-deec06d9-69c0-a4df-e1da-1c42f2a60220,58443,97887,100,241.85
2026/10/10 22:33:34.566,GPU-deec06d9-69c0-a4df-e1da-1c42f2a60220,58443,97887,99,239.01
2026/10/10 22:33:35.096,GPU-deec06d9-69c0-a4df-e1da-1c42f2a60220,58443,97887,99,241.09
2026/10/10 22:33:35.624,GPU-deec06d9-69c0-a4df-e1da-1c42f2a60220,58443,97887,98,251.22
2026/10/10 22:33:36.153,GPU-deec06d9-69c0-a4df-e1da-1c42f2a60220,58443,97887,99,250.92
2026/10/10 22:33:36.690,GPU-deec06d9-69c0-a4df-e1da-1c42f2a60220,58443,97887,98,240.65
2026/10/10 22:33:37.221,GPU-deec06d9-69c0-a4df-e1da-1c42f2a60220,58443,97887,100,249.11
2026/10/10 22:33:37.752,GPU-deec06d9-69c0-a4df-e1da-1c42f2a60220,58443,97887,99,246.60
2026/10/10 22:33:38.283,GPU-deec06d9-69c0-a4df-e1da-1c42f2a60220,58443,97887,100,249.59
2026/10/10 22:33:38.824,GPU-deec06d9-69c0-a4df-e1da-1c42f2a60220,58443,97887,100,256.15
2026/10/10 22:33:39.374,GPU-deec06d9-69c0-a4df-e1da-1c42f2a60220,58443,97887,100,244.84
2026/10/10 22:33:39.912,GPU-deec06d9-69c0-a4df-e1da-1c42f2a60220,58443,97887,100,245.10
2026/10/10 22:33:40.447,GPU-deec06d9-69c0-a4df-e1da-1c42f2a60220,58443,97887,99,249.13
2026/10/10 22:33:40.994,GPU-deec06d9-69c0-a4df-e1da-1c42f2a60220,58443,97887,100,245.17
2026/10/10 22:33:41.523,GPU-deec06d9-69c0-a4df-e1da-1c42f2a60220,58443,97887,99,254.90
2026/10/10 22:33:42.053,GPU-deec06d9-69c0-a4df-e1da-1c42f2a60220,58443,97887,99,245.01
2026/10/10 22:33:42.582,GPU-deec06d9-69c0-a4df-e1da-1c42f2a60220,58443,97887,100,240.63
2026/10/10 22:33:43.111,GPU-deec06d9-69c0-a4df-e1da-1c42f2a60220,58443,97887,99,253.94
2026/10/10 22:33:43.647,GPU-deec06d9-69c0-a4df-e1da-1c42f2a60220,58443,97887,99,249.57
2026/10/10 22:33:44.179,GPU-deec06d9-69c0-a4df-e1da-1c42f2a60220,58443,97887,100,242.52
2026/10/10 22:33:44.717,GPU-deec06d9-69c0-a4df-e1da-1c42f2a60220,58443,97887,100,251.47
2026/10/10 22:33:45.250,GPU-deec06d9-69c0-a4df-e1da-1c42f2a60220,58443,97887,99,263.49
2026/10/10 22:33:45.789,GPU-deec06d9-69c0-a4df-e1da-1c42f2a60220,58443,97887,100,249.04
2026/10/10 22:33:46.321,GPU-deec06d9-69c0-a4df-e1da-1c42f2a60220,58443,97887,100,244.94
2026/10/10 22:33:46.859,GPU-deec06d9-69c0-a4df-e1da-1c42f2a60220,58443,97887,100,246.54
2026/10/10 22:33:47.390,GPU-deec06d9-69c0-a4df-e1da-1c42f2a60220,58443,97887,99,230.68
2026/10/10 22:33:47.922,GPU-deec06d9-69c0-a4df-e1da-1c42f2a60220,58443,97887,99,235.10
2026/10/10 22:33:48.459,GPU-deec06d9-69c0-a4df-e1da-1c42f2a60220,58443,97887,99,238.66
2026/10/10 22:33:48.989,GPU-deec06d9-69c0-a4df-e1da-1c42f2a60220,58443,97887,99,249.46
2026/10/10 22:33:49.521,GPU-deec06d9-69c0-a4df-e1da-1c42f2a60220,58443,97887,99,249.62
2026/10/10 22:33:50.053,GPU-deec06d9-69c0-a4df-e1da-1c42f2a60220,58443,97887,99,236.61
2026/10/10 22:33:50.592,GPU-deec06d9-69c0-a4df-e1da-1c42f2a60220,58443,97887,99,233.51
2026/10/10 22:33:51.128,GPU-deec06d9-69c0-a4df-e1da-1c42f2a60220,58443,97887,99,237.21
2026/10/10 22:33:51.664,GPU-deec06d9-69c0-a4df-e1da-1c42f2a60220,58443,97887,100,252.91
2026/10/10 22:33:52.194,GPU-deec06d9-69c0-a4df-e1da-1c42f2a60220,58443,97887,99,260.54
2026/10/10 22:33:52.729,GPU-deec06d9-69c0-a4df-e1da-1c42f2a60220,58443,97887,99,269.75
2026/10/10 22:33:53.266,GPU-deec06d9-69c0-a4df-e1da-1c42f2a60220,58443,97887,99,242.34
2026/10/10 22:33:53.804,GPU-deec06d9-69c0-a4df-e1da-1c42f2a60220,58443,97887,100,241.77
2026/10/10 22:33:54.344,GPU-deec06d9-69c0-a4df-e1da-1c42f2a60220,58443,97887,99,246.08
2026/10/10 22:33:54.875,GPU-deec06d9-69c0-a4df-e1da-1c42f2a60220,58443,97887,99,258.70
2026/10/10 22:33:55.411,GPU-deec06d9-69c0-a4df-e1da-1c42f2a60220,58443,97887,99,249.50
2026/10/10 22:33:55.976,GPU-deec06d9-69c0-a4df-e1da-1c42f2a60220,58443,97887,99,249.77
2026/10/10 22:33:56.510,GPU-deec06d9-69c0-a4df-e1da-1c42f2a60220,58443,97887,100,263.51
2026/10/10 22:33:57.045,GPU-deec06d9-69c0-a4df-e1da-1c42f2a60220,58443,97887,100,255.96
2026/10/10 22:33:57.579,GPU-deec06d9-69c0-a4df-e1da-1c42f2a60220,58443,97887,99,247.09
2026/10/10 22:33:58.114,GPU-deec06d9-69c0-a4df-e1da-1c42f2a60220,58443,97887,99,250.88
2026/10/10 22:33:58.649,GPU-deec06d9-69c0-a4df-e1da-1c42f2a60220,58443,97887,100,251.72
2026/10/10 22:33:59.182,GPU-deec06d9-69c0-a4df-e1da-1c42f2a60220,58443,97887,99,251.80
2026/10/10 22:33:59.715,GPU-deec06d9-69c0-a4df-e1da-1c42f2a60220,58443,97887,98,243.30
2026/10/10 22:34:00.250,GPU-deec06d9-69c0-a4df-e1da-1c42f2a60220,58443,97887,99,253.99
2026/10/10 22:34:00.788,GPU-deec06d9-69c0-a4df-e1da-1c42f2a60220,58443,97887,100,255.51
2026/10/10 22:34:01.321,GPU-deec06d9-69c0-a4df-e1da-1c42f2a60220,58443,97887,99,248.18
2026/10/10 22:34:01.851,GPU-deec06d9-69c0-a4df-e1da-1c42f2a60220,58443,97887,99,250.32
2026/10/10 22:34:02.395,GPU-deec06d9-69c0-a4df-e1da-1c42f2a60220,58443,97887,100,253.54
2026/10/10 22:34:02.930,GPU-deec06d9-69c0-a4df-e1da-1c42f2a60220,58443,97887,99,250.44
2026/10/10 22:34:03.470,GPU-deec06d9-69c0-a4df-e1da-1c42f2a60220,58443,97887,98,252.61
2026/10/10 22:34:04.003,GPU-deec06d9-69c0-a4df-e1da-1c42f2a60220,58443,97887,100,252.70
2026/10/10 22:34:04.546,GPU-deec06d9-69c0-a4df-e1da-1c42f2a60220,58443,97887,99,256.74
2026/10/10 22:34:05.078,GPU-deec06d9-69c0-a4df-e1da-1c42f2a60220,58443,97887,98,252.14
2026/10/10 22:34:05.613,GPU-deec06d9-69c0-a4df-e1da-1c42f2a60220,58443,97887,100,253.85
2026/10/10 22:34:06.147,GPU-deec06d9-69c0-a4df-e1da-1c42f2a60220,58443,97887,99,252.68
2026/10/10 22:34:06.684,GPU-deec06d9-69c0-a4df-e1da-1c42f2a60220,58443,97887,100,252.88
2026/10/10 22:34:07.219,GPU-deec06d9-69c0-a4df-e1da-1c42f2a60220,58443,97887,99,257.07
2026/10/10 22:34:07.752,GPU-deec06d9-69c0-a4df-e1da-1c42f2a60220,58443,97887,99,251.45
2026/10/10 22:34:08.287,GPU-deec06d9-69c0-a4df-e1da-1c42f2a60220,58443,97887,100,253.17
2026/10/10 22:34:08.819,GPU-deec06d9-69c0-a4df-e1da-1c42f2a60220,58443,97887,99,257.15
2026/10/10 22:34:09.387,GPU-deec06d9-69c0-a4df-e1da-1c42f2a60220,58443,97887,99,251.53
2026/10/10 22:34:09.924,GPU-deec06d9-69c0-a4df-e1da-1c42f2a60220,58443,97887,100,250.80
2026/10/10 22:34:10.457,GPU-deec06d9-69c0-a4df-e1da-1c42f2a60220,58443,97887,99,247.83
2026/10/10 22:34:11.001,GPU-deec06d9-69c0-a4df-e1da-1c42f2a60220,58443,97887,99,245.50
2026/10/10 22:34:11.535,GPU-deec06d9-69c0-a4df-e1da-1c42f2a60220,58443,97887,98,249.77
2026/10/10 22:34:12.064,GPU-deec06d9-69c0-a4df-e1da-1c42f2a60220,58443,97887,99,256.58
2026/10/10 22:34:12.592,GPU-deec06d9-69c0-a4df-e1da-1c42f2a60220,58443,97887,99,250.78
2026/10/10 22:34:13.120,GPU-deec06d9-69c0-a4df-e1da-1c42f2a60220,58443,97887,99,246.66
2026/10/10 22:34:13.651,GPU-deec06d9-69c0-a4df-e1da-1c42f2a60220,58443,97887,100,254.10
2026/10/10 22:34:14.185,GPU-deec06d9-69c0-a4df-e1da-1c42f2a60220,58443,97887,99,257.59
2026/10/10 22:34:14.716,GPU-deec06d9-69c0-a4df-e1da-1c42f2a60220,58443,97887,100,250.95
2026/10/10 22:34:15.251,GPU-deec06d9-69c0-a4df-e1da-1c42f2a60220,58443,97887,99,245.87
2026/10/10 22:34:15.781,GPU-deec06d9-69c0-a4df-e1da-1c42f2a60220,58443,97887,100,251.01
2026/10/10 22:34:16.310,GPU-deec06d9-69c0-a4df-e1da-1c42f2a60220,58443,97887,99,251.00
2026/10/10 22:34:16.844,GPU-deec06d9-69c0-a4df-e1da-1c42f2a60220,58443,97887,100,252.58
2026/10/10 22:34:17.374,GPU-deec06d9-69c0-a4df-e1da-1c42f2a60220,58443,97887,99,251.76
2026/10/10 22:34:17.911,GPU-deec06d9-69c0-a4df-e1da-1c42f2a60220,58443,97887,100,250.33
2026/10/10 22:34:18.440,GPU-deec06d9-69c0-a4df-e1da-1c42f2a60220,58443,97887,99,254.98
2026/10/10 22:34:18.970,GPU-deec06d9-69c0-a4df-e1da-1c42f2a60220,58443,97887,100,248.86
2026/10/10 22:34:19.500,GPU-deec06d9-69c0-a4df-e1da-1c42f2a60220,58443,97887,99,250.24
2026/10/10 22:34:20.029,GPU-deec06d9-69c0-a4df-e1da-1c42f2a60220,58443,97887,100,250.77
2026/10/10 22:34:20.558,GPU-deec06d9-69c0-a4df-e1da-1c42f2a60220,58443,97887,99,250.39
2026/10/10 22:34:21.091,GPU-deec06d9-69c0-a4df-e1da-1c42f2a60220,58443,97887,99,257.47
2026/10/10 22:34:21.625,GPU-deec06d9-69c0-a4df-e1da-1c42f2a60220,58443,97887,99,259.95
2026/10/10 22:34:22.158,GPU-deec06d9-69c0-a4df-e1da-1c42f2a60220,58443,97887,100,248.47
2026/10/10 22:34:22.693,GPU-deec06d9-69c0-a4df-e1da-1c42f2a60220,58443,97887,99,249.07
2026/10/10 22:34:23.232,GPU-deec06d9-69c0-a4df-e1da-1c42f2a60220,58443,97887,100,249.87
2026/10/10 22:34:23.768,GPU-deec06d9-69c0-a4df-e1da-1c42f2a60220,58443,97887,99,261.73
2026/10/10 22:34:24.305,GPU-deec06d9-69c0-a4df-e1da-1c42f2a60220,58443,97887,100,259.93
2026/10/10 22:34:24.844,GPU-deec06d9-69c0-a4df-e1da-1c42f2a60220,58443,97887,99,253.95
2026/10/10 22:34:25.377,GPU-deec06d9-69c0-a4df-e1da-1c42f2a60220,58443,97887,100,253.49
2026/10/10 22:34:25.915,GPU-deec06d9-69c0-a4df-e1da-1c42f2a60220,58443,97887,99,254.91
2026/10/10 22:34:26.453,GPU-deec06d9-69c0-a4df-e1da-1c42f2a60220,58443,97887,100,252.64
2026/10/10 22:34:26.985,GPU-deec06d9-69c0-a4df-e1da-1c42f2a60220,58443,97887,99,261.51
2026/10/10 22:34:27.518,GPU-deec06d9-69c0-a4df-e1da-1c42f2a60220,58443,97887,100,262.33
2026/10/10 22:34:28.052,GPU-deec06d9-69c0-a4df-e1da-1c42f2a60220,58443,97887,99,259.64
2026/10/10 22:34:28.584,GPU-deec06d9-69c0-a4df-e1da-1c42f2a60220,58443,97887,100,249.74
2026/10/10 22:34:29.117,GPU-deec06d9-69c0-a4df-e1da-1c42f2a60220,58443,97887,98,250.98
2026/10/10 22:34:29.651,GPU-deec06d9-69c0-a4df-e1da-1c42f2a60220,58443,97887,99,257.72
2026/10/10 22:34:30.183,GPU-deec06d9-69c0-a4df-e1da-1c42f2a60220,58443,97887,100,260.97
2026/10/10 22:34:30.725,GPU-deec06d9-69c0-a4df-e1da-1c42f2a60220,58443,97887,99,254.33
2026/10/10 22:34:31.258,GPU-deec06d9-69c0-a4df-e1da-1c42f2a60220,58443,97887,100,252.71
2026/10/10 22:34:31.792,GPU-deec06d9-69c0-a4df-e1da-1c42f2a60220,58443,97887,98,260.02
2026/10/10 22:34:32.326,GPU-deec06d9-69c0-a4df-e1da-1c42f2a60220,58443,97887,100,253.34
2026/10/10 22:34:32.858,GPU-deec06d9-69c0-a4df-e1da-1c42f2a60220,58443,97887,99,259.33
2026/10/10 22:34:33.391,GPU-deec06d9-69c0-a4df-e1da-1c42f2a60220,58443,97887,100,249.97
2026/10/10 22:34:33.925,GPU-deec06d9-69c0-a4df-e1da-1c42f2a60220,58443,97887,99,249.97
2026/10/10 22:34:34.461,GPU-deec06d9-69c0-a4df-e1da-1c42f2a60220,58443,97887,99,247.15
2026/10/10 22:34:34.999,GPU-deec06d9-69c0-a4df-e1da-1c42f2a60220,58443,97887,99,259.18
2026/10/10 22:34:35.531,GPU-deec06d9-69c0-a4df-e1da-1c42f2a60220,58443,97887,99,254.08
2026/10/10 22:34:36.062,GPU-deec06d9-69c0-a4df-e1da-1c42f2a60220,58443,97887,100,256.48
2026/10/10 22:34:36.599,GPU-deec06d9-69c0-a4df-e1da-1c42f2a60220,58443,97887,99,261.13
2026/10/10 22:34:37.133,GPU-deec06d9-69c0-a4df-e1da-1c42f2a60220,58443,97887,100,261.80
2026/10/10 22:34:37.666,GPU-deec06d9-69c0-a4df-e1da-1c42f2a60220,58443,97887,99,262.36
2026/10/10 22:34:38.198,GPU-deec06d9-69c0-a4df-e1da-1c42f2a60220,58443,97887,100,244.67
2026/10/10 22:34:38.730,GPU-deec06d9-69c0-a4df-e1da-1c42f2a60220,58443,97887,99,253.32
2026/10/10 22:34:39.262,GPU-deec06d9-69c0-a4df-e1da-1c42f2a60220,58443,97887,99,270.48
2026/10/10 22:34:39.795,GPU-deec06d9-69c0-a4df-e1da-1c42f2a60220,58443,97887,100,255.57
2026/10/10 22:34:40.331,GPU-deec06d9-69c0-a4df-e1da-1c42f2a60220,58443,97887,99,247.68
2026/10/10 22:34:40.869,GPU-deec06d9-69c0-a4df-e1da-1c42f2a60220,58443,97887,100,247.33
2026/10/10 22:34:41.404,GPU-deec06d9-69c0-a4df-e1da-1c42f2a60220,58443,97887,99,261.50
2026/10/10 22:34:41.935,GPU-deec06d9-69c0-a4df-e1da-1c42f2a60220,58443,97887,99,254.38
2026/10/10 22:34:42.467,GPU-deec06d9-69c0-a4df-e1da-1c42f2a60220,58443,97887,100,256.12
2026/10/10 22:34:43.002,GPU-deec06d9-69c0-a4df-e1da-1c42f2a60220,58443,97887,98,269.48
2026/10/10 22:34:43.534,GPU-deec06d9-69c0-a4df-e1da-1c42f2a60220,58443,97887,100,261.99
2026/10/10 22:34:44.072,GPU-deec06d9-69c0-a4df-e1da-1c42f2a60220,58443,97887,100,264.33
2026/10/10 22:34:44.606,GPU-deec06d9-69c0-a4df-e1da-1c42f2a60220,58443,97887,97,270.36
2026/10/10 22:34:45.143,GPU-deec06d9-69c0-a4df-e1da-1c42f2a60220,58443,97887,100,258.62
2026/10/10 22:34:45.677,GPU-deec06d9-69c0-a4df-e1da-1c42f2a60220,58443,97887,98,257.04
2026/10/10 22:34:46.212,GPU-deec06d9-69c0-a4df-e1da-1c42f2a60220,58443,97887,97,264.30
2026/10/10 22:34:46.744,GPU-deec06d9-69c0-a4df-e1da-1c42f2a60220,58443,97887,100,268.37
2026/10/10 22:34:47.288,GPU-deec06d9-69c0-a4df-e1da-1c42f2a60220,58443,97887,98,247.38
2026/10/10 22:34:47.824,GPU-deec06d9-69c0-a4df-e1da-1c42f2a60220,58443,97887,100,247.74
2026/10/10 22:34:48.361,GPU-deec06d9-69c0-a4df-e1da-1c42f2a60220,58443,97887,100,265.81
2026/10/10 22:34:48.896,GPU-deec06d9-69c0-a4df-e1da-1c42f2a60220,58443,97887,97,253.47
2026/10/10 22:34:49.433,GPU-deec06d9-69c0-a4df-e1da-1c42f2a60220,58443,97887,100,250.36
2026/10/10 22:34:49.968,GPU-deec06d9-69c0-a4df-e1da-1c42f2a60220,58443,97887,98,252.78
2026/10/10 22:34:50.511,GPU-deec06d9-69c0-a4df-e1da-1c42f2a60220,58443,97887,97,253.64
2026/10/10 22:34:51.046,GPU-deec06d9-69c0-a4df-e1da-1c42f2a60220,58443,97887,100,254.68
2026/10/10 22:34:51.583,GPU-deec06d9-69c0-a4df-e1da-1c42f2a60220,58443,97887,97,241.07
2026/10/10 22:34:52.116,GPU-deec06d9-69c0-a4df-e1da-1c42f2a60220,58443,97887,100,252.93
2026/10/10 22:34:52.650,GPU-deec06d9-69c0-a4df-e1da-1c42f2a60220,58443,97887,100,251.09
2026/10/10 22:34:53.181,GPU-deec06d9-69c0-a4df-e1da-1c42f2a60220,58443,97887,97,251.04
2026/10/10 22:34:53.712,GPU-deec06d9-69c0-a4df-e1da-1c42f2a60220,58443,97887,100,256.23
2026/10/10 22:34:54.244,GPU-deec06d9-69c0-a4df-e1da-1c42f2a60220,58443,97887,100,261.88
2026/10/10 22:34:54.780,GPU-deec06d9-69c0-a4df-e1da-1c42f2a60220,58443,97887,98,252.06
2026/10/10 22:34:55.313,GPU-deec06d9-69c0-a4df-e1da-1c42f2a60220,58443,97887,100,256.58
2026/10/10 22:34:55.848,GPU-deec06d9-69c0-a4df-e1da-1c42f2a60220,58443,97887,100,258.95
2026/10/10 22:34:56.381,GPU-deec06d9-69c0-a4df-e1da-1c42f2a60220,58443,97887,97,252.64
2026/10/10 22:34:56.916,GPU-deec06d9-69c0-a4df-e1da-1c42f2a60220,58443,97887,100,265.89
2026/10/10 22:34:57.449,GPU-deec06d9-69c0-a4df-e1da-1c42f2a60220,58443,97887,97,259.64
2026/10/10 22:34:57.979,GPU-deec06d9-69c0-a4df-e1da-1c42f2a60220,58443,97887,97,264.27
2026/10/10 22:34:58.507,GPU-deec06d9-69c0-a4df-e1da-1c42f2a60220,58443,97887,100,266.03
2026/10/10 22:34:59.037,GPU-deec06d9-69c0-a4df-e1da-1c42f2a60220,58443,97887,98,255.78
2026/10/10 22:34:59.568,GPU-deec06d9-69c0-a4df-e1da-1c42f2a60220,58443,97887,97,262.44
2026/10/10 22:35:00.098,GPU-deec06d9-69c0-a4df-e1da-1c42f2a60220,58443,97887,100,250.43
2026/10/10 22:35:00.627,GPU-deec06d9-69c0-a4df-e1da-1c42f2a60220,58443,97887,98,257.83
2026/10/10 22:35:01.159,GPU-deec06d9-69c0-a4df-e1da-1c42f2a60220,58443,97887,100,257.50
2026/10/10 22:35:01.686,GPU-deec06d9-69c0-a4df-e1da-1c42f2a60220,58443,97887,100,251.61
2026/10/10 22:35:02.215,GPU-deec06d9-69c0-a4df-e1da-1c42f2a60220,58443,97887,98,266.65
2026/10/10 22:35:02.744,GPU-deec06d9-69c0-a4df-e1da-1c42f2a60220,58443,97887,100,257.81
2026/10/10 22:35:03.272,GPU-deec06d9-69c0-a4df-e1da-1c42f2a60220,58443,97887,100,264.08
2026/10/10 22:35:03.804,GPU-deec06d9-69c0-a4df-e1da-1c42f2a60220,58443,97887,97,267.41
2026/10/10 22:35:04.331,GPU-deec06d9-69c0-a4df-e1da-1c42f2a60220,58443,97887,100,251.62
2026/10/10 22:35:04.858,GPU-deec06d9-69c0-a4df-e1da-1c42f2a60220,58443,97887,98,253.26
2026/10/10 22:35:05.387,GPU-deec06d9-69c0-a4df-e1da-1c42f2a60220,58443,97887,96,250.04
2026/10/10 22:35:05.920,GPU-deec06d9-69c0-a4df-e1da-1c42f2a60220,58443,97887,100,265.10
2026/10/10 22:35:06.447,GPU-deec06d9-69c0-a4df-e1da-1c42f2a60220,58443,97887,97,256.75
2026/10/10 22:35:06.975,GPU-deec06d9-69c0-a4df-e1da-1c42f2a60220,58443,97887,97,261.70
2026/10/10 22:35:07.504,GPU-deec06d9-69c0-a4df-e1da-1c42f2a60220,58443,97887,100,260.52
2026/10/10 22:35:08.035,GPU-deec06d9-69c0-a4df-e1da-1c42f2a60220,58443,97887,97,253.64
2026/10/10 22:35:08.564,GPU-deec06d9-69c0-a4df-e1da-1c42f2a60220,58443,97887,98,258.33
2026/10/10 22:35:09.091,GPU-deec06d9-69c0-a4df-e1da-1c42f2a60220,58443,97887,100,252.76
2026/10/10 22:35:09.618,GPU-deec06d9-69c0-a4df-e1da-1c42f2a60220,58443,97887,97,266.41
2026/10/10 22:35:10.146,GPU-deec06d9-69c0-a4df-e1da-1c42f2a60220,58443,97887,100,258.71
2026/10/10 22:35:10.676,GPU-deec06d9-69c0-a4df-e1da-1c42f2a60220,58443,97887,100,263.92
2026/10/10 22:35:11.204,GPU-deec06d9-69c0-a4df-e1da-1c42f2a60220,58443,97887,97,255.05
2026/10/10 22:35:11.733,GPU-deec06d9-69c0-a4df-e1da-1c42f2a60220,58443,97887,99,252.55
2026/10/10 22:35:12.276,GPU-deec06d9-69c0-a4df-e1da-1c42f2a60220,58443,97887,97,255.66
2026/10/10 22:35:12.824,GPU-deec06d9-69c0-a4df-e1da-1c42f2a60220,58443,97887,96,266.35
2026/10/10 22:35:13.363,GPU-deec06d9-69c0-a4df-e1da-1c42f2a60220,58443,97887,100,265.89
2026/10/10 22:35:13.895,GPU-deec06d9-69c0-a4df-e1da-1c42f2a60220,58443,97887,98,253.69
2026/10/10 22:35:14.428,GPU-deec06d9-69c0-a4df-e1da-1c42f2a60220,58443,97887,98,262.05
2026/10/10 22:35:14.958,GPU-deec06d9-69c0-a4df-e1da-1c42f2a60220,58443,97887,100,263.02
2026/10/10 22:35:15.488,GPU-deec06d9-69c0-a4df-e1da-1c42f2a60220,58443,97887,98,257.13
2026/10/10 22:35:16.018,GPU-deec06d9-69c0-a4df-e1da-1c42f2a60220,58443,97887,97,247.96
2026/10/10 22:35:16.552,GPU-deec06d9-69c0-a4df-e1da-1c42f2a60220,58443,97887,100,268.39
2026/10/10 22:35:17.085,GPU-deec06d9-69c0-a4df-e1da-1c42f2a60220,58443,97887,98,264.37
2026/10/10 22:35:17.619,GPU-deec06d9-69c0-a4df-e1da-1c42f2a60220,58443,97887,100,251.91
2026/10/10 22:35:18.152,GPU-deec06d9-69c0-a4df-e1da-1c42f2a60220,58443,97887,98,259.27
2026/10/10 22:35:18.684,GPU-deec06d9-69c0-a4df-e1da-1c42f2a60220,58443,97887,97,266.65
2026/10/10 22:35:19.222,GPU-deec06d9-69c0-a4df-e1da-1c42f2a60220,58443,97887,100,254.15
2026/10/10 22:35:19.757,GPU-deec06d9-69c0-a4df-e1da-1c42f2a60220,58443,97887,97,245.33
2026/10/10 22:35:20.292,GPU-deec06d9-69c0-a4df-e1da-1c42f2a60220,58443,97887,97,258.72
2026/10/10 22:35:20.831,GPU-deec06d9-69c0-a4df-e1da-1c42f2a60220,58443,97887,100,261.56
2026/10/10 22:35:21.376,GPU-deec06d9-69c0-a4df-e1da-1c42f2a60220,58443,97887,97,255.49
2026/10/10 22:35:21.909,GPU-deec06d9-69c0-a4df-e1da-1c42f2a60220,58443,97887,98,248.62
2026/10/10 22:35:22.442,GPU-deec06d9-69c0-a4df-e1da-1c42f2a60220,58443,97887,100,262.25
2026/10/10 22:35:22.977,GPU-deec06d9-69c0-a4df-e1da-1c42f2a60220,58443,97887,97,253.26
2026/10/10 22:35:23.510,GPU-deec06d9-69c0-a4df-e1da-1c42f2a60220,58443,97887,100,251.75
2026/10/10 22:35:24.046,GPU-deec06d9-69c0-a4df-e1da-1c42f2a60220,58443,97887,97,259.61
2026/10/10 22:35:24.575,GPU-deec06d9-69c0-a4df-e1da-1c42f2a60220,58443,97887,97,250.91
2026/10/10 22:35:25.105,GPU-deec06d9-69c0-a4df-e1da-1c42f2a60220,58443,97887,100,251.34
2026/10/10 22:35:25.651,GPU-deec06d9-69c0-a4df-e1da-1c42f2a60220,58443,97887,98,256.32
2026/10/10 22:35:26.183,GPU-deec06d9-69c0-a4df-e1da-1c42f2a60220,58443,97887,100,253.26
2026/10/10 22:35:26.720,GPU-deec06d9-69c0-a4df-e1da-1c42f2a60220,58443,97887,100,250.08
2026/10/10 22:35:27.266,GPU-deec06d9-69c0-a4df-e1da-1c42f2a60220,58443,97887,98,266.42
2026/10/10 22:35:27.822,GPU-deec06d9-69c0-a4df-e1da-1c42f2a60220,58443,97887,100,255.03
2026/10/10 22:35:28.351,GPU-deec06d9-69c0-a4df-e1da-1c42f2a60220,58443,97887,98,245.64
2026/10/10 22:35:28.886,GPU-deec06d9-69c0-a4df-e1da-1c42f2a60220,58443,97887,97,260.19
2026/10/10 22:35:29.427,GPU-deec06d9-69c0-a4df-e1da-1c42f2a60220,58443,97887,100,259.31
2026/10/10 22:35:29.959,GPU-deec06d9-69c0-a4df-e1da-1c42f2a60220,58443,97887,98,251.31
2026/10/10 22:35:30.488,GPU-deec06d9-69c0-a4df-e1da-1c42f2a60220,58443,97887,98,258.07
2026/10/10 22:35:31.014,GPU-deec06d9-69c0-a4df-e1da-1c42f2a60220,58443,97887,100,267.15
2026/10/10 22:35:31.543,GPU-deec06d9-69c0-a4df-e1da-1c42f2a60220,58443,97887,98,263.75
2026/10/10 22:35:32.073,GPU-deec06d9-69c0-a4df-e1da-1c42f2a60220,58443,97887,97,252.47
2026/10/10 22:35:32.600,GPU-deec06d9-69c0-a4df-e1da-1c42f2a60220,58443,97887,100,259.73
2026/10/10 22:35:33.130,GPU-deec06d9-69c0-a4df-e1da-1c42f2a60220,58443,97887,98,252.58
2026/10/10 22:35:33.664,GPU-deec06d9-69c0-a4df-e1da-1c42f2a60220,58443,97887,100,259.39
2026/10/10 22:35:34.192,GPU-deec06d9-69c0-a4df-e1da-1c42f2a60220,58443,97887,98,257.47
2026/10/10 22:35:34.720,GPU-deec06d9-69c0-a4df-e1da-1c42f2a60220,58443,97887,97,250.46
2026/10/10 22:35:35.250,GPU-deec06d9-69c0-a4df-e1da-1c42f2a60220,58443,97887,100,261.87
2026/10/10 22:35:35.780,GPU-deec06d9-69c0-a4df-e1da-1c42f2a60220,58443,97887,97,254.39
2026/10/10 22:35:36.310,GPU-deec06d9-69c0-a4df-e1da-1c42f2a60220,58443,97887,97,264.28
2026/10/10 22:35:36.839,GPU-deec06d9-69c0-a4df-e1da-1c42f2a60220,58443,97887,100,264.26
2026/10/10 22:35:37.367,GPU-deec06d9-69c0-a4df-e1da-1c42f2a60220,58443,97887,100,258.95
2026/10/10 22:35:37.895,GPU-deec06d9-69c0-a4df-e1da-1c42f2a60220,58443,97887,98,255.69
2026/10/10 22:35:38.425,GPU-deec06d9-69c0-a4df-e1da-1c42f2a60220,58443,97887,98,251.38
2026/10/10 22:35:38.953,GPU-deec06d9-69c0-a4df-e1da-1c42f2a60220,58443,97887,100,268.13
2026/10/10 22:35:39.483,GPU-deec06d9-69c0-a4df-e1da-1c42f2a60220,58443,97887,98,258.42
2026/10/10 22:35:40.010,GPU-deec06d9-69c0-a4df-e1da-1c42f2a60220,58443,97887,100,261.69
2026/10/10 22:35:40.547,GPU-deec06d9-69c0-a4df-e1da-1c42f2a60220,58443,97887,99,268.99
2026/10/10 22:35:41.106,GPU-deec06d9-69c0-a4df-e1da-1c42f2a60220,58443,97887,98,267.82
2026/10/10 22:35:41.633,GPU-deec06d9-69c0-a4df-e1da-1c42f2a60220,58443,97887,100,254.10
2026/10/10 22:35:42.162,GPU-deec06d9-69c0-a4df-e1da-1c42f2a60220,58443,97887,98,255.18
2026/10/10 22:35:42.688,GPU-deec06d9-69c0-a4df-e1da-1c42f2a60220,58443,97887,98,259.89
2026/10/10 22:35:43.214,GPU-deec06d9-69c0-a4df-e1da-1c42f2a60220,58443,97887,100,254.54
2026/10/10 22:35:43.740,GPU-deec06d9-69c0-a4df-e1da-1c42f2a60220,58443,97887,100,260.33
2026/10/10 22:35:44.268,GPU-deec06d9-69c0-a4df-e1da-1c42f2a60220,58443,97887,97,270.01
2026/10/10 22:35:44.794,GPU-deec06d9-69c0-a4df-e1da-1c42f2a60220,58443,97887,100,265.95
2026/10/10 22:35:45.323,GPU-deec06d9-69c0-a4df-e1da-1c42f2a60220,58443,97887,98,259.84
2026/10/10 22:35:45.849,GPU-deec06d9-69c0-a4df-e1da-1c42f2a60220,58443,97887,97,261.00
2026/10/10 22:35:46.375,GPU-deec06d9-69c0-a4df-e1da-1c42f2a60220,58443,97887,100,270.78
2026/10/10 22:35:46.902,GPU-deec06d9-69c0-a4df-e1da-1c42f2a60220,58443,97887,98,261.49
2026/10/10 22:35:47.429,GPU-deec06d9-69c0-a4df-e1da-1c42f2a60220,58443,97887,100,259.43
2026/10/10 22:35:47.956,GPU-deec06d9-69c0-a4df-e1da-1c42f2a60220,58443,97887,98,259.58
2026/10/10 22:35:48.485,GPU-deec06d9-69c0-a4df-e1da-1c42f2a60220,58443,97887,98,266.01
2026/10/10 22:35:49.014,GPU-deec06d9-69c0-a4df-e1da-1c42f2a60220,58443,97887,100,252.10
2026/10/10 22:35:49.543,GPU-deec06d9-69c0-a4df-e1da-1c42f2a60220,58443,97887,98,255.52
2026/10/10 22:35:50.070,GPU-deec06d9-69c0-a4df-e1da-1c42f2a60220,58443,97887,97,264.14
2026/10/10 22:35:50.598,GPU-deec06d9-69c0-a4df-e1da-1c42f2a60220,58443,97887,100,260.97
2026/10/10 22:35:51.125,GPU-deec06d9-69c0-a4df-e1da-1c42f2a60220,58443,97887,98,258.69
2026/10/10 22:35:51.651,GPU-deec06d9-69c0-a4df-e1da-1c42f2a60220,58443,97887,97,254.04
2026/10/10 22:35:52.182,GPU-deec06d9-69c0-a4df-e1da-1c42f2a60220,58443,97887,100,270.64
2026/10/10 22:35:52.707,GPU-deec06d9-69c0-a4df-e1da-1c42f2a60220,58443,97887,98,268.12
2026/10/10 22:35:53.233,GPU-deec06d9-69c0-a4df-e1da-1c42f2a60220,58443,97887,100,262.36
2026/10/10 22:35:53.759,GPU-deec06d9-69c0-a4df-e1da-1c42f2a60220,58443,97887,98,254.20
2026/10/10 22:35:54.286,GPU-deec06d9-69c0-a4df-e1da-1c42f2a60220,58443,97887,97,268.78
2026/10/10 22:35:54.814,GPU-deec06d9-69c0-a4df-e1da-1c42f2a60220,58443,97887,100,253.90
2026/10/10 22:35:55.344,GPU-deec06d9-69c0-a4df-e1da-1c42f2a60220,58443,97887,98,251.27
2026/10/10 22:35:55.884,GPU-deec06d9-69c0-a4df-e1da-1c42f2a60220,58443,97887,97,260.06
2026/10/10 22:35:56.409,GPU-deec06d9-69c0-a4df-e1da-1c42f2a60220,58443,97887,100,259.87
2026/10/10 22:35:56.948,GPU-deec06d9-69c0-a4df-e1da-1c42f2a60220,58443,97887,98,252.30
2026/10/10 22:35:57.475,GPU-deec06d9-69c0-a4df-e1da-1c42f2a60220,58443,97887,97,248.16
2026/10/10 22:35:58.002,GPU-deec06d9-69c0-a4df-e1da-1c42f2a60220,58443,97887,100,268.99
2026/10/10 22:35:58.532,GPU-deec06d9-69c0-a4df-e1da-1c42f2a60220,58443,97887,98,263.93
2026/10/10 22:35:59.066,GPU-deec06d9-69c0-a4df-e1da-1c42f2a60220,58443,97887,100,248.25
2026/10/10 22:35:59.602,GPU-deec06d9-69c0-a4df-e1da-1c42f2a60220,58443,97887,97,251.59
2026/10/10 22:36:00.135,GPU-deec06d9-69c0-a4df-e1da-1c42f2a60220,58443,97887,97,259.33
2026/10/10 22:36:00.667,GPU-deec06d9-69c0-a4df-e1da-1c42f2a60220,58443,97887,100,251.71
2026/10/10 22:36:01.201,GPU-deec06d9-69c0-a4df-e1da-1c42f2a60220,58443,97887,97,247.54
2026/10/10 22:36:01.734,GPU-deec06d9-69c0-a4df-e1da-1c42f2a60220,58443,97887,97,262.66
2026/10/10 22:36:02.281,GPU-deec06d9-69c0-a4df-e1da-1c42f2a60220,58443,97887,100,251.04
2026/10/10 22:36:02.823,GPU-deec06d9-69c0-a4df-e1da-1c42f2a60220,58443,97887,98,247.85
2026/10/10 22:36:03.357,GPU-deec06d9-69c0-a4df-e1da-1c42f2a60220,58443,97887,98,243.25
2026/10/10 22:36:03.895,GPU-deec06d9-69c0-a4df-e1da-1c42f2a60220,58443,97887,98,256.36
2026/10/10 22:36:04.428,GPU-deec06d9-69c0-a4df-e1da-1c42f2a60220,58443,97887,98,250.89
2026/10/10 22:36:04.963,GPU-deec06d9-69c0-a4df-e1da-1c42f2a60220,58443,97887,100,260.46
2026/10/10 22:36:05.495,GPU-deec06d9-69c0-a4df-e1da-1c42f2a60220,58443,97887,98,257.10
2026/10/10 22:36:06.028,GPU-deec06d9-69c0-a4df-e1da-1c42f2a60220,58443,97887,100,257.61
2026/10/10 22:36:06.563,GPU-deec06d9-69c0-a4df-e1da-1c42f2a60220,58443,97887,100,260.08
2026/10/10 22:36:07.098,GPU-deec06d9-69c0-a4df-e1da-1c42f2a60220,58443,97887,98,264.73
2026/10/10 22:36:07.634,GPU-deec06d9-69c0-a4df-e1da-1c42f2a60220,58443,97887,100,250.29
2026/10/10 22:36:08.167,GPU-deec06d9-69c0-a4df-e1da-1c42f2a60220,58443,97887,98,248.44
2026/10/10 22:36:08.704,GPU-deec06d9-69c0-a4df-e1da-1c42f2a60220,58443,97887,98,272.13
2026/10/10 22:36:09.233,GPU-deec06d9-69c0-a4df-e1da-1c42f2a60220,58443,97887,100,265.59
2026/10/10 22:36:09.766,GPU-deec06d9-69c0-a4df-e1da-1c42f2a60220,58443,97887,98,250.79
2026/10/10 22:36:10.309,GPU-deec06d9-69c0-a4df-e1da-1c42f2a60220,58443,97887,97,260.21
2026/10/10 22:36:10.846,GPU-deec06d9-69c0-a4df-e1da-1c42f2a60220,58443,97887,100,262.44
2026/10/10 22:36:11.378,GPU-deec06d9-69c0-a4df-e1da-1c42f2a60220,58443,97887,97,252.35
2026/10/10 22:36:11.916,GPU-deec06d9-69c0-a4df-e1da-1c42f2a60220,58443,97887,100,248.38
2026/10/10 22:36:12.450,GPU-deec06d9-69c0-a4df-e1da-1c42f2a60220,58443,97887,97,258.00
2026/10/10 22:36:12.983,GPU-deec06d9-69c0-a4df-e1da-1c42f2a60220,58443,97887,97,246.33
2026/10/10 22:36:13.516,GPU-deec06d9-69c0-a4df-e1da-1c42f2a60220,58443,97887,100,246.50
2026/10/10 22:36:14.050,GPU-deec06d9-69c0-a4df-e1da-1c42f2a60220,58443,97887,98,240.49
2026/10/10 22:36:14.593,GPU-deec06d9-69c0-a4df-e1da-1c42f2a60220,58443,97887,100,254.66
2026/10/10 22:36:15.130,GPU-deec06d9-69c0-a4df-e1da-1c42f2a60220,58443,97887,100,256.48
2026/10/10 22:36:15.664,GPU-deec06d9-69c0-a4df-e1da-1c42f2a60220,58443,97887,97,245.03
2026/10/10 22:36:16.196,GPU-deec06d9-69c0-a4df-e1da-1c42f2a60220,58443,97887,100,257.52
2026/10/10 22:36:16.729,GPU-deec06d9-69c0-a4df-e1da-1c42f2a60220,58443,97887,98,257.48
2026/10/10 22:36:17.274,GPU-deec06d9-69c0-a4df-e1da-1c42f2a60220,58443,97887,97,256.04
2026/10/10 22:36:17.823,GPU-deec06d9-69c0-a4df-e1da-1c42f2a60220,58443,97887,100,267.06
2026/10/10 22:36:18.360,GPU-deec06d9-69c0-a4df-e1da-1c42f2a60220,58443,97887,97,252.75
2026/10/10 22:36:18.890,GPU-deec06d9-69c0-a4df-e1da-1c42f2a60220,58443,97887,97,254.52
2026/10/10 22:36:19.424,GPU-deec06d9-69c0-a4df-e1da-1c42f2a60220,58443,97887,100,259.77
2026/10/10 22:36:19.956,GPU-deec06d9-69c0-a4df-e1da-1c42f2a60220,58443,97887,98,253.86
2026/10/10 22:36:20.487,GPU-deec06d9-69c0-a4df-e1da-1c42f2a60220,58443,97887,100,244.97
2026/10/10 22:36:21.018,GPU-deec06d9-69c0-a4df-e1da-1c42f2a60220,58443,97887,100,256.93
2026/10/10 22:36:21.549,GPU-deec06d9-69c0-a4df-e1da-1c42f2a60220,58443,97887,98,267.12
2026/10/10 22:36:22.083,GPU-deec06d9-69c0-a4df-e1da-1c42f2a60220,58443,97887,100,249.05
2026/10/10 22:36:22.613,GPU-deec06d9-69c0-a4df-e1da-1c42f2a60220,58443,97887,98,251.31
2026/10/10 22:36:23.144,GPU-deec06d9-69c0-a4df-e1da-1c42f2a60220,58443,97887,98,262.77
2026/10/10 22:36:23.673,GPU-deec06d9-69c0-a4df-e1da-1c42f2a60220,58443,97887,100,260.65
2026/10/10 22:36:24.208,GPU-deec06d9-69c0-a4df-e1da-1c42f2a60220,58443,97887,97,247.69
2026/10/10 22:36:24.747,GPU-deec06d9-69c0-a4df-e1da-1c42f2a60220,58443,97887,97,256.31
2026/10/10 22:36:25.295,GPU-deec06d9-69c0-a4df-e1da-1c42f2a60220,58443,97887,100,257.49
2026/10/10 22:36:25.849,GPU-deec06d9-69c0-a4df-e1da-1c42f2a60220,58443,97887,97,252.86
2026/10/10 22:36:26.387,GPU-deec06d9-69c0-a4df-e1da-1c42f2a60220,58443,97887,97,250.97
2026/10/10 22:36:26.922,GPU-deec06d9-69c0-a4df-e1da-1c42f2a60220,58443,97887,98,258.04
2026/10/10 22:36:27.459,GPU-deec06d9-69c0-a4df-e1da-1c42f2a60220,58443,97887,97,258.77
2026/10/10 22:36:27.992,GPU-deec06d9-69c0-a4df-e1da-1c42f2a60220,58443,97887,100,265.89
2026/10/10 22:36:28.527,GPU-deec06d9-69c0-a4df-e1da-1c42f2a60220,58443,97887,97,255.61
2026/10/10 22:36:29.063,GPU-deec06d9-69c0-a4df-e1da-1c42f2a60220,58443,97887,97,262.22
2026/10/10 22:36:29.596,GPU-deec06d9-69c0-a4df-e1da-1c42f2a60220,58443,97887,100,268.76
2026/10/10 22:36:30.128,GPU-deec06d9-69c0-a4df-e1da-1c42f2a60220,58443,97887,97,255.81
2026/10/10 22:36:30.670,GPU-deec06d9-69c0-a4df-e1da-1c42f2a60220,58443,97887,100,253.49
2026/10/10 22:36:31.206,GPU-deec06d9-69c0-a4df-e1da-1c42f2a60220,58443,97887,98,253.93
2026/10/10 22:36:31.741,GPU-deec06d9-69c0-a4df-e1da-1c42f2a60220,58443,97887,97,261.92
2026/10/10 22:36:32.287,GPU-deec06d9-69c0-a4df-e1da-1c42f2a60220,58443,97887,100,254.10
2026/10/10 22:36:32.828,GPU-deec06d9-69c0-a4df-e1da-1c42f2a60220,58443,97887,98,251.17
2026/10/10 22:36:33.364,GPU-deec06d9-69c0-a4df-e1da-1c42f2a60220,58443,97887,96,260.20
2026/10/10 22:36:33.898,GPU-deec06d9-69c0-a4df-e1da-1c42f2a60220,58443,97887,100,253.35
2026/10/10 22:36:34.432,GPU-deec06d9-69c0-a4df-e1da-1c42f2a60220,58443,97887,98,250.94
2026/10/10 22:36:34.967,GPU-deec06d9-69c0-a4df-e1da-1c42f2a60220,58443,97887,97,259.25
2026/10/10 22:36:35.506,GPU-deec06d9-69c0-a4df-e1da-1c42f2a60220,58443,97887,100,259.63
2026/10/10 22:36:36.046,GPU-deec06d9-69c0-a4df-e1da-1c42f2a60220,58443,97887,98,247.40
2026/10/10 22:36:36.583,GPU-deec06d9-69c0-a4df-e1da-1c42f2a60220,58443,97887,100,243.20
2026/10/10 22:36:37.118,GPU-deec06d9-69c0-a4df-e1da-1c42f2a60220,58443,97887,97,256.32
2026/10/10 22:36:37.651,GPU-deec06d9-69c0-a4df-e1da-1c42f2a60220,58443,97887,97,252.85
2026/10/10 22:36:38.183,GPU-deec06d9-69c0-a4df-e1da-1c42f2a60220,58443,97887,100,251.04
2026/10/10 22:36:38.716,GPU-deec06d9-69c0-a4df-e1da-1c42f2a60220,58443,97887,98,255.11
2026/10/10 22:36:39.249,GPU-deec06d9-69c0-a4df-e1da-1c42f2a60220,58443,97887,97,261.30
2026/10/10 22:36:39.786,GPU-deec06d9-69c0-a4df-e1da-1c42f2a60220,58443,97887,100,253.93
2026/10/10 22:36:40.322,GPU-deec06d9-69c0-a4df-e1da-1c42f2a60220,58443,97887,98,265.07
2026/10/10 22:36:40.856,GPU-deec06d9-69c0-a4df-e1da-1c42f2a60220,58443,97887,100,246.67
2026/10/10 22:36:41.391,GPU-deec06d9-69c0-a4df-e1da-1c42f2a60220,58443,97887,100,249.44
2026/10/10 22:36:41.923,GPU-deec06d9-69c0-a4df-e1da-1c42f2a60220,58443,97887,97,265.32
2026/10/10 22:36:42.456,GPU-deec06d9-69c0-a4df-e1da-1c42f2a60220,58443,97887,100,249.73
2026/10/10 22:36:42.987,GPU-deec06d9-69c0-a4df-e1da-1c42f2a60220,58443,97887,98,249.41
2026/10/10 22:36:43.520,GPU-deec06d9-69c0-a4df-e1da-1c42f2a60220,58443,97887,97,248.77
2026/10/10 22:36:44.053,GPU-deec06d9-69c0-a4df-e1da-1c42f2a60220,58443,97887,100,257.13
2026/10/10 22:36:44.586,GPU-deec06d9-69c0-a4df-e1da-1c42f2a60220,58443,97887,97,253.62
2026/10/10 22:36:45.124,GPU-deec06d9-69c0-a4df-e1da-1c42f2a60220,58443,97887,100,248.80
2026/10/10 22:36:45.659,GPU-deec06d9-69c0-a4df-e1da-1c42f2a60220,58443,97887,99,266.24
2026/10/10 22:36:46.198,GPU-deec06d9-69c0-a4df-e1da-1c42f2a60220,58443,97887,98,260.94
2026/10/10 22:36:46.746,GPU-deec06d9-69c0-a4df-e1da-1c42f2a60220,58443,97887,100,248.05
2026/10/10 22:36:47.294,GPU-deec06d9-69c0-a4df-e1da-1c42f2a60220,58443,97887,98,245.10
2026/10/10 22:36:47.827,GPU-deec06d9-69c0-a4df-e1da-1c42f2a60220,58443,97887,97,259.94
2026/10/10 22:36:48.360,GPU-deec06d9-69c0-a4df-e1da-1c42f2a60220,58443,97887,100,256.05
2026/10/10 22:36:48.893,GPU-deec06d9-69c0-a4df-e1da-1c42f2a60220,58443,97887,97,247.32
2026/10/10 22:36:49.428,GPU-deec06d9-69c0-a4df-e1da-1c42f2a60220,58443,97887,100,253.48
2026/10/10 22:36:49.961,GPU-deec06d9-69c0-a4df-e1da-1c42f2a60220,58443,97887,100,248.77
2026/10/10 22:36:50.503,GPU-deec06d9-69c0-a4df-e1da-1c42f2a60220,58443,97887,97,247.04
2026/10/10 22:36:51.035,GPU-deec06d9-69c0-a4df-e1da-1c42f2a60220,58443,97887,100,255.75
2026/10/10 22:36:51.567,GPU-deec06d9-69c0-a4df-e1da-1c42f2a60220,58443,97887,100,259.72
2026/10/10 22:36:52.105,GPU-deec06d9-69c0-a4df-e1da-1c42f2a60220,58443,97887,97,253.58
2026/10/10 22:36:52.635,GPU-deec06d9-69c0-a4df-e1da-1c42f2a60220,58443,97887,100,265.84
2026/10/10 22:36:53.162,GPU-deec06d9-69c0-a4df-e1da-1c42f2a60220,58443,97887,98,250.57
2026/10/10 22:36:53.689,GPU-deec06d9-69c0-a4df-e1da-1c42f2a60220,58443,97887,97,260.45
2026/10/10 22:36:54.221,GPU-deec06d9-69c0-a4df-e1da-1c42f2a60220,58443,97887,100,263.83
2026/10/10 22:36:54.753,GPU-deec06d9-69c0-a4df-e1da-1c42f2a60220,58443,97887,98,253.99
2026/10/10 22:36:55.317,GPU-deec06d9-69c0-a4df-e1da-1c42f2a60220,58443,97887,100,258.62
2026/10/10 22:36:55.849,GPU-deec06d9-69c0-a4df-e1da-1c42f2a60220,58443,97887,98,263.10
2026/10/10 22:36:56.378,GPU-deec06d9-69c0-a4df-e1da-1c42f2a60220,58443,97887,98,266.31
2026/10/10 22:36:56.911,GPU-deec06d9-69c0-a4df-e1da-1c42f2a60220,58443,97887,100,250.43
2026/10/10 22:36:57.443,GPU-deec06d9-69c0-a4df-e1da-1c42f2a60220,58443,97887,98,244.99
2026/10/10 22:36:57.973,GPU-deec06d9-69c0-a4df-e1da-1c42f2a60220,58443,97887,97,270.36
2026/10/10 22:36:58.508,GPU-deec06d9-69c0-a4df-e1da-1c42f2a60220,58443,97887,100,268.36
2026/10/10 22:36:59.038,GPU-deec06d9-69c0-a4df-e1da-1c42f2a60220,58443,97887,96,243.22
2026/10/10 22:36:59.574,GPU-deec06d9-69c0-a4df-e1da-1c42f2a60220,58443,97887,97,254.31
2026/10/10 22:37:00.107,GPU-deec06d9-69c0-a4df-e1da-1c42f2a60220,58443,97887,100,258.74
2026/10/10 22:37:00.645,GPU-deec06d9-69c0-a4df-e1da-1c42f2a60220,58443,97887,97,252.73
2026/10/10 22:37:01.176,GPU-deec06d9-69c0-a4df-e1da-1c42f2a60220,58443,97887,97,247.61
2026/10/10 22:37:01.706,GPU-deec06d9-69c0-a4df-e1da-1c42f2a60220,58443,97887,100,261.18
2026/10/10 22:37:02.236,GPU-deec06d9-69c0-a4df-e1da-1c42f2a60220,58443,97887,97,258.74
2026/10/10 22:37:02.765,GPU-deec06d9-69c0-a4df-e1da-1c42f2a60220,58443,97887,100,250.51
2026/10/10 22:37:03.294,GPU-deec06d9-69c0-a4df-e1da-1c42f2a60220,58443,97887,97,258.08
2026/10/10 22:37:03.824,GPU-deec06d9-69c0-a4df-e1da-1c42f2a60220,58443,97887,97,257.89
2026/10/10 22:37:04.352,GPU-deec06d9-69c0-a4df-e1da-1c42f2a60220,58443,97887,100,250.90
2026/10/10 22:37:04.880,GPU-deec06d9-69c0-a4df-e1da-1c42f2a60220,58443,97887,98,245.47
2026/10/10 22:37:05.408,GPU-deec06d9-69c0-a4df-e1da-1c42f2a60220,58443,97887,97,267.95
2026/10/10 22:37:05.940,GPU-deec06d9-69c0-a4df-e1da-1c42f2a60220,58443,97887,100,258.69
2026/10/10 22:37:06.469,GPU-deec06d9-69c0-a4df-e1da-1c42f2a60220,58443,97887,97,240.29
2026/10/10 22:37:06.997,GPU-deec06d9-69c0-a4df-e1da-1c42f2a60220,58443,97887,96,254.42
2026/10/10 22:37:07.527,GPU-deec06d9-69c0-a4df-e1da-1c42f2a60220,58443,97887,100,262.71
2026/10/10 22:37:08.057,GPU-deec06d9-69c0-a4df-e1da-1c42f2a60220,58443,97887,98,245.57
2026/10/10 22:37:08.586,GPU-deec06d9-69c0-a4df-e1da-1c42f2a60220,58443,97887,97,256.70
2026/10/10 22:37:09.115,GPU-deec06d9-69c0-a4df-e1da-1c42f2a60220,58443,97887,100,252.08
2026/10/10 22:37:09.646,GPU-deec06d9-69c0-a4df-e1da-1c42f2a60220,58443,97887,97,267.71
2026/10/10 22:37:10.174,GPU-deec06d9-69c0-a4df-e1da-1c42f2a60220,58443,97887,100,255.12
2026/10/10 22:37:10.717,GPU-deec06d9-69c0-a4df-e1da-1c42f2a60220,58443,97887,98,253.77
2026/10/10 22:37:11.246,GPU-deec06d9-69c0-a4df-e1da-1c42f2a60220,58443,97887,97,255.78
2026/10/10 22:37:11.774,GPU-deec06d9-69c0-a4df-e1da-1c42f2a60220,58443,97887,100,269.73
2026/10/10 22:37:12.303,GPU-deec06d9-69c0-a4df-e1da-1c42f2a60220,58443,97887,98,253.60
2026/10/10 22:37:12.831,GPU-deec06d9-69c0-a4df-e1da-1c42f2a60220,58443,97887,97,262.55
2026/10/10 22:37:13.361,GPU-deec06d9-69c0-a4df-e1da-1c42f2a60220,58443,97887,100,268.22
2026/10/10 22:37:13.891,GPU-deec06d9-69c0-a4df-e1da-1c42f2a60220,58443,97887,98,257.62
2026/10/10 22:37:14.419,GPU-deec06d9-69c0-a4df-e1da-1c42f2a60220,58443,97887,98,250.82
2026/10/10 22:37:14.948,GPU-deec06d9-69c0-a4df-e1da-1c42f2a60220,58443,97887,97,250.60
2026/10/10 22:37:15.477,GPU-deec06d9-69c0-a4df-e1da-1c42f2a60220,58443,97887,100,266.96
2026/10/10 22:37:16.005,GPU-deec06d9-69c0-a4df-e1da-1c42f2a60220,58443,97887,97,254.95
2026/10/10 22:37:16.538,GPU-deec06d9-69c0-a4df-e1da-1c42f2a60220,58443,97887,97,266.05
2026/10/10 22:37:17.068,GPU-deec06d9-69c0-a4df-e1da-1c42f2a60220,58443,97887,100,267.43
2026/10/10 22:37:17.596,GPU-deec06d9-69c0-a4df-e1da-1c42f2a60220,58443,97887,97,255.80
2026/10/10 22:37:18.126,GPU-deec06d9-69c0-a4df-e1da-1c42f2a60220,58443,97887,97,254.40
2026/10/10 22:37:18.662,GPU-deec06d9-69c0-a4df-e1da-1c42f2a60220,58443,97887,100,262.81
2026/10/10 22:37:19.191,GPU-deec06d9-69c0-a4df-e1da-1c42f2a60220,58443,97887,97,255.22
2026/10/10 22:37:19.729,GPU-deec06d9-69c0-a4df-e1da-1c42f2a60220,58443,97887,97,258.01
2026/10/10 22:37:20.260,GPU-deec06d9-69c0-a4df-e1da-1c42f2a60220,58443,97887,100,265.08
2026/10/10 22:37:20.798,GPU-deec06d9-69c0-a4df-e1da-1c42f2a60220,58443,97887,97,249.30
2026/10/10 22:37:21.331,GPU-deec06d9-69c0-a4df-e1da-1c42f2a60220,58443,97887,98,253.33
2026/10/10 22:37:21.867,GPU-deec06d9-69c0-a4df-e1da-1c42f2a60220,58443,97887,99,264.66
2026/10/10 22:37:22.400,GPU-deec06d9-69c0-a4df-e1da-1c42f2a60220,58443,97887,98,262.51
2026/10/10 22:37:22.938,GPU-deec06d9-69c0-a4df-e1da-1c42f2a60220,58443,97887,100,257.29
2026/10/10 22:37:23.474,GPU-deec06d9-69c0-a4df-e1da-1c42f2a60220,58443,97887,98,253.51
2026/10/10 22:37:24.006,GPU-deec06d9-69c0-a4df-e1da-1c42f2a60220,58443,97887,97,268.38
2026/10/10 22:37:24.537,GPU-deec06d9-69c0-a4df-e1da-1c42f2a60220,58443,97887,100,253.66
2026/10/10 22:37:25.067,GPU-deec06d9-69c0-a4df-e1da-1c42f2a60220,58443,97887,97,246.97
2026/10/10 22:37:25.602,GPU-deec06d9-69c0-a4df-e1da-1c42f2a60220,58443,97887,97,262.91
2026/10/10 22:37:26.143,GPU-deec06d9-69c0-a4df-e1da-1c42f2a60220,58443,97887,100,258.55
2026/10/10 22:37:26.674,GPU-deec06d9-69c0-a4df-e1da-1c42f2a60220,58443,97887,98,250.96
2026/10/10 22:37:27.205,GPU-deec06d9-69c0-a4df-e1da-1c42f2a60220,58443,97887,97,258.33
2026/10/10 22:37:27.734,GPU-deec06d9-69c0-a4df-e1da-1c42f2a60220,58443,97887,100,257.92
2026/10/10 22:37:28.262,GPU-deec06d9-69c0-a4df-e1da-1c42f2a60220,58443,97887,98,250.30
2026/10/10 22:37:28.790,GPU-deec06d9-69c0-a4df-e1da-1c42f2a60220,58443,97887,97,250.86
2026/10/10 22:37:29.318,GPU-deec06d9-69c0-a4df-e1da-1c42f2a60220,58443,97887,100,271.42
2026/10/10 22:37:29.845,GPU-deec06d9-69c0-a4df-e1da-1c42f2a60220,58443,97887,98,262.40
2026/10/10 22:37:30.372,GPU-deec06d9-69c0-a4df-e1da-1c42f2a60220,58443,97887,100,249.40
2026/10/10 22:37:30.902,GPU-deec06d9-69c0-a4df-e1da-1c42f2a60220,58443,97887,98,252.99
2026/10/10 22:37:31.430,GPU-deec06d9-69c0-a4df-e1da-1c42f2a60220,58443,97887,97,262.38
2026/10/10 22:37:31.962,GPU-deec06d9-69c0-a4df-e1da-1c42f2a60220,58443,97887,100,253.02
2026/10/10 22:37:32.490,GPU-deec06d9-69c0-a4df-e1da-1c42f2a60220,58443,97887,98,250.25
2026/10/10 22:37:33.018,GPU-deec06d9-69c0-a4df-e1da-1c42f2a60220,58443,97887,97,258.77
2026/10/10 22:37:33.544,GPU-deec06d9-69c0-a4df-e1da-1c42f2a60220,58443,97887,100,258.42
2026/10/10 22:37:34.073,GPU-deec06d9-69c0-a4df-e1da-1c42f2a60220,58443,97887,98,250.63
2026/10/10 22:37:34.602,GPU-deec06d9-69c0-a4df-e1da-1c42f2a60220,58443,97887,99,254.56
2026/10/10 22:37:35.132,GPU-deec06d9-69c0-a4df-e1da-1c42f2a60220,58443,97887,100,271.19
2026/10/10 22:37:35.659,GPU-deec06d9-69c0-a4df-e1da-1c42f2a60220,58443,97887,97,255.76
2026/10/10 22:37:36.187,GPU-deec06d9-69c0-a4df-e1da-1c42f2a60220,58443,97887,100,250.20
2026/10/10 22:37:36.714,GPU-deec06d9-69c0-a4df-e1da-1c42f2a60220,58443,97887,97,251.61
2026/10/10 22:37:37.245,GPU-deec06d9-69c0-a4df-e1da-1c42f2a60220,58443,97887,97,259.42
2026/10/10 22:37:37.775,GPU-deec06d9-69c0-a4df-e1da-1c42f2a60220,58443,97887,100,246.94
2026/10/10 22:37:38.303,GPU-deec06d9-69c0-a4df-e1da-1c42f2a60220,58443,97887,97,244.76
2026/10/10 22:37:38.830,GPU-deec06d9-69c0-a4df-e1da-1c42f2a60220,58443,97887,97,263.11
2026/10/10 22:37:39.358,GPU-deec06d9-69c0-a4df-e1da-1c42f2a60220,58443,97887,100,266.01
2026/10/10 22:37:39.886,GPU-deec06d9-69c0-a4df-e1da-1c42f2a60220,58443,97887,97,246.48
2026/10/10 22:37:40.425,GPU-deec06d9-69c0-a4df-e1da-1c42f2a60220,58443,97887,97,249.81
2026/10/10 22:37:40.955,GPU-deec06d9-69c0-a4df-e1da-1c42f2a60220,58443,97887,100,262.83
2026/10/10 22:37:41.484,GPU-deec06d9-69c0-a4df-e1da-1c42f2a60220,58443,97887,97,248.58
2026/10/10 22:37:42.011,GPU-deec06d9-69c0-a4df-e1da-1c42f2a60220,58443,97887,97,250.95
2026/10/10 22:37:42.552,GPU-deec06d9-69c0-a4df-e1da-1c42f2a60220,58443,97887,100,260.15
2026/10/10 22:37:43.082,GPU-deec06d9-69c0-a4df-e1da-1c42f2a60220,58443,97887,97,251.09
2026/10/10 22:37:43.610,GPU-deec06d9-69c0-a4df-e1da-1c42f2a60220,58443,97887,97,244.65
2026/10/10 22:37:44.138,GPU-deec06d9-69c0-a4df-e1da-1c42f2a60220,58443,97887,100,269.88
2026/10/10 22:37:44.665,GPU-deec06d9-69c0-a4df-e1da-1c42f2a60220,58443,97887,97,269.56
2026/10/10 22:37:45.192,GPU-deec06d9-69c0-a4df-e1da-1c42f2a60220,58443,97887,100,250.61
2026/10/10 22:37:45.722,GPU-deec06d9-69c0-a4df-e1da-1c42f2a60220,58443,97887,97,257.93
2026/10/10 22:37:46.250,GPU-deec06d9-69c0-a4df-e1da-1c42f2a60220,58443,97887,97,255.60
2026/10/10 22:37:46.778,GPU-deec06d9-69c0-a4df-e1da-1c42f2a60220,58443,97887,100,250.41
2026/10/10 22:37:47.306,GPU-deec06d9-69c0-a4df-e1da-1c42f2a60220,58443,97887,97,250.34
2026/10/10 22:37:47.834,GPU-deec06d9-69c0-a4df-e1da-1c42f2a60220,58443,97887,97,266.90
2026/10/10 22:37:48.390,GPU-deec06d9-69c0-a4df-e1da-1c42f2a60220,58443,97887,100,253.90
2026/10/10 22:37:48.925,GPU-deec06d9-69c0-a4df-e1da-1c42f2a60220,58443,97887,97,248.99
2026/10/10 22:37:49.463,GPU-deec06d9-69c0-a4df-e1da-1c42f2a60220,58443,97887,97,251.15
2026/10/10 22:37:49.996,GPU-deec06d9-69c0-a4df-e1da-1c42f2a60220,58443,97887,100,257.43
2026/10/10 22:37:50.535,GPU-deec06d9-69c0-a4df-e1da-1c42f2a60220,58443,97887,97,250.93
2026/10/10 22:37:51.075,GPU-deec06d9-69c0-a4df-e1da-1c42f2a60220,58443,97887,100,250.56
2026/10/10 22:37:51.606,GPU-deec06d9-69c0-a4df-e1da-1c42f2a60220,58443,97887,97,257.01
2026/10/10 22:37:52.144,GPU-deec06d9-69c0-a4df-e1da-1c42f2a60220,58443,97887,97,260.75
2026/10/10 22:37:52.679,GPU-deec06d9-69c0-a4df-e1da-1c42f2a60220,58443,97887,100,266.44
2026/10/10 22:37:53.213,GPU-deec06d9-69c0-a4df-e1da-1c42f2a60220,58443,97887,97,255.81
2026/10/10 22:37:53.746,GPU-deec06d9-69c0-a4df-e1da-1c42f2a60220,58443,97887,97,260.53
2026/10/10 22:37:54.283,GPU-deec06d9-69c0-a4df-e1da-1c42f2a60220,58443,97887,100,258.61
2026/10/10 22:37:54.816,GPU-deec06d9-69c0-a4df-e1da-1c42f2a60220,58443,97887,98,252.66
2026/10/10 22:37:55.353,GPU-deec06d9-69c0-a4df-e1da-1c42f2a60220,58443,97887,100,257.55
2026/10/10 22:37:55.898,GPU-deec06d9-69c0-a4df-e1da-1c42f2a60220,58443,97887,99,259.10
2026/10/10 22:37:56.429,GPU-deec06d9-69c0-a4df-e1da-1c42f2a60220,58443,97887,97,267.39
2026/10/10 22:37:56.968,GPU-deec06d9-69c0-a4df-e1da-1c42f2a60220,58443,97887,100,251.52
2026/10/10 22:37:57.502,GPU-deec06d9-69c0-a4df-e1da-1c42f2a60220,58443,97887,98,251.88
2026/10/10 22:37:58.036,GPU-deec06d9-69c0-a4df-e1da-1c42f2a60220,58443,97887,97,258.86
2026/10/10 22:37:58.570,GPU-deec06d9-69c0-a4df-e1da-1c42f2a60220,58443,97887,100,252.76
2026/10/10 22:37:59.102,GPU-deec06d9-69c0-a4df-e1da-1c42f2a60220,58443,97887,98,247.25
2026/10/10 22:37:59.634,GPU-deec06d9-69c0-a4df-e1da-1c42f2a60220,58443,97887,97,259.24
2026/10/10 22:38:00.165,GPU-deec06d9-69c0-a4df-e1da-1c42f2a60220,58443,97887,100,268.72
2026/10/10 22:38:00.699,GPU-deec06d9-69c0-a4df-e1da-1c42f2a60220,58443,97887,98,251.93
2026/10/10 22:38:01.235,GPU-deec06d9-69c0-a4df-e1da-1c42f2a60220,58443,97887,97,256.37
2026/10/10 22:38:01.765,GPU-deec06d9-69c0-a4df-e1da-1c42f2a60220,58443,97887,100,265.14
2026/10/10 22:38:02.296,GPU-deec06d9-69c0-a4df-e1da-1c42f2a60220,58443,97887,97,254.02
2026/10/10 22:38:02.825,GPU-deec06d9-69c0-a4df-e1da-1c42f2a60220,58443,97887,100,247.79
2026/10/10 22:38:03.358,GPU-deec06d9-69c0-a4df-e1da-1c42f2a60220,58443,97887,97,250.85
2026/10/10 22:38:03.889,GPU-deec06d9-69c0-a4df-e1da-1c42f2a60220,58443,97887,97,247.36
2026/10/10 22:38:04.419,GPU-deec06d9-69c0-a4df-e1da-1c42f2a60220,58443,97887,100,249.34
2026/10/10 22:38:04.947,GPU-deec06d9-69c0-a4df-e1da-1c42f2a60220,58443,97887,97,249.61
2026/10/10 22:38:05.476,GPU-deec06d9-69c0-a4df-e1da-1c42f2a60220,58443,97887,97,260.04
2026/10/10 22:38:06.003,GPU-deec06d9-69c0-a4df-e1da-1c42f2a60220,58443,97887,100,250.14
2026/10/10 22:38:06.531,GPU-deec06d9-69c0-a4df-e1da-1c42f2a60220,58443,97887,97,249.65
2026/10/10 22:38:07.059,GPU-deec06d9-69c0-a4df-e1da-1c42f2a60220,58443,97887,97,261.58
2026/10/10 22:38:07.588,GPU-deec06d9-69c0-a4df-e1da-1c42f2a60220,58443,97887,100,257.61
2026/10/10 22:38:08.120,GPU-deec06d9-69c0-a4df-e1da-1c42f2a60220,58443,97887,97,248.98
2026/10/10 22:38:08.650,GPU-deec06d9-69c0-a4df-e1da-1c42f2a60220,58443,97887,97,260.27
2026/10/10 22:38:09.178,GPU-deec06d9-69c0-a4df-e1da-1c42f2a60220,58443,97887,100,264.57
2026/10/10 22:38:09.708,GPU-deec06d9-69c0-a4df-e1da-1c42f2a60220,58443,97887,97,249.63
2026/10/10 22:38:10.236,GPU-deec06d9-69c0-a4df-e1da-1c42f2a60220,58443,97887,100,245.98
2026/10/10 22:38:10.769,GPU-deec06d9-69c0-a4df-e1da-1c42f2a60220,58443,97887,99,266.30
2026/10/10 22:38:11.299,GPU-deec06d9-69c0-a4df-e1da-1c42f2a60220,58443,97887,97,259.07
2026/10/10 22:38:11.839,GPU-deec06d9-69c0-a4df-e1da-1c42f2a60220,58443,97887,100,250.22
2026/10/10 22:38:12.474,GPU-deec06d9-69c0-a4df-e1da-1c42f2a60220,58443,97887,98,253.20
2026/10/10 22:38:13.175,GPU-deec06d9-69c0-a4df-e1da-1c42f2a60220,58443,97887,100,243.57
2026/10/10 22:38:14.115,GPU-deec06d9-69c0-a4df-e1da-1c42f2a60220,58443,97887,97,248.46
2026/10/10 22:38:14.758,GPU-deec06d9-69c0-a4df-e1da-1c42f2a60220,58443,97887,100,248.97
2026/10/10 22:38:15.428,GPU-deec06d9-69c0-a4df-e1da-1c42f2a60220,58443,97887,97,253.76
2026/10/10 22:38:15.966,GPU-deec06d9-69c0-a4df-e1da-1c42f2a60220,58443,97887,100,257.74
2026/10/10 22:38:16.524,GPU-deec06d9-69c0-a4df-e1da-1c42f2a60220,58443,97887,98,252.93
2026/10/10 22:38:17.058,GPU-deec06d9-69c0-a4df-e1da-1c42f2a60220,58443,97887,97,263.73
2026/10/10 22:38:17.811,GPU-deec06d9-69c0-a4df-e1da-1c42f2a60220,58443,97887,100,261.05
2026/10/10 22:38:18.547,GPU-deec06d9-69c0-a4df-e1da-1c42f2a60220,58443,97887,97,258.83
2026/10/10 22:38:19.476,GPU-deec06d9-69c0-a4df-e1da-1c42f2a60220,58443,97887,98,249.62
2026/10/10 22:38:20.195,GPU-deec06d9-69c0-a4df-e1da-1c42f2a60220,58443,97887,100,248.76
2026/10/10 22:38:20.744,GPU-deec06d9-69c0-a4df-e1da-1c42f2a60220,58443,97887,98,254.96
2026/10/10 22:38:21.578,GPU-deec06d9-69c0-a4df-e1da-1c42f2a60220,58443,97887,100,249.10
2026/10/10 22:38:22.209,GPU-deec06d9-69c0-a4df-e1da-1c42f2a60220,58443,97887,100,259.15
2026/10/10 22:38:22.894,GPU-deec06d9-69c0-a4df-e1da-1c42f2a60220,58443,97887,97,259.50
2026/10/10 22:38:23.446,GPU-deec06d9-69c0-a4df-e1da-1c42f2a60220,58443,97887,100,258.25
2026/10/10 22:38:24.008,GPU-deec06d9-69c0-a4df-e1da-1c42f2a60220,58443,97887,98,265.91
2026/10/10 22:38:24.538,GPU-deec06d9-69c0-a4df-e1da-1c42f2a60220,58443,97887,100,257.32
2026/10/10 22:38:25.067,GPU-deec06d9-69c0-a4df-e1da-1c42f2a60220,58443,97887,100,260.60
2026/10/10 22:38:25.598,GPU-deec06d9-69c0-a4df-e1da-1c42f2a60220,58443,97887,97,250.23
2026/10/10 22:38:26.127,GPU-deec06d9-69c0-a4df-e1da-1c42f2a60220,58443,97887,100,251.75
2026/10/10 22:38:26.658,GPU-deec06d9-69c0-a4df-e1da-1c42f2a60220,58443,97887,99,258.63
2026/10/10 22:38:27.188,GPU-deec06d9-69c0-a4df-e1da-1c42f2a60220,58443,97887,97,260.55
2026/10/10 22:38:27.717,GPU-deec06d9-69c0-a4df-e1da-1c42f2a60220,58443,97887,100,261.54
2026/10/10 22:38:28.248,GPU-deec06d9-69c0-a4df-e1da-1c42f2a60220,58443,97887,98,257.20
2026/10/10 22:38:28.782,GPU-deec06d9-69c0-a4df-e1da-1c42f2a60220,58443,97887,97,261.60
2026/10/10 22:38:29.311,GPU-deec06d9-69c0-a4df-e1da-1c42f2a60220,58443,97887,100,254.83
2026/10/10 22:38:29.842,GPU-deec06d9-69c0-a4df-e1da-1c42f2a60220,58443,97887,97,264.99
2026/10/10 22:38:30.370,GPU-deec06d9-69c0-a4df-e1da-1c42f2a60220,58443,97887,100,259.35
2026/10/10 22:38:30.900,GPU-deec06d9-69c0-a4df-e1da-1c42f2a60220,58443,97887,100,262.26
2026/10/10 22:38:31.429,GPU-deec06d9-69c0-a4df-e1da-1c42f2a60220,58443,97887,98,267.21
2026/10/10 22:38:31.959,GPU-deec06d9-69c0-a4df-e1da-1c42f2a60220,58443,97887,100,252.93
2026/10/10 22:38:32.490,GPU-deec06d9-69c0-a4df-e1da-1c42f2a60220,58443,97887,98,256.95
2026/10/10 22:38:33.019,GPU-deec06d9-69c0-a4df-e1da-1c42f2a60220,58443,97887,97,259.29
2026/10/10 22:38:33.549,GPU-deec06d9-69c0-a4df-e1da-1c42f2a60220,58443,97887,100,266.54
2026/10/10 22:38:34.079,GPU-deec06d9-69c0-a4df-e1da-1c42f2a60220,58443,97887,98,255.80
2026/10/10 22:38:34.610,GPU-deec06d9-69c0-a4df-e1da-1c42f2a60220,58443,97887,97,263.04
2026/10/10 22:38:35.141,GPU-deec06d9-69c0-a4df-e1da-1c42f2a60220,58443,97887,100,262.00
2026/10/10 22:38:35.670,GPU-deec06d9-69c0-a4df-e1da-1c42f2a60220,58443,97887,97,252.33
2026/10/10 22:38:36.202,GPU-deec06d9-69c0-a4df-e1da-1c42f2a60220,58443,97887,99,257.13
2026/10/10 22:38:36.733,GPU-deec06d9-69c0-a4df-e1da-1c42f2a60220,58443,97887,100,266.55
2026/10/10 22:38:37.273,GPU-deec06d9-69c0-a4df-e1da-1c42f2a60220,58443,97887,97,265.08
2026/10/10 22:38:37.814,GPU-deec06d9-69c0-a4df-e1da-1c42f2a60220,58443,97887,100,250.43
2026/10/10 22:38:38.347,GPU-deec06d9-69c0-a4df-e1da-1c42f2a60220,58443,97887,98,256.59
2026/10/10 22:38:38.880,GPU-deec06d9-69c0-a4df-e1da-1c42f2a60220,58443,97887,97,263.17
2026/10/10 22:38:39.428,GPU-deec06d9-69c0-a4df-e1da-1c42f2a60220,58443,97887,100,253.06
2026/10/10 22:38:39.972,GPU-deec06d9-69c0-a4df-e1da-1c42f2a60220,58443,97887,98,246.36
2026/10/10 22:38:40.505,GPU-deec06d9-69c0-a4df-e1da-1c42f2a60220,58443,97887,97,259.10
2026/10/10 22:38:41.037,GPU-deec06d9-69c0-a4df-e1da-1c42f2a60220,58443,97887,100,250.16
2026/10/10 22:38:41.568,GPU-deec06d9-69c0-a4df-e1da-1c42f2a60220,58443,97887,97,248.05
2026/10/10 22:38:42.099,GPU-deec06d9-69c0-a4df-e1da-1c42f2a60220,58443,97887,100,247.13
2026/10/10 22:38:42.629,GPU-deec06d9-69c0-a4df-e1da-1c42f2a60220,58443,97887,98,245.26
2026/10/10 22:38:43.160,GPU-deec06d9-69c0-a4df-e1da-1c42f2a60220,58443,97887,97,258.86
2026/10/10 22:38:43.690,GPU-deec06d9-69c0-a4df-e1da-1c42f2a60220,58443,97887,100,246.12
2026/10/10 22:38:44.218,GPU-deec06d9-69c0-a4df-e1da-1c42f2a60220,58443,97887,98,255.53
2026/10/10 22:38:44.749,GPU-deec06d9-69c0-a4df-e1da-1c42f2a60220,58443,97887,97,251.31
2026/10/10 22:38:45.279,GPU-deec06d9-69c0-a4df-e1da-1c42f2a60220,58443,97887,100,266.46
2026/10/10 22:38:45.810,GPU-deec06d9-69c0-a4df-e1da-1c42f2a60220,58443,97887,98,251.65
2026/10/10 22:38:46.339,GPU-deec06d9-69c0-a4df-e1da-1c42f2a60220,58443,97887,97,248.85
2026/10/10 22:38:46.867,GPU-deec06d9-69c0-a4df-e1da-1c42f2a60220,58443,97887,100,261.86
2026/10/10 22:38:47.398,GPU-deec06d9-69c0-a4df-e1da-1c42f2a60220,58443,97887,98,265.84
2026/10/10 22:38:47.926,GPU-deec06d9-69c0-a4df-e1da-1c42f2a60220,58443,97887,99,249.17
2026/10/10 22:38:48.456,GPU-deec06d9-69c0-a4df-e1da-1c42f2a60220,58443,97887,100,252.06
2026/10/10 22:38:48.986,GPU-deec06d9-69c0-a4df-e1da-1c42f2a60220,58443,97887,97,267.41
2026/10/10 22:38:49.518,GPU-deec06d9-69c0-a4df-e1da-1c42f2a60220,58443,97887,100,267.50
2026/10/10 22:38:50.049,GPU-deec06d9-69c0-a4df-e1da-1c42f2a60220,58443,97887,98,247.83
2026/10/10 22:38:50.581,GPU-deec06d9-69c0-a4df-e1da-1c42f2a60220,58443,97887,97,250.15
2026/10/10 22:38:51.109,GPU-deec06d9-69c0-a4df-e1da-1c42f2a60220,58443,97887,97,267.51
2026/10/10 22:38:51.639,GPU-deec06d9-69c0-a4df-e1da-1c42f2a60220,58443,97887,100,254.87
2026/10/10 22:38:52.169,GPU-deec06d9-69c0-a4df-e1da-1c42f2a60220,58443,97887,97,244.63
2026/10/10 22:38:52.703,GPU-deec06d9-69c0-a4df-e1da-1c42f2a60220,58443,97887,97,258.39
2026/10/10 22:38:53.234,GPU-deec06d9-69c0-a4df-e1da-1c42f2a60220,58443,97887,100,259.53
2026/10/10 22:38:53.767,GPU-deec06d9-69c0-a4df-e1da-1c42f2a60220,58443,97887,98,252.41
2026/10/10 22:38:54.299,GPU-deec06d9-69c0-a4df-e1da-1c42f2a60220,58443,97887,98,249.98
2026/10/10 22:38:54.830,GPU-deec06d9-69c0-a4df-e1da-1c42f2a60220,58443,97887,100,260.79
2026/10/10 22:38:55.370,GPU-deec06d9-69c0-a4df-e1da-1c42f2a60220,58443,97887,97,261.25
2026/10/10 22:38:55.903,GPU-deec06d9-69c0-a4df-e1da-1c42f2a60220,58443,97887,100,252.48
2026/10/10 22:38:56.434,GPU-deec06d9-69c0-a4df-e1da-1c42f2a60220,58443,97887,100,267.23
2026/10/10 22:38:56.964,GPU-deec06d9-69c0-a4df-e1da-1c42f2a60220,58443,97887,97,260.97
2026/10/10 22:38:57.497,GPU-deec06d9-69c0-a4df-e1da-1c42f2a60220,58443,97887,100,248.24
2026/10/10 22:38:58.028,GPU-deec06d9-69c0-a4df-e1da-1c42f2a60220,58443,97887,97,257.35
2026/10/10 22:38:58.560,GPU-deec06d9-69c0-a4df-e1da-1c42f2a60220,58443,97887,97,248.65
2026/10/10 22:38:59.092,GPU-deec06d9-69c0-a4df-e1da-1c42f2a60220,58443,97887,100,250.41
2026/10/10 22:38:59.622,GPU-deec06d9-69c0-a4df-e1da-1c42f2a60220,58443,97887,98,247.43
2026/10/10 22:39:00.152,GPU-deec06d9-69c0-a4df-e1da-1c42f2a60220,58443,97887,99,259.55
2026/10/10 22:39:00.684,GPU-deec06d9-69c0-a4df-e1da-1c42f2a60220,58443,97887,100,252.10
2026/10/10 22:39:01.217,GPU-deec06d9-69c0-a4df-e1da-1c42f2a60220,58443,97887,98,250.18
2026/10/10 22:39:01.746,GPU-deec06d9-69c0-a4df-e1da-1c42f2a60220,58443,97887,97,254.55
2026/10/10 22:39:02.288,GPU-deec06d9-69c0-a4df-e1da-1c42f2a60220,58443,97887,100,263.07
2026/10/10 22:39:02.825,GPU-deec06d9-69c0-a4df-e1da-1c42f2a60220,58443,97887,98,248.06
2026/10/10 22:39:03.368,GPU-deec06d9-69c0-a4df-e1da-1c42f2a60220,58443,97887,100,248.95
2026/10/10 22:39:03.905,GPU-deec06d9-69c0-a4df-e1da-1c42f2a60220,58443,97887,100,259.54
2026/10/10 22:39:04.759,GPU-deec06d9-69c0-a4df-e1da-1c42f2a60220,58443,97887,100,258.65
2026/10/10 22:39:05.306,GPU-deec06d9-69c0-a4df-e1da-1c42f2a60220,58443,97887,99,259.39
2026/10/10 22:39:06.345,GPU-deec06d9-69c0-a4df-e1da-1c42f2a60220,58443,97887,100,246.77
2026/10/10 22:39:07.298,GPU-deec06d9-69c0-a4df-e1da-1c42f2a60220,58443,97887,98,259.79
2026/10/10 22:39:07.926,GPU-deec06d9-69c0-a4df-e1da-1c42f2a60220,58443,97887,100,250.00
2026/10/10 22:39:08.465,GPU-deec06d9-69c0-a4df-e1da-1c42f2a60220,58443,97887,98,249.54
2026/10/10 22:39:08.994,GPU-deec06d9-69c0-a4df-e1da-1c42f2a60220,58443,97887,100,239.89
2026/10/10 22:39:09.527,GPU-deec06d9-69c0-a4df-e1da-1c42f2a60220,58443,97887,100,246.26
2026/10/10 22:39:10.056,GPU-deec06d9-69c0-a4df-e1da-1c42f2a60220,58443,97887,98,263.64
2026/10/10 22:39:10.588,GPU-deec06d9-69c0-a4df-e1da-1c42f2a60220,58443,97887,100,251.89
2026/10/10 22:39:11.118,GPU-deec06d9-69c0-a4df-e1da-1c42f2a60220,58443,97887,100,263.09
2026/10/10 22:39:11.648,GPU-deec06d9-69c0-a4df-e1da-1c42f2a60220,58443,97887,97,253.81
2026/10/10 22:39:12.177,GPU-deec06d9-69c0-a4df-e1da-1c42f2a60220,58443,97887,100,264.10
2026/10/10 22:39:12.706,GPU-deec06d9-69c0-a4df-e1da-1c42f2a60220,58443,97887,98,252.43
2026/10/10 22:39:13.234,GPU-deec06d9-69c0-a4df-e1da-1c42f2a60220,58443,97887,98,256.05
2026/10/10 22:39:13.761,GPU-deec06d9-69c0-a4df-e1da-1c42f2a60220,58443,97887,100,259.44
2026/10/10 22:39:14.291,GPU-deec06d9-69c0-a4df-e1da-1c42f2a60220,58443,97887,97,253.09
2026/10/10 22:39:14.820,GPU-deec06d9-69c0-a4df-e1da-1c42f2a60220,58443,97887,98,259.91
2026/10/10 22:39:15.349,GPU-deec06d9-69c0-a4df-e1da-1c42f2a60220,58443,97887,100,260.01
2026/10/10 22:39:15.886,GPU-deec06d9-69c0-a4df-e1da-1c42f2a60220,58443,97887,98,266.34
2026/10/10 22:39:16.413,GPU-deec06d9-69c0-a4df-e1da-1c42f2a60220,58443,97887,100,259.53
2026/10/10 22:39:16.943,GPU-deec06d9-69c0-a4df-e1da-1c42f2a60220,58443,97887,100,263.49
2026/10/10 22:39:17.470,GPU-deec06d9-69c0-a4df-e1da-1c42f2a60220,58443,97887,97,262.94
2026/10/10 22:39:17.999,GPU-deec06d9-69c0-a4df-e1da-1c42f2a60220,58443,97887,100,263.83
2026/10/10 22:39:18.526,GPU-deec06d9-69c0-a4df-e1da-1c42f2a60220,58443,97887,98,258.07
2026/10/10 22:39:19.053,GPU-deec06d9-69c0-a4df-e1da-1c42f2a60220,58443,97887,97,263.51
2026/10/10 22:39:19.582,GPU-deec06d9-69c0-a4df-e1da-1c42f2a60220,58443,97887,100,268.05
2026/10/10 22:39:20.109,GPU-deec06d9-69c0-a4df-e1da-1c42f2a60220,58443,97887,98,259.24
2026/10/10 22:39:20.637,GPU-deec06d9-69c0-a4df-e1da-1c42f2a60220,58443,97887,100,255.59
2026/10/10 22:39:21.164,GPU-deec06d9-69c0-a4df-e1da-1c42f2a60220,58443,97887,100,258.77
2026/10/10 22:39:21.693,GPU-deec06d9-69c0-a4df-e1da-1c42f2a60220,58443,97887,98,264.56
2026/10/10 22:39:22.222,GPU-deec06d9-69c0-a4df-e1da-1c42f2a60220,58443,97887,100,251.60
2026/10/10 22:39:22.748,GPU-deec06d9-69c0-a4df-e1da-1c42f2a60220,58443,97887,100,260.71
2026/10/10 22:39:23.274,GPU-deec06d9-69c0-a4df-e1da-1c42f2a60220,58443,97887,97,270.65
2026/10/10 22:39:23.802,GPU-deec06d9-69c0-a4df-e1da-1c42f2a60220,58443,97887,100,260.10
2026/10/10 22:39:24.330,GPU-deec06d9-69c0-a4df-e1da-1c42f2a60220,58443,97887,98,258.99
2026/10/10 22:39:24.859,GPU-deec06d9-69c0-a4df-e1da-1c42f2a60220,58443,97887,98,251.71
2026/10/10 22:39:25.388,GPU-deec06d9-69c0-a4df-e1da-1c42f2a60220,58443,97887,100,266.61
2026/10/10 22:39:25.916,GPU-deec06d9-69c0-a4df-e1da-1c42f2a60220,58443,97887,97,258.98
2026/10/10 22:39:26.445,GPU-deec06d9-69c0-a4df-e1da-1c42f2a60220,58443,97887,97,263.14
2026/10/10 22:39:26.978,GPU-deec06d9-69c0-a4df-e1da-1c42f2a60220,58443,97887,100,259.00
2026/10/10 22:39:27.507,GPU-deec06d9-69c0-a4df-e1da-1c42f2a60220,58443,97887,97,249.82
2026/10/10 22:39:28.036,GPU-deec06d9-69c0-a4df-e1da-1c42f2a60220,58443,97887,99,257.11
2026/10/10 22:39:28.565,GPU-deec06d9-69c0-a4df-e1da-1c42f2a60220,58443,97887,100,253.28
2026/10/10 22:39:29.092,GPU-deec06d9-69c0-a4df-e1da-1c42f2a60220,58443,97887,98,268.28
2026/10/10 22:39:29.624,GPU-deec06d9-69c0-a4df-e1da-1c42f2a60220,58443,97887,100,250.70
2026/10/10 22:39:30.151,GPU-deec06d9-69c0-a4df-e1da-1c42f2a60220,58443,97887,100,261.55
2026/10/10 22:39:30.682,GPU-deec06d9-69c0-a4df-e1da-1c42f2a60220,58443,97887,97,270.56
2026/10/10 22:39:31.214,GPU-deec06d9-69c0-a4df-e1da-1c42f2a60220,58443,97887,100,258.33
2026/10/10 22:39:31.748,GPU-deec06d9-69c0-a4df-e1da-1c42f2a60220,58443,97887,98,256.61
2026/10/10 22:39:32.285,GPU-deec06d9-69c0-a4df-e1da-1c42f2a60220,58443,97887,97,266.32
2026/10/10 22:39:32.820,GPU-deec06d9-69c0-a4df-e1da-1c42f2a60220,58443,97887,100,262.28
2026/10/10 22:39:33.357,GPU-deec06d9-69c0-a4df-e1da-1c42f2a60220,58443,97887,98,258.03
2026/10/10 22:39:33.890,GPU-deec06d9-69c0-a4df-e1da-1c42f2a60220,58443,97887,97,247.46
2026/10/10 22:39:34.427,GPU-deec06d9-69c0-a4df-e1da-1c42f2a60220,58443,97887,100,266.98
2026/10/10 22:39:34.962,GPU-deec06d9-69c0-a4df-e1da-1c42f2a60220,58443,97887,98,263.30
2026/10/10 22:39:35.498,GPU-deec06d9-69c0-a4df-e1da-1c42f2a60220,58443,97887,99,246.59
2026/10/10 22:39:36.039,GPU-deec06d9-69c0-a4df-e1da-1c42f2a60220,58443,97887,98,251.40
2026/10/10 22:39:36.579,GPU-deec06d9-69c0-a4df-e1da-1c42f2a60220,58443,97887,97,260.60
2026/10/10 22:39:37.110,GPU-deec06d9-69c0-a4df-e1da-1c42f2a60220,58443,97887,100,245.59
2026/10/10 22:39:37.643,GPU-deec06d9-69c0-a4df-e1da-1c42f2a60220,58443,97887,98,241.34
2026/10/10 22:39:38.176,GPU-deec06d9-69c0-a4df-e1da-1c42f2a60220,58443,97887,97,259.08
2026/10/10 22:39:38.710,GPU-deec06d9-69c0-a4df-e1da-1c42f2a60220,58443,97887,100,252.24
2026/10/10 22:39:39.248,GPU-deec06d9-69c0-a4df-e1da-1c42f2a60220,58443,97887,97,251.01
2026/10/10 22:39:39.784,GPU-deec06d9-69c0-a4df-e1da-1c42f2a60220,58443,97887,97,258.43
2026/10/10 22:39:40.319,GPU-deec06d9-69c0-a4df-e1da-1c42f2a60220,58443,97887,100,258.59
2026/10/10 22:39:40.852,GPU-deec06d9-69c0-a4df-e1da-1c42f2a60220,58443,97887,97,245.44
2026/10/10 22:39:41.387,GPU-deec06d9-69c0-a4df-e1da-1c42f2a60220,58443,97887,97,248.30
2026/10/10 22:39:41.916,GPU-deec06d9-69c0-a4df-e1da-1c42f2a60220,58443,97887,100,253.33
2026/10/10 22:39:42.458,GPU-deec06d9-69c0-a4df-e1da-1c42f2a60220,58443,97887,97,249.55
2026/10/10 22:39:42.989,GPU-deec06d9-69c0-a4df-e1da-1c42f2a60220,58443,97887,100,253.40
2026/10/10 22:39:43.520,GPU-deec06d9-69c0-a4df-e1da-1c42f2a60220,58443,97887,100,260.90
2026/10/10 22:39:44.196,GPU-deec06d9-69c0-a4df-e1da-1c42f2a60220,58443,97887,97,262.19
2026/10/10 22:39:44.737,GPU-deec06d9-69c0-a4df-e1da-1c42f2a60220,58443,97887,100,254.26
2026/10/10 22:39:45.693,GPU-deec06d9-69c0-a4df-e1da-1c42f2a60220,58443,97887,97,253.43
2026/10/10 22:39:46.496,GPU-deec06d9-69c0-a4df-e1da-1c42f2a60220,58443,97887,98,253.01
2026/10/10 22:39:47.056,GPU-deec06d9-69c0-a4df-e1da-1c42f2a60220,58443,97887,97,247.42
2026/10/10 22:39:47.590,GPU-deec06d9-69c0-a4df-e1da-1c42f2a60220,58443,97887,100,251.26
2026/10/10 22:39:48.120,GPU-deec06d9-69c0-a4df-e1da-1c42f2a60220,58443,97887,97,249.97
2026/10/10 22:39:48.653,GPU-deec06d9-69c0-a4df-e1da-1c42f2a60220,58443,97887,97,259.20
2026/10/10 22:39:49.184,GPU-deec06d9-69c0-a4df-e1da-1c42f2a60220,58443,97887,100,257.68
2026/10/10 22:39:49.718,GPU-deec06d9-69c0-a4df-e1da-1c42f2a60220,58443,97887,97,257.07
2026/10/10 22:39:50.250,GPU-deec06d9-69c0-a4df-e1da-1c42f2a60220,58443,97887,100,257.29
2026/10/10 22:39:50.785,GPU-deec06d9-69c0-a4df-e1da-1c42f2a60220,58443,97887,100,261.59
2026/10/10 22:39:51.318,GPU-deec06d9-69c0-a4df-e1da-1c42f2a60220,58443,97887,97,269.34
2026/10/10 22:39:51.845,GPU-deec06d9-69c0-a4df-e1da-1c42f2a60220,58443,97887,100,254.28
2026/10/10 22:39:52.382,GPU-deec06d9-69c0-a4df-e1da-1c42f2a60220,58443,97887,100,260.20
2026/10/10 22:39:52.918,GPU-deec06d9-69c0-a4df-e1da-1c42f2a60220,58443,97887,95,261.64
2026/10/10 22:39:53.455,GPU-deec06d9-69c0-a4df-e1da-1c42f2a60220,58443,97887,100,255.19
2026/10/10 22:39:53.993,GPU-deec06d9-69c0-a4df-e1da-1c42f2a60220,58443,97887,97,245.92
2026/10/10 22:39:54.530,GPU-deec06d9-69c0-a4df-e1da-1c42f2a60220,58443,97887,97,262.96
2026/10/10 22:39:55.072,GPU-deec06d9-69c0-a4df-e1da-1c42f2a60220,58443,97887,100,262.07
2026/10/10 22:39:55.607,GPU-deec06d9-69c0-a4df-e1da-1c42f2a60220,58443,97887,97,250.67
2026/10/10 22:39:56.149,GPU-deec06d9-69c0-a4df-e1da-1c42f2a60220,58443,97887,97,247.52
2026/10/10 22:39:56.680,GPU-deec06d9-69c0-a4df-e1da-1c42f2a60220,58443,97887,100,260.09
2026/10/10 22:39:57.218,GPU-deec06d9-69c0-a4df-e1da-1c42f2a60220,58443,97887,97,250.36
2026/10/10 22:39:57.759,GPU-deec06d9-69c0-a4df-e1da-1c42f2a60220,58443,97887,100,244.31
2026/10/10 22:39:58.296,GPU-deec06d9-69c0-a4df-e1da-1c42f2a60220,58443,97887,97,261.40
2026/10/10 22:39:58.835,GPU-deec06d9-69c0-a4df-e1da-1c42f2a60220,58443,97887,95,258.69
2026/10/10 22:39:59.376,GPU-deec06d9-69c0-a4df-e1da-1c42f2a60220,58443,97887,99,277.77
2026/10/10 22:39:59.918,GPU-deec06d9-69c0-a4df-e1da-1c42f2a60220,58443,97887,99,282.87
2026/10/10 22:40:00.457,GPU-deec06d9-69c0-a4df-e1da-1c42f2a60220,58443,97887,99,259.75
2026/10/10 22:40:00.997,GPU-deec06d9-69c0-a4df-e1da-1c42f2a60220,58443,97887,98,280.78
2026/10/10 22:40:01.536,GPU-deec06d9-69c0-a4df-e1da-1c42f2a60220,58443,97887,99,265.91
2026/10/10 22:40:02.082,GPU-deec06d9-69c0-a4df-e1da-1c42f2a60220,58443,97887,99,266.56
2026/10/10 22:40:02.620,GPU-deec06d9-69c0-a4df-e1da-1c42f2a60220,58443,97887,99,268.25
2026/10/10 22:40:03.161,GPU-deec06d9-69c0-a4df-e1da-1c42f2a60220,58443,97887,99,265.16
2026/10/10 22:40:03.702,GPU-deec06d9-69c0-a4df-e1da-1c42f2a60220,58443,97887,99,269.87
2026/10/10 22:40:04.245,GPU-deec06d9-69c0-a4df-e1da-1c42f2a60220,58443,97887,99,261.40
2026/10/10 22:40:04.791,GPU-deec06d9-69c0-a4df-e1da-1c42f2a60220,58443,97887,99,273.14
2026/10/10 22:40:05.334,GPU-deec06d9-69c0-a4df-e1da-1c42f2a60220,58443,97887,99,263.42
2026/10/10 22:40:05.880,GPU-deec06d9-69c0-a4df-e1da-1c42f2a60220,58443,97887,99,265.38
2026/10/10 22:40:06.421,GPU-deec06d9-69c0-a4df-e1da-1c42f2a60220,58443,97887,99,285.03
2026/10/10 22:40:06.962,GPU-deec06d9-69c0-a4df-e1da-1c42f2a60220,58443,97887,99,277.22
2026/10/10 22:40:07.498,GPU-deec06d9-69c0-a4df-e1da-1c42f2a60220,58443,97887,99,265.22
2026/10/10 22:40:08.039,GPU-deec06d9-69c0-a4df-e1da-1c42f2a60220,58443,97887,98,258.98
2026/10/10 22:40:08.576,GPU-deec06d9-69c0-a4df-e1da-1c42f2a60220,58443,97887,99,287.57
2026/10/10 22:40:09.113,GPU-deec06d9-69c0-a4df-e1da-1c42f2a60220,58443,97887,99,298.49
2026/10/10 22:40:09.653,GPU-deec06d9-69c0-a4df-e1da-1c42f2a60220,58443,97887,100,266.94
2026/10/10 22:40:10.184,GPU-deec06d9-69c0-a4df-e1da-1c42f2a60220,58443,97887,99,234.88
2026/10/10 22:40:10.721,GPU-deec06d9-69c0-a4df-e1da-1c42f2a60220,58443,97887,99,240.43
2026/10/10 22:40:11.260,GPU-deec06d9-69c0-a4df-e1da-1c42f2a60220,58443,97887,99,246.91
2026/10/10 22:40:11.798,GPU-deec06d9-69c0-a4df-e1da-1c42f2a60220,58443,97887,99,253.57
2026/10/10 22:40:12.335,GPU-deec06d9-69c0-a4df-e1da-1c42f2a60220,58443,97887,99,242.64
2026/10/10 22:40:12.870,GPU-deec06d9-69c0-a4df-e1da-1c42f2a60220,58443,97887,99,237.88
2026/10/10 22:40:13.405,GPU-deec06d9-69c0-a4df-e1da-1c42f2a60220,58443,97887,99,246.99
2026/10/10 22:40:13.943,GPU-deec06d9-69c0-a4df-e1da-1c42f2a60220,58443,97887,99,247.17
2026/10/10 22:40:14.483,GPU-deec06d9-69c0-a4df-e1da-1c42f2a60220,58443,97887,99,237.87
2026/10/10 22:40:15.025,GPU-deec06d9-69c0-a4df-e1da-1c42f2a60220,58443,97887,99,255.62
2026/10/10 22:40:15.565,GPU-deec06d9-69c0-a4df-e1da-1c42f2a60220,58443,97887,99,248.97
2026/10/10 22:40:16.103,GPU-deec06d9-69c0-a4df-e1da-1c42f2a60220,58443,97887,100,250.09
2026/10/10 22:40:16.644,GPU-deec06d9-69c0-a4df-e1da-1c42f2a60220,58443,97887,99,239.87
2026/10/10 22:40:17.183,GPU-deec06d9-69c0-a4df-e1da-1c42f2a60220,58443,97887,99,242.02
2026/10/10 22:40:17.721,GPU-deec06d9-69c0-a4df-e1da-1c42f2a60220,58443,97887,98,245.12
2026/10/10 22:40:18.261,GPU-deec06d9-69c0-a4df-e1da-1c42f2a60220,58443,97887,99,250.37
2026/10/10 22:40:18.803,GPU-deec06d9-69c0-a4df-e1da-1c42f2a60220,58443,97887,99,246.84
2026/10/10 22:40:19.343,GPU-deec06d9-69c0-a4df-e1da-1c42f2a60220,58443,97887,100,241.33
2026/10/10 22:40:19.883,GPU-deec06d9-69c0-a4df-e1da-1c42f2a60220,58443,97887,99,247.79
2026/10/10 22:40:20.427,GPU-deec06d9-69c0-a4df-e1da-1c42f2a60220,58443,97887,100,251.57
2026/10/10 22:40:20.968,GPU-deec06d9-69c0-a4df-e1da-1c42f2a60220,58443,97887,99,250.44
2026/10/10 22:40:21.511,GPU-deec06d9-69c0-a4df-e1da-1c42f2a60220,58443,97887,99,245.79
2026/10/10 22:40:22.051,GPU-deec06d9-69c0-a4df-e1da-1c42f2a60220,58443,97887,99,247.77
2026/10/10 22:40:22.588,GPU-deec06d9-69c0-a4df-e1da-1c42f2a60220,58443,97887,99,240.63
2026/10/10 22:40:23.127,GPU-deec06d9-69c0-a4df-e1da-1c42f2a60220,58443,97887,99,255.54
2026/10/10 22:40:23.937,GPU-deec06d9-69c0-a4df-e1da-1c42f2a60220,58443,97887,100,251.89
2026/10/10 22:40:24.612,GPU-deec06d9-69c0-a4df-e1da-1c42f2a60220,58443,97887,99,246.81
2026/10/10 22:40:25.483,GPU-deec06d9-69c0-a4df-e1da-1c42f2a60220,58443,97887,100,246.07
2026/10/10 22:40:26.371,GPU-deec06d9-69c0-a4df-e1da-1c42f2a60220,58443,97887,99,249.69
2026/10/10 22:40:27.007,GPU-deec06d9-69c0-a4df-e1da-1c42f2a60220,58443,97887,99,242.96
2026/10/10 22:40:27.544,GPU-deec06d9-69c0-a4df-e1da-1c42f2a60220,58443,97887,99,248.61
2026/10/10 22:40:28.075,GPU-deec06d9-69c0-a4df-e1da-1c42f2a60220,58443,97887,99,253.91
2026/10/10 22:40:28.606,GPU-deec06d9-69c0-a4df-e1da-1c42f2a60220,58443,97887,99,268.46
2026/10/10 22:40:29.137,GPU-deec06d9-69c0-a4df-e1da-1c42f2a60220,58443,97887,99,265.37
2026/10/10 22:40:29.668,GPU-deec06d9-69c0-a4df-e1da-1c42f2a60220,58443,97887,99,250.46
2026/10/10 22:40:30.205,GPU-deec06d9-69c0-a4df-e1da-1c42f2a60220,58443,97887,100,239.29
2026/10/10 22:40:30.740,GPU-deec06d9-69c0-a4df-e1da-1c42f2a60220,58443,97887,100,235.87
2026/10/10 22:40:31.274,GPU-deec06d9-69c0-a4df-e1da-1c42f2a60220,58443,97887,100,240.09
2026/10/10 22:40:31.806,GPU-deec06d9-69c0-a4df-e1da-1c42f2a60220,58443,97887,99,233.11
2026/10/10 22:40:32.340,GPU-deec06d9-69c0-a4df-e1da-1c42f2a60220,58443,97887,99,230.79
2026/10/10 22:40:32.871,GPU-deec06d9-69c0-a4df-e1da-1c42f2a60220,58443,97887,99,231.71
2026/10/10 22:40:33.401,GPU-deec06d9-69c0-a4df-e1da-1c42f2a60220,58443,97887,99,241.70
2026/10/10 22:40:33.931,GPU-deec06d9-69c0-a4df-e1da-1c42f2a60220,58443,97887,99,245.67
2026/10/10 22:40:34.462,GPU-deec06d9-69c0-a4df-e1da-1c42f2a60220,58443,97887,99,257.80
2026/10/10 22:40:34.992,GPU-deec06d9-69c0-a4df-e1da-1c42f2a60220,58443,97887,99,252.74
2026/10/10 22:40:35.522,GPU-deec06d9-69c0-a4df-e1da-1c42f2a60220,58443,97887,99,256.74
2026/10/10 22:40:36.054,GPU-deec06d9-69c0-a4df-e1da-1c42f2a60220,58443,97887,99,254.53
2026/10/10 22:40:36.585,GPU-deec06d9-69c0-a4df-e1da-1c42f2a60220,58443,97887,99,249.42
2026/10/10 22:40:37.117,GPU-deec06d9-69c0-a4df-e1da-1c42f2a60220,58443,97887,99,245.94
2026/10/10 22:40:37.648,GPU-deec06d9-69c0-a4df-e1da-1c42f2a60220,58443,97887,99,266.76
2026/10/10 22:40:38.184,GPU-deec06d9-69c0-a4df-e1da-1c42f2a60220,58443,97887,99,247.74
2026/10/10 22:40:38.717,GPU-deec06d9-69c0-a4df-e1da-1c42f2a60220,58443,97887,99,249.60
2026/10/10 22:40:39.250,GPU-deec06d9-69c0-a4df-e1da-1c42f2a60220,58443,97887,99,248.59
2026/10/10 22:40:39.779,GPU-deec06d9-69c0-a4df-e1da-1c42f2a60220,58443,97887,100,251.54
2026/10/10 22:40:40.313,GPU-deec06d9-69c0-a4df-e1da-1c42f2a60220,58443,97887,100,256.33
2026/10/10 22:40:40.844,GPU-deec06d9-69c0-a4df-e1da-1c42f2a60220,58443,97887,99,255.50
2026/10/10 22:40:41.376,GPU-deec06d9-69c0-a4df-e1da-1c42f2a60220,58443,97887,98,252.63
2026/10/10 22:40:41.911,GPU-deec06d9-69c0-a4df-e1da-1c42f2a60220,58443,97887,100,252.88
2026/10/10 22:40:42.443,GPU-deec06d9-69c0-a4df-e1da-1c42f2a60220,58443,97887,99,249.69
2026/10/10 22:40:42.975,GPU-deec06d9-69c0-a4df-e1da-1c42f2a60220,58443,97887,99,257.91
2026/10/10 22:40:43.506,GPU-deec06d9-69c0-a4df-e1da-1c42f2a60220,58443,97887,99,252.27
2026/10/10 22:40:44.039,GPU-deec06d9-69c0-a4df-e1da-1c42f2a60220,58443,97887,99,251.64
2026/10/10 22:40:44.571,GPU-deec06d9-69c0-a4df-e1da-1c42f2a60220,58443,97887,98,248.43
2026/10/10 22:40:45.103,GPU-deec06d9-69c0-a4df-e1da-1c42f2a60220,58443,97887,98,251.10
2026/10/10 22:40:45.634,GPU-deec06d9-69c0-a4df-e1da-1c42f2a60220,58443,97887,100,253.34
2026/10/10 22:40:46.166,GPU-deec06d9-69c0-a4df-e1da-1c42f2a60220,58443,97887,99,255.22
2026/10/10 22:40:46.696,GPU-deec06d9-69c0-a4df-e1da-1c42f2a60220,58443,97887,99,249.80
2026/10/10 22:40:47.225,GPU-deec06d9-69c0-a4df-e1da-1c42f2a60220,58443,97887,100,251.77
2026/10/10 22:40:47.755,GPU-deec06d9-69c0-a4df-e1da-1c42f2a60220,58443,97887,99,250.20
2026/10/10 22:40:48.285,GPU-deec06d9-69c0-a4df-e1da-1c42f2a60220,58443,97887,99,249.90
2026/10/10 22:40:48.820,GPU-deec06d9-69c0-a4df-e1da-1c42f2a60220,58443,97887,100,247.19
2026/10/10 22:40:49.353,GPU-deec06d9-69c0-a4df-e1da-1c42f2a60220,58443,97887,99,247.02
2026/10/10 22:40:49.886,GPU-deec06d9-69c0-a4df-e1da-1c42f2a60220,58443,97887,99,247.84
2026/10/10 22:40:50.419,GPU-deec06d9-69c0-a4df-e1da-1c42f2a60220,58443,97887,100,248.96
2026/10/10 22:40:50.949,GPU-deec06d9-69c0-a4df-e1da-1c42f2a60220,58443,97887,99,247.43
2026/10/10 22:40:51.482,GPU-deec06d9-69c0-a4df-e1da-1c42f2a60220,58443,97887,99,250.74
2026/10/10 22:40:52.012,GPU-deec06d9-69c0-a4df-e1da-1c42f2a60220,58443,97887,100,251.04
2026/10/10 22:40:52.548,GPU-deec06d9-69c0-a4df-e1da-1c42f2a60220,58443,97887,99,250.82
2026/10/10 22:40:53.080,GPU-deec06d9-69c0-a4df-e1da-1c42f2a60220,58443,97887,99,254.03
2026/10/10 22:40:53.610,GPU-deec06d9-69c0-a4df-e1da-1c42f2a60220,58443,97887,99,250.61
2026/10/10 22:40:54.143,GPU-deec06d9-69c0-a4df-e1da-1c42f2a60220,58443,97887,98,248.02
2026/10/10 22:40:54.675,GPU-deec06d9-69c0-a4df-e1da-1c42f2a60220,58443,97887,100,252.70
2026/10/10 22:40:55.205,GPU-deec06d9-69c0-a4df-e1da-1c42f2a60220,58443,97887,99,259.38
2026/10/10 22:40:55.738,GPU-deec06d9-69c0-a4df-e1da-1c42f2a60220,58443,97887,99,259.17
2026/10/10 22:40:56.270,GPU-deec06d9-69c0-a4df-e1da-1c42f2a60220,58443,97887,100,253.61
2026/10/10 22:40:56.806,GPU-deec06d9-69c0-a4df-e1da-1c42f2a60220,58443,97887,99,256.72
2026/10/10 22:40:57.338,GPU-deec06d9-69c0-a4df-e1da-1c42f2a60220,58443,97887,100,253.85
2026/10/10 22:40:57.869,GPU-deec06d9-69c0-a4df-e1da-1c42f2a60220,58443,97887,99,244.10
2026/10/10 22:40:58.399,GPU-deec06d9-69c0-a4df-e1da-1c42f2a60220,58443,97887,100,243.73
2026/10/10 22:40:58.930,GPU-deec06d9-69c0-a4df-e1da-1c42f2a60220,58443,97887,99,251.25
2026/10/10 22:40:59.462,GPU-deec06d9-69c0-a4df-e1da-1c42f2a60220,58443,97887,100,251.59
2026/10/10 22:40:59.992,GPU-deec06d9-69c0-a4df-e1da-1c42f2a60220,58443,97887,99,253.95
2026/10/10 22:41:00.522,GPU-deec06d9-69c0-a4df-e1da-1c42f2a60220,58443,97887,99,255.94
2026/10/10 22:41:01.053,GPU-deec06d9-69c0-a4df-e1da-1c42f2a60220,58443,97887,99,252.40
2026/10/10 22:41:01.586,GPU-deec06d9-69c0-a4df-e1da-1c42f2a60220,58443,97887,99,253.21
2026/10/10 22:41:02.116,GPU-deec06d9-69c0-a4df-e1da-1c42f2a60220,58443,97887,100,256.15
2026/10/10 22:41:02.645,GPU-deec06d9-69c0-a4df-e1da-1c42f2a60220,58443,97887,99,255.23
2026/10/10 22:41:03.174,GPU-deec06d9-69c0-a4df-e1da-1c42f2a60220,58443,97887,100,248.46
2026/10/10 22:41:03.705,GPU-deec06d9-69c0-a4df-e1da-1c42f2a60220,58443,97887,99,250.07
2026/10/10 22:41:04.420,GPU-deec06d9-69c0-a4df-e1da-1c42f2a60220,58443,97887,100,247.50
2026/10/10 22:41:04.955,GPU-deec06d9-69c0-a4df-e1da-1c42f2a60220,58443,97887,99,254.18
2026/10/10 22:41:05.908,GPU-deec06d9-69c0-a4df-e1da-1c42f2a60220,58443,97887,99,253.96
2026/10/10 22:41:06.654,GPU-deec06d9-69c0-a4df-e1da-1c42f2a60220,58443,97887,100,250.84
2026/10/10 22:41:07.194,GPU-deec06d9-69c0-a4df-e1da-1c42f2a60220,58443,97887,99,251.21
2026/10/10 22:41:07.738,GPU-deec06d9-69c0-a4df-e1da-1c42f2a60220,58443,97887,99,256.45
2026/10/10 22:41:08.288,GPU-deec06d9-69c0-a4df-e1da-1c42f2a60220,58443,97887,99,247.84
2026/10/10 22:41:08.835,GPU-deec06d9-69c0-a4df-e1da-1c42f2a60220,58443,97887,100,251.38
2026/10/10 22:41:09.392,GPU-deec06d9-69c0-a4df-e1da-1c42f2a60220,58443,97887,99,255.19
2026/10/10 22:41:09.934,GPU-deec06d9-69c0-a4df-e1da-1c42f2a60220,58443,97887,99,260.68
2026/10/10 22:41:10.506,GPU-deec06d9-69c0-a4df-e1da-1c42f2a60220,58443,97887,99,252.79
2026/10/10 22:41:11.034,GPU-deec06d9-69c0-a4df-e1da-1c42f2a60220,58443,97887,100,252.06
2026/10/10 22:41:11.561,GPU-deec06d9-69c0-a4df-e1da-1c42f2a60220,58443,97887,99,254.08
2026/10/10 22:41:12.095,GPU-deec06d9-69c0-a4df-e1da-1c42f2a60220,58443,97887,100,261.21
2026/10/10 22:41:12.623,GPU-deec06d9-69c0-a4df-e1da-1c42f2a60220,58443,97887,99,254.17
2026/10/10 22:41:13.151,GPU-deec06d9-69c0-a4df-e1da-1c42f2a60220,58443,97887,100,262.44
2026/10/10 22:41:13.678,GPU-deec06d9-69c0-a4df-e1da-1c42f2a60220,58443,97887,99,260.98
2026/10/10 22:41:14.205,GPU-deec06d9-69c0-a4df-e1da-1c42f2a60220,58443,97887,100,251.67
2026/10/10 22:41:14.732,GPU-deec06d9-69c0-a4df-e1da-1c42f2a60220,58443,97887,99,247.52
2026/10/10 22:41:15.269,GPU-deec06d9-69c0-a4df-e1da-1c42f2a60220,58443,97887,99,249.39
2026/10/10 22:41:15.802,GPU-deec06d9-69c0-a4df-e1da-1c42f2a60220,58443,97887,99,250.46
2026/10/10 22:41:16.331,GPU-deec06d9-69c0-a4df-e1da-1c42f2a60220,58443,97887,99,253.16
2026/10/10 22:41:16.859,GPU-deec06d9-69c0-a4df-e1da-1c42f2a60220,58443,97887,100,254.83
2026/10/10 22:41:17.389,GPU-deec06d9-69c0-a4df-e1da-1c42f2a60220,58443,97887,99,263.49
2026/10/10 22:41:17.921,GPU-deec06d9-69c0-a4df-e1da-1c42f2a60220,58443,97887,100,256.89
2026/10/10 22:41:18.450,GPU-deec06d9-69c0-a4df-e1da-1c42f2a60220,58443,97887,99,259.63
2026/10/10 22:41:18.980,GPU-deec06d9-69c0-a4df-e1da-1c42f2a60220,58443,97887,100,260.08
2026/10/10 22:41:19.515,GPU-deec06d9-69c0-a4df-e1da-1c42f2a60220,58443,97887,99,252.93
2026/10/10 22:41:20.049,GPU-deec06d9-69c0-a4df-e1da-1c42f2a60220,58443,97887,99,262.87
2026/10/10 22:41:20.580,GPU-deec06d9-69c0-a4df-e1da-1c42f2a60220,58443,97887,100,266.51
2026/10/10 22:41:21.114,GPU-deec06d9-69c0-a4df-e1da-1c42f2a60220,58443,97887,99,257.77
2026/10/10 22:41:21.651,GPU-deec06d9-69c0-a4df-e1da-1c42f2a60220,58443,97887,100,250.90
2026/10/10 22:41:22.182,GPU-deec06d9-69c0-a4df-e1da-1c42f2a60220,58443,97887,99,253.08
2026/10/10 22:41:22.713,GPU-deec06d9-69c0-a4df-e1da-1c42f2a60220,58443,97887,100,255.40
2026/10/10 22:41:23.244,GPU-deec06d9-69c0-a4df-e1da-1c42f2a60220,58443,97887,100,252.34
2026/10/10 22:41:23.778,GPU-deec06d9-69c0-a4df-e1da-1c42f2a60220,58443,97887,99,259.60
2026/10/10 22:41:24.313,GPU-deec06d9-69c0-a4df-e1da-1c42f2a60220,58443,97887,100,265.43
2026/10/10 22:41:24.847,GPU-deec06d9-69c0-a4df-e1da-1c42f2a60220,58443,97887,97,258.96
2026/10/10 22:41:25.374,GPU-deec06d9-69c0-a4df-e1da-1c42f2a60220,58443,97887,97,261.80
2026/10/10 22:41:25.912,GPU-deec06d9-69c0-a4df-e1da-1c42f2a60220,58443,97887,100,270.16
2026/10/10 22:41:26.451,GPU-deec06d9-69c0-a4df-e1da-1c42f2a60220,58443,97887,97,263.91
2026/10/10 22:41:26.985,GPU-deec06d9-69c0-a4df-e1da-1c42f2a60220,58443,97887,100,258.89
2026/10/10 22:41:27.528,GPU-deec06d9-69c0-a4df-e1da-1c42f2a60220,58443,97887,97,260.29
2026/10/10 22:41:28.063,GPU-deec06d9-69c0-a4df-e1da-1c42f2a60220,58443,97887,97,265.37
2026/10/10 22:41:28.599,GPU-deec06d9-69c0-a4df-e1da-1c42f2a60220,58443,97887,100,245.90
2026/10/10 22:41:29.139,GPU-deec06d9-69c0-a4df-e1da-1c42f2a60220,58443,97887,97,239.40
2026/10/10 22:41:29.678,GPU-deec06d9-69c0-a4df-e1da-1c42f2a60220,58443,97887,97,262.71
2026/10/10 22:41:30.219,GPU-deec06d9-69c0-a4df-e1da-1c42f2a60220,58443,97887,100,251.59
2026/10/10 22:41:30.757,GPU-deec06d9-69c0-a4df-e1da-1c42f2a60220,58443,97887,97,250.71
2026/10/10 22:41:31.291,GPU-deec06d9-69c0-a4df-e1da-1c42f2a60220,58443,97887,97,250.01
2026/10/10 22:41:31.826,GPU-deec06d9-69c0-a4df-e1da-1c42f2a60220,58443,97887,100,264.55
2026/10/10 22:41:32.359,GPU-deec06d9-69c0-a4df-e1da-1c42f2a60220,58443,97887,97,257.48
2026/10/10 22:41:32.893,GPU-deec06d9-69c0-a4df-e1da-1c42f2a60220,58443,97887,100,250.23
2026/10/10 22:41:33.428,GPU-deec06d9-69c0-a4df-e1da-1c42f2a60220,58443,97887,98,254.53
2026/10/10 22:41:33.964,GPU-deec06d9-69c0-a4df-e1da-1c42f2a60220,58443,97887,97,257.65
2026/10/10 22:41:34.502,GPU-deec06d9-69c0-a4df-e1da-1c42f2a60220,58443,97887,100,266.26
2026/10/10 22:41:35.038,GPU-deec06d9-69c0-a4df-e1da-1c42f2a60220,58443,97887,97,251.16
2026/10/10 22:41:35.571,GPU-deec06d9-69c0-a4df-e1da-1c42f2a60220,58443,97887,98,257.42
2026/10/10 22:41:36.107,GPU-deec06d9-69c0-a4df-e1da-1c42f2a60220,58443,97887,100,268.73
2026/10/10 22:41:36.642,GPU-deec06d9-69c0-a4df-e1da-1c42f2a60220,58443,97887,98,262.30
2026/10/10 22:41:37.178,GPU-deec06d9-69c0-a4df-e1da-1c42f2a60220,58443,97887,100,258.37
2026/10/10 22:41:37.712,GPU-deec06d9-69c0-a4df-e1da-1c42f2a60220,58443,97887,97,253.68
2026/10/10 22:41:38.247,GPU-deec06d9-69c0-a4df-e1da-1c42f2a60220,58443,97887,98,263.63
2026/10/10 22:41:38.781,GPU-deec06d9-69c0-a4df-e1da-1c42f2a60220,58443,97887,100,251.37
2026/10/10 22:41:39.318,GPU-deec06d9-69c0-a4df-e1da-1c42f2a60220,58443,97887,98,242.84
2026/10/10 22:41:39.860,GPU-deec06d9-69c0-a4df-e1da-1c42f2a60220,58443,97887,97,269.14
2026/10/10 22:41:40.394,GPU-deec06d9-69c0-a4df-e1da-1c42f2a60220,58443,97887,100,266.20
2026/10/10 22:41:40.926,GPU-deec06d9-69c0-a4df-e1da-1c42f2a60220,58443,97887,98,244.85
2026/10/10 22:41:41.456,GPU-deec06d9-69c0-a4df-e1da-1c42f2a60220,58443,97887,97,250.85
2026/10/10 22:41:41.985,GPU-deec06d9-69c0-a4df-e1da-1c42f2a60220,58443,97887,100,261.60
2026/10/10 22:41:42.516,GPU-deec06d9-69c0-a4df-e1da-1c42f2a60220,58443,97887,98,248.49
2026/10/10 22:41:43.046,GPU-deec06d9-69c0-a4df-e1da-1c42f2a60220,58443,97887,98,249.62
2026/10/10 22:41:43.579,GPU-deec06d9-69c0-a4df-e1da-1c42f2a60220,58443,97887,100,268.34
2026/10/10 22:41:44.338,GPU-deec06d9-69c0-a4df-e1da-1c42f2a60220,58443,97887,97,259.11
2026/10/10 22:41:44.928,GPU-deec06d9-69c0-a4df-e1da-1c42f2a60220,58443,97887,100,258.94
2026/10/10 22:41:45.879,GPU-deec06d9-69c0-a4df-e1da-1c42f2a60220,58443,97887,97,249.44
2026/10/10 22:41:46.692,GPU-deec06d9-69c0-a4df-e1da-1c42f2a60220,58443,97887,100,259.18
2026/10/10 22:41:47.234,GPU-deec06d9-69c0-a4df-e1da-1c42f2a60220,58443,97887,98,260.29
2026/10/10 22:41:47.773,GPU-deec06d9-69c0-a4df-e1da-1c42f2a60220,58443,97887,100,258.35
2026/10/10 22:41:48.306,GPU-deec06d9-69c0-a4df-e1da-1c42f2a60220,58443,97887,98,254.86
2026/10/10 22:41:48.838,GPU-deec06d9-69c0-a4df-e1da-1c42f2a60220,58443,97887,98,250.65
2026/10/10 22:41:49.367,GPU-deec06d9-69c0-a4df-e1da-1c42f2a60220,58443,97887,100,264.75
2026/10/10 22:41:49.896,GPU-deec06d9-69c0-a4df-e1da-1c42f2a60220,58443,97887,98,249.86
2026/10/10 22:41:50.425,GPU-deec06d9-69c0-a4df-e1da-1c42f2a60220,58443,97887,100,243.91
2026/10/10 22:41:50.954,GPU-deec06d9-69c0-a4df-e1da-1c42f2a60220,58443,97887,98,256.77
2026/10/10 22:41:51.481,GPU-deec06d9-69c0-a4df-e1da-1c42f2a60220,58443,97887,98,262.55
2026/10/10 22:41:52.011,GPU-deec06d9-69c0-a4df-e1da-1c42f2a60220,58443,97887,100,250.32
2026/10/10 22:41:52.539,GPU-deec06d9-69c0-a4df-e1da-1c42f2a60220,58443,97887,98,249.83
2026/10/10 22:41:53.068,GPU-deec06d9-69c0-a4df-e1da-1c42f2a60220,58443,97887,97,264.09
2026/10/10 22:41:53.599,GPU-deec06d9-69c0-a4df-e1da-1c42f2a60220,58443,97887,100,265.61
2026/10/10 22:41:54.134,GPU-deec06d9-69c0-a4df-e1da-1c42f2a60220,58443,97887,97,246.53
2026/10/10 22:41:54.667,GPU-deec06d9-69c0-a4df-e1da-1c42f2a60220,58443,97887,96,258.71
2026/10/10 22:41:55.201,GPU-deec06d9-69c0-a4df-e1da-1c42f2a60220,58443,97887,100,260.45
2026/10/10 22:41:55.731,GPU-deec06d9-69c0-a4df-e1da-1c42f2a60220,58443,97887,97,252.98
2026/10/10 22:41:56.269,GPU-deec06d9-69c0-a4df-e1da-1c42f2a60220,58443,97887,97,253.69
2026/10/10 22:41:56.811,GPU-deec06d9-69c0-a4df-e1da-1c42f2a60220,58443,97887,100,264.63
2026/10/10 22:41:57.348,GPU-deec06d9-69c0-a4df-e1da-1c42f2a60220,58443,97887,98,244.94
2026/10/10 22:41:57.880,GPU-deec06d9-69c0-a4df-e1da-1c42f2a60220,58443,97887,97,247.71
2026/10/10 22:41:58.412,GPU-deec06d9-69c0-a4df-e1da-1c42f2a60220,58443,97887,100,256.66
2026/10/10 22:41:58.944,GPU-deec06d9-69c0-a4df-e1da-1c42f2a60220,58443,97887,97,252.48
2026/10/10 22:41:59.476,GPU-deec06d9-69c0-a4df-e1da-1c42f2a60220,58443,97887,100,249.44
2026/10/10 22:42:00.011,GPU-deec06d9-69c0-a4df-e1da-1c42f2a60220,58443,97887,98,258.98
2026/10/10 22:42:00.544,GPU-deec06d9-69c0-a4df-e1da-1c42f2a60220,58443,97887,97,261.37
2026/10/10 22:42:01.079,GPU-deec06d9-69c0-a4df-e1da-1c42f2a60220,58443,97887,100,247.40
2026/10/10 22:42:01.608,GPU-deec06d9-69c0-a4df-e1da-1c42f2a60220,58443,97887,97,253.19
2026/10/10 22:42:02.144,GPU-deec06d9-69c0-a4df-e1da-1c42f2a60220,58443,97887,100,254.89
2026/10/10 22:42:02.676,GPU-deec06d9-69c0-a4df-e1da-1c42f2a60220,58443,97887,100,260.42
2026/10/10 22:42:03.205,GPU-deec06d9-69c0-a4df-e1da-1c42f2a60220,58443,97887,98,264.21
2026/10/10 22:42:03.736,GPU-deec06d9-69c0-a4df-e1da-1c42f2a60220,58443,97887,100,251.76
2026/10/10 22:42:04.271,GPU-deec06d9-69c0-a4df-e1da-1c42f2a60220,58443,97887,100,248.50
2026/10/10 22:42:04.806,GPU-deec06d9-69c0-a4df-e1da-1c42f2a60220,58443,97887,98,261.27
2026/10/10 22:42:05.342,GPU-deec06d9-69c0-a4df-e1da-1c42f2a60220,58443,97887,100,254.94
2026/10/10 22:42:05.879,GPU-deec06d9-69c0-a4df-e1da-1c42f2a60220,58443,97887,98,244.68
2026/10/10 22:42:06.418,GPU-deec06d9-69c0-a4df-e1da-1c42f2a60220,58443,97887,98,250.07
2026/10/10 22:42:06.952,GPU-deec06d9-69c0-a4df-e1da-1c42f2a60220,58443,97887,100,259.55
2026/10/10 22:42:07.488,GPU-deec06d9-69c0-a4df-e1da-1c42f2a60220,58443,97887,98,247.47
2026/10/10 22:42:08.025,GPU-deec06d9-69c0-a4df-e1da-1c42f2a60220,58443,97887,100,245.36
2026/10/10 22:42:08.558,GPU-deec06d9-69c0-a4df-e1da-1c42f2a60220,58443,97887,99,259.16
2026/10/10 22:42:09.098,GPU-deec06d9-69c0-a4df-e1da-1c42f2a60220,58443,97887,100,254.60
2026/10/10 22:42:09.633,GPU-deec06d9-69c0-a4df-e1da-1c42f2a60220,58443,97887,98,268.59
2026/10/10 22:42:10.177,GPU-deec06d9-69c0-a4df-e1da-1c42f2a60220,58443,97887,100,259.23
2026/10/10 22:42:10.718,GPU-deec06d9-69c0-a4df-e1da-1c42f2a60220,58443,97887,100,262.04
2026/10/10 22:42:11.254,GPU-deec06d9-69c0-a4df-e1da-1c42f2a60220,58443,97887,98,264.42
2026/10/10 22:42:11.797,GPU-deec06d9-69c0-a4df-e1da-1c42f2a60220,58443,97887,100,249.69
2026/10/10 22:42:12.334,GPU-deec06d9-69c0-a4df-e1da-1c42f2a60220,58443,97887,100,259.90
2026/10/10 22:42:12.872,GPU-deec06d9-69c0-a4df-e1da-1c42f2a60220,58443,97887,96,265.65
2026/10/10 22:42:13.410,GPU-deec06d9-69c0-a4df-e1da-1c42f2a60220,58443,97887,100,262.01
2026/10/10 22:42:13.947,GPU-deec06d9-69c0-a4df-e1da-1c42f2a60220,58443,97887,98,246.72
2026/10/10 22:42:14.486,GPU-deec06d9-69c0-a4df-e1da-1c42f2a60220,58443,97887,97,262.65
2026/10/10 22:42:15.023,GPU-deec06d9-69c0-a4df-e1da-1c42f2a60220,58443,97887,100,267.06
2026/10/10 22:42:15.559,GPU-deec06d9-69c0-a4df-e1da-1c42f2a60220,58443,97887,97,250.82
2026/10/10 22:42:16.094,GPU-deec06d9-69c0-a4df-e1da-1c42f2a60220,58443,97887,97,252.74
2026/10/10 22:42:16.625,GPU-deec06d9-69c0-a4df-e1da-1c42f2a60220,58443,97887,100,264.26
2026/10/10 22:42:17.157,GPU-deec06d9-69c0-a4df-e1da-1c42f2a60220,58443,97887,98,250.30
2026/10/10 22:42:17.688,GPU-deec06d9-69c0-a4df-e1da-1c42f2a60220,58443,97887,99,251.85
2026/10/10 22:42:18.220,GPU-deec06d9-69c0-a4df-e1da-1c42f2a60220,58443,97887,100,261.83
2026/10/10 22:42:18.750,GPU-deec06d9-69c0-a4df-e1da-1c42f2a60220,58443,97887,98,245.45
2026/10/10 22:42:19.282,GPU-deec06d9-69c0-a4df-e1da-1c42f2a60220,58443,97887,100,245.32
2026/10/10 22:42:19.814,GPU-deec06d9-69c0-a4df-e1da-1c42f2a60220,58443,97887,100,266.71
2026/10/10 22:42:20.345,GPU-deec06d9-69c0-a4df-e1da-1c42f2a60220,58443,97887,98,268.70
2026/10/10 22:42:20.874,GPU-deec06d9-69c0-a4df-e1da-1c42f2a60220,58443,97887,100,249.76
2026/10/10 22:42:21.404,GPU-deec06d9-69c0-a4df-e1da-1c42f2a60220,58443,97887,98,250.10
2026/10/10 22:42:21.938,GPU-deec06d9-69c0-a4df-e1da-1c42f2a60220,58443,97887,97,261.28
2026/10/10 22:42:22.468,GPU-deec06d9-69c0-a4df-e1da-1c42f2a60220,58443,97887,100,247.76
2026/10/10 22:42:22.999,GPU-deec06d9-69c0-a4df-e1da-1c42f2a60220,58443,97887,98,244.39
2026/10/10 22:42:23.528,GPU-deec06d9-69c0-a4df-e1da-1c42f2a60220,58443,97887,97,264.51
2026/10/10 22:42:24.057,GPU-deec06d9-69c0-a4df-e1da-1c42f2a60220,58443,97887,100,256.29
2026/10/10 22:42:24.826,GPU-deec06d9-69c0-a4df-e1da-1c42f2a60220,58443,97887,98,265.89
2026/10/10 22:42:25.498,GPU-deec06d9-69c0-a4df-e1da-1c42f2a60220,58443,97887,100,251.08
2026/10/10 22:42:26.030,GPU-deec06d9-69c0-a4df-e1da-1c42f2a60220,58443,97887,98,256.66
2026/10/10 22:42:27.026,GPU-deec06d9-69c0-a4df-e1da-1c42f2a60220,58443,97887,100,247.01
2026/10/10 22:42:27.650,GPU-deec06d9-69c0-a4df-e1da-1c42f2a60220,58443,97887,98,246.24
2026/10/10 22:42:28.187,GPU-deec06d9-69c0-a4df-e1da-1c42f2a60220,58443,97887,100,257.27
2026/10/10 22:42:28.719,GPU-deec06d9-69c0-a4df-e1da-1c42f2a60220,58443,97887,100,259.57
2026/10/10 22:42:29.254,GPU-deec06d9-69c0-a4df-e1da-1c42f2a60220,58443,97887,98,247.13
2026/10/10 22:42:29.784,GPU-deec06d9-69c0-a4df-e1da-1c42f2a60220,58443,97887,100,251.09
2026/10/10 22:42:30.315,GPU-deec06d9-69c0-a4df-e1da-1c42f2a60220,58443,97887,98,252.77
2026/10/10 22:42:30.846,GPU-deec06d9-69c0-a4df-e1da-1c42f2a60220,58443,97887,97,257.44
2026/10/10 22:42:31.375,GPU-deec06d9-69c0-a4df-e1da-1c42f2a60220,58443,97887,100,268.32
2026/10/10 22:42:31.904,GPU-deec06d9-69c0-a4df-e1da-1c42f2a60220,58443,97887,97,254.35
2026/10/10 22:42:32.434,GPU-deec06d9-69c0-a4df-e1da-1c42f2a60220,58443,97887,97,258.15
2026/10/10 22:42:32.963,GPU-deec06d9-69c0-a4df-e1da-1c42f2a60220,58443,97887,100,256.39
2026/10/10 22:42:33.491,GPU-deec06d9-69c0-a4df-e1da-1c42f2a60220,58443,97887,98,264.55
2026/10/10 22:42:34.019,GPU-deec06d9-69c0-a4df-e1da-1c42f2a60220,58443,97887,100,254.89
2026/10/10 22:42:34.549,GPU-deec06d9-69c0-a4df-e1da-1c42f2a60220,58443,97887,100,259.32
2026/10/10 22:42:35.079,GPU-deec06d9-69c0-a4df-e1da-1c42f2a60220,58443,97887,98,256.85
2026/10/10 22:42:35.609,GPU-deec06d9-69c0-a4df-e1da-1c42f2a60220,58443,97887,100,251.09
2026/10/10 22:42:36.139,GPU-deec06d9-69c0-a4df-e1da-1c42f2a60220,58443,97887,98,245.38
2026/10/10 22:42:36.667,GPU-deec06d9-69c0-a4df-e1da-1c42f2a60220,58443,97887,97,255.79
2026/10/10 22:42:37.198,GPU-deec06d9-69c0-a4df-e1da-1c42f2a60220,58443,97887,100,257.92
2026/10/10 22:42:37.736,GPU-deec06d9-69c0-a4df-e1da-1c42f2a60220,58443,97887,98,256.08
2026/10/10 22:42:38.267,GPU-deec06d9-69c0-a4df-e1da-1c42f2a60220,58443,97887,97,251.50
2026/10/10 22:42:38.797,GPU-deec06d9-69c0-a4df-e1da-1c42f2a60220,58443,97887,100,264.26
2026/10/10 22:42:39.326,GPU-deec06d9-69c0-a4df-e1da-1c42f2a60220,58443,97887,97,254.10
2026/10/10 22:42:39.862,GPU-deec06d9-69c0-a4df-e1da-1c42f2a60220,58443,97887,100,258.36
2026/10/10 22:42:40.394,GPU-deec06d9-69c0-a4df-e1da-1c42f2a60220,58443,97887,100,267.21
2026/10/10 22:42:40.927,GPU-deec06d9-69c0-a4df-e1da-1c42f2a60220,58443,97887,97,261.85
2026/10/10 22:42:41.457,GPU-deec06d9-69c0-a4df-e1da-1c42f2a60220,58443,97887,100,253.73
2026/10/10 22:42:41.989,GPU-deec06d9-69c0-a4df-e1da-1c42f2a60220,58443,97887,98,259.90
2026/10/10 22:42:42.521,GPU-deec06d9-69c0-a4df-e1da-1c42f2a60220,58443,97887,97,266.42
2026/10/10 22:42:43.052,GPU-deec06d9-69c0-a4df-e1da-1c42f2a60220,58443,97887,100,254.11
2026/10/10 22:42:43.583,GPU-deec06d9-69c0-a4df-e1da-1c42f2a60220,58443,97887,97,248.47
2026/10/10 22:42:44.113,GPU-deec06d9-69c0-a4df-e1da-1c42f2a60220,58443,97887,97,269.52
2026/10/10 22:42:44.643,GPU-deec06d9-69c0-a4df-e1da-1c42f2a60220,58443,97887,100,260.80
2026/10/10 22:42:45.173,GPU-deec06d9-69c0-a4df-e1da-1c42f2a60220,58443,97887,97,254.69
2026/10/10 22:42:45.704,GPU-deec06d9-69c0-a4df-e1da-1c42f2a60220,58443,97887,97,252.39
2026/10/10 22:42:46.234,GPU-deec06d9-69c0-a4df-e1da-1c42f2a60220,58443,97887,100,264.55
2026/10/10 22:42:46.765,GPU-deec06d9-69c0-a4df-e1da-1c42f2a60220,58443,97887,97,250.91
2026/10/10 22:42:47.298,GPU-deec06d9-69c0-a4df-e1da-1c42f2a60220,58443,97887,97,250.26
2026/10/10 22:42:47.829,GPU-deec06d9-69c0-a4df-e1da-1c42f2a60220,58443,97887,100,269.26
2026/10/10 22:42:48.359,GPU-deec06d9-69c0-a4df-e1da-1c42f2a60220,58443,97887,97,263.51
2026/10/10 22:42:48.890,GPU-deec06d9-69c0-a4df-e1da-1c42f2a60220,58443,97887,100,246.55
2026/10/10 22:42:49.421,GPU-deec06d9-69c0-a4df-e1da-1c42f2a60220,58443,97887,99,260.70
2026/10/10 22:42:49.952,GPU-deec06d9-69c0-a4df-e1da-1c42f2a60220,58443,97887,97,265.66
2026/10/10 22:42:50.484,GPU-deec06d9-69c0-a4df-e1da-1c42f2a60220,58443,97887,100,251.10
2026/10/10 22:42:51.015,GPU-deec06d9-69c0-a4df-e1da-1c42f2a60220,58443,97887,97,256.79
2026/10/10 22:42:51.544,GPU-deec06d9-69c0-a4df-e1da-1c42f2a60220,58443,97887,97,257.65
2026/10/10 22:42:52.075,GPU-deec06d9-69c0-a4df-e1da-1c42f2a60220,58443,97887,100,252.22
2026/10/10 22:42:52.605,GPU-deec06d9-69c0-a4df-e1da-1c42f2a60220,58443,97887,97,249.59
2026/10/10 22:42:53.137,GPU-deec06d9-69c0-a4df-e1da-1c42f2a60220,58443,97887,97,269.00
2026/10/10 22:42:53.668,GPU-deec06d9-69c0-a4df-e1da-1c42f2a60220,58443,97887,100,261.09
2026/10/10 22:42:54.198,GPU-deec06d9-69c0-a4df-e1da-1c42f2a60220,58443,97887,98,246.28
2026/10/10 22:42:54.727,GPU-deec06d9-69c0-a4df-e1da-1c42f2a60220,58443,97887,97,261.96
2026/10/10 22:42:55.256,GPU-deec06d9-69c0-a4df-e1da-1c42f2a60220,58443,97887,100,262.32
2026/10/10 22:42:55.786,GPU-deec06d9-69c0-a4df-e1da-1c42f2a60220,58443,97887,97,250.22
2026/10/10 22:42:56.318,GPU-deec06d9-69c0-a4df-e1da-1c42f2a60220,58443,97887,97,253.96
2026/10/10 22:42:56.848,GPU-deec06d9-69c0-a4df-e1da-1c42f2a60220,58443,97887,100,270.70
2026/10/10 22:42:57.378,GPU-deec06d9-69c0-a4df-e1da-1c42f2a60220,58443,97887,98,268.52
2026/10/10 22:42:57.908,GPU-deec06d9-69c0-a4df-e1da-1c42f2a60220,58443,97887,100,251.39
2026/10/10 22:42:58.437,GPU-deec06d9-69c0-a4df-e1da-1c42f2a60220,58443,97887,98,257.09
2026/10/10 22:42:58.968,GPU-deec06d9-69c0-a4df-e1da-1c42f2a60220,58443,97887,97,262.55
2026/10/10 22:42:59.498,GPU-deec06d9-69c0-a4df-e1da-1c42f2a60220,58443,97887,100,249.38
2026/10/10 22:43:00.028,GPU-deec06d9-69c0-a4df-e1da-1c42f2a60220,58443,97887,98,240.87
2026/10/10 22:43:00.563,GPU-deec06d9-69c0-a4df-e1da-1c42f2a60220,58443,97887,97,266.41
2026/10/10 22:43:01.092,GPU-deec06d9-69c0-a4df-e1da-1c42f2a60220,58443,97887,100,267.66
2026/10/10 22:43:01.620,GPU-deec06d9-69c0-a4df-e1da-1c42f2a60220,58443,97887,97,248.70
2026/10/10 22:43:02.150,GPU-deec06d9-69c0-a4df-e1da-1c42f2a60220,58443,97887,97,258.01
2026/10/10 22:43:02.678,GPU-deec06d9-69c0-a4df-e1da-1c42f2a60220,58443,97887,100,259.90
2026/10/10 22:43:03.206,GPU-deec06d9-69c0-a4df-e1da-1c42f2a60220,58443,97887,98,245.82
2026/10/10 22:43:03.738,GPU-deec06d9-69c0-a4df-e1da-1c42f2a60220,58443,97887,97,248.87
2026/10/10 22:43:04.591,GPU-deec06d9-69c0-a4df-e1da-1c42f2a60220,58443,97887,98,251.03
2026/10/10 22:43:05.166,GPU-deec06d9-69c0-a4df-e1da-1c42f2a60220,58443,97887,98,251.90
2026/10/10 22:43:06.112,GPU-deec06d9-69c0-a4df-e1da-1c42f2a60220,58443,97887,98,250.41
2026/10/10 22:43:06.852,GPU-deec06d9-69c0-a4df-e1da-1c42f2a60220,58443,97887,100,253.28
2026/10/10 22:43:07.390,GPU-deec06d9-69c0-a4df-e1da-1c42f2a60220,58443,97887,98,243.07
2026/10/10 22:43:07.951,GPU-deec06d9-69c0-a4df-e1da-1c42f2a60220,58443,97887,97,261.75
2026/10/10 22:43:08.483,GPU-deec06d9-69c0-a4df-e1da-1c42f2a60220,58443,97887,100,260.38
2026/10/10 22:43:09.022,GPU-deec06d9-69c0-a4df-e1da-1c42f2a60220,58443,97887,98,246.64
2026/10/10 22:43:09.555,GPU-deec06d9-69c0-a4df-e1da-1c42f2a60220,58443,97887,97,245.00
2026/10/10 22:43:10.089,GPU-deec06d9-69c0-a4df-e1da-1c42f2a60220,58443,97887,100,268.78
2026/10/10 22:43:10.626,GPU-deec06d9-69c0-a4df-e1da-1c42f2a60220,58443,97887,97,258.70
2026/10/10 22:43:11.172,GPU-deec06d9-69c0-a4df-e1da-1c42f2a60220,58443,97887,100,244.62
2026/10/10 22:43:11.704,GPU-deec06d9-69c0-a4df-e1da-1c42f2a60220,58443,97887,97,255.59
2026/10/10 22:43:12.238,GPU-deec06d9-69c0-a4df-e1da-1c42f2a60220,58443,97887,97,252.29
2026/10/10 22:43:12.770,GPU-deec06d9-69c0-a4df-e1da-1c42f2a60220,58443,97887,100,245.86
2026/10/10 22:43:13.302,GPU-deec06d9-69c0-a4df-e1da-1c42f2a60220,58443,97887,98,250.11
2026/10/10 22:43:13.835,GPU-deec06d9-69c0-a4df-e1da-1c42f2a60220,58443,97887,97,263.95
2026/10/10 22:43:14.366,GPU-deec06d9-69c0-a4df-e1da-1c42f2a60220,58443,97887,100,257.12
2026/10/10 22:43:14.896,GPU-deec06d9-69c0-a4df-e1da-1c42f2a60220,58443,97887,98,248.13
2026/10/10 22:43:15.426,GPU-deec06d9-69c0-a4df-e1da-1c42f2a60220,58443,97887,100,249.89
2026/10/10 22:43:15.957,GPU-deec06d9-69c0-a4df-e1da-1c42f2a60220,58443,97887,100,247.11
2026/10/10 22:43:16.488,GPU-deec06d9-69c0-a4df-e1da-1c42f2a60220,58443,97887,98,254.54
2026/10/10 22:43:17.018,GPU-deec06d9-69c0-a4df-e1da-1c42f2a60220,58443,97887,100,259.80
2026/10/10 22:43:17.548,GPU-deec06d9-69c0-a4df-e1da-1c42f2a60220,58443,97887,100,266.09
2026/10/10 22:43:18.078,GPU-deec06d9-69c0-a4df-e1da-1c42f2a60220,58443,97887,96,256.61
2026/10/10 22:43:18.613,GPU-deec06d9-69c0-a4df-e1da-1c42f2a60220,58443,97887,100,263.56
2026/10/10 22:43:19.144,GPU-deec06d9-69c0-a4df-e1da-1c42f2a60220,58443,97887,97,256.09
2026/10/10 22:43:19.674,GPU-deec06d9-69c0-a4df-e1da-1c42f2a60220,58443,97887,97,257.71
2026/10/10 22:43:20.204,GPU-deec06d9-69c0-a4df-e1da-1c42f2a60220,58443,97887,100,248.54
2026/10/10 22:43:20.734,GPU-deec06d9-69c0-a4df-e1da-1c42f2a60220,58443,97887,98,257.34
2026/10/10 22:43:21.265,GPU-deec06d9-69c0-a4df-e1da-1c42f2a60220,58443,97887,99,258.61
2026/10/10 22:43:21.795,GPU-deec06d9-69c0-a4df-e1da-1c42f2a60220,58443,97887,100,252.36
2026/10/10 22:43:22.325,GPU-deec06d9-69c0-a4df-e1da-1c42f2a60220,58443,97887,97,263.29
2026/10/10 22:43:22.856,GPU-deec06d9-69c0-a4df-e1da-1c42f2a60220,58443,97887,100,255.21
2026/10/10 22:43:23.386,GPU-deec06d9-69c0-a4df-e1da-1c42f2a60220,58443,97887,100,252.15
2026/10/10 22:43:23.917,GPU-deec06d9-69c0-a4df-e1da-1c42f2a60220,58443,97887,98,272.14
2026/10/10 22:43:24.451,GPU-deec06d9-69c0-a4df-e1da-1c42f2a60220,58443,97887,100,249.42
2026/10/10 22:43:24.983,GPU-deec06d9-69c0-a4df-e1da-1c42f2a60220,58443,97887,100,259.24
2026/10/10 22:43:25.515,GPU-deec06d9-69c0-a4df-e1da-1c42f2a60220,58443,97887,97,249.09
2026/10/10 22:43:26.045,GPU-deec06d9-69c0-a4df-e1da-1c42f2a60220,58443,97887,100,258.31
2026/10/10 22:43:26.581,GPU-deec06d9-69c0-a4df-e1da-1c42f2a60220,58443,97887,100,260.81
2026/10/10 22:43:27.112,GPU-deec06d9-69c0-a4df-e1da-1c42f2a60220,58443,97887,97,247.06
2026/10/10 22:43:27.642,GPU-deec06d9-69c0-a4df-e1da-1c42f2a60220,58443,97887,100,253.64
2026/10/10 22:43:28.172,GPU-deec06d9-69c0-a4df-e1da-1c42f2a60220,58443,97887,98,259.81
2026/10/10 22:43:28.702,GPU-deec06d9-69c0-a4df-e1da-1c42f2a60220,58443,97887,97,254.90
2026/10/10 22:43:29.233,GPU-deec06d9-69c0-a4df-e1da-1c42f2a60220,58443,97887,100,267.27
2026/10/10 22:43:29.763,GPU-deec06d9-69c0-a4df-e1da-1c42f2a60220,58443,97887,96,253.15
2026/10/10 22:43:30.294,GPU-deec06d9-69c0-a4df-e1da-1c42f2a60220,58443,97887,97,258.57
2026/10/10 22:43:30.825,GPU-deec06d9-69c0-a4df-e1da-1c42f2a60220,58443,97887,100,264.84
2026/10/10 22:43:31.357,GPU-deec06d9-69c0-a4df-e1da-1c42f2a60220,58443,97887,98,251.92
2026/10/10 22:43:31.904,GPU-deec06d9-69c0-a4df-e1da-1c42f2a60220,58443,97887,97,259.67
2026/10/10 22:43:32.436,GPU-deec06d9-69c0-a4df-e1da-1c42f2a60220,58443,97887,100,270.12
2026/10/10 22:43:32.975,GPU-deec06d9-69c0-a4df-e1da-1c42f2a60220,58443,97887,98,259.29
2026/10/10 22:43:33.514,GPU-deec06d9-69c0-a4df-e1da-1c42f2a60220,58443,97887,100,254.41
2026/10/10 22:43:34.050,GPU-deec06d9-69c0-a4df-e1da-1c42f2a60220,58443,97887,99,263.55
2026/10/10 22:43:34.589,GPU-deec06d9-69c0-a4df-e1da-1c42f2a60220,58443,97887,97,263.60
2026/10/10 22:43:35.129,GPU-deec06d9-69c0-a4df-e1da-1c42f2a60220,58443,97887,100,251.13
2026/10/10 22:43:35.672,GPU-deec06d9-69c0-a4df-e1da-1c42f2a60220,58443,97887,97,259.72
2026/10/10 22:43:36.214,GPU-deec06d9-69c0-a4df-e1da-1c42f2a60220,58443,97887,97,260.05
2026/10/10 22:43:36.752,GPU-deec06d9-69c0-a4df-e1da-1c42f2a60220,58443,97887,100,246.25
2026/10/10 22:43:37.294,GPU-deec06d9-69c0-a4df-e1da-1c42f2a60220,58443,97887,98,253.63
2026/10/10 22:43:37.832,GPU-deec06d9-69c0-a4df-e1da-1c42f2a60220,58443,97887,98,261.54
2026/10/10 22:43:38.368,GPU-deec06d9-69c0-a4df-e1da-1c42f2a60220,58443,97887,100,267.40
2026/10/10 22:43:38.903,GPU-deec06d9-69c0-a4df-e1da-1c42f2a60220,58443,97887,97,261.76
2026/10/10 22:43:39.454,GPU-deec06d9-69c0-a4df-e1da-1c42f2a60220,58443,97887,100,251.31
2026/10/10 22:43:39.986,GPU-deec06d9-69c0-a4df-e1da-1c42f2a60220,58443,97887,100,261.06
2026/10/10 22:43:40.523,GPU-deec06d9-69c0-a4df-e1da-1c42f2a60220,58443,97887,97,262.59
2026/10/10 22:43:41.061,GPU-deec06d9-69c0-a4df-e1da-1c42f2a60220,58443,97887,100,250.16
2026/10/10 22:43:41.600,GPU-deec06d9-69c0-a4df-e1da-1c42f2a60220,58443,97887,99,248.13
2026/10/10 22:43:42.134,GPU-deec06d9-69c0-a4df-e1da-1c42f2a60220,58443,97887,97,248.49
2026/10/10 22:43:42.669,GPU-deec06d9-69c0-a4df-e1da-1c42f2a60220,58443,97887,100,252.11
2026/10/10 22:43:43.205,GPU-deec06d9-69c0-a4df-e1da-1c42f2a60220,58443,97887,97,240.37
2026/10/10 22:43:43.743,GPU-deec06d9-69c0-a4df-e1da-1c42f2a60220,58443,97887,98,255.81
2026/10/10 22:43:44.284,GPU-deec06d9-69c0-a4df-e1da-1c42f2a60220,58443,97887,97,251.34
2026/10/10 22:43:44.821,GPU-deec06d9-69c0-a4df-e1da-1c42f2a60220,58443,97887,100,250.69
2026/10/10 22:43:45.665,GPU-deec06d9-69c0-a4df-e1da-1c42f2a60220,58443,97887,97,253.02
2026/10/10 22:43:46.270,GPU-deec06d9-69c0-a4df-e1da-1c42f2a60220,58443,97887,100,260.44
2026/10/10 22:43:47.272,GPU-deec06d9-69c0-a4df-e1da-1c42f2a60220,58443,97887,97,253.63
2026/10/10 22:43:48.032,GPU-deec06d9-69c0-a4df-e1da-1c42f2a60220,58443,97887,100,264.12
2026/10/10 22:43:48.583,GPU-deec06d9-69c0-a4df-e1da-1c42f2a60220,58443,97887,97,260.40
2026/10/10 22:43:49.125,GPU-deec06d9-69c0-a4df-e1da-1c42f2a60220,58443,97887,100,259.88
2026/10/10 22:43:49.656,GPU-deec06d9-69c0-a4df-e1da-1c42f2a60220,58443,97887,97,261.60
2026/10/10 22:43:50.194,GPU-deec06d9-69c0-a4df-e1da-1c42f2a60220,58443,97887,97,259.21
2026/10/10 22:43:50.728,GPU-deec06d9-69c0-a4df-e1da-1c42f2a60220,58443,97887,100,256.03
2026/10/10 22:43:51.264,GPU-deec06d9-69c0-a4df-e1da-1c42f2a60220,58443,97887,97,250.45
2026/10/10 22:43:51.797,GPU-deec06d9-69c0-a4df-e1da-1c42f2a60220,58443,97887,97,265.71
2026/10/10 22:43:52.330,GPU-deec06d9-69c0-a4df-e1da-1c42f2a60220,58443,97887,100,264.87
2026/10/10 22:43:52.867,GPU-deec06d9-69c0-a4df-e1da-1c42f2a60220,58443,97887,97,245.00
2026/10/10 22:43:53.402,GPU-deec06d9-69c0-a4df-e1da-1c42f2a60220,58443,97887,97,259.31
2026/10/10 22:43:53.935,GPU-deec06d9-69c0-a4df-e1da-1c42f2a60220,58443,97887,100,262.04
2026/10/10 22:43:54.468,GPU-deec06d9-69c0-a4df-e1da-1c42f2a60220,58443,97887,98,252.24
2026/10/10 22:43:55.002,GPU-deec06d9-69c0-a4df-e1da-1c42f2a60220,58443,97887,97,251.59
2026/10/10 22:43:55.539,GPU-deec06d9-69c0-a4df-e1da-1c42f2a60220,58443,97887,100,259.50
2026/10/10 22:43:56.077,GPU-deec06d9-69c0-a4df-e1da-1c42f2a60220,58443,97887,96,255.01
2026/10/10 22:43:56.611,GPU-deec06d9-69c0-a4df-e1da-1c42f2a60220,58443,97887,100,243.59
2026/10/10 22:43:57.144,GPU-deec06d9-69c0-a4df-e1da-1c42f2a60220,58443,97887,98,260.80
2026/10/10 22:43:57.678,GPU-deec06d9-69c0-a4df-e1da-1c42f2a60220,58443,97887,97,251.96
2026/10/10 22:43:58.210,GPU-deec06d9-69c0-a4df-e1da-1c42f2a60220,58443,97887,100,246.19
2026/10/10 22:43:58.743,GPU-deec06d9-69c0-a4df-e1da-1c42f2a60220,58443,97887,98,250.11
2026/10/10 22:43:59.277,GPU-deec06d9-69c0-a4df-e1da-1c42f2a60220,58443,97887,98,261.75
2026/10/10 22:43:59.810,GPU-deec06d9-69c0-a4df-e1da-1c42f2a60220,58443,97887,100,248.49
2026/10/10 22:44:00.341,GPU-deec06d9-69c0-a4df-e1da-1c42f2a60220,58443,97887,98,238.32
2026/10/10 22:44:00.870,GPU-deec06d9-69c0-a4df-e1da-1c42f2a60220,58443,97887,98,258.43
2026/10/10 22:44:01.404,GPU-deec06d9-69c0-a4df-e1da-1c42f2a60220,58443,97887,100,254.56
2026/10/10 22:44:01.955,GPU-deec06d9-69c0-a4df-e1da-1c42f2a60220,58443,97887,98,262.84
2026/10/10 22:44:02.495,GPU-deec06d9-69c0-a4df-e1da-1c42f2a60220,58443,97887,100,256.74
2026/10/10 22:44:03.029,GPU-deec06d9-69c0-a4df-e1da-1c42f2a60220,58443,97887,100,251.32
2026/10/10 22:44:03.573,GPU-deec06d9-69c0-a4df-e1da-1c42f2a60220,58443,97887,98,268.47
2026/10/10 22:44:04.108,GPU-deec06d9-69c0-a4df-e1da-1c42f2a60220,58443,97887,100,253.34
2026/10/10 22:44:04.641,GPU-deec06d9-69c0-a4df-e1da-1c42f2a60220,58443,97887,100,260.93
2026/10/10 22:44:05.178,GPU-deec06d9-69c0-a4df-e1da-1c42f2a60220,58443,97887,97,262.04
2026/10/10 22:44:05.713,GPU-deec06d9-69c0-a4df-e1da-1c42f2a60220,58443,97887,100,255.86
2026/10/10 22:44:06.251,GPU-deec06d9-69c0-a4df-e1da-1c42f2a60220,58443,97887,98,253.65
2026/10/10 22:44:06.789,GPU-deec06d9-69c0-a4df-e1da-1c42f2a60220,58443,97887,97,263.41
2026/10/10 22:44:07.325,GPU-deec06d9-69c0-a4df-e1da-1c42f2a60220,58443,97887,100,269.94
2026/10/10 22:44:07.862,GPU-deec06d9-69c0-a4df-e1da-1c42f2a60220,58443,97887,97,254.47
2026/10/10 22:44:08.402,GPU-deec06d9-69c0-a4df-e1da-1c42f2a60220,58443,97887,97,253.35
2026/10/10 22:44:08.939,GPU-deec06d9-69c0-a4df-e1da-1c42f2a60220,58443,97887,100,264.95
2026/10/10 22:44:09.473,GPU-deec06d9-69c0-a4df-e1da-1c42f2a60220,58443,97887,98,246.37
2026/10/10 22:44:10.009,GPU-deec06d9-69c0-a4df-e1da-1c42f2a60220,58443,97887,98,241.31
2026/10/10 22:44:10.546,GPU-deec06d9-69c0-a4df-e1da-1c42f2a60220,58443,97887,100,267.20
2026/10/10 22:44:11.090,GPU-deec06d9-69c0-a4df-e1da-1c42f2a60220,58443,97887,98,249.13
2026/10/10 22:44:11.624,GPU-deec06d9-69c0-a4df-e1da-1c42f2a60220,58443,97887,100,241.31
2026/10/10 22:44:12.158,GPU-deec06d9-69c0-a4df-e1da-1c42f2a60220,58443,97887,100,258.67
2026/10/10 22:44:12.691,GPU-deec06d9-69c0-a4df-e1da-1c42f2a60220,58443,97887,97,254.96
2026/10/10 22:44:13.224,GPU-deec06d9-69c0-a4df-e1da-1c42f2a60220,58443,97887,100,251.25
2026/10/10 22:44:13.761,GPU-deec06d9-69c0-a4df-e1da-1c42f2a60220,58443,97887,98,251.83
2026/10/10 22:44:14.304,GPU-deec06d9-69c0-a4df-e1da-1c42f2a60220,58443,97887,97,253.10
2026/10/10 22:44:14.846,GPU-deec06d9-69c0-a4df-e1da-1c42f2a60220,58443,97887,100,249.22
2026/10/10 22:44:15.392,GPU-deec06d9-69c0-a4df-e1da-1c42f2a60220,58443,97887,97,253.42
2026/10/10 22:44:15.928,GPU-deec06d9-69c0-a4df-e1da-1c42f2a60220,58443,97887,99,259.51
2026/10/10 22:44:16.464,GPU-deec06d9-69c0-a4df-e1da-1c42f2a60220,58443,97887,100,266.91
2026/10/10 22:44:17.002,GPU-deec06d9-69c0-a4df-e1da-1c42f2a60220,58443,97887,98,265.97
2026/10/10 22:44:17.540,GPU-deec06d9-69c0-a4df-e1da-1c42f2a60220,58443,97887,100,257.28
2026/10/10 22:44:18.076,GPU-deec06d9-69c0-a4df-e1da-1c42f2a60220,58443,97887,98,258.68
2026/10/10 22:44:18.611,GPU-deec06d9-69c0-a4df-e1da-1c42f2a60220,58443,97887,97,258.04
2026/10/10 22:44:19.146,GPU-deec06d9-69c0-a4df-e1da-1c42f2a60220,58443,97887,100,251.20
2026/10/10 22:44:19.681,GPU-deec06d9-69c0-a4df-e1da-1c42f2a60220,58443,97887,98,247.66
2026/10/10 22:44:20.216,GPU-deec06d9-69c0-a4df-e1da-1c42f2a60220,58443,97887,97,265.06
2026/10/10 22:44:20.751,GPU-deec06d9-69c0-a4df-e1da-1c42f2a60220,58443,97887,100,268.06
2026/10/10 22:44:21.288,GPU-deec06d9-69c0-a4df-e1da-1c42f2a60220,58443,97887,97,250.32
2026/10/10 22:44:21.823,GPU-deec06d9-69c0-a4df-e1da-1c42f2a60220,58443,97887,97,250.87
2026/10/10 22:44:22.360,GPU-deec06d9-69c0-a4df-e1da-1c42f2a60220,58443,97887,100,264.26
2026/10/10 22:44:22.897,GPU-deec06d9-69c0-a4df-e1da-1c42f2a60220,58443,97887,97,250.90
2026/10/10 22:44:23.437,GPU-deec06d9-69c0-a4df-e1da-1c42f2a60220,58443,97887,97,260.36
2026/10/10 22:44:23.976,GPU-deec06d9-69c0-a4df-e1da-1c42f2a60220,58443,97887,100,258.04
2026/10/10 22:44:24.517,GPU-deec06d9-69c0-a4df-e1da-1c42f2a60220,58443,97887,97,250.93
2026/10/10 22:44:25.061,GPU-deec06d9-69c0-a4df-e1da-1c42f2a60220,58443,97887,97,251.25
2026/10/10 22:44:25.960,GPU-deec06d9-69c0-a4df-e1da-1c42f2a60220,58443,97887,97,254.79
2026/10/10 22:44:26.602,GPU-deec06d9-69c0-a4df-e1da-1c42f2a60220,58443,97887,100,251.01
2026/10/10 22:44:27.658,GPU-deec06d9-69c0-a4df-e1da-1c42f2a60220,58443,97887,97,258.35
2026/10/10 22:44:28.367,GPU-deec06d9-69c0-a4df-e1da-1c42f2a60220,58443,97887,100,267.34
2026/10/10 22:44:28.896,GPU-deec06d9-69c0-a4df-e1da-1c42f2a60220,58443,97887,98,250.45
2026/10/10 22:44:29.424,GPU-deec06d9-69c0-a4df-e1da-1c42f2a60220,58443,97887,96,258.08
2026/10/10 22:44:29.956,GPU-deec06d9-69c0-a4df-e1da-1c42f2a60220,58443,97887,100,266.01
2026/10/10 22:44:30.485,GPU-deec06d9-69c0-a4df-e1da-1c42f2a60220,58443,97887,98,249.96
2026/10/10 22:44:31.014,GPU-deec06d9-69c0-a4df-e1da-1c42f2a60220,58443,97887,100,244.23
2026/10/10 22:44:31.543,GPU-deec06d9-69c0-a4df-e1da-1c42f2a60220,58443,97887,100,266.07
2026/10/10 22:44:32.071,GPU-deec06d9-69c0-a4df-e1da-1c42f2a60220,58443,97887,97,262.44
2026/10/10 22:44:32.601,GPU-deec06d9-69c0-a4df-e1da-1c42f2a60220,58443,97887,100,248.20
2026/10/10 22:44:33.129,GPU-deec06d9-69c0-a4df-e1da-1c42f2a60220,58443,97887,98,257.74
2026/10/10 22:44:33.658,GPU-deec06d9-69c0-a4df-e1da-1c42f2a60220,58443,97887,97,258.93
2026/10/10 22:44:34.187,GPU-deec06d9-69c0-a4df-e1da-1c42f2a60220,58443,97887,100,254.06
2026/10/10 22:44:34.714,GPU-deec06d9-69c0-a4df-e1da-1c42f2a60220,58443,97887,98,246.68
2026/10/10 22:44:35.243,GPU-deec06d9-69c0-a4df-e1da-1c42f2a60220,58443,97887,97,263.43
2026/10/10 22:44:35.774,GPU-deec06d9-69c0-a4df-e1da-1c42f2a60220,58443,97887,100,258.89
2026/10/10 22:44:36.309,GPU-deec06d9-69c0-a4df-e1da-1c42f2a60220,58443,97887,98,248.34
2026/10/10 22:44:36.838,GPU-deec06d9-69c0-a4df-e1da-1c42f2a60220,58443,97887,97,253.25
2026/10/10 22:44:37.369,GPU-deec06d9-69c0-a4df-e1da-1c42f2a60220,58443,97887,100,260.71
2026/10/10 22:44:37.900,GPU-deec06d9-69c0-a4df-e1da-1c42f2a60220,58443,97887,98,250.89
2026/10/10 22:44:38.431,GPU-deec06d9-69c0-a4df-e1da-1c42f2a60220,58443,97887,99,249.55
2026/10/10 22:44:38.961,GPU-deec06d9-69c0-a4df-e1da-1c42f2a60220,58443,97887,100,263.90
2026/10/10 22:44:39.493,GPU-deec06d9-69c0-a4df-e1da-1c42f2a60220,58443,97887,97,262.77
2026/10/10 22:44:40.025,GPU-deec06d9-69c0-a4df-e1da-1c42f2a60220,58443,97887,100,246.04
2026/10/10 22:44:40.574,GPU-deec06d9-69c0-a4df-e1da-1c42f2a60220,58443,97887,97,253.71
2026/10/10 22:44:41.106,GPU-deec06d9-69c0-a4df-e1da-1c42f2a60220,58443,97887,97,259.36
2026/10/10 22:44:41.643,GPU-deec06d9-69c0-a4df-e1da-1c42f2a60220,58443,97887,100,249.14
2026/10/10 22:44:42.177,GPU-deec06d9-69c0-a4df-e1da-1c42f2a60220,58443,97887,98,256.63
2026/10/10 22:44:42.711,GPU-deec06d9-69c0-a4df-e1da-1c42f2a60220,58443,97887,97,260.79
2026/10/10 22:44:43.241,GPU-deec06d9-69c0-a4df-e1da-1c42f2a60220,58443,97887,100,249.70
2026/10/10 22:44:43.770,GPU-deec06d9-69c0-a4df-e1da-1c42f2a60220,58443,97887,97,246.75
2026/10/10 22:44:44.305,GPU-deec06d9-69c0-a4df-e1da-1c42f2a60220,58443,97887,97,263.24
2026/10/10 22:44:44.835,GPU-deec06d9-69c0-a4df-e1da-1c42f2a60220,58443,97887,100,259.57
2026/10/10 22:44:45.365,GPU-deec06d9-69c0-a4df-e1da-1c42f2a60220,58443,97887,97,250.80
2026/10/10 22:44:45.894,GPU-deec06d9-69c0-a4df-e1da-1c42f2a60220,58443,97887,97,258.71
2026/10/10 22:44:46.425,GPU-deec06d9-69c0-a4df-e1da-1c42f2a60220,58443,97887,100,258.28
2026/10/10 22:44:46.955,GPU-deec06d9-69c0-a4df-e1da-1c42f2a60220,58443,97887,97,252.06
2026/10/10 22:44:47.485,GPU-deec06d9-69c0-a4df-e1da-1c42f2a60220,58443,97887,97,254.03
2026/10/10 22:44:48.018,GPU-deec06d9-69c0-a4df-e1da-1c42f2a60220,58443,97887,100,246.29
2026/10/10 22:44:48.550,GPU-deec06d9-69c0-a4df-e1da-1c42f2a60220,58443,97887,98,248.02
2026/10/10 22:44:49.080,GPU-deec06d9-69c0-a4df-e1da-1c42f2a60220,58443,97887,97,245.54
2026/10/10 22:44:49.612,GPU-deec06d9-69c0-a4df-e1da-1c42f2a60220,58443,97887,100,260.76
2026/10/10 22:44:50.146,GPU-deec06d9-69c0-a4df-e1da-1c42f2a60220,58443,97887,98,252.59
2026/10/10 22:44:50.674,GPU-deec06d9-69c0-a4df-e1da-1c42f2a60220,58443,97887,100,245.65
2026/10/10 22:44:51.203,GPU-deec06d9-69c0-a4df-e1da-1c42f2a60220,58443,97887,98,263.52
2026/10/10 22:44:51.732,GPU-deec06d9-69c0-a4df-e1da-1c42f2a60220,58443,97887,97,251.01
2026/10/10 22:44:52.271,GPU-deec06d9-69c0-a4df-e1da-1c42f2a60220,58443,97887,100,251.62
2026/10/10 22:44:52.812,GPU-deec06d9-69c0-a4df-e1da-1c42f2a60220,58443,97887,98,251.65
2026/10/10 22:44:53.343,GPU-deec06d9-69c0-a4df-e1da-1c42f2a60220,58443,97887,97,260.01
2026/10/10 22:44:53.871,GPU-deec06d9-69c0-a4df-e1da-1c42f2a60220,58443,97887,100,256.60
2026/10/10 22:44:54.398,GPU-deec06d9-69c0-a4df-e1da-1c42f2a60220,58443,97887,98,247.11
2026/10/10 22:44:54.928,GPU-deec06d9-69c0-a4df-e1da-1c42f2a60220,58443,97887,100,258.02
2026/10/10 22:44:55.462,GPU-deec06d9-69c0-a4df-e1da-1c42f2a60220,58443,97887,100,261.60
2026/10/10 22:44:55.992,GPU-deec06d9-69c0-a4df-e1da-1c42f2a60220,58443,97887,98,245.65
2026/10/10 22:44:56.523,GPU-deec06d9-69c0-a4df-e1da-1c42f2a60220,58443,97887,97,257.05
2026/10/10 22:44:57.056,GPU-deec06d9-69c0-a4df-e1da-1c42f2a60220,58443,97887,100,262.11
2026/10/10 22:44:57.588,GPU-deec06d9-69c0-a4df-e1da-1c42f2a60220,58443,97887,97,251.36
2026/10/10 22:44:58.121,GPU-deec06d9-69c0-a4df-e1da-1c42f2a60220,58443,97887,100,248.47
2026/10/10 22:44:58.654,GPU-deec06d9-69c0-a4df-e1da-1c42f2a60220,58443,97887,97,257.02
2026/10/10 22:44:59.186,GPU-deec06d9-69c0-a4df-e1da-1c42f2a60220,58443,97887,97,250.39
2026/10/10 22:44:59.717,GPU-deec06d9-69c0-a4df-e1da-1c42f2a60220,58443,97887,100,251.43
2026/10/10 22:45:00.254,GPU-deec06d9-69c0-a4df-e1da-1c42f2a60220,58443,97887,98,256.19
2026/10/10 22:45:00.789,GPU-deec06d9-69c0-a4df-e1da-1c42f2a60220,58443,97887,97,261.79
2026/10/10 22:45:01.327,GPU-deec06d9-69c0-a4df-e1da-1c42f2a60220,58443,97887,100,271.57
2026/10/10 22:45:01.859,GPU-deec06d9-69c0-a4df-e1da-1c42f2a60220,58443,97887,97,257.10
2026/10/10 22:45:02.392,GPU-deec06d9-69c0-a4df-e1da-1c42f2a60220,58443,97887,100,255.56
2026/10/10 22:45:02.924,GPU-deec06d9-69c0-a4df-e1da-1c42f2a60220,58443,97887,100,252.80
2026/10/10 22:45:03.455,GPU-deec06d9-69c0-a4df-e1da-1c42f2a60220,58443,97887,97,259.08
2026/10/10 22:45:03.992,GPU-deec06d9-69c0-a4df-e1da-1c42f2a60220,58443,97887,100,246.51
2026/10/10 22:45:04.523,GPU-deec06d9-69c0-a4df-e1da-1c42f2a60220,58443,97887,100,252.50
2026/10/10 22:45:05.057,GPU-deec06d9-69c0-a4df-e1da-1c42f2a60220,58443,97887,97,251.03
2026/10/10 22:45:05.587,GPU-deec06d9-69c0-a4df-e1da-1c42f2a60220,58443,97887,100,251.22
2026/10/10 22:45:06.192,GPU-deec06d9-69c0-a4df-e1da-1c42f2a60220,58443,97887,98,254.40
2026/10/10 22:45:06.729,GPU-deec06d9-69c0-a4df-e1da-1c42f2a60220,58443,97887,97,256.87
2026/10/10 22:45:07.736,GPU-deec06d9-69c0-a4df-e1da-1c42f2a60220,58443,97887,98,252.79
2026/10/10 22:45:08.487,GPU-deec06d9-69c0-a4df-e1da-1c42f2a60220,58443,97887,97,257.71
2026/10/10 22:45:09.018,GPU-deec06d9-69c0-a4df-e1da-1c42f2a60220,58443,97887,100,261.26
2026/10/10 22:45:09.548,GPU-deec06d9-69c0-a4df-e1da-1c42f2a60220,58443,97887,100,257.08
2026/10/10 22:45:10.078,GPU-deec06d9-69c0-a4df-e1da-1c42f2a60220,58443,97887,98,252.20
2026/10/10 22:45:10.619,GPU-deec06d9-69c0-a4df-e1da-1c42f2a60220,58443,97887,99,259.22
2026/10/10 22:45:11.149,GPU-deec06d9-69c0-a4df-e1da-1c42f2a60220,58443,97887,100,269.09
2026/10/10 22:45:11.679,GPU-deec06d9-69c0-a4df-e1da-1c42f2a60220,58443,97887,97,265.72
2026/10/10 22:45:12.210,GPU-deec06d9-69c0-a4df-e1da-1c42f2a60220,58443,97887,100,254.30
2026/10/10 22:45:12.739,GPU-deec06d9-69c0-a4df-e1da-1c42f2a60220,58443,97887,100,258.55
2026/10/10 22:45:13.268,GPU-deec06d9-69c0-a4df-e1da-1c42f2a60220,58443,97887,97,267.51
2026/10/10 22:45:13.799,GPU-deec06d9-69c0-a4df-e1da-1c42f2a60220,58443,97887,100,256.05
2026/10/10 22:45:14.326,GPU-deec06d9-69c0-a4df-e1da-1c42f2a60220,58443,97887,100,258.62
2026/10/10 22:45:14.853,GPU-deec06d9-69c0-a4df-e1da-1c42f2a60220,58443,97887,98,265.13
2026/10/10 22:45:15.382,GPU-deec06d9-69c0-a4df-e1da-1c42f2a60220,58443,97887,100,267.08
2026/10/10 22:45:15.911,GPU-deec06d9-69c0-a4df-e1da-1c42f2a60220,58443,97887,98,256.22
2026/10/10 22:45:16.440,GPU-deec06d9-69c0-a4df-e1da-1c42f2a60220,58443,97887,98,259.08
2026/10/10 22:45:16.971,GPU-deec06d9-69c0-a4df-e1da-1c42f2a60220,58443,97887,100,256.39
2026/10/10 22:45:17.503,GPU-deec06d9-69c0-a4df-e1da-1c42f2a60220,58443,97887,97,250.45
2026/10/10 22:45:18.035,GPU-deec06d9-69c0-a4df-e1da-1c42f2a60220,58443,97887,98,258.03
2026/10/10 22:45:18.566,GPU-deec06d9-69c0-a4df-e1da-1c42f2a60220,58443,97887,100,263.75
2026/10/10 22:45:19.098,GPU-deec06d9-69c0-a4df-e1da-1c42f2a60220,58443,97887,98,257.63
2026/10/10 22:45:19.630,GPU-deec06d9-69c0-a4df-e1da-1c42f2a60220,58443,97887,100,255.94
2026/10/10 22:45:20.164,GPU-deec06d9-69c0-a4df-e1da-1c42f2a60220,58443,97887,98,258.95
2026/10/10 22:45:20.696,GPU-deec06d9-69c0-a4df-e1da-1c42f2a60220,58443,97887,98,268.80
2026/10/10 22:45:21.229,GPU-deec06d9-69c0-a4df-e1da-1c42f2a60220,58443,97887,100,256.12
2026/10/10 22:45:21.764,GPU-deec06d9-69c0-a4df-e1da-1c42f2a60220,58443,97887,97,251.43
2026/10/10 22:45:22.292,GPU-deec06d9-69c0-a4df-e1da-1c42f2a60220,58443,97887,98,267.22
2026/10/10 22:45:22.822,GPU-deec06d9-69c0-a4df-e1da-1c42f2a60220,58443,97887,100,251.14
2026/10/10 22:45:23.354,GPU-deec06d9-69c0-a4df-e1da-1c42f2a60220,58443,97887,98,243.51
2026/10/10 22:45:23.888,GPU-deec06d9-69c0-a4df-e1da-1c42f2a60220,58443,97887,97,264.83
2026/10/10 22:45:24.424,GPU-deec06d9-69c0-a4df-e1da-1c42f2a60220,58443,97887,100,263.22
2026/10/10 22:45:24.964,GPU-deec06d9-69c0-a4df-e1da-1c42f2a60220,58443,97887,97,247.90
2026/10/10 22:45:25.504,GPU-deec06d9-69c0-a4df-e1da-1c42f2a60220,58443,97887,97,248.23
2026/10/10 22:45:26.041,GPU-deec06d9-69c0-a4df-e1da-1c42f2a60220,58443,97887,100,264.07
2026/10/10 22:45:26.575,GPU-deec06d9-69c0-a4df-e1da-1c42f2a60220,58443,97887,98,251.87
2026/10/10 22:45:27.112,GPU-deec06d9-69c0-a4df-e1da-1c42f2a60220,58443,97887,100,241.09
2026/10/10 22:45:27.648,GPU-deec06d9-69c0-a4df-e1da-1c42f2a60220,58443,97887,99,263.69
2026/10/10 22:45:28.182,GPU-deec06d9-69c0-a4df-e1da-1c42f2a60220,58443,97887,97,254.13
2026/10/10 22:45:28.715,GPU-deec06d9-69c0-a4df-e1da-1c42f2a60220,58443,97887,100,251.67
2026/10/10 22:45:29.249,GPU-deec06d9-69c0-a4df-e1da-1c42f2a60220,58443,97887,98,254.93
2026/10/10 22:45:29.782,GPU-deec06d9-69c0-a4df-e1da-1c42f2a60220,58443,97887,97,259.67
2026/10/10 22:45:30.318,GPU-deec06d9-69c0-a4df-e1da-1c42f2a60220,58443,97887,100,247.71
2026/10/10 22:45:30.848,GPU-deec06d9-69c0-a4df-e1da-1c42f2a60220,58443,97887,98,249.99
2026/10/10 22:45:31.378,GPU-deec06d9-69c0-a4df-e1da-1c42f2a60220,58443,97887,97,260.30
2026/10/10 22:45:31.913,GPU-deec06d9-69c0-a4df-e1da-1c42f2a60220,58443,97887,100,258.63
2026/10/10 22:45:32.453,GPU-deec06d9-69c0-a4df-e1da-1c42f2a60220,58443,97887,98,246.49
2026/10/10 22:45:32.989,GPU-deec06d9-69c0-a4df-e1da-1c42f2a60220,58443,97887,100,256.01
2026/10/10 22:45:33.523,GPU-deec06d9-69c0-a4df-e1da-1c42f2a60220,58443,97887,100,259.00
2026/10/10 22:45:34.052,GPU-deec06d9-69c0-a4df-e1da-1c42f2a60220,58443,97887,98,243.18
2026/10/10 22:45:34.587,GPU-deec06d9-69c0-a4df-e1da-1c42f2a60220,58443,97887,100,255.65
2026/10/10 22:45:35.122,GPU-deec06d9-69c0-a4df-e1da-1c42f2a60220,58443,97887,100,263.52
2026/10/10 22:45:35.658,GPU-deec06d9-69c0-a4df-e1da-1c42f2a60220,58443,97887,97,258.19
2026/10/10 22:45:36.193,GPU-deec06d9-69c0-a4df-e1da-1c42f2a60220,58443,97887,100,255.94
2026/10/10 22:45:36.724,GPU-deec06d9-69c0-a4df-e1da-1c42f2a60220,58443,97887,98,258.23
2026/10/10 22:45:37.261,GPU-deec06d9-69c0-a4df-e1da-1c42f2a60220,58443,97887,98,264.79
2026/10/10 22:45:37.814,GPU-deec06d9-69c0-a4df-e1da-1c42f2a60220,58443,97887,100,261.15
2026/10/10 22:45:38.346,GPU-deec06d9-69c0-a4df-e1da-1c42f2a60220,58443,97887,98,257.99
2026/10/10 22:45:38.880,GPU-deec06d9-69c0-a4df-e1da-1c42f2a60220,58443,97887,97,250.60
2026/10/10 22:45:39.419,GPU-deec06d9-69c0-a4df-e1da-1c42f2a60220,58443,97887,100,268.96
2026/10/10 22:45:39.956,GPU-deec06d9-69c0-a4df-e1da-1c42f2a60220,58443,97887,98,260.06
2026/10/10 22:45:40.493,GPU-deec06d9-69c0-a4df-e1da-1c42f2a60220,58443,97887,100,248.59
2026/10/10 22:45:41.026,GPU-deec06d9-69c0-a4df-e1da-1c42f2a60220,58443,97887,99,264.77
2026/10/10 22:45:41.558,GPU-deec06d9-69c0-a4df-e1da-1c42f2a60220,58443,97887,98,267.37
2026/10/10 22:45:42.097,GPU-deec06d9-69c0-a4df-e1da-1c42f2a60220,58443,97887,100,252.24
2026/10/10 22:45:42.630,GPU-deec06d9-69c0-a4df-e1da-1c42f2a60220,58443,97887,98,253.93
2026/10/10 22:45:43.163,GPU-deec06d9-69c0-a4df-e1da-1c42f2a60220,58443,97887,97,267.35
2026/10/10 22:45:43.696,GPU-deec06d9-69c0-a4df-e1da-1c42f2a60220,58443,97887,100,251.87
2026/10/10 22:45:44.229,GPU-deec06d9-69c0-a4df-e1da-1c42f2a60220,58443,97887,97,251.85
2026/10/10 22:45:44.762,GPU-deec06d9-69c0-a4df-e1da-1c42f2a60220,58443,97887,97,262.71
2026/10/10 22:45:45.294,GPU-deec06d9-69c0-a4df-e1da-1c42f2a60220,58443,97887,100,253.21
2026/10/10 22:45:45.827,GPU-deec06d9-69c0-a4df-e1da-1c42f2a60220,58443,97887,98,248.52
2026/10/10 22:45:46.665,GPU-deec06d9-69c0-a4df-e1da-1c42f2a60220,58443,97887,100,249.28
2026/10/10 22:45:47.256,GPU-deec06d9-69c0-a4df-e1da-1c42f2a60220,58443,97887,98,249.35
2026/10/10 22:45:48.290,GPU-deec06d9-69c0-a4df-e1da-1c42f2a60220,58443,97887,100,269.70
2026/10/10 22:45:49.000,GPU-deec06d9-69c0-a4df-e1da-1c42f2a60220,58443,97887,97,252.66
2026/10/10 22:45:49.531,GPU-deec06d9-69c0-a4df-e1da-1c42f2a60220,58443,97887,97,249.10
2026/10/10 22:45:50.063,GPU-deec06d9-69c0-a4df-e1da-1c42f2a60220,58443,97887,100,270.29
2026/10/10 22:45:50.593,GPU-deec06d9-69c0-a4df-e1da-1c42f2a60220,58443,97887,97,251.82
2026/10/10 22:45:51.127,GPU-deec06d9-69c0-a4df-e1da-1c42f2a60220,58443,97887,100,246.43
2026/10/10 22:45:51.655,GPU-deec06d9-69c0-a4df-e1da-1c42f2a60220,58443,97887,97,262.35
2026/10/10 22:45:52.183,GPU-deec06d9-69c0-a4df-e1da-1c42f2a60220,58443,97887,98,255.90
2026/10/10 22:45:52.710,GPU-deec06d9-69c0-a4df-e1da-1c42f2a60220,58443,97887,100,247.36
2026/10/10 22:45:53.239,GPU-deec06d9-69c0-a4df-e1da-1c42f2a60220,58443,97887,98,256.72
2026/10/10 22:45:53.766,GPU-deec06d9-69c0-a4df-e1da-1c42f2a60220,58443,97887,97,267.23
2026/10/10 22:45:54.296,GPU-deec06d9-69c0-a4df-e1da-1c42f2a60220,58443,97887,100,250.25
2026/10/10 22:45:54.824,GPU-deec06d9-69c0-a4df-e1da-1c42f2a60220,58443,97887,97,243.45
2026/10/10 22:45:55.365,GPU-deec06d9-69c0-a4df-e1da-1c42f2a60220,58443,97887,97,266.18
2026/10/10 22:45:55.898,GPU-deec06d9-69c0-a4df-e1da-1c42f2a60220,58443,97887,100,251.32
2026/10/10 22:45:56.431,GPU-deec06d9-69c0-a4df-e1da-1c42f2a60220,58443,97887,97,248.02
2026/10/10 22:45:56.967,GPU-deec06d9-69c0-a4df-e1da-1c42f2a60220,58443,97887,96,262.64
2026/10/10 22:45:57.495,GPU-deec06d9-69c0-a4df-e1da-1c42f2a60220,58443,97887,100,258.74
2026/10/10 22:45:58.025,GPU-deec06d9-69c0-a4df-e1da-1c42f2a60220,58443,97887,97,248.90
2026/10/10 22:45:58.554,GPU-deec06d9-69c0-a4df-e1da-1c42f2a60220,58443,97887,97,258.16
2026/10/10 22:45:59.085,GPU-deec06d9-69c0-a4df-e1da-1c42f2a60220,58443,97887,100,257.24
2026/10/10 22:45:59.614,GPU-deec06d9-69c0-a4df-e1da-1c42f2a60220,58443,97887,97,246.07
2026/10/10 22:46:00.145,GPU-deec06d9-69c0-a4df-e1da-1c42f2a60220,58443,97887,99,250.74
2026/10/10 22:46:00.677,GPU-deec06d9-69c0-a4df-e1da-1c42f2a60220,58443,97887,100,268.93
2026/10/10 22:46:01.207,GPU-deec06d9-69c0-a4df-e1da-1c42f2a60220,58443,97887,96,253.70
2026/10/10 22:46:01.740,GPU-deec06d9-69c0-a4df-e1da-1c42f2a60220,58443,97887,100,245.69
2026/10/10 22:46:02.277,GPU-deec06d9-69c0-a4df-e1da-1c42f2a60220,58443,97887,98,255.15
2026/10/10 22:46:02.819,GPU-deec06d9-69c0-a4df-e1da-1c42f2a60220,58443,97887,97,251.05
2026/10/10 22:46:03.353,GPU-deec06d9-69c0-a4df-e1da-1c42f2a60220,58443,97887,100,248.83
2026/10/10 22:46:03.888,GPU-deec06d9-69c0-a4df-e1da-1c42f2a60220,58443,97887,97,255.23
2026/10/10 22:46:04.420,GPU-deec06d9-69c0-a4df-e1da-1c42f2a60220,58443,97887,97,262.71
2026/10/10 22:46:04.952,GPU-deec06d9-69c0-a4df-e1da-1c42f2a60220,58443,97887,100,253.12
2026/10/10 22:46:05.484,GPU-deec06d9-69c0-a4df-e1da-1c42f2a60220,58443,97887,97,255.86
2026/10/10 22:46:06.018,GPU-deec06d9-69c0-a4df-e1da-1c42f2a60220,58443,97887,97,256.06
2026/10/10 22:46:06.550,GPU-deec06d9-69c0-a4df-e1da-1c42f2a60220,58443,97887,100,247.61
2026/10/10 22:46:07.081,GPU-deec06d9-69c0-a4df-e1da-1c42f2a60220,58443,97887,97,245.38
2026/10/10 22:46:07.609,GPU-deec06d9-69c0-a4df-e1da-1c42f2a60220,58443,97887,98,259.29
2026/10/10 22:46:08.139,GPU-deec06d9-69c0-a4df-e1da-1c42f2a60220,58443,97887,100,253.09
2026/10/10 22:46:08.669,GPU-deec06d9-69c0-a4df-e1da-1c42f2a60220,58443,97887,97,242.74
2026/10/10 22:46:09.202,GPU-deec06d9-69c0-a4df-e1da-1c42f2a60220,58443,97887,100,254.41
2026/10/10 22:46:09.734,GPU-deec06d9-69c0-a4df-e1da-1c42f2a60220,58443,97887,100,260.06
2026/10/10 22:46:10.266,GPU-deec06d9-69c0-a4df-e1da-1c42f2a60220,58443,97887,98,253.64
2026/10/10 22:46:10.807,GPU-deec06d9-69c0-a4df-e1da-1c42f2a60220,58443,97887,100,254.38
2026/10/10 22:46:11.337,GPU-deec06d9-69c0-a4df-e1da-1c42f2a60220,58443,97887,100,263.16
2026/10/10 22:46:11.866,GPU-deec06d9-69c0-a4df-e1da-1c42f2a60220,58443,97887,97,259.76
2026/10/10 22:46:12.401,GPU-deec06d9-69c0-a4df-e1da-1c42f2a60220,58443,97887,100,261.98
2026/10/10 22:46:12.933,GPU-deec06d9-69c0-a4df-e1da-1c42f2a60220,58443,97887,98,252.45
2026/10/10 22:46:13.464,GPU-deec06d9-69c0-a4df-e1da-1c42f2a60220,58443,97887,98,258.45
2026/10/10 22:46:13.995,GPU-deec06d9-69c0-a4df-e1da-1c42f2a60220,58443,97887,100,252.15
2026/10/10 22:46:14.525,GPU-deec06d9-69c0-a4df-e1da-1c42f2a60220,58443,97887,97,249.00
2026/10/10 22:46:15.055,GPU-deec06d9-69c0-a4df-e1da-1c42f2a60220,58443,97887,97,260.66
2026/10/10 22:46:15.585,GPU-deec06d9-69c0-a4df-e1da-1c42f2a60220,58443,97887,100,255.29
2026/10/10 22:46:16.113,GPU-deec06d9-69c0-a4df-e1da-1c42f2a60220,58443,97887,97,254.91
2026/10/10 22:46:16.645,GPU-deec06d9-69c0-a4df-e1da-1c42f2a60220,58443,97887,97,262.12
2026/10/10 22:46:17.176,GPU-deec06d9-69c0-a4df-e1da-1c42f2a60220,58443,97887,100,254.17
2026/10/10 22:46:17.708,GPU-deec06d9-69c0-a4df-e1da-1c42f2a60220,58443,97887,97,265.09
2026/10/10 22:46:18.238,GPU-deec06d9-69c0-a4df-e1da-1c42f2a60220,58443,97887,100,255.52
2026/10/10 22:46:18.768,GPU-deec06d9-69c0-a4df-e1da-1c42f2a60220,58443,97887,100,260.02
2026/10/10 22:46:19.298,GPU-deec06d9-69c0-a4df-e1da-1c42f2a60220,58443,97887,97,252.85
2026/10/10 22:46:19.829,GPU-deec06d9-69c0-a4df-e1da-1c42f2a60220,58443,97887,100,250.98
2026/10/10 22:46:20.362,GPU-deec06d9-69c0-a4df-e1da-1c42f2a60220,58443,97887,100,259.74
2026/10/10 22:46:20.892,GPU-deec06d9-69c0-a4df-e1da-1c42f2a60220,58443,97887,97,250.50
2026/10/10 22:46:21.421,GPU-deec06d9-69c0-a4df-e1da-1c42f2a60220,58443,97887,100,251.27
2026/10/10 22:46:21.951,GPU-deec06d9-69c0-a4df-e1da-1c42f2a60220,58443,97887,100,259.78
2026/10/10 22:46:22.481,GPU-deec06d9-69c0-a4df-e1da-1c42f2a60220,58443,97887,98,250.89
2026/10/10 22:46:23.008,GPU-deec06d9-69c0-a4df-e1da-1c42f2a60220,58443,97887,97,257.93
2026/10/10 22:46:23.538,GPU-deec06d9-69c0-a4df-e1da-1c42f2a60220,58443,97887,100,251.90
2026/10/10 22:46:24.071,GPU-deec06d9-69c0-a4df-e1da-1c42f2a60220,58443,97887,97,251.06
2026/10/10 22:46:24.602,GPU-deec06d9-69c0-a4df-e1da-1c42f2a60220,58443,97887,97,249.11
2026/10/10 22:46:25.135,GPU-deec06d9-69c0-a4df-e1da-1c42f2a60220,58443,97887,100,260.18
2026/10/10 22:46:25.664,GPU-deec06d9-69c0-a4df-e1da-1c42f2a60220,58443,97887,98,254.00
2026/10/10 22:46:26.202,GPU-deec06d9-69c0-a4df-e1da-1c42f2a60220,58443,97887,96,253.71
2026/10/10 22:46:26.852,GPU-deec06d9-69c0-a4df-e1da-1c42f2a60220,58443,97887,98,251.76
2026/10/10 22:46:27.381,GPU-deec06d9-69c0-a4df-e1da-1c42f2a60220,58443,97887,98,259.22
2026/10/10 22:46:28.739,GPU-deec06d9-69c0-a4df-e1da-1c42f2a60220,58443,97887,98,270.64
2026/10/10 22:46:29.267,GPU-deec06d9-69c0-a4df-e1da-1c42f2a60220,58443,97887,100,262.45
2026/10/10 22:46:29.794,GPU-deec06d9-69c0-a4df-e1da-1c42f2a60220,58443,97887,100,266.38
2026/10/10 22:46:30.321,GPU-deec06d9-69c0-a4df-e1da-1c42f2a60220,58443,97887,98,263.89
2026/10/10 22:46:30.849,GPU-deec06d9-69c0-a4df-e1da-1c42f2a60220,58443,97887,100,257.52
2026/10/10 22:46:31.377,GPU-deec06d9-69c0-a4df-e1da-1c42f2a60220,58443,97887,98,257.26
2026/10/10 22:46:31.903,GPU-deec06d9-69c0-a4df-e1da-1c42f2a60220,58443,97887,97,252.49
2026/10/10 22:46:32.433,GPU-deec06d9-69c0-a4df-e1da-1c42f2a60220,58443,97887,100,267.32
2026/10/10 22:46:32.962,GPU-deec06d9-69c0-a4df-e1da-1c42f2a60220,58443,97887,98,251.82
2026/10/10 22:46:33.488,GPU-deec06d9-69c0-a4df-e1da-1c42f2a60220,58443,97887,98,263.98
2026/10/10 22:46:34.017,GPU-deec06d9-69c0-a4df-e1da-1c42f2a60220,58443,97887,100,248.88
2026/10/10 22:46:34.544,GPU-deec06d9-69c0-a4df-e1da-1c42f2a60220,58443,97887,97,249.70
2026/10/10 22:46:35.070,GPU-deec06d9-69c0-a4df-e1da-1c42f2a60220,58443,97887,100,245.47
2026/10/10 22:46:35.599,GPU-deec06d9-69c0-a4df-e1da-1c42f2a60220,58443,97887,100,253.80
2026/10/10 22:46:36.127,GPU-deec06d9-69c0-a4df-e1da-1c42f2a60220,58443,97887,98,267.92
2026/10/10 22:46:36.653,GPU-deec06d9-69c0-a4df-e1da-1c42f2a60220,58443,97887,100,257.93
2026/10/10 22:46:37.180,GPU-deec06d9-69c0-a4df-e1da-1c42f2a60220,58443,97887,100,263.01
2026/10/10 22:46:37.707,GPU-deec06d9-69c0-a4df-e1da-1c42f2a60220,58443,97887,98,252.16
2026/10/10 22:46:38.234,GPU-deec06d9-69c0-a4df-e1da-1c42f2a60220,58443,97887,100,255.25
2026/10/10 22:46:38.762,GPU-deec06d9-69c0-a4df-e1da-1c42f2a60220,58443,97887,98,258.94
2026/10/10 22:46:39.288,GPU-deec06d9-69c0-a4df-e1da-1c42f2a60220,58443,97887,97,257.14
2026/10/10 22:46:39.816,GPU-deec06d9-69c0-a4df-e1da-1c42f2a60220,58443,97887,100,250.59
2026/10/10 22:46:40.346,GPU-deec06d9-69c0-a4df-e1da-1c42f2a60220,58443,97887,98,251.70
2026/10/10 22:46:40.877,GPU-deec06d9-69c0-a4df-e1da-1c42f2a60220,58443,97887,97,258.92
2026/10/10 22:46:41.403,GPU-deec06d9-69c0-a4df-e1da-1c42f2a60220,58443,97887,100,260.65
2026/10/10 22:46:41.929,GPU-deec06d9-69c0-a4df-e1da-1c42f2a60220,58443,97887,98,257.94
2026/10/10 22:46:42.463,GPU-deec06d9-69c0-a4df-e1da-1c42f2a60220,58443,97887,99,255.93
2026/10/10 22:46:42.990,GPU-deec06d9-69c0-a4df-e1da-1c42f2a60220,58443,97887,99,255.88
2026/10/10 22:46:43.517,GPU-deec06d9-69c0-a4df-e1da-1c42f2a60220,58443,97887,98,277.97
2026/10/10 22:46:44.045,GPU-deec06d9-69c0-a4df-e1da-1c42f2a60220,58443,97887,99,280.67
2026/10/10 22:46:44.574,GPU-deec06d9-69c0-a4df-e1da-1c42f2a60220,58443,97887,99,261.17
2026/10/10 22:46:45.104,GPU-deec06d9-69c0-a4df-e1da-1c42f2a60220,58443,97887,99,265.57
2026/10/10 22:46:45.636,GPU-deec06d9-69c0-a4df-e1da-1c42f2a60220,58443,97887,99,267.76
2026/10/10 22:46:46.165,GPU-deec06d9-69c0-a4df-e1da-1c42f2a60220,58443,97887,99,267.99
2026/10/10 22:46:46.693,GPU-deec06d9-69c0-a4df-e1da-1c42f2a60220,58443,97887,99,267.80
2026/10/10 22:46:47.220,GPU-deec06d9-69c0-a4df-e1da-1c42f2a60220,58443,97887,99,268.68
2026/10/10 22:46:47.750,GPU-deec06d9-69c0-a4df-e1da-1c42f2a60220,58443,97887,99,269.99
2026/10/10 22:46:48.278,GPU-deec06d9-69c0-a4df-e1da-1c42f2a60220,58443,97887,99,265.10
2026/10/10 22:46:48.809,GPU-deec06d9-69c0-a4df-e1da-1c42f2a60220,58443,97887,99,278.80
2026/10/10 22:46:49.358,GPU-deec06d9-69c0-a4df-e1da-1c42f2a60220,58443,97887,98,268.29
2026/10/10 22:46:49.888,GPU-deec06d9-69c0-a4df-e1da-1c42f2a60220,58443,97887,99,261.85
2026/10/10 22:46:50.416,GPU-deec06d9-69c0-a4df-e1da-1c42f2a60220,58443,97887,98,281.24
2026/10/10 22:46:50.947,GPU-deec06d9-69c0-a4df-e1da-1c42f2a60220,58443,97887,98,282.38
2026/10/10 22:46:51.476,GPU-deec06d9-69c0-a4df-e1da-1c42f2a60220,58443,97887,98,273.53
2026/10/10 22:46:52.004,GPU-deec06d9-69c0-a4df-e1da-1c42f2a60220,58443,97887,99,275.26
2026/10/10 22:46:52.532,GPU-deec06d9-69c0-a4df-e1da-1c42f2a60220,58443,97887,99,254.97
2026/10/10 22:46:53.062,GPU-deec06d9-69c0-a4df-e1da-1c42f2a60220,58443,97887,99,232.43
2026/10/10 22:46:53.595,GPU-deec06d9-69c0-a4df-e1da-1c42f2a60220,58443,97887,98,251.59
2026/10/10 22:46:54.124,GPU-deec06d9-69c0-a4df-e1da-1c42f2a60220,58443,97887,99,257.81
2026/10/10 22:46:54.653,GPU-deec06d9-69c0-a4df-e1da-1c42f2a60220,58443,97887,99,253.55
2026/10/10 22:46:55.184,GPU-deec06d9-69c0-a4df-e1da-1c42f2a60220,58443,97887,99,256.02
2026/10/10 22:46:55.713,GPU-deec06d9-69c0-a4df-e1da-1c42f2a60220,58443,97887,100,255.29
2026/10/10 22:46:56.241,GPU-deec06d9-69c0-a4df-e1da-1c42f2a60220,58443,97887,100,243.30
2026/10/10 22:46:56.769,GPU-deec06d9-69c0-a4df-e1da-1c42f2a60220,58443,97887,98,242.82
2026/10/10 22:46:57.296,GPU-deec06d9-69c0-a4df-e1da-1c42f2a60220,58443,97887,100,255.70
2026/10/10 22:46:57.823,GPU-deec06d9-69c0-a4df-e1da-1c42f2a60220,58443,97887,100,252.16
2026/10/10 22:46:58.352,GPU-deec06d9-69c0-a4df-e1da-1c42f2a60220,58443,97887,99,247.75
2026/10/10 22:46:58.881,GPU-deec06d9-69c0-a4df-e1da-1c42f2a60220,58443,97887,99,248.89
2026/10/10 22:46:59.409,GPU-deec06d9-69c0-a4df-e1da-1c42f2a60220,58443,97887,99,235.96
2026/10/10 22:46:59.941,GPU-deec06d9-69c0-a4df-e1da-1c42f2a60220,58443,97887,100,241.88
2026/10/10 22:47:00.468,GPU-deec06d9-69c0-a4df-e1da-1c42f2a60220,58443,97887,99,239.98
2026/10/10 22:47:00.996,GPU-deec06d9-69c0-a4df-e1da-1c42f2a60220,58443,97887,99,249.90
2026/10/10 22:47:01.525,GPU-deec06d9-69c0-a4df-e1da-1c42f2a60220,58443,97887,99,251.81
2026/10/10 22:47:02.055,GPU-deec06d9-69c0-a4df-e1da-1c42f2a60220,58443,97887,99,255.70
2026/10/10 22:47:02.583,GPU-deec06d9-69c0-a4df-e1da-1c42f2a60220,58443,97887,99,243.94
2026/10/10 22:47:03.111,GPU-deec06d9-69c0-a4df-e1da-1c42f2a60220,58443,97887,99,252.77
2026/10/10 22:47:03.639,GPU-deec06d9-69c0-a4df-e1da-1c42f2a60220,58443,97887,99,243.76
2026/10/10 22:47:04.166,GPU-deec06d9-69c0-a4df-e1da-1c42f2a60220,58443,97887,100,248.34
2026/10/10 22:47:04.693,GPU-deec06d9-69c0-a4df-e1da-1c42f2a60220,58443,97887,100,247.94
2026/10/10 22:47:05.221,GPU-deec06d9-69c0-a4df-e1da-1c42f2a60220,58443,97887,100,245.68
2026/10/10 22:47:05.749,GPU-deec06d9-69c0-a4df-e1da-1c42f2a60220,58443,97887,100,245.45
2026/10/10 22:47:06.278,GPU-deec06d9-69c0-a4df-e1da-1c42f2a60220,58443,97887,99,248.22
2026/10/10 22:47:06.807,GPU-deec06d9-69c0-a4df-e1da-1c42f2a60220,58443,97887,100,245.95
2026/10/10 22:47:07.334,GPU-deec06d9-69c0-a4df-e1da-1c42f2a60220,58443,97887,99,255.73
2026/10/10 22:47:07.863,GPU-deec06d9-69c0-a4df-e1da-1c42f2a60220,58443,97887,99,249.28
2026/10/10 22:47:08.392,GPU-deec06d9-69c0-a4df-e1da-1c42f2a60220,58443,97887,100,242.50
2026/10/10 22:47:08.921,GPU-deec06d9-69c0-a4df-e1da-1c42f2a60220,58443,97887,100,253.53
2026/10/10 22:47:09.449,GPU-deec06d9-69c0-a4df-e1da-1c42f2a60220,58443,97887,100,252.27
2026/10/10 22:47:09.976,GPU-deec06d9-69c0-a4df-e1da-1c42f2a60220,58443,97887,100,245.54
2026/10/10 22:47:10.504,GPU-deec06d9-69c0-a4df-e1da-1c42f2a60220,58443,97887,100,245.85
2026/10/10 22:47:11.033,GPU-deec06d9-69c0-a4df-e1da-1c42f2a60220,58443,97887,98,243.67
2026/10/10 22:47:11.563,GPU-deec06d9-69c0-a4df-e1da-1c42f2a60220,58443,97887,99,257.41
2026/10/10 22:47:12.097,GPU-deec06d9-69c0-a4df-e1da-1c42f2a60220,58443,97887,99,270.28
2026/10/10 22:47:12.624,GPU-deec06d9-69c0-a4df-e1da-1c42f2a60220,58443,97887,99,257.63
2026/10/10 22:47:13.152,GPU-deec06d9-69c0-a4df-e1da-1c42f2a60220,58443,97887,99,248.74
2026/10/10 22:47:13.681,GPU-deec06d9-69c0-a4df-e1da-1c42f2a60220,58443,97887,99,248.27
2026/10/10 22:47:14.209,GPU-deec06d9-69c0-a4df-e1da-1c42f2a60220,58443,97887,99,258.23
2026/10/10 22:47:14.737,GPU-deec06d9-69c0-a4df-e1da-1c42f2a60220,58443,97887,99,255.01
2026/10/10 22:47:15.266,GPU-deec06d9-69c0-a4df-e1da-1c42f2a60220,58443,97887,99,258.05
2026/10/10 22:47:15.794,GPU-deec06d9-69c0-a4df-e1da-1c42f2a60220,58443,97887,100,248.35
2026/10/10 22:47:16.322,GPU-deec06d9-69c0-a4df-e1da-1c42f2a60220,58443,97887,99,260.57
2026/10/10 22:47:16.850,GPU-deec06d9-69c0-a4df-e1da-1c42f2a60220,58443,97887,99,270.04
2026/10/10 22:47:17.378,GPU-deec06d9-69c0-a4df-e1da-1c42f2a60220,58443,97887,99,252.20
2026/10/10 22:47:17.907,GPU-deec06d9-69c0-a4df-e1da-1c42f2a60220,58443,97887,99,232.15
2026/10/10 22:47:18.435,GPU-deec06d9-69c0-a4df-e1da-1c42f2a60220,58443,97887,100,241.64
2026/10/10 22:47:18.962,GPU-deec06d9-69c0-a4df-e1da-1c42f2a60220,58443,97887,99,254.74
2026/10/10 22:47:19.493,GPU-deec06d9-69c0-a4df-e1da-1c42f2a60220,58443,97887,99,264.69
2026/10/10 22:47:20.030,GPU-deec06d9-69c0-a4df-e1da-1c42f2a60220,58443,97887,99,264.43
2026/10/10 22:47:20.557,GPU-deec06d9-69c0-a4df-e1da-1c42f2a60220,58443,97887,99,238.59
2026/10/10 22:47:21.085,GPU-deec06d9-69c0-a4df-e1da-1c42f2a60220,58443,97887,99,248.49
2026/10/10 22:47:21.612,GPU-deec06d9-69c0-a4df-e1da-1c42f2a60220,58443,97887,98,255.51
2026/10/10 22:47:22.141,GPU-deec06d9-69c0-a4df-e1da-1c42f2a60220,58443,97887,99,253.93
2026/10/10 22:47:22.668,GPU-deec06d9-69c0-a4df-e1da-1c42f2a60220,58443,97887,99,236.76
2026/10/10 22:47:23.199,GPU-deec06d9-69c0-a4df-e1da-1c42f2a60220,58443,97887,100,253.08
2026/10/10 22:47:23.725,GPU-deec06d9-69c0-a4df-e1da-1c42f2a60220,58443,97887,100,249.33
2026/10/10 22:47:24.258,GPU-deec06d9-69c0-a4df-e1da-1c42f2a60220,58443,97887,99,250.29
2026/10/10 22:47:24.787,GPU-deec06d9-69c0-a4df-e1da-1c42f2a60220,58443,97887,99,251.03
2026/10/10 22:47:25.314,GPU-deec06d9-69c0-a4df-e1da-1c42f2a60220,58443,97887,100,255.41
2026/10/10 22:47:25.846,GPU-deec06d9-69c0-a4df-e1da-1c42f2a60220,58443,97887,99,246.49
2026/10/10 22:47:26.382,GPU-deec06d9-69c0-a4df-e1da-1c42f2a60220,58443,97887,99,258.24
2026/10/10 22:47:26.909,GPU-deec06d9-69c0-a4df-e1da-1c42f2a60220,58443,97887,99,248.84
2026/10/10 22:47:27.436,GPU-deec06d9-69c0-a4df-e1da-1c42f2a60220,58443,97887,100,254.12
2026/10/10 22:47:27.964,GPU-deec06d9-69c0-a4df-e1da-1c42f2a60220,58443,97887,99,253.34
2026/10/10 22:47:28.491,GPU-deec06d9-69c0-a4df-e1da-1c42f2a60220,58443,97887,99,245.09
2026/10/10 22:47:29.019,GPU-deec06d9-69c0-a4df-e1da-1c42f2a60220,58443,97887,100,251.34
2026/10/10 22:47:29.548,GPU-deec06d9-69c0-a4df-e1da-1c42f2a60220,58443,97887,99,250.92
2026/10/10 22:47:30.074,GPU-deec06d9-69c0-a4df-e1da-1c42f2a60220,58443,97887,99,250.52
2026/10/10 22:47:30.605,GPU-deec06d9-69c0-a4df-e1da-1c42f2a60220,58443,97887,100,246.45
2026/10/10 22:47:31.135,GPU-deec06d9-69c0-a4df-e1da-1c42f2a60220,58443,97887,99,251.45
2026/10/10 22:47:31.664,GPU-deec06d9-69c0-a4df-e1da-1c42f2a60220,58443,97887,99,259.20
2026/10/10 22:47:32.192,GPU-deec06d9-69c0-a4df-e1da-1c42f2a60220,58443,97887,100,249.15
2026/10/10 22:47:32.726,GPU-deec06d9-69c0-a4df-e1da-1c42f2a60220,58443,97887,99,256.21
2026/10/10 22:47:33.253,GPU-deec06d9-69c0-a4df-e1da-1c42f2a60220,58443,97887,99,253.88
2026/10/10 22:47:33.782,GPU-deec06d9-69c0-a4df-e1da-1c42f2a60220,58443,97887,100,253.42
2026/10/10 22:47:34.311,GPU-deec06d9-69c0-a4df-e1da-1c42f2a60220,58443,97887,99,248.23
2026/10/10 22:47:34.839,GPU-deec06d9-69c0-a4df-e1da-1c42f2a60220,58443,97887,100,252.41
2026/10/10 22:47:35.368,GPU-deec06d9-69c0-a4df-e1da-1c42f2a60220,58443,97887,100,256.38
2026/10/10 22:47:35.896,GPU-deec06d9-69c0-a4df-e1da-1c42f2a60220,58443,97887,99,255.97
2026/10/10 22:47:36.425,GPU-deec06d9-69c0-a4df-e1da-1c42f2a60220,58443,97887,100,249.68
2026/10/10 22:47:36.955,GPU-deec06d9-69c0-a4df-e1da-1c42f2a60220,58443,97887,99,249.91
2026/10/10 22:47:37.482,GPU-deec06d9-69c0-a4df-e1da-1c42f2a60220,58443,97887,100,258.00
2026/10/10 22:47:38.008,GPU-deec06d9-69c0-a4df-e1da-1c42f2a60220,58443,97887,99,247.69
2026/10/10 22:47:38.537,GPU-deec06d9-69c0-a4df-e1da-1c42f2a60220,58443,97887,99,247.48
2026/10/10 22:47:39.068,GPU-deec06d9-69c0-a4df-e1da-1c42f2a60220,58443,97887,100,253.63
2026/10/10 22:47:39.596,GPU-deec06d9-69c0-a4df-e1da-1c42f2a60220,58443,97887,99,257.74
2026/10/10 22:47:40.122,GPU-deec06d9-69c0-a4df-e1da-1c42f2a60220,58443,97887,100,257.41
2026/10/10 22:47:40.651,GPU-deec06d9-69c0-a4df-e1da-1c42f2a60220,58443,97887,99,257.25
2026/10/10 22:47:41.189,GPU-deec06d9-69c0-a4df-e1da-1c42f2a60220,58443,97887,100,249.10
2026/10/10 22:47:41.722,GPU-deec06d9-69c0-a4df-e1da-1c42f2a60220,58443,97887,99,250.95
2026/10/10 22:47:42.249,GPU-deec06d9-69c0-a4df-e1da-1c42f2a60220,58443,97887,100,244.83
2026/10/10 22:47:42.790,GPU-deec06d9-69c0-a4df-e1da-1c42f2a60220,58443,97887,99,246.90
2026/10/10 22:47:43.317,GPU-deec06d9-69c0-a4df-e1da-1c42f2a60220,58443,97887,99,250.64
2026/10/10 22:47:43.844,GPU-deec06d9-69c0-a4df-e1da-1c42f2a60220,58443,97887,99,245.86
2026/10/10 22:47:44.376,GPU-deec06d9-69c0-a4df-e1da-1c42f2a60220,58443,97887,99,251.12
2026/10/10 22:47:44.908,GPU-deec06d9-69c0-a4df-e1da-1c42f2a60220,58443,97887,100,251.17
2026/10/10 22:47:45.438,GPU-deec06d9-69c0-a4df-e1da-1c42f2a60220,58443,97887,99,249.99
2026/10/10 22:47:45.964,GPU-deec06d9-69c0-a4df-e1da-1c42f2a60220,58443,97887,100,254.07
2026/10/10 22:47:46.492,GPU-deec06d9-69c0-a4df-e1da-1c42f2a60220,58443,97887,99,255.40
2026/10/10 22:47:47.018,GPU-deec06d9-69c0-a4df-e1da-1c42f2a60220,58443,97887,100,251.90
2026/10/10 22:47:47.549,GPU-deec06d9-69c0-a4df-e1da-1c42f2a60220,58443,97887,99,254.45
2026/10/10 22:47:48.076,GPU-deec06d9-69c0-a4df-e1da-1c42f2a60220,58443,97887,100,256.09
2026/10/10 22:47:48.603,GPU-deec06d9-69c0-a4df-e1da-1c42f2a60220,58443,97887,99,253.52
2026/10/10 22:47:49.129,GPU-deec06d9-69c0-a4df-e1da-1c42f2a60220,58443,97887,100,258.75
2026/10/10 22:47:49.658,GPU-deec06d9-69c0-a4df-e1da-1c42f2a60220,58443,97887,99,258.26
2026/10/10 22:47:50.195,GPU-deec06d9-69c0-a4df-e1da-1c42f2a60220,58443,97887,100,259.65
2026/10/10 22:47:50.722,GPU-deec06d9-69c0-a4df-e1da-1c42f2a60220,58443,97887,99,256.67
2026/10/10 22:47:51.248,GPU-deec06d9-69c0-a4df-e1da-1c42f2a60220,58443,97887,100,250.29
2026/10/10 22:47:51.782,GPU-deec06d9-69c0-a4df-e1da-1c42f2a60220,58443,97887,99,251.00
2026/10/10 22:47:52.310,GPU-deec06d9-69c0-a4df-e1da-1c42f2a60220,58443,97887,100,257.90
2026/10/10 22:47:52.837,GPU-deec06d9-69c0-a4df-e1da-1c42f2a60220,58443,97887,100,252.71
2026/10/10 22:47:53.366,GPU-deec06d9-69c0-a4df-e1da-1c42f2a60220,58443,97887,99,251.76
2026/10/10 22:47:53.892,GPU-deec06d9-69c0-a4df-e1da-1c42f2a60220,58443,97887,100,248.42
2026/10/10 22:47:54.425,GPU-deec06d9-69c0-a4df-e1da-1c42f2a60220,58443,97887,99,262.63
2026/10/10 22:47:54.951,GPU-deec06d9-69c0-a4df-e1da-1c42f2a60220,58443,97887,100,259.49
2026/10/10 22:47:55.492,GPU-deec06d9-69c0-a4df-e1da-1c42f2a60220,58443,97887,99,254.31
2026/10/10 22:47:56.023,GPU-deec06d9-69c0-a4df-e1da-1c42f2a60220,58443,97887,100,249.16
2026/10/10 22:47:56.560,GPU-deec06d9-69c0-a4df-e1da-1c42f2a60220,58443,97887,99,250.37
2026/10/10 22:47:57.089,GPU-deec06d9-69c0-a4df-e1da-1c42f2a60220,58443,97887,100,255.06
2026/10/10 22:47:57.619,GPU-deec06d9-69c0-a4df-e1da-1c42f2a60220,58443,97887,99,259.20
2026/10/10 22:47:58.145,GPU-deec06d9-69c0-a4df-e1da-1c42f2a60220,58443,97887,100,259.51
2026/10/10 22:47:58.671,GPU-deec06d9-69c0-a4df-e1da-1c42f2a60220,58443,97887,100,261.10
2026/10/10 22:47:59.201,GPU-deec06d9-69c0-a4df-e1da-1c42f2a60220,58443,97887,99,252.73
2026/10/10 22:47:59.728,GPU-deec06d9-69c0-a4df-e1da-1c42f2a60220,58443,97887,100,261.42
2026/10/10 22:48:00.255,GPU-deec06d9-69c0-a4df-e1da-1c42f2a60220,58443,97887,99,261.57
2026/10/10 22:48:00.783,GPU-deec06d9-69c0-a4df-e1da-1c42f2a60220,58443,97887,100,254.97
2026/10/10 22:48:01.310,GPU-deec06d9-69c0-a4df-e1da-1c42f2a60220,58443,97887,99,261.91
2026/10/10 22:48:01.838,GPU-deec06d9-69c0-a4df-e1da-1c42f2a60220,58443,97887,99,257.75
2026/10/10 22:48:02.365,GPU-deec06d9-69c0-a4df-e1da-1c42f2a60220,58443,97887,99,261.66
2026/10/10 22:48:02.896,GPU-deec06d9-69c0-a4df-e1da-1c42f2a60220,58443,97887,99,260.85
2026/10/10 22:48:03.425,GPU-deec06d9-69c0-a4df-e1da-1c42f2a60220,58443,97887,100,254.27
2026/10/10 22:48:03.955,GPU-deec06d9-69c0-a4df-e1da-1c42f2a60220,58443,97887,99,251.59
2026/10/10 22:48:04.481,GPU-deec06d9-69c0-a4df-e1da-1c42f2a60220,58443,97887,100,247.57
2026/10/10 22:48:05.009,GPU-deec06d9-69c0-a4df-e1da-1c42f2a60220,58443,97887,99,257.44
2026/10/10 22:48:05.538,GPU-deec06d9-69c0-a4df-e1da-1c42f2a60220,58443,97887,99,257.34
2026/10/10 22:48:06.067,GPU-deec06d9-69c0-a4df-e1da-1c42f2a60220,58443,97887,99,254.23
2026/10/10 22:48:06.598,GPU-deec06d9-69c0-a4df-e1da-1c42f2a60220,58443,97887,98,250.33
2026/10/10 22:48:07.128,GPU-deec06d9-69c0-a4df-e1da-1c42f2a60220,58443,97887,99,255.95
2026/10/10 22:48:07.657,GPU-deec06d9-69c0-a4df-e1da-1c42f2a60220,58443,97887,99,259.81
2026/10/10 22:48:08.184,GPU-deec06d9-69c0-a4df-e1da-1c42f2a60220,58443,97887,97,264.75
2026/10/10 22:48:08.711,GPU-deec06d9-69c0-a4df-e1da-1c42f2a60220,58443,97887,100,256.75
2026/10/10 22:48:09.243,GPU-deec06d9-69c0-a4df-e1da-1c42f2a60220,58443,97887,96,258.08
2026/10/10 22:48:09.771,GPU-deec06d9-69c0-a4df-e1da-1c42f2a60220,58443,97887,99,250.58
2026/10/10 22:48:10.304,GPU-deec06d9-69c0-a4df-e1da-1c42f2a60220,58443,97887,99,258.48
2026/10/10 22:48:10.834,GPU-deec06d9-69c0-a4df-e1da-1c42f2a60220,58443,97887,97,261.47
2026/10/10 22:48:11.363,GPU-deec06d9-69c0-a4df-e1da-1c42f2a60220,58443,97887,100,254.21
2026/10/10 22:48:11.891,GPU-deec06d9-69c0-a4df-e1da-1c42f2a60220,58443,97887,100,249.12
2026/10/10 22:48:12.418,GPU-deec06d9-69c0-a4df-e1da-1c42f2a60220,58443,97887,98,252.32
2026/10/10 22:48:12.947,GPU-deec06d9-69c0-a4df-e1da-1c42f2a60220,58443,97887,100,250.41
2026/10/10 22:48:13.476,GPU-deec06d9-69c0-a4df-e1da-1c42f2a60220,58443,97887,100,262.55
2026/10/10 22:48:14.005,GPU-deec06d9-69c0-a4df-e1da-1c42f2a60220,58443,97887,97,251.05
2026/10/10 22:48:14.534,GPU-deec06d9-69c0-a4df-e1da-1c42f2a60220,58443,97887,99,252.90
2026/10/10 22:48:15.063,GPU-deec06d9-69c0-a4df-e1da-1c42f2a60220,58443,97887,100,260.38
2026/10/10 22:48:15.593,GPU-deec06d9-69c0-a4df-e1da-1c42f2a60220,58443,97887,97,266.65
2026/10/10 22:48:16.122,GPU-deec06d9-69c0-a4df-e1da-1c42f2a60220,58443,97887,100,252.30
2026/10/10 22:48:16.651,GPU-deec06d9-69c0-a4df-e1da-1c42f2a60220,58443,97887,99,249.85
2026/10/10 22:48:17.181,GPU-deec06d9-69c0-a4df-e1da-1c42f2a60220,58443,97887,96,263.90
2026/10/10 22:48:17.709,GPU-deec06d9-69c0-a4df-e1da-1c42f2a60220,58443,97887,100,265.31
2026/10/10 22:48:18.238,GPU-deec06d9-69c0-a4df-e1da-1c42f2a60220,58443,97887,97,250.45
2026/10/10 22:48:18.764,GPU-deec06d9-69c0-a4df-e1da-1c42f2a60220,58443,97887,97,262.63
2026/10/10 22:48:19.292,GPU-deec06d9-69c0-a4df-e1da-1c42f2a60220,58443,97887,100,262.88
2026/10/10 22:48:19.820,GPU-deec06d9-69c0-a4df-e1da-1c42f2a60220,58443,97887,98,245.44
2026/10/10 22:48:20.351,GPU-deec06d9-69c0-a4df-e1da-1c42f2a60220,58443,97887,96,268.01
2026/10/10 22:48:20.880,GPU-deec06d9-69c0-a4df-e1da-1c42f2a60220,58443,97887,100,257.21
2026/10/10 22:48:21.408,GPU-deec06d9-69c0-a4df-e1da-1c42f2a60220,58443,97887,98,257.38
2026/10/10 22:48:21.937,GPU-deec06d9-69c0-a4df-e1da-1c42f2a60220,58443,97887,100,269.49
2026/10/10 22:48:22.466,GPU-deec06d9-69c0-a4df-e1da-1c42f2a60220,58443,97887,97,265.99
2026/10/10 22:48:22.994,GPU-deec06d9-69c0-a4df-e1da-1c42f2a60220,58443,97887,100,249.58
2026/10/10 22:48:23.522,GPU-deec06d9-69c0-a4df-e1da-1c42f2a60220,58443,97887,100,262.68
2026/10/10 22:48:24.051,GPU-deec06d9-69c0-a4df-e1da-1c42f2a60220,58443,97887,98,269.15
2026/10/10 22:48:24.581,GPU-deec06d9-69c0-a4df-e1da-1c42f2a60220,58443,97887,100,256.24
2026/10/10 22:48:25.120,GPU-deec06d9-69c0-a4df-e1da-1c42f2a60220,58443,97887,99,259.48
2026/10/10 22:48:25.648,GPU-deec06d9-69c0-a4df-e1da-1c42f2a60220,58443,97887,97,270.26
2026/10/10 22:48:26.177,GPU-deec06d9-69c0-a4df-e1da-1c42f2a60220,58443,97887,100,261.91
2026/10/10 22:48:26.706,GPU-deec06d9-69c0-a4df-e1da-1c42f2a60220,58443,97887,97,255.05
2026/10/10 22:48:27.234,GPU-deec06d9-69c0-a4df-e1da-1c42f2a60220,58443,97887,97,259.08
2026/10/10 22:48:27.762,GPU-deec06d9-69c0-a4df-e1da-1c42f2a60220,58443,97887,100,261.14
2026/10/10 22:48:28.291,GPU-deec06d9-69c0-a4df-e1da-1c42f2a60220,58443,97887,98,258.45
2026/10/10 22:48:28.823,GPU-deec06d9-69c0-a4df-e1da-1c42f2a60220,58443,97887,98,264.18
2026/10/10 22:48:29.354,GPU-deec06d9-69c0-a4df-e1da-1c42f2a60220,58443,97887,100,258.74
2026/10/10 22:48:29.884,GPU-deec06d9-69c0-a4df-e1da-1c42f2a60220,58443,97887,98,252.22
2026/10/10 22:48:30.413,GPU-deec06d9-69c0-a4df-e1da-1c42f2a60220,58443,97887,97,261.89
2026/10/10 22:48:30.946,GPU-deec06d9-69c0-a4df-e1da-1c42f2a60220,58443,97887,100,270.39
2026/10/10 22:48:31.474,GPU-deec06d9-69c0-a4df-e1da-1c42f2a60220,58443,97887,97,257.10
2026/10/10 22:48:32.003,GPU-deec06d9-69c0-a4df-e1da-1c42f2a60220,58443,97887,100,254.34
2026/10/10 22:48:32.530,GPU-deec06d9-69c0-a4df-e1da-1c42f2a60220,58443,97887,100,250.57
2026/10/10 22:48:33.058,GPU-deec06d9-69c0-a4df-e1da-1c42f2a60220,58443,97887,98,263.14
2026/10/10 22:48:33.585,GPU-deec06d9-69c0-a4df-e1da-1c42f2a60220,58443,97887,100,257.62
2026/10/10 22:48:34.116,GPU-deec06d9-69c0-a4df-e1da-1c42f2a60220,58443,97887,100,261.51
2026/10/10 22:48:34.646,GPU-deec06d9-69c0-a4df-e1da-1c42f2a60220,58443,97887,98,251.40
2026/10/10 22:48:35.175,GPU-deec06d9-69c0-a4df-e1da-1c42f2a60220,58443,97887,100,252.17
2026/10/10 22:48:35.706,GPU-deec06d9-69c0-a4df-e1da-1c42f2a60220,58443,97887,100,263.13
2026/10/10 22:48:36.238,GPU-deec06d9-69c0-a4df-e1da-1c42f2a60220,58443,97887,97,256.93
2026/10/10 22:48:36.768,GPU-deec06d9-69c0-a4df-e1da-1c42f2a60220,58443,97887,100,250.70
2026/10/10 22:48:37.304,GPU-deec06d9-69c0-a4df-e1da-1c42f2a60220,58443,97887,99,256.95
2026/10/10 22:48:37.833,GPU-deec06d9-69c0-a4df-e1da-1c42f2a60220,58443,97887,97,251.04
2026/10/10 22:48:38.364,GPU-deec06d9-69c0-a4df-e1da-1c42f2a60220,58443,97887,100,252.96
2026/10/10 22:48:38.897,GPU-deec06d9-69c0-a4df-e1da-1c42f2a60220,58443,97887,98,255.20
2026/10/10 22:48:39.426,GPU-deec06d9-69c0-a4df-e1da-1c42f2a60220,58443,97887,97,252.39
2026/10/10 22:48:39.958,GPU-deec06d9-69c0-a4df-e1da-1c42f2a60220,58443,97887,100,255.78
2026/10/10 22:48:40.494,GPU-deec06d9-69c0-a4df-e1da-1c42f2a60220,58443,97887,98,255.76
2026/10/10 22:48:41.027,GPU-deec06d9-69c0-a4df-e1da-1c42f2a60220,58443,97887,97,249.93
2026/10/10 22:48:41.558,GPU-deec06d9-69c0-a4df-e1da-1c42f2a60220,58443,97887,100,255.00
2026/10/10 22:48:42.091,GPU-deec06d9-69c0-a4df-e1da-1c42f2a60220,58443,97887,97,252.25
2026/10/10 22:48:42.625,GPU-deec06d9-69c0-a4df-e1da-1c42f2a60220,58443,97887,97,258.68
2026/10/10 22:48:43.154,GPU-deec06d9-69c0-a4df-e1da-1c42f2a60220,58443,97887,100,251.69
2026/10/10 22:48:43.684,GPU-deec06d9-69c0-a4df-e1da-1c42f2a60220,58443,97887,97,257.24
2026/10/10 22:48:44.214,GPU-deec06d9-69c0-a4df-e1da-1c42f2a60220,58443,97887,97,250.17
2026/10/10 22:48:44.745,GPU-deec06d9-69c0-a4df-e1da-1c42f2a60220,58443,97887,100,248.65
2026/10/10 22:48:45.276,GPU-deec06d9-69c0-a4df-e1da-1c42f2a60220,58443,97887,97,252.96
2026/10/10 22:48:45.806,GPU-deec06d9-69c0-a4df-e1da-1c42f2a60220,58443,97887,97,259.60
2026/10/10 22:48:46.339,GPU-deec06d9-69c0-a4df-e1da-1c42f2a60220,58443,97887,100,254.74
2026/10/10 22:48:46.873,GPU-deec06d9-69c0-a4df-e1da-1c42f2a60220,58443,97887,97,252.30
2026/10/10 22:48:47.404,GPU-deec06d9-69c0-a4df-e1da-1c42f2a60220,58443,97887,97,260.82
2026/10/10 22:48:47.933,GPU-deec06d9-69c0-a4df-e1da-1c42f2a60220,58443,97887,100,251.54
2026/10/10 22:48:48.464,GPU-deec06d9-69c0-a4df-e1da-1c42f2a60220,58443,97887,97,255.01
2026/10/10 22:48:48.993,GPU-deec06d9-69c0-a4df-e1da-1c42f2a60220,58443,97887,100,251.88
2026/10/10 22:48:49.524,GPU-deec06d9-69c0-a4df-e1da-1c42f2a60220,58443,97887,100,256.98
2026/10/10 22:48:50.053,GPU-deec06d9-69c0-a4df-e1da-1c42f2a60220,58443,97887,97,249.20
2026/10/10 22:48:50.586,GPU-deec06d9-69c0-a4df-e1da-1c42f2a60220,58443,97887,100,253.92
2026/10/10 22:48:51.116,GPU-deec06d9-69c0-a4df-e1da-1c42f2a60220,58443,97887,100,260.17
2026/10/10 22:48:51.646,GPU-deec06d9-69c0-a4df-e1da-1c42f2a60220,58443,97887,97,251.54
2026/10/10 22:48:52.177,GPU-deec06d9-69c0-a4df-e1da-1c42f2a60220,58443,97887,100,251.42
2026/10/10 22:48:52.706,GPU-deec06d9-69c0-a4df-e1da-1c42f2a60220,58443,97887,100,262.93
2026/10/10 22:48:53.286,GPU-deec06d9-69c0-a4df-e1da-1c42f2a60220,58443,97887,97,265.24
2026/10/10 22:48:53.824,GPU-deec06d9-69c0-a4df-e1da-1c42f2a60220,58443,97887,100,253.47
2026/10/10 22:48:54.352,GPU-deec06d9-69c0-a4df-e1da-1c42f2a60220,58443,97887,100,261.61
2026/10/10 22:48:54.882,GPU-deec06d9-69c0-a4df-e1da-1c42f2a60220,58443,97887,97,267.35
2026/10/10 22:48:55.430,GPU-deec06d9-69c0-a4df-e1da-1c42f2a60220,58443,97887,100,254.17
2026/10/10 22:48:55.961,GPU-deec06d9-69c0-a4df-e1da-1c42f2a60220,58443,97887,100,257.00
2026/10/10 22:48:56.488,GPU-deec06d9-69c0-a4df-e1da-1c42f2a60220,58443,97887,96,267.41
2026/10/10 22:48:57.016,GPU-deec06d9-69c0-a4df-e1da-1c42f2a60220,58443,97887,100,255.89
2026/10/10 22:48:57.544,GPU-deec06d9-69c0-a4df-e1da-1c42f2a60220,58443,97887,98,257.67
2026/10/10 22:48:58.071,GPU-deec06d9-69c0-a4df-e1da-1c42f2a60220,58443,97887,96,271.04
2026/10/10 22:48:58.602,GPU-deec06d9-69c0-a4df-e1da-1c42f2a60220,58443,97887,100,262.50
2026/10/10 22:48:59.130,GPU-deec06d9-69c0-a4df-e1da-1c42f2a60220,58443,97887,97,255.79
2026/10/10 22:48:59.658,GPU-deec06d9-69c0-a4df-e1da-1c42f2a60220,58443,97887,96,261.65
2026/10/10 22:49:00.188,GPU-deec06d9-69c0-a4df-e1da-1c42f2a60220,58443,97887,100,265.68
2026/10/10 22:49:00.716,GPU-deec06d9-69c0-a4df-e1da-1c42f2a60220,58443,97887,97,254.79
2026/10/10 22:49:01.244,GPU-deec06d9-69c0-a4df-e1da-1c42f2a60220,58443,97887,96,259.14
2026/10/10 22:49:01.775,GPU-deec06d9-69c0-a4df-e1da-1c42f2a60220,58443,97887,100,251.94
2026/10/10 22:49:02.304,GPU-deec06d9-69c0-a4df-e1da-1c42f2a60220,58443,97887,98,257.57
2026/10/10 22:49:02.834,GPU-deec06d9-69c0-a4df-e1da-1c42f2a60220,58443,97887,96,253.51
2026/10/10 22:49:03.365,GPU-deec06d9-69c0-a4df-e1da-1c42f2a60220,58443,97887,100,250.90
2026/10/10 22:49:03.894,GPU-deec06d9-69c0-a4df-e1da-1c42f2a60220,58443,97887,97,252.58
2026/10/10 22:49:04.424,GPU-deec06d9-69c0-a4df-e1da-1c42f2a60220,58443,97887,97,257.94
2026/10/10 22:49:04.963,GPU-deec06d9-69c0-a4df-e1da-1c42f2a60220,58443,97887,100,251.71
2026/10/10 22:49:05.493,GPU-deec06d9-69c0-a4df-e1da-1c42f2a60220,58443,97887,97,253.73
2026/10/10 22:49:06.024,GPU-deec06d9-69c0-a4df-e1da-1c42f2a60220,58443,97887,97,259.59
2026/10/10 22:49:06.553,GPU-deec06d9-69c0-a4df-e1da-1c42f2a60220,58443,97887,100,253.87
2026/10/10 22:49:07.084,GPU-deec06d9-69c0-a4df-e1da-1c42f2a60220,58443,97887,97,249.13
2026/10/10 22:49:07.616,GPU-deec06d9-69c0-a4df-e1da-1c42f2a60220,58443,97887,96,259.30
2026/10/10 22:49:08.145,GPU-deec06d9-69c0-a4df-e1da-1c42f2a60220,58443,97887,100,253.69
2026/10/10 22:49:08.684,GPU-deec06d9-69c0-a4df-e1da-1c42f2a60220,58443,97887,97,245.59
2026/10/10 22:49:09.219,GPU-deec06d9-69c0-a4df-e1da-1c42f2a60220,58443,97887,96,254.98
2026/10/10 22:49:09.749,GPU-deec06d9-69c0-a4df-e1da-1c42f2a60220,58443,97887,100,250.07
2026/10/10 22:49:10.292,GPU-deec06d9-69c0-a4df-e1da-1c42f2a60220,58443,97887,97,246.02
2026/10/10 22:49:10.830,GPU-deec06d9-69c0-a4df-e1da-1c42f2a60220,58443,97887,96,259.68
2026/10/10 22:49:11.358,GPU-deec06d9-69c0-a4df-e1da-1c42f2a60220,58443,97887,100,254.29
2026/10/10 22:49:11.887,GPU-deec06d9-69c0-a4df-e1da-1c42f2a60220,58443,97887,97,257.37
2026/10/10 22:49:12.418,GPU-deec06d9-69c0-a4df-e1da-1c42f2a60220,58443,97887,97,261.19
2026/10/10 22:49:12.946,GPU-deec06d9-69c0-a4df-e1da-1c42f2a60220,58443,97887,100,250.55
2026/10/10 22:49:13.475,GPU-deec06d9-69c0-a4df-e1da-1c42f2a60220,58443,97887,97,246.18
2026/10/10 22:49:14.005,GPU-deec06d9-69c0-a4df-e1da-1c42f2a60220,58443,97887,96,261.30
2026/10/10 22:49:14.536,GPU-deec06d9-69c0-a4df-e1da-1c42f2a60220,58443,97887,100,251.64
2026/10/10 22:49:15.066,GPU-deec06d9-69c0-a4df-e1da-1c42f2a60220,58443,97887,97,245.62
2026/10/10 22:49:15.596,GPU-deec06d9-69c0-a4df-e1da-1c42f2a60220,58443,97887,98,257.56
2026/10/10 22:49:16.128,GPU-deec06d9-69c0-a4df-e1da-1c42f2a60220,58443,97887,100,252.96
2026/10/10 22:49:16.659,GPU-deec06d9-69c0-a4df-e1da-1c42f2a60220,58443,97887,97,248.37
2026/10/10 22:49:17.187,GPU-deec06d9-69c0-a4df-e1da-1c42f2a60220,58443,97887,96,254.77
2026/10/10 22:49:17.718,GPU-deec06d9-69c0-a4df-e1da-1c42f2a60220,58443,97887,100,250.92
2026/10/10 22:49:18.250,GPU-deec06d9-69c0-a4df-e1da-1c42f2a60220,58443,97887,97,253.36
2026/10/10 22:49:18.783,GPU-deec06d9-69c0-a4df-e1da-1c42f2a60220,58443,97887,97,256.21
2026/10/10 22:49:19.319,GPU-deec06d9-69c0-a4df-e1da-1c42f2a60220,58443,97887,100,259.51
2026/10/10 22:49:19.851,GPU-deec06d9-69c0-a4df-e1da-1c42f2a60220,58443,97887,97,247.89
2026/10/10 22:49:20.384,GPU-deec06d9-69c0-a4df-e1da-1c42f2a60220,58443,97887,96,256.43
2026/10/10 22:49:20.919,GPU-deec06d9-69c0-a4df-e1da-1c42f2a60220,58443,97887,100,259.27
2026/10/10 22:49:21.449,GPU-deec06d9-69c0-a4df-e1da-1c42f2a60220,58443,97887,97,249.74
2026/10/10 22:49:21.979,GPU-deec06d9-69c0-a4df-e1da-1c42f2a60220,58443,97887,96,251.70
2026/10/10 22:49:22.511,GPU-deec06d9-69c0-a4df-e1da-1c42f2a60220,58443,97887,100,259.90
2026/10/10 22:49:23.045,GPU-deec06d9-69c0-a4df-e1da-1c42f2a60220,58443,97887,97,252.27
2026/10/10 22:49:23.577,GPU-deec06d9-69c0-a4df-e1da-1c42f2a60220,58443,97887,97,250.11
2026/10/10 22:49:24.107,GPU-deec06d9-69c0-a4df-e1da-1c42f2a60220,58443,97887,100,261.07
2026/10/10 22:49:24.637,GPU-deec06d9-69c0-a4df-e1da-1c42f2a60220,58443,97887,97,253.15
2026/10/10 22:49:25.169,GPU-deec06d9-69c0-a4df-e1da-1c42f2a60220,58443,97887,100,243.35
2026/10/10 22:49:25.698,GPU-deec06d9-69c0-a4df-e1da-1c42f2a60220,58443,97887,97,263.99
2026/10/10 22:49:26.228,GPU-deec06d9-69c0-a4df-e1da-1c42f2a60220,58443,97887,97,254.07
2026/10/10 22:49:26.757,GPU-deec06d9-69c0-a4df-e1da-1c42f2a60220,58443,97887,100,249.91
2026/10/10 22:49:27.291,GPU-deec06d9-69c0-a4df-e1da-1c42f2a60220,58443,97887,97,253.70
2026/10/10 22:49:27.824,GPU-deec06d9-69c0-a4df-e1da-1c42f2a60220,58443,97887,96,259.26
2026/10/10 22:49:28.352,GPU-deec06d9-69c0-a4df-e1da-1c42f2a60220,58443,97887,100,251.90
2026/10/10 22:49:28.884,GPU-deec06d9-69c0-a4df-e1da-1c42f2a60220,58443,97887,98,252.53
2026/10/10 22:49:29.413,GPU-deec06d9-69c0-a4df-e1da-1c42f2a60220,58443,97887,97,258.39
2026/10/10 22:49:29.946,GPU-deec06d9-69c0-a4df-e1da-1c42f2a60220,58443,97887,100,251.17
2026/10/10 22:49:30.475,GPU-deec06d9-69c0-a4df-e1da-1c42f2a60220,58443,97887,98,247.84
2026/10/10 22:49:31.004,GPU-deec06d9-69c0-a4df-e1da-1c42f2a60220,58443,97887,97,262.05
2026/10/10 22:49:31.533,GPU-deec06d9-69c0-a4df-e1da-1c42f2a60220,58443,97887,100,253.05
2026/10/10 22:49:32.065,GPU-deec06d9-69c0-a4df-e1da-1c42f2a60220,58443,97887,97,248.52
2026/10/10 22:49:32.595,GPU-deec06d9-69c0-a4df-e1da-1c42f2a60220,58443,97887,97,254.48
2026/10/10 22:49:33.125,GPU-deec06d9-69c0-a4df-e1da-1c42f2a60220,58443,97887,100,259.57
2026/10/10 22:49:33.654,GPU-deec06d9-69c0-a4df-e1da-1c42f2a60220,58443,97887,97,251.87
2026/10/10 22:49:34.185,GPU-deec06d9-69c0-a4df-e1da-1c42f2a60220,58443,97887,96,247.84
2026/10/10 22:49:34.715,GPU-deec06d9-69c0-a4df-e1da-1c42f2a60220,58443,97887,100,251.05
2026/10/10 22:49:35.247,GPU-deec06d9-69c0-a4df-e1da-1c42f2a60220,58443,97887,97,248.62
2026/10/10 22:49:35.779,GPU-deec06d9-69c0-a4df-e1da-1c42f2a60220,58443,97887,100,242.20
2026/10/10 22:49:36.307,GPU-deec06d9-69c0-a4df-e1da-1c42f2a60220,58443,97887,99,263.03
2026/10/10 22:49:36.836,GPU-deec06d9-69c0-a4df-e1da-1c42f2a60220,58443,97887,97,258.51
2026/10/10 22:49:37.365,GPU-deec06d9-69c0-a4df-e1da-1c42f2a60220,58443,97887,100,248.92
2026/10/10 22:49:37.894,GPU-deec06d9-69c0-a4df-e1da-1c42f2a60220,58443,97887,98,262.30
2026/10/10 22:49:38.424,GPU-deec06d9-69c0-a4df-e1da-1c42f2a60220,58443,97887,97,261.77
2026/10/10 22:49:38.954,GPU-deec06d9-69c0-a4df-e1da-1c42f2a60220,58443,97887,100,248.11
2026/10/10 22:49:39.486,GPU-deec06d9-69c0-a4df-e1da-1c42f2a60220,58443,97887,97,255.00
2026/10/10 22:49:40.022,GPU-deec06d9-69c0-a4df-e1da-1c42f2a60220,58443,97887,97,262.72
2026/10/10 22:49:40.555,GPU-deec06d9-69c0-a4df-e1da-1c42f2a60220,58443,97887,100,252.49
2026/10/10 22:49:41.084,GPU-deec06d9-69c0-a4df-e1da-1c42f2a60220,58443,97887,97,246.79
2026/10/10 22:49:41.613,GPU-deec06d9-69c0-a4df-e1da-1c42f2a60220,58443,97887,97,265.19
2026/10/10 22:49:42.142,GPU-deec06d9-69c0-a4df-e1da-1c42f2a60220,58443,97887,100,254.62
2026/10/10 22:49:42.671,GPU-deec06d9-69c0-a4df-e1da-1c42f2a60220,58443,97887,97,247.76
2026/10/10 22:49:43.202,GPU-deec06d9-69c0-a4df-e1da-1c42f2a60220,58443,97887,97,249.59
2026/10/10 22:49:43.729,GPU-deec06d9-69c0-a4df-e1da-1c42f2a60220,58443,97887,100,257.99
2026/10/10 22:49:44.257,GPU-deec06d9-69c0-a4df-e1da-1c42f2a60220,58443,97887,97,251.24
2026/10/10 22:49:44.786,GPU-deec06d9-69c0-a4df-e1da-1c42f2a60220,58443,97887,97,248.83
2026/10/10 22:49:45.317,GPU-deec06d9-69c0-a4df-e1da-1c42f2a60220,58443,97887,100,270.81
2026/10/10 22:49:45.847,GPU-deec06d9-69c0-a4df-e1da-1c42f2a60220,58443,97887,97,254.05
2026/10/10 22:49:46.376,GPU-deec06d9-69c0-a4df-e1da-1c42f2a60220,58443,97887,98,250.38
2026/10/10 22:49:46.905,GPU-deec06d9-69c0-a4df-e1da-1c42f2a60220,58443,97887,100,261.02
2026/10/10 22:49:47.436,GPU-deec06d9-69c0-a4df-e1da-1c42f2a60220,58443,97887,97,257.51
2026/10/10 22:49:47.967,GPU-deec06d9-69c0-a4df-e1da-1c42f2a60220,58443,97887,100,247.95
2026/10/10 22:49:48.497,GPU-deec06d9-69c0-a4df-e1da-1c42f2a60220,58443,97887,97,264.14
2026/10/10 22:49:49.028,GPU-deec06d9-69c0-a4df-e1da-1c42f2a60220,58443,97887,96,253.07
2026/10/10 22:49:49.559,GPU-deec06d9-69c0-a4df-e1da-1c42f2a60220,58443,97887,100,244.46
2026/10/10 22:49:50.089,GPU-deec06d9-69c0-a4df-e1da-1c42f2a60220,58443,97887,97,248.80
2026/10/10 22:49:50.624,GPU-deec06d9-69c0-a4df-e1da-1c42f2a60220,58443,97887,97,262.19
2026/10/10 22:49:51.154,GPU-deec06d9-69c0-a4df-e1da-1c42f2a60220,58443,97887,100,252.30
2026/10/10 22:49:51.686,GPU-deec06d9-69c0-a4df-e1da-1c42f2a60220,58443,97887,97,250.08
2026/10/10 22:49:52.218,GPU-deec06d9-69c0-a4df-e1da-1c42f2a60220,58443,97887,96,265.27
2026/10/10 22:49:52.749,GPU-deec06d9-69c0-a4df-e1da-1c42f2a60220,58443,97887,100,254.71
2026/10/10 22:49:53.284,GPU-deec06d9-69c0-a4df-e1da-1c42f2a60220,58443,97887,97,247.26
2026/10/10 22:49:53.818,GPU-deec06d9-69c0-a4df-e1da-1c42f2a60220,58443,97887,97,256.77
2026/10/10 22:49:54.348,GPU-deec06d9-69c0-a4df-e1da-1c42f2a60220,58443,97887,100,262.28
2026/10/10 22:49:54.884,GPU-deec06d9-69c0-a4df-e1da-1c42f2a60220,58443,97887,97,252.13
2026/10/10 22:49:55.429,GPU-deec06d9-69c0-a4df-e1da-1c42f2a60220,58443,97887,96,257.07
2026/10/10 22:49:55.968,GPU-deec06d9-69c0-a4df-e1da-1c42f2a60220,58443,97887,100,268.13
2026/10/10 22:49:56.497,GPU-deec06d9-69c0-a4df-e1da-1c42f2a60220,58443,97887,97,255.27
2026/10/10 22:49:57.026,GPU-deec06d9-69c0-a4df-e1da-1c42f2a60220,58443,97887,97,262.06
2026/10/10 22:49:57.554,GPU-deec06d9-69c0-a4df-e1da-1c42f2a60220,58443,97887,100,268.81
2026/10/10 22:49:58.083,GPU-deec06d9-69c0-a4df-e1da-1c42f2a60220,58443,97887,97,255.68
2026/10/10 22:49:58.612,GPU-deec06d9-69c0-a4df-e1da-1c42f2a60220,58443,97887,96,256.88
2026/10/10 22:49:59.141,GPU-deec06d9-69c0-a4df-e1da-1c42f2a60220,58443,97887,100,267.63
2026/10/10 22:49:59.669,GPU-deec06d9-69c0-a4df-e1da-1c42f2a60220,58443,97887,97,259.45
2026/10/10 22:50:00.197,GPU-deec06d9-69c0-a4df-e1da-1c42f2a60220,58443,97887,98,253.01
2026/10/10 22:50:00.725,GPU-deec06d9-69c0-a4df-e1da-1c42f2a60220,58443,97887,97,248.67
2026/10/10 22:50:01.253,GPU-deec06d9-69c0-a4df-e1da-1c42f2a60220,58443,97887,100,267.92
2026/10/10 22:50:01.781,GPU-deec06d9-69c0-a4df-e1da-1c42f2a60220,58443,97887,98,253.05
2026/10/10 22:50:02.311,GPU-deec06d9-69c0-a4df-e1da-1c42f2a60220,58443,97887,98,259.30
2026/10/10 22:50:02.850,GPU-deec06d9-69c0-a4df-e1da-1c42f2a60220,58443,97887,100,262.08
2026/10/10 22:50:03.378,GPU-deec06d9-69c0-a4df-e1da-1c42f2a60220,58443,97887,97,262.22
2026/10/10 22:50:03.906,GPU-deec06d9-69c0-a4df-e1da-1c42f2a60220,58443,97887,100,256.32
2026/10/10 22:50:04.435,GPU-deec06d9-69c0-a4df-e1da-1c42f2a60220,58443,97887,100,259.95
2026/10/10 22:50:04.966,GPU-deec06d9-69c0-a4df-e1da-1c42f2a60220,58443,97887,97,269.56
2026/10/10 22:50:05.496,GPU-deec06d9-69c0-a4df-e1da-1c42f2a60220,58443,97887,100,257.02
2026/10/10 22:50:06.025,GPU-deec06d9-69c0-a4df-e1da-1c42f2a60220,58443,97887,100,250.59
2026/10/10 22:50:06.554,GPU-deec06d9-69c0-a4df-e1da-1c42f2a60220,58443,97887,97,268.05
2026/10/10 22:50:07.083,GPU-deec06d9-69c0-a4df-e1da-1c42f2a60220,58443,97887,100,256.52
2026/10/10 22:50:07.614,GPU-deec06d9-69c0-a4df-e1da-1c42f2a60220,58443,97887,100,262.50
2026/10/10 22:50:08.147,GPU-deec06d9-69c0-a4df-e1da-1c42f2a60220,58443,97887,96,259.66
2026/10/10 22:50:08.677,GPU-deec06d9-69c0-a4df-e1da-1c42f2a60220,58443,97887,99,252.54
2026/10/10 22:50:09.208,GPU-deec06d9-69c0-a4df-e1da-1c42f2a60220,58443,97887,100,261.58
2026/10/10 22:50:09.739,GPU-deec06d9-69c0-a4df-e1da-1c42f2a60220,58443,97887,96,252.69
2026/10/10 22:50:10.269,GPU-deec06d9-69c0-a4df-e1da-1c42f2a60220,58443,97887,100,255.34
2026/10/10 22:50:10.808,GPU-deec06d9-69c0-a4df-e1da-1c42f2a60220,58443,97887,100,258.25
2026/10/10 22:50:11.339,GPU-deec06d9-69c0-a4df-e1da-1c42f2a60220,58443,97887,96,251.67
2026/10/10 22:50:11.870,GPU-deec06d9-69c0-a4df-e1da-1c42f2a60220,58443,97887,100,251.86
2026/10/10 22:50:12.403,GPU-deec06d9-69c0-a4df-e1da-1c42f2a60220,58443,97887,100,254.21
2026/10/10 22:50:12.935,GPU-deec06d9-69c0-a4df-e1da-1c42f2a60220,58443,97887,96,261.23
2026/10/10 22:50:13.470,GPU-deec06d9-69c0-a4df-e1da-1c42f2a60220,58443,97887,100,257.07
2026/10/10 22:50:14.004,GPU-deec06d9-69c0-a4df-e1da-1c42f2a60220,58443,97887,100,257.61
2026/10/10 22:50:14.536,GPU-deec06d9-69c0-a4df-e1da-1c42f2a60220,58443,97887,96,252.52
2026/10/10 22:50:15.068,GPU-deec06d9-69c0-a4df-e1da-1c42f2a60220,58443,97887,100,254.12
2026/10/10 22:50:15.603,GPU-deec06d9-69c0-a4df-e1da-1c42f2a60220,58443,97887,99,254.24
2026/10/10 22:50:16.134,GPU-deec06d9-69c0-a4df-e1da-1c42f2a60220,58443,97887,96,251.16
2026/10/10 22:50:16.669,GPU-deec06d9-69c0-a4df-e1da-1c42f2a60220,58443,97887,99,254.26
2026/10/10 22:50:17.204,GPU-deec06d9-69c0-a4df-e1da-1c42f2a60220,58443,97887,98,254.55
2026/10/10 22:50:17.736,GPU-deec06d9-69c0-a4df-e1da-1c42f2a60220,58443,97887,96,250.49
2026/10/10 22:50:18.269,GPU-deec06d9-69c0-a4df-e1da-1c42f2a60220,58443,97887,99,254.50
2026/10/10 22:50:18.801,GPU-deec06d9-69c0-a4df-e1da-1c42f2a60220,58443,97887,98,246.79
2026/10/10 22:50:19.331,GPU-deec06d9-69c0-a4df-e1da-1c42f2a60220,58443,97887,96,254.01
2026/10/10 22:50:19.864,GPU-deec06d9-69c0-a4df-e1da-1c42f2a60220,58443,97887,100,261.30
2026/10/10 22:50:20.395,GPU-deec06d9-69c0-a4df-e1da-1c42f2a60220,58443,97887,98,256.59
2026/10/10 22:50:20.926,GPU-deec06d9-69c0-a4df-e1da-1c42f2a60220,58443,97887,97,263.43
2026/10/10 22:50:21.464,GPU-deec06d9-69c0-a4df-e1da-1c42f2a60220,58443,97887,100,264.03
2026/10/10 22:50:21.993,GPU-deec06d9-69c0-a4df-e1da-1c42f2a60220,58443,97887,97,256.04
2026/10/10 22:50:22.524,GPU-deec06d9-69c0-a4df-e1da-1c42f2a60220,58443,97887,97,262.82
2026/10/10 22:50:23.054,GPU-deec06d9-69c0-a4df-e1da-1c42f2a60220,58443,97887,100,253.67
2026/10/10 22:50:23.586,GPU-deec06d9-69c0-a4df-e1da-1c42f2a60220,58443,97887,97,251.04
2026/10/10 22:50:24.116,GPU-deec06d9-69c0-a4df-e1da-1c42f2a60220,58443,97887,97,260.62
2026/10/10 22:50:24.647,GPU-deec06d9-69c0-a4df-e1da-1c42f2a60220,58443,97887,100,248.56
2026/10/10 22:50:25.179,GPU-deec06d9-69c0-a4df-e1da-1c42f2a60220,58443,97887,97,250.42
2026/10/10 22:50:25.707,GPU-deec06d9-69c0-a4df-e1da-1c42f2a60220,58443,97887,94,248.94
2026/10/10 22:50:26.244,GPU-deec06d9-69c0-a4df-e1da-1c42f2a60220,58443,97887,100,253.51
2026/10/10 22:50:26.776,GPU-deec06d9-69c0-a4df-e1da-1c42f2a60220,58443,97887,97,253.68
2026/10/10 22:50:27.312,GPU-deec06d9-69c0-a4df-e1da-1c42f2a60220,58443,97887,97,259.20
2026/10/10 22:50:27.843,GPU-deec06d9-69c0-a4df-e1da-1c42f2a60220,58443,97887,100,253.13
2026/10/10 22:50:28.377,GPU-deec06d9-69c0-a4df-e1da-1c42f2a60220,58443,97887,97,257.76
2026/10/10 22:50:28.910,GPU-deec06d9-69c0-a4df-e1da-1c42f2a60220,58443,97887,97,261.46
2026/10/10 22:50:29.446,GPU-deec06d9-69c0-a4df-e1da-1c42f2a60220,58443,97887,100,247.58
2026/10/10 22:50:29.976,GPU-deec06d9-69c0-a4df-e1da-1c42f2a60220,58443,97887,97,249.40
2026/10/10 22:50:30.505,GPU-deec06d9-69c0-a4df-e1da-1c42f2a60220,58443,97887,97,256.94
2026/10/10 22:50:31.034,GPU-deec06d9-69c0-a4df-e1da-1c42f2a60220,58443,97887,100,253.26
2026/10/10 22:50:31.566,GPU-deec06d9-69c0-a4df-e1da-1c42f2a60220,58443,97887,97,258.70
2026/10/10 22:50:32.099,GPU-deec06d9-69c0-a4df-e1da-1c42f2a60220,58443,97887,100,254.24
2026/10/10 22:50:32.629,GPU-deec06d9-69c0-a4df-e1da-1c42f2a60220,58443,97887,100,262.46
2026/10/10 22:50:33.159,GPU-deec06d9-69c0-a4df-e1da-1c42f2a60220,58443,97887,97,250.22
2026/10/10 22:50:33.690,GPU-deec06d9-69c0-a4df-e1da-1c42f2a60220,58443,97887,100,252.18
2026/10/10 22:50:34.222,GPU-deec06d9-69c0-a4df-e1da-1c42f2a60220,58443,97887,100,258.11
2026/10/10 22:50:34.752,GPU-deec06d9-69c0-a4df-e1da-1c42f2a60220,58443,97887,97,246.99
2026/10/10 22:50:35.282,GPU-deec06d9-69c0-a4df-e1da-1c42f2a60220,58443,97887,99,248.34
2026/10/10 22:50:35.813,GPU-deec06d9-69c0-a4df-e1da-1c42f2a60220,58443,97887,100,250.29
2026/10/10 22:50:36.346,GPU-deec06d9-69c0-a4df-e1da-1c42f2a60220,58443,97887,97,254.99
2026/10/10 22:50:36.881,GPU-deec06d9-69c0-a4df-e1da-1c42f2a60220,58443,97887,99,249.07
2026/10/10 22:50:37.411,GPU-deec06d9-69c0-a4df-e1da-1c42f2a60220,58443,97887,100,259.66
2026/10/10 22:50:37.946,GPU-deec06d9-69c0-a4df-e1da-1c42f2a60220,58443,97887,97,251.86
2026/10/10 22:50:38.476,GPU-deec06d9-69c0-a4df-e1da-1c42f2a60220,58443,97887,100,255.18
2026/10/10 22:50:39.009,GPU-deec06d9-69c0-a4df-e1da-1c42f2a60220,58443,97887,100,262.16
2026/10/10 22:50:39.546,GPU-deec06d9-69c0-a4df-e1da-1c42f2a60220,58443,97887,97,251.01
2026/10/10 22:50:40.083,GPU-deec06d9-69c0-a4df-e1da-1c42f2a60220,58443,97887,99,254.61
2026/10/10 22:50:40.616,GPU-deec06d9-69c0-a4df-e1da-1c42f2a60220,58443,97887,100,262.53
2026/10/10 22:50:41.159,GPU-deec06d9-69c0-a4df-e1da-1c42f2a60220,58443,97887,97,252.31
2026/10/10 22:50:41.690,GPU-deec06d9-69c0-a4df-e1da-1c42f2a60220,58443,97887,100,253.39
2026/10/10 22:50:42.221,GPU-deec06d9-69c0-a4df-e1da-1c42f2a60220,58443,97887,100,259.41
2026/10/10 22:50:42.752,GPU-deec06d9-69c0-a4df-e1da-1c42f2a60220,58443,97887,97,250.42
2026/10/10 22:50:43.284,GPU-deec06d9-69c0-a4df-e1da-1c42f2a60220,58443,97887,99,248.88
2026/10/10 22:50:43.814,GPU-deec06d9-69c0-a4df-e1da-1c42f2a60220,58443,97887,100,258.73
2026/10/10 22:50:44.346,GPU-deec06d9-69c0-a4df-e1da-1c42f2a60220,58443,97887,96,253.02
2026/10/10 22:50:44.878,GPU-deec06d9-69c0-a4df-e1da-1c42f2a60220,58443,97887,96,251.64
2026/10/10 22:50:45.413,GPU-deec06d9-69c0-a4df-e1da-1c42f2a60220,58443,97887,100,257.62
2026/10/10 22:50:45.950,GPU-deec06d9-69c0-a4df-e1da-1c42f2a60220,58443,97887,97,250.47
2026/10/10 22:50:46.484,GPU-deec06d9-69c0-a4df-e1da-1c42f2a60220,58443,97887,99,253.97
2026/10/10 22:50:47.017,GPU-deec06d9-69c0-a4df-e1da-1c42f2a60220,58443,97887,100,261.05
2026/10/10 22:50:47.547,GPU-deec06d9-69c0-a4df-e1da-1c42f2a60220,58443,97887,97,251.58
2026/10/10 22:50:48.082,GPU-deec06d9-69c0-a4df-e1da-1c42f2a60220,58443,97887,96,251.62
2026/10/10 22:50:48.621,GPU-deec06d9-69c0-a4df-e1da-1c42f2a60220,58443,97887,100,252.96
2026/10/10 22:50:49.155,GPU-deec06d9-69c0-a4df-e1da-1c42f2a60220,58443,97887,97,248.86
2026/10/10 22:50:49.691,GPU-deec06d9-69c0-a4df-e1da-1c42f2a60220,58443,97887,96,256.04
2026/10/10 22:50:50.229,GPU-deec06d9-69c0-a4df-e1da-1c42f2a60220,58443,97887,100,252.37
2026/10/10 22:50:50.764,GPU-deec06d9-69c0-a4df-e1da-1c42f2a60220,58443,97887,97,248.38
2026/10/10 22:50:51.297,GPU-deec06d9-69c0-a4df-e1da-1c42f2a60220,58443,97887,98,255.93
2026/10/10 22:50:51.829,GPU-deec06d9-69c0-a4df-e1da-1c42f2a60220,58443,97887,100,247.27
2026/10/10 22:50:52.364,GPU-deec06d9-69c0-a4df-e1da-1c42f2a60220,58443,97887,97,246.01
2026/10/10 22:50:52.900,GPU-deec06d9-69c0-a4df-e1da-1c42f2a60220,58443,97887,97,258.95
2026/10/10 22:50:53.430,GPU-deec06d9-69c0-a4df-e1da-1c42f2a60220,58443,97887,100,250.87
2026/10/10 22:50:53.964,GPU-deec06d9-69c0-a4df-e1da-1c42f2a60220,58443,97887,97,248.01
2026/10/10 22:50:54.501,GPU-deec06d9-69c0-a4df-e1da-1c42f2a60220,58443,97887,96,258.90
2026/10/10 22:50:55.046,GPU-deec06d9-69c0-a4df-e1da-1c42f2a60220,58443,97887,100,252.05
2026/10/10 22:50:55.580,GPU-deec06d9-69c0-a4df-e1da-1c42f2a60220,58443,97887,97,255.53
2026/10/10 22:50:56.113,GPU-deec06d9-69c0-a4df-e1da-1c42f2a60220,58443,97887,96,258.73
2026/10/10 22:50:56.648,GPU-deec06d9-69c0-a4df-e1da-1c42f2a60220,58443,97887,100,252.94
2026/10/10 22:50:57.183,GPU-deec06d9-69c0-a4df-e1da-1c42f2a60220,58443,97887,97,257.28
2026/10/10 22:50:57.714,GPU-deec06d9-69c0-a4df-e1da-1c42f2a60220,58443,97887,96,263.54
2026/10/10 22:50:58.246,GPU-deec06d9-69c0-a4df-e1da-1c42f2a60220,58443,97887,100,255.04
2026/10/10 22:50:58.777,GPU-deec06d9-69c0-a4df-e1da-1c42f2a60220,58443,97887,97,255.87
2026/10/10 22:50:59.315,GPU-deec06d9-69c0-a4df-e1da-1c42f2a60220,58443,97887,96,264.14
2026/10/10 22:50:59.846,GPU-deec06d9-69c0-a4df-e1da-1c42f2a60220,58443,97887,100,253.10
2026/10/10 22:51:00.377,GPU-deec06d9-69c0-a4df-e1da-1c42f2a60220,58443,97887,97,249.63
2026/10/10 22:51:00.908,GPU-deec06d9-69c0-a4df-e1da-1c42f2a60220,58443,97887,96,261.51
2026/10/10 22:51:01.443,GPU-deec06d9-69c0-a4df-e1da-1c42f2a60220,58443,97887,100,253.05
2026/10/10 22:51:01.974,GPU-deec06d9-69c0-a4df-e1da-1c42f2a60220,58443,97887,97,246.86
2026/10/10 22:51:02.507,GPU-deec06d9-69c0-a4df-e1da-1c42f2a60220,58443,97887,96,259.61
2026/10/10 22:51:03.038,GPU-deec06d9-69c0-a4df-e1da-1c42f2a60220,58443,97887,100,255.42
2026/10/10 22:51:03.570,GPU-deec06d9-69c0-a4df-e1da-1c42f2a60220,58443,97887,97,250.58
2026/10/10 22:51:04.108,GPU-deec06d9-69c0-a4df-e1da-1c42f2a60220,58443,97887,96,260.78
2026/10/10 22:51:04.638,GPU-deec06d9-69c0-a4df-e1da-1c42f2a60220,58443,97887,100,259.95
2026/10/10 22:51:05.167,GPU-deec06d9-69c0-a4df-e1da-1c42f2a60220,58443,97887,97,249.95
2026/10/10 22:51:05.703,GPU-deec06d9-69c0-a4df-e1da-1c42f2a60220,58443,97887,96,258.33
2026/10/10 22:51:06.234,GPU-deec06d9-69c0-a4df-e1da-1c42f2a60220,58443,97887,100,253.93
2026/10/10 22:51:06.764,GPU-deec06d9-69c0-a4df-e1da-1c42f2a60220,58443,97887,97,251.17
2026/10/10 22:51:07.294,GPU-deec06d9-69c0-a4df-e1da-1c42f2a60220,58443,97887,97,256.52
2026/10/10 22:51:07.828,GPU-deec06d9-69c0-a4df-e1da-1c42f2a60220,58443,97887,100,248.50
2026/10/10 22:51:08.365,GPU-deec06d9-69c0-a4df-e1da-1c42f2a60220,58443,97887,97,243.52
2026/10/10 22:51:08.904,GPU-deec06d9-69c0-a4df-e1da-1c42f2a60220,58443,97887,97,254.09
2026/10/10 22:51:09.433,GPU-deec06d9-69c0-a4df-e1da-1c42f2a60220,58443,97887,100,250.61
2026/10/10 22:51:09.964,GPU-deec06d9-69c0-a4df-e1da-1c42f2a60220,58443,97887,97,243.85
2026/10/10 22:51:10.494,GPU-deec06d9-69c0-a4df-e1da-1c42f2a60220,58443,97887,96,251.95
2026/10/10 22:51:11.024,GPU-deec06d9-69c0-a4df-e1da-1c42f2a60220,58443,97887,100,261.86
2026/10/10 22:51:11.555,GPU-deec06d9-69c0-a4df-e1da-1c42f2a60220,58443,97887,97,250.52
2026/10/10 22:51:12.086,GPU-deec06d9-69c0-a4df-e1da-1c42f2a60220,58443,97887,96,254.81
2026/10/10 22:51:12.622,GPU-deec06d9-69c0-a4df-e1da-1c42f2a60220,58443,97887,100,251.30
2026/10/10 22:51:13.155,GPU-deec06d9-69c0-a4df-e1da-1c42f2a60220,58443,97887,97,248.62
2026/10/10 22:51:13.687,GPU-deec06d9-69c0-a4df-e1da-1c42f2a60220,58443,97887,96,254.17
2026/10/10 22:51:14.218,GPU-deec06d9-69c0-a4df-e1da-1c42f2a60220,58443,97887,100,260.71
2026/10/10 22:51:14.749,GPU-deec06d9-69c0-a4df-e1da-1c42f2a60220,58443,97887,97,245.78
2026/10/10 22:51:15.283,GPU-deec06d9-69c0-a4df-e1da-1c42f2a60220,58443,97887,97,251.97
2026/10/10 22:51:15.812,GPU-deec06d9-69c0-a4df-e1da-1c42f2a60220,58443,97887,100,269.35
2026/10/10 22:51:16.345,GPU-deec06d9-69c0-a4df-e1da-1c42f2a60220,58443,97887,97,251.34
2026/10/10 22:51:16.877,GPU-deec06d9-69c0-a4df-e1da-1c42f2a60220,58443,97887,97,254.90
2026/10/10 22:51:17.407,GPU-deec06d9-69c0-a4df-e1da-1c42f2a60220,58443,97887,100,272.46
2026/10/10 22:51:17.937,GPU-deec06d9-69c0-a4df-e1da-1c42f2a60220,58443,97887,97,251.83
2026/10/10 22:51:18.467,GPU-deec06d9-69c0-a4df-e1da-1c42f2a60220,58443,97887,100,247.26
2026/10/10 22:51:18.997,GPU-deec06d9-69c0-a4df-e1da-1c42f2a60220,58443,97887,100,257.69
2026/10/10 22:51:19.529,GPU-deec06d9-69c0-a4df-e1da-1c42f2a60220,58443,97887,97,258.76
2026/10/10 22:51:20.063,GPU-deec06d9-69c0-a4df-e1da-1c42f2a60220,58443,97887,100,251.20
2026/10/10 22:51:20.596,GPU-deec06d9-69c0-a4df-e1da-1c42f2a60220,58443,97887,100,258.98
2026/10/10 22:51:21.129,GPU-deec06d9-69c0-a4df-e1da-1c42f2a60220,58443,97887,97,254.91
2026/10/10 22:51:21.663,GPU-deec06d9-69c0-a4df-e1da-1c42f2a60220,58443,97887,100,247.79
2026/10/10 22:51:22.192,GPU-deec06d9-69c0-a4df-e1da-1c42f2a60220,58443,97887,97,255.44
2026/10/10 22:51:22.724,GPU-deec06d9-69c0-a4df-e1da-1c42f2a60220,58443,97887,97,261.88
2026/10/10 22:51:23.254,GPU-deec06d9-69c0-a4df-e1da-1c42f2a60220,58443,97887,99,250.28
2026/10/10 22:51:23.787,GPU-deec06d9-69c0-a4df-e1da-1c42f2a60220,58443,97887,98,256.07
2026/10/10 22:51:24.323,GPU-deec06d9-69c0-a4df-e1da-1c42f2a60220,58443,97887,97,266.55
2026/10/10 22:51:24.852,GPU-deec06d9-69c0-a4df-e1da-1c42f2a60220,58443,97887,100,252.84
2026/10/10 22:51:25.384,GPU-deec06d9-69c0-a4df-e1da-1c42f2a60220,58443,97887,97,250.32
2026/10/10 22:51:25.914,GPU-deec06d9-69c0-a4df-e1da-1c42f2a60220,58443,97887,97,271.59
2026/10/10 22:51:26.446,GPU-deec06d9-69c0-a4df-e1da-1c42f2a60220,58443,97887,100,252.04
2026/10/10 22:51:26.974,GPU-deec06d9-69c0-a4df-e1da-1c42f2a60220,58443,97887,97,248.91
2026/10/10 22:51:27.504,GPU-deec06d9-69c0-a4df-e1da-1c42f2a60220,58443,97887,97,258.63
2026/10/10 22:51:28.034,GPU-deec06d9-69c0-a4df-e1da-1c42f2a60220,58443,97887,100,266.97
2026/10/10 22:51:28.565,GPU-deec06d9-69c0-a4df-e1da-1c42f2a60220,58443,97887,97,247.53
2026/10/10 22:51:29.101,GPU-deec06d9-69c0-a4df-e1da-1c42f2a60220,58443,97887,97,256.27
2026/10/10 22:51:29.630,GPU-deec06d9-69c0-a4df-e1da-1c42f2a60220,58443,97887,99,257.40
2026/10/10 22:51:30.160,GPU-deec06d9-69c0-a4df-e1da-1c42f2a60220,58443,97887,97,269.20
2026/10/10 22:51:30.689,GPU-deec06d9-69c0-a4df-e1da-1c42f2a60220,58443,97887,97,256.82
2026/10/10 22:51:31.221,GPU-deec06d9-69c0-a4df-e1da-1c42f2a60220,58443,97887,100,259.92
2026/10/10 22:51:31.750,GPU-deec06d9-69c0-a4df-e1da-1c42f2a60220,58443,97887,97,259.79
2026/10/10 22:51:32.287,GPU-deec06d9-69c0-a4df-e1da-1c42f2a60220,58443,97887,100,256.01
2026/10/10 22:51:32.814,GPU-deec06d9-69c0-a4df-e1da-1c42f2a60220,58443,97887,100,262.52
2026/10/10 22:51:33.354,GPU-deec06d9-69c0-a4df-e1da-1c42f2a60220,58443,97887,97,262.08
2026/10/10 22:51:33.884,GPU-deec06d9-69c0-a4df-e1da-1c42f2a60220,58443,97887,100,253.82
2026/10/10 22:51:34.414,GPU-deec06d9-69c0-a4df-e1da-1c42f2a60220,58443,97887,99,256.79
2026/10/10 22:51:34.942,GPU-deec06d9-69c0-a4df-e1da-1c42f2a60220,58443,97887,100,261.26
2026/10/10 22:51:35.471,GPU-deec06d9-69c0-a4df-e1da-1c42f2a60220,58443,97887,100,264.57
2026/10/10 22:51:35.999,GPU-deec06d9-69c0-a4df-e1da-1c42f2a60220,58443,97887,100,258.09
2026/10/10 22:51:36.528,GPU-deec06d9-69c0-a4df-e1da-1c42f2a60220,58443,97887,100,262.51
2026/10/10 22:51:37.058,GPU-deec06d9-69c0-a4df-e1da-1c42f2a60220,58443,97887,96,262.60
2026/10/10 22:51:37.588,GPU-deec06d9-69c0-a4df-e1da-1c42f2a60220,58443,97887,100,255.44
2026/10/10 22:51:38.123,GPU-deec06d9-69c0-a4df-e1da-1c42f2a60220,58443,97887,100,250.75
2026/10/10 22:51:38.652,GPU-deec06d9-69c0-a4df-e1da-1c42f2a60220,58443,97887,97,268.90
2026/10/10 22:51:39.184,GPU-deec06d9-69c0-a4df-e1da-1c42f2a60220,58443,97887,100,245.71
2026/10/10 22:51:39.718,GPU-deec06d9-69c0-a4df-e1da-1c42f2a60220,58443,97887,100,256.29
2026/10/10 22:51:40.248,GPU-deec06d9-69c0-a4df-e1da-1c42f2a60220,58443,97887,97,263.01
2026/10/10 22:51:40.788,GPU-deec06d9-69c0-a4df-e1da-1c42f2a60220,58443,97887,100,251.40
2026/10/10 22:51:41.318,GPU-deec06d9-69c0-a4df-e1da-1c42f2a60220,58443,97887,100,261.26
2026/10/10 22:51:41.847,GPU-deec06d9-69c0-a4df-e1da-1c42f2a60220,58443,97887,97,263.78
2026/10/10 22:51:42.376,GPU-deec06d9-69c0-a4df-e1da-1c42f2a60220,58443,97887,99,253.90
2026/10/10 22:51:42.906,GPU-deec06d9-69c0-a4df-e1da-1c42f2a60220,58443,97887,100,261.96
2026/10/10 22:51:43.435,GPU-deec06d9-69c0-a4df-e1da-1c42f2a60220,58443,97887,97,251.26
2026/10/10 22:51:43.966,GPU-deec06d9-69c0-a4df-e1da-1c42f2a60220,58443,97887,100,252.85
2026/10/10 22:51:44.496,GPU-deec06d9-69c0-a4df-e1da-1c42f2a60220,58443,97887,97,256.00
2026/10/10 22:51:45.025,GPU-deec06d9-69c0-a4df-e1da-1c42f2a60220,58443,97887,97,255.46
2026/10/10 22:51:45.580,GPU-deec06d9-69c0-a4df-e1da-1c42f2a60220,58443,97887,100,269.44
2026/10/10 22:51:46.109,GPU-deec06d9-69c0-a4df-e1da-1c42f2a60220,58443,97887,97,256.87
2026/10/10 22:51:46.636,GPU-deec06d9-69c0-a4df-e1da-1c42f2a60220,58443,97887,97,260.80
2026/10/10 22:51:47.165,GPU-deec06d9-69c0-a4df-e1da-1c42f2a60220,58443,97887,100,264.45
2026/10/10 22:51:47.693,GPU-deec06d9-69c0-a4df-e1da-1c42f2a60220,58443,97887,97,255.65
2026/10/10 22:51:48.221,GPU-deec06d9-69c0-a4df-e1da-1c42f2a60220,58443,97887,97,260.48
2026/10/10 22:51:48.751,GPU-deec06d9-69c0-a4df-e1da-1c42f2a60220,58443,97887,100,263.71
2026/10/10 22:51:49.282,GPU-deec06d9-69c0-a4df-e1da-1c42f2a60220,58443,97887,97,249.31
2026/10/10 22:51:49.812,GPU-deec06d9-69c0-a4df-e1da-1c42f2a60220,58443,97887,97,261.25
2026/10/10 22:51:50.343,GPU-deec06d9-69c0-a4df-e1da-1c42f2a60220,58443,97887,100,254.06
2026/10/10 22:51:50.873,GPU-deec06d9-69c0-a4df-e1da-1c42f2a60220,58443,97887,97,256.42
2026/10/10 22:51:51.403,GPU-deec06d9-69c0-a4df-e1da-1c42f2a60220,58443,97887,100,259.23
2026/10/10 22:51:51.931,GPU-deec06d9-69c0-a4df-e1da-1c42f2a60220,58443,97887,100,252.82
2026/10/10 22:51:52.464,GPU-deec06d9-69c0-a4df-e1da-1c42f2a60220,58443,97887,97,264.25
2026/10/10 22:51:52.993,GPU-deec06d9-69c0-a4df-e1da-1c42f2a60220,58443,97887,100,256.67
2026/10/10 22:51:53.526,GPU-deec06d9-69c0-a4df-e1da-1c42f2a60220,58443,97887,100,259.86
2026/10/10 22:51:54.056,GPU-deec06d9-69c0-a4df-e1da-1c42f2a60220,58443,97887,97,267.85
2026/10/10 22:51:54.587,GPU-deec06d9-69c0-a4df-e1da-1c42f2a60220,58443,97887,100,249.20
2026/10/10 22:51:55.115,GPU-deec06d9-69c0-a4df-e1da-1c42f2a60220,58443,97887,100,260.14
2026/10/10 22:51:55.647,GPU-deec06d9-69c0-a4df-e1da-1c42f2a60220,58443,97887,97,253.11
2026/10/10 22:51:56.187,GPU-deec06d9-69c0-a4df-e1da-1c42f2a60220,58443,97887,100,250.55
2026/10/10 22:51:56.723,GPU-deec06d9-69c0-a4df-e1da-1c42f2a60220,58443,97887,100,259.60
2026/10/10 22:51:57.254,GPU-deec06d9-69c0-a4df-e1da-1c42f2a60220,58443,97887,97,265.90
2026/10/10 22:51:57.806,GPU-deec06d9-69c0-a4df-e1da-1c42f2a60220,58443,97887,100,249.82
2026/10/10 22:51:58.333,GPU-deec06d9-69c0-a4df-e1da-1c42f2a60220,58443,97887,100,263.32
2026/10/10 22:51:58.862,GPU-deec06d9-69c0-a4df-e1da-1c42f2a60220,58443,97887,97,268.16
2026/10/10 22:51:59.441,GPU-deec06d9-69c0-a4df-e1da-1c42f2a60220,58443,97887,100,254.19
2026/10/10 22:51:59.970,GPU-deec06d9-69c0-a4df-e1da-1c42f2a60220,58443,97887,97,254.18
2026/10/10 22:52:00.501,GPU-deec06d9-69c0-a4df-e1da-1c42f2a60220,58443,97887,97,268.09
2026/10/10 22:52:01.029,GPU-deec06d9-69c0-a4df-e1da-1c42f2a60220,58443,97887,100,255.67
2026/10/10 22:52:01.558,GPU-deec06d9-69c0-a4df-e1da-1c42f2a60220,58443,97887,100,262.84
2026/10/10 22:52:02.095,GPU-deec06d9-69c0-a4df-e1da-1c42f2a60220,58443,97887,97,269.11
2026/10/10 22:52:02.668,GPU-deec06d9-69c0-a4df-e1da-1c42f2a60220,58443,97887,100,251.47
2026/10/10 22:52:03.208,GPU-deec06d9-69c0-a4df-e1da-1c42f2a60220,58443,97887,97,256.74
2026/10/10 22:52:03.736,GPU-deec06d9-69c0-a4df-e1da-1c42f2a60220,58443,97887,97,268.53
2026/10/10 22:52:04.262,GPU-deec06d9-69c0-a4df-e1da-1c42f2a60220,58443,97887,100,253.70
2026/10/10 22:52:04.788,GPU-deec06d9-69c0-a4df-e1da-1c42f2a60220,58443,97887,97,253.41
2026/10/10 22:52:05.315,GPU-deec06d9-69c0-a4df-e1da-1c42f2a60220,58443,97887,97,263.15
2026/10/10 22:52:05.843,GPU-deec06d9-69c0-a4df-e1da-1c42f2a60220,58443,97887,100,253.89
2026/10/10 22:52:06.375,GPU-deec06d9-69c0-a4df-e1da-1c42f2a60220,58443,97887,97,253.90
2026/10/10 22:52:06.904,GPU-deec06d9-69c0-a4df-e1da-1c42f2a60220,58443,97887,97,268.75
2026/10/10 22:52:07.430,GPU-deec06d9-69c0-a4df-e1da-1c42f2a60220,58443,97887,100,254.04
2026/10/10 22:52:07.957,GPU-deec06d9-69c0-a4df-e1da-1c42f2a60220,58443,97887,98,247.31
2026/10/10 22:52:08.485,GPU-deec06d9-69c0-a4df-e1da-1c42f2a60220,58443,97887,97,270.02
2026/10/10 22:52:09.012,GPU-deec06d9-69c0-a4df-e1da-1c42f2a60220,58443,97887,100,265.99
2026/10/10 22:52:09.539,GPU-deec06d9-69c0-a4df-e1da-1c42f2a60220,58443,97887,97,254.97
2026/10/10 22:52:10.065,GPU-deec06d9-69c0-a4df-e1da-1c42f2a60220,58443,97887,97,262.26
2026/10/10 22:52:10.592,GPU-deec06d9-69c0-a4df-e1da-1c42f2a60220,58443,97887,100,266.31
2026/10/10 22:52:11.121,GPU-deec06d9-69c0-a4df-e1da-1c42f2a60220,58443,97887,97,253.05
2026/10/10 22:52:11.648,GPU-deec06d9-69c0-a4df-e1da-1c42f2a60220,58443,97887,97,259.83
2026/10/10 22:52:12.177,GPU-deec06d9-69c0-a4df-e1da-1c42f2a60220,58443,97887,99,261.33
2026/10/10 22:52:12.706,GPU-deec06d9-69c0-a4df-e1da-1c42f2a60220,58443,97887,97,254.37
2026/10/10 22:52:13.234,GPU-deec06d9-69c0-a4df-e1da-1c42f2a60220,58443,97887,96,260.23
2026/10/10 22:52:13.761,GPU-deec06d9-69c0-a4df-e1da-1c42f2a60220,58443,97887,100,252.31
2026/10/10 22:52:14.291,GPU-deec06d9-69c0-a4df-e1da-1c42f2a60220,58443,97887,97,249.09
2026/10/10 22:52:14.820,GPU-deec06d9-69c0-a4df-e1da-1c42f2a60220,58443,97887,96,257.35
2026/10/10 22:52:15.349,GPU-deec06d9-69c0-a4df-e1da-1c42f2a60220,58443,97887,100,250.62
2026/10/10 22:52:15.881,GPU-deec06d9-69c0-a4df-e1da-1c42f2a60220,58443,97887,97,256.16
2026/10/10 22:52:16.409,GPU-deec06d9-69c0-a4df-e1da-1c42f2a60220,58443,97887,97,260.20
2026/10/10 22:52:16.939,GPU-deec06d9-69c0-a4df-e1da-1c42f2a60220,58443,97887,100,250.79
2026/10/10 22:52:17.470,GPU-deec06d9-69c0-a4df-e1da-1c42f2a60220,58443,97887,97,241.00
2026/10/10 22:52:18.003,GPU-deec06d9-69c0-a4df-e1da-1c42f2a60220,58443,97887,98,254.52
2026/10/10 22:52:18.537,GPU-deec06d9-69c0-a4df-e1da-1c42f2a60220,58443,97887,100,262.03
2026/10/10 22:52:19.066,GPU-deec06d9-69c0-a4df-e1da-1c42f2a60220,58443,97887,97,247.29
2026/10/10 22:52:19.594,GPU-deec06d9-69c0-a4df-e1da-1c42f2a60220,58443,97887,100,245.32
2026/10/10 22:52:20.124,GPU-deec06d9-69c0-a4df-e1da-1c42f2a60220,58443,97887,100,260.00
2026/10/10 22:52:20.653,GPU-deec06d9-69c0-a4df-e1da-1c42f2a60220,58443,97887,97,249.95
2026/10/10 22:52:21.185,GPU-deec06d9-69c0-a4df-e1da-1c42f2a60220,58443,97887,96,243.46
2026/10/10 22:52:21.726,GPU-deec06d9-69c0-a4df-e1da-1c42f2a60220,58443,97887,100,256.84
2026/10/10 22:52:22.257,GPU-deec06d9-69c0-a4df-e1da-1c42f2a60220,58443,97887,97,252.24
2026/10/10 22:52:22.810,GPU-deec06d9-69c0-a4df-e1da-1c42f2a60220,58443,97887,100,255.67
2026/10/10 22:52:23.340,GPU-deec06d9-69c0-a4df-e1da-1c42f2a60220,58443,97887,100,260.23
2026/10/10 22:52:23.867,GPU-deec06d9-69c0-a4df-e1da-1c42f2a60220,58443,97887,97,247.52
2026/10/10 22:52:24.395,GPU-deec06d9-69c0-a4df-e1da-1c42f2a60220,58443,97887,100,252.76
2026/10/10 22:52:24.923,GPU-deec06d9-69c0-a4df-e1da-1c42f2a60220,58443,97887,100,262.74
2026/10/10 22:52:25.452,GPU-deec06d9-69c0-a4df-e1da-1c42f2a60220,58443,97887,97,257.32
2026/10/10 22:52:25.980,GPU-deec06d9-69c0-a4df-e1da-1c42f2a60220,58443,97887,100,250.80
2026/10/10 22:52:26.509,GPU-deec06d9-69c0-a4df-e1da-1c42f2a60220,58443,97887,99,261.52
2026/10/10 22:52:27.039,GPU-deec06d9-69c0-a4df-e1da-1c42f2a60220,58443,97887,97,255.50
2026/10/10 22:52:27.567,GPU-deec06d9-69c0-a4df-e1da-1c42f2a60220,58443,97887,99,250.54
2026/10/10 22:52:28.096,GPU-deec06d9-69c0-a4df-e1da-1c42f2a60220,58443,97887,97,254.21
2026/10/10 22:52:28.626,GPU-deec06d9-69c0-a4df-e1da-1c42f2a60220,58443,97887,97,258.62
2026/10/10 22:52:29.156,GPU-deec06d9-69c0-a4df-e1da-1c42f2a60220,58443,97887,100,252.68
2026/10/10 22:52:29.685,GPU-deec06d9-69c0-a4df-e1da-1c42f2a60220,58443,97887,97,256.33
2026/10/10 22:52:30.215,GPU-deec06d9-69c0-a4df-e1da-1c42f2a60220,58443,97887,97,256.13
2026/10/10 22:52:30.746,GPU-deec06d9-69c0-a4df-e1da-1c42f2a60220,58443,97887,100,249.68
2026/10/10 22:52:31.278,GPU-deec06d9-69c0-a4df-e1da-1c42f2a60220,58443,97887,97,257.62
2026/10/10 22:52:31.810,GPU-deec06d9-69c0-a4df-e1da-1c42f2a60220,58443,97887,96,259.64
2026/10/10 22:52:32.345,GPU-deec06d9-69c0-a4df-e1da-1c42f2a60220,58443,97887,100,249.30
2026/10/10 22:52:32.876,GPU-deec06d9-69c0-a4df-e1da-1c42f2a60220,58443,97887,97,248.21
2026/10/10 22:52:33.406,GPU-deec06d9-69c0-a4df-e1da-1c42f2a60220,58443,97887,96,262.93
2026/10/10 22:52:33.937,GPU-deec06d9-69c0-a4df-e1da-1c42f2a60220,58443,97887,100,250.96
2026/10/10 22:52:34.469,GPU-deec06d9-69c0-a4df-e1da-1c42f2a60220,58443,97887,97,246.97
2026/10/10 22:52:35.002,GPU-deec06d9-69c0-a4df-e1da-1c42f2a60220,58443,97887,96,244.07
2026/10/10 22:52:35.544,GPU-deec06d9-69c0-a4df-e1da-1c42f2a60220,58443,97887,100,251.20
2026/10/10 22:52:36.074,GPU-deec06d9-69c0-a4df-e1da-1c42f2a60220,58443,97887,98,245.10
2026/10/10 22:52:36.606,GPU-deec06d9-69c0-a4df-e1da-1c42f2a60220,58443,97887,97,261.79
2026/10/10 22:52:37.135,GPU-deec06d9-69c0-a4df-e1da-1c42f2a60220,58443,97887,100,252.73
2026/10/10 22:52:37.671,GPU-deec06d9-69c0-a4df-e1da-1c42f2a60220,58443,97887,97,250.82
2026/10/10 22:52:38.208,GPU-deec06d9-69c0-a4df-e1da-1c42f2a60220,58443,97887,96,261.90
2026/10/10 22:52:38.739,GPU-deec06d9-69c0-a4df-e1da-1c42f2a60220,58443,97887,100,253.59
2026/10/10 22:52:39.269,GPU-deec06d9-69c0-a4df-e1da-1c42f2a60220,58443,97887,98,247.71
2026/10/10 22:52:39.805,GPU-deec06d9-69c0-a4df-e1da-1c42f2a60220,58443,97887,97,261.78
2026/10/10 22:52:40.335,GPU-deec06d9-69c0-a4df-e1da-1c42f2a60220,58443,97887,100,253.21
2026/10/10 22:52:40.865,GPU-deec06d9-69c0-a4df-e1da-1c42f2a60220,58443,97887,97,250.93
2026/10/10 22:52:41.398,GPU-deec06d9-69c0-a4df-e1da-1c42f2a60220,58443,97887,97,259.24
2026/10/10 22:52:41.929,GPU-deec06d9-69c0-a4df-e1da-1c42f2a60220,58443,97887,100,258.98
2026/10/10 22:52:42.464,GPU-deec06d9-69c0-a4df-e1da-1c42f2a60220,58443,97887,97,250.24
2026/10/10 22:52:42.995,GPU-deec06d9-69c0-a4df-e1da-1c42f2a60220,58443,97887,97,265.48
2026/10/10 22:52:43.524,GPU-deec06d9-69c0-a4df-e1da-1c42f2a60220,58443,97887,100,253.90
2026/10/10 22:52:44.056,GPU-deec06d9-69c0-a4df-e1da-1c42f2a60220,58443,97887,97,248.59
2026/10/10 22:52:44.586,GPU-deec06d9-69c0-a4df-e1da-1c42f2a60220,58443,97887,97,248.60
2026/10/10 22:52:45.116,GPU-deec06d9-69c0-a4df-e1da-1c42f2a60220,58443,97887,100,258.32
2026/10/10 22:52:45.647,GPU-deec06d9-69c0-a4df-e1da-1c42f2a60220,58443,97887,97,251.33
2026/10/10 22:52:46.182,GPU-deec06d9-69c0-a4df-e1da-1c42f2a60220,58443,97887,96,253.60
2026/10/10 22:52:46.714,GPU-deec06d9-69c0-a4df-e1da-1c42f2a60220,58443,97887,100,263.14
2026/10/10 22:52:47.248,GPU-deec06d9-69c0-a4df-e1da-1c42f2a60220,58443,97887,97,253.59
2026/10/10 22:52:47.783,GPU-deec06d9-69c0-a4df-e1da-1c42f2a60220,58443,97887,98,250.09
2026/10/10 22:52:48.313,GPU-deec06d9-69c0-a4df-e1da-1c42f2a60220,58443,97887,100,264.09
2026/10/10 22:52:48.842,GPU-deec06d9-69c0-a4df-e1da-1c42f2a60220,58443,97887,96,253.76
2026/10/10 22:52:49.371,GPU-deec06d9-69c0-a4df-e1da-1c42f2a60220,58443,97887,100,249.73
2026/10/10 22:52:49.904,GPU-deec06d9-69c0-a4df-e1da-1c42f2a60220,58443,97887,100,260.69
2026/10/10 22:52:50.434,GPU-deec06d9-69c0-a4df-e1da-1c42f2a60220,58443,97887,97,254.68
2026/10/10 22:52:50.967,GPU-deec06d9-69c0-a4df-e1da-1c42f2a60220,58443,97887,100,248.84
2026/10/10 22:52:51.499,GPU-deec06d9-69c0-a4df-e1da-1c42f2a60220,58443,97887,100,258.43
2026/10/10 22:52:52.030,GPU-deec06d9-69c0-a4df-e1da-1c42f2a60220,58443,97887,97,252.97
2026/10/10 22:52:52.562,GPU-deec06d9-69c0-a4df-e1da-1c42f2a60220,58443,97887,100,245.54
2026/10/10 22:52:53.098,GPU-deec06d9-69c0-a4df-e1da-1c42f2a60220,58443,97887,97,254.49
2026/10/10 22:52:53.629,GPU-deec06d9-69c0-a4df-e1da-1c42f2a60220,58443,97887,97,260.46
2026/10/10 22:52:54.163,GPU-deec06d9-69c0-a4df-e1da-1c42f2a60220,58443,97887,100,246.73
2026/10/10 22:52:54.692,GPU-deec06d9-69c0-a4df-e1da-1c42f2a60220,58443,97887,97,258.91
2026/10/10 22:52:55.224,GPU-deec06d9-69c0-a4df-e1da-1c42f2a60220,58443,97887,97,260.88
2026/10/10 22:52:55.758,GPU-deec06d9-69c0-a4df-e1da-1c42f2a60220,58443,97887,100,249.83
2026/10/10 22:52:56.286,GPU-deec06d9-69c0-a4df-e1da-1c42f2a60220,58443,97887,97,250.91
2026/10/10 22:52:56.820,GPU-deec06d9-69c0-a4df-e1da-1c42f2a60220,58443,97887,97,272.93
2026/10/10 22:52:57.349,GPU-deec06d9-69c0-a4df-e1da-1c42f2a60220,58443,97887,100,250.98
2026/10/10 22:52:57.878,GPU-deec06d9-69c0-a4df-e1da-1c42f2a60220,58443,97887,98,249.55
2026/10/10 22:52:58.405,GPU-deec06d9-69c0-a4df-e1da-1c42f2a60220,58443,97887,98,268.49
2026/10/10 22:52:58.934,GPU-deec06d9-69c0-a4df-e1da-1c42f2a60220,58443,97887,100,258.88
2026/10/10 22:52:59.464,GPU-deec06d9-69c0-a4df-e1da-1c42f2a60220,58443,97887,98,248.22
2026/10/10 22:52:59.991,GPU-deec06d9-69c0-a4df-e1da-1c42f2a60220,58443,97887,98,247.53
2026/10/10 22:53:00.519,GPU-deec06d9-69c0-a4df-e1da-1c42f2a60220,58443,97887,100,260.99
2026/10/10 22:53:01.048,GPU-deec06d9-69c0-a4df-e1da-1c42f2a60220,58443,97887,97,264.87
2026/10/10 22:53:01.577,GPU-deec06d9-69c0-a4df-e1da-1c42f2a60220,58443,97887,100,252.78
2026/10/10 22:53:02.106,GPU-deec06d9-69c0-a4df-e1da-1c42f2a60220,58443,97887,100,258.80
2026/10/10 22:53:02.635,GPU-deec06d9-69c0-a4df-e1da-1c42f2a60220,58443,97887,97,264.36
2026/10/10 22:53:03.164,GPU-deec06d9-69c0-a4df-e1da-1c42f2a60220,58443,97887,100,260.10
2026/10/10 22:53:03.694,GPU-deec06d9-69c0-a4df-e1da-1c42f2a60220,58443,97887,97,254.12
2026/10/10 22:53:04.225,GPU-deec06d9-69c0-a4df-e1da-1c42f2a60220,58443,97887,97,260.58
2026/10/10 22:53:04.756,GPU-deec06d9-69c0-a4df-e1da-1c42f2a60220,58443,97887,100,268.83
2026/10/10 22:53:05.287,GPU-deec06d9-69c0-a4df-e1da-1c42f2a60220,58443,97887,96,241.66
2026/10/10 22:53:05.823,GPU-deec06d9-69c0-a4df-e1da-1c42f2a60220,58443,97887,97,252.95
2026/10/10 22:53:06.355,GPU-deec06d9-69c0-a4df-e1da-1c42f2a60220,58443,97887,100,262.22
2026/10/10 22:53:06.889,GPU-deec06d9-69c0-a4df-e1da-1c42f2a60220,58443,97887,100,247.22
2026/10/10 22:53:07.424,GPU-deec06d9-69c0-a4df-e1da-1c42f2a60220,58443,97887,99,248.85
2026/10/10 22:53:07.956,GPU-deec06d9-69c0-a4df-e1da-1c42f2a60220,58443,97887,97,264.34
2026/10/10 22:53:08.488,GPU-deec06d9-69c0-a4df-e1da-1c42f2a60220,58443,97887,100,250.88
2026/10/10 22:53:09.023,GPU-deec06d9-69c0-a4df-e1da-1c42f2a60220,58443,97887,100,254.42
2026/10/10 22:53:09.554,GPU-deec06d9-69c0-a4df-e1da-1c42f2a60220,58443,97887,97,261.48
2026/10/10 22:53:10.089,GPU-deec06d9-69c0-a4df-e1da-1c42f2a60220,58443,97887,100,256.63
2026/10/10 22:53:10.628,GPU-deec06d9-69c0-a4df-e1da-1c42f2a60220,58443,97887,100,258.84
2026/10/10 22:53:11.163,GPU-deec06d9-69c0-a4df-e1da-1c42f2a60220,58443,97887,97,254.57
2026/10/10 22:53:11.695,GPU-deec06d9-69c0-a4df-e1da-1c42f2a60220,58443,97887,98,255.67
2026/10/10 22:53:12.227,GPU-deec06d9-69c0-a4df-e1da-1c42f2a60220,58443,97887,100,252.92
2026/10/10 22:53:12.763,GPU-deec06d9-69c0-a4df-e1da-1c42f2a60220,58443,97887,97,256.21
2026/10/10 22:53:13.295,GPU-deec06d9-69c0-a4df-e1da-1c42f2a60220,58443,97887,99,256.80
2026/10/10 22:53:13.827,GPU-deec06d9-69c0-a4df-e1da-1c42f2a60220,58443,97887,100,252.58
2026/10/10 22:53:14.357,GPU-deec06d9-69c0-a4df-e1da-1c42f2a60220,58443,97887,97,266.28
2026/10/10 22:53:14.889,GPU-deec06d9-69c0-a4df-e1da-1c42f2a60220,58443,97887,100,258.27
2026/10/10 22:53:15.423,GPU-deec06d9-69c0-a4df-e1da-1c42f2a60220,58443,97887,100,261.26
2026/10/10 22:53:15.956,GPU-deec06d9-69c0-a4df-e1da-1c42f2a60220,58443,97887,95,266.27
2026/10/10 22:53:16.488,GPU-deec06d9-69c0-a4df-e1da-1c42f2a60220,58443,97887,100,258.60
2026/10/10 22:53:17.024,GPU-deec06d9-69c0-a4df-e1da-1c42f2a60220,58443,97887,100,261.71
2026/10/10 22:53:17.553,GPU-deec06d9-69c0-a4df-e1da-1c42f2a60220,58443,97887,97,264.42
2026/10/10 22:53:18.085,GPU-deec06d9-69c0-a4df-e1da-1c42f2a60220,58443,97887,100,245.98
2026/10/10 22:53:18.615,GPU-deec06d9-69c0-a4df-e1da-1c42f2a60220,58443,97887,100,260.22
2026/10/10 22:53:19.150,GPU-deec06d9-69c0-a4df-e1da-1c42f2a60220,58443,97887,97,267.87
2026/10/10 22:53:19.678,GPU-deec06d9-69c0-a4df-e1da-1c42f2a60220,58443,97887,100,253.19
2026/10/10 22:53:20.208,GPU-deec06d9-69c0-a4df-e1da-1c42f2a60220,58443,97887,100,262.60
2026/10/10 22:53:20.736,GPU-deec06d9-69c0-a4df-e1da-1c42f2a60220,58443,97887,97,251.74
2026/10/10 22:53:21.269,GPU-deec06d9-69c0-a4df-e1da-1c42f2a60220,58443,97887,99,249.81
2026/10/10 22:53:21.804,GPU-deec06d9-69c0-a4df-e1da-1c42f2a60220,58443,97887,100,259.42
2026/10/10 22:53:22.333,GPU-deec06d9-69c0-a4df-e1da-1c42f2a60220,58443,97887,97,255.62
2026/10/10 22:53:22.863,GPU-deec06d9-69c0-a4df-e1da-1c42f2a60220,58443,97887,100,255.47
2026/10/10 22:53:23.394,GPU-deec06d9-69c0-a4df-e1da-1c42f2a60220,58443,97887,98,258.53
2026/10/10 22:53:23.926,GPU-deec06d9-69c0-a4df-e1da-1c42f2a60220,58443,97887,96,254.48
2026/10/10 22:53:24.464,GPU-deec06d9-69c0-a4df-e1da-1c42f2a60220,58443,97887,100,252.62
2026/10/10 22:53:24.995,GPU-deec06d9-69c0-a4df-e1da-1c42f2a60220,58443,97887,99,251.96
2026/10/10 22:53:25.527,GPU-deec06d9-69c0-a4df-e1da-1c42f2a60220,58443,97887,97,248.32
2026/10/10 22:53:26.067,GPU-deec06d9-69c0-a4df-e1da-1c42f2a60220,58443,97887,100,253.63
2026/10/10 22:53:26.599,GPU-deec06d9-69c0-a4df-e1da-1c42f2a60220,58443,97887,100,248.47
2026/10/10 22:53:27.127,GPU-deec06d9-69c0-a4df-e1da-1c42f2a60220,58443,97887,0,213.73
2026/10/10 22:53:27.654,GPU-deec06d9-69c0-a4df-e1da-1c42f2a60220,58443,97887,0,116.19
2026/10/10 22:53:28.181,GPU-deec06d9-69c0-a4df-e1da-1c42f2a60220,58443,97887,0,83.40
2026/10/10 22:53:28.711,GPU-deec06d9-69c0-a4df-e1da-1c42f2a60220,58443,97887,0,83.40
2026/10/10 22:53:29.237,GPU-deec06d9-69c0-a4df-e1da-1c42f2a60220,58443,97887,0,82.54
2026/10/10 22:53:29.765,GPU-deec06d9-69c0-a4df-e1da-1c42f2a60220,58443,97887,0,81.58
2026/10/10 22:53:30.293,GPU-deec06d9-69c0-a4df-e1da-1c42f2a60220,58443,97887,0,81.58
2026/10/10 22:53:30.819,GPU-deec06d9-69c0-a4df-e1da-1c42f2a60220,58443,97887,0,80.82
2026/10/10 22:53:31.347,GPU-deec06d9-69c0-a4df-e1da-1c42f2a60220,58443,97887,0,80.82
2026/10/10 22:53:31.875,GPU-deec06d9-69c0-a4df-e1da-1c42f2a60220,58443,97887,0,80.62
2026/10/10 22:53:32.403,GPU-deec06d9-69c0-a4df-e1da-1c42f2a60220,58443,97887,0,80.62
2026/10/10 22:53:32.929,GPU-deec06d9-69c0-a4df-e1da-1c42f2a60220,58443,97887,0,80.37
2026/10/10 22:53:33.456,GPU-deec06d9-69c0-a4df-e1da-1c42f2a60220,58443,97887,0,80.37
2026/10/10 22:53:33.983,GPU-deec06d9-69c0-a4df-e1da-1c42f2a60220,58443,97887,0,80.08
2026/10/10 22:53:34.510,GPU-deec06d9-69c0-a4df-e1da-1c42f2a60220,58443,97887,0,80.08
2026/10/10 22:53:35.038,GPU-deec06d9-69c0-a4df-e1da-1c42f2a60220,58443,97887,0,79.10
2026/10/10 22:53:35.564,GPU-deec06d9-69c0-a4df-e1da-1c42f2a60220,58443,97887,0,79.10
2026/10/10 22:53:36.091,GPU-deec06d9-69c0-a4df-e1da-1c42f2a60220,58443,97887,0,80.08
2026/10/10 22:53:36.618,GPU-deec06d9-69c0-a4df-e1da-1c42f2a60220,58443,97887,0,80.08
2026/10/10 22:53:37.146,GPU-deec06d9-69c0-a4df-e1da-1c42f2a60220,58443,97887,0,79.59
2026/10/10 22:53:37.673,GPU-deec06d9-69c0-a4df-e1da-1c42f2a60220,58443,97887,0,79.59
2026/10/10 22:53:38.200,GPU-deec06d9-69c0-a4df-e1da-1c42f2a60220,58443,97887,0,79.59
2026/10/10 22:53:38.727,GPU-deec06d9-69c0-a4df-e1da-1c42f2a60220,58443,97887,0,79.59
2026/10/10 22:53:39.254,GPU-deec06d9-69c0-a4df-e1da-1c42f2a60220,58443,97887,0,80.08
2026/10/10 22:53:39.781,GPU-deec06d9-69c0-a4df-e1da-1c42f2a60220,58443,97887,0,79.64
2026/10/10 22:53:40.307,GPU-deec06d9-69c0-a4df-e1da-1c42f2a60220,58443,97887,0,79.64
2026/10/10 22:53:40.837,GPU-deec06d9-69c0-a4df-e1da-1c42f2a60220,58443,97887,0,79.04
2026/10/10 22:53:41.363,GPU-deec06d9-69c0-a4df-e1da-1c42f2a60220,58443,97887,0,79.04
2026/10/10 22:53:41.889,GPU-deec06d9-69c0-a4df-e1da-1c42f2a60220,58443,97887,0,78.78
2026/10/10 22:53:42.417,GPU-deec06d9-69c0-a4df-e1da-1c42f2a60220,58443,97887,0,78.78
2026/10/10 22:53:42.945,GPU-deec06d9-69c0-a4df-e1da-1c42f2a60220,58443,97887,0,78.76
2026/10/10 22:53:43.471,GPU-deec06d9-69c0-a4df-e1da-1c42f2a60220,58443,97887,0,78.76
2026/10/10 22:53:43.999,GPU-deec06d9-69c0-a4df-e1da-1c42f2a60220,58443,97887,0,78.51
2026/10/10 22:53:44.526,GPU-deec06d9-69c0-a4df-e1da-1c42f2a60220,58443,97887,0,78.51
2026/10/10 22:53:45.052,GPU-deec06d9-69c0-a4df-e1da-1c42f2a60220,58443,97887,0,79.04
2026/10/10 22:53:45.579,GPU-deec06d9-69c0-a4df-e1da-1c42f2a60220,58443,97887,0,79.04
2026/10/10 22:53:46.107,GPU-deec06d9-69c0-a4df-e1da-1c42f2a60220,58443,97887,0,79.15
2026/10/10 22:53:46.633,GPU-deec06d9-69c0-a4df-e1da-1c42f2a60220,58443,97887,0,79.15
2026/10/10 22:53:47.161,GPU-deec06d9-69c0-a4df-e1da-1c42f2a60220,58443,97887,0,78.85
2026/10/10 22:53:47.688,GPU-deec06d9-69c0-a4df-e1da-1c42f2a60220,58443,97887,0,78.85
2026/10/10 22:53:48.215,GPU-deec06d9-69c0-a4df-e1da-1c42f2a60220,58443,97887,0,79.14
2026/10/10 22:53:48.742,GPU-deec06d9-69c0-a4df-e1da-1c42f2a60220,58443,97887,0,79.14
2026/10/10 22:53:49.269,GPU-deec06d9-69c0-a4df-e1da-1c42f2a60220,58443,97887,0,79.09
2026/10/10 22:53:49.797,GPU-deec06d9-69c0-a4df-e1da-1c42f2a60220,58443,97887,0,78.80
2026/10/10 22:53:50.324,GPU-deec06d9-69c0-a4df-e1da-1c42f2a60220,58443,97887,0,78.80
2026/10/10 22:53:50.852,GPU-deec06d9-69c0-a4df-e1da-1c42f2a60220,58443,97887,0,78.55
2026/10/10 22:53:51.380,GPU-deec06d9-69c0-a4df-e1da-1c42f2a60220,58443,97887,0,78.55
2026/10/10 22:53:51.906,GPU-deec06d9-69c0-a4df-e1da-1c42f2a60220,58443,97887,0,79.02
2026/10/10 22:53:52.433,GPU-deec06d9-69c0-a4df-e1da-1c42f2a60220,58443,97887,0,79.02
2026/10/10 22:53:52.961,GPU-deec06d9-69c0-a4df-e1da-1c42f2a60220,58443,97887,0,78.51
2026/10/10 22:53:53.487,GPU-deec06d9-69c0-a4df-e1da-1c42f2a60220,58443,97887,0,78.51
2026/10/10 22:53:54.013,GPU-deec06d9-69c0-a4df-e1da-1c42f2a60220,58443,97887,0,78.55
2026/10/10 22:53:54.540,GPU-deec06d9-69c0-a4df-e1da-1c42f2a60220,58443,97887,0,78.55
2026/10/10 22:53:55.079,GPU-deec06d9-69c0-a4df-e1da-1c42f2a60220,58443,97887,0,78.30
2026/10/10 22:53:55.612,GPU-deec06d9-69c0-a4df-e1da-1c42f2a60220,58443,97887,0,78.30
2026/10/10 22:53:56.138,GPU-deec06d9-69c0-a4df-e1da-1c42f2a60220,58443,97887,0,78.01
2026/10/10 22:53:56.665,GPU-deec06d9-69c0-a4df-e1da-1c42f2a60220,58443,97887,0,78.01
2026/10/10 22:53:57.191,GPU-deec06d9-69c0-a4df-e1da-1c42f2a60220,58443,97887,0,78.26
2026/10/10 22:53:57.721,GPU-deec06d9-69c0-a4df-e1da-1c42f2a60220,58443,97887,0,78.26
2026/10/10 22:53:58.248,GPU-deec06d9-69c0-a4df-e1da-1c42f2a60220,58443,97887,0,79.74
2026/10/10 22:53:58.775,GPU-deec06d9-69c0-a4df-e1da-1c42f2a60220,58443,97887,0,79.74
2026/10/10 22:53:59.302,GPU-deec06d9-69c0-a4df-e1da-1c42f2a60220,58443,97887,0,79.74
2026/10/10 22:53:59.828,GPU-deec06d9-69c0-a4df-e1da-1c42f2a60220,58443,97887,0,78.75
2026/10/10 22:54:00.354,GPU-deec06d9-69c0-a4df-e1da-1c42f2a60220,58443,97887,0,78.75
2026/10/10 22:54:00.881,GPU-deec06d9-69c0-a4df-e1da-1c42f2a60220,58443,97887,0,77.53
2026/10/10 22:54:01.407,GPU-deec06d9-69c0-a4df-e1da-1c42f2a60220,58443,97887,0,77.53
2026/10/10 22:54:01.935,GPU-deec06d9-69c0-a4df-e1da-1c42f2a60220,58443,97887,0,77.77
2026/10/10 22:54:02.461,GPU-deec06d9-69c0-a4df-e1da-1c42f2a60220,58443,97887,0,77.77
2026/10/10 22:54:02.987,GPU-deec06d9-69c0-a4df-e1da-1c42f2a60220,58443,97887,0,78.09
2026/10/10 22:54:03.512,GPU-deec06d9-69c0-a4df-e1da-1c42f2a60220,58443,97887,0,78.09
2026/10/10 22:54:04.038,GPU-deec06d9-69c0-a4df-e1da-1c42f2a60220,58443,97887,0,78.09
2026/10/10 22:54:04.564,GPU-deec06d9-69c0-a4df-e1da-1c42f2a60220,58443,97887,0,78.09
2026/10/10 22:54:05.090,GPU-deec06d9-69c0-a4df-e1da-1c42f2a60220,58443,97887,0,77.53
2026/10/10 22:54:05.616,GPU-deec06d9-69c0-a4df-e1da-1c42f2a60220,58443,97887,0,77.53
2026/10/10 22:54:06.142,GPU-deec06d9-69c0-a4df-e1da-1c42f2a60220,58443,97887,0,78.01
2026/10/10 22:54:06.668,GPU-deec06d9-69c0-a4df-e1da-1c42f2a60220,58443,97887,0,78.01
2026/10/10 22:54:07.194,GPU-deec06d9-69c0-a4df-e1da-1c42f2a60220,58443,97887,0,79.00
2026/10/10 22:54:07.721,GPU-deec06d9-69c0-a4df-e1da-1c42f2a60220,58443,97887,0,79.00
2026/10/10 22:54:08.247,GPU-deec06d9-69c0-a4df-e1da-1c42f2a60220,58443,97887,0,80.47
2026/10/10 22:54:08.773,GPU-deec06d9-69c0-a4df-e1da-1c42f2a60220,58443,97887,0,80.47
2026/10/10 22:54:09.298,GPU-deec06d9-69c0-a4df-e1da-1c42f2a60220,58443,97887,0,79.24
2026/10/10 22:54:09.829,GPU-deec06d9-69c0-a4df-e1da-1c42f2a60220,58443,97887,0,77.52
2026/10/10 22:54:10.360,GPU-deec06d9-69c0-a4df-e1da-1c42f2a60220,1931,97887,0,83.71
2026/10/10 22:54:10.886,GPU-deec06d9-69c0-a4df-e1da-1c42f2a60220,1931,97887,0,87.04
2026/10/10 22:54:11.412,GPU-deec06d9-69c0-a4df-e1da-1c42f2a60220,1931,97887,0,79.21
2026/10/10 22:54:11.938,GPU-deec06d9-69c0-a4df-e1da-1c42f2a60220,1931,97887,0,79.21
2026/10/10 22:54:12.464,GPU-deec06d9-69c0-a4df-e1da-1c42f2a60220,1931,97887,0,78.54
