[Quadrants] version 1.3.3, llvm 22.1.0, commit 00423caa, linux, python 3.10.12
[38;5;226m[Genesis] [16:30:23] [WARNING] (MJCF) Approximating tendon by joint actuator for `finger_joint1`[0m
[38;5;226m[Genesis] [16:30:23] [WARNING] (MJCF) Approximating tendon by joint actuator for `finger_joint2`[0m
[38;5;226m[Genesis] [16:30:24] [WARNING] Neutral robot position (qpos0) exceeds joint limits.[0m
[38;5;226m[Genesis] [16:30:25] [WARNING] Constraint solver time constant should be greater than 2*substep_dt. timeconst is changed from `0.005` to `0.02`). Decrease simulation timestep or increase timeconst to avoid altering the original value.[0m
[38;5;226m[Genesis] [16:30:27] [WARNING] Filtered out geometry pairs causing self-collision for the neutral configuration (qpos0): (6, 11), (7, 11), (14, 21), (15, 20), (16, 23), (17, 22). Consider tuning Morph option 'decompose_robot_error_threshold' or specify dedicated collision meshes. This behavior can be disabled by setting Morph option 'enable_neutral_collision=True'.[0m
======================================================================================
Kernel Profiler(count, default) @ CUDA on NVIDIA RTX PRO 6000 Blackwell Server Edition
======================================================================================
[      %     total   count |      min       avg       max   ] Kernel name
--------------------------------------------------------------------------------------
[ 47.94%   0.066 s    200x |    0.013     0.331     0.660 ms] kernel_pressure_correct_warp_c718_0_kernel_1_range_for
[ 33.67%   0.046 s    200x |    0.013     0.232     0.507 ms] kernel_pressure_warp_c716_0_kernel_1_range_for
[  8.96%   0.012 s    100x |    0.121     0.124     0.131 ms] kernel_anchor_c710_0_kernel_1_range_for
[  1.24%   0.002 s    200x |    0.006     0.009     0.013 ms] kernel_pressure_correct_warp_c718_0_kernel_0_serial
[  1.17%   0.002 s    200x |    0.006     0.008     0.015 ms] kernel_pressure_warp_c716_0_kernel_0_serial
[  1.14%   0.002 s    100x |    0.013     0.016     0.020 ms] kernel_associate_c716_0_kernel_1_range_for
[  1.14%   0.002 s    100x |    0.015     0.016     0.018 ms] kernel_associate_c716_0_kernel_3_range_for
[  1.00%   0.001 s    100x |    0.012     0.014     0.016 ms] kernel_refine_contacts_c712_0_kernel_1_range_for
[  0.99%   0.001 s    100x |    0.012     0.014     0.017 ms] kernel_begin_step_c784_0_kernel_1_range_for
[  0.62%   0.001 s    100x |    0.006     0.009     0.014 ms] kernel_refine_contacts_c712_0_kernel_0_serial
[  0.58%   0.001 s    100x |    0.006     0.008     0.012 ms] kernel_anchor_c710_0_kernel_0_serial
[  0.57%   0.001 s    100x |    0.006     0.008     0.013 ms] kernel_associate_c716_0_kernel_0_serial
[  0.55%   0.001 s    100x |    0.006     0.008     0.019 ms] kernel_begin_step_c784_0_kernel_0_serial
[  0.43%   0.001 s    100x |    0.004     0.006     0.014 ms] kernel_associate_c716_0_kernel_2_serial
--------------------------------------------------------------------------------------
[100.00%] Total execution time:   0.138 s   number of results: 14
======================================================================================
{
  "scope": "profile",
  "envs": 1024,
  "level": 1,
  "precision": "64",
  "quadrature": 10,
  "dt": 0.01,
  "substeps": 1,
  "varied": true,
  "seed": 510000,
  "load_model": "finite_pad_adaptive_q10",
  "condition_count": 1024,
  "conditions": null,
  "conditions_sha256": null,
  "cooperative_solve": true,
  "cooperative_pressure": true,
  "method": "auto",
  "inverse_precision": "64",
  "history": 0,
  "host": "rtx-209-067",
  "gpu": "NVIDIA RTX PRO 6000 Blackwell Server Edition",
  "gpu_total_bytes": 101975851008,
  "quadrants": [
    1,
    3,
    3
  ],
  "torch": "2.8.0",
  "setup_seconds": 51.68215023400262,
  "warmup_steps": 900,
  "policy": {
    "layers": [
      26,
      128,
      128,
      7
    ],
    "seed": 99173,
    "dtype": "float64",
    "residual_scale_rad": 0.0001
  },
  "stage_wall_ms": {
    "begin_step": 0.052431500516831875,
    "association_transform": 0.177880241535604,
    "anchor_search": 0.19624742213636637,
    "candidate_weights_constraints": 1.3723164983093739,
    "nodal_scatter": 2.693169298581779,
    "inertia_relief_centrifugal": 0.198879549279809,
    "rhs_reduction": 0.041279480792582035,
    "linear_solve": 7.29419166687876,
    "complete_residual": 0.3449506778270006,
    "global_peak": 1.1248942790552974,
    "accept": 0.027943761087954044
  },
  "contacts_per_environment": [
    4,
    8,
    6,
    6,
    4,
    3,
    1,
    1,
    1,
    3,
    7,
    1,
    1,
    6,
    4,
    5,
    6,
    6,
    8,
    5,
    6,
    6,
    1,
    1,
    1,
    1,
    1,
    7,
    9,
    2,
    3,
    4,
    5,
    2,
    3,
    10,
    7,
    6,
    1,
    1,
    1,
    1,
    0,
    1,
    0,
    2,
    6,
    4,
    9,
    5,
    5,
    4,
    7,
    11,
    1,
    1,
    1,
    3,
    2,
    2,
    1,
    0,
    2,
    10,
    4,
    3,
    4,
    3,
    5,
    6,
    3,
    1,
    1,
    2,
    1,
    1,
    1,
    1,
    4,
    6,
    5,
    2,
    6,
    4,
    4,
    5,
    3,
    1,
    1,
    1,
    1,
    1,
    1,
    1,
    5,
    5,
    4,
    4,
    6,
    4,
    4,
    3,
    5,
    1,
    1,
    1,
    1,
    9,
    1,
    1,
    2,
    4,
    6,
    2,
    8,
    6,
    9,
    5,
    6,
    1,
    1,
    1,
    1,
    0,
    2,
    1,
    2,
    2,
    10,
    6,
    4,
    5,
    8,
    5,
    3,
    1,
    1,
    1,
    1,
    1,
    1,
    1,
    0,
    6,
    7,
    6,
    4,
    3,
    6,
    3,
    3,
    3,
    1,
    1,
    0,
    1,
    3,
    1,
    5,
    6,
    4,
    10,
    3,
    4,
    3,
    2,
    5,
    5,
    1,
    1,
    1,
    1,
    1,
    1,
    1,
    8,
    4,
    2,
    6,
    6,
    10,
    6,
    3,
    6,
    1,
    1,
    1,
    1,
    0,
    1,
    0,
    1,
    4,
    6,
    5,
    3,
    6,
    5,
    7,
    5,
    1,
    1,
    1,
    2,
    1,
    2,
    0,
    0,
    3,
    6,
    5,
    2,
    5,
    4,
    7,
    6,
    2,
    1,
    1,
    3,
    2,
    1,
    10,
    0,
    5,
    2,
    4,
    2,
    2,
    6,
    3,
    4,
    6,
    1,
    1,
    1,
    3,
    1,
    1,
    1,
    5,
    2,
    8,
    8,
    8,
    5,
    8,
    6,
    6,
    1,
    1,
    1,
    3,
    3,
    1,
    3,
    4,
    5,
    5,
    2,
    6,
    6,
    11,
    5,
    5,
    1,
    1,
    1,
    3,
    1,
    2,
    1,
    0,
    6,
    4,
    4,
    4,
    2,
    2,
    5,
    3,
    1,
    1,
    1,
    3,
    1,
    2,
    1,
    0,
    2,
    2,
    3,
    10,
    5,
    2,
    3,
    7,
    4,
    1,
    1,
    1,
    1,
    1,
    2,
    1,
    10,
    5,
    5,
    6,
    5,
    6,
    4,
    7,
    6,
    1,
    1,
    1,
    3,
    1,
    3,
    1,
    4,
    4,
    4,
    6,
    4,
    3,
    3,
    3,
    7,
    1,
    1,
    1,
    3,
    1,
    1,
    2,
    3,
    4,
    3,
    4,
    4,
    4,
    5,
    5,
    7,
    1,
    1,
    1,
    3,
    1,
    1,
    1,
    4,
    8,
    4,
    6,
    5,
    8,
    5,
    4,
    6,
    1,
    1,
    1,
    1,
    1,
    1,
    10,
    0,
    10,
    2,
    5,
    4,
    8,
    5,
    3,
    9,
    3,
    1,
    1,
    1,
    3,
    2,
    1,
    1,
    5,
    3,
    2,
    4,
    4,
    3,
    6,
    5,
    4,
    1,
    1,
    1,
    1,
    2,
    4,
    1,
    5,
    6,
    8,
    3,
    6,
    8,
    5,
    4,
    7,
    1,
    1,
    1,
    1,
    1,
    1,
    1,
    0,
    3,
    8,
    2,
    6,
    2,
    2,
    5,
    6,
    1,
    1,
    1,
    1,
    1,
    1,
    1,
    2,
    2,
    8,
    10,
    2,
    4,
    6,
    7,
    5,
    3,
    1,
    1,
    2,
    1,
    1,
    2,
    0,
    5,
    4,
    6,
    2,
    4,
    4,
    7,
    4,
    5,
    1,
    1,
    1,
    1,
    1,
    1,
    2,
    5,
    6,
    6,
    6,
    10,
    2,
    6,
    7,
    3,
    1,
    1,
    1,
    1,
    1,
    1,
    1,
    1,
    5,
    6,
    2,
    5,
    4,
    6,
    6,
    11,
    1,
    1,
    1,
    2,
    1,
    2,
    1,
    5,
    4,
    5,
    5,
    5,
    6,
    4,
    6,
    6,
    1,
    1,
    1,
    1,
    1,
    1,
    1,
    0,
    6,
    10,
    6,
    4,
    8,
    5,
    3,
    5,
    4,
    1,
    1,
    0,
    1,
    1,
    1,
    0,
    8,
    3,
    6,
    4,
    9,
    6,
    4,
    11,
    3,
    1,
    1,
    1,
    3,
    1,
    1,
    1,
    3,
    6,
    4,
    3,
    8,
    3,
    5,
    5,
    11,
    1,
    1,
    1,
    1,
    1,
    1,
    1,
    1,
    6,
    4,
    5,
    6,
    8,
    6,
    7,
    5,
    1,
    1,
    1,
    2,
    1,
    1,
    1,
    0,
    4,
    8,
    6,
    4,
    4,
    6,
    5,
    11,
    1,
    1,
    1,
    1,
    2,
    1,
    1,
    4,
    2,
    14,
    5,
    4,
    6,
    3,
    5,
    14,
    6,
    1,
    1,
    1,
    2,
    2,
    2,
    8,
    4,
    6,
    2,
    2,
    6,
    10,
    8,
    5,
    7,
    1,
    1,
    1,
    1,
    6,
    1,
    6,
    5,
    4,
    4,
    10,
    6,
    6,
    10,
    7,
    15,
    1,
    1,
    1,
    2,
    1,
    1,
    1,
    1,
    4,
    8,
    3,
    5,
    9,
    6,
    3,
    7,
    1,
    1,
    1,
    2,
    1,
    2,
    1,
    0,
    9,
    4,
    4,
    5,
    5,
    8,
    6,
    3,
    2,
    1,
    1,
    1,
    1,
    1,
    1,
    1,
    6,
    8,
    3,
    4,
    2,
    8,
    5,
    5,
    7,
    1,
    1,
    1,
    1,
    2,
    1,
    1,
    5,
    5,
    4,
    4,
    10,
    2,
    4,
    7,
    3,
    1,
    1,
    1,
    1,
    1,
    1,
    4,
    2,
    8,
    5,
    4,
    2,
    2,
    4,
    7,
    11,
    1,
    1,
    1,
    1,
    1,
    1,
    1,
    0,
    6,
    4,
    5,
    4,
    3,
    2,
    7,
    7,
    1,
    1,
    1,
    3,
    1,
    1,
    1,
    0,
    3,
    6,
    4,
    3,
    3,
    6,
    5,
    11,
    9,
    1,
    1,
    0,
    1,
    1,
    1,
    1,
    6,
    4,
    4,
    4,
    6,
    5,
    5,
    14,
    6,
    1,
    1,
    1,
    2,
    1,
    1,
    1,
    2,
    4,
    4,
    6,
    5,
    2,
    6,
    3,
    7,
    1,
    1,
    1,
    3,
    1,
    1,
    1,
    2,
    4,
    6,
    5,
    4,
    6,
    6,
    9,
    13,
    1,
    1,
    1,
    1,
    1,
    1,
    1,
    0,
    3,
    2,
    8,
    3,
    6,
    4,
    6,
    4,
    1,
    1,
    1,
    1,
    1,
    1,
    1,
    0,
    6,
    6,
    6,
    2,
    4,
    4,
    5,
    11,
    6,
    1,
    1,
    1,
    1,
    1,
    1,
    1,
    6,
    4,
    5,
    5,
    4,
    2,
    4,
    5,
    6,
    1,
    1,
    1,
    1,
    2,
    1,
    1,
    2,
    5,
    4,
    3,
    5,
    3,
    2,
    11,
    7,
    1,
    1,
    1,
    2,
    1,
    1,
    1,
    6,
    6,
    4,
    5,
    3,
    2,
    6,
    3,
    7,
    1,
    1,
    1,
    3,
    3,
    1,
    1,
    0,
    9,
    2,
    3,
    10,
    6,
    2,
    5,
    3,
    4,
    1,
    1,
    1,
    3,
    1,
    1,
    0,
    4,
    6,
    6,
    4,
    5,
    2,
    6,
    6,
    7,
    1,
    1,
    1,
    1,
    2,
    1,
    1,
    8,
    6,
    6,
    5,
    4,
    3,
    6,
    7,
    5,
    1,
    1,
    1,
    1,
    1,
    7,
    1,
    1,
    10,
    4,
    10,
    6,
    2,
    3,
    5,
    7,
    1,
    1,
    1,
    1,
    1,
    2,
    1,
    4,
    2,
    2,
    8,
    6,
    4,
    3,
    3,
    6,
    1,
    1,
    1,
    3,
    1,
    1,
    1,
    5,
    2,
    3,
    2,
    8,
    6,
    5,
    11,
    3,
    7,
    1,
    1,
    0,
    1,
    2,
    1,
    1,
    4,
    5,
    4,
    2,
    3,
    2,
    4,
    4,
    6,
    1,
    1,
    1,
    3,
    3,
    3,
    4,
    2,
    4,
    4,
    4,
    3,
    4,
    4,
    4,
    7,
    1,
    1,
    1,
    1,
    0,
    1,
    6,
    3,
    4,
    8,
    14,
    3,
    5
  ],
  "candidate_count": [
    55,
    115,
    57,
    121,
    93,
    148,
    140,
    259,
    264,
    98,
    147,
    154,
    79,
    133,
    135,
    82,
    251,
    129,
    0,
    128,
    175,
    139,
    169,
    182,
    129,
    119,
    162,
    165,
    130,
    175,
    175,
    94,
    112,
    90,
    222,
    117,
    121,
    133,
    135,
    234,
    251,
    129,
    247,
    139,
    89,
    102,
    40,
    170,
    183,
    44,
    91,
    199,
    50,
    115,
    56,
    111,
    52,
    115,
    55,
    111,
    111,
    87,
    228,
    245,
    90,
    127,
    246,
    61,
    118,
    121,
    61,
    229,
    121,
    59,
    112,
    120,
    232,
    223,
    61,
    118,
    111,
    167,
    195,
    182,
    179,
    184,
    90,
    81,
    240,
    87,
    224,
    234,
    126,
    113,
    161,
    127,
    164,
    172,
    122,
    90,
    102,
    115,
    129,
    112,
    241,
    132,
    184,
    243,
    127,
    220,
    78,
    67,
    228,
    121,
    121,
    80,
    231,
    120,
    202,
    115,
    115,
    47,
    109,
    106,
    64,
    122,
    65,
    121,
    99,
    250,
    106,
    242,
    243,
    129,
    129,
    143,
    174,
    175,
    160,
    161,
    268,
    276,
    274,
    159,
    164,
    153,
    276,
    294,
    135,
    152,
    295,
    178,
    167,
    291,
    177,
    140,
    227,
    297,
    263,
    290,
    303,
    112,
    130,
    122,
    232,
    79,
    102,
    83,
    35,
    89,
    204,
    37,
    91,
    70,
    52,
    109,
    52,
    115,
    124,
    70,
    119,
    126,
    129,
    243,
    80,
    125,
    137,
    70,
    218,
    227,
    74,
    229,
    142,
    275,
    275,
    182,
    273,
    155,
    278,
    212,
    274,
    102,
    86,
    145,
    134,
    88,
    260,
    134,
    102,
    137,
    115,
    243,
    253,
    264,
    143,
    138,
    108,
    259,
    247,
    130,
    122,
    116,
    129,
    247,
    138,
    110,
    113,
    0,
    81,
    235,
    113,
    113,
    104,
    85,
    257,
    157,
    131,
    89,
    97,
    251,
    136,
    242,
    36,
    88,
    39,
    97,
    53,
    120,
    118,
    119,
    171,
    131,
    163,
    134,
    129,
    129,
    92,
    70,
    129,
    70,
    129,
    132,
    136,
    175,
    160,
    173,
    188,
    86,
    117,
    120,
    130,
    118,
    121,
    125,
    107,
    94,
    114,
    88,
    42,
    103,
    44,
    101,
    68,
    229,
    117,
    76,
    228,
    218,
    76,
    226,
    233,
    82,
    239,
    129,
    129,
    79,
    237,
    125,
    81,
    241,
    215,
    49,
    115,
    54,
    117,
    111,
    158,
    127,
    160,
    134,
    144,
    182,
    152,
    176,
    90,
    121,
    123,
    140,
    94,
    78,
    251,
    96,
    118,
    239,
    79,
    240,
    84,
    0,
    224,
    60,
    121,
    62,
    118,
    125,
    62,
    121,
    65,
    121,
    75,
    129,
    85,
    131,
    45,
    98,
    105,
    44,
    213,
    105,
    147,
    175,
    162,
    180,
    76,
    134,
    79,
    129,
    120,
    145,
    145,
    100,
    82,
    130,
    87,
    135,
    94,
    102,
    82,
    84,
    0,
    0,
    0,
    0,
    216,
    0,
    109,
    0,
    0,
    121,
    90,
    69,
    0,
    50,
    210,
    53,
    204,
    66,
    194,
    218,
    63,
    118,
    219,
    129,
    129,
    105,
    154,
    149,
    266,
    267,
    116,
    154,
    164,
    87,
    148,
    140,
    90,
    260,
    133,
    120,
    62,
    116,
    121,
    121,
    240,
    71,
    123,
    124,
    111,
    99,
    151,
    105,
    138,
    99,
    105,
    254,
    109,
    243,
    245,
    94,
    90,
    94,
    135,
    0,
    240,
    82,
    198,
    65,
    103,
    101,
    79,
    90,
    129,
    228,
    246,
    100,
    83,
    127,
    249,
    141,
    85,
    228,
    246,
    91,
    125,
    247,
    123,
    265,
    137,
    268,
    80,
    240,
    84,
    234,
    222,
    188,
    279,
    282,
    168,
    173,
    162,
    285,
    318,
    94,
    73,
    132,
    75,
    129,
    102,
    133,
    133,
    112,
    94,
    90,
    145,
    258,
    95,
    117,
    67,
    127,
    123,
    69,
    235,
    127,
    64,
    124,
    125,
    242,
    75,
    123,
    131,
    73,
    132,
    127,
    76,
    247,
    129,
    110,
    161,
    117,
    150,
    106,
    153,
    146,
    70,
    201,
    230,
    75,
    119,
    227,
    142,
    186,
    186,
    124,
    155,
    157,
    142,
    185,
    185,
    130,
    122,
    229,
    84,
    222,
    240,
    250,
    43,
    209,
    86,
    45,
    116,
    67,
    129,
    242,
    69,
    125,
    129,
    59,
    121,
    63,
    120,
    43,
    54,
    107,
    158,
    211,
    57,
    44,
    105,
    213,
    81,
    107,
    113,
    114,
    89,
    133,
    98,
    146,
    114,
    156,
    159,
    120,
    120,
    140,
    159,
    179,
    174,
    182,
    130,
    178,
    284,
    241,
    281,
    102,
    122,
    88,
    143,
    130,
    115,
    90,
    32,
    40,
    85,
    67,
    196,
    82,
    195,
    47,
    55,
    115,
    56,
    110,
    133,
    133,
    42,
    91,
    104,
    43,
    213,
    99,
    87,
    137,
    260,
    94,
    138,
    151,
    100,
    85,
    257,
    153,
    129,
    86,
    97,
    250,
    133,
    239,
    112,
    254,
    264,
    139,
    142,
    267,
    126,
    162,
    157,
    122,
    132,
    268,
    131,
    268,
    268,
    112,
    94,
    94,
    148,
    73,
    127,
    76,
    129,
    81,
    133,
    57,
    112,
    118,
    57,
    227,
    118,
    47,
    107,
    48,
    106,
    102,
    76,
    129,
    129,
    93,
    154,
    150,
    98,
    264,
    137,
    55,
    120,
    60,
    115,
    118,
    88,
    72,
    228,
    229,
    74,
    223,
    215,
    122,
    108,
    160,
    112,
    145,
    90,
    132,
    82,
    240,
    129,
    81,
    113,
    113,
    60,
    119,
    121,
    52,
    211,
    213,
    55,
    206,
    182,
    57,
    218,
    58,
    203,
    206,
    129,
    129,
    94,
    151,
    149,
    100,
    135,
    109,
    253,
    112,
    254,
    94,
    78,
    133,
    132,
    82,
    251,
    129,
    90,
    76,
    221,
    231,
    81,
    238,
    90,
    121,
    140,
    82,
    218,
    115,
    118,
    101,
    250,
    131,
    41,
    36,
    198,
    46,
    82,
    34,
    37,
    196,
    81,
    64,
    45,
    200,
    46,
    191,
    171,
    90,
    92,
    39,
    94,
    39,
    98,
    129,
    129,
    107,
    107,
    132,
    184,
    171,
    141,
    280,
    175,
    0,
    121,
    121,
    90,
    66,
    123,
    123,
    90,
    68,
    127,
    70,
    125,
    127,
    118,
    90,
    102,
    94,
    123,
    246,
    73,
    78,
    213,
    61,
    218,
    64,
    210,
    213,
    125,
    125,
    43,
    100,
    104,
    210,
    213,
    43,
    104,
    84,
    90,
    237,
    248,
    129,
    125,
    90,
    247,
    226,
    84,
    230,
    244,
    126,
    127,
    87,
    243,
    221,
    82,
    240,
    86,
    235,
    225,
    90,
    148,
    142,
    261,
    264,
    93,
    141,
    165,
    140,
    249,
    298,
    272,
    295,
    307,
    90,
    60,
    121,
    61,
    117,
    121,
    98,
    112,
    78,
    142,
    261,
    147,
    132,
    101,
    250,
    111,
    104,
    101,
    187,
    98,
    127,
    210,
    67,
    41,
    100,
    43,
    99,
    96,
    109,
    255,
    250,
    119,
    258,
    129,
    129,
    73,
    234,
    118,
    79,
    233,
    220,
    135,
    282,
    173,
    142,
    284,
    172,
    131,
    98,
    90,
    235,
    138,
    254,
    129,
    95,
    249,
    132,
    233,
    140,
    152,
    179,
    172,
    181,
    94,
    72,
    129,
    74,
    129,
    132,
    88,
    130,
    135,
    262,
    151,
    120,
    86,
    86,
    112,
    33,
    72,
    89,
    35,
    209,
    87,
    98,
    246,
    103,
    249,
    75,
    133,
    79,
    129,
    119,
    160,
    159,
    158,
    175,
    175,
    129,
    129,
    132,
    138,
    175,
    165,
    173,
    90,
    121,
    123,
    132,
    128,
    98,
    105,
    0,
    0,
    87,
    76,
    102,
    128,
    103,
    103,
    86,
    87,
    41,
    99,
    100,
    93,
    78,
    249,
    141,
    127,
    79,
    93,
    247,
    129,
    226,
    160,
    274,
    180,
    278,
    278,
    132,
    132,
    102,
    135,
    135,
    140,
    202,
    333,
    298,
    283,
    182,
    299,
    127,
    158,
    270,
    283,
    90,
    118,
    100,
    221,
    108,
    112,
    115,
    73,
    41,
    47,
    103,
    130,
    207,
    53,
    42,
    98,
    213,
    71,
    52,
    210,
    51,
    195,
    202,
    88,
    135,
    95,
    149,
    148,
    96,
    163,
    150,
    100,
    266,
    149,
    176,
    282,
    282,
    233,
    281,
    142,
    289,
    176,
    158,
    285,
    174,
    158,
    190,
    174,
    182,
    102,
    92,
    157,
    144,
    96,
    265,
    139,
    87,
    67,
    228,
    73,
    218,
    219,
    128,
    94,
    86,
    105,
    131,
    116,
    247,
    57,
    189,
    218,
    91,
    0,
    82,
    0,
    87,
    61,
    121,
    63,
    120,
    41,
    99,
    40,
    97,
    95,
    161,
    148,
    100,
    265,
    148,
    62,
    121,
    62,
    118,
    172,
    178,
    176,
    54,
    114,
    120,
    132,
    175,
    175,
    102,
    88,
    133,
    262,
    95,
    147,
    148,
    124,
    86,
    102,
    88,
    232,
    112,
    88,
    223,
    0,
    154,
    99,
    103,
    74,
    52,
    113,
    55,
    115,
    60,
    121,
    123,
    50,
    210,
    49,
    202,
    69,
    129,
    69,
    129,
    84,
    138,
    89,
    132,
    93,
    135,
    107,
    151,
    152,
    102,
    86,
    145,
    89,
    130,
    117,
    101,
    143,
    272,
    110,
    153,
    162,
    86,
    130,
    86,
    108,
    110,
    110,
    108,
    99,
    63,
    102,
    101,
    190,
    0,
    47,
    104,
    111,
    213,
    215,
    52,
    108,
    102,
    45,
    105,
    46,
    105,
    89,
    145,
    146,
    95,
    260,
    134,
    86,
    130,
    87,
    143,
    142,
    127,
    161,
    172,
    282,
    282,
    149,
    164,
    218,
    169,
    282,
    281,
    221,
    280,
    90,
    66,
    125,
    128,
    102,
    109,
    258,
    251,
    125,
    260,
    94,
    88,
    78,
    118,
    114,
    87,
    62,
    74,
    118,
    199,
    233,
    77,
    65,
    123,
    229,
    117,
    46,
    39,
    210,
    61,
    90,
    38,
    46,
    200,
    98,
    75,
    99,
    99,
    38,
    90,
    39,
    98,
    90,
    109,
    147,
    154,
    149,
    109,
    254,
    264,
    146,
    140,
    106,
    260,
    245,
    94,
    135,
    106,
    151,
    152,
    0,
    175,
    175,
    146,
    185,
    189,
    188,
    301,
    304,
    195,
    184,
    325,
    92,
    128,
    125,
    90,
    94,
    90,
    121,
    246,
    90,
    248,
    118,
    119,
    231,
    37,
    88,
    38,
    98,
    91,
    34,
    91,
    86,
    121,
    121,
    63,
    125,
    66,
    123,
    78,
    133,
    85,
    129,
    127,
    167,
    175,
    135,
    287,
    271,
    180,
    160,
    273,
    122,
    105,
    145,
    121,
    157,
    100,
    84,
    132,
    130,
    140,
    102,
    124,
    119,
    232,
    123,
    56,
    218,
    216,
    99,
    57,
    70,
    196,
    228,
    117,
    223,
    62,
    208,
    207,
    60,
    108,
    218,
    37,
    95,
    97,
    198,
    210,
    40,
    98,
    79,
    71,
    127,
    123,
    103,
    173,
    154,
    111,
    267,
    153,
    59,
    113,
    122,
    230,
    223,
    58,
    118,
    113,
    91,
    246,
    92,
    242,
    233,
    94,
    71,
    127,
    129,
    94,
    88,
    230,
    249,
    93,
    129,
    246,
    102,
    102,
    78,
    112,
    220,
    111,
    227,
    62,
    123,
    123,
    59,
    59,
    88,
    113,
    118,
    59,
    223,
    121,
    121,
    122,
    48,
    104,
    109,
    46,
    217,
    113,
    163,
    163,
    148,
    153,
    122,
    107,
    158,
    112,
    145,
    92,
    85,
    240,
    92,
    230,
    236,
    112,
    94,
    88,
    254,
    247,
    247,
    236,
    180,
    210,
    93,
    93,
    45,
    181,
    211,
    96,
    89,
    49,
    201,
    145,
    99,
    51,
    161,
    186,
    212,
    99,
    98,
    55,
    207,
    154,
    115,
    115,
    72,
    129,
    131,
    125,
    91,
    239,
    253,
    109,
    133,
    259,
    130,
    169,
    282,
    282,
    240,
    167,
    281,
    88,
    55,
    113,
    57,
    121,
    92,
    125,
    125,
    102,
    112,
    135,
    261,
    95,
    110,
    89,
    0,
    62,
    125,
    67,
    123,
    127,
    33,
    86,
    38,
    96,
    84,
    227,
    240,
    90,
    127,
    244,
    129,
    129,
    90,
    146,
    92,
    133,
    66,
    126,
    67,
    127,
    0,
    148,
    176,
    176,
    172,
    176,
    224,
    140,
    167,
    186,
    185,
    130,
    120,
    168,
    141,
    166,
    140,
    90,
    90,
    126,
    103,
    112,
    70,
    97,
    55,
    198,
    0,
    50,
    210,
    56,
    215,
    109,
    59,
    216,
    182,
    37,
    79,
    95,
    38,
    212,
    89,
    72,
    201,
    226,
    70,
    120,
    223,
    66,
    57,
    224,
    111,
    116,
    55,
    66,
    229,
    115,
    187,
    121,
    121,
    130,
    271,
    272,
    158,
    157,
    268,
    94,
    75,
    130,
    130,
    76,
    245,
    129,
    132,
    175,
    175,
    112,
    90,
    124,
    137,
    111,
    91,
    106,
    99,
    60,
    210,
    210,
    61,
    218,
    100,
    240,
    258,
    114,
    138,
    263,
    115,
    115,
    61,
    121,
    61,
    118,
    120,
    81,
    136,
    87,
    129,
    73,
    227,
    121,
    70,
    233,
    196,
    102,
    86,
    140,
    142,
    89,
    131,
    102,
    114,
    93,
    264,
    171,
    137,
    97,
    104,
    259,
    145,
    254,
    140,
    102,
    78,
    231,
    0,
    222,
    197,
    86,
    102,
    73,
    127,
    242,
    125,
    135,
    53,
    115,
    56,
    112,
    58,
    121,
    61,
    115,
    119,
    87,
    230,
    237,
    89,
    242,
    42,
    98,
    43,
    213,
    100,
    91,
    232,
    248,
    97,
    129,
    249,
    63,
    122,
    65,
    120,
    90,
    79,
    226,
    234,
    84,
    240,
    132,
    131,
    175,
    154,
    175,
    183,
    90,
    124,
    130,
    87,
    250,
    116,
    78,
    69,
    129,
    124,
    69,
    241,
    129,
    52,
    64,
    113,
    173,
    224,
    68,
    55,
    113,
    223,
    104,
    79,
    223,
    237,
    84,
    123,
    240,
    49,
    109,
    52,
    115,
    62,
    216,
    219,
    107,
    113,
    65,
    219,
    196,
    187,
    287,
    285,
    249,
    287,
    102,
    135,
    135,
    90,
    66,
    123,
    66,
    125,
    131,
    138,
    169,
    175,
    112,
    130,
    110,
    225,
    118,
    37,
    96,
    89,
    185,
    211,
    39,
    94,
    78,
    50,
    105,
    113,
    47,
    103,
    108,
    46,
    216,
    110,
    79,
    129,
    87,
    140,
    142,
    94,
    141,
    143,
    147,
    260,
    95,
    141,
    166,
    56,
    118,
    229,
    65,
    123,
    117,
    113,
    166,
    122,
    159,
    130,
    178,
    128,
    280,
    283,
    171,
    141,
    141,
    283,
    162,
    314,
    142,
    186,
    186,
    90,
    130,
    88,
    81,
    111,
    86,
    115,
    117,
    123,
    44,
    97,
    101,
    38,
    93,
    210,
    40,
    98,
    89,
    63,
    129,
    70,
    126,
    95,
    140,
    137,
    86,
    239,
    244,
    128,
    123,
    87,
    242,
    227,
    106,
    154,
    147,
    79,
    224,
    233,
    82,
    240,
    130,
    129,
    172,
    136,
    163,
    90,
    83,
    68,
    236,
    126,
    125,
    67,
    80,
    241,
    124,
    207,
    88,
    130,
    128,
    78,
    105,
    248,
    107,
    79,
    56,
    121,
    227,
    60,
    116,
    119,
    80,
    129,
    134,
    129,
    109,
    256,
    105,
    247,
    254,
    77,
    233,
    122,
    75,
    237,
    204,
    92,
    143,
    139,
    259,
    264,
    98,
    147,
    154,
    65,
    225,
    114,
    70,
    220,
    216,
    90,
    66,
    125,
    122,
    66,
    232,
    123,
    132,
    140,
    176,
    159,
    176,
    90,
    86,
    86,
    0,
    254,
    130,
    103,
    223,
    49,
    115,
    48,
    117,
    53,
    112,
    118,
    232,
    221,
    57,
    118,
    109,
    87,
    150,
    138,
    88,
    262,
    138,
    68,
    129,
    71,
    127,
    58,
    115,
    57,
    121,
    148,
    209,
    171,
    166,
    288,
    176,
    130,
    129,
    169,
    141,
    175,
    90,
    62,
    80,
    126,
    209,
    242,
    87,
    75,
    125,
    240,
    128,
    102,
    102,
    86,
    101,
    0,
    88,
    97,
    58,
    182,
    65,
    57,
    58,
    112,
    115,
    112,
    112,
    59,
    68,
    106,
    114,
    105,
    197,
    231,
    73,
    62,
    121,
    227,
    114,
    83,
    236,
    231,
    88,
    240,
    55,
    121,
    56,
    118,
    134,
    277,
    268,
    163,
    156,
    269,
    72,
    127,
    129,
    0,
    61,
    120,
    66,
    121,
    130,
    181,
    148,
    136,
    278,
    208,
    281,
    300,
    174,
    139,
    153,
    285,
    162,
    316,
    90,
    83,
    222,
    235,
    83,
    240,
    102,
    130,
    94,
    254,
    142,
    106,
    131,
    205,
    95,
    35,
    46,
    90,
    70,
    198,
    85,
    205,
    54,
    31,
    87,
    36,
    82,
    70,
    213,
    221,
    70,
    118,
    223,
    129,
    129,
    129,
    129,
    80,
    140,
    133,
    82,
    256,
    129,
    148,
    131,
    253,
    265,
    268,
    155,
    144,
    120,
    268,
    260,
    106,
    104,
    172,
    182,
    154,
    116,
    267,
    153,
    90,
    63,
    127,
    69,
    123,
    114,
    100,
    141,
    271,
    107,
    153,
    163,
    88,
    124,
    128,
    240,
    81,
    210,
    243,
    86,
    127,
    239,
    135,
    62,
    191,
    223,
    69,
    115,
    218,
    50,
    159,
    208,
    100,
    213,
    61,
    122,
    65,
    121,
    73,
    130,
    74,
    129,
    95,
    80,
    248,
    137,
    129,
    79,
    92,
    245,
    129,
    222,
    107,
    255,
    259,
    125,
    146,
    261,
    115,
    182,
    160,
    123,
    272,
    156,
    146,
    102,
    146,
    148,
    153,
    265,
    267,
    109,
    145,
    179,
    124,
    130,
    274,
    268,
    189,
    155,
    269,
    90,
    116,
    118,
    62,
    80,
    117,
    124,
    144,
    209,
    241,
    85,
    71,
    123,
    234,
    126,
    94,
    94,
    90,
    266,
    120,
    99,
    115,
    102,
    86,
    47,
    108,
    48,
    113,
    102,
    252,
    254,
    139,
    133,
    102,
    256,
    236,
    101,
    140,
    151,
    64,
    222,
    70,
    214,
    215,
    80,
    70,
    235,
    124,
    125,
    79,
    240,
    123,
    206,
    128,
    225,
    162,
    137,
    278,
    166,
    88,
    121,
    121,
    92,
    70,
    130,
    125,
    69,
    242,
    127,
    90,
    122,
    90,
    84,
    88,
    99,
    94,
    113,
    207,
    36,
    46,
    96,
    71,
    200,
    39,
    90,
    205,
    63,
    60,
    117,
    63,
    121,
    86,
    144,
    91,
    132,
    90,
    135,
    97,
    150,
    148,
    115,
    262,
    256,
    134,
    264,
    141,
    268,
    267,
    154,
    154,
    127,
    267,
    269,
    102,
    108,
    259,
    254,
    128,
    262,
    90,
    121,
    121,
    90,
    230,
    130,
    88,
    144,
    230,
    112,
    108,
    82,
    85,
    228,
    244,
    90,
    127,
    246,
    97,
    243,
    256,
    132,
    129,
    100,
    252,
    234,
    139,
    137,
    135,
    55,
    121,
    60,
    115,
    133,
    135,
    69,
    132,
    125,
    240,
    249,
    80,
    125,
    135,
    180,
    186,
    183,
    194,
    196,
    130,
    134,
    175,
    137,
    164,
    130,
    160,
    316,
    284,
    242,
    173,
    280,
    122,
    94,
    102,
    102,
    102,
    215,
    90,
    240,
    57,
    121,
    57,
    0,
    121,
    42,
    199,
    46,
    183,
    172,
    62,
    216,
    67,
    219,
    46,
    103,
    48,
    105,
    110,
    90,
    259,
    157,
    137,
    90,
    100,
    255,
    139,
    248,
    120,
    120,
    59,
    120,
    64,
    121,
    90,
    59,
    116,
    118,
    62,
    228,
    123,
    88,
    121,
    119,
    88,
    124,
    78,
    135,
    87,
    102,
    91,
    86,
    98,
    97,
    95,
    0,
    60,
    118,
    123,
    231,
    227,
    59,
    118,
    119,
    83,
    240,
    87,
    235,
    223,
    93,
    135,
    101,
    149,
    121,
    121,
    163,
    163,
    68,
    129,
    75,
    130,
    146,
    186,
    325,
    186,
    184,
    304,
    188,
    140,
    170,
    192,
    183,
    343,
    298,
    279,
    178,
    182,
    296,
    318,
    90,
    82,
    94,
    110,
    218,
    112,
    227,
    79,
    226,
    243,
    87,
    123,
    244,
    87,
    143,
    93,
    133,
    114,
    259,
    125,
    249,
    256,
    53,
    115,
    54,
    117,
    126,
    167,
    160,
    124,
    124,
    92,
    87,
    244,
    243,
    93,
    244,
    227,
    130,
    135,
    276,
    173,
    139,
    281,
    169,
    140,
    90,
    124,
    90,
    120,
    100,
    76,
    67,
    82,
    49,
    106,
    107,
    82,
    228,
    248,
    89,
    125,
    249,
    96,
    151,
    105,
    139,
    42,
    101,
    102,
    78,
    129,
    129,
    131,
    268,
    0,
    131,
    270,
    270,
    132,
    140,
    177,
    152,
    175,
    140,
    212,
    164,
    292,
    313,
    182,
    170,
    183,
    293,
    181,
    338,
    94,
    91,
    243,
    249,
    135,
    125,
    91,
    248,
    228,
    90,
    82,
    287,
    93,
    222,
    231,
    66,
    125,
    244,
    72,
    125,
    130,
    49,
    107,
    50,
    115,
    44,
    105,
    44,
    108,
    98,
    244,
    95,
    249,
    77,
    206,
    240,
    81,
    125,
    234,
    72,
    232,
    78,
    230,
    220,
    75,
    237,
    80,
    222,
    225,
    102,
    141,
    115,
    90,
    245,
    152,
    264,
    248,
    135,
    107,
    256,
    145,
    148,
    252,
    122,
    105,
    144,
    159,
    122,
    144,
    136,
    132,
    78,
    104,
    104,
    243,
    228,
    281,
    86,
    90,
    49,
    108,
    49,
    110,
    41,
    101,
    43,
    99,
    41,
    93,
    99,
    41,
    211,
    98,
    89,
    135,
    104,
    150,
    149,
    170,
    170,
    122,
    266,
    262,
    140,
    155,
    268,
    102,
    133,
    133,
    92,
    74,
    131,
    123,
    67,
    241,
    125,
    102,
    90,
    78,
    75,
    102,
    74,
    129,
    246,
    196,
    148,
    197,
    41,
    98,
    40,
    94,
    81,
    138,
    136,
    87,
    257,
    129,
    72,
    234,
    81,
    222,
    227,
    44,
    104,
    44,
    107,
    52,
    112,
    219,
    50,
    112,
    102,
    137,
    282,
    173,
    141,
    283,
    172,
    130,
    119,
    158,
    159,
    279,
    273,
    136,
    160,
    196,
    140,
    252,
    164,
    296,
    292,
    316,
    182,
    182,
    187,
    295,
    183,
    335,
    341,
    94,
    90,
    130,
    164,
    120,
    105,
    277,
    74,
    125,
    129,
    121,
    121,
    83,
    237,
    239,
    129,
    123,
    86,
    241,
    226,
    58,
    121,
    120,
    49,
    104,
    106,
    45,
    219,
    107,
    85,
    239,
    89,
    243,
    88,
    56,
    121,
    60,
    116,
    120,
    123,
    111,
    155,
    147,
    122,
    128,
    110,
    141,
    75,
    120,
    248,
    78,
    233,
    123,
    77,
    234,
    218,
    44,
    102,
    213,
    44,
    100,
    95,
    87,
    150,
    147,
    95,
    263,
    135,
    129,
    129,
    103,
    141,
    117,
    155,
    110,
    149,
    126,
    160,
    0,
    72,
    129,
    71,
    129,
    90,
    64,
    75,
    120,
    205,
    239,
    80,
    72,
    125,
    234,
    125,
    130,
    127,
    174,
    144,
    169,
    179,
    102,
    130,
    78,
    123,
    120,
    214,
    109,
    63,
    125,
    241,
    71,
    123,
    126,
    44,
    100,
    44,
    103,
    85,
    230,
    236,
    89,
    240,
    113,
    258,
    107,
    253,
    257,
    108,
    146,
    153,
    146,
    129,
    129,
    218,
    292,
    264,
    296,
    92,
    69,
    129,
    71,
    129,
    132,
    144,
    176,
    161,
    176,
    186,
    90,
    90,
    90,
    109,
    0,
    110,
    226,
    128,
    119,
    115,
    49,
    207,
    48,
    193,
    178,
    58,
    119,
    57,
    113,
    90,
    135,
    139,
    106,
    146,
    118,
    158,
    164,
    76,
    127,
    129,
    147,
    148,
    100,
    131,
    103,
    234,
    238,
    260,
    134,
    130,
    99,
    252,
    237,
    138,
    200,
    297,
    288,
    263,
    174,
    294,
    130,
    88,
    90,
    116,
    123,
    107,
    110,
    130,
    50,
    43,
    213,
    79,
    105,
    156,
    93,
    237,
    243,
    93,
    129,
    248,
    65,
    126,
    67,
    125,
    52,
    192,
    191,
    47,
    209,
    142,
    134,
    135,
    138,
    137,
    109,
    250,
    264,
    130,
    143,
    266,
    128,
    163,
    163,
    104,
    106,
    249,
    261,
    130,
    140,
    265,
    102,
    90,
    128,
    113,
    121,
    227,
    218,
    115,
    116,
    244,
    86,
    38,
    46,
    97,
    64,
    200,
    39,
    93,
    205,
    63,
    89,
    90,
    40,
    100,
    95,
    120,
    96,
    268,
    176,
    142,
    108,
    112,
    261,
    150,
    258,
    97,
    237,
    257,
    107,
    133,
    257,
    129,
    129,
    132,
    142,
    176,
    158,
    170,
    117,
    141,
    142,
    140,
    0,
    183,
    257,
    128,
    130,
    106,
    117,
    238,
    121,
    107,
    192,
    29,
    82,
    33,
    78,
    77,
    223,
    233,
    84,
    125,
    240,
    78,
    138,
    129,
    80,
    250,
    129,
    70,
    129,
    75,
    126,
    106,
    146,
    118,
    158,
    160,
    175,
    175,
    85,
    130,
    253,
    88,
    140,
    139,
    98,
    101,
    254,
    109,
    245,
    243,
    96,
    82,
    139,
    130,
    80,
    250,
    129,
    130,
    122,
    78,
    121,
    121,
    102,
    244,
    230,
    33,
    89,
    92,
    198,
    202,
    0,
    89,
    61,
    40,
    168,
    184,
    43,
    86,
    196,
    40,
    80,
    98,
    39,
    212,
    91,
    71,
    222,
    220,
    75,
    229,
    117,
    163,
    132,
    165,
    94,
    135,
    140,
    96,
    170,
    148,
    100,
    266,
    142,
    112,
    116,
    263,
    262,
    135,
    150,
    266,
    90,
    71,
    229,
    76,
    234,
    90,
    102,
    112,
    77,
    222,
    69,
    90,
    125,
    243,
    75,
    125,
    133,
    219,
    113,
    44,
    52,
    105,
    127,
    211,
    53,
    43,
    103,
    213,
    80,
    37,
    88,
    38,
    96,
    56,
    46,
    215,
    90,
    110,
    46,
    59,
    216,
    108,
    163,
    130,
    275,
    268,
    161,
    155,
    268,
    146,
    147,
    86,
    139,
    134,
    122,
    109,
    146,
    134,
    157,
    90,
    83,
    240,
    121,
    84,
    239,
    226,
    86,
    86,
    124,
    117,
    120,
    0,
    103,
    96,
    91,
    74,
    202,
    53,
    82,
    82,
    124,
    123,
    62,
    126,
    123,
    238,
    237,
    69,
    123,
    126,
    99,
    241,
    250,
    107,
    134,
    254,
    134,
    171,
    141,
    175,
    52,
    117,
    118,
    90,
    126,
    126,
    136,
    156,
    176,
    169,
    180,
    187,
    124,
    118,
    86,
    268,
    150,
    159,
    122,
    235,
    109,
    51,
    100,
    80,
    210,
    69,
    129,
    129,
    40,
    103,
    97,
    96,
    95,
    49,
    108,
    105,
    220,
    217,
    46,
    105,
    101,
    58,
    123,
    119,
    62,
    230,
    121,
    141,
    175,
    167,
    177,
    184,
    90,
    79,
    67,
    235,
    123,
    125,
    65,
    79,
    240,
    123,
    203,
    90,
    125,
    125,
    140,
    199,
    302,
    288,
    265,
    180,
    295,
    140,
    102,
    102,
    113,
    90,
    117,
    104,
    38,
    94,
    40,
    99,
    58,
    121,
    59,
    115,
    119,
    49,
    109,
    51,
    115,
    147,
    147,
    51,
    117,
    115,
    129,
    129,
    102,
    248,
    111,
    254,
    132,
    142,
    174,
    176,
    142,
    178,
    186,
    185,
    193,
    196,
    94,
    102,
    78,
    108,
    110,
    110,
    38,
    204,
    61,
    58,
    59,
    89,
    82,
    64,
    38,
    144,
    90,
    86,
    58,
    117,
    60,
    121,
    83,
    240,
    87,
    238,
    49,
    107,
    50,
    107,
    86,
    138,
    133,
    74,
    129,
    79,
    127,
    95,
    151,
    100,
    136,
    92,
    69,
    128,
    125,
    94,
    82,
    228,
    247,
    90,
    125,
    249,
    130,
    94,
    90,
    220,
    112,
    71,
    132,
    125,
    69,
    240,
    121,
    162,
    104,
    213,
    33,
    82,
    33,
    83,
    70,
    132,
    127,
    239,
    251,
    79,
    129,
    132,
    114,
    70,
    62,
    58,
    200,
    81,
    226,
    113,
    118,
    57,
    65,
    231,
    117,
    192,
    90,
    135,
    138,
    170,
    279,
    207,
    280,
    281
  ],
  "pressure_evaluations": [
    0,
    0,
    0,
    0,
    0,
    0,
    0,
    0,
    0,
    0,
    0,
    0,
    0,
    0,
    0,
    0,
    0,
    0,
    0,
    0,
    0,
    0,
    0,
    0,
    0,
    0,
    0,
    0,
    0,
    0,
    0,
    0,
    0,
    0,
    0,
    0,
    0,
    0,
    0,
    0,
    0,
    0,
    0,
    0,
    0,
    0,
    0,
    0,
    0,
    0,
    0,
    0,
    0,
    0,
    0,
    0,
    0,
    0,
    0,
    0,
    0,
    0,
    0,
    0,
    0,
    0,
    0,
    0,
    0,
    0,
    0,
    0,
    0,
    0,
    0,
    0,
    0,
    0,
    0,
    0,
    0,
    0,
    0,
    0,
    0,
    0,
    0,
    0,
    0,
    0,
    0,
    0,
    0,
    0,
    0,
    0,
    0,
    0,
    0,
    0,
    0,
    0,
    0,
    0,
    0,
    0,
    0,
    0,
    0,
    0,
    0,
    0,
    0,
    0,
    0,
    0,
    0,
    0,
    0,
    1,
    1,
    0,
    0,
    0,
    0,
    0,
    0,
    0,
    0,
    0,
    0,
    0,
    0,
    0,
    0,
    0,
    0,
    0,
    0,
    0,
    0,
    0,
    0,
    0,
    1,
    0,
    0,
    0,
    0,
    0,
    0,
    0,
    0,
    0,
    0,
    0,
    0,
    0,
    0,
    0,
    0,
    0,
    0,
    0,
    0,
    0,
    0,
    0,
    0,
    0,
    0,
    0,
    0,
    0,
    0,
    0,
    0,
    0,
    0,
    0,
    0,
    0,
    0,
    0,
    0,
    0,
    0,
    0,
    0,
    0,
    0,
    0,
    0,
    0,
    0,
    0,
    0,
    0,
    0,
    0,
    0,
    0,
    0,
    0,
    0,
    0,
    0,
    0,
    0,
    0,
    0,
    0,
    0,
    0,
    0,
    0,
    0,
    0,
    0,
    0,
    0,
    0,
    0,
    0,
    0,
    0,
    0,
    0,
    0,
    0,
    0,
    0,
    0,
    0,
    0,
    0,
    0,
    0,
    0,
    0,
    0,
    0,
    0,
    0,
    0,
    0,
    0,
    0,
    0,
    0,
    0,
    0,
    0,
    0,
    0,
    0,
    0,
    0,
    0,
    0,
    0,
    0,
    0,
    0,
    0,
    0,
    0,
    0,
    0,
    0,
    0,
    0,
    0,
    0,
    0,
    0,
    0,
    0,
    0,
    0,
    0,
    0,
    0,
    0,
    0,
    0,
    0,
    0,
    0,
    0,
    0,
    0,
    0,
    0,
    0,
    0,
    0,
    0,
    0,
    0,
    0,
    0,
    0,
    0,
    0,
    0,
    0,
    0,
    0,
    0,
    0,
    0,
    0,
    0,
    0,
    0,
    0,
    0,
    0,
    0,
    0,
    0,
    0,
    0,
    0,
    0,
    0,
    0,
    0,
    0,
    0,
    0,
    0,
    0,
    0,
    0,
    0,
    0,
    0,
    0,
    0,
    0,
    0,
    0,
    0,
    0,
    0,
    0,
    0,
    0,
    0,
    0,
    0,
    0,
    0,
    0,
    0,
    0,
    0,
    0,
    0,
    0,
    0,
    0,
    0,
    0,
    0,
    0,
    0,
    0,
    0,
    0,
    2,
    0,
    1,
    0,
    0,
    0,
    0,
    0,
    0,
    0,
    0,
    0,
    0,
    0,
    0,
    0,
    0,
    0,
    0,
    0,
    0,
    0,
    0,
    0,
    0,
    0,
    0,
    0,
    0,
    0,
    0,
    0,
    0,
    0,
    0,
    0,
    0,
    0,
    0,
    0,
    0,
    0,
    0,
    0,
    0,
    0,
    0,
    0,
    0,
    0,
    0,
    0,
    0,
    0,
    0,
    0,
    0,
    0,
    0,
    0,
    0,
    0,
    0,
    0,
    0,
    0,
    0,
    0,
    0,
    0,
    0,
    0,
    0,
    0,
    0,
    0,
    0,
    0,
    0,
    0,
    0,
    0,
    0,
    0,
    0,
    0,
    0,
    0,
    0,
    0,
    0,
    0,
    0,
    0,
    0,
    0,
    0,
    0,
    0,
    0,
    0,
    0,
    0,
    0,
    0,
    0,
    0,
    0,
    0,
    0,
    0,
    0,
    0,
    0,
    0,
    0,
    0,
    0,
    0,
    0,
    0,
    0,
    0,
    0,
    0,
    0,
    0,
    0,
    0,
    0,
    0,
    0,
    0,
    0,
    0,
    0,
    0,
    0,
    0,
    0,
    0,
    0,
    0,
    0,
    0,
    0,
    2,
    0,
    0,
    0,
    0,
    0,
    0,
    0,
    0,
    0,
    0,
    0,
    0,
    0,
    0,
    0,
    0,
    0,
    2,
    0,
    0,
    0,
    0,
    1,
    0,
    0,
    0,
    0,
    0,
    0,
    0,
    0,
    0,
    0,
    0,
    0,
    0,
    0,
    0,
    0,
    0,
    0,
    0,
    0,
    0,
    0,
    0,
    0,
    0,
    0,
    0,
    0,
    0,
    0,
    0,
    0,
    0,
    0,
    0,
    0,
    0,
    0,
    0,
    0,
    0,
    0,
    0,
    0,
    0,
    0,
    0,
    0,
    0,
    0,
    0,
    1,
    0,
    0,
    0,
    0,
    0,
    0,
    0,
    0,
    0,
    0,
    0,
    0,
    0,
    0,
    0,
    0,
    0,
    0,
    0,
    0,
    0,
    0,
    0,
    0,
    0,
    0,
    0,
    0,
    0,
    0,
    0,
    0,
    0,
    0,
    0,
    0,
    0,
    0,
    0,
    0,
    0,
    0,
    0,
    0,
    0,
    0,
    0,
    0,
    0,
    0,
    0,
    0,
    0,
    0,
    0,
    0,
    0,
    0,
    0,
    0,
    0,
    0,
    0,
    0,
    0,
    0,
    0,
    0,
    0,
    0,
    0,
    0,
    0,
    0,
    0,
    0,
    0,
    0,
    0,
    0,
    0,
    0,
    0,
    0,
    0,
    0,
    0,
    0,
    0,
    0,
    0,
    0,
    0,
    0,
    0,
    0,
    0,
    0,
    0,
    0,
    0,
    0,
    0,
    0,
    0,
    0,
    0,
    0,
    0,
    0,
    0,
    0,
    0,
    0,
    0,
    0,
    0,
    0,
    0,
    0,
    0,
    0,
    0,
    0,
    0,
    0,
    0,
    0,
    0,
    0,
    0,
    0,
    0,
    0,
    0,
    0,
    0,
    0,
    0,
    0,
    0,
    0,
    0,
    0,
    0,
    0,
    0,
    0,
    0,
    0,
    0,
    0,
    0,
    0,
    0,
    0,
    0,
    0,
    0,
    0,
    0,
    0,
    0,
    0,
    0,
    0,
    0,
    0,
    0,
    0,
    0,
    0,
    0,
    0,
    0,
    0,
    0,
    1,
    0,
    0,
    0,
    0,
    0,
    0,
    0,
    0,
    0,
    0,
    0,
    0,
    0,
    0,
    0,
    0,
    0,
    0,
    0,
    0,
    0,
    0,
    0,
    0,
    0,
    0,
    0,
    0,
    0,
    0,
    0,
    0,
    0,
    0,
    0,
    0,
    0,
    0,
    0,
    0,
    0,
    0,
    0,
    0,
    0,
    0,
    0,
    0,
    0,
    0,
    0,
    0,
    0,
    0,
    0,
    0,
    0,
    0,
    0,
    0,
    0,
    0,
    0,
    0,
    0,
    0,
    0,
    0,
    0,
    0,
    0,
    0,
    0,
    0,
    0,
    0,
    0,
    0,
    0,
    0,
    0,
    0,
    0,
    0,
    0,
    0,
    0,
    0,
    0,
    1,
    0,
    0,
    0,
    0,
    0,
    0,
    0,
    0,
    0,
    0,
    0,
    0,
    0,
    0,
    0,
    0,
    0,
    0,
    0,
    0,
    0,
    0,
    0,
    0,
    0,
    0,
    0,
    0,
    0,
    0,
    0,
    0,
    0,
    0,
    0,
    0,
    0,
    0,
    0,
    0,
    0,
    0,
    0,
    0,
    0,
    0,
    0,
    0,
    0,
    0,
    0,
    0,
    0,
    0,
    0,
    0,
    0,
    0,
    0,
    0,
    0,
    0,
    0,
    0,
    0,
    0,
    0,
    0,
    0,
    0,
    0,
    0,
    0,
    0,
    0,
    0,
    0,
    0,
    0,
    0,
    0,
    0,
    0,
    0,
    0,
    0,
    0,
    0,
    0,
    0,
    0,
    0,
    0,
    0,
    0,
    0,
    0,
    0,
    0,
    3,
    0,
    0,
    0,
    0,
    0,
    0,
    0,
    0,
    0,
    0,
    0,
    0,
    0,
    0,
    0,
    0,
    0,
    0,
    0,
    0,
    0,
    0,
    0,
    0,
    0,
    0,
    0,
    0,
    0,
    0,
    0,
    0,
    0,
    0,
    0,
    2,
    0,
    0,
    0,
    0,
    0,
    0,
    0,
    0,
    2,
    0,
    0,
    0,
    0,
    0,
    0,
    0,
    0,
    0,
    0,
    0,
    0,
    0,
    0,
    0,
    0,
    0,
    0,
    0,
    0,
    0,
    0,
    0,
    0,
    0,
    0,
    0,
    0,
    0,
    0,
    0,
    0,
    0,
    0,
    0,
    0,
    0,
    0,
    0,
    0,
    0,
    0,
    0,
    0,
    0,
    0,
    0,
    0,
    0,
    0,
    2,
    0,
    0,
    0,
    0,
    0,
    0,
    0,
    0,
    0,
    0,
    0,
    0,
    0,
    0,
    0,
    0,
    0,
    0,
    0,
    0,
    0,
    0,
    0,
    0,
    0,
    0,
    0,
    0,
    0,
    0,
    0,
    0,
    0,
    0,
    0,
    0,
    0,
    0,
    0,
    0,
    0,
    0,
    0,
    0,
    0,
    0,
    0,
    0,
    0,
    0,
    0,
    0,
    0,
    0,
    0,
    0,
    0,
    0,
    0,
    0,
    0,
    0,
    0,
    0,
    0,
    0,
    0,
    0,
    0,
    0,
    0,
    0,
    0,
    0,
    0,
    0,
    0,
    0,
    0,
    0,
    0,
    0,
    0,
    0,
    0,
    0,
    0,
    0,
    0,
    0,
    0,
    0,
    0,
    0,
    0,
    0,
    0,
    0,
    0,
    0,
    0,
    0,
    0,
    0,
    0,
    0,
    0,
    0,
    0,
    0,
    0,
    0,
    0,
    1,
    0,
    0,
    0,
    0,
    0,
    0,
    1,
    0,
    0,
    0,
    0,
    0,
    0,
    0,
    0,
    0,
    0,
    0,
    1,
    0,
    0,
    0,
    0,
    0,
    0,
    0,
    0,
    0,
    0,
    0,
    0,
    0,
    0,
    0,
    0,
    0,
    0,
    0,
    0,
    0,
    0,
    0,
    0,
    0,
    0,
    0,
    0,
    0,
    0,
    0,
    0,
    0,
    0,
    0,
    0,
    0,
    0,
    0,
    0,
    0,
    0,
    0,
    0,
    0,
    0,
    0,
    0,
    0,
    0,
    0,
    0,
    0,
    0,
    0,
    0,
    0,
    0,
    0,
    0,
    0,
    0,
    0,
    0,
    0,
    0,
    0,
    0,
    0,
    0,
    1,
    0,
    0,
    0,
    0,
    0,
    0,
    0,
    0,
    0,
    0,
    0,
    0,
    0,
    0,
    0,
    0,
    0,
    0,
    0,
    0,
    0,
    0,
    0,
    0,
    0,
    0,
    0,
    0,
    0,
    0,
    0,
    0,
    0,
    0,
    0,
    0,
    0,
    0,
    0,
    0,
    0,
    0,
    0,
    0,
    0,
    0,
    0,
    0,
    0,
    0,
    0,
    0,
    0,
    0,
    0,
    0,
    0,
    0,
    0,
    0,
    0,
    0,
    0,
    0,
    0,
    0,
    0,
    0,
    0,
    0,
    0,
    0,
    0,
    0,
    0,
    0,
    0,
    0,
    0,
    0,
    0,
    0,
    0,
    2,
    0,
    0,
    0,
    0,
    0,
    0,
    0,
    0,
    0,
    0,
    0,
    0,
    0,
    0,
    0,
    0,
    0,
    0,
    0,
    0,
    0,
    0,
    0,
    0,
    0,
    0,
    0,
    0,
    0,
    0,
    0,
    0,
    0,
    0,
    0,
    0,
    0,
    0,
    0,
    0,
    0,
    0,
    0,
    0,
    0,
    0,
    0,
    0,
    0,
    0,
    0,
    0,
    0,
    0,
    0,
    0,
    0,
    0,
    0,
    0,
    0,
    0,
    0,
    0,
    0,
    0,
    0,
    0,
    0,
    0,
    0,
    0,
    0,
    0,
    0,
    0,
    0,
    0,
    0,
    0,
    0,
    0,
    0,
    0,
    0,
    0,
    0,
    0,
    0,
    0,
    0,
    0,
    0,
    0,
    0,
    0,
    0,
    0,
    0,
    0,
    0,
    0,
    0,
    0,
    0,
    0,
    0,
    0,
    0,
    0,
    0,
    0,
    0,
    0,
    0,
    0,
    0,
    0,
    0,
    0,
    0,
    0,
    0,
    0,
    0,
    0,
    0,
    0,
    0,
    0,
    0,
    0,
    0,
    0,
    0,
    0,
    0,
    0,
    0,
    0,
    0,
    0,
    0,
    0,
    0,
    0,
    0,
    0,
    0,
    0,
    0,
    0,
    0,
    0,
    0,
    0,
    0,
    0,
    0,
    0,
    0,
    0,
    0,
    0,
    0,
    0,
    0,
    0,
    0,
    0,
    0,
    0,
    0,
    0,
    0,
    0,
    0,
    0,
    0,
    0,
    0,
    0,
    0,
    0,
    0,
    0,
    0,
    0,
    0,
    0,
    0,
    0,
    0,
    0,
    0,
    0,
    0,
    0,
    0,
    0,
    2,
    0,
    0,
    0,
    0,
    0,
    0,
    0,
    0,
    0,
    0,
    0,
    0,
    0,
    0,
    0,
    0,
    0,
    0,
    0,
    0,
    0,
    0,
    0,
    0,
    0,
    0,
    0,
    0,
    0,
    0,
    0,
    0,
    0,
    0,
    0,
    0,
    0,
    0,
    0,
    0,
    0,
    0,
    0,
    0,
    0,
    0,
    0,
    0,
    0,
    0,
    0,
    0,
    0,
    0,
    0,
    0,
    0,
    0,
    0,
    0,
    0,
    0,
    0,
    0,
    0,
    0,
    0,
    0,
    0,
    0,
    0,
    0,
    0,
    0,
    0,
    0,
    0,
    0,
    0,
    0,
    0,
    0,
    0,
    0,
    0,
    0,
    0,
    0,
    0,
    0,
    0,
    0,
    0,
    0,
    0,
    0,
    0,
    0,
    0,
    0,
    0,
    0,
    0,
    0,
    0,
    0,
    0,
    0,
    0,
    0,
    0,
    0,
    0,
    0,
    0,
    0,
    2,
    0,
    0,
    0,
    0,
    0,
    0,
    0,
    0,
    0,
    0,
    0,
    0,
    0,
    0,
    0,
    0,
    0,
    0,
    0,
    0,
    0,
    0,
    0,
    0,
    0,
    0,
    0,
    0,
    0,
    0,
    0,
    0,
    0,
    0,
    0,
    0,
    0,
    0,
    0,
    0,
    0,
    0,
    0,
    0,
    0,
    0,
    0,
    0,
    0,
    0,
    0,
    0,
    0,
    0,
    1,
    0,
    0,
    0,
    0,
    0,
    0,
    0,
    0,
    0,
    0,
    0,
    0,
    0,
    0,
    0,
    0,
    0,
    0,
    0,
    0,
    0,
    0,
    0,
    0,
    0,
    0,
    0,
    0,
    0,
    0,
    0,
    0,
    0,
    0,
    1,
    0,
    0,
    0,
    0,
    0,
    0,
    0,
    1,
    0,
    0,
    0,
    0,
    0,
    0,
    0,
    0,
    0,
    0,
    0,
    0,
    1,
    0,
    0,
    0,
    0,
    0,
    0,
    0,
    0,
    0,
    0,
    0,
    0,
    0,
    0,
    0,
    0,
    0,
    0,
    0,
    0,
    0,
    0,
    0,
    0,
    0,
    0,
    0,
    0,
    0,
    0,
    0,
    0,
    0,
    0,
    0,
    0,
    0,
    0,
    0,
    0,
    0,
    0,
    0,
    0,
    0,
    0,
    0,
    0,
    0,
    0,
    0,
    0,
    0,
    0,
    0,
    0,
    0,
    0,
    0,
    0,
    0,
    0,
    0,
    0,
    0,
    0,
    0,
    0,
    0,
    0,
    0,
    0,
    0,
    0,
    0,
    0,
    0,
    0,
    0,
    0,
    0,
    0,
    0,
    0,
    0,
    0,
    0,
    0,
    0,
    0,
    0,
    0,
    0,
    0,
    0,
    0,
    0,
    0,
    0,
    0,
    0,
    0,
    0,
    0,
    0,
    0,
    0,
    0,
    0,
    0,
    0,
    0,
    0,
    0,
    0,
    0,
    0,
    0,
    0,
    0,
    0,
    0,
    0,
    0,
    0,
    0,
    0,
    0,
    0,
    0,
    0,
    0,
    0,
    0,
    0,
    0,
    0,
    0,
    0,
    1,
    0,
    0,
    0,
    0,
    0,
    0,
    0,
    0,
    0,
    0,
    0,
    0,
    0,
    0,
    0,
    0,
    0,
    0,
    0,
    0,
    0,
    0,
    0,
    0,
    0,
    0,
    0,
    0,
    0,
    0,
    0,
    0,
    0,
    0,
    0,
    0,
    0,
    0,
    0,
    0,
    0,
    0,
    0,
    0,
    0,
    0,
    0,
    0,
    0,
    0,
    0,
    0,
    0,
    0,
    0,
    0,
    0,
    0,
    0,
    0,
    0,
    0,
    0,
    0,
    0,
    0,
    0,
    0,
    0,
    0,
    0,
    0,
    0,
    0,
    0,
    0,
    0,
    0,
    0,
    0,
    0,
    0,
    0,
    0,
    0,
    0,
    0,
    0,
    0,
    0,
    0,
    0,
    0,
    0,
    0,
    0,
    0,
    0,
    0,
    0,
    0,
    0,
    0,
    0,
    0,
    0,
    0,
    0,
    0,
    0,
    0,
    0,
    0,
    0,
    0,
    0,
    0,
    0,
    0,
    0,
    0,
    0,
    0,
    0,
    0,
    0,
    0,
    0,
    0,
    0,
    0,
    0,
    0,
    0,
    0,
    0,
    0,
    0,
    0,
    0,
    0,
    0,
    0,
    0,
    0,
    0,
    0,
    0,
    0,
    0,
    0,
    0,
    0,
    0,
    3,
    0,
    0,
    0,
    0,
    0,
    0,
    0,
    0,
    0,
    0,
    0,
    0,
    0,
    0,
    0,
    0,
    0,
    0,
    0,
    0,
    0,
    0,
    0,
    0,
    0,
    0,
    0,
    0,
    0,
    0,
    0,
    0,
    0,
    0,
    0,
    0,
    0,
    0,
    0,
    0,
    0,
    0,
    0,
    0,
    0,
    0,
    0,
    0,
    0,
    0,
    0,
    0,
    0,
    0,
    0,
    0,
    0,
    0,
    0,
    0,
    0,
    0,
    0,
    0,
    0,
    0,
    0,
    0,
    0,
    0,
    0,
    0,
    0,
    0,
    0,
    0,
    0,
    0,
    0,
    0,
    2,
    0,
    0,
    0,
    0,
    0,
    0,
    0,
    0,
    0,
    0,
    0,
    0,
    0,
    0,
    0,
    0,
    0,
    0,
    0,
    0,
    0,
    0,
    0,
    0,
    0,
    0,
    0,
    0,
    0,
    0,
    0,
    0,
    0,
    0,
    0,
    0,
    0,
    0,
    0,
    0,
    0,
    0,
    0,
    0,
    0,
    0,
    0,
    0,
    0,
    0,
    0,
    0,
    0,
    0,
    0,
    0,
    0,
    0,
    0,
    0,
    0,
    0,
    0,
    0,
    0,
    0,
    0,
    0,
    0,
    0,
    0,
    2,
    0,
    0,
    0,
    0,
    0,
    0,
    0,
    1,
    2,
    0,
    0,
    0,
    0,
    0,
    0,
    0,
    0,
    0,
    0,
    0,
    0,
    0,
    0,
    0,
    0,
    0,
    0,
    0,
    0,
    0,
    0,
    0,
    0,
    0,
    0,
    0,
    0,
    0,
    0,
    0,
    0,
    0,
    0,
    0,
    0,
    0,
    0,
    0,
    0,
    0,
    0,
    0,
    0,
    0,
    0,
    0,
    0,
    0,
    0,
    0,
    0,
    0,
    0,
    0,
    0,
    0,
    0,
    0,
    0,
    0,
    0,
    0,
    0,
    0,
    0,
    0,
    0,
    0,
    0,
    0,
    0,
    0,
    0,
    0,
    0,
    0,
    0,
    0,
    0,
    0,
    0,
    0,
    0,
    0,
    0,
    0,
    0,
    0,
    0,
    0,
    0,
    0,
    0,
    0,
    0,
    0,
    0,
    0,
    0,
    0,
    0,
    0,
    0,
    0,
    0,
    0,
    0,
    0,
    0,
    0,
    0,
    0,
    0,
    0,
    0,
    0,
    0,
    0,
    0,
    0,
    0,
    0,
    0,
    0,
    0,
    0,
    0,
    0,
    0,
    0,
    0,
    0,
    0,
    0,
    0,
    0,
    0,
    0,
    0,
    0,
    0,
    0,
    0,
    0,
    0,
    0,
    0,
    0,
    0,
    0,
    0,
    0,
    0,
    0,
    0,
    0,
    0,
    0,
    0,
    0,
    0,
    0,
    0,
    0,
    0,
    0,
    0,
    0,
    0,
    0,
    0,
    0,
    0,
    0,
    0,
    1,
    0,
    0,
    0,
    0,
    0,
    0,
    0,
    0,
    0,
    0,
    0,
    0,
    0,
    0,
    0,
    0,
    0,
    0,
    0,
    0,
    0,
    0,
    0,
    0,
    0,
    0,
    0,
    0,
    0,
    0,
    2,
    0,
    0,
    0,
    0,
    0,
    0,
    1,
    0,
    0,
    0,
    0,
    0,
    0,
    0,
    0,
    0,
    0,
    0,
    0,
    0,
    0,
    0,
    0,
    0,
    0,
    0,
    0,
    0,
    0,
    0,
    0,
    0,
    0,
    0,
    0,
    0,
    0,
    0,
    0,
    0,
    0,
    0,
    0,
    0,
    0,
    0,
    0,
    0,
    0,
    0,
    0,
    0,
    0,
    0,
    0,
    0,
    0,
    0,
    0,
    0,
    0,
    0,
    0,
    0,
    0,
    0,
    0,
    0,
    0,
    0,
    0,
    0,
    0,
    0,
    0,
    0,
    0,
    0,
    0,
    0,
    0,
    0,
    0,
    0,
    0,
    0,
    0,
    0,
    0,
    0,
    0,
    0,
    0,
    0,
    0,
    0,
    0,
    0,
    0,
    0,
    0,
    0,
    0,
    0,
    0,
    0,
    0,
    0,
    0,
    0,
    0,
    0,
    0,
    0,
    0,
    0,
    0,
    0,
    0,
    0,
    0,
    0,
    0,
    0,
    0,
    0,
    0,
    0,
    0,
    0,
    0,
    0,
    0,
    0,
    0,
    0,
    0,
    0,
    0,
    0,
    2,
    0,
    0,
    0,
    0,
    0,
    0,
    0,
    0,
    0,
    0,
    0,
    0,
    0,
    0,
    0,
    0,
    0,
    0,
    0,
    0,
    0,
    0,
    0,
    0,
    0,
    0,
    0,
    0,
    0,
    0,
    0,
    0,
    0,
    0,
    0,
    0,
    0,
    0,
    0,
    0,
    0,
    0,
    0,
    0,
    0,
    0,
    0,
    0,
    0,
    0,
    0,
    0,
    0,
    0,
    0,
    0,
    0,
    0,
    0,
    0,
    0,
    0,
    0,
    0,
    0,
    0,
    0,
    0,
    0,
    0,
    0,
    0,
    0,
    0,
    0,
    0,
    2,
    0,
    0,
    0,
    0,
    0,
    0,
    0,
    0,
    0,
    0,
    0,
    0,
    0,
    0,
    0,
    0,
    0,
    0,
    0,
    0,
    0,
    0,
    0,
    0,
    0,
    0,
    0,
    0,
    0,
    0,
    0,
    0,
    0,
    0,
    0,
    0,
    0,
    0,
    0,
    0,
    0,
    0,
    0,
    0,
    0,
    0,
    0,
    0,
    0,
    0,
    0,
    0,
    0,
    0,
    0,
    0,
    0,
    0,
    0,
    0,
    0,
    0,
    0,
    0,
    0,
    0,
    0,
    0,
    0,
    0,
    0,
    0,
    0,
    0,
    0,
    0,
    0,
    0,
    0,
    0,
    0,
    0,
    0,
    0,
    0,
    0,
    0,
    0,
    0,
    0,
    0,
    0,
    0,
    0,
    0,
    0,
    0,
    0,
    2,
    0,
    0,
    0,
    0,
    0,
    0,
    0,
    0,
    0,
    0,
    0,
    0,
    0,
    0,
    0,
    0,
    0,
    0,
    1,
    2,
    0,
    0,
    0,
    0,
    0,
    0,
    0,
    0,
    0,
    0,
    0,
    0,
    0,
    0,
    0,
    0,
    0,
    0,
    0,
    0,
    0,
    0,
    0,
    0,
    0,
    0,
    0,
    0,
    0,
    0,
    0,
    0,
    0,
    0,
    0,
    0,
    0,
    0,
    0,
    0,
    0,
    0,
    0,
    0,
    0,
    0,
    0,
    0,
    0,
    0,
    0,
    0,
    0,
    0,
    0,
    0,
    0,
    0,
    0,
    0,
    0,
    0,
    0,
    0,
    0,
    0,
    0,
    0,
    0,
    0,
    0,
    0,
    0,
    0,
    0,
    0,
    0,
    0,
    0,
    0,
    0,
    0,
    0,
    0,
    0,
    0,
    0,
    0,
    0,
    0,
    0,
    0,
    0,
    0,
    0,
    0,
    0,
    0,
    0,
    0,
    0,
    0,
    0,
    0,
    0,
    0,
    0,
    0,
    0,
    0,
    0,
    0,
    0,
    0,
    0,
    0,
    0,
    0,
    0,
    0,
    0,
    0,
    0,
    0,
    0,
    0,
    0,
    0,
    0,
    0,
    0,
    0,
    0,
    0,
    0,
    0,
    0,
    0,
    0,
    1,
    0,
    0,
    0,
    0,
    0,
    0,
    0,
    0,
    0,
    0,
    0,
    0,
    0,
    0,
    0,
    0,
    0,
    0,
    0,
    0,
    0,
    0,
    0,
    0,
    0,
    0,
    0,
    0,
    0,
    0,
    0,
    0,
    0,
    0,
    0,
    0,
    0,
    0,
    0,
    0,
    0,
    0,
    0,
    0,
    0,
    0,
    0,
    0,
    0,
    0,
    0,
    0,
    0,
    0,
    0,
    0,
    0,
    0,
    0,
    1,
    0,
    0,
    0,
    0,
    0,
    0,
    0,
    0,
    0,
    0,
    0,
    0,
    0,
    0,
    0,
    0,
    0,
    0,
    0,
    0,
    0,
    0,
    0,
    0,
    0,
    0,
    0,
    0,
    0,
    0,
    0,
    0,
    0,
    0,
    0,
    0,
    0,
    0,
    0,
    0,
    0,
    0,
    0,
    0,
    0,
    0,
    0,
    0,
    0,
    0,
    0,
    0,
    0,
    0,
    0,
    0,
    0,
    0,
    0,
    0,
    0,
    0,
    0,
    0,
    0,
    0,
    0,
    0,
    0,
    0,
    0,
    0,
    0,
    0,
    0,
    0,
    0,
    0,
    0,
    0,
    0,
    0,
    0,
    0,
    0,
    0,
    0,
    0,
    0,
    0,
    0,
    1,
    0,
    0,
    0,
    0,
    0,
    0,
    0,
    0,
    0,
    0,
    0,
    0,
    0,
    0,
    0,
    0,
    0,
    0,
    0,
    0,
    0,
    0,
    0,
    0,
    0,
    0,
    0,
    0,
    0,
    0,
    0,
    0,
    0,
    0,
    0,
    0,
    0,
    0,
    0,
    0,
    0,
    0,
    0,
    0,
    0,
    0,
    0,
    0,
    0,
    0,
    0,
    0,
    2,
    0,
    0,
    0,
    0,
    0,
    0,
    0,
    1,
    0,
    0,
    0,
    0,
    0,
    0,
    0,
    0,
    0,
    0,
    0,
    0,
    0,
    0,
    0,
    0,
    0,
    0,
    0,
    0,
    0,
    0,
    0,
    0,
    0,
    0,
    0,
    0,
    0,
    0,
    0,
    0,
    0,
    0,
    0,
    0,
    0,
    0,
    0,
    0,
    0,
    0,
    0,
    0,
    0,
    0,
    0,
    0,
    0,
    0,
    0,
    0,
    0,
    0,
    0,
    0,
    0,
    0,
    1,
    0,
    0,
    0,
    0,
    0,
    0,
    0,
    0,
    0,
    0,
    0,
    0,
    0,
    0,
    0,
    0,
    0,
    0,
    0,
    0,
    0,
    0,
    0,
    0,
    0,
    0,
    0,
    0,
    0,
    0,
    0,
    0,
    0,
    0,
    0,
    0,
    0,
    0,
    0,
    0,
    0,
    0,
    0,
    0,
    0,
    0,
    0,
    0,
    0,
    0,
    0,
    0,
    0,
    0,
    0,
    0,
    0,
    0,
    0,
    0,
    0,
    0,
    0,
    0,
    0,
    0,
    0,
    0,
    0,
    0,
    0,
    0,
    0,
    0,
    0,
    0,
    0,
    0,
    0,
    0,
    0,
    0,
    0,
    0,
    0,
    0,
    0,
    0,
    0,
    0,
    0,
    0,
    0,
    0,
    0,
    0,
    0,
    0,
    0,
    0,
    0,
    0,
    0,
    0,
    0,
    0,
    0,
    0,
    0,
    0,
    0,
    0,
    0,
    0,
    0,
    0,
    0,
    0,
    0,
    0,
    0,
    0,
    0,
    0,
    0,
    0,
    0,
    0,
    0,
    0,
    0,
    0,
    0,
    3,
    0,
    0,
    0,
    0,
    0,
    0,
    0,
    0,
    0,
    0,
    0,
    0,
    0,
    0,
    0,
    0,
    0,
    0,
    0,
    0,
    0,
    0,
    0,
    0,
    0,
    0,
    0,
    0,
    0,
    0,
    0,
    0,
    0,
    0,
    0,
    0,
    0,
    0,
    0,
    0,
    0,
    0,
    0,
    0,
    0,
    0,
    0,
    0,
    0,
    0,
    0,
    0,
    0,
    0,
    0,
    0,
    0,
    0,
    0,
    0,
    0,
    0,
    0,
    0,
    0,
    0,
    0,
    0,
    0,
    0,
    0,
    0,
    0,
    0,
    0,
    0,
    0,
    0,
    1,
    0,
    0,
    0,
    0,
    0,
    0,
    0,
    0,
    0,
    0,
    0,
    0,
    0,
    0,
    0,
    0,
    0,
    0,
    0,
    0,
    0,
    0,
    0,
    0,
    0,
    0,
    0,
    0,
    0,
    0,
    0,
    0,
    0,
    0,
    0,
    0,
    0,
    0,
    0,
    0,
    0,
    0,
    0,
    0,
    0,
    0,
    2,
    0,
    0,
    0,
    0,
    0,
    0,
    0,
    0,
    0,
    1,
    0,
    0,
    0,
    0,
    0,
    0,
    0,
    0,
    0,
    0,
    0,
    0,
    0,
    0,
    0,
    0,
    0,
    0,
    0,
    0,
    0,
    0,
    0,
    0,
    0
  ],
  "pressure_subdivision_wall_ms": {
    "grid_query_distance": 1.227982509881258,
    "query_weights_gram": 5.384402628988028,
    "small_closed_form_solve": 0.0524046691134572
  },
  "grid_samples_visited": [
    257,
    316,
    219,
    196,
    219,
    314,
    268,
    392,
    343,
    257,
    268,
    316,
    257,
    316,
    268,
    219,
    333,
    196,
    0,
    412,
    362,
    413,
    362,
    442,
    270,
    386,
    350,
    268,
    270,
    362,
    362,
    170,
    170,
    170,
    342,
    196,
    202,
    236,
    236,
    365,
    346,
    268,
    377,
    316,
    180,
    223,
    225,
    287,
    267,
    230,
    162,
    323,
    219,
    196,
    257,
    196,
    219,
    196,
    257,
    236,
    316,
    287,
    365,
    408,
    315,
    196,
    323,
    257,
    316,
    196,
    219,
    333,
    196,
    219,
    196,
    196,
    343,
    343,
    257,
    196,
    316,
    625,
    442,
    362,
    644,
    539,
    170,
    274,
    342,
    335,
    383,
    409,
    270,
    412,
    268,
    413,
    268,
    350,
    170,
    170,
    170,
    201,
    205,
    308,
    342,
    316,
    408,
    333,
    268,
    366,
    274,
    257,
    342,
    316,
    196,
    287,
    333,
    196,
    366,
    196,
    196,
    257,
    196,
    196,
    219,
    196,
    257,
    196,
    358,
    342,
    335,
    477,
    409,
    196,
    196,
    386,
    442,
    362,
    301,
    431,
    492,
    481,
    397,
    229,
    196,
    472,
    477,
    409,
    270,
    625,
    522,
    362,
    530,
    570,
    362,
    424,
    565,
    635,
    493,
    477,
    509,
    170,
    270,
    170,
    343,
    155,
    164,
    316,
    219,
    164,
    343,
    202,
    164,
    316,
    257,
    316,
    219,
    196,
    208,
    219,
    231,
    314,
    268,
    343,
    257,
    196,
    316,
    287,
    365,
    312,
    274,
    323,
    416,
    418,
    453,
    446,
    353,
    416,
    418,
    446,
    353,
    170,
    257,
    316,
    268,
    219,
    333,
    196,
    170,
    213,
    358,
    424,
    418,
    342,
    196,
    196,
    287,
    383,
    366,
    270,
    270,
    170,
    196,
    333,
    233,
    180,
    168,
    0,
    155,
    333,
    196,
    196,
    358,
    257,
    397,
    316,
    196,
    219,
    287,
    333,
    268,
    366,
    219,
    196,
    257,
    162,
    219,
    196,
    196,
    386,
    350,
    284,
    268,
    196,
    196,
    196,
    170,
    257,
    350,
    219,
    196,
    270,
    412,
    362,
    413,
    362,
    442,
    170,
    316,
    196,
    270,
    170,
    233,
    420,
    198,
    180,
    201,
    307,
    257,
    196,
    219,
    196,
    274,
    342,
    196,
    287,
    299,
    366,
    287,
    365,
    364,
    315,
    323,
    196,
    196,
    274,
    342,
    196,
    287,
    333,
    366,
    219,
    196,
    257,
    196,
    412,
    268,
    413,
    350,
    270,
    386,
    442,
    530,
    362,
    170,
    196,
    196,
    346,
    170,
    170,
    343,
    162,
    199,
    330,
    274,
    342,
    287,
    0,
    366,
    219,
    196,
    257,
    236,
    316,
    219,
    196,
    257,
    350,
    219,
    196,
    257,
    196,
    257,
    316,
    164,
    219,
    333,
    196,
    412,
    362,
    413,
    442,
    257,
    350,
    219,
    196,
    170,
    196,
    196,
    170,
    219,
    196,
    257,
    196,
    170,
    170,
    170,
    137,
    0,
    0,
    0,
    0,
    343,
    0,
    196,
    0,
    0,
    234,
    205,
    161,
    0,
    230,
    342,
    227,
    290,
    287,
    362,
    309,
    230,
    196,
    323,
    196,
    196,
    331,
    314,
    268,
    392,
    343,
    363,
    268,
    316,
    257,
    316,
    268,
    219,
    333,
    196,
    208,
    219,
    231,
    229,
    196,
    343,
    257,
    196,
    316,
    170,
    257,
    350,
    219,
    196,
    170,
    358,
    342,
    335,
    477,
    409,
    170,
    170,
    170,
    196,
    0,
    356,
    137,
    299,
    355,
    196,
    196,
    219,
    287,
    268,
    365,
    343,
    315,
    257,
    196,
    377,
    316,
    287,
    365,
    346,
    315,
    196,
    323,
    343,
    418,
    315,
    323,
    274,
    342,
    287,
    477,
    366,
    431,
    481,
    537,
    480,
    539,
    472,
    477,
    579,
    170,
    257,
    350,
    219,
    196,
    170,
    196,
    196,
    170,
    170,
    170,
    198,
    489,
    205,
    328,
    257,
    316,
    236,
    219,
    333,
    196,
    219,
    229,
    196,
    343,
    257,
    196,
    316,
    257,
    316,
    268,
    219,
    333,
    196,
    295,
    350,
    284,
    268,
    257,
    196,
    196,
    287,
    365,
    343,
    274,
    196,
    323,
    424,
    539,
    539,
    270,
    268,
    268,
    424,
    539,
    539,
    270,
    270,
    323,
    231,
    365,
    323,
    358,
    224,
    283,
    196,
    173,
    355,
    219,
    196,
    343,
    257,
    268,
    316,
    219,
    196,
    257,
    196,
    219,
    285,
    164,
    362,
    343,
    230,
    257,
    196,
    323,
    316,
    196,
    196,
    196,
    219,
    196,
    257,
    350,
    386,
    350,
    268,
    196,
    196,
    329,
    412,
    539,
    413,
    442,
    270,
    416,
    523,
    494,
    570,
    170,
    270,
    170,
    403,
    196,
    208,
    301,
    175,
    285,
    164,
    362,
    309,
    164,
    296,
    316,
    219,
    196,
    257,
    162,
    196,
    196,
    257,
    316,
    164,
    219,
    333,
    196,
    219,
    268,
    343,
    257,
    268,
    316,
    358,
    257,
    342,
    316,
    196,
    219,
    287,
    333,
    268,
    366,
    287,
    365,
    408,
    315,
    196,
    377,
    270,
    268,
    268,
    170,
    431,
    342,
    472,
    477,
    409,
    170,
    170,
    170,
    289,
    145,
    351,
    219,
    196,
    257,
    350,
    257,
    316,
    196,
    219,
    333,
    196,
    219,
    196,
    257,
    236,
    316,
    257,
    196,
    196,
    257,
    316,
    268,
    219,
    333,
    196,
    219,
    196,
    257,
    236,
    316,
    170,
    274,
    342,
    342,
    287,
    333,
    366,
    214,
    257,
    350,
    219,
    196,
    170,
    270,
    170,
    323,
    196,
    165,
    196,
    196,
    257,
    196,
    196,
    230,
    342,
    342,
    287,
    260,
    366,
    230,
    342,
    227,
    260,
    290,
    196,
    196,
    257,
    350,
    268,
    219,
    196,
    343,
    418,
    315,
    323,
    170,
    257,
    316,
    268,
    219,
    333,
    196,
    170,
    287,
    365,
    364,
    315,
    323,
    170,
    196,
    270,
    170,
    342,
    196,
    181,
    236,
    325,
    287,
    224,
    257,
    283,
    316,
    164,
    166,
    225,
    299,
    164,
    355,
    224,
    342,
    227,
    260,
    290,
    196,
    196,
    219,
    196,
    257,
    162,
    196,
    196,
    196,
    196,
    386,
    442,
    362,
    475,
    584,
    362,
    0,
    196,
    196,
    170,
    257,
    196,
    196,
    170,
    219,
    196,
    257,
    236,
    316,
    170,
    170,
    170,
    307,
    281,
    333,
    145,
    155,
    291,
    274,
    342,
    287,
    260,
    366,
    196,
    196,
    219,
    138,
    164,
    343,
    343,
    257,
    164,
    316,
    358,
    418,
    342,
    196,
    196,
    287,
    333,
    366,
    358,
    372,
    342,
    196,
    196,
    287,
    333,
    366,
    358,
    342,
    287,
    477,
    366,
    219,
    314,
    268,
    343,
    343,
    257,
    268,
    316,
    424,
    565,
    635,
    493,
    477,
    584,
    170,
    219,
    196,
    257,
    236,
    316,
    170,
    170,
    170,
    310,
    333,
    449,
    234,
    205,
    333,
    232,
    196,
    164,
    330,
    164,
    362,
    296,
    316,
    219,
    196,
    257,
    164,
    316,
    343,
    418,
    453,
    315,
    323,
    196,
    196,
    274,
    342,
    196,
    287,
    333,
    366,
    470,
    522,
    362,
    475,
    570,
    362,
    213,
    358,
    334,
    372,
    409,
    342,
    196,
    287,
    333,
    268,
    366,
    346,
    645,
    539,
    413,
    442,
    170,
    257,
    196,
    219,
    196,
    270,
    170,
    270,
    196,
    333,
    281,
    198,
    147,
    198,
    181,
    257,
    316,
    164,
    219,
    333,
    164,
    343,
    418,
    315,
    323,
    257,
    350,
    219,
    196,
    331,
    268,
    314,
    196,
    362,
    362,
    196,
    196,
    270,
    412,
    362,
    413,
    442,
    170,
    196,
    196,
    270,
    270,
    170,
    178,
    0,
    0,
    233,
    137,
    208,
    544,
    196,
    196,
    196,
    196,
    219,
    196,
    196,
    358,
    257,
    397,
    316,
    196,
    219,
    287,
    333,
    268,
    366,
    431,
    342,
    472,
    477,
    409,
    196,
    196,
    170,
    196,
    196,
    424,
    623,
    595,
    453,
    494,
    539,
    570,
    270,
    472,
    477,
    455,
    170,
    170,
    223,
    343,
    168,
    281,
    201,
    170,
    219,
    285,
    164,
    362,
    343,
    230,
    257,
    196,
    296,
    316,
    230,
    342,
    227,
    260,
    290,
    219,
    196,
    257,
    268,
    350,
    257,
    316,
    268,
    219,
    333,
    268,
    416,
    523,
    453,
    494,
    570,
    625,
    522,
    362,
    530,
    570,
    362,
    625,
    442,
    644,
    539,
    170,
    257,
    316,
    268,
    219,
    333,
    268,
    170,
    274,
    342,
    287,
    303,
    366,
    270,
    170,
    170,
    234,
    198,
    290,
    356,
    231,
    362,
    323,
    234,
    0,
    196,
    0,
    162,
    219,
    196,
    257,
    196,
    257,
    162,
    219,
    196,
    257,
    316,
    268,
    219,
    333,
    268,
    219,
    196,
    257,
    350,
    480,
    539,
    362,
    257,
    196,
    196,
    270,
    362,
    362,
    170,
    219,
    196,
    343,
    257,
    268,
    316,
    270,
    170,
    170,
    170,
    325,
    281,
    145,
    300,
    0,
    438,
    164,
    362,
    316,
    257,
    196,
    219,
    196,
    219,
    196,
    196,
    230,
    342,
    227,
    290,
    257,
    316,
    219,
    196,
    257,
    350,
    219,
    196,
    219,
    196,
    413,
    268,
    350,
    170,
    257,
    350,
    219,
    196,
    170,
    219,
    196,
    343,
    295,
    268,
    350,
    170,
    270,
    170,
    180,
    198,
    168,
    180,
    233,
    145,
    196,
    196,
    330,
    0,
    219,
    196,
    196,
    345,
    343,
    257,
    164,
    316,
    257,
    196,
    219,
    196,
    257,
    316,
    268,
    219,
    333,
    196,
    219,
    196,
    257,
    268,
    350,
    412,
    314,
    362,
    408,
    454,
    413,
    362,
    571,
    416,
    523,
    453,
    494,
    570,
    170,
    257,
    196,
    196,
    170,
    343,
    418,
    453,
    315,
    323,
    170,
    170,
    170,
    267,
    420,
    205,
    219,
    287,
    196,
    365,
    343,
    274,
    257,
    196,
    323,
    316,
    230,
    257,
    296,
    316,
    196,
    219,
    287,
    299,
    164,
    355,
    196,
    196,
    219,
    196,
    257,
    164,
    162,
    219,
    196,
    229,
    196,
    358,
    418,
    342,
    229,
    196,
    287,
    477,
    366,
    219,
    196,
    295,
    268,
    350,
    0,
    362,
    362,
    424,
    645,
    314,
    362,
    533,
    612,
    623,
    362,
    571,
    170,
    196,
    196,
    170,
    170,
    170,
    234,
    300,
    170,
    342,
    284,
    233,
    333,
    219,
    196,
    257,
    164,
    162,
    257,
    196,
    196,
    196,
    196,
    219,
    196,
    257,
    196,
    257,
    350,
    219,
    196,
    386,
    442,
    362,
    343,
    418,
    453,
    446,
    350,
    407,
    170,
    412,
    196,
    413,
    350,
    170,
    257,
    196,
    196,
    424,
    170,
    270,
    175,
    342,
    252,
    166,
    343,
    296,
    316,
    112,
    287,
    362,
    343,
    196,
    323,
    287,
    362,
    267,
    230,
    196,
    323,
    219,
    138,
    164,
    296,
    343,
    257,
    164,
    316,
    219,
    196,
    196,
    331,
    316,
    268,
    219,
    333,
    268,
    219,
    196,
    196,
    343,
    343,
    257,
    196,
    316,
    358,
    342,
    287,
    477,
    366,
    170,
    257,
    196,
    196,
    170,
    287,
    365,
    346,
    315,
    196,
    323,
    170,
    170,
    170,
    420,
    343,
    198,
    356,
    257,
    196,
    196,
    257,
    257,
    308,
    316,
    196,
    219,
    333,
    196,
    196,
    196,
    257,
    316,
    196,
    219,
    333,
    196,
    268,
    268,
    268,
    196,
    170,
    295,
    350,
    219,
    196,
    170,
    358,
    342,
    335,
    433,
    409,
    170,
    170,
    170,
    342,
    343,
    342,
    356,
    338,
    366,
    196,
    196,
    224,
    287,
    296,
    196,
    196,
    287,
    260,
    355,
    181,
    230,
    287,
    372,
    342,
    196,
    196,
    287,
    299,
    366,
    196,
    196,
    219,
    196,
    196,
    196,
    287,
    365,
    346,
    315,
    196,
    323,
    270,
    416,
    523,
    453,
    494,
    442,
    570,
    170,
    257,
    196,
    219,
    196,
    170,
    196,
    196,
    170,
    170,
    196,
    346,
    198,
    180,
    180,
    0,
    219,
    196,
    257,
    236,
    316,
    135,
    196,
    148,
    162,
    287,
    365,
    408,
    315,
    196,
    323,
    196,
    196,
    257,
    350,
    219,
    196,
    257,
    316,
    219,
    196,
    0,
    556,
    362,
    362,
    413,
    362,
    571,
    424,
    625,
    539,
    539,
    270,
    412,
    268,
    413,
    350,
    270,
    170,
    170,
    198,
    199,
    201,
    170,
    165,
    225,
    287,
    0,
    230,
    323,
    230,
    342,
    196,
    287,
    299,
    366,
    257,
    316,
    164,
    219,
    333,
    196,
    287,
    365,
    343,
    274,
    196,
    323,
    274,
    257,
    342,
    316,
    196,
    219,
    287,
    333,
    196,
    366,
    196,
    196,
    343,
    418,
    453,
    315,
    350,
    353,
    170,
    257,
    316,
    268,
    219,
    333,
    196,
    270,
    362,
    362,
    170,
    170,
    270,
    449,
    198,
    180,
    208,
    196,
    227,
    290,
    270,
    230,
    323,
    287,
    365,
    408,
    315,
    196,
    323,
    196,
    196,
    219,
    196,
    257,
    236,
    316,
    257,
    196,
    219,
    196,
    274,
    342,
    196,
    287,
    333,
    366,
    170,
    257,
    350,
    268,
    219,
    196,
    170,
    358,
    257,
    397,
    316,
    196,
    219,
    287,
    333,
    268,
    366,
    270,
    170,
    170,
    342,
    0,
    323,
    283,
    196,
    301,
    219,
    196,
    343,
    196,
    316,
    219,
    196,
    257,
    196,
    219,
    196,
    257,
    236,
    316,
    343,
    418,
    408,
    315,
    323,
    257,
    316,
    219,
    333,
    196,
    287,
    365,
    408,
    315,
    196,
    323,
    219,
    196,
    257,
    196,
    170,
    287,
    365,
    364,
    315,
    323,
    270,
    412,
    362,
    413,
    362,
    442,
    170,
    270,
    270,
    205,
    358,
    267,
    170,
    257,
    316,
    268,
    219,
    333,
    196,
    219,
    287,
    196,
    362,
    343,
    230,
    257,
    196,
    323,
    316,
    287,
    365,
    346,
    315,
    196,
    323,
    257,
    162,
    219,
    196,
    274,
    372,
    342,
    196,
    196,
    287,
    333,
    366,
    416,
    523,
    453,
    494,
    570,
    170,
    196,
    196,
    170,
    257,
    350,
    219,
    196,
    270,
    504,
    442,
    362,
    170,
    270,
    165,
    374,
    213,
    219,
    196,
    196,
    296,
    343,
    202,
    164,
    316,
    257,
    196,
    196,
    257,
    316,
    164,
    219,
    333,
    196,
    219,
    196,
    257,
    350,
    252,
    219,
    267,
    314,
    268,
    346,
    257,
    268,
    316,
    219,
    196,
    343,
    257,
    196,
    316,
    386,
    350,
    284,
    268,
    270,
    431,
    415,
    537,
    522,
    362,
    475,
    475,
    477,
    362,
    513,
    424,
    539,
    539,
    170,
    270,
    170,
    145,
    198,
    175,
    198,
    201,
    235,
    257,
    316,
    196,
    219,
    196,
    343,
    257,
    164,
    316,
    219,
    196,
    257,
    350,
    257,
    196,
    196,
    274,
    342,
    342,
    196,
    196,
    287,
    333,
    366,
    257,
    196,
    196,
    287,
    365,
    364,
    315,
    323,
    270,
    370,
    316,
    413,
    395,
    170,
    274,
    257,
    342,
    316,
    196,
    219,
    287,
    333,
    196,
    366,
    170,
    270,
    270,
    155,
    181,
    333,
    213,
    162,
    219,
    196,
    343,
    257,
    236,
    316,
    219,
    196,
    196,
    196,
    358,
    342,
    335,
    477,
    409,
    274,
    342,
    196,
    287,
    333,
    366,
    219,
    196,
    196,
    392,
    343,
    257,
    268,
    316,
    274,
    342,
    196,
    287,
    299,
    366,
    170,
    257,
    316,
    236,
    219,
    333,
    196,
    270,
    386,
    442,
    530,
    362,
    170,
    170,
    170,
    0,
    333,
    196,
    165,
    300,
    219,
    196,
    257,
    196,
    219,
    196,
    196,
    343,
    343,
    257,
    196,
    316,
    257,
    316,
    268,
    219,
    333,
    268,
    219,
    196,
    257,
    196,
    257,
    196,
    219,
    196,
    504,
    442,
    362,
    530,
    657,
    362,
    270,
    386,
    442,
    475,
    362,
    170,
    219,
    287,
    268,
    365,
    343,
    315,
    257,
    196,
    323,
    316,
    170,
    170,
    170,
    205,
    0,
    307,
    223,
    111,
    283,
    316,
    161,
    282,
    196,
    196,
    208,
    208,
    219,
    287,
    231,
    196,
    357,
    365,
    343,
    274,
    257,
    196,
    323,
    316,
    343,
    418,
    364,
    315,
    323,
    219,
    196,
    257,
    196,
    416,
    418,
    453,
    446,
    196,
    377,
    257,
    196,
    196,
    0,
    257,
    196,
    219,
    196,
    270,
    431,
    415,
    415,
    549,
    477,
    537,
    522,
    362,
    475,
    475,
    477,
    362,
    513,
    170,
    287,
    365,
    408,
    315,
    323,
    170,
    270,
    170,
    333,
    449,
    290,
    544,
    283,
    138,
    219,
    285,
    164,
    362,
    309,
    196,
    296,
    316,
    257,
    162,
    219,
    196,
    287,
    365,
    343,
    274,
    196,
    323,
    196,
    196,
    196,
    196,
    257,
    316,
    268,
    219,
    333,
    196,
    259,
    431,
    424,
    481,
    397,
    196,
    196,
    417,
    477,
    366,
    331,
    331,
    308,
    316,
    268,
    284,
    333,
    268,
    170,
    219,
    196,
    257,
    350,
    170,
    219,
    196,
    343,
    295,
    268,
    350,
    170,
    270,
    270,
    343,
    287,
    365,
    343,
    315,
    196,
    323,
    297,
    287,
    362,
    343,
    230,
    196,
    323,
    285,
    362,
    309,
    196,
    323,
    257,
    196,
    219,
    196,
    257,
    316,
    219,
    196,
    358,
    257,
    342,
    316,
    196,
    219,
    287,
    333,
    268,
    366,
    343,
    418,
    408,
    315,
    196,
    323,
    257,
    316,
    268,
    284,
    333,
    268,
    252,
    331,
    267,
    314,
    268,
    346,
    346,
    363,
    268,
    316,
    270,
    287,
    365,
    408,
    446,
    196,
    377,
    170,
    208,
    208,
    219,
    287,
    231,
    268,
    357,
    365,
    343,
    315,
    257,
    196,
    323,
    316,
    170,
    170,
    170,
    346,
    290,
    178,
    213,
    199,
    196,
    257,
    196,
    219,
    196,
    358,
    342,
    342,
    229,
    196,
    287,
    477,
    366,
    219,
    196,
    196,
    274,
    342,
    287,
    260,
    366,
    274,
    257,
    342,
    316,
    196,
    287,
    333,
    268,
    366,
    386,
    469,
    314,
    475,
    477,
    314,
    170,
    196,
    196,
    170,
    257,
    316,
    196,
    219,
    333,
    196,
    170,
    170,
    170,
    206,
    203,
    196,
    318,
    347,
    343,
    219,
    285,
    164,
    362,
    309,
    257,
    164,
    296,
    316,
    257,
    316,
    219,
    196,
    257,
    350,
    219,
    196,
    219,
    196,
    257,
    268,
    350,
    343,
    418,
    453,
    315,
    323,
    431,
    481,
    397,
    229,
    196,
    417,
    477,
    366,
    170,
    343,
    418,
    453,
    315,
    323,
    170,
    196,
    196,
    170,
    323,
    270,
    170,
    310,
    333,
    196,
    199,
    178,
    287,
    365,
    408,
    315,
    196,
    323,
    358,
    372,
    342,
    196,
    196,
    287,
    333,
    366,
    196,
    196,
    196,
    219,
    196,
    257,
    196,
    196,
    196,
    219,
    229,
    196,
    343,
    343,
    257,
    196,
    316,
    412,
    539,
    504,
    362,
    442,
    270,
    370,
    362,
    413,
    442,
    270,
    469,
    595,
    453,
    494,
    362,
    558,
    170,
    170,
    170,
    208,
    201,
    333,
    170,
    374,
    219,
    196,
    257,
    0,
    316,
    224,
    342,
    227,
    260,
    290,
    283,
    343,
    230,
    323,
    219,
    196,
    257,
    162,
    358,
    257,
    397,
    316,
    268,
    219,
    287,
    333,
    268,
    366,
    196,
    196,
    257,
    196,
    219,
    196,
    170,
    257,
    316,
    196,
    219,
    333,
    196,
    170,
    196,
    196,
    170,
    270,
    170,
    196,
    142,
    180,
    316,
    316,
    196,
    196,
    161,
    0,
    219,
    196,
    196,
    392,
    343,
    257,
    196,
    316,
    358,
    342,
    287,
    477,
    366,
    219,
    196,
    257,
    350,
    196,
    196,
    268,
    268,
    219,
    196,
    257,
    350,
    424,
    625,
    577,
    362,
    644,
    657,
    362,
    424,
    556,
    623,
    362,
    595,
    527,
    577,
    623,
    362,
    558,
    571,
    170,
    170,
    170,
    196,
    323,
    232,
    300,
    287,
    365,
    346,
    315,
    196,
    323,
    257,
    350,
    219,
    196,
    358,
    342,
    335,
    477,
    409,
    257,
    316,
    219,
    196,
    331,
    268,
    350,
    196,
    196,
    170,
    358,
    342,
    342,
    287,
    333,
    366,
    270,
    415,
    522,
    362,
    475,
    570,
    362,
    346,
    170,
    270,
    234,
    198,
    223,
    170,
    124,
    175,
    257,
    196,
    196,
    287,
    365,
    346,
    315,
    196,
    323,
    257,
    350,
    219,
    196,
    219,
    196,
    196,
    257,
    196,
    196,
    358,
    342,
    0,
    335,
    477,
    409,
    270,
    386,
    442,
    530,
    362,
    346,
    431,
    415,
    537,
    522,
    362,
    644,
    610,
    570,
    362,
    579,
    170,
    358,
    418,
    342,
    196,
    196,
    287,
    333,
    366,
    170,
    170,
    374,
    173,
    343,
    330,
    219,
    196,
    343,
    257,
    268,
    316,
    257,
    316,
    219,
    196,
    219,
    196,
    257,
    196,
    343,
    418,
    315,
    323,
    287,
    365,
    343,
    315,
    196,
    323,
    274,
    342,
    287,
    299,
    366,
    274,
    342,
    287,
    433,
    366,
    170,
    301,
    358,
    257,
    424,
    308,
    397,
    351,
    196,
    287,
    333,
    268,
    236,
    366,
    170,
    257,
    347,
    350,
    284,
    196,
    270,
    270,
    170,
    199,
    233,
    364,
    333,
    429,
    196,
    162,
    257,
    162,
    219,
    196,
    257,
    162,
    219,
    196,
    257,
    316,
    164,
    219,
    333,
    196,
    219,
    196,
    295,
    268,
    350,
    314,
    314,
    343,
    418,
    453,
    315,
    350,
    323,
    170,
    196,
    196,
    170,
    257,
    316,
    196,
    219,
    333,
    196,
    170,
    170,
    170,
    155,
    198,
    145,
    196,
    333,
    299,
    362,
    267,
    257,
    162,
    219,
    196,
    257,
    316,
    268,
    219,
    333,
    196,
    274,
    342,
    335,
    383,
    409,
    257,
    162,
    219,
    196,
    219,
    196,
    343,
    257,
    196,
    316,
    625,
    522,
    362,
    530,
    570,
    362,
    270,
    412,
    314,
    268,
    408,
    346,
    363,
    268,
    316,
    424,
    565,
    558,
    537,
    537,
    522,
    539,
    539,
    530,
    570,
    362,
    513,
    579,
    170,
    170,
    270,
    676,
    196,
    198,
    429,
    257,
    196,
    196,
    196,
    196,
    274,
    342,
    342,
    196,
    196,
    287,
    333,
    366,
    219,
    196,
    196,
    257,
    316,
    236,
    219,
    333,
    196,
    343,
    418,
    315,
    323,
    170,
    219,
    196,
    257,
    236,
    316,
    270,
    295,
    196,
    268,
    270,
    270,
    170,
    297,
    155,
    198,
    358,
    274,
    342,
    196,
    287,
    333,
    366,
    219,
    196,
    343,
    257,
    164,
    316,
    257,
    316,
    268,
    219,
    333,
    196,
    196,
    196,
    331,
    196,
    413,
    350,
    412,
    268,
    413,
    350,
    0,
    257,
    350,
    219,
    196,
    170,
    219,
    287,
    196,
    365,
    343,
    315,
    257,
    196,
    323,
    316,
    270,
    412,
    362,
    413,
    362,
    442,
    170,
    270,
    170,
    198,
    199,
    333,
    210,
    219,
    196,
    343,
    257,
    196,
    316,
    257,
    162,
    219,
    196,
    343,
    365,
    408,
    315,
    323,
    358,
    342,
    335,
    477,
    409,
    219,
    196,
    229,
    196,
    196,
    196,
    556,
    523,
    577,
    570,
    170,
    257,
    350,
    219,
    196,
    270,
    556,
    362,
    413,
    362,
    442,
    170,
    170,
    170,
    198,
    0,
    233,
    300,
    544,
    196,
    316,
    230,
    342,
    227,
    260,
    290,
    219,
    196,
    257,
    196,
    219,
    196,
    196,
    412,
    196,
    413,
    268,
    350,
    257,
    196,
    196,
    268,
    268,
    170,
    213,
    358,
    424,
    372,
    342,
    196,
    196,
    287,
    333,
    366,
    270,
    556,
    523,
    453,
    494,
    442,
    570,
    270,
    170,
    170,
    198,
    287,
    178,
    199,
    301,
    230,
    257,
    296,
    316,
    164,
    366,
    287,
    365,
    408,
    315,
    196,
    323,
    257,
    316,
    219,
    196,
    225,
    287,
    267,
    230,
    323,
    196,
    196,
    196,
    196,
    196,
    287,
    365,
    408,
    315,
    196,
    323,
    270,
    268,
    268,
    170,
    287,
    365,
    346,
    315,
    196,
    377,
    170,
    170,
    270,
    208,
    196,
    343,
    323,
    196,
    199,
    333,
    201,
    219,
    285,
    164,
    362,
    309,
    257,
    164,
    296,
    316,
    196,
    196,
    257,
    196,
    196,
    358,
    257,
    397,
    316,
    268,
    219,
    287,
    333,
    268,
    366,
    287,
    365,
    346,
    315,
    196,
    323,
    196,
    196,
    270,
    490,
    362,
    413,
    442,
    170,
    196,
    196,
    424,
    0,
    362,
    571,
    270,
    270,
    209,
    213,
    342,
    196,
    198,
    323,
    108,
    164,
    117,
    162,
    287,
    365,
    364,
    315,
    196,
    323,
    257,
    316,
    196,
    219,
    333,
    268,
    219,
    196,
    257,
    350,
    412,
    196,
    413,
    268,
    350,
    362,
    362,
    219,
    196,
    343,
    257,
    268,
    316,
    170,
    358,
    342,
    335,
    477,
    409,
    170,
    257,
    316,
    196,
    219,
    333,
    196,
    270,
    170,
    170,
    196,
    198,
    223,
    325,
    356,
    219,
    138,
    164,
    343,
    343,
    0,
    164,
    316,
    225,
    287,
    267,
    230,
    162,
    323,
    257,
    316,
    164,
    219,
    333,
    196,
    287,
    365,
    322,
    274,
    323,
    412,
    268,
    413,
    350,
    219,
    196,
    196,
    257,
    316,
    268,
    219,
    333,
    268,
    170,
    343,
    418,
    408,
    315,
    196,
    323,
    170,
    283,
    343,
    274,
    323,
    170,
    170,
    170,
    175,
    343,
    219,
    287,
    268,
    343,
    257,
    196,
    316,
    358,
    196,
    219,
    285,
    164,
    362,
    343,
    230,
    257,
    196,
    323,
    316,
    219,
    196,
    257,
    196,
    230,
    257,
    342,
    316,
    196,
    219,
    287,
    333,
    164,
    366,
    343,
    418,
    408,
    446,
    196,
    377,
    196,
    196,
    257,
    196,
    196,
    170,
    412,
    196,
    413,
    350,
    170,
    274,
    342,
    196,
    287,
    333,
    366,
    170,
    170,
    270,
    199,
    198,
    0,
    165,
    173,
    164,
    362,
    296,
    316,
    196,
    196,
    196,
    196,
    219,
    196,
    196,
    343,
    343,
    257,
    196,
    316,
    287,
    365,
    408,
    315,
    196,
    323,
    504,
    442,
    530,
    362,
    219,
    196,
    196,
    170,
    196,
    196,
    270,
    412,
    362,
    413,
    362,
    442,
    270,
    170,
    170,
    333,
    449,
    281,
    201,
    330,
    208,
    285,
    164,
    362,
    296,
    316,
    196,
    196,
    257,
    196,
    196,
    196,
    196,
    219,
    164,
    196,
    343,
    343,
    257,
    196,
    316,
    257,
    316,
    236,
    219,
    333,
    196,
    412,
    362,
    413,
    362,
    442,
    170,
    274,
    257,
    342,
    316,
    196,
    219,
    287,
    333,
    196,
    366,
    170,
    196,
    196,
    270,
    556,
    523,
    453,
    577,
    442,
    570,
    424,
    170,
    170,
    234,
    170,
    213,
    213,
    219,
    196,
    257,
    196,
    219,
    196,
    257,
    236,
    316,
    257,
    316,
    219,
    196,
    268,
    196,
    257,
    196,
    196,
    196,
    196,
    343,
    418,
    315,
    323,
    270,
    386,
    442,
    362,
    424,
    645,
    539,
    413,
    362,
    442,
    170,
    170,
    170,
    180,
    198,
    168,
    128,
    323,
    240,
    170,
    112,
    165,
    164,
    362,
    205,
    287,
    162,
    196,
    257,
    196,
    219,
    196,
    274,
    342,
    335,
    409,
    219,
    196,
    257,
    162,
    257,
    196,
    196,
    219,
    196,
    257,
    196,
    257,
    350,
    219,
    196,
    170,
    219,
    196,
    196,
    170,
    287,
    365,
    346,
    315,
    196,
    323,
    270,
    170,
    170,
    333,
    205,
    257,
    316,
    196,
    219,
    333,
    196,
    362,
    196,
    323,
    219,
    196,
    117,
    162,
    219,
    196,
    196,
    345,
    343,
    257,
    268,
    316,
    213,
    274,
    257,
    257,
    372,
    308,
    342,
    316,
    196,
    219,
    287,
    333,
    196,
    366,
    219,
    196,
    196,
    431,
    481,
    472,
    477,
    463
  ],
  "grid_samples_inside": [
    55,
    115,
    57,
    121,
    93,
    148,
    140,
    259,
    264,
    98,
    147,
    154,
    79,
    133,
    135,
    82,
    251,
    129,
    0,
    128,
    175,
    139,
    169,
    182,
    129,
    119,
    162,
    165,
    130,
    175,
    175,
    94,
    112,
    90,
    222,
    117,
    121,
    133,
    135,
    234,
    251,
    129,
    247,
    139,
    89,
    102,
    40,
    170,
    183,
    44,
    91,
    199,
    50,
    115,
    56,
    111,
    52,
    115,
    55,
    111,
    111,
    87,
    228,
    245,
    90,
    127,
    246,
    61,
    118,
    121,
    61,
    229,
    121,
    59,
    112,
    120,
    232,
    223,
    61,
    118,
    111,
    167,
    195,
    182,
    179,
    184,
    90,
    81,
    240,
    87,
    224,
    234,
    126,
    113,
    161,
    127,
    164,
    172,
    122,
    90,
    102,
    115,
    129,
    112,
    241,
    132,
    184,
    243,
    127,
    220,
    78,
    67,
    228,
    121,
    121,
    80,
    231,
    120,
    202,
    115,
    115,
    47,
    109,
    106,
    64,
    122,
    65,
    121,
    99,
    250,
    106,
    242,
    243,
    129,
    129,
    143,
    174,
    175,
    160,
    161,
    268,
    276,
    274,
    159,
    164,
    153,
    276,
    294,
    135,
    152,
    295,
    178,
    167,
    291,
    177,
    140,
    227,
    297,
    263,
    290,
    303,
    112,
    130,
    122,
    232,
    79,
    102,
    83,
    35,
    89,
    204,
    37,
    91,
    70,
    52,
    109,
    52,
    115,
    124,
    70,
    119,
    126,
    129,
    243,
    80,
    125,
    137,
    70,
    218,
    227,
    74,
    229,
    142,
    275,
    275,
    182,
    273,
    155,
    278,
    212,
    274,
    102,
    86,
    145,
    134,
    88,
    260,
    134,
    102,
    137,
    115,
    243,
    253,
    264,
    143,
    138,
    108,
    259,
    247,
    130,
    122,
    116,
    129,
    247,
    138,
    110,
    113,
    0,
    81,
    235,
    113,
    113,
    104,
    85,
    257,
    157,
    131,
    89,
    97,
    251,
    136,
    242,
    36,
    88,
    39,
    97,
    53,
    120,
    118,
    119,
    171,
    131,
    163,
    134,
    129,
    129,
    92,
    70,
    129,
    70,
    129,
    132,
    136,
    175,
    160,
    173,
    188,
    86,
    117,
    120,
    130,
    118,
    121,
    125,
    107,
    94,
    114,
    88,
    42,
    103,
    44,
    101,
    68,
    229,
    117,
    76,
    228,
    218,
    76,
    226,
    233,
    82,
    239,
    129,
    129,
    79,
    237,
    125,
    81,
    241,
    215,
    49,
    115,
    54,
    117,
    111,
    158,
    127,
    160,
    134,
    144,
    182,
    152,
    176,
    90,
    121,
    123,
    140,
    94,
    78,
    251,
    96,
    118,
    239,
    79,
    240,
    84,
    0,
    224,
    60,
    121,
    62,
    118,
    125,
    62,
    121,
    65,
    121,
    75,
    129,
    85,
    131,
    45,
    98,
    105,
    44,
    213,
    105,
    147,
    175,
    162,
    180,
    76,
    134,
    79,
    129,
    120,
    145,
    145,
    100,
    82,
    130,
    87,
    135,
    94,
    102,
    82,
    84,
    0,
    0,
    0,
    0,
    216,
    0,
    109,
    0,
    0,
    121,
    90,
    69,
    0,
    50,
    210,
    53,
    204,
    66,
    194,
    218,
    63,
    118,
    219,
    129,
    129,
    105,
    154,
    149,
    266,
    267,
    116,
    154,
    164,
    87,
    148,
    140,
    90,
    260,
    133,
    120,
    62,
    116,
    121,
    121,
    240,
    71,
    123,
    124,
    111,
    99,
    151,
    105,
    138,
    99,
    105,
    254,
    109,
    243,
    245,
    94,
    90,
    94,
    135,
    0,
    240,
    82,
    198,
    65,
    103,
    101,
    79,
    90,
    129,
    228,
    246,
    100,
    83,
    127,
    249,
    141,
    85,
    228,
    246,
    91,
    125,
    247,
    123,
    265,
    137,
    268,
    80,
    240,
    84,
    234,
    222,
    188,
    279,
    282,
    168,
    173,
    162,
    285,
    318,
    94,
    73,
    132,
    75,
    129,
    102,
    133,
    133,
    112,
    94,
    90,
    145,
    258,
    95,
    117,
    67,
    127,
    123,
    69,
    235,
    127,
    64,
    124,
    125,
    242,
    75,
    123,
    131,
    73,
    132,
    127,
    76,
    247,
    129,
    110,
    161,
    117,
    150,
    106,
    153,
    146,
    70,
    201,
    230,
    75,
    119,
    227,
    142,
    186,
    186,
    124,
    155,
    157,
    142,
    185,
    185,
    130,
    122,
    229,
    84,
    222,
    240,
    250,
    43,
    209,
    86,
    45,
    116,
    67,
    129,
    242,
    69,
    125,
    129,
    59,
    121,
    63,
    120,
    43,
    54,
    107,
    158,
    211,
    57,
    44,
    105,
    213,
    81,
    107,
    113,
    114,
    89,
    133,
    98,
    146,
    114,
    156,
    159,
    120,
    120,
    140,
    159,
    179,
    174,
    182,
    130,
    178,
    284,
    241,
    281,
    102,
    122,
    88,
    143,
    130,
    115,
    90,
    32,
    40,
    85,
    67,
    196,
    82,
    195,
    47,
    55,
    115,
    56,
    110,
    133,
    133,
    42,
    91,
    104,
    43,
    213,
    99,
    87,
    137,
    260,
    94,
    138,
    151,
    100,
    85,
    257,
    153,
    129,
    86,
    97,
    250,
    133,
    239,
    112,
    254,
    264,
    139,
    142,
    267,
    126,
    162,
    157,
    122,
    132,
    268,
    131,
    268,
    268,
    112,
    94,
    94,
    148,
    73,
    127,
    76,
    129,
    81,
    133,
    57,
    112,
    118,
    57,
    227,
    118,
    47,
    107,
    48,
    106,
    102,
    76,
    129,
    129,
    93,
    154,
    150,
    98,
    264,
    137,
    55,
    120,
    60,
    115,
    118,
    88,
    72,
    228,
    229,
    74,
    223,
    215,
    122,
    108,
    160,
    112,
    145,
    90,
    132,
    82,
    240,
    129,
    81,
    113,
    113,
    60,
    119,
    121,
    52,
    211,
    213,
    55,
    206,
    182,
    57,
    218,
    58,
    203,
    206,
    129,
    129,
    94,
    151,
    149,
    100,
    135,
    109,
    253,
    112,
    254,
    94,
    78,
    133,
    132,
    82,
    251,
    129,
    90,
    76,
    221,
    231,
    81,
    238,
    90,
    121,
    140,
    82,
    218,
    115,
    118,
    101,
    250,
    131,
    41,
    36,
    198,
    46,
    82,
    34,
    37,
    196,
    81,
    64,
    45,
    200,
    46,
    191,
    171,
    90,
    92,
    39,
    94,
    39,
    98,
    129,
    129,
    107,
    107,
    132,
    184,
    171,
    141,
    280,
    175,
    0,
    121,
    121,
    90,
    66,
    123,
    123,
    90,
    68,
    127,
    70,
    125,
    127,
    118,
    90,
    102,
    94,
    123,
    246,
    73,
    78,
    213,
    61,
    218,
    64,
    210,
    213,
    125,
    125,
    43,
    100,
    104,
    210,
    213,
    43,
    104,
    84,
    90,
    237,
    248,
    129,
    125,
    90,
    247,
    226,
    84,
    230,
    244,
    126,
    127,
    87,
    243,
    221,
    82,
    240,
    86,
    235,
    225,
    90,
    148,
    142,
    261,
    264,
    93,
    141,
    165,
    140,
    249,
    298,
    272,
    295,
    307,
    90,
    60,
    121,
    61,
    117,
    121,
    98,
    112,
    78,
    142,
    261,
    147,
    132,
    101,
    250,
    111,
    104,
    101,
    187,
    98,
    127,
    210,
    67,
    41,
    100,
    43,
    99,
    96,
    109,
    255,
    250,
    119,
    258,
    129,
    129,
    73,
    234,
    118,
    79,
    233,
    220,
    135,
    282,
    173,
    142,
    284,
    172,
    131,
    98,
    90,
    235,
    138,
    254,
    129,
    95,
    249,
    132,
    233,
    140,
    152,
    179,
    172,
    181,
    94,
    72,
    129,
    74,
    129,
    132,
    88,
    130,
    135,
    262,
    151,
    120,
    86,
    86,
    112,
    33,
    72,
    89,
    35,
    209,
    87,
    98,
    246,
    103,
    249,
    75,
    133,
    79,
    129,
    119,
    160,
    159,
    158,
    175,
    175,
    129,
    129,
    132,
    138,
    175,
    165,
    173,
    90,
    121,
    123,
    132,
    128,
    98,
    105,
    0,
    0,
    87,
    76,
    102,
    128,
    103,
    103,
    86,
    87,
    41,
    99,
    100,
    93,
    78,
    249,
    141,
    127,
    79,
    93,
    247,
    129,
    226,
    160,
    274,
    180,
    278,
    278,
    132,
    132,
    102,
    135,
    135,
    140,
    202,
    333,
    298,
    283,
    182,
    299,
    127,
    158,
    270,
    283,
    90,
    118,
    100,
    221,
    108,
    112,
    115,
    73,
    41,
    47,
    103,
    130,
    207,
    53,
    42,
    98,
    213,
    71,
    52,
    210,
    51,
    195,
    202,
    88,
    135,
    95,
    149,
    148,
    96,
    163,
    150,
    100,
    266,
    149,
    176,
    282,
    282,
    233,
    281,
    142,
    289,
    176,
    158,
    285,
    174,
    158,
    190,
    174,
    182,
    102,
    92,
    157,
    144,
    96,
    265,
    139,
    87,
    67,
    228,
    73,
    218,
    219,
    128,
    94,
    86,
    105,
    131,
    116,
    247,
    57,
    189,
    218,
    91,
    0,
    82,
    0,
    87,
    61,
    121,
    63,
    120,
    41,
    99,
    40,
    97,
    95,
    161,
    148,
    100,
    265,
    148,
    62,
    121,
    62,
    118,
    172,
    178,
    176,
    54,
    114,
    120,
    132,
    175,
    175,
    102,
    88,
    133,
    262,
    95,
    147,
    148,
    124,
    86,
    102,
    88,
    232,
    112,
    88,
    223,
    0,
    154,
    99,
    103,
    74,
    52,
    113,
    55,
    115,
    60,
    121,
    123,
    50,
    210,
    49,
    202,
    69,
    129,
    69,
    129,
    84,
    138,
    89,
    132,
    93,
    135,
    107,
    151,
    152,
    102,
    86,
    145,
    89,
    130,
    117,
    101,
    143,
    272,
    110,
    153,
    162,
    86,
    130,
    86,
    108,
    110,
    110,
    108,
    99,
    63,
    102,
    101,
    190,
    0,
    47,
    104,
    111,
    213,
    215,
    52,
    108,
    102,
    45,
    105,
    46,
    105,
    89,
    145,
    146,
    95,
    260,
    134,
    86,
    130,
    87,
    143,
    142,
    127,
    161,
    172,
    282,
    282,
    149,
    164,
    218,
    169,
    282,
    281,
    221,
    280,
    90,
    66,
    125,
    128,
    102,
    109,
    258,
    251,
    125,
    260,
    94,
    88,
    78,
    118,
    114,
    87,
    62,
    74,
    118,
    199,
    233,
    77,
    65,
    123,
    229,
    117,
    46,
    39,
    210,
    61,
    90,
    38,
    46,
    200,
    98,
    75,
    99,
    99,
    38,
    90,
    39,
    98,
    90,
    109,
    147,
    154,
    149,
    109,
    254,
    264,
    146,
    140,
    106,
    260,
    245,
    94,
    135,
    106,
    151,
    152,
    0,
    175,
    175,
    146,
    185,
    189,
    188,
    301,
    304,
    195,
    184,
    325,
    92,
    128,
    125,
    90,
    94,
    90,
    121,
    246,
    90,
    248,
    118,
    119,
    231,
    37,
    88,
    38,
    98,
    91,
    34,
    91,
    86,
    121,
    121,
    63,
    125,
    66,
    123,
    78,
    133,
    85,
    129,
    127,
    167,
    175,
    135,
    287,
    271,
    180,
    160,
    273,
    122,
    105,
    145,
    121,
    157,
    100,
    84,
    132,
    130,
    140,
    102,
    124,
    119,
    232,
    123,
    56,
    218,
    216,
    99,
    57,
    70,
    196,
    228,
    117,
    223,
    62,
    208,
    207,
    60,
    108,
    218,
    37,
    95,
    97,
    198,
    210,
    40,
    98,
    79,
    71,
    127,
    123,
    103,
    173,
    154,
    111,
    267,
    153,
    59,
    113,
    122,
    230,
    223,
    58,
    118,
    113,
    91,
    246,
    92,
    242,
    233,
    94,
    71,
    127,
    129,
    94,
    88,
    230,
    249,
    93,
    129,
    246,
    102,
    102,
    78,
    112,
    220,
    111,
    227,
    62,
    123,
    123,
    59,
    59,
    88,
    113,
    118,
    59,
    223,
    121,
    121,
    122,
    48,
    104,
    109,
    46,
    217,
    113,
    163,
    163,
    148,
    153,
    122,
    107,
    158,
    112,
    145,
    92,
    85,
    240,
    92,
    230,
    236,
    112,
    94,
    88,
    254,
    247,
    247,
    236,
    180,
    210,
    93,
    93,
    45,
    181,
    211,
    96,
    89,
    49,
    201,
    145,
    99,
    51,
    161,
    186,
    212,
    99,
    98,
    55,
    207,
    154,
    115,
    115,
    72,
    129,
    131,
    125,
    91,
    239,
    253,
    109,
    133,
    259,
    130,
    169,
    282,
    282,
    240,
    167,
    281,
    88,
    55,
    113,
    57,
    121,
    92,
    125,
    125,
    102,
    112,
    135,
    261,
    95,
    110,
    89,
    0,
    62,
    125,
    67,
    123,
    127,
    33,
    86,
    38,
    96,
    84,
    227,
    240,
    90,
    127,
    244,
    129,
    129,
    90,
    146,
    92,
    133,
    66,
    126,
    67,
    127,
    0,
    148,
    176,
    176,
    172,
    176,
    224,
    140,
    167,
    186,
    185,
    130,
    120,
    168,
    141,
    166,
    140,
    90,
    90,
    126,
    103,
    112,
    70,
    97,
    55,
    198,
    0,
    50,
    210,
    56,
    215,
    109,
    59,
    216,
    182,
    37,
    79,
    95,
    38,
    212,
    89,
    72,
    201,
    226,
    70,
    120,
    223,
    66,
    57,
    224,
    111,
    116,
    55,
    66,
    229,
    115,
    187,
    121,
    121,
    130,
    271,
    272,
    158,
    157,
    268,
    94,
    75,
    130,
    130,
    76,
    245,
    129,
    132,
    175,
    175,
    112,
    90,
    124,
    137,
    111,
    91,
    106,
    99,
    60,
    210,
    210,
    61,
    218,
    100,
    240,
    258,
    114,
    138,
    263,
    115,
    115,
    61,
    121,
    61,
    118,
    120,
    81,
    136,
    87,
    129,
    73,
    227,
    121,
    70,
    233,
    196,
    102,
    86,
    140,
    142,
    89,
    131,
    102,
    114,
    93,
    264,
    171,
    137,
    97,
    104,
    259,
    145,
    254,
    140,
    102,
    78,
    231,
    0,
    222,
    197,
    86,
    102,
    73,
    127,
    242,
    125,
    135,
    53,
    115,
    56,
    112,
    58,
    121,
    61,
    115,
    119,
    87,
    230,
    237,
    89,
    242,
    42,
    98,
    43,
    213,
    100,
    91,
    232,
    248,
    97,
    129,
    249,
    63,
    122,
    65,
    120,
    90,
    79,
    226,
    234,
    84,
    240,
    132,
    131,
    175,
    154,
    175,
    183,
    90,
    124,
    130,
    87,
    250,
    116,
    78,
    69,
    129,
    124,
    69,
    241,
    129,
    52,
    64,
    113,
    173,
    224,
    68,
    55,
    113,
    223,
    104,
    79,
    223,
    237,
    84,
    123,
    240,
    49,
    109,
    52,
    115,
    62,
    216,
    219,
    107,
    113,
    65,
    219,
    196,
    187,
    287,
    285,
    249,
    287,
    102,
    135,
    135,
    90,
    66,
    123,
    66,
    125,
    131,
    138,
    169,
    175,
    112,
    130,
    110,
    225,
    118,
    37,
    96,
    89,
    185,
    211,
    39,
    94,
    78,
    50,
    105,
    113,
    47,
    103,
    108,
    46,
    216,
    110,
    79,
    129,
    87,
    140,
    142,
    94,
    141,
    143,
    147,
    260,
    95,
    141,
    166,
    56,
    118,
    229,
    65,
    123,
    117,
    113,
    166,
    122,
    159,
    130,
    178,
    128,
    280,
    283,
    171,
    141,
    141,
    283,
    162,
    314,
    142,
    186,
    186,
    90,
    130,
    88,
    81,
    111,
    86,
    115,
    117,
    123,
    44,
    97,
    101,
    38,
    93,
    210,
    40,
    98,
    89,
    63,
    129,
    70,
    126,
    95,
    140,
    137,
    86,
    239,
    244,
    128,
    123,
    87,
    242,
    227,
    106,
    154,
    147,
    79,
    224,
    233,
    82,
    240,
    130,
    129,
    172,
    136,
    163,
    90,
    83,
    68,
    236,
    126,
    125,
    67,
    80,
    241,
    124,
    207,
    88,
    130,
    128,
    78,
    105,
    248,
    107,
    79,
    56,
    121,
    227,
    60,
    116,
    119,
    80,
    129,
    134,
    129,
    109,
    256,
    105,
    247,
    254,
    77,
    233,
    122,
    75,
    237,
    204,
    92,
    143,
    139,
    259,
    264,
    98,
    147,
    154,
    65,
    225,
    114,
    70,
    220,
    216,
    90,
    66,
    125,
    122,
    66,
    232,
    123,
    132,
    140,
    176,
    159,
    176,
    90,
    86,
    86,
    0,
    254,
    130,
    103,
    223,
    49,
    115,
    48,
    117,
    53,
    112,
    118,
    232,
    221,
    57,
    118,
    109,
    87,
    150,
    138,
    88,
    262,
    138,
    68,
    129,
    71,
    127,
    58,
    115,
    57,
    121,
    148,
    209,
    171,
    166,
    288,
    176,
    130,
    129,
    169,
    141,
    175,
    90,
    62,
    80,
    126,
    209,
    242,
    87,
    75,
    125,
    240,
    128,
    102,
    102,
    86,
    101,
    0,
    88,
    97,
    58,
    182,
    65,
    57,
    58,
    112,
    115,
    112,
    112,
    59,
    68,
    106,
    114,
    105,
    197,
    231,
    73,
    62,
    121,
    227,
    114,
    83,
    236,
    231,
    88,
    240,
    55,
    121,
    56,
    118,
    134,
    277,
    268,
    163,
    156,
    269,
    72,
    127,
    129,
    0,
    61,
    120,
    66,
    121,
    130,
    181,
    148,
    136,
    278,
    208,
    281,
    300,
    174,
    139,
    153,
    285,
    162,
    316,
    90,
    83,
    222,
    235,
    83,
    240,
    102,
    130,
    94,
    254,
    142,
    106,
    131,
    205,
    95,
    35,
    46,
    90,
    70,
    198,
    85,
    205,
    54,
    31,
    87,
    36,
    82,
    70,
    213,
    221,
    70,
    118,
    223,
    129,
    129,
    129,
    129,
    80,
    140,
    133,
    82,
    256,
    129,
    148,
    131,
    253,
    265,
    268,
    155,
    144,
    120,
    268,
    260,
    106,
    104,
    172,
    182,
    154,
    116,
    267,
    153,
    90,
    63,
    127,
    69,
    123,
    114,
    100,
    141,
    271,
    107,
    153,
    163,
    88,
    124,
    128,
    240,
    81,
    210,
    243,
    86,
    127,
    239,
    135,
    62,
    191,
    223,
    69,
    115,
    218,
    50,
    159,
    208,
    100,
    213,
    61,
    122,
    65,
    121,
    73,
    130,
    74,
    129,
    95,
    80,
    248,
    137,
    129,
    79,
    92,
    245,
    129,
    222,
    107,
    255,
    259,
    125,
    146,
    261,
    115,
    182,
    160,
    123,
    272,
    156,
    146,
    102,
    146,
    148,
    153,
    265,
    267,
    109,
    145,
    179,
    124,
    130,
    274,
    268,
    189,
    155,
    269,
    90,
    116,
    118,
    62,
    80,
    117,
    124,
    144,
    209,
    241,
    85,
    71,
    123,
    234,
    126,
    94,
    94,
    90,
    266,
    120,
    99,
    115,
    102,
    86,
    47,
    108,
    48,
    113,
    102,
    252,
    254,
    139,
    133,
    102,
    256,
    236,
    101,
    140,
    151,
    64,
    222,
    70,
    214,
    215,
    80,
    70,
    235,
    124,
    125,
    79,
    240,
    123,
    206,
    128,
    225,
    162,
    137,
    278,
    166,
    88,
    121,
    121,
    92,
    70,
    130,
    125,
    69,
    242,
    127,
    90,
    122,
    90,
    84,
    88,
    99,
    94,
    113,
    207,
    36,
    46,
    96,
    71,
    200,
    39,
    90,
    205,
    63,
    60,
    117,
    63,
    121,
    86,
    144,
    91,
    132,
    90,
    135,
    97,
    150,
    148,
    115,
    262,
    256,
    134,
    264,
    141,
    268,
    267,
    154,
    154,
    127,
    267,
    269,
    102,
    108,
    259,
    254,
    128,
    262,
    90,
    121,
    121,
    90,
    230,
    130,
    88,
    144,
    230,
    112,
    108,
    82,
    85,
    228,
    244,
    90,
    127,
    246,
    97,
    243,
    256,
    132,
    129,
    100,
    252,
    234,
    139,
    137,
    135,
    55,
    121,
    60,
    115,
    133,
    135,
    69,
    132,
    125,
    240,
    249,
    80,
    125,
    135,
    180,
    186,
    183,
    194,
    196,
    130,
    134,
    175,
    137,
    164,
    130,
    160,
    316,
    284,
    242,
    173,
    280,
    122,
    94,
    102,
    102,
    102,
    215,
    90,
    240,
    57,
    121,
    57,
    0,
    121,
    42,
    199,
    46,
    183,
    172,
    62,
    216,
    67,
    219,
    46,
    103,
    48,
    105,
    110,
    90,
    259,
    157,
    137,
    90,
    100,
    255,
    139,
    248,
    120,
    120,
    59,
    120,
    64,
    121,
    90,
    59,
    116,
    118,
    62,
    228,
    123,
    88,
    121,
    119,
    88,
    124,
    78,
    135,
    87,
    102,
    91,
    86,
    98,
    97,
    95,
    0,
    60,
    118,
    123,
    231,
    227,
    59,
    118,
    119,
    83,
    240,
    87,
    235,
    223,
    93,
    135,
    101,
    149,
    121,
    121,
    163,
    163,
    68,
    129,
    75,
    130,
    146,
    186,
    325,
    186,
    184,
    304,
    188,
    140,
    170,
    192,
    183,
    343,
    298,
    279,
    178,
    182,
    296,
    318,
    90,
    82,
    94,
    110,
    218,
    112,
    227,
    79,
    226,
    243,
    87,
    123,
    244,
    87,
    143,
    93,
    133,
    114,
    259,
    125,
    249,
    256,
    53,
    115,
    54,
    117,
    126,
    167,
    160,
    124,
    124,
    92,
    87,
    244,
    243,
    93,
    244,
    227,
    130,
    135,
    276,
    173,
    139,
    281,
    169,
    140,
    90,
    124,
    90,
    120,
    100,
    76,
    67,
    82,
    49,
    106,
    107,
    82,
    228,
    248,
    89,
    125,
    249,
    96,
    151,
    105,
    139,
    42,
    101,
    102,
    78,
    129,
    129,
    131,
    268,
    0,
    131,
    270,
    270,
    132,
    140,
    177,
    152,
    175,
    140,
    212,
    164,
    292,
    313,
    182,
    170,
    183,
    293,
    181,
    338,
    94,
    91,
    243,
    249,
    135,
    125,
    91,
    248,
    228,
    90,
    82,
    287,
    93,
    222,
    231,
    66,
    125,
    244,
    72,
    125,
    130,
    49,
    107,
    50,
    115,
    44,
    105,
    44,
    108,
    98,
    244,
    95,
    249,
    77,
    206,
    240,
    81,
    125,
    234,
    72,
    232,
    78,
    230,
    220,
    75,
    237,
    80,
    222,
    225,
    102,
    141,
    115,
    90,
    245,
    152,
    264,
    248,
    135,
    107,
    256,
    145,
    148,
    252,
    122,
    105,
    144,
    159,
    122,
    144,
    136,
    132,
    78,
    104,
    104,
    243,
    228,
    281,
    86,
    90,
    49,
    108,
    49,
    110,
    41,
    101,
    43,
    99,
    41,
    93,
    99,
    41,
    211,
    98,
    89,
    135,
    104,
    150,
    149,
    170,
    170,
    122,
    266,
    262,
    140,
    155,
    268,
    102,
    133,
    133,
    92,
    74,
    131,
    123,
    67,
    241,
    125,
    102,
    90,
    78,
    75,
    102,
    74,
    129,
    246,
    196,
    148,
    197,
    41,
    98,
    40,
    94,
    81,
    138,
    136,
    87,
    257,
    129,
    72,
    234,
    81,
    222,
    227,
    44,
    104,
    44,
    107,
    52,
    112,
    219,
    50,
    112,
    102,
    137,
    282,
    173,
    141,
    283,
    172,
    130,
    119,
    158,
    159,
    279,
    273,
    136,
    160,
    196,
    140,
    252,
    164,
    296,
    292,
    316,
    182,
    182,
    187,
    295,
    183,
    335,
    341,
    94,
    90,
    130,
    164,
    120,
    105,
    277,
    74,
    125,
    129,
    121,
    121,
    83,
    237,
    239,
    129,
    123,
    86,
    241,
    226,
    58,
    121,
    120,
    49,
    104,
    106,
    45,
    219,
    107,
    85,
    239,
    89,
    243,
    88,
    56,
    121,
    60,
    116,
    120,
    123,
    111,
    155,
    147,
    122,
    128,
    110,
    141,
    75,
    120,
    248,
    78,
    233,
    123,
    77,
    234,
    218,
    44,
    102,
    213,
    44,
    100,
    95,
    87,
    150,
    147,
    95,
    263,
    135,
    129,
    129,
    103,
    141,
    117,
    155,
    110,
    149,
    126,
    160,
    0,
    72,
    129,
    71,
    129,
    90,
    64,
    75,
    120,
    205,
    239,
    80,
    72,
    125,
    234,
    125,
    130,
    127,
    174,
    144,
    169,
    179,
    102,
    130,
    78,
    123,
    120,
    214,
    109,
    63,
    125,
    241,
    71,
    123,
    126,
    44,
    100,
    44,
    103,
    85,
    230,
    236,
    89,
    240,
    113,
    258,
    107,
    253,
    257,
    108,
    146,
    153,
    146,
    129,
    129,
    218,
    292,
    264,
    296,
    92,
    69,
    129,
    71,
    129,
    132,
    144,
    176,
    161,
    176,
    186,
    90,
    90,
    90,
    109,
    0,
    110,
    226,
    128,
    119,
    115,
    49,
    207,
    48,
    193,
    178,
    58,
    119,
    57,
    113,
    90,
    135,
    139,
    106,
    146,
    118,
    158,
    164,
    76,
    127,
    129,
    147,
    148,
    100,
    131,
    103,
    234,
    238,
    260,
    134,
    130,
    99,
    252,
    237,
    138,
    200,
    297,
    288,
    263,
    174,
    294,
    130,
    88,
    90,
    116,
    123,
    107,
    110,
    130,
    50,
    43,
    213,
    79,
    105,
    156,
    93,
    237,
    243,
    93,
    129,
    248,
    65,
    126,
    67,
    125,
    52,
    192,
    191,
    47,
    209,
    142,
    134,
    135,
    138,
    137,
    109,
    250,
    264,
    130,
    143,
    266,
    128,
    163,
    163,
    104,
    106,
    249,
    261,
    130,
    140,
    265,
    102,
    90,
    128,
    113,
    121,
    227,
    218,
    115,
    116,
    244,
    86,
    38,
    46,
    97,
    64,
    200,
    39,
    93,
    205,
    63,
    89,
    90,
    40,
    100,
    95,
    120,
    96,
    268,
    176,
    142,
    108,
    112,
    261,
    150,
    258,
    97,
    237,
    257,
    107,
    133,
    257,
    129,
    129,
    132,
    142,
    176,
    158,
    170,
    117,
    141,
    142,
    140,
    0,
    183,
    257,
    128,
    130,
    106,
    117,
    238,
    121,
    107,
    192,
    29,
    82,
    33,
    78,
    77,
    223,
    233,
    84,
    125,
    240,
    78,
    138,
    129,
    80,
    250,
    129,
    70,
    129,
    75,
    126,
    106,
    146,
    118,
    158,
    160,
    175,
    175,
    85,
    130,
    253,
    88,
    140,
    139,
    98,
    101,
    254,
    109,
    245,
    243,
    96,
    82,
    139,
    130,
    80,
    250,
    129,
    130,
    122,
    78,
    121,
    121,
    102,
    244,
    230,
    33,
    89,
    92,
    198,
    202,
    0,
    89,
    61,
    40,
    168,
    184,
    43,
    86,
    196,
    40,
    80,
    98,
    39,
    212,
    91,
    71,
    222,
    220,
    75,
    229,
    117,
    163,
    132,
    165,
    94,
    135,
    140,
    96,
    170,
    148,
    100,
    266,
    142,
    112,
    116,
    263,
    262,
    135,
    150,
    266,
    90,
    71,
    229,
    76,
    234,
    90,
    102,
    112,
    77,
    222,
    69,
    90,
    125,
    243,
    75,
    125,
    133,
    219,
    113,
    44,
    52,
    105,
    127,
    211,
    53,
    43,
    103,
    213,
    80,
    37,
    88,
    38,
    96,
    56,
    46,
    215,
    90,
    110,
    46,
    59,
    216,
    108,
    163,
    130,
    275,
    268,
    161,
    155,
    268,
    146,
    147,
    86,
    139,
    134,
    122,
    109,
    146,
    134,
    157,
    90,
    83,
    240,
    121,
    84,
    239,
    226,
    86,
    86,
    124,
    117,
    120,
    0,
    103,
    96,
    91,
    74,
    202,
    53,
    82,
    82,
    124,
    123,
    62,
    126,
    123,
    238,
    237,
    69,
    123,
    126,
    99,
    241,
    250,
    107,
    134,
    254,
    134,
    171,
    141,
    175,
    52,
    117,
    118,
    90,
    126,
    126,
    136,
    156,
    176,
    169,
    180,
    187,
    124,
    118,
    86,
    268,
    150,
    159,
    122,
    235,
    109,
    51,
    100,
    80,
    210,
    69,
    129,
    129,
    40,
    103,
    97,
    96,
    95,
    49,
    108,
    105,
    220,
    217,
    46,
    105,
    101,
    58,
    123,
    119,
    62,
    230,
    121,
    141,
    175,
    167,
    177,
    184,
    90,
    79,
    67,
    235,
    123,
    125,
    65,
    79,
    240,
    123,
    203,
    90,
    125,
    125,
    140,
    199,
    302,
    288,
    265,
    180,
    295,
    140,
    102,
    102,
    113,
    90,
    117,
    104,
    38,
    94,
    40,
    99,
    58,
    121,
    59,
    115,
    119,
    49,
    109,
    51,
    115,
    147,
    147,
    51,
    117,
    115,
    129,
    129,
    102,
    248,
    111,
    254,
    132,
    142,
    174,
    176,
    142,
    178,
    186,
    185,
    193,
    196,
    94,
    102,
    78,
    108,
    110,
    110,
    38,
    204,
    61,
    58,
    59,
    89,
    82,
    64,
    38,
    144,
    90,
    86,
    58,
    117,
    60,
    121,
    83,
    240,
    87,
    238,
    49,
    107,
    50,
    107,
    86,
    138,
    133,
    74,
    129,
    79,
    127,
    95,
    151,
    100,
    136,
    92,
    69,
    128,
    125,
    94,
    82,
    228,
    247,
    90,
    125,
    249,
    130,
    94,
    90,
    220,
    112,
    71,
    132,
    125,
    69,
    240,
    121,
    162,
    104,
    213,
    33,
    82,
    33,
    83,
    70,
    132,
    127,
    239,
    251,
    79,
    129,
    132,
    114,
    70,
    62,
    58,
    200,
    81,
    226,
    113,
    118,
    57,
    65,
    231,
    117,
    192,
    90,
    135,
    138,
    170,
    279,
    207,
    280,
    281
  ],
  "full_surface_samples": 8000,
  "complete_residual_N": [
    4.9533506107039223e-11,
    2.921445443572885e-11,
    3.403795440259454e-11,
    3.665212096413079e-11,
    3.583777668011057e-11,
    5.102671380351697e-11,
    4.4981161534917e-12,
    5.1176090795596485e-12,
    1.7081395026547006e-11,
    5.051241950278596e-12,
    3.023112398676297e-11,
    3.6343071445473915e-12,
    2.445726984349954e-12,
    3.6345525862202416e-11,
    4.847174339834216e-11,
    3.2797261217148186e-11,
    2.8761757950333294e-11,
    3.710069563385286e-11,
    2.876480921058885e-11,
    2.945307020429285e-11,
    3.5514551509513685e-11,
    4.1666227992682143e-11,
    4.514810061303944e-12,
    5.0049989709185204e-12,
    3.604636893913457e-12,
    3.37291757854866e-12,
    3.483562512988731e-12,
    2.89641343985195e-11,
    2.8003038305361746e-11,
    8.110098506429197e-12,
    3.886306813485531e-11,
    3.8115420084812055e-11,
    2.8072736762538854e-11,
    4.760786781784251e-11,
    3.706818241670429e-11,
    2.9565565188492076e-11,
    3.300928978846744e-11,
    3.091613912671705e-11,
    4.2400767596895295e-12,
    3.63294440352262e-12,
    4.549438388612401e-12,
    5.046834366217353e-12,
    2.0589615356547067e-18,
    5.522761244942608e-12,
    1.8451167467398448e-13,
    9.686339925740085e-12,
    3.392510986798724e-11,
    2.8898720193780545e-11,
    3.35438592428025e-11,
    3.278534971841169e-11,
    2.8079610684269448e-11,
    2.9786577747773e-11,
    3.0068396459587646e-11,
    3.00843407167022e-11,
    4.293058795146625e-12,
    4.211854597496248e-12,
    4.842019708271718e-12,
    4.733131757696617e-12,
    6.087849820672761e-12,
    6.931654658729068e-12,
    4.5064253806683145e-12,
    1.9693688524157506e-14,
    3.661047293315973e-11,
    3.375280660746614e-11,
    3.64055908386786e-11,
    5.381672199075402e-11,
    4.33287678835355e-11,
    3.6730824669022674e-11,
    4.008173382853369e-11,
    3.308934704201551e-11,
    3.0818380846429724e-11,
    3.91773742589639e-12,
    5.126030364299064e-12,
    5.733207000099332e-12,
    5.982739427049106e-12,
    4.618608691510741e-12,
    9.523801659613027e-12,
    6.01492094939752e-12,
    3.587812655683061e-11,
    3.208479719650534e-11,
    2.812109132311098e-11,
    4.9653725015357276e-11,
    2.918086520701615e-11,
    4.043026668460053e-11,
    3.331900873590895e-11,
    4.123048935561036e-11,
    3.712381411736041e-11,
    3.7626407678524546e-12,
    4.398376211086486e-12,
    4.431827668801413e-12,
    5.39499165523184e-12,
    5.935406155847721e-12,
    3.665487965654735e-12,
    2.720568042872179e-12,
    1.2437191347826126e-11,
    3.1693591914308394e-11,
    3.235398799997661e-11,
    3.461102795396982e-11,
    3.133100181878447e-11,
    3.263567555420381e-11,
    4.049623377428897e-11,
    4.3851124595266186e-11,
    3.524202287056311e-11,
    4.476541201860224e-12,
    4.100288040490959e-12,
    4.0297265518566764e-12,
    4.227853146322415e-12,
    4.81597831447126e-13,
    6.815955117517388e-12,
    5.6135591836264324e-12,
    8.937591271146073e-12,
    3.3689612777479166e-11,
    3.203004362183159e-11,
    5.020802707812562e-11,
    3.360441358590539e-11,
    3.3541575101676614e-11,
    3.365086873283576e-11,
    3.865576217062767e-11,
    3.503250895419278e-11,
    4.589665703259066e-12,
    4.41272273294665e-12,
    3.9603519324425815e-12,
    5.09722796101545e-12,
    2.4747208322763718e-17,
    5.908866828270633e-12,
    5.516916389877962e-12,
    7.273375009479949e-12,
    5.716021585099695e-11,
    2.894190708307831e-11,
    2.6590134915944445e-11,
    2.969497448782355e-11,
    3.427402458416071e-11,
    3.020488648386326e-11,
    3.3048851192414477e-11,
    4.461431367663269e-11,
    4.019904992921846e-12,
    4.604413107963393e-12,
    4.337655165793484e-12,
    5.2928273013463784e-12,
    7.588469319768372e-11,
    2.9196242272248695e-12,
    3.708765024585317e-12,
    5.2215776917701935e-14,
    3.85856337569698e-11,
    3.279836345175479e-11,
    3.8816977466243694e-11,
    3.4313943253304434e-11,
    4.7384838016442596e-11,
    2.83536479909679e-11,
    4.326840844110928e-11,
    4.128961260804819e-11,
    3.988769586980076e-11,
    4.188780111497565e-12,
    3.6616192779405805e-12,
    0.0,
    1.0010345736170214e-11,
    2.8565017928178306e-11,
    3.4658688574331627e-12,
    9.247276201674655e-12,
    2.895230051111539e-11,
    4.710436564952389e-11,
    2.7939114750161162e-11,
    4.231895455485236e-11,
    3.6020855014820864e-11,
    3.9215873267645975e-11,
    4.385061007217847e-11,
    4.183930778916839e-11,
    2.9906875511108285e-11,
    4.265507519398581e-12,
    3.838345469976473e-12,
    5.01120318810262e-12,
    3.869490939047716e-12,
    4.687686178255569e-12,
    4.269839866628107e-12,
    3.338168248632952e-12,
    7.383751371150845e-12,
    3.395140020915618e-11,
    4.7062809297712736e-11,
    3.4230513049622804e-11,
    2.9020695980767173e-11,
    2.982470695967974e-11,
    2.3681484826752617e-11,
    6.377309204071162e-11,
    3.1886435604722946e-11,
    3.973845823754488e-12,
    4.563015556660811e-12,
    4.470575369992283e-12,
    4.995202428539974e-12,
    7.201853740757584e-17,
    5.711419464822675e-12,
    5.180219136660805e-13,
    8.416840309624965e-12,
    3.488297005909123e-11,
    3.022762547848173e-11,
    4.9212072446806575e-11,
    3.775567627253464e-11,
    3.275417542923304e-11,
    3.526410274295242e-11,
    3.51440228110015e-11,
    3.609390572637181e-11,
    4.8136518395261725e-12,
    4.061873530295852e-12,
    4.904019512661157e-12,
    6.180630903579245e-12,
    5.966582208002587e-12,
    4.712260087145263e-11,
    1.5889549819447527e-13,
    1.039088362017823e-14,
    4.644578855929688e-11,
    3.4727025811988117e-11,
    2.8453509953651005e-11,
    5.704709487957865e-11,
    3.020303116172614e-11,
    3.3230937711737576e-11,
    3.2077952384011266e-11,
    2.6343106664523613e-11,
    1.1604948967417299e-11,
    4.781534035473514e-12,
    4.061097464910809e-12,
    4.339663778932325e-12,
    4.773764464901988e-12,
    1.1387590097420328e-11,
    3.212636525625092e-11,
    1.556892447606859e-14,
    2.971292391171185e-11,
    5.112899264805621e-11,
    3.948788129814431e-11,
    3.522576533421978e-11,
    4.93184622048508e-11,
    2.8738753788497505e-11,
    5.385903597718972e-11,
    4.181134323182888e-11,
    3.108838392308976e-11,
    4.187473258386906e-12,
    4.332863144868058e-12,
    3.449268568041947e-12,
    4.1690744937430555e-12,
    7.164009346036483e-12,
    4.498806068538302e-12,
    1.010902592998007e-12,
    3.063344222782107e-11,
    3.8778169031231145e-11,
    3.166145146761889e-11,
    3.1380332549573284e-11,
    2.8642029001994687e-11,
    2.7091163952671608e-11,
    3.407385678586793e-11,
    3.327341635388912e-11,
    3.0397371610026684e-11,
    4.234502022264968e-12,
    5.172572147445651e-12,
    4.22914604856682e-12,
    3.678408096420975e-12,
    5.284656963435604e-12,
    4.861348153037873e-12,
    3.5956235140387054e-11,
    8.335680914671483e-12,
    3.037014821616159e-11,
    2.954810044307105e-11,
    4.0248911543209245e-11,
    2.9485962494043193e-11,
    3.2603161284541773e-11,
    4.1416855626754994e-11,
    4.842912780015897e-11,
    3.877791015608936e-11,
    4.367099646498749e-12,
    4.700404381080266e-12,
    4.613728301658463e-12,
    4.950237211959883e-12,
    6.173117555308838e-12,
    7.599507360227456e-12,
    4.843511098866066e-12,
    9.711988296520179e-15,
    2.968581776202421e-11,
    3.344543271256727e-11,
    3.1685241204598654e-11,
    4.240283140236632e-11,
    4.4316284782613235e-11,
    3.772326382459778e-11,
    3.515525745038714e-11,
    4.452231403956434e-11,
    3.7633247964601736e-12,
    3.5377465854510276e-12,
    4.144464027724178e-12,
    4.8980811709534926e-12,
    4.777364378832816e-12,
    5.770487480095256e-12,
    4.1336094984681285e-12,
    3.14743788145795e-14,
    5.535044708110415e-11,
    4.9866126729269245e-11,
    4.6647041469248136e-11,
    3.070025405998633e-11,
    2.8188704593709537e-11,
    4.2113228252129924e-11,
    4.250446158060051e-11,
    2.5691215323076812e-11,
    2.5377314221570403e-11,
    4.184572769712692e-12,
    3.8743066894923295e-12,
    5.889029535208377e-12,
    4.309507699992237e-12,
    6.650495876702566e-12,
    3.4299136490320997e-12,
    1.4517239220198617e-10,
    2.997951411808151e-11,
    3.3201255689391936e-11,
    3.400757812371271e-11,
    2.7350721434682527e-11,
    3.315498733585849e-11,
    3.044934022439283e-11,
    3.697957715586575e-11,
    3.233709203081079e-11,
    3.475363579588122e-11,
    4.935622955944279e-12,
    4.197611100518662e-12,
    4.229211832601236e-12,
    4.59132165085621e-12,
    5.039971471630608e-12,
    3.055897933902019e-11,
    3.4917877273502563e-12,
    1.2131664194906697e-11,
    3.403552013042727e-11,
    3.844930715366009e-11,
    2.700585619743805e-11,
    3.8211492391608956e-11,
    4.795629752842934e-11,
    4.901859313954684e-11,
    5.4765851761641255e-11,
    3.920942742347816e-11,
    3.818463022219e-12,
    4.460507686893338e-12,
    4.498896157498741e-12,
    4.935365706394457e-12,
    5.4522940609813856e-12,
    7.08035909816e-12,
    6.8555154764564515e-12,
    8.32550462471357e-12,
    3.668177083789726e-11,
    5.1682413055089e-11,
    3.246681992693959e-11,
    3.4401200733913136e-11,
    3.510341940459411e-11,
    2.7672635202907765e-11,
    3.949404410369483e-11,
    3.36146357618178e-11,
    4.6871397898961395e-12,
    3.6281299029740844e-12,
    4.482126437778148e-12,
    5.463469669712692e-12,
    6.67182130937695e-12,
    4.632635300319065e-12,
    3.272198950317179e-12,
    8.414422584258458e-12,
    3.5215354779688705e-11,
    3.8740056309410566e-11,
    3.886483726401838e-11,
    3.5137414615818305e-11,
    2.764836473518035e-11,
    2.8198643461839857e-11,
    3.8820309480361584e-11,
    3.189346802590819e-11,
    4.447322421967322e-12,
    4.598955530935699e-12,
    4.3709752632484915e-12,
    5.35621630162386e-12,
    4.819821571572697e-12,
    4.941187885835815e-12,
    3.660791344282544e-11,
    1.6384784983595914e-14,
    3.052944683103974e-11,
    4.5566057504683445e-11,
    4.234483478942513e-11,
    5.2573123644034455e-11,
    3.332818251489155e-11,
    4.139589159763058e-11,
    4.0998020721264925e-11,
    2.8839465299904834e-11,
    4.226478044331478e-11,
    5.545603332258397e-12,
    4.038650516809916e-12,
    1.579913624093816e-11,
    7.435677259412325e-12,
    3.0057563734655846e-11,
    5.101489096921417e-12,
    1.0283623750806818e-10,
    3.5766137030029e-11,
    4.711825064697081e-11,
    4.538096081770768e-11,
    5.126286192312935e-11,
    3.4615776048472975e-11,
    3.580539497753988e-11,
    3.1038457400507945e-11,
    3.4325652978729617e-11,
    5.5094750756652514e-11,
    4.344546202084707e-12,
    3.9280798767718826e-12,
    3.5684996759300174e-12,
    7.526002873418108e-12,
    5.39078092476496e-12,
    2.87452919819879e-11,
    4.143829479306675e-12,
    7.2264468270658266e-12,
    3.395927823831399e-11,
    3.415676034368688e-11,
    4.083543440917065e-11,
    2.747534519148096e-11,
    2.994701192350262e-11,
    3.141947624374974e-11,
    3.9297007231697006e-11,
    3.238136748741503e-11,
    4.727361701262007e-12,
    4.060471698267274e-12,
    4.079675130456986e-12,
    1.1754658432340236e-11,
    5.211900739074043e-12,
    4.068875651061303e-12,
    8.601189744098132e-12,
    1.5171564548068512e-15,
    4.4686337041875865e-11,
    3.24719667453814e-11,
    4.034200011220015e-11,
    3.7234867726597093e-11,
    4.785175708778122e-11,
    4.873347831608659e-11,
    5.0603255004144585e-11,
    3.787412603403857e-11,
    5.064771840164542e-12,
    4.626988908261441e-12,
    5.027656660803572e-12,
    5.635638719494266e-12,
    5.39005578022773e-12,
    5.016845215720511e-12,
    4.404625277913579e-12,
    6.099057985805698e-12,
    5.140601090953243e-11,
    2.9501471505862553e-11,
    3.208093578546125e-11,
    4.798501851665771e-11,
    4.7523115681479814e-11,
    2.7226050773883476e-11,
    3.315973117657637e-11,
    3.752593717865665e-11,
    4.290938232691973e-11,
    3.995234770486728e-12,
    4.502117828748134e-12,
    4.6558174536132404e-12,
    7.405382696266028e-12,
    4.237204094062262e-12,
    5.647430955958604e-12,
    1.9431472158824148e-14,
    3.067113174137021e-11,
    4.0797336008477655e-11,
    3.801342446271998e-11,
    5.4581373753143765e-11,
    4.0295783939830186e-11,
    3.806106148549432e-11,
    3.935432544656046e-11,
    3.887275533375865e-11,
    3.3275583809793764e-11,
    4.363817925095256e-12,
    5.080822876539325e-12,
    4.382570603086083e-12,
    6.831191201322534e-12,
    4.676768800489784e-12,
    3.2407744542861933e-12,
    5.143244767495662e-12,
    2.2694926769320513e-11,
    2.8665198353352293e-11,
    3.051664799658336e-11,
    2.9189545627019616e-11,
    3.0765380509346094e-11,
    6.313940178495242e-11,
    3.1624386561998103e-11,
    3.777262221085142e-11,
    4.0775527849688833e-11,
    3.956647330906618e-12,
    4.586632610454691e-12,
    4.74009334747821e-12,
    5.396688651555374e-12,
    5.870853839506356e-12,
    4.681072128986072e-12,
    4.0986100699599745e-12,
    6.056432843137118e-12,
    3.2056311388020706e-11,
    3.0163594860480044e-11,
    4.0448462314057774e-11,
    3.255144862096396e-11,
    4.399385109035455e-11,
    2.7251311290571744e-11,
    3.1220907683339827e-11,
    2.9325232700367095e-11,
    4.2185288574484794e-12,
    4.825390882141573e-12,
    4.252559032857179e-12,
    5.0478575578837345e-12,
    5.718088158218282e-12,
    2.896550238862601e-11,
    5.685745367835991e-12,
    1.008481575311628e-11,
    4.438013142343198e-11,
    3.232595358455133e-11,
    2.904905555013756e-11,
    3.650335132722524e-11,
    2.7157216515128008e-11,
    5.6315702871899024e-11,
    3.371666424520608e-11,
    3.296771557313098e-11,
    4.646175267611355e-12,
    4.422362035820519e-12,
    4.163912324634554e-12,
    5.016633937558942e-12,
    6.1046262493805026e-12,
    5.778509998183478e-12,
    2.5677984121926873e-11,
    1.7976503428494193e-14,
    3.31539126455467e-11,
    2.58144375764566e-11,
    2.9876349420982125e-11,
    3.914637509353966e-11,
    3.179312625400503e-11,
    3.021989279489712e-11,
    4.801065778078256e-11,
    3.8591923167376686e-11,
    4.110665048907003e-11,
    3.690324826067428e-12,
    3.830480175241832e-12,
    0.0,
    4.115330087963062e-12,
    5.808099684316253e-12,
    3.2949119757122515e-12,
    8.839068529564926e-15,
    3.639267956196026e-11,
    4.3869087636389016e-11,
    3.103235447418222e-11,
    4.3089889998102866e-11,
    2.8128734572061352e-11,
    3.0937572996450923e-11,
    3.0773508742828575e-11,
    3.361146543094413e-11,
    3.852933292979577e-11,
    4.6940833121399785e-12,
    4.823873436453074e-12,
    4.015576644988165e-12,
    4.20067031397957e-12,
    6.340278112360983e-12,
    3.738896801495747e-12,
    1.2452905392930265e-11,
    1.0950024738700774e-11,
    3.77395599698853e-11,
    3.716457122604274e-11,
    4.2628224287635716e-11,
    3.542030054950964e-11,
    4.4390025931508945e-11,
    3.244465350258352e-11,
    4.9695279094780806e-11,
    3.47341800365226e-11,
    5.492545562822953e-12,
    4.28388548778543e-12,
    4.106002336140238e-12,
    4.942434432639865e-12,
    4.897620285529782e-12,
    5.204015250409348e-12,
    3.071834337675795e-12,
    8.173375744648135e-12,
    2.744018434981764e-11,
    4.303413014226386e-11,
    3.372134499363926e-11,
    3.063456593764716e-11,
    2.850591682738839e-11,
    2.6049183937789017e-11,
    3.3268540242567854e-11,
    4.0744680954447675e-11,
    4.679994512243707e-12,
    4.469472204294829e-12,
    4.220015869928238e-12,
    9.538664087794744e-12,
    6.715593931172418e-12,
    5.3737323715218745e-12,
    8.011743741292278e-12,
    6.595607974517327e-15,
    4.286160238125153e-11,
    3.297147410842836e-11,
    2.718467469396616e-11,
    4.917560049878815e-11,
    4.450737209527894e-11,
    3.6785218129957236e-11,
    4.6270980170816534e-11,
    2.7976470725928388e-11,
    4.4032597765252365e-12,
    4.5858690299224795e-12,
    4.370526606968169e-12,
    7.253669206300032e-12,
    1.214398001696008e-11,
    4.969074720215697e-12,
    6.139523702519776e-12,
    7.51650787547828e-12,
    4.82146777238638e-11,
    2.7811672664597318e-11,
    3.010481629864431e-11,
    5.2204877648242365e-11,
    2.8485265112079884e-11,
    4.722818696183173e-11,
    3.504236504591909e-11,
    2.8787677414875565e-11,
    3.052756857418608e-11,
    4.795207216744274e-12,
    4.491128440311696e-12,
    1.908278620646948e-11,
    5.124549287069736e-12,
    5.651659403318294e-12,
    3.0082971091997274e-11,
    8.34428216061226e-12,
    3.73768430688775e-11,
    2.7751611598876703e-11,
    4.0856422406225295e-11,
    5.117858864992643e-11,
    2.841175834282286e-11,
    2.933826977549923e-11,
    3.71237226346378e-11,
    3.088774317542167e-11,
    3.363789005212133e-11,
    4.643971128396346e-12,
    4.112962680393011e-12,
    4.623141578713252e-12,
    4.590504403027601e-12,
    2.970450489270889e-11,
    1.3903210532064765e-11,
    3.051867101575121e-11,
    7.916151704770018e-12,
    3.9003732409353575e-11,
    3.0313154864780645e-11,
    2.7719731021258647e-11,
    3.0802570525506496e-11,
    3.132120599552128e-11,
    3.1385477765152704e-11,
    3.234934200247006e-11,
    2.8534409515166566e-11,
    4.910661198906901e-12,
    4.65717746089822e-12,
    4.530655924892164e-12,
    4.449331894007943e-12,
    4.671458450717187e-12,
    3.629125610830109e-12,
    2.1657409466073772e-11,
    1.0871833495951488e-11,
    4.100485660504811e-11,
    3.4302624459158655e-11,
    3.945932131805988e-11,
    3.6462411631309955e-11,
    2.950942396726711e-11,
    3.1987159427640194e-11,
    4.818158831271243e-11,
    3.3367528487031277e-11,
    4.68778676742568e-12,
    4.599124786712964e-12,
    4.369667436596756e-12,
    4.496075600305667e-12,
    6.143838417887989e-12,
    4.8723994685947364e-12,
    4.210250025594595e-12,
    1.302303304859466e-14,
    3.3536620738825595e-11,
    3.064384732963811e-11,
    3.5120164883091005e-11,
    3.4493434832115753e-11,
    2.6706291838378727e-11,
    2.954872889631647e-11,
    3.689337219449696e-11,
    4.085397338215426e-11,
    1.3841048002427773e-11,
    4.146098594844116e-12,
    5.3622635604888984e-12,
    4.918480382703999e-12,
    5.359008011204988e-12,
    4.708734141558512e-12,
    4.9132069745627976e-12,
    1.977200934393579e-12,
    2.7554320247134083e-11,
    3.519977004949305e-11,
    4.445336035053765e-11,
    3.216353443976732e-11,
    3.9466213311625114e-11,
    3.456133616127116e-11,
    3.219755105176124e-11,
    3.6551862263101617e-11,
    2.874603864666693e-11,
    4.563451441345327e-12,
    4.161033766677417e-12,
    3.883405593788526e-12,
    2.7717564010588197e-12,
    4.835419045921978e-12,
    6.3765280343381726e-12,
    2.7495213621084037e-12,
    1.4665571615431965e-11,
    2.9368605234225245e-11,
    3.4487568908255066e-11,
    3.803046486282465e-11,
    3.087923556423538e-11,
    4.5284330952536186e-11,
    4.441635829475863e-11,
    2.844850549603498e-11,
    4.5593515270375125e-11,
    4.781310374212749e-12,
    4.210709752910827e-12,
    4.74581817343498e-12,
    5.2354499942017215e-12,
    4.2895049309349634e-12,
    4.811823863833814e-12,
    5.027566932879737e-11,
    7.981648882211217e-12,
    3.285159173581855e-11,
    3.646799265215021e-11,
    4.3069176420900465e-11,
    3.5110043345519165e-11,
    5.0584549947124086e-11,
    3.914948539282003e-11,
    3.064896821576786e-11,
    2.5943977662269043e-11,
    4.560288663235203e-12,
    4.5796741754423385e-12,
    4.587399921833263e-12,
    7.277493288612326e-12,
    8.242931915880824e-12,
    5.325081482358947e-12,
    2.964624538852661e-12,
    4.27083657300204e-14,
    2.9821766756415814e-11,
    3.37059747585766e-11,
    2.961821254327838e-11,
    3.497435163942816e-11,
    4.566382064037185e-11,
    5.4836696645255265e-11,
    3.291638873038626e-11,
    3.024403667508341e-11,
    4.267717115167739e-12,
    4.234636303931531e-12,
    3.954751429589499e-12,
    5.2143550561195815e-12,
    1.2484023739638532e-10,
    5.716956531987663e-12,
    5.02778392503782e-12,
    2.1122720849902677e-14,
    4.876733621537476e-11,
    2.7772384290425706e-11,
    3.7550558638228793e-11,
    4.1072915400484485e-11,
    3.797442903016238e-11,
    2.789347471813229e-11,
    4.0128010282716184e-11,
    3.329117573634608e-11,
    3.975323483975728e-11,
    3.912481219684443e-12,
    5.044079288537912e-12,
    0.0,
    1.1999996433531528e-12,
    5.4904429838593425e-12,
    4.448733484605992e-12,
    1.1003552747630095e-11,
    3.657374025030769e-11,
    3.890170703062646e-11,
    4.3547014374122394e-11,
    2.976639924852602e-11,
    2.8343400818642287e-11,
    2.8900942177617642e-11,
    3.171801244201824e-11,
    3.5907994912799894e-11,
    3.913724063761791e-11,
    4.388253472669861e-12,
    4.199954483139074e-12,
    4.091825065833199e-12,
    5.256315510961662e-12,
    6.007367432323522e-12,
    2.872871438865921e-12,
    4.638187159826823e-12,
    8.41762557112095e-12,
    4.220117537617489e-11,
    3.214733594564665e-11,
    3.717099665872646e-11,
    3.688132615368352e-11,
    4.4661738376950734e-11,
    2.971867797052489e-11,
    4.029919792895911e-11,
    3.1386639043331617e-11,
    4.475404763299258e-12,
    4.465752162467485e-12,
    4.782607663393095e-12,
    4.827993648435415e-12,
    6.271248012902227e-12,
    7.019424868504258e-12,
    4.29921918119787e-12,
    1.3610827001889182e-11,
    4.5859683056845165e-11,
    2.9341282882164654e-11,
    2.7611763812918017e-11,
    3.3691106199757e-11,
    3.0843440015112786e-11,
    3.2920689458258083e-11,
    3.1527283631057015e-11,
    3.4731673078184984e-11,
    4.133354154443005e-12,
    4.672192226041545e-12,
    4.158802370813755e-12,
    3.953442186142725e-12,
    5.280680274049843e-12,
    6.4353654063703845e-12,
    3.833795686935068e-12,
    1.6567901174873276e-14,
    3.380056451395941e-11,
    4.117315715259679e-11,
    3.073468807057916e-11,
    4.266585548777574e-11,
    4.241101576251912e-11,
    3.2001229635141784e-11,
    3.4208598986030435e-11,
    3.944223058154575e-11,
    4.199334722807526e-12,
    4.101905933168152e-12,
    4.041510287693444e-12,
    4.55283677898377e-12,
    2.4934259502306157e-13,
    5.533885696688071e-12,
    6.698743126136298e-12,
    1.1765371155941947e-14,
    2.958959734210901e-11,
    3.0259893951233e-11,
    3.772404243411488e-11,
    3.9166380539522825e-11,
    3.3613262997522314e-11,
    3.567449099312022e-11,
    4.0374836163499064e-11,
    2.7870470542896905e-11,
    3.004405456088314e-11,
    4.533277101414935e-12,
    3.756811805207079e-12,
    4.711859495112785e-12,
    7.398583676235661e-12,
    4.516276577172452e-12,
    4.808033511143656e-12,
    8.391578172050963e-11,
    3.474876776814718e-11,
    3.555432092765775e-11,
    3.3633721214892554e-11,
    2.774105924549793e-11,
    4.248721526721669e-11,
    5.586100002060463e-11,
    3.027626206971574e-11,
    3.0260904461536776e-11,
    3.455474629839245e-11,
    4.241683710443749e-12,
    3.7974092356350155e-12,
    3.887746572206506e-12,
    2.6091349430132074e-11,
    1.2731785470921727e-11,
    6.115201877821626e-12,
    3.512152189766646e-12,
    8.861976986271428e-12,
    2.9920413897957143e-11,
    3.8429955922874317e-11,
    4.00229502966252e-11,
    3.368308338911517e-11,
    4.060167728957982e-11,
    4.554646791902612e-11,
    2.8371511733075164e-11,
    3.2252257347504775e-11,
    4.342493452595494e-12,
    4.60913729101048e-12,
    4.044567267329735e-12,
    4.731544814212572e-12,
    3.780416884846017e-12,
    4.7515099721574865e-12,
    4.986257924774865e-12,
    8.261050335943207e-12,
    3.344499808130259e-11,
    3.247374273647794e-11,
    3.478238780947084e-11,
    5.0008282577482096e-11,
    5.0080194732230565e-11,
    2.8419387591488925e-11,
    3.397946694086098e-11,
    2.9670357675829946e-11,
    4.46472707456622e-12,
    5.081483790789624e-12,
    4.261881231243269e-12,
    4.096472492818937e-12,
    5.311437758853895e-12,
    5.816920551429148e-12,
    1.904441969146645e-12,
    3.870818204103016e-14,
    2.6890692943196538e-11,
    4.655274384470584e-11,
    4.138509666904363e-11,
    3.1164317469853635e-11,
    2.97349449240043e-11,
    4.500606244072955e-11,
    3.581698924038552e-11,
    3.8900184018306294e-11,
    1.3818722903749682e-11,
    4.283834466666765e-12,
    4.104996958601765e-12,
    1.3603818231254855e-11,
    3.8322819634265625e-12,
    7.325977273849413e-12,
    4.48282606191197e-12,
    6.3944234756158665e-15,
    3.12520078378829e-11,
    3.250010833862758e-11,
    3.715866974808083e-11,
    3.1752794760047594e-11,
    3.727292967078003e-11,
    5.4348826286175165e-11,
    3.936960047913641e-11,
    4.0820895987851374e-11,
    3.357147761228861e-11,
    3.8819851686290446e-12,
    4.6098837444062936e-12,
    4.3039345536078206e-12,
    6.367005225060049e-12,
    7.1928397263029106e-12,
    3.884612017592541e-12,
    4.362180505069359e-12,
    9.708016789619077e-12,
    2.6271600816989104e-11,
    3.081894440085546e-11,
    2.874567690317325e-11,
    3.131322319852691e-11,
    5.565681914168323e-11,
    2.7996159326892695e-11,
    3.0604930584319136e-11,
    3.117704771035555e-11,
    4.494517767457101e-12,
    4.4449653296752926e-12,
    3.843668377349541e-12,
    6.465206840519008e-13,
    7.925055629867027e-12,
    3.316259786345614e-11,
    8.118070953481992e-12,
    6.814474235436418e-12,
    3.3069731734186844e-11,
    3.985247165598497e-11,
    3.3881162679883607e-11,
    3.176148628326331e-11,
    4.499390110635953e-11,
    3.82755655561719e-11,
    4.0825782225194924e-11,
    3.3017373298656386e-11,
    4.2197485165310426e-12,
    4.327440576295504e-12,
    4.31970501325226e-12,
    5.818947991676e-12,
    6.9727013427753625e-12,
    4.9825224578969655e-12,
    8.237110440483353e-12,
    7.658413886404155e-12,
    4.276182257420608e-11,
    5.0672702451077796e-11,
    2.8734022178957377e-11,
    3.530165952100338e-11,
    3.77443898593107e-11,
    4.185936230482359e-11,
    6.342620522440324e-11,
    3.004044542424469e-11,
    4.137800919152408e-12,
    3.957069117452965e-12,
    3.8103488397546956e-12,
    4.0579492747926e-12,
    7.618137424039e-12,
    4.9177530360747854e-12,
    3.4197848193602306e-12,
    7.98446284934978e-12,
    4.2794637066781157e-11,
    4.400301871563244e-11,
    5.4506680777997646e-11,
    3.242947125248085e-11,
    3.258219393468713e-11,
    3.979798927901286e-11,
    3.605287286215166e-11,
    4.904743237234762e-11,
    2.755135906211751e-11,
    3.897451828959151e-12,
    3.722058684247867e-12,
    0.0,
    7.44023037580426e-12,
    7.363086652974045e-12,
    4.533330495947646e-12,
    4.2150956654930743e-13,
    4.569300460266335e-11,
    3.350474679136405e-11,
    3.529354628643288e-11,
    4.460996126188602e-11,
    4.4472238549765576e-11,
    4.61371464788061e-11,
    3.246002435081897e-11,
    4.638426207234247e-11,
    4.93993044602142e-11,
    4.524708418076803e-12,
    4.367199032933551e-12,
    4.994803497407334e-12,
    5.00614649887498e-12,
    2.477959017087018e-11,
    5.778479406163569e-12,
    2.910689280899833e-11,
    8.751442980390414e-12,
    3.8441471152139047e-11,
    3.3629338298167543e-11,
    4.3917518590516656e-11,
    4.741452612598435e-11,
    4.758769396623533e-11,
    5.0812160793587176e-11,
    3.485769522885142e-11,
    3.013051093195606e-11,
    4.516651595124558e-12,
    4.950871916634784e-12,
    3.907051092544667e-12,
    3.787231128933075e-12,
    1.0352287932351768e-14,
    4.036082783415902e-12,
    2.5090393538304174e-11,
    7.584744480376006e-12,
    3.4974167515549e-11,
    3.582636399090007e-11,
    2.892492012230351e-11,
    4.731186690718414e-11,
    2.6825804807031056e-11
  ],
  "rhs_norm_N": [
    0.22273737164817697,
    0.18974383614509177,
    0.20438523005166798,
    0.19193553008866746,
    0.22401669202961727,
    0.2507421492123731,
    0.03957551971305143,
    0.0374208011288203,
    0.1796046634592877,
    0.02415921634293748,
    0.2043229380718885,
    0.03871445779031412,
    0.018168347047377117,
    0.22653088948661398,
    0.23806540620214203,
    0.21903545664426194,
    0.19419132562356298,
    0.18204997456837071,
    0.19210700634540903,
    0.1954733378131867,
    0.2135692913489874,
    0.21117693913940222,
    0.03699474849659326,
    0.04018950969785952,
    0.037889566772571596,
    0.031361579236238446,
    0.0334026670425952,
    0.18726499610876582,
    0.1729505447352754,
    0.0496214996182028,
    0.27294639104537477,
    0.25228910352689976,
    0.20701355602556676,
    0.25732202975193613,
    0.2186179067194809,
    0.18631947360384593,
    0.18098214584657082,
    0.19918489610929663,
    0.037470036808512235,
    0.03585333774249049,
    0.03710090211802048,
    0.03685955059510453,
    1.5095766580766238e-08,
    0.04067568982734111,
    0.0011320611398187113,
    0.06533506135577942,
    0.19882546973304877,
    0.22721543713104475,
    0.19098274772157836,
    0.21276903581472895,
    0.19745577020046512,
    0.20346524750403017,
    0.18437661452677187,
    0.18809532445448585,
    0.035949965041377104,
    0.03685321007906708,
    0.03729524747981795,
    0.024247809727371884,
    0.03483588411486013,
    0.05110385766068665,
    0.028281318417603115,
    0.00011102592112117624,
    0.27949638034161195,
    0.1695697169867955,
    0.23494377762781263,
    0.26623423277674935,
    0.20338575506477105,
    0.2646939358426172,
    0.2267507193178387,
    0.1954068141341428,
    0.18075226226498792,
    0.03613663821598623,
    0.037213477716354214,
    0.02497890037684927,
    0.04096985219604536,
    0.03952770433115725,
    0.10778931144199833,
    0.03813512698489824,
    0.2517844844084609,
    0.2091583552895261,
    0.21249631183711953,
    0.26233142624100325,
    0.1849757030512277,
    0.26519257595400797,
    0.21025171795794892,
    0.20168866199814078,
    0.27393135726225953,
    0.03483482654168533,
    0.039091693219225954,
    0.04235658265813597,
    0.03554730776907316,
    0.03735028133854312,
    0.02989352355617685,
    0.021764819551211328,
    0.09134157185452982,
    0.2094060465093134,
    0.22006865305663356,
    0.23549040973168178,
    0.20732570735349024,
    0.19655103234126975,
    0.22397043637949182,
    0.2505878487252466,
    0.23719004415691133,
    0.03905899930134485,
    0.03846374853947375,
    0.04164864381863126,
    0.03327990876700453,
    0.002882310960361454,
    0.04823906141528357,
    0.03963253414626427,
    0.07083607147665506,
    0.22411032770853237,
    0.19312862952096016,
    0.2614498815606464,
    0.18572166957214173,
    0.1927294522647359,
    0.1907488140270527,
    0.2249828883107522,
    0.20944218299232573,
    0.03933958749539319,
    0.04045512717960522,
    0.03912285930769974,
    0.03644695746896099,
    1.465664694647294e-07,
    0.03758826524865063,
    0.03830261441357119,
    0.0648891684084886,
    0.28622942152269576,
    0.17334625095920983,
    0.1772997902963056,
    0.20696371322281967,
    0.20709868956441366,
    0.17642954004226205,
    0.2287238372967836,
    0.2558138416406488,
    0.037355209715721115,
    0.03937058767578077,
    0.039808243765253305,
    0.03236463782406905,
    0.6685199002966079,
    0.031880075143119635,
    0.028134746213066705,
    0.00032008488251023,
    0.21457391631759404,
    0.19116534943179206,
    0.19930863160180695,
    0.20732337660743197,
    0.23204895761345593,
    0.17839098543300175,
    0.22766244596539473,
    0.24239180008173816,
    0.23501666047799924,
    0.035651444801725295,
    0.03682415368021578,
    0.0,
    0.05998058981008454,
    0.21848580220929706,
    0.024925993652413006,
    0.05561797984619854,
    0.2022980324109482,
    0.2578816710983692,
    0.17807648246867963,
    0.28753591431938114,
    0.2196492872376087,
    0.22990348463603802,
    0.2735961342959408,
    0.19938005429308492,
    0.20906328373322922,
    0.0384865682344591,
    0.03690961494517018,
    0.04087667697082238,
    0.027361912976648764,
    0.0347107393029696,
    0.035916018497416415,
    0.02247013562137163,
    0.04571793126465141,
    0.2221234924762608,
    0.25265460992215727,
    0.21146287500049699,
    0.17600183742169337,
    0.17010783609145608,
    0.1727747201710532,
    0.24161402977146448,
    0.19894174951089175,
    0.037355164586643425,
    0.03945903785902665,
    0.03952283864630172,
    0.03286774821709693,
    4.113076323592204e-07,
    0.04043681406902363,
    0.0031495112477917,
    0.06802614780291984,
    0.21650637681616577,
    0.17941760378835542,
    0.22192294788938688,
    0.24215157010519672,
    0.19093804170189543,
    0.21427341379865125,
    0.24611507504715388,
    0.20868621833520717,
    0.04063851761315009,
    0.035294973368159774,
    0.042111465156020794,
    0.03281838391140688,
    0.04154567083231619,
    0.278911855750134,
    0.0009228537052723507,
    6.228743058825607e-05,
    0.25009939598749314,
    0.222990322531669,
    0.21860181293123468,
    0.2622469126567703,
    0.20728396633857926,
    0.21064620127279507,
    0.2056189028028613,
    0.2150105725957018,
    0.07672892333483917,
    0.03494394548064745,
    0.04179621103110961,
    0.023012740487031717,
    0.02639705115454804,
    0.07736579076512344,
    0.17611498664577063,
    9.350191525577313e-05,
    0.22130729775961774,
    0.2934050829871173,
    0.24320325379627328,
    0.2617505548623966,
    0.2820899645621422,
    0.19187015235961907,
    0.26799115432558057,
    0.2477546199825672,
    0.20865922353198574,
    0.037234865055995735,
    0.039790131327746864,
    0.03245441773102539,
    0.02493296081936874,
    0.04154389662147082,
    0.03783109746631634,
    0.008569015841611216,
    0.21363814729580657,
    0.26529723155277507,
    0.19599734491246604,
    0.19454343782504413,
    0.1866961080829781,
    0.2058504107235646,
    0.17858292688674582,
    0.19468718397528773,
    0.2229547892497303,
    0.038632369776819095,
    0.03736190821606937,
    0.042679670306022925,
    0.02125386925955486,
    0.024640883439688344,
    0.038676151830726736,
    0.2093360762833958,
    0.05526797440611957,
    0.22098250350602372,
    0.205690593037165,
    0.2582157667018593,
    0.20519118138668968,
    0.16830282639261837,
    0.17943866113291423,
    0.22119408748840363,
    0.23418696691904575,
    0.035427818692366914,
    0.0411431940380869,
    0.03616742819418,
    0.021258131592312806,
    0.03857462401677456,
    0.030776065699116027,
    0.03518997436249774,
    5.2472999498492565e-05,
    0.2041455057896755,
    0.21223318525742627,
    0.214629273921844,
    0.24719597594581544,
    0.23448245159361275,
    0.2611604459520963,
    0.2057435839778219,
    0.26395038307873125,
    0.035248190782536055,
    0.03630433711122916,
    0.03863983910468417,
    0.050452241302966376,
    0.038415042114061444,
    0.042193437235609546,
    0.028328143162980178,
    0.00019135512443029133,
    0.2849546354724227,
    0.295772726306642,
    0.2820375395549608,
    0.1711681893580044,
    0.1953799462119995,
    0.25398872269831435,
    0.2493742287604531,
    0.1922628812118305,
    0.19563552507509266,
    0.03991180952656355,
    0.03720996923985031,
    0.03786821761472082,
    0.039085613108155684,
    0.038911642219614885,
    0.030505934953521233,
    0.8268817959061582,
    0.17944474589109444,
    0.22020891203811147,
    0.20501644724678747,
    0.17372883285317403,
    0.19557051270039713,
    0.1647487578499536,
    0.1980343435430777,
    0.18615995539310187,
    0.21674166485093127,
    0.036268317909915006,
    0.03953172056953183,
    0.04149167365451144,
    0.02149985894427837,
    0.03140137879159058,
    0.23103202905907227,
    0.02863259145986835,
    0.07948302912628902,
    0.24169139524332311,
    0.24882192809982515,
    0.17372060360642091,
    0.21846265537716458,
    0.2394910255700152,
    0.24697148628644752,
    0.2379742488268411,
    0.20018117690150122,
    0.03666621069423132,
    0.041608215933202394,
    0.03805313731602707,
    0.02457475578431939,
    0.03336599834825013,
    0.03854100881590299,
    0.046171711907051716,
    0.06713398929132536,
    0.24231986671751493,
    0.2620693111934574,
    0.2231972025000328,
    0.215604551307711,
    0.229694488309277,
    0.201430620844321,
    0.2190542776417997,
    0.2003701784202383,
    0.0414708593701738,
    0.035594327147951736,
    0.04161963945343967,
    0.0234473182707664,
    0.03789678048094901,
    0.03475727669555307,
    0.022436243660114905,
    0.05156845039262641,
    0.21727237879953717,
    0.24850242850764262,
    0.20034391038894797,
    0.20692753545895595,
    0.17738931577165049,
    0.19640775715732586,
    0.25888592383035247,
    0.2078586643033138,
    0.03938403495438526,
    0.04100049838562004,
    0.04275148151478535,
    0.0382545806706475,
    0.03360939317004526,
    0.04290765720202737,
    0.17529160614272601,
    0.00011804742802053364,
    0.17700613984586094,
    0.2897087288079089,
    0.22342042985890168,
    0.24904969101437802,
    0.19865322602035151,
    0.2014064458145166,
    0.23496509413203553,
    0.17035158238028078,
    0.2544196466883711,
    0.04030779358319517,
    0.03920423140742531,
    0.11632393511263658,
    0.023921522488389368,
    0.22628908990979202,
    0.031790133965775555,
    0.7307710403459535,
    0.22668533364284182,
    0.2736832358318307,
    0.26879252426466593,
    0.2447602612734159,
    0.21960782319260816,
    0.21742934422602936,
    0.17780745274757337,
    0.20922741390150662,
    0.24034937195891137,
    0.034554240545972476,
    0.03841540220428331,
    0.03558665849095588,
    0.06254329762397834,
    0.027454856432117737,
    0.2061004671542889,
    0.03330921050588469,
    0.045610855615068044,
    0.21283489565028418,
    0.2040642055899924,
    0.25397613387609297,
    0.17529321260062586,
    0.19686575578863535,
    0.20427427913190416,
    0.24671394167495012,
    0.1948919398206517,
    0.03802220892782778,
    0.03830017317790033,
    0.04269006056981717,
    0.07698117359908963,
    0.03780397234965156,
    0.025551178796301616,
    0.05692573630898963,
    7.999727756259446e-06,
    0.25608294500795553,
    0.2067732127962362,
    0.2677325928952773,
    0.1921411865240652,
    0.23969083060052768,
    0.24229137895748096,
    0.224789492941251,
    0.2385320837136468,
    0.03733440381519684,
    0.03929408687355094,
    0.04102336191391835,
    0.03526976160957785,
    0.03587521109047242,
    0.03624882487617791,
    0.028934387161407452,
    0.050589742339711294,
    0.2919485731217119,
    0.20548990966346262,
    0.20324480009713036,
    0.2779765219228312,
    0.2665482755958799,
    0.17657193378995875,
    0.19541073678522328,
    0.2366354873030269,
    0.22563646209927046,
    0.038527885548796756,
    0.03747320463248709,
    0.025600488643567103,
    0.042253433879643115,
    0.03950666549600663,
    0.05460219198918999,
    0.00014569625287025393,
    0.20737490874411324,
    0.25069166097019197,
    0.2006976294680918,
    0.2630723455888143,
    0.22333448367631828,
    0.21653613411131414,
    0.19424064590155013,
    0.21976207218822008,
    0.20702171903873384,
    0.03491626695216849,
    0.040298598121666966,
    0.04046185482803884,
    0.036613291016462886,
    0.03635509450411172,
    0.03052152009774194,
    0.042097512053199164,
    0.15290794797213145,
    0.19466105823824686,
    0.20705825798407182,
    0.183791608059249,
    0.17413994035582583,
    0.2701257061409215,
    0.19755183152756944,
    0.21188396429816195,
    0.24093420301363105,
    0.03733876939777233,
    0.04054579578802893,
    0.036511004851969786,
    0.035632810753012154,
    0.03702499252369062,
    0.043581451628176816,
    0.03537996947891432,
    0.04206507784999026,
    0.21947136570410053,
    0.18362930301337796,
    0.27657487314026646,
    0.21134424269122237,
    0.22918737234455172,
    0.1834470360469446,
    0.21389512456361273,
    0.17622416470621566,
    0.03487133836148346,
    0.03821027137384781,
    0.042876562034910526,
    0.046505319809086856,
    0.038940677769032275,
    0.2245636493947385,
    0.03743852439683384,
    0.04968624901443799,
    0.237898009106419,
    0.21517693106198235,
    0.2081609727307858,
    0.22757025481418533,
    0.1982088538807585,
    0.25303260987534004,
    0.21591510223303562,
    0.19672691202525713,
    0.04051988049622203,
    0.03649930026718872,
    0.03602948768093616,
    0.034752964634127165,
    0.033505980802215396,
    0.03936314449566764,
    0.14710701990753036,
    0.00010721175218342878,
    0.20908865208090513,
    0.17683205498654364,
    0.19948182553903726,
    0.23061612593669342,
    0.20171049740762928,
    0.19456888898778785,
    0.25056553595890246,
    0.23113678320904885,
    0.22549385406671835,
    0.03741082100628803,
    0.03588443714187828,
    0.0,
    0.03265231887869607,
    0.036681339830235055,
    0.034145314358258703,
    5.6699000905679944e-05,
    0.22206461141270664,
    0.2743513569046289,
    0.20622622742525967,
    0.21165223586708679,
    0.1858386494913542,
    0.17988546559143073,
    0.20333450452977705,
    0.1653566054963584,
    0.232157497281772,
    0.03977213645872848,
    0.03550240258923163,
    0.041011783660743095,
    0.023152326314949682,
    0.03941747469383705,
    0.03857968635288311,
    0.0959030660132827,
    0.06558524313950309,
    0.21896078201993974,
    0.2180721265398851,
    0.24493101311763996,
    0.204063215193179,
    0.2364139670768762,
    0.21064955475577257,
    0.2250783862910268,
    0.18317887178825115,
    0.04090290482180965,
    0.036089943875289264,
    0.03647607312292909,
    0.040277724302218654,
    0.04077779839829881,
    0.03295704750164436,
    0.03254861840324427,
    0.04671594232651936,
    0.20775741255202465,
    0.2640794726431505,
    0.20190261079978017,
    0.18088682516324392,
    0.1918946862929231,
    0.2066530260054979,
    0.21768100247687736,
    0.21327262253003398,
    0.040032896853840275,
    0.04162127599530446,
    0.04150096226569207,
    0.04925945143682536,
    0.0353402543642785,
    0.04157502737966385,
    0.03921259200409128,
    5.612773059293927e-05,
    0.26437286180937597,
    0.19562244158827174,
    0.1804127720530758,
    0.2460163253229705,
    0.2310940516131666,
    0.182850215856537,
    0.2155457300520533,
    0.17834458928986838,
    0.03858815994005832,
    0.037826249102842525,
    0.0412762506758967,
    0.07225265210346947,
    0.07964813829314646,
    0.03455224473749023,
    0.03425711968504226,
    0.052530601916400035,
    0.2715869531951166,
    0.18094887376608876,
    0.2134967281162411,
    0.2414664705386745,
    0.18183358764954627,
    0.23928849054219967,
    0.23262944238092384,
    0.17429344228497937,
    0.21560184480758848,
    0.03859503302609125,
    0.035551885598566806,
    0.1699843917357173,
    0.025931419140781495,
    0.03656826839354108,
    0.21595640103854447,
    0.0471412864003295,
    0.24700095122806054,
    0.1947001702631805,
    0.2608702044129445,
    0.2592657904950927,
    0.19463648933432828,
    0.18212513291683735,
    0.1891692949048703,
    0.22278612712665283,
    0.19475271277415276,
    0.040995491605102616,
    0.036513480353384,
    0.03629603793196708,
    0.036448730903642486,
    0.17891053400591062,
    0.10468243525274801,
    0.17653827289555007,
    0.04351293533772941,
    0.2326779866608773,
    0.2147295951702465,
    0.1704777767165704,
    0.18912689957750708,
    0.1786768182455531,
    0.17762628343918935,
    0.179567355558051,
    0.18531613180462153,
    0.03915833293247683,
    0.03908075090535082,
    0.04013274852235625,
    0.025307606489157017,
    0.03501963006340069,
    0.034091977520727644,
    0.1287329898255619,
    0.07453526782572617,
    0.24274183568802585,
    0.20424989703198662,
    0.23849553719228014,
    0.2147720066233829,
    0.17364957403045375,
    0.17028862438699027,
    0.274894779349275,
    0.19363132150288978,
    0.04021213409849536,
    0.03698310389553631,
    0.04033915682608106,
    0.027871935968422114,
    0.041473351366749935,
    0.029798010417483426,
    0.03621715055964128,
    8.147254048754771e-05,
    0.18303094752043547,
    0.2211048067535908,
    0.22474874847367005,
    0.2037004934221523,
    0.20323324464332035,
    0.18555410781287293,
    0.203564706680943,
    0.27234109167413834,
    0.10697038699523405,
    0.036186891713592545,
    0.04104347277819483,
    0.025861500242556245,
    0.037925007236362177,
    0.03636886522565109,
    0.033129961153986066,
    0.015242968926482619,
    0.19502627306991768,
    0.1929400750036617,
    0.25801524973620193,
    0.22670826885520062,
    0.25203671232314273,
    0.18559741555610237,
    0.19135538941820254,
    0.22603327880466167,
    0.17354866088854726,
    0.03702900365968854,
    0.03902550542680992,
    0.03489826254909054,
    0.0293421283755116,
    0.028789438123793355,
    0.033114757574810236,
    0.016789259857146663,
    0.09670012805088879,
    0.22325381660310728,
    0.22537754584582573,
    0.23244907310215604,
    0.170445310501079,
    0.2731773806714502,
    0.23947507973460144,
    0.20167010895325344,
    0.2728078393648953,
    0.041225285808535427,
    0.036670314968386644,
    0.04235614445287268,
    0.03361552674248942,
    0.03342550189904969,
    0.04306249374503297,
    0.2980970673225125,
    0.06420180635322416,
    0.2020962688038358,
    0.20812714953634914,
    0.22519520302587037,
    0.2725038191181392,
    0.2405033516378002,
    0.21972720723553216,
    0.16370006407777007,
    0.16911995772883576,
    0.04006530858911193,
    0.04177108890052925,
    0.03884819227444832,
    0.03910673057919255,
    0.06945118801311054,
    0.035718570631333046,
    0.020855737492133267,
    0.00025259567765645286,
    0.18739329256899132,
    0.2195165221669835,
    0.20517171515581184,
    0.22228222374470996,
    0.23106149269533952,
    0.2664813322419661,
    0.2449878445184158,
    0.17278289935119484,
    0.03484703537144739,
    0.04059879327824257,
    0.036689468172806286,
    0.022556493308592197,
    0.7143446971787593,
    0.03869036694179584,
    0.03021778053180739,
    0.00010992796684421921,
    0.2616142209237897,
    0.1863307828226039,
    0.2176351401903731,
    0.2791498973408295,
    0.24354174488742952,
    0.1953438960322697,
    0.20416836723586204,
    0.16558180656491672,
    0.2361749411954146,
    0.040843547535688,
    0.04204789756391135,
    0.0,
    0.0074755054133280865,
    0.041510975470240484,
    0.026070358257981086,
    0.08680606901839978,
    0.1871863434826386,
    0.22443017181565572,
    0.2581360155948104,
    0.21179891513293564,
    0.18048506013142443,
    0.20876985666195708,
    0.2132211753549157,
    0.18370100115790217,
    0.23803287179442392,
    0.035081614289801,
    0.03533052078868727,
    0.04103028284691972,
    0.027611123139751767,
    0.03452141245695903,
    0.022028760654079917,
    0.025531341424481484,
    0.050474945313028236,
    0.23288517628843744,
    0.2329938083578764,
    0.22714863674807675,
    0.20229494355425878,
    0.23805302972873812,
    0.19888215932892997,
    0.25740905226028876,
    0.19390074255809917,
    0.03854678900822714,
    0.040573615765677466,
    0.04289320351065875,
    0.02429219640956163,
    0.037587424521714895,
    0.03701076746941633,
    0.036209078540007364,
    0.08837536091323939,
    0.24683009758742627,
    0.1988785551872873,
    0.21257906466276355,
    0.24071520219018766,
    0.18506371152532836,
    0.166778933367521,
    0.18557267938872565,
    0.20336257642617073,
    0.03906589263007333,
    0.040408443762446886,
    0.03618552956184119,
    0.024827737439495453,
    0.039182323042373075,
    0.0406638181091688,
    0.02410465809627505,
    0.00010432559898145135,
    0.24924376607920187,
    0.26901401500656535,
    0.20379370258623544,
    0.2587057044268325,
    0.22362750762263886,
    0.2140048315160004,
    0.2230723340719177,
    0.23704021730960712,
    0.03690624682134471,
    0.03627895415835587,
    0.03755750881196465,
    0.0335638733621076,
    0.0018976047688948855,
    0.03528485369003841,
    0.033215035256101394,
    7.172303136972029e-05,
    0.19034637226569448,
    0.21893054971195677,
    0.19187006492174358,
    0.2620302031645692,
    0.21276720946225366,
    0.2066870102336423,
    0.2269326408264346,
    0.17347072820301307,
    0.19592160751451596,
    0.03802319554596815,
    0.036154472517866694,
    0.04370799140465159,
    0.03749738596239842,
    0.036499038814597214,
    0.03552507776231551,
    0.7733030694648753,
    0.1828323398843283,
    0.24469851637068782,
    0.20836665827705925,
    0.20001262962867755,
    0.25110670299395493,
    0.26339888928473953,
    0.19728902628974496,
    0.23097720685806244,
    0.19749555708636368,
    0.04009718491750564,
    0.03978138763089116,
    0.04015533621200197,
    0.12433055609294222,
    0.08724760576061791,
    0.03630464591218588,
    0.024789244444512862,
    0.056270583336367946,
    0.21963403702767773,
    0.2285558892925793,
    0.244482817505695,
    0.1967580165536837,
    0.25517467230036267,
    0.24397184263687435,
    0.18898160694465432,
    0.1978284407322606,
    0.03609266852970632,
    0.040916126268542685,
    0.04019098085144191,
    0.027567467417802076,
    0.03932646411713735,
    0.035732683683024,
    0.02999470885039699,
    0.04965714689212577,
    0.20017541931042399,
    0.21558169333253877,
    0.22478329575604203,
    0.25944060413515874,
    0.24166697652668925,
    0.17445878161296077,
    0.24528892004228225,
    0.17864187412459015,
    0.038149979259465956,
    0.040762150283663784,
    0.03632345385763668,
    0.023393478518738225,
    0.023601450155350055,
    0.03773652634040848,
    0.019621534587352444,
    0.00020069679358955395,
    0.19317378089322915,
    0.29369268127509957,
    0.27126563375011903,
    0.16828158938651439,
    0.18438481129501175,
    0.25757590740523983,
    0.21804703109814516,
    0.24651359716842125,
    0.11064122951825836,
    0.0362535615148568,
    0.036194083434893484,
    0.09298631457792543,
    0.02479534340718152,
    0.04059476010094231,
    0.033699190628401654,
    3.5694129684024886e-05,
    0.23788661149112758,
    0.20800565433325655,
    0.1763503048515602,
    0.2231442873802467,
    0.20002196806083092,
    0.2334876426080842,
    0.1989065124590607,
    0.21827298881905977,
    0.20721992356382685,
    0.03569832659580655,
    0.03706276084698695,
    0.04276752815576766,
    0.040529976478177854,
    0.03995823395001651,
    0.02767266268010932,
    0.029020185862286007,
    0.06446602636901397,
    0.2206698294573989,
    0.20368751290694834,
    0.21455935443426793,
    0.20443192908003446,
    0.24588644196434933,
    0.17427618209521378,
    0.1925124258026491,
    0.22311696079530322,
    0.03988247694085011,
    0.03780123680412141,
    0.03729079810386192,
    0.004878600136443534,
    0.06472784597920864,
    0.18011502529177656,
    0.05164376838496356,
    0.046120651365625466,
    0.17810178781342104,
    0.2752971314256373,
    0.17633082861507518,
    0.17715506110200385,
    0.24546833083270403,
    0.23930412310622937,
    0.19919695989757358,
    0.2468187550573331,
    0.0413080200667135,
    0.04137501910184016,
    0.03658602802537005,
    0.030655576260267166,
    0.038557600911446464,
    0.04924472713503527,
    0.05612613655786213,
    0.05456435658262765,
    0.3032991817210525,
    0.2659379784071615,
    0.19246397836804938,
    0.1963632132557793,
    0.21011544479833974,
    0.2663290804097521,
    0.26675820760900154,
    0.19358830711425648,
    0.036752176174945354,
    0.03723215029998207,
    0.041462167878777885,
    0.02199602394311697,
    0.07410030339924462,
    0.03285593955048656,
    0.03403866024613193,
    0.050983906867062265,
    0.2631529866326333,
    0.27001684506149837,
    0.2873191983439423,
    0.19380970915013696,
    0.21071183477872482,
    0.1932040003761799,
    0.1725174463151461,
    0.2695562876728059,
    0.1900947836031338,
    0.03468781819833123,
    0.03794183235765472,
    0.0,
    0.035200963284173444,
    0.036376904031696106,
    0.035592519247554376,
    0.004597518302368364,
    0.2681185094247864,
    0.21264239821445216,
    0.22780249806291347,
    0.24422756873127655,
    0.26026782209842275,
    0.2540783484505747,
    0.21200504014212715,
    0.2238956623227926,
    0.20019688396013244,
    0.03918038842051669,
    0.03791650988677765,
    0.041843915362872054,
    0.023470571223362616,
    0.24764602926189272,
    0.02674888825737265,
    0.22915443555594564,
    0.05745216615880943,
    0.23155087258766877,
    0.21126807097714503,
    0.23339175103728627,
    0.23912076919674008,
    0.23787878307428637,
    0.22258144894374546,
    0.2616299229962508,
    0.18985064714742697,
    0.035877665411942115,
    0.03963052268100237,
    0.040432116987132546,
    0.032100399834112205,
    5.033284762738738e-05,
    0.03644066676844694,
    0.1731701303681652,
    0.05008916507082952,
    0.2361511482392932,
    0.20458121506161656,
    0.18203870621875104,
    0.24660353513590072,
    0.19523106700829715
  ],
  "profiler_note": "Captured Quadrants graphs are omitted by the kernel profiler; stage wall times include them.",
  "dofs": 2430,
  "tetrahedra": 480,
  "method_selected": "inverse",
  "build_timings_including_JIT": {
    "topology_seconds": 0.19976601097732782,
    "operators_seconds": 1.3855355652049184,
    "factor_seconds": 13.724750708788633,
    "inverse_seconds": 0.5107477232813835
  },
  "stress_configurations": [
    {
      "mesh": "/mnt/home/zhaofeng/workspace/Genesis/.worktrees/rigid-stress-recovery/examples/rigid/assets/hollow_egg/level1/elastic.npz",
      "young": 10000000000.0,
      "poisson": 0.3,
      "density": 2000.0,
      "contact_radius": 0.006,
      "quadrature": 10,
      "tolerance": 1e-08,
      "absolute_tolerance": 1e-11,
      "max_iterations": 2000,
      "warm_start": true,
      "history_size": 0,
      "method": "auto",
      "cooperative_solve": true,
      "cooperative_pressure": true,
      "inverse_max_bytes": 67108864,
      "inverse_precision": "64",
      "inverse_corrections": 2,
      "preconditioner": "block"
    }
  ],
  "native_buffers": [
    {
      "name": "stress.0.info.vertices",
      "shape": [
        810,
        3
      ],
      "dtype": "torch.float64",
      "bytes": 19440,
      "kind": 1
    },
    {
      "name": "stress.0.info.elements",
      "shape": [
        480,
        10
      ],
      "dtype": "torch.int32",
      "bytes": 19200,
      "kind": 1
    },
    {
      "name": "stress.0.info.surface_nodes",
      "shape": [
        80,
        6
      ],
      "dtype": "torch.int32",
      "bytes": 1920,
      "kind": 1
    },
    {
      "name": "stress.0.info.edges",
      "shape": [
        6,
        2
      ],
      "dtype": "torch.int32",
      "bytes": 48,
      "kind": 1
    },
    {
      "name": "stress.0.info.gradients",
      "shape": [
        480,
        4,
        3
      ],
      "dtype": "torch.float64",
      "bytes": 46080,
      "kind": 1
    },
    {
      "name": "stress.0.info.volumes",
      "shape": [
        480
      ],
      "dtype": "torch.float64",
      "bytes": 3840,
      "kind": 1
    },
    {
      "name": "stress.0.info.row_start",
      "shape": [
        811
      ],
      "dtype": "torch.int32",
      "bytes": 3244,
      "kind": 1
    },
    {
      "name": "stress.0.info.columns",
      "shape": [
        20274
      ],
      "dtype": "torch.int32",
      "bytes": 81096,
      "kind": 1
    },
    {
      "name": "stress.0.info.element_entries",
      "shape": [
        480,
        10,
        10
      ],
      "dtype": "torch.int32",
      "bytes": 192000,
      "kind": 1
    },
    {
      "name": "stress.0.info.stiffness",
      "shape": [
        20274,
        3,
        3
      ],
      "dtype": "torch.float64",
      "bytes": 1459728,
      "kind": 1
    },
    {
      "name": "stress.0.info.mass",
      "shape": [
        20274
      ],
      "dtype": "torch.float64",
      "bytes": 162192,
      "kind": 1
    },
    {
      "name": "stress.0.info.modes",
      "shape": [
        810,
        3,
        6
      ],
      "dtype": "torch.float64",
      "bytes": 116640,
      "kind": 1
    },
    {
      "name": "stress.0.info.mass_modes",
      "shape": [
        810,
        3,
        6
      ],
      "dtype": "torch.float64",
      "bytes": 116640,
      "kind": 1
    },
    {
      "name": "stress.0.info.centrifugal",
      "shape": [
        810,
        3,
        6
      ],
      "dtype": "torch.float64",
      "bytes": 116640,
      "kind": 1
    },
    {
      "name": "stress.0.info.gram",
      "shape": [
        6,
        6
      ],
      "dtype": "torch.float64",
      "bytes": 288,
      "kind": 1
    },
    {
      "name": "stress.0.info.gram_inverse",
      "shape": [
        6,
        6
      ],
      "dtype": "torch.float64",
      "bytes": 288,
      "kind": 1
    },
    {
      "name": "stress.0.info.pins",
      "shape": [
        6
      ],
      "dtype": "torch.int32",
      "bytes": 24,
      "kind": 1
    },
    {
      "name": "stress.0.info.is_free",
      "shape": [
        810,
        3
      ],
      "dtype": "torch.int32",
      "bytes": 9720,
      "kind": 1
    },
    {
      "name": "stress.0.info.diagonal_inverse",
      "shape": [
        810,
        3,
        3
      ],
      "dtype": "torch.float64",
      "bytes": 58320,
      "kind": 1
    },
    {
      "name": "stress.0.info.scalar_diagonal_inverse",
      "shape": [
        810,
        3
      ],
      "dtype": "torch.float64",
      "bytes": 19440,
      "kind": 1
    },
    {
      "name": "stress.0.info.mass_properties",
      "shape": [
        4
      ],
      "dtype": "torch.float64",
      "bytes": 32,
      "kind": 1
    },
    {
      "name": "stress.0.factor.order",
      "shape": [
        810
      ],
      "dtype": "torch.int32",
      "bytes": 3240,
      "kind": 1
    },
    {
      "name": "stress.0.factor.row_start",
      "shape": [
        811
      ],
      "dtype": "torch.int32",
      "bytes": 3244,
      "kind": 1
    },
    {
      "name": "stress.0.factor.columns",
      "shape": [
        66669
      ],
      "dtype": "torch.int32",
      "bytes": 266676,
      "kind": 1
    },
    {
      "name": "stress.0.factor.sources",
      "shape": [
        66669
      ],
      "dtype": "torch.int32",
      "bytes": 266676,
      "kind": 1
    },
    {
      "name": "stress.0.factor.column_start",
      "shape": [
        811
      ],
      "dtype": "torch.int32",
      "bytes": 3244,
      "kind": 1
    },
    {
      "name": "stress.0.factor.rows",
      "shape": [
        66669
      ],
      "dtype": "torch.int32",
      "bytes": 266676,
      "kind": 1
    },
    {
      "name": "stress.0.factor.transpose_entries",
      "shape": [
        66669
      ],
      "dtype": "torch.int32",
      "bytes": 266676,
      "kind": 1
    },
    {
      "name": "stress.0.factor.lower",
      "shape": [
        66669,
        3,
        3
      ],
      "dtype": "torch.float64",
      "bytes": 4800168,
      "kind": 1
    },
    {
      "name": "stress.0.factor.diagonal",
      "shape": [
        810,
        3,
        3
      ],
      "dtype": "torch.float64",
      "bytes": 58320,
      "kind": 1
    },
    {
      "name": "stress.0.factor.diagonal_inverse",
      "shape": [
        810,
        3,
        3
      ],
      "dtype": "torch.float64",
      "bytes": 58320,
      "kind": 1
    },
    {
      "name": "stress.0.factor.valid",
      "shape": [],
      "dtype": "torch.bool",
      "bytes": 1,
      "kind": 1
    },
    {
      "name": "stress.0.inverse.blocks",
      "shape": [
        810,
        810,
        3,
        3
      ],
      "dtype": "torch.float64",
      "bytes": 47239200,
      "kind": 1
    },
    {
      "name": "stress.0.surface.gauss",
      "shape": [
        10
      ],
      "dtype": "torch.float64",
      "bytes": 80,
      "kind": 1
    },
    {
      "name": "stress.0.surface.gauss_weights",
      "shape": [
        10
      ],
      "dtype": "torch.float64",
      "bytes": 80,
      "kind": 1
    },
    {
      "name": "stress.0.surface.positions",
      "shape": [
        8000,
        3
      ],
      "dtype": "torch.float64",
      "bytes": 192000,
      "kind": 1
    },
    {
      "name": "stress.0.surface.weights",
      "shape": [
        8000
      ],
      "dtype": "torch.float64",
      "bytes": 64000,
      "kind": 1
    },
    {
      "name": "stress.0.surface.shape",
      "shape": [
        100,
        6
      ],
      "dtype": "torch.float64",
      "bytes": 4800,
      "kind": 1
    },
    {
      "name": "stress.0.surface.face_origin",
      "shape": [
        80,
        3
      ],
      "dtype": "torch.float64",
      "bytes": 1920,
      "kind": 1
    },
    {
      "name": "stress.0.surface.face_edges",
      "shape": [
        80,
        2,
        3
      ],
      "dtype": "torch.float64",
      "bytes": 3840,
      "kind": 1
    },
    {
      "name": "stress.0.surface.face_dual",
      "shape": [
        80,
        2,
        3
      ],
      "dtype": "torch.float64",
      "bytes": 3840,
      "kind": 1
    },
    {
      "name": "stress.0.surface.face_normal",
      "shape": [
        80,
        3
      ],
      "dtype": "torch.float64",
      "bytes": 1920,
      "kind": 1
    },
    {
      "name": "stress.0.surface.grid.bounds",
      "shape": [
        2,
        3
      ],
      "dtype": "torch.float64",
      "bytes": 48,
      "kind": 1
    },
    {
      "name": "stress.0.surface.grid.cell_size",
      "shape": [],
      "dtype": "torch.float64",
      "bytes": 8,
      "kind": 1
    },
    {
      "name": "stress.0.surface.grid.starts",
      "shape": [
        4097
      ],
      "dtype": "torch.int32",
      "bytes": 16388,
      "kind": 1
    },
    {
      "name": "stress.0.surface.grid.samples",
      "shape": [
        8000
      ],
      "dtype": "torch.int32",
      "bytes": 32000,
      "kind": 1
    },
    {
      "name": "stress.0.state.force",
      "shape": [
        810,
        1024,
        3
      ],
      "dtype": "torch.float64",
      "bytes": 19906560,
      "kind": 6
    },
    {
      "name": "stress.0.state.rhs",
      "shape": [
        810,
        1024,
        3
      ],
      "dtype": "torch.float64",
      "bytes": 19906560,
      "kind": 6
    },
    {
      "name": "stress.0.state.displacement",
      "shape": [
        810,
        1024,
        3
      ],
      "dtype": "torch.float64",
      "bytes": 19906560,
      "kind": 4
    },
    {
      "name": "stress.0.state.residual",
      "shape": [
        810,
        1024,
        3
      ],
      "dtype": "torch.float64",
      "bytes": 19906560,
      "kind": 6
    },
    {
      "name": "stress.0.state.wrench",
      "shape": [
        1024,
        6
      ],
      "dtype": "torch.float64",
      "bytes": 49152,
      "kind": 6
    },
    {
      "name": "stress.0.state.rhs_norm_squared",
      "shape": [
        1024
      ],
      "dtype": "torch.float64",
      "bytes": 8192,
      "kind": 6
    },
    {
      "name": "stress.0.state.residual_norm_squared",
      "shape": [
        1024
      ],
      "dtype": "torch.float64",
      "bytes": 8192,
      "kind": 6
    },
    {
      "name": "stress.0.state.residual_preconditioned",
      "shape": [
        1024
      ],
      "dtype": "torch.float64",
      "bytes": 8192,
      "kind": 6
    },
    {
      "name": "stress.0.state.next_residual_preconditioned",
      "shape": [
        1024
      ],
      "dtype": "torch.float64",
      "bytes": 8192,
      "kind": 6
    },
    {
      "name": "stress.0.state.direction_product",
      "shape": [
        1024
      ],
      "dtype": "torch.float64",
      "bytes": 8192,
      "kind": 6
    },
    {
      "name": "stress.0.state.active",
      "shape": [
        1024
      ],
      "dtype": "torch.int32",
      "bytes": 4096,
      "kind": 6
    },
    {
      "name": "stress.0.state.iterations",
      "shape": [
        1024
      ],
      "dtype": "torch.int32",
      "bytes": 4096,
      "kind": 6
    },
    {
      "name": "stress.0.state.peak",
      "shape": [
        1024
      ],
      "dtype": "torch.float64",
      "bytes": 8192,
      "kind": 6
    },
    {
      "name": "stress.0.state.step_peak",
      "shape": [
        1024
      ],
      "dtype": "torch.float64",
      "bytes": 8192,
      "kind": 5
    },
    {
      "name": "stress.0.state.step_valid",
      "shape": [
        1024
      ],
      "dtype": "torch.bool",
      "bytes": 1024,
      "kind": 5
    },
    {
      "name": "stress.0.state.valid",
      "shape": [
        1024
      ],
      "dtype": "torch.bool",
      "bytes": 1024,
      "kind": 6
    },
    {
      "name": "stress.0.state.corrections",
      "shape": [
        1024
      ],
      "dtype": "torch.int32",
      "bytes": 4096,
      "kind": 6
    },
    {
      "name": "stress.0.state.fallbacks",
      "shape": [
        1024
      ],
      "dtype": "torch.int32",
      "bytes": 4096,
      "kind": 6
    },
    {
      "name": "stress.0.contacts.position",
      "shape": [
        750,
        1024,
        3
      ],
      "dtype": "torch.float64",
      "bytes": 18432000,
      "kind": 6
    },
    {
      "name": "stress.0.contacts.center",
      "shape": [
        750,
        1024,
        3
      ],
      "dtype": "torch.float64",
      "bytes": 18432000,
      "kind": 6
    },
    {
      "name": "stress.0.contacts.anchor_face",
      "shape": [
        750,
        1024
      ],
      "dtype": "torch.int32",
      "bytes": 3072000,
      "kind": 6
    },
    {
      "name": "stress.0.contacts.is_refined",
      "shape": [
        750,
        1024
      ],
      "dtype": "torch.bool",
      "bytes": 768000,
      "kind": 6
    },
    {
      "name": "stress.0.contacts.force",
      "shape": [
        750,
        1024,
        3
      ],
      "dtype": "torch.float64",
      "bytes": 18432000,
      "kind": 6
    },
    {
      "name": "stress.0.contacts.normal",
      "shape": [
        750,
        1024,
        3
      ],
      "dtype": "torch.float64",
      "bytes": 18432000,
      "kind": 6
    },
    {
      "name": "stress.0.contacts.friction",
      "shape": [
        750,
        1024
      ],
      "dtype": "torch.float64",
      "bytes": 6144000,
      "kind": 6
    },
    {
      "name": "stress.0.contacts.radius",
      "shape": [
        750,
        1024
      ],
      "dtype": "torch.float64",
      "bytes": 6144000,
      "kind": 2
    },
    {
      "name": "stress.0.contacts.valid",
      "shape": [
        750,
        1024
      ],
      "dtype": "torch.bool",
      "bytes": 768000,
      "kind": 6
    },
    {
      "name": "stress.0.contacts.coefficient",
      "shape": [
        750,
        1024,
        3
      ],
      "dtype": "torch.float64",
      "bytes": 18432000,
      "kind": 6
    },
    {
      "name": "stress.0.contacts.weight_sum",
      "shape": [
        750,
        1024
      ],
      "dtype": "torch.float64",
      "bytes": 6144000,
      "kind": 6
    },
    {
      "name": "stress.0.contacts.status",
      "shape": [
        750,
        1024
      ],
      "dtype": "torch.int32",
      "bytes": 3072000,
      "kind": 6
    },
    {
      "name": "stress.0.contacts.force_error",
      "shape": [
        750,
        1024
      ],
      "dtype": "torch.float64",
      "bytes": 6144000,
      "kind": 6
    },
    {
      "name": "stress.0.contacts.moment_error",
      "shape": [
        750,
        1024
      ],
      "dtype": "torch.float64",
      "bytes": 6144000,
      "kind": 6
    },
    {
      "name": "stress.0.contacts.candidate_count",
      "shape": [
        750,
        1024
      ],
      "dtype": "torch.int32",
      "bytes": 3072000,
      "kind": 6
    },
    {
      "name": "stress.0.contacts.evaluations",
      "shape": [
        750,
        1024
      ],
      "dtype": "torch.int32",
      "bytes": 3072000,
      "kind": 6
    },
    {
      "name": "stress.0.contacts.active_pairs",
      "shape": [
        768000,
        2
      ],
      "dtype": "torch.int32",
      "bytes": 6144000,
      "kind": 6
    },
    {
      "name": "stress.0.contacts.active_count",
      "shape": [],
      "dtype": "torch.int32",
      "bytes": 4,
      "kind": 6
    },
    {
      "name": "stress.0.contacts.frame_position",
      "shape": [
        1024,
        3
      ],
      "dtype": "torch.float64",
      "bytes": 24576,
      "kind": 6
    },
    {
      "name": "stress.0.contacts.frame_quaternion",
      "shape": [
        1024,
        4
      ],
      "dtype": "torch.float64",
      "bytes": 32768,
      "kind": 6
    },
    {
      "name": "stress.0.omega",
      "shape": [
        1024,
        3
      ],
      "dtype": "torch.float64",
      "bytes": 24576,
      "kind": 6
    }
  ],
  "native_buffer_bytes": 278661277,
  "native_allocation_count": 85,
  "torch_peak_allocated_bytes": 2527744,
  "device_free_bytes": 98230075392
}
