[Quadrants] version 1.3.3, llvm 22.1.0, commit 00423caa, linux, python 3.10.12
[38;5;226m[Genesis] [16:54:43] [WARNING] (MJCF) Approximating tendon by joint actuator for `finger_joint1`[0m
[38;5;226m[Genesis] [16:54:43] [WARNING] (MJCF) Approximating tendon by joint actuator for `finger_joint2`[0m
[38;5;226m[Genesis] [16:54:44] [WARNING] Neutral robot position (qpos0) exceeds joint limits.[0m
[38;5;226m[Genesis] [16:54:45] [WARNING] Constraint solver time constant should be greater than 2*substep_dt. timeconst is changed from `0.005` to `0.02`). Decrease simulation timestep or increase timeconst to avoid altering the original value.[0m
[38;5;226m[Genesis] [16:54:47] [WARNING] Filtered out geometry pairs causing self-collision for the neutral configuration (qpos0): (6, 11), (7, 11), (14, 21), (15, 20), (16, 23), (17, 22). Consider tuning Morph option 'decompose_robot_error_threshold' or specify dedicated collision meshes. This behavior can be disabled by setting Morph option 'enable_neutral_collision=True'.[0m
[W 10/10/26 16:55:03.935 1708672] QuadrantsWarning
While compiling `ext_arr_to_ndarray_c18_4`, File "/mnt/data/zhaofeng/venvs/rigid-stress-recovery/lib/python3.10/site-packages/quadrants/_kernels.py", line 108, in ext_arr_to_ndarray:
        ndarray[I] = arr[I]
        ^^^^^^^^^^^^^^^^^^^
Assign may lose precision: i32 <- i64
======================================================================================
Kernel Profiler(count, default) @ CUDA on NVIDIA RTX PRO 6000 Blackwell Server Edition
======================================================================================
[      %     total   count |      min       avg       max   ] Kernel name
--------------------------------------------------------------------------------------
[ 47.93%   0.068 s    200x |    0.013     0.338     0.681 ms] kernel_pressure_correct_warp_c718_0_kernel_1_range_for
[ 33.83%   0.048 s    200x |    0.012     0.239     0.501 ms] kernel_pressure_warp_c716_0_kernel_1_range_for
[  8.99%   0.013 s    100x |    0.124     0.127     0.130 ms] kernel_anchor_c710_0_kernel_1_range_for
[  1.20%   0.002 s    200x |    0.006     0.008     0.013 ms] kernel_pressure_warp_c716_0_kernel_0_serial
[  1.17%   0.002 s    200x |    0.006     0.008     0.012 ms] kernel_pressure_correct_warp_c718_0_kernel_0_serial
[  1.15%   0.002 s    100x |    0.015     0.016     0.022 ms] kernel_associate_c728_0_kernel_1_range_for
[  1.14%   0.002 s    100x |    0.015     0.016     0.022 ms] kernel_associate_c728_0_kernel_3_range_for
[  0.99%   0.001 s    100x |    0.013     0.014     0.020 ms] kernel_refine_contacts_c712_0_kernel_1_range_for
[  0.96%   0.001 s    100x |    0.012     0.014     0.018 ms] kernel_begin_step_c792_0_kernel_1_range_for
[  0.59%   0.001 s    100x |    0.006     0.008     0.019 ms] kernel_refine_contacts_c712_0_kernel_0_serial
[  0.57%   0.001 s    100x |    0.006     0.008     0.011 ms] kernel_associate_c728_0_kernel_0_serial
[  0.55%   0.001 s    100x |    0.006     0.008     0.012 ms] kernel_anchor_c710_0_kernel_0_serial
[  0.54%   0.001 s    100x |    0.006     0.008     0.027 ms] kernel_begin_step_c792_0_kernel_0_serial
[  0.39%   0.001 s    100x |    0.004     0.006     0.010 ms] kernel_associate_c728_0_kernel_2_serial
--------------------------------------------------------------------------------------
[100.00%] Total execution time:   0.141 s   number of results: 14
======================================================================================
{
  "scope": "profile",
  "envs": 1024,
  "level": 1,
  "precision": "64",
  "quadrature": 10,
  "dt": 0.01,
  "substeps": 1,
  "varied": true,
  "seed": 510000,
  "load_model": "finite_pad_adaptive_q10",
  "condition_count": 1024,
  "conditions": null,
  "conditions_sha256": null,
  "cooperative_solve": true,
  "cooperative_pressure": true,
  "cooperative_scatter": true,
  "method": "auto",
  "inverse_precision": "64",
  "surface_inverse": true,
  "history": 0,
  "host": "rtx-209-067",
  "gpu": "NVIDIA RTX PRO 6000 Blackwell Server Edition",
  "gpu_total_bytes": 101975851008,
  "quadrants": [
    1,
    3,
    3
  ],
  "torch": "2.8.0",
  "setup_seconds": 90.87152521684766,
  "warmup_steps": 900,
  "policy": {
    "layers": [
      26,
      128,
      128,
      7
    ],
    "seed": 99173,
    "dtype": "float64",
    "residual_scale_rad": 0.0001
  },
  "stage_wall_ms": {
    "begin_step": 0.05144895985722542,
    "association_transform": 0.1797227980569005,
    "anchor_search": 0.198321882635355,
    "candidate_weights_constraints": 1.394985020160675,
    "nodal_scatter": 1.210021749138832,
    "inertia_relief_centrifugal": 0.30430030077695847,
    "rhs_reduction": 0.04138079937547445,
    "linear_solve": 1.5650220680981874,
    "complete_residual": 0.35276221111416817,
    "global_peak": 1.117388498969376,
    "accept": 0.027065780013799667
  },
  "contacts_per_environment": [
    4,
    8,
    6,
    6,
    4,
    3,
    1,
    1,
    1,
    3,
    7,
    1,
    1,
    6,
    4,
    5,
    6,
    6,
    8,
    5,
    6,
    6,
    1,
    1,
    1,
    1,
    1,
    7,
    9,
    2,
    3,
    4,
    5,
    2,
    3,
    10,
    7,
    6,
    1,
    1,
    1,
    1,
    0,
    1,
    0,
    2,
    6,
    4,
    9,
    5,
    5,
    4,
    7,
    11,
    1,
    1,
    1,
    3,
    2,
    2,
    1,
    0,
    2,
    10,
    4,
    3,
    4,
    3,
    5,
    6,
    3,
    1,
    1,
    2,
    1,
    1,
    1,
    1,
    4,
    6,
    5,
    2,
    6,
    4,
    4,
    5,
    3,
    1,
    1,
    1,
    1,
    1,
    1,
    1,
    5,
    5,
    4,
    4,
    6,
    4,
    4,
    3,
    5,
    1,
    1,
    1,
    1,
    9,
    1,
    1,
    2,
    4,
    6,
    2,
    8,
    6,
    9,
    5,
    6,
    1,
    1,
    1,
    1,
    0,
    2,
    1,
    2,
    2,
    10,
    6,
    4,
    5,
    8,
    5,
    3,
    1,
    1,
    1,
    1,
    1,
    1,
    1,
    0,
    6,
    7,
    6,
    4,
    3,
    6,
    3,
    3,
    3,
    1,
    1,
    0,
    1,
    3,
    1,
    5,
    6,
    4,
    10,
    3,
    4,
    3,
    2,
    5,
    5,
    1,
    1,
    1,
    1,
    1,
    1,
    1,
    8,
    4,
    2,
    6,
    6,
    10,
    6,
    3,
    6,
    1,
    1,
    1,
    1,
    0,
    1,
    0,
    1,
    4,
    6,
    5,
    3,
    6,
    5,
    7,
    5,
    1,
    1,
    1,
    2,
    1,
    2,
    0,
    0,
    3,
    6,
    5,
    2,
    5,
    4,
    7,
    6,
    2,
    1,
    1,
    3,
    2,
    1,
    10,
    0,
    5,
    2,
    4,
    2,
    2,
    6,
    3,
    4,
    6,
    1,
    1,
    1,
    3,
    1,
    1,
    1,
    5,
    2,
    8,
    8,
    8,
    5,
    8,
    6,
    6,
    1,
    1,
    1,
    3,
    3,
    1,
    3,
    4,
    5,
    5,
    2,
    6,
    6,
    11,
    5,
    5,
    1,
    1,
    1,
    3,
    1,
    2,
    1,
    0,
    6,
    4,
    4,
    4,
    2,
    2,
    5,
    3,
    1,
    1,
    1,
    3,
    1,
    2,
    1,
    0,
    2,
    2,
    3,
    10,
    5,
    2,
    3,
    7,
    4,
    1,
    1,
    1,
    1,
    1,
    2,
    1,
    10,
    5,
    5,
    6,
    5,
    6,
    4,
    7,
    6,
    1,
    1,
    1,
    3,
    1,
    3,
    1,
    4,
    4,
    4,
    6,
    4,
    3,
    3,
    3,
    7,
    1,
    1,
    1,
    3,
    1,
    1,
    2,
    3,
    4,
    3,
    4,
    4,
    4,
    5,
    5,
    7,
    1,
    1,
    1,
    3,
    1,
    1,
    1,
    4,
    8,
    4,
    6,
    5,
    8,
    5,
    4,
    6,
    1,
    1,
    1,
    1,
    1,
    1,
    10,
    0,
    10,
    2,
    5,
    4,
    8,
    5,
    3,
    9,
    3,
    1,
    1,
    1,
    3,
    2,
    1,
    1,
    5,
    3,
    2,
    4,
    4,
    3,
    6,
    5,
    4,
    1,
    1,
    1,
    1,
    2,
    4,
    1,
    5,
    6,
    8,
    3,
    6,
    8,
    5,
    4,
    7,
    1,
    1,
    1,
    1,
    1,
    1,
    1,
    0,
    3,
    8,
    2,
    6,
    2,
    2,
    5,
    6,
    1,
    1,
    1,
    1,
    1,
    1,
    1,
    2,
    2,
    8,
    10,
    2,
    4,
    6,
    7,
    5,
    3,
    1,
    1,
    2,
    1,
    1,
    2,
    0,
    5,
    4,
    6,
    2,
    4,
    4,
    7,
    4,
    5,
    1,
    1,
    1,
    1,
    1,
    1,
    2,
    5,
    6,
    6,
    6,
    10,
    2,
    6,
    7,
    3,
    1,
    1,
    1,
    1,
    1,
    1,
    1,
    1,
    5,
    6,
    2,
    5,
    4,
    6,
    6,
    11,
    1,
    1,
    1,
    2,
    1,
    2,
    1,
    5,
    4,
    5,
    5,
    5,
    6,
    4,
    6,
    6,
    1,
    1,
    1,
    1,
    1,
    1,
    1,
    0,
    6,
    10,
    6,
    4,
    8,
    5,
    3,
    5,
    4,
    1,
    1,
    0,
    1,
    1,
    1,
    0,
    8,
    3,
    6,
    4,
    9,
    6,
    4,
    11,
    3,
    1,
    1,
    1,
    3,
    1,
    1,
    1,
    3,
    6,
    4,
    3,
    8,
    3,
    5,
    5,
    11,
    1,
    1,
    1,
    1,
    1,
    1,
    1,
    1,
    6,
    4,
    5,
    6,
    8,
    6,
    7,
    5,
    1,
    1,
    1,
    2,
    1,
    1,
    1,
    0,
    4,
    8,
    6,
    4,
    4,
    6,
    5,
    11,
    1,
    1,
    1,
    1,
    2,
    1,
    1,
    4,
    2,
    14,
    5,
    4,
    6,
    3,
    5,
    14,
    6,
    1,
    1,
    1,
    2,
    2,
    2,
    8,
    4,
    6,
    2,
    2,
    6,
    10,
    8,
    5,
    7,
    1,
    1,
    1,
    1,
    6,
    1,
    6,
    5,
    4,
    4,
    10,
    6,
    6,
    10,
    7,
    15,
    1,
    1,
    1,
    2,
    1,
    1,
    1,
    1,
    4,
    8,
    3,
    5,
    9,
    6,
    3,
    7,
    1,
    1,
    1,
    2,
    1,
    2,
    1,
    0,
    9,
    4,
    4,
    5,
    5,
    8,
    6,
    3,
    2,
    1,
    1,
    1,
    1,
    1,
    1,
    1,
    6,
    8,
    3,
    4,
    2,
    8,
    5,
    5,
    7,
    1,
    1,
    1,
    1,
    2,
    1,
    1,
    5,
    5,
    4,
    4,
    10,
    2,
    4,
    7,
    3,
    1,
    1,
    1,
    1,
    1,
    1,
    4,
    2,
    8,
    5,
    4,
    2,
    2,
    4,
    7,
    11,
    1,
    1,
    1,
    1,
    1,
    1,
    1,
    0,
    6,
    4,
    5,
    4,
    3,
    2,
    7,
    7,
    1,
    1,
    1,
    3,
    1,
    1,
    1,
    0,
    3,
    6,
    4,
    3,
    3,
    6,
    5,
    11,
    9,
    1,
    1,
    0,
    1,
    1,
    1,
    1,
    6,
    4,
    4,
    4,
    6,
    5,
    5,
    14,
    6,
    1,
    1,
    1,
    2,
    1,
    1,
    1,
    2,
    4,
    4,
    6,
    5,
    2,
    6,
    3,
    7,
    1,
    1,
    1,
    3,
    1,
    1,
    1,
    2,
    4,
    6,
    5,
    4,
    6,
    6,
    9,
    13,
    1,
    1,
    1,
    1,
    1,
    1,
    1,
    0,
    3,
    2,
    8,
    3,
    6,
    4,
    6,
    4,
    1,
    1,
    1,
    1,
    1,
    1,
    1,
    0,
    6,
    6,
    6,
    2,
    4,
    4,
    5,
    11,
    6,
    1,
    1,
    1,
    1,
    1,
    1,
    1,
    6,
    4,
    5,
    5,
    4,
    2,
    4,
    5,
    6,
    1,
    1,
    1,
    1,
    2,
    1,
    1,
    2,
    5,
    4,
    3,
    5,
    3,
    2,
    11,
    7,
    1,
    1,
    1,
    2,
    1,
    1,
    1,
    6,
    6,
    4,
    5,
    3,
    2,
    6,
    3,
    7,
    1,
    1,
    1,
    3,
    3,
    1,
    1,
    0,
    9,
    2,
    3,
    10,
    6,
    2,
    5,
    3,
    4,
    1,
    1,
    1,
    3,
    1,
    1,
    0,
    4,
    6,
    6,
    4,
    5,
    2,
    6,
    6,
    7,
    1,
    1,
    1,
    1,
    2,
    1,
    1,
    8,
    6,
    6,
    5,
    4,
    3,
    6,
    7,
    5,
    1,
    1,
    1,
    1,
    1,
    7,
    1,
    1,
    10,
    4,
    10,
    6,
    2,
    3,
    5,
    7,
    1,
    1,
    1,
    1,
    1,
    2,
    1,
    4,
    2,
    2,
    8,
    6,
    4,
    3,
    3,
    6,
    1,
    1,
    1,
    3,
    1,
    1,
    1,
    5,
    2,
    3,
    2,
    8,
    6,
    5,
    11,
    3,
    7,
    1,
    1,
    0,
    1,
    2,
    1,
    1,
    4,
    5,
    4,
    2,
    3,
    2,
    4,
    4,
    6,
    1,
    1,
    1,
    3,
    3,
    3,
    4,
    2,
    4,
    4,
    4,
    3,
    4,
    4,
    4,
    7,
    1,
    1,
    1,
    1,
    0,
    1,
    6,
    3,
    4,
    8,
    14,
    3,
    5
  ],
  "candidate_count": [
    55,
    115,
    57,
    121,
    93,
    148,
    140,
    259,
    264,
    98,
    147,
    154,
    79,
    133,
    135,
    82,
    251,
    129,
    0,
    128,
    175,
    139,
    169,
    182,
    129,
    119,
    162,
    165,
    130,
    175,
    175,
    94,
    112,
    90,
    222,
    117,
    121,
    133,
    135,
    234,
    251,
    129,
    247,
    139,
    89,
    102,
    40,
    170,
    183,
    44,
    91,
    199,
    50,
    115,
    56,
    111,
    52,
    115,
    55,
    111,
    111,
    87,
    228,
    245,
    90,
    127,
    246,
    61,
    118,
    121,
    61,
    229,
    121,
    59,
    112,
    120,
    232,
    223,
    61,
    118,
    111,
    167,
    195,
    182,
    179,
    184,
    90,
    81,
    240,
    87,
    224,
    234,
    126,
    113,
    161,
    127,
    164,
    172,
    122,
    90,
    102,
    115,
    129,
    112,
    241,
    132,
    184,
    243,
    127,
    220,
    78,
    67,
    228,
    121,
    121,
    80,
    231,
    120,
    202,
    115,
    115,
    47,
    109,
    106,
    64,
    122,
    65,
    121,
    99,
    250,
    106,
    242,
    243,
    129,
    129,
    143,
    174,
    175,
    160,
    161,
    268,
    276,
    274,
    159,
    164,
    153,
    276,
    294,
    135,
    152,
    295,
    178,
    167,
    291,
    177,
    140,
    227,
    297,
    263,
    290,
    303,
    112,
    130,
    122,
    232,
    79,
    102,
    83,
    35,
    89,
    204,
    37,
    91,
    70,
    52,
    109,
    52,
    115,
    124,
    70,
    119,
    126,
    129,
    243,
    80,
    125,
    137,
    70,
    218,
    227,
    74,
    229,
    142,
    275,
    275,
    182,
    273,
    155,
    278,
    212,
    274,
    102,
    86,
    145,
    134,
    88,
    260,
    134,
    102,
    137,
    115,
    243,
    253,
    264,
    143,
    138,
    108,
    259,
    247,
    130,
    122,
    116,
    129,
    247,
    138,
    110,
    113,
    0,
    81,
    235,
    113,
    113,
    104,
    85,
    257,
    157,
    131,
    89,
    97,
    251,
    136,
    242,
    36,
    88,
    39,
    97,
    53,
    120,
    118,
    119,
    171,
    131,
    163,
    134,
    129,
    129,
    92,
    70,
    129,
    70,
    129,
    132,
    136,
    175,
    160,
    173,
    188,
    86,
    117,
    120,
    130,
    118,
    121,
    125,
    107,
    94,
    114,
    88,
    42,
    103,
    44,
    101,
    68,
    229,
    117,
    76,
    228,
    218,
    76,
    226,
    233,
    82,
    239,
    129,
    129,
    79,
    237,
    125,
    81,
    241,
    215,
    49,
    115,
    54,
    117,
    111,
    158,
    127,
    160,
    134,
    144,
    182,
    152,
    176,
    90,
    121,
    123,
    140,
    94,
    78,
    251,
    96,
    118,
    239,
    79,
    240,
    84,
    0,
    224,
    60,
    121,
    62,
    118,
    125,
    62,
    121,
    65,
    121,
    75,
    129,
    85,
    131,
    45,
    98,
    105,
    44,
    213,
    105,
    147,
    175,
    162,
    180,
    76,
    134,
    79,
    129,
    120,
    145,
    145,
    100,
    82,
    130,
    87,
    135,
    94,
    102,
    82,
    84,
    0,
    0,
    0,
    0,
    216,
    0,
    109,
    0,
    0,
    121,
    90,
    69,
    0,
    50,
    210,
    53,
    204,
    66,
    194,
    218,
    63,
    118,
    219,
    129,
    129,
    105,
    154,
    149,
    266,
    267,
    116,
    154,
    164,
    87,
    148,
    140,
    90,
    260,
    133,
    120,
    62,
    116,
    121,
    121,
    240,
    71,
    123,
    124,
    111,
    99,
    151,
    105,
    138,
    99,
    105,
    254,
    109,
    243,
    245,
    94,
    90,
    94,
    135,
    0,
    240,
    82,
    198,
    65,
    103,
    101,
    79,
    90,
    129,
    228,
    246,
    100,
    83,
    127,
    249,
    141,
    85,
    228,
    246,
    91,
    125,
    247,
    123,
    265,
    137,
    268,
    80,
    240,
    84,
    234,
    222,
    188,
    279,
    282,
    168,
    173,
    162,
    285,
    318,
    94,
    73,
    132,
    75,
    129,
    102,
    133,
    133,
    112,
    94,
    90,
    145,
    258,
    95,
    117,
    67,
    127,
    123,
    69,
    235,
    127,
    64,
    124,
    125,
    242,
    75,
    123,
    131,
    73,
    132,
    127,
    76,
    247,
    129,
    110,
    161,
    117,
    150,
    106,
    153,
    146,
    70,
    201,
    230,
    75,
    119,
    227,
    142,
    186,
    186,
    124,
    155,
    157,
    142,
    185,
    185,
    130,
    122,
    229,
    84,
    222,
    240,
    250,
    43,
    209,
    86,
    45,
    116,
    67,
    129,
    242,
    69,
    125,
    129,
    59,
    121,
    63,
    120,
    43,
    54,
    107,
    158,
    211,
    57,
    44,
    105,
    213,
    81,
    107,
    113,
    114,
    89,
    133,
    98,
    146,
    114,
    156,
    159,
    120,
    120,
    140,
    159,
    179,
    174,
    182,
    130,
    178,
    284,
    241,
    281,
    102,
    122,
    88,
    143,
    130,
    115,
    90,
    32,
    40,
    85,
    67,
    196,
    82,
    195,
    47,
    55,
    115,
    56,
    110,
    133,
    133,
    42,
    91,
    104,
    43,
    213,
    99,
    87,
    137,
    260,
    94,
    138,
    151,
    100,
    85,
    257,
    153,
    129,
    86,
    97,
    250,
    133,
    239,
    112,
    254,
    264,
    139,
    142,
    267,
    126,
    162,
    157,
    122,
    132,
    268,
    131,
    268,
    268,
    112,
    94,
    94,
    148,
    73,
    127,
    76,
    129,
    81,
    133,
    57,
    112,
    118,
    57,
    227,
    118,
    47,
    107,
    48,
    106,
    102,
    76,
    129,
    129,
    93,
    154,
    150,
    98,
    264,
    137,
    55,
    120,
    60,
    115,
    118,
    88,
    72,
    228,
    229,
    74,
    223,
    215,
    122,
    108,
    160,
    112,
    145,
    90,
    132,
    82,
    240,
    129,
    81,
    113,
    113,
    60,
    119,
    121,
    52,
    211,
    213,
    55,
    206,
    182,
    57,
    218,
    58,
    203,
    206,
    129,
    129,
    94,
    151,
    149,
    100,
    135,
    109,
    253,
    112,
    254,
    94,
    78,
    133,
    132,
    82,
    251,
    129,
    90,
    76,
    221,
    231,
    81,
    238,
    90,
    121,
    140,
    82,
    218,
    115,
    118,
    101,
    250,
    131,
    41,
    36,
    198,
    46,
    82,
    34,
    37,
    196,
    81,
    64,
    45,
    200,
    46,
    191,
    171,
    90,
    92,
    39,
    94,
    39,
    98,
    129,
    129,
    107,
    107,
    132,
    184,
    171,
    141,
    280,
    175,
    0,
    121,
    121,
    90,
    66,
    123,
    123,
    90,
    68,
    127,
    70,
    125,
    127,
    118,
    90,
    102,
    94,
    123,
    246,
    73,
    78,
    213,
    61,
    218,
    64,
    210,
    213,
    125,
    125,
    43,
    100,
    104,
    210,
    213,
    43,
    104,
    84,
    90,
    237,
    248,
    129,
    125,
    90,
    247,
    226,
    84,
    230,
    244,
    126,
    127,
    87,
    243,
    221,
    82,
    240,
    86,
    235,
    225,
    90,
    148,
    142,
    261,
    264,
    93,
    141,
    165,
    140,
    249,
    298,
    272,
    295,
    307,
    90,
    60,
    121,
    61,
    117,
    121,
    98,
    112,
    78,
    142,
    261,
    147,
    132,
    101,
    250,
    111,
    104,
    101,
    187,
    98,
    127,
    210,
    67,
    41,
    100,
    43,
    99,
    96,
    109,
    255,
    250,
    119,
    258,
    129,
    129,
    73,
    234,
    118,
    79,
    233,
    220,
    135,
    282,
    173,
    142,
    284,
    172,
    131,
    98,
    90,
    235,
    138,
    254,
    129,
    95,
    249,
    132,
    233,
    140,
    152,
    179,
    172,
    181,
    94,
    72,
    129,
    74,
    129,
    132,
    88,
    130,
    135,
    262,
    151,
    120,
    86,
    86,
    112,
    33,
    72,
    89,
    35,
    209,
    87,
    98,
    246,
    103,
    249,
    75,
    133,
    79,
    129,
    119,
    160,
    159,
    158,
    175,
    175,
    129,
    129,
    132,
    138,
    175,
    165,
    173,
    90,
    121,
    123,
    132,
    128,
    98,
    105,
    0,
    0,
    87,
    76,
    102,
    128,
    103,
    103,
    86,
    87,
    41,
    99,
    100,
    93,
    78,
    249,
    141,
    127,
    79,
    93,
    247,
    129,
    226,
    160,
    274,
    180,
    278,
    278,
    132,
    132,
    102,
    135,
    135,
    140,
    202,
    333,
    298,
    283,
    182,
    299,
    127,
    158,
    270,
    283,
    90,
    118,
    100,
    221,
    108,
    112,
    115,
    73,
    41,
    47,
    103,
    130,
    207,
    53,
    42,
    98,
    213,
    71,
    52,
    210,
    51,
    195,
    202,
    88,
    135,
    95,
    149,
    148,
    96,
    163,
    150,
    100,
    266,
    149,
    176,
    282,
    282,
    233,
    281,
    142,
    289,
    176,
    158,
    285,
    174,
    158,
    190,
    174,
    182,
    102,
    92,
    157,
    144,
    96,
    265,
    139,
    87,
    67,
    228,
    73,
    218,
    219,
    128,
    94,
    86,
    105,
    131,
    116,
    247,
    57,
    189,
    218,
    91,
    0,
    82,
    0,
    87,
    61,
    121,
    63,
    120,
    41,
    99,
    40,
    97,
    95,
    161,
    148,
    100,
    265,
    148,
    62,
    121,
    62,
    118,
    172,
    178,
    176,
    54,
    114,
    120,
    132,
    175,
    175,
    102,
    88,
    133,
    262,
    95,
    147,
    148,
    124,
    86,
    102,
    88,
    232,
    112,
    88,
    223,
    0,
    154,
    99,
    103,
    74,
    52,
    113,
    55,
    115,
    60,
    121,
    123,
    50,
    210,
    49,
    202,
    69,
    129,
    69,
    129,
    84,
    138,
    89,
    132,
    93,
    135,
    107,
    151,
    152,
    102,
    86,
    145,
    89,
    130,
    117,
    101,
    143,
    272,
    110,
    153,
    162,
    86,
    130,
    86,
    108,
    110,
    110,
    108,
    99,
    63,
    102,
    101,
    190,
    0,
    47,
    104,
    111,
    213,
    215,
    52,
    108,
    102,
    45,
    105,
    46,
    105,
    89,
    145,
    146,
    95,
    260,
    134,
    86,
    130,
    87,
    143,
    142,
    127,
    161,
    172,
    282,
    282,
    149,
    164,
    218,
    169,
    282,
    281,
    221,
    280,
    90,
    66,
    125,
    128,
    102,
    109,
    258,
    251,
    125,
    260,
    94,
    88,
    78,
    118,
    114,
    87,
    62,
    74,
    118,
    199,
    233,
    77,
    65,
    123,
    229,
    117,
    46,
    39,
    210,
    61,
    90,
    38,
    46,
    200,
    98,
    75,
    99,
    99,
    38,
    90,
    39,
    98,
    90,
    109,
    147,
    154,
    149,
    109,
    254,
    264,
    146,
    140,
    106,
    260,
    245,
    94,
    135,
    106,
    151,
    152,
    0,
    175,
    175,
    146,
    185,
    189,
    188,
    301,
    304,
    195,
    184,
    325,
    92,
    128,
    125,
    90,
    94,
    90,
    121,
    246,
    90,
    248,
    118,
    119,
    231,
    37,
    88,
    38,
    98,
    91,
    34,
    91,
    86,
    121,
    121,
    63,
    125,
    66,
    123,
    78,
    133,
    85,
    129,
    127,
    167,
    175,
    135,
    287,
    271,
    180,
    160,
    273,
    122,
    105,
    145,
    121,
    157,
    100,
    84,
    132,
    130,
    140,
    102,
    124,
    119,
    232,
    123,
    56,
    218,
    216,
    99,
    57,
    70,
    196,
    228,
    117,
    223,
    62,
    208,
    207,
    60,
    108,
    218,
    37,
    95,
    97,
    198,
    210,
    40,
    98,
    79,
    71,
    127,
    123,
    103,
    173,
    154,
    111,
    267,
    153,
    59,
    113,
    122,
    230,
    223,
    58,
    118,
    113,
    91,
    246,
    92,
    242,
    233,
    94,
    71,
    127,
    129,
    94,
    88,
    230,
    249,
    93,
    129,
    246,
    102,
    102,
    78,
    112,
    220,
    111,
    227,
    62,
    123,
    123,
    59,
    59,
    88,
    113,
    118,
    59,
    223,
    121,
    121,
    122,
    48,
    104,
    109,
    46,
    217,
    113,
    163,
    163,
    148,
    153,
    122,
    107,
    158,
    112,
    145,
    92,
    85,
    240,
    92,
    230,
    236,
    112,
    94,
    88,
    254,
    247,
    247,
    236,
    180,
    210,
    93,
    93,
    45,
    181,
    211,
    96,
    89,
    49,
    201,
    145,
    99,
    51,
    161,
    186,
    212,
    99,
    98,
    55,
    207,
    154,
    115,
    115,
    72,
    129,
    131,
    125,
    91,
    239,
    253,
    109,
    133,
    259,
    130,
    169,
    282,
    282,
    240,
    167,
    281,
    88,
    55,
    113,
    57,
    121,
    92,
    125,
    125,
    102,
    112,
    135,
    261,
    95,
    110,
    89,
    0,
    62,
    125,
    67,
    123,
    127,
    33,
    86,
    38,
    96,
    84,
    227,
    240,
    90,
    127,
    244,
    129,
    129,
    90,
    146,
    92,
    133,
    66,
    126,
    67,
    127,
    0,
    148,
    176,
    176,
    172,
    176,
    224,
    140,
    167,
    186,
    185,
    130,
    120,
    168,
    141,
    166,
    140,
    90,
    90,
    126,
    103,
    112,
    70,
    97,
    55,
    198,
    0,
    50,
    210,
    56,
    215,
    109,
    59,
    216,
    182,
    37,
    79,
    95,
    38,
    212,
    89,
    72,
    201,
    226,
    70,
    120,
    223,
    66,
    57,
    224,
    111,
    116,
    55,
    66,
    229,
    115,
    187,
    121,
    121,
    130,
    271,
    272,
    158,
    157,
    268,
    94,
    75,
    130,
    130,
    76,
    245,
    129,
    132,
    175,
    175,
    112,
    90,
    124,
    137,
    111,
    91,
    106,
    99,
    60,
    210,
    210,
    61,
    218,
    100,
    240,
    258,
    114,
    138,
    263,
    115,
    115,
    61,
    121,
    61,
    118,
    120,
    81,
    136,
    87,
    129,
    73,
    227,
    121,
    70,
    233,
    196,
    102,
    86,
    140,
    142,
    89,
    131,
    102,
    114,
    93,
    264,
    171,
    137,
    97,
    104,
    259,
    145,
    254,
    140,
    102,
    78,
    231,
    0,
    222,
    197,
    86,
    102,
    73,
    127,
    242,
    125,
    135,
    53,
    115,
    56,
    112,
    58,
    121,
    61,
    115,
    119,
    87,
    230,
    237,
    89,
    242,
    42,
    98,
    43,
    213,
    100,
    91,
    232,
    248,
    97,
    129,
    249,
    63,
    122,
    65,
    120,
    90,
    79,
    226,
    234,
    84,
    240,
    132,
    131,
    175,
    154,
    175,
    183,
    90,
    124,
    130,
    87,
    250,
    116,
    78,
    69,
    129,
    124,
    69,
    241,
    129,
    52,
    64,
    113,
    173,
    224,
    68,
    55,
    113,
    223,
    104,
    79,
    223,
    237,
    84,
    123,
    240,
    49,
    109,
    52,
    115,
    62,
    216,
    219,
    107,
    113,
    65,
    219,
    196,
    187,
    287,
    285,
    249,
    287,
    102,
    135,
    135,
    90,
    66,
    123,
    66,
    125,
    131,
    138,
    169,
    175,
    112,
    130,
    110,
    225,
    118,
    37,
    96,
    89,
    185,
    211,
    39,
    94,
    78,
    50,
    105,
    113,
    47,
    103,
    108,
    46,
    216,
    110,
    79,
    129,
    87,
    140,
    142,
    94,
    141,
    143,
    147,
    260,
    95,
    141,
    166,
    56,
    118,
    229,
    65,
    123,
    117,
    113,
    166,
    122,
    159,
    130,
    178,
    128,
    280,
    283,
    171,
    141,
    141,
    283,
    162,
    314,
    142,
    186,
    186,
    90,
    130,
    88,
    81,
    111,
    86,
    115,
    117,
    123,
    44,
    97,
    101,
    38,
    93,
    210,
    40,
    98,
    89,
    63,
    129,
    70,
    126,
    95,
    140,
    137,
    86,
    239,
    244,
    128,
    123,
    87,
    242,
    227,
    106,
    154,
    147,
    79,
    224,
    233,
    82,
    240,
    130,
    129,
    172,
    136,
    163,
    90,
    83,
    68,
    236,
    126,
    125,
    67,
    80,
    241,
    124,
    207,
    88,
    130,
    128,
    78,
    105,
    248,
    107,
    79,
    56,
    121,
    227,
    60,
    116,
    119,
    80,
    129,
    134,
    129,
    109,
    256,
    105,
    247,
    254,
    77,
    233,
    122,
    75,
    237,
    204,
    92,
    143,
    139,
    259,
    264,
    98,
    147,
    154,
    65,
    225,
    114,
    70,
    220,
    216,
    90,
    66,
    125,
    122,
    66,
    232,
    123,
    132,
    140,
    176,
    159,
    176,
    90,
    86,
    86,
    0,
    254,
    130,
    103,
    223,
    49,
    115,
    48,
    117,
    53,
    112,
    118,
    232,
    221,
    57,
    118,
    109,
    87,
    150,
    138,
    88,
    262,
    138,
    68,
    129,
    71,
    127,
    58,
    115,
    57,
    121,
    148,
    209,
    171,
    166,
    288,
    176,
    130,
    129,
    169,
    141,
    175,
    90,
    62,
    80,
    126,
    209,
    242,
    87,
    75,
    125,
    240,
    128,
    102,
    102,
    86,
    101,
    0,
    88,
    97,
    58,
    182,
    65,
    57,
    58,
    112,
    115,
    112,
    112,
    59,
    68,
    106,
    114,
    105,
    197,
    231,
    73,
    62,
    121,
    227,
    114,
    83,
    236,
    231,
    88,
    240,
    55,
    121,
    56,
    118,
    134,
    277,
    268,
    163,
    156,
    269,
    72,
    127,
    129,
    0,
    61,
    120,
    66,
    121,
    130,
    181,
    148,
    136,
    278,
    208,
    281,
    300,
    174,
    139,
    153,
    285,
    162,
    316,
    90,
    83,
    222,
    235,
    83,
    240,
    102,
    130,
    94,
    254,
    142,
    106,
    131,
    205,
    95,
    35,
    46,
    90,
    70,
    198,
    85,
    205,
    54,
    31,
    87,
    36,
    82,
    70,
    213,
    221,
    70,
    118,
    223,
    129,
    129,
    129,
    129,
    80,
    140,
    133,
    82,
    256,
    129,
    148,
    131,
    253,
    265,
    268,
    155,
    144,
    120,
    268,
    260,
    106,
    104,
    172,
    182,
    154,
    116,
    267,
    153,
    90,
    63,
    127,
    69,
    123,
    114,
    100,
    141,
    271,
    107,
    153,
    163,
    88,
    124,
    128,
    240,
    81,
    210,
    243,
    86,
    127,
    239,
    135,
    62,
    191,
    223,
    69,
    115,
    218,
    50,
    159,
    208,
    100,
    213,
    61,
    122,
    65,
    121,
    73,
    130,
    74,
    129,
    95,
    80,
    248,
    137,
    129,
    79,
    92,
    245,
    129,
    222,
    107,
    255,
    259,
    125,
    146,
    261,
    115,
    182,
    160,
    123,
    272,
    156,
    146,
    102,
    146,
    148,
    153,
    265,
    267,
    109,
    145,
    179,
    124,
    130,
    274,
    268,
    189,
    155,
    269,
    90,
    116,
    118,
    62,
    80,
    117,
    124,
    144,
    209,
    241,
    85,
    71,
    123,
    234,
    126,
    94,
    94,
    90,
    266,
    120,
    99,
    115,
    102,
    86,
    47,
    108,
    48,
    113,
    102,
    252,
    254,
    139,
    133,
    102,
    256,
    236,
    101,
    140,
    151,
    64,
    222,
    70,
    214,
    215,
    80,
    70,
    235,
    124,
    125,
    79,
    240,
    123,
    206,
    128,
    225,
    162,
    137,
    278,
    166,
    88,
    121,
    121,
    92,
    70,
    130,
    125,
    69,
    242,
    127,
    90,
    122,
    90,
    84,
    88,
    99,
    94,
    113,
    207,
    36,
    46,
    96,
    71,
    200,
    39,
    90,
    205,
    63,
    60,
    117,
    63,
    121,
    86,
    144,
    91,
    132,
    90,
    135,
    97,
    150,
    148,
    115,
    262,
    256,
    134,
    264,
    141,
    268,
    267,
    154,
    154,
    127,
    267,
    269,
    102,
    108,
    259,
    254,
    128,
    262,
    90,
    121,
    121,
    90,
    230,
    130,
    88,
    144,
    230,
    112,
    108,
    82,
    85,
    228,
    244,
    90,
    127,
    246,
    97,
    243,
    256,
    132,
    129,
    100,
    252,
    234,
    139,
    137,
    135,
    55,
    121,
    60,
    115,
    133,
    135,
    69,
    132,
    125,
    240,
    249,
    80,
    125,
    135,
    180,
    186,
    183,
    194,
    196,
    130,
    134,
    175,
    137,
    164,
    130,
    160,
    316,
    284,
    242,
    173,
    280,
    122,
    94,
    102,
    102,
    102,
    215,
    90,
    240,
    57,
    121,
    57,
    0,
    121,
    42,
    199,
    46,
    183,
    172,
    62,
    216,
    67,
    219,
    46,
    103,
    48,
    105,
    110,
    90,
    259,
    157,
    137,
    90,
    100,
    255,
    139,
    248,
    120,
    120,
    59,
    120,
    64,
    121,
    90,
    59,
    116,
    118,
    62,
    228,
    123,
    88,
    121,
    119,
    88,
    124,
    78,
    135,
    87,
    102,
    91,
    86,
    98,
    97,
    95,
    0,
    60,
    118,
    123,
    231,
    227,
    59,
    118,
    119,
    83,
    240,
    87,
    235,
    223,
    93,
    135,
    101,
    149,
    121,
    121,
    163,
    163,
    68,
    129,
    75,
    130,
    146,
    186,
    325,
    186,
    184,
    304,
    188,
    140,
    170,
    192,
    183,
    343,
    298,
    279,
    178,
    182,
    296,
    318,
    90,
    82,
    94,
    110,
    218,
    112,
    227,
    79,
    226,
    243,
    87,
    123,
    244,
    87,
    143,
    93,
    133,
    114,
    259,
    125,
    249,
    256,
    53,
    115,
    54,
    117,
    126,
    167,
    160,
    124,
    124,
    92,
    87,
    244,
    243,
    93,
    244,
    227,
    130,
    135,
    276,
    173,
    139,
    281,
    169,
    140,
    90,
    124,
    90,
    120,
    100,
    76,
    67,
    82,
    49,
    106,
    107,
    82,
    228,
    248,
    89,
    125,
    249,
    96,
    151,
    105,
    139,
    42,
    101,
    102,
    78,
    129,
    129,
    131,
    268,
    0,
    131,
    270,
    270,
    132,
    140,
    177,
    152,
    175,
    140,
    212,
    164,
    292,
    313,
    182,
    170,
    183,
    293,
    181,
    338,
    94,
    91,
    243,
    249,
    135,
    125,
    91,
    248,
    228,
    90,
    82,
    287,
    93,
    222,
    231,
    66,
    125,
    244,
    72,
    125,
    130,
    49,
    107,
    50,
    115,
    44,
    105,
    44,
    108,
    98,
    244,
    95,
    249,
    77,
    206,
    240,
    81,
    125,
    234,
    72,
    232,
    78,
    230,
    220,
    75,
    237,
    80,
    222,
    225,
    102,
    141,
    115,
    90,
    245,
    152,
    264,
    248,
    135,
    107,
    256,
    145,
    148,
    252,
    122,
    105,
    144,
    159,
    122,
    144,
    136,
    132,
    78,
    104,
    104,
    243,
    228,
    281,
    86,
    90,
    49,
    108,
    49,
    110,
    41,
    101,
    43,
    99,
    41,
    93,
    99,
    41,
    211,
    98,
    89,
    135,
    104,
    150,
    149,
    170,
    170,
    122,
    266,
    262,
    140,
    155,
    268,
    102,
    133,
    133,
    92,
    74,
    131,
    123,
    67,
    241,
    125,
    102,
    90,
    78,
    75,
    102,
    74,
    129,
    246,
    196,
    148,
    197,
    41,
    98,
    40,
    94,
    81,
    138,
    136,
    87,
    257,
    129,
    72,
    234,
    81,
    222,
    227,
    44,
    104,
    44,
    107,
    52,
    112,
    219,
    50,
    112,
    102,
    137,
    282,
    173,
    141,
    283,
    172,
    130,
    119,
    158,
    159,
    279,
    273,
    136,
    160,
    196,
    140,
    252,
    164,
    296,
    292,
    316,
    182,
    182,
    187,
    295,
    183,
    335,
    341,
    94,
    90,
    130,
    164,
    120,
    105,
    277,
    74,
    125,
    129,
    121,
    121,
    83,
    237,
    239,
    129,
    123,
    86,
    241,
    226,
    58,
    121,
    120,
    49,
    104,
    106,
    45,
    219,
    107,
    85,
    239,
    89,
    243,
    88,
    56,
    121,
    60,
    116,
    120,
    123,
    111,
    155,
    147,
    122,
    128,
    110,
    141,
    75,
    120,
    248,
    78,
    233,
    123,
    77,
    234,
    218,
    44,
    102,
    213,
    44,
    100,
    95,
    87,
    150,
    147,
    95,
    263,
    135,
    129,
    129,
    103,
    141,
    117,
    155,
    110,
    149,
    126,
    160,
    0,
    72,
    129,
    71,
    129,
    90,
    64,
    75,
    120,
    205,
    239,
    80,
    72,
    125,
    234,
    125,
    130,
    127,
    174,
    144,
    169,
    179,
    102,
    130,
    78,
    123,
    120,
    214,
    109,
    63,
    125,
    241,
    71,
    123,
    126,
    44,
    100,
    44,
    103,
    85,
    230,
    236,
    89,
    240,
    113,
    258,
    107,
    253,
    257,
    108,
    146,
    153,
    146,
    129,
    129,
    218,
    292,
    264,
    296,
    92,
    69,
    129,
    71,
    129,
    132,
    144,
    176,
    161,
    176,
    186,
    90,
    90,
    90,
    109,
    0,
    110,
    226,
    128,
    119,
    115,
    49,
    207,
    48,
    193,
    178,
    58,
    119,
    57,
    113,
    90,
    135,
    139,
    106,
    146,
    118,
    158,
    164,
    76,
    127,
    129,
    147,
    148,
    100,
    131,
    103,
    234,
    238,
    260,
    134,
    130,
    99,
    252,
    237,
    138,
    200,
    297,
    288,
    263,
    174,
    294,
    130,
    88,
    90,
    116,
    123,
    107,
    110,
    130,
    50,
    43,
    213,
    79,
    105,
    156,
    93,
    237,
    243,
    93,
    129,
    248,
    65,
    126,
    67,
    125,
    52,
    192,
    191,
    47,
    209,
    142,
    134,
    135,
    138,
    137,
    109,
    250,
    264,
    130,
    143,
    266,
    128,
    163,
    163,
    104,
    106,
    249,
    261,
    130,
    140,
    265,
    102,
    90,
    128,
    113,
    121,
    227,
    218,
    115,
    116,
    244,
    86,
    38,
    46,
    97,
    64,
    200,
    39,
    93,
    205,
    63,
    89,
    90,
    40,
    100,
    95,
    120,
    96,
    268,
    176,
    142,
    108,
    112,
    261,
    150,
    258,
    97,
    237,
    257,
    107,
    133,
    257,
    129,
    129,
    132,
    142,
    176,
    158,
    170,
    117,
    141,
    142,
    140,
    0,
    183,
    257,
    128,
    130,
    106,
    117,
    238,
    121,
    107,
    192,
    29,
    82,
    33,
    78,
    77,
    223,
    233,
    84,
    125,
    240,
    78,
    138,
    129,
    80,
    250,
    129,
    70,
    129,
    75,
    126,
    106,
    146,
    118,
    158,
    160,
    175,
    175,
    85,
    130,
    253,
    88,
    140,
    139,
    98,
    101,
    254,
    109,
    245,
    243,
    96,
    82,
    139,
    130,
    80,
    250,
    129,
    130,
    122,
    78,
    121,
    121,
    102,
    244,
    230,
    33,
    89,
    92,
    198,
    202,
    0,
    89,
    61,
    40,
    168,
    184,
    43,
    86,
    196,
    40,
    80,
    98,
    39,
    212,
    91,
    71,
    222,
    220,
    75,
    229,
    117,
    163,
    132,
    165,
    94,
    135,
    140,
    96,
    170,
    148,
    100,
    266,
    142,
    112,
    116,
    263,
    262,
    135,
    150,
    266,
    90,
    71,
    229,
    76,
    234,
    90,
    102,
    112,
    77,
    222,
    69,
    90,
    125,
    243,
    75,
    125,
    133,
    219,
    113,
    44,
    52,
    105,
    127,
    211,
    53,
    43,
    103,
    213,
    80,
    37,
    88,
    38,
    96,
    56,
    46,
    215,
    90,
    110,
    46,
    59,
    216,
    108,
    163,
    130,
    275,
    268,
    161,
    155,
    268,
    146,
    147,
    86,
    139,
    134,
    122,
    109,
    146,
    134,
    157,
    90,
    83,
    240,
    121,
    84,
    239,
    226,
    86,
    86,
    124,
    117,
    120,
    0,
    103,
    96,
    91,
    74,
    202,
    53,
    82,
    82,
    124,
    123,
    62,
    126,
    123,
    238,
    237,
    69,
    123,
    126,
    99,
    241,
    250,
    107,
    134,
    254,
    134,
    171,
    141,
    175,
    52,
    117,
    118,
    90,
    126,
    126,
    136,
    156,
    176,
    169,
    180,
    187,
    124,
    118,
    86,
    268,
    150,
    159,
    122,
    235,
    109,
    51,
    100,
    80,
    210,
    69,
    129,
    129,
    40,
    103,
    97,
    96,
    95,
    49,
    108,
    105,
    220,
    217,
    46,
    105,
    101,
    58,
    123,
    119,
    62,
    230,
    121,
    141,
    175,
    167,
    177,
    184,
    90,
    79,
    67,
    235,
    123,
    125,
    65,
    79,
    240,
    123,
    203,
    90,
    125,
    125,
    140,
    199,
    302,
    288,
    265,
    180,
    295,
    140,
    102,
    102,
    113,
    90,
    117,
    104,
    38,
    94,
    40,
    99,
    58,
    121,
    59,
    115,
    119,
    49,
    109,
    51,
    115,
    147,
    147,
    51,
    117,
    115,
    129,
    129,
    102,
    248,
    111,
    254,
    132,
    142,
    174,
    176,
    142,
    178,
    186,
    185,
    193,
    196,
    94,
    102,
    78,
    108,
    110,
    110,
    38,
    204,
    61,
    58,
    59,
    89,
    82,
    64,
    38,
    144,
    90,
    86,
    58,
    117,
    60,
    121,
    83,
    240,
    87,
    238,
    49,
    107,
    50,
    107,
    86,
    138,
    133,
    74,
    129,
    79,
    127,
    95,
    151,
    100,
    136,
    92,
    69,
    128,
    125,
    94,
    82,
    228,
    247,
    90,
    125,
    249,
    130,
    94,
    90,
    220,
    112,
    71,
    132,
    125,
    69,
    240,
    121,
    162,
    104,
    213,
    33,
    82,
    33,
    83,
    70,
    132,
    127,
    239,
    251,
    79,
    129,
    132,
    114,
    70,
    62,
    58,
    200,
    81,
    226,
    113,
    118,
    57,
    65,
    231,
    117,
    192,
    90,
    135,
    138,
    170,
    279,
    207,
    280,
    281
  ],
  "pressure_evaluations": [
    0,
    0,
    0,
    0,
    0,
    0,
    0,
    0,
    0,
    0,
    0,
    0,
    0,
    0,
    0,
    0,
    0,
    0,
    0,
    0,
    0,
    0,
    0,
    0,
    0,
    0,
    0,
    0,
    0,
    0,
    0,
    0,
    0,
    0,
    0,
    0,
    0,
    0,
    0,
    0,
    0,
    0,
    0,
    0,
    0,
    0,
    0,
    0,
    0,
    0,
    0,
    0,
    0,
    0,
    0,
    0,
    0,
    0,
    0,
    0,
    0,
    0,
    0,
    0,
    0,
    0,
    0,
    0,
    0,
    0,
    0,
    0,
    0,
    0,
    0,
    0,
    0,
    0,
    0,
    0,
    0,
    0,
    0,
    0,
    0,
    0,
    0,
    0,
    0,
    0,
    0,
    0,
    0,
    0,
    0,
    0,
    0,
    0,
    0,
    0,
    0,
    0,
    0,
    0,
    0,
    0,
    0,
    0,
    0,
    0,
    0,
    0,
    0,
    0,
    0,
    0,
    0,
    0,
    0,
    1,
    1,
    0,
    0,
    0,
    0,
    0,
    0,
    0,
    0,
    0,
    0,
    0,
    0,
    0,
    0,
    0,
    0,
    0,
    0,
    0,
    0,
    0,
    0,
    0,
    1,
    0,
    0,
    0,
    0,
    0,
    0,
    0,
    0,
    0,
    0,
    0,
    0,
    0,
    0,
    0,
    0,
    0,
    0,
    0,
    0,
    0,
    0,
    0,
    0,
    0,
    0,
    0,
    0,
    0,
    0,
    0,
    0,
    0,
    0,
    0,
    0,
    0,
    0,
    0,
    0,
    0,
    0,
    0,
    0,
    0,
    0,
    0,
    0,
    0,
    0,
    0,
    0,
    0,
    0,
    0,
    0,
    0,
    0,
    0,
    0,
    0,
    0,
    0,
    0,
    0,
    0,
    0,
    0,
    0,
    0,
    0,
    0,
    0,
    0,
    0,
    0,
    0,
    0,
    0,
    0,
    0,
    0,
    0,
    0,
    0,
    0,
    0,
    0,
    0,
    0,
    0,
    0,
    0,
    0,
    0,
    0,
    0,
    0,
    0,
    0,
    0,
    0,
    0,
    0,
    0,
    0,
    0,
    0,
    0,
    0,
    0,
    0,
    0,
    0,
    0,
    0,
    0,
    0,
    0,
    0,
    0,
    0,
    0,
    0,
    0,
    0,
    0,
    0,
    0,
    0,
    0,
    0,
    0,
    0,
    0,
    0,
    0,
    0,
    0,
    0,
    0,
    0,
    0,
    0,
    0,
    0,
    0,
    0,
    0,
    0,
    0,
    0,
    0,
    0,
    0,
    0,
    0,
    0,
    0,
    0,
    0,
    0,
    0,
    0,
    0,
    0,
    0,
    0,
    0,
    0,
    0,
    0,
    0,
    0,
    0,
    0,
    0,
    0,
    0,
    0,
    0,
    0,
    0,
    0,
    0,
    0,
    0,
    0,
    0,
    0,
    0,
    0,
    0,
    0,
    0,
    0,
    0,
    0,
    0,
    0,
    0,
    0,
    0,
    0,
    0,
    0,
    0,
    0,
    0,
    0,
    0,
    0,
    0,
    0,
    0,
    0,
    0,
    0,
    0,
    0,
    0,
    0,
    0,
    0,
    0,
    0,
    0,
    2,
    0,
    1,
    0,
    0,
    0,
    0,
    0,
    0,
    0,
    0,
    0,
    0,
    0,
    0,
    0,
    0,
    0,
    0,
    0,
    0,
    0,
    0,
    0,
    0,
    0,
    0,
    0,
    0,
    0,
    0,
    0,
    0,
    0,
    0,
    0,
    0,
    0,
    0,
    0,
    0,
    0,
    0,
    0,
    0,
    0,
    0,
    0,
    0,
    0,
    0,
    0,
    0,
    0,
    0,
    0,
    0,
    0,
    0,
    0,
    0,
    0,
    0,
    0,
    0,
    0,
    0,
    0,
    0,
    0,
    0,
    0,
    0,
    0,
    0,
    0,
    0,
    0,
    0,
    0,
    0,
    0,
    0,
    0,
    0,
    0,
    0,
    0,
    0,
    0,
    0,
    0,
    0,
    0,
    0,
    0,
    0,
    0,
    0,
    0,
    0,
    0,
    0,
    0,
    0,
    0,
    0,
    0,
    0,
    0,
    0,
    0,
    0,
    0,
    0,
    0,
    0,
    0,
    0,
    0,
    0,
    0,
    0,
    0,
    0,
    0,
    0,
    0,
    0,
    0,
    0,
    0,
    0,
    0,
    0,
    0,
    0,
    0,
    0,
    0,
    0,
    0,
    0,
    0,
    0,
    0,
    2,
    0,
    0,
    0,
    0,
    0,
    0,
    0,
    0,
    0,
    0,
    0,
    0,
    0,
    0,
    0,
    0,
    0,
    2,
    0,
    0,
    0,
    0,
    1,
    0,
    0,
    0,
    0,
    0,
    0,
    0,
    0,
    0,
    0,
    0,
    0,
    0,
    0,
    0,
    0,
    0,
    0,
    0,
    0,
    0,
    0,
    0,
    0,
    0,
    0,
    0,
    0,
    0,
    0,
    0,
    0,
    0,
    0,
    0,
    0,
    0,
    0,
    0,
    0,
    0,
    0,
    0,
    0,
    0,
    0,
    0,
    0,
    0,
    0,
    0,
    1,
    0,
    0,
    0,
    0,
    0,
    0,
    0,
    0,
    0,
    0,
    0,
    0,
    0,
    0,
    0,
    0,
    0,
    0,
    0,
    0,
    0,
    0,
    0,
    0,
    0,
    0,
    0,
    0,
    0,
    0,
    0,
    0,
    0,
    0,
    0,
    0,
    0,
    0,
    0,
    0,
    0,
    0,
    0,
    0,
    0,
    0,
    0,
    0,
    0,
    0,
    0,
    0,
    0,
    0,
    0,
    0,
    0,
    0,
    0,
    0,
    0,
    0,
    0,
    0,
    0,
    0,
    0,
    0,
    0,
    0,
    0,
    0,
    0,
    0,
    0,
    0,
    0,
    0,
    0,
    0,
    0,
    0,
    0,
    0,
    0,
    0,
    0,
    0,
    0,
    0,
    0,
    0,
    0,
    0,
    0,
    0,
    0,
    0,
    0,
    0,
    0,
    0,
    0,
    0,
    0,
    0,
    0,
    0,
    0,
    0,
    0,
    0,
    0,
    0,
    0,
    0,
    0,
    0,
    0,
    0,
    0,
    0,
    0,
    0,
    0,
    0,
    0,
    0,
    0,
    0,
    0,
    0,
    0,
    0,
    0,
    0,
    0,
    0,
    0,
    0,
    0,
    0,
    0,
    0,
    0,
    0,
    0,
    0,
    0,
    0,
    0,
    0,
    0,
    0,
    0,
    0,
    0,
    0,
    0,
    0,
    0,
    0,
    0,
    0,
    0,
    0,
    0,
    0,
    0,
    0,
    0,
    0,
    0,
    0,
    0,
    0,
    0,
    1,
    0,
    0,
    0,
    0,
    0,
    0,
    0,
    0,
    0,
    0,
    0,
    0,
    0,
    0,
    0,
    0,
    0,
    0,
    0,
    0,
    0,
    0,
    0,
    0,
    0,
    0,
    0,
    0,
    0,
    0,
    0,
    0,
    0,
    0,
    0,
    0,
    0,
    0,
    0,
    0,
    0,
    0,
    0,
    0,
    0,
    0,
    0,
    0,
    0,
    0,
    0,
    0,
    0,
    0,
    0,
    0,
    0,
    0,
    0,
    0,
    0,
    0,
    0,
    0,
    0,
    0,
    0,
    0,
    0,
    0,
    0,
    0,
    0,
    0,
    0,
    0,
    0,
    0,
    0,
    0,
    0,
    0,
    0,
    0,
    0,
    0,
    0,
    0,
    0,
    1,
    0,
    0,
    0,
    0,
    0,
    0,
    0,
    0,
    0,
    0,
    0,
    0,
    0,
    0,
    0,
    0,
    0,
    0,
    0,
    0,
    0,
    0,
    0,
    0,
    0,
    0,
    0,
    0,
    0,
    0,
    0,
    0,
    0,
    0,
    0,
    0,
    0,
    0,
    0,
    0,
    0,
    0,
    0,
    0,
    0,
    0,
    0,
    0,
    0,
    0,
    0,
    0,
    0,
    0,
    0,
    0,
    0,
    0,
    0,
    0,
    0,
    0,
    0,
    0,
    0,
    0,
    0,
    0,
    0,
    0,
    0,
    0,
    0,
    0,
    0,
    0,
    0,
    0,
    0,
    0,
    0,
    0,
    0,
    0,
    0,
    0,
    0,
    0,
    0,
    0,
    0,
    0,
    0,
    0,
    0,
    0,
    0,
    0,
    0,
    3,
    0,
    0,
    0,
    0,
    0,
    0,
    0,
    0,
    0,
    0,
    0,
    0,
    0,
    0,
    0,
    0,
    0,
    0,
    0,
    0,
    0,
    0,
    0,
    0,
    0,
    0,
    0,
    0,
    0,
    0,
    0,
    0,
    0,
    0,
    0,
    2,
    0,
    0,
    0,
    0,
    0,
    0,
    0,
    0,
    2,
    0,
    0,
    0,
    0,
    0,
    0,
    0,
    0,
    0,
    0,
    0,
    0,
    0,
    0,
    0,
    0,
    0,
    0,
    0,
    0,
    0,
    0,
    0,
    0,
    0,
    0,
    0,
    0,
    0,
    0,
    0,
    0,
    0,
    0,
    0,
    0,
    0,
    0,
    0,
    0,
    0,
    0,
    0,
    0,
    0,
    0,
    0,
    0,
    0,
    0,
    2,
    0,
    0,
    0,
    0,
    0,
    0,
    0,
    0,
    0,
    0,
    0,
    0,
    0,
    0,
    0,
    0,
    0,
    0,
    0,
    0,
    0,
    0,
    0,
    0,
    0,
    0,
    0,
    0,
    0,
    0,
    0,
    0,
    0,
    0,
    0,
    0,
    0,
    0,
    0,
    0,
    0,
    0,
    0,
    0,
    0,
    0,
    0,
    0,
    0,
    0,
    0,
    0,
    0,
    0,
    0,
    0,
    0,
    0,
    0,
    0,
    0,
    0,
    0,
    0,
    0,
    0,
    0,
    0,
    0,
    0,
    0,
    0,
    0,
    0,
    0,
    0,
    0,
    0,
    0,
    0,
    0,
    0,
    0,
    0,
    0,
    0,
    0,
    0,
    0,
    0,
    0,
    0,
    0,
    0,
    0,
    0,
    0,
    0,
    0,
    0,
    0,
    0,
    0,
    0,
    0,
    0,
    0,
    0,
    0,
    0,
    0,
    0,
    0,
    1,
    0,
    0,
    0,
    0,
    0,
    0,
    1,
    0,
    0,
    0,
    0,
    0,
    0,
    0,
    0,
    0,
    0,
    0,
    1,
    0,
    0,
    0,
    0,
    0,
    0,
    0,
    0,
    0,
    0,
    0,
    0,
    0,
    0,
    0,
    0,
    0,
    0,
    0,
    0,
    0,
    0,
    0,
    0,
    0,
    0,
    0,
    0,
    0,
    0,
    0,
    0,
    0,
    0,
    0,
    0,
    0,
    0,
    0,
    0,
    0,
    0,
    0,
    0,
    0,
    0,
    0,
    0,
    0,
    0,
    0,
    0,
    0,
    0,
    0,
    0,
    0,
    0,
    0,
    0,
    0,
    0,
    0,
    0,
    0,
    0,
    0,
    0,
    0,
    0,
    1,
    0,
    0,
    0,
    0,
    0,
    0,
    0,
    0,
    0,
    0,
    0,
    0,
    0,
    0,
    0,
    0,
    0,
    0,
    0,
    0,
    0,
    0,
    0,
    0,
    0,
    0,
    0,
    0,
    0,
    0,
    0,
    0,
    0,
    0,
    0,
    0,
    0,
    0,
    0,
    0,
    0,
    0,
    0,
    0,
    0,
    0,
    0,
    0,
    0,
    0,
    0,
    0,
    0,
    0,
    0,
    0,
    0,
    0,
    0,
    0,
    0,
    0,
    0,
    0,
    0,
    0,
    0,
    0,
    0,
    0,
    0,
    0,
    0,
    0,
    0,
    0,
    0,
    0,
    0,
    0,
    0,
    0,
    0,
    2,
    0,
    0,
    0,
    0,
    0,
    0,
    0,
    0,
    0,
    0,
    0,
    0,
    0,
    0,
    0,
    0,
    0,
    0,
    0,
    0,
    0,
    0,
    0,
    0,
    0,
    0,
    0,
    0,
    0,
    0,
    0,
    0,
    0,
    0,
    0,
    0,
    0,
    0,
    0,
    0,
    0,
    0,
    0,
    0,
    0,
    0,
    0,
    0,
    0,
    0,
    0,
    0,
    0,
    0,
    0,
    0,
    0,
    0,
    0,
    0,
    0,
    0,
    0,
    0,
    0,
    0,
    0,
    0,
    0,
    0,
    0,
    0,
    0,
    0,
    0,
    0,
    0,
    0,
    0,
    0,
    0,
    0,
    0,
    0,
    0,
    0,
    0,
    0,
    0,
    0,
    0,
    0,
    0,
    0,
    0,
    0,
    0,
    0,
    0,
    0,
    0,
    0,
    0,
    0,
    0,
    0,
    0,
    0,
    0,
    0,
    0,
    0,
    0,
    0,
    0,
    0,
    0,
    0,
    0,
    0,
    0,
    0,
    0,
    0,
    0,
    0,
    0,
    0,
    0,
    0,
    0,
    0,
    0,
    0,
    0,
    0,
    0,
    0,
    0,
    0,
    0,
    0,
    0,
    0,
    0,
    0,
    0,
    0,
    0,
    0,
    0,
    0,
    0,
    0,
    0,
    0,
    0,
    0,
    0,
    0,
    0,
    0,
    0,
    0,
    0,
    0,
    0,
    0,
    0,
    0,
    0,
    0,
    0,
    0,
    0,
    0,
    0,
    0,
    0,
    0,
    0,
    0,
    0,
    0,
    0,
    0,
    0,
    0,
    0,
    0,
    0,
    0,
    0,
    0,
    0,
    0,
    0,
    0,
    0,
    0,
    2,
    0,
    0,
    0,
    0,
    0,
    0,
    0,
    0,
    0,
    0,
    0,
    0,
    0,
    0,
    0,
    0,
    0,
    0,
    0,
    0,
    0,
    0,
    0,
    0,
    0,
    0,
    0,
    0,
    0,
    0,
    0,
    0,
    0,
    0,
    0,
    0,
    0,
    0,
    0,
    0,
    0,
    0,
    0,
    0,
    0,
    0,
    0,
    0,
    0,
    0,
    0,
    0,
    0,
    0,
    0,
    0,
    0,
    0,
    0,
    0,
    0,
    0,
    0,
    0,
    0,
    0,
    0,
    0,
    0,
    0,
    0,
    0,
    0,
    0,
    0,
    0,
    0,
    0,
    0,
    0,
    0,
    0,
    0,
    0,
    0,
    0,
    0,
    0,
    0,
    0,
    0,
    0,
    0,
    0,
    0,
    0,
    0,
    0,
    0,
    0,
    0,
    0,
    0,
    0,
    0,
    0,
    0,
    0,
    0,
    0,
    0,
    0,
    0,
    0,
    0,
    0,
    2,
    0,
    0,
    0,
    0,
    0,
    0,
    0,
    0,
    0,
    0,
    0,
    0,
    0,
    0,
    0,
    0,
    0,
    0,
    0,
    0,
    0,
    0,
    0,
    0,
    0,
    0,
    0,
    0,
    0,
    0,
    0,
    0,
    0,
    0,
    0,
    0,
    0,
    0,
    0,
    0,
    0,
    0,
    0,
    0,
    0,
    0,
    0,
    0,
    0,
    0,
    0,
    0,
    0,
    0,
    1,
    0,
    0,
    0,
    0,
    0,
    0,
    0,
    0,
    0,
    0,
    0,
    0,
    0,
    0,
    0,
    0,
    0,
    0,
    0,
    0,
    0,
    0,
    0,
    0,
    0,
    0,
    0,
    0,
    0,
    0,
    0,
    0,
    0,
    0,
    1,
    0,
    0,
    0,
    0,
    0,
    0,
    0,
    1,
    0,
    0,
    0,
    0,
    0,
    0,
    0,
    0,
    0,
    0,
    0,
    0,
    1,
    0,
    0,
    0,
    0,
    0,
    0,
    0,
    0,
    0,
    0,
    0,
    0,
    0,
    0,
    0,
    0,
    0,
    0,
    0,
    0,
    0,
    0,
    0,
    0,
    0,
    0,
    0,
    0,
    0,
    0,
    0,
    0,
    0,
    0,
    0,
    0,
    0,
    0,
    0,
    0,
    0,
    0,
    0,
    0,
    0,
    0,
    0,
    0,
    0,
    0,
    0,
    0,
    0,
    0,
    0,
    0,
    0,
    0,
    0,
    0,
    0,
    0,
    0,
    0,
    0,
    0,
    0,
    0,
    0,
    0,
    0,
    0,
    0,
    0,
    0,
    0,
    0,
    0,
    0,
    0,
    0,
    0,
    0,
    0,
    0,
    0,
    0,
    0,
    0,
    0,
    0,
    0,
    0,
    0,
    0,
    0,
    0,
    0,
    0,
    0,
    0,
    0,
    0,
    0,
    0,
    0,
    0,
    0,
    0,
    0,
    0,
    0,
    0,
    0,
    0,
    0,
    0,
    0,
    0,
    0,
    0,
    0,
    0,
    0,
    0,
    0,
    0,
    0,
    0,
    0,
    0,
    0,
    0,
    0,
    0,
    0,
    0,
    0,
    0,
    1,
    0,
    0,
    0,
    0,
    0,
    0,
    0,
    0,
    0,
    0,
    0,
    0,
    0,
    0,
    0,
    0,
    0,
    0,
    0,
    0,
    0,
    0,
    0,
    0,
    0,
    0,
    0,
    0,
    0,
    0,
    0,
    0,
    0,
    0,
    0,
    0,
    0,
    0,
    0,
    0,
    0,
    0,
    0,
    0,
    0,
    0,
    0,
    0,
    0,
    0,
    0,
    0,
    0,
    0,
    0,
    0,
    0,
    0,
    0,
    0,
    0,
    0,
    0,
    0,
    0,
    0,
    0,
    0,
    0,
    0,
    0,
    0,
    0,
    0,
    0,
    0,
    0,
    0,
    0,
    0,
    0,
    0,
    0,
    0,
    0,
    0,
    0,
    0,
    0,
    0,
    0,
    0,
    0,
    0,
    0,
    0,
    0,
    0,
    0,
    0,
    0,
    0,
    0,
    0,
    0,
    0,
    0,
    0,
    0,
    0,
    0,
    0,
    0,
    0,
    0,
    0,
    0,
    0,
    0,
    0,
    0,
    0,
    0,
    0,
    0,
    0,
    0,
    0,
    0,
    0,
    0,
    0,
    0,
    0,
    0,
    0,
    0,
    0,
    0,
    0,
    0,
    0,
    0,
    0,
    0,
    0,
    0,
    0,
    0,
    0,
    0,
    0,
    0,
    0,
    3,
    0,
    0,
    0,
    0,
    0,
    0,
    0,
    0,
    0,
    0,
    0,
    0,
    0,
    0,
    0,
    0,
    0,
    0,
    0,
    0,
    0,
    0,
    0,
    0,
    0,
    0,
    0,
    0,
    0,
    0,
    0,
    0,
    0,
    0,
    0,
    0,
    0,
    0,
    0,
    0,
    0,
    0,
    0,
    0,
    0,
    0,
    0,
    0,
    0,
    0,
    0,
    0,
    0,
    0,
    0,
    0,
    0,
    0,
    0,
    0,
    0,
    0,
    0,
    0,
    0,
    0,
    0,
    0,
    0,
    0,
    0,
    0,
    0,
    0,
    0,
    0,
    0,
    0,
    0,
    0,
    2,
    0,
    0,
    0,
    0,
    0,
    0,
    0,
    0,
    0,
    0,
    0,
    0,
    0,
    0,
    0,
    0,
    0,
    0,
    0,
    0,
    0,
    0,
    0,
    0,
    0,
    0,
    0,
    0,
    0,
    0,
    0,
    0,
    0,
    0,
    0,
    0,
    0,
    0,
    0,
    0,
    0,
    0,
    0,
    0,
    0,
    0,
    0,
    0,
    0,
    0,
    0,
    0,
    0,
    0,
    0,
    0,
    0,
    0,
    0,
    0,
    0,
    0,
    0,
    0,
    0,
    0,
    0,
    0,
    0,
    0,
    0,
    2,
    0,
    0,
    0,
    0,
    0,
    0,
    0,
    1,
    2,
    0,
    0,
    0,
    0,
    0,
    0,
    0,
    0,
    0,
    0,
    0,
    0,
    0,
    0,
    0,
    0,
    0,
    0,
    0,
    0,
    0,
    0,
    0,
    0,
    0,
    0,
    0,
    0,
    0,
    0,
    0,
    0,
    0,
    0,
    0,
    0,
    0,
    0,
    0,
    0,
    0,
    0,
    0,
    0,
    0,
    0,
    0,
    0,
    0,
    0,
    0,
    0,
    0,
    0,
    0,
    0,
    0,
    0,
    0,
    0,
    0,
    0,
    0,
    0,
    0,
    0,
    0,
    0,
    0,
    0,
    0,
    0,
    0,
    0,
    0,
    0,
    0,
    0,
    0,
    0,
    0,
    0,
    0,
    0,
    0,
    0,
    0,
    0,
    0,
    0,
    0,
    0,
    0,
    0,
    0,
    0,
    0,
    0,
    0,
    0,
    0,
    0,
    0,
    0,
    0,
    0,
    0,
    0,
    0,
    0,
    0,
    0,
    0,
    0,
    0,
    0,
    0,
    0,
    0,
    0,
    0,
    0,
    0,
    0,
    0,
    0,
    0,
    0,
    0,
    0,
    0,
    0,
    0,
    0,
    0,
    0,
    0,
    0,
    0,
    0,
    0,
    0,
    0,
    0,
    0,
    0,
    0,
    0,
    0,
    0,
    0,
    0,
    0,
    0,
    0,
    0,
    0,
    0,
    0,
    0,
    0,
    0,
    0,
    0,
    0,
    0,
    0,
    0,
    0,
    0,
    0,
    0,
    0,
    0,
    0,
    0,
    1,
    0,
    0,
    0,
    0,
    0,
    0,
    0,
    0,
    0,
    0,
    0,
    0,
    0,
    0,
    0,
    0,
    0,
    0,
    0,
    0,
    0,
    0,
    0,
    0,
    0,
    0,
    0,
    0,
    0,
    0,
    2,
    0,
    0,
    0,
    0,
    0,
    0,
    1,
    0,
    0,
    0,
    0,
    0,
    0,
    0,
    0,
    0,
    0,
    0,
    0,
    0,
    0,
    0,
    0,
    0,
    0,
    0,
    0,
    0,
    0,
    0,
    0,
    0,
    0,
    0,
    0,
    0,
    0,
    0,
    0,
    0,
    0,
    0,
    0,
    0,
    0,
    0,
    0,
    0,
    0,
    0,
    0,
    0,
    0,
    0,
    0,
    0,
    0,
    0,
    0,
    0,
    0,
    0,
    0,
    0,
    0,
    0,
    0,
    0,
    0,
    0,
    0,
    0,
    0,
    0,
    0,
    0,
    0,
    0,
    0,
    0,
    0,
    0,
    0,
    0,
    0,
    0,
    0,
    0,
    0,
    0,
    0,
    0,
    0,
    0,
    0,
    0,
    0,
    0,
    0,
    0,
    0,
    0,
    0,
    0,
    0,
    0,
    0,
    0,
    0,
    0,
    0,
    0,
    0,
    0,
    0,
    0,
    0,
    0,
    0,
    0,
    0,
    0,
    0,
    0,
    0,
    0,
    0,
    0,
    0,
    0,
    0,
    0,
    0,
    0,
    0,
    0,
    0,
    0,
    0,
    0,
    2,
    0,
    0,
    0,
    0,
    0,
    0,
    0,
    0,
    0,
    0,
    0,
    0,
    0,
    0,
    0,
    0,
    0,
    0,
    0,
    0,
    0,
    0,
    0,
    0,
    0,
    0,
    0,
    0,
    0,
    0,
    0,
    0,
    0,
    0,
    0,
    0,
    0,
    0,
    0,
    0,
    0,
    0,
    0,
    0,
    0,
    0,
    0,
    0,
    0,
    0,
    0,
    0,
    0,
    0,
    0,
    0,
    0,
    0,
    0,
    0,
    0,
    0,
    0,
    0,
    0,
    0,
    0,
    0,
    0,
    0,
    0,
    0,
    0,
    0,
    0,
    0,
    2,
    0,
    0,
    0,
    0,
    0,
    0,
    0,
    0,
    0,
    0,
    0,
    0,
    0,
    0,
    0,
    0,
    0,
    0,
    0,
    0,
    0,
    0,
    0,
    0,
    0,
    0,
    0,
    0,
    0,
    0,
    0,
    0,
    0,
    0,
    0,
    0,
    0,
    0,
    0,
    0,
    0,
    0,
    0,
    0,
    0,
    0,
    0,
    0,
    0,
    0,
    0,
    0,
    0,
    0,
    0,
    0,
    0,
    0,
    0,
    0,
    0,
    0,
    0,
    0,
    0,
    0,
    0,
    0,
    0,
    0,
    0,
    0,
    0,
    0,
    0,
    0,
    0,
    0,
    0,
    0,
    0,
    0,
    0,
    0,
    0,
    0,
    0,
    0,
    0,
    0,
    0,
    0,
    0,
    0,
    0,
    0,
    0,
    0,
    2,
    0,
    0,
    0,
    0,
    0,
    0,
    0,
    0,
    0,
    0,
    0,
    0,
    0,
    0,
    0,
    0,
    0,
    0,
    1,
    2,
    0,
    0,
    0,
    0,
    0,
    0,
    0,
    0,
    0,
    0,
    0,
    0,
    0,
    0,
    0,
    0,
    0,
    0,
    0,
    0,
    0,
    0,
    0,
    0,
    0,
    0,
    0,
    0,
    0,
    0,
    0,
    0,
    0,
    0,
    0,
    0,
    0,
    0,
    0,
    0,
    0,
    0,
    0,
    0,
    0,
    0,
    0,
    0,
    0,
    0,
    0,
    0,
    0,
    0,
    0,
    0,
    0,
    0,
    0,
    0,
    0,
    0,
    0,
    0,
    0,
    0,
    0,
    0,
    0,
    0,
    0,
    0,
    0,
    0,
    0,
    0,
    0,
    0,
    0,
    0,
    0,
    0,
    0,
    0,
    0,
    0,
    0,
    0,
    0,
    0,
    0,
    0,
    0,
    0,
    0,
    0,
    0,
    0,
    0,
    0,
    0,
    0,
    0,
    0,
    0,
    0,
    0,
    0,
    0,
    0,
    0,
    0,
    0,
    0,
    0,
    0,
    0,
    0,
    0,
    0,
    0,
    0,
    0,
    0,
    0,
    0,
    0,
    0,
    0,
    0,
    0,
    0,
    0,
    0,
    0,
    0,
    0,
    0,
    0,
    1,
    0,
    0,
    0,
    0,
    0,
    0,
    0,
    0,
    0,
    0,
    0,
    0,
    0,
    0,
    0,
    0,
    0,
    0,
    0,
    0,
    0,
    0,
    0,
    0,
    0,
    0,
    0,
    0,
    0,
    0,
    0,
    0,
    0,
    0,
    0,
    0,
    0,
    0,
    0,
    0,
    0,
    0,
    0,
    0,
    0,
    0,
    0,
    0,
    0,
    0,
    0,
    0,
    0,
    0,
    0,
    0,
    0,
    0,
    0,
    1,
    0,
    0,
    0,
    0,
    0,
    0,
    0,
    0,
    0,
    0,
    0,
    0,
    0,
    0,
    0,
    0,
    0,
    0,
    0,
    0,
    0,
    0,
    0,
    0,
    0,
    0,
    0,
    0,
    0,
    0,
    0,
    0,
    0,
    0,
    0,
    0,
    0,
    0,
    0,
    0,
    0,
    0,
    0,
    0,
    0,
    0,
    0,
    0,
    0,
    0,
    0,
    0,
    0,
    0,
    0,
    0,
    0,
    0,
    0,
    0,
    0,
    0,
    0,
    0,
    0,
    0,
    0,
    0,
    0,
    0,
    0,
    0,
    0,
    0,
    0,
    0,
    0,
    0,
    0,
    0,
    0,
    0,
    0,
    0,
    0,
    0,
    0,
    0,
    0,
    0,
    0,
    1,
    0,
    0,
    0,
    0,
    0,
    0,
    0,
    0,
    0,
    0,
    0,
    0,
    0,
    0,
    0,
    0,
    0,
    0,
    0,
    0,
    0,
    0,
    0,
    0,
    0,
    0,
    0,
    0,
    0,
    0,
    0,
    0,
    0,
    0,
    0,
    0,
    0,
    0,
    0,
    0,
    0,
    0,
    0,
    0,
    0,
    0,
    0,
    0,
    0,
    0,
    0,
    0,
    2,
    0,
    0,
    0,
    0,
    0,
    0,
    0,
    1,
    0,
    0,
    0,
    0,
    0,
    0,
    0,
    0,
    0,
    0,
    0,
    0,
    0,
    0,
    0,
    0,
    0,
    0,
    0,
    0,
    0,
    0,
    0,
    0,
    0,
    0,
    0,
    0,
    0,
    0,
    0,
    0,
    0,
    0,
    0,
    0,
    0,
    0,
    0,
    0,
    0,
    0,
    0,
    0,
    0,
    0,
    0,
    0,
    0,
    0,
    0,
    0,
    0,
    0,
    0,
    0,
    0,
    0,
    1,
    0,
    0,
    0,
    0,
    0,
    0,
    0,
    0,
    0,
    0,
    0,
    0,
    0,
    0,
    0,
    0,
    0,
    0,
    0,
    0,
    0,
    0,
    0,
    0,
    0,
    0,
    0,
    0,
    0,
    0,
    0,
    0,
    0,
    0,
    0,
    0,
    0,
    0,
    0,
    0,
    0,
    0,
    0,
    0,
    0,
    0,
    0,
    0,
    0,
    0,
    0,
    0,
    0,
    0,
    0,
    0,
    0,
    0,
    0,
    0,
    0,
    0,
    0,
    0,
    0,
    0,
    0,
    0,
    0,
    0,
    0,
    0,
    0,
    0,
    0,
    0,
    0,
    0,
    0,
    0,
    0,
    0,
    0,
    0,
    0,
    0,
    0,
    0,
    0,
    0,
    0,
    0,
    0,
    0,
    0,
    0,
    0,
    0,
    0,
    0,
    0,
    0,
    0,
    0,
    0,
    0,
    0,
    0,
    0,
    0,
    0,
    0,
    0,
    0,
    0,
    0,
    0,
    0,
    0,
    0,
    0,
    0,
    0,
    0,
    0,
    0,
    0,
    0,
    0,
    0,
    0,
    0,
    0,
    3,
    0,
    0,
    0,
    0,
    0,
    0,
    0,
    0,
    0,
    0,
    0,
    0,
    0,
    0,
    0,
    0,
    0,
    0,
    0,
    0,
    0,
    0,
    0,
    0,
    0,
    0,
    0,
    0,
    0,
    0,
    0,
    0,
    0,
    0,
    0,
    0,
    0,
    0,
    0,
    0,
    0,
    0,
    0,
    0,
    0,
    0,
    0,
    0,
    0,
    0,
    0,
    0,
    0,
    0,
    0,
    0,
    0,
    0,
    0,
    0,
    0,
    0,
    0,
    0,
    0,
    0,
    0,
    0,
    0,
    0,
    0,
    0,
    0,
    0,
    0,
    0,
    0,
    0,
    1,
    0,
    0,
    0,
    0,
    0,
    0,
    0,
    0,
    0,
    0,
    0,
    0,
    0,
    0,
    0,
    0,
    0,
    0,
    0,
    0,
    0,
    0,
    0,
    0,
    0,
    0,
    0,
    0,
    0,
    0,
    0,
    0,
    0,
    0,
    0,
    0,
    0,
    0,
    0,
    0,
    0,
    0,
    0,
    0,
    0,
    0,
    2,
    0,
    0,
    0,
    0,
    0,
    0,
    0,
    0,
    0,
    1,
    0,
    0,
    0,
    0,
    0,
    0,
    0,
    0,
    0,
    0,
    0,
    0,
    0,
    0,
    0,
    0,
    0,
    0,
    0,
    0,
    0,
    0,
    0,
    0,
    0
  ],
  "pressure_subdivision_wall_ms": {
    "grid_query_distance": 1.2527013616636395,
    "query_weights_gram": 5.533389691263437,
    "small_closed_form_solve": 0.051462301053106785
  },
  "grid_samples_visited": [
    257,
    316,
    219,
    196,
    219,
    314,
    268,
    392,
    343,
    257,
    268,
    316,
    257,
    316,
    268,
    219,
    333,
    196,
    0,
    412,
    362,
    413,
    362,
    442,
    270,
    386,
    350,
    268,
    270,
    362,
    362,
    170,
    170,
    170,
    342,
    196,
    202,
    236,
    236,
    365,
    346,
    268,
    377,
    316,
    180,
    223,
    225,
    287,
    267,
    230,
    162,
    323,
    219,
    196,
    257,
    196,
    219,
    196,
    257,
    236,
    316,
    287,
    365,
    408,
    315,
    196,
    323,
    257,
    316,
    196,
    219,
    333,
    196,
    219,
    196,
    196,
    343,
    343,
    257,
    196,
    316,
    625,
    442,
    362,
    644,
    539,
    170,
    274,
    342,
    335,
    383,
    409,
    270,
    412,
    268,
    413,
    268,
    350,
    170,
    170,
    170,
    201,
    205,
    308,
    342,
    316,
    408,
    333,
    268,
    366,
    274,
    257,
    342,
    316,
    196,
    287,
    333,
    196,
    366,
    196,
    196,
    257,
    196,
    196,
    219,
    196,
    257,
    196,
    358,
    342,
    335,
    477,
    409,
    196,
    196,
    386,
    442,
    362,
    301,
    431,
    492,
    481,
    397,
    229,
    196,
    472,
    477,
    409,
    270,
    625,
    522,
    362,
    530,
    570,
    362,
    424,
    565,
    635,
    493,
    477,
    509,
    170,
    270,
    170,
    343,
    155,
    164,
    316,
    219,
    164,
    343,
    202,
    164,
    316,
    257,
    316,
    219,
    196,
    208,
    219,
    231,
    314,
    268,
    343,
    257,
    196,
    316,
    287,
    365,
    312,
    274,
    323,
    416,
    418,
    453,
    446,
    353,
    416,
    418,
    446,
    353,
    170,
    257,
    316,
    268,
    219,
    333,
    196,
    170,
    213,
    358,
    424,
    418,
    342,
    196,
    196,
    287,
    383,
    366,
    270,
    270,
    170,
    196,
    333,
    233,
    180,
    168,
    0,
    155,
    333,
    196,
    196,
    358,
    257,
    397,
    316,
    196,
    219,
    287,
    333,
    268,
    366,
    219,
    196,
    257,
    162,
    219,
    196,
    196,
    386,
    350,
    284,
    268,
    196,
    196,
    196,
    170,
    257,
    350,
    219,
    196,
    270,
    412,
    362,
    413,
    362,
    442,
    170,
    316,
    196,
    270,
    170,
    233,
    420,
    198,
    180,
    201,
    307,
    257,
    196,
    219,
    196,
    274,
    342,
    196,
    287,
    299,
    366,
    287,
    365,
    364,
    315,
    323,
    196,
    196,
    274,
    342,
    196,
    287,
    333,
    366,
    219,
    196,
    257,
    196,
    412,
    268,
    413,
    350,
    270,
    386,
    442,
    530,
    362,
    170,
    196,
    196,
    346,
    170,
    170,
    343,
    162,
    199,
    330,
    274,
    342,
    287,
    0,
    366,
    219,
    196,
    257,
    236,
    316,
    219,
    196,
    257,
    350,
    219,
    196,
    257,
    196,
    257,
    316,
    164,
    219,
    333,
    196,
    412,
    362,
    413,
    442,
    257,
    350,
    219,
    196,
    170,
    196,
    196,
    170,
    219,
    196,
    257,
    196,
    170,
    170,
    170,
    137,
    0,
    0,
    0,
    0,
    343,
    0,
    196,
    0,
    0,
    234,
    205,
    161,
    0,
    230,
    342,
    227,
    290,
    287,
    362,
    309,
    230,
    196,
    323,
    196,
    196,
    331,
    314,
    268,
    392,
    343,
    363,
    268,
    316,
    257,
    316,
    268,
    219,
    333,
    196,
    208,
    219,
    231,
    229,
    196,
    343,
    257,
    196,
    316,
    170,
    257,
    350,
    219,
    196,
    170,
    358,
    342,
    335,
    477,
    409,
    170,
    170,
    170,
    196,
    0,
    356,
    137,
    299,
    355,
    196,
    196,
    219,
    287,
    268,
    365,
    343,
    315,
    257,
    196,
    377,
    316,
    287,
    365,
    346,
    315,
    196,
    323,
    343,
    418,
    315,
    323,
    274,
    342,
    287,
    477,
    366,
    431,
    481,
    537,
    480,
    539,
    472,
    477,
    579,
    170,
    257,
    350,
    219,
    196,
    170,
    196,
    196,
    170,
    170,
    170,
    198,
    489,
    205,
    328,
    257,
    316,
    236,
    219,
    333,
    196,
    219,
    229,
    196,
    343,
    257,
    196,
    316,
    257,
    316,
    268,
    219,
    333,
    196,
    295,
    350,
    284,
    268,
    257,
    196,
    196,
    287,
    365,
    343,
    274,
    196,
    323,
    424,
    539,
    539,
    270,
    268,
    268,
    424,
    539,
    539,
    270,
    270,
    323,
    231,
    365,
    323,
    358,
    224,
    283,
    196,
    173,
    355,
    219,
    196,
    343,
    257,
    268,
    316,
    219,
    196,
    257,
    196,
    219,
    285,
    164,
    362,
    343,
    230,
    257,
    196,
    323,
    316,
    196,
    196,
    196,
    219,
    196,
    257,
    350,
    386,
    350,
    268,
    196,
    196,
    329,
    412,
    539,
    413,
    442,
    270,
    416,
    523,
    494,
    570,
    170,
    270,
    170,
    403,
    196,
    208,
    301,
    175,
    285,
    164,
    362,
    309,
    164,
    296,
    316,
    219,
    196,
    257,
    162,
    196,
    196,
    257,
    316,
    164,
    219,
    333,
    196,
    219,
    268,
    343,
    257,
    268,
    316,
    358,
    257,
    342,
    316,
    196,
    219,
    287,
    333,
    268,
    366,
    287,
    365,
    408,
    315,
    196,
    377,
    270,
    268,
    268,
    170,
    431,
    342,
    472,
    477,
    409,
    170,
    170,
    170,
    289,
    145,
    351,
    219,
    196,
    257,
    350,
    257,
    316,
    196,
    219,
    333,
    196,
    219,
    196,
    257,
    236,
    316,
    257,
    196,
    196,
    257,
    316,
    268,
    219,
    333,
    196,
    219,
    196,
    257,
    236,
    316,
    170,
    274,
    342,
    342,
    287,
    333,
    366,
    214,
    257,
    350,
    219,
    196,
    170,
    270,
    170,
    323,
    196,
    165,
    196,
    196,
    257,
    196,
    196,
    230,
    342,
    342,
    287,
    260,
    366,
    230,
    342,
    227,
    260,
    290,
    196,
    196,
    257,
    350,
    268,
    219,
    196,
    343,
    418,
    315,
    323,
    170,
    257,
    316,
    268,
    219,
    333,
    196,
    170,
    287,
    365,
    364,
    315,
    323,
    170,
    196,
    270,
    170,
    342,
    196,
    181,
    236,
    325,
    287,
    224,
    257,
    283,
    316,
    164,
    166,
    225,
    299,
    164,
    355,
    224,
    342,
    227,
    260,
    290,
    196,
    196,
    219,
    196,
    257,
    162,
    196,
    196,
    196,
    196,
    386,
    442,
    362,
    475,
    584,
    362,
    0,
    196,
    196,
    170,
    257,
    196,
    196,
    170,
    219,
    196,
    257,
    236,
    316,
    170,
    170,
    170,
    307,
    281,
    333,
    145,
    155,
    291,
    274,
    342,
    287,
    260,
    366,
    196,
    196,
    219,
    138,
    164,
    343,
    343,
    257,
    164,
    316,
    358,
    418,
    342,
    196,
    196,
    287,
    333,
    366,
    358,
    372,
    342,
    196,
    196,
    287,
    333,
    366,
    358,
    342,
    287,
    477,
    366,
    219,
    314,
    268,
    343,
    343,
    257,
    268,
    316,
    424,
    565,
    635,
    493,
    477,
    584,
    170,
    219,
    196,
    257,
    236,
    316,
    170,
    170,
    170,
    310,
    333,
    449,
    234,
    205,
    333,
    232,
    196,
    164,
    330,
    164,
    362,
    296,
    316,
    219,
    196,
    257,
    164,
    316,
    343,
    418,
    453,
    315,
    323,
    196,
    196,
    274,
    342,
    196,
    287,
    333,
    366,
    470,
    522,
    362,
    475,
    570,
    362,
    213,
    358,
    334,
    372,
    409,
    342,
    196,
    287,
    333,
    268,
    366,
    346,
    645,
    539,
    413,
    442,
    170,
    257,
    196,
    219,
    196,
    270,
    170,
    270,
    196,
    333,
    281,
    198,
    147,
    198,
    181,
    257,
    316,
    164,
    219,
    333,
    164,
    343,
    418,
    315,
    323,
    257,
    350,
    219,
    196,
    331,
    268,
    314,
    196,
    362,
    362,
    196,
    196,
    270,
    412,
    362,
    413,
    442,
    170,
    196,
    196,
    270,
    270,
    170,
    178,
    0,
    0,
    233,
    137,
    208,
    544,
    196,
    196,
    196,
    196,
    219,
    196,
    196,
    358,
    257,
    397,
    316,
    196,
    219,
    287,
    333,
    268,
    366,
    431,
    342,
    472,
    477,
    409,
    196,
    196,
    170,
    196,
    196,
    424,
    623,
    595,
    453,
    494,
    539,
    570,
    270,
    472,
    477,
    455,
    170,
    170,
    223,
    343,
    168,
    281,
    201,
    170,
    219,
    285,
    164,
    362,
    343,
    230,
    257,
    196,
    296,
    316,
    230,
    342,
    227,
    260,
    290,
    219,
    196,
    257,
    268,
    350,
    257,
    316,
    268,
    219,
    333,
    268,
    416,
    523,
    453,
    494,
    570,
    625,
    522,
    362,
    530,
    570,
    362,
    625,
    442,
    644,
    539,
    170,
    257,
    316,
    268,
    219,
    333,
    268,
    170,
    274,
    342,
    287,
    303,
    366,
    270,
    170,
    170,
    234,
    198,
    290,
    356,
    231,
    362,
    323,
    234,
    0,
    196,
    0,
    162,
    219,
    196,
    257,
    196,
    257,
    162,
    219,
    196,
    257,
    316,
    268,
    219,
    333,
    268,
    219,
    196,
    257,
    350,
    480,
    539,
    362,
    257,
    196,
    196,
    270,
    362,
    362,
    170,
    219,
    196,
    343,
    257,
    268,
    316,
    270,
    170,
    170,
    170,
    325,
    281,
    145,
    300,
    0,
    438,
    164,
    362,
    316,
    257,
    196,
    219,
    196,
    219,
    196,
    196,
    230,
    342,
    227,
    290,
    257,
    316,
    219,
    196,
    257,
    350,
    219,
    196,
    219,
    196,
    413,
    268,
    350,
    170,
    257,
    350,
    219,
    196,
    170,
    219,
    196,
    343,
    295,
    268,
    350,
    170,
    270,
    170,
    180,
    198,
    168,
    180,
    233,
    145,
    196,
    196,
    330,
    0,
    219,
    196,
    196,
    345,
    343,
    257,
    164,
    316,
    257,
    196,
    219,
    196,
    257,
    316,
    268,
    219,
    333,
    196,
    219,
    196,
    257,
    268,
    350,
    412,
    314,
    362,
    408,
    454,
    413,
    362,
    571,
    416,
    523,
    453,
    494,
    570,
    170,
    257,
    196,
    196,
    170,
    343,
    418,
    453,
    315,
    323,
    170,
    170,
    170,
    267,
    420,
    205,
    219,
    287,
    196,
    365,
    343,
    274,
    257,
    196,
    323,
    316,
    230,
    257,
    296,
    316,
    196,
    219,
    287,
    299,
    164,
    355,
    196,
    196,
    219,
    196,
    257,
    164,
    162,
    219,
    196,
    229,
    196,
    358,
    418,
    342,
    229,
    196,
    287,
    477,
    366,
    219,
    196,
    295,
    268,
    350,
    0,
    362,
    362,
    424,
    645,
    314,
    362,
    533,
    612,
    623,
    362,
    571,
    170,
    196,
    196,
    170,
    170,
    170,
    234,
    300,
    170,
    342,
    284,
    233,
    333,
    219,
    196,
    257,
    164,
    162,
    257,
    196,
    196,
    196,
    196,
    219,
    196,
    257,
    196,
    257,
    350,
    219,
    196,
    386,
    442,
    362,
    343,
    418,
    453,
    446,
    350,
    407,
    170,
    412,
    196,
    413,
    350,
    170,
    257,
    196,
    196,
    424,
    170,
    270,
    175,
    342,
    252,
    166,
    343,
    296,
    316,
    112,
    287,
    362,
    343,
    196,
    323,
    287,
    362,
    267,
    230,
    196,
    323,
    219,
    138,
    164,
    296,
    343,
    257,
    164,
    316,
    219,
    196,
    196,
    331,
    316,
    268,
    219,
    333,
    268,
    219,
    196,
    196,
    343,
    343,
    257,
    196,
    316,
    358,
    342,
    287,
    477,
    366,
    170,
    257,
    196,
    196,
    170,
    287,
    365,
    346,
    315,
    196,
    323,
    170,
    170,
    170,
    420,
    343,
    198,
    356,
    257,
    196,
    196,
    257,
    257,
    308,
    316,
    196,
    219,
    333,
    196,
    196,
    196,
    257,
    316,
    196,
    219,
    333,
    196,
    268,
    268,
    268,
    196,
    170,
    295,
    350,
    219,
    196,
    170,
    358,
    342,
    335,
    433,
    409,
    170,
    170,
    170,
    342,
    343,
    342,
    356,
    338,
    366,
    196,
    196,
    224,
    287,
    296,
    196,
    196,
    287,
    260,
    355,
    181,
    230,
    287,
    372,
    342,
    196,
    196,
    287,
    299,
    366,
    196,
    196,
    219,
    196,
    196,
    196,
    287,
    365,
    346,
    315,
    196,
    323,
    270,
    416,
    523,
    453,
    494,
    442,
    570,
    170,
    257,
    196,
    219,
    196,
    170,
    196,
    196,
    170,
    170,
    196,
    346,
    198,
    180,
    180,
    0,
    219,
    196,
    257,
    236,
    316,
    135,
    196,
    148,
    162,
    287,
    365,
    408,
    315,
    196,
    323,
    196,
    196,
    257,
    350,
    219,
    196,
    257,
    316,
    219,
    196,
    0,
    556,
    362,
    362,
    413,
    362,
    571,
    424,
    625,
    539,
    539,
    270,
    412,
    268,
    413,
    350,
    270,
    170,
    170,
    198,
    199,
    201,
    170,
    165,
    225,
    287,
    0,
    230,
    323,
    230,
    342,
    196,
    287,
    299,
    366,
    257,
    316,
    164,
    219,
    333,
    196,
    287,
    365,
    343,
    274,
    196,
    323,
    274,
    257,
    342,
    316,
    196,
    219,
    287,
    333,
    196,
    366,
    196,
    196,
    343,
    418,
    453,
    315,
    350,
    353,
    170,
    257,
    316,
    268,
    219,
    333,
    196,
    270,
    362,
    362,
    170,
    170,
    270,
    449,
    198,
    180,
    208,
    196,
    227,
    290,
    270,
    230,
    323,
    287,
    365,
    408,
    315,
    196,
    323,
    196,
    196,
    219,
    196,
    257,
    236,
    316,
    257,
    196,
    219,
    196,
    274,
    342,
    196,
    287,
    333,
    366,
    170,
    257,
    350,
    268,
    219,
    196,
    170,
    358,
    257,
    397,
    316,
    196,
    219,
    287,
    333,
    268,
    366,
    270,
    170,
    170,
    342,
    0,
    323,
    283,
    196,
    301,
    219,
    196,
    343,
    196,
    316,
    219,
    196,
    257,
    196,
    219,
    196,
    257,
    236,
    316,
    343,
    418,
    408,
    315,
    323,
    257,
    316,
    219,
    333,
    196,
    287,
    365,
    408,
    315,
    196,
    323,
    219,
    196,
    257,
    196,
    170,
    287,
    365,
    364,
    315,
    323,
    270,
    412,
    362,
    413,
    362,
    442,
    170,
    270,
    270,
    205,
    358,
    267,
    170,
    257,
    316,
    268,
    219,
    333,
    196,
    219,
    287,
    196,
    362,
    343,
    230,
    257,
    196,
    323,
    316,
    287,
    365,
    346,
    315,
    196,
    323,
    257,
    162,
    219,
    196,
    274,
    372,
    342,
    196,
    196,
    287,
    333,
    366,
    416,
    523,
    453,
    494,
    570,
    170,
    196,
    196,
    170,
    257,
    350,
    219,
    196,
    270,
    504,
    442,
    362,
    170,
    270,
    165,
    374,
    213,
    219,
    196,
    196,
    296,
    343,
    202,
    164,
    316,
    257,
    196,
    196,
    257,
    316,
    164,
    219,
    333,
    196,
    219,
    196,
    257,
    350,
    252,
    219,
    267,
    314,
    268,
    346,
    257,
    268,
    316,
    219,
    196,
    343,
    257,
    196,
    316,
    386,
    350,
    284,
    268,
    270,
    431,
    415,
    537,
    522,
    362,
    475,
    475,
    477,
    362,
    513,
    424,
    539,
    539,
    170,
    270,
    170,
    145,
    198,
    175,
    198,
    201,
    235,
    257,
    316,
    196,
    219,
    196,
    343,
    257,
    164,
    316,
    219,
    196,
    257,
    350,
    257,
    196,
    196,
    274,
    342,
    342,
    196,
    196,
    287,
    333,
    366,
    257,
    196,
    196,
    287,
    365,
    364,
    315,
    323,
    270,
    370,
    316,
    413,
    395,
    170,
    274,
    257,
    342,
    316,
    196,
    219,
    287,
    333,
    196,
    366,
    170,
    270,
    270,
    155,
    181,
    333,
    213,
    162,
    219,
    196,
    343,
    257,
    236,
    316,
    219,
    196,
    196,
    196,
    358,
    342,
    335,
    477,
    409,
    274,
    342,
    196,
    287,
    333,
    366,
    219,
    196,
    196,
    392,
    343,
    257,
    268,
    316,
    274,
    342,
    196,
    287,
    299,
    366,
    170,
    257,
    316,
    236,
    219,
    333,
    196,
    270,
    386,
    442,
    530,
    362,
    170,
    170,
    170,
    0,
    333,
    196,
    165,
    300,
    219,
    196,
    257,
    196,
    219,
    196,
    196,
    343,
    343,
    257,
    196,
    316,
    257,
    316,
    268,
    219,
    333,
    268,
    219,
    196,
    257,
    196,
    257,
    196,
    219,
    196,
    504,
    442,
    362,
    530,
    657,
    362,
    270,
    386,
    442,
    475,
    362,
    170,
    219,
    287,
    268,
    365,
    343,
    315,
    257,
    196,
    323,
    316,
    170,
    170,
    170,
    205,
    0,
    307,
    223,
    111,
    283,
    316,
    161,
    282,
    196,
    196,
    208,
    208,
    219,
    287,
    231,
    196,
    357,
    365,
    343,
    274,
    257,
    196,
    323,
    316,
    343,
    418,
    364,
    315,
    323,
    219,
    196,
    257,
    196,
    416,
    418,
    453,
    446,
    196,
    377,
    257,
    196,
    196,
    0,
    257,
    196,
    219,
    196,
    270,
    431,
    415,
    415,
    549,
    477,
    537,
    522,
    362,
    475,
    475,
    477,
    362,
    513,
    170,
    287,
    365,
    408,
    315,
    323,
    170,
    270,
    170,
    333,
    449,
    290,
    544,
    283,
    138,
    219,
    285,
    164,
    362,
    309,
    196,
    296,
    316,
    257,
    162,
    219,
    196,
    287,
    365,
    343,
    274,
    196,
    323,
    196,
    196,
    196,
    196,
    257,
    316,
    268,
    219,
    333,
    196,
    259,
    431,
    424,
    481,
    397,
    196,
    196,
    417,
    477,
    366,
    331,
    331,
    308,
    316,
    268,
    284,
    333,
    268,
    170,
    219,
    196,
    257,
    350,
    170,
    219,
    196,
    343,
    295,
    268,
    350,
    170,
    270,
    270,
    343,
    287,
    365,
    343,
    315,
    196,
    323,
    297,
    287,
    362,
    343,
    230,
    196,
    323,
    285,
    362,
    309,
    196,
    323,
    257,
    196,
    219,
    196,
    257,
    316,
    219,
    196,
    358,
    257,
    342,
    316,
    196,
    219,
    287,
    333,
    268,
    366,
    343,
    418,
    408,
    315,
    196,
    323,
    257,
    316,
    268,
    284,
    333,
    268,
    252,
    331,
    267,
    314,
    268,
    346,
    346,
    363,
    268,
    316,
    270,
    287,
    365,
    408,
    446,
    196,
    377,
    170,
    208,
    208,
    219,
    287,
    231,
    268,
    357,
    365,
    343,
    315,
    257,
    196,
    323,
    316,
    170,
    170,
    170,
    346,
    290,
    178,
    213,
    199,
    196,
    257,
    196,
    219,
    196,
    358,
    342,
    342,
    229,
    196,
    287,
    477,
    366,
    219,
    196,
    196,
    274,
    342,
    287,
    260,
    366,
    274,
    257,
    342,
    316,
    196,
    287,
    333,
    268,
    366,
    386,
    469,
    314,
    475,
    477,
    314,
    170,
    196,
    196,
    170,
    257,
    316,
    196,
    219,
    333,
    196,
    170,
    170,
    170,
    206,
    203,
    196,
    318,
    347,
    343,
    219,
    285,
    164,
    362,
    309,
    257,
    164,
    296,
    316,
    257,
    316,
    219,
    196,
    257,
    350,
    219,
    196,
    219,
    196,
    257,
    268,
    350,
    343,
    418,
    453,
    315,
    323,
    431,
    481,
    397,
    229,
    196,
    417,
    477,
    366,
    170,
    343,
    418,
    453,
    315,
    323,
    170,
    196,
    196,
    170,
    323,
    270,
    170,
    310,
    333,
    196,
    199,
    178,
    287,
    365,
    408,
    315,
    196,
    323,
    358,
    372,
    342,
    196,
    196,
    287,
    333,
    366,
    196,
    196,
    196,
    219,
    196,
    257,
    196,
    196,
    196,
    219,
    229,
    196,
    343,
    343,
    257,
    196,
    316,
    412,
    539,
    504,
    362,
    442,
    270,
    370,
    362,
    413,
    442,
    270,
    469,
    595,
    453,
    494,
    362,
    558,
    170,
    170,
    170,
    208,
    201,
    333,
    170,
    374,
    219,
    196,
    257,
    0,
    316,
    224,
    342,
    227,
    260,
    290,
    283,
    343,
    230,
    323,
    219,
    196,
    257,
    162,
    358,
    257,
    397,
    316,
    268,
    219,
    287,
    333,
    268,
    366,
    196,
    196,
    257,
    196,
    219,
    196,
    170,
    257,
    316,
    196,
    219,
    333,
    196,
    170,
    196,
    196,
    170,
    270,
    170,
    196,
    142,
    180,
    316,
    316,
    196,
    196,
    161,
    0,
    219,
    196,
    196,
    392,
    343,
    257,
    196,
    316,
    358,
    342,
    287,
    477,
    366,
    219,
    196,
    257,
    350,
    196,
    196,
    268,
    268,
    219,
    196,
    257,
    350,
    424,
    625,
    577,
    362,
    644,
    657,
    362,
    424,
    556,
    623,
    362,
    595,
    527,
    577,
    623,
    362,
    558,
    571,
    170,
    170,
    170,
    196,
    323,
    232,
    300,
    287,
    365,
    346,
    315,
    196,
    323,
    257,
    350,
    219,
    196,
    358,
    342,
    335,
    477,
    409,
    257,
    316,
    219,
    196,
    331,
    268,
    350,
    196,
    196,
    170,
    358,
    342,
    342,
    287,
    333,
    366,
    270,
    415,
    522,
    362,
    475,
    570,
    362,
    346,
    170,
    270,
    234,
    198,
    223,
    170,
    124,
    175,
    257,
    196,
    196,
    287,
    365,
    346,
    315,
    196,
    323,
    257,
    350,
    219,
    196,
    219,
    196,
    196,
    257,
    196,
    196,
    358,
    342,
    0,
    335,
    477,
    409,
    270,
    386,
    442,
    530,
    362,
    346,
    431,
    415,
    537,
    522,
    362,
    644,
    610,
    570,
    362,
    579,
    170,
    358,
    418,
    342,
    196,
    196,
    287,
    333,
    366,
    170,
    170,
    374,
    173,
    343,
    330,
    219,
    196,
    343,
    257,
    268,
    316,
    257,
    316,
    219,
    196,
    219,
    196,
    257,
    196,
    343,
    418,
    315,
    323,
    287,
    365,
    343,
    315,
    196,
    323,
    274,
    342,
    287,
    299,
    366,
    274,
    342,
    287,
    433,
    366,
    170,
    301,
    358,
    257,
    424,
    308,
    397,
    351,
    196,
    287,
    333,
    268,
    236,
    366,
    170,
    257,
    347,
    350,
    284,
    196,
    270,
    270,
    170,
    199,
    233,
    364,
    333,
    429,
    196,
    162,
    257,
    162,
    219,
    196,
    257,
    162,
    219,
    196,
    257,
    316,
    164,
    219,
    333,
    196,
    219,
    196,
    295,
    268,
    350,
    314,
    314,
    343,
    418,
    453,
    315,
    350,
    323,
    170,
    196,
    196,
    170,
    257,
    316,
    196,
    219,
    333,
    196,
    170,
    170,
    170,
    155,
    198,
    145,
    196,
    333,
    299,
    362,
    267,
    257,
    162,
    219,
    196,
    257,
    316,
    268,
    219,
    333,
    196,
    274,
    342,
    335,
    383,
    409,
    257,
    162,
    219,
    196,
    219,
    196,
    343,
    257,
    196,
    316,
    625,
    522,
    362,
    530,
    570,
    362,
    270,
    412,
    314,
    268,
    408,
    346,
    363,
    268,
    316,
    424,
    565,
    558,
    537,
    537,
    522,
    539,
    539,
    530,
    570,
    362,
    513,
    579,
    170,
    170,
    270,
    676,
    196,
    198,
    429,
    257,
    196,
    196,
    196,
    196,
    274,
    342,
    342,
    196,
    196,
    287,
    333,
    366,
    219,
    196,
    196,
    257,
    316,
    236,
    219,
    333,
    196,
    343,
    418,
    315,
    323,
    170,
    219,
    196,
    257,
    236,
    316,
    270,
    295,
    196,
    268,
    270,
    270,
    170,
    297,
    155,
    198,
    358,
    274,
    342,
    196,
    287,
    333,
    366,
    219,
    196,
    343,
    257,
    164,
    316,
    257,
    316,
    268,
    219,
    333,
    196,
    196,
    196,
    331,
    196,
    413,
    350,
    412,
    268,
    413,
    350,
    0,
    257,
    350,
    219,
    196,
    170,
    219,
    287,
    196,
    365,
    343,
    315,
    257,
    196,
    323,
    316,
    270,
    412,
    362,
    413,
    362,
    442,
    170,
    270,
    170,
    198,
    199,
    333,
    210,
    219,
    196,
    343,
    257,
    196,
    316,
    257,
    162,
    219,
    196,
    343,
    365,
    408,
    315,
    323,
    358,
    342,
    335,
    477,
    409,
    219,
    196,
    229,
    196,
    196,
    196,
    556,
    523,
    577,
    570,
    170,
    257,
    350,
    219,
    196,
    270,
    556,
    362,
    413,
    362,
    442,
    170,
    170,
    170,
    198,
    0,
    233,
    300,
    544,
    196,
    316,
    230,
    342,
    227,
    260,
    290,
    219,
    196,
    257,
    196,
    219,
    196,
    196,
    412,
    196,
    413,
    268,
    350,
    257,
    196,
    196,
    268,
    268,
    170,
    213,
    358,
    424,
    372,
    342,
    196,
    196,
    287,
    333,
    366,
    270,
    556,
    523,
    453,
    494,
    442,
    570,
    270,
    170,
    170,
    198,
    287,
    178,
    199,
    301,
    230,
    257,
    296,
    316,
    164,
    366,
    287,
    365,
    408,
    315,
    196,
    323,
    257,
    316,
    219,
    196,
    225,
    287,
    267,
    230,
    323,
    196,
    196,
    196,
    196,
    196,
    287,
    365,
    408,
    315,
    196,
    323,
    270,
    268,
    268,
    170,
    287,
    365,
    346,
    315,
    196,
    377,
    170,
    170,
    270,
    208,
    196,
    343,
    323,
    196,
    199,
    333,
    201,
    219,
    285,
    164,
    362,
    309,
    257,
    164,
    296,
    316,
    196,
    196,
    257,
    196,
    196,
    358,
    257,
    397,
    316,
    268,
    219,
    287,
    333,
    268,
    366,
    287,
    365,
    346,
    315,
    196,
    323,
    196,
    196,
    270,
    490,
    362,
    413,
    442,
    170,
    196,
    196,
    424,
    0,
    362,
    571,
    270,
    270,
    209,
    213,
    342,
    196,
    198,
    323,
    108,
    164,
    117,
    162,
    287,
    365,
    364,
    315,
    196,
    323,
    257,
    316,
    196,
    219,
    333,
    268,
    219,
    196,
    257,
    350,
    412,
    196,
    413,
    268,
    350,
    362,
    362,
    219,
    196,
    343,
    257,
    268,
    316,
    170,
    358,
    342,
    335,
    477,
    409,
    170,
    257,
    316,
    196,
    219,
    333,
    196,
    270,
    170,
    170,
    196,
    198,
    223,
    325,
    356,
    219,
    138,
    164,
    343,
    343,
    0,
    164,
    316,
    225,
    287,
    267,
    230,
    162,
    323,
    257,
    316,
    164,
    219,
    333,
    196,
    287,
    365,
    322,
    274,
    323,
    412,
    268,
    413,
    350,
    219,
    196,
    196,
    257,
    316,
    268,
    219,
    333,
    268,
    170,
    343,
    418,
    408,
    315,
    196,
    323,
    170,
    283,
    343,
    274,
    323,
    170,
    170,
    170,
    175,
    343,
    219,
    287,
    268,
    343,
    257,
    196,
    316,
    358,
    196,
    219,
    285,
    164,
    362,
    343,
    230,
    257,
    196,
    323,
    316,
    219,
    196,
    257,
    196,
    230,
    257,
    342,
    316,
    196,
    219,
    287,
    333,
    164,
    366,
    343,
    418,
    408,
    446,
    196,
    377,
    196,
    196,
    257,
    196,
    196,
    170,
    412,
    196,
    413,
    350,
    170,
    274,
    342,
    196,
    287,
    333,
    366,
    170,
    170,
    270,
    199,
    198,
    0,
    165,
    173,
    164,
    362,
    296,
    316,
    196,
    196,
    196,
    196,
    219,
    196,
    196,
    343,
    343,
    257,
    196,
    316,
    287,
    365,
    408,
    315,
    196,
    323,
    504,
    442,
    530,
    362,
    219,
    196,
    196,
    170,
    196,
    196,
    270,
    412,
    362,
    413,
    362,
    442,
    270,
    170,
    170,
    333,
    449,
    281,
    201,
    330,
    208,
    285,
    164,
    362,
    296,
    316,
    196,
    196,
    257,
    196,
    196,
    196,
    196,
    219,
    164,
    196,
    343,
    343,
    257,
    196,
    316,
    257,
    316,
    236,
    219,
    333,
    196,
    412,
    362,
    413,
    362,
    442,
    170,
    274,
    257,
    342,
    316,
    196,
    219,
    287,
    333,
    196,
    366,
    170,
    196,
    196,
    270,
    556,
    523,
    453,
    577,
    442,
    570,
    424,
    170,
    170,
    234,
    170,
    213,
    213,
    219,
    196,
    257,
    196,
    219,
    196,
    257,
    236,
    316,
    257,
    316,
    219,
    196,
    268,
    196,
    257,
    196,
    196,
    196,
    196,
    343,
    418,
    315,
    323,
    270,
    386,
    442,
    362,
    424,
    645,
    539,
    413,
    362,
    442,
    170,
    170,
    170,
    180,
    198,
    168,
    128,
    323,
    240,
    170,
    112,
    165,
    164,
    362,
    205,
    287,
    162,
    196,
    257,
    196,
    219,
    196,
    274,
    342,
    335,
    409,
    219,
    196,
    257,
    162,
    257,
    196,
    196,
    219,
    196,
    257,
    196,
    257,
    350,
    219,
    196,
    170,
    219,
    196,
    196,
    170,
    287,
    365,
    346,
    315,
    196,
    323,
    270,
    170,
    170,
    333,
    205,
    257,
    316,
    196,
    219,
    333,
    196,
    362,
    196,
    323,
    219,
    196,
    117,
    162,
    219,
    196,
    196,
    345,
    343,
    257,
    268,
    316,
    213,
    274,
    257,
    257,
    372,
    308,
    342,
    316,
    196,
    219,
    287,
    333,
    196,
    366,
    219,
    196,
    196,
    431,
    481,
    472,
    477,
    463
  ],
  "grid_samples_inside": [
    55,
    115,
    57,
    121,
    93,
    148,
    140,
    259,
    264,
    98,
    147,
    154,
    79,
    133,
    135,
    82,
    251,
    129,
    0,
    128,
    175,
    139,
    169,
    182,
    129,
    119,
    162,
    165,
    130,
    175,
    175,
    94,
    112,
    90,
    222,
    117,
    121,
    133,
    135,
    234,
    251,
    129,
    247,
    139,
    89,
    102,
    40,
    170,
    183,
    44,
    91,
    199,
    50,
    115,
    56,
    111,
    52,
    115,
    55,
    111,
    111,
    87,
    228,
    245,
    90,
    127,
    246,
    61,
    118,
    121,
    61,
    229,
    121,
    59,
    112,
    120,
    232,
    223,
    61,
    118,
    111,
    167,
    195,
    182,
    179,
    184,
    90,
    81,
    240,
    87,
    224,
    234,
    126,
    113,
    161,
    127,
    164,
    172,
    122,
    90,
    102,
    115,
    129,
    112,
    241,
    132,
    184,
    243,
    127,
    220,
    78,
    67,
    228,
    121,
    121,
    80,
    231,
    120,
    202,
    115,
    115,
    47,
    109,
    106,
    64,
    122,
    65,
    121,
    99,
    250,
    106,
    242,
    243,
    129,
    129,
    143,
    174,
    175,
    160,
    161,
    268,
    276,
    274,
    159,
    164,
    153,
    276,
    294,
    135,
    152,
    295,
    178,
    167,
    291,
    177,
    140,
    227,
    297,
    263,
    290,
    303,
    112,
    130,
    122,
    232,
    79,
    102,
    83,
    35,
    89,
    204,
    37,
    91,
    70,
    52,
    109,
    52,
    115,
    124,
    70,
    119,
    126,
    129,
    243,
    80,
    125,
    137,
    70,
    218,
    227,
    74,
    229,
    142,
    275,
    275,
    182,
    273,
    155,
    278,
    212,
    274,
    102,
    86,
    145,
    134,
    88,
    260,
    134,
    102,
    137,
    115,
    243,
    253,
    264,
    143,
    138,
    108,
    259,
    247,
    130,
    122,
    116,
    129,
    247,
    138,
    110,
    113,
    0,
    81,
    235,
    113,
    113,
    104,
    85,
    257,
    157,
    131,
    89,
    97,
    251,
    136,
    242,
    36,
    88,
    39,
    97,
    53,
    120,
    118,
    119,
    171,
    131,
    163,
    134,
    129,
    129,
    92,
    70,
    129,
    70,
    129,
    132,
    136,
    175,
    160,
    173,
    188,
    86,
    117,
    120,
    130,
    118,
    121,
    125,
    107,
    94,
    114,
    88,
    42,
    103,
    44,
    101,
    68,
    229,
    117,
    76,
    228,
    218,
    76,
    226,
    233,
    82,
    239,
    129,
    129,
    79,
    237,
    125,
    81,
    241,
    215,
    49,
    115,
    54,
    117,
    111,
    158,
    127,
    160,
    134,
    144,
    182,
    152,
    176,
    90,
    121,
    123,
    140,
    94,
    78,
    251,
    96,
    118,
    239,
    79,
    240,
    84,
    0,
    224,
    60,
    121,
    62,
    118,
    125,
    62,
    121,
    65,
    121,
    75,
    129,
    85,
    131,
    45,
    98,
    105,
    44,
    213,
    105,
    147,
    175,
    162,
    180,
    76,
    134,
    79,
    129,
    120,
    145,
    145,
    100,
    82,
    130,
    87,
    135,
    94,
    102,
    82,
    84,
    0,
    0,
    0,
    0,
    216,
    0,
    109,
    0,
    0,
    121,
    90,
    69,
    0,
    50,
    210,
    53,
    204,
    66,
    194,
    218,
    63,
    118,
    219,
    129,
    129,
    105,
    154,
    149,
    266,
    267,
    116,
    154,
    164,
    87,
    148,
    140,
    90,
    260,
    133,
    120,
    62,
    116,
    121,
    121,
    240,
    71,
    123,
    124,
    111,
    99,
    151,
    105,
    138,
    99,
    105,
    254,
    109,
    243,
    245,
    94,
    90,
    94,
    135,
    0,
    240,
    82,
    198,
    65,
    103,
    101,
    79,
    90,
    129,
    228,
    246,
    100,
    83,
    127,
    249,
    141,
    85,
    228,
    246,
    91,
    125,
    247,
    123,
    265,
    137,
    268,
    80,
    240,
    84,
    234,
    222,
    188,
    279,
    282,
    168,
    173,
    162,
    285,
    318,
    94,
    73,
    132,
    75,
    129,
    102,
    133,
    133,
    112,
    94,
    90,
    145,
    258,
    95,
    117,
    67,
    127,
    123,
    69,
    235,
    127,
    64,
    124,
    125,
    242,
    75,
    123,
    131,
    73,
    132,
    127,
    76,
    247,
    129,
    110,
    161,
    117,
    150,
    106,
    153,
    146,
    70,
    201,
    230,
    75,
    119,
    227,
    142,
    186,
    186,
    124,
    155,
    157,
    142,
    185,
    185,
    130,
    122,
    229,
    84,
    222,
    240,
    250,
    43,
    209,
    86,
    45,
    116,
    67,
    129,
    242,
    69,
    125,
    129,
    59,
    121,
    63,
    120,
    43,
    54,
    107,
    158,
    211,
    57,
    44,
    105,
    213,
    81,
    107,
    113,
    114,
    89,
    133,
    98,
    146,
    114,
    156,
    159,
    120,
    120,
    140,
    159,
    179,
    174,
    182,
    130,
    178,
    284,
    241,
    281,
    102,
    122,
    88,
    143,
    130,
    115,
    90,
    32,
    40,
    85,
    67,
    196,
    82,
    195,
    47,
    55,
    115,
    56,
    110,
    133,
    133,
    42,
    91,
    104,
    43,
    213,
    99,
    87,
    137,
    260,
    94,
    138,
    151,
    100,
    85,
    257,
    153,
    129,
    86,
    97,
    250,
    133,
    239,
    112,
    254,
    264,
    139,
    142,
    267,
    126,
    162,
    157,
    122,
    132,
    268,
    131,
    268,
    268,
    112,
    94,
    94,
    148,
    73,
    127,
    76,
    129,
    81,
    133,
    57,
    112,
    118,
    57,
    227,
    118,
    47,
    107,
    48,
    106,
    102,
    76,
    129,
    129,
    93,
    154,
    150,
    98,
    264,
    137,
    55,
    120,
    60,
    115,
    118,
    88,
    72,
    228,
    229,
    74,
    223,
    215,
    122,
    108,
    160,
    112,
    145,
    90,
    132,
    82,
    240,
    129,
    81,
    113,
    113,
    60,
    119,
    121,
    52,
    211,
    213,
    55,
    206,
    182,
    57,
    218,
    58,
    203,
    206,
    129,
    129,
    94,
    151,
    149,
    100,
    135,
    109,
    253,
    112,
    254,
    94,
    78,
    133,
    132,
    82,
    251,
    129,
    90,
    76,
    221,
    231,
    81,
    238,
    90,
    121,
    140,
    82,
    218,
    115,
    118,
    101,
    250,
    131,
    41,
    36,
    198,
    46,
    82,
    34,
    37,
    196,
    81,
    64,
    45,
    200,
    46,
    191,
    171,
    90,
    92,
    39,
    94,
    39,
    98,
    129,
    129,
    107,
    107,
    132,
    184,
    171,
    141,
    280,
    175,
    0,
    121,
    121,
    90,
    66,
    123,
    123,
    90,
    68,
    127,
    70,
    125,
    127,
    118,
    90,
    102,
    94,
    123,
    246,
    73,
    78,
    213,
    61,
    218,
    64,
    210,
    213,
    125,
    125,
    43,
    100,
    104,
    210,
    213,
    43,
    104,
    84,
    90,
    237,
    248,
    129,
    125,
    90,
    247,
    226,
    84,
    230,
    244,
    126,
    127,
    87,
    243,
    221,
    82,
    240,
    86,
    235,
    225,
    90,
    148,
    142,
    261,
    264,
    93,
    141,
    165,
    140,
    249,
    298,
    272,
    295,
    307,
    90,
    60,
    121,
    61,
    117,
    121,
    98,
    112,
    78,
    142,
    261,
    147,
    132,
    101,
    250,
    111,
    104,
    101,
    187,
    98,
    127,
    210,
    67,
    41,
    100,
    43,
    99,
    96,
    109,
    255,
    250,
    119,
    258,
    129,
    129,
    73,
    234,
    118,
    79,
    233,
    220,
    135,
    282,
    173,
    142,
    284,
    172,
    131,
    98,
    90,
    235,
    138,
    254,
    129,
    95,
    249,
    132,
    233,
    140,
    152,
    179,
    172,
    181,
    94,
    72,
    129,
    74,
    129,
    132,
    88,
    130,
    135,
    262,
    151,
    120,
    86,
    86,
    112,
    33,
    72,
    89,
    35,
    209,
    87,
    98,
    246,
    103,
    249,
    75,
    133,
    79,
    129,
    119,
    160,
    159,
    158,
    175,
    175,
    129,
    129,
    132,
    138,
    175,
    165,
    173,
    90,
    121,
    123,
    132,
    128,
    98,
    105,
    0,
    0,
    87,
    76,
    102,
    128,
    103,
    103,
    86,
    87,
    41,
    99,
    100,
    93,
    78,
    249,
    141,
    127,
    79,
    93,
    247,
    129,
    226,
    160,
    274,
    180,
    278,
    278,
    132,
    132,
    102,
    135,
    135,
    140,
    202,
    333,
    298,
    283,
    182,
    299,
    127,
    158,
    270,
    283,
    90,
    118,
    100,
    221,
    108,
    112,
    115,
    73,
    41,
    47,
    103,
    130,
    207,
    53,
    42,
    98,
    213,
    71,
    52,
    210,
    51,
    195,
    202,
    88,
    135,
    95,
    149,
    148,
    96,
    163,
    150,
    100,
    266,
    149,
    176,
    282,
    282,
    233,
    281,
    142,
    289,
    176,
    158,
    285,
    174,
    158,
    190,
    174,
    182,
    102,
    92,
    157,
    144,
    96,
    265,
    139,
    87,
    67,
    228,
    73,
    218,
    219,
    128,
    94,
    86,
    105,
    131,
    116,
    247,
    57,
    189,
    218,
    91,
    0,
    82,
    0,
    87,
    61,
    121,
    63,
    120,
    41,
    99,
    40,
    97,
    95,
    161,
    148,
    100,
    265,
    148,
    62,
    121,
    62,
    118,
    172,
    178,
    176,
    54,
    114,
    120,
    132,
    175,
    175,
    102,
    88,
    133,
    262,
    95,
    147,
    148,
    124,
    86,
    102,
    88,
    232,
    112,
    88,
    223,
    0,
    154,
    99,
    103,
    74,
    52,
    113,
    55,
    115,
    60,
    121,
    123,
    50,
    210,
    49,
    202,
    69,
    129,
    69,
    129,
    84,
    138,
    89,
    132,
    93,
    135,
    107,
    151,
    152,
    102,
    86,
    145,
    89,
    130,
    117,
    101,
    143,
    272,
    110,
    153,
    162,
    86,
    130,
    86,
    108,
    110,
    110,
    108,
    99,
    63,
    102,
    101,
    190,
    0,
    47,
    104,
    111,
    213,
    215,
    52,
    108,
    102,
    45,
    105,
    46,
    105,
    89,
    145,
    146,
    95,
    260,
    134,
    86,
    130,
    87,
    143,
    142,
    127,
    161,
    172,
    282,
    282,
    149,
    164,
    218,
    169,
    282,
    281,
    221,
    280,
    90,
    66,
    125,
    128,
    102,
    109,
    258,
    251,
    125,
    260,
    94,
    88,
    78,
    118,
    114,
    87,
    62,
    74,
    118,
    199,
    233,
    77,
    65,
    123,
    229,
    117,
    46,
    39,
    210,
    61,
    90,
    38,
    46,
    200,
    98,
    75,
    99,
    99,
    38,
    90,
    39,
    98,
    90,
    109,
    147,
    154,
    149,
    109,
    254,
    264,
    146,
    140,
    106,
    260,
    245,
    94,
    135,
    106,
    151,
    152,
    0,
    175,
    175,
    146,
    185,
    189,
    188,
    301,
    304,
    195,
    184,
    325,
    92,
    128,
    125,
    90,
    94,
    90,
    121,
    246,
    90,
    248,
    118,
    119,
    231,
    37,
    88,
    38,
    98,
    91,
    34,
    91,
    86,
    121,
    121,
    63,
    125,
    66,
    123,
    78,
    133,
    85,
    129,
    127,
    167,
    175,
    135,
    287,
    271,
    180,
    160,
    273,
    122,
    105,
    145,
    121,
    157,
    100,
    84,
    132,
    130,
    140,
    102,
    124,
    119,
    232,
    123,
    56,
    218,
    216,
    99,
    57,
    70,
    196,
    228,
    117,
    223,
    62,
    208,
    207,
    60,
    108,
    218,
    37,
    95,
    97,
    198,
    210,
    40,
    98,
    79,
    71,
    127,
    123,
    103,
    173,
    154,
    111,
    267,
    153,
    59,
    113,
    122,
    230,
    223,
    58,
    118,
    113,
    91,
    246,
    92,
    242,
    233,
    94,
    71,
    127,
    129,
    94,
    88,
    230,
    249,
    93,
    129,
    246,
    102,
    102,
    78,
    112,
    220,
    111,
    227,
    62,
    123,
    123,
    59,
    59,
    88,
    113,
    118,
    59,
    223,
    121,
    121,
    122,
    48,
    104,
    109,
    46,
    217,
    113,
    163,
    163,
    148,
    153,
    122,
    107,
    158,
    112,
    145,
    92,
    85,
    240,
    92,
    230,
    236,
    112,
    94,
    88,
    254,
    247,
    247,
    236,
    180,
    210,
    93,
    93,
    45,
    181,
    211,
    96,
    89,
    49,
    201,
    145,
    99,
    51,
    161,
    186,
    212,
    99,
    98,
    55,
    207,
    154,
    115,
    115,
    72,
    129,
    131,
    125,
    91,
    239,
    253,
    109,
    133,
    259,
    130,
    169,
    282,
    282,
    240,
    167,
    281,
    88,
    55,
    113,
    57,
    121,
    92,
    125,
    125,
    102,
    112,
    135,
    261,
    95,
    110,
    89,
    0,
    62,
    125,
    67,
    123,
    127,
    33,
    86,
    38,
    96,
    84,
    227,
    240,
    90,
    127,
    244,
    129,
    129,
    90,
    146,
    92,
    133,
    66,
    126,
    67,
    127,
    0,
    148,
    176,
    176,
    172,
    176,
    224,
    140,
    167,
    186,
    185,
    130,
    120,
    168,
    141,
    166,
    140,
    90,
    90,
    126,
    103,
    112,
    70,
    97,
    55,
    198,
    0,
    50,
    210,
    56,
    215,
    109,
    59,
    216,
    182,
    37,
    79,
    95,
    38,
    212,
    89,
    72,
    201,
    226,
    70,
    120,
    223,
    66,
    57,
    224,
    111,
    116,
    55,
    66,
    229,
    115,
    187,
    121,
    121,
    130,
    271,
    272,
    158,
    157,
    268,
    94,
    75,
    130,
    130,
    76,
    245,
    129,
    132,
    175,
    175,
    112,
    90,
    124,
    137,
    111,
    91,
    106,
    99,
    60,
    210,
    210,
    61,
    218,
    100,
    240,
    258,
    114,
    138,
    263,
    115,
    115,
    61,
    121,
    61,
    118,
    120,
    81,
    136,
    87,
    129,
    73,
    227,
    121,
    70,
    233,
    196,
    102,
    86,
    140,
    142,
    89,
    131,
    102,
    114,
    93,
    264,
    171,
    137,
    97,
    104,
    259,
    145,
    254,
    140,
    102,
    78,
    231,
    0,
    222,
    197,
    86,
    102,
    73,
    127,
    242,
    125,
    135,
    53,
    115,
    56,
    112,
    58,
    121,
    61,
    115,
    119,
    87,
    230,
    237,
    89,
    242,
    42,
    98,
    43,
    213,
    100,
    91,
    232,
    248,
    97,
    129,
    249,
    63,
    122,
    65,
    120,
    90,
    79,
    226,
    234,
    84,
    240,
    132,
    131,
    175,
    154,
    175,
    183,
    90,
    124,
    130,
    87,
    250,
    116,
    78,
    69,
    129,
    124,
    69,
    241,
    129,
    52,
    64,
    113,
    173,
    224,
    68,
    55,
    113,
    223,
    104,
    79,
    223,
    237,
    84,
    123,
    240,
    49,
    109,
    52,
    115,
    62,
    216,
    219,
    107,
    113,
    65,
    219,
    196,
    187,
    287,
    285,
    249,
    287,
    102,
    135,
    135,
    90,
    66,
    123,
    66,
    125,
    131,
    138,
    169,
    175,
    112,
    130,
    110,
    225,
    118,
    37,
    96,
    89,
    185,
    211,
    39,
    94,
    78,
    50,
    105,
    113,
    47,
    103,
    108,
    46,
    216,
    110,
    79,
    129,
    87,
    140,
    142,
    94,
    141,
    143,
    147,
    260,
    95,
    141,
    166,
    56,
    118,
    229,
    65,
    123,
    117,
    113,
    166,
    122,
    159,
    130,
    178,
    128,
    280,
    283,
    171,
    141,
    141,
    283,
    162,
    314,
    142,
    186,
    186,
    90,
    130,
    88,
    81,
    111,
    86,
    115,
    117,
    123,
    44,
    97,
    101,
    38,
    93,
    210,
    40,
    98,
    89,
    63,
    129,
    70,
    126,
    95,
    140,
    137,
    86,
    239,
    244,
    128,
    123,
    87,
    242,
    227,
    106,
    154,
    147,
    79,
    224,
    233,
    82,
    240,
    130,
    129,
    172,
    136,
    163,
    90,
    83,
    68,
    236,
    126,
    125,
    67,
    80,
    241,
    124,
    207,
    88,
    130,
    128,
    78,
    105,
    248,
    107,
    79,
    56,
    121,
    227,
    60,
    116,
    119,
    80,
    129,
    134,
    129,
    109,
    256,
    105,
    247,
    254,
    77,
    233,
    122,
    75,
    237,
    204,
    92,
    143,
    139,
    259,
    264,
    98,
    147,
    154,
    65,
    225,
    114,
    70,
    220,
    216,
    90,
    66,
    125,
    122,
    66,
    232,
    123,
    132,
    140,
    176,
    159,
    176,
    90,
    86,
    86,
    0,
    254,
    130,
    103,
    223,
    49,
    115,
    48,
    117,
    53,
    112,
    118,
    232,
    221,
    57,
    118,
    109,
    87,
    150,
    138,
    88,
    262,
    138,
    68,
    129,
    71,
    127,
    58,
    115,
    57,
    121,
    148,
    209,
    171,
    166,
    288,
    176,
    130,
    129,
    169,
    141,
    175,
    90,
    62,
    80,
    126,
    209,
    242,
    87,
    75,
    125,
    240,
    128,
    102,
    102,
    86,
    101,
    0,
    88,
    97,
    58,
    182,
    65,
    57,
    58,
    112,
    115,
    112,
    112,
    59,
    68,
    106,
    114,
    105,
    197,
    231,
    73,
    62,
    121,
    227,
    114,
    83,
    236,
    231,
    88,
    240,
    55,
    121,
    56,
    118,
    134,
    277,
    268,
    163,
    156,
    269,
    72,
    127,
    129,
    0,
    61,
    120,
    66,
    121,
    130,
    181,
    148,
    136,
    278,
    208,
    281,
    300,
    174,
    139,
    153,
    285,
    162,
    316,
    90,
    83,
    222,
    235,
    83,
    240,
    102,
    130,
    94,
    254,
    142,
    106,
    131,
    205,
    95,
    35,
    46,
    90,
    70,
    198,
    85,
    205,
    54,
    31,
    87,
    36,
    82,
    70,
    213,
    221,
    70,
    118,
    223,
    129,
    129,
    129,
    129,
    80,
    140,
    133,
    82,
    256,
    129,
    148,
    131,
    253,
    265,
    268,
    155,
    144,
    120,
    268,
    260,
    106,
    104,
    172,
    182,
    154,
    116,
    267,
    153,
    90,
    63,
    127,
    69,
    123,
    114,
    100,
    141,
    271,
    107,
    153,
    163,
    88,
    124,
    128,
    240,
    81,
    210,
    243,
    86,
    127,
    239,
    135,
    62,
    191,
    223,
    69,
    115,
    218,
    50,
    159,
    208,
    100,
    213,
    61,
    122,
    65,
    121,
    73,
    130,
    74,
    129,
    95,
    80,
    248,
    137,
    129,
    79,
    92,
    245,
    129,
    222,
    107,
    255,
    259,
    125,
    146,
    261,
    115,
    182,
    160,
    123,
    272,
    156,
    146,
    102,
    146,
    148,
    153,
    265,
    267,
    109,
    145,
    179,
    124,
    130,
    274,
    268,
    189,
    155,
    269,
    90,
    116,
    118,
    62,
    80,
    117,
    124,
    144,
    209,
    241,
    85,
    71,
    123,
    234,
    126,
    94,
    94,
    90,
    266,
    120,
    99,
    115,
    102,
    86,
    47,
    108,
    48,
    113,
    102,
    252,
    254,
    139,
    133,
    102,
    256,
    236,
    101,
    140,
    151,
    64,
    222,
    70,
    214,
    215,
    80,
    70,
    235,
    124,
    125,
    79,
    240,
    123,
    206,
    128,
    225,
    162,
    137,
    278,
    166,
    88,
    121,
    121,
    92,
    70,
    130,
    125,
    69,
    242,
    127,
    90,
    122,
    90,
    84,
    88,
    99,
    94,
    113,
    207,
    36,
    46,
    96,
    71,
    200,
    39,
    90,
    205,
    63,
    60,
    117,
    63,
    121,
    86,
    144,
    91,
    132,
    90,
    135,
    97,
    150,
    148,
    115,
    262,
    256,
    134,
    264,
    141,
    268,
    267,
    154,
    154,
    127,
    267,
    269,
    102,
    108,
    259,
    254,
    128,
    262,
    90,
    121,
    121,
    90,
    230,
    130,
    88,
    144,
    230,
    112,
    108,
    82,
    85,
    228,
    244,
    90,
    127,
    246,
    97,
    243,
    256,
    132,
    129,
    100,
    252,
    234,
    139,
    137,
    135,
    55,
    121,
    60,
    115,
    133,
    135,
    69,
    132,
    125,
    240,
    249,
    80,
    125,
    135,
    180,
    186,
    183,
    194,
    196,
    130,
    134,
    175,
    137,
    164,
    130,
    160,
    316,
    284,
    242,
    173,
    280,
    122,
    94,
    102,
    102,
    102,
    215,
    90,
    240,
    57,
    121,
    57,
    0,
    121,
    42,
    199,
    46,
    183,
    172,
    62,
    216,
    67,
    219,
    46,
    103,
    48,
    105,
    110,
    90,
    259,
    157,
    137,
    90,
    100,
    255,
    139,
    248,
    120,
    120,
    59,
    120,
    64,
    121,
    90,
    59,
    116,
    118,
    62,
    228,
    123,
    88,
    121,
    119,
    88,
    124,
    78,
    135,
    87,
    102,
    91,
    86,
    98,
    97,
    95,
    0,
    60,
    118,
    123,
    231,
    227,
    59,
    118,
    119,
    83,
    240,
    87,
    235,
    223,
    93,
    135,
    101,
    149,
    121,
    121,
    163,
    163,
    68,
    129,
    75,
    130,
    146,
    186,
    325,
    186,
    184,
    304,
    188,
    140,
    170,
    192,
    183,
    343,
    298,
    279,
    178,
    182,
    296,
    318,
    90,
    82,
    94,
    110,
    218,
    112,
    227,
    79,
    226,
    243,
    87,
    123,
    244,
    87,
    143,
    93,
    133,
    114,
    259,
    125,
    249,
    256,
    53,
    115,
    54,
    117,
    126,
    167,
    160,
    124,
    124,
    92,
    87,
    244,
    243,
    93,
    244,
    227,
    130,
    135,
    276,
    173,
    139,
    281,
    169,
    140,
    90,
    124,
    90,
    120,
    100,
    76,
    67,
    82,
    49,
    106,
    107,
    82,
    228,
    248,
    89,
    125,
    249,
    96,
    151,
    105,
    139,
    42,
    101,
    102,
    78,
    129,
    129,
    131,
    268,
    0,
    131,
    270,
    270,
    132,
    140,
    177,
    152,
    175,
    140,
    212,
    164,
    292,
    313,
    182,
    170,
    183,
    293,
    181,
    338,
    94,
    91,
    243,
    249,
    135,
    125,
    91,
    248,
    228,
    90,
    82,
    287,
    93,
    222,
    231,
    66,
    125,
    244,
    72,
    125,
    130,
    49,
    107,
    50,
    115,
    44,
    105,
    44,
    108,
    98,
    244,
    95,
    249,
    77,
    206,
    240,
    81,
    125,
    234,
    72,
    232,
    78,
    230,
    220,
    75,
    237,
    80,
    222,
    225,
    102,
    141,
    115,
    90,
    245,
    152,
    264,
    248,
    135,
    107,
    256,
    145,
    148,
    252,
    122,
    105,
    144,
    159,
    122,
    144,
    136,
    132,
    78,
    104,
    104,
    243,
    228,
    281,
    86,
    90,
    49,
    108,
    49,
    110,
    41,
    101,
    43,
    99,
    41,
    93,
    99,
    41,
    211,
    98,
    89,
    135,
    104,
    150,
    149,
    170,
    170,
    122,
    266,
    262,
    140,
    155,
    268,
    102,
    133,
    133,
    92,
    74,
    131,
    123,
    67,
    241,
    125,
    102,
    90,
    78,
    75,
    102,
    74,
    129,
    246,
    196,
    148,
    197,
    41,
    98,
    40,
    94,
    81,
    138,
    136,
    87,
    257,
    129,
    72,
    234,
    81,
    222,
    227,
    44,
    104,
    44,
    107,
    52,
    112,
    219,
    50,
    112,
    102,
    137,
    282,
    173,
    141,
    283,
    172,
    130,
    119,
    158,
    159,
    279,
    273,
    136,
    160,
    196,
    140,
    252,
    164,
    296,
    292,
    316,
    182,
    182,
    187,
    295,
    183,
    335,
    341,
    94,
    90,
    130,
    164,
    120,
    105,
    277,
    74,
    125,
    129,
    121,
    121,
    83,
    237,
    239,
    129,
    123,
    86,
    241,
    226,
    58,
    121,
    120,
    49,
    104,
    106,
    45,
    219,
    107,
    85,
    239,
    89,
    243,
    88,
    56,
    121,
    60,
    116,
    120,
    123,
    111,
    155,
    147,
    122,
    128,
    110,
    141,
    75,
    120,
    248,
    78,
    233,
    123,
    77,
    234,
    218,
    44,
    102,
    213,
    44,
    100,
    95,
    87,
    150,
    147,
    95,
    263,
    135,
    129,
    129,
    103,
    141,
    117,
    155,
    110,
    149,
    126,
    160,
    0,
    72,
    129,
    71,
    129,
    90,
    64,
    75,
    120,
    205,
    239,
    80,
    72,
    125,
    234,
    125,
    130,
    127,
    174,
    144,
    169,
    179,
    102,
    130,
    78,
    123,
    120,
    214,
    109,
    63,
    125,
    241,
    71,
    123,
    126,
    44,
    100,
    44,
    103,
    85,
    230,
    236,
    89,
    240,
    113,
    258,
    107,
    253,
    257,
    108,
    146,
    153,
    146,
    129,
    129,
    218,
    292,
    264,
    296,
    92,
    69,
    129,
    71,
    129,
    132,
    144,
    176,
    161,
    176,
    186,
    90,
    90,
    90,
    109,
    0,
    110,
    226,
    128,
    119,
    115,
    49,
    207,
    48,
    193,
    178,
    58,
    119,
    57,
    113,
    90,
    135,
    139,
    106,
    146,
    118,
    158,
    164,
    76,
    127,
    129,
    147,
    148,
    100,
    131,
    103,
    234,
    238,
    260,
    134,
    130,
    99,
    252,
    237,
    138,
    200,
    297,
    288,
    263,
    174,
    294,
    130,
    88,
    90,
    116,
    123,
    107,
    110,
    130,
    50,
    43,
    213,
    79,
    105,
    156,
    93,
    237,
    243,
    93,
    129,
    248,
    65,
    126,
    67,
    125,
    52,
    192,
    191,
    47,
    209,
    142,
    134,
    135,
    138,
    137,
    109,
    250,
    264,
    130,
    143,
    266,
    128,
    163,
    163,
    104,
    106,
    249,
    261,
    130,
    140,
    265,
    102,
    90,
    128,
    113,
    121,
    227,
    218,
    115,
    116,
    244,
    86,
    38,
    46,
    97,
    64,
    200,
    39,
    93,
    205,
    63,
    89,
    90,
    40,
    100,
    95,
    120,
    96,
    268,
    176,
    142,
    108,
    112,
    261,
    150,
    258,
    97,
    237,
    257,
    107,
    133,
    257,
    129,
    129,
    132,
    142,
    176,
    158,
    170,
    117,
    141,
    142,
    140,
    0,
    183,
    257,
    128,
    130,
    106,
    117,
    238,
    121,
    107,
    192,
    29,
    82,
    33,
    78,
    77,
    223,
    233,
    84,
    125,
    240,
    78,
    138,
    129,
    80,
    250,
    129,
    70,
    129,
    75,
    126,
    106,
    146,
    118,
    158,
    160,
    175,
    175,
    85,
    130,
    253,
    88,
    140,
    139,
    98,
    101,
    254,
    109,
    245,
    243,
    96,
    82,
    139,
    130,
    80,
    250,
    129,
    130,
    122,
    78,
    121,
    121,
    102,
    244,
    230,
    33,
    89,
    92,
    198,
    202,
    0,
    89,
    61,
    40,
    168,
    184,
    43,
    86,
    196,
    40,
    80,
    98,
    39,
    212,
    91,
    71,
    222,
    220,
    75,
    229,
    117,
    163,
    132,
    165,
    94,
    135,
    140,
    96,
    170,
    148,
    100,
    266,
    142,
    112,
    116,
    263,
    262,
    135,
    150,
    266,
    90,
    71,
    229,
    76,
    234,
    90,
    102,
    112,
    77,
    222,
    69,
    90,
    125,
    243,
    75,
    125,
    133,
    219,
    113,
    44,
    52,
    105,
    127,
    211,
    53,
    43,
    103,
    213,
    80,
    37,
    88,
    38,
    96,
    56,
    46,
    215,
    90,
    110,
    46,
    59,
    216,
    108,
    163,
    130,
    275,
    268,
    161,
    155,
    268,
    146,
    147,
    86,
    139,
    134,
    122,
    109,
    146,
    134,
    157,
    90,
    83,
    240,
    121,
    84,
    239,
    226,
    86,
    86,
    124,
    117,
    120,
    0,
    103,
    96,
    91,
    74,
    202,
    53,
    82,
    82,
    124,
    123,
    62,
    126,
    123,
    238,
    237,
    69,
    123,
    126,
    99,
    241,
    250,
    107,
    134,
    254,
    134,
    171,
    141,
    175,
    52,
    117,
    118,
    90,
    126,
    126,
    136,
    156,
    176,
    169,
    180,
    187,
    124,
    118,
    86,
    268,
    150,
    159,
    122,
    235,
    109,
    51,
    100,
    80,
    210,
    69,
    129,
    129,
    40,
    103,
    97,
    96,
    95,
    49,
    108,
    105,
    220,
    217,
    46,
    105,
    101,
    58,
    123,
    119,
    62,
    230,
    121,
    141,
    175,
    167,
    177,
    184,
    90,
    79,
    67,
    235,
    123,
    125,
    65,
    79,
    240,
    123,
    203,
    90,
    125,
    125,
    140,
    199,
    302,
    288,
    265,
    180,
    295,
    140,
    102,
    102,
    113,
    90,
    117,
    104,
    38,
    94,
    40,
    99,
    58,
    121,
    59,
    115,
    119,
    49,
    109,
    51,
    115,
    147,
    147,
    51,
    117,
    115,
    129,
    129,
    102,
    248,
    111,
    254,
    132,
    142,
    174,
    176,
    142,
    178,
    186,
    185,
    193,
    196,
    94,
    102,
    78,
    108,
    110,
    110,
    38,
    204,
    61,
    58,
    59,
    89,
    82,
    64,
    38,
    144,
    90,
    86,
    58,
    117,
    60,
    121,
    83,
    240,
    87,
    238,
    49,
    107,
    50,
    107,
    86,
    138,
    133,
    74,
    129,
    79,
    127,
    95,
    151,
    100,
    136,
    92,
    69,
    128,
    125,
    94,
    82,
    228,
    247,
    90,
    125,
    249,
    130,
    94,
    90,
    220,
    112,
    71,
    132,
    125,
    69,
    240,
    121,
    162,
    104,
    213,
    33,
    82,
    33,
    83,
    70,
    132,
    127,
    239,
    251,
    79,
    129,
    132,
    114,
    70,
    62,
    58,
    200,
    81,
    226,
    113,
    118,
    57,
    65,
    231,
    117,
    192,
    90,
    135,
    138,
    170,
    279,
    207,
    280,
    281
  ],
  "full_surface_samples": 8000,
  "complete_residual_N": [
    8.284791201888692e-12,
    8.19797382680997e-12,
    8.684568376425903e-12,
    8.47781193976489e-12,
    1.180476964606825e-11,
    1.2565214299061197e-11,
    9.717166920866383e-13,
    9.354715449713113e-13,
    4.374455389709667e-12,
    1.1861554659734688e-12,
    8.689369211992743e-12,
    7.767215813473953e-13,
    4.843085313954787e-13,
    7.218993057818076e-12,
    9.754525587590562e-12,
    8.362524122934292e-12,
    6.646335112415018e-12,
    7.590450681464126e-12,
    7.689659826118382e-12,
    8.668586544410346e-12,
    9.446339512775925e-12,
    9.758785748272358e-12,
    8.845409168649056e-13,
    9.5873345526373e-13,
    8.978537163077166e-13,
    7.913077160525619e-13,
    1.0517631951452352e-12,
    7.90221989064116e-12,
    8.0334744408723e-12,
    1.6203631444041512e-12,
    1.2965586769095846e-11,
    1.0492892266830571e-11,
    8.688707751005528e-12,
    1.0002892676175958e-11,
    1.0815597463520606e-11,
    8.157871714967305e-12,
    8.816415108902086e-12,
    9.549764288635994e-12,
    8.811894491322897e-13,
    9.235690735041753e-13,
    9.19964413238495e-13,
    9.150304389795584e-13,
    8.774784038988478e-19,
    7.837725212677387e-13,
    6.360298518127525e-14,
    1.878491243686068e-12,
    7.992913882322394e-12,
    1.068249032727695e-11,
    7.657652321374091e-12,
    6.796181240263768e-12,
    6.6241036870548174e-12,
    7.987914466933831e-12,
    8.553577981139976e-12,
    9.4549998217784e-12,
    8.655744414927853e-13,
    8.690804289331958e-13,
    8.564115835380902e-13,
    1.179372586434241e-12,
    8.88068015055318e-13,
    1.074311562607717e-12,
    5.12814896908619e-13,
    6.738480275605011e-15,
    1.122092119996905e-11,
    8.093618890023833e-12,
    1.015203571170232e-11,
    1.0157048059377195e-11,
    8.705939672263523e-12,
    1.0910207186261634e-11,
    1.0743050867104305e-11,
    8.908207088663896e-12,
    7.230229655431791e-12,
    9.43426273052087e-13,
    9.19109223610162e-13,
    9.215556613373604e-13,
    1.0635174326235536e-12,
    1.2540063417067372e-12,
    2.8173681161164315e-12,
    8.458715845679992e-13,
    1.0296211938426367e-11,
    8.803210670476974e-12,
    6.50374434456567e-12,
    1.0702395026171313e-11,
    8.637566548568696e-12,
    1.1354236729034482e-11,
    8.361009169044559e-12,
    9.914380826978145e-12,
    1.2348487547662057e-11,
    8.862903945177751e-13,
    8.76864321205792e-13,
    1.0009065671351624e-12,
    8.391773086131627e-13,
    9.583337966003161e-13,
    1.000894405675385e-12,
    4.1656879847017295e-13,
    3.2647527834604806e-12,
    8.637980155466327e-12,
    8.777428444521707e-12,
    1.0075269874214668e-11,
    7.585267799838984e-12,
    9.346278012384292e-12,
    1.00675088969978e-11,
    1.1894042343840465e-11,
    1.0913466426522621e-11,
    9.29039815913322e-13,
    8.840572250077192e-13,
    9.248759337219443e-13,
    7.168911302836311e-13,
    7.257630368299673e-14,
    1.2078976676206842e-12,
    6.280175139208206e-13,
    1.6527399557629391e-12,
    8.563727479433657e-12,
    6.769412118843156e-12,
    1.1563731514533438e-11,
    8.209380284035911e-12,
    8.046154152813873e-12,
    8.139898412010113e-12,
    1.105263108918401e-11,
    9.31817518867558e-12,
    9.813003464661355e-13,
    9.892659733860452e-13,
    9.758490828017918e-13,
    1.029274422155113e-12,
    9.218653799200146e-18,
    6.231415393805933e-13,
    8.447711454371287e-13,
    1.7088981451919122e-12,
    1.1603055869178619e-11,
    7.514786596845795e-12,
    6.4648628273756615e-12,
    7.423802911285309e-12,
    7.882818898318456e-12,
    7.47021651159399e-12,
    1.0949950608930188e-11,
    1.2036379091303109e-11,
    8.888228350690051e-13,
    8.522410912570313e-13,
    9.222648264873472e-13,
    1.3167135436621656e-12,
    1.3712153931513959e-11,
    8.565358341738397e-13,
    7.184023708304081e-13,
    1.6542780313146448e-14,
    8.78652181599546e-12,
    7.512922885164453e-12,
    1.0713413347902857e-11,
    8.577341160197824e-12,
    1.1558839876563803e-11,
    7.115172362049232e-12,
    1.3033427005020805e-11,
    1.1180689639913002e-11,
    1.2943508532334969e-11,
    9.253148172179583e-13,
    8.599605296540892e-13,
    0.0,
    1.4997471145737284e-12,
    6.0948563751247674e-12,
    7.632637669435846e-13,
    1.6601320393188297e-12,
    8.314899599424266e-12,
    1.0530370256029682e-11,
    7.905152196270221e-12,
    1.2441917583899937e-11,
    9.298120159216926e-12,
    1.0319229726391751e-11,
    1.1399440908467568e-11,
    9.826152503914747e-12,
    8.293203167205745e-12,
    9.415798704763532e-13,
    8.888820597255905e-13,
    9.760242442940994e-13,
    7.293667001298135e-13,
    1.3026180681780083e-12,
    7.353160931996501e-13,
    3.893462632568173e-13,
    1.5658643892913677e-12,
    9.344337637634855e-12,
    1.013817919481073e-11,
    8.17012344018808e-12,
    7.690047982041222e-12,
    8.428931449175725e-12,
    6.7052443187286654e-12,
    1.4274257526501639e-11,
    9.670676587551977e-12,
    9.84916734358909e-13,
    8.840177139334107e-13,
    8.227159246719086e-13,
    1.1743727922191492e-12,
    3.1184452003401184e-17,
    9.67724421091339e-13,
    1.8115347566720641e-13,
    1.6829872144370565e-12,
    8.520422545601995e-12,
    7.696177585919882e-12,
    9.008034051143019e-12,
    1.2240664423262949e-11,
    7.904646409604425e-12,
    8.162339189877066e-12,
    1.0318171013559488e-11,
    9.316901476850877e-12,
    9.619530727060326e-13,
    9.077942925953436e-13,
    8.967009563092218e-13,
    1.3697449746540018e-12,
    6.019169073572052e-13,
    1.080760884212054e-11,
    4.928254675501983e-14,
    3.730219536794959e-15,
    1.0377859884092593e-11,
    8.163086092608463e-12,
    7.89331982364089e-12,
    1.107875525754365e-11,
    8.764764699850464e-12,
    7.48592307919245e-12,
    1.0069612053581263e-11,
    8.261211182330645e-12,
    2.0988512742646122e-12,
    8.779897120091084e-13,
    8.60159288144727e-13,
    1.1046578788467387e-12,
    4.471225289451464e-13,
    2.1859062456261866e-12,
    8.816678955765102e-12,
    5.7322698331321805e-15,
    7.81218083167004e-12,
    1.1228164272945796e-11,
    9.292704431560879e-12,
    1.1451029810991245e-11,
    1.036174562074298e-11,
    8.835172277503909e-12,
    1.1021283258776774e-11,
    1.0398192057992309e-11,
    9.644892747606894e-12,
    1.0217405837947787e-12,
    9.652659549731254e-13,
    8.22880439338503e-13,
    6.457362055342319e-13,
    9.422247909755725e-13,
    6.511274538361749e-13,
    1.6102183755514444e-13,
    8.067694137707763e-12,
    1.0175865380554913e-11,
    7.845319241650364e-12,
    7.68631961529274e-12,
    8.196436414098395e-12,
    8.739786162470584e-12,
    7.369043425544169e-12,
    1.0419378149167402e-11,
    9.836237565304424e-12,
    9.408090871384799e-13,
    9.065167939205613e-13,
    8.392253120549864e-13,
    8.516367586775883e-13,
    5.644957892530145e-13,
    7.176350849075196e-13,
    6.776465633612689e-12,
    1.7569504712472732e-12,
    8.292061545789713e-12,
    6.730677237676093e-12,
    1.0855730149614281e-11,
    7.618100050724213e-12,
    8.154101534597121e-12,
    8.313644073405424e-12,
    1.074944663514305e-11,
    1.3848562622880567e-11,
    8.432770986559838e-13,
    9.873623577295792e-13,
    8.15908528595654e-13,
    1.117840873857843e-12,
    1.2367958145099876e-12,
    1.0835811494086181e-12,
    1.1608718260838723e-12,
    3.475881712365858e-15,
    9.160207311019754e-12,
    6.70327819320446e-12,
    8.721181453631036e-12,
    1.114158953834603e-11,
    9.855953801926231e-12,
    1.1126975865952401e-11,
    9.425520480230127e-12,
    1.2347628447185178e-11,
    8.149993769131936e-13,
    8.908829533532567e-13,
    1.000162105029006e-12,
    9.71922631806182e-13,
    1.0519494149116823e-12,
    1.1187062017320255e-12,
    7.270606702796567e-13,
    1.471464926659105e-14,
    1.148692897647624e-11,
    1.2352335674221615e-11,
    1.1729596549596968e-11,
    8.894007791231618e-12,
    9.380915887857536e-12,
    1.0966983160454617e-11,
    1.3029799710154036e-11,
    8.80134042949009e-12,
    7.798688100308607e-12,
    9.595976447841326e-13,
    9.320186640425064e-13,
    1.0330320601224934e-12,
    9.82848921634334e-13,
    1.0389451625361584e-12,
    7.776661453516587e-13,
    1.896548799418779e-11,
    7.42084893276974e-12,
    8.137418581367126e-12,
    1.1048558828299185e-11,
    8.1228719072256e-12,
    7.547206765421019e-12,
    7.835037479120157e-12,
    9.434593349842395e-12,
    9.243744532918302e-12,
    9.253378678190226e-12,
    8.485843025113205e-13,
    8.28520759449646e-13,
    1.0128893353783718e-12,
    8.333115830733017e-13,
    5.210131887493744e-13,
    6.776001449482562e-12,
    5.642890057436634e-13,
    2.746535283721446e-12,
    1.1752796861901385e-11,
    1.1836609359659207e-11,
    8.072725390433843e-12,
    9.121392614717027e-12,
    1.0304310009370274e-11,
    9.535578194302918e-12,
    1.1839233739384749e-11,
    8.837581588746917e-12,
    8.39614486344172e-13,
    8.719160887808307e-13,
    9.488484532798485e-13,
    4.763985922909487e-13,
    8.88003174960958e-13,
    5.632127609232055e-13,
    1.2801551195112526e-12,
    1.6359025664210217e-12,
    9.891150653585871e-12,
    1.1026461111396822e-11,
    8.026991965325602e-12,
    9.257680265685315e-12,
    1.0457869827306361e-11,
    8.68365085091294e-12,
    1.0656361716855645e-11,
    9.642918003569886e-12,
    9.868372020692663e-13,
    9.219618095268769e-13,
    8.314891972440264e-13,
    1.0974416200329227e-12,
    8.060530613555257e-13,
    9.374940843649296e-13,
    4.723802790174562e-13,
    1.5733630503616145e-12,
    9.509230927053066e-12,
    1.0050858098545385e-11,
    8.591542017060333e-12,
    8.788551672707431e-12,
    8.420880557634828e-12,
    7.450513675557133e-12,
    1.2042269846837895e-11,
    9.01590449178621e-12,
    8.450901050843865e-13,
    9.15927312574227e-13,
    9.356882341157483e-13,
    1.364091030688558e-12,
    9.962524541497207e-13,
    1.1164963260732364e-12,
    7.637668823896523e-12,
    5.545093674361513e-15,
    8.523851644187595e-12,
    1.1937117588779666e-11,
    7.781737112048663e-12,
    1.0107351611264929e-11,
    8.5032407223667e-12,
    8.896600304250033e-12,
    1.0396420633359961e-11,
    8.870343581898306e-12,
    1.0302283525310697e-11,
    9.105622235168415e-13,
    9.420662406781017e-13,
    2.616210600577477e-12,
    8.151610619219897e-13,
    6.661159859074851e-12,
    1.1063133273037342e-12,
    1.4933796332511993e-11,
    8.26569215213527e-12,
    1.0828192514426264e-11,
    1.1614118725870436e-11,
    1.0040129460875629e-11,
    9.332480215373478e-12,
    9.671605745659333e-12,
    6.851939540979831e-12,
    9.053029808558243e-12,
    1.032442407576419e-11,
    8.037099393940703e-13,
    9.112168206452911e-13,
    8.620393864421585e-13,
    1.2632389789636427e-12,
    9.428496249093736e-13,
    7.1860731413167964e-12,
    6.776766622278593e-13,
    1.3528138692049725e-12,
    6.9007937496732744e-12,
    1.003401043667943e-11,
    9.628893299901526e-12,
    7.65696380662016e-12,
    7.81757856562835e-12,
    8.087452821449678e-12,
    1.1478585044452899e-11,
    6.599119835995969e-12,
    8.654989947384827e-13,
    8.687018136742201e-13,
    9.406419212151863e-13,
    2.3021679743007518e-12,
    8.721422107391064e-13,
    8.193588057328418e-13,
    8.534961244088523e-13,
    5.983241055308343e-16,
    1.0329086560993184e-11,
    7.958829221526985e-12,
    1.1427937188680984e-11,
    8.363440935707484e-12,
    1.0225312643225504e-11,
    1.1233625579539988e-11,
    1.2049503276207948e-11,
    1.0735544847910671e-11,
    8.316311263808406e-13,
    8.044699285038416e-13,
    9.911386919362934e-13,
    8.62863203939946e-13,
    8.42600963427295e-13,
    8.776100141089298e-13,
    5.043404323641364e-13,
    1.2649763882587945e-12,
    1.1011733891332766e-11,
    8.307577638917433e-12,
    8.273482510366352e-12,
    1.1817584739202856e-11,
    1.0421296432657393e-11,
    6.498569905807847e-12,
    7.66705598362738e-12,
    1.0414772621656723e-11,
    1.0560600673570005e-11,
    8.716007977280311e-13,
    9.52126385494048e-13,
    7.848482211512263e-13,
    1.036758653199944e-12,
    7.904543944337479e-13,
    9.598601033636354e-13,
    6.933670561955158e-15,
    8.176084371004159e-12,
    9.561710795284412e-12,
    6.736157337653917e-12,
    1.027032997560271e-11,
    1.0192017754108397e-11,
    8.761341704316884e-12,
    8.90325002606601e-12,
    9.785799820318376e-12,
    9.948307616489106e-12,
    8.166468318724284e-13,
    9.412974013711088e-13,
    9.151490237754094e-13,
    1.4863048534678933e-12,
    1.196889908907228e-12,
    8.296369075900505e-13,
    9.219452508675327e-13,
    4.316426018055873e-12,
    7.768880077404176e-12,
    9.814125926783678e-12,
    7.483895024022156e-12,
    8.193294315031311e-12,
    1.0977353349650687e-11,
    6.797056895662601e-12,
    9.2848912147966e-12,
    1.2630821454078986e-11,
    8.906334889552353e-13,
    9.316583774244847e-13,
    8.551091677251789e-13,
    9.272275865790635e-13,
    1.390488901093271e-12,
    9.376040737199433e-13,
    5.672858114121025e-13,
    1.0087949013106063e-12,
    6.906486228556835e-12,
    6.989947412550234e-12,
    1.1764758467724886e-11,
    7.615566700325417e-12,
    1.0193856994999137e-11,
    7.82472890955837e-12,
    1.0924449529161357e-11,
    9.176801814500823e-12,
    8.373169538858438e-13,
    9.407681223332513e-13,
    8.449931978604374e-13,
    1.033606641553487e-12,
    1.0937761643844314e-12,
    7.718955461372827e-12,
    5.654357548189809e-13,
    1.6671365729236974e-12,
    1.0800702090128997e-11,
    8.479190067037593e-12,
    6.586295979637848e-12,
    9.644299789318078e-12,
    6.696087017103697e-12,
    9.846942620024312e-12,
    8.567182225057187e-12,
    9.185563737639107e-12,
    8.936246432380423e-13,
    9.134179939704527e-13,
    8.785879105376713e-13,
    5.058782994599384e-13,
    1.0709598328453764e-12,
    1.3137667313489623e-12,
    3.3842449951895794e-12,
    5.567075613550079e-15,
    9.124000151089804e-12,
    7.1019276133017295e-12,
    7.792467833696919e-12,
    1.0600614236407765e-11,
    9.059379701528374e-12,
    8.206290218603281e-12,
    1.1377451471661042e-11,
    1.0657332061112462e-11,
    1.0770371430881505e-11,
    8.773003548947336e-13,
    8.682237235685693e-13,
    0.0,
    5.50707213134405e-13,
    8.674281824783739e-13,
    7.420937899603727e-13,
    3.2014787147565752e-15,
    8.577899151599268e-12,
    1.0651425886615248e-11,
    8.046023535236176e-12,
    8.72663657928901e-12,
    7.774685726109203e-12,
    7.464003626059186e-12,
    8.801026514350733e-12,
    9.886011738519946e-12,
    1.1950490444993216e-11,
    9.13377969919793e-13,
    8.493348408496712e-13,
    8.789393739530038e-13,
    9.102199395245679e-13,
    1.55313248671557e-12,
    1.0355142310639768e-12,
    3.3098875766540857e-12,
    2.1404059899146794e-12,
    9.6919656616225e-12,
    8.762514012758013e-12,
    9.970478523604039e-12,
    8.610980910835134e-12,
    1.1453568854606737e-11,
    6.6417559293072884e-12,
    1.0703819721347185e-11,
    8.958712989531945e-12,
    8.709502195140256e-13,
    8.83456725627102e-13,
    8.870485773017536e-13,
    7.31103027005328e-13,
    1.3742421695679474e-12,
    1.0160962875460381e-12,
    9.361403284141353e-13,
    1.177318765408574e-12,
    8.682001648477624e-12,
    1.2605889666140355e-11,
    7.546765684985644e-12,
    7.96466465250176e-12,
    7.656809292330133e-12,
    8.389230223009502e-12,
    1.0661498358294438e-11,
    1.1008545324192147e-11,
    9.500892028461427e-13,
    9.422622448284866e-13,
    1.0432178734927946e-12,
    1.7489298213865071e-12,
    1.1125290977129347e-12,
    1.3518713340532989e-12,
    5.708180981901693e-13,
    2.685579853000466e-15,
    1.0957371866728416e-11,
    8.183485929373006e-12,
    8.7119397135997e-12,
    1.1593266318218277e-11,
    9.836341726811555e-12,
    7.982803980884721e-12,
    1.092343200057739e-11,
    8.680143212520826e-12,
    9.526958084307005e-13,
    9.907587067578905e-13,
    8.96988588754552e-13,
    2.100538989595612e-12,
    1.8081338054884022e-12,
    8.540365439249097e-13,
    7.538608608062632e-13,
    1.6391820403007583e-12,
    1.079861466609811e-11,
    7.583647040097693e-12,
    7.114357317363935e-12,
    9.264174025822641e-12,
    6.999347273461261e-12,
    1.1160241144901369e-11,
    9.234403416916377e-12,
    8.183480083465427e-12,
    6.679885977742967e-12,
    9.807852263728952e-13,
    8.9689341738132e-13,
    3.9914853848659214e-12,
    9.39599884626104e-13,
    9.289681912067983e-13,
    7.020170071070608e-12,
    1.5952018617882373e-12,
    9.956149908910137e-12,
    7.073836892260145e-12,
    1.084774375002863e-11,
    1.1195247657634532e-11,
    8.385056362887096e-12,
    8.308498591026725e-12,
    8.066286424994015e-12,
    1.0802457545392636e-11,
    9.120691121051834e-12,
    9.455028683346737e-13,
    8.611871533596731e-13,
    9.13742459020095e-13,
    8.399416110651331e-13,
    6.878803860043406e-12,
    3.760370524492852e-12,
    6.622687424627003e-12,
    1.1928966195107648e-12,
    9.724285333439639e-12,
    8.315772490322104e-12,
    8.396303728387782e-12,
    6.595648861478083e-12,
    7.817784136415047e-12,
    8.195501032631323e-12,
    7.262259766916879e-12,
    7.832975117632801e-12,
    8.924106217519222e-13,
    9.040737134966914e-13,
    9.959226764848928e-13,
    8.413618284667171e-13,
    6.565296245219674e-13,
    7.593273483495711e-13,
    6.537412309529411e-12,
    1.7343157157931562e-12,
    1.1603032846835314e-11,
    7.915133874313127e-12,
    1.181198619761188e-11,
    8.509424126345591e-12,
    8.381348672000685e-12,
    7.554330901310007e-12,
    1.2332969608776652e-11,
    9.408395326887191e-12,
    9.375781117588387e-13,
    9.247907254516533e-13,
    8.701600686907639e-13,
    7.846114950327921e-13,
    1.0551559096086536e-12,
    1.0436759591081337e-12,
    7.891895128923913e-13,
    5.779728947811681e-15,
    7.190379087649959e-12,
    1.0804906196258668e-11,
    1.0426251235433515e-11,
    9.700153280427355e-12,
    6.862075650036858e-12,
    8.053277304139082e-12,
    7.422278645232752e-12,
    1.2049660696026174e-11,
    2.520488057090155e-12,
    8.940441716658235e-13,
    9.49499746213015e-13,
    5.84899848826419e-13,
    1.2155732259581497e-12,
    1.0506918254441434e-12,
    1.1000870788143638e-12,
    4.008465089209332e-13,
    6.626418790833027e-12,
    8.719071574012824e-12,
    1.141849531114163e-11,
    8.592160214865792e-12,
    1.0448525831135638e-11,
    8.443914133541324e-12,
    9.43029804430994e-12,
    1.0269022017814263e-11,
    7.940434270254177e-12,
    8.418342462438108e-13,
    8.747803508665111e-13,
    8.312843042028593e-13,
    5.508692717142754e-13,
    9.47111792234049e-13,
    8.086116492278022e-13,
    4.2429985158880815e-13,
    3.664898193037199e-12,
    8.211912668638564e-12,
    7.037569398831423e-12,
    9.105753688699126e-12,
    7.92899440985845e-12,
    1.1649609908355213e-11,
    1.0188120489603529e-11,
    9.010196489490089e-12,
    1.1929684975604466e-11,
    8.695512859518635e-13,
    8.171368531924946e-13,
    9.709062133648145e-13,
    1.166203972488965e-12,
    5.915458197308795e-13,
    9.814604105737094e-13,
    1.1659244124083688e-11,
    1.7680636756488692e-12,
    7.984921390330884e-12,
    8.239479221172326e-12,
    1.0044082116562982e-11,
    1.0554085080881096e-11,
    1.1994985277557838e-11,
    9.078964932014148e-12,
    8.858575899147675e-12,
    7.768267355729379e-12,
    9.72707989925121e-13,
    9.545386446648568e-13,
    8.332877741653105e-13,
    1.2124214119511523e-12,
    1.6970085416263307e-12,
    7.056960647769475e-13,
    2.692683787122257e-13,
    1.5062085563870064e-14,
    6.639085075237215e-12,
    1.0219592194285034e-11,
    8.171824779996484e-12,
    9.0083474140716e-12,
    1.2381169043721998e-11,
    1.1183792960286339e-11,
    1.0283745084427523e-11,
    9.18526078287911e-12,
    1.0190364890103163e-12,
    9.885294129007222e-13,
    9.117076385177537e-13,
    8.360266724599943e-13,
    1.5892816097787692e-11,
    8.717863750082301e-13,
    8.517254864901971e-13,
    9.021822716002697e-15,
    1.0859088590009352e-11,
    6.965067801320778e-12,
    1.0951821585449852e-11,
    1.0898223540536112e-11,
    1.1806139588231989e-11,
    7.716402441920141e-12,
    1.0827736611331935e-11,
    9.425285165678291e-12,
    1.0722200701065666e-11,
    8.653242227808131e-13,
    9.637940615599222e-13,
    0.0,
    1.6122452789872408e-13,
    1.1529978835192254e-12,
    5.435924646783373e-13,
    1.6466391339889449e-12,
    7.262805618398581e-12,
    9.50270877500865e-12,
    9.946775921889203e-12,
    7.610275666899365e-12,
    6.1612627306852114e-12,
    7.89962654425041e-12,
    8.387003246899785e-12,
    9.89613894817135e-12,
    9.534435344584626e-12,
    8.985063794721552e-13,
    8.152022842553476e-13,
    1.0208505703705237e-12,
    1.1716172268078378e-12,
    1.0247973026225203e-12,
    6.608190914669684e-13,
    4.330544571844734e-13,
    1.540947980333256e-12,
    8.626932701321418e-12,
    9.016645164805842e-12,
    9.39967856503448e-12,
    8.08286446016512e-12,
    1.0652077613146188e-11,
    7.351023813837803e-12,
    1.1431316187082027e-11,
    9.355645764192701e-12,
    9.401962411769964e-13,
    9.584270713660026e-13,
    9.424380388794619e-13,
    9.99946226256547e-13,
    1.3829606170210541e-12,
    5.83451072312193e-13,
    7.208480806114603e-13,
    1.5210996944271542e-12,
    9.198213035624227e-12,
    8.217558706787862e-12,
    8.34089532895186e-12,
    8.921840079718855e-12,
    8.010982536814242e-12,
    8.560427061091615e-12,
    8.595042124209417e-12,
    1.1516231714140312e-11,
    9.395098371123653e-13,
    9.758683257453647e-13,
    9.647902789746876e-13,
    7.283218840252735e-13,
    1.4113928234041052e-12,
    1.0766521346147313e-12,
    4.025998538195777e-13,
    5.141074765985985e-15,
    1.0239173867513997e-11,
    1.1126663351961834e-11,
    9.140150336882453e-12,
    1.1793460003600891e-11,
    8.524676744874918e-12,
    7.37902886204394e-12,
    1.0117279888823546e-11,
    1.049627950043467e-11,
    8.202447882611581e-13,
    8.982010090368725e-13,
    9.18920308614003e-13,
    1.1786114168113392e-12,
    9.130824380148095e-14,
    9.346791093382036e-13,
    1.0576799365783624e-12,
    4.062626172475342e-15,
    8.836187901399288e-12,
    9.289811744014548e-12,
    8.47563185263208e-12,
    1.0818111466462702e-11,
    8.538185235829144e-12,
    8.559580839604635e-12,
    9.862483791498599e-12,
    9.3652160521713e-12,
    8.641664526176704e-12,
    9.354707053317912e-13,
    8.132512565114817e-13,
    9.819848261018855e-13,
    1.3865689528163357e-12,
    1.2705895174489455e-12,
    6.338930390166239e-13,
    1.5834429152130392e-11,
    7.195627981901601e-12,
    9.651862604547554e-12,
    7.299538343916045e-12,
    8.17651300542048e-12,
    1.0537854654373432e-11,
    1.076102187546227e-11,
    6.7958122905511114e-12,
    1.1029517639487629e-11,
    8.708574752809622e-12,
    9.085821873392127e-13,
    9.034483448453798e-13,
    8.60793044424776e-13,
    4.998369769775779e-12,
    2.7166227406721825e-12,
    5.293929090430628e-13,
    6.270461745973983e-13,
    1.7362940395676328e-12,
    7.956667955091807e-12,
    9.169269455450213e-12,
    1.0692246648120864e-11,
    8.412670205407848e-12,
    1.1363436460806832e-11,
    1.055977075408641e-11,
    9.579825780321958e-12,
    8.653782321286977e-12,
    9.124442146150127e-13,
    8.3827057069533e-13,
    9.617724174749413e-13,
    8.613392662468764e-13,
    7.90728455321219e-13,
    1.1976011515842847e-12,
    5.012227375609799e-13,
    1.9186957502014115e-12,
    6.5228491454901036e-12,
    9.112487169415938e-12,
    7.436472120540348e-12,
    1.0702747370394335e-11,
    1.0881907274054089e-11,
    6.8281652504634114e-12,
    1.2714971622251024e-11,
    6.8966751171854584e-12,
    8.376032798774632e-13,
    8.99024802281272e-13,
    9.59324882382199e-13,
    9.145205704568976e-13,
    1.0620977835808894e-12,
    6.606948517556154e-13,
    4.4778301069708635e-13,
    1.2531751865347418e-14,
    7.570884222433894e-12,
    1.0239113005308353e-11,
    1.0124511960903375e-11,
    7.997265525315433e-12,
    6.19851053437234e-12,
    1.1100488116143027e-11,
    1.1313968566910902e-11,
    1.138913623001074e-11,
    3.2241628595989907e-12,
    8.733050034007055e-13,
    9.779699389098085e-13,
    3.312661408756087e-12,
    8.714923872712909e-13,
    1.4519212180559743e-12,
    8.073000132815212e-13,
    3.1260546654703125e-15,
    1.023069993045155e-11,
    7.152456597401286e-12,
    8.151036723472981e-12,
    9.080576505857779e-12,
    9.183092394659169e-12,
    1.1436575240550712e-11,
    8.039588321151606e-12,
    1.021527101856685e-11,
    8.773155000512372e-12,
    8.540085011760748e-13,
    9.900545588167453e-13,
    9.15250013199268e-13,
    1.2970711149312501e-12,
    1.2753328705286284e-12,
    3.9995198152656717e-13,
    4.3802019841101593e-13,
    2.167116386139002e-12,
    7.407149974387156e-12,
    8.275143576259151e-12,
    6.670020200315667e-12,
    8.618694729125832e-12,
    1.1911029391877783e-11,
    7.548065943306788e-12,
    7.227427769051152e-12,
    7.745239876077098e-12,
    8.65186365067918e-13,
    9.153971853416587e-13,
    8.945818801859238e-13,
    1.8735684900453296e-13,
    1.6133564506636098e-12,
    8.0658253779271e-12,
    1.6625795112253265e-12,
    1.4787690407865794e-12,
    6.716044168589815e-12,
    1.0085716376131695e-11,
    8.836176067194947e-12,
    6.6925096678676395e-12,
    1.0998844571733698e-11,
    1.0999102483328189e-11,
    9.442402749958952e-12,
    1.1256672750906825e-11,
    9.090245553174135e-13,
    8.73318141151865e-13,
    9.216379006449273e-13,
    1.3769286347961442e-12,
    1.2170606498157565e-12,
    8.143489482731717e-13,
    1.4211307319556962e-12,
    1.5351526611127857e-12,
    1.1858977648222212e-11,
    9.926566105635577e-12,
    8.867548405945483e-12,
    7.106735288869153e-12,
    9.894421543488508e-12,
    1.0989378933654994e-11,
    1.4742252879319716e-11,
    9.374608954043815e-12,
    8.346173857771655e-13,
    1.1283337063860056e-12,
    9.571768740345152e-13,
    1.1066442357899649e-12,
    1.9402222178181708e-12,
    6.497933046731579e-13,
    5.885467843781802e-13,
    1.6604800359678885e-12,
    1.0652647425910274e-11,
    1.0387816939650829e-11,
    1.1397670424508502e-11,
    7.676999948941822e-12,
    7.99584551788366e-12,
    9.340450950568055e-12,
    9.192453594123842e-12,
    1.2808731933087647e-11,
    7.420920256940045e-12,
    9.594918568026803e-13,
    8.876077624150639e-13,
    0.0,
    9.4123276439344e-13,
    1.0294520727613431e-12,
    7.039318129534343e-13,
    1.1617431579481433e-13,
    1.1954185887968583e-11,
    8.025416869571141e-12,
    9.022445238264352e-12,
    1.1037585300894775e-11,
    1.0454702261308218e-11,
    1.0544053404960338e-11,
    7.290350217756774e-12,
    1.105955740613933e-11,
    8.925704760691593e-12,
    8.840361652927053e-13,
    8.532498527981129e-13,
    9.095411606778177e-13,
    9.126558657635681e-13,
    5.941839684906777e-12,
    6.559922974983626e-13,
    6.676043126742291e-12,
    2.1838398902311755e-12,
    9.902760857217329e-12,
    7.823062778386557e-12,
    8.981570544254674e-12,
    1.0491211453068285e-11,
    1.2226682248573228e-11,
    1.1278794751741917e-11,
    1.2650535149681844e-11,
    6.852413438385411e-12,
    9.228071286638256e-13,
    8.305384748698846e-13,
    9.738464963130683e-13,
    4.902316184243365e-13,
    3.3689598938759405e-15,
    1.003996949617976e-12,
    8.510731533579026e-12,
    1.2631943351168586e-12,
    8.860686917625598e-12,
    8.574027035971316e-12,
    9.50761276274157e-12,
    1.2109174742403417e-11,
    8.757427664800321e-12
  ],
  "rhs_norm_N": [
    0.22273737164817686,
    0.18974383614509166,
    0.204385230051668,
    0.19193553008866746,
    0.2240166920296174,
    0.2507421492123731,
    0.03957551971305144,
    0.037420801128820305,
    0.17960466345928758,
    0.02415921634293747,
    0.2043229380718885,
    0.03871445779031413,
    0.01816834704737712,
    0.22653088948661396,
    0.23806540620214212,
    0.21903545664426202,
    0.19419132562356298,
    0.18204997456837066,
    0.19210700634540917,
    0.1954733378131869,
    0.21356929134898747,
    0.21117693913940214,
    0.03699474849659324,
    0.04018950969785952,
    0.0378895667725716,
    0.031361579236238446,
    0.03340266704259522,
    0.1872649961087658,
    0.1729505447352754,
    0.049621499618202794,
    0.2729463910453747,
    0.2522891035268997,
    0.20701355602556668,
    0.25732202975193624,
    0.21861790671948084,
    0.186319473603846,
    0.18098214584657082,
    0.19918489610929668,
    0.03747003680851223,
    0.03585333774249051,
    0.037100902118020467,
    0.036859550595104554,
    1.5095766580766234e-08,
    0.04067568982734111,
    0.001132061139818711,
    0.0653350613557794,
    0.19882546973304874,
    0.22721543713104478,
    0.19098274772157836,
    0.21276903581472895,
    0.19745577020046515,
    0.20346524750403014,
    0.18437661452677184,
    0.18809532445448587,
    0.03594996504137708,
    0.03685321007906707,
    0.03729524747981796,
    0.024247809727371887,
    0.03483588411486013,
    0.05110385766068665,
    0.028281318417603125,
    0.00011102592112117623,
    0.2794963803416119,
    0.16956971698679546,
    0.2349437776278127,
    0.26623423277674935,
    0.20338575506477105,
    0.26469393584261725,
    0.22675071931783872,
    0.19540681413414285,
    0.18075226226498795,
    0.03613663821598624,
    0.03721347771635421,
    0.024978900376849272,
    0.040969852196045375,
    0.03952770433115724,
    0.10778931144199835,
    0.03813512698489825,
    0.2517844844084611,
    0.20915835528952606,
    0.21249631183711962,
    0.2623314262410033,
    0.18497570305122774,
    0.2651925759540079,
    0.21025171795794884,
    0.20168866199814087,
    0.2739313572622595,
    0.03483482654168532,
    0.039091693219225954,
    0.042356582658135966,
    0.03554730776907317,
    0.03735028133854313,
    0.02989352355617685,
    0.021764819551211328,
    0.09134157185452983,
    0.20940604650931352,
    0.2200686530566335,
    0.23549040973168178,
    0.20732570735349015,
    0.19655103234126967,
    0.22397043637949196,
    0.2505878487252468,
    0.23719004415691133,
    0.03905899930134485,
    0.038463748539473756,
    0.04164864381863127,
    0.03327990876700453,
    0.002882310960361455,
    0.048239061415283585,
    0.03963253414626427,
    0.07083607147665504,
    0.2241103277085324,
    0.19312862952096005,
    0.2614498815606464,
    0.18572166957214167,
    0.19272945226473598,
    0.1907488140270527,
    0.22498288831075228,
    0.20944218299232575,
    0.039339587495393215,
    0.04045512717960523,
    0.03912285930769975,
    0.03644695746896097,
    1.4656646946472936e-07,
    0.03758826524865064,
    0.03830261441357119,
    0.0648891684084886,
    0.2862294215226957,
    0.17334625095920983,
    0.17729979029630538,
    0.20696371322281962,
    0.20709868956441355,
    0.17642954004226205,
    0.2287238372967836,
    0.2558138416406487,
    0.03735520971572111,
    0.03937058767578078,
    0.039808243765253284,
    0.032364637824069065,
    0.668519900296608,
    0.03188007514311962,
    0.02813474621306669,
    0.00032008488251023003,
    0.21457391631759398,
    0.191165349431792,
    0.199308631601807,
    0.20732337660743205,
    0.23204895761345587,
    0.17839098543300191,
    0.22766244596539456,
    0.2423918000817382,
    0.23501666047799918,
    0.03565144480172531,
    0.0368241536802158,
    0.0,
    0.05998058981008455,
    0.21848580220929703,
    0.024925993652412996,
    0.05561797984619853,
    0.2022980324109482,
    0.2578816710983692,
    0.1780764824686797,
    0.28753591431938125,
    0.2196492872376087,
    0.22990348463603794,
    0.273596134295941,
    0.19938005429308492,
    0.2090632837332292,
    0.038486568234459076,
    0.036909614945170185,
    0.040876676970822395,
    0.027361912976648774,
    0.0347107393029696,
    0.03591601849741642,
    0.02247013562137163,
    0.04571793126465141,
    0.22212349247626073,
    0.25265460992215744,
    0.21146287500049718,
    0.17600183742169334,
    0.17010783609145608,
    0.17277472017105325,
    0.24161402977146448,
    0.19894174951089177,
    0.03735516458664342,
    0.039459037859026665,
    0.03952283864630172,
    0.032867748217096954,
    4.113076323592204e-07,
    0.04043681406902364,
    0.003149511247791699,
    0.06802614780291985,
    0.2165063768161656,
    0.17941760378835558,
    0.2219229478893869,
    0.24215157010519683,
    0.19093804170189535,
    0.21427341379865128,
    0.24611507504715383,
    0.20868621833520723,
    0.04063851761315009,
    0.035294973368159774,
    0.042111465156020794,
    0.03281838391140691,
    0.0415456708323162,
    0.27891185575013405,
    0.0009228537052723511,
    6.228743058825607e-05,
    0.25009939598749314,
    0.22299032253166903,
    0.21860181293123468,
    0.2622469126567704,
    0.2072839663385792,
    0.21064620127279512,
    0.20561890280286127,
    0.21501057259570186,
    0.07672892333483917,
    0.03494394548064743,
    0.04179621103110961,
    0.023012740487031717,
    0.02639705115454805,
    0.07736579076512341,
    0.17611498664577063,
    9.350191525577315e-05,
    0.22130729775961772,
    0.2934050829871173,
    0.24320325379627325,
    0.2617505548623966,
    0.28208996456214225,
    0.19187015235961905,
    0.26799115432558046,
    0.24775461998256718,
    0.20865922353198568,
    0.037234865055995735,
    0.039790131327746864,
    0.0324544177310254,
    0.024932960819368744,
    0.041543896621470844,
    0.03783109746631634,
    0.00856901584161122,
    0.21363814729580655,
    0.2652972315527749,
    0.19599734491246615,
    0.19454343782504419,
    0.18669610808297799,
    0.20585041072356466,
    0.17858292688674585,
    0.19468718397528775,
    0.22295478924973036,
    0.038632369776819095,
    0.03736190821606938,
    0.04267967030602291,
    0.02125386925955486,
    0.02464088343968835,
    0.03867615183072674,
    0.2093360762833958,
    0.055267974406119594,
    0.2209825035060236,
    0.20569059303716503,
    0.25821576670185936,
    0.20519118138668968,
    0.16830282639261845,
    0.17943866113291423,
    0.22119408748840347,
    0.2341869669190457,
    0.03542781869236693,
    0.041143194038086923,
    0.03616742819418002,
    0.021258131592312813,
    0.03857462401677457,
    0.03077606569911603,
    0.035189974362497725,
    5.2472999498492565e-05,
    0.20414550578967555,
    0.2122331852574263,
    0.21462927392184397,
    0.24719597594581563,
    0.2344824515936126,
    0.2611604459520963,
    0.2057435839778219,
    0.2639503830787314,
    0.03524819078253607,
    0.036304337111229164,
    0.03863983910468415,
    0.05045224130296637,
    0.03841504211406145,
    0.042193437235609525,
    0.028328143162980175,
    0.00019135512443029133,
    0.28495463547242283,
    0.295772726306642,
    0.28203753955496075,
    0.17116818935800449,
    0.19537994621199947,
    0.2539887226983144,
    0.24937422876045306,
    0.19226288121183052,
    0.19563552507509266,
    0.03991180952656355,
    0.0372099692398503,
    0.037868217614720825,
    0.039085613108155684,
    0.038911642219614885,
    0.03050593495352123,
    0.826881795906158,
    0.17944474589109446,
    0.2202089120381114,
    0.20501644724678755,
    0.1737288328531741,
    0.19557051270039724,
    0.1647487578499536,
    0.19803434354307775,
    0.18615995539310196,
    0.2167416648509312,
    0.03626831790991501,
    0.03953172056953184,
    0.04149167365451144,
    0.021499858944278367,
    0.03140137879159057,
    0.23103202905907236,
    0.02863259145986835,
    0.079483029126289,
    0.24169139524332311,
    0.24882192809982517,
    0.17372060360642083,
    0.21846265537716464,
    0.2394910255700151,
    0.24697148628644763,
    0.23797424882684118,
    0.20018117690150117,
    0.03666621069423132,
    0.04160821593320238,
    0.038053137316027066,
    0.0245747557843194,
    0.033365998348250145,
    0.03854100881590298,
    0.04617171190705173,
    0.06713398929132536,
    0.24231986671751482,
    0.2620693111934574,
    0.22319720250003286,
    0.21560455130771103,
    0.22969448830927697,
    0.20143062084432103,
    0.2190542776417998,
    0.20037017842023835,
    0.0414708593701738,
    0.03559432714795174,
    0.041619639453439675,
    0.023447318270766408,
    0.037896780480949015,
    0.03475727669555311,
    0.022436243660114888,
    0.051568450392626426,
    0.21727237879953726,
    0.24850242850764254,
    0.20034391038894805,
    0.20692753545895595,
    0.1773893157716506,
    0.19640775715732592,
    0.2588859238303522,
    0.20785866430331376,
    0.03938403495438527,
    0.041000498385620025,
    0.04275148151478535,
    0.038254580670647506,
    0.033609393170045236,
    0.04290765720202737,
    0.17529160614272601,
    0.00011804742802053364,
    0.17700613984586097,
    0.2897087288079089,
    0.22342042985890154,
    0.24904969101437824,
    0.19865322602035157,
    0.20140644581451675,
    0.23496509413203542,
    0.17035158238028072,
    0.25441964668837086,
    0.040307793583195174,
    0.03920423140742533,
    0.11632393511263654,
    0.023921522488389375,
    0.22628908990979207,
    0.03179013396577556,
    0.7307710403459535,
    0.22668533364284177,
    0.2736832358318307,
    0.268792524264666,
    0.2447602612734159,
    0.21960782319260805,
    0.2174293442260294,
    0.17780745274757337,
    0.20922741390150654,
    0.2403493719589113,
    0.03455424054597247,
    0.03841540220428331,
    0.03558665849095588,
    0.06254329762397837,
    0.027454856432117748,
    0.20610046715428895,
    0.03330921050588471,
    0.045610855615068016,
    0.2128348956502842,
    0.20406420558999241,
    0.25397613387609286,
    0.1752932126006259,
    0.19686575578863522,
    0.20427427913190416,
    0.2467139416749501,
    0.19489193982065176,
    0.03802220892782779,
    0.03830017317790032,
    0.04269006056981716,
    0.07698117359908963,
    0.037803972349651556,
    0.025551178796301612,
    0.05692573630898963,
    7.999727756259443e-06,
    0.25608294500795553,
    0.2067732127962361,
    0.2677325928952773,
    0.19214118652406528,
    0.23969083060052762,
    0.24229137895748107,
    0.22478949294125078,
    0.23853208371364673,
    0.037334403815196836,
    0.03929408687355097,
    0.041023361913918366,
    0.035269761609577864,
    0.03587521109047243,
    0.036248824876177914,
    0.028934387161407445,
    0.05058974233971128,
    0.2919485731217118,
    0.2054899096634626,
    0.20324480009713033,
    0.2779765219228313,
    0.26654827559587996,
    0.17657193378995867,
    0.19541073678522328,
    0.23663548730302683,
    0.2256364620992704,
    0.03852788554879676,
    0.037473204632487114,
    0.0256004886435671,
    0.04225343387964312,
    0.039506665496006635,
    0.05460219198918999,
    0.0001456962528702539,
    0.20737490874411318,
    0.25069166097019197,
    0.20069762946809183,
    0.26307234558881426,
    0.22333448367631828,
    0.21653613411131412,
    0.1942406459015501,
    0.21976207218821997,
    0.20702171903873384,
    0.0349162669521685,
    0.04029859812166696,
    0.040461854828038844,
    0.03661329101646289,
    0.036355094504111715,
    0.03052152009774194,
    0.04209751205319916,
    0.15290794797213147,
    0.19466105823824684,
    0.20705825798407182,
    0.1837916080592489,
    0.17413994035582575,
    0.2701257061409216,
    0.19755183152756953,
    0.21188396429816192,
    0.24093420301363108,
    0.03733876939777234,
    0.04054579578802893,
    0.03651100485196979,
    0.03563281075301216,
    0.03702499252369061,
    0.0435814516281768,
    0.03537996947891432,
    0.04206507784999026,
    0.21947136570410058,
    0.18362930301337801,
    0.2765748731402665,
    0.21134424269122246,
    0.22918737234455175,
    0.18344703604694454,
    0.21389512456361276,
    0.17622416470621566,
    0.03487133836148346,
    0.03821027137384779,
    0.042876562034910505,
    0.046505319809086815,
    0.03894067776903225,
    0.22456364939473844,
    0.03743852439683383,
    0.049686249014437994,
    0.23789800910641898,
    0.21517693106198235,
    0.20816097273078574,
    0.2275702548141852,
    0.19820885388075848,
    0.25303260987534015,
    0.21591510223303556,
    0.1967269120252571,
    0.04051988049622201,
    0.03649930026718872,
    0.03602948768093616,
    0.03475296463412718,
    0.033505980802215396,
    0.039363144495667635,
    0.14710701990753036,
    0.00010721175218342878,
    0.20908865208090507,
    0.17683205498654364,
    0.19948182553903723,
    0.23061612593669337,
    0.20171049740762942,
    0.19456888898778785,
    0.2505655359589024,
    0.23113678320904882,
    0.22549385406671824,
    0.037410821006288,
    0.03588443714187828,
    0.0,
    0.03265231887869605,
    0.036681339830235055,
    0.03414531435825868,
    5.669900090567995e-05,
    0.22206461141270661,
    0.274351356904629,
    0.20622622742525976,
    0.21165223586708679,
    0.1858386494913543,
    0.1798854655914309,
    0.20333450452977714,
    0.16535660549635842,
    0.23215749728177204,
    0.03977213645872848,
    0.03550240258923162,
    0.041011783660743095,
    0.023152326314949682,
    0.03941747469383705,
    0.03857968635288312,
    0.09590306601328275,
    0.0655852431395031,
    0.2189607820199397,
    0.21807212653988514,
    0.24493101311764007,
    0.20406321519317902,
    0.23641396707687617,
    0.2106495547557725,
    0.2250783862910268,
    0.18317887178825124,
    0.04090290482180966,
    0.03608994387528928,
    0.03647607312292907,
    0.040277724302218654,
    0.04077779839829881,
    0.03295704750164436,
    0.03254861840324426,
    0.04671594232651932,
    0.20775741255202468,
    0.2640794726431507,
    0.20190261079978022,
    0.18088682516324386,
    0.1918946862929232,
    0.20665302600549781,
    0.21768100247687758,
    0.213272622530034,
    0.04003289685384027,
    0.04162127599530445,
    0.04150096226569206,
    0.04925945143682537,
    0.035340254364278505,
    0.04157502737966385,
    0.039212592004091294,
    5.6127730592939275e-05,
    0.2643728618093761,
    0.19562244158827172,
    0.18041277205307593,
    0.24601632532297055,
    0.2310940516131666,
    0.18285021585653696,
    0.2155457300520532,
    0.17834458928986838,
    0.038588159940058334,
    0.03782624910284254,
    0.04127625067589668,
    0.07225265210346948,
    0.07964813829314647,
    0.034552244737490224,
    0.034257119685042255,
    0.052530601916400035,
    0.2715869531951165,
    0.18094887376608867,
    0.21349672811624107,
    0.24146647053867448,
    0.18183358764954616,
    0.2392884905421997,
    0.23262944238092392,
    0.17429344228497937,
    0.2156018448075884,
    0.038595033026091255,
    0.03555188559856681,
    0.16998439173571736,
    0.025931419140781488,
    0.036568268393541076,
    0.2159564010385445,
    0.047141286400329524,
    0.24700095122806062,
    0.19470017026318048,
    0.26087020441294434,
    0.25926579049509274,
    0.19463648933432826,
    0.1821251329168374,
    0.18916929490487008,
    0.2227861271266528,
    0.19475271277415265,
    0.04099549160510262,
    0.03651348035338401,
    0.0362960379319671,
    0.036448730903642486,
    0.1789105340059106,
    0.10468243525274801,
    0.17653827289555007,
    0.0435129353377294,
    0.23267798666087733,
    0.21472959517024648,
    0.1704777767165704,
    0.18912689957750714,
    0.17867681824555304,
    0.17762628343918926,
    0.179567355558051,
    0.18531613180462148,
    0.039158332932476836,
    0.03908075090535081,
    0.04013274852235625,
    0.02530760648915703,
    0.03501963006340066,
    0.03409197752072765,
    0.1287329898255619,
    0.07453526782572618,
    0.24274183568802585,
    0.20424989703198668,
    0.2384955371922801,
    0.2147720066233829,
    0.1736495740304538,
    0.17028862438699022,
    0.2748947793492749,
    0.1936313215028897,
    0.04021213409849536,
    0.03698310389553629,
    0.040339156826081066,
    0.02787193596842212,
    0.041473351366749935,
    0.029798010417483416,
    0.03621715055964128,
    8.147254048754773e-05,
    0.1830309475204354,
    0.2211048067535907,
    0.22474874847367,
    0.20370049342215224,
    0.20323324464332038,
    0.18555410781287288,
    0.20356470668094306,
    0.27234109167413845,
    0.10697038699523403,
    0.03618689171359256,
    0.04104347277819482,
    0.025861500242556255,
    0.037925007236362177,
    0.036368865225651074,
    0.033129961153986066,
    0.015242968926482622,
    0.1950262730699177,
    0.19294007500366173,
    0.2580152497362018,
    0.22670826885520062,
    0.2520367123231425,
    0.18559741555610232,
    0.19135538941820263,
    0.22603327880466173,
    0.17354866088854728,
    0.03702900365968853,
    0.03902550542680991,
    0.03489826254909054,
    0.029342128375511606,
    0.028789438123793348,
    0.03311475757481023,
    0.016789259857146674,
    0.0967001280508888,
    0.2232538166031072,
    0.22537754584582556,
    0.232449073102156,
    0.17044531050107903,
    0.2731773806714503,
    0.23947507973460141,
    0.20167010895325332,
    0.27280783936489533,
    0.04122528580853542,
    0.036670314968386644,
    0.04235614445287265,
    0.033615526742489396,
    0.0334255018990497,
    0.04306249374503298,
    0.29809706732251245,
    0.06420180635322416,
    0.2020962688038357,
    0.20812714953634912,
    0.22519520302587032,
    0.27250381911813937,
    0.2405033516378003,
    0.21972720723553216,
    0.16370006407777,
    0.16911995772883573,
    0.04006530858911194,
    0.04177108890052924,
    0.038848192274448336,
    0.039106730579192575,
    0.06945118801311051,
    0.03571857063133303,
    0.020855737492133274,
    0.0002525956776564527,
    0.18739329256899134,
    0.2195165221669835,
    0.20517171515581176,
    0.22228222374470996,
    0.23106149269533952,
    0.26648133224196613,
    0.2449878445184158,
    0.17278289935119487,
    0.0348470353714474,
    0.04059879327824255,
    0.03668946817280627,
    0.022556493308592204,
    0.714344697178759,
    0.03869036694179584,
    0.030217780531807407,
    0.0001099279668442192,
    0.2616142209237898,
    0.18633078282260399,
    0.21763514019037317,
    0.27914989734082957,
    0.2435417448874295,
    0.19534389603226968,
    0.20416836723586199,
    0.16558180656491664,
    0.23617494119541452,
    0.04084354753568801,
    0.04204789756391134,
    0.0,
    0.007475505413328086,
    0.041510975470240456,
    0.026070358257981093,
    0.08680606901839975,
    0.1871863434826385,
    0.22443017181565567,
    0.2581360155948105,
    0.2117989151329356,
    0.1804850601314245,
    0.20876985666195716,
    0.21322117535491558,
    0.1837010011579021,
    0.23803287179442392,
    0.03508161428980099,
    0.03533052078868726,
    0.04103028284691972,
    0.027611123139751767,
    0.034521412456959034,
    0.022028760654079917,
    0.025531341424481484,
    0.05047494531302823,
    0.2328851762884374,
    0.23299380835787642,
    0.22714863674807687,
    0.2022949435542587,
    0.23805302972873812,
    0.1988821593289299,
    0.25740905226028876,
    0.19390074255809922,
    0.038546789008227125,
    0.040573615765677466,
    0.042893203510658784,
    0.024292196409561633,
    0.037587424521714895,
    0.03701076746941635,
    0.03620907854000736,
    0.08837536091323939,
    0.24683009758742622,
    0.1988785551872873,
    0.2125790646627635,
    0.24071520219018758,
    0.18506371152532852,
    0.166778933367521,
    0.1855726793887257,
    0.2033625764261707,
    0.03906589263007333,
    0.04040844376244687,
    0.036185529561841186,
    0.024827737439495446,
    0.039182323042373075,
    0.04066381810916881,
    0.024104658096275065,
    0.00010432559898145137,
    0.24924376607920193,
    0.2690140150065654,
    0.20379370258623544,
    0.25870570442683266,
    0.22362750762263878,
    0.2140048315160005,
    0.22307233407191765,
    0.23704021730960725,
    0.03690624682134472,
    0.03627895415835589,
    0.03755750881196466,
    0.033563873362107595,
    0.0018976047688948853,
    0.03528485369003842,
    0.0332150352561014,
    7.172303136972026e-05,
    0.19034637226569448,
    0.21893054971195675,
    0.19187006492174352,
    0.2620302031645692,
    0.21276720946225364,
    0.20668701023364228,
    0.22693264082643452,
    0.17347072820301304,
    0.19592160751451587,
    0.038023195545968176,
    0.03615447251786671,
    0.04370799140465159,
    0.03749738596239844,
    0.03649903881459719,
    0.035525077762315505,
    0.7733030694648755,
    0.18283233988432815,
    0.24469851637068793,
    0.20836665827705925,
    0.20001262962867755,
    0.2511067029939551,
    0.2633988892847395,
    0.19728902628974496,
    0.23097720685806236,
    0.19749555708636385,
    0.04009718491750564,
    0.039781387630891174,
    0.040155336212001985,
    0.12433055609294216,
    0.08724760576061792,
    0.03630464591218588,
    0.02478924444451287,
    0.05627058333636797,
    0.21963403702767773,
    0.22855588929257933,
    0.24448281750569498,
    0.1967580165536837,
    0.25517467230036267,
    0.24397184263687438,
    0.1889816069446543,
    0.1978284407322606,
    0.036092668529706336,
    0.04091612626854268,
    0.04019098085144192,
    0.027567467417802083,
    0.03932646411713733,
    0.035732683683024014,
    0.029994708850396984,
    0.04965714689212577,
    0.20017541931042399,
    0.2155816933325389,
    0.22478329575604208,
    0.25944060413515874,
    0.24166697652668928,
    0.17445878161296077,
    0.24528892004228228,
    0.17864187412459018,
    0.03814997925946597,
    0.040762150283663784,
    0.03632345385763669,
    0.023393478518738228,
    0.023601450155350055,
    0.037736526340408486,
    0.019621534587352444,
    0.00020069679358955393,
    0.19317378089322917,
    0.29369268127509957,
    0.2712656337501192,
    0.16828158938651436,
    0.1843848112950117,
    0.25757590740524,
    0.2180470310981452,
    0.2465135971684213,
    0.11064122951825833,
    0.03625356151485683,
    0.036194083434893484,
    0.09298631457792543,
    0.024795343407181515,
    0.040594760100942304,
    0.03369919062840164,
    3.56941296840249e-05,
    0.2378866114911276,
    0.2080056543332566,
    0.17635030485156022,
    0.22314428738024666,
    0.20002196806083097,
    0.23348764260808416,
    0.19890651245906082,
    0.2182729888190598,
    0.20721992356382685,
    0.035698326595806566,
    0.03706276084698695,
    0.042767528155767676,
    0.04052997647817785,
    0.039958233950016506,
    0.027672662680109324,
    0.029020185862286007,
    0.06446602636901395,
    0.22066982945739885,
    0.20368751290694842,
    0.214559354434268,
    0.20443192908003435,
    0.2458864419643494,
    0.17427618209521378,
    0.19251242580264916,
    0.22311696079530322,
    0.03988247694085011,
    0.03780123680412138,
    0.03729079810386191,
    0.004878600136443533,
    0.06472784597920858,
    0.18011502529177675,
    0.05164376838496356,
    0.0461206513656255,
    0.1781017878134211,
    0.27529713142563733,
    0.17633082861507512,
    0.1771550611020039,
    0.24546833083270406,
    0.23930412310622937,
    0.19919695989757355,
    0.2468187550573332,
    0.0413080200667135,
    0.04137501910184015,
    0.03658602802537007,
    0.030655576260267155,
    0.03855760091144646,
    0.04924472713503524,
    0.05612613655786215,
    0.054564356582627635,
    0.3032991817210524,
    0.2659379784071616,
    0.19246397836804943,
    0.1963632132557792,
    0.21011544479833993,
    0.26632908040975206,
    0.2667582076090014,
    0.1935883071142564,
    0.03675217617494535,
    0.03723215029998207,
    0.04146216787877787,
    0.021996023943116963,
    0.0741003033992446,
    0.03285593955048657,
    0.034038660246131926,
    0.05098390686706227,
    0.26315298663263337,
    0.2700168450614985,
    0.28731919834394226,
    0.19380970915013682,
    0.2107118347787249,
    0.19320400037617985,
    0.17251744631514612,
    0.26955628767280604,
    0.1900947836031338,
    0.03468781819833122,
    0.03794183235765473,
    0.0,
    0.03520096328417346,
    0.03637690403169609,
    0.03559251924755437,
    0.004597518302368363,
    0.2681185094247863,
    0.2126423982144522,
    0.22780249806291347,
    0.24422756873127655,
    0.2602678220984225,
    0.25407834845057464,
    0.21200504014212712,
    0.2238956623227926,
    0.20019688396013238,
    0.03918038842051669,
    0.03791650988677766,
    0.041843915362872054,
    0.02347057122336262,
    0.2476460292618927,
    0.026748888257372642,
    0.2291544355559457,
    0.05745216615880941,
    0.2315508725876687,
    0.21126807097714503,
    0.23339175103728615,
    0.23912076919674025,
    0.23787878307428642,
    0.22258144894374557,
    0.2616299229962508,
    0.18985064714742692,
    0.035877665411942115,
    0.03963052268100235,
    0.04043211698713254,
    0.032100399834112184,
    5.03328476273874e-05,
    0.03644066676844695,
    0.17317013036816514,
    0.0500891650708295,
    0.2361511482392932,
    0.2045812150616165,
    0.18203870621875107,
    0.24660353513590086,
    0.19523106700829718
  ],
  "profiler_note": "Captured Quadrants graphs are omitted by the kernel profiler; stage wall times include them.",
  "dofs": 2430,
  "tetrahedra": 480,
  "method_selected": "inverse",
  "surface_inverse_selected": true,
  "build_timings_including_JIT": {
    "topology_seconds": 0.18673974461853504,
    "operators_seconds": 0.99778276309371,
    "factor_seconds": 14.102400099858642,
    "inverse_seconds": 0.38479712838307023,
    "surface_inverse_seconds": 0.28681783471256495
  },
  "stress_configurations": [
    {
      "mesh": "/mnt/home/zhaofeng/workspace/Genesis/.worktrees/rigid-stress-recovery/examples/rigid/assets/hollow_egg/level1/elastic.npz",
      "young": 10000000000.0,
      "poisson": 0.3,
      "density": 2000.0,
      "contact_radius": 0.006,
      "quadrature": 10,
      "tolerance": 1e-08,
      "absolute_tolerance": 1e-11,
      "max_iterations": 2000,
      "warm_start": true,
      "history_size": 0,
      "method": "auto",
      "cooperative_solve": true,
      "cooperative_pressure": true,
      "cooperative_scatter": true,
      "inverse_max_bytes": 67108864,
      "inverse_precision": "64",
      "surface_inverse": true,
      "inverse_corrections": 2,
      "preconditioner": "block"
    }
  ],
  "native_buffers": [
    {
      "name": "stress.0.info.vertices",
      "shape": [
        810,
        3
      ],
      "dtype": "torch.float64",
      "bytes": 19440,
      "kind": 1
    },
    {
      "name": "stress.0.info.elements",
      "shape": [
        480,
        10
      ],
      "dtype": "torch.int32",
      "bytes": 19200,
      "kind": 1
    },
    {
      "name": "stress.0.info.surface_nodes",
      "shape": [
        80,
        6
      ],
      "dtype": "torch.int32",
      "bytes": 1920,
      "kind": 1
    },
    {
      "name": "stress.0.info.edges",
      "shape": [
        6,
        2
      ],
      "dtype": "torch.int32",
      "bytes": 48,
      "kind": 1
    },
    {
      "name": "stress.0.info.gradients",
      "shape": [
        480,
        4,
        3
      ],
      "dtype": "torch.float64",
      "bytes": 46080,
      "kind": 1
    },
    {
      "name": "stress.0.info.volumes",
      "shape": [
        480
      ],
      "dtype": "torch.float64",
      "bytes": 3840,
      "kind": 1
    },
    {
      "name": "stress.0.info.row_start",
      "shape": [
        811
      ],
      "dtype": "torch.int32",
      "bytes": 3244,
      "kind": 1
    },
    {
      "name": "stress.0.info.columns",
      "shape": [
        20274
      ],
      "dtype": "torch.int32",
      "bytes": 81096,
      "kind": 1
    },
    {
      "name": "stress.0.info.element_entries",
      "shape": [
        480,
        10,
        10
      ],
      "dtype": "torch.int32",
      "bytes": 192000,
      "kind": 1
    },
    {
      "name": "stress.0.info.stiffness",
      "shape": [
        20274,
        3,
        3
      ],
      "dtype": "torch.float64",
      "bytes": 1459728,
      "kind": 1
    },
    {
      "name": "stress.0.info.mass",
      "shape": [
        20274
      ],
      "dtype": "torch.float64",
      "bytes": 162192,
      "kind": 1
    },
    {
      "name": "stress.0.info.modes",
      "shape": [
        810,
        3,
        6
      ],
      "dtype": "torch.float64",
      "bytes": 116640,
      "kind": 1
    },
    {
      "name": "stress.0.info.mass_modes",
      "shape": [
        810,
        3,
        6
      ],
      "dtype": "torch.float64",
      "bytes": 116640,
      "kind": 1
    },
    {
      "name": "stress.0.info.centrifugal",
      "shape": [
        810,
        3,
        6
      ],
      "dtype": "torch.float64",
      "bytes": 116640,
      "kind": 1
    },
    {
      "name": "stress.0.info.gram",
      "shape": [
        6,
        6
      ],
      "dtype": "torch.float64",
      "bytes": 288,
      "kind": 1
    },
    {
      "name": "stress.0.info.gram_inverse",
      "shape": [
        6,
        6
      ],
      "dtype": "torch.float64",
      "bytes": 288,
      "kind": 1
    },
    {
      "name": "stress.0.info.pins",
      "shape": [
        6
      ],
      "dtype": "torch.int32",
      "bytes": 24,
      "kind": 1
    },
    {
      "name": "stress.0.info.is_free",
      "shape": [
        810,
        3
      ],
      "dtype": "torch.int32",
      "bytes": 9720,
      "kind": 1
    },
    {
      "name": "stress.0.info.diagonal_inverse",
      "shape": [
        810,
        3,
        3
      ],
      "dtype": "torch.float64",
      "bytes": 58320,
      "kind": 1
    },
    {
      "name": "stress.0.info.scalar_diagonal_inverse",
      "shape": [
        810,
        3
      ],
      "dtype": "torch.float64",
      "bytes": 19440,
      "kind": 1
    },
    {
      "name": "stress.0.info.mass_properties",
      "shape": [
        4
      ],
      "dtype": "torch.float64",
      "bytes": 32,
      "kind": 1
    },
    {
      "name": "stress.0.factor.order",
      "shape": [
        810
      ],
      "dtype": "torch.int32",
      "bytes": 3240,
      "kind": 1
    },
    {
      "name": "stress.0.factor.row_start",
      "shape": [
        811
      ],
      "dtype": "torch.int32",
      "bytes": 3244,
      "kind": 1
    },
    {
      "name": "stress.0.factor.columns",
      "shape": [
        66669
      ],
      "dtype": "torch.int32",
      "bytes": 266676,
      "kind": 1
    },
    {
      "name": "stress.0.factor.sources",
      "shape": [
        66669
      ],
      "dtype": "torch.int32",
      "bytes": 266676,
      "kind": 1
    },
    {
      "name": "stress.0.factor.column_start",
      "shape": [
        811
      ],
      "dtype": "torch.int32",
      "bytes": 3244,
      "kind": 1
    },
    {
      "name": "stress.0.factor.rows",
      "shape": [
        66669
      ],
      "dtype": "torch.int32",
      "bytes": 266676,
      "kind": 1
    },
    {
      "name": "stress.0.factor.transpose_entries",
      "shape": [
        66669
      ],
      "dtype": "torch.int32",
      "bytes": 266676,
      "kind": 1
    },
    {
      "name": "stress.0.factor.lower",
      "shape": [
        66669,
        3,
        3
      ],
      "dtype": "torch.float64",
      "bytes": 4800168,
      "kind": 1
    },
    {
      "name": "stress.0.factor.diagonal",
      "shape": [
        810,
        3,
        3
      ],
      "dtype": "torch.float64",
      "bytes": 58320,
      "kind": 1
    },
    {
      "name": "stress.0.factor.diagonal_inverse",
      "shape": [
        810,
        3,
        3
      ],
      "dtype": "torch.float64",
      "bytes": 58320,
      "kind": 1
    },
    {
      "name": "stress.0.factor.valid",
      "shape": [],
      "dtype": "torch.bool",
      "bytes": 1,
      "kind": 1
    },
    {
      "name": "stress.0.inverse.blocks",
      "shape": [
        810,
        810,
        3,
        3
      ],
      "dtype": "torch.float64",
      "bytes": 47239200,
      "kind": 1
    },
    {
      "name": "stress.0.surface_inverse.nodes",
      "shape": [
        162
      ],
      "dtype": "torch.int32",
      "bytes": 648,
      "kind": 1
    },
    {
      "name": "stress.0.surface_inverse.force_blocks",
      "shape": [
        810,
        162,
        3,
        3
      ],
      "dtype": "torch.float64",
      "bytes": 9447840,
      "kind": 1
    },
    {
      "name": "stress.0.surface_inverse.centrifugal",
      "shape": [
        810,
        3,
        6
      ],
      "dtype": "torch.float64",
      "bytes": 116640,
      "kind": 1
    },
    {
      "name": "stress.0.surface.gauss",
      "shape": [
        10
      ],
      "dtype": "torch.float64",
      "bytes": 80,
      "kind": 1
    },
    {
      "name": "stress.0.surface.gauss_weights",
      "shape": [
        10
      ],
      "dtype": "torch.float64",
      "bytes": 80,
      "kind": 1
    },
    {
      "name": "stress.0.surface.positions",
      "shape": [
        8000,
        3
      ],
      "dtype": "torch.float64",
      "bytes": 192000,
      "kind": 1
    },
    {
      "name": "stress.0.surface.weights",
      "shape": [
        8000
      ],
      "dtype": "torch.float64",
      "bytes": 64000,
      "kind": 1
    },
    {
      "name": "stress.0.surface.shape",
      "shape": [
        100,
        6
      ],
      "dtype": "torch.float64",
      "bytes": 4800,
      "kind": 1
    },
    {
      "name": "stress.0.surface.face_origin",
      "shape": [
        80,
        3
      ],
      "dtype": "torch.float64",
      "bytes": 1920,
      "kind": 1
    },
    {
      "name": "stress.0.surface.face_edges",
      "shape": [
        80,
        2,
        3
      ],
      "dtype": "torch.float64",
      "bytes": 3840,
      "kind": 1
    },
    {
      "name": "stress.0.surface.face_dual",
      "shape": [
        80,
        2,
        3
      ],
      "dtype": "torch.float64",
      "bytes": 3840,
      "kind": 1
    },
    {
      "name": "stress.0.surface.face_normal",
      "shape": [
        80,
        3
      ],
      "dtype": "torch.float64",
      "bytes": 1920,
      "kind": 1
    },
    {
      "name": "stress.0.surface.grid.bounds",
      "shape": [
        2,
        3
      ],
      "dtype": "torch.float64",
      "bytes": 48,
      "kind": 1
    },
    {
      "name": "stress.0.surface.grid.cell_size",
      "shape": [],
      "dtype": "torch.float64",
      "bytes": 8,
      "kind": 1
    },
    {
      "name": "stress.0.surface.grid.starts",
      "shape": [
        4097
      ],
      "dtype": "torch.int32",
      "bytes": 16388,
      "kind": 1
    },
    {
      "name": "stress.0.surface.grid.samples",
      "shape": [
        8000
      ],
      "dtype": "torch.int32",
      "bytes": 32000,
      "kind": 1
    },
    {
      "name": "stress.0.state.force",
      "shape": [
        810,
        1024,
        3
      ],
      "dtype": "torch.float64",
      "bytes": 19906560,
      "kind": 6
    },
    {
      "name": "stress.0.state.rhs",
      "shape": [
        810,
        1024,
        3
      ],
      "dtype": "torch.float64",
      "bytes": 19906560,
      "kind": 6
    },
    {
      "name": "stress.0.state.displacement",
      "shape": [
        810,
        1024,
        3
      ],
      "dtype": "torch.float64",
      "bytes": 19906560,
      "kind": 4
    },
    {
      "name": "stress.0.state.residual",
      "shape": [
        810,
        1024,
        3
      ],
      "dtype": "torch.float64",
      "bytes": 19906560,
      "kind": 6
    },
    {
      "name": "stress.0.state.wrench",
      "shape": [
        1024,
        6
      ],
      "dtype": "torch.float64",
      "bytes": 49152,
      "kind": 6
    },
    {
      "name": "stress.0.state.rhs_norm_squared",
      "shape": [
        1024
      ],
      "dtype": "torch.float64",
      "bytes": 8192,
      "kind": 6
    },
    {
      "name": "stress.0.state.residual_norm_squared",
      "shape": [
        1024
      ],
      "dtype": "torch.float64",
      "bytes": 8192,
      "kind": 6
    },
    {
      "name": "stress.0.state.residual_preconditioned",
      "shape": [
        1024
      ],
      "dtype": "torch.float64",
      "bytes": 8192,
      "kind": 6
    },
    {
      "name": "stress.0.state.next_residual_preconditioned",
      "shape": [
        1024
      ],
      "dtype": "torch.float64",
      "bytes": 8192,
      "kind": 6
    },
    {
      "name": "stress.0.state.direction_product",
      "shape": [
        1024
      ],
      "dtype": "torch.float64",
      "bytes": 8192,
      "kind": 6
    },
    {
      "name": "stress.0.state.active",
      "shape": [
        1024
      ],
      "dtype": "torch.int32",
      "bytes": 4096,
      "kind": 6
    },
    {
      "name": "stress.0.state.iterations",
      "shape": [
        1024
      ],
      "dtype": "torch.int32",
      "bytes": 4096,
      "kind": 6
    },
    {
      "name": "stress.0.state.peak",
      "shape": [
        1024
      ],
      "dtype": "torch.float64",
      "bytes": 8192,
      "kind": 6
    },
    {
      "name": "stress.0.state.step_peak",
      "shape": [
        1024
      ],
      "dtype": "torch.float64",
      "bytes": 8192,
      "kind": 5
    },
    {
      "name": "stress.0.state.step_valid",
      "shape": [
        1024
      ],
      "dtype": "torch.bool",
      "bytes": 1024,
      "kind": 5
    },
    {
      "name": "stress.0.state.valid",
      "shape": [
        1024
      ],
      "dtype": "torch.bool",
      "bytes": 1024,
      "kind": 6
    },
    {
      "name": "stress.0.state.corrections",
      "shape": [
        1024
      ],
      "dtype": "torch.int32",
      "bytes": 4096,
      "kind": 6
    },
    {
      "name": "stress.0.state.fallbacks",
      "shape": [
        1024
      ],
      "dtype": "torch.int32",
      "bytes": 4096,
      "kind": 6
    },
    {
      "name": "stress.0.contacts.position",
      "shape": [
        750,
        1024,
        3
      ],
      "dtype": "torch.float64",
      "bytes": 18432000,
      "kind": 6
    },
    {
      "name": "stress.0.contacts.center",
      "shape": [
        750,
        1024,
        3
      ],
      "dtype": "torch.float64",
      "bytes": 18432000,
      "kind": 6
    },
    {
      "name": "stress.0.contacts.anchor_face",
      "shape": [
        750,
        1024
      ],
      "dtype": "torch.int32",
      "bytes": 3072000,
      "kind": 6
    },
    {
      "name": "stress.0.contacts.is_refined",
      "shape": [
        750,
        1024
      ],
      "dtype": "torch.bool",
      "bytes": 768000,
      "kind": 6
    },
    {
      "name": "stress.0.contacts.force",
      "shape": [
        750,
        1024,
        3
      ],
      "dtype": "torch.float64",
      "bytes": 18432000,
      "kind": 6
    },
    {
      "name": "stress.0.contacts.normal",
      "shape": [
        750,
        1024,
        3
      ],
      "dtype": "torch.float64",
      "bytes": 18432000,
      "kind": 6
    },
    {
      "name": "stress.0.contacts.friction",
      "shape": [
        750,
        1024
      ],
      "dtype": "torch.float64",
      "bytes": 6144000,
      "kind": 6
    },
    {
      "name": "stress.0.contacts.radius",
      "shape": [
        750,
        1024
      ],
      "dtype": "torch.float64",
      "bytes": 6144000,
      "kind": 2
    },
    {
      "name": "stress.0.contacts.valid",
      "shape": [
        750,
        1024
      ],
      "dtype": "torch.bool",
      "bytes": 768000,
      "kind": 6
    },
    {
      "name": "stress.0.contacts.coefficient",
      "shape": [
        750,
        1024,
        3
      ],
      "dtype": "torch.float64",
      "bytes": 18432000,
      "kind": 6
    },
    {
      "name": "stress.0.contacts.weight_sum",
      "shape": [
        750,
        1024
      ],
      "dtype": "torch.float64",
      "bytes": 6144000,
      "kind": 6
    },
    {
      "name": "stress.0.contacts.status",
      "shape": [
        750,
        1024
      ],
      "dtype": "torch.int32",
      "bytes": 3072000,
      "kind": 6
    },
    {
      "name": "stress.0.contacts.force_error",
      "shape": [
        750,
        1024
      ],
      "dtype": "torch.float64",
      "bytes": 6144000,
      "kind": 6
    },
    {
      "name": "stress.0.contacts.moment_error",
      "shape": [
        750,
        1024
      ],
      "dtype": "torch.float64",
      "bytes": 6144000,
      "kind": 6
    },
    {
      "name": "stress.0.contacts.candidate_count",
      "shape": [
        750,
        1024
      ],
      "dtype": "torch.int32",
      "bytes": 3072000,
      "kind": 6
    },
    {
      "name": "stress.0.contacts.evaluations",
      "shape": [
        750,
        1024
      ],
      "dtype": "torch.int32",
      "bytes": 3072000,
      "kind": 6
    },
    {
      "name": "stress.0.contacts.active_pairs",
      "shape": [
        768000,
        2
      ],
      "dtype": "torch.int32",
      "bytes": 6144000,
      "kind": 6
    },
    {
      "name": "stress.0.contacts.active_count",
      "shape": [],
      "dtype": "torch.int32",
      "bytes": 4,
      "kind": 6
    },
    {
      "name": "stress.0.contacts.frame_position",
      "shape": [
        1024,
        3
      ],
      "dtype": "torch.float64",
      "bytes": 24576,
      "kind": 6
    },
    {
      "name": "stress.0.contacts.frame_quaternion",
      "shape": [
        1024,
        4
      ],
      "dtype": "torch.float64",
      "bytes": 32768,
      "kind": 6
    },
    {
      "name": "stress.0.omega",
      "shape": [
        1024,
        3
      ],
      "dtype": "torch.float64",
      "bytes": 24576,
      "kind": 6
    }
  ],
  "native_buffer_bytes": 288226405,
  "native_allocation_count": 88,
  "torch_peak_allocated_bytes": 2527744,
  "device_free_bytes": 98230075392,
  "trace": "face-profile-b1024-v1.trace.json"
}
