[Quadrants] version 1.3.3, llvm 22.1.0, commit 00423caa, linux, python 3.10.12
[38;5;226m[Genesis] [20:51:49] [WARNING] (MJCF) Approximating tendon by joint actuator for `finger_joint1`[0m
[38;5;226m[Genesis] [20:51:49] [WARNING] (MJCF) Approximating tendon by joint actuator for `finger_joint2`[0m
[38;5;226m[Genesis] [20:51:54] [WARNING] Neutral robot position (qpos0) exceeds joint limits.[0m
[38;5;226m[Genesis] [20:51:54] [WARNING] Constraint solver time constant should be greater than 2*substep_dt. timeconst is changed from `0.005` to `0.02`). Decrease simulation timestep or increase timeconst to avoid altering the original value.[0m
[38;5;226m[Genesis] [20:51:56] [WARNING] Filtered out geometry pairs causing self-collision for the neutral configuration (qpos0): (6, 11), (7, 11), (14, 21), (15, 20), (16, 23), (17, 22). Consider tuning Morph option 'decompose_robot_error_threshold' or specify dedicated collision meshes. This behavior can be disabled by setting Morph option 'enable_neutral_collision=True'.[0m
libEGL warning: failed to open /dev/dri/renderD135: Permission denied

libEGL warning: failed to open /dev/dri/card8: Permission denied

libEGL warning: failed to open /dev/dri/renderD134: Permission denied

libEGL warning: failed to open /dev/dri/card7: Permission denied

libEGL warning: failed to open /dev/dri/renderD133: Permission denied

libEGL warning: failed to open /dev/dri/card6: Permission denied

libEGL warning: failed to open /dev/dri/renderD132: Permission denied

libEGL warning: failed to open /dev/dri/card5: Permission denied

libEGL warning: failed to open /dev/dri/renderD131: Permission denied

libEGL warning: failed to open /dev/dri/card4: Permission denied

libEGL warning: failed to open /dev/dri/renderD130: Permission denied

libEGL warning: failed to open /dev/dri/card3: Permission denied

libEGL warning: failed to open /dev/dri/renderD129: Permission denied

libEGL warning: failed to open /dev/dri/card2: Permission denied

libEGL warning: failed to open /dev/dri/renderD128: Permission denied

libEGL warning: failed to open /dev/dri/card1: Permission denied

[W 10/10/26 20:52:59.099 4144887] use 'qd.init(kernel_profiler = True)' to turn on KernelProfiler.
[W 10/10/26 20:52:59.304 4144887] use 'qd.init(kernel_profiler = True)' to turn on KernelProfiler.
{
  "scope": "profile",
  "envs": 1024,
  "level": 1,
  "precision": "64",
  "quadrature": 10,
  "dt": 0.01,
  "substeps": 1,
  "varied": true,
  "seed": 623001,
  "load_model": "finite_pad_adaptive_q10",
  "condition_count": 1024,
  "conditions": null,
  "conditions_sha256": null,
  "cooperative_solve": true,
  "cooperative_pressure": true,
  "cooperative_scatter": true,
  "cached_peak": true,
  "cached_face_bounds": true,
  "method": "auto",
  "inverse_precision": "64",
  "surface_inverse": true,
  "packed_surface_loads": true,
  "fused_pipeline": true,
  "output_mode": "max",
  "reset_mode": "saved_initial_state",
  "history": 0,
  "host": "rtx-209-187",
  "slurm_job_id": "704805",
  "source_revision": "943ffbd0-internal-1e-9-saved-reset",
  "arguments": {
    "scope": "profile",
    "envs": 1024,
    "level": 1,
    "steps": 50,
    "warmup": 900,
    "repetitions": 3,
    "minimum_seconds": 10.0,
    "varied": true,
    "seed": 623001,
    "source_revision": "943ffbd0-internal-1e-9-saved-reset",
    "conditions": null,
    "save_conditions": null,
    "serial_solve": false,
    "serial_pressure": false,
    "serial_scatter": false,
    "uncached_peak": false,
    "uncached_face_bounds": false,
    "method": "auto",
    "inverse_precision": "64",
    "full_inverse": false,
    "dense_surface_loads": false,
    "history": 0,
    "unfused_pipeline": false,
    "policy_precision": "32",
    "output_mode": "max",
    "legacy_reset": false,
    "trace": false,
    "compact_log": true,
    "output": "/mnt/data/zhaofeng/projects/workspace/Genesis/rigid-stress-recovery/runs/20261010-contact-repair/internal-budget-baseline-profile-b1024-v2.json"
  },
  "command": [
    "/mnt/data/zhaofeng/venvs/rigid-stress-recovery/bin/python",
    "examples/speed_benchmark/rigid_stress.py",
    "--scope",
    "profile",
    "--envs",
    "1024",
    "--seed",
    "623001",
    "--varied",
    "--steps",
    "50",
    "--warmup",
    "900",
    "--compact-log",
    "--output",
    "/mnt/data/zhaofeng/projects/workspace/Genesis/rigid-stress-recovery/runs/20261010-contact-repair/internal-budget-baseline-profile-b1024-v2.json"
  ],
  "source_sha256": {
    "/mnt/home/zhaofeng/workspace/Genesis/.worktrees/rigid-stress-recovery-contact/examples/speed_benchmark/rigid_stress.py": "ee8c86e402d10a7ea8145c165854314182cc87f7b3767dd8aaa139b49d6498cf",
    "examples/rigid/franka_egg_stress.py": "438435bcd487be65a0385e934d499fcf3f7ce91c7d19d016b4f6f5c298bfd399",
    "genesis/engine/solvers/rigid/rigid_solver.py": "639210a260da02b0b59b3814ae6a6cf27c6f8d540ce8800cdb36ea652b9cc510",
    "genesis/engine/solvers/rigid/stress/__init__.py": "17b4fa6e4eb64175b87586a6c7142b9fd2f5e88ba4321129d18e07e296adc5a6",
    "genesis/engine/solvers/rigid/stress/association.py": "0c265ddde597bb03f6f56da0f4c6063a3a530ce2a19f2dceaf3378e987f811b3",
    "genesis/engine/solvers/rigid/stress/contact.py": "cfa4875392f053c05585905a69aea0cbe61b928a34c06d025dc780a50cef1d8b",
    "genesis/engine/solvers/rigid/stress/data.py": "a11112172da6d3716333da06dd478fb7e117697b3faa16c507b9bb6c5e12db7a",
    "genesis/engine/solvers/rigid/stress/factor.py": "f2a059e88cf03b35a5fba2f88c3ac3f631a899d52cd841a6d268d9ccf087f81c",
    "genesis/engine/solvers/rigid/stress/grid.py": "f451674d257339ece41a258f22c7b95fe25d6fc51888854855de4320e26b9a90",
    "genesis/engine/solvers/rigid/stress/history.py": "559e046d3405afc260be5cd5a0de5712e490518e73aafc288642261c3959657c",
    "genesis/engine/solvers/rigid/stress/inverse.py": "b15ef055df018d96b92aa2b0be3d39d258b4cc59c83dbccdd9dcf0c173eb2a43",
    "genesis/engine/solvers/rigid/stress/lifecycle.py": "aec6ccc09b9da6fc15ea1c64e6716dee9325b3d05edaa7ac19b4419861c192fa",
    "genesis/engine/solvers/rigid/stress/model.py": "5bb085d2ef78ff80c575109429dc4fbe444010b72ec173902165a3d0000837b9",
    "genesis/engine/solvers/rigid/stress/operators.py": "40ad5e488e928a8f22efe0833f447afba7ef0e258bc3cffb5a0fe30bc1d416ff",
    "genesis/engine/solvers/rigid/stress/pipeline.py": "e174d7ebeb9a085f79987f95858e707ce1a32150a28b50e7a722e6fc0e7cf98a",
    "genesis/engine/solvers/rigid/stress/recovery.py": "dfacfbe854de8e1fd849c9a34faf2eb7b335667beb854746653b0253586be7d7",
    "genesis/engine/solvers/rigid/stress/solve.py": "4a965590022790d6b6bf7ff62ed4e0ee24cc227b5901f48139895409db29c807",
    "genesis/engine/solvers/rigid/stress/surface.py": "ed42707ee7c589db942a15835d40aba5194d2415b2c576ae0196987b94bb4fc1",
    "genesis/engine/solvers/rigid/stress/surface_inverse.py": "904a001a9c5a178399e770baa427b06f89f604fc1c48638ff870e2491f405bf4",
    "genesis/options/rigid_stress.py": "9421937ddc1b30e62fd82004a3313f86c16ccdb343cfe6b26e6f3c6ea8403732"
  },
  "gpu": "NVIDIA RTX PRO 6000 Blackwell Server Edition",
  "gpu_uuid": "GPU-8f5b7a87-a893-b8f7-88cd-b9d2aac84058",
  "gpu_total_bytes": 101975851008,
  "quadrants": [
    1,
    3,
    3
  ],
  "torch": "2.8.0",
  "setup_seconds": 59.19296290000784,
  "warmup_steps": 900,
  "policy": {
    "layers": [
      26,
      128,
      128,
      7
    ],
    "seed": 99173,
    "dtype": "float32",
    "residual_scale_rad": 0.0001,
    "scope": "inference rollout",
    "control_error_budget_rad": 1e-09,
    "warmup_reference_max_error_rad": 0.0
  },
  "stage_wall_ms": {
    "begin_step": 0.019135100301355124,
    "association_transform": 0.10767221974674612,
    "anchor_search": 0.12471541995182633,
    "candidate_weights_constraints": 1.1332573398249224,
    "nodal_scatter": 0.921493080095388,
    "inertia_relief_centrifugal": 0.3055308398324996,
    "rhs_reduction": 0.04174010013230145,
    "linear_solve": 0.8111964201088995,
    "complete_residual": 0.34855848003644496,
    "global_peak": 0.25094038050156087,
    "accept": 0.027865320444107056
  },
  "contacts_per_environment": [
    6,
    10,
    3,
    7,
    3,
    9,
    1,
    1,
    1,
    1,
    1,
    1,
    1,
    10,
    5,
    6,
    4,
    6,
    6,
    8,
    5,
    7,
    1,
    1,
    1,
    2,
    1,
    2,
    1,
    2,
    6,
    5,
    4,
    6,
    10,
    8,
    6,
    3,
    1,
    1,
    1,
    3,
    1,
    1,
    5,
    2,
    4,
    2,
    2,
    10,
    4,
    4,
    7,
    7,
    1,
    1,
    1,
    3,
    2,
    1,
    1,
    0,
    8,
    4,
    2,
    4,
    8,
    10,
    9,
    3,
    2,
    1,
    1,
    3,
    1,
    1,
    1,
    4,
    6,
    5,
    5,
    8,
    6,
    10,
    4,
    6,
    6,
    1,
    1,
    1,
    2,
    1,
    1,
    1,
    5,
    10,
    6,
    14,
    4,
    4,
    2,
    5,
    5,
    1,
    1,
    1,
    1,
    2,
    6,
    1,
    2,
    5,
    3,
    4,
    4,
    4,
    5,
    14,
    3,
    1,
    1,
    1,
    1,
    3,
    1,
    2,
    0,
    6,
    10,
    2,
    6,
    2,
    4,
    6,
    7,
    1,
    1,
    1,
    2,
    1,
    1,
    1,
    0,
    8,
    6,
    5,
    8,
    6,
    10,
    5,
    4,
    3,
    1,
    1,
    0,
    3,
    1,
    1,
    1,
    6,
    3,
    4,
    10,
    6,
    5,
    5,
    5,
    5,
    1,
    1,
    1,
    2,
    1,
    1,
    1,
    3,
    5,
    5,
    3,
    4,
    6,
    2,
    11,
    5,
    1,
    1,
    1,
    1,
    1,
    1,
    1,
    1,
    6,
    10,
    4,
    5,
    6,
    2,
    7,
    7,
    1,
    1,
    1,
    3,
    1,
    6,
    1,
    0,
    4,
    3,
    2,
    4,
    6,
    14,
    9,
    11,
    1,
    1,
    1,
    2,
    1,
    6,
    1,
    5,
    4,
    4,
    4,
    2,
    10,
    2,
    3,
    7,
    7,
    1,
    1,
    1,
    1,
    3,
    1,
    1,
    4,
    3,
    5,
    3,
    5,
    6,
    2,
    5,
    4,
    1,
    1,
    1,
    1,
    1,
    1,
    1,
    1,
    10,
    6,
    4,
    5,
    6,
    4,
    7,
    5,
    1,
    1,
    1,
    2,
    1,
    6,
    1,
    0,
    2,
    4,
    10,
    6,
    2,
    6,
    6,
    5,
    1,
    1,
    1,
    1,
    1,
    1,
    1,
    0,
    5,
    4,
    8,
    5,
    5,
    4,
    9,
    11,
    5,
    1,
    1,
    3,
    3,
    1,
    8,
    2,
    3,
    4,
    2,
    5,
    2,
    9,
    14,
    7,
    4,
    1,
    1,
    1,
    1,
    1,
    1,
    1,
    2,
    2,
    6,
    4,
    10,
    4,
    6,
    5,
    6,
    1,
    1,
    1,
    1,
    1,
    1,
    1,
    2,
    6,
    6,
    6,
    6,
    5,
    8,
    6,
    3,
    1,
    1,
    1,
    2,
    0,
    1,
    1,
    1,
    3,
    8,
    4,
    3,
    4,
    5,
    7,
    3,
    1,
    1,
    1,
    1,
    1,
    1,
    1,
    0,
    3,
    2,
    8,
    3,
    5,
    5,
    9,
    7,
    9,
    1,
    1,
    1,
    1,
    1,
    1,
    1,
    10,
    4,
    5,
    6,
    6,
    4,
    5,
    11,
    5,
    1,
    1,
    1,
    1,
    1,
    6,
    1,
    13,
    4,
    6,
    5,
    2,
    5,
    6,
    3,
    7,
    1,
    1,
    1,
    1,
    1,
    1,
    0,
    2,
    4,
    3,
    6,
    9,
    5,
    8,
    5,
    6,
    1,
    1,
    1,
    3,
    2,
    2,
    1,
    0,
    4,
    3,
    6,
    4,
    4,
    2,
    9,
    7,
    2,
    1,
    1,
    1,
    1,
    1,
    1,
    1,
    4,
    6,
    3,
    6,
    5,
    5,
    6,
    3,
    5,
    1,
    1,
    1,
    2,
    1,
    1,
    1,
    6,
    2,
    2,
    2,
    2,
    10,
    2,
    6,
    3,
    1,
    1,
    1,
    1,
    1,
    3,
    1,
    2,
    6,
    6,
    5,
    13,
    4,
    5,
    5,
    3,
    1,
    1,
    1,
    3,
    0,
    1,
    1,
    2,
    5,
    6,
    6,
    5,
    3,
    4,
    5,
    7,
    1,
    1,
    1,
    2,
    1,
    2,
    1,
    0,
    4,
    6,
    5,
    10,
    10,
    4,
    4,
    7,
    7,
    1,
    1,
    0,
    1,
    1,
    2,
    1,
    2,
    2,
    4,
    4,
    4,
    4,
    2,
    6,
    4,
    1,
    1,
    1,
    3,
    3,
    1,
    1,
    3,
    2,
    4,
    10,
    6,
    5,
    3,
    6,
    5,
    1,
    1,
    1,
    1,
    0,
    3,
    1,
    0,
    8,
    6,
    6,
    4,
    6,
    5,
    11,
    5,
    1,
    1,
    1,
    1,
    1,
    1,
    1,
    0,
    6,
    5,
    10,
    8,
    4,
    10,
    5,
    3,
    1,
    1,
    1,
    1,
    2,
    6,
    1,
    8,
    3,
    2,
    4,
    11,
    4,
    4,
    5,
    6,
    7,
    1,
    1,
    1,
    2,
    1,
    2,
    2,
    10,
    2,
    6,
    4,
    10,
    6,
    4,
    6,
    11,
    1,
    1,
    1,
    3,
    1,
    1,
    1,
    3,
    6,
    4,
    4,
    10,
    5,
    3,
    11,
    7,
    1,
    1,
    1,
    1,
    1,
    1,
    1,
    1,
    8,
    4,
    4,
    6,
    2,
    8,
    5,
    5,
    1,
    1,
    1,
    3,
    1,
    1,
    1,
    0,
    2,
    5,
    5,
    3,
    6,
    2,
    3,
    3,
    2,
    1,
    1,
    2,
    1,
    1,
    4,
    0,
    6,
    4,
    4,
    3,
    4,
    2,
    5,
    4,
    6,
    1,
    1,
    1,
    1,
    1,
    1,
    6,
    3,
    4,
    2,
    6,
    7,
    10,
    6,
    3,
    5,
    1,
    1,
    1,
    1,
    5,
    1,
    1,
    0,
    5,
    5,
    6,
    6,
    2,
    6,
    9,
    3,
    1,
    1,
    1,
    3,
    1,
    1,
    1,
    0,
    4,
    3,
    4,
    4,
    4,
    6,
    6,
    4,
    1,
    1,
    1,
    3,
    2,
    2,
    1,
    6,
    5,
    4,
    5,
    6,
    8,
    4,
    5,
    3,
    5,
    1,
    1,
    0,
    1,
    1,
    1,
    1,
    10,
    8,
    4,
    5,
    2,
    4,
    4,
    3,
    5,
    1,
    1,
    1,
    1,
    1,
    1,
    1,
    2,
    6,
    8,
    3,
    10,
    2,
    4,
    3,
    11,
    1,
    1,
    1,
    1,
    1,
    1,
    2,
    2,
    4,
    5,
    2,
    10,
    5,
    5,
    5,
    5,
    1,
    1,
    1,
    1,
    2,
    1,
    1,
    2,
    10,
    8,
    8,
    4,
    6,
    3,
    4,
    5,
    2,
    1,
    1,
    1,
    1,
    2,
    8,
    7,
    3,
    10,
    2,
    2,
    4,
    3,
    7,
    5,
    4,
    1,
    1,
    1,
    3,
    1,
    1,
    5,
    6,
    4,
    3,
    10,
    6,
    4,
    6,
    7,
    11,
    1,
    1,
    1,
    3,
    1,
    5,
    1,
    3,
    5,
    4,
    2,
    3,
    6,
    6,
    6,
    6,
    1,
    1,
    1,
    1,
    1,
    4,
    1,
    4,
    5,
    6,
    4,
    4,
    2,
    6,
    11,
    3,
    1,
    1,
    1,
    1,
    2,
    1,
    1,
    0,
    2,
    8,
    4,
    6,
    8,
    6,
    7,
    10,
    3,
    1,
    1,
    2,
    2,
    1,
    1,
    1,
    3,
    2,
    8,
    2,
    9,
    10,
    6,
    6,
    11,
    1,
    1,
    1,
    2,
    10,
    1,
    1,
    9,
    4,
    2,
    3,
    5,
    3,
    4,
    3,
    5,
    1,
    1,
    1,
    2,
    0,
    1,
    0,
    2,
    6,
    5,
    6,
    10,
    6,
    4,
    6,
    9,
    1,
    1,
    1,
    2,
    1,
    1,
    1,
    0,
    4,
    5,
    10,
    2,
    5,
    3,
    7,
    3,
    1,
    1,
    1,
    3,
    2,
    1,
    4,
    2,
    6,
    13,
    6,
    6,
    10,
    2,
    11,
    3,
    6,
    1,
    1,
    1,
    3,
    7,
    1,
    1,
    8,
    2,
    6,
    4,
    10,
    6,
    10,
    3,
    4,
    1,
    1,
    1,
    1,
    1,
    1,
    1,
    3,
    6,
    6,
    2,
    2,
    5,
    2,
    5,
    6,
    1,
    1,
    1,
    3,
    0,
    1,
    0,
    0,
    10,
    2,
    8,
    3,
    4
  ],
  "candidate_count": [
    71,
    209,
    222,
    72,
    118,
    224,
    89,
    76,
    247,
    134,
    127,
    73,
    86,
    245,
    127,
    217,
    116,
    159,
    155,
    0,
    200,
    285,
    175,
    173,
    292,
    327,
    90,
    125,
    125,
    130,
    164,
    273,
    274,
    161,
    163,
    151,
    275,
    293,
    88,
    78,
    94,
    244,
    208,
    99,
    117,
    39,
    30,
    195,
    45,
    82,
    35,
    36,
    196,
    80,
    64,
    70,
    227,
    74,
    217,
    218,
    84,
    134,
    251,
    89,
    132,
    148,
    77,
    235,
    82,
    240,
    102,
    244,
    257,
    119,
    139,
    260,
    136,
    215,
    166,
    142,
    282,
    173,
    154,
    176,
    176,
    286,
    288,
    168,
    172,
    217,
    102,
    87,
    133,
    96,
    149,
    130,
    151,
    284,
    273,
    203,
    160,
    274,
    122,
    88,
    102,
    96,
    100,
    210,
    247,
    98,
    115,
    88,
    88,
    62,
    125,
    120,
    66,
    234,
    121,
    59,
    218,
    64,
    211,
    211,
    62,
    125,
    66,
    122,
    79,
    239,
    121,
    81,
    235,
    221,
    117,
    145,
    160,
    297,
    277,
    202,
    128,
    164,
    276,
    269,
    115,
    158,
    157,
    277,
    271,
    132,
    160,
    193,
    140,
    168,
    185,
    182,
    185,
    210,
    100,
    130,
    130,
    94,
    90,
    86,
    100,
    210,
    102,
    102,
    69,
    203,
    122,
    122,
    120,
    237,
    102,
    152,
    54,
    115,
    57,
    120,
    121,
    121,
    121,
    121,
    89,
    76,
    246,
    133,
    127,
    78,
    91,
    245,
    127,
    217,
    88,
    135,
    96,
    144,
    150,
    185,
    168,
    178,
    102,
    87,
    148,
    140,
    90,
    260,
    133,
    87,
    54,
    119,
    221,
    60,
    118,
    110,
    90,
    102,
    90,
    109,
    218,
    115,
    79,
    107,
    232,
    206,
    57,
    111,
    118,
    232,
    222,
    56,
    118,
    110,
    34,
    86,
    37,
    90,
    115,
    115,
    63,
    122,
    65,
    119,
    183,
    282,
    279,
    164,
    174,
    169,
    279,
    301,
    105,
    88,
    260,
    161,
    131,
    90,
    101,
    252,
    137,
    242,
    124,
    112,
    158,
    155,
    270,
    274,
    123,
    159,
    175,
    92,
    129,
    129,
    140,
    180,
    90,
    94,
    262,
    135,
    151,
    131,
    130,
    93,
    227,
    135,
    129,
    213,
    45,
    91,
    104,
    43,
    216,
    104,
    61,
    210,
    206,
    64,
    218,
    55,
    214,
    59,
    197,
    204,
    72,
    227,
    229,
    120,
    123,
    72,
    231,
    205,
    105,
    252,
    252,
    116,
    142,
    257,
    128,
    92,
    218,
    238,
    249,
    133,
    125,
    93,
    248,
    228,
    146,
    176,
    169,
    179,
    102,
    114,
    261,
    110,
    253,
    257,
    94,
    99,
    248,
    96,
    241,
    241,
    94,
    90,
    94,
    119,
    120,
    146,
    88,
    77,
    44,
    199,
    45,
    0,
    171,
    55,
    65,
    113,
    189,
    227,
    69,
    56,
    114,
    221,
    107,
    77,
    131,
    131,
    82,
    252,
    129,
    105,
    49,
    58,
    97,
    110,
    109,
    79,
    163,
    215,
    63,
    48,
    111,
    217,
    94,
    115,
    163,
    129,
    162,
    62,
    213,
    64,
    218,
    146,
    147,
    90,
    66,
    124,
    68,
    127,
    94,
    73,
    130,
    76,
    129,
    140,
    130,
    78,
    151,
    103,
    103,
    44,
    78,
    198,
    43,
    85,
    208,
    238,
    111,
    115,
    41,
    196,
    44,
    173,
    170,
    122,
    125,
    121,
    76,
    129,
    80,
    131,
    142,
    268,
    149,
    271,
    55,
    119,
    112,
    116,
    160,
    179,
    173,
    182,
    189,
    146,
    181,
    188,
    199,
    188,
    188,
    330,
    351,
    302,
    299,
    194,
    184,
    305,
    328,
    100,
    130,
    130,
    90,
    94,
    124,
    123,
    200,
    70,
    69,
    117,
    250,
    94,
    62,
    191,
    221,
    67,
    113,
    218,
    57,
    68,
    114,
    193,
    231,
    70,
    57,
    120,
    225,
    112,
    103,
    103,
    104,
    258,
    132,
    103,
    257,
    237,
    137,
    138,
    107,
    147,
    122,
    159,
    124,
    143,
    273,
    267,
    179,
    270,
    105,
    107,
    254,
    260,
    133,
    139,
    265,
    94,
    130,
    94,
    100,
    102,
    72,
    210,
    105,
    40,
    98,
    95,
    199,
    212,
    40,
    99,
    83,
    40,
    92,
    99,
    40,
    210,
    97,
    81,
    129,
    86,
    137,
    134,
    62,
    121,
    121,
    236,
    236,
    69,
    123,
    121,
    66,
    129,
    123,
    67,
    237,
    127,
    116,
    94,
    265,
    173,
    140,
    102,
    107,
    259,
    147,
    258,
    94,
    75,
    133,
    78,
    129,
    146,
    183,
    188,
    186,
    108,
    135,
    142,
    88,
    82,
    100,
    211,
    102,
    254,
    114,
    71,
    65,
    194,
    221,
    68,
    115,
    220,
    70,
    127,
    125,
    59,
    118,
    60,
    121,
    76,
    65,
    232,
    123,
    123,
    63,
    76,
    237,
    119,
    199,
    96,
    245,
    259,
    123,
    137,
    262,
    109,
    258,
    114,
    250,
    256,
    100,
    243,
    241,
    97,
    249,
    94,
    74,
    132,
    75,
    129,
    90,
    57,
    115,
    61,
    121,
    86,
    124,
    128,
    210,
    73,
    120,
    237,
    218,
    95,
    95,
    91,
    46,
    205,
    46,
    192,
    174,
    72,
    230,
    77,
    229,
    219,
    70,
    128,
    125,
    69,
    123,
    67,
    125,
    54,
    115,
    113,
    55,
    225,
    119,
    182,
    182,
    94,
    88,
    75,
    245,
    132,
    127,
    72,
    86,
    243,
    127,
    215,
    90,
    58,
    121,
    60,
    118,
    94,
    90,
    82,
    250,
    99,
    207,
    118,
    103,
    44,
    103,
    213,
    43,
    101,
    94,
    92,
    46,
    151,
    180,
    212,
    96,
    89,
    48,
    204,
    149,
    67,
    125,
    66,
    125,
    55,
    121,
    57,
    116,
    117,
    68,
    217,
    226,
    69,
    114,
    227,
    129,
    131,
    120,
    102,
    173,
    154,
    106,
    267,
    145,
    136,
    203,
    296,
    287,
    261,
    172,
    294,
    136,
    90,
    78,
    109,
    218,
    115,
    94,
    51,
    99,
    111,
    54,
    218,
    110,
    233,
    41,
    185,
    42,
    196,
    67,
    124,
    123,
    121,
    121,
    109,
    147,
    120,
    158,
    77,
    234,
    123,
    73,
    237,
    203,
    168,
    164,
    204,
    162,
    285,
    224,
    290,
    313,
    180,
    172,
    178,
    293,
    179,
    338,
    146,
    222,
    298,
    306,
    183,
    184,
    253,
    303,
    339,
    134,
    204,
    144,
    285,
    306,
    178,
    161,
    166,
    292,
    176,
    328,
    102,
    122,
    102,
    135,
    256,
    120,
    127,
    239,
    226,
    220,
    125,
    124,
    83,
    61,
    188,
    222,
    113,
    217,
    69,
    125,
    69,
    127,
    46,
    201,
    47,
    207,
    44,
    107,
    45,
    106,
    107,
    107,
    63,
    56,
    220,
    104,
    117,
    55,
    64,
    226,
    112,
    178,
    137,
    139,
    0,
    175,
    175,
    122,
    123,
    267,
    266,
    152,
    154,
    268,
    130,
    169,
    283,
    279,
    240,
    164,
    280,
    122,
    128,
    102,
    107,
    130,
    96,
    145,
    107,
    95,
    29,
    84,
    34,
    83,
    67,
    123,
    129,
    55,
    199,
    199,
    52,
    210,
    69,
    125,
    129,
    47,
    107,
    50,
    106,
    104,
    112,
    156,
    269,
    127,
    155,
    193,
    146,
    144,
    138,
    147,
    175,
    168,
    178,
    102,
    94,
    148,
    135,
    94,
    122,
    94,
    75,
    125,
    69,
    117,
    240,
    57,
    48,
    217,
    95,
    110,
    44,
    59,
    215,
    108,
    159,
    40,
    85,
    96,
    39,
    212,
    91,
    62,
    122,
    66,
    123,
    54,
    115,
    54,
    110,
    109,
    117,
    266,
    268,
    152,
    144,
    271,
    95,
    135,
    112,
    152,
    94,
    89,
    236,
    248,
    98,
    127,
    255,
    128,
    115,
    163,
    130,
    162,
    102,
    86,
    78,
    129,
    134,
    227,
    31,
    56,
    85,
    32,
    197,
    85,
    125,
    103,
    103,
    62,
    124,
    64,
    122,
    49,
    61,
    109,
    169,
    219,
    63,
    47,
    113,
    217,
    94,
    57,
    178,
    213,
    55,
    105,
    214,
    121,
    121,
    71,
    218,
    231,
    76,
    118,
    232,
    90,
    78,
    239,
    82,
    225,
    229,
    140,
    165,
    189,
    177,
    184,
    102,
    94,
    90,
    87,
    138,
    117,
    244,
    37,
    192,
    42,
    169,
    169,
    46,
    105,
    47,
    109,
    96,
    93,
    145,
    159,
    142,
    102,
    264,
    142,
    56,
    204,
    201,
    54,
    211,
    66,
    214,
    212,
    68,
    221,
    132,
    175,
    154,
    172,
    117,
    101,
    152,
    151,
    267,
    266,
    103,
    153,
    172,
    134,
    142,
    171,
    177,
    331,
    293,
    256,
    152,
    179,
    287,
    307,
    98,
    99,
    240,
    256,
    254,
    130,
    78,
    255,
    146,
    145,
    76,
    102,
    74,
    107,
    120,
    202,
    239,
    115,
    120,
    229,
    122,
    237,
    202,
    155,
    59,
    114,
    120,
    54,
    119,
    55,
    118,
    120,
    119,
    68,
    129,
    75,
    129,
    130,
    168,
    168,
    92,
    100,
    143,
    257,
    260,
    99,
    137,
    264,
    172,
    139,
    120,
    111,
    91,
    245,
    157,
    266,
    176,
    137,
    104,
    107,
    259,
    147,
    259,
    116,
    101,
    163,
    154,
    104,
    267,
    142,
    142,
    164,
    182,
    182,
    88,
    82,
    82,
    261,
    95,
    105,
    106,
    88,
    91,
    115,
    115,
    45,
    99,
    105,
    44,
    214,
    105,
    106,
    145,
    112,
    153,
    88,
    96,
    142,
    244,
    252,
    120,
    89,
    133,
    260,
    160,
    92,
    134,
    142,
    138,
    74,
    223,
    230,
    80,
    119,
    239,
    90,
    70,
    126,
    70,
    128,
    90,
    79,
    239,
    84,
    223,
    232,
    122,
    94,
    118,
    240,
    105,
    99,
    102,
    196,
    57,
    55,
    114,
    115,
    55,
    225,
    120,
    90,
    154,
    139,
    95,
    264,
    140,
    75,
    205,
    228,
    74,
    123,
    225,
    91,
    246,
    245,
    91,
    245,
    227,
    65,
    126,
    121,
    66,
    124,
    172,
    181,
    182,
    295,
    301,
    178,
    186,
    311,
    140,
    167,
    206,
    182,
    179,
    184,
    130,
    175,
    175,
    122,
    86,
    130,
    120,
    122,
    150,
    73,
    36,
    52,
    118,
    117,
    78,
    236,
    235,
    123,
    123,
    83,
    232,
    226,
    40,
    94,
    44,
    98,
    87,
    138,
    133,
    83,
    129,
    87,
    143,
    125,
    268,
    130,
    262,
    266,
    130,
    121,
    180,
    166,
    131,
    276,
    165,
    128,
    164,
    159,
    130,
    132,
    122,
    90,
    115,
    96,
    129,
    64,
    123,
    124,
    129,
    129,
    49,
    201,
    212,
    99,
    96,
    51,
    204,
    168,
    49,
    107,
    110,
    94,
    135,
    101,
    148,
    152,
    88,
    236,
    235,
    92,
    244,
    0,
    77,
    135,
    129,
    245,
    258,
    88,
    130,
    145,
    130,
    133,
    239,
    163,
    139,
    279,
    171,
    132,
    191,
    284,
    282,
    169,
    170,
    196,
    282,
    298,
    110,
    102,
    78,
    102,
    100,
    111,
    86,
    40,
    46,
    99,
    98,
    200,
    47,
    40,
    93,
    210,
    66,
    69,
    127,
    71,
    129,
    88,
    240,
    87,
    233,
    233,
    96,
    169,
    149,
    106,
    266,
    147,
    70,
    218,
    225,
    73,
    118,
    225,
    128,
    175,
    154,
    174,
    177,
    285,
    279,
    240,
    281,
    142,
    174,
    174,
    184,
    182,
    186,
    298,
    298,
    177,
    182,
    321,
    86,
    55,
    112,
    55,
    121,
    90,
    132,
    86,
    200,
    128,
    223,
    125,
    127,
    127,
    240,
    213,
    109,
    0,
    57,
    71,
    119,
    118,
    101,
    177,
    230,
    227,
    229,
    119,
    227,
    116,
    69,
    226,
    74,
    229,
    55,
    118,
    116,
    56,
    227,
    121,
    74,
    224,
    231,
    82,
    239,
    107,
    107,
    49,
    113,
    49,
    110,
    107,
    208,
    303,
    293,
    270,
    180,
    297,
    131,
    175,
    175,
    140,
    159,
    295,
    182,
    170,
    296,
    182,
    130,
    82,
    78,
    144,
    214,
    115,
    219,
    99,
    31,
    88,
    36,
    82,
    58,
    118,
    121,
    58,
    112,
    118,
    59,
    225,
    121,
    154,
    118,
    154,
    165,
    160,
    277,
    131,
    158,
    219,
    67,
    218,
    218,
    69,
    225,
    90,
    234,
    248,
    129,
    127,
    91,
    246,
    226,
    132,
    139,
    182,
    148,
    175,
    142,
    177,
    186,
    183,
    191,
    196,
    132,
    94,
    88,
    114,
    137,
    118,
    133,
    254,
    103,
    76,
    124,
    47,
    106,
    49,
    107,
    83,
    130,
    132,
    43,
    102,
    213,
    43,
    101,
    93,
    69,
    129,
    70,
    127,
    102,
    254,
    113,
    247,
    135,
    135,
    132,
    194,
    286,
    284,
    165,
    176,
    177,
    284,
    307,
    142,
    210,
    337,
    302,
    284,
    187,
    302,
    126,
    156,
    112,
    94,
    129,
    241,
    93,
    103,
    0,
    68,
    127,
    69,
    125,
    63,
    125,
    122,
    67,
    235,
    123,
    50,
    110,
    114,
    82,
    237,
    125,
    84,
    243,
    216,
    136,
    272,
    270,
    177,
    270,
    142,
    271,
    159,
    272,
    272,
    200,
    308,
    291,
    269,
    181,
    298,
    130,
    171,
    171,
    140,
    163,
    183,
    179,
    192,
    82,
    124,
    82,
    218,
    112,
    121,
    214,
    94,
    53,
    153,
    208,
    51,
    100,
    212,
    89,
    90,
    133,
    133,
    147,
    147,
    125,
    125,
    115,
    93,
    264,
    172,
    140,
    100,
    105,
    258,
    147,
    255,
    176,
    176,
    90,
    66,
    126,
    122,
    67,
    125,
    90,
    125,
    125,
    128,
    82,
    82,
    107,
    128,
    126,
    93,
    238,
    120,
    113,
    113,
    40,
    95,
    212,
    40,
    99,
    89,
    61,
    217,
    111,
    63,
    222,
    188,
    63,
    213,
    211,
    64,
    219,
    153,
    108,
    139,
    159,
    159,
    250,
    281,
    275,
    179,
    119,
    155,
    275,
    204,
    88,
    132,
    141,
    134,
    70,
    218,
    227,
    71,
    229,
    90,
    81,
    234,
    84,
    239,
    123,
    147,
    147,
    140,
    122,
    94,
    110,
    222,
    115,
    240,
    114,
    86,
    50,
    69,
    218,
    218,
    69,
    225,
    49,
    113,
    218,
    53,
    110,
    106,
    47,
    107,
    108,
    47,
    216,
    111,
    76,
    222,
    230,
    82,
    239,
    91,
    146,
    135,
    71,
    129,
    77,
    132,
    94,
    72,
    129,
    77,
    130,
    96,
    80,
    131,
    252,
    87,
    129,
    141,
    94,
    90,
    82,
    127,
    240,
    128,
    0,
    107,
    101,
    37,
    86,
    36,
    95,
    62,
    117,
    120,
    60,
    229,
    119,
    88,
    230,
    236,
    89,
    242,
    134,
    104,
    271,
    188,
    147,
    113,
    117,
    268,
    157,
    265,
    123,
    95,
    269,
    178,
    142,
    104,
    112,
    262,
    150,
    259,
    58,
    117,
    60,
    121,
    86,
    52,
    114,
    120,
    129,
    146,
    291,
    277,
    207,
    164,
    274,
    132,
    136,
    171,
    288,
    150,
    175,
    285,
    132,
    122,
    90,
    229,
    213,
    240,
    110,
    121,
    121,
    117,
    117,
    40,
    103,
    42,
    99,
    47,
    106,
    46,
    107,
    65,
    124,
    68,
    122,
    93,
    135,
    97,
    142,
    152,
    155,
    94,
    95,
    248,
    100,
    240,
    241,
    96,
    81,
    131,
    129,
    102,
    90,
    122,
    258,
    110,
    112,
    59,
    88,
    198,
    107,
    139,
    105,
    103,
    100,
    113,
    113,
    113,
    259,
    127,
    259,
    40,
    50,
    100,
    80,
    205,
    48,
    41,
    94,
    211,
    68,
    149,
    271,
    156,
    146,
    268,
    280,
    117,
    262,
    117,
    253,
    261,
    69,
    129,
    123,
    130,
    123,
    172,
    138,
    167,
    180,
    102,
    88,
    133,
    95,
    141,
    130,
    118,
    122,
    115,
    39,
    152,
    201,
    200,
    46,
    194,
    211,
    98,
    90,
    48,
    203,
    154,
    70,
    217,
    226,
    72,
    118,
    227,
    48,
    212,
    96,
    53,
    207,
    153,
    106,
    161,
    112,
    147,
    80,
    209,
    241,
    85,
    125,
    237,
    60,
    121,
    63,
    119,
    117,
    90,
    66,
    77,
    121,
    207,
    240,
    86,
    73,
    125,
    238,
    126,
    140,
    229,
    291,
    272,
    297,
    94,
    90,
    90,
    111,
    73,
    103,
    129,
    32,
    70,
    85,
    36,
    203,
    82,
    65,
    129,
    71,
    128,
    129,
    105,
    87,
    256,
    153,
    131,
    88,
    100,
    252,
    137,
    241,
    55,
    191,
    215,
    103,
    107,
    59,
    214,
    165,
    82,
    235,
    82,
    240,
    153,
    179,
    179,
    334,
    291,
    262,
    158,
    181,
    289,
    309,
    130,
    118,
    165,
    132,
    165,
    138,
    178,
    178,
    124,
    102,
    130,
    77,
    244,
    121,
    73,
    202,
    230,
    73,
    121,
    227,
    222,
    34,
    41,
    90,
    74,
    198,
    85,
    200,
    50,
    53,
    114,
    117,
    121,
    121,
    81,
    129,
    89,
    136,
    52,
    67,
    115,
    105,
    172,
    226,
    55,
    117,
    224,
    187,
    108,
    88,
    133,
    97,
    149,
    86,
    143,
    87,
    130,
    0,
    84,
    236,
    86,
    240,
    144,
    242,
    300,
    294,
    306,
    303,
    138,
    155,
    180,
    296,
    173,
    180,
    308,
    130,
    132,
    94,
    121,
    233,
    80,
    116,
    90,
    200,
    0,
    62,
    53,
    222,
    103,
    113,
    55,
    63,
    224,
    110,
    190,
    88,
    88,
    71,
    205,
    219,
    68,
    118,
    221,
    77,
    129,
    84,
    134,
    67,
    58,
    226,
    116,
    120,
    56,
    67,
    231,
    117,
    193,
    92,
    135,
    264,
    100,
    149,
    148,
    120,
    166,
    144,
    168,
    113,
    125,
    266,
    136,
    259,
    266,
    102,
    136,
    86,
    132,
    140,
    136,
    257,
    259,
    90,
    138,
    155,
    94,
    102,
    116,
    107,
    135,
    254,
    118,
    97,
    83,
    51,
    117,
    118,
    61,
    118,
    239,
    68,
    123,
    123,
    51,
    115,
    53,
    118,
    103,
    141,
    116,
    155,
    51,
    60,
    110,
    176,
    222,
    64,
    51,
    113,
    219,
    98,
    55,
    120,
    59,
    116,
    113,
    156,
    182,
    181,
    140,
    164,
    186,
    183,
    342,
    295,
    277,
    169,
    182,
    295,
    315,
    126,
    114,
    159,
    274,
    137,
    159,
    182,
    90,
    82,
    90,
    131,
    248,
    123,
    86,
    186,
    52,
    109,
    113,
    226,
    219,
    52,
    111,
    106,
    34,
    96,
    37,
    86,
    57,
    216,
    59,
    206,
    63,
    121,
    123,
    63,
    238,
    119,
    163,
    162,
    72,
    135,
    127,
    246,
    252,
    83,
    128,
    138,
    96,
    77,
    129,
    85,
    136,
    140,
    169,
    197,
    181,
    186,
    102,
    122,
    122,
    114,
    268,
    120,
    244,
    124,
    240,
    121,
    121,
    32,
    86,
    37,
    92,
    88,
    45,
    105,
    46,
    100,
    97,
    105,
    154,
    144,
    110,
    250,
    262,
    128,
    147,
    262,
    120,
    120,
    130,
    173,
    173,
    134,
    176,
    176,
    102,
    136,
    130,
    130,
    268,
    147,
    258,
    76,
    129,
    132,
    120,
    97,
    69,
    217,
    221,
    69,
    117,
    225,
    37,
    86,
    36,
    96,
    56,
    121,
    59,
    118,
    41,
    104,
    99,
    112,
    160,
    120,
    154,
    159,
    159,
    122,
    265,
    123,
    261,
    265,
    116,
    101,
    153,
    140,
    130,
    126,
    175,
    151,
    172,
    179,
    132,
    94,
    90,
    113,
    224,
    94,
    39,
    82,
    196,
    42,
    84,
    202,
    0,
    122,
    125,
    57,
    115,
    56,
    113,
    132,
    132,
    98,
    157,
    153,
    101,
    266,
    140,
    61,
    56,
    218,
    115,
    63,
    225,
    185,
    149,
    174,
    178,
    334,
    293,
    260,
    159,
    179,
    287,
    303,
    81,
    235,
    123,
    82,
    237,
    218,
    129,
    165,
    165,
    100,
    82,
    130,
    87,
    132,
    90,
    78,
    78,
    265,
    0,
    0,
    255,
    0,
    0,
    107,
    102,
    55,
    202,
    199,
    51,
    211,
    64,
    211,
    208,
    67,
    219,
    60,
    203,
    205,
    59,
    108,
    215,
    142,
    269,
    159,
    140,
    269,
    272,
    132,
    132,
    97,
    235,
    256,
    101,
    132,
    254,
    88,
    57,
    111,
    119,
    232,
    222,
    58,
    118,
    110,
    87,
    121,
    121,
    94,
    82,
    102,
    268,
    149,
    155,
    117,
    126,
    80,
    40,
    183,
    42,
    195,
    78,
    129,
    127,
    99,
    135,
    112,
    154,
    84,
    130,
    87,
    137,
    105,
    158,
    112,
    146,
    130,
    200,
    168,
    141,
    284,
    175,
    90,
    64,
    128,
    70,
    127,
    127,
    142,
    168,
    188,
    186,
    130,
    132,
    128,
    95,
    120,
    102,
    236,
    121,
    103,
    76,
    107,
    40,
    200,
    82,
    42,
    196,
    76,
    33,
    82,
    36,
    197,
    84,
    53,
    111,
    55,
    116,
    50,
    109,
    51,
    106,
    105,
    47,
    98,
    105,
    45,
    216,
    108,
    54,
    114,
    117,
    214,
    219,
    55,
    111,
    107,
    148,
    176,
    169,
    176,
    0,
    89,
    135,
    99,
    150,
    102,
    130,
    134,
    122,
    106,
    146,
    120,
    156,
    122,
    128,
    103,
    210,
    110,
    116,
    52,
    44,
    213,
    83,
    104,
    44,
    57,
    211,
    104,
    126,
    66,
    131,
    125,
    240,
    245,
    73,
    125,
    131,
    91,
    239,
    93,
    246,
    114,
    260,
    111,
    254,
    257,
    145,
    145,
    72,
    126,
    70,
    129,
    93,
    135,
    104,
    151,
    144,
    186,
    186,
    134,
    137,
    176,
    165,
    175,
    102,
    86,
    78,
    123,
    120,
    204,
    99,
    92,
    86,
    53,
    115,
    117,
    59,
    226,
    119,
    61,
    117,
    123,
    235,
    230,
    64,
    119,
    118,
    105,
    113,
    113,
    114,
    94,
    264,
    171,
    139,
    102,
    108,
    257,
    148,
    250,
    141,
    141,
    112,
    160,
    122,
    153,
    88,
    121,
    120,
    130,
    180,
    129,
    277,
    283,
    171,
    137,
    143,
    277,
    161,
    310,
    102,
    90,
    124,
    93,
    204,
    111,
    120,
    120,
    50,
    0,
    61,
    221,
    67,
    213,
    58,
    119,
    58,
    112,
    113,
    131,
    131,
    85,
    96,
    138,
    246,
    254,
    120,
    88,
    133,
    258,
    156,
    119,
    263,
    125,
    258,
    265,
    122,
    171,
    136,
    168,
    179,
    90,
    68,
    128,
    69,
    129,
    102,
    89,
    133,
    102,
    142,
    132,
    90,
    102,
    88,
    244,
    0,
    244,
    140,
    99,
    0,
    90,
    42,
    152,
    193,
    207,
    95,
    89,
    45,
    198,
    79,
    71,
    132,
    127,
    239,
    251,
    79,
    127,
    134,
    75,
    132,
    129,
    241,
    252,
    80,
    129,
    138,
    99,
    243,
    103,
    249,
    71,
    130,
    127,
    71,
    246,
    129,
    84,
    131,
    131,
    94,
    78,
    130,
    129,
    130,
    124,
    173,
    144,
    173,
    138,
    178,
    136,
    90,
    157,
    119,
    88,
    90,
    53,
    158,
    213,
    105,
    107,
    191,
    83,
    216,
    52,
    68,
    110,
    193,
    117,
    221,
    107,
    34,
    83,
    86,
    41,
    34,
    198,
    48,
    83,
    34,
    39,
    196,
    85,
    67,
    107,
    107,
    121,
    121,
    93,
    135,
    100,
    146,
    106,
    154,
    147,
    0,
    56,
    111,
    118,
    60,
    223,
    121,
    116,
    125,
    266,
    139,
    268,
    146,
    186,
    187,
    188,
    140,
    78,
    90,
    0,
    98,
    94,
    106,
    93,
    222,
    121,
    110,
    191,
    189,
    53,
    155,
    206,
    49,
    99,
    213,
    37,
    88,
    39,
    98,
    129,
    127,
    129,
    53,
    44,
    213,
    85,
    103,
    44,
    56,
    209,
    106,
    131,
    74,
    205,
    232,
    78,
    123,
    229,
    142,
    177,
    153,
    175,
    81,
    129,
    252,
    85,
    135,
    135,
    130,
    185,
    279,
    171,
    163,
    283,
    316,
    140,
    173,
    172,
    182,
    181,
    185,
    294,
    298,
    172,
    182,
    316,
    130,
    130,
    90,
    121,
    228,
    124,
    254,
    125,
    220,
    122,
    118,
    204,
    84,
    99,
    217,
    107,
    77,
    238,
    81,
    231,
    221,
    49,
    104,
    47,
    110,
    143,
    143,
    65,
    125,
    125,
    71,
    127,
    125,
    68,
    241,
    127,
    112,
    148,
    274,
    118,
    158,
    169,
    122,
    140,
    268,
    148,
    262,
    270,
    146,
    178,
    186,
    187,
    191,
    214,
    140,
    88,
    102,
    121,
    213,
    39,
    38,
    208,
    50,
    91,
    90,
    95,
    0,
    239,
    73,
    226,
    231,
    82,
    239,
    77,
    215,
    234,
    78,
    123,
    232,
    46,
    113,
    105,
    113,
    93,
    135,
    97,
    146,
    133,
    133,
    71,
    125,
    246,
    75,
    125,
    135,
    130,
    132,
    162,
    164,
    318,
    285,
    239,
    139,
    173,
    281,
    301,
    134,
    176,
    177,
    130,
    122,
    88,
    284,
    118,
    118,
    163,
    61,
    121,
    121,
    37,
    94,
    95,
    197,
    211,
    40,
    98,
    81,
    53,
    115,
    53,
    110,
    54,
    117,
    116,
    55,
    224,
    118,
    148,
    272,
    269,
    155,
    155,
    140,
    266,
    273,
    218,
    294,
    177,
    232,
    288,
    301,
    134,
    144,
    202,
    171,
    152,
    286,
    176,
    90,
    81,
    69,
    237,
    126,
    124,
    80,
    240,
    124,
    205,
    131,
    175,
    170,
    130,
    82,
    103,
    218,
    110,
    117,
    70,
    236,
    75,
    32,
    83,
    82,
    125,
    125,
    35,
    96,
    89,
    189,
    211,
    39,
    95,
    78,
    136,
    137,
    123,
    85,
    212,
    221,
    239,
    125,
    79,
    242,
    212,
    52,
    63,
    113,
    171,
    222,
    66,
    52,
    113,
    219,
    99,
    75,
    204,
    231,
    76,
    123,
    229,
    90,
    67,
    127,
    68,
    124,
    127,
    102,
    138,
    117,
    244,
    261,
    265,
    148,
    140,
    109,
    263,
    248,
    90,
    102,
    82,
    109,
    134,
    42,
    47,
    101,
    85,
    205,
    52,
    42,
    96,
    212,
    68,
    95,
    123,
    84,
    71,
    241,
    129,
    127,
    0,
    241,
    126,
    211,
    46,
    106,
    46,
    107,
    133,
    132,
    49,
    112,
    107,
    117,
    165,
    132,
    166,
    174,
    61,
    123,
    121,
    53,
    116,
    57,
    110,
    119,
    143,
    143,
    90,
    66,
    122,
    68,
    125,
    102,
    94,
    78,
    116,
    125,
    238,
    75,
    197,
    59,
    186,
    212,
    60,
    105,
    216,
    50,
    115,
    55,
    111,
    110,
    57,
    199,
    201,
    51,
    105,
    211,
    113,
    65,
    196,
    203,
    221,
    117,
    117,
    66,
    223,
    195,
    96,
    237,
    256,
    105,
    133,
    257,
    138,
    174,
    143,
    175,
    94,
    97,
    243,
    242,
    100,
    251,
    92,
    89,
    239,
    246,
    134,
    125,
    90,
    247,
    226,
    118,
    86,
    94,
    96,
    105,
    214,
    76,
    78,
    61,
    119,
    62,
    121,
    61,
    121,
    61,
    116,
    120,
    71,
    59,
    230,
    118,
    123,
    62,
    74,
    235,
    118,
    197,
    113,
    113,
    51,
    115,
    52,
    112,
    106,
    64,
    123,
    124,
    88,
    74,
    204,
    226,
    71,
    118,
    224,
    130,
    173,
    173,
    102,
    90,
    112,
    250,
    102,
    101,
    129,
    129,
    254,
    246,
    214,
    129,
    219,
    125,
    129,
    54,
    182,
    200,
    50,
    102,
    210,
    101,
    46,
    55,
    103,
    107,
    74,
    158,
    212,
    58,
    42,
    106,
    213,
    84,
    98,
    237,
    256,
    107,
    134,
    257,
    58,
    217,
    113,
    63,
    216,
    184,
    108,
    90,
    262,
    168,
    134,
    99,
    107,
    255,
    143,
    250,
    141,
    141,
    0,
    59,
    70,
    118,
    195,
    233,
    74,
    63,
    121,
    228,
    118,
    94,
    129,
    129,
    140,
    165,
    203,
    184,
    177,
    184,
    130,
    86,
    78,
    98,
    125,
    248,
    134,
    139,
    250,
    242,
    136,
    141,
    134,
    120,
    86,
    35,
    95,
    89,
    181,
    212,
    39,
    93,
    79,
    119,
    119,
    62,
    189,
    219,
    63,
    111,
    216,
    80,
    129,
    132,
    128,
    75,
    91,
    129,
    222,
    245,
    93,
    81,
    127,
    246,
    139,
    87,
    149,
    146,
    96,
    262,
    135,
    62,
    77,
    123,
    206,
    241,
    84,
    72,
    125,
    236,
    126,
    146,
    186,
    186,
    140,
    157,
    183,
    181,
    112,
    102,
    102,
    253,
    115,
    84,
    203,
    103,
    105,
    100,
    38,
    91,
    88,
    39,
    96,
    84,
    41,
    104,
    216,
    43,
    104,
    90,
    121,
    121,
    107,
    110,
    130,
    175,
    152,
    170,
    186,
    135,
    135,
    88,
    55,
    115,
    57,
    121,
    98,
    101,
    244,
    244,
    100,
    252,
    94,
    82,
    90,
    101,
    211,
    105,
    107,
    81,
    69,
    238,
    126,
    125,
    66,
    81,
    241,
    125,
    207,
    129,
    130,
    126,
    263,
    266,
    150,
    148,
    117,
    262,
    256,
    50,
    112,
    114,
    58,
    119,
    62,
    121
  ],
  "pressure_evaluations": [
    0,
    0,
    0,
    0,
    0,
    0,
    0,
    0,
    0,
    0,
    0,
    0,
    0,
    0,
    0,
    0,
    0,
    0,
    0,
    0,
    0,
    0,
    0,
    0,
    0,
    0,
    0,
    0,
    0,
    3,
    0,
    0,
    0,
    0,
    0,
    0,
    0,
    0,
    0,
    0,
    0,
    0,
    0,
    0,
    0,
    0,
    0,
    0,
    0,
    0,
    0,
    0,
    0,
    0,
    0,
    0,
    0,
    0,
    0,
    0,
    0,
    0,
    0,
    0,
    0,
    0,
    0,
    0,
    0,
    0,
    0,
    0,
    0,
    0,
    0,
    0,
    0,
    0,
    0,
    0,
    0,
    0,
    0,
    0,
    0,
    0,
    0,
    0,
    0,
    0,
    0,
    0,
    0,
    0,
    0,
    0,
    0,
    0,
    0,
    0,
    0,
    0,
    0,
    0,
    0,
    0,
    0,
    0,
    0,
    0,
    0,
    1,
    1,
    0,
    0,
    0,
    0,
    0,
    0,
    0,
    0,
    0,
    0,
    0,
    0,
    0,
    0,
    0,
    0,
    0,
    0,
    0,
    0,
    0,
    0,
    0,
    0,
    0,
    0,
    0,
    0,
    0,
    0,
    0,
    0,
    0,
    0,
    0,
    0,
    0,
    0,
    0,
    0,
    0,
    0,
    0,
    0,
    0,
    0,
    0,
    0,
    0,
    0,
    0,
    0,
    0,
    0,
    0,
    0,
    0,
    0,
    0,
    0,
    0,
    0,
    0,
    0,
    0,
    0,
    0,
    0,
    0,
    0,
    0,
    0,
    0,
    0,
    0,
    0,
    0,
    0,
    0,
    0,
    0,
    0,
    0,
    0,
    0,
    0,
    0,
    0,
    0,
    0,
    0,
    0,
    0,
    0,
    0,
    0,
    0,
    0,
    0,
    0,
    0,
    0,
    0,
    0,
    0,
    0,
    0,
    0,
    0,
    0,
    0,
    0,
    0,
    0,
    0,
    0,
    0,
    0,
    0,
    0,
    0,
    0,
    0,
    0,
    0,
    0,
    0,
    0,
    0,
    0,
    0,
    0,
    0,
    0,
    0,
    0,
    0,
    0,
    0,
    0,
    0,
    0,
    0,
    0,
    0,
    0,
    0,
    0,
    0,
    0,
    0,
    0,
    0,
    0,
    0,
    0,
    0,
    0,
    0,
    0,
    0,
    0,
    0,
    0,
    0,
    0,
    0,
    0,
    0,
    0,
    0,
    0,
    0,
    0,
    0,
    0,
    0,
    0,
    0,
    0,
    0,
    0,
    0,
    0,
    0,
    0,
    0,
    0,
    0,
    0,
    0,
    0,
    0,
    0,
    0,
    0,
    0,
    0,
    0,
    0,
    0,
    0,
    0,
    0,
    0,
    0,
    0,
    0,
    0,
    0,
    0,
    1,
    0,
    0,
    0,
    0,
    0,
    0,
    0,
    0,
    0,
    0,
    0,
    0,
    0,
    0,
    0,
    0,
    0,
    0,
    0,
    0,
    0,
    0,
    0,
    0,
    0,
    0,
    0,
    0,
    0,
    0,
    0,
    0,
    0,
    0,
    0,
    0,
    0,
    0,
    0,
    0,
    0,
    0,
    0,
    0,
    0,
    0,
    0,
    0,
    0,
    0,
    0,
    0,
    0,
    0,
    0,
    0,
    0,
    0,
    0,
    0,
    0,
    0,
    0,
    0,
    0,
    0,
    0,
    0,
    0,
    0,
    0,
    0,
    0,
    0,
    0,
    0,
    0,
    0,
    0,
    0,
    0,
    0,
    0,
    0,
    0,
    0,
    1,
    1,
    0,
    0,
    0,
    0,
    0,
    0,
    0,
    0,
    1,
    0,
    0,
    0,
    0,
    0,
    0,
    0,
    0,
    0,
    0,
    0,
    0,
    0,
    0,
    0,
    0,
    0,
    0,
    0,
    0,
    0,
    0,
    0,
    0,
    0,
    0,
    0,
    0,
    0,
    0,
    0,
    0,
    0,
    0,
    0,
    0,
    0,
    0,
    0,
    0,
    0,
    0,
    0,
    0,
    0,
    0,
    0,
    0,
    0,
    0,
    0,
    0,
    0,
    0,
    0,
    0,
    0,
    0,
    0,
    0,
    0,
    0,
    0,
    0,
    0,
    0,
    0,
    0,
    0,
    0,
    0,
    0,
    0,
    0,
    0,
    0,
    0,
    0,
    0,
    0,
    0,
    0,
    0,
    0,
    0,
    0,
    0,
    0,
    0,
    0,
    0,
    0,
    0,
    0,
    0,
    0,
    0,
    0,
    0,
    2,
    0,
    0,
    0,
    0,
    0,
    0,
    0,
    0,
    0,
    0,
    0,
    0,
    0,
    0,
    0,
    0,
    0,
    0,
    0,
    0,
    0,
    0,
    0,
    0,
    0,
    0,
    0,
    0,
    0,
    0,
    0,
    0,
    0,
    0,
    0,
    0,
    0,
    0,
    0,
    0,
    0,
    0,
    0,
    0,
    0,
    0,
    0,
    0,
    0,
    0,
    0,
    0,
    0,
    0,
    0,
    0,
    0,
    0,
    0,
    0,
    0,
    0,
    0,
    0,
    0,
    0,
    0,
    0,
    0,
    0,
    0,
    0,
    0,
    0,
    0,
    0,
    0,
    0,
    0,
    0,
    0,
    0,
    0,
    0,
    0,
    0,
    0,
    0,
    0,
    0,
    0,
    0,
    0,
    0,
    0,
    0,
    0,
    0,
    0,
    0,
    0,
    0,
    0,
    0,
    0,
    0,
    0,
    0,
    0,
    0,
    0,
    0,
    0,
    0,
    0,
    0,
    0,
    0,
    0,
    0,
    0,
    0,
    0,
    0,
    0,
    0,
    0,
    0,
    0,
    0,
    0,
    0,
    0,
    0,
    0,
    0,
    0,
    0,
    0,
    0,
    0,
    0,
    0,
    0,
    0,
    0,
    0,
    0,
    0,
    0,
    0,
    0,
    0,
    0,
    0,
    0,
    0,
    0,
    0,
    0,
    0,
    0,
    0,
    0,
    0,
    0,
    0,
    0,
    0,
    0,
    0,
    0,
    0,
    0,
    0,
    0,
    0,
    0,
    0,
    0,
    0,
    0,
    0,
    0,
    0,
    0,
    0,
    1,
    0,
    0,
    0,
    0,
    0,
    0,
    0,
    0,
    0,
    0,
    0,
    0,
    0,
    0,
    0,
    0,
    0,
    0,
    0,
    0,
    0,
    0,
    0,
    0,
    0,
    0,
    0,
    0,
    0,
    0,
    0,
    0,
    0,
    0,
    0,
    0,
    0,
    0,
    0,
    0,
    0,
    0,
    0,
    0,
    0,
    0,
    0,
    0,
    0,
    0,
    0,
    0,
    0,
    0,
    0,
    0,
    0,
    0,
    0,
    0,
    0,
    0,
    0,
    0,
    0,
    0,
    0,
    0,
    0,
    0,
    0,
    0,
    0,
    0,
    0,
    0,
    0,
    0,
    0,
    0,
    0,
    0,
    0,
    0,
    0,
    0,
    0,
    0,
    0,
    0,
    0,
    0,
    0,
    0,
    0,
    0,
    0,
    0,
    0,
    0,
    0,
    0,
    0,
    0,
    0,
    0,
    0,
    0,
    0,
    0,
    0,
    0,
    0,
    0,
    0,
    0,
    0,
    2,
    0,
    0,
    0,
    0,
    0,
    0,
    0,
    0,
    0,
    0,
    0,
    0,
    0,
    0,
    0,
    0,
    0,
    0,
    0,
    0,
    0,
    0,
    0,
    0,
    0,
    0,
    0,
    0,
    0,
    0,
    0,
    0,
    0,
    0,
    0,
    0,
    0,
    0,
    0,
    0,
    0,
    0,
    1,
    0,
    0,
    0,
    0,
    0,
    0,
    0,
    0,
    0,
    0,
    0,
    0,
    0,
    0,
    0,
    0,
    0,
    0,
    0,
    0,
    0,
    0,
    0,
    0,
    0,
    0,
    0,
    0,
    0,
    0,
    0,
    0,
    0,
    0,
    0,
    0,
    0,
    0,
    0,
    0,
    0,
    0,
    0,
    0,
    0,
    0,
    0,
    0,
    0,
    0,
    0,
    0,
    0,
    0,
    0,
    0,
    0,
    0,
    0,
    0,
    0,
    0,
    0,
    0,
    0,
    0,
    0,
    0,
    0,
    0,
    0,
    0,
    0,
    0,
    0,
    0,
    0,
    0,
    0,
    0,
    0,
    0,
    0,
    0,
    0,
    0,
    0,
    0,
    0,
    0,
    0,
    0,
    0,
    0,
    0,
    0,
    0,
    0,
    0,
    0,
    0,
    0,
    0,
    0,
    0,
    0,
    0,
    0,
    0,
    0,
    0,
    0,
    0,
    0,
    0,
    0,
    0,
    0,
    0,
    0,
    0,
    0,
    0,
    0,
    0,
    0,
    0,
    0,
    0,
    0,
    0,
    0,
    0,
    0,
    0,
    0,
    0,
    0,
    0,
    0,
    0,
    0,
    0,
    0,
    0,
    0,
    0,
    0,
    0,
    0,
    0,
    0,
    0,
    0,
    0,
    0,
    0,
    0,
    0,
    0,
    0,
    0,
    0,
    0,
    0,
    0,
    0,
    0,
    0,
    0,
    0,
    0,
    0,
    0,
    0,
    0,
    0,
    0,
    0,
    0,
    0,
    0,
    0,
    0,
    0,
    0,
    0,
    0,
    0,
    0,
    0,
    0,
    0,
    0,
    0,
    0,
    0,
    0,
    0,
    0,
    0,
    0,
    0,
    0,
    0,
    0,
    0,
    0,
    0,
    0,
    0,
    0,
    0,
    0,
    2,
    0,
    0,
    0,
    0,
    0,
    0,
    0,
    0,
    0,
    0,
    0,
    0,
    0,
    0,
    0,
    0,
    0,
    0,
    0,
    0,
    0,
    1,
    0,
    0,
    0,
    0,
    0,
    0,
    0,
    0,
    0,
    0,
    0,
    0,
    0,
    0,
    0,
    0,
    0,
    0,
    0,
    0,
    0,
    0,
    0,
    0,
    0,
    0,
    0,
    0,
    0,
    0,
    0,
    0,
    0,
    0,
    0,
    0,
    0,
    0,
    0,
    0,
    0,
    0,
    0,
    0,
    0,
    0,
    0,
    1,
    0,
    0,
    0,
    0,
    0,
    0,
    0,
    0,
    0,
    0,
    0,
    0,
    0,
    0,
    0,
    0,
    0,
    0,
    0,
    0,
    0,
    0,
    0,
    0,
    0,
    0,
    0,
    0,
    0,
    0,
    0,
    0,
    0,
    0,
    0,
    0,
    0,
    0,
    0,
    0,
    0,
    0,
    0,
    0,
    0,
    0,
    0,
    0,
    0,
    0,
    0,
    0,
    0,
    0,
    0,
    0,
    0,
    0,
    0,
    0,
    0,
    0,
    0,
    0,
    0,
    0,
    0,
    0,
    0,
    0,
    0,
    0,
    0,
    0,
    0,
    0,
    0,
    0,
    0,
    0,
    0,
    0,
    0,
    0,
    0,
    0,
    0,
    0,
    0,
    0,
    0,
    0,
    0,
    0,
    0,
    0,
    0,
    0,
    0,
    0,
    0,
    0,
    0,
    0,
    0,
    0,
    0,
    0,
    0,
    0,
    0,
    0,
    0,
    0,
    0,
    0,
    0,
    0,
    0,
    0,
    0,
    0,
    0,
    0,
    0,
    1,
    0,
    0,
    0,
    0,
    0,
    0,
    0,
    0,
    0,
    0,
    0,
    0,
    0,
    0,
    0,
    0,
    0,
    0,
    0,
    0,
    0,
    0,
    0,
    0,
    0,
    0,
    0,
    0,
    0,
    0,
    0,
    0,
    0,
    0,
    0,
    0,
    0,
    0,
    0,
    0,
    0,
    0,
    0,
    0,
    0,
    1,
    0,
    0,
    0,
    0,
    0,
    0,
    0,
    0,
    0,
    0,
    0,
    0,
    0,
    0,
    0,
    0,
    0,
    0,
    0,
    0,
    0,
    1,
    0,
    0,
    0,
    0,
    0,
    0,
    0,
    0,
    0,
    0,
    0,
    0,
    0,
    0,
    0,
    0,
    0,
    0,
    0,
    0,
    0,
    0,
    0,
    0,
    0,
    0,
    0,
    0,
    0,
    0,
    0,
    0,
    0,
    0,
    0,
    0,
    0,
    0,
    0,
    0,
    0,
    0,
    0,
    0,
    0,
    0,
    0,
    0,
    0,
    0,
    0,
    0,
    0,
    0,
    0,
    0,
    0,
    0,
    0,
    0,
    0,
    0,
    0,
    0,
    0,
    0,
    2,
    0,
    0,
    0,
    0,
    0,
    0,
    0,
    0,
    0,
    0,
    0,
    0,
    0,
    0,
    0,
    0,
    0,
    0,
    0,
    0,
    0,
    0,
    0,
    0,
    0,
    0,
    0,
    0,
    0,
    0,
    0,
    1,
    0,
    0,
    1,
    2,
    2,
    2,
    0,
    0,
    0,
    0,
    0,
    0,
    0,
    0,
    0,
    0,
    0,
    0,
    0,
    0,
    0,
    0,
    0,
    0,
    0,
    0,
    0,
    0,
    0,
    0,
    0,
    0,
    0,
    0,
    1,
    0,
    0,
    0,
    0,
    0,
    0,
    0,
    0,
    0,
    0,
    0,
    0,
    0,
    0,
    0,
    0,
    0,
    0,
    0,
    0,
    0,
    0,
    0,
    0,
    0,
    0,
    0,
    0,
    0,
    0,
    0,
    0,
    0,
    0,
    0,
    0,
    0,
    0,
    0,
    0,
    0,
    0,
    0,
    0,
    0,
    0,
    0,
    0,
    0,
    0,
    0,
    0,
    0,
    0,
    0,
    0,
    0,
    0,
    0,
    0,
    0,
    0,
    0,
    0,
    0,
    0,
    0,
    0,
    0,
    0,
    0,
    0,
    0,
    0,
    0,
    0,
    0,
    0,
    0,
    0,
    0,
    0,
    0,
    0,
    0,
    1,
    0,
    0,
    0,
    0,
    0,
    0,
    0,
    0,
    0,
    0,
    0,
    0,
    0,
    0,
    0,
    0,
    0,
    0,
    0,
    0,
    0,
    0,
    0,
    0,
    0,
    0,
    0,
    0,
    0,
    0,
    0,
    0,
    0,
    0,
    0,
    0,
    0,
    0,
    0,
    0,
    0,
    0,
    0,
    0,
    0,
    0,
    0,
    0,
    0,
    0,
    0,
    0,
    0,
    0,
    0,
    0,
    0,
    0,
    0,
    0,
    0,
    0,
    0,
    0,
    0,
    0,
    0,
    0,
    0,
    0,
    0,
    1,
    0,
    0,
    0,
    0,
    0,
    0,
    0,
    0,
    0,
    0,
    0,
    0,
    0,
    0,
    0,
    0,
    0,
    0,
    0,
    0,
    0,
    0,
    0,
    0,
    0,
    0,
    0,
    0,
    0,
    0,
    0,
    0,
    0,
    0,
    0,
    0,
    0,
    0,
    0,
    0,
    0,
    0,
    0,
    0,
    0,
    0,
    0,
    0,
    0,
    0,
    0,
    0,
    0,
    0,
    0,
    0,
    0,
    0,
    0,
    0,
    0,
    1,
    1,
    0,
    0,
    0,
    0,
    0,
    0,
    0,
    0,
    0,
    0,
    0,
    0,
    0,
    0,
    0,
    0,
    0,
    0,
    0,
    0,
    0,
    0,
    0,
    0,
    0,
    0,
    0,
    0,
    0,
    0,
    0,
    0,
    0,
    0,
    0,
    0,
    0,
    0,
    0,
    0,
    0,
    0,
    0,
    0,
    0,
    0,
    0,
    0,
    0,
    0,
    0,
    0,
    0,
    0,
    0,
    1,
    0,
    0,
    0,
    0,
    0,
    0,
    0,
    0,
    0,
    0,
    0,
    0,
    0,
    0,
    0,
    0,
    0,
    0,
    0,
    0,
    0,
    0,
    0,
    0,
    0,
    0,
    0,
    0,
    0,
    0,
    0,
    0,
    0,
    0,
    0,
    0,
    0,
    0,
    0,
    0,
    0,
    0,
    0,
    0,
    0,
    2,
    0,
    0,
    0,
    0,
    0,
    0,
    0,
    0,
    0,
    0,
    0,
    0,
    0,
    0,
    0,
    0,
    0,
    0,
    0,
    0,
    0,
    0,
    0,
    0,
    0,
    0,
    0,
    0,
    0,
    0,
    0,
    0,
    0,
    0,
    1,
    0,
    0,
    0,
    0,
    0,
    0,
    0,
    0,
    0,
    0,
    0,
    0,
    0,
    0,
    0,
    0,
    0,
    0,
    0,
    0,
    1,
    0,
    0,
    0,
    0,
    0,
    0,
    0,
    0,
    0,
    0,
    0,
    0,
    0,
    0,
    0,
    0,
    0,
    0,
    0,
    0,
    0,
    0,
    0,
    0,
    0,
    0,
    0,
    0,
    0,
    0,
    0,
    0,
    0,
    0,
    0,
    0,
    0,
    0,
    0,
    0,
    0,
    0,
    0,
    0,
    0,
    0,
    0,
    0,
    0,
    0,
    0,
    0,
    0,
    0,
    0,
    0,
    0,
    0,
    0,
    0,
    0,
    0,
    0,
    0,
    0,
    0,
    0,
    0,
    0,
    0,
    0,
    0,
    0,
    0,
    0,
    0,
    0,
    0,
    0,
    0,
    0,
    0,
    0,
    0,
    0,
    0,
    0,
    0,
    0,
    0,
    0,
    0,
    0,
    0,
    0,
    0,
    0,
    0,
    0,
    0,
    0,
    0,
    0,
    0,
    0,
    0,
    0,
    0,
    0,
    0,
    0,
    0,
    0,
    0,
    0,
    0,
    0,
    0,
    0,
    0,
    0,
    0,
    0,
    0,
    0,
    0,
    0,
    0,
    0,
    0,
    0,
    0,
    0,
    0,
    0,
    0,
    0,
    0,
    0,
    0,
    0,
    0,
    0,
    0,
    0,
    0,
    0,
    0,
    0,
    0,
    0,
    0,
    0,
    0,
    0,
    0,
    0,
    0,
    0,
    0,
    0,
    0,
    0,
    0,
    0,
    0,
    0,
    0,
    0,
    0,
    0,
    0,
    0,
    0,
    0,
    0,
    0,
    0,
    0,
    0,
    0,
    0,
    0,
    0,
    0,
    0,
    0,
    0,
    0,
    0,
    0,
    0,
    0,
    0,
    0,
    0,
    0,
    0,
    0,
    0,
    0,
    0,
    0,
    0,
    0,
    0,
    0,
    0,
    0,
    0,
    0,
    0,
    0,
    0,
    0,
    0,
    0,
    0,
    0,
    0,
    0,
    0,
    0,
    0,
    0,
    0,
    0,
    0,
    0,
    0,
    0,
    0,
    0,
    0,
    1,
    1,
    0,
    0,
    0,
    0,
    0,
    0,
    0,
    0,
    0,
    0,
    0,
    0,
    0,
    0,
    0,
    0,
    1,
    0,
    2,
    0,
    0,
    0,
    0,
    0,
    0,
    0,
    0,
    0,
    0,
    0,
    0,
    0,
    0,
    0,
    0,
    0,
    0,
    0,
    0,
    0,
    0,
    1,
    0,
    0,
    0,
    0,
    0,
    0,
    0,
    0,
    0,
    0,
    2,
    0,
    0,
    0,
    0,
    0,
    0,
    0,
    0,
    0,
    0,
    0,
    0,
    0,
    0,
    0,
    0,
    0,
    0,
    0,
    0,
    0,
    0,
    0,
    0,
    0,
    0,
    0,
    0,
    0,
    0,
    0,
    1,
    0,
    0,
    0,
    0,
    0,
    0,
    0,
    1,
    0,
    0,
    0,
    0,
    0,
    0,
    0,
    0,
    0,
    0,
    0,
    0,
    0,
    1,
    0,
    0,
    0,
    0,
    0,
    0,
    0,
    0,
    0,
    0,
    0,
    0,
    0,
    0,
    0,
    0,
    0,
    0,
    0,
    0,
    0,
    1,
    0,
    0,
    0,
    0,
    0,
    0,
    0,
    0,
    0,
    0,
    0,
    0,
    0,
    0,
    0,
    0,
    0,
    0,
    0,
    0,
    0,
    0,
    0,
    0,
    0,
    0,
    0,
    0,
    0,
    0,
    0,
    0,
    0,
    0,
    0,
    0,
    0,
    0,
    0,
    0,
    0,
    0,
    0,
    0,
    0,
    0,
    0,
    0,
    0,
    0,
    0,
    0,
    0,
    0,
    0,
    0,
    0,
    0,
    0,
    0,
    0,
    0,
    0,
    0,
    0,
    0,
    0,
    0,
    0,
    0,
    0,
    0,
    0,
    0,
    0,
    0,
    0,
    0,
    0,
    0,
    0,
    0,
    0,
    0,
    0,
    0,
    0,
    0,
    0,
    0,
    0,
    0,
    0,
    0,
    0,
    0,
    0,
    0,
    0,
    0,
    0,
    0,
    0,
    0,
    0,
    0,
    0,
    0,
    0,
    0,
    0,
    0,
    0,
    0,
    0,
    0,
    0,
    0,
    0,
    0,
    0,
    0,
    0,
    0,
    0,
    0,
    0,
    0,
    0,
    0,
    0,
    0,
    0,
    0,
    0,
    0,
    0,
    0,
    0,
    0,
    0,
    0,
    0,
    0,
    0,
    0,
    0,
    0,
    0,
    0,
    0,
    0,
    0,
    0,
    0,
    0,
    0,
    0,
    0,
    0,
    0,
    0,
    0,
    0,
    0,
    0,
    0,
    0,
    0,
    0,
    0,
    0,
    0,
    0,
    0,
    0,
    0,
    0,
    0,
    0,
    0,
    0,
    0,
    0,
    0,
    0,
    0,
    0,
    0,
    0,
    0,
    0,
    0,
    0,
    0,
    0,
    0,
    0,
    1,
    0,
    0,
    0,
    0,
    0,
    0,
    0,
    0,
    0,
    0,
    0,
    0,
    0,
    0,
    0,
    0,
    0,
    0,
    0,
    0,
    0,
    0,
    0,
    0,
    0,
    0,
    0,
    0,
    0,
    0,
    0,
    0,
    0,
    0,
    0,
    0,
    0,
    0,
    0,
    0,
    0,
    0,
    0,
    0,
    0,
    0,
    0,
    0,
    0,
    0,
    0,
    0,
    0,
    0,
    0,
    0,
    0,
    0,
    0,
    0,
    0,
    0,
    0,
    0,
    0,
    0,
    0,
    0,
    0,
    0,
    0,
    0,
    0,
    0,
    0,
    0,
    0,
    0,
    0,
    0,
    0,
    0,
    0,
    0,
    0,
    0,
    0,
    0,
    0,
    0,
    0,
    0,
    0,
    0,
    0,
    0,
    0,
    0,
    0,
    0,
    0,
    0,
    0,
    0,
    0,
    0,
    0,
    0,
    0,
    0,
    0,
    0,
    0,
    0,
    0,
    0,
    0,
    0,
    0,
    0,
    0,
    0,
    0,
    0,
    0,
    0,
    0,
    0,
    0,
    0,
    0,
    0,
    0,
    0,
    0,
    0,
    0,
    0,
    0,
    0,
    0,
    0,
    0,
    0,
    0,
    0,
    0,
    0,
    0,
    0,
    0,
    2,
    0,
    0,
    0,
    0,
    0,
    2,
    0,
    0,
    0,
    0,
    0,
    0,
    0,
    0,
    0,
    0,
    0,
    0,
    0,
    0,
    0,
    0,
    0,
    0,
    0,
    0,
    0,
    0,
    0,
    0,
    0,
    0,
    0,
    0,
    0,
    0,
    0,
    0,
    0,
    0,
    0,
    0,
    0,
    0,
    0,
    0,
    0,
    0,
    0,
    0,
    0,
    0,
    0,
    0,
    0,
    0,
    0,
    0,
    0,
    0,
    0,
    0,
    0,
    0,
    0,
    0,
    0,
    0,
    0,
    0,
    0,
    0,
    0,
    0,
    0,
    0,
    0,
    0,
    0,
    0,
    0,
    0,
    0,
    0,
    0,
    0,
    0,
    0,
    0,
    0,
    0,
    0,
    0,
    0,
    0,
    0,
    0,
    0,
    0,
    0,
    0,
    0,
    0,
    0,
    0,
    0,
    0,
    0,
    0,
    0,
    0,
    0,
    0,
    0,
    0,
    0,
    0,
    0,
    0,
    0,
    0,
    0,
    0,
    0,
    0,
    0,
    0,
    0,
    0,
    0,
    0,
    0,
    0,
    0,
    0,
    0,
    0,
    0,
    0,
    0,
    0,
    0,
    0,
    0,
    0,
    0,
    0,
    0,
    0,
    0,
    0,
    0,
    0,
    0,
    0,
    1,
    0,
    0,
    0,
    0,
    0,
    0,
    0,
    0,
    0,
    0,
    0,
    0,
    0,
    0,
    0,
    0,
    0,
    0,
    0,
    0,
    0,
    0,
    0,
    0,
    0,
    0,
    0,
    0,
    0,
    0,
    0,
    0,
    0,
    0,
    0,
    0,
    0,
    0,
    0,
    0,
    0,
    0,
    0,
    0,
    0,
    0,
    0,
    0,
    0,
    0,
    0,
    0,
    0,
    0,
    0,
    0,
    0,
    0,
    0,
    0,
    0,
    0,
    0,
    0,
    0,
    0,
    0,
    0,
    0,
    0,
    0,
    0,
    0,
    0,
    0,
    0,
    0,
    0,
    0,
    0,
    2,
    0,
    0,
    0,
    0,
    0,
    0,
    0,
    0,
    0,
    0,
    0,
    0,
    0,
    0,
    0,
    0,
    0,
    0,
    0,
    0,
    0,
    0,
    0,
    0,
    0,
    0,
    0,
    0,
    0,
    0,
    0,
    0,
    0,
    0,
    0,
    0,
    0,
    0,
    0,
    0,
    0,
    0,
    0,
    0,
    0,
    0,
    0,
    0,
    0,
    0,
    0,
    0,
    0,
    1,
    0,
    0,
    0,
    0,
    0,
    0,
    0,
    0,
    0,
    0,
    0,
    0,
    0,
    0,
    0,
    0,
    0,
    0,
    0,
    0,
    0,
    0,
    0,
    0,
    0,
    0,
    0,
    0,
    0,
    0,
    0,
    0,
    0,
    0,
    0,
    0,
    0,
    0,
    0,
    0,
    0,
    0,
    0,
    0,
    0,
    0,
    0,
    0,
    0,
    0,
    0,
    0,
    0,
    0,
    0,
    0,
    0,
    0,
    0,
    0,
    0,
    0,
    0,
    0,
    0,
    0,
    0,
    0,
    0,
    0,
    0,
    0,
    0,
    0,
    0,
    0,
    0,
    0,
    0,
    0,
    0,
    0,
    0,
    0,
    0,
    0,
    0,
    0,
    0,
    0,
    0,
    0,
    0,
    0,
    0,
    0,
    0,
    0,
    0,
    0,
    0,
    0,
    0,
    0,
    0,
    0,
    0,
    0,
    0,
    0,
    0,
    0,
    0,
    0,
    0,
    0,
    0,
    0,
    0,
    0,
    0,
    0,
    0,
    0,
    0,
    0,
    0,
    0,
    0,
    0,
    0,
    0,
    0,
    0,
    0,
    0,
    0,
    0,
    0,
    0,
    0,
    0,
    0,
    0,
    0,
    0,
    0,
    0,
    0,
    0,
    0,
    0,
    0,
    0,
    0,
    0,
    0,
    0,
    0,
    0,
    0,
    0,
    0,
    0,
    0,
    0,
    0,
    0,
    0,
    0,
    0,
    0,
    0,
    0,
    0,
    0,
    0,
    0,
    0,
    1,
    0,
    0,
    0,
    0,
    0,
    0,
    0,
    0,
    0,
    0,
    0,
    0,
    0,
    0,
    0,
    0,
    0,
    0,
    0,
    0,
    0,
    0,
    0,
    0,
    0,
    0,
    0,
    0,
    0,
    0,
    0,
    0,
    0,
    0,
    0,
    0,
    0,
    0,
    0,
    0,
    0,
    0,
    0,
    0,
    0,
    0,
    3,
    0,
    0,
    0,
    0,
    0,
    0,
    0,
    0,
    0,
    0,
    0,
    0,
    0,
    0,
    0,
    0,
    0,
    0,
    0,
    0,
    0,
    0,
    0,
    0,
    0,
    0,
    2,
    0,
    0,
    0,
    0,
    0,
    1,
    0,
    0,
    0,
    0,
    0,
    0,
    0,
    0,
    0,
    0,
    0,
    0,
    0,
    0,
    0,
    0,
    0,
    0,
    0,
    0,
    1,
    0,
    0,
    0,
    0,
    0,
    0,
    0,
    0,
    0,
    0,
    0,
    0,
    0,
    0,
    0,
    0,
    0,
    0,
    0,
    0,
    0,
    0,
    0,
    0,
    0,
    0,
    0,
    0,
    0,
    0,
    0,
    1,
    0,
    0,
    0,
    0,
    0,
    0,
    0,
    0,
    0,
    0,
    0,
    0,
    0,
    0,
    0,
    0,
    0,
    0,
    0,
    0,
    0,
    0,
    0,
    0,
    0,
    0,
    0,
    0,
    0,
    0,
    0,
    0,
    0,
    0,
    0,
    0,
    0,
    0,
    0,
    0,
    0,
    0,
    0,
    0,
    0,
    0,
    0,
    0,
    0,
    0,
    0,
    0,
    0,
    0,
    0,
    0,
    0,
    2,
    0,
    2,
    0,
    0,
    0,
    0,
    0,
    0,
    0,
    0,
    0,
    0,
    0,
    0,
    0,
    0,
    0,
    0,
    0,
    0,
    0,
    0,
    0,
    0,
    0,
    0,
    0,
    0,
    0,
    0,
    0,
    0,
    0,
    0,
    0,
    0,
    0,
    0,
    0,
    0,
    0,
    0,
    0,
    0,
    0,
    0,
    0,
    0,
    0,
    0,
    0,
    0,
    0,
    0,
    0,
    0,
    0,
    0,
    0,
    0,
    0,
    0,
    0,
    0,
    0,
    0,
    0,
    0,
    0,
    0,
    0,
    0,
    0,
    0,
    0,
    0,
    0,
    0,
    0,
    0,
    0,
    0,
    0,
    0,
    0,
    0,
    0,
    0,
    0,
    0,
    0,
    0,
    0,
    0,
    0,
    0,
    1,
    0,
    0,
    0,
    0,
    0,
    0,
    0,
    0,
    0,
    0,
    0,
    0,
    0,
    0,
    0,
    0,
    0,
    0,
    0,
    0,
    0,
    0,
    0,
    0,
    0,
    0,
    0,
    0,
    0,
    0,
    0,
    0,
    0,
    0,
    0,
    0,
    0,
    0,
    0,
    0,
    0,
    0,
    0,
    0,
    0,
    0,
    0,
    0,
    0,
    0,
    0,
    0,
    0,
    0,
    0,
    0,
    0,
    0,
    0,
    0,
    0,
    0,
    0,
    0,
    0,
    0,
    0,
    0,
    0,
    0,
    0,
    0,
    0,
    0,
    0,
    0,
    0,
    0,
    0,
    0,
    0,
    0,
    0,
    0,
    0,
    0,
    0,
    0,
    0,
    0,
    0,
    0,
    0,
    0,
    0,
    0,
    0,
    0,
    0,
    0,
    0,
    0,
    0,
    0,
    0,
    0,
    0,
    0,
    0,
    0,
    0,
    0,
    0,
    0,
    0,
    0,
    0,
    0,
    0,
    0,
    0,
    0,
    0,
    0,
    0,
    0,
    0,
    0,
    0,
    0,
    0,
    0,
    0,
    0,
    0,
    0,
    0,
    0,
    0,
    0,
    1,
    0,
    0,
    0,
    0,
    0,
    0,
    0,
    0,
    0,
    0,
    0,
    0,
    0,
    0,
    0,
    0,
    0,
    0,
    0,
    0,
    0,
    0,
    0,
    0,
    0,
    0,
    0,
    0,
    0,
    0,
    0,
    0,
    0,
    0,
    0,
    0,
    0,
    0,
    0,
    0,
    0,
    0,
    0,
    0,
    0,
    0,
    0,
    0,
    0,
    0,
    0,
    0,
    0,
    0,
    0,
    0,
    0,
    1,
    0,
    0,
    0,
    0,
    0,
    0,
    0,
    0,
    0,
    0,
    0,
    0,
    0,
    0,
    0,
    0,
    0,
    0,
    0,
    0,
    0,
    0,
    0,
    0,
    0,
    0,
    0,
    0,
    0,
    0,
    0,
    0,
    0,
    0,
    0,
    0,
    0,
    0,
    0,
    0,
    0,
    0,
    0,
    0,
    0,
    0,
    0,
    0,
    0,
    0,
    0,
    0,
    0,
    0,
    0,
    0,
    0,
    0,
    0,
    0,
    0,
    0,
    0,
    0,
    0,
    0,
    0,
    0
  ],
  "pressure_subdivision_wall_ms": {
    "grid_query_distance": 1.1496398801682517,
    "query_weights_gram": 4.759754799888469,
    "small_closed_form_solve": 0.019644260173663497
  },
  "grid_samples_visited": [
    287,
    365,
    343,
    274,
    196,
    323,
    358,
    257,
    342,
    316,
    196,
    219,
    287,
    333,
    268,
    366,
    219,
    268,
    196,
    0,
    565,
    537,
    539,
    530,
    477,
    579,
    170,
    196,
    196,
    270,
    431,
    481,
    397,
    229,
    196,
    472,
    477,
    409,
    170,
    170,
    170,
    342,
    358,
    205,
    181,
    224,
    257,
    283,
    241,
    164,
    166,
    225,
    299,
    164,
    355,
    274,
    342,
    287,
    383,
    366,
    219,
    268,
    343,
    257,
    268,
    316,
    343,
    418,
    315,
    323,
    287,
    365,
    408,
    315,
    196,
    323,
    386,
    442,
    362,
    475,
    657,
    362,
    412,
    362,
    362,
    488,
    539,
    413,
    362,
    442,
    170,
    219,
    196,
    257,
    350,
    270,
    416,
    418,
    453,
    446,
    350,
    407,
    270,
    170,
    170,
    178,
    165,
    342,
    333,
    234,
    213,
    196,
    196,
    257,
    316,
    236,
    219,
    333,
    196,
    230,
    342,
    227,
    260,
    366,
    219,
    196,
    257,
    350,
    274,
    342,
    196,
    287,
    333,
    366,
    412,
    412,
    268,
    420,
    408,
    446,
    477,
    268,
    377,
    426,
    412,
    314,
    268,
    408,
    346,
    363,
    268,
    316,
    424,
    645,
    539,
    504,
    362,
    442,
    170,
    196,
    196,
    170,
    170,
    170,
    180,
    333,
    162,
    198,
    155,
    365,
    268,
    196,
    316,
    323,
    138,
    321,
    257,
    316,
    219,
    196,
    196,
    196,
    196,
    196,
    358,
    257,
    342,
    316,
    196,
    219,
    287,
    333,
    268,
    366,
    219,
    196,
    257,
    196,
    625,
    442,
    644,
    362,
    170,
    257,
    316,
    268,
    219,
    333,
    196,
    170,
    219,
    196,
    343,
    257,
    196,
    316,
    170,
    170,
    170,
    205,
    323,
    196,
    145,
    198,
    374,
    292,
    219,
    196,
    196,
    343,
    343,
    257,
    196,
    316,
    219,
    196,
    148,
    162,
    196,
    196,
    219,
    196,
    257,
    196,
    431,
    481,
    537,
    480,
    539,
    472,
    477,
    509,
    358,
    257,
    342,
    316,
    196,
    219,
    287,
    333,
    268,
    366,
    270,
    412,
    268,
    268,
    392,
    343,
    413,
    268,
    316,
    170,
    196,
    196,
    424,
    362,
    170,
    170,
    342,
    196,
    289,
    235,
    273,
    178,
    351,
    316,
    236,
    366,
    257,
    316,
    164,
    219,
    333,
    164,
    227,
    290,
    270,
    230,
    323,
    230,
    342,
    227,
    260,
    290,
    274,
    372,
    342,
    196,
    196,
    287,
    333,
    366,
    343,
    418,
    408,
    315,
    196,
    323,
    213,
    358,
    372,
    418,
    342,
    196,
    196,
    287,
    333,
    366,
    412,
    362,
    413,
    442,
    170,
    358,
    342,
    335,
    477,
    409,
    170,
    358,
    342,
    335,
    477,
    409,
    170,
    170,
    170,
    310,
    198,
    235,
    205,
    159,
    224,
    342,
    227,
    0,
    290,
    219,
    287,
    196,
    362,
    343,
    230,
    257,
    196,
    323,
    316,
    257,
    316,
    268,
    219,
    333,
    196,
    208,
    219,
    285,
    231,
    138,
    164,
    357,
    362,
    343,
    230,
    257,
    196,
    323,
    316,
    386,
    350,
    284,
    268,
    227,
    290,
    230,
    323,
    196,
    196,
    170,
    257,
    196,
    219,
    196,
    170,
    257,
    350,
    219,
    196,
    424,
    270,
    170,
    281,
    196,
    196,
    227,
    362,
    309,
    230,
    196,
    296,
    358,
    316,
    196,
    114,
    342,
    173,
    260,
    290,
    196,
    196,
    196,
    219,
    196,
    257,
    196,
    431,
    342,
    472,
    409,
    219,
    196,
    196,
    196,
    412,
    539,
    413,
    362,
    442,
    424,
    347,
    645,
    623,
    314,
    362,
    609,
    595,
    527,
    577,
    623,
    539,
    558,
    571,
    170,
    196,
    196,
    170,
    170,
    270,
    198,
    300,
    170,
    137,
    201,
    300,
    170,
    287,
    362,
    343,
    230,
    196,
    323,
    219,
    287,
    196,
    365,
    343,
    274,
    257,
    196,
    323,
    316,
    196,
    196,
    358,
    342,
    196,
    287,
    383,
    366,
    196,
    196,
    412,
    268,
    413,
    350,
    270,
    343,
    418,
    453,
    446,
    353,
    170,
    287,
    365,
    346,
    315,
    196,
    377,
    170,
    270,
    170,
    180,
    198,
    155,
    342,
    178,
    219,
    138,
    164,
    296,
    343,
    257,
    164,
    316,
    257,
    316,
    164,
    219,
    333,
    196,
    219,
    196,
    257,
    268,
    316,
    219,
    229,
    196,
    343,
    343,
    257,
    196,
    316,
    257,
    316,
    268,
    219,
    333,
    196,
    358,
    257,
    397,
    316,
    268,
    219,
    287,
    333,
    268,
    366,
    170,
    257,
    350,
    219,
    196,
    424,
    625,
    539,
    539,
    170,
    196,
    196,
    170,
    170,
    180,
    333,
    162,
    333,
    198,
    137,
    287,
    362,
    343,
    230,
    196,
    323,
    219,
    196,
    196,
    257,
    196,
    219,
    196,
    274,
    257,
    342,
    316,
    196,
    219,
    287,
    333,
    196,
    366,
    287,
    365,
    346,
    315,
    196,
    323,
    358,
    342,
    335,
    477,
    409,
    343,
    418,
    409,
    315,
    323,
    170,
    257,
    350,
    219,
    196,
    170,
    257,
    350,
    219,
    196,
    170,
    270,
    270,
    323,
    127,
    198,
    325,
    342,
    164,
    196,
    196,
    230,
    342,
    227,
    260,
    290,
    274,
    342,
    287,
    299,
    366,
    219,
    196,
    196,
    257,
    350,
    219,
    196,
    257,
    316,
    236,
    219,
    333,
    196,
    539,
    539,
    170,
    358,
    257,
    342,
    316,
    196,
    219,
    287,
    333,
    268,
    366,
    170,
    219,
    196,
    257,
    196,
    170,
    170,
    170,
    336,
    234,
    342,
    188,
    196,
    219,
    196,
    343,
    257,
    164,
    316,
    181,
    224,
    287,
    287,
    342,
    196,
    196,
    287,
    260,
    366,
    219,
    196,
    257,
    350,
    219,
    196,
    257,
    236,
    316,
    287,
    365,
    312,
    274,
    196,
    323,
    196,
    196,
    170,
    257,
    316,
    268,
    219,
    333,
    268,
    270,
    556,
    523,
    453,
    494,
    442,
    570,
    270,
    170,
    170,
    213,
    342,
    196,
    180,
    257,
    316,
    196,
    219,
    333,
    196,
    330,
    225,
    287,
    230,
    323,
    219,
    196,
    196,
    196,
    196,
    219,
    268,
    413,
    350,
    274,
    342,
    196,
    287,
    333,
    366,
    375,
    301,
    431,
    415,
    492,
    537,
    537,
    522,
    362,
    530,
    530,
    570,
    362,
    579,
    424,
    431,
    535,
    635,
    480,
    539,
    643,
    477,
    579,
    270,
    565,
    558,
    537,
    522,
    362,
    530,
    530,
    570,
    362,
    579,
    170,
    270,
    170,
    201,
    333,
    239,
    351,
    342,
    351,
    357,
    196,
    236,
    145,
    287,
    362,
    343,
    196,
    323,
    257,
    196,
    219,
    196,
    227,
    287,
    230,
    323,
    219,
    196,
    257,
    196,
    196,
    196,
    274,
    257,
    342,
    316,
    196,
    219,
    287,
    333,
    196,
    366,
    196,
    196,
    0,
    362,
    362,
    211,
    343,
    418,
    408,
    315,
    196,
    323,
    270,
    416,
    523,
    453,
    494,
    442,
    570,
    270,
    270,
    170,
    180,
    196,
    477,
    316,
    304,
    173,
    108,
    196,
    117,
    162,
    257,
    196,
    196,
    227,
    287,
    267,
    230,
    323,
    257,
    196,
    196,
    219,
    196,
    257,
    164,
    316,
    331,
    268,
    346,
    363,
    268,
    316,
    196,
    196,
    270,
    504,
    442,
    530,
    362,
    170,
    257,
    350,
    196,
    170,
    270,
    170,
    165,
    297,
    155,
    213,
    323,
    230,
    257,
    296,
    316,
    196,
    219,
    287,
    333,
    164,
    366,
    257,
    316,
    164,
    219,
    333,
    196,
    257,
    350,
    219,
    196,
    219,
    196,
    257,
    236,
    316,
    287,
    365,
    408,
    315,
    268,
    377,
    219,
    196,
    413,
    350,
    170,
    287,
    365,
    346,
    315,
    196,
    323,
    270,
    412,
    268,
    413,
    350,
    170,
    170,
    170,
    196,
    233,
    342,
    117,
    316,
    164,
    166,
    299,
    164,
    188,
    196,
    196,
    219,
    196,
    257,
    196,
    219,
    285,
    164,
    362,
    343,
    230,
    257,
    196,
    323,
    316,
    285,
    362,
    309,
    230,
    196,
    323,
    196,
    196,
    287,
    365,
    312,
    274,
    196,
    323,
    170,
    274,
    342,
    335,
    433,
    409,
    424,
    625,
    442,
    644,
    539,
    170,
    170,
    170,
    175,
    233,
    208,
    356,
    114,
    288,
    173,
    260,
    279,
    257,
    196,
    219,
    196,
    331,
    257,
    308,
    316,
    268,
    219,
    333,
    268,
    227,
    287,
    267,
    230,
    323,
    227,
    290,
    270,
    230,
    323,
    412,
    362,
    413,
    442,
    170,
    412,
    314,
    268,
    392,
    343,
    363,
    268,
    316,
    270,
    412,
    469,
    362,
    595,
    527,
    494,
    477,
    362,
    558,
    515,
    170,
    287,
    365,
    408,
    323,
    270,
    170,
    333,
    449,
    233,
    155,
    198,
    145,
    233,
    314,
    365,
    343,
    195,
    196,
    330,
    351,
    323,
    342,
    321,
    257,
    196,
    196,
    219,
    196,
    257,
    196,
    196,
    196,
    219,
    196,
    257,
    236,
    350,
    314,
    314,
    219,
    287,
    268,
    365,
    346,
    257,
    196,
    377,
    316,
    213,
    431,
    331,
    257,
    424,
    308,
    397,
    316,
    196,
    219,
    287,
    333,
    268,
    366,
    170,
    257,
    316,
    268,
    219,
    333,
    268,
    424,
    625,
    442,
    539,
    170,
    170,
    170,
    323,
    198,
    165,
    199,
    196,
    196,
    196,
    196,
    257,
    316,
    164,
    219,
    333,
    196,
    219,
    196,
    295,
    196,
    219,
    287,
    268,
    365,
    346,
    315,
    257,
    196,
    377,
    316,
    219,
    196,
    196,
    196,
    287,
    365,
    346,
    315,
    196,
    323,
    170,
    257,
    350,
    219,
    196,
    170,
    274,
    342,
    335,
    383,
    409,
    170,
    170,
    170,
    333,
    165,
    181,
    301,
    253,
    273,
    257,
    316,
    236,
    219,
    333,
    196,
    257,
    316,
    268,
    219,
    333,
    268,
    287,
    365,
    343,
    274,
    196,
    323,
    358,
    342,
    342,
    287,
    477,
    366,
    257,
    316,
    236,
    219,
    196,
    412,
    314,
    362,
    533,
    612,
    623,
    362,
    571,
    424,
    625,
    442,
    362,
    644,
    539,
    270,
    362,
    362,
    270,
    170,
    270,
    196,
    199,
    438,
    159,
    219,
    257,
    196,
    196,
    274,
    418,
    342,
    196,
    196,
    287,
    333,
    366,
    219,
    196,
    257,
    162,
    257,
    196,
    196,
    219,
    196,
    257,
    350,
    358,
    342,
    472,
    477,
    409,
    270,
    386,
    350,
    268,
    475,
    409,
    268,
    270,
    268,
    196,
    270,
    270,
    270,
    234,
    196,
    174,
    299,
    257,
    196,
    196,
    196,
    196,
    230,
    296,
    342,
    196,
    196,
    287,
    260,
    366,
    257,
    196,
    196,
    219,
    196,
    295,
    268,
    350,
    343,
    418,
    408,
    315,
    323,
    0,
    219,
    196,
    196,
    392,
    343,
    257,
    268,
    316,
    270,
    386,
    522,
    362,
    475,
    570,
    362,
    270,
    431,
    481,
    537,
    395,
    442,
    472,
    477,
    509,
    170,
    170,
    170,
    180,
    165,
    198,
    198,
    219,
    285,
    164,
    362,
    309,
    230,
    257,
    196,
    296,
    316,
    257,
    196,
    219,
    196,
    274,
    342,
    335,
    433,
    409,
    257,
    316,
    268,
    219,
    333,
    268,
    287,
    365,
    309,
    274,
    196,
    323,
    412,
    362,
    413,
    442,
    416,
    523,
    453,
    494,
    570,
    424,
    347,
    556,
    386,
    314,
    362,
    527,
    527,
    623,
    362,
    571,
    170,
    257,
    196,
    219,
    196,
    170,
    270,
    170,
    292,
    281,
    401,
    196,
    236,
    308,
    323,
    350,
    208,
    0,
    219,
    287,
    196,
    196,
    357,
    362,
    343,
    343,
    343,
    196,
    323,
    316,
    283,
    343,
    274,
    323,
    257,
    316,
    236,
    219,
    333,
    196,
    287,
    365,
    364,
    315,
    323,
    196,
    196,
    219,
    196,
    257,
    164,
    316,
    556,
    523,
    453,
    577,
    442,
    570,
    270,
    362,
    362,
    346,
    625,
    577,
    362,
    644,
    657,
    362,
    270,
    170,
    170,
    289,
    333,
    234,
    342,
    316,
    257,
    162,
    219,
    196,
    257,
    196,
    196,
    257,
    316,
    196,
    219,
    333,
    196,
    302,
    412,
    339,
    314,
    268,
    346,
    363,
    268,
    426,
    287,
    365,
    270,
    274,
    323,
    358,
    372,
    342,
    196,
    196,
    287,
    333,
    366,
    270,
    386,
    442,
    530,
    362,
    424,
    645,
    539,
    504,
    362,
    442,
    270,
    170,
    170,
    289,
    198,
    290,
    208,
    343,
    198,
    127,
    534,
    257,
    162,
    219,
    196,
    257,
    347,
    196,
    219,
    196,
    343,
    257,
    164,
    316,
    219,
    196,
    257,
    196,
    358,
    342,
    335,
    409,
    196,
    196,
    270,
    431,
    481,
    537,
    480,
    539,
    472,
    477,
    509,
    424,
    623,
    595,
    453,
    577,
    539,
    570,
    270,
    268,
    170,
    170,
    196,
    358,
    181,
    237,
    0,
    219,
    196,
    257,
    316,
    257,
    316,
    268,
    219,
    333,
    196,
    257,
    196,
    196,
    358,
    342,
    196,
    287,
    333,
    366,
    343,
    418,
    453,
    446,
    353,
    431,
    342,
    472,
    477,
    409,
    556,
    523,
    453,
    577,
    442,
    570,
    270,
    268,
    316,
    424,
    556,
    539,
    413,
    442,
    170,
    270,
    170,
    333,
    233,
    196,
    333,
    201,
    285,
    362,
    309,
    230,
    196,
    323,
    196,
    196,
    196,
    196,
    268,
    268,
    196,
    196,
    358,
    257,
    397,
    316,
    268,
    219,
    287,
    333,
    268,
    366,
    362,
    362,
    170,
    257,
    316,
    236,
    219,
    196,
    170,
    196,
    196,
    270,
    170,
    170,
    198,
    297,
    236,
    315,
    323,
    281,
    196,
    196,
    219,
    196,
    343,
    257,
    164,
    316,
    230,
    342,
    196,
    287,
    333,
    366,
    227,
    290,
    270,
    230,
    323,
    252,
    412,
    359,
    314,
    268,
    417,
    365,
    346,
    446,
    363,
    268,
    377,
    426,
    219,
    196,
    196,
    196,
    287,
    365,
    312,
    274,
    323,
    170,
    283,
    343,
    315,
    323,
    270,
    268,
    268,
    424,
    270,
    170,
    205,
    323,
    196,
    342,
    188,
    196,
    240,
    287,
    365,
    270,
    274,
    323,
    219,
    196,
    343,
    257,
    196,
    316,
    257,
    316,
    164,
    219,
    333,
    196,
    287,
    365,
    364,
    315,
    323,
    257,
    196,
    196,
    219,
    196,
    257,
    350,
    170,
    219,
    196,
    257,
    350,
    170,
    219,
    268,
    343,
    257,
    196,
    316,
    170,
    170,
    170,
    196,
    343,
    287,
    0,
    233,
    180,
    219,
    196,
    117,
    162,
    257,
    316,
    196,
    219,
    333,
    196,
    287,
    365,
    408,
    315,
    323,
    358,
    257,
    397,
    316,
    268,
    284,
    417,
    383,
    268,
    366,
    431,
    257,
    397,
    316,
    268,
    219,
    287,
    333,
    268,
    366,
    257,
    196,
    219,
    196,
    170,
    257,
    196,
    196,
    270,
    359,
    365,
    408,
    446,
    196,
    407,
    270,
    412,
    362,
    454,
    477,
    362,
    515,
    270,
    270,
    170,
    343,
    365,
    323,
    201,
    196,
    196,
    196,
    196,
    257,
    162,
    219,
    196,
    257,
    162,
    219,
    196,
    219,
    196,
    257,
    350,
    219,
    196,
    257,
    196,
    268,
    268,
    170,
    358,
    342,
    335,
    433,
    409,
    170,
    257,
    196,
    196,
    170,
    170,
    270,
    336,
    170,
    347,
    112,
    165,
    299,
    198,
    299,
    164,
    196,
    196,
    196,
    196,
    343,
    418,
    315,
    323,
    219,
    285,
    164,
    362,
    309,
    230,
    257,
    196,
    296,
    316,
    358,
    397,
    196,
    472,
    477,
    409,
    358,
    342,
    335,
    477,
    409,
    219,
    196,
    196,
    270,
    412,
    316,
    413,
    314,
    395,
    170,
    219,
    196,
    257,
    196,
    270,
    170,
    170,
    196,
    166,
    256,
    323,
    300,
    230,
    296,
    342,
    196,
    196,
    287,
    260,
    366,
    287,
    365,
    312,
    274,
    196,
    323,
    230,
    342,
    196,
    287,
    299,
    366,
    257,
    350,
    219,
    196,
    287,
    365,
    343,
    315,
    196,
    323,
    219,
    196,
    257,
    236,
    316,
    170,
    219,
    287,
    196,
    365,
    343,
    315,
    257,
    196,
    323,
    316,
    329,
    556,
    523,
    494,
    570,
    170,
    170,
    170,
    198,
    145,
    165,
    188,
    257,
    316,
    164,
    219,
    333,
    164,
    219,
    196,
    257,
    268,
    316,
    358,
    257,
    397,
    316,
    196,
    219,
    287,
    333,
    268,
    366,
    230,
    372,
    342,
    196,
    196,
    287,
    299,
    366,
    343,
    418,
    315,
    323,
    556,
    623,
    362,
    595,
    453,
    494,
    477,
    362,
    558,
    515,
    270,
    412,
    268,
    413,
    350,
    270,
    362,
    362,
    270,
    170,
    270,
    137,
    333,
    258,
    287,
    365,
    343,
    274,
    196,
    323,
    333,
    219,
    285,
    164,
    362,
    309,
    164,
    296,
    316,
    257,
    196,
    196,
    196,
    196,
    219,
    196,
    257,
    350,
    219,
    287,
    196,
    236,
    362,
    343,
    257,
    196,
    323,
    350,
    316,
    219,
    196,
    257,
    350,
    257,
    350,
    219,
    196,
    0,
    343,
    418,
    315,
    323,
    424,
    565,
    635,
    493,
    477,
    584,
    270,
    556,
    362,
    454,
    527,
    362,
    571,
    270,
    270,
    170,
    196,
    343,
    145,
    208,
    234,
    300,
    0,
    274,
    257,
    342,
    316,
    196,
    219,
    287,
    333,
    164,
    366,
    196,
    196,
    287,
    365,
    309,
    274,
    196,
    323,
    219,
    196,
    257,
    350,
    274,
    257,
    342,
    316,
    196,
    219,
    287,
    333,
    196,
    366,
    219,
    196,
    343,
    257,
    268,
    316,
    412,
    268,
    413,
    350,
    170,
    358,
    342,
    472,
    477,
    409,
    170,
    252,
    219,
    267,
    314,
    268,
    343,
    343,
    257,
    196,
    316,
    170,
    170,
    170,
    233,
    205,
    323,
    208,
    181,
    159,
    257,
    316,
    196,
    219,
    196,
    343,
    257,
    196,
    316,
    219,
    196,
    257,
    196,
    331,
    196,
    413,
    350,
    219,
    287,
    164,
    362,
    343,
    230,
    257,
    196,
    323,
    316,
    219,
    196,
    257,
    236,
    316,
    625,
    539,
    539,
    424,
    645,
    623,
    362,
    595,
    527,
    577,
    623,
    362,
    558,
    515,
    270,
    331,
    268,
    343,
    363,
    268,
    316,
    170,
    170,
    170,
    196,
    343,
    310,
    137,
    283,
    219,
    196,
    196,
    343,
    343,
    257,
    196,
    316,
    257,
    162,
    219,
    196,
    230,
    342,
    227,
    290,
    257,
    316,
    196,
    219,
    333,
    196,
    268,
    268,
    219,
    196,
    196,
    392,
    343,
    257,
    268,
    316,
    170,
    219,
    196,
    257,
    350,
    424,
    625,
    442,
    644,
    539,
    170,
    270,
    211,
    289,
    346,
    290,
    333,
    198,
    333,
    196,
    196,
    219,
    196,
    148,
    164,
    162,
    219,
    196,
    257,
    164,
    316,
    257,
    350,
    196,
    287,
    365,
    408,
    315,
    196,
    323,
    196,
    196,
    270,
    362,
    362,
    270,
    362,
    362,
    170,
    268,
    270,
    270,
    342,
    268,
    364,
    130,
    196,
    420,
    315,
    477,
    287,
    365,
    312,
    274,
    196,
    323,
    219,
    196,
    117,
    162,
    219,
    196,
    257,
    196,
    257,
    196,
    196,
    331,
    350,
    284,
    268,
    268,
    268,
    358,
    342,
    335,
    477,
    409,
    170,
    257,
    350,
    196,
    270,
    412,
    362,
    413,
    362,
    442,
    270,
    170,
    170,
    281,
    333,
    205,
    285,
    362,
    267,
    174,
    196,
    296,
    0,
    196,
    196,
    219,
    196,
    257,
    196,
    196,
    196,
    257,
    316,
    268,
    219,
    333,
    268,
    274,
    257,
    342,
    196,
    287,
    333,
    366,
    556,
    623,
    362,
    595,
    454,
    494,
    527,
    362,
    558,
    515,
    274,
    342,
    196,
    287,
    333,
    366,
    270,
    268,
    268,
    170,
    219,
    196,
    257,
    196,
    170,
    170,
    170,
    506,
    0,
    0,
    383,
    0,
    0,
    205,
    301,
    227,
    287,
    267,
    230,
    323,
    227,
    290,
    322,
    230,
    323,
    287,
    362,
    267,
    230,
    196,
    323,
    431,
    342,
    350,
    472,
    477,
    409,
    196,
    196,
    287,
    365,
    408,
    315,
    196,
    323,
    170,
    219,
    196,
    196,
    343,
    343,
    257,
    196,
    316,
    170,
    196,
    196,
    170,
    170,
    170,
    342,
    297,
    289,
    213,
    289,
    159,
    225,
    287,
    230,
    323,
    219,
    196,
    196,
    219,
    196,
    413,
    350,
    219,
    196,
    257,
    196,
    257,
    350,
    284,
    196,
    386,
    442,
    362,
    475,
    584,
    362,
    170,
    219,
    196,
    257,
    236,
    316,
    424,
    625,
    539,
    539,
    270,
    270,
    270,
    234,
    198,
    223,
    323,
    196,
    196,
    165,
    198,
    224,
    283,
    196,
    225,
    260,
    355,
    257,
    162,
    219,
    333,
    196,
    257,
    162,
    219,
    196,
    219,
    196,
    257,
    236,
    316,
    257,
    316,
    196,
    219,
    333,
    196,
    219,
    196,
    196,
    345,
    343,
    257,
    164,
    316,
    625,
    442,
    530,
    362,
    0,
    219,
    196,
    295,
    350,
    170,
    196,
    196,
    170,
    331,
    196,
    413,
    350,
    170,
    270,
    198,
    333,
    198,
    208,
    230,
    257,
    296,
    316,
    196,
    219,
    287,
    333,
    164,
    366,
    219,
    196,
    196,
    392,
    343,
    257,
    268,
    316,
    343,
    418,
    315,
    323,
    358,
    342,
    335,
    477,
    409,
    196,
    196,
    257,
    196,
    219,
    196,
    219,
    196,
    295,
    350,
    424,
    539,
    539,
    270,
    412,
    362,
    413,
    442,
    170,
    170,
    170,
    198,
    198,
    324,
    180,
    162,
    196,
    257,
    316,
    196,
    219,
    333,
    196,
    219,
    196,
    196,
    343,
    343,
    257,
    196,
    316,
    196,
    196,
    196,
    358,
    257,
    397,
    316,
    196,
    219,
    287,
    333,
    268,
    366,
    196,
    196,
    295,
    350,
    284,
    268,
    170,
    196,
    196,
    270,
    431,
    558,
    453,
    479,
    316,
    475,
    475,
    477,
    314,
    513,
    170,
    170,
    270,
    234,
    330,
    198,
    213,
    208,
    166,
    0,
    274,
    342,
    227,
    290,
    219,
    196,
    257,
    236,
    316,
    196,
    196,
    219,
    287,
    268,
    365,
    343,
    315,
    257,
    196,
    377,
    316,
    358,
    342,
    335,
    477,
    409,
    412,
    314,
    413,
    314,
    395,
    170,
    257,
    316,
    219,
    196,
    170,
    219,
    196,
    295,
    350,
    270,
    170,
    170,
    307,
    343,
    0,
    356,
    355,
    273,
    0,
    160,
    224,
    287,
    296,
    342,
    164,
    196,
    287,
    299,
    355,
    219,
    196,
    196,
    345,
    343,
    257,
    268,
    316,
    219,
    196,
    196,
    345,
    343,
    257,
    268,
    316,
    343,
    418,
    315,
    323,
    257,
    316,
    268,
    219,
    333,
    196,
    219,
    196,
    196,
    170,
    257,
    196,
    196,
    270,
    412,
    362,
    413,
    442,
    346,
    362,
    270,
    170,
    534,
    252,
    201,
    180,
    227,
    321,
    343,
    236,
    196,
    287,
    316,
    323,
    219,
    287,
    164,
    362,
    196,
    323,
    316,
    219,
    196,
    196,
    224,
    257,
    283,
    316,
    164,
    219,
    279,
    299,
    164,
    355,
    196,
    196,
    196,
    196,
    219,
    196,
    257,
    196,
    257,
    196,
    268,
    0,
    257,
    316,
    196,
    219,
    333,
    196,
    170,
    343,
    418,
    315,
    323,
    424,
    539,
    504,
    539,
    270,
    170,
    170,
    0,
    201,
    196,
    199,
    165,
    296,
    338,
    164,
    366,
    366,
    285,
    362,
    309,
    230,
    196,
    323,
    135,
    196,
    257,
    162,
    196,
    196,
    196,
    230,
    257,
    296,
    316,
    196,
    219,
    287,
    333,
    164,
    366,
    287,
    365,
    343,
    274,
    196,
    323,
    386,
    442,
    530,
    362,
    219,
    196,
    343,
    257,
    268,
    316,
    270,
    431,
    537,
    362,
    530,
    477,
    579,
    424,
    347,
    412,
    386,
    314,
    362,
    453,
    527,
    527,
    362,
    571,
    270,
    270,
    170,
    196,
    343,
    235,
    342,
    308,
    351,
    316,
    236,
    366,
    159,
    316,
    333,
    196,
    274,
    342,
    287,
    433,
    366,
    257,
    316,
    219,
    196,
    196,
    196,
    257,
    196,
    196,
    257,
    316,
    268,
    219,
    333,
    196,
    331,
    268,
    343,
    413,
    268,
    350,
    211,
    431,
    342,
    472,
    477,
    409,
    424,
    645,
    539,
    504,
    362,
    442,
    424,
    170,
    170,
    310,
    323,
    166,
    128,
    323,
    240,
    173,
    231,
    357,
    0,
    343,
    287,
    365,
    364,
    315,
    323,
    287,
    365,
    343,
    315,
    196,
    323,
    219,
    196,
    196,
    196,
    219,
    196,
    257,
    196,
    196,
    196,
    219,
    196,
    343,
    257,
    196,
    316,
    270,
    412,
    469,
    362,
    511,
    408,
    494,
    477,
    362,
    558,
    515,
    270,
    362,
    539,
    270,
    170,
    170,
    429,
    205,
    201,
    564,
    112,
    196,
    196,
    219,
    138,
    164,
    296,
    343,
    257,
    164,
    316,
    219,
    196,
    257,
    162,
    257,
    316,
    236,
    219,
    333,
    196,
    431,
    481,
    342,
    229,
    196,
    472,
    477,
    409,
    565,
    537,
    442,
    472,
    477,
    509,
    270,
    504,
    442,
    362,
    530,
    584,
    362,
    170,
    274,
    257,
    342,
    316,
    196,
    287,
    333,
    196,
    366,
    270,
    362,
    442,
    270,
    170,
    205,
    323,
    233,
    420,
    145,
    333,
    137,
    257,
    196,
    196,
    196,
    196,
    219,
    196,
    196,
    296,
    343,
    257,
    164,
    316,
    196,
    196,
    213,
    274,
    372,
    372,
    342,
    196,
    287,
    333,
    366,
    219,
    287,
    196,
    362,
    343,
    230,
    257,
    196,
    323,
    316,
    287,
    365,
    343,
    315,
    196,
    323,
    170,
    219,
    196,
    257,
    236,
    316,
    170,
    213,
    358,
    424,
    418,
    342,
    229,
    196,
    287,
    477,
    366,
    170,
    170,
    170,
    234,
    198,
    219,
    285,
    164,
    362,
    343,
    230,
    257,
    196,
    296,
    316,
    198,
    301,
    358,
    257,
    342,
    316,
    196,
    0,
    333,
    268,
    366,
    257,
    162,
    219,
    196,
    196,
    196,
    257,
    196,
    196,
    412,
    268,
    413,
    268,
    350,
    257,
    196,
    196,
    219,
    196,
    257,
    162,
    170,
    196,
    196,
    170,
    257,
    350,
    219,
    196,
    170,
    170,
    170,
    198,
    287,
    330,
    287,
    365,
    287,
    362,
    309,
    230,
    196,
    323,
    219,
    196,
    257,
    236,
    316,
    227,
    287,
    267,
    230,
    196,
    323,
    213,
    274,
    372,
    372,
    342,
    196,
    196,
    287,
    333,
    366,
    287,
    365,
    408,
    315,
    196,
    323,
    386,
    442,
    530,
    362,
    170,
    343,
    418,
    408,
    315,
    323,
    170,
    358,
    418,
    342,
    196,
    196,
    287,
    333,
    366,
    170,
    170,
    170,
    196,
    199,
    323,
    137,
    145,
    257,
    316,
    219,
    196,
    219,
    196,
    257,
    236,
    316,
    274,
    257,
    342,
    316,
    196,
    219,
    287,
    333,
    196,
    366,
    196,
    196,
    219,
    196,
    257,
    236,
    316,
    257,
    196,
    196,
    170,
    287,
    365,
    343,
    274,
    196,
    323,
    270,
    362,
    362,
    170,
    170,
    170,
    336,
    170,
    307,
    208,
    196,
    364,
    342,
    426,
    196,
    366,
    196,
    316,
    225,
    287,
    267,
    230,
    196,
    323,
    180,
    219,
    285,
    161,
    164,
    357,
    362,
    343,
    230,
    257,
    196,
    323,
    316,
    287,
    365,
    408,
    315,
    196,
    323,
    230,
    342,
    196,
    287,
    299,
    366,
    358,
    257,
    397,
    316,
    196,
    219,
    287,
    333,
    268,
    366,
    196,
    196,
    0,
    219,
    287,
    196,
    365,
    343,
    274,
    257,
    196,
    323,
    316,
    170,
    196,
    196,
    424,
    625,
    442,
    362,
    644,
    539,
    270,
    170,
    170,
    233,
    205,
    323,
    197,
    316,
    342,
    333,
    267,
    236,
    196,
    198,
    165,
    219,
    196,
    196,
    296,
    343,
    202,
    164,
    316,
    196,
    196,
    287,
    362,
    343,
    230,
    196,
    323,
    219,
    196,
    196,
    196,
    219,
    287,
    268,
    365,
    343,
    315,
    257,
    196,
    377,
    316,
    257,
    316,
    268,
    219,
    333,
    196,
    219,
    287,
    196,
    365,
    343,
    315,
    257,
    196,
    323,
    316,
    424,
    539,
    539,
    424,
    625,
    442,
    539,
    170,
    170,
    170,
    343,
    196,
    165,
    330,
    164,
    196,
    196,
    219,
    196,
    196,
    202,
    164,
    316,
    219,
    164,
    343,
    257,
    164,
    316,
    196,
    196,
    196,
    196,
    412,
    362,
    413,
    362,
    442,
    196,
    196,
    170,
    257,
    316,
    219,
    196,
    170,
    343,
    418,
    453,
    315,
    323,
    170,
    170,
    170,
    196,
    333,
    233,
    196,
    358,
    257,
    342,
    316,
    196,
    219,
    287,
    333,
    196,
    366,
    196,
    196,
    431,
    418,
    342,
    229,
    196,
    472,
    477,
    366,
    257,
    196,
    196,
    257,
    316,
    219,
    196
  ],
  "grid_samples_inside": [
    71,
    209,
    222,
    72,
    118,
    224,
    89,
    76,
    247,
    134,
    127,
    73,
    86,
    245,
    127,
    217,
    116,
    159,
    155,
    0,
    200,
    285,
    175,
    173,
    292,
    327,
    90,
    125,
    125,
    130,
    164,
    273,
    274,
    161,
    163,
    151,
    275,
    293,
    88,
    78,
    94,
    244,
    208,
    99,
    117,
    39,
    30,
    195,
    45,
    82,
    35,
    36,
    196,
    80,
    64,
    70,
    227,
    74,
    217,
    218,
    84,
    134,
    251,
    89,
    132,
    148,
    77,
    235,
    82,
    240,
    102,
    244,
    257,
    119,
    139,
    260,
    136,
    215,
    166,
    142,
    282,
    173,
    154,
    176,
    176,
    286,
    288,
    168,
    172,
    217,
    102,
    87,
    133,
    96,
    149,
    130,
    151,
    284,
    273,
    203,
    160,
    274,
    122,
    88,
    102,
    96,
    100,
    210,
    247,
    98,
    115,
    88,
    88,
    62,
    125,
    120,
    66,
    234,
    121,
    59,
    218,
    64,
    211,
    211,
    62,
    125,
    66,
    122,
    79,
    239,
    121,
    81,
    235,
    221,
    117,
    145,
    160,
    297,
    277,
    202,
    128,
    164,
    276,
    269,
    115,
    158,
    157,
    277,
    271,
    132,
    160,
    193,
    140,
    168,
    185,
    182,
    185,
    210,
    100,
    130,
    130,
    94,
    90,
    86,
    100,
    210,
    102,
    102,
    69,
    203,
    122,
    122,
    120,
    237,
    102,
    152,
    54,
    115,
    57,
    120,
    121,
    121,
    121,
    121,
    89,
    76,
    246,
    133,
    127,
    78,
    91,
    245,
    127,
    217,
    88,
    135,
    96,
    144,
    150,
    185,
    168,
    178,
    102,
    87,
    148,
    140,
    90,
    260,
    133,
    87,
    54,
    119,
    221,
    60,
    118,
    110,
    90,
    102,
    90,
    109,
    218,
    115,
    79,
    107,
    232,
    206,
    57,
    111,
    118,
    232,
    222,
    56,
    118,
    110,
    34,
    86,
    37,
    90,
    115,
    115,
    63,
    122,
    65,
    119,
    183,
    282,
    279,
    164,
    174,
    169,
    279,
    301,
    105,
    88,
    260,
    161,
    131,
    90,
    101,
    252,
    137,
    242,
    124,
    112,
    158,
    155,
    270,
    274,
    123,
    159,
    175,
    92,
    129,
    129,
    140,
    180,
    90,
    94,
    262,
    135,
    151,
    131,
    130,
    93,
    227,
    135,
    129,
    213,
    45,
    91,
    104,
    43,
    216,
    104,
    61,
    210,
    206,
    64,
    218,
    55,
    214,
    59,
    197,
    204,
    72,
    227,
    229,
    120,
    123,
    72,
    231,
    205,
    105,
    252,
    252,
    116,
    142,
    257,
    128,
    92,
    218,
    238,
    249,
    133,
    125,
    93,
    248,
    228,
    146,
    176,
    169,
    179,
    102,
    114,
    261,
    110,
    253,
    257,
    94,
    99,
    248,
    96,
    241,
    241,
    94,
    90,
    94,
    119,
    120,
    146,
    88,
    77,
    44,
    199,
    45,
    0,
    171,
    55,
    65,
    113,
    189,
    227,
    69,
    56,
    114,
    221,
    107,
    77,
    131,
    131,
    82,
    252,
    129,
    105,
    49,
    58,
    97,
    110,
    109,
    79,
    163,
    215,
    63,
    48,
    111,
    217,
    94,
    115,
    163,
    129,
    162,
    62,
    213,
    64,
    218,
    146,
    147,
    90,
    66,
    124,
    68,
    127,
    94,
    73,
    130,
    76,
    129,
    140,
    130,
    78,
    151,
    103,
    103,
    44,
    78,
    198,
    43,
    85,
    208,
    238,
    111,
    115,
    41,
    196,
    44,
    173,
    170,
    122,
    125,
    121,
    76,
    129,
    80,
    131,
    142,
    268,
    149,
    271,
    55,
    119,
    112,
    116,
    160,
    179,
    173,
    182,
    189,
    146,
    181,
    188,
    199,
    188,
    188,
    330,
    351,
    302,
    299,
    194,
    184,
    305,
    328,
    100,
    130,
    130,
    90,
    94,
    124,
    123,
    200,
    70,
    69,
    117,
    250,
    94,
    62,
    191,
    221,
    67,
    113,
    218,
    57,
    68,
    114,
    193,
    231,
    70,
    57,
    120,
    225,
    112,
    103,
    103,
    104,
    258,
    132,
    103,
    257,
    237,
    137,
    138,
    107,
    147,
    122,
    159,
    124,
    143,
    273,
    267,
    179,
    270,
    105,
    107,
    254,
    260,
    133,
    139,
    265,
    94,
    130,
    94,
    100,
    102,
    72,
    210,
    105,
    40,
    98,
    95,
    199,
    212,
    40,
    99,
    83,
    40,
    92,
    99,
    40,
    210,
    97,
    81,
    129,
    86,
    137,
    134,
    62,
    121,
    121,
    236,
    236,
    69,
    123,
    121,
    66,
    129,
    123,
    67,
    237,
    127,
    116,
    94,
    265,
    173,
    140,
    102,
    107,
    259,
    147,
    258,
    94,
    75,
    133,
    78,
    129,
    146,
    183,
    188,
    186,
    108,
    135,
    142,
    88,
    82,
    100,
    211,
    102,
    254,
    114,
    71,
    65,
    194,
    221,
    68,
    115,
    220,
    70,
    127,
    125,
    59,
    118,
    60,
    121,
    76,
    65,
    232,
    123,
    123,
    63,
    76,
    237,
    119,
    199,
    96,
    245,
    259,
    123,
    137,
    262,
    109,
    258,
    114,
    250,
    256,
    100,
    243,
    241,
    97,
    249,
    94,
    74,
    132,
    75,
    129,
    90,
    57,
    115,
    61,
    121,
    86,
    124,
    128,
    210,
    73,
    120,
    237,
    218,
    95,
    95,
    91,
    46,
    205,
    46,
    192,
    174,
    72,
    230,
    77,
    229,
    219,
    70,
    128,
    125,
    69,
    123,
    67,
    125,
    54,
    115,
    113,
    55,
    225,
    119,
    182,
    182,
    94,
    88,
    75,
    245,
    132,
    127,
    72,
    86,
    243,
    127,
    215,
    90,
    58,
    121,
    60,
    118,
    94,
    90,
    82,
    250,
    99,
    207,
    118,
    103,
    44,
    103,
    213,
    43,
    101,
    94,
    92,
    46,
    151,
    180,
    212,
    96,
    89,
    48,
    204,
    149,
    67,
    125,
    66,
    125,
    55,
    121,
    57,
    116,
    117,
    68,
    217,
    226,
    69,
    114,
    227,
    129,
    131,
    120,
    102,
    173,
    154,
    106,
    267,
    145,
    136,
    203,
    296,
    287,
    261,
    172,
    294,
    136,
    90,
    78,
    109,
    218,
    115,
    94,
    51,
    99,
    111,
    54,
    218,
    110,
    233,
    41,
    185,
    42,
    196,
    67,
    124,
    123,
    121,
    121,
    109,
    147,
    120,
    158,
    77,
    234,
    123,
    73,
    237,
    203,
    168,
    164,
    204,
    162,
    285,
    224,
    290,
    313,
    180,
    172,
    178,
    293,
    179,
    338,
    146,
    222,
    298,
    306,
    183,
    184,
    253,
    303,
    339,
    134,
    204,
    144,
    285,
    306,
    178,
    161,
    166,
    292,
    176,
    328,
    102,
    122,
    102,
    135,
    256,
    120,
    127,
    239,
    226,
    220,
    125,
    124,
    83,
    61,
    188,
    222,
    113,
    217,
    69,
    125,
    69,
    127,
    46,
    201,
    47,
    207,
    44,
    107,
    45,
    106,
    107,
    107,
    63,
    56,
    220,
    104,
    117,
    55,
    64,
    226,
    112,
    178,
    137,
    139,
    0,
    175,
    175,
    122,
    123,
    267,
    266,
    152,
    154,
    268,
    130,
    169,
    283,
    279,
    240,
    164,
    280,
    122,
    128,
    102,
    107,
    130,
    96,
    145,
    107,
    95,
    29,
    84,
    34,
    83,
    67,
    123,
    129,
    55,
    199,
    199,
    52,
    210,
    69,
    125,
    129,
    47,
    107,
    50,
    106,
    104,
    112,
    156,
    269,
    127,
    155,
    193,
    146,
    144,
    138,
    147,
    175,
    168,
    178,
    102,
    94,
    148,
    135,
    94,
    122,
    94,
    75,
    125,
    69,
    117,
    240,
    57,
    48,
    217,
    95,
    110,
    44,
    59,
    215,
    108,
    159,
    40,
    85,
    96,
    39,
    212,
    91,
    62,
    122,
    66,
    123,
    54,
    115,
    54,
    110,
    109,
    117,
    266,
    268,
    152,
    144,
    271,
    95,
    135,
    112,
    152,
    94,
    89,
    236,
    248,
    98,
    127,
    255,
    128,
    115,
    163,
    130,
    162,
    102,
    86,
    78,
    129,
    134,
    227,
    31,
    56,
    85,
    32,
    197,
    85,
    125,
    103,
    103,
    62,
    124,
    64,
    122,
    49,
    61,
    109,
    169,
    219,
    63,
    47,
    113,
    217,
    94,
    57,
    178,
    213,
    55,
    105,
    214,
    121,
    121,
    71,
    218,
    231,
    76,
    118,
    232,
    90,
    78,
    239,
    82,
    225,
    229,
    140,
    165,
    189,
    177,
    184,
    102,
    94,
    90,
    87,
    138,
    117,
    244,
    37,
    192,
    42,
    169,
    169,
    46,
    105,
    47,
    109,
    96,
    93,
    145,
    159,
    142,
    102,
    264,
    142,
    56,
    204,
    201,
    54,
    211,
    66,
    214,
    212,
    68,
    221,
    132,
    175,
    154,
    172,
    117,
    101,
    152,
    151,
    267,
    266,
    103,
    153,
    172,
    134,
    142,
    171,
    177,
    331,
    293,
    256,
    152,
    179,
    287,
    307,
    98,
    99,
    240,
    256,
    254,
    130,
    78,
    255,
    146,
    145,
    76,
    102,
    74,
    107,
    120,
    202,
    239,
    115,
    120,
    229,
    122,
    237,
    202,
    155,
    59,
    114,
    120,
    54,
    119,
    55,
    118,
    120,
    119,
    68,
    129,
    75,
    129,
    130,
    168,
    168,
    92,
    100,
    143,
    257,
    260,
    99,
    137,
    264,
    172,
    139,
    120,
    111,
    91,
    245,
    157,
    266,
    176,
    137,
    104,
    107,
    259,
    147,
    259,
    116,
    101,
    163,
    154,
    104,
    267,
    142,
    142,
    164,
    182,
    182,
    88,
    82,
    82,
    261,
    95,
    105,
    106,
    88,
    91,
    115,
    115,
    45,
    99,
    105,
    44,
    214,
    105,
    106,
    145,
    112,
    153,
    88,
    96,
    142,
    244,
    252,
    120,
    89,
    133,
    260,
    160,
    92,
    134,
    142,
    138,
    74,
    223,
    230,
    80,
    119,
    239,
    90,
    70,
    126,
    70,
    128,
    90,
    79,
    239,
    84,
    223,
    232,
    122,
    94,
    118,
    240,
    105,
    99,
    102,
    196,
    57,
    55,
    114,
    115,
    55,
    225,
    120,
    90,
    154,
    139,
    95,
    264,
    140,
    75,
    205,
    228,
    74,
    123,
    225,
    91,
    246,
    245,
    91,
    245,
    227,
    65,
    126,
    121,
    66,
    124,
    172,
    181,
    182,
    295,
    301,
    178,
    186,
    311,
    140,
    167,
    206,
    182,
    179,
    184,
    130,
    175,
    175,
    122,
    86,
    130,
    120,
    122,
    150,
    73,
    36,
    52,
    118,
    117,
    78,
    236,
    235,
    123,
    123,
    83,
    232,
    226,
    40,
    94,
    44,
    98,
    87,
    138,
    133,
    83,
    129,
    87,
    143,
    125,
    268,
    130,
    262,
    266,
    130,
    121,
    180,
    166,
    131,
    276,
    165,
    128,
    164,
    159,
    130,
    132,
    122,
    90,
    115,
    96,
    129,
    64,
    123,
    124,
    129,
    129,
    49,
    201,
    212,
    99,
    96,
    51,
    204,
    168,
    49,
    107,
    110,
    94,
    135,
    101,
    148,
    152,
    88,
    236,
    235,
    92,
    244,
    0,
    77,
    135,
    129,
    245,
    258,
    88,
    130,
    145,
    130,
    133,
    239,
    163,
    139,
    279,
    171,
    132,
    191,
    284,
    282,
    169,
    170,
    196,
    282,
    298,
    110,
    102,
    78,
    102,
    100,
    111,
    86,
    40,
    46,
    99,
    98,
    200,
    47,
    40,
    93,
    210,
    66,
    69,
    127,
    71,
    129,
    88,
    240,
    87,
    233,
    233,
    96,
    169,
    149,
    106,
    266,
    147,
    70,
    218,
    225,
    73,
    118,
    225,
    128,
    175,
    154,
    174,
    177,
    285,
    279,
    240,
    281,
    142,
    174,
    174,
    184,
    182,
    186,
    298,
    298,
    177,
    182,
    321,
    86,
    55,
    112,
    55,
    121,
    90,
    132,
    86,
    200,
    128,
    223,
    125,
    127,
    127,
    240,
    213,
    109,
    0,
    57,
    71,
    119,
    118,
    101,
    177,
    230,
    227,
    229,
    119,
    227,
    116,
    69,
    226,
    74,
    229,
    55,
    118,
    116,
    56,
    227,
    121,
    74,
    224,
    231,
    82,
    239,
    107,
    107,
    49,
    113,
    49,
    110,
    107,
    208,
    303,
    293,
    270,
    180,
    297,
    131,
    175,
    175,
    140,
    159,
    295,
    182,
    170,
    296,
    182,
    130,
    82,
    78,
    144,
    214,
    115,
    219,
    99,
    31,
    88,
    36,
    82,
    58,
    118,
    121,
    58,
    112,
    118,
    59,
    225,
    121,
    154,
    118,
    154,
    165,
    160,
    277,
    131,
    158,
    219,
    67,
    218,
    218,
    69,
    225,
    90,
    234,
    248,
    129,
    127,
    91,
    246,
    226,
    132,
    139,
    182,
    148,
    175,
    142,
    177,
    186,
    183,
    191,
    196,
    132,
    94,
    88,
    114,
    137,
    118,
    133,
    254,
    103,
    76,
    124,
    47,
    106,
    49,
    107,
    83,
    130,
    132,
    43,
    102,
    213,
    43,
    101,
    93,
    69,
    129,
    70,
    127,
    102,
    254,
    113,
    247,
    135,
    135,
    132,
    194,
    286,
    284,
    165,
    176,
    177,
    284,
    307,
    142,
    210,
    337,
    302,
    284,
    187,
    302,
    126,
    156,
    112,
    94,
    129,
    241,
    93,
    103,
    0,
    68,
    127,
    69,
    125,
    63,
    125,
    122,
    67,
    235,
    123,
    50,
    110,
    114,
    82,
    237,
    125,
    84,
    243,
    216,
    136,
    272,
    270,
    177,
    270,
    142,
    271,
    159,
    272,
    272,
    200,
    308,
    291,
    269,
    181,
    298,
    130,
    171,
    171,
    140,
    163,
    183,
    179,
    192,
    82,
    124,
    82,
    218,
    112,
    121,
    214,
    94,
    53,
    153,
    208,
    51,
    100,
    212,
    89,
    90,
    133,
    133,
    147,
    147,
    125,
    125,
    115,
    93,
    264,
    172,
    140,
    100,
    105,
    258,
    147,
    255,
    176,
    176,
    90,
    66,
    126,
    122,
    67,
    125,
    90,
    125,
    125,
    128,
    82,
    82,
    107,
    128,
    126,
    93,
    238,
    120,
    113,
    113,
    40,
    95,
    212,
    40,
    99,
    89,
    61,
    217,
    111,
    63,
    222,
    188,
    63,
    213,
    211,
    64,
    219,
    153,
    108,
    139,
    159,
    159,
    250,
    281,
    275,
    179,
    119,
    155,
    275,
    204,
    88,
    132,
    141,
    134,
    70,
    218,
    227,
    71,
    229,
    90,
    81,
    234,
    84,
    239,
    123,
    147,
    147,
    140,
    122,
    94,
    110,
    222,
    115,
    240,
    114,
    86,
    50,
    69,
    218,
    218,
    69,
    225,
    49,
    113,
    218,
    53,
    110,
    106,
    47,
    107,
    108,
    47,
    216,
    111,
    76,
    222,
    230,
    82,
    239,
    91,
    146,
    135,
    71,
    129,
    77,
    132,
    94,
    72,
    129,
    77,
    130,
    96,
    80,
    131,
    252,
    87,
    129,
    141,
    94,
    90,
    82,
    127,
    240,
    128,
    0,
    107,
    101,
    37,
    86,
    36,
    95,
    62,
    117,
    120,
    60,
    229,
    119,
    88,
    230,
    236,
    89,
    242,
    134,
    104,
    271,
    188,
    147,
    113,
    117,
    268,
    157,
    265,
    123,
    95,
    269,
    178,
    142,
    104,
    112,
    262,
    150,
    259,
    58,
    117,
    60,
    121,
    86,
    52,
    114,
    120,
    129,
    146,
    291,
    277,
    207,
    164,
    274,
    132,
    136,
    171,
    288,
    150,
    175,
    285,
    132,
    122,
    90,
    229,
    213,
    240,
    110,
    121,
    121,
    117,
    117,
    40,
    103,
    42,
    99,
    47,
    106,
    46,
    107,
    65,
    124,
    68,
    122,
    93,
    135,
    97,
    142,
    152,
    155,
    94,
    95,
    248,
    100,
    240,
    241,
    96,
    81,
    131,
    129,
    102,
    90,
    122,
    258,
    110,
    112,
    59,
    88,
    198,
    107,
    139,
    105,
    103,
    100,
    113,
    113,
    113,
    259,
    127,
    259,
    40,
    50,
    100,
    80,
    205,
    48,
    41,
    94,
    211,
    68,
    149,
    271,
    156,
    146,
    268,
    280,
    117,
    262,
    117,
    253,
    261,
    69,
    129,
    123,
    130,
    123,
    172,
    138,
    167,
    180,
    102,
    88,
    133,
    95,
    141,
    130,
    118,
    122,
    115,
    39,
    152,
    201,
    200,
    46,
    194,
    211,
    98,
    90,
    48,
    203,
    154,
    70,
    217,
    226,
    72,
    118,
    227,
    48,
    212,
    96,
    53,
    207,
    153,
    106,
    161,
    112,
    147,
    80,
    209,
    241,
    85,
    125,
    237,
    60,
    121,
    63,
    119,
    117,
    90,
    66,
    77,
    121,
    207,
    240,
    86,
    73,
    125,
    238,
    126,
    140,
    229,
    291,
    272,
    297,
    94,
    90,
    90,
    111,
    73,
    103,
    129,
    32,
    70,
    85,
    36,
    203,
    82,
    65,
    129,
    71,
    128,
    129,
    105,
    87,
    256,
    153,
    131,
    88,
    100,
    252,
    137,
    241,
    55,
    191,
    215,
    103,
    107,
    59,
    214,
    165,
    82,
    235,
    82,
    240,
    153,
    179,
    179,
    334,
    291,
    262,
    158,
    181,
    289,
    309,
    130,
    118,
    165,
    132,
    165,
    138,
    178,
    178,
    124,
    102,
    130,
    77,
    244,
    121,
    73,
    202,
    230,
    73,
    121,
    227,
    222,
    34,
    41,
    90,
    74,
    198,
    85,
    200,
    50,
    53,
    114,
    117,
    121,
    121,
    81,
    129,
    89,
    136,
    52,
    67,
    115,
    105,
    172,
    226,
    55,
    117,
    224,
    187,
    108,
    88,
    133,
    97,
    149,
    86,
    143,
    87,
    130,
    0,
    84,
    236,
    86,
    240,
    144,
    242,
    300,
    294,
    306,
    303,
    138,
    155,
    180,
    296,
    173,
    180,
    308,
    130,
    132,
    94,
    121,
    233,
    80,
    116,
    90,
    200,
    0,
    62,
    53,
    222,
    103,
    113,
    55,
    63,
    224,
    110,
    190,
    88,
    88,
    71,
    205,
    219,
    68,
    118,
    221,
    77,
    129,
    84,
    134,
    67,
    58,
    226,
    116,
    120,
    56,
    67,
    231,
    117,
    193,
    92,
    135,
    264,
    100,
    149,
    148,
    120,
    166,
    144,
    168,
    113,
    125,
    266,
    136,
    259,
    266,
    102,
    136,
    86,
    132,
    140,
    136,
    257,
    259,
    90,
    138,
    155,
    94,
    102,
    116,
    107,
    135,
    254,
    118,
    97,
    83,
    51,
    117,
    118,
    61,
    118,
    239,
    68,
    123,
    123,
    51,
    115,
    53,
    118,
    103,
    141,
    116,
    155,
    51,
    60,
    110,
    176,
    222,
    64,
    51,
    113,
    219,
    98,
    55,
    120,
    59,
    116,
    113,
    156,
    182,
    181,
    140,
    164,
    186,
    183,
    342,
    295,
    277,
    169,
    182,
    295,
    315,
    126,
    114,
    159,
    274,
    137,
    159,
    182,
    90,
    82,
    90,
    131,
    248,
    123,
    86,
    186,
    52,
    109,
    113,
    226,
    219,
    52,
    111,
    106,
    34,
    96,
    37,
    86,
    57,
    216,
    59,
    206,
    63,
    121,
    123,
    63,
    238,
    119,
    163,
    162,
    72,
    135,
    127,
    246,
    252,
    83,
    128,
    138,
    96,
    77,
    129,
    85,
    136,
    140,
    169,
    197,
    181,
    186,
    102,
    122,
    122,
    114,
    268,
    120,
    244,
    124,
    240,
    121,
    121,
    32,
    86,
    37,
    92,
    88,
    45,
    105,
    46,
    100,
    97,
    105,
    154,
    144,
    110,
    250,
    262,
    128,
    147,
    262,
    120,
    120,
    130,
    173,
    173,
    134,
    176,
    176,
    102,
    136,
    130,
    130,
    268,
    147,
    258,
    76,
    129,
    132,
    120,
    97,
    69,
    217,
    221,
    69,
    117,
    225,
    37,
    86,
    36,
    96,
    56,
    121,
    59,
    118,
    41,
    104,
    99,
    112,
    160,
    120,
    154,
    159,
    159,
    122,
    265,
    123,
    261,
    265,
    116,
    101,
    153,
    140,
    130,
    126,
    175,
    151,
    172,
    179,
    132,
    94,
    90,
    113,
    224,
    94,
    39,
    82,
    196,
    42,
    84,
    202,
    0,
    122,
    125,
    57,
    115,
    56,
    113,
    132,
    132,
    98,
    157,
    153,
    101,
    266,
    140,
    61,
    56,
    218,
    115,
    63,
    225,
    185,
    149,
    174,
    178,
    334,
    293,
    260,
    159,
    179,
    287,
    303,
    81,
    235,
    123,
    82,
    237,
    218,
    129,
    165,
    165,
    100,
    82,
    130,
    87,
    132,
    90,
    78,
    78,
    265,
    0,
    0,
    255,
    0,
    0,
    107,
    102,
    55,
    202,
    199,
    51,
    211,
    64,
    211,
    208,
    67,
    219,
    60,
    203,
    205,
    59,
    108,
    215,
    142,
    269,
    159,
    140,
    269,
    272,
    132,
    132,
    97,
    235,
    256,
    101,
    132,
    254,
    88,
    57,
    111,
    119,
    232,
    222,
    58,
    118,
    110,
    87,
    121,
    121,
    94,
    82,
    102,
    268,
    149,
    155,
    117,
    126,
    80,
    40,
    183,
    42,
    195,
    78,
    129,
    127,
    99,
    135,
    112,
    154,
    84,
    130,
    87,
    137,
    105,
    158,
    112,
    146,
    130,
    200,
    168,
    141,
    284,
    175,
    90,
    64,
    128,
    70,
    127,
    127,
    142,
    168,
    188,
    186,
    130,
    132,
    128,
    95,
    120,
    102,
    236,
    121,
    103,
    76,
    107,
    40,
    200,
    82,
    42,
    196,
    76,
    33,
    82,
    36,
    197,
    84,
    53,
    111,
    55,
    116,
    50,
    109,
    51,
    106,
    105,
    47,
    98,
    105,
    45,
    216,
    108,
    54,
    114,
    117,
    214,
    219,
    55,
    111,
    107,
    148,
    176,
    169,
    176,
    0,
    89,
    135,
    99,
    150,
    102,
    130,
    134,
    122,
    106,
    146,
    120,
    156,
    122,
    128,
    103,
    210,
    110,
    116,
    52,
    44,
    213,
    83,
    104,
    44,
    57,
    211,
    104,
    126,
    66,
    131,
    125,
    240,
    245,
    73,
    125,
    131,
    91,
    239,
    93,
    246,
    114,
    260,
    111,
    254,
    257,
    145,
    145,
    72,
    126,
    70,
    129,
    93,
    135,
    104,
    151,
    144,
    186,
    186,
    134,
    137,
    176,
    165,
    175,
    102,
    86,
    78,
    123,
    120,
    204,
    99,
    92,
    86,
    53,
    115,
    117,
    59,
    226,
    119,
    61,
    117,
    123,
    235,
    230,
    64,
    119,
    118,
    105,
    113,
    113,
    114,
    94,
    264,
    171,
    139,
    102,
    108,
    257,
    148,
    250,
    141,
    141,
    112,
    160,
    122,
    153,
    88,
    121,
    120,
    130,
    180,
    129,
    277,
    283,
    171,
    137,
    143,
    277,
    161,
    310,
    102,
    90,
    124,
    93,
    204,
    111,
    120,
    120,
    50,
    0,
    61,
    221,
    67,
    213,
    58,
    119,
    58,
    112,
    113,
    131,
    131,
    85,
    96,
    138,
    246,
    254,
    120,
    88,
    133,
    258,
    156,
    119,
    263,
    125,
    258,
    265,
    122,
    171,
    136,
    168,
    179,
    90,
    68,
    128,
    69,
    129,
    102,
    89,
    133,
    102,
    142,
    132,
    90,
    102,
    88,
    244,
    0,
    244,
    140,
    99,
    0,
    90,
    42,
    152,
    193,
    207,
    95,
    89,
    45,
    198,
    79,
    71,
    132,
    127,
    239,
    251,
    79,
    127,
    134,
    75,
    132,
    129,
    241,
    252,
    80,
    129,
    138,
    99,
    243,
    103,
    249,
    71,
    130,
    127,
    71,
    246,
    129,
    84,
    131,
    131,
    94,
    78,
    130,
    129,
    130,
    124,
    173,
    144,
    173,
    138,
    178,
    136,
    90,
    157,
    119,
    88,
    90,
    53,
    158,
    213,
    105,
    107,
    191,
    83,
    216,
    52,
    68,
    110,
    193,
    117,
    221,
    107,
    34,
    83,
    86,
    41,
    34,
    198,
    48,
    83,
    34,
    39,
    196,
    85,
    67,
    107,
    107,
    121,
    121,
    93,
    135,
    100,
    146,
    106,
    154,
    147,
    0,
    56,
    111,
    118,
    60,
    223,
    121,
    116,
    125,
    266,
    139,
    268,
    146,
    186,
    187,
    188,
    140,
    78,
    90,
    0,
    98,
    94,
    106,
    93,
    222,
    121,
    110,
    191,
    189,
    53,
    155,
    206,
    49,
    99,
    213,
    37,
    88,
    39,
    98,
    129,
    127,
    129,
    53,
    44,
    213,
    85,
    103,
    44,
    56,
    209,
    106,
    131,
    74,
    205,
    232,
    78,
    123,
    229,
    142,
    177,
    153,
    175,
    81,
    129,
    252,
    85,
    135,
    135,
    130,
    185,
    279,
    171,
    163,
    283,
    316,
    140,
    173,
    172,
    182,
    181,
    185,
    294,
    298,
    172,
    182,
    316,
    130,
    130,
    90,
    121,
    228,
    124,
    254,
    125,
    220,
    122,
    118,
    204,
    84,
    99,
    217,
    107,
    77,
    238,
    81,
    231,
    221,
    49,
    104,
    47,
    110,
    143,
    143,
    65,
    125,
    125,
    71,
    127,
    125,
    68,
    241,
    127,
    112,
    148,
    274,
    118,
    158,
    169,
    122,
    140,
    268,
    148,
    262,
    270,
    146,
    178,
    186,
    187,
    191,
    214,
    140,
    88,
    102,
    121,
    213,
    39,
    38,
    208,
    50,
    91,
    90,
    95,
    0,
    239,
    73,
    226,
    231,
    82,
    239,
    77,
    215,
    234,
    78,
    123,
    232,
    46,
    113,
    105,
    113,
    93,
    135,
    97,
    146,
    133,
    133,
    71,
    125,
    246,
    75,
    125,
    135,
    130,
    132,
    162,
    164,
    318,
    285,
    239,
    139,
    173,
    281,
    301,
    134,
    176,
    177,
    130,
    122,
    88,
    284,
    118,
    118,
    163,
    61,
    121,
    121,
    37,
    94,
    95,
    197,
    211,
    40,
    98,
    81,
    53,
    115,
    53,
    110,
    54,
    117,
    116,
    55,
    224,
    118,
    148,
    272,
    269,
    155,
    155,
    140,
    266,
    273,
    218,
    294,
    177,
    232,
    288,
    301,
    134,
    144,
    202,
    171,
    152,
    286,
    176,
    90,
    81,
    69,
    237,
    126,
    124,
    80,
    240,
    124,
    205,
    131,
    175,
    170,
    130,
    82,
    103,
    218,
    110,
    117,
    70,
    236,
    75,
    32,
    83,
    82,
    125,
    125,
    35,
    96,
    89,
    189,
    211,
    39,
    95,
    78,
    136,
    137,
    123,
    85,
    212,
    221,
    239,
    125,
    79,
    242,
    212,
    52,
    63,
    113,
    171,
    222,
    66,
    52,
    113,
    219,
    99,
    75,
    204,
    231,
    76,
    123,
    229,
    90,
    67,
    127,
    68,
    124,
    127,
    102,
    138,
    117,
    244,
    261,
    265,
    148,
    140,
    109,
    263,
    248,
    90,
    102,
    82,
    109,
    134,
    42,
    47,
    101,
    85,
    205,
    52,
    42,
    96,
    212,
    68,
    95,
    123,
    84,
    71,
    241,
    129,
    127,
    0,
    241,
    126,
    211,
    46,
    106,
    46,
    107,
    133,
    132,
    49,
    112,
    107,
    117,
    165,
    132,
    166,
    174,
    61,
    123,
    121,
    53,
    116,
    57,
    110,
    119,
    143,
    143,
    90,
    66,
    122,
    68,
    125,
    102,
    94,
    78,
    116,
    125,
    238,
    75,
    197,
    59,
    186,
    212,
    60,
    105,
    216,
    50,
    115,
    55,
    111,
    110,
    57,
    199,
    201,
    51,
    105,
    211,
    113,
    65,
    196,
    203,
    221,
    117,
    117,
    66,
    223,
    195,
    96,
    237,
    256,
    105,
    133,
    257,
    138,
    174,
    143,
    175,
    94,
    97,
    243,
    242,
    100,
    251,
    92,
    89,
    239,
    246,
    134,
    125,
    90,
    247,
    226,
    118,
    86,
    94,
    96,
    105,
    214,
    76,
    78,
    61,
    119,
    62,
    121,
    61,
    121,
    61,
    116,
    120,
    71,
    59,
    230,
    118,
    123,
    62,
    74,
    235,
    118,
    197,
    113,
    113,
    51,
    115,
    52,
    112,
    106,
    64,
    123,
    124,
    88,
    74,
    204,
    226,
    71,
    118,
    224,
    130,
    173,
    173,
    102,
    90,
    112,
    250,
    102,
    101,
    129,
    129,
    254,
    246,
    214,
    129,
    219,
    125,
    129,
    54,
    182,
    200,
    50,
    102,
    210,
    101,
    46,
    55,
    103,
    107,
    74,
    158,
    212,
    58,
    42,
    106,
    213,
    84,
    98,
    237,
    256,
    107,
    134,
    257,
    58,
    217,
    113,
    63,
    216,
    184,
    108,
    90,
    262,
    168,
    134,
    99,
    107,
    255,
    143,
    250,
    141,
    141,
    0,
    59,
    70,
    118,
    195,
    233,
    74,
    63,
    121,
    228,
    118,
    94,
    129,
    129,
    140,
    165,
    203,
    184,
    177,
    184,
    130,
    86,
    78,
    98,
    125,
    248,
    134,
    139,
    250,
    242,
    136,
    141,
    134,
    120,
    86,
    35,
    95,
    89,
    181,
    212,
    39,
    93,
    79,
    119,
    119,
    62,
    189,
    219,
    63,
    111,
    216,
    80,
    129,
    132,
    128,
    75,
    91,
    129,
    222,
    245,
    93,
    81,
    127,
    246,
    139,
    87,
    149,
    146,
    96,
    262,
    135,
    62,
    77,
    123,
    206,
    241,
    84,
    72,
    125,
    236,
    126,
    146,
    186,
    186,
    140,
    157,
    183,
    181,
    112,
    102,
    102,
    253,
    115,
    84,
    203,
    103,
    105,
    100,
    38,
    91,
    88,
    39,
    96,
    84,
    41,
    104,
    216,
    43,
    104,
    90,
    121,
    121,
    107,
    110,
    130,
    175,
    152,
    170,
    186,
    135,
    135,
    88,
    55,
    115,
    57,
    121,
    98,
    101,
    244,
    244,
    100,
    252,
    94,
    82,
    90,
    101,
    211,
    105,
    107,
    81,
    69,
    238,
    126,
    125,
    66,
    81,
    241,
    125,
    207,
    129,
    130,
    126,
    263,
    266,
    150,
    148,
    117,
    262,
    256,
    50,
    112,
    114,
    58,
    119,
    62,
    121
  ],
  "full_surface_samples": 8000,
  "complete_residual_N": [
    7.114885644399562e-12,
    7.422657098821779e-12,
    1.1064607972231653e-11,
    6.817069904768791e-12,
    1.229395491164438e-11,
    8.09965728919754e-12,
    1.1877270119092367e-12,
    1.1860734507381284e-12,
    1.3546780522264624e-12,
    8.660385630927398e-13,
    1.1075938994025409e-12,
    1.9239913221309912e-12,
    1.1397477311856793e-13,
    7.853530382337022e-12,
    7.079335787776462e-12,
    6.638182349038311e-12,
    7.79455651270922e-12,
    7.87257828577648e-12,
    8.091782003918582e-12,
    8.209916181408012e-12,
    9.83752835283223e-12,
    7.694647573357253e-12,
    1.089683248983328e-12,
    1.20716332828442e-12,
    1.1991622849537693e-12,
    1.0203683495200128e-12,
    1.5071289534461343e-12,
    6.539862305996772e-13,
    5.989952379728192e-13,
    1.4086907117962738e-12,
    7.791310039079044e-12,
    6.8125181641567195e-12,
    7.48312212415653e-12,
    7.253541173901328e-12,
    6.474037073731608e-12,
    7.11268223424938e-12,
    7.893065718101552e-12,
    1.1048048230001168e-11,
    1.095523621097697e-12,
    1.2405848640817278e-12,
    1.2252595263456194e-12,
    9.011012637696683e-13,
    1.0650280868812768e-12,
    7.561839456584498e-13,
    7.116545363289069e-12,
    1.604513672229441e-12,
    8.896904133781884e-12,
    1.0591161889544409e-11,
    9.862821439095482e-12,
    7.071579610402894e-12,
    8.508900451171277e-12,
    8.110792329263487e-12,
    9.700968292902869e-12,
    8.567810857874298e-12,
    1.1955799733124324e-12,
    1.1520095677950933e-12,
    1.2725108461969203e-12,
    8.185962687178428e-13,
    9.930650465524686e-13,
    6.029377207477806e-13,
    4.026670530084914e-13,
    3.943250548691896e-15,
    8.029253391613806e-12,
    8.93743036825705e-12,
    9.901782956578601e-12,
    9.47060905377059e-12,
    7.758885255139301e-12,
    7.200871420417052e-12,
    7.937864353008101e-12,
    9.734970188548788e-12,
    1.843745099755497e-12,
    1.1762171845400852e-12,
    1.1743035497663459e-12,
    8.771766482161133e-13,
    1.857022661461673e-12,
    1.3140598957455899e-12,
    2.12441312797959e-12,
    2.5943859827865232e-12,
    6.709482422014811e-12,
    7.941594198454003e-12,
    7.2348534027527965e-12,
    7.272737240724224e-12,
    6.795264676857635e-12,
    8.16061543043032e-12,
    8.377338970526517e-12,
    8.21041767289889e-12,
    9.107552390798712e-12,
    1.1521440286628839e-12,
    1.1488763473716114e-12,
    1.170185493598621e-12,
    1.092279135386449e-12,
    9.85213282109665e-13,
    8.123662763648506e-13,
    2.2985042345121953e-13,
    2.736931176173371e-12,
    6.8432194858373404e-12,
    7.936369755988211e-12,
    8.23036631894256e-12,
    8.24790540182044e-12,
    7.408568219183287e-12,
    8.573376925520714e-12,
    1.011736759809127e-11,
    8.242737510204971e-12,
    1.0752405367592857e-12,
    1.1200389105018407e-12,
    1.2295183212665975e-12,
    8.979983143860291e-13,
    2.880922982974896e-13,
    6.85921941885811e-12,
    1.0156232770808741e-12,
    1.4085855532747513e-12,
    7.474084129722452e-12,
    1.0915351219257289e-11,
    9.03097829218993e-12,
    7.480109566560905e-12,
    9.459669640995527e-12,
    7.281097110886467e-12,
    6.913345190405507e-12,
    1.0579591937390513e-11,
    1.2443439872988045e-12,
    1.0906085430276364e-12,
    1.1050071050195558e-12,
    1.2982435856856615e-12,
    8.759797077897872e-13,
    8.344096114031376e-13,
    9.192381040227125e-13,
    8.283573236926676e-15,
    6.686736256162223e-12,
    7.0348032809596636e-12,
    1.0740655919807525e-11,
    8.29620337285025e-12,
    1.1923171508702691e-11,
    6.86003948245754e-12,
    8.994371180030586e-12,
    7.41938188253651e-12,
    1.1675443463244556e-12,
    1.0701132808068613e-12,
    1.2342727082493837e-12,
    1.4315729405390561e-12,
    8.350185877263517e-13,
    1.1007836988604622e-12,
    7.029641055049974e-13,
    6.726432998827313e-15,
    8.078315840684718e-12,
    8.794232309126276e-12,
    6.42410815178809e-12,
    8.214372820344726e-12,
    8.068555335038197e-12,
    8.512350151212782e-12,
    1.0647031082381517e-11,
    1.0759412500364477e-11,
    1.096297587503177e-11,
    1.2472888615598153e-12,
    1.2347331616982313e-12,
    0.0,
    9.31401190512311e-13,
    9.398528673112184e-13,
    1.0164454913300015e-12,
    1.1677216191224937e-12,
    6.455947868635356e-12,
    9.402987597742162e-12,
    8.801835148304366e-12,
    7.129441130674466e-12,
    6.5208465494963654e-12,
    7.334728518002684e-12,
    7.670748920196016e-12,
    9.77440060659356e-12,
    1.0888189113078962e-11,
    1.2651637346566343e-12,
    1.1433999528106696e-12,
    1.0590674820189125e-12,
    1.032736304607217e-12,
    1.132036636710916e-12,
    4.79508366472884e-13,
    7.518737527614167e-13,
    1.952207983802057e-12,
    6.857872058637365e-12,
    6.5418312125152755e-12,
    9.648045475520211e-12,
    8.989589191261627e-12,
    7.760737830987616e-12,
    1.0365987406318654e-11,
    8.465038748759654e-12,
    1.136641373183263e-11,
    1.1906809556169896e-12,
    1.193909454316829e-12,
    1.437055440286015e-12,
    1.4749846238641918e-12,
    7.052005904232792e-13,
    8.420511348134705e-13,
    6.826025091921039e-13,
    2.3180384117708685e-12,
    7.05896012905757e-12,
    7.724866434088662e-12,
    8.054992273347354e-12,
    7.687859728056782e-12,
    7.090492651535436e-12,
    9.087114873158457e-12,
    7.0676702541149316e-12,
    7.690651699822041e-12,
    1.0952281374190679e-12,
    1.134400692737245e-12,
    1.1565818537720944e-12,
    8.742099511066293e-13,
    8.571510606647217e-13,
    7.677780791762908e-12,
    5.361078653987154e-13,
    1.0476742438095117e-14,
    7.44661047933509e-12,
    9.309203666634355e-12,
    8.745019107939578e-12,
    9.400857665576508e-12,
    6.676912278879545e-12,
    7.146594228944283e-12,
    7.850131355484363e-12,
    8.449760291253269e-12,
    1.1842937202746533e-12,
    1.154598506112741e-12,
    1.1615722608216547e-12,
    8.174134552246239e-13,
    2.3993679241790353e-13,
    7.395023519810024e-12,
    9.669431461649963e-13,
    1.5067290833269246e-12,
    8.287459218892568e-12,
    7.021030851617463e-12,
    9.217741051095621e-12,
    9.161367131048628e-12,
    7.321666579746586e-12,
    1.1455741224886338e-11,
    8.713249870636442e-12,
    8.382679379969183e-12,
    7.822923628858517e-12,
    1.1786767782434892e-12,
    1.1845140798773284e-12,
    1.2286846608899994e-12,
    1.079116869153767e-12,
    7.477292284304759e-12,
    5.622099949649548e-13,
    1.9581486987146116e-13,
    7.864725863024083e-12,
    1.4436334156915493e-11,
    6.906689017472986e-12,
    9.269717324417325e-12,
    7.0424343994489325e-12,
    6.742997096222556e-12,
    1.025617515390808e-11,
    9.678240221096138e-12,
    1.0904991881911123e-11,
    1.1861097846646215e-12,
    1.155024878857172e-12,
    1.209447995251479e-12,
    5.496859507532207e-13,
    1.2645641150778908e-12,
    1.3272743972459461e-12,
    1.3478993140225876e-12,
    2.876927405624146e-13,
    7.468741260642418e-12,
    7.402687148931669e-12,
    8.516002785123759e-12,
    7.1219945239377125e-12,
    6.741443310547046e-12,
    8.235213771600193e-12,
    6.722172167479697e-12,
    7.957869825996725e-12,
    1.1497541822621926e-12,
    1.2849956291989937e-12,
    1.2430458463866197e-12,
    1.2710224036534327e-12,
    9.464258615688215e-13,
    7.464995517119827e-12,
    7.499137772332943e-13,
    8.043410959471603e-15,
    9.928166705015222e-12,
    7.837986465569875e-12,
    6.4418561559480025e-12,
    6.52861252714845e-12,
    9.860777686560235e-12,
    7.610770472561012e-12,
    8.531821748689492e-12,
    8.945666221266915e-12,
    1.2078692061873434e-12,
    1.1898548359788197e-12,
    1.196676222455968e-12,
    1.0778644500049538e-12,
    8.932287368600994e-13,
    8.023326450370635e-13,
    2.640785351075493e-13,
    3.4839274370608386e-15,
    8.253939258773672e-12,
    1.0357620335478279e-11,
    7.364568257148713e-12,
    7.749517272581806e-12,
    7.151832812377641e-12,
    7.963669259504527e-12,
    7.686909430938276e-12,
    7.511770378011054e-12,
    8.967136538516798e-12,
    1.1369131420476304e-12,
    1.2019233902928535e-12,
    9.581431585746485e-13,
    9.472488172929144e-13,
    8.447157124556266e-13,
    6.612594824934579e-12,
    1.4824150129877979e-12,
    9.36812922296538e-12,
    8.395733025950493e-12,
    9.018735820162901e-12,
    7.907166984369131e-12,
    7.97555196595124e-12,
    6.789193823284563e-12,
    8.088664216069269e-12,
    8.211395515831912e-12,
    9.303809827969232e-12,
    1.1889141893478218e-12,
    1.2238872269399633e-12,
    1.1858859818699806e-12,
    8.986148614807094e-13,
    1.023273431561219e-12,
    9.80321634875502e-13,
    2.9140088317810285e-12,
    3.2325551587992454e-12,
    1.0669900161243289e-11,
    7.949958040159422e-12,
    9.128468787382235e-12,
    6.468871185473268e-12,
    9.228789757151662e-12,
    7.281314799299697e-12,
    9.552328542086863e-12,
    8.939180323245121e-12,
    1.2701259352486838e-12,
    1.2216070582145624e-12,
    1.215305543669012e-12,
    8.780666252995633e-13,
    1.0887716829939205e-12,
    2.737629675038469e-12,
    3.481736630954378e-13,
    1.6037027390356871e-12,
    7.556328335644212e-12,
    7.061281026418303e-12,
    6.695493250669284e-12,
    7.37382809431214e-12,
    7.872621435066721e-12,
    7.377075843097107e-12,
    8.994928253391576e-12,
    1.2685217799418464e-11,
    1.1408130600822977e-12,
    1.1803758324914203e-12,
    1.1875601318519416e-12,
    1.0842348129417141e-12,
    6.5413606730071864e-18,
    6.258551920674525e-13,
    5.353803899238266e-13,
    1.743676425153654e-13,
    8.333082203176114e-12,
    7.624871388872517e-12,
    8.539362213236984e-12,
    9.608271816375802e-12,
    7.23481383484278e-12,
    8.054952884786922e-12,
    9.014786199754229e-12,
    1.2426785151366665e-11,
    1.123641748841265e-12,
    1.1482375937906716e-12,
    1.2089259757389008e-12,
    9.089729050929556e-13,
    9.979397699861816e-13,
    1.621806505911477e-12,
    6.338857738289108e-13,
    2.146280414814029e-15,
    8.308242721903728e-12,
    8.983610328755785e-12,
    7.2437438805057935e-12,
    9.303008093729909e-12,
    7.728303830982485e-12,
    7.624945376845889e-12,
    7.19912824187053e-12,
    8.969857278496735e-12,
    1.0211774269995724e-11,
    1.1490308446222348e-12,
    1.1095832786257282e-12,
    3.6263981931295967e-12,
    1.8406334717893905e-12,
    1.2571425021292744e-12,
    1.1912430403049824e-12,
    5.1155590842634094e-12,
    7.339655474586112e-12,
    9.122763147897987e-12,
    8.066304229520249e-12,
    6.432432194581326e-12,
    6.879890597704085e-12,
    7.800671186131502e-12,
    7.578874523976584e-12,
    7.478165252708277e-12,
    9.836097986871926e-12,
    1.1888795724972276e-12,
    1.0670525822743982e-12,
    1.2320065599372044e-12,
    5.811333162079588e-13,
    1.352955021826745e-12,
    7.664222388132453e-12,
    7.812362260476734e-13,
    1.1846710753412003e-12,
    7.437680383943932e-12,
    7.898472186113103e-12,
    7.179095862681063e-12,
    1.1011217570555704e-11,
    7.1240302289906275e-12,
    8.168843178785803e-12,
    1.2147534855601779e-11,
    7.727000767246276e-12,
    1.191377614931766e-12,
    1.1629991218060867e-12,
    1.2126989764747557e-12,
    1.153382706942706e-12,
    5.751065660648038e-13,
    9.470723221419034e-13,
    9.916483915025778e-14,
    1.7370626245114115e-12,
    7.907312348279924e-12,
    9.26780143963631e-12,
    7.133950378292623e-12,
    7.48417773969642e-12,
    7.220537205901366e-12,
    7.697079283539483e-12,
    8.066830270015557e-12,
    7.921015049501446e-12,
    1.1603898477106924e-12,
    1.1703490532187448e-12,
    1.194441765166631e-12,
    9.385588292896855e-13,
    1.2998339882534099e-12,
    2.625485035779431e-12,
    3.6821814189795857e-13,
    3.2358982372821193e-15,
    9.007285177619102e-12,
    7.598336985856641e-12,
    6.784032176115771e-12,
    9.94150572036422e-12,
    8.026952162189087e-12,
    9.568231211536966e-12,
    8.314850711487384e-12,
    7.0374300067242266e-12,
    2.5508314376574228e-12,
    1.1086149054082727e-12,
    1.1612477131850558e-12,
    1.1302042409222897e-12,
    3.4195876239635474e-12,
    1.5230474840726468e-12,
    5.793851563206401e-13,
    1.5712007485318461e-13,
    7.269884979792518e-12,
    7.92367467683695e-12,
    9.310633906384906e-12,
    7.2728770985202e-12,
    7.557050021851255e-12,
    6.951079949629658e-12,
    8.458094138185726e-12,
    1.055074628157571e-11,
    8.778948991653644e-12,
    1.2191886640957504e-12,
    1.1176027263111368e-12,
    1.1764964939682574e-12,
    1.0604223973618335e-12,
    1.8651845690362493e-12,
    6.251169087785754e-13,
    2.8201222313566596e-12,
    4.150584510248526e-12,
    9.485147150540055e-12,
    8.791541457650399e-12,
    8.72998673606172e-12,
    9.792244890415705e-12,
    7.716918886220629e-12,
    9.42834595905881e-12,
    8.646201868323408e-12,
    1.2412737235111604e-11,
    1.1101815689627635e-12,
    1.2223695918520021e-12,
    1.2534215171390025e-12,
    1.0868394758978217e-12,
    1.1021219976132811e-12,
    6.42245733866512e-12,
    6.530791918568742e-13,
    1.6505147531629901e-12,
    7.760145855111184e-12,
    7.321505628871883e-12,
    7.668614638406391e-12,
    6.83513411934932e-12,
    9.14901835681273e-12,
    7.11156116091197e-12,
    8.701493099113512e-12,
    1.0849546995238156e-11,
    1.0780712374042754e-12,
    1.2314017165120376e-12,
    1.1530888884335037e-12,
    7.872136280538865e-13,
    3.68514104158678e-18,
    6.122698068135926e-13,
    7.667188670260774e-13,
    1.5722060290799617e-12,
    7.516204826279753e-12,
    6.6905756992677936e-12,
    7.646710459037751e-12,
    7.393627128151066e-12,
    9.101393273851024e-12,
    7.76192932074371e-12,
    9.216647559599098e-12,
    7.900540833280953e-12,
    1.1484000576343688e-12,
    1.360434167586488e-12,
    1.2634500150679798e-12,
    1.0971271403588089e-12,
    1.2333231539848481e-12,
    2.353369124669508e-12,
    2.6593428841434112e-12,
    6.088732812552028e-15,
    7.380558749450817e-12,
    6.723235306134028e-12,
    7.611281724245124e-12,
    8.583631909301735e-12,
    7.368081386967665e-12,
    1.0598469385778013e-11,
    1.3827602639572063e-11,
    7.284173297657757e-12,
    1.317431156617254e-11,
    1.1377726271513568e-12,
    1.1473949512824204e-12,
    0.0,
    1.0514823631371844e-12,
    9.238021327900194e-13,
    6.7595823200045665e-12,
    1.932379219293859e-12,
    8.71589948164392e-12,
    8.976580939130908e-12,
    1.0538289488285652e-11,
    8.53480508598955e-12,
    8.371891209569989e-12,
    8.96432749134538e-12,
    9.791285050738717e-12,
    8.96481019926934e-12,
    1.172557211826563e-11,
    1.1629326921747015e-12,
    1.1354053380081297e-12,
    1.1325026396867937e-12,
    8.834189405360277e-13,
    5.382748704592414e-13,
    1.4314485652770258e-12,
    3.3964594585842285e-13,
    2.2241023377242067e-12,
    9.269802872932227e-12,
    7.469183670281853e-12,
    6.923615480849971e-12,
    7.0085328574626965e-12,
    8.324580764100739e-12,
    1.016530730231503e-11,
    8.023190341817907e-12,
    1.2058099472423884e-11,
    1.2432602891755945e-12,
    1.0827351392061492e-12,
    1.100257280628097e-12,
    1.0153443879950164e-12,
    9.769941518265606e-19,
    6.092785205652712e-12,
    1.6311228935372351e-12,
    4.835801813435485e-15,
    7.173152772431082e-12,
    6.835131828078921e-12,
    7.142162800610814e-12,
    9.705197246295904e-12,
    7.01402931799278e-12,
    7.488226749765317e-12,
    8.206304545725734e-12,
    8.818050642817614e-12,
    1.1705631653414222e-12,
    1.1700005308422173e-12,
    1.1890327154790013e-12,
    1.1059555742885105e-12,
    1.1664369935327069e-12,
    7.021205284791822e-13,
    7.422054399374074e-13,
    3.2888811351144283e-15,
    7.855481737728395e-12,
    7.901608245315793e-12,
    7.505970539955806e-12,
    7.650498581266313e-12,
    7.694505397577953e-12,
    7.119426585591348e-12,
    8.188369897503384e-12,
    1.0192519060949042e-11,
    1.1017408800711449e-12,
    1.2330666960161754e-12,
    1.0966949276212411e-12,
    7.007692237656864e-13,
    7.848306942260286e-13,
    5.993357581524898e-12,
    5.883282711310883e-13,
    1.354165934275518e-12,
    9.583780112929925e-12,
    1.0291589934809572e-11,
    8.005892848718866e-12,
    7.319745285407888e-12,
    8.073803422583586e-12,
    8.842285343245663e-12,
    7.209527464320788e-12,
    9.389829148466928e-12,
    8.44951917715352e-12,
    1.2315783100184835e-12,
    1.2075596743903006e-12,
    1.0520436561588556e-12,
    1.0618340921559776e-12,
    1.0817020772799983e-12,
    6.72381008495595e-13,
    9.420803423621222e-13,
    7.57225796292016e-12,
    1.0504424628366939e-11,
    6.640268564574767e-12,
    8.307408711440609e-12,
    6.987293734726421e-12,
    8.797060135973756e-12,
    8.75597438041337e-12,
    8.759698869916389e-12,
    7.914930475107523e-12,
    1.200939901327249e-12,
    1.0474879946052174e-12,
    1.1282251795544156e-12,
    9.522729364348244e-13,
    7.590333981807751e-13,
    7.632533319062336e-13,
    5.500973900190382e-13,
    1.4434778468036921e-12,
    7.571942303777531e-12,
    8.090835830815836e-12,
    8.181122070879521e-12,
    6.171970508774309e-12,
    8.177440977656335e-12,
    9.502442824653323e-12,
    8.40673323550196e-12,
    9.025034514827529e-12,
    1.1121556457556501e-12,
    1.1497187989031173e-12,
    1.1209690498449358e-12,
    1.0975425866884753e-12,
    9.857404467288283e-13,
    9.876761913010893e-13,
    8.531931695514117e-13,
    1.458322553917817e-12,
    7.565319028725293e-12,
    9.01164060782886e-12,
    7.060341993226387e-12,
    7.992911612661019e-12,
    8.224506143796084e-12,
    7.019760319260593e-12,
    8.339955210538519e-12,
    9.018892798032705e-12,
    1.2274746151142727e-12,
    1.0796259324809318e-12,
    1.1382094410930974e-12,
    9.12270012980479e-13,
    8.96267059519309e-13,
    9.407366322987723e-13,
    7.935305803855099e-13,
    1.0332548463393488e-14,
    8.519328731853133e-12,
    7.405160987354929e-12,
    6.546484999392947e-12,
    8.280428523522617e-12,
    7.405043190914513e-12,
    1.0130928153192866e-11,
    9.442555327483446e-12,
    1.0099496656503596e-11,
    1.3865940184792972e-12,
    1.1163749401740455e-12,
    1.0946951548943588e-12,
    8.63204727795477e-13,
    2.7509657411434603e-12,
    1.2152597076475718e-12,
    6.970653144623262e-12,
    1.2397898037153203e-15,
    7.105066729282776e-12,
    8.649062449114294e-12,
    8.040616904165959e-12,
    9.586869491643203e-12,
    8.225592213262609e-12,
    8.794590616492828e-12,
    7.31061946467321e-12,
    9.415124947665002e-12,
    8.77876609935002e-12,
    1.1141047813562727e-12,
    1.1892051458082858e-12,
    1.2057749498100046e-12,
    6.205222512812126e-13,
    4.557133280429846e-13,
    5.57533013848126e-13,
    6.591491296393787e-12,
    4.223674831463107e-12,
    7.998870601166921e-12,
    8.943563664814405e-12,
    7.40255556327637e-12,
    6.22780795054434e-12,
    7.040306418595177e-12,
    7.211874091106863e-12,
    1.1247839951601175e-11,
    9.579797685904148e-12,
    1.2308114834768638e-12,
    1.2072077736230244e-12,
    1.294998245244778e-12,
    1.0377383287476339e-12,
    7.463061706510198e-15,
    7.417215373447746e-13,
    3.718394532898688e-13,
    1.7102212309493038e-15,
    6.975546694863185e-12,
    7.234121827517266e-12,
    7.529718620754182e-12,
    7.679789169697848e-12,
    8.554376784169474e-12,
    6.3822263013162114e-12,
    7.969304477513819e-12,
    1.184695921542835e-11,
    1.2558018916010084e-12,
    1.1470254017380434e-12,
    1.1710796133287438e-12,
    7.85992479310776e-13,
    1.0478455347532315e-12,
    1.1425795000320846e-12,
    6.895742220283218e-13,
    5.072076204609428e-15,
    8.085324578133116e-12,
    9.487984964200178e-12,
    8.157135253612167e-12,
    9.093996273163449e-12,
    8.226282423418137e-12,
    7.827961980878187e-12,
    8.337684474308802e-12,
    1.100431242938627e-11,
    1.1996447018779363e-12,
    1.1859772297659113e-12,
    1.2613333310348215e-12,
    8.226396802510178e-13,
    1.030172473371882e-12,
    4.936489533288079e-13,
    3.0356133646108786e-12,
    1.544782935218524e-12,
    9.098938230662652e-12,
    8.662623356648745e-12,
    7.653360444861257e-12,
    8.036123526806622e-12,
    7.262304262125552e-12,
    8.707592727476303e-12,
    8.531601666363468e-12,
    9.986685275147583e-12,
    8.115315072029838e-12,
    1.1584772471340061e-12,
    1.1247585016873702e-12,
    0.0,
    1.4385954380680192e-12,
    7.976603706554671e-13,
    8.973449108950252e-13,
    2.9795345426338216e-13,
    8.22966566461625e-12,
    7.0284883929487824e-12,
    8.151073099854573e-12,
    7.390576380160478e-12,
    9.473545693465825e-12,
    9.013023490922472e-12,
    9.476996065288928e-12,
    1.0321012323395992e-11,
    8.398971111166822e-12,
    1.183706413882248e-12,
    1.2518346705227959e-12,
    1.1522696127502162e-12,
    1.4037951068051716e-12,
    1.2803270969618092e-12,
    1.8156364086336834e-12,
    6.845724250383265e-13,
    1.842426815612122e-12,
    7.520882979588762e-12,
    6.426387599997073e-12,
    9.332751585371684e-12,
    6.741018512213022e-12,
    1.0067406156614349e-11,
    7.728998182065881e-12,
    1.034332661450798e-11,
    8.991519276216755e-12,
    1.1581776179491406e-12,
    1.1821403369280228e-12,
    1.1860156978596823e-12,
    7.355233758525687e-13,
    6.572030269022554e-13,
    1.2023573344713095e-12,
    1.5131055804540628e-13,
    9.966212776970428e-13,
    7.2302184245507066e-12,
    7.741674234977886e-12,
    9.168156195674598e-12,
    7.221578059672513e-12,
    6.834228854468886e-12,
    7.742433806424127e-12,
    8.20016232904663e-12,
    1.3411360942550976e-11,
    1.0991184325048067e-12,
    1.1885137061835207e-12,
    1.1900305165924143e-12,
    5.543267294930372e-13,
    1.5030633958832481e-12,
    4.583147405196226e-13,
    6.638219774884968e-13,
    5.862430747114621e-13,
    7.614167916628303e-12,
    7.730597300257445e-12,
    8.333440141639581e-12,
    7.095449900308287e-12,
    7.748876513629423e-12,
    1.155512418204729e-11,
    9.609659913280592e-12,
    9.914962720368757e-12,
    2.4435655112832344e-12,
    1.0949671492545813e-12,
    1.2129939278244085e-12,
    4.726489157471714e-13,
    2.478735334745401e-12,
    8.324565479779855e-13,
    6.748668279373682e-12,
    1.4470231390839386e-12,
    8.968683060261002e-12,
    7.726568471689338e-12,
    9.771585159111089e-12,
    8.26086416373023e-12,
    8.117807235639406e-12,
    9.471994601455271e-12,
    7.556976513463135e-12,
    8.322251423091982e-12,
    1.1091715601734283e-11,
    1.0202710315127856e-12,
    1.1904206305466762e-12,
    1.0863566285020409e-12,
    9.53995332492677e-13,
    1.1294941647001549e-12,
    7.455406447845722e-13,
    4.471058945419705e-12,
    6.759376572995214e-12,
    7.923664666498328e-12,
    9.71773751301818e-12,
    7.095480479696158e-12,
    6.240286848403978e-12,
    7.971882529299024e-12,
    8.862526625970812e-12,
    9.231777486702298e-12,
    7.525190568684363e-12,
    1.1169916130430315e-12,
    1.1535574867620549e-12,
    1.1382257209496413e-12,
    9.915522327430114e-13,
    8.794671592404378e-13,
    9.608129128082362e-12,
    6.937489154698645e-13,
    2.2064569760146644e-12,
    7.327856971995195e-12,
    7.721437614654205e-12,
    8.634093103294005e-12,
    9.71037163369507e-12,
    7.97208730298851e-12,
    7.758575417979545e-12,
    8.629151593027289e-12,
    7.1556522954442125e-12,
    1.1980233532418344e-12,
    1.160768254910166e-12,
    1.0794923116574772e-12,
    1.710710733197481e-12,
    1.4917493768029704e-12,
    5.978232880368011e-12,
    9.5049361551915e-13,
    1.1893505788269035e-12,
    7.368815712216975e-12,
    5.844709632496743e-12,
    9.733142036290621e-12,
    8.580269973660844e-12,
    9.762022853328337e-12,
    6.483403091662793e-12,
    7.141011549037122e-12,
    1.1714962362352202e-11,
    1.2266032430112186e-12,
    1.2260969058736547e-12,
    1.2431425406664827e-12,
    4.920273269861445e-13,
    8.797129730603163e-13,
    6.298036273473016e-13,
    5.79397807050666e-13,
    4.3430628329877715e-15,
    8.888463894387946e-12,
    7.2600545861368215e-12,
    8.2827522206937e-12,
    7.55256417111631e-12,
    7.301720805866087e-12,
    7.504681729072215e-12,
    8.424345959567355e-12,
    7.836075680454664e-12,
    9.173433841346455e-12,
    1.1902091697831908e-12,
    1.2043673404009464e-12,
    8.301703311734704e-13,
    1.2326811880508244e-12,
    1.0430572292612078e-12,
    6.521306880506641e-13,
    1.8458223463658733e-12,
    1.1570594295739373e-11,
    8.810822004235805e-12,
    7.2583213974087094e-12,
    9.496647777347877e-12,
    9.03621362724373e-12,
    7.237938957801625e-12,
    7.2508363585372444e-12,
    8.094147832897537e-12,
    7.493178516944219e-12,
    1.1654551471825578e-12,
    1.1320257310185857e-12,
    1.1335257130810098e-12,
    7.253094877805384e-13,
    8.425258711291339e-12,
    1.0252695879701555e-12,
    9.15477308015393e-13,
    1.7449092491998248e-12,
    8.242945652932985e-12,
    9.446623107856415e-12,
    9.065072963172916e-12,
    6.797358750512621e-12,
    8.587792236947385e-12,
    8.170552960124198e-12,
    1.0632503139418595e-11,
    9.104660542214626e-12,
    1.1826060263366038e-12,
    1.2478876165633146e-12,
    1.2285699992950518e-12,
    1.110861905410786e-12,
    1.5753019737692368e-17,
    6.162626469778154e-13,
    5.5281434731146566e-14,
    1.065887703941906e-12,
    6.280572014711111e-12,
    7.689053395632379e-12,
    8.04820277887728e-12,
    7.879103505217001e-12,
    7.268572560445861e-12,
    8.967718204565564e-12,
    7.869867952633503e-12,
    7.940654723979042e-12,
    1.20529176591181e-12,
    1.137630262376962e-12,
    1.1768007463664765e-12,
    1.6398665780274958e-12,
    9.86308003946564e-13,
    8.880393721907395e-13,
    7.341996881201384e-13,
    6.019167392495288e-15,
    8.67009594156441e-12,
    8.486196173435708e-12,
    7.440447439761642e-12,
    9.71024877946626e-12,
    7.774695575392335e-12,
    9.482262674582441e-12,
    7.40680189466142e-12,
    9.929376455489084e-12,
    1.2049214602090957e-12,
    1.1567145950442778e-12,
    1.1718535845052562e-12,
    8.494140614823521e-13,
    9.966228216176703e-13,
    9.286328214051983e-13,
    7.32280227537117e-12,
    1.558995625031125e-12,
    7.280202518029032e-12,
    7.179113411307087e-12,
    6.575841572350696e-12,
    8.0024415501654e-12,
    7.635173059717363e-12,
    8.758219570659398e-12,
    7.40925073834746e-12,
    1.1090026883040363e-11,
    8.110864324894517e-12,
    1.1429747506874473e-12,
    1.2077253250845753e-12,
    3.4904096672079906e-12,
    8.068255896381222e-13,
    7.401575477952984e-12,
    7.699727295006865e-13,
    4.184690147750694e-13,
    8.271809522313015e-12,
    8.710795173576817e-12,
    6.325998906656136e-12,
    9.334653690389683e-12,
    6.5308266929732134e-12,
    7.791911348735832e-12,
    6.2427018545204555e-12,
    1.227025951111357e-11,
    1.0502885968421307e-11,
    1.0664450048254642e-12,
    1.147365713114021e-12,
    1.0393436722481704e-12,
    9.486794738748153e-13,
    1.2341313143544986e-12,
    1.0397329873613382e-12,
    5.915652858994964e-13,
    1.2742591523884792e-12,
    7.30332909580965e-12,
    7.005574681993305e-12,
    9.143876698724438e-12,
    1.0028922998003395e-11,
    8.020913215777112e-12,
    9.59861251239944e-12,
    8.79383727700294e-12,
    8.302165116603265e-12,
    1.1067495254977721e-12,
    1.2495362464362319e-12,
    1.198676425603481e-12,
    9.418382006840114e-13,
    3.1516352278214107e-17,
    1.3200560176292374e-12,
    6.281248411571288e-14,
    6.024758567603556e-15,
    7.526765825029538e-12,
    9.363207377501006e-12,
    7.551277711186837e-12,
    1.0934411682171647e-11,
    7.552569490043619e-12
  ],
  "rhs_norm_N": [
    0.19474509486044994,
    0.17065332561578125,
    0.23447287540164594,
    0.17220030400749156,
    0.2709316072372235,
    0.19471693776477278,
    0.04108030511731385,
    0.042346803634044874,
    0.04330029707583283,
    0.03456544444601021,
    0.040023321887345684,
    0.1121405158340001,
    0.003015831085233621,
    0.1792710138016974,
    0.21387745778491238,
    0.1787821126447725,
    0.21598135814912403,
    0.1877897635887085,
    0.1771843893664876,
    0.19149698016443292,
    0.21118062698287837,
    0.1873464951323792,
    0.03687298183212506,
    0.04110174489647467,
    0.03821030284846606,
    0.03019602974194443,
    0.06858380223403876,
    0.026256745326142267,
    0.028294087987985495,
    0.05631469183078508,
    0.2067849285831074,
    0.21565465219434757,
    0.2181888966830641,
    0.2032363903822915,
    0.16569975222350936,
    0.17913505315702222,
    0.1914361231763524,
    0.25950982821728075,
    0.03907433809732305,
    0.04023441765228484,
    0.041425880051555605,
    0.02406660502823716,
    0.04125886717080126,
    0.03754258813307575,
    0.19930675441255813,
    0.06607151117447509,
    0.2209209033087892,
    0.2686149950201825,
    0.26880187136206124,
    0.1705076458954377,
    0.2335279092381823,
    0.20009560485375238,
    0.19718738492668325,
    0.22431881117384264,
    0.04054466288470738,
    0.03782511300249988,
    0.04022432923630751,
    0.02417012428352829,
    0.030066646607105334,
    0.03297616414589638,
    0.029782060290420746,
    6.734233414687119e-05,
    0.197967852075347,
    0.22923194191515261,
    0.27766156585099194,
    0.24863116222667273,
    0.18201748288874806,
    0.16763515108019778,
    0.19414771735319578,
    0.26814270326672557,
    0.053519970534573885,
    0.03983318377116941,
    0.0393796350220626,
    0.022220728677350938,
    0.06012759254389319,
    0.033845790969115844,
    0.08870552258384376,
    0.08145009877304443,
    0.186637490223805,
    0.2221495515906405,
    0.22137240054449406,
    0.1926258060432846,
    0.19970119390050764,
    0.1965894592291622,
    0.20387092599519724,
    0.20455086884560336,
    0.207358353156584,
    0.038931060785493306,
    0.04069872433838742,
    0.03587149576542217,
    0.02744635313017724,
    0.030937613672176588,
    0.041367989845653874,
    0.015067086285774614,
    0.09922786504483712,
    0.17898844552324594,
    0.20273200064508173,
    0.18624433490214717,
    0.20990948867274056,
    0.22480329719579117,
    0.2452426891692319,
    0.23556690744275155,
    0.2195129712539182,
    0.03455845493508351,
    0.03614316038777131,
    0.04286146331357098,
    0.03242204430713107,
    0.01178994630496629,
    0.1929589719333475,
    0.03401197285927424,
    0.048398016022861645,
    0.22632588721500946,
    0.27529003905919375,
    0.24482316296788043,
    0.20116200056130162,
    0.2782936699007399,
    0.19251050325537866,
    0.16558463581839505,
    0.25637661194096745,
    0.04076581481912522,
    0.03950723368156734,
    0.03666908185233782,
    0.0359722968378988,
    0.026372900233924673,
    0.03773975095433853,
    0.027684958584921707,
    0.00014881596609483285,
    0.18119045871705744,
    0.17732293834584847,
    0.2854048179716198,
    0.1867215115576055,
    0.24864781704311545,
    0.2064330674507366,
    0.2062858369664427,
    0.19519388723001568,
    0.03930165932542901,
    0.035842085471339685,
    0.03904450074222811,
    0.04644887216040624,
    0.03991976412393688,
    0.041372343634313226,
    0.036346865855252576,
    0.00013320995692930884,
    0.20804666398272897,
    0.22518905449465657,
    0.20313243247086776,
    0.18557967594080327,
    0.20972858358993915,
    0.1670510354761858,
    0.2239036113392489,
    0.21470458055827327,
    0.24751338551312668,
    0.040885799546445986,
    0.041805169046055704,
    0.0,
    0.024228669855376216,
    0.035839518762904844,
    0.032386248382772105,
    0.04640268572869867,
    0.18071686576754037,
    0.25559343618589747,
    0.23641675085242822,
    0.17166236510177413,
    0.17463630532163654,
    0.20253080133307644,
    0.21144549480051186,
    0.22715115406351313,
    0.23631294473960132,
    0.04132025658656802,
    0.036551619173472584,
    0.03502054421834687,
    0.033538191794377434,
    0.035615859838739126,
    0.03137670879473294,
    0.03021434919324997,
    0.06630653137369133,
    0.22043138126445064,
    0.20957511758319877,
    0.25577030785575827,
    0.22798489897971375,
    0.21881965576780324,
    0.22992794705009165,
    0.19612352492552879,
    0.25200234043077707,
    0.03924607546528582,
    0.04084094520576094,
    0.04200764486975298,
    0.07781572411493771,
    0.035049021240276805,
    0.03902871309941232,
    0.032088014835151765,
    0.08194117799885499,
    0.2126826068195083,
    0.20892869444247147,
    0.2200624952827471,
    0.21081542265556355,
    0.20975318244428529,
    0.25588234556276346,
    0.18516953514459517,
    0.19473987121963574,
    0.035058328411967,
    0.040354464577821346,
    0.04259976776925381,
    0.02470792874941942,
    0.03340830357276219,
    0.18422137516069104,
    0.027323116992034956,
    0.00013741151319057125,
    0.23661586925253825,
    0.25735431110331797,
    0.26998390623303414,
    0.22279733992050468,
    0.18025223878441815,
    0.16327372228941542,
    0.1790351423871964,
    0.1753873737113557,
    0.038139855816634524,
    0.03681910532036176,
    0.03853357722852627,
    0.027375207763467177,
    0.0120730976741615,
    0.19638095815830198,
    0.029791329217558376,
    0.052100878694983706,
    0.23865421738993273,
    0.2290708249918513,
    0.2680583921894446,
    0.2819577146724205,
    0.17439046516538517,
    0.2487631353633082,
    0.23449633351591703,
    0.18436604452655328,
    0.1924078159182161,
    0.03681304981197697,
    0.03640040333305543,
    0.0366100346475464,
    0.038646475472021186,
    0.22072351335614845,
    0.03448928581816887,
    0.012059205978297904,
    0.2327261990001247,
    0.2468048274525158,
    0.2220582030812351,
    0.2477966687546677,
    0.21769662936064613,
    0.17063150920864442,
    0.24449410800793298,
    0.21272694842155804,
    0.23328553231103533,
    0.03890851753289274,
    0.03684798062976191,
    0.03916670097259824,
    0.036146773750184394,
    0.03740492535053584,
    0.06592104450921198,
    0.06895327880180731,
    0.013339417928376292,
    0.17631604800947404,
    0.2084749919674588,
    0.22227789646955554,
    0.21413237405471464,
    0.16876419400357168,
    0.20974027663617661,
    0.1800235994297198,
    0.20562864595658786,
    0.03818274326007132,
    0.041644775627552096,
    0.0430981616175202,
    0.03680345477921153,
    0.03702917844954246,
    0.1927069637564092,
    0.03528216914899858,
    0.00014399541941727856,
    0.28530372626018186,
    0.23016538279579332,
    0.17770525015760832,
    0.1901531681079807,
    0.26731444391745424,
    0.20376404965019368,
    0.2128306278998161,
    0.20275673105516726,
    0.03830367348045327,
    0.03927318645146755,
    0.04019532229749994,
    0.03742927522008025,
    0.030757930941337497,
    0.03686088117341924,
    0.01850797300991896,
    7.362426905965749e-05,
    0.22829720458463582,
    0.24421304588020842,
    0.19326527093587256,
    0.22084230573387062,
    0.21968840543750887,
    0.20674489484562547,
    0.18127110890771936,
    0.1671960288705689,
    0.2519924438400063,
    0.03597659406508136,
    0.04248130079179982,
    0.022926370102042758,
    0.02418325970273271,
    0.03371948438663474,
    0.1759113233308076,
    0.06461477119463171,
    0.26822934263007675,
    0.2586190615815867,
    0.27310844493484754,
    0.21112574984794757,
    0.23742804359340866,
    0.1656544137706118,
    0.1743493100833227,
    0.1912755439992547,
    0.2196369649387187,
    0.04113251189556927,
    0.04208784961883899,
    0.039863313054041345,
    0.03521812623153245,
    0.04208942262333305,
    0.032951292189733875,
    0.10730578126039532,
    0.09595782080659612,
    0.27672922506064485,
    0.20902495900386586,
    0.23543722419965768,
    0.17140858614258014,
    0.2571963445460074,
    0.19563923599392746,
    0.23389391082207078,
    0.22581112285618743,
    0.03703250265095071,
    0.039068206516217376,
    0.03721081452595779,
    0.036358549268985824,
    0.037130758464662406,
    0.08805092068752843,
    0.030132114351349035,
    0.06555094674674021,
    0.21459482057562843,
    0.1760194321987425,
    0.1837634222632369,
    0.20816861771215506,
    0.21616175459421053,
    0.17153497824769542,
    0.1953605924530812,
    0.24093669869703788,
    0.03684199524203364,
    0.041578489362740834,
    0.035946307525404106,
    0.028299806126190166,
    2.2263188295432598e-07,
    0.026886058000104646,
    0.029448120522745157,
    0.011509832530005914,
    0.26150646346576806,
    0.2019446125129352,
    0.23781224939134743,
    0.2392350562083495,
    0.20882567296494728,
    0.19856130257845706,
    0.1915922618288812,
    0.23854065780111977,
    0.03576928242863061,
    0.03518003256678228,
    0.036905889993503645,
    0.03720657535718723,
    0.03939707703796539,
    0.040878642081615804,
    0.03148557438926523,
    4.0976588095026624e-05,
    0.255276186244217,
    0.2629324060014257,
    0.21132327411927634,
    0.2641650852780935,
    0.19901266249061525,
    0.2103714527995824,
    0.19610878401653042,
    0.1765954607253327,
    0.21930319385791608,
    0.037552425765239365,
    0.038091992041594525,
    0.12151225398605842,
    0.06980606052303812,
    0.04051917257008849,
    0.03426742674430496,
    0.13369866521936855,
    0.18029182620149384,
    0.2284191587709908,
    0.20899594786430328,
    0.1736184973215739,
    0.1982892163381216,
    0.20235561102256694,
    0.19857680614930187,
    0.17036572690390372,
    0.23936835908215062,
    0.04023126358052946,
    0.03536995380536826,
    0.041137434647023664,
    0.03853235985670227,
    0.07556563161176204,
    0.19525534653346036,
    0.03996144461786471,
    0.037714248845141726,
    0.22020843428270095,
    0.20852909003753986,
    0.21191829336195733,
    0.28217915001622945,
    0.21474234913152188,
    0.1904240385180215,
    0.23848736529542472,
    0.18110378998865398,
    0.03570872104593969,
    0.04170143408271625,
    0.042704199559909006,
    0.03215229343093199,
    0.03547757112568614,
    0.03477303159331366,
    0.0015130830144269656,
    0.07246292907698636,
    0.2484970363470938,
    0.2556779339980872,
    0.1834266532277164,
    0.181633663948484,
    0.21606592482579912,
    0.18810985814960002,
    0.20157753585875907,
    0.19431833792072656,
    0.035288637562048156,
    0.039287778970152384,
    0.04100940166909751,
    0.021104157656890426,
    0.04069897369850784,
    0.08068769892299249,
    0.02015453575512088,
    6.140683752251434e-05,
    0.23782873474883648,
    0.250967893973856,
    0.21252395556540618,
    0.24306788121894907,
    0.20876155514609568,
    0.24932610384669934,
    0.20068479633432107,
    0.17529490244007798,
    0.0878175067199571,
    0.037348438135544657,
    0.038987481030445255,
    0.0368837070876401,
    0.11620578700643384,
    0.04013672243625379,
    0.0377775906184417,
    0.0027393632992530974,
    0.2114544168856127,
    0.20158030976833313,
    0.25492277729928753,
    0.18239204955582514,
    0.20047041317310949,
    0.19731990405666475,
    0.18048270626017016,
    0.24104579729220862,
    0.20174875565181913,
    0.0417162370797989,
    0.03650795309426594,
    0.03869771609461609,
    0.0303180382957945,
    0.06696625610107618,
    0.0365342620204519,
    0.1304273837334614,
    0.12568735612929055,
    0.2933679512573252,
    0.2522263799968715,
    0.24377553653777415,
    0.26624782162320343,
    0.1677808367741308,
    0.23240278574022666,
    0.2195859799658114,
    0.2709389574145029,
    0.03628273218732534,
    0.041992051750563586,
    0.04173769343816667,
    0.04111822865233833,
    0.035160003407300154,
    0.21270223925705994,
    0.03475845696505466,
    0.05065857592377484,
    0.21296557436790198,
    0.1882629353199352,
    0.21807289621624237,
    0.17129820413716582,
    0.25917978655033347,
    0.21330454792762527,
    0.22771888364341397,
    0.24812735182195772,
    0.034783759722845885,
    0.036824950896863454,
    0.0390095345876858,
    0.024210714356382026,
    5.286390524195095e-08,
    0.02550975361000522,
    0.035932131667857824,
    0.06991675699821928,
    0.21529812846459898,
    0.19507430008774929,
    0.20390305612276743,
    0.2115277536967795,
    0.23348795625455587,
    0.21771122936196988,
    0.2445606370693548,
    0.20052212915454426,
    0.03945440144164045,
    0.04036343925558949,
    0.042021838401022235,
    0.036025039149341305,
    0.035090507872074815,
    0.09466150269238244,
    0.10764793097235967,
    0.00010018369508424597,
    0.23278947354094084,
    0.17968471687648355,
    0.20873725132646942,
    0.16744015944957663,
    0.16983208483039733,
    0.23868973421777345,
    0.24614593246270478,
    0.1704260742593306,
    0.2579939632991564,
    0.03546077271365766,
    0.036872654365928896,
    0.0,
    0.03567750637407273,
    0.03701934260014578,
    0.2334655986529428,
    0.08464229130467711,
    0.2702613723631123,
    0.2753715399422772,
    0.23562218554056505,
    0.23080498722015017,
    0.21874917212394446,
    0.24124496397982967,
    0.2435659496535139,
    0.21058557748388865,
    0.2457429153088044,
    0.03787846908614893,
    0.04031127388573913,
    0.03504441457121693,
    0.02261203908536396,
    0.027967969140864645,
    0.037094240640016575,
    0.01638379818049894,
    0.06627223378541772,
    0.2808401630473473,
    0.2101435660196974,
    0.18062362833303156,
    0.17752352016547507,
    0.20144496131302692,
    0.25155377849655136,
    0.19383203971096122,
    0.24132047431386916,
    0.03569246172043758,
    0.03721583401123006,
    0.037098606296596004,
    0.03942333770255426,
    2.477284678702573e-08,
    0.23579566309405484,
    0.09330635284293128,
    8.303579131965167e-05,
    0.21022085334699672,
    0.20031051663204344,
    0.19390855926087497,
    0.20610738968953557,
    0.1767028384035121,
    0.21578418857686066,
    0.18152958702566055,
    0.2051771313957282,
    0.03882229979345221,
    0.040814691839073276,
    0.039674364158457584,
    0.03572937129940617,
    0.042204721472351915,
    0.0397121307103894,
    0.03529000362732503,
    6.21479238836079e-05,
    0.20874593338527783,
    0.20539983612495163,
    0.17006346819964357,
    0.1964297360102148,
    0.2169244536024474,
    0.1634543802181333,
    0.20580873275170894,
    0.2350897501415738,
    0.0365030983978205,
    0.03824086189161936,
    0.035767327567412494,
    0.030205934297086835,
    0.029079127756856088,
    0.17968203830821886,
    0.03657473339118869,
    0.049493217599411485,
    0.25122094312220933,
    0.26884702372912733,
    0.21821972538994774,
    0.21828485135882036,
    0.2088344381737056,
    0.21888759520278256,
    0.21743943780737163,
    0.2019105856631878,
    0.21122946366555992,
    0.03556473447533555,
    0.03546948670285669,
    0.037293566207342116,
    0.033247842141160285,
    0.038368868168029056,
    0.02934947198207458,
    0.04693986482760816,
    0.18046363597792828,
    0.29550157611439304,
    0.19710773751866037,
    0.22302179074200132,
    0.17519041604428964,
    0.19516347160322509,
    0.20288092672648123,
    0.2137424277089228,
    0.18143462600237856,
    0.03891405206393045,
    0.03799679181933293,
    0.036868051219217046,
    0.024495444456989948,
    0.03541626578333864,
    0.03852638036952921,
    0.027157777437028015,
    0.049150931455738775,
    0.18312008299661012,
    0.2634913777772273,
    0.2077423967378591,
    0.1794130760464272,
    0.21043885477614813,
    0.2262959343877751,
    0.16306938326840267,
    0.22275659295114955,
    0.040403778408738864,
    0.04193750268680611,
    0.040647748075041734,
    0.036084094386885986,
    0.03657005360756873,
    0.03719078270850078,
    0.03596573647863643,
    0.06377887800253106,
    0.201739807750472,
    0.2507769317173141,
    0.21974577497849443,
    0.1790545208231126,
    0.23905490637421323,
    0.18987073859738757,
    0.21609222609124915,
    0.19867493185076746,
    0.0384805188168914,
    0.03687746678882,
    0.036963197617547155,
    0.021206145202431536,
    0.03460051462502951,
    0.03720710542869896,
    0.033481636274461976,
    0.00024445253167705127,
    0.2688042927065952,
    0.22812906348899506,
    0.21805126997134186,
    0.22760826571988477,
    0.18706947580941052,
    0.2739862897714547,
    0.2380539427224303,
    0.2372554446235811,
    0.04631718132743108,
    0.03572693855299439,
    0.036086987561173095,
    0.024787423070889526,
    0.08630072172196677,
    0.039337872563513614,
    0.23362444477946792,
    2.2728700180533283e-05,
    0.20438204595540121,
    0.24162502864465094,
    0.25198508674470355,
    0.26615759247765736,
    0.20923601475937012,
    0.24206167922167557,
    0.1990605624046915,
    0.23722223055768366,
    0.19687915881346862,
    0.03523353477646091,
    0.03916809613753369,
    0.039921234079395664,
    0.03662346993774685,
    0.033096265971855866,
    0.03436586162338264,
    0.17114675635582238,
    0.1174908249753988,
    0.23292520634637004,
    0.2511364233094,
    0.18807728144869434,
    0.16788714128271903,
    0.160152283337316,
    0.19307208283093036,
    0.2421689015153802,
    0.24491679564622554,
    0.04073183718328128,
    0.04233949098970294,
    0.04212779081921916,
    0.03168485256710851,
    0.0003450691807177496,
    0.03573297369709116,
    0.029470316594776766,
    3.9766153876046316e-05,
    0.22304559137181007,
    0.22167603907538913,
    0.21531132610508721,
    0.18919110756738872,
    0.25349017913835514,
    0.19041029557384515,
    0.19699417480044903,
    0.27928200129499414,
    0.03923760240579985,
    0.04203799200643095,
    0.037848659811722425,
    0.021561702405358842,
    0.04841367810641647,
    0.03434330676494005,
    0.03512943043333686,
    6.855507061584378e-05,
    0.23670726512928633,
    0.24765322788207952,
    0.20911303220434782,
    0.228132826838397,
    0.21478400060733518,
    0.18259694497066015,
    0.21386944374530154,
    0.21891308679007201,
    0.036180966223919205,
    0.03518261321747776,
    0.0362902104453131,
    0.022279059604926803,
    0.03968263384751118,
    0.027560804249618008,
    0.0833899580652616,
    0.05369847447028099,
    0.2349974059288515,
    0.2313474839667432,
    0.21953103622463294,
    0.19023215502646965,
    0.21459016169329645,
    0.20772926209966824,
    0.20993852544788882,
    0.2504573252698397,
    0.2262270267248961,
    0.037077868503969665,
    0.03634087369679263,
    0.0,
    0.041649508901752536,
    0.037895114407818696,
    0.02835663400179855,
    0.015785068642906692,
    0.1755463774490468,
    0.19426748226069981,
    0.21391746044442375,
    0.20012183395444127,
    0.2458818518074329,
    0.23060108517493233,
    0.21049403506000516,
    0.22974302825992965,
    0.2081495972083428,
    0.03858553284210378,
    0.04138412562352267,
    0.041375063717488864,
    0.03707362219283333,
    0.03677087475662589,
    0.06776510773663381,
    0.03477435855128294,
    0.060693146340231485,
    0.19342020560497478,
    0.1961794938760674,
    0.2872729824419545,
    0.17016174528750513,
    0.24702212105656024,
    0.21023409854285688,
    0.2766623542951765,
    0.19259965382074723,
    0.03796516745812531,
    0.0403754824736449,
    0.036587043740914406,
    0.03857887379070062,
    0.037998836389422336,
    0.036885923766293974,
    0.003530768673590398,
    0.07437193254777139,
    0.21958644379815082,
    0.21573569159193517,
    0.25492367850904374,
    0.15828008018830061,
    0.19931241923749543,
    0.1922296333506955,
    0.2212472127866447,
    0.24444720934991293,
    0.035443145778629025,
    0.040530060704128706,
    0.038247294477388005,
    0.022322460089375905,
    0.049528776168932115,
    0.029744897200894762,
    0.031542357243563565,
    0.0292142859992415,
    0.2059919412091999,
    0.2021459533365618,
    0.20307511808283837,
    0.21103010007005576,
    0.20112908584782888,
    0.2511380571171658,
    0.24331928583138224,
    0.20049226224682987,
    0.07889296175784276,
    0.035092593201500634,
    0.0404604948589285,
    0.026409542982419213,
    0.07520221516709773,
    0.03262800570199002,
    0.18074023626716273,
    0.0476774063696793,
    0.2918207091848427,
    0.1791031531905582,
    0.28362189100442226,
    0.2717311003741336,
    0.23083567392905646,
    0.23533181741917947,
    0.18752645655634148,
    0.20890072796616493,
    0.21731733613380086,
    0.03493065405372725,
    0.042393672983588995,
    0.04051182250108399,
    0.03328806680309928,
    0.04126412132747334,
    0.03703532447675455,
    0.1353273849730965,
    0.18834698827884275,
    0.24668823165312462,
    0.270747406044554,
    0.17766754332139675,
    0.18250864567024985,
    0.20455520035572639,
    0.19852542067669296,
    0.18670060598986846,
    0.1714765531082785,
    0.03613739206189469,
    0.0355268526794972,
    0.040501387597318694,
    0.02306727148904219,
    0.03451278358475481,
    0.22297552195631068,
    0.035777598570317364,
    0.0643816263169091,
    0.20924326356780873,
    0.2249666477767123,
    0.24591597929854758,
    0.2567909108416413,
    0.19533912867511646,
    0.18470891888361715,
    0.20159097985046032,
    0.19041381492414786,
    0.03458275691963461,
    0.040985945936637874,
    0.03777578505897708,
    0.0535095115904535,
    0.06331456861640333,
    0.2563661295783443,
    0.03964109920596358,
    0.06348737673033868,
    0.2132704965554068,
    0.1833032162795547,
    0.28668562902188166,
    0.2296642079252337,
    0.2532774090325013,
    0.18383770849532383,
    0.1653874513042075,
    0.23110726976054263,
    0.03577978630819969,
    0.037098430588627086,
    0.04087101686122586,
    0.02970101057001929,
    0.039540275765487846,
    0.028921511639499402,
    0.023641501890260357,
    9.017402381071208e-05,
    0.26888843650544136,
    0.20908818108908733,
    0.22407867373000193,
    0.21037928570055217,
    0.19473970644465793,
    0.18718055050857668,
    0.18623102818690934,
    0.18208928846166633,
    0.20381908074413915,
    0.035903860317743515,
    0.041783136172162984,
    0.03140177486649822,
    0.025546664398334685,
    0.039346812048647005,
    0.03746153399574257,
    0.07596922354454774,
    0.27899770311411626,
    0.2650853944436607,
    0.2199473719894087,
    0.2483634993380301,
    0.2001633730774921,
    0.1756904284738634,
    0.18425731007908575,
    0.21255066527274086,
    0.19417405449788921,
    0.04054259922252246,
    0.03766100169194114,
    0.03945857761243701,
    0.032182306946269446,
    0.17815473351358124,
    0.03993192450782657,
    0.06760846501620955,
    0.04742341181122014,
    0.2382238712299559,
    0.25352394191121264,
    0.27228663241637924,
    0.1951554104067335,
    0.2569309124009556,
    0.22560223434261334,
    0.24808989525383213,
    0.22884708875221443,
    0.038407214525060865,
    0.03943340926818293,
    0.04280252197878574,
    0.02744153237889653,
    2.1356227647820308e-07,
    0.03242711674743589,
    0.0012750568221555293,
    0.05417284134228564,
    0.2000928067847505,
    0.21908485346804144,
    0.21925696623668284,
    0.1948228163487768,
    0.1868197945682415,
    0.20531321731764632,
    0.21012534326367618,
    0.19675799745230393,
    0.03721695660408872,
    0.041635009164090755,
    0.038767624275344185,
    0.03598995606453227,
    0.04017730837144121,
    0.03714383865372966,
    0.022642569020671584,
    9.936449597756157e-05,
    0.2241339725750968,
    0.21190240324266696,
    0.17413405836563045,
    0.279555892879332,
    0.21547508389732153,
    0.2454466355119075,
    0.2009406994064185,
    0.23917869091269545,
    0.03844512591905526,
    0.0406268311590405,
    0.03748473621452077,
    0.02298124912415931,
    0.0258056405293065,
    0.031321365601452454,
    0.1916975702252443,
    0.05637204213295431,
    0.21320042920977011,
    0.18335831945271502,
    0.18534905270289023,
    0.1937687784168421,
    0.16885503606840438,
    0.24727718401240686,
    0.17388913932837752,
    0.2581285630578857,
    0.19985216697279698,
    0.03611532174261737,
    0.041640049676451185,
    0.12580618770964164,
    0.024146223884262068,
    0.19555499098671297,
    0.024452913676837242,
    0.024285983397286205,
    0.22685311670728153,
    0.27348578959142783,
    0.18085124459585922,
    0.2649402556512665,
    0.17310679958050068,
    0.19885253329560038,
    0.17402385299856662,
    0.2290756762103731,
    0.2184116885840102,
    0.037359962259990206,
    0.03807935843942332,
    0.036973542537375614,
    0.035418383522939044,
    0.03968908736940864,
    0.07907722150006168,
    0.03180379946135673,
    0.04769246306059042,
    0.23087779674020154,
    0.19152507193311316,
    0.27233800976328065,
    0.28084875032811013,
    0.19166065638239307,
    0.25240501488180506,
    0.22882901997590233,
    0.21179300518842806,
    0.039233585639225355,
    0.04195879403911174,
    0.039697153192693735,
    0.024376219555536243,
    6.398225957568375e-07,
    0.04054878087263639,
    0.0011921033679507939,
    9.509955219303582e-05,
    0.17089372911778375,
    0.2556132784383148,
    0.19781586620745117,
    0.26570451474873696,
    0.22088381657317432
  ],
  "profiler_note": "Captured Quadrants graphs are omitted by the kernel profiler; stage wall times include them.",
  "dofs": 2430,
  "tetrahedra": 480,
  "method_selected": "inverse",
  "surface_inverse_selected": true,
  "build_timings_including_JIT": {
    "topology_seconds": 0.08953913100413047,
    "operators_seconds": 0.6806420539796818,
    "factor_seconds": 13.600843691994669,
    "inverse_seconds": 0.18808405101299286,
    "surface_inverse_seconds": 0.12181675800820813
  },
  "stress_configurations": [
    {
      "mesh": "/mnt/home/zhaofeng/workspace/Genesis/.worktrees/rigid-stress-recovery-contact/examples/rigid/assets/hollow_egg/level1/elastic.npz",
      "output_mode": "max",
      "young": 10000000000.0,
      "poisson": 0.3,
      "density": 2000.0,
      "contact_radius": 0.006,
      "quadrature": 10,
      "tolerance": 1e-08,
      "absolute_tolerance": 1e-11,
      "max_iterations": 2000,
      "warm_start": true,
      "history_size": 0,
      "method": "auto",
      "cooperative_solve": true,
      "cooperative_pressure": true,
      "cooperative_scatter": true,
      "inverse_max_bytes": 67108864,
      "inverse_precision": "64",
      "surface_inverse": true,
      "packed_surface_loads": true,
      "fused_pipeline": true,
      "cached_peak": true,
      "cached_face_bounds": true,
      "inverse_corrections": 2,
      "preconditioner": "block"
    }
  ],
  "native_buffers": [
    {
      "name": "stress.0.info.vertices",
      "shape": [
        810,
        3
      ],
      "dtype": "torch.float64",
      "bytes": 19440,
      "kind": 1
    },
    {
      "name": "stress.0.info.elements",
      "shape": [
        480,
        10
      ],
      "dtype": "torch.int32",
      "bytes": 19200,
      "kind": 1
    },
    {
      "name": "stress.0.info.surface_nodes",
      "shape": [
        80,
        6
      ],
      "dtype": "torch.int32",
      "bytes": 1920,
      "kind": 1
    },
    {
      "name": "stress.0.info.edges",
      "shape": [
        6,
        2
      ],
      "dtype": "torch.int32",
      "bytes": 48,
      "kind": 1
    },
    {
      "name": "stress.0.info.gradients",
      "shape": [
        480,
        4,
        3
      ],
      "dtype": "torch.float64",
      "bytes": 46080,
      "kind": 1
    },
    {
      "name": "stress.0.info.corner_gradients",
      "shape": [
        480,
        4,
        7,
        3
      ],
      "dtype": "torch.float64",
      "bytes": 322560,
      "kind": 1
    },
    {
      "name": "stress.0.info.corner_nodes",
      "shape": [
        480,
        4,
        7
      ],
      "dtype": "torch.int32",
      "bytes": 53760,
      "kind": 1
    },
    {
      "name": "stress.0.info.volumes",
      "shape": [
        480
      ],
      "dtype": "torch.float64",
      "bytes": 3840,
      "kind": 1
    },
    {
      "name": "stress.0.info.row_start",
      "shape": [
        811
      ],
      "dtype": "torch.int32",
      "bytes": 3244,
      "kind": 1
    },
    {
      "name": "stress.0.info.columns",
      "shape": [
        20274
      ],
      "dtype": "torch.int32",
      "bytes": 81096,
      "kind": 1
    },
    {
      "name": "stress.0.info.element_entries",
      "shape": [
        480,
        10,
        10
      ],
      "dtype": "torch.int32",
      "bytes": 192000,
      "kind": 1
    },
    {
      "name": "stress.0.info.stiffness",
      "shape": [
        20274,
        3,
        3
      ],
      "dtype": "torch.float64",
      "bytes": 1459728,
      "kind": 1
    },
    {
      "name": "stress.0.info.mass",
      "shape": [
        20274
      ],
      "dtype": "torch.float64",
      "bytes": 162192,
      "kind": 1
    },
    {
      "name": "stress.0.info.modes",
      "shape": [
        810,
        3,
        6
      ],
      "dtype": "torch.float64",
      "bytes": 116640,
      "kind": 1
    },
    {
      "name": "stress.0.info.mass_modes",
      "shape": [
        810,
        3,
        6
      ],
      "dtype": "torch.float64",
      "bytes": 116640,
      "kind": 1
    },
    {
      "name": "stress.0.info.centrifugal",
      "shape": [
        810,
        3,
        6
      ],
      "dtype": "torch.float64",
      "bytes": 116640,
      "kind": 1
    },
    {
      "name": "stress.0.info.gram",
      "shape": [
        6,
        6
      ],
      "dtype": "torch.float64",
      "bytes": 288,
      "kind": 1
    },
    {
      "name": "stress.0.info.gram_inverse",
      "shape": [
        6,
        6
      ],
      "dtype": "torch.float64",
      "bytes": 288,
      "kind": 1
    },
    {
      "name": "stress.0.info.pins",
      "shape": [
        6
      ],
      "dtype": "torch.int32",
      "bytes": 24,
      "kind": 1
    },
    {
      "name": "stress.0.info.is_free",
      "shape": [
        810,
        3
      ],
      "dtype": "torch.int32",
      "bytes": 9720,
      "kind": 1
    },
    {
      "name": "stress.0.info.diagonal_inverse",
      "shape": [
        810,
        3,
        3
      ],
      "dtype": "torch.float64",
      "bytes": 58320,
      "kind": 1
    },
    {
      "name": "stress.0.info.scalar_diagonal_inverse",
      "shape": [
        810,
        3
      ],
      "dtype": "torch.float64",
      "bytes": 19440,
      "kind": 1
    },
    {
      "name": "stress.0.info.mass_properties",
      "shape": [
        4
      ],
      "dtype": "torch.float64",
      "bytes": 32,
      "kind": 1
    },
    {
      "name": "stress.0.factor.order",
      "shape": [
        810
      ],
      "dtype": "torch.int32",
      "bytes": 3240,
      "kind": 1
    },
    {
      "name": "stress.0.factor.row_start",
      "shape": [
        811
      ],
      "dtype": "torch.int32",
      "bytes": 3244,
      "kind": 1
    },
    {
      "name": "stress.0.factor.columns",
      "shape": [
        66669
      ],
      "dtype": "torch.int32",
      "bytes": 266676,
      "kind": 1
    },
    {
      "name": "stress.0.factor.sources",
      "shape": [
        66669
      ],
      "dtype": "torch.int32",
      "bytes": 266676,
      "kind": 1
    },
    {
      "name": "stress.0.factor.column_start",
      "shape": [
        811
      ],
      "dtype": "torch.int32",
      "bytes": 3244,
      "kind": 1
    },
    {
      "name": "stress.0.factor.rows",
      "shape": [
        66669
      ],
      "dtype": "torch.int32",
      "bytes": 266676,
      "kind": 1
    },
    {
      "name": "stress.0.factor.transpose_entries",
      "shape": [
        66669
      ],
      "dtype": "torch.int32",
      "bytes": 266676,
      "kind": 1
    },
    {
      "name": "stress.0.factor.lower",
      "shape": [
        66669,
        3,
        3
      ],
      "dtype": "torch.float64",
      "bytes": 4800168,
      "kind": 1
    },
    {
      "name": "stress.0.factor.diagonal",
      "shape": [
        810,
        3,
        3
      ],
      "dtype": "torch.float64",
      "bytes": 58320,
      "kind": 1
    },
    {
      "name": "stress.0.factor.diagonal_inverse",
      "shape": [
        810,
        3,
        3
      ],
      "dtype": "torch.float64",
      "bytes": 58320,
      "kind": 1
    },
    {
      "name": "stress.0.factor.valid",
      "shape": [],
      "dtype": "torch.bool",
      "bytes": 1,
      "kind": 1
    },
    {
      "name": "stress.0.inverse.blocks",
      "shape": [
        810,
        810,
        3,
        3
      ],
      "dtype": "torch.float64",
      "bytes": 47239200,
      "kind": 1
    },
    {
      "name": "stress.0.surface_inverse.nodes",
      "shape": [
        162
      ],
      "dtype": "torch.int32",
      "bytes": 648,
      "kind": 1
    },
    {
      "name": "stress.0.surface_inverse.force_blocks",
      "shape": [
        810,
        162,
        3,
        3
      ],
      "dtype": "torch.float64",
      "bytes": 9447840,
      "kind": 1
    },
    {
      "name": "stress.0.surface_inverse.centrifugal",
      "shape": [
        810,
        3,
        6
      ],
      "dtype": "torch.float64",
      "bytes": 116640,
      "kind": 1
    },
    {
      "name": "stress.0.surface.gauss",
      "shape": [
        10
      ],
      "dtype": "torch.float64",
      "bytes": 80,
      "kind": 1
    },
    {
      "name": "stress.0.surface.gauss_weights",
      "shape": [
        10
      ],
      "dtype": "torch.float64",
      "bytes": 80,
      "kind": 1
    },
    {
      "name": "stress.0.surface.positions",
      "shape": [
        8000,
        3
      ],
      "dtype": "torch.float64",
      "bytes": 192000,
      "kind": 1
    },
    {
      "name": "stress.0.surface.weights",
      "shape": [
        8000
      ],
      "dtype": "torch.float64",
      "bytes": 64000,
      "kind": 1
    },
    {
      "name": "stress.0.surface.shape",
      "shape": [
        100,
        6
      ],
      "dtype": "torch.float64",
      "bytes": 4800,
      "kind": 1
    },
    {
      "name": "stress.0.surface.face_origin",
      "shape": [
        80,
        3
      ],
      "dtype": "torch.float64",
      "bytes": 1920,
      "kind": 1
    },
    {
      "name": "stress.0.surface.face_edges",
      "shape": [
        80,
        2,
        3
      ],
      "dtype": "torch.float64",
      "bytes": 3840,
      "kind": 1
    },
    {
      "name": "stress.0.surface.face_dual",
      "shape": [
        80,
        2,
        3
      ],
      "dtype": "torch.float64",
      "bytes": 3840,
      "kind": 1
    },
    {
      "name": "stress.0.surface.face_normal",
      "shape": [
        80,
        3
      ],
      "dtype": "torch.float64",
      "bytes": 1920,
      "kind": 1
    },
    {
      "name": "stress.0.surface.face_bounds_low",
      "shape": [
        80,
        3
      ],
      "dtype": "torch.float64",
      "bytes": 1920,
      "kind": 1
    },
    {
      "name": "stress.0.surface.face_bounds_high",
      "shape": [
        80,
        3
      ],
      "dtype": "torch.float64",
      "bytes": 1920,
      "kind": 1
    },
    {
      "name": "stress.0.surface.grid.bounds",
      "shape": [
        2,
        3
      ],
      "dtype": "torch.float64",
      "bytes": 48,
      "kind": 1
    },
    {
      "name": "stress.0.surface.grid.cell_size",
      "shape": [],
      "dtype": "torch.float64",
      "bytes": 8,
      "kind": 1
    },
    {
      "name": "stress.0.surface.grid.starts",
      "shape": [
        4097
      ],
      "dtype": "torch.int32",
      "bytes": 16388,
      "kind": 1
    },
    {
      "name": "stress.0.surface.grid.samples",
      "shape": [
        8000
      ],
      "dtype": "torch.int32",
      "bytes": 32000,
      "kind": 1
    },
    {
      "name": "stress.0.state.force",
      "shape": [
        810,
        1024,
        3
      ],
      "dtype": "torch.float64",
      "bytes": 19906560,
      "kind": 6
    },
    {
      "name": "stress.0.state.rhs",
      "shape": [
        810,
        1024,
        3
      ],
      "dtype": "torch.float64",
      "bytes": 19906560,
      "kind": 6
    },
    {
      "name": "stress.0.state.displacement",
      "shape": [
        810,
        1024,
        3
      ],
      "dtype": "torch.float64",
      "bytes": 19906560,
      "kind": 4
    },
    {
      "name": "stress.0.state.residual",
      "shape": [
        810,
        1024,
        3
      ],
      "dtype": "torch.float64",
      "bytes": 19906560,
      "kind": 6
    },
    {
      "name": "stress.0.state.boundary_columns",
      "shape": [
        162,
        1024
      ],
      "dtype": "torch.int32",
      "bytes": 663552,
      "kind": 6
    },
    {
      "name": "stress.0.state.boundary_count",
      "shape": [
        1024
      ],
      "dtype": "torch.int32",
      "bytes": 4096,
      "kind": 6
    },
    {
      "name": "stress.0.state.wrench",
      "shape": [
        1024,
        6
      ],
      "dtype": "torch.float64",
      "bytes": 49152,
      "kind": 6
    },
    {
      "name": "stress.0.state.rhs_norm_squared",
      "shape": [
        1024
      ],
      "dtype": "torch.float64",
      "bytes": 8192,
      "kind": 6
    },
    {
      "name": "stress.0.state.residual_norm_squared",
      "shape": [
        1024
      ],
      "dtype": "torch.float64",
      "bytes": 8192,
      "kind": 6
    },
    {
      "name": "stress.0.state.residual_preconditioned",
      "shape": [
        1024
      ],
      "dtype": "torch.float64",
      "bytes": 8192,
      "kind": 6
    },
    {
      "name": "stress.0.state.next_residual_preconditioned",
      "shape": [
        1024
      ],
      "dtype": "torch.float64",
      "bytes": 8192,
      "kind": 6
    },
    {
      "name": "stress.0.state.direction_product",
      "shape": [
        1024
      ],
      "dtype": "torch.float64",
      "bytes": 8192,
      "kind": 6
    },
    {
      "name": "stress.0.state.active",
      "shape": [
        1024
      ],
      "dtype": "torch.int32",
      "bytes": 4096,
      "kind": 6
    },
    {
      "name": "stress.0.state.iterations",
      "shape": [
        1024
      ],
      "dtype": "torch.int32",
      "bytes": 4096,
      "kind": 6
    },
    {
      "name": "stress.0.state.peak",
      "shape": [
        1024
      ],
      "dtype": "torch.float64",
      "bytes": 8192,
      "kind": 6
    },
    {
      "name": "stress.0.state.step_peak",
      "shape": [
        1024
      ],
      "dtype": "torch.float64",
      "bytes": 8192,
      "kind": 5
    },
    {
      "name": "stress.0.state.step_valid",
      "shape": [
        1024
      ],
      "dtype": "torch.bool",
      "bytes": 1024,
      "kind": 5
    },
    {
      "name": "stress.0.state.valid",
      "shape": [
        1024
      ],
      "dtype": "torch.bool",
      "bytes": 1024,
      "kind": 6
    },
    {
      "name": "stress.0.state.corrections",
      "shape": [
        1024
      ],
      "dtype": "torch.int32",
      "bytes": 4096,
      "kind": 6
    },
    {
      "name": "stress.0.state.fallbacks",
      "shape": [
        1024
      ],
      "dtype": "torch.int32",
      "bytes": 4096,
      "kind": 6
    },
    {
      "name": "stress.0.state.invalid_steps",
      "shape": [
        1024
      ],
      "dtype": "torch.int64",
      "bytes": 8192,
      "kind": 6
    },
    {
      "name": "stress.0.state.invalid_reported",
      "shape": [
        1024
      ],
      "dtype": "torch.bool",
      "bytes": 1024,
      "kind": 6
    },
    {
      "name": "stress.0.contacts.position",
      "shape": [
        750,
        1024,
        3
      ],
      "dtype": "torch.float64",
      "bytes": 18432000,
      "kind": 6
    },
    {
      "name": "stress.0.contacts.center",
      "shape": [
        750,
        1024,
        3
      ],
      "dtype": "torch.float64",
      "bytes": 18432000,
      "kind": 6
    },
    {
      "name": "stress.0.contacts.anchor_face",
      "shape": [
        750,
        1024
      ],
      "dtype": "torch.int32",
      "bytes": 3072000,
      "kind": 6
    },
    {
      "name": "stress.0.contacts.is_refined",
      "shape": [
        750,
        1024
      ],
      "dtype": "torch.bool",
      "bytes": 768000,
      "kind": 6
    },
    {
      "name": "stress.0.contacts.force",
      "shape": [
        750,
        1024,
        3
      ],
      "dtype": "torch.float64",
      "bytes": 18432000,
      "kind": 6
    },
    {
      "name": "stress.0.contacts.normal",
      "shape": [
        750,
        1024,
        3
      ],
      "dtype": "torch.float64",
      "bytes": 18432000,
      "kind": 6
    },
    {
      "name": "stress.0.contacts.friction",
      "shape": [
        750,
        1024
      ],
      "dtype": "torch.float64",
      "bytes": 6144000,
      "kind": 6
    },
    {
      "name": "stress.0.contacts.radius",
      "shape": [
        750,
        1024
      ],
      "dtype": "torch.float64",
      "bytes": 6144000,
      "kind": 2
    },
    {
      "name": "stress.0.contacts.valid",
      "shape": [
        750,
        1024
      ],
      "dtype": "torch.bool",
      "bytes": 768000,
      "kind": 6
    },
    {
      "name": "stress.0.contacts.coefficient",
      "shape": [
        750,
        1024,
        3
      ],
      "dtype": "torch.float64",
      "bytes": 18432000,
      "kind": 6
    },
    {
      "name": "stress.0.contacts.weight_sum",
      "shape": [
        750,
        1024
      ],
      "dtype": "torch.float64",
      "bytes": 6144000,
      "kind": 6
    },
    {
      "name": "stress.0.contacts.status",
      "shape": [
        750,
        1024
      ],
      "dtype": "torch.int32",
      "bytes": 3072000,
      "kind": 6
    },
    {
      "name": "stress.0.contacts.force_error",
      "shape": [
        750,
        1024
      ],
      "dtype": "torch.float64",
      "bytes": 6144000,
      "kind": 6
    },
    {
      "name": "stress.0.contacts.moment_error",
      "shape": [
        750,
        1024
      ],
      "dtype": "torch.float64",
      "bytes": 6144000,
      "kind": 6
    },
    {
      "name": "stress.0.contacts.candidate_count",
      "shape": [
        750,
        1024
      ],
      "dtype": "torch.int32",
      "bytes": 3072000,
      "kind": 6
    },
    {
      "name": "stress.0.contacts.evaluations",
      "shape": [
        750,
        1024
      ],
      "dtype": "torch.int32",
      "bytes": 3072000,
      "kind": 6
    },
    {
      "name": "stress.0.contacts.active_pairs",
      "shape": [
        768000,
        2
      ],
      "dtype": "torch.int32",
      "bytes": 6144000,
      "kind": 6
    },
    {
      "name": "stress.0.contacts.active_count",
      "shape": [],
      "dtype": "torch.int32",
      "bytes": 4,
      "kind": 6
    },
    {
      "name": "stress.0.contacts.frame_position",
      "shape": [
        1024,
        3
      ],
      "dtype": "torch.float64",
      "bytes": 24576,
      "kind": 6
    },
    {
      "name": "stress.0.contacts.frame_quaternion",
      "shape": [
        1024,
        4
      ],
      "dtype": "torch.float64",
      "bytes": 32768,
      "kind": 6
    },
    {
      "name": "stress.0.omega",
      "shape": [
        1024,
        3
      ],
      "dtype": "torch.float64",
      "bytes": 24576,
      "kind": 6
    }
  ],
  "native_buffer_bytes": 289283429,
  "native_allocation_count": 96,
  "torch_peak_allocated_bytes": 3831808,
  "saved_reset_state_bytes": 1327104,
  "device_free_bytes": 98246918144
}
