timestamp,uuid,used_MiB,total_MiB,utilization_percent,power_W
2026/10/10 22:27:24.940,GPU-40b7c172-fb9d-63ea-58c7-0677967a8583,0,97887,0,57.49
2026/10/10 22:27:25.478,GPU-40b7c172-fb9d-63ea-58c7-0677967a8583,0,97887,0,57.49
2026/10/10 22:27:26.007,GPU-40b7c172-fb9d-63ea-58c7-0677967a8583,0,97887,0,57.26
2026/10/10 22:27:26.535,GPU-40b7c172-fb9d-63ea-58c7-0677967a8583,0,97887,0,57.26
2026/10/10 22:27:27.062,GPU-40b7c172-fb9d-63ea-58c7-0677967a8583,0,97887,0,57.74
2026/10/10 22:27:27.589,GPU-40b7c172-fb9d-63ea-58c7-0677967a8583,0,97887,0,57.74
2026/10/10 22:27:28.114,GPU-40b7c172-fb9d-63ea-58c7-0677967a8583,0,97887,0,58.33
2026/10/10 22:27:28.639,GPU-40b7c172-fb9d-63ea-58c7-0677967a8583,0,97887,0,58.33
2026/10/10 22:27:29.164,GPU-40b7c172-fb9d-63ea-58c7-0677967a8583,0,97887,0,58.04
2026/10/10 22:27:29.690,GPU-40b7c172-fb9d-63ea-58c7-0677967a8583,0,97887,0,57.74
2026/10/10 22:27:30.216,GPU-40b7c172-fb9d-63ea-58c7-0677967a8583,0,97887,0,57.74
2026/10/10 22:27:30.741,GPU-40b7c172-fb9d-63ea-58c7-0677967a8583,0,97887,0,57.73
2026/10/10 22:27:31.267,GPU-40b7c172-fb9d-63ea-58c7-0677967a8583,0,97887,0,57.73
2026/10/10 22:27:31.794,GPU-40b7c172-fb9d-63ea-58c7-0677967a8583,0,97887,0,57.22
2026/10/10 22:27:32.320,GPU-40b7c172-fb9d-63ea-58c7-0677967a8583,0,97887,0,57.22
2026/10/10 22:27:32.846,GPU-40b7c172-fb9d-63ea-58c7-0677967a8583,0,97887,0,57.20
2026/10/10 22:27:33.370,GPU-40b7c172-fb9d-63ea-58c7-0677967a8583,0,97887,0,57.20
2026/10/10 22:27:33.895,GPU-40b7c172-fb9d-63ea-58c7-0677967a8583,559,97887,0,59.85
2026/10/10 22:27:34.420,GPU-40b7c172-fb9d-63ea-58c7-0677967a8583,863,97887,0,65.86
2026/10/10 22:27:34.944,GPU-40b7c172-fb9d-63ea-58c7-0677967a8583,865,97887,0,77.60
2026/10/10 22:27:35.469,GPU-40b7c172-fb9d-63ea-58c7-0677967a8583,1025,97887,0,77.31
2026/10/10 22:27:35.998,GPU-40b7c172-fb9d-63ea-58c7-0677967a8583,2869,97887,0,78.36
2026/10/10 22:27:36.525,GPU-40b7c172-fb9d-63ea-58c7-0677967a8583,2959,97887,1,78.79
2026/10/10 22:27:37.052,GPU-40b7c172-fb9d-63ea-58c7-0677967a8583,2959,97887,0,77.48
2026/10/10 22:27:37.579,GPU-40b7c172-fb9d-63ea-58c7-0677967a8583,2959,97887,0,77.38
2026/10/10 22:27:38.108,GPU-40b7c172-fb9d-63ea-58c7-0677967a8583,30355,97887,5,79.86
2026/10/10 22:27:38.635,GPU-40b7c172-fb9d-63ea-58c7-0677967a8583,30355,97887,0,79.32
2026/10/10 22:27:39.166,GPU-40b7c172-fb9d-63ea-58c7-0677967a8583,30355,97887,0,77.50
2026/10/10 22:27:39.694,GPU-40b7c172-fb9d-63ea-58c7-0677967a8583,30355,97887,100,83.38
2026/10/10 22:27:40.222,GPU-40b7c172-fb9d-63ea-58c7-0677967a8583,30355,97887,100,90.31
2026/10/10 22:27:40.750,GPU-40b7c172-fb9d-63ea-58c7-0677967a8583,30355,97887,100,90.37
2026/10/10 22:27:41.287,GPU-40b7c172-fb9d-63ea-58c7-0677967a8583,30355,97887,100,90.46
2026/10/10 22:27:41.820,GPU-40b7c172-fb9d-63ea-58c7-0677967a8583,30355,97887,100,90.38
2026/10/10 22:27:42.350,GPU-40b7c172-fb9d-63ea-58c7-0677967a8583,30355,97887,100,90.49
2026/10/10 22:27:42.881,GPU-40b7c172-fb9d-63ea-58c7-0677967a8583,30355,97887,100,90.48
2026/10/10 22:27:43.407,GPU-40b7c172-fb9d-63ea-58c7-0677967a8583,30355,97887,100,90.44
2026/10/10 22:27:43.935,GPU-40b7c172-fb9d-63ea-58c7-0677967a8583,30355,97887,100,90.36
2026/10/10 22:27:44.461,GPU-40b7c172-fb9d-63ea-58c7-0677967a8583,30355,97887,100,90.22
2026/10/10 22:27:44.989,GPU-40b7c172-fb9d-63ea-58c7-0677967a8583,30355,97887,100,90.38
2026/10/10 22:27:45.517,GPU-40b7c172-fb9d-63ea-58c7-0677967a8583,30355,97887,100,90.51
2026/10/10 22:27:46.043,GPU-40b7c172-fb9d-63ea-58c7-0677967a8583,30355,97887,100,90.41
2026/10/10 22:27:46.570,GPU-40b7c172-fb9d-63ea-58c7-0677967a8583,30355,97887,100,90.39
2026/10/10 22:27:47.095,GPU-40b7c172-fb9d-63ea-58c7-0677967a8583,30355,97887,100,90.53
2026/10/10 22:27:47.622,GPU-40b7c172-fb9d-63ea-58c7-0677967a8583,30355,97887,100,90.53
2026/10/10 22:27:48.150,GPU-40b7c172-fb9d-63ea-58c7-0677967a8583,30355,97887,100,90.43
2026/10/10 22:27:48.677,GPU-40b7c172-fb9d-63ea-58c7-0677967a8583,30355,97887,100,90.40
2026/10/10 22:27:49.206,GPU-40b7c172-fb9d-63ea-58c7-0677967a8583,30355,97887,100,90.43
2026/10/10 22:27:49.732,GPU-40b7c172-fb9d-63ea-58c7-0677967a8583,30355,97887,100,90.37
2026/10/10 22:27:50.259,GPU-40b7c172-fb9d-63ea-58c7-0677967a8583,30355,97887,100,90.31
2026/10/10 22:27:50.786,GPU-40b7c172-fb9d-63ea-58c7-0677967a8583,30355,97887,100,90.44
2026/10/10 22:27:51.314,GPU-40b7c172-fb9d-63ea-58c7-0677967a8583,30355,97887,100,90.43
2026/10/10 22:27:51.842,GPU-40b7c172-fb9d-63ea-58c7-0677967a8583,30355,97887,100,90.30
2026/10/10 22:27:52.369,GPU-40b7c172-fb9d-63ea-58c7-0677967a8583,30643,97887,46,87.81
2026/10/10 22:27:52.897,GPU-40b7c172-fb9d-63ea-58c7-0677967a8583,37361,97887,0,81.80
2026/10/10 22:27:53.423,GPU-40b7c172-fb9d-63ea-58c7-0677967a8583,37361,97887,0,77.94
2026/10/10 22:27:53.950,GPU-40b7c172-fb9d-63ea-58c7-0677967a8583,37361,97887,0,77.31
2026/10/10 22:27:54.477,GPU-40b7c172-fb9d-63ea-58c7-0677967a8583,37361,97887,0,77.17
2026/10/10 22:27:55.009,GPU-40b7c172-fb9d-63ea-58c7-0677967a8583,37361,97887,0,77.17
2026/10/10 22:27:55.587,GPU-40b7c172-fb9d-63ea-58c7-0677967a8583,37681,97887,0,76.43
2026/10/10 22:27:56.142,GPU-40b7c172-fb9d-63ea-58c7-0677967a8583,37683,97887,4,77.48
2026/10/10 22:27:56.673,GPU-40b7c172-fb9d-63ea-58c7-0677967a8583,37683,97887,0,77.35
2026/10/10 22:27:57.205,GPU-40b7c172-fb9d-63ea-58c7-0677967a8583,37683,97887,0,77.33
2026/10/10 22:27:57.736,GPU-40b7c172-fb9d-63ea-58c7-0677967a8583,37683,97887,0,77.33
2026/10/10 22:27:58.271,GPU-40b7c172-fb9d-63ea-58c7-0677967a8583,37683,97887,0,76.35
2026/10/10 22:27:58.802,GPU-40b7c172-fb9d-63ea-58c7-0677967a8583,37683,97887,0,76.35
2026/10/10 22:27:59.334,GPU-40b7c172-fb9d-63ea-58c7-0677967a8583,37683,97887,0,76.10
2026/10/10 22:27:59.866,GPU-40b7c172-fb9d-63ea-58c7-0677967a8583,37683,97887,0,76.10
2026/10/10 22:28:00.397,GPU-40b7c172-fb9d-63ea-58c7-0677967a8583,37683,97887,0,76.12
2026/10/10 22:28:00.926,GPU-40b7c172-fb9d-63ea-58c7-0677967a8583,37683,97887,0,76.37
2026/10/10 22:28:01.460,GPU-40b7c172-fb9d-63ea-58c7-0677967a8583,37685,97887,0,78.77
2026/10/10 22:28:01.991,GPU-40b7c172-fb9d-63ea-58c7-0677967a8583,37685,97887,0,80.38
2026/10/10 22:28:02.524,GPU-40b7c172-fb9d-63ea-58c7-0677967a8583,37685,97887,0,77.17
2026/10/10 22:28:03.057,GPU-40b7c172-fb9d-63ea-58c7-0677967a8583,39637,97887,4,82.33
2026/10/10 22:28:03.587,GPU-40b7c172-fb9d-63ea-58c7-0677967a8583,39637,97887,6,86.48
2026/10/10 22:28:04.119,GPU-40b7c172-fb9d-63ea-58c7-0677967a8583,39637,97887,4,81.25
2026/10/10 22:28:04.646,GPU-40b7c172-fb9d-63ea-58c7-0677967a8583,39637,97887,98,115.53
2026/10/10 22:28:05.181,GPU-40b7c172-fb9d-63ea-58c7-0677967a8583,39637,97887,58,164.53
2026/10/10 22:28:05.710,GPU-40b7c172-fb9d-63ea-58c7-0677967a8583,39637,97887,6,145.65
2026/10/10 22:28:06.240,GPU-40b7c172-fb9d-63ea-58c7-0677967a8583,39637,97887,4,78.07
2026/10/10 22:28:06.769,GPU-40b7c172-fb9d-63ea-58c7-0677967a8583,39637,97887,36,107.51
2026/10/10 22:28:07.301,GPU-40b7c172-fb9d-63ea-58c7-0677967a8583,39637,97887,38,171.78
2026/10/10 22:28:07.832,GPU-40b7c172-fb9d-63ea-58c7-0677967a8583,39637,97887,6,145.09
2026/10/10 22:28:08.365,GPU-40b7c172-fb9d-63ea-58c7-0677967a8583,39637,97887,4,77.84
2026/10/10 22:28:08.900,GPU-40b7c172-fb9d-63ea-58c7-0677967a8583,39637,97887,4,77.70
2026/10/10 22:28:09.429,GPU-40b7c172-fb9d-63ea-58c7-0677967a8583,39637,97887,99,165.63
2026/10/10 22:28:09.961,GPU-40b7c172-fb9d-63ea-58c7-0677967a8583,39637,97887,5,155.92
2026/10/10 22:28:10.500,GPU-40b7c172-fb9d-63ea-58c7-0677967a8583,39637,97887,5,78.32
2026/10/10 22:28:11.034,GPU-40b7c172-fb9d-63ea-58c7-0677967a8583,39637,97887,97,109.45
2026/10/10 22:28:11.567,GPU-40b7c172-fb9d-63ea-58c7-0677967a8583,39637,97887,97,184.17
2026/10/10 22:28:12.100,GPU-40b7c172-fb9d-63ea-58c7-0677967a8583,39637,97887,7,150.34
2026/10/10 22:28:12.632,GPU-40b7c172-fb9d-63ea-58c7-0677967a8583,39637,97887,6,78.39
2026/10/10 22:28:13.166,GPU-40b7c172-fb9d-63ea-58c7-0677967a8583,39637,97887,97,115.83
2026/10/10 22:28:13.699,GPU-40b7c172-fb9d-63ea-58c7-0677967a8583,39637,97887,6,182.30
2026/10/10 22:28:14.233,GPU-40b7c172-fb9d-63ea-58c7-0677967a8583,39637,97887,7,138.88
2026/10/10 22:28:14.766,GPU-40b7c172-fb9d-63ea-58c7-0677967a8583,39637,97887,5,77.90
2026/10/10 22:28:15.305,GPU-40b7c172-fb9d-63ea-58c7-0677967a8583,39637,97887,98,126.14
2026/10/10 22:28:15.839,GPU-40b7c172-fb9d-63ea-58c7-0677967a8583,39637,97887,7,187.48
2026/10/10 22:28:16.376,GPU-40b7c172-fb9d-63ea-58c7-0677967a8583,39637,97887,5,129.32
2026/10/10 22:28:16.907,GPU-40b7c172-fb9d-63ea-58c7-0677967a8583,39637,97887,1,78.05
2026/10/10 22:28:17.440,GPU-40b7c172-fb9d-63ea-58c7-0677967a8583,39637,97887,98,162.68
2026/10/10 22:28:17.973,GPU-40b7c172-fb9d-63ea-58c7-0677967a8583,39637,97887,7,173.03
2026/10/10 22:28:18.507,GPU-40b7c172-fb9d-63ea-58c7-0677967a8583,39637,97887,3,108.60
2026/10/10 22:28:19.036,GPU-40b7c172-fb9d-63ea-58c7-0677967a8583,39637,97887,2,78.25
2026/10/10 22:28:19.569,GPU-40b7c172-fb9d-63ea-58c7-0677967a8583,39637,97887,99,162.88
2026/10/10 22:28:20.101,GPU-40b7c172-fb9d-63ea-58c7-0677967a8583,39637,97887,5,172.02
2026/10/10 22:28:20.634,GPU-40b7c172-fb9d-63ea-58c7-0677967a8583,39637,97887,1,86.54
2026/10/10 22:28:21.166,GPU-40b7c172-fb9d-63ea-58c7-0677967a8583,39637,97887,5,78.10
2026/10/10 22:28:21.698,GPU-40b7c172-fb9d-63ea-58c7-0677967a8583,39637,97887,98,129.28
2026/10/10 22:28:22.230,GPU-40b7c172-fb9d-63ea-58c7-0677967a8583,39637,97887,6,166.01
2026/10/10 22:28:22.765,GPU-40b7c172-fb9d-63ea-58c7-0677967a8583,39637,97887,4,119.56
2026/10/10 22:28:23.298,GPU-40b7c172-fb9d-63ea-58c7-0677967a8583,39637,97887,5,77.98
2026/10/10 22:28:23.830,GPU-40b7c172-fb9d-63ea-58c7-0677967a8583,39637,97887,98,150.47
2026/10/10 22:28:24.362,GPU-40b7c172-fb9d-63ea-58c7-0677967a8583,39637,97887,7,164.76
2026/10/10 22:28:24.894,GPU-40b7c172-fb9d-63ea-58c7-0677967a8583,39637,97887,6,98.89
2026/10/10 22:28:25.430,GPU-40b7c172-fb9d-63ea-58c7-0677967a8583,39637,97887,3,78.80
2026/10/10 22:28:25.964,GPU-40b7c172-fb9d-63ea-58c7-0677967a8583,39637,97887,99,175.74
2026/10/10 22:28:26.497,GPU-40b7c172-fb9d-63ea-58c7-0677967a8583,39637,97887,5,175.86
2026/10/10 22:28:27.036,GPU-40b7c172-fb9d-63ea-58c7-0677967a8583,39637,97887,4,79.27
2026/10/10 22:28:27.569,GPU-40b7c172-fb9d-63ea-58c7-0677967a8583,39637,97887,1,92.91
2026/10/10 22:28:28.106,GPU-40b7c172-fb9d-63ea-58c7-0677967a8583,39637,97887,99,170.90
2026/10/10 22:28:28.640,GPU-40b7c172-fb9d-63ea-58c7-0677967a8583,39637,97887,7,169.29
2026/10/10 22:28:29.173,GPU-40b7c172-fb9d-63ea-58c7-0677967a8583,39637,97887,2,98.44
2026/10/10 22:28:29.705,GPU-40b7c172-fb9d-63ea-58c7-0677967a8583,39637,97887,2,78.41
2026/10/10 22:28:30.236,GPU-40b7c172-fb9d-63ea-58c7-0677967a8583,39637,97887,99,164.67
2026/10/10 22:28:30.774,GPU-40b7c172-fb9d-63ea-58c7-0677967a8583,39637,97887,6,193.43
2026/10/10 22:28:31.312,GPU-40b7c172-fb9d-63ea-58c7-0677967a8583,39637,97887,4,101.67
2026/10/10 22:28:31.844,GPU-40b7c172-fb9d-63ea-58c7-0677967a8583,39637,97887,6,78.27
2026/10/10 22:28:32.376,GPU-40b7c172-fb9d-63ea-58c7-0677967a8583,39637,97887,99,143.87
2026/10/10 22:28:32.907,GPU-40b7c172-fb9d-63ea-58c7-0677967a8583,39637,97887,88,225.01
2026/10/10 22:28:33.441,GPU-40b7c172-fb9d-63ea-58c7-0677967a8583,39637,97887,5,148.28
2026/10/10 22:28:33.975,GPU-40b7c172-fb9d-63ea-58c7-0677967a8583,39637,97887,5,78.55
2026/10/10 22:28:34.508,GPU-40b7c172-fb9d-63ea-58c7-0677967a8583,39637,97887,99,106.32
2026/10/10 22:28:35.045,GPU-40b7c172-fb9d-63ea-58c7-0677967a8583,39637,97887,99,188.67
2026/10/10 22:28:35.578,GPU-40b7c172-fb9d-63ea-58c7-0677967a8583,39637,97887,6,165.41
2026/10/10 22:28:36.110,GPU-40b7c172-fb9d-63ea-58c7-0677967a8583,39637,97887,0,94.17
2026/10/10 22:28:36.641,GPU-40b7c172-fb9d-63ea-58c7-0677967a8583,39637,97887,6,78.15
2026/10/10 22:28:37.173,GPU-40b7c172-fb9d-63ea-58c7-0677967a8583,39637,97887,99,133.34
2026/10/10 22:28:37.707,GPU-40b7c172-fb9d-63ea-58c7-0677967a8583,39637,97887,99,189.67
2026/10/10 22:28:38.242,GPU-40b7c172-fb9d-63ea-58c7-0677967a8583,39637,97887,6,170.93
2026/10/10 22:28:38.772,GPU-40b7c172-fb9d-63ea-58c7-0677967a8583,39637,97887,4,96.66
2026/10/10 22:28:39.304,GPU-40b7c172-fb9d-63ea-58c7-0677967a8583,39637,97887,5,78.13
2026/10/10 22:28:39.837,GPU-40b7c172-fb9d-63ea-58c7-0677967a8583,39637,97887,98,140.96
2026/10/10 22:28:40.393,GPU-40b7c172-fb9d-63ea-58c7-0677967a8583,39637,97887,17,188.88
2026/10/10 22:28:40.949,GPU-40b7c172-fb9d-63ea-58c7-0677967a8583,39637,97887,5,132.51
2026/10/10 22:28:41.479,GPU-40b7c172-fb9d-63ea-58c7-0677967a8583,39637,97887,1,78.39
2026/10/10 22:28:42.007,GPU-40b7c172-fb9d-63ea-58c7-0677967a8583,39637,97887,99,122.51
2026/10/10 22:28:42.545,GPU-40b7c172-fb9d-63ea-58c7-0677967a8583,39637,97887,98,221.30
2026/10/10 22:28:43.074,GPU-40b7c172-fb9d-63ea-58c7-0677967a8583,39637,97887,7,184.81
2026/10/10 22:28:43.602,GPU-40b7c172-fb9d-63ea-58c7-0677967a8583,39637,97887,5,94.93
2026/10/10 22:28:44.128,GPU-40b7c172-fb9d-63ea-58c7-0677967a8583,39637,97887,32,85.70
2026/10/10 22:28:44.658,GPU-40b7c172-fb9d-63ea-58c7-0677967a8583,39637,97887,99,159.63
2026/10/10 22:28:45.188,GPU-40b7c172-fb9d-63ea-58c7-0677967a8583,39637,97887,8,214.49
2026/10/10 22:28:45.714,GPU-40b7c172-fb9d-63ea-58c7-0677967a8583,39637,97887,5,153.33
2026/10/10 22:28:46.244,GPU-40b7c172-fb9d-63ea-58c7-0677967a8583,39637,97887,6,78.63
2026/10/10 22:28:46.772,GPU-40b7c172-fb9d-63ea-58c7-0677967a8583,39637,97887,98,120.04
2026/10/10 22:28:47.300,GPU-40b7c172-fb9d-63ea-58c7-0677967a8583,39637,97887,99,183.25
2026/10/10 22:28:47.829,GPU-40b7c172-fb9d-63ea-58c7-0677967a8583,39637,97887,7,161.62
2026/10/10 22:28:48.366,GPU-40b7c172-fb9d-63ea-58c7-0677967a8583,39637,97887,4,94.35
2026/10/10 22:28:48.895,GPU-40b7c172-fb9d-63ea-58c7-0677967a8583,39637,97887,15,82.55
2026/10/10 22:28:49.426,GPU-40b7c172-fb9d-63ea-58c7-0677967a8583,39637,97887,99,147.91
2026/10/10 22:28:49.957,GPU-40b7c172-fb9d-63ea-58c7-0677967a8583,39637,97887,47,179.60
2026/10/10 22:28:50.489,GPU-40b7c172-fb9d-63ea-58c7-0677967a8583,39637,97887,7,110.21
2026/10/10 22:28:51.021,GPU-40b7c172-fb9d-63ea-58c7-0677967a8583,39637,97887,5,78.83
2026/10/10 22:28:51.556,GPU-40b7c172-fb9d-63ea-58c7-0677967a8583,39637,97887,99,115.00
2026/10/10 22:28:52.086,GPU-40b7c172-fb9d-63ea-58c7-0677967a8583,39637,97887,99,247.02
2026/10/10 22:28:52.620,GPU-40b7c172-fb9d-63ea-58c7-0677967a8583,39637,97887,7,231.13
2026/10/10 22:28:53.147,GPU-40b7c172-fb9d-63ea-58c7-0677967a8583,39637,97887,1,113.97
2026/10/10 22:28:53.676,GPU-40b7c172-fb9d-63ea-58c7-0677967a8583,39637,97887,3,78.30
2026/10/10 22:28:54.201,GPU-40b7c172-fb9d-63ea-58c7-0677967a8583,39637,97887,99,169.15
2026/10/10 22:28:54.740,GPU-40b7c172-fb9d-63ea-58c7-0677967a8583,39637,97887,95,285.00
2026/10/10 22:28:55.268,GPU-40b7c172-fb9d-63ea-58c7-0677967a8583,39637,97887,7,184.17
2026/10/10 22:28:55.794,GPU-40b7c172-fb9d-63ea-58c7-0677967a8583,39637,97887,5,79.07
2026/10/10 22:28:56.326,GPU-40b7c172-fb9d-63ea-58c7-0677967a8583,39637,97887,99,111.86
2026/10/10 22:28:56.856,GPU-40b7c172-fb9d-63ea-58c7-0677967a8583,39637,97887,99,217.72
2026/10/10 22:28:57.382,GPU-40b7c172-fb9d-63ea-58c7-0677967a8583,39637,97887,7,234.83
2026/10/10 22:28:57.908,GPU-40b7c172-fb9d-63ea-58c7-0677967a8583,39637,97887,1,144.18
2026/10/10 22:28:58.438,GPU-40b7c172-fb9d-63ea-58c7-0677967a8583,39637,97887,6,78.68
2026/10/10 22:28:58.968,GPU-40b7c172-fb9d-63ea-58c7-0677967a8583,39637,97887,92,127.94
2026/10/10 22:28:59.506,GPU-40b7c172-fb9d-63ea-58c7-0677967a8583,39637,97887,99,223.98
2026/10/10 22:29:00.034,GPU-40b7c172-fb9d-63ea-58c7-0677967a8583,39637,97887,6,248.26
2026/10/10 22:29:00.569,GPU-40b7c172-fb9d-63ea-58c7-0677967a8583,39637,97887,5,125.47
2026/10/10 22:29:01.101,GPU-40b7c172-fb9d-63ea-58c7-0677967a8583,39637,97887,4,78.56
2026/10/10 22:29:01.634,GPU-40b7c172-fb9d-63ea-58c7-0677967a8583,39637,97887,98,175.02
2026/10/10 22:29:02.161,GPU-40b7c172-fb9d-63ea-58c7-0677967a8583,39637,97887,99,283.60
2026/10/10 22:29:02.692,GPU-40b7c172-fb9d-63ea-58c7-0677967a8583,39637,97887,7,194.29
2026/10/10 22:29:03.221,GPU-40b7c172-fb9d-63ea-58c7-0677967a8583,39637,97887,5,95.55
2026/10/10 22:29:03.752,GPU-40b7c172-fb9d-63ea-58c7-0677967a8583,39637,97887,92,103.52
2026/10/10 22:29:04.282,GPU-40b7c172-fb9d-63ea-58c7-0677967a8583,39637,97887,99,250.32
2026/10/10 22:29:04.812,GPU-40b7c172-fb9d-63ea-58c7-0677967a8583,39637,97887,11,278.34
2026/10/10 22:29:05.343,GPU-40b7c172-fb9d-63ea-58c7-0677967a8583,39637,97887,5,167.04
2026/10/10 22:29:05.874,GPU-40b7c172-fb9d-63ea-58c7-0677967a8583,39637,97887,6,78.68
2026/10/10 22:29:06.407,GPU-40b7c172-fb9d-63ea-58c7-0677967a8583,39637,97887,99,119.67
2026/10/10 22:29:06.939,GPU-40b7c172-fb9d-63ea-58c7-0677967a8583,39637,97887,99,186.38
2026/10/10 22:29:07.474,GPU-40b7c172-fb9d-63ea-58c7-0677967a8583,39637,97887,7,157.10
2026/10/10 22:29:08.006,GPU-40b7c172-fb9d-63ea-58c7-0677967a8583,39637,97887,4,89.27
2026/10/10 22:29:08.537,GPU-40b7c172-fb9d-63ea-58c7-0677967a8583,39637,97887,45,88.87
2026/10/10 22:29:09.070,GPU-40b7c172-fb9d-63ea-58c7-0677967a8583,39637,97887,99,140.58
2026/10/10 22:29:09.606,GPU-40b7c172-fb9d-63ea-58c7-0677967a8583,39637,97887,64,160.90
2026/10/10 22:29:10.138,GPU-40b7c172-fb9d-63ea-58c7-0677967a8583,39637,97887,7,116.55
2026/10/10 22:29:10.673,GPU-40b7c172-fb9d-63ea-58c7-0677967a8583,39637,97887,5,79.34
2026/10/10 22:29:11.207,GPU-40b7c172-fb9d-63ea-58c7-0677967a8583,39637,97887,99,119.42
2026/10/10 22:29:11.742,GPU-40b7c172-fb9d-63ea-58c7-0677967a8583,39637,97887,99,170.22
2026/10/10 22:29:12.284,GPU-40b7c172-fb9d-63ea-58c7-0677967a8583,39637,97887,7,150.26
2026/10/10 22:29:12.822,GPU-40b7c172-fb9d-63ea-58c7-0677967a8583,39637,97887,3,99.04
2026/10/10 22:29:13.350,GPU-40b7c172-fb9d-63ea-58c7-0677967a8583,39637,97887,6,78.82
2026/10/10 22:29:13.884,GPU-40b7c172-fb9d-63ea-58c7-0677967a8583,39637,97887,99,171.07
2026/10/10 22:29:14.420,GPU-40b7c172-fb9d-63ea-58c7-0677967a8583,39637,97887,99,294.00
2026/10/10 22:29:14.955,GPU-40b7c172-fb9d-63ea-58c7-0677967a8583,39637,97887,7,198.91
2026/10/10 22:29:15.488,GPU-40b7c172-fb9d-63ea-58c7-0677967a8583,39637,97887,5,78.84
2026/10/10 22:29:16.025,GPU-40b7c172-fb9d-63ea-58c7-0677967a8583,39637,97887,49,95.21
2026/10/10 22:29:16.565,GPU-40b7c172-fb9d-63ea-58c7-0677967a8583,39637,97887,99,149.34
2026/10/10 22:29:17.098,GPU-40b7c172-fb9d-63ea-58c7-0677967a8583,39637,97887,7,166.44
2026/10/10 22:29:17.624,GPU-40b7c172-fb9d-63ea-58c7-0677967a8583,39637,97887,7,119.19
2026/10/10 22:29:18.152,GPU-40b7c172-fb9d-63ea-58c7-0677967a8583,39637,97887,4,79.15
2026/10/10 22:29:18.680,GPU-40b7c172-fb9d-63ea-58c7-0677967a8583,39637,97887,99,146.11
2026/10/10 22:29:19.207,GPU-40b7c172-fb9d-63ea-58c7-0677967a8583,39637,97887,99,252.80
2026/10/10 22:29:19.735,GPU-40b7c172-fb9d-63ea-58c7-0677967a8583,39637,97887,7,187.11
2026/10/10 22:29:20.263,GPU-40b7c172-fb9d-63ea-58c7-0677967a8583,39637,97887,3,91.32
2026/10/10 22:29:20.792,GPU-40b7c172-fb9d-63ea-58c7-0677967a8583,39637,97887,5,78.76
2026/10/10 22:29:21.319,GPU-40b7c172-fb9d-63ea-58c7-0677967a8583,39637,97887,99,171.58
2026/10/10 22:29:21.848,GPU-40b7c172-fb9d-63ea-58c7-0677967a8583,39637,97887,99,225.69
2026/10/10 22:29:22.375,GPU-40b7c172-fb9d-63ea-58c7-0677967a8583,39637,97887,5,143.76
2026/10/10 22:29:22.903,GPU-40b7c172-fb9d-63ea-58c7-0677967a8583,39637,97887,5,80.49
2026/10/10 22:29:23.431,GPU-40b7c172-fb9d-63ea-58c7-0677967a8583,39637,97887,1,100.38
2026/10/10 22:29:23.960,GPU-40b7c172-fb9d-63ea-58c7-0677967a8583,39637,97887,99,174.91
2026/10/10 22:29:24.487,GPU-40b7c172-fb9d-63ea-58c7-0677967a8583,39637,97887,99,207.22
2026/10/10 22:29:25.014,GPU-40b7c172-fb9d-63ea-58c7-0677967a8583,39637,97887,7,119.49
2026/10/10 22:29:25.543,GPU-40b7c172-fb9d-63ea-58c7-0677967a8583,39637,97887,6,79.63
2026/10/10 22:29:26.105,GPU-40b7c172-fb9d-63ea-58c7-0677967a8583,39637,97887,99,140.06
2026/10/10 22:29:26.631,GPU-40b7c172-fb9d-63ea-58c7-0677967a8583,39637,97887,99,223.55
2026/10/10 22:29:27.160,GPU-40b7c172-fb9d-63ea-58c7-0677967a8583,39637,97887,7,181.32
2026/10/10 22:29:27.691,GPU-40b7c172-fb9d-63ea-58c7-0677967a8583,39637,97887,7,111.42
2026/10/10 22:29:28.217,GPU-40b7c172-fb9d-63ea-58c7-0677967a8583,39637,97887,6,78.97
2026/10/10 22:29:28.744,GPU-40b7c172-fb9d-63ea-58c7-0677967a8583,39637,97887,97,103.89
2026/10/10 22:29:29.271,GPU-40b7c172-fb9d-63ea-58c7-0677967a8583,39637,97887,99,217.10
2026/10/10 22:29:29.798,GPU-40b7c172-fb9d-63ea-58c7-0677967a8583,39637,97887,46,238.70
2026/10/10 22:29:30.324,GPU-40b7c172-fb9d-63ea-58c7-0677967a8583,39637,97887,6,139.98
2026/10/10 22:29:30.849,GPU-40b7c172-fb9d-63ea-58c7-0677967a8583,39637,97887,5,79.43
2026/10/10 22:29:31.375,GPU-40b7c172-fb9d-63ea-58c7-0677967a8583,39637,97887,99,116.32
2026/10/10 22:29:31.903,GPU-40b7c172-fb9d-63ea-58c7-0677967a8583,39637,97887,99,185.83
2026/10/10 22:29:32.431,GPU-40b7c172-fb9d-63ea-58c7-0677967a8583,39637,97887,6,163.82
2026/10/10 22:29:32.958,GPU-40b7c172-fb9d-63ea-58c7-0677967a8583,39637,97887,5,116.42
2026/10/10 22:29:33.484,GPU-40b7c172-fb9d-63ea-58c7-0677967a8583,39637,97887,6,78.97
2026/10/10 22:29:34.010,GPU-40b7c172-fb9d-63ea-58c7-0677967a8583,39637,97887,99,136.49
2026/10/10 22:29:34.539,GPU-40b7c172-fb9d-63ea-58c7-0677967a8583,39637,97887,99,198.39
2026/10/10 22:29:35.066,GPU-40b7c172-fb9d-63ea-58c7-0677967a8583,39637,97887,7,164.77
2026/10/10 22:29:35.593,GPU-40b7c172-fb9d-63ea-58c7-0677967a8583,39637,97887,1,114.79
2026/10/10 22:29:36.120,GPU-40b7c172-fb9d-63ea-58c7-0677967a8583,39637,97887,4,79.10
2026/10/10 22:29:36.648,GPU-40b7c172-fb9d-63ea-58c7-0677967a8583,39637,97887,99,143.35
2026/10/10 22:29:37.178,GPU-40b7c172-fb9d-63ea-58c7-0677967a8583,39637,97887,99,263.47
2026/10/10 22:29:37.706,GPU-40b7c172-fb9d-63ea-58c7-0677967a8583,39637,97887,6,198.10
2026/10/10 22:29:38.233,GPU-40b7c172-fb9d-63ea-58c7-0677967a8583,39637,97887,4,95.06
2026/10/10 22:29:38.759,GPU-40b7c172-fb9d-63ea-58c7-0677967a8583,39637,97887,37,88.13
2026/10/10 22:29:39.286,GPU-40b7c172-fb9d-63ea-58c7-0677967a8583,39637,97887,99,179.12
2026/10/10 22:29:39.814,GPU-40b7c172-fb9d-63ea-58c7-0677967a8583,39637,97887,99,249.00
2026/10/10 22:29:40.340,GPU-40b7c172-fb9d-63ea-58c7-0677967a8583,39637,97887,7,163.36
2026/10/10 22:29:40.868,GPU-40b7c172-fb9d-63ea-58c7-0677967a8583,39637,97887,6,79.86
2026/10/10 22:29:41.394,GPU-40b7c172-fb9d-63ea-58c7-0677967a8583,39637,97887,75,96.79
2026/10/10 22:29:41.921,GPU-40b7c172-fb9d-63ea-58c7-0677967a8583,39637,97887,99,165.95
2026/10/10 22:29:42.447,GPU-40b7c172-fb9d-63ea-58c7-0677967a8583,39637,97887,99,226.12
2026/10/10 22:29:42.973,GPU-40b7c172-fb9d-63ea-58c7-0677967a8583,39637,97887,7,168.13
2026/10/10 22:29:43.500,GPU-40b7c172-fb9d-63ea-58c7-0677967a8583,39637,97887,6,79.66
2026/10/10 22:29:44.026,GPU-40b7c172-fb9d-63ea-58c7-0677967a8583,39637,97887,97,123.93
2026/10/10 22:29:44.559,GPU-40b7c172-fb9d-63ea-58c7-0677967a8583,39637,97887,99,185.49
2026/10/10 22:29:45.086,GPU-40b7c172-fb9d-63ea-58c7-0677967a8583,39637,97887,99,214.44
2026/10/10 22:29:45.612,GPU-40b7c172-fb9d-63ea-58c7-0677967a8583,39637,97887,7,146.44
2026/10/10 22:29:46.137,GPU-40b7c172-fb9d-63ea-58c7-0677967a8583,39637,97887,6,79.21
2026/10/10 22:29:46.664,GPU-40b7c172-fb9d-63ea-58c7-0677967a8583,39637,97887,99,109.76
2026/10/10 22:29:47.190,GPU-40b7c172-fb9d-63ea-58c7-0677967a8583,39637,97887,99,227.98
2026/10/10 22:29:47.720,GPU-40b7c172-fb9d-63ea-58c7-0677967a8583,39637,97887,7,212.85
2026/10/10 22:29:48.246,GPU-40b7c172-fb9d-63ea-58c7-0677967a8583,39637,97887,6,91.30
2026/10/10 22:29:48.772,GPU-40b7c172-fb9d-63ea-58c7-0677967a8583,39637,97887,2,78.77
2026/10/10 22:29:49.298,GPU-40b7c172-fb9d-63ea-58c7-0677967a8583,39637,97887,99,134.11
2026/10/10 22:29:49.825,GPU-40b7c172-fb9d-63ea-58c7-0677967a8583,39637,97887,99,243.37
2026/10/10 22:29:50.353,GPU-40b7c172-fb9d-63ea-58c7-0677967a8583,39637,97887,7,197.06
2026/10/10 22:29:50.878,GPU-40b7c172-fb9d-63ea-58c7-0677967a8583,39637,97887,5,118.78
2026/10/10 22:29:51.405,GPU-40b7c172-fb9d-63ea-58c7-0677967a8583,39637,97887,1,78.74
2026/10/10 22:29:51.935,GPU-40b7c172-fb9d-63ea-58c7-0677967a8583,39637,97887,98,153.55
2026/10/10 22:29:52.464,GPU-40b7c172-fb9d-63ea-58c7-0677967a8583,39637,97887,99,244.30
2026/10/10 22:29:52.992,GPU-40b7c172-fb9d-63ea-58c7-0677967a8583,39637,97887,5,190.91
2026/10/10 22:29:53.518,GPU-40b7c172-fb9d-63ea-58c7-0677967a8583,39637,97887,6,98.94
2026/10/10 22:29:54.044,GPU-40b7c172-fb9d-63ea-58c7-0677967a8583,39637,97887,4,87.95
2026/10/10 22:29:54.575,GPU-40b7c172-fb9d-63ea-58c7-0677967a8583,39637,97887,99,162.04
2026/10/10 22:29:55.102,GPU-40b7c172-fb9d-63ea-58c7-0677967a8583,39637,97887,99,237.23
2026/10/10 22:29:55.639,GPU-40b7c172-fb9d-63ea-58c7-0677967a8583,39637,97887,5,145.84
2026/10/10 22:29:56.169,GPU-40b7c172-fb9d-63ea-58c7-0677967a8583,39637,97887,5,80.51
2026/10/10 22:29:56.695,GPU-40b7c172-fb9d-63ea-58c7-0677967a8583,39637,97887,2,98.44
2026/10/10 22:29:57.222,GPU-40b7c172-fb9d-63ea-58c7-0677967a8583,39637,97887,99,177.35
2026/10/10 22:29:57.749,GPU-40b7c172-fb9d-63ea-58c7-0677967a8583,39637,97887,44,226.44
2026/10/10 22:29:58.276,GPU-40b7c172-fb9d-63ea-58c7-0677967a8583,39637,97887,5,169.82
2026/10/10 22:29:58.804,GPU-40b7c172-fb9d-63ea-58c7-0677967a8583,39637,97887,6,79.57
2026/10/10 22:29:59.333,GPU-40b7c172-fb9d-63ea-58c7-0677967a8583,39637,97887,98,121.01
2026/10/10 22:29:59.861,GPU-40b7c172-fb9d-63ea-58c7-0677967a8583,39637,97887,99,170.33
2026/10/10 22:30:00.391,GPU-40b7c172-fb9d-63ea-58c7-0677967a8583,39637,97887,33,230.79
2026/10/10 22:30:00.920,GPU-40b7c172-fb9d-63ea-58c7-0677967a8583,39637,97887,5,160.41
2026/10/10 22:30:01.457,GPU-40b7c172-fb9d-63ea-58c7-0677967a8583,39637,97887,5,79.14
2026/10/10 22:30:01.982,GPU-40b7c172-fb9d-63ea-58c7-0677967a8583,39637,97887,99,117.36
2026/10/10 22:30:02.510,GPU-40b7c172-fb9d-63ea-58c7-0677967a8583,39637,97887,99,172.99
2026/10/10 22:30:03.038,GPU-40b7c172-fb9d-63ea-58c7-0677967a8583,39637,97887,42,214.89
2026/10/10 22:30:03.565,GPU-40b7c172-fb9d-63ea-58c7-0677967a8583,39637,97887,6,153.81
2026/10/10 22:30:04.091,GPU-40b7c172-fb9d-63ea-58c7-0677967a8583,39637,97887,0,78.61
2026/10/10 22:30:04.618,GPU-40b7c172-fb9d-63ea-58c7-0677967a8583,39637,97887,4,78.33
2026/10/10 22:30:05.146,GPU-40b7c172-fb9d-63ea-58c7-0677967a8583,39637,97887,99,131.24
2026/10/10 22:30:05.673,GPU-40b7c172-fb9d-63ea-58c7-0677967a8583,39637,97887,100,227.39
2026/10/10 22:30:06.202,GPU-40b7c172-fb9d-63ea-58c7-0677967a8583,39637,97887,6,202.76
2026/10/10 22:30:06.730,GPU-40b7c172-fb9d-63ea-58c7-0677967a8583,39637,97887,3,91.22
2026/10/10 22:30:07.262,GPU-40b7c172-fb9d-63ea-58c7-0677967a8583,39637,97887,2,79.06
2026/10/10 22:30:07.801,GPU-40b7c172-fb9d-63ea-58c7-0677967a8583,39637,97887,99,133.17
2026/10/10 22:30:08.329,GPU-40b7c172-fb9d-63ea-58c7-0677967a8583,39637,97887,99,253.30
2026/10/10 22:30:08.863,GPU-40b7c172-fb9d-63ea-58c7-0677967a8583,39637,97887,7,193.82
2026/10/10 22:30:09.398,GPU-40b7c172-fb9d-63ea-58c7-0677967a8583,39637,97887,2,105.68
2026/10/10 22:30:09.929,GPU-40b7c172-fb9d-63ea-58c7-0677967a8583,39637,97887,11,81.61
2026/10/10 22:30:10.460,GPU-40b7c172-fb9d-63ea-58c7-0677967a8583,39637,97887,99,170.37
2026/10/10 22:30:10.991,GPU-40b7c172-fb9d-63ea-58c7-0677967a8583,39637,97887,99,248.75
2026/10/10 22:30:11.518,GPU-40b7c172-fb9d-63ea-58c7-0677967a8583,39637,97887,7,186.38
2026/10/10 22:30:12.047,GPU-40b7c172-fb9d-63ea-58c7-0677967a8583,39637,97887,3,79.43
2026/10/10 22:30:12.575,GPU-40b7c172-fb9d-63ea-58c7-0677967a8583,39637,97887,8,80.25
2026/10/10 22:30:13.106,GPU-40b7c172-fb9d-63ea-58c7-0677967a8583,39637,97887,99,157.75
2026/10/10 22:30:13.637,GPU-40b7c172-fb9d-63ea-58c7-0677967a8583,39637,97887,99,256.45
2026/10/10 22:30:14.172,GPU-40b7c172-fb9d-63ea-58c7-0677967a8583,39637,97887,5,179.14
2026/10/10 22:30:14.701,GPU-40b7c172-fb9d-63ea-58c7-0677967a8583,39637,97887,3,92.26
2026/10/10 22:30:15.231,GPU-40b7c172-fb9d-63ea-58c7-0677967a8583,39637,97887,15,83.55
2026/10/10 22:30:15.763,GPU-40b7c172-fb9d-63ea-58c7-0677967a8583,39637,97887,99,184.28
2026/10/10 22:30:16.292,GPU-40b7c172-fb9d-63ea-58c7-0677967a8583,39637,97887,99,260.39
2026/10/10 22:30:16.825,GPU-40b7c172-fb9d-63ea-58c7-0677967a8583,39637,97887,5,178.41
2026/10/10 22:30:17.355,GPU-40b7c172-fb9d-63ea-58c7-0677967a8583,39637,97887,5,79.65
2026/10/10 22:30:17.884,GPU-40b7c172-fb9d-63ea-58c7-0677967a8583,39637,97887,2,99.86
2026/10/10 22:30:18.413,GPU-40b7c172-fb9d-63ea-58c7-0677967a8583,39637,97887,99,164.51
2026/10/10 22:30:18.941,GPU-40b7c172-fb9d-63ea-58c7-0677967a8583,39637,97887,66,222.57
2026/10/10 22:30:19.470,GPU-40b7c172-fb9d-63ea-58c7-0677967a8583,39637,97887,5,161.33
2026/10/10 22:30:19.998,GPU-40b7c172-fb9d-63ea-58c7-0677967a8583,39637,97887,5,80.99
2026/10/10 22:30:20.528,GPU-40b7c172-fb9d-63ea-58c7-0677967a8583,39637,97887,5,85.66
2026/10/10 22:30:21.060,GPU-40b7c172-fb9d-63ea-58c7-0677967a8583,39637,97887,99,186.60
2026/10/10 22:30:21.594,GPU-40b7c172-fb9d-63ea-58c7-0677967a8583,39637,97887,99,260.37
2026/10/10 22:30:22.127,GPU-40b7c172-fb9d-63ea-58c7-0677967a8583,39637,97887,6,177.85
2026/10/10 22:30:22.669,GPU-40b7c172-fb9d-63ea-58c7-0677967a8583,39637,97887,6,79.01
2026/10/10 22:30:23.198,GPU-40b7c172-fb9d-63ea-58c7-0677967a8583,39637,97887,96,100.46
2026/10/10 22:30:23.729,GPU-40b7c172-fb9d-63ea-58c7-0677967a8583,39637,97887,99,159.44
2026/10/10 22:30:24.259,GPU-40b7c172-fb9d-63ea-58c7-0677967a8583,39637,97887,99,218.16
2026/10/10 22:30:24.790,GPU-40b7c172-fb9d-63ea-58c7-0677967a8583,39637,97887,7,162.00
2026/10/10 22:30:25.322,GPU-40b7c172-fb9d-63ea-58c7-0677967a8583,39637,97887,5,81.49
2026/10/10 22:30:25.852,GPU-40b7c172-fb9d-63ea-58c7-0677967a8583,39637,97887,37,101.82
2026/10/10 22:30:26.383,GPU-40b7c172-fb9d-63ea-58c7-0677967a8583,39637,97887,99,192.85
2026/10/10 22:30:26.912,GPU-40b7c172-fb9d-63ea-58c7-0677967a8583,39637,97887,100,262.94
2026/10/10 22:30:27.445,GPU-40b7c172-fb9d-63ea-58c7-0677967a8583,39637,97887,5,162.72
2026/10/10 22:30:27.975,GPU-40b7c172-fb9d-63ea-58c7-0677967a8583,39637,97887,5,79.48
2026/10/10 22:30:28.504,GPU-40b7c172-fb9d-63ea-58c7-0677967a8583,39637,97887,1,97.72
2026/10/10 22:30:29.038,GPU-40b7c172-fb9d-63ea-58c7-0677967a8583,39637,97887,99,171.72
2026/10/10 22:30:29.573,GPU-40b7c172-fb9d-63ea-58c7-0677967a8583,39637,97887,24,216.11
2026/10/10 22:30:30.107,GPU-40b7c172-fb9d-63ea-58c7-0677967a8583,39637,97887,7,168.59
2026/10/10 22:30:30.640,GPU-40b7c172-fb9d-63ea-58c7-0677967a8583,39637,97887,5,101.23
2026/10/10 22:30:31.172,GPU-40b7c172-fb9d-63ea-58c7-0677967a8583,39637,97887,44,87.98
2026/10/10 22:30:31.708,GPU-40b7c172-fb9d-63ea-58c7-0677967a8583,39637,97887,97,177.02
2026/10/10 22:30:32.238,GPU-40b7c172-fb9d-63ea-58c7-0677967a8583,39637,97887,97,248.57
2026/10/10 22:30:32.771,GPU-40b7c172-fb9d-63ea-58c7-0677967a8583,39637,97887,5,170.42
2026/10/10 22:30:33.306,GPU-40b7c172-fb9d-63ea-58c7-0677967a8583,39637,97887,2,80.43
2026/10/10 22:30:33.840,GPU-40b7c172-fb9d-63ea-58c7-0677967a8583,39637,97887,2,91.62
2026/10/10 22:30:34.380,GPU-40b7c172-fb9d-63ea-58c7-0677967a8583,39637,97887,98,177.26
2026/10/10 22:30:34.913,GPU-40b7c172-fb9d-63ea-58c7-0677967a8583,39637,97887,98,231.76
2026/10/10 22:30:35.447,GPU-40b7c172-fb9d-63ea-58c7-0677967a8583,39637,97887,5,158.76
2026/10/10 22:30:35.978,GPU-40b7c172-fb9d-63ea-58c7-0677967a8583,39637,97887,6,102.36
2026/10/10 22:30:36.509,GPU-40b7c172-fb9d-63ea-58c7-0677967a8583,39637,97887,6,78.72
2026/10/10 22:30:37.046,GPU-40b7c172-fb9d-63ea-58c7-0677967a8583,39637,97887,97,152.88
2026/10/10 22:30:37.579,GPU-40b7c172-fb9d-63ea-58c7-0677967a8583,39637,97887,97,234.81
2026/10/10 22:30:38.111,GPU-40b7c172-fb9d-63ea-58c7-0677967a8583,39637,97887,6,189.68
2026/10/10 22:30:38.644,GPU-40b7c172-fb9d-63ea-58c7-0677967a8583,39637,97887,5,112.93
2026/10/10 22:30:39.176,GPU-40b7c172-fb9d-63ea-58c7-0677967a8583,39637,97887,0,78.69
2026/10/10 22:30:39.712,GPU-40b7c172-fb9d-63ea-58c7-0677967a8583,39637,97887,98,150.74
2026/10/10 22:30:40.246,GPU-40b7c172-fb9d-63ea-58c7-0677967a8583,39637,97887,97,234.80
2026/10/10 22:30:40.779,GPU-40b7c172-fb9d-63ea-58c7-0677967a8583,39637,97887,5,188.69
2026/10/10 22:30:41.313,GPU-40b7c172-fb9d-63ea-58c7-0677967a8583,39637,97887,2,112.25
2026/10/10 22:30:41.848,GPU-40b7c172-fb9d-63ea-58c7-0677967a8583,39637,97887,5,78.99
2026/10/10 22:30:42.385,GPU-40b7c172-fb9d-63ea-58c7-0677967a8583,39637,97887,97,165.65
2026/10/10 22:30:42.915,GPU-40b7c172-fb9d-63ea-58c7-0677967a8583,39637,97887,100,247.26
2026/10/10 22:30:43.444,GPU-40b7c172-fb9d-63ea-58c7-0677967a8583,39637,97887,7,180.79
2026/10/10 22:30:43.974,GPU-40b7c172-fb9d-63ea-58c7-0677967a8583,39637,97887,6,79.66
2026/10/10 22:30:44.504,GPU-40b7c172-fb9d-63ea-58c7-0677967a8583,39637,97887,4,78.87
2026/10/10 22:30:45.039,GPU-40b7c172-fb9d-63ea-58c7-0677967a8583,39637,97887,100,158.76
2026/10/10 22:30:45.567,GPU-40b7c172-fb9d-63ea-58c7-0677967a8583,39637,97887,100,247.85
2026/10/10 22:30:46.095,GPU-40b7c172-fb9d-63ea-58c7-0677967a8583,39637,97887,7,179.70
2026/10/10 22:30:46.633,GPU-40b7c172-fb9d-63ea-58c7-0677967a8583,39637,97887,2,124.00
2026/10/10 22:30:47.167,GPU-40b7c172-fb9d-63ea-58c7-0677967a8583,39637,97887,4,79.09
2026/10/10 22:30:47.700,GPU-40b7c172-fb9d-63ea-58c7-0677967a8583,39637,97887,97,161.84
2026/10/10 22:30:48.243,GPU-40b7c172-fb9d-63ea-58c7-0677967a8583,39637,97887,98,248.26
2026/10/10 22:30:48.774,GPU-40b7c172-fb9d-63ea-58c7-0677967a8583,39637,97887,6,180.57
2026/10/10 22:30:49.303,GPU-40b7c172-fb9d-63ea-58c7-0677967a8583,39637,97887,4,102.03
2026/10/10 22:30:49.832,GPU-40b7c172-fb9d-63ea-58c7-0677967a8583,39637,97887,3,79.18
2026/10/10 22:30:50.362,GPU-40b7c172-fb9d-63ea-58c7-0677967a8583,39637,97887,97,136.82
2026/10/10 22:30:50.891,GPU-40b7c172-fb9d-63ea-58c7-0677967a8583,39637,97887,97,236.54
2026/10/10 22:30:51.418,GPU-40b7c172-fb9d-63ea-58c7-0677967a8583,39637,97887,7,195.29
2026/10/10 22:30:51.945,GPU-40b7c172-fb9d-63ea-58c7-0677967a8583,39637,97887,6,119.94
2026/10/10 22:30:52.477,GPU-40b7c172-fb9d-63ea-58c7-0677967a8583,39637,97887,0,78.53
2026/10/10 22:30:53.008,GPU-40b7c172-fb9d-63ea-58c7-0677967a8583,39637,97887,3,78.61
2026/10/10 22:30:53.538,GPU-40b7c172-fb9d-63ea-58c7-0677967a8583,39637,97887,97,129.79
2026/10/10 22:30:54.078,GPU-40b7c172-fb9d-63ea-58c7-0677967a8583,39637,97887,98,218.70
2026/10/10 22:30:54.610,GPU-40b7c172-fb9d-63ea-58c7-0677967a8583,39637,97887,7,197.37
2026/10/10 22:30:55.142,GPU-40b7c172-fb9d-63ea-58c7-0677967a8583,39637,97887,6,139.26
2026/10/10 22:30:55.702,GPU-40b7c172-fb9d-63ea-58c7-0677967a8583,39637,97887,2,79.29
2026/10/10 22:30:56.247,GPU-40b7c172-fb9d-63ea-58c7-0677967a8583,39637,97887,97,143.64
2026/10/10 22:30:56.779,GPU-40b7c172-fb9d-63ea-58c7-0677967a8583,39637,97887,96,239.37
2026/10/10 22:30:57.308,GPU-40b7c172-fb9d-63ea-58c7-0677967a8583,39637,97887,7,196.09
2026/10/10 22:30:57.839,GPU-40b7c172-fb9d-63ea-58c7-0677967a8583,39637,97887,1,116.99
2026/10/10 22:30:58.370,GPU-40b7c172-fb9d-63ea-58c7-0677967a8583,39637,97887,6,78.88
2026/10/10 22:30:58.904,GPU-40b7c172-fb9d-63ea-58c7-0677967a8583,39637,97887,98,160.25
2026/10/10 22:30:59.440,GPU-40b7c172-fb9d-63ea-58c7-0677967a8583,39637,97887,98,246.70
2026/10/10 22:30:59.976,GPU-40b7c172-fb9d-63ea-58c7-0677967a8583,39637,97887,6,180.41
2026/10/10 22:31:00.508,GPU-40b7c172-fb9d-63ea-58c7-0677967a8583,39637,97887,4,91.94
2026/10/10 22:31:01.040,GPU-40b7c172-fb9d-63ea-58c7-0677967a8583,39637,97887,4,79.01
2026/10/10 22:31:01.591,GPU-40b7c172-fb9d-63ea-58c7-0677967a8583,39637,97887,97,146.74
2026/10/10 22:31:02.123,GPU-40b7c172-fb9d-63ea-58c7-0677967a8583,39637,97887,97,229.84
2026/10/10 22:31:02.657,GPU-40b7c172-fb9d-63ea-58c7-0677967a8583,39637,97887,7,200.70
2026/10/10 22:31:03.189,GPU-40b7c172-fb9d-63ea-58c7-0677967a8583,39637,97887,4,120.10
2026/10/10 22:31:03.722,GPU-40b7c172-fb9d-63ea-58c7-0677967a8583,39637,97887,2,78.96
2026/10/10 22:31:04.254,GPU-40b7c172-fb9d-63ea-58c7-0677967a8583,39637,97887,97,139.90
2026/10/10 22:31:04.788,GPU-40b7c172-fb9d-63ea-58c7-0677967a8583,39637,97887,97,242.62
2026/10/10 22:31:05.321,GPU-40b7c172-fb9d-63ea-58c7-0677967a8583,39637,97887,7,194.91
2026/10/10 22:31:05.856,GPU-40b7c172-fb9d-63ea-58c7-0677967a8583,39637,97887,1,114.18
2026/10/10 22:31:06.392,GPU-40b7c172-fb9d-63ea-58c7-0677967a8583,39637,97887,5,78.79
2026/10/10 22:31:06.928,GPU-40b7c172-fb9d-63ea-58c7-0677967a8583,39637,97887,100,157.65
2026/10/10 22:31:07.460,GPU-40b7c172-fb9d-63ea-58c7-0677967a8583,39637,97887,100,247.72
2026/10/10 22:31:07.991,GPU-40b7c172-fb9d-63ea-58c7-0677967a8583,39637,97887,7,175.67
2026/10/10 22:31:08.525,GPU-40b7c172-fb9d-63ea-58c7-0677967a8583,39637,97887,4,91.92
2026/10/10 22:31:09.058,GPU-40b7c172-fb9d-63ea-58c7-0677967a8583,39637,97887,4,79.18
2026/10/10 22:31:09.590,GPU-40b7c172-fb9d-63ea-58c7-0677967a8583,39637,97887,97,146.21
2026/10/10 22:31:10.122,GPU-40b7c172-fb9d-63ea-58c7-0677967a8583,39637,97887,97,229.44
2026/10/10 22:31:10.660,GPU-40b7c172-fb9d-63ea-58c7-0677967a8583,39637,97887,7,211.55
2026/10/10 22:31:11.195,GPU-40b7c172-fb9d-63ea-58c7-0677967a8583,39637,97887,4,103.89
2026/10/10 22:31:11.739,GPU-40b7c172-fb9d-63ea-58c7-0677967a8583,39637,97887,1,79.17
2026/10/10 22:31:12.285,GPU-40b7c172-fb9d-63ea-58c7-0677967a8583,39637,97887,96,157.91
2026/10/10 22:31:12.825,GPU-40b7c172-fb9d-63ea-58c7-0677967a8583,39637,97887,97,242.67
2026/10/10 22:31:13.358,GPU-40b7c172-fb9d-63ea-58c7-0677967a8583,39637,97887,7,198.37
2026/10/10 22:31:13.892,GPU-40b7c172-fb9d-63ea-58c7-0677967a8583,39637,97887,1,108.06
2026/10/10 22:31:14.423,GPU-40b7c172-fb9d-63ea-58c7-0677967a8583,39637,97887,4,79.03
2026/10/10 22:31:14.960,GPU-40b7c172-fb9d-63ea-58c7-0677967a8583,39637,97887,97,161.45
2026/10/10 22:31:15.493,GPU-40b7c172-fb9d-63ea-58c7-0677967a8583,39637,97887,97,250.78
2026/10/10 22:31:16.027,GPU-40b7c172-fb9d-63ea-58c7-0677967a8583,39637,97887,6,179.52
2026/10/10 22:31:16.559,GPU-40b7c172-fb9d-63ea-58c7-0677967a8583,39637,97887,3,118.41
2026/10/10 22:31:17.094,GPU-40b7c172-fb9d-63ea-58c7-0677967a8583,39637,97887,6,89.43
2026/10/10 22:31:17.625,GPU-40b7c172-fb9d-63ea-58c7-0677967a8583,39637,97887,97,172.98
2026/10/10 22:31:18.155,GPU-40b7c172-fb9d-63ea-58c7-0677967a8583,39637,97887,97,241.78
2026/10/10 22:31:18.685,GPU-40b7c172-fb9d-63ea-58c7-0677967a8583,39637,97887,7,176.97
2026/10/10 22:31:19.214,GPU-40b7c172-fb9d-63ea-58c7-0677967a8583,39637,97887,5,82.24
2026/10/10 22:31:19.751,GPU-40b7c172-fb9d-63ea-58c7-0677967a8583,39637,97887,3,79.07
2026/10/10 22:31:20.286,GPU-40b7c172-fb9d-63ea-58c7-0677967a8583,39637,97887,100,169.64
2026/10/10 22:31:20.820,GPU-40b7c172-fb9d-63ea-58c7-0677967a8583,39637,97887,100,236.87
2026/10/10 22:31:21.353,GPU-40b7c172-fb9d-63ea-58c7-0677967a8583,39637,97887,7,177.10
2026/10/10 22:31:21.885,GPU-40b7c172-fb9d-63ea-58c7-0677967a8583,39637,97887,3,124.08
2026/10/10 22:31:22.418,GPU-40b7c172-fb9d-63ea-58c7-0677967a8583,39637,97887,6,79.58
2026/10/10 22:31:22.947,GPU-40b7c172-fb9d-63ea-58c7-0677967a8583,39637,97887,97,154.43
2026/10/10 22:31:23.480,GPU-40b7c172-fb9d-63ea-58c7-0677967a8583,39637,97887,97,225.74
2026/10/10 22:31:24.021,GPU-40b7c172-fb9d-63ea-58c7-0677967a8583,39637,97887,5,174.60
2026/10/10 22:31:24.550,GPU-40b7c172-fb9d-63ea-58c7-0677967a8583,39637,97887,1,107.67
2026/10/10 22:31:25.085,GPU-40b7c172-fb9d-63ea-58c7-0677967a8583,39637,97887,4,78.91
2026/10/10 22:31:25.616,GPU-40b7c172-fb9d-63ea-58c7-0677967a8583,39637,97887,97,175.20
2026/10/10 22:31:26.146,GPU-40b7c172-fb9d-63ea-58c7-0677967a8583,39637,97887,100,246.77
2026/10/10 22:31:26.679,GPU-40b7c172-fb9d-63ea-58c7-0677967a8583,39637,97887,7,179.29
2026/10/10 22:31:27.211,GPU-40b7c172-fb9d-63ea-58c7-0677967a8583,39637,97887,6,90.26
2026/10/10 22:31:27.744,GPU-40b7c172-fb9d-63ea-58c7-0677967a8583,39637,97887,5,79.19
2026/10/10 22:31:28.276,GPU-40b7c172-fb9d-63ea-58c7-0677967a8583,39637,97887,98,154.53
2026/10/10 22:31:28.818,GPU-40b7c172-fb9d-63ea-58c7-0677967a8583,39637,97887,98,227.77
2026/10/10 22:31:29.354,GPU-40b7c172-fb9d-63ea-58c7-0677967a8583,39637,97887,7,187.22
2026/10/10 22:31:29.884,GPU-40b7c172-fb9d-63ea-58c7-0677967a8583,39637,97887,5,110.59
2026/10/10 22:31:30.414,GPU-40b7c172-fb9d-63ea-58c7-0677967a8583,39637,97887,17,84.02
2026/10/10 22:31:30.945,GPU-40b7c172-fb9d-63ea-58c7-0677967a8583,39637,97887,97,166.81
2026/10/10 22:31:31.481,GPU-40b7c172-fb9d-63ea-58c7-0677967a8583,39637,97887,97,247.56
2026/10/10 22:31:32.017,GPU-40b7c172-fb9d-63ea-58c7-0677967a8583,39637,97887,5,175.09
2026/10/10 22:31:32.552,GPU-40b7c172-fb9d-63ea-58c7-0677967a8583,39637,97887,1,97.15
2026/10/10 22:31:33.085,GPU-40b7c172-fb9d-63ea-58c7-0677967a8583,39637,97887,4,79.02
2026/10/10 22:31:33.616,GPU-40b7c172-fb9d-63ea-58c7-0677967a8583,39637,97887,98,176.72
2026/10/10 22:31:34.149,GPU-40b7c172-fb9d-63ea-58c7-0677967a8583,39637,97887,100,253.41
2026/10/10 22:31:34.682,GPU-40b7c172-fb9d-63ea-58c7-0677967a8583,39637,97887,7,180.05
2026/10/10 22:31:35.217,GPU-40b7c172-fb9d-63ea-58c7-0677967a8583,39637,97887,6,91.96
2026/10/10 22:31:35.749,GPU-40b7c172-fb9d-63ea-58c7-0677967a8583,39637,97887,5,79.50
2026/10/10 22:31:36.282,GPU-40b7c172-fb9d-63ea-58c7-0677967a8583,39637,97887,97,146.62
2026/10/10 22:31:36.818,GPU-40b7c172-fb9d-63ea-58c7-0677967a8583,39637,97887,98,234.76
2026/10/10 22:31:37.352,GPU-40b7c172-fb9d-63ea-58c7-0677967a8583,39637,97887,7,190.46
2026/10/10 22:31:37.886,GPU-40b7c172-fb9d-63ea-58c7-0677967a8583,39637,97887,4,114.64
2026/10/10 22:31:38.420,GPU-40b7c172-fb9d-63ea-58c7-0677967a8583,39637,97887,23,107.98
2026/10/10 22:31:38.952,GPU-40b7c172-fb9d-63ea-58c7-0677967a8583,39637,97887,97,175.08
2026/10/10 22:31:39.485,GPU-40b7c172-fb9d-63ea-58c7-0677967a8583,39637,97887,97,242.73
2026/10/10 22:31:40.017,GPU-40b7c172-fb9d-63ea-58c7-0677967a8583,39637,97887,5,149.55
2026/10/10 22:31:40.584,GPU-40b7c172-fb9d-63ea-58c7-0677967a8583,39637,97887,2,81.98
2026/10/10 22:31:41.119,GPU-40b7c172-fb9d-63ea-58c7-0677967a8583,39637,97887,3,98.00
2026/10/10 22:31:41.652,GPU-40b7c172-fb9d-63ea-58c7-0677967a8583,39637,97887,97,186.26
2026/10/10 22:31:42.186,GPU-40b7c172-fb9d-63ea-58c7-0677967a8583,39637,97887,98,246.98
2026/10/10 22:31:42.717,GPU-40b7c172-fb9d-63ea-58c7-0677967a8583,39637,97887,6,159.19
2026/10/10 22:31:43.252,GPU-40b7c172-fb9d-63ea-58c7-0677967a8583,39637,97887,6,79.40
2026/10/10 22:31:43.785,GPU-40b7c172-fb9d-63ea-58c7-0677967a8583,39637,97887,5,101.18
2026/10/10 22:31:44.320,GPU-40b7c172-fb9d-63ea-58c7-0677967a8583,39637,97887,100,201.21
2026/10/10 22:31:44.858,GPU-40b7c172-fb9d-63ea-58c7-0677967a8583,39637,97887,100,245.89
2026/10/10 22:31:45.388,GPU-40b7c172-fb9d-63ea-58c7-0677967a8583,39637,97887,5,170.10
2026/10/10 22:31:45.921,GPU-40b7c172-fb9d-63ea-58c7-0677967a8583,39637,97887,6,79.09
2026/10/10 22:31:46.452,GPU-40b7c172-fb9d-63ea-58c7-0677967a8583,39637,97887,95,107.87
2026/10/10 22:31:46.985,GPU-40b7c172-fb9d-63ea-58c7-0677967a8583,39637,97887,97,174.02
2026/10/10 22:31:47.522,GPU-40b7c172-fb9d-63ea-58c7-0677967a8583,39637,97887,97,217.78
2026/10/10 22:31:48.055,GPU-40b7c172-fb9d-63ea-58c7-0677967a8583,39637,97887,7,161.60
2026/10/10 22:31:48.587,GPU-40b7c172-fb9d-63ea-58c7-0677967a8583,39637,97887,6,83.69
2026/10/10 22:31:49.121,GPU-40b7c172-fb9d-63ea-58c7-0677967a8583,39637,97887,48,100.36
2026/10/10 22:31:49.653,GPU-40b7c172-fb9d-63ea-58c7-0677967a8583,39637,97887,98,185.37
2026/10/10 22:31:50.187,GPU-40b7c172-fb9d-63ea-58c7-0677967a8583,39637,97887,98,255.38
2026/10/10 22:31:50.724,GPU-40b7c172-fb9d-63ea-58c7-0677967a8583,39637,97887,98,266.95
2026/10/10 22:31:51.258,GPU-40b7c172-fb9d-63ea-58c7-0677967a8583,39637,97887,99,274.47
2026/10/10 22:31:51.794,GPU-40b7c172-fb9d-63ea-58c7-0677967a8583,39637,97887,99,264.25
2026/10/10 22:31:52.333,GPU-40b7c172-fb9d-63ea-58c7-0677967a8583,39637,97887,99,259.44
2026/10/10 22:31:52.867,GPU-40b7c172-fb9d-63ea-58c7-0677967a8583,39637,97887,98,262.39
2026/10/10 22:31:53.400,GPU-40b7c172-fb9d-63ea-58c7-0677967a8583,39637,97887,99,258.06
2026/10/10 22:31:53.931,GPU-40b7c172-fb9d-63ea-58c7-0677967a8583,39637,97887,98,264.81
2026/10/10 22:31:54.465,GPU-40b7c172-fb9d-63ea-58c7-0677967a8583,39637,97887,98,266.02
2026/10/10 22:31:54.998,GPU-40b7c172-fb9d-63ea-58c7-0677967a8583,39637,97887,98,265.75
2026/10/10 22:31:55.533,GPU-40b7c172-fb9d-63ea-58c7-0677967a8583,39637,97887,98,272.50
2026/10/10 22:31:56.083,GPU-40b7c172-fb9d-63ea-58c7-0677967a8583,39637,97887,98,267.49
2026/10/10 22:31:56.610,GPU-40b7c172-fb9d-63ea-58c7-0677967a8583,39637,97887,98,261.27
2026/10/10 22:31:57.140,GPU-40b7c172-fb9d-63ea-58c7-0677967a8583,39637,97887,99,243.32
2026/10/10 22:31:57.668,GPU-40b7c172-fb9d-63ea-58c7-0677967a8583,39637,97887,99,245.38
2026/10/10 22:31:58.195,GPU-40b7c172-fb9d-63ea-58c7-0677967a8583,39637,97887,99,243.60
2026/10/10 22:31:58.726,GPU-40b7c172-fb9d-63ea-58c7-0677967a8583,39637,97887,99,230.09
2026/10/10 22:31:59.256,GPU-40b7c172-fb9d-63ea-58c7-0677967a8583,39637,97887,99,227.36
2026/10/10 22:31:59.785,GPU-40b7c172-fb9d-63ea-58c7-0677967a8583,39637,97887,98,252.88
2026/10/10 22:32:00.313,GPU-40b7c172-fb9d-63ea-58c7-0677967a8583,39637,97887,99,232.64
2026/10/10 22:32:00.841,GPU-40b7c172-fb9d-63ea-58c7-0677967a8583,39637,97887,99,236.21
2026/10/10 22:32:01.368,GPU-40b7c172-fb9d-63ea-58c7-0677967a8583,39637,97887,99,237.34
2026/10/10 22:32:01.894,GPU-40b7c172-fb9d-63ea-58c7-0677967a8583,39637,97887,99,244.49
2026/10/10 22:32:02.421,GPU-40b7c172-fb9d-63ea-58c7-0677967a8583,39637,97887,99,236.78
2026/10/10 22:32:02.948,GPU-40b7c172-fb9d-63ea-58c7-0677967a8583,39637,97887,99,240.54
2026/10/10 22:32:03.475,GPU-40b7c172-fb9d-63ea-58c7-0677967a8583,39637,97887,99,256.44
2026/10/10 22:32:04.002,GPU-40b7c172-fb9d-63ea-58c7-0677967a8583,39637,97887,99,225.49
2026/10/10 22:32:04.528,GPU-40b7c172-fb9d-63ea-58c7-0677967a8583,39637,97887,99,232.80
2026/10/10 22:32:05.058,GPU-40b7c172-fb9d-63ea-58c7-0677967a8583,39637,97887,99,282.60
2026/10/10 22:32:05.584,GPU-40b7c172-fb9d-63ea-58c7-0677967a8583,39637,97887,99,248.40
2026/10/10 22:32:06.113,GPU-40b7c172-fb9d-63ea-58c7-0677967a8583,39637,97887,99,198.45
2026/10/10 22:32:06.638,GPU-40b7c172-fb9d-63ea-58c7-0677967a8583,39637,97887,99,233.80
2026/10/10 22:32:07.169,GPU-40b7c172-fb9d-63ea-58c7-0677967a8583,39637,97887,99,287.80
2026/10/10 22:32:07.696,GPU-40b7c172-fb9d-63ea-58c7-0677967a8583,39637,97887,99,281.84
2026/10/10 22:32:08.223,GPU-40b7c172-fb9d-63ea-58c7-0677967a8583,39637,97887,99,229.91
2026/10/10 22:32:08.751,GPU-40b7c172-fb9d-63ea-58c7-0677967a8583,39637,97887,99,194.30
2026/10/10 22:32:09.280,GPU-40b7c172-fb9d-63ea-58c7-0677967a8583,39637,97887,99,193.37
2026/10/10 22:32:09.808,GPU-40b7c172-fb9d-63ea-58c7-0677967a8583,39637,97887,99,219.12
2026/10/10 22:32:10.339,GPU-40b7c172-fb9d-63ea-58c7-0677967a8583,39637,97887,99,256.12
2026/10/10 22:32:10.867,GPU-40b7c172-fb9d-63ea-58c7-0677967a8583,39637,97887,99,270.36
2026/10/10 22:32:11.394,GPU-40b7c172-fb9d-63ea-58c7-0677967a8583,39637,97887,99,273.97
2026/10/10 22:32:11.922,GPU-40b7c172-fb9d-63ea-58c7-0677967a8583,39637,97887,98,276.58
2026/10/10 22:32:12.450,GPU-40b7c172-fb9d-63ea-58c7-0677967a8583,39637,97887,99,278.31
2026/10/10 22:32:12.978,GPU-40b7c172-fb9d-63ea-58c7-0677967a8583,39637,97887,99,273.45
2026/10/10 22:32:13.506,GPU-40b7c172-fb9d-63ea-58c7-0677967a8583,39637,97887,99,260.40
2026/10/10 22:32:14.033,GPU-40b7c172-fb9d-63ea-58c7-0677967a8583,39637,97887,99,234.98
2026/10/10 22:32:14.562,GPU-40b7c172-fb9d-63ea-58c7-0677967a8583,39637,97887,99,200.49
2026/10/10 22:32:15.089,GPU-40b7c172-fb9d-63ea-58c7-0677967a8583,39637,97887,99,195.25
2026/10/10 22:32:15.616,GPU-40b7c172-fb9d-63ea-58c7-0677967a8583,39637,97887,99,204.61
2026/10/10 22:32:16.142,GPU-40b7c172-fb9d-63ea-58c7-0677967a8583,39637,97887,99,231.95
2026/10/10 22:32:16.671,GPU-40b7c172-fb9d-63ea-58c7-0677967a8583,39637,97887,99,286.77
2026/10/10 22:32:17.199,GPU-40b7c172-fb9d-63ea-58c7-0677967a8583,39637,97887,99,306.22
2026/10/10 22:32:17.726,GPU-40b7c172-fb9d-63ea-58c7-0677967a8583,39637,97887,99,274.63
2026/10/10 22:32:18.257,GPU-40b7c172-fb9d-63ea-58c7-0677967a8583,39637,97887,99,213.87
2026/10/10 22:32:18.786,GPU-40b7c172-fb9d-63ea-58c7-0677967a8583,39637,97887,99,217.42
2026/10/10 22:32:19.324,GPU-40b7c172-fb9d-63ea-58c7-0677967a8583,39637,97887,99,279.52
2026/10/10 22:32:19.860,GPU-40b7c172-fb9d-63ea-58c7-0677967a8583,39637,97887,99,277.69
2026/10/10 22:32:20.390,GPU-40b7c172-fb9d-63ea-58c7-0677967a8583,39637,97887,99,216.49
2026/10/10 22:32:20.922,GPU-40b7c172-fb9d-63ea-58c7-0677967a8583,39637,97887,99,222.60
2026/10/10 22:32:21.454,GPU-40b7c172-fb9d-63ea-58c7-0677967a8583,39637,97887,99,279.75
2026/10/10 22:32:21.987,GPU-40b7c172-fb9d-63ea-58c7-0677967a8583,39637,97887,99,253.45
2026/10/10 22:32:22.517,GPU-40b7c172-fb9d-63ea-58c7-0677967a8583,39637,97887,99,213.10
2026/10/10 22:32:23.046,GPU-40b7c172-fb9d-63ea-58c7-0677967a8583,39637,97887,99,278.39
2026/10/10 22:32:23.577,GPU-40b7c172-fb9d-63ea-58c7-0677967a8583,39637,97887,99,268.61
2026/10/10 22:32:24.105,GPU-40b7c172-fb9d-63ea-58c7-0677967a8583,39637,97887,99,223.01
2026/10/10 22:32:24.639,GPU-40b7c172-fb9d-63ea-58c7-0677967a8583,39637,97887,99,253.47
2026/10/10 22:32:25.171,GPU-40b7c172-fb9d-63ea-58c7-0677967a8583,39637,97887,99,264.07
2026/10/10 22:32:25.701,GPU-40b7c172-fb9d-63ea-58c7-0677967a8583,39637,97887,99,232.67
2026/10/10 22:32:26.264,GPU-40b7c172-fb9d-63ea-58c7-0677967a8583,39637,97887,99,256.11
2026/10/10 22:32:26.801,GPU-40b7c172-fb9d-63ea-58c7-0677967a8583,39637,97887,99,240.33
2026/10/10 22:32:27.336,GPU-40b7c172-fb9d-63ea-58c7-0677967a8583,39637,97887,99,253.75
2026/10/10 22:32:27.873,GPU-40b7c172-fb9d-63ea-58c7-0677967a8583,39637,97887,99,250.15
2026/10/10 22:32:28.405,GPU-40b7c172-fb9d-63ea-58c7-0677967a8583,39637,97887,99,250.43
2026/10/10 22:32:28.936,GPU-40b7c172-fb9d-63ea-58c7-0677967a8583,39637,97887,99,247.43
2026/10/10 22:32:29.468,GPU-40b7c172-fb9d-63ea-58c7-0677967a8583,39637,97887,99,245.99
2026/10/10 22:32:30.005,GPU-40b7c172-fb9d-63ea-58c7-0677967a8583,39637,97887,99,252.16
2026/10/10 22:32:30.536,GPU-40b7c172-fb9d-63ea-58c7-0677967a8583,39637,97887,99,251.31
2026/10/10 22:32:31.073,GPU-40b7c172-fb9d-63ea-58c7-0677967a8583,39637,97887,99,251.10
2026/10/10 22:32:31.605,GPU-40b7c172-fb9d-63ea-58c7-0677967a8583,39637,97887,99,243.05
2026/10/10 22:32:32.138,GPU-40b7c172-fb9d-63ea-58c7-0677967a8583,39637,97887,100,250.50
2026/10/10 22:32:32.671,GPU-40b7c172-fb9d-63ea-58c7-0677967a8583,39637,97887,99,243.17
2026/10/10 22:32:33.207,GPU-40b7c172-fb9d-63ea-58c7-0677967a8583,39637,97887,99,264.61
2026/10/10 22:32:33.740,GPU-40b7c172-fb9d-63ea-58c7-0677967a8583,39637,97887,99,253.21
2026/10/10 22:32:34.275,GPU-40b7c172-fb9d-63ea-58c7-0677967a8583,39637,97887,99,248.07
2026/10/10 22:32:34.807,GPU-40b7c172-fb9d-63ea-58c7-0677967a8583,39637,97887,99,257.15
2026/10/10 22:32:35.344,GPU-40b7c172-fb9d-63ea-58c7-0677967a8583,39637,97887,99,242.95
2026/10/10 22:32:35.880,GPU-40b7c172-fb9d-63ea-58c7-0677967a8583,39637,97887,99,258.00
2026/10/10 22:32:36.410,GPU-40b7c172-fb9d-63ea-58c7-0677967a8583,39637,97887,99,249.09
2026/10/10 22:32:36.940,GPU-40b7c172-fb9d-63ea-58c7-0677967a8583,39637,97887,99,242.13
2026/10/10 22:32:37.472,GPU-40b7c172-fb9d-63ea-58c7-0677967a8583,39637,97887,99,267.35
2026/10/10 22:32:38.012,GPU-40b7c172-fb9d-63ea-58c7-0677967a8583,39637,97887,99,243.32
2026/10/10 22:32:38.550,GPU-40b7c172-fb9d-63ea-58c7-0677967a8583,39637,97887,99,250.99
2026/10/10 22:32:39.088,GPU-40b7c172-fb9d-63ea-58c7-0677967a8583,39637,97887,99,265.62
2026/10/10 22:32:39.616,GPU-40b7c172-fb9d-63ea-58c7-0677967a8583,39637,97887,99,236.54
2026/10/10 22:32:40.147,GPU-40b7c172-fb9d-63ea-58c7-0677967a8583,39637,97887,99,244.44
2026/10/10 22:32:40.677,GPU-40b7c172-fb9d-63ea-58c7-0677967a8583,39637,97887,99,261.27
2026/10/10 22:32:41.204,GPU-40b7c172-fb9d-63ea-58c7-0677967a8583,39637,97887,99,247.24
2026/10/10 22:32:41.736,GPU-40b7c172-fb9d-63ea-58c7-0677967a8583,39637,97887,99,238.37
2026/10/10 22:32:42.284,GPU-40b7c172-fb9d-63ea-58c7-0677967a8583,39637,97887,99,251.61
2026/10/10 22:32:42.814,GPU-40b7c172-fb9d-63ea-58c7-0677967a8583,39637,97887,99,257.35
2026/10/10 22:32:43.350,GPU-40b7c172-fb9d-63ea-58c7-0677967a8583,39637,97887,99,239.01
2026/10/10 22:32:43.884,GPU-40b7c172-fb9d-63ea-58c7-0677967a8583,39637,97887,99,242.45
2026/10/10 22:32:44.420,GPU-40b7c172-fb9d-63ea-58c7-0677967a8583,39637,97887,100,267.10
2026/10/10 22:32:44.954,GPU-40b7c172-fb9d-63ea-58c7-0677967a8583,39637,97887,99,241.18
2026/10/10 22:32:45.491,GPU-40b7c172-fb9d-63ea-58c7-0677967a8583,39637,97887,99,239.73
2026/10/10 22:32:46.021,GPU-40b7c172-fb9d-63ea-58c7-0677967a8583,39637,97887,99,258.68
2026/10/10 22:32:46.550,GPU-40b7c172-fb9d-63ea-58c7-0677967a8583,39637,97887,100,267.65
2026/10/10 22:32:47.079,GPU-40b7c172-fb9d-63ea-58c7-0677967a8583,39637,97887,99,257.18
2026/10/10 22:32:47.612,GPU-40b7c172-fb9d-63ea-58c7-0677967a8583,39637,97887,97,238.20
2026/10/10 22:32:48.140,GPU-40b7c172-fb9d-63ea-58c7-0677967a8583,39637,97887,97,256.31
2026/10/10 22:32:48.672,GPU-40b7c172-fb9d-63ea-58c7-0677967a8583,39637,97887,97,261.71
2026/10/10 22:32:49.204,GPU-40b7c172-fb9d-63ea-58c7-0677967a8583,39637,97887,97,272.58
2026/10/10 22:32:49.738,GPU-40b7c172-fb9d-63ea-58c7-0677967a8583,39637,97887,98,272.30
2026/10/10 22:32:50.271,GPU-40b7c172-fb9d-63ea-58c7-0677967a8583,39637,97887,98,248.88
2026/10/10 22:32:50.801,GPU-40b7c172-fb9d-63ea-58c7-0677967a8583,39637,97887,98,240.39
2026/10/10 22:32:51.333,GPU-40b7c172-fb9d-63ea-58c7-0677967a8583,39637,97887,98,235.01
2026/10/10 22:32:51.864,GPU-40b7c172-fb9d-63ea-58c7-0677967a8583,39637,97887,97,253.18
2026/10/10 22:32:52.395,GPU-40b7c172-fb9d-63ea-58c7-0677967a8583,39637,97887,97,253.20
2026/10/10 22:32:52.927,GPU-40b7c172-fb9d-63ea-58c7-0677967a8583,39637,97887,97,260.59
2026/10/10 22:32:53.462,GPU-40b7c172-fb9d-63ea-58c7-0677967a8583,39637,97887,100,262.71
2026/10/10 22:32:53.994,GPU-40b7c172-fb9d-63ea-58c7-0677967a8583,39637,97887,99,264.87
2026/10/10 22:32:54.528,GPU-40b7c172-fb9d-63ea-58c7-0677967a8583,39637,97887,97,254.06
2026/10/10 22:32:55.059,GPU-40b7c172-fb9d-63ea-58c7-0677967a8583,39637,97887,98,250.33
2026/10/10 22:32:55.605,GPU-40b7c172-fb9d-63ea-58c7-0677967a8583,39637,97887,97,245.33
2026/10/10 22:32:56.137,GPU-40b7c172-fb9d-63ea-58c7-0677967a8583,39637,97887,97,256.14
2026/10/10 22:32:56.667,GPU-40b7c172-fb9d-63ea-58c7-0677967a8583,39637,97887,97,259.42
2026/10/10 22:32:57.203,GPU-40b7c172-fb9d-63ea-58c7-0677967a8583,39637,97887,97,261.57
2026/10/10 22:32:57.741,GPU-40b7c172-fb9d-63ea-58c7-0677967a8583,39637,97887,97,267.83
2026/10/10 22:32:58.272,GPU-40b7c172-fb9d-63ea-58c7-0677967a8583,39637,97887,97,250.58
2026/10/10 22:32:58.801,GPU-40b7c172-fb9d-63ea-58c7-0677967a8583,39637,97887,98,250.36
2026/10/10 22:32:59.332,GPU-40b7c172-fb9d-63ea-58c7-0677967a8583,39637,97887,98,241.46
2026/10/10 22:32:59.868,GPU-40b7c172-fb9d-63ea-58c7-0677967a8583,39637,97887,97,245.10
2026/10/10 22:33:00.405,GPU-40b7c172-fb9d-63ea-58c7-0677967a8583,39637,97887,97,251.82
2026/10/10 22:33:00.931,GPU-40b7c172-fb9d-63ea-58c7-0677967a8583,39637,97887,97,260.17
2026/10/10 22:33:01.459,GPU-40b7c172-fb9d-63ea-58c7-0677967a8583,39637,97887,98,269.74
2026/10/10 22:33:02.006,GPU-40b7c172-fb9d-63ea-58c7-0677967a8583,39637,97887,97,261.60
2026/10/10 22:33:02.533,GPU-40b7c172-fb9d-63ea-58c7-0677967a8583,39637,97887,99,258.24
2026/10/10 22:33:03.067,GPU-40b7c172-fb9d-63ea-58c7-0677967a8583,39637,97887,97,247.03
2026/10/10 22:33:03.594,GPU-40b7c172-fb9d-63ea-58c7-0677967a8583,39637,97887,98,244.81
2026/10/10 22:33:04.124,GPU-40b7c172-fb9d-63ea-58c7-0677967a8583,39637,97887,97,248.52
2026/10/10 22:33:04.654,GPU-40b7c172-fb9d-63ea-58c7-0677967a8583,39637,97887,97,257.93
2026/10/10 22:33:05.186,GPU-40b7c172-fb9d-63ea-58c7-0677967a8583,39637,97887,97,263.26
2026/10/10 22:33:05.716,GPU-40b7c172-fb9d-63ea-58c7-0677967a8583,39637,97887,97,260.49
2026/10/10 22:33:06.247,GPU-40b7c172-fb9d-63ea-58c7-0677967a8583,39637,97887,100,256.09
2026/10/10 22:33:06.785,GPU-40b7c172-fb9d-63ea-58c7-0677967a8583,39637,97887,100,255.81
2026/10/10 22:33:07.330,GPU-40b7c172-fb9d-63ea-58c7-0677967a8583,39637,97887,100,248.98
2026/10/10 22:33:07.867,GPU-40b7c172-fb9d-63ea-58c7-0677967a8583,39637,97887,98,245.48
2026/10/10 22:33:08.404,GPU-40b7c172-fb9d-63ea-58c7-0677967a8583,39637,97887,98,238.38
2026/10/10 22:33:08.941,GPU-40b7c172-fb9d-63ea-58c7-0677967a8583,39637,97887,98,255.87
2026/10/10 22:33:09.473,GPU-40b7c172-fb9d-63ea-58c7-0677967a8583,39637,97887,97,259.48
2026/10/10 22:33:10.007,GPU-40b7c172-fb9d-63ea-58c7-0677967a8583,39637,97887,97,260.54
2026/10/10 22:33:10.538,GPU-40b7c172-fb9d-63ea-58c7-0677967a8583,39637,97887,97,269.60
2026/10/10 22:33:11.114,GPU-40b7c172-fb9d-63ea-58c7-0677967a8583,39637,97887,97,268.48
2026/10/10 22:33:11.649,GPU-40b7c172-fb9d-63ea-58c7-0677967a8583,39637,97887,97,254.02
2026/10/10 22:33:12.184,GPU-40b7c172-fb9d-63ea-58c7-0677967a8583,39637,97887,97,241.27
2026/10/10 22:33:12.717,GPU-40b7c172-fb9d-63ea-58c7-0677967a8583,39637,97887,98,236.45
2026/10/10 22:33:13.249,GPU-40b7c172-fb9d-63ea-58c7-0677967a8583,39637,97887,97,248.72
2026/10/10 22:33:13.783,GPU-40b7c172-fb9d-63ea-58c7-0677967a8583,39637,97887,97,258.17
2026/10/10 22:33:14.311,GPU-40b7c172-fb9d-63ea-58c7-0677967a8583,39637,97887,97,254.80
2026/10/10 22:33:14.839,GPU-40b7c172-fb9d-63ea-58c7-0677967a8583,39637,97887,100,256.04
2026/10/10 22:33:15.378,GPU-40b7c172-fb9d-63ea-58c7-0677967a8583,39637,97887,100,253.29
2026/10/10 22:33:15.917,GPU-40b7c172-fb9d-63ea-58c7-0677967a8583,39637,97887,100,253.67
2026/10/10 22:33:16.455,GPU-40b7c172-fb9d-63ea-58c7-0677967a8583,39637,97887,98,247.44
2026/10/10 22:33:16.987,GPU-40b7c172-fb9d-63ea-58c7-0677967a8583,39637,97887,98,254.95
2026/10/10 22:33:17.523,GPU-40b7c172-fb9d-63ea-58c7-0677967a8583,39637,97887,97,253.10
2026/10/10 22:33:18.053,GPU-40b7c172-fb9d-63ea-58c7-0677967a8583,39637,97887,97,260.45
2026/10/10 22:33:18.592,GPU-40b7c172-fb9d-63ea-58c7-0677967a8583,39637,97887,99,270.32
2026/10/10 22:33:19.125,GPU-40b7c172-fb9d-63ea-58c7-0677967a8583,39637,97887,100,263.26
2026/10/10 22:33:19.665,GPU-40b7c172-fb9d-63ea-58c7-0677967a8583,39637,97887,97,251.63
2026/10/10 22:33:20.200,GPU-40b7c172-fb9d-63ea-58c7-0677967a8583,39637,97887,98,259.07
2026/10/10 22:33:20.739,GPU-40b7c172-fb9d-63ea-58c7-0677967a8583,39637,97887,97,259.22
2026/10/10 22:33:21.275,GPU-40b7c172-fb9d-63ea-58c7-0677967a8583,39637,97887,97,243.37
2026/10/10 22:33:21.811,GPU-40b7c172-fb9d-63ea-58c7-0677967a8583,39637,97887,97,239.07
2026/10/10 22:33:22.346,GPU-40b7c172-fb9d-63ea-58c7-0677967a8583,39637,97887,97,256.67
2026/10/10 22:33:22.897,GPU-40b7c172-fb9d-63ea-58c7-0677967a8583,39637,97887,97,257.92
2026/10/10 22:33:23.430,GPU-40b7c172-fb9d-63ea-58c7-0677967a8583,39637,97887,97,263.40
2026/10/10 22:33:23.962,GPU-40b7c172-fb9d-63ea-58c7-0677967a8583,39637,97887,98,270.16
2026/10/10 22:33:24.490,GPU-40b7c172-fb9d-63ea-58c7-0677967a8583,39637,97887,98,249.34
2026/10/10 22:33:25.019,GPU-40b7c172-fb9d-63ea-58c7-0677967a8583,39637,97887,98,242.63
2026/10/10 22:33:25.553,GPU-40b7c172-fb9d-63ea-58c7-0677967a8583,39637,97887,98,246.26
2026/10/10 22:33:26.132,GPU-40b7c172-fb9d-63ea-58c7-0677967a8583,39637,97887,97,248.88
2026/10/10 22:33:26.659,GPU-40b7c172-fb9d-63ea-58c7-0677967a8583,39637,97887,97,258.44
2026/10/10 22:33:27.190,GPU-40b7c172-fb9d-63ea-58c7-0677967a8583,39637,97887,97,271.62
2026/10/10 22:33:27.717,GPU-40b7c172-fb9d-63ea-58c7-0677967a8583,39637,97887,100,261.58
2026/10/10 22:33:28.245,GPU-40b7c172-fb9d-63ea-58c7-0677967a8583,39637,97887,99,244.92
2026/10/10 22:33:28.775,GPU-40b7c172-fb9d-63ea-58c7-0677967a8583,39637,97887,99,249.30
2026/10/10 22:33:29.303,GPU-40b7c172-fb9d-63ea-58c7-0677967a8583,39637,97887,97,246.09
2026/10/10 22:33:29.830,GPU-40b7c172-fb9d-63ea-58c7-0677967a8583,39637,97887,98,249.49
2026/10/10 22:33:30.359,GPU-40b7c172-fb9d-63ea-58c7-0677967a8583,39637,97887,97,257.02
2026/10/10 22:33:30.886,GPU-40b7c172-fb9d-63ea-58c7-0677967a8583,39637,97887,97,254.68
2026/10/10 22:33:31.413,GPU-40b7c172-fb9d-63ea-58c7-0677967a8583,39637,97887,97,264.70
2026/10/10 22:33:31.941,GPU-40b7c172-fb9d-63ea-58c7-0677967a8583,39637,97887,97,261.10
2026/10/10 22:33:32.470,GPU-40b7c172-fb9d-63ea-58c7-0677967a8583,39637,97887,100,257.73
2026/10/10 22:33:32.999,GPU-40b7c172-fb9d-63ea-58c7-0677967a8583,39637,97887,100,253.75
2026/10/10 22:33:33.528,GPU-40b7c172-fb9d-63ea-58c7-0677967a8583,39637,97887,100,255.92
2026/10/10 22:33:34.054,GPU-40b7c172-fb9d-63ea-58c7-0677967a8583,39637,97887,98,244.41
2026/10/10 22:33:34.583,GPU-40b7c172-fb9d-63ea-58c7-0677967a8583,39637,97887,98,251.04
2026/10/10 22:33:35.110,GPU-40b7c172-fb9d-63ea-58c7-0677967a8583,39637,97887,97,259.05
2026/10/10 22:33:35.639,GPU-40b7c172-fb9d-63ea-58c7-0677967a8583,39637,97887,97,260.90
2026/10/10 22:33:36.174,GPU-40b7c172-fb9d-63ea-58c7-0677967a8583,39637,97887,97,259.11
2026/10/10 22:33:36.702,GPU-40b7c172-fb9d-63ea-58c7-0677967a8583,39637,97887,97,258.45
2026/10/10 22:33:37.234,GPU-40b7c172-fb9d-63ea-58c7-0677967a8583,39637,97887,97,257.53
2026/10/10 22:33:37.764,GPU-40b7c172-fb9d-63ea-58c7-0677967a8583,39637,97887,98,247.66
2026/10/10 22:33:38.307,GPU-40b7c172-fb9d-63ea-58c7-0677967a8583,39637,97887,97,257.45
2026/10/10 22:33:38.840,GPU-40b7c172-fb9d-63ea-58c7-0677967a8583,39637,97887,97,249.40
2026/10/10 22:33:39.390,GPU-40b7c172-fb9d-63ea-58c7-0677967a8583,39637,97887,98,260.31
2026/10/10 22:33:39.918,GPU-40b7c172-fb9d-63ea-58c7-0677967a8583,39637,97887,97,257.29
2026/10/10 22:33:40.450,GPU-40b7c172-fb9d-63ea-58c7-0677967a8583,39637,97887,98,258.13
2026/10/10 22:33:41.009,GPU-40b7c172-fb9d-63ea-58c7-0677967a8583,39637,97887,100,261.62
2026/10/10 22:33:41.538,GPU-40b7c172-fb9d-63ea-58c7-0677967a8583,39637,97887,100,264.25
2026/10/10 22:33:42.068,GPU-40b7c172-fb9d-63ea-58c7-0677967a8583,39637,97887,97,245.95
2026/10/10 22:33:42.601,GPU-40b7c172-fb9d-63ea-58c7-0677967a8583,39637,97887,98,240.53
2026/10/10 22:33:43.127,GPU-40b7c172-fb9d-63ea-58c7-0677967a8583,39637,97887,97,258.67
2026/10/10 22:33:43.658,GPU-40b7c172-fb9d-63ea-58c7-0677967a8583,39637,97887,97,259.14
2026/10/10 22:33:44.195,GPU-40b7c172-fb9d-63ea-58c7-0677967a8583,39637,97887,97,262.12
2026/10/10 22:33:44.729,GPU-40b7c172-fb9d-63ea-58c7-0677967a8583,39637,97887,100,257.81
2026/10/10 22:33:45.268,GPU-40b7c172-fb9d-63ea-58c7-0677967a8583,39637,97887,100,252.48
2026/10/10 22:33:45.795,GPU-40b7c172-fb9d-63ea-58c7-0677967a8583,39637,97887,100,252.44
2026/10/10 22:33:46.324,GPU-40b7c172-fb9d-63ea-58c7-0677967a8583,39637,97887,97,246.19
2026/10/10 22:33:46.871,GPU-40b7c172-fb9d-63ea-58c7-0677967a8583,39637,97887,97,235.35
2026/10/10 22:33:47.402,GPU-40b7c172-fb9d-63ea-58c7-0677967a8583,39637,97887,98,251.89
2026/10/10 22:33:47.932,GPU-40b7c172-fb9d-63ea-58c7-0677967a8583,39637,97887,97,259.13
2026/10/10 22:33:48.465,GPU-40b7c172-fb9d-63ea-58c7-0677967a8583,39637,97887,97,264.15
2026/10/10 22:33:48.995,GPU-40b7c172-fb9d-63ea-58c7-0677967a8583,39637,97887,97,256.42
2026/10/10 22:33:49.526,GPU-40b7c172-fb9d-63ea-58c7-0677967a8583,39637,97887,100,255.90
2026/10/10 22:33:50.055,GPU-40b7c172-fb9d-63ea-58c7-0677967a8583,39637,97887,99,257.24
2026/10/10 22:33:50.591,GPU-40b7c172-fb9d-63ea-58c7-0677967a8583,39637,97887,100,255.46
2026/10/10 22:33:51.126,GPU-40b7c172-fb9d-63ea-58c7-0677967a8583,39637,97887,97,248.37
2026/10/10 22:33:51.659,GPU-40b7c172-fb9d-63ea-58c7-0677967a8583,39637,97887,97,239.48
2026/10/10 22:33:52.191,GPU-40b7c172-fb9d-63ea-58c7-0677967a8583,39637,97887,96,257.11
2026/10/10 22:33:52.727,GPU-40b7c172-fb9d-63ea-58c7-0677967a8583,39637,97887,96,260.40
2026/10/10 22:33:53.263,GPU-40b7c172-fb9d-63ea-58c7-0677967a8583,39637,97887,97,260.16
2026/10/10 22:33:53.803,GPU-40b7c172-fb9d-63ea-58c7-0677967a8583,39637,97887,98,258.92
2026/10/10 22:33:54.344,GPU-40b7c172-fb9d-63ea-58c7-0677967a8583,39637,97887,98,268.63
2026/10/10 22:33:54.878,GPU-40b7c172-fb9d-63ea-58c7-0677967a8583,39637,97887,98,258.09
2026/10/10 22:33:55.422,GPU-40b7c172-fb9d-63ea-58c7-0677967a8583,39637,97887,97,244.17
2026/10/10 22:33:55.980,GPU-40b7c172-fb9d-63ea-58c7-0677967a8583,39637,97887,97,243.53
2026/10/10 22:33:56.514,GPU-40b7c172-fb9d-63ea-58c7-0677967a8583,39637,97887,98,253.35
2026/10/10 22:33:57.047,GPU-40b7c172-fb9d-63ea-58c7-0677967a8583,39637,97887,98,241.74
2026/10/10 22:33:57.581,GPU-40b7c172-fb9d-63ea-58c7-0677967a8583,39637,97887,98,264.55
2026/10/10 22:33:58.116,GPU-40b7c172-fb9d-63ea-58c7-0677967a8583,39637,97887,100,266.07
2026/10/10 22:33:58.651,GPU-40b7c172-fb9d-63ea-58c7-0677967a8583,39637,97887,100,260.25
2026/10/10 22:33:59.188,GPU-40b7c172-fb9d-63ea-58c7-0677967a8583,39637,97887,100,258.05
2026/10/10 22:33:59.718,GPU-40b7c172-fb9d-63ea-58c7-0677967a8583,39637,97887,98,242.30
2026/10/10 22:34:00.253,GPU-40b7c172-fb9d-63ea-58c7-0677967a8583,39637,97887,98,247.53
2026/10/10 22:34:00.793,GPU-40b7c172-fb9d-63ea-58c7-0677967a8583,39637,97887,98,247.67
2026/10/10 22:34:01.325,GPU-40b7c172-fb9d-63ea-58c7-0677967a8583,39637,97887,97,263.93
2026/10/10 22:34:01.854,GPU-40b7c172-fb9d-63ea-58c7-0677967a8583,39637,97887,97,260.63
2026/10/10 22:34:02.398,GPU-40b7c172-fb9d-63ea-58c7-0677967a8583,39637,97887,97,262.18
2026/10/10 22:34:02.932,GPU-40b7c172-fb9d-63ea-58c7-0677967a8583,39637,97887,100,265.90
2026/10/10 22:34:03.471,GPU-40b7c172-fb9d-63ea-58c7-0677967a8583,39637,97887,98,270.40
2026/10/10 22:34:04.005,GPU-40b7c172-fb9d-63ea-58c7-0677967a8583,39637,97887,97,250.54
2026/10/10 22:34:04.548,GPU-40b7c172-fb9d-63ea-58c7-0677967a8583,39637,97887,97,250.30
2026/10/10 22:34:05.081,GPU-40b7c172-fb9d-63ea-58c7-0677967a8583,39637,97887,97,248.11
2026/10/10 22:34:05.616,GPU-40b7c172-fb9d-63ea-58c7-0677967a8583,39637,97887,96,252.34
2026/10/10 22:34:06.150,GPU-40b7c172-fb9d-63ea-58c7-0677967a8583,39637,97887,97,255.92
2026/10/10 22:34:06.684,GPU-40b7c172-fb9d-63ea-58c7-0677967a8583,39637,97887,97,262.78
2026/10/10 22:34:07.217,GPU-40b7c172-fb9d-63ea-58c7-0677967a8583,39637,97887,98,264.95
2026/10/10 22:34:07.748,GPU-40b7c172-fb9d-63ea-58c7-0677967a8583,39637,97887,98,256.61
2026/10/10 22:34:08.287,GPU-40b7c172-fb9d-63ea-58c7-0677967a8583,39637,97887,98,261.00
2026/10/10 22:34:08.822,GPU-40b7c172-fb9d-63ea-58c7-0677967a8583,39637,97887,98,253.67
2026/10/10 22:34:09.387,GPU-40b7c172-fb9d-63ea-58c7-0677967a8583,39637,97887,98,256.44
2026/10/10 22:34:09.926,GPU-40b7c172-fb9d-63ea-58c7-0677967a8583,39637,97887,98,262.67
2026/10/10 22:34:10.460,GPU-40b7c172-fb9d-63ea-58c7-0677967a8583,39637,97887,97,257.13
2026/10/10 22:34:11.021,GPU-40b7c172-fb9d-63ea-58c7-0677967a8583,39637,97887,97,267.97
2026/10/10 22:34:11.551,GPU-40b7c172-fb9d-63ea-58c7-0677967a8583,39637,97887,100,261.71
2026/10/10 22:34:12.078,GPU-40b7c172-fb9d-63ea-58c7-0677967a8583,39637,97887,99,261.40
2026/10/10 22:34:12.606,GPU-40b7c172-fb9d-63ea-58c7-0677967a8583,39637,97887,98,246.61
2026/10/10 22:34:13.139,GPU-40b7c172-fb9d-63ea-58c7-0677967a8583,39637,97887,98,236.53
2026/10/10 22:34:13.669,GPU-40b7c172-fb9d-63ea-58c7-0677967a8583,39637,97887,97,239.29
2026/10/10 22:34:14.200,GPU-40b7c172-fb9d-63ea-58c7-0677967a8583,39637,97887,98,256.97
2026/10/10 22:34:14.736,GPU-40b7c172-fb9d-63ea-58c7-0677967a8583,39637,97887,97,261.05
2026/10/10 22:34:15.266,GPU-40b7c172-fb9d-63ea-58c7-0677967a8583,39637,97887,97,265.47
2026/10/10 22:34:15.795,GPU-40b7c172-fb9d-63ea-58c7-0677967a8583,39637,97887,97,260.84
2026/10/10 22:34:16.330,GPU-40b7c172-fb9d-63ea-58c7-0677967a8583,39637,97887,97,260.97
2026/10/10 22:34:16.860,GPU-40b7c172-fb9d-63ea-58c7-0677967a8583,39637,97887,98,248.27
2026/10/10 22:34:17.401,GPU-40b7c172-fb9d-63ea-58c7-0677967a8583,39637,97887,97,248.49
2026/10/10 22:34:17.932,GPU-40b7c172-fb9d-63ea-58c7-0677967a8583,39637,97887,97,243.42
2026/10/10 22:34:18.459,GPU-40b7c172-fb9d-63ea-58c7-0677967a8583,39637,97887,98,261.51
2026/10/10 22:34:18.985,GPU-40b7c172-fb9d-63ea-58c7-0677967a8583,39637,97887,98,263.98
2026/10/10 22:34:19.515,GPU-40b7c172-fb9d-63ea-58c7-0677967a8583,39637,97887,100,258.21
2026/10/10 22:34:20.044,GPU-40b7c172-fb9d-63ea-58c7-0677967a8583,39637,97887,100,257.18
2026/10/10 22:34:20.572,GPU-40b7c172-fb9d-63ea-58c7-0677967a8583,39637,97887,98,238.89
2026/10/10 22:34:21.103,GPU-40b7c172-fb9d-63ea-58c7-0677967a8583,39637,97887,98,251.62
2026/10/10 22:34:21.631,GPU-40b7c172-fb9d-63ea-58c7-0677967a8583,39637,97887,98,257.33
2026/10/10 22:34:22.161,GPU-40b7c172-fb9d-63ea-58c7-0677967a8583,39637,97887,98,263.82
2026/10/10 22:34:22.699,GPU-40b7c172-fb9d-63ea-58c7-0677967a8583,39637,97887,98,264.20
2026/10/10 22:34:23.235,GPU-40b7c172-fb9d-63ea-58c7-0677967a8583,39637,97887,98,273.67
2026/10/10 22:34:23.770,GPU-40b7c172-fb9d-63ea-58c7-0677967a8583,39637,97887,98,257.36
2026/10/10 22:34:24.303,GPU-40b7c172-fb9d-63ea-58c7-0677967a8583,39637,97887,98,244.04
2026/10/10 22:34:24.842,GPU-40b7c172-fb9d-63ea-58c7-0677967a8583,39637,97887,97,243.64
2026/10/10 22:34:25.375,GPU-40b7c172-fb9d-63ea-58c7-0677967a8583,39637,97887,97,258.87
2026/10/10 22:34:25.913,GPU-40b7c172-fb9d-63ea-58c7-0677967a8583,39637,97887,97,261.35
2026/10/10 22:34:26.448,GPU-40b7c172-fb9d-63ea-58c7-0677967a8583,39637,97887,97,262.90
2026/10/10 22:34:26.982,GPU-40b7c172-fb9d-63ea-58c7-0677967a8583,39637,97887,98,262.69
2026/10/10 22:34:27.515,GPU-40b7c172-fb9d-63ea-58c7-0677967a8583,39637,97887,97,262.98
2026/10/10 22:34:28.052,GPU-40b7c172-fb9d-63ea-58c7-0677967a8583,39637,97887,98,243.42
2026/10/10 22:34:28.586,GPU-40b7c172-fb9d-63ea-58c7-0677967a8583,39637,97887,98,238.55
2026/10/10 22:34:29.119,GPU-40b7c172-fb9d-63ea-58c7-0677967a8583,39637,97887,98,251.89
2026/10/10 22:34:29.656,GPU-40b7c172-fb9d-63ea-58c7-0677967a8583,39637,97887,98,259.46
2026/10/10 22:34:30.186,GPU-40b7c172-fb9d-63ea-58c7-0677967a8583,39637,97887,98,265.68
2026/10/10 22:34:30.725,GPU-40b7c172-fb9d-63ea-58c7-0677967a8583,39637,97887,100,263.45
2026/10/10 22:34:31.256,GPU-40b7c172-fb9d-63ea-58c7-0677967a8583,39637,97887,100,255.45
2026/10/10 22:34:31.789,GPU-40b7c172-fb9d-63ea-58c7-0677967a8583,39637,97887,98,247.91
2026/10/10 22:34:32.323,GPU-40b7c172-fb9d-63ea-58c7-0677967a8583,39637,97887,98,245.85
2026/10/10 22:34:32.856,GPU-40b7c172-fb9d-63ea-58c7-0677967a8583,39637,97887,98,247.69
2026/10/10 22:34:33.389,GPU-40b7c172-fb9d-63ea-58c7-0677967a8583,39637,97887,97,246.79
2026/10/10 22:34:33.923,GPU-40b7c172-fb9d-63ea-58c7-0677967a8583,39637,97887,97,264.91
2026/10/10 22:34:34.459,GPU-40b7c172-fb9d-63ea-58c7-0677967a8583,39637,97887,98,262.93
2026/10/10 22:34:34.995,GPU-40b7c172-fb9d-63ea-58c7-0677967a8583,39637,97887,98,269.84
2026/10/10 22:34:35.529,GPU-40b7c172-fb9d-63ea-58c7-0677967a8583,39637,97887,97,245.17
2026/10/10 22:34:36.065,GPU-40b7c172-fb9d-63ea-58c7-0677967a8583,39637,97887,98,245.22
2026/10/10 22:34:36.602,GPU-40b7c172-fb9d-63ea-58c7-0677967a8583,39637,97887,98,252.07
2026/10/10 22:34:37.135,GPU-40b7c172-fb9d-63ea-58c7-0677967a8583,39637,97887,98,261.75
2026/10/10 22:34:37.669,GPU-40b7c172-fb9d-63ea-58c7-0677967a8583,39637,97887,98,269.17
2026/10/10 22:34:38.201,GPU-40b7c172-fb9d-63ea-58c7-0677967a8583,39637,97887,98,272.11
2026/10/10 22:34:38.736,GPU-40b7c172-fb9d-63ea-58c7-0677967a8583,39637,97887,98,268.17
2026/10/10 22:34:39.267,GPU-40b7c172-fb9d-63ea-58c7-0677967a8583,39637,97887,97,243.00
2026/10/10 22:34:39.798,GPU-40b7c172-fb9d-63ea-58c7-0677967a8583,39637,97887,97,243.71
2026/10/10 22:34:40.334,GPU-40b7c172-fb9d-63ea-58c7-0677967a8583,39637,97887,97,236.57
2026/10/10 22:34:40.882,GPU-40b7c172-fb9d-63ea-58c7-0677967a8583,39637,97887,98,240.58
2026/10/10 22:34:41.410,GPU-40b7c172-fb9d-63ea-58c7-0677967a8583,39637,97887,98,249.48
2026/10/10 22:34:41.941,GPU-40b7c172-fb9d-63ea-58c7-0677967a8583,39637,97887,98,256.11
2026/10/10 22:34:42.472,GPU-40b7c172-fb9d-63ea-58c7-0677967a8583,39637,97887,97,262.53
2026/10/10 22:34:43.005,GPU-40b7c172-fb9d-63ea-58c7-0677967a8583,39637,97887,98,262.53
2026/10/10 22:34:43.536,GPU-40b7c172-fb9d-63ea-58c7-0677967a8583,39637,97887,100,258.52
2026/10/10 22:34:44.075,GPU-40b7c172-fb9d-63ea-58c7-0677967a8583,39637,97887,99,254.18
2026/10/10 22:34:44.608,GPU-40b7c172-fb9d-63ea-58c7-0677967a8583,39637,97887,98,248.70
2026/10/10 22:34:45.145,GPU-40b7c172-fb9d-63ea-58c7-0677967a8583,39637,97887,97,252.55
2026/10/10 22:34:45.679,GPU-40b7c172-fb9d-63ea-58c7-0677967a8583,39637,97887,98,264.95
2026/10/10 22:34:46.216,GPU-40b7c172-fb9d-63ea-58c7-0677967a8583,39637,97887,98,260.38
2026/10/10 22:34:46.747,GPU-40b7c172-fb9d-63ea-58c7-0677967a8583,39637,97887,97,265.98
2026/10/10 22:34:47.290,GPU-40b7c172-fb9d-63ea-58c7-0677967a8583,39637,97887,100,271.61
2026/10/10 22:34:47.826,GPU-40b7c172-fb9d-63ea-58c7-0677967a8583,39637,97887,100,258.27
2026/10/10 22:34:48.363,GPU-40b7c172-fb9d-63ea-58c7-0677967a8583,39637,97887,98,241.97
2026/10/10 22:34:48.898,GPU-40b7c172-fb9d-63ea-58c7-0677967a8583,39637,97887,98,252.36
2026/10/10 22:34:49.435,GPU-40b7c172-fb9d-63ea-58c7-0677967a8583,39637,97887,98,250.81
2026/10/10 22:34:49.982,GPU-40b7c172-fb9d-63ea-58c7-0677967a8583,39637,97887,97,256.71
2026/10/10 22:34:50.514,GPU-40b7c172-fb9d-63ea-58c7-0677967a8583,39637,97887,98,261.14
2026/10/10 22:34:51.048,GPU-40b7c172-fb9d-63ea-58c7-0677967a8583,39637,97887,98,269.64
2026/10/10 22:34:51.585,GPU-40b7c172-fb9d-63ea-58c7-0677967a8583,39637,97887,97,258.14
2026/10/10 22:34:52.118,GPU-40b7c172-fb9d-63ea-58c7-0677967a8583,39637,97887,98,260.03
2026/10/10 22:34:52.655,GPU-40b7c172-fb9d-63ea-58c7-0677967a8583,39637,97887,97,249.34
2026/10/10 22:34:53.185,GPU-40b7c172-fb9d-63ea-58c7-0677967a8583,39637,97887,97,243.94
2026/10/10 22:34:53.717,GPU-40b7c172-fb9d-63ea-58c7-0677967a8583,39637,97887,97,258.55
2026/10/10 22:34:54.246,GPU-40b7c172-fb9d-63ea-58c7-0677967a8583,39637,97887,97,262.71
2026/10/10 22:34:54.782,GPU-40b7c172-fb9d-63ea-58c7-0677967a8583,39637,97887,98,259.74
2026/10/10 22:34:55.316,GPU-40b7c172-fb9d-63ea-58c7-0677967a8583,39637,97887,100,261.80
2026/10/10 22:34:55.851,GPU-40b7c172-fb9d-63ea-58c7-0677967a8583,39637,97887,100,260.88
2026/10/10 22:34:56.384,GPU-40b7c172-fb9d-63ea-58c7-0677967a8583,39637,97887,98,256.45
2026/10/10 22:34:56.921,GPU-40b7c172-fb9d-63ea-58c7-0677967a8583,39637,97887,98,255.32
2026/10/10 22:34:57.457,GPU-40b7c172-fb9d-63ea-58c7-0677967a8583,39637,97887,98,242.99
2026/10/10 22:34:57.986,GPU-40b7c172-fb9d-63ea-58c7-0677967a8583,39637,97887,97,251.19
2026/10/10 22:34:58.519,GPU-40b7c172-fb9d-63ea-58c7-0677967a8583,39637,97887,97,242.68
2026/10/10 22:34:59.049,GPU-40b7c172-fb9d-63ea-58c7-0677967a8583,39637,97887,98,259.29
2026/10/10 22:34:59.580,GPU-40b7c172-fb9d-63ea-58c7-0677967a8583,39637,97887,97,260.90
2026/10/10 22:35:00.111,GPU-40b7c172-fb9d-63ea-58c7-0677967a8583,39637,97887,100,267.78
2026/10/10 22:35:00.645,GPU-40b7c172-fb9d-63ea-58c7-0677967a8583,39637,97887,98,262.81
2026/10/10 22:35:01.174,GPU-40b7c172-fb9d-63ea-58c7-0677967a8583,39637,97887,98,249.50
2026/10/10 22:35:01.702,GPU-40b7c172-fb9d-63ea-58c7-0677967a8583,39637,97887,97,242.54
2026/10/10 22:35:02.230,GPU-40b7c172-fb9d-63ea-58c7-0677967a8583,39637,97887,98,245.10
2026/10/10 22:35:02.758,GPU-40b7c172-fb9d-63ea-58c7-0677967a8583,39637,97887,97,258.29
2026/10/10 22:35:03.287,GPU-40b7c172-fb9d-63ea-58c7-0677967a8583,39637,97887,97,259.89
2026/10/10 22:35:03.817,GPU-40b7c172-fb9d-63ea-58c7-0677967a8583,39637,97887,100,264.84
2026/10/10 22:35:04.345,GPU-40b7c172-fb9d-63ea-58c7-0677967a8583,39637,97887,100,264.82
2026/10/10 22:35:04.873,GPU-40b7c172-fb9d-63ea-58c7-0677967a8583,39637,97887,100,254.59
2026/10/10 22:35:05.401,GPU-40b7c172-fb9d-63ea-58c7-0677967a8583,39637,97887,97,236.30
2026/10/10 22:35:05.934,GPU-40b7c172-fb9d-63ea-58c7-0677967a8583,39637,97887,97,238.29
2026/10/10 22:35:06.461,GPU-40b7c172-fb9d-63ea-58c7-0677967a8583,39637,97887,97,259.52
2026/10/10 22:35:06.989,GPU-40b7c172-fb9d-63ea-58c7-0677967a8583,39637,97887,97,266.13
2026/10/10 22:35:07.520,GPU-40b7c172-fb9d-63ea-58c7-0677967a8583,39637,97887,98,266.05
2026/10/10 22:35:08.049,GPU-40b7c172-fb9d-63ea-58c7-0677967a8583,39637,97887,97,263.99
2026/10/10 22:35:08.578,GPU-40b7c172-fb9d-63ea-58c7-0677967a8583,39637,97887,97,261.23
2026/10/10 22:35:09.105,GPU-40b7c172-fb9d-63ea-58c7-0677967a8583,39637,97887,97,246.56
2026/10/10 22:35:09.639,GPU-40b7c172-fb9d-63ea-58c7-0677967a8583,39637,97887,98,248.88
2026/10/10 22:35:10.166,GPU-40b7c172-fb9d-63ea-58c7-0677967a8583,39637,97887,97,256.04
2026/10/10 22:35:10.694,GPU-40b7c172-fb9d-63ea-58c7-0677967a8583,39637,97887,97,260.77
2026/10/10 22:35:11.220,GPU-40b7c172-fb9d-63ea-58c7-0677967a8583,39637,97887,97,260.87
2026/10/10 22:35:11.748,GPU-40b7c172-fb9d-63ea-58c7-0677967a8583,39637,97887,97,259.85
2026/10/10 22:35:12.287,GPU-40b7c172-fb9d-63ea-58c7-0677967a8583,39637,97887,96,273.21
2026/10/10 22:35:12.824,GPU-40b7c172-fb9d-63ea-58c7-0677967a8583,39637,97887,96,272.28
2026/10/10 22:35:13.360,GPU-40b7c172-fb9d-63ea-58c7-0677967a8583,39637,97887,98,261.22
2026/10/10 22:35:13.892,GPU-40b7c172-fb9d-63ea-58c7-0677967a8583,39637,97887,98,250.01
2026/10/10 22:35:14.426,GPU-40b7c172-fb9d-63ea-58c7-0677967a8583,39637,97887,98,254.89
2026/10/10 22:35:14.954,GPU-40b7c172-fb9d-63ea-58c7-0677967a8583,39637,97887,98,256.58
2026/10/10 22:35:15.484,GPU-40b7c172-fb9d-63ea-58c7-0677967a8583,39637,97887,98,266.05
2026/10/10 22:35:16.016,GPU-40b7c172-fb9d-63ea-58c7-0677967a8583,39637,97887,100,262.02
2026/10/10 22:35:16.551,GPU-40b7c172-fb9d-63ea-58c7-0677967a8583,39637,97887,100,262.48
2026/10/10 22:35:17.083,GPU-40b7c172-fb9d-63ea-58c7-0677967a8583,39637,97887,98,254.77
2026/10/10 22:35:17.617,GPU-40b7c172-fb9d-63ea-58c7-0677967a8583,39637,97887,98,249.85
2026/10/10 22:35:18.150,GPU-40b7c172-fb9d-63ea-58c7-0677967a8583,39637,97887,98,252.22
2026/10/10 22:35:18.681,GPU-40b7c172-fb9d-63ea-58c7-0677967a8583,39637,97887,98,261.98
2026/10/10 22:35:19.217,GPU-40b7c172-fb9d-63ea-58c7-0677967a8583,39637,97887,98,270.48
2026/10/10 22:35:19.752,GPU-40b7c172-fb9d-63ea-58c7-0677967a8583,39637,97887,98,265.14
2026/10/10 22:35:20.286,GPU-40b7c172-fb9d-63ea-58c7-0677967a8583,39637,97887,98,258.24
2026/10/10 22:35:20.837,GPU-40b7c172-fb9d-63ea-58c7-0677967a8583,39637,97887,100,259.85
2026/10/10 22:35:21.379,GPU-40b7c172-fb9d-63ea-58c7-0677967a8583,39637,97887,97,255.85
2026/10/10 22:35:21.912,GPU-40b7c172-fb9d-63ea-58c7-0677967a8583,39637,97887,98,247.16
2026/10/10 22:35:22.445,GPU-40b7c172-fb9d-63ea-58c7-0677967a8583,39637,97887,97,249.51
2026/10/10 22:35:22.979,GPU-40b7c172-fb9d-63ea-58c7-0677967a8583,39637,97887,98,256.28
2026/10/10 22:35:23.516,GPU-40b7c172-fb9d-63ea-58c7-0677967a8583,39637,97887,97,266.50
2026/10/10 22:35:24.051,GPU-40b7c172-fb9d-63ea-58c7-0677967a8583,39637,97887,98,267.79
2026/10/10 22:35:24.580,GPU-40b7c172-fb9d-63ea-58c7-0677967a8583,39637,97887,98,262.56
2026/10/10 22:35:25.110,GPU-40b7c172-fb9d-63ea-58c7-0677967a8583,39637,97887,97,250.70
2026/10/10 22:35:25.654,GPU-40b7c172-fb9d-63ea-58c7-0677967a8583,39637,97887,98,241.66
2026/10/10 22:35:26.189,GPU-40b7c172-fb9d-63ea-58c7-0677967a8583,39637,97887,98,248.39
2026/10/10 22:35:26.722,GPU-40b7c172-fb9d-63ea-58c7-0677967a8583,39637,97887,98,258.43
2026/10/10 22:35:27.263,GPU-40b7c172-fb9d-63ea-58c7-0677967a8583,39637,97887,98,258.96
2026/10/10 22:35:27.817,GPU-40b7c172-fb9d-63ea-58c7-0677967a8583,39637,97887,98,264.11
2026/10/10 22:35:28.349,GPU-40b7c172-fb9d-63ea-58c7-0677967a8583,39637,97887,98,270.51
2026/10/10 22:35:28.880,GPU-40b7c172-fb9d-63ea-58c7-0677967a8583,39637,97887,100,269.82
2026/10/10 22:35:29.406,GPU-40b7c172-fb9d-63ea-58c7-0677967a8583,39637,97887,98,250.12
2026/10/10 22:35:29.941,GPU-40b7c172-fb9d-63ea-58c7-0677967a8583,39637,97887,98,254.84
2026/10/10 22:35:30.467,GPU-40b7c172-fb9d-63ea-58c7-0677967a8583,39637,97887,98,256.44
2026/10/10 22:35:30.994,GPU-40b7c172-fb9d-63ea-58c7-0677967a8583,39637,97887,98,263.07
2026/10/10 22:35:31.521,GPU-40b7c172-fb9d-63ea-58c7-0677967a8583,39637,97887,98,265.63
2026/10/10 22:35:32.049,GPU-40b7c172-fb9d-63ea-58c7-0677967a8583,39637,97887,98,269.17
2026/10/10 22:35:32.580,GPU-40b7c172-fb9d-63ea-58c7-0677967a8583,39637,97887,98,256.68
2026/10/10 22:35:33.109,GPU-40b7c172-fb9d-63ea-58c7-0677967a8583,39637,97887,98,245.38
2026/10/10 22:35:33.638,GPU-40b7c172-fb9d-63ea-58c7-0677967a8583,39637,97887,98,247.63
2026/10/10 22:35:34.166,GPU-40b7c172-fb9d-63ea-58c7-0677967a8583,39637,97887,98,255.34
2026/10/10 22:35:34.699,GPU-40b7c172-fb9d-63ea-58c7-0677967a8583,39637,97887,98,261.83
2026/10/10 22:35:35.225,GPU-40b7c172-fb9d-63ea-58c7-0677967a8583,39637,97887,100,270.19
2026/10/10 22:35:35.753,GPU-40b7c172-fb9d-63ea-58c7-0677967a8583,39637,97887,100,274.98
2026/10/10 22:35:36.282,GPU-40b7c172-fb9d-63ea-58c7-0677967a8583,39637,97887,98,254.88
2026/10/10 22:35:36.813,GPU-40b7c172-fb9d-63ea-58c7-0677967a8583,39637,97887,98,253.50
2026/10/10 22:35:37.339,GPU-40b7c172-fb9d-63ea-58c7-0677967a8583,39637,97887,98,262.33
2026/10/10 22:35:37.866,GPU-40b7c172-fb9d-63ea-58c7-0677967a8583,39637,97887,97,254.28
2026/10/10 22:35:38.396,GPU-40b7c172-fb9d-63ea-58c7-0677967a8583,39637,97887,98,268.55
2026/10/10 22:35:38.924,GPU-40b7c172-fb9d-63ea-58c7-0677967a8583,39637,97887,98,266.52
2026/10/10 22:35:39.450,GPU-40b7c172-fb9d-63ea-58c7-0677967a8583,39637,97887,98,249.34
2026/10/10 22:35:39.978,GPU-40b7c172-fb9d-63ea-58c7-0677967a8583,39637,97887,98,245.48
2026/10/10 22:35:40.519,GPU-40b7c172-fb9d-63ea-58c7-0677967a8583,39637,97887,98,246.77
2026/10/10 22:35:41.047,GPU-40b7c172-fb9d-63ea-58c7-0677967a8583,39637,97887,97,261.79
2026/10/10 22:35:41.576,GPU-40b7c172-fb9d-63ea-58c7-0677967a8583,39637,97887,98,264.57
2026/10/10 22:35:42.106,GPU-40b7c172-fb9d-63ea-58c7-0677967a8583,39637,97887,98,269.15
2026/10/10 22:35:42.634,GPU-40b7c172-fb9d-63ea-58c7-0677967a8583,39637,97887,98,253.85
2026/10/10 22:35:43.164,GPU-40b7c172-fb9d-63ea-58c7-0677967a8583,39637,97887,98,248.74
2026/10/10 22:35:43.692,GPU-40b7c172-fb9d-63ea-58c7-0677967a8583,39637,97887,98,241.74
2026/10/10 22:35:44.223,GPU-40b7c172-fb9d-63ea-58c7-0677967a8583,39637,97887,98,256.69
2026/10/10 22:35:44.758,GPU-40b7c172-fb9d-63ea-58c7-0677967a8583,39637,97887,98,269.82
2026/10/10 22:35:45.286,GPU-40b7c172-fb9d-63ea-58c7-0677967a8583,39637,97887,98,264.88
2026/10/10 22:35:45.816,GPU-40b7c172-fb9d-63ea-58c7-0677967a8583,39637,97887,100,258.95
2026/10/10 22:35:46.344,GPU-40b7c172-fb9d-63ea-58c7-0677967a8583,39637,97887,100,254.64
2026/10/10 22:35:46.871,GPU-40b7c172-fb9d-63ea-58c7-0677967a8583,39637,97887,98,245.25
2026/10/10 22:35:47.400,GPU-40b7c172-fb9d-63ea-58c7-0677967a8583,39637,97887,98,236.80
2026/10/10 22:35:47.928,GPU-40b7c172-fb9d-63ea-58c7-0677967a8583,39637,97887,98,260.77
2026/10/10 22:35:48.459,GPU-40b7c172-fb9d-63ea-58c7-0677967a8583,39637,97887,98,264.41
2026/10/10 22:35:48.989,GPU-40b7c172-fb9d-63ea-58c7-0677967a8583,39637,97887,100,262.98
2026/10/10 22:35:49.516,GPU-40b7c172-fb9d-63ea-58c7-0677967a8583,39637,97887,100,260.92
2026/10/10 22:35:50.042,GPU-40b7c172-fb9d-63ea-58c7-0677967a8583,39637,97887,98,251.72
2026/10/10 22:35:50.570,GPU-40b7c172-fb9d-63ea-58c7-0677967a8583,39637,97887,98,253.57
2026/10/10 22:35:51.101,GPU-40b7c172-fb9d-63ea-58c7-0677967a8583,39637,97887,98,258.54
2026/10/10 22:35:51.627,GPU-40b7c172-fb9d-63ea-58c7-0677967a8583,39637,97887,98,266.07
2026/10/10 22:35:52.155,GPU-40b7c172-fb9d-63ea-58c7-0677967a8583,39637,97887,98,269.19
2026/10/10 22:35:52.682,GPU-40b7c172-fb9d-63ea-58c7-0677967a8583,39637,97887,98,266.75
2026/10/10 22:35:53.210,GPU-40b7c172-fb9d-63ea-58c7-0677967a8583,39637,97887,100,269.93
2026/10/10 22:35:53.740,GPU-40b7c172-fb9d-63ea-58c7-0677967a8583,39637,97887,100,262.03
2026/10/10 22:35:54.268,GPU-40b7c172-fb9d-63ea-58c7-0677967a8583,39637,97887,98,249.04
2026/10/10 22:35:54.796,GPU-40b7c172-fb9d-63ea-58c7-0677967a8583,39637,97887,98,252.24
2026/10/10 22:35:55.328,GPU-40b7c172-fb9d-63ea-58c7-0677967a8583,39637,97887,98,268.56
2026/10/10 22:35:55.859,GPU-40b7c172-fb9d-63ea-58c7-0677967a8583,39637,97887,97,266.26
2026/10/10 22:35:56.387,GPU-40b7c172-fb9d-63ea-58c7-0677967a8583,39637,97887,98,259.62
2026/10/10 22:35:56.927,GPU-40b7c172-fb9d-63ea-58c7-0677967a8583,39637,97887,98,272.37
2026/10/10 22:35:57.470,GPU-40b7c172-fb9d-63ea-58c7-0677967a8583,39637,97887,97,257.79
2026/10/10 22:35:57.998,GPU-40b7c172-fb9d-63ea-58c7-0677967a8583,39637,97887,98,255.21
2026/10/10 22:35:58.530,GPU-40b7c172-fb9d-63ea-58c7-0677967a8583,39637,97887,98,236.13
2026/10/10 22:35:59.064,GPU-40b7c172-fb9d-63ea-58c7-0677967a8583,39637,97887,97,254.53
2026/10/10 22:35:59.602,GPU-40b7c172-fb9d-63ea-58c7-0677967a8583,39637,97887,97,256.76
2026/10/10 22:36:00.134,GPU-40b7c172-fb9d-63ea-58c7-0677967a8583,39637,97887,98,259.17
2026/10/10 22:36:00.670,GPU-40b7c172-fb9d-63ea-58c7-0677967a8583,39637,97887,100,264.89
2026/10/10 22:36:01.204,GPU-40b7c172-fb9d-63ea-58c7-0677967a8583,39637,97887,100,261.63
2026/10/10 22:36:01.740,GPU-40b7c172-fb9d-63ea-58c7-0677967a8583,39637,97887,100,260.24
2026/10/10 22:36:02.287,GPU-40b7c172-fb9d-63ea-58c7-0677967a8583,39637,97887,100,254.65
2026/10/10 22:36:02.821,GPU-40b7c172-fb9d-63ea-58c7-0677967a8583,39637,97887,98,242.70
2026/10/10 22:36:03.355,GPU-40b7c172-fb9d-63ea-58c7-0677967a8583,39637,97887,98,256.23
2026/10/10 22:36:03.891,GPU-40b7c172-fb9d-63ea-58c7-0677967a8583,39637,97887,98,253.99
2026/10/10 22:36:04.425,GPU-40b7c172-fb9d-63ea-58c7-0677967a8583,39637,97887,98,270.05
2026/10/10 22:36:04.959,GPU-40b7c172-fb9d-63ea-58c7-0677967a8583,39637,97887,98,268.41
2026/10/10 22:36:05.491,GPU-40b7c172-fb9d-63ea-58c7-0677967a8583,39637,97887,99,278.21
2026/10/10 22:36:06.026,GPU-40b7c172-fb9d-63ea-58c7-0677967a8583,39637,97887,98,253.53
2026/10/10 22:36:06.561,GPU-40b7c172-fb9d-63ea-58c7-0677967a8583,39637,97887,98,244.96
2026/10/10 22:36:07.096,GPU-40b7c172-fb9d-63ea-58c7-0677967a8583,39637,97887,98,246.52
2026/10/10 22:36:07.632,GPU-40b7c172-fb9d-63ea-58c7-0677967a8583,39637,97887,97,258.46
2026/10/10 22:36:08.164,GPU-40b7c172-fb9d-63ea-58c7-0677967a8583,39637,97887,98,263.92
2026/10/10 22:36:08.699,GPU-40b7c172-fb9d-63ea-58c7-0677967a8583,39637,97887,98,272.15
2026/10/10 22:36:09.229,GPU-40b7c172-fb9d-63ea-58c7-0677967a8583,39637,97887,100,261.72
2026/10/10 22:36:09.765,GPU-40b7c172-fb9d-63ea-58c7-0677967a8583,39637,97887,98,250.59
2026/10/10 22:36:10.309,GPU-40b7c172-fb9d-63ea-58c7-0677967a8583,39637,97887,98,250.40
2026/10/10 22:36:10.848,GPU-40b7c172-fb9d-63ea-58c7-0677967a8583,39637,97887,97,241.71
2026/10/10 22:36:11.380,GPU-40b7c172-fb9d-63ea-58c7-0677967a8583,39637,97887,98,244.21
2026/10/10 22:36:11.918,GPU-40b7c172-fb9d-63ea-58c7-0677967a8583,39637,97887,98,261.61
2026/10/10 22:36:12.452,GPU-40b7c172-fb9d-63ea-58c7-0677967a8583,39637,97887,97,258.41
2026/10/10 22:36:12.985,GPU-40b7c172-fb9d-63ea-58c7-0677967a8583,39637,97887,98,255.98
2026/10/10 22:36:13.519,GPU-40b7c172-fb9d-63ea-58c7-0677967a8583,39637,97887,98,266.73
2026/10/10 22:36:14.053,GPU-40b7c172-fb9d-63ea-58c7-0677967a8583,39637,97887,98,250.93
2026/10/10 22:36:14.591,GPU-40b7c172-fb9d-63ea-58c7-0677967a8583,39637,97887,98,257.08
2026/10/10 22:36:15.128,GPU-40b7c172-fb9d-63ea-58c7-0677967a8583,39637,97887,98,246.61
2026/10/10 22:36:15.661,GPU-40b7c172-fb9d-63ea-58c7-0677967a8583,39637,97887,95,258.80
2026/10/10 22:36:16.194,GPU-40b7c172-fb9d-63ea-58c7-0677967a8583,39637,97887,98,250.09
2026/10/10 22:36:16.726,GPU-40b7c172-fb9d-63ea-58c7-0677967a8583,39637,97887,98,274.85
2026/10/10 22:36:17.267,GPU-40b7c172-fb9d-63ea-58c7-0677967a8583,39637,97887,100,265.48
2026/10/10 22:36:17.821,GPU-40b7c172-fb9d-63ea-58c7-0677967a8583,39637,97887,100,259.05
2026/10/10 22:36:18.358,GPU-40b7c172-fb9d-63ea-58c7-0677967a8583,39637,97887,100,254.37
2026/10/10 22:36:18.888,GPU-40b7c172-fb9d-63ea-58c7-0677967a8583,39637,97887,98,244.16
2026/10/10 22:36:19.425,GPU-40b7c172-fb9d-63ea-58c7-0677967a8583,39637,97887,98,239.62
2026/10/10 22:36:19.959,GPU-40b7c172-fb9d-63ea-58c7-0677967a8583,39637,97887,98,262.37
2026/10/10 22:36:20.493,GPU-40b7c172-fb9d-63ea-58c7-0677967a8583,39637,97887,97,265.54
2026/10/10 22:36:21.021,GPU-40b7c172-fb9d-63ea-58c7-0677967a8583,39637,97887,98,265.42
2026/10/10 22:36:21.554,GPU-40b7c172-fb9d-63ea-58c7-0677967a8583,39637,97887,98,275.92
2026/10/10 22:36:22.088,GPU-40b7c172-fb9d-63ea-58c7-0677967a8583,39637,97887,98,260.08
2026/10/10 22:36:22.618,GPU-40b7c172-fb9d-63ea-58c7-0677967a8583,39637,97887,98,262.15
2026/10/10 22:36:23.151,GPU-40b7c172-fb9d-63ea-58c7-0677967a8583,39637,97887,98,271.34
2026/10/10 22:36:23.680,GPU-40b7c172-fb9d-63ea-58c7-0677967a8583,39637,97887,98,272.70
2026/10/10 22:36:24.211,GPU-40b7c172-fb9d-63ea-58c7-0677967a8583,39637,97887,98,273.31
2026/10/10 22:36:24.747,GPU-40b7c172-fb9d-63ea-58c7-0677967a8583,39637,97887,98,278.53
2026/10/10 22:36:25.298,GPU-40b7c172-fb9d-63ea-58c7-0677967a8583,39637,97887,99,272.64
2026/10/10 22:36:25.851,GPU-40b7c172-fb9d-63ea-58c7-0677967a8583,39637,97887,99,272.06
2026/10/10 22:36:26.387,GPU-40b7c172-fb9d-63ea-58c7-0677967a8583,39637,97887,98,274.65
2026/10/10 22:36:26.922,GPU-40b7c172-fb9d-63ea-58c7-0677967a8583,39637,97887,98,279.93
2026/10/10 22:36:27.457,GPU-40b7c172-fb9d-63ea-58c7-0677967a8583,39637,97887,98,271.24
2026/10/10 22:36:27.990,GPU-40b7c172-fb9d-63ea-58c7-0677967a8583,39637,97887,98,268.52
2026/10/10 22:36:28.524,GPU-40b7c172-fb9d-63ea-58c7-0677967a8583,39637,97887,98,283.27
2026/10/10 22:36:29.059,GPU-40b7c172-fb9d-63ea-58c7-0677967a8583,39637,97887,99,272.17
2026/10/10 22:36:29.594,GPU-40b7c172-fb9d-63ea-58c7-0677967a8583,39637,97887,98,253.92
2026/10/10 22:36:30.126,GPU-40b7c172-fb9d-63ea-58c7-0677967a8583,39637,97887,98,254.24
2026/10/10 22:36:30.665,GPU-40b7c172-fb9d-63ea-58c7-0677967a8583,39637,97887,99,256.34
2026/10/10 22:36:31.203,GPU-40b7c172-fb9d-63ea-58c7-0677967a8583,39637,97887,99,244.79
2026/10/10 22:36:31.738,GPU-40b7c172-fb9d-63ea-58c7-0677967a8583,39637,97887,99,237.06
2026/10/10 22:36:32.288,GPU-40b7c172-fb9d-63ea-58c7-0677967a8583,39637,97887,98,248.47
2026/10/10 22:36:32.831,GPU-40b7c172-fb9d-63ea-58c7-0677967a8583,39637,97887,99,252.42
2026/10/10 22:36:33.367,GPU-40b7c172-fb9d-63ea-58c7-0677967a8583,39637,97887,98,250.74
2026/10/10 22:36:33.900,GPU-40b7c172-fb9d-63ea-58c7-0677967a8583,39637,97887,99,250.24
2026/10/10 22:36:34.434,GPU-40b7c172-fb9d-63ea-58c7-0677967a8583,39637,97887,99,256.22
2026/10/10 22:36:34.969,GPU-40b7c172-fb9d-63ea-58c7-0677967a8583,39637,97887,99,251.01
2026/10/10 22:36:35.509,GPU-40b7c172-fb9d-63ea-58c7-0677967a8583,39637,97887,98,264.71
2026/10/10 22:36:36.049,GPU-40b7c172-fb9d-63ea-58c7-0677967a8583,39637,97887,99,260.84
2026/10/10 22:36:36.586,GPU-40b7c172-fb9d-63ea-58c7-0677967a8583,39637,97887,99,227.93
2026/10/10 22:36:37.121,GPU-40b7c172-fb9d-63ea-58c7-0677967a8583,39637,97887,99,255.84
2026/10/10 22:36:37.653,GPU-40b7c172-fb9d-63ea-58c7-0677967a8583,39637,97887,99,283.44
2026/10/10 22:36:38.185,GPU-40b7c172-fb9d-63ea-58c7-0677967a8583,39637,97887,99,253.53
2026/10/10 22:36:38.718,GPU-40b7c172-fb9d-63ea-58c7-0677967a8583,39637,97887,99,213.08
2026/10/10 22:36:39.251,GPU-40b7c172-fb9d-63ea-58c7-0677967a8583,39637,97887,99,236.10
2026/10/10 22:36:39.786,GPU-40b7c172-fb9d-63ea-58c7-0677967a8583,39637,97887,98,288.40
2026/10/10 22:36:40.322,GPU-40b7c172-fb9d-63ea-58c7-0677967a8583,39637,97887,99,292.84
2026/10/10 22:36:40.854,GPU-40b7c172-fb9d-63ea-58c7-0677967a8583,39637,97887,99,249.77
2026/10/10 22:36:41.388,GPU-40b7c172-fb9d-63ea-58c7-0677967a8583,39637,97887,99,215.52
2026/10/10 22:36:41.921,GPU-40b7c172-fb9d-63ea-58c7-0677967a8583,39637,97887,99,199.64
2026/10/10 22:36:42.454,GPU-40b7c172-fb9d-63ea-58c7-0677967a8583,39637,97887,99,206.09
2026/10/10 22:36:42.985,GPU-40b7c172-fb9d-63ea-58c7-0677967a8583,39637,97887,99,226.36
2026/10/10 22:36:43.518,GPU-40b7c172-fb9d-63ea-58c7-0677967a8583,39637,97887,99,231.31
2026/10/10 22:36:44.051,GPU-40b7c172-fb9d-63ea-58c7-0677967a8583,39637,97887,99,235.18
2026/10/10 22:36:44.584,GPU-40b7c172-fb9d-63ea-58c7-0677967a8583,39637,97887,99,241.76
2026/10/10 22:36:45.121,GPU-40b7c172-fb9d-63ea-58c7-0677967a8583,39637,97887,99,230.84
2026/10/10 22:36:45.657,GPU-40b7c172-fb9d-63ea-58c7-0677967a8583,39637,97887,99,212.65
2026/10/10 22:36:46.199,GPU-40b7c172-fb9d-63ea-58c7-0677967a8583,39637,97887,99,203.09
2026/10/10 22:36:46.740,GPU-40b7c172-fb9d-63ea-58c7-0677967a8583,39637,97887,99,205.06
2026/10/10 22:36:47.288,GPU-40b7c172-fb9d-63ea-58c7-0677967a8583,39637,97887,99,217.86
2026/10/10 22:36:47.822,GPU-40b7c172-fb9d-63ea-58c7-0677967a8583,39637,97887,99,262.72
2026/10/10 22:36:48.357,GPU-40b7c172-fb9d-63ea-58c7-0677967a8583,39637,97887,99,300.24
2026/10/10 22:36:48.892,GPU-40b7c172-fb9d-63ea-58c7-0677967a8583,39637,97887,99,309.92
2026/10/10 22:36:49.425,GPU-40b7c172-fb9d-63ea-58c7-0677967a8583,39637,97887,99,268.46
2026/10/10 22:36:49.958,GPU-40b7c172-fb9d-63ea-58c7-0677967a8583,39637,97887,99,221.07
2026/10/10 22:36:50.499,GPU-40b7c172-fb9d-63ea-58c7-0677967a8583,39637,97887,99,214.81
2026/10/10 22:36:51.033,GPU-40b7c172-fb9d-63ea-58c7-0677967a8583,39637,97887,100,274.15
2026/10/10 22:36:51.565,GPU-40b7c172-fb9d-63ea-58c7-0677967a8583,39637,97887,99,293.41
2026/10/10 22:36:52.100,GPU-40b7c172-fb9d-63ea-58c7-0677967a8583,39637,97887,99,244.15
2026/10/10 22:36:52.629,GPU-40b7c172-fb9d-63ea-58c7-0677967a8583,39637,97887,99,215.39
2026/10/10 22:36:53.157,GPU-40b7c172-fb9d-63ea-58c7-0677967a8583,39637,97887,99,266.56
2026/10/10 22:36:53.687,GPU-40b7c172-fb9d-63ea-58c7-0677967a8583,39637,97887,99,286.11
2026/10/10 22:36:54.219,GPU-40b7c172-fb9d-63ea-58c7-0677967a8583,39637,97887,99,239.86
2026/10/10 22:36:54.751,GPU-40b7c172-fb9d-63ea-58c7-0677967a8583,39637,97887,100,248.25
2026/10/10 22:36:55.294,GPU-40b7c172-fb9d-63ea-58c7-0677967a8583,39637,97887,99,290.72
2026/10/10 22:36:55.837,GPU-40b7c172-fb9d-63ea-58c7-0677967a8583,39637,97887,99,246.54
2026/10/10 22:36:56.367,GPU-40b7c172-fb9d-63ea-58c7-0677967a8583,39637,97887,100,242.66
2026/10/10 22:36:56.899,GPU-40b7c172-fb9d-63ea-58c7-0677967a8583,39637,97887,99,287.58
2026/10/10 22:36:57.428,GPU-40b7c172-fb9d-63ea-58c7-0677967a8583,39637,97887,99,241.32
2026/10/10 22:36:57.959,GPU-40b7c172-fb9d-63ea-58c7-0677967a8583,39637,97887,99,258.52
2026/10/10 22:36:58.488,GPU-40b7c172-fb9d-63ea-58c7-0677967a8583,39637,97887,99,261.22
2026/10/10 22:36:59.023,GPU-40b7c172-fb9d-63ea-58c7-0677967a8583,39637,97887,99,249.60
2026/10/10 22:36:59.553,GPU-40b7c172-fb9d-63ea-58c7-0677967a8583,39637,97887,99,262.38
2026/10/10 22:37:00.088,GPU-40b7c172-fb9d-63ea-58c7-0677967a8583,39637,97887,99,252.79
2026/10/10 22:37:00.620,GPU-40b7c172-fb9d-63ea-58c7-0677967a8583,39637,97887,99,250.66
2026/10/10 22:37:01.149,GPU-40b7c172-fb9d-63ea-58c7-0677967a8583,39637,97887,100,251.44
2026/10/10 22:37:01.679,GPU-40b7c172-fb9d-63ea-58c7-0677967a8583,39637,97887,99,253.48
2026/10/10 22:37:02.208,GPU-40b7c172-fb9d-63ea-58c7-0677967a8583,39637,97887,100,262.98
2026/10/10 22:37:02.741,GPU-40b7c172-fb9d-63ea-58c7-0677967a8583,39637,97887,99,256.84
2026/10/10 22:37:03.270,GPU-40b7c172-fb9d-63ea-58c7-0677967a8583,39637,97887,100,265.33
2026/10/10 22:37:03.802,GPU-40b7c172-fb9d-63ea-58c7-0677967a8583,39637,97887,99,246.22
2026/10/10 22:37:04.333,GPU-40b7c172-fb9d-63ea-58c7-0677967a8583,39637,97887,100,257.62
2026/10/10 22:37:04.862,GPU-40b7c172-fb9d-63ea-58c7-0677967a8583,39637,97887,99,261.69
2026/10/10 22:37:05.391,GPU-40b7c172-fb9d-63ea-58c7-0677967a8583,39637,97887,99,254.44
2026/10/10 22:37:05.920,GPU-40b7c172-fb9d-63ea-58c7-0677967a8583,39637,97887,99,261.53
2026/10/10 22:37:06.448,GPU-40b7c172-fb9d-63ea-58c7-0677967a8583,39637,97887,99,258.91
2026/10/10 22:37:06.978,GPU-40b7c172-fb9d-63ea-58c7-0677967a8583,39637,97887,99,268.44
2026/10/10 22:37:07.507,GPU-40b7c172-fb9d-63ea-58c7-0677967a8583,39637,97887,99,247.46
2026/10/10 22:37:08.035,GPU-40b7c172-fb9d-63ea-58c7-0677967a8583,39637,97887,99,257.69
2026/10/10 22:37:08.571,GPU-40b7c172-fb9d-63ea-58c7-0677967a8583,39637,97887,99,255.88
2026/10/10 22:37:09.099,GPU-40b7c172-fb9d-63ea-58c7-0677967a8583,39637,97887,99,241.89
2026/10/10 22:37:09.627,GPU-40b7c172-fb9d-63ea-58c7-0677967a8583,39637,97887,99,275.48
2026/10/10 22:37:10.160,GPU-40b7c172-fb9d-63ea-58c7-0677967a8583,39637,97887,99,259.12
2026/10/10 22:37:10.687,GPU-40b7c172-fb9d-63ea-58c7-0677967a8583,39637,97887,99,251.28
2026/10/10 22:37:11.215,GPU-40b7c172-fb9d-63ea-58c7-0677967a8583,39637,97887,99,272.97
2026/10/10 22:37:11.742,GPU-40b7c172-fb9d-63ea-58c7-0677967a8583,39637,97887,99,244.01
2026/10/10 22:37:12.288,GPU-40b7c172-fb9d-63ea-58c7-0677967a8583,39637,97887,99,244.80
2026/10/10 22:37:12.816,GPU-40b7c172-fb9d-63ea-58c7-0677967a8583,39637,97887,99,271.00
2026/10/10 22:37:13.346,GPU-40b7c172-fb9d-63ea-58c7-0677967a8583,39637,97887,99,249.75
2026/10/10 22:37:13.875,GPU-40b7c172-fb9d-63ea-58c7-0677967a8583,39637,97887,99,243.78
2026/10/10 22:37:14.404,GPU-40b7c172-fb9d-63ea-58c7-0677967a8583,39637,97887,99,277.67
2026/10/10 22:37:14.932,GPU-40b7c172-fb9d-63ea-58c7-0677967a8583,39637,97887,99,257.33
2026/10/10 22:37:15.461,GPU-40b7c172-fb9d-63ea-58c7-0677967a8583,39637,97887,99,243.13
2026/10/10 22:37:15.990,GPU-40b7c172-fb9d-63ea-58c7-0677967a8583,39637,97887,99,269.82
2026/10/10 22:37:16.521,GPU-40b7c172-fb9d-63ea-58c7-0677967a8583,39637,97887,99,261.41
2026/10/10 22:37:17.053,GPU-40b7c172-fb9d-63ea-58c7-0677967a8583,39637,97887,99,245.06
2026/10/10 22:37:17.589,GPU-40b7c172-fb9d-63ea-58c7-0677967a8583,39637,97887,99,253.95
2026/10/10 22:37:18.123,GPU-40b7c172-fb9d-63ea-58c7-0677967a8583,39637,97887,100,278.89
2026/10/10 22:37:18.657,GPU-40b7c172-fb9d-63ea-58c7-0677967a8583,39637,97887,99,268.23
2026/10/10 22:37:19.188,GPU-40b7c172-fb9d-63ea-58c7-0677967a8583,39637,97887,99,237.18
2026/10/10 22:37:19.724,GPU-40b7c172-fb9d-63ea-58c7-0677967a8583,39637,97887,97,254.76
2026/10/10 22:37:20.257,GPU-40b7c172-fb9d-63ea-58c7-0677967a8583,39637,97887,97,258.25
2026/10/10 22:37:20.798,GPU-40b7c172-fb9d-63ea-58c7-0677967a8583,39637,97887,97,263.86
2026/10/10 22:37:21.331,GPU-40b7c172-fb9d-63ea-58c7-0677967a8583,39637,97887,100,265.49
2026/10/10 22:37:21.869,GPU-40b7c172-fb9d-63ea-58c7-0677967a8583,39637,97887,97,268.38
2026/10/10 22:37:22.403,GPU-40b7c172-fb9d-63ea-58c7-0677967a8583,39637,97887,96,246.45
2026/10/10 22:37:22.941,GPU-40b7c172-fb9d-63ea-58c7-0677967a8583,39637,97887,97,244.53
2026/10/10 22:37:23.474,GPU-40b7c172-fb9d-63ea-58c7-0677967a8583,39637,97887,97,255.67
2026/10/10 22:37:24.006,GPU-40b7c172-fb9d-63ea-58c7-0677967a8583,39637,97887,97,264.89
2026/10/10 22:37:24.541,GPU-40b7c172-fb9d-63ea-58c7-0677967a8583,39637,97887,97,265.09
2026/10/10 22:37:25.072,GPU-40b7c172-fb9d-63ea-58c7-0677967a8583,39637,97887,97,256.80
2026/10/10 22:37:25.604,GPU-40b7c172-fb9d-63ea-58c7-0677967a8583,39637,97887,98,263.18
2026/10/10 22:37:26.155,GPU-40b7c172-fb9d-63ea-58c7-0677967a8583,39637,97887,97,256.80
2026/10/10 22:37:26.688,GPU-40b7c172-fb9d-63ea-58c7-0677967a8583,39637,97887,97,254.30
2026/10/10 22:37:27.219,GPU-40b7c172-fb9d-63ea-58c7-0677967a8583,39637,97887,98,251.32
2026/10/10 22:37:27.748,GPU-40b7c172-fb9d-63ea-58c7-0677967a8583,39637,97887,97,263.47
2026/10/10 22:37:28.278,GPU-40b7c172-fb9d-63ea-58c7-0677967a8583,39637,97887,97,256.62
2026/10/10 22:37:28.806,GPU-40b7c172-fb9d-63ea-58c7-0677967a8583,39637,97887,98,268.26
2026/10/10 22:37:29.333,GPU-40b7c172-fb9d-63ea-58c7-0677967a8583,39637,97887,100,267.44
2026/10/10 22:37:29.860,GPU-40b7c172-fb9d-63ea-58c7-0677967a8583,39637,97887,100,254.19
2026/10/10 22:37:30.387,GPU-40b7c172-fb9d-63ea-58c7-0677967a8583,39637,97887,98,249.71
2026/10/10 22:37:30.916,GPU-40b7c172-fb9d-63ea-58c7-0677967a8583,39637,97887,98,244.98
2026/10/10 22:37:31.447,GPU-40b7c172-fb9d-63ea-58c7-0677967a8583,39637,97887,97,254.52
2026/10/10 22:37:31.976,GPU-40b7c172-fb9d-63ea-58c7-0677967a8583,39637,97887,97,257.46
2026/10/10 22:37:32.505,GPU-40b7c172-fb9d-63ea-58c7-0677967a8583,39637,97887,97,265.92
2026/10/10 22:37:33.031,GPU-40b7c172-fb9d-63ea-58c7-0677967a8583,39637,97887,98,268.69
2026/10/10 22:37:33.559,GPU-40b7c172-fb9d-63ea-58c7-0677967a8583,39637,97887,98,262.36
2026/10/10 22:37:34.087,GPU-40b7c172-fb9d-63ea-58c7-0677967a8583,39637,97887,98,257.08
2026/10/10 22:37:34.618,GPU-40b7c172-fb9d-63ea-58c7-0677967a8583,39637,97887,97,249.90
2026/10/10 22:37:35.146,GPU-40b7c172-fb9d-63ea-58c7-0677967a8583,39637,97887,98,264.43
2026/10/10 22:37:35.673,GPU-40b7c172-fb9d-63ea-58c7-0677967a8583,39637,97887,97,267.62
2026/10/10 22:37:36.207,GPU-40b7c172-fb9d-63ea-58c7-0677967a8583,39637,97887,97,268.56
2026/10/10 22:37:36.733,GPU-40b7c172-fb9d-63ea-58c7-0677967a8583,39637,97887,97,275.30
2026/10/10 22:37:37.269,GPU-40b7c172-fb9d-63ea-58c7-0677967a8583,39637,97887,98,265.68
2026/10/10 22:37:37.810,GPU-40b7c172-fb9d-63ea-58c7-0677967a8583,39637,97887,98,255.36
2026/10/10 22:37:38.340,GPU-40b7c172-fb9d-63ea-58c7-0677967a8583,39637,97887,97,248.58
2026/10/10 22:37:38.869,GPU-40b7c172-fb9d-63ea-58c7-0677967a8583,39637,97887,97,247.36
2026/10/10 22:37:39.395,GPU-40b7c172-fb9d-63ea-58c7-0677967a8583,39637,97887,97,243.99
2026/10/10 22:37:39.927,GPU-40b7c172-fb9d-63ea-58c7-0677967a8583,39637,97887,97,261.17
2026/10/10 22:37:40.455,GPU-40b7c172-fb9d-63ea-58c7-0677967a8583,39637,97887,97,260.54
2026/10/10 22:37:40.983,GPU-40b7c172-fb9d-63ea-58c7-0677967a8583,39637,97887,96,260.16
2026/10/10 22:37:41.511,GPU-40b7c172-fb9d-63ea-58c7-0677967a8583,39637,97887,98,262.52
2026/10/10 22:37:42.042,GPU-40b7c172-fb9d-63ea-58c7-0677967a8583,39637,97887,100,257.61
2026/10/10 22:37:42.570,GPU-40b7c172-fb9d-63ea-58c7-0677967a8583,39637,97887,97,260.29
2026/10/10 22:37:43.098,GPU-40b7c172-fb9d-63ea-58c7-0677967a8583,39637,97887,97,260.42
2026/10/10 22:37:43.626,GPU-40b7c172-fb9d-63ea-58c7-0677967a8583,39637,97887,97,255.56
2026/10/10 22:37:44.153,GPU-40b7c172-fb9d-63ea-58c7-0677967a8583,39637,97887,97,259.23
2026/10/10 22:37:44.682,GPU-40b7c172-fb9d-63ea-58c7-0677967a8583,39637,97887,97,260.26
2026/10/10 22:37:45.209,GPU-40b7c172-fb9d-63ea-58c7-0677967a8583,39637,97887,97,272.67
2026/10/10 22:37:45.737,GPU-40b7c172-fb9d-63ea-58c7-0677967a8583,39637,97887,100,273.06
2026/10/10 22:37:46.265,GPU-40b7c172-fb9d-63ea-58c7-0677967a8583,39637,97887,100,258.89
2026/10/10 22:37:46.792,GPU-40b7c172-fb9d-63ea-58c7-0677967a8583,39637,97887,100,255.95
2026/10/10 22:37:47.321,GPU-40b7c172-fb9d-63ea-58c7-0677967a8583,39637,97887,97,239.89
2026/10/10 22:37:47.849,GPU-40b7c172-fb9d-63ea-58c7-0677967a8583,39637,97887,97,256.60
2026/10/10 22:37:48.392,GPU-40b7c172-fb9d-63ea-58c7-0677967a8583,39637,97887,98,262.58
2026/10/10 22:37:48.927,GPU-40b7c172-fb9d-63ea-58c7-0677967a8583,39637,97887,97,262.69
2026/10/10 22:37:49.463,GPU-40b7c172-fb9d-63ea-58c7-0677967a8583,39637,97887,97,266.08
2026/10/10 22:37:49.997,GPU-40b7c172-fb9d-63ea-58c7-0677967a8583,39637,97887,97,266.62
2026/10/10 22:37:50.540,GPU-40b7c172-fb9d-63ea-58c7-0677967a8583,39637,97887,97,264.89
2026/10/10 22:37:51.081,GPU-40b7c172-fb9d-63ea-58c7-0677967a8583,39637,97887,97,256.00
2026/10/10 22:37:51.609,GPU-40b7c172-fb9d-63ea-58c7-0677967a8583,39637,97887,97,246.18
2026/10/10 22:37:52.146,GPU-40b7c172-fb9d-63ea-58c7-0677967a8583,39637,97887,98,247.96
2026/10/10 22:37:52.681,GPU-40b7c172-fb9d-63ea-58c7-0677967a8583,39637,97887,98,255.31
2026/10/10 22:37:53.216,GPU-40b7c172-fb9d-63ea-58c7-0677967a8583,39637,97887,97,255.83
2026/10/10 22:37:53.748,GPU-40b7c172-fb9d-63ea-58c7-0677967a8583,39637,97887,97,261.32
2026/10/10 22:37:54.285,GPU-40b7c172-fb9d-63ea-58c7-0677967a8583,39637,97887,99,268.93
2026/10/10 22:37:54.819,GPU-40b7c172-fb9d-63ea-58c7-0677967a8583,39637,97887,100,272.11
2026/10/10 22:37:55.365,GPU-40b7c172-fb9d-63ea-58c7-0677967a8583,39637,97887,98,246.49
2026/10/10 22:37:55.899,GPU-40b7c172-fb9d-63ea-58c7-0677967a8583,39637,97887,96,249.08
2026/10/10 22:37:56.434,GPU-40b7c172-fb9d-63ea-58c7-0677967a8583,39637,97887,98,252.70
2026/10/10 22:37:56.968,GPU-40b7c172-fb9d-63ea-58c7-0677967a8583,39637,97887,98,253.82
2026/10/10 22:37:57.502,GPU-40b7c172-fb9d-63ea-58c7-0677967a8583,39637,97887,98,258.71
2026/10/10 22:37:58.036,GPU-40b7c172-fb9d-63ea-58c7-0677967a8583,39637,97887,97,259.59
2026/10/10 22:37:58.570,GPU-40b7c172-fb9d-63ea-58c7-0677967a8583,39637,97887,98,262.02
2026/10/10 22:37:59.105,GPU-40b7c172-fb9d-63ea-58c7-0677967a8583,39637,97887,98,262.22
2026/10/10 22:37:59.639,GPU-40b7c172-fb9d-63ea-58c7-0677967a8583,39637,97887,97,247.92
2026/10/10 22:38:00.169,GPU-40b7c172-fb9d-63ea-58c7-0677967a8583,39637,97887,97,259.67
2026/10/10 22:38:00.703,GPU-40b7c172-fb9d-63ea-58c7-0677967a8583,39637,97887,98,257.50
2026/10/10 22:38:01.248,GPU-40b7c172-fb9d-63ea-58c7-0677967a8583,39637,97887,98,255.73
2026/10/10 22:38:01.778,GPU-40b7c172-fb9d-63ea-58c7-0677967a8583,39637,97887,97,255.69
2026/10/10 22:38:02.310,GPU-40b7c172-fb9d-63ea-58c7-0677967a8583,39637,97887,97,253.65
2026/10/10 22:38:02.842,GPU-40b7c172-fb9d-63ea-58c7-0677967a8583,39637,97887,97,266.92
2026/10/10 22:38:03.373,GPU-40b7c172-fb9d-63ea-58c7-0677967a8583,39637,97887,99,268.93
2026/10/10 22:38:03.903,GPU-40b7c172-fb9d-63ea-58c7-0677967a8583,39637,97887,97,268.89
2026/10/10 22:38:04.434,GPU-40b7c172-fb9d-63ea-58c7-0677967a8583,39637,97887,97,252.63
2026/10/10 22:38:04.962,GPU-40b7c172-fb9d-63ea-58c7-0677967a8583,39637,97887,97,257.13
2026/10/10 22:38:05.492,GPU-40b7c172-fb9d-63ea-58c7-0677967a8583,39637,97887,97,264.03
2026/10/10 22:38:06.019,GPU-40b7c172-fb9d-63ea-58c7-0677967a8583,39637,97887,97,258.01
2026/10/10 22:38:06.546,GPU-40b7c172-fb9d-63ea-58c7-0677967a8583,39637,97887,97,265.99
2026/10/10 22:38:07.074,GPU-40b7c172-fb9d-63ea-58c7-0677967a8583,39637,97887,99,260.96
2026/10/10 22:38:07.604,GPU-40b7c172-fb9d-63ea-58c7-0677967a8583,39637,97887,98,245.15
2026/10/10 22:38:08.135,GPU-40b7c172-fb9d-63ea-58c7-0677967a8583,39637,97887,98,250.42
2026/10/10 22:38:08.664,GPU-40b7c172-fb9d-63ea-58c7-0677967a8583,39637,97887,98,256.41
2026/10/10 22:38:09.194,GPU-40b7c172-fb9d-63ea-58c7-0677967a8583,39637,97887,97,259.20
2026/10/10 22:38:09.723,GPU-40b7c172-fb9d-63ea-58c7-0677967a8583,39637,97887,97,259.14
2026/10/10 22:38:10.251,GPU-40b7c172-fb9d-63ea-58c7-0677967a8583,39637,97887,97,267.65
2026/10/10 22:38:10.781,GPU-40b7c172-fb9d-63ea-58c7-0677967a8583,39637,97887,100,266.69
2026/10/10 22:38:11.311,GPU-40b7c172-fb9d-63ea-58c7-0677967a8583,39637,97887,100,271.46
2026/10/10 22:38:11.849,GPU-40b7c172-fb9d-63ea-58c7-0677967a8583,39637,97887,100,262.86
2026/10/10 22:38:12.538,GPU-40b7c172-fb9d-63ea-58c7-0677967a8583,39637,97887,98,273.63
2026/10/10 22:38:13.392,GPU-40b7c172-fb9d-63ea-58c7-0677967a8583,39637,97887,97,253.74
2026/10/10 22:38:14.401,GPU-40b7c172-fb9d-63ea-58c7-0677967a8583,39637,97887,97,263.62
2026/10/10 22:38:15.144,GPU-40b7c172-fb9d-63ea-58c7-0677967a8583,39637,97887,97,262.31
2026/10/10 22:38:15.703,GPU-40b7c172-fb9d-63ea-58c7-0677967a8583,39637,97887,98,260.10
2026/10/10 22:38:16.231,GPU-40b7c172-fb9d-63ea-58c7-0677967a8583,39637,97887,99,268.89
2026/10/10 22:38:16.765,GPU-40b7c172-fb9d-63ea-58c7-0677967a8583,39637,97887,97,260.93
2026/10/10 22:38:17.331,GPU-40b7c172-fb9d-63ea-58c7-0677967a8583,39637,97887,97,258.39
2026/10/10 22:38:18.149,GPU-40b7c172-fb9d-63ea-58c7-0677967a8583,39637,97887,98,251.84
2026/10/10 22:38:19.192,GPU-40b7c172-fb9d-63ea-58c7-0677967a8583,39637,97887,98,262.71
2026/10/10 22:38:19.996,GPU-40b7c172-fb9d-63ea-58c7-0677967a8583,39637,97887,98,260.77
2026/10/10 22:38:20.632,GPU-40b7c172-fb9d-63ea-58c7-0677967a8583,39637,97887,97,261.57
2026/10/10 22:38:21.295,GPU-40b7c172-fb9d-63ea-58c7-0677967a8583,39637,97887,98,242.24
2026/10/10 22:38:21.940,GPU-40b7c172-fb9d-63ea-58c7-0677967a8583,39637,97887,97,254.76
2026/10/10 22:38:22.473,GPU-40b7c172-fb9d-63ea-58c7-0677967a8583,39637,97887,98,270.72
2026/10/10 22:38:23.005,GPU-40b7c172-fb9d-63ea-58c7-0677967a8583,39637,97887,100,263.48
2026/10/10 22:38:23.535,GPU-40b7c172-fb9d-63ea-58c7-0677967a8583,39637,97887,100,258.61
2026/10/10 22:38:24.064,GPU-40b7c172-fb9d-63ea-58c7-0677967a8583,39637,97887,100,250.40
2026/10/10 22:38:24.592,GPU-40b7c172-fb9d-63ea-58c7-0677967a8583,39637,97887,98,240.99
2026/10/10 22:38:25.122,GPU-40b7c172-fb9d-63ea-58c7-0677967a8583,39637,97887,97,240.35
2026/10/10 22:38:25.650,GPU-40b7c172-fb9d-63ea-58c7-0677967a8583,39637,97887,98,256.48
2026/10/10 22:38:26.179,GPU-40b7c172-fb9d-63ea-58c7-0677967a8583,39637,97887,97,261.12
2026/10/10 22:38:26.707,GPU-40b7c172-fb9d-63ea-58c7-0677967a8583,39637,97887,98,263.37
2026/10/10 22:38:27.238,GPU-40b7c172-fb9d-63ea-58c7-0677967a8583,39637,97887,98,271.26
2026/10/10 22:38:27.768,GPU-40b7c172-fb9d-63ea-58c7-0677967a8583,39637,97887,97,264.00
2026/10/10 22:38:28.296,GPU-40b7c172-fb9d-63ea-58c7-0677967a8583,39637,97887,97,242.62
2026/10/10 22:38:28.825,GPU-40b7c172-fb9d-63ea-58c7-0677967a8583,39637,97887,97,243.87
2026/10/10 22:38:29.359,GPU-40b7c172-fb9d-63ea-58c7-0677967a8583,39637,97887,97,256.58
2026/10/10 22:38:29.886,GPU-40b7c172-fb9d-63ea-58c7-0677967a8583,39637,97887,98,258.29
2026/10/10 22:38:30.414,GPU-40b7c172-fb9d-63ea-58c7-0677967a8583,39637,97887,97,265.36
2026/10/10 22:38:30.943,GPU-40b7c172-fb9d-63ea-58c7-0677967a8583,39637,97887,98,264.36
2026/10/10 22:38:31.471,GPU-40b7c172-fb9d-63ea-58c7-0677967a8583,39637,97887,99,262.48
2026/10/10 22:38:32.000,GPU-40b7c172-fb9d-63ea-58c7-0677967a8583,39637,97887,97,250.76
2026/10/10 22:38:32.528,GPU-40b7c172-fb9d-63ea-58c7-0677967a8583,39637,97887,98,245.51
2026/10/10 22:38:33.056,GPU-40b7c172-fb9d-63ea-58c7-0677967a8583,39637,97887,98,246.99
2026/10/10 22:38:33.583,GPU-40b7c172-fb9d-63ea-58c7-0677967a8583,39637,97887,98,248.75
2026/10/10 22:38:34.111,GPU-40b7c172-fb9d-63ea-58c7-0677967a8583,39637,97887,98,264.55
2026/10/10 22:38:34.641,GPU-40b7c172-fb9d-63ea-58c7-0677967a8583,39637,97887,98,271.29
2026/10/10 22:38:35.174,GPU-40b7c172-fb9d-63ea-58c7-0677967a8583,39637,97887,100,269.62
2026/10/10 22:38:35.701,GPU-40b7c172-fb9d-63ea-58c7-0677967a8583,39637,97887,99,255.44
2026/10/10 22:38:36.229,GPU-40b7c172-fb9d-63ea-58c7-0677967a8583,39637,97887,98,242.94
2026/10/10 22:38:36.757,GPU-40b7c172-fb9d-63ea-58c7-0677967a8583,39637,97887,98,252.04
2026/10/10 22:38:37.296,GPU-40b7c172-fb9d-63ea-58c7-0677967a8583,39637,97887,98,264.03
2026/10/10 22:38:37.827,GPU-40b7c172-fb9d-63ea-58c7-0677967a8583,39637,97887,98,266.30
2026/10/10 22:38:38.362,GPU-40b7c172-fb9d-63ea-58c7-0677967a8583,39637,97887,98,265.30
2026/10/10 22:38:38.895,GPU-40b7c172-fb9d-63ea-58c7-0677967a8583,39637,97887,98,263.81
2026/10/10 22:38:39.449,GPU-40b7c172-fb9d-63ea-58c7-0677967a8583,39637,97887,97,268.95
2026/10/10 22:38:39.989,GPU-40b7c172-fb9d-63ea-58c7-0677967a8583,39637,97887,98,249.08
2026/10/10 22:38:40.522,GPU-40b7c172-fb9d-63ea-58c7-0677967a8583,39637,97887,98,244.57
2026/10/10 22:38:41.053,GPU-40b7c172-fb9d-63ea-58c7-0677967a8583,39637,97887,98,232.70
2026/10/10 22:38:41.585,GPU-40b7c172-fb9d-63ea-58c7-0677967a8583,39637,97887,97,254.37
2026/10/10 22:38:42.115,GPU-40b7c172-fb9d-63ea-58c7-0677967a8583,39637,97887,98,263.09
2026/10/10 22:38:42.645,GPU-40b7c172-fb9d-63ea-58c7-0677967a8583,39637,97887,97,267.34
2026/10/10 22:38:43.177,GPU-40b7c172-fb9d-63ea-58c7-0677967a8583,39637,97887,100,266.08
2026/10/10 22:38:43.705,GPU-40b7c172-fb9d-63ea-58c7-0677967a8583,39637,97887,100,251.54
2026/10/10 22:38:44.234,GPU-40b7c172-fb9d-63ea-58c7-0677967a8583,39637,97887,98,235.08
2026/10/10 22:38:44.764,GPU-40b7c172-fb9d-63ea-58c7-0677967a8583,39637,97887,98,246.63
2026/10/10 22:38:45.295,GPU-40b7c172-fb9d-63ea-58c7-0677967a8583,39637,97887,97,258.90
2026/10/10 22:38:45.826,GPU-40b7c172-fb9d-63ea-58c7-0677967a8583,39637,97887,97,261.95
2026/10/10 22:38:46.356,GPU-40b7c172-fb9d-63ea-58c7-0677967a8583,39637,97887,98,260.90
2026/10/10 22:38:46.884,GPU-40b7c172-fb9d-63ea-58c7-0677967a8583,39637,97887,97,260.36
2026/10/10 22:38:47.413,GPU-40b7c172-fb9d-63ea-58c7-0677967a8583,39637,97887,98,256.14
2026/10/10 22:38:47.942,GPU-40b7c172-fb9d-63ea-58c7-0677967a8583,39637,97887,98,265.60
2026/10/10 22:38:48.472,GPU-40b7c172-fb9d-63ea-58c7-0677967a8583,39637,97887,98,246.62
2026/10/10 22:38:49.002,GPU-40b7c172-fb9d-63ea-58c7-0677967a8583,39637,97887,98,257.91
2026/10/10 22:38:49.533,GPU-40b7c172-fb9d-63ea-58c7-0677967a8583,39637,97887,98,263.66
2026/10/10 22:38:50.065,GPU-40b7c172-fb9d-63ea-58c7-0677967a8583,39637,97887,98,273.55
2026/10/10 22:38:50.596,GPU-40b7c172-fb9d-63ea-58c7-0677967a8583,39637,97887,100,278.81
2026/10/10 22:38:51.125,GPU-40b7c172-fb9d-63ea-58c7-0677967a8583,39637,97887,100,262.32
2026/10/10 22:38:51.658,GPU-40b7c172-fb9d-63ea-58c7-0677967a8583,39637,97887,100,256.79
2026/10/10 22:38:52.185,GPU-40b7c172-fb9d-63ea-58c7-0677967a8583,39637,97887,97,243.65
2026/10/10 22:38:52.716,GPU-40b7c172-fb9d-63ea-58c7-0677967a8583,39637,97887,98,256.92
2026/10/10 22:38:53.250,GPU-40b7c172-fb9d-63ea-58c7-0677967a8583,39637,97887,98,256.01
2026/10/10 22:38:53.785,GPU-40b7c172-fb9d-63ea-58c7-0677967a8583,39637,97887,98,260.03
2026/10/10 22:38:54.321,GPU-40b7c172-fb9d-63ea-58c7-0677967a8583,39637,97887,97,267.92
2026/10/10 22:38:54.850,GPU-40b7c172-fb9d-63ea-58c7-0677967a8583,39637,97887,97,265.12
2026/10/10 22:38:55.383,GPU-40b7c172-fb9d-63ea-58c7-0677967a8583,39637,97887,97,257.67
2026/10/10 22:38:55.920,GPU-40b7c172-fb9d-63ea-58c7-0677967a8583,39637,97887,97,243.16
2026/10/10 22:38:56.450,GPU-40b7c172-fb9d-63ea-58c7-0677967a8583,39637,97887,97,252.54
2026/10/10 22:38:56.984,GPU-40b7c172-fb9d-63ea-58c7-0677967a8583,39637,97887,97,248.43
2026/10/10 22:38:57.514,GPU-40b7c172-fb9d-63ea-58c7-0677967a8583,39637,97887,97,261.08
2026/10/10 22:38:58.046,GPU-40b7c172-fb9d-63ea-58c7-0677967a8583,39637,97887,97,272.70
2026/10/10 22:38:58.580,GPU-40b7c172-fb9d-63ea-58c7-0677967a8583,39637,97887,97,271.62
2026/10/10 22:38:59.108,GPU-40b7c172-fb9d-63ea-58c7-0677967a8583,39637,97887,100,261.05
2026/10/10 22:38:59.639,GPU-40b7c172-fb9d-63ea-58c7-0677967a8583,39637,97887,98,252.85
2026/10/10 22:39:00.169,GPU-40b7c172-fb9d-63ea-58c7-0677967a8583,39637,97887,98,247.89
2026/10/10 22:39:00.703,GPU-40b7c172-fb9d-63ea-58c7-0677967a8583,39637,97887,96,255.11
2026/10/10 22:39:01.237,GPU-40b7c172-fb9d-63ea-58c7-0677967a8583,39637,97887,97,262.97
2026/10/10 22:39:01.766,GPU-40b7c172-fb9d-63ea-58c7-0677967a8583,39637,97887,98,265.22
2026/10/10 22:39:02.293,GPU-40b7c172-fb9d-63ea-58c7-0677967a8583,39637,97887,98,266.50
2026/10/10 22:39:02.829,GPU-40b7c172-fb9d-63ea-58c7-0677967a8583,39637,97887,98,264.79
2026/10/10 22:39:03.371,GPU-40b7c172-fb9d-63ea-58c7-0677967a8583,39637,97887,97,253.63
2026/10/10 22:39:03.909,GPU-40b7c172-fb9d-63ea-58c7-0677967a8583,39637,97887,98,238.70
2026/10/10 22:39:04.759,GPU-40b7c172-fb9d-63ea-58c7-0677967a8583,39637,97887,97,265.02
2026/10/10 22:39:05.306,GPU-40b7c172-fb9d-63ea-58c7-0677967a8583,39637,97887,99,261.42
2026/10/10 22:39:06.125,GPU-40b7c172-fb9d-63ea-58c7-0677967a8583,39637,97887,98,252.25
2026/10/10 22:39:07.232,GPU-40b7c172-fb9d-63ea-58c7-0677967a8583,39637,97887,100,265.68
2026/10/10 22:39:07.817,GPU-40b7c172-fb9d-63ea-58c7-0677967a8583,39637,97887,98,265.89
2026/10/10 22:39:08.347,GPU-40b7c172-fb9d-63ea-58c7-0677967a8583,39637,97887,98,247.16
2026/10/10 22:39:08.876,GPU-40b7c172-fb9d-63ea-58c7-0677967a8583,39637,97887,98,242.19
2026/10/10 22:39:09.417,GPU-40b7c172-fb9d-63ea-58c7-0677967a8583,39637,97887,97,254.81
2026/10/10 22:39:09.959,GPU-40b7c172-fb9d-63ea-58c7-0677967a8583,39637,97887,97,264.96
2026/10/10 22:39:10.498,GPU-40b7c172-fb9d-63ea-58c7-0677967a8583,39637,97887,98,264.05
2026/10/10 22:39:11.027,GPU-40b7c172-fb9d-63ea-58c7-0677967a8583,39637,97887,100,270.03
2026/10/10 22:39:11.558,GPU-40b7c172-fb9d-63ea-58c7-0677967a8583,39637,97887,100,249.68
2026/10/10 22:39:12.094,GPU-40b7c172-fb9d-63ea-58c7-0677967a8583,39637,97887,100,260.08
2026/10/10 22:39:12.624,GPU-40b7c172-fb9d-63ea-58c7-0677967a8583,39637,97887,97,252.82
2026/10/10 22:39:13.157,GPU-40b7c172-fb9d-63ea-58c7-0677967a8583,39637,97887,98,238.20
2026/10/10 22:39:13.685,GPU-40b7c172-fb9d-63ea-58c7-0677967a8583,39637,97887,98,241.01
2026/10/10 22:39:14.213,GPU-40b7c172-fb9d-63ea-58c7-0677967a8583,39637,97887,98,244.31
2026/10/10 22:39:14.743,GPU-40b7c172-fb9d-63ea-58c7-0677967a8583,39637,97887,98,257.00
2026/10/10 22:39:15.272,GPU-40b7c172-fb9d-63ea-58c7-0677967a8583,39637,97887,98,263.92
2026/10/10 22:39:15.803,GPU-40b7c172-fb9d-63ea-58c7-0677967a8583,39637,97887,100,266.42
2026/10/10 22:39:16.334,GPU-40b7c172-fb9d-63ea-58c7-0677967a8583,39637,97887,100,258.52
2026/10/10 22:39:16.864,GPU-40b7c172-fb9d-63ea-58c7-0677967a8583,39637,97887,98,252.33
2026/10/10 22:39:17.394,GPU-40b7c172-fb9d-63ea-58c7-0677967a8583,39637,97887,98,247.68
2026/10/10 22:39:17.926,GPU-40b7c172-fb9d-63ea-58c7-0677967a8583,39637,97887,98,260.05
2026/10/10 22:39:18.455,GPU-40b7c172-fb9d-63ea-58c7-0677967a8583,39637,97887,98,268.30
2026/10/10 22:39:18.983,GPU-40b7c172-fb9d-63ea-58c7-0677967a8583,39637,97887,98,263.04
2026/10/10 22:39:19.512,GPU-40b7c172-fb9d-63ea-58c7-0677967a8583,39637,97887,98,270.40
2026/10/10 22:39:20.042,GPU-40b7c172-fb9d-63ea-58c7-0677967a8583,39637,97887,98,261.27
2026/10/10 22:39:20.571,GPU-40b7c172-fb9d-63ea-58c7-0677967a8583,39637,97887,98,254.03
2026/10/10 22:39:21.104,GPU-40b7c172-fb9d-63ea-58c7-0677967a8583,39637,97887,98,244.57
2026/10/10 22:39:21.633,GPU-40b7c172-fb9d-63ea-58c7-0677967a8583,39637,97887,97,255.25
2026/10/10 22:39:22.163,GPU-40b7c172-fb9d-63ea-58c7-0677967a8583,39637,97887,98,266.08
2026/10/10 22:39:22.693,GPU-40b7c172-fb9d-63ea-58c7-0677967a8583,39637,97887,98,265.12
2026/10/10 22:39:23.221,GPU-40b7c172-fb9d-63ea-58c7-0677967a8583,39637,97887,100,258.78
2026/10/10 22:39:23.753,GPU-40b7c172-fb9d-63ea-58c7-0677967a8583,39637,97887,100,249.44
2026/10/10 22:39:24.282,GPU-40b7c172-fb9d-63ea-58c7-0677967a8583,39637,97887,100,254.96
2026/10/10 22:39:24.812,GPU-40b7c172-fb9d-63ea-58c7-0677967a8583,39637,97887,98,242.79
2026/10/10 22:39:25.344,GPU-40b7c172-fb9d-63ea-58c7-0677967a8583,39637,97887,98,260.54
2026/10/10 22:39:25.882,GPU-40b7c172-fb9d-63ea-58c7-0677967a8583,39637,97887,97,253.28
2026/10/10 22:39:26.414,GPU-40b7c172-fb9d-63ea-58c7-0677967a8583,39637,97887,97,257.26
2026/10/10 22:39:26.945,GPU-40b7c172-fb9d-63ea-58c7-0677967a8583,39637,97887,97,265.42
2026/10/10 22:39:27.478,GPU-40b7c172-fb9d-63ea-58c7-0677967a8583,39637,97887,97,263.46
2026/10/10 22:39:28.008,GPU-40b7c172-fb9d-63ea-58c7-0677967a8583,39637,97887,97,257.60
2026/10/10 22:39:28.539,GPU-40b7c172-fb9d-63ea-58c7-0677967a8583,39637,97887,97,242.78
2026/10/10 22:39:29.068,GPU-40b7c172-fb9d-63ea-58c7-0677967a8583,39637,97887,97,256.94
2026/10/10 22:39:29.602,GPU-40b7c172-fb9d-63ea-58c7-0677967a8583,39637,97887,97,253.06
2026/10/10 22:39:30.133,GPU-40b7c172-fb9d-63ea-58c7-0677967a8583,39637,97887,97,261.76
2026/10/10 22:39:30.665,GPU-40b7c172-fb9d-63ea-58c7-0677967a8583,39637,97887,100,269.78
2026/10/10 22:39:31.199,GPU-40b7c172-fb9d-63ea-58c7-0677967a8583,39637,97887,100,271.50
2026/10/10 22:39:31.730,GPU-40b7c172-fb9d-63ea-58c7-0677967a8583,39637,97887,100,255.07
2026/10/10 22:39:32.276,GPU-40b7c172-fb9d-63ea-58c7-0677967a8583,39637,97887,98,247.33
2026/10/10 22:39:32.816,GPU-40b7c172-fb9d-63ea-58c7-0677967a8583,39637,97887,98,246.09
2026/10/10 22:39:33.353,GPU-40b7c172-fb9d-63ea-58c7-0677967a8583,39637,97887,98,250.24
2026/10/10 22:39:33.887,GPU-40b7c172-fb9d-63ea-58c7-0677967a8583,39637,97887,98,244.97
2026/10/10 22:39:34.427,GPU-40b7c172-fb9d-63ea-58c7-0677967a8583,39637,97887,98,256.92
2026/10/10 22:39:34.965,GPU-40b7c172-fb9d-63ea-58c7-0677967a8583,39637,97887,98,259.17
2026/10/10 22:39:35.501,GPU-40b7c172-fb9d-63ea-58c7-0677967a8583,39637,97887,97,264.38
2026/10/10 22:39:36.037,GPU-40b7c172-fb9d-63ea-58c7-0677967a8583,39637,97887,100,266.51
2026/10/10 22:39:36.574,GPU-40b7c172-fb9d-63ea-58c7-0677967a8583,39637,97887,98,246.06
2026/10/10 22:39:37.104,GPU-40b7c172-fb9d-63ea-58c7-0677967a8583,39637,97887,98,244.98
2026/10/10 22:39:37.638,GPU-40b7c172-fb9d-63ea-58c7-0677967a8583,39637,97887,98,238.24
2026/10/10 22:39:38.169,GPU-40b7c172-fb9d-63ea-58c7-0677967a8583,39637,97887,98,254.81
2026/10/10 22:39:38.697,GPU-40b7c172-fb9d-63ea-58c7-0677967a8583,39637,97887,98,262.77
2026/10/10 22:39:39.231,GPU-40b7c172-fb9d-63ea-58c7-0677967a8583,39637,97887,100,267.16
2026/10/10 22:39:39.761,GPU-40b7c172-fb9d-63ea-58c7-0677967a8583,39637,97887,100,255.42
2026/10/10 22:39:40.307,GPU-40b7c172-fb9d-63ea-58c7-0677967a8583,39637,97887,100,249.57
2026/10/10 22:39:40.840,GPU-40b7c172-fb9d-63ea-58c7-0677967a8583,39637,97887,98,238.59
2026/10/10 22:39:41.372,GPU-40b7c172-fb9d-63ea-58c7-0677967a8583,39637,97887,98,246.81
2026/10/10 22:39:41.909,GPU-40b7c172-fb9d-63ea-58c7-0677967a8583,39637,97887,98,248.15
2026/10/10 22:39:42.447,GPU-40b7c172-fb9d-63ea-58c7-0677967a8583,39637,97887,98,266.64
2026/10/10 22:39:42.981,GPU-40b7c172-fb9d-63ea-58c7-0677967a8583,39637,97887,97,271.40
2026/10/10 22:39:43.516,GPU-40b7c172-fb9d-63ea-58c7-0677967a8583,39637,97887,97,265.92
2026/10/10 22:39:44.202,GPU-40b7c172-fb9d-63ea-58c7-0677967a8583,39637,97887,97,258.41
2026/10/10 22:39:44.740,GPU-40b7c172-fb9d-63ea-58c7-0677967a8583,39637,97887,98,266.32
2026/10/10 22:39:45.671,GPU-40b7c172-fb9d-63ea-58c7-0677967a8583,39637,97887,98,263.06
2026/10/10 22:39:46.462,GPU-40b7c172-fb9d-63ea-58c7-0677967a8583,39637,97887,100,267.96
2026/10/10 22:39:47.023,GPU-40b7c172-fb9d-63ea-58c7-0677967a8583,39637,97887,97,261.99
2026/10/10 22:39:47.564,GPU-40b7c172-fb9d-63ea-58c7-0677967a8583,39637,97887,97,241.71
2026/10/10 22:39:48.100,GPU-40b7c172-fb9d-63ea-58c7-0677967a8583,39637,97887,97,247.16
2026/10/10 22:39:48.632,GPU-40b7c172-fb9d-63ea-58c7-0677967a8583,39637,97887,97,250.14
2026/10/10 22:39:49.167,GPU-40b7c172-fb9d-63ea-58c7-0677967a8583,39637,97887,97,250.28
2026/10/10 22:39:49.700,GPU-40b7c172-fb9d-63ea-58c7-0677967a8583,39637,97887,97,256.54
2026/10/10 22:39:50.234,GPU-40b7c172-fb9d-63ea-58c7-0677967a8583,39637,97887,97,261.17
2026/10/10 22:39:50.770,GPU-40b7c172-fb9d-63ea-58c7-0677967a8583,39637,97887,97,264.87
2026/10/10 22:39:51.303,GPU-40b7c172-fb9d-63ea-58c7-0677967a8583,39637,97887,97,258.08
2026/10/10 22:39:51.840,GPU-40b7c172-fb9d-63ea-58c7-0677967a8583,39637,97887,97,250.92
2026/10/10 22:39:52.378,GPU-40b7c172-fb9d-63ea-58c7-0677967a8583,39637,97887,97,243.02
2026/10/10 22:39:52.915,GPU-40b7c172-fb9d-63ea-58c7-0677967a8583,39637,97887,97,248.77
2026/10/10 22:39:53.452,GPU-40b7c172-fb9d-63ea-58c7-0677967a8583,39637,97887,97,260.48
2026/10/10 22:39:53.990,GPU-40b7c172-fb9d-63ea-58c7-0677967a8583,39637,97887,97,265.83
2026/10/10 22:39:54.527,GPU-40b7c172-fb9d-63ea-58c7-0677967a8583,39637,97887,97,262.71
2026/10/10 22:39:55.066,GPU-40b7c172-fb9d-63ea-58c7-0677967a8583,39637,97887,100,265.36
2026/10/10 22:39:55.604,GPU-40b7c172-fb9d-63ea-58c7-0677967a8583,39637,97887,100,263.30
2026/10/10 22:39:56.141,GPU-40b7c172-fb9d-63ea-58c7-0677967a8583,39637,97887,100,257.62
2026/10/10 22:39:56.676,GPU-40b7c172-fb9d-63ea-58c7-0677967a8583,39637,97887,98,244.83
2026/10/10 22:39:57.214,GPU-40b7c172-fb9d-63ea-58c7-0677967a8583,39637,97887,98,257.24
2026/10/10 22:39:57.754,GPU-40b7c172-fb9d-63ea-58c7-0677967a8583,39637,97887,98,248.18
2026/10/10 22:39:58.293,GPU-40b7c172-fb9d-63ea-58c7-0677967a8583,39637,97887,97,264.84
2026/10/10 22:39:58.832,GPU-40b7c172-fb9d-63ea-58c7-0677967a8583,39637,97887,97,264.19
2026/10/10 22:39:59.372,GPU-40b7c172-fb9d-63ea-58c7-0677967a8583,39637,97887,97,270.23
2026/10/10 22:39:59.919,GPU-40b7c172-fb9d-63ea-58c7-0677967a8583,39637,97887,97,258.75
2026/10/10 22:40:00.460,GPU-40b7c172-fb9d-63ea-58c7-0677967a8583,39637,97887,98,262.85
2026/10/10 22:40:01.000,GPU-40b7c172-fb9d-63ea-58c7-0677967a8583,39637,97887,97,267.15
2026/10/10 22:40:01.540,GPU-40b7c172-fb9d-63ea-58c7-0677967a8583,39637,97887,97,252.76
2026/10/10 22:40:02.078,GPU-40b7c172-fb9d-63ea-58c7-0677967a8583,39637,97887,97,243.81
2026/10/10 22:40:02.620,GPU-40b7c172-fb9d-63ea-58c7-0677967a8583,39637,97887,97,241.33
2026/10/10 22:40:03.160,GPU-40b7c172-fb9d-63ea-58c7-0677967a8583,39637,97887,96,238.68
2026/10/10 22:40:03.699,GPU-40b7c172-fb9d-63ea-58c7-0677967a8583,39637,97887,97,257.06
2026/10/10 22:40:04.242,GPU-40b7c172-fb9d-63ea-58c7-0677967a8583,39637,97887,97,260.35
2026/10/10 22:40:04.791,GPU-40b7c172-fb9d-63ea-58c7-0677967a8583,39637,97887,98,270.11
2026/10/10 22:40:05.333,GPU-40b7c172-fb9d-63ea-58c7-0677967a8583,39637,97887,97,269.00
2026/10/10 22:40:05.880,GPU-40b7c172-fb9d-63ea-58c7-0677967a8583,39637,97887,98,252.55
2026/10/10 22:40:06.420,GPU-40b7c172-fb9d-63ea-58c7-0677967a8583,39637,97887,97,255.59
2026/10/10 22:40:06.959,GPU-40b7c172-fb9d-63ea-58c7-0677967a8583,39637,97887,98,242.98
2026/10/10 22:40:07.495,GPU-40b7c172-fb9d-63ea-58c7-0677967a8583,39637,97887,98,258.85
2026/10/10 22:40:08.035,GPU-40b7c172-fb9d-63ea-58c7-0677967a8583,39637,97887,97,258.06
2026/10/10 22:40:08.572,GPU-40b7c172-fb9d-63ea-58c7-0677967a8583,39637,97887,97,258.62
2026/10/10 22:40:09.110,GPU-40b7c172-fb9d-63ea-58c7-0677967a8583,39637,97887,100,257.28
2026/10/10 22:40:09.646,GPU-40b7c172-fb9d-63ea-58c7-0677967a8583,39637,97887,100,257.57
2026/10/10 22:40:10.180,GPU-40b7c172-fb9d-63ea-58c7-0677967a8583,39637,97887,100,256.05
2026/10/10 22:40:10.724,GPU-40b7c172-fb9d-63ea-58c7-0677967a8583,39637,97887,99,250.83
2026/10/10 22:40:11.263,GPU-40b7c172-fb9d-63ea-58c7-0677967a8583,39637,97887,98,240.93
2026/10/10 22:40:11.802,GPU-40b7c172-fb9d-63ea-58c7-0677967a8583,39637,97887,98,258.22
2026/10/10 22:40:12.340,GPU-40b7c172-fb9d-63ea-58c7-0677967a8583,39637,97887,96,254.28
2026/10/10 22:40:12.874,GPU-40b7c172-fb9d-63ea-58c7-0677967a8583,39637,97887,97,260.55
2026/10/10 22:40:13.408,GPU-40b7c172-fb9d-63ea-58c7-0677967a8583,39637,97887,97,261.22
2026/10/10 22:40:13.946,GPU-40b7c172-fb9d-63ea-58c7-0677967a8583,39637,97887,97,272.40
2026/10/10 22:40:14.486,GPU-40b7c172-fb9d-63ea-58c7-0677967a8583,39637,97887,97,256.34
2026/10/10 22:40:15.028,GPU-40b7c172-fb9d-63ea-58c7-0677967a8583,39637,97887,97,256.14
2026/10/10 22:40:15.568,GPU-40b7c172-fb9d-63ea-58c7-0677967a8583,39637,97887,96,244.88
2026/10/10 22:40:16.106,GPU-40b7c172-fb9d-63ea-58c7-0677967a8583,39637,97887,97,260.10
2026/10/10 22:40:16.641,GPU-40b7c172-fb9d-63ea-58c7-0677967a8583,39637,97887,97,256.94
2026/10/10 22:40:17.183,GPU-40b7c172-fb9d-63ea-58c7-0677967a8583,39637,97887,97,257.47
2026/10/10 22:40:17.725,GPU-40b7c172-fb9d-63ea-58c7-0677967a8583,39637,97887,97,261.41
2026/10/10 22:40:18.265,GPU-40b7c172-fb9d-63ea-58c7-0677967a8583,39637,97887,97,270.49
2026/10/10 22:40:18.803,GPU-40b7c172-fb9d-63ea-58c7-0677967a8583,39637,97887,97,261.58
2026/10/10 22:40:19.343,GPU-40b7c172-fb9d-63ea-58c7-0677967a8583,39637,97887,97,268.41
2026/10/10 22:40:19.883,GPU-40b7c172-fb9d-63ea-58c7-0677967a8583,39637,97887,97,250.81
2026/10/10 22:40:20.427,GPU-40b7c172-fb9d-63ea-58c7-0677967a8583,39637,97887,97,246.74
2026/10/10 22:40:20.965,GPU-40b7c172-fb9d-63ea-58c7-0677967a8583,39637,97887,97,250.62
2026/10/10 22:40:21.508,GPU-40b7c172-fb9d-63ea-58c7-0677967a8583,39637,97887,97,260.39
2026/10/10 22:40:22.047,GPU-40b7c172-fb9d-63ea-58c7-0677967a8583,39637,97887,97,242.26
2026/10/10 22:40:22.585,GPU-40b7c172-fb9d-63ea-58c7-0677967a8583,39637,97887,97,266.12
2026/10/10 22:40:23.123,GPU-40b7c172-fb9d-63ea-58c7-0677967a8583,39637,97887,100,265.04
2026/10/10 22:40:24.008,GPU-40b7c172-fb9d-63ea-58c7-0677967a8583,39637,97887,100,254.08
2026/10/10 22:40:24.652,GPU-40b7c172-fb9d-63ea-58c7-0677967a8583,39637,97887,100,258.31
2026/10/10 22:40:25.591,GPU-40b7c172-fb9d-63ea-58c7-0677967a8583,39637,97887,97,233.63
2026/10/10 22:40:26.469,GPU-40b7c172-fb9d-63ea-58c7-0677967a8583,39637,97887,98,251.07
2026/10/10 22:40:27.040,GPU-40b7c172-fb9d-63ea-58c7-0677967a8583,39637,97887,97,259.89
2026/10/10 22:40:27.568,GPU-40b7c172-fb9d-63ea-58c7-0677967a8583,39637,97887,98,248.49
2026/10/10 22:40:28.098,GPU-40b7c172-fb9d-63ea-58c7-0677967a8583,39637,97887,97,248.76
2026/10/10 22:40:28.628,GPU-40b7c172-fb9d-63ea-58c7-0677967a8583,39637,97887,98,250.10
2026/10/10 22:40:29.155,GPU-40b7c172-fb9d-63ea-58c7-0677967a8583,39637,97887,97,256.24
2026/10/10 22:40:29.685,GPU-40b7c172-fb9d-63ea-58c7-0677967a8583,39637,97887,97,263.10
2026/10/10 22:40:30.220,GPU-40b7c172-fb9d-63ea-58c7-0677967a8583,39637,97887,97,261.89
2026/10/10 22:40:30.756,GPU-40b7c172-fb9d-63ea-58c7-0677967a8583,39637,97887,99,258.74
2026/10/10 22:40:31.289,GPU-40b7c172-fb9d-63ea-58c7-0677967a8583,39637,97887,98,247.72
2026/10/10 22:40:31.824,GPU-40b7c172-fb9d-63ea-58c7-0677967a8583,39637,97887,97,250.10
2026/10/10 22:40:32.359,GPU-40b7c172-fb9d-63ea-58c7-0677967a8583,39637,97887,97,249.89
2026/10/10 22:40:32.889,GPU-40b7c172-fb9d-63ea-58c7-0677967a8583,39637,97887,96,254.44
2026/10/10 22:40:33.419,GPU-40b7c172-fb9d-63ea-58c7-0677967a8583,39637,97887,98,261.50
2026/10/10 22:40:33.949,GPU-40b7c172-fb9d-63ea-58c7-0677967a8583,39637,97887,97,260.89
2026/10/10 22:40:34.480,GPU-40b7c172-fb9d-63ea-58c7-0677967a8583,39637,97887,100,262.38
2026/10/10 22:40:35.009,GPU-40b7c172-fb9d-63ea-58c7-0677967a8583,39637,97887,100,256.51
2026/10/10 22:40:35.539,GPU-40b7c172-fb9d-63ea-58c7-0677967a8583,39637,97887,98,242.21
2026/10/10 22:40:36.071,GPU-40b7c172-fb9d-63ea-58c7-0677967a8583,39637,97887,98,245.04
2026/10/10 22:40:36.604,GPU-40b7c172-fb9d-63ea-58c7-0677967a8583,39637,97887,98,260.50
2026/10/10 22:40:37.134,GPU-40b7c172-fb9d-63ea-58c7-0677967a8583,39637,97887,97,260.10
2026/10/10 22:40:37.667,GPU-40b7c172-fb9d-63ea-58c7-0677967a8583,39637,97887,97,264.08
2026/10/10 22:40:38.201,GPU-40b7c172-fb9d-63ea-58c7-0677967a8583,39637,97887,98,268.08
2026/10/10 22:40:38.732,GPU-40b7c172-fb9d-63ea-58c7-0677967a8583,39637,97887,98,252.20
2026/10/10 22:40:39.266,GPU-40b7c172-fb9d-63ea-58c7-0677967a8583,39637,97887,98,263.83
2026/10/10 22:40:39.796,GPU-40b7c172-fb9d-63ea-58c7-0677967a8583,39637,97887,98,246.00
2026/10/10 22:40:40.329,GPU-40b7c172-fb9d-63ea-58c7-0677967a8583,39637,97887,97,257.79
2026/10/10 22:40:40.861,GPU-40b7c172-fb9d-63ea-58c7-0677967a8583,39637,97887,96,259.20
2026/10/10 22:40:41.390,GPU-40b7c172-fb9d-63ea-58c7-0677967a8583,39637,97887,97,263.87
2026/10/10 22:40:41.926,GPU-40b7c172-fb9d-63ea-58c7-0677967a8583,39637,97887,97,269.91
2026/10/10 22:40:42.461,GPU-40b7c172-fb9d-63ea-58c7-0677967a8583,39637,97887,98,269.32
2026/10/10 22:40:42.991,GPU-40b7c172-fb9d-63ea-58c7-0677967a8583,39637,97887,100,269.77
2026/10/10 22:40:43.526,GPU-40b7c172-fb9d-63ea-58c7-0677967a8583,39637,97887,98,248.36
2026/10/10 22:40:44.057,GPU-40b7c172-fb9d-63ea-58c7-0677967a8583,39637,97887,97,250.94
2026/10/10 22:40:44.588,GPU-40b7c172-fb9d-63ea-58c7-0677967a8583,39637,97887,98,255.29
2026/10/10 22:40:45.121,GPU-40b7c172-fb9d-63ea-58c7-0677967a8583,39637,97887,97,253.77
2026/10/10 22:40:45.652,GPU-40b7c172-fb9d-63ea-58c7-0677967a8583,39637,97887,97,261.54
2026/10/10 22:40:46.182,GPU-40b7c172-fb9d-63ea-58c7-0677967a8583,39637,97887,97,261.68
2026/10/10 22:40:46.712,GPU-40b7c172-fb9d-63ea-58c7-0677967a8583,39637,97887,98,267.41
2026/10/10 22:40:47.243,GPU-40b7c172-fb9d-63ea-58c7-0677967a8583,39637,97887,100,278.40
2026/10/10 22:40:47.772,GPU-40b7c172-fb9d-63ea-58c7-0677967a8583,39637,97887,100,264.69
2026/10/10 22:40:48.301,GPU-40b7c172-fb9d-63ea-58c7-0677967a8583,39637,97887,98,240.71
2026/10/10 22:40:48.835,GPU-40b7c172-fb9d-63ea-58c7-0677967a8583,39637,97887,98,247.79
2026/10/10 22:40:49.367,GPU-40b7c172-fb9d-63ea-58c7-0677967a8583,39637,97887,98,249.80
2026/10/10 22:40:49.900,GPU-40b7c172-fb9d-63ea-58c7-0677967a8583,39637,97887,97,264.70
2026/10/10 22:40:50.439,GPU-40b7c172-fb9d-63ea-58c7-0677967a8583,39637,97887,97,268.18
2026/10/10 22:40:50.966,GPU-40b7c172-fb9d-63ea-58c7-0677967a8583,39637,97887,97,262.29
2026/10/10 22:40:51.498,GPU-40b7c172-fb9d-63ea-58c7-0677967a8583,39637,97887,97,256.22
2026/10/10 22:40:52.033,GPU-40b7c172-fb9d-63ea-58c7-0677967a8583,39637,97887,97,248.61
2026/10/10 22:40:52.572,GPU-40b7c172-fb9d-63ea-58c7-0677967a8583,39637,97887,97,246.82
2026/10/10 22:40:53.102,GPU-40b7c172-fb9d-63ea-58c7-0677967a8583,39637,97887,98,249.52
2026/10/10 22:40:53.632,GPU-40b7c172-fb9d-63ea-58c7-0677967a8583,39637,97887,97,256.08
2026/10/10 22:40:54.160,GPU-40b7c172-fb9d-63ea-58c7-0677967a8583,39637,97887,97,262.69
2026/10/10 22:40:54.692,GPU-40b7c172-fb9d-63ea-58c7-0677967a8583,39637,97887,97,267.47
2026/10/10 22:40:55.224,GPU-40b7c172-fb9d-63ea-58c7-0677967a8583,39637,97887,98,266.65
2026/10/10 22:40:55.754,GPU-40b7c172-fb9d-63ea-58c7-0677967a8583,39637,97887,97,277.78
2026/10/10 22:40:56.297,GPU-40b7c172-fb9d-63ea-58c7-0677967a8583,39637,97887,99,276.53
2026/10/10 22:40:56.828,GPU-40b7c172-fb9d-63ea-58c7-0677967a8583,39637,97887,98,280.12
2026/10/10 22:40:57.357,GPU-40b7c172-fb9d-63ea-58c7-0677967a8583,39637,97887,99,270.06
2026/10/10 22:40:57.888,GPU-40b7c172-fb9d-63ea-58c7-0677967a8583,39637,97887,99,273.81
2026/10/10 22:40:58.420,GPU-40b7c172-fb9d-63ea-58c7-0677967a8583,39637,97887,98,277.42
2026/10/10 22:40:58.949,GPU-40b7c172-fb9d-63ea-58c7-0677967a8583,39637,97887,98,275.40
2026/10/10 22:40:59.478,GPU-40b7c172-fb9d-63ea-58c7-0677967a8583,39637,97887,97,273.89
2026/10/10 22:41:00.008,GPU-40b7c172-fb9d-63ea-58c7-0677967a8583,39637,97887,98,278.27
2026/10/10 22:41:00.540,GPU-40b7c172-fb9d-63ea-58c7-0677967a8583,39637,97887,98,280.19
2026/10/10 22:41:01.072,GPU-40b7c172-fb9d-63ea-58c7-0677967a8583,39637,97887,99,269.41
2026/10/10 22:41:01.603,GPU-40b7c172-fb9d-63ea-58c7-0677967a8583,39637,97887,99,256.64
2026/10/10 22:41:02.133,GPU-40b7c172-fb9d-63ea-58c7-0677967a8583,39637,97887,98,249.21
2026/10/10 22:41:02.661,GPU-40b7c172-fb9d-63ea-58c7-0677967a8583,39637,97887,99,254.78
2026/10/10 22:41:03.190,GPU-40b7c172-fb9d-63ea-58c7-0677967a8583,39637,97887,99,248.89
2026/10/10 22:41:03.721,GPU-40b7c172-fb9d-63ea-58c7-0677967a8583,39637,97887,99,249.73
2026/10/10 22:41:04.423,GPU-40b7c172-fb9d-63ea-58c7-0677967a8583,39637,97887,99,251.10
2026/10/10 22:41:04.960,GPU-40b7c172-fb9d-63ea-58c7-0677967a8583,39637,97887,99,238.34
2026/10/10 22:41:05.892,GPU-40b7c172-fb9d-63ea-58c7-0677967a8583,39637,97887,99,242.22
2026/10/10 22:41:06.658,GPU-40b7c172-fb9d-63ea-58c7-0677967a8583,39637,97887,99,248.44
2026/10/10 22:41:07.198,GPU-40b7c172-fb9d-63ea-58c7-0677967a8583,39637,97887,98,245.93
2026/10/10 22:41:07.741,GPU-40b7c172-fb9d-63ea-58c7-0677967a8583,39637,97887,99,236.18
2026/10/10 22:41:08.288,GPU-40b7c172-fb9d-63ea-58c7-0677967a8583,39637,97887,99,267.92
2026/10/10 22:41:08.829,GPU-40b7c172-fb9d-63ea-58c7-0677967a8583,39637,97887,99,238.77
2026/10/10 22:41:09.380,GPU-40b7c172-fb9d-63ea-58c7-0677967a8583,39637,97887,99,229.92
2026/10/10 22:41:09.917,GPU-40b7c172-fb9d-63ea-58c7-0677967a8583,39637,97887,98,282.36
2026/10/10 22:41:10.448,GPU-40b7c172-fb9d-63ea-58c7-0677967a8583,39637,97887,99,277.82
2026/10/10 22:41:10.996,GPU-40b7c172-fb9d-63ea-58c7-0677967a8583,39637,97887,99,230.55
2026/10/10 22:41:11.526,GPU-40b7c172-fb9d-63ea-58c7-0677967a8583,39637,97887,99,211.31
2026/10/10 22:41:12.059,GPU-40b7c172-fb9d-63ea-58c7-0677967a8583,39637,97887,99,239.45
2026/10/10 22:41:12.591,GPU-40b7c172-fb9d-63ea-58c7-0677967a8583,39637,97887,99,297.20
2026/10/10 22:41:13.124,GPU-40b7c172-fb9d-63ea-58c7-0677967a8583,39637,97887,99,296.83
2026/10/10 22:41:13.654,GPU-40b7c172-fb9d-63ea-58c7-0677967a8583,39637,97887,99,248.92
2026/10/10 22:41:14.185,GPU-40b7c172-fb9d-63ea-58c7-0677967a8583,39637,97887,99,216.16
2026/10/10 22:41:14.716,GPU-40b7c172-fb9d-63ea-58c7-0677967a8583,39637,97887,99,198.52
2026/10/10 22:41:15.246,GPU-40b7c172-fb9d-63ea-58c7-0677967a8583,39637,97887,99,193.43
2026/10/10 22:41:15.781,GPU-40b7c172-fb9d-63ea-58c7-0677967a8583,39637,97887,99,199.23
2026/10/10 22:41:16.312,GPU-40b7c172-fb9d-63ea-58c7-0677967a8583,39637,97887,99,203.82
2026/10/10 22:41:16.843,GPU-40b7c172-fb9d-63ea-58c7-0677967a8583,39637,97887,99,202.28
2026/10/10 22:41:17.372,GPU-40b7c172-fb9d-63ea-58c7-0677967a8583,39637,97887,99,196.43
2026/10/10 22:41:17.904,GPU-40b7c172-fb9d-63ea-58c7-0677967a8583,39637,97887,99,198.87
2026/10/10 22:41:18.434,GPU-40b7c172-fb9d-63ea-58c7-0677967a8583,39637,97887,99,208.56
2026/10/10 22:41:18.965,GPU-40b7c172-fb9d-63ea-58c7-0677967a8583,39637,97887,99,226.75
2026/10/10 22:41:19.497,GPU-40b7c172-fb9d-63ea-58c7-0677967a8583,39637,97887,99,271.23
2026/10/10 22:41:20.034,GPU-40b7c172-fb9d-63ea-58c7-0677967a8583,39637,97887,98,303.53
2026/10/10 22:41:20.566,GPU-40b7c172-fb9d-63ea-58c7-0677967a8583,39637,97887,99,301.92
2026/10/10 22:41:21.100,GPU-40b7c172-fb9d-63ea-58c7-0677967a8583,39637,97887,98,255.46
2026/10/10 22:41:21.633,GPU-40b7c172-fb9d-63ea-58c7-0677967a8583,39637,97887,99,217.68
2026/10/10 22:41:22.163,GPU-40b7c172-fb9d-63ea-58c7-0677967a8583,39637,97887,99,208.04
2026/10/10 22:41:22.695,GPU-40b7c172-fb9d-63ea-58c7-0677967a8583,39637,97887,99,257.87
2026/10/10 22:41:23.228,GPU-40b7c172-fb9d-63ea-58c7-0677967a8583,39637,97887,99,289.63
2026/10/10 22:41:23.765,GPU-40b7c172-fb9d-63ea-58c7-0677967a8583,39637,97887,99,271.77
2026/10/10 22:41:24.299,GPU-40b7c172-fb9d-63ea-58c7-0677967a8583,39637,97887,99,221.61
2026/10/10 22:41:24.831,GPU-40b7c172-fb9d-63ea-58c7-0677967a8583,39637,97887,99,250.57
2026/10/10 22:41:25.374,GPU-40b7c172-fb9d-63ea-58c7-0677967a8583,39637,97887,98,280.50
2026/10/10 22:41:25.909,GPU-40b7c172-fb9d-63ea-58c7-0677967a8583,39637,97887,99,229.01
2026/10/10 22:41:26.448,GPU-40b7c172-fb9d-63ea-58c7-0677967a8583,39637,97887,99,232.79
2026/10/10 22:41:26.984,GPU-40b7c172-fb9d-63ea-58c7-0677967a8583,39637,97887,99,279.19
2026/10/10 22:41:27.525,GPU-40b7c172-fb9d-63ea-58c7-0677967a8583,39637,97887,99,250.50
2026/10/10 22:41:28.060,GPU-40b7c172-fb9d-63ea-58c7-0677967a8583,39637,97887,99,219.27
2026/10/10 22:41:28.595,GPU-40b7c172-fb9d-63ea-58c7-0677967a8583,39637,97887,98,277.96
2026/10/10 22:41:29.142,GPU-40b7c172-fb9d-63ea-58c7-0677967a8583,39637,97887,99,253.84
2026/10/10 22:41:29.681,GPU-40b7c172-fb9d-63ea-58c7-0677967a8583,39637,97887,100,240.09
2026/10/10 22:41:30.223,GPU-40b7c172-fb9d-63ea-58c7-0677967a8583,39637,97887,99,281.46
2026/10/10 22:41:30.760,GPU-40b7c172-fb9d-63ea-58c7-0677967a8583,39637,97887,99,239.02
2026/10/10 22:41:31.298,GPU-40b7c172-fb9d-63ea-58c7-0677967a8583,39637,97887,99,259.05
2026/10/10 22:41:31.832,GPU-40b7c172-fb9d-63ea-58c7-0677967a8583,39637,97887,99,257.22
2026/10/10 22:41:32.364,GPU-40b7c172-fb9d-63ea-58c7-0677967a8583,39637,97887,99,250.83
2026/10/10 22:41:32.896,GPU-40b7c172-fb9d-63ea-58c7-0677967a8583,39637,97887,99,251.83
2026/10/10 22:41:33.431,GPU-40b7c172-fb9d-63ea-58c7-0677967a8583,39637,97887,99,252.69
2026/10/10 22:41:33.967,GPU-40b7c172-fb9d-63ea-58c7-0677967a8583,39637,97887,99,252.42
2026/10/10 22:41:34.505,GPU-40b7c172-fb9d-63ea-58c7-0677967a8583,39637,97887,99,252.00
2026/10/10 22:41:35.041,GPU-40b7c172-fb9d-63ea-58c7-0677967a8583,39637,97887,99,255.15
2026/10/10 22:41:35.574,GPU-40b7c172-fb9d-63ea-58c7-0677967a8583,39637,97887,99,258.93
2026/10/10 22:41:36.110,GPU-40b7c172-fb9d-63ea-58c7-0677967a8583,39637,97887,99,257.07
2026/10/10 22:41:36.645,GPU-40b7c172-fb9d-63ea-58c7-0677967a8583,39637,97887,99,256.92
2026/10/10 22:41:37.181,GPU-40b7c172-fb9d-63ea-58c7-0677967a8583,39637,97887,99,253.63
2026/10/10 22:41:37.715,GPU-40b7c172-fb9d-63ea-58c7-0677967a8583,39637,97887,99,249.22
2026/10/10 22:41:38.249,GPU-40b7c172-fb9d-63ea-58c7-0677967a8583,39637,97887,100,266.00
2026/10/10 22:41:38.784,GPU-40b7c172-fb9d-63ea-58c7-0677967a8583,39637,97887,99,248.10
2026/10/10 22:41:39.321,GPU-40b7c172-fb9d-63ea-58c7-0677967a8583,39637,97887,100,261.36
2026/10/10 22:41:39.874,GPU-40b7c172-fb9d-63ea-58c7-0677967a8583,39637,97887,99,248.64
2026/10/10 22:41:40.408,GPU-40b7c172-fb9d-63ea-58c7-0677967a8583,39637,97887,99,245.05
2026/10/10 22:41:40.971,GPU-40b7c172-fb9d-63ea-58c7-0677967a8583,39637,97887,99,261.41
2026/10/10 22:41:41.500,GPU-40b7c172-fb9d-63ea-58c7-0677967a8583,39637,97887,99,246.00
2026/10/10 22:41:42.029,GPU-40b7c172-fb9d-63ea-58c7-0677967a8583,39637,97887,99,250.91
2026/10/10 22:41:42.557,GPU-40b7c172-fb9d-63ea-58c7-0677967a8583,39637,97887,99,259.72
2026/10/10 22:41:43.086,GPU-40b7c172-fb9d-63ea-58c7-0677967a8583,39637,97887,99,245.03
2026/10/10 22:41:43.615,GPU-40b7c172-fb9d-63ea-58c7-0677967a8583,39637,97887,99,256.68
2026/10/10 22:41:44.333,GPU-40b7c172-fb9d-63ea-58c7-0677967a8583,39637,97887,100,267.64
2026/10/10 22:41:44.907,GPU-40b7c172-fb9d-63ea-58c7-0677967a8583,39637,97887,99,260.57
2026/10/10 22:41:45.860,GPU-40b7c172-fb9d-63ea-58c7-0677967a8583,39637,97887,100,266.99
2026/10/10 22:41:46.600,GPU-40b7c172-fb9d-63ea-58c7-0677967a8583,39637,97887,100,264.95
2026/10/10 22:41:47.211,GPU-40b7c172-fb9d-63ea-58c7-0677967a8583,39637,97887,99,265.72
2026/10/10 22:41:47.744,GPU-40b7c172-fb9d-63ea-58c7-0677967a8583,39637,97887,99,248.01
2026/10/10 22:41:48.275,GPU-40b7c172-fb9d-63ea-58c7-0677967a8583,39637,97887,99,259.19
2026/10/10 22:41:48.807,GPU-40b7c172-fb9d-63ea-58c7-0677967a8583,39637,97887,99,256.04
2026/10/10 22:41:49.336,GPU-40b7c172-fb9d-63ea-58c7-0677967a8583,39637,97887,99,245.55
2026/10/10 22:41:49.866,GPU-40b7c172-fb9d-63ea-58c7-0677967a8583,39637,97887,99,243.41
2026/10/10 22:41:50.394,GPU-40b7c172-fb9d-63ea-58c7-0677967a8583,39637,97887,99,266.64
2026/10/10 22:41:50.926,GPU-40b7c172-fb9d-63ea-58c7-0677967a8583,39637,97887,99,263.24
2026/10/10 22:41:51.455,GPU-40b7c172-fb9d-63ea-58c7-0677967a8583,39637,97887,99,241.69
2026/10/10 22:41:51.986,GPU-40b7c172-fb9d-63ea-58c7-0677967a8583,39637,97887,99,250.67
2026/10/10 22:41:52.517,GPU-40b7c172-fb9d-63ea-58c7-0677967a8583,39637,97887,98,266.63
2026/10/10 22:41:53.048,GPU-40b7c172-fb9d-63ea-58c7-0677967a8583,39637,97887,98,269.74
2026/10/10 22:41:53.579,GPU-40b7c172-fb9d-63ea-58c7-0677967a8583,39637,97887,98,259.29
2026/10/10 22:41:54.113,GPU-40b7c172-fb9d-63ea-58c7-0677967a8583,39637,97887,97,256.69
2026/10/10 22:41:54.651,GPU-40b7c172-fb9d-63ea-58c7-0677967a8583,39637,97887,98,247.47
2026/10/10 22:41:55.188,GPU-40b7c172-fb9d-63ea-58c7-0677967a8583,39637,97887,97,257.96
2026/10/10 22:41:55.724,GPU-40b7c172-fb9d-63ea-58c7-0677967a8583,39637,97887,97,262.19
2026/10/10 22:41:56.257,GPU-40b7c172-fb9d-63ea-58c7-0677967a8583,39637,97887,98,272.22
2026/10/10 22:41:56.792,GPU-40b7c172-fb9d-63ea-58c7-0677967a8583,39637,97887,100,271.34
2026/10/10 22:41:57.326,GPU-40b7c172-fb9d-63ea-58c7-0677967a8583,39637,97887,100,263.28
2026/10/10 22:41:57.862,GPU-40b7c172-fb9d-63ea-58c7-0677967a8583,39637,97887,100,260.56
2026/10/10 22:41:58.394,GPU-40b7c172-fb9d-63ea-58c7-0677967a8583,39637,97887,98,250.59
2026/10/10 22:41:58.927,GPU-40b7c172-fb9d-63ea-58c7-0677967a8583,39637,97887,98,242.62
2026/10/10 22:41:59.459,GPU-40b7c172-fb9d-63ea-58c7-0677967a8583,39637,97887,98,254.10
2026/10/10 22:41:59.991,GPU-40b7c172-fb9d-63ea-58c7-0677967a8583,39637,97887,97,271.08
2026/10/10 22:42:00.530,GPU-40b7c172-fb9d-63ea-58c7-0677967a8583,39637,97887,97,269.81
2026/10/10 22:42:01.064,GPU-40b7c172-fb9d-63ea-58c7-0677967a8583,39637,97887,98,258.33
2026/10/10 22:42:01.594,GPU-40b7c172-fb9d-63ea-58c7-0677967a8583,39637,97887,97,249.42
2026/10/10 22:42:02.128,GPU-40b7c172-fb9d-63ea-58c7-0677967a8583,39637,97887,97,261.54
2026/10/10 22:42:02.662,GPU-40b7c172-fb9d-63ea-58c7-0677967a8583,39637,97887,97,249.53
2026/10/10 22:42:03.196,GPU-40b7c172-fb9d-63ea-58c7-0677967a8583,39637,97887,98,243.14
2026/10/10 22:42:03.733,GPU-40b7c172-fb9d-63ea-58c7-0677967a8583,39637,97887,98,249.74
2026/10/10 22:42:04.271,GPU-40b7c172-fb9d-63ea-58c7-0677967a8583,39637,97887,98,270.37
2026/10/10 22:42:04.808,GPU-40b7c172-fb9d-63ea-58c7-0677967a8583,39637,97887,98,271.64
2026/10/10 22:42:05.346,GPU-40b7c172-fb9d-63ea-58c7-0677967a8583,39637,97887,100,262.49
2026/10/10 22:42:05.881,GPU-40b7c172-fb9d-63ea-58c7-0677967a8583,39637,97887,100,257.34
2026/10/10 22:42:06.415,GPU-40b7c172-fb9d-63ea-58c7-0677967a8583,39637,97887,98,242.51
2026/10/10 22:42:06.950,GPU-40b7c172-fb9d-63ea-58c7-0677967a8583,39637,97887,98,236.89
2026/10/10 22:42:07.486,GPU-40b7c172-fb9d-63ea-58c7-0677967a8583,39637,97887,98,253.66
2026/10/10 22:42:08.021,GPU-40b7c172-fb9d-63ea-58c7-0677967a8583,39637,97887,98,262.71
2026/10/10 22:42:08.555,GPU-40b7c172-fb9d-63ea-58c7-0677967a8583,39637,97887,98,256.67
2026/10/10 22:42:09.094,GPU-40b7c172-fb9d-63ea-58c7-0677967a8583,39637,97887,98,269.12
2026/10/10 22:42:09.630,GPU-40b7c172-fb9d-63ea-58c7-0677967a8583,39637,97887,98,275.98
2026/10/10 22:42:10.173,GPU-40b7c172-fb9d-63ea-58c7-0677967a8583,39637,97887,98,258.09
2026/10/10 22:42:10.714,GPU-40b7c172-fb9d-63ea-58c7-0677967a8583,39637,97887,97,242.37
2026/10/10 22:42:11.251,GPU-40b7c172-fb9d-63ea-58c7-0677967a8583,39637,97887,98,242.67
2026/10/10 22:42:11.794,GPU-40b7c172-fb9d-63ea-58c7-0677967a8583,39637,97887,97,254.30
2026/10/10 22:42:12.331,GPU-40b7c172-fb9d-63ea-58c7-0677967a8583,39637,97887,98,244.52
2026/10/10 22:42:12.869,GPU-40b7c172-fb9d-63ea-58c7-0677967a8583,39637,97887,97,258.94
2026/10/10 22:42:13.410,GPU-40b7c172-fb9d-63ea-58c7-0677967a8583,39637,97887,100,267.43
2026/10/10 22:42:13.947,GPU-40b7c172-fb9d-63ea-58c7-0677967a8583,39637,97887,100,262.07
2026/10/10 22:42:14.486,GPU-40b7c172-fb9d-63ea-58c7-0677967a8583,39637,97887,100,259.93
2026/10/10 22:42:15.023,GPU-40b7c172-fb9d-63ea-58c7-0677967a8583,39637,97887,98,251.16
2026/10/10 22:42:15.562,GPU-40b7c172-fb9d-63ea-58c7-0677967a8583,39637,97887,96,247.14
2026/10/10 22:42:16.101,GPU-40b7c172-fb9d-63ea-58c7-0677967a8583,39637,97887,98,249.18
2026/10/10 22:42:16.638,GPU-40b7c172-fb9d-63ea-58c7-0677967a8583,39637,97887,98,259.74
2026/10/10 22:42:17.171,GPU-40b7c172-fb9d-63ea-58c7-0677967a8583,39637,97887,97,267.45
2026/10/10 22:42:17.704,GPU-40b7c172-fb9d-63ea-58c7-0677967a8583,39637,97887,97,272.55
2026/10/10 22:42:18.239,GPU-40b7c172-fb9d-63ea-58c7-0677967a8583,39637,97887,97,265.39
2026/10/10 22:42:18.767,GPU-40b7c172-fb9d-63ea-58c7-0677967a8583,39637,97887,97,255.13
2026/10/10 22:42:19.299,GPU-40b7c172-fb9d-63ea-58c7-0677967a8583,39637,97887,97,236.92
2026/10/10 22:42:19.831,GPU-40b7c172-fb9d-63ea-58c7-0677967a8583,39637,97887,97,245.66
2026/10/10 22:42:20.360,GPU-40b7c172-fb9d-63ea-58c7-0677967a8583,39637,97887,98,246.91
2026/10/10 22:42:20.890,GPU-40b7c172-fb9d-63ea-58c7-0677967a8583,39637,97887,98,262.15
2026/10/10 22:42:21.422,GPU-40b7c172-fb9d-63ea-58c7-0677967a8583,39637,97887,100,265.69
2026/10/10 22:42:21.954,GPU-40b7c172-fb9d-63ea-58c7-0677967a8583,39637,97887,100,272.68
2026/10/10 22:42:22.484,GPU-40b7c172-fb9d-63ea-58c7-0677967a8583,39637,97887,97,251.02
2026/10/10 22:42:23.015,GPU-40b7c172-fb9d-63ea-58c7-0677967a8583,39637,97887,98,252.64
2026/10/10 22:42:23.543,GPU-40b7c172-fb9d-63ea-58c7-0677967a8583,39637,97887,98,244.91
2026/10/10 22:42:24.074,GPU-40b7c172-fb9d-63ea-58c7-0677967a8583,39637,97887,98,259.41
2026/10/10 22:42:24.930,GPU-40b7c172-fb9d-63ea-58c7-0677967a8583,39637,97887,98,244.27
2026/10/10 22:42:25.562,GPU-40b7c172-fb9d-63ea-58c7-0677967a8583,39637,97887,98,248.49
2026/10/10 22:42:26.365,GPU-40b7c172-fb9d-63ea-58c7-0677967a8583,39637,97887,100,262.83
2026/10/10 22:42:27.277,GPU-40b7c172-fb9d-63ea-58c7-0677967a8583,39637,97887,98,252.61
2026/10/10 22:42:27.897,GPU-40b7c172-fb9d-63ea-58c7-0677967a8583,39637,97887,98,248.75
2026/10/10 22:42:28.427,GPU-40b7c172-fb9d-63ea-58c7-0677967a8583,39637,97887,98,263.88
2026/10/10 22:42:28.957,GPU-40b7c172-fb9d-63ea-58c7-0677967a8583,39637,97887,98,266.58
2026/10/10 22:42:29.485,GPU-40b7c172-fb9d-63ea-58c7-0677967a8583,39637,97887,97,265.89
2026/10/10 22:42:30.015,GPU-40b7c172-fb9d-63ea-58c7-0677967a8583,39637,97887,98,253.94
2026/10/10 22:42:30.548,GPU-40b7c172-fb9d-63ea-58c7-0677967a8583,39637,97887,97,247.78
2026/10/10 22:42:31.080,GPU-40b7c172-fb9d-63ea-58c7-0677967a8583,39637,97887,98,246.31
2026/10/10 22:42:31.614,GPU-40b7c172-fb9d-63ea-58c7-0677967a8583,39637,97887,98,256.36
2026/10/10 22:42:32.141,GPU-40b7c172-fb9d-63ea-58c7-0677967a8583,39637,97887,97,265.01
2026/10/10 22:42:32.669,GPU-40b7c172-fb9d-63ea-58c7-0677967a8583,39637,97887,98,268.98
2026/10/10 22:42:33.200,GPU-40b7c172-fb9d-63ea-58c7-0677967a8583,39637,97887,98,265.61
2026/10/10 22:42:33.729,GPU-40b7c172-fb9d-63ea-58c7-0677967a8583,39637,97887,100,264.90
2026/10/10 22:42:34.262,GPU-40b7c172-fb9d-63ea-58c7-0677967a8583,39637,97887,100,266.58
2026/10/10 22:42:34.789,GPU-40b7c172-fb9d-63ea-58c7-0677967a8583,39637,97887,98,251.03
2026/10/10 22:42:35.317,GPU-40b7c172-fb9d-63ea-58c7-0677967a8583,39637,97887,98,248.10
2026/10/10 22:42:35.845,GPU-40b7c172-fb9d-63ea-58c7-0677967a8583,39637,97887,97,256.62
2026/10/10 22:42:36.374,GPU-40b7c172-fb9d-63ea-58c7-0677967a8583,39637,97887,98,252.90
2026/10/10 22:42:36.904,GPU-40b7c172-fb9d-63ea-58c7-0677967a8583,39637,97887,97,260.05
2026/10/10 22:42:37.434,GPU-40b7c172-fb9d-63ea-58c7-0677967a8583,39637,97887,97,250.83
2026/10/10 22:42:37.965,GPU-40b7c172-fb9d-63ea-58c7-0677967a8583,39637,97887,97,255.65
2026/10/10 22:42:38.493,GPU-40b7c172-fb9d-63ea-58c7-0677967a8583,39637,97887,97,238.97
2026/10/10 22:42:39.027,GPU-40b7c172-fb9d-63ea-58c7-0677967a8583,39637,97887,98,253.86
2026/10/10 22:42:39.558,GPU-40b7c172-fb9d-63ea-58c7-0677967a8583,39637,97887,97,246.20
2026/10/10 22:42:40.088,GPU-40b7c172-fb9d-63ea-58c7-0677967a8583,39637,97887,97,259.69
2026/10/10 22:42:40.629,GPU-40b7c172-fb9d-63ea-58c7-0677967a8583,39637,97887,100,257.34
2026/10/10 22:42:41.165,GPU-40b7c172-fb9d-63ea-58c7-0677967a8583,39637,97887,100,261.29
2026/10/10 22:42:41.695,GPU-40b7c172-fb9d-63ea-58c7-0677967a8583,39637,97887,100,251.38
2026/10/10 22:42:42.227,GPU-40b7c172-fb9d-63ea-58c7-0677967a8583,39637,97887,97,241.16
2026/10/10 22:42:42.757,GPU-40b7c172-fb9d-63ea-58c7-0677967a8583,39637,97887,97,253.47
2026/10/10 22:42:43.286,GPU-40b7c172-fb9d-63ea-58c7-0677967a8583,39637,97887,98,254.91
2026/10/10 22:42:43.819,GPU-40b7c172-fb9d-63ea-58c7-0677967a8583,39637,97887,97,261.43
2026/10/10 22:42:44.350,GPU-40b7c172-fb9d-63ea-58c7-0677967a8583,39637,97887,97,269.07
2026/10/10 22:42:44.883,GPU-40b7c172-fb9d-63ea-58c7-0677967a8583,39637,97887,97,269.80
2026/10/10 22:42:45.416,GPU-40b7c172-fb9d-63ea-58c7-0677967a8583,39637,97887,98,258.67
2026/10/10 22:42:45.949,GPU-40b7c172-fb9d-63ea-58c7-0677967a8583,39637,97887,97,246.11
2026/10/10 22:42:46.479,GPU-40b7c172-fb9d-63ea-58c7-0677967a8583,39637,97887,97,242.95
2026/10/10 22:42:47.011,GPU-40b7c172-fb9d-63ea-58c7-0677967a8583,39637,97887,97,241.01
2026/10/10 22:42:47.542,GPU-40b7c172-fb9d-63ea-58c7-0677967a8583,39637,97887,97,255.04
2026/10/10 22:42:48.076,GPU-40b7c172-fb9d-63ea-58c7-0677967a8583,39637,97887,97,254.23
2026/10/10 22:42:48.608,GPU-40b7c172-fb9d-63ea-58c7-0677967a8583,39637,97887,97,260.65
2026/10/10 22:42:49.138,GPU-40b7c172-fb9d-63ea-58c7-0677967a8583,39637,97887,97,256.91
2026/10/10 22:42:49.669,GPU-40b7c172-fb9d-63ea-58c7-0677967a8583,39637,97887,97,257.40
2026/10/10 22:42:50.199,GPU-40b7c172-fb9d-63ea-58c7-0677967a8583,39637,97887,97,253.86
2026/10/10 22:42:50.731,GPU-40b7c172-fb9d-63ea-58c7-0677967a8583,39637,97887,97,239.44
2026/10/10 22:42:51.261,GPU-40b7c172-fb9d-63ea-58c7-0677967a8583,39637,97887,97,244.30
2026/10/10 22:42:51.791,GPU-40b7c172-fb9d-63ea-58c7-0677967a8583,39637,97887,97,245.55
2026/10/10 22:42:52.324,GPU-40b7c172-fb9d-63ea-58c7-0677967a8583,39637,97887,97,264.72
2026/10/10 22:42:52.855,GPU-40b7c172-fb9d-63ea-58c7-0677967a8583,39637,97887,100,268.90
2026/10/10 22:42:53.388,GPU-40b7c172-fb9d-63ea-58c7-0677967a8583,39637,97887,100,262.30
2026/10/10 22:42:53.919,GPU-40b7c172-fb9d-63ea-58c7-0677967a8583,39637,97887,98,257.44
2026/10/10 22:42:54.449,GPU-40b7c172-fb9d-63ea-58c7-0677967a8583,39637,97887,98,242.36
2026/10/10 22:42:54.980,GPU-40b7c172-fb9d-63ea-58c7-0677967a8583,39637,97887,98,253.00
2026/10/10 22:42:55.511,GPU-40b7c172-fb9d-63ea-58c7-0677967a8583,39637,97887,95,245.89
2026/10/10 22:42:56.045,GPU-40b7c172-fb9d-63ea-58c7-0677967a8583,39637,97887,97,261.33
2026/10/10 22:42:56.573,GPU-40b7c172-fb9d-63ea-58c7-0677967a8583,39637,97887,97,265.71
2026/10/10 22:42:57.106,GPU-40b7c172-fb9d-63ea-58c7-0677967a8583,39637,97887,97,264.14
2026/10/10 22:42:57.636,GPU-40b7c172-fb9d-63ea-58c7-0677967a8583,39637,97887,100,261.19
2026/10/10 22:42:58.167,GPU-40b7c172-fb9d-63ea-58c7-0677967a8583,39637,97887,100,260.48
2026/10/10 22:42:58.697,GPU-40b7c172-fb9d-63ea-58c7-0677967a8583,39637,97887,99,254.38
2026/10/10 22:42:59.228,GPU-40b7c172-fb9d-63ea-58c7-0677967a8583,39637,97887,97,243.46
2026/10/10 22:42:59.759,GPU-40b7c172-fb9d-63ea-58c7-0677967a8583,39637,97887,97,246.86
2026/10/10 22:43:00.288,GPU-40b7c172-fb9d-63ea-58c7-0677967a8583,39637,97887,98,247.25
2026/10/10 22:43:00.821,GPU-40b7c172-fb9d-63ea-58c7-0677967a8583,39637,97887,97,257.95
2026/10/10 22:43:01.353,GPU-40b7c172-fb9d-63ea-58c7-0677967a8583,39637,97887,98,255.43
2026/10/10 22:43:01.883,GPU-40b7c172-fb9d-63ea-58c7-0677967a8583,39637,97887,97,250.36
2026/10/10 22:43:02.411,GPU-40b7c172-fb9d-63ea-58c7-0677967a8583,39637,97887,98,259.46
2026/10/10 22:43:02.940,GPU-40b7c172-fb9d-63ea-58c7-0677967a8583,39637,97887,97,243.40
2026/10/10 22:43:03.470,GPU-40b7c172-fb9d-63ea-58c7-0677967a8583,39637,97887,97,253.10
2026/10/10 22:43:04.000,GPU-40b7c172-fb9d-63ea-58c7-0677967a8583,39637,97887,98,243.39
2026/10/10 22:43:04.724,GPU-40b7c172-fb9d-63ea-58c7-0677967a8583,39637,97887,98,243.86
2026/10/10 22:43:05.251,GPU-40b7c172-fb9d-63ea-58c7-0677967a8583,39637,97887,98,252.28
2026/10/10 22:43:06.253,GPU-40b7c172-fb9d-63ea-58c7-0677967a8583,39637,97887,98,267.67
2026/10/10 22:43:06.969,GPU-40b7c172-fb9d-63ea-58c7-0677967a8583,39637,97887,98,258.74
2026/10/10 22:43:07.499,GPU-40b7c172-fb9d-63ea-58c7-0677967a8583,39637,97887,98,263.25
2026/10/10 22:43:08.028,GPU-40b7c172-fb9d-63ea-58c7-0677967a8583,39637,97887,98,262.94
2026/10/10 22:43:08.562,GPU-40b7c172-fb9d-63ea-58c7-0677967a8583,39637,97887,98,243.45
2026/10/10 22:43:09.089,GPU-40b7c172-fb9d-63ea-58c7-0677967a8583,39637,97887,98,257.24
2026/10/10 22:43:09.619,GPU-40b7c172-fb9d-63ea-58c7-0677967a8583,39637,97887,98,251.35
2026/10/10 22:43:10.147,GPU-40b7c172-fb9d-63ea-58c7-0677967a8583,39637,97887,98,261.27
2026/10/10 22:43:10.676,GPU-40b7c172-fb9d-63ea-58c7-0677967a8583,39637,97887,100,262.34
2026/10/10 22:43:11.205,GPU-40b7c172-fb9d-63ea-58c7-0677967a8583,39637,97887,100,263.35
2026/10/10 22:43:11.732,GPU-40b7c172-fb9d-63ea-58c7-0677967a8583,39637,97887,100,256.01
2026/10/10 22:43:12.271,GPU-40b7c172-fb9d-63ea-58c7-0677967a8583,39637,97887,98,240.74
2026/10/10 22:43:12.813,GPU-40b7c172-fb9d-63ea-58c7-0677967a8583,39637,97887,98,243.12
2026/10/10 22:43:13.344,GPU-40b7c172-fb9d-63ea-58c7-0677967a8583,39637,97887,98,251.79
2026/10/10 22:43:13.873,GPU-40b7c172-fb9d-63ea-58c7-0677967a8583,39637,97887,97,262.66
2026/10/10 22:43:14.402,GPU-40b7c172-fb9d-63ea-58c7-0677967a8583,39637,97887,98,254.13
2026/10/10 22:43:14.930,GPU-40b7c172-fb9d-63ea-58c7-0677967a8583,39637,97887,98,267.66
2026/10/10 22:43:15.461,GPU-40b7c172-fb9d-63ea-58c7-0677967a8583,39637,97887,97,264.83
2026/10/10 22:43:15.988,GPU-40b7c172-fb9d-63ea-58c7-0677967a8583,39637,97887,97,245.94
2026/10/10 22:43:16.517,GPU-40b7c172-fb9d-63ea-58c7-0677967a8583,39637,97887,98,239.33
2026/10/10 22:43:17.045,GPU-40b7c172-fb9d-63ea-58c7-0677967a8583,39637,97887,98,241.69
2026/10/10 22:43:17.571,GPU-40b7c172-fb9d-63ea-58c7-0677967a8583,39637,97887,97,258.06
2026/10/10 22:43:18.100,GPU-40b7c172-fb9d-63ea-58c7-0677967a8583,39637,97887,98,257.67
2026/10/10 22:43:18.630,GPU-40b7c172-fb9d-63ea-58c7-0677967a8583,39637,97887,99,262.32
2026/10/10 22:43:19.160,GPU-40b7c172-fb9d-63ea-58c7-0677967a8583,39637,97887,100,257.93
2026/10/10 22:43:19.689,GPU-40b7c172-fb9d-63ea-58c7-0677967a8583,39637,97887,98,245.50
2026/10/10 22:43:20.224,GPU-40b7c172-fb9d-63ea-58c7-0677967a8583,39637,97887,98,246.35
2026/10/10 22:43:20.752,GPU-40b7c172-fb9d-63ea-58c7-0677967a8583,39637,97887,97,246.10
2026/10/10 22:43:21.281,GPU-40b7c172-fb9d-63ea-58c7-0677967a8583,39637,97887,97,246.23
2026/10/10 22:43:21.812,GPU-40b7c172-fb9d-63ea-58c7-0677967a8583,39637,97887,97,256.88
2026/10/10 22:43:22.341,GPU-40b7c172-fb9d-63ea-58c7-0677967a8583,39637,97887,97,262.36
2026/10/10 22:43:22.872,GPU-40b7c172-fb9d-63ea-58c7-0677967a8583,39637,97887,100,261.17
2026/10/10 22:43:23.403,GPU-40b7c172-fb9d-63ea-58c7-0677967a8583,39637,97887,100,251.11
2026/10/10 22:43:23.935,GPU-40b7c172-fb9d-63ea-58c7-0677967a8583,39637,97887,100,251.22
2026/10/10 22:43:24.467,GPU-40b7c172-fb9d-63ea-58c7-0677967a8583,39637,97887,97,242.99
2026/10/10 22:43:24.999,GPU-40b7c172-fb9d-63ea-58c7-0677967a8583,39637,97887,98,258.40
2026/10/10 22:43:25.531,GPU-40b7c172-fb9d-63ea-58c7-0677967a8583,39637,97887,98,252.03
2026/10/10 22:43:26.066,GPU-40b7c172-fb9d-63ea-58c7-0677967a8583,39637,97887,97,265.92
2026/10/10 22:43:26.598,GPU-40b7c172-fb9d-63ea-58c7-0677967a8583,39637,97887,97,266.40
2026/10/10 22:43:27.129,GPU-40b7c172-fb9d-63ea-58c7-0677967a8583,39637,97887,97,266.21
2026/10/10 22:43:27.660,GPU-40b7c172-fb9d-63ea-58c7-0677967a8583,39637,97887,97,273.12
2026/10/10 22:43:28.189,GPU-40b7c172-fb9d-63ea-58c7-0677967a8583,39637,97887,97,255.64
2026/10/10 22:43:28.719,GPU-40b7c172-fb9d-63ea-58c7-0677967a8583,39637,97887,98,252.23
2026/10/10 22:43:29.249,GPU-40b7c172-fb9d-63ea-58c7-0677967a8583,39637,97887,97,251.01
2026/10/10 22:43:29.782,GPU-40b7c172-fb9d-63ea-58c7-0677967a8583,39637,97887,98,247.93
2026/10/10 22:43:30.311,GPU-40b7c172-fb9d-63ea-58c7-0677967a8583,39637,97887,98,258.89
2026/10/10 22:43:30.841,GPU-40b7c172-fb9d-63ea-58c7-0677967a8583,39637,97887,97,260.82
2026/10/10 22:43:31.373,GPU-40b7c172-fb9d-63ea-58c7-0677967a8583,39637,97887,97,266.60
2026/10/10 22:43:31.918,GPU-40b7c172-fb9d-63ea-58c7-0677967a8583,39637,97887,98,258.71
2026/10/10 22:43:32.452,GPU-40b7c172-fb9d-63ea-58c7-0677967a8583,39637,97887,97,253.82
2026/10/10 22:43:32.980,GPU-40b7c172-fb9d-63ea-58c7-0677967a8583,39637,97887,98,246.06
2026/10/10 22:43:33.517,GPU-40b7c172-fb9d-63ea-58c7-0677967a8583,39637,97887,98,243.79
2026/10/10 22:43:34.053,GPU-40b7c172-fb9d-63ea-58c7-0677967a8583,39637,97887,97,259.11
2026/10/10 22:43:34.592,GPU-40b7c172-fb9d-63ea-58c7-0677967a8583,39637,97887,97,274.26
2026/10/10 22:43:35.129,GPU-40b7c172-fb9d-63ea-58c7-0677967a8583,39637,97887,97,265.00
2026/10/10 22:43:35.672,GPU-40b7c172-fb9d-63ea-58c7-0677967a8583,39637,97887,97,251.28
2026/10/10 22:43:36.210,GPU-40b7c172-fb9d-63ea-58c7-0677967a8583,39637,97887,98,240.42
2026/10/10 22:43:36.749,GPU-40b7c172-fb9d-63ea-58c7-0677967a8583,39637,97887,98,240.05
2026/10/10 22:43:37.293,GPU-40b7c172-fb9d-63ea-58c7-0677967a8583,39637,97887,97,247.89
2026/10/10 22:43:37.832,GPU-40b7c172-fb9d-63ea-58c7-0677967a8583,39637,97887,97,251.59
2026/10/10 22:43:38.371,GPU-40b7c172-fb9d-63ea-58c7-0677967a8583,39637,97887,97,259.89
2026/10/10 22:43:38.906,GPU-40b7c172-fb9d-63ea-58c7-0677967a8583,39637,97887,98,264.71
2026/10/10 22:43:39.460,GPU-40b7c172-fb9d-63ea-58c7-0677967a8583,39637,97887,99,260.77
2026/10/10 22:43:39.990,GPU-40b7c172-fb9d-63ea-58c7-0677967a8583,39637,97887,100,259.31
2026/10/10 22:43:40.526,GPU-40b7c172-fb9d-63ea-58c7-0677967a8583,39637,97887,100,252.02
2026/10/10 22:43:41.061,GPU-40b7c172-fb9d-63ea-58c7-0677967a8583,39637,97887,98,240.25
2026/10/10 22:43:41.597,GPU-40b7c172-fb9d-63ea-58c7-0677967a8583,39637,97887,97,244.72
2026/10/10 22:43:42.137,GPU-40b7c172-fb9d-63ea-58c7-0677967a8583,39637,97887,98,255.12
2026/10/10 22:43:42.673,GPU-40b7c172-fb9d-63ea-58c7-0677967a8583,39637,97887,97,262.85
2026/10/10 22:43:43.208,GPU-40b7c172-fb9d-63ea-58c7-0677967a8583,39637,97887,97,269.58
2026/10/10 22:43:43.746,GPU-40b7c172-fb9d-63ea-58c7-0677967a8583,39637,97887,97,259.64
2026/10/10 22:43:44.285,GPU-40b7c172-fb9d-63ea-58c7-0677967a8583,39637,97887,97,251.49
2026/10/10 22:43:44.824,GPU-40b7c172-fb9d-63ea-58c7-0677967a8583,39637,97887,98,261.55
2026/10/10 22:43:45.656,GPU-40b7c172-fb9d-63ea-58c7-0677967a8583,39637,97887,97,245.95
2026/10/10 22:43:46.262,GPU-40b7c172-fb9d-63ea-58c7-0677967a8583,39637,97887,97,256.86
2026/10/10 22:43:47.272,GPU-40b7c172-fb9d-63ea-58c7-0677967a8583,39637,97887,97,258.15
2026/10/10 22:43:48.031,GPU-40b7c172-fb9d-63ea-58c7-0677967a8583,39637,97887,97,251.77
2026/10/10 22:43:48.571,GPU-40b7c172-fb9d-63ea-58c7-0677967a8583,39637,97887,97,261.42
2026/10/10 22:43:49.105,GPU-40b7c172-fb9d-63ea-58c7-0677967a8583,39637,97887,100,259.49
2026/10/10 22:43:49.640,GPU-40b7c172-fb9d-63ea-58c7-0677967a8583,39637,97887,97,256.95
2026/10/10 22:43:50.171,GPU-40b7c172-fb9d-63ea-58c7-0677967a8583,39637,97887,97,246.62
2026/10/10 22:43:50.709,GPU-40b7c172-fb9d-63ea-58c7-0677967a8583,39637,97887,97,250.87
2026/10/10 22:43:51.245,GPU-40b7c172-fb9d-63ea-58c7-0677967a8583,39637,97887,97,258.43
2026/10/10 22:43:51.783,GPU-40b7c172-fb9d-63ea-58c7-0677967a8583,39637,97887,97,253.39
2026/10/10 22:43:52.316,GPU-40b7c172-fb9d-63ea-58c7-0677967a8583,39637,97887,97,259.21
2026/10/10 22:43:52.848,GPU-40b7c172-fb9d-63ea-58c7-0677967a8583,39637,97887,97,259.53
2026/10/10 22:43:53.386,GPU-40b7c172-fb9d-63ea-58c7-0677967a8583,39637,97887,96,252.32
2026/10/10 22:43:53.921,GPU-40b7c172-fb9d-63ea-58c7-0677967a8583,39637,97887,97,245.35
2026/10/10 22:43:54.454,GPU-40b7c172-fb9d-63ea-58c7-0677967a8583,39637,97887,97,253.56
2026/10/10 22:43:54.988,GPU-40b7c172-fb9d-63ea-58c7-0677967a8583,39637,97887,97,244.31
2026/10/10 22:43:55.523,GPU-40b7c172-fb9d-63ea-58c7-0677967a8583,39637,97887,97,244.06
2026/10/10 22:43:56.059,GPU-40b7c172-fb9d-63ea-58c7-0677967a8583,39637,97887,97,241.65
2026/10/10 22:43:56.594,GPU-40b7c172-fb9d-63ea-58c7-0677967a8583,39637,97887,98,258.44
2026/10/10 22:43:57.127,GPU-40b7c172-fb9d-63ea-58c7-0677967a8583,39637,97887,97,263.14
2026/10/10 22:43:57.661,GPU-40b7c172-fb9d-63ea-58c7-0677967a8583,39637,97887,97,260.49
2026/10/10 22:43:58.193,GPU-40b7c172-fb9d-63ea-58c7-0677967a8583,39637,97887,97,264.89
2026/10/10 22:43:58.726,GPU-40b7c172-fb9d-63ea-58c7-0677967a8583,39637,97887,97,256.97
2026/10/10 22:43:59.262,GPU-40b7c172-fb9d-63ea-58c7-0677967a8583,39637,97887,97,256.60
2026/10/10 22:43:59.795,GPU-40b7c172-fb9d-63ea-58c7-0677967a8583,39637,97887,97,250.11
2026/10/10 22:44:00.330,GPU-40b7c172-fb9d-63ea-58c7-0677967a8583,39637,97887,97,265.41
2026/10/10 22:44:00.863,GPU-40b7c172-fb9d-63ea-58c7-0677967a8583,39637,97887,97,267.26
2026/10/10 22:44:01.400,GPU-40b7c172-fb9d-63ea-58c7-0677967a8583,39637,97887,97,263.85
2026/10/10 22:44:01.955,GPU-40b7c172-fb9d-63ea-58c7-0677967a8583,39637,97887,97,260.17
2026/10/10 22:44:02.498,GPU-40b7c172-fb9d-63ea-58c7-0677967a8583,39637,97887,97,262.45
2026/10/10 22:44:03.032,GPU-40b7c172-fb9d-63ea-58c7-0677967a8583,39637,97887,99,260.86
2026/10/10 22:44:03.573,GPU-40b7c172-fb9d-63ea-58c7-0677967a8583,39637,97887,100,269.04
2026/10/10 22:44:04.111,GPU-40b7c172-fb9d-63ea-58c7-0677967a8583,39637,97887,98,247.42
2026/10/10 22:44:04.645,GPU-40b7c172-fb9d-63ea-58c7-0677967a8583,39637,97887,98,243.32
2026/10/10 22:44:05.181,GPU-40b7c172-fb9d-63ea-58c7-0677967a8583,39637,97887,97,261.59
2026/10/10 22:44:05.716,GPU-40b7c172-fb9d-63ea-58c7-0677967a8583,39637,97887,97,265.54
2026/10/10 22:44:06.255,GPU-40b7c172-fb9d-63ea-58c7-0677967a8583,39637,97887,97,250.80
2026/10/10 22:44:06.792,GPU-40b7c172-fb9d-63ea-58c7-0677967a8583,39637,97887,97,256.43
2026/10/10 22:44:07.328,GPU-40b7c172-fb9d-63ea-58c7-0677967a8583,39637,97887,99,253.92
2026/10/10 22:44:07.866,GPU-40b7c172-fb9d-63ea-58c7-0677967a8583,39637,97887,100,258.85
2026/10/10 22:44:08.402,GPU-40b7c172-fb9d-63ea-58c7-0677967a8583,39637,97887,100,256.87
2026/10/10 22:44:08.942,GPU-40b7c172-fb9d-63ea-58c7-0677967a8583,39637,97887,98,248.46
2026/10/10 22:44:09.476,GPU-40b7c172-fb9d-63ea-58c7-0677967a8583,39637,97887,98,245.74
2026/10/10 22:44:10.013,GPU-40b7c172-fb9d-63ea-58c7-0677967a8583,39637,97887,97,245.20
2026/10/10 22:44:10.549,GPU-40b7c172-fb9d-63ea-58c7-0677967a8583,39637,97887,97,246.21
2026/10/10 22:44:11.105,GPU-40b7c172-fb9d-63ea-58c7-0677967a8583,39637,97887,97,258.61
2026/10/10 22:44:11.640,GPU-40b7c172-fb9d-63ea-58c7-0677967a8583,39637,97887,97,258.80
2026/10/10 22:44:12.173,GPU-40b7c172-fb9d-63ea-58c7-0677967a8583,39637,97887,97,257.67
2026/10/10 22:44:12.705,GPU-40b7c172-fb9d-63ea-58c7-0677967a8583,39637,97887,96,249.52
2026/10/10 22:44:13.239,GPU-40b7c172-fb9d-63ea-58c7-0677967a8583,39637,97887,99,240.99
2026/10/10 22:44:13.767,GPU-40b7c172-fb9d-63ea-58c7-0677967a8583,39637,97887,99,244.61
2026/10/10 22:44:14.308,GPU-40b7c172-fb9d-63ea-58c7-0677967a8583,39637,97887,98,240.19
2026/10/10 22:44:14.849,GPU-40b7c172-fb9d-63ea-58c7-0677967a8583,39637,97887,98,241.84
2026/10/10 22:44:15.395,GPU-40b7c172-fb9d-63ea-58c7-0677967a8583,39637,97887,97,247.89
2026/10/10 22:44:15.931,GPU-40b7c172-fb9d-63ea-58c7-0677967a8583,39637,97887,97,263.10
2026/10/10 22:44:16.467,GPU-40b7c172-fb9d-63ea-58c7-0677967a8583,39637,97887,98,264.54
2026/10/10 22:44:17.005,GPU-40b7c172-fb9d-63ea-58c7-0677967a8583,39637,97887,97,265.66
2026/10/10 22:44:17.544,GPU-40b7c172-fb9d-63ea-58c7-0677967a8583,39637,97887,97,250.22
2026/10/10 22:44:18.079,GPU-40b7c172-fb9d-63ea-58c7-0677967a8583,39637,97887,98,247.96
2026/10/10 22:44:18.618,GPU-40b7c172-fb9d-63ea-58c7-0677967a8583,39637,97887,98,251.42
2026/10/10 22:44:19.153,GPU-40b7c172-fb9d-63ea-58c7-0677967a8583,39637,97887,98,258.87
2026/10/10 22:44:19.685,GPU-40b7c172-fb9d-63ea-58c7-0677967a8583,39637,97887,97,249.36
2026/10/10 22:44:20.220,GPU-40b7c172-fb9d-63ea-58c7-0677967a8583,39637,97887,97,261.16
2026/10/10 22:44:20.754,GPU-40b7c172-fb9d-63ea-58c7-0677967a8583,39637,97887,100,265.80
2026/10/10 22:44:21.291,GPU-40b7c172-fb9d-63ea-58c7-0677967a8583,39637,97887,98,265.78
2026/10/10 22:44:21.827,GPU-40b7c172-fb9d-63ea-58c7-0677967a8583,39637,97887,99,247.37
2026/10/10 22:44:22.364,GPU-40b7c172-fb9d-63ea-58c7-0677967a8583,39637,97887,100,250.12
2026/10/10 22:44:22.900,GPU-40b7c172-fb9d-63ea-58c7-0677967a8583,39637,97887,98,252.79
2026/10/10 22:44:23.440,GPU-40b7c172-fb9d-63ea-58c7-0677967a8583,39637,97887,98,249.32
2026/10/10 22:44:23.976,GPU-40b7c172-fb9d-63ea-58c7-0677967a8583,39637,97887,98,254.37
2026/10/10 22:44:24.517,GPU-40b7c172-fb9d-63ea-58c7-0677967a8583,39637,97887,97,258.19
2026/10/10 22:44:25.061,GPU-40b7c172-fb9d-63ea-58c7-0677967a8583,39637,97887,97,261.68
2026/10/10 22:44:25.953,GPU-40b7c172-fb9d-63ea-58c7-0677967a8583,39637,97887,97,242.94
2026/10/10 22:44:26.527,GPU-40b7c172-fb9d-63ea-58c7-0677967a8583,39637,97887,97,242.37
2026/10/10 22:44:27.565,GPU-40b7c172-fb9d-63ea-58c7-0677967a8583,39637,97887,97,234.89
2026/10/10 22:44:28.289,GPU-40b7c172-fb9d-63ea-58c7-0677967a8583,39637,97887,98,239.70
2026/10/10 22:44:28.833,GPU-40b7c172-fb9d-63ea-58c7-0677967a8583,39637,97887,98,256.78
2026/10/10 22:44:29.366,GPU-40b7c172-fb9d-63ea-58c7-0677967a8583,39637,97887,98,268.57
2026/10/10 22:44:29.903,GPU-40b7c172-fb9d-63ea-58c7-0677967a8583,39637,97887,97,268.61
2026/10/10 22:44:30.439,GPU-40b7c172-fb9d-63ea-58c7-0677967a8583,39637,97887,97,267.28
2026/10/10 22:44:30.977,GPU-40b7c172-fb9d-63ea-58c7-0677967a8583,39637,97887,97,259.58
2026/10/10 22:44:31.510,GPU-40b7c172-fb9d-63ea-58c7-0677967a8583,39637,97887,98,248.05
2026/10/10 22:44:32.043,GPU-40b7c172-fb9d-63ea-58c7-0677967a8583,39637,97887,97,243.32
2026/10/10 22:44:32.571,GPU-40b7c172-fb9d-63ea-58c7-0677967a8583,39637,97887,97,258.93
2026/10/10 22:44:33.102,GPU-40b7c172-fb9d-63ea-58c7-0677967a8583,39637,97887,98,246.94
2026/10/10 22:44:33.632,GPU-40b7c172-fb9d-63ea-58c7-0677967a8583,39637,97887,97,258.12
2026/10/10 22:44:34.163,GPU-40b7c172-fb9d-63ea-58c7-0677967a8583,39637,97887,100,256.93
2026/10/10 22:44:34.694,GPU-40b7c172-fb9d-63ea-58c7-0677967a8583,39637,97887,100,258.98
2026/10/10 22:44:35.222,GPU-40b7c172-fb9d-63ea-58c7-0677967a8583,39637,97887,100,252.78
2026/10/10 22:44:35.757,GPU-40b7c172-fb9d-63ea-58c7-0677967a8583,39637,97887,97,239.52
2026/10/10 22:44:36.289,GPU-40b7c172-fb9d-63ea-58c7-0677967a8583,39637,97887,98,243.21
2026/10/10 22:44:36.822,GPU-40b7c172-fb9d-63ea-58c7-0677967a8583,39637,97887,98,255.74
2026/10/10 22:44:37.352,GPU-40b7c172-fb9d-63ea-58c7-0677967a8583,39637,97887,98,261.19
2026/10/10 22:44:37.881,GPU-40b7c172-fb9d-63ea-58c7-0677967a8583,39637,97887,98,261.51
2026/10/10 22:44:38.413,GPU-40b7c172-fb9d-63ea-58c7-0677967a8583,39637,97887,97,261.58
2026/10/10 22:44:38.945,GPU-40b7c172-fb9d-63ea-58c7-0677967a8583,39637,97887,97,253.28
2026/10/10 22:44:39.476,GPU-40b7c172-fb9d-63ea-58c7-0677967a8583,39637,97887,97,247.57
2026/10/10 22:44:40.008,GPU-40b7c172-fb9d-63ea-58c7-0677967a8583,39637,97887,97,249.31
2026/10/10 22:44:40.540,GPU-40b7c172-fb9d-63ea-58c7-0677967a8583,39637,97887,97,247.66
2026/10/10 22:44:41.077,GPU-40b7c172-fb9d-63ea-58c7-0677967a8583,39637,97887,97,261.13
2026/10/10 22:44:41.609,GPU-40b7c172-fb9d-63ea-58c7-0677967a8583,39637,97887,97,261.37
2026/10/10 22:44:42.140,GPU-40b7c172-fb9d-63ea-58c7-0677967a8583,39637,97887,100,265.43
2026/10/10 22:44:42.675,GPU-40b7c172-fb9d-63ea-58c7-0677967a8583,39637,97887,100,248.60
2026/10/10 22:44:43.205,GPU-40b7c172-fb9d-63ea-58c7-0677967a8583,39637,97887,100,252.35
2026/10/10 22:44:43.739,GPU-40b7c172-fb9d-63ea-58c7-0677967a8583,39637,97887,98,246.88
2026/10/10 22:44:44.270,GPU-40b7c172-fb9d-63ea-58c7-0677967a8583,39637,97887,98,242.74
2026/10/10 22:44:44.800,GPU-40b7c172-fb9d-63ea-58c7-0677967a8583,39637,97887,98,254.80
2026/10/10 22:44:45.330,GPU-40b7c172-fb9d-63ea-58c7-0677967a8583,39637,97887,97,264.00
2026/10/10 22:44:45.861,GPU-40b7c172-fb9d-63ea-58c7-0677967a8583,39637,97887,97,260.80
2026/10/10 22:44:46.393,GPU-40b7c172-fb9d-63ea-58c7-0677967a8583,39637,97887,97,255.04
2026/10/10 22:44:46.926,GPU-40b7c172-fb9d-63ea-58c7-0677967a8583,39637,97887,97,250.82
2026/10/10 22:44:47.456,GPU-40b7c172-fb9d-63ea-58c7-0677967a8583,39637,97887,97,237.32
2026/10/10 22:44:47.988,GPU-40b7c172-fb9d-63ea-58c7-0677967a8583,39637,97887,97,243.71
2026/10/10 22:44:48.522,GPU-40b7c172-fb9d-63ea-58c7-0677967a8583,39637,97887,97,258.15
2026/10/10 22:44:49.052,GPU-40b7c172-fb9d-63ea-58c7-0677967a8583,39637,97887,97,263.83
2026/10/10 22:44:49.584,GPU-40b7c172-fb9d-63ea-58c7-0677967a8583,39637,97887,100,257.10
2026/10/10 22:44:50.113,GPU-40b7c172-fb9d-63ea-58c7-0677967a8583,39637,97887,100,267.61
2026/10/10 22:44:50.645,GPU-40b7c172-fb9d-63ea-58c7-0677967a8583,39637,97887,100,261.48
2026/10/10 22:44:51.175,GPU-40b7c172-fb9d-63ea-58c7-0677967a8583,39637,97887,98,244.32
2026/10/10 22:44:51.705,GPU-40b7c172-fb9d-63ea-58c7-0677967a8583,39637,97887,98,238.94
2026/10/10 22:44:52.238,GPU-40b7c172-fb9d-63ea-58c7-0677967a8583,39637,97887,98,252.67
2026/10/10 22:44:52.769,GPU-40b7c172-fb9d-63ea-58c7-0677967a8583,39637,97887,98,268.11
2026/10/10 22:44:53.300,GPU-40b7c172-fb9d-63ea-58c7-0677967a8583,39637,97887,98,265.38
2026/10/10 22:44:53.830,GPU-40b7c172-fb9d-63ea-58c7-0677967a8583,39637,97887,100,256.84
2026/10/10 22:44:54.363,GPU-40b7c172-fb9d-63ea-58c7-0677967a8583,39637,97887,98,244.06
2026/10/10 22:44:54.896,GPU-40b7c172-fb9d-63ea-58c7-0677967a8583,39637,97887,96,243.58
2026/10/10 22:44:55.443,GPU-40b7c172-fb9d-63ea-58c7-0677967a8583,39637,97887,98,252.86
2026/10/10 22:44:55.976,GPU-40b7c172-fb9d-63ea-58c7-0677967a8583,39637,97887,97,250.49
2026/10/10 22:44:56.507,GPU-40b7c172-fb9d-63ea-58c7-0677967a8583,39637,97887,98,241.28
2026/10/10 22:44:57.039,GPU-40b7c172-fb9d-63ea-58c7-0677967a8583,39637,97887,98,242.73
2026/10/10 22:44:57.570,GPU-40b7c172-fb9d-63ea-58c7-0677967a8583,39637,97887,97,256.65
2026/10/10 22:44:58.106,GPU-40b7c172-fb9d-63ea-58c7-0677967a8583,39637,97887,97,261.23
2026/10/10 22:44:58.639,GPU-40b7c172-fb9d-63ea-58c7-0677967a8583,39637,97887,97,266.29
2026/10/10 22:44:59.178,GPU-40b7c172-fb9d-63ea-58c7-0677967a8583,39637,97887,97,248.68
2026/10/10 22:44:59.713,GPU-40b7c172-fb9d-63ea-58c7-0677967a8583,39637,97887,97,254.10
2026/10/10 22:45:00.251,GPU-40b7c172-fb9d-63ea-58c7-0677967a8583,39637,97887,97,241.43
2026/10/10 22:45:00.788,GPU-40b7c172-fb9d-63ea-58c7-0677967a8583,39637,97887,97,254.63
2026/10/10 22:45:01.342,GPU-40b7c172-fb9d-63ea-58c7-0677967a8583,39637,97887,97,242.72
2026/10/10 22:45:01.873,GPU-40b7c172-fb9d-63ea-58c7-0677967a8583,39637,97887,97,255.50
2026/10/10 22:45:02.410,GPU-40b7c172-fb9d-63ea-58c7-0677967a8583,39637,97887,97,262.01
2026/10/10 22:45:02.941,GPU-40b7c172-fb9d-63ea-58c7-0677967a8583,39637,97887,99,269.42
2026/10/10 22:45:03.478,GPU-40b7c172-fb9d-63ea-58c7-0677967a8583,39637,97887,100,256.06
2026/10/10 22:45:04.009,GPU-40b7c172-fb9d-63ea-58c7-0677967a8583,39637,97887,100,255.05
2026/10/10 22:45:04.543,GPU-40b7c172-fb9d-63ea-58c7-0677967a8583,39637,97887,97,241.47
2026/10/10 22:45:05.074,GPU-40b7c172-fb9d-63ea-58c7-0677967a8583,39637,97887,98,253.30
2026/10/10 22:45:05.605,GPU-40b7c172-fb9d-63ea-58c7-0677967a8583,39637,97887,97,257.20
2026/10/10 22:45:06.192,GPU-40b7c172-fb9d-63ea-58c7-0677967a8583,39637,97887,97,259.26
2026/10/10 22:45:06.729,GPU-40b7c172-fb9d-63ea-58c7-0677967a8583,39637,97887,97,257.06
2026/10/10 22:45:07.692,GPU-40b7c172-fb9d-63ea-58c7-0677967a8583,39637,97887,100,261.74
2026/10/10 22:45:08.422,GPU-40b7c172-fb9d-63ea-58c7-0677967a8583,39637,97887,97,260.36
2026/10/10 22:45:08.963,GPU-40b7c172-fb9d-63ea-58c7-0677967a8583,39637,97887,97,260.65
2026/10/10 22:45:09.494,GPU-40b7c172-fb9d-63ea-58c7-0677967a8583,39637,97887,97,259.98
2026/10/10 22:45:10.025,GPU-40b7c172-fb9d-63ea-58c7-0677967a8583,39637,97887,97,257.10
2026/10/10 22:45:10.558,GPU-40b7c172-fb9d-63ea-58c7-0677967a8583,39637,97887,97,247.46
2026/10/10 22:45:11.105,GPU-40b7c172-fb9d-63ea-58c7-0677967a8583,39637,97887,97,253.13
2026/10/10 22:45:11.635,GPU-40b7c172-fb9d-63ea-58c7-0677967a8583,39637,97887,97,255.97
2026/10/10 22:45:12.168,GPU-40b7c172-fb9d-63ea-58c7-0677967a8583,39637,97887,97,262.00
2026/10/10 22:45:12.702,GPU-40b7c172-fb9d-63ea-58c7-0677967a8583,39637,97887,97,265.37
2026/10/10 22:45:13.233,GPU-40b7c172-fb9d-63ea-58c7-0677967a8583,39637,97887,97,269.01
2026/10/10 22:45:13.767,GPU-40b7c172-fb9d-63ea-58c7-0677967a8583,39637,97887,97,263.70
2026/10/10 22:45:14.297,GPU-40b7c172-fb9d-63ea-58c7-0677967a8583,39637,97887,100,249.19
2026/10/10 22:45:14.827,GPU-40b7c172-fb9d-63ea-58c7-0677967a8583,39637,97887,98,241.07
2026/10/10 22:45:15.360,GPU-40b7c172-fb9d-63ea-58c7-0677967a8583,39637,97887,98,250.27
2026/10/10 22:45:15.893,GPU-40b7c172-fb9d-63ea-58c7-0677967a8583,39637,97887,97,255.74
2026/10/10 22:45:16.424,GPU-40b7c172-fb9d-63ea-58c7-0677967a8583,39637,97887,98,255.43
2026/10/10 22:45:16.952,GPU-40b7c172-fb9d-63ea-58c7-0677967a8583,39637,97887,98,260.41
2026/10/10 22:45:17.487,GPU-40b7c172-fb9d-63ea-58c7-0677967a8583,39637,97887,97,262.00
2026/10/10 22:45:18.016,GPU-40b7c172-fb9d-63ea-58c7-0677967a8583,39637,97887,97,260.25
2026/10/10 22:45:18.552,GPU-40b7c172-fb9d-63ea-58c7-0677967a8583,39637,97887,97,254.87
2026/10/10 22:45:19.084,GPU-40b7c172-fb9d-63ea-58c7-0677967a8583,39637,97887,98,238.97
2026/10/10 22:45:19.615,GPU-40b7c172-fb9d-63ea-58c7-0677967a8583,39637,97887,98,239.61
2026/10/10 22:45:20.148,GPU-40b7c172-fb9d-63ea-58c7-0677967a8583,39637,97887,98,254.32
2026/10/10 22:45:20.682,GPU-40b7c172-fb9d-63ea-58c7-0677967a8583,39637,97887,98,261.55
2026/10/10 22:45:21.214,GPU-40b7c172-fb9d-63ea-58c7-0677967a8583,39637,97887,100,265.61
2026/10/10 22:45:21.747,GPU-40b7c172-fb9d-63ea-58c7-0677967a8583,39637,97887,100,263.83
2026/10/10 22:45:22.286,GPU-40b7c172-fb9d-63ea-58c7-0677967a8583,39637,97887,100,259.02
2026/10/10 22:45:22.818,GPU-40b7c172-fb9d-63ea-58c7-0677967a8583,39637,97887,98,248.72
2026/10/10 22:45:23.351,GPU-40b7c172-fb9d-63ea-58c7-0677967a8583,39637,97887,98,247.92
2026/10/10 22:45:23.884,GPU-40b7c172-fb9d-63ea-58c7-0677967a8583,39637,97887,98,242.51
2026/10/10 22:45:24.420,GPU-40b7c172-fb9d-63ea-58c7-0677967a8583,39637,97887,97,250.56
2026/10/10 22:45:24.964,GPU-40b7c172-fb9d-63ea-58c7-0677967a8583,39637,97887,97,263.04
2026/10/10 22:45:25.501,GPU-40b7c172-fb9d-63ea-58c7-0677967a8583,39637,97887,97,258.76
2026/10/10 22:45:26.038,GPU-40b7c172-fb9d-63ea-58c7-0677967a8583,39637,97887,98,257.15
2026/10/10 22:45:26.572,GPU-40b7c172-fb9d-63ea-58c7-0677967a8583,39637,97887,98,255.01
2026/10/10 22:45:27.108,GPU-40b7c172-fb9d-63ea-58c7-0677967a8583,39637,97887,80,239.32
2026/10/10 22:45:27.645,GPU-40b7c172-fb9d-63ea-58c7-0677967a8583,39637,97887,0,129.47
2026/10/10 22:45:28.179,GPU-40b7c172-fb9d-63ea-58c7-0677967a8583,39637,97887,0,102.10
2026/10/10 22:45:28.712,GPU-40b7c172-fb9d-63ea-58c7-0677967a8583,39637,97887,0,102.10
2026/10/10 22:45:29.246,GPU-40b7c172-fb9d-63ea-58c7-0677967a8583,39637,97887,0,79.04
2026/10/10 22:45:29.779,GPU-40b7c172-fb9d-63ea-58c7-0677967a8583,39637,97887,0,79.04
2026/10/10 22:45:30.312,GPU-40b7c172-fb9d-63ea-58c7-0677967a8583,39637,97887,0,78.54
2026/10/10 22:45:30.843,GPU-40b7c172-fb9d-63ea-58c7-0677967a8583,39637,97887,0,78.54
2026/10/10 22:45:31.375,GPU-40b7c172-fb9d-63ea-58c7-0677967a8583,39637,97887,0,78.50
2026/10/10 22:45:31.910,GPU-40b7c172-fb9d-63ea-58c7-0677967a8583,39637,97887,0,78.50
2026/10/10 22:45:32.449,GPU-40b7c172-fb9d-63ea-58c7-0677967a8583,39637,97887,0,78.99
2026/10/10 22:45:32.984,GPU-40b7c172-fb9d-63ea-58c7-0677967a8583,39637,97887,0,78.50
2026/10/10 22:45:33.518,GPU-40b7c172-fb9d-63ea-58c7-0677967a8583,39637,97887,0,78.50
2026/10/10 22:45:34.047,GPU-40b7c172-fb9d-63ea-58c7-0677967a8583,39637,97887,0,78.51
2026/10/10 22:45:34.587,GPU-40b7c172-fb9d-63ea-58c7-0677967a8583,39637,97887,0,78.51
2026/10/10 22:45:35.125,GPU-40b7c172-fb9d-63ea-58c7-0677967a8583,39637,97887,0,77.96
2026/10/10 22:45:35.662,GPU-40b7c172-fb9d-63ea-58c7-0677967a8583,39637,97887,0,77.96
2026/10/10 22:45:36.196,GPU-40b7c172-fb9d-63ea-58c7-0677967a8583,39637,97887,0,78.06
2026/10/10 22:45:36.727,GPU-40b7c172-fb9d-63ea-58c7-0677967a8583,39637,97887,0,78.06
2026/10/10 22:45:37.270,GPU-40b7c172-fb9d-63ea-58c7-0677967a8583,39637,97887,0,78.04
2026/10/10 22:45:37.817,GPU-40b7c172-fb9d-63ea-58c7-0677967a8583,39637,97887,0,78.04
2026/10/10 22:45:38.349,GPU-40b7c172-fb9d-63ea-58c7-0677967a8583,39637,97887,0,77.48
2026/10/10 22:45:38.882,GPU-40b7c172-fb9d-63ea-58c7-0677967a8583,39637,97887,0,77.48
2026/10/10 22:45:39.435,GPU-40b7c172-fb9d-63ea-58c7-0677967a8583,39637,97887,0,78.26
2026/10/10 22:45:39.971,GPU-40b7c172-fb9d-63ea-58c7-0677967a8583,39637,97887,0,76.97
2026/10/10 22:45:40.497,GPU-40b7c172-fb9d-63ea-58c7-0677967a8583,39637,97887,0,76.97
2026/10/10 22:45:41.032,GPU-40b7c172-fb9d-63ea-58c7-0677967a8583,39637,97887,0,77.25
2026/10/10 22:45:41.561,GPU-40b7c172-fb9d-63ea-58c7-0677967a8583,39637,97887,0,77.25
2026/10/10 22:45:42.098,GPU-40b7c172-fb9d-63ea-58c7-0677967a8583,39637,97887,0,77.52
2026/10/10 22:45:42.633,GPU-40b7c172-fb9d-63ea-58c7-0677967a8583,39637,97887,0,77.52
2026/10/10 22:45:43.165,GPU-40b7c172-fb9d-63ea-58c7-0677967a8583,39637,97887,0,77.52
2026/10/10 22:45:43.699,GPU-40b7c172-fb9d-63ea-58c7-0677967a8583,39637,97887,0,77.52
2026/10/10 22:45:44.232,GPU-40b7c172-fb9d-63ea-58c7-0677967a8583,39637,97887,0,77.47
2026/10/10 22:45:44.764,GPU-40b7c172-fb9d-63ea-58c7-0677967a8583,39637,97887,0,77.47
2026/10/10 22:45:45.297,GPU-40b7c172-fb9d-63ea-58c7-0677967a8583,39637,97887,0,77.94
2026/10/10 22:45:45.830,GPU-40b7c172-fb9d-63ea-58c7-0677967a8583,39637,97887,0,77.94
2026/10/10 22:45:46.612,GPU-40b7c172-fb9d-63ea-58c7-0677967a8583,39637,97887,0,77.47
2026/10/10 22:45:47.200,GPU-40b7c172-fb9d-63ea-58c7-0677967a8583,39637,97887,0,77.49
2026/10/10 22:45:48.107,GPU-40b7c172-fb9d-63ea-58c7-0677967a8583,39637,97887,0,77.72
2026/10/10 22:45:48.849,GPU-40b7c172-fb9d-63ea-58c7-0677967a8583,39637,97887,0,77.72
2026/10/10 22:45:49.398,GPU-40b7c172-fb9d-63ea-58c7-0677967a8583,39637,97887,0,77.92
2026/10/10 22:45:49.927,GPU-40b7c172-fb9d-63ea-58c7-0677967a8583,39637,97887,0,77.92
2026/10/10 22:45:50.456,GPU-40b7c172-fb9d-63ea-58c7-0677967a8583,39637,97887,0,76.89
2026/10/10 22:45:50.987,GPU-40b7c172-fb9d-63ea-58c7-0677967a8583,39637,97887,0,76.93
2026/10/10 22:45:51.516,GPU-40b7c172-fb9d-63ea-58c7-0677967a8583,39637,97887,0,76.93
2026/10/10 22:45:52.046,GPU-40b7c172-fb9d-63ea-58c7-0677967a8583,39637,97887,0,76.93
2026/10/10 22:45:52.573,GPU-40b7c172-fb9d-63ea-58c7-0677967a8583,39637,97887,0,76.93
2026/10/10 22:45:53.102,GPU-40b7c172-fb9d-63ea-58c7-0677967a8583,39637,97887,0,76.91
2026/10/10 22:45:53.629,GPU-40b7c172-fb9d-63ea-58c7-0677967a8583,39637,97887,0,76.91
2026/10/10 22:45:54.158,GPU-40b7c172-fb9d-63ea-58c7-0677967a8583,39637,97887,0,76.39
2026/10/10 22:45:54.686,GPU-40b7c172-fb9d-63ea-58c7-0677967a8583,39637,97887,0,76.39
2026/10/10 22:45:55.218,GPU-40b7c172-fb9d-63ea-58c7-0677967a8583,39637,97887,0,76.66
2026/10/10 22:45:55.749,GPU-40b7c172-fb9d-63ea-58c7-0677967a8583,1749,97887,41,80.08
2026/10/10 22:45:56.288,GPU-40b7c172-fb9d-63ea-58c7-0677967a8583,1747,97887,0,81.59
2026/10/10 22:45:56.816,GPU-40b7c172-fb9d-63ea-58c7-0677967a8583,1747,97887,0,78.23
