timestamp,uuid,used_MiB,total_MiB,utilization_percent,power_W
2026/10/10 22:07:30.228,GPU-40b7c172-fb9d-63ea-58c7-0677967a8583,0,97887,0,56.76
2026/10/10 22:07:30.754,GPU-40b7c172-fb9d-63ea-58c7-0677967a8583,0,97887,0,56.76
2026/10/10 22:07:31.280,GPU-40b7c172-fb9d-63ea-58c7-0677967a8583,0,97887,0,56.76
2026/10/10 22:07:31.805,GPU-40b7c172-fb9d-63ea-58c7-0677967a8583,0,97887,0,57.26
2026/10/10 22:07:32.331,GPU-40b7c172-fb9d-63ea-58c7-0677967a8583,0,97887,0,57.26
2026/10/10 22:07:32.857,GPU-40b7c172-fb9d-63ea-58c7-0677967a8583,0,97887,0,57.01
2026/10/10 22:07:33.383,GPU-40b7c172-fb9d-63ea-58c7-0677967a8583,0,97887,0,57.01
2026/10/10 22:07:33.909,GPU-40b7c172-fb9d-63ea-58c7-0677967a8583,0,97887,0,57.25
2026/10/10 22:07:34.436,GPU-40b7c172-fb9d-63ea-58c7-0677967a8583,0,97887,0,57.00
2026/10/10 22:07:34.962,GPU-40b7c172-fb9d-63ea-58c7-0677967a8583,0,97887,0,57.00
2026/10/10 22:07:35.488,GPU-40b7c172-fb9d-63ea-58c7-0677967a8583,0,97887,0,56.51
2026/10/10 22:07:36.014,GPU-40b7c172-fb9d-63ea-58c7-0677967a8583,0,97887,0,56.51
2026/10/10 22:07:36.541,GPU-40b7c172-fb9d-63ea-58c7-0677967a8583,0,97887,0,56.78
2026/10/10 22:07:37.065,GPU-40b7c172-fb9d-63ea-58c7-0677967a8583,0,97887,0,56.78
2026/10/10 22:07:37.591,GPU-40b7c172-fb9d-63ea-58c7-0677967a8583,0,97887,0,56.79
2026/10/10 22:07:38.119,GPU-40b7c172-fb9d-63ea-58c7-0677967a8583,0,97887,0,56.79
2026/10/10 22:07:38.644,GPU-40b7c172-fb9d-63ea-58c7-0677967a8583,0,97887,0,56.76
2026/10/10 22:07:39.170,GPU-40b7c172-fb9d-63ea-58c7-0677967a8583,559,97887,0,61.89
2026/10/10 22:07:39.696,GPU-40b7c172-fb9d-63ea-58c7-0677967a8583,863,97887,0,72.43
2026/10/10 22:07:40.222,GPU-40b7c172-fb9d-63ea-58c7-0677967a8583,865,97887,0,76.79
2026/10/10 22:07:40.749,GPU-40b7c172-fb9d-63ea-58c7-0677967a8583,1025,97887,0,77.12
2026/10/10 22:07:41.294,GPU-40b7c172-fb9d-63ea-58c7-0677967a8583,2849,97887,3,77.09
2026/10/10 22:07:41.822,GPU-40b7c172-fb9d-63ea-58c7-0677967a8583,2849,97887,0,76.59
2026/10/10 22:07:42.349,GPU-40b7c172-fb9d-63ea-58c7-0677967a8583,2869,97887,0,76.71
2026/10/10 22:07:42.877,GPU-40b7c172-fb9d-63ea-58c7-0677967a8583,2869,97887,0,76.67
2026/10/10 22:07:43.402,GPU-40b7c172-fb9d-63ea-58c7-0677967a8583,2933,97887,0,76.53
2026/10/10 22:07:43.928,GPU-40b7c172-fb9d-63ea-58c7-0677967a8583,2959,97887,0,76.84
2026/10/10 22:07:44.454,GPU-40b7c172-fb9d-63ea-58c7-0677967a8583,2959,97887,0,76.70
2026/10/10 22:07:44.982,GPU-40b7c172-fb9d-63ea-58c7-0677967a8583,3973,97887,5,76.94
2026/10/10 22:07:45.510,GPU-40b7c172-fb9d-63ea-58c7-0677967a8583,10423,97887,0,77.11
2026/10/10 22:07:46.038,GPU-40b7c172-fb9d-63ea-58c7-0677967a8583,30355,97887,0,83.47
2026/10/10 22:07:46.565,GPU-40b7c172-fb9d-63ea-58c7-0677967a8583,30355,97887,0,83.42
2026/10/10 22:07:47.091,GPU-40b7c172-fb9d-63ea-58c7-0677967a8583,30355,97887,0,76.94
2026/10/10 22:07:47.618,GPU-40b7c172-fb9d-63ea-58c7-0677967a8583,30355,97887,0,77.03
2026/10/10 22:07:48.144,GPU-40b7c172-fb9d-63ea-58c7-0677967a8583,30355,97887,100,84.30
2026/10/10 22:07:48.672,GPU-40b7c172-fb9d-63ea-58c7-0677967a8583,30355,97887,100,89.56
2026/10/10 22:07:49.199,GPU-40b7c172-fb9d-63ea-58c7-0677967a8583,30355,97887,100,89.65
2026/10/10 22:07:49.724,GPU-40b7c172-fb9d-63ea-58c7-0677967a8583,30355,97887,100,89.67
2026/10/10 22:07:50.252,GPU-40b7c172-fb9d-63ea-58c7-0677967a8583,30355,97887,100,89.75
2026/10/10 22:07:50.779,GPU-40b7c172-fb9d-63ea-58c7-0677967a8583,30355,97887,100,89.79
2026/10/10 22:07:51.306,GPU-40b7c172-fb9d-63ea-58c7-0677967a8583,30355,97887,100,89.68
2026/10/10 22:07:51.832,GPU-40b7c172-fb9d-63ea-58c7-0677967a8583,30355,97887,100,89.63
2026/10/10 22:07:52.358,GPU-40b7c172-fb9d-63ea-58c7-0677967a8583,30355,97887,100,89.65
2026/10/10 22:07:52.884,GPU-40b7c172-fb9d-63ea-58c7-0677967a8583,30355,97887,100,89.69
2026/10/10 22:07:53.410,GPU-40b7c172-fb9d-63ea-58c7-0677967a8583,30355,97887,100,89.69
2026/10/10 22:07:53.937,GPU-40b7c172-fb9d-63ea-58c7-0677967a8583,30355,97887,100,89.79
2026/10/10 22:07:54.466,GPU-40b7c172-fb9d-63ea-58c7-0677967a8583,30355,97887,100,89.82
2026/10/10 22:07:54.992,GPU-40b7c172-fb9d-63ea-58c7-0677967a8583,30355,97887,100,89.79
2026/10/10 22:07:55.518,GPU-40b7c172-fb9d-63ea-58c7-0677967a8583,30355,97887,100,89.82
2026/10/10 22:07:56.052,GPU-40b7c172-fb9d-63ea-58c7-0677967a8583,30355,97887,100,89.73
2026/10/10 22:07:56.581,GPU-40b7c172-fb9d-63ea-58c7-0677967a8583,30355,97887,100,89.69
2026/10/10 22:07:57.108,GPU-40b7c172-fb9d-63ea-58c7-0677967a8583,30355,97887,100,89.78
2026/10/10 22:07:57.635,GPU-40b7c172-fb9d-63ea-58c7-0677967a8583,30355,97887,100,89.79
2026/10/10 22:07:58.162,GPU-40b7c172-fb9d-63ea-58c7-0677967a8583,30355,97887,100,89.69
2026/10/10 22:07:58.689,GPU-40b7c172-fb9d-63ea-58c7-0677967a8583,30355,97887,100,89.79
2026/10/10 22:07:59.216,GPU-40b7c172-fb9d-63ea-58c7-0677967a8583,30355,97887,100,90.00
2026/10/10 22:07:59.745,GPU-40b7c172-fb9d-63ea-58c7-0677967a8583,30355,97887,100,89.93
2026/10/10 22:08:00.271,GPU-40b7c172-fb9d-63ea-58c7-0677967a8583,30355,97887,100,89.84
2026/10/10 22:08:00.799,GPU-40b7c172-fb9d-63ea-58c7-0677967a8583,30579,97887,0,87.54
2026/10/10 22:08:01.328,GPU-40b7c172-fb9d-63ea-58c7-0677967a8583,30515,97887,0,83.18
2026/10/10 22:08:01.856,GPU-40b7c172-fb9d-63ea-58c7-0677967a8583,37301,97887,12,78.59
2026/10/10 22:08:02.383,GPU-40b7c172-fb9d-63ea-58c7-0677967a8583,37301,97887,0,77.16
2026/10/10 22:08:02.910,GPU-40b7c172-fb9d-63ea-58c7-0677967a8583,37301,97887,0,77.16
2026/10/10 22:08:03.437,GPU-40b7c172-fb9d-63ea-58c7-0677967a8583,37301,97887,0,77.16
2026/10/10 22:08:03.964,GPU-40b7c172-fb9d-63ea-58c7-0677967a8583,37361,97887,0,87.09
2026/10/10 22:08:04.490,GPU-40b7c172-fb9d-63ea-58c7-0677967a8583,37361,97887,0,84.06
2026/10/10 22:08:05.018,GPU-40b7c172-fb9d-63ea-58c7-0677967a8583,37361,97887,0,77.04
2026/10/10 22:08:05.545,GPU-40b7c172-fb9d-63ea-58c7-0677967a8583,37361,97887,0,77.12
2026/10/10 22:08:06.073,GPU-40b7c172-fb9d-63ea-58c7-0677967a8583,37361,97887,0,76.89
2026/10/10 22:08:06.602,GPU-40b7c172-fb9d-63ea-58c7-0677967a8583,37361,97887,0,76.89
2026/10/10 22:08:07.129,GPU-40b7c172-fb9d-63ea-58c7-0677967a8583,37361,97887,0,79.11
2026/10/10 22:08:07.656,GPU-40b7c172-fb9d-63ea-58c7-0677967a8583,37361,97887,0,86.60
2026/10/10 22:08:08.183,GPU-40b7c172-fb9d-63ea-58c7-0677967a8583,37361,97887,0,83.82
2026/10/10 22:08:08.711,GPU-40b7c172-fb9d-63ea-58c7-0677967a8583,37361,97887,0,83.82
2026/10/10 22:08:09.238,GPU-40b7c172-fb9d-63ea-58c7-0677967a8583,37361,97887,0,76.03
2026/10/10 22:08:09.765,GPU-40b7c172-fb9d-63ea-58c7-0677967a8583,37361,97887,0,76.03
2026/10/10 22:08:10.307,GPU-40b7c172-fb9d-63ea-58c7-0677967a8583,37361,97887,0,76.48
2026/10/10 22:08:10.840,GPU-40b7c172-fb9d-63ea-58c7-0677967a8583,37361,97887,0,76.48
2026/10/10 22:08:11.367,GPU-40b7c172-fb9d-63ea-58c7-0677967a8583,37361,97887,0,75.90
2026/10/10 22:08:11.894,GPU-40b7c172-fb9d-63ea-58c7-0677967a8583,37361,97887,0,75.90
2026/10/10 22:08:12.421,GPU-40b7c172-fb9d-63ea-58c7-0677967a8583,37361,97887,0,75.89
2026/10/10 22:08:12.948,GPU-40b7c172-fb9d-63ea-58c7-0677967a8583,37361,97887,0,75.89
2026/10/10 22:08:13.474,GPU-40b7c172-fb9d-63ea-58c7-0677967a8583,37361,97887,0,75.41
2026/10/10 22:08:14.000,GPU-40b7c172-fb9d-63ea-58c7-0677967a8583,37361,97887,0,75.41
2026/10/10 22:08:14.527,GPU-40b7c172-fb9d-63ea-58c7-0677967a8583,37361,97887,0,77.12
2026/10/10 22:08:15.053,GPU-40b7c172-fb9d-63ea-58c7-0677967a8583,37361,97887,0,77.39
2026/10/10 22:08:15.580,GPU-40b7c172-fb9d-63ea-58c7-0677967a8583,37361,97887,0,77.39
2026/10/10 22:08:16.107,GPU-40b7c172-fb9d-63ea-58c7-0677967a8583,37361,97887,0,75.89
2026/10/10 22:08:16.635,GPU-40b7c172-fb9d-63ea-58c7-0677967a8583,37361,97887,0,75.89
2026/10/10 22:08:17.163,GPU-40b7c172-fb9d-63ea-58c7-0677967a8583,37361,97887,0,75.65
2026/10/10 22:08:17.691,GPU-40b7c172-fb9d-63ea-58c7-0677967a8583,37361,97887,0,75.65
2026/10/10 22:08:18.220,GPU-40b7c172-fb9d-63ea-58c7-0677967a8583,37361,97887,0,75.41
2026/10/10 22:08:18.749,GPU-40b7c172-fb9d-63ea-58c7-0677967a8583,37361,97887,0,75.41
2026/10/10 22:08:19.276,GPU-40b7c172-fb9d-63ea-58c7-0677967a8583,37361,97887,0,75.41
2026/10/10 22:08:19.804,GPU-40b7c172-fb9d-63ea-58c7-0677967a8583,37361,97887,0,75.41
2026/10/10 22:08:20.333,GPU-40b7c172-fb9d-63ea-58c7-0677967a8583,37361,97887,0,75.63
2026/10/10 22:08:20.862,GPU-40b7c172-fb9d-63ea-58c7-0677967a8583,37361,97887,0,75.63
2026/10/10 22:08:21.390,GPU-40b7c172-fb9d-63ea-58c7-0677967a8583,37361,97887,0,76.12
2026/10/10 22:08:21.929,GPU-40b7c172-fb9d-63ea-58c7-0677967a8583,37361,97887,0,76.12
2026/10/10 22:08:22.457,GPU-40b7c172-fb9d-63ea-58c7-0677967a8583,37361,97887,0,75.40
2026/10/10 22:08:22.984,GPU-40b7c172-fb9d-63ea-58c7-0677967a8583,37361,97887,0,75.40
2026/10/10 22:08:23.513,GPU-40b7c172-fb9d-63ea-58c7-0677967a8583,37361,97887,0,76.39
2026/10/10 22:08:24.042,GPU-40b7c172-fb9d-63ea-58c7-0677967a8583,37361,97887,0,76.39
2026/10/10 22:08:24.570,GPU-40b7c172-fb9d-63ea-58c7-0677967a8583,37361,97887,0,76.66
2026/10/10 22:08:25.098,GPU-40b7c172-fb9d-63ea-58c7-0677967a8583,37361,97887,0,75.92
2026/10/10 22:08:25.639,GPU-40b7c172-fb9d-63ea-58c7-0677967a8583,37361,97887,0,75.92
2026/10/10 22:08:26.169,GPU-40b7c172-fb9d-63ea-58c7-0677967a8583,37361,97887,0,75.40
2026/10/10 22:08:26.699,GPU-40b7c172-fb9d-63ea-58c7-0677967a8583,37361,97887,0,75.40
2026/10/10 22:08:27.227,GPU-40b7c172-fb9d-63ea-58c7-0677967a8583,37361,97887,0,75.90
2026/10/10 22:08:27.754,GPU-40b7c172-fb9d-63ea-58c7-0677967a8583,37361,97887,0,75.90
2026/10/10 22:08:28.286,GPU-40b7c172-fb9d-63ea-58c7-0677967a8583,37361,97887,0,75.92
2026/10/10 22:08:28.813,GPU-40b7c172-fb9d-63ea-58c7-0677967a8583,37361,97887,0,75.92
2026/10/10 22:08:29.341,GPU-40b7c172-fb9d-63ea-58c7-0677967a8583,37361,97887,0,75.88
2026/10/10 22:08:29.872,GPU-40b7c172-fb9d-63ea-58c7-0677967a8583,37361,97887,0,75.88
2026/10/10 22:08:30.400,GPU-40b7c172-fb9d-63ea-58c7-0677967a8583,37361,97887,0,75.89
2026/10/10 22:08:30.927,GPU-40b7c172-fb9d-63ea-58c7-0677967a8583,37361,97887,0,75.89
2026/10/10 22:08:31.455,GPU-40b7c172-fb9d-63ea-58c7-0677967a8583,37681,97887,0,76.21
2026/10/10 22:08:31.982,GPU-40b7c172-fb9d-63ea-58c7-0677967a8583,37681,97887,0,76.34
2026/10/10 22:08:32.509,GPU-40b7c172-fb9d-63ea-58c7-0677967a8583,37681,97887,0,76.83
2026/10/10 22:08:33.037,GPU-40b7c172-fb9d-63ea-58c7-0677967a8583,37681,97887,0,76.83
2026/10/10 22:08:33.564,GPU-40b7c172-fb9d-63ea-58c7-0677967a8583,37681,97887,0,76.02
2026/10/10 22:08:34.090,GPU-40b7c172-fb9d-63ea-58c7-0677967a8583,37681,97887,0,75.87
2026/10/10 22:08:34.617,GPU-40b7c172-fb9d-63ea-58c7-0677967a8583,37681,97887,0,75.87
2026/10/10 22:08:35.142,GPU-40b7c172-fb9d-63ea-58c7-0677967a8583,37681,97887,0,75.63
2026/10/10 22:08:35.668,GPU-40b7c172-fb9d-63ea-58c7-0677967a8583,37681,97887,0,75.63
2026/10/10 22:08:36.194,GPU-40b7c172-fb9d-63ea-58c7-0677967a8583,37681,97887,0,93.17
2026/10/10 22:08:36.720,GPU-40b7c172-fb9d-63ea-58c7-0677967a8583,37681,97887,0,88.18
2026/10/10 22:08:37.244,GPU-40b7c172-fb9d-63ea-58c7-0677967a8583,37681,97887,0,88.18
2026/10/10 22:08:37.772,GPU-40b7c172-fb9d-63ea-58c7-0677967a8583,37681,97887,0,75.94
2026/10/10 22:08:38.297,GPU-40b7c172-fb9d-63ea-58c7-0677967a8583,37681,97887,0,75.94
2026/10/10 22:08:38.823,GPU-40b7c172-fb9d-63ea-58c7-0677967a8583,37681,97887,0,75.94
2026/10/10 22:08:39.371,GPU-40b7c172-fb9d-63ea-58c7-0677967a8583,37681,97887,0,75.94
2026/10/10 22:08:39.906,GPU-40b7c172-fb9d-63ea-58c7-0677967a8583,37681,97887,0,75.94
2026/10/10 22:08:40.432,GPU-40b7c172-fb9d-63ea-58c7-0677967a8583,37681,97887,0,75.94
2026/10/10 22:08:40.963,GPU-40b7c172-fb9d-63ea-58c7-0677967a8583,37681,97887,0,75.89
2026/10/10 22:08:41.489,GPU-40b7c172-fb9d-63ea-58c7-0677967a8583,37681,97887,0,75.89
2026/10/10 22:08:42.016,GPU-40b7c172-fb9d-63ea-58c7-0677967a8583,37681,97887,0,75.89
2026/10/10 22:08:42.544,GPU-40b7c172-fb9d-63ea-58c7-0677967a8583,37681,97887,0,75.89
2026/10/10 22:08:43.072,GPU-40b7c172-fb9d-63ea-58c7-0677967a8583,37681,97887,0,75.90
2026/10/10 22:08:43.597,GPU-40b7c172-fb9d-63ea-58c7-0677967a8583,37681,97887,0,75.90
2026/10/10 22:08:44.124,GPU-40b7c172-fb9d-63ea-58c7-0677967a8583,37681,97887,0,77.37
2026/10/10 22:08:44.651,GPU-40b7c172-fb9d-63ea-58c7-0677967a8583,37681,97887,0,77.37
2026/10/10 22:08:45.178,GPU-40b7c172-fb9d-63ea-58c7-0677967a8583,37681,97887,0,76.43
2026/10/10 22:08:45.705,GPU-40b7c172-fb9d-63ea-58c7-0677967a8583,37683,97887,0,76.18
2026/10/10 22:08:46.232,GPU-40b7c172-fb9d-63ea-58c7-0677967a8583,37683,97887,0,76.42
2026/10/10 22:08:46.758,GPU-40b7c172-fb9d-63ea-58c7-0677967a8583,37683,97887,0,76.95
2026/10/10 22:08:47.285,GPU-40b7c172-fb9d-63ea-58c7-0677967a8583,37683,97887,0,76.94
2026/10/10 22:08:47.809,GPU-40b7c172-fb9d-63ea-58c7-0677967a8583,37683,97887,0,76.02
2026/10/10 22:08:48.335,GPU-40b7c172-fb9d-63ea-58c7-0677967a8583,37683,97887,0,76.02
2026/10/10 22:08:48.862,GPU-40b7c172-fb9d-63ea-58c7-0677967a8583,37683,97887,0,75.94
2026/10/10 22:08:49.387,GPU-40b7c172-fb9d-63ea-58c7-0677967a8583,37683,97887,0,75.94
2026/10/10 22:08:49.913,GPU-40b7c172-fb9d-63ea-58c7-0677967a8583,37683,97887,0,75.94
2026/10/10 22:08:50.439,GPU-40b7c172-fb9d-63ea-58c7-0677967a8583,37683,97887,0,75.94
2026/10/10 22:08:50.965,GPU-40b7c172-fb9d-63ea-58c7-0677967a8583,37683,97887,0,75.94
2026/10/10 22:08:51.491,GPU-40b7c172-fb9d-63ea-58c7-0677967a8583,37683,97887,0,75.94
2026/10/10 22:08:52.017,GPU-40b7c172-fb9d-63ea-58c7-0677967a8583,37685,97887,27,76.30
2026/10/10 22:08:52.542,GPU-40b7c172-fb9d-63ea-58c7-0677967a8583,37685,97887,0,76.51
2026/10/10 22:08:53.068,GPU-40b7c172-fb9d-63ea-58c7-0677967a8583,37685,97887,0,77.18
2026/10/10 22:08:53.593,GPU-40b7c172-fb9d-63ea-58c7-0677967a8583,37685,97887,0,77.18
2026/10/10 22:08:54.120,GPU-40b7c172-fb9d-63ea-58c7-0677967a8583,37685,97887,0,75.94
2026/10/10 22:08:54.647,GPU-40b7c172-fb9d-63ea-58c7-0677967a8583,37685,97887,0,75.94
2026/10/10 22:08:55.174,GPU-40b7c172-fb9d-63ea-58c7-0677967a8583,37685,97887,0,92.96
2026/10/10 22:08:55.710,GPU-40b7c172-fb9d-63ea-58c7-0677967a8583,37685,97887,0,88.75
2026/10/10 22:08:56.237,GPU-40b7c172-fb9d-63ea-58c7-0677967a8583,37685,97887,0,77.35
2026/10/10 22:08:56.763,GPU-40b7c172-fb9d-63ea-58c7-0677967a8583,39581,97887,3,78.52
2026/10/10 22:08:57.291,GPU-40b7c172-fb9d-63ea-58c7-0677967a8583,39581,97887,0,78.42
2026/10/10 22:08:57.817,GPU-40b7c172-fb9d-63ea-58c7-0677967a8583,39637,97887,28,76.58
2026/10/10 22:08:58.349,GPU-40b7c172-fb9d-63ea-58c7-0677967a8583,39637,97887,0,76.58
2026/10/10 22:08:58.876,GPU-40b7c172-fb9d-63ea-58c7-0677967a8583,39637,97887,0,76.94
2026/10/10 22:08:59.402,GPU-40b7c172-fb9d-63ea-58c7-0677967a8583,39637,97887,0,76.94
2026/10/10 22:08:59.929,GPU-40b7c172-fb9d-63ea-58c7-0677967a8583,39637,97887,0,76.47
2026/10/10 22:09:00.458,GPU-40b7c172-fb9d-63ea-58c7-0677967a8583,39637,97887,6,81.20
2026/10/10 22:09:00.987,GPU-40b7c172-fb9d-63ea-58c7-0677967a8583,39637,97887,6,83.18
2026/10/10 22:09:01.515,GPU-40b7c172-fb9d-63ea-58c7-0677967a8583,39637,97887,77,109.45
2026/10/10 22:09:02.042,GPU-40b7c172-fb9d-63ea-58c7-0677967a8583,39637,97887,6,177.89
2026/10/10 22:09:02.568,GPU-40b7c172-fb9d-63ea-58c7-0677967a8583,39637,97887,5,123.68
2026/10/10 22:09:03.095,GPU-40b7c172-fb9d-63ea-58c7-0677967a8583,39637,97887,6,77.86
2026/10/10 22:09:03.621,GPU-40b7c172-fb9d-63ea-58c7-0677967a8583,39637,97887,98,131.62
2026/10/10 22:09:04.148,GPU-40b7c172-fb9d-63ea-58c7-0677967a8583,39637,97887,27,189.01
2026/10/10 22:09:04.675,GPU-40b7c172-fb9d-63ea-58c7-0677967a8583,39637,97887,5,130.00
2026/10/10 22:09:05.203,GPU-40b7c172-fb9d-63ea-58c7-0677967a8583,39637,97887,1,77.82
2026/10/10 22:09:05.728,GPU-40b7c172-fb9d-63ea-58c7-0677967a8583,39637,97887,99,137.76
2026/10/10 22:09:06.258,GPU-40b7c172-fb9d-63ea-58c7-0677967a8583,39637,97887,6,188.51
2026/10/10 22:09:06.783,GPU-40b7c172-fb9d-63ea-58c7-0677967a8583,39637,97887,2,118.66
2026/10/10 22:09:07.311,GPU-40b7c172-fb9d-63ea-58c7-0677967a8583,39637,97887,4,77.96
2026/10/10 22:09:07.837,GPU-40b7c172-fb9d-63ea-58c7-0677967a8583,39637,97887,98,138.53
2026/10/10 22:09:08.365,GPU-40b7c172-fb9d-63ea-58c7-0677967a8583,39637,97887,6,185.06
2026/10/10 22:09:08.891,GPU-40b7c172-fb9d-63ea-58c7-0677967a8583,39637,97887,3,98.56
2026/10/10 22:09:09.418,GPU-40b7c172-fb9d-63ea-58c7-0677967a8583,39637,97887,6,77.87
2026/10/10 22:09:09.945,GPU-40b7c172-fb9d-63ea-58c7-0677967a8583,39637,97887,99,131.03
2026/10/10 22:09:10.489,GPU-40b7c172-fb9d-63ea-58c7-0677967a8583,39637,97887,6,175.33
2026/10/10 22:09:11.019,GPU-40b7c172-fb9d-63ea-58c7-0677967a8583,39637,97887,3,111.31
2026/10/10 22:09:11.546,GPU-40b7c172-fb9d-63ea-58c7-0677967a8583,39637,97887,5,77.88
2026/10/10 22:09:12.075,GPU-40b7c172-fb9d-63ea-58c7-0677967a8583,39637,97887,97,156.80
2026/10/10 22:09:12.604,GPU-40b7c172-fb9d-63ea-58c7-0677967a8583,39637,97887,6,193.63
2026/10/10 22:09:13.132,GPU-40b7c172-fb9d-63ea-58c7-0677967a8583,39637,97887,5,124.92
2026/10/10 22:09:13.660,GPU-40b7c172-fb9d-63ea-58c7-0677967a8583,39637,97887,3,78.13
2026/10/10 22:09:14.187,GPU-40b7c172-fb9d-63ea-58c7-0677967a8583,39637,97887,99,160.06
2026/10/10 22:09:14.718,GPU-40b7c172-fb9d-63ea-58c7-0677967a8583,39637,97887,6,181.92
2026/10/10 22:09:15.247,GPU-40b7c172-fb9d-63ea-58c7-0677967a8583,39637,97887,3,109.07
2026/10/10 22:09:15.774,GPU-40b7c172-fb9d-63ea-58c7-0677967a8583,39637,97887,3,77.97
2026/10/10 22:09:16.303,GPU-40b7c172-fb9d-63ea-58c7-0677967a8583,39637,97887,99,176.34
2026/10/10 22:09:16.829,GPU-40b7c172-fb9d-63ea-58c7-0677967a8583,39637,97887,6,181.25
2026/10/10 22:09:17.356,GPU-40b7c172-fb9d-63ea-58c7-0677967a8583,39637,97887,3,93.25
2026/10/10 22:09:17.884,GPU-40b7c172-fb9d-63ea-58c7-0677967a8583,39637,97887,5,78.07
2026/10/10 22:09:18.414,GPU-40b7c172-fb9d-63ea-58c7-0677967a8583,39637,97887,98,172.60
2026/10/10 22:09:18.941,GPU-40b7c172-fb9d-63ea-58c7-0677967a8583,39637,97887,6,180.14
2026/10/10 22:09:19.469,GPU-40b7c172-fb9d-63ea-58c7-0677967a8583,39637,97887,5,100.56
2026/10/10 22:09:19.996,GPU-40b7c172-fb9d-63ea-58c7-0677967a8583,39637,97887,77,93.02
2026/10/10 22:09:20.526,GPU-40b7c172-fb9d-63ea-58c7-0677967a8583,39637,97887,98,180.88
2026/10/10 22:09:21.054,GPU-40b7c172-fb9d-63ea-58c7-0677967a8583,39637,97887,6,176.48
2026/10/10 22:09:21.581,GPU-40b7c172-fb9d-63ea-58c7-0677967a8583,39637,97887,0,100.39
2026/10/10 22:09:22.108,GPU-40b7c172-fb9d-63ea-58c7-0677967a8583,39637,97887,1,77.80
2026/10/10 22:09:22.635,GPU-40b7c172-fb9d-63ea-58c7-0677967a8583,39637,97887,98,134.65
2026/10/10 22:09:23.161,GPU-40b7c172-fb9d-63ea-58c7-0677967a8583,39637,97887,15,192.59
2026/10/10 22:09:23.689,GPU-40b7c172-fb9d-63ea-58c7-0677967a8583,39637,97887,5,130.93
2026/10/10 22:09:24.216,GPU-40b7c172-fb9d-63ea-58c7-0677967a8583,39637,97887,0,78.22
2026/10/10 22:09:24.743,GPU-40b7c172-fb9d-63ea-58c7-0677967a8583,39637,97887,99,123.44
2026/10/10 22:09:25.274,GPU-40b7c172-fb9d-63ea-58c7-0677967a8583,39637,97887,67,196.06
2026/10/10 22:09:25.816,GPU-40b7c172-fb9d-63ea-58c7-0677967a8583,39637,97887,6,141.19
2026/10/10 22:09:26.344,GPU-40b7c172-fb9d-63ea-58c7-0677967a8583,39637,97887,5,79.02
2026/10/10 22:09:26.873,GPU-40b7c172-fb9d-63ea-58c7-0677967a8583,39637,97887,98,118.08
2026/10/10 22:09:27.400,GPU-40b7c172-fb9d-63ea-58c7-0677967a8583,39637,97887,98,214.91
2026/10/10 22:09:27.927,GPU-40b7c172-fb9d-63ea-58c7-0677967a8583,39637,97887,6,166.12
2026/10/10 22:09:28.455,GPU-40b7c172-fb9d-63ea-58c7-0677967a8583,39637,97887,6,94.88
2026/10/10 22:09:28.982,GPU-40b7c172-fb9d-63ea-58c7-0677967a8583,39637,97887,2,78.26
2026/10/10 22:09:29.510,GPU-40b7c172-fb9d-63ea-58c7-0677967a8583,39637,97887,99,170.58
2026/10/10 22:09:30.038,GPU-40b7c172-fb9d-63ea-58c7-0677967a8583,39637,97887,6,210.56
2026/10/10 22:09:30.565,GPU-40b7c172-fb9d-63ea-58c7-0677967a8583,39637,97887,7,128.42
2026/10/10 22:09:31.091,GPU-40b7c172-fb9d-63ea-58c7-0677967a8583,39637,97887,5,78.42
2026/10/10 22:09:31.621,GPU-40b7c172-fb9d-63ea-58c7-0677967a8583,39637,97887,99,130.01
2026/10/10 22:09:32.149,GPU-40b7c172-fb9d-63ea-58c7-0677967a8583,39637,97887,99,221.16
2026/10/10 22:09:32.676,GPU-40b7c172-fb9d-63ea-58c7-0677967a8583,39637,97887,5,180.20
2026/10/10 22:09:33.203,GPU-40b7c172-fb9d-63ea-58c7-0677967a8583,39637,97887,5,81.68
2026/10/10 22:09:33.732,GPU-40b7c172-fb9d-63ea-58c7-0677967a8583,39637,97887,3,102.05
2026/10/10 22:09:34.262,GPU-40b7c172-fb9d-63ea-58c7-0677967a8583,39637,97887,99,172.59
2026/10/10 22:09:34.789,GPU-40b7c172-fb9d-63ea-58c7-0677967a8583,39637,97887,38,196.32
2026/10/10 22:09:35.317,GPU-40b7c172-fb9d-63ea-58c7-0677967a8583,39637,97887,6,113.23
2026/10/10 22:09:35.845,GPU-40b7c172-fb9d-63ea-58c7-0677967a8583,39637,97887,2,78.69
2026/10/10 22:09:36.371,GPU-40b7c172-fb9d-63ea-58c7-0677967a8583,39637,97887,99,119.41
2026/10/10 22:09:36.899,GPU-40b7c172-fb9d-63ea-58c7-0677967a8583,39637,97887,99,203.44
2026/10/10 22:09:37.428,GPU-40b7c172-fb9d-63ea-58c7-0677967a8583,39637,97887,6,155.76
2026/10/10 22:09:37.955,GPU-40b7c172-fb9d-63ea-58c7-0677967a8583,39637,97887,5,79.45
2026/10/10 22:09:38.483,GPU-40b7c172-fb9d-63ea-58c7-0677967a8583,39637,97887,1,78.60
2026/10/10 22:09:39.014,GPU-40b7c172-fb9d-63ea-58c7-0677967a8583,39637,97887,98,159.83
2026/10/10 22:09:39.542,GPU-40b7c172-fb9d-63ea-58c7-0677967a8583,39637,97887,49,187.44
2026/10/10 22:09:40.068,GPU-40b7c172-fb9d-63ea-58c7-0677967a8583,39637,97887,7,109.07
2026/10/10 22:09:40.596,GPU-40b7c172-fb9d-63ea-58c7-0677967a8583,39637,97887,2,79.15
2026/10/10 22:09:41.125,GPU-40b7c172-fb9d-63ea-58c7-0677967a8583,39637,97887,3,97.11
2026/10/10 22:09:41.654,GPU-40b7c172-fb9d-63ea-58c7-0677967a8583,39637,97887,98,204.02
2026/10/10 22:09:42.182,GPU-40b7c172-fb9d-63ea-58c7-0677967a8583,39637,97887,81,245.36
2026/10/10 22:09:42.709,GPU-40b7c172-fb9d-63ea-58c7-0677967a8583,39637,97887,6,118.83
2026/10/10 22:09:43.237,GPU-40b7c172-fb9d-63ea-58c7-0677967a8583,39637,97887,5,79.11
2026/10/10 22:09:43.764,GPU-40b7c172-fb9d-63ea-58c7-0677967a8583,39637,97887,99,128.29
2026/10/10 22:09:44.292,GPU-40b7c172-fb9d-63ea-58c7-0677967a8583,39637,97887,99,226.17
2026/10/10 22:09:44.823,GPU-40b7c172-fb9d-63ea-58c7-0677967a8583,39637,97887,5,219.66
2026/10/10 22:09:45.350,GPU-40b7c172-fb9d-63ea-58c7-0677967a8583,39637,97887,2,121.69
2026/10/10 22:09:45.878,GPU-40b7c172-fb9d-63ea-58c7-0677967a8583,39637,97887,5,78.76
2026/10/10 22:09:46.406,GPU-40b7c172-fb9d-63ea-58c7-0677967a8583,39637,97887,99,149.72
2026/10/10 22:09:46.933,GPU-40b7c172-fb9d-63ea-58c7-0677967a8583,39637,97887,99,186.99
2026/10/10 22:09:47.461,GPU-40b7c172-fb9d-63ea-58c7-0677967a8583,39637,97887,6,123.64
2026/10/10 22:09:47.988,GPU-40b7c172-fb9d-63ea-58c7-0677967a8583,39637,97887,6,80.06
2026/10/10 22:09:48.515,GPU-40b7c172-fb9d-63ea-58c7-0677967a8583,39637,97887,97,120.40
2026/10/10 22:09:49.043,GPU-40b7c172-fb9d-63ea-58c7-0677967a8583,39637,97887,99,216.68
2026/10/10 22:09:49.570,GPU-40b7c172-fb9d-63ea-58c7-0677967a8583,39637,97887,6,198.62
2026/10/10 22:09:50.096,GPU-40b7c172-fb9d-63ea-58c7-0677967a8583,39637,97887,5,114.63
2026/10/10 22:09:50.623,GPU-40b7c172-fb9d-63ea-58c7-0677967a8583,39637,97887,2,78.75
2026/10/10 22:09:51.149,GPU-40b7c172-fb9d-63ea-58c7-0677967a8583,39637,97887,99,166.38
2026/10/10 22:09:51.679,GPU-40b7c172-fb9d-63ea-58c7-0677967a8583,39637,97887,99,261.74
2026/10/10 22:09:52.207,GPU-40b7c172-fb9d-63ea-58c7-0677967a8583,39637,97887,6,155.43
2026/10/10 22:09:52.737,GPU-40b7c172-fb9d-63ea-58c7-0677967a8583,39637,97887,3,78.90
2026/10/10 22:09:53.266,GPU-40b7c172-fb9d-63ea-58c7-0677967a8583,39637,97887,1,103.41
2026/10/10 22:09:53.795,GPU-40b7c172-fb9d-63ea-58c7-0677967a8583,39637,97887,99,224.10
2026/10/10 22:09:54.326,GPU-40b7c172-fb9d-63ea-58c7-0677967a8583,39637,97887,95,270.88
2026/10/10 22:09:54.860,GPU-40b7c172-fb9d-63ea-58c7-0677967a8583,39637,97887,6,145.89
2026/10/10 22:09:55.386,GPU-40b7c172-fb9d-63ea-58c7-0677967a8583,39637,97887,5,79.02
2026/10/10 22:09:55.913,GPU-40b7c172-fb9d-63ea-58c7-0677967a8583,39637,97887,99,116.09
2026/10/10 22:09:56.442,GPU-40b7c172-fb9d-63ea-58c7-0677967a8583,39637,97887,99,170.94
2026/10/10 22:09:56.970,GPU-40b7c172-fb9d-63ea-58c7-0677967a8583,39637,97887,6,142.20
2026/10/10 22:09:57.497,GPU-40b7c172-fb9d-63ea-58c7-0677967a8583,39637,97887,3,98.88
2026/10/10 22:09:58.025,GPU-40b7c172-fb9d-63ea-58c7-0677967a8583,39637,97887,10,80.46
2026/10/10 22:09:58.552,GPU-40b7c172-fb9d-63ea-58c7-0677967a8583,39637,97887,99,179.99
2026/10/10 22:09:59.079,GPU-40b7c172-fb9d-63ea-58c7-0677967a8583,39637,97887,96,290.14
2026/10/10 22:09:59.606,GPU-40b7c172-fb9d-63ea-58c7-0677967a8583,39637,97887,5,199.46
2026/10/10 22:10:00.132,GPU-40b7c172-fb9d-63ea-58c7-0677967a8583,39637,97887,6,79.01
2026/10/10 22:10:00.660,GPU-40b7c172-fb9d-63ea-58c7-0677967a8583,39637,97887,99,96.93
2026/10/10 22:10:01.193,GPU-40b7c172-fb9d-63ea-58c7-0677967a8583,39637,97887,99,144.01
2026/10/10 22:10:01.720,GPU-40b7c172-fb9d-63ea-58c7-0677967a8583,39637,97887,6,168.28
2026/10/10 22:10:02.248,GPU-40b7c172-fb9d-63ea-58c7-0677967a8583,39637,97887,5,110.89
2026/10/10 22:10:02.778,GPU-40b7c172-fb9d-63ea-58c7-0677967a8583,39637,97887,6,78.80
2026/10/10 22:10:03.307,GPU-40b7c172-fb9d-63ea-58c7-0677967a8583,39637,97887,99,106.49
2026/10/10 22:10:03.836,GPU-40b7c172-fb9d-63ea-58c7-0677967a8583,39637,97887,99,165.67
2026/10/10 22:10:04.364,GPU-40b7c172-fb9d-63ea-58c7-0677967a8583,39637,97887,7,147.16
2026/10/10 22:10:04.892,GPU-40b7c172-fb9d-63ea-58c7-0677967a8583,39637,97887,0,102.88
2026/10/10 22:10:05.452,GPU-40b7c172-fb9d-63ea-58c7-0677967a8583,39637,97887,6,78.68
2026/10/10 22:10:05.992,GPU-40b7c172-fb9d-63ea-58c7-0677967a8583,39637,97887,10,101.16
2026/10/10 22:10:06.524,GPU-40b7c172-fb9d-63ea-58c7-0677967a8583,39637,97887,99,242.24
2026/10/10 22:10:07.051,GPU-40b7c172-fb9d-63ea-58c7-0677967a8583,39637,97887,6,262.77
2026/10/10 22:10:07.578,GPU-40b7c172-fb9d-63ea-58c7-0677967a8583,39637,97887,6,140.01
2026/10/10 22:10:08.104,GPU-40b7c172-fb9d-63ea-58c7-0677967a8583,39637,97887,5,78.89
2026/10/10 22:10:08.641,GPU-40b7c172-fb9d-63ea-58c7-0677967a8583,39637,97887,98,137.65
2026/10/10 22:10:09.169,GPU-40b7c172-fb9d-63ea-58c7-0677967a8583,39637,97887,99,205.35
2026/10/10 22:10:09.697,GPU-40b7c172-fb9d-63ea-58c7-0677967a8583,39637,97887,6,168.95
2026/10/10 22:10:10.230,GPU-40b7c172-fb9d-63ea-58c7-0677967a8583,39637,97887,2,99.33
2026/10/10 22:10:10.759,GPU-40b7c172-fb9d-63ea-58c7-0677967a8583,39637,97887,3,79.55
2026/10/10 22:10:11.296,GPU-40b7c172-fb9d-63ea-58c7-0677967a8583,39637,97887,99,157.95
2026/10/10 22:10:11.823,GPU-40b7c172-fb9d-63ea-58c7-0677967a8583,39637,97887,98,233.87
2026/10/10 22:10:12.355,GPU-40b7c172-fb9d-63ea-58c7-0677967a8583,39637,97887,6,149.78
2026/10/10 22:10:12.884,GPU-40b7c172-fb9d-63ea-58c7-0677967a8583,39637,97887,5,89.92
2026/10/10 22:10:13.412,GPU-40b7c172-fb9d-63ea-58c7-0677967a8583,39637,97887,3,78.73
2026/10/10 22:10:13.942,GPU-40b7c172-fb9d-63ea-58c7-0677967a8583,39637,97887,99,141.11
2026/10/10 22:10:14.471,GPU-40b7c172-fb9d-63ea-58c7-0677967a8583,39637,97887,84,191.78
2026/10/10 22:10:14.999,GPU-40b7c172-fb9d-63ea-58c7-0677967a8583,39637,97887,5,142.47
2026/10/10 22:10:15.527,GPU-40b7c172-fb9d-63ea-58c7-0677967a8583,39637,97887,5,79.35
2026/10/10 22:10:16.056,GPU-40b7c172-fb9d-63ea-58c7-0677967a8583,39637,97887,99,97.75
2026/10/10 22:10:16.586,GPU-40b7c172-fb9d-63ea-58c7-0677967a8583,39637,97887,99,158.07
2026/10/10 22:10:17.115,GPU-40b7c172-fb9d-63ea-58c7-0677967a8583,39637,97887,6,215.51
2026/10/10 22:10:17.642,GPU-40b7c172-fb9d-63ea-58c7-0677967a8583,39637,97887,5,150.15
2026/10/10 22:10:18.171,GPU-40b7c172-fb9d-63ea-58c7-0677967a8583,39637,97887,6,78.82
2026/10/10 22:10:18.700,GPU-40b7c172-fb9d-63ea-58c7-0677967a8583,39637,97887,99,125.73
2026/10/10 22:10:19.231,GPU-40b7c172-fb9d-63ea-58c7-0677967a8583,39637,97887,99,250.22
2026/10/10 22:10:19.766,GPU-40b7c172-fb9d-63ea-58c7-0677967a8583,39637,97887,6,213.06
2026/10/10 22:10:20.293,GPU-40b7c172-fb9d-63ea-58c7-0677967a8583,39637,97887,4,114.63
2026/10/10 22:10:20.821,GPU-40b7c172-fb9d-63ea-58c7-0677967a8583,39637,97887,5,79.03
2026/10/10 22:10:21.352,GPU-40b7c172-fb9d-63ea-58c7-0677967a8583,39637,97887,98,124.77
2026/10/10 22:10:21.884,GPU-40b7c172-fb9d-63ea-58c7-0677967a8583,39637,97887,99,194.62
2026/10/10 22:10:22.423,GPU-40b7c172-fb9d-63ea-58c7-0677967a8583,39637,97887,7,188.80
2026/10/10 22:10:22.950,GPU-40b7c172-fb9d-63ea-58c7-0677967a8583,39637,97887,1,119.33
2026/10/10 22:10:23.477,GPU-40b7c172-fb9d-63ea-58c7-0677967a8583,39637,97887,5,78.67
2026/10/10 22:10:24.006,GPU-40b7c172-fb9d-63ea-58c7-0677967a8583,39637,97887,99,159.08
2026/10/10 22:10:24.537,GPU-40b7c172-fb9d-63ea-58c7-0677967a8583,39637,97887,99,266.57
2026/10/10 22:10:25.072,GPU-40b7c172-fb9d-63ea-58c7-0677967a8583,39637,97887,5,185.83
2026/10/10 22:10:25.600,GPU-40b7c172-fb9d-63ea-58c7-0677967a8583,39637,97887,1,90.58
2026/10/10 22:10:26.128,GPU-40b7c172-fb9d-63ea-58c7-0677967a8583,39637,97887,4,79.65
2026/10/10 22:10:26.656,GPU-40b7c172-fb9d-63ea-58c7-0677967a8583,39637,97887,99,186.86
2026/10/10 22:10:27.183,GPU-40b7c172-fb9d-63ea-58c7-0677967a8583,39637,97887,99,253.73
2026/10/10 22:10:27.711,GPU-40b7c172-fb9d-63ea-58c7-0677967a8583,39637,97887,5,178.87
2026/10/10 22:10:28.239,GPU-40b7c172-fb9d-63ea-58c7-0677967a8583,39637,97887,5,79.88
2026/10/10 22:10:28.769,GPU-40b7c172-fb9d-63ea-58c7-0677967a8583,39637,97887,0,78.50
2026/10/10 22:10:29.297,GPU-40b7c172-fb9d-63ea-58c7-0677967a8583,39637,97887,99,130.09
2026/10/10 22:10:29.824,GPU-40b7c172-fb9d-63ea-58c7-0677967a8583,39637,97887,99,191.89
2026/10/10 22:10:30.352,GPU-40b7c172-fb9d-63ea-58c7-0677967a8583,39637,97887,6,171.34
2026/10/10 22:10:30.879,GPU-40b7c172-fb9d-63ea-58c7-0677967a8583,39637,97887,1,111.71
2026/10/10 22:10:31.409,GPU-40b7c172-fb9d-63ea-58c7-0677967a8583,39637,97887,6,78.66
2026/10/10 22:10:31.935,GPU-40b7c172-fb9d-63ea-58c7-0677967a8583,39637,97887,99,131.06
2026/10/10 22:10:32.464,GPU-40b7c172-fb9d-63ea-58c7-0677967a8583,39637,97887,99,256.05
2026/10/10 22:10:32.993,GPU-40b7c172-fb9d-63ea-58c7-0677967a8583,39637,97887,7,199.64
2026/10/10 22:10:33.520,GPU-40b7c172-fb9d-63ea-58c7-0677967a8583,39637,97887,2,101.70
2026/10/10 22:10:34.048,GPU-40b7c172-fb9d-63ea-58c7-0677967a8583,39637,97887,2,78.68
2026/10/10 22:10:34.577,GPU-40b7c172-fb9d-63ea-58c7-0677967a8583,39637,97887,99,156.40
2026/10/10 22:10:35.108,GPU-40b7c172-fb9d-63ea-58c7-0677967a8583,39637,97887,98,227.98
2026/10/10 22:10:35.640,GPU-40b7c172-fb9d-63ea-58c7-0677967a8583,39637,97887,6,178.09
2026/10/10 22:10:36.169,GPU-40b7c172-fb9d-63ea-58c7-0677967a8583,39637,97887,0,102.68
2026/10/10 22:10:36.699,GPU-40b7c172-fb9d-63ea-58c7-0677967a8583,39637,97887,5,78.44
2026/10/10 22:10:37.230,GPU-40b7c172-fb9d-63ea-58c7-0677967a8583,39637,97887,17,106.60
2026/10/10 22:10:37.759,GPU-40b7c172-fb9d-63ea-58c7-0677967a8583,39637,97887,98,201.93
2026/10/10 22:10:38.291,GPU-40b7c172-fb9d-63ea-58c7-0677967a8583,39637,97887,6,224.67
2026/10/10 22:10:38.818,GPU-40b7c172-fb9d-63ea-58c7-0677967a8583,39637,97887,6,132.00
2026/10/10 22:10:39.368,GPU-40b7c172-fb9d-63ea-58c7-0677967a8583,39637,97887,6,78.89
2026/10/10 22:10:39.908,GPU-40b7c172-fb9d-63ea-58c7-0677967a8583,39637,97887,100,126.25
2026/10/10 22:10:40.442,GPU-40b7c172-fb9d-63ea-58c7-0677967a8583,39637,97887,98,193.87
2026/10/10 22:10:40.973,GPU-40b7c172-fb9d-63ea-58c7-0677967a8583,39637,97887,6,202.01
2026/10/10 22:10:41.503,GPU-40b7c172-fb9d-63ea-58c7-0677967a8583,39637,97887,6,136.96
2026/10/10 22:10:42.034,GPU-40b7c172-fb9d-63ea-58c7-0677967a8583,39637,97887,6,79.12
2026/10/10 22:10:42.564,GPU-40b7c172-fb9d-63ea-58c7-0677967a8583,39637,97887,94,121.45
2026/10/10 22:10:43.094,GPU-40b7c172-fb9d-63ea-58c7-0677967a8583,39637,97887,99,183.14
2026/10/10 22:10:43.624,GPU-40b7c172-fb9d-63ea-58c7-0677967a8583,39637,97887,98,233.02
2026/10/10 22:10:44.154,GPU-40b7c172-fb9d-63ea-58c7-0677967a8583,39637,97887,6,158.88
2026/10/10 22:10:44.683,GPU-40b7c172-fb9d-63ea-58c7-0677967a8583,39637,97887,6,79.04
2026/10/10 22:10:45.212,GPU-40b7c172-fb9d-63ea-58c7-0677967a8583,39637,97887,5,78.68
2026/10/10 22:10:45.741,GPU-40b7c172-fb9d-63ea-58c7-0677967a8583,39637,97887,99,130.00
2026/10/10 22:10:46.271,GPU-40b7c172-fb9d-63ea-58c7-0677967a8583,39637,97887,99,231.00
2026/10/10 22:10:46.800,GPU-40b7c172-fb9d-63ea-58c7-0677967a8583,39637,97887,6,195.52
2026/10/10 22:10:47.327,GPU-40b7c172-fb9d-63ea-58c7-0677967a8583,39637,97887,2,91.36
2026/10/10 22:10:47.856,GPU-40b7c172-fb9d-63ea-58c7-0677967a8583,39637,97887,5,78.97
2026/10/10 22:10:48.383,GPU-40b7c172-fb9d-63ea-58c7-0677967a8583,39637,97887,98,145.59
2026/10/10 22:10:48.910,GPU-40b7c172-fb9d-63ea-58c7-0677967a8583,39637,97887,100,230.72
2026/10/10 22:10:49.443,GPU-40b7c172-fb9d-63ea-58c7-0677967a8583,39637,97887,6,204.75
2026/10/10 22:10:49.975,GPU-40b7c172-fb9d-63ea-58c7-0677967a8583,39637,97887,5,117.19
2026/10/10 22:10:50.508,GPU-40b7c172-fb9d-63ea-58c7-0677967a8583,39637,97887,1,78.71
2026/10/10 22:10:51.036,GPU-40b7c172-fb9d-63ea-58c7-0677967a8583,39637,97887,96,120.93
2026/10/10 22:10:51.570,GPU-40b7c172-fb9d-63ea-58c7-0677967a8583,39637,97887,98,203.18
2026/10/10 22:10:52.099,GPU-40b7c172-fb9d-63ea-58c7-0677967a8583,39637,97887,7,213.14
2026/10/10 22:10:52.625,GPU-40b7c172-fb9d-63ea-58c7-0677967a8583,39637,97887,6,157.81
2026/10/10 22:10:53.153,GPU-40b7c172-fb9d-63ea-58c7-0677967a8583,39637,97887,6,79.57
2026/10/10 22:10:53.679,GPU-40b7c172-fb9d-63ea-58c7-0677967a8583,39637,97887,98,112.58
2026/10/10 22:10:54.208,GPU-40b7c172-fb9d-63ea-58c7-0677967a8583,39637,97887,99,180.91
2026/10/10 22:10:54.737,GPU-40b7c172-fb9d-63ea-58c7-0677967a8583,39637,97887,50,223.86
2026/10/10 22:10:55.264,GPU-40b7c172-fb9d-63ea-58c7-0677967a8583,39637,97887,6,150.14
2026/10/10 22:10:55.803,GPU-40b7c172-fb9d-63ea-58c7-0677967a8583,39637,97887,5,79.77
2026/10/10 22:10:56.332,GPU-40b7c172-fb9d-63ea-58c7-0677967a8583,39637,97887,73,90.79
2026/10/10 22:10:56.859,GPU-40b7c172-fb9d-63ea-58c7-0677967a8583,39637,97887,99,162.51
2026/10/10 22:10:57.386,GPU-40b7c172-fb9d-63ea-58c7-0677967a8583,39637,97887,97,220.69
2026/10/10 22:10:57.913,GPU-40b7c172-fb9d-63ea-58c7-0677967a8583,39637,97887,6,155.27
2026/10/10 22:10:58.440,GPU-40b7c172-fb9d-63ea-58c7-0677967a8583,39637,97887,6,79.29
2026/10/10 22:10:58.967,GPU-40b7c172-fb9d-63ea-58c7-0677967a8583,39637,97887,31,104.24
2026/10/10 22:10:59.499,GPU-40b7c172-fb9d-63ea-58c7-0677967a8583,39637,97887,99,193.98
2026/10/10 22:11:00.025,GPU-40b7c172-fb9d-63ea-58c7-0677967a8583,39637,97887,99,257.42
2026/10/10 22:11:00.552,GPU-40b7c172-fb9d-63ea-58c7-0677967a8583,39637,97887,6,171.28
2026/10/10 22:11:01.079,GPU-40b7c172-fb9d-63ea-58c7-0677967a8583,39637,97887,5,79.12
2026/10/10 22:11:01.609,GPU-40b7c172-fb9d-63ea-58c7-0677967a8583,39637,97887,3,80.95
2026/10/10 22:11:02.139,GPU-40b7c172-fb9d-63ea-58c7-0677967a8583,39637,97887,99,164.64
2026/10/10 22:11:02.666,GPU-40b7c172-fb9d-63ea-58c7-0677967a8583,39637,97887,100,253.07
2026/10/10 22:11:03.194,GPU-40b7c172-fb9d-63ea-58c7-0677967a8583,39637,97887,7,177.87
2026/10/10 22:11:03.722,GPU-40b7c172-fb9d-63ea-58c7-0677967a8583,39637,97887,6,79.99
2026/10/10 22:11:04.251,GPU-40b7c172-fb9d-63ea-58c7-0677967a8583,39637,97887,4,79.03
2026/10/10 22:11:04.778,GPU-40b7c172-fb9d-63ea-58c7-0677967a8583,39637,97887,98,166.36
2026/10/10 22:11:05.308,GPU-40b7c172-fb9d-63ea-58c7-0677967a8583,39637,97887,99,227.02
2026/10/10 22:11:05.844,GPU-40b7c172-fb9d-63ea-58c7-0677967a8583,39637,97887,7,180.77
2026/10/10 22:11:06.416,GPU-40b7c172-fb9d-63ea-58c7-0677967a8583,39637,97887,4,88.51
2026/10/10 22:11:06.943,GPU-40b7c172-fb9d-63ea-58c7-0677967a8583,39637,97887,43,88.04
2026/10/10 22:11:07.472,GPU-40b7c172-fb9d-63ea-58c7-0677967a8583,39637,97887,99,187.62
2026/10/10 22:11:08.002,GPU-40b7c172-fb9d-63ea-58c7-0677967a8583,39637,97887,99,259.18
2026/10/10 22:11:08.530,GPU-40b7c172-fb9d-63ea-58c7-0677967a8583,39637,97887,6,167.25
2026/10/10 22:11:09.057,GPU-40b7c172-fb9d-63ea-58c7-0677967a8583,39637,97887,4,79.71
2026/10/10 22:11:09.584,GPU-40b7c172-fb9d-63ea-58c7-0677967a8583,39637,97887,4,78.75
2026/10/10 22:11:10.114,GPU-40b7c172-fb9d-63ea-58c7-0677967a8583,39637,97887,99,147.00
2026/10/10 22:11:10.642,GPU-40b7c172-fb9d-63ea-58c7-0677967a8583,39637,97887,99,228.33
2026/10/10 22:11:11.185,GPU-40b7c172-fb9d-63ea-58c7-0677967a8583,39637,97887,6,182.38
2026/10/10 22:11:11.713,GPU-40b7c172-fb9d-63ea-58c7-0677967a8583,39637,97887,4,108.57
2026/10/10 22:11:12.241,GPU-40b7c172-fb9d-63ea-58c7-0677967a8583,39637,97887,1,79.19
2026/10/10 22:11:12.769,GPU-40b7c172-fb9d-63ea-58c7-0677967a8583,39637,97887,98,132.20
2026/10/10 22:11:13.298,GPU-40b7c172-fb9d-63ea-58c7-0677967a8583,39637,97887,99,236.01
2026/10/10 22:11:13.826,GPU-40b7c172-fb9d-63ea-58c7-0677967a8583,39637,97887,6,185.48
2026/10/10 22:11:14.353,GPU-40b7c172-fb9d-63ea-58c7-0677967a8583,39637,97887,1,104.00
2026/10/10 22:11:14.880,GPU-40b7c172-fb9d-63ea-58c7-0677967a8583,39637,97887,5,79.07
2026/10/10 22:11:15.407,GPU-40b7c172-fb9d-63ea-58c7-0677967a8583,39637,97887,99,140.44
2026/10/10 22:11:15.937,GPU-40b7c172-fb9d-63ea-58c7-0677967a8583,39637,97887,99,218.47
2026/10/10 22:11:16.464,GPU-40b7c172-fb9d-63ea-58c7-0677967a8583,39637,97887,27,219.92
2026/10/10 22:11:16.991,GPU-40b7c172-fb9d-63ea-58c7-0677967a8583,39637,97887,5,141.75
2026/10/10 22:11:17.518,GPU-40b7c172-fb9d-63ea-58c7-0677967a8583,39637,97887,2,79.19
2026/10/10 22:11:18.046,GPU-40b7c172-fb9d-63ea-58c7-0677967a8583,39637,97887,9,107.50
2026/10/10 22:11:18.573,GPU-40b7c172-fb9d-63ea-58c7-0677967a8583,39637,97887,99,175.31
2026/10/10 22:11:19.099,GPU-40b7c172-fb9d-63ea-58c7-0677967a8583,39637,97887,67,217.87
2026/10/10 22:11:19.626,GPU-40b7c172-fb9d-63ea-58c7-0677967a8583,39637,97887,5,163.63
2026/10/10 22:11:20.153,GPU-40b7c172-fb9d-63ea-58c7-0677967a8583,39637,97887,0,81.62
2026/10/10 22:11:20.681,GPU-40b7c172-fb9d-63ea-58c7-0677967a8583,39637,97887,5,78.71
2026/10/10 22:11:21.208,GPU-40b7c172-fb9d-63ea-58c7-0677967a8583,39637,97887,99,124.76
2026/10/10 22:11:21.738,GPU-40b7c172-fb9d-63ea-58c7-0677967a8583,39637,97887,99,216.12
2026/10/10 22:11:22.280,GPU-40b7c172-fb9d-63ea-58c7-0677967a8583,39637,97887,6,198.94
2026/10/10 22:11:22.817,GPU-40b7c172-fb9d-63ea-58c7-0677967a8583,39637,97887,6,116.56
2026/10/10 22:11:23.344,GPU-40b7c172-fb9d-63ea-58c7-0677967a8583,39637,97887,6,79.38
2026/10/10 22:11:23.870,GPU-40b7c172-fb9d-63ea-58c7-0677967a8583,39637,97887,26,108.68
2026/10/10 22:11:24.397,GPU-40b7c172-fb9d-63ea-58c7-0677967a8583,39637,97887,99,205.27
2026/10/10 22:11:24.930,GPU-40b7c172-fb9d-63ea-58c7-0677967a8583,39637,97887,61,224.16
2026/10/10 22:11:25.462,GPU-40b7c172-fb9d-63ea-58c7-0677967a8583,39637,97887,5,162.13
2026/10/10 22:11:26.001,GPU-40b7c172-fb9d-63ea-58c7-0677967a8583,39637,97887,5,79.87
2026/10/10 22:11:26.527,GPU-40b7c172-fb9d-63ea-58c7-0677967a8583,39637,97887,97,109.37
2026/10/10 22:11:27.057,GPU-40b7c172-fb9d-63ea-58c7-0677967a8583,39637,97887,98,180.03
2026/10/10 22:11:27.586,GPU-40b7c172-fb9d-63ea-58c7-0677967a8583,39637,97887,98,226.63
2026/10/10 22:11:28.114,GPU-40b7c172-fb9d-63ea-58c7-0677967a8583,39637,97887,6,163.19
2026/10/10 22:11:28.642,GPU-40b7c172-fb9d-63ea-58c7-0677967a8583,39637,97887,6,80.97
2026/10/10 22:11:29.171,GPU-40b7c172-fb9d-63ea-58c7-0677967a8583,39637,97887,3,79.01
2026/10/10 22:11:29.713,GPU-40b7c172-fb9d-63ea-58c7-0677967a8583,39637,97887,98,177.46
2026/10/10 22:11:30.246,GPU-40b7c172-fb9d-63ea-58c7-0677967a8583,39637,97887,98,231.82
2026/10/10 22:11:30.776,GPU-40b7c172-fb9d-63ea-58c7-0677967a8583,39637,97887,0,163.34
2026/10/10 22:11:31.303,GPU-40b7c172-fb9d-63ea-58c7-0677967a8583,39637,97887,100,103.43
2026/10/10 22:11:31.832,GPU-40b7c172-fb9d-63ea-58c7-0677967a8583,39637,97887,5,104.16
2026/10/10 22:11:32.363,GPU-40b7c172-fb9d-63ea-58c7-0677967a8583,39637,97887,6,100.98
2026/10/10 22:11:32.892,GPU-40b7c172-fb9d-63ea-58c7-0677967a8583,39637,97887,93,98.27
2026/10/10 22:11:33.421,GPU-40b7c172-fb9d-63ea-58c7-0677967a8583,39637,97887,97,179.24
2026/10/10 22:11:33.950,GPU-40b7c172-fb9d-63ea-58c7-0677967a8583,39637,97887,99,236.69
2026/10/10 22:11:34.478,GPU-40b7c172-fb9d-63ea-58c7-0677967a8583,39637,97887,7,179.57
2026/10/10 22:11:35.004,GPU-40b7c172-fb9d-63ea-58c7-0677967a8583,39637,97887,4,98.90
2026/10/10 22:11:35.533,GPU-40b7c172-fb9d-63ea-58c7-0677967a8583,39637,97887,5,79.11
2026/10/10 22:11:36.060,GPU-40b7c172-fb9d-63ea-58c7-0677967a8583,39637,97887,97,121.66
2026/10/10 22:11:36.590,GPU-40b7c172-fb9d-63ea-58c7-0677967a8583,39637,97887,97,209.40
2026/10/10 22:11:37.122,GPU-40b7c172-fb9d-63ea-58c7-0677967a8583,39637,97887,6,228.27
2026/10/10 22:11:37.650,GPU-40b7c172-fb9d-63ea-58c7-0677967a8583,39637,97887,7,147.08
2026/10/10 22:11:38.178,GPU-40b7c172-fb9d-63ea-58c7-0677967a8583,39637,97887,5,79.36
2026/10/10 22:11:38.707,GPU-40b7c172-fb9d-63ea-58c7-0677967a8583,39637,97887,97,115.23
2026/10/10 22:11:39.237,GPU-40b7c172-fb9d-63ea-58c7-0677967a8583,39637,97887,97,198.99
2026/10/10 22:11:39.765,GPU-40b7c172-fb9d-63ea-58c7-0677967a8583,39637,97887,43,237.78
2026/10/10 22:11:40.309,GPU-40b7c172-fb9d-63ea-58c7-0677967a8583,39637,97887,6,147.63
2026/10/10 22:11:40.840,GPU-40b7c172-fb9d-63ea-58c7-0677967a8583,39637,97887,5,79.99
2026/10/10 22:11:41.370,GPU-40b7c172-fb9d-63ea-58c7-0677967a8583,39637,97887,97,102.49
2026/10/10 22:11:41.911,GPU-40b7c172-fb9d-63ea-58c7-0677967a8583,39637,97887,97,204.40
2026/10/10 22:11:42.441,GPU-40b7c172-fb9d-63ea-58c7-0677967a8583,39637,97887,97,234.44
2026/10/10 22:11:42.969,GPU-40b7c172-fb9d-63ea-58c7-0677967a8583,39637,97887,7,159.59
2026/10/10 22:11:43.500,GPU-40b7c172-fb9d-63ea-58c7-0677967a8583,39637,97887,5,79.59
2026/10/10 22:11:44.039,GPU-40b7c172-fb9d-63ea-58c7-0677967a8583,39637,97887,2,79.34
2026/10/10 22:11:44.570,GPU-40b7c172-fb9d-63ea-58c7-0677967a8583,39637,97887,99,160.34
2026/10/10 22:11:45.097,GPU-40b7c172-fb9d-63ea-58c7-0677967a8583,39637,97887,97,236.76
2026/10/10 22:11:45.625,GPU-40b7c172-fb9d-63ea-58c7-0677967a8583,39637,97887,7,190.94
2026/10/10 22:11:46.152,GPU-40b7c172-fb9d-63ea-58c7-0677967a8583,39637,97887,3,121.23
2026/10/10 22:11:46.679,GPU-40b7c172-fb9d-63ea-58c7-0677967a8583,39637,97887,3,79.35
2026/10/10 22:11:47.206,GPU-40b7c172-fb9d-63ea-58c7-0677967a8583,39637,97887,100,162.23
2026/10/10 22:11:47.734,GPU-40b7c172-fb9d-63ea-58c7-0677967a8583,39637,97887,100,240.81
2026/10/10 22:11:48.265,GPU-40b7c172-fb9d-63ea-58c7-0677967a8583,39637,97887,6,196.16
2026/10/10 22:11:48.791,GPU-40b7c172-fb9d-63ea-58c7-0677967a8583,39637,97887,3,128.05
2026/10/10 22:11:49.318,GPU-40b7c172-fb9d-63ea-58c7-0677967a8583,39637,97887,0,79.33
2026/10/10 22:11:49.845,GPU-40b7c172-fb9d-63ea-58c7-0677967a8583,39637,97887,97,146.00
2026/10/10 22:11:50.372,GPU-40b7c172-fb9d-63ea-58c7-0677967a8583,39637,97887,97,235.23
2026/10/10 22:11:50.899,GPU-40b7c172-fb9d-63ea-58c7-0677967a8583,39637,97887,97,209.32
2026/10/10 22:11:51.426,GPU-40b7c172-fb9d-63ea-58c7-0677967a8583,39637,97887,7,122.86
2026/10/10 22:11:51.954,GPU-40b7c172-fb9d-63ea-58c7-0677967a8583,39637,97887,6,79.45
2026/10/10 22:11:52.496,GPU-40b7c172-fb9d-63ea-58c7-0677967a8583,39637,97887,4,94.35
2026/10/10 22:11:53.026,GPU-40b7c172-fb9d-63ea-58c7-0677967a8583,39637,97887,100,191.17
2026/10/10 22:11:53.557,GPU-40b7c172-fb9d-63ea-58c7-0677967a8583,39637,97887,100,251.87
2026/10/10 22:11:54.085,GPU-40b7c172-fb9d-63ea-58c7-0677967a8583,39637,97887,6,167.02
2026/10/10 22:11:54.612,GPU-40b7c172-fb9d-63ea-58c7-0677967a8583,39637,97887,3,79.82
2026/10/10 22:11:55.139,GPU-40b7c172-fb9d-63ea-58c7-0677967a8583,39637,97887,2,90.29
2026/10/10 22:11:55.672,GPU-40b7c172-fb9d-63ea-58c7-0677967a8583,39637,97887,95,169.99
2026/10/10 22:11:56.199,GPU-40b7c172-fb9d-63ea-58c7-0677967a8583,39637,97887,97,240.69
2026/10/10 22:11:56.725,GPU-40b7c172-fb9d-63ea-58c7-0677967a8583,39637,97887,5,167.81
2026/10/10 22:11:57.256,GPU-40b7c172-fb9d-63ea-58c7-0677967a8583,39637,97887,3,90.22
2026/10/10 22:11:57.799,GPU-40b7c172-fb9d-63ea-58c7-0677967a8583,39637,97887,4,78.91
2026/10/10 22:11:58.325,GPU-40b7c172-fb9d-63ea-58c7-0677967a8583,39637,97887,97,131.30
2026/10/10 22:11:58.851,GPU-40b7c172-fb9d-63ea-58c7-0677967a8583,39637,97887,97,198.25
2026/10/10 22:11:59.379,GPU-40b7c172-fb9d-63ea-58c7-0677967a8583,39637,97887,6,223.19
2026/10/10 22:11:59.908,GPU-40b7c172-fb9d-63ea-58c7-0677967a8583,39637,97887,6,140.58
2026/10/10 22:12:00.435,GPU-40b7c172-fb9d-63ea-58c7-0677967a8583,39637,97887,5,78.78
2026/10/10 22:12:00.963,GPU-40b7c172-fb9d-63ea-58c7-0677967a8583,39637,97887,97,99.93
2026/10/10 22:12:01.491,GPU-40b7c172-fb9d-63ea-58c7-0677967a8583,39637,97887,97,183.83
2026/10/10 22:12:02.019,GPU-40b7c172-fb9d-63ea-58c7-0677967a8583,39637,97887,97,236.76
2026/10/10 22:12:02.549,GPU-40b7c172-fb9d-63ea-58c7-0677967a8583,39637,97887,7,155.06
2026/10/10 22:12:03.078,GPU-40b7c172-fb9d-63ea-58c7-0677967a8583,39637,97887,6,80.87
2026/10/10 22:12:03.607,GPU-40b7c172-fb9d-63ea-58c7-0677967a8583,39637,97887,52,88.73
2026/10/10 22:12:04.135,GPU-40b7c172-fb9d-63ea-58c7-0677967a8583,39637,97887,97,185.39
2026/10/10 22:12:04.663,GPU-40b7c172-fb9d-63ea-58c7-0677967a8583,39637,97887,97,245.32
2026/10/10 22:12:05.199,GPU-40b7c172-fb9d-63ea-58c7-0677967a8583,39637,97887,5,167.79
2026/10/10 22:12:05.728,GPU-40b7c172-fb9d-63ea-58c7-0677967a8583,39637,97887,5,82.72
2026/10/10 22:12:06.255,GPU-40b7c172-fb9d-63ea-58c7-0677967a8583,39637,97887,4,79.19
2026/10/10 22:12:06.783,GPU-40b7c172-fb9d-63ea-58c7-0677967a8583,39637,97887,97,131.13
2026/10/10 22:12:07.311,GPU-40b7c172-fb9d-63ea-58c7-0677967a8583,39637,97887,97,211.83
2026/10/10 22:12:07.842,GPU-40b7c172-fb9d-63ea-58c7-0677967a8583,39637,97887,6,206.83
2026/10/10 22:12:08.371,GPU-40b7c172-fb9d-63ea-58c7-0677967a8583,39637,97887,3,133.72
2026/10/10 22:12:08.898,GPU-40b7c172-fb9d-63ea-58c7-0677967a8583,39637,97887,5,79.29
2026/10/10 22:12:09.426,GPU-40b7c172-fb9d-63ea-58c7-0677967a8583,39637,97887,97,107.73
2026/10/10 22:12:09.953,GPU-40b7c172-fb9d-63ea-58c7-0677967a8583,39637,97887,97,194.51
2026/10/10 22:12:10.483,GPU-40b7c172-fb9d-63ea-58c7-0677967a8583,39637,97887,97,234.19
2026/10/10 22:12:11.027,GPU-40b7c172-fb9d-63ea-58c7-0677967a8583,39637,97887,7,144.28
2026/10/10 22:12:11.555,GPU-40b7c172-fb9d-63ea-58c7-0677967a8583,39637,97887,5,79.35
2026/10/10 22:12:12.084,GPU-40b7c172-fb9d-63ea-58c7-0677967a8583,39637,97887,71,98.65
2026/10/10 22:12:12.615,GPU-40b7c172-fb9d-63ea-58c7-0677967a8583,39637,97887,97,184.56
2026/10/10 22:12:13.143,GPU-40b7c172-fb9d-63ea-58c7-0677967a8583,39637,97887,49,233.82
2026/10/10 22:12:13.673,GPU-40b7c172-fb9d-63ea-58c7-0677967a8583,39637,97887,5,155.46
2026/10/10 22:12:14.200,GPU-40b7c172-fb9d-63ea-58c7-0677967a8583,39637,97887,0,79.53
2026/10/10 22:12:14.727,GPU-40b7c172-fb9d-63ea-58c7-0677967a8583,39637,97887,5,78.82
2026/10/10 22:12:15.257,GPU-40b7c172-fb9d-63ea-58c7-0677967a8583,39637,97887,1,83.59
2026/10/10 22:12:15.785,GPU-40b7c172-fb9d-63ea-58c7-0677967a8583,39637,97887,97,165.78
2026/10/10 22:12:16.318,GPU-40b7c172-fb9d-63ea-58c7-0677967a8583,39637,97887,96,242.90
2026/10/10 22:12:16.846,GPU-40b7c172-fb9d-63ea-58c7-0677967a8583,39637,97887,7,190.09
2026/10/10 22:12:17.375,GPU-40b7c172-fb9d-63ea-58c7-0677967a8583,39637,97887,5,115.18
2026/10/10 22:12:17.904,GPU-40b7c172-fb9d-63ea-58c7-0677967a8583,39637,97887,0,78.85
2026/10/10 22:12:18.432,GPU-40b7c172-fb9d-63ea-58c7-0677967a8583,39637,97887,97,163.74
2026/10/10 22:12:18.962,GPU-40b7c172-fb9d-63ea-58c7-0677967a8583,39637,97887,97,243.23
2026/10/10 22:12:19.491,GPU-40b7c172-fb9d-63ea-58c7-0677967a8583,39637,97887,6,206.35
2026/10/10 22:12:20.019,GPU-40b7c172-fb9d-63ea-58c7-0677967a8583,39637,97887,1,123.64
2026/10/10 22:12:20.546,GPU-40b7c172-fb9d-63ea-58c7-0677967a8583,39637,97887,5,78.81
2026/10/10 22:12:21.076,GPU-40b7c172-fb9d-63ea-58c7-0677967a8583,39637,97887,97,163.39
2026/10/10 22:12:21.605,GPU-40b7c172-fb9d-63ea-58c7-0677967a8583,39637,97887,97,247.60
2026/10/10 22:12:22.132,GPU-40b7c172-fb9d-63ea-58c7-0677967a8583,39637,97887,6,181.87
2026/10/10 22:12:22.661,GPU-40b7c172-fb9d-63ea-58c7-0677967a8583,39637,97887,4,98.18
2026/10/10 22:12:23.188,GPU-40b7c172-fb9d-63ea-58c7-0677967a8583,39637,97887,2,78.95
2026/10/10 22:12:23.716,GPU-40b7c172-fb9d-63ea-58c7-0677967a8583,39637,97887,100,143.81
2026/10/10 22:12:24.247,GPU-40b7c172-fb9d-63ea-58c7-0677967a8583,39637,97887,100,232.52
2026/10/10 22:12:24.777,GPU-40b7c172-fb9d-63ea-58c7-0677967a8583,39637,97887,6,197.71
2026/10/10 22:12:25.306,GPU-40b7c172-fb9d-63ea-58c7-0677967a8583,39637,97887,7,121.52
2026/10/10 22:12:25.831,GPU-40b7c172-fb9d-63ea-58c7-0677967a8583,39637,97887,4,79.66
2026/10/10 22:12:26.360,GPU-40b7c172-fb9d-63ea-58c7-0677967a8583,39637,97887,97,131.99
2026/10/10 22:12:26.888,GPU-40b7c172-fb9d-63ea-58c7-0677967a8583,39637,97887,97,203.20
2026/10/10 22:12:27.422,GPU-40b7c172-fb9d-63ea-58c7-0677967a8583,39637,97887,6,228.66
2026/10/10 22:12:27.950,GPU-40b7c172-fb9d-63ea-58c7-0677967a8583,39637,97887,3,139.60
2026/10/10 22:12:28.478,GPU-40b7c172-fb9d-63ea-58c7-0677967a8583,39637,97887,5,78.81
2026/10/10 22:12:29.006,GPU-40b7c172-fb9d-63ea-58c7-0677967a8583,39637,97887,97,125.83
2026/10/10 22:12:29.533,GPU-40b7c172-fb9d-63ea-58c7-0677967a8583,39637,97887,97,189.83
2026/10/10 22:12:30.060,GPU-40b7c172-fb9d-63ea-58c7-0677967a8583,39637,97887,69,205.18
2026/10/10 22:12:30.588,GPU-40b7c172-fb9d-63ea-58c7-0677967a8583,39637,97887,7,126.76
2026/10/10 22:12:31.116,GPU-40b7c172-fb9d-63ea-58c7-0677967a8583,39637,97887,5,79.40
2026/10/10 22:12:31.645,GPU-40b7c172-fb9d-63ea-58c7-0677967a8583,39637,97887,97,116.77
2026/10/10 22:12:32.174,GPU-40b7c172-fb9d-63ea-58c7-0677967a8583,39637,97887,97,205.90
2026/10/10 22:12:32.701,GPU-40b7c172-fb9d-63ea-58c7-0677967a8583,39637,97887,97,235.51
2026/10/10 22:12:33.230,GPU-40b7c172-fb9d-63ea-58c7-0677967a8583,39637,97887,7,156.21
2026/10/10 22:12:33.757,GPU-40b7c172-fb9d-63ea-58c7-0677967a8583,39637,97887,5,78.96
2026/10/10 22:12:34.283,GPU-40b7c172-fb9d-63ea-58c7-0677967a8583,39637,97887,94,112.75
2026/10/10 22:12:34.810,GPU-40b7c172-fb9d-63ea-58c7-0677967a8583,39637,97887,97,189.15
2026/10/10 22:12:35.338,GPU-40b7c172-fb9d-63ea-58c7-0677967a8583,39637,97887,98,243.31
2026/10/10 22:12:35.865,GPU-40b7c172-fb9d-63ea-58c7-0677967a8583,39637,97887,6,153.95
2026/10/10 22:12:36.394,GPU-40b7c172-fb9d-63ea-58c7-0677967a8583,39637,97887,5,79.16
2026/10/10 22:12:36.921,GPU-40b7c172-fb9d-63ea-58c7-0677967a8583,39637,97887,38,105.25
2026/10/10 22:12:37.450,GPU-40b7c172-fb9d-63ea-58c7-0677967a8583,39637,97887,97,206.91
2026/10/10 22:12:37.977,GPU-40b7c172-fb9d-63ea-58c7-0677967a8583,39637,97887,79,235.92
2026/10/10 22:12:38.504,GPU-40b7c172-fb9d-63ea-58c7-0677967a8583,39637,97887,6,161.44
2026/10/10 22:12:39.032,GPU-40b7c172-fb9d-63ea-58c7-0677967a8583,39637,97887,5,86.07
2026/10/10 22:12:39.559,GPU-40b7c172-fb9d-63ea-58c7-0677967a8583,39637,97887,98,108.82
2026/10/10 22:12:40.095,GPU-40b7c172-fb9d-63ea-58c7-0677967a8583,39637,97887,97,185.58
2026/10/10 22:12:40.623,GPU-40b7c172-fb9d-63ea-58c7-0677967a8583,39637,97887,97,231.28
2026/10/10 22:12:41.152,GPU-40b7c172-fb9d-63ea-58c7-0677967a8583,39637,97887,7,172.35
2026/10/10 22:12:41.678,GPU-40b7c172-fb9d-63ea-58c7-0677967a8583,39637,97887,5,103.62
2026/10/10 22:12:42.204,GPU-40b7c172-fb9d-63ea-58c7-0677967a8583,39637,97887,50,88.34
2026/10/10 22:12:42.729,GPU-40b7c172-fb9d-63ea-58c7-0677967a8583,39637,97887,97,175.21
2026/10/10 22:12:43.258,GPU-40b7c172-fb9d-63ea-58c7-0677967a8583,39637,97887,97,246.34
2026/10/10 22:12:43.784,GPU-40b7c172-fb9d-63ea-58c7-0677967a8583,39637,97887,5,168.46
2026/10/10 22:12:44.311,GPU-40b7c172-fb9d-63ea-58c7-0677967a8583,39637,97887,3,80.59
2026/10/10 22:12:44.838,GPU-40b7c172-fb9d-63ea-58c7-0677967a8583,39637,97887,19,85.52
2026/10/10 22:12:45.366,GPU-40b7c172-fb9d-63ea-58c7-0677967a8583,39637,97887,97,187.18
2026/10/10 22:12:45.895,GPU-40b7c172-fb9d-63ea-58c7-0677967a8583,39637,97887,97,244.75
2026/10/10 22:12:46.423,GPU-40b7c172-fb9d-63ea-58c7-0677967a8583,39637,97887,5,190.14
2026/10/10 22:12:46.951,GPU-40b7c172-fb9d-63ea-58c7-0677967a8583,39637,97887,1,103.20
2026/10/10 22:12:47.486,GPU-40b7c172-fb9d-63ea-58c7-0677967a8583,39637,97887,2,94.40
2026/10/10 22:12:48.012,GPU-40b7c172-fb9d-63ea-58c7-0677967a8583,39637,97887,97,179.78
2026/10/10 22:12:48.541,GPU-40b7c172-fb9d-63ea-58c7-0677967a8583,39637,97887,97,240.97
2026/10/10 22:12:49.068,GPU-40b7c172-fb9d-63ea-58c7-0677967a8583,39637,97887,6,163.34
2026/10/10 22:12:49.593,GPU-40b7c172-fb9d-63ea-58c7-0677967a8583,39637,97887,6,79.48
2026/10/10 22:12:50.120,GPU-40b7c172-fb9d-63ea-58c7-0677967a8583,39637,97887,6,84.80
2026/10/10 22:12:50.646,GPU-40b7c172-fb9d-63ea-58c7-0677967a8583,39637,97887,97,159.52
2026/10/10 22:12:51.175,GPU-40b7c172-fb9d-63ea-58c7-0677967a8583,39637,97887,97,242.48
2026/10/10 22:12:51.713,GPU-40b7c172-fb9d-63ea-58c7-0677967a8583,39637,97887,6,180.90
2026/10/10 22:12:52.241,GPU-40b7c172-fb9d-63ea-58c7-0677967a8583,39637,97887,5,110.53
2026/10/10 22:12:52.772,GPU-40b7c172-fb9d-63ea-58c7-0677967a8583,39637,97887,69,90.02
2026/10/10 22:12:53.301,GPU-40b7c172-fb9d-63ea-58c7-0677967a8583,39637,97887,100,171.98
2026/10/10 22:12:53.828,GPU-40b7c172-fb9d-63ea-58c7-0677967a8583,39637,97887,97,241.34
2026/10/10 22:12:54.359,GPU-40b7c172-fb9d-63ea-58c7-0677967a8583,39637,97887,97,251.51
2026/10/10 22:12:54.889,GPU-40b7c172-fb9d-63ea-58c7-0677967a8583,39637,97887,98,265.90
2026/10/10 22:12:55.418,GPU-40b7c172-fb9d-63ea-58c7-0677967a8583,39637,97887,98,267.30
2026/10/10 22:12:55.959,GPU-40b7c172-fb9d-63ea-58c7-0677967a8583,39637,97887,97,262.51
2026/10/10 22:12:56.486,GPU-40b7c172-fb9d-63ea-58c7-0677967a8583,39637,97887,97,264.55
2026/10/10 22:12:57.021,GPU-40b7c172-fb9d-63ea-58c7-0677967a8583,39637,97887,98,264.17
2026/10/10 22:12:57.551,GPU-40b7c172-fb9d-63ea-58c7-0677967a8583,39637,97887,97,259.71
2026/10/10 22:12:58.088,GPU-40b7c172-fb9d-63ea-58c7-0677967a8583,39637,97887,97,261.97
2026/10/10 22:12:58.618,GPU-40b7c172-fb9d-63ea-58c7-0677967a8583,39637,97887,97,262.78
2026/10/10 22:12:59.146,GPU-40b7c172-fb9d-63ea-58c7-0677967a8583,39637,97887,98,268.02
2026/10/10 22:12:59.675,GPU-40b7c172-fb9d-63ea-58c7-0677967a8583,39637,97887,97,270.44
2026/10/10 22:13:00.206,GPU-40b7c172-fb9d-63ea-58c7-0677967a8583,39637,97887,98,271.29
2026/10/10 22:13:00.735,GPU-40b7c172-fb9d-63ea-58c7-0677967a8583,39637,97887,98,262.07
2026/10/10 22:13:01.264,GPU-40b7c172-fb9d-63ea-58c7-0677967a8583,39637,97887,99,245.45
2026/10/10 22:13:01.794,GPU-40b7c172-fb9d-63ea-58c7-0677967a8583,39637,97887,98,235.11
2026/10/10 22:13:02.322,GPU-40b7c172-fb9d-63ea-58c7-0677967a8583,39637,97887,98,249.98
2026/10/10 22:13:02.851,GPU-40b7c172-fb9d-63ea-58c7-0677967a8583,39637,97887,99,247.96
2026/10/10 22:13:03.379,GPU-40b7c172-fb9d-63ea-58c7-0677967a8583,39637,97887,99,238.17
2026/10/10 22:13:03.907,GPU-40b7c172-fb9d-63ea-58c7-0677967a8583,39637,97887,99,246.72
2026/10/10 22:13:04.437,GPU-40b7c172-fb9d-63ea-58c7-0677967a8583,39637,97887,99,249.54
2026/10/10 22:13:04.968,GPU-40b7c172-fb9d-63ea-58c7-0677967a8583,39637,97887,99,239.07
2026/10/10 22:13:05.499,GPU-40b7c172-fb9d-63ea-58c7-0677967a8583,39637,97887,99,265.39
2026/10/10 22:13:06.027,GPU-40b7c172-fb9d-63ea-58c7-0677967a8583,39637,97887,99,236.12
2026/10/10 22:13:06.559,GPU-40b7c172-fb9d-63ea-58c7-0677967a8583,39637,97887,99,231.93
2026/10/10 22:13:07.087,GPU-40b7c172-fb9d-63ea-58c7-0677967a8583,39637,97887,99,271.37
2026/10/10 22:13:07.615,GPU-40b7c172-fb9d-63ea-58c7-0677967a8583,39637,97887,99,242.49
2026/10/10 22:13:08.143,GPU-40b7c172-fb9d-63ea-58c7-0677967a8583,39637,97887,99,205.59
2026/10/10 22:13:08.671,GPU-40b7c172-fb9d-63ea-58c7-0677967a8583,39637,97887,99,236.80
2026/10/10 22:13:09.198,GPU-40b7c172-fb9d-63ea-58c7-0677967a8583,39637,97887,99,274.58
2026/10/10 22:13:09.737,GPU-40b7c172-fb9d-63ea-58c7-0677967a8583,39637,97887,99,304.08
2026/10/10 22:13:10.265,GPU-40b7c172-fb9d-63ea-58c7-0677967a8583,39637,97887,99,301.64
2026/10/10 22:13:10.800,GPU-40b7c172-fb9d-63ea-58c7-0677967a8583,39637,97887,99,252.51
2026/10/10 22:13:11.328,GPU-40b7c172-fb9d-63ea-58c7-0677967a8583,39637,97887,99,216.55
2026/10/10 22:13:11.859,GPU-40b7c172-fb9d-63ea-58c7-0677967a8583,39637,97887,99,193.68
2026/10/10 22:13:12.387,GPU-40b7c172-fb9d-63ea-58c7-0677967a8583,39637,97887,99,188.40
2026/10/10 22:13:12.913,GPU-40b7c172-fb9d-63ea-58c7-0677967a8583,39637,97887,99,192.17
2026/10/10 22:13:13.442,GPU-40b7c172-fb9d-63ea-58c7-0677967a8583,39637,97887,99,192.65
2026/10/10 22:13:13.974,GPU-40b7c172-fb9d-63ea-58c7-0677967a8583,39637,97887,99,189.64
2026/10/10 22:13:14.501,GPU-40b7c172-fb9d-63ea-58c7-0677967a8583,39637,97887,99,187.86
2026/10/10 22:13:15.029,GPU-40b7c172-fb9d-63ea-58c7-0677967a8583,39637,97887,99,189.54
2026/10/10 22:13:15.557,GPU-40b7c172-fb9d-63ea-58c7-0677967a8583,39637,97887,99,194.67
2026/10/10 22:13:16.086,GPU-40b7c172-fb9d-63ea-58c7-0677967a8583,39637,97887,99,214.59
2026/10/10 22:13:16.619,GPU-40b7c172-fb9d-63ea-58c7-0677967a8583,39637,97887,99,248.01
2026/10/10 22:13:17.146,GPU-40b7c172-fb9d-63ea-58c7-0677967a8583,39637,97887,100,288.58
2026/10/10 22:13:17.672,GPU-40b7c172-fb9d-63ea-58c7-0677967a8583,39637,97887,99,307.31
2026/10/10 22:13:18.198,GPU-40b7c172-fb9d-63ea-58c7-0677967a8583,39637,97887,99,274.29
2026/10/10 22:13:18.726,GPU-40b7c172-fb9d-63ea-58c7-0677967a8583,39637,97887,99,225.62
2026/10/10 22:13:19.255,GPU-40b7c172-fb9d-63ea-58c7-0677967a8583,39637,97887,99,205.68
2026/10/10 22:13:19.783,GPU-40b7c172-fb9d-63ea-58c7-0677967a8583,39637,97887,99,239.12
2026/10/10 22:13:20.311,GPU-40b7c172-fb9d-63ea-58c7-0677967a8583,39637,97887,99,289.89
2026/10/10 22:13:20.839,GPU-40b7c172-fb9d-63ea-58c7-0677967a8583,39637,97887,99,264.28
2026/10/10 22:13:21.372,GPU-40b7c172-fb9d-63ea-58c7-0677967a8583,39637,97887,99,213.60
2026/10/10 22:13:21.906,GPU-40b7c172-fb9d-63ea-58c7-0677967a8583,39637,97887,99,244.78
2026/10/10 22:13:22.440,GPU-40b7c172-fb9d-63ea-58c7-0677967a8583,39637,97887,99,289.76
2026/10/10 22:13:22.970,GPU-40b7c172-fb9d-63ea-58c7-0677967a8583,39637,97887,98,244.71
2026/10/10 22:13:23.501,GPU-40b7c172-fb9d-63ea-58c7-0677967a8583,39637,97887,99,231.98
2026/10/10 22:13:24.032,GPU-40b7c172-fb9d-63ea-58c7-0677967a8583,39637,97887,99,274.63
2026/10/10 22:13:24.563,GPU-40b7c172-fb9d-63ea-58c7-0677967a8583,39637,97887,99,246.82
2026/10/10 22:13:25.091,GPU-40b7c172-fb9d-63ea-58c7-0677967a8583,39637,97887,100,231.35
2026/10/10 22:13:25.619,GPU-40b7c172-fb9d-63ea-58c7-0677967a8583,39637,97887,99,266.30
2026/10/10 22:13:26.148,GPU-40b7c172-fb9d-63ea-58c7-0677967a8583,39637,97887,99,229.74
2026/10/10 22:13:26.675,GPU-40b7c172-fb9d-63ea-58c7-0677967a8583,39637,97887,99,251.86
2026/10/10 22:13:27.202,GPU-40b7c172-fb9d-63ea-58c7-0677967a8583,39637,97887,99,257.66
2026/10/10 22:13:27.730,GPU-40b7c172-fb9d-63ea-58c7-0677967a8583,39637,97887,99,234.99
2026/10/10 22:13:28.258,GPU-40b7c172-fb9d-63ea-58c7-0677967a8583,39637,97887,99,259.87
2026/10/10 22:13:28.791,GPU-40b7c172-fb9d-63ea-58c7-0677967a8583,39637,97887,99,240.41
2026/10/10 22:13:29.326,GPU-40b7c172-fb9d-63ea-58c7-0677967a8583,39637,97887,99,255.56
2026/10/10 22:13:29.853,GPU-40b7c172-fb9d-63ea-58c7-0677967a8583,39637,97887,99,253.93
2026/10/10 22:13:30.381,GPU-40b7c172-fb9d-63ea-58c7-0677967a8583,39637,97887,99,253.05
2026/10/10 22:13:30.909,GPU-40b7c172-fb9d-63ea-58c7-0677967a8583,39637,97887,99,251.54
2026/10/10 22:13:31.438,GPU-40b7c172-fb9d-63ea-58c7-0677967a8583,39637,97887,99,251.92
2026/10/10 22:13:31.969,GPU-40b7c172-fb9d-63ea-58c7-0677967a8583,39637,97887,99,251.76
2026/10/10 22:13:32.498,GPU-40b7c172-fb9d-63ea-58c7-0677967a8583,39637,97887,99,251.75
2026/10/10 22:13:33.026,GPU-40b7c172-fb9d-63ea-58c7-0677967a8583,39637,97887,99,255.47
2026/10/10 22:13:33.557,GPU-40b7c172-fb9d-63ea-58c7-0677967a8583,39637,97887,99,241.24
2026/10/10 22:13:34.084,GPU-40b7c172-fb9d-63ea-58c7-0677967a8583,39637,97887,99,267.72
2026/10/10 22:13:34.614,GPU-40b7c172-fb9d-63ea-58c7-0677967a8583,39637,97887,99,245.02
2026/10/10 22:13:35.141,GPU-40b7c172-fb9d-63ea-58c7-0677967a8583,39637,97887,99,248.02
2026/10/10 22:13:35.676,GPU-40b7c172-fb9d-63ea-58c7-0677967a8583,39637,97887,99,260.07
2026/10/10 22:13:36.203,GPU-40b7c172-fb9d-63ea-58c7-0677967a8583,39637,97887,99,245.96
2026/10/10 22:13:36.732,GPU-40b7c172-fb9d-63ea-58c7-0677967a8583,39637,97887,100,257.36
2026/10/10 22:13:37.277,GPU-40b7c172-fb9d-63ea-58c7-0677967a8583,39637,97887,99,244.02
2026/10/10 22:13:37.812,GPU-40b7c172-fb9d-63ea-58c7-0677967a8583,39637,97887,99,240.90
2026/10/10 22:13:38.341,GPU-40b7c172-fb9d-63ea-58c7-0677967a8583,39637,97887,100,262.86
2026/10/10 22:13:38.870,GPU-40b7c172-fb9d-63ea-58c7-0677967a8583,39637,97887,99,247.03
2026/10/10 22:13:39.397,GPU-40b7c172-fb9d-63ea-58c7-0677967a8583,39637,97887,99,249.96
2026/10/10 22:13:39.926,GPU-40b7c172-fb9d-63ea-58c7-0677967a8583,39637,97887,100,251.81
2026/10/10 22:13:40.456,GPU-40b7c172-fb9d-63ea-58c7-0677967a8583,39637,97887,98,268.61
2026/10/10 22:13:40.986,GPU-40b7c172-fb9d-63ea-58c7-0677967a8583,39637,97887,99,247.52
2026/10/10 22:13:41.518,GPU-40b7c172-fb9d-63ea-58c7-0677967a8583,39637,97887,99,251.09
2026/10/10 22:13:42.046,GPU-40b7c172-fb9d-63ea-58c7-0677967a8583,39637,97887,100,270.29
2026/10/10 22:13:42.577,GPU-40b7c172-fb9d-63ea-58c7-0677967a8583,39637,97887,99,249.53
2026/10/10 22:13:43.105,GPU-40b7c172-fb9d-63ea-58c7-0677967a8583,39637,97887,99,243.41
2026/10/10 22:13:43.632,GPU-40b7c172-fb9d-63ea-58c7-0677967a8583,39637,97887,99,260.64
2026/10/10 22:13:44.160,GPU-40b7c172-fb9d-63ea-58c7-0677967a8583,39637,97887,100,267.06
2026/10/10 22:13:44.687,GPU-40b7c172-fb9d-63ea-58c7-0677967a8583,39637,97887,98,240.21
2026/10/10 22:13:45.217,GPU-40b7c172-fb9d-63ea-58c7-0677967a8583,39637,97887,99,241.86
2026/10/10 22:13:45.745,GPU-40b7c172-fb9d-63ea-58c7-0677967a8583,39637,97887,99,258.20
2026/10/10 22:13:46.277,GPU-40b7c172-fb9d-63ea-58c7-0677967a8583,39637,97887,99,272.46
2026/10/10 22:13:46.807,GPU-40b7c172-fb9d-63ea-58c7-0677967a8583,39637,97887,99,251.01
2026/10/10 22:13:47.338,GPU-40b7c172-fb9d-63ea-58c7-0677967a8583,39637,97887,99,243.16
2026/10/10 22:13:47.868,GPU-40b7c172-fb9d-63ea-58c7-0677967a8583,39637,97887,99,257.28
2026/10/10 22:13:48.397,GPU-40b7c172-fb9d-63ea-58c7-0677967a8583,39637,97887,100,269.49
2026/10/10 22:13:48.928,GPU-40b7c172-fb9d-63ea-58c7-0677967a8583,39637,97887,100,267.46
2026/10/10 22:13:49.460,GPU-40b7c172-fb9d-63ea-58c7-0677967a8583,39637,97887,99,259.64
2026/10/10 22:13:49.988,GPU-40b7c172-fb9d-63ea-58c7-0677967a8583,39637,97887,98,247.14
2026/10/10 22:13:50.519,GPU-40b7c172-fb9d-63ea-58c7-0677967a8583,39637,97887,98,244.84
2026/10/10 22:13:51.050,GPU-40b7c172-fb9d-63ea-58c7-0677967a8583,39637,97887,99,262.25
2026/10/10 22:13:51.595,GPU-40b7c172-fb9d-63ea-58c7-0677967a8583,39637,97887,100,263.93
2026/10/10 22:13:52.125,GPU-40b7c172-fb9d-63ea-58c7-0677967a8583,39637,97887,99,261.23
2026/10/10 22:13:52.658,GPU-40b7c172-fb9d-63ea-58c7-0677967a8583,39637,97887,100,253.44
2026/10/10 22:13:53.187,GPU-40b7c172-fb9d-63ea-58c7-0677967a8583,39637,97887,97,245.69
2026/10/10 22:13:53.745,GPU-40b7c172-fb9d-63ea-58c7-0677967a8583,39637,97887,97,247.86
2026/10/10 22:13:54.293,GPU-40b7c172-fb9d-63ea-58c7-0677967a8583,39637,97887,97,242.15
2026/10/10 22:13:54.825,GPU-40b7c172-fb9d-63ea-58c7-0677967a8583,39637,97887,97,243.48
2026/10/10 22:13:55.373,GPU-40b7c172-fb9d-63ea-58c7-0677967a8583,39637,97887,96,251.21
2026/10/10 22:13:55.908,GPU-40b7c172-fb9d-63ea-58c7-0677967a8583,39637,97887,97,254.82
2026/10/10 22:13:56.443,GPU-40b7c172-fb9d-63ea-58c7-0677967a8583,39637,97887,97,252.52
2026/10/10 22:13:56.978,GPU-40b7c172-fb9d-63ea-58c7-0677967a8583,39637,97887,97,264.48
2026/10/10 22:13:57.511,GPU-40b7c172-fb9d-63ea-58c7-0677967a8583,39637,97887,97,259.74
2026/10/10 22:13:58.042,GPU-40b7c172-fb9d-63ea-58c7-0677967a8583,39637,97887,97,260.48
2026/10/10 22:13:58.579,GPU-40b7c172-fb9d-63ea-58c7-0677967a8583,39637,97887,97,265.24
2026/10/10 22:13:59.107,GPU-40b7c172-fb9d-63ea-58c7-0677967a8583,39637,97887,97,264.38
2026/10/10 22:13:59.635,GPU-40b7c172-fb9d-63ea-58c7-0677967a8583,39637,97887,97,257.57
2026/10/10 22:14:00.167,GPU-40b7c172-fb9d-63ea-58c7-0677967a8583,39637,97887,97,255.64
2026/10/10 22:14:00.697,GPU-40b7c172-fb9d-63ea-58c7-0677967a8583,39637,97887,97,259.12
2026/10/10 22:14:01.225,GPU-40b7c172-fb9d-63ea-58c7-0677967a8583,39637,97887,100,266.38
2026/10/10 22:14:01.753,GPU-40b7c172-fb9d-63ea-58c7-0677967a8583,39637,97887,100,259.69
2026/10/10 22:14:02.292,GPU-40b7c172-fb9d-63ea-58c7-0677967a8583,39637,97887,97,252.89
2026/10/10 22:14:02.820,GPU-40b7c172-fb9d-63ea-58c7-0677967a8583,39637,97887,97,250.63
2026/10/10 22:14:03.349,GPU-40b7c172-fb9d-63ea-58c7-0677967a8583,39637,97887,97,252.23
2026/10/10 22:14:03.878,GPU-40b7c172-fb9d-63ea-58c7-0677967a8583,39637,97887,100,251.42
2026/10/10 22:14:04.405,GPU-40b7c172-fb9d-63ea-58c7-0677967a8583,39637,97887,98,255.42
2026/10/10 22:14:04.937,GPU-40b7c172-fb9d-63ea-58c7-0677967a8583,39637,97887,98,252.07
2026/10/10 22:14:05.465,GPU-40b7c172-fb9d-63ea-58c7-0677967a8583,39637,97887,97,244.11
2026/10/10 22:14:05.995,GPU-40b7c172-fb9d-63ea-58c7-0677967a8583,39637,97887,97,256.04
2026/10/10 22:14:06.524,GPU-40b7c172-fb9d-63ea-58c7-0677967a8583,39637,97887,97,252.08
2026/10/10 22:14:07.053,GPU-40b7c172-fb9d-63ea-58c7-0677967a8583,39637,97887,97,251.83
2026/10/10 22:14:07.585,GPU-40b7c172-fb9d-63ea-58c7-0677967a8583,39637,97887,97,256.58
2026/10/10 22:14:08.116,GPU-40b7c172-fb9d-63ea-58c7-0677967a8583,39637,97887,97,249.44
2026/10/10 22:14:08.655,GPU-40b7c172-fb9d-63ea-58c7-0677967a8583,39637,97887,97,256.12
2026/10/10 22:14:09.188,GPU-40b7c172-fb9d-63ea-58c7-0677967a8583,39637,97887,97,257.76
2026/10/10 22:14:09.718,GPU-40b7c172-fb9d-63ea-58c7-0677967a8583,39637,97887,97,259.41
2026/10/10 22:14:10.250,GPU-40b7c172-fb9d-63ea-58c7-0677967a8583,39637,97887,97,254.73
2026/10/10 22:14:10.788,GPU-40b7c172-fb9d-63ea-58c7-0677967a8583,39637,97887,96,260.98
2026/10/10 22:14:11.320,GPU-40b7c172-fb9d-63ea-58c7-0677967a8583,39637,97887,97,262.38
2026/10/10 22:14:11.852,GPU-40b7c172-fb9d-63ea-58c7-0677967a8583,39637,97887,96,262.17
2026/10/10 22:14:12.381,GPU-40b7c172-fb9d-63ea-58c7-0677967a8583,39637,97887,100,263.91
2026/10/10 22:14:12.909,GPU-40b7c172-fb9d-63ea-58c7-0677967a8583,39637,97887,99,263.43
2026/10/10 22:14:13.442,GPU-40b7c172-fb9d-63ea-58c7-0677967a8583,39637,97887,96,262.35
2026/10/10 22:14:13.977,GPU-40b7c172-fb9d-63ea-58c7-0677967a8583,39637,97887,97,253.51
2026/10/10 22:14:14.507,GPU-40b7c172-fb9d-63ea-58c7-0677967a8583,39637,97887,99,248.17
2026/10/10 22:14:15.049,GPU-40b7c172-fb9d-63ea-58c7-0677967a8583,39637,97887,100,254.80
2026/10/10 22:14:15.580,GPU-40b7c172-fb9d-63ea-58c7-0677967a8583,39637,97887,96,255.68
2026/10/10 22:14:16.112,GPU-40b7c172-fb9d-63ea-58c7-0677967a8583,39637,97887,98,259.21
2026/10/10 22:14:16.646,GPU-40b7c172-fb9d-63ea-58c7-0677967a8583,39637,97887,100,263.01
2026/10/10 22:14:17.173,GPU-40b7c172-fb9d-63ea-58c7-0677967a8583,39637,97887,97,257.35
2026/10/10 22:14:17.701,GPU-40b7c172-fb9d-63ea-58c7-0677967a8583,39637,97887,97,256.90
2026/10/10 22:14:18.229,GPU-40b7c172-fb9d-63ea-58c7-0677967a8583,39637,97887,97,252.21
2026/10/10 22:14:18.759,GPU-40b7c172-fb9d-63ea-58c7-0677967a8583,39637,97887,96,258.09
2026/10/10 22:14:19.290,GPU-40b7c172-fb9d-63ea-58c7-0677967a8583,39637,97887,97,257.80
2026/10/10 22:14:19.820,GPU-40b7c172-fb9d-63ea-58c7-0677967a8583,39637,97887,97,263.07
2026/10/10 22:14:20.347,GPU-40b7c172-fb9d-63ea-58c7-0677967a8583,39637,97887,97,263.24
2026/10/10 22:14:20.876,GPU-40b7c172-fb9d-63ea-58c7-0677967a8583,39637,97887,97,265.06
2026/10/10 22:14:21.403,GPU-40b7c172-fb9d-63ea-58c7-0677967a8583,39637,97887,96,258.12
2026/10/10 22:14:21.929,GPU-40b7c172-fb9d-63ea-58c7-0677967a8583,39637,97887,97,257.82
2026/10/10 22:14:22.457,GPU-40b7c172-fb9d-63ea-58c7-0677967a8583,39637,97887,96,261.83
2026/10/10 22:14:22.985,GPU-40b7c172-fb9d-63ea-58c7-0677967a8583,39637,97887,100,261.02
2026/10/10 22:14:23.512,GPU-40b7c172-fb9d-63ea-58c7-0677967a8583,39637,97887,99,251.97
2026/10/10 22:14:24.039,GPU-40b7c172-fb9d-63ea-58c7-0677967a8583,39637,97887,97,251.54
2026/10/10 22:14:24.567,GPU-40b7c172-fb9d-63ea-58c7-0677967a8583,39637,97887,97,257.68
2026/10/10 22:14:25.095,GPU-40b7c172-fb9d-63ea-58c7-0677967a8583,39637,97887,100,252.13
2026/10/10 22:14:25.623,GPU-40b7c172-fb9d-63ea-58c7-0677967a8583,39637,97887,97,248.38
2026/10/10 22:14:26.149,GPU-40b7c172-fb9d-63ea-58c7-0677967a8583,39637,97887,95,245.97
2026/10/10 22:14:26.688,GPU-40b7c172-fb9d-63ea-58c7-0677967a8583,39637,97887,97,245.69
2026/10/10 22:14:27.215,GPU-40b7c172-fb9d-63ea-58c7-0677967a8583,39637,97887,97,243.26
2026/10/10 22:14:27.742,GPU-40b7c172-fb9d-63ea-58c7-0677967a8583,39637,97887,97,265.48
2026/10/10 22:14:28.269,GPU-40b7c172-fb9d-63ea-58c7-0677967a8583,39637,97887,97,264.54
2026/10/10 22:14:28.796,GPU-40b7c172-fb9d-63ea-58c7-0677967a8583,39637,97887,97,256.59
2026/10/10 22:14:29.323,GPU-40b7c172-fb9d-63ea-58c7-0677967a8583,39637,97887,97,259.96
2026/10/10 22:14:29.849,GPU-40b7c172-fb9d-63ea-58c7-0677967a8583,39637,97887,96,259.42
2026/10/10 22:14:30.379,GPU-40b7c172-fb9d-63ea-58c7-0677967a8583,39637,97887,97,258.45
2026/10/10 22:14:30.905,GPU-40b7c172-fb9d-63ea-58c7-0677967a8583,39637,97887,97,266.40
2026/10/10 22:14:31.432,GPU-40b7c172-fb9d-63ea-58c7-0677967a8583,39637,97887,100,269.44
2026/10/10 22:14:31.960,GPU-40b7c172-fb9d-63ea-58c7-0677967a8583,39637,97887,100,260.40
2026/10/10 22:14:32.487,GPU-40b7c172-fb9d-63ea-58c7-0677967a8583,39637,97887,99,255.75
2026/10/10 22:14:33.016,GPU-40b7c172-fb9d-63ea-58c7-0677967a8583,39637,97887,97,252.10
2026/10/10 22:14:33.543,GPU-40b7c172-fb9d-63ea-58c7-0677967a8583,39637,97887,96,246.95
2026/10/10 22:14:34.070,GPU-40b7c172-fb9d-63ea-58c7-0677967a8583,39637,97887,98,261.14
2026/10/10 22:14:34.597,GPU-40b7c172-fb9d-63ea-58c7-0677967a8583,39637,97887,97,256.74
2026/10/10 22:14:35.124,GPU-40b7c172-fb9d-63ea-58c7-0677967a8583,39637,97887,97,253.47
2026/10/10 22:14:35.659,GPU-40b7c172-fb9d-63ea-58c7-0677967a8583,39637,97887,95,247.18
2026/10/10 22:14:36.191,GPU-40b7c172-fb9d-63ea-58c7-0677967a8583,39637,97887,97,245.22
2026/10/10 22:14:36.719,GPU-40b7c172-fb9d-63ea-58c7-0677967a8583,39637,97887,97,251.96
2026/10/10 22:14:37.245,GPU-40b7c172-fb9d-63ea-58c7-0677967a8583,39637,97887,97,249.27
2026/10/10 22:14:37.774,GPU-40b7c172-fb9d-63ea-58c7-0677967a8583,39637,97887,97,258.11
2026/10/10 22:14:38.307,GPU-40b7c172-fb9d-63ea-58c7-0677967a8583,39637,97887,97,257.90
2026/10/10 22:14:38.837,GPU-40b7c172-fb9d-63ea-58c7-0677967a8583,39637,97887,97,266.32
2026/10/10 22:14:39.394,GPU-40b7c172-fb9d-63ea-58c7-0677967a8583,39637,97887,97,267.35
2026/10/10 22:14:39.924,GPU-40b7c172-fb9d-63ea-58c7-0677967a8583,39637,97887,97,272.83
2026/10/10 22:14:40.452,GPU-40b7c172-fb9d-63ea-58c7-0677967a8583,39637,97887,100,260.50
2026/10/10 22:14:40.985,GPU-40b7c172-fb9d-63ea-58c7-0677967a8583,39637,97887,96,254.22
2026/10/10 22:14:41.512,GPU-40b7c172-fb9d-63ea-58c7-0677967a8583,39637,97887,97,260.33
2026/10/10 22:14:42.041,GPU-40b7c172-fb9d-63ea-58c7-0677967a8583,39637,97887,97,252.15
2026/10/10 22:14:42.569,GPU-40b7c172-fb9d-63ea-58c7-0677967a8583,39637,97887,100,258.10
2026/10/10 22:14:43.097,GPU-40b7c172-fb9d-63ea-58c7-0677967a8583,39637,97887,100,258.19
2026/10/10 22:14:43.625,GPU-40b7c172-fb9d-63ea-58c7-0677967a8583,39637,97887,97,247.74
2026/10/10 22:14:44.155,GPU-40b7c172-fb9d-63ea-58c7-0677967a8583,39637,97887,97,242.05
2026/10/10 22:14:44.682,GPU-40b7c172-fb9d-63ea-58c7-0677967a8583,39637,97887,100,245.49
2026/10/10 22:14:45.209,GPU-40b7c172-fb9d-63ea-58c7-0677967a8583,39637,97887,97,247.32
2026/10/10 22:14:45.738,GPU-40b7c172-fb9d-63ea-58c7-0677967a8583,39637,97887,98,257.50
2026/10/10 22:14:46.265,GPU-40b7c172-fb9d-63ea-58c7-0677967a8583,39637,97887,97,255.74
2026/10/10 22:14:46.792,GPU-40b7c172-fb9d-63ea-58c7-0677967a8583,39637,97887,97,256.20
2026/10/10 22:14:47.321,GPU-40b7c172-fb9d-63ea-58c7-0677967a8583,39637,97887,97,256.01
2026/10/10 22:14:47.849,GPU-40b7c172-fb9d-63ea-58c7-0677967a8583,39637,97887,96,254.88
2026/10/10 22:14:48.378,GPU-40b7c172-fb9d-63ea-58c7-0677967a8583,39637,97887,97,252.54
2026/10/10 22:14:48.907,GPU-40b7c172-fb9d-63ea-58c7-0677967a8583,39637,97887,97,255.17
2026/10/10 22:14:49.434,GPU-40b7c172-fb9d-63ea-58c7-0677967a8583,39637,97887,97,252.76
2026/10/10 22:14:49.965,GPU-40b7c172-fb9d-63ea-58c7-0677967a8583,39637,97887,96,268.44
2026/10/10 22:14:50.494,GPU-40b7c172-fb9d-63ea-58c7-0677967a8583,39637,97887,97,260.89
2026/10/10 22:14:51.020,GPU-40b7c172-fb9d-63ea-58c7-0677967a8583,39637,97887,100,258.77
2026/10/10 22:14:51.548,GPU-40b7c172-fb9d-63ea-58c7-0677967a8583,39637,97887,97,253.37
2026/10/10 22:14:52.077,GPU-40b7c172-fb9d-63ea-58c7-0677967a8583,39637,97887,96,266.73
2026/10/10 22:14:52.604,GPU-40b7c172-fb9d-63ea-58c7-0677967a8583,39637,97887,98,253.62
2026/10/10 22:14:53.133,GPU-40b7c172-fb9d-63ea-58c7-0677967a8583,39637,97887,100,252.01
2026/10/10 22:14:53.661,GPU-40b7c172-fb9d-63ea-58c7-0677967a8583,39637,97887,97,249.85
2026/10/10 22:14:54.189,GPU-40b7c172-fb9d-63ea-58c7-0677967a8583,39637,97887,97,251.08
2026/10/10 22:14:54.720,GPU-40b7c172-fb9d-63ea-58c7-0677967a8583,39637,97887,97,246.64
2026/10/10 22:14:55.247,GPU-40b7c172-fb9d-63ea-58c7-0677967a8583,39637,97887,97,258.56
2026/10/10 22:14:55.786,GPU-40b7c172-fb9d-63ea-58c7-0677967a8583,39637,97887,97,251.10
2026/10/10 22:14:56.317,GPU-40b7c172-fb9d-63ea-58c7-0677967a8583,39637,97887,97,251.32
2026/10/10 22:14:56.846,GPU-40b7c172-fb9d-63ea-58c7-0677967a8583,39637,97887,96,255.12
2026/10/10 22:14:57.374,GPU-40b7c172-fb9d-63ea-58c7-0677967a8583,39637,97887,97,249.09
2026/10/10 22:14:57.900,GPU-40b7c172-fb9d-63ea-58c7-0677967a8583,39637,97887,97,253.26
2026/10/10 22:14:58.426,GPU-40b7c172-fb9d-63ea-58c7-0677967a8583,39637,97887,97,252.82
2026/10/10 22:14:58.955,GPU-40b7c172-fb9d-63ea-58c7-0677967a8583,39637,97887,97,254.16
2026/10/10 22:14:59.481,GPU-40b7c172-fb9d-63ea-58c7-0677967a8583,39637,97887,99,262.46
2026/10/10 22:15:00.018,GPU-40b7c172-fb9d-63ea-58c7-0677967a8583,39637,97887,97,262.05
2026/10/10 22:15:00.546,GPU-40b7c172-fb9d-63ea-58c7-0677967a8583,39637,97887,97,260.30
2026/10/10 22:15:01.078,GPU-40b7c172-fb9d-63ea-58c7-0677967a8583,39637,97887,97,255.27
2026/10/10 22:15:01.604,GPU-40b7c172-fb9d-63ea-58c7-0677967a8583,39637,97887,99,252.48
2026/10/10 22:15:02.132,GPU-40b7c172-fb9d-63ea-58c7-0677967a8583,39637,97887,100,247.72
2026/10/10 22:15:02.659,GPU-40b7c172-fb9d-63ea-58c7-0677967a8583,39637,97887,98,241.07
2026/10/10 22:15:03.185,GPU-40b7c172-fb9d-63ea-58c7-0677967a8583,39637,97887,98,248.44
2026/10/10 22:15:03.715,GPU-40b7c172-fb9d-63ea-58c7-0677967a8583,39637,97887,97,252.76
2026/10/10 22:15:04.242,GPU-40b7c172-fb9d-63ea-58c7-0677967a8583,39637,97887,97,258.08
2026/10/10 22:15:04.767,GPU-40b7c172-fb9d-63ea-58c7-0677967a8583,39637,97887,98,261.31
2026/10/10 22:15:05.294,GPU-40b7c172-fb9d-63ea-58c7-0677967a8583,39637,97887,97,253.24
2026/10/10 22:15:05.822,GPU-40b7c172-fb9d-63ea-58c7-0677967a8583,39637,97887,97,262.80
2026/10/10 22:15:06.349,GPU-40b7c172-fb9d-63ea-58c7-0677967a8583,39637,97887,97,258.94
2026/10/10 22:15:06.878,GPU-40b7c172-fb9d-63ea-58c7-0677967a8583,39637,97887,96,265.60
2026/10/10 22:15:07.406,GPU-40b7c172-fb9d-63ea-58c7-0677967a8583,39637,97887,96,276.60
2026/10/10 22:15:07.934,GPU-40b7c172-fb9d-63ea-58c7-0677967a8583,39637,97887,97,262.69
2026/10/10 22:15:08.461,GPU-40b7c172-fb9d-63ea-58c7-0677967a8583,39637,97887,99,256.83
2026/10/10 22:15:08.989,GPU-40b7c172-fb9d-63ea-58c7-0677967a8583,39637,97887,100,253.21
2026/10/10 22:15:09.520,GPU-40b7c172-fb9d-63ea-58c7-0677967a8583,39637,97887,99,254.11
2026/10/10 22:15:10.049,GPU-40b7c172-fb9d-63ea-58c7-0677967a8583,39637,97887,97,253.35
2026/10/10 22:15:10.602,GPU-40b7c172-fb9d-63ea-58c7-0677967a8583,39637,97887,97,261.06
2026/10/10 22:15:11.133,GPU-40b7c172-fb9d-63ea-58c7-0677967a8583,39637,97887,97,243.84
2026/10/10 22:15:11.676,GPU-40b7c172-fb9d-63ea-58c7-0677967a8583,39637,97887,97,248.66
2026/10/10 22:15:12.207,GPU-40b7c172-fb9d-63ea-58c7-0677967a8583,39637,97887,97,245.75
2026/10/10 22:15:12.738,GPU-40b7c172-fb9d-63ea-58c7-0677967a8583,39637,97887,97,243.62
2026/10/10 22:15:13.266,GPU-40b7c172-fb9d-63ea-58c7-0677967a8583,39637,97887,97,256.01
2026/10/10 22:15:13.795,GPU-40b7c172-fb9d-63ea-58c7-0677967a8583,39637,97887,97,240.75
2026/10/10 22:15:14.327,GPU-40b7c172-fb9d-63ea-58c7-0677967a8583,39637,97887,97,254.91
2026/10/10 22:15:14.857,GPU-40b7c172-fb9d-63ea-58c7-0677967a8583,39637,97887,97,258.60
2026/10/10 22:15:15.389,GPU-40b7c172-fb9d-63ea-58c7-0677967a8583,39637,97887,97,261.46
2026/10/10 22:15:15.917,GPU-40b7c172-fb9d-63ea-58c7-0677967a8583,39637,97887,97,260.33
2026/10/10 22:15:16.444,GPU-40b7c172-fb9d-63ea-58c7-0677967a8583,39637,97887,97,261.23
2026/10/10 22:15:16.972,GPU-40b7c172-fb9d-63ea-58c7-0677967a8583,39637,97887,97,261.95
2026/10/10 22:15:17.498,GPU-40b7c172-fb9d-63ea-58c7-0677967a8583,39637,97887,97,264.51
2026/10/10 22:15:18.026,GPU-40b7c172-fb9d-63ea-58c7-0677967a8583,39637,97887,100,267.38
2026/10/10 22:15:18.554,GPU-40b7c172-fb9d-63ea-58c7-0677967a8583,39637,97887,100,257.68
2026/10/10 22:15:19.082,GPU-40b7c172-fb9d-63ea-58c7-0677967a8583,39637,97887,98,245.49
2026/10/10 22:15:19.610,GPU-40b7c172-fb9d-63ea-58c7-0677967a8583,39637,97887,97,244.75
2026/10/10 22:15:20.139,GPU-40b7c172-fb9d-63ea-58c7-0677967a8583,39637,97887,97,244.08
2026/10/10 22:15:20.666,GPU-40b7c172-fb9d-63ea-58c7-0677967a8583,39637,97887,97,253.76
2026/10/10 22:15:21.208,GPU-40b7c172-fb9d-63ea-58c7-0677967a8583,39637,97887,97,256.53
2026/10/10 22:15:21.739,GPU-40b7c172-fb9d-63ea-58c7-0677967a8583,39637,97887,97,265.68
2026/10/10 22:15:22.273,GPU-40b7c172-fb9d-63ea-58c7-0677967a8583,39637,97887,97,259.98
2026/10/10 22:15:22.815,GPU-40b7c172-fb9d-63ea-58c7-0677967a8583,39637,97887,97,252.07
2026/10/10 22:15:23.344,GPU-40b7c172-fb9d-63ea-58c7-0677967a8583,39637,97887,97,259.63
2026/10/10 22:15:23.872,GPU-40b7c172-fb9d-63ea-58c7-0677967a8583,39637,97887,97,260.02
2026/10/10 22:15:24.402,GPU-40b7c172-fb9d-63ea-58c7-0677967a8583,39637,97887,97,262.14
2026/10/10 22:15:24.930,GPU-40b7c172-fb9d-63ea-58c7-0677967a8583,39637,97887,97,259.95
2026/10/10 22:15:25.459,GPU-40b7c172-fb9d-63ea-58c7-0677967a8583,39637,97887,99,250.92
2026/10/10 22:15:25.993,GPU-40b7c172-fb9d-63ea-58c7-0677967a8583,39637,97887,97,259.93
2026/10/10 22:15:26.520,GPU-40b7c172-fb9d-63ea-58c7-0677967a8583,39637,97887,97,265.87
2026/10/10 22:15:27.048,GPU-40b7c172-fb9d-63ea-58c7-0677967a8583,39637,97887,100,266.37
2026/10/10 22:15:27.578,GPU-40b7c172-fb9d-63ea-58c7-0677967a8583,39637,97887,100,259.98
2026/10/10 22:15:28.105,GPU-40b7c172-fb9d-63ea-58c7-0677967a8583,39637,97887,97,260.48
2026/10/10 22:15:28.638,GPU-40b7c172-fb9d-63ea-58c7-0677967a8583,39637,97887,97,246.49
2026/10/10 22:15:29.169,GPU-40b7c172-fb9d-63ea-58c7-0677967a8583,39637,97887,97,252.24
2026/10/10 22:15:29.698,GPU-40b7c172-fb9d-63ea-58c7-0677967a8583,39637,97887,97,251.26
2026/10/10 22:15:30.229,GPU-40b7c172-fb9d-63ea-58c7-0677967a8583,39637,97887,97,246.25
2026/10/10 22:15:30.760,GPU-40b7c172-fb9d-63ea-58c7-0677967a8583,39637,97887,97,246.59
2026/10/10 22:15:31.294,GPU-40b7c172-fb9d-63ea-58c7-0677967a8583,39637,97887,97,255.30
2026/10/10 22:15:31.828,GPU-40b7c172-fb9d-63ea-58c7-0677967a8583,39637,97887,97,251.37
2026/10/10 22:15:32.359,GPU-40b7c172-fb9d-63ea-58c7-0677967a8583,39637,97887,97,253.50
2026/10/10 22:15:32.889,GPU-40b7c172-fb9d-63ea-58c7-0677967a8583,39637,97887,97,258.99
2026/10/10 22:15:33.422,GPU-40b7c172-fb9d-63ea-58c7-0677967a8583,39637,97887,97,257.22
2026/10/10 22:15:33.952,GPU-40b7c172-fb9d-63ea-58c7-0677967a8583,39637,97887,97,257.83
2026/10/10 22:15:34.485,GPU-40b7c172-fb9d-63ea-58c7-0677967a8583,39637,97887,100,250.39
2026/10/10 22:15:35.013,GPU-40b7c172-fb9d-63ea-58c7-0677967a8583,39637,97887,97,255.78
2026/10/10 22:15:35.541,GPU-40b7c172-fb9d-63ea-58c7-0677967a8583,39637,97887,97,256.89
2026/10/10 22:15:36.068,GPU-40b7c172-fb9d-63ea-58c7-0677967a8583,39637,97887,97,251.29
2026/10/10 22:15:36.595,GPU-40b7c172-fb9d-63ea-58c7-0677967a8583,39637,97887,99,250.28
2026/10/10 22:15:37.121,GPU-40b7c172-fb9d-63ea-58c7-0677967a8583,39637,97887,100,258.04
2026/10/10 22:15:37.647,GPU-40b7c172-fb9d-63ea-58c7-0677967a8583,39637,97887,97,254.92
2026/10/10 22:15:38.174,GPU-40b7c172-fb9d-63ea-58c7-0677967a8583,39637,97887,97,259.83
2026/10/10 22:15:38.700,GPU-40b7c172-fb9d-63ea-58c7-0677967a8583,39637,97887,97,254.69
2026/10/10 22:15:39.226,GPU-40b7c172-fb9d-63ea-58c7-0677967a8583,39637,97887,97,257.82
2026/10/10 22:15:39.753,GPU-40b7c172-fb9d-63ea-58c7-0677967a8583,39637,97887,97,254.62
2026/10/10 22:15:40.294,GPU-40b7c172-fb9d-63ea-58c7-0677967a8583,39637,97887,97,259.44
2026/10/10 22:15:40.832,GPU-40b7c172-fb9d-63ea-58c7-0677967a8583,39637,97887,97,256.89
2026/10/10 22:15:41.361,GPU-40b7c172-fb9d-63ea-58c7-0677967a8583,39637,97887,97,258.27
2026/10/10 22:15:41.890,GPU-40b7c172-fb9d-63ea-58c7-0677967a8583,39637,97887,99,260.02
2026/10/10 22:15:42.418,GPU-40b7c172-fb9d-63ea-58c7-0677967a8583,39637,97887,97,265.83
2026/10/10 22:15:42.947,GPU-40b7c172-fb9d-63ea-58c7-0677967a8583,39637,97887,97,267.12
2026/10/10 22:15:43.476,GPU-40b7c172-fb9d-63ea-58c7-0677967a8583,39637,97887,97,248.27
2026/10/10 22:15:44.003,GPU-40b7c172-fb9d-63ea-58c7-0677967a8583,39637,97887,99,245.47
2026/10/10 22:15:44.530,GPU-40b7c172-fb9d-63ea-58c7-0677967a8583,39637,97887,100,254.67
2026/10/10 22:15:45.058,GPU-40b7c172-fb9d-63ea-58c7-0677967a8583,39637,97887,97,245.91
2026/10/10 22:15:45.585,GPU-40b7c172-fb9d-63ea-58c7-0677967a8583,39637,97887,97,250.50
2026/10/10 22:15:46.114,GPU-40b7c172-fb9d-63ea-58c7-0677967a8583,39637,97887,97,245.79
2026/10/10 22:15:46.641,GPU-40b7c172-fb9d-63ea-58c7-0677967a8583,39637,97887,96,246.65
2026/10/10 22:15:47.174,GPU-40b7c172-fb9d-63ea-58c7-0677967a8583,39637,97887,97,246.41
2026/10/10 22:15:47.704,GPU-40b7c172-fb9d-63ea-58c7-0677967a8583,39637,97887,97,248.54
2026/10/10 22:15:48.231,GPU-40b7c172-fb9d-63ea-58c7-0677967a8583,39637,97887,97,257.00
2026/10/10 22:15:48.758,GPU-40b7c172-fb9d-63ea-58c7-0677967a8583,39637,97887,97,249.60
2026/10/10 22:15:49.286,GPU-40b7c172-fb9d-63ea-58c7-0677967a8583,39637,97887,97,255.93
2026/10/10 22:15:49.815,GPU-40b7c172-fb9d-63ea-58c7-0677967a8583,39637,97887,97,258.39
2026/10/10 22:15:50.343,GPU-40b7c172-fb9d-63ea-58c7-0677967a8583,39637,97887,97,258.08
2026/10/10 22:15:50.871,GPU-40b7c172-fb9d-63ea-58c7-0677967a8583,39637,97887,97,265.05
2026/10/10 22:15:51.402,GPU-40b7c172-fb9d-63ea-58c7-0677967a8583,39637,97887,97,266.88
2026/10/10 22:15:51.928,GPU-40b7c172-fb9d-63ea-58c7-0677967a8583,39637,97887,97,267.71
2026/10/10 22:15:52.457,GPU-40b7c172-fb9d-63ea-58c7-0677967a8583,39637,97887,100,269.52
2026/10/10 22:15:52.983,GPU-40b7c172-fb9d-63ea-58c7-0677967a8583,39637,97887,100,252.94
2026/10/10 22:15:53.511,GPU-40b7c172-fb9d-63ea-58c7-0677967a8583,39637,97887,97,251.89
2026/10/10 22:15:54.042,GPU-40b7c172-fb9d-63ea-58c7-0677967a8583,39637,97887,97,258.33
2026/10/10 22:15:54.568,GPU-40b7c172-fb9d-63ea-58c7-0677967a8583,39637,97887,97,247.92
2026/10/10 22:15:55.094,GPU-40b7c172-fb9d-63ea-58c7-0677967a8583,39637,97887,97,254.45
2026/10/10 22:15:55.624,GPU-40b7c172-fb9d-63ea-58c7-0677967a8583,39637,97887,97,251.16
2026/10/10 22:15:56.162,GPU-40b7c172-fb9d-63ea-58c7-0677967a8583,39637,97887,97,257.58
2026/10/10 22:15:56.690,GPU-40b7c172-fb9d-63ea-58c7-0677967a8583,39637,97887,97,255.35
2026/10/10 22:15:57.218,GPU-40b7c172-fb9d-63ea-58c7-0677967a8583,39637,97887,97,254.72
2026/10/10 22:15:57.743,GPU-40b7c172-fb9d-63ea-58c7-0677967a8583,39637,97887,97,252.11
2026/10/10 22:15:58.270,GPU-40b7c172-fb9d-63ea-58c7-0677967a8583,39637,97887,97,257.88
2026/10/10 22:15:58.805,GPU-40b7c172-fb9d-63ea-58c7-0677967a8583,39637,97887,97,253.44
2026/10/10 22:15:59.331,GPU-40b7c172-fb9d-63ea-58c7-0677967a8583,39637,97887,100,254.67
2026/10/10 22:15:59.859,GPU-40b7c172-fb9d-63ea-58c7-0677967a8583,39637,97887,100,256.28
2026/10/10 22:16:00.388,GPU-40b7c172-fb9d-63ea-58c7-0677967a8583,39637,97887,100,249.84
2026/10/10 22:16:00.913,GPU-40b7c172-fb9d-63ea-58c7-0677967a8583,39637,97887,98,240.51
2026/10/10 22:16:01.444,GPU-40b7c172-fb9d-63ea-58c7-0677967a8583,39637,97887,98,247.73
2026/10/10 22:16:01.971,GPU-40b7c172-fb9d-63ea-58c7-0677967a8583,39637,97887,98,253.25
2026/10/10 22:16:02.499,GPU-40b7c172-fb9d-63ea-58c7-0677967a8583,39637,97887,98,268.25
2026/10/10 22:16:03.026,GPU-40b7c172-fb9d-63ea-58c7-0677967a8583,39637,97887,97,261.61
2026/10/10 22:16:03.553,GPU-40b7c172-fb9d-63ea-58c7-0677967a8583,39637,97887,97,251.65
2026/10/10 22:16:04.084,GPU-40b7c172-fb9d-63ea-58c7-0677967a8583,39637,97887,97,256.18
2026/10/10 22:16:04.614,GPU-40b7c172-fb9d-63ea-58c7-0677967a8583,39637,97887,97,263.01
2026/10/10 22:16:05.140,GPU-40b7c172-fb9d-63ea-58c7-0677967a8583,39637,97887,98,256.93
2026/10/10 22:16:05.675,GPU-40b7c172-fb9d-63ea-58c7-0677967a8583,39637,97887,98,259.58
2026/10/10 22:16:06.201,GPU-40b7c172-fb9d-63ea-58c7-0677967a8583,39637,97887,98,262.91
2026/10/10 22:16:06.726,GPU-40b7c172-fb9d-63ea-58c7-0677967a8583,39637,97887,98,257.23
2026/10/10 22:16:07.259,GPU-40b7c172-fb9d-63ea-58c7-0677967a8583,39637,97887,98,257.46
2026/10/10 22:16:07.809,GPU-40b7c172-fb9d-63ea-58c7-0677967a8583,39637,97887,100,250.16
2026/10/10 22:16:08.341,GPU-40b7c172-fb9d-63ea-58c7-0677967a8583,39637,97887,97,255.59
2026/10/10 22:16:08.870,GPU-40b7c172-fb9d-63ea-58c7-0677967a8583,39637,97887,98,252.85
2026/10/10 22:16:09.407,GPU-40b7c172-fb9d-63ea-58c7-0677967a8583,39637,97887,97,246.61
2026/10/10 22:16:09.939,GPU-40b7c172-fb9d-63ea-58c7-0677967a8583,39637,97887,97,255.47
2026/10/10 22:16:10.466,GPU-40b7c172-fb9d-63ea-58c7-0677967a8583,39637,97887,98,258.78
2026/10/10 22:16:10.997,GPU-40b7c172-fb9d-63ea-58c7-0677967a8583,39637,97887,97,266.44
2026/10/10 22:16:11.526,GPU-40b7c172-fb9d-63ea-58c7-0677967a8583,39637,97887,97,264.05
2026/10/10 22:16:12.055,GPU-40b7c172-fb9d-63ea-58c7-0677967a8583,39637,97887,97,251.73
2026/10/10 22:16:12.583,GPU-40b7c172-fb9d-63ea-58c7-0677967a8583,39637,97887,97,256.50
2026/10/10 22:16:13.112,GPU-40b7c172-fb9d-63ea-58c7-0677967a8583,39637,97887,97,263.13
2026/10/10 22:16:13.640,GPU-40b7c172-fb9d-63ea-58c7-0677967a8583,39637,97887,97,260.50
2026/10/10 22:16:14.168,GPU-40b7c172-fb9d-63ea-58c7-0677967a8583,39637,97887,97,255.23
2026/10/10 22:16:14.697,GPU-40b7c172-fb9d-63ea-58c7-0677967a8583,39637,97887,100,256.60
2026/10/10 22:16:15.226,GPU-40b7c172-fb9d-63ea-58c7-0677967a8583,39637,97887,100,260.57
2026/10/10 22:16:15.759,GPU-40b7c172-fb9d-63ea-58c7-0677967a8583,39637,97887,98,256.92
2026/10/10 22:16:16.287,GPU-40b7c172-fb9d-63ea-58c7-0677967a8583,39637,97887,97,252.19
2026/10/10 22:16:16.816,GPU-40b7c172-fb9d-63ea-58c7-0677967a8583,39637,97887,97,252.07
2026/10/10 22:16:17.348,GPU-40b7c172-fb9d-63ea-58c7-0677967a8583,39637,97887,97,255.48
2026/10/10 22:16:17.877,GPU-40b7c172-fb9d-63ea-58c7-0677967a8583,39637,97887,97,242.45
2026/10/10 22:16:18.407,GPU-40b7c172-fb9d-63ea-58c7-0677967a8583,39637,97887,97,253.62
2026/10/10 22:16:18.937,GPU-40b7c172-fb9d-63ea-58c7-0677967a8583,39637,97887,97,257.61
2026/10/10 22:16:19.468,GPU-40b7c172-fb9d-63ea-58c7-0677967a8583,39637,97887,97,255.10
2026/10/10 22:16:19.997,GPU-40b7c172-fb9d-63ea-58c7-0677967a8583,39637,97887,97,252.81
2026/10/10 22:16:20.526,GPU-40b7c172-fb9d-63ea-58c7-0677967a8583,39637,97887,96,248.88
2026/10/10 22:16:21.055,GPU-40b7c172-fb9d-63ea-58c7-0677967a8583,39637,97887,97,255.59
2026/10/10 22:16:21.585,GPU-40b7c172-fb9d-63ea-58c7-0677967a8583,39637,97887,96,254.68
2026/10/10 22:16:22.115,GPU-40b7c172-fb9d-63ea-58c7-0677967a8583,39637,97887,97,267.36
2026/10/10 22:16:22.647,GPU-40b7c172-fb9d-63ea-58c7-0677967a8583,39637,97887,96,264.35
2026/10/10 22:16:23.183,GPU-40b7c172-fb9d-63ea-58c7-0677967a8583,39637,97887,97,257.49
2026/10/10 22:16:23.715,GPU-40b7c172-fb9d-63ea-58c7-0677967a8583,39637,97887,100,256.99
2026/10/10 22:16:24.244,GPU-40b7c172-fb9d-63ea-58c7-0677967a8583,39637,97887,100,261.83
2026/10/10 22:16:24.774,GPU-40b7c172-fb9d-63ea-58c7-0677967a8583,39637,97887,97,260.09
2026/10/10 22:16:25.308,GPU-40b7c172-fb9d-63ea-58c7-0677967a8583,39637,97887,97,250.27
2026/10/10 22:16:25.838,GPU-40b7c172-fb9d-63ea-58c7-0677967a8583,39637,97887,97,255.65
2026/10/10 22:16:26.369,GPU-40b7c172-fb9d-63ea-58c7-0677967a8583,39637,97887,100,255.09
2026/10/10 22:16:26.898,GPU-40b7c172-fb9d-63ea-58c7-0677967a8583,39637,97887,97,246.13
2026/10/10 22:16:27.428,GPU-40b7c172-fb9d-63ea-58c7-0677967a8583,39637,97887,97,253.88
2026/10/10 22:16:27.957,GPU-40b7c172-fb9d-63ea-58c7-0677967a8583,39637,97887,97,257.05
2026/10/10 22:16:28.487,GPU-40b7c172-fb9d-63ea-58c7-0677967a8583,39637,97887,97,253.69
2026/10/10 22:16:29.021,GPU-40b7c172-fb9d-63ea-58c7-0677967a8583,39637,97887,97,259.09
2026/10/10 22:16:29.550,GPU-40b7c172-fb9d-63ea-58c7-0677967a8583,39637,97887,97,256.22
2026/10/10 22:16:30.079,GPU-40b7c172-fb9d-63ea-58c7-0677967a8583,39637,97887,97,252.86
2026/10/10 22:16:30.609,GPU-40b7c172-fb9d-63ea-58c7-0677967a8583,39637,97887,97,254.39
2026/10/10 22:16:31.139,GPU-40b7c172-fb9d-63ea-58c7-0677967a8583,39637,97887,97,248.93
2026/10/10 22:16:31.667,GPU-40b7c172-fb9d-63ea-58c7-0677967a8583,39637,97887,97,264.67
2026/10/10 22:16:32.199,GPU-40b7c172-fb9d-63ea-58c7-0677967a8583,39637,97887,97,268.39
2026/10/10 22:16:32.728,GPU-40b7c172-fb9d-63ea-58c7-0677967a8583,39637,97887,98,254.25
2026/10/10 22:16:33.257,GPU-40b7c172-fb9d-63ea-58c7-0677967a8583,39637,97887,100,247.21
2026/10/10 22:16:33.786,GPU-40b7c172-fb9d-63ea-58c7-0677967a8583,39637,97887,100,249.50
2026/10/10 22:16:34.317,GPU-40b7c172-fb9d-63ea-58c7-0677967a8583,39637,97887,97,252.18
2026/10/10 22:16:34.848,GPU-40b7c172-fb9d-63ea-58c7-0677967a8583,39637,97887,97,249.86
2026/10/10 22:16:35.377,GPU-40b7c172-fb9d-63ea-58c7-0677967a8583,39637,97887,97,252.89
2026/10/10 22:16:35.906,GPU-40b7c172-fb9d-63ea-58c7-0677967a8583,39637,97887,97,261.76
2026/10/10 22:16:36.437,GPU-40b7c172-fb9d-63ea-58c7-0677967a8583,39637,97887,97,261.36
2026/10/10 22:16:36.968,GPU-40b7c172-fb9d-63ea-58c7-0677967a8583,39637,97887,97,255.35
2026/10/10 22:16:37.498,GPU-40b7c172-fb9d-63ea-58c7-0677967a8583,39637,97887,97,255.67
2026/10/10 22:16:38.026,GPU-40b7c172-fb9d-63ea-58c7-0677967a8583,39637,97887,97,253.51
2026/10/10 22:16:38.556,GPU-40b7c172-fb9d-63ea-58c7-0677967a8583,39637,97887,97,258.12
2026/10/10 22:16:39.085,GPU-40b7c172-fb9d-63ea-58c7-0677967a8583,39637,97887,97,257.29
2026/10/10 22:16:39.614,GPU-40b7c172-fb9d-63ea-58c7-0677967a8583,39637,97887,97,251.03
2026/10/10 22:16:40.151,GPU-40b7c172-fb9d-63ea-58c7-0677967a8583,39637,97887,100,248.83
2026/10/10 22:16:40.687,GPU-40b7c172-fb9d-63ea-58c7-0677967a8583,39637,97887,100,254.73
2026/10/10 22:16:41.229,GPU-40b7c172-fb9d-63ea-58c7-0677967a8583,39637,97887,97,252.07
2026/10/10 22:16:41.759,GPU-40b7c172-fb9d-63ea-58c7-0677967a8583,39637,97887,97,253.00
2026/10/10 22:16:42.288,GPU-40b7c172-fb9d-63ea-58c7-0677967a8583,39637,97887,98,249.10
2026/10/10 22:16:42.816,GPU-40b7c172-fb9d-63ea-58c7-0677967a8583,39637,97887,100,248.64
2026/10/10 22:16:43.347,GPU-40b7c172-fb9d-63ea-58c7-0677967a8583,39637,97887,96,250.13
2026/10/10 22:16:43.876,GPU-40b7c172-fb9d-63ea-58c7-0677967a8583,39637,97887,96,249.30
2026/10/10 22:16:44.404,GPU-40b7c172-fb9d-63ea-58c7-0677967a8583,39637,97887,96,255.45
2026/10/10 22:16:44.936,GPU-40b7c172-fb9d-63ea-58c7-0677967a8583,39637,97887,97,253.45
2026/10/10 22:16:45.464,GPU-40b7c172-fb9d-63ea-58c7-0677967a8583,39637,97887,98,249.66
2026/10/10 22:16:45.996,GPU-40b7c172-fb9d-63ea-58c7-0677967a8583,39637,97887,98,249.03
2026/10/10 22:16:46.525,GPU-40b7c172-fb9d-63ea-58c7-0677967a8583,39637,97887,97,264.90
2026/10/10 22:16:47.054,GPU-40b7c172-fb9d-63ea-58c7-0677967a8583,39637,97887,97,260.76
2026/10/10 22:16:47.583,GPU-40b7c172-fb9d-63ea-58c7-0677967a8583,39637,97887,99,262.13
2026/10/10 22:16:48.111,GPU-40b7c172-fb9d-63ea-58c7-0677967a8583,39637,97887,99,257.10
2026/10/10 22:16:48.639,GPU-40b7c172-fb9d-63ea-58c7-0677967a8583,39637,97887,97,255.43
2026/10/10 22:16:49.170,GPU-40b7c172-fb9d-63ea-58c7-0677967a8583,39637,97887,97,247.43
2026/10/10 22:16:49.698,GPU-40b7c172-fb9d-63ea-58c7-0677967a8583,39637,97887,97,257.10
2026/10/10 22:16:50.228,GPU-40b7c172-fb9d-63ea-58c7-0677967a8583,39637,97887,96,247.80
2026/10/10 22:16:50.757,GPU-40b7c172-fb9d-63ea-58c7-0677967a8583,39637,97887,98,247.99
2026/10/10 22:16:51.294,GPU-40b7c172-fb9d-63ea-58c7-0677967a8583,39637,97887,98,241.88
2026/10/10 22:16:51.821,GPU-40b7c172-fb9d-63ea-58c7-0677967a8583,39637,97887,96,254.27
2026/10/10 22:16:52.348,GPU-40b7c172-fb9d-63ea-58c7-0677967a8583,39637,97887,97,255.21
2026/10/10 22:16:52.876,GPU-40b7c172-fb9d-63ea-58c7-0677967a8583,39637,97887,97,256.88
2026/10/10 22:16:53.406,GPU-40b7c172-fb9d-63ea-58c7-0677967a8583,39637,97887,97,255.74
2026/10/10 22:16:53.936,GPU-40b7c172-fb9d-63ea-58c7-0677967a8583,39637,97887,96,258.29
2026/10/10 22:16:54.465,GPU-40b7c172-fb9d-63ea-58c7-0677967a8583,39637,97887,97,257.63
2026/10/10 22:16:54.992,GPU-40b7c172-fb9d-63ea-58c7-0677967a8583,39637,97887,100,254.56
2026/10/10 22:16:55.522,GPU-40b7c172-fb9d-63ea-58c7-0677967a8583,39637,97887,96,253.66
2026/10/10 22:16:56.062,GPU-40b7c172-fb9d-63ea-58c7-0677967a8583,39637,97887,97,267.14
2026/10/10 22:16:56.591,GPU-40b7c172-fb9d-63ea-58c7-0677967a8583,39637,97887,96,264.38
2026/10/10 22:16:57.122,GPU-40b7c172-fb9d-63ea-58c7-0677967a8583,39637,97887,99,254.97
2026/10/10 22:16:57.653,GPU-40b7c172-fb9d-63ea-58c7-0677967a8583,39637,97887,99,256.45
2026/10/10 22:16:58.181,GPU-40b7c172-fb9d-63ea-58c7-0677967a8583,39637,97887,97,259.94
2026/10/10 22:16:58.711,GPU-40b7c172-fb9d-63ea-58c7-0677967a8583,39637,97887,97,257.14
2026/10/10 22:16:59.239,GPU-40b7c172-fb9d-63ea-58c7-0677967a8583,39637,97887,98,244.77
2026/10/10 22:16:59.767,GPU-40b7c172-fb9d-63ea-58c7-0677967a8583,39637,97887,97,254.40
2026/10/10 22:17:00.296,GPU-40b7c172-fb9d-63ea-58c7-0677967a8583,39637,97887,97,241.50
2026/10/10 22:17:00.828,GPU-40b7c172-fb9d-63ea-58c7-0677967a8583,39637,97887,96,246.19
2026/10/10 22:17:01.359,GPU-40b7c172-fb9d-63ea-58c7-0677967a8583,39637,97887,97,246.09
2026/10/10 22:17:01.886,GPU-40b7c172-fb9d-63ea-58c7-0677967a8583,39637,97887,97,252.57
2026/10/10 22:17:02.415,GPU-40b7c172-fb9d-63ea-58c7-0677967a8583,39637,97887,97,257.52
2026/10/10 22:17:02.944,GPU-40b7c172-fb9d-63ea-58c7-0677967a8583,39637,97887,97,255.02
2026/10/10 22:17:03.471,GPU-40b7c172-fb9d-63ea-58c7-0677967a8583,39637,97887,97,258.22
2026/10/10 22:17:04.000,GPU-40b7c172-fb9d-63ea-58c7-0677967a8583,39637,97887,96,250.77
2026/10/10 22:17:04.527,GPU-40b7c172-fb9d-63ea-58c7-0677967a8583,39637,97887,97,252.97
2026/10/10 22:17:05.055,GPU-40b7c172-fb9d-63ea-58c7-0677967a8583,39637,97887,97,262.93
2026/10/10 22:17:05.583,GPU-40b7c172-fb9d-63ea-58c7-0677967a8583,39637,97887,100,262.44
2026/10/10 22:17:06.112,GPU-40b7c172-fb9d-63ea-58c7-0677967a8583,39637,97887,99,252.02
2026/10/10 22:17:06.640,GPU-40b7c172-fb9d-63ea-58c7-0677967a8583,39637,97887,97,266.33
2026/10/10 22:17:07.174,GPU-40b7c172-fb9d-63ea-58c7-0677967a8583,39637,97887,97,263.03
2026/10/10 22:17:07.702,GPU-40b7c172-fb9d-63ea-58c7-0677967a8583,39637,97887,97,256.00
2026/10/10 22:17:08.237,GPU-40b7c172-fb9d-63ea-58c7-0677967a8583,39637,97887,97,243.36
2026/10/10 22:17:08.765,GPU-40b7c172-fb9d-63ea-58c7-0677967a8583,39637,97887,97,247.41
2026/10/10 22:17:09.294,GPU-40b7c172-fb9d-63ea-58c7-0677967a8583,39637,97887,97,254.68
2026/10/10 22:17:09.823,GPU-40b7c172-fb9d-63ea-58c7-0677967a8583,39637,97887,97,262.44
2026/10/10 22:17:10.350,GPU-40b7c172-fb9d-63ea-58c7-0677967a8583,39637,97887,97,263.30
2026/10/10 22:17:10.881,GPU-40b7c172-fb9d-63ea-58c7-0677967a8583,39637,97887,97,267.02
2026/10/10 22:17:11.411,GPU-40b7c172-fb9d-63ea-58c7-0677967a8583,39637,97887,97,263.37
2026/10/10 22:17:11.940,GPU-40b7c172-fb9d-63ea-58c7-0677967a8583,39637,97887,97,259.66
2026/10/10 22:17:12.469,GPU-40b7c172-fb9d-63ea-58c7-0677967a8583,39637,97887,97,265.65
2026/10/10 22:17:13.002,GPU-40b7c172-fb9d-63ea-58c7-0677967a8583,39637,97887,100,262.52
2026/10/10 22:17:13.530,GPU-40b7c172-fb9d-63ea-58c7-0677967a8583,39637,97887,97,267.51
2026/10/10 22:17:14.061,GPU-40b7c172-fb9d-63ea-58c7-0677967a8583,39637,97887,97,265.40
2026/10/10 22:17:14.589,GPU-40b7c172-fb9d-63ea-58c7-0677967a8583,39637,97887,96,255.16
2026/10/10 22:17:15.115,GPU-40b7c172-fb9d-63ea-58c7-0677967a8583,39637,97887,99,250.01
2026/10/10 22:17:15.646,GPU-40b7c172-fb9d-63ea-58c7-0677967a8583,39637,97887,99,253.57
2026/10/10 22:17:16.177,GPU-40b7c172-fb9d-63ea-58c7-0677967a8583,39637,97887,98,263.02
2026/10/10 22:17:16.705,GPU-40b7c172-fb9d-63ea-58c7-0677967a8583,39637,97887,100,264.88
2026/10/10 22:17:17.233,GPU-40b7c172-fb9d-63ea-58c7-0677967a8583,39637,97887,100,262.67
2026/10/10 22:17:17.763,GPU-40b7c172-fb9d-63ea-58c7-0677967a8583,39637,97887,97,247.23
2026/10/10 22:17:18.292,GPU-40b7c172-fb9d-63ea-58c7-0677967a8583,39637,97887,97,248.60
2026/10/10 22:17:18.821,GPU-40b7c172-fb9d-63ea-58c7-0677967a8583,39637,97887,97,244.43
2026/10/10 22:17:19.349,GPU-40b7c172-fb9d-63ea-58c7-0677967a8583,39637,97887,97,257.79
2026/10/10 22:17:19.877,GPU-40b7c172-fb9d-63ea-58c7-0677967a8583,39637,97887,97,254.89
2026/10/10 22:17:20.406,GPU-40b7c172-fb9d-63ea-58c7-0677967a8583,39637,97887,97,256.77
2026/10/10 22:17:20.934,GPU-40b7c172-fb9d-63ea-58c7-0677967a8583,39637,97887,97,250.45
2026/10/10 22:17:21.461,GPU-40b7c172-fb9d-63ea-58c7-0677967a8583,39637,97887,97,263.86
2026/10/10 22:17:21.993,GPU-40b7c172-fb9d-63ea-58c7-0677967a8583,39637,97887,97,264.47
2026/10/10 22:17:22.521,GPU-40b7c172-fb9d-63ea-58c7-0677967a8583,39637,97887,97,256.22
2026/10/10 22:17:23.051,GPU-40b7c172-fb9d-63ea-58c7-0677967a8583,39637,97887,96,260.38
2026/10/10 22:17:23.579,GPU-40b7c172-fb9d-63ea-58c7-0677967a8583,39637,97887,100,265.84
2026/10/10 22:17:24.107,GPU-40b7c172-fb9d-63ea-58c7-0677967a8583,39637,97887,100,252.74
2026/10/10 22:17:24.638,GPU-40b7c172-fb9d-63ea-58c7-0677967a8583,39637,97887,99,248.30
2026/10/10 22:17:25.167,GPU-40b7c172-fb9d-63ea-58c7-0677967a8583,39637,97887,97,246.50
2026/10/10 22:17:25.698,GPU-40b7c172-fb9d-63ea-58c7-0677967a8583,39637,97887,97,244.67
2026/10/10 22:17:26.239,GPU-40b7c172-fb9d-63ea-58c7-0677967a8583,39637,97887,97,245.02
2026/10/10 22:17:26.766,GPU-40b7c172-fb9d-63ea-58c7-0677967a8583,39637,97887,97,246.87
2026/10/10 22:17:27.298,GPU-40b7c172-fb9d-63ea-58c7-0677967a8583,39637,97887,97,250.82
2026/10/10 22:17:27.827,GPU-40b7c172-fb9d-63ea-58c7-0677967a8583,39637,97887,97,255.89
2026/10/10 22:17:28.358,GPU-40b7c172-fb9d-63ea-58c7-0677967a8583,39637,97887,97,249.31
2026/10/10 22:17:28.887,GPU-40b7c172-fb9d-63ea-58c7-0677967a8583,39637,97887,97,246.87
2026/10/10 22:17:29.419,GPU-40b7c172-fb9d-63ea-58c7-0677967a8583,39637,97887,97,252.74
2026/10/10 22:17:29.949,GPU-40b7c172-fb9d-63ea-58c7-0677967a8583,39637,97887,97,256.75
2026/10/10 22:17:30.479,GPU-40b7c172-fb9d-63ea-58c7-0677967a8583,39637,97887,97,254.01
2026/10/10 22:17:31.009,GPU-40b7c172-fb9d-63ea-58c7-0677967a8583,39637,97887,100,255.10
2026/10/10 22:17:31.540,GPU-40b7c172-fb9d-63ea-58c7-0677967a8583,39637,97887,97,267.40
2026/10/10 22:17:32.075,GPU-40b7c172-fb9d-63ea-58c7-0677967a8583,39637,97887,98,284.82
2026/10/10 22:17:32.607,GPU-40b7c172-fb9d-63ea-58c7-0677967a8583,39637,97887,98,288.08
2026/10/10 22:17:33.137,GPU-40b7c172-fb9d-63ea-58c7-0677967a8583,39637,97887,98,278.46
2026/10/10 22:17:33.665,GPU-40b7c172-fb9d-63ea-58c7-0677967a8583,39637,97887,98,278.43
2026/10/10 22:17:34.192,GPU-40b7c172-fb9d-63ea-58c7-0677967a8583,39637,97887,98,271.81
2026/10/10 22:17:34.720,GPU-40b7c172-fb9d-63ea-58c7-0677967a8583,39637,97887,97,274.29
2026/10/10 22:17:35.248,GPU-40b7c172-fb9d-63ea-58c7-0677967a8583,39637,97887,97,273.65
2026/10/10 22:17:35.779,GPU-40b7c172-fb9d-63ea-58c7-0677967a8583,39637,97887,98,285.18
2026/10/10 22:17:36.308,GPU-40b7c172-fb9d-63ea-58c7-0677967a8583,39637,97887,97,283.48
2026/10/10 22:17:36.838,GPU-40b7c172-fb9d-63ea-58c7-0677967a8583,39637,97887,98,284.73
2026/10/10 22:17:37.367,GPU-40b7c172-fb9d-63ea-58c7-0677967a8583,39637,97887,98,280.91
2026/10/10 22:17:37.898,GPU-40b7c172-fb9d-63ea-58c7-0677967a8583,39637,97887,98,264.05
2026/10/10 22:17:38.429,GPU-40b7c172-fb9d-63ea-58c7-0677967a8583,39637,97887,99,249.70
2026/10/10 22:17:38.958,GPU-40b7c172-fb9d-63ea-58c7-0677967a8583,39637,97887,99,253.65
2026/10/10 22:17:39.485,GPU-40b7c172-fb9d-63ea-58c7-0677967a8583,39637,97887,99,248.90
2026/10/10 22:17:40.014,GPU-40b7c172-fb9d-63ea-58c7-0677967a8583,39637,97887,98,262.59
2026/10/10 22:17:40.542,GPU-40b7c172-fb9d-63ea-58c7-0677967a8583,39637,97887,99,251.92
2026/10/10 22:17:41.110,GPU-40b7c172-fb9d-63ea-58c7-0677967a8583,39637,97887,98,254.14
2026/10/10 22:17:41.638,GPU-40b7c172-fb9d-63ea-58c7-0677967a8583,39637,97887,98,249.01
2026/10/10 22:17:42.169,GPU-40b7c172-fb9d-63ea-58c7-0677967a8583,39637,97887,98,254.34
2026/10/10 22:17:42.698,GPU-40b7c172-fb9d-63ea-58c7-0677967a8583,39637,97887,98,261.08
2026/10/10 22:17:43.229,GPU-40b7c172-fb9d-63ea-58c7-0677967a8583,39637,97887,99,229.35
2026/10/10 22:17:43.760,GPU-40b7c172-fb9d-63ea-58c7-0677967a8583,39637,97887,99,268.31
2026/10/10 22:17:44.291,GPU-40b7c172-fb9d-63ea-58c7-0677967a8583,39637,97887,99,279.66
2026/10/10 22:17:44.821,GPU-40b7c172-fb9d-63ea-58c7-0677967a8583,39637,97887,99,239.18
2026/10/10 22:17:45.355,GPU-40b7c172-fb9d-63ea-58c7-0677967a8583,39637,97887,98,220.47
2026/10/10 22:17:45.886,GPU-40b7c172-fb9d-63ea-58c7-0677967a8583,39637,97887,99,250.48
2026/10/10 22:17:46.417,GPU-40b7c172-fb9d-63ea-58c7-0677967a8583,39637,97887,98,278.89
2026/10/10 22:17:46.949,GPU-40b7c172-fb9d-63ea-58c7-0677967a8583,39637,97887,98,310.10
2026/10/10 22:17:47.479,GPU-40b7c172-fb9d-63ea-58c7-0677967a8583,39637,97887,99,310.21
2026/10/10 22:17:48.016,GPU-40b7c172-fb9d-63ea-58c7-0677967a8583,39637,97887,98,282.02
2026/10/10 22:17:48.551,GPU-40b7c172-fb9d-63ea-58c7-0677967a8583,39637,97887,98,246.65
2026/10/10 22:17:49.082,GPU-40b7c172-fb9d-63ea-58c7-0677967a8583,39637,97887,98,231.52
2026/10/10 22:17:49.614,GPU-40b7c172-fb9d-63ea-58c7-0677967a8583,39637,97887,99,218.09
2026/10/10 22:17:50.148,GPU-40b7c172-fb9d-63ea-58c7-0677967a8583,39637,97887,99,203.30
2026/10/10 22:17:50.680,GPU-40b7c172-fb9d-63ea-58c7-0677967a8583,39637,97887,98,204.81
2026/10/10 22:17:51.207,GPU-40b7c172-fb9d-63ea-58c7-0677967a8583,39637,97887,99,209.12
2026/10/10 22:17:51.735,GPU-40b7c172-fb9d-63ea-58c7-0677967a8583,39637,97887,98,218.40
2026/10/10 22:17:52.286,GPU-40b7c172-fb9d-63ea-58c7-0677967a8583,39637,97887,99,230.55
2026/10/10 22:17:52.819,GPU-40b7c172-fb9d-63ea-58c7-0677967a8583,39637,97887,98,262.95
2026/10/10 22:17:53.348,GPU-40b7c172-fb9d-63ea-58c7-0677967a8583,39637,97887,99,310.78
2026/10/10 22:17:53.883,GPU-40b7c172-fb9d-63ea-58c7-0677967a8583,39637,97887,99,309.62
2026/10/10 22:17:54.415,GPU-40b7c172-fb9d-63ea-58c7-0677967a8583,39637,97887,98,283.90
2026/10/10 22:17:54.945,GPU-40b7c172-fb9d-63ea-58c7-0677967a8583,39637,97887,99,232.52
2026/10/10 22:17:55.479,GPU-40b7c172-fb9d-63ea-58c7-0677967a8583,39637,97887,98,209.39
2026/10/10 22:17:56.023,GPU-40b7c172-fb9d-63ea-58c7-0677967a8583,39637,97887,98,246.71
2026/10/10 22:17:56.552,GPU-40b7c172-fb9d-63ea-58c7-0677967a8583,39637,97887,99,292.19
2026/10/10 22:17:57.080,GPU-40b7c172-fb9d-63ea-58c7-0677967a8583,39637,97887,99,279.20
2026/10/10 22:17:57.611,GPU-40b7c172-fb9d-63ea-58c7-0677967a8583,39637,97887,99,220.71
2026/10/10 22:17:58.138,GPU-40b7c172-fb9d-63ea-58c7-0677967a8583,39637,97887,99,222.31
2026/10/10 22:17:58.665,GPU-40b7c172-fb9d-63ea-58c7-0677967a8583,39637,97887,98,280.80
2026/10/10 22:17:59.193,GPU-40b7c172-fb9d-63ea-58c7-0677967a8583,39637,97887,98,276.61
2026/10/10 22:17:59.721,GPU-40b7c172-fb9d-63ea-58c7-0677967a8583,39637,97887,98,237.38
2026/10/10 22:18:00.249,GPU-40b7c172-fb9d-63ea-58c7-0677967a8583,39637,97887,98,271.36
2026/10/10 22:18:00.778,GPU-40b7c172-fb9d-63ea-58c7-0677967a8583,39637,97887,99,275.57
2026/10/10 22:18:01.307,GPU-40b7c172-fb9d-63ea-58c7-0677967a8583,39637,97887,98,236.07
2026/10/10 22:18:01.837,GPU-40b7c172-fb9d-63ea-58c7-0677967a8583,39637,97887,98,270.80
2026/10/10 22:18:02.367,GPU-40b7c172-fb9d-63ea-58c7-0677967a8583,39637,97887,98,266.09
2026/10/10 22:18:02.900,GPU-40b7c172-fb9d-63ea-58c7-0677967a8583,39637,97887,100,257.57
2026/10/10 22:18:03.430,GPU-40b7c172-fb9d-63ea-58c7-0677967a8583,39637,97887,98,276.26
2026/10/10 22:18:03.960,GPU-40b7c172-fb9d-63ea-58c7-0677967a8583,39637,97887,98,235.25
2026/10/10 22:18:04.489,GPU-40b7c172-fb9d-63ea-58c7-0677967a8583,39637,97887,99,263.94
2026/10/10 22:18:05.015,GPU-40b7c172-fb9d-63ea-58c7-0677967a8583,39637,97887,98,259.95
2026/10/10 22:18:05.542,GPU-40b7c172-fb9d-63ea-58c7-0677967a8583,39637,97887,100,245.26
2026/10/10 22:18:06.070,GPU-40b7c172-fb9d-63ea-58c7-0677967a8583,39637,97887,99,261.43
2026/10/10 22:18:06.599,GPU-40b7c172-fb9d-63ea-58c7-0677967a8583,39637,97887,99,243.47
2026/10/10 22:18:07.127,GPU-40b7c172-fb9d-63ea-58c7-0677967a8583,39637,97887,99,263.17
2026/10/10 22:18:07.657,GPU-40b7c172-fb9d-63ea-58c7-0677967a8583,39637,97887,99,257.79
2026/10/10 22:18:08.184,GPU-40b7c172-fb9d-63ea-58c7-0677967a8583,39637,97887,99,253.15
2026/10/10 22:18:08.714,GPU-40b7c172-fb9d-63ea-58c7-0677967a8583,39637,97887,98,258.32
2026/10/10 22:18:09.244,GPU-40b7c172-fb9d-63ea-58c7-0677967a8583,39637,97887,99,255.66
2026/10/10 22:18:09.773,GPU-40b7c172-fb9d-63ea-58c7-0677967a8583,39637,97887,100,267.58
2026/10/10 22:18:10.314,GPU-40b7c172-fb9d-63ea-58c7-0677967a8583,39637,97887,99,259.80
2026/10/10 22:18:10.852,GPU-40b7c172-fb9d-63ea-58c7-0677967a8583,39637,97887,98,257.42
2026/10/10 22:18:11.386,GPU-40b7c172-fb9d-63ea-58c7-0677967a8583,39637,97887,98,256.94
2026/10/10 22:18:11.920,GPU-40b7c172-fb9d-63ea-58c7-0677967a8583,39637,97887,99,252.52
2026/10/10 22:18:12.451,GPU-40b7c172-fb9d-63ea-58c7-0677967a8583,39637,97887,99,267.56
2026/10/10 22:18:12.984,GPU-40b7c172-fb9d-63ea-58c7-0677967a8583,39637,97887,99,242.88
2026/10/10 22:18:13.519,GPU-40b7c172-fb9d-63ea-58c7-0677967a8583,39637,97887,99,252.78
2026/10/10 22:18:14.054,GPU-40b7c172-fb9d-63ea-58c7-0677967a8583,39637,97887,98,256.89
2026/10/10 22:18:14.585,GPU-40b7c172-fb9d-63ea-58c7-0677967a8583,39637,97887,99,245.49
2026/10/10 22:18:15.120,GPU-40b7c172-fb9d-63ea-58c7-0677967a8583,39637,97887,99,268.58
2026/10/10 22:18:15.651,GPU-40b7c172-fb9d-63ea-58c7-0677967a8583,39637,97887,99,256.35
2026/10/10 22:18:16.183,GPU-40b7c172-fb9d-63ea-58c7-0677967a8583,39637,97887,99,239.58
2026/10/10 22:18:16.714,GPU-40b7c172-fb9d-63ea-58c7-0677967a8583,39637,97887,98,264.25
2026/10/10 22:18:17.245,GPU-40b7c172-fb9d-63ea-58c7-0677967a8583,39637,97887,99,250.43
2026/10/10 22:18:17.782,GPU-40b7c172-fb9d-63ea-58c7-0677967a8583,39637,97887,99,242.88
2026/10/10 22:18:18.314,GPU-40b7c172-fb9d-63ea-58c7-0677967a8583,39637,97887,99,267.71
2026/10/10 22:18:18.845,GPU-40b7c172-fb9d-63ea-58c7-0677967a8583,39637,97887,99,259.82
2026/10/10 22:18:19.377,GPU-40b7c172-fb9d-63ea-58c7-0677967a8583,39637,97887,99,240.28
2026/10/10 22:18:19.912,GPU-40b7c172-fb9d-63ea-58c7-0677967a8583,39637,97887,99,252.81
2026/10/10 22:18:20.445,GPU-40b7c172-fb9d-63ea-58c7-0677967a8583,39637,97887,100,267.15
2026/10/10 22:18:20.979,GPU-40b7c172-fb9d-63ea-58c7-0677967a8583,39637,97887,99,265.45
2026/10/10 22:18:21.511,GPU-40b7c172-fb9d-63ea-58c7-0677967a8583,39637,97887,99,246.04
2026/10/10 22:18:22.047,GPU-40b7c172-fb9d-63ea-58c7-0677967a8583,39637,97887,99,261.66
2026/10/10 22:18:22.582,GPU-40b7c172-fb9d-63ea-58c7-0677967a8583,39637,97887,100,272.05
2026/10/10 22:18:23.120,GPU-40b7c172-fb9d-63ea-58c7-0677967a8583,39637,97887,99,255.20
2026/10/10 22:18:23.656,GPU-40b7c172-fb9d-63ea-58c7-0677967a8583,39637,97887,99,236.88
2026/10/10 22:18:24.188,GPU-40b7c172-fb9d-63ea-58c7-0677967a8583,39637,97887,99,254.07
2026/10/10 22:18:24.722,GPU-40b7c172-fb9d-63ea-58c7-0677967a8583,39637,97887,99,268.47
2026/10/10 22:18:25.258,GPU-40b7c172-fb9d-63ea-58c7-0677967a8583,39637,97887,99,244.97
2026/10/10 22:18:25.804,GPU-40b7c172-fb9d-63ea-58c7-0677967a8583,39637,97887,99,231.85
2026/10/10 22:18:26.340,GPU-40b7c172-fb9d-63ea-58c7-0677967a8583,39637,97887,99,242.63
2026/10/10 22:18:26.873,GPU-40b7c172-fb9d-63ea-58c7-0677967a8583,39637,97887,98,260.40
2026/10/10 22:18:27.408,GPU-40b7c172-fb9d-63ea-58c7-0677967a8583,39637,97887,100,268.86
2026/10/10 22:18:27.942,GPU-40b7c172-fb9d-63ea-58c7-0677967a8583,39637,97887,100,257.11
2026/10/10 22:18:28.477,GPU-40b7c172-fb9d-63ea-58c7-0677967a8583,39637,97887,98,243.75
2026/10/10 22:18:29.013,GPU-40b7c172-fb9d-63ea-58c7-0677967a8583,39637,97887,99,240.52
2026/10/10 22:18:29.547,GPU-40b7c172-fb9d-63ea-58c7-0677967a8583,39637,97887,97,263.43
2026/10/10 22:18:30.082,GPU-40b7c172-fb9d-63ea-58c7-0677967a8583,39637,97887,97,256.22
2026/10/10 22:18:30.640,GPU-40b7c172-fb9d-63ea-58c7-0677967a8583,39637,97887,97,254.68
2026/10/10 22:18:31.169,GPU-40b7c172-fb9d-63ea-58c7-0677967a8583,39637,97887,97,253.39
2026/10/10 22:18:31.702,GPU-40b7c172-fb9d-63ea-58c7-0677967a8583,39637,97887,97,251.17
2026/10/10 22:18:32.230,GPU-40b7c172-fb9d-63ea-58c7-0677967a8583,39637,97887,100,255.60
2026/10/10 22:18:32.758,GPU-40b7c172-fb9d-63ea-58c7-0677967a8583,39637,97887,100,255.78
2026/10/10 22:18:33.287,GPU-40b7c172-fb9d-63ea-58c7-0677967a8583,39637,97887,98,252.23
2026/10/10 22:18:33.815,GPU-40b7c172-fb9d-63ea-58c7-0677967a8583,39637,97887,97,251.23
2026/10/10 22:18:34.345,GPU-40b7c172-fb9d-63ea-58c7-0677967a8583,39637,97887,97,246.66
2026/10/10 22:18:34.874,GPU-40b7c172-fb9d-63ea-58c7-0677967a8583,39637,97887,97,255.02
2026/10/10 22:18:35.404,GPU-40b7c172-fb9d-63ea-58c7-0677967a8583,39637,97887,97,241.60
2026/10/10 22:18:35.936,GPU-40b7c172-fb9d-63ea-58c7-0677967a8583,39637,97887,97,261.07
2026/10/10 22:18:36.467,GPU-40b7c172-fb9d-63ea-58c7-0677967a8583,39637,97887,97,261.26
2026/10/10 22:18:36.997,GPU-40b7c172-fb9d-63ea-58c7-0677967a8583,39637,97887,97,258.68
2026/10/10 22:18:37.526,GPU-40b7c172-fb9d-63ea-58c7-0677967a8583,39637,97887,97,253.79
2026/10/10 22:18:38.055,GPU-40b7c172-fb9d-63ea-58c7-0677967a8583,39637,97887,97,253.04
2026/10/10 22:18:38.583,GPU-40b7c172-fb9d-63ea-58c7-0677967a8583,39637,97887,97,271.12
2026/10/10 22:18:39.112,GPU-40b7c172-fb9d-63ea-58c7-0677967a8583,39637,97887,97,261.63
2026/10/10 22:18:39.641,GPU-40b7c172-fb9d-63ea-58c7-0677967a8583,39637,97887,99,247.95
2026/10/10 22:18:40.170,GPU-40b7c172-fb9d-63ea-58c7-0677967a8583,39637,97887,97,252.74
2026/10/10 22:18:40.700,GPU-40b7c172-fb9d-63ea-58c7-0677967a8583,39637,97887,97,263.08
2026/10/10 22:18:41.229,GPU-40b7c172-fb9d-63ea-58c7-0677967a8583,39637,97887,97,255.20
2026/10/10 22:18:41.759,GPU-40b7c172-fb9d-63ea-58c7-0677967a8583,39637,97887,99,252.72
2026/10/10 22:18:42.297,GPU-40b7c172-fb9d-63ea-58c7-0677967a8583,39637,97887,100,257.52
2026/10/10 22:18:42.827,GPU-40b7c172-fb9d-63ea-58c7-0677967a8583,39637,97887,97,251.85
2026/10/10 22:18:43.357,GPU-40b7c172-fb9d-63ea-58c7-0677967a8583,39637,97887,97,249.47
2026/10/10 22:18:43.884,GPU-40b7c172-fb9d-63ea-58c7-0677967a8583,39637,97887,97,258.83
2026/10/10 22:18:44.412,GPU-40b7c172-fb9d-63ea-58c7-0677967a8583,39637,97887,97,256.17
2026/10/10 22:18:44.940,GPU-40b7c172-fb9d-63ea-58c7-0677967a8583,39637,97887,97,252.61
2026/10/10 22:18:45.468,GPU-40b7c172-fb9d-63ea-58c7-0677967a8583,39637,97887,97,254.84
2026/10/10 22:18:45.998,GPU-40b7c172-fb9d-63ea-58c7-0677967a8583,39637,97887,97,252.76
2026/10/10 22:18:46.526,GPU-40b7c172-fb9d-63ea-58c7-0677967a8583,39637,97887,97,254.62
2026/10/10 22:18:47.055,GPU-40b7c172-fb9d-63ea-58c7-0677967a8583,39637,97887,97,251.84
2026/10/10 22:18:47.583,GPU-40b7c172-fb9d-63ea-58c7-0677967a8583,39637,97887,97,256.82
2026/10/10 22:18:48.110,GPU-40b7c172-fb9d-63ea-58c7-0677967a8583,39637,97887,97,263.58
2026/10/10 22:18:48.639,GPU-40b7c172-fb9d-63ea-58c7-0677967a8583,39637,97887,100,269.89
2026/10/10 22:18:49.167,GPU-40b7c172-fb9d-63ea-58c7-0677967a8583,39637,97887,99,255.92
2026/10/10 22:18:49.697,GPU-40b7c172-fb9d-63ea-58c7-0677967a8583,39637,97887,97,263.20
2026/10/10 22:18:50.225,GPU-40b7c172-fb9d-63ea-58c7-0677967a8583,39637,97887,97,255.49
2026/10/10 22:18:50.756,GPU-40b7c172-fb9d-63ea-58c7-0677967a8583,39637,97887,97,253.79
2026/10/10 22:18:51.284,GPU-40b7c172-fb9d-63ea-58c7-0677967a8583,39637,97887,97,249.66
2026/10/10 22:18:51.810,GPU-40b7c172-fb9d-63ea-58c7-0677967a8583,39637,97887,97,250.79
2026/10/10 22:18:52.343,GPU-40b7c172-fb9d-63ea-58c7-0677967a8583,39637,97887,97,258.07
2026/10/10 22:18:52.869,GPU-40b7c172-fb9d-63ea-58c7-0677967a8583,39637,97887,97,250.66
2026/10/10 22:18:53.419,GPU-40b7c172-fb9d-63ea-58c7-0677967a8583,39637,97887,97,253.51
2026/10/10 22:18:53.980,GPU-40b7c172-fb9d-63ea-58c7-0677967a8583,39637,97887,97,257.61
2026/10/10 22:18:54.519,GPU-40b7c172-fb9d-63ea-58c7-0677967a8583,39637,97887,97,253.10
2026/10/10 22:18:55.052,GPU-40b7c172-fb9d-63ea-58c7-0677967a8583,39637,97887,97,266.12
2026/10/10 22:18:55.587,GPU-40b7c172-fb9d-63ea-58c7-0677967a8583,39637,97887,96,256.86
2026/10/10 22:18:56.119,GPU-40b7c172-fb9d-63ea-58c7-0677967a8583,39637,97887,97,255.89
2026/10/10 22:18:56.652,GPU-40b7c172-fb9d-63ea-58c7-0677967a8583,39637,97887,100,254.60
2026/10/10 22:18:57.192,GPU-40b7c172-fb9d-63ea-58c7-0677967a8583,39637,97887,97,252.72
2026/10/10 22:18:57.724,GPU-40b7c172-fb9d-63ea-58c7-0677967a8583,39637,97887,97,263.49
2026/10/10 22:18:58.258,GPU-40b7c172-fb9d-63ea-58c7-0677967a8583,39637,97887,97,257.13
2026/10/10 22:18:58.789,GPU-40b7c172-fb9d-63ea-58c7-0677967a8583,39637,97887,100,247.45
2026/10/10 22:18:59.321,GPU-40b7c172-fb9d-63ea-58c7-0677967a8583,39637,97887,100,255.21
2026/10/10 22:18:59.858,GPU-40b7c172-fb9d-63ea-58c7-0677967a8583,39637,97887,97,250.11
2026/10/10 22:19:00.388,GPU-40b7c172-fb9d-63ea-58c7-0677967a8583,39637,97887,97,252.86
2026/10/10 22:19:00.921,GPU-40b7c172-fb9d-63ea-58c7-0677967a8583,39637,97887,97,247.03
2026/10/10 22:19:01.451,GPU-40b7c172-fb9d-63ea-58c7-0677967a8583,39637,97887,98,252.32
2026/10/10 22:19:01.983,GPU-40b7c172-fb9d-63ea-58c7-0677967a8583,39637,97887,97,243.03
2026/10/10 22:19:02.520,GPU-40b7c172-fb9d-63ea-58c7-0677967a8583,39637,97887,97,253.01
2026/10/10 22:19:03.049,GPU-40b7c172-fb9d-63ea-58c7-0677967a8583,39637,97887,97,250.08
2026/10/10 22:19:03.582,GPU-40b7c172-fb9d-63ea-58c7-0677967a8583,39637,97887,97,258.89
2026/10/10 22:19:04.111,GPU-40b7c172-fb9d-63ea-58c7-0677967a8583,39637,97887,97,260.11
2026/10/10 22:19:04.645,GPU-40b7c172-fb9d-63ea-58c7-0677967a8583,39637,97887,100,265.52
2026/10/10 22:19:05.180,GPU-40b7c172-fb9d-63ea-58c7-0677967a8583,39637,97887,99,252.86
2026/10/10 22:19:05.713,GPU-40b7c172-fb9d-63ea-58c7-0677967a8583,39637,97887,97,255.30
2026/10/10 22:19:06.243,GPU-40b7c172-fb9d-63ea-58c7-0677967a8583,39637,97887,100,261.32
2026/10/10 22:19:06.776,GPU-40b7c172-fb9d-63ea-58c7-0677967a8583,39637,97887,100,257.50
2026/10/10 22:19:07.305,GPU-40b7c172-fb9d-63ea-58c7-0677967a8583,39637,97887,97,252.06
2026/10/10 22:19:07.837,GPU-40b7c172-fb9d-63ea-58c7-0677967a8583,39637,97887,97,255.85
2026/10/10 22:19:08.372,GPU-40b7c172-fb9d-63ea-58c7-0677967a8583,39637,97887,97,252.70
2026/10/10 22:19:08.904,GPU-40b7c172-fb9d-63ea-58c7-0677967a8583,39637,97887,97,256.69
2026/10/10 22:19:09.438,GPU-40b7c172-fb9d-63ea-58c7-0677967a8583,39637,97887,97,254.26
2026/10/10 22:19:09.967,GPU-40b7c172-fb9d-63ea-58c7-0677967a8583,39637,97887,97,252.10
2026/10/10 22:19:10.499,GPU-40b7c172-fb9d-63ea-58c7-0677967a8583,39637,97887,97,260.79
2026/10/10 22:19:11.027,GPU-40b7c172-fb9d-63ea-58c7-0677967a8583,39637,97887,97,255.60
2026/10/10 22:19:11.559,GPU-40b7c172-fb9d-63ea-58c7-0677967a8583,39637,97887,98,256.36
2026/10/10 22:19:12.099,GPU-40b7c172-fb9d-63ea-58c7-0677967a8583,39637,97887,98,258.77
2026/10/10 22:19:12.628,GPU-40b7c172-fb9d-63ea-58c7-0677967a8583,39637,97887,97,261.62
2026/10/10 22:19:13.156,GPU-40b7c172-fb9d-63ea-58c7-0677967a8583,39637,97887,98,262.12
2026/10/10 22:19:13.684,GPU-40b7c172-fb9d-63ea-58c7-0677967a8583,39637,97887,100,264.35
2026/10/10 22:19:14.209,GPU-40b7c172-fb9d-63ea-58c7-0677967a8583,39637,97887,100,254.17
2026/10/10 22:19:14.738,GPU-40b7c172-fb9d-63ea-58c7-0677967a8583,39637,97887,98,258.01
2026/10/10 22:19:15.264,GPU-40b7c172-fb9d-63ea-58c7-0677967a8583,39637,97887,97,257.63
2026/10/10 22:19:15.791,GPU-40b7c172-fb9d-63ea-58c7-0677967a8583,39637,97887,97,243.60
2026/10/10 22:19:16.319,GPU-40b7c172-fb9d-63ea-58c7-0677967a8583,39637,97887,98,256.00
2026/10/10 22:19:16.847,GPU-40b7c172-fb9d-63ea-58c7-0677967a8583,39637,97887,97,246.63
2026/10/10 22:19:17.376,GPU-40b7c172-fb9d-63ea-58c7-0677967a8583,39637,97887,97,250.50
2026/10/10 22:19:17.907,GPU-40b7c172-fb9d-63ea-58c7-0677967a8583,39637,97887,97,259.67
2026/10/10 22:19:18.433,GPU-40b7c172-fb9d-63ea-58c7-0677967a8583,39637,97887,97,269.84
2026/10/10 22:19:18.963,GPU-40b7c172-fb9d-63ea-58c7-0677967a8583,39637,97887,97,266.64
2026/10/10 22:19:19.489,GPU-40b7c172-fb9d-63ea-58c7-0677967a8583,39637,97887,100,250.18
2026/10/10 22:19:20.015,GPU-40b7c172-fb9d-63ea-58c7-0677967a8583,39637,97887,97,258.83
2026/10/10 22:19:20.545,GPU-40b7c172-fb9d-63ea-58c7-0677967a8583,39637,97887,97,267.56
2026/10/10 22:19:21.072,GPU-40b7c172-fb9d-63ea-58c7-0677967a8583,39637,97887,99,253.85
2026/10/10 22:19:21.598,GPU-40b7c172-fb9d-63ea-58c7-0677967a8583,39637,97887,100,252.90
2026/10/10 22:19:22.125,GPU-40b7c172-fb9d-63ea-58c7-0677967a8583,39637,97887,98,244.71
2026/10/10 22:19:22.652,GPU-40b7c172-fb9d-63ea-58c7-0677967a8583,39637,97887,98,243.19
2026/10/10 22:19:23.179,GPU-40b7c172-fb9d-63ea-58c7-0677967a8583,39637,97887,97,246.41
2026/10/10 22:19:23.707,GPU-40b7c172-fb9d-63ea-58c7-0677967a8583,39637,97887,97,252.64
2026/10/10 22:19:24.235,GPU-40b7c172-fb9d-63ea-58c7-0677967a8583,39637,97887,97,263.38
2026/10/10 22:19:24.762,GPU-40b7c172-fb9d-63ea-58c7-0677967a8583,39637,97887,98,265.77
2026/10/10 22:19:25.314,GPU-40b7c172-fb9d-63ea-58c7-0677967a8583,39637,97887,97,262.12
2026/10/10 22:19:25.842,GPU-40b7c172-fb9d-63ea-58c7-0677967a8583,39637,97887,97,254.00
2026/10/10 22:19:26.368,GPU-40b7c172-fb9d-63ea-58c7-0677967a8583,39637,97887,97,257.94
2026/10/10 22:19:26.895,GPU-40b7c172-fb9d-63ea-58c7-0677967a8583,39637,97887,100,253.23
2026/10/10 22:19:27.421,GPU-40b7c172-fb9d-63ea-58c7-0677967a8583,39637,97887,100,247.95
2026/10/10 22:19:27.949,GPU-40b7c172-fb9d-63ea-58c7-0677967a8583,39637,97887,98,261.39
2026/10/10 22:19:28.477,GPU-40b7c172-fb9d-63ea-58c7-0677967a8583,39637,97887,98,262.04
2026/10/10 22:19:29.004,GPU-40b7c172-fb9d-63ea-58c7-0677967a8583,39637,97887,98,252.49
2026/10/10 22:19:29.532,GPU-40b7c172-fb9d-63ea-58c7-0677967a8583,39637,97887,97,247.64
2026/10/10 22:19:30.064,GPU-40b7c172-fb9d-63ea-58c7-0677967a8583,39637,97887,98,236.85
2026/10/10 22:19:30.592,GPU-40b7c172-fb9d-63ea-58c7-0677967a8583,39637,97887,98,252.11
2026/10/10 22:19:31.120,GPU-40b7c172-fb9d-63ea-58c7-0677967a8583,39637,97887,97,256.38
2026/10/10 22:19:31.646,GPU-40b7c172-fb9d-63ea-58c7-0677967a8583,39637,97887,97,272.33
2026/10/10 22:19:32.174,GPU-40b7c172-fb9d-63ea-58c7-0677967a8583,39637,97887,97,262.04
2026/10/10 22:19:32.702,GPU-40b7c172-fb9d-63ea-58c7-0677967a8583,39637,97887,97,249.39
2026/10/10 22:19:33.229,GPU-40b7c172-fb9d-63ea-58c7-0677967a8583,39637,97887,97,255.00
2026/10/10 22:19:33.760,GPU-40b7c172-fb9d-63ea-58c7-0677967a8583,39637,97887,98,263.59
2026/10/10 22:19:34.286,GPU-40b7c172-fb9d-63ea-58c7-0677967a8583,39637,97887,100,261.52
2026/10/10 22:19:34.814,GPU-40b7c172-fb9d-63ea-58c7-0677967a8583,39637,97887,100,257.05
2026/10/10 22:19:35.342,GPU-40b7c172-fb9d-63ea-58c7-0677967a8583,39637,97887,98,254.08
2026/10/10 22:19:35.867,GPU-40b7c172-fb9d-63ea-58c7-0677967a8583,39637,97887,97,245.50
2026/10/10 22:19:36.397,GPU-40b7c172-fb9d-63ea-58c7-0677967a8583,39637,97887,97,241.20
2026/10/10 22:19:36.925,GPU-40b7c172-fb9d-63ea-58c7-0677967a8583,39637,97887,97,256.97
2026/10/10 22:19:37.452,GPU-40b7c172-fb9d-63ea-58c7-0677967a8583,39637,97887,97,255.64
2026/10/10 22:19:37.979,GPU-40b7c172-fb9d-63ea-58c7-0677967a8583,39637,97887,97,258.69
2026/10/10 22:19:38.510,GPU-40b7c172-fb9d-63ea-58c7-0677967a8583,39637,97887,97,265.35
2026/10/10 22:19:39.039,GPU-40b7c172-fb9d-63ea-58c7-0677967a8583,39637,97887,97,257.81
2026/10/10 22:19:39.567,GPU-40b7c172-fb9d-63ea-58c7-0677967a8583,39637,97887,97,266.39
2026/10/10 22:19:40.096,GPU-40b7c172-fb9d-63ea-58c7-0677967a8583,39637,97887,97,271.28
2026/10/10 22:19:40.624,GPU-40b7c172-fb9d-63ea-58c7-0677967a8583,39637,97887,98,264.51
2026/10/10 22:19:41.163,GPU-40b7c172-fb9d-63ea-58c7-0677967a8583,39637,97887,97,269.00
2026/10/10 22:19:41.691,GPU-40b7c172-fb9d-63ea-58c7-0677967a8583,39637,97887,97,260.83
2026/10/10 22:19:42.217,GPU-40b7c172-fb9d-63ea-58c7-0677967a8583,39637,97887,100,250.24
2026/10/10 22:19:42.760,GPU-40b7c172-fb9d-63ea-58c7-0677967a8583,39637,97887,100,256.44
2026/10/10 22:19:43.285,GPU-40b7c172-fb9d-63ea-58c7-0677967a8583,39637,97887,97,255.92
2026/10/10 22:19:43.815,GPU-40b7c172-fb9d-63ea-58c7-0677967a8583,39637,97887,97,261.39
2026/10/10 22:19:44.341,GPU-40b7c172-fb9d-63ea-58c7-0677967a8583,39637,97887,97,247.35
2026/10/10 22:19:44.871,GPU-40b7c172-fb9d-63ea-58c7-0677967a8583,39637,97887,97,252.62
2026/10/10 22:19:45.399,GPU-40b7c172-fb9d-63ea-58c7-0677967a8583,39637,97887,97,251.72
2026/10/10 22:19:45.933,GPU-40b7c172-fb9d-63ea-58c7-0677967a8583,39637,97887,97,254.67
2026/10/10 22:19:46.460,GPU-40b7c172-fb9d-63ea-58c7-0677967a8583,39637,97887,97,261.11
2026/10/10 22:19:46.988,GPU-40b7c172-fb9d-63ea-58c7-0677967a8583,39637,97887,98,259.99
2026/10/10 22:19:47.514,GPU-40b7c172-fb9d-63ea-58c7-0677967a8583,39637,97887,100,259.00
2026/10/10 22:19:48.042,GPU-40b7c172-fb9d-63ea-58c7-0677967a8583,39637,97887,98,255.94
2026/10/10 22:19:48.569,GPU-40b7c172-fb9d-63ea-58c7-0677967a8583,39637,97887,98,270.98
2026/10/10 22:19:49.101,GPU-40b7c172-fb9d-63ea-58c7-0677967a8583,39637,97887,98,256.82
2026/10/10 22:19:49.629,GPU-40b7c172-fb9d-63ea-58c7-0677967a8583,39637,97887,97,248.57
2026/10/10 22:19:50.157,GPU-40b7c172-fb9d-63ea-58c7-0677967a8583,39637,97887,98,251.34
2026/10/10 22:19:50.687,GPU-40b7c172-fb9d-63ea-58c7-0677967a8583,39637,97887,98,252.05
2026/10/10 22:19:51.216,GPU-40b7c172-fb9d-63ea-58c7-0677967a8583,39637,97887,98,251.49
2026/10/10 22:19:51.744,GPU-40b7c172-fb9d-63ea-58c7-0677967a8583,39637,97887,97,258.95
2026/10/10 22:19:52.285,GPU-40b7c172-fb9d-63ea-58c7-0677967a8583,39637,97887,97,255.73
2026/10/10 22:19:52.819,GPU-40b7c172-fb9d-63ea-58c7-0677967a8583,39637,97887,97,252.28
2026/10/10 22:19:53.348,GPU-40b7c172-fb9d-63ea-58c7-0677967a8583,39637,97887,97,251.80
2026/10/10 22:19:53.878,GPU-40b7c172-fb9d-63ea-58c7-0677967a8583,39637,97887,97,257.65
2026/10/10 22:19:54.406,GPU-40b7c172-fb9d-63ea-58c7-0677967a8583,39637,97887,97,262.54
2026/10/10 22:19:54.936,GPU-40b7c172-fb9d-63ea-58c7-0677967a8583,39637,97887,100,260.32
2026/10/10 22:19:55.464,GPU-40b7c172-fb9d-63ea-58c7-0677967a8583,39637,97887,100,259.18
2026/10/10 22:19:55.998,GPU-40b7c172-fb9d-63ea-58c7-0677967a8583,39637,97887,100,259.15
2026/10/10 22:19:56.528,GPU-40b7c172-fb9d-63ea-58c7-0677967a8583,39637,97887,97,264.20
2026/10/10 22:19:57.061,GPU-40b7c172-fb9d-63ea-58c7-0677967a8583,39637,97887,97,247.02
2026/10/10 22:19:57.588,GPU-40b7c172-fb9d-63ea-58c7-0677967a8583,39637,97887,97,244.41
2026/10/10 22:19:58.119,GPU-40b7c172-fb9d-63ea-58c7-0677967a8583,39637,97887,97,258.09
2026/10/10 22:19:58.647,GPU-40b7c172-fb9d-63ea-58c7-0677967a8583,39637,97887,97,274.05
2026/10/10 22:19:59.177,GPU-40b7c172-fb9d-63ea-58c7-0677967a8583,39637,97887,97,269.26
2026/10/10 22:19:59.705,GPU-40b7c172-fb9d-63ea-58c7-0677967a8583,39637,97887,97,258.72
2026/10/10 22:20:00.237,GPU-40b7c172-fb9d-63ea-58c7-0677967a8583,39637,97887,97,261.18
2026/10/10 22:20:00.765,GPU-40b7c172-fb9d-63ea-58c7-0677967a8583,39637,97887,97,251.23
2026/10/10 22:20:01.295,GPU-40b7c172-fb9d-63ea-58c7-0677967a8583,39637,97887,97,259.46
2026/10/10 22:20:01.824,GPU-40b7c172-fb9d-63ea-58c7-0677967a8583,39637,97887,97,262.91
2026/10/10 22:20:02.352,GPU-40b7c172-fb9d-63ea-58c7-0677967a8583,39637,97887,100,262.47
2026/10/10 22:20:02.884,GPU-40b7c172-fb9d-63ea-58c7-0677967a8583,39637,97887,97,259.78
2026/10/10 22:20:03.413,GPU-40b7c172-fb9d-63ea-58c7-0677967a8583,39637,97887,97,263.39
2026/10/10 22:20:03.942,GPU-40b7c172-fb9d-63ea-58c7-0677967a8583,39637,97887,97,271.68
2026/10/10 22:20:04.471,GPU-40b7c172-fb9d-63ea-58c7-0677967a8583,39637,97887,97,261.73
2026/10/10 22:20:05.000,GPU-40b7c172-fb9d-63ea-58c7-0677967a8583,39637,97887,100,243.55
2026/10/10 22:20:05.528,GPU-40b7c172-fb9d-63ea-58c7-0677967a8583,39637,97887,97,247.41
2026/10/10 22:20:06.057,GPU-40b7c172-fb9d-63ea-58c7-0677967a8583,39637,97887,97,260.50
2026/10/10 22:20:06.585,GPU-40b7c172-fb9d-63ea-58c7-0677967a8583,39637,97887,97,254.46
2026/10/10 22:20:07.114,GPU-40b7c172-fb9d-63ea-58c7-0677967a8583,39637,97887,97,245.82
2026/10/10 22:20:07.641,GPU-40b7c172-fb9d-63ea-58c7-0677967a8583,39637,97887,97,255.98
2026/10/10 22:20:08.171,GPU-40b7c172-fb9d-63ea-58c7-0677967a8583,39637,97887,97,260.03
2026/10/10 22:20:08.703,GPU-40b7c172-fb9d-63ea-58c7-0677967a8583,39637,97887,97,259.65
2026/10/10 22:20:09.233,GPU-40b7c172-fb9d-63ea-58c7-0677967a8583,39637,97887,97,263.53
2026/10/10 22:20:09.761,GPU-40b7c172-fb9d-63ea-58c7-0677967a8583,39637,97887,100,262.51
2026/10/10 22:20:10.303,GPU-40b7c172-fb9d-63ea-58c7-0677967a8583,39637,97887,100,262.97
2026/10/10 22:20:10.841,GPU-40b7c172-fb9d-63ea-58c7-0677967a8583,39637,97887,97,255.21
2026/10/10 22:20:11.388,GPU-40b7c172-fb9d-63ea-58c7-0677967a8583,39637,97887,96,254.32
2026/10/10 22:20:11.920,GPU-40b7c172-fb9d-63ea-58c7-0677967a8583,39637,97887,98,263.82
2026/10/10 22:20:12.448,GPU-40b7c172-fb9d-63ea-58c7-0677967a8583,39637,97887,99,259.31
2026/10/10 22:20:12.978,GPU-40b7c172-fb9d-63ea-58c7-0677967a8583,39637,97887,97,244.24
2026/10/10 22:20:13.507,GPU-40b7c172-fb9d-63ea-58c7-0677967a8583,39637,97887,96,244.68
2026/10/10 22:20:14.037,GPU-40b7c172-fb9d-63ea-58c7-0677967a8583,39637,97887,97,251.04
2026/10/10 22:20:14.565,GPU-40b7c172-fb9d-63ea-58c7-0677967a8583,39637,97887,97,256.53
2026/10/10 22:20:15.097,GPU-40b7c172-fb9d-63ea-58c7-0677967a8583,39637,97887,97,262.99
2026/10/10 22:20:15.630,GPU-40b7c172-fb9d-63ea-58c7-0677967a8583,39637,97887,97,263.79
2026/10/10 22:20:16.158,GPU-40b7c172-fb9d-63ea-58c7-0677967a8583,39637,97887,97,253.01
2026/10/10 22:20:16.686,GPU-40b7c172-fb9d-63ea-58c7-0677967a8583,39637,97887,96,252.66
2026/10/10 22:20:17.219,GPU-40b7c172-fb9d-63ea-58c7-0677967a8583,39637,97887,97,257.41
2026/10/10 22:20:17.746,GPU-40b7c172-fb9d-63ea-58c7-0677967a8583,39637,97887,97,250.47
2026/10/10 22:20:18.276,GPU-40b7c172-fb9d-63ea-58c7-0677967a8583,39637,97887,97,267.12
2026/10/10 22:20:18.805,GPU-40b7c172-fb9d-63ea-58c7-0677967a8583,39637,97887,97,261.99
2026/10/10 22:20:19.334,GPU-40b7c172-fb9d-63ea-58c7-0677967a8583,39637,97887,97,258.02
2026/10/10 22:20:19.864,GPU-40b7c172-fb9d-63ea-58c7-0677967a8583,39637,97887,97,259.39
2026/10/10 22:20:20.395,GPU-40b7c172-fb9d-63ea-58c7-0677967a8583,39637,97887,97,269.20
2026/10/10 22:20:20.922,GPU-40b7c172-fb9d-63ea-58c7-0677967a8583,39637,97887,100,253.67
2026/10/10 22:20:21.451,GPU-40b7c172-fb9d-63ea-58c7-0677967a8583,39637,97887,100,247.88
2026/10/10 22:20:21.979,GPU-40b7c172-fb9d-63ea-58c7-0677967a8583,39637,97887,97,244.30
2026/10/10 22:20:22.510,GPU-40b7c172-fb9d-63ea-58c7-0677967a8583,39637,97887,97,249.68
2026/10/10 22:20:23.045,GPU-40b7c172-fb9d-63ea-58c7-0677967a8583,39637,97887,97,255.11
2026/10/10 22:20:23.573,GPU-40b7c172-fb9d-63ea-58c7-0677967a8583,39637,97887,97,262.72
2026/10/10 22:20:24.101,GPU-40b7c172-fb9d-63ea-58c7-0677967a8583,39637,97887,97,269.30
2026/10/10 22:20:24.632,GPU-40b7c172-fb9d-63ea-58c7-0677967a8583,39637,97887,100,266.76
2026/10/10 22:20:25.161,GPU-40b7c172-fb9d-63ea-58c7-0677967a8583,39637,97887,97,245.50
2026/10/10 22:20:25.690,GPU-40b7c172-fb9d-63ea-58c7-0677967a8583,39637,97887,97,258.57
2026/10/10 22:20:26.221,GPU-40b7c172-fb9d-63ea-58c7-0677967a8583,39637,97887,97,251.74
2026/10/10 22:20:26.750,GPU-40b7c172-fb9d-63ea-58c7-0677967a8583,39637,97887,97,253.32
2026/10/10 22:20:27.289,GPU-40b7c172-fb9d-63ea-58c7-0677967a8583,39637,97887,97,255.29
2026/10/10 22:20:27.819,GPU-40b7c172-fb9d-63ea-58c7-0677967a8583,39637,97887,97,246.05
2026/10/10 22:20:28.347,GPU-40b7c172-fb9d-63ea-58c7-0677967a8583,39637,97887,97,251.55
2026/10/10 22:20:28.878,GPU-40b7c172-fb9d-63ea-58c7-0677967a8583,39637,97887,97,255.81
2026/10/10 22:20:29.410,GPU-40b7c172-fb9d-63ea-58c7-0677967a8583,39637,97887,97,261.31
2026/10/10 22:20:29.939,GPU-40b7c172-fb9d-63ea-58c7-0677967a8583,39637,97887,96,261.20
2026/10/10 22:20:30.468,GPU-40b7c172-fb9d-63ea-58c7-0677967a8583,39637,97887,97,263.76
2026/10/10 22:20:31.001,GPU-40b7c172-fb9d-63ea-58c7-0677967a8583,39637,97887,97,265.12
2026/10/10 22:20:31.529,GPU-40b7c172-fb9d-63ea-58c7-0677967a8583,39637,97887,97,255.76
2026/10/10 22:20:32.061,GPU-40b7c172-fb9d-63ea-58c7-0677967a8583,39637,97887,97,263.37
2026/10/10 22:20:32.591,GPU-40b7c172-fb9d-63ea-58c7-0677967a8583,39637,97887,96,253.29
2026/10/10 22:20:33.119,GPU-40b7c172-fb9d-63ea-58c7-0677967a8583,39637,97887,100,260.58
2026/10/10 22:20:33.649,GPU-40b7c172-fb9d-63ea-58c7-0677967a8583,39637,97887,100,259.46
2026/10/10 22:20:34.176,GPU-40b7c172-fb9d-63ea-58c7-0677967a8583,39637,97887,98,247.35
2026/10/10 22:20:34.704,GPU-40b7c172-fb9d-63ea-58c7-0677967a8583,39637,97887,97,242.82
2026/10/10 22:20:35.233,GPU-40b7c172-fb9d-63ea-58c7-0677967a8583,39637,97887,97,247.34
2026/10/10 22:20:35.763,GPU-40b7c172-fb9d-63ea-58c7-0677967a8583,39637,97887,97,254.38
2026/10/10 22:20:36.294,GPU-40b7c172-fb9d-63ea-58c7-0677967a8583,39637,97887,97,252.61
2026/10/10 22:20:36.827,GPU-40b7c172-fb9d-63ea-58c7-0677967a8583,39637,97887,98,254.22
2026/10/10 22:20:37.358,GPU-40b7c172-fb9d-63ea-58c7-0677967a8583,39637,97887,97,261.05
2026/10/10 22:20:37.891,GPU-40b7c172-fb9d-63ea-58c7-0677967a8583,39637,97887,97,265.76
2026/10/10 22:20:38.438,GPU-40b7c172-fb9d-63ea-58c7-0677967a8583,39637,97887,97,257.39
2026/10/10 22:20:38.970,GPU-40b7c172-fb9d-63ea-58c7-0677967a8583,39637,97887,97,263.32
2026/10/10 22:20:39.507,GPU-40b7c172-fb9d-63ea-58c7-0677967a8583,39637,97887,97,264.40
2026/10/10 22:20:40.043,GPU-40b7c172-fb9d-63ea-58c7-0677967a8583,39637,97887,97,248.74
2026/10/10 22:20:40.603,GPU-40b7c172-fb9d-63ea-58c7-0677967a8583,39637,97887,97,254.57
2026/10/10 22:20:41.135,GPU-40b7c172-fb9d-63ea-58c7-0677967a8583,39637,97887,98,249.80
2026/10/10 22:20:41.665,GPU-40b7c172-fb9d-63ea-58c7-0677967a8583,39637,97887,97,266.55
2026/10/10 22:20:42.199,GPU-40b7c172-fb9d-63ea-58c7-0677967a8583,39637,97887,97,264.69
2026/10/10 22:20:42.727,GPU-40b7c172-fb9d-63ea-58c7-0677967a8583,39637,97887,99,252.49
2026/10/10 22:20:43.258,GPU-40b7c172-fb9d-63ea-58c7-0677967a8583,39637,97887,100,254.52
2026/10/10 22:20:43.789,GPU-40b7c172-fb9d-63ea-58c7-0677967a8583,39637,97887,97,259.45
2026/10/10 22:20:44.321,GPU-40b7c172-fb9d-63ea-58c7-0677967a8583,39637,97887,97,257.94
2026/10/10 22:20:44.857,GPU-40b7c172-fb9d-63ea-58c7-0677967a8583,39637,97887,100,264.04
2026/10/10 22:20:45.389,GPU-40b7c172-fb9d-63ea-58c7-0677967a8583,39637,97887,97,255.70
2026/10/10 22:20:45.922,GPU-40b7c172-fb9d-63ea-58c7-0677967a8583,39637,97887,97,256.30
2026/10/10 22:20:46.458,GPU-40b7c172-fb9d-63ea-58c7-0677967a8583,39637,97887,97,254.32
2026/10/10 22:20:46.989,GPU-40b7c172-fb9d-63ea-58c7-0677967a8583,39637,97887,97,246.37
2026/10/10 22:20:47.521,GPU-40b7c172-fb9d-63ea-58c7-0677967a8583,39637,97887,98,257.10
2026/10/10 22:20:48.053,GPU-40b7c172-fb9d-63ea-58c7-0677967a8583,39637,97887,97,259.05
2026/10/10 22:20:48.585,GPU-40b7c172-fb9d-63ea-58c7-0677967a8583,39637,97887,97,251.74
2026/10/10 22:20:49.118,GPU-40b7c172-fb9d-63ea-58c7-0677967a8583,39637,97887,97,256.75
2026/10/10 22:20:49.650,GPU-40b7c172-fb9d-63ea-58c7-0677967a8583,39637,97887,97,255.67
2026/10/10 22:20:50.182,GPU-40b7c172-fb9d-63ea-58c7-0677967a8583,39637,97887,97,260.03
2026/10/10 22:20:50.714,GPU-40b7c172-fb9d-63ea-58c7-0677967a8583,39637,97887,97,259.92
2026/10/10 22:20:51.247,GPU-40b7c172-fb9d-63ea-58c7-0677967a8583,39637,97887,98,253.69
2026/10/10 22:20:51.780,GPU-40b7c172-fb9d-63ea-58c7-0677967a8583,39637,97887,100,259.35
2026/10/10 22:20:52.313,GPU-40b7c172-fb9d-63ea-58c7-0677967a8583,39637,97887,100,261.78
2026/10/10 22:20:52.844,GPU-40b7c172-fb9d-63ea-58c7-0677967a8583,39637,97887,98,256.88
2026/10/10 22:20:53.376,GPU-40b7c172-fb9d-63ea-58c7-0677967a8583,39637,97887,98,250.75
2026/10/10 22:20:53.907,GPU-40b7c172-fb9d-63ea-58c7-0677967a8583,39637,97887,98,246.37
2026/10/10 22:20:54.441,GPU-40b7c172-fb9d-63ea-58c7-0677967a8583,39637,97887,97,250.43
2026/10/10 22:20:54.973,GPU-40b7c172-fb9d-63ea-58c7-0677967a8583,39637,97887,98,245.95
2026/10/10 22:20:55.511,GPU-40b7c172-fb9d-63ea-58c7-0677967a8583,39637,97887,97,244.01
2026/10/10 22:20:56.039,GPU-40b7c172-fb9d-63ea-58c7-0677967a8583,39637,97887,97,255.51
2026/10/10 22:20:56.567,GPU-40b7c172-fb9d-63ea-58c7-0677967a8583,39637,97887,97,252.61
2026/10/10 22:20:57.101,GPU-40b7c172-fb9d-63ea-58c7-0677967a8583,39637,97887,98,260.14
2026/10/10 22:20:57.628,GPU-40b7c172-fb9d-63ea-58c7-0677967a8583,39637,97887,98,260.92
2026/10/10 22:20:58.163,GPU-40b7c172-fb9d-63ea-58c7-0677967a8583,39637,97887,98,257.19
2026/10/10 22:20:58.692,GPU-40b7c172-fb9d-63ea-58c7-0677967a8583,39637,97887,98,259.96
2026/10/10 22:20:59.219,GPU-40b7c172-fb9d-63ea-58c7-0677967a8583,39637,97887,97,258.37
2026/10/10 22:20:59.746,GPU-40b7c172-fb9d-63ea-58c7-0677967a8583,39637,97887,99,249.79
2026/10/10 22:21:00.273,GPU-40b7c172-fb9d-63ea-58c7-0677967a8583,39637,97887,100,249.57
2026/10/10 22:21:00.800,GPU-40b7c172-fb9d-63ea-58c7-0677967a8583,39637,97887,98,245.56
2026/10/10 22:21:01.330,GPU-40b7c172-fb9d-63ea-58c7-0677967a8583,39637,97887,98,244.80
2026/10/10 22:21:01.858,GPU-40b7c172-fb9d-63ea-58c7-0677967a8583,39637,97887,98,249.54
2026/10/10 22:21:02.386,GPU-40b7c172-fb9d-63ea-58c7-0677967a8583,39637,97887,98,249.78
2026/10/10 22:21:02.914,GPU-40b7c172-fb9d-63ea-58c7-0677967a8583,39637,97887,97,256.84
2026/10/10 22:21:03.440,GPU-40b7c172-fb9d-63ea-58c7-0677967a8583,39637,97887,97,259.63
2026/10/10 22:21:03.968,GPU-40b7c172-fb9d-63ea-58c7-0677967a8583,39637,97887,97,258.87
2026/10/10 22:21:04.497,GPU-40b7c172-fb9d-63ea-58c7-0677967a8583,39637,97887,97,253.98
2026/10/10 22:21:05.025,GPU-40b7c172-fb9d-63ea-58c7-0677967a8583,39637,97887,100,251.92
2026/10/10 22:21:05.551,GPU-40b7c172-fb9d-63ea-58c7-0677967a8583,39637,97887,100,263.04
2026/10/10 22:21:06.078,GPU-40b7c172-fb9d-63ea-58c7-0677967a8583,39637,97887,100,258.27
2026/10/10 22:21:06.604,GPU-40b7c172-fb9d-63ea-58c7-0677967a8583,39637,97887,98,246.69
2026/10/10 22:21:07.130,GPU-40b7c172-fb9d-63ea-58c7-0677967a8583,39637,97887,98,249.67
2026/10/10 22:21:07.659,GPU-40b7c172-fb9d-63ea-58c7-0677967a8583,39637,97887,97,249.23
2026/10/10 22:21:08.185,GPU-40b7c172-fb9d-63ea-58c7-0677967a8583,39637,97887,97,259.30
2026/10/10 22:21:08.718,GPU-40b7c172-fb9d-63ea-58c7-0677967a8583,39637,97887,97,258.49
2026/10/10 22:21:09.246,GPU-40b7c172-fb9d-63ea-58c7-0677967a8583,39637,97887,98,256.37
2026/10/10 22:21:09.774,GPU-40b7c172-fb9d-63ea-58c7-0677967a8583,39637,97887,97,264.47
2026/10/10 22:21:10.318,GPU-40b7c172-fb9d-63ea-58c7-0677967a8583,39637,97887,96,267.68
2026/10/10 22:21:10.848,GPU-40b7c172-fb9d-63ea-58c7-0677967a8583,39637,97887,97,255.01
2026/10/10 22:21:11.377,GPU-40b7c172-fb9d-63ea-58c7-0677967a8583,39637,97887,98,246.20
2026/10/10 22:21:11.904,GPU-40b7c172-fb9d-63ea-58c7-0677967a8583,39637,97887,97,251.73
2026/10/10 22:21:12.433,GPU-40b7c172-fb9d-63ea-58c7-0677967a8583,39637,97887,97,260.59
2026/10/10 22:21:12.963,GPU-40b7c172-fb9d-63ea-58c7-0677967a8583,39637,97887,99,258.69
2026/10/10 22:21:13.489,GPU-40b7c172-fb9d-63ea-58c7-0677967a8583,39637,97887,100,256.45
2026/10/10 22:21:14.021,GPU-40b7c172-fb9d-63ea-58c7-0677967a8583,39637,97887,98,245.40
2026/10/10 22:21:14.549,GPU-40b7c172-fb9d-63ea-58c7-0677967a8583,39637,97887,98,240.93
2026/10/10 22:21:15.078,GPU-40b7c172-fb9d-63ea-58c7-0677967a8583,39637,97887,97,243.76
2026/10/10 22:21:15.605,GPU-40b7c172-fb9d-63ea-58c7-0677967a8583,39637,97887,96,248.00
2026/10/10 22:21:16.131,GPU-40b7c172-fb9d-63ea-58c7-0677967a8583,39637,97887,96,252.68
2026/10/10 22:21:16.658,GPU-40b7c172-fb9d-63ea-58c7-0677967a8583,39637,97887,98,253.54
2026/10/10 22:21:17.184,GPU-40b7c172-fb9d-63ea-58c7-0677967a8583,39637,97887,97,259.20
2026/10/10 22:21:17.710,GPU-40b7c172-fb9d-63ea-58c7-0677967a8583,39637,97887,97,265.24
2026/10/10 22:21:18.235,GPU-40b7c172-fb9d-63ea-58c7-0677967a8583,39637,97887,100,261.53
2026/10/10 22:21:18.762,GPU-40b7c172-fb9d-63ea-58c7-0677967a8583,39637,97887,100,263.07
2026/10/10 22:21:19.289,GPU-40b7c172-fb9d-63ea-58c7-0677967a8583,39637,97887,99,250.93
2026/10/10 22:21:19.818,GPU-40b7c172-fb9d-63ea-58c7-0677967a8583,39637,97887,97,246.35
2026/10/10 22:21:20.349,GPU-40b7c172-fb9d-63ea-58c7-0677967a8583,39637,97887,97,254.40
2026/10/10 22:21:20.877,GPU-40b7c172-fb9d-63ea-58c7-0677967a8583,39637,97887,98,246.39
2026/10/10 22:21:21.406,GPU-40b7c172-fb9d-63ea-58c7-0677967a8583,39637,97887,97,248.77
2026/10/10 22:21:21.933,GPU-40b7c172-fb9d-63ea-58c7-0677967a8583,39637,97887,98,260.15
2026/10/10 22:21:22.459,GPU-40b7c172-fb9d-63ea-58c7-0677967a8583,39637,97887,98,260.72
2026/10/10 22:21:22.986,GPU-40b7c172-fb9d-63ea-58c7-0677967a8583,39637,97887,98,261.79
2026/10/10 22:21:23.513,GPU-40b7c172-fb9d-63ea-58c7-0677967a8583,39637,97887,97,264.15
2026/10/10 22:21:24.039,GPU-40b7c172-fb9d-63ea-58c7-0677967a8583,39637,97887,100,255.82
2026/10/10 22:21:24.567,GPU-40b7c172-fb9d-63ea-58c7-0677967a8583,39637,97887,97,249.68
2026/10/10 22:21:25.097,GPU-40b7c172-fb9d-63ea-58c7-0677967a8583,39637,97887,97,260.36
2026/10/10 22:21:25.625,GPU-40b7c172-fb9d-63ea-58c7-0677967a8583,39637,97887,97,257.99
2026/10/10 22:21:26.151,GPU-40b7c172-fb9d-63ea-58c7-0677967a8583,39637,97887,98,259.02
2026/10/10 22:21:26.678,GPU-40b7c172-fb9d-63ea-58c7-0677967a8583,39637,97887,99,259.47
2026/10/10 22:21:27.204,GPU-40b7c172-fb9d-63ea-58c7-0677967a8583,39637,97887,98,252.96
2026/10/10 22:21:27.734,GPU-40b7c172-fb9d-63ea-58c7-0677967a8583,39637,97887,98,268.44
2026/10/10 22:21:28.260,GPU-40b7c172-fb9d-63ea-58c7-0677967a8583,39637,97887,98,257.02
2026/10/10 22:21:28.788,GPU-40b7c172-fb9d-63ea-58c7-0677967a8583,39637,97887,97,253.84
2026/10/10 22:21:29.315,GPU-40b7c172-fb9d-63ea-58c7-0677967a8583,39637,97887,97,259.31
2026/10/10 22:21:29.840,GPU-40b7c172-fb9d-63ea-58c7-0677967a8583,39637,97887,97,258.70
2026/10/10 22:21:30.371,GPU-40b7c172-fb9d-63ea-58c7-0677967a8583,39637,97887,97,266.68
2026/10/10 22:21:30.899,GPU-40b7c172-fb9d-63ea-58c7-0677967a8583,39637,97887,97,254.99
2026/10/10 22:21:31.425,GPU-40b7c172-fb9d-63ea-58c7-0677967a8583,39637,97887,100,252.96
2026/10/10 22:21:31.952,GPU-40b7c172-fb9d-63ea-58c7-0677967a8583,39637,97887,100,255.56
2026/10/10 22:21:32.481,GPU-40b7c172-fb9d-63ea-58c7-0677967a8583,39637,97887,100,263.44
2026/10/10 22:21:33.008,GPU-40b7c172-fb9d-63ea-58c7-0677967a8583,39637,97887,97,255.56
2026/10/10 22:21:33.534,GPU-40b7c172-fb9d-63ea-58c7-0677967a8583,39637,97887,97,247.01
2026/10/10 22:21:34.062,GPU-40b7c172-fb9d-63ea-58c7-0677967a8583,39637,97887,97,235.71
2026/10/10 22:21:34.589,GPU-40b7c172-fb9d-63ea-58c7-0677967a8583,39637,97887,97,259.17
2026/10/10 22:21:35.119,GPU-40b7c172-fb9d-63ea-58c7-0677967a8583,39637,97887,97,261.50
2026/10/10 22:21:35.644,GPU-40b7c172-fb9d-63ea-58c7-0677967a8583,39637,97887,97,265.32
2026/10/10 22:21:36.173,GPU-40b7c172-fb9d-63ea-58c7-0677967a8583,39637,97887,97,259.55
2026/10/10 22:21:36.702,GPU-40b7c172-fb9d-63ea-58c7-0677967a8583,39637,97887,97,243.10
2026/10/10 22:21:37.230,GPU-40b7c172-fb9d-63ea-58c7-0677967a8583,39637,97887,97,242.72
2026/10/10 22:21:37.756,GPU-40b7c172-fb9d-63ea-58c7-0677967a8583,39637,97887,97,264.83
2026/10/10 22:21:38.285,GPU-40b7c172-fb9d-63ea-58c7-0677967a8583,39637,97887,97,267.77
2026/10/10 22:21:38.811,GPU-40b7c172-fb9d-63ea-58c7-0677967a8583,39637,97887,100,258.09
2026/10/10 22:21:39.361,GPU-40b7c172-fb9d-63ea-58c7-0677967a8583,39637,97887,98,261.38
2026/10/10 22:21:39.900,GPU-40b7c172-fb9d-63ea-58c7-0677967a8583,39637,97887,97,266.20
2026/10/10 22:21:40.434,GPU-40b7c172-fb9d-63ea-58c7-0677967a8583,39637,97887,97,257.11
2026/10/10 22:21:40.965,GPU-40b7c172-fb9d-63ea-58c7-0677967a8583,39637,97887,97,253.97
2026/10/10 22:21:41.493,GPU-40b7c172-fb9d-63ea-58c7-0677967a8583,39637,97887,99,247.86
2026/10/10 22:21:42.021,GPU-40b7c172-fb9d-63ea-58c7-0677967a8583,39637,97887,98,235.35
2026/10/10 22:21:42.548,GPU-40b7c172-fb9d-63ea-58c7-0677967a8583,39637,97887,98,254.99
2026/10/10 22:21:43.075,GPU-40b7c172-fb9d-63ea-58c7-0677967a8583,39637,97887,97,255.38
2026/10/10 22:21:43.602,GPU-40b7c172-fb9d-63ea-58c7-0677967a8583,39637,97887,97,254.72
2026/10/10 22:21:44.137,GPU-40b7c172-fb9d-63ea-58c7-0677967a8583,39637,97887,97,257.89
2026/10/10 22:21:44.664,GPU-40b7c172-fb9d-63ea-58c7-0677967a8583,39637,97887,97,258.14
2026/10/10 22:21:45.191,GPU-40b7c172-fb9d-63ea-58c7-0677967a8583,39637,97887,97,256.00
2026/10/10 22:21:45.718,GPU-40b7c172-fb9d-63ea-58c7-0677967a8583,39637,97887,97,252.67
2026/10/10 22:21:46.245,GPU-40b7c172-fb9d-63ea-58c7-0677967a8583,39637,97887,100,251.82
2026/10/10 22:21:46.777,GPU-40b7c172-fb9d-63ea-58c7-0677967a8583,39637,97887,100,260.62
2026/10/10 22:21:47.304,GPU-40b7c172-fb9d-63ea-58c7-0677967a8583,39637,97887,97,266.61
2026/10/10 22:21:47.832,GPU-40b7c172-fb9d-63ea-58c7-0677967a8583,39637,97887,97,258.83
2026/10/10 22:21:48.365,GPU-40b7c172-fb9d-63ea-58c7-0677967a8583,39637,97887,100,243.77
2026/10/10 22:21:48.894,GPU-40b7c172-fb9d-63ea-58c7-0677967a8583,39637,97887,100,251.83
2026/10/10 22:21:49.424,GPU-40b7c172-fb9d-63ea-58c7-0677967a8583,39637,97887,97,251.90
2026/10/10 22:21:49.953,GPU-40b7c172-fb9d-63ea-58c7-0677967a8583,39637,97887,96,255.69
2026/10/10 22:21:50.480,GPU-40b7c172-fb9d-63ea-58c7-0677967a8583,39637,97887,97,257.42
2026/10/10 22:21:51.008,GPU-40b7c172-fb9d-63ea-58c7-0677967a8583,39637,97887,97,257.47
2026/10/10 22:21:51.537,GPU-40b7c172-fb9d-63ea-58c7-0677967a8583,39637,97887,98,252.74
2026/10/10 22:21:52.065,GPU-40b7c172-fb9d-63ea-58c7-0677967a8583,39637,97887,97,261.41
2026/10/10 22:21:52.592,GPU-40b7c172-fb9d-63ea-58c7-0677967a8583,39637,97887,98,256.07
2026/10/10 22:21:53.123,GPU-40b7c172-fb9d-63ea-58c7-0677967a8583,39637,97887,97,267.82
2026/10/10 22:21:53.651,GPU-40b7c172-fb9d-63ea-58c7-0677967a8583,39637,97887,100,267.92
2026/10/10 22:21:54.178,GPU-40b7c172-fb9d-63ea-58c7-0677967a8583,39637,97887,97,260.36
2026/10/10 22:21:54.707,GPU-40b7c172-fb9d-63ea-58c7-0677967a8583,39637,97887,97,265.30
2026/10/10 22:21:55.236,GPU-40b7c172-fb9d-63ea-58c7-0677967a8583,39637,97887,97,254.11
2026/10/10 22:21:55.766,GPU-40b7c172-fb9d-63ea-58c7-0677967a8583,39637,97887,99,249.49
2026/10/10 22:21:56.307,GPU-40b7c172-fb9d-63ea-58c7-0677967a8583,39637,97887,100,256.81
2026/10/10 22:21:56.837,GPU-40b7c172-fb9d-63ea-58c7-0677967a8583,39637,97887,98,251.30
2026/10/10 22:21:57.366,GPU-40b7c172-fb9d-63ea-58c7-0677967a8583,39637,97887,98,255.64
2026/10/10 22:21:57.898,GPU-40b7c172-fb9d-63ea-58c7-0677967a8583,39637,97887,97,239.76
2026/10/10 22:21:58.425,GPU-40b7c172-fb9d-63ea-58c7-0677967a8583,39637,97887,97,244.69
2026/10/10 22:21:58.952,GPU-40b7c172-fb9d-63ea-58c7-0677967a8583,39637,97887,98,250.01
2026/10/10 22:21:59.479,GPU-40b7c172-fb9d-63ea-58c7-0677967a8583,39637,97887,97,255.56
2026/10/10 22:22:00.007,GPU-40b7c172-fb9d-63ea-58c7-0677967a8583,39637,97887,97,251.17
2026/10/10 22:22:00.534,GPU-40b7c172-fb9d-63ea-58c7-0677967a8583,39637,97887,97,254.46
2026/10/10 22:22:01.060,GPU-40b7c172-fb9d-63ea-58c7-0677967a8583,39637,97887,97,255.18
2026/10/10 22:22:01.588,GPU-40b7c172-fb9d-63ea-58c7-0677967a8583,39637,97887,97,259.40
2026/10/10 22:22:02.114,GPU-40b7c172-fb9d-63ea-58c7-0677967a8583,39637,97887,98,264.56
2026/10/10 22:22:02.641,GPU-40b7c172-fb9d-63ea-58c7-0677967a8583,39637,97887,100,273.36
2026/10/10 22:22:03.169,GPU-40b7c172-fb9d-63ea-58c7-0677967a8583,39637,97887,100,267.82
2026/10/10 22:22:03.696,GPU-40b7c172-fb9d-63ea-58c7-0677967a8583,39637,97887,100,257.03
2026/10/10 22:22:04.224,GPU-40b7c172-fb9d-63ea-58c7-0677967a8583,39637,97887,98,247.10
2026/10/10 22:22:04.752,GPU-40b7c172-fb9d-63ea-58c7-0677967a8583,39637,97887,98,252.73
2026/10/10 22:22:05.278,GPU-40b7c172-fb9d-63ea-58c7-0677967a8583,39637,97887,98,248.77
2026/10/10 22:22:05.805,GPU-40b7c172-fb9d-63ea-58c7-0677967a8583,39637,97887,98,256.84
2026/10/10 22:22:06.331,GPU-40b7c172-fb9d-63ea-58c7-0677967a8583,39637,97887,98,259.93
2026/10/10 22:22:06.858,GPU-40b7c172-fb9d-63ea-58c7-0677967a8583,39637,97887,98,265.83
2026/10/10 22:22:07.385,GPU-40b7c172-fb9d-63ea-58c7-0677967a8583,39637,97887,97,268.08
2026/10/10 22:22:07.913,GPU-40b7c172-fb9d-63ea-58c7-0677967a8583,39637,97887,95,271.97
2026/10/10 22:22:08.441,GPU-40b7c172-fb9d-63ea-58c7-0677967a8583,39637,97887,98,266.01
2026/10/10 22:22:08.970,GPU-40b7c172-fb9d-63ea-58c7-0677967a8583,39637,97887,97,273.19
2026/10/10 22:22:09.515,GPU-40b7c172-fb9d-63ea-58c7-0677967a8583,39637,97887,97,275.11
2026/10/10 22:22:10.042,GPU-40b7c172-fb9d-63ea-58c7-0677967a8583,39637,97887,98,275.74
2026/10/10 22:22:10.577,GPU-40b7c172-fb9d-63ea-58c7-0677967a8583,39637,97887,99,276.74
2026/10/10 22:22:11.110,GPU-40b7c172-fb9d-63ea-58c7-0677967a8583,39637,97887,99,275.54
2026/10/10 22:22:11.637,GPU-40b7c172-fb9d-63ea-58c7-0677967a8583,39637,97887,98,271.52
2026/10/10 22:22:12.166,GPU-40b7c172-fb9d-63ea-58c7-0677967a8583,39637,97887,98,274.71
2026/10/10 22:22:12.696,GPU-40b7c172-fb9d-63ea-58c7-0677967a8583,39637,97887,98,278.21
2026/10/10 22:22:13.226,GPU-40b7c172-fb9d-63ea-58c7-0677967a8583,39637,97887,98,278.88
2026/10/10 22:22:13.754,GPU-40b7c172-fb9d-63ea-58c7-0677967a8583,39637,97887,98,282.13
2026/10/10 22:22:14.282,GPU-40b7c172-fb9d-63ea-58c7-0677967a8583,39637,97887,98,280.83
2026/10/10 22:22:14.813,GPU-40b7c172-fb9d-63ea-58c7-0677967a8583,39637,97887,98,266.21
2026/10/10 22:22:15.344,GPU-40b7c172-fb9d-63ea-58c7-0677967a8583,39637,97887,99,249.66
2026/10/10 22:22:15.873,GPU-40b7c172-fb9d-63ea-58c7-0677967a8583,39637,97887,99,246.93
2026/10/10 22:22:16.400,GPU-40b7c172-fb9d-63ea-58c7-0677967a8583,39637,97887,99,250.14
2026/10/10 22:22:16.928,GPU-40b7c172-fb9d-63ea-58c7-0677967a8583,39637,97887,99,253.25
2026/10/10 22:22:17.456,GPU-40b7c172-fb9d-63ea-58c7-0677967a8583,39637,97887,99,253.19
2026/10/10 22:22:17.982,GPU-40b7c172-fb9d-63ea-58c7-0677967a8583,39637,97887,98,251.49
2026/10/10 22:22:18.519,GPU-40b7c172-fb9d-63ea-58c7-0677967a8583,39637,97887,99,242.45
2026/10/10 22:22:19.046,GPU-40b7c172-fb9d-63ea-58c7-0677967a8583,39637,97887,99,254.26
2026/10/10 22:22:19.573,GPU-40b7c172-fb9d-63ea-58c7-0677967a8583,39637,97887,98,246.25
2026/10/10 22:22:20.102,GPU-40b7c172-fb9d-63ea-58c7-0677967a8583,39637,97887,99,254.02
2026/10/10 22:22:20.630,GPU-40b7c172-fb9d-63ea-58c7-0677967a8583,39637,97887,99,275.29
2026/10/10 22:22:21.158,GPU-40b7c172-fb9d-63ea-58c7-0677967a8583,39637,97887,99,244.41
2026/10/10 22:22:21.685,GPU-40b7c172-fb9d-63ea-58c7-0677967a8583,39637,97887,99,223.95
2026/10/10 22:22:22.213,GPU-40b7c172-fb9d-63ea-58c7-0677967a8583,39637,97887,99,265.71
2026/10/10 22:22:22.741,GPU-40b7c172-fb9d-63ea-58c7-0677967a8583,39637,97887,99,300.10
2026/10/10 22:22:23.267,GPU-40b7c172-fb9d-63ea-58c7-0677967a8583,39637,97887,99,290.90
2026/10/10 22:22:23.799,GPU-40b7c172-fb9d-63ea-58c7-0677967a8583,39637,97887,99,253.48
2026/10/10 22:22:24.325,GPU-40b7c172-fb9d-63ea-58c7-0677967a8583,39637,97887,99,213.31
2026/10/10 22:22:24.857,GPU-40b7c172-fb9d-63ea-58c7-0677967a8583,39637,97887,99,202.96
2026/10/10 22:22:25.385,GPU-40b7c172-fb9d-63ea-58c7-0677967a8583,39637,97887,99,224.63
2026/10/10 22:22:25.913,GPU-40b7c172-fb9d-63ea-58c7-0677967a8583,39637,97887,99,255.00
2026/10/10 22:22:26.443,GPU-40b7c172-fb9d-63ea-58c7-0677967a8583,39637,97887,99,276.23
2026/10/10 22:22:26.971,GPU-40b7c172-fb9d-63ea-58c7-0677967a8583,39637,97887,99,281.16
2026/10/10 22:22:27.498,GPU-40b7c172-fb9d-63ea-58c7-0677967a8583,39637,97887,99,284.16
2026/10/10 22:22:28.026,GPU-40b7c172-fb9d-63ea-58c7-0677967a8583,39637,97887,99,285.72
2026/10/10 22:22:28.554,GPU-40b7c172-fb9d-63ea-58c7-0677967a8583,39637,97887,99,283.23
2026/10/10 22:22:29.080,GPU-40b7c172-fb9d-63ea-58c7-0677967a8583,39637,97887,99,279.82
2026/10/10 22:22:29.607,GPU-40b7c172-fb9d-63ea-58c7-0677967a8583,39637,97887,99,267.44
2026/10/10 22:22:30.134,GPU-40b7c172-fb9d-63ea-58c7-0677967a8583,39637,97887,99,223.93
2026/10/10 22:22:30.662,GPU-40b7c172-fb9d-63ea-58c7-0677967a8583,39637,97887,99,200.39
2026/10/10 22:22:31.191,GPU-40b7c172-fb9d-63ea-58c7-0677967a8583,39637,97887,99,207.09
2026/10/10 22:22:31.718,GPU-40b7c172-fb9d-63ea-58c7-0677967a8583,39637,97887,99,236.69
2026/10/10 22:22:32.245,GPU-40b7c172-fb9d-63ea-58c7-0677967a8583,39637,97887,99,282.90
2026/10/10 22:22:32.773,GPU-40b7c172-fb9d-63ea-58c7-0677967a8583,39637,97887,99,303.30
2026/10/10 22:22:33.300,GPU-40b7c172-fb9d-63ea-58c7-0677967a8583,39637,97887,99,259.43
2026/10/10 22:22:33.826,GPU-40b7c172-fb9d-63ea-58c7-0677967a8583,39637,97887,99,221.40
2026/10/10 22:22:34.353,GPU-40b7c172-fb9d-63ea-58c7-0677967a8583,39637,97887,99,230.59
2026/10/10 22:22:34.878,GPU-40b7c172-fb9d-63ea-58c7-0677967a8583,39637,97887,99,280.82
2026/10/10 22:22:35.407,GPU-40b7c172-fb9d-63ea-58c7-0677967a8583,39637,97887,99,296.67
2026/10/10 22:22:35.934,GPU-40b7c172-fb9d-63ea-58c7-0677967a8583,39637,97887,99,242.64
2026/10/10 22:22:36.461,GPU-40b7c172-fb9d-63ea-58c7-0677967a8583,39637,97887,99,244.15
2026/10/10 22:22:36.989,GPU-40b7c172-fb9d-63ea-58c7-0677967a8583,39637,97887,99,286.50
2026/10/10 22:22:37.519,GPU-40b7c172-fb9d-63ea-58c7-0677967a8583,39637,97887,99,250.61
2026/10/10 22:22:38.047,GPU-40b7c172-fb9d-63ea-58c7-0677967a8583,39637,97887,99,239.44
2026/10/10 22:22:38.575,GPU-40b7c172-fb9d-63ea-58c7-0677967a8583,39637,97887,98,277.64
2026/10/10 22:22:39.103,GPU-40b7c172-fb9d-63ea-58c7-0677967a8583,39637,97887,99,258.97
2026/10/10 22:22:39.632,GPU-40b7c172-fb9d-63ea-58c7-0677967a8583,39637,97887,99,259.93
2026/10/10 22:22:40.162,GPU-40b7c172-fb9d-63ea-58c7-0677967a8583,39637,97887,99,271.71
2026/10/10 22:22:40.691,GPU-40b7c172-fb9d-63ea-58c7-0677967a8583,39637,97887,99,234.76
2026/10/10 22:22:41.227,GPU-40b7c172-fb9d-63ea-58c7-0677967a8583,39637,97887,99,283.06
2026/10/10 22:22:41.760,GPU-40b7c172-fb9d-63ea-58c7-0677967a8583,39637,97887,99,260.57
2026/10/10 22:22:42.289,GPU-40b7c172-fb9d-63ea-58c7-0677967a8583,39637,97887,100,245.16
2026/10/10 22:22:42.819,GPU-40b7c172-fb9d-63ea-58c7-0677967a8583,39637,97887,99,272.88
2026/10/10 22:22:43.347,GPU-40b7c172-fb9d-63ea-58c7-0677967a8583,39637,97887,100,261.63
2026/10/10 22:22:43.875,GPU-40b7c172-fb9d-63ea-58c7-0677967a8583,39637,97887,99,263.32
2026/10/10 22:22:44.402,GPU-40b7c172-fb9d-63ea-58c7-0677967a8583,39637,97887,99,254.17
2026/10/10 22:22:44.935,GPU-40b7c172-fb9d-63ea-58c7-0677967a8583,39637,97887,99,260.08
2026/10/10 22:22:45.463,GPU-40b7c172-fb9d-63ea-58c7-0677967a8583,39637,97887,99,259.59
2026/10/10 22:22:45.991,GPU-40b7c172-fb9d-63ea-58c7-0677967a8583,39637,97887,99,264.36
2026/10/10 22:22:46.518,GPU-40b7c172-fb9d-63ea-58c7-0677967a8583,39637,97887,99,276.33
2026/10/10 22:22:47.047,GPU-40b7c172-fb9d-63ea-58c7-0677967a8583,39637,97887,99,264.24
2026/10/10 22:22:47.574,GPU-40b7c172-fb9d-63ea-58c7-0677967a8583,39637,97887,99,259.66
2026/10/10 22:22:48.102,GPU-40b7c172-fb9d-63ea-58c7-0677967a8583,39637,97887,99,244.57
2026/10/10 22:22:48.634,GPU-40b7c172-fb9d-63ea-58c7-0677967a8583,39637,97887,99,242.11
2026/10/10 22:22:49.161,GPU-40b7c172-fb9d-63ea-58c7-0677967a8583,39637,97887,100,256.26
2026/10/10 22:22:49.688,GPU-40b7c172-fb9d-63ea-58c7-0677967a8583,39637,97887,99,244.11
2026/10/10 22:22:50.215,GPU-40b7c172-fb9d-63ea-58c7-0677967a8583,39637,97887,99,263.67
2026/10/10 22:22:50.745,GPU-40b7c172-fb9d-63ea-58c7-0677967a8583,39637,97887,99,242.11
2026/10/10 22:22:51.272,GPU-40b7c172-fb9d-63ea-58c7-0677967a8583,39637,97887,99,246.71
2026/10/10 22:22:51.800,GPU-40b7c172-fb9d-63ea-58c7-0677967a8583,39637,97887,99,252.51
2026/10/10 22:22:52.329,GPU-40b7c172-fb9d-63ea-58c7-0677967a8583,39637,97887,99,237.92
2026/10/10 22:22:52.858,GPU-40b7c172-fb9d-63ea-58c7-0677967a8583,39637,97887,99,263.10
2026/10/10 22:22:53.386,GPU-40b7c172-fb9d-63ea-58c7-0677967a8583,39637,97887,99,261.75
2026/10/10 22:22:53.916,GPU-40b7c172-fb9d-63ea-58c7-0677967a8583,39637,97887,99,242.39
2026/10/10 22:22:54.447,GPU-40b7c172-fb9d-63ea-58c7-0677967a8583,39637,97887,99,254.73
2026/10/10 22:22:54.976,GPU-40b7c172-fb9d-63ea-58c7-0677967a8583,39637,97887,99,253.58
2026/10/10 22:22:55.507,GPU-40b7c172-fb9d-63ea-58c7-0677967a8583,39637,97887,98,246.12
2026/10/10 22:22:56.035,GPU-40b7c172-fb9d-63ea-58c7-0677967a8583,39637,97887,98,279.71
2026/10/10 22:22:56.565,GPU-40b7c172-fb9d-63ea-58c7-0677967a8583,39637,97887,100,262.91
2026/10/10 22:22:57.094,GPU-40b7c172-fb9d-63ea-58c7-0677967a8583,39637,97887,99,229.76
2026/10/10 22:22:57.621,GPU-40b7c172-fb9d-63ea-58c7-0677967a8583,39637,97887,99,258.98
2026/10/10 22:22:58.148,GPU-40b7c172-fb9d-63ea-58c7-0677967a8583,39637,97887,99,278.05
2026/10/10 22:22:58.678,GPU-40b7c172-fb9d-63ea-58c7-0677967a8583,39637,97887,99,260.52
2026/10/10 22:22:59.206,GPU-40b7c172-fb9d-63ea-58c7-0677967a8583,39637,97887,99,236.68
2026/10/10 22:22:59.734,GPU-40b7c172-fb9d-63ea-58c7-0677967a8583,39637,97887,99,265.58
2026/10/10 22:23:00.269,GPU-40b7c172-fb9d-63ea-58c7-0677967a8583,39637,97887,100,265.70
2026/10/10 22:23:00.798,GPU-40b7c172-fb9d-63ea-58c7-0677967a8583,39637,97887,99,241.43
2026/10/10 22:23:01.330,GPU-40b7c172-fb9d-63ea-58c7-0677967a8583,39637,97887,99,241.19
2026/10/10 22:23:01.857,GPU-40b7c172-fb9d-63ea-58c7-0677967a8583,39637,97887,99,262.29
2026/10/10 22:23:02.387,GPU-40b7c172-fb9d-63ea-58c7-0677967a8583,39637,97887,99,265.57
2026/10/10 22:23:02.917,GPU-40b7c172-fb9d-63ea-58c7-0677967a8583,39637,97887,99,240.87
2026/10/10 22:23:03.445,GPU-40b7c172-fb9d-63ea-58c7-0677967a8583,39637,97887,99,230.16
2026/10/10 22:23:03.975,GPU-40b7c172-fb9d-63ea-58c7-0677967a8583,39637,97887,99,254.31
2026/10/10 22:23:04.503,GPU-40b7c172-fb9d-63ea-58c7-0677967a8583,39637,97887,99,272.05
2026/10/10 22:23:05.029,GPU-40b7c172-fb9d-63ea-58c7-0677967a8583,39637,97887,100,264.72
2026/10/10 22:23:05.561,GPU-40b7c172-fb9d-63ea-58c7-0677967a8583,39637,97887,100,252.50
2026/10/10 22:23:06.088,GPU-40b7c172-fb9d-63ea-58c7-0677967a8583,39637,97887,99,233.44
2026/10/10 22:23:06.620,GPU-40b7c172-fb9d-63ea-58c7-0677967a8583,39637,97887,98,236.76
2026/10/10 22:23:07.148,GPU-40b7c172-fb9d-63ea-58c7-0677967a8583,39637,97887,97,235.99
2026/10/10 22:23:07.679,GPU-40b7c172-fb9d-63ea-58c7-0677967a8583,39637,97887,97,250.04
2026/10/10 22:23:08.207,GPU-40b7c172-fb9d-63ea-58c7-0677967a8583,39637,97887,97,259.65
2026/10/10 22:23:08.734,GPU-40b7c172-fb9d-63ea-58c7-0677967a8583,39637,97887,99,259.67
2026/10/10 22:23:09.263,GPU-40b7c172-fb9d-63ea-58c7-0677967a8583,39637,97887,97,263.94
2026/10/10 22:23:09.790,GPU-40b7c172-fb9d-63ea-58c7-0677967a8583,39637,97887,97,270.18
2026/10/10 22:23:10.317,GPU-40b7c172-fb9d-63ea-58c7-0677967a8583,39637,97887,99,268.39
2026/10/10 22:23:10.846,GPU-40b7c172-fb9d-63ea-58c7-0677967a8583,39637,97887,100,263.66
2026/10/10 22:23:11.373,GPU-40b7c172-fb9d-63ea-58c7-0677967a8583,39637,97887,99,256.37
2026/10/10 22:23:11.900,GPU-40b7c172-fb9d-63ea-58c7-0677967a8583,39637,97887,97,253.41
2026/10/10 22:23:12.426,GPU-40b7c172-fb9d-63ea-58c7-0677967a8583,39637,97887,98,236.94
2026/10/10 22:23:12.951,GPU-40b7c172-fb9d-63ea-58c7-0677967a8583,39637,97887,97,247.29
2026/10/10 22:23:13.478,GPU-40b7c172-fb9d-63ea-58c7-0677967a8583,39637,97887,97,255.77
2026/10/10 22:23:14.017,GPU-40b7c172-fb9d-63ea-58c7-0677967a8583,39637,97887,98,261.38
2026/10/10 22:23:14.543,GPU-40b7c172-fb9d-63ea-58c7-0677967a8583,39637,97887,97,260.00
2026/10/10 22:23:15.070,GPU-40b7c172-fb9d-63ea-58c7-0677967a8583,39637,97887,98,255.60
2026/10/10 22:23:15.600,GPU-40b7c172-fb9d-63ea-58c7-0677967a8583,39637,97887,97,255.08
2026/10/10 22:23:16.128,GPU-40b7c172-fb9d-63ea-58c7-0677967a8583,39637,97887,100,256.89
2026/10/10 22:23:16.656,GPU-40b7c172-fb9d-63ea-58c7-0677967a8583,39637,97887,100,252.99
2026/10/10 22:23:17.183,GPU-40b7c172-fb9d-63ea-58c7-0677967a8583,39637,97887,100,260.65
2026/10/10 22:23:17.711,GPU-40b7c172-fb9d-63ea-58c7-0677967a8583,39637,97887,97,256.78
2026/10/10 22:23:18.240,GPU-40b7c172-fb9d-63ea-58c7-0677967a8583,39637,97887,97,242.86
2026/10/10 22:23:18.767,GPU-40b7c172-fb9d-63ea-58c7-0677967a8583,39637,97887,97,234.61
2026/10/10 22:23:19.297,GPU-40b7c172-fb9d-63ea-58c7-0677967a8583,39637,97887,97,253.75
2026/10/10 22:23:19.827,GPU-40b7c172-fb9d-63ea-58c7-0677967a8583,39637,97887,98,251.81
2026/10/10 22:23:20.357,GPU-40b7c172-fb9d-63ea-58c7-0677967a8583,39637,97887,97,255.48
2026/10/10 22:23:20.885,GPU-40b7c172-fb9d-63ea-58c7-0677967a8583,39637,97887,97,257.97
2026/10/10 22:23:21.415,GPU-40b7c172-fb9d-63ea-58c7-0677967a8583,39637,97887,97,259.21
2026/10/10 22:23:21.942,GPU-40b7c172-fb9d-63ea-58c7-0677967a8583,39637,97887,99,273.52
2026/10/10 22:23:22.469,GPU-40b7c172-fb9d-63ea-58c7-0677967a8583,39637,97887,97,265.15
2026/10/10 22:23:22.998,GPU-40b7c172-fb9d-63ea-58c7-0677967a8583,39637,97887,97,256.64
2026/10/10 22:23:23.524,GPU-40b7c172-fb9d-63ea-58c7-0677967a8583,39637,97887,99,248.19
2026/10/10 22:23:24.051,GPU-40b7c172-fb9d-63ea-58c7-0677967a8583,39637,97887,100,251.10
2026/10/10 22:23:24.577,GPU-40b7c172-fb9d-63ea-58c7-0677967a8583,39637,97887,100,250.09
2026/10/10 22:23:25.104,GPU-40b7c172-fb9d-63ea-58c7-0677967a8583,39637,97887,98,245.63
2026/10/10 22:23:25.646,GPU-40b7c172-fb9d-63ea-58c7-0677967a8583,39637,97887,98,250.60
2026/10/10 22:23:26.172,GPU-40b7c172-fb9d-63ea-58c7-0677967a8583,39637,97887,98,239.79
2026/10/10 22:23:26.700,GPU-40b7c172-fb9d-63ea-58c7-0677967a8583,39637,97887,97,247.44
2026/10/10 22:23:27.226,GPU-40b7c172-fb9d-63ea-58c7-0677967a8583,39637,97887,97,258.22
2026/10/10 22:23:27.760,GPU-40b7c172-fb9d-63ea-58c7-0677967a8583,39637,97887,98,262.72
2026/10/10 22:23:28.288,GPU-40b7c172-fb9d-63ea-58c7-0677967a8583,39637,97887,98,265.98
2026/10/10 22:23:28.815,GPU-40b7c172-fb9d-63ea-58c7-0677967a8583,39637,97887,97,263.15
2026/10/10 22:23:29.344,GPU-40b7c172-fb9d-63ea-58c7-0677967a8583,39637,97887,98,255.41
2026/10/10 22:23:29.878,GPU-40b7c172-fb9d-63ea-58c7-0677967a8583,39637,97887,100,256.36
2026/10/10 22:23:30.405,GPU-40b7c172-fb9d-63ea-58c7-0677967a8583,39637,97887,100,243.09
2026/10/10 22:23:30.932,GPU-40b7c172-fb9d-63ea-58c7-0677967a8583,39637,97887,98,240.85
2026/10/10 22:23:31.458,GPU-40b7c172-fb9d-63ea-58c7-0677967a8583,39637,97887,98,242.26
2026/10/10 22:23:31.989,GPU-40b7c172-fb9d-63ea-58c7-0677967a8583,39637,97887,98,242.21
2026/10/10 22:23:32.519,GPU-40b7c172-fb9d-63ea-58c7-0677967a8583,39637,97887,97,266.31
2026/10/10 22:23:33.045,GPU-40b7c172-fb9d-63ea-58c7-0677967a8583,39637,97887,98,269.73
2026/10/10 22:23:33.572,GPU-40b7c172-fb9d-63ea-58c7-0677967a8583,39637,97887,98,260.21
2026/10/10 22:23:34.100,GPU-40b7c172-fb9d-63ea-58c7-0677967a8583,39637,97887,98,249.00
2026/10/10 22:23:34.627,GPU-40b7c172-fb9d-63ea-58c7-0677967a8583,39637,97887,97,251.92
2026/10/10 22:23:35.155,GPU-40b7c172-fb9d-63ea-58c7-0677967a8583,39637,97887,97,242.12
2026/10/10 22:23:35.684,GPU-40b7c172-fb9d-63ea-58c7-0677967a8583,39637,97887,97,249.67
2026/10/10 22:23:36.213,GPU-40b7c172-fb9d-63ea-58c7-0677967a8583,39637,97887,96,252.38
2026/10/10 22:23:36.745,GPU-40b7c172-fb9d-63ea-58c7-0677967a8583,39637,97887,97,251.60
2026/10/10 22:23:37.286,GPU-40b7c172-fb9d-63ea-58c7-0677967a8583,39637,97887,98,231.85
2026/10/10 22:23:37.813,GPU-40b7c172-fb9d-63ea-58c7-0677967a8583,39637,97887,98,247.23
2026/10/10 22:23:38.340,GPU-40b7c172-fb9d-63ea-58c7-0677967a8583,39637,97887,97,249.59
2026/10/10 22:23:38.871,GPU-40b7c172-fb9d-63ea-58c7-0677967a8583,39637,97887,97,257.51
2026/10/10 22:23:39.403,GPU-40b7c172-fb9d-63ea-58c7-0677967a8583,39637,97887,97,265.01
2026/10/10 22:23:39.931,GPU-40b7c172-fb9d-63ea-58c7-0677967a8583,39637,97887,97,263.79
2026/10/10 22:23:40.460,GPU-40b7c172-fb9d-63ea-58c7-0677967a8583,39637,97887,97,256.32
2026/10/10 22:23:40.988,GPU-40b7c172-fb9d-63ea-58c7-0677967a8583,39637,97887,97,265.28
2026/10/10 22:23:41.516,GPU-40b7c172-fb9d-63ea-58c7-0677967a8583,39637,97887,97,265.04
2026/10/10 22:23:42.060,GPU-40b7c172-fb9d-63ea-58c7-0677967a8583,39637,97887,99,258.83
2026/10/10 22:23:42.588,GPU-40b7c172-fb9d-63ea-58c7-0677967a8583,39637,97887,100,266.48
2026/10/10 22:23:43.116,GPU-40b7c172-fb9d-63ea-58c7-0677967a8583,39637,97887,97,255.15
2026/10/10 22:23:43.644,GPU-40b7c172-fb9d-63ea-58c7-0677967a8583,39637,97887,97,241.24
2026/10/10 22:23:44.179,GPU-40b7c172-fb9d-63ea-58c7-0677967a8583,39637,97887,97,247.16
2026/10/10 22:23:44.708,GPU-40b7c172-fb9d-63ea-58c7-0677967a8583,39637,97887,97,251.73
2026/10/10 22:23:45.234,GPU-40b7c172-fb9d-63ea-58c7-0677967a8583,39637,97887,97,259.73
2026/10/10 22:23:45.763,GPU-40b7c172-fb9d-63ea-58c7-0677967a8583,39637,97887,97,257.36
2026/10/10 22:23:46.299,GPU-40b7c172-fb9d-63ea-58c7-0677967a8583,39637,97887,96,256.32
2026/10/10 22:23:46.827,GPU-40b7c172-fb9d-63ea-58c7-0677967a8583,39637,97887,97,254.66
2026/10/10 22:23:47.361,GPU-40b7c172-fb9d-63ea-58c7-0677967a8583,39637,97887,100,245.33
2026/10/10 22:23:47.890,GPU-40b7c172-fb9d-63ea-58c7-0677967a8583,39637,97887,97,255.14
2026/10/10 22:23:48.418,GPU-40b7c172-fb9d-63ea-58c7-0677967a8583,39637,97887,97,261.80
2026/10/10 22:23:48.946,GPU-40b7c172-fb9d-63ea-58c7-0677967a8583,39637,97887,100,270.28
2026/10/10 22:23:49.481,GPU-40b7c172-fb9d-63ea-58c7-0677967a8583,39637,97887,98,259.43
2026/10/10 22:23:50.009,GPU-40b7c172-fb9d-63ea-58c7-0677967a8583,39637,97887,97,264.91
2026/10/10 22:23:50.541,GPU-40b7c172-fb9d-63ea-58c7-0677967a8583,39637,97887,97,257.31
2026/10/10 22:23:51.069,GPU-40b7c172-fb9d-63ea-58c7-0677967a8583,39637,97887,98,244.06
2026/10/10 22:23:51.599,GPU-40b7c172-fb9d-63ea-58c7-0677967a8583,39637,97887,100,247.74
2026/10/10 22:23:52.127,GPU-40b7c172-fb9d-63ea-58c7-0677967a8583,39637,97887,97,240.75
2026/10/10 22:23:52.656,GPU-40b7c172-fb9d-63ea-58c7-0677967a8583,39637,97887,97,257.01
2026/10/10 22:23:53.184,GPU-40b7c172-fb9d-63ea-58c7-0677967a8583,39637,97887,96,257.42
2026/10/10 22:23:53.712,GPU-40b7c172-fb9d-63ea-58c7-0677967a8583,39637,97887,97,255.97
2026/10/10 22:23:54.240,GPU-40b7c172-fb9d-63ea-58c7-0677967a8583,39637,97887,97,254.95
2026/10/10 22:23:54.768,GPU-40b7c172-fb9d-63ea-58c7-0677967a8583,39637,97887,97,256.29
2026/10/10 22:23:55.324,GPU-40b7c172-fb9d-63ea-58c7-0677967a8583,39637,97887,96,253.23
2026/10/10 22:23:55.852,GPU-40b7c172-fb9d-63ea-58c7-0677967a8583,39637,97887,97,261.29
2026/10/10 22:23:56.382,GPU-40b7c172-fb9d-63ea-58c7-0677967a8583,39637,97887,97,261.38
2026/10/10 22:23:56.914,GPU-40b7c172-fb9d-63ea-58c7-0677967a8583,39637,97887,97,253.24
2026/10/10 22:23:57.443,GPU-40b7c172-fb9d-63ea-58c7-0677967a8583,39637,97887,97,252.79
2026/10/10 22:23:57.971,GPU-40b7c172-fb9d-63ea-58c7-0677967a8583,39637,97887,100,250.97
2026/10/10 22:23:58.501,GPU-40b7c172-fb9d-63ea-58c7-0677967a8583,39637,97887,99,253.09
2026/10/10 22:23:59.030,GPU-40b7c172-fb9d-63ea-58c7-0677967a8583,39637,97887,97,252.36
2026/10/10 22:23:59.558,GPU-40b7c172-fb9d-63ea-58c7-0677967a8583,39637,97887,96,251.62
2026/10/10 22:24:00.087,GPU-40b7c172-fb9d-63ea-58c7-0677967a8583,39637,97887,99,242.86
2026/10/10 22:24:00.615,GPU-40b7c172-fb9d-63ea-58c7-0677967a8583,39637,97887,100,245.35
2026/10/10 22:24:01.144,GPU-40b7c172-fb9d-63ea-58c7-0677967a8583,39637,97887,97,245.02
2026/10/10 22:24:01.672,GPU-40b7c172-fb9d-63ea-58c7-0677967a8583,39637,97887,98,258.22
2026/10/10 22:24:02.199,GPU-40b7c172-fb9d-63ea-58c7-0677967a8583,39637,97887,97,249.04
2026/10/10 22:24:02.735,GPU-40b7c172-fb9d-63ea-58c7-0677967a8583,39637,97887,97,260.68
2026/10/10 22:24:03.262,GPU-40b7c172-fb9d-63ea-58c7-0677967a8583,39637,97887,97,265.31
2026/10/10 22:24:03.792,GPU-40b7c172-fb9d-63ea-58c7-0677967a8583,39637,97887,97,257.91
2026/10/10 22:24:04.322,GPU-40b7c172-fb9d-63ea-58c7-0677967a8583,39637,97887,97,253.91
2026/10/10 22:24:04.850,GPU-40b7c172-fb9d-63ea-58c7-0677967a8583,39637,97887,97,256.45
2026/10/10 22:24:05.379,GPU-40b7c172-fb9d-63ea-58c7-0677967a8583,39637,97887,99,263.14
2026/10/10 22:24:05.908,GPU-40b7c172-fb9d-63ea-58c7-0677967a8583,39637,97887,97,255.69
2026/10/10 22:24:06.438,GPU-40b7c172-fb9d-63ea-58c7-0677967a8583,39637,97887,96,258.17
2026/10/10 22:24:06.965,GPU-40b7c172-fb9d-63ea-58c7-0677967a8583,39637,97887,97,255.11
2026/10/10 22:24:07.493,GPU-40b7c172-fb9d-63ea-58c7-0677967a8583,39637,97887,97,259.59
2026/10/10 22:24:08.022,GPU-40b7c172-fb9d-63ea-58c7-0677967a8583,39637,97887,100,258.75
2026/10/10 22:24:08.555,GPU-40b7c172-fb9d-63ea-58c7-0677967a8583,39637,97887,97,264.88
2026/10/10 22:24:09.082,GPU-40b7c172-fb9d-63ea-58c7-0677967a8583,39637,97887,97,258.10
2026/10/10 22:24:09.609,GPU-40b7c172-fb9d-63ea-58c7-0677967a8583,39637,97887,97,260.00
2026/10/10 22:24:10.143,GPU-40b7c172-fb9d-63ea-58c7-0677967a8583,39637,97887,97,258.24
2026/10/10 22:24:10.671,GPU-40b7c172-fb9d-63ea-58c7-0677967a8583,39637,97887,97,250.17
2026/10/10 22:24:11.201,GPU-40b7c172-fb9d-63ea-58c7-0677967a8583,39637,97887,97,255.90
2026/10/10 22:24:11.729,GPU-40b7c172-fb9d-63ea-58c7-0677967a8583,39637,97887,97,256.57
2026/10/10 22:24:12.270,GPU-40b7c172-fb9d-63ea-58c7-0677967a8583,39637,97887,97,256.11
2026/10/10 22:24:12.815,GPU-40b7c172-fb9d-63ea-58c7-0677967a8583,39637,97887,97,254.66
2026/10/10 22:24:13.343,GPU-40b7c172-fb9d-63ea-58c7-0677967a8583,39637,97887,97,260.03
2026/10/10 22:24:13.873,GPU-40b7c172-fb9d-63ea-58c7-0677967a8583,39637,97887,97,260.03
2026/10/10 22:24:14.414,GPU-40b7c172-fb9d-63ea-58c7-0677967a8583,39637,97887,98,255.38
2026/10/10 22:24:14.944,GPU-40b7c172-fb9d-63ea-58c7-0677967a8583,39637,97887,97,254.75
2026/10/10 22:24:15.478,GPU-40b7c172-fb9d-63ea-58c7-0677967a8583,39637,97887,97,263.37
2026/10/10 22:24:16.009,GPU-40b7c172-fb9d-63ea-58c7-0677967a8583,39637,97887,98,273.07
2026/10/10 22:24:16.542,GPU-40b7c172-fb9d-63ea-58c7-0677967a8583,39637,97887,100,267.80
2026/10/10 22:24:17.078,GPU-40b7c172-fb9d-63ea-58c7-0677967a8583,39637,97887,100,256.52
2026/10/10 22:24:17.609,GPU-40b7c172-fb9d-63ea-58c7-0677967a8583,39637,97887,97,251.59
2026/10/10 22:24:18.142,GPU-40b7c172-fb9d-63ea-58c7-0677967a8583,39637,97887,97,248.65
2026/10/10 22:24:18.671,GPU-40b7c172-fb9d-63ea-58c7-0677967a8583,39637,97887,97,238.02
2026/10/10 22:24:19.198,GPU-40b7c172-fb9d-63ea-58c7-0677967a8583,39637,97887,97,246.74
2026/10/10 22:24:19.735,GPU-40b7c172-fb9d-63ea-58c7-0677967a8583,39637,97887,97,247.06
2026/10/10 22:24:20.267,GPU-40b7c172-fb9d-63ea-58c7-0677967a8583,39637,97887,97,255.44
2026/10/10 22:24:20.799,GPU-40b7c172-fb9d-63ea-58c7-0677967a8583,39637,97887,97,249.26
2026/10/10 22:24:21.327,GPU-40b7c172-fb9d-63ea-58c7-0677967a8583,39637,97887,97,250.61
2026/10/10 22:24:21.855,GPU-40b7c172-fb9d-63ea-58c7-0677967a8583,39637,97887,97,256.25
2026/10/10 22:24:22.383,GPU-40b7c172-fb9d-63ea-58c7-0677967a8583,39637,97887,97,255.49
2026/10/10 22:24:22.913,GPU-40b7c172-fb9d-63ea-58c7-0677967a8583,39637,97887,97,253.15
2026/10/10 22:24:23.441,GPU-40b7c172-fb9d-63ea-58c7-0677967a8583,39637,97887,97,254.45
2026/10/10 22:24:23.968,GPU-40b7c172-fb9d-63ea-58c7-0677967a8583,39637,97887,99,253.40
2026/10/10 22:24:24.495,GPU-40b7c172-fb9d-63ea-58c7-0677967a8583,39637,97887,97,254.52
2026/10/10 22:24:25.023,GPU-40b7c172-fb9d-63ea-58c7-0677967a8583,39637,97887,97,264.91
2026/10/10 22:24:25.560,GPU-40b7c172-fb9d-63ea-58c7-0677967a8583,39637,97887,97,259.22
2026/10/10 22:24:26.113,GPU-40b7c172-fb9d-63ea-58c7-0677967a8583,39637,97887,100,255.75
2026/10/10 22:24:26.639,GPU-40b7c172-fb9d-63ea-58c7-0677967a8583,39637,97887,100,257.93
2026/10/10 22:24:27.165,GPU-40b7c172-fb9d-63ea-58c7-0677967a8583,39637,97887,97,247.19
2026/10/10 22:24:27.692,GPU-40b7c172-fb9d-63ea-58c7-0677967a8583,39637,97887,97,256.47
2026/10/10 22:24:28.220,GPU-40b7c172-fb9d-63ea-58c7-0677967a8583,39637,97887,97,257.02
2026/10/10 22:24:28.747,GPU-40b7c172-fb9d-63ea-58c7-0677967a8583,39637,97887,97,250.81
2026/10/10 22:24:29.273,GPU-40b7c172-fb9d-63ea-58c7-0677967a8583,39637,97887,97,254.30
2026/10/10 22:24:29.802,GPU-40b7c172-fb9d-63ea-58c7-0677967a8583,39637,97887,96,256.48
2026/10/10 22:24:30.331,GPU-40b7c172-fb9d-63ea-58c7-0677967a8583,39637,97887,97,254.66
2026/10/10 22:24:30.860,GPU-40b7c172-fb9d-63ea-58c7-0677967a8583,39637,97887,97,256.91
2026/10/10 22:24:31.387,GPU-40b7c172-fb9d-63ea-58c7-0677967a8583,39637,97887,97,263.54
2026/10/10 22:24:31.912,GPU-40b7c172-fb9d-63ea-58c7-0677967a8583,39637,97887,97,256.76
2026/10/10 22:24:32.439,GPU-40b7c172-fb9d-63ea-58c7-0677967a8583,39637,97887,97,258.04
2026/10/10 22:24:32.967,GPU-40b7c172-fb9d-63ea-58c7-0677967a8583,39637,97887,100,267.37
2026/10/10 22:24:33.494,GPU-40b7c172-fb9d-63ea-58c7-0677967a8583,39637,97887,100,255.39
2026/10/10 22:24:34.020,GPU-40b7c172-fb9d-63ea-58c7-0677967a8583,39637,97887,98,249.38
2026/10/10 22:24:34.551,GPU-40b7c172-fb9d-63ea-58c7-0677967a8583,39637,97887,98,253.60
2026/10/10 22:24:35.078,GPU-40b7c172-fb9d-63ea-58c7-0677967a8583,39637,97887,97,247.48
2026/10/10 22:24:35.607,GPU-40b7c172-fb9d-63ea-58c7-0677967a8583,39637,97887,97,249.16
2026/10/10 22:24:36.135,GPU-40b7c172-fb9d-63ea-58c7-0677967a8583,39637,97887,98,252.69
2026/10/10 22:24:36.663,GPU-40b7c172-fb9d-63ea-58c7-0677967a8583,39637,97887,97,255.11
2026/10/10 22:24:37.191,GPU-40b7c172-fb9d-63ea-58c7-0677967a8583,39637,97887,97,255.67
2026/10/10 22:24:37.720,GPU-40b7c172-fb9d-63ea-58c7-0677967a8583,39637,97887,97,259.95
2026/10/10 22:24:38.247,GPU-40b7c172-fb9d-63ea-58c7-0677967a8583,39637,97887,97,262.40
2026/10/10 22:24:38.781,GPU-40b7c172-fb9d-63ea-58c7-0677967a8583,39637,97887,97,269.57
2026/10/10 22:24:39.308,GPU-40b7c172-fb9d-63ea-58c7-0677967a8583,39637,97887,97,267.83
2026/10/10 22:24:39.835,GPU-40b7c172-fb9d-63ea-58c7-0677967a8583,39637,97887,100,258.29
2026/10/10 22:24:40.366,GPU-40b7c172-fb9d-63ea-58c7-0677967a8583,39637,97887,100,264.04
2026/10/10 22:24:40.898,GPU-40b7c172-fb9d-63ea-58c7-0677967a8583,39637,97887,100,253.35
2026/10/10 22:24:41.427,GPU-40b7c172-fb9d-63ea-58c7-0677967a8583,39637,97887,97,251.76
2026/10/10 22:24:41.954,GPU-40b7c172-fb9d-63ea-58c7-0677967a8583,39637,97887,97,253.12
2026/10/10 22:24:42.480,GPU-40b7c172-fb9d-63ea-58c7-0677967a8583,39637,97887,98,247.51
2026/10/10 22:24:43.007,GPU-40b7c172-fb9d-63ea-58c7-0677967a8583,39637,97887,97,246.15
2026/10/10 22:24:43.535,GPU-40b7c172-fb9d-63ea-58c7-0677967a8583,39637,97887,98,254.31
2026/10/10 22:24:44.069,GPU-40b7c172-fb9d-63ea-58c7-0677967a8583,39637,97887,98,256.36
2026/10/10 22:24:44.596,GPU-40b7c172-fb9d-63ea-58c7-0677967a8583,39637,97887,98,256.06
2026/10/10 22:24:45.123,GPU-40b7c172-fb9d-63ea-58c7-0677967a8583,39637,97887,98,261.38
2026/10/10 22:24:45.649,GPU-40b7c172-fb9d-63ea-58c7-0677967a8583,39637,97887,97,269.64
2026/10/10 22:24:46.179,GPU-40b7c172-fb9d-63ea-58c7-0677967a8583,39637,97887,100,268.35
2026/10/10 22:24:46.707,GPU-40b7c172-fb9d-63ea-58c7-0677967a8583,39637,97887,100,254.93
2026/10/10 22:24:47.235,GPU-40b7c172-fb9d-63ea-58c7-0677967a8583,39637,97887,98,246.47
2026/10/10 22:24:47.766,GPU-40b7c172-fb9d-63ea-58c7-0677967a8583,39637,97887,98,246.62
2026/10/10 22:24:48.296,GPU-40b7c172-fb9d-63ea-58c7-0677967a8583,39637,97887,98,238.99
2026/10/10 22:24:48.823,GPU-40b7c172-fb9d-63ea-58c7-0677967a8583,39637,97887,97,241.79
2026/10/10 22:24:49.350,GPU-40b7c172-fb9d-63ea-58c7-0677967a8583,39637,97887,98,255.48
2026/10/10 22:24:49.876,GPU-40b7c172-fb9d-63ea-58c7-0677967a8583,39637,97887,98,260.08
2026/10/10 22:24:50.406,GPU-40b7c172-fb9d-63ea-58c7-0677967a8583,39637,97887,97,258.74
2026/10/10 22:24:50.931,GPU-40b7c172-fb9d-63ea-58c7-0677967a8583,39637,97887,97,257.90
2026/10/10 22:24:51.460,GPU-40b7c172-fb9d-63ea-58c7-0677967a8583,39637,97887,97,266.56
2026/10/10 22:24:51.988,GPU-40b7c172-fb9d-63ea-58c7-0677967a8583,39637,97887,100,268.24
2026/10/10 22:24:52.514,GPU-40b7c172-fb9d-63ea-58c7-0677967a8583,39637,97887,99,254.75
2026/10/10 22:24:53.041,GPU-40b7c172-fb9d-63ea-58c7-0677967a8583,39637,97887,98,254.37
2026/10/10 22:24:53.568,GPU-40b7c172-fb9d-63ea-58c7-0677967a8583,39637,97887,98,269.60
2026/10/10 22:24:54.096,GPU-40b7c172-fb9d-63ea-58c7-0677967a8583,39637,97887,98,260.70
2026/10/10 22:24:54.623,GPU-40b7c172-fb9d-63ea-58c7-0677967a8583,39637,97887,97,255.94
2026/10/10 22:24:55.149,GPU-40b7c172-fb9d-63ea-58c7-0677967a8583,39637,97887,98,258.81
2026/10/10 22:24:55.677,GPU-40b7c172-fb9d-63ea-58c7-0677967a8583,39637,97887,98,257.91
2026/10/10 22:24:56.220,GPU-40b7c172-fb9d-63ea-58c7-0677967a8583,39637,97887,98,259.56
2026/10/10 22:24:56.748,GPU-40b7c172-fb9d-63ea-58c7-0677967a8583,39637,97887,98,263.74
2026/10/10 22:24:57.283,GPU-40b7c172-fb9d-63ea-58c7-0677967a8583,39637,97887,97,256.26
2026/10/10 22:24:57.810,GPU-40b7c172-fb9d-63ea-58c7-0677967a8583,39637,97887,98,260.98
2026/10/10 22:24:58.338,GPU-40b7c172-fb9d-63ea-58c7-0677967a8583,39637,97887,98,255.47
2026/10/10 22:24:58.871,GPU-40b7c172-fb9d-63ea-58c7-0677967a8583,39637,97887,97,250.60
2026/10/10 22:24:59.401,GPU-40b7c172-fb9d-63ea-58c7-0677967a8583,39637,97887,97,249.49
2026/10/10 22:24:59.928,GPU-40b7c172-fb9d-63ea-58c7-0677967a8583,39637,97887,98,246.14
2026/10/10 22:25:00.456,GPU-40b7c172-fb9d-63ea-58c7-0677967a8583,39637,97887,98,251.56
2026/10/10 22:25:00.983,GPU-40b7c172-fb9d-63ea-58c7-0677967a8583,39637,97887,97,257.91
2026/10/10 22:25:01.509,GPU-40b7c172-fb9d-63ea-58c7-0677967a8583,39637,97887,98,255.11
2026/10/10 22:25:02.036,GPU-40b7c172-fb9d-63ea-58c7-0677967a8583,39637,97887,98,250.29
2026/10/10 22:25:02.563,GPU-40b7c172-fb9d-63ea-58c7-0677967a8583,39637,97887,98,244.55
2026/10/10 22:25:03.088,GPU-40b7c172-fb9d-63ea-58c7-0677967a8583,39637,97887,98,254.84
2026/10/10 22:25:03.616,GPU-40b7c172-fb9d-63ea-58c7-0677967a8583,39637,97887,98,261.27
2026/10/10 22:25:04.143,GPU-40b7c172-fb9d-63ea-58c7-0677967a8583,39637,97887,97,263.19
2026/10/10 22:25:04.670,GPU-40b7c172-fb9d-63ea-58c7-0677967a8583,39637,97887,98,260.01
2026/10/10 22:25:05.202,GPU-40b7c172-fb9d-63ea-58c7-0677967a8583,39637,97887,97,262.69
2026/10/10 22:25:05.728,GPU-40b7c172-fb9d-63ea-58c7-0677967a8583,39637,97887,98,263.25
2026/10/10 22:25:06.259,GPU-40b7c172-fb9d-63ea-58c7-0677967a8583,39637,97887,99,249.90
2026/10/10 22:25:06.787,GPU-40b7c172-fb9d-63ea-58c7-0677967a8583,39637,97887,100,264.84
2026/10/10 22:25:07.315,GPU-40b7c172-fb9d-63ea-58c7-0677967a8583,39637,97887,100,257.20
2026/10/10 22:25:07.842,GPU-40b7c172-fb9d-63ea-58c7-0677967a8583,39637,97887,98,255.89
2026/10/10 22:25:08.370,GPU-40b7c172-fb9d-63ea-58c7-0677967a8583,39637,97887,98,264.85
2026/10/10 22:25:08.898,GPU-40b7c172-fb9d-63ea-58c7-0677967a8583,39637,97887,97,256.80
2026/10/10 22:25:09.426,GPU-40b7c172-fb9d-63ea-58c7-0677967a8583,39637,97887,97,244.04
2026/10/10 22:25:09.953,GPU-40b7c172-fb9d-63ea-58c7-0677967a8583,39637,97887,98,254.72
2026/10/10 22:25:10.492,GPU-40b7c172-fb9d-63ea-58c7-0677967a8583,39637,97887,98,251.44
2026/10/10 22:25:11.022,GPU-40b7c172-fb9d-63ea-58c7-0677967a8583,39637,97887,97,257.80
2026/10/10 22:25:11.550,GPU-40b7c172-fb9d-63ea-58c7-0677967a8583,39637,97887,98,260.71
2026/10/10 22:25:12.077,GPU-40b7c172-fb9d-63ea-58c7-0677967a8583,39637,97887,97,258.96
2026/10/10 22:25:12.606,GPU-40b7c172-fb9d-63ea-58c7-0677967a8583,39637,97887,97,254.72
2026/10/10 22:25:13.132,GPU-40b7c172-fb9d-63ea-58c7-0677967a8583,39637,97887,97,257.59
2026/10/10 22:25:13.661,GPU-40b7c172-fb9d-63ea-58c7-0677967a8583,39637,97887,98,257.54
2026/10/10 22:25:14.188,GPU-40b7c172-fb9d-63ea-58c7-0677967a8583,39637,97887,98,258.38
2026/10/10 22:25:14.717,GPU-40b7c172-fb9d-63ea-58c7-0677967a8583,39637,97887,99,252.45
2026/10/10 22:25:15.247,GPU-40b7c172-fb9d-63ea-58c7-0677967a8583,39637,97887,98,254.50
2026/10/10 22:25:15.777,GPU-40b7c172-fb9d-63ea-58c7-0677967a8583,39637,97887,98,243.63
2026/10/10 22:25:16.305,GPU-40b7c172-fb9d-63ea-58c7-0677967a8583,39637,97887,98,256.01
2026/10/10 22:25:16.833,GPU-40b7c172-fb9d-63ea-58c7-0677967a8583,39637,97887,98,252.53
2026/10/10 22:25:17.361,GPU-40b7c172-fb9d-63ea-58c7-0677967a8583,39637,97887,97,253.69
2026/10/10 22:25:17.887,GPU-40b7c172-fb9d-63ea-58c7-0677967a8583,39637,97887,97,262.56
2026/10/10 22:25:18.423,GPU-40b7c172-fb9d-63ea-58c7-0677967a8583,39637,97887,97,267.88
2026/10/10 22:25:18.948,GPU-40b7c172-fb9d-63ea-58c7-0677967a8583,39637,97887,97,263.69
2026/10/10 22:25:19.475,GPU-40b7c172-fb9d-63ea-58c7-0677967a8583,39637,97887,99,258.18
2026/10/10 22:25:20.003,GPU-40b7c172-fb9d-63ea-58c7-0677967a8583,39637,97887,100,264.00
2026/10/10 22:25:20.529,GPU-40b7c172-fb9d-63ea-58c7-0677967a8583,39637,97887,100,257.44
2026/10/10 22:25:21.059,GPU-40b7c172-fb9d-63ea-58c7-0677967a8583,39637,97887,97,254.75
2026/10/10 22:25:21.586,GPU-40b7c172-fb9d-63ea-58c7-0677967a8583,39637,97887,97,257.60
2026/10/10 22:25:22.112,GPU-40b7c172-fb9d-63ea-58c7-0677967a8583,39637,97887,99,248.84
2026/10/10 22:25:22.640,GPU-40b7c172-fb9d-63ea-58c7-0677967a8583,39637,97887,98,245.13
2026/10/10 22:25:23.166,GPU-40b7c172-fb9d-63ea-58c7-0677967a8583,39637,97887,97,252.43
2026/10/10 22:25:23.694,GPU-40b7c172-fb9d-63ea-58c7-0677967a8583,39637,97887,97,240.00
2026/10/10 22:25:24.222,GPU-40b7c172-fb9d-63ea-58c7-0677967a8583,39637,97887,97,247.02
2026/10/10 22:25:24.748,GPU-40b7c172-fb9d-63ea-58c7-0677967a8583,39637,97887,97,261.64
2026/10/10 22:25:25.276,GPU-40b7c172-fb9d-63ea-58c7-0677967a8583,39637,97887,98,260.46
2026/10/10 22:25:25.821,GPU-40b7c172-fb9d-63ea-58c7-0677967a8583,39637,97887,97,263.77
2026/10/10 22:25:26.348,GPU-40b7c172-fb9d-63ea-58c7-0677967a8583,39637,97887,98,270.47
2026/10/10 22:25:26.874,GPU-40b7c172-fb9d-63ea-58c7-0677967a8583,39637,97887,100,264.34
2026/10/10 22:25:27.402,GPU-40b7c172-fb9d-63ea-58c7-0677967a8583,39637,97887,100,270.92
2026/10/10 22:25:27.930,GPU-40b7c172-fb9d-63ea-58c7-0677967a8583,39637,97887,100,262.33
2026/10/10 22:25:28.464,GPU-40b7c172-fb9d-63ea-58c7-0677967a8583,39637,97887,98,252.43
2026/10/10 22:25:28.992,GPU-40b7c172-fb9d-63ea-58c7-0677967a8583,39637,97887,97,248.67
2026/10/10 22:25:29.523,GPU-40b7c172-fb9d-63ea-58c7-0677967a8583,39637,97887,98,240.35
2026/10/10 22:25:30.050,GPU-40b7c172-fb9d-63ea-58c7-0677967a8583,39637,97887,98,241.89
2026/10/10 22:25:30.581,GPU-40b7c172-fb9d-63ea-58c7-0677967a8583,39637,97887,98,253.76
2026/10/10 22:25:31.108,GPU-40b7c172-fb9d-63ea-58c7-0677967a8583,39637,97887,98,250.55
2026/10/10 22:25:31.634,GPU-40b7c172-fb9d-63ea-58c7-0677967a8583,39637,97887,97,256.76
2026/10/10 22:25:32.162,GPU-40b7c172-fb9d-63ea-58c7-0677967a8583,39637,97887,98,262.72
2026/10/10 22:25:32.689,GPU-40b7c172-fb9d-63ea-58c7-0677967a8583,39637,97887,98,266.29
2026/10/10 22:25:33.216,GPU-40b7c172-fb9d-63ea-58c7-0677967a8583,39637,97887,98,258.36
2026/10/10 22:25:33.743,GPU-40b7c172-fb9d-63ea-58c7-0677967a8583,39637,97887,98,266.66
2026/10/10 22:25:34.277,GPU-40b7c172-fb9d-63ea-58c7-0677967a8583,39637,97887,98,262.55
2026/10/10 22:25:34.803,GPU-40b7c172-fb9d-63ea-58c7-0677967a8583,39637,97887,98,257.40
2026/10/10 22:25:35.333,GPU-40b7c172-fb9d-63ea-58c7-0677967a8583,39637,97887,100,252.25
2026/10/10 22:25:35.861,GPU-40b7c172-fb9d-63ea-58c7-0677967a8583,39637,97887,98,244.94
2026/10/10 22:25:36.389,GPU-40b7c172-fb9d-63ea-58c7-0677967a8583,39637,97887,98,253.67
2026/10/10 22:25:36.921,GPU-40b7c172-fb9d-63ea-58c7-0677967a8583,39637,97887,98,255.34
2026/10/10 22:25:37.447,GPU-40b7c172-fb9d-63ea-58c7-0677967a8583,39637,97887,97,257.46
2026/10/10 22:25:37.974,GPU-40b7c172-fb9d-63ea-58c7-0677967a8583,39637,97887,97,264.65
2026/10/10 22:25:38.502,GPU-40b7c172-fb9d-63ea-58c7-0677967a8583,39637,97887,98,257.86
2026/10/10 22:25:39.029,GPU-40b7c172-fb9d-63ea-58c7-0677967a8583,39637,97887,97,266.65
2026/10/10 22:25:39.559,GPU-40b7c172-fb9d-63ea-58c7-0677967a8583,39637,97887,98,268.98
2026/10/10 22:25:40.092,GPU-40b7c172-fb9d-63ea-58c7-0677967a8583,39637,97887,100,253.66
2026/10/10 22:25:40.620,GPU-40b7c172-fb9d-63ea-58c7-0677967a8583,39637,97887,100,260.59
2026/10/10 22:25:41.150,GPU-40b7c172-fb9d-63ea-58c7-0677967a8583,39637,97887,99,254.96
2026/10/10 22:25:41.679,GPU-40b7c172-fb9d-63ea-58c7-0677967a8583,39637,97887,97,255.19
2026/10/10 22:25:42.205,GPU-40b7c172-fb9d-63ea-58c7-0677967a8583,39637,97887,98,256.25
2026/10/10 22:25:42.733,GPU-40b7c172-fb9d-63ea-58c7-0677967a8583,39637,97887,97,250.23
2026/10/10 22:25:43.260,GPU-40b7c172-fb9d-63ea-58c7-0677967a8583,39637,97887,98,254.74
2026/10/10 22:25:43.787,GPU-40b7c172-fb9d-63ea-58c7-0677967a8583,39637,97887,97,248.70
2026/10/10 22:25:44.315,GPU-40b7c172-fb9d-63ea-58c7-0677967a8583,39637,97887,98,259.90
2026/10/10 22:25:44.841,GPU-40b7c172-fb9d-63ea-58c7-0677967a8583,39637,97887,97,256.94
2026/10/10 22:25:45.368,GPU-40b7c172-fb9d-63ea-58c7-0677967a8583,39637,97887,97,259.28
2026/10/10 22:25:45.894,GPU-40b7c172-fb9d-63ea-58c7-0677967a8583,39637,97887,97,259.79
2026/10/10 22:25:46.421,GPU-40b7c172-fb9d-63ea-58c7-0677967a8583,39637,97887,97,263.17
2026/10/10 22:25:46.949,GPU-40b7c172-fb9d-63ea-58c7-0677967a8583,39637,97887,97,262.32
2026/10/10 22:25:47.478,GPU-40b7c172-fb9d-63ea-58c7-0677967a8583,39637,97887,100,262.27
2026/10/10 22:25:48.006,GPU-40b7c172-fb9d-63ea-58c7-0677967a8583,39637,97887,100,257.97
2026/10/10 22:25:48.536,GPU-40b7c172-fb9d-63ea-58c7-0677967a8583,39637,97887,97,258.26
2026/10/10 22:25:49.062,GPU-40b7c172-fb9d-63ea-58c7-0677967a8583,39637,97887,97,252.33
2026/10/10 22:25:49.589,GPU-40b7c172-fb9d-63ea-58c7-0677967a8583,39637,97887,97,245.25
2026/10/10 22:25:50.119,GPU-40b7c172-fb9d-63ea-58c7-0677967a8583,39637,97887,99,252.53
2026/10/10 22:25:50.653,GPU-40b7c172-fb9d-63ea-58c7-0677967a8583,39637,97887,97,251.01
2026/10/10 22:25:51.180,GPU-40b7c172-fb9d-63ea-58c7-0677967a8583,39637,97887,98,251.12
2026/10/10 22:25:51.707,GPU-40b7c172-fb9d-63ea-58c7-0677967a8583,39637,97887,97,251.12
2026/10/10 22:25:52.239,GPU-40b7c172-fb9d-63ea-58c7-0677967a8583,39637,97887,98,250.12
2026/10/10 22:25:52.764,GPU-40b7c172-fb9d-63ea-58c7-0677967a8583,39637,97887,98,261.33
2026/10/10 22:25:53.291,GPU-40b7c172-fb9d-63ea-58c7-0677967a8583,39637,97887,98,266.21
2026/10/10 22:25:53.817,GPU-40b7c172-fb9d-63ea-58c7-0677967a8583,39637,97887,98,263.56
2026/10/10 22:25:54.343,GPU-40b7c172-fb9d-63ea-58c7-0677967a8583,39637,97887,97,262.45
2026/10/10 22:25:54.869,GPU-40b7c172-fb9d-63ea-58c7-0677967a8583,39637,97887,100,261.82
2026/10/10 22:25:55.395,GPU-40b7c172-fb9d-63ea-58c7-0677967a8583,39637,97887,100,263.46
2026/10/10 22:25:55.924,GPU-40b7c172-fb9d-63ea-58c7-0677967a8583,39637,97887,100,259.70
2026/10/10 22:25:56.452,GPU-40b7c172-fb9d-63ea-58c7-0677967a8583,39637,97887,97,258.53
2026/10/10 22:25:56.979,GPU-40b7c172-fb9d-63ea-58c7-0677967a8583,39637,97887,97,254.10
2026/10/10 22:25:57.509,GPU-40b7c172-fb9d-63ea-58c7-0677967a8583,39637,97887,97,257.90
2026/10/10 22:25:58.042,GPU-40b7c172-fb9d-63ea-58c7-0677967a8583,39637,97887,97,246.71
2026/10/10 22:25:58.569,GPU-40b7c172-fb9d-63ea-58c7-0677967a8583,39637,97887,98,253.55
2026/10/10 22:25:59.097,GPU-40b7c172-fb9d-63ea-58c7-0677967a8583,39637,97887,97,257.48
2026/10/10 22:25:59.623,GPU-40b7c172-fb9d-63ea-58c7-0677967a8583,39637,97887,97,262.69
2026/10/10 22:26:00.150,GPU-40b7c172-fb9d-63ea-58c7-0677967a8583,39637,97887,97,258.68
2026/10/10 22:26:00.680,GPU-40b7c172-fb9d-63ea-58c7-0677967a8583,39637,97887,97,257.91
2026/10/10 22:26:01.207,GPU-40b7c172-fb9d-63ea-58c7-0677967a8583,39637,97887,97,268.08
2026/10/10 22:26:01.734,GPU-40b7c172-fb9d-63ea-58c7-0677967a8583,39637,97887,97,268.84
2026/10/10 22:26:02.265,GPU-40b7c172-fb9d-63ea-58c7-0677967a8583,39637,97887,100,269.85
2026/10/10 22:26:02.804,GPU-40b7c172-fb9d-63ea-58c7-0677967a8583,39637,97887,97,258.30
2026/10/10 22:26:03.333,GPU-40b7c172-fb9d-63ea-58c7-0677967a8583,39637,97887,97,255.97
2026/10/10 22:26:03.860,GPU-40b7c172-fb9d-63ea-58c7-0677967a8583,39637,97887,97,257.91
2026/10/10 22:26:04.387,GPU-40b7c172-fb9d-63ea-58c7-0677967a8583,39637,97887,97,246.61
2026/10/10 22:26:04.915,GPU-40b7c172-fb9d-63ea-58c7-0677967a8583,39637,97887,97,251.93
2026/10/10 22:26:05.445,GPU-40b7c172-fb9d-63ea-58c7-0677967a8583,39637,97887,98,245.49
2026/10/10 22:26:05.974,GPU-40b7c172-fb9d-63ea-58c7-0677967a8583,39637,97887,97,247.03
2026/10/10 22:26:06.502,GPU-40b7c172-fb9d-63ea-58c7-0677967a8583,39637,97887,97,254.59
2026/10/10 22:26:07.029,GPU-40b7c172-fb9d-63ea-58c7-0677967a8583,39637,97887,97,248.05
2026/10/10 22:26:07.557,GPU-40b7c172-fb9d-63ea-58c7-0677967a8583,39637,97887,97,256.60
2026/10/10 22:26:08.083,GPU-40b7c172-fb9d-63ea-58c7-0677967a8583,39637,97887,97,255.58
2026/10/10 22:26:08.615,GPU-40b7c172-fb9d-63ea-58c7-0677967a8583,39637,97887,97,264.57
2026/10/10 22:26:09.143,GPU-40b7c172-fb9d-63ea-58c7-0677967a8583,39637,97887,97,262.09
2026/10/10 22:26:09.675,GPU-40b7c172-fb9d-63ea-58c7-0677967a8583,39637,97887,100,270.43
2026/10/10 22:26:10.201,GPU-40b7c172-fb9d-63ea-58c7-0677967a8583,39637,97887,100,267.52
2026/10/10 22:26:10.742,GPU-40b7c172-fb9d-63ea-58c7-0677967a8583,39637,97887,97,277.65
2026/10/10 22:26:11.269,GPU-40b7c172-fb9d-63ea-58c7-0677967a8583,39637,97887,97,263.02
2026/10/10 22:26:11.798,GPU-40b7c172-fb9d-63ea-58c7-0677967a8583,39637,97887,97,246.67
2026/10/10 22:26:12.327,GPU-40b7c172-fb9d-63ea-58c7-0677967a8583,39637,97887,99,247.52
2026/10/10 22:26:12.857,GPU-40b7c172-fb9d-63ea-58c7-0677967a8583,39637,97887,98,247.15
2026/10/10 22:26:13.394,GPU-40b7c172-fb9d-63ea-58c7-0677967a8583,39637,97887,98,238.38
2026/10/10 22:26:13.922,GPU-40b7c172-fb9d-63ea-58c7-0677967a8583,39637,97887,97,248.40
2026/10/10 22:26:14.449,GPU-40b7c172-fb9d-63ea-58c7-0677967a8583,39637,97887,98,249.26
2026/10/10 22:26:14.978,GPU-40b7c172-fb9d-63ea-58c7-0677967a8583,39637,97887,98,257.09
2026/10/10 22:26:15.505,GPU-40b7c172-fb9d-63ea-58c7-0677967a8583,39637,97887,97,255.08
2026/10/10 22:26:16.033,GPU-40b7c172-fb9d-63ea-58c7-0677967a8583,39637,97887,97,254.55
2026/10/10 22:26:16.558,GPU-40b7c172-fb9d-63ea-58c7-0677967a8583,39637,97887,98,254.06
2026/10/10 22:26:17.085,GPU-40b7c172-fb9d-63ea-58c7-0677967a8583,39637,97887,98,260.92
2026/10/10 22:26:17.612,GPU-40b7c172-fb9d-63ea-58c7-0677967a8583,39637,97887,98,261.22
2026/10/10 22:26:18.141,GPU-40b7c172-fb9d-63ea-58c7-0677967a8583,39637,97887,98,267.71
2026/10/10 22:26:18.669,GPU-40b7c172-fb9d-63ea-58c7-0677967a8583,39637,97887,99,258.52
2026/10/10 22:26:19.195,GPU-40b7c172-fb9d-63ea-58c7-0677967a8583,39637,97887,100,248.73
2026/10/10 22:26:19.722,GPU-40b7c172-fb9d-63ea-58c7-0677967a8583,39637,97887,98,244.66
2026/10/10 22:26:20.249,GPU-40b7c172-fb9d-63ea-58c7-0677967a8583,39637,97887,98,245.19
2026/10/10 22:26:20.778,GPU-40b7c172-fb9d-63ea-58c7-0677967a8583,39637,97887,98,256.15
2026/10/10 22:26:21.305,GPU-40b7c172-fb9d-63ea-58c7-0677967a8583,39637,97887,97,254.13
2026/10/10 22:26:21.832,GPU-40b7c172-fb9d-63ea-58c7-0677967a8583,39637,97887,97,253.12
2026/10/10 22:26:22.361,GPU-40b7c172-fb9d-63ea-58c7-0677967a8583,39637,97887,98,263.24
2026/10/10 22:26:22.890,GPU-40b7c172-fb9d-63ea-58c7-0677967a8583,39637,97887,97,262.72
2026/10/10 22:26:23.420,GPU-40b7c172-fb9d-63ea-58c7-0677967a8583,39637,97887,98,250.43
2026/10/10 22:26:23.947,GPU-40b7c172-fb9d-63ea-58c7-0677967a8583,39637,97887,98,260.36
2026/10/10 22:26:24.478,GPU-40b7c172-fb9d-63ea-58c7-0677967a8583,39637,97887,100,264.02
2026/10/10 22:26:25.005,GPU-40b7c172-fb9d-63ea-58c7-0677967a8583,39637,97887,98,251.72
2026/10/10 22:26:25.535,GPU-40b7c172-fb9d-63ea-58c7-0677967a8583,39637,97887,97,246.50
2026/10/10 22:26:26.063,GPU-40b7c172-fb9d-63ea-58c7-0677967a8583,39637,97887,98,253.15
2026/10/10 22:26:26.591,GPU-40b7c172-fb9d-63ea-58c7-0677967a8583,39637,97887,97,245.55
2026/10/10 22:26:27.121,GPU-40b7c172-fb9d-63ea-58c7-0677967a8583,39637,97887,97,254.29
2026/10/10 22:26:27.648,GPU-40b7c172-fb9d-63ea-58c7-0677967a8583,39637,97887,97,255.68
2026/10/10 22:26:28.175,GPU-40b7c172-fb9d-63ea-58c7-0677967a8583,39637,97887,98,254.70
2026/10/10 22:26:28.702,GPU-40b7c172-fb9d-63ea-58c7-0677967a8583,39637,97887,97,260.74
2026/10/10 22:26:29.229,GPU-40b7c172-fb9d-63ea-58c7-0677967a8583,39637,97887,97,264.91
2026/10/10 22:26:29.757,GPU-40b7c172-fb9d-63ea-58c7-0677967a8583,39637,97887,97,265.07
2026/10/10 22:26:30.284,GPU-40b7c172-fb9d-63ea-58c7-0677967a8583,39637,97887,97,265.83
2026/10/10 22:26:30.811,GPU-40b7c172-fb9d-63ea-58c7-0677967a8583,39637,97887,97,261.76
2026/10/10 22:26:31.339,GPU-40b7c172-fb9d-63ea-58c7-0677967a8583,39637,97887,100,256.92
2026/10/10 22:26:31.872,GPU-40b7c172-fb9d-63ea-58c7-0677967a8583,39637,97887,100,257.06
2026/10/10 22:26:32.399,GPU-40b7c172-fb9d-63ea-58c7-0677967a8583,39637,97887,100,254.69
2026/10/10 22:26:32.927,GPU-40b7c172-fb9d-63ea-58c7-0677967a8583,39637,97887,97,250.93
2026/10/10 22:26:33.454,GPU-40b7c172-fb9d-63ea-58c7-0677967a8583,39637,97887,97,253.61
2026/10/10 22:26:33.984,GPU-40b7c172-fb9d-63ea-58c7-0677967a8583,39637,97887,99,254.57
2026/10/10 22:26:34.514,GPU-40b7c172-fb9d-63ea-58c7-0677967a8583,39637,97887,98,260.93
2026/10/10 22:26:35.043,GPU-40b7c172-fb9d-63ea-58c7-0677967a8583,39637,97887,97,250.25
2026/10/10 22:26:35.570,GPU-40b7c172-fb9d-63ea-58c7-0677967a8583,39637,97887,97,256.79
2026/10/10 22:26:36.100,GPU-40b7c172-fb9d-63ea-58c7-0677967a8583,39637,97887,97,254.40
2026/10/10 22:26:36.629,GPU-40b7c172-fb9d-63ea-58c7-0677967a8583,39637,97887,97,264.75
2026/10/10 22:26:37.159,GPU-40b7c172-fb9d-63ea-58c7-0677967a8583,39637,97887,98,264.61
2026/10/10 22:26:37.690,GPU-40b7c172-fb9d-63ea-58c7-0677967a8583,39637,97887,97,264.58
2026/10/10 22:26:38.218,GPU-40b7c172-fb9d-63ea-58c7-0677967a8583,39637,97887,97,273.58
2026/10/10 22:26:38.747,GPU-40b7c172-fb9d-63ea-58c7-0677967a8583,39637,97887,100,263.75
2026/10/10 22:26:39.280,GPU-40b7c172-fb9d-63ea-58c7-0677967a8583,39637,97887,100,261.51
2026/10/10 22:26:39.806,GPU-40b7c172-fb9d-63ea-58c7-0677967a8583,39637,97887,97,252.57
2026/10/10 22:26:40.351,GPU-40b7c172-fb9d-63ea-58c7-0677967a8583,39637,97887,97,252.43
2026/10/10 22:26:40.884,GPU-40b7c172-fb9d-63ea-58c7-0677967a8583,39637,97887,97,258.47
2026/10/10 22:26:41.412,GPU-40b7c172-fb9d-63ea-58c7-0677967a8583,39637,97887,100,254.62
2026/10/10 22:26:41.942,GPU-40b7c172-fb9d-63ea-58c7-0677967a8583,39637,97887,97,247.08
2026/10/10 22:26:42.471,GPU-40b7c172-fb9d-63ea-58c7-0677967a8583,39637,97887,97,246.65
2026/10/10 22:26:43.003,GPU-40b7c172-fb9d-63ea-58c7-0677967a8583,39637,97887,97,256.36
2026/10/10 22:26:43.539,GPU-40b7c172-fb9d-63ea-58c7-0677967a8583,39637,97887,97,261.59
2026/10/10 22:26:44.069,GPU-40b7c172-fb9d-63ea-58c7-0677967a8583,39637,97887,97,257.43
2026/10/10 22:26:44.600,GPU-40b7c172-fb9d-63ea-58c7-0677967a8583,39637,97887,0,253.37
2026/10/10 22:26:45.128,GPU-40b7c172-fb9d-63ea-58c7-0677967a8583,39637,97887,0,224.31
2026/10/10 22:26:45.655,GPU-40b7c172-fb9d-63ea-58c7-0677967a8583,39637,97887,0,197.34
2026/10/10 22:26:46.185,GPU-40b7c172-fb9d-63ea-58c7-0677967a8583,39637,97887,0,197.34
2026/10/10 22:26:46.715,GPU-40b7c172-fb9d-63ea-58c7-0677967a8583,39637,97887,0,209.25
2026/10/10 22:26:47.245,GPU-40b7c172-fb9d-63ea-58c7-0677967a8583,39637,97887,0,209.25
2026/10/10 22:26:47.777,GPU-40b7c172-fb9d-63ea-58c7-0677967a8583,39637,97887,0,208.23
2026/10/10 22:26:48.305,GPU-40b7c172-fb9d-63ea-58c7-0677967a8583,39637,97887,0,207.66
2026/10/10 22:26:48.834,GPU-40b7c172-fb9d-63ea-58c7-0677967a8583,39637,97887,0,207.66
2026/10/10 22:26:49.364,GPU-40b7c172-fb9d-63ea-58c7-0677967a8583,39637,97887,0,207.48
2026/10/10 22:26:49.893,GPU-40b7c172-fb9d-63ea-58c7-0677967a8583,39637,97887,0,207.48
2026/10/10 22:26:50.422,GPU-40b7c172-fb9d-63ea-58c7-0677967a8583,39637,97887,0,207.30
2026/10/10 22:26:50.951,GPU-40b7c172-fb9d-63ea-58c7-0677967a8583,39637,97887,0,207.30
2026/10/10 22:26:51.482,GPU-40b7c172-fb9d-63ea-58c7-0677967a8583,39637,97887,0,207.25
2026/10/10 22:26:52.010,GPU-40b7c172-fb9d-63ea-58c7-0677967a8583,39637,97887,0,207.25
2026/10/10 22:26:52.539,GPU-40b7c172-fb9d-63ea-58c7-0677967a8583,39637,97887,0,207.20
2026/10/10 22:26:53.066,GPU-40b7c172-fb9d-63ea-58c7-0677967a8583,39637,97887,0,207.20
2026/10/10 22:26:53.592,GPU-40b7c172-fb9d-63ea-58c7-0677967a8583,39637,97887,0,207.18
2026/10/10 22:26:54.132,GPU-40b7c172-fb9d-63ea-58c7-0677967a8583,39637,97887,0,207.18
2026/10/10 22:26:54.711,GPU-40b7c172-fb9d-63ea-58c7-0677967a8583,39637,97887,0,205.60
2026/10/10 22:26:55.239,GPU-40b7c172-fb9d-63ea-58c7-0677967a8583,39637,97887,0,205.60
2026/10/10 22:26:55.776,GPU-40b7c172-fb9d-63ea-58c7-0677967a8583,39637,97887,0,142.78
2026/10/10 22:26:56.307,GPU-40b7c172-fb9d-63ea-58c7-0677967a8583,39637,97887,0,79.46
2026/10/10 22:26:56.834,GPU-40b7c172-fb9d-63ea-58c7-0677967a8583,39637,97887,0,79.46
2026/10/10 22:26:57.361,GPU-40b7c172-fb9d-63ea-58c7-0677967a8583,39637,97887,0,78.40
2026/10/10 22:26:57.888,GPU-40b7c172-fb9d-63ea-58c7-0677967a8583,39637,97887,0,78.40
2026/10/10 22:26:58.413,GPU-40b7c172-fb9d-63ea-58c7-0677967a8583,39637,97887,0,78.43
2026/10/10 22:26:58.941,GPU-40b7c172-fb9d-63ea-58c7-0677967a8583,39637,97887,0,78.43
2026/10/10 22:26:59.468,GPU-40b7c172-fb9d-63ea-58c7-0677967a8583,39637,97887,0,77.92
2026/10/10 22:26:59.996,GPU-40b7c172-fb9d-63ea-58c7-0677967a8583,39637,97887,0,77.92
2026/10/10 22:27:00.526,GPU-40b7c172-fb9d-63ea-58c7-0677967a8583,39637,97887,0,77.94
2026/10/10 22:27:01.054,GPU-40b7c172-fb9d-63ea-58c7-0677967a8583,39637,97887,0,77.94
2026/10/10 22:27:01.581,GPU-40b7c172-fb9d-63ea-58c7-0677967a8583,39637,97887,0,77.96
2026/10/10 22:27:02.108,GPU-40b7c172-fb9d-63ea-58c7-0677967a8583,39637,97887,0,77.96
2026/10/10 22:27:02.634,GPU-40b7c172-fb9d-63ea-58c7-0677967a8583,39637,97887,0,78.20
2026/10/10 22:27:03.160,GPU-40b7c172-fb9d-63ea-58c7-0677967a8583,39637,97887,0,78.20
2026/10/10 22:27:03.687,GPU-40b7c172-fb9d-63ea-58c7-0677967a8583,39637,97887,0,78.20
2026/10/10 22:27:04.213,GPU-40b7c172-fb9d-63ea-58c7-0677967a8583,39637,97887,0,78.20
2026/10/10 22:27:04.739,GPU-40b7c172-fb9d-63ea-58c7-0677967a8583,39637,97887,0,78.21
2026/10/10 22:27:05.265,GPU-40b7c172-fb9d-63ea-58c7-0677967a8583,39637,97887,0,78.21
2026/10/10 22:27:05.793,GPU-40b7c172-fb9d-63ea-58c7-0677967a8583,39637,97887,0,78.50
2026/10/10 22:27:06.320,GPU-40b7c172-fb9d-63ea-58c7-0677967a8583,39637,97887,0,77.98
2026/10/10 22:27:06.847,GPU-40b7c172-fb9d-63ea-58c7-0677967a8583,39637,97887,0,77.98
2026/10/10 22:27:07.373,GPU-40b7c172-fb9d-63ea-58c7-0677967a8583,39637,97887,0,77.96
2026/10/10 22:27:07.900,GPU-40b7c172-fb9d-63ea-58c7-0677967a8583,39637,97887,0,77.96
2026/10/10 22:27:08.427,GPU-40b7c172-fb9d-63ea-58c7-0677967a8583,39637,97887,0,77.96
2026/10/10 22:27:08.955,GPU-40b7c172-fb9d-63ea-58c7-0677967a8583,39637,97887,0,77.96
2026/10/10 22:27:09.481,GPU-40b7c172-fb9d-63ea-58c7-0677967a8583,39637,97887,0,77.51
2026/10/10 22:27:10.008,GPU-40b7c172-fb9d-63ea-58c7-0677967a8583,39637,97887,0,77.51
2026/10/10 22:27:10.540,GPU-40b7c172-fb9d-63ea-58c7-0677967a8583,39637,97887,0,77.73
2026/10/10 22:27:11.096,GPU-40b7c172-fb9d-63ea-58c7-0677967a8583,39637,97887,0,77.73
2026/10/10 22:27:11.688,GPU-40b7c172-fb9d-63ea-58c7-0677967a8583,39637,97887,0,77.47
2026/10/10 22:27:12.218,GPU-40b7c172-fb9d-63ea-58c7-0677967a8583,39637,97887,0,77.47
2026/10/10 22:27:12.750,GPU-40b7c172-fb9d-63ea-58c7-0677967a8583,39637,97887,0,77.47
2026/10/10 22:27:13.277,GPU-40b7c172-fb9d-63ea-58c7-0677967a8583,1749,97887,20,88.66
2026/10/10 22:27:13.806,GPU-40b7c172-fb9d-63ea-58c7-0677967a8583,1749,97887,0,85.21
2026/10/10 22:27:14.336,GPU-40b7c172-fb9d-63ea-58c7-0677967a8583,1749,97887,0,81.26
2026/10/10 22:27:14.865,GPU-40b7c172-fb9d-63ea-58c7-0677967a8583,1747,97887,0,78.07
2026/10/10 22:27:15.397,GPU-40b7c172-fb9d-63ea-58c7-0677967a8583,1747,97887,0,78.02
