[Quadrants] version 1.3.3, llvm 22.1.0, commit 00423caa, linux, python 3.10.12
[38;5;226m[Genesis] [21:25:06] [WARNING] (MJCF) Approximating tendon by joint actuator for `finger_joint1`[0m
[38;5;226m[Genesis] [21:25:06] [WARNING] (MJCF) Approximating tendon by joint actuator for `finger_joint2`[0m
[38;5;226m[Genesis] [21:25:08] [WARNING] Neutral robot position (qpos0) exceeds joint limits.[0m
[38;5;226m[Genesis] [21:25:08] [WARNING] Constraint solver time constant should be greater than 2*substep_dt. timeconst is changed from `0.005` to `0.02`). Decrease simulation timestep or increase timeconst to avoid altering the original value.[0m
[38;5;226m[Genesis] [21:25:11] [WARNING] Filtered out geometry pairs causing self-collision for the neutral configuration (qpos0): (6, 11), (7, 11), (14, 21), (15, 20), (16, 23), (17, 22). Consider tuning Morph option 'decompose_robot_error_threshold' or specify dedicated collision meshes. This behavior can be disabled by setting Morph option 'enable_neutral_collision=True'.[0m
libEGL warning: failed to open /dev/dri/renderD135: Permission denied

libEGL warning: failed to open /dev/dri/card8: Permission denied

libEGL warning: failed to open /dev/dri/renderD134: Permission denied

libEGL warning: failed to open /dev/dri/card7: Permission denied

libEGL warning: failed to open /dev/dri/renderD133: Permission denied

libEGL warning: failed to open /dev/dri/card6: Permission denied

libEGL warning: failed to open /dev/dri/renderD132: Permission denied

libEGL warning: failed to open /dev/dri/card5: Permission denied

libEGL warning: failed to open /dev/dri/renderD131: Permission denied

libEGL warning: failed to open /dev/dri/card4: Permission denied

libEGL warning: failed to open /dev/dri/renderD130: Permission denied

libEGL warning: failed to open /dev/dri/card3: Permission denied

libEGL warning: failed to open /dev/dri/renderD129: Permission denied

libEGL warning: failed to open /dev/dri/card2: Permission denied

libEGL warning: failed to open /dev/dri/renderD128: Permission denied

libEGL warning: failed to open /dev/dri/card1: Permission denied

======================================================================================
Kernel Profiler(count, default) @ CUDA on NVIDIA RTX PRO 6000 Blackwell Server Edition
======================================================================================
[      %     total   count |      min       avg       max   ] Kernel name
--------------------------------------------------------------------------------------
[ 43.52%   0.031 s    100x |    0.014     0.308     0.608 ms] kernel_pressure_correct_warp_c718_0_kernel_1_range_for
[ 33.29%   0.024 s    100x |    0.012     0.235     0.505 ms] kernel_pressure_warp_c716_0_kernel_1_range_for
[  8.84%   0.006 s     50x |    0.123     0.125     0.129 ms] kernel_anchor_c710_0_kernel_1_range_for
[  4.74%   0.003 s     50x |    0.065     0.067     0.070 ms] kernel_surface_pack_c788_0_kernel_1_range_for
[  1.23%   0.001 s    100x |    0.006     0.009     0.025 ms] kernel_pressure_warp_c716_0_kernel_0_serial
[  1.17%   0.001 s    100x |    0.006     0.008     0.012 ms] kernel_pressure_correct_warp_c718_0_kernel_0_serial
[  1.14%   0.001 s     50x |    0.014     0.016     0.019 ms] kernel_associate_c728_0_kernel_1_range_for
[  1.14%   0.001 s     50x |    0.015     0.016     0.018 ms] kernel_associate_c728_0_kernel_3_range_for
[  1.02%   0.001 s     50x |    0.013     0.014     0.020 ms] kernel_begin_step_c802_0_kernel_1_range_for
[  1.01%   0.001 s     50x |    0.012     0.014     0.037 ms] kernel_refine_contacts_c712_0_kernel_1_range_for
[  0.60%   0.000 s     50x |    0.006     0.009     0.036 ms] kernel_refine_contacts_c712_0_kernel_0_serial
[  0.58%   0.000 s     50x |    0.006     0.008     0.011 ms] kernel_associate_c728_0_kernel_0_serial
[  0.55%   0.000 s     50x |    0.006     0.008     0.010 ms] kernel_anchor_c710_0_kernel_0_serial
[  0.54%   0.000 s     50x |    0.006     0.008     0.019 ms] kernel_begin_step_c802_0_kernel_0_serial
[  0.42%   0.000 s     50x |    0.004     0.006     0.009 ms] kernel_associate_c728_0_kernel_2_serial
[  0.20%   0.000 s     50x |    0.003     0.003     0.008 ms] kernel_surface_pack_c788_0_kernel_0_serial
--------------------------------------------------------------------------------------
[100.00%] Total execution time:   0.071 s   number of results: 16
======================================================================================
{
  "scope": "profile",
  "envs": 1024,
  "level": 1,
  "precision": "64",
  "quadrature": 10,
  "dt": 0.01,
  "substeps": 1,
  "varied": true,
  "seed": 623001,
  "load_model": "finite_pad_adaptive_q10",
  "condition_count": 1024,
  "conditions": null,
  "conditions_sha256": null,
  "cooperative_solve": true,
  "cooperative_pressure": true,
  "cooperative_scatter": true,
  "face_parallel_scatter": true,
  "scatter_tasks_per_env": 32,
  "cached_peak": true,
  "cached_face_bounds": true,
  "method": "auto",
  "inverse_precision": "64",
  "surface_inverse": true,
  "packed_surface_loads": true,
  "fused_pipeline": true,
  "output_mode": "max",
  "reset_mode": "saved_initial_state",
  "history": 0,
  "host": "rtx-209-067",
  "slurm_job_id": "704895",
  "source_revision": "562597f1-native-face-v3-names",
  "arguments": {
    "scope": "profile",
    "envs": 1024,
    "level": 1,
    "steps": 50,
    "warmup": 900,
    "repetitions": 3,
    "minimum_seconds": 10.0,
    "varied": true,
    "seed": 623001,
    "source_revision": "562597f1-native-face-v3-names",
    "conditions": null,
    "save_conditions": null,
    "serial_solve": false,
    "serial_pressure": false,
    "serial_scatter": false,
    "contact_warp_scatter": false,
    "scatter_tasks_per_env": 32,
    "uncached_peak": false,
    "uncached_face_bounds": false,
    "method": "auto",
    "inverse_precision": "64",
    "full_inverse": false,
    "dense_surface_loads": false,
    "history": 0,
    "unfused_pipeline": false,
    "policy_precision": "32",
    "output_mode": "max",
    "legacy_reset": false,
    "trace": false,
    "compact_log": true,
    "output": "/mnt/data/zhaofeng/projects/workspace/Genesis/rigid-stress-recovery/runs/20261010-contact-repair/native-face-profile-b1024-v3.json"
  },
  "command": [
    "/mnt/data/zhaofeng/venvs/rigid-stress-recovery/bin/python",
    "examples/speed_benchmark/rigid_stress.py",
    "--scope",
    "profile",
    "--envs",
    "1024",
    "--steps",
    "50",
    "--warmup",
    "900",
    "--seed",
    "623001",
    "--varied",
    "--compact-log",
    "--output",
    "/mnt/data/zhaofeng/projects/workspace/Genesis/rigid-stress-recovery/runs/20261010-contact-repair/native-face-profile-b1024-v3.json"
  ],
  "source_sha256": {
    "/mnt/home/zhaofeng/workspace/Genesis/.worktrees/rigid-stress-recovery/examples/speed_benchmark/rigid_stress.py": "d4e98f1114d22bb7e1db7f96636725446e6e8366b38a80bf656e775111e8c11e",
    "examples/rigid/franka_egg_stress.py": "9e8d7c40500ad9a38fa8619d54a0ee6eddf753b21c7bddb24b7961ebfeeae388",
    "genesis/engine/solvers/rigid/rigid_solver.py": "639210a260da02b0b59b3814ae6a6cf27c6f8d540ce8800cdb36ea652b9cc510",
    "genesis/engine/solvers/rigid/stress/__init__.py": "17b4fa6e4eb64175b87586a6c7142b9fd2f5e88ba4321129d18e07e296adc5a6",
    "genesis/engine/solvers/rigid/stress/association.py": "0c265ddde597bb03f6f56da0f4c6063a3a530ce2a19f2dceaf3378e987f811b3",
    "genesis/engine/solvers/rigid/stress/contact.py": "728a465e6c1b4f6f28280d1543a5a35a12d63d5f5967c0df8c174c6ebfba0630",
    "genesis/engine/solvers/rigid/stress/data.py": "a11112172da6d3716333da06dd478fb7e117697b3faa16c507b9bb6c5e12db7a",
    "genesis/engine/solvers/rigid/stress/factor.py": "f2a059e88cf03b35a5fba2f88c3ac3f631a899d52cd841a6d268d9ccf087f81c",
    "genesis/engine/solvers/rigid/stress/grid.py": "f451674d257339ece41a258f22c7b95fe25d6fc51888854855de4320e26b9a90",
    "genesis/engine/solvers/rigid/stress/history.py": "559e046d3405afc260be5cd5a0de5712e490518e73aafc288642261c3959657c",
    "genesis/engine/solvers/rigid/stress/inverse.py": "b15ef055df018d96b92aa2b0be3d39d258b4cc59c83dbccdd9dcf0c173eb2a43",
    "genesis/engine/solvers/rigid/stress/lifecycle.py": "aec6ccc09b9da6fc15ea1c64e6716dee9325b3d05edaa7ac19b4419861c192fa",
    "genesis/engine/solvers/rigid/stress/model.py": "5bb085d2ef78ff80c575109429dc4fbe444010b72ec173902165a3d0000837b9",
    "genesis/engine/solvers/rigid/stress/operators.py": "40ad5e488e928a8f22efe0833f447afba7ef0e258bc3cffb5a0fe30bc1d416ff",
    "genesis/engine/solvers/rigid/stress/pipeline.py": "a0c74b00e76e984d0f2d8fe8baf6f9f3993185957d23531a318b0d029a8ddbd8",
    "genesis/engine/solvers/rigid/stress/recovery.py": "d214339e3bfd47ae67aff95caaa337ddba3ab287485e4f71bb62d896eb4801f9",
    "genesis/engine/solvers/rigid/stress/scatter.py": "7f80586484f6c4ce9f84bfdfc800eb6de6613b567a5d08e581f2817a0d0f0ee0",
    "genesis/engine/solvers/rigid/stress/solve.py": "4a965590022790d6b6bf7ff62ed4e0ee24cc227b5901f48139895409db29c807",
    "genesis/engine/solvers/rigid/stress/surface.py": "ed42707ee7c589db942a15835d40aba5194d2415b2c576ae0196987b94bb4fc1",
    "genesis/engine/solvers/rigid/stress/surface_inverse.py": "904a001a9c5a178399e770baa427b06f89f604fc1c48638ff870e2491f405bf4",
    "genesis/options/rigid_stress.py": "76a1555a311fe50231abcd8bf663fdfe6498366ebadbb63a6e50f28d7b79141a"
  },
  "gpu": "NVIDIA RTX PRO 6000 Blackwell Server Edition",
  "gpu_uuid": "GPU-40b7c172-fb9d-63ea-58c7-0677967a8583",
  "gpu_total_bytes": 101975851008,
  "quadrants": [
    1,
    3,
    3
  ],
  "torch": "2.8.0",
  "setup_seconds": 76.07555147772655,
  "warmup_steps": 900,
  "policy": {
    "layers": [
      26,
      128,
      128,
      7
    ],
    "seed": 99173,
    "dtype": "float32",
    "residual_scale_rad": 0.0001,
    "scope": "inference rollout",
    "control_error_budget_rad": 1e-09,
    "warmup_reference_max_error_rad": 0.0
  },
  "stage_wall_ms": {
    "begin_step": 0.05440155975520611,
    "association_transform": 0.1810596790164709,
    "anchor_search": 0.19708017818629742,
    "candidate_weights_constraints": 1.3380071613937616,
    "nodal_scatter": 0.5836504139006138,
    "inertia_relief_centrifugal": 0.3033506777137518,
    "rhs_reduction": 0.04138610325753689,
    "linear_solve": 0.8626185823231936,
    "complete_residual": 0.3447410464286804,
    "global_peak": 0.24883933365345,
    "accept": 0.0274749007076025
  },
  "contacts_per_environment": [
    6,
    10,
    3,
    7,
    3,
    9,
    1,
    1,
    1,
    1,
    1,
    1,
    1,
    10,
    5,
    6,
    4,
    6,
    6,
    8,
    5,
    7,
    1,
    1,
    1,
    2,
    1,
    2,
    1,
    2,
    6,
    5,
    4,
    6,
    10,
    8,
    6,
    3,
    1,
    1,
    1,
    3,
    1,
    1,
    5,
    2,
    4,
    2,
    2,
    10,
    4,
    4,
    7,
    7,
    1,
    1,
    1,
    3,
    2,
    1,
    1,
    0,
    8,
    4,
    2,
    4,
    8,
    10,
    9,
    3,
    2,
    1,
    1,
    3,
    1,
    1,
    1,
    4,
    6,
    5,
    5,
    8,
    6,
    10,
    4,
    6,
    6,
    1,
    1,
    1,
    2,
    1,
    1,
    1,
    5,
    10,
    6,
    14,
    4,
    4,
    2,
    5,
    5,
    1,
    1,
    1,
    1,
    2,
    6,
    1,
    2,
    5,
    3,
    4,
    4,
    4,
    5,
    14,
    3,
    1,
    1,
    1,
    1,
    3,
    1,
    2,
    0,
    6,
    10,
    2,
    6,
    2,
    4,
    6,
    7,
    1,
    1,
    1,
    2,
    1,
    1,
    1,
    0,
    8,
    6,
    5,
    8,
    6,
    10,
    5,
    4,
    3,
    1,
    1,
    0,
    3,
    1,
    1,
    1,
    6,
    3,
    4,
    10,
    6,
    5,
    5,
    5,
    5,
    1,
    1,
    1,
    2,
    1,
    1,
    1,
    3,
    5,
    5,
    3,
    4,
    6,
    2,
    11,
    5,
    1,
    1,
    1,
    1,
    1,
    1,
    1,
    1,
    6,
    10,
    4,
    5,
    6,
    2,
    7,
    7,
    1,
    1,
    1,
    3,
    1,
    6,
    1,
    0,
    4,
    3,
    2,
    4,
    6,
    14,
    9,
    11,
    1,
    1,
    1,
    2,
    1,
    6,
    1,
    5,
    4,
    4,
    4,
    2,
    10,
    2,
    3,
    7,
    7,
    1,
    1,
    1,
    1,
    3,
    1,
    1,
    4,
    3,
    5,
    3,
    5,
    6,
    2,
    5,
    4,
    1,
    1,
    1,
    1,
    1,
    1,
    1,
    1,
    10,
    6,
    4,
    5,
    6,
    4,
    7,
    5,
    1,
    1,
    1,
    2,
    1,
    6,
    1,
    0,
    2,
    4,
    10,
    6,
    2,
    6,
    6,
    5,
    1,
    1,
    1,
    1,
    1,
    1,
    1,
    0,
    5,
    4,
    8,
    5,
    5,
    4,
    9,
    11,
    5,
    1,
    1,
    3,
    3,
    1,
    8,
    2,
    3,
    4,
    2,
    5,
    2,
    9,
    14,
    7,
    4,
    1,
    1,
    1,
    1,
    1,
    1,
    1,
    2,
    2,
    6,
    4,
    10,
    4,
    6,
    5,
    6,
    1,
    1,
    1,
    1,
    1,
    1,
    1,
    2,
    6,
    6,
    6,
    6,
    5,
    8,
    6,
    3,
    1,
    1,
    1,
    2,
    0,
    1,
    1,
    1,
    3,
    8,
    4,
    3,
    4,
    5,
    7,
    3,
    1,
    1,
    1,
    1,
    1,
    1,
    1,
    0,
    3,
    2,
    8,
    3,
    5,
    5,
    9,
    7,
    9,
    1,
    1,
    1,
    1,
    1,
    1,
    1,
    10,
    4,
    5,
    6,
    6,
    4,
    5,
    11,
    5,
    1,
    1,
    1,
    1,
    1,
    6,
    1,
    13,
    4,
    6,
    5,
    2,
    5,
    6,
    3,
    7,
    1,
    1,
    1,
    1,
    1,
    1,
    0,
    2,
    4,
    3,
    6,
    9,
    5,
    8,
    5,
    6,
    1,
    1,
    1,
    3,
    2,
    2,
    1,
    0,
    4,
    3,
    6,
    4,
    4,
    2,
    9,
    7,
    2,
    1,
    1,
    1,
    1,
    1,
    1,
    1,
    4,
    6,
    3,
    6,
    5,
    5,
    6,
    3,
    5,
    1,
    1,
    1,
    2,
    1,
    1,
    1,
    6,
    2,
    2,
    2,
    2,
    10,
    2,
    6,
    3,
    1,
    1,
    1,
    1,
    1,
    3,
    1,
    2,
    6,
    6,
    5,
    13,
    4,
    5,
    5,
    3,
    1,
    1,
    1,
    3,
    0,
    1,
    1,
    2,
    5,
    6,
    6,
    5,
    3,
    4,
    5,
    7,
    1,
    1,
    1,
    2,
    1,
    2,
    1,
    0,
    4,
    6,
    5,
    10,
    10,
    4,
    4,
    7,
    7,
    1,
    1,
    0,
    1,
    1,
    2,
    1,
    2,
    2,
    4,
    4,
    4,
    4,
    2,
    6,
    4,
    1,
    1,
    1,
    3,
    3,
    1,
    1,
    3,
    2,
    4,
    10,
    6,
    5,
    3,
    6,
    5,
    1,
    1,
    1,
    1,
    0,
    3,
    1,
    0,
    8,
    6,
    6,
    4,
    6,
    5,
    11,
    5,
    1,
    1,
    1,
    1,
    1,
    1,
    1,
    0,
    6,
    5,
    10,
    8,
    4,
    10,
    5,
    3,
    1,
    1,
    1,
    1,
    2,
    6,
    1,
    8,
    3,
    2,
    4,
    11,
    4,
    4,
    5,
    6,
    7,
    1,
    1,
    1,
    2,
    1,
    2,
    2,
    10,
    2,
    6,
    4,
    10,
    6,
    4,
    6,
    11,
    1,
    1,
    1,
    3,
    1,
    1,
    1,
    3,
    6,
    4,
    4,
    10,
    5,
    3,
    11,
    7,
    1,
    1,
    1,
    1,
    1,
    1,
    1,
    1,
    8,
    4,
    4,
    6,
    2,
    8,
    5,
    5,
    1,
    1,
    1,
    3,
    1,
    1,
    1,
    0,
    2,
    5,
    5,
    3,
    6,
    2,
    3,
    3,
    2,
    1,
    1,
    2,
    1,
    1,
    4,
    0,
    6,
    4,
    4,
    3,
    4,
    2,
    5,
    4,
    6,
    1,
    1,
    1,
    1,
    1,
    1,
    6,
    3,
    4,
    2,
    6,
    7,
    10,
    6,
    3,
    5,
    1,
    1,
    1,
    1,
    5,
    1,
    1,
    0,
    5,
    5,
    6,
    6,
    2,
    6,
    9,
    3,
    1,
    1,
    1,
    3,
    1,
    1,
    1,
    0,
    4,
    3,
    4,
    4,
    4,
    6,
    6,
    4,
    1,
    1,
    1,
    3,
    2,
    2,
    1,
    6,
    5,
    4,
    5,
    6,
    8,
    4,
    5,
    3,
    5,
    1,
    1,
    0,
    1,
    1,
    1,
    1,
    10,
    8,
    4,
    5,
    2,
    4,
    4,
    3,
    5,
    1,
    1,
    1,
    1,
    1,
    1,
    1,
    2,
    6,
    8,
    3,
    10,
    2,
    4,
    3,
    11,
    1,
    1,
    1,
    1,
    1,
    1,
    2,
    2,
    4,
    5,
    2,
    10,
    5,
    5,
    5,
    5,
    1,
    1,
    1,
    1,
    2,
    1,
    1,
    2,
    10,
    8,
    8,
    4,
    6,
    3,
    4,
    5,
    2,
    1,
    1,
    1,
    1,
    2,
    8,
    7,
    3,
    10,
    2,
    2,
    4,
    3,
    7,
    5,
    4,
    1,
    1,
    1,
    3,
    1,
    1,
    5,
    6,
    4,
    3,
    10,
    6,
    4,
    6,
    7,
    11,
    1,
    1,
    1,
    3,
    1,
    5,
    1,
    3,
    5,
    4,
    2,
    3,
    6,
    6,
    6,
    6,
    1,
    1,
    1,
    1,
    1,
    4,
    1,
    4,
    5,
    6,
    4,
    4,
    2,
    6,
    11,
    3,
    1,
    1,
    1,
    1,
    2,
    1,
    1,
    0,
    2,
    8,
    4,
    6,
    8,
    6,
    7,
    10,
    3,
    1,
    1,
    2,
    2,
    1,
    1,
    1,
    3,
    2,
    8,
    2,
    9,
    10,
    6,
    6,
    11,
    1,
    1,
    1,
    2,
    10,
    1,
    1,
    9,
    4,
    2,
    3,
    5,
    3,
    4,
    3,
    5,
    1,
    1,
    1,
    2,
    0,
    1,
    0,
    2,
    6,
    5,
    6,
    10,
    6,
    4,
    6,
    9,
    1,
    1,
    1,
    2,
    1,
    1,
    1,
    0,
    4,
    5,
    10,
    2,
    5,
    3,
    7,
    3,
    1,
    1,
    1,
    3,
    2,
    1,
    4,
    2,
    6,
    13,
    6,
    6,
    10,
    2,
    11,
    3,
    6,
    1,
    1,
    1,
    3,
    7,
    1,
    1,
    8,
    2,
    6,
    4,
    10,
    6,
    10,
    3,
    4,
    1,
    1,
    1,
    1,
    1,
    1,
    1,
    3,
    6,
    6,
    2,
    2,
    5,
    2,
    5,
    6,
    1,
    1,
    1,
    3,
    0,
    1,
    0,
    0,
    10,
    2,
    8,
    3,
    4
  ],
  "candidate_count": [
    71,
    209,
    222,
    72,
    118,
    224,
    89,
    76,
    247,
    134,
    127,
    73,
    86,
    245,
    127,
    217,
    116,
    159,
    155,
    0,
    200,
    285,
    175,
    173,
    292,
    327,
    90,
    125,
    125,
    130,
    164,
    273,
    274,
    161,
    163,
    151,
    275,
    293,
    88,
    78,
    94,
    244,
    208,
    99,
    117,
    39,
    30,
    195,
    45,
    82,
    35,
    36,
    196,
    80,
    64,
    70,
    227,
    74,
    217,
    218,
    84,
    134,
    251,
    89,
    132,
    148,
    77,
    235,
    82,
    240,
    102,
    244,
    257,
    119,
    139,
    260,
    136,
    215,
    166,
    142,
    282,
    173,
    154,
    176,
    176,
    286,
    288,
    168,
    172,
    217,
    102,
    87,
    133,
    96,
    149,
    130,
    151,
    284,
    273,
    203,
    160,
    274,
    122,
    88,
    102,
    96,
    100,
    210,
    247,
    98,
    115,
    88,
    88,
    62,
    125,
    120,
    66,
    234,
    121,
    59,
    218,
    64,
    211,
    211,
    62,
    125,
    66,
    122,
    79,
    239,
    121,
    81,
    235,
    221,
    117,
    145,
    160,
    297,
    277,
    202,
    128,
    164,
    276,
    269,
    115,
    158,
    157,
    277,
    271,
    132,
    160,
    193,
    140,
    168,
    185,
    182,
    185,
    210,
    100,
    130,
    130,
    94,
    90,
    86,
    100,
    210,
    102,
    102,
    69,
    203,
    122,
    122,
    120,
    237,
    102,
    152,
    54,
    115,
    57,
    120,
    121,
    121,
    121,
    121,
    89,
    76,
    246,
    133,
    127,
    78,
    91,
    245,
    127,
    217,
    88,
    135,
    96,
    144,
    150,
    185,
    168,
    178,
    102,
    87,
    148,
    140,
    90,
    260,
    133,
    87,
    54,
    119,
    221,
    60,
    118,
    110,
    90,
    102,
    90,
    109,
    218,
    115,
    79,
    107,
    232,
    206,
    57,
    111,
    118,
    232,
    222,
    56,
    118,
    110,
    34,
    86,
    37,
    90,
    115,
    115,
    63,
    122,
    65,
    119,
    183,
    282,
    279,
    164,
    174,
    169,
    279,
    301,
    105,
    88,
    260,
    161,
    131,
    90,
    101,
    252,
    137,
    242,
    124,
    112,
    158,
    155,
    270,
    274,
    123,
    159,
    175,
    92,
    129,
    129,
    140,
    180,
    90,
    94,
    262,
    135,
    151,
    131,
    130,
    93,
    227,
    135,
    129,
    213,
    45,
    91,
    104,
    43,
    216,
    104,
    61,
    210,
    206,
    64,
    218,
    55,
    214,
    59,
    197,
    204,
    72,
    227,
    229,
    120,
    123,
    72,
    231,
    205,
    105,
    252,
    252,
    116,
    142,
    257,
    128,
    92,
    218,
    238,
    249,
    133,
    125,
    93,
    248,
    228,
    146,
    176,
    169,
    179,
    102,
    114,
    261,
    110,
    253,
    257,
    94,
    99,
    248,
    96,
    241,
    241,
    94,
    90,
    94,
    119,
    120,
    146,
    88,
    77,
    44,
    199,
    45,
    0,
    171,
    55,
    65,
    113,
    189,
    227,
    69,
    56,
    114,
    221,
    107,
    77,
    131,
    131,
    82,
    252,
    129,
    105,
    49,
    58,
    97,
    110,
    109,
    79,
    163,
    215,
    63,
    48,
    111,
    217,
    94,
    115,
    163,
    129,
    162,
    62,
    213,
    64,
    218,
    146,
    147,
    90,
    66,
    124,
    68,
    127,
    94,
    73,
    130,
    76,
    129,
    140,
    130,
    78,
    151,
    103,
    103,
    44,
    78,
    198,
    43,
    85,
    208,
    238,
    111,
    115,
    41,
    196,
    44,
    173,
    170,
    122,
    125,
    121,
    76,
    129,
    80,
    131,
    142,
    268,
    149,
    271,
    55,
    119,
    112,
    116,
    160,
    179,
    173,
    182,
    189,
    146,
    181,
    188,
    199,
    188,
    188,
    330,
    351,
    302,
    299,
    194,
    184,
    305,
    328,
    100,
    130,
    130,
    90,
    94,
    124,
    123,
    200,
    70,
    69,
    117,
    250,
    94,
    62,
    191,
    221,
    67,
    113,
    218,
    57,
    68,
    114,
    193,
    231,
    70,
    57,
    120,
    225,
    112,
    103,
    103,
    104,
    258,
    132,
    103,
    257,
    237,
    137,
    138,
    107,
    147,
    122,
    159,
    124,
    143,
    273,
    267,
    179,
    270,
    105,
    107,
    254,
    260,
    133,
    139,
    265,
    94,
    130,
    94,
    100,
    102,
    72,
    210,
    105,
    40,
    98,
    95,
    199,
    212,
    40,
    99,
    83,
    40,
    92,
    99,
    40,
    210,
    97,
    81,
    129,
    86,
    137,
    134,
    62,
    121,
    121,
    236,
    236,
    69,
    123,
    121,
    66,
    129,
    123,
    67,
    237,
    127,
    116,
    94,
    265,
    173,
    140,
    102,
    107,
    259,
    147,
    258,
    94,
    75,
    133,
    78,
    129,
    146,
    183,
    188,
    186,
    108,
    135,
    142,
    88,
    82,
    100,
    211,
    102,
    254,
    114,
    71,
    65,
    194,
    221,
    68,
    115,
    220,
    70,
    127,
    125,
    59,
    118,
    60,
    121,
    76,
    65,
    232,
    123,
    123,
    63,
    76,
    237,
    119,
    199,
    96,
    245,
    259,
    123,
    137,
    262,
    109,
    258,
    114,
    250,
    256,
    100,
    243,
    241,
    97,
    249,
    94,
    74,
    132,
    75,
    129,
    90,
    57,
    115,
    61,
    121,
    86,
    124,
    128,
    210,
    73,
    120,
    237,
    218,
    95,
    95,
    91,
    46,
    205,
    46,
    192,
    174,
    72,
    230,
    77,
    229,
    219,
    70,
    128,
    125,
    69,
    123,
    67,
    125,
    54,
    115,
    113,
    55,
    225,
    119,
    182,
    182,
    94,
    88,
    75,
    245,
    132,
    127,
    72,
    86,
    243,
    127,
    215,
    90,
    58,
    121,
    60,
    118,
    94,
    90,
    82,
    250,
    99,
    207,
    118,
    103,
    44,
    103,
    213,
    43,
    101,
    94,
    92,
    46,
    151,
    180,
    212,
    96,
    89,
    48,
    204,
    149,
    67,
    125,
    66,
    125,
    55,
    121,
    57,
    116,
    117,
    68,
    217,
    226,
    69,
    114,
    227,
    129,
    131,
    120,
    102,
    173,
    154,
    106,
    267,
    145,
    136,
    203,
    296,
    287,
    261,
    172,
    294,
    136,
    90,
    78,
    109,
    218,
    115,
    94,
    51,
    99,
    111,
    54,
    218,
    110,
    233,
    41,
    185,
    42,
    196,
    67,
    124,
    123,
    121,
    121,
    109,
    147,
    120,
    158,
    77,
    234,
    123,
    73,
    237,
    203,
    168,
    164,
    204,
    162,
    285,
    224,
    290,
    313,
    180,
    172,
    178,
    293,
    179,
    338,
    146,
    222,
    298,
    306,
    183,
    184,
    253,
    303,
    339,
    134,
    204,
    144,
    285,
    306,
    178,
    161,
    166,
    292,
    176,
    328,
    102,
    122,
    102,
    135,
    256,
    120,
    127,
    239,
    226,
    220,
    125,
    124,
    83,
    61,
    188,
    222,
    113,
    217,
    69,
    125,
    69,
    127,
    46,
    201,
    47,
    207,
    44,
    107,
    45,
    106,
    107,
    107,
    63,
    56,
    220,
    104,
    117,
    55,
    64,
    226,
    112,
    178,
    137,
    139,
    0,
    175,
    175,
    122,
    123,
    267,
    266,
    152,
    154,
    268,
    130,
    169,
    283,
    279,
    240,
    164,
    280,
    122,
    128,
    102,
    107,
    130,
    96,
    145,
    107,
    95,
    29,
    84,
    34,
    83,
    67,
    123,
    129,
    55,
    199,
    199,
    52,
    210,
    69,
    125,
    129,
    47,
    107,
    50,
    106,
    104,
    112,
    156,
    269,
    127,
    155,
    193,
    146,
    144,
    138,
    147,
    175,
    168,
    178,
    102,
    94,
    148,
    135,
    94,
    122,
    94,
    75,
    125,
    69,
    117,
    240,
    57,
    48,
    217,
    95,
    110,
    44,
    59,
    215,
    108,
    159,
    40,
    85,
    96,
    39,
    212,
    91,
    62,
    122,
    66,
    123,
    54,
    115,
    54,
    110,
    109,
    117,
    266,
    268,
    152,
    144,
    271,
    95,
    135,
    112,
    152,
    94,
    89,
    236,
    248,
    98,
    127,
    255,
    128,
    115,
    163,
    130,
    162,
    102,
    86,
    78,
    129,
    134,
    227,
    31,
    56,
    85,
    32,
    197,
    85,
    125,
    103,
    103,
    62,
    124,
    64,
    122,
    49,
    61,
    109,
    169,
    219,
    63,
    47,
    113,
    217,
    94,
    57,
    178,
    213,
    55,
    105,
    214,
    121,
    121,
    71,
    218,
    231,
    76,
    118,
    232,
    90,
    78,
    239,
    82,
    225,
    229,
    140,
    165,
    189,
    177,
    184,
    102,
    94,
    90,
    87,
    138,
    117,
    244,
    37,
    192,
    42,
    169,
    169,
    46,
    105,
    47,
    109,
    96,
    93,
    145,
    159,
    142,
    102,
    264,
    142,
    56,
    204,
    201,
    54,
    211,
    66,
    214,
    212,
    68,
    221,
    132,
    175,
    154,
    172,
    117,
    101,
    152,
    151,
    267,
    266,
    103,
    153,
    172,
    134,
    142,
    171,
    177,
    331,
    293,
    256,
    152,
    179,
    287,
    307,
    98,
    99,
    240,
    256,
    254,
    130,
    78,
    255,
    146,
    145,
    76,
    102,
    74,
    107,
    120,
    202,
    239,
    115,
    120,
    229,
    122,
    237,
    202,
    155,
    59,
    114,
    120,
    54,
    119,
    55,
    118,
    120,
    119,
    68,
    129,
    75,
    129,
    130,
    168,
    168,
    92,
    100,
    143,
    257,
    260,
    99,
    137,
    264,
    172,
    139,
    120,
    111,
    91,
    245,
    157,
    266,
    176,
    137,
    104,
    107,
    259,
    147,
    259,
    116,
    101,
    163,
    154,
    104,
    267,
    142,
    142,
    164,
    182,
    182,
    88,
    82,
    82,
    261,
    95,
    105,
    106,
    88,
    91,
    115,
    115,
    45,
    99,
    105,
    44,
    214,
    105,
    106,
    145,
    112,
    153,
    88,
    96,
    142,
    244,
    252,
    120,
    89,
    133,
    260,
    160,
    92,
    134,
    142,
    138,
    74,
    223,
    230,
    80,
    119,
    239,
    90,
    70,
    126,
    70,
    128,
    90,
    79,
    239,
    84,
    223,
    232,
    122,
    94,
    118,
    240,
    105,
    99,
    102,
    196,
    57,
    55,
    114,
    115,
    55,
    225,
    120,
    90,
    154,
    139,
    95,
    264,
    140,
    75,
    205,
    228,
    74,
    123,
    225,
    91,
    246,
    245,
    91,
    245,
    227,
    65,
    126,
    121,
    66,
    124,
    172,
    181,
    182,
    295,
    301,
    178,
    186,
    311,
    140,
    167,
    206,
    182,
    179,
    184,
    130,
    175,
    175,
    122,
    86,
    130,
    120,
    122,
    150,
    73,
    36,
    52,
    118,
    117,
    78,
    236,
    235,
    123,
    123,
    83,
    232,
    226,
    40,
    94,
    44,
    98,
    87,
    138,
    133,
    83,
    129,
    87,
    143,
    125,
    268,
    130,
    262,
    266,
    130,
    121,
    180,
    166,
    131,
    276,
    165,
    128,
    164,
    159,
    130,
    132,
    122,
    90,
    115,
    96,
    129,
    64,
    123,
    124,
    129,
    129,
    49,
    201,
    212,
    99,
    96,
    51,
    204,
    168,
    49,
    107,
    110,
    94,
    135,
    101,
    148,
    152,
    88,
    236,
    235,
    92,
    244,
    0,
    77,
    135,
    129,
    245,
    258,
    88,
    130,
    145,
    130,
    133,
    239,
    163,
    139,
    279,
    171,
    132,
    191,
    284,
    282,
    169,
    170,
    196,
    282,
    298,
    110,
    102,
    78,
    102,
    100,
    111,
    86,
    40,
    46,
    99,
    98,
    200,
    47,
    40,
    93,
    210,
    66,
    69,
    127,
    71,
    129,
    88,
    240,
    87,
    233,
    233,
    96,
    169,
    149,
    106,
    266,
    147,
    70,
    218,
    225,
    73,
    118,
    225,
    128,
    175,
    154,
    174,
    177,
    285,
    279,
    240,
    281,
    142,
    174,
    174,
    184,
    182,
    186,
    298,
    298,
    177,
    182,
    321,
    86,
    55,
    112,
    55,
    121,
    90,
    132,
    86,
    200,
    128,
    223,
    125,
    127,
    127,
    240,
    213,
    109,
    0,
    57,
    71,
    119,
    118,
    101,
    177,
    230,
    227,
    229,
    119,
    227,
    116,
    69,
    226,
    74,
    229,
    55,
    118,
    116,
    56,
    227,
    121,
    74,
    224,
    231,
    82,
    239,
    107,
    107,
    49,
    113,
    49,
    110,
    107,
    208,
    303,
    293,
    270,
    180,
    297,
    131,
    175,
    175,
    140,
    159,
    295,
    182,
    170,
    296,
    182,
    130,
    82,
    78,
    144,
    214,
    115,
    219,
    99,
    31,
    88,
    36,
    82,
    58,
    118,
    121,
    58,
    112,
    118,
    59,
    225,
    121,
    154,
    118,
    154,
    165,
    160,
    277,
    131,
    158,
    219,
    67,
    218,
    218,
    69,
    225,
    90,
    234,
    248,
    129,
    127,
    91,
    246,
    226,
    132,
    139,
    182,
    148,
    175,
    142,
    177,
    186,
    183,
    191,
    196,
    132,
    94,
    88,
    114,
    137,
    118,
    133,
    254,
    103,
    76,
    124,
    47,
    106,
    49,
    107,
    83,
    130,
    132,
    43,
    102,
    213,
    43,
    101,
    93,
    69,
    129,
    70,
    127,
    102,
    254,
    113,
    247,
    135,
    135,
    132,
    194,
    286,
    284,
    165,
    176,
    177,
    284,
    307,
    142,
    210,
    337,
    302,
    284,
    187,
    302,
    126,
    156,
    112,
    94,
    129,
    241,
    93,
    103,
    0,
    68,
    127,
    69,
    125,
    63,
    125,
    122,
    67,
    235,
    123,
    50,
    110,
    114,
    82,
    237,
    125,
    84,
    243,
    216,
    136,
    272,
    270,
    177,
    270,
    142,
    271,
    159,
    272,
    272,
    200,
    308,
    291,
    269,
    181,
    298,
    130,
    171,
    171,
    140,
    163,
    183,
    179,
    192,
    82,
    124,
    82,
    218,
    112,
    121,
    214,
    94,
    53,
    153,
    208,
    51,
    100,
    212,
    89,
    90,
    133,
    133,
    147,
    147,
    125,
    125,
    115,
    93,
    264,
    172,
    140,
    100,
    105,
    258,
    147,
    255,
    176,
    176,
    90,
    66,
    126,
    122,
    67,
    125,
    90,
    125,
    125,
    128,
    82,
    82,
    107,
    128,
    126,
    93,
    238,
    120,
    113,
    113,
    40,
    95,
    212,
    40,
    99,
    89,
    61,
    217,
    111,
    63,
    222,
    188,
    63,
    213,
    211,
    64,
    219,
    153,
    108,
    139,
    159,
    159,
    250,
    281,
    275,
    179,
    119,
    155,
    275,
    204,
    88,
    132,
    141,
    134,
    70,
    218,
    227,
    71,
    229,
    90,
    81,
    234,
    84,
    239,
    123,
    147,
    147,
    140,
    122,
    94,
    110,
    222,
    115,
    240,
    114,
    86,
    50,
    69,
    218,
    218,
    69,
    225,
    49,
    113,
    218,
    53,
    110,
    106,
    47,
    107,
    108,
    47,
    216,
    111,
    76,
    222,
    230,
    82,
    239,
    91,
    146,
    135,
    71,
    129,
    77,
    132,
    94,
    72,
    129,
    77,
    130,
    96,
    80,
    131,
    252,
    87,
    129,
    141,
    94,
    90,
    82,
    127,
    240,
    128,
    0,
    107,
    101,
    37,
    86,
    36,
    95,
    62,
    117,
    120,
    60,
    229,
    119,
    88,
    230,
    236,
    89,
    242,
    134,
    104,
    271,
    188,
    147,
    113,
    117,
    268,
    157,
    265,
    123,
    95,
    269,
    178,
    142,
    104,
    112,
    262,
    150,
    259,
    58,
    117,
    60,
    121,
    86,
    52,
    114,
    120,
    129,
    146,
    291,
    277,
    207,
    164,
    274,
    132,
    136,
    171,
    288,
    150,
    175,
    285,
    132,
    122,
    90,
    229,
    213,
    240,
    110,
    121,
    121,
    117,
    117,
    40,
    103,
    42,
    99,
    47,
    106,
    46,
    107,
    65,
    124,
    68,
    122,
    93,
    135,
    97,
    142,
    152,
    155,
    94,
    95,
    248,
    100,
    240,
    241,
    96,
    81,
    131,
    129,
    102,
    90,
    122,
    258,
    110,
    112,
    59,
    88,
    198,
    107,
    139,
    105,
    103,
    100,
    113,
    113,
    113,
    259,
    127,
    259,
    40,
    50,
    100,
    80,
    205,
    48,
    41,
    94,
    211,
    68,
    149,
    271,
    156,
    146,
    268,
    280,
    117,
    262,
    117,
    253,
    261,
    69,
    129,
    123,
    130,
    123,
    172,
    138,
    167,
    180,
    102,
    88,
    133,
    95,
    141,
    130,
    118,
    122,
    115,
    39,
    152,
    201,
    200,
    46,
    194,
    211,
    98,
    90,
    48,
    203,
    154,
    70,
    217,
    226,
    72,
    118,
    227,
    48,
    212,
    96,
    53,
    207,
    153,
    106,
    161,
    112,
    147,
    80,
    209,
    241,
    85,
    125,
    237,
    60,
    121,
    63,
    119,
    117,
    90,
    66,
    77,
    121,
    207,
    240,
    86,
    73,
    125,
    238,
    126,
    140,
    229,
    291,
    272,
    297,
    94,
    90,
    90,
    111,
    73,
    103,
    129,
    32,
    70,
    85,
    36,
    203,
    82,
    65,
    129,
    71,
    128,
    129,
    105,
    87,
    256,
    153,
    131,
    88,
    100,
    252,
    137,
    241,
    55,
    191,
    215,
    103,
    107,
    59,
    214,
    165,
    82,
    235,
    82,
    240,
    153,
    179,
    179,
    334,
    291,
    262,
    158,
    181,
    289,
    309,
    130,
    118,
    165,
    132,
    165,
    138,
    178,
    178,
    124,
    102,
    130,
    77,
    244,
    121,
    73,
    202,
    230,
    73,
    121,
    227,
    222,
    34,
    41,
    90,
    74,
    198,
    85,
    200,
    50,
    53,
    114,
    117,
    121,
    121,
    81,
    129,
    89,
    136,
    52,
    67,
    115,
    105,
    172,
    226,
    55,
    117,
    224,
    187,
    108,
    88,
    133,
    97,
    149,
    86,
    143,
    87,
    130,
    0,
    84,
    236,
    86,
    240,
    144,
    242,
    300,
    294,
    306,
    303,
    138,
    155,
    180,
    296,
    173,
    180,
    308,
    130,
    132,
    94,
    121,
    233,
    80,
    116,
    90,
    200,
    0,
    62,
    53,
    222,
    103,
    113,
    55,
    63,
    224,
    110,
    190,
    88,
    88,
    71,
    205,
    219,
    68,
    118,
    221,
    77,
    129,
    84,
    134,
    67,
    58,
    226,
    116,
    120,
    56,
    67,
    231,
    117,
    193,
    92,
    135,
    264,
    100,
    149,
    148,
    120,
    166,
    144,
    168,
    113,
    125,
    266,
    136,
    259,
    266,
    102,
    136,
    86,
    132,
    140,
    136,
    257,
    259,
    90,
    138,
    155,
    94,
    102,
    116,
    107,
    135,
    254,
    118,
    97,
    83,
    51,
    117,
    118,
    61,
    118,
    239,
    68,
    123,
    123,
    51,
    115,
    53,
    118,
    103,
    141,
    116,
    155,
    51,
    60,
    110,
    176,
    222,
    64,
    51,
    113,
    219,
    98,
    55,
    120,
    59,
    116,
    113,
    156,
    182,
    181,
    140,
    164,
    186,
    183,
    342,
    295,
    277,
    169,
    182,
    295,
    315,
    126,
    114,
    159,
    274,
    137,
    159,
    182,
    90,
    82,
    90,
    131,
    248,
    123,
    86,
    186,
    52,
    109,
    113,
    226,
    219,
    52,
    111,
    106,
    34,
    96,
    37,
    86,
    57,
    216,
    59,
    206,
    63,
    121,
    123,
    63,
    238,
    119,
    163,
    162,
    72,
    135,
    127,
    246,
    252,
    83,
    128,
    138,
    96,
    77,
    129,
    85,
    136,
    140,
    169,
    197,
    181,
    186,
    102,
    122,
    122,
    114,
    268,
    120,
    244,
    124,
    240,
    121,
    121,
    32,
    86,
    37,
    92,
    88,
    45,
    105,
    46,
    100,
    97,
    105,
    154,
    144,
    110,
    250,
    262,
    128,
    147,
    262,
    120,
    120,
    130,
    173,
    173,
    134,
    176,
    176,
    102,
    136,
    130,
    130,
    268,
    147,
    258,
    76,
    129,
    132,
    120,
    97,
    69,
    217,
    221,
    69,
    117,
    225,
    37,
    86,
    36,
    96,
    56,
    121,
    59,
    118,
    41,
    104,
    99,
    112,
    160,
    120,
    154,
    159,
    159,
    122,
    265,
    123,
    261,
    265,
    116,
    101,
    153,
    140,
    130,
    126,
    175,
    151,
    172,
    179,
    132,
    94,
    90,
    113,
    224,
    94,
    39,
    82,
    196,
    42,
    84,
    202,
    0,
    122,
    125,
    57,
    115,
    56,
    113,
    132,
    132,
    98,
    157,
    153,
    101,
    266,
    140,
    61,
    56,
    218,
    115,
    63,
    225,
    185,
    149,
    174,
    178,
    334,
    293,
    260,
    159,
    179,
    287,
    303,
    81,
    235,
    123,
    82,
    237,
    218,
    129,
    165,
    165,
    100,
    82,
    130,
    87,
    132,
    90,
    78,
    78,
    265,
    0,
    0,
    255,
    0,
    0,
    107,
    102,
    55,
    202,
    199,
    51,
    211,
    64,
    211,
    208,
    67,
    219,
    60,
    203,
    205,
    59,
    108,
    215,
    142,
    269,
    159,
    140,
    269,
    272,
    132,
    132,
    97,
    235,
    256,
    101,
    132,
    254,
    88,
    57,
    111,
    119,
    232,
    222,
    58,
    118,
    110,
    87,
    121,
    121,
    94,
    82,
    102,
    268,
    149,
    155,
    117,
    126,
    80,
    40,
    183,
    42,
    195,
    78,
    129,
    127,
    99,
    135,
    112,
    154,
    84,
    130,
    87,
    137,
    105,
    158,
    112,
    146,
    130,
    200,
    168,
    141,
    284,
    175,
    90,
    64,
    128,
    70,
    127,
    127,
    142,
    168,
    188,
    186,
    130,
    132,
    128,
    95,
    120,
    102,
    236,
    121,
    103,
    76,
    107,
    40,
    200,
    82,
    42,
    196,
    76,
    33,
    82,
    36,
    197,
    84,
    53,
    111,
    55,
    116,
    50,
    109,
    51,
    106,
    105,
    47,
    98,
    105,
    45,
    216,
    108,
    54,
    114,
    117,
    214,
    219,
    55,
    111,
    107,
    148,
    176,
    169,
    176,
    0,
    89,
    135,
    99,
    150,
    102,
    130,
    134,
    122,
    106,
    146,
    120,
    156,
    122,
    128,
    103,
    210,
    110,
    116,
    52,
    44,
    213,
    83,
    104,
    44,
    57,
    211,
    104,
    126,
    66,
    131,
    125,
    240,
    245,
    73,
    125,
    131,
    91,
    239,
    93,
    246,
    114,
    260,
    111,
    254,
    257,
    145,
    145,
    72,
    126,
    70,
    129,
    93,
    135,
    104,
    151,
    144,
    186,
    186,
    134,
    137,
    176,
    165,
    175,
    102,
    86,
    78,
    123,
    120,
    204,
    99,
    92,
    86,
    53,
    115,
    117,
    59,
    226,
    119,
    61,
    117,
    123,
    235,
    230,
    64,
    119,
    118,
    105,
    113,
    113,
    114,
    94,
    264,
    171,
    139,
    102,
    108,
    257,
    148,
    250,
    141,
    141,
    112,
    160,
    122,
    153,
    88,
    121,
    120,
    130,
    180,
    129,
    277,
    283,
    171,
    137,
    143,
    277,
    161,
    310,
    102,
    90,
    124,
    93,
    204,
    111,
    120,
    120,
    50,
    0,
    61,
    221,
    67,
    213,
    58,
    119,
    58,
    112,
    113,
    131,
    131,
    85,
    96,
    138,
    246,
    254,
    120,
    88,
    133,
    258,
    156,
    119,
    263,
    125,
    258,
    265,
    122,
    171,
    136,
    168,
    179,
    90,
    68,
    128,
    69,
    129,
    102,
    89,
    133,
    102,
    142,
    132,
    90,
    102,
    88,
    244,
    0,
    244,
    140,
    99,
    0,
    90,
    42,
    152,
    193,
    207,
    95,
    89,
    45,
    198,
    79,
    71,
    132,
    127,
    239,
    251,
    79,
    127,
    134,
    75,
    132,
    129,
    241,
    252,
    80,
    129,
    138,
    99,
    243,
    103,
    249,
    71,
    130,
    127,
    71,
    246,
    129,
    84,
    131,
    131,
    94,
    78,
    130,
    129,
    130,
    124,
    173,
    144,
    173,
    138,
    178,
    136,
    90,
    157,
    119,
    88,
    90,
    53,
    158,
    213,
    105,
    107,
    191,
    83,
    216,
    52,
    68,
    110,
    193,
    117,
    221,
    107,
    34,
    83,
    86,
    41,
    34,
    198,
    48,
    83,
    34,
    39,
    196,
    85,
    67,
    107,
    107,
    121,
    121,
    93,
    135,
    100,
    146,
    106,
    154,
    147,
    0,
    56,
    111,
    118,
    60,
    223,
    121,
    116,
    125,
    266,
    139,
    268,
    146,
    186,
    187,
    188,
    140,
    78,
    90,
    0,
    98,
    94,
    106,
    93,
    222,
    121,
    110,
    191,
    189,
    53,
    155,
    206,
    49,
    99,
    213,
    37,
    88,
    39,
    98,
    129,
    127,
    129,
    53,
    44,
    213,
    85,
    103,
    44,
    56,
    209,
    106,
    131,
    74,
    205,
    232,
    78,
    123,
    229,
    142,
    177,
    153,
    175,
    81,
    129,
    252,
    85,
    135,
    135,
    130,
    185,
    279,
    171,
    163,
    283,
    316,
    140,
    173,
    172,
    182,
    181,
    185,
    294,
    298,
    172,
    182,
    316,
    130,
    130,
    90,
    121,
    228,
    124,
    254,
    125,
    220,
    122,
    118,
    204,
    84,
    99,
    217,
    107,
    77,
    238,
    81,
    231,
    221,
    49,
    104,
    47,
    110,
    143,
    143,
    65,
    125,
    125,
    71,
    127,
    125,
    68,
    241,
    127,
    112,
    148,
    274,
    118,
    158,
    169,
    122,
    140,
    268,
    148,
    262,
    270,
    146,
    178,
    186,
    187,
    191,
    214,
    140,
    88,
    102,
    121,
    213,
    39,
    38,
    208,
    50,
    91,
    90,
    95,
    0,
    239,
    73,
    226,
    231,
    82,
    239,
    77,
    215,
    234,
    78,
    123,
    232,
    46,
    113,
    105,
    113,
    93,
    135,
    97,
    146,
    133,
    133,
    71,
    125,
    246,
    75,
    125,
    135,
    130,
    132,
    162,
    164,
    318,
    285,
    239,
    139,
    173,
    281,
    301,
    134,
    176,
    177,
    130,
    122,
    88,
    284,
    118,
    118,
    163,
    61,
    121,
    121,
    37,
    94,
    95,
    197,
    211,
    40,
    98,
    81,
    53,
    115,
    53,
    110,
    54,
    117,
    116,
    55,
    224,
    118,
    148,
    272,
    269,
    155,
    155,
    140,
    266,
    273,
    218,
    294,
    177,
    232,
    288,
    301,
    134,
    144,
    202,
    171,
    152,
    286,
    176,
    90,
    81,
    69,
    237,
    126,
    124,
    80,
    240,
    124,
    205,
    131,
    175,
    170,
    130,
    82,
    103,
    218,
    110,
    117,
    70,
    236,
    75,
    32,
    83,
    82,
    125,
    125,
    35,
    96,
    89,
    189,
    211,
    39,
    95,
    78,
    136,
    137,
    123,
    85,
    212,
    221,
    239,
    125,
    79,
    242,
    212,
    52,
    63,
    113,
    171,
    222,
    66,
    52,
    113,
    219,
    99,
    75,
    204,
    231,
    76,
    123,
    229,
    90,
    67,
    127,
    68,
    124,
    127,
    102,
    138,
    117,
    244,
    261,
    265,
    148,
    140,
    109,
    263,
    248,
    90,
    102,
    82,
    109,
    134,
    42,
    47,
    101,
    85,
    205,
    52,
    42,
    96,
    212,
    68,
    95,
    123,
    84,
    71,
    241,
    129,
    127,
    0,
    241,
    126,
    211,
    46,
    106,
    46,
    107,
    133,
    132,
    49,
    112,
    107,
    117,
    165,
    132,
    166,
    174,
    61,
    123,
    121,
    53,
    116,
    57,
    110,
    119,
    143,
    143,
    90,
    66,
    122,
    68,
    125,
    102,
    94,
    78,
    116,
    125,
    238,
    75,
    197,
    59,
    186,
    212,
    60,
    105,
    216,
    50,
    115,
    55,
    111,
    110,
    57,
    199,
    201,
    51,
    105,
    211,
    113,
    65,
    196,
    203,
    221,
    117,
    117,
    66,
    223,
    195,
    96,
    237,
    256,
    105,
    133,
    257,
    138,
    174,
    143,
    175,
    94,
    97,
    243,
    242,
    100,
    251,
    92,
    89,
    239,
    246,
    134,
    125,
    90,
    247,
    226,
    118,
    86,
    94,
    96,
    105,
    214,
    76,
    78,
    61,
    119,
    62,
    121,
    61,
    121,
    61,
    116,
    120,
    71,
    59,
    230,
    118,
    123,
    62,
    74,
    235,
    118,
    197,
    113,
    113,
    51,
    115,
    52,
    112,
    106,
    64,
    123,
    124,
    88,
    74,
    204,
    226,
    71,
    118,
    224,
    130,
    173,
    173,
    102,
    90,
    112,
    250,
    102,
    101,
    129,
    129,
    254,
    246,
    214,
    129,
    219,
    125,
    129,
    54,
    182,
    200,
    50,
    102,
    210,
    101,
    46,
    55,
    103,
    107,
    74,
    158,
    212,
    58,
    42,
    106,
    213,
    84,
    98,
    237,
    256,
    107,
    134,
    257,
    58,
    217,
    113,
    63,
    216,
    184,
    108,
    90,
    262,
    168,
    134,
    99,
    107,
    255,
    143,
    250,
    141,
    141,
    0,
    59,
    70,
    118,
    195,
    233,
    74,
    63,
    121,
    228,
    118,
    94,
    129,
    129,
    140,
    165,
    203,
    184,
    177,
    184,
    130,
    86,
    78,
    98,
    125,
    248,
    134,
    139,
    250,
    242,
    136,
    141,
    134,
    120,
    86,
    35,
    95,
    89,
    181,
    212,
    39,
    93,
    79,
    119,
    119,
    62,
    189,
    219,
    63,
    111,
    216,
    80,
    129,
    132,
    128,
    75,
    91,
    129,
    222,
    245,
    93,
    81,
    127,
    246,
    139,
    87,
    149,
    146,
    96,
    262,
    135,
    62,
    77,
    123,
    206,
    241,
    84,
    72,
    125,
    236,
    126,
    146,
    186,
    186,
    140,
    157,
    183,
    181,
    112,
    102,
    102,
    253,
    115,
    84,
    203,
    103,
    105,
    100,
    38,
    91,
    88,
    39,
    96,
    84,
    41,
    104,
    216,
    43,
    104,
    90,
    121,
    121,
    107,
    110,
    130,
    175,
    152,
    170,
    186,
    135,
    135,
    88,
    55,
    115,
    57,
    121,
    98,
    101,
    244,
    244,
    100,
    252,
    94,
    82,
    90,
    101,
    211,
    105,
    107,
    81,
    69,
    238,
    126,
    125,
    66,
    81,
    241,
    125,
    207,
    129,
    130,
    126,
    263,
    266,
    150,
    148,
    117,
    262,
    256,
    50,
    112,
    114,
    58,
    119,
    62,
    121
  ],
  "pressure_evaluations": [
    0,
    0,
    0,
    0,
    0,
    0,
    0,
    0,
    0,
    0,
    0,
    0,
    0,
    0,
    0,
    0,
    0,
    0,
    0,
    0,
    0,
    0,
    0,
    0,
    0,
    0,
    0,
    0,
    0,
    3,
    0,
    0,
    0,
    0,
    0,
    0,
    0,
    0,
    0,
    0,
    0,
    0,
    0,
    0,
    0,
    0,
    0,
    0,
    0,
    0,
    0,
    0,
    0,
    0,
    0,
    0,
    0,
    0,
    0,
    0,
    0,
    0,
    0,
    0,
    0,
    0,
    0,
    0,
    0,
    0,
    0,
    0,
    0,
    0,
    0,
    0,
    0,
    0,
    0,
    0,
    0,
    0,
    0,
    0,
    0,
    0,
    0,
    0,
    0,
    0,
    0,
    0,
    0,
    0,
    0,
    0,
    0,
    0,
    0,
    0,
    0,
    0,
    0,
    0,
    0,
    0,
    0,
    0,
    0,
    0,
    0,
    1,
    1,
    0,
    0,
    0,
    0,
    0,
    0,
    0,
    0,
    0,
    0,
    0,
    0,
    0,
    0,
    0,
    0,
    0,
    0,
    0,
    0,
    0,
    0,
    0,
    0,
    0,
    0,
    0,
    0,
    0,
    0,
    0,
    0,
    0,
    0,
    0,
    0,
    0,
    0,
    0,
    0,
    0,
    0,
    0,
    0,
    0,
    0,
    0,
    0,
    0,
    0,
    0,
    0,
    0,
    0,
    0,
    0,
    0,
    0,
    0,
    0,
    0,
    0,
    0,
    0,
    0,
    0,
    0,
    0,
    0,
    0,
    0,
    0,
    0,
    0,
    0,
    0,
    0,
    0,
    0,
    0,
    0,
    0,
    0,
    0,
    0,
    0,
    0,
    0,
    0,
    0,
    0,
    0,
    0,
    0,
    0,
    0,
    0,
    0,
    0,
    0,
    0,
    0,
    0,
    0,
    0,
    0,
    0,
    0,
    0,
    0,
    0,
    0,
    0,
    0,
    0,
    0,
    0,
    0,
    0,
    0,
    0,
    0,
    0,
    0,
    0,
    0,
    0,
    0,
    0,
    0,
    0,
    0,
    0,
    0,
    0,
    0,
    0,
    0,
    0,
    0,
    0,
    0,
    0,
    0,
    0,
    0,
    0,
    0,
    0,
    0,
    0,
    0,
    0,
    0,
    0,
    0,
    0,
    0,
    0,
    0,
    0,
    0,
    0,
    0,
    0,
    0,
    0,
    0,
    0,
    0,
    0,
    0,
    0,
    0,
    0,
    0,
    0,
    0,
    0,
    0,
    0,
    0,
    0,
    0,
    0,
    0,
    0,
    0,
    0,
    0,
    0,
    0,
    0,
    0,
    0,
    0,
    0,
    0,
    0,
    0,
    0,
    0,
    0,
    0,
    0,
    0,
    0,
    0,
    0,
    0,
    0,
    1,
    0,
    0,
    0,
    0,
    0,
    0,
    0,
    0,
    0,
    0,
    0,
    0,
    0,
    0,
    0,
    0,
    0,
    0,
    0,
    0,
    0,
    0,
    0,
    0,
    0,
    0,
    0,
    0,
    0,
    0,
    0,
    0,
    0,
    0,
    0,
    0,
    0,
    0,
    0,
    0,
    0,
    0,
    0,
    0,
    0,
    0,
    0,
    0,
    0,
    0,
    0,
    0,
    0,
    0,
    0,
    0,
    0,
    0,
    0,
    0,
    0,
    0,
    0,
    0,
    0,
    0,
    0,
    0,
    0,
    0,
    0,
    0,
    0,
    0,
    0,
    0,
    0,
    0,
    0,
    0,
    0,
    0,
    0,
    0,
    0,
    0,
    1,
    1,
    0,
    0,
    0,
    0,
    0,
    0,
    0,
    0,
    1,
    0,
    0,
    0,
    0,
    0,
    0,
    0,
    0,
    0,
    0,
    0,
    0,
    0,
    0,
    0,
    0,
    0,
    0,
    0,
    0,
    0,
    0,
    0,
    0,
    0,
    0,
    0,
    0,
    0,
    0,
    0,
    0,
    0,
    0,
    0,
    0,
    0,
    0,
    0,
    0,
    0,
    0,
    0,
    0,
    0,
    0,
    0,
    0,
    0,
    0,
    0,
    0,
    0,
    0,
    0,
    0,
    0,
    0,
    0,
    0,
    0,
    0,
    0,
    0,
    0,
    0,
    0,
    0,
    0,
    0,
    0,
    0,
    0,
    0,
    0,
    0,
    0,
    0,
    0,
    0,
    0,
    0,
    0,
    0,
    0,
    0,
    0,
    0,
    0,
    0,
    0,
    0,
    0,
    0,
    0,
    0,
    0,
    0,
    0,
    2,
    0,
    0,
    0,
    0,
    0,
    0,
    0,
    0,
    0,
    0,
    0,
    0,
    0,
    0,
    0,
    0,
    0,
    0,
    0,
    0,
    0,
    0,
    0,
    0,
    0,
    0,
    0,
    0,
    0,
    0,
    0,
    0,
    0,
    0,
    0,
    0,
    0,
    0,
    0,
    0,
    0,
    0,
    0,
    0,
    0,
    0,
    0,
    0,
    0,
    0,
    0,
    0,
    0,
    0,
    0,
    0,
    0,
    0,
    0,
    0,
    0,
    0,
    0,
    0,
    0,
    0,
    0,
    0,
    0,
    0,
    0,
    0,
    0,
    0,
    0,
    0,
    0,
    0,
    0,
    0,
    0,
    0,
    0,
    0,
    0,
    0,
    0,
    0,
    0,
    0,
    0,
    0,
    0,
    0,
    0,
    0,
    0,
    0,
    0,
    0,
    0,
    0,
    0,
    0,
    0,
    0,
    0,
    0,
    0,
    0,
    0,
    0,
    0,
    0,
    0,
    0,
    0,
    0,
    0,
    0,
    0,
    0,
    0,
    0,
    0,
    0,
    0,
    0,
    0,
    0,
    0,
    0,
    0,
    0,
    0,
    0,
    0,
    0,
    0,
    0,
    0,
    0,
    0,
    0,
    0,
    0,
    0,
    0,
    0,
    0,
    0,
    0,
    0,
    0,
    0,
    0,
    0,
    0,
    0,
    0,
    0,
    0,
    0,
    0,
    0,
    0,
    0,
    0,
    0,
    0,
    0,
    0,
    0,
    0,
    0,
    0,
    0,
    0,
    0,
    0,
    0,
    0,
    0,
    0,
    0,
    0,
    0,
    1,
    0,
    0,
    0,
    0,
    0,
    0,
    0,
    0,
    0,
    0,
    0,
    0,
    0,
    0,
    0,
    0,
    0,
    0,
    0,
    0,
    0,
    0,
    0,
    0,
    0,
    0,
    0,
    0,
    0,
    0,
    0,
    0,
    0,
    0,
    0,
    0,
    0,
    0,
    0,
    0,
    0,
    0,
    0,
    0,
    0,
    0,
    0,
    0,
    0,
    0,
    0,
    0,
    0,
    0,
    0,
    0,
    0,
    0,
    0,
    0,
    0,
    0,
    0,
    0,
    0,
    0,
    0,
    0,
    0,
    0,
    0,
    0,
    0,
    0,
    0,
    0,
    0,
    0,
    0,
    0,
    0,
    0,
    0,
    0,
    0,
    0,
    0,
    0,
    0,
    0,
    0,
    0,
    0,
    0,
    0,
    0,
    0,
    0,
    0,
    0,
    0,
    0,
    0,
    0,
    0,
    0,
    0,
    0,
    0,
    0,
    0,
    0,
    0,
    0,
    0,
    0,
    0,
    2,
    0,
    0,
    0,
    0,
    0,
    0,
    0,
    0,
    0,
    0,
    0,
    0,
    0,
    0,
    0,
    0,
    0,
    0,
    0,
    0,
    0,
    0,
    0,
    0,
    0,
    0,
    0,
    0,
    0,
    0,
    0,
    0,
    0,
    0,
    0,
    0,
    0,
    0,
    0,
    0,
    0,
    0,
    1,
    0,
    0,
    0,
    0,
    0,
    0,
    0,
    0,
    0,
    0,
    0,
    0,
    0,
    0,
    0,
    0,
    0,
    0,
    0,
    0,
    0,
    0,
    0,
    0,
    0,
    0,
    0,
    0,
    0,
    0,
    0,
    0,
    0,
    0,
    0,
    0,
    0,
    0,
    0,
    0,
    0,
    0,
    0,
    0,
    0,
    0,
    0,
    0,
    0,
    0,
    0,
    0,
    0,
    0,
    0,
    0,
    0,
    0,
    0,
    0,
    0,
    0,
    0,
    0,
    0,
    0,
    0,
    0,
    0,
    0,
    0,
    0,
    0,
    0,
    0,
    0,
    0,
    0,
    0,
    0,
    0,
    0,
    0,
    0,
    0,
    0,
    0,
    0,
    0,
    0,
    0,
    0,
    0,
    0,
    0,
    0,
    0,
    0,
    0,
    0,
    0,
    0,
    0,
    0,
    0,
    0,
    0,
    0,
    0,
    0,
    0,
    0,
    0,
    0,
    0,
    0,
    0,
    0,
    0,
    0,
    0,
    0,
    0,
    0,
    0,
    0,
    0,
    0,
    0,
    0,
    0,
    0,
    0,
    0,
    0,
    0,
    0,
    0,
    0,
    0,
    0,
    0,
    0,
    0,
    0,
    0,
    0,
    0,
    0,
    0,
    0,
    0,
    0,
    0,
    0,
    0,
    0,
    0,
    0,
    0,
    0,
    0,
    0,
    0,
    0,
    0,
    0,
    0,
    0,
    0,
    0,
    0,
    0,
    0,
    0,
    0,
    0,
    0,
    0,
    0,
    0,
    0,
    0,
    0,
    0,
    0,
    0,
    0,
    0,
    0,
    0,
    0,
    0,
    0,
    0,
    0,
    0,
    0,
    0,
    0,
    0,
    0,
    0,
    0,
    0,
    0,
    0,
    0,
    0,
    0,
    0,
    0,
    0,
    0,
    2,
    0,
    0,
    0,
    0,
    0,
    0,
    0,
    0,
    0,
    0,
    0,
    0,
    0,
    0,
    0,
    0,
    0,
    0,
    0,
    0,
    0,
    1,
    0,
    0,
    0,
    0,
    0,
    0,
    0,
    0,
    0,
    0,
    0,
    0,
    0,
    0,
    0,
    0,
    0,
    0,
    0,
    0,
    0,
    0,
    0,
    0,
    0,
    0,
    0,
    0,
    0,
    0,
    0,
    0,
    0,
    0,
    0,
    0,
    0,
    0,
    0,
    0,
    0,
    0,
    0,
    0,
    0,
    0,
    0,
    1,
    0,
    0,
    0,
    0,
    0,
    0,
    0,
    0,
    0,
    0,
    0,
    0,
    0,
    0,
    0,
    0,
    0,
    0,
    0,
    0,
    0,
    0,
    0,
    0,
    0,
    0,
    0,
    0,
    0,
    0,
    0,
    0,
    0,
    0,
    0,
    0,
    0,
    0,
    0,
    0,
    0,
    0,
    0,
    0,
    0,
    0,
    0,
    0,
    0,
    0,
    0,
    0,
    0,
    0,
    0,
    0,
    0,
    0,
    0,
    0,
    0,
    0,
    0,
    0,
    0,
    0,
    0,
    0,
    0,
    0,
    0,
    0,
    0,
    0,
    0,
    0,
    0,
    0,
    0,
    0,
    0,
    0,
    0,
    0,
    0,
    0,
    0,
    0,
    0,
    0,
    0,
    0,
    0,
    0,
    0,
    0,
    0,
    0,
    0,
    0,
    0,
    0,
    0,
    0,
    0,
    0,
    0,
    0,
    0,
    0,
    0,
    0,
    0,
    0,
    0,
    0,
    0,
    0,
    0,
    0,
    0,
    0,
    0,
    0,
    0,
    1,
    0,
    0,
    0,
    0,
    0,
    0,
    0,
    0,
    0,
    0,
    0,
    0,
    0,
    0,
    0,
    0,
    0,
    0,
    0,
    0,
    0,
    0,
    0,
    0,
    0,
    0,
    0,
    0,
    0,
    0,
    0,
    0,
    0,
    0,
    0,
    0,
    0,
    0,
    0,
    0,
    0,
    0,
    0,
    0,
    0,
    1,
    0,
    0,
    0,
    0,
    0,
    0,
    0,
    0,
    0,
    0,
    0,
    0,
    0,
    0,
    0,
    0,
    0,
    0,
    0,
    0,
    0,
    1,
    0,
    0,
    0,
    0,
    0,
    0,
    0,
    0,
    0,
    0,
    0,
    0,
    0,
    0,
    0,
    0,
    0,
    0,
    0,
    0,
    0,
    0,
    0,
    0,
    0,
    0,
    0,
    0,
    0,
    0,
    0,
    0,
    0,
    0,
    0,
    0,
    0,
    0,
    0,
    0,
    0,
    0,
    0,
    0,
    0,
    0,
    0,
    0,
    0,
    0,
    0,
    0,
    0,
    0,
    0,
    0,
    0,
    0,
    0,
    0,
    0,
    0,
    0,
    0,
    0,
    0,
    2,
    0,
    0,
    0,
    0,
    0,
    0,
    0,
    0,
    0,
    0,
    0,
    0,
    0,
    0,
    0,
    0,
    0,
    0,
    0,
    0,
    0,
    0,
    0,
    0,
    0,
    0,
    0,
    0,
    0,
    0,
    0,
    1,
    0,
    0,
    1,
    2,
    2,
    2,
    0,
    0,
    0,
    0,
    0,
    0,
    0,
    0,
    0,
    0,
    0,
    0,
    0,
    0,
    0,
    0,
    0,
    0,
    0,
    0,
    0,
    0,
    0,
    0,
    0,
    0,
    0,
    0,
    1,
    0,
    0,
    0,
    0,
    0,
    0,
    0,
    0,
    0,
    0,
    0,
    0,
    0,
    0,
    0,
    0,
    0,
    0,
    0,
    0,
    0,
    0,
    0,
    0,
    0,
    0,
    0,
    0,
    0,
    0,
    0,
    0,
    0,
    0,
    0,
    0,
    0,
    0,
    0,
    0,
    0,
    0,
    0,
    0,
    0,
    0,
    0,
    0,
    0,
    0,
    0,
    0,
    0,
    0,
    0,
    0,
    0,
    0,
    0,
    0,
    0,
    0,
    0,
    0,
    0,
    0,
    0,
    0,
    0,
    0,
    0,
    0,
    0,
    0,
    0,
    0,
    0,
    0,
    0,
    0,
    0,
    0,
    0,
    0,
    0,
    1,
    0,
    0,
    0,
    0,
    0,
    0,
    0,
    0,
    0,
    0,
    0,
    0,
    0,
    0,
    0,
    0,
    0,
    0,
    0,
    0,
    0,
    0,
    0,
    0,
    0,
    0,
    0,
    0,
    0,
    0,
    0,
    0,
    0,
    0,
    0,
    0,
    0,
    0,
    0,
    0,
    0,
    0,
    0,
    0,
    0,
    0,
    0,
    0,
    0,
    0,
    0,
    0,
    0,
    0,
    0,
    0,
    0,
    0,
    0,
    0,
    0,
    0,
    0,
    0,
    0,
    0,
    0,
    0,
    0,
    0,
    0,
    1,
    0,
    0,
    0,
    0,
    0,
    0,
    0,
    0,
    0,
    0,
    0,
    0,
    0,
    0,
    0,
    0,
    0,
    0,
    0,
    0,
    0,
    0,
    0,
    0,
    0,
    0,
    0,
    0,
    0,
    0,
    0,
    0,
    0,
    0,
    0,
    0,
    0,
    0,
    0,
    0,
    0,
    0,
    0,
    0,
    0,
    0,
    0,
    0,
    0,
    0,
    0,
    0,
    0,
    0,
    0,
    0,
    0,
    0,
    0,
    0,
    0,
    1,
    1,
    0,
    0,
    0,
    0,
    0,
    0,
    0,
    0,
    0,
    0,
    0,
    0,
    0,
    0,
    0,
    0,
    0,
    0,
    0,
    0,
    0,
    0,
    0,
    0,
    0,
    0,
    0,
    0,
    0,
    0,
    0,
    0,
    0,
    0,
    0,
    0,
    0,
    0,
    0,
    0,
    0,
    0,
    0,
    0,
    0,
    0,
    0,
    0,
    0,
    0,
    0,
    0,
    0,
    0,
    0,
    1,
    0,
    0,
    0,
    0,
    0,
    0,
    0,
    0,
    0,
    0,
    0,
    0,
    0,
    0,
    0,
    0,
    0,
    0,
    0,
    0,
    0,
    0,
    0,
    0,
    0,
    0,
    0,
    0,
    0,
    0,
    0,
    0,
    0,
    0,
    0,
    0,
    0,
    0,
    0,
    0,
    0,
    0,
    0,
    0,
    0,
    2,
    0,
    0,
    0,
    0,
    0,
    0,
    0,
    0,
    0,
    0,
    0,
    0,
    0,
    0,
    0,
    0,
    0,
    0,
    0,
    0,
    0,
    0,
    0,
    0,
    0,
    0,
    0,
    0,
    0,
    0,
    0,
    0,
    0,
    0,
    1,
    0,
    0,
    0,
    0,
    0,
    0,
    0,
    0,
    0,
    0,
    0,
    0,
    0,
    0,
    0,
    0,
    0,
    0,
    0,
    0,
    1,
    0,
    0,
    0,
    0,
    0,
    0,
    0,
    0,
    0,
    0,
    0,
    0,
    0,
    0,
    0,
    0,
    0,
    0,
    0,
    0,
    0,
    0,
    0,
    0,
    0,
    0,
    0,
    0,
    0,
    0,
    0,
    0,
    0,
    0,
    0,
    0,
    0,
    0,
    0,
    0,
    0,
    0,
    0,
    0,
    0,
    0,
    0,
    0,
    0,
    0,
    0,
    0,
    0,
    0,
    0,
    0,
    0,
    0,
    0,
    0,
    0,
    0,
    0,
    0,
    0,
    0,
    0,
    0,
    0,
    0,
    0,
    0,
    0,
    0,
    0,
    0,
    0,
    0,
    0,
    0,
    0,
    0,
    0,
    0,
    0,
    0,
    0,
    0,
    0,
    0,
    0,
    0,
    0,
    0,
    0,
    0,
    0,
    0,
    0,
    0,
    0,
    0,
    0,
    0,
    0,
    0,
    0,
    0,
    0,
    0,
    0,
    0,
    0,
    0,
    0,
    0,
    0,
    0,
    0,
    0,
    0,
    0,
    0,
    0,
    0,
    0,
    0,
    0,
    0,
    0,
    0,
    0,
    0,
    0,
    0,
    0,
    0,
    0,
    0,
    0,
    0,
    0,
    0,
    0,
    0,
    0,
    0,
    0,
    0,
    0,
    0,
    0,
    0,
    0,
    0,
    0,
    0,
    0,
    0,
    0,
    0,
    0,
    0,
    0,
    0,
    0,
    0,
    0,
    0,
    0,
    0,
    0,
    0,
    0,
    0,
    0,
    0,
    0,
    0,
    0,
    0,
    0,
    0,
    0,
    0,
    0,
    0,
    0,
    0,
    0,
    0,
    0,
    0,
    0,
    0,
    0,
    0,
    0,
    0,
    0,
    0,
    0,
    0,
    0,
    0,
    0,
    0,
    0,
    0,
    0,
    0,
    0,
    0,
    0,
    0,
    0,
    0,
    0,
    0,
    0,
    0,
    0,
    0,
    0,
    0,
    0,
    0,
    0,
    0,
    0,
    0,
    0,
    0,
    0,
    1,
    1,
    0,
    0,
    0,
    0,
    0,
    0,
    0,
    0,
    0,
    0,
    0,
    0,
    0,
    0,
    0,
    0,
    1,
    0,
    2,
    0,
    0,
    0,
    0,
    0,
    0,
    0,
    0,
    0,
    0,
    0,
    0,
    0,
    0,
    0,
    0,
    0,
    0,
    0,
    0,
    0,
    0,
    1,
    0,
    0,
    0,
    0,
    0,
    0,
    0,
    0,
    0,
    0,
    2,
    0,
    0,
    0,
    0,
    0,
    0,
    0,
    0,
    0,
    0,
    0,
    0,
    0,
    0,
    0,
    0,
    0,
    0,
    0,
    0,
    0,
    0,
    0,
    0,
    0,
    0,
    0,
    0,
    0,
    0,
    0,
    1,
    0,
    0,
    0,
    0,
    0,
    0,
    0,
    1,
    0,
    0,
    0,
    0,
    0,
    0,
    0,
    0,
    0,
    0,
    0,
    0,
    0,
    1,
    0,
    0,
    0,
    0,
    0,
    0,
    0,
    0,
    0,
    0,
    0,
    0,
    0,
    0,
    0,
    0,
    0,
    0,
    0,
    0,
    0,
    1,
    0,
    0,
    0,
    0,
    0,
    0,
    0,
    0,
    0,
    0,
    0,
    0,
    0,
    0,
    0,
    0,
    0,
    0,
    0,
    0,
    0,
    0,
    0,
    0,
    0,
    0,
    0,
    0,
    0,
    0,
    0,
    0,
    0,
    0,
    0,
    0,
    0,
    0,
    0,
    0,
    0,
    0,
    0,
    0,
    0,
    0,
    0,
    0,
    0,
    0,
    0,
    0,
    0,
    0,
    0,
    0,
    0,
    0,
    0,
    0,
    0,
    0,
    0,
    0,
    0,
    0,
    0,
    0,
    0,
    0,
    0,
    0,
    0,
    0,
    0,
    0,
    0,
    0,
    0,
    0,
    0,
    0,
    0,
    0,
    0,
    0,
    0,
    0,
    0,
    0,
    0,
    0,
    0,
    0,
    0,
    0,
    0,
    0,
    0,
    0,
    0,
    0,
    0,
    0,
    0,
    0,
    0,
    0,
    0,
    0,
    0,
    0,
    0,
    0,
    0,
    0,
    0,
    0,
    0,
    0,
    0,
    0,
    0,
    0,
    0,
    0,
    0,
    0,
    0,
    0,
    0,
    0,
    0,
    0,
    0,
    0,
    0,
    0,
    0,
    0,
    0,
    0,
    0,
    0,
    0,
    0,
    0,
    0,
    0,
    0,
    0,
    0,
    0,
    0,
    0,
    0,
    0,
    0,
    0,
    0,
    0,
    0,
    0,
    0,
    0,
    0,
    0,
    0,
    0,
    0,
    0,
    0,
    0,
    0,
    0,
    0,
    0,
    0,
    0,
    0,
    0,
    0,
    0,
    0,
    0,
    0,
    0,
    0,
    0,
    0,
    0,
    0,
    0,
    0,
    0,
    0,
    0,
    0,
    1,
    0,
    0,
    0,
    0,
    0,
    0,
    0,
    0,
    0,
    0,
    0,
    0,
    0,
    0,
    0,
    0,
    0,
    0,
    0,
    0,
    0,
    0,
    0,
    0,
    0,
    0,
    0,
    0,
    0,
    0,
    0,
    0,
    0,
    0,
    0,
    0,
    0,
    0,
    0,
    0,
    0,
    0,
    0,
    0,
    0,
    0,
    0,
    0,
    0,
    0,
    0,
    0,
    0,
    0,
    0,
    0,
    0,
    0,
    0,
    0,
    0,
    0,
    0,
    0,
    0,
    0,
    0,
    0,
    0,
    0,
    0,
    0,
    0,
    0,
    0,
    0,
    0,
    0,
    0,
    0,
    0,
    0,
    0,
    0,
    0,
    0,
    0,
    0,
    0,
    0,
    0,
    0,
    0,
    0,
    0,
    0,
    0,
    0,
    0,
    0,
    0,
    0,
    0,
    0,
    0,
    0,
    0,
    0,
    0,
    0,
    0,
    0,
    0,
    0,
    0,
    0,
    0,
    0,
    0,
    0,
    0,
    0,
    0,
    0,
    0,
    0,
    0,
    0,
    0,
    0,
    0,
    0,
    0,
    0,
    0,
    0,
    0,
    0,
    0,
    0,
    0,
    0,
    0,
    0,
    0,
    0,
    0,
    0,
    0,
    0,
    0,
    2,
    0,
    0,
    0,
    0,
    0,
    2,
    0,
    0,
    0,
    0,
    0,
    0,
    0,
    0,
    0,
    0,
    0,
    0,
    0,
    0,
    0,
    0,
    0,
    0,
    0,
    0,
    0,
    0,
    0,
    0,
    0,
    0,
    0,
    0,
    0,
    0,
    0,
    0,
    0,
    0,
    0,
    0,
    0,
    0,
    0,
    0,
    0,
    0,
    0,
    0,
    0,
    0,
    0,
    0,
    0,
    0,
    0,
    0,
    0,
    0,
    0,
    0,
    0,
    0,
    0,
    0,
    0,
    0,
    0,
    0,
    0,
    0,
    0,
    0,
    0,
    0,
    0,
    0,
    0,
    0,
    0,
    0,
    0,
    0,
    0,
    0,
    0,
    0,
    0,
    0,
    0,
    0,
    0,
    0,
    0,
    0,
    0,
    0,
    0,
    0,
    0,
    0,
    0,
    0,
    0,
    0,
    0,
    0,
    0,
    0,
    0,
    0,
    0,
    0,
    0,
    0,
    0,
    0,
    0,
    0,
    0,
    0,
    0,
    0,
    0,
    0,
    0,
    0,
    0,
    0,
    0,
    0,
    0,
    0,
    0,
    0,
    0,
    0,
    0,
    0,
    0,
    0,
    0,
    0,
    0,
    0,
    0,
    0,
    0,
    0,
    0,
    0,
    0,
    0,
    0,
    1,
    0,
    0,
    0,
    0,
    0,
    0,
    0,
    0,
    0,
    0,
    0,
    0,
    0,
    0,
    0,
    0,
    0,
    0,
    0,
    0,
    0,
    0,
    0,
    0,
    0,
    0,
    0,
    0,
    0,
    0,
    0,
    0,
    0,
    0,
    0,
    0,
    0,
    0,
    0,
    0,
    0,
    0,
    0,
    0,
    0,
    0,
    0,
    0,
    0,
    0,
    0,
    0,
    0,
    0,
    0,
    0,
    0,
    0,
    0,
    0,
    0,
    0,
    0,
    0,
    0,
    0,
    0,
    0,
    0,
    0,
    0,
    0,
    0,
    0,
    0,
    0,
    0,
    0,
    0,
    0,
    2,
    0,
    0,
    0,
    0,
    0,
    0,
    0,
    0,
    0,
    0,
    0,
    0,
    0,
    0,
    0,
    0,
    0,
    0,
    0,
    0,
    0,
    0,
    0,
    0,
    0,
    0,
    0,
    0,
    0,
    0,
    0,
    0,
    0,
    0,
    0,
    0,
    0,
    0,
    0,
    0,
    0,
    0,
    0,
    0,
    0,
    0,
    0,
    0,
    0,
    0,
    0,
    0,
    0,
    1,
    0,
    0,
    0,
    0,
    0,
    0,
    0,
    0,
    0,
    0,
    0,
    0,
    0,
    0,
    0,
    0,
    0,
    0,
    0,
    0,
    0,
    0,
    0,
    0,
    0,
    0,
    0,
    0,
    0,
    0,
    0,
    0,
    0,
    0,
    0,
    0,
    0,
    0,
    0,
    0,
    0,
    0,
    0,
    0,
    0,
    0,
    0,
    0,
    0,
    0,
    0,
    0,
    0,
    0,
    0,
    0,
    0,
    0,
    0,
    0,
    0,
    0,
    0,
    0,
    0,
    0,
    0,
    0,
    0,
    0,
    0,
    0,
    0,
    0,
    0,
    0,
    0,
    0,
    0,
    0,
    0,
    0,
    0,
    0,
    0,
    0,
    0,
    0,
    0,
    0,
    0,
    0,
    0,
    0,
    0,
    0,
    0,
    0,
    0,
    0,
    0,
    0,
    0,
    0,
    0,
    0,
    0,
    0,
    0,
    0,
    0,
    0,
    0,
    0,
    0,
    0,
    0,
    0,
    0,
    0,
    0,
    0,
    0,
    0,
    0,
    0,
    0,
    0,
    0,
    0,
    0,
    0,
    0,
    0,
    0,
    0,
    0,
    0,
    0,
    0,
    0,
    0,
    0,
    0,
    0,
    0,
    0,
    0,
    0,
    0,
    0,
    0,
    0,
    0,
    0,
    0,
    0,
    0,
    0,
    0,
    0,
    0,
    0,
    0,
    0,
    0,
    0,
    0,
    0,
    0,
    0,
    0,
    0,
    0,
    0,
    0,
    0,
    0,
    0,
    1,
    0,
    0,
    0,
    0,
    0,
    0,
    0,
    0,
    0,
    0,
    0,
    0,
    0,
    0,
    0,
    0,
    0,
    0,
    0,
    0,
    0,
    0,
    0,
    0,
    0,
    0,
    0,
    0,
    0,
    0,
    0,
    0,
    0,
    0,
    0,
    0,
    0,
    0,
    0,
    0,
    0,
    0,
    0,
    0,
    0,
    0,
    3,
    0,
    0,
    0,
    0,
    0,
    0,
    0,
    0,
    0,
    0,
    0,
    0,
    0,
    0,
    0,
    0,
    0,
    0,
    0,
    0,
    0,
    0,
    0,
    0,
    0,
    0,
    2,
    0,
    0,
    0,
    0,
    0,
    1,
    0,
    0,
    0,
    0,
    0,
    0,
    0,
    0,
    0,
    0,
    0,
    0,
    0,
    0,
    0,
    0,
    0,
    0,
    0,
    0,
    1,
    0,
    0,
    0,
    0,
    0,
    0,
    0,
    0,
    0,
    0,
    0,
    0,
    0,
    0,
    0,
    0,
    0,
    0,
    0,
    0,
    0,
    0,
    0,
    0,
    0,
    0,
    0,
    0,
    0,
    0,
    0,
    1,
    0,
    0,
    0,
    0,
    0,
    0,
    0,
    0,
    0,
    0,
    0,
    0,
    0,
    0,
    0,
    0,
    0,
    0,
    0,
    0,
    0,
    0,
    0,
    0,
    0,
    0,
    0,
    0,
    0,
    0,
    0,
    0,
    0,
    0,
    0,
    0,
    0,
    0,
    0,
    0,
    0,
    0,
    0,
    0,
    0,
    0,
    0,
    0,
    0,
    0,
    0,
    0,
    0,
    0,
    0,
    0,
    0,
    2,
    0,
    2,
    0,
    0,
    0,
    0,
    0,
    0,
    0,
    0,
    0,
    0,
    0,
    0,
    0,
    0,
    0,
    0,
    0,
    0,
    0,
    0,
    0,
    0,
    0,
    0,
    0,
    0,
    0,
    0,
    0,
    0,
    0,
    0,
    0,
    0,
    0,
    0,
    0,
    0,
    0,
    0,
    0,
    0,
    0,
    0,
    0,
    0,
    0,
    0,
    0,
    0,
    0,
    0,
    0,
    0,
    0,
    0,
    0,
    0,
    0,
    0,
    0,
    0,
    0,
    0,
    0,
    0,
    0,
    0,
    0,
    0,
    0,
    0,
    0,
    0,
    0,
    0,
    0,
    0,
    0,
    0,
    0,
    0,
    0,
    0,
    0,
    0,
    0,
    0,
    0,
    0,
    0,
    0,
    0,
    0,
    1,
    0,
    0,
    0,
    0,
    0,
    0,
    0,
    0,
    0,
    0,
    0,
    0,
    0,
    0,
    0,
    0,
    0,
    0,
    0,
    0,
    0,
    0,
    0,
    0,
    0,
    0,
    0,
    0,
    0,
    0,
    0,
    0,
    0,
    0,
    0,
    0,
    0,
    0,
    0,
    0,
    0,
    0,
    0,
    0,
    0,
    0,
    0,
    0,
    0,
    0,
    0,
    0,
    0,
    0,
    0,
    0,
    0,
    0,
    0,
    0,
    0,
    0,
    0,
    0,
    0,
    0,
    0,
    0,
    0,
    0,
    0,
    0,
    0,
    0,
    0,
    0,
    0,
    0,
    0,
    0,
    0,
    0,
    0,
    0,
    0,
    0,
    0,
    0,
    0,
    0,
    0,
    0,
    0,
    0,
    0,
    0,
    0,
    0,
    0,
    0,
    0,
    0,
    0,
    0,
    0,
    0,
    0,
    0,
    0,
    0,
    0,
    0,
    0,
    0,
    0,
    0,
    0,
    0,
    0,
    0,
    0,
    0,
    0,
    0,
    0,
    0,
    0,
    0,
    0,
    0,
    0,
    0,
    0,
    0,
    0,
    0,
    0,
    0,
    0,
    0,
    1,
    0,
    0,
    0,
    0,
    0,
    0,
    0,
    0,
    0,
    0,
    0,
    0,
    0,
    0,
    0,
    0,
    0,
    0,
    0,
    0,
    0,
    0,
    0,
    0,
    0,
    0,
    0,
    0,
    0,
    0,
    0,
    0,
    0,
    0,
    0,
    0,
    0,
    0,
    0,
    0,
    0,
    0,
    0,
    0,
    0,
    0,
    0,
    0,
    0,
    0,
    0,
    0,
    0,
    0,
    0,
    0,
    0,
    1,
    0,
    0,
    0,
    0,
    0,
    0,
    0,
    0,
    0,
    0,
    0,
    0,
    0,
    0,
    0,
    0,
    0,
    0,
    0,
    0,
    0,
    0,
    0,
    0,
    0,
    0,
    0,
    0,
    0,
    0,
    0,
    0,
    0,
    0,
    0,
    0,
    0,
    0,
    0,
    0,
    0,
    0,
    0,
    0,
    0,
    0,
    0,
    0,
    0,
    0,
    0,
    0,
    0,
    0,
    0,
    0,
    0,
    0,
    0,
    0,
    0,
    0,
    0,
    0,
    0,
    0,
    0,
    0
  ],
  "pressure_subdivision_wall_ms": {
    "grid_query_distance": 1.1872116010636091,
    "query_weights_gram": 4.789097998291254,
    "small_closed_form_solve": 0.05323734134435654
  },
  "grid_samples_visited": [
    287,
    365,
    343,
    274,
    196,
    323,
    358,
    257,
    342,
    316,
    196,
    219,
    287,
    333,
    268,
    366,
    219,
    268,
    196,
    0,
    565,
    537,
    539,
    530,
    477,
    579,
    170,
    196,
    196,
    270,
    431,
    481,
    397,
    229,
    196,
    472,
    477,
    409,
    170,
    170,
    170,
    342,
    358,
    205,
    181,
    224,
    257,
    283,
    241,
    164,
    166,
    225,
    299,
    164,
    355,
    274,
    342,
    287,
    383,
    366,
    219,
    268,
    343,
    257,
    268,
    316,
    343,
    418,
    315,
    323,
    287,
    365,
    408,
    315,
    196,
    323,
    386,
    442,
    362,
    475,
    657,
    362,
    412,
    362,
    362,
    488,
    539,
    413,
    362,
    442,
    170,
    219,
    196,
    257,
    350,
    270,
    416,
    418,
    453,
    446,
    350,
    407,
    270,
    170,
    170,
    178,
    165,
    342,
    333,
    234,
    213,
    196,
    196,
    257,
    316,
    236,
    219,
    333,
    196,
    230,
    342,
    227,
    260,
    366,
    219,
    196,
    257,
    350,
    274,
    342,
    196,
    287,
    333,
    366,
    412,
    412,
    268,
    420,
    408,
    446,
    477,
    268,
    377,
    426,
    412,
    314,
    268,
    408,
    346,
    363,
    268,
    316,
    424,
    645,
    539,
    504,
    362,
    442,
    170,
    196,
    196,
    170,
    170,
    170,
    180,
    333,
    162,
    198,
    155,
    365,
    268,
    196,
    316,
    323,
    138,
    321,
    257,
    316,
    219,
    196,
    196,
    196,
    196,
    196,
    358,
    257,
    342,
    316,
    196,
    219,
    287,
    333,
    268,
    366,
    219,
    196,
    257,
    196,
    625,
    442,
    644,
    362,
    170,
    257,
    316,
    268,
    219,
    333,
    196,
    170,
    219,
    196,
    343,
    257,
    196,
    316,
    170,
    170,
    170,
    205,
    323,
    196,
    145,
    198,
    374,
    292,
    219,
    196,
    196,
    343,
    343,
    257,
    196,
    316,
    219,
    196,
    148,
    162,
    196,
    196,
    219,
    196,
    257,
    196,
    431,
    481,
    537,
    480,
    539,
    472,
    477,
    509,
    358,
    257,
    342,
    316,
    196,
    219,
    287,
    333,
    268,
    366,
    270,
    412,
    268,
    268,
    392,
    343,
    413,
    268,
    316,
    170,
    196,
    196,
    424,
    362,
    170,
    170,
    342,
    196,
    289,
    235,
    273,
    178,
    351,
    316,
    236,
    366,
    257,
    316,
    164,
    219,
    333,
    164,
    227,
    290,
    270,
    230,
    323,
    230,
    342,
    227,
    260,
    290,
    274,
    372,
    342,
    196,
    196,
    287,
    333,
    366,
    343,
    418,
    408,
    315,
    196,
    323,
    213,
    358,
    372,
    418,
    342,
    196,
    196,
    287,
    333,
    366,
    412,
    362,
    413,
    442,
    170,
    358,
    342,
    335,
    477,
    409,
    170,
    358,
    342,
    335,
    477,
    409,
    170,
    170,
    170,
    310,
    198,
    235,
    205,
    159,
    224,
    342,
    227,
    0,
    290,
    219,
    287,
    196,
    362,
    343,
    230,
    257,
    196,
    323,
    316,
    257,
    316,
    268,
    219,
    333,
    196,
    208,
    219,
    285,
    231,
    138,
    164,
    357,
    362,
    343,
    230,
    257,
    196,
    323,
    316,
    386,
    350,
    284,
    268,
    227,
    290,
    230,
    323,
    196,
    196,
    170,
    257,
    196,
    219,
    196,
    170,
    257,
    350,
    219,
    196,
    424,
    270,
    170,
    281,
    196,
    196,
    227,
    362,
    309,
    230,
    196,
    296,
    358,
    316,
    196,
    114,
    342,
    173,
    260,
    290,
    196,
    196,
    196,
    219,
    196,
    257,
    196,
    431,
    342,
    472,
    409,
    219,
    196,
    196,
    196,
    412,
    539,
    413,
    362,
    442,
    424,
    347,
    645,
    623,
    314,
    362,
    609,
    595,
    527,
    577,
    623,
    539,
    558,
    571,
    170,
    196,
    196,
    170,
    170,
    270,
    198,
    300,
    170,
    137,
    201,
    300,
    170,
    287,
    362,
    343,
    230,
    196,
    323,
    219,
    287,
    196,
    365,
    343,
    274,
    257,
    196,
    323,
    316,
    196,
    196,
    358,
    342,
    196,
    287,
    383,
    366,
    196,
    196,
    412,
    268,
    413,
    350,
    270,
    343,
    418,
    453,
    446,
    353,
    170,
    287,
    365,
    346,
    315,
    196,
    377,
    170,
    270,
    170,
    180,
    198,
    155,
    342,
    178,
    219,
    138,
    164,
    296,
    343,
    257,
    164,
    316,
    257,
    316,
    164,
    219,
    333,
    196,
    219,
    196,
    257,
    268,
    316,
    219,
    229,
    196,
    343,
    343,
    257,
    196,
    316,
    257,
    316,
    268,
    219,
    333,
    196,
    358,
    257,
    397,
    316,
    268,
    219,
    287,
    333,
    268,
    366,
    170,
    257,
    350,
    219,
    196,
    424,
    625,
    539,
    539,
    170,
    196,
    196,
    170,
    170,
    180,
    333,
    162,
    333,
    198,
    137,
    287,
    362,
    343,
    230,
    196,
    323,
    219,
    196,
    196,
    257,
    196,
    219,
    196,
    274,
    257,
    342,
    316,
    196,
    219,
    287,
    333,
    196,
    366,
    287,
    365,
    346,
    315,
    196,
    323,
    358,
    342,
    335,
    477,
    409,
    343,
    418,
    409,
    315,
    323,
    170,
    257,
    350,
    219,
    196,
    170,
    257,
    350,
    219,
    196,
    170,
    270,
    270,
    323,
    127,
    198,
    325,
    342,
    164,
    196,
    196,
    230,
    342,
    227,
    260,
    290,
    274,
    342,
    287,
    299,
    366,
    219,
    196,
    196,
    257,
    350,
    219,
    196,
    257,
    316,
    236,
    219,
    333,
    196,
    539,
    539,
    170,
    358,
    257,
    342,
    316,
    196,
    219,
    287,
    333,
    268,
    366,
    170,
    219,
    196,
    257,
    196,
    170,
    170,
    170,
    336,
    234,
    342,
    188,
    196,
    219,
    196,
    343,
    257,
    164,
    316,
    181,
    224,
    287,
    287,
    342,
    196,
    196,
    287,
    260,
    366,
    219,
    196,
    257,
    350,
    219,
    196,
    257,
    236,
    316,
    287,
    365,
    312,
    274,
    196,
    323,
    196,
    196,
    170,
    257,
    316,
    268,
    219,
    333,
    268,
    270,
    556,
    523,
    453,
    494,
    442,
    570,
    270,
    170,
    170,
    213,
    342,
    196,
    180,
    257,
    316,
    196,
    219,
    333,
    196,
    330,
    225,
    287,
    230,
    323,
    219,
    196,
    196,
    196,
    196,
    219,
    268,
    413,
    350,
    274,
    342,
    196,
    287,
    333,
    366,
    375,
    301,
    431,
    415,
    492,
    537,
    537,
    522,
    362,
    530,
    530,
    570,
    362,
    579,
    424,
    431,
    535,
    635,
    480,
    539,
    643,
    477,
    579,
    270,
    565,
    558,
    537,
    522,
    362,
    530,
    530,
    570,
    362,
    579,
    170,
    270,
    170,
    201,
    333,
    239,
    351,
    342,
    351,
    357,
    196,
    236,
    145,
    287,
    362,
    343,
    196,
    323,
    257,
    196,
    219,
    196,
    227,
    287,
    230,
    323,
    219,
    196,
    257,
    196,
    196,
    196,
    274,
    257,
    342,
    316,
    196,
    219,
    287,
    333,
    196,
    366,
    196,
    196,
    0,
    362,
    362,
    211,
    343,
    418,
    408,
    315,
    196,
    323,
    270,
    416,
    523,
    453,
    494,
    442,
    570,
    270,
    270,
    170,
    180,
    196,
    477,
    316,
    304,
    173,
    108,
    196,
    117,
    162,
    257,
    196,
    196,
    227,
    287,
    267,
    230,
    323,
    257,
    196,
    196,
    219,
    196,
    257,
    164,
    316,
    331,
    268,
    346,
    363,
    268,
    316,
    196,
    196,
    270,
    504,
    442,
    530,
    362,
    170,
    257,
    350,
    196,
    170,
    270,
    170,
    165,
    297,
    155,
    213,
    323,
    230,
    257,
    296,
    316,
    196,
    219,
    287,
    333,
    164,
    366,
    257,
    316,
    164,
    219,
    333,
    196,
    257,
    350,
    219,
    196,
    219,
    196,
    257,
    236,
    316,
    287,
    365,
    408,
    315,
    268,
    377,
    219,
    196,
    413,
    350,
    170,
    287,
    365,
    346,
    315,
    196,
    323,
    270,
    412,
    268,
    413,
    350,
    170,
    170,
    170,
    196,
    233,
    342,
    117,
    316,
    164,
    166,
    299,
    164,
    188,
    196,
    196,
    219,
    196,
    257,
    196,
    219,
    285,
    164,
    362,
    343,
    230,
    257,
    196,
    323,
    316,
    285,
    362,
    309,
    230,
    196,
    323,
    196,
    196,
    287,
    365,
    312,
    274,
    196,
    323,
    170,
    274,
    342,
    335,
    433,
    409,
    424,
    625,
    442,
    644,
    539,
    170,
    170,
    170,
    175,
    233,
    208,
    356,
    114,
    288,
    173,
    260,
    279,
    257,
    196,
    219,
    196,
    331,
    257,
    308,
    316,
    268,
    219,
    333,
    268,
    227,
    287,
    267,
    230,
    323,
    227,
    290,
    270,
    230,
    323,
    412,
    362,
    413,
    442,
    170,
    412,
    314,
    268,
    392,
    343,
    363,
    268,
    316,
    270,
    412,
    469,
    362,
    595,
    527,
    494,
    477,
    362,
    558,
    515,
    170,
    287,
    365,
    408,
    323,
    270,
    170,
    333,
    449,
    233,
    155,
    198,
    145,
    233,
    314,
    365,
    343,
    195,
    196,
    330,
    351,
    323,
    342,
    321,
    257,
    196,
    196,
    219,
    196,
    257,
    196,
    196,
    196,
    219,
    196,
    257,
    236,
    350,
    314,
    314,
    219,
    287,
    268,
    365,
    346,
    257,
    196,
    377,
    316,
    213,
    431,
    331,
    257,
    424,
    308,
    397,
    316,
    196,
    219,
    287,
    333,
    268,
    366,
    170,
    257,
    316,
    268,
    219,
    333,
    268,
    424,
    625,
    442,
    539,
    170,
    170,
    170,
    323,
    198,
    165,
    199,
    196,
    196,
    196,
    196,
    257,
    316,
    164,
    219,
    333,
    196,
    219,
    196,
    295,
    196,
    219,
    287,
    268,
    365,
    346,
    315,
    257,
    196,
    377,
    316,
    219,
    196,
    196,
    196,
    287,
    365,
    346,
    315,
    196,
    323,
    170,
    257,
    350,
    219,
    196,
    170,
    274,
    342,
    335,
    383,
    409,
    170,
    170,
    170,
    333,
    165,
    181,
    301,
    253,
    273,
    257,
    316,
    236,
    219,
    333,
    196,
    257,
    316,
    268,
    219,
    333,
    268,
    287,
    365,
    343,
    274,
    196,
    323,
    358,
    342,
    342,
    287,
    477,
    366,
    257,
    316,
    236,
    219,
    196,
    412,
    314,
    362,
    533,
    612,
    623,
    362,
    571,
    424,
    625,
    442,
    362,
    644,
    539,
    270,
    362,
    362,
    270,
    170,
    270,
    196,
    199,
    438,
    159,
    219,
    257,
    196,
    196,
    274,
    418,
    342,
    196,
    196,
    287,
    333,
    366,
    219,
    196,
    257,
    162,
    257,
    196,
    196,
    219,
    196,
    257,
    350,
    358,
    342,
    472,
    477,
    409,
    270,
    386,
    350,
    268,
    475,
    409,
    268,
    270,
    268,
    196,
    270,
    270,
    270,
    234,
    196,
    174,
    299,
    257,
    196,
    196,
    196,
    196,
    230,
    296,
    342,
    196,
    196,
    287,
    260,
    366,
    257,
    196,
    196,
    219,
    196,
    295,
    268,
    350,
    343,
    418,
    408,
    315,
    323,
    0,
    219,
    196,
    196,
    392,
    343,
    257,
    268,
    316,
    270,
    386,
    522,
    362,
    475,
    570,
    362,
    270,
    431,
    481,
    537,
    395,
    442,
    472,
    477,
    509,
    170,
    170,
    170,
    180,
    165,
    198,
    198,
    219,
    285,
    164,
    362,
    309,
    230,
    257,
    196,
    296,
    316,
    257,
    196,
    219,
    196,
    274,
    342,
    335,
    433,
    409,
    257,
    316,
    268,
    219,
    333,
    268,
    287,
    365,
    309,
    274,
    196,
    323,
    412,
    362,
    413,
    442,
    416,
    523,
    453,
    494,
    570,
    424,
    347,
    556,
    386,
    314,
    362,
    527,
    527,
    623,
    362,
    571,
    170,
    257,
    196,
    219,
    196,
    170,
    270,
    170,
    292,
    281,
    401,
    196,
    236,
    308,
    323,
    350,
    208,
    0,
    219,
    287,
    196,
    196,
    357,
    362,
    343,
    343,
    343,
    196,
    323,
    316,
    283,
    343,
    274,
    323,
    257,
    316,
    236,
    219,
    333,
    196,
    287,
    365,
    364,
    315,
    323,
    196,
    196,
    219,
    196,
    257,
    164,
    316,
    556,
    523,
    453,
    577,
    442,
    570,
    270,
    362,
    362,
    346,
    625,
    577,
    362,
    644,
    657,
    362,
    270,
    170,
    170,
    289,
    333,
    234,
    342,
    316,
    257,
    162,
    219,
    196,
    257,
    196,
    196,
    257,
    316,
    196,
    219,
    333,
    196,
    302,
    412,
    339,
    314,
    268,
    346,
    363,
    268,
    426,
    287,
    365,
    270,
    274,
    323,
    358,
    372,
    342,
    196,
    196,
    287,
    333,
    366,
    270,
    386,
    442,
    530,
    362,
    424,
    645,
    539,
    504,
    362,
    442,
    270,
    170,
    170,
    289,
    198,
    290,
    208,
    343,
    198,
    127,
    534,
    257,
    162,
    219,
    196,
    257,
    347,
    196,
    219,
    196,
    343,
    257,
    164,
    316,
    219,
    196,
    257,
    196,
    358,
    342,
    335,
    409,
    196,
    196,
    270,
    431,
    481,
    537,
    480,
    539,
    472,
    477,
    509,
    424,
    623,
    595,
    453,
    577,
    539,
    570,
    270,
    268,
    170,
    170,
    196,
    358,
    181,
    237,
    0,
    219,
    196,
    257,
    316,
    257,
    316,
    268,
    219,
    333,
    196,
    257,
    196,
    196,
    358,
    342,
    196,
    287,
    333,
    366,
    343,
    418,
    453,
    446,
    353,
    431,
    342,
    472,
    477,
    409,
    556,
    523,
    453,
    577,
    442,
    570,
    270,
    268,
    316,
    424,
    556,
    539,
    413,
    442,
    170,
    270,
    170,
    333,
    233,
    196,
    333,
    201,
    285,
    362,
    309,
    230,
    196,
    323,
    196,
    196,
    196,
    196,
    268,
    268,
    196,
    196,
    358,
    257,
    397,
    316,
    268,
    219,
    287,
    333,
    268,
    366,
    362,
    362,
    170,
    257,
    316,
    236,
    219,
    196,
    170,
    196,
    196,
    270,
    170,
    170,
    198,
    297,
    236,
    315,
    323,
    281,
    196,
    196,
    219,
    196,
    343,
    257,
    164,
    316,
    230,
    342,
    196,
    287,
    333,
    366,
    227,
    290,
    270,
    230,
    323,
    252,
    412,
    359,
    314,
    268,
    417,
    365,
    346,
    446,
    363,
    268,
    377,
    426,
    219,
    196,
    196,
    196,
    287,
    365,
    312,
    274,
    323,
    170,
    283,
    343,
    315,
    323,
    270,
    268,
    268,
    424,
    270,
    170,
    205,
    323,
    196,
    342,
    188,
    196,
    240,
    287,
    365,
    270,
    274,
    323,
    219,
    196,
    343,
    257,
    196,
    316,
    257,
    316,
    164,
    219,
    333,
    196,
    287,
    365,
    364,
    315,
    323,
    257,
    196,
    196,
    219,
    196,
    257,
    350,
    170,
    219,
    196,
    257,
    350,
    170,
    219,
    268,
    343,
    257,
    196,
    316,
    170,
    170,
    170,
    196,
    343,
    287,
    0,
    233,
    180,
    219,
    196,
    117,
    162,
    257,
    316,
    196,
    219,
    333,
    196,
    287,
    365,
    408,
    315,
    323,
    358,
    257,
    397,
    316,
    268,
    284,
    417,
    383,
    268,
    366,
    431,
    257,
    397,
    316,
    268,
    219,
    287,
    333,
    268,
    366,
    257,
    196,
    219,
    196,
    170,
    257,
    196,
    196,
    270,
    359,
    365,
    408,
    446,
    196,
    407,
    270,
    412,
    362,
    454,
    477,
    362,
    515,
    270,
    270,
    170,
    343,
    365,
    323,
    201,
    196,
    196,
    196,
    196,
    257,
    162,
    219,
    196,
    257,
    162,
    219,
    196,
    219,
    196,
    257,
    350,
    219,
    196,
    257,
    196,
    268,
    268,
    170,
    358,
    342,
    335,
    433,
    409,
    170,
    257,
    196,
    196,
    170,
    170,
    270,
    336,
    170,
    347,
    112,
    165,
    299,
    198,
    299,
    164,
    196,
    196,
    196,
    196,
    343,
    418,
    315,
    323,
    219,
    285,
    164,
    362,
    309,
    230,
    257,
    196,
    296,
    316,
    358,
    397,
    196,
    472,
    477,
    409,
    358,
    342,
    335,
    477,
    409,
    219,
    196,
    196,
    270,
    412,
    316,
    413,
    314,
    395,
    170,
    219,
    196,
    257,
    196,
    270,
    170,
    170,
    196,
    166,
    256,
    323,
    300,
    230,
    296,
    342,
    196,
    196,
    287,
    260,
    366,
    287,
    365,
    312,
    274,
    196,
    323,
    230,
    342,
    196,
    287,
    299,
    366,
    257,
    350,
    219,
    196,
    287,
    365,
    343,
    315,
    196,
    323,
    219,
    196,
    257,
    236,
    316,
    170,
    219,
    287,
    196,
    365,
    343,
    315,
    257,
    196,
    323,
    316,
    329,
    556,
    523,
    494,
    570,
    170,
    170,
    170,
    198,
    145,
    165,
    188,
    257,
    316,
    164,
    219,
    333,
    164,
    219,
    196,
    257,
    268,
    316,
    358,
    257,
    397,
    316,
    196,
    219,
    287,
    333,
    268,
    366,
    230,
    372,
    342,
    196,
    196,
    287,
    299,
    366,
    343,
    418,
    315,
    323,
    556,
    623,
    362,
    595,
    453,
    494,
    477,
    362,
    558,
    515,
    270,
    412,
    268,
    413,
    350,
    270,
    362,
    362,
    270,
    170,
    270,
    137,
    333,
    258,
    287,
    365,
    343,
    274,
    196,
    323,
    333,
    219,
    285,
    164,
    362,
    309,
    164,
    296,
    316,
    257,
    196,
    196,
    196,
    196,
    219,
    196,
    257,
    350,
    219,
    287,
    196,
    236,
    362,
    343,
    257,
    196,
    323,
    350,
    316,
    219,
    196,
    257,
    350,
    257,
    350,
    219,
    196,
    0,
    343,
    418,
    315,
    323,
    424,
    565,
    635,
    493,
    477,
    584,
    270,
    556,
    362,
    454,
    527,
    362,
    571,
    270,
    270,
    170,
    196,
    343,
    145,
    208,
    234,
    300,
    0,
    274,
    257,
    342,
    316,
    196,
    219,
    287,
    333,
    164,
    366,
    196,
    196,
    287,
    365,
    309,
    274,
    196,
    323,
    219,
    196,
    257,
    350,
    274,
    257,
    342,
    316,
    196,
    219,
    287,
    333,
    196,
    366,
    219,
    196,
    343,
    257,
    268,
    316,
    412,
    268,
    413,
    350,
    170,
    358,
    342,
    472,
    477,
    409,
    170,
    252,
    219,
    267,
    314,
    268,
    343,
    343,
    257,
    196,
    316,
    170,
    170,
    170,
    233,
    205,
    323,
    208,
    181,
    159,
    257,
    316,
    196,
    219,
    196,
    343,
    257,
    196,
    316,
    219,
    196,
    257,
    196,
    331,
    196,
    413,
    350,
    219,
    287,
    164,
    362,
    343,
    230,
    257,
    196,
    323,
    316,
    219,
    196,
    257,
    236,
    316,
    625,
    539,
    539,
    424,
    645,
    623,
    362,
    595,
    527,
    577,
    623,
    362,
    558,
    515,
    270,
    331,
    268,
    343,
    363,
    268,
    316,
    170,
    170,
    170,
    196,
    343,
    310,
    137,
    283,
    219,
    196,
    196,
    343,
    343,
    257,
    196,
    316,
    257,
    162,
    219,
    196,
    230,
    342,
    227,
    290,
    257,
    316,
    196,
    219,
    333,
    196,
    268,
    268,
    219,
    196,
    196,
    392,
    343,
    257,
    268,
    316,
    170,
    219,
    196,
    257,
    350,
    424,
    625,
    442,
    644,
    539,
    170,
    270,
    211,
    289,
    346,
    290,
    333,
    198,
    333,
    196,
    196,
    219,
    196,
    148,
    164,
    162,
    219,
    196,
    257,
    164,
    316,
    257,
    350,
    196,
    287,
    365,
    408,
    315,
    196,
    323,
    196,
    196,
    270,
    362,
    362,
    270,
    362,
    362,
    170,
    268,
    270,
    270,
    342,
    268,
    364,
    130,
    196,
    420,
    315,
    477,
    287,
    365,
    312,
    274,
    196,
    323,
    219,
    196,
    117,
    162,
    219,
    196,
    257,
    196,
    257,
    196,
    196,
    331,
    350,
    284,
    268,
    268,
    268,
    358,
    342,
    335,
    477,
    409,
    170,
    257,
    350,
    196,
    270,
    412,
    362,
    413,
    362,
    442,
    270,
    170,
    170,
    281,
    333,
    205,
    285,
    362,
    267,
    174,
    196,
    296,
    0,
    196,
    196,
    219,
    196,
    257,
    196,
    196,
    196,
    257,
    316,
    268,
    219,
    333,
    268,
    274,
    257,
    342,
    196,
    287,
    333,
    366,
    556,
    623,
    362,
    595,
    454,
    494,
    527,
    362,
    558,
    515,
    274,
    342,
    196,
    287,
    333,
    366,
    270,
    268,
    268,
    170,
    219,
    196,
    257,
    196,
    170,
    170,
    170,
    506,
    0,
    0,
    383,
    0,
    0,
    205,
    301,
    227,
    287,
    267,
    230,
    323,
    227,
    290,
    322,
    230,
    323,
    287,
    362,
    267,
    230,
    196,
    323,
    431,
    342,
    350,
    472,
    477,
    409,
    196,
    196,
    287,
    365,
    408,
    315,
    196,
    323,
    170,
    219,
    196,
    196,
    343,
    343,
    257,
    196,
    316,
    170,
    196,
    196,
    170,
    170,
    170,
    342,
    297,
    289,
    213,
    289,
    159,
    225,
    287,
    230,
    323,
    219,
    196,
    196,
    219,
    196,
    413,
    350,
    219,
    196,
    257,
    196,
    257,
    350,
    284,
    196,
    386,
    442,
    362,
    475,
    584,
    362,
    170,
    219,
    196,
    257,
    236,
    316,
    424,
    625,
    539,
    539,
    270,
    270,
    270,
    234,
    198,
    223,
    323,
    196,
    196,
    165,
    198,
    224,
    283,
    196,
    225,
    260,
    355,
    257,
    162,
    219,
    333,
    196,
    257,
    162,
    219,
    196,
    219,
    196,
    257,
    236,
    316,
    257,
    316,
    196,
    219,
    333,
    196,
    219,
    196,
    196,
    345,
    343,
    257,
    164,
    316,
    625,
    442,
    530,
    362,
    0,
    219,
    196,
    295,
    350,
    170,
    196,
    196,
    170,
    331,
    196,
    413,
    350,
    170,
    270,
    198,
    333,
    198,
    208,
    230,
    257,
    296,
    316,
    196,
    219,
    287,
    333,
    164,
    366,
    219,
    196,
    196,
    392,
    343,
    257,
    268,
    316,
    343,
    418,
    315,
    323,
    358,
    342,
    335,
    477,
    409,
    196,
    196,
    257,
    196,
    219,
    196,
    219,
    196,
    295,
    350,
    424,
    539,
    539,
    270,
    412,
    362,
    413,
    442,
    170,
    170,
    170,
    198,
    198,
    324,
    180,
    162,
    196,
    257,
    316,
    196,
    219,
    333,
    196,
    219,
    196,
    196,
    343,
    343,
    257,
    196,
    316,
    196,
    196,
    196,
    358,
    257,
    397,
    316,
    196,
    219,
    287,
    333,
    268,
    366,
    196,
    196,
    295,
    350,
    284,
    268,
    170,
    196,
    196,
    270,
    431,
    558,
    453,
    479,
    316,
    475,
    475,
    477,
    314,
    513,
    170,
    170,
    270,
    234,
    330,
    198,
    213,
    208,
    166,
    0,
    274,
    342,
    227,
    290,
    219,
    196,
    257,
    236,
    316,
    196,
    196,
    219,
    287,
    268,
    365,
    343,
    315,
    257,
    196,
    377,
    316,
    358,
    342,
    335,
    477,
    409,
    412,
    314,
    413,
    314,
    395,
    170,
    257,
    316,
    219,
    196,
    170,
    219,
    196,
    295,
    350,
    270,
    170,
    170,
    307,
    343,
    0,
    356,
    355,
    273,
    0,
    160,
    224,
    287,
    296,
    342,
    164,
    196,
    287,
    299,
    355,
    219,
    196,
    196,
    345,
    343,
    257,
    268,
    316,
    219,
    196,
    196,
    345,
    343,
    257,
    268,
    316,
    343,
    418,
    315,
    323,
    257,
    316,
    268,
    219,
    333,
    196,
    219,
    196,
    196,
    170,
    257,
    196,
    196,
    270,
    412,
    362,
    413,
    442,
    346,
    362,
    270,
    170,
    534,
    252,
    201,
    180,
    227,
    321,
    343,
    236,
    196,
    287,
    316,
    323,
    219,
    287,
    164,
    362,
    196,
    323,
    316,
    219,
    196,
    196,
    224,
    257,
    283,
    316,
    164,
    219,
    279,
    299,
    164,
    355,
    196,
    196,
    196,
    196,
    219,
    196,
    257,
    196,
    257,
    196,
    268,
    0,
    257,
    316,
    196,
    219,
    333,
    196,
    170,
    343,
    418,
    315,
    323,
    424,
    539,
    504,
    539,
    270,
    170,
    170,
    0,
    201,
    196,
    199,
    165,
    296,
    338,
    164,
    366,
    366,
    285,
    362,
    309,
    230,
    196,
    323,
    135,
    196,
    257,
    162,
    196,
    196,
    196,
    230,
    257,
    296,
    316,
    196,
    219,
    287,
    333,
    164,
    366,
    287,
    365,
    343,
    274,
    196,
    323,
    386,
    442,
    530,
    362,
    219,
    196,
    343,
    257,
    268,
    316,
    270,
    431,
    537,
    362,
    530,
    477,
    579,
    424,
    347,
    412,
    386,
    314,
    362,
    453,
    527,
    527,
    362,
    571,
    270,
    270,
    170,
    196,
    343,
    235,
    342,
    308,
    351,
    316,
    236,
    366,
    159,
    316,
    333,
    196,
    274,
    342,
    287,
    433,
    366,
    257,
    316,
    219,
    196,
    196,
    196,
    257,
    196,
    196,
    257,
    316,
    268,
    219,
    333,
    196,
    331,
    268,
    343,
    413,
    268,
    350,
    211,
    431,
    342,
    472,
    477,
    409,
    424,
    645,
    539,
    504,
    362,
    442,
    424,
    170,
    170,
    310,
    323,
    166,
    128,
    323,
    240,
    173,
    231,
    357,
    0,
    343,
    287,
    365,
    364,
    315,
    323,
    287,
    365,
    343,
    315,
    196,
    323,
    219,
    196,
    196,
    196,
    219,
    196,
    257,
    196,
    196,
    196,
    219,
    196,
    343,
    257,
    196,
    316,
    270,
    412,
    469,
    362,
    511,
    408,
    494,
    477,
    362,
    558,
    515,
    270,
    362,
    539,
    270,
    170,
    170,
    429,
    205,
    201,
    564,
    112,
    196,
    196,
    219,
    138,
    164,
    296,
    343,
    257,
    164,
    316,
    219,
    196,
    257,
    162,
    257,
    316,
    236,
    219,
    333,
    196,
    431,
    481,
    342,
    229,
    196,
    472,
    477,
    409,
    565,
    537,
    442,
    472,
    477,
    509,
    270,
    504,
    442,
    362,
    530,
    584,
    362,
    170,
    274,
    257,
    342,
    316,
    196,
    287,
    333,
    196,
    366,
    270,
    362,
    442,
    270,
    170,
    205,
    323,
    233,
    420,
    145,
    333,
    137,
    257,
    196,
    196,
    196,
    196,
    219,
    196,
    196,
    296,
    343,
    257,
    164,
    316,
    196,
    196,
    213,
    274,
    372,
    372,
    342,
    196,
    287,
    333,
    366,
    219,
    287,
    196,
    362,
    343,
    230,
    257,
    196,
    323,
    316,
    287,
    365,
    343,
    315,
    196,
    323,
    170,
    219,
    196,
    257,
    236,
    316,
    170,
    213,
    358,
    424,
    418,
    342,
    229,
    196,
    287,
    477,
    366,
    170,
    170,
    170,
    234,
    198,
    219,
    285,
    164,
    362,
    343,
    230,
    257,
    196,
    296,
    316,
    198,
    301,
    358,
    257,
    342,
    316,
    196,
    0,
    333,
    268,
    366,
    257,
    162,
    219,
    196,
    196,
    196,
    257,
    196,
    196,
    412,
    268,
    413,
    268,
    350,
    257,
    196,
    196,
    219,
    196,
    257,
    162,
    170,
    196,
    196,
    170,
    257,
    350,
    219,
    196,
    170,
    170,
    170,
    198,
    287,
    330,
    287,
    365,
    287,
    362,
    309,
    230,
    196,
    323,
    219,
    196,
    257,
    236,
    316,
    227,
    287,
    267,
    230,
    196,
    323,
    213,
    274,
    372,
    372,
    342,
    196,
    196,
    287,
    333,
    366,
    287,
    365,
    408,
    315,
    196,
    323,
    386,
    442,
    530,
    362,
    170,
    343,
    418,
    408,
    315,
    323,
    170,
    358,
    418,
    342,
    196,
    196,
    287,
    333,
    366,
    170,
    170,
    170,
    196,
    199,
    323,
    137,
    145,
    257,
    316,
    219,
    196,
    219,
    196,
    257,
    236,
    316,
    274,
    257,
    342,
    316,
    196,
    219,
    287,
    333,
    196,
    366,
    196,
    196,
    219,
    196,
    257,
    236,
    316,
    257,
    196,
    196,
    170,
    287,
    365,
    343,
    274,
    196,
    323,
    270,
    362,
    362,
    170,
    170,
    170,
    336,
    170,
    307,
    208,
    196,
    364,
    342,
    426,
    196,
    366,
    196,
    316,
    225,
    287,
    267,
    230,
    196,
    323,
    180,
    219,
    285,
    161,
    164,
    357,
    362,
    343,
    230,
    257,
    196,
    323,
    316,
    287,
    365,
    408,
    315,
    196,
    323,
    230,
    342,
    196,
    287,
    299,
    366,
    358,
    257,
    397,
    316,
    196,
    219,
    287,
    333,
    268,
    366,
    196,
    196,
    0,
    219,
    287,
    196,
    365,
    343,
    274,
    257,
    196,
    323,
    316,
    170,
    196,
    196,
    424,
    625,
    442,
    362,
    644,
    539,
    270,
    170,
    170,
    233,
    205,
    323,
    197,
    316,
    342,
    333,
    267,
    236,
    196,
    198,
    165,
    219,
    196,
    196,
    296,
    343,
    202,
    164,
    316,
    196,
    196,
    287,
    362,
    343,
    230,
    196,
    323,
    219,
    196,
    196,
    196,
    219,
    287,
    268,
    365,
    343,
    315,
    257,
    196,
    377,
    316,
    257,
    316,
    268,
    219,
    333,
    196,
    219,
    287,
    196,
    365,
    343,
    315,
    257,
    196,
    323,
    316,
    424,
    539,
    539,
    424,
    625,
    442,
    539,
    170,
    170,
    170,
    343,
    196,
    165,
    330,
    164,
    196,
    196,
    219,
    196,
    196,
    202,
    164,
    316,
    219,
    164,
    343,
    257,
    164,
    316,
    196,
    196,
    196,
    196,
    412,
    362,
    413,
    362,
    442,
    196,
    196,
    170,
    257,
    316,
    219,
    196,
    170,
    343,
    418,
    453,
    315,
    323,
    170,
    170,
    170,
    196,
    333,
    233,
    196,
    358,
    257,
    342,
    316,
    196,
    219,
    287,
    333,
    196,
    366,
    196,
    196,
    431,
    418,
    342,
    229,
    196,
    472,
    477,
    366,
    257,
    196,
    196,
    257,
    316,
    219,
    196
  ],
  "grid_samples_inside": [
    71,
    209,
    222,
    72,
    118,
    224,
    89,
    76,
    247,
    134,
    127,
    73,
    86,
    245,
    127,
    217,
    116,
    159,
    155,
    0,
    200,
    285,
    175,
    173,
    292,
    327,
    90,
    125,
    125,
    130,
    164,
    273,
    274,
    161,
    163,
    151,
    275,
    293,
    88,
    78,
    94,
    244,
    208,
    99,
    117,
    39,
    30,
    195,
    45,
    82,
    35,
    36,
    196,
    80,
    64,
    70,
    227,
    74,
    217,
    218,
    84,
    134,
    251,
    89,
    132,
    148,
    77,
    235,
    82,
    240,
    102,
    244,
    257,
    119,
    139,
    260,
    136,
    215,
    166,
    142,
    282,
    173,
    154,
    176,
    176,
    286,
    288,
    168,
    172,
    217,
    102,
    87,
    133,
    96,
    149,
    130,
    151,
    284,
    273,
    203,
    160,
    274,
    122,
    88,
    102,
    96,
    100,
    210,
    247,
    98,
    115,
    88,
    88,
    62,
    125,
    120,
    66,
    234,
    121,
    59,
    218,
    64,
    211,
    211,
    62,
    125,
    66,
    122,
    79,
    239,
    121,
    81,
    235,
    221,
    117,
    145,
    160,
    297,
    277,
    202,
    128,
    164,
    276,
    269,
    115,
    158,
    157,
    277,
    271,
    132,
    160,
    193,
    140,
    168,
    185,
    182,
    185,
    210,
    100,
    130,
    130,
    94,
    90,
    86,
    100,
    210,
    102,
    102,
    69,
    203,
    122,
    122,
    120,
    237,
    102,
    152,
    54,
    115,
    57,
    120,
    121,
    121,
    121,
    121,
    89,
    76,
    246,
    133,
    127,
    78,
    91,
    245,
    127,
    217,
    88,
    135,
    96,
    144,
    150,
    185,
    168,
    178,
    102,
    87,
    148,
    140,
    90,
    260,
    133,
    87,
    54,
    119,
    221,
    60,
    118,
    110,
    90,
    102,
    90,
    109,
    218,
    115,
    79,
    107,
    232,
    206,
    57,
    111,
    118,
    232,
    222,
    56,
    118,
    110,
    34,
    86,
    37,
    90,
    115,
    115,
    63,
    122,
    65,
    119,
    183,
    282,
    279,
    164,
    174,
    169,
    279,
    301,
    105,
    88,
    260,
    161,
    131,
    90,
    101,
    252,
    137,
    242,
    124,
    112,
    158,
    155,
    270,
    274,
    123,
    159,
    175,
    92,
    129,
    129,
    140,
    180,
    90,
    94,
    262,
    135,
    151,
    131,
    130,
    93,
    227,
    135,
    129,
    213,
    45,
    91,
    104,
    43,
    216,
    104,
    61,
    210,
    206,
    64,
    218,
    55,
    214,
    59,
    197,
    204,
    72,
    227,
    229,
    120,
    123,
    72,
    231,
    205,
    105,
    252,
    252,
    116,
    142,
    257,
    128,
    92,
    218,
    238,
    249,
    133,
    125,
    93,
    248,
    228,
    146,
    176,
    169,
    179,
    102,
    114,
    261,
    110,
    253,
    257,
    94,
    99,
    248,
    96,
    241,
    241,
    94,
    90,
    94,
    119,
    120,
    146,
    88,
    77,
    44,
    199,
    45,
    0,
    171,
    55,
    65,
    113,
    189,
    227,
    69,
    56,
    114,
    221,
    107,
    77,
    131,
    131,
    82,
    252,
    129,
    105,
    49,
    58,
    97,
    110,
    109,
    79,
    163,
    215,
    63,
    48,
    111,
    217,
    94,
    115,
    163,
    129,
    162,
    62,
    213,
    64,
    218,
    146,
    147,
    90,
    66,
    124,
    68,
    127,
    94,
    73,
    130,
    76,
    129,
    140,
    130,
    78,
    151,
    103,
    103,
    44,
    78,
    198,
    43,
    85,
    208,
    238,
    111,
    115,
    41,
    196,
    44,
    173,
    170,
    122,
    125,
    121,
    76,
    129,
    80,
    131,
    142,
    268,
    149,
    271,
    55,
    119,
    112,
    116,
    160,
    179,
    173,
    182,
    189,
    146,
    181,
    188,
    199,
    188,
    188,
    330,
    351,
    302,
    299,
    194,
    184,
    305,
    328,
    100,
    130,
    130,
    90,
    94,
    124,
    123,
    200,
    70,
    69,
    117,
    250,
    94,
    62,
    191,
    221,
    67,
    113,
    218,
    57,
    68,
    114,
    193,
    231,
    70,
    57,
    120,
    225,
    112,
    103,
    103,
    104,
    258,
    132,
    103,
    257,
    237,
    137,
    138,
    107,
    147,
    122,
    159,
    124,
    143,
    273,
    267,
    179,
    270,
    105,
    107,
    254,
    260,
    133,
    139,
    265,
    94,
    130,
    94,
    100,
    102,
    72,
    210,
    105,
    40,
    98,
    95,
    199,
    212,
    40,
    99,
    83,
    40,
    92,
    99,
    40,
    210,
    97,
    81,
    129,
    86,
    137,
    134,
    62,
    121,
    121,
    236,
    236,
    69,
    123,
    121,
    66,
    129,
    123,
    67,
    237,
    127,
    116,
    94,
    265,
    173,
    140,
    102,
    107,
    259,
    147,
    258,
    94,
    75,
    133,
    78,
    129,
    146,
    183,
    188,
    186,
    108,
    135,
    142,
    88,
    82,
    100,
    211,
    102,
    254,
    114,
    71,
    65,
    194,
    221,
    68,
    115,
    220,
    70,
    127,
    125,
    59,
    118,
    60,
    121,
    76,
    65,
    232,
    123,
    123,
    63,
    76,
    237,
    119,
    199,
    96,
    245,
    259,
    123,
    137,
    262,
    109,
    258,
    114,
    250,
    256,
    100,
    243,
    241,
    97,
    249,
    94,
    74,
    132,
    75,
    129,
    90,
    57,
    115,
    61,
    121,
    86,
    124,
    128,
    210,
    73,
    120,
    237,
    218,
    95,
    95,
    91,
    46,
    205,
    46,
    192,
    174,
    72,
    230,
    77,
    229,
    219,
    70,
    128,
    125,
    69,
    123,
    67,
    125,
    54,
    115,
    113,
    55,
    225,
    119,
    182,
    182,
    94,
    88,
    75,
    245,
    132,
    127,
    72,
    86,
    243,
    127,
    215,
    90,
    58,
    121,
    60,
    118,
    94,
    90,
    82,
    250,
    99,
    207,
    118,
    103,
    44,
    103,
    213,
    43,
    101,
    94,
    92,
    46,
    151,
    180,
    212,
    96,
    89,
    48,
    204,
    149,
    67,
    125,
    66,
    125,
    55,
    121,
    57,
    116,
    117,
    68,
    217,
    226,
    69,
    114,
    227,
    129,
    131,
    120,
    102,
    173,
    154,
    106,
    267,
    145,
    136,
    203,
    296,
    287,
    261,
    172,
    294,
    136,
    90,
    78,
    109,
    218,
    115,
    94,
    51,
    99,
    111,
    54,
    218,
    110,
    233,
    41,
    185,
    42,
    196,
    67,
    124,
    123,
    121,
    121,
    109,
    147,
    120,
    158,
    77,
    234,
    123,
    73,
    237,
    203,
    168,
    164,
    204,
    162,
    285,
    224,
    290,
    313,
    180,
    172,
    178,
    293,
    179,
    338,
    146,
    222,
    298,
    306,
    183,
    184,
    253,
    303,
    339,
    134,
    204,
    144,
    285,
    306,
    178,
    161,
    166,
    292,
    176,
    328,
    102,
    122,
    102,
    135,
    256,
    120,
    127,
    239,
    226,
    220,
    125,
    124,
    83,
    61,
    188,
    222,
    113,
    217,
    69,
    125,
    69,
    127,
    46,
    201,
    47,
    207,
    44,
    107,
    45,
    106,
    107,
    107,
    63,
    56,
    220,
    104,
    117,
    55,
    64,
    226,
    112,
    178,
    137,
    139,
    0,
    175,
    175,
    122,
    123,
    267,
    266,
    152,
    154,
    268,
    130,
    169,
    283,
    279,
    240,
    164,
    280,
    122,
    128,
    102,
    107,
    130,
    96,
    145,
    107,
    95,
    29,
    84,
    34,
    83,
    67,
    123,
    129,
    55,
    199,
    199,
    52,
    210,
    69,
    125,
    129,
    47,
    107,
    50,
    106,
    104,
    112,
    156,
    269,
    127,
    155,
    193,
    146,
    144,
    138,
    147,
    175,
    168,
    178,
    102,
    94,
    148,
    135,
    94,
    122,
    94,
    75,
    125,
    69,
    117,
    240,
    57,
    48,
    217,
    95,
    110,
    44,
    59,
    215,
    108,
    159,
    40,
    85,
    96,
    39,
    212,
    91,
    62,
    122,
    66,
    123,
    54,
    115,
    54,
    110,
    109,
    117,
    266,
    268,
    152,
    144,
    271,
    95,
    135,
    112,
    152,
    94,
    89,
    236,
    248,
    98,
    127,
    255,
    128,
    115,
    163,
    130,
    162,
    102,
    86,
    78,
    129,
    134,
    227,
    31,
    56,
    85,
    32,
    197,
    85,
    125,
    103,
    103,
    62,
    124,
    64,
    122,
    49,
    61,
    109,
    169,
    219,
    63,
    47,
    113,
    217,
    94,
    57,
    178,
    213,
    55,
    105,
    214,
    121,
    121,
    71,
    218,
    231,
    76,
    118,
    232,
    90,
    78,
    239,
    82,
    225,
    229,
    140,
    165,
    189,
    177,
    184,
    102,
    94,
    90,
    87,
    138,
    117,
    244,
    37,
    192,
    42,
    169,
    169,
    46,
    105,
    47,
    109,
    96,
    93,
    145,
    159,
    142,
    102,
    264,
    142,
    56,
    204,
    201,
    54,
    211,
    66,
    214,
    212,
    68,
    221,
    132,
    175,
    154,
    172,
    117,
    101,
    152,
    151,
    267,
    266,
    103,
    153,
    172,
    134,
    142,
    171,
    177,
    331,
    293,
    256,
    152,
    179,
    287,
    307,
    98,
    99,
    240,
    256,
    254,
    130,
    78,
    255,
    146,
    145,
    76,
    102,
    74,
    107,
    120,
    202,
    239,
    115,
    120,
    229,
    122,
    237,
    202,
    155,
    59,
    114,
    120,
    54,
    119,
    55,
    118,
    120,
    119,
    68,
    129,
    75,
    129,
    130,
    168,
    168,
    92,
    100,
    143,
    257,
    260,
    99,
    137,
    264,
    172,
    139,
    120,
    111,
    91,
    245,
    157,
    266,
    176,
    137,
    104,
    107,
    259,
    147,
    259,
    116,
    101,
    163,
    154,
    104,
    267,
    142,
    142,
    164,
    182,
    182,
    88,
    82,
    82,
    261,
    95,
    105,
    106,
    88,
    91,
    115,
    115,
    45,
    99,
    105,
    44,
    214,
    105,
    106,
    145,
    112,
    153,
    88,
    96,
    142,
    244,
    252,
    120,
    89,
    133,
    260,
    160,
    92,
    134,
    142,
    138,
    74,
    223,
    230,
    80,
    119,
    239,
    90,
    70,
    126,
    70,
    128,
    90,
    79,
    239,
    84,
    223,
    232,
    122,
    94,
    118,
    240,
    105,
    99,
    102,
    196,
    57,
    55,
    114,
    115,
    55,
    225,
    120,
    90,
    154,
    139,
    95,
    264,
    140,
    75,
    205,
    228,
    74,
    123,
    225,
    91,
    246,
    245,
    91,
    245,
    227,
    65,
    126,
    121,
    66,
    124,
    172,
    181,
    182,
    295,
    301,
    178,
    186,
    311,
    140,
    167,
    206,
    182,
    179,
    184,
    130,
    175,
    175,
    122,
    86,
    130,
    120,
    122,
    150,
    73,
    36,
    52,
    118,
    117,
    78,
    236,
    235,
    123,
    123,
    83,
    232,
    226,
    40,
    94,
    44,
    98,
    87,
    138,
    133,
    83,
    129,
    87,
    143,
    125,
    268,
    130,
    262,
    266,
    130,
    121,
    180,
    166,
    131,
    276,
    165,
    128,
    164,
    159,
    130,
    132,
    122,
    90,
    115,
    96,
    129,
    64,
    123,
    124,
    129,
    129,
    49,
    201,
    212,
    99,
    96,
    51,
    204,
    168,
    49,
    107,
    110,
    94,
    135,
    101,
    148,
    152,
    88,
    236,
    235,
    92,
    244,
    0,
    77,
    135,
    129,
    245,
    258,
    88,
    130,
    145,
    130,
    133,
    239,
    163,
    139,
    279,
    171,
    132,
    191,
    284,
    282,
    169,
    170,
    196,
    282,
    298,
    110,
    102,
    78,
    102,
    100,
    111,
    86,
    40,
    46,
    99,
    98,
    200,
    47,
    40,
    93,
    210,
    66,
    69,
    127,
    71,
    129,
    88,
    240,
    87,
    233,
    233,
    96,
    169,
    149,
    106,
    266,
    147,
    70,
    218,
    225,
    73,
    118,
    225,
    128,
    175,
    154,
    174,
    177,
    285,
    279,
    240,
    281,
    142,
    174,
    174,
    184,
    182,
    186,
    298,
    298,
    177,
    182,
    321,
    86,
    55,
    112,
    55,
    121,
    90,
    132,
    86,
    200,
    128,
    223,
    125,
    127,
    127,
    240,
    213,
    109,
    0,
    57,
    71,
    119,
    118,
    101,
    177,
    230,
    227,
    229,
    119,
    227,
    116,
    69,
    226,
    74,
    229,
    55,
    118,
    116,
    56,
    227,
    121,
    74,
    224,
    231,
    82,
    239,
    107,
    107,
    49,
    113,
    49,
    110,
    107,
    208,
    303,
    293,
    270,
    180,
    297,
    131,
    175,
    175,
    140,
    159,
    295,
    182,
    170,
    296,
    182,
    130,
    82,
    78,
    144,
    214,
    115,
    219,
    99,
    31,
    88,
    36,
    82,
    58,
    118,
    121,
    58,
    112,
    118,
    59,
    225,
    121,
    154,
    118,
    154,
    165,
    160,
    277,
    131,
    158,
    219,
    67,
    218,
    218,
    69,
    225,
    90,
    234,
    248,
    129,
    127,
    91,
    246,
    226,
    132,
    139,
    182,
    148,
    175,
    142,
    177,
    186,
    183,
    191,
    196,
    132,
    94,
    88,
    114,
    137,
    118,
    133,
    254,
    103,
    76,
    124,
    47,
    106,
    49,
    107,
    83,
    130,
    132,
    43,
    102,
    213,
    43,
    101,
    93,
    69,
    129,
    70,
    127,
    102,
    254,
    113,
    247,
    135,
    135,
    132,
    194,
    286,
    284,
    165,
    176,
    177,
    284,
    307,
    142,
    210,
    337,
    302,
    284,
    187,
    302,
    126,
    156,
    112,
    94,
    129,
    241,
    93,
    103,
    0,
    68,
    127,
    69,
    125,
    63,
    125,
    122,
    67,
    235,
    123,
    50,
    110,
    114,
    82,
    237,
    125,
    84,
    243,
    216,
    136,
    272,
    270,
    177,
    270,
    142,
    271,
    159,
    272,
    272,
    200,
    308,
    291,
    269,
    181,
    298,
    130,
    171,
    171,
    140,
    163,
    183,
    179,
    192,
    82,
    124,
    82,
    218,
    112,
    121,
    214,
    94,
    53,
    153,
    208,
    51,
    100,
    212,
    89,
    90,
    133,
    133,
    147,
    147,
    125,
    125,
    115,
    93,
    264,
    172,
    140,
    100,
    105,
    258,
    147,
    255,
    176,
    176,
    90,
    66,
    126,
    122,
    67,
    125,
    90,
    125,
    125,
    128,
    82,
    82,
    107,
    128,
    126,
    93,
    238,
    120,
    113,
    113,
    40,
    95,
    212,
    40,
    99,
    89,
    61,
    217,
    111,
    63,
    222,
    188,
    63,
    213,
    211,
    64,
    219,
    153,
    108,
    139,
    159,
    159,
    250,
    281,
    275,
    179,
    119,
    155,
    275,
    204,
    88,
    132,
    141,
    134,
    70,
    218,
    227,
    71,
    229,
    90,
    81,
    234,
    84,
    239,
    123,
    147,
    147,
    140,
    122,
    94,
    110,
    222,
    115,
    240,
    114,
    86,
    50,
    69,
    218,
    218,
    69,
    225,
    49,
    113,
    218,
    53,
    110,
    106,
    47,
    107,
    108,
    47,
    216,
    111,
    76,
    222,
    230,
    82,
    239,
    91,
    146,
    135,
    71,
    129,
    77,
    132,
    94,
    72,
    129,
    77,
    130,
    96,
    80,
    131,
    252,
    87,
    129,
    141,
    94,
    90,
    82,
    127,
    240,
    128,
    0,
    107,
    101,
    37,
    86,
    36,
    95,
    62,
    117,
    120,
    60,
    229,
    119,
    88,
    230,
    236,
    89,
    242,
    134,
    104,
    271,
    188,
    147,
    113,
    117,
    268,
    157,
    265,
    123,
    95,
    269,
    178,
    142,
    104,
    112,
    262,
    150,
    259,
    58,
    117,
    60,
    121,
    86,
    52,
    114,
    120,
    129,
    146,
    291,
    277,
    207,
    164,
    274,
    132,
    136,
    171,
    288,
    150,
    175,
    285,
    132,
    122,
    90,
    229,
    213,
    240,
    110,
    121,
    121,
    117,
    117,
    40,
    103,
    42,
    99,
    47,
    106,
    46,
    107,
    65,
    124,
    68,
    122,
    93,
    135,
    97,
    142,
    152,
    155,
    94,
    95,
    248,
    100,
    240,
    241,
    96,
    81,
    131,
    129,
    102,
    90,
    122,
    258,
    110,
    112,
    59,
    88,
    198,
    107,
    139,
    105,
    103,
    100,
    113,
    113,
    113,
    259,
    127,
    259,
    40,
    50,
    100,
    80,
    205,
    48,
    41,
    94,
    211,
    68,
    149,
    271,
    156,
    146,
    268,
    280,
    117,
    262,
    117,
    253,
    261,
    69,
    129,
    123,
    130,
    123,
    172,
    138,
    167,
    180,
    102,
    88,
    133,
    95,
    141,
    130,
    118,
    122,
    115,
    39,
    152,
    201,
    200,
    46,
    194,
    211,
    98,
    90,
    48,
    203,
    154,
    70,
    217,
    226,
    72,
    118,
    227,
    48,
    212,
    96,
    53,
    207,
    153,
    106,
    161,
    112,
    147,
    80,
    209,
    241,
    85,
    125,
    237,
    60,
    121,
    63,
    119,
    117,
    90,
    66,
    77,
    121,
    207,
    240,
    86,
    73,
    125,
    238,
    126,
    140,
    229,
    291,
    272,
    297,
    94,
    90,
    90,
    111,
    73,
    103,
    129,
    32,
    70,
    85,
    36,
    203,
    82,
    65,
    129,
    71,
    128,
    129,
    105,
    87,
    256,
    153,
    131,
    88,
    100,
    252,
    137,
    241,
    55,
    191,
    215,
    103,
    107,
    59,
    214,
    165,
    82,
    235,
    82,
    240,
    153,
    179,
    179,
    334,
    291,
    262,
    158,
    181,
    289,
    309,
    130,
    118,
    165,
    132,
    165,
    138,
    178,
    178,
    124,
    102,
    130,
    77,
    244,
    121,
    73,
    202,
    230,
    73,
    121,
    227,
    222,
    34,
    41,
    90,
    74,
    198,
    85,
    200,
    50,
    53,
    114,
    117,
    121,
    121,
    81,
    129,
    89,
    136,
    52,
    67,
    115,
    105,
    172,
    226,
    55,
    117,
    224,
    187,
    108,
    88,
    133,
    97,
    149,
    86,
    143,
    87,
    130,
    0,
    84,
    236,
    86,
    240,
    144,
    242,
    300,
    294,
    306,
    303,
    138,
    155,
    180,
    296,
    173,
    180,
    308,
    130,
    132,
    94,
    121,
    233,
    80,
    116,
    90,
    200,
    0,
    62,
    53,
    222,
    103,
    113,
    55,
    63,
    224,
    110,
    190,
    88,
    88,
    71,
    205,
    219,
    68,
    118,
    221,
    77,
    129,
    84,
    134,
    67,
    58,
    226,
    116,
    120,
    56,
    67,
    231,
    117,
    193,
    92,
    135,
    264,
    100,
    149,
    148,
    120,
    166,
    144,
    168,
    113,
    125,
    266,
    136,
    259,
    266,
    102,
    136,
    86,
    132,
    140,
    136,
    257,
    259,
    90,
    138,
    155,
    94,
    102,
    116,
    107,
    135,
    254,
    118,
    97,
    83,
    51,
    117,
    118,
    61,
    118,
    239,
    68,
    123,
    123,
    51,
    115,
    53,
    118,
    103,
    141,
    116,
    155,
    51,
    60,
    110,
    176,
    222,
    64,
    51,
    113,
    219,
    98,
    55,
    120,
    59,
    116,
    113,
    156,
    182,
    181,
    140,
    164,
    186,
    183,
    342,
    295,
    277,
    169,
    182,
    295,
    315,
    126,
    114,
    159,
    274,
    137,
    159,
    182,
    90,
    82,
    90,
    131,
    248,
    123,
    86,
    186,
    52,
    109,
    113,
    226,
    219,
    52,
    111,
    106,
    34,
    96,
    37,
    86,
    57,
    216,
    59,
    206,
    63,
    121,
    123,
    63,
    238,
    119,
    163,
    162,
    72,
    135,
    127,
    246,
    252,
    83,
    128,
    138,
    96,
    77,
    129,
    85,
    136,
    140,
    169,
    197,
    181,
    186,
    102,
    122,
    122,
    114,
    268,
    120,
    244,
    124,
    240,
    121,
    121,
    32,
    86,
    37,
    92,
    88,
    45,
    105,
    46,
    100,
    97,
    105,
    154,
    144,
    110,
    250,
    262,
    128,
    147,
    262,
    120,
    120,
    130,
    173,
    173,
    134,
    176,
    176,
    102,
    136,
    130,
    130,
    268,
    147,
    258,
    76,
    129,
    132,
    120,
    97,
    69,
    217,
    221,
    69,
    117,
    225,
    37,
    86,
    36,
    96,
    56,
    121,
    59,
    118,
    41,
    104,
    99,
    112,
    160,
    120,
    154,
    159,
    159,
    122,
    265,
    123,
    261,
    265,
    116,
    101,
    153,
    140,
    130,
    126,
    175,
    151,
    172,
    179,
    132,
    94,
    90,
    113,
    224,
    94,
    39,
    82,
    196,
    42,
    84,
    202,
    0,
    122,
    125,
    57,
    115,
    56,
    113,
    132,
    132,
    98,
    157,
    153,
    101,
    266,
    140,
    61,
    56,
    218,
    115,
    63,
    225,
    185,
    149,
    174,
    178,
    334,
    293,
    260,
    159,
    179,
    287,
    303,
    81,
    235,
    123,
    82,
    237,
    218,
    129,
    165,
    165,
    100,
    82,
    130,
    87,
    132,
    90,
    78,
    78,
    265,
    0,
    0,
    255,
    0,
    0,
    107,
    102,
    55,
    202,
    199,
    51,
    211,
    64,
    211,
    208,
    67,
    219,
    60,
    203,
    205,
    59,
    108,
    215,
    142,
    269,
    159,
    140,
    269,
    272,
    132,
    132,
    97,
    235,
    256,
    101,
    132,
    254,
    88,
    57,
    111,
    119,
    232,
    222,
    58,
    118,
    110,
    87,
    121,
    121,
    94,
    82,
    102,
    268,
    149,
    155,
    117,
    126,
    80,
    40,
    183,
    42,
    195,
    78,
    129,
    127,
    99,
    135,
    112,
    154,
    84,
    130,
    87,
    137,
    105,
    158,
    112,
    146,
    130,
    200,
    168,
    141,
    284,
    175,
    90,
    64,
    128,
    70,
    127,
    127,
    142,
    168,
    188,
    186,
    130,
    132,
    128,
    95,
    120,
    102,
    236,
    121,
    103,
    76,
    107,
    40,
    200,
    82,
    42,
    196,
    76,
    33,
    82,
    36,
    197,
    84,
    53,
    111,
    55,
    116,
    50,
    109,
    51,
    106,
    105,
    47,
    98,
    105,
    45,
    216,
    108,
    54,
    114,
    117,
    214,
    219,
    55,
    111,
    107,
    148,
    176,
    169,
    176,
    0,
    89,
    135,
    99,
    150,
    102,
    130,
    134,
    122,
    106,
    146,
    120,
    156,
    122,
    128,
    103,
    210,
    110,
    116,
    52,
    44,
    213,
    83,
    104,
    44,
    57,
    211,
    104,
    126,
    66,
    131,
    125,
    240,
    245,
    73,
    125,
    131,
    91,
    239,
    93,
    246,
    114,
    260,
    111,
    254,
    257,
    145,
    145,
    72,
    126,
    70,
    129,
    93,
    135,
    104,
    151,
    144,
    186,
    186,
    134,
    137,
    176,
    165,
    175,
    102,
    86,
    78,
    123,
    120,
    204,
    99,
    92,
    86,
    53,
    115,
    117,
    59,
    226,
    119,
    61,
    117,
    123,
    235,
    230,
    64,
    119,
    118,
    105,
    113,
    113,
    114,
    94,
    264,
    171,
    139,
    102,
    108,
    257,
    148,
    250,
    141,
    141,
    112,
    160,
    122,
    153,
    88,
    121,
    120,
    130,
    180,
    129,
    277,
    283,
    171,
    137,
    143,
    277,
    161,
    310,
    102,
    90,
    124,
    93,
    204,
    111,
    120,
    120,
    50,
    0,
    61,
    221,
    67,
    213,
    58,
    119,
    58,
    112,
    113,
    131,
    131,
    85,
    96,
    138,
    246,
    254,
    120,
    88,
    133,
    258,
    156,
    119,
    263,
    125,
    258,
    265,
    122,
    171,
    136,
    168,
    179,
    90,
    68,
    128,
    69,
    129,
    102,
    89,
    133,
    102,
    142,
    132,
    90,
    102,
    88,
    244,
    0,
    244,
    140,
    99,
    0,
    90,
    42,
    152,
    193,
    207,
    95,
    89,
    45,
    198,
    79,
    71,
    132,
    127,
    239,
    251,
    79,
    127,
    134,
    75,
    132,
    129,
    241,
    252,
    80,
    129,
    138,
    99,
    243,
    103,
    249,
    71,
    130,
    127,
    71,
    246,
    129,
    84,
    131,
    131,
    94,
    78,
    130,
    129,
    130,
    124,
    173,
    144,
    173,
    138,
    178,
    136,
    90,
    157,
    119,
    88,
    90,
    53,
    158,
    213,
    105,
    107,
    191,
    83,
    216,
    52,
    68,
    110,
    193,
    117,
    221,
    107,
    34,
    83,
    86,
    41,
    34,
    198,
    48,
    83,
    34,
    39,
    196,
    85,
    67,
    107,
    107,
    121,
    121,
    93,
    135,
    100,
    146,
    106,
    154,
    147,
    0,
    56,
    111,
    118,
    60,
    223,
    121,
    116,
    125,
    266,
    139,
    268,
    146,
    186,
    187,
    188,
    140,
    78,
    90,
    0,
    98,
    94,
    106,
    93,
    222,
    121,
    110,
    191,
    189,
    53,
    155,
    206,
    49,
    99,
    213,
    37,
    88,
    39,
    98,
    129,
    127,
    129,
    53,
    44,
    213,
    85,
    103,
    44,
    56,
    209,
    106,
    131,
    74,
    205,
    232,
    78,
    123,
    229,
    142,
    177,
    153,
    175,
    81,
    129,
    252,
    85,
    135,
    135,
    130,
    185,
    279,
    171,
    163,
    283,
    316,
    140,
    173,
    172,
    182,
    181,
    185,
    294,
    298,
    172,
    182,
    316,
    130,
    130,
    90,
    121,
    228,
    124,
    254,
    125,
    220,
    122,
    118,
    204,
    84,
    99,
    217,
    107,
    77,
    238,
    81,
    231,
    221,
    49,
    104,
    47,
    110,
    143,
    143,
    65,
    125,
    125,
    71,
    127,
    125,
    68,
    241,
    127,
    112,
    148,
    274,
    118,
    158,
    169,
    122,
    140,
    268,
    148,
    262,
    270,
    146,
    178,
    186,
    187,
    191,
    214,
    140,
    88,
    102,
    121,
    213,
    39,
    38,
    208,
    50,
    91,
    90,
    95,
    0,
    239,
    73,
    226,
    231,
    82,
    239,
    77,
    215,
    234,
    78,
    123,
    232,
    46,
    113,
    105,
    113,
    93,
    135,
    97,
    146,
    133,
    133,
    71,
    125,
    246,
    75,
    125,
    135,
    130,
    132,
    162,
    164,
    318,
    285,
    239,
    139,
    173,
    281,
    301,
    134,
    176,
    177,
    130,
    122,
    88,
    284,
    118,
    118,
    163,
    61,
    121,
    121,
    37,
    94,
    95,
    197,
    211,
    40,
    98,
    81,
    53,
    115,
    53,
    110,
    54,
    117,
    116,
    55,
    224,
    118,
    148,
    272,
    269,
    155,
    155,
    140,
    266,
    273,
    218,
    294,
    177,
    232,
    288,
    301,
    134,
    144,
    202,
    171,
    152,
    286,
    176,
    90,
    81,
    69,
    237,
    126,
    124,
    80,
    240,
    124,
    205,
    131,
    175,
    170,
    130,
    82,
    103,
    218,
    110,
    117,
    70,
    236,
    75,
    32,
    83,
    82,
    125,
    125,
    35,
    96,
    89,
    189,
    211,
    39,
    95,
    78,
    136,
    137,
    123,
    85,
    212,
    221,
    239,
    125,
    79,
    242,
    212,
    52,
    63,
    113,
    171,
    222,
    66,
    52,
    113,
    219,
    99,
    75,
    204,
    231,
    76,
    123,
    229,
    90,
    67,
    127,
    68,
    124,
    127,
    102,
    138,
    117,
    244,
    261,
    265,
    148,
    140,
    109,
    263,
    248,
    90,
    102,
    82,
    109,
    134,
    42,
    47,
    101,
    85,
    205,
    52,
    42,
    96,
    212,
    68,
    95,
    123,
    84,
    71,
    241,
    129,
    127,
    0,
    241,
    126,
    211,
    46,
    106,
    46,
    107,
    133,
    132,
    49,
    112,
    107,
    117,
    165,
    132,
    166,
    174,
    61,
    123,
    121,
    53,
    116,
    57,
    110,
    119,
    143,
    143,
    90,
    66,
    122,
    68,
    125,
    102,
    94,
    78,
    116,
    125,
    238,
    75,
    197,
    59,
    186,
    212,
    60,
    105,
    216,
    50,
    115,
    55,
    111,
    110,
    57,
    199,
    201,
    51,
    105,
    211,
    113,
    65,
    196,
    203,
    221,
    117,
    117,
    66,
    223,
    195,
    96,
    237,
    256,
    105,
    133,
    257,
    138,
    174,
    143,
    175,
    94,
    97,
    243,
    242,
    100,
    251,
    92,
    89,
    239,
    246,
    134,
    125,
    90,
    247,
    226,
    118,
    86,
    94,
    96,
    105,
    214,
    76,
    78,
    61,
    119,
    62,
    121,
    61,
    121,
    61,
    116,
    120,
    71,
    59,
    230,
    118,
    123,
    62,
    74,
    235,
    118,
    197,
    113,
    113,
    51,
    115,
    52,
    112,
    106,
    64,
    123,
    124,
    88,
    74,
    204,
    226,
    71,
    118,
    224,
    130,
    173,
    173,
    102,
    90,
    112,
    250,
    102,
    101,
    129,
    129,
    254,
    246,
    214,
    129,
    219,
    125,
    129,
    54,
    182,
    200,
    50,
    102,
    210,
    101,
    46,
    55,
    103,
    107,
    74,
    158,
    212,
    58,
    42,
    106,
    213,
    84,
    98,
    237,
    256,
    107,
    134,
    257,
    58,
    217,
    113,
    63,
    216,
    184,
    108,
    90,
    262,
    168,
    134,
    99,
    107,
    255,
    143,
    250,
    141,
    141,
    0,
    59,
    70,
    118,
    195,
    233,
    74,
    63,
    121,
    228,
    118,
    94,
    129,
    129,
    140,
    165,
    203,
    184,
    177,
    184,
    130,
    86,
    78,
    98,
    125,
    248,
    134,
    139,
    250,
    242,
    136,
    141,
    134,
    120,
    86,
    35,
    95,
    89,
    181,
    212,
    39,
    93,
    79,
    119,
    119,
    62,
    189,
    219,
    63,
    111,
    216,
    80,
    129,
    132,
    128,
    75,
    91,
    129,
    222,
    245,
    93,
    81,
    127,
    246,
    139,
    87,
    149,
    146,
    96,
    262,
    135,
    62,
    77,
    123,
    206,
    241,
    84,
    72,
    125,
    236,
    126,
    146,
    186,
    186,
    140,
    157,
    183,
    181,
    112,
    102,
    102,
    253,
    115,
    84,
    203,
    103,
    105,
    100,
    38,
    91,
    88,
    39,
    96,
    84,
    41,
    104,
    216,
    43,
    104,
    90,
    121,
    121,
    107,
    110,
    130,
    175,
    152,
    170,
    186,
    135,
    135,
    88,
    55,
    115,
    57,
    121,
    98,
    101,
    244,
    244,
    100,
    252,
    94,
    82,
    90,
    101,
    211,
    105,
    107,
    81,
    69,
    238,
    126,
    125,
    66,
    81,
    241,
    125,
    207,
    129,
    130,
    126,
    263,
    266,
    150,
    148,
    117,
    262,
    256,
    50,
    112,
    114,
    58,
    119,
    62,
    121
  ],
  "full_surface_samples": 8000,
  "complete_residual_N": [
    6.905226000060687e-12,
    6.654419443317646e-12,
    1.0934413362956839e-11,
    8.299187429854463e-12,
    1.0504469671874692e-11,
    8.292875695626858e-12,
    1.375057888102835e-12,
    1.3526684713701159e-12,
    1.5106306550665965e-12,
    8.106373850330391e-13,
    1.1879115470567648e-12,
    3.1774999344899775e-12,
    1.3009025660301945e-13,
    7.505191192562643e-12,
    7.716072533251009e-12,
    6.574711715028824e-12,
    8.654691962151336e-12,
    7.516254185780941e-12,
    7.161626921057303e-12,
    7.938734230687175e-12,
    8.338013043877605e-12,
    7.954787443532635e-12,
    1.2414414092409652e-12,
    1.3602374438893454e-12,
    1.3168837006267422e-12,
    1.0638735727474091e-12,
    1.504135208232436e-12,
    5.726542997298545e-13,
    6.497324306425195e-13,
    2.053100111236805e-12,
    7.373244244511816e-12,
    6.151627678565966e-12,
    7.476197062761862e-12,
    7.222390936940738e-12,
    7.1866508878157794e-12,
    7.489438954795806e-12,
    7.766133900873451e-12,
    1.1296116169640878e-11,
    1.3219786691709818e-12,
    1.3208279479679898e-12,
    1.4150572991407073e-12,
    9.454856744781918e-13,
    1.1680977321385008e-12,
    7.673222677808125e-13,
    8.07633510871464e-12,
    1.418434900565372e-12,
    8.740070519252182e-12,
    1.028062852472739e-11,
    1.0552402381467704e-11,
    6.898358059707844e-12,
    9.271617527975953e-12,
    7.849250753549537e-12,
    7.936470707463058e-12,
    8.402263530261436e-12,
    1.2795323429785616e-12,
    1.3218031737453998e-12,
    1.319529925669497e-12,
    9.611383824340908e-13,
    1.0165597701434097e-12,
    8.254054501014724e-13,
    4.1252439591411184e-13,
    3.776313600165458e-15,
    7.891354313095836e-12,
    7.842789607935578e-12,
    1.0311717595061568e-11,
    1.0368473698702378e-11,
    7.809679431632694e-12,
    8.03343295168842e-12,
    8.548852040443206e-12,
    1.0862948931138298e-11,
    1.8561528941532758e-12,
    1.3243049484298896e-12,
    1.3456103233600514e-12,
    9.841957405705834e-13,
    1.8766688470583645e-12,
    1.5668258262724638e-12,
    2.1367951841335437e-12,
    2.526230438218819e-12,
    7.008047922741046e-12,
    7.067561646758195e-12,
    7.214673093948979e-12,
    7.407879303554656e-12,
    7.484821055185559e-12,
    7.125631875174536e-12,
    9.5706001081062e-12,
    8.82306458151073e-12,
    9.094520575041045e-12,
    1.3239322811566929e-12,
    1.3424377577506355e-12,
    1.3366312140821304e-12,
    9.864598172205777e-13,
    9.628916070903928e-13,
    1.1806102381151319e-12,
    2.7453847468074154e-13,
    2.7723338797305276e-12,
    6.8845070058470615e-12,
    7.97494113137305e-12,
    7.894510584026867e-12,
    8.964247386249151e-12,
    7.35585229691754e-12,
    8.74094032265268e-12,
    1.020591018028143e-11,
    9.093929492374272e-12,
    1.2433976671530786e-12,
    1.309797738271828e-12,
    1.4358415720773207e-12,
    9.038216037557078e-13,
    3.026519245030479e-13,
    6.5030076055063156e-12,
    1.03928818799921e-12,
    1.4754715041326665e-12,
    7.225774702531454e-12,
    1.0246339647261591e-11,
    8.956150439016502e-12,
    7.592698334247746e-12,
    9.355343670155202e-12,
    9.036734817136689e-12,
    7.314099838995527e-12,
    1.0093689629414531e-11,
    1.3269287330465183e-12,
    1.2811785400264454e-12,
    1.3520305609925966e-12,
    1.3165343329225506e-12,
    7.887374819450919e-13,
    9.890654520665673e-13,
    1.0394710291860957e-12,
    8.458989529468596e-15,
    7.40558253232881e-12,
    7.631550497506752e-12,
    9.50795321469677e-12,
    6.93385255166043e-12,
    9.60530629373062e-12,
    7.60962958794833e-12,
    8.792440135663035e-12,
    6.971904463296263e-12,
    1.3418548442376086e-12,
    1.3302449022391533e-12,
    1.3016585205176388e-12,
    1.4455335765331248e-12,
    8.308987961757697e-13,
    9.607704678482245e-13,
    7.203242918140116e-13,
    8.013841144229304e-15,
    7.722305897746187e-12,
    7.366485163110237e-12,
    8.295018413544787e-12,
    8.298990485282457e-12,
    9.032705087640147e-12,
    7.519877832395321e-12,
    1.0291596944411416e-11,
    9.861788188305612e-12,
    1.1202072522382612e-11,
    1.272515862571969e-12,
    1.316749112165993e-12,
    0.0,
    1.0761987514261659e-12,
    9.714877722244664e-13,
    9.61590252394882e-13,
    6.666971183504033e-13,
    6.357111592708606e-12,
    9.089236477837468e-12,
    8.88125061855147e-12,
    7.0734309795554244e-12,
    6.094999074366462e-12,
    7.2111517087567426e-12,
    7.260014782469062e-12,
    9.156834833265678e-12,
    1.0247323361919785e-11,
    1.3465653910298329e-12,
    1.283101158510185e-12,
    1.2378757824346807e-12,
    1.133326739788023e-12,
    9.451660791396596e-13,
    4.510534622396529e-13,
    7.000828970603605e-13,
    2.2828916383447634e-12,
    6.608244625880766e-12,
    6.4905463283669744e-12,
    1.0158567377218973e-11,
    8.933057459493572e-12,
    8.004917844208637e-12,
    9.447664918623453e-12,
    9.091450226073941e-12,
    1.0441259312260193e-11,
    1.3769716503136413e-12,
    1.3962008718568174e-12,
    1.3146794356571263e-12,
    1.6757690074884872e-12,
    9.178171298625358e-13,
    9.664833428189392e-13,
    6.186885635456016e-13,
    2.2062935864694767e-12,
    8.251139102877502e-12,
    8.291668049709435e-12,
    7.1655603806712575e-12,
    7.370370595214681e-12,
    7.503228448588005e-12,
    9.581321133986894e-12,
    8.484029559165512e-12,
    9.203725058491445e-12,
    1.2787591302124374e-12,
    1.3773083044981514e-12,
    1.3856115947828878e-12,
    9.66202261757387e-13,
    8.031691035128827e-13,
    7.554645570086188e-12,
    6.352416760174713e-13,
    1.0817179317761113e-14,
    6.818387614285037e-12,
    9.91935506909472e-12,
    1.0816269328299718e-11,
    8.498716451946062e-12,
    6.332719112857124e-12,
    7.613525535817192e-12,
    9.075079409405563e-12,
    8.463948452223029e-12,
    1.2988675547852028e-12,
    1.3024366560688007e-12,
    1.342925847778821e-12,
    8.16554979159911e-13,
    2.5906304039059067e-13,
    7.570394497890052e-12,
    9.732394983676812e-13,
    1.6257673266737833e-12,
    9.882410964877728e-12,
    7.437335952830579e-12,
    1.1307888201680566e-11,
    1.0908522552221818e-11,
    7.358307338849463e-12,
    1.2074125061550212e-11,
    9.355411829135236e-12,
    8.550856838365966e-12,
    7.514340798143237e-12,
    1.3102713223545645e-12,
    1.3690165456605646e-12,
    1.3363776731961393e-12,
    1.1013743397187236e-12,
    7.425728023353118e-12,
    6.573894793725153e-13,
    2.27704371324012e-13,
    8.096974115259438e-12,
    9.219315127486714e-12,
    7.155870508107956e-12,
    9.89694736297501e-12,
    7.98408423635631e-12,
    7.93888443597915e-12,
    8.855136557847292e-12,
    1.1951642347254043e-11,
    9.054230189678513e-12,
    1.3151635938441157e-12,
    1.2796991227399592e-12,
    1.3914374189521904e-12,
    4.691257536139759e-13,
    1.109616211123185e-12,
    1.2398294184383737e-12,
    1.6333696331996026e-12,
    3.04397827238683e-13,
    8.019281777395242e-12,
    7.938977259398083e-12,
    8.152235478776988e-12,
    7.779332470312973e-12,
    6.975469283623282e-12,
    8.289682334459833e-12,
    7.048777198838655e-12,
    8.587743284409557e-12,
    1.3903925189870258e-12,
    1.3524332489357449e-12,
    1.4197241546300473e-12,
    1.2165027099519744e-12,
    8.302650992162962e-13,
    6.7909363348252756e-12,
    7.529703369772932e-13,
    7.741467870111543e-15,
    9.534869232438556e-12,
    8.124753303484806e-12,
    6.626040670147034e-12,
    5.947048872593445e-12,
    9.260784465003663e-12,
    7.0051978189980934e-12,
    9.171385777801803e-12,
    9.892946401339303e-12,
    1.349185796620629e-12,
    1.355838342505547e-12,
    1.2971043972899123e-12,
    1.2809878120786681e-12,
    8.020294895807085e-13,
    7.046566612942232e-13,
    2.6933682939388176e-13,
    3.765127579437857e-15,
    6.502742872326004e-12,
    8.966233603348803e-12,
    7.452840321639044e-12,
    7.344366906093568e-12,
    8.326787053621025e-12,
    8.285651793307447e-12,
    7.564279565523475e-12,
    8.667380417615219e-12,
    8.340648907707021e-12,
    1.2752778407670665e-12,
    1.454332013489533e-12,
    9.880179309939243e-13,
    9.442863445850107e-13,
    8.336918104125698e-13,
    6.989593811166669e-12,
    1.5061954128287388e-12,
    1.1475053077545703e-11,
    9.532786045988921e-12,
    9.766209164688136e-12,
    8.08193209880465e-12,
    9.30195070975552e-12,
    6.401429651405437e-12,
    7.254496457873483e-12,
    9.468240330469423e-12,
    1.1708572631304027e-11,
    1.3660901176693602e-12,
    1.410577761256293e-12,
    1.2520705242144414e-12,
    8.979408145447195e-13,
    1.0861641692736646e-12,
    8.901710757990951e-13,
    2.9464015366340454e-12,
    3.1339046416645455e-12,
    1.0065982310920267e-11,
    9.037305490762626e-12,
    9.330475386190767e-12,
    8.009851644439114e-12,
    9.718627608934406e-12,
    7.626737183023818e-12,
    9.838239208151803e-12,
    1.017967947950253e-11,
    1.301704884516292e-12,
    1.3848789807101092e-12,
    1.2965692434422227e-12,
    1.045856629617637e-12,
    1.0240430644376582e-12,
    2.724321705254214e-12,
    3.25021915281099e-13,
    1.6105976137150942e-12,
    8.38506228689393e-12,
    7.209758342605446e-12,
    6.421803971001133e-12,
    6.883919299219326e-12,
    8.919755814470112e-12,
    7.730300839210695e-12,
    8.330482607220338e-12,
    1.061087531631e-11,
    1.2763211587312472e-12,
    1.3446465575962582e-12,
    1.2766597545304165e-12,
    1.2229412570073448e-12,
    6.992001888909022e-18,
    6.589300956094813e-13,
    6.201746701875836e-13,
    1.713926106582417e-13,
    9.479233623025008e-12,
    7.276135761829888e-12,
    8.374473880060057e-12,
    9.853424941604798e-12,
    8.060249156970912e-12,
    6.871222954588023e-12,
    8.458222584080263e-12,
    9.17545848654488e-12,
    1.3251225027862167e-12,
    1.2778981166983317e-12,
    1.313400164086019e-12,
    7.67643176383497e-13,
    1.1616578754248478e-12,
    1.6659075563232743e-12,
    5.541272390146356e-13,
    2.7863700584506905e-15,
    1.053998513235843e-11,
    9.241041355554462e-12,
    7.166409687380853e-12,
    9.763427590932793e-12,
    8.022889318410216e-12,
    7.575684343509629e-12,
    7.261043144969711e-12,
    8.594273883632432e-12,
    9.512430823551138e-12,
    1.3251188966563173e-12,
    1.2992437986719696e-12,
    3.822456875061209e-12,
    1.7431227131372167e-12,
    1.169932859902214e-12,
    1.0103090489026421e-12,
    5.171588047335777e-12,
    6.733242374304109e-12,
    9.623969943365805e-12,
    7.338311291261897e-12,
    7.0506103209694245e-12,
    6.3892105733862925e-12,
    9.307464716508627e-12,
    8.060836178420149e-12,
    7.38858575263628e-12,
    9.596356940869348e-12,
    1.3760302648523089e-12,
    1.2410295801322936e-12,
    1.3436634804264534e-12,
    5.319865176850315e-13,
    1.864232894623994e-12,
    8.409827736520588e-12,
    6.998298358780749e-13,
    1.5157321489155027e-12,
    7.0814898535402735e-12,
    8.223299440058586e-12,
    7.823714548104739e-12,
    1.0848396026719359e-11,
    7.665605033815722e-12,
    8.290735491388963e-12,
    1.2063270691921658e-11,
    7.773794477123343e-12,
    1.2513765450805054e-12,
    1.4154522551514287e-12,
    1.3168060114286028e-12,
    1.1334013530792798e-12,
    5.863893241055851e-13,
    1.004011187566868e-12,
    1.0129262198239088e-13,
    1.6915597634401002e-12,
    9.284720721441604e-12,
    9.488460435188266e-12,
    7.9804424915704e-12,
    6.451672537429003e-12,
    7.161529323495559e-12,
    7.901573243680707e-12,
    8.511346518733321e-12,
    9.351225134993412e-12,
    1.2624700230851605e-12,
    1.2835376426793624e-12,
    1.4026474490181094e-12,
    8.688260657539571e-13,
    1.2041478280779492e-12,
    2.8865671526408495e-12,
    3.644746918592452e-13,
    3.2875193449777714e-15,
    8.624309730576988e-12,
    9.510030375625127e-12,
    7.272692500306271e-12,
    1.0075327914883031e-11,
    8.013613817677989e-12,
    9.074810190931126e-12,
    9.435683998615346e-12,
    8.73471743023352e-12,
    3.04351342292143e-12,
    1.2848269610299065e-12,
    1.3454993908657615e-12,
    1.0930050173999285e-12,
    3.286146251502809e-12,
    1.1964546450320719e-12,
    6.689291144249345e-13,
    1.5130522132380065e-13,
    7.667680744299696e-12,
    7.805053431974157e-12,
    9.533311492594319e-12,
    6.7864818788084186e-12,
    7.358312397675032e-12,
    7.289590345322547e-12,
    8.243675721466254e-12,
    1.1078520476340235e-11,
    8.937156929138825e-12,
    1.3530247779018e-12,
    1.339230953989913e-12,
    1.3101100080718428e-12,
    1.1612013588895048e-12,
    2.163200570611564e-12,
    5.550961757111876e-13,
    3.1777885952705225e-12,
    4.020152142752903e-12,
    1.2530713729494208e-11,
    8.67561887719467e-12,
    1.0333656266281812e-11,
    9.91249198676415e-12,
    7.832921223524173e-12,
    1.2259754586495201e-11,
    1.0427260077639736e-11,
    1.0545417752620844e-11,
    1.3334860697434826e-12,
    1.3719502570699143e-12,
    1.2778172317402026e-12,
    1.1325473885484033e-12,
    1.1623971374249781e-12,
    7.817009974867264e-12,
    7.310306103727537e-13,
    1.5019160565931855e-12,
    7.831032075739906e-12,
    7.34464353416669e-12,
    7.654917522345568e-12,
    6.6906588071130034e-12,
    9.480248134416853e-12,
    7.0419414248793175e-12,
    8.89753141171263e-12,
    1.0327887162027854e-11,
    1.3221484866896941e-12,
    1.3019832859375248e-12,
    1.4059996608846426e-12,
    9.169722058226111e-13,
    3.798031152977675e-18,
    5.669425949495359e-13,
    7.883357782406767e-13,
    1.861358249140898e-12,
    6.700395859396715e-12,
    7.149972861222262e-12,
    7.231326682650913e-12,
    7.33370272233492e-12,
    9.694988507125718e-12,
    8.081380410287467e-12,
    9.195275798130867e-12,
    7.745862994895034e-12,
    1.3476048676468818e-12,
    1.3907940790699775e-12,
    1.33528999414498e-12,
    1.1490434500501804e-12,
    1.0900847878704803e-12,
    2.7067865707812396e-12,
    2.5384024546788764e-12,
    5.729802432330862e-15,
    7.449578216447748e-12,
    7.256655139111397e-12,
    6.648048667731431e-12,
    7.536653874644069e-12,
    8.425197136296018e-12,
    8.597849909799085e-12,
    9.43265829510425e-12,
    9.100204221634949e-12,
    1.2370038325105506e-11,
    1.2778397665810638e-12,
    1.2727686613541609e-12,
    0.0,
    1.2676249675519432e-12,
    8.876676082039168e-13,
    6.292155889401992e-12,
    2.0973871177505097e-12,
    1.1935570007484605e-11,
    1.0559660476532325e-11,
    8.404309305126403e-12,
    7.370003317265905e-12,
    7.968447072194357e-12,
    8.705764407945814e-12,
    1.1123453628796641e-11,
    8.090362885984946e-12,
    1.2575004199779052e-11,
    1.3070712239413664e-12,
    1.3724467680033661e-12,
    1.2002644667831391e-12,
    7.439922739975111e-13,
    5.703971748561682e-13,
    1.2861013700511163e-12,
    2.9164436319050134e-13,
    2.0653630811685824e-12,
    1.007120798125186e-11,
    8.151356324271008e-12,
    6.954339760060626e-12,
    6.804594909920435e-12,
    7.281914813764938e-12,
    9.886839455333008e-12,
    8.16027448378913e-12,
    1.1072381879168927e-11,
    1.2622736703611488e-12,
    1.2831175536243257e-12,
    1.355466216342043e-12,
    1.1873152634639234e-12,
    1.2391093825624032e-18,
    6.736530560286977e-12,
    1.7814388696146722e-12,
    4.831392356917058e-15,
    7.87634885869128e-12,
    6.9553456879223466e-12,
    7.30861689558684e-12,
    7.866398696419742e-12,
    6.5503065086934956e-12,
    7.9780085220156e-12,
    7.237690692358069e-12,
    9.156910063768028e-12,
    1.3440860457617135e-12,
    1.3119448952406917e-12,
    1.3386154664458545e-12,
    1.0401789204149709e-12,
    1.1136527512458475e-12,
    7.527705854641356e-13,
    7.772781593441159e-13,
    3.571954267454126e-15,
    6.880029262012939e-12,
    7.410061212045887e-12,
    7.371052087453728e-12,
    7.833950819463469e-12,
    7.0945575996696365e-12,
    7.016065964546881e-12,
    8.889417388933098e-12,
    1.0384084411621214e-11,
    1.3528326810283238e-12,
    1.2725684351172531e-12,
    1.3150048216976903e-12,
    4.260861405605686e-13,
    7.836494208798589e-13,
    6.561772396095679e-12,
    5.459354291712004e-13,
    1.4442640237658391e-12,
    8.820661428215587e-12,
    1.0705767970337296e-11,
    8.110388295552679e-12,
    8.587396454556713e-12,
    8.00003529548046e-12,
    9.119226440958376e-12,
    7.427359200908126e-12,
    8.661866359672563e-12,
    8.831022014038587e-12,
    1.306425372357849e-12,
    1.337926546224533e-12,
    1.3116266435129082e-12,
    1.0471760268942526e-12,
    9.43313952426276e-13,
    7.121028889033941e-13,
    8.528442383084675e-13,
    8.647884853675487e-12,
    1.0617344401506407e-11,
    6.94831560067772e-12,
    7.685286544920396e-12,
    8.014705365124662e-12,
    8.756515736627838e-12,
    7.560609887338089e-12,
    9.689560621902827e-12,
    8.256520182344702e-12,
    1.2823154077846732e-12,
    1.3186357288810202e-12,
    1.2597883129974712e-12,
    9.391201732201836e-13,
    7.387374030205681e-13,
    8.020700067888141e-13,
    6.543402513391379e-13,
    1.4826515541862401e-12,
    7.185206908078513e-12,
    9.36893879071821e-12,
    7.643916391579052e-12,
    6.845238680534026e-12,
    7.528726827613344e-12,
    1.0390982598022855e-11,
    7.591073308665212e-12,
    8.44719004611341e-12,
    1.4362495288666152e-12,
    1.3468624236030407e-12,
    1.3437615955749717e-12,
    1.1198334042324873e-12,
    8.490368422860505e-13,
    1.010954515570856e-12,
    6.012505649009481e-13,
    1.5444146863137381e-12,
    7.951987575122638e-12,
    9.959385841979004e-12,
    7.368501505123882e-12,
    5.878588684246252e-12,
    9.26923941834476e-12,
    7.947838809706075e-12,
    9.165273010050142e-12,
    7.894031897182268e-12,
    1.3181689962309316e-12,
    1.3135162919347759e-12,
    1.2820891596739867e-12,
    8.883252259738718e-13,
    1.0148785397020955e-12,
    1.2397654292005664e-12,
    9.911601946461786e-13,
    1.2419469338778315e-14,
    9.529664714225791e-12,
    7.874447368082339e-12,
    7.760374091158275e-12,
    9.27526182018802e-12,
    7.885881352943589e-12,
    1.0061916208865402e-11,
    9.877758716371135e-12,
    1.1046980373772817e-11,
    1.6454358049358458e-12,
    1.3349277626827017e-12,
    1.2875055714254744e-12,
    8.489012758231521e-13,
    2.623998073255756e-12,
    1.4326979338607468e-12,
    7.450151751067017e-12,
    1.3762770786541194e-15,
    8.433246489715904e-12,
    8.82340470195909e-12,
    8.890793645477119e-12,
    8.79178792476271e-12,
    8.350355747083885e-12,
    9.019681805512064e-12,
    6.714067248469944e-12,
    9.502437891259357e-12,
    8.982308304837246e-12,
    1.258535172768779e-12,
    1.356633589686084e-12,
    1.3267832446035486e-12,
    7.586316274947697e-13,
    4.884329613513617e-13,
    5.013016511791739e-13,
    6.358012484827326e-12,
    4.2368382179458556e-12,
    8.087357546444367e-12,
    8.767779471906499e-12,
    7.159912098616136e-12,
    6.130426336101873e-12,
    6.663982373796393e-12,
    6.50653453701879e-12,
    9.537690739456084e-12,
    9.839792887948903e-12,
    1.298577127704042e-12,
    1.3724479875340888e-12,
    1.3226184140944793e-12,
    1.0639763762119258e-12,
    7.900806119038293e-15,
    9.305853513551166e-13,
    3.8220519636581485e-13,
    1.930361390410057e-15,
    7.542073681344648e-12,
    7.574010919010245e-12,
    7.1498221965236725e-12,
    7.789936172693889e-12,
    1.1186516058220393e-11,
    6.705449931657626e-12,
    8.533827348254665e-12,
    1.105597431424727e-11,
    1.3560463177667872e-12,
    1.2780983990562954e-12,
    1.3182396133878502e-12,
    8.452530046162405e-13,
    1.1983894628917861e-12,
    1.150807470798239e-12,
    8.266627198728717e-13,
    5.040293123704331e-15,
    7.027917769001281e-12,
    9.750430661224332e-12,
    8.111080524870843e-12,
    9.252869431773304e-12,
    1.07247791691048e-11,
    7.450370537551484e-12,
    8.353599665147344e-12,
    9.338589841518885e-12,
    1.2443925093470886e-12,
    1.2915917839631098e-12,
    1.3001800004644805e-12,
    8.894479031813951e-13,
    1.1552911080324458e-12,
    6.311161802166142e-13,
    3.195675479427341e-12,
    1.653766151237852e-12,
    7.577044694067746e-12,
    8.435821077985244e-12,
    7.952938430756065e-12,
    6.816541307386423e-12,
    8.160340566531345e-12,
    9.669133113696281e-12,
    7.92142198842274e-12,
    1.0570266470680708e-11,
    8.418791830924925e-12,
    1.314378753747987e-12,
    1.3541681023885519e-12,
    0.0,
    1.1869724429852171e-12,
    1.0104980276608127e-12,
    9.052977267450275e-13,
    2.5360678924842483e-13,
    7.397702823012142e-12,
    6.7338966792347264e-12,
    7.580079408599024e-12,
    7.396318400942315e-12,
    9.32158814860682e-12,
    9.440570204778281e-12,
    8.308682781118976e-12,
    9.462623114733105e-12,
    8.648294694615216e-12,
    1.3445292080007151e-12,
    1.3689890924012488e-12,
    1.2811654707267295e-12,
    1.2418369356512553e-12,
    1.180205774290834e-12,
    1.865610476018797e-12,
    7.913629026968244e-13,
    1.927928656838203e-12,
    7.069038085726991e-12,
    7.403512516368182e-12,
    9.651251972479017e-12,
    7.456068513983078e-12,
    8.843182055914713e-12,
    8.163549599590907e-12,
    9.833137645472715e-12,
    9.370502406387251e-12,
    1.279488422570933e-12,
    1.358592510156616e-12,
    1.3327931897152976e-12,
    8.106659518339497e-13,
    7.346712937162382e-13,
    9.705243995311876e-13,
    1.475063188222547e-13,
    1.2687432498832061e-12,
    6.949807834740588e-12,
    9.384679952247123e-12,
    1.078945262035237e-11,
    7.413110578198812e-12,
    7.42416002032737e-12,
    7.382214830836586e-12,
    8.754193401555652e-12,
    9.114237230471862e-12,
    1.3181476107018106e-12,
    1.3432575042877917e-12,
    1.3367783213960326e-12,
    3.309373855689011e-13,
    1.2134437718221917e-12,
    4.349014826603386e-13,
    5.602817730715588e-13,
    6.383268442261019e-13,
    7.545987393516404e-12,
    8.410993390008366e-12,
    8.149696432939712e-12,
    7.598094271345446e-12,
    7.877317841589058e-12,
    1.1396216679241164e-11,
    1.0207648766069634e-11,
    1.0026193221388562e-11,
    2.6778534537254138e-12,
    1.2718075074927102e-12,
    1.395632924042549e-12,
    5.091944966287627e-13,
    2.4762176360840748e-12,
    8.124133035012026e-13,
    6.72229065615961e-12,
    1.6062246017524242e-12,
    1.0304670862707849e-11,
    7.74722163772093e-12,
    1.116508793118809e-11,
    9.213139064472328e-12,
    8.598008833180829e-12,
    8.86323891850966e-12,
    7.46091753128083e-12,
    9.550298661386999e-12,
    1.0170091238234624e-11,
    1.272606230141757e-12,
    1.4543883475583544e-12,
    1.41669787464035e-12,
    1.0227573345571043e-12,
    1.232418879312709e-12,
    6.838419294906023e-13,
    4.477186275152517e-12,
    7.24099638105322e-12,
    7.871790817215427e-12,
    9.808290387232297e-12,
    7.263438725101669e-12,
    6.637774948108694e-12,
    8.951639999170309e-12,
    7.2639824611482105e-12,
    8.418545401608663e-12,
    8.268553445025314e-12,
    1.2508260628073259e-12,
    1.256985933327425e-12,
    1.3558061379038235e-12,
    8.821230713257921e-13,
    9.534672169729907e-13,
    7.010520340549956e-12,
    8.32640550612275e-13,
    1.9035315080585027e-12,
    7.355847345462914e-12,
    7.0716171862066414e-12,
    9.35208991193492e-12,
    8.862064359331182e-12,
    7.457668221122838e-12,
    8.01559689098002e-12,
    8.275632824564613e-12,
    7.520055035438648e-12,
    1.2641184798008668e-12,
    1.3547660004962942e-12,
    1.3372211078279067e-12,
    1.414939853090879e-12,
    1.6282030831559556e-12,
    5.915483720795757e-12,
    9.214492892472687e-13,
    1.1252714746657935e-12,
    6.997721610557165e-12,
    6.248929493793911e-12,
    1.2247429172754844e-11,
    9.390864634574708e-12,
    9.621074883699416e-12,
    7.071513738563681e-12,
    8.504734815575411e-12,
    9.30304712501173e-12,
    1.3162370345520072e-12,
    1.2606500882466635e-12,
    1.3245835118576874e-12,
    4.727839289009223e-13,
    1.1664473182965606e-12,
    5.771444204209606e-13,
    3.497159310681508e-13,
    4.647795557697563e-15,
    9.610567147511006e-12,
    7.596759109040725e-12,
    7.175154218711291e-12,
    7.582735835503707e-12,
    6.8874762601256135e-12,
    7.417573253223061e-12,
    8.221025784306525e-12,
    8.281459092150226e-12,
    9.309169234990892e-12,
    1.3452327610520115e-12,
    1.4174597733990454e-12,
    8.57741255352126e-13,
    1.1591559901635553e-12,
    9.025647197759813e-13,
    5.997831136420013e-13,
    1.0098784730167685e-12,
    9.901936276813514e-12,
    8.840044476143381e-12,
    8.16001118928413e-12,
    8.689507091376538e-12,
    8.206437858248413e-12,
    7.823986236499075e-12,
    6.900505464728719e-12,
    9.203880891774247e-12,
    8.266760899526462e-12,
    1.312077129751409e-12,
    1.3316412246505552e-12,
    1.2196461645492371e-12,
    8.277046690524369e-13,
    8.17243232695827e-12,
    1.0541366058530236e-12,
    8.13706516009952e-13,
    1.5741753226104242e-12,
    8.721517135643138e-12,
    9.08820495963932e-12,
    1.185409928070269e-11,
    7.620860060357173e-12,
    1.0118679435567997e-11,
    8.90705443074516e-12,
    1.0186318863069441e-11,
    8.47791222504378e-12,
    1.2560080812589725e-12,
    1.3127463147660192e-12,
    1.3927621906606677e-12,
    9.97095665418259e-13,
    1.567253307693222e-17,
    7.577929998836609e-13,
    7.044701821283573e-14,
    9.189811631922028e-13,
    6.551618456248308e-12,
    7.830750247579982e-12,
    8.01393451005396e-12,
    7.429426946815827e-12,
    7.49888311772524e-12,
    7.95643043658462e-12,
    7.935213118275554e-12,
    8.784979674286848e-12,
    1.3162160859561494e-12,
    1.3855263786089252e-12,
    1.2434006928404591e-12,
    1.7247777678410862e-12,
    9.34223994868131e-13,
    5.879800413722633e-13,
    6.342876705082071e-13,
    5.8547361712765434e-15,
    8.083873771669875e-12,
    7.374955038453893e-12,
    7.068665738320142e-12,
    9.937547239126437e-12,
    7.802239279667705e-12,
    1.0371248891572762e-11,
    8.259954374446942e-12,
    1.1340680309365948e-11,
    1.3494251858476497e-12,
    1.3689260510262099e-12,
    1.3371788707731857e-12,
    6.997968359955079e-13,
    8.413265972547951e-13,
    9.179841642324162e-13,
    7.1458693064815645e-12,
    1.830431939516317e-12,
    7.562321321302353e-12,
    8.482035392815464e-12,
    6.930758209042404e-12,
    7.943943195871899e-12,
    7.502547696222633e-12,
    8.260499006554198e-12,
    7.54827323409629e-12,
    1.233237103399096e-11,
    7.93256228566158e-12,
    1.2935139356968315e-12,
    1.3238818622280233e-12,
    4.148186087178462e-12,
    1.0491386284140732e-12,
    7.649618686268103e-12,
    7.181921254291636e-13,
    4.698443916083635e-13,
    8.529331068447008e-12,
    1.0505520037862893e-11,
    6.779347542497581e-12,
    9.576745733669407e-12,
    6.320215683996304e-12,
    8.120652448845416e-12,
    7.057475185304689e-12,
    9.879377935691981e-12,
    1.1956801774231041e-11,
    1.3029091910090034e-12,
    1.2831959839790913e-12,
    1.2389839704920348e-12,
    8.540307654875285e-13,
    1.3910823660008728e-12,
    9.888692320860875e-13,
    6.960102428700315e-13,
    1.2943602733154387e-12,
    9.040771974168917e-12,
    6.575314124926038e-12,
    9.573504706590984e-12,
    1.0532057185307708e-11,
    9.340377725817441e-12,
    8.984985095573477e-12,
    8.05968122860967e-12,
    9.755356823395151e-12,
    1.3469785676729038e-12,
    1.3245465335541987e-12,
    1.390999997296407e-12,
    1.0044224268574988e-12,
    3.692697842906693e-17,
    1.0825174156480227e-12,
    6.314047883616812e-14,
    5.831640461417218e-15,
    6.862235741723381e-12,
    1.043605988380087e-11,
    7.34303114725519e-12,
    8.997787312044546e-12,
    8.711710919075577e-12
  ],
  "rhs_norm_N": [
    0.19474509486045,
    0.17065332561578128,
    0.23447287540164588,
    0.17220030400749148,
    0.2709316072372235,
    0.1947169377647727,
    0.04108030511731387,
    0.04234680363404487,
    0.04330029707583283,
    0.03456544444601021,
    0.04002332188734569,
    0.1121405158340001,
    0.003015831085233621,
    0.1792710138016973,
    0.21387745778491238,
    0.1787821126447725,
    0.21598135814912406,
    0.1877897635887085,
    0.17718438936648748,
    0.19149698016443295,
    0.21118062698287832,
    0.18734649513237914,
    0.03687298183212506,
    0.04110174489647466,
    0.03821030284846606,
    0.030196029741944425,
    0.06858380223403876,
    0.026256745326142264,
    0.02829408798798548,
    0.056314691830785094,
    0.20678492858310754,
    0.21565465219434765,
    0.21818889668306407,
    0.2032363903822916,
    0.16569975222350936,
    0.17913505315702224,
    0.19143612317635242,
    0.25950982821728075,
    0.03907433809732305,
    0.04023441765228484,
    0.04142588005155559,
    0.024066605028237157,
    0.04125886717080127,
    0.03754258813307575,
    0.19930675441255818,
    0.06607151117447507,
    0.22092090330878916,
    0.2686149950201825,
    0.26880187136206135,
    0.17050764589543774,
    0.2335279092381823,
    0.20009560485375236,
    0.19718738492668336,
    0.22431881117384267,
    0.040544662884707386,
    0.03782511300249989,
    0.04022432923630752,
    0.02417012428352829,
    0.030066646607105337,
    0.03297616414589638,
    0.029782060290420746,
    6.734233414687118e-05,
    0.19796785207534692,
    0.22923194191515261,
    0.2776615658509919,
    0.24863116222667278,
    0.18201748288874806,
    0.16763515108019775,
    0.19414771735319583,
    0.26814270326672557,
    0.053519970534573885,
    0.03983318377116941,
    0.039379635022062605,
    0.02222072867735094,
    0.060127592543893195,
    0.033845790969115844,
    0.08870552258384375,
    0.08145009877304442,
    0.18663749022380502,
    0.22214955159064048,
    0.2213724005444941,
    0.19262580604328464,
    0.19970119390050758,
    0.1965894592291622,
    0.20387092599519724,
    0.20455086884560328,
    0.20735835315658394,
    0.038931060785493306,
    0.04069872433838742,
    0.03587149576542217,
    0.027446353130177237,
    0.030937613672176584,
    0.04136798984565388,
    0.015067086285774613,
    0.09922786504483715,
    0.1789884455232459,
    0.20273200064508165,
    0.1862443349021472,
    0.20990948867274067,
    0.22480329719579117,
    0.24524268916923184,
    0.2355669074427515,
    0.21951297125391814,
    0.03455845493508351,
    0.03614316038777131,
    0.042861463313570984,
    0.03242204430713107,
    0.011789946304966293,
    0.1929589719333474,
    0.034011972859274237,
    0.048398016022861645,
    0.2263258872150094,
    0.2752900390591937,
    0.24482316296788034,
    0.20116200056130168,
    0.27829366990074,
    0.19251050325537863,
    0.165584635818395,
    0.25637661194096756,
    0.04076581481912522,
    0.03950723368156734,
    0.03666908185233782,
    0.0359722968378988,
    0.026372900233924673,
    0.03773975095433853,
    0.027684958584921707,
    0.00014881596609483288,
    0.18119045871705738,
    0.17732293834584842,
    0.2854048179716198,
    0.18672151155760547,
    0.24864781704311545,
    0.20643306745073658,
    0.20628583696644268,
    0.19519388723001568,
    0.03930165932542902,
    0.03584208547133969,
    0.0390445007422281,
    0.04644887216040624,
    0.039919764123936885,
    0.04137234363431323,
    0.036346865855252576,
    0.00013320995692930884,
    0.20804666398272903,
    0.2251890544946565,
    0.2031324324708677,
    0.18557967594080332,
    0.20972858358993915,
    0.1670510354761858,
    0.22390361133924885,
    0.21470458055827327,
    0.24751338551312665,
    0.04088579954644599,
    0.04180516904605569,
    0.0,
    0.02422866985537622,
    0.035839518762904844,
    0.03238624838277211,
    0.04640268572869867,
    0.1807168657675403,
    0.2555934361858977,
    0.23641675085242825,
    0.17166236510177413,
    0.17463630532163654,
    0.2025308013330765,
    0.21144549480051186,
    0.22715115406351313,
    0.23631294473960132,
    0.04132025658656802,
    0.036551619173472584,
    0.03502054421834686,
    0.03353819179437743,
    0.03561585983873912,
    0.03137670879473293,
    0.03021434919324998,
    0.06630653137369133,
    0.22043138126445064,
    0.2095751175831988,
    0.25577030785575844,
    0.22798489897971383,
    0.21881965576780332,
    0.22992794705009165,
    0.1961235249255288,
    0.25200234043077707,
    0.03924607546528582,
    0.04084094520576094,
    0.042007644869752975,
    0.07781572411493773,
    0.035049021240276805,
    0.039028713099412304,
    0.03208801483515176,
    0.08194117799885499,
    0.21268260681950835,
    0.20892869444247159,
    0.22006249528274704,
    0.21081542265556358,
    0.2097531824442853,
    0.2558823455627634,
    0.18516953514459505,
    0.1947398712196357,
    0.035058328411967,
    0.04035446457782136,
    0.04259976776925382,
    0.02470792874941942,
    0.03340830357276219,
    0.1842213751606911,
    0.02732311699203496,
    0.00013741151319057125,
    0.23661586925253825,
    0.2573543111033181,
    0.26998390623303425,
    0.2227973399205047,
    0.1802522387844181,
    0.1632737222894154,
    0.1790351423871964,
    0.17538737371135574,
    0.03813985581663454,
    0.03681910532036175,
    0.038533577228526274,
    0.027375207763467184,
    0.012073097674161502,
    0.196380958158302,
    0.029791329217558386,
    0.05210087869498372,
    0.2386542173899327,
    0.22907082499185125,
    0.26805839218944466,
    0.2819577146724205,
    0.17439046516538517,
    0.2487631353633082,
    0.23449633351591706,
    0.1843660445265533,
    0.19240781591821612,
    0.03681304981197698,
    0.03640040333305543,
    0.036610034647546405,
    0.03864647547202118,
    0.2207235133561484,
    0.03448928581816887,
    0.012059205978297903,
    0.23272619900012478,
    0.24680482745251586,
    0.22205820308123508,
    0.24779666875466758,
    0.2176966293606462,
    0.17063150920864445,
    0.24449410800793292,
    0.21272694842155804,
    0.23328553231103533,
    0.038908517532892734,
    0.03684798062976191,
    0.039166700972598244,
    0.036146773750184394,
    0.03740492535053584,
    0.06592104450921196,
    0.06895327880180732,
    0.013339417928376288,
    0.17631604800947404,
    0.20847499196745883,
    0.22227789646955556,
    0.21413237405471464,
    0.1687641940035717,
    0.20974027663617656,
    0.1800235994297198,
    0.2056286459565879,
    0.03818274326007132,
    0.0416447756275521,
    0.0430981616175202,
    0.03680345477921153,
    0.037029178449542455,
    0.1927069637564091,
    0.03528216914899858,
    0.0001439954194172785,
    0.28530372626018186,
    0.2301653827957933,
    0.17770525015760827,
    0.19015316810798064,
    0.2673144439174543,
    0.20376404965019368,
    0.21283062789981616,
    0.2027567310551673,
    0.03830367348045327,
    0.03927318645146756,
    0.040195322297499926,
    0.03742927522008025,
    0.0307579309413375,
    0.03686088117341925,
    0.01850797300991896,
    7.362426905965749e-05,
    0.22829720458463582,
    0.24421304588020834,
    0.19326527093587256,
    0.2208423057338706,
    0.21968840543750887,
    0.20674489484562544,
    0.18127110890771927,
    0.1671960288705689,
    0.2519924438400064,
    0.03597659406508136,
    0.042481300791799806,
    0.02292637010204275,
    0.024183259702732704,
    0.03371948438663474,
    0.1759113233308076,
    0.06461477119463171,
    0.2682293426300768,
    0.2586190615815867,
    0.2731084449348476,
    0.21112574984794757,
    0.2374280435934087,
    0.16565441377061182,
    0.1743493100833227,
    0.19127554399925475,
    0.21963696493871881,
    0.04113251189556927,
    0.04208784961883897,
    0.03986331305404135,
    0.035218126231532455,
    0.042089422623333074,
    0.032951292189733875,
    0.1073057812603953,
    0.09595782080659612,
    0.2767292250606448,
    0.20902495900386583,
    0.2354372241996578,
    0.17140858614258012,
    0.2571963445460075,
    0.1956392359939275,
    0.2338939108220708,
    0.2258111228561874,
    0.03703250265095071,
    0.039068206516217355,
    0.03721081452595779,
    0.03635854926898584,
    0.0371307584646624,
    0.08805092068752843,
    0.03013211435134902,
    0.06555094674674025,
    0.2145948205756285,
    0.1760194321987425,
    0.1837634222632369,
    0.20816861771215509,
    0.21616175459421058,
    0.17153497824769545,
    0.19536059245308118,
    0.24093669869703788,
    0.036841995242033646,
    0.04157848936274082,
    0.03594630752540411,
    0.028299806126190166,
    2.2263188295432603e-07,
    0.02688605800010465,
    0.029448120522745157,
    0.011509832530005915,
    0.26150646346576817,
    0.20194461251293508,
    0.23781224939134737,
    0.23923505620834962,
    0.20882567296494728,
    0.19856130257845697,
    0.1915922618288812,
    0.23854065780111983,
    0.03576928242863061,
    0.035180032566782274,
    0.036905889993503645,
    0.03720657535718723,
    0.039397077037965376,
    0.040878642081615825,
    0.031485574389265227,
    4.097658809502663e-05,
    0.25527618624421694,
    0.2629324060014257,
    0.21132327411927643,
    0.26416508527809346,
    0.19901266249061517,
    0.2103714527995824,
    0.19610878401653034,
    0.17659546072533264,
    0.21930319385791602,
    0.037552425765239365,
    0.03809199204159453,
    0.12151225398605837,
    0.0698060605230381,
    0.04051917257008848,
    0.03426742674430496,
    0.13369866521936855,
    0.18029182620149378,
    0.2284191587709908,
    0.20899594786430328,
    0.17361849732157383,
    0.19828921633812147,
    0.202355611022567,
    0.19857680614930184,
    0.17036572690390372,
    0.23936835908215068,
    0.04023126358052947,
    0.03536995380536826,
    0.041137434647023664,
    0.038532359856702274,
    0.07556563161176202,
    0.19525534653346036,
    0.039961444617864716,
    0.037714248845141726,
    0.22020843428270098,
    0.20852909003753983,
    0.2119182933619573,
    0.2821791500162295,
    0.21474234913152188,
    0.19042403851802156,
    0.23848736529542464,
    0.1811037899886541,
    0.03570872104593968,
    0.04170143408271625,
    0.04270419955990902,
    0.03215229343093198,
    0.03547757112568616,
    0.03477303159331366,
    0.0015130830144269654,
    0.07246292907698637,
    0.24849703634709383,
    0.25567793399808725,
    0.1834266532277164,
    0.18163366394848404,
    0.21606592482579914,
    0.1881098581496,
    0.20157753585875904,
    0.19431833792072656,
    0.03528863756204818,
    0.039287778970152384,
    0.04100940166909751,
    0.021104157656890426,
    0.04069897369850785,
    0.08068769892299249,
    0.020154535755120887,
    6.140683752251434e-05,
    0.2378287347488365,
    0.2509678939738558,
    0.21252395556540615,
    0.24306788121894912,
    0.2087615551460957,
    0.2493261038466994,
    0.20068479633432107,
    0.17529490244007795,
    0.08781750671995711,
    0.037348438135544657,
    0.038987481030445255,
    0.03688370708764012,
    0.11620578700643384,
    0.040136722436253776,
    0.037777590618441693,
    0.002739363299253097,
    0.21145441688561267,
    0.2015803097683331,
    0.2549227772992875,
    0.18239204955582514,
    0.20047041317310949,
    0.19731990405666466,
    0.1804827062601701,
    0.24104579729220854,
    0.2017487556518191,
    0.0417162370797989,
    0.03650795309426594,
    0.0386977160946161,
    0.030318038295794495,
    0.06696625610107618,
    0.03653426202045189,
    0.1304273837334614,
    0.12568735612929055,
    0.2933679512573251,
    0.25222637999687136,
    0.24377553653777412,
    0.2662478216232033,
    0.1677808367741308,
    0.2324027857402267,
    0.21958597996581145,
    0.27093895741450286,
    0.03628273218732534,
    0.04199205175056359,
    0.04173769343816667,
    0.041118228652338315,
    0.03516000340730015,
    0.21270223925706,
    0.03475845696505465,
    0.050658575923774846,
    0.21296557436790195,
    0.18826293531993532,
    0.21807289621624235,
    0.1712982041371658,
    0.2591797865503335,
    0.21330454792762527,
    0.227718883643414,
    0.24812735182195775,
    0.034783759722845885,
    0.03682495089686347,
    0.039009534587685794,
    0.02421071435638201,
    5.286390524195094e-08,
    0.02550975361000522,
    0.035932131667857824,
    0.06991675699821925,
    0.21529812846459898,
    0.19507430008774934,
    0.20390305612276743,
    0.21152775369677948,
    0.23348795625455593,
    0.21771122936196993,
    0.2445606370693548,
    0.20052212915454423,
    0.03945440144164045,
    0.04036343925558949,
    0.04202183840102223,
    0.036025039149341305,
    0.035090507872074815,
    0.09466150269238247,
    0.10764793097235968,
    0.00010018369508424598,
    0.23278947354094082,
    0.17968471687648369,
    0.2087372513264694,
    0.16744015944957663,
    0.16983208483039733,
    0.2386897342177735,
    0.2461459324627048,
    0.1704260742593306,
    0.2579939632991565,
    0.03546077271365766,
    0.0368726543659289,
    0.0,
    0.03567750637407273,
    0.037019342600145784,
    0.23346559865294284,
    0.0846422913046771,
    0.27026137236311226,
    0.27537153994227714,
    0.23562218554056502,
    0.2308049872201501,
    0.21874917212394443,
    0.24124496397982972,
    0.2435659496535138,
    0.21058557748388865,
    0.24574291530880435,
    0.03787846908614893,
    0.04031127388573912,
    0.03504441457121693,
    0.022612039085363952,
    0.02796796914086465,
    0.037094240640016575,
    0.016383798180498944,
    0.06627223378541774,
    0.2808401630473473,
    0.21014356601969741,
    0.18062362833303153,
    0.17752352016547512,
    0.20144496131302692,
    0.2515537784965515,
    0.19383203971096122,
    0.2413204743138691,
    0.035692461720437586,
    0.03721583401123006,
    0.037098606296596,
    0.03942333770255426,
    2.4772846787025725e-08,
    0.23579566309405472,
    0.09330635284293128,
    8.303579131965169e-05,
    0.21022085334699667,
    0.20031051663204333,
    0.19390855926087494,
    0.20610738968953554,
    0.17670283840351214,
    0.21578418857686069,
    0.1815295870256606,
    0.20517713139572827,
    0.03882229979345222,
    0.04081469183907326,
    0.03967436415845758,
    0.03572937129940618,
    0.04220472147235192,
    0.03971213071038939,
    0.03529000362732504,
    6.214792388360784e-05,
    0.20874593338527778,
    0.20539983612495158,
    0.17006346819964352,
    0.19642973601021482,
    0.21692445360244744,
    0.1634543802181333,
    0.20580873275170888,
    0.2350897501415738,
    0.03650309839782052,
    0.03824086189161937,
    0.0357673275674125,
    0.030205934297086828,
    0.02907912775685608,
    0.17968203830821877,
    0.03657473339118868,
    0.049493217599411485,
    0.2512209431222094,
    0.26884702372912733,
    0.21821972538994774,
    0.2182848513588203,
    0.20883443817370556,
    0.2188875952027826,
    0.21743943780737168,
    0.2019105856631879,
    0.21122946366555992,
    0.035564734475335556,
    0.0354694867028567,
    0.037293566207342116,
    0.03324784214116029,
    0.038368868168029056,
    0.029349471982074583,
    0.04693986482760816,
    0.1804636359779283,
    0.295501576114393,
    0.1971077375186603,
    0.22302179074200135,
    0.17519041604428962,
    0.19516347160322509,
    0.2028809267264812,
    0.2137424277089228,
    0.18143462600237853,
    0.038914052063930456,
    0.03799679181933295,
    0.03686805121921706,
    0.02449544445698995,
    0.035416265783338646,
    0.03852638036952921,
    0.027157777437028015,
    0.04915093145573878,
    0.18312008299661006,
    0.26349137777722725,
    0.20774239673785908,
    0.17941307604642726,
    0.2104388547761481,
    0.22629593438777507,
    0.1630693832684026,
    0.22275659295114958,
    0.040403778408738864,
    0.041937502686806113,
    0.040647748075041734,
    0.036084094386886,
    0.03657005360756873,
    0.03719078270850078,
    0.03596573647863643,
    0.06377887800253108,
    0.20173980775047196,
    0.250776931717314,
    0.21974577497849443,
    0.1790545208231125,
    0.23905490637421317,
    0.1898707385973875,
    0.21609222609124906,
    0.1986749318507675,
    0.0384805188168914,
    0.036877466788819986,
    0.03696319761754716,
    0.02120614520243154,
    0.03460051462502952,
    0.037207105428698976,
    0.033481636274461976,
    0.0002444525316770513,
    0.26880429270659517,
    0.22812906348899514,
    0.21805126997134175,
    0.2276082657198848,
    0.18706947580941055,
    0.2739862897714547,
    0.2380539427224303,
    0.23725544462358103,
    0.0463171813274311,
    0.035726938552994386,
    0.0360869875611731,
    0.02478742307088952,
    0.08630072172196676,
    0.03933787256351361,
    0.23362444477946798,
    2.272870018053329e-05,
    0.2043820459554012,
    0.24162502864465085,
    0.2519850867447036,
    0.2661575924776574,
    0.20923601475937015,
    0.24206167922167549,
    0.1990605624046914,
    0.23722223055768366,
    0.19687915881346865,
    0.03523353477646092,
    0.03916809613753369,
    0.039921234079395664,
    0.03662346993774686,
    0.03309626597185587,
    0.03436586162338264,
    0.17114675635582238,
    0.1174908249753988,
    0.2329252063463701,
    0.25113642330939984,
    0.1880772814486942,
    0.16788714128271898,
    0.16015228333731604,
    0.19307208283093036,
    0.2421689015153802,
    0.24491679564622557,
    0.04073183718328127,
    0.042339490989702945,
    0.042127790819219156,
    0.03168485256710851,
    0.0003450691807177497,
    0.03573297369709115,
    0.02947031659477677,
    3.97661538760463e-05,
    0.22304559137181001,
    0.22167603907538913,
    0.21531132610508727,
    0.18919110756738872,
    0.25349017913835514,
    0.19041029557384528,
    0.19699417480044915,
    0.27928200129499414,
    0.03923760240579985,
    0.04203799200643095,
    0.037848659811722425,
    0.021561702405358846,
    0.048413678106416475,
    0.034343306764940046,
    0.035129430433336876,
    6.855507061584376e-05,
    0.2367072651292863,
    0.24765322788207952,
    0.20911303220434788,
    0.22813282683839697,
    0.21478400060733518,
    0.18259694497066006,
    0.21386944374530156,
    0.21891308679007207,
    0.036180966223919184,
    0.035182613217477746,
    0.036290210445313095,
    0.02227905960492681,
    0.03968263384751117,
    0.027560804249618008,
    0.0833899580652616,
    0.053698474470281,
    0.2349974059288515,
    0.2313474839667432,
    0.21953103622463302,
    0.19023215502646962,
    0.21459016169329645,
    0.20772926209966824,
    0.20993852544788885,
    0.25045732526983966,
    0.22622702672489609,
    0.037077868503969665,
    0.036340873696792626,
    0.0,
    0.04164950890175253,
    0.03789511440781868,
    0.02835663400179855,
    0.015785068642906692,
    0.17554637744904678,
    0.1942674822606998,
    0.21391746044442375,
    0.2001218339544413,
    0.2458818518074329,
    0.23060108517493233,
    0.2104940350600051,
    0.22974302825992962,
    0.20814959720834275,
    0.03858553284210378,
    0.04138412562352268,
    0.04137506371748886,
    0.037073622192833354,
    0.036770874756625896,
    0.06776510773663379,
    0.03477435855128295,
    0.06069314634023149,
    0.19342020560497472,
    0.19617949387606748,
    0.2872729824419545,
    0.17016174528750516,
    0.2470221210565602,
    0.21023409854285688,
    0.27666235429517655,
    0.19259965382074734,
    0.0379651674581253,
    0.0403754824736449,
    0.036587043740914406,
    0.03857887379070061,
    0.03799883638942234,
    0.03688592376629397,
    0.0035307686735903984,
    0.0743719325477714,
    0.21958644379815084,
    0.21573569159193515,
    0.25492367850904374,
    0.15828008018830064,
    0.1993124192374954,
    0.1922296333506955,
    0.22124721278664466,
    0.24444720934991296,
    0.035443145778629025,
    0.040530060704128706,
    0.038247294477388005,
    0.022322460089375898,
    0.0495287761689321,
    0.029744897200894762,
    0.031542357243563565,
    0.029214285999241505,
    0.20599194120919997,
    0.20214595333656182,
    0.20307511808283835,
    0.21103010007005574,
    0.20112908584782893,
    0.25113805711716575,
    0.24331928583138213,
    0.2004922622468299,
    0.07889296175784277,
    0.035092593201500634,
    0.040460494858928504,
    0.026409542982419213,
    0.07520221516709771,
    0.03262800570199002,
    0.1807402362671629,
    0.04767740636967927,
    0.2918207091848428,
    0.17910315319055817,
    0.2836218910044223,
    0.2717311003741336,
    0.23083567392905652,
    0.23533181741917944,
    0.18752645655634137,
    0.20890072796616493,
    0.21731733613380086,
    0.03493065405372725,
    0.042393672983589,
    0.04051182250108399,
    0.03328806680309929,
    0.04126412132747335,
    0.037035324476754554,
    0.1353273849730965,
    0.18834698827884275,
    0.2466882316531247,
    0.27074740604455405,
    0.17766754332139667,
    0.1825086456702499,
    0.2045552003557263,
    0.198525420676693,
    0.18670060598986843,
    0.1714765531082785,
    0.036137392061894695,
    0.03552685267949719,
    0.040501387597318694,
    0.023067271489042192,
    0.034512783584754805,
    0.22297552195631073,
    0.035777598570317364,
    0.06438162631690908,
    0.20924326356780876,
    0.22496664777671216,
    0.24591597929854753,
    0.25679091084164124,
    0.1953391286751165,
    0.1847089188836172,
    0.20159097985046034,
    0.19041381492414794,
    0.034582756919634625,
    0.040985945936637874,
    0.03777578505897708,
    0.05350951159045352,
    0.06331456861640335,
    0.2563661295783443,
    0.039641099205963586,
    0.06348737673033866,
    0.21327049655540675,
    0.18330321627955476,
    0.2866856290218816,
    0.22966420792523376,
    0.2532774090325012,
    0.18383770849532383,
    0.1653874513042075,
    0.23110726976054263,
    0.03577978630819969,
    0.037098430588627086,
    0.04087101686122586,
    0.02970101057001928,
    0.03954027576548785,
    0.02892151163949941,
    0.02364150189026037,
    9.017402381071206e-05,
    0.26888843650544125,
    0.20908818108908736,
    0.2240786737300019,
    0.21037928570055214,
    0.19473970644465793,
    0.18718055050857668,
    0.18623102818690943,
    0.18208928846166628,
    0.2038190807441391,
    0.035903860317743515,
    0.04178313617216298,
    0.031401774866498214,
    0.025546664398334685,
    0.039346812048647005,
    0.03746153399574256,
    0.07596922354454773,
    0.27899770311411626,
    0.2650853944436607,
    0.21994737198940875,
    0.2483634993380301,
    0.2001633730774921,
    0.17569042847386337,
    0.1842573100790858,
    0.2125506652727408,
    0.19417405449788916,
    0.04054259922252245,
    0.03766100169194114,
    0.039458577612437006,
    0.03218230694626943,
    0.1781547335135813,
    0.039931924507826566,
    0.06760846501620957,
    0.04742341181122016,
    0.23822387122995586,
    0.2535239419112127,
    0.27228663241637924,
    0.1951554104067335,
    0.2569309124009557,
    0.22560223434261334,
    0.24808989525383207,
    0.22884708875221446,
    0.03840721452506086,
    0.03943340926818293,
    0.04280252197878574,
    0.02744153237889652,
    2.1356227647820313e-07,
    0.0324271167474359,
    0.0012750568221555289,
    0.054172841342285644,
    0.2000928067847505,
    0.21908485346804144,
    0.21925696623668287,
    0.1948228163487768,
    0.18681979456824147,
    0.20531321731764643,
    0.21012534326367624,
    0.196757997452304,
    0.03721695660408871,
    0.04163500916409075,
    0.038767624275344185,
    0.03598995606453227,
    0.04017730837144122,
    0.03714383865372966,
    0.022642569020671573,
    9.936449597756161e-05,
    0.22413397257509676,
    0.2119024032426669,
    0.17413405836563048,
    0.2795558928793321,
    0.2154750838973216,
    0.24544663551190748,
    0.20094069940641848,
    0.2391786909126955,
    0.03844512591905526,
    0.0406268311590405,
    0.03748473621452078,
    0.02298124912415931,
    0.0258056405293065,
    0.03132136560145244,
    0.19169757022524436,
    0.056372042132954325,
    0.21320042920977017,
    0.18335831945271508,
    0.18534905270289015,
    0.193768778416842,
    0.16885503606840435,
    0.2472771840124069,
    0.17388913932837746,
    0.25812856305788573,
    0.1998521669727971,
    0.036115321742617355,
    0.04164004967645119,
    0.1258061877096416,
    0.02414622388426206,
    0.19555499098671283,
    0.024452913676837253,
    0.02428598339728621,
    0.22685311670728153,
    0.27348578959142783,
    0.18085124459585922,
    0.26494025565126655,
    0.17310679958050068,
    0.19885253329560051,
    0.17402385299856662,
    0.22907567621037314,
    0.2184116885840102,
    0.037359962259990206,
    0.03807935843942332,
    0.03697354253737561,
    0.03541838352293905,
    0.039689087369408634,
    0.07907722150006166,
    0.03180379946135674,
    0.04769246306059039,
    0.2308777967402015,
    0.1915250719331132,
    0.2723380097632807,
    0.28084875032811013,
    0.19166065638239313,
    0.25240501488180506,
    0.22882901997590238,
    0.211793005188428,
    0.03923358563922535,
    0.04195879403911174,
    0.03969715319269373,
    0.024376219555536243,
    6.398225957568376e-07,
    0.04054878087263639,
    0.0011921033679507943,
    9.509955219303581e-05,
    0.17089372911778378,
    0.25561327843831483,
    0.19781586620745117,
    0.2657045147487369,
    0.22088381657317438
  ],
  "profiler_note": "Captured Quadrants graphs are omitted by the kernel profiler; stage wall times include them.",
  "dofs": 2430,
  "tetrahedra": 480,
  "method_selected": "inverse",
  "surface_inverse_selected": true,
  "build_timings_including_JIT": {
    "topology_seconds": 0.2060592300258577,
    "operators_seconds": 0.9762167287990451,
    "factor_seconds": 13.67771269613877,
    "inverse_seconds": 0.4430645531974733,
    "surface_inverse_seconds": 0.23598500294610858
  },
  "stress_configurations": [
    {
      "mesh": "/mnt/home/zhaofeng/workspace/Genesis/.worktrees/rigid-stress-recovery/examples/rigid/assets/hollow_egg/level1/elastic.npz",
      "output_mode": "max",
      "young": 10000000000.0,
      "poisson": 0.3,
      "density": 2000.0,
      "contact_radius": 0.006,
      "quadrature": 10,
      "tolerance": 1e-08,
      "absolute_tolerance": 1e-11,
      "max_iterations": 2000,
      "warm_start": true,
      "history_size": 0,
      "method": "auto",
      "cooperative_solve": true,
      "cooperative_pressure": true,
      "cooperative_scatter": true,
      "face_parallel_scatter": true,
      "scatter_tasks_per_env": 32,
      "inverse_max_bytes": 67108864,
      "inverse_precision": "64",
      "surface_inverse": true,
      "packed_surface_loads": true,
      "fused_pipeline": true,
      "cached_peak": true,
      "cached_face_bounds": true,
      "inverse_corrections": 2,
      "preconditioner": "block"
    }
  ],
  "native_buffers": [
    {
      "name": "stress.0.info.vertices",
      "shape": [
        810,
        3
      ],
      "dtype": "torch.float64",
      "bytes": 19440,
      "kind": 1
    },
    {
      "name": "stress.0.info.elements",
      "shape": [
        480,
        10
      ],
      "dtype": "torch.int32",
      "bytes": 19200,
      "kind": 1
    },
    {
      "name": "stress.0.info.surface_nodes",
      "shape": [
        80,
        6
      ],
      "dtype": "torch.int32",
      "bytes": 1920,
      "kind": 1
    },
    {
      "name": "stress.0.info.edges",
      "shape": [
        6,
        2
      ],
      "dtype": "torch.int32",
      "bytes": 48,
      "kind": 1
    },
    {
      "name": "stress.0.info.gradients",
      "shape": [
        480,
        4,
        3
      ],
      "dtype": "torch.float64",
      "bytes": 46080,
      "kind": 1
    },
    {
      "name": "stress.0.info.corner_gradients",
      "shape": [
        480,
        4,
        7,
        3
      ],
      "dtype": "torch.float64",
      "bytes": 322560,
      "kind": 1
    },
    {
      "name": "stress.0.info.corner_nodes",
      "shape": [
        480,
        4,
        7
      ],
      "dtype": "torch.int32",
      "bytes": 53760,
      "kind": 1
    },
    {
      "name": "stress.0.info.volumes",
      "shape": [
        480
      ],
      "dtype": "torch.float64",
      "bytes": 3840,
      "kind": 1
    },
    {
      "name": "stress.0.info.row_start",
      "shape": [
        811
      ],
      "dtype": "torch.int32",
      "bytes": 3244,
      "kind": 1
    },
    {
      "name": "stress.0.info.columns",
      "shape": [
        20274
      ],
      "dtype": "torch.int32",
      "bytes": 81096,
      "kind": 1
    },
    {
      "name": "stress.0.info.element_entries",
      "shape": [
        480,
        10,
        10
      ],
      "dtype": "torch.int32",
      "bytes": 192000,
      "kind": 1
    },
    {
      "name": "stress.0.info.stiffness",
      "shape": [
        20274,
        3,
        3
      ],
      "dtype": "torch.float64",
      "bytes": 1459728,
      "kind": 1
    },
    {
      "name": "stress.0.info.mass",
      "shape": [
        20274
      ],
      "dtype": "torch.float64",
      "bytes": 162192,
      "kind": 1
    },
    {
      "name": "stress.0.info.modes",
      "shape": [
        810,
        3,
        6
      ],
      "dtype": "torch.float64",
      "bytes": 116640,
      "kind": 1
    },
    {
      "name": "stress.0.info.mass_modes",
      "shape": [
        810,
        3,
        6
      ],
      "dtype": "torch.float64",
      "bytes": 116640,
      "kind": 1
    },
    {
      "name": "stress.0.info.centrifugal",
      "shape": [
        810,
        3,
        6
      ],
      "dtype": "torch.float64",
      "bytes": 116640,
      "kind": 1
    },
    {
      "name": "stress.0.info.gram",
      "shape": [
        6,
        6
      ],
      "dtype": "torch.float64",
      "bytes": 288,
      "kind": 1
    },
    {
      "name": "stress.0.info.gram_inverse",
      "shape": [
        6,
        6
      ],
      "dtype": "torch.float64",
      "bytes": 288,
      "kind": 1
    },
    {
      "name": "stress.0.info.pins",
      "shape": [
        6
      ],
      "dtype": "torch.int32",
      "bytes": 24,
      "kind": 1
    },
    {
      "name": "stress.0.info.is_free",
      "shape": [
        810,
        3
      ],
      "dtype": "torch.int32",
      "bytes": 9720,
      "kind": 1
    },
    {
      "name": "stress.0.info.diagonal_inverse",
      "shape": [
        810,
        3,
        3
      ],
      "dtype": "torch.float64",
      "bytes": 58320,
      "kind": 1
    },
    {
      "name": "stress.0.info.scalar_diagonal_inverse",
      "shape": [
        810,
        3
      ],
      "dtype": "torch.float64",
      "bytes": 19440,
      "kind": 1
    },
    {
      "name": "stress.0.info.mass_properties",
      "shape": [
        4
      ],
      "dtype": "torch.float64",
      "bytes": 32,
      "kind": 1
    },
    {
      "name": "stress.0.factor.order",
      "shape": [
        810
      ],
      "dtype": "torch.int32",
      "bytes": 3240,
      "kind": 1
    },
    {
      "name": "stress.0.factor.row_start",
      "shape": [
        811
      ],
      "dtype": "torch.int32",
      "bytes": 3244,
      "kind": 1
    },
    {
      "name": "stress.0.factor.columns",
      "shape": [
        66669
      ],
      "dtype": "torch.int32",
      "bytes": 266676,
      "kind": 1
    },
    {
      "name": "stress.0.factor.sources",
      "shape": [
        66669
      ],
      "dtype": "torch.int32",
      "bytes": 266676,
      "kind": 1
    },
    {
      "name": "stress.0.factor.column_start",
      "shape": [
        811
      ],
      "dtype": "torch.int32",
      "bytes": 3244,
      "kind": 1
    },
    {
      "name": "stress.0.factor.rows",
      "shape": [
        66669
      ],
      "dtype": "torch.int32",
      "bytes": 266676,
      "kind": 1
    },
    {
      "name": "stress.0.factor.transpose_entries",
      "shape": [
        66669
      ],
      "dtype": "torch.int32",
      "bytes": 266676,
      "kind": 1
    },
    {
      "name": "stress.0.factor.lower",
      "shape": [
        66669,
        3,
        3
      ],
      "dtype": "torch.float64",
      "bytes": 4800168,
      "kind": 1
    },
    {
      "name": "stress.0.factor.diagonal",
      "shape": [
        810,
        3,
        3
      ],
      "dtype": "torch.float64",
      "bytes": 58320,
      "kind": 1
    },
    {
      "name": "stress.0.factor.diagonal_inverse",
      "shape": [
        810,
        3,
        3
      ],
      "dtype": "torch.float64",
      "bytes": 58320,
      "kind": 1
    },
    {
      "name": "stress.0.factor.valid",
      "shape": [],
      "dtype": "torch.bool",
      "bytes": 1,
      "kind": 1
    },
    {
      "name": "stress.0.inverse.blocks",
      "shape": [
        810,
        810,
        3,
        3
      ],
      "dtype": "torch.float64",
      "bytes": 47239200,
      "kind": 1
    },
    {
      "name": "stress.0.surface_inverse.nodes",
      "shape": [
        162
      ],
      "dtype": "torch.int32",
      "bytes": 648,
      "kind": 1
    },
    {
      "name": "stress.0.surface_inverse.force_blocks",
      "shape": [
        810,
        162,
        3,
        3
      ],
      "dtype": "torch.float64",
      "bytes": 9447840,
      "kind": 1
    },
    {
      "name": "stress.0.surface_inverse.centrifugal",
      "shape": [
        810,
        3,
        6
      ],
      "dtype": "torch.float64",
      "bytes": 116640,
      "kind": 1
    },
    {
      "name": "stress.0.surface.gauss",
      "shape": [
        10
      ],
      "dtype": "torch.float64",
      "bytes": 80,
      "kind": 1
    },
    {
      "name": "stress.0.surface.gauss_weights",
      "shape": [
        10
      ],
      "dtype": "torch.float64",
      "bytes": 80,
      "kind": 1
    },
    {
      "name": "stress.0.surface.positions",
      "shape": [
        8000,
        3
      ],
      "dtype": "torch.float64",
      "bytes": 192000,
      "kind": 1
    },
    {
      "name": "stress.0.surface.weights",
      "shape": [
        8000
      ],
      "dtype": "torch.float64",
      "bytes": 64000,
      "kind": 1
    },
    {
      "name": "stress.0.surface.shape",
      "shape": [
        100,
        6
      ],
      "dtype": "torch.float64",
      "bytes": 4800,
      "kind": 1
    },
    {
      "name": "stress.0.surface.face_origin",
      "shape": [
        80,
        3
      ],
      "dtype": "torch.float64",
      "bytes": 1920,
      "kind": 1
    },
    {
      "name": "stress.0.surface.face_edges",
      "shape": [
        80,
        2,
        3
      ],
      "dtype": "torch.float64",
      "bytes": 3840,
      "kind": 1
    },
    {
      "name": "stress.0.surface.face_dual",
      "shape": [
        80,
        2,
        3
      ],
      "dtype": "torch.float64",
      "bytes": 3840,
      "kind": 1
    },
    {
      "name": "stress.0.surface.face_normal",
      "shape": [
        80,
        3
      ],
      "dtype": "torch.float64",
      "bytes": 1920,
      "kind": 1
    },
    {
      "name": "stress.0.surface.face_bounds_low",
      "shape": [
        80,
        3
      ],
      "dtype": "torch.float64",
      "bytes": 1920,
      "kind": 1
    },
    {
      "name": "stress.0.surface.face_bounds_high",
      "shape": [
        80,
        3
      ],
      "dtype": "torch.float64",
      "bytes": 1920,
      "kind": 1
    },
    {
      "name": "stress.0.surface.grid.bounds",
      "shape": [
        2,
        3
      ],
      "dtype": "torch.float64",
      "bytes": 48,
      "kind": 1
    },
    {
      "name": "stress.0.surface.grid.cell_size",
      "shape": [],
      "dtype": "torch.float64",
      "bytes": 8,
      "kind": 1
    },
    {
      "name": "stress.0.surface.grid.starts",
      "shape": [
        4097
      ],
      "dtype": "torch.int32",
      "bytes": 16388,
      "kind": 1
    },
    {
      "name": "stress.0.surface.grid.samples",
      "shape": [
        8000
      ],
      "dtype": "torch.int32",
      "bytes": 32000,
      "kind": 1
    },
    {
      "name": "stress.0.state.force",
      "shape": [
        810,
        1024,
        3
      ],
      "dtype": "torch.float64",
      "bytes": 19906560,
      "kind": 6
    },
    {
      "name": "stress.0.state.rhs",
      "shape": [
        810,
        1024,
        3
      ],
      "dtype": "torch.float64",
      "bytes": 19906560,
      "kind": 6
    },
    {
      "name": "stress.0.state.displacement",
      "shape": [
        810,
        1024,
        3
      ],
      "dtype": "torch.float64",
      "bytes": 19906560,
      "kind": 4
    },
    {
      "name": "stress.0.state.residual",
      "shape": [
        810,
        1024,
        3
      ],
      "dtype": "torch.float64",
      "bytes": 19906560,
      "kind": 6
    },
    {
      "name": "stress.0.state.boundary_columns",
      "shape": [
        162,
        1024
      ],
      "dtype": "torch.int32",
      "bytes": 663552,
      "kind": 6
    },
    {
      "name": "stress.0.state.boundary_count",
      "shape": [
        1024
      ],
      "dtype": "torch.int32",
      "bytes": 4096,
      "kind": 6
    },
    {
      "name": "stress.0.state.wrench",
      "shape": [
        1024,
        6
      ],
      "dtype": "torch.float64",
      "bytes": 49152,
      "kind": 6
    },
    {
      "name": "stress.0.state.rhs_norm_squared",
      "shape": [
        1024
      ],
      "dtype": "torch.float64",
      "bytes": 8192,
      "kind": 6
    },
    {
      "name": "stress.0.state.residual_norm_squared",
      "shape": [
        1024
      ],
      "dtype": "torch.float64",
      "bytes": 8192,
      "kind": 6
    },
    {
      "name": "stress.0.state.residual_preconditioned",
      "shape": [
        1024
      ],
      "dtype": "torch.float64",
      "bytes": 8192,
      "kind": 6
    },
    {
      "name": "stress.0.state.next_residual_preconditioned",
      "shape": [
        1024
      ],
      "dtype": "torch.float64",
      "bytes": 8192,
      "kind": 6
    },
    {
      "name": "stress.0.state.direction_product",
      "shape": [
        1024
      ],
      "dtype": "torch.float64",
      "bytes": 8192,
      "kind": 6
    },
    {
      "name": "stress.0.state.active",
      "shape": [
        1024
      ],
      "dtype": "torch.int32",
      "bytes": 4096,
      "kind": 6
    },
    {
      "name": "stress.0.state.iterations",
      "shape": [
        1024
      ],
      "dtype": "torch.int32",
      "bytes": 4096,
      "kind": 6
    },
    {
      "name": "stress.0.state.peak",
      "shape": [
        1024
      ],
      "dtype": "torch.float64",
      "bytes": 8192,
      "kind": 6
    },
    {
      "name": "stress.0.state.step_peak",
      "shape": [
        1024
      ],
      "dtype": "torch.float64",
      "bytes": 8192,
      "kind": 5
    },
    {
      "name": "stress.0.state.step_valid",
      "shape": [
        1024
      ],
      "dtype": "torch.bool",
      "bytes": 1024,
      "kind": 5
    },
    {
      "name": "stress.0.state.valid",
      "shape": [
        1024
      ],
      "dtype": "torch.bool",
      "bytes": 1024,
      "kind": 6
    },
    {
      "name": "stress.0.state.corrections",
      "shape": [
        1024
      ],
      "dtype": "torch.int32",
      "bytes": 4096,
      "kind": 6
    },
    {
      "name": "stress.0.state.fallbacks",
      "shape": [
        1024
      ],
      "dtype": "torch.int32",
      "bytes": 4096,
      "kind": 6
    },
    {
      "name": "stress.0.state.invalid_steps",
      "shape": [
        1024
      ],
      "dtype": "torch.int64",
      "bytes": 8192,
      "kind": 6
    },
    {
      "name": "stress.0.state.invalid_reported",
      "shape": [
        1024
      ],
      "dtype": "torch.bool",
      "bytes": 1024,
      "kind": 6
    },
    {
      "name": "stress.0.contacts.position",
      "shape": [
        750,
        1024,
        3
      ],
      "dtype": "torch.float64",
      "bytes": 18432000,
      "kind": 6
    },
    {
      "name": "stress.0.contacts.center",
      "shape": [
        750,
        1024,
        3
      ],
      "dtype": "torch.float64",
      "bytes": 18432000,
      "kind": 6
    },
    {
      "name": "stress.0.contacts.anchor_face",
      "shape": [
        750,
        1024
      ],
      "dtype": "torch.int32",
      "bytes": 3072000,
      "kind": 6
    },
    {
      "name": "stress.0.contacts.is_refined",
      "shape": [
        750,
        1024
      ],
      "dtype": "torch.bool",
      "bytes": 768000,
      "kind": 6
    },
    {
      "name": "stress.0.contacts.force",
      "shape": [
        750,
        1024,
        3
      ],
      "dtype": "torch.float64",
      "bytes": 18432000,
      "kind": 6
    },
    {
      "name": "stress.0.contacts.normal",
      "shape": [
        750,
        1024,
        3
      ],
      "dtype": "torch.float64",
      "bytes": 18432000,
      "kind": 6
    },
    {
      "name": "stress.0.contacts.friction",
      "shape": [
        750,
        1024
      ],
      "dtype": "torch.float64",
      "bytes": 6144000,
      "kind": 6
    },
    {
      "name": "stress.0.contacts.radius",
      "shape": [
        750,
        1024
      ],
      "dtype": "torch.float64",
      "bytes": 6144000,
      "kind": 2
    },
    {
      "name": "stress.0.contacts.valid",
      "shape": [
        750,
        1024
      ],
      "dtype": "torch.bool",
      "bytes": 768000,
      "kind": 6
    },
    {
      "name": "stress.0.contacts.coefficient",
      "shape": [
        750,
        1024,
        3
      ],
      "dtype": "torch.float64",
      "bytes": 18432000,
      "kind": 6
    },
    {
      "name": "stress.0.contacts.weight_sum",
      "shape": [
        750,
        1024
      ],
      "dtype": "torch.float64",
      "bytes": 6144000,
      "kind": 6
    },
    {
      "name": "stress.0.contacts.status",
      "shape": [
        750,
        1024
      ],
      "dtype": "torch.int32",
      "bytes": 3072000,
      "kind": 6
    },
    {
      "name": "stress.0.contacts.force_error",
      "shape": [
        750,
        1024
      ],
      "dtype": "torch.float64",
      "bytes": 6144000,
      "kind": 6
    },
    {
      "name": "stress.0.contacts.moment_error",
      "shape": [
        750,
        1024
      ],
      "dtype": "torch.float64",
      "bytes": 6144000,
      "kind": 6
    },
    {
      "name": "stress.0.contacts.candidate_count",
      "shape": [
        750,
        1024
      ],
      "dtype": "torch.int32",
      "bytes": 3072000,
      "kind": 6
    },
    {
      "name": "stress.0.contacts.evaluations",
      "shape": [
        750,
        1024
      ],
      "dtype": "torch.int32",
      "bytes": 3072000,
      "kind": 6
    },
    {
      "name": "stress.0.contacts.active_pairs",
      "shape": [
        768000,
        2
      ],
      "dtype": "torch.int32",
      "bytes": 6144000,
      "kind": 6
    },
    {
      "name": "stress.0.contacts.active_count",
      "shape": [],
      "dtype": "torch.int32",
      "bytes": 4,
      "kind": 6
    },
    {
      "name": "stress.0.contacts.frame_position",
      "shape": [
        1024,
        3
      ],
      "dtype": "torch.float64",
      "bytes": 24576,
      "kind": 6
    },
    {
      "name": "stress.0.contacts.frame_quaternion",
      "shape": [
        1024,
        4
      ],
      "dtype": "torch.float64",
      "bytes": 32768,
      "kind": 6
    },
    {
      "name": "stress.0.scatter.tasks",
      "shape": [
        32768,
        2
      ],
      "dtype": "torch.int32",
      "bytes": 262144,
      "kind": 6
    },
    {
      "name": "stress.0.scatter.count",
      "shape": [],
      "dtype": "torch.int64",
      "bytes": 8,
      "kind": 6
    },
    {
      "name": "stress.0.scatter.wrench",
      "shape": [
        32768,
        6
      ],
      "dtype": "torch.float64",
      "bytes": 1572864,
      "kind": 6
    },
    {
      "name": "stress.0.scatter.overflow_calls",
      "shape": [],
      "dtype": "torch.int64",
      "bytes": 8,
      "kind": 6
    },
    {
      "name": "stress.0.omega",
      "shape": [
        1024,
        3
      ],
      "dtype": "torch.float64",
      "bytes": 24576,
      "kind": 6
    }
  ],
  "native_buffer_bytes": 291118453,
  "native_allocation_count": 100,
  "torch_peak_allocated_bytes": 3831808,
  "saved_reset_state_bytes": 1327104,
  "device_free_bytes": 98211266560
}
