timestamp,uuid,used_MiB,total_MiB,utilization_percent,power_W
2026/10/10 21:44:35.865,GPU-e3ae17a2-8c3a-b59e-e80d-ac03599051ab,0,97887,0,58.55
2026/10/10 21:44:36.391,GPU-e3ae17a2-8c3a-b59e-e80d-ac03599051ab,0,97887,0,58.55
2026/10/10 21:44:36.917,GPU-e3ae17a2-8c3a-b59e-e80d-ac03599051ab,0,97887,0,58.36
2026/10/10 21:44:37.443,GPU-e3ae17a2-8c3a-b59e-e80d-ac03599051ab,0,97887,0,58.36
2026/10/10 21:44:37.970,GPU-e3ae17a2-8c3a-b59e-e80d-ac03599051ab,0,97887,0,58.41
2026/10/10 21:44:38.497,GPU-e3ae17a2-8c3a-b59e-e80d-ac03599051ab,0,97887,0,58.41
2026/10/10 21:44:39.023,GPU-e3ae17a2-8c3a-b59e-e80d-ac03599051ab,0,97887,0,58.65
2026/10/10 21:44:39.562,GPU-e3ae17a2-8c3a-b59e-e80d-ac03599051ab,0,97887,0,58.65
2026/10/10 21:44:40.093,GPU-e3ae17a2-8c3a-b59e-e80d-ac03599051ab,0,97887,0,58.62
2026/10/10 21:44:40.619,GPU-e3ae17a2-8c3a-b59e-e80d-ac03599051ab,0,97887,0,58.62
2026/10/10 21:44:41.144,GPU-e3ae17a2-8c3a-b59e-e80d-ac03599051ab,0,97887,0,58.38
2026/10/10 21:44:41.682,GPU-e3ae17a2-8c3a-b59e-e80d-ac03599051ab,0,97887,0,58.65
2026/10/10 21:44:42.208,GPU-e3ae17a2-8c3a-b59e-e80d-ac03599051ab,0,97887,0,58.65
2026/10/10 21:44:42.733,GPU-e3ae17a2-8c3a-b59e-e80d-ac03599051ab,0,97887,0,58.44
2026/10/10 21:44:43.259,GPU-e3ae17a2-8c3a-b59e-e80d-ac03599051ab,0,97887,0,58.44
2026/10/10 21:44:43.785,GPU-e3ae17a2-8c3a-b59e-e80d-ac03599051ab,0,97887,0,58.10
2026/10/10 21:44:44.311,GPU-e3ae17a2-8c3a-b59e-e80d-ac03599051ab,0,97887,0,58.10
2026/10/10 21:44:44.846,GPU-e3ae17a2-8c3a-b59e-e80d-ac03599051ab,1,97887,0,58.38
2026/10/10 21:44:45.378,GPU-e3ae17a2-8c3a-b59e-e80d-ac03599051ab,863,97887,2,65.03
2026/10/10 21:44:45.914,GPU-e3ae17a2-8c3a-b59e-e80d-ac03599051ab,865,97887,0,75.43
2026/10/10 21:44:46.445,GPU-e3ae17a2-8c3a-b59e-e80d-ac03599051ab,1025,97887,0,77.16
2026/10/10 21:44:46.977,GPU-e3ae17a2-8c3a-b59e-e80d-ac03599051ab,2869,97887,1,78.51
2026/10/10 21:44:47.509,GPU-e3ae17a2-8c3a-b59e-e80d-ac03599051ab,2959,97887,0,78.71
2026/10/10 21:44:48.041,GPU-e3ae17a2-8c3a-b59e-e80d-ac03599051ab,2959,97887,0,77.85
2026/10/10 21:44:48.573,GPU-e3ae17a2-8c3a-b59e-e80d-ac03599051ab,2959,97887,0,77.90
2026/10/10 21:44:49.106,GPU-e3ae17a2-8c3a-b59e-e80d-ac03599051ab,11765,97887,1,76.92
2026/10/10 21:44:49.636,GPU-e3ae17a2-8c3a-b59e-e80d-ac03599051ab,30355,97887,0,88.96
2026/10/10 21:44:50.165,GPU-e3ae17a2-8c3a-b59e-e80d-ac03599051ab,30355,97887,0,90.92
2026/10/10 21:44:50.699,GPU-e3ae17a2-8c3a-b59e-e80d-ac03599051ab,30355,97887,100,83.66
2026/10/10 21:44:51.229,GPU-e3ae17a2-8c3a-b59e-e80d-ac03599051ab,30355,97887,100,91.77
2026/10/10 21:44:51.762,GPU-e3ae17a2-8c3a-b59e-e80d-ac03599051ab,30355,97887,100,96.93
2026/10/10 21:44:52.296,GPU-e3ae17a2-8c3a-b59e-e80d-ac03599051ab,30355,97887,100,96.98
2026/10/10 21:44:52.829,GPU-e3ae17a2-8c3a-b59e-e80d-ac03599051ab,30355,97887,100,96.88
2026/10/10 21:44:53.362,GPU-e3ae17a2-8c3a-b59e-e80d-ac03599051ab,30355,97887,100,96.75
2026/10/10 21:44:53.894,GPU-e3ae17a2-8c3a-b59e-e80d-ac03599051ab,30355,97887,100,96.84
2026/10/10 21:44:54.425,GPU-e3ae17a2-8c3a-b59e-e80d-ac03599051ab,30355,97887,100,96.78
2026/10/10 21:44:54.958,GPU-e3ae17a2-8c3a-b59e-e80d-ac03599051ab,30355,97887,100,96.67
2026/10/10 21:44:55.496,GPU-e3ae17a2-8c3a-b59e-e80d-ac03599051ab,30355,97887,100,96.80
2026/10/10 21:44:56.027,GPU-e3ae17a2-8c3a-b59e-e80d-ac03599051ab,30355,97887,100,96.86
2026/10/10 21:44:56.557,GPU-e3ae17a2-8c3a-b59e-e80d-ac03599051ab,30355,97887,100,96.77
2026/10/10 21:44:57.088,GPU-e3ae17a2-8c3a-b59e-e80d-ac03599051ab,30355,97887,100,96.77
2026/10/10 21:44:57.619,GPU-e3ae17a2-8c3a-b59e-e80d-ac03599051ab,30355,97887,100,96.78
2026/10/10 21:44:58.149,GPU-e3ae17a2-8c3a-b59e-e80d-ac03599051ab,30355,97887,100,96.93
2026/10/10 21:44:58.678,GPU-e3ae17a2-8c3a-b59e-e80d-ac03599051ab,30355,97887,100,96.91
2026/10/10 21:44:59.207,GPU-e3ae17a2-8c3a-b59e-e80d-ac03599051ab,30355,97887,100,96.91
2026/10/10 21:44:59.732,GPU-e3ae17a2-8c3a-b59e-e80d-ac03599051ab,30355,97887,100,96.94
2026/10/10 21:45:00.259,GPU-e3ae17a2-8c3a-b59e-e80d-ac03599051ab,30355,97887,100,96.91
2026/10/10 21:45:00.786,GPU-e3ae17a2-8c3a-b59e-e80d-ac03599051ab,30355,97887,100,96.84
2026/10/10 21:45:01.312,GPU-e3ae17a2-8c3a-b59e-e80d-ac03599051ab,30355,97887,100,96.79
2026/10/10 21:45:01.839,GPU-e3ae17a2-8c3a-b59e-e80d-ac03599051ab,30355,97887,100,96.86
2026/10/10 21:45:02.365,GPU-e3ae17a2-8c3a-b59e-e80d-ac03599051ab,30355,97887,100,96.86
2026/10/10 21:45:02.891,GPU-e3ae17a2-8c3a-b59e-e80d-ac03599051ab,30355,97887,100,96.80
2026/10/10 21:45:03.416,GPU-e3ae17a2-8c3a-b59e-e80d-ac03599051ab,30355,97887,100,96.83
2026/10/10 21:45:03.941,GPU-e3ae17a2-8c3a-b59e-e80d-ac03599051ab,30643,97887,0,99.08
2026/10/10 21:45:04.469,GPU-e3ae17a2-8c3a-b59e-e80d-ac03599051ab,37361,97887,0,90.75
2026/10/10 21:45:04.997,GPU-e3ae17a2-8c3a-b59e-e80d-ac03599051ab,37361,97887,0,77.08
2026/10/10 21:45:05.524,GPU-e3ae17a2-8c3a-b59e-e80d-ac03599051ab,37361,97887,0,77.10
2026/10/10 21:45:06.051,GPU-e3ae17a2-8c3a-b59e-e80d-ac03599051ab,37361,97887,0,77.11
2026/10/10 21:45:06.578,GPU-e3ae17a2-8c3a-b59e-e80d-ac03599051ab,37361,97887,0,77.11
2026/10/10 21:45:07.105,GPU-e3ae17a2-8c3a-b59e-e80d-ac03599051ab,37681,97887,0,76.03
2026/10/10 21:45:07.632,GPU-e3ae17a2-8c3a-b59e-e80d-ac03599051ab,37683,97887,0,76.19
2026/10/10 21:45:08.159,GPU-e3ae17a2-8c3a-b59e-e80d-ac03599051ab,37683,97887,0,76.90
2026/10/10 21:45:08.687,GPU-e3ae17a2-8c3a-b59e-e80d-ac03599051ab,37683,97887,0,76.95
2026/10/10 21:45:09.215,GPU-e3ae17a2-8c3a-b59e-e80d-ac03599051ab,37683,97887,0,76.95
2026/10/10 21:45:09.742,GPU-e3ae17a2-8c3a-b59e-e80d-ac03599051ab,37683,97887,0,76.43
2026/10/10 21:45:10.269,GPU-e3ae17a2-8c3a-b59e-e80d-ac03599051ab,37683,97887,0,76.43
2026/10/10 21:45:10.805,GPU-e3ae17a2-8c3a-b59e-e80d-ac03599051ab,37683,97887,0,75.75
2026/10/10 21:45:11.342,GPU-e3ae17a2-8c3a-b59e-e80d-ac03599051ab,37683,97887,0,75.75
2026/10/10 21:45:11.870,GPU-e3ae17a2-8c3a-b59e-e80d-ac03599051ab,37683,97887,0,77.00
2026/10/10 21:45:12.398,GPU-e3ae17a2-8c3a-b59e-e80d-ac03599051ab,37685,97887,0,77.05
2026/10/10 21:45:12.927,GPU-e3ae17a2-8c3a-b59e-e80d-ac03599051ab,37685,97887,0,76.39
2026/10/10 21:45:13.460,GPU-e3ae17a2-8c3a-b59e-e80d-ac03599051ab,37703,97887,0,76.66
2026/10/10 21:45:13.986,GPU-e3ae17a2-8c3a-b59e-e80d-ac03599051ab,37703,97887,0,77.30
2026/10/10 21:45:14.512,GPU-e3ae17a2-8c3a-b59e-e80d-ac03599051ab,39655,97887,1,97.49
2026/10/10 21:45:15.041,GPU-e3ae17a2-8c3a-b59e-e80d-ac03599051ab,39655,97887,6,98.03
2026/10/10 21:45:15.568,GPU-e3ae17a2-8c3a-b59e-e80d-ac03599051ab,39655,97887,5,95.01
2026/10/10 21:45:16.096,GPU-e3ae17a2-8c3a-b59e-e80d-ac03599051ab,39655,97887,98,131.35
2026/10/10 21:45:16.628,GPU-e3ae17a2-8c3a-b59e-e80d-ac03599051ab,39655,97887,6,172.69
2026/10/10 21:45:17.159,GPU-e3ae17a2-8c3a-b59e-e80d-ac03599051ab,39655,97887,5,140.06
2026/10/10 21:45:17.686,GPU-e3ae17a2-8c3a-b59e-e80d-ac03599051ab,39655,97887,0,77.78
2026/10/10 21:45:18.216,GPU-e3ae17a2-8c3a-b59e-e80d-ac03599051ab,39655,97887,98,134.85
2026/10/10 21:45:18.747,GPU-e3ae17a2-8c3a-b59e-e80d-ac03599051ab,39655,97887,6,181.33
2026/10/10 21:45:19.275,GPU-e3ae17a2-8c3a-b59e-e80d-ac03599051ab,39655,97887,3,120.05
2026/10/10 21:45:19.804,GPU-e3ae17a2-8c3a-b59e-e80d-ac03599051ab,39655,97887,6,78.16
2026/10/10 21:45:20.333,GPU-e3ae17a2-8c3a-b59e-e80d-ac03599051ab,39655,97887,97,91.11
2026/10/10 21:45:20.868,GPU-e3ae17a2-8c3a-b59e-e80d-ac03599051ab,39655,97887,98,187.72
2026/10/10 21:45:21.397,GPU-e3ae17a2-8c3a-b59e-e80d-ac03599051ab,39655,97887,5,164.87
2026/10/10 21:45:21.930,GPU-e3ae17a2-8c3a-b59e-e80d-ac03599051ab,39655,97887,5,78.21
2026/10/10 21:45:22.459,GPU-e3ae17a2-8c3a-b59e-e80d-ac03599051ab,39655,97887,11,99.23
2026/10/10 21:45:22.993,GPU-e3ae17a2-8c3a-b59e-e80d-ac03599051ab,39655,97887,99,182.66
2026/10/10 21:45:23.527,GPU-e3ae17a2-8c3a-b59e-e80d-ac03599051ab,39655,97887,6,163.25
2026/10/10 21:45:24.059,GPU-e3ae17a2-8c3a-b59e-e80d-ac03599051ab,39655,97887,6,77.83
2026/10/10 21:45:24.590,GPU-e3ae17a2-8c3a-b59e-e80d-ac03599051ab,39655,97887,0,90.79
2026/10/10 21:45:25.125,GPU-e3ae17a2-8c3a-b59e-e80d-ac03599051ab,39655,97887,98,174.26
2026/10/10 21:45:25.666,GPU-e3ae17a2-8c3a-b59e-e80d-ac03599051ab,39655,97887,6,174.55
2026/10/10 21:45:26.197,GPU-e3ae17a2-8c3a-b59e-e80d-ac03599051ab,39655,97887,5,78.00
2026/10/10 21:45:26.732,GPU-e3ae17a2-8c3a-b59e-e80d-ac03599051ab,39655,97887,71,97.04
2026/10/10 21:45:27.263,GPU-e3ae17a2-8c3a-b59e-e80d-ac03599051ab,39655,97887,99,188.15
2026/10/10 21:45:27.805,GPU-e3ae17a2-8c3a-b59e-e80d-ac03599051ab,39655,97887,5,161.71
2026/10/10 21:45:28.333,GPU-e3ae17a2-8c3a-b59e-e80d-ac03599051ab,39655,97887,5,78.16
2026/10/10 21:45:28.861,GPU-e3ae17a2-8c3a-b59e-e80d-ac03599051ab,39655,97887,5,93.73
2026/10/10 21:45:29.391,GPU-e3ae17a2-8c3a-b59e-e80d-ac03599051ab,39655,97887,99,188.74
2026/10/10 21:45:29.918,GPU-e3ae17a2-8c3a-b59e-e80d-ac03599051ab,39655,97887,6,164.89
2026/10/10 21:45:30.445,GPU-e3ae17a2-8c3a-b59e-e80d-ac03599051ab,39655,97887,6,78.52
2026/10/10 21:45:30.973,GPU-e3ae17a2-8c3a-b59e-e80d-ac03599051ab,39655,97887,75,95.13
2026/10/10 21:45:31.501,GPU-e3ae17a2-8c3a-b59e-e80d-ac03599051ab,39655,97887,29,186.88
2026/10/10 21:45:32.030,GPU-e3ae17a2-8c3a-b59e-e80d-ac03599051ab,39655,97887,5,147.19
2026/10/10 21:45:32.558,GPU-e3ae17a2-8c3a-b59e-e80d-ac03599051ab,39655,97887,5,78.28
2026/10/10 21:45:33.087,GPU-e3ae17a2-8c3a-b59e-e80d-ac03599051ab,39655,97887,1,108.28
2026/10/10 21:45:33.617,GPU-e3ae17a2-8c3a-b59e-e80d-ac03599051ab,39655,97887,95,189.19
2026/10/10 21:45:34.145,GPU-e3ae17a2-8c3a-b59e-e80d-ac03599051ab,39655,97887,6,167.59
2026/10/10 21:45:34.673,GPU-e3ae17a2-8c3a-b59e-e80d-ac03599051ab,39655,97887,0,77.88
2026/10/10 21:45:35.200,GPU-e3ae17a2-8c3a-b59e-e80d-ac03599051ab,39655,97887,5,85.93
2026/10/10 21:45:35.730,GPU-e3ae17a2-8c3a-b59e-e80d-ac03599051ab,39655,97887,98,184.25
2026/10/10 21:45:36.258,GPU-e3ae17a2-8c3a-b59e-e80d-ac03599051ab,39655,97887,6,177.00
2026/10/10 21:45:36.785,GPU-e3ae17a2-8c3a-b59e-e80d-ac03599051ab,39655,97887,5,102.66
2026/10/10 21:45:37.312,GPU-e3ae17a2-8c3a-b59e-e80d-ac03599051ab,39655,97887,2,77.76
2026/10/10 21:45:37.840,GPU-e3ae17a2-8c3a-b59e-e80d-ac03599051ab,39655,97887,98,161.95
2026/10/10 21:45:38.368,GPU-e3ae17a2-8c3a-b59e-e80d-ac03599051ab,39655,97887,6,198.29
2026/10/10 21:45:38.898,GPU-e3ae17a2-8c3a-b59e-e80d-ac03599051ab,39655,97887,4,103.13
2026/10/10 21:45:39.425,GPU-e3ae17a2-8c3a-b59e-e80d-ac03599051ab,39655,97887,1,77.91
2026/10/10 21:45:39.953,GPU-e3ae17a2-8c3a-b59e-e80d-ac03599051ab,39655,97887,99,150.82
2026/10/10 21:45:40.493,GPU-e3ae17a2-8c3a-b59e-e80d-ac03599051ab,39655,97887,67,198.59
2026/10/10 21:45:41.021,GPU-e3ae17a2-8c3a-b59e-e80d-ac03599051ab,39655,97887,6,133.55
2026/10/10 21:45:41.549,GPU-e3ae17a2-8c3a-b59e-e80d-ac03599051ab,39655,97887,5,79.51
2026/10/10 21:45:42.077,GPU-e3ae17a2-8c3a-b59e-e80d-ac03599051ab,39655,97887,99,136.17
2026/10/10 21:45:42.606,GPU-e3ae17a2-8c3a-b59e-e80d-ac03599051ab,39655,97887,99,233.71
2026/10/10 21:45:43.136,GPU-e3ae17a2-8c3a-b59e-e80d-ac03599051ab,39655,97887,6,167.83
2026/10/10 21:45:43.666,GPU-e3ae17a2-8c3a-b59e-e80d-ac03599051ab,39655,97887,4,93.39
2026/10/10 21:45:44.193,GPU-e3ae17a2-8c3a-b59e-e80d-ac03599051ab,39655,97887,15,82.17
2026/10/10 21:45:44.720,GPU-e3ae17a2-8c3a-b59e-e80d-ac03599051ab,39655,97887,99,160.15
2026/10/10 21:45:45.248,GPU-e3ae17a2-8c3a-b59e-e80d-ac03599051ab,39655,97887,6,215.54
2026/10/10 21:45:45.776,GPU-e3ae17a2-8c3a-b59e-e80d-ac03599051ab,39655,97887,5,153.60
2026/10/10 21:45:46.305,GPU-e3ae17a2-8c3a-b59e-e80d-ac03599051ab,39655,97887,1,77.58
2026/10/10 21:45:46.831,GPU-e3ae17a2-8c3a-b59e-e80d-ac03599051ab,39655,97887,99,122.59
2026/10/10 21:45:47.360,GPU-e3ae17a2-8c3a-b59e-e80d-ac03599051ab,39655,97887,98,222.17
2026/10/10 21:45:47.889,GPU-e3ae17a2-8c3a-b59e-e80d-ac03599051ab,39655,97887,6,199.22
2026/10/10 21:45:48.417,GPU-e3ae17a2-8c3a-b59e-e80d-ac03599051ab,39655,97887,5,97.75
2026/10/10 21:45:48.946,GPU-e3ae17a2-8c3a-b59e-e80d-ac03599051ab,39655,97887,29,86.37
2026/10/10 21:45:49.474,GPU-e3ae17a2-8c3a-b59e-e80d-ac03599051ab,39655,97887,99,138.71
2026/10/10 21:45:50.003,GPU-e3ae17a2-8c3a-b59e-e80d-ac03599051ab,39655,97887,16,197.52
2026/10/10 21:45:50.532,GPU-e3ae17a2-8c3a-b59e-e80d-ac03599051ab,39655,97887,5,144.53
2026/10/10 21:45:51.059,GPU-e3ae17a2-8c3a-b59e-e80d-ac03599051ab,39655,97887,1,78.04
2026/10/10 21:45:51.588,GPU-e3ae17a2-8c3a-b59e-e80d-ac03599051ab,39655,97887,3,77.94
2026/10/10 21:45:52.117,GPU-e3ae17a2-8c3a-b59e-e80d-ac03599051ab,39655,97887,99,193.01
2026/10/10 21:45:52.644,GPU-e3ae17a2-8c3a-b59e-e80d-ac03599051ab,39655,97887,85,255.97
2026/10/10 21:45:53.172,GPU-e3ae17a2-8c3a-b59e-e80d-ac03599051ab,39655,97887,6,171.85
2026/10/10 21:45:53.700,GPU-e3ae17a2-8c3a-b59e-e80d-ac03599051ab,39655,97887,5,78.39
2026/10/10 21:45:54.227,GPU-e3ae17a2-8c3a-b59e-e80d-ac03599051ab,39655,97887,99,111.31
2026/10/10 21:45:54.755,GPU-e3ae17a2-8c3a-b59e-e80d-ac03599051ab,39655,97887,99,197.77
2026/10/10 21:45:55.294,GPU-e3ae17a2-8c3a-b59e-e80d-ac03599051ab,39655,97887,6,202.57
2026/10/10 21:45:55.829,GPU-e3ae17a2-8c3a-b59e-e80d-ac03599051ab,39655,97887,3,112.48
2026/10/10 21:45:56.356,GPU-e3ae17a2-8c3a-b59e-e80d-ac03599051ab,39655,97887,6,79.08
2026/10/10 21:45:56.883,GPU-e3ae17a2-8c3a-b59e-e80d-ac03599051ab,39655,97887,99,140.82
2026/10/10 21:45:57.413,GPU-e3ae17a2-8c3a-b59e-e80d-ac03599051ab,39655,97887,99,186.92
2026/10/10 21:45:57.940,GPU-e3ae17a2-8c3a-b59e-e80d-ac03599051ab,39655,97887,6,126.88
2026/10/10 21:45:58.476,GPU-e3ae17a2-8c3a-b59e-e80d-ac03599051ab,39655,97887,6,79.86
2026/10/10 21:45:59.003,GPU-e3ae17a2-8c3a-b59e-e80d-ac03599051ab,39655,97887,91,102.29
2026/10/10 21:45:59.530,GPU-e3ae17a2-8c3a-b59e-e80d-ac03599051ab,39655,97887,99,243.40
2026/10/10 21:46:00.058,GPU-e3ae17a2-8c3a-b59e-e80d-ac03599051ab,39655,97887,6,261.32
2026/10/10 21:46:00.584,GPU-e3ae17a2-8c3a-b59e-e80d-ac03599051ab,39655,97887,5,159.75
2026/10/10 21:46:01.111,GPU-e3ae17a2-8c3a-b59e-e80d-ac03599051ab,39655,97887,5,77.99
2026/10/10 21:46:01.639,GPU-e3ae17a2-8c3a-b59e-e80d-ac03599051ab,39655,97887,99,127.17
2026/10/10 21:46:02.168,GPU-e3ae17a2-8c3a-b59e-e80d-ac03599051ab,39655,97887,99,187.04
2026/10/10 21:46:02.695,GPU-e3ae17a2-8c3a-b59e-e80d-ac03599051ab,39655,97887,6,158.26
2026/10/10 21:46:03.223,GPU-e3ae17a2-8c3a-b59e-e80d-ac03599051ab,39655,97887,2,91.73
2026/10/10 21:46:03.753,GPU-e3ae17a2-8c3a-b59e-e80d-ac03599051ab,39655,97887,2,78.30
2026/10/10 21:46:04.283,GPU-e3ae17a2-8c3a-b59e-e80d-ac03599051ab,39655,97887,99,164.13
2026/10/10 21:46:04.812,GPU-e3ae17a2-8c3a-b59e-e80d-ac03599051ab,39655,97887,99,268.18
2026/10/10 21:46:05.339,GPU-e3ae17a2-8c3a-b59e-e80d-ac03599051ab,39655,97887,6,155.31
2026/10/10 21:46:05.866,GPU-e3ae17a2-8c3a-b59e-e80d-ac03599051ab,39655,97887,6,79.08
2026/10/10 21:46:06.393,GPU-e3ae17a2-8c3a-b59e-e80d-ac03599051ab,39655,97887,97,98.83
2026/10/10 21:46:06.922,GPU-e3ae17a2-8c3a-b59e-e80d-ac03599051ab,39655,97887,99,179.07
2026/10/10 21:46:07.455,GPU-e3ae17a2-8c3a-b59e-e80d-ac03599051ab,39655,97887,6,177.46
2026/10/10 21:46:07.984,GPU-e3ae17a2-8c3a-b59e-e80d-ac03599051ab,39655,97887,5,117.79
2026/10/10 21:46:08.512,GPU-e3ae17a2-8c3a-b59e-e80d-ac03599051ab,39655,97887,5,78.62
2026/10/10 21:46:09.039,GPU-e3ae17a2-8c3a-b59e-e80d-ac03599051ab,39655,97887,99,146.12
2026/10/10 21:46:09.567,GPU-e3ae17a2-8c3a-b59e-e80d-ac03599051ab,39655,97887,99,226.21
2026/10/10 21:46:10.094,GPU-e3ae17a2-8c3a-b59e-e80d-ac03599051ab,39655,97887,6,179.62
2026/10/10 21:46:10.632,GPU-e3ae17a2-8c3a-b59e-e80d-ac03599051ab,39655,97887,3,79.05
2026/10/10 21:46:11.158,GPU-e3ae17a2-8c3a-b59e-e80d-ac03599051ab,39655,97887,2,79.88
2026/10/10 21:46:11.688,GPU-e3ae17a2-8c3a-b59e-e80d-ac03599051ab,39655,97887,99,178.17
2026/10/10 21:46:12.228,GPU-e3ae17a2-8c3a-b59e-e80d-ac03599051ab,39655,97887,98,250.52
2026/10/10 21:46:12.756,GPU-e3ae17a2-8c3a-b59e-e80d-ac03599051ab,39655,97887,6,161.39
2026/10/10 21:46:13.282,GPU-e3ae17a2-8c3a-b59e-e80d-ac03599051ab,39655,97887,5,79.09
2026/10/10 21:46:13.812,GPU-e3ae17a2-8c3a-b59e-e80d-ac03599051ab,39655,97887,60,91.97
2026/10/10 21:46:14.340,GPU-e3ae17a2-8c3a-b59e-e80d-ac03599051ab,39655,97887,99,159.30
2026/10/10 21:46:14.868,GPU-e3ae17a2-8c3a-b59e-e80d-ac03599051ab,39655,97887,65,170.65
2026/10/10 21:46:15.395,GPU-e3ae17a2-8c3a-b59e-e80d-ac03599051ab,39655,97887,6,119.21
2026/10/10 21:46:15.921,GPU-e3ae17a2-8c3a-b59e-e80d-ac03599051ab,39655,97887,0,78.41
2026/10/10 21:46:16.448,GPU-e3ae17a2-8c3a-b59e-e80d-ac03599051ab,39655,97887,5,79.64
2026/10/10 21:46:16.979,GPU-e3ae17a2-8c3a-b59e-e80d-ac03599051ab,39655,97887,99,196.20
2026/10/10 21:46:17.507,GPU-e3ae17a2-8c3a-b59e-e80d-ac03599051ab,39655,97887,99,292.15
2026/10/10 21:46:18.033,GPU-e3ae17a2-8c3a-b59e-e80d-ac03599051ab,39655,97887,5,167.56
2026/10/10 21:46:18.561,GPU-e3ae17a2-8c3a-b59e-e80d-ac03599051ab,39655,97887,5,78.71
2026/10/10 21:46:19.088,GPU-e3ae17a2-8c3a-b59e-e80d-ac03599051ab,39655,97887,6,102.90
2026/10/10 21:46:19.616,GPU-e3ae17a2-8c3a-b59e-e80d-ac03599051ab,39655,97887,99,214.88
2026/10/10 21:46:20.141,GPU-e3ae17a2-8c3a-b59e-e80d-ac03599051ab,39655,97887,6,248.57
2026/10/10 21:46:20.669,GPU-e3ae17a2-8c3a-b59e-e80d-ac03599051ab,39655,97887,6,146.82
2026/10/10 21:46:21.194,GPU-e3ae17a2-8c3a-b59e-e80d-ac03599051ab,39655,97887,5,78.90
2026/10/10 21:46:21.722,GPU-e3ae17a2-8c3a-b59e-e80d-ac03599051ab,39655,97887,0,91.04
2026/10/10 21:46:22.249,GPU-e3ae17a2-8c3a-b59e-e80d-ac03599051ab,39655,97887,99,154.26
2026/10/10 21:46:22.784,GPU-e3ae17a2-8c3a-b59e-e80d-ac03599051ab,39655,97887,6,185.65
2026/10/10 21:46:23.311,GPU-e3ae17a2-8c3a-b59e-e80d-ac03599051ab,39655,97887,6,138.54
2026/10/10 21:46:23.841,GPU-e3ae17a2-8c3a-b59e-e80d-ac03599051ab,39655,97887,5,78.63
2026/10/10 21:46:24.369,GPU-e3ae17a2-8c3a-b59e-e80d-ac03599051ab,39655,97887,99,115.08
2026/10/10 21:46:24.897,GPU-e3ae17a2-8c3a-b59e-e80d-ac03599051ab,39655,97887,99,222.73
2026/10/10 21:46:25.432,GPU-e3ae17a2-8c3a-b59e-e80d-ac03599051ab,39655,97887,6,232.98
2026/10/10 21:46:25.961,GPU-e3ae17a2-8c3a-b59e-e80d-ac03599051ab,39655,97887,3,134.97
2026/10/10 21:46:26.487,GPU-e3ae17a2-8c3a-b59e-e80d-ac03599051ab,39655,97887,5,78.76
2026/10/10 21:46:27.016,GPU-e3ae17a2-8c3a-b59e-e80d-ac03599051ab,39655,97887,97,102.64
2026/10/10 21:46:27.546,GPU-e3ae17a2-8c3a-b59e-e80d-ac03599051ab,39655,97887,99,231.93
2026/10/10 21:46:28.075,GPU-e3ae17a2-8c3a-b59e-e80d-ac03599051ab,39655,97887,36,250.41
2026/10/10 21:46:28.602,GPU-e3ae17a2-8c3a-b59e-e80d-ac03599051ab,39655,97887,6,150.49
2026/10/10 21:46:29.129,GPU-e3ae17a2-8c3a-b59e-e80d-ac03599051ab,39655,97887,5,78.79
2026/10/10 21:46:29.659,GPU-e3ae17a2-8c3a-b59e-e80d-ac03599051ab,39655,97887,99,134.80
2026/10/10 21:46:30.187,GPU-e3ae17a2-8c3a-b59e-e80d-ac03599051ab,39655,97887,99,191.77
2026/10/10 21:46:30.717,GPU-e3ae17a2-8c3a-b59e-e80d-ac03599051ab,39655,97887,6,168.05
2026/10/10 21:46:31.245,GPU-e3ae17a2-8c3a-b59e-e80d-ac03599051ab,39655,97887,5,108.11
2026/10/10 21:46:31.771,GPU-e3ae17a2-8c3a-b59e-e80d-ac03599051ab,39655,97887,1,78.75
2026/10/10 21:46:32.298,GPU-e3ae17a2-8c3a-b59e-e80d-ac03599051ab,39655,97887,99,134.09
2026/10/10 21:46:32.825,GPU-e3ae17a2-8c3a-b59e-e80d-ac03599051ab,39655,97887,99,232.02
2026/10/10 21:46:33.353,GPU-e3ae17a2-8c3a-b59e-e80d-ac03599051ab,39655,97887,6,188.22
2026/10/10 21:46:33.881,GPU-e3ae17a2-8c3a-b59e-e80d-ac03599051ab,39655,97887,4,92.00
2026/10/10 21:46:34.407,GPU-e3ae17a2-8c3a-b59e-e80d-ac03599051ab,39655,97887,2,78.90
2026/10/10 21:46:34.935,GPU-e3ae17a2-8c3a-b59e-e80d-ac03599051ab,39655,97887,99,123.45
2026/10/10 21:46:35.470,GPU-e3ae17a2-8c3a-b59e-e80d-ac03599051ab,39655,97887,99,246.28
2026/10/10 21:46:35.997,GPU-e3ae17a2-8c3a-b59e-e80d-ac03599051ab,39655,97887,6,205.22
2026/10/10 21:46:36.525,GPU-e3ae17a2-8c3a-b59e-e80d-ac03599051ab,39655,97887,4,113.88
2026/10/10 21:46:37.054,GPU-e3ae17a2-8c3a-b59e-e80d-ac03599051ab,39655,97887,3,78.54
2026/10/10 21:46:37.582,GPU-e3ae17a2-8c3a-b59e-e80d-ac03599051ab,39655,97887,99,130.29
2026/10/10 21:46:38.109,GPU-e3ae17a2-8c3a-b59e-e80d-ac03599051ab,39655,97887,100,241.15
2026/10/10 21:46:38.637,GPU-e3ae17a2-8c3a-b59e-e80d-ac03599051ab,39655,97887,6,204.23
2026/10/10 21:46:39.163,GPU-e3ae17a2-8c3a-b59e-e80d-ac03599051ab,39655,97887,6,96.82
2026/10/10 21:46:39.693,GPU-e3ae17a2-8c3a-b59e-e80d-ac03599051ab,39655,97887,3,78.90
2026/10/10 21:46:40.230,GPU-e3ae17a2-8c3a-b59e-e80d-ac03599051ab,39655,97887,99,138.18
2026/10/10 21:46:40.760,GPU-e3ae17a2-8c3a-b59e-e80d-ac03599051ab,39655,97887,98,246.83
2026/10/10 21:46:41.308,GPU-e3ae17a2-8c3a-b59e-e80d-ac03599051ab,39655,97887,6,188.31
2026/10/10 21:46:41.833,GPU-e3ae17a2-8c3a-b59e-e80d-ac03599051ab,39655,97887,5,80.62
2026/10/10 21:46:42.362,GPU-e3ae17a2-8c3a-b59e-e80d-ac03599051ab,39655,97887,71,94.58
2026/10/10 21:46:42.889,GPU-e3ae17a2-8c3a-b59e-e80d-ac03599051ab,39655,97887,99,148.76
2026/10/10 21:46:43.417,GPU-e3ae17a2-8c3a-b59e-e80d-ac03599051ab,39655,97887,99,246.39
2026/10/10 21:46:43.945,GPU-e3ae17a2-8c3a-b59e-e80d-ac03599051ab,39655,97887,6,187.12
2026/10/10 21:46:44.471,GPU-e3ae17a2-8c3a-b59e-e80d-ac03599051ab,39655,97887,0,79.75
2026/10/10 21:46:44.999,GPU-e3ae17a2-8c3a-b59e-e80d-ac03599051ab,39655,97887,4,78.85
2026/10/10 21:46:45.528,GPU-e3ae17a2-8c3a-b59e-e80d-ac03599051ab,39655,97887,99,116.62
2026/10/10 21:46:46.056,GPU-e3ae17a2-8c3a-b59e-e80d-ac03599051ab,39655,97887,99,221.47
2026/10/10 21:46:46.589,GPU-e3ae17a2-8c3a-b59e-e80d-ac03599051ab,39655,97887,6,212.18
2026/10/10 21:46:47.117,GPU-e3ae17a2-8c3a-b59e-e80d-ac03599051ab,39655,97887,6,138.82
2026/10/10 21:46:47.645,GPU-e3ae17a2-8c3a-b59e-e80d-ac03599051ab,39655,97887,6,79.17
2026/10/10 21:46:48.171,GPU-e3ae17a2-8c3a-b59e-e80d-ac03599051ab,39655,97887,99,136.96
2026/10/10 21:46:48.699,GPU-e3ae17a2-8c3a-b59e-e80d-ac03599051ab,39655,97887,99,232.43
2026/10/10 21:46:49.229,GPU-e3ae17a2-8c3a-b59e-e80d-ac03599051ab,39655,97887,6,206.72
2026/10/10 21:46:49.757,GPU-e3ae17a2-8c3a-b59e-e80d-ac03599051ab,39655,97887,6,101.43
2026/10/10 21:46:50.283,GPU-e3ae17a2-8c3a-b59e-e80d-ac03599051ab,39655,97887,6,79.72
2026/10/10 21:46:50.810,GPU-e3ae17a2-8c3a-b59e-e80d-ac03599051ab,39655,97887,99,136.82
2026/10/10 21:46:51.339,GPU-e3ae17a2-8c3a-b59e-e80d-ac03599051ab,39655,97887,99,219.13
2026/10/10 21:46:51.868,GPU-e3ae17a2-8c3a-b59e-e80d-ac03599051ab,39655,97887,6,190.48
2026/10/10 21:46:52.395,GPU-e3ae17a2-8c3a-b59e-e80d-ac03599051ab,39655,97887,1,102.63
2026/10/10 21:46:52.922,GPU-e3ae17a2-8c3a-b59e-e80d-ac03599051ab,39655,97887,5,79.30
2026/10/10 21:46:53.449,GPU-e3ae17a2-8c3a-b59e-e80d-ac03599051ab,39655,97887,99,155.40
2026/10/10 21:46:53.977,GPU-e3ae17a2-8c3a-b59e-e80d-ac03599051ab,39655,97887,99,227.07
2026/10/10 21:46:54.505,GPU-e3ae17a2-8c3a-b59e-e80d-ac03599051ab,39655,97887,6,198.29
2026/10/10 21:46:55.033,GPU-e3ae17a2-8c3a-b59e-e80d-ac03599051ab,39655,97887,3,123.55
2026/10/10 21:46:55.583,GPU-e3ae17a2-8c3a-b59e-e80d-ac03599051ab,39655,97887,4,78.93
2026/10/10 21:46:56.113,GPU-e3ae17a2-8c3a-b59e-e80d-ac03599051ab,39655,97887,98,128.90
2026/10/10 21:46:56.641,GPU-e3ae17a2-8c3a-b59e-e80d-ac03599051ab,39655,97887,99,229.98
2026/10/10 21:46:57.168,GPU-e3ae17a2-8c3a-b59e-e80d-ac03599051ab,39655,97887,7,180.18
2026/10/10 21:46:57.695,GPU-e3ae17a2-8c3a-b59e-e80d-ac03599051ab,39655,97887,5,90.58
2026/10/10 21:46:58.223,GPU-e3ae17a2-8c3a-b59e-e80d-ac03599051ab,39655,97887,2,78.38
2026/10/10 21:46:58.752,GPU-e3ae17a2-8c3a-b59e-e80d-ac03599051ab,39655,97887,99,146.46
2026/10/10 21:46:59.285,GPU-e3ae17a2-8c3a-b59e-e80d-ac03599051ab,39655,97887,99,230.62
2026/10/10 21:46:59.812,GPU-e3ae17a2-8c3a-b59e-e80d-ac03599051ab,39655,97887,6,174.55
2026/10/10 21:47:00.340,GPU-e3ae17a2-8c3a-b59e-e80d-ac03599051ab,39655,97887,5,94.71
2026/10/10 21:47:00.868,GPU-e3ae17a2-8c3a-b59e-e80d-ac03599051ab,39655,97887,1,88.43
2026/10/10 21:47:01.399,GPU-e3ae17a2-8c3a-b59e-e80d-ac03599051ab,39655,97887,99,187.14
2026/10/10 21:47:01.928,GPU-e3ae17a2-8c3a-b59e-e80d-ac03599051ab,39655,97887,99,251.39
2026/10/10 21:47:02.457,GPU-e3ae17a2-8c3a-b59e-e80d-ac03599051ab,39655,97887,6,176.98
2026/10/10 21:47:02.985,GPU-e3ae17a2-8c3a-b59e-e80d-ac03599051ab,39655,97887,4,101.55
2026/10/10 21:47:03.513,GPU-e3ae17a2-8c3a-b59e-e80d-ac03599051ab,39655,97887,2,79.03
2026/10/10 21:47:04.042,GPU-e3ae17a2-8c3a-b59e-e80d-ac03599051ab,39655,97887,98,157.07
2026/10/10 21:47:04.572,GPU-e3ae17a2-8c3a-b59e-e80d-ac03599051ab,39655,97887,98,249.82
2026/10/10 21:47:05.102,GPU-e3ae17a2-8c3a-b59e-e80d-ac03599051ab,39655,97887,7,175.37
2026/10/10 21:47:05.629,GPU-e3ae17a2-8c3a-b59e-e80d-ac03599051ab,39655,97887,6,90.90
2026/10/10 21:47:06.156,GPU-e3ae17a2-8c3a-b59e-e80d-ac03599051ab,39655,97887,3,78.95
2026/10/10 21:47:06.683,GPU-e3ae17a2-8c3a-b59e-e80d-ac03599051ab,39655,97887,98,175.90
2026/10/10 21:47:07.212,GPU-e3ae17a2-8c3a-b59e-e80d-ac03599051ab,39655,97887,99,232.50
2026/10/10 21:47:07.740,GPU-e3ae17a2-8c3a-b59e-e80d-ac03599051ab,39655,97887,6,177.08
2026/10/10 21:47:08.267,GPU-e3ae17a2-8c3a-b59e-e80d-ac03599051ab,39655,97887,5,108.21
2026/10/10 21:47:08.796,GPU-e3ae17a2-8c3a-b59e-e80d-ac03599051ab,39655,97887,23,87.60
2026/10/10 21:47:09.324,GPU-e3ae17a2-8c3a-b59e-e80d-ac03599051ab,39655,97887,99,181.65
2026/10/10 21:47:09.860,GPU-e3ae17a2-8c3a-b59e-e80d-ac03599051ab,39655,97887,99,253.70
2026/10/10 21:47:10.388,GPU-e3ae17a2-8c3a-b59e-e80d-ac03599051ab,39655,97887,5,176.56
2026/10/10 21:47:10.918,GPU-e3ae17a2-8c3a-b59e-e80d-ac03599051ab,39655,97887,1,96.09
2026/10/10 21:47:11.447,GPU-e3ae17a2-8c3a-b59e-e80d-ac03599051ab,39655,97887,4,79.74
2026/10/10 21:47:11.976,GPU-e3ae17a2-8c3a-b59e-e80d-ac03599051ab,39655,97887,100,174.92
2026/10/10 21:47:12.504,GPU-e3ae17a2-8c3a-b59e-e80d-ac03599051ab,39655,97887,99,255.95
2026/10/10 21:47:13.032,GPU-e3ae17a2-8c3a-b59e-e80d-ac03599051ab,39655,97887,6,180.95
2026/10/10 21:47:13.560,GPU-e3ae17a2-8c3a-b59e-e80d-ac03599051ab,39655,97887,3,122.61
2026/10/10 21:47:14.099,GPU-e3ae17a2-8c3a-b59e-e80d-ac03599051ab,39655,97887,2,78.73
2026/10/10 21:47:14.626,GPU-e3ae17a2-8c3a-b59e-e80d-ac03599051ab,39655,97887,99,167.43
2026/10/10 21:47:15.154,GPU-e3ae17a2-8c3a-b59e-e80d-ac03599051ab,39655,97887,99,237.50
2026/10/10 21:47:15.686,GPU-e3ae17a2-8c3a-b59e-e80d-ac03599051ab,39655,97887,6,186.27
2026/10/10 21:47:16.213,GPU-e3ae17a2-8c3a-b59e-e80d-ac03599051ab,39655,97887,2,122.43
2026/10/10 21:47:16.740,GPU-e3ae17a2-8c3a-b59e-e80d-ac03599051ab,39655,97887,4,78.71
2026/10/10 21:47:17.282,GPU-e3ae17a2-8c3a-b59e-e80d-ac03599051ab,39655,97887,99,151.93
2026/10/10 21:47:17.818,GPU-e3ae17a2-8c3a-b59e-e80d-ac03599051ab,39655,97887,99,232.76
2026/10/10 21:47:18.347,GPU-e3ae17a2-8c3a-b59e-e80d-ac03599051ab,39655,97887,6,206.43
2026/10/10 21:47:18.878,GPU-e3ae17a2-8c3a-b59e-e80d-ac03599051ab,39655,97887,2,125.04
2026/10/10 21:47:19.406,GPU-e3ae17a2-8c3a-b59e-e80d-ac03599051ab,39655,97887,5,78.59
2026/10/10 21:47:19.934,GPU-e3ae17a2-8c3a-b59e-e80d-ac03599051ab,39655,97887,99,132.20
2026/10/10 21:47:20.465,GPU-e3ae17a2-8c3a-b59e-e80d-ac03599051ab,39655,97887,99,204.80
2026/10/10 21:47:20.994,GPU-e3ae17a2-8c3a-b59e-e80d-ac03599051ab,39655,97887,6,199.32
2026/10/10 21:47:21.524,GPU-e3ae17a2-8c3a-b59e-e80d-ac03599051ab,39655,97887,6,135.30
2026/10/10 21:47:22.052,GPU-e3ae17a2-8c3a-b59e-e80d-ac03599051ab,39655,97887,3,78.83
2026/10/10 21:47:22.579,GPU-e3ae17a2-8c3a-b59e-e80d-ac03599051ab,39655,97887,99,113.63
2026/10/10 21:47:23.106,GPU-e3ae17a2-8c3a-b59e-e80d-ac03599051ab,39655,97887,99,215.52
2026/10/10 21:47:23.634,GPU-e3ae17a2-8c3a-b59e-e80d-ac03599051ab,39655,97887,6,225.80
2026/10/10 21:47:24.164,GPU-e3ae17a2-8c3a-b59e-e80d-ac03599051ab,39655,97887,6,143.01
2026/10/10 21:47:24.702,GPU-e3ae17a2-8c3a-b59e-e80d-ac03599051ab,39655,97887,0,78.74
2026/10/10 21:47:25.230,GPU-e3ae17a2-8c3a-b59e-e80d-ac03599051ab,39655,97887,1,78.35
2026/10/10 21:47:25.760,GPU-e3ae17a2-8c3a-b59e-e80d-ac03599051ab,39655,97887,98,149.08
2026/10/10 21:47:26.302,GPU-e3ae17a2-8c3a-b59e-e80d-ac03599051ab,39655,97887,98,248.28
2026/10/10 21:47:26.829,GPU-e3ae17a2-8c3a-b59e-e80d-ac03599051ab,39655,97887,6,197.84
2026/10/10 21:47:27.357,GPU-e3ae17a2-8c3a-b59e-e80d-ac03599051ab,39655,97887,6,129.82
2026/10/10 21:47:27.884,GPU-e3ae17a2-8c3a-b59e-e80d-ac03599051ab,39655,97887,5,79.74
2026/10/10 21:47:28.411,GPU-e3ae17a2-8c3a-b59e-e80d-ac03599051ab,39655,97887,99,121.90
2026/10/10 21:47:28.944,GPU-e3ae17a2-8c3a-b59e-e80d-ac03599051ab,39655,97887,99,213.88
2026/10/10 21:47:29.473,GPU-e3ae17a2-8c3a-b59e-e80d-ac03599051ab,39655,97887,6,229.35
2026/10/10 21:47:30.000,GPU-e3ae17a2-8c3a-b59e-e80d-ac03599051ab,39655,97887,5,135.93
2026/10/10 21:47:30.527,GPU-e3ae17a2-8c3a-b59e-e80d-ac03599051ab,39655,97887,5,78.83
2026/10/10 21:47:31.055,GPU-e3ae17a2-8c3a-b59e-e80d-ac03599051ab,39655,97887,98,108.38
2026/10/10 21:47:31.582,GPU-e3ae17a2-8c3a-b59e-e80d-ac03599051ab,39655,97887,99,198.64
2026/10/10 21:47:32.109,GPU-e3ae17a2-8c3a-b59e-e80d-ac03599051ab,39655,97887,100,240.69
2026/10/10 21:47:32.636,GPU-e3ae17a2-8c3a-b59e-e80d-ac03599051ab,39655,97887,7,148.93
2026/10/10 21:47:33.163,GPU-e3ae17a2-8c3a-b59e-e80d-ac03599051ab,39655,97887,6,79.20
2026/10/10 21:47:33.690,GPU-e3ae17a2-8c3a-b59e-e80d-ac03599051ab,39655,97887,86,98.26
2026/10/10 21:47:34.217,GPU-e3ae17a2-8c3a-b59e-e80d-ac03599051ab,39655,97887,99,198.03
2026/10/10 21:47:34.746,GPU-e3ae17a2-8c3a-b59e-e80d-ac03599051ab,39655,97887,99,248.57
2026/10/10 21:47:35.273,GPU-e3ae17a2-8c3a-b59e-e80d-ac03599051ab,39655,97887,6,160.60
2026/10/10 21:47:35.800,GPU-e3ae17a2-8c3a-b59e-e80d-ac03599051ab,39655,97887,5,79.54
2026/10/10 21:47:36.328,GPU-e3ae17a2-8c3a-b59e-e80d-ac03599051ab,39655,97887,2,94.55
2026/10/10 21:47:36.862,GPU-e3ae17a2-8c3a-b59e-e80d-ac03599051ab,39655,97887,100,181.04
2026/10/10 21:47:37.392,GPU-e3ae17a2-8c3a-b59e-e80d-ac03599051ab,39655,97887,99,241.85
2026/10/10 21:47:37.919,GPU-e3ae17a2-8c3a-b59e-e80d-ac03599051ab,39655,97887,6,170.71
2026/10/10 21:47:38.446,GPU-e3ae17a2-8c3a-b59e-e80d-ac03599051ab,39655,97887,6,101.49
2026/10/10 21:47:38.977,GPU-e3ae17a2-8c3a-b59e-e80d-ac03599051ab,39655,97887,5,78.96
2026/10/10 21:47:39.506,GPU-e3ae17a2-8c3a-b59e-e80d-ac03599051ab,39655,97887,99,177.22
2026/10/10 21:47:40.033,GPU-e3ae17a2-8c3a-b59e-e80d-ac03599051ab,39655,97887,99,235.49
2026/10/10 21:47:40.573,GPU-e3ae17a2-8c3a-b59e-e80d-ac03599051ab,39655,97887,6,193.99
2026/10/10 21:47:41.106,GPU-e3ae17a2-8c3a-b59e-e80d-ac03599051ab,39655,97887,4,102.12
2026/10/10 21:47:41.638,GPU-e3ae17a2-8c3a-b59e-e80d-ac03599051ab,39655,97887,1,79.54
2026/10/10 21:47:42.175,GPU-e3ae17a2-8c3a-b59e-e80d-ac03599051ab,39655,97887,99,158.98
2026/10/10 21:47:42.709,GPU-e3ae17a2-8c3a-b59e-e80d-ac03599051ab,39655,97887,99,243.32
2026/10/10 21:47:43.238,GPU-e3ae17a2-8c3a-b59e-e80d-ac03599051ab,39655,97887,5,193.11
2026/10/10 21:47:43.764,GPU-e3ae17a2-8c3a-b59e-e80d-ac03599051ab,39655,97887,3,124.12
2026/10/10 21:47:44.294,GPU-e3ae17a2-8c3a-b59e-e80d-ac03599051ab,39655,97887,5,79.12
2026/10/10 21:47:44.821,GPU-e3ae17a2-8c3a-b59e-e80d-ac03599051ab,39655,97887,99,156.08
2026/10/10 21:47:45.350,GPU-e3ae17a2-8c3a-b59e-e80d-ac03599051ab,39655,97887,99,239.61
2026/10/10 21:47:45.878,GPU-e3ae17a2-8c3a-b59e-e80d-ac03599051ab,39655,97887,6,219.24
2026/10/10 21:47:46.405,GPU-e3ae17a2-8c3a-b59e-e80d-ac03599051ab,39655,97887,7,131.27
2026/10/10 21:47:46.933,GPU-e3ae17a2-8c3a-b59e-e80d-ac03599051ab,39655,97887,5,78.85
2026/10/10 21:47:47.459,GPU-e3ae17a2-8c3a-b59e-e80d-ac03599051ab,39655,97887,97,122.21
2026/10/10 21:47:47.987,GPU-e3ae17a2-8c3a-b59e-e80d-ac03599051ab,39655,97887,97,205.27
2026/10/10 21:47:48.514,GPU-e3ae17a2-8c3a-b59e-e80d-ac03599051ab,39655,97887,47,222.51
2026/10/10 21:47:49.042,GPU-e3ae17a2-8c3a-b59e-e80d-ac03599051ab,39655,97887,6,146.43
2026/10/10 21:47:49.571,GPU-e3ae17a2-8c3a-b59e-e80d-ac03599051ab,39655,97887,5,79.34
2026/10/10 21:47:50.099,GPU-e3ae17a2-8c3a-b59e-e80d-ac03599051ab,39655,97887,97,101.76
2026/10/10 21:47:50.628,GPU-e3ae17a2-8c3a-b59e-e80d-ac03599051ab,39655,97887,97,199.06
2026/10/10 21:47:51.155,GPU-e3ae17a2-8c3a-b59e-e80d-ac03599051ab,39655,97887,97,235.97
2026/10/10 21:47:51.682,GPU-e3ae17a2-8c3a-b59e-e80d-ac03599051ab,39655,97887,6,161.05
2026/10/10 21:47:52.208,GPU-e3ae17a2-8c3a-b59e-e80d-ac03599051ab,39655,97887,5,82.37
2026/10/10 21:47:52.738,GPU-e3ae17a2-8c3a-b59e-e80d-ac03599051ab,39655,97887,39,106.48
2026/10/10 21:47:53.267,GPU-e3ae17a2-8c3a-b59e-e80d-ac03599051ab,39655,97887,97,187.98
2026/10/10 21:47:53.795,GPU-e3ae17a2-8c3a-b59e-e80d-ac03599051ab,39655,97887,96,243.79
2026/10/10 21:47:54.323,GPU-e3ae17a2-8c3a-b59e-e80d-ac03599051ab,39655,97887,5,179.76
2026/10/10 21:47:54.852,GPU-e3ae17a2-8c3a-b59e-e80d-ac03599051ab,39655,97887,6,103.79
2026/10/10 21:47:55.380,GPU-e3ae17a2-8c3a-b59e-e80d-ac03599051ab,39655,97887,6,83.04
2026/10/10 21:47:55.913,GPU-e3ae17a2-8c3a-b59e-e80d-ac03599051ab,39655,97887,96,163.94
2026/10/10 21:47:56.441,GPU-e3ae17a2-8c3a-b59e-e80d-ac03599051ab,39655,97887,100,241.84
2026/10/10 21:47:56.969,GPU-e3ae17a2-8c3a-b59e-e80d-ac03599051ab,39655,97887,6,198.84
2026/10/10 21:47:57.496,GPU-e3ae17a2-8c3a-b59e-e80d-ac03599051ab,39655,97887,2,124.54
2026/10/10 21:47:58.023,GPU-e3ae17a2-8c3a-b59e-e80d-ac03599051ab,39655,97887,1,79.13
2026/10/10 21:47:58.553,GPU-e3ae17a2-8c3a-b59e-e80d-ac03599051ab,39655,97887,97,159.42
2026/10/10 21:47:59.081,GPU-e3ae17a2-8c3a-b59e-e80d-ac03599051ab,39655,97887,97,237.28
2026/10/10 21:47:59.610,GPU-e3ae17a2-8c3a-b59e-e80d-ac03599051ab,39655,97887,6,208.76
2026/10/10 21:48:00.136,GPU-e3ae17a2-8c3a-b59e-e80d-ac03599051ab,39655,97887,3,114.69
2026/10/10 21:48:00.664,GPU-e3ae17a2-8c3a-b59e-e80d-ac03599051ab,39655,97887,4,79.04
2026/10/10 21:48:01.193,GPU-e3ae17a2-8c3a-b59e-e80d-ac03599051ab,39655,97887,98,139.66
2026/10/10 21:48:01.721,GPU-e3ae17a2-8c3a-b59e-e80d-ac03599051ab,39655,97887,97,241.78
2026/10/10 21:48:02.256,GPU-e3ae17a2-8c3a-b59e-e80d-ac03599051ab,39655,97887,7,198.42
2026/10/10 21:48:02.809,GPU-e3ae17a2-8c3a-b59e-e80d-ac03599051ab,39655,97887,6,127.80
2026/10/10 21:48:03.339,GPU-e3ae17a2-8c3a-b59e-e80d-ac03599051ab,39655,97887,6,79.01
2026/10/10 21:48:03.867,GPU-e3ae17a2-8c3a-b59e-e80d-ac03599051ab,39655,97887,97,142.69
2026/10/10 21:48:04.395,GPU-e3ae17a2-8c3a-b59e-e80d-ac03599051ab,39655,97887,100,235.32
2026/10/10 21:48:04.923,GPU-e3ae17a2-8c3a-b59e-e80d-ac03599051ab,39655,97887,6,215.86
2026/10/10 21:48:05.460,GPU-e3ae17a2-8c3a-b59e-e80d-ac03599051ab,39655,97887,5,128.98
2026/10/10 21:48:05.986,GPU-e3ae17a2-8c3a-b59e-e80d-ac03599051ab,39655,97887,6,79.68
2026/10/10 21:48:06.514,GPU-e3ae17a2-8c3a-b59e-e80d-ac03599051ab,39655,97887,100,126.95
2026/10/10 21:48:07.041,GPU-e3ae17a2-8c3a-b59e-e80d-ac03599051ab,39655,97887,97,233.79
2026/10/10 21:48:07.569,GPU-e3ae17a2-8c3a-b59e-e80d-ac03599051ab,39655,97887,100,227.57
2026/10/10 21:48:08.096,GPU-e3ae17a2-8c3a-b59e-e80d-ac03599051ab,39655,97887,6,153.90
2026/10/10 21:48:08.622,GPU-e3ae17a2-8c3a-b59e-e80d-ac03599051ab,39655,97887,6,79.30
2026/10/10 21:48:09.152,GPU-e3ae17a2-8c3a-b59e-e80d-ac03599051ab,39655,97887,98,133.00
2026/10/10 21:48:09.681,GPU-e3ae17a2-8c3a-b59e-e80d-ac03599051ab,39655,97887,98,215.50
2026/10/10 21:48:10.209,GPU-e3ae17a2-8c3a-b59e-e80d-ac03599051ab,39655,97887,97,246.45
2026/10/10 21:48:10.739,GPU-e3ae17a2-8c3a-b59e-e80d-ac03599051ab,39655,97887,6,156.77
2026/10/10 21:48:11.266,GPU-e3ae17a2-8c3a-b59e-e80d-ac03599051ab,39655,97887,5,79.23
2026/10/10 21:48:11.795,GPU-e3ae17a2-8c3a-b59e-e80d-ac03599051ab,39655,97887,19,112.34
2026/10/10 21:48:12.324,GPU-e3ae17a2-8c3a-b59e-e80d-ac03599051ab,39655,97887,100,194.22
2026/10/10 21:48:12.852,GPU-e3ae17a2-8c3a-b59e-e80d-ac03599051ab,39655,97887,100,244.52
2026/10/10 21:48:13.381,GPU-e3ae17a2-8c3a-b59e-e80d-ac03599051ab,39655,97887,5,174.95
2026/10/10 21:48:13.906,GPU-e3ae17a2-8c3a-b59e-e80d-ac03599051ab,39655,97887,5,102.17
2026/10/10 21:48:14.433,GPU-e3ae17a2-8c3a-b59e-e80d-ac03599051ab,39655,97887,27,88.57
2026/10/10 21:48:14.962,GPU-e3ae17a2-8c3a-b59e-e80d-ac03599051ab,39655,97887,97,172.19
2026/10/10 21:48:15.491,GPU-e3ae17a2-8c3a-b59e-e80d-ac03599051ab,39655,97887,97,244.93
2026/10/10 21:48:16.018,GPU-e3ae17a2-8c3a-b59e-e80d-ac03599051ab,39655,97887,6,201.68
2026/10/10 21:48:16.545,GPU-e3ae17a2-8c3a-b59e-e80d-ac03599051ab,39655,97887,3,115.65
2026/10/10 21:48:17.073,GPU-e3ae17a2-8c3a-b59e-e80d-ac03599051ab,39655,97887,2,78.78
2026/10/10 21:48:17.601,GPU-e3ae17a2-8c3a-b59e-e80d-ac03599051ab,39655,97887,3,78.72
2026/10/10 21:48:18.129,GPU-e3ae17a2-8c3a-b59e-e80d-ac03599051ab,39655,97887,98,137.69
2026/10/10 21:48:18.656,GPU-e3ae17a2-8c3a-b59e-e80d-ac03599051ab,39655,97887,97,238.86
2026/10/10 21:48:19.185,GPU-e3ae17a2-8c3a-b59e-e80d-ac03599051ab,39655,97887,6,208.39
2026/10/10 21:48:19.711,GPU-e3ae17a2-8c3a-b59e-e80d-ac03599051ab,39655,97887,3,132.53
2026/10/10 21:48:20.240,GPU-e3ae17a2-8c3a-b59e-e80d-ac03599051ab,39655,97887,4,78.93
2026/10/10 21:48:20.767,GPU-e3ae17a2-8c3a-b59e-e80d-ac03599051ab,39655,97887,97,129.90
2026/10/10 21:48:21.296,GPU-e3ae17a2-8c3a-b59e-e80d-ac03599051ab,39655,97887,98,219.79
2026/10/10 21:48:21.823,GPU-e3ae17a2-8c3a-b59e-e80d-ac03599051ab,39655,97887,43,221.40
2026/10/10 21:48:22.350,GPU-e3ae17a2-8c3a-b59e-e80d-ac03599051ab,39655,97887,6,131.47
2026/10/10 21:48:22.878,GPU-e3ae17a2-8c3a-b59e-e80d-ac03599051ab,39655,97887,3,79.38
2026/10/10 21:48:23.405,GPU-e3ae17a2-8c3a-b59e-e80d-ac03599051ab,39655,97887,97,121.76
2026/10/10 21:48:23.940,GPU-e3ae17a2-8c3a-b59e-e80d-ac03599051ab,39655,97887,97,218.26
2026/10/10 21:48:24.469,GPU-e3ae17a2-8c3a-b59e-e80d-ac03599051ab,39655,97887,6,223.09
2026/10/10 21:48:24.996,GPU-e3ae17a2-8c3a-b59e-e80d-ac03599051ab,39655,97887,6,140.60
2026/10/10 21:48:25.522,GPU-e3ae17a2-8c3a-b59e-e80d-ac03599051ab,39655,97887,5,79.25
2026/10/10 21:48:26.049,GPU-e3ae17a2-8c3a-b59e-e80d-ac03599051ab,39655,97887,100,130.70
2026/10/10 21:48:26.578,GPU-e3ae17a2-8c3a-b59e-e80d-ac03599051ab,39655,97887,98,211.92
2026/10/10 21:48:27.110,GPU-e3ae17a2-8c3a-b59e-e80d-ac03599051ab,39655,97887,96,240.27
2026/10/10 21:48:27.636,GPU-e3ae17a2-8c3a-b59e-e80d-ac03599051ab,39655,97887,5,176.10
2026/10/10 21:48:28.163,GPU-e3ae17a2-8c3a-b59e-e80d-ac03599051ab,39655,97887,5,79.50
2026/10/10 21:48:28.695,GPU-e3ae17a2-8c3a-b59e-e80d-ac03599051ab,39655,97887,98,111.02
2026/10/10 21:48:29.224,GPU-e3ae17a2-8c3a-b59e-e80d-ac03599051ab,39655,97887,98,192.37
2026/10/10 21:48:29.754,GPU-e3ae17a2-8c3a-b59e-e80d-ac03599051ab,39655,97887,97,246.77
2026/10/10 21:48:30.282,GPU-e3ae17a2-8c3a-b59e-e80d-ac03599051ab,39655,97887,6,164.59
2026/10/10 21:48:30.810,GPU-e3ae17a2-8c3a-b59e-e80d-ac03599051ab,39655,97887,4,102.06
2026/10/10 21:48:31.339,GPU-e3ae17a2-8c3a-b59e-e80d-ac03599051ab,39655,97887,18,84.43
2026/10/10 21:48:31.869,GPU-e3ae17a2-8c3a-b59e-e80d-ac03599051ab,39655,97887,99,183.48
2026/10/10 21:48:32.398,GPU-e3ae17a2-8c3a-b59e-e80d-ac03599051ab,39655,97887,98,241.88
2026/10/10 21:48:32.926,GPU-e3ae17a2-8c3a-b59e-e80d-ac03599051ab,39655,97887,6,198.91
2026/10/10 21:48:33.453,GPU-e3ae17a2-8c3a-b59e-e80d-ac03599051ab,39655,97887,6,101.01
2026/10/10 21:48:33.981,GPU-e3ae17a2-8c3a-b59e-e80d-ac03599051ab,39655,97887,3,79.36
2026/10/10 21:48:34.512,GPU-e3ae17a2-8c3a-b59e-e80d-ac03599051ab,39655,97887,97,154.30
2026/10/10 21:48:35.042,GPU-e3ae17a2-8c3a-b59e-e80d-ac03599051ab,39655,97887,100,245.74
2026/10/10 21:48:35.571,GPU-e3ae17a2-8c3a-b59e-e80d-ac03599051ab,39655,97887,6,181.80
2026/10/10 21:48:36.098,GPU-e3ae17a2-8c3a-b59e-e80d-ac03599051ab,39655,97887,1,105.41
2026/10/10 21:48:36.625,GPU-e3ae17a2-8c3a-b59e-e80d-ac03599051ab,39655,97887,6,79.08
2026/10/10 21:48:37.154,GPU-e3ae17a2-8c3a-b59e-e80d-ac03599051ab,39655,97887,97,153.09
2026/10/10 21:48:37.681,GPU-e3ae17a2-8c3a-b59e-e80d-ac03599051ab,39655,97887,97,238.67
2026/10/10 21:48:38.209,GPU-e3ae17a2-8c3a-b59e-e80d-ac03599051ab,39655,97887,21,222.73
2026/10/10 21:48:38.737,GPU-e3ae17a2-8c3a-b59e-e80d-ac03599051ab,39655,97887,5,144.66
2026/10/10 21:48:39.264,GPU-e3ae17a2-8c3a-b59e-e80d-ac03599051ab,39655,97887,1,79.59
2026/10/10 21:48:39.792,GPU-e3ae17a2-8c3a-b59e-e80d-ac03599051ab,39655,97887,97,123.52
2026/10/10 21:48:40.319,GPU-e3ae17a2-8c3a-b59e-e80d-ac03599051ab,39655,97887,98,209.47
2026/10/10 21:48:40.848,GPU-e3ae17a2-8c3a-b59e-e80d-ac03599051ab,39655,97887,98,236.04
2026/10/10 21:48:41.375,GPU-e3ae17a2-8c3a-b59e-e80d-ac03599051ab,39655,97887,6,143.54
2026/10/10 21:48:41.902,GPU-e3ae17a2-8c3a-b59e-e80d-ac03599051ab,39655,97887,5,80.48
2026/10/10 21:48:42.429,GPU-e3ae17a2-8c3a-b59e-e80d-ac03599051ab,39655,97887,68,98.64
2026/10/10 21:48:42.957,GPU-e3ae17a2-8c3a-b59e-e80d-ac03599051ab,39655,97887,98,197.88
2026/10/10 21:48:43.487,GPU-e3ae17a2-8c3a-b59e-e80d-ac03599051ab,39655,97887,60,234.96
2026/10/10 21:48:44.013,GPU-e3ae17a2-8c3a-b59e-e80d-ac03599051ab,39655,97887,5,157.30
2026/10/10 21:48:44.540,GPU-e3ae17a2-8c3a-b59e-e80d-ac03599051ab,39655,97887,5,81.35
2026/10/10 21:48:45.070,GPU-e3ae17a2-8c3a-b59e-e80d-ac03599051ab,39655,97887,97,101.88
2026/10/10 21:48:45.597,GPU-e3ae17a2-8c3a-b59e-e80d-ac03599051ab,39655,97887,97,186.44
2026/10/10 21:48:46.125,GPU-e3ae17a2-8c3a-b59e-e80d-ac03599051ab,39655,97887,97,240.98
2026/10/10 21:48:46.654,GPU-e3ae17a2-8c3a-b59e-e80d-ac03599051ab,39655,97887,6,166.84
2026/10/10 21:48:47.183,GPU-e3ae17a2-8c3a-b59e-e80d-ac03599051ab,39655,97887,6,82.28
2026/10/10 21:48:47.711,GPU-e3ae17a2-8c3a-b59e-e80d-ac03599051ab,39655,97887,67,90.44
2026/10/10 21:48:48.239,GPU-e3ae17a2-8c3a-b59e-e80d-ac03599051ab,39655,97887,97,174.20
2026/10/10 21:48:48.768,GPU-e3ae17a2-8c3a-b59e-e80d-ac03599051ab,39655,97887,98,243.60
2026/10/10 21:48:49.294,GPU-e3ae17a2-8c3a-b59e-e80d-ac03599051ab,39655,97887,5,154.19
2026/10/10 21:48:49.821,GPU-e3ae17a2-8c3a-b59e-e80d-ac03599051ab,39655,97887,2,81.68
2026/10/10 21:48:50.350,GPU-e3ae17a2-8c3a-b59e-e80d-ac03599051ab,39655,97887,1,78.69
2026/10/10 21:48:50.877,GPU-e3ae17a2-8c3a-b59e-e80d-ac03599051ab,39655,97887,100,184.95
2026/10/10 21:48:51.406,GPU-e3ae17a2-8c3a-b59e-e80d-ac03599051ab,39655,97887,98,241.64
2026/10/10 21:48:51.937,GPU-e3ae17a2-8c3a-b59e-e80d-ac03599051ab,39655,97887,6,165.82
2026/10/10 21:48:52.464,GPU-e3ae17a2-8c3a-b59e-e80d-ac03599051ab,39655,97887,3,79.97
2026/10/10 21:48:52.994,GPU-e3ae17a2-8c3a-b59e-e80d-ac03599051ab,39655,97887,5,101.42
2026/10/10 21:48:53.522,GPU-e3ae17a2-8c3a-b59e-e80d-ac03599051ab,39655,97887,98,186.23
2026/10/10 21:48:54.051,GPU-e3ae17a2-8c3a-b59e-e80d-ac03599051ab,39655,97887,97,243.39
2026/10/10 21:48:54.578,GPU-e3ae17a2-8c3a-b59e-e80d-ac03599051ab,39655,97887,6,165.61
2026/10/10 21:48:55.105,GPU-e3ae17a2-8c3a-b59e-e80d-ac03599051ab,39655,97887,3,93.36
2026/10/10 21:48:55.646,GPU-e3ae17a2-8c3a-b59e-e80d-ac03599051ab,39655,97887,2,83.69
2026/10/10 21:48:56.175,GPU-e3ae17a2-8c3a-b59e-e80d-ac03599051ab,39655,97887,98,191.11
2026/10/10 21:48:56.702,GPU-e3ae17a2-8c3a-b59e-e80d-ac03599051ab,39655,97887,98,247.69
2026/10/10 21:48:57.232,GPU-e3ae17a2-8c3a-b59e-e80d-ac03599051ab,39655,97887,6,196.21
2026/10/10 21:48:57.758,GPU-e3ae17a2-8c3a-b59e-e80d-ac03599051ab,39655,97887,4,119.13
2026/10/10 21:48:58.286,GPU-e3ae17a2-8c3a-b59e-e80d-ac03599051ab,39655,97887,45,88.32
2026/10/10 21:48:58.814,GPU-e3ae17a2-8c3a-b59e-e80d-ac03599051ab,39655,97887,98,171.91
2026/10/10 21:48:59.342,GPU-e3ae17a2-8c3a-b59e-e80d-ac03599051ab,39655,97887,97,238.71
2026/10/10 21:48:59.870,GPU-e3ae17a2-8c3a-b59e-e80d-ac03599051ab,39655,97887,6,188.17
2026/10/10 21:49:00.397,GPU-e3ae17a2-8c3a-b59e-e80d-ac03599051ab,39655,97887,1,103.87
2026/10/10 21:49:00.924,GPU-e3ae17a2-8c3a-b59e-e80d-ac03599051ab,39655,97887,4,78.74
2026/10/10 21:49:01.453,GPU-e3ae17a2-8c3a-b59e-e80d-ac03599051ab,39655,97887,98,153.20
2026/10/10 21:49:01.980,GPU-e3ae17a2-8c3a-b59e-e80d-ac03599051ab,39655,97887,97,237.50
2026/10/10 21:49:02.509,GPU-e3ae17a2-8c3a-b59e-e80d-ac03599051ab,39655,97887,6,188.91
2026/10/10 21:49:03.035,GPU-e3ae17a2-8c3a-b59e-e80d-ac03599051ab,39655,97887,5,114.11
2026/10/10 21:49:03.563,GPU-e3ae17a2-8c3a-b59e-e80d-ac03599051ab,39655,97887,0,79.16
2026/10/10 21:49:04.089,GPU-e3ae17a2-8c3a-b59e-e80d-ac03599051ab,39655,97887,97,140.42
2026/10/10 21:49:04.617,GPU-e3ae17a2-8c3a-b59e-e80d-ac03599051ab,39655,97887,100,216.51
2026/10/10 21:49:05.144,GPU-e3ae17a2-8c3a-b59e-e80d-ac03599051ab,39655,97887,13,228.83
2026/10/10 21:49:05.672,GPU-e3ae17a2-8c3a-b59e-e80d-ac03599051ab,39655,97887,6,146.32
2026/10/10 21:49:06.198,GPU-e3ae17a2-8c3a-b59e-e80d-ac03599051ab,39655,97887,6,79.74
2026/10/10 21:49:06.724,GPU-e3ae17a2-8c3a-b59e-e80d-ac03599051ab,39655,97887,99,128.48
2026/10/10 21:49:07.255,GPU-e3ae17a2-8c3a-b59e-e80d-ac03599051ab,39655,97887,98,210.86
2026/10/10 21:49:07.814,GPU-e3ae17a2-8c3a-b59e-e80d-ac03599051ab,39655,97887,98,230.70
2026/10/10 21:49:08.343,GPU-e3ae17a2-8c3a-b59e-e80d-ac03599051ab,39655,97887,98,245.39
2026/10/10 21:49:08.871,GPU-e3ae17a2-8c3a-b59e-e80d-ac03599051ab,39655,97887,98,274.49
2026/10/10 21:49:09.403,GPU-e3ae17a2-8c3a-b59e-e80d-ac03599051ab,39655,97887,98,274.80
2026/10/10 21:49:09.935,GPU-e3ae17a2-8c3a-b59e-e80d-ac03599051ab,39655,97887,99,266.88
2026/10/10 21:49:10.463,GPU-e3ae17a2-8c3a-b59e-e80d-ac03599051ab,39655,97887,98,267.80
2026/10/10 21:49:11.002,GPU-e3ae17a2-8c3a-b59e-e80d-ac03599051ab,39655,97887,98,265.17
2026/10/10 21:49:11.532,GPU-e3ae17a2-8c3a-b59e-e80d-ac03599051ab,39655,97887,99,266.42
2026/10/10 21:49:12.059,GPU-e3ae17a2-8c3a-b59e-e80d-ac03599051ab,39655,97887,98,270.29
2026/10/10 21:49:12.589,GPU-e3ae17a2-8c3a-b59e-e80d-ac03599051ab,39655,97887,98,271.00
2026/10/10 21:49:13.118,GPU-e3ae17a2-8c3a-b59e-e80d-ac03599051ab,39655,97887,98,268.98
2026/10/10 21:49:13.644,GPU-e3ae17a2-8c3a-b59e-e80d-ac03599051ab,39655,97887,98,270.79
2026/10/10 21:49:14.174,GPU-e3ae17a2-8c3a-b59e-e80d-ac03599051ab,39655,97887,98,266.50
2026/10/10 21:49:14.706,GPU-e3ae17a2-8c3a-b59e-e80d-ac03599051ab,39655,97887,99,259.17
2026/10/10 21:49:15.237,GPU-e3ae17a2-8c3a-b59e-e80d-ac03599051ab,39655,97887,98,247.04
2026/10/10 21:49:15.764,GPU-e3ae17a2-8c3a-b59e-e80d-ac03599051ab,39655,97887,99,244.18
2026/10/10 21:49:16.292,GPU-e3ae17a2-8c3a-b59e-e80d-ac03599051ab,39655,97887,98,255.03
2026/10/10 21:49:16.819,GPU-e3ae17a2-8c3a-b59e-e80d-ac03599051ab,39655,97887,99,234.39
2026/10/10 21:49:17.349,GPU-e3ae17a2-8c3a-b59e-e80d-ac03599051ab,39655,97887,99,244.92
2026/10/10 21:49:17.887,GPU-e3ae17a2-8c3a-b59e-e80d-ac03599051ab,39655,97887,99,247.17
2026/10/10 21:49:18.417,GPU-e3ae17a2-8c3a-b59e-e80d-ac03599051ab,39655,97887,99,220.55
2026/10/10 21:49:18.950,GPU-e3ae17a2-8c3a-b59e-e80d-ac03599051ab,39655,97887,99,251.76
2026/10/10 21:49:19.479,GPU-e3ae17a2-8c3a-b59e-e80d-ac03599051ab,39655,97887,99,261.88
2026/10/10 21:49:20.007,GPU-e3ae17a2-8c3a-b59e-e80d-ac03599051ab,39655,97887,99,208.07
2026/10/10 21:49:20.537,GPU-e3ae17a2-8c3a-b59e-e80d-ac03599051ab,39655,97887,99,223.68
2026/10/10 21:49:21.067,GPU-e3ae17a2-8c3a-b59e-e80d-ac03599051ab,39655,97887,99,262.38
2026/10/10 21:49:21.595,GPU-e3ae17a2-8c3a-b59e-e80d-ac03599051ab,39655,97887,99,293.12
2026/10/10 21:49:22.122,GPU-e3ae17a2-8c3a-b59e-e80d-ac03599051ab,39655,97887,99,269.04
2026/10/10 21:49:22.653,GPU-e3ae17a2-8c3a-b59e-e80d-ac03599051ab,39655,97887,99,237.60
2026/10/10 21:49:23.183,GPU-e3ae17a2-8c3a-b59e-e80d-ac03599051ab,39655,97887,99,222.65
2026/10/10 21:49:23.713,GPU-e3ae17a2-8c3a-b59e-e80d-ac03599051ab,39655,97887,99,215.29
2026/10/10 21:49:24.243,GPU-e3ae17a2-8c3a-b59e-e80d-ac03599051ab,39655,97887,99,213.29
2026/10/10 21:49:24.774,GPU-e3ae17a2-8c3a-b59e-e80d-ac03599051ab,39655,97887,99,214.26
2026/10/10 21:49:25.311,GPU-e3ae17a2-8c3a-b59e-e80d-ac03599051ab,39655,97887,99,212.54
2026/10/10 21:49:25.840,GPU-e3ae17a2-8c3a-b59e-e80d-ac03599051ab,39655,97887,99,212.38
2026/10/10 21:49:26.370,GPU-e3ae17a2-8c3a-b59e-e80d-ac03599051ab,39655,97887,99,219.45
2026/10/10 21:49:26.898,GPU-e3ae17a2-8c3a-b59e-e80d-ac03599051ab,39655,97887,99,224.95
2026/10/10 21:49:27.427,GPU-e3ae17a2-8c3a-b59e-e80d-ac03599051ab,39655,97887,99,246.46
2026/10/10 21:49:27.953,GPU-e3ae17a2-8c3a-b59e-e80d-ac03599051ab,39655,97887,99,291.46
2026/10/10 21:49:28.485,GPU-e3ae17a2-8c3a-b59e-e80d-ac03599051ab,39655,97887,99,307.38
2026/10/10 21:49:29.014,GPU-e3ae17a2-8c3a-b59e-e80d-ac03599051ab,39655,97887,99,287.10
2026/10/10 21:49:29.542,GPU-e3ae17a2-8c3a-b59e-e80d-ac03599051ab,39655,97887,99,239.18
2026/10/10 21:49:30.070,GPU-e3ae17a2-8c3a-b59e-e80d-ac03599051ab,39655,97887,99,203.33
2026/10/10 21:49:30.597,GPU-e3ae17a2-8c3a-b59e-e80d-ac03599051ab,39655,97887,99,206.15
2026/10/10 21:49:31.124,GPU-e3ae17a2-8c3a-b59e-e80d-ac03599051ab,39655,97887,99,268.78
2026/10/10 21:49:31.655,GPU-e3ae17a2-8c3a-b59e-e80d-ac03599051ab,39655,97887,99,292.17
2026/10/10 21:49:32.182,GPU-e3ae17a2-8c3a-b59e-e80d-ac03599051ab,39655,97887,99,238.02
2026/10/10 21:49:32.713,GPU-e3ae17a2-8c3a-b59e-e80d-ac03599051ab,39655,97887,99,213.29
2026/10/10 21:49:33.239,GPU-e3ae17a2-8c3a-b59e-e80d-ac03599051ab,39655,97887,99,264.68
2026/10/10 21:49:33.765,GPU-e3ae17a2-8c3a-b59e-e80d-ac03599051ab,39655,97887,99,271.61
2026/10/10 21:49:34.293,GPU-e3ae17a2-8c3a-b59e-e80d-ac03599051ab,39655,97887,99,223.47
2026/10/10 21:49:34.819,GPU-e3ae17a2-8c3a-b59e-e80d-ac03599051ab,39655,97887,100,249.59
2026/10/10 21:49:35.345,GPU-e3ae17a2-8c3a-b59e-e80d-ac03599051ab,39655,97887,99,274.63
2026/10/10 21:49:35.874,GPU-e3ae17a2-8c3a-b59e-e80d-ac03599051ab,39655,97887,99,235.22
2026/10/10 21:49:36.401,GPU-e3ae17a2-8c3a-b59e-e80d-ac03599051ab,39655,97887,99,242.74
2026/10/10 21:49:36.928,GPU-e3ae17a2-8c3a-b59e-e80d-ac03599051ab,39655,97887,99,257.00
2026/10/10 21:49:37.453,GPU-e3ae17a2-8c3a-b59e-e80d-ac03599051ab,39655,97887,99,230.55
2026/10/10 21:49:37.984,GPU-e3ae17a2-8c3a-b59e-e80d-ac03599051ab,39655,97887,99,257.84
2026/10/10 21:49:38.513,GPU-e3ae17a2-8c3a-b59e-e80d-ac03599051ab,39655,97887,99,232.18
2026/10/10 21:49:39.040,GPU-e3ae17a2-8c3a-b59e-e80d-ac03599051ab,39655,97887,99,252.71
2026/10/10 21:49:39.568,GPU-e3ae17a2-8c3a-b59e-e80d-ac03599051ab,39655,97887,99,248.14
2026/10/10 21:49:40.095,GPU-e3ae17a2-8c3a-b59e-e80d-ac03599051ab,39655,97887,100,247.34
2026/10/10 21:49:40.624,GPU-e3ae17a2-8c3a-b59e-e80d-ac03599051ab,39655,97887,99,249.39
2026/10/10 21:49:41.167,GPU-e3ae17a2-8c3a-b59e-e80d-ac03599051ab,39655,97887,99,248.34
2026/10/10 21:49:41.694,GPU-e3ae17a2-8c3a-b59e-e80d-ac03599051ab,39655,97887,99,256.03
2026/10/10 21:49:42.224,GPU-e3ae17a2-8c3a-b59e-e80d-ac03599051ab,39655,97887,100,247.25
2026/10/10 21:49:42.753,GPU-e3ae17a2-8c3a-b59e-e80d-ac03599051ab,39655,97887,99,250.40
2026/10/10 21:49:43.280,GPU-e3ae17a2-8c3a-b59e-e80d-ac03599051ab,39655,97887,100,250.18
2026/10/10 21:49:43.812,GPU-e3ae17a2-8c3a-b59e-e80d-ac03599051ab,39655,97887,99,247.93
2026/10/10 21:49:44.343,GPU-e3ae17a2-8c3a-b59e-e80d-ac03599051ab,39655,97887,99,255.04
2026/10/10 21:49:44.877,GPU-e3ae17a2-8c3a-b59e-e80d-ac03599051ab,39655,97887,99,249.07
2026/10/10 21:49:45.405,GPU-e3ae17a2-8c3a-b59e-e80d-ac03599051ab,39655,97887,99,242.44
2026/10/10 21:49:45.936,GPU-e3ae17a2-8c3a-b59e-e80d-ac03599051ab,39655,97887,100,261.07
2026/10/10 21:49:46.462,GPU-e3ae17a2-8c3a-b59e-e80d-ac03599051ab,39655,97887,99,242.66
2026/10/10 21:49:46.990,GPU-e3ae17a2-8c3a-b59e-e80d-ac03599051ab,39655,97887,99,255.89
2026/10/10 21:49:47.519,GPU-e3ae17a2-8c3a-b59e-e80d-ac03599051ab,39655,97887,99,260.75
2026/10/10 21:49:48.053,GPU-e3ae17a2-8c3a-b59e-e80d-ac03599051ab,39655,97887,99,237.44
2026/10/10 21:49:48.581,GPU-e3ae17a2-8c3a-b59e-e80d-ac03599051ab,39655,97887,99,254.39
2026/10/10 21:49:49.107,GPU-e3ae17a2-8c3a-b59e-e80d-ac03599051ab,39655,97887,99,252.57
2026/10/10 21:49:49.633,GPU-e3ae17a2-8c3a-b59e-e80d-ac03599051ab,39655,97887,99,236.34
2026/10/10 21:49:50.166,GPU-e3ae17a2-8c3a-b59e-e80d-ac03599051ab,39655,97887,99,249.80
2026/10/10 21:49:50.695,GPU-e3ae17a2-8c3a-b59e-e80d-ac03599051ab,39655,97887,99,257.60
2026/10/10 21:49:51.222,GPU-e3ae17a2-8c3a-b59e-e80d-ac03599051ab,39655,97887,99,237.62
2026/10/10 21:49:51.752,GPU-e3ae17a2-8c3a-b59e-e80d-ac03599051ab,39655,97887,99,241.87
2026/10/10 21:49:52.289,GPU-e3ae17a2-8c3a-b59e-e80d-ac03599051ab,39655,97887,100,265.26
2026/10/10 21:49:52.821,GPU-e3ae17a2-8c3a-b59e-e80d-ac03599051ab,39655,97887,99,245.12
2026/10/10 21:49:53.349,GPU-e3ae17a2-8c3a-b59e-e80d-ac03599051ab,39655,97887,99,230.64
2026/10/10 21:49:53.882,GPU-e3ae17a2-8c3a-b59e-e80d-ac03599051ab,39655,97887,99,240.96
2026/10/10 21:49:54.413,GPU-e3ae17a2-8c3a-b59e-e80d-ac03599051ab,39655,97887,99,262.32
2026/10/10 21:49:54.942,GPU-e3ae17a2-8c3a-b59e-e80d-ac03599051ab,39655,97887,99,258.88
2026/10/10 21:49:55.476,GPU-e3ae17a2-8c3a-b59e-e80d-ac03599051ab,39655,97887,99,242.43
2026/10/10 21:49:56.018,GPU-e3ae17a2-8c3a-b59e-e80d-ac03599051ab,39655,97887,99,234.15
2026/10/10 21:49:56.548,GPU-e3ae17a2-8c3a-b59e-e80d-ac03599051ab,39655,97887,99,241.20
2026/10/10 21:49:57.082,GPU-e3ae17a2-8c3a-b59e-e80d-ac03599051ab,39655,97887,99,264.96
2026/10/10 21:49:57.613,GPU-e3ae17a2-8c3a-b59e-e80d-ac03599051ab,39655,97887,100,253.75
2026/10/10 21:49:58.141,GPU-e3ae17a2-8c3a-b59e-e80d-ac03599051ab,39655,97887,100,249.08
2026/10/10 21:49:58.671,GPU-e3ae17a2-8c3a-b59e-e80d-ac03599051ab,39655,97887,99,236.27
2026/10/10 21:49:59.199,GPU-e3ae17a2-8c3a-b59e-e80d-ac03599051ab,39655,97887,99,240.32
2026/10/10 21:49:59.728,GPU-e3ae17a2-8c3a-b59e-e80d-ac03599051ab,39655,97887,98,240.55
2026/10/10 21:50:00.258,GPU-e3ae17a2-8c3a-b59e-e80d-ac03599051ab,39655,97887,98,259.56
2026/10/10 21:50:00.786,GPU-e3ae17a2-8c3a-b59e-e80d-ac03599051ab,39655,97887,98,256.79
2026/10/10 21:50:01.324,GPU-e3ae17a2-8c3a-b59e-e80d-ac03599051ab,39655,97887,98,246.90
2026/10/10 21:50:01.853,GPU-e3ae17a2-8c3a-b59e-e80d-ac03599051ab,39655,97887,98,243.98
2026/10/10 21:50:02.381,GPU-e3ae17a2-8c3a-b59e-e80d-ac03599051ab,39655,97887,99,233.40
2026/10/10 21:50:02.910,GPU-e3ae17a2-8c3a-b59e-e80d-ac03599051ab,39655,97887,99,240.50
2026/10/10 21:50:03.439,GPU-e3ae17a2-8c3a-b59e-e80d-ac03599051ab,39655,97887,99,252.18
2026/10/10 21:50:03.968,GPU-e3ae17a2-8c3a-b59e-e80d-ac03599051ab,39655,97887,99,256.05
2026/10/10 21:50:04.496,GPU-e3ae17a2-8c3a-b59e-e80d-ac03599051ab,39655,97887,99,252.15
2026/10/10 21:50:05.024,GPU-e3ae17a2-8c3a-b59e-e80d-ac03599051ab,39655,97887,99,257.83
2026/10/10 21:50:05.555,GPU-e3ae17a2-8c3a-b59e-e80d-ac03599051ab,39655,97887,99,261.26
2026/10/10 21:50:06.082,GPU-e3ae17a2-8c3a-b59e-e80d-ac03599051ab,39655,97887,99,248.41
2026/10/10 21:50:06.614,GPU-e3ae17a2-8c3a-b59e-e80d-ac03599051ab,39655,97887,99,247.95
2026/10/10 21:50:07.145,GPU-e3ae17a2-8c3a-b59e-e80d-ac03599051ab,39655,97887,98,243.32
2026/10/10 21:50:07.742,GPU-e3ae17a2-8c3a-b59e-e80d-ac03599051ab,39655,97887,100,247.48
2026/10/10 21:50:08.274,GPU-e3ae17a2-8c3a-b59e-e80d-ac03599051ab,39655,97887,97,250.30
2026/10/10 21:50:08.803,GPU-e3ae17a2-8c3a-b59e-e80d-ac03599051ab,39655,97887,100,245.96
2026/10/10 21:50:09.351,GPU-e3ae17a2-8c3a-b59e-e80d-ac03599051ab,39655,97887,100,253.19
2026/10/10 21:50:09.895,GPU-e3ae17a2-8c3a-b59e-e80d-ac03599051ab,39655,97887,97,247.28
2026/10/10 21:50:10.426,GPU-e3ae17a2-8c3a-b59e-e80d-ac03599051ab,39655,97887,100,242.74
2026/10/10 21:50:10.953,GPU-e3ae17a2-8c3a-b59e-e80d-ac03599051ab,39655,97887,97,251.59
2026/10/10 21:50:11.481,GPU-e3ae17a2-8c3a-b59e-e80d-ac03599051ab,39655,97887,97,252.20
2026/10/10 21:50:12.018,GPU-e3ae17a2-8c3a-b59e-e80d-ac03599051ab,39655,97887,100,251.03
2026/10/10 21:50:12.545,GPU-e3ae17a2-8c3a-b59e-e80d-ac03599051ab,39655,97887,97,254.60
2026/10/10 21:50:13.075,GPU-e3ae17a2-8c3a-b59e-e80d-ac03599051ab,39655,97887,99,253.32
2026/10/10 21:50:13.607,GPU-e3ae17a2-8c3a-b59e-e80d-ac03599051ab,39655,97887,100,252.93
2026/10/10 21:50:14.136,GPU-e3ae17a2-8c3a-b59e-e80d-ac03599051ab,39655,97887,97,244.42
2026/10/10 21:50:14.663,GPU-e3ae17a2-8c3a-b59e-e80d-ac03599051ab,39655,97887,99,247.47
2026/10/10 21:50:15.190,GPU-e3ae17a2-8c3a-b59e-e80d-ac03599051ab,39655,97887,98,252.29
2026/10/10 21:50:15.720,GPU-e3ae17a2-8c3a-b59e-e80d-ac03599051ab,39655,97887,97,253.17
2026/10/10 21:50:16.248,GPU-e3ae17a2-8c3a-b59e-e80d-ac03599051ab,39655,97887,100,245.54
2026/10/10 21:50:16.774,GPU-e3ae17a2-8c3a-b59e-e80d-ac03599051ab,39655,97887,97,247.64
2026/10/10 21:50:17.303,GPU-e3ae17a2-8c3a-b59e-e80d-ac03599051ab,39655,97887,100,253.25
2026/10/10 21:50:17.834,GPU-e3ae17a2-8c3a-b59e-e80d-ac03599051ab,39655,97887,98,249.83
2026/10/10 21:50:18.363,GPU-e3ae17a2-8c3a-b59e-e80d-ac03599051ab,39655,97887,97,245.91
2026/10/10 21:50:18.892,GPU-e3ae17a2-8c3a-b59e-e80d-ac03599051ab,39655,97887,100,246.33
2026/10/10 21:50:19.420,GPU-e3ae17a2-8c3a-b59e-e80d-ac03599051ab,39655,97887,97,251.70
2026/10/10 21:50:19.950,GPU-e3ae17a2-8c3a-b59e-e80d-ac03599051ab,39655,97887,100,253.93
2026/10/10 21:50:20.479,GPU-e3ae17a2-8c3a-b59e-e80d-ac03599051ab,39655,97887,97,252.71
2026/10/10 21:50:21.007,GPU-e3ae17a2-8c3a-b59e-e80d-ac03599051ab,39655,97887,97,245.09
2026/10/10 21:50:21.536,GPU-e3ae17a2-8c3a-b59e-e80d-ac03599051ab,39655,97887,100,243.35
2026/10/10 21:50:22.067,GPU-e3ae17a2-8c3a-b59e-e80d-ac03599051ab,39655,97887,96,246.48
2026/10/10 21:50:22.594,GPU-e3ae17a2-8c3a-b59e-e80d-ac03599051ab,39655,97887,96,247.88
2026/10/10 21:50:23.124,GPU-e3ae17a2-8c3a-b59e-e80d-ac03599051ab,39655,97887,97,241.26
2026/10/10 21:50:23.653,GPU-e3ae17a2-8c3a-b59e-e80d-ac03599051ab,39655,97887,97,243.42
2026/10/10 21:50:24.181,GPU-e3ae17a2-8c3a-b59e-e80d-ac03599051ab,39655,97887,97,248.50
2026/10/10 21:50:24.712,GPU-e3ae17a2-8c3a-b59e-e80d-ac03599051ab,39655,97887,97,246.36
2026/10/10 21:50:25.240,GPU-e3ae17a2-8c3a-b59e-e80d-ac03599051ab,39655,97887,96,251.25
2026/10/10 21:50:25.786,GPU-e3ae17a2-8c3a-b59e-e80d-ac03599051ab,39655,97887,97,247.53
2026/10/10 21:50:26.319,GPU-e3ae17a2-8c3a-b59e-e80d-ac03599051ab,39655,97887,97,245.54
2026/10/10 21:50:26.848,GPU-e3ae17a2-8c3a-b59e-e80d-ac03599051ab,39655,97887,98,246.28
2026/10/10 21:50:27.378,GPU-e3ae17a2-8c3a-b59e-e80d-ac03599051ab,39655,97887,97,243.83
2026/10/10 21:50:27.906,GPU-e3ae17a2-8c3a-b59e-e80d-ac03599051ab,39655,97887,98,244.13
2026/10/10 21:50:28.434,GPU-e3ae17a2-8c3a-b59e-e80d-ac03599051ab,39655,97887,97,248.69
2026/10/10 21:50:28.961,GPU-e3ae17a2-8c3a-b59e-e80d-ac03599051ab,39655,97887,98,256.36
2026/10/10 21:50:29.493,GPU-e3ae17a2-8c3a-b59e-e80d-ac03599051ab,39655,97887,96,254.70
2026/10/10 21:50:30.021,GPU-e3ae17a2-8c3a-b59e-e80d-ac03599051ab,39655,97887,97,250.77
2026/10/10 21:50:30.553,GPU-e3ae17a2-8c3a-b59e-e80d-ac03599051ab,39655,97887,97,249.30
2026/10/10 21:50:31.084,GPU-e3ae17a2-8c3a-b59e-e80d-ac03599051ab,39655,97887,98,247.72
2026/10/10 21:50:31.634,GPU-e3ae17a2-8c3a-b59e-e80d-ac03599051ab,39655,97887,97,255.54
2026/10/10 21:50:32.161,GPU-e3ae17a2-8c3a-b59e-e80d-ac03599051ab,39655,97887,100,250.25
2026/10/10 21:50:32.695,GPU-e3ae17a2-8c3a-b59e-e80d-ac03599051ab,39655,97887,97,249.56
2026/10/10 21:50:33.223,GPU-e3ae17a2-8c3a-b59e-e80d-ac03599051ab,39655,97887,97,244.49
2026/10/10 21:50:33.752,GPU-e3ae17a2-8c3a-b59e-e80d-ac03599051ab,39655,97887,97,252.84
2026/10/10 21:50:34.279,GPU-e3ae17a2-8c3a-b59e-e80d-ac03599051ab,39655,97887,97,249.37
2026/10/10 21:50:34.808,GPU-e3ae17a2-8c3a-b59e-e80d-ac03599051ab,39655,97887,100,244.21
2026/10/10 21:50:35.336,GPU-e3ae17a2-8c3a-b59e-e80d-ac03599051ab,39655,97887,97,249.93
2026/10/10 21:50:35.863,GPU-e3ae17a2-8c3a-b59e-e80d-ac03599051ab,39655,97887,98,249.43
2026/10/10 21:50:36.392,GPU-e3ae17a2-8c3a-b59e-e80d-ac03599051ab,39655,97887,100,253.28
2026/10/10 21:50:36.924,GPU-e3ae17a2-8c3a-b59e-e80d-ac03599051ab,39655,97887,97,247.11
2026/10/10 21:50:37.453,GPU-e3ae17a2-8c3a-b59e-e80d-ac03599051ab,39655,97887,100,248.02
2026/10/10 21:50:37.983,GPU-e3ae17a2-8c3a-b59e-e80d-ac03599051ab,39655,97887,97,250.65
2026/10/10 21:50:38.513,GPU-e3ae17a2-8c3a-b59e-e80d-ac03599051ab,39655,97887,97,247.34
2026/10/10 21:50:39.042,GPU-e3ae17a2-8c3a-b59e-e80d-ac03599051ab,39655,97887,100,246.36
2026/10/10 21:50:39.569,GPU-e3ae17a2-8c3a-b59e-e80d-ac03599051ab,39655,97887,97,249.08
2026/10/10 21:50:40.098,GPU-e3ae17a2-8c3a-b59e-e80d-ac03599051ab,39655,97887,97,246.10
2026/10/10 21:50:40.633,GPU-e3ae17a2-8c3a-b59e-e80d-ac03599051ab,39655,97887,100,244.37
2026/10/10 21:50:41.172,GPU-e3ae17a2-8c3a-b59e-e80d-ac03599051ab,39655,97887,97,244.84
2026/10/10 21:50:41.701,GPU-e3ae17a2-8c3a-b59e-e80d-ac03599051ab,39655,97887,100,247.01
2026/10/10 21:50:42.230,GPU-e3ae17a2-8c3a-b59e-e80d-ac03599051ab,39655,97887,97,252.08
2026/10/10 21:50:42.758,GPU-e3ae17a2-8c3a-b59e-e80d-ac03599051ab,39655,97887,100,250.83
2026/10/10 21:50:43.286,GPU-e3ae17a2-8c3a-b59e-e80d-ac03599051ab,39655,97887,97,244.89
2026/10/10 21:50:43.818,GPU-e3ae17a2-8c3a-b59e-e80d-ac03599051ab,39655,97887,97,245.48
2026/10/10 21:50:44.347,GPU-e3ae17a2-8c3a-b59e-e80d-ac03599051ab,39655,97887,98,252.03
2026/10/10 21:50:44.875,GPU-e3ae17a2-8c3a-b59e-e80d-ac03599051ab,39655,97887,96,252.68
2026/10/10 21:50:45.402,GPU-e3ae17a2-8c3a-b59e-e80d-ac03599051ab,39655,97887,97,247.81
2026/10/10 21:50:45.935,GPU-e3ae17a2-8c3a-b59e-e80d-ac03599051ab,39655,97887,97,249.61
2026/10/10 21:50:46.464,GPU-e3ae17a2-8c3a-b59e-e80d-ac03599051ab,39655,97887,97,248.17
2026/10/10 21:50:46.994,GPU-e3ae17a2-8c3a-b59e-e80d-ac03599051ab,39655,97887,97,248.06
2026/10/10 21:50:47.522,GPU-e3ae17a2-8c3a-b59e-e80d-ac03599051ab,39655,97887,97,249.16
2026/10/10 21:50:48.053,GPU-e3ae17a2-8c3a-b59e-e80d-ac03599051ab,39655,97887,97,252.89
2026/10/10 21:50:48.582,GPU-e3ae17a2-8c3a-b59e-e80d-ac03599051ab,39655,97887,97,246.12
2026/10/10 21:50:49.114,GPU-e3ae17a2-8c3a-b59e-e80d-ac03599051ab,39655,97887,97,246.29
2026/10/10 21:50:49.645,GPU-e3ae17a2-8c3a-b59e-e80d-ac03599051ab,39655,97887,97,236.30
2026/10/10 21:50:50.174,GPU-e3ae17a2-8c3a-b59e-e80d-ac03599051ab,39655,97887,97,233.59
2026/10/10 21:50:50.703,GPU-e3ae17a2-8c3a-b59e-e80d-ac03599051ab,39655,97887,98,249.19
2026/10/10 21:50:51.233,GPU-e3ae17a2-8c3a-b59e-e80d-ac03599051ab,39655,97887,98,252.30
2026/10/10 21:50:51.762,GPU-e3ae17a2-8c3a-b59e-e80d-ac03599051ab,39655,97887,97,248.73
2026/10/10 21:50:52.293,GPU-e3ae17a2-8c3a-b59e-e80d-ac03599051ab,39655,97887,97,249.01
2026/10/10 21:50:52.821,GPU-e3ae17a2-8c3a-b59e-e80d-ac03599051ab,39655,97887,98,245.49
2026/10/10 21:50:53.349,GPU-e3ae17a2-8c3a-b59e-e80d-ac03599051ab,39655,97887,97,249.68
2026/10/10 21:50:53.877,GPU-e3ae17a2-8c3a-b59e-e80d-ac03599051ab,39655,97887,97,253.45
2026/10/10 21:50:54.407,GPU-e3ae17a2-8c3a-b59e-e80d-ac03599051ab,39655,97887,96,254.33
2026/10/10 21:50:54.938,GPU-e3ae17a2-8c3a-b59e-e80d-ac03599051ab,39655,97887,97,254.23
2026/10/10 21:50:55.467,GPU-e3ae17a2-8c3a-b59e-e80d-ac03599051ab,39655,97887,97,246.56
2026/10/10 21:50:56.005,GPU-e3ae17a2-8c3a-b59e-e80d-ac03599051ab,39655,97887,98,250.29
2026/10/10 21:50:56.536,GPU-e3ae17a2-8c3a-b59e-e80d-ac03599051ab,39655,97887,97,249.91
2026/10/10 21:50:57.067,GPU-e3ae17a2-8c3a-b59e-e80d-ac03599051ab,39655,97887,97,248.33
2026/10/10 21:50:57.594,GPU-e3ae17a2-8c3a-b59e-e80d-ac03599051ab,39655,97887,98,252.21
2026/10/10 21:50:58.130,GPU-e3ae17a2-8c3a-b59e-e80d-ac03599051ab,39655,97887,98,246.53
2026/10/10 21:50:58.659,GPU-e3ae17a2-8c3a-b59e-e80d-ac03599051ab,39655,97887,98,248.24
2026/10/10 21:50:59.188,GPU-e3ae17a2-8c3a-b59e-e80d-ac03599051ab,39655,97887,97,247.21
2026/10/10 21:50:59.717,GPU-e3ae17a2-8c3a-b59e-e80d-ac03599051ab,39655,97887,97,247.75
2026/10/10 21:51:00.247,GPU-e3ae17a2-8c3a-b59e-e80d-ac03599051ab,39655,97887,98,247.83
2026/10/10 21:51:00.777,GPU-e3ae17a2-8c3a-b59e-e80d-ac03599051ab,39655,97887,97,249.56
2026/10/10 21:51:01.308,GPU-e3ae17a2-8c3a-b59e-e80d-ac03599051ab,39655,97887,98,244.74
2026/10/10 21:51:01.835,GPU-e3ae17a2-8c3a-b59e-e80d-ac03599051ab,39655,97887,98,246.93
2026/10/10 21:51:02.363,GPU-e3ae17a2-8c3a-b59e-e80d-ac03599051ab,39655,97887,97,246.45
2026/10/10 21:51:02.893,GPU-e3ae17a2-8c3a-b59e-e80d-ac03599051ab,39655,97887,98,240.45
2026/10/10 21:51:03.422,GPU-e3ae17a2-8c3a-b59e-e80d-ac03599051ab,39655,97887,97,244.14
2026/10/10 21:51:03.953,GPU-e3ae17a2-8c3a-b59e-e80d-ac03599051ab,39655,97887,97,250.92
2026/10/10 21:51:04.485,GPU-e3ae17a2-8c3a-b59e-e80d-ac03599051ab,39655,97887,97,249.24
2026/10/10 21:51:05.014,GPU-e3ae17a2-8c3a-b59e-e80d-ac03599051ab,39655,97887,97,244.15
2026/10/10 21:51:05.542,GPU-e3ae17a2-8c3a-b59e-e80d-ac03599051ab,39655,97887,97,246.28
2026/10/10 21:51:06.074,GPU-e3ae17a2-8c3a-b59e-e80d-ac03599051ab,39655,97887,97,248.84
2026/10/10 21:51:06.604,GPU-e3ae17a2-8c3a-b59e-e80d-ac03599051ab,39655,97887,100,257.21
2026/10/10 21:51:07.133,GPU-e3ae17a2-8c3a-b59e-e80d-ac03599051ab,39655,97887,97,257.10
2026/10/10 21:51:07.661,GPU-e3ae17a2-8c3a-b59e-e80d-ac03599051ab,39655,97887,97,244.35
2026/10/10 21:51:08.194,GPU-e3ae17a2-8c3a-b59e-e80d-ac03599051ab,39655,97887,100,246.41
2026/10/10 21:51:08.722,GPU-e3ae17a2-8c3a-b59e-e80d-ac03599051ab,39655,97887,97,249.16
2026/10/10 21:51:09.251,GPU-e3ae17a2-8c3a-b59e-e80d-ac03599051ab,39655,97887,97,248.37
2026/10/10 21:51:09.782,GPU-e3ae17a2-8c3a-b59e-e80d-ac03599051ab,39655,97887,98,241.89
2026/10/10 21:51:10.315,GPU-e3ae17a2-8c3a-b59e-e80d-ac03599051ab,39655,97887,97,242.78
2026/10/10 21:51:10.844,GPU-e3ae17a2-8c3a-b59e-e80d-ac03599051ab,39655,97887,100,256.35
2026/10/10 21:51:11.371,GPU-e3ae17a2-8c3a-b59e-e80d-ac03599051ab,39655,97887,97,251.16
2026/10/10 21:51:11.900,GPU-e3ae17a2-8c3a-b59e-e80d-ac03599051ab,39655,97887,100,253.21
2026/10/10 21:51:12.430,GPU-e3ae17a2-8c3a-b59e-e80d-ac03599051ab,39655,97887,98,250.07
2026/10/10 21:51:12.957,GPU-e3ae17a2-8c3a-b59e-e80d-ac03599051ab,39655,97887,97,253.91
2026/10/10 21:51:13.486,GPU-e3ae17a2-8c3a-b59e-e80d-ac03599051ab,39655,97887,100,246.36
2026/10/10 21:51:14.023,GPU-e3ae17a2-8c3a-b59e-e80d-ac03599051ab,39655,97887,97,252.99
2026/10/10 21:51:14.551,GPU-e3ae17a2-8c3a-b59e-e80d-ac03599051ab,39655,97887,98,251.17
2026/10/10 21:51:15.079,GPU-e3ae17a2-8c3a-b59e-e80d-ac03599051ab,39655,97887,100,250.86
2026/10/10 21:51:15.609,GPU-e3ae17a2-8c3a-b59e-e80d-ac03599051ab,39655,97887,97,255.48
2026/10/10 21:51:16.137,GPU-e3ae17a2-8c3a-b59e-e80d-ac03599051ab,39655,97887,99,256.93
2026/10/10 21:51:16.667,GPU-e3ae17a2-8c3a-b59e-e80d-ac03599051ab,39655,97887,100,255.06
2026/10/10 21:51:17.197,GPU-e3ae17a2-8c3a-b59e-e80d-ac03599051ab,39655,97887,98,253.35
2026/10/10 21:51:17.726,GPU-e3ae17a2-8c3a-b59e-e80d-ac03599051ab,39655,97887,100,255.37
2026/10/10 21:51:18.252,GPU-e3ae17a2-8c3a-b59e-e80d-ac03599051ab,39655,97887,100,254.72
2026/10/10 21:51:18.779,GPU-e3ae17a2-8c3a-b59e-e80d-ac03599051ab,39655,97887,97,251.09
2026/10/10 21:51:19.308,GPU-e3ae17a2-8c3a-b59e-e80d-ac03599051ab,39655,97887,100,251.77
2026/10/10 21:51:19.835,GPU-e3ae17a2-8c3a-b59e-e80d-ac03599051ab,39655,97887,97,251.89
2026/10/10 21:51:20.363,GPU-e3ae17a2-8c3a-b59e-e80d-ac03599051ab,39655,97887,98,252.24
2026/10/10 21:51:20.894,GPU-e3ae17a2-8c3a-b59e-e80d-ac03599051ab,39655,97887,100,248.83
2026/10/10 21:51:21.427,GPU-e3ae17a2-8c3a-b59e-e80d-ac03599051ab,39655,97887,96,254.39
2026/10/10 21:51:21.957,GPU-e3ae17a2-8c3a-b59e-e80d-ac03599051ab,39655,97887,100,250.92
2026/10/10 21:51:22.484,GPU-e3ae17a2-8c3a-b59e-e80d-ac03599051ab,39655,97887,97,253.09
2026/10/10 21:51:23.016,GPU-e3ae17a2-8c3a-b59e-e80d-ac03599051ab,39655,97887,97,253.55
2026/10/10 21:51:23.547,GPU-e3ae17a2-8c3a-b59e-e80d-ac03599051ab,39655,97887,100,245.34
2026/10/10 21:51:24.075,GPU-e3ae17a2-8c3a-b59e-e80d-ac03599051ab,39655,97887,97,245.16
2026/10/10 21:51:24.603,GPU-e3ae17a2-8c3a-b59e-e80d-ac03599051ab,39655,97887,100,251.14
2026/10/10 21:51:25.136,GPU-e3ae17a2-8c3a-b59e-e80d-ac03599051ab,39655,97887,97,252.55
2026/10/10 21:51:25.666,GPU-e3ae17a2-8c3a-b59e-e80d-ac03599051ab,39655,97887,97,252.68
2026/10/10 21:51:26.195,GPU-e3ae17a2-8c3a-b59e-e80d-ac03599051ab,39655,97887,100,244.84
2026/10/10 21:51:26.725,GPU-e3ae17a2-8c3a-b59e-e80d-ac03599051ab,39655,97887,97,245.44
2026/10/10 21:51:27.261,GPU-e3ae17a2-8c3a-b59e-e80d-ac03599051ab,39655,97887,97,255.76
2026/10/10 21:51:27.817,GPU-e3ae17a2-8c3a-b59e-e80d-ac03599051ab,39655,97887,97,250.77
2026/10/10 21:51:28.354,GPU-e3ae17a2-8c3a-b59e-e80d-ac03599051ab,39655,97887,97,243.59
2026/10/10 21:51:28.887,GPU-e3ae17a2-8c3a-b59e-e80d-ac03599051ab,39655,97887,97,243.81
2026/10/10 21:51:29.419,GPU-e3ae17a2-8c3a-b59e-e80d-ac03599051ab,39655,97887,96,246.47
2026/10/10 21:51:29.954,GPU-e3ae17a2-8c3a-b59e-e80d-ac03599051ab,39655,97887,97,242.54
2026/10/10 21:51:30.487,GPU-e3ae17a2-8c3a-b59e-e80d-ac03599051ab,39655,97887,97,245.46
2026/10/10 21:51:31.021,GPU-e3ae17a2-8c3a-b59e-e80d-ac03599051ab,39655,97887,98,251.32
2026/10/10 21:51:31.559,GPU-e3ae17a2-8c3a-b59e-e80d-ac03599051ab,39655,97887,97,252.32
2026/10/10 21:51:32.093,GPU-e3ae17a2-8c3a-b59e-e80d-ac03599051ab,39655,97887,97,251.31
2026/10/10 21:51:32.626,GPU-e3ae17a2-8c3a-b59e-e80d-ac03599051ab,39655,97887,98,248.18
2026/10/10 21:51:33.158,GPU-e3ae17a2-8c3a-b59e-e80d-ac03599051ab,39655,97887,97,249.79
2026/10/10 21:51:33.692,GPU-e3ae17a2-8c3a-b59e-e80d-ac03599051ab,39655,97887,98,246.80
2026/10/10 21:51:34.223,GPU-e3ae17a2-8c3a-b59e-e80d-ac03599051ab,39655,97887,98,247.23
2026/10/10 21:51:34.756,GPU-e3ae17a2-8c3a-b59e-e80d-ac03599051ab,39655,97887,97,252.38
2026/10/10 21:51:35.285,GPU-e3ae17a2-8c3a-b59e-e80d-ac03599051ab,39655,97887,98,252.49
2026/10/10 21:51:35.812,GPU-e3ae17a2-8c3a-b59e-e80d-ac03599051ab,39655,97887,97,251.65
2026/10/10 21:51:36.339,GPU-e3ae17a2-8c3a-b59e-e80d-ac03599051ab,39655,97887,97,248.47
2026/10/10 21:51:36.866,GPU-e3ae17a2-8c3a-b59e-e80d-ac03599051ab,39655,97887,98,249.18
2026/10/10 21:51:37.394,GPU-e3ae17a2-8c3a-b59e-e80d-ac03599051ab,39655,97887,98,246.55
2026/10/10 21:51:37.921,GPU-e3ae17a2-8c3a-b59e-e80d-ac03599051ab,39655,97887,98,248.12
2026/10/10 21:51:38.454,GPU-e3ae17a2-8c3a-b59e-e80d-ac03599051ab,39655,97887,98,251.44
2026/10/10 21:51:38.986,GPU-e3ae17a2-8c3a-b59e-e80d-ac03599051ab,39655,97887,98,252.04
2026/10/10 21:51:39.513,GPU-e3ae17a2-8c3a-b59e-e80d-ac03599051ab,39655,97887,98,249.06
2026/10/10 21:51:40.044,GPU-e3ae17a2-8c3a-b59e-e80d-ac03599051ab,39655,97887,98,248.44
2026/10/10 21:51:40.587,GPU-e3ae17a2-8c3a-b59e-e80d-ac03599051ab,39655,97887,97,247.04
2026/10/10 21:51:41.119,GPU-e3ae17a2-8c3a-b59e-e80d-ac03599051ab,39655,97887,98,255.08
2026/10/10 21:51:41.653,GPU-e3ae17a2-8c3a-b59e-e80d-ac03599051ab,39655,97887,96,251.04
2026/10/10 21:51:42.187,GPU-e3ae17a2-8c3a-b59e-e80d-ac03599051ab,39655,97887,98,240.23
2026/10/10 21:51:42.719,GPU-e3ae17a2-8c3a-b59e-e80d-ac03599051ab,39655,97887,97,245.34
2026/10/10 21:51:43.252,GPU-e3ae17a2-8c3a-b59e-e80d-ac03599051ab,39655,97887,97,246.37
2026/10/10 21:51:43.783,GPU-e3ae17a2-8c3a-b59e-e80d-ac03599051ab,39655,97887,97,251.10
2026/10/10 21:51:44.317,GPU-e3ae17a2-8c3a-b59e-e80d-ac03599051ab,39655,97887,97,247.99
2026/10/10 21:51:44.845,GPU-e3ae17a2-8c3a-b59e-e80d-ac03599051ab,39655,97887,100,248.13
2026/10/10 21:51:45.375,GPU-e3ae17a2-8c3a-b59e-e80d-ac03599051ab,39655,97887,97,246.76
2026/10/10 21:51:45.906,GPU-e3ae17a2-8c3a-b59e-e80d-ac03599051ab,39655,97887,97,252.66
2026/10/10 21:51:46.434,GPU-e3ae17a2-8c3a-b59e-e80d-ac03599051ab,39655,97887,100,249.99
2026/10/10 21:51:46.964,GPU-e3ae17a2-8c3a-b59e-e80d-ac03599051ab,39655,97887,97,246.84
2026/10/10 21:51:47.494,GPU-e3ae17a2-8c3a-b59e-e80d-ac03599051ab,39655,97887,98,247.67
2026/10/10 21:51:48.023,GPU-e3ae17a2-8c3a-b59e-e80d-ac03599051ab,39655,97887,98,253.00
2026/10/10 21:51:48.552,GPU-e3ae17a2-8c3a-b59e-e80d-ac03599051ab,39655,97887,97,243.16
2026/10/10 21:51:49.077,GPU-e3ae17a2-8c3a-b59e-e80d-ac03599051ab,39655,97887,100,245.74
2026/10/10 21:51:49.607,GPU-e3ae17a2-8c3a-b59e-e80d-ac03599051ab,39655,97887,98,255.72
2026/10/10 21:51:50.134,GPU-e3ae17a2-8c3a-b59e-e80d-ac03599051ab,39655,97887,97,253.62
2026/10/10 21:51:50.662,GPU-e3ae17a2-8c3a-b59e-e80d-ac03599051ab,39655,97887,100,250.13
2026/10/10 21:51:51.195,GPU-e3ae17a2-8c3a-b59e-e80d-ac03599051ab,39655,97887,97,243.74
2026/10/10 21:51:51.722,GPU-e3ae17a2-8c3a-b59e-e80d-ac03599051ab,39655,97887,100,248.04
2026/10/10 21:51:52.253,GPU-e3ae17a2-8c3a-b59e-e80d-ac03599051ab,39655,97887,100,253.85
2026/10/10 21:51:52.800,GPU-e3ae17a2-8c3a-b59e-e80d-ac03599051ab,39655,97887,97,245.98
2026/10/10 21:51:53.330,GPU-e3ae17a2-8c3a-b59e-e80d-ac03599051ab,39655,97887,100,244.02
2026/10/10 21:51:53.858,GPU-e3ae17a2-8c3a-b59e-e80d-ac03599051ab,39655,97887,100,249.26
2026/10/10 21:51:54.387,GPU-e3ae17a2-8c3a-b59e-e80d-ac03599051ab,39655,97887,97,243.56
2026/10/10 21:51:54.918,GPU-e3ae17a2-8c3a-b59e-e80d-ac03599051ab,39655,97887,100,245.06
2026/10/10 21:51:55.448,GPU-e3ae17a2-8c3a-b59e-e80d-ac03599051ab,39655,97887,97,253.16
2026/10/10 21:51:55.976,GPU-e3ae17a2-8c3a-b59e-e80d-ac03599051ab,39655,97887,100,253.96
2026/10/10 21:51:56.506,GPU-e3ae17a2-8c3a-b59e-e80d-ac03599051ab,39655,97887,100,254.71
2026/10/10 21:51:57.035,GPU-e3ae17a2-8c3a-b59e-e80d-ac03599051ab,39655,97887,97,246.03
2026/10/10 21:51:57.565,GPU-e3ae17a2-8c3a-b59e-e80d-ac03599051ab,39655,97887,100,252.98
2026/10/10 21:51:58.098,GPU-e3ae17a2-8c3a-b59e-e80d-ac03599051ab,39655,97887,98,253.28
2026/10/10 21:51:58.635,GPU-e3ae17a2-8c3a-b59e-e80d-ac03599051ab,39655,97887,97,246.72
2026/10/10 21:51:59.166,GPU-e3ae17a2-8c3a-b59e-e80d-ac03599051ab,39655,97887,100,253.92
2026/10/10 21:51:59.697,GPU-e3ae17a2-8c3a-b59e-e80d-ac03599051ab,39655,97887,100,252.51
2026/10/10 21:52:00.234,GPU-e3ae17a2-8c3a-b59e-e80d-ac03599051ab,39655,97887,98,249.84
2026/10/10 21:52:00.763,GPU-e3ae17a2-8c3a-b59e-e80d-ac03599051ab,39655,97887,100,247.45
2026/10/10 21:52:01.292,GPU-e3ae17a2-8c3a-b59e-e80d-ac03599051ab,39655,97887,97,254.20
2026/10/10 21:52:01.820,GPU-e3ae17a2-8c3a-b59e-e80d-ac03599051ab,39655,97887,97,251.25
2026/10/10 21:52:02.350,GPU-e3ae17a2-8c3a-b59e-e80d-ac03599051ab,39655,97887,100,248.16
2026/10/10 21:52:02.878,GPU-e3ae17a2-8c3a-b59e-e80d-ac03599051ab,39655,97887,97,245.49
2026/10/10 21:52:03.409,GPU-e3ae17a2-8c3a-b59e-e80d-ac03599051ab,39655,97887,100,253.33
2026/10/10 21:52:03.939,GPU-e3ae17a2-8c3a-b59e-e80d-ac03599051ab,39655,97887,97,247.73
2026/10/10 21:52:04.467,GPU-e3ae17a2-8c3a-b59e-e80d-ac03599051ab,39655,97887,98,240.52
2026/10/10 21:52:04.994,GPU-e3ae17a2-8c3a-b59e-e80d-ac03599051ab,39655,97887,97,245.94
2026/10/10 21:52:05.521,GPU-e3ae17a2-8c3a-b59e-e80d-ac03599051ab,39655,97887,97,247.63
2026/10/10 21:52:06.048,GPU-e3ae17a2-8c3a-b59e-e80d-ac03599051ab,39655,97887,97,250.74
2026/10/10 21:52:06.577,GPU-e3ae17a2-8c3a-b59e-e80d-ac03599051ab,39655,97887,97,245.82
2026/10/10 21:52:07.104,GPU-e3ae17a2-8c3a-b59e-e80d-ac03599051ab,39655,97887,98,245.20
2026/10/10 21:52:07.632,GPU-e3ae17a2-8c3a-b59e-e80d-ac03599051ab,39655,97887,97,246.85
2026/10/10 21:52:08.163,GPU-e3ae17a2-8c3a-b59e-e80d-ac03599051ab,39655,97887,97,250.05
2026/10/10 21:52:08.690,GPU-e3ae17a2-8c3a-b59e-e80d-ac03599051ab,39655,97887,98,245.35
2026/10/10 21:52:09.217,GPU-e3ae17a2-8c3a-b59e-e80d-ac03599051ab,39655,97887,97,245.51
2026/10/10 21:52:09.745,GPU-e3ae17a2-8c3a-b59e-e80d-ac03599051ab,39655,97887,98,255.13
2026/10/10 21:52:10.275,GPU-e3ae17a2-8c3a-b59e-e80d-ac03599051ab,39655,97887,98,248.35
2026/10/10 21:52:10.810,GPU-e3ae17a2-8c3a-b59e-e80d-ac03599051ab,39655,97887,98,245.99
2026/10/10 21:52:11.339,GPU-e3ae17a2-8c3a-b59e-e80d-ac03599051ab,39655,97887,97,254.86
2026/10/10 21:52:11.867,GPU-e3ae17a2-8c3a-b59e-e80d-ac03599051ab,39655,97887,98,252.65
2026/10/10 21:52:12.395,GPU-e3ae17a2-8c3a-b59e-e80d-ac03599051ab,39655,97887,98,244.19
2026/10/10 21:52:12.923,GPU-e3ae17a2-8c3a-b59e-e80d-ac03599051ab,39655,97887,98,247.07
2026/10/10 21:52:13.454,GPU-e3ae17a2-8c3a-b59e-e80d-ac03599051ab,39655,97887,98,247.59
2026/10/10 21:52:13.980,GPU-e3ae17a2-8c3a-b59e-e80d-ac03599051ab,39655,97887,97,250.11
2026/10/10 21:52:14.509,GPU-e3ae17a2-8c3a-b59e-e80d-ac03599051ab,39655,97887,97,244.54
2026/10/10 21:52:15.037,GPU-e3ae17a2-8c3a-b59e-e80d-ac03599051ab,39655,97887,98,247.26
2026/10/10 21:52:15.565,GPU-e3ae17a2-8c3a-b59e-e80d-ac03599051ab,39655,97887,97,250.97
2026/10/10 21:52:16.093,GPU-e3ae17a2-8c3a-b59e-e80d-ac03599051ab,39655,97887,98,246.35
2026/10/10 21:52:16.619,GPU-e3ae17a2-8c3a-b59e-e80d-ac03599051ab,39655,97887,98,245.88
2026/10/10 21:52:17.147,GPU-e3ae17a2-8c3a-b59e-e80d-ac03599051ab,39655,97887,97,246.38
2026/10/10 21:52:17.675,GPU-e3ae17a2-8c3a-b59e-e80d-ac03599051ab,39655,97887,98,245.74
2026/10/10 21:52:18.202,GPU-e3ae17a2-8c3a-b59e-e80d-ac03599051ab,39655,97887,97,245.62
2026/10/10 21:52:18.728,GPU-e3ae17a2-8c3a-b59e-e80d-ac03599051ab,39655,97887,98,248.08
2026/10/10 21:52:19.258,GPU-e3ae17a2-8c3a-b59e-e80d-ac03599051ab,39655,97887,100,251.35
2026/10/10 21:52:19.785,GPU-e3ae17a2-8c3a-b59e-e80d-ac03599051ab,39655,97887,98,244.90
2026/10/10 21:52:20.312,GPU-e3ae17a2-8c3a-b59e-e80d-ac03599051ab,39655,97887,97,247.23
2026/10/10 21:52:20.841,GPU-e3ae17a2-8c3a-b59e-e80d-ac03599051ab,39655,97887,97,254.44
2026/10/10 21:52:21.369,GPU-e3ae17a2-8c3a-b59e-e80d-ac03599051ab,39655,97887,98,247.55
2026/10/10 21:52:21.896,GPU-e3ae17a2-8c3a-b59e-e80d-ac03599051ab,39655,97887,97,247.25
2026/10/10 21:52:22.423,GPU-e3ae17a2-8c3a-b59e-e80d-ac03599051ab,39655,97887,97,247.10
2026/10/10 21:52:22.950,GPU-e3ae17a2-8c3a-b59e-e80d-ac03599051ab,39655,97887,97,252.55
2026/10/10 21:52:23.479,GPU-e3ae17a2-8c3a-b59e-e80d-ac03599051ab,39655,97887,97,247.44
2026/10/10 21:52:24.008,GPU-e3ae17a2-8c3a-b59e-e80d-ac03599051ab,39655,97887,97,245.24
2026/10/10 21:52:24.536,GPU-e3ae17a2-8c3a-b59e-e80d-ac03599051ab,39655,97887,97,244.24
2026/10/10 21:52:25.070,GPU-e3ae17a2-8c3a-b59e-e80d-ac03599051ab,39655,97887,97,243.65
2026/10/10 21:52:25.600,GPU-e3ae17a2-8c3a-b59e-e80d-ac03599051ab,39655,97887,97,243.53
2026/10/10 21:52:26.130,GPU-e3ae17a2-8c3a-b59e-e80d-ac03599051ab,39655,97887,98,245.34
2026/10/10 21:52:26.682,GPU-e3ae17a2-8c3a-b59e-e80d-ac03599051ab,39655,97887,98,246.15
2026/10/10 21:52:27.212,GPU-e3ae17a2-8c3a-b59e-e80d-ac03599051ab,39655,97887,97,254.71
2026/10/10 21:52:27.740,GPU-e3ae17a2-8c3a-b59e-e80d-ac03599051ab,39655,97887,98,253.72
2026/10/10 21:52:28.272,GPU-e3ae17a2-8c3a-b59e-e80d-ac03599051ab,39655,97887,97,247.61
2026/10/10 21:52:28.805,GPU-e3ae17a2-8c3a-b59e-e80d-ac03599051ab,39655,97887,98,248.98
2026/10/10 21:52:29.338,GPU-e3ae17a2-8c3a-b59e-e80d-ac03599051ab,39655,97887,98,245.40
2026/10/10 21:52:29.872,GPU-e3ae17a2-8c3a-b59e-e80d-ac03599051ab,39655,97887,100,244.42
2026/10/10 21:52:30.404,GPU-e3ae17a2-8c3a-b59e-e80d-ac03599051ab,39655,97887,98,244.35
2026/10/10 21:52:30.933,GPU-e3ae17a2-8c3a-b59e-e80d-ac03599051ab,39655,97887,98,246.56
2026/10/10 21:52:31.460,GPU-e3ae17a2-8c3a-b59e-e80d-ac03599051ab,39655,97887,98,240.57
2026/10/10 21:52:31.990,GPU-e3ae17a2-8c3a-b59e-e80d-ac03599051ab,39655,97887,97,241.45
2026/10/10 21:52:32.516,GPU-e3ae17a2-8c3a-b59e-e80d-ac03599051ab,39655,97887,99,245.68
2026/10/10 21:52:33.041,GPU-e3ae17a2-8c3a-b59e-e80d-ac03599051ab,39655,97887,98,254.88
2026/10/10 21:52:33.570,GPU-e3ae17a2-8c3a-b59e-e80d-ac03599051ab,39655,97887,98,244.06
2026/10/10 21:52:34.096,GPU-e3ae17a2-8c3a-b59e-e80d-ac03599051ab,39655,97887,100,246.92
2026/10/10 21:52:34.623,GPU-e3ae17a2-8c3a-b59e-e80d-ac03599051ab,39655,97887,98,247.52
2026/10/10 21:52:35.151,GPU-e3ae17a2-8c3a-b59e-e80d-ac03599051ab,39655,97887,97,242.26
2026/10/10 21:52:35.678,GPU-e3ae17a2-8c3a-b59e-e80d-ac03599051ab,39655,97887,100,242.62
2026/10/10 21:52:36.243,GPU-e3ae17a2-8c3a-b59e-e80d-ac03599051ab,39655,97887,98,246.71
2026/10/10 21:52:36.785,GPU-e3ae17a2-8c3a-b59e-e80d-ac03599051ab,39655,97887,99,250.96
2026/10/10 21:52:37.314,GPU-e3ae17a2-8c3a-b59e-e80d-ac03599051ab,39655,97887,100,253.78
2026/10/10 21:52:37.841,GPU-e3ae17a2-8c3a-b59e-e80d-ac03599051ab,39655,97887,98,248.19
2026/10/10 21:52:38.368,GPU-e3ae17a2-8c3a-b59e-e80d-ac03599051ab,39655,97887,99,248.43
2026/10/10 21:52:38.896,GPU-e3ae17a2-8c3a-b59e-e80d-ac03599051ab,39655,97887,100,254.56
2026/10/10 21:52:39.423,GPU-e3ae17a2-8c3a-b59e-e80d-ac03599051ab,39655,97887,98,246.42
2026/10/10 21:52:39.953,GPU-e3ae17a2-8c3a-b59e-e80d-ac03599051ab,39655,97887,100,244.61
2026/10/10 21:52:40.485,GPU-e3ae17a2-8c3a-b59e-e80d-ac03599051ab,39655,97887,99,250.28
2026/10/10 21:52:41.014,GPU-e3ae17a2-8c3a-b59e-e80d-ac03599051ab,39655,97887,98,249.82
2026/10/10 21:52:41.541,GPU-e3ae17a2-8c3a-b59e-e80d-ac03599051ab,39655,97887,100,244.41
2026/10/10 21:52:42.068,GPU-e3ae17a2-8c3a-b59e-e80d-ac03599051ab,39655,97887,97,247.72
2026/10/10 21:52:42.596,GPU-e3ae17a2-8c3a-b59e-e80d-ac03599051ab,39655,97887,98,248.76
2026/10/10 21:52:43.124,GPU-e3ae17a2-8c3a-b59e-e80d-ac03599051ab,39655,97887,100,246.12
2026/10/10 21:52:43.654,GPU-e3ae17a2-8c3a-b59e-e80d-ac03599051ab,39655,97887,98,245.34
2026/10/10 21:52:44.180,GPU-e3ae17a2-8c3a-b59e-e80d-ac03599051ab,39655,97887,100,250.51
2026/10/10 21:52:44.757,GPU-e3ae17a2-8c3a-b59e-e80d-ac03599051ab,39655,97887,100,253.45
2026/10/10 21:52:45.303,GPU-e3ae17a2-8c3a-b59e-e80d-ac03599051ab,39655,97887,97,245.99
2026/10/10 21:52:45.833,GPU-e3ae17a2-8c3a-b59e-e80d-ac03599051ab,39655,97887,100,248.20
2026/10/10 21:52:46.358,GPU-e3ae17a2-8c3a-b59e-e80d-ac03599051ab,39655,97887,98,254.35
2026/10/10 21:52:46.886,GPU-e3ae17a2-8c3a-b59e-e80d-ac03599051ab,39655,97887,98,253.99
2026/10/10 21:52:47.418,GPU-e3ae17a2-8c3a-b59e-e80d-ac03599051ab,39655,97887,100,249.14
2026/10/10 21:52:47.946,GPU-e3ae17a2-8c3a-b59e-e80d-ac03599051ab,39655,97887,97,250.18
2026/10/10 21:52:48.474,GPU-e3ae17a2-8c3a-b59e-e80d-ac03599051ab,39655,97887,98,250.05
2026/10/10 21:52:49.005,GPU-e3ae17a2-8c3a-b59e-e80d-ac03599051ab,39655,97887,100,244.86
2026/10/10 21:52:49.534,GPU-e3ae17a2-8c3a-b59e-e80d-ac03599051ab,39655,97887,98,249.74
2026/10/10 21:52:50.061,GPU-e3ae17a2-8c3a-b59e-e80d-ac03599051ab,39655,97887,99,254.57
2026/10/10 21:52:50.586,GPU-e3ae17a2-8c3a-b59e-e80d-ac03599051ab,39655,97887,100,250.95
2026/10/10 21:52:51.115,GPU-e3ae17a2-8c3a-b59e-e80d-ac03599051ab,39655,97887,98,249.35
2026/10/10 21:52:51.642,GPU-e3ae17a2-8c3a-b59e-e80d-ac03599051ab,39655,97887,100,254.62
2026/10/10 21:52:52.170,GPU-e3ae17a2-8c3a-b59e-e80d-ac03599051ab,39655,97887,98,252.31
2026/10/10 21:52:52.697,GPU-e3ae17a2-8c3a-b59e-e80d-ac03599051ab,39655,97887,98,252.08
2026/10/10 21:52:53.230,GPU-e3ae17a2-8c3a-b59e-e80d-ac03599051ab,39655,97887,100,248.75
2026/10/10 21:52:53.757,GPU-e3ae17a2-8c3a-b59e-e80d-ac03599051ab,39655,97887,97,254.31
2026/10/10 21:52:54.285,GPU-e3ae17a2-8c3a-b59e-e80d-ac03599051ab,39655,97887,100,252.08
2026/10/10 21:52:54.815,GPU-e3ae17a2-8c3a-b59e-e80d-ac03599051ab,39655,97887,97,251.93
2026/10/10 21:52:55.344,GPU-e3ae17a2-8c3a-b59e-e80d-ac03599051ab,39655,97887,97,245.20
2026/10/10 21:52:55.875,GPU-e3ae17a2-8c3a-b59e-e80d-ac03599051ab,39655,97887,100,243.20
2026/10/10 21:52:56.404,GPU-e3ae17a2-8c3a-b59e-e80d-ac03599051ab,39655,97887,97,243.93
2026/10/10 21:52:56.934,GPU-e3ae17a2-8c3a-b59e-e80d-ac03599051ab,39655,97887,97,253.78
2026/10/10 21:52:57.462,GPU-e3ae17a2-8c3a-b59e-e80d-ac03599051ab,39655,97887,98,253.68
2026/10/10 21:52:57.993,GPU-e3ae17a2-8c3a-b59e-e80d-ac03599051ab,39655,97887,96,245.87
2026/10/10 21:52:58.535,GPU-e3ae17a2-8c3a-b59e-e80d-ac03599051ab,39655,97887,97,245.24
2026/10/10 21:52:59.063,GPU-e3ae17a2-8c3a-b59e-e80d-ac03599051ab,39655,97887,97,246.73
2026/10/10 21:52:59.591,GPU-e3ae17a2-8c3a-b59e-e80d-ac03599051ab,39655,97887,97,252.85
2026/10/10 21:53:00.117,GPU-e3ae17a2-8c3a-b59e-e80d-ac03599051ab,39655,97887,97,249.67
2026/10/10 21:53:00.645,GPU-e3ae17a2-8c3a-b59e-e80d-ac03599051ab,39655,97887,97,243.70
2026/10/10 21:53:01.175,GPU-e3ae17a2-8c3a-b59e-e80d-ac03599051ab,39655,97887,97,242.49
2026/10/10 21:53:01.704,GPU-e3ae17a2-8c3a-b59e-e80d-ac03599051ab,39655,97887,97,250.62
2026/10/10 21:53:02.234,GPU-e3ae17a2-8c3a-b59e-e80d-ac03599051ab,39655,97887,97,248.79
2026/10/10 21:53:02.763,GPU-e3ae17a2-8c3a-b59e-e80d-ac03599051ab,39655,97887,96,246.48
2026/10/10 21:53:03.294,GPU-e3ae17a2-8c3a-b59e-e80d-ac03599051ab,39655,97887,96,242.11
2026/10/10 21:53:03.822,GPU-e3ae17a2-8c3a-b59e-e80d-ac03599051ab,39655,97887,97,249.86
2026/10/10 21:53:04.353,GPU-e3ae17a2-8c3a-b59e-e80d-ac03599051ab,39655,97887,98,248.18
2026/10/10 21:53:04.882,GPU-e3ae17a2-8c3a-b59e-e80d-ac03599051ab,39655,97887,97,247.19
2026/10/10 21:53:05.410,GPU-e3ae17a2-8c3a-b59e-e80d-ac03599051ab,39655,97887,97,250.93
2026/10/10 21:53:05.941,GPU-e3ae17a2-8c3a-b59e-e80d-ac03599051ab,39655,97887,97,250.91
2026/10/10 21:53:06.472,GPU-e3ae17a2-8c3a-b59e-e80d-ac03599051ab,39655,97887,97,247.80
2026/10/10 21:53:07.000,GPU-e3ae17a2-8c3a-b59e-e80d-ac03599051ab,39655,97887,97,248.33
2026/10/10 21:53:07.527,GPU-e3ae17a2-8c3a-b59e-e80d-ac03599051ab,39655,97887,98,250.30
2026/10/10 21:53:08.055,GPU-e3ae17a2-8c3a-b59e-e80d-ac03599051ab,39655,97887,97,251.48
2026/10/10 21:53:08.583,GPU-e3ae17a2-8c3a-b59e-e80d-ac03599051ab,39655,97887,96,247.64
2026/10/10 21:53:09.113,GPU-e3ae17a2-8c3a-b59e-e80d-ac03599051ab,39655,97887,98,251.84
2026/10/10 21:53:09.643,GPU-e3ae17a2-8c3a-b59e-e80d-ac03599051ab,39655,97887,97,251.08
2026/10/10 21:53:10.175,GPU-e3ae17a2-8c3a-b59e-e80d-ac03599051ab,39655,97887,98,246.40
2026/10/10 21:53:10.708,GPU-e3ae17a2-8c3a-b59e-e80d-ac03599051ab,39655,97887,98,250.06
2026/10/10 21:53:11.238,GPU-e3ae17a2-8c3a-b59e-e80d-ac03599051ab,39655,97887,97,248.29
2026/10/10 21:53:11.768,GPU-e3ae17a2-8c3a-b59e-e80d-ac03599051ab,39655,97887,97,249.41
2026/10/10 21:53:12.296,GPU-e3ae17a2-8c3a-b59e-e80d-ac03599051ab,39655,97887,97,249.14
2026/10/10 21:53:12.823,GPU-e3ae17a2-8c3a-b59e-e80d-ac03599051ab,39655,97887,97,248.47
2026/10/10 21:53:13.353,GPU-e3ae17a2-8c3a-b59e-e80d-ac03599051ab,39655,97887,98,252.89
2026/10/10 21:53:13.882,GPU-e3ae17a2-8c3a-b59e-e80d-ac03599051ab,39655,97887,97,254.88
2026/10/10 21:53:14.410,GPU-e3ae17a2-8c3a-b59e-e80d-ac03599051ab,39655,97887,97,253.03
2026/10/10 21:53:14.938,GPU-e3ae17a2-8c3a-b59e-e80d-ac03599051ab,39655,97887,98,248.59
2026/10/10 21:53:15.471,GPU-e3ae17a2-8c3a-b59e-e80d-ac03599051ab,39655,97887,97,249.87
2026/10/10 21:53:16.000,GPU-e3ae17a2-8c3a-b59e-e80d-ac03599051ab,39655,97887,97,250.95
2026/10/10 21:53:16.527,GPU-e3ae17a2-8c3a-b59e-e80d-ac03599051ab,39655,97887,98,251.61
2026/10/10 21:53:17.056,GPU-e3ae17a2-8c3a-b59e-e80d-ac03599051ab,39655,97887,97,249.34
2026/10/10 21:53:17.586,GPU-e3ae17a2-8c3a-b59e-e80d-ac03599051ab,39655,97887,98,244.96
2026/10/10 21:53:18.114,GPU-e3ae17a2-8c3a-b59e-e80d-ac03599051ab,39655,97887,98,232.69
2026/10/10 21:53:18.641,GPU-e3ae17a2-8c3a-b59e-e80d-ac03599051ab,39655,97887,98,245.68
2026/10/10 21:53:19.169,GPU-e3ae17a2-8c3a-b59e-e80d-ac03599051ab,39655,97887,97,251.95
2026/10/10 21:53:19.700,GPU-e3ae17a2-8c3a-b59e-e80d-ac03599051ab,39655,97887,98,249.08
2026/10/10 21:53:20.229,GPU-e3ae17a2-8c3a-b59e-e80d-ac03599051ab,39655,97887,97,246.38
2026/10/10 21:53:20.759,GPU-e3ae17a2-8c3a-b59e-e80d-ac03599051ab,39655,97887,98,247.19
2026/10/10 21:53:21.286,GPU-e3ae17a2-8c3a-b59e-e80d-ac03599051ab,39655,97887,98,246.59
2026/10/10 21:53:21.815,GPU-e3ae17a2-8c3a-b59e-e80d-ac03599051ab,39655,97887,97,242.96
2026/10/10 21:53:22.345,GPU-e3ae17a2-8c3a-b59e-e80d-ac03599051ab,39655,97887,100,245.14
2026/10/10 21:53:22.877,GPU-e3ae17a2-8c3a-b59e-e80d-ac03599051ab,39655,97887,98,245.10
2026/10/10 21:53:23.404,GPU-e3ae17a2-8c3a-b59e-e80d-ac03599051ab,39655,97887,97,251.40
2026/10/10 21:53:23.933,GPU-e3ae17a2-8c3a-b59e-e80d-ac03599051ab,39655,97887,100,245.51
2026/10/10 21:53:24.460,GPU-e3ae17a2-8c3a-b59e-e80d-ac03599051ab,39655,97887,98,246.67
2026/10/10 21:53:24.988,GPU-e3ae17a2-8c3a-b59e-e80d-ac03599051ab,39655,97887,98,252.55
2026/10/10 21:53:25.517,GPU-e3ae17a2-8c3a-b59e-e80d-ac03599051ab,39655,97887,97,248.79
2026/10/10 21:53:26.044,GPU-e3ae17a2-8c3a-b59e-e80d-ac03599051ab,39655,97887,98,245.94
2026/10/10 21:53:26.573,GPU-e3ae17a2-8c3a-b59e-e80d-ac03599051ab,39655,97887,98,257.49
2026/10/10 21:53:27.110,GPU-e3ae17a2-8c3a-b59e-e80d-ac03599051ab,39655,97887,98,245.24
2026/10/10 21:53:27.638,GPU-e3ae17a2-8c3a-b59e-e80d-ac03599051ab,39655,97887,98,245.67
2026/10/10 21:53:28.165,GPU-e3ae17a2-8c3a-b59e-e80d-ac03599051ab,39655,97887,100,249.01
2026/10/10 21:53:28.694,GPU-e3ae17a2-8c3a-b59e-e80d-ac03599051ab,39655,97887,98,257.86
2026/10/10 21:53:29.222,GPU-e3ae17a2-8c3a-b59e-e80d-ac03599051ab,39655,97887,97,252.50
2026/10/10 21:53:29.750,GPU-e3ae17a2-8c3a-b59e-e80d-ac03599051ab,39655,97887,100,243.40
2026/10/10 21:53:30.278,GPU-e3ae17a2-8c3a-b59e-e80d-ac03599051ab,39655,97887,97,246.43
2026/10/10 21:53:30.814,GPU-e3ae17a2-8c3a-b59e-e80d-ac03599051ab,39655,97887,97,247.79
2026/10/10 21:53:31.345,GPU-e3ae17a2-8c3a-b59e-e80d-ac03599051ab,39655,97887,100,249.21
2026/10/10 21:53:31.875,GPU-e3ae17a2-8c3a-b59e-e80d-ac03599051ab,39655,97887,97,246.27
2026/10/10 21:53:32.403,GPU-e3ae17a2-8c3a-b59e-e80d-ac03599051ab,39655,97887,99,246.61
2026/10/10 21:53:32.934,GPU-e3ae17a2-8c3a-b59e-e80d-ac03599051ab,39655,97887,97,251.81
2026/10/10 21:53:33.461,GPU-e3ae17a2-8c3a-b59e-e80d-ac03599051ab,39655,97887,97,249.24
2026/10/10 21:53:33.990,GPU-e3ae17a2-8c3a-b59e-e80d-ac03599051ab,39655,97887,100,250.58
2026/10/10 21:53:34.522,GPU-e3ae17a2-8c3a-b59e-e80d-ac03599051ab,39655,97887,97,241.39
2026/10/10 21:53:35.048,GPU-e3ae17a2-8c3a-b59e-e80d-ac03599051ab,39655,97887,100,248.71
2026/10/10 21:53:35.577,GPU-e3ae17a2-8c3a-b59e-e80d-ac03599051ab,39655,97887,97,249.96
2026/10/10 21:53:36.107,GPU-e3ae17a2-8c3a-b59e-e80d-ac03599051ab,39655,97887,98,252.67
2026/10/10 21:53:36.636,GPU-e3ae17a2-8c3a-b59e-e80d-ac03599051ab,39655,97887,100,249.15
2026/10/10 21:53:37.165,GPU-e3ae17a2-8c3a-b59e-e80d-ac03599051ab,39655,97887,97,248.25
2026/10/10 21:53:37.692,GPU-e3ae17a2-8c3a-b59e-e80d-ac03599051ab,39655,97887,100,254.29
2026/10/10 21:53:38.220,GPU-e3ae17a2-8c3a-b59e-e80d-ac03599051ab,39655,97887,99,252.45
2026/10/10 21:53:38.749,GPU-e3ae17a2-8c3a-b59e-e80d-ac03599051ab,39655,97887,98,245.25
2026/10/10 21:53:39.276,GPU-e3ae17a2-8c3a-b59e-e80d-ac03599051ab,39655,97887,100,245.54
2026/10/10 21:53:39.803,GPU-e3ae17a2-8c3a-b59e-e80d-ac03599051ab,39655,97887,98,248.05
2026/10/10 21:53:40.333,GPU-e3ae17a2-8c3a-b59e-e80d-ac03599051ab,39655,97887,100,251.36
2026/10/10 21:53:40.861,GPU-e3ae17a2-8c3a-b59e-e80d-ac03599051ab,39655,97887,97,254.05
2026/10/10 21:53:41.388,GPU-e3ae17a2-8c3a-b59e-e80d-ac03599051ab,39655,97887,98,246.23
2026/10/10 21:53:41.917,GPU-e3ae17a2-8c3a-b59e-e80d-ac03599051ab,39655,97887,100,245.65
2026/10/10 21:53:42.449,GPU-e3ae17a2-8c3a-b59e-e80d-ac03599051ab,39655,97887,98,244.57
2026/10/10 21:53:42.977,GPU-e3ae17a2-8c3a-b59e-e80d-ac03599051ab,39655,97887,98,252.84
2026/10/10 21:53:43.504,GPU-e3ae17a2-8c3a-b59e-e80d-ac03599051ab,39655,97887,100,248.19
2026/10/10 21:53:44.033,GPU-e3ae17a2-8c3a-b59e-e80d-ac03599051ab,39655,97887,98,250.26
2026/10/10 21:53:44.560,GPU-e3ae17a2-8c3a-b59e-e80d-ac03599051ab,39655,97887,98,257.04
2026/10/10 21:53:45.087,GPU-e3ae17a2-8c3a-b59e-e80d-ac03599051ab,39655,97887,100,248.57
2026/10/10 21:53:45.617,GPU-e3ae17a2-8c3a-b59e-e80d-ac03599051ab,39655,97887,98,247.03
2026/10/10 21:53:46.146,GPU-e3ae17a2-8c3a-b59e-e80d-ac03599051ab,39655,97887,97,252.18
2026/10/10 21:53:46.675,GPU-e3ae17a2-8c3a-b59e-e80d-ac03599051ab,39655,97887,99,253.80
2026/10/10 21:53:47.203,GPU-e3ae17a2-8c3a-b59e-e80d-ac03599051ab,39655,97887,97,246.79
2026/10/10 21:53:47.731,GPU-e3ae17a2-8c3a-b59e-e80d-ac03599051ab,39655,97887,100,244.70
2026/10/10 21:53:48.262,GPU-e3ae17a2-8c3a-b59e-e80d-ac03599051ab,39655,97887,97,244.17
2026/10/10 21:53:48.791,GPU-e3ae17a2-8c3a-b59e-e80d-ac03599051ab,39655,97887,97,253.33
2026/10/10 21:53:49.319,GPU-e3ae17a2-8c3a-b59e-e80d-ac03599051ab,39655,97887,97,253.19
2026/10/10 21:53:49.854,GPU-e3ae17a2-8c3a-b59e-e80d-ac03599051ab,39655,97887,99,254.38
2026/10/10 21:53:50.384,GPU-e3ae17a2-8c3a-b59e-e80d-ac03599051ab,39655,97887,98,266.57
2026/10/10 21:53:50.912,GPU-e3ae17a2-8c3a-b59e-e80d-ac03599051ab,39655,97887,99,268.77
2026/10/10 21:53:51.444,GPU-e3ae17a2-8c3a-b59e-e80d-ac03599051ab,39655,97887,97,268.13
2026/10/10 21:53:51.975,GPU-e3ae17a2-8c3a-b59e-e80d-ac03599051ab,39655,97887,98,274.30
2026/10/10 21:53:52.503,GPU-e3ae17a2-8c3a-b59e-e80d-ac03599051ab,39655,97887,99,272.34
2026/10/10 21:53:53.032,GPU-e3ae17a2-8c3a-b59e-e80d-ac03599051ab,39655,97887,98,269.26
2026/10/10 21:53:53.563,GPU-e3ae17a2-8c3a-b59e-e80d-ac03599051ab,39655,97887,98,272.97
2026/10/10 21:53:54.096,GPU-e3ae17a2-8c3a-b59e-e80d-ac03599051ab,39655,97887,99,271.74
2026/10/10 21:53:54.623,GPU-e3ae17a2-8c3a-b59e-e80d-ac03599051ab,39655,97887,99,275.11
2026/10/10 21:53:55.152,GPU-e3ae17a2-8c3a-b59e-e80d-ac03599051ab,39655,97887,98,277.56
2026/10/10 21:53:55.692,GPU-e3ae17a2-8c3a-b59e-e80d-ac03599051ab,39655,97887,97,270.80
2026/10/10 21:53:56.223,GPU-e3ae17a2-8c3a-b59e-e80d-ac03599051ab,39655,97887,98,266.39
2026/10/10 21:53:56.753,GPU-e3ae17a2-8c3a-b59e-e80d-ac03599051ab,39655,97887,99,265.87
2026/10/10 21:53:57.289,GPU-e3ae17a2-8c3a-b59e-e80d-ac03599051ab,39655,97887,98,250.99
2026/10/10 21:53:57.822,GPU-e3ae17a2-8c3a-b59e-e80d-ac03599051ab,39655,97887,99,251.71
2026/10/10 21:53:58.350,GPU-e3ae17a2-8c3a-b59e-e80d-ac03599051ab,39655,97887,99,239.20
2026/10/10 21:53:58.880,GPU-e3ae17a2-8c3a-b59e-e80d-ac03599051ab,39655,97887,99,238.41
2026/10/10 21:53:59.407,GPU-e3ae17a2-8c3a-b59e-e80d-ac03599051ab,39655,97887,99,247.10
2026/10/10 21:53:59.935,GPU-e3ae17a2-8c3a-b59e-e80d-ac03599051ab,39655,97887,99,251.89
2026/10/10 21:54:00.463,GPU-e3ae17a2-8c3a-b59e-e80d-ac03599051ab,39655,97887,99,228.35
2026/10/10 21:54:00.991,GPU-e3ae17a2-8c3a-b59e-e80d-ac03599051ab,39655,97887,99,243.25
2026/10/10 21:54:01.518,GPU-e3ae17a2-8c3a-b59e-e80d-ac03599051ab,39655,97887,99,275.18
2026/10/10 21:54:02.049,GPU-e3ae17a2-8c3a-b59e-e80d-ac03599051ab,39655,97887,99,242.17
2026/10/10 21:54:02.576,GPU-e3ae17a2-8c3a-b59e-e80d-ac03599051ab,39655,97887,99,211.05
2026/10/10 21:54:03.106,GPU-e3ae17a2-8c3a-b59e-e80d-ac03599051ab,39655,97887,99,244.81
2026/10/10 21:54:03.634,GPU-e3ae17a2-8c3a-b59e-e80d-ac03599051ab,39655,97887,98,290.40
2026/10/10 21:54:04.162,GPU-e3ae17a2-8c3a-b59e-e80d-ac03599051ab,39655,97887,99,302.63
2026/10/10 21:54:04.689,GPU-e3ae17a2-8c3a-b59e-e80d-ac03599051ab,39655,97887,99,271.32
2026/10/10 21:54:05.218,GPU-e3ae17a2-8c3a-b59e-e80d-ac03599051ab,39655,97887,99,240.07
2026/10/10 21:54:05.747,GPU-e3ae17a2-8c3a-b59e-e80d-ac03599051ab,39655,97887,99,231.96
2026/10/10 21:54:06.276,GPU-e3ae17a2-8c3a-b59e-e80d-ac03599051ab,39655,97887,99,230.20
2026/10/10 21:54:06.803,GPU-e3ae17a2-8c3a-b59e-e80d-ac03599051ab,39655,97887,99,230.23
2026/10/10 21:54:07.333,GPU-e3ae17a2-8c3a-b59e-e80d-ac03599051ab,39655,97887,99,232.15
2026/10/10 21:54:07.864,GPU-e3ae17a2-8c3a-b59e-e80d-ac03599051ab,39655,97887,98,230.47
2026/10/10 21:54:08.392,GPU-e3ae17a2-8c3a-b59e-e80d-ac03599051ab,39655,97887,99,235.75
2026/10/10 21:54:08.919,GPU-e3ae17a2-8c3a-b59e-e80d-ac03599051ab,39655,97887,99,259.19
2026/10/10 21:54:09.448,GPU-e3ae17a2-8c3a-b59e-e80d-ac03599051ab,39655,97887,99,298.17
2026/10/10 21:54:09.979,GPU-e3ae17a2-8c3a-b59e-e80d-ac03599051ab,39655,97887,99,310.76
2026/10/10 21:54:10.508,GPU-e3ae17a2-8c3a-b59e-e80d-ac03599051ab,39655,97887,99,285.80
2026/10/10 21:54:11.037,GPU-e3ae17a2-8c3a-b59e-e80d-ac03599051ab,39655,97887,99,247.81
2026/10/10 21:54:11.566,GPU-e3ae17a2-8c3a-b59e-e80d-ac03599051ab,39655,97887,99,207.21
2026/10/10 21:54:12.095,GPU-e3ae17a2-8c3a-b59e-e80d-ac03599051ab,39655,97887,99,216.74
2026/10/10 21:54:12.624,GPU-e3ae17a2-8c3a-b59e-e80d-ac03599051ab,39655,97887,99,271.14
2026/10/10 21:54:13.155,GPU-e3ae17a2-8c3a-b59e-e80d-ac03599051ab,39655,97887,99,291.42
2026/10/10 21:54:13.688,GPU-e3ae17a2-8c3a-b59e-e80d-ac03599051ab,39655,97887,98,227.78
2026/10/10 21:54:14.222,GPU-e3ae17a2-8c3a-b59e-e80d-ac03599051ab,39655,97887,99,212.27
2026/10/10 21:54:14.751,GPU-e3ae17a2-8c3a-b59e-e80d-ac03599051ab,39655,97887,99,262.70
2026/10/10 21:54:15.280,GPU-e3ae17a2-8c3a-b59e-e80d-ac03599051ab,39655,97887,99,254.30
2026/10/10 21:54:15.810,GPU-e3ae17a2-8c3a-b59e-e80d-ac03599051ab,39655,97887,99,215.87
2026/10/10 21:54:16.338,GPU-e3ae17a2-8c3a-b59e-e80d-ac03599051ab,39655,97887,99,260.17
2026/10/10 21:54:16.866,GPU-e3ae17a2-8c3a-b59e-e80d-ac03599051ab,39655,97887,99,268.06
2026/10/10 21:54:17.396,GPU-e3ae17a2-8c3a-b59e-e80d-ac03599051ab,39655,97887,99,216.38
2026/10/10 21:54:17.924,GPU-e3ae17a2-8c3a-b59e-e80d-ac03599051ab,39655,97887,99,256.24
2026/10/10 21:54:18.454,GPU-e3ae17a2-8c3a-b59e-e80d-ac03599051ab,39655,97887,99,251.50
2026/10/10 21:54:18.985,GPU-e3ae17a2-8c3a-b59e-e80d-ac03599051ab,39655,97887,98,245.81
2026/10/10 21:54:19.514,GPU-e3ae17a2-8c3a-b59e-e80d-ac03599051ab,39655,97887,99,260.61
2026/10/10 21:54:20.050,GPU-e3ae17a2-8c3a-b59e-e80d-ac03599051ab,39655,97887,98,236.30
2026/10/10 21:54:20.579,GPU-e3ae17a2-8c3a-b59e-e80d-ac03599051ab,39655,97887,99,254.06
2026/10/10 21:54:21.109,GPU-e3ae17a2-8c3a-b59e-e80d-ac03599051ab,39655,97887,99,246.86
2026/10/10 21:54:21.637,GPU-e3ae17a2-8c3a-b59e-e80d-ac03599051ab,39655,97887,99,255.87
2026/10/10 21:54:22.166,GPU-e3ae17a2-8c3a-b59e-e80d-ac03599051ab,39655,97887,99,247.35
2026/10/10 21:54:22.696,GPU-e3ae17a2-8c3a-b59e-e80d-ac03599051ab,39655,97887,99,251.92
2026/10/10 21:54:23.228,GPU-e3ae17a2-8c3a-b59e-e80d-ac03599051ab,39655,97887,99,249.64
2026/10/10 21:54:23.756,GPU-e3ae17a2-8c3a-b59e-e80d-ac03599051ab,39655,97887,99,251.87
2026/10/10 21:54:24.283,GPU-e3ae17a2-8c3a-b59e-e80d-ac03599051ab,39655,97887,99,255.06
2026/10/10 21:54:24.817,GPU-e3ae17a2-8c3a-b59e-e80d-ac03599051ab,39655,97887,99,250.89
2026/10/10 21:54:25.346,GPU-e3ae17a2-8c3a-b59e-e80d-ac03599051ab,39655,97887,99,248.99
2026/10/10 21:54:25.882,GPU-e3ae17a2-8c3a-b59e-e80d-ac03599051ab,39655,97887,99,242.65
2026/10/10 21:54:26.413,GPU-e3ae17a2-8c3a-b59e-e80d-ac03599051ab,39655,97887,100,256.19
2026/10/10 21:54:26.943,GPU-e3ae17a2-8c3a-b59e-e80d-ac03599051ab,39655,97887,99,244.88
2026/10/10 21:54:27.475,GPU-e3ae17a2-8c3a-b59e-e80d-ac03599051ab,39655,97887,99,265.65
2026/10/10 21:54:28.008,GPU-e3ae17a2-8c3a-b59e-e80d-ac03599051ab,39655,97887,99,246.20
2026/10/10 21:54:28.537,GPU-e3ae17a2-8c3a-b59e-e80d-ac03599051ab,39655,97887,99,244.34
2026/10/10 21:54:29.065,GPU-e3ae17a2-8c3a-b59e-e80d-ac03599051ab,39655,97887,100,262.81
2026/10/10 21:54:29.598,GPU-e3ae17a2-8c3a-b59e-e80d-ac03599051ab,39655,97887,99,238.91
2026/10/10 21:54:30.127,GPU-e3ae17a2-8c3a-b59e-e80d-ac03599051ab,39655,97887,99,244.42
2026/10/10 21:54:30.657,GPU-e3ae17a2-8c3a-b59e-e80d-ac03599051ab,39655,97887,100,261.45
2026/10/10 21:54:31.187,GPU-e3ae17a2-8c3a-b59e-e80d-ac03599051ab,39655,97887,99,245.32
2026/10/10 21:54:31.715,GPU-e3ae17a2-8c3a-b59e-e80d-ac03599051ab,39655,97887,99,236.69
2026/10/10 21:54:32.250,GPU-e3ae17a2-8c3a-b59e-e80d-ac03599051ab,39655,97887,99,264.84
2026/10/10 21:54:32.787,GPU-e3ae17a2-8c3a-b59e-e80d-ac03599051ab,39655,97887,99,251.16
2026/10/10 21:54:33.315,GPU-e3ae17a2-8c3a-b59e-e80d-ac03599051ab,39655,97887,99,235.11
2026/10/10 21:54:33.844,GPU-e3ae17a2-8c3a-b59e-e80d-ac03599051ab,39655,97887,99,258.81
2026/10/10 21:54:34.373,GPU-e3ae17a2-8c3a-b59e-e80d-ac03599051ab,39655,97887,99,252.61
2026/10/10 21:54:34.904,GPU-e3ae17a2-8c3a-b59e-e80d-ac03599051ab,39655,97887,99,245.49
2026/10/10 21:54:35.435,GPU-e3ae17a2-8c3a-b59e-e80d-ac03599051ab,39655,97887,99,232.78
2026/10/10 21:54:35.964,GPU-e3ae17a2-8c3a-b59e-e80d-ac03599051ab,39655,97887,99,258.71
2026/10/10 21:54:36.494,GPU-e3ae17a2-8c3a-b59e-e80d-ac03599051ab,39655,97887,100,263.70
2026/10/10 21:54:37.022,GPU-e3ae17a2-8c3a-b59e-e80d-ac03599051ab,39655,97887,99,249.88
2026/10/10 21:54:37.553,GPU-e3ae17a2-8c3a-b59e-e80d-ac03599051ab,39655,97887,99,239.65
2026/10/10 21:54:38.082,GPU-e3ae17a2-8c3a-b59e-e80d-ac03599051ab,39655,97887,99,258.45
2026/10/10 21:54:38.611,GPU-e3ae17a2-8c3a-b59e-e80d-ac03599051ab,39655,97887,99,260.58
2026/10/10 21:54:39.140,GPU-e3ae17a2-8c3a-b59e-e80d-ac03599051ab,39655,97887,99,257.77
2026/10/10 21:54:39.670,GPU-e3ae17a2-8c3a-b59e-e80d-ac03599051ab,39655,97887,99,244.11
2026/10/10 21:54:40.199,GPU-e3ae17a2-8c3a-b59e-e80d-ac03599051ab,39655,97887,99,237.89
2026/10/10 21:54:40.728,GPU-e3ae17a2-8c3a-b59e-e80d-ac03599051ab,39655,97887,99,239.65
2026/10/10 21:54:41.260,GPU-e3ae17a2-8c3a-b59e-e80d-ac03599051ab,39655,97887,99,259.67
2026/10/10 21:54:41.787,GPU-e3ae17a2-8c3a-b59e-e80d-ac03599051ab,39655,97887,100,261.05
2026/10/10 21:54:42.317,GPU-e3ae17a2-8c3a-b59e-e80d-ac03599051ab,39655,97887,100,257.12
2026/10/10 21:54:42.845,GPU-e3ae17a2-8c3a-b59e-e80d-ac03599051ab,39655,97887,99,247.04
2026/10/10 21:54:43.375,GPU-e3ae17a2-8c3a-b59e-e80d-ac03599051ab,39655,97887,99,235.42
2026/10/10 21:54:43.905,GPU-e3ae17a2-8c3a-b59e-e80d-ac03599051ab,39655,97887,99,246.79
2026/10/10 21:54:44.434,GPU-e3ae17a2-8c3a-b59e-e80d-ac03599051ab,39655,97887,99,257.94
2026/10/10 21:54:44.964,GPU-e3ae17a2-8c3a-b59e-e80d-ac03599051ab,39655,97887,99,264.86
2026/10/10 21:54:45.493,GPU-e3ae17a2-8c3a-b59e-e80d-ac03599051ab,39655,97887,100,254.08
2026/10/10 21:54:46.024,GPU-e3ae17a2-8c3a-b59e-e80d-ac03599051ab,39655,97887,100,258.72
2026/10/10 21:54:46.553,GPU-e3ae17a2-8c3a-b59e-e80d-ac03599051ab,39655,97887,99,246.83
2026/10/10 21:54:47.081,GPU-e3ae17a2-8c3a-b59e-e80d-ac03599051ab,39655,97887,99,244.90
2026/10/10 21:54:47.609,GPU-e3ae17a2-8c3a-b59e-e80d-ac03599051ab,39655,97887,99,237.03
2026/10/10 21:54:48.147,GPU-e3ae17a2-8c3a-b59e-e80d-ac03599051ab,39655,97887,99,244.79
2026/10/10 21:54:48.676,GPU-e3ae17a2-8c3a-b59e-e80d-ac03599051ab,39655,97887,99,257.89
2026/10/10 21:54:49.201,GPU-e3ae17a2-8c3a-b59e-e80d-ac03599051ab,39655,97887,97,255.91
2026/10/10 21:54:49.733,GPU-e3ae17a2-8c3a-b59e-e80d-ac03599051ab,39655,97887,98,249.95
2026/10/10 21:54:50.262,GPU-e3ae17a2-8c3a-b59e-e80d-ac03599051ab,39655,97887,98,247.65
2026/10/10 21:54:50.791,GPU-e3ae17a2-8c3a-b59e-e80d-ac03599051ab,39655,97887,98,256.74
2026/10/10 21:54:51.323,GPU-e3ae17a2-8c3a-b59e-e80d-ac03599051ab,39655,97887,98,255.44
2026/10/10 21:54:51.855,GPU-e3ae17a2-8c3a-b59e-e80d-ac03599051ab,39655,97887,98,249.79
2026/10/10 21:54:52.383,GPU-e3ae17a2-8c3a-b59e-e80d-ac03599051ab,39655,97887,98,253.00
2026/10/10 21:54:52.910,GPU-e3ae17a2-8c3a-b59e-e80d-ac03599051ab,39655,97887,98,251.55
2026/10/10 21:54:53.436,GPU-e3ae17a2-8c3a-b59e-e80d-ac03599051ab,39655,97887,98,246.56
2026/10/10 21:54:53.964,GPU-e3ae17a2-8c3a-b59e-e80d-ac03599051ab,39655,97887,98,248.43
2026/10/10 21:54:54.493,GPU-e3ae17a2-8c3a-b59e-e80d-ac03599051ab,39655,97887,98,254.65
2026/10/10 21:54:55.023,GPU-e3ae17a2-8c3a-b59e-e80d-ac03599051ab,39655,97887,98,246.62
2026/10/10 21:54:55.567,GPU-e3ae17a2-8c3a-b59e-e80d-ac03599051ab,39655,97887,97,254.88
2026/10/10 21:54:56.096,GPU-e3ae17a2-8c3a-b59e-e80d-ac03599051ab,39655,97887,98,247.37
2026/10/10 21:54:56.627,GPU-e3ae17a2-8c3a-b59e-e80d-ac03599051ab,39655,97887,98,243.52
2026/10/10 21:54:57.157,GPU-e3ae17a2-8c3a-b59e-e80d-ac03599051ab,39655,97887,98,243.75
2026/10/10 21:54:57.683,GPU-e3ae17a2-8c3a-b59e-e80d-ac03599051ab,39655,97887,98,253.79
2026/10/10 21:54:58.210,GPU-e3ae17a2-8c3a-b59e-e80d-ac03599051ab,39655,97887,100,246.71
2026/10/10 21:54:58.739,GPU-e3ae17a2-8c3a-b59e-e80d-ac03599051ab,39655,97887,98,244.86
2026/10/10 21:54:59.267,GPU-e3ae17a2-8c3a-b59e-e80d-ac03599051ab,39655,97887,98,253.03
2026/10/10 21:54:59.795,GPU-e3ae17a2-8c3a-b59e-e80d-ac03599051ab,39655,97887,99,247.87
2026/10/10 21:55:00.325,GPU-e3ae17a2-8c3a-b59e-e80d-ac03599051ab,39655,97887,98,246.26
2026/10/10 21:55:00.855,GPU-e3ae17a2-8c3a-b59e-e80d-ac03599051ab,39655,97887,98,246.23
2026/10/10 21:55:01.383,GPU-e3ae17a2-8c3a-b59e-e80d-ac03599051ab,39655,97887,98,254.74
2026/10/10 21:55:01.911,GPU-e3ae17a2-8c3a-b59e-e80d-ac03599051ab,39655,97887,97,253.60
2026/10/10 21:55:02.439,GPU-e3ae17a2-8c3a-b59e-e80d-ac03599051ab,39655,97887,97,251.20
2026/10/10 21:55:02.970,GPU-e3ae17a2-8c3a-b59e-e80d-ac03599051ab,39655,97887,97,245.99
2026/10/10 21:55:03.498,GPU-e3ae17a2-8c3a-b59e-e80d-ac03599051ab,39655,97887,97,254.24
2026/10/10 21:55:04.028,GPU-e3ae17a2-8c3a-b59e-e80d-ac03599051ab,39655,97887,97,251.93
2026/10/10 21:55:04.564,GPU-e3ae17a2-8c3a-b59e-e80d-ac03599051ab,39655,97887,97,245.67
2026/10/10 21:55:05.138,GPU-e3ae17a2-8c3a-b59e-e80d-ac03599051ab,39655,97887,97,250.01
2026/10/10 21:55:05.668,GPU-e3ae17a2-8c3a-b59e-e80d-ac03599051ab,39655,97887,98,246.46
2026/10/10 21:55:06.197,GPU-e3ae17a2-8c3a-b59e-e80d-ac03599051ab,39655,97887,97,244.56
2026/10/10 21:55:06.722,GPU-e3ae17a2-8c3a-b59e-e80d-ac03599051ab,39655,97887,98,246.17
2026/10/10 21:55:07.248,GPU-e3ae17a2-8c3a-b59e-e80d-ac03599051ab,39655,97887,98,248.47
2026/10/10 21:55:07.794,GPU-e3ae17a2-8c3a-b59e-e80d-ac03599051ab,39655,97887,98,246.99
2026/10/10 21:55:08.322,GPU-e3ae17a2-8c3a-b59e-e80d-ac03599051ab,39655,97887,98,239.34
2026/10/10 21:55:08.852,GPU-e3ae17a2-8c3a-b59e-e80d-ac03599051ab,39655,97887,98,245.98
2026/10/10 21:55:09.387,GPU-e3ae17a2-8c3a-b59e-e80d-ac03599051ab,39655,97887,97,250.18
2026/10/10 21:55:09.915,GPU-e3ae17a2-8c3a-b59e-e80d-ac03599051ab,39655,97887,98,250.18
2026/10/10 21:55:10.444,GPU-e3ae17a2-8c3a-b59e-e80d-ac03599051ab,39655,97887,97,243.06
2026/10/10 21:55:10.973,GPU-e3ae17a2-8c3a-b59e-e80d-ac03599051ab,39655,97887,97,249.37
2026/10/10 21:55:11.502,GPU-e3ae17a2-8c3a-b59e-e80d-ac03599051ab,39655,97887,97,251.80
2026/10/10 21:55:12.032,GPU-e3ae17a2-8c3a-b59e-e80d-ac03599051ab,39655,97887,97,242.10
2026/10/10 21:55:12.562,GPU-e3ae17a2-8c3a-b59e-e80d-ac03599051ab,39655,97887,98,249.37
2026/10/10 21:55:13.091,GPU-e3ae17a2-8c3a-b59e-e80d-ac03599051ab,39655,97887,98,251.19
2026/10/10 21:55:13.617,GPU-e3ae17a2-8c3a-b59e-e80d-ac03599051ab,39655,97887,98,253.75
2026/10/10 21:55:14.144,GPU-e3ae17a2-8c3a-b59e-e80d-ac03599051ab,39655,97887,98,250.40
2026/10/10 21:55:14.672,GPU-e3ae17a2-8c3a-b59e-e80d-ac03599051ab,39655,97887,98,249.38
2026/10/10 21:55:15.199,GPU-e3ae17a2-8c3a-b59e-e80d-ac03599051ab,39655,97887,98,253.10
2026/10/10 21:55:15.726,GPU-e3ae17a2-8c3a-b59e-e80d-ac03599051ab,39655,97887,97,252.00
2026/10/10 21:55:16.259,GPU-e3ae17a2-8c3a-b59e-e80d-ac03599051ab,39655,97887,98,250.35
2026/10/10 21:55:16.790,GPU-e3ae17a2-8c3a-b59e-e80d-ac03599051ab,39655,97887,98,251.28
2026/10/10 21:55:17.321,GPU-e3ae17a2-8c3a-b59e-e80d-ac03599051ab,39655,97887,98,250.97
2026/10/10 21:55:17.848,GPU-e3ae17a2-8c3a-b59e-e80d-ac03599051ab,39655,97887,98,248.83
2026/10/10 21:55:18.380,GPU-e3ae17a2-8c3a-b59e-e80d-ac03599051ab,39655,97887,98,252.00
2026/10/10 21:55:18.908,GPU-e3ae17a2-8c3a-b59e-e80d-ac03599051ab,39655,97887,98,251.30
2026/10/10 21:55:19.436,GPU-e3ae17a2-8c3a-b59e-e80d-ac03599051ab,39655,97887,98,248.41
2026/10/10 21:55:19.964,GPU-e3ae17a2-8c3a-b59e-e80d-ac03599051ab,39655,97887,97,249.07
2026/10/10 21:55:20.494,GPU-e3ae17a2-8c3a-b59e-e80d-ac03599051ab,39655,97887,98,252.71
2026/10/10 21:55:21.022,GPU-e3ae17a2-8c3a-b59e-e80d-ac03599051ab,39655,97887,98,253.33
2026/10/10 21:55:21.556,GPU-e3ae17a2-8c3a-b59e-e80d-ac03599051ab,39655,97887,97,248.85
2026/10/10 21:55:22.087,GPU-e3ae17a2-8c3a-b59e-e80d-ac03599051ab,39655,97887,98,250.82
2026/10/10 21:55:22.617,GPU-e3ae17a2-8c3a-b59e-e80d-ac03599051ab,39655,97887,97,248.01
2026/10/10 21:55:23.144,GPU-e3ae17a2-8c3a-b59e-e80d-ac03599051ab,39655,97887,97,250.62
2026/10/10 21:55:23.676,GPU-e3ae17a2-8c3a-b59e-e80d-ac03599051ab,39655,97887,98,253.64
2026/10/10 21:55:24.202,GPU-e3ae17a2-8c3a-b59e-e80d-ac03599051ab,39655,97887,97,251.58
2026/10/10 21:55:24.731,GPU-e3ae17a2-8c3a-b59e-e80d-ac03599051ab,39655,97887,97,250.41
2026/10/10 21:55:25.261,GPU-e3ae17a2-8c3a-b59e-e80d-ac03599051ab,39655,97887,97,250.14
2026/10/10 21:55:25.797,GPU-e3ae17a2-8c3a-b59e-e80d-ac03599051ab,39655,97887,97,251.40
2026/10/10 21:55:26.324,GPU-e3ae17a2-8c3a-b59e-e80d-ac03599051ab,39655,97887,98,247.44
2026/10/10 21:55:26.852,GPU-e3ae17a2-8c3a-b59e-e80d-ac03599051ab,39655,97887,98,245.13
2026/10/10 21:55:27.385,GPU-e3ae17a2-8c3a-b59e-e80d-ac03599051ab,39655,97887,98,247.48
2026/10/10 21:55:27.913,GPU-e3ae17a2-8c3a-b59e-e80d-ac03599051ab,39655,97887,98,249.47
2026/10/10 21:55:28.442,GPU-e3ae17a2-8c3a-b59e-e80d-ac03599051ab,39655,97887,97,246.27
2026/10/10 21:55:28.972,GPU-e3ae17a2-8c3a-b59e-e80d-ac03599051ab,39655,97887,98,247.36
2026/10/10 21:55:29.498,GPU-e3ae17a2-8c3a-b59e-e80d-ac03599051ab,39655,97887,98,249.13
2026/10/10 21:55:30.026,GPU-e3ae17a2-8c3a-b59e-e80d-ac03599051ab,39655,97887,98,249.11
2026/10/10 21:55:30.556,GPU-e3ae17a2-8c3a-b59e-e80d-ac03599051ab,39655,97887,98,250.17
2026/10/10 21:55:31.085,GPU-e3ae17a2-8c3a-b59e-e80d-ac03599051ab,39655,97887,98,250.18
2026/10/10 21:55:31.617,GPU-e3ae17a2-8c3a-b59e-e80d-ac03599051ab,39655,97887,97,235.99
2026/10/10 21:55:32.145,GPU-e3ae17a2-8c3a-b59e-e80d-ac03599051ab,39655,97887,98,248.16
2026/10/10 21:55:32.680,GPU-e3ae17a2-8c3a-b59e-e80d-ac03599051ab,39655,97887,98,244.63
2026/10/10 21:55:33.212,GPU-e3ae17a2-8c3a-b59e-e80d-ac03599051ab,39655,97887,97,240.81
2026/10/10 21:55:33.740,GPU-e3ae17a2-8c3a-b59e-e80d-ac03599051ab,39655,97887,98,246.46
2026/10/10 21:55:34.267,GPU-e3ae17a2-8c3a-b59e-e80d-ac03599051ab,39655,97887,98,252.88
2026/10/10 21:55:34.804,GPU-e3ae17a2-8c3a-b59e-e80d-ac03599051ab,39655,97887,98,241.88
2026/10/10 21:55:35.335,GPU-e3ae17a2-8c3a-b59e-e80d-ac03599051ab,39655,97887,98,250.42
2026/10/10 21:55:35.864,GPU-e3ae17a2-8c3a-b59e-e80d-ac03599051ab,39655,97887,98,247.27
2026/10/10 21:55:36.394,GPU-e3ae17a2-8c3a-b59e-e80d-ac03599051ab,39655,97887,98,252.47
2026/10/10 21:55:36.922,GPU-e3ae17a2-8c3a-b59e-e80d-ac03599051ab,39655,97887,98,250.08
2026/10/10 21:55:37.453,GPU-e3ae17a2-8c3a-b59e-e80d-ac03599051ab,39655,97887,98,255.93
2026/10/10 21:55:37.984,GPU-e3ae17a2-8c3a-b59e-e80d-ac03599051ab,39655,97887,98,240.91
2026/10/10 21:55:38.515,GPU-e3ae17a2-8c3a-b59e-e80d-ac03599051ab,39655,97887,98,240.28
2026/10/10 21:55:39.043,GPU-e3ae17a2-8c3a-b59e-e80d-ac03599051ab,39655,97887,98,249.72
2026/10/10 21:55:39.578,GPU-e3ae17a2-8c3a-b59e-e80d-ac03599051ab,39655,97887,98,252.60
2026/10/10 21:55:40.110,GPU-e3ae17a2-8c3a-b59e-e80d-ac03599051ab,39655,97887,97,242.61
2026/10/10 21:55:40.644,GPU-e3ae17a2-8c3a-b59e-e80d-ac03599051ab,39655,97887,98,247.79
2026/10/10 21:55:41.174,GPU-e3ae17a2-8c3a-b59e-e80d-ac03599051ab,39655,97887,97,245.43
2026/10/10 21:55:41.710,GPU-e3ae17a2-8c3a-b59e-e80d-ac03599051ab,39655,97887,97,255.87
2026/10/10 21:55:42.240,GPU-e3ae17a2-8c3a-b59e-e80d-ac03599051ab,39655,97887,98,243.15
2026/10/10 21:55:42.772,GPU-e3ae17a2-8c3a-b59e-e80d-ac03599051ab,39655,97887,97,245.61
2026/10/10 21:55:43.300,GPU-e3ae17a2-8c3a-b59e-e80d-ac03599051ab,39655,97887,99,248.73
2026/10/10 21:55:43.827,GPU-e3ae17a2-8c3a-b59e-e80d-ac03599051ab,39655,97887,98,246.10
2026/10/10 21:55:44.382,GPU-e3ae17a2-8c3a-b59e-e80d-ac03599051ab,39655,97887,97,246.99
2026/10/10 21:55:44.915,GPU-e3ae17a2-8c3a-b59e-e80d-ac03599051ab,39655,97887,99,247.51
2026/10/10 21:55:45.443,GPU-e3ae17a2-8c3a-b59e-e80d-ac03599051ab,39655,97887,97,257.18
2026/10/10 21:55:45.970,GPU-e3ae17a2-8c3a-b59e-e80d-ac03599051ab,39655,97887,97,247.04
2026/10/10 21:55:46.501,GPU-e3ae17a2-8c3a-b59e-e80d-ac03599051ab,39655,97887,100,243.40
2026/10/10 21:55:47.031,GPU-e3ae17a2-8c3a-b59e-e80d-ac03599051ab,39655,97887,97,247.57
2026/10/10 21:55:47.557,GPU-e3ae17a2-8c3a-b59e-e80d-ac03599051ab,39655,97887,99,253.18
2026/10/10 21:55:48.087,GPU-e3ae17a2-8c3a-b59e-e80d-ac03599051ab,39655,97887,100,249.19
2026/10/10 21:55:48.615,GPU-e3ae17a2-8c3a-b59e-e80d-ac03599051ab,39655,97887,97,251.44
2026/10/10 21:55:49.143,GPU-e3ae17a2-8c3a-b59e-e80d-ac03599051ab,39655,97887,100,250.86
2026/10/10 21:55:49.672,GPU-e3ae17a2-8c3a-b59e-e80d-ac03599051ab,39655,97887,97,251.42
2026/10/10 21:55:50.202,GPU-e3ae17a2-8c3a-b59e-e80d-ac03599051ab,39655,97887,99,252.95
2026/10/10 21:55:50.734,GPU-e3ae17a2-8c3a-b59e-e80d-ac03599051ab,39655,97887,100,254.29
2026/10/10 21:55:51.264,GPU-e3ae17a2-8c3a-b59e-e80d-ac03599051ab,39655,97887,97,245.24
2026/10/10 21:55:51.794,GPU-e3ae17a2-8c3a-b59e-e80d-ac03599051ab,39655,97887,100,246.66
2026/10/10 21:55:52.327,GPU-e3ae17a2-8c3a-b59e-e80d-ac03599051ab,39655,97887,96,253.43
2026/10/10 21:55:52.870,GPU-e3ae17a2-8c3a-b59e-e80d-ac03599051ab,39655,97887,97,246.56
2026/10/10 21:55:53.404,GPU-e3ae17a2-8c3a-b59e-e80d-ac03599051ab,39655,97887,97,245.90
2026/10/10 21:55:53.946,GPU-e3ae17a2-8c3a-b59e-e80d-ac03599051ab,39655,97887,98,247.66
2026/10/10 21:55:54.480,GPU-e3ae17a2-8c3a-b59e-e80d-ac03599051ab,39655,97887,98,250.52
2026/10/10 21:55:55.007,GPU-e3ae17a2-8c3a-b59e-e80d-ac03599051ab,39655,97887,98,251.06
2026/10/10 21:55:55.538,GPU-e3ae17a2-8c3a-b59e-e80d-ac03599051ab,39655,97887,97,247.43
2026/10/10 21:55:56.103,GPU-e3ae17a2-8c3a-b59e-e80d-ac03599051ab,39655,97887,97,249.02
2026/10/10 21:55:56.633,GPU-e3ae17a2-8c3a-b59e-e80d-ac03599051ab,39655,97887,98,252.20
2026/10/10 21:55:57.161,GPU-e3ae17a2-8c3a-b59e-e80d-ac03599051ab,39655,97887,98,249.62
2026/10/10 21:55:57.688,GPU-e3ae17a2-8c3a-b59e-e80d-ac03599051ab,39655,97887,97,249.42
2026/10/10 21:55:58.217,GPU-e3ae17a2-8c3a-b59e-e80d-ac03599051ab,39655,97887,97,252.42
2026/10/10 21:55:58.747,GPU-e3ae17a2-8c3a-b59e-e80d-ac03599051ab,39655,97887,97,252.82
2026/10/10 21:55:59.276,GPU-e3ae17a2-8c3a-b59e-e80d-ac03599051ab,39655,97887,97,248.48
2026/10/10 21:55:59.804,GPU-e3ae17a2-8c3a-b59e-e80d-ac03599051ab,39655,97887,97,249.08
2026/10/10 21:56:00.334,GPU-e3ae17a2-8c3a-b59e-e80d-ac03599051ab,39655,97887,97,249.77
2026/10/10 21:56:00.862,GPU-e3ae17a2-8c3a-b59e-e80d-ac03599051ab,39655,97887,97,247.34
2026/10/10 21:56:01.392,GPU-e3ae17a2-8c3a-b59e-e80d-ac03599051ab,39655,97887,97,242.49
2026/10/10 21:56:01.919,GPU-e3ae17a2-8c3a-b59e-e80d-ac03599051ab,39655,97887,97,245.90
2026/10/10 21:56:02.446,GPU-e3ae17a2-8c3a-b59e-e80d-ac03599051ab,39655,97887,97,248.73
2026/10/10 21:56:02.977,GPU-e3ae17a2-8c3a-b59e-e80d-ac03599051ab,39655,97887,98,249.43
2026/10/10 21:56:03.505,GPU-e3ae17a2-8c3a-b59e-e80d-ac03599051ab,39655,97887,97,255.20
2026/10/10 21:56:04.034,GPU-e3ae17a2-8c3a-b59e-e80d-ac03599051ab,39655,97887,98,250.12
2026/10/10 21:56:04.564,GPU-e3ae17a2-8c3a-b59e-e80d-ac03599051ab,39655,97887,98,242.16
2026/10/10 21:56:05.097,GPU-e3ae17a2-8c3a-b59e-e80d-ac03599051ab,39655,97887,98,245.84
2026/10/10 21:56:05.626,GPU-e3ae17a2-8c3a-b59e-e80d-ac03599051ab,39655,97887,97,245.16
2026/10/10 21:56:06.154,GPU-e3ae17a2-8c3a-b59e-e80d-ac03599051ab,39655,97887,97,250.53
2026/10/10 21:56:06.684,GPU-e3ae17a2-8c3a-b59e-e80d-ac03599051ab,39655,97887,100,243.67
2026/10/10 21:56:07.215,GPU-e3ae17a2-8c3a-b59e-e80d-ac03599051ab,39655,97887,98,247.49
2026/10/10 21:56:07.744,GPU-e3ae17a2-8c3a-b59e-e80d-ac03599051ab,39655,97887,98,255.24
2026/10/10 21:56:08.275,GPU-e3ae17a2-8c3a-b59e-e80d-ac03599051ab,39655,97887,97,256.79
2026/10/10 21:56:08.809,GPU-e3ae17a2-8c3a-b59e-e80d-ac03599051ab,39655,97887,97,249.94
2026/10/10 21:56:09.361,GPU-e3ae17a2-8c3a-b59e-e80d-ac03599051ab,39655,97887,100,244.50
2026/10/10 21:56:09.904,GPU-e3ae17a2-8c3a-b59e-e80d-ac03599051ab,39655,97887,95,249.42
2026/10/10 21:56:10.435,GPU-e3ae17a2-8c3a-b59e-e80d-ac03599051ab,39655,97887,99,247.27
2026/10/10 21:56:10.966,GPU-e3ae17a2-8c3a-b59e-e80d-ac03599051ab,39655,97887,97,246.16
2026/10/10 21:56:11.496,GPU-e3ae17a2-8c3a-b59e-e80d-ac03599051ab,39655,97887,96,239.85
2026/10/10 21:56:12.027,GPU-e3ae17a2-8c3a-b59e-e80d-ac03599051ab,39655,97887,97,245.34
2026/10/10 21:56:12.556,GPU-e3ae17a2-8c3a-b59e-e80d-ac03599051ab,39655,97887,97,250.76
2026/10/10 21:56:13.083,GPU-e3ae17a2-8c3a-b59e-e80d-ac03599051ab,39655,97887,98,246.16
2026/10/10 21:56:13.614,GPU-e3ae17a2-8c3a-b59e-e80d-ac03599051ab,39655,97887,97,244.73
2026/10/10 21:56:14.149,GPU-e3ae17a2-8c3a-b59e-e80d-ac03599051ab,39655,97887,97,242.82
2026/10/10 21:56:14.677,GPU-e3ae17a2-8c3a-b59e-e80d-ac03599051ab,39655,97887,97,242.79
2026/10/10 21:56:15.205,GPU-e3ae17a2-8c3a-b59e-e80d-ac03599051ab,39655,97887,97,244.99
2026/10/10 21:56:15.736,GPU-e3ae17a2-8c3a-b59e-e80d-ac03599051ab,39655,97887,97,250.45
2026/10/10 21:56:16.266,GPU-e3ae17a2-8c3a-b59e-e80d-ac03599051ab,39655,97887,96,244.38
2026/10/10 21:56:16.796,GPU-e3ae17a2-8c3a-b59e-e80d-ac03599051ab,39655,97887,96,250.12
2026/10/10 21:56:17.324,GPU-e3ae17a2-8c3a-b59e-e80d-ac03599051ab,39655,97887,96,249.76
2026/10/10 21:56:17.853,GPU-e3ae17a2-8c3a-b59e-e80d-ac03599051ab,39655,97887,97,248.68
2026/10/10 21:56:18.385,GPU-e3ae17a2-8c3a-b59e-e80d-ac03599051ab,39655,97887,96,247.76
2026/10/10 21:56:18.914,GPU-e3ae17a2-8c3a-b59e-e80d-ac03599051ab,39655,97887,97,255.14
2026/10/10 21:56:19.443,GPU-e3ae17a2-8c3a-b59e-e80d-ac03599051ab,39655,97887,97,256.67
2026/10/10 21:56:19.973,GPU-e3ae17a2-8c3a-b59e-e80d-ac03599051ab,39655,97887,96,249.34
2026/10/10 21:56:20.507,GPU-e3ae17a2-8c3a-b59e-e80d-ac03599051ab,39655,97887,99,254.35
2026/10/10 21:56:21.036,GPU-e3ae17a2-8c3a-b59e-e80d-ac03599051ab,39655,97887,96,252.48
2026/10/10 21:56:21.567,GPU-e3ae17a2-8c3a-b59e-e80d-ac03599051ab,39655,97887,99,252.91
2026/10/10 21:56:22.096,GPU-e3ae17a2-8c3a-b59e-e80d-ac03599051ab,39655,97887,97,246.65
2026/10/10 21:56:22.631,GPU-e3ae17a2-8c3a-b59e-e80d-ac03599051ab,39655,97887,100,241.04
2026/10/10 21:56:23.160,GPU-e3ae17a2-8c3a-b59e-e80d-ac03599051ab,39655,97887,97,242.28
2026/10/10 21:56:23.686,GPU-e3ae17a2-8c3a-b59e-e80d-ac03599051ab,39655,97887,100,245.88
2026/10/10 21:56:24.217,GPU-e3ae17a2-8c3a-b59e-e80d-ac03599051ab,39655,97887,96,252.50
2026/10/10 21:56:24.746,GPU-e3ae17a2-8c3a-b59e-e80d-ac03599051ab,39655,97887,96,253.85
2026/10/10 21:56:25.277,GPU-e3ae17a2-8c3a-b59e-e80d-ac03599051ab,39655,97887,97,247.66
2026/10/10 21:56:25.820,GPU-e3ae17a2-8c3a-b59e-e80d-ac03599051ab,39655,97887,96,244.18
2026/10/10 21:56:26.355,GPU-e3ae17a2-8c3a-b59e-e80d-ac03599051ab,39655,97887,97,243.22
2026/10/10 21:56:26.883,GPU-e3ae17a2-8c3a-b59e-e80d-ac03599051ab,39655,97887,97,243.04
2026/10/10 21:56:27.411,GPU-e3ae17a2-8c3a-b59e-e80d-ac03599051ab,39655,97887,97,244.87
2026/10/10 21:56:27.941,GPU-e3ae17a2-8c3a-b59e-e80d-ac03599051ab,39655,97887,97,250.51
2026/10/10 21:56:28.471,GPU-e3ae17a2-8c3a-b59e-e80d-ac03599051ab,39655,97887,97,249.78
2026/10/10 21:56:28.998,GPU-e3ae17a2-8c3a-b59e-e80d-ac03599051ab,39655,97887,97,243.11
2026/10/10 21:56:29.525,GPU-e3ae17a2-8c3a-b59e-e80d-ac03599051ab,39655,97887,97,248.99
2026/10/10 21:56:30.054,GPU-e3ae17a2-8c3a-b59e-e80d-ac03599051ab,39655,97887,97,247.70
2026/10/10 21:56:30.585,GPU-e3ae17a2-8c3a-b59e-e80d-ac03599051ab,39655,97887,97,246.37
2026/10/10 21:56:31.114,GPU-e3ae17a2-8c3a-b59e-e80d-ac03599051ab,39655,97887,97,249.04
2026/10/10 21:56:31.642,GPU-e3ae17a2-8c3a-b59e-e80d-ac03599051ab,39655,97887,97,248.47
2026/10/10 21:56:32.173,GPU-e3ae17a2-8c3a-b59e-e80d-ac03599051ab,39655,97887,97,250.60
2026/10/10 21:56:32.700,GPU-e3ae17a2-8c3a-b59e-e80d-ac03599051ab,39655,97887,97,248.40
2026/10/10 21:56:33.229,GPU-e3ae17a2-8c3a-b59e-e80d-ac03599051ab,39655,97887,97,242.91
2026/10/10 21:56:33.756,GPU-e3ae17a2-8c3a-b59e-e80d-ac03599051ab,39655,97887,97,247.62
2026/10/10 21:56:34.300,GPU-e3ae17a2-8c3a-b59e-e80d-ac03599051ab,39655,97887,97,249.24
2026/10/10 21:56:34.830,GPU-e3ae17a2-8c3a-b59e-e80d-ac03599051ab,39655,97887,97,243.79
2026/10/10 21:56:35.359,GPU-e3ae17a2-8c3a-b59e-e80d-ac03599051ab,39655,97887,97,242.08
2026/10/10 21:56:35.894,GPU-e3ae17a2-8c3a-b59e-e80d-ac03599051ab,39655,97887,97,248.98
2026/10/10 21:56:36.422,GPU-e3ae17a2-8c3a-b59e-e80d-ac03599051ab,39655,97887,97,247.76
2026/10/10 21:56:36.952,GPU-e3ae17a2-8c3a-b59e-e80d-ac03599051ab,39655,97887,96,255.29
2026/10/10 21:56:37.482,GPU-e3ae17a2-8c3a-b59e-e80d-ac03599051ab,39655,97887,97,250.55
2026/10/10 21:56:38.013,GPU-e3ae17a2-8c3a-b59e-e80d-ac03599051ab,39655,97887,97,243.37
2026/10/10 21:56:38.541,GPU-e3ae17a2-8c3a-b59e-e80d-ac03599051ab,39655,97887,100,245.81
2026/10/10 21:56:39.070,GPU-e3ae17a2-8c3a-b59e-e80d-ac03599051ab,39655,97887,97,247.66
2026/10/10 21:56:39.598,GPU-e3ae17a2-8c3a-b59e-e80d-ac03599051ab,39655,97887,97,248.59
2026/10/10 21:56:40.129,GPU-e3ae17a2-8c3a-b59e-e80d-ac03599051ab,39655,97887,100,249.28
2026/10/10 21:56:40.663,GPU-e3ae17a2-8c3a-b59e-e80d-ac03599051ab,39655,97887,97,243.98
2026/10/10 21:56:41.196,GPU-e3ae17a2-8c3a-b59e-e80d-ac03599051ab,39655,97887,100,243.27
2026/10/10 21:56:41.727,GPU-e3ae17a2-8c3a-b59e-e80d-ac03599051ab,39655,97887,98,253.22
2026/10/10 21:56:42.259,GPU-e3ae17a2-8c3a-b59e-e80d-ac03599051ab,39655,97887,97,251.76
2026/10/10 21:56:42.810,GPU-e3ae17a2-8c3a-b59e-e80d-ac03599051ab,39655,97887,100,243.31
2026/10/10 21:56:43.340,GPU-e3ae17a2-8c3a-b59e-e80d-ac03599051ab,39655,97887,97,253.83
2026/10/10 21:56:43.870,GPU-e3ae17a2-8c3a-b59e-e80d-ac03599051ab,39655,97887,97,253.84
2026/10/10 21:56:44.401,GPU-e3ae17a2-8c3a-b59e-e80d-ac03599051ab,39655,97887,100,251.16
2026/10/10 21:56:44.933,GPU-e3ae17a2-8c3a-b59e-e80d-ac03599051ab,39655,97887,97,243.42
2026/10/10 21:56:45.465,GPU-e3ae17a2-8c3a-b59e-e80d-ac03599051ab,39655,97887,99,250.88
2026/10/10 21:56:45.993,GPU-e3ae17a2-8c3a-b59e-e80d-ac03599051ab,39655,97887,97,244.94
2026/10/10 21:56:46.529,GPU-e3ae17a2-8c3a-b59e-e80d-ac03599051ab,39655,97887,97,245.88
2026/10/10 21:56:47.068,GPU-e3ae17a2-8c3a-b59e-e80d-ac03599051ab,39655,97887,97,247.52
2026/10/10 21:56:47.598,GPU-e3ae17a2-8c3a-b59e-e80d-ac03599051ab,39655,97887,97,246.83
2026/10/10 21:56:48.126,GPU-e3ae17a2-8c3a-b59e-e80d-ac03599051ab,39655,97887,97,250.45
2026/10/10 21:56:48.655,GPU-e3ae17a2-8c3a-b59e-e80d-ac03599051ab,39655,97887,97,245.73
2026/10/10 21:56:49.184,GPU-e3ae17a2-8c3a-b59e-e80d-ac03599051ab,39655,97887,97,246.22
2026/10/10 21:56:49.714,GPU-e3ae17a2-8c3a-b59e-e80d-ac03599051ab,39655,97887,97,248.66
2026/10/10 21:56:50.244,GPU-e3ae17a2-8c3a-b59e-e80d-ac03599051ab,39655,97887,97,251.81
2026/10/10 21:56:50.783,GPU-e3ae17a2-8c3a-b59e-e80d-ac03599051ab,39655,97887,97,250.66
2026/10/10 21:56:51.314,GPU-e3ae17a2-8c3a-b59e-e80d-ac03599051ab,39655,97887,97,249.99
2026/10/10 21:56:51.842,GPU-e3ae17a2-8c3a-b59e-e80d-ac03599051ab,39655,97887,97,247.81
2026/10/10 21:56:52.371,GPU-e3ae17a2-8c3a-b59e-e80d-ac03599051ab,39655,97887,97,250.66
2026/10/10 21:56:52.901,GPU-e3ae17a2-8c3a-b59e-e80d-ac03599051ab,39655,97887,97,250.71
2026/10/10 21:56:53.431,GPU-e3ae17a2-8c3a-b59e-e80d-ac03599051ab,39655,97887,98,245.55
2026/10/10 21:56:53.969,GPU-e3ae17a2-8c3a-b59e-e80d-ac03599051ab,39655,97887,97,245.31
2026/10/10 21:56:54.501,GPU-e3ae17a2-8c3a-b59e-e80d-ac03599051ab,39655,97887,97,247.48
2026/10/10 21:56:55.033,GPU-e3ae17a2-8c3a-b59e-e80d-ac03599051ab,39655,97887,98,255.80
2026/10/10 21:56:55.580,GPU-e3ae17a2-8c3a-b59e-e80d-ac03599051ab,39655,97887,97,252.86
2026/10/10 21:56:56.116,GPU-e3ae17a2-8c3a-b59e-e80d-ac03599051ab,39655,97887,97,247.82
2026/10/10 21:56:56.646,GPU-e3ae17a2-8c3a-b59e-e80d-ac03599051ab,39655,97887,97,242.81
2026/10/10 21:56:57.180,GPU-e3ae17a2-8c3a-b59e-e80d-ac03599051ab,39655,97887,100,246.60
2026/10/10 21:56:57.714,GPU-e3ae17a2-8c3a-b59e-e80d-ac03599051ab,39655,97887,97,247.79
2026/10/10 21:56:58.242,GPU-e3ae17a2-8c3a-b59e-e80d-ac03599051ab,39655,97887,97,250.48
2026/10/10 21:56:58.770,GPU-e3ae17a2-8c3a-b59e-e80d-ac03599051ab,39655,97887,100,247.88
2026/10/10 21:56:59.299,GPU-e3ae17a2-8c3a-b59e-e80d-ac03599051ab,39655,97887,97,245.12
2026/10/10 21:56:59.828,GPU-e3ae17a2-8c3a-b59e-e80d-ac03599051ab,39655,97887,100,254.51
2026/10/10 21:57:00.357,GPU-e3ae17a2-8c3a-b59e-e80d-ac03599051ab,39655,97887,97,253.11
2026/10/10 21:57:00.885,GPU-e3ae17a2-8c3a-b59e-e80d-ac03599051ab,39655,97887,97,249.95
2026/10/10 21:57:01.414,GPU-e3ae17a2-8c3a-b59e-e80d-ac03599051ab,39655,97887,100,242.62
2026/10/10 21:57:01.944,GPU-e3ae17a2-8c3a-b59e-e80d-ac03599051ab,39655,97887,97,241.71
2026/10/10 21:57:02.474,GPU-e3ae17a2-8c3a-b59e-e80d-ac03599051ab,39655,97887,100,244.39
2026/10/10 21:57:03.002,GPU-e3ae17a2-8c3a-b59e-e80d-ac03599051ab,39655,97887,97,244.06
2026/10/10 21:57:03.530,GPU-e3ae17a2-8c3a-b59e-e80d-ac03599051ab,39655,97887,100,248.99
2026/10/10 21:57:04.060,GPU-e3ae17a2-8c3a-b59e-e80d-ac03599051ab,39655,97887,97,254.04
2026/10/10 21:57:04.587,GPU-e3ae17a2-8c3a-b59e-e80d-ac03599051ab,39655,97887,97,254.58
2026/10/10 21:57:05.116,GPU-e3ae17a2-8c3a-b59e-e80d-ac03599051ab,39655,97887,99,247.30
2026/10/10 21:57:05.645,GPU-e3ae17a2-8c3a-b59e-e80d-ac03599051ab,39655,97887,97,243.53
2026/10/10 21:57:06.177,GPU-e3ae17a2-8c3a-b59e-e80d-ac03599051ab,39655,97887,97,238.69
2026/10/10 21:57:06.703,GPU-e3ae17a2-8c3a-b59e-e80d-ac03599051ab,39655,97887,97,243.73
2026/10/10 21:57:07.232,GPU-e3ae17a2-8c3a-b59e-e80d-ac03599051ab,39655,97887,97,239.25
2026/10/10 21:57:07.762,GPU-e3ae17a2-8c3a-b59e-e80d-ac03599051ab,39655,97887,97,240.28
2026/10/10 21:57:08.289,GPU-e3ae17a2-8c3a-b59e-e80d-ac03599051ab,39655,97887,97,245.26
2026/10/10 21:57:08.817,GPU-e3ae17a2-8c3a-b59e-e80d-ac03599051ab,39655,97887,97,240.93
2026/10/10 21:57:09.363,GPU-e3ae17a2-8c3a-b59e-e80d-ac03599051ab,39655,97887,97,244.50
2026/10/10 21:57:09.914,GPU-e3ae17a2-8c3a-b59e-e80d-ac03599051ab,39655,97887,97,249.41
2026/10/10 21:57:10.490,GPU-e3ae17a2-8c3a-b59e-e80d-ac03599051ab,39655,97887,96,251.76
2026/10/10 21:57:11.019,GPU-e3ae17a2-8c3a-b59e-e80d-ac03599051ab,39655,97887,98,260.15
2026/10/10 21:57:11.547,GPU-e3ae17a2-8c3a-b59e-e80d-ac03599051ab,39655,97887,99,250.03
2026/10/10 21:57:12.074,GPU-e3ae17a2-8c3a-b59e-e80d-ac03599051ab,39655,97887,97,248.78
2026/10/10 21:57:12.602,GPU-e3ae17a2-8c3a-b59e-e80d-ac03599051ab,39655,97887,100,246.42
2026/10/10 21:57:13.131,GPU-e3ae17a2-8c3a-b59e-e80d-ac03599051ab,39655,97887,97,246.04
2026/10/10 21:57:13.658,GPU-e3ae17a2-8c3a-b59e-e80d-ac03599051ab,39655,97887,98,250.87
2026/10/10 21:57:14.185,GPU-e3ae17a2-8c3a-b59e-e80d-ac03599051ab,39655,97887,100,252.87
2026/10/10 21:57:14.714,GPU-e3ae17a2-8c3a-b59e-e80d-ac03599051ab,39655,97887,97,244.56
2026/10/10 21:57:15.241,GPU-e3ae17a2-8c3a-b59e-e80d-ac03599051ab,39655,97887,100,245.48
2026/10/10 21:57:15.773,GPU-e3ae17a2-8c3a-b59e-e80d-ac03599051ab,39655,97887,97,253.76
2026/10/10 21:57:16.300,GPU-e3ae17a2-8c3a-b59e-e80d-ac03599051ab,39655,97887,99,255.38
2026/10/10 21:57:16.833,GPU-e3ae17a2-8c3a-b59e-e80d-ac03599051ab,39655,97887,100,253.47
2026/10/10 21:57:17.359,GPU-e3ae17a2-8c3a-b59e-e80d-ac03599051ab,39655,97887,97,248.69
2026/10/10 21:57:17.886,GPU-e3ae17a2-8c3a-b59e-e80d-ac03599051ab,39655,97887,100,251.23
2026/10/10 21:57:18.417,GPU-e3ae17a2-8c3a-b59e-e80d-ac03599051ab,39655,97887,98,250.95
2026/10/10 21:57:18.946,GPU-e3ae17a2-8c3a-b59e-e80d-ac03599051ab,39655,97887,98,247.21
2026/10/10 21:57:19.476,GPU-e3ae17a2-8c3a-b59e-e80d-ac03599051ab,39655,97887,100,247.78
2026/10/10 21:57:20.005,GPU-e3ae17a2-8c3a-b59e-e80d-ac03599051ab,39655,97887,97,248.52
2026/10/10 21:57:20.538,GPU-e3ae17a2-8c3a-b59e-e80d-ac03599051ab,39655,97887,98,252.28
2026/10/10 21:57:21.066,GPU-e3ae17a2-8c3a-b59e-e80d-ac03599051ab,39655,97887,100,244.89
2026/10/10 21:57:21.596,GPU-e3ae17a2-8c3a-b59e-e80d-ac03599051ab,39655,97887,97,245.11
2026/10/10 21:57:22.123,GPU-e3ae17a2-8c3a-b59e-e80d-ac03599051ab,39655,97887,100,248.78
2026/10/10 21:57:22.654,GPU-e3ae17a2-8c3a-b59e-e80d-ac03599051ab,39655,97887,97,254.93
2026/10/10 21:57:23.183,GPU-e3ae17a2-8c3a-b59e-e80d-ac03599051ab,39655,97887,97,247.13
2026/10/10 21:57:23.710,GPU-e3ae17a2-8c3a-b59e-e80d-ac03599051ab,39655,97887,100,245.12
2026/10/10 21:57:24.241,GPU-e3ae17a2-8c3a-b59e-e80d-ac03599051ab,39655,97887,97,250.22
2026/10/10 21:57:24.768,GPU-e3ae17a2-8c3a-b59e-e80d-ac03599051ab,39655,97887,97,252.31
2026/10/10 21:57:25.304,GPU-e3ae17a2-8c3a-b59e-e80d-ac03599051ab,39655,97887,97,253.06
2026/10/10 21:57:25.836,GPU-e3ae17a2-8c3a-b59e-e80d-ac03599051ab,39655,97887,97,246.65
2026/10/10 21:57:26.364,GPU-e3ae17a2-8c3a-b59e-e80d-ac03599051ab,39655,97887,96,243.87
2026/10/10 21:57:26.895,GPU-e3ae17a2-8c3a-b59e-e80d-ac03599051ab,39655,97887,97,244.06
2026/10/10 21:57:27.423,GPU-e3ae17a2-8c3a-b59e-e80d-ac03599051ab,39655,97887,97,243.39
2026/10/10 21:57:27.952,GPU-e3ae17a2-8c3a-b59e-e80d-ac03599051ab,39655,97887,97,248.70
2026/10/10 21:57:28.480,GPU-e3ae17a2-8c3a-b59e-e80d-ac03599051ab,39655,97887,97,250.24
2026/10/10 21:57:29.008,GPU-e3ae17a2-8c3a-b59e-e80d-ac03599051ab,39655,97887,97,252.34
2026/10/10 21:57:29.537,GPU-e3ae17a2-8c3a-b59e-e80d-ac03599051ab,39655,97887,97,250.62
2026/10/10 21:57:30.065,GPU-e3ae17a2-8c3a-b59e-e80d-ac03599051ab,39655,97887,97,250.94
2026/10/10 21:57:30.594,GPU-e3ae17a2-8c3a-b59e-e80d-ac03599051ab,39655,97887,98,247.15
2026/10/10 21:57:31.128,GPU-e3ae17a2-8c3a-b59e-e80d-ac03599051ab,39655,97887,97,246.03
2026/10/10 21:57:31.658,GPU-e3ae17a2-8c3a-b59e-e80d-ac03599051ab,39655,97887,96,245.92
2026/10/10 21:57:32.189,GPU-e3ae17a2-8c3a-b59e-e80d-ac03599051ab,39655,97887,97,250.03
2026/10/10 21:57:32.717,GPU-e3ae17a2-8c3a-b59e-e80d-ac03599051ab,39655,97887,97,249.21
2026/10/10 21:57:33.245,GPU-e3ae17a2-8c3a-b59e-e80d-ac03599051ab,39655,97887,97,251.01
2026/10/10 21:57:33.775,GPU-e3ae17a2-8c3a-b59e-e80d-ac03599051ab,39655,97887,97,250.50
2026/10/10 21:57:34.303,GPU-e3ae17a2-8c3a-b59e-e80d-ac03599051ab,39655,97887,97,245.09
2026/10/10 21:57:34.830,GPU-e3ae17a2-8c3a-b59e-e80d-ac03599051ab,39655,97887,97,246.45
2026/10/10 21:57:35.357,GPU-e3ae17a2-8c3a-b59e-e80d-ac03599051ab,39655,97887,97,248.20
2026/10/10 21:57:35.887,GPU-e3ae17a2-8c3a-b59e-e80d-ac03599051ab,39655,97887,97,256.59
2026/10/10 21:57:36.416,GPU-e3ae17a2-8c3a-b59e-e80d-ac03599051ab,39655,97887,97,254.81
2026/10/10 21:57:36.944,GPU-e3ae17a2-8c3a-b59e-e80d-ac03599051ab,39655,97887,97,240.54
2026/10/10 21:57:37.471,GPU-e3ae17a2-8c3a-b59e-e80d-ac03599051ab,39655,97887,96,245.57
2026/10/10 21:57:38.000,GPU-e3ae17a2-8c3a-b59e-e80d-ac03599051ab,39655,97887,100,254.14
2026/10/10 21:57:38.526,GPU-e3ae17a2-8c3a-b59e-e80d-ac03599051ab,39655,97887,98,253.37
2026/10/10 21:57:39.056,GPU-e3ae17a2-8c3a-b59e-e80d-ac03599051ab,39655,97887,97,252.14
2026/10/10 21:57:39.585,GPU-e3ae17a2-8c3a-b59e-e80d-ac03599051ab,39655,97887,100,241.52
2026/10/10 21:57:40.116,GPU-e3ae17a2-8c3a-b59e-e80d-ac03599051ab,39655,97887,97,250.68
2026/10/10 21:57:40.655,GPU-e3ae17a2-8c3a-b59e-e80d-ac03599051ab,39655,97887,100,253.65
2026/10/10 21:57:41.185,GPU-e3ae17a2-8c3a-b59e-e80d-ac03599051ab,39655,97887,97,244.79
2026/10/10 21:57:41.715,GPU-e3ae17a2-8c3a-b59e-e80d-ac03599051ab,39655,97887,97,242.94
2026/10/10 21:57:42.244,GPU-e3ae17a2-8c3a-b59e-e80d-ac03599051ab,39655,97887,97,244.60
2026/10/10 21:57:42.776,GPU-e3ae17a2-8c3a-b59e-e80d-ac03599051ab,39655,97887,96,245.70
2026/10/10 21:57:43.305,GPU-e3ae17a2-8c3a-b59e-e80d-ac03599051ab,39655,97887,96,254.38
2026/10/10 21:57:43.839,GPU-e3ae17a2-8c3a-b59e-e80d-ac03599051ab,39655,97887,97,247.49
2026/10/10 21:57:44.367,GPU-e3ae17a2-8c3a-b59e-e80d-ac03599051ab,39655,97887,100,243.04
2026/10/10 21:57:44.896,GPU-e3ae17a2-8c3a-b59e-e80d-ac03599051ab,39655,97887,97,239.76
2026/10/10 21:57:45.426,GPU-e3ae17a2-8c3a-b59e-e80d-ac03599051ab,39655,97887,96,241.17
2026/10/10 21:57:45.961,GPU-e3ae17a2-8c3a-b59e-e80d-ac03599051ab,39655,97887,97,242.19
2026/10/10 21:57:46.488,GPU-e3ae17a2-8c3a-b59e-e80d-ac03599051ab,39655,97887,97,248.75
2026/10/10 21:57:47.017,GPU-e3ae17a2-8c3a-b59e-e80d-ac03599051ab,39655,97887,97,250.79
2026/10/10 21:57:47.545,GPU-e3ae17a2-8c3a-b59e-e80d-ac03599051ab,39655,97887,97,244.27
2026/10/10 21:57:48.077,GPU-e3ae17a2-8c3a-b59e-e80d-ac03599051ab,39655,97887,97,249.32
2026/10/10 21:57:48.607,GPU-e3ae17a2-8c3a-b59e-e80d-ac03599051ab,39655,97887,97,245.79
2026/10/10 21:57:49.137,GPU-e3ae17a2-8c3a-b59e-e80d-ac03599051ab,39655,97887,97,251.74
2026/10/10 21:57:49.670,GPU-e3ae17a2-8c3a-b59e-e80d-ac03599051ab,39655,97887,97,252.50
2026/10/10 21:57:50.198,GPU-e3ae17a2-8c3a-b59e-e80d-ac03599051ab,39655,97887,97,248.54
2026/10/10 21:57:50.725,GPU-e3ae17a2-8c3a-b59e-e80d-ac03599051ab,39655,97887,97,246.08
2026/10/10 21:57:51.256,GPU-e3ae17a2-8c3a-b59e-e80d-ac03599051ab,39655,97887,97,243.52
2026/10/10 21:57:51.785,GPU-e3ae17a2-8c3a-b59e-e80d-ac03599051ab,39655,97887,97,248.13
2026/10/10 21:57:52.313,GPU-e3ae17a2-8c3a-b59e-e80d-ac03599051ab,39655,97887,97,250.49
2026/10/10 21:57:52.841,GPU-e3ae17a2-8c3a-b59e-e80d-ac03599051ab,39655,97887,97,250.24
2026/10/10 21:57:53.368,GPU-e3ae17a2-8c3a-b59e-e80d-ac03599051ab,39655,97887,97,249.20
2026/10/10 21:57:53.897,GPU-e3ae17a2-8c3a-b59e-e80d-ac03599051ab,39655,97887,97,249.21
2026/10/10 21:57:54.425,GPU-e3ae17a2-8c3a-b59e-e80d-ac03599051ab,39655,97887,97,241.61
2026/10/10 21:57:54.954,GPU-e3ae17a2-8c3a-b59e-e80d-ac03599051ab,39655,97887,97,247.95
2026/10/10 21:57:55.495,GPU-e3ae17a2-8c3a-b59e-e80d-ac03599051ab,39655,97887,97,248.92
2026/10/10 21:57:56.024,GPU-e3ae17a2-8c3a-b59e-e80d-ac03599051ab,39655,97887,97,245.97
2026/10/10 21:57:56.555,GPU-e3ae17a2-8c3a-b59e-e80d-ac03599051ab,39655,97887,97,255.53
2026/10/10 21:57:57.084,GPU-e3ae17a2-8c3a-b59e-e80d-ac03599051ab,39655,97887,97,244.00
2026/10/10 21:57:57.616,GPU-e3ae17a2-8c3a-b59e-e80d-ac03599051ab,39655,97887,100,244.12
2026/10/10 21:57:58.144,GPU-e3ae17a2-8c3a-b59e-e80d-ac03599051ab,39655,97887,97,250.06
2026/10/10 21:57:58.674,GPU-e3ae17a2-8c3a-b59e-e80d-ac03599051ab,39655,97887,100,257.73
2026/10/10 21:57:59.203,GPU-e3ae17a2-8c3a-b59e-e80d-ac03599051ab,39655,97887,98,250.13
2026/10/10 21:57:59.731,GPU-e3ae17a2-8c3a-b59e-e80d-ac03599051ab,39655,97887,98,252.60
2026/10/10 21:58:00.260,GPU-e3ae17a2-8c3a-b59e-e80d-ac03599051ab,39655,97887,96,246.19
2026/10/10 21:58:00.788,GPU-e3ae17a2-8c3a-b59e-e80d-ac03599051ab,39655,97887,98,247.36
2026/10/10 21:58:01.318,GPU-e3ae17a2-8c3a-b59e-e80d-ac03599051ab,39655,97887,97,248.85
2026/10/10 21:58:01.852,GPU-e3ae17a2-8c3a-b59e-e80d-ac03599051ab,39655,97887,97,240.19
2026/10/10 21:58:02.379,GPU-e3ae17a2-8c3a-b59e-e80d-ac03599051ab,39655,97887,97,243.21
2026/10/10 21:58:02.907,GPU-e3ae17a2-8c3a-b59e-e80d-ac03599051ab,39655,97887,96,242.18
2026/10/10 21:58:03.436,GPU-e3ae17a2-8c3a-b59e-e80d-ac03599051ab,39655,97887,97,245.51
2026/10/10 21:58:03.969,GPU-e3ae17a2-8c3a-b59e-e80d-ac03599051ab,39655,97887,97,251.13
2026/10/10 21:58:04.497,GPU-e3ae17a2-8c3a-b59e-e80d-ac03599051ab,39655,97887,97,247.93
2026/10/10 21:58:05.025,GPU-e3ae17a2-8c3a-b59e-e80d-ac03599051ab,39655,97887,97,248.50
2026/10/10 21:58:05.555,GPU-e3ae17a2-8c3a-b59e-e80d-ac03599051ab,39655,97887,97,245.20
2026/10/10 21:58:06.083,GPU-e3ae17a2-8c3a-b59e-e80d-ac03599051ab,39655,97887,97,246.68
2026/10/10 21:58:06.611,GPU-e3ae17a2-8c3a-b59e-e80d-ac03599051ab,39655,97887,97,249.57
2026/10/10 21:58:07.139,GPU-e3ae17a2-8c3a-b59e-e80d-ac03599051ab,39655,97887,97,249.70
2026/10/10 21:58:07.668,GPU-e3ae17a2-8c3a-b59e-e80d-ac03599051ab,39655,97887,97,247.95
2026/10/10 21:58:08.197,GPU-e3ae17a2-8c3a-b59e-e80d-ac03599051ab,39655,97887,97,248.77
2026/10/10 21:58:08.727,GPU-e3ae17a2-8c3a-b59e-e80d-ac03599051ab,39655,97887,97,248.54
2026/10/10 21:58:09.255,GPU-e3ae17a2-8c3a-b59e-e80d-ac03599051ab,39655,97887,97,248.81
2026/10/10 21:58:09.787,GPU-e3ae17a2-8c3a-b59e-e80d-ac03599051ab,39655,97887,97,246.46
2026/10/10 21:58:10.315,GPU-e3ae17a2-8c3a-b59e-e80d-ac03599051ab,39655,97887,97,245.84
2026/10/10 21:58:10.842,GPU-e3ae17a2-8c3a-b59e-e80d-ac03599051ab,39655,97887,97,253.63
2026/10/10 21:58:11.371,GPU-e3ae17a2-8c3a-b59e-e80d-ac03599051ab,39655,97887,97,249.79
2026/10/10 21:58:11.902,GPU-e3ae17a2-8c3a-b59e-e80d-ac03599051ab,39655,97887,97,244.10
2026/10/10 21:58:12.431,GPU-e3ae17a2-8c3a-b59e-e80d-ac03599051ab,39655,97887,100,254.06
2026/10/10 21:58:12.960,GPU-e3ae17a2-8c3a-b59e-e80d-ac03599051ab,39655,97887,97,255.33
2026/10/10 21:58:13.488,GPU-e3ae17a2-8c3a-b59e-e80d-ac03599051ab,39655,97887,97,247.51
2026/10/10 21:58:14.017,GPU-e3ae17a2-8c3a-b59e-e80d-ac03599051ab,39655,97887,100,246.25
2026/10/10 21:58:14.543,GPU-e3ae17a2-8c3a-b59e-e80d-ac03599051ab,39655,97887,97,244.24
2026/10/10 21:58:15.071,GPU-e3ae17a2-8c3a-b59e-e80d-ac03599051ab,39655,97887,100,246.79
2026/10/10 21:58:15.600,GPU-e3ae17a2-8c3a-b59e-e80d-ac03599051ab,39655,97887,97,250.13
2026/10/10 21:58:16.129,GPU-e3ae17a2-8c3a-b59e-e80d-ac03599051ab,39655,97887,97,251.58
2026/10/10 21:58:16.656,GPU-e3ae17a2-8c3a-b59e-e80d-ac03599051ab,39655,97887,100,243.83
2026/10/10 21:58:17.184,GPU-e3ae17a2-8c3a-b59e-e80d-ac03599051ab,39655,97887,97,245.47
2026/10/10 21:58:17.718,GPU-e3ae17a2-8c3a-b59e-e80d-ac03599051ab,39655,97887,100,251.15
2026/10/10 21:58:18.247,GPU-e3ae17a2-8c3a-b59e-e80d-ac03599051ab,39655,97887,97,252.95
2026/10/10 21:58:18.777,GPU-e3ae17a2-8c3a-b59e-e80d-ac03599051ab,39655,97887,98,252.90
2026/10/10 21:58:19.306,GPU-e3ae17a2-8c3a-b59e-e80d-ac03599051ab,39655,97887,100,243.48
2026/10/10 21:58:19.837,GPU-e3ae17a2-8c3a-b59e-e80d-ac03599051ab,39655,97887,97,241.82
2026/10/10 21:58:20.365,GPU-e3ae17a2-8c3a-b59e-e80d-ac03599051ab,39655,97887,100,245.02
2026/10/10 21:58:20.893,GPU-e3ae17a2-8c3a-b59e-e80d-ac03599051ab,39655,97887,97,253.61
2026/10/10 21:58:21.424,GPU-e3ae17a2-8c3a-b59e-e80d-ac03599051ab,39655,97887,96,243.08
2026/10/10 21:58:21.955,GPU-e3ae17a2-8c3a-b59e-e80d-ac03599051ab,39655,97887,97,240.66
2026/10/10 21:58:22.483,GPU-e3ae17a2-8c3a-b59e-e80d-ac03599051ab,39655,97887,97,244.33
2026/10/10 21:58:23.011,GPU-e3ae17a2-8c3a-b59e-e80d-ac03599051ab,39655,97887,97,246.10
2026/10/10 21:58:23.542,GPU-e3ae17a2-8c3a-b59e-e80d-ac03599051ab,39655,97887,97,252.39
2026/10/10 21:58:24.071,GPU-e3ae17a2-8c3a-b59e-e80d-ac03599051ab,39655,97887,97,253.61
2026/10/10 21:58:24.605,GPU-e3ae17a2-8c3a-b59e-e80d-ac03599051ab,39655,97887,97,251.02
2026/10/10 21:58:25.134,GPU-e3ae17a2-8c3a-b59e-e80d-ac03599051ab,39655,97887,97,250.39
2026/10/10 21:58:25.665,GPU-e3ae17a2-8c3a-b59e-e80d-ac03599051ab,39655,97887,97,245.60
2026/10/10 21:58:26.195,GPU-e3ae17a2-8c3a-b59e-e80d-ac03599051ab,39655,97887,96,243.82
2026/10/10 21:58:26.723,GPU-e3ae17a2-8c3a-b59e-e80d-ac03599051ab,39655,97887,97,245.34
2026/10/10 21:58:27.251,GPU-e3ae17a2-8c3a-b59e-e80d-ac03599051ab,39655,97887,97,248.62
2026/10/10 21:58:27.806,GPU-e3ae17a2-8c3a-b59e-e80d-ac03599051ab,39655,97887,97,250.48
2026/10/10 21:58:28.335,GPU-e3ae17a2-8c3a-b59e-e80d-ac03599051ab,39655,97887,97,253.44
2026/10/10 21:58:28.862,GPU-e3ae17a2-8c3a-b59e-e80d-ac03599051ab,39655,97887,97,252.19
2026/10/10 21:58:29.396,GPU-e3ae17a2-8c3a-b59e-e80d-ac03599051ab,39655,97887,98,250.77
2026/10/10 21:58:29.923,GPU-e3ae17a2-8c3a-b59e-e80d-ac03599051ab,39655,97887,97,250.38
2026/10/10 21:58:30.452,GPU-e3ae17a2-8c3a-b59e-e80d-ac03599051ab,39655,97887,99,257.23
2026/10/10 21:58:30.981,GPU-e3ae17a2-8c3a-b59e-e80d-ac03599051ab,39655,97887,98,245.18
2026/10/10 21:58:31.511,GPU-e3ae17a2-8c3a-b59e-e80d-ac03599051ab,39655,97887,97,243.29
2026/10/10 21:58:32.039,GPU-e3ae17a2-8c3a-b59e-e80d-ac03599051ab,39655,97887,97,244.66
2026/10/10 21:58:32.569,GPU-e3ae17a2-8c3a-b59e-e80d-ac03599051ab,39655,97887,98,258.47
2026/10/10 21:58:33.099,GPU-e3ae17a2-8c3a-b59e-e80d-ac03599051ab,39655,97887,98,275.01
2026/10/10 21:58:33.629,GPU-e3ae17a2-8c3a-b59e-e80d-ac03599051ab,39655,97887,99,277.78
2026/10/10 21:58:34.161,GPU-e3ae17a2-8c3a-b59e-e80d-ac03599051ab,39655,97887,98,274.54
2026/10/10 21:58:34.690,GPU-e3ae17a2-8c3a-b59e-e80d-ac03599051ab,39655,97887,98,265.89
2026/10/10 21:58:35.219,GPU-e3ae17a2-8c3a-b59e-e80d-ac03599051ab,39655,97887,98,270.79
2026/10/10 21:58:35.749,GPU-e3ae17a2-8c3a-b59e-e80d-ac03599051ab,39655,97887,98,272.13
2026/10/10 21:58:36.278,GPU-e3ae17a2-8c3a-b59e-e80d-ac03599051ab,39655,97887,99,276.25
2026/10/10 21:58:36.811,GPU-e3ae17a2-8c3a-b59e-e80d-ac03599051ab,39655,97887,98,267.65
2026/10/10 21:58:37.340,GPU-e3ae17a2-8c3a-b59e-e80d-ac03599051ab,39655,97887,98,272.70
2026/10/10 21:58:37.872,GPU-e3ae17a2-8c3a-b59e-e80d-ac03599051ab,39655,97887,99,278.18
2026/10/10 21:58:38.403,GPU-e3ae17a2-8c3a-b59e-e80d-ac03599051ab,39655,97887,98,266.35
2026/10/10 21:58:38.932,GPU-e3ae17a2-8c3a-b59e-e80d-ac03599051ab,39655,97887,98,260.15
2026/10/10 21:58:39.462,GPU-e3ae17a2-8c3a-b59e-e80d-ac03599051ab,39655,97887,98,244.58
2026/10/10 21:58:39.992,GPU-e3ae17a2-8c3a-b59e-e80d-ac03599051ab,39655,97887,99,246.40
2026/10/10 21:58:40.527,GPU-e3ae17a2-8c3a-b59e-e80d-ac03599051ab,39655,97887,99,244.23
2026/10/10 21:58:41.055,GPU-e3ae17a2-8c3a-b59e-e80d-ac03599051ab,39655,97887,98,255.14
2026/10/10 21:58:41.583,GPU-e3ae17a2-8c3a-b59e-e80d-ac03599051ab,39655,97887,99,243.62
2026/10/10 21:58:42.116,GPU-e3ae17a2-8c3a-b59e-e80d-ac03599051ab,39655,97887,99,239.61
2026/10/10 21:58:42.646,GPU-e3ae17a2-8c3a-b59e-e80d-ac03599051ab,39655,97887,99,262.14
2026/10/10 21:58:43.176,GPU-e3ae17a2-8c3a-b59e-e80d-ac03599051ab,39655,97887,99,231.72
2026/10/10 21:58:43.705,GPU-e3ae17a2-8c3a-b59e-e80d-ac03599051ab,39655,97887,99,237.02
2026/10/10 21:58:44.235,GPU-e3ae17a2-8c3a-b59e-e80d-ac03599051ab,39655,97887,99,275.34
2026/10/10 21:58:44.766,GPU-e3ae17a2-8c3a-b59e-e80d-ac03599051ab,39655,97887,99,243.61
2026/10/10 21:58:45.295,GPU-e3ae17a2-8c3a-b59e-e80d-ac03599051ab,39655,97887,99,203.27
2026/10/10 21:58:45.828,GPU-e3ae17a2-8c3a-b59e-e80d-ac03599051ab,39655,97887,99,226.53
2026/10/10 21:58:46.357,GPU-e3ae17a2-8c3a-b59e-e80d-ac03599051ab,39655,97887,99,255.78
2026/10/10 21:58:46.886,GPU-e3ae17a2-8c3a-b59e-e80d-ac03599051ab,39655,97887,99,268.79
2026/10/10 21:58:47.415,GPU-e3ae17a2-8c3a-b59e-e80d-ac03599051ab,39655,97887,99,275.08
2026/10/10 21:58:47.944,GPU-e3ae17a2-8c3a-b59e-e80d-ac03599051ab,39655,97887,99,290.55
2026/10/10 21:58:48.475,GPU-e3ae17a2-8c3a-b59e-e80d-ac03599051ab,39655,97887,99,298.75
2026/10/10 21:58:49.004,GPU-e3ae17a2-8c3a-b59e-e80d-ac03599051ab,39655,97887,99,295.33
2026/10/10 21:58:49.535,GPU-e3ae17a2-8c3a-b59e-e80d-ac03599051ab,39655,97887,99,288.90
2026/10/10 21:58:50.069,GPU-e3ae17a2-8c3a-b59e-e80d-ac03599051ab,39655,97887,99,286.45
2026/10/10 21:58:50.614,GPU-e3ae17a2-8c3a-b59e-e80d-ac03599051ab,39655,97887,99,283.14
2026/10/10 21:58:51.142,GPU-e3ae17a2-8c3a-b59e-e80d-ac03599051ab,39655,97887,99,278.39
2026/10/10 21:58:51.671,GPU-e3ae17a2-8c3a-b59e-e80d-ac03599051ab,39655,97887,99,269.96
2026/10/10 21:58:52.199,GPU-e3ae17a2-8c3a-b59e-e80d-ac03599051ab,39655,97887,99,238.56
2026/10/10 21:58:52.734,GPU-e3ae17a2-8c3a-b59e-e80d-ac03599051ab,39655,97887,99,196.70
2026/10/10 21:58:53.264,GPU-e3ae17a2-8c3a-b59e-e80d-ac03599051ab,39655,97887,99,196.45
2026/10/10 21:58:53.792,GPU-e3ae17a2-8c3a-b59e-e80d-ac03599051ab,39655,97887,99,228.24
2026/10/10 21:58:54.320,GPU-e3ae17a2-8c3a-b59e-e80d-ac03599051ab,39655,97887,99,286.56
2026/10/10 21:58:54.849,GPU-e3ae17a2-8c3a-b59e-e80d-ac03599051ab,39655,97887,99,294.15
2026/10/10 21:58:55.377,GPU-e3ae17a2-8c3a-b59e-e80d-ac03599051ab,39655,97887,99,233.77
2026/10/10 21:58:55.905,GPU-e3ae17a2-8c3a-b59e-e80d-ac03599051ab,39655,97887,99,205.94
2026/10/10 21:58:56.435,GPU-e3ae17a2-8c3a-b59e-e80d-ac03599051ab,39655,97887,100,243.99
2026/10/10 21:58:56.964,GPU-e3ae17a2-8c3a-b59e-e80d-ac03599051ab,39655,97887,99,278.47
2026/10/10 21:58:57.492,GPU-e3ae17a2-8c3a-b59e-e80d-ac03599051ab,39655,97887,99,226.61
2026/10/10 21:58:58.021,GPU-e3ae17a2-8c3a-b59e-e80d-ac03599051ab,39655,97887,99,228.35
2026/10/10 21:58:58.550,GPU-e3ae17a2-8c3a-b59e-e80d-ac03599051ab,39655,97887,99,277.89
2026/10/10 21:58:59.080,GPU-e3ae17a2-8c3a-b59e-e80d-ac03599051ab,39655,97887,99,238.55
2026/10/10 21:58:59.609,GPU-e3ae17a2-8c3a-b59e-e80d-ac03599051ab,39655,97887,99,219.57
2026/10/10 21:59:00.137,GPU-e3ae17a2-8c3a-b59e-e80d-ac03599051ab,39655,97887,99,265.19
2026/10/10 21:59:00.666,GPU-e3ae17a2-8c3a-b59e-e80d-ac03599051ab,39655,97887,99,248.50
2026/10/10 21:59:01.195,GPU-e3ae17a2-8c3a-b59e-e80d-ac03599051ab,39655,97887,100,241.73
2026/10/10 21:59:01.725,GPU-e3ae17a2-8c3a-b59e-e80d-ac03599051ab,39655,97887,99,262.29
2026/10/10 21:59:02.260,GPU-e3ae17a2-8c3a-b59e-e80d-ac03599051ab,39655,97887,100,237.15
2026/10/10 21:59:02.823,GPU-e3ae17a2-8c3a-b59e-e80d-ac03599051ab,39655,97887,99,262.31
2026/10/10 21:59:03.353,GPU-e3ae17a2-8c3a-b59e-e80d-ac03599051ab,39655,97887,99,247.96
2026/10/10 21:59:03.888,GPU-e3ae17a2-8c3a-b59e-e80d-ac03599051ab,39655,97887,99,262.06
2026/10/10 21:59:04.417,GPU-e3ae17a2-8c3a-b59e-e80d-ac03599051ab,39655,97887,99,246.92
2026/10/10 21:59:04.944,GPU-e3ae17a2-8c3a-b59e-e80d-ac03599051ab,39655,97887,99,252.72
2026/10/10 21:59:05.473,GPU-e3ae17a2-8c3a-b59e-e80d-ac03599051ab,39655,97887,99,247.96
2026/10/10 21:59:06.004,GPU-e3ae17a2-8c3a-b59e-e80d-ac03599051ab,39655,97887,99,250.12
2026/10/10 21:59:06.534,GPU-e3ae17a2-8c3a-b59e-e80d-ac03599051ab,39655,97887,99,254.09
2026/10/10 21:59:07.064,GPU-e3ae17a2-8c3a-b59e-e80d-ac03599051ab,39655,97887,99,247.34
2026/10/10 21:59:07.593,GPU-e3ae17a2-8c3a-b59e-e80d-ac03599051ab,39655,97887,99,250.42
2026/10/10 21:59:08.123,GPU-e3ae17a2-8c3a-b59e-e80d-ac03599051ab,39655,97887,99,250.20
2026/10/10 21:59:08.652,GPU-e3ae17a2-8c3a-b59e-e80d-ac03599051ab,39655,97887,100,257.04
2026/10/10 21:59:09.181,GPU-e3ae17a2-8c3a-b59e-e80d-ac03599051ab,39655,97887,99,245.18
2026/10/10 21:59:09.709,GPU-e3ae17a2-8c3a-b59e-e80d-ac03599051ab,39655,97887,99,263.65
2026/10/10 21:59:10.238,GPU-e3ae17a2-8c3a-b59e-e80d-ac03599051ab,39655,97887,99,240.11
2026/10/10 21:59:10.765,GPU-e3ae17a2-8c3a-b59e-e80d-ac03599051ab,39655,97887,99,243.22
2026/10/10 21:59:11.295,GPU-e3ae17a2-8c3a-b59e-e80d-ac03599051ab,39655,97887,100,263.92
2026/10/10 21:59:11.824,GPU-e3ae17a2-8c3a-b59e-e80d-ac03599051ab,39655,97887,99,241.58
2026/10/10 21:59:12.353,GPU-e3ae17a2-8c3a-b59e-e80d-ac03599051ab,39655,97887,99,242.01
2026/10/10 21:59:12.882,GPU-e3ae17a2-8c3a-b59e-e80d-ac03599051ab,39655,97887,100,264.13
2026/10/10 21:59:13.416,GPU-e3ae17a2-8c3a-b59e-e80d-ac03599051ab,39655,97887,99,235.49
2026/10/10 21:59:13.943,GPU-e3ae17a2-8c3a-b59e-e80d-ac03599051ab,39655,97887,99,248.44
2026/10/10 21:59:14.471,GPU-e3ae17a2-8c3a-b59e-e80d-ac03599051ab,39655,97887,99,268.73
2026/10/10 21:59:15.001,GPU-e3ae17a2-8c3a-b59e-e80d-ac03599051ab,39655,97887,99,239.54
2026/10/10 21:59:15.530,GPU-e3ae17a2-8c3a-b59e-e80d-ac03599051ab,39655,97887,98,236.47
2026/10/10 21:59:16.063,GPU-e3ae17a2-8c3a-b59e-e80d-ac03599051ab,39655,97887,99,260.97
2026/10/10 21:59:16.596,GPU-e3ae17a2-8c3a-b59e-e80d-ac03599051ab,39655,97887,99,258.31
2026/10/10 21:59:17.126,GPU-e3ae17a2-8c3a-b59e-e80d-ac03599051ab,39655,97887,99,236.85
2026/10/10 21:59:17.656,GPU-e3ae17a2-8c3a-b59e-e80d-ac03599051ab,39655,97887,99,241.05
2026/10/10 21:59:18.187,GPU-e3ae17a2-8c3a-b59e-e80d-ac03599051ab,39655,97887,99,260.39
2026/10/10 21:59:18.718,GPU-e3ae17a2-8c3a-b59e-e80d-ac03599051ab,39655,97887,100,259.27
2026/10/10 21:59:19.247,GPU-e3ae17a2-8c3a-b59e-e80d-ac03599051ab,39655,97887,99,240.99
2026/10/10 21:59:19.824,GPU-e3ae17a2-8c3a-b59e-e80d-ac03599051ab,39655,97887,99,234.11
2026/10/10 21:59:20.355,GPU-e3ae17a2-8c3a-b59e-e80d-ac03599051ab,39655,97887,99,250.27
2026/10/10 21:59:20.888,GPU-e3ae17a2-8c3a-b59e-e80d-ac03599051ab,39655,97887,99,254.73
2026/10/10 21:59:21.420,GPU-e3ae17a2-8c3a-b59e-e80d-ac03599051ab,39655,97887,100,262.92
2026/10/10 21:59:21.949,GPU-e3ae17a2-8c3a-b59e-e80d-ac03599051ab,39655,97887,100,252.21
2026/10/10 21:59:22.480,GPU-e3ae17a2-8c3a-b59e-e80d-ac03599051ab,39655,97887,99,246.22
2026/10/10 21:59:23.012,GPU-e3ae17a2-8c3a-b59e-e80d-ac03599051ab,39655,97887,98,235.52
2026/10/10 21:59:23.543,GPU-e3ae17a2-8c3a-b59e-e80d-ac03599051ab,39655,97887,99,249.19
2026/10/10 21:59:24.075,GPU-e3ae17a2-8c3a-b59e-e80d-ac03599051ab,39655,97887,99,253.33
2026/10/10 21:59:24.604,GPU-e3ae17a2-8c3a-b59e-e80d-ac03599051ab,39655,97887,100,259.07
2026/10/10 21:59:25.139,GPU-e3ae17a2-8c3a-b59e-e80d-ac03599051ab,39655,97887,100,258.10
2026/10/10 21:59:25.674,GPU-e3ae17a2-8c3a-b59e-e80d-ac03599051ab,39655,97887,100,258.24
2026/10/10 21:59:26.206,GPU-e3ae17a2-8c3a-b59e-e80d-ac03599051ab,39655,97887,99,254.19
2026/10/10 21:59:26.735,GPU-e3ae17a2-8c3a-b59e-e80d-ac03599051ab,39655,97887,99,237.49
2026/10/10 21:59:27.282,GPU-e3ae17a2-8c3a-b59e-e80d-ac03599051ab,39655,97887,99,235.09
2026/10/10 21:59:27.828,GPU-e3ae17a2-8c3a-b59e-e80d-ac03599051ab,39655,97887,99,251.59
2026/10/10 21:59:28.368,GPU-e3ae17a2-8c3a-b59e-e80d-ac03599051ab,39655,97887,99,252.80
2026/10/10 21:59:28.903,GPU-e3ae17a2-8c3a-b59e-e80d-ac03599051ab,39655,97887,99,259.27
2026/10/10 21:59:29.443,GPU-e3ae17a2-8c3a-b59e-e80d-ac03599051ab,39655,97887,99,256.53
2026/10/10 21:59:29.975,GPU-e3ae17a2-8c3a-b59e-e80d-ac03599051ab,39655,97887,100,256.55
2026/10/10 21:59:30.506,GPU-e3ae17a2-8c3a-b59e-e80d-ac03599051ab,39655,97887,100,259.49
2026/10/10 21:59:31.037,GPU-e3ae17a2-8c3a-b59e-e80d-ac03599051ab,39655,97887,99,249.64
2026/10/10 21:59:31.568,GPU-e3ae17a2-8c3a-b59e-e80d-ac03599051ab,39655,97887,97,241.51
2026/10/10 21:59:32.101,GPU-e3ae17a2-8c3a-b59e-e80d-ac03599051ab,39655,97887,100,243.82
2026/10/10 21:59:32.631,GPU-e3ae17a2-8c3a-b59e-e80d-ac03599051ab,39655,97887,97,243.26
2026/10/10 21:59:33.158,GPU-e3ae17a2-8c3a-b59e-e80d-ac03599051ab,39655,97887,99,245.44
2026/10/10 21:59:33.685,GPU-e3ae17a2-8c3a-b59e-e80d-ac03599051ab,39655,97887,100,249.70
2026/10/10 21:59:34.216,GPU-e3ae17a2-8c3a-b59e-e80d-ac03599051ab,39655,97887,97,246.31
2026/10/10 21:59:34.743,GPU-e3ae17a2-8c3a-b59e-e80d-ac03599051ab,39655,97887,100,253.42
2026/10/10 21:59:35.270,GPU-e3ae17a2-8c3a-b59e-e80d-ac03599051ab,39655,97887,98,255.45
2026/10/10 21:59:35.800,GPU-e3ae17a2-8c3a-b59e-e80d-ac03599051ab,39655,97887,97,247.24
2026/10/10 21:59:36.326,GPU-e3ae17a2-8c3a-b59e-e80d-ac03599051ab,39655,97887,100,244.71
2026/10/10 21:59:36.854,GPU-e3ae17a2-8c3a-b59e-e80d-ac03599051ab,39655,97887,97,254.21
2026/10/10 21:59:37.383,GPU-e3ae17a2-8c3a-b59e-e80d-ac03599051ab,39655,97887,97,251.38
2026/10/10 21:59:37.913,GPU-e3ae17a2-8c3a-b59e-e80d-ac03599051ab,39655,97887,100,244.40
2026/10/10 21:59:38.440,GPU-e3ae17a2-8c3a-b59e-e80d-ac03599051ab,39655,97887,97,240.27
2026/10/10 21:59:38.968,GPU-e3ae17a2-8c3a-b59e-e80d-ac03599051ab,39655,97887,100,245.53
2026/10/10 21:59:39.498,GPU-e3ae17a2-8c3a-b59e-e80d-ac03599051ab,39655,97887,97,251.48
2026/10/10 21:59:40.026,GPU-e3ae17a2-8c3a-b59e-e80d-ac03599051ab,39655,97887,100,253.10
2026/10/10 21:59:40.578,GPU-e3ae17a2-8c3a-b59e-e80d-ac03599051ab,39655,97887,99,248.26
2026/10/10 21:59:41.118,GPU-e3ae17a2-8c3a-b59e-e80d-ac03599051ab,39655,97887,97,244.85
2026/10/10 21:59:41.644,GPU-e3ae17a2-8c3a-b59e-e80d-ac03599051ab,39655,97887,100,245.62
2026/10/10 21:59:42.172,GPU-e3ae17a2-8c3a-b59e-e80d-ac03599051ab,39655,97887,97,243.46
2026/10/10 21:59:42.699,GPU-e3ae17a2-8c3a-b59e-e80d-ac03599051ab,39655,97887,97,247.96
2026/10/10 21:59:43.228,GPU-e3ae17a2-8c3a-b59e-e80d-ac03599051ab,39655,97887,97,248.19
2026/10/10 21:59:43.757,GPU-e3ae17a2-8c3a-b59e-e80d-ac03599051ab,39655,97887,97,250.94
2026/10/10 21:59:44.285,GPU-e3ae17a2-8c3a-b59e-e80d-ac03599051ab,39655,97887,99,240.49
2026/10/10 21:59:44.813,GPU-e3ae17a2-8c3a-b59e-e80d-ac03599051ab,39655,97887,97,244.13
2026/10/10 21:59:45.345,GPU-e3ae17a2-8c3a-b59e-e80d-ac03599051ab,39655,97887,97,249.10
2026/10/10 21:59:45.874,GPU-e3ae17a2-8c3a-b59e-e80d-ac03599051ab,39655,97887,97,253.54
2026/10/10 21:59:46.402,GPU-e3ae17a2-8c3a-b59e-e80d-ac03599051ab,39655,97887,97,253.41
2026/10/10 21:59:46.930,GPU-e3ae17a2-8c3a-b59e-e80d-ac03599051ab,39655,97887,97,246.99
2026/10/10 21:59:47.462,GPU-e3ae17a2-8c3a-b59e-e80d-ac03599051ab,39655,97887,97,249.27
2026/10/10 21:59:47.992,GPU-e3ae17a2-8c3a-b59e-e80d-ac03599051ab,39655,97887,97,247.40
2026/10/10 21:59:48.520,GPU-e3ae17a2-8c3a-b59e-e80d-ac03599051ab,39655,97887,97,244.16
2026/10/10 21:59:49.048,GPU-e3ae17a2-8c3a-b59e-e80d-ac03599051ab,39655,97887,97,245.29
2026/10/10 21:59:49.581,GPU-e3ae17a2-8c3a-b59e-e80d-ac03599051ab,39655,97887,97,249.29
2026/10/10 21:59:50.108,GPU-e3ae17a2-8c3a-b59e-e80d-ac03599051ab,39655,97887,97,246.65
2026/10/10 21:59:50.636,GPU-e3ae17a2-8c3a-b59e-e80d-ac03599051ab,39655,97887,97,252.34
2026/10/10 21:59:51.166,GPU-e3ae17a2-8c3a-b59e-e80d-ac03599051ab,39655,97887,97,249.12
2026/10/10 21:59:51.702,GPU-e3ae17a2-8c3a-b59e-e80d-ac03599051ab,39655,97887,100,246.71
2026/10/10 21:59:52.231,GPU-e3ae17a2-8c3a-b59e-e80d-ac03599051ab,39655,97887,97,257.70
2026/10/10 21:59:52.760,GPU-e3ae17a2-8c3a-b59e-e80d-ac03599051ab,39655,97887,98,259.27
2026/10/10 21:59:53.289,GPU-e3ae17a2-8c3a-b59e-e80d-ac03599051ab,39655,97887,97,248.21
2026/10/10 21:59:53.818,GPU-e3ae17a2-8c3a-b59e-e80d-ac03599051ab,39655,97887,97,246.85
2026/10/10 21:59:54.346,GPU-e3ae17a2-8c3a-b59e-e80d-ac03599051ab,39655,97887,100,243.40
2026/10/10 21:59:54.876,GPU-e3ae17a2-8c3a-b59e-e80d-ac03599051ab,39655,97887,97,254.40
2026/10/10 21:59:55.406,GPU-e3ae17a2-8c3a-b59e-e80d-ac03599051ab,39655,97887,100,253.91
2026/10/10 21:59:55.946,GPU-e3ae17a2-8c3a-b59e-e80d-ac03599051ab,39655,97887,98,254.09
2026/10/10 21:59:56.475,GPU-e3ae17a2-8c3a-b59e-e80d-ac03599051ab,39655,97887,95,252.07
2026/10/10 21:59:57.008,GPU-e3ae17a2-8c3a-b59e-e80d-ac03599051ab,39655,97887,100,247.15
2026/10/10 21:59:57.537,GPU-e3ae17a2-8c3a-b59e-e80d-ac03599051ab,39655,97887,96,247.12
2026/10/10 21:59:58.064,GPU-e3ae17a2-8c3a-b59e-e80d-ac03599051ab,39655,97887,100,245.03
2026/10/10 21:59:58.593,GPU-e3ae17a2-8c3a-b59e-e80d-ac03599051ab,39655,97887,97,252.59
2026/10/10 21:59:59.122,GPU-e3ae17a2-8c3a-b59e-e80d-ac03599051ab,39655,97887,97,254.02
2026/10/10 21:59:59.651,GPU-e3ae17a2-8c3a-b59e-e80d-ac03599051ab,39655,97887,97,246.77
2026/10/10 22:00:00.178,GPU-e3ae17a2-8c3a-b59e-e80d-ac03599051ab,39655,97887,97,247.71
2026/10/10 22:00:00.706,GPU-e3ae17a2-8c3a-b59e-e80d-ac03599051ab,39655,97887,96,243.21
2026/10/10 22:00:01.236,GPU-e3ae17a2-8c3a-b59e-e80d-ac03599051ab,39655,97887,96,237.74
2026/10/10 22:00:01.765,GPU-e3ae17a2-8c3a-b59e-e80d-ac03599051ab,39655,97887,96,245.12
2026/10/10 22:00:02.301,GPU-e3ae17a2-8c3a-b59e-e80d-ac03599051ab,39655,97887,97,245.41
2026/10/10 22:00:02.829,GPU-e3ae17a2-8c3a-b59e-e80d-ac03599051ab,39655,97887,97,248.37
2026/10/10 22:00:03.362,GPU-e3ae17a2-8c3a-b59e-e80d-ac03599051ab,39655,97887,97,252.72
2026/10/10 22:00:03.891,GPU-e3ae17a2-8c3a-b59e-e80d-ac03599051ab,39655,97887,97,245.17
2026/10/10 22:00:04.420,GPU-e3ae17a2-8c3a-b59e-e80d-ac03599051ab,39655,97887,96,243.80
2026/10/10 22:00:04.949,GPU-e3ae17a2-8c3a-b59e-e80d-ac03599051ab,39655,97887,97,236.43
2026/10/10 22:00:05.480,GPU-e3ae17a2-8c3a-b59e-e80d-ac03599051ab,39655,97887,97,240.41
2026/10/10 22:00:06.012,GPU-e3ae17a2-8c3a-b59e-e80d-ac03599051ab,39655,97887,97,244.76
2026/10/10 22:00:06.539,GPU-e3ae17a2-8c3a-b59e-e80d-ac03599051ab,39655,97887,97,243.05
2026/10/10 22:00:07.068,GPU-e3ae17a2-8c3a-b59e-e80d-ac03599051ab,39655,97887,97,244.67
2026/10/10 22:00:07.599,GPU-e3ae17a2-8c3a-b59e-e80d-ac03599051ab,39655,97887,96,246.57
2026/10/10 22:00:08.129,GPU-e3ae17a2-8c3a-b59e-e80d-ac03599051ab,39655,97887,100,249.79
2026/10/10 22:00:08.658,GPU-e3ae17a2-8c3a-b59e-e80d-ac03599051ab,39655,97887,95,258.70
2026/10/10 22:00:09.186,GPU-e3ae17a2-8c3a-b59e-e80d-ac03599051ab,39655,97887,99,258.81
2026/10/10 22:00:09.718,GPU-e3ae17a2-8c3a-b59e-e80d-ac03599051ab,39655,97887,97,255.01
2026/10/10 22:00:10.246,GPU-e3ae17a2-8c3a-b59e-e80d-ac03599051ab,39655,97887,97,250.79
2026/10/10 22:00:10.776,GPU-e3ae17a2-8c3a-b59e-e80d-ac03599051ab,39655,97887,96,248.31
2026/10/10 22:00:11.328,GPU-e3ae17a2-8c3a-b59e-e80d-ac03599051ab,39655,97887,96,242.85
2026/10/10 22:00:11.856,GPU-e3ae17a2-8c3a-b59e-e80d-ac03599051ab,39655,97887,100,248.71
2026/10/10 22:00:12.383,GPU-e3ae17a2-8c3a-b59e-e80d-ac03599051ab,39655,97887,97,245.85
2026/10/10 22:00:12.912,GPU-e3ae17a2-8c3a-b59e-e80d-ac03599051ab,39655,97887,100,252.01
2026/10/10 22:00:13.446,GPU-e3ae17a2-8c3a-b59e-e80d-ac03599051ab,39655,97887,96,253.23
2026/10/10 22:00:13.974,GPU-e3ae17a2-8c3a-b59e-e80d-ac03599051ab,39655,97887,97,244.77
2026/10/10 22:00:14.502,GPU-e3ae17a2-8c3a-b59e-e80d-ac03599051ab,39655,97887,97,243.57
2026/10/10 22:00:15.032,GPU-e3ae17a2-8c3a-b59e-e80d-ac03599051ab,39655,97887,97,250.68
2026/10/10 22:00:15.560,GPU-e3ae17a2-8c3a-b59e-e80d-ac03599051ab,39655,97887,97,245.42
2026/10/10 22:00:16.091,GPU-e3ae17a2-8c3a-b59e-e80d-ac03599051ab,39655,97887,95,243.23
2026/10/10 22:00:16.618,GPU-e3ae17a2-8c3a-b59e-e80d-ac03599051ab,39655,97887,97,247.33
2026/10/10 22:00:17.146,GPU-e3ae17a2-8c3a-b59e-e80d-ac03599051ab,39655,97887,97,246.42
2026/10/10 22:00:17.676,GPU-e3ae17a2-8c3a-b59e-e80d-ac03599051ab,39655,97887,97,247.59
2026/10/10 22:00:18.205,GPU-e3ae17a2-8c3a-b59e-e80d-ac03599051ab,39655,97887,97,248.99
2026/10/10 22:00:18.736,GPU-e3ae17a2-8c3a-b59e-e80d-ac03599051ab,39655,97887,97,254.23
2026/10/10 22:00:19.265,GPU-e3ae17a2-8c3a-b59e-e80d-ac03599051ab,39655,97887,97,250.78
2026/10/10 22:00:19.797,GPU-e3ae17a2-8c3a-b59e-e80d-ac03599051ab,39655,97887,96,249.62
2026/10/10 22:00:20.326,GPU-e3ae17a2-8c3a-b59e-e80d-ac03599051ab,39655,97887,100,249.12
2026/10/10 22:00:20.855,GPU-e3ae17a2-8c3a-b59e-e80d-ac03599051ab,39655,97887,97,248.24
2026/10/10 22:00:21.385,GPU-e3ae17a2-8c3a-b59e-e80d-ac03599051ab,39655,97887,97,246.07
2026/10/10 22:00:21.915,GPU-e3ae17a2-8c3a-b59e-e80d-ac03599051ab,39655,97887,97,254.50
2026/10/10 22:00:22.445,GPU-e3ae17a2-8c3a-b59e-e80d-ac03599051ab,39655,97887,97,244.55
2026/10/10 22:00:22.975,GPU-e3ae17a2-8c3a-b59e-e80d-ac03599051ab,39655,97887,100,251.40
2026/10/10 22:00:23.503,GPU-e3ae17a2-8c3a-b59e-e80d-ac03599051ab,39655,97887,97,248.80
2026/10/10 22:00:24.032,GPU-e3ae17a2-8c3a-b59e-e80d-ac03599051ab,39655,97887,100,252.59
2026/10/10 22:00:24.561,GPU-e3ae17a2-8c3a-b59e-e80d-ac03599051ab,39655,97887,97,251.69
2026/10/10 22:00:25.088,GPU-e3ae17a2-8c3a-b59e-e80d-ac03599051ab,39655,97887,98,254.44
2026/10/10 22:00:25.617,GPU-e3ae17a2-8c3a-b59e-e80d-ac03599051ab,39655,97887,98,253.57
2026/10/10 22:00:26.158,GPU-e3ae17a2-8c3a-b59e-e80d-ac03599051ab,39655,97887,97,248.43
2026/10/10 22:00:26.685,GPU-e3ae17a2-8c3a-b59e-e80d-ac03599051ab,39655,97887,100,247.88
2026/10/10 22:00:27.213,GPU-e3ae17a2-8c3a-b59e-e80d-ac03599051ab,39655,97887,96,247.03
2026/10/10 22:00:27.753,GPU-e3ae17a2-8c3a-b59e-e80d-ac03599051ab,39655,97887,97,250.02
2026/10/10 22:00:28.282,GPU-e3ae17a2-8c3a-b59e-e80d-ac03599051ab,39655,97887,97,254.96
2026/10/10 22:00:28.811,GPU-e3ae17a2-8c3a-b59e-e80d-ac03599051ab,39655,97887,97,254.64
2026/10/10 22:00:29.340,GPU-e3ae17a2-8c3a-b59e-e80d-ac03599051ab,39655,97887,97,245.31
2026/10/10 22:00:29.868,GPU-e3ae17a2-8c3a-b59e-e80d-ac03599051ab,39655,97887,97,243.46
2026/10/10 22:00:30.398,GPU-e3ae17a2-8c3a-b59e-e80d-ac03599051ab,39655,97887,97,241.07
2026/10/10 22:00:30.927,GPU-e3ae17a2-8c3a-b59e-e80d-ac03599051ab,39655,97887,97,245.14
2026/10/10 22:00:31.457,GPU-e3ae17a2-8c3a-b59e-e80d-ac03599051ab,39655,97887,96,246.41
2026/10/10 22:00:31.985,GPU-e3ae17a2-8c3a-b59e-e80d-ac03599051ab,39655,97887,97,246.00
2026/10/10 22:00:32.515,GPU-e3ae17a2-8c3a-b59e-e80d-ac03599051ab,39655,97887,97,248.35
2026/10/10 22:00:33.042,GPU-e3ae17a2-8c3a-b59e-e80d-ac03599051ab,39655,97887,97,251.17
2026/10/10 22:00:33.573,GPU-e3ae17a2-8c3a-b59e-e80d-ac03599051ab,39655,97887,98,251.20
2026/10/10 22:00:34.100,GPU-e3ae17a2-8c3a-b59e-e80d-ac03599051ab,39655,97887,97,246.76
2026/10/10 22:00:34.627,GPU-e3ae17a2-8c3a-b59e-e80d-ac03599051ab,39655,97887,97,245.29
2026/10/10 22:00:35.154,GPU-e3ae17a2-8c3a-b59e-e80d-ac03599051ab,39655,97887,97,247.93
2026/10/10 22:00:35.685,GPU-e3ae17a2-8c3a-b59e-e80d-ac03599051ab,39655,97887,97,249.26
2026/10/10 22:00:36.216,GPU-e3ae17a2-8c3a-b59e-e80d-ac03599051ab,39655,97887,97,247.67
2026/10/10 22:00:36.742,GPU-e3ae17a2-8c3a-b59e-e80d-ac03599051ab,39655,97887,98,250.16
2026/10/10 22:00:37.284,GPU-e3ae17a2-8c3a-b59e-e80d-ac03599051ab,39655,97887,97,256.97
2026/10/10 22:00:37.814,GPU-e3ae17a2-8c3a-b59e-e80d-ac03599051ab,39655,97887,97,247.12
2026/10/10 22:00:38.343,GPU-e3ae17a2-8c3a-b59e-e80d-ac03599051ab,39655,97887,100,247.05
2026/10/10 22:00:38.872,GPU-e3ae17a2-8c3a-b59e-e80d-ac03599051ab,39655,97887,96,250.10
2026/10/10 22:00:39.401,GPU-e3ae17a2-8c3a-b59e-e80d-ac03599051ab,39655,97887,100,253.56
2026/10/10 22:00:39.930,GPU-e3ae17a2-8c3a-b59e-e80d-ac03599051ab,39655,97887,97,248.65
2026/10/10 22:00:40.457,GPU-e3ae17a2-8c3a-b59e-e80d-ac03599051ab,39655,97887,98,253.17
2026/10/10 22:00:40.990,GPU-e3ae17a2-8c3a-b59e-e80d-ac03599051ab,39655,97887,98,247.98
2026/10/10 22:00:41.519,GPU-e3ae17a2-8c3a-b59e-e80d-ac03599051ab,39655,97887,97,247.31
2026/10/10 22:00:42.050,GPU-e3ae17a2-8c3a-b59e-e80d-ac03599051ab,39655,97887,100,250.87
2026/10/10 22:00:42.576,GPU-e3ae17a2-8c3a-b59e-e80d-ac03599051ab,39655,97887,96,246.56
2026/10/10 22:00:43.104,GPU-e3ae17a2-8c3a-b59e-e80d-ac03599051ab,39655,97887,100,246.44
2026/10/10 22:00:43.635,GPU-e3ae17a2-8c3a-b59e-e80d-ac03599051ab,39655,97887,96,250.23
2026/10/10 22:00:44.163,GPU-e3ae17a2-8c3a-b59e-e80d-ac03599051ab,39655,97887,97,250.75
2026/10/10 22:00:44.689,GPU-e3ae17a2-8c3a-b59e-e80d-ac03599051ab,39655,97887,97,246.40
2026/10/10 22:00:45.215,GPU-e3ae17a2-8c3a-b59e-e80d-ac03599051ab,39655,97887,97,247.08
2026/10/10 22:00:45.742,GPU-e3ae17a2-8c3a-b59e-e80d-ac03599051ab,39655,97887,97,246.34
2026/10/10 22:00:46.272,GPU-e3ae17a2-8c3a-b59e-e80d-ac03599051ab,39655,97887,97,245.05
2026/10/10 22:00:46.799,GPU-e3ae17a2-8c3a-b59e-e80d-ac03599051ab,39655,97887,97,246.71
2026/10/10 22:00:47.327,GPU-e3ae17a2-8c3a-b59e-e80d-ac03599051ab,39655,97887,97,240.14
2026/10/10 22:00:47.864,GPU-e3ae17a2-8c3a-b59e-e80d-ac03599051ab,39655,97887,97,244.97
2026/10/10 22:00:48.390,GPU-e3ae17a2-8c3a-b59e-e80d-ac03599051ab,39655,97887,97,248.16
2026/10/10 22:00:48.917,GPU-e3ae17a2-8c3a-b59e-e80d-ac03599051ab,39655,97887,97,251.26
2026/10/10 22:00:49.446,GPU-e3ae17a2-8c3a-b59e-e80d-ac03599051ab,39655,97887,97,246.30
2026/10/10 22:00:49.980,GPU-e3ae17a2-8c3a-b59e-e80d-ac03599051ab,39655,97887,97,246.78
2026/10/10 22:00:50.505,GPU-e3ae17a2-8c3a-b59e-e80d-ac03599051ab,39655,97887,97,249.69
2026/10/10 22:00:51.034,GPU-e3ae17a2-8c3a-b59e-e80d-ac03599051ab,39655,97887,97,249.09
2026/10/10 22:00:51.562,GPU-e3ae17a2-8c3a-b59e-e80d-ac03599051ab,39655,97887,97,251.21
2026/10/10 22:00:52.093,GPU-e3ae17a2-8c3a-b59e-e80d-ac03599051ab,39655,97887,97,251.44
2026/10/10 22:00:52.621,GPU-e3ae17a2-8c3a-b59e-e80d-ac03599051ab,39655,97887,97,250.76
2026/10/10 22:00:53.162,GPU-e3ae17a2-8c3a-b59e-e80d-ac03599051ab,39655,97887,96,247.35
2026/10/10 22:00:53.705,GPU-e3ae17a2-8c3a-b59e-e80d-ac03599051ab,39655,97887,97,245.87
2026/10/10 22:00:54.238,GPU-e3ae17a2-8c3a-b59e-e80d-ac03599051ab,39655,97887,96,253.14
2026/10/10 22:00:54.767,GPU-e3ae17a2-8c3a-b59e-e80d-ac03599051ab,39655,97887,100,255.10
2026/10/10 22:00:55.304,GPU-e3ae17a2-8c3a-b59e-e80d-ac03599051ab,39655,97887,96,251.13
2026/10/10 22:00:55.835,GPU-e3ae17a2-8c3a-b59e-e80d-ac03599051ab,39655,97887,100,244.19
2026/10/10 22:00:56.363,GPU-e3ae17a2-8c3a-b59e-e80d-ac03599051ab,39655,97887,96,251.45
2026/10/10 22:00:56.892,GPU-e3ae17a2-8c3a-b59e-e80d-ac03599051ab,39655,97887,100,252.54
2026/10/10 22:00:57.425,GPU-e3ae17a2-8c3a-b59e-e80d-ac03599051ab,39655,97887,97,250.81
2026/10/10 22:00:57.956,GPU-e3ae17a2-8c3a-b59e-e80d-ac03599051ab,39655,97887,97,245.13
2026/10/10 22:00:58.484,GPU-e3ae17a2-8c3a-b59e-e80d-ac03599051ab,39655,97887,99,245.74
2026/10/10 22:00:59.011,GPU-e3ae17a2-8c3a-b59e-e80d-ac03599051ab,39655,97887,97,244.57
2026/10/10 22:00:59.538,GPU-e3ae17a2-8c3a-b59e-e80d-ac03599051ab,39655,97887,100,250.06
2026/10/10 22:01:00.067,GPU-e3ae17a2-8c3a-b59e-e80d-ac03599051ab,39655,97887,97,253.37
2026/10/10 22:01:00.595,GPU-e3ae17a2-8c3a-b59e-e80d-ac03599051ab,39655,97887,97,252.96
2026/10/10 22:01:01.122,GPU-e3ae17a2-8c3a-b59e-e80d-ac03599051ab,39655,97887,97,246.95
2026/10/10 22:01:01.652,GPU-e3ae17a2-8c3a-b59e-e80d-ac03599051ab,39655,97887,97,245.80
2026/10/10 22:01:02.179,GPU-e3ae17a2-8c3a-b59e-e80d-ac03599051ab,39655,97887,97,245.64
2026/10/10 22:01:02.706,GPU-e3ae17a2-8c3a-b59e-e80d-ac03599051ab,39655,97887,97,244.23
2026/10/10 22:01:03.233,GPU-e3ae17a2-8c3a-b59e-e80d-ac03599051ab,39655,97887,97,242.60
2026/10/10 22:01:03.761,GPU-e3ae17a2-8c3a-b59e-e80d-ac03599051ab,39655,97887,97,241.75
2026/10/10 22:01:04.291,GPU-e3ae17a2-8c3a-b59e-e80d-ac03599051ab,39655,97887,97,245.69
2026/10/10 22:01:04.818,GPU-e3ae17a2-8c3a-b59e-e80d-ac03599051ab,39655,97887,97,249.89
2026/10/10 22:01:05.346,GPU-e3ae17a2-8c3a-b59e-e80d-ac03599051ab,39655,97887,96,245.03
2026/10/10 22:01:05.875,GPU-e3ae17a2-8c3a-b59e-e80d-ac03599051ab,39655,97887,97,247.50
2026/10/10 22:01:06.403,GPU-e3ae17a2-8c3a-b59e-e80d-ac03599051ab,39655,97887,97,248.95
2026/10/10 22:01:06.930,GPU-e3ae17a2-8c3a-b59e-e80d-ac03599051ab,39655,97887,96,248.51
2026/10/10 22:01:07.458,GPU-e3ae17a2-8c3a-b59e-e80d-ac03599051ab,39655,97887,97,247.79
2026/10/10 22:01:07.988,GPU-e3ae17a2-8c3a-b59e-e80d-ac03599051ab,39655,97887,97,251.02
2026/10/10 22:01:08.518,GPU-e3ae17a2-8c3a-b59e-e80d-ac03599051ab,39655,97887,97,246.95
2026/10/10 22:01:09.046,GPU-e3ae17a2-8c3a-b59e-e80d-ac03599051ab,39655,97887,97,246.37
2026/10/10 22:01:09.576,GPU-e3ae17a2-8c3a-b59e-e80d-ac03599051ab,39655,97887,100,248.80
2026/10/10 22:01:10.105,GPU-e3ae17a2-8c3a-b59e-e80d-ac03599051ab,39655,97887,95,251.24
2026/10/10 22:01:10.644,GPU-e3ae17a2-8c3a-b59e-e80d-ac03599051ab,39655,97887,100,253.42
2026/10/10 22:01:11.172,GPU-e3ae17a2-8c3a-b59e-e80d-ac03599051ab,39655,97887,96,246.22
2026/10/10 22:01:11.701,GPU-e3ae17a2-8c3a-b59e-e80d-ac03599051ab,39655,97887,98,244.47
2026/10/10 22:01:12.234,GPU-e3ae17a2-8c3a-b59e-e80d-ac03599051ab,39655,97887,97,248.56
2026/10/10 22:01:12.761,GPU-e3ae17a2-8c3a-b59e-e80d-ac03599051ab,39655,97887,100,248.22
2026/10/10 22:01:13.288,GPU-e3ae17a2-8c3a-b59e-e80d-ac03599051ab,39655,97887,96,241.67
2026/10/10 22:01:13.818,GPU-e3ae17a2-8c3a-b59e-e80d-ac03599051ab,39655,97887,96,248.64
2026/10/10 22:01:14.348,GPU-e3ae17a2-8c3a-b59e-e80d-ac03599051ab,39655,97887,97,251.90
2026/10/10 22:01:14.880,GPU-e3ae17a2-8c3a-b59e-e80d-ac03599051ab,39655,97887,96,249.26
2026/10/10 22:01:15.410,GPU-e3ae17a2-8c3a-b59e-e80d-ac03599051ab,39655,97887,96,247.84
2026/10/10 22:01:15.941,GPU-e3ae17a2-8c3a-b59e-e80d-ac03599051ab,39655,97887,97,249.10
2026/10/10 22:01:16.472,GPU-e3ae17a2-8c3a-b59e-e80d-ac03599051ab,39655,97887,97,242.76
2026/10/10 22:01:17.000,GPU-e3ae17a2-8c3a-b59e-e80d-ac03599051ab,39655,97887,97,247.76
2026/10/10 22:01:17.527,GPU-e3ae17a2-8c3a-b59e-e80d-ac03599051ab,39655,97887,97,246.29
2026/10/10 22:01:18.056,GPU-e3ae17a2-8c3a-b59e-e80d-ac03599051ab,39655,97887,97,251.76
2026/10/10 22:01:18.583,GPU-e3ae17a2-8c3a-b59e-e80d-ac03599051ab,39655,97887,97,251.05
2026/10/10 22:01:19.110,GPU-e3ae17a2-8c3a-b59e-e80d-ac03599051ab,39655,97887,97,246.32
2026/10/10 22:01:19.639,GPU-e3ae17a2-8c3a-b59e-e80d-ac03599051ab,39655,97887,97,246.22
2026/10/10 22:01:20.171,GPU-e3ae17a2-8c3a-b59e-e80d-ac03599051ab,39655,97887,96,250.39
2026/10/10 22:01:20.698,GPU-e3ae17a2-8c3a-b59e-e80d-ac03599051ab,39655,97887,97,250.54
2026/10/10 22:01:21.224,GPU-e3ae17a2-8c3a-b59e-e80d-ac03599051ab,39655,97887,97,250.21
2026/10/10 22:01:21.752,GPU-e3ae17a2-8c3a-b59e-e80d-ac03599051ab,39655,97887,96,250.62
2026/10/10 22:01:22.296,GPU-e3ae17a2-8c3a-b59e-e80d-ac03599051ab,39655,97887,97,245.37
2026/10/10 22:01:22.822,GPU-e3ae17a2-8c3a-b59e-e80d-ac03599051ab,39655,97887,97,252.40
2026/10/10 22:01:23.350,GPU-e3ae17a2-8c3a-b59e-e80d-ac03599051ab,39655,97887,97,248.62
2026/10/10 22:01:23.878,GPU-e3ae17a2-8c3a-b59e-e80d-ac03599051ab,39655,97887,96,248.79
2026/10/10 22:01:24.407,GPU-e3ae17a2-8c3a-b59e-e80d-ac03599051ab,39655,97887,100,256.00
2026/10/10 22:01:24.934,GPU-e3ae17a2-8c3a-b59e-e80d-ac03599051ab,39655,97887,97,255.86
2026/10/10 22:01:25.461,GPU-e3ae17a2-8c3a-b59e-e80d-ac03599051ab,39655,97887,97,255.49
2026/10/10 22:01:25.989,GPU-e3ae17a2-8c3a-b59e-e80d-ac03599051ab,39655,97887,100,242.55
2026/10/10 22:01:26.518,GPU-e3ae17a2-8c3a-b59e-e80d-ac03599051ab,39655,97887,97,246.57
2026/10/10 22:01:27.046,GPU-e3ae17a2-8c3a-b59e-e80d-ac03599051ab,39655,97887,100,252.81
2026/10/10 22:01:27.575,GPU-e3ae17a2-8c3a-b59e-e80d-ac03599051ab,39655,97887,97,250.28
2026/10/10 22:01:28.103,GPU-e3ae17a2-8c3a-b59e-e80d-ac03599051ab,39655,97887,100,254.38
2026/10/10 22:01:28.633,GPU-e3ae17a2-8c3a-b59e-e80d-ac03599051ab,39655,97887,96,233.29
2026/10/10 22:01:29.161,GPU-e3ae17a2-8c3a-b59e-e80d-ac03599051ab,39655,97887,97,232.98
2026/10/10 22:01:29.686,GPU-e3ae17a2-8c3a-b59e-e80d-ac03599051ab,39655,97887,97,248.08
2026/10/10 22:01:30.220,GPU-e3ae17a2-8c3a-b59e-e80d-ac03599051ab,39655,97887,97,243.25
2026/10/10 22:01:30.755,GPU-e3ae17a2-8c3a-b59e-e80d-ac03599051ab,39655,97887,97,242.69
2026/10/10 22:01:31.283,GPU-e3ae17a2-8c3a-b59e-e80d-ac03599051ab,39655,97887,97,244.40
2026/10/10 22:01:31.811,GPU-e3ae17a2-8c3a-b59e-e80d-ac03599051ab,39655,97887,97,242.91
2026/10/10 22:01:32.339,GPU-e3ae17a2-8c3a-b59e-e80d-ac03599051ab,39655,97887,97,248.58
2026/10/10 22:01:32.871,GPU-e3ae17a2-8c3a-b59e-e80d-ac03599051ab,39655,97887,95,247.45
2026/10/10 22:01:33.401,GPU-e3ae17a2-8c3a-b59e-e80d-ac03599051ab,39655,97887,97,250.34
2026/10/10 22:01:33.931,GPU-e3ae17a2-8c3a-b59e-e80d-ac03599051ab,39655,97887,97,249.64
2026/10/10 22:01:34.461,GPU-e3ae17a2-8c3a-b59e-e80d-ac03599051ab,39655,97887,97,247.72
2026/10/10 22:01:34.993,GPU-e3ae17a2-8c3a-b59e-e80d-ac03599051ab,39655,97887,97,241.65
2026/10/10 22:01:35.521,GPU-e3ae17a2-8c3a-b59e-e80d-ac03599051ab,39655,97887,97,246.96
2026/10/10 22:01:36.050,GPU-e3ae17a2-8c3a-b59e-e80d-ac03599051ab,39655,97887,97,246.74
2026/10/10 22:01:36.579,GPU-e3ae17a2-8c3a-b59e-e80d-ac03599051ab,39655,97887,97,249.57
2026/10/10 22:01:37.107,GPU-e3ae17a2-8c3a-b59e-e80d-ac03599051ab,39655,97887,97,257.26
2026/10/10 22:01:37.636,GPU-e3ae17a2-8c3a-b59e-e80d-ac03599051ab,39655,97887,97,244.15
2026/10/10 22:01:38.164,GPU-e3ae17a2-8c3a-b59e-e80d-ac03599051ab,39655,97887,97,249.85
2026/10/10 22:01:38.698,GPU-e3ae17a2-8c3a-b59e-e80d-ac03599051ab,39655,97887,97,245.25
2026/10/10 22:01:39.226,GPU-e3ae17a2-8c3a-b59e-e80d-ac03599051ab,39655,97887,100,248.78
2026/10/10 22:01:39.755,GPU-e3ae17a2-8c3a-b59e-e80d-ac03599051ab,39655,97887,97,258.68
2026/10/10 22:01:40.297,GPU-e3ae17a2-8c3a-b59e-e80d-ac03599051ab,39655,97887,100,254.34
2026/10/10 22:01:40.838,GPU-e3ae17a2-8c3a-b59e-e80d-ac03599051ab,39655,97887,100,249.97
2026/10/10 22:01:41.366,GPU-e3ae17a2-8c3a-b59e-e80d-ac03599051ab,39655,97887,97,248.73
2026/10/10 22:01:41.897,GPU-e3ae17a2-8c3a-b59e-e80d-ac03599051ab,39655,97887,100,251.74
2026/10/10 22:01:42.428,GPU-e3ae17a2-8c3a-b59e-e80d-ac03599051ab,39655,97887,97,250.05
2026/10/10 22:01:42.958,GPU-e3ae17a2-8c3a-b59e-e80d-ac03599051ab,39655,97887,100,253.00
2026/10/10 22:01:43.486,GPU-e3ae17a2-8c3a-b59e-e80d-ac03599051ab,39655,97887,99,251.96
2026/10/10 22:01:44.019,GPU-e3ae17a2-8c3a-b59e-e80d-ac03599051ab,39655,97887,97,252.08
2026/10/10 22:01:44.549,GPU-e3ae17a2-8c3a-b59e-e80d-ac03599051ab,39655,97887,100,251.72
2026/10/10 22:01:45.077,GPU-e3ae17a2-8c3a-b59e-e80d-ac03599051ab,39655,97887,97,251.23
2026/10/10 22:01:45.606,GPU-e3ae17a2-8c3a-b59e-e80d-ac03599051ab,39655,97887,97,254.50
2026/10/10 22:01:46.137,GPU-e3ae17a2-8c3a-b59e-e80d-ac03599051ab,39655,97887,97,247.97
2026/10/10 22:01:46.663,GPU-e3ae17a2-8c3a-b59e-e80d-ac03599051ab,39655,97887,98,246.58
2026/10/10 22:01:47.191,GPU-e3ae17a2-8c3a-b59e-e80d-ac03599051ab,39655,97887,100,245.73
2026/10/10 22:01:47.720,GPU-e3ae17a2-8c3a-b59e-e80d-ac03599051ab,39655,97887,98,253.70
2026/10/10 22:01:48.260,GPU-e3ae17a2-8c3a-b59e-e80d-ac03599051ab,39655,97887,98,254.79
2026/10/10 22:01:48.789,GPU-e3ae17a2-8c3a-b59e-e80d-ac03599051ab,39655,97887,100,247.20
2026/10/10 22:01:49.321,GPU-e3ae17a2-8c3a-b59e-e80d-ac03599051ab,39655,97887,96,242.72
2026/10/10 22:01:49.855,GPU-e3ae17a2-8c3a-b59e-e80d-ac03599051ab,39655,97887,97,247.34
2026/10/10 22:01:50.388,GPU-e3ae17a2-8c3a-b59e-e80d-ac03599051ab,39655,97887,97,246.33
2026/10/10 22:01:50.920,GPU-e3ae17a2-8c3a-b59e-e80d-ac03599051ab,39655,97887,97,248.64
2026/10/10 22:01:51.456,GPU-e3ae17a2-8c3a-b59e-e80d-ac03599051ab,39655,97887,97,248.01
2026/10/10 22:01:51.987,GPU-e3ae17a2-8c3a-b59e-e80d-ac03599051ab,39655,97887,97,249.28
2026/10/10 22:01:52.523,GPU-e3ae17a2-8c3a-b59e-e80d-ac03599051ab,39655,97887,97,250.63
2026/10/10 22:01:53.059,GPU-e3ae17a2-8c3a-b59e-e80d-ac03599051ab,39655,97887,97,249.01
2026/10/10 22:01:53.591,GPU-e3ae17a2-8c3a-b59e-e80d-ac03599051ab,39655,97887,97,247.64
2026/10/10 22:01:54.120,GPU-e3ae17a2-8c3a-b59e-e80d-ac03599051ab,39655,97887,97,248.71
2026/10/10 22:01:54.649,GPU-e3ae17a2-8c3a-b59e-e80d-ac03599051ab,39655,97887,97,247.91
2026/10/10 22:01:55.180,GPU-e3ae17a2-8c3a-b59e-e80d-ac03599051ab,39655,97887,97,247.42
2026/10/10 22:01:55.713,GPU-e3ae17a2-8c3a-b59e-e80d-ac03599051ab,39655,97887,97,254.68
2026/10/10 22:01:56.241,GPU-e3ae17a2-8c3a-b59e-e80d-ac03599051ab,39655,97887,96,242.52
2026/10/10 22:01:56.774,GPU-e3ae17a2-8c3a-b59e-e80d-ac03599051ab,39655,97887,98,249.97
2026/10/10 22:01:57.307,GPU-e3ae17a2-8c3a-b59e-e80d-ac03599051ab,39655,97887,97,247.35
2026/10/10 22:01:57.840,GPU-e3ae17a2-8c3a-b59e-e80d-ac03599051ab,39655,97887,97,245.14
2026/10/10 22:01:58.373,GPU-e3ae17a2-8c3a-b59e-e80d-ac03599051ab,39655,97887,97,253.84
2026/10/10 22:01:58.913,GPU-e3ae17a2-8c3a-b59e-e80d-ac03599051ab,39655,97887,97,241.96
2026/10/10 22:01:59.445,GPU-e3ae17a2-8c3a-b59e-e80d-ac03599051ab,39655,97887,100,243.63
2026/10/10 22:01:59.977,GPU-e3ae17a2-8c3a-b59e-e80d-ac03599051ab,39655,97887,97,250.43
2026/10/10 22:02:00.520,GPU-e3ae17a2-8c3a-b59e-e80d-ac03599051ab,39655,97887,100,253.77
2026/10/10 22:02:01.052,GPU-e3ae17a2-8c3a-b59e-e80d-ac03599051ab,39655,97887,99,254.33
2026/10/10 22:02:01.580,GPU-e3ae17a2-8c3a-b59e-e80d-ac03599051ab,39655,97887,99,252.22
2026/10/10 22:02:02.110,GPU-e3ae17a2-8c3a-b59e-e80d-ac03599051ab,39655,97887,100,253.67
2026/10/10 22:02:02.638,GPU-e3ae17a2-8c3a-b59e-e80d-ac03599051ab,39655,97887,97,245.60
2026/10/10 22:02:03.165,GPU-e3ae17a2-8c3a-b59e-e80d-ac03599051ab,39655,97887,100,251.74
2026/10/10 22:02:03.694,GPU-e3ae17a2-8c3a-b59e-e80d-ac03599051ab,39655,97887,97,253.14
2026/10/10 22:02:04.222,GPU-e3ae17a2-8c3a-b59e-e80d-ac03599051ab,39655,97887,97,247.74
2026/10/10 22:02:04.751,GPU-e3ae17a2-8c3a-b59e-e80d-ac03599051ab,39655,97887,100,247.40
2026/10/10 22:02:05.278,GPU-e3ae17a2-8c3a-b59e-e80d-ac03599051ab,39655,97887,97,248.55
2026/10/10 22:02:05.812,GPU-e3ae17a2-8c3a-b59e-e80d-ac03599051ab,39655,97887,100,248.06
2026/10/10 22:02:06.344,GPU-e3ae17a2-8c3a-b59e-e80d-ac03599051ab,39655,97887,97,252.75
2026/10/10 22:02:06.873,GPU-e3ae17a2-8c3a-b59e-e80d-ac03599051ab,39655,97887,97,248.43
2026/10/10 22:02:07.399,GPU-e3ae17a2-8c3a-b59e-e80d-ac03599051ab,39655,97887,99,246.02
2026/10/10 22:02:07.929,GPU-e3ae17a2-8c3a-b59e-e80d-ac03599051ab,39655,97887,97,243.10
2026/10/10 22:02:08.458,GPU-e3ae17a2-8c3a-b59e-e80d-ac03599051ab,39655,97887,97,247.43
2026/10/10 22:02:08.986,GPU-e3ae17a2-8c3a-b59e-e80d-ac03599051ab,39655,97887,97,246.06
2026/10/10 22:02:09.514,GPU-e3ae17a2-8c3a-b59e-e80d-ac03599051ab,39655,97887,97,246.37
2026/10/10 22:02:10.043,GPU-e3ae17a2-8c3a-b59e-e80d-ac03599051ab,39655,97887,97,245.46
2026/10/10 22:02:10.581,GPU-e3ae17a2-8c3a-b59e-e80d-ac03599051ab,39655,97887,97,250.79
2026/10/10 22:02:11.108,GPU-e3ae17a2-8c3a-b59e-e80d-ac03599051ab,39655,97887,97,250.21
2026/10/10 22:02:11.637,GPU-e3ae17a2-8c3a-b59e-e80d-ac03599051ab,39655,97887,97,248.58
2026/10/10 22:02:12.165,GPU-e3ae17a2-8c3a-b59e-e80d-ac03599051ab,39655,97887,97,247.27
2026/10/10 22:02:12.695,GPU-e3ae17a2-8c3a-b59e-e80d-ac03599051ab,39655,97887,97,246.35
2026/10/10 22:02:13.222,GPU-e3ae17a2-8c3a-b59e-e80d-ac03599051ab,39655,97887,97,246.25
2026/10/10 22:02:13.749,GPU-e3ae17a2-8c3a-b59e-e80d-ac03599051ab,39655,97887,97,250.22
2026/10/10 22:02:14.278,GPU-e3ae17a2-8c3a-b59e-e80d-ac03599051ab,39655,97887,97,252.23
2026/10/10 22:02:14.805,GPU-e3ae17a2-8c3a-b59e-e80d-ac03599051ab,39655,97887,97,251.28
2026/10/10 22:02:15.333,GPU-e3ae17a2-8c3a-b59e-e80d-ac03599051ab,39655,97887,97,251.87
2026/10/10 22:02:15.862,GPU-e3ae17a2-8c3a-b59e-e80d-ac03599051ab,39655,97887,97,249.23
2026/10/10 22:02:16.396,GPU-e3ae17a2-8c3a-b59e-e80d-ac03599051ab,39655,97887,97,247.49
2026/10/10 22:02:16.925,GPU-e3ae17a2-8c3a-b59e-e80d-ac03599051ab,39655,97887,97,250.51
2026/10/10 22:02:17.453,GPU-e3ae17a2-8c3a-b59e-e80d-ac03599051ab,39655,97887,100,261.54
2026/10/10 22:02:17.984,GPU-e3ae17a2-8c3a-b59e-e80d-ac03599051ab,39655,97887,97,261.39
2026/10/10 22:02:18.517,GPU-e3ae17a2-8c3a-b59e-e80d-ac03599051ab,39655,97887,100,251.17
2026/10/10 22:02:19.044,GPU-e3ae17a2-8c3a-b59e-e80d-ac03599051ab,39655,97887,100,254.44
2026/10/10 22:02:19.571,GPU-e3ae17a2-8c3a-b59e-e80d-ac03599051ab,39655,97887,97,253.81
2026/10/10 22:02:20.101,GPU-e3ae17a2-8c3a-b59e-e80d-ac03599051ab,39655,97887,100,244.69
2026/10/10 22:02:20.632,GPU-e3ae17a2-8c3a-b59e-e80d-ac03599051ab,39655,97887,97,241.04
2026/10/10 22:02:21.160,GPU-e3ae17a2-8c3a-b59e-e80d-ac03599051ab,39655,97887,100,252.33
2026/10/10 22:02:21.688,GPU-e3ae17a2-8c3a-b59e-e80d-ac03599051ab,39655,97887,97,252.94
2026/10/10 22:02:22.218,GPU-e3ae17a2-8c3a-b59e-e80d-ac03599051ab,39655,97887,99,250.48
2026/10/10 22:02:22.747,GPU-e3ae17a2-8c3a-b59e-e80d-ac03599051ab,39655,97887,100,246.31
2026/10/10 22:02:23.276,GPU-e3ae17a2-8c3a-b59e-e80d-ac03599051ab,39655,97887,97,249.12
2026/10/10 22:02:23.803,GPU-e3ae17a2-8c3a-b59e-e80d-ac03599051ab,39655,97887,100,243.92
2026/10/10 22:02:24.331,GPU-e3ae17a2-8c3a-b59e-e80d-ac03599051ab,39655,97887,97,247.09
2026/10/10 22:02:24.859,GPU-e3ae17a2-8c3a-b59e-e80d-ac03599051ab,39655,97887,97,246.42
2026/10/10 22:02:25.387,GPU-e3ae17a2-8c3a-b59e-e80d-ac03599051ab,39655,97887,98,244.21
2026/10/10 22:02:25.915,GPU-e3ae17a2-8c3a-b59e-e80d-ac03599051ab,39655,97887,97,243.96
2026/10/10 22:02:26.443,GPU-e3ae17a2-8c3a-b59e-e80d-ac03599051ab,39655,97887,97,243.07
2026/10/10 22:02:26.972,GPU-e3ae17a2-8c3a-b59e-e80d-ac03599051ab,39655,97887,97,250.68
2026/10/10 22:02:27.499,GPU-e3ae17a2-8c3a-b59e-e80d-ac03599051ab,39655,97887,97,248.59
2026/10/10 22:02:28.027,GPU-e3ae17a2-8c3a-b59e-e80d-ac03599051ab,39655,97887,97,246.62
2026/10/10 22:02:28.561,GPU-e3ae17a2-8c3a-b59e-e80d-ac03599051ab,39655,97887,97,243.96
2026/10/10 22:02:29.088,GPU-e3ae17a2-8c3a-b59e-e80d-ac03599051ab,39655,97887,97,246.08
2026/10/10 22:02:29.616,GPU-e3ae17a2-8c3a-b59e-e80d-ac03599051ab,39655,97887,97,252.74
2026/10/10 22:02:30.145,GPU-e3ae17a2-8c3a-b59e-e80d-ac03599051ab,39655,97887,97,253.82
2026/10/10 22:02:30.678,GPU-e3ae17a2-8c3a-b59e-e80d-ac03599051ab,39655,97887,97,254.11
2026/10/10 22:02:31.206,GPU-e3ae17a2-8c3a-b59e-e80d-ac03599051ab,39655,97887,97,247.93
2026/10/10 22:02:31.736,GPU-e3ae17a2-8c3a-b59e-e80d-ac03599051ab,39655,97887,97,246.76
2026/10/10 22:02:32.288,GPU-e3ae17a2-8c3a-b59e-e80d-ac03599051ab,39655,97887,98,246.18
2026/10/10 22:02:32.822,GPU-e3ae17a2-8c3a-b59e-e80d-ac03599051ab,39655,97887,97,246.72
2026/10/10 22:02:33.351,GPU-e3ae17a2-8c3a-b59e-e80d-ac03599051ab,39655,97887,97,251.03
2026/10/10 22:02:33.882,GPU-e3ae17a2-8c3a-b59e-e80d-ac03599051ab,39655,97887,98,247.44
2026/10/10 22:02:34.410,GPU-e3ae17a2-8c3a-b59e-e80d-ac03599051ab,39655,97887,97,250.62
2026/10/10 22:02:34.939,GPU-e3ae17a2-8c3a-b59e-e80d-ac03599051ab,39655,97887,97,253.87
2026/10/10 22:02:35.470,GPU-e3ae17a2-8c3a-b59e-e80d-ac03599051ab,39655,97887,97,251.57
2026/10/10 22:02:35.999,GPU-e3ae17a2-8c3a-b59e-e80d-ac03599051ab,39655,97887,97,250.51
2026/10/10 22:02:36.526,GPU-e3ae17a2-8c3a-b59e-e80d-ac03599051ab,39655,97887,98,249.45
2026/10/10 22:02:37.052,GPU-e3ae17a2-8c3a-b59e-e80d-ac03599051ab,39655,97887,97,250.77
2026/10/10 22:02:37.581,GPU-e3ae17a2-8c3a-b59e-e80d-ac03599051ab,39655,97887,97,251.67
2026/10/10 22:02:38.107,GPU-e3ae17a2-8c3a-b59e-e80d-ac03599051ab,39655,97887,97,253.44
2026/10/10 22:02:38.636,GPU-e3ae17a2-8c3a-b59e-e80d-ac03599051ab,39655,97887,97,251.60
2026/10/10 22:02:39.164,GPU-e3ae17a2-8c3a-b59e-e80d-ac03599051ab,39655,97887,95,250.40
2026/10/10 22:02:39.692,GPU-e3ae17a2-8c3a-b59e-e80d-ac03599051ab,39655,97887,98,253.11
2026/10/10 22:02:40.220,GPU-e3ae17a2-8c3a-b59e-e80d-ac03599051ab,39655,97887,97,251.48
2026/10/10 22:02:40.751,GPU-e3ae17a2-8c3a-b59e-e80d-ac03599051ab,39655,97887,97,249.19
2026/10/10 22:02:41.279,GPU-e3ae17a2-8c3a-b59e-e80d-ac03599051ab,39655,97887,97,248.37
2026/10/10 22:02:41.807,GPU-e3ae17a2-8c3a-b59e-e80d-ac03599051ab,39655,97887,97,249.70
2026/10/10 22:02:42.334,GPU-e3ae17a2-8c3a-b59e-e80d-ac03599051ab,39655,97887,97,247.12
2026/10/10 22:02:42.860,GPU-e3ae17a2-8c3a-b59e-e80d-ac03599051ab,39655,97887,97,245.14
2026/10/10 22:02:43.387,GPU-e3ae17a2-8c3a-b59e-e80d-ac03599051ab,39655,97887,97,251.20
2026/10/10 22:02:43.915,GPU-e3ae17a2-8c3a-b59e-e80d-ac03599051ab,39655,97887,100,246.45
2026/10/10 22:02:44.443,GPU-e3ae17a2-8c3a-b59e-e80d-ac03599051ab,39655,97887,97,242.86
2026/10/10 22:02:44.971,GPU-e3ae17a2-8c3a-b59e-e80d-ac03599051ab,39655,97887,100,253.33
2026/10/10 22:02:45.497,GPU-e3ae17a2-8c3a-b59e-e80d-ac03599051ab,39655,97887,97,253.24
2026/10/10 22:02:46.026,GPU-e3ae17a2-8c3a-b59e-e80d-ac03599051ab,39655,97887,100,253.33
2026/10/10 22:02:46.553,GPU-e3ae17a2-8c3a-b59e-e80d-ac03599051ab,39655,97887,100,251.80
2026/10/10 22:02:47.080,GPU-e3ae17a2-8c3a-b59e-e80d-ac03599051ab,39655,97887,97,247.40
2026/10/10 22:02:47.606,GPU-e3ae17a2-8c3a-b59e-e80d-ac03599051ab,39655,97887,100,244.91
2026/10/10 22:02:48.141,GPU-e3ae17a2-8c3a-b59e-e80d-ac03599051ab,39655,97887,97,250.10
2026/10/10 22:02:48.668,GPU-e3ae17a2-8c3a-b59e-e80d-ac03599051ab,39655,97887,96,245.10
2026/10/10 22:02:49.200,GPU-e3ae17a2-8c3a-b59e-e80d-ac03599051ab,39655,97887,100,243.92
2026/10/10 22:02:49.731,GPU-e3ae17a2-8c3a-b59e-e80d-ac03599051ab,39655,97887,97,251.62
2026/10/10 22:02:50.259,GPU-e3ae17a2-8c3a-b59e-e80d-ac03599051ab,39655,97887,100,253.04
2026/10/10 22:02:50.786,GPU-e3ae17a2-8c3a-b59e-e80d-ac03599051ab,39655,97887,97,251.66
2026/10/10 22:02:51.314,GPU-e3ae17a2-8c3a-b59e-e80d-ac03599051ab,39655,97887,97,246.20
2026/10/10 22:02:51.842,GPU-e3ae17a2-8c3a-b59e-e80d-ac03599051ab,39655,97887,100,241.35
2026/10/10 22:02:52.372,GPU-e3ae17a2-8c3a-b59e-e80d-ac03599051ab,39655,97887,97,247.76
2026/10/10 22:02:52.899,GPU-e3ae17a2-8c3a-b59e-e80d-ac03599051ab,39655,97887,97,250.65
2026/10/10 22:02:53.428,GPU-e3ae17a2-8c3a-b59e-e80d-ac03599051ab,39655,97887,99,249.58
2026/10/10 22:02:53.961,GPU-e3ae17a2-8c3a-b59e-e80d-ac03599051ab,39655,97887,97,241.99
2026/10/10 22:02:54.488,GPU-e3ae17a2-8c3a-b59e-e80d-ac03599051ab,39655,97887,97,246.74
2026/10/10 22:02:55.016,GPU-e3ae17a2-8c3a-b59e-e80d-ac03599051ab,39655,97887,97,251.10
2026/10/10 22:02:55.575,GPU-e3ae17a2-8c3a-b59e-e80d-ac03599051ab,39655,97887,95,250.38
2026/10/10 22:02:56.106,GPU-e3ae17a2-8c3a-b59e-e80d-ac03599051ab,39655,97887,97,251.45
2026/10/10 22:02:56.635,GPU-e3ae17a2-8c3a-b59e-e80d-ac03599051ab,39655,97887,97,251.30
2026/10/10 22:02:57.162,GPU-e3ae17a2-8c3a-b59e-e80d-ac03599051ab,39655,97887,97,249.99
2026/10/10 22:02:57.691,GPU-e3ae17a2-8c3a-b59e-e80d-ac03599051ab,39655,97887,97,247.24
2026/10/10 22:02:58.217,GPU-e3ae17a2-8c3a-b59e-e80d-ac03599051ab,39655,97887,97,243.95
2026/10/10 22:02:58.744,GPU-e3ae17a2-8c3a-b59e-e80d-ac03599051ab,39655,97887,97,247.09
2026/10/10 22:02:59.271,GPU-e3ae17a2-8c3a-b59e-e80d-ac03599051ab,39655,97887,97,249.08
2026/10/10 22:02:59.800,GPU-e3ae17a2-8c3a-b59e-e80d-ac03599051ab,39655,97887,97,256.51
2026/10/10 22:03:00.327,GPU-e3ae17a2-8c3a-b59e-e80d-ac03599051ab,39655,97887,97,256.94
2026/10/10 22:03:00.856,GPU-e3ae17a2-8c3a-b59e-e80d-ac03599051ab,39655,97887,97,247.44
2026/10/10 22:03:01.384,GPU-e3ae17a2-8c3a-b59e-e80d-ac03599051ab,39655,97887,97,244.35
2026/10/10 22:03:01.913,GPU-e3ae17a2-8c3a-b59e-e80d-ac03599051ab,39655,97887,100,253.54
2026/10/10 22:03:02.440,GPU-e3ae17a2-8c3a-b59e-e80d-ac03599051ab,39655,97887,97,258.30
2026/10/10 22:03:02.967,GPU-e3ae17a2-8c3a-b59e-e80d-ac03599051ab,39655,97887,97,257.47
2026/10/10 22:03:03.497,GPU-e3ae17a2-8c3a-b59e-e80d-ac03599051ab,39655,97887,100,246.90
2026/10/10 22:03:04.025,GPU-e3ae17a2-8c3a-b59e-e80d-ac03599051ab,39655,97887,97,243.91
2026/10/10 22:03:04.556,GPU-e3ae17a2-8c3a-b59e-e80d-ac03599051ab,39655,97887,100,250.65
2026/10/10 22:03:05.086,GPU-e3ae17a2-8c3a-b59e-e80d-ac03599051ab,39655,97887,97,247.34
2026/10/10 22:03:05.622,GPU-e3ae17a2-8c3a-b59e-e80d-ac03599051ab,39655,97887,100,248.14
2026/10/10 22:03:06.155,GPU-e3ae17a2-8c3a-b59e-e80d-ac03599051ab,39655,97887,97,249.52
2026/10/10 22:03:06.684,GPU-e3ae17a2-8c3a-b59e-e80d-ac03599051ab,39655,97887,100,247.99
2026/10/10 22:03:07.216,GPU-e3ae17a2-8c3a-b59e-e80d-ac03599051ab,39655,97887,99,248.00
2026/10/10 22:03:07.744,GPU-e3ae17a2-8c3a-b59e-e80d-ac03599051ab,39655,97887,97,246.09
2026/10/10 22:03:08.272,GPU-e3ae17a2-8c3a-b59e-e80d-ac03599051ab,39655,97887,100,248.01
2026/10/10 22:03:08.799,GPU-e3ae17a2-8c3a-b59e-e80d-ac03599051ab,39655,97887,97,254.58
2026/10/10 22:03:09.332,GPU-e3ae17a2-8c3a-b59e-e80d-ac03599051ab,39655,97887,97,248.53
2026/10/10 22:03:09.872,GPU-e3ae17a2-8c3a-b59e-e80d-ac03599051ab,39655,97887,99,245.64
2026/10/10 22:03:10.401,GPU-e3ae17a2-8c3a-b59e-e80d-ac03599051ab,39655,97887,97,242.73
2026/10/10 22:03:10.944,GPU-e3ae17a2-8c3a-b59e-e80d-ac03599051ab,39655,97887,97,250.84
2026/10/10 22:03:11.470,GPU-e3ae17a2-8c3a-b59e-e80d-ac03599051ab,39655,97887,97,255.07
2026/10/10 22:03:11.998,GPU-e3ae17a2-8c3a-b59e-e80d-ac03599051ab,39655,97887,97,253.11
2026/10/10 22:03:12.527,GPU-e3ae17a2-8c3a-b59e-e80d-ac03599051ab,39655,97887,97,245.40
2026/10/10 22:03:13.059,GPU-e3ae17a2-8c3a-b59e-e80d-ac03599051ab,39655,97887,97,243.48
2026/10/10 22:03:13.588,GPU-e3ae17a2-8c3a-b59e-e80d-ac03599051ab,39655,97887,97,241.78
2026/10/10 22:03:14.114,GPU-e3ae17a2-8c3a-b59e-e80d-ac03599051ab,39655,97887,97,247.86
2026/10/10 22:03:14.642,GPU-e3ae17a2-8c3a-b59e-e80d-ac03599051ab,39655,97887,97,249.01
2026/10/10 22:03:15.171,GPU-e3ae17a2-8c3a-b59e-e80d-ac03599051ab,39655,97887,0,207.59
2026/10/10 22:03:15.697,GPU-e3ae17a2-8c3a-b59e-e80d-ac03599051ab,39655,97887,0,107.94
2026/10/10 22:03:16.223,GPU-e3ae17a2-8c3a-b59e-e80d-ac03599051ab,39655,97887,0,105.47
2026/10/10 22:03:16.751,GPU-e3ae17a2-8c3a-b59e-e80d-ac03599051ab,39655,97887,0,105.47
2026/10/10 22:03:17.287,GPU-e3ae17a2-8c3a-b59e-e80d-ac03599051ab,39655,97887,0,82.11
2026/10/10 22:03:17.815,GPU-e3ae17a2-8c3a-b59e-e80d-ac03599051ab,39655,97887,0,80.35
2026/10/10 22:03:18.341,GPU-e3ae17a2-8c3a-b59e-e80d-ac03599051ab,39655,97887,0,80.35
2026/10/10 22:03:18.878,GPU-e3ae17a2-8c3a-b59e-e80d-ac03599051ab,39655,97887,0,79.34
2026/10/10 22:03:19.405,GPU-e3ae17a2-8c3a-b59e-e80d-ac03599051ab,39655,97887,0,79.34
2026/10/10 22:03:19.930,GPU-e3ae17a2-8c3a-b59e-e80d-ac03599051ab,39655,97887,0,78.82
2026/10/10 22:03:20.457,GPU-e3ae17a2-8c3a-b59e-e80d-ac03599051ab,39655,97887,0,78.82
2026/10/10 22:03:20.983,GPU-e3ae17a2-8c3a-b59e-e80d-ac03599051ab,39655,97887,0,78.40
2026/10/10 22:03:21.509,GPU-e3ae17a2-8c3a-b59e-e80d-ac03599051ab,39655,97887,0,78.40
2026/10/10 22:03:22.035,GPU-e3ae17a2-8c3a-b59e-e80d-ac03599051ab,39655,97887,0,78.90
2026/10/10 22:03:22.562,GPU-e3ae17a2-8c3a-b59e-e80d-ac03599051ab,39655,97887,0,78.90
2026/10/10 22:03:23.092,GPU-e3ae17a2-8c3a-b59e-e80d-ac03599051ab,39655,97887,0,78.63
2026/10/10 22:03:23.618,GPU-e3ae17a2-8c3a-b59e-e80d-ac03599051ab,39655,97887,0,78.63
2026/10/10 22:03:24.144,GPU-e3ae17a2-8c3a-b59e-e80d-ac03599051ab,39655,97887,0,78.11
2026/10/10 22:03:24.670,GPU-e3ae17a2-8c3a-b59e-e80d-ac03599051ab,39655,97887,0,78.11
2026/10/10 22:03:25.197,GPU-e3ae17a2-8c3a-b59e-e80d-ac03599051ab,39655,97887,0,77.42
2026/10/10 22:03:25.727,GPU-e3ae17a2-8c3a-b59e-e80d-ac03599051ab,39655,97887,0,77.42
2026/10/10 22:03:26.257,GPU-e3ae17a2-8c3a-b59e-e80d-ac03599051ab,39655,97887,0,84.81
2026/10/10 22:03:26.827,GPU-e3ae17a2-8c3a-b59e-e80d-ac03599051ab,39655,97887,0,77.42
2026/10/10 22:03:27.356,GPU-e3ae17a2-8c3a-b59e-e80d-ac03599051ab,39655,97887,0,77.42
2026/10/10 22:03:27.881,GPU-e3ae17a2-8c3a-b59e-e80d-ac03599051ab,39655,97887,0,77.40
2026/10/10 22:03:28.409,GPU-e3ae17a2-8c3a-b59e-e80d-ac03599051ab,39655,97887,0,77.40
2026/10/10 22:03:28.939,GPU-e3ae17a2-8c3a-b59e-e80d-ac03599051ab,39655,97887,0,77.86
2026/10/10 22:03:29.465,GPU-e3ae17a2-8c3a-b59e-e80d-ac03599051ab,39655,97887,0,77.86
2026/10/10 22:03:29.992,GPU-e3ae17a2-8c3a-b59e-e80d-ac03599051ab,39655,97887,0,77.64
2026/10/10 22:03:30.521,GPU-e3ae17a2-8c3a-b59e-e80d-ac03599051ab,39655,97887,0,77.64
2026/10/10 22:03:31.049,GPU-e3ae17a2-8c3a-b59e-e80d-ac03599051ab,39655,97887,0,76.93
2026/10/10 22:03:31.576,GPU-e3ae17a2-8c3a-b59e-e80d-ac03599051ab,39655,97887,0,76.93
2026/10/10 22:03:32.102,GPU-e3ae17a2-8c3a-b59e-e80d-ac03599051ab,39655,97887,0,77.40
2026/10/10 22:03:32.630,GPU-e3ae17a2-8c3a-b59e-e80d-ac03599051ab,39655,97887,0,77.40
2026/10/10 22:03:33.156,GPU-e3ae17a2-8c3a-b59e-e80d-ac03599051ab,39655,97887,0,77.62
2026/10/10 22:03:33.682,GPU-e3ae17a2-8c3a-b59e-e80d-ac03599051ab,39655,97887,0,77.62
2026/10/10 22:03:34.208,GPU-e3ae17a2-8c3a-b59e-e80d-ac03599051ab,39655,97887,0,77.15
2026/10/10 22:03:34.736,GPU-e3ae17a2-8c3a-b59e-e80d-ac03599051ab,39655,97887,0,77.15
2026/10/10 22:03:35.263,GPU-e3ae17a2-8c3a-b59e-e80d-ac03599051ab,39655,97887,0,77.42
2026/10/10 22:03:35.790,GPU-e3ae17a2-8c3a-b59e-e80d-ac03599051ab,39655,97887,0,77.42
2026/10/10 22:03:36.316,GPU-e3ae17a2-8c3a-b59e-e80d-ac03599051ab,39655,97887,0,77.37
2026/10/10 22:03:36.846,GPU-e3ae17a2-8c3a-b59e-e80d-ac03599051ab,39655,97887,0,77.13
2026/10/10 22:03:37.372,GPU-e3ae17a2-8c3a-b59e-e80d-ac03599051ab,39655,97887,0,77.13
2026/10/10 22:03:37.899,GPU-e3ae17a2-8c3a-b59e-e80d-ac03599051ab,39655,97887,0,76.39
2026/10/10 22:03:38.427,GPU-e3ae17a2-8c3a-b59e-e80d-ac03599051ab,39655,97887,0,76.39
2026/10/10 22:03:38.953,GPU-e3ae17a2-8c3a-b59e-e80d-ac03599051ab,39655,97887,0,76.93
2026/10/10 22:03:39.480,GPU-e3ae17a2-8c3a-b59e-e80d-ac03599051ab,39655,97887,0,76.93
2026/10/10 22:03:40.005,GPU-e3ae17a2-8c3a-b59e-e80d-ac03599051ab,39655,97887,0,76.44
2026/10/10 22:03:40.534,GPU-e3ae17a2-8c3a-b59e-e80d-ac03599051ab,39655,97887,0,76.44
2026/10/10 22:03:41.100,GPU-e3ae17a2-8c3a-b59e-e80d-ac03599051ab,39655,97887,0,82.07
2026/10/10 22:03:41.630,GPU-e3ae17a2-8c3a-b59e-e80d-ac03599051ab,39655,97887,0,82.07
2026/10/10 22:03:42.157,GPU-e3ae17a2-8c3a-b59e-e80d-ac03599051ab,39655,97887,0,76.88
2026/10/10 22:03:42.683,GPU-e3ae17a2-8c3a-b59e-e80d-ac03599051ab,39655,97887,0,76.88
2026/10/10 22:03:43.210,GPU-e3ae17a2-8c3a-b59e-e80d-ac03599051ab,39655,97887,0,76.43
2026/10/10 22:03:43.741,GPU-e3ae17a2-8c3a-b59e-e80d-ac03599051ab,1767,97887,64,79.67
2026/10/10 22:03:44.267,GPU-e3ae17a2-8c3a-b59e-e80d-ac03599051ab,1765,97887,0,81.28
2026/10/10 22:03:44.793,GPU-e3ae17a2-8c3a-b59e-e80d-ac03599051ab,1747,97887,0,80.48
