timestamp,uuid,used_MiB,total_MiB,utilization_percent,power_W
2026/10/10 21:23:36.363,GPU-e3ae17a2-8c3a-b59e-e80d-ac03599051ab,0,97887,0,57.64
2026/10/10 21:23:36.891,GPU-e3ae17a2-8c3a-b59e-e80d-ac03599051ab,0,97887,0,57.89
2026/10/10 21:23:37.421,GPU-e3ae17a2-8c3a-b59e-e80d-ac03599051ab,0,97887,0,57.89
2026/10/10 21:23:37.949,GPU-e3ae17a2-8c3a-b59e-e80d-ac03599051ab,0,97887,0,58.63
2026/10/10 21:23:38.476,GPU-e3ae17a2-8c3a-b59e-e80d-ac03599051ab,0,97887,0,58.63
2026/10/10 21:23:39.003,GPU-e3ae17a2-8c3a-b59e-e80d-ac03599051ab,0,97887,0,57.65
2026/10/10 21:23:39.531,GPU-e3ae17a2-8c3a-b59e-e80d-ac03599051ab,0,97887,0,57.89
2026/10/10 21:23:40.060,GPU-e3ae17a2-8c3a-b59e-e80d-ac03599051ab,0,97887,0,57.89
2026/10/10 21:23:40.588,GPU-e3ae17a2-8c3a-b59e-e80d-ac03599051ab,0,97887,0,57.61
2026/10/10 21:23:41.116,GPU-e3ae17a2-8c3a-b59e-e80d-ac03599051ab,0,97887,0,57.61
2026/10/10 21:23:41.644,GPU-e3ae17a2-8c3a-b59e-e80d-ac03599051ab,0,97887,0,57.61
2026/10/10 21:23:42.175,GPU-e3ae17a2-8c3a-b59e-e80d-ac03599051ab,0,97887,0,57.61
2026/10/10 21:23:42.703,GPU-e3ae17a2-8c3a-b59e-e80d-ac03599051ab,0,97887,0,58.12
2026/10/10 21:23:43.231,GPU-e3ae17a2-8c3a-b59e-e80d-ac03599051ab,0,97887,0,58.12
2026/10/10 21:23:43.760,GPU-e3ae17a2-8c3a-b59e-e80d-ac03599051ab,0,97887,0,57.64
2026/10/10 21:23:44.288,GPU-e3ae17a2-8c3a-b59e-e80d-ac03599051ab,0,97887,0,57.64
2026/10/10 21:23:44.818,GPU-e3ae17a2-8c3a-b59e-e80d-ac03599051ab,0,97887,0,57.64
2026/10/10 21:23:45.347,GPU-e3ae17a2-8c3a-b59e-e80d-ac03599051ab,0,97887,0,57.64
2026/10/10 21:23:45.875,GPU-e3ae17a2-8c3a-b59e-e80d-ac03599051ab,0,97887,0,58.13
2026/10/10 21:23:46.407,GPU-e3ae17a2-8c3a-b59e-e80d-ac03599051ab,0,97887,0,58.13
2026/10/10 21:23:46.935,GPU-e3ae17a2-8c3a-b59e-e80d-ac03599051ab,559,97887,0,62.65
2026/10/10 21:23:47.462,GPU-e3ae17a2-8c3a-b59e-e80d-ac03599051ab,863,97887,0,66.68
2026/10/10 21:23:47.990,GPU-e3ae17a2-8c3a-b59e-e80d-ac03599051ab,865,97887,0,77.14
2026/10/10 21:23:48.517,GPU-e3ae17a2-8c3a-b59e-e80d-ac03599051ab,1025,97887,0,76.57
2026/10/10 21:23:49.044,GPU-e3ae17a2-8c3a-b59e-e80d-ac03599051ab,2849,97887,1,77.26
2026/10/10 21:23:49.575,GPU-e3ae17a2-8c3a-b59e-e80d-ac03599051ab,2849,97887,0,77.82
2026/10/10 21:23:50.105,GPU-e3ae17a2-8c3a-b59e-e80d-ac03599051ab,2869,97887,0,77.01
2026/10/10 21:23:50.638,GPU-e3ae17a2-8c3a-b59e-e80d-ac03599051ab,2869,97887,0,76.51
2026/10/10 21:23:51.171,GPU-e3ae17a2-8c3a-b59e-e80d-ac03599051ab,2933,97887,1,76.71
2026/10/10 21:23:51.703,GPU-e3ae17a2-8c3a-b59e-e80d-ac03599051ab,2959,97887,0,76.70
2026/10/10 21:23:52.230,GPU-e3ae17a2-8c3a-b59e-e80d-ac03599051ab,2959,97887,0,76.50
2026/10/10 21:23:52.759,GPU-e3ae17a2-8c3a-b59e-e80d-ac03599051ab,2959,97887,0,76.65
2026/10/10 21:23:53.288,GPU-e3ae17a2-8c3a-b59e-e80d-ac03599051ab,4037,97887,0,76.69
2026/10/10 21:23:53.816,GPU-e3ae17a2-8c3a-b59e-e80d-ac03599051ab,30355,97887,0,85.39
2026/10/10 21:23:54.351,GPU-e3ae17a2-8c3a-b59e-e80d-ac03599051ab,30355,97887,0,87.00
2026/10/10 21:23:54.879,GPU-e3ae17a2-8c3a-b59e-e80d-ac03599051ab,30355,97887,18,76.87
2026/10/10 21:23:55.415,GPU-e3ae17a2-8c3a-b59e-e80d-ac03599051ab,30355,97887,0,77.63
2026/10/10 21:23:55.949,GPU-e3ae17a2-8c3a-b59e-e80d-ac03599051ab,30355,97887,100,87.47
2026/10/10 21:23:56.490,GPU-e3ae17a2-8c3a-b59e-e80d-ac03599051ab,30355,97887,100,96.54
2026/10/10 21:23:57.017,GPU-e3ae17a2-8c3a-b59e-e80d-ac03599051ab,30355,97887,100,96.51
2026/10/10 21:23:57.546,GPU-e3ae17a2-8c3a-b59e-e80d-ac03599051ab,30355,97887,100,96.60
2026/10/10 21:23:58.074,GPU-e3ae17a2-8c3a-b59e-e80d-ac03599051ab,30355,97887,100,96.68
2026/10/10 21:23:58.601,GPU-e3ae17a2-8c3a-b59e-e80d-ac03599051ab,30355,97887,100,96.71
2026/10/10 21:23:59.129,GPU-e3ae17a2-8c3a-b59e-e80d-ac03599051ab,30355,97887,100,96.65
2026/10/10 21:23:59.656,GPU-e3ae17a2-8c3a-b59e-e80d-ac03599051ab,30355,97887,100,96.64
2026/10/10 21:24:00.184,GPU-e3ae17a2-8c3a-b59e-e80d-ac03599051ab,30355,97887,100,96.74
2026/10/10 21:24:00.711,GPU-e3ae17a2-8c3a-b59e-e80d-ac03599051ab,30355,97887,100,96.69
2026/10/10 21:24:01.242,GPU-e3ae17a2-8c3a-b59e-e80d-ac03599051ab,30355,97887,100,96.60
2026/10/10 21:24:01.771,GPU-e3ae17a2-8c3a-b59e-e80d-ac03599051ab,30355,97887,100,96.65
2026/10/10 21:24:02.300,GPU-e3ae17a2-8c3a-b59e-e80d-ac03599051ab,30355,97887,100,96.64
2026/10/10 21:24:02.827,GPU-e3ae17a2-8c3a-b59e-e80d-ac03599051ab,30355,97887,100,96.64
2026/10/10 21:24:03.355,GPU-e3ae17a2-8c3a-b59e-e80d-ac03599051ab,30355,97887,100,96.57
2026/10/10 21:24:03.883,GPU-e3ae17a2-8c3a-b59e-e80d-ac03599051ab,30355,97887,100,96.60
2026/10/10 21:24:04.410,GPU-e3ae17a2-8c3a-b59e-e80d-ac03599051ab,30355,97887,100,96.73
2026/10/10 21:24:04.938,GPU-e3ae17a2-8c3a-b59e-e80d-ac03599051ab,30355,97887,100,96.91
2026/10/10 21:24:05.465,GPU-e3ae17a2-8c3a-b59e-e80d-ac03599051ab,30355,97887,100,96.91
2026/10/10 21:24:05.991,GPU-e3ae17a2-8c3a-b59e-e80d-ac03599051ab,30355,97887,100,96.74
2026/10/10 21:24:06.519,GPU-e3ae17a2-8c3a-b59e-e80d-ac03599051ab,30355,97887,100,96.69
2026/10/10 21:24:07.047,GPU-e3ae17a2-8c3a-b59e-e80d-ac03599051ab,30355,97887,100,96.82
2026/10/10 21:24:07.580,GPU-e3ae17a2-8c3a-b59e-e80d-ac03599051ab,30355,97887,100,96.91
2026/10/10 21:24:08.109,GPU-e3ae17a2-8c3a-b59e-e80d-ac03599051ab,30355,97887,100,97.02
2026/10/10 21:24:08.637,GPU-e3ae17a2-8c3a-b59e-e80d-ac03599051ab,30355,97887,100,96.89
2026/10/10 21:24:09.166,GPU-e3ae17a2-8c3a-b59e-e80d-ac03599051ab,30579,97887,0,89.96
2026/10/10 21:24:09.707,GPU-e3ae17a2-8c3a-b59e-e80d-ac03599051ab,30515,97887,0,86.62
2026/10/10 21:24:10.237,GPU-e3ae17a2-8c3a-b59e-e80d-ac03599051ab,37237,97887,0,88.23
2026/10/10 21:24:10.776,GPU-e3ae17a2-8c3a-b59e-e80d-ac03599051ab,37237,97887,0,86.82
2026/10/10 21:24:11.305,GPU-e3ae17a2-8c3a-b59e-e80d-ac03599051ab,37237,97887,0,77.95
2026/10/10 21:24:11.831,GPU-e3ae17a2-8c3a-b59e-e80d-ac03599051ab,37297,97887,7,85.59
2026/10/10 21:24:12.359,GPU-e3ae17a2-8c3a-b59e-e80d-ac03599051ab,37297,97887,0,83.67
2026/10/10 21:24:12.887,GPU-e3ae17a2-8c3a-b59e-e80d-ac03599051ab,37297,97887,0,77.13
2026/10/10 21:24:13.415,GPU-e3ae17a2-8c3a-b59e-e80d-ac03599051ab,37297,97887,0,77.14
2026/10/10 21:24:13.945,GPU-e3ae17a2-8c3a-b59e-e80d-ac03599051ab,37297,97887,0,76.93
2026/10/10 21:24:14.477,GPU-e3ae17a2-8c3a-b59e-e80d-ac03599051ab,37297,97887,0,76.93
2026/10/10 21:24:15.005,GPU-e3ae17a2-8c3a-b59e-e80d-ac03599051ab,37297,97887,0,75.75
2026/10/10 21:24:15.534,GPU-e3ae17a2-8c3a-b59e-e80d-ac03599051ab,37297,97887,0,82.21
2026/10/10 21:24:16.062,GPU-e3ae17a2-8c3a-b59e-e80d-ac03599051ab,37297,97887,0,85.51
2026/10/10 21:24:16.590,GPU-e3ae17a2-8c3a-b59e-e80d-ac03599051ab,37297,97887,0,83.83
2026/10/10 21:24:17.119,GPU-e3ae17a2-8c3a-b59e-e80d-ac03599051ab,37297,97887,0,83.83
2026/10/10 21:24:17.647,GPU-e3ae17a2-8c3a-b59e-e80d-ac03599051ab,37297,97887,0,76.82
2026/10/10 21:24:18.175,GPU-e3ae17a2-8c3a-b59e-e80d-ac03599051ab,37297,97887,0,76.82
2026/10/10 21:24:18.704,GPU-e3ae17a2-8c3a-b59e-e80d-ac03599051ab,37297,97887,0,76.55
2026/10/10 21:24:19.230,GPU-e3ae17a2-8c3a-b59e-e80d-ac03599051ab,37297,97887,0,76.55
2026/10/10 21:24:19.758,GPU-e3ae17a2-8c3a-b59e-e80d-ac03599051ab,37297,97887,0,76.29
2026/10/10 21:24:20.287,GPU-e3ae17a2-8c3a-b59e-e80d-ac03599051ab,37297,97887,0,76.29
2026/10/10 21:24:20.816,GPU-e3ae17a2-8c3a-b59e-e80d-ac03599051ab,37297,97887,0,76.31
2026/10/10 21:24:21.344,GPU-e3ae17a2-8c3a-b59e-e80d-ac03599051ab,37297,97887,0,75.81
2026/10/10 21:24:21.874,GPU-e3ae17a2-8c3a-b59e-e80d-ac03599051ab,37297,97887,0,75.81
2026/10/10 21:24:22.402,GPU-e3ae17a2-8c3a-b59e-e80d-ac03599051ab,37297,97887,0,75.80
2026/10/10 21:24:22.930,GPU-e3ae17a2-8c3a-b59e-e80d-ac03599051ab,37297,97887,0,75.80
2026/10/10 21:24:23.458,GPU-e3ae17a2-8c3a-b59e-e80d-ac03599051ab,37297,97887,0,75.84
2026/10/10 21:24:23.986,GPU-e3ae17a2-8c3a-b59e-e80d-ac03599051ab,37297,97887,0,75.84
2026/10/10 21:24:24.514,GPU-e3ae17a2-8c3a-b59e-e80d-ac03599051ab,37297,97887,0,75.82
2026/10/10 21:24:25.043,GPU-e3ae17a2-8c3a-b59e-e80d-ac03599051ab,37297,97887,0,75.82
2026/10/10 21:24:25.596,GPU-e3ae17a2-8c3a-b59e-e80d-ac03599051ab,37297,97887,0,76.20
2026/10/10 21:24:26.125,GPU-e3ae17a2-8c3a-b59e-e80d-ac03599051ab,37297,97887,0,76.20
2026/10/10 21:24:26.653,GPU-e3ae17a2-8c3a-b59e-e80d-ac03599051ab,37297,97887,0,75.71
2026/10/10 21:24:27.180,GPU-e3ae17a2-8c3a-b59e-e80d-ac03599051ab,37297,97887,0,75.71
2026/10/10 21:24:27.709,GPU-e3ae17a2-8c3a-b59e-e80d-ac03599051ab,37297,97887,0,75.95
2026/10/10 21:24:28.238,GPU-e3ae17a2-8c3a-b59e-e80d-ac03599051ab,37297,97887,0,75.95
2026/10/10 21:24:28.767,GPU-e3ae17a2-8c3a-b59e-e80d-ac03599051ab,37297,97887,0,78.10
2026/10/10 21:24:29.295,GPU-e3ae17a2-8c3a-b59e-e80d-ac03599051ab,37297,97887,0,78.10
2026/10/10 21:24:29.824,GPU-e3ae17a2-8c3a-b59e-e80d-ac03599051ab,37297,97887,0,75.85
2026/10/10 21:24:30.353,GPU-e3ae17a2-8c3a-b59e-e80d-ac03599051ab,37297,97887,0,75.31
2026/10/10 21:24:30.882,GPU-e3ae17a2-8c3a-b59e-e80d-ac03599051ab,37297,97887,0,75.31
2026/10/10 21:24:31.410,GPU-e3ae17a2-8c3a-b59e-e80d-ac03599051ab,37297,97887,0,75.80
2026/10/10 21:24:31.939,GPU-e3ae17a2-8c3a-b59e-e80d-ac03599051ab,37297,97887,0,75.80
2026/10/10 21:24:32.466,GPU-e3ae17a2-8c3a-b59e-e80d-ac03599051ab,37297,97887,0,76.04
2026/10/10 21:24:32.995,GPU-e3ae17a2-8c3a-b59e-e80d-ac03599051ab,37297,97887,0,76.04
2026/10/10 21:24:33.524,GPU-e3ae17a2-8c3a-b59e-e80d-ac03599051ab,37297,97887,0,75.82
2026/10/10 21:24:34.054,GPU-e3ae17a2-8c3a-b59e-e80d-ac03599051ab,37297,97887,0,75.82
2026/10/10 21:24:34.583,GPU-e3ae17a2-8c3a-b59e-e80d-ac03599051ab,37297,97887,0,75.84
2026/10/10 21:24:35.110,GPU-e3ae17a2-8c3a-b59e-e80d-ac03599051ab,37297,97887,0,75.84
2026/10/10 21:24:35.639,GPU-e3ae17a2-8c3a-b59e-e80d-ac03599051ab,37297,97887,0,75.84
2026/10/10 21:24:36.166,GPU-e3ae17a2-8c3a-b59e-e80d-ac03599051ab,37297,97887,0,75.84
2026/10/10 21:24:36.695,GPU-e3ae17a2-8c3a-b59e-e80d-ac03599051ab,37297,97887,0,75.75
2026/10/10 21:24:37.222,GPU-e3ae17a2-8c3a-b59e-e80d-ac03599051ab,37297,97887,0,75.75
2026/10/10 21:24:37.751,GPU-e3ae17a2-8c3a-b59e-e80d-ac03599051ab,37297,97887,0,76.51
2026/10/10 21:24:38.279,GPU-e3ae17a2-8c3a-b59e-e80d-ac03599051ab,37297,97887,0,76.51
2026/10/10 21:24:38.808,GPU-e3ae17a2-8c3a-b59e-e80d-ac03599051ab,37297,97887,0,75.84
2026/10/10 21:24:39.354,GPU-e3ae17a2-8c3a-b59e-e80d-ac03599051ab,37297,97887,0,75.84
2026/10/10 21:24:39.895,GPU-e3ae17a2-8c3a-b59e-e80d-ac03599051ab,37297,97887,0,75.84
2026/10/10 21:24:40.426,GPU-e3ae17a2-8c3a-b59e-e80d-ac03599051ab,37297,97887,0,75.80
2026/10/10 21:24:40.955,GPU-e3ae17a2-8c3a-b59e-e80d-ac03599051ab,37297,97887,0,75.80
2026/10/10 21:24:41.484,GPU-e3ae17a2-8c3a-b59e-e80d-ac03599051ab,37297,97887,0,75.31
2026/10/10 21:24:42.012,GPU-e3ae17a2-8c3a-b59e-e80d-ac03599051ab,37297,97887,0,75.31
2026/10/10 21:24:42.539,GPU-e3ae17a2-8c3a-b59e-e80d-ac03599051ab,37297,97887,0,75.80
2026/10/10 21:24:43.066,GPU-e3ae17a2-8c3a-b59e-e80d-ac03599051ab,37297,97887,0,75.80
2026/10/10 21:24:43.594,GPU-e3ae17a2-8c3a-b59e-e80d-ac03599051ab,37297,97887,0,76.88
2026/10/10 21:24:44.121,GPU-e3ae17a2-8c3a-b59e-e80d-ac03599051ab,37297,97887,0,76.88
2026/10/10 21:24:44.649,GPU-e3ae17a2-8c3a-b59e-e80d-ac03599051ab,37617,97887,6,75.16
2026/10/10 21:24:45.177,GPU-e3ae17a2-8c3a-b59e-e80d-ac03599051ab,37617,97887,0,75.83
2026/10/10 21:24:45.705,GPU-e3ae17a2-8c3a-b59e-e80d-ac03599051ab,37617,97887,0,77.01
2026/10/10 21:24:46.234,GPU-e3ae17a2-8c3a-b59e-e80d-ac03599051ab,37617,97887,0,77.01
2026/10/10 21:24:46.764,GPU-e3ae17a2-8c3a-b59e-e80d-ac03599051ab,37617,97887,0,75.89
2026/10/10 21:24:47.294,GPU-e3ae17a2-8c3a-b59e-e80d-ac03599051ab,37617,97887,0,75.89
2026/10/10 21:24:47.822,GPU-e3ae17a2-8c3a-b59e-e80d-ac03599051ab,37617,97887,0,75.31
2026/10/10 21:24:48.359,GPU-e3ae17a2-8c3a-b59e-e80d-ac03599051ab,37617,97887,0,75.31
2026/10/10 21:24:48.887,GPU-e3ae17a2-8c3a-b59e-e80d-ac03599051ab,37617,97887,0,76.56
2026/10/10 21:24:49.414,GPU-e3ae17a2-8c3a-b59e-e80d-ac03599051ab,37617,97887,0,86.91
2026/10/10 21:24:49.943,GPU-e3ae17a2-8c3a-b59e-e80d-ac03599051ab,37617,97887,0,89.44
2026/10/10 21:24:50.472,GPU-e3ae17a2-8c3a-b59e-e80d-ac03599051ab,37617,97887,0,86.99
2026/10/10 21:24:51.000,GPU-e3ae17a2-8c3a-b59e-e80d-ac03599051ab,37617,97887,0,86.99
2026/10/10 21:24:51.529,GPU-e3ae17a2-8c3a-b59e-e80d-ac03599051ab,37617,97887,0,75.93
2026/10/10 21:24:52.056,GPU-e3ae17a2-8c3a-b59e-e80d-ac03599051ab,37617,97887,0,75.93
2026/10/10 21:24:52.584,GPU-e3ae17a2-8c3a-b59e-e80d-ac03599051ab,37617,97887,0,75.82
2026/10/10 21:24:53.112,GPU-e3ae17a2-8c3a-b59e-e80d-ac03599051ab,37617,97887,0,75.82
2026/10/10 21:24:53.640,GPU-e3ae17a2-8c3a-b59e-e80d-ac03599051ab,37617,97887,0,75.80
2026/10/10 21:24:54.169,GPU-e3ae17a2-8c3a-b59e-e80d-ac03599051ab,37617,97887,0,75.80
2026/10/10 21:24:54.698,GPU-e3ae17a2-8c3a-b59e-e80d-ac03599051ab,37617,97887,0,75.80
2026/10/10 21:24:55.228,GPU-e3ae17a2-8c3a-b59e-e80d-ac03599051ab,37617,97887,0,75.80
2026/10/10 21:24:55.763,GPU-e3ae17a2-8c3a-b59e-e80d-ac03599051ab,37617,97887,0,76.04
2026/10/10 21:24:56.291,GPU-e3ae17a2-8c3a-b59e-e80d-ac03599051ab,37617,97887,0,76.04
2026/10/10 21:24:56.820,GPU-e3ae17a2-8c3a-b59e-e80d-ac03599051ab,37617,97887,0,76.04
2026/10/10 21:24:57.347,GPU-e3ae17a2-8c3a-b59e-e80d-ac03599051ab,37617,97887,0,76.30
2026/10/10 21:24:57.875,GPU-e3ae17a2-8c3a-b59e-e80d-ac03599051ab,37617,97887,0,76.30
2026/10/10 21:24:58.403,GPU-e3ae17a2-8c3a-b59e-e80d-ac03599051ab,37617,97887,0,74.82
2026/10/10 21:24:58.931,GPU-e3ae17a2-8c3a-b59e-e80d-ac03599051ab,37617,97887,0,74.82
2026/10/10 21:24:59.459,GPU-e3ae17a2-8c3a-b59e-e80d-ac03599051ab,37617,97887,0,75.80
2026/10/10 21:24:59.988,GPU-e3ae17a2-8c3a-b59e-e80d-ac03599051ab,37617,97887,0,75.80
2026/10/10 21:25:00.516,GPU-e3ae17a2-8c3a-b59e-e80d-ac03599051ab,37619,97887,0,76.50
2026/10/10 21:25:01.045,GPU-e3ae17a2-8c3a-b59e-e80d-ac03599051ab,37619,97887,0,76.51
2026/10/10 21:25:01.574,GPU-e3ae17a2-8c3a-b59e-e80d-ac03599051ab,37619,97887,0,76.93
2026/10/10 21:25:02.101,GPU-e3ae17a2-8c3a-b59e-e80d-ac03599051ab,37619,97887,0,76.93
2026/10/10 21:25:02.629,GPU-e3ae17a2-8c3a-b59e-e80d-ac03599051ab,37619,97887,0,76.34
2026/10/10 21:25:03.160,GPU-e3ae17a2-8c3a-b59e-e80d-ac03599051ab,37619,97887,0,76.34
2026/10/10 21:25:03.689,GPU-e3ae17a2-8c3a-b59e-e80d-ac03599051ab,37619,97887,0,77.27
2026/10/10 21:25:04.217,GPU-e3ae17a2-8c3a-b59e-e80d-ac03599051ab,37619,97887,0,77.27
2026/10/10 21:25:04.747,GPU-e3ae17a2-8c3a-b59e-e80d-ac03599051ab,37621,97887,0,80.99
2026/10/10 21:25:05.273,GPU-e3ae17a2-8c3a-b59e-e80d-ac03599051ab,37621,97887,0,83.59
2026/10/10 21:25:05.802,GPU-e3ae17a2-8c3a-b59e-e80d-ac03599051ab,37621,97887,0,82.54
2026/10/10 21:25:06.330,GPU-e3ae17a2-8c3a-b59e-e80d-ac03599051ab,37621,97887,0,82.54
2026/10/10 21:25:06.858,GPU-e3ae17a2-8c3a-b59e-e80d-ac03599051ab,37621,97887,0,76.52
2026/10/10 21:25:07.389,GPU-e3ae17a2-8c3a-b59e-e80d-ac03599051ab,37621,97887,0,76.52
2026/10/10 21:25:07.916,GPU-e3ae17a2-8c3a-b59e-e80d-ac03599051ab,37621,97887,2,76.28
2026/10/10 21:25:08.449,GPU-e3ae17a2-8c3a-b59e-e80d-ac03599051ab,37621,97887,0,76.49
2026/10/10 21:25:08.979,GPU-e3ae17a2-8c3a-b59e-e80d-ac03599051ab,37639,97887,0,77.96
2026/10/10 21:25:09.507,GPU-e3ae17a2-8c3a-b59e-e80d-ac03599051ab,39535,97887,2,78.22
2026/10/10 21:25:10.034,GPU-e3ae17a2-8c3a-b59e-e80d-ac03599051ab,39535,97887,0,77.42
2026/10/10 21:25:10.578,GPU-e3ae17a2-8c3a-b59e-e80d-ac03599051ab,39535,97887,0,77.48
2026/10/10 21:25:11.110,GPU-e3ae17a2-8c3a-b59e-e80d-ac03599051ab,39591,97887,0,77.65
2026/10/10 21:25:11.639,GPU-e3ae17a2-8c3a-b59e-e80d-ac03599051ab,39591,97887,0,77.49
2026/10/10 21:25:12.167,GPU-e3ae17a2-8c3a-b59e-e80d-ac03599051ab,39591,97887,0,77.48
2026/10/10 21:25:12.870,GPU-e3ae17a2-8c3a-b59e-e80d-ac03599051ab,39591,97887,0,76.38
2026/10/10 21:25:13.398,GPU-e3ae17a2-8c3a-b59e-e80d-ac03599051ab,39591,97887,6,83.57
2026/10/10 21:25:13.925,GPU-e3ae17a2-8c3a-b59e-e80d-ac03599051ab,39591,97887,4,87.27
2026/10/10 21:25:14.452,GPU-e3ae17a2-8c3a-b59e-e80d-ac03599051ab,39591,97887,42,109.53
2026/10/10 21:25:14.980,GPU-e3ae17a2-8c3a-b59e-e80d-ac03599051ab,39591,97887,49,182.12
2026/10/10 21:25:15.509,GPU-e3ae17a2-8c3a-b59e-e80d-ac03599051ab,39591,97887,5,150.98
2026/10/10 21:25:16.035,GPU-e3ae17a2-8c3a-b59e-e80d-ac03599051ab,39591,97887,5,78.90
2026/10/10 21:25:16.563,GPU-e3ae17a2-8c3a-b59e-e80d-ac03599051ab,39591,97887,96,110.89
2026/10/10 21:25:17.091,GPU-e3ae17a2-8c3a-b59e-e80d-ac03599051ab,39591,97887,99,181.91
2026/10/10 21:25:17.619,GPU-e3ae17a2-8c3a-b59e-e80d-ac03599051ab,39591,97887,6,165.59
2026/10/10 21:25:18.146,GPU-e3ae17a2-8c3a-b59e-e80d-ac03599051ab,39591,97887,4,78.75
2026/10/10 21:25:18.674,GPU-e3ae17a2-8c3a-b59e-e80d-ac03599051ab,39591,97887,33,109.37
2026/10/10 21:25:19.204,GPU-e3ae17a2-8c3a-b59e-e80d-ac03599051ab,39591,97887,98,189.84
2026/10/10 21:25:19.732,GPU-e3ae17a2-8c3a-b59e-e80d-ac03599051ab,39591,97887,5,180.21
2026/10/10 21:25:20.258,GPU-e3ae17a2-8c3a-b59e-e80d-ac03599051ab,39591,97887,6,78.32
2026/10/10 21:25:20.785,GPU-e3ae17a2-8c3a-b59e-e80d-ac03599051ab,39591,97887,98,107.96
2026/10/10 21:25:21.313,GPU-e3ae17a2-8c3a-b59e-e80d-ac03599051ab,39591,97887,98,190.60
2026/10/10 21:25:21.842,GPU-e3ae17a2-8c3a-b59e-e80d-ac03599051ab,39591,97887,6,180.95
2026/10/10 21:25:22.370,GPU-e3ae17a2-8c3a-b59e-e80d-ac03599051ab,39591,97887,5,78.10
2026/10/10 21:25:22.897,GPU-e3ae17a2-8c3a-b59e-e80d-ac03599051ab,39591,97887,1,98.57
2026/10/10 21:25:23.424,GPU-e3ae17a2-8c3a-b59e-e80d-ac03599051ab,39591,97887,98,177.55
2026/10/10 21:25:23.955,GPU-e3ae17a2-8c3a-b59e-e80d-ac03599051ab,39591,97887,6,195.91
2026/10/10 21:25:24.486,GPU-e3ae17a2-8c3a-b59e-e80d-ac03599051ab,39591,97887,2,85.46
2026/10/10 21:25:25.017,GPU-e3ae17a2-8c3a-b59e-e80d-ac03599051ab,39591,97887,3,100.08
2026/10/10 21:25:25.569,GPU-e3ae17a2-8c3a-b59e-e80d-ac03599051ab,39591,97887,99,194.28
2026/10/10 21:25:26.096,GPU-e3ae17a2-8c3a-b59e-e80d-ac03599051ab,39591,97887,6,157.76
2026/10/10 21:25:26.625,GPU-e3ae17a2-8c3a-b59e-e80d-ac03599051ab,39591,97887,5,80.81
2026/10/10 21:25:27.154,GPU-e3ae17a2-8c3a-b59e-e80d-ac03599051ab,39591,97887,2,99.76
2026/10/10 21:25:27.681,GPU-e3ae17a2-8c3a-b59e-e80d-ac03599051ab,39591,97887,98,195.68
2026/10/10 21:25:28.208,GPU-e3ae17a2-8c3a-b59e-e80d-ac03599051ab,39591,97887,5,165.42
2026/10/10 21:25:28.737,GPU-e3ae17a2-8c3a-b59e-e80d-ac03599051ab,39591,97887,2,84.99
2026/10/10 21:25:29.264,GPU-e3ae17a2-8c3a-b59e-e80d-ac03599051ab,39591,97887,48,111.15
2026/10/10 21:25:29.791,GPU-e3ae17a2-8c3a-b59e-e80d-ac03599051ab,39591,97887,71,192.46
2026/10/10 21:25:30.319,GPU-e3ae17a2-8c3a-b59e-e80d-ac03599051ab,39591,97887,4,159.33
2026/10/10 21:25:30.846,GPU-e3ae17a2-8c3a-b59e-e80d-ac03599051ab,39591,97887,5,81.96
2026/10/10 21:25:31.375,GPU-e3ae17a2-8c3a-b59e-e80d-ac03599051ab,39591,97887,98,111.32
2026/10/10 21:25:31.907,GPU-e3ae17a2-8c3a-b59e-e80d-ac03599051ab,39591,97887,97,189.37
2026/10/10 21:25:32.434,GPU-e3ae17a2-8c3a-b59e-e80d-ac03599051ab,39591,97887,6,153.21
2026/10/10 21:25:32.961,GPU-e3ae17a2-8c3a-b59e-e80d-ac03599051ab,39591,97887,5,79.21
2026/10/10 21:25:33.490,GPU-e3ae17a2-8c3a-b59e-e80d-ac03599051ab,39591,97887,77,114.44
2026/10/10 21:25:34.018,GPU-e3ae17a2-8c3a-b59e-e80d-ac03599051ab,39591,97887,35,184.05
2026/10/10 21:25:34.547,GPU-e3ae17a2-8c3a-b59e-e80d-ac03599051ab,39591,97887,5,160.13
2026/10/10 21:25:35.075,GPU-e3ae17a2-8c3a-b59e-e80d-ac03599051ab,39591,97887,3,78.55
2026/10/10 21:25:35.603,GPU-e3ae17a2-8c3a-b59e-e80d-ac03599051ab,39591,97887,1,78.58
2026/10/10 21:25:36.133,GPU-e3ae17a2-8c3a-b59e-e80d-ac03599051ab,39591,97887,98,159.80
2026/10/10 21:25:36.660,GPU-e3ae17a2-8c3a-b59e-e80d-ac03599051ab,39591,97887,6,182.26
2026/10/10 21:25:37.190,GPU-e3ae17a2-8c3a-b59e-e80d-ac03599051ab,39591,97887,5,91.58
2026/10/10 21:25:37.717,GPU-e3ae17a2-8c3a-b59e-e80d-ac03599051ab,39591,97887,3,78.34
2026/10/10 21:25:38.245,GPU-e3ae17a2-8c3a-b59e-e80d-ac03599051ab,39591,97887,99,165.11
2026/10/10 21:25:38.773,GPU-e3ae17a2-8c3a-b59e-e80d-ac03599051ab,39591,97887,6,196.18
2026/10/10 21:25:39.302,GPU-e3ae17a2-8c3a-b59e-e80d-ac03599051ab,39591,97887,6,117.17
2026/10/10 21:25:39.832,GPU-e3ae17a2-8c3a-b59e-e80d-ac03599051ab,39591,97887,5,77.98
2026/10/10 21:25:40.382,GPU-e3ae17a2-8c3a-b59e-e80d-ac03599051ab,39591,97887,99,150.58
2026/10/10 21:25:40.910,GPU-e3ae17a2-8c3a-b59e-e80d-ac03599051ab,39591,97887,99,223.65
2026/10/10 21:25:41.437,GPU-e3ae17a2-8c3a-b59e-e80d-ac03599051ab,39591,97887,5,158.34
2026/10/10 21:25:41.964,GPU-e3ae17a2-8c3a-b59e-e80d-ac03599051ab,39591,97887,4,94.20
2026/10/10 21:25:42.491,GPU-e3ae17a2-8c3a-b59e-e80d-ac03599051ab,39591,97887,2,97.49
2026/10/10 21:25:43.019,GPU-e3ae17a2-8c3a-b59e-e80d-ac03599051ab,39591,97887,98,157.29
2026/10/10 21:25:43.549,GPU-e3ae17a2-8c3a-b59e-e80d-ac03599051ab,39591,97887,28,195.52
2026/10/10 21:25:44.077,GPU-e3ae17a2-8c3a-b59e-e80d-ac03599051ab,39591,97887,6,124.21
2026/10/10 21:25:44.604,GPU-e3ae17a2-8c3a-b59e-e80d-ac03599051ab,39591,97887,3,78.98
2026/10/10 21:25:45.133,GPU-e3ae17a2-8c3a-b59e-e80d-ac03599051ab,39591,97887,98,145.27
2026/10/10 21:25:45.668,GPU-e3ae17a2-8c3a-b59e-e80d-ac03599051ab,39591,97887,98,216.33
2026/10/10 21:25:46.195,GPU-e3ae17a2-8c3a-b59e-e80d-ac03599051ab,39591,97887,5,153.16
2026/10/10 21:25:46.723,GPU-e3ae17a2-8c3a-b59e-e80d-ac03599051ab,39591,97887,2,80.06
2026/10/10 21:25:47.250,GPU-e3ae17a2-8c3a-b59e-e80d-ac03599051ab,39591,97887,3,78.29
2026/10/10 21:25:47.787,GPU-e3ae17a2-8c3a-b59e-e80d-ac03599051ab,39591,97887,99,184.07
2026/10/10 21:25:48.315,GPU-e3ae17a2-8c3a-b59e-e80d-ac03599051ab,39591,97887,96,259.12
2026/10/10 21:25:48.844,GPU-e3ae17a2-8c3a-b59e-e80d-ac03599051ab,39591,97887,6,180.08
2026/10/10 21:25:49.372,GPU-e3ae17a2-8c3a-b59e-e80d-ac03599051ab,39591,97887,5,78.77
2026/10/10 21:25:49.902,GPU-e3ae17a2-8c3a-b59e-e80d-ac03599051ab,39591,97887,97,109.68
2026/10/10 21:25:50.435,GPU-e3ae17a2-8c3a-b59e-e80d-ac03599051ab,39591,97887,99,179.87
2026/10/10 21:25:50.965,GPU-e3ae17a2-8c3a-b59e-e80d-ac03599051ab,39591,97887,5,170.85
2026/10/10 21:25:51.494,GPU-e3ae17a2-8c3a-b59e-e80d-ac03599051ab,39591,97887,5,101.35
2026/10/10 21:25:52.022,GPU-e3ae17a2-8c3a-b59e-e80d-ac03599051ab,39591,97887,1,78.41
2026/10/10 21:25:52.550,GPU-e3ae17a2-8c3a-b59e-e80d-ac03599051ab,39591,97887,99,115.30
2026/10/10 21:25:53.078,GPU-e3ae17a2-8c3a-b59e-e80d-ac03599051ab,39591,97887,99,166.62
2026/10/10 21:25:53.608,GPU-e3ae17a2-8c3a-b59e-e80d-ac03599051ab,39591,97887,5,135.99
2026/10/10 21:25:54.136,GPU-e3ae17a2-8c3a-b59e-e80d-ac03599051ab,39591,97887,0,89.44
2026/10/10 21:25:54.663,GPU-e3ae17a2-8c3a-b59e-e80d-ac03599051ab,39591,97887,5,78.55
2026/10/10 21:25:55.191,GPU-e3ae17a2-8c3a-b59e-e80d-ac03599051ab,39591,97887,99,128.53
2026/10/10 21:25:55.720,GPU-e3ae17a2-8c3a-b59e-e80d-ac03599051ab,39591,97887,99,189.93
2026/10/10 21:25:56.250,GPU-e3ae17a2-8c3a-b59e-e80d-ac03599051ab,39591,97887,6,178.91
2026/10/10 21:25:56.782,GPU-e3ae17a2-8c3a-b59e-e80d-ac03599051ab,39591,97887,5,102.70
2026/10/10 21:25:57.308,GPU-e3ae17a2-8c3a-b59e-e80d-ac03599051ab,39591,97887,1,78.33
2026/10/10 21:25:57.837,GPU-e3ae17a2-8c3a-b59e-e80d-ac03599051ab,39591,97887,99,138.03
2026/10/10 21:25:58.366,GPU-e3ae17a2-8c3a-b59e-e80d-ac03599051ab,39591,97887,99,220.94
2026/10/10 21:25:58.893,GPU-e3ae17a2-8c3a-b59e-e80d-ac03599051ab,39591,97887,5,155.73
2026/10/10 21:25:59.421,GPU-e3ae17a2-8c3a-b59e-e80d-ac03599051ab,39591,97887,5,91.73
2026/10/10 21:25:59.948,GPU-e3ae17a2-8c3a-b59e-e80d-ac03599051ab,39591,97887,5,85.04
2026/10/10 21:26:00.475,GPU-e3ae17a2-8c3a-b59e-e80d-ac03599051ab,39591,97887,99,138.28
2026/10/10 21:26:01.005,GPU-e3ae17a2-8c3a-b59e-e80d-ac03599051ab,39591,97887,6,194.42
2026/10/10 21:26:01.532,GPU-e3ae17a2-8c3a-b59e-e80d-ac03599051ab,39591,97887,6,139.56
2026/10/10 21:26:02.060,GPU-e3ae17a2-8c3a-b59e-e80d-ac03599051ab,39591,97887,6,78.54
2026/10/10 21:26:02.587,GPU-e3ae17a2-8c3a-b59e-e80d-ac03599051ab,39591,97887,30,101.81
2026/10/10 21:26:03.114,GPU-e3ae17a2-8c3a-b59e-e80d-ac03599051ab,39591,97887,99,190.90
2026/10/10 21:26:03.644,GPU-e3ae17a2-8c3a-b59e-e80d-ac03599051ab,39591,97887,6,234.86
2026/10/10 21:26:04.171,GPU-e3ae17a2-8c3a-b59e-e80d-ac03599051ab,39591,97887,6,149.67
2026/10/10 21:26:04.697,GPU-e3ae17a2-8c3a-b59e-e80d-ac03599051ab,39591,97887,5,78.56
2026/10/10 21:26:05.227,GPU-e3ae17a2-8c3a-b59e-e80d-ac03599051ab,39591,97887,99,144.02
2026/10/10 21:26:05.755,GPU-e3ae17a2-8c3a-b59e-e80d-ac03599051ab,39591,97887,99,260.78
2026/10/10 21:26:06.287,GPU-e3ae17a2-8c3a-b59e-e80d-ac03599051ab,39591,97887,6,241.23
2026/10/10 21:26:06.815,GPU-e3ae17a2-8c3a-b59e-e80d-ac03599051ab,39591,97887,3,98.55
2026/10/10 21:26:07.344,GPU-e3ae17a2-8c3a-b59e-e80d-ac03599051ab,39591,97887,3,78.78
2026/10/10 21:26:07.872,GPU-e3ae17a2-8c3a-b59e-e80d-ac03599051ab,39591,97887,99,151.62
2026/10/10 21:26:08.400,GPU-e3ae17a2-8c3a-b59e-e80d-ac03599051ab,39591,97887,98,219.38
2026/10/10 21:26:08.932,GPU-e3ae17a2-8c3a-b59e-e80d-ac03599051ab,39591,97887,6,142.82
2026/10/10 21:26:09.459,GPU-e3ae17a2-8c3a-b59e-e80d-ac03599051ab,39591,97887,5,90.70
2026/10/10 21:26:09.987,GPU-e3ae17a2-8c3a-b59e-e80d-ac03599051ab,39591,97887,1,78.68
2026/10/10 21:26:10.515,GPU-e3ae17a2-8c3a-b59e-e80d-ac03599051ab,39591,97887,98,151.11
2026/10/10 21:26:11.042,GPU-e3ae17a2-8c3a-b59e-e80d-ac03599051ab,39591,97887,98,241.67
2026/10/10 21:26:11.570,GPU-e3ae17a2-8c3a-b59e-e80d-ac03599051ab,39591,97887,6,189.78
2026/10/10 21:26:12.096,GPU-e3ae17a2-8c3a-b59e-e80d-ac03599051ab,39591,97887,6,79.32
2026/10/10 21:26:12.624,GPU-e3ae17a2-8c3a-b59e-e80d-ac03599051ab,39591,97887,74,94.65
2026/10/10 21:26:13.151,GPU-e3ae17a2-8c3a-b59e-e80d-ac03599051ab,39591,97887,99,156.46
2026/10/10 21:26:13.682,GPU-e3ae17a2-8c3a-b59e-e80d-ac03599051ab,39591,97887,85,199.57
2026/10/10 21:26:14.211,GPU-e3ae17a2-8c3a-b59e-e80d-ac03599051ab,39591,97887,6,134.21
2026/10/10 21:26:14.737,GPU-e3ae17a2-8c3a-b59e-e80d-ac03599051ab,39591,97887,5,78.61
2026/10/10 21:26:15.266,GPU-e3ae17a2-8c3a-b59e-e80d-ac03599051ab,39591,97887,88,98.72
2026/10/10 21:26:15.797,GPU-e3ae17a2-8c3a-b59e-e80d-ac03599051ab,39591,97887,99,158.94
2026/10/10 21:26:16.325,GPU-e3ae17a2-8c3a-b59e-e80d-ac03599051ab,39591,97887,88,193.20
2026/10/10 21:26:16.852,GPU-e3ae17a2-8c3a-b59e-e80d-ac03599051ab,39591,97887,6,138.19
2026/10/10 21:26:17.380,GPU-e3ae17a2-8c3a-b59e-e80d-ac03599051ab,39591,97887,6,79.43
2026/10/10 21:26:17.908,GPU-e3ae17a2-8c3a-b59e-e80d-ac03599051ab,39591,97887,97,121.42
2026/10/10 21:26:18.436,GPU-e3ae17a2-8c3a-b59e-e80d-ac03599051ab,39591,97887,99,229.86
2026/10/10 21:26:18.964,GPU-e3ae17a2-8c3a-b59e-e80d-ac03599051ab,39591,97887,53,231.44
2026/10/10 21:26:19.492,GPU-e3ae17a2-8c3a-b59e-e80d-ac03599051ab,39591,97887,6,119.14
2026/10/10 21:26:20.019,GPU-e3ae17a2-8c3a-b59e-e80d-ac03599051ab,39591,97887,5,78.72
2026/10/10 21:26:20.548,GPU-e3ae17a2-8c3a-b59e-e80d-ac03599051ab,39591,97887,99,108.66
2026/10/10 21:26:21.077,GPU-e3ae17a2-8c3a-b59e-e80d-ac03599051ab,39591,97887,100,203.88
2026/10/10 21:26:21.606,GPU-e3ae17a2-8c3a-b59e-e80d-ac03599051ab,39591,97887,37,216.91
2026/10/10 21:26:22.135,GPU-e3ae17a2-8c3a-b59e-e80d-ac03599051ab,39591,97887,6,130.29
2026/10/10 21:26:22.664,GPU-e3ae17a2-8c3a-b59e-e80d-ac03599051ab,39591,97887,5,78.59
2026/10/10 21:26:23.190,GPU-e3ae17a2-8c3a-b59e-e80d-ac03599051ab,39591,97887,5,86.44
2026/10/10 21:26:23.718,GPU-e3ae17a2-8c3a-b59e-e80d-ac03599051ab,39591,97887,99,208.25
2026/10/10 21:26:24.247,GPU-e3ae17a2-8c3a-b59e-e80d-ac03599051ab,39591,97887,78,235.90
2026/10/10 21:26:24.774,GPU-e3ae17a2-8c3a-b59e-e80d-ac03599051ab,39591,97887,4,141.52
2026/10/10 21:26:25.310,GPU-e3ae17a2-8c3a-b59e-e80d-ac03599051ab,39591,97887,5,79.25
2026/10/10 21:26:25.838,GPU-e3ae17a2-8c3a-b59e-e80d-ac03599051ab,39591,97887,77,96.08
2026/10/10 21:26:26.368,GPU-e3ae17a2-8c3a-b59e-e80d-ac03599051ab,39591,97887,99,153.68
2026/10/10 21:26:26.896,GPU-e3ae17a2-8c3a-b59e-e80d-ac03599051ab,39591,97887,99,239.78
2026/10/10 21:26:27.424,GPU-e3ae17a2-8c3a-b59e-e80d-ac03599051ab,39591,97887,6,172.34
2026/10/10 21:26:27.951,GPU-e3ae17a2-8c3a-b59e-e80d-ac03599051ab,39591,97887,6,79.19
2026/10/10 21:26:28.479,GPU-e3ae17a2-8c3a-b59e-e80d-ac03599051ab,39591,97887,96,100.35
2026/10/10 21:26:29.012,GPU-e3ae17a2-8c3a-b59e-e80d-ac03599051ab,39591,97887,99,180.10
2026/10/10 21:26:29.540,GPU-e3ae17a2-8c3a-b59e-e80d-ac03599051ab,39591,97887,100,219.47
2026/10/10 21:26:30.066,GPU-e3ae17a2-8c3a-b59e-e80d-ac03599051ab,39591,97887,6,162.28
2026/10/10 21:26:30.592,GPU-e3ae17a2-8c3a-b59e-e80d-ac03599051ab,39591,97887,5,79.34
2026/10/10 21:26:31.120,GPU-e3ae17a2-8c3a-b59e-e80d-ac03599051ab,39591,97887,98,120.45
2026/10/10 21:26:31.649,GPU-e3ae17a2-8c3a-b59e-e80d-ac03599051ab,39591,97887,99,190.85
2026/10/10 21:26:32.177,GPU-e3ae17a2-8c3a-b59e-e80d-ac03599051ab,39591,97887,99,225.40
2026/10/10 21:26:32.707,GPU-e3ae17a2-8c3a-b59e-e80d-ac03599051ab,39591,97887,6,161.99
2026/10/10 21:26:33.234,GPU-e3ae17a2-8c3a-b59e-e80d-ac03599051ab,39591,97887,5,79.32
2026/10/10 21:26:33.760,GPU-e3ae17a2-8c3a-b59e-e80d-ac03599051ab,39591,97887,88,111.88
2026/10/10 21:26:34.289,GPU-e3ae17a2-8c3a-b59e-e80d-ac03599051ab,39591,97887,99,180.18
2026/10/10 21:26:34.817,GPU-e3ae17a2-8c3a-b59e-e80d-ac03599051ab,39591,97887,6,211.59
2026/10/10 21:26:35.346,GPU-e3ae17a2-8c3a-b59e-e80d-ac03599051ab,39591,97887,6,150.75
2026/10/10 21:26:35.873,GPU-e3ae17a2-8c3a-b59e-e80d-ac03599051ab,39591,97887,5,80.07
2026/10/10 21:26:36.400,GPU-e3ae17a2-8c3a-b59e-e80d-ac03599051ab,39591,97887,63,100.95
2026/10/10 21:26:36.928,GPU-e3ae17a2-8c3a-b59e-e80d-ac03599051ab,39591,97887,99,195.75
2026/10/10 21:26:37.455,GPU-e3ae17a2-8c3a-b59e-e80d-ac03599051ab,39591,97887,6,209.75
2026/10/10 21:26:37.985,GPU-e3ae17a2-8c3a-b59e-e80d-ac03599051ab,39591,97887,6,115.47
2026/10/10 21:26:38.513,GPU-e3ae17a2-8c3a-b59e-e80d-ac03599051ab,39591,97887,5,79.39
2026/10/10 21:26:39.040,GPU-e3ae17a2-8c3a-b59e-e80d-ac03599051ab,39591,97887,99,117.47
2026/10/10 21:26:39.570,GPU-e3ae17a2-8c3a-b59e-e80d-ac03599051ab,39591,97887,99,206.51
2026/10/10 21:26:40.097,GPU-e3ae17a2-8c3a-b59e-e80d-ac03599051ab,39591,97887,6,232.62
2026/10/10 21:26:40.630,GPU-e3ae17a2-8c3a-b59e-e80d-ac03599051ab,39591,97887,5,137.39
2026/10/10 21:26:41.159,GPU-e3ae17a2-8c3a-b59e-e80d-ac03599051ab,39591,97887,5,79.97
2026/10/10 21:26:41.686,GPU-e3ae17a2-8c3a-b59e-e80d-ac03599051ab,39591,97887,99,98.86
2026/10/10 21:26:42.214,GPU-e3ae17a2-8c3a-b59e-e80d-ac03599051ab,39591,97887,100,192.66
2026/10/10 21:26:42.743,GPU-e3ae17a2-8c3a-b59e-e80d-ac03599051ab,39591,97887,85,220.67
2026/10/10 21:26:43.271,GPU-e3ae17a2-8c3a-b59e-e80d-ac03599051ab,39591,97887,6,135.13
2026/10/10 21:26:43.797,GPU-e3ae17a2-8c3a-b59e-e80d-ac03599051ab,39591,97887,6,79.36
2026/10/10 21:26:44.324,GPU-e3ae17a2-8c3a-b59e-e80d-ac03599051ab,39591,97887,97,108.55
2026/10/10 21:26:44.851,GPU-e3ae17a2-8c3a-b59e-e80d-ac03599051ab,39591,97887,99,188.77
2026/10/10 21:26:45.378,GPU-e3ae17a2-8c3a-b59e-e80d-ac03599051ab,39591,97887,98,236.54
2026/10/10 21:26:45.907,GPU-e3ae17a2-8c3a-b59e-e80d-ac03599051ab,39591,97887,6,161.32
2026/10/10 21:26:46.435,GPU-e3ae17a2-8c3a-b59e-e80d-ac03599051ab,39591,97887,5,79.21
2026/10/10 21:26:46.963,GPU-e3ae17a2-8c3a-b59e-e80d-ac03599051ab,39591,97887,72,99.78
2026/10/10 21:26:47.498,GPU-e3ae17a2-8c3a-b59e-e80d-ac03599051ab,39591,97887,98,179.25
2026/10/10 21:26:48.025,GPU-e3ae17a2-8c3a-b59e-e80d-ac03599051ab,39591,97887,99,230.19
2026/10/10 21:26:48.552,GPU-e3ae17a2-8c3a-b59e-e80d-ac03599051ab,39591,97887,6,135.74
2026/10/10 21:26:49.078,GPU-e3ae17a2-8c3a-b59e-e80d-ac03599051ab,39591,97887,6,79.70
2026/10/10 21:26:49.607,GPU-e3ae17a2-8c3a-b59e-e80d-ac03599051ab,39591,97887,32,106.80
2026/10/10 21:26:50.137,GPU-e3ae17a2-8c3a-b59e-e80d-ac03599051ab,39591,97887,99,203.65
2026/10/10 21:26:50.668,GPU-e3ae17a2-8c3a-b59e-e80d-ac03599051ab,39591,97887,34,240.23
2026/10/10 21:26:51.195,GPU-e3ae17a2-8c3a-b59e-e80d-ac03599051ab,39591,97887,5,162.66
2026/10/10 21:26:51.723,GPU-e3ae17a2-8c3a-b59e-e80d-ac03599051ab,39591,97887,5,79.67
2026/10/10 21:26:52.250,GPU-e3ae17a2-8c3a-b59e-e80d-ac03599051ab,39591,97887,99,108.62
2026/10/10 21:26:52.793,GPU-e3ae17a2-8c3a-b59e-e80d-ac03599051ab,39591,97887,99,193.52
2026/10/10 21:26:53.323,GPU-e3ae17a2-8c3a-b59e-e80d-ac03599051ab,39591,97887,87,229.45
2026/10/10 21:26:53.851,GPU-e3ae17a2-8c3a-b59e-e80d-ac03599051ab,39591,97887,6,138.78
2026/10/10 21:26:54.379,GPU-e3ae17a2-8c3a-b59e-e80d-ac03599051ab,39591,97887,6,79.58
2026/10/10 21:26:54.906,GPU-e3ae17a2-8c3a-b59e-e80d-ac03599051ab,39591,97887,23,82.93
2026/10/10 21:26:55.434,GPU-e3ae17a2-8c3a-b59e-e80d-ac03599051ab,39591,97887,98,150.00
2026/10/10 21:26:55.965,GPU-e3ae17a2-8c3a-b59e-e80d-ac03599051ab,39591,97887,100,235.29
2026/10/10 21:26:56.491,GPU-e3ae17a2-8c3a-b59e-e80d-ac03599051ab,39591,97887,6,194.89
2026/10/10 21:26:57.019,GPU-e3ae17a2-8c3a-b59e-e80d-ac03599051ab,39591,97887,6,118.63
2026/10/10 21:26:57.548,GPU-e3ae17a2-8c3a-b59e-e80d-ac03599051ab,39591,97887,5,79.18
2026/10/10 21:26:58.075,GPU-e3ae17a2-8c3a-b59e-e80d-ac03599051ab,39591,97887,98,148.04
2026/10/10 21:26:58.603,GPU-e3ae17a2-8c3a-b59e-e80d-ac03599051ab,39591,97887,99,228.89
2026/10/10 21:26:59.132,GPU-e3ae17a2-8c3a-b59e-e80d-ac03599051ab,39591,97887,6,205.84
2026/10/10 21:26:59.660,GPU-e3ae17a2-8c3a-b59e-e80d-ac03599051ab,39591,97887,5,106.12
2026/10/10 21:27:00.188,GPU-e3ae17a2-8c3a-b59e-e80d-ac03599051ab,39591,97887,6,79.61
2026/10/10 21:27:00.716,GPU-e3ae17a2-8c3a-b59e-e80d-ac03599051ab,39591,97887,99,111.21
2026/10/10 21:27:01.247,GPU-e3ae17a2-8c3a-b59e-e80d-ac03599051ab,39591,97887,99,208.26
2026/10/10 21:27:01.775,GPU-e3ae17a2-8c3a-b59e-e80d-ac03599051ab,39591,97887,100,226.09
2026/10/10 21:27:02.302,GPU-e3ae17a2-8c3a-b59e-e80d-ac03599051ab,39591,97887,6,146.68
2026/10/10 21:27:02.831,GPU-e3ae17a2-8c3a-b59e-e80d-ac03599051ab,39591,97887,4,79.18
2026/10/10 21:27:03.358,GPU-e3ae17a2-8c3a-b59e-e80d-ac03599051ab,39591,97887,75,99.09
2026/10/10 21:27:03.888,GPU-e3ae17a2-8c3a-b59e-e80d-ac03599051ab,39591,97887,98,188.56
2026/10/10 21:27:04.416,GPU-e3ae17a2-8c3a-b59e-e80d-ac03599051ab,39591,97887,100,254.39
2026/10/10 21:27:04.944,GPU-e3ae17a2-8c3a-b59e-e80d-ac03599051ab,39591,97887,5,156.24
2026/10/10 21:27:05.472,GPU-e3ae17a2-8c3a-b59e-e80d-ac03599051ab,39591,97887,5,79.88
2026/10/10 21:27:06.000,GPU-e3ae17a2-8c3a-b59e-e80d-ac03599051ab,39591,97887,4,89.41
2026/10/10 21:27:06.528,GPU-e3ae17a2-8c3a-b59e-e80d-ac03599051ab,39591,97887,99,167.00
2026/10/10 21:27:07.054,GPU-e3ae17a2-8c3a-b59e-e80d-ac03599051ab,39591,97887,99,248.22
2026/10/10 21:27:07.581,GPU-e3ae17a2-8c3a-b59e-e80d-ac03599051ab,39591,97887,6,174.89
2026/10/10 21:27:08.109,GPU-e3ae17a2-8c3a-b59e-e80d-ac03599051ab,39591,97887,4,93.59
2026/10/10 21:27:08.637,GPU-e3ae17a2-8c3a-b59e-e80d-ac03599051ab,39591,97887,1,79.37
2026/10/10 21:27:09.173,GPU-e3ae17a2-8c3a-b59e-e80d-ac03599051ab,39591,97887,99,169.87
2026/10/10 21:27:09.698,GPU-e3ae17a2-8c3a-b59e-e80d-ac03599051ab,39591,97887,99,245.83
2026/10/10 21:27:10.228,GPU-e3ae17a2-8c3a-b59e-e80d-ac03599051ab,39591,97887,6,183.58
2026/10/10 21:27:10.757,GPU-e3ae17a2-8c3a-b59e-e80d-ac03599051ab,39591,97887,2,97.38
2026/10/10 21:27:11.291,GPU-e3ae17a2-8c3a-b59e-e80d-ac03599051ab,39591,97887,5,79.43
2026/10/10 21:27:11.819,GPU-e3ae17a2-8c3a-b59e-e80d-ac03599051ab,39591,97887,99,133.44
2026/10/10 21:27:12.348,GPU-e3ae17a2-8c3a-b59e-e80d-ac03599051ab,39591,97887,99,213.39
2026/10/10 21:27:12.878,GPU-e3ae17a2-8c3a-b59e-e80d-ac03599051ab,39591,97887,6,208.07
2026/10/10 21:27:13.406,GPU-e3ae17a2-8c3a-b59e-e80d-ac03599051ab,39591,97887,6,135.51
2026/10/10 21:27:13.933,GPU-e3ae17a2-8c3a-b59e-e80d-ac03599051ab,39591,97887,5,79.66
2026/10/10 21:27:14.461,GPU-e3ae17a2-8c3a-b59e-e80d-ac03599051ab,39591,97887,100,148.06
2026/10/10 21:27:14.992,GPU-e3ae17a2-8c3a-b59e-e80d-ac03599051ab,39591,97887,99,226.87
2026/10/10 21:27:15.520,GPU-e3ae17a2-8c3a-b59e-e80d-ac03599051ab,39591,97887,5,205.19
2026/10/10 21:27:16.049,GPU-e3ae17a2-8c3a-b59e-e80d-ac03599051ab,39591,97887,6,143.89
2026/10/10 21:27:16.577,GPU-e3ae17a2-8c3a-b59e-e80d-ac03599051ab,39591,97887,5,80.16
2026/10/10 21:27:17.107,GPU-e3ae17a2-8c3a-b59e-e80d-ac03599051ab,39591,97887,99,101.49
2026/10/10 21:27:17.637,GPU-e3ae17a2-8c3a-b59e-e80d-ac03599051ab,39591,97887,99,183.59
2026/10/10 21:27:18.167,GPU-e3ae17a2-8c3a-b59e-e80d-ac03599051ab,39591,97887,99,232.41
2026/10/10 21:27:18.695,GPU-e3ae17a2-8c3a-b59e-e80d-ac03599051ab,39591,97887,6,155.84
2026/10/10 21:27:19.222,GPU-e3ae17a2-8c3a-b59e-e80d-ac03599051ab,39591,97887,5,80.49
2026/10/10 21:27:19.751,GPU-e3ae17a2-8c3a-b59e-e80d-ac03599051ab,39591,97887,58,87.93
2026/10/10 21:27:20.280,GPU-e3ae17a2-8c3a-b59e-e80d-ac03599051ab,39591,97887,99,186.59
2026/10/10 21:27:20.810,GPU-e3ae17a2-8c3a-b59e-e80d-ac03599051ab,39591,97887,99,234.19
2026/10/10 21:27:21.340,GPU-e3ae17a2-8c3a-b59e-e80d-ac03599051ab,39591,97887,5,169.73
2026/10/10 21:27:21.868,GPU-e3ae17a2-8c3a-b59e-e80d-ac03599051ab,39591,97887,6,79.41
2026/10/10 21:27:22.395,GPU-e3ae17a2-8c3a-b59e-e80d-ac03599051ab,39591,97887,6,107.06
2026/10/10 21:27:22.923,GPU-e3ae17a2-8c3a-b59e-e80d-ac03599051ab,39591,97887,99,188.22
2026/10/10 21:27:23.451,GPU-e3ae17a2-8c3a-b59e-e80d-ac03599051ab,39591,97887,99,240.83
2026/10/10 21:27:23.979,GPU-e3ae17a2-8c3a-b59e-e80d-ac03599051ab,39591,97887,5,161.55
2026/10/10 21:27:24.508,GPU-e3ae17a2-8c3a-b59e-e80d-ac03599051ab,39591,97887,1,79.40
2026/10/10 21:27:25.035,GPU-e3ae17a2-8c3a-b59e-e80d-ac03599051ab,39591,97887,5,78.89
2026/10/10 21:27:25.574,GPU-e3ae17a2-8c3a-b59e-e80d-ac03599051ab,39591,97887,98,166.27
2026/10/10 21:27:26.104,GPU-e3ae17a2-8c3a-b59e-e80d-ac03599051ab,39591,97887,99,233.95
2026/10/10 21:27:26.632,GPU-e3ae17a2-8c3a-b59e-e80d-ac03599051ab,39591,97887,6,211.15
2026/10/10 21:27:27.162,GPU-e3ae17a2-8c3a-b59e-e80d-ac03599051ab,39591,97887,3,126.67
2026/10/10 21:27:27.690,GPU-e3ae17a2-8c3a-b59e-e80d-ac03599051ab,39591,97887,3,79.24
2026/10/10 21:27:28.220,GPU-e3ae17a2-8c3a-b59e-e80d-ac03599051ab,39591,97887,99,140.24
2026/10/10 21:27:28.748,GPU-e3ae17a2-8c3a-b59e-e80d-ac03599051ab,39591,97887,99,222.25
2026/10/10 21:27:29.277,GPU-e3ae17a2-8c3a-b59e-e80d-ac03599051ab,39591,97887,6,188.12
2026/10/10 21:27:29.804,GPU-e3ae17a2-8c3a-b59e-e80d-ac03599051ab,39591,97887,6,105.73
2026/10/10 21:27:30.332,GPU-e3ae17a2-8c3a-b59e-e80d-ac03599051ab,39591,97887,5,79.14
2026/10/10 21:27:30.860,GPU-e3ae17a2-8c3a-b59e-e80d-ac03599051ab,39591,97887,98,109.93
2026/10/10 21:27:31.389,GPU-e3ae17a2-8c3a-b59e-e80d-ac03599051ab,39591,97887,99,205.15
2026/10/10 21:27:31.918,GPU-e3ae17a2-8c3a-b59e-e80d-ac03599051ab,39591,97887,44,231.05
2026/10/10 21:27:32.447,GPU-e3ae17a2-8c3a-b59e-e80d-ac03599051ab,39591,97887,5,152.45
2026/10/10 21:27:32.975,GPU-e3ae17a2-8c3a-b59e-e80d-ac03599051ab,39591,97887,5,79.63
2026/10/10 21:27:33.504,GPU-e3ae17a2-8c3a-b59e-e80d-ac03599051ab,39591,97887,99,101.52
2026/10/10 21:27:34.033,GPU-e3ae17a2-8c3a-b59e-e80d-ac03599051ab,39591,97887,99,183.39
2026/10/10 21:27:34.563,GPU-e3ae17a2-8c3a-b59e-e80d-ac03599051ab,39591,97887,99,244.86
2026/10/10 21:27:35.093,GPU-e3ae17a2-8c3a-b59e-e80d-ac03599051ab,39591,97887,6,180.11
2026/10/10 21:27:35.621,GPU-e3ae17a2-8c3a-b59e-e80d-ac03599051ab,39591,97887,4,104.06
2026/10/10 21:27:36.150,GPU-e3ae17a2-8c3a-b59e-e80d-ac03599051ab,39591,97887,5,79.48
2026/10/10 21:27:36.679,GPU-e3ae17a2-8c3a-b59e-e80d-ac03599051ab,39591,97887,100,185.32
2026/10/10 21:27:37.208,GPU-e3ae17a2-8c3a-b59e-e80d-ac03599051ab,39591,97887,99,252.22
2026/10/10 21:27:37.737,GPU-e3ae17a2-8c3a-b59e-e80d-ac03599051ab,39591,97887,6,175.62
2026/10/10 21:27:38.264,GPU-e3ae17a2-8c3a-b59e-e80d-ac03599051ab,39591,97887,4,91.73
2026/10/10 21:27:38.792,GPU-e3ae17a2-8c3a-b59e-e80d-ac03599051ab,39591,97887,6,79.09
2026/10/10 21:27:39.320,GPU-e3ae17a2-8c3a-b59e-e80d-ac03599051ab,39591,97887,98,102.32
2026/10/10 21:27:39.852,GPU-e3ae17a2-8c3a-b59e-e80d-ac03599051ab,39591,97887,99,185.70
2026/10/10 21:27:40.380,GPU-e3ae17a2-8c3a-b59e-e80d-ac03599051ab,39591,97887,99,245.98
2026/10/10 21:27:40.908,GPU-e3ae17a2-8c3a-b59e-e80d-ac03599051ab,39591,97887,4,165.06
2026/10/10 21:27:41.436,GPU-e3ae17a2-8c3a-b59e-e80d-ac03599051ab,39591,97887,1,91.50
2026/10/10 21:27:41.966,GPU-e3ae17a2-8c3a-b59e-e80d-ac03599051ab,39591,97887,4,79.07
2026/10/10 21:27:42.498,GPU-e3ae17a2-8c3a-b59e-e80d-ac03599051ab,39591,97887,99,169.49
2026/10/10 21:27:43.026,GPU-e3ae17a2-8c3a-b59e-e80d-ac03599051ab,39591,97887,99,243.32
2026/10/10 21:27:43.557,GPU-e3ae17a2-8c3a-b59e-e80d-ac03599051ab,39591,97887,6,204.43
2026/10/10 21:27:44.084,GPU-e3ae17a2-8c3a-b59e-e80d-ac03599051ab,39591,97887,4,117.49
2026/10/10 21:27:44.613,GPU-e3ae17a2-8c3a-b59e-e80d-ac03599051ab,39591,97887,2,79.09
2026/10/10 21:27:45.140,GPU-e3ae17a2-8c3a-b59e-e80d-ac03599051ab,39591,97887,99,139.05
2026/10/10 21:27:45.671,GPU-e3ae17a2-8c3a-b59e-e80d-ac03599051ab,39591,97887,99,221.36
2026/10/10 21:27:46.200,GPU-e3ae17a2-8c3a-b59e-e80d-ac03599051ab,39591,97887,0,172.07
2026/10/10 21:27:46.728,GPU-e3ae17a2-8c3a-b59e-e80d-ac03599051ab,39591,97887,0,90.19
2026/10/10 21:27:47.257,GPU-e3ae17a2-8c3a-b59e-e80d-ac03599051ab,39591,97887,6,89.81
2026/10/10 21:27:47.811,GPU-e3ae17a2-8c3a-b59e-e80d-ac03599051ab,39591,97887,5,90.42
2026/10/10 21:27:48.338,GPU-e3ae17a2-8c3a-b59e-e80d-ac03599051ab,39591,97887,1,78.70
2026/10/10 21:27:48.869,GPU-e3ae17a2-8c3a-b59e-e80d-ac03599051ab,39591,97887,100,142.03
2026/10/10 21:27:49.396,GPU-e3ae17a2-8c3a-b59e-e80d-ac03599051ab,39591,97887,97,233.42
2026/10/10 21:27:49.924,GPU-e3ae17a2-8c3a-b59e-e80d-ac03599051ab,39591,97887,6,211.34
2026/10/10 21:27:50.452,GPU-e3ae17a2-8c3a-b59e-e80d-ac03599051ab,39591,97887,6,139.51
2026/10/10 21:27:50.979,GPU-e3ae17a2-8c3a-b59e-e80d-ac03599051ab,39591,97887,5,79.61
2026/10/10 21:27:51.508,GPU-e3ae17a2-8c3a-b59e-e80d-ac03599051ab,39591,97887,98,128.52
2026/10/10 21:27:52.035,GPU-e3ae17a2-8c3a-b59e-e80d-ac03599051ab,39591,97887,97,213.01
2026/10/10 21:27:52.568,GPU-e3ae17a2-8c3a-b59e-e80d-ac03599051ab,39591,97887,97,252.52
2026/10/10 21:27:53.095,GPU-e3ae17a2-8c3a-b59e-e80d-ac03599051ab,39591,97887,6,148.96
2026/10/10 21:27:53.622,GPU-e3ae17a2-8c3a-b59e-e80d-ac03599051ab,39591,97887,5,79.61
2026/10/10 21:27:54.150,GPU-e3ae17a2-8c3a-b59e-e80d-ac03599051ab,39591,97887,62,88.22
2026/10/10 21:27:54.680,GPU-e3ae17a2-8c3a-b59e-e80d-ac03599051ab,39591,97887,97,167.81
2026/10/10 21:27:55.209,GPU-e3ae17a2-8c3a-b59e-e80d-ac03599051ab,39591,97887,98,246.04
2026/10/10 21:27:55.738,GPU-e3ae17a2-8c3a-b59e-e80d-ac03599051ab,39591,97887,6,189.64
2026/10/10 21:27:56.266,GPU-e3ae17a2-8c3a-b59e-e80d-ac03599051ab,39591,97887,3,121.62
2026/10/10 21:27:56.793,GPU-e3ae17a2-8c3a-b59e-e80d-ac03599051ab,39591,97887,3,79.22
2026/10/10 21:27:57.321,GPU-e3ae17a2-8c3a-b59e-e80d-ac03599051ab,39591,97887,97,155.43
2026/10/10 21:27:57.850,GPU-e3ae17a2-8c3a-b59e-e80d-ac03599051ab,39591,97887,100,223.22
2026/10/10 21:27:58.376,GPU-e3ae17a2-8c3a-b59e-e80d-ac03599051ab,39591,97887,6,210.49
2026/10/10 21:27:58.903,GPU-e3ae17a2-8c3a-b59e-e80d-ac03599051ab,39591,97887,3,124.14
2026/10/10 21:27:59.431,GPU-e3ae17a2-8c3a-b59e-e80d-ac03599051ab,39591,97887,5,79.06
2026/10/10 21:27:59.961,GPU-e3ae17a2-8c3a-b59e-e80d-ac03599051ab,39591,97887,97,115.41
2026/10/10 21:28:00.492,GPU-e3ae17a2-8c3a-b59e-e80d-ac03599051ab,39591,97887,98,201.30
2026/10/10 21:28:01.019,GPU-e3ae17a2-8c3a-b59e-e80d-ac03599051ab,39591,97887,100,235.57
2026/10/10 21:28:01.548,GPU-e3ae17a2-8c3a-b59e-e80d-ac03599051ab,39591,97887,6,141.62
2026/10/10 21:28:02.076,GPU-e3ae17a2-8c3a-b59e-e80d-ac03599051ab,39591,97887,6,79.63
2026/10/10 21:28:02.604,GPU-e3ae17a2-8c3a-b59e-e80d-ac03599051ab,39591,97887,96,110.39
2026/10/10 21:28:03.138,GPU-e3ae17a2-8c3a-b59e-e80d-ac03599051ab,39591,97887,97,185.30
2026/10/10 21:28:03.669,GPU-e3ae17a2-8c3a-b59e-e80d-ac03599051ab,39591,97887,97,227.64
2026/10/10 21:28:04.196,GPU-e3ae17a2-8c3a-b59e-e80d-ac03599051ab,39591,97887,5,181.93
2026/10/10 21:28:04.724,GPU-e3ae17a2-8c3a-b59e-e80d-ac03599051ab,39591,97887,6,101.86
2026/10/10 21:28:05.251,GPU-e3ae17a2-8c3a-b59e-e80d-ac03599051ab,39591,97887,6,83.99
2026/10/10 21:28:05.784,GPU-e3ae17a2-8c3a-b59e-e80d-ac03599051ab,39591,97887,99,171.35
2026/10/10 21:28:06.312,GPU-e3ae17a2-8c3a-b59e-e80d-ac03599051ab,39591,97887,97,245.48
2026/10/10 21:28:06.840,GPU-e3ae17a2-8c3a-b59e-e80d-ac03599051ab,39591,97887,6,172.38
2026/10/10 21:28:07.368,GPU-e3ae17a2-8c3a-b59e-e80d-ac03599051ab,39591,97887,2,96.19
2026/10/10 21:28:07.895,GPU-e3ae17a2-8c3a-b59e-e80d-ac03599051ab,39591,97887,5,79.28
2026/10/10 21:28:08.423,GPU-e3ae17a2-8c3a-b59e-e80d-ac03599051ab,39591,97887,97,155.43
2026/10/10 21:28:08.951,GPU-e3ae17a2-8c3a-b59e-e80d-ac03599051ab,39591,97887,98,233.99
2026/10/10 21:28:09.484,GPU-e3ae17a2-8c3a-b59e-e80d-ac03599051ab,39591,97887,68,211.89
2026/10/10 21:28:10.011,GPU-e3ae17a2-8c3a-b59e-e80d-ac03599051ab,39591,97887,6,129.24
2026/10/10 21:28:10.540,GPU-e3ae17a2-8c3a-b59e-e80d-ac03599051ab,39591,97887,6,79.05
2026/10/10 21:28:11.105,GPU-e3ae17a2-8c3a-b59e-e80d-ac03599051ab,39591,97887,97,135.09
2026/10/10 21:28:11.634,GPU-e3ae17a2-8c3a-b59e-e80d-ac03599051ab,39591,97887,96,214.20
2026/10/10 21:28:12.164,GPU-e3ae17a2-8c3a-b59e-e80d-ac03599051ab,39591,97887,59,224.78
2026/10/10 21:28:12.692,GPU-e3ae17a2-8c3a-b59e-e80d-ac03599051ab,39591,97887,5,155.13
2026/10/10 21:28:13.219,GPU-e3ae17a2-8c3a-b59e-e80d-ac03599051ab,39591,97887,5,79.01
2026/10/10 21:28:13.748,GPU-e3ae17a2-8c3a-b59e-e80d-ac03599051ab,39591,97887,97,101.01
2026/10/10 21:28:14.276,GPU-e3ae17a2-8c3a-b59e-e80d-ac03599051ab,39591,97887,97,191.24
2026/10/10 21:28:14.810,GPU-e3ae17a2-8c3a-b59e-e80d-ac03599051ab,39591,97887,100,245.82
2026/10/10 21:28:15.340,GPU-e3ae17a2-8c3a-b59e-e80d-ac03599051ab,39591,97887,5,156.51
2026/10/10 21:28:15.869,GPU-e3ae17a2-8c3a-b59e-e80d-ac03599051ab,39591,97887,1,80.64
2026/10/10 21:28:16.396,GPU-e3ae17a2-8c3a-b59e-e80d-ac03599051ab,39591,97887,4,79.05
2026/10/10 21:28:16.926,GPU-e3ae17a2-8c3a-b59e-e80d-ac03599051ab,39591,97887,97,162.93
2026/10/10 21:28:17.452,GPU-e3ae17a2-8c3a-b59e-e80d-ac03599051ab,39591,97887,97,235.71
2026/10/10 21:28:17.980,GPU-e3ae17a2-8c3a-b59e-e80d-ac03599051ab,39591,97887,6,204.57
2026/10/10 21:28:18.507,GPU-e3ae17a2-8c3a-b59e-e80d-ac03599051ab,39591,97887,6,129.56
2026/10/10 21:28:19.034,GPU-e3ae17a2-8c3a-b59e-e80d-ac03599051ab,39591,97887,5,79.09
2026/10/10 21:28:19.561,GPU-e3ae17a2-8c3a-b59e-e80d-ac03599051ab,39591,97887,97,142.31
2026/10/10 21:28:20.090,GPU-e3ae17a2-8c3a-b59e-e80d-ac03599051ab,39591,97887,100,210.95
2026/10/10 21:28:20.618,GPU-e3ae17a2-8c3a-b59e-e80d-ac03599051ab,39591,97887,41,208.58
2026/10/10 21:28:21.148,GPU-e3ae17a2-8c3a-b59e-e80d-ac03599051ab,39591,97887,6,138.54
2026/10/10 21:28:21.676,GPU-e3ae17a2-8c3a-b59e-e80d-ac03599051ab,39591,97887,5,79.93
2026/10/10 21:28:22.204,GPU-e3ae17a2-8c3a-b59e-e80d-ac03599051ab,39591,97887,97,100.75
2026/10/10 21:28:22.732,GPU-e3ae17a2-8c3a-b59e-e80d-ac03599051ab,39591,97887,99,202.56
2026/10/10 21:28:23.258,GPU-e3ae17a2-8c3a-b59e-e80d-ac03599051ab,39591,97887,97,248.91
2026/10/10 21:28:23.786,GPU-e3ae17a2-8c3a-b59e-e80d-ac03599051ab,39591,97887,5,180.24
2026/10/10 21:28:24.314,GPU-e3ae17a2-8c3a-b59e-e80d-ac03599051ab,39591,97887,2,79.76
2026/10/10 21:28:24.842,GPU-e3ae17a2-8c3a-b59e-e80d-ac03599051ab,39591,97887,2,89.94
2026/10/10 21:28:25.371,GPU-e3ae17a2-8c3a-b59e-e80d-ac03599051ab,39591,97887,97,161.57
2026/10/10 21:28:25.898,GPU-e3ae17a2-8c3a-b59e-e80d-ac03599051ab,39591,97887,97,229.78
2026/10/10 21:28:26.426,GPU-e3ae17a2-8c3a-b59e-e80d-ac03599051ab,39591,97887,6,193.17
2026/10/10 21:28:26.953,GPU-e3ae17a2-8c3a-b59e-e80d-ac03599051ab,39591,97887,2,120.41
2026/10/10 21:28:27.481,GPU-e3ae17a2-8c3a-b59e-e80d-ac03599051ab,39591,97887,3,79.50
2026/10/10 21:28:28.010,GPU-e3ae17a2-8c3a-b59e-e80d-ac03599051ab,39591,97887,100,140.05
2026/10/10 21:28:28.539,GPU-e3ae17a2-8c3a-b59e-e80d-ac03599051ab,39591,97887,97,234.38
2026/10/10 21:28:29.066,GPU-e3ae17a2-8c3a-b59e-e80d-ac03599051ab,39591,97887,14,205.49
2026/10/10 21:28:29.594,GPU-e3ae17a2-8c3a-b59e-e80d-ac03599051ab,39591,97887,5,129.90
2026/10/10 21:28:30.121,GPU-e3ae17a2-8c3a-b59e-e80d-ac03599051ab,39591,97887,2,79.00
2026/10/10 21:28:30.649,GPU-e3ae17a2-8c3a-b59e-e80d-ac03599051ab,39591,97887,97,109.87
2026/10/10 21:28:31.180,GPU-e3ae17a2-8c3a-b59e-e80d-ac03599051ab,39591,97887,97,190.43
2026/10/10 21:28:31.711,GPU-e3ae17a2-8c3a-b59e-e80d-ac03599051ab,39591,97887,97,251.58
2026/10/10 21:28:32.237,GPU-e3ae17a2-8c3a-b59e-e80d-ac03599051ab,39591,97887,5,155.75
2026/10/10 21:28:32.765,GPU-e3ae17a2-8c3a-b59e-e80d-ac03599051ab,39591,97887,5,79.53
2026/10/10 21:28:33.293,GPU-e3ae17a2-8c3a-b59e-e80d-ac03599051ab,39591,97887,1,96.04
2026/10/10 21:28:33.821,GPU-e3ae17a2-8c3a-b59e-e80d-ac03599051ab,39591,97887,97,167.44
2026/10/10 21:28:34.349,GPU-e3ae17a2-8c3a-b59e-e80d-ac03599051ab,39591,97887,97,232.41
2026/10/10 21:28:34.880,GPU-e3ae17a2-8c3a-b59e-e80d-ac03599051ab,39591,97887,6,179.44
2026/10/10 21:28:35.406,GPU-e3ae17a2-8c3a-b59e-e80d-ac03599051ab,39591,97887,0,115.19
2026/10/10 21:28:35.933,GPU-e3ae17a2-8c3a-b59e-e80d-ac03599051ab,39591,97887,5,79.08
2026/10/10 21:28:36.463,GPU-e3ae17a2-8c3a-b59e-e80d-ac03599051ab,39591,97887,2,79.11
2026/10/10 21:28:36.990,GPU-e3ae17a2-8c3a-b59e-e80d-ac03599051ab,39591,97887,97,151.36
2026/10/10 21:28:37.517,GPU-e3ae17a2-8c3a-b59e-e80d-ac03599051ab,39591,97887,97,217.08
2026/10/10 21:28:38.045,GPU-e3ae17a2-8c3a-b59e-e80d-ac03599051ab,39591,97887,6,203.01
2026/10/10 21:28:38.573,GPU-e3ae17a2-8c3a-b59e-e80d-ac03599051ab,39591,97887,5,133.18
2026/10/10 21:28:39.101,GPU-e3ae17a2-8c3a-b59e-e80d-ac03599051ab,39591,97887,5,79.40
2026/10/10 21:28:39.629,GPU-e3ae17a2-8c3a-b59e-e80d-ac03599051ab,39591,97887,100,140.82
2026/10/10 21:28:40.158,GPU-e3ae17a2-8c3a-b59e-e80d-ac03599051ab,39591,97887,97,222.49
2026/10/10 21:28:40.704,GPU-e3ae17a2-8c3a-b59e-e80d-ac03599051ab,39591,97887,97,224.08
2026/10/10 21:28:41.232,GPU-e3ae17a2-8c3a-b59e-e80d-ac03599051ab,39591,97887,6,137.34
2026/10/10 21:28:41.761,GPU-e3ae17a2-8c3a-b59e-e80d-ac03599051ab,39591,97887,5,79.72
2026/10/10 21:28:42.289,GPU-e3ae17a2-8c3a-b59e-e80d-ac03599051ab,39591,97887,31,113.61
2026/10/10 21:28:42.820,GPU-e3ae17a2-8c3a-b59e-e80d-ac03599051ab,39591,97887,100,199.62
2026/10/10 21:28:43.349,GPU-e3ae17a2-8c3a-b59e-e80d-ac03599051ab,39591,97887,97,236.53
2026/10/10 21:28:43.878,GPU-e3ae17a2-8c3a-b59e-e80d-ac03599051ab,39591,97887,6,162.78
2026/10/10 21:28:44.406,GPU-e3ae17a2-8c3a-b59e-e80d-ac03599051ab,39591,97887,5,91.25
2026/10/10 21:28:44.936,GPU-e3ae17a2-8c3a-b59e-e80d-ac03599051ab,39591,97887,48,87.02
2026/10/10 21:28:45.466,GPU-e3ae17a2-8c3a-b59e-e80d-ac03599051ab,39591,97887,97,157.76
2026/10/10 21:28:45.994,GPU-e3ae17a2-8c3a-b59e-e80d-ac03599051ab,39591,97887,97,234.35
2026/10/10 21:28:46.523,GPU-e3ae17a2-8c3a-b59e-e80d-ac03599051ab,39591,97887,6,199.75
2026/10/10 21:28:47.051,GPU-e3ae17a2-8c3a-b59e-e80d-ac03599051ab,39591,97887,4,112.59
2026/10/10 21:28:47.578,GPU-e3ae17a2-8c3a-b59e-e80d-ac03599051ab,39591,97887,3,79.67
2026/10/10 21:28:48.109,GPU-e3ae17a2-8c3a-b59e-e80d-ac03599051ab,39591,97887,98,141.62
2026/10/10 21:28:48.637,GPU-e3ae17a2-8c3a-b59e-e80d-ac03599051ab,39591,97887,97,234.34
2026/10/10 21:28:49.163,GPU-e3ae17a2-8c3a-b59e-e80d-ac03599051ab,39591,97887,6,214.72
2026/10/10 21:28:49.692,GPU-e3ae17a2-8c3a-b59e-e80d-ac03599051ab,39591,97887,6,138.46
2026/10/10 21:28:50.220,GPU-e3ae17a2-8c3a-b59e-e80d-ac03599051ab,39591,97887,5,79.30
2026/10/10 21:28:50.749,GPU-e3ae17a2-8c3a-b59e-e80d-ac03599051ab,39591,97887,97,117.10
2026/10/10 21:28:51.281,GPU-e3ae17a2-8c3a-b59e-e80d-ac03599051ab,39591,97887,97,202.51
2026/10/10 21:28:51.812,GPU-e3ae17a2-8c3a-b59e-e80d-ac03599051ab,39591,97887,100,247.71
2026/10/10 21:28:52.340,GPU-e3ae17a2-8c3a-b59e-e80d-ac03599051ab,39591,97887,6,158.56
2026/10/10 21:28:52.871,GPU-e3ae17a2-8c3a-b59e-e80d-ac03599051ab,39591,97887,6,79.85
2026/10/10 21:28:53.399,GPU-e3ae17a2-8c3a-b59e-e80d-ac03599051ab,39591,97887,87,93.90
2026/10/10 21:28:53.927,GPU-e3ae17a2-8c3a-b59e-e80d-ac03599051ab,39591,97887,99,165.38
2026/10/10 21:28:54.458,GPU-e3ae17a2-8c3a-b59e-e80d-ac03599051ab,39591,97887,97,231.32
2026/10/10 21:28:54.987,GPU-e3ae17a2-8c3a-b59e-e80d-ac03599051ab,39591,97887,5,183.68
2026/10/10 21:28:55.514,GPU-e3ae17a2-8c3a-b59e-e80d-ac03599051ab,39591,97887,3,107.16
2026/10/10 21:28:56.040,GPU-e3ae17a2-8c3a-b59e-e80d-ac03599051ab,39591,97887,4,79.83
2026/10/10 21:28:56.570,GPU-e3ae17a2-8c3a-b59e-e80d-ac03599051ab,39591,97887,97,154.62
2026/10/10 21:28:57.099,GPU-e3ae17a2-8c3a-b59e-e80d-ac03599051ab,39591,97887,96,230.87
2026/10/10 21:28:57.630,GPU-e3ae17a2-8c3a-b59e-e80d-ac03599051ab,39591,97887,6,215.03
2026/10/10 21:28:58.157,GPU-e3ae17a2-8c3a-b59e-e80d-ac03599051ab,39591,97887,3,133.08
2026/10/10 21:28:58.684,GPU-e3ae17a2-8c3a-b59e-e80d-ac03599051ab,39591,97887,5,79.75
2026/10/10 21:28:59.211,GPU-e3ae17a2-8c3a-b59e-e80d-ac03599051ab,39591,97887,97,125.46
2026/10/10 21:28:59.738,GPU-e3ae17a2-8c3a-b59e-e80d-ac03599051ab,39591,97887,97,207.30
2026/10/10 21:29:00.267,GPU-e3ae17a2-8c3a-b59e-e80d-ac03599051ab,39591,97887,79,220.10
2026/10/10 21:29:00.794,GPU-e3ae17a2-8c3a-b59e-e80d-ac03599051ab,39591,97887,6,146.34
2026/10/10 21:29:01.321,GPU-e3ae17a2-8c3a-b59e-e80d-ac03599051ab,39591,97887,5,79.61
2026/10/10 21:29:01.848,GPU-e3ae17a2-8c3a-b59e-e80d-ac03599051ab,39591,97887,98,129.92
2026/10/10 21:29:02.375,GPU-e3ae17a2-8c3a-b59e-e80d-ac03599051ab,39591,97887,97,197.60
2026/10/10 21:29:02.904,GPU-e3ae17a2-8c3a-b59e-e80d-ac03599051ab,39591,97887,97,229.83
2026/10/10 21:29:03.432,GPU-e3ae17a2-8c3a-b59e-e80d-ac03599051ab,39591,97887,5,154.86
2026/10/10 21:29:03.959,GPU-e3ae17a2-8c3a-b59e-e80d-ac03599051ab,39591,97887,5,83.46
2026/10/10 21:29:04.488,GPU-e3ae17a2-8c3a-b59e-e80d-ac03599051ab,39591,97887,5,85.08
2026/10/10 21:29:05.016,GPU-e3ae17a2-8c3a-b59e-e80d-ac03599051ab,39591,97887,98,174.56
2026/10/10 21:29:05.544,GPU-e3ae17a2-8c3a-b59e-e80d-ac03599051ab,39591,97887,97,253.30
2026/10/10 21:29:06.081,GPU-e3ae17a2-8c3a-b59e-e80d-ac03599051ab,39591,97887,6,183.82
2026/10/10 21:29:06.608,GPU-e3ae17a2-8c3a-b59e-e80d-ac03599051ab,39591,97887,1,106.70
2026/10/10 21:29:07.136,GPU-e3ae17a2-8c3a-b59e-e80d-ac03599051ab,39591,97887,6,79.54
2026/10/10 21:29:07.663,GPU-e3ae17a2-8c3a-b59e-e80d-ac03599051ab,39591,97887,97,147.35
2026/10/10 21:29:08.193,GPU-e3ae17a2-8c3a-b59e-e80d-ac03599051ab,39591,97887,97,231.89
2026/10/10 21:29:08.720,GPU-e3ae17a2-8c3a-b59e-e80d-ac03599051ab,39591,97887,76,215.35
2026/10/10 21:29:09.249,GPU-e3ae17a2-8c3a-b59e-e80d-ac03599051ab,39591,97887,6,142.09
2026/10/10 21:29:09.777,GPU-e3ae17a2-8c3a-b59e-e80d-ac03599051ab,39591,97887,6,80.15
2026/10/10 21:29:10.311,GPU-e3ae17a2-8c3a-b59e-e80d-ac03599051ab,39591,97887,95,130.02
2026/10/10 21:29:10.839,GPU-e3ae17a2-8c3a-b59e-e80d-ac03599051ab,39591,97887,97,195.34
2026/10/10 21:29:11.372,GPU-e3ae17a2-8c3a-b59e-e80d-ac03599051ab,39591,97887,98,249.89
2026/10/10 21:29:11.900,GPU-e3ae17a2-8c3a-b59e-e80d-ac03599051ab,39591,97887,99,262.49
2026/10/10 21:29:12.428,GPU-e3ae17a2-8c3a-b59e-e80d-ac03599051ab,39591,97887,98,268.68
2026/10/10 21:29:12.955,GPU-e3ae17a2-8c3a-b59e-e80d-ac03599051ab,39591,97887,98,264.92
2026/10/10 21:29:13.485,GPU-e3ae17a2-8c3a-b59e-e80d-ac03599051ab,39591,97887,98,261.74
2026/10/10 21:29:14.018,GPU-e3ae17a2-8c3a-b59e-e80d-ac03599051ab,39591,97887,99,258.68
2026/10/10 21:29:14.547,GPU-e3ae17a2-8c3a-b59e-e80d-ac03599051ab,39591,97887,98,261.47
2026/10/10 21:29:15.078,GPU-e3ae17a2-8c3a-b59e-e80d-ac03599051ab,39591,97887,98,265.61
2026/10/10 21:29:15.606,GPU-e3ae17a2-8c3a-b59e-e80d-ac03599051ab,39591,97887,97,261.66
2026/10/10 21:29:16.134,GPU-e3ae17a2-8c3a-b59e-e80d-ac03599051ab,39591,97887,98,261.94
2026/10/10 21:29:16.663,GPU-e3ae17a2-8c3a-b59e-e80d-ac03599051ab,39591,97887,98,265.27
2026/10/10 21:29:17.192,GPU-e3ae17a2-8c3a-b59e-e80d-ac03599051ab,39591,97887,98,265.19
2026/10/10 21:29:17.721,GPU-e3ae17a2-8c3a-b59e-e80d-ac03599051ab,39591,97887,99,269.52
2026/10/10 21:29:18.249,GPU-e3ae17a2-8c3a-b59e-e80d-ac03599051ab,39591,97887,98,262.41
2026/10/10 21:29:18.777,GPU-e3ae17a2-8c3a-b59e-e80d-ac03599051ab,39591,97887,98,245.70
2026/10/10 21:29:19.308,GPU-e3ae17a2-8c3a-b59e-e80d-ac03599051ab,39591,97887,98,240.13
2026/10/10 21:29:19.837,GPU-e3ae17a2-8c3a-b59e-e80d-ac03599051ab,39591,97887,99,230.27
2026/10/10 21:29:20.366,GPU-e3ae17a2-8c3a-b59e-e80d-ac03599051ab,39591,97887,99,238.04
2026/10/10 21:29:20.895,GPU-e3ae17a2-8c3a-b59e-e80d-ac03599051ab,39591,97887,99,223.62
2026/10/10 21:29:21.424,GPU-e3ae17a2-8c3a-b59e-e80d-ac03599051ab,39591,97887,98,249.79
2026/10/10 21:29:21.952,GPU-e3ae17a2-8c3a-b59e-e80d-ac03599051ab,39591,97887,99,274.36
2026/10/10 21:29:22.480,GPU-e3ae17a2-8c3a-b59e-e80d-ac03599051ab,39591,97887,99,231.54
2026/10/10 21:29:23.010,GPU-e3ae17a2-8c3a-b59e-e80d-ac03599051ab,39591,97887,99,195.20
2026/10/10 21:29:23.537,GPU-e3ae17a2-8c3a-b59e-e80d-ac03599051ab,39591,97887,99,215.68
2026/10/10 21:29:24.066,GPU-e3ae17a2-8c3a-b59e-e80d-ac03599051ab,39591,97887,99,246.95
2026/10/10 21:29:24.599,GPU-e3ae17a2-8c3a-b59e-e80d-ac03599051ab,39591,97887,99,260.83
2026/10/10 21:29:25.128,GPU-e3ae17a2-8c3a-b59e-e80d-ac03599051ab,39591,97887,99,264.70
2026/10/10 21:29:25.659,GPU-e3ae17a2-8c3a-b59e-e80d-ac03599051ab,39591,97887,99,266.48
2026/10/10 21:29:26.191,GPU-e3ae17a2-8c3a-b59e-e80d-ac03599051ab,39591,97887,99,264.81
2026/10/10 21:29:26.720,GPU-e3ae17a2-8c3a-b59e-e80d-ac03599051ab,39591,97887,99,254.44
2026/10/10 21:29:27.250,GPU-e3ae17a2-8c3a-b59e-e80d-ac03599051ab,39591,97887,99,218.62
2026/10/10 21:29:27.790,GPU-e3ae17a2-8c3a-b59e-e80d-ac03599051ab,39591,97887,99,186.88
2026/10/10 21:29:28.318,GPU-e3ae17a2-8c3a-b59e-e80d-ac03599051ab,39591,97887,99,197.28
2026/10/10 21:29:28.846,GPU-e3ae17a2-8c3a-b59e-e80d-ac03599051ab,39591,97887,99,232.97
2026/10/10 21:29:29.381,GPU-e3ae17a2-8c3a-b59e-e80d-ac03599051ab,39591,97887,99,288.66
2026/10/10 21:29:29.911,GPU-e3ae17a2-8c3a-b59e-e80d-ac03599051ab,39591,97887,99,289.72
2026/10/10 21:29:30.439,GPU-e3ae17a2-8c3a-b59e-e80d-ac03599051ab,39591,97887,99,235.14
2026/10/10 21:29:30.968,GPU-e3ae17a2-8c3a-b59e-e80d-ac03599051ab,39591,97887,99,205.97
2026/10/10 21:29:31.496,GPU-e3ae17a2-8c3a-b59e-e80d-ac03599051ab,39591,97887,98,244.24
2026/10/10 21:29:32.026,GPU-e3ae17a2-8c3a-b59e-e80d-ac03599051ab,39591,97887,98,274.89
2026/10/10 21:29:32.554,GPU-e3ae17a2-8c3a-b59e-e80d-ac03599051ab,39591,97887,99,242.22
2026/10/10 21:29:33.082,GPU-e3ae17a2-8c3a-b59e-e80d-ac03599051ab,39591,97887,99,220.80
2026/10/10 21:29:33.610,GPU-e3ae17a2-8c3a-b59e-e80d-ac03599051ab,39591,97887,99,259.29
2026/10/10 21:29:34.140,GPU-e3ae17a2-8c3a-b59e-e80d-ac03599051ab,39591,97887,99,233.29
2026/10/10 21:29:34.672,GPU-e3ae17a2-8c3a-b59e-e80d-ac03599051ab,39591,97887,100,226.65
2026/10/10 21:29:35.202,GPU-e3ae17a2-8c3a-b59e-e80d-ac03599051ab,39591,97887,99,257.94
2026/10/10 21:29:35.738,GPU-e3ae17a2-8c3a-b59e-e80d-ac03599051ab,39591,97887,99,223.84
2026/10/10 21:29:36.271,GPU-e3ae17a2-8c3a-b59e-e80d-ac03599051ab,39591,97887,99,246.67
2026/10/10 21:29:36.800,GPU-e3ae17a2-8c3a-b59e-e80d-ac03599051ab,39591,97887,99,242.02
2026/10/10 21:29:37.331,GPU-e3ae17a2-8c3a-b59e-e80d-ac03599051ab,39591,97887,99,245.01
2026/10/10 21:29:37.860,GPU-e3ae17a2-8c3a-b59e-e80d-ac03599051ab,39591,97887,99,240.92
2026/10/10 21:29:38.391,GPU-e3ae17a2-8c3a-b59e-e80d-ac03599051ab,39591,97887,98,242.74
2026/10/10 21:29:38.924,GPU-e3ae17a2-8c3a-b59e-e80d-ac03599051ab,39591,97887,99,243.57
2026/10/10 21:29:39.452,GPU-e3ae17a2-8c3a-b59e-e80d-ac03599051ab,39591,97887,99,240.59
2026/10/10 21:29:39.980,GPU-e3ae17a2-8c3a-b59e-e80d-ac03599051ab,39591,97887,99,242.71
2026/10/10 21:29:40.509,GPU-e3ae17a2-8c3a-b59e-e80d-ac03599051ab,39591,97887,98,231.49
2026/10/10 21:29:41.041,GPU-e3ae17a2-8c3a-b59e-e80d-ac03599051ab,39591,97887,100,253.68
2026/10/10 21:29:41.570,GPU-e3ae17a2-8c3a-b59e-e80d-ac03599051ab,39591,97887,99,231.71
2026/10/10 21:29:42.100,GPU-e3ae17a2-8c3a-b59e-e80d-ac03599051ab,39591,97887,99,241.10
2026/10/10 21:29:42.634,GPU-e3ae17a2-8c3a-b59e-e80d-ac03599051ab,39591,97887,98,253.83
2026/10/10 21:29:43.169,GPU-e3ae17a2-8c3a-b59e-e80d-ac03599051ab,39591,97887,99,232.95
2026/10/10 21:29:43.700,GPU-e3ae17a2-8c3a-b59e-e80d-ac03599051ab,39591,97887,99,246.85
2026/10/10 21:29:44.229,GPU-e3ae17a2-8c3a-b59e-e80d-ac03599051ab,39591,97887,99,249.84
2026/10/10 21:29:44.758,GPU-e3ae17a2-8c3a-b59e-e80d-ac03599051ab,39591,97887,99,229.38
2026/10/10 21:29:45.286,GPU-e3ae17a2-8c3a-b59e-e80d-ac03599051ab,39591,97887,98,257.55
2026/10/10 21:29:45.814,GPU-e3ae17a2-8c3a-b59e-e80d-ac03599051ab,39591,97887,100,254.75
2026/10/10 21:29:46.344,GPU-e3ae17a2-8c3a-b59e-e80d-ac03599051ab,39591,97887,99,234.50
2026/10/10 21:29:46.873,GPU-e3ae17a2-8c3a-b59e-e80d-ac03599051ab,39591,97887,99,244.54
2026/10/10 21:29:47.402,GPU-e3ae17a2-8c3a-b59e-e80d-ac03599051ab,39591,97887,99,258.43
2026/10/10 21:29:47.932,GPU-e3ae17a2-8c3a-b59e-e80d-ac03599051ab,39591,97887,99,235.27
2026/10/10 21:29:48.462,GPU-e3ae17a2-8c3a-b59e-e80d-ac03599051ab,39591,97887,98,233.34
2026/10/10 21:29:48.990,GPU-e3ae17a2-8c3a-b59e-e80d-ac03599051ab,39591,97887,99,260.70
2026/10/10 21:29:49.517,GPU-e3ae17a2-8c3a-b59e-e80d-ac03599051ab,39591,97887,100,256.86
2026/10/10 21:29:50.046,GPU-e3ae17a2-8c3a-b59e-e80d-ac03599051ab,39591,97887,100,245.73
2026/10/10 21:29:50.574,GPU-e3ae17a2-8c3a-b59e-e80d-ac03599051ab,39591,97887,99,234.77
2026/10/10 21:29:51.102,GPU-e3ae17a2-8c3a-b59e-e80d-ac03599051ab,39591,97887,98,229.86
2026/10/10 21:29:51.631,GPU-e3ae17a2-8c3a-b59e-e80d-ac03599051ab,39591,97887,99,247.20
2026/10/10 21:29:52.161,GPU-e3ae17a2-8c3a-b59e-e80d-ac03599051ab,39591,97887,99,252.91
2026/10/10 21:29:52.690,GPU-e3ae17a2-8c3a-b59e-e80d-ac03599051ab,39591,97887,99,252.34
2026/10/10 21:29:53.222,GPU-e3ae17a2-8c3a-b59e-e80d-ac03599051ab,39591,97887,98,251.12
2026/10/10 21:29:53.757,GPU-e3ae17a2-8c3a-b59e-e80d-ac03599051ab,39591,97887,99,244.12
2026/10/10 21:29:54.288,GPU-e3ae17a2-8c3a-b59e-e80d-ac03599051ab,39591,97887,98,237.57
2026/10/10 21:29:54.817,GPU-e3ae17a2-8c3a-b59e-e80d-ac03599051ab,39591,97887,99,238.61
2026/10/10 21:29:55.350,GPU-e3ae17a2-8c3a-b59e-e80d-ac03599051ab,39591,97887,98,241.28
2026/10/10 21:29:55.890,GPU-e3ae17a2-8c3a-b59e-e80d-ac03599051ab,39591,97887,99,239.26
2026/10/10 21:29:56.417,GPU-e3ae17a2-8c3a-b59e-e80d-ac03599051ab,39591,97887,99,236.79
2026/10/10 21:29:56.945,GPU-e3ae17a2-8c3a-b59e-e80d-ac03599051ab,39591,97887,99,248.31
2026/10/10 21:29:57.473,GPU-e3ae17a2-8c3a-b59e-e80d-ac03599051ab,39591,97887,99,248.06
2026/10/10 21:29:58.001,GPU-e3ae17a2-8c3a-b59e-e80d-ac03599051ab,39591,97887,99,244.46
2026/10/10 21:29:58.530,GPU-e3ae17a2-8c3a-b59e-e80d-ac03599051ab,39591,97887,99,242.25
2026/10/10 21:29:59.059,GPU-e3ae17a2-8c3a-b59e-e80d-ac03599051ab,39591,97887,99,249.83
2026/10/10 21:29:59.588,GPU-e3ae17a2-8c3a-b59e-e80d-ac03599051ab,39591,97887,100,243.87
2026/10/10 21:30:00.120,GPU-e3ae17a2-8c3a-b59e-e80d-ac03599051ab,39591,97887,99,243.56
2026/10/10 21:30:00.651,GPU-e3ae17a2-8c3a-b59e-e80d-ac03599051ab,39591,97887,99,245.96
2026/10/10 21:30:01.180,GPU-e3ae17a2-8c3a-b59e-e80d-ac03599051ab,39591,97887,100,243.89
2026/10/10 21:30:01.709,GPU-e3ae17a2-8c3a-b59e-e80d-ac03599051ab,39591,97887,99,237.85
2026/10/10 21:30:02.244,GPU-e3ae17a2-8c3a-b59e-e80d-ac03599051ab,39591,97887,99,239.27
2026/10/10 21:30:02.774,GPU-e3ae17a2-8c3a-b59e-e80d-ac03599051ab,39591,97887,99,247.76
2026/10/10 21:30:03.304,GPU-e3ae17a2-8c3a-b59e-e80d-ac03599051ab,39591,97887,99,247.89
2026/10/10 21:30:03.834,GPU-e3ae17a2-8c3a-b59e-e80d-ac03599051ab,39591,97887,99,242.75
2026/10/10 21:30:04.366,GPU-e3ae17a2-8c3a-b59e-e80d-ac03599051ab,39591,97887,98,247.37
2026/10/10 21:30:04.893,GPU-e3ae17a2-8c3a-b59e-e80d-ac03599051ab,39591,97887,99,248.01
2026/10/10 21:30:05.422,GPU-e3ae17a2-8c3a-b59e-e80d-ac03599051ab,39591,97887,99,244.90
2026/10/10 21:30:05.950,GPU-e3ae17a2-8c3a-b59e-e80d-ac03599051ab,39591,97887,99,240.79
2026/10/10 21:30:06.478,GPU-e3ae17a2-8c3a-b59e-e80d-ac03599051ab,39591,97887,99,244.00
2026/10/10 21:30:07.006,GPU-e3ae17a2-8c3a-b59e-e80d-ac03599051ab,39591,97887,98,242.23
2026/10/10 21:30:07.534,GPU-e3ae17a2-8c3a-b59e-e80d-ac03599051ab,39591,97887,99,248.07
2026/10/10 21:30:08.062,GPU-e3ae17a2-8c3a-b59e-e80d-ac03599051ab,39591,97887,99,249.13
2026/10/10 21:30:08.596,GPU-e3ae17a2-8c3a-b59e-e80d-ac03599051ab,39591,97887,99,245.55
2026/10/10 21:30:09.127,GPU-e3ae17a2-8c3a-b59e-e80d-ac03599051ab,39591,97887,98,243.00
2026/10/10 21:30:09.654,GPU-e3ae17a2-8c3a-b59e-e80d-ac03599051ab,39591,97887,100,247.32
2026/10/10 21:30:10.183,GPU-e3ae17a2-8c3a-b59e-e80d-ac03599051ab,39591,97887,100,251.55
2026/10/10 21:30:10.721,GPU-e3ae17a2-8c3a-b59e-e80d-ac03599051ab,39591,97887,99,248.07
2026/10/10 21:30:11.252,GPU-e3ae17a2-8c3a-b59e-e80d-ac03599051ab,39591,97887,99,240.80
2026/10/10 21:30:11.780,GPU-e3ae17a2-8c3a-b59e-e80d-ac03599051ab,39591,97887,99,235.48
2026/10/10 21:30:12.311,GPU-e3ae17a2-8c3a-b59e-e80d-ac03599051ab,39591,97887,98,244.55
2026/10/10 21:30:12.840,GPU-e3ae17a2-8c3a-b59e-e80d-ac03599051ab,39591,97887,99,247.78
2026/10/10 21:30:13.368,GPU-e3ae17a2-8c3a-b59e-e80d-ac03599051ab,39591,97887,97,253.79
2026/10/10 21:30:13.898,GPU-e3ae17a2-8c3a-b59e-e80d-ac03599051ab,39591,97887,100,256.43
2026/10/10 21:30:14.436,GPU-e3ae17a2-8c3a-b59e-e80d-ac03599051ab,39591,97887,96,235.92
2026/10/10 21:30:14.967,GPU-e3ae17a2-8c3a-b59e-e80d-ac03599051ab,39591,97887,96,238.21
2026/10/10 21:30:15.494,GPU-e3ae17a2-8c3a-b59e-e80d-ac03599051ab,39591,97887,97,237.44
2026/10/10 21:30:16.023,GPU-e3ae17a2-8c3a-b59e-e80d-ac03599051ab,39591,97887,98,250.74
2026/10/10 21:30:16.550,GPU-e3ae17a2-8c3a-b59e-e80d-ac03599051ab,39591,97887,100,252.56
2026/10/10 21:30:17.079,GPU-e3ae17a2-8c3a-b59e-e80d-ac03599051ab,39591,97887,97,239.87
2026/10/10 21:30:17.608,GPU-e3ae17a2-8c3a-b59e-e80d-ac03599051ab,39591,97887,97,238.20
2026/10/10 21:30:18.136,GPU-e3ae17a2-8c3a-b59e-e80d-ac03599051ab,39591,97887,97,243.70
2026/10/10 21:30:18.665,GPU-e3ae17a2-8c3a-b59e-e80d-ac03599051ab,39591,97887,100,258.00
2026/10/10 21:30:19.198,GPU-e3ae17a2-8c3a-b59e-e80d-ac03599051ab,39591,97887,98,254.94
2026/10/10 21:30:19.731,GPU-e3ae17a2-8c3a-b59e-e80d-ac03599051ab,39591,97887,97,235.54
2026/10/10 21:30:20.259,GPU-e3ae17a2-8c3a-b59e-e80d-ac03599051ab,39591,97887,97,239.06
2026/10/10 21:30:20.790,GPU-e3ae17a2-8c3a-b59e-e80d-ac03599051ab,39591,97887,97,240.94
2026/10/10 21:30:21.318,GPU-e3ae17a2-8c3a-b59e-e80d-ac03599051ab,39591,97887,100,249.47
2026/10/10 21:30:21.848,GPU-e3ae17a2-8c3a-b59e-e80d-ac03599051ab,39591,97887,97,250.50
2026/10/10 21:30:22.376,GPU-e3ae17a2-8c3a-b59e-e80d-ac03599051ab,39591,97887,97,232.70
2026/10/10 21:30:22.906,GPU-e3ae17a2-8c3a-b59e-e80d-ac03599051ab,39591,97887,97,237.67
2026/10/10 21:30:23.434,GPU-e3ae17a2-8c3a-b59e-e80d-ac03599051ab,39591,97887,100,253.23
2026/10/10 21:30:23.963,GPU-e3ae17a2-8c3a-b59e-e80d-ac03599051ab,39591,97887,97,255.53
2026/10/10 21:30:24.491,GPU-e3ae17a2-8c3a-b59e-e80d-ac03599051ab,39591,97887,96,253.40
2026/10/10 21:30:25.019,GPU-e3ae17a2-8c3a-b59e-e80d-ac03599051ab,39591,97887,97,237.71
2026/10/10 21:30:25.577,GPU-e3ae17a2-8c3a-b59e-e80d-ac03599051ab,39591,97887,97,243.63
2026/10/10 21:30:26.115,GPU-e3ae17a2-8c3a-b59e-e80d-ac03599051ab,39591,97887,97,248.81
2026/10/10 21:30:26.645,GPU-e3ae17a2-8c3a-b59e-e80d-ac03599051ab,39591,97887,97,250.77
2026/10/10 21:30:27.173,GPU-e3ae17a2-8c3a-b59e-e80d-ac03599051ab,39591,97887,97,238.35
2026/10/10 21:30:27.701,GPU-e3ae17a2-8c3a-b59e-e80d-ac03599051ab,39591,97887,97,239.07
2026/10/10 21:30:28.229,GPU-e3ae17a2-8c3a-b59e-e80d-ac03599051ab,39591,97887,97,241.28
2026/10/10 21:30:28.757,GPU-e3ae17a2-8c3a-b59e-e80d-ac03599051ab,39591,97887,97,255.74
2026/10/10 21:30:29.284,GPU-e3ae17a2-8c3a-b59e-e80d-ac03599051ab,39591,97887,97,253.32
2026/10/10 21:30:29.813,GPU-e3ae17a2-8c3a-b59e-e80d-ac03599051ab,39591,97887,98,242.73
2026/10/10 21:30:30.343,GPU-e3ae17a2-8c3a-b59e-e80d-ac03599051ab,39591,97887,97,241.69
2026/10/10 21:30:30.872,GPU-e3ae17a2-8c3a-b59e-e80d-ac03599051ab,39591,97887,100,243.68
2026/10/10 21:30:31.402,GPU-e3ae17a2-8c3a-b59e-e80d-ac03599051ab,39591,97887,97,252.59
2026/10/10 21:30:31.933,GPU-e3ae17a2-8c3a-b59e-e80d-ac03599051ab,39591,97887,96,251.96
2026/10/10 21:30:32.462,GPU-e3ae17a2-8c3a-b59e-e80d-ac03599051ab,39591,97887,97,238.19
2026/10/10 21:30:32.991,GPU-e3ae17a2-8c3a-b59e-e80d-ac03599051ab,39591,97887,97,236.32
2026/10/10 21:30:33.520,GPU-e3ae17a2-8c3a-b59e-e80d-ac03599051ab,39591,97887,97,249.59
2026/10/10 21:30:34.049,GPU-e3ae17a2-8c3a-b59e-e80d-ac03599051ab,39591,97887,97,253.42
2026/10/10 21:30:34.578,GPU-e3ae17a2-8c3a-b59e-e80d-ac03599051ab,39591,97887,98,237.98
2026/10/10 21:30:35.105,GPU-e3ae17a2-8c3a-b59e-e80d-ac03599051ab,39591,97887,97,235.84
2026/10/10 21:30:35.632,GPU-e3ae17a2-8c3a-b59e-e80d-ac03599051ab,39591,97887,97,237.26
2026/10/10 21:30:36.160,GPU-e3ae17a2-8c3a-b59e-e80d-ac03599051ab,39591,97887,98,256.58
2026/10/10 21:30:36.689,GPU-e3ae17a2-8c3a-b59e-e80d-ac03599051ab,39591,97887,98,255.45
2026/10/10 21:30:37.217,GPU-e3ae17a2-8c3a-b59e-e80d-ac03599051ab,39591,97887,100,250.03
2026/10/10 21:30:37.753,GPU-e3ae17a2-8c3a-b59e-e80d-ac03599051ab,39591,97887,97,237.13
2026/10/10 21:30:38.281,GPU-e3ae17a2-8c3a-b59e-e80d-ac03599051ab,39591,97887,98,244.17
2026/10/10 21:30:38.809,GPU-e3ae17a2-8c3a-b59e-e80d-ac03599051ab,39591,97887,98,250.29
2026/10/10 21:30:39.353,GPU-e3ae17a2-8c3a-b59e-e80d-ac03599051ab,39591,97887,100,253.26
2026/10/10 21:30:39.893,GPU-e3ae17a2-8c3a-b59e-e80d-ac03599051ab,39591,97887,97,239.31
2026/10/10 21:30:40.433,GPU-e3ae17a2-8c3a-b59e-e80d-ac03599051ab,39591,97887,97,238.54
2026/10/10 21:30:40.961,GPU-e3ae17a2-8c3a-b59e-e80d-ac03599051ab,39591,97887,97,242.44
2026/10/10 21:30:41.494,GPU-e3ae17a2-8c3a-b59e-e80d-ac03599051ab,39591,97887,100,252.57
2026/10/10 21:30:42.027,GPU-e3ae17a2-8c3a-b59e-e80d-ac03599051ab,39591,97887,97,255.38
2026/10/10 21:30:42.558,GPU-e3ae17a2-8c3a-b59e-e80d-ac03599051ab,39591,97887,97,237.83
2026/10/10 21:30:43.085,GPU-e3ae17a2-8c3a-b59e-e80d-ac03599051ab,39591,97887,97,239.20
2026/10/10 21:30:43.614,GPU-e3ae17a2-8c3a-b59e-e80d-ac03599051ab,39591,97887,97,237.54
2026/10/10 21:30:44.143,GPU-e3ae17a2-8c3a-b59e-e80d-ac03599051ab,39591,97887,97,249.56
2026/10/10 21:30:44.671,GPU-e3ae17a2-8c3a-b59e-e80d-ac03599051ab,39591,97887,96,254.15
2026/10/10 21:30:45.203,GPU-e3ae17a2-8c3a-b59e-e80d-ac03599051ab,39591,97887,100,246.12
2026/10/10 21:30:45.732,GPU-e3ae17a2-8c3a-b59e-e80d-ac03599051ab,39591,97887,96,234.76
2026/10/10 21:30:46.261,GPU-e3ae17a2-8c3a-b59e-e80d-ac03599051ab,39591,97887,97,240.88
2026/10/10 21:30:46.794,GPU-e3ae17a2-8c3a-b59e-e80d-ac03599051ab,39591,97887,97,257.08
2026/10/10 21:30:47.324,GPU-e3ae17a2-8c3a-b59e-e80d-ac03599051ab,39591,97887,100,254.94
2026/10/10 21:30:47.852,GPU-e3ae17a2-8c3a-b59e-e80d-ac03599051ab,39591,97887,100,233.91
2026/10/10 21:30:48.381,GPU-e3ae17a2-8c3a-b59e-e80d-ac03599051ab,39591,97887,97,239.35
2026/10/10 21:30:48.910,GPU-e3ae17a2-8c3a-b59e-e80d-ac03599051ab,39591,97887,98,241.31
2026/10/10 21:30:49.438,GPU-e3ae17a2-8c3a-b59e-e80d-ac03599051ab,39591,97887,98,243.36
2026/10/10 21:30:49.964,GPU-e3ae17a2-8c3a-b59e-e80d-ac03599051ab,39591,97887,100,254.20
2026/10/10 21:30:50.493,GPU-e3ae17a2-8c3a-b59e-e80d-ac03599051ab,39591,97887,97,239.73
2026/10/10 21:30:51.019,GPU-e3ae17a2-8c3a-b59e-e80d-ac03599051ab,39591,97887,97,236.48
2026/10/10 21:30:51.548,GPU-e3ae17a2-8c3a-b59e-e80d-ac03599051ab,39591,97887,97,237.30
2026/10/10 21:30:52.076,GPU-e3ae17a2-8c3a-b59e-e80d-ac03599051ab,39591,97887,100,254.27
2026/10/10 21:30:52.606,GPU-e3ae17a2-8c3a-b59e-e80d-ac03599051ab,39591,97887,97,242.92
2026/10/10 21:30:53.136,GPU-e3ae17a2-8c3a-b59e-e80d-ac03599051ab,39591,97887,97,241.07
2026/10/10 21:30:53.665,GPU-e3ae17a2-8c3a-b59e-e80d-ac03599051ab,39591,97887,97,248.44
2026/10/10 21:30:54.193,GPU-e3ae17a2-8c3a-b59e-e80d-ac03599051ab,39591,97887,97,256.27
2026/10/10 21:30:54.720,GPU-e3ae17a2-8c3a-b59e-e80d-ac03599051ab,39591,97887,97,254.35
2026/10/10 21:30:55.249,GPU-e3ae17a2-8c3a-b59e-e80d-ac03599051ab,39591,97887,97,254.65
2026/10/10 21:30:55.787,GPU-e3ae17a2-8c3a-b59e-e80d-ac03599051ab,39591,97887,98,243.83
2026/10/10 21:30:56.322,GPU-e3ae17a2-8c3a-b59e-e80d-ac03599051ab,39591,97887,96,240.38
2026/10/10 21:30:56.859,GPU-e3ae17a2-8c3a-b59e-e80d-ac03599051ab,39591,97887,97,247.37
2026/10/10 21:30:57.386,GPU-e3ae17a2-8c3a-b59e-e80d-ac03599051ab,39591,97887,96,237.12
2026/10/10 21:30:57.915,GPU-e3ae17a2-8c3a-b59e-e80d-ac03599051ab,39591,97887,97,226.43
2026/10/10 21:30:58.446,GPU-e3ae17a2-8c3a-b59e-e80d-ac03599051ab,39591,97887,97,237.63
2026/10/10 21:30:58.975,GPU-e3ae17a2-8c3a-b59e-e80d-ac03599051ab,39591,97887,97,255.45
2026/10/10 21:30:59.510,GPU-e3ae17a2-8c3a-b59e-e80d-ac03599051ab,39591,97887,100,252.42
2026/10/10 21:31:00.039,GPU-e3ae17a2-8c3a-b59e-e80d-ac03599051ab,39591,97887,100,237.83
2026/10/10 21:31:00.566,GPU-e3ae17a2-8c3a-b59e-e80d-ac03599051ab,39591,97887,97,239.80
2026/10/10 21:31:01.095,GPU-e3ae17a2-8c3a-b59e-e80d-ac03599051ab,39591,97887,97,250.66
2026/10/10 21:31:01.624,GPU-e3ae17a2-8c3a-b59e-e80d-ac03599051ab,39591,97887,97,253.65
2026/10/10 21:31:02.154,GPU-e3ae17a2-8c3a-b59e-e80d-ac03599051ab,39591,97887,97,255.42
2026/10/10 21:31:02.683,GPU-e3ae17a2-8c3a-b59e-e80d-ac03599051ab,39591,97887,97,237.94
2026/10/10 21:31:03.209,GPU-e3ae17a2-8c3a-b59e-e80d-ac03599051ab,39591,97887,97,237.71
2026/10/10 21:31:03.739,GPU-e3ae17a2-8c3a-b59e-e80d-ac03599051ab,39591,97887,96,240.59
2026/10/10 21:31:04.268,GPU-e3ae17a2-8c3a-b59e-e80d-ac03599051ab,39591,97887,97,255.17
2026/10/10 21:31:04.797,GPU-e3ae17a2-8c3a-b59e-e80d-ac03599051ab,39591,97887,100,247.55
2026/10/10 21:31:05.329,GPU-e3ae17a2-8c3a-b59e-e80d-ac03599051ab,39591,97887,97,237.24
2026/10/10 21:31:05.858,GPU-e3ae17a2-8c3a-b59e-e80d-ac03599051ab,39591,97887,97,240.10
2026/10/10 21:31:06.386,GPU-e3ae17a2-8c3a-b59e-e80d-ac03599051ab,39591,97887,98,251.54
2026/10/10 21:31:06.914,GPU-e3ae17a2-8c3a-b59e-e80d-ac03599051ab,39591,97887,100,255.69
2026/10/10 21:31:07.443,GPU-e3ae17a2-8c3a-b59e-e80d-ac03599051ab,39591,97887,100,254.28
2026/10/10 21:31:07.971,GPU-e3ae17a2-8c3a-b59e-e80d-ac03599051ab,39591,97887,97,240.05
2026/10/10 21:31:08.498,GPU-e3ae17a2-8c3a-b59e-e80d-ac03599051ab,39591,97887,98,233.05
2026/10/10 21:31:09.027,GPU-e3ae17a2-8c3a-b59e-e80d-ac03599051ab,39591,97887,98,238.25
2026/10/10 21:31:09.554,GPU-e3ae17a2-8c3a-b59e-e80d-ac03599051ab,39591,97887,100,253.51
2026/10/10 21:31:10.083,GPU-e3ae17a2-8c3a-b59e-e80d-ac03599051ab,39591,97887,97,241.13
2026/10/10 21:31:10.613,GPU-e3ae17a2-8c3a-b59e-e80d-ac03599051ab,39591,97887,97,237.29
2026/10/10 21:31:11.149,GPU-e3ae17a2-8c3a-b59e-e80d-ac03599051ab,39591,97887,98,237.09
2026/10/10 21:31:11.678,GPU-e3ae17a2-8c3a-b59e-e80d-ac03599051ab,39591,97887,97,254.46
2026/10/10 21:31:12.209,GPU-e3ae17a2-8c3a-b59e-e80d-ac03599051ab,39591,97887,97,254.18
2026/10/10 21:31:12.741,GPU-e3ae17a2-8c3a-b59e-e80d-ac03599051ab,39591,97887,97,252.52
2026/10/10 21:31:13.270,GPU-e3ae17a2-8c3a-b59e-e80d-ac03599051ab,39591,97887,100,238.96
2026/10/10 21:31:13.797,GPU-e3ae17a2-8c3a-b59e-e80d-ac03599051ab,39591,97887,98,243.07
2026/10/10 21:31:14.324,GPU-e3ae17a2-8c3a-b59e-e80d-ac03599051ab,39591,97887,97,247.26
2026/10/10 21:31:14.852,GPU-e3ae17a2-8c3a-b59e-e80d-ac03599051ab,39591,97887,98,254.32
2026/10/10 21:31:15.382,GPU-e3ae17a2-8c3a-b59e-e80d-ac03599051ab,39591,97887,99,254.38
2026/10/10 21:31:15.910,GPU-e3ae17a2-8c3a-b59e-e80d-ac03599051ab,39591,97887,97,236.62
2026/10/10 21:31:16.439,GPU-e3ae17a2-8c3a-b59e-e80d-ac03599051ab,39591,97887,97,236.62
2026/10/10 21:31:16.975,GPU-e3ae17a2-8c3a-b59e-e80d-ac03599051ab,39591,97887,97,246.12
2026/10/10 21:31:17.504,GPU-e3ae17a2-8c3a-b59e-e80d-ac03599051ab,39591,97887,97,254.32
2026/10/10 21:31:18.032,GPU-e3ae17a2-8c3a-b59e-e80d-ac03599051ab,39591,97887,100,247.77
2026/10/10 21:31:18.559,GPU-e3ae17a2-8c3a-b59e-e80d-ac03599051ab,39591,97887,97,235.51
2026/10/10 21:31:19.089,GPU-e3ae17a2-8c3a-b59e-e80d-ac03599051ab,39591,97887,97,242.16
2026/10/10 21:31:19.618,GPU-e3ae17a2-8c3a-b59e-e80d-ac03599051ab,39591,97887,98,249.54
2026/10/10 21:31:20.149,GPU-e3ae17a2-8c3a-b59e-e80d-ac03599051ab,39591,97887,98,250.90
2026/10/10 21:31:20.677,GPU-e3ae17a2-8c3a-b59e-e80d-ac03599051ab,39591,97887,100,251.52
2026/10/10 21:31:21.205,GPU-e3ae17a2-8c3a-b59e-e80d-ac03599051ab,39591,97887,98,243.92
2026/10/10 21:31:21.731,GPU-e3ae17a2-8c3a-b59e-e80d-ac03599051ab,39591,97887,98,245.17
2026/10/10 21:31:22.278,GPU-e3ae17a2-8c3a-b59e-e80d-ac03599051ab,39591,97887,97,255.28
2026/10/10 21:31:22.815,GPU-e3ae17a2-8c3a-b59e-e80d-ac03599051ab,39591,97887,100,251.54
2026/10/10 21:31:23.344,GPU-e3ae17a2-8c3a-b59e-e80d-ac03599051ab,39591,97887,97,239.56
2026/10/10 21:31:23.872,GPU-e3ae17a2-8c3a-b59e-e80d-ac03599051ab,39591,97887,97,235.81
2026/10/10 21:31:24.400,GPU-e3ae17a2-8c3a-b59e-e80d-ac03599051ab,39591,97887,97,247.33
2026/10/10 21:31:24.928,GPU-e3ae17a2-8c3a-b59e-e80d-ac03599051ab,39591,97887,100,254.69
2026/10/10 21:31:25.456,GPU-e3ae17a2-8c3a-b59e-e80d-ac03599051ab,39591,97887,97,254.01
2026/10/10 21:31:25.993,GPU-e3ae17a2-8c3a-b59e-e80d-ac03599051ab,39591,97887,97,237.41
2026/10/10 21:31:26.522,GPU-e3ae17a2-8c3a-b59e-e80d-ac03599051ab,39591,97887,97,238.63
2026/10/10 21:31:27.050,GPU-e3ae17a2-8c3a-b59e-e80d-ac03599051ab,39591,97887,97,242.58
2026/10/10 21:31:27.578,GPU-e3ae17a2-8c3a-b59e-e80d-ac03599051ab,39591,97887,99,252.64
2026/10/10 21:31:28.114,GPU-e3ae17a2-8c3a-b59e-e80d-ac03599051ab,39591,97887,97,250.18
2026/10/10 21:31:28.645,GPU-e3ae17a2-8c3a-b59e-e80d-ac03599051ab,39591,97887,97,238.90
2026/10/10 21:31:29.171,GPU-e3ae17a2-8c3a-b59e-e80d-ac03599051ab,39591,97887,98,239.10
2026/10/10 21:31:29.698,GPU-e3ae17a2-8c3a-b59e-e80d-ac03599051ab,39591,97887,100,253.40
2026/10/10 21:31:30.229,GPU-e3ae17a2-8c3a-b59e-e80d-ac03599051ab,39591,97887,97,255.13
2026/10/10 21:31:30.756,GPU-e3ae17a2-8c3a-b59e-e80d-ac03599051ab,39591,97887,97,256.72
2026/10/10 21:31:31.283,GPU-e3ae17a2-8c3a-b59e-e80d-ac03599051ab,39591,97887,100,242.98
2026/10/10 21:31:31.810,GPU-e3ae17a2-8c3a-b59e-e80d-ac03599051ab,39591,97887,97,239.80
2026/10/10 21:31:32.338,GPU-e3ae17a2-8c3a-b59e-e80d-ac03599051ab,39591,97887,97,247.83
2026/10/10 21:31:32.866,GPU-e3ae17a2-8c3a-b59e-e80d-ac03599051ab,39591,97887,98,256.93
2026/10/10 21:31:33.394,GPU-e3ae17a2-8c3a-b59e-e80d-ac03599051ab,39591,97887,100,254.53
2026/10/10 21:31:33.931,GPU-e3ae17a2-8c3a-b59e-e80d-ac03599051ab,39591,97887,97,235.75
2026/10/10 21:31:34.460,GPU-e3ae17a2-8c3a-b59e-e80d-ac03599051ab,39591,97887,97,236.83
2026/10/10 21:31:34.986,GPU-e3ae17a2-8c3a-b59e-e80d-ac03599051ab,39591,97887,98,242.12
2026/10/10 21:31:35.514,GPU-e3ae17a2-8c3a-b59e-e80d-ac03599051ab,39591,97887,100,254.26
2026/10/10 21:31:36.041,GPU-e3ae17a2-8c3a-b59e-e80d-ac03599051ab,39591,97887,100,256.06
2026/10/10 21:31:36.571,GPU-e3ae17a2-8c3a-b59e-e80d-ac03599051ab,39591,97887,97,248.88
2026/10/10 21:31:37.098,GPU-e3ae17a2-8c3a-b59e-e80d-ac03599051ab,39591,97887,96,239.57
2026/10/10 21:31:37.626,GPU-e3ae17a2-8c3a-b59e-e80d-ac03599051ab,39591,97887,97,241.83
2026/10/10 21:31:38.153,GPU-e3ae17a2-8c3a-b59e-e80d-ac03599051ab,39591,97887,100,252.55
2026/10/10 21:31:38.682,GPU-e3ae17a2-8c3a-b59e-e80d-ac03599051ab,39591,97887,97,250.75
2026/10/10 21:31:39.209,GPU-e3ae17a2-8c3a-b59e-e80d-ac03599051ab,39591,97887,97,236.49
2026/10/10 21:31:39.738,GPU-e3ae17a2-8c3a-b59e-e80d-ac03599051ab,39591,97887,98,228.30
2026/10/10 21:31:40.266,GPU-e3ae17a2-8c3a-b59e-e80d-ac03599051ab,39591,97887,97,239.04
2026/10/10 21:31:40.802,GPU-e3ae17a2-8c3a-b59e-e80d-ac03599051ab,39591,97887,99,255.32
2026/10/10 21:31:41.332,GPU-e3ae17a2-8c3a-b59e-e80d-ac03599051ab,39591,97887,97,248.37
2026/10/10 21:31:41.869,GPU-e3ae17a2-8c3a-b59e-e80d-ac03599051ab,39591,97887,96,232.97
2026/10/10 21:31:42.396,GPU-e3ae17a2-8c3a-b59e-e80d-ac03599051ab,39591,97887,98,240.25
2026/10/10 21:31:42.924,GPU-e3ae17a2-8c3a-b59e-e80d-ac03599051ab,39591,97887,100,257.62
2026/10/10 21:31:43.451,GPU-e3ae17a2-8c3a-b59e-e80d-ac03599051ab,39591,97887,98,255.36
2026/10/10 21:31:43.978,GPU-e3ae17a2-8c3a-b59e-e80d-ac03599051ab,39591,97887,98,257.09
2026/10/10 21:31:44.504,GPU-e3ae17a2-8c3a-b59e-e80d-ac03599051ab,39591,97887,100,250.24
2026/10/10 21:31:45.032,GPU-e3ae17a2-8c3a-b59e-e80d-ac03599051ab,39591,97887,97,238.34
2026/10/10 21:31:45.560,GPU-e3ae17a2-8c3a-b59e-e80d-ac03599051ab,39591,97887,97,248.39
2026/10/10 21:31:46.095,GPU-e3ae17a2-8c3a-b59e-e80d-ac03599051ab,39591,97887,98,256.28
2026/10/10 21:31:46.624,GPU-e3ae17a2-8c3a-b59e-e80d-ac03599051ab,39591,97887,100,252.12
2026/10/10 21:31:47.151,GPU-e3ae17a2-8c3a-b59e-e80d-ac03599051ab,39591,97887,97,240.79
2026/10/10 21:31:47.679,GPU-e3ae17a2-8c3a-b59e-e80d-ac03599051ab,39591,97887,97,242.79
2026/10/10 21:31:48.209,GPU-e3ae17a2-8c3a-b59e-e80d-ac03599051ab,39591,97887,98,235.74
2026/10/10 21:31:48.735,GPU-e3ae17a2-8c3a-b59e-e80d-ac03599051ab,39591,97887,100,257.01
2026/10/10 21:31:49.262,GPU-e3ae17a2-8c3a-b59e-e80d-ac03599051ab,39591,97887,100,255.49
2026/10/10 21:31:49.790,GPU-e3ae17a2-8c3a-b59e-e80d-ac03599051ab,39591,97887,97,239.73
2026/10/10 21:31:50.318,GPU-e3ae17a2-8c3a-b59e-e80d-ac03599051ab,39591,97887,97,235.99
2026/10/10 21:31:50.847,GPU-e3ae17a2-8c3a-b59e-e80d-ac03599051ab,39591,97887,97,249.93
2026/10/10 21:31:51.378,GPU-e3ae17a2-8c3a-b59e-e80d-ac03599051ab,39591,97887,100,259.47
2026/10/10 21:31:51.907,GPU-e3ae17a2-8c3a-b59e-e80d-ac03599051ab,39591,97887,98,254.62
2026/10/10 21:31:52.443,GPU-e3ae17a2-8c3a-b59e-e80d-ac03599051ab,39591,97887,96,236.32
2026/10/10 21:31:52.977,GPU-e3ae17a2-8c3a-b59e-e80d-ac03599051ab,39591,97887,97,234.24
2026/10/10 21:31:53.504,GPU-e3ae17a2-8c3a-b59e-e80d-ac03599051ab,39591,97887,97,248.03
2026/10/10 21:31:54.032,GPU-e3ae17a2-8c3a-b59e-e80d-ac03599051ab,39591,97887,100,254.01
2026/10/10 21:31:54.559,GPU-e3ae17a2-8c3a-b59e-e80d-ac03599051ab,39591,97887,97,247.75
2026/10/10 21:31:55.089,GPU-e3ae17a2-8c3a-b59e-e80d-ac03599051ab,39591,97887,97,239.94
2026/10/10 21:31:55.616,GPU-e3ae17a2-8c3a-b59e-e80d-ac03599051ab,39591,97887,97,241.34
2026/10/10 21:31:56.149,GPU-e3ae17a2-8c3a-b59e-e80d-ac03599051ab,39591,97887,100,256.86
2026/10/10 21:31:56.677,GPU-e3ae17a2-8c3a-b59e-e80d-ac03599051ab,39591,97887,97,257.65
2026/10/10 21:31:57.205,GPU-e3ae17a2-8c3a-b59e-e80d-ac03599051ab,39591,97887,97,256.89
2026/10/10 21:31:57.735,GPU-e3ae17a2-8c3a-b59e-e80d-ac03599051ab,39591,97887,97,240.51
2026/10/10 21:31:58.266,GPU-e3ae17a2-8c3a-b59e-e80d-ac03599051ab,39591,97887,96,239.99
2026/10/10 21:31:58.795,GPU-e3ae17a2-8c3a-b59e-e80d-ac03599051ab,39591,97887,98,247.72
2026/10/10 21:31:59.322,GPU-e3ae17a2-8c3a-b59e-e80d-ac03599051ab,39591,97887,98,253.45
2026/10/10 21:31:59.849,GPU-e3ae17a2-8c3a-b59e-e80d-ac03599051ab,39591,97887,100,241.88
2026/10/10 21:32:00.376,GPU-e3ae17a2-8c3a-b59e-e80d-ac03599051ab,39591,97887,98,240.68
2026/10/10 21:32:00.904,GPU-e3ae17a2-8c3a-b59e-e80d-ac03599051ab,39591,97887,98,241.58
2026/10/10 21:32:01.431,GPU-e3ae17a2-8c3a-b59e-e80d-ac03599051ab,39591,97887,98,253.12
2026/10/10 21:32:01.956,GPU-e3ae17a2-8c3a-b59e-e80d-ac03599051ab,39591,97887,100,254.74
2026/10/10 21:32:02.484,GPU-e3ae17a2-8c3a-b59e-e80d-ac03599051ab,39591,97887,98,259.11
2026/10/10 21:32:03.012,GPU-e3ae17a2-8c3a-b59e-e80d-ac03599051ab,39591,97887,98,251.65
2026/10/10 21:32:03.542,GPU-e3ae17a2-8c3a-b59e-e80d-ac03599051ab,39591,97887,97,240.71
2026/10/10 21:32:04.071,GPU-e3ae17a2-8c3a-b59e-e80d-ac03599051ab,39591,97887,98,243.86
2026/10/10 21:32:04.599,GPU-e3ae17a2-8c3a-b59e-e80d-ac03599051ab,39591,97887,98,236.30
2026/10/10 21:32:05.129,GPU-e3ae17a2-8c3a-b59e-e80d-ac03599051ab,39591,97887,98,257.79
2026/10/10 21:32:05.658,GPU-e3ae17a2-8c3a-b59e-e80d-ac03599051ab,39591,97887,100,253.79
2026/10/10 21:32:06.184,GPU-e3ae17a2-8c3a-b59e-e80d-ac03599051ab,39591,97887,97,239.01
2026/10/10 21:32:06.712,GPU-e3ae17a2-8c3a-b59e-e80d-ac03599051ab,39591,97887,97,239.49
2026/10/10 21:32:07.240,GPU-e3ae17a2-8c3a-b59e-e80d-ac03599051ab,39591,97887,98,247.09
2026/10/10 21:32:07.767,GPU-e3ae17a2-8c3a-b59e-e80d-ac03599051ab,39591,97887,100,256.22
2026/10/10 21:32:08.295,GPU-e3ae17a2-8c3a-b59e-e80d-ac03599051ab,39591,97887,100,258.67
2026/10/10 21:32:08.822,GPU-e3ae17a2-8c3a-b59e-e80d-ac03599051ab,39591,97887,98,242.14
2026/10/10 21:32:09.371,GPU-e3ae17a2-8c3a-b59e-e80d-ac03599051ab,39591,97887,98,241.55
2026/10/10 21:32:09.909,GPU-e3ae17a2-8c3a-b59e-e80d-ac03599051ab,39591,97887,98,238.03
2026/10/10 21:32:10.436,GPU-e3ae17a2-8c3a-b59e-e80d-ac03599051ab,39591,97887,98,255.25
2026/10/10 21:32:10.963,GPU-e3ae17a2-8c3a-b59e-e80d-ac03599051ab,39591,97887,98,259.59
2026/10/10 21:32:11.489,GPU-e3ae17a2-8c3a-b59e-e80d-ac03599051ab,39591,97887,100,241.76
2026/10/10 21:32:12.016,GPU-e3ae17a2-8c3a-b59e-e80d-ac03599051ab,39591,97887,98,237.94
2026/10/10 21:32:12.544,GPU-e3ae17a2-8c3a-b59e-e80d-ac03599051ab,39591,97887,98,236.60
2026/10/10 21:32:13.070,GPU-e3ae17a2-8c3a-b59e-e80d-ac03599051ab,39591,97887,97,244.56
2026/10/10 21:32:13.602,GPU-e3ae17a2-8c3a-b59e-e80d-ac03599051ab,39591,97887,100,255.19
2026/10/10 21:32:14.131,GPU-e3ae17a2-8c3a-b59e-e80d-ac03599051ab,39591,97887,98,255.50
2026/10/10 21:32:14.658,GPU-e3ae17a2-8c3a-b59e-e80d-ac03599051ab,39591,97887,98,239.11
2026/10/10 21:32:15.184,GPU-e3ae17a2-8c3a-b59e-e80d-ac03599051ab,39591,97887,98,232.77
2026/10/10 21:32:15.713,GPU-e3ae17a2-8c3a-b59e-e80d-ac03599051ab,39591,97887,96,245.78
2026/10/10 21:32:16.241,GPU-e3ae17a2-8c3a-b59e-e80d-ac03599051ab,39591,97887,100,241.54
2026/10/10 21:32:16.770,GPU-e3ae17a2-8c3a-b59e-e80d-ac03599051ab,39591,97887,98,237.81
2026/10/10 21:32:17.297,GPU-e3ae17a2-8c3a-b59e-e80d-ac03599051ab,39591,97887,98,234.65
2026/10/10 21:32:17.823,GPU-e3ae17a2-8c3a-b59e-e80d-ac03599051ab,39591,97887,98,238.18
2026/10/10 21:32:18.361,GPU-e3ae17a2-8c3a-b59e-e80d-ac03599051ab,39591,97887,100,259.10
2026/10/10 21:32:18.889,GPU-e3ae17a2-8c3a-b59e-e80d-ac03599051ab,39591,97887,98,258.94
2026/10/10 21:32:19.416,GPU-e3ae17a2-8c3a-b59e-e80d-ac03599051ab,39591,97887,98,251.47
2026/10/10 21:32:19.949,GPU-e3ae17a2-8c3a-b59e-e80d-ac03599051ab,39591,97887,98,240.56
2026/10/10 21:32:20.477,GPU-e3ae17a2-8c3a-b59e-e80d-ac03599051ab,39591,97887,98,237.34
2026/10/10 21:32:21.001,GPU-e3ae17a2-8c3a-b59e-e80d-ac03599051ab,39591,97887,98,240.57
2026/10/10 21:32:21.529,GPU-e3ae17a2-8c3a-b59e-e80d-ac03599051ab,39591,97887,98,255.00
2026/10/10 21:32:22.055,GPU-e3ae17a2-8c3a-b59e-e80d-ac03599051ab,39591,97887,100,248.73
2026/10/10 21:32:22.581,GPU-e3ae17a2-8c3a-b59e-e80d-ac03599051ab,39591,97887,98,242.26
2026/10/10 21:32:23.109,GPU-e3ae17a2-8c3a-b59e-e80d-ac03599051ab,39591,97887,98,238.39
2026/10/10 21:32:23.636,GPU-e3ae17a2-8c3a-b59e-e80d-ac03599051ab,39591,97887,98,238.66
2026/10/10 21:32:24.164,GPU-e3ae17a2-8c3a-b59e-e80d-ac03599051ab,39591,97887,100,252.80
2026/10/10 21:32:24.691,GPU-e3ae17a2-8c3a-b59e-e80d-ac03599051ab,39591,97887,98,253.78
2026/10/10 21:32:25.219,GPU-e3ae17a2-8c3a-b59e-e80d-ac03599051ab,39591,97887,98,253.32
2026/10/10 21:32:25.752,GPU-e3ae17a2-8c3a-b59e-e80d-ac03599051ab,39591,97887,98,239.43
2026/10/10 21:32:26.281,GPU-e3ae17a2-8c3a-b59e-e80d-ac03599051ab,39591,97887,98,240.84
2026/10/10 21:32:26.809,GPU-e3ae17a2-8c3a-b59e-e80d-ac03599051ab,39591,97887,98,243.10
2026/10/10 21:32:27.335,GPU-e3ae17a2-8c3a-b59e-e80d-ac03599051ab,39591,97887,98,254.20
2026/10/10 21:32:27.871,GPU-e3ae17a2-8c3a-b59e-e80d-ac03599051ab,39591,97887,100,242.26
2026/10/10 21:32:28.397,GPU-e3ae17a2-8c3a-b59e-e80d-ac03599051ab,39591,97887,98,240.55
2026/10/10 21:32:28.924,GPU-e3ae17a2-8c3a-b59e-e80d-ac03599051ab,39591,97887,98,239.53
2026/10/10 21:32:29.452,GPU-e3ae17a2-8c3a-b59e-e80d-ac03599051ab,39591,97887,98,249.30
2026/10/10 21:32:29.980,GPU-e3ae17a2-8c3a-b59e-e80d-ac03599051ab,39591,97887,100,255.90
2026/10/10 21:32:30.511,GPU-e3ae17a2-8c3a-b59e-e80d-ac03599051ab,39591,97887,98,256.41
2026/10/10 21:32:31.037,GPU-e3ae17a2-8c3a-b59e-e80d-ac03599051ab,39591,97887,98,252.06
2026/10/10 21:32:31.566,GPU-e3ae17a2-8c3a-b59e-e80d-ac03599051ab,39591,97887,97,241.59
2026/10/10 21:32:32.095,GPU-e3ae17a2-8c3a-b59e-e80d-ac03599051ab,39591,97887,97,240.02
2026/10/10 21:32:32.625,GPU-e3ae17a2-8c3a-b59e-e80d-ac03599051ab,39591,97887,98,250.97
2026/10/10 21:32:33.152,GPU-e3ae17a2-8c3a-b59e-e80d-ac03599051ab,39591,97887,97,253.95
2026/10/10 21:32:33.682,GPU-e3ae17a2-8c3a-b59e-e80d-ac03599051ab,39591,97887,96,231.53
2026/10/10 21:32:34.207,GPU-e3ae17a2-8c3a-b59e-e80d-ac03599051ab,39591,97887,98,237.70
2026/10/10 21:32:34.733,GPU-e3ae17a2-8c3a-b59e-e80d-ac03599051ab,39591,97887,98,241.61
2026/10/10 21:32:35.258,GPU-e3ae17a2-8c3a-b59e-e80d-ac03599051ab,39591,97887,98,254.94
2026/10/10 21:32:35.787,GPU-e3ae17a2-8c3a-b59e-e80d-ac03599051ab,39591,97887,97,259.17
2026/10/10 21:32:36.314,GPU-e3ae17a2-8c3a-b59e-e80d-ac03599051ab,39591,97887,100,240.63
2026/10/10 21:32:36.841,GPU-e3ae17a2-8c3a-b59e-e80d-ac03599051ab,39591,97887,98,236.73
2026/10/10 21:32:37.373,GPU-e3ae17a2-8c3a-b59e-e80d-ac03599051ab,39591,97887,98,238.69
2026/10/10 21:32:37.901,GPU-e3ae17a2-8c3a-b59e-e80d-ac03599051ab,39591,97887,98,252.28
2026/10/10 21:32:38.429,GPU-e3ae17a2-8c3a-b59e-e80d-ac03599051ab,39591,97887,100,250.21
2026/10/10 21:32:38.955,GPU-e3ae17a2-8c3a-b59e-e80d-ac03599051ab,39591,97887,100,237.78
2026/10/10 21:32:39.483,GPU-e3ae17a2-8c3a-b59e-e80d-ac03599051ab,39591,97887,98,241.40
2026/10/10 21:32:40.010,GPU-e3ae17a2-8c3a-b59e-e80d-ac03599051ab,39591,97887,98,256.10
2026/10/10 21:32:40.578,GPU-e3ae17a2-8c3a-b59e-e80d-ac03599051ab,39591,97887,100,251.09
2026/10/10 21:32:41.106,GPU-e3ae17a2-8c3a-b59e-e80d-ac03599051ab,39591,97887,99,245.48
2026/10/10 21:32:41.637,GPU-e3ae17a2-8c3a-b59e-e80d-ac03599051ab,39591,97887,98,240.43
2026/10/10 21:32:42.165,GPU-e3ae17a2-8c3a-b59e-e80d-ac03599051ab,39591,97887,98,242.51
2026/10/10 21:32:42.692,GPU-e3ae17a2-8c3a-b59e-e80d-ac03599051ab,39591,97887,98,255.44
2026/10/10 21:32:43.217,GPU-e3ae17a2-8c3a-b59e-e80d-ac03599051ab,39591,97887,100,253.63
2026/10/10 21:32:43.744,GPU-e3ae17a2-8c3a-b59e-e80d-ac03599051ab,39591,97887,98,258.58
2026/10/10 21:32:44.269,GPU-e3ae17a2-8c3a-b59e-e80d-ac03599051ab,39591,97887,98,237.25
2026/10/10 21:32:44.795,GPU-e3ae17a2-8c3a-b59e-e80d-ac03599051ab,39591,97887,98,242.35
2026/10/10 21:32:45.321,GPU-e3ae17a2-8c3a-b59e-e80d-ac03599051ab,39591,97887,98,239.33
2026/10/10 21:32:45.849,GPU-e3ae17a2-8c3a-b59e-e80d-ac03599051ab,39591,97887,98,246.40
2026/10/10 21:32:46.379,GPU-e3ae17a2-8c3a-b59e-e80d-ac03599051ab,39591,97887,98,251.93
2026/10/10 21:32:46.905,GPU-e3ae17a2-8c3a-b59e-e80d-ac03599051ab,39591,97887,100,240.96
2026/10/10 21:32:47.436,GPU-e3ae17a2-8c3a-b59e-e80d-ac03599051ab,39591,97887,98,240.49
2026/10/10 21:32:47.966,GPU-e3ae17a2-8c3a-b59e-e80d-ac03599051ab,39591,97887,98,241.15
2026/10/10 21:32:48.493,GPU-e3ae17a2-8c3a-b59e-e80d-ac03599051ab,39591,97887,98,257.50
2026/10/10 21:32:49.018,GPU-e3ae17a2-8c3a-b59e-e80d-ac03599051ab,39591,97887,100,257.34
2026/10/10 21:32:49.544,GPU-e3ae17a2-8c3a-b59e-e80d-ac03599051ab,39591,97887,100,257.24
2026/10/10 21:32:50.071,GPU-e3ae17a2-8c3a-b59e-e80d-ac03599051ab,39591,97887,97,240.89
2026/10/10 21:32:50.598,GPU-e3ae17a2-8c3a-b59e-e80d-ac03599051ab,39591,97887,98,244.87
2026/10/10 21:32:51.123,GPU-e3ae17a2-8c3a-b59e-e80d-ac03599051ab,39591,97887,98,241.28
2026/10/10 21:32:51.646,GPU-e3ae17a2-8c3a-b59e-e80d-ac03599051ab,39591,97887,98,249.84
2026/10/10 21:32:52.170,GPU-e3ae17a2-8c3a-b59e-e80d-ac03599051ab,39591,97887,98,250.97
2026/10/10 21:32:52.696,GPU-e3ae17a2-8c3a-b59e-e80d-ac03599051ab,39591,97887,98,241.99
2026/10/10 21:32:53.221,GPU-e3ae17a2-8c3a-b59e-e80d-ac03599051ab,39591,97887,98,239.86
2026/10/10 21:32:53.753,GPU-e3ae17a2-8c3a-b59e-e80d-ac03599051ab,39591,97887,98,236.64
2026/10/10 21:32:54.279,GPU-e3ae17a2-8c3a-b59e-e80d-ac03599051ab,39591,97887,98,257.10
2026/10/10 21:32:54.806,GPU-e3ae17a2-8c3a-b59e-e80d-ac03599051ab,39591,97887,100,255.95
2026/10/10 21:32:55.335,GPU-e3ae17a2-8c3a-b59e-e80d-ac03599051ab,39591,97887,100,256.93
2026/10/10 21:32:55.862,GPU-e3ae17a2-8c3a-b59e-e80d-ac03599051ab,39591,97887,97,248.87
2026/10/10 21:32:56.397,GPU-e3ae17a2-8c3a-b59e-e80d-ac03599051ab,39591,97887,98,235.56
2026/10/10 21:32:56.926,GPU-e3ae17a2-8c3a-b59e-e80d-ac03599051ab,39591,97887,98,250.11
2026/10/10 21:32:57.453,GPU-e3ae17a2-8c3a-b59e-e80d-ac03599051ab,39591,97887,100,254.38
2026/10/10 21:32:57.980,GPU-e3ae17a2-8c3a-b59e-e80d-ac03599051ab,39591,97887,98,241.91
2026/10/10 21:32:58.509,GPU-e3ae17a2-8c3a-b59e-e80d-ac03599051ab,39591,97887,97,239.77
2026/10/10 21:32:59.041,GPU-e3ae17a2-8c3a-b59e-e80d-ac03599051ab,39591,97887,98,235.95
2026/10/10 21:32:59.571,GPU-e3ae17a2-8c3a-b59e-e80d-ac03599051ab,39591,97887,97,236.23
2026/10/10 21:33:00.098,GPU-e3ae17a2-8c3a-b59e-e80d-ac03599051ab,39591,97887,98,253.90
2026/10/10 21:33:00.627,GPU-e3ae17a2-8c3a-b59e-e80d-ac03599051ab,39591,97887,98,256.80
2026/10/10 21:33:01.152,GPU-e3ae17a2-8c3a-b59e-e80d-ac03599051ab,39591,97887,100,241.22
2026/10/10 21:33:01.679,GPU-e3ae17a2-8c3a-b59e-e80d-ac03599051ab,39591,97887,98,239.10
2026/10/10 21:33:02.206,GPU-e3ae17a2-8c3a-b59e-e80d-ac03599051ab,39591,97887,98,244.29
2026/10/10 21:33:02.733,GPU-e3ae17a2-8c3a-b59e-e80d-ac03599051ab,39591,97887,98,247.22
2026/10/10 21:33:03.260,GPU-e3ae17a2-8c3a-b59e-e80d-ac03599051ab,39591,97887,100,256.77
2026/10/10 21:33:03.786,GPU-e3ae17a2-8c3a-b59e-e80d-ac03599051ab,39591,97887,98,248.60
2026/10/10 21:33:04.314,GPU-e3ae17a2-8c3a-b59e-e80d-ac03599051ab,39591,97887,98,240.88
2026/10/10 21:33:04.850,GPU-e3ae17a2-8c3a-b59e-e80d-ac03599051ab,39591,97887,98,241.42
2026/10/10 21:33:05.377,GPU-e3ae17a2-8c3a-b59e-e80d-ac03599051ab,39591,97887,98,240.46
2026/10/10 21:33:05.905,GPU-e3ae17a2-8c3a-b59e-e80d-ac03599051ab,39591,97887,98,253.64
2026/10/10 21:33:06.432,GPU-e3ae17a2-8c3a-b59e-e80d-ac03599051ab,39591,97887,97,251.61
2026/10/10 21:33:06.961,GPU-e3ae17a2-8c3a-b59e-e80d-ac03599051ab,39591,97887,100,237.66
2026/10/10 21:33:07.492,GPU-e3ae17a2-8c3a-b59e-e80d-ac03599051ab,39591,97887,97,240.24
2026/10/10 21:33:08.020,GPU-e3ae17a2-8c3a-b59e-e80d-ac03599051ab,39591,97887,98,241.48
2026/10/10 21:33:08.547,GPU-e3ae17a2-8c3a-b59e-e80d-ac03599051ab,39591,97887,98,256.03
2026/10/10 21:33:09.074,GPU-e3ae17a2-8c3a-b59e-e80d-ac03599051ab,39591,97887,100,253.96
2026/10/10 21:33:09.601,GPU-e3ae17a2-8c3a-b59e-e80d-ac03599051ab,39591,97887,97,239.15
2026/10/10 21:33:10.128,GPU-e3ae17a2-8c3a-b59e-e80d-ac03599051ab,39591,97887,97,240.48
2026/10/10 21:33:10.662,GPU-e3ae17a2-8c3a-b59e-e80d-ac03599051ab,39591,97887,98,243.89
2026/10/10 21:33:11.193,GPU-e3ae17a2-8c3a-b59e-e80d-ac03599051ab,39591,97887,98,257.53
2026/10/10 21:33:11.720,GPU-e3ae17a2-8c3a-b59e-e80d-ac03599051ab,39591,97887,100,256.64
2026/10/10 21:33:12.249,GPU-e3ae17a2-8c3a-b59e-e80d-ac03599051ab,39591,97887,98,247.73
2026/10/10 21:33:12.791,GPU-e3ae17a2-8c3a-b59e-e80d-ac03599051ab,39591,97887,97,241.54
2026/10/10 21:33:13.320,GPU-e3ae17a2-8c3a-b59e-e80d-ac03599051ab,39591,97887,97,243.20
2026/10/10 21:33:13.849,GPU-e3ae17a2-8c3a-b59e-e80d-ac03599051ab,39591,97887,97,246.01
2026/10/10 21:33:14.382,GPU-e3ae17a2-8c3a-b59e-e80d-ac03599051ab,39591,97887,97,254.60
2026/10/10 21:33:14.913,GPU-e3ae17a2-8c3a-b59e-e80d-ac03599051ab,39591,97887,99,240.03
2026/10/10 21:33:15.445,GPU-e3ae17a2-8c3a-b59e-e80d-ac03599051ab,39591,97887,97,240.12
2026/10/10 21:33:15.973,GPU-e3ae17a2-8c3a-b59e-e80d-ac03599051ab,39591,97887,97,241.53
2026/10/10 21:33:16.501,GPU-e3ae17a2-8c3a-b59e-e80d-ac03599051ab,39591,97887,98,256.45
2026/10/10 21:33:17.029,GPU-e3ae17a2-8c3a-b59e-e80d-ac03599051ab,39591,97887,100,255.36
2026/10/10 21:33:17.556,GPU-e3ae17a2-8c3a-b59e-e80d-ac03599051ab,39591,97887,100,256.29
2026/10/10 21:33:18.086,GPU-e3ae17a2-8c3a-b59e-e80d-ac03599051ab,39591,97887,97,249.11
2026/10/10 21:33:18.613,GPU-e3ae17a2-8c3a-b59e-e80d-ac03599051ab,39591,97887,98,241.65
2026/10/10 21:33:19.142,GPU-e3ae17a2-8c3a-b59e-e80d-ac03599051ab,39591,97887,97,240.38
2026/10/10 21:33:19.669,GPU-e3ae17a2-8c3a-b59e-e80d-ac03599051ab,39591,97887,98,254.99
2026/10/10 21:33:20.198,GPU-e3ae17a2-8c3a-b59e-e80d-ac03599051ab,39591,97887,98,249.19
2026/10/10 21:33:20.729,GPU-e3ae17a2-8c3a-b59e-e80d-ac03599051ab,39591,97887,98,244.83
2026/10/10 21:33:21.258,GPU-e3ae17a2-8c3a-b59e-e80d-ac03599051ab,39591,97887,97,236.74
2026/10/10 21:33:21.786,GPU-e3ae17a2-8c3a-b59e-e80d-ac03599051ab,39591,97887,97,240.94
2026/10/10 21:33:22.313,GPU-e3ae17a2-8c3a-b59e-e80d-ac03599051ab,39591,97887,98,254.85
2026/10/10 21:33:22.841,GPU-e3ae17a2-8c3a-b59e-e80d-ac03599051ab,39591,97887,100,253.85
2026/10/10 21:33:23.371,GPU-e3ae17a2-8c3a-b59e-e80d-ac03599051ab,39591,97887,100,255.47
2026/10/10 21:33:23.898,GPU-e3ae17a2-8c3a-b59e-e80d-ac03599051ab,39591,97887,97,247.66
2026/10/10 21:33:24.427,GPU-e3ae17a2-8c3a-b59e-e80d-ac03599051ab,39591,97887,98,233.34
2026/10/10 21:33:24.955,GPU-e3ae17a2-8c3a-b59e-e80d-ac03599051ab,39591,97887,98,238.88
2026/10/10 21:33:25.500,GPU-e3ae17a2-8c3a-b59e-e80d-ac03599051ab,39591,97887,100,254.25
2026/10/10 21:33:26.050,GPU-e3ae17a2-8c3a-b59e-e80d-ac03599051ab,39591,97887,97,239.34
2026/10/10 21:33:26.577,GPU-e3ae17a2-8c3a-b59e-e80d-ac03599051ab,39591,97887,97,237.77
2026/10/10 21:33:27.105,GPU-e3ae17a2-8c3a-b59e-e80d-ac03599051ab,39591,97887,97,239.78
2026/10/10 21:33:27.632,GPU-e3ae17a2-8c3a-b59e-e80d-ac03599051ab,39591,97887,98,252.52
2026/10/10 21:33:28.159,GPU-e3ae17a2-8c3a-b59e-e80d-ac03599051ab,39591,97887,98,255.06
2026/10/10 21:33:28.688,GPU-e3ae17a2-8c3a-b59e-e80d-ac03599051ab,39591,97887,100,258.45
2026/10/10 21:33:29.216,GPU-e3ae17a2-8c3a-b59e-e80d-ac03599051ab,39591,97887,98,238.34
2026/10/10 21:33:29.749,GPU-e3ae17a2-8c3a-b59e-e80d-ac03599051ab,39591,97887,97,240.86
2026/10/10 21:33:30.278,GPU-e3ae17a2-8c3a-b59e-e80d-ac03599051ab,39591,97887,98,240.82
2026/10/10 21:33:30.808,GPU-e3ae17a2-8c3a-b59e-e80d-ac03599051ab,39591,97887,98,250.07
2026/10/10 21:33:31.336,GPU-e3ae17a2-8c3a-b59e-e80d-ac03599051ab,39591,97887,100,260.13
2026/10/10 21:33:31.866,GPU-e3ae17a2-8c3a-b59e-e80d-ac03599051ab,39591,97887,97,242.57
2026/10/10 21:33:32.394,GPU-e3ae17a2-8c3a-b59e-e80d-ac03599051ab,39591,97887,97,241.71
2026/10/10 21:33:32.921,GPU-e3ae17a2-8c3a-b59e-e80d-ac03599051ab,39591,97887,98,261.09
2026/10/10 21:33:33.450,GPU-e3ae17a2-8c3a-b59e-e80d-ac03599051ab,39591,97887,100,258.22
2026/10/10 21:33:33.976,GPU-e3ae17a2-8c3a-b59e-e80d-ac03599051ab,39591,97887,100,248.63
2026/10/10 21:33:34.503,GPU-e3ae17a2-8c3a-b59e-e80d-ac03599051ab,39591,97887,97,239.55
2026/10/10 21:33:35.031,GPU-e3ae17a2-8c3a-b59e-e80d-ac03599051ab,39591,97887,97,247.74
2026/10/10 21:33:35.560,GPU-e3ae17a2-8c3a-b59e-e80d-ac03599051ab,39591,97887,96,248.77
2026/10/10 21:33:36.089,GPU-e3ae17a2-8c3a-b59e-e80d-ac03599051ab,39591,97887,100,253.37
2026/10/10 21:33:36.619,GPU-e3ae17a2-8c3a-b59e-e80d-ac03599051ab,39591,97887,96,234.81
2026/10/10 21:33:37.152,GPU-e3ae17a2-8c3a-b59e-e80d-ac03599051ab,39591,97887,97,239.85
2026/10/10 21:33:37.680,GPU-e3ae17a2-8c3a-b59e-e80d-ac03599051ab,39591,97887,97,238.09
2026/10/10 21:33:38.209,GPU-e3ae17a2-8c3a-b59e-e80d-ac03599051ab,39591,97887,98,249.71
2026/10/10 21:33:38.736,GPU-e3ae17a2-8c3a-b59e-e80d-ac03599051ab,39591,97887,99,256.19
2026/10/10 21:33:39.264,GPU-e3ae17a2-8c3a-b59e-e80d-ac03599051ab,39591,97887,97,249.96
2026/10/10 21:33:39.792,GPU-e3ae17a2-8c3a-b59e-e80d-ac03599051ab,39591,97887,97,235.95
2026/10/10 21:33:40.319,GPU-e3ae17a2-8c3a-b59e-e80d-ac03599051ab,39591,97887,97,239.22
2026/10/10 21:33:40.847,GPU-e3ae17a2-8c3a-b59e-e80d-ac03599051ab,39591,97887,100,251.06
2026/10/10 21:33:41.377,GPU-e3ae17a2-8c3a-b59e-e80d-ac03599051ab,39591,97887,97,253.02
2026/10/10 21:33:41.905,GPU-e3ae17a2-8c3a-b59e-e80d-ac03599051ab,39591,97887,97,251.93
2026/10/10 21:33:42.433,GPU-e3ae17a2-8c3a-b59e-e80d-ac03599051ab,39591,97887,97,239.25
2026/10/10 21:33:42.966,GPU-e3ae17a2-8c3a-b59e-e80d-ac03599051ab,39591,97887,97,235.64
2026/10/10 21:33:43.495,GPU-e3ae17a2-8c3a-b59e-e80d-ac03599051ab,39591,97887,97,248.85
2026/10/10 21:33:44.023,GPU-e3ae17a2-8c3a-b59e-e80d-ac03599051ab,39591,97887,98,254.38
2026/10/10 21:33:44.554,GPU-e3ae17a2-8c3a-b59e-e80d-ac03599051ab,39591,97887,98,238.77
2026/10/10 21:33:45.082,GPU-e3ae17a2-8c3a-b59e-e80d-ac03599051ab,39591,97887,96,237.29
2026/10/10 21:33:45.609,GPU-e3ae17a2-8c3a-b59e-e80d-ac03599051ab,39591,97887,97,237.93
2026/10/10 21:33:46.137,GPU-e3ae17a2-8c3a-b59e-e80d-ac03599051ab,39591,97887,97,259.86
2026/10/10 21:33:46.665,GPU-e3ae17a2-8c3a-b59e-e80d-ac03599051ab,39591,97887,97,257.65
2026/10/10 21:33:47.193,GPU-e3ae17a2-8c3a-b59e-e80d-ac03599051ab,39591,97887,100,249.96
2026/10/10 21:33:47.722,GPU-e3ae17a2-8c3a-b59e-e80d-ac03599051ab,39591,97887,97,233.46
2026/10/10 21:33:48.250,GPU-e3ae17a2-8c3a-b59e-e80d-ac03599051ab,39591,97887,97,239.28
2026/10/10 21:33:48.778,GPU-e3ae17a2-8c3a-b59e-e80d-ac03599051ab,39591,97887,97,255.39
2026/10/10 21:33:49.314,GPU-e3ae17a2-8c3a-b59e-e80d-ac03599051ab,39591,97887,100,255.18
2026/10/10 21:33:49.845,GPU-e3ae17a2-8c3a-b59e-e80d-ac03599051ab,39591,97887,97,238.27
2026/10/10 21:33:50.375,GPU-e3ae17a2-8c3a-b59e-e80d-ac03599051ab,39591,97887,97,239.21
2026/10/10 21:33:50.903,GPU-e3ae17a2-8c3a-b59e-e80d-ac03599051ab,39591,97887,97,240.43
2026/10/10 21:33:51.430,GPU-e3ae17a2-8c3a-b59e-e80d-ac03599051ab,39591,97887,97,249.05
2026/10/10 21:33:51.958,GPU-e3ae17a2-8c3a-b59e-e80d-ac03599051ab,39591,97887,100,248.73
2026/10/10 21:33:52.487,GPU-e3ae17a2-8c3a-b59e-e80d-ac03599051ab,39591,97887,97,236.28
2026/10/10 21:33:53.015,GPU-e3ae17a2-8c3a-b59e-e80d-ac03599051ab,39591,97887,97,241.12
2026/10/10 21:33:53.541,GPU-e3ae17a2-8c3a-b59e-e80d-ac03599051ab,39591,97887,98,254.43
2026/10/10 21:33:54.070,GPU-e3ae17a2-8c3a-b59e-e80d-ac03599051ab,39591,97887,100,258.42
2026/10/10 21:33:54.599,GPU-e3ae17a2-8c3a-b59e-e80d-ac03599051ab,39591,97887,99,258.92
2026/10/10 21:33:55.128,GPU-e3ae17a2-8c3a-b59e-e80d-ac03599051ab,39591,97887,97,251.32
2026/10/10 21:33:55.664,GPU-e3ae17a2-8c3a-b59e-e80d-ac03599051ab,39591,97887,97,241.52
2026/10/10 21:33:56.195,GPU-e3ae17a2-8c3a-b59e-e80d-ac03599051ab,39591,97887,98,247.26
2026/10/10 21:33:56.720,GPU-e3ae17a2-8c3a-b59e-e80d-ac03599051ab,39591,97887,100,255.51
2026/10/10 21:33:57.247,GPU-e3ae17a2-8c3a-b59e-e80d-ac03599051ab,39591,97887,97,240.07
2026/10/10 21:33:57.789,GPU-e3ae17a2-8c3a-b59e-e80d-ac03599051ab,39591,97887,97,236.65
2026/10/10 21:33:58.315,GPU-e3ae17a2-8c3a-b59e-e80d-ac03599051ab,39591,97887,98,238.71
2026/10/10 21:33:58.841,GPU-e3ae17a2-8c3a-b59e-e80d-ac03599051ab,39591,97887,100,256.37
2026/10/10 21:33:59.368,GPU-e3ae17a2-8c3a-b59e-e80d-ac03599051ab,39591,97887,98,256.18
2026/10/10 21:33:59.898,GPU-e3ae17a2-8c3a-b59e-e80d-ac03599051ab,39591,97887,97,258.40
2026/10/10 21:34:00.426,GPU-e3ae17a2-8c3a-b59e-e80d-ac03599051ab,39591,97887,100,249.16
2026/10/10 21:34:00.956,GPU-e3ae17a2-8c3a-b59e-e80d-ac03599051ab,39591,97887,98,240.72
2026/10/10 21:34:01.484,GPU-e3ae17a2-8c3a-b59e-e80d-ac03599051ab,39591,97887,97,241.87
2026/10/10 21:34:02.011,GPU-e3ae17a2-8c3a-b59e-e80d-ac03599051ab,39591,97887,97,245.26
2026/10/10 21:34:02.539,GPU-e3ae17a2-8c3a-b59e-e80d-ac03599051ab,39591,97887,100,256.86
2026/10/10 21:34:03.068,GPU-e3ae17a2-8c3a-b59e-e80d-ac03599051ab,39591,97887,97,238.24
2026/10/10 21:34:03.596,GPU-e3ae17a2-8c3a-b59e-e80d-ac03599051ab,39591,97887,97,235.85
2026/10/10 21:34:04.125,GPU-e3ae17a2-8c3a-b59e-e80d-ac03599051ab,39591,97887,97,237.65
2026/10/10 21:34:04.653,GPU-e3ae17a2-8c3a-b59e-e80d-ac03599051ab,39591,97887,100,257.29
2026/10/10 21:34:05.181,GPU-e3ae17a2-8c3a-b59e-e80d-ac03599051ab,39591,97887,99,257.31
2026/10/10 21:34:05.709,GPU-e3ae17a2-8c3a-b59e-e80d-ac03599051ab,39591,97887,97,251.50
2026/10/10 21:34:06.239,GPU-e3ae17a2-8c3a-b59e-e80d-ac03599051ab,39591,97887,98,258.40
2026/10/10 21:34:06.769,GPU-e3ae17a2-8c3a-b59e-e80d-ac03599051ab,39591,97887,98,272.47
2026/10/10 21:34:07.297,GPU-e3ae17a2-8c3a-b59e-e80d-ac03599051ab,39591,97887,99,271.98
2026/10/10 21:34:07.830,GPU-e3ae17a2-8c3a-b59e-e80d-ac03599051ab,39591,97887,99,268.76
2026/10/10 21:34:08.358,GPU-e3ae17a2-8c3a-b59e-e80d-ac03599051ab,39591,97887,97,271.67
2026/10/10 21:34:08.892,GPU-e3ae17a2-8c3a-b59e-e80d-ac03599051ab,39591,97887,99,269.83
2026/10/10 21:34:09.421,GPU-e3ae17a2-8c3a-b59e-e80d-ac03599051ab,39591,97887,98,263.89
2026/10/10 21:34:09.952,GPU-e3ae17a2-8c3a-b59e-e80d-ac03599051ab,39591,97887,99,264.24
2026/10/10 21:34:10.488,GPU-e3ae17a2-8c3a-b59e-e80d-ac03599051ab,39591,97887,98,268.51
2026/10/10 21:34:11.018,GPU-e3ae17a2-8c3a-b59e-e80d-ac03599051ab,39591,97887,99,270.21
2026/10/10 21:34:11.546,GPU-e3ae17a2-8c3a-b59e-e80d-ac03599051ab,39591,97887,98,271.59
2026/10/10 21:34:12.079,GPU-e3ae17a2-8c3a-b59e-e80d-ac03599051ab,39591,97887,99,272.40
2026/10/10 21:34:12.610,GPU-e3ae17a2-8c3a-b59e-e80d-ac03599051ab,39591,97887,98,273.08
2026/10/10 21:34:13.138,GPU-e3ae17a2-8c3a-b59e-e80d-ac03599051ab,39591,97887,99,257.70
2026/10/10 21:34:13.672,GPU-e3ae17a2-8c3a-b59e-e80d-ac03599051ab,39591,97887,99,250.78
2026/10/10 21:34:14.201,GPU-e3ae17a2-8c3a-b59e-e80d-ac03599051ab,39591,97887,99,240.65
2026/10/10 21:34:14.731,GPU-e3ae17a2-8c3a-b59e-e80d-ac03599051ab,39591,97887,99,253.40
2026/10/10 21:34:15.260,GPU-e3ae17a2-8c3a-b59e-e80d-ac03599051ab,39591,97887,99,237.26
2026/10/10 21:34:15.791,GPU-e3ae17a2-8c3a-b59e-e80d-ac03599051ab,39591,97887,99,225.21
2026/10/10 21:34:16.320,GPU-e3ae17a2-8c3a-b59e-e80d-ac03599051ab,39591,97887,99,269.52
2026/10/10 21:34:16.850,GPU-e3ae17a2-8c3a-b59e-e80d-ac03599051ab,39591,97887,99,268.15
2026/10/10 21:34:17.377,GPU-e3ae17a2-8c3a-b59e-e80d-ac03599051ab,39591,97887,99,204.68
2026/10/10 21:34:17.906,GPU-e3ae17a2-8c3a-b59e-e80d-ac03599051ab,39591,97887,99,196.96
2026/10/10 21:34:18.434,GPU-e3ae17a2-8c3a-b59e-e80d-ac03599051ab,39591,97887,99,231.29
2026/10/10 21:34:18.967,GPU-e3ae17a2-8c3a-b59e-e80d-ac03599051ab,39591,97887,99,259.92
2026/10/10 21:34:19.500,GPU-e3ae17a2-8c3a-b59e-e80d-ac03599051ab,39591,97887,99,263.62
2026/10/10 21:34:20.029,GPU-e3ae17a2-8c3a-b59e-e80d-ac03599051ab,39591,97887,99,265.72
2026/10/10 21:34:20.557,GPU-e3ae17a2-8c3a-b59e-e80d-ac03599051ab,39591,97887,99,265.70
2026/10/10 21:34:21.087,GPU-e3ae17a2-8c3a-b59e-e80d-ac03599051ab,39591,97887,99,257.72
2026/10/10 21:34:21.618,GPU-e3ae17a2-8c3a-b59e-e80d-ac03599051ab,39591,97887,99,225.60
2026/10/10 21:34:22.145,GPU-e3ae17a2-8c3a-b59e-e80d-ac03599051ab,39591,97887,98,191.54
2026/10/10 21:34:22.674,GPU-e3ae17a2-8c3a-b59e-e80d-ac03599051ab,39591,97887,99,203.12
2026/10/10 21:34:23.201,GPU-e3ae17a2-8c3a-b59e-e80d-ac03599051ab,39591,97887,98,245.83
2026/10/10 21:34:23.731,GPU-e3ae17a2-8c3a-b59e-e80d-ac03599051ab,39591,97887,98,295.87
2026/10/10 21:34:24.261,GPU-e3ae17a2-8c3a-b59e-e80d-ac03599051ab,39591,97887,98,292.22
2026/10/10 21:34:24.790,GPU-e3ae17a2-8c3a-b59e-e80d-ac03599051ab,39591,97887,99,226.50
2026/10/10 21:34:25.318,GPU-e3ae17a2-8c3a-b59e-e80d-ac03599051ab,39591,97887,99,199.47
2026/10/10 21:34:25.848,GPU-e3ae17a2-8c3a-b59e-e80d-ac03599051ab,39591,97887,99,243.99
2026/10/10 21:34:26.378,GPU-e3ae17a2-8c3a-b59e-e80d-ac03599051ab,39591,97887,99,281.36
2026/10/10 21:34:26.907,GPU-e3ae17a2-8c3a-b59e-e80d-ac03599051ab,39591,97887,99,231.72
2026/10/10 21:34:27.435,GPU-e3ae17a2-8c3a-b59e-e80d-ac03599051ab,39591,97887,99,222.75
2026/10/10 21:34:27.964,GPU-e3ae17a2-8c3a-b59e-e80d-ac03599051ab,39591,97887,99,263.74
2026/10/10 21:34:28.493,GPU-e3ae17a2-8c3a-b59e-e80d-ac03599051ab,39591,97887,99,238.28
2026/10/10 21:34:29.022,GPU-e3ae17a2-8c3a-b59e-e80d-ac03599051ab,39591,97887,100,238.91
2026/10/10 21:34:29.550,GPU-e3ae17a2-8c3a-b59e-e80d-ac03599051ab,39591,97887,99,262.48
2026/10/10 21:34:30.078,GPU-e3ae17a2-8c3a-b59e-e80d-ac03599051ab,39591,97887,98,228.42
2026/10/10 21:34:30.609,GPU-e3ae17a2-8c3a-b59e-e80d-ac03599051ab,39591,97887,98,255.42
2026/10/10 21:34:31.139,GPU-e3ae17a2-8c3a-b59e-e80d-ac03599051ab,39591,97887,99,244.87
2026/10/10 21:34:31.672,GPU-e3ae17a2-8c3a-b59e-e80d-ac03599051ab,39591,97887,98,242.21
2026/10/10 21:34:32.201,GPU-e3ae17a2-8c3a-b59e-e80d-ac03599051ab,39591,97887,99,247.12
2026/10/10 21:34:32.735,GPU-e3ae17a2-8c3a-b59e-e80d-ac03599051ab,39591,97887,98,245.13
2026/10/10 21:34:33.263,GPU-e3ae17a2-8c3a-b59e-e80d-ac03599051ab,39591,97887,99,245.77
2026/10/10 21:34:33.792,GPU-e3ae17a2-8c3a-b59e-e80d-ac03599051ab,39591,97887,99,245.95
2026/10/10 21:34:34.328,GPU-e3ae17a2-8c3a-b59e-e80d-ac03599051ab,39591,97887,99,244.49
2026/10/10 21:34:34.857,GPU-e3ae17a2-8c3a-b59e-e80d-ac03599051ab,39591,97887,99,234.50
2026/10/10 21:34:35.388,GPU-e3ae17a2-8c3a-b59e-e80d-ac03599051ab,39591,97887,100,256.80
2026/10/10 21:34:35.915,GPU-e3ae17a2-8c3a-b59e-e80d-ac03599051ab,39591,97887,99,240.23
2026/10/10 21:34:36.443,GPU-e3ae17a2-8c3a-b59e-e80d-ac03599051ab,39591,97887,99,251.64
2026/10/10 21:34:36.971,GPU-e3ae17a2-8c3a-b59e-e80d-ac03599051ab,39591,97887,99,252.00
2026/10/10 21:34:37.510,GPU-e3ae17a2-8c3a-b59e-e80d-ac03599051ab,39591,97887,98,238.03
2026/10/10 21:34:38.038,GPU-e3ae17a2-8c3a-b59e-e80d-ac03599051ab,39591,97887,99,262.99
2026/10/10 21:34:38.568,GPU-e3ae17a2-8c3a-b59e-e80d-ac03599051ab,39591,97887,99,243.77
2026/10/10 21:34:39.096,GPU-e3ae17a2-8c3a-b59e-e80d-ac03599051ab,39591,97887,99,234.76
2026/10/10 21:34:39.625,GPU-e3ae17a2-8c3a-b59e-e80d-ac03599051ab,39591,97887,99,256.37
2026/10/10 21:34:40.153,GPU-e3ae17a2-8c3a-b59e-e80d-ac03599051ab,39591,97887,99,249.61
2026/10/10 21:34:40.689,GPU-e3ae17a2-8c3a-b59e-e80d-ac03599051ab,39591,97887,99,236.91
2026/10/10 21:34:41.229,GPU-e3ae17a2-8c3a-b59e-e80d-ac03599051ab,39591,97887,99,251.91
2026/10/10 21:34:41.758,GPU-e3ae17a2-8c3a-b59e-e80d-ac03599051ab,39591,97887,100,257.77
2026/10/10 21:34:42.290,GPU-e3ae17a2-8c3a-b59e-e80d-ac03599051ab,39591,97887,99,240.60
2026/10/10 21:34:42.818,GPU-e3ae17a2-8c3a-b59e-e80d-ac03599051ab,39591,97887,99,233.61
2026/10/10 21:34:43.351,GPU-e3ae17a2-8c3a-b59e-e80d-ac03599051ab,39591,97887,99,258.82
2026/10/10 21:34:43.880,GPU-e3ae17a2-8c3a-b59e-e80d-ac03599051ab,39591,97887,99,255.56
2026/10/10 21:34:44.410,GPU-e3ae17a2-8c3a-b59e-e80d-ac03599051ab,39591,97887,98,243.02
2026/10/10 21:34:44.938,GPU-e3ae17a2-8c3a-b59e-e80d-ac03599051ab,39591,97887,99,231.18
2026/10/10 21:34:45.472,GPU-e3ae17a2-8c3a-b59e-e80d-ac03599051ab,39591,97887,99,242.57
2026/10/10 21:34:46.000,GPU-e3ae17a2-8c3a-b59e-e80d-ac03599051ab,39591,97887,99,250.13
2026/10/10 21:34:46.528,GPU-e3ae17a2-8c3a-b59e-e80d-ac03599051ab,39591,97887,98,252.04
2026/10/10 21:34:47.055,GPU-e3ae17a2-8c3a-b59e-e80d-ac03599051ab,39591,97887,99,247.80
2026/10/10 21:34:47.584,GPU-e3ae17a2-8c3a-b59e-e80d-ac03599051ab,39591,97887,99,240.98
2026/10/10 21:34:48.112,GPU-e3ae17a2-8c3a-b59e-e80d-ac03599051ab,39591,97887,100,242.88
2026/10/10 21:34:48.639,GPU-e3ae17a2-8c3a-b59e-e80d-ac03599051ab,39591,97887,99,231.66
2026/10/10 21:34:49.168,GPU-e3ae17a2-8c3a-b59e-e80d-ac03599051ab,39591,97887,99,239.16
2026/10/10 21:34:49.696,GPU-e3ae17a2-8c3a-b59e-e80d-ac03599051ab,39591,97887,99,238.19
2026/10/10 21:34:50.223,GPU-e3ae17a2-8c3a-b59e-e80d-ac03599051ab,39591,97887,98,246.34
2026/10/10 21:34:50.756,GPU-e3ae17a2-8c3a-b59e-e80d-ac03599051ab,39591,97887,99,251.00
2026/10/10 21:34:51.284,GPU-e3ae17a2-8c3a-b59e-e80d-ac03599051ab,39591,97887,100,247.50
2026/10/10 21:34:51.825,GPU-e3ae17a2-8c3a-b59e-e80d-ac03599051ab,39591,97887,99,252.00
2026/10/10 21:34:52.354,GPU-e3ae17a2-8c3a-b59e-e80d-ac03599051ab,39591,97887,99,245.53
2026/10/10 21:34:52.883,GPU-e3ae17a2-8c3a-b59e-e80d-ac03599051ab,39591,97887,100,246.92
2026/10/10 21:34:53.413,GPU-e3ae17a2-8c3a-b59e-e80d-ac03599051ab,39591,97887,100,250.80
2026/10/10 21:34:53.942,GPU-e3ae17a2-8c3a-b59e-e80d-ac03599051ab,39591,97887,99,248.41
2026/10/10 21:34:54.471,GPU-e3ae17a2-8c3a-b59e-e80d-ac03599051ab,39591,97887,99,245.93
2026/10/10 21:34:55.002,GPU-e3ae17a2-8c3a-b59e-e80d-ac03599051ab,39591,97887,100,249.20
2026/10/10 21:34:55.535,GPU-e3ae17a2-8c3a-b59e-e80d-ac03599051ab,39591,97887,98,250.01
2026/10/10 21:34:56.116,GPU-e3ae17a2-8c3a-b59e-e80d-ac03599051ab,39591,97887,99,244.71
2026/10/10 21:34:56.646,GPU-e3ae17a2-8c3a-b59e-e80d-ac03599051ab,39591,97887,100,242.33
2026/10/10 21:34:57.173,GPU-e3ae17a2-8c3a-b59e-e80d-ac03599051ab,39591,97887,99,245.78
2026/10/10 21:34:57.701,GPU-e3ae17a2-8c3a-b59e-e80d-ac03599051ab,39591,97887,100,242.65
2026/10/10 21:34:58.231,GPU-e3ae17a2-8c3a-b59e-e80d-ac03599051ab,39591,97887,99,249.70
2026/10/10 21:34:58.758,GPU-e3ae17a2-8c3a-b59e-e80d-ac03599051ab,39591,97887,98,248.02
2026/10/10 21:34:59.288,GPU-e3ae17a2-8c3a-b59e-e80d-ac03599051ab,39591,97887,99,243.77
2026/10/10 21:34:59.817,GPU-e3ae17a2-8c3a-b59e-e80d-ac03599051ab,39591,97887,99,248.27
2026/10/10 21:35:00.347,GPU-e3ae17a2-8c3a-b59e-e80d-ac03599051ab,39591,97887,98,241.64
2026/10/10 21:35:00.875,GPU-e3ae17a2-8c3a-b59e-e80d-ac03599051ab,39591,97887,98,243.18
2026/10/10 21:35:01.402,GPU-e3ae17a2-8c3a-b59e-e80d-ac03599051ab,39591,97887,99,249.60
2026/10/10 21:35:01.931,GPU-e3ae17a2-8c3a-b59e-e80d-ac03599051ab,39591,97887,99,247.65
2026/10/10 21:35:02.460,GPU-e3ae17a2-8c3a-b59e-e80d-ac03599051ab,39591,97887,99,247.46
2026/10/10 21:35:02.989,GPU-e3ae17a2-8c3a-b59e-e80d-ac03599051ab,39591,97887,99,245.53
2026/10/10 21:35:03.519,GPU-e3ae17a2-8c3a-b59e-e80d-ac03599051ab,39591,97887,100,247.95
2026/10/10 21:35:04.048,GPU-e3ae17a2-8c3a-b59e-e80d-ac03599051ab,39591,97887,99,259.63
2026/10/10 21:35:04.580,GPU-e3ae17a2-8c3a-b59e-e80d-ac03599051ab,39591,97887,100,251.36
2026/10/10 21:35:05.112,GPU-e3ae17a2-8c3a-b59e-e80d-ac03599051ab,39591,97887,99,251.35
2026/10/10 21:35:05.640,GPU-e3ae17a2-8c3a-b59e-e80d-ac03599051ab,39591,97887,100,245.68
2026/10/10 21:35:06.169,GPU-e3ae17a2-8c3a-b59e-e80d-ac03599051ab,39591,97887,99,243.55
2026/10/10 21:35:06.699,GPU-e3ae17a2-8c3a-b59e-e80d-ac03599051ab,39591,97887,100,246.38
2026/10/10 21:35:07.230,GPU-e3ae17a2-8c3a-b59e-e80d-ac03599051ab,39591,97887,99,248.45
2026/10/10 21:35:07.764,GPU-e3ae17a2-8c3a-b59e-e80d-ac03599051ab,39591,97887,97,246.27
2026/10/10 21:35:08.293,GPU-e3ae17a2-8c3a-b59e-e80d-ac03599051ab,39591,97887,98,249.54
2026/10/10 21:35:08.822,GPU-e3ae17a2-8c3a-b59e-e80d-ac03599051ab,39591,97887,100,252.37
2026/10/10 21:35:09.370,GPU-e3ae17a2-8c3a-b59e-e80d-ac03599051ab,39591,97887,97,247.99
2026/10/10 21:35:09.922,GPU-e3ae17a2-8c3a-b59e-e80d-ac03599051ab,39591,97887,98,240.05
2026/10/10 21:35:10.449,GPU-e3ae17a2-8c3a-b59e-e80d-ac03599051ab,39591,97887,98,236.17
2026/10/10 21:35:10.981,GPU-e3ae17a2-8c3a-b59e-e80d-ac03599051ab,39591,97887,97,247.90
2026/10/10 21:35:11.511,GPU-e3ae17a2-8c3a-b59e-e80d-ac03599051ab,39591,97887,98,259.95
2026/10/10 21:35:12.039,GPU-e3ae17a2-8c3a-b59e-e80d-ac03599051ab,39591,97887,98,246.37
2026/10/10 21:35:12.565,GPU-e3ae17a2-8c3a-b59e-e80d-ac03599051ab,39591,97887,98,239.82
2026/10/10 21:35:13.092,GPU-e3ae17a2-8c3a-b59e-e80d-ac03599051ab,39591,97887,98,238.91
2026/10/10 21:35:13.619,GPU-e3ae17a2-8c3a-b59e-e80d-ac03599051ab,39591,97887,98,253.71
2026/10/10 21:35:14.149,GPU-e3ae17a2-8c3a-b59e-e80d-ac03599051ab,39591,97887,100,254.35
2026/10/10 21:35:14.677,GPU-e3ae17a2-8c3a-b59e-e80d-ac03599051ab,39591,97887,100,258.53
2026/10/10 21:35:15.206,GPU-e3ae17a2-8c3a-b59e-e80d-ac03599051ab,39591,97887,97,248.81
2026/10/10 21:35:15.737,GPU-e3ae17a2-8c3a-b59e-e80d-ac03599051ab,39591,97887,97,231.87
2026/10/10 21:35:16.265,GPU-e3ae17a2-8c3a-b59e-e80d-ac03599051ab,39591,97887,97,242.72
2026/10/10 21:35:16.801,GPU-e3ae17a2-8c3a-b59e-e80d-ac03599051ab,39591,97887,100,255.74
2026/10/10 21:35:17.331,GPU-e3ae17a2-8c3a-b59e-e80d-ac03599051ab,39591,97887,97,247.13
2026/10/10 21:35:17.858,GPU-e3ae17a2-8c3a-b59e-e80d-ac03599051ab,39591,97887,97,240.38
2026/10/10 21:35:18.388,GPU-e3ae17a2-8c3a-b59e-e80d-ac03599051ab,39591,97887,97,241.71
2026/10/10 21:35:18.917,GPU-e3ae17a2-8c3a-b59e-e80d-ac03599051ab,39591,97887,96,242.61
2026/10/10 21:35:19.445,GPU-e3ae17a2-8c3a-b59e-e80d-ac03599051ab,39591,97887,99,254.62
2026/10/10 21:35:19.972,GPU-e3ae17a2-8c3a-b59e-e80d-ac03599051ab,39591,97887,97,249.22
2026/10/10 21:35:20.500,GPU-e3ae17a2-8c3a-b59e-e80d-ac03599051ab,39591,97887,97,237.87
2026/10/10 21:35:21.028,GPU-e3ae17a2-8c3a-b59e-e80d-ac03599051ab,39591,97887,97,241.56
2026/10/10 21:35:21.559,GPU-e3ae17a2-8c3a-b59e-e80d-ac03599051ab,39591,97887,100,253.84
2026/10/10 21:35:22.091,GPU-e3ae17a2-8c3a-b59e-e80d-ac03599051ab,39591,97887,97,253.92
2026/10/10 21:35:22.620,GPU-e3ae17a2-8c3a-b59e-e80d-ac03599051ab,39591,97887,97,251.96
2026/10/10 21:35:23.154,GPU-e3ae17a2-8c3a-b59e-e80d-ac03599051ab,39591,97887,98,240.18
2026/10/10 21:35:23.684,GPU-e3ae17a2-8c3a-b59e-e80d-ac03599051ab,39591,97887,97,240.08
2026/10/10 21:35:24.213,GPU-e3ae17a2-8c3a-b59e-e80d-ac03599051ab,39591,97887,97,247.60
2026/10/10 21:35:24.742,GPU-e3ae17a2-8c3a-b59e-e80d-ac03599051ab,39591,97887,97,253.17
2026/10/10 21:35:25.271,GPU-e3ae17a2-8c3a-b59e-e80d-ac03599051ab,39591,97887,97,235.54
2026/10/10 21:35:25.810,GPU-e3ae17a2-8c3a-b59e-e80d-ac03599051ab,39591,97887,98,239.67
2026/10/10 21:35:26.346,GPU-e3ae17a2-8c3a-b59e-e80d-ac03599051ab,39591,97887,100,250.88
2026/10/10 21:35:26.873,GPU-e3ae17a2-8c3a-b59e-e80d-ac03599051ab,39591,97887,97,255.51
2026/10/10 21:35:27.404,GPU-e3ae17a2-8c3a-b59e-e80d-ac03599051ab,39591,97887,97,253.24
2026/10/10 21:35:27.931,GPU-e3ae17a2-8c3a-b59e-e80d-ac03599051ab,39591,97887,97,239.18
2026/10/10 21:35:28.473,GPU-e3ae17a2-8c3a-b59e-e80d-ac03599051ab,39591,97887,97,237.57
2026/10/10 21:35:29.003,GPU-e3ae17a2-8c3a-b59e-e80d-ac03599051ab,39591,97887,97,247.29
2026/10/10 21:35:29.531,GPU-e3ae17a2-8c3a-b59e-e80d-ac03599051ab,39591,97887,97,252.35
2026/10/10 21:35:30.060,GPU-e3ae17a2-8c3a-b59e-e80d-ac03599051ab,39591,97887,99,247.72
2026/10/10 21:35:30.590,GPU-e3ae17a2-8c3a-b59e-e80d-ac03599051ab,39591,97887,97,239.25
2026/10/10 21:35:31.116,GPU-e3ae17a2-8c3a-b59e-e80d-ac03599051ab,39591,97887,97,241.24
2026/10/10 21:35:31.645,GPU-e3ae17a2-8c3a-b59e-e80d-ac03599051ab,39591,97887,97,256.12
2026/10/10 21:35:32.173,GPU-e3ae17a2-8c3a-b59e-e80d-ac03599051ab,39591,97887,100,252.53
2026/10/10 21:35:32.702,GPU-e3ae17a2-8c3a-b59e-e80d-ac03599051ab,39591,97887,100,250.47
2026/10/10 21:35:33.231,GPU-e3ae17a2-8c3a-b59e-e80d-ac03599051ab,39591,97887,98,237.58
2026/10/10 21:35:33.766,GPU-e3ae17a2-8c3a-b59e-e80d-ac03599051ab,39591,97887,98,242.76
2026/10/10 21:35:34.295,GPU-e3ae17a2-8c3a-b59e-e80d-ac03599051ab,39591,97887,98,246.43
2026/10/10 21:35:34.822,GPU-e3ae17a2-8c3a-b59e-e80d-ac03599051ab,39591,97887,99,256.71
2026/10/10 21:35:35.351,GPU-e3ae17a2-8c3a-b59e-e80d-ac03599051ab,39591,97887,97,251.88
2026/10/10 21:35:35.880,GPU-e3ae17a2-8c3a-b59e-e80d-ac03599051ab,39591,97887,97,241.51
2026/10/10 21:35:36.407,GPU-e3ae17a2-8c3a-b59e-e80d-ac03599051ab,39591,97887,98,242.52
2026/10/10 21:35:36.934,GPU-e3ae17a2-8c3a-b59e-e80d-ac03599051ab,39591,97887,98,238.61
2026/10/10 21:35:37.461,GPU-e3ae17a2-8c3a-b59e-e80d-ac03599051ab,39591,97887,98,257.78
2026/10/10 21:35:37.989,GPU-e3ae17a2-8c3a-b59e-e80d-ac03599051ab,39591,97887,100,257.32
2026/10/10 21:35:38.516,GPU-e3ae17a2-8c3a-b59e-e80d-ac03599051ab,39591,97887,100,253.83
2026/10/10 21:35:39.049,GPU-e3ae17a2-8c3a-b59e-e80d-ac03599051ab,39591,97887,98,238.58
2026/10/10 21:35:39.580,GPU-e3ae17a2-8c3a-b59e-e80d-ac03599051ab,39591,97887,98,241.31
2026/10/10 21:35:40.110,GPU-e3ae17a2-8c3a-b59e-e80d-ac03599051ab,39591,97887,98,238.12
2026/10/10 21:35:40.647,GPU-e3ae17a2-8c3a-b59e-e80d-ac03599051ab,39591,97887,98,257.88
2026/10/10 21:35:41.175,GPU-e3ae17a2-8c3a-b59e-e80d-ac03599051ab,39591,97887,97,253.90
2026/10/10 21:35:41.702,GPU-e3ae17a2-8c3a-b59e-e80d-ac03599051ab,39591,97887,100,241.62
2026/10/10 21:35:42.231,GPU-e3ae17a2-8c3a-b59e-e80d-ac03599051ab,39591,97887,98,239.03
2026/10/10 21:35:42.758,GPU-e3ae17a2-8c3a-b59e-e80d-ac03599051ab,39591,97887,97,242.42
2026/10/10 21:35:43.293,GPU-e3ae17a2-8c3a-b59e-e80d-ac03599051ab,39591,97887,98,256.73
2026/10/10 21:35:43.820,GPU-e3ae17a2-8c3a-b59e-e80d-ac03599051ab,39591,97887,100,255.96
2026/10/10 21:35:44.350,GPU-e3ae17a2-8c3a-b59e-e80d-ac03599051ab,39591,97887,97,239.06
2026/10/10 21:35:44.878,GPU-e3ae17a2-8c3a-b59e-e80d-ac03599051ab,39591,97887,97,238.32
2026/10/10 21:35:45.405,GPU-e3ae17a2-8c3a-b59e-e80d-ac03599051ab,39591,97887,98,242.82
2026/10/10 21:35:45.931,GPU-e3ae17a2-8c3a-b59e-e80d-ac03599051ab,39591,97887,98,242.94
2026/10/10 21:35:46.458,GPU-e3ae17a2-8c3a-b59e-e80d-ac03599051ab,39591,97887,100,256.75
2026/10/10 21:35:46.984,GPU-e3ae17a2-8c3a-b59e-e80d-ac03599051ab,39591,97887,98,241.35
2026/10/10 21:35:47.511,GPU-e3ae17a2-8c3a-b59e-e80d-ac03599051ab,39591,97887,97,241.99
2026/10/10 21:35:48.041,GPU-e3ae17a2-8c3a-b59e-e80d-ac03599051ab,39591,97887,97,232.99
2026/10/10 21:35:48.570,GPU-e3ae17a2-8c3a-b59e-e80d-ac03599051ab,39591,97887,97,240.94
2026/10/10 21:35:49.103,GPU-e3ae17a2-8c3a-b59e-e80d-ac03599051ab,39591,97887,98,251.78
2026/10/10 21:35:49.633,GPU-e3ae17a2-8c3a-b59e-e80d-ac03599051ab,39591,97887,99,255.94
2026/10/10 21:35:50.161,GPU-e3ae17a2-8c3a-b59e-e80d-ac03599051ab,39591,97887,96,237.70
2026/10/10 21:35:50.692,GPU-e3ae17a2-8c3a-b59e-e80d-ac03599051ab,39591,97887,97,236.56
2026/10/10 21:35:51.221,GPU-e3ae17a2-8c3a-b59e-e80d-ac03599051ab,39591,97887,97,248.56
2026/10/10 21:35:51.750,GPU-e3ae17a2-8c3a-b59e-e80d-ac03599051ab,39591,97887,98,253.80
2026/10/10 21:35:52.289,GPU-e3ae17a2-8c3a-b59e-e80d-ac03599051ab,39591,97887,97,235.89
2026/10/10 21:35:52.815,GPU-e3ae17a2-8c3a-b59e-e80d-ac03599051ab,39591,97887,98,232.72
2026/10/10 21:35:53.343,GPU-e3ae17a2-8c3a-b59e-e80d-ac03599051ab,39591,97887,97,240.45
2026/10/10 21:35:53.870,GPU-e3ae17a2-8c3a-b59e-e80d-ac03599051ab,39591,97887,97,255.23
2026/10/10 21:35:54.400,GPU-e3ae17a2-8c3a-b59e-e80d-ac03599051ab,39591,97887,97,255.91
2026/10/10 21:35:54.928,GPU-e3ae17a2-8c3a-b59e-e80d-ac03599051ab,39591,97887,97,240.70
2026/10/10 21:35:55.458,GPU-e3ae17a2-8c3a-b59e-e80d-ac03599051ab,39591,97887,97,242.42
2026/10/10 21:35:55.991,GPU-e3ae17a2-8c3a-b59e-e80d-ac03599051ab,39591,97887,97,245.14
2026/10/10 21:35:56.524,GPU-e3ae17a2-8c3a-b59e-e80d-ac03599051ab,39591,97887,98,257.34
2026/10/10 21:35:57.053,GPU-e3ae17a2-8c3a-b59e-e80d-ac03599051ab,39591,97887,100,257.65
2026/10/10 21:35:57.581,GPU-e3ae17a2-8c3a-b59e-e80d-ac03599051ab,39591,97887,98,238.79
2026/10/10 21:35:58.108,GPU-e3ae17a2-8c3a-b59e-e80d-ac03599051ab,39591,97887,98,239.29
2026/10/10 21:35:58.635,GPU-e3ae17a2-8c3a-b59e-e80d-ac03599051ab,39591,97887,98,239.39
2026/10/10 21:35:59.161,GPU-e3ae17a2-8c3a-b59e-e80d-ac03599051ab,39591,97887,100,255.40
2026/10/10 21:35:59.690,GPU-e3ae17a2-8c3a-b59e-e80d-ac03599051ab,39591,97887,100,238.03
2026/10/10 21:36:00.218,GPU-e3ae17a2-8c3a-b59e-e80d-ac03599051ab,39591,97887,98,233.52
2026/10/10 21:36:00.752,GPU-e3ae17a2-8c3a-b59e-e80d-ac03599051ab,39591,97887,97,237.72
2026/10/10 21:36:01.282,GPU-e3ae17a2-8c3a-b59e-e80d-ac03599051ab,39591,97887,97,258.55
2026/10/10 21:36:01.812,GPU-e3ae17a2-8c3a-b59e-e80d-ac03599051ab,39591,97887,98,256.07
2026/10/10 21:36:02.339,GPU-e3ae17a2-8c3a-b59e-e80d-ac03599051ab,39591,97887,98,251.56
2026/10/10 21:36:02.866,GPU-e3ae17a2-8c3a-b59e-e80d-ac03599051ab,39591,97887,98,240.79
2026/10/10 21:36:03.393,GPU-e3ae17a2-8c3a-b59e-e80d-ac03599051ab,39591,97887,98,242.14
2026/10/10 21:36:03.920,GPU-e3ae17a2-8c3a-b59e-e80d-ac03599051ab,39591,97887,97,249.34
2026/10/10 21:36:04.450,GPU-e3ae17a2-8c3a-b59e-e80d-ac03599051ab,39591,97887,98,257.52
2026/10/10 21:36:04.977,GPU-e3ae17a2-8c3a-b59e-e80d-ac03599051ab,39591,97887,99,245.87
2026/10/10 21:36:05.508,GPU-e3ae17a2-8c3a-b59e-e80d-ac03599051ab,39591,97887,97,239.30
2026/10/10 21:36:06.037,GPU-e3ae17a2-8c3a-b59e-e80d-ac03599051ab,39591,97887,98,240.21
2026/10/10 21:36:06.571,GPU-e3ae17a2-8c3a-b59e-e80d-ac03599051ab,39591,97887,100,251.65
2026/10/10 21:36:07.100,GPU-e3ae17a2-8c3a-b59e-e80d-ac03599051ab,39591,97887,98,252.99
2026/10/10 21:36:07.628,GPU-e3ae17a2-8c3a-b59e-e80d-ac03599051ab,39591,97887,98,254.85
2026/10/10 21:36:08.156,GPU-e3ae17a2-8c3a-b59e-e80d-ac03599051ab,39591,97887,100,238.51
2026/10/10 21:36:08.684,GPU-e3ae17a2-8c3a-b59e-e80d-ac03599051ab,39591,97887,97,237.58
2026/10/10 21:36:09.212,GPU-e3ae17a2-8c3a-b59e-e80d-ac03599051ab,39591,97887,97,241.76
2026/10/10 21:36:09.739,GPU-e3ae17a2-8c3a-b59e-e80d-ac03599051ab,39591,97887,98,255.54
2026/10/10 21:36:10.267,GPU-e3ae17a2-8c3a-b59e-e80d-ac03599051ab,39591,97887,100,255.25
2026/10/10 21:36:10.804,GPU-e3ae17a2-8c3a-b59e-e80d-ac03599051ab,39591,97887,97,238.79
2026/10/10 21:36:11.333,GPU-e3ae17a2-8c3a-b59e-e80d-ac03599051ab,39591,97887,97,236.91
2026/10/10 21:36:11.866,GPU-e3ae17a2-8c3a-b59e-e80d-ac03599051ab,39591,97887,97,236.10
2026/10/10 21:36:12.396,GPU-e3ae17a2-8c3a-b59e-e80d-ac03599051ab,39591,97887,100,254.52
2026/10/10 21:36:12.926,GPU-e3ae17a2-8c3a-b59e-e80d-ac03599051ab,39591,97887,100,257.76
2026/10/10 21:36:13.453,GPU-e3ae17a2-8c3a-b59e-e80d-ac03599051ab,39591,97887,97,249.56
2026/10/10 21:36:13.980,GPU-e3ae17a2-8c3a-b59e-e80d-ac03599051ab,39591,97887,98,241.93
2026/10/10 21:36:14.506,GPU-e3ae17a2-8c3a-b59e-e80d-ac03599051ab,39591,97887,98,255.55
2026/10/10 21:36:15.035,GPU-e3ae17a2-8c3a-b59e-e80d-ac03599051ab,39591,97887,100,258.15
2026/10/10 21:36:15.566,GPU-e3ae17a2-8c3a-b59e-e80d-ac03599051ab,39591,97887,97,257.38
2026/10/10 21:36:16.092,GPU-e3ae17a2-8c3a-b59e-e80d-ac03599051ab,39591,97887,98,238.92
2026/10/10 21:36:16.620,GPU-e3ae17a2-8c3a-b59e-e80d-ac03599051ab,39591,97887,98,241.11
2026/10/10 21:36:17.148,GPU-e3ae17a2-8c3a-b59e-e80d-ac03599051ab,39591,97887,98,235.62
2026/10/10 21:36:17.682,GPU-e3ae17a2-8c3a-b59e-e80d-ac03599051ab,39591,97887,97,254.46
2026/10/10 21:36:18.213,GPU-e3ae17a2-8c3a-b59e-e80d-ac03599051ab,39591,97887,97,254.06
2026/10/10 21:36:18.741,GPU-e3ae17a2-8c3a-b59e-e80d-ac03599051ab,39591,97887,99,238.57
2026/10/10 21:36:19.273,GPU-e3ae17a2-8c3a-b59e-e80d-ac03599051ab,39591,97887,97,236.06
2026/10/10 21:36:19.801,GPU-e3ae17a2-8c3a-b59e-e80d-ac03599051ab,39591,97887,97,243.37
2026/10/10 21:36:20.330,GPU-e3ae17a2-8c3a-b59e-e80d-ac03599051ab,39591,97887,98,252.48
2026/10/10 21:36:20.858,GPU-e3ae17a2-8c3a-b59e-e80d-ac03599051ab,39591,97887,100,253.77
2026/10/10 21:36:21.388,GPU-e3ae17a2-8c3a-b59e-e80d-ac03599051ab,39591,97887,97,238.34
2026/10/10 21:36:21.926,GPU-e3ae17a2-8c3a-b59e-e80d-ac03599051ab,39591,97887,97,238.53
2026/10/10 21:36:22.457,GPU-e3ae17a2-8c3a-b59e-e80d-ac03599051ab,39591,97887,97,240.10
2026/10/10 21:36:22.991,GPU-e3ae17a2-8c3a-b59e-e80d-ac03599051ab,39591,97887,100,253.95
2026/10/10 21:36:23.519,GPU-e3ae17a2-8c3a-b59e-e80d-ac03599051ab,39591,97887,100,252.78
2026/10/10 21:36:24.048,GPU-e3ae17a2-8c3a-b59e-e80d-ac03599051ab,39591,97887,97,244.82
2026/10/10 21:36:24.576,GPU-e3ae17a2-8c3a-b59e-e80d-ac03599051ab,39591,97887,96,243.62
2026/10/10 21:36:25.105,GPU-e3ae17a2-8c3a-b59e-e80d-ac03599051ab,39591,97887,98,248.38
2026/10/10 21:36:25.647,GPU-e3ae17a2-8c3a-b59e-e80d-ac03599051ab,39591,97887,100,254.10
2026/10/10 21:36:26.182,GPU-e3ae17a2-8c3a-b59e-e80d-ac03599051ab,39591,97887,99,251.67
2026/10/10 21:36:26.711,GPU-e3ae17a2-8c3a-b59e-e80d-ac03599051ab,39591,97887,98,240.54
2026/10/10 21:36:27.239,GPU-e3ae17a2-8c3a-b59e-e80d-ac03599051ab,39591,97887,98,244.20
2026/10/10 21:36:27.766,GPU-e3ae17a2-8c3a-b59e-e80d-ac03599051ab,39591,97887,98,244.84
2026/10/10 21:36:28.299,GPU-e3ae17a2-8c3a-b59e-e80d-ac03599051ab,39591,97887,100,253.85
2026/10/10 21:36:28.826,GPU-e3ae17a2-8c3a-b59e-e80d-ac03599051ab,39591,97887,98,239.98
2026/10/10 21:36:29.353,GPU-e3ae17a2-8c3a-b59e-e80d-ac03599051ab,39591,97887,98,240.70
2026/10/10 21:36:29.881,GPU-e3ae17a2-8c3a-b59e-e80d-ac03599051ab,39591,97887,98,240.24
2026/10/10 21:36:30.409,GPU-e3ae17a2-8c3a-b59e-e80d-ac03599051ab,39591,97887,98,251.66
2026/10/10 21:36:30.936,GPU-e3ae17a2-8c3a-b59e-e80d-ac03599051ab,39591,97887,98,257.27
2026/10/10 21:36:31.464,GPU-e3ae17a2-8c3a-b59e-e80d-ac03599051ab,39591,97887,99,258.13
2026/10/10 21:36:31.992,GPU-e3ae17a2-8c3a-b59e-e80d-ac03599051ab,39591,97887,99,248.96
2026/10/10 21:36:32.521,GPU-e3ae17a2-8c3a-b59e-e80d-ac03599051ab,39591,97887,97,237.30
2026/10/10 21:36:33.050,GPU-e3ae17a2-8c3a-b59e-e80d-ac03599051ab,39591,97887,97,247.82
2026/10/10 21:36:33.577,GPU-e3ae17a2-8c3a-b59e-e80d-ac03599051ab,39591,97887,97,250.54
2026/10/10 21:36:34.113,GPU-e3ae17a2-8c3a-b59e-e80d-ac03599051ab,39591,97887,100,248.67
2026/10/10 21:36:34.641,GPU-e3ae17a2-8c3a-b59e-e80d-ac03599051ab,39591,97887,97,235.79
2026/10/10 21:36:35.169,GPU-e3ae17a2-8c3a-b59e-e80d-ac03599051ab,39591,97887,97,240.11
2026/10/10 21:36:35.697,GPU-e3ae17a2-8c3a-b59e-e80d-ac03599051ab,39591,97887,97,252.80
2026/10/10 21:36:36.225,GPU-e3ae17a2-8c3a-b59e-e80d-ac03599051ab,39591,97887,100,255.29
2026/10/10 21:36:36.752,GPU-e3ae17a2-8c3a-b59e-e80d-ac03599051ab,39591,97887,100,257.73
2026/10/10 21:36:37.291,GPU-e3ae17a2-8c3a-b59e-e80d-ac03599051ab,39591,97887,97,249.19
2026/10/10 21:36:37.819,GPU-e3ae17a2-8c3a-b59e-e80d-ac03599051ab,39591,97887,97,238.74
2026/10/10 21:36:38.347,GPU-e3ae17a2-8c3a-b59e-e80d-ac03599051ab,39591,97887,97,246.57
2026/10/10 21:36:38.875,GPU-e3ae17a2-8c3a-b59e-e80d-ac03599051ab,39591,97887,100,250.13
2026/10/10 21:36:39.417,GPU-e3ae17a2-8c3a-b59e-e80d-ac03599051ab,39591,97887,97,247.54
2026/10/10 21:36:39.949,GPU-e3ae17a2-8c3a-b59e-e80d-ac03599051ab,39591,97887,97,236.26
2026/10/10 21:36:40.478,GPU-e3ae17a2-8c3a-b59e-e80d-ac03599051ab,39591,97887,97,240.91
2026/10/10 21:36:41.020,GPU-e3ae17a2-8c3a-b59e-e80d-ac03599051ab,39591,97887,100,253.28
2026/10/10 21:36:41.547,GPU-e3ae17a2-8c3a-b59e-e80d-ac03599051ab,39591,97887,95,253.49
2026/10/10 21:36:42.075,GPU-e3ae17a2-8c3a-b59e-e80d-ac03599051ab,39591,97887,97,251.65
2026/10/10 21:36:42.603,GPU-e3ae17a2-8c3a-b59e-e80d-ac03599051ab,39591,97887,97,240.08
2026/10/10 21:36:43.131,GPU-e3ae17a2-8c3a-b59e-e80d-ac03599051ab,39591,97887,98,239.81
2026/10/10 21:36:43.661,GPU-e3ae17a2-8c3a-b59e-e80d-ac03599051ab,39591,97887,97,251.04
2026/10/10 21:36:44.189,GPU-e3ae17a2-8c3a-b59e-e80d-ac03599051ab,39591,97887,98,257.12
2026/10/10 21:36:44.723,GPU-e3ae17a2-8c3a-b59e-e80d-ac03599051ab,39591,97887,98,245.64
2026/10/10 21:36:45.253,GPU-e3ae17a2-8c3a-b59e-e80d-ac03599051ab,39591,97887,97,236.15
2026/10/10 21:36:45.782,GPU-e3ae17a2-8c3a-b59e-e80d-ac03599051ab,39591,97887,97,240.60
2026/10/10 21:36:46.312,GPU-e3ae17a2-8c3a-b59e-e80d-ac03599051ab,39591,97887,98,255.37
2026/10/10 21:36:46.840,GPU-e3ae17a2-8c3a-b59e-e80d-ac03599051ab,39591,97887,100,255.82
2026/10/10 21:36:47.368,GPU-e3ae17a2-8c3a-b59e-e80d-ac03599051ab,39591,97887,100,254.42
2026/10/10 21:36:47.895,GPU-e3ae17a2-8c3a-b59e-e80d-ac03599051ab,39591,97887,97,246.19
2026/10/10 21:36:48.423,GPU-e3ae17a2-8c3a-b59e-e80d-ac03599051ab,39591,97887,98,241.34
2026/10/10 21:36:48.951,GPU-e3ae17a2-8c3a-b59e-e80d-ac03599051ab,39591,97887,98,245.65
2026/10/10 21:36:49.481,GPU-e3ae17a2-8c3a-b59e-e80d-ac03599051ab,39591,97887,100,252.06
2026/10/10 21:36:50.015,GPU-e3ae17a2-8c3a-b59e-e80d-ac03599051ab,39591,97887,98,248.96
2026/10/10 21:36:50.550,GPU-e3ae17a2-8c3a-b59e-e80d-ac03599051ab,39591,97887,97,235.51
2026/10/10 21:36:51.079,GPU-e3ae17a2-8c3a-b59e-e80d-ac03599051ab,39591,97887,98,238.86
2026/10/10 21:36:51.610,GPU-e3ae17a2-8c3a-b59e-e80d-ac03599051ab,39591,97887,97,253.43
2026/10/10 21:36:52.139,GPU-e3ae17a2-8c3a-b59e-e80d-ac03599051ab,39591,97887,98,253.91
2026/10/10 21:36:52.668,GPU-e3ae17a2-8c3a-b59e-e80d-ac03599051ab,39591,97887,100,256.86
2026/10/10 21:36:53.199,GPU-e3ae17a2-8c3a-b59e-e80d-ac03599051ab,39591,97887,100,247.46
2026/10/10 21:36:53.728,GPU-e3ae17a2-8c3a-b59e-e80d-ac03599051ab,39591,97887,97,239.09
2026/10/10 21:36:54.258,GPU-e3ae17a2-8c3a-b59e-e80d-ac03599051ab,39591,97887,98,242.69
2026/10/10 21:36:54.790,GPU-e3ae17a2-8c3a-b59e-e80d-ac03599051ab,39591,97887,97,245.84
2026/10/10 21:36:55.320,GPU-e3ae17a2-8c3a-b59e-e80d-ac03599051ab,39591,97887,100,252.26
2026/10/10 21:36:55.850,GPU-e3ae17a2-8c3a-b59e-e80d-ac03599051ab,39591,97887,97,244.12
2026/10/10 21:36:56.378,GPU-e3ae17a2-8c3a-b59e-e80d-ac03599051ab,39591,97887,97,237.74
2026/10/10 21:36:56.906,GPU-e3ae17a2-8c3a-b59e-e80d-ac03599051ab,39591,97887,98,241.53
2026/10/10 21:36:57.434,GPU-e3ae17a2-8c3a-b59e-e80d-ac03599051ab,39591,97887,100,256.53
2026/10/10 21:36:57.962,GPU-e3ae17a2-8c3a-b59e-e80d-ac03599051ab,39591,97887,97,255.87
2026/10/10 21:36:58.492,GPU-e3ae17a2-8c3a-b59e-e80d-ac03599051ab,39591,97887,97,259.05
2026/10/10 21:36:59.020,GPU-e3ae17a2-8c3a-b59e-e80d-ac03599051ab,39591,97887,100,247.46
2026/10/10 21:36:59.556,GPU-e3ae17a2-8c3a-b59e-e80d-ac03599051ab,39591,97887,97,236.55
2026/10/10 21:37:00.086,GPU-e3ae17a2-8c3a-b59e-e80d-ac03599051ab,39591,97887,98,238.77
2026/10/10 21:37:00.616,GPU-e3ae17a2-8c3a-b59e-e80d-ac03599051ab,39591,97887,98,254.18
2026/10/10 21:37:01.146,GPU-e3ae17a2-8c3a-b59e-e80d-ac03599051ab,39591,97887,100,251.39
2026/10/10 21:37:01.674,GPU-e3ae17a2-8c3a-b59e-e80d-ac03599051ab,39591,97887,97,235.58
2026/10/10 21:37:02.201,GPU-e3ae17a2-8c3a-b59e-e80d-ac03599051ab,39591,97887,97,240.82
2026/10/10 21:37:02.731,GPU-e3ae17a2-8c3a-b59e-e80d-ac03599051ab,39591,97887,97,255.12
2026/10/10 21:37:03.260,GPU-e3ae17a2-8c3a-b59e-e80d-ac03599051ab,39591,97887,100,255.98
2026/10/10 21:37:03.788,GPU-e3ae17a2-8c3a-b59e-e80d-ac03599051ab,39591,97887,100,252.88
2026/10/10 21:37:04.318,GPU-e3ae17a2-8c3a-b59e-e80d-ac03599051ab,39591,97887,96,237.21
2026/10/10 21:37:04.847,GPU-e3ae17a2-8c3a-b59e-e80d-ac03599051ab,39591,97887,98,242.25
2026/10/10 21:37:05.379,GPU-e3ae17a2-8c3a-b59e-e80d-ac03599051ab,39591,97887,98,244.11
2026/10/10 21:37:05.910,GPU-e3ae17a2-8c3a-b59e-e80d-ac03599051ab,39591,97887,100,251.77
2026/10/10 21:37:06.438,GPU-e3ae17a2-8c3a-b59e-e80d-ac03599051ab,39591,97887,97,247.16
2026/10/10 21:37:06.966,GPU-e3ae17a2-8c3a-b59e-e80d-ac03599051ab,39591,97887,98,239.33
2026/10/10 21:37:07.493,GPU-e3ae17a2-8c3a-b59e-e80d-ac03599051ab,39591,97887,97,237.81
2026/10/10 21:37:08.020,GPU-e3ae17a2-8c3a-b59e-e80d-ac03599051ab,39591,97887,97,242.02
2026/10/10 21:37:08.564,GPU-e3ae17a2-8c3a-b59e-e80d-ac03599051ab,39591,97887,98,255.50
2026/10/10 21:37:09.101,GPU-e3ae17a2-8c3a-b59e-e80d-ac03599051ab,39591,97887,99,255.61
2026/10/10 21:37:09.634,GPU-e3ae17a2-8c3a-b59e-e80d-ac03599051ab,39591,97887,98,235.81
2026/10/10 21:37:10.162,GPU-e3ae17a2-8c3a-b59e-e80d-ac03599051ab,39591,97887,98,240.73
2026/10/10 21:37:10.698,GPU-e3ae17a2-8c3a-b59e-e80d-ac03599051ab,39591,97887,100,255.90
2026/10/10 21:37:11.247,GPU-e3ae17a2-8c3a-b59e-e80d-ac03599051ab,39591,97887,98,248.48
2026/10/10 21:37:11.778,GPU-e3ae17a2-8c3a-b59e-e80d-ac03599051ab,39591,97887,97,237.57
2026/10/10 21:37:12.307,GPU-e3ae17a2-8c3a-b59e-e80d-ac03599051ab,39591,97887,98,238.63
2026/10/10 21:37:12.836,GPU-e3ae17a2-8c3a-b59e-e80d-ac03599051ab,39591,97887,97,253.21
2026/10/10 21:37:13.364,GPU-e3ae17a2-8c3a-b59e-e80d-ac03599051ab,39591,97887,97,252.40
2026/10/10 21:37:13.893,GPU-e3ae17a2-8c3a-b59e-e80d-ac03599051ab,39591,97887,98,256.67
2026/10/10 21:37:14.423,GPU-e3ae17a2-8c3a-b59e-e80d-ac03599051ab,39591,97887,100,249.39
2026/10/10 21:37:14.955,GPU-e3ae17a2-8c3a-b59e-e80d-ac03599051ab,39591,97887,97,245.26
2026/10/10 21:37:15.484,GPU-e3ae17a2-8c3a-b59e-e80d-ac03599051ab,39591,97887,98,239.71
2026/10/10 21:37:16.011,GPU-e3ae17a2-8c3a-b59e-e80d-ac03599051ab,39591,97887,98,249.56
2026/10/10 21:37:16.540,GPU-e3ae17a2-8c3a-b59e-e80d-ac03599051ab,39591,97887,100,253.70
2026/10/10 21:37:17.071,GPU-e3ae17a2-8c3a-b59e-e80d-ac03599051ab,39591,97887,97,247.15
2026/10/10 21:37:17.601,GPU-e3ae17a2-8c3a-b59e-e80d-ac03599051ab,39591,97887,97,242.11
2026/10/10 21:37:18.129,GPU-e3ae17a2-8c3a-b59e-e80d-ac03599051ab,39591,97887,98,241.31
2026/10/10 21:37:18.658,GPU-e3ae17a2-8c3a-b59e-e80d-ac03599051ab,39591,97887,100,253.88
2026/10/10 21:37:19.186,GPU-e3ae17a2-8c3a-b59e-e80d-ac03599051ab,39591,97887,98,254.05
2026/10/10 21:37:19.716,GPU-e3ae17a2-8c3a-b59e-e80d-ac03599051ab,39591,97887,97,255.13
2026/10/10 21:37:20.248,GPU-e3ae17a2-8c3a-b59e-e80d-ac03599051ab,39591,97887,98,238.68
2026/10/10 21:37:20.778,GPU-e3ae17a2-8c3a-b59e-e80d-ac03599051ab,39591,97887,97,240.51
2026/10/10 21:37:21.307,GPU-e3ae17a2-8c3a-b59e-e80d-ac03599051ab,39591,97887,98,241.76
2026/10/10 21:37:21.834,GPU-e3ae17a2-8c3a-b59e-e80d-ac03599051ab,39591,97887,98,254.14
2026/10/10 21:37:22.361,GPU-e3ae17a2-8c3a-b59e-e80d-ac03599051ab,39591,97887,100,249.41
2026/10/10 21:37:22.890,GPU-e3ae17a2-8c3a-b59e-e80d-ac03599051ab,39591,97887,97,237.99
2026/10/10 21:37:23.417,GPU-e3ae17a2-8c3a-b59e-e80d-ac03599051ab,39591,97887,97,233.88
2026/10/10 21:37:23.947,GPU-e3ae17a2-8c3a-b59e-e80d-ac03599051ab,39591,97887,97,245.65
2026/10/10 21:37:24.476,GPU-e3ae17a2-8c3a-b59e-e80d-ac03599051ab,39591,97887,100,257.04
2026/10/10 21:37:25.005,GPU-e3ae17a2-8c3a-b59e-e80d-ac03599051ab,39591,97887,98,256.38
2026/10/10 21:37:25.537,GPU-e3ae17a2-8c3a-b59e-e80d-ac03599051ab,39591,97887,97,252.03
2026/10/10 21:37:26.076,GPU-e3ae17a2-8c3a-b59e-e80d-ac03599051ab,39591,97887,98,239.90
2026/10/10 21:37:26.606,GPU-e3ae17a2-8c3a-b59e-e80d-ac03599051ab,39591,97887,97,242.76
2026/10/10 21:37:27.133,GPU-e3ae17a2-8c3a-b59e-e80d-ac03599051ab,39591,97887,97,254.02
2026/10/10 21:37:27.662,GPU-e3ae17a2-8c3a-b59e-e80d-ac03599051ab,39591,97887,97,254.92
2026/10/10 21:37:28.191,GPU-e3ae17a2-8c3a-b59e-e80d-ac03599051ab,39591,97887,98,245.64
2026/10/10 21:37:28.723,GPU-e3ae17a2-8c3a-b59e-e80d-ac03599051ab,39591,97887,97,242.24
2026/10/10 21:37:29.253,GPU-e3ae17a2-8c3a-b59e-e80d-ac03599051ab,39591,97887,98,249.43
2026/10/10 21:37:29.782,GPU-e3ae17a2-8c3a-b59e-e80d-ac03599051ab,39591,97887,98,255.00
2026/10/10 21:37:30.317,GPU-e3ae17a2-8c3a-b59e-e80d-ac03599051ab,39591,97887,100,253.83
2026/10/10 21:37:30.850,GPU-e3ae17a2-8c3a-b59e-e80d-ac03599051ab,39591,97887,100,249.05
2026/10/10 21:37:31.378,GPU-e3ae17a2-8c3a-b59e-e80d-ac03599051ab,39591,97887,96,235.26
2026/10/10 21:37:31.907,GPU-e3ae17a2-8c3a-b59e-e80d-ac03599051ab,39591,97887,96,245.27
2026/10/10 21:37:32.436,GPU-e3ae17a2-8c3a-b59e-e80d-ac03599051ab,39591,97887,97,243.70
2026/10/10 21:37:32.965,GPU-e3ae17a2-8c3a-b59e-e80d-ac03599051ab,39591,97887,99,245.42
2026/10/10 21:37:33.492,GPU-e3ae17a2-8c3a-b59e-e80d-ac03599051ab,39591,97887,97,234.60
2026/10/10 21:37:34.020,GPU-e3ae17a2-8c3a-b59e-e80d-ac03599051ab,39591,97887,97,231.71
2026/10/10 21:37:34.551,GPU-e3ae17a2-8c3a-b59e-e80d-ac03599051ab,39591,97887,97,246.08
2026/10/10 21:37:35.081,GPU-e3ae17a2-8c3a-b59e-e80d-ac03599051ab,39591,97887,96,254.12
2026/10/10 21:37:35.610,GPU-e3ae17a2-8c3a-b59e-e80d-ac03599051ab,39591,97887,100,248.33
2026/10/10 21:37:36.138,GPU-e3ae17a2-8c3a-b59e-e80d-ac03599051ab,39591,97887,96,238.19
2026/10/10 21:37:36.667,GPU-e3ae17a2-8c3a-b59e-e80d-ac03599051ab,39591,97887,97,245.01
2026/10/10 21:37:37.200,GPU-e3ae17a2-8c3a-b59e-e80d-ac03599051ab,39591,97887,98,258.65
2026/10/10 21:37:37.731,GPU-e3ae17a2-8c3a-b59e-e80d-ac03599051ab,39591,97887,100,258.17
2026/10/10 21:37:38.258,GPU-e3ae17a2-8c3a-b59e-e80d-ac03599051ab,39591,97887,100,238.19
2026/10/10 21:37:38.789,GPU-e3ae17a2-8c3a-b59e-e80d-ac03599051ab,39591,97887,97,239.11
2026/10/10 21:37:39.317,GPU-e3ae17a2-8c3a-b59e-e80d-ac03599051ab,39591,97887,97,255.18
2026/10/10 21:37:39.849,GPU-e3ae17a2-8c3a-b59e-e80d-ac03599051ab,39591,97887,97,255.06
2026/10/10 21:37:40.379,GPU-e3ae17a2-8c3a-b59e-e80d-ac03599051ab,39591,97887,100,238.98
2026/10/10 21:37:40.906,GPU-e3ae17a2-8c3a-b59e-e80d-ac03599051ab,39591,97887,97,240.45
2026/10/10 21:37:41.433,GPU-e3ae17a2-8c3a-b59e-e80d-ac03599051ab,39591,97887,97,243.96
2026/10/10 21:37:41.961,GPU-e3ae17a2-8c3a-b59e-e80d-ac03599051ab,39591,97887,98,251.95
2026/10/10 21:37:42.490,GPU-e3ae17a2-8c3a-b59e-e80d-ac03599051ab,39591,97887,100,251.65
2026/10/10 21:37:43.024,GPU-e3ae17a2-8c3a-b59e-e80d-ac03599051ab,39591,97887,100,243.16
2026/10/10 21:37:43.552,GPU-e3ae17a2-8c3a-b59e-e80d-ac03599051ab,39591,97887,96,238.99
2026/10/10 21:37:44.082,GPU-e3ae17a2-8c3a-b59e-e80d-ac03599051ab,39591,97887,97,247.87
2026/10/10 21:37:44.611,GPU-e3ae17a2-8c3a-b59e-e80d-ac03599051ab,39591,97887,97,253.81
2026/10/10 21:37:45.139,GPU-e3ae17a2-8c3a-b59e-e80d-ac03599051ab,39591,97887,100,254.50
2026/10/10 21:37:45.667,GPU-e3ae17a2-8c3a-b59e-e80d-ac03599051ab,39591,97887,99,240.64
2026/10/10 21:37:46.195,GPU-e3ae17a2-8c3a-b59e-e80d-ac03599051ab,39591,97887,97,241.28
2026/10/10 21:37:46.723,GPU-e3ae17a2-8c3a-b59e-e80d-ac03599051ab,39591,97887,97,247.36
2026/10/10 21:37:47.252,GPU-e3ae17a2-8c3a-b59e-e80d-ac03599051ab,39591,97887,97,253.03
2026/10/10 21:37:47.791,GPU-e3ae17a2-8c3a-b59e-e80d-ac03599051ab,39591,97887,97,237.81
2026/10/10 21:37:48.319,GPU-e3ae17a2-8c3a-b59e-e80d-ac03599051ab,39591,97887,97,237.05
2026/10/10 21:37:48.853,GPU-e3ae17a2-8c3a-b59e-e80d-ac03599051ab,39591,97887,97,235.52
2026/10/10 21:37:49.381,GPU-e3ae17a2-8c3a-b59e-e80d-ac03599051ab,39591,97887,98,250.83
2026/10/10 21:37:49.911,GPU-e3ae17a2-8c3a-b59e-e80d-ac03599051ab,39591,97887,99,254.44
2026/10/10 21:37:50.440,GPU-e3ae17a2-8c3a-b59e-e80d-ac03599051ab,39591,97887,100,252.38
2026/10/10 21:37:50.971,GPU-e3ae17a2-8c3a-b59e-e80d-ac03599051ab,39591,97887,97,241.24
2026/10/10 21:37:51.501,GPU-e3ae17a2-8c3a-b59e-e80d-ac03599051ab,39591,97887,97,241.75
2026/10/10 21:37:52.029,GPU-e3ae17a2-8c3a-b59e-e80d-ac03599051ab,39591,97887,98,245.07
2026/10/10 21:37:52.557,GPU-e3ae17a2-8c3a-b59e-e80d-ac03599051ab,39591,97887,100,255.11
2026/10/10 21:37:53.091,GPU-e3ae17a2-8c3a-b59e-e80d-ac03599051ab,39591,97887,97,245.20
2026/10/10 21:37:53.619,GPU-e3ae17a2-8c3a-b59e-e80d-ac03599051ab,39591,97887,97,236.47
2026/10/10 21:37:54.154,GPU-e3ae17a2-8c3a-b59e-e80d-ac03599051ab,39591,97887,98,235.26
2026/10/10 21:37:54.684,GPU-e3ae17a2-8c3a-b59e-e80d-ac03599051ab,39591,97887,100,255.85
2026/10/10 21:37:55.212,GPU-e3ae17a2-8c3a-b59e-e80d-ac03599051ab,39591,97887,99,255.16
2026/10/10 21:37:55.747,GPU-e3ae17a2-8c3a-b59e-e80d-ac03599051ab,39591,97887,97,246.54
2026/10/10 21:37:56.274,GPU-e3ae17a2-8c3a-b59e-e80d-ac03599051ab,39591,97887,97,233.00
2026/10/10 21:37:56.802,GPU-e3ae17a2-8c3a-b59e-e80d-ac03599051ab,39591,97887,97,242.75
2026/10/10 21:37:57.329,GPU-e3ae17a2-8c3a-b59e-e80d-ac03599051ab,39591,97887,100,253.21
2026/10/10 21:37:57.856,GPU-e3ae17a2-8c3a-b59e-e80d-ac03599051ab,39591,97887,97,256.22
2026/10/10 21:37:58.384,GPU-e3ae17a2-8c3a-b59e-e80d-ac03599051ab,39591,97887,97,235.99
2026/10/10 21:37:58.913,GPU-e3ae17a2-8c3a-b59e-e80d-ac03599051ab,39591,97887,97,239.83
2026/10/10 21:37:59.441,GPU-e3ae17a2-8c3a-b59e-e80d-ac03599051ab,39591,97887,97,235.70
2026/10/10 21:37:59.970,GPU-e3ae17a2-8c3a-b59e-e80d-ac03599051ab,39591,97887,97,242.44
2026/10/10 21:38:00.504,GPU-e3ae17a2-8c3a-b59e-e80d-ac03599051ab,39591,97887,97,251.40
2026/10/10 21:38:01.032,GPU-e3ae17a2-8c3a-b59e-e80d-ac03599051ab,39591,97887,97,234.93
2026/10/10 21:38:01.560,GPU-e3ae17a2-8c3a-b59e-e80d-ac03599051ab,39591,97887,97,236.04
2026/10/10 21:38:02.090,GPU-e3ae17a2-8c3a-b59e-e80d-ac03599051ab,39591,97887,97,249.10
2026/10/10 21:38:02.619,GPU-e3ae17a2-8c3a-b59e-e80d-ac03599051ab,39591,97887,97,260.28
2026/10/10 21:38:03.150,GPU-e3ae17a2-8c3a-b59e-e80d-ac03599051ab,39591,97887,97,258.52
2026/10/10 21:38:03.678,GPU-e3ae17a2-8c3a-b59e-e80d-ac03599051ab,39591,97887,100,248.86
2026/10/10 21:38:04.206,GPU-e3ae17a2-8c3a-b59e-e80d-ac03599051ab,39591,97887,96,235.80
2026/10/10 21:38:04.733,GPU-e3ae17a2-8c3a-b59e-e80d-ac03599051ab,39591,97887,97,247.19
2026/10/10 21:38:05.263,GPU-e3ae17a2-8c3a-b59e-e80d-ac03599051ab,39591,97887,97,255.08
2026/10/10 21:38:05.792,GPU-e3ae17a2-8c3a-b59e-e80d-ac03599051ab,39591,97887,100,248.81
2026/10/10 21:38:06.323,GPU-e3ae17a2-8c3a-b59e-e80d-ac03599051ab,39591,97887,97,238.34
2026/10/10 21:38:06.855,GPU-e3ae17a2-8c3a-b59e-e80d-ac03599051ab,39591,97887,97,242.26
2026/10/10 21:38:07.385,GPU-e3ae17a2-8c3a-b59e-e80d-ac03599051ab,39591,97887,97,239.57
2026/10/10 21:38:07.914,GPU-e3ae17a2-8c3a-b59e-e80d-ac03599051ab,39591,97887,100,251.48
2026/10/10 21:38:08.442,GPU-e3ae17a2-8c3a-b59e-e80d-ac03599051ab,39591,97887,100,252.79
2026/10/10 21:38:08.971,GPU-e3ae17a2-8c3a-b59e-e80d-ac03599051ab,39591,97887,97,239.58
2026/10/10 21:38:09.499,GPU-e3ae17a2-8c3a-b59e-e80d-ac03599051ab,39591,97887,97,234.60
2026/10/10 21:38:10.031,GPU-e3ae17a2-8c3a-b59e-e80d-ac03599051ab,39591,97887,97,241.44
2026/10/10 21:38:10.580,GPU-e3ae17a2-8c3a-b59e-e80d-ac03599051ab,39591,97887,100,255.56
2026/10/10 21:38:11.110,GPU-e3ae17a2-8c3a-b59e-e80d-ac03599051ab,39591,97887,95,248.72
2026/10/10 21:38:11.642,GPU-e3ae17a2-8c3a-b59e-e80d-ac03599051ab,39591,97887,96,240.44
2026/10/10 21:38:12.174,GPU-e3ae17a2-8c3a-b59e-e80d-ac03599051ab,39591,97887,97,240.67
2026/10/10 21:38:12.704,GPU-e3ae17a2-8c3a-b59e-e80d-ac03599051ab,39591,97887,100,255.57
2026/10/10 21:38:13.231,GPU-e3ae17a2-8c3a-b59e-e80d-ac03599051ab,39591,97887,98,254.14
2026/10/10 21:38:13.759,GPU-e3ae17a2-8c3a-b59e-e80d-ac03599051ab,39591,97887,97,251.48
2026/10/10 21:38:14.286,GPU-e3ae17a2-8c3a-b59e-e80d-ac03599051ab,39591,97887,97,238.79
2026/10/10 21:38:14.816,GPU-e3ae17a2-8c3a-b59e-e80d-ac03599051ab,39591,97887,97,237.26
2026/10/10 21:38:15.343,GPU-e3ae17a2-8c3a-b59e-e80d-ac03599051ab,39591,97887,97,243.66
2026/10/10 21:38:15.872,GPU-e3ae17a2-8c3a-b59e-e80d-ac03599051ab,39591,97887,97,254.49
2026/10/10 21:38:16.401,GPU-e3ae17a2-8c3a-b59e-e80d-ac03599051ab,39591,97887,100,239.68
2026/10/10 21:38:16.935,GPU-e3ae17a2-8c3a-b59e-e80d-ac03599051ab,39591,97887,97,237.87
2026/10/10 21:38:17.467,GPU-e3ae17a2-8c3a-b59e-e80d-ac03599051ab,39591,97887,97,240.30
2026/10/10 21:38:17.996,GPU-e3ae17a2-8c3a-b59e-e80d-ac03599051ab,39591,97887,98,237.34
2026/10/10 21:38:18.524,GPU-e3ae17a2-8c3a-b59e-e80d-ac03599051ab,39591,97887,100,255.79
2026/10/10 21:38:19.053,GPU-e3ae17a2-8c3a-b59e-e80d-ac03599051ab,39591,97887,100,251.30
2026/10/10 21:38:19.581,GPU-e3ae17a2-8c3a-b59e-e80d-ac03599051ab,39591,97887,97,235.35
2026/10/10 21:38:20.111,GPU-e3ae17a2-8c3a-b59e-e80d-ac03599051ab,39591,97887,97,241.61
2026/10/10 21:38:20.639,GPU-e3ae17a2-8c3a-b59e-e80d-ac03599051ab,39591,97887,97,247.97
2026/10/10 21:38:21.167,GPU-e3ae17a2-8c3a-b59e-e80d-ac03599051ab,39591,97887,100,253.82
2026/10/10 21:38:21.697,GPU-e3ae17a2-8c3a-b59e-e80d-ac03599051ab,39591,97887,99,254.32
2026/10/10 21:38:22.226,GPU-e3ae17a2-8c3a-b59e-e80d-ac03599051ab,39591,97887,97,238.63
2026/10/10 21:38:22.760,GPU-e3ae17a2-8c3a-b59e-e80d-ac03599051ab,39591,97887,97,241.09
2026/10/10 21:38:23.290,GPU-e3ae17a2-8c3a-b59e-e80d-ac03599051ab,39591,97887,97,244.37
2026/10/10 21:38:23.820,GPU-e3ae17a2-8c3a-b59e-e80d-ac03599051ab,39591,97887,97,256.47
2026/10/10 21:38:24.359,GPU-e3ae17a2-8c3a-b59e-e80d-ac03599051ab,39591,97887,97,253.58
2026/10/10 21:38:24.890,GPU-e3ae17a2-8c3a-b59e-e80d-ac03599051ab,39591,97887,97,240.04
2026/10/10 21:38:25.425,GPU-e3ae17a2-8c3a-b59e-e80d-ac03599051ab,39591,97887,97,236.98
2026/10/10 21:38:25.956,GPU-e3ae17a2-8c3a-b59e-e80d-ac03599051ab,39591,97887,97,247.38
2026/10/10 21:38:26.486,GPU-e3ae17a2-8c3a-b59e-e80d-ac03599051ab,39591,97887,97,262.44
2026/10/10 21:38:27.013,GPU-e3ae17a2-8c3a-b59e-e80d-ac03599051ab,39591,97887,97,226.07
2026/10/10 21:38:27.546,GPU-e3ae17a2-8c3a-b59e-e80d-ac03599051ab,39591,97887,97,233.62
2026/10/10 21:38:28.074,GPU-e3ae17a2-8c3a-b59e-e80d-ac03599051ab,39591,97887,97,249.89
2026/10/10 21:38:28.613,GPU-e3ae17a2-8c3a-b59e-e80d-ac03599051ab,39591,97887,100,247.27
2026/10/10 21:38:29.158,GPU-e3ae17a2-8c3a-b59e-e80d-ac03599051ab,39591,97887,97,232.43
2026/10/10 21:38:29.690,GPU-e3ae17a2-8c3a-b59e-e80d-ac03599051ab,39591,97887,97,237.71
2026/10/10 21:38:30.216,GPU-e3ae17a2-8c3a-b59e-e80d-ac03599051ab,39591,97887,98,254.11
2026/10/10 21:38:30.743,GPU-e3ae17a2-8c3a-b59e-e80d-ac03599051ab,39591,97887,100,253.91
2026/10/10 21:38:31.271,GPU-e3ae17a2-8c3a-b59e-e80d-ac03599051ab,39591,97887,100,258.27
2026/10/10 21:38:31.800,GPU-e3ae17a2-8c3a-b59e-e80d-ac03599051ab,39591,97887,98,249.00
2026/10/10 21:38:32.327,GPU-e3ae17a2-8c3a-b59e-e80d-ac03599051ab,39591,97887,98,237.23
2026/10/10 21:38:32.855,GPU-e3ae17a2-8c3a-b59e-e80d-ac03599051ab,39591,97887,97,242.65
2026/10/10 21:38:33.392,GPU-e3ae17a2-8c3a-b59e-e80d-ac03599051ab,39591,97887,97,252.99
2026/10/10 21:38:33.920,GPU-e3ae17a2-8c3a-b59e-e80d-ac03599051ab,39591,97887,97,253.46
2026/10/10 21:38:34.449,GPU-e3ae17a2-8c3a-b59e-e80d-ac03599051ab,39591,97887,97,240.26
2026/10/10 21:38:34.977,GPU-e3ae17a2-8c3a-b59e-e80d-ac03599051ab,39591,97887,97,241.85
2026/10/10 21:38:35.505,GPU-e3ae17a2-8c3a-b59e-e80d-ac03599051ab,39591,97887,97,239.57
2026/10/10 21:38:36.032,GPU-e3ae17a2-8c3a-b59e-e80d-ac03599051ab,39591,97887,97,259.64
2026/10/10 21:38:36.558,GPU-e3ae17a2-8c3a-b59e-e80d-ac03599051ab,39591,97887,97,258.91
2026/10/10 21:38:37.085,GPU-e3ae17a2-8c3a-b59e-e80d-ac03599051ab,39591,97887,100,248.11
2026/10/10 21:38:37.612,GPU-e3ae17a2-8c3a-b59e-e80d-ac03599051ab,39591,97887,98,236.42
2026/10/10 21:38:38.141,GPU-e3ae17a2-8c3a-b59e-e80d-ac03599051ab,39591,97887,98,240.90
2026/10/10 21:38:38.668,GPU-e3ae17a2-8c3a-b59e-e80d-ac03599051ab,39591,97887,98,247.73
2026/10/10 21:38:39.196,GPU-e3ae17a2-8c3a-b59e-e80d-ac03599051ab,39591,97887,100,253.85
2026/10/10 21:38:39.730,GPU-e3ae17a2-8c3a-b59e-e80d-ac03599051ab,39591,97887,98,239.27
2026/10/10 21:38:40.257,GPU-e3ae17a2-8c3a-b59e-e80d-ac03599051ab,39591,97887,98,236.74
2026/10/10 21:38:40.784,GPU-e3ae17a2-8c3a-b59e-e80d-ac03599051ab,39591,97887,98,242.60
2026/10/10 21:38:41.312,GPU-e3ae17a2-8c3a-b59e-e80d-ac03599051ab,39591,97887,97,237.80
2026/10/10 21:38:41.842,GPU-e3ae17a2-8c3a-b59e-e80d-ac03599051ab,39591,97887,97,253.88
2026/10/10 21:38:42.371,GPU-e3ae17a2-8c3a-b59e-e80d-ac03599051ab,39591,97887,97,252.90
2026/10/10 21:38:42.898,GPU-e3ae17a2-8c3a-b59e-e80d-ac03599051ab,39591,97887,100,245.41
2026/10/10 21:38:43.425,GPU-e3ae17a2-8c3a-b59e-e80d-ac03599051ab,39591,97887,97,244.01
2026/10/10 21:38:43.952,GPU-e3ae17a2-8c3a-b59e-e80d-ac03599051ab,39591,97887,97,243.11
2026/10/10 21:38:44.484,GPU-e3ae17a2-8c3a-b59e-e80d-ac03599051ab,39591,97887,97,250.57
2026/10/10 21:38:45.018,GPU-e3ae17a2-8c3a-b59e-e80d-ac03599051ab,39591,97887,99,253.94
2026/10/10 21:38:45.551,GPU-e3ae17a2-8c3a-b59e-e80d-ac03599051ab,39591,97887,97,238.95
2026/10/10 21:38:46.078,GPU-e3ae17a2-8c3a-b59e-e80d-ac03599051ab,39591,97887,97,239.19
2026/10/10 21:38:46.607,GPU-e3ae17a2-8c3a-b59e-e80d-ac03599051ab,39591,97887,98,243.33
2026/10/10 21:38:47.134,GPU-e3ae17a2-8c3a-b59e-e80d-ac03599051ab,39591,97887,100,255.98
2026/10/10 21:38:47.663,GPU-e3ae17a2-8c3a-b59e-e80d-ac03599051ab,39591,97887,100,251.65
2026/10/10 21:38:48.190,GPU-e3ae17a2-8c3a-b59e-e80d-ac03599051ab,39591,97887,97,238.38
2026/10/10 21:38:48.717,GPU-e3ae17a2-8c3a-b59e-e80d-ac03599051ab,39591,97887,97,239.29
2026/10/10 21:38:49.243,GPU-e3ae17a2-8c3a-b59e-e80d-ac03599051ab,39591,97887,98,250.15
2026/10/10 21:38:49.772,GPU-e3ae17a2-8c3a-b59e-e80d-ac03599051ab,39591,97887,100,263.00
2026/10/10 21:38:50.302,GPU-e3ae17a2-8c3a-b59e-e80d-ac03599051ab,39591,97887,100,251.04
2026/10/10 21:38:50.830,GPU-e3ae17a2-8c3a-b59e-e80d-ac03599051ab,39591,97887,97,238.64
2026/10/10 21:38:51.359,GPU-e3ae17a2-8c3a-b59e-e80d-ac03599051ab,39591,97887,98,236.37
2026/10/10 21:38:51.891,GPU-e3ae17a2-8c3a-b59e-e80d-ac03599051ab,39591,97887,97,247.05
2026/10/10 21:38:52.419,GPU-e3ae17a2-8c3a-b59e-e80d-ac03599051ab,39591,97887,100,253.26
2026/10/10 21:38:52.951,GPU-e3ae17a2-8c3a-b59e-e80d-ac03599051ab,39591,97887,97,245.71
2026/10/10 21:38:53.478,GPU-e3ae17a2-8c3a-b59e-e80d-ac03599051ab,39591,97887,97,237.66
2026/10/10 21:38:54.010,GPU-e3ae17a2-8c3a-b59e-e80d-ac03599051ab,39591,97887,98,242.31
2026/10/10 21:38:54.538,GPU-e3ae17a2-8c3a-b59e-e80d-ac03599051ab,39591,97887,100,255.51
2026/10/10 21:38:55.065,GPU-e3ae17a2-8c3a-b59e-e80d-ac03599051ab,39591,97887,97,254.10
2026/10/10 21:38:55.595,GPU-e3ae17a2-8c3a-b59e-e80d-ac03599051ab,39591,97887,97,253.08
2026/10/10 21:38:56.123,GPU-e3ae17a2-8c3a-b59e-e80d-ac03599051ab,39591,97887,98,238.78
2026/10/10 21:38:56.654,GPU-e3ae17a2-8c3a-b59e-e80d-ac03599051ab,39591,97887,97,244.21
2026/10/10 21:38:57.190,GPU-e3ae17a2-8c3a-b59e-e80d-ac03599051ab,39591,97887,97,249.93
2026/10/10 21:38:57.719,GPU-e3ae17a2-8c3a-b59e-e80d-ac03599051ab,39591,97887,98,255.00
2026/10/10 21:38:58.250,GPU-e3ae17a2-8c3a-b59e-e80d-ac03599051ab,39591,97887,100,245.48
2026/10/10 21:38:58.778,GPU-e3ae17a2-8c3a-b59e-e80d-ac03599051ab,39591,97887,97,238.86
2026/10/10 21:38:59.306,GPU-e3ae17a2-8c3a-b59e-e80d-ac03599051ab,39591,97887,97,241.82
2026/10/10 21:38:59.834,GPU-e3ae17a2-8c3a-b59e-e80d-ac03599051ab,39591,97887,98,244.04
2026/10/10 21:39:00.362,GPU-e3ae17a2-8c3a-b59e-e80d-ac03599051ab,39591,97887,96,251.16
2026/10/10 21:39:00.894,GPU-e3ae17a2-8c3a-b59e-e80d-ac03599051ab,39591,97887,98,262.06
2026/10/10 21:39:01.423,GPU-e3ae17a2-8c3a-b59e-e80d-ac03599051ab,39591,97887,98,268.32
2026/10/10 21:39:01.954,GPU-e3ae17a2-8c3a-b59e-e80d-ac03599051ab,39591,97887,98,268.74
2026/10/10 21:39:02.486,GPU-e3ae17a2-8c3a-b59e-e80d-ac03599051ab,39591,97887,98,272.36
2026/10/10 21:39:03.015,GPU-e3ae17a2-8c3a-b59e-e80d-ac03599051ab,39591,97887,99,272.74
2026/10/10 21:39:03.545,GPU-e3ae17a2-8c3a-b59e-e80d-ac03599051ab,39591,97887,98,266.54
2026/10/10 21:39:04.075,GPU-e3ae17a2-8c3a-b59e-e80d-ac03599051ab,39591,97887,99,267.47
2026/10/10 21:39:04.604,GPU-e3ae17a2-8c3a-b59e-e80d-ac03599051ab,39591,97887,98,269.40
2026/10/10 21:39:05.133,GPU-e3ae17a2-8c3a-b59e-e80d-ac03599051ab,39591,97887,98,265.22
2026/10/10 21:39:05.662,GPU-e3ae17a2-8c3a-b59e-e80d-ac03599051ab,39591,97887,98,266.46
2026/10/10 21:39:06.193,GPU-e3ae17a2-8c3a-b59e-e80d-ac03599051ab,39591,97887,98,269.04
2026/10/10 21:39:06.722,GPU-e3ae17a2-8c3a-b59e-e80d-ac03599051ab,39591,97887,99,274.67
2026/10/10 21:39:07.248,GPU-e3ae17a2-8c3a-b59e-e80d-ac03599051ab,39591,97887,98,262.59
2026/10/10 21:39:07.784,GPU-e3ae17a2-8c3a-b59e-e80d-ac03599051ab,39591,97887,99,246.21
2026/10/10 21:39:08.314,GPU-e3ae17a2-8c3a-b59e-e80d-ac03599051ab,39591,97887,98,236.43
2026/10/10 21:39:08.842,GPU-e3ae17a2-8c3a-b59e-e80d-ac03599051ab,39591,97887,98,255.33
2026/10/10 21:39:09.393,GPU-e3ae17a2-8c3a-b59e-e80d-ac03599051ab,39591,97887,99,242.19
2026/10/10 21:39:09.921,GPU-e3ae17a2-8c3a-b59e-e80d-ac03599051ab,39591,97887,97,252.63
2026/10/10 21:39:10.451,GPU-e3ae17a2-8c3a-b59e-e80d-ac03599051ab,39591,97887,99,248.44
2026/10/10 21:39:10.979,GPU-e3ae17a2-8c3a-b59e-e80d-ac03599051ab,39591,97887,99,216.44
2026/10/10 21:39:11.512,GPU-e3ae17a2-8c3a-b59e-e80d-ac03599051ab,39591,97887,99,244.39
2026/10/10 21:39:12.039,GPU-e3ae17a2-8c3a-b59e-e80d-ac03599051ab,39591,97887,99,288.83
2026/10/10 21:39:12.572,GPU-e3ae17a2-8c3a-b59e-e80d-ac03599051ab,39591,97887,99,277.86
2026/10/10 21:39:13.098,GPU-e3ae17a2-8c3a-b59e-e80d-ac03599051ab,39591,97887,99,233.75
2026/10/10 21:39:13.626,GPU-e3ae17a2-8c3a-b59e-e80d-ac03599051ab,39591,97887,99,205.16
2026/10/10 21:39:14.157,GPU-e3ae17a2-8c3a-b59e-e80d-ac03599051ab,39591,97887,99,189.98
2026/10/10 21:39:14.684,GPU-e3ae17a2-8c3a-b59e-e80d-ac03599051ab,39591,97887,99,187.05
2026/10/10 21:39:15.211,GPU-e3ae17a2-8c3a-b59e-e80d-ac03599051ab,39591,97887,99,185.23
2026/10/10 21:39:15.743,GPU-e3ae17a2-8c3a-b59e-e80d-ac03599051ab,39591,97887,99,191.67
2026/10/10 21:39:16.273,GPU-e3ae17a2-8c3a-b59e-e80d-ac03599051ab,39591,97887,99,215.87
2026/10/10 21:39:16.799,GPU-e3ae17a2-8c3a-b59e-e80d-ac03599051ab,39591,97887,99,252.72
2026/10/10 21:39:17.327,GPU-e3ae17a2-8c3a-b59e-e80d-ac03599051ab,39591,97887,99,295.31
2026/10/10 21:39:17.852,GPU-e3ae17a2-8c3a-b59e-e80d-ac03599051ab,39591,97887,99,298.88
2026/10/10 21:39:18.378,GPU-e3ae17a2-8c3a-b59e-e80d-ac03599051ab,39591,97887,99,255.22
2026/10/10 21:39:18.904,GPU-e3ae17a2-8c3a-b59e-e80d-ac03599051ab,39591,97887,99,220.17
2026/10/10 21:39:19.433,GPU-e3ae17a2-8c3a-b59e-e80d-ac03599051ab,39591,97887,99,194.01
2026/10/10 21:39:19.964,GPU-e3ae17a2-8c3a-b59e-e80d-ac03599051ab,39591,97887,99,230.50
2026/10/10 21:39:20.491,GPU-e3ae17a2-8c3a-b59e-e80d-ac03599051ab,39591,97887,99,286.93
2026/10/10 21:39:21.019,GPU-e3ae17a2-8c3a-b59e-e80d-ac03599051ab,39591,97887,99,272.79
2026/10/10 21:39:21.548,GPU-e3ae17a2-8c3a-b59e-e80d-ac03599051ab,39591,97887,99,221.07
2026/10/10 21:39:22.076,GPU-e3ae17a2-8c3a-b59e-e80d-ac03599051ab,39591,97887,99,252.93
2026/10/10 21:39:22.605,GPU-e3ae17a2-8c3a-b59e-e80d-ac03599051ab,39591,97887,99,272.43
2026/10/10 21:39:23.133,GPU-e3ae17a2-8c3a-b59e-e80d-ac03599051ab,39591,97887,99,232.10
2026/10/10 21:39:23.662,GPU-e3ae17a2-8c3a-b59e-e80d-ac03599051ab,39591,97887,99,247.85
2026/10/10 21:39:24.193,GPU-e3ae17a2-8c3a-b59e-e80d-ac03599051ab,39591,97887,99,264.61
2026/10/10 21:39:24.720,GPU-e3ae17a2-8c3a-b59e-e80d-ac03599051ab,39591,97887,99,223.92
2026/10/10 21:39:25.250,GPU-e3ae17a2-8c3a-b59e-e80d-ac03599051ab,39591,97887,99,250.56
2026/10/10 21:39:25.792,GPU-e3ae17a2-8c3a-b59e-e80d-ac03599051ab,39591,97887,99,244.87
2026/10/10 21:39:26.320,GPU-e3ae17a2-8c3a-b59e-e80d-ac03599051ab,39591,97887,99,250.19
2026/10/10 21:39:26.851,GPU-e3ae17a2-8c3a-b59e-e80d-ac03599051ab,39591,97887,99,245.66
2026/10/10 21:39:27.381,GPU-e3ae17a2-8c3a-b59e-e80d-ac03599051ab,39591,97887,99,244.01
2026/10/10 21:39:27.916,GPU-e3ae17a2-8c3a-b59e-e80d-ac03599051ab,39591,97887,99,243.51
2026/10/10 21:39:28.442,GPU-e3ae17a2-8c3a-b59e-e80d-ac03599051ab,39591,97887,99,243.01
2026/10/10 21:39:28.969,GPU-e3ae17a2-8c3a-b59e-e80d-ac03599051ab,39591,97887,99,246.80
2026/10/10 21:39:29.497,GPU-e3ae17a2-8c3a-b59e-e80d-ac03599051ab,39591,97887,99,243.17
2026/10/10 21:39:30.025,GPU-e3ae17a2-8c3a-b59e-e80d-ac03599051ab,39591,97887,99,247.99
2026/10/10 21:39:30.553,GPU-e3ae17a2-8c3a-b59e-e80d-ac03599051ab,39591,97887,99,239.50
2026/10/10 21:39:31.082,GPU-e3ae17a2-8c3a-b59e-e80d-ac03599051ab,39591,97887,100,257.67
2026/10/10 21:39:31.612,GPU-e3ae17a2-8c3a-b59e-e80d-ac03599051ab,39591,97887,99,235.99
2026/10/10 21:39:32.139,GPU-e3ae17a2-8c3a-b59e-e80d-ac03599051ab,39591,97887,99,252.83
2026/10/10 21:39:32.668,GPU-e3ae17a2-8c3a-b59e-e80d-ac03599051ab,39591,97887,99,252.79
2026/10/10 21:39:33.195,GPU-e3ae17a2-8c3a-b59e-e80d-ac03599051ab,39591,97887,99,237.69
2026/10/10 21:39:33.720,GPU-e3ae17a2-8c3a-b59e-e80d-ac03599051ab,39591,97887,99,261.66
2026/10/10 21:39:34.247,GPU-e3ae17a2-8c3a-b59e-e80d-ac03599051ab,39591,97887,99,245.49
2026/10/10 21:39:34.774,GPU-e3ae17a2-8c3a-b59e-e80d-ac03599051ab,39591,97887,99,237.42
2026/10/10 21:39:35.302,GPU-e3ae17a2-8c3a-b59e-e80d-ac03599051ab,39591,97887,99,260.92
2026/10/10 21:39:35.833,GPU-e3ae17a2-8c3a-b59e-e80d-ac03599051ab,39591,97887,99,254.29
2026/10/10 21:39:36.362,GPU-e3ae17a2-8c3a-b59e-e80d-ac03599051ab,39591,97887,99,228.09
2026/10/10 21:39:36.891,GPU-e3ae17a2-8c3a-b59e-e80d-ac03599051ab,39591,97887,99,244.19
2026/10/10 21:39:37.420,GPU-e3ae17a2-8c3a-b59e-e80d-ac03599051ab,39591,97887,99,261.42
2026/10/10 21:39:37.952,GPU-e3ae17a2-8c3a-b59e-e80d-ac03599051ab,39591,97887,99,239.25
2026/10/10 21:39:38.484,GPU-e3ae17a2-8c3a-b59e-e80d-ac03599051ab,39591,97887,99,235.00
2026/10/10 21:39:39.013,GPU-e3ae17a2-8c3a-b59e-e80d-ac03599051ab,39591,97887,99,239.24
2026/10/10 21:39:39.546,GPU-e3ae17a2-8c3a-b59e-e80d-ac03599051ab,39591,97887,100,256.64
2026/10/10 21:39:40.075,GPU-e3ae17a2-8c3a-b59e-e80d-ac03599051ab,39591,97887,100,253.45
2026/10/10 21:39:40.611,GPU-e3ae17a2-8c3a-b59e-e80d-ac03599051ab,39591,97887,100,251.58
2026/10/10 21:39:41.139,GPU-e3ae17a2-8c3a-b59e-e80d-ac03599051ab,39591,97887,99,233.98
2026/10/10 21:39:41.669,GPU-e3ae17a2-8c3a-b59e-e80d-ac03599051ab,39591,97887,99,233.93
2026/10/10 21:39:42.196,GPU-e3ae17a2-8c3a-b59e-e80d-ac03599051ab,39591,97887,99,236.10
2026/10/10 21:39:42.726,GPU-e3ae17a2-8c3a-b59e-e80d-ac03599051ab,39591,97887,99,251.09
2026/10/10 21:39:43.257,GPU-e3ae17a2-8c3a-b59e-e80d-ac03599051ab,39591,97887,99,253.20
2026/10/10 21:39:43.784,GPU-e3ae17a2-8c3a-b59e-e80d-ac03599051ab,39591,97887,100,253.41
2026/10/10 21:39:44.313,GPU-e3ae17a2-8c3a-b59e-e80d-ac03599051ab,39591,97887,100,254.41
2026/10/10 21:39:44.847,GPU-e3ae17a2-8c3a-b59e-e80d-ac03599051ab,39591,97887,100,251.27
2026/10/10 21:39:45.391,GPU-e3ae17a2-8c3a-b59e-e80d-ac03599051ab,39591,97887,100,250.25
2026/10/10 21:39:45.922,GPU-e3ae17a2-8c3a-b59e-e80d-ac03599051ab,39591,97887,99,242.05
2026/10/10 21:39:46.450,GPU-e3ae17a2-8c3a-b59e-e80d-ac03599051ab,39591,97887,99,244.30
2026/10/10 21:39:46.982,GPU-e3ae17a2-8c3a-b59e-e80d-ac03599051ab,39591,97887,99,248.82
2026/10/10 21:39:47.511,GPU-e3ae17a2-8c3a-b59e-e80d-ac03599051ab,39591,97887,99,248.04
2026/10/10 21:39:48.041,GPU-e3ae17a2-8c3a-b59e-e80d-ac03599051ab,39591,97887,99,244.63
2026/10/10 21:39:48.573,GPU-e3ae17a2-8c3a-b59e-e80d-ac03599051ab,39591,97887,99,242.82
2026/10/10 21:39:49.101,GPU-e3ae17a2-8c3a-b59e-e80d-ac03599051ab,39591,97887,99,246.66
2026/10/10 21:39:49.631,GPU-e3ae17a2-8c3a-b59e-e80d-ac03599051ab,39591,97887,99,244.06
2026/10/10 21:39:50.161,GPU-e3ae17a2-8c3a-b59e-e80d-ac03599051ab,39591,97887,99,248.83
2026/10/10 21:39:50.691,GPU-e3ae17a2-8c3a-b59e-e80d-ac03599051ab,39591,97887,99,246.61
2026/10/10 21:39:51.221,GPU-e3ae17a2-8c3a-b59e-e80d-ac03599051ab,39591,97887,99,244.73
2026/10/10 21:39:51.754,GPU-e3ae17a2-8c3a-b59e-e80d-ac03599051ab,39591,97887,99,247.41
2026/10/10 21:39:52.291,GPU-e3ae17a2-8c3a-b59e-e80d-ac03599051ab,39591,97887,99,243.57
2026/10/10 21:39:52.820,GPU-e3ae17a2-8c3a-b59e-e80d-ac03599051ab,39591,97887,99,249.72
2026/10/10 21:39:53.348,GPU-e3ae17a2-8c3a-b59e-e80d-ac03599051ab,39591,97887,99,248.77
2026/10/10 21:39:53.879,GPU-e3ae17a2-8c3a-b59e-e80d-ac03599051ab,39591,97887,99,248.25
2026/10/10 21:39:54.406,GPU-e3ae17a2-8c3a-b59e-e80d-ac03599051ab,39591,97887,99,247.67
2026/10/10 21:39:54.932,GPU-e3ae17a2-8c3a-b59e-e80d-ac03599051ab,39591,97887,99,254.30
2026/10/10 21:39:55.460,GPU-e3ae17a2-8c3a-b59e-e80d-ac03599051ab,39591,97887,99,250.79
2026/10/10 21:39:56.012,GPU-e3ae17a2-8c3a-b59e-e80d-ac03599051ab,39591,97887,100,252.84
2026/10/10 21:39:56.538,GPU-e3ae17a2-8c3a-b59e-e80d-ac03599051ab,39591,97887,99,248.37
2026/10/10 21:39:57.066,GPU-e3ae17a2-8c3a-b59e-e80d-ac03599051ab,39591,97887,100,247.98
2026/10/10 21:39:57.594,GPU-e3ae17a2-8c3a-b59e-e80d-ac03599051ab,39591,97887,99,254.83
2026/10/10 21:39:58.120,GPU-e3ae17a2-8c3a-b59e-e80d-ac03599051ab,39591,97887,100,247.63
2026/10/10 21:39:58.645,GPU-e3ae17a2-8c3a-b59e-e80d-ac03599051ab,39591,97887,99,246.66
2026/10/10 21:39:59.170,GPU-e3ae17a2-8c3a-b59e-e80d-ac03599051ab,39591,97887,100,244.54
2026/10/10 21:39:59.697,GPU-e3ae17a2-8c3a-b59e-e80d-ac03599051ab,39591,97887,99,243.53
2026/10/10 21:40:00.227,GPU-e3ae17a2-8c3a-b59e-e80d-ac03599051ab,39591,97887,99,239.57
2026/10/10 21:40:00.756,GPU-e3ae17a2-8c3a-b59e-e80d-ac03599051ab,39591,97887,99,241.63
2026/10/10 21:40:01.284,GPU-e3ae17a2-8c3a-b59e-e80d-ac03599051ab,39591,97887,99,247.49
2026/10/10 21:40:01.811,GPU-e3ae17a2-8c3a-b59e-e80d-ac03599051ab,39591,97887,97,248.81
2026/10/10 21:40:02.337,GPU-e3ae17a2-8c3a-b59e-e80d-ac03599051ab,39591,97887,98,253.85
2026/10/10 21:40:02.863,GPU-e3ae17a2-8c3a-b59e-e80d-ac03599051ab,39591,97887,100,254.80
2026/10/10 21:40:03.390,GPU-e3ae17a2-8c3a-b59e-e80d-ac03599051ab,39591,97887,100,257.04
2026/10/10 21:40:03.917,GPU-e3ae17a2-8c3a-b59e-e80d-ac03599051ab,39591,97887,98,235.24
2026/10/10 21:40:04.452,GPU-e3ae17a2-8c3a-b59e-e80d-ac03599051ab,39591,97887,98,243.41
2026/10/10 21:40:04.980,GPU-e3ae17a2-8c3a-b59e-e80d-ac03599051ab,39591,97887,98,245.21
2026/10/10 21:40:05.510,GPU-e3ae17a2-8c3a-b59e-e80d-ac03599051ab,39591,97887,98,255.56
2026/10/10 21:40:06.039,GPU-e3ae17a2-8c3a-b59e-e80d-ac03599051ab,39591,97887,98,257.01
2026/10/10 21:40:06.569,GPU-e3ae17a2-8c3a-b59e-e80d-ac03599051ab,39591,97887,100,239.64
2026/10/10 21:40:07.098,GPU-e3ae17a2-8c3a-b59e-e80d-ac03599051ab,39591,97887,97,234.07
2026/10/10 21:40:07.627,GPU-e3ae17a2-8c3a-b59e-e80d-ac03599051ab,39591,97887,98,247.03
2026/10/10 21:40:08.158,GPU-e3ae17a2-8c3a-b59e-e80d-ac03599051ab,39591,97887,97,253.15
2026/10/10 21:40:08.687,GPU-e3ae17a2-8c3a-b59e-e80d-ac03599051ab,39591,97887,100,254.54
2026/10/10 21:40:09.218,GPU-e3ae17a2-8c3a-b59e-e80d-ac03599051ab,39591,97887,97,237.21
2026/10/10 21:40:09.752,GPU-e3ae17a2-8c3a-b59e-e80d-ac03599051ab,39591,97887,97,237.23
2026/10/10 21:40:10.282,GPU-e3ae17a2-8c3a-b59e-e80d-ac03599051ab,39591,97887,97,237.37
2026/10/10 21:40:10.826,GPU-e3ae17a2-8c3a-b59e-e80d-ac03599051ab,39591,97887,100,256.56
2026/10/10 21:40:11.356,GPU-e3ae17a2-8c3a-b59e-e80d-ac03599051ab,39591,97887,100,255.88
2026/10/10 21:40:11.885,GPU-e3ae17a2-8c3a-b59e-e80d-ac03599051ab,39591,97887,97,238.98
2026/10/10 21:40:12.413,GPU-e3ae17a2-8c3a-b59e-e80d-ac03599051ab,39591,97887,97,243.69
2026/10/10 21:40:12.942,GPU-e3ae17a2-8c3a-b59e-e80d-ac03599051ab,39591,97887,97,250.26
2026/10/10 21:40:13.474,GPU-e3ae17a2-8c3a-b59e-e80d-ac03599051ab,39591,97887,100,258.38
2026/10/10 21:40:14.004,GPU-e3ae17a2-8c3a-b59e-e80d-ac03599051ab,39591,97887,100,255.59
2026/10/10 21:40:14.533,GPU-e3ae17a2-8c3a-b59e-e80d-ac03599051ab,39591,97887,97,240.45
2026/10/10 21:40:15.067,GPU-e3ae17a2-8c3a-b59e-e80d-ac03599051ab,39591,97887,97,238.86
2026/10/10 21:40:15.596,GPU-e3ae17a2-8c3a-b59e-e80d-ac03599051ab,39591,97887,97,239.48
2026/10/10 21:40:16.125,GPU-e3ae17a2-8c3a-b59e-e80d-ac03599051ab,39591,97887,100,252.30
2026/10/10 21:40:16.654,GPU-e3ae17a2-8c3a-b59e-e80d-ac03599051ab,39591,97887,97,241.35
2026/10/10 21:40:17.182,GPU-e3ae17a2-8c3a-b59e-e80d-ac03599051ab,39591,97887,97,238.45
2026/10/10 21:40:17.712,GPU-e3ae17a2-8c3a-b59e-e80d-ac03599051ab,39591,97887,97,238.80
2026/10/10 21:40:18.240,GPU-e3ae17a2-8c3a-b59e-e80d-ac03599051ab,39591,97887,100,255.31
2026/10/10 21:40:18.769,GPU-e3ae17a2-8c3a-b59e-e80d-ac03599051ab,39591,97887,97,256.25
2026/10/10 21:40:19.298,GPU-e3ae17a2-8c3a-b59e-e80d-ac03599051ab,39591,97887,97,254.61
2026/10/10 21:40:19.828,GPU-e3ae17a2-8c3a-b59e-e80d-ac03599051ab,39591,97887,98,240.59
2026/10/10 21:40:20.357,GPU-e3ae17a2-8c3a-b59e-e80d-ac03599051ab,39591,97887,97,246.68
2026/10/10 21:40:20.891,GPU-e3ae17a2-8c3a-b59e-e80d-ac03599051ab,39591,97887,97,252.03
2026/10/10 21:40:21.422,GPU-e3ae17a2-8c3a-b59e-e80d-ac03599051ab,39591,97887,97,249.91
2026/10/10 21:40:21.953,GPU-e3ae17a2-8c3a-b59e-e80d-ac03599051ab,39591,97887,97,242.36
2026/10/10 21:40:22.482,GPU-e3ae17a2-8c3a-b59e-e80d-ac03599051ab,39591,97887,97,238.75
2026/10/10 21:40:23.011,GPU-e3ae17a2-8c3a-b59e-e80d-ac03599051ab,39591,97887,97,237.67
2026/10/10 21:40:23.541,GPU-e3ae17a2-8c3a-b59e-e80d-ac03599051ab,39591,97887,97,258.33
2026/10/10 21:40:24.071,GPU-e3ae17a2-8c3a-b59e-e80d-ac03599051ab,39591,97887,97,245.33
2026/10/10 21:40:24.602,GPU-e3ae17a2-8c3a-b59e-e80d-ac03599051ab,39591,97887,100,247.88
2026/10/10 21:40:25.133,GPU-e3ae17a2-8c3a-b59e-e80d-ac03599051ab,39591,97887,97,235.38
2026/10/10 21:40:25.664,GPU-e3ae17a2-8c3a-b59e-e80d-ac03599051ab,39591,97887,97,243.75
2026/10/10 21:40:26.194,GPU-e3ae17a2-8c3a-b59e-e80d-ac03599051ab,39591,97887,97,259.18
2026/10/10 21:40:26.728,GPU-e3ae17a2-8c3a-b59e-e80d-ac03599051ab,39591,97887,97,240.48
2026/10/10 21:40:27.270,GPU-e3ae17a2-8c3a-b59e-e80d-ac03599051ab,39591,97887,97,235.73
2026/10/10 21:40:27.812,GPU-e3ae17a2-8c3a-b59e-e80d-ac03599051ab,39591,97887,97,238.80
2026/10/10 21:40:28.341,GPU-e3ae17a2-8c3a-b59e-e80d-ac03599051ab,39591,97887,97,255.21
2026/10/10 21:40:28.870,GPU-e3ae17a2-8c3a-b59e-e80d-ac03599051ab,39591,97887,98,257.92
2026/10/10 21:40:29.399,GPU-e3ae17a2-8c3a-b59e-e80d-ac03599051ab,39591,97887,100,251.57
2026/10/10 21:40:29.928,GPU-e3ae17a2-8c3a-b59e-e80d-ac03599051ab,39591,97887,97,242.06
2026/10/10 21:40:30.457,GPU-e3ae17a2-8c3a-b59e-e80d-ac03599051ab,39591,97887,97,242.46
2026/10/10 21:40:30.995,GPU-e3ae17a2-8c3a-b59e-e80d-ac03599051ab,39591,97887,97,250.27
2026/10/10 21:40:31.525,GPU-e3ae17a2-8c3a-b59e-e80d-ac03599051ab,39591,97887,100,255.92
2026/10/10 21:40:32.055,GPU-e3ae17a2-8c3a-b59e-e80d-ac03599051ab,39591,97887,96,236.69
2026/10/10 21:40:32.584,GPU-e3ae17a2-8c3a-b59e-e80d-ac03599051ab,39591,97887,97,239.51
2026/10/10 21:40:33.113,GPU-e3ae17a2-8c3a-b59e-e80d-ac03599051ab,39591,97887,97,241.45
2026/10/10 21:40:33.643,GPU-e3ae17a2-8c3a-b59e-e80d-ac03599051ab,39591,97887,97,255.13
2026/10/10 21:40:34.172,GPU-e3ae17a2-8c3a-b59e-e80d-ac03599051ab,39591,97887,99,249.61
2026/10/10 21:40:34.702,GPU-e3ae17a2-8c3a-b59e-e80d-ac03599051ab,39591,97887,97,238.68
2026/10/10 21:40:35.231,GPU-e3ae17a2-8c3a-b59e-e80d-ac03599051ab,39591,97887,97,240.23
2026/10/10 21:40:35.762,GPU-e3ae17a2-8c3a-b59e-e80d-ac03599051ab,39591,97887,97,255.36
2026/10/10 21:40:36.292,GPU-e3ae17a2-8c3a-b59e-e80d-ac03599051ab,39591,97887,100,256.37
2026/10/10 21:40:36.827,GPU-e3ae17a2-8c3a-b59e-e80d-ac03599051ab,39591,97887,100,256.23
2026/10/10 21:40:37.358,GPU-e3ae17a2-8c3a-b59e-e80d-ac03599051ab,39591,97887,97,238.33
2026/10/10 21:40:37.886,GPU-e3ae17a2-8c3a-b59e-e80d-ac03599051ab,39591,97887,98,239.00
2026/10/10 21:40:38.415,GPU-e3ae17a2-8c3a-b59e-e80d-ac03599051ab,39591,97887,97,241.13
2026/10/10 21:40:38.943,GPU-e3ae17a2-8c3a-b59e-e80d-ac03599051ab,39591,97887,100,256.12
2026/10/10 21:40:39.473,GPU-e3ae17a2-8c3a-b59e-e80d-ac03599051ab,39591,97887,97,251.29
2026/10/10 21:40:40.012,GPU-e3ae17a2-8c3a-b59e-e80d-ac03599051ab,39591,97887,97,237.46
2026/10/10 21:40:40.572,GPU-e3ae17a2-8c3a-b59e-e80d-ac03599051ab,39591,97887,97,241.20
2026/10/10 21:40:41.106,GPU-e3ae17a2-8c3a-b59e-e80d-ac03599051ab,39591,97887,100,252.41
2026/10/10 21:40:41.636,GPU-e3ae17a2-8c3a-b59e-e80d-ac03599051ab,39591,97887,97,252.38
2026/10/10 21:40:42.165,GPU-e3ae17a2-8c3a-b59e-e80d-ac03599051ab,39591,97887,97,238.55
2026/10/10 21:40:42.694,GPU-e3ae17a2-8c3a-b59e-e80d-ac03599051ab,39591,97887,97,234.59
2026/10/10 21:40:43.223,GPU-e3ae17a2-8c3a-b59e-e80d-ac03599051ab,39591,97887,97,237.68
2026/10/10 21:40:43.752,GPU-e3ae17a2-8c3a-b59e-e80d-ac03599051ab,39591,97887,97,256.82
2026/10/10 21:40:44.282,GPU-e3ae17a2-8c3a-b59e-e80d-ac03599051ab,39591,97887,97,257.83
2026/10/10 21:40:44.813,GPU-e3ae17a2-8c3a-b59e-e80d-ac03599051ab,39591,97887,100,244.30
2026/10/10 21:40:45.342,GPU-e3ae17a2-8c3a-b59e-e80d-ac03599051ab,39591,97887,97,237.73
2026/10/10 21:40:45.870,GPU-e3ae17a2-8c3a-b59e-e80d-ac03599051ab,39591,97887,97,250.21
2026/10/10 21:40:46.403,GPU-e3ae17a2-8c3a-b59e-e80d-ac03599051ab,39591,97887,100,260.23
2026/10/10 21:40:46.933,GPU-e3ae17a2-8c3a-b59e-e80d-ac03599051ab,39591,97887,97,256.28
2026/10/10 21:40:47.464,GPU-e3ae17a2-8c3a-b59e-e80d-ac03599051ab,39591,97887,97,240.37
2026/10/10 21:40:47.995,GPU-e3ae17a2-8c3a-b59e-e80d-ac03599051ab,39591,97887,97,241.10
2026/10/10 21:40:48.523,GPU-e3ae17a2-8c3a-b59e-e80d-ac03599051ab,39591,97887,100,250.81
2026/10/10 21:40:49.053,GPU-e3ae17a2-8c3a-b59e-e80d-ac03599051ab,39591,97887,97,248.71
2026/10/10 21:40:49.581,GPU-e3ae17a2-8c3a-b59e-e80d-ac03599051ab,39591,97887,96,234.50
2026/10/10 21:40:50.111,GPU-e3ae17a2-8c3a-b59e-e80d-ac03599051ab,39591,97887,97,239.60
2026/10/10 21:40:50.640,GPU-e3ae17a2-8c3a-b59e-e80d-ac03599051ab,39591,97887,97,238.14
2026/10/10 21:40:51.168,GPU-e3ae17a2-8c3a-b59e-e80d-ac03599051ab,39591,97887,97,255.47
2026/10/10 21:40:51.703,GPU-e3ae17a2-8c3a-b59e-e80d-ac03599051ab,39591,97887,97,253.64
2026/10/10 21:40:52.232,GPU-e3ae17a2-8c3a-b59e-e80d-ac03599051ab,39591,97887,99,238.75
2026/10/10 21:40:52.766,GPU-e3ae17a2-8c3a-b59e-e80d-ac03599051ab,39591,97887,97,235.02
2026/10/10 21:40:53.296,GPU-e3ae17a2-8c3a-b59e-e80d-ac03599051ab,39591,97887,97,243.15
2026/10/10 21:40:53.827,GPU-e3ae17a2-8c3a-b59e-e80d-ac03599051ab,39591,97887,97,256.12
2026/10/10 21:40:54.356,GPU-e3ae17a2-8c3a-b59e-e80d-ac03599051ab,39591,97887,99,244.72
2026/10/10 21:40:54.885,GPU-e3ae17a2-8c3a-b59e-e80d-ac03599051ab,39591,97887,97,236.38
2026/10/10 21:40:55.422,GPU-e3ae17a2-8c3a-b59e-e80d-ac03599051ab,39591,97887,97,236.96
2026/10/10 21:40:55.954,GPU-e3ae17a2-8c3a-b59e-e80d-ac03599051ab,39591,97887,97,249.08
2026/10/10 21:40:56.482,GPU-e3ae17a2-8c3a-b59e-e80d-ac03599051ab,39591,97887,97,254.42
2026/10/10 21:40:57.011,GPU-e3ae17a2-8c3a-b59e-e80d-ac03599051ab,39591,97887,100,249.60
2026/10/10 21:40:57.548,GPU-e3ae17a2-8c3a-b59e-e80d-ac03599051ab,39591,97887,97,239.89
2026/10/10 21:40:58.080,GPU-e3ae17a2-8c3a-b59e-e80d-ac03599051ab,39591,97887,97,246.80
2026/10/10 21:40:58.611,GPU-e3ae17a2-8c3a-b59e-e80d-ac03599051ab,39591,97887,97,259.39
2026/10/10 21:40:59.140,GPU-e3ae17a2-8c3a-b59e-e80d-ac03599051ab,39591,97887,98,254.79
2026/10/10 21:40:59.671,GPU-e3ae17a2-8c3a-b59e-e80d-ac03599051ab,39591,97887,97,239.81
2026/10/10 21:41:00.199,GPU-e3ae17a2-8c3a-b59e-e80d-ac03599051ab,39591,97887,97,239.10
2026/10/10 21:41:00.726,GPU-e3ae17a2-8c3a-b59e-e80d-ac03599051ab,39591,97887,97,258.39
2026/10/10 21:41:01.254,GPU-e3ae17a2-8c3a-b59e-e80d-ac03599051ab,39591,97887,97,254.29
2026/10/10 21:41:01.781,GPU-e3ae17a2-8c3a-b59e-e80d-ac03599051ab,39591,97887,100,239.52
2026/10/10 21:41:02.308,GPU-e3ae17a2-8c3a-b59e-e80d-ac03599051ab,39591,97887,97,236.78
2026/10/10 21:41:02.837,GPU-e3ae17a2-8c3a-b59e-e80d-ac03599051ab,39591,97887,97,245.77
2026/10/10 21:41:03.365,GPU-e3ae17a2-8c3a-b59e-e80d-ac03599051ab,39591,97887,97,252.73
2026/10/10 21:41:03.894,GPU-e3ae17a2-8c3a-b59e-e80d-ac03599051ab,39591,97887,100,247.48
2026/10/10 21:41:04.422,GPU-e3ae17a2-8c3a-b59e-e80d-ac03599051ab,39591,97887,100,236.90
2026/10/10 21:41:04.955,GPU-e3ae17a2-8c3a-b59e-e80d-ac03599051ab,39591,97887,97,238.44
2026/10/10 21:41:05.484,GPU-e3ae17a2-8c3a-b59e-e80d-ac03599051ab,39591,97887,97,257.46
2026/10/10 21:41:06.013,GPU-e3ae17a2-8c3a-b59e-e80d-ac03599051ab,39591,97887,97,255.65
2026/10/10 21:41:06.540,GPU-e3ae17a2-8c3a-b59e-e80d-ac03599051ab,39591,97887,97,249.99
2026/10/10 21:41:07.073,GPU-e3ae17a2-8c3a-b59e-e80d-ac03599051ab,39591,97887,97,236.92
2026/10/10 21:41:07.602,GPU-e3ae17a2-8c3a-b59e-e80d-ac03599051ab,39591,97887,97,239.14
2026/10/10 21:41:08.128,GPU-e3ae17a2-8c3a-b59e-e80d-ac03599051ab,39591,97887,99,246.05
2026/10/10 21:41:08.655,GPU-e3ae17a2-8c3a-b59e-e80d-ac03599051ab,39591,97887,98,256.18
2026/10/10 21:41:09.182,GPU-e3ae17a2-8c3a-b59e-e80d-ac03599051ab,39591,97887,97,238.37
2026/10/10 21:41:09.710,GPU-e3ae17a2-8c3a-b59e-e80d-ac03599051ab,39591,97887,97,238.35
2026/10/10 21:41:10.238,GPU-e3ae17a2-8c3a-b59e-e80d-ac03599051ab,39591,97887,97,243.52
2026/10/10 21:41:10.766,GPU-e3ae17a2-8c3a-b59e-e80d-ac03599051ab,39591,97887,100,251.02
2026/10/10 21:41:11.294,GPU-e3ae17a2-8c3a-b59e-e80d-ac03599051ab,39591,97887,97,247.84
2026/10/10 21:41:11.822,GPU-e3ae17a2-8c3a-b59e-e80d-ac03599051ab,39591,97887,97,234.87
2026/10/10 21:41:12.354,GPU-e3ae17a2-8c3a-b59e-e80d-ac03599051ab,39591,97887,97,241.29
2026/10/10 21:41:12.883,GPU-e3ae17a2-8c3a-b59e-e80d-ac03599051ab,39591,97887,99,257.64
2026/10/10 21:41:13.413,GPU-e3ae17a2-8c3a-b59e-e80d-ac03599051ab,39591,97887,96,257.26
2026/10/10 21:41:13.942,GPU-e3ae17a2-8c3a-b59e-e80d-ac03599051ab,39591,97887,97,243.34
2026/10/10 21:41:14.473,GPU-e3ae17a2-8c3a-b59e-e80d-ac03599051ab,39591,97887,98,245.14
2026/10/10 21:41:14.999,GPU-e3ae17a2-8c3a-b59e-e80d-ac03599051ab,39591,97887,97,243.22
2026/10/10 21:41:15.526,GPU-e3ae17a2-8c3a-b59e-e80d-ac03599051ab,39591,97887,97,246.26
2026/10/10 21:41:16.053,GPU-e3ae17a2-8c3a-b59e-e80d-ac03599051ab,39591,97887,98,256.21
2026/10/10 21:41:16.580,GPU-e3ae17a2-8c3a-b59e-e80d-ac03599051ab,39591,97887,100,249.13
2026/10/10 21:41:17.109,GPU-e3ae17a2-8c3a-b59e-e80d-ac03599051ab,39591,97887,97,238.33
2026/10/10 21:41:17.638,GPU-e3ae17a2-8c3a-b59e-e80d-ac03599051ab,39591,97887,98,240.84
2026/10/10 21:41:18.173,GPU-e3ae17a2-8c3a-b59e-e80d-ac03599051ab,39591,97887,98,245.11
2026/10/10 21:41:18.702,GPU-e3ae17a2-8c3a-b59e-e80d-ac03599051ab,39591,97887,100,253.46
2026/10/10 21:41:19.230,GPU-e3ae17a2-8c3a-b59e-e80d-ac03599051ab,39591,97887,100,244.07
2026/10/10 21:41:19.758,GPU-e3ae17a2-8c3a-b59e-e80d-ac03599051ab,39591,97887,97,239.40
2026/10/10 21:41:20.285,GPU-e3ae17a2-8c3a-b59e-e80d-ac03599051ab,39591,97887,98,247.15
2026/10/10 21:41:20.815,GPU-e3ae17a2-8c3a-b59e-e80d-ac03599051ab,39591,97887,97,253.14
2026/10/10 21:41:21.343,GPU-e3ae17a2-8c3a-b59e-e80d-ac03599051ab,39591,97887,100,258.23
2026/10/10 21:41:21.872,GPU-e3ae17a2-8c3a-b59e-e80d-ac03599051ab,39591,97887,100,256.63
2026/10/10 21:41:22.399,GPU-e3ae17a2-8c3a-b59e-e80d-ac03599051ab,39591,97887,97,239.54
2026/10/10 21:41:22.926,GPU-e3ae17a2-8c3a-b59e-e80d-ac03599051ab,39591,97887,97,234.66
2026/10/10 21:41:23.455,GPU-e3ae17a2-8c3a-b59e-e80d-ac03599051ab,39591,97887,97,250.90
2026/10/10 21:41:23.983,GPU-e3ae17a2-8c3a-b59e-e80d-ac03599051ab,39591,97887,100,244.46
2026/10/10 21:41:24.511,GPU-e3ae17a2-8c3a-b59e-e80d-ac03599051ab,39591,97887,97,240.19
2026/10/10 21:41:25.045,GPU-e3ae17a2-8c3a-b59e-e80d-ac03599051ab,39591,97887,97,241.19
2026/10/10 21:41:25.578,GPU-e3ae17a2-8c3a-b59e-e80d-ac03599051ab,39591,97887,97,239.20
2026/10/10 21:41:26.108,GPU-e3ae17a2-8c3a-b59e-e80d-ac03599051ab,39591,97887,100,253.05
2026/10/10 21:41:26.638,GPU-e3ae17a2-8c3a-b59e-e80d-ac03599051ab,39591,97887,100,255.81
2026/10/10 21:41:27.167,GPU-e3ae17a2-8c3a-b59e-e80d-ac03599051ab,39591,97887,97,249.94
2026/10/10 21:41:27.695,GPU-e3ae17a2-8c3a-b59e-e80d-ac03599051ab,39591,97887,98,242.58
2026/10/10 21:41:28.221,GPU-e3ae17a2-8c3a-b59e-e80d-ac03599051ab,39591,97887,97,247.65
2026/10/10 21:41:28.749,GPU-e3ae17a2-8c3a-b59e-e80d-ac03599051ab,39591,97887,100,256.89
2026/10/10 21:41:29.277,GPU-e3ae17a2-8c3a-b59e-e80d-ac03599051ab,39591,97887,98,256.17
2026/10/10 21:41:29.814,GPU-e3ae17a2-8c3a-b59e-e80d-ac03599051ab,39591,97887,96,235.17
2026/10/10 21:41:30.347,GPU-e3ae17a2-8c3a-b59e-e80d-ac03599051ab,39591,97887,98,239.41
2026/10/10 21:41:30.881,GPU-e3ae17a2-8c3a-b59e-e80d-ac03599051ab,39591,97887,97,249.53
2026/10/10 21:41:31.412,GPU-e3ae17a2-8c3a-b59e-e80d-ac03599051ab,39591,97887,100,257.50
2026/10/10 21:41:31.939,GPU-e3ae17a2-8c3a-b59e-e80d-ac03599051ab,39591,97887,97,250.46
2026/10/10 21:41:32.467,GPU-e3ae17a2-8c3a-b59e-e80d-ac03599051ab,39591,97887,97,237.06
2026/10/10 21:41:32.995,GPU-e3ae17a2-8c3a-b59e-e80d-ac03599051ab,39591,97887,97,244.44
2026/10/10 21:41:33.524,GPU-e3ae17a2-8c3a-b59e-e80d-ac03599051ab,39591,97887,100,256.01
2026/10/10 21:41:34.052,GPU-e3ae17a2-8c3a-b59e-e80d-ac03599051ab,39591,97887,97,257.34
2026/10/10 21:41:34.581,GPU-e3ae17a2-8c3a-b59e-e80d-ac03599051ab,39591,97887,97,253.61
2026/10/10 21:41:35.111,GPU-e3ae17a2-8c3a-b59e-e80d-ac03599051ab,39591,97887,97,240.32
2026/10/10 21:41:35.641,GPU-e3ae17a2-8c3a-b59e-e80d-ac03599051ab,39591,97887,95,243.13
2026/10/10 21:41:36.169,GPU-e3ae17a2-8c3a-b59e-e80d-ac03599051ab,39591,97887,99,253.01
2026/10/10 21:41:36.697,GPU-e3ae17a2-8c3a-b59e-e80d-ac03599051ab,39591,97887,97,251.44
2026/10/10 21:41:37.233,GPU-e3ae17a2-8c3a-b59e-e80d-ac03599051ab,39591,97887,97,236.12
2026/10/10 21:41:37.764,GPU-e3ae17a2-8c3a-b59e-e80d-ac03599051ab,39591,97887,98,239.84
2026/10/10 21:41:38.291,GPU-e3ae17a2-8c3a-b59e-e80d-ac03599051ab,39591,97887,98,238.19
2026/10/10 21:41:38.820,GPU-e3ae17a2-8c3a-b59e-e80d-ac03599051ab,39591,97887,97,256.05
2026/10/10 21:41:39.368,GPU-e3ae17a2-8c3a-b59e-e80d-ac03599051ab,39591,97887,97,253.29
2026/10/10 21:41:39.910,GPU-e3ae17a2-8c3a-b59e-e80d-ac03599051ab,39591,97887,97,238.21
2026/10/10 21:41:40.440,GPU-e3ae17a2-8c3a-b59e-e80d-ac03599051ab,39591,97887,98,235.98
2026/10/10 21:41:40.977,GPU-e3ae17a2-8c3a-b59e-e80d-ac03599051ab,39591,97887,97,239.06
2026/10/10 21:41:41.508,GPU-e3ae17a2-8c3a-b59e-e80d-ac03599051ab,39591,97887,97,256.09
2026/10/10 21:41:42.035,GPU-e3ae17a2-8c3a-b59e-e80d-ac03599051ab,39591,97887,100,248.52
2026/10/10 21:41:42.562,GPU-e3ae17a2-8c3a-b59e-e80d-ac03599051ab,39591,97887,98,237.07
2026/10/10 21:41:43.090,GPU-e3ae17a2-8c3a-b59e-e80d-ac03599051ab,39591,97887,97,238.21
2026/10/10 21:41:43.619,GPU-e3ae17a2-8c3a-b59e-e80d-ac03599051ab,39591,97887,98,246.90
2026/10/10 21:41:44.147,GPU-e3ae17a2-8c3a-b59e-e80d-ac03599051ab,39591,97887,100,252.71
2026/10/10 21:41:44.674,GPU-e3ae17a2-8c3a-b59e-e80d-ac03599051ab,39591,97887,97,251.45
2026/10/10 21:41:45.203,GPU-e3ae17a2-8c3a-b59e-e80d-ac03599051ab,39591,97887,98,238.95
2026/10/10 21:41:45.732,GPU-e3ae17a2-8c3a-b59e-e80d-ac03599051ab,39591,97887,98,239.27
2026/10/10 21:41:46.263,GPU-e3ae17a2-8c3a-b59e-e80d-ac03599051ab,39591,97887,97,239.82
2026/10/10 21:41:46.794,GPU-e3ae17a2-8c3a-b59e-e80d-ac03599051ab,39591,97887,98,246.43
2026/10/10 21:41:47.324,GPU-e3ae17a2-8c3a-b59e-e80d-ac03599051ab,39591,97887,98,259.44
2026/10/10 21:41:47.854,GPU-e3ae17a2-8c3a-b59e-e80d-ac03599051ab,39591,97887,100,242.02
2026/10/10 21:41:48.383,GPU-e3ae17a2-8c3a-b59e-e80d-ac03599051ab,39591,97887,98,242.60
2026/10/10 21:41:48.912,GPU-e3ae17a2-8c3a-b59e-e80d-ac03599051ab,39591,97887,98,241.91
2026/10/10 21:41:49.442,GPU-e3ae17a2-8c3a-b59e-e80d-ac03599051ab,39591,97887,98,246.65
2026/10/10 21:41:49.973,GPU-e3ae17a2-8c3a-b59e-e80d-ac03599051ab,39591,97887,100,253.10
2026/10/10 21:41:50.502,GPU-e3ae17a2-8c3a-b59e-e80d-ac03599051ab,39591,97887,97,257.39
2026/10/10 21:41:51.052,GPU-e3ae17a2-8c3a-b59e-e80d-ac03599051ab,39591,97887,97,238.87
2026/10/10 21:41:51.581,GPU-e3ae17a2-8c3a-b59e-e80d-ac03599051ab,39591,97887,97,239.65
2026/10/10 21:41:52.114,GPU-e3ae17a2-8c3a-b59e-e80d-ac03599051ab,39591,97887,100,257.51
2026/10/10 21:41:52.648,GPU-e3ae17a2-8c3a-b59e-e80d-ac03599051ab,39591,97887,98,256.71
2026/10/10 21:41:53.180,GPU-e3ae17a2-8c3a-b59e-e80d-ac03599051ab,39591,97887,98,260.34
2026/10/10 21:41:53.708,GPU-e3ae17a2-8c3a-b59e-e80d-ac03599051ab,39591,97887,100,249.22
2026/10/10 21:41:54.240,GPU-e3ae17a2-8c3a-b59e-e80d-ac03599051ab,39591,97887,98,240.44
2026/10/10 21:41:54.774,GPU-e3ae17a2-8c3a-b59e-e80d-ac03599051ab,39591,97887,98,244.00
2026/10/10 21:41:55.313,GPU-e3ae17a2-8c3a-b59e-e80d-ac03599051ab,39591,97887,97,256.15
2026/10/10 21:41:55.843,GPU-e3ae17a2-8c3a-b59e-e80d-ac03599051ab,39591,97887,100,243.90
2026/10/10 21:41:56.373,GPU-e3ae17a2-8c3a-b59e-e80d-ac03599051ab,39591,97887,97,245.28
2026/10/10 21:41:56.903,GPU-e3ae17a2-8c3a-b59e-e80d-ac03599051ab,39591,97887,97,237.25
2026/10/10 21:41:57.434,GPU-e3ae17a2-8c3a-b59e-e80d-ac03599051ab,39591,97887,97,244.67
2026/10/10 21:41:57.962,GPU-e3ae17a2-8c3a-b59e-e80d-ac03599051ab,39591,97887,100,257.64
2026/10/10 21:41:58.490,GPU-e3ae17a2-8c3a-b59e-e80d-ac03599051ab,39591,97887,100,253.79
2026/10/10 21:41:59.019,GPU-e3ae17a2-8c3a-b59e-e80d-ac03599051ab,39591,97887,98,234.19
2026/10/10 21:41:59.546,GPU-e3ae17a2-8c3a-b59e-e80d-ac03599051ab,39591,97887,97,238.25
2026/10/10 21:42:00.078,GPU-e3ae17a2-8c3a-b59e-e80d-ac03599051ab,39591,97887,97,246.15
2026/10/10 21:42:00.607,GPU-e3ae17a2-8c3a-b59e-e80d-ac03599051ab,39591,97887,99,253.97
2026/10/10 21:42:01.134,GPU-e3ae17a2-8c3a-b59e-e80d-ac03599051ab,39591,97887,98,241.88
2026/10/10 21:42:01.662,GPU-e3ae17a2-8c3a-b59e-e80d-ac03599051ab,39591,97887,97,242.13
2026/10/10 21:42:02.191,GPU-e3ae17a2-8c3a-b59e-e80d-ac03599051ab,39591,97887,98,236.72
2026/10/10 21:42:02.719,GPU-e3ae17a2-8c3a-b59e-e80d-ac03599051ab,39591,97887,97,250.76
2026/10/10 21:42:03.246,GPU-e3ae17a2-8c3a-b59e-e80d-ac03599051ab,39591,97887,98,258.24
2026/10/10 21:42:03.773,GPU-e3ae17a2-8c3a-b59e-e80d-ac03599051ab,39591,97887,100,255.80
2026/10/10 21:42:04.300,GPU-e3ae17a2-8c3a-b59e-e80d-ac03599051ab,39591,97887,97,236.79
2026/10/10 21:42:04.826,GPU-e3ae17a2-8c3a-b59e-e80d-ac03599051ab,39591,97887,98,238.39
2026/10/10 21:42:05.352,GPU-e3ae17a2-8c3a-b59e-e80d-ac03599051ab,39591,97887,100,258.17
2026/10/10 21:42:05.879,GPU-e3ae17a2-8c3a-b59e-e80d-ac03599051ab,39591,97887,98,257.32
2026/10/10 21:42:06.405,GPU-e3ae17a2-8c3a-b59e-e80d-ac03599051ab,39591,97887,98,258.88
2026/10/10 21:42:06.936,GPU-e3ae17a2-8c3a-b59e-e80d-ac03599051ab,39591,97887,98,237.55
2026/10/10 21:42:07.464,GPU-e3ae17a2-8c3a-b59e-e80d-ac03599051ab,39591,97887,98,242.23
2026/10/10 21:42:07.992,GPU-e3ae17a2-8c3a-b59e-e80d-ac03599051ab,39591,97887,98,244.47
2026/10/10 21:42:08.520,GPU-e3ae17a2-8c3a-b59e-e80d-ac03599051ab,39591,97887,98,252.42
2026/10/10 21:42:09.047,GPU-e3ae17a2-8c3a-b59e-e80d-ac03599051ab,39591,97887,100,253.61
2026/10/10 21:42:09.575,GPU-e3ae17a2-8c3a-b59e-e80d-ac03599051ab,39591,97887,98,240.41
2026/10/10 21:42:10.101,GPU-e3ae17a2-8c3a-b59e-e80d-ac03599051ab,39591,97887,98,237.72
2026/10/10 21:42:10.628,GPU-e3ae17a2-8c3a-b59e-e80d-ac03599051ab,39591,97887,98,245.43
2026/10/10 21:42:11.171,GPU-e3ae17a2-8c3a-b59e-e80d-ac03599051ab,39591,97887,99,255.29
2026/10/10 21:42:11.701,GPU-e3ae17a2-8c3a-b59e-e80d-ac03599051ab,39591,97887,98,255.18
2026/10/10 21:42:12.232,GPU-e3ae17a2-8c3a-b59e-e80d-ac03599051ab,39591,97887,97,244.79
2026/10/10 21:42:12.761,GPU-e3ae17a2-8c3a-b59e-e80d-ac03599051ab,39591,97887,98,234.92
2026/10/10 21:42:13.288,GPU-e3ae17a2-8c3a-b59e-e80d-ac03599051ab,39591,97887,97,239.98
2026/10/10 21:42:13.815,GPU-e3ae17a2-8c3a-b59e-e80d-ac03599051ab,39591,97887,98,243.72
2026/10/10 21:42:14.343,GPU-e3ae17a2-8c3a-b59e-e80d-ac03599051ab,39591,97887,99,252.71
2026/10/10 21:42:14.870,GPU-e3ae17a2-8c3a-b59e-e80d-ac03599051ab,39591,97887,100,250.40
2026/10/10 21:42:15.398,GPU-e3ae17a2-8c3a-b59e-e80d-ac03599051ab,39591,97887,98,238.32
2026/10/10 21:42:15.925,GPU-e3ae17a2-8c3a-b59e-e80d-ac03599051ab,39591,97887,97,239.60
2026/10/10 21:42:16.464,GPU-e3ae17a2-8c3a-b59e-e80d-ac03599051ab,39591,97887,98,246.07
2026/10/10 21:42:17.004,GPU-e3ae17a2-8c3a-b59e-e80d-ac03599051ab,39591,97887,100,255.07
2026/10/10 21:42:17.533,GPU-e3ae17a2-8c3a-b59e-e80d-ac03599051ab,39591,97887,100,240.22
2026/10/10 21:42:18.062,GPU-e3ae17a2-8c3a-b59e-e80d-ac03599051ab,39591,97887,98,240.60
2026/10/10 21:42:18.592,GPU-e3ae17a2-8c3a-b59e-e80d-ac03599051ab,39591,97887,98,241.22
2026/10/10 21:42:19.118,GPU-e3ae17a2-8c3a-b59e-e80d-ac03599051ab,39591,97887,97,237.65
2026/10/10 21:42:19.646,GPU-e3ae17a2-8c3a-b59e-e80d-ac03599051ab,39591,97887,98,254.82
2026/10/10 21:42:20.173,GPU-e3ae17a2-8c3a-b59e-e80d-ac03599051ab,39591,97887,97,253.57
2026/10/10 21:42:20.700,GPU-e3ae17a2-8c3a-b59e-e80d-ac03599051ab,39591,97887,100,247.38
2026/10/10 21:42:21.228,GPU-e3ae17a2-8c3a-b59e-e80d-ac03599051ab,39591,97887,98,237.68
2026/10/10 21:42:21.757,GPU-e3ae17a2-8c3a-b59e-e80d-ac03599051ab,39591,97887,97,244.33
2026/10/10 21:42:22.292,GPU-e3ae17a2-8c3a-b59e-e80d-ac03599051ab,39591,97887,98,253.35
2026/10/10 21:42:22.823,GPU-e3ae17a2-8c3a-b59e-e80d-ac03599051ab,39591,97887,100,254.87
2026/10/10 21:42:23.354,GPU-e3ae17a2-8c3a-b59e-e80d-ac03599051ab,39591,97887,97,235.94
2026/10/10 21:42:23.882,GPU-e3ae17a2-8c3a-b59e-e80d-ac03599051ab,39591,97887,97,239.08
2026/10/10 21:42:24.412,GPU-e3ae17a2-8c3a-b59e-e80d-ac03599051ab,39591,97887,97,236.69
2026/10/10 21:42:24.939,GPU-e3ae17a2-8c3a-b59e-e80d-ac03599051ab,39591,97887,97,255.46
2026/10/10 21:42:25.469,GPU-e3ae17a2-8c3a-b59e-e80d-ac03599051ab,39591,97887,100,254.59
2026/10/10 21:42:26.009,GPU-e3ae17a2-8c3a-b59e-e80d-ac03599051ab,39591,97887,97,241.75
2026/10/10 21:42:26.537,GPU-e3ae17a2-8c3a-b59e-e80d-ac03599051ab,39591,97887,97,240.42
2026/10/10 21:42:27.066,GPU-e3ae17a2-8c3a-b59e-e80d-ac03599051ab,39591,97887,97,259.65
2026/10/10 21:42:27.595,GPU-e3ae17a2-8c3a-b59e-e80d-ac03599051ab,39591,97887,97,255.57
2026/10/10 21:42:28.123,GPU-e3ae17a2-8c3a-b59e-e80d-ac03599051ab,39591,97887,100,250.87
2026/10/10 21:42:28.651,GPU-e3ae17a2-8c3a-b59e-e80d-ac03599051ab,39591,97887,97,239.68
2026/10/10 21:42:29.187,GPU-e3ae17a2-8c3a-b59e-e80d-ac03599051ab,39591,97887,97,250.29
2026/10/10 21:42:29.716,GPU-e3ae17a2-8c3a-b59e-e80d-ac03599051ab,39591,97887,97,255.80
2026/10/10 21:42:30.244,GPU-e3ae17a2-8c3a-b59e-e80d-ac03599051ab,39591,97887,97,255.46
2026/10/10 21:42:30.773,GPU-e3ae17a2-8c3a-b59e-e80d-ac03599051ab,39591,97887,97,238.02
2026/10/10 21:42:31.303,GPU-e3ae17a2-8c3a-b59e-e80d-ac03599051ab,39591,97887,97,236.79
2026/10/10 21:42:31.831,GPU-e3ae17a2-8c3a-b59e-e80d-ac03599051ab,39591,97887,97,247.62
2026/10/10 21:42:32.358,GPU-e3ae17a2-8c3a-b59e-e80d-ac03599051ab,39591,97887,97,256.35
2026/10/10 21:42:32.884,GPU-e3ae17a2-8c3a-b59e-e80d-ac03599051ab,39591,97887,100,250.18
2026/10/10 21:42:33.412,GPU-e3ae17a2-8c3a-b59e-e80d-ac03599051ab,39591,97887,97,236.77
2026/10/10 21:42:33.939,GPU-e3ae17a2-8c3a-b59e-e80d-ac03599051ab,39591,97887,97,240.38
2026/10/10 21:42:34.468,GPU-e3ae17a2-8c3a-b59e-e80d-ac03599051ab,39591,97887,97,251.53
2026/10/10 21:42:34.996,GPU-e3ae17a2-8c3a-b59e-e80d-ac03599051ab,39591,97887,100,256.38
2026/10/10 21:42:35.524,GPU-e3ae17a2-8c3a-b59e-e80d-ac03599051ab,39591,97887,100,254.98
2026/10/10 21:42:36.058,GPU-e3ae17a2-8c3a-b59e-e80d-ac03599051ab,39591,97887,97,240.88
2026/10/10 21:42:36.587,GPU-e3ae17a2-8c3a-b59e-e80d-ac03599051ab,39591,97887,98,246.17
2026/10/10 21:42:37.114,GPU-e3ae17a2-8c3a-b59e-e80d-ac03599051ab,39591,97887,97,251.20
2026/10/10 21:42:37.641,GPU-e3ae17a2-8c3a-b59e-e80d-ac03599051ab,39591,97887,100,253.54
2026/10/10 21:42:38.172,GPU-e3ae17a2-8c3a-b59e-e80d-ac03599051ab,39591,97887,97,232.85
2026/10/10 21:42:38.713,GPU-e3ae17a2-8c3a-b59e-e80d-ac03599051ab,39591,97887,98,237.33
2026/10/10 21:42:39.251,GPU-e3ae17a2-8c3a-b59e-e80d-ac03599051ab,39591,97887,97,241.25
2026/10/10 21:42:39.780,GPU-e3ae17a2-8c3a-b59e-e80d-ac03599051ab,39591,97887,100,255.18
2026/10/10 21:42:40.311,GPU-e3ae17a2-8c3a-b59e-e80d-ac03599051ab,39591,97887,100,256.78
2026/10/10 21:42:40.847,GPU-e3ae17a2-8c3a-b59e-e80d-ac03599051ab,39591,97887,97,249.82
2026/10/10 21:42:41.375,GPU-e3ae17a2-8c3a-b59e-e80d-ac03599051ab,39591,97887,97,240.03
2026/10/10 21:42:41.902,GPU-e3ae17a2-8c3a-b59e-e80d-ac03599051ab,39591,97887,97,242.94
2026/10/10 21:42:42.431,GPU-e3ae17a2-8c3a-b59e-e80d-ac03599051ab,39591,97887,100,253.04
2026/10/10 21:42:42.958,GPU-e3ae17a2-8c3a-b59e-e80d-ac03599051ab,39591,97887,97,248.32
2026/10/10 21:42:43.485,GPU-e3ae17a2-8c3a-b59e-e80d-ac03599051ab,39591,97887,97,239.37
2026/10/10 21:42:44.012,GPU-e3ae17a2-8c3a-b59e-e80d-ac03599051ab,39591,97887,97,241.50
2026/10/10 21:42:44.541,GPU-e3ae17a2-8c3a-b59e-e80d-ac03599051ab,39591,97887,97,241.83
2026/10/10 21:42:45.068,GPU-e3ae17a2-8c3a-b59e-e80d-ac03599051ab,39591,97887,97,255.40
2026/10/10 21:42:45.596,GPU-e3ae17a2-8c3a-b59e-e80d-ac03599051ab,39591,97887,97,249.98
2026/10/10 21:42:46.126,GPU-e3ae17a2-8c3a-b59e-e80d-ac03599051ab,39591,97887,97,242.44
2026/10/10 21:42:46.655,GPU-e3ae17a2-8c3a-b59e-e80d-ac03599051ab,39591,97887,97,243.21
2026/10/10 21:42:47.192,GPU-e3ae17a2-8c3a-b59e-e80d-ac03599051ab,39591,97887,97,258.09
2026/10/10 21:42:47.721,GPU-e3ae17a2-8c3a-b59e-e80d-ac03599051ab,39591,97887,98,249.99
2026/10/10 21:42:48.252,GPU-e3ae17a2-8c3a-b59e-e80d-ac03599051ab,39591,97887,98,242.23
2026/10/10 21:42:48.780,GPU-e3ae17a2-8c3a-b59e-e80d-ac03599051ab,39591,97887,97,241.72
2026/10/10 21:42:49.308,GPU-e3ae17a2-8c3a-b59e-e80d-ac03599051ab,39591,97887,98,248.64
2026/10/10 21:42:49.835,GPU-e3ae17a2-8c3a-b59e-e80d-ac03599051ab,39591,97887,100,257.31
2026/10/10 21:42:50.362,GPU-e3ae17a2-8c3a-b59e-e80d-ac03599051ab,39591,97887,98,255.59
2026/10/10 21:42:50.889,GPU-e3ae17a2-8c3a-b59e-e80d-ac03599051ab,39591,97887,98,236.17
2026/10/10 21:42:51.419,GPU-e3ae17a2-8c3a-b59e-e80d-ac03599051ab,39591,97887,97,237.88
2026/10/10 21:42:51.946,GPU-e3ae17a2-8c3a-b59e-e80d-ac03599051ab,39591,97887,98,242.58
2026/10/10 21:42:52.479,GPU-e3ae17a2-8c3a-b59e-e80d-ac03599051ab,39591,97887,97,255.07
2026/10/10 21:42:53.008,GPU-e3ae17a2-8c3a-b59e-e80d-ac03599051ab,39591,97887,98,255.85
2026/10/10 21:42:53.536,GPU-e3ae17a2-8c3a-b59e-e80d-ac03599051ab,39591,97887,100,247.42
2026/10/10 21:42:54.067,GPU-e3ae17a2-8c3a-b59e-e80d-ac03599051ab,39591,97887,98,237.87
2026/10/10 21:42:54.593,GPU-e3ae17a2-8c3a-b59e-e80d-ac03599051ab,39591,97887,98,244.73
2026/10/10 21:42:55.121,GPU-e3ae17a2-8c3a-b59e-e80d-ac03599051ab,39591,97887,98,252.73
2026/10/10 21:42:55.654,GPU-e3ae17a2-8c3a-b59e-e80d-ac03599051ab,39591,97887,100,256.03
2026/10/10 21:42:56.182,GPU-e3ae17a2-8c3a-b59e-e80d-ac03599051ab,39591,97887,98,238.42
2026/10/10 21:42:56.712,GPU-e3ae17a2-8c3a-b59e-e80d-ac03599051ab,39591,97887,98,234.75
2026/10/10 21:42:57.240,GPU-e3ae17a2-8c3a-b59e-e80d-ac03599051ab,39591,97887,98,238.10
2026/10/10 21:42:57.776,GPU-e3ae17a2-8c3a-b59e-e80d-ac03599051ab,39591,97887,98,251.65
2026/10/10 21:42:58.308,GPU-e3ae17a2-8c3a-b59e-e80d-ac03599051ab,39591,97887,98,256.46
2026/10/10 21:42:58.834,GPU-e3ae17a2-8c3a-b59e-e80d-ac03599051ab,39591,97887,98,248.48
2026/10/10 21:42:59.361,GPU-e3ae17a2-8c3a-b59e-e80d-ac03599051ab,39591,97887,98,245.50
2026/10/10 21:42:59.891,GPU-e3ae17a2-8c3a-b59e-e80d-ac03599051ab,39591,97887,97,244.46
2026/10/10 21:43:00.421,GPU-e3ae17a2-8c3a-b59e-e80d-ac03599051ab,39591,97887,96,250.91
2026/10/10 21:43:00.950,GPU-e3ae17a2-8c3a-b59e-e80d-ac03599051ab,39591,97887,97,254.59
2026/10/10 21:43:01.478,GPU-e3ae17a2-8c3a-b59e-e80d-ac03599051ab,39591,97887,97,243.99
2026/10/10 21:43:02.010,GPU-e3ae17a2-8c3a-b59e-e80d-ac03599051ab,39591,97887,97,240.58
2026/10/10 21:43:02.539,GPU-e3ae17a2-8c3a-b59e-e80d-ac03599051ab,39591,97887,97,237.24
2026/10/10 21:43:03.070,GPU-e3ae17a2-8c3a-b59e-e80d-ac03599051ab,39591,97887,97,240.06
2026/10/10 21:43:03.599,GPU-e3ae17a2-8c3a-b59e-e80d-ac03599051ab,39591,97887,97,255.82
2026/10/10 21:43:04.129,GPU-e3ae17a2-8c3a-b59e-e80d-ac03599051ab,39591,97887,100,248.68
2026/10/10 21:43:04.658,GPU-e3ae17a2-8c3a-b59e-e80d-ac03599051ab,39591,97887,97,239.34
2026/10/10 21:43:05.187,GPU-e3ae17a2-8c3a-b59e-e80d-ac03599051ab,39591,97887,97,241.25
2026/10/10 21:43:05.715,GPU-e3ae17a2-8c3a-b59e-e80d-ac03599051ab,39591,97887,97,254.54
2026/10/10 21:43:06.241,GPU-e3ae17a2-8c3a-b59e-e80d-ac03599051ab,39591,97887,100,254.88
2026/10/10 21:43:06.769,GPU-e3ae17a2-8c3a-b59e-e80d-ac03599051ab,39591,97887,100,251.68
2026/10/10 21:43:07.298,GPU-e3ae17a2-8c3a-b59e-e80d-ac03599051ab,39591,97887,97,236.53
2026/10/10 21:43:07.826,GPU-e3ae17a2-8c3a-b59e-e80d-ac03599051ab,39591,97887,97,242.98
2026/10/10 21:43:08.354,GPU-e3ae17a2-8c3a-b59e-e80d-ac03599051ab,39591,97887,97,244.84
2026/10/10 21:43:08.883,GPU-e3ae17a2-8c3a-b59e-e80d-ac03599051ab,39591,97887,100,256.12
2026/10/10 21:43:09.420,GPU-e3ae17a2-8c3a-b59e-e80d-ac03599051ab,39591,97887,97,248.27
2026/10/10 21:43:09.957,GPU-e3ae17a2-8c3a-b59e-e80d-ac03599051ab,39591,97887,97,239.73
2026/10/10 21:43:10.491,GPU-e3ae17a2-8c3a-b59e-e80d-ac03599051ab,39591,97887,97,243.90
2026/10/10 21:43:11.024,GPU-e3ae17a2-8c3a-b59e-e80d-ac03599051ab,39591,97887,97,253.18
2026/10/10 21:43:11.552,GPU-e3ae17a2-8c3a-b59e-e80d-ac03599051ab,39591,97887,97,258.75
2026/10/10 21:43:12.080,GPU-e3ae17a2-8c3a-b59e-e80d-ac03599051ab,39591,97887,97,254.32
2026/10/10 21:43:12.609,GPU-e3ae17a2-8c3a-b59e-e80d-ac03599051ab,39591,97887,97,233.92
2026/10/10 21:43:13.138,GPU-e3ae17a2-8c3a-b59e-e80d-ac03599051ab,39591,97887,97,238.34
2026/10/10 21:43:13.666,GPU-e3ae17a2-8c3a-b59e-e80d-ac03599051ab,39591,97887,97,240.50
2026/10/10 21:43:14.200,GPU-e3ae17a2-8c3a-b59e-e80d-ac03599051ab,39591,97887,97,256.21
2026/10/10 21:43:14.729,GPU-e3ae17a2-8c3a-b59e-e80d-ac03599051ab,39591,97887,100,249.56
2026/10/10 21:43:15.256,GPU-e3ae17a2-8c3a-b59e-e80d-ac03599051ab,39591,97887,97,237.48
2026/10/10 21:43:15.785,GPU-e3ae17a2-8c3a-b59e-e80d-ac03599051ab,39591,97887,97,239.23
2026/10/10 21:43:16.313,GPU-e3ae17a2-8c3a-b59e-e80d-ac03599051ab,39591,97887,97,254.27
2026/10/10 21:43:16.842,GPU-e3ae17a2-8c3a-b59e-e80d-ac03599051ab,39591,97887,100,255.26
2026/10/10 21:43:17.371,GPU-e3ae17a2-8c3a-b59e-e80d-ac03599051ab,39591,97887,100,256.24
2026/10/10 21:43:17.899,GPU-e3ae17a2-8c3a-b59e-e80d-ac03599051ab,39591,97887,97,241.89
2026/10/10 21:43:18.429,GPU-e3ae17a2-8c3a-b59e-e80d-ac03599051ab,39591,97887,97,241.04
2026/10/10 21:43:18.960,GPU-e3ae17a2-8c3a-b59e-e80d-ac03599051ab,39591,97887,97,246.29
2026/10/10 21:43:19.490,GPU-e3ae17a2-8c3a-b59e-e80d-ac03599051ab,39591,97887,100,254.63
2026/10/10 21:43:20.026,GPU-e3ae17a2-8c3a-b59e-e80d-ac03599051ab,39591,97887,97,235.06
2026/10/10 21:43:20.557,GPU-e3ae17a2-8c3a-b59e-e80d-ac03599051ab,39591,97887,96,240.39
2026/10/10 21:43:21.088,GPU-e3ae17a2-8c3a-b59e-e80d-ac03599051ab,39591,97887,97,236.22
2026/10/10 21:43:21.621,GPU-e3ae17a2-8c3a-b59e-e80d-ac03599051ab,39591,97887,97,242.40
2026/10/10 21:43:22.152,GPU-e3ae17a2-8c3a-b59e-e80d-ac03599051ab,39591,97887,96,240.71
2026/10/10 21:43:22.682,GPU-e3ae17a2-8c3a-b59e-e80d-ac03599051ab,39591,97887,97,236.09
2026/10/10 21:43:23.213,GPU-e3ae17a2-8c3a-b59e-e80d-ac03599051ab,39591,97887,100,257.20
2026/10/10 21:43:23.742,GPU-e3ae17a2-8c3a-b59e-e80d-ac03599051ab,39591,97887,100,251.06
2026/10/10 21:43:24.273,GPU-e3ae17a2-8c3a-b59e-e80d-ac03599051ab,39591,97887,97,249.33
2026/10/10 21:43:24.803,GPU-e3ae17a2-8c3a-b59e-e80d-ac03599051ab,39591,97887,97,239.73
2026/10/10 21:43:25.334,GPU-e3ae17a2-8c3a-b59e-e80d-ac03599051ab,39591,97887,97,252.21
2026/10/10 21:43:25.864,GPU-e3ae17a2-8c3a-b59e-e80d-ac03599051ab,39591,97887,100,255.24
2026/10/10 21:43:26.396,GPU-e3ae17a2-8c3a-b59e-e80d-ac03599051ab,39591,97887,100,253.75
2026/10/10 21:43:26.928,GPU-e3ae17a2-8c3a-b59e-e80d-ac03599051ab,39591,97887,96,241.18
2026/10/10 21:43:27.464,GPU-e3ae17a2-8c3a-b59e-e80d-ac03599051ab,39591,97887,97,236.59
2026/10/10 21:43:27.997,GPU-e3ae17a2-8c3a-b59e-e80d-ac03599051ab,39591,97887,97,243.67
2026/10/10 21:43:28.524,GPU-e3ae17a2-8c3a-b59e-e80d-ac03599051ab,39591,97887,99,251.38
2026/10/10 21:43:29.053,GPU-e3ae17a2-8c3a-b59e-e80d-ac03599051ab,39591,97887,97,242.40
2026/10/10 21:43:29.582,GPU-e3ae17a2-8c3a-b59e-e80d-ac03599051ab,39591,97887,97,234.17
2026/10/10 21:43:30.111,GPU-e3ae17a2-8c3a-b59e-e80d-ac03599051ab,39591,97887,97,251.43
2026/10/10 21:43:30.642,GPU-e3ae17a2-8c3a-b59e-e80d-ac03599051ab,39591,97887,100,259.96
2026/10/10 21:43:31.171,GPU-e3ae17a2-8c3a-b59e-e80d-ac03599051ab,39591,97887,100,253.53
2026/10/10 21:43:31.699,GPU-e3ae17a2-8c3a-b59e-e80d-ac03599051ab,39591,97887,97,248.80
2026/10/10 21:43:32.227,GPU-e3ae17a2-8c3a-b59e-e80d-ac03599051ab,39591,97887,97,238.15
2026/10/10 21:43:32.759,GPU-e3ae17a2-8c3a-b59e-e80d-ac03599051ab,39591,97887,97,247.55
2026/10/10 21:43:33.287,GPU-e3ae17a2-8c3a-b59e-e80d-ac03599051ab,39591,97887,100,253.96
2026/10/10 21:43:33.814,GPU-e3ae17a2-8c3a-b59e-e80d-ac03599051ab,39591,97887,97,234.23
2026/10/10 21:43:34.349,GPU-e3ae17a2-8c3a-b59e-e80d-ac03599051ab,39591,97887,97,236.66
2026/10/10 21:43:34.878,GPU-e3ae17a2-8c3a-b59e-e80d-ac03599051ab,39591,97887,98,240.68
2026/10/10 21:43:35.407,GPU-e3ae17a2-8c3a-b59e-e80d-ac03599051ab,39591,97887,97,240.98
2026/10/10 21:43:35.937,GPU-e3ae17a2-8c3a-b59e-e80d-ac03599051ab,39591,97887,100,253.62
2026/10/10 21:43:36.465,GPU-e3ae17a2-8c3a-b59e-e80d-ac03599051ab,39591,97887,97,247.28
2026/10/10 21:43:36.994,GPU-e3ae17a2-8c3a-b59e-e80d-ac03599051ab,39591,97887,97,236.40
2026/10/10 21:43:37.523,GPU-e3ae17a2-8c3a-b59e-e80d-ac03599051ab,39591,97887,97,242.13
2026/10/10 21:43:38.052,GPU-e3ae17a2-8c3a-b59e-e80d-ac03599051ab,39591,97887,100,254.65
2026/10/10 21:43:38.584,GPU-e3ae17a2-8c3a-b59e-e80d-ac03599051ab,39591,97887,97,255.57
2026/10/10 21:43:39.115,GPU-e3ae17a2-8c3a-b59e-e80d-ac03599051ab,39591,97887,97,238.01
2026/10/10 21:43:39.647,GPU-e3ae17a2-8c3a-b59e-e80d-ac03599051ab,39591,97887,97,234.97
2026/10/10 21:43:40.181,GPU-e3ae17a2-8c3a-b59e-e80d-ac03599051ab,39591,97887,97,246.86
2026/10/10 21:43:40.715,GPU-e3ae17a2-8c3a-b59e-e80d-ac03599051ab,39591,97887,100,252.67
2026/10/10 21:43:41.247,GPU-e3ae17a2-8c3a-b59e-e80d-ac03599051ab,39591,97887,97,246.82
2026/10/10 21:43:41.776,GPU-e3ae17a2-8c3a-b59e-e80d-ac03599051ab,39591,97887,96,235.11
2026/10/10 21:43:42.305,GPU-e3ae17a2-8c3a-b59e-e80d-ac03599051ab,39591,97887,97,236.04
2026/10/10 21:43:42.835,GPU-e3ae17a2-8c3a-b59e-e80d-ac03599051ab,39591,97887,99,258.26
2026/10/10 21:43:43.365,GPU-e3ae17a2-8c3a-b59e-e80d-ac03599051ab,39591,97887,100,249.76
2026/10/10 21:43:43.896,GPU-e3ae17a2-8c3a-b59e-e80d-ac03599051ab,39591,97887,96,243.19
2026/10/10 21:43:44.428,GPU-e3ae17a2-8c3a-b59e-e80d-ac03599051ab,39591,97887,96,247.80
2026/10/10 21:43:44.958,GPU-e3ae17a2-8c3a-b59e-e80d-ac03599051ab,39591,97887,97,254.77
2026/10/10 21:43:45.491,GPU-e3ae17a2-8c3a-b59e-e80d-ac03599051ab,39591,97887,96,245.95
2026/10/10 21:43:46.022,GPU-e3ae17a2-8c3a-b59e-e80d-ac03599051ab,39591,97887,99,241.99
2026/10/10 21:43:46.552,GPU-e3ae17a2-8c3a-b59e-e80d-ac03599051ab,39591,97887,96,238.00
2026/10/10 21:43:47.086,GPU-e3ae17a2-8c3a-b59e-e80d-ac03599051ab,39591,97887,98,246.11
2026/10/10 21:43:47.618,GPU-e3ae17a2-8c3a-b59e-e80d-ac03599051ab,39591,97887,96,258.57
2026/10/10 21:43:48.149,GPU-e3ae17a2-8c3a-b59e-e80d-ac03599051ab,39591,97887,96,237.39
2026/10/10 21:43:48.678,GPU-e3ae17a2-8c3a-b59e-e80d-ac03599051ab,39591,97887,97,243.00
2026/10/10 21:43:49.211,GPU-e3ae17a2-8c3a-b59e-e80d-ac03599051ab,39591,97887,97,236.26
2026/10/10 21:43:49.740,GPU-e3ae17a2-8c3a-b59e-e80d-ac03599051ab,39591,97887,97,252.81
2026/10/10 21:43:50.269,GPU-e3ae17a2-8c3a-b59e-e80d-ac03599051ab,39591,97887,97,252.40
2026/10/10 21:43:50.798,GPU-e3ae17a2-8c3a-b59e-e80d-ac03599051ab,39591,97887,96,236.59
2026/10/10 21:43:51.329,GPU-e3ae17a2-8c3a-b59e-e80d-ac03599051ab,39591,97887,96,247.02
2026/10/10 21:43:51.859,GPU-e3ae17a2-8c3a-b59e-e80d-ac03599051ab,39591,97887,99,251.53
2026/10/10 21:43:52.392,GPU-e3ae17a2-8c3a-b59e-e80d-ac03599051ab,39591,97887,97,252.50
2026/10/10 21:43:52.921,GPU-e3ae17a2-8c3a-b59e-e80d-ac03599051ab,39591,97887,96,254.58
2026/10/10 21:43:53.458,GPU-e3ae17a2-8c3a-b59e-e80d-ac03599051ab,39591,97887,97,235.38
2026/10/10 21:43:53.987,GPU-e3ae17a2-8c3a-b59e-e80d-ac03599051ab,39591,97887,97,247.07
2026/10/10 21:43:54.517,GPU-e3ae17a2-8c3a-b59e-e80d-ac03599051ab,39591,97887,100,253.86
2026/10/10 21:43:55.047,GPU-e3ae17a2-8c3a-b59e-e80d-ac03599051ab,39591,97887,25,238.69
2026/10/10 21:43:55.580,GPU-e3ae17a2-8c3a-b59e-e80d-ac03599051ab,39591,97887,0,152.71
2026/10/10 21:43:56.110,GPU-e3ae17a2-8c3a-b59e-e80d-ac03599051ab,39591,97887,0,82.03
2026/10/10 21:43:56.638,GPU-e3ae17a2-8c3a-b59e-e80d-ac03599051ab,39591,97887,0,82.03
2026/10/10 21:43:57.167,GPU-e3ae17a2-8c3a-b59e-e80d-ac03599051ab,39591,97887,0,79.02
2026/10/10 21:43:57.696,GPU-e3ae17a2-8c3a-b59e-e80d-ac03599051ab,39591,97887,0,79.02
2026/10/10 21:43:58.227,GPU-e3ae17a2-8c3a-b59e-e80d-ac03599051ab,39591,97887,0,79.29
2026/10/10 21:43:58.753,GPU-e3ae17a2-8c3a-b59e-e80d-ac03599051ab,39591,97887,0,79.29
2026/10/10 21:43:59.281,GPU-e3ae17a2-8c3a-b59e-e80d-ac03599051ab,39591,97887,0,78.84
2026/10/10 21:43:59.809,GPU-e3ae17a2-8c3a-b59e-e80d-ac03599051ab,39591,97887,0,78.84
2026/10/10 21:44:00.336,GPU-e3ae17a2-8c3a-b59e-e80d-ac03599051ab,39591,97887,0,78.85
2026/10/10 21:44:00.863,GPU-e3ae17a2-8c3a-b59e-e80d-ac03599051ab,39591,97887,0,78.85
2026/10/10 21:44:01.392,GPU-e3ae17a2-8c3a-b59e-e80d-ac03599051ab,39591,97887,0,78.79
2026/10/10 21:44:01.919,GPU-e3ae17a2-8c3a-b59e-e80d-ac03599051ab,39591,97887,0,78.79
2026/10/10 21:44:02.446,GPU-e3ae17a2-8c3a-b59e-e80d-ac03599051ab,39591,97887,0,78.79
2026/10/10 21:44:02.972,GPU-e3ae17a2-8c3a-b59e-e80d-ac03599051ab,39591,97887,0,78.30
2026/10/10 21:44:03.498,GPU-e3ae17a2-8c3a-b59e-e80d-ac03599051ab,39591,97887,0,78.30
2026/10/10 21:44:04.024,GPU-e3ae17a2-8c3a-b59e-e80d-ac03599051ab,39591,97887,0,78.35
2026/10/10 21:44:04.551,GPU-e3ae17a2-8c3a-b59e-e80d-ac03599051ab,39591,97887,0,78.35
2026/10/10 21:44:05.076,GPU-e3ae17a2-8c3a-b59e-e80d-ac03599051ab,39591,97887,0,78.35
2026/10/10 21:44:05.602,GPU-e3ae17a2-8c3a-b59e-e80d-ac03599051ab,39591,97887,0,78.35
2026/10/10 21:44:06.129,GPU-e3ae17a2-8c3a-b59e-e80d-ac03599051ab,39591,97887,0,78.32
2026/10/10 21:44:06.655,GPU-e3ae17a2-8c3a-b59e-e80d-ac03599051ab,39591,97887,0,78.32
2026/10/10 21:44:07.181,GPU-e3ae17a2-8c3a-b59e-e80d-ac03599051ab,39591,97887,0,77.81
2026/10/10 21:44:07.708,GPU-e3ae17a2-8c3a-b59e-e80d-ac03599051ab,39591,97887,0,77.81
2026/10/10 21:44:08.235,GPU-e3ae17a2-8c3a-b59e-e80d-ac03599051ab,39591,97887,0,76.83
2026/10/10 21:44:08.762,GPU-e3ae17a2-8c3a-b59e-e80d-ac03599051ab,39591,97887,0,76.83
2026/10/10 21:44:09.290,GPU-e3ae17a2-8c3a-b59e-e80d-ac03599051ab,39591,97887,0,77.32
2026/10/10 21:44:09.816,GPU-e3ae17a2-8c3a-b59e-e80d-ac03599051ab,39591,97887,0,77.32
2026/10/10 21:44:10.342,GPU-e3ae17a2-8c3a-b59e-e80d-ac03599051ab,39591,97887,0,77.86
2026/10/10 21:44:10.867,GPU-e3ae17a2-8c3a-b59e-e80d-ac03599051ab,39591,97887,0,77.86
2026/10/10 21:44:11.396,GPU-e3ae17a2-8c3a-b59e-e80d-ac03599051ab,39591,97887,0,76.83
2026/10/10 21:44:11.922,GPU-e3ae17a2-8c3a-b59e-e80d-ac03599051ab,39591,97887,0,76.83
2026/10/10 21:44:12.448,GPU-e3ae17a2-8c3a-b59e-e80d-ac03599051ab,39591,97887,0,77.05
2026/10/10 21:44:12.975,GPU-e3ae17a2-8c3a-b59e-e80d-ac03599051ab,39591,97887,0,77.36
2026/10/10 21:44:13.502,GPU-e3ae17a2-8c3a-b59e-e80d-ac03599051ab,39591,97887,0,77.36
2026/10/10 21:44:14.029,GPU-e3ae17a2-8c3a-b59e-e80d-ac03599051ab,39591,97887,0,77.12
2026/10/10 21:44:14.555,GPU-e3ae17a2-8c3a-b59e-e80d-ac03599051ab,39591,97887,0,77.12
2026/10/10 21:44:15.081,GPU-e3ae17a2-8c3a-b59e-e80d-ac03599051ab,39591,97887,0,77.10
2026/10/10 21:44:15.608,GPU-e3ae17a2-8c3a-b59e-e80d-ac03599051ab,39591,97887,0,77.10
2026/10/10 21:44:16.134,GPU-e3ae17a2-8c3a-b59e-e80d-ac03599051ab,39591,97887,0,77.27
2026/10/10 21:44:16.661,GPU-e3ae17a2-8c3a-b59e-e80d-ac03599051ab,39591,97887,0,77.27
2026/10/10 21:44:17.188,GPU-e3ae17a2-8c3a-b59e-e80d-ac03599051ab,39591,97887,0,77.05
2026/10/10 21:44:17.714,GPU-e3ae17a2-8c3a-b59e-e80d-ac03599051ab,39591,97887,0,77.05
2026/10/10 21:44:18.242,GPU-e3ae17a2-8c3a-b59e-e80d-ac03599051ab,39591,97887,0,76.78
2026/10/10 21:44:18.769,GPU-e3ae17a2-8c3a-b59e-e80d-ac03599051ab,39591,97887,0,76.78
2026/10/10 21:44:19.295,GPU-e3ae17a2-8c3a-b59e-e80d-ac03599051ab,39591,97887,0,76.83
2026/10/10 21:44:19.820,GPU-e3ae17a2-8c3a-b59e-e80d-ac03599051ab,39591,97887,0,76.83
2026/10/10 21:44:20.346,GPU-e3ae17a2-8c3a-b59e-e80d-ac03599051ab,39591,97887,0,77.32
2026/10/10 21:44:20.872,GPU-e3ae17a2-8c3a-b59e-e80d-ac03599051ab,39591,97887,0,77.32
2026/10/10 21:44:21.399,GPU-e3ae17a2-8c3a-b59e-e80d-ac03599051ab,39591,97887,0,76.83
2026/10/10 21:44:21.932,GPU-e3ae17a2-8c3a-b59e-e80d-ac03599051ab,39591,97887,0,76.83
2026/10/10 21:44:22.460,GPU-e3ae17a2-8c3a-b59e-e80d-ac03599051ab,39591,97887,0,76.83
2026/10/10 21:44:22.985,GPU-e3ae17a2-8c3a-b59e-e80d-ac03599051ab,39591,97887,0,76.85
2026/10/10 21:44:23.513,GPU-e3ae17a2-8c3a-b59e-e80d-ac03599051ab,39591,97887,0,76.85
2026/10/10 21:44:24.041,GPU-e3ae17a2-8c3a-b59e-e80d-ac03599051ab,5767,97887,0,76.34
2026/10/10 21:44:24.568,GPU-e3ae17a2-8c3a-b59e-e80d-ac03599051ab,1767,97887,0,80.57
2026/10/10 21:44:25.096,GPU-e3ae17a2-8c3a-b59e-e80d-ac03599051ab,1767,97887,0,80.71
2026/10/10 21:44:25.635,GPU-e3ae17a2-8c3a-b59e-e80d-ac03599051ab,1765,97887,0,77.41
2026/10/10 21:44:26.164,GPU-e3ae17a2-8c3a-b59e-e80d-ac03599051ab,1765,97887,0,78.50
