timestamp,uuid,used_MiB,total_MiB,utilization_percent,power_W
2026/10/10 18:20:40.970,GPU-4e7dc608-00fa-44a9-28c7-6a4948c1dae7,0,97887,0,56.63
2026/10/10 18:20:41.500,GPU-4e7dc608-00fa-44a9-28c7-6a4948c1dae7,0,97887,0,56.63
2026/10/10 18:20:42.028,GPU-4e7dc608-00fa-44a9-28c7-6a4948c1dae7,0,97887,0,56.62
2026/10/10 18:20:42.556,GPU-4e7dc608-00fa-44a9-28c7-6a4948c1dae7,0,97887,0,56.62
2026/10/10 18:20:43.084,GPU-4e7dc608-00fa-44a9-28c7-6a4948c1dae7,0,97887,0,56.72
2026/10/10 18:20:43.614,GPU-4e7dc608-00fa-44a9-28c7-6a4948c1dae7,0,97887,0,56.72
2026/10/10 18:20:44.142,GPU-4e7dc608-00fa-44a9-28c7-6a4948c1dae7,0,97887,0,57.19
2026/10/10 18:20:44.672,GPU-4e7dc608-00fa-44a9-28c7-6a4948c1dae7,0,97887,0,57.19
2026/10/10 18:20:45.202,GPU-4e7dc608-00fa-44a9-28c7-6a4948c1dae7,0,97887,0,56.68
2026/10/10 18:20:45.731,GPU-4e7dc608-00fa-44a9-28c7-6a4948c1dae7,0,97887,0,56.72
2026/10/10 18:20:46.260,GPU-4e7dc608-00fa-44a9-28c7-6a4948c1dae7,0,97887,0,56.72
2026/10/10 18:20:46.789,GPU-4e7dc608-00fa-44a9-28c7-6a4948c1dae7,0,97887,0,56.71
2026/10/10 18:20:47.317,GPU-4e7dc608-00fa-44a9-28c7-6a4948c1dae7,0,97887,0,56.71
2026/10/10 18:20:47.848,GPU-4e7dc608-00fa-44a9-28c7-6a4948c1dae7,0,97887,0,56.22
2026/10/10 18:20:48.376,GPU-4e7dc608-00fa-44a9-28c7-6a4948c1dae7,0,97887,0,56.22
2026/10/10 18:20:48.906,GPU-4e7dc608-00fa-44a9-28c7-6a4948c1dae7,0,97887,0,56.45
2026/10/10 18:20:49.439,GPU-4e7dc608-00fa-44a9-28c7-6a4948c1dae7,0,97887,0,56.45
2026/10/10 18:20:49.967,GPU-4e7dc608-00fa-44a9-28c7-6a4948c1dae7,863,97887,2,68.32
2026/10/10 18:20:50.507,GPU-4e7dc608-00fa-44a9-28c7-6a4948c1dae7,865,97887,0,70.88
2026/10/10 18:20:51.036,GPU-4e7dc608-00fa-44a9-28c7-6a4948c1dae7,865,97887,0,76.18
2026/10/10 18:20:51.565,GPU-4e7dc608-00fa-44a9-28c7-6a4948c1dae7,4609,97887,0,76.45
2026/10/10 18:20:52.096,GPU-4e7dc608-00fa-44a9-28c7-6a4948c1dae7,4661,97887,0,76.01
2026/10/10 18:20:52.624,GPU-4e7dc608-00fa-44a9-28c7-6a4948c1dae7,4745,97887,0,76.13
2026/10/10 18:20:53.158,GPU-4e7dc608-00fa-44a9-28c7-6a4948c1dae7,4745,97887,0,76.67
2026/10/10 18:20:53.687,GPU-4e7dc608-00fa-44a9-28c7-6a4948c1dae7,5855,97887,3,76.58
2026/10/10 18:20:54.217,GPU-4e7dc608-00fa-44a9-28c7-6a4948c1dae7,55245,97887,0,85.39
2026/10/10 18:20:54.747,GPU-4e7dc608-00fa-44a9-28c7-6a4948c1dae7,55277,97887,0,84.49
2026/10/10 18:20:55.283,GPU-4e7dc608-00fa-44a9-28c7-6a4948c1dae7,55277,97887,100,82.37
2026/10/10 18:20:55.830,GPU-4e7dc608-00fa-44a9-28c7-6a4948c1dae7,55277,97887,100,91.92
2026/10/10 18:20:56.358,GPU-4e7dc608-00fa-44a9-28c7-6a4948c1dae7,55277,97887,100,95.88
2026/10/10 18:20:56.887,GPU-4e7dc608-00fa-44a9-28c7-6a4948c1dae7,55277,97887,100,95.89
2026/10/10 18:20:57.416,GPU-4e7dc608-00fa-44a9-28c7-6a4948c1dae7,55277,97887,100,95.86
2026/10/10 18:20:57.946,GPU-4e7dc608-00fa-44a9-28c7-6a4948c1dae7,55277,97887,100,95.81
2026/10/10 18:20:58.478,GPU-4e7dc608-00fa-44a9-28c7-6a4948c1dae7,55277,97887,100,95.93
2026/10/10 18:20:59.007,GPU-4e7dc608-00fa-44a9-28c7-6a4948c1dae7,55277,97887,100,95.82
2026/10/10 18:20:59.537,GPU-4e7dc608-00fa-44a9-28c7-6a4948c1dae7,55277,97887,100,95.77
2026/10/10 18:21:00.067,GPU-4e7dc608-00fa-44a9-28c7-6a4948c1dae7,55277,97887,100,95.86
2026/10/10 18:21:00.596,GPU-4e7dc608-00fa-44a9-28c7-6a4948c1dae7,55277,97887,100,95.88
2026/10/10 18:21:01.127,GPU-4e7dc608-00fa-44a9-28c7-6a4948c1dae7,55277,97887,100,95.79
2026/10/10 18:21:01.658,GPU-4e7dc608-00fa-44a9-28c7-6a4948c1dae7,55277,97887,100,95.82
2026/10/10 18:21:02.188,GPU-4e7dc608-00fa-44a9-28c7-6a4948c1dae7,55277,97887,100,95.87
2026/10/10 18:21:02.718,GPU-4e7dc608-00fa-44a9-28c7-6a4948c1dae7,55277,97887,100,95.81
2026/10/10 18:21:03.247,GPU-4e7dc608-00fa-44a9-28c7-6a4948c1dae7,55277,97887,100,95.76
2026/10/10 18:21:03.779,GPU-4e7dc608-00fa-44a9-28c7-6a4948c1dae7,55277,97887,100,95.79
2026/10/10 18:21:04.310,GPU-4e7dc608-00fa-44a9-28c7-6a4948c1dae7,55277,97887,100,95.83
2026/10/10 18:21:04.839,GPU-4e7dc608-00fa-44a9-28c7-6a4948c1dae7,55277,97887,100,95.88
2026/10/10 18:21:05.381,GPU-4e7dc608-00fa-44a9-28c7-6a4948c1dae7,55277,97887,100,96.02
2026/10/10 18:21:05.914,GPU-4e7dc608-00fa-44a9-28c7-6a4948c1dae7,55277,97887,100,95.82
2026/10/10 18:21:06.443,GPU-4e7dc608-00fa-44a9-28c7-6a4948c1dae7,55277,97887,100,95.75
2026/10/10 18:21:06.976,GPU-4e7dc608-00fa-44a9-28c7-6a4948c1dae7,55277,97887,100,95.84
2026/10/10 18:21:07.506,GPU-4e7dc608-00fa-44a9-28c7-6a4948c1dae7,55277,97887,100,95.94
2026/10/10 18:21:08.036,GPU-4e7dc608-00fa-44a9-28c7-6a4948c1dae7,55277,97887,100,95.94
2026/10/10 18:21:08.572,GPU-4e7dc608-00fa-44a9-28c7-6a4948c1dae7,68111,97887,7,97.11
2026/10/10 18:21:09.102,GPU-4e7dc608-00fa-44a9-28c7-6a4948c1dae7,68201,97887,0,97.65
2026/10/10 18:21:09.632,GPU-4e7dc608-00fa-44a9-28c7-6a4948c1dae7,68521,97887,5,87.58
2026/10/10 18:21:10.163,GPU-4e7dc608-00fa-44a9-28c7-6a4948c1dae7,68523,97887,7,77.51
2026/10/10 18:21:10.694,GPU-4e7dc608-00fa-44a9-28c7-6a4948c1dae7,68525,97887,0,78.14
2026/10/10 18:21:11.225,GPU-4e7dc608-00fa-44a9-28c7-6a4948c1dae7,68525,97887,0,76.67
2026/10/10 18:21:11.759,GPU-4e7dc608-00fa-44a9-28c7-6a4948c1dae7,68525,97887,24,86.40
2026/10/10 18:21:12.293,GPU-4e7dc608-00fa-44a9-28c7-6a4948c1dae7,68525,97887,0,92.09
2026/10/10 18:21:12.825,GPU-4e7dc608-00fa-44a9-28c7-6a4948c1dae7,68525,97887,0,83.81
2026/10/10 18:21:13.358,GPU-4e7dc608-00fa-44a9-28c7-6a4948c1dae7,68525,97887,0,76.59
2026/10/10 18:21:13.891,GPU-4e7dc608-00fa-44a9-28c7-6a4948c1dae7,68525,97887,0,75.78
2026/10/10 18:21:14.421,GPU-4e7dc608-00fa-44a9-28c7-6a4948c1dae7,68525,97887,0,75.59
2026/10/10 18:21:14.953,GPU-4e7dc608-00fa-44a9-28c7-6a4948c1dae7,72073,97887,15,87.63
2026/10/10 18:21:15.484,GPU-4e7dc608-00fa-44a9-28c7-6a4948c1dae7,72093,97887,7,94.28
2026/10/10 18:21:16.017,GPU-4e7dc608-00fa-44a9-28c7-6a4948c1dae7,72093,97887,7,84.26
2026/10/10 18:21:16.547,GPU-4e7dc608-00fa-44a9-28c7-6a4948c1dae7,72093,97887,7,77.12
2026/10/10 18:21:17.077,GPU-4e7dc608-00fa-44a9-28c7-6a4948c1dae7,72093,97887,4,77.03
2026/10/10 18:21:17.610,GPU-4e7dc608-00fa-44a9-28c7-6a4948c1dae7,72093,97887,52,94.23
2026/10/10 18:21:18.144,GPU-4e7dc608-00fa-44a9-28c7-6a4948c1dae7,72093,97887,99,165.93
2026/10/10 18:21:18.675,GPU-4e7dc608-00fa-44a9-28c7-6a4948c1dae7,72093,97887,99,272.93
2026/10/10 18:21:19.206,GPU-4e7dc608-00fa-44a9-28c7-6a4948c1dae7,72093,97887,7,174.46
2026/10/10 18:21:19.750,GPU-4e7dc608-00fa-44a9-28c7-6a4948c1dae7,72093,97887,7,78.10
2026/10/10 18:21:20.280,GPU-4e7dc608-00fa-44a9-28c7-6a4948c1dae7,72093,97887,0,77.12
2026/10/10 18:21:20.811,GPU-4e7dc608-00fa-44a9-28c7-6a4948c1dae7,72093,97887,7,76.70
2026/10/10 18:21:21.344,GPU-4e7dc608-00fa-44a9-28c7-6a4948c1dae7,72093,97887,0,76.87
2026/10/10 18:21:21.875,GPU-4e7dc608-00fa-44a9-28c7-6a4948c1dae7,72093,97887,100,131.93
2026/10/10 18:21:22.408,GPU-4e7dc608-00fa-44a9-28c7-6a4948c1dae7,72093,97887,99,230.14
2026/10/10 18:21:22.943,GPU-4e7dc608-00fa-44a9-28c7-6a4948c1dae7,72093,97887,31,236.74
2026/10/10 18:21:23.475,GPU-4e7dc608-00fa-44a9-28c7-6a4948c1dae7,72093,97887,7,158.62
2026/10/10 18:21:24.006,GPU-4e7dc608-00fa-44a9-28c7-6a4948c1dae7,72093,97887,5,77.47
2026/10/10 18:21:24.536,GPU-4e7dc608-00fa-44a9-28c7-6a4948c1dae7,72093,97887,5,77.39
2026/10/10 18:21:25.067,GPU-4e7dc608-00fa-44a9-28c7-6a4948c1dae7,72093,97887,6,77.34
2026/10/10 18:21:25.600,GPU-4e7dc608-00fa-44a9-28c7-6a4948c1dae7,72093,97887,2,100.12
2026/10/10 18:21:26.135,GPU-4e7dc608-00fa-44a9-28c7-6a4948c1dae7,72093,97887,99,188.59
2026/10/10 18:21:26.671,GPU-4e7dc608-00fa-44a9-28c7-6a4948c1dae7,72093,97887,98,259.98
2026/10/10 18:21:27.203,GPU-4e7dc608-00fa-44a9-28c7-6a4948c1dae7,72093,97887,7,169.71
2026/10/10 18:21:27.734,GPU-4e7dc608-00fa-44a9-28c7-6a4948c1dae7,72093,97887,7,77.91
2026/10/10 18:21:28.266,GPU-4e7dc608-00fa-44a9-28c7-6a4948c1dae7,72093,97887,1,77.57
2026/10/10 18:21:28.796,GPU-4e7dc608-00fa-44a9-28c7-6a4948c1dae7,72093,97887,5,77.30
2026/10/10 18:21:29.327,GPU-4e7dc608-00fa-44a9-28c7-6a4948c1dae7,72093,97887,7,77.23
2026/10/10 18:21:29.856,GPU-4e7dc608-00fa-44a9-28c7-6a4948c1dae7,72093,97887,99,141.42
2026/10/10 18:21:30.387,GPU-4e7dc608-00fa-44a9-28c7-6a4948c1dae7,72093,97887,99,232.71
2026/10/10 18:21:30.924,GPU-4e7dc608-00fa-44a9-28c7-6a4948c1dae7,72093,97887,6,220.19
2026/10/10 18:21:31.455,GPU-4e7dc608-00fa-44a9-28c7-6a4948c1dae7,72093,97887,6,122.86
2026/10/10 18:21:31.986,GPU-4e7dc608-00fa-44a9-28c7-6a4948c1dae7,72093,97887,6,77.69
2026/10/10 18:21:32.516,GPU-4e7dc608-00fa-44a9-28c7-6a4948c1dae7,72093,97887,7,77.23
2026/10/10 18:21:33.046,GPU-4e7dc608-00fa-44a9-28c7-6a4948c1dae7,72093,97887,1,77.54
2026/10/10 18:21:33.577,GPU-4e7dc608-00fa-44a9-28c7-6a4948c1dae7,72093,97887,77,108.82
2026/10/10 18:21:34.114,GPU-4e7dc608-00fa-44a9-28c7-6a4948c1dae7,72093,97887,99,234.07
2026/10/10 18:21:34.660,GPU-4e7dc608-00fa-44a9-28c7-6a4948c1dae7,72093,97887,9,252.33
2026/10/10 18:21:35.192,GPU-4e7dc608-00fa-44a9-28c7-6a4948c1dae7,72093,97887,7,159.91
2026/10/10 18:21:35.736,GPU-4e7dc608-00fa-44a9-28c7-6a4948c1dae7,72093,97887,7,77.62
2026/10/10 18:21:36.275,GPU-4e7dc608-00fa-44a9-28c7-6a4948c1dae7,72093,97887,0,77.51
2026/10/10 18:21:36.806,GPU-4e7dc608-00fa-44a9-28c7-6a4948c1dae7,72093,97887,4,77.22
2026/10/10 18:21:37.336,GPU-4e7dc608-00fa-44a9-28c7-6a4948c1dae7,72093,97887,5,77.20
2026/10/10 18:21:37.866,GPU-4e7dc608-00fa-44a9-28c7-6a4948c1dae7,72093,97887,100,158.09
2026/10/10 18:21:38.398,GPU-4e7dc608-00fa-44a9-28c7-6a4948c1dae7,72093,97887,99,245.79
2026/10/10 18:21:38.929,GPU-4e7dc608-00fa-44a9-28c7-6a4948c1dae7,72093,97887,6,213.69
2026/10/10 18:21:39.460,GPU-4e7dc608-00fa-44a9-28c7-6a4948c1dae7,72093,97887,4,142.50
2026/10/10 18:21:39.991,GPU-4e7dc608-00fa-44a9-28c7-6a4948c1dae7,72093,97887,6,77.67
2026/10/10 18:21:40.523,GPU-4e7dc608-00fa-44a9-28c7-6a4948c1dae7,72093,97887,6,77.48
2026/10/10 18:21:41.096,GPU-4e7dc608-00fa-44a9-28c7-6a4948c1dae7,72093,97887,0,77.34
2026/10/10 18:21:41.626,GPU-4e7dc608-00fa-44a9-28c7-6a4948c1dae7,72093,97887,98,122.41
2026/10/10 18:21:42.164,GPU-4e7dc608-00fa-44a9-28c7-6a4948c1dae7,72093,97887,99,218.09
2026/10/10 18:21:42.699,GPU-4e7dc608-00fa-44a9-28c7-6a4948c1dae7,72093,97887,82,248.78
2026/10/10 18:21:43.229,GPU-4e7dc608-00fa-44a9-28c7-6a4948c1dae7,72093,97887,7,150.74
2026/10/10 18:21:43.759,GPU-4e7dc608-00fa-44a9-28c7-6a4948c1dae7,72093,97887,7,78.04
2026/10/10 18:21:44.289,GPU-4e7dc608-00fa-44a9-28c7-6a4948c1dae7,72093,97887,3,77.63
2026/10/10 18:21:44.819,GPU-4e7dc608-00fa-44a9-28c7-6a4948c1dae7,72093,97887,7,77.30
2026/10/10 18:21:45.349,GPU-4e7dc608-00fa-44a9-28c7-6a4948c1dae7,72093,97887,6,77.65
2026/10/10 18:21:45.883,GPU-4e7dc608-00fa-44a9-28c7-6a4948c1dae7,72093,97887,99,175.49
2026/10/10 18:21:46.415,GPU-4e7dc608-00fa-44a9-28c7-6a4948c1dae7,72093,97887,99,278.19
2026/10/10 18:21:46.947,GPU-4e7dc608-00fa-44a9-28c7-6a4948c1dae7,72093,97887,6,202.07
2026/10/10 18:21:47.478,GPU-4e7dc608-00fa-44a9-28c7-6a4948c1dae7,72093,97887,7,123.63
2026/10/10 18:21:48.016,GPU-4e7dc608-00fa-44a9-28c7-6a4948c1dae7,72093,97887,4,77.72
2026/10/10 18:21:48.550,GPU-4e7dc608-00fa-44a9-28c7-6a4948c1dae7,72093,97887,4,77.95
2026/10/10 18:21:49.080,GPU-4e7dc608-00fa-44a9-28c7-6a4948c1dae7,72093,97887,4,77.85
2026/10/10 18:21:49.611,GPU-4e7dc608-00fa-44a9-28c7-6a4948c1dae7,72093,97887,100,134.24
2026/10/10 18:21:50.143,GPU-4e7dc608-00fa-44a9-28c7-6a4948c1dae7,72093,97887,99,226.52
2026/10/10 18:21:50.674,GPU-4e7dc608-00fa-44a9-28c7-6a4948c1dae7,72093,97887,6,233.01
2026/10/10 18:21:51.206,GPU-4e7dc608-00fa-44a9-28c7-6a4948c1dae7,72093,97887,7,150.97
2026/10/10 18:21:51.738,GPU-4e7dc608-00fa-44a9-28c7-6a4948c1dae7,72093,97887,7,78.14
2026/10/10 18:21:52.287,GPU-4e7dc608-00fa-44a9-28c7-6a4948c1dae7,72093,97887,2,77.56
2026/10/10 18:21:52.819,GPU-4e7dc608-00fa-44a9-28c7-6a4948c1dae7,72093,97887,4,78.18
2026/10/10 18:21:53.349,GPU-4e7dc608-00fa-44a9-28c7-6a4948c1dae7,72093,97887,7,78.61
2026/10/10 18:21:53.880,GPU-4e7dc608-00fa-44a9-28c7-6a4948c1dae7,72093,97887,99,142.75
2026/10/10 18:21:54.414,GPU-4e7dc608-00fa-44a9-28c7-6a4948c1dae7,72093,97887,99,257.60
2026/10/10 18:21:54.946,GPU-4e7dc608-00fa-44a9-28c7-6a4948c1dae7,72093,97887,6,210.23
2026/10/10 18:21:55.491,GPU-4e7dc608-00fa-44a9-28c7-6a4948c1dae7,72093,97887,7,92.96
2026/10/10 18:21:56.024,GPU-4e7dc608-00fa-44a9-28c7-6a4948c1dae7,72093,97887,5,78.59
2026/10/10 18:21:56.557,GPU-4e7dc608-00fa-44a9-28c7-6a4948c1dae7,72093,97887,7,78.43
2026/10/10 18:21:57.087,GPU-4e7dc608-00fa-44a9-28c7-6a4948c1dae7,72093,97887,2,78.12
2026/10/10 18:21:57.620,GPU-4e7dc608-00fa-44a9-28c7-6a4948c1dae7,72093,97887,75,117.19
2026/10/10 18:21:58.151,GPU-4e7dc608-00fa-44a9-28c7-6a4948c1dae7,72093,97887,100,234.82
2026/10/10 18:21:58.685,GPU-4e7dc608-00fa-44a9-28c7-6a4948c1dae7,72093,97887,18,253.94
2026/10/10 18:21:59.217,GPU-4e7dc608-00fa-44a9-28c7-6a4948c1dae7,72093,97887,7,166.08
2026/10/10 18:21:59.748,GPU-4e7dc608-00fa-44a9-28c7-6a4948c1dae7,72093,97887,7,78.80
2026/10/10 18:22:00.278,GPU-4e7dc608-00fa-44a9-28c7-6a4948c1dae7,72093,97887,5,78.32
2026/10/10 18:22:00.807,GPU-4e7dc608-00fa-44a9-28c7-6a4948c1dae7,72093,97887,4,77.60
2026/10/10 18:22:01.342,GPU-4e7dc608-00fa-44a9-28c7-6a4948c1dae7,72093,97887,0,83.39
2026/10/10 18:22:01.873,GPU-4e7dc608-00fa-44a9-28c7-6a4948c1dae7,72093,97887,100,185.99
2026/10/10 18:22:02.408,GPU-4e7dc608-00fa-44a9-28c7-6a4948c1dae7,72093,97887,99,265.43
2026/10/10 18:22:02.940,GPU-4e7dc608-00fa-44a9-28c7-6a4948c1dae7,72093,97887,16,230.80
2026/10/10 18:22:03.473,GPU-4e7dc608-00fa-44a9-28c7-6a4948c1dae7,72093,97887,6,132.49
2026/10/10 18:22:04.004,GPU-4e7dc608-00fa-44a9-28c7-6a4948c1dae7,72093,97887,7,77.70
2026/10/10 18:22:04.538,GPU-4e7dc608-00fa-44a9-28c7-6a4948c1dae7,72093,97887,5,77.51
2026/10/10 18:22:05.070,GPU-4e7dc608-00fa-44a9-28c7-6a4948c1dae7,72093,97887,6,77.41
2026/10/10 18:22:05.612,GPU-4e7dc608-00fa-44a9-28c7-6a4948c1dae7,72093,97887,2,88.62
2026/10/10 18:22:06.151,GPU-4e7dc608-00fa-44a9-28c7-6a4948c1dae7,72093,97887,99,182.22
2026/10/10 18:22:06.682,GPU-4e7dc608-00fa-44a9-28c7-6a4948c1dae7,72093,97887,99,249.16
2026/10/10 18:22:07.214,GPU-4e7dc608-00fa-44a9-28c7-6a4948c1dae7,72093,97887,99,219.21
2026/10/10 18:22:07.746,GPU-4e7dc608-00fa-44a9-28c7-6a4948c1dae7,72093,97887,7,125.11
2026/10/10 18:22:08.277,GPU-4e7dc608-00fa-44a9-28c7-6a4948c1dae7,72093,97887,7,78.14
2026/10/10 18:22:08.807,GPU-4e7dc608-00fa-44a9-28c7-6a4948c1dae7,72093,97887,3,77.51
2026/10/10 18:22:09.353,GPU-4e7dc608-00fa-44a9-28c7-6a4948c1dae7,72093,97887,5,77.31
2026/10/10 18:22:09.905,GPU-4e7dc608-00fa-44a9-28c7-6a4948c1dae7,72093,97887,0,87.23
2026/10/10 18:22:10.438,GPU-4e7dc608-00fa-44a9-28c7-6a4948c1dae7,72093,97887,99,197.12
2026/10/10 18:22:10.969,GPU-4e7dc608-00fa-44a9-28c7-6a4948c1dae7,72093,97887,100,258.14
2026/10/10 18:22:11.513,GPU-4e7dc608-00fa-44a9-28c7-6a4948c1dae7,72093,97887,71,246.54
2026/10/10 18:22:12.045,GPU-4e7dc608-00fa-44a9-28c7-6a4948c1dae7,72093,97887,7,150.37
2026/10/10 18:22:12.576,GPU-4e7dc608-00fa-44a9-28c7-6a4948c1dae7,72093,97887,7,77.96
2026/10/10 18:22:13.106,GPU-4e7dc608-00fa-44a9-28c7-6a4948c1dae7,72093,97887,0,77.36
2026/10/10 18:22:13.637,GPU-4e7dc608-00fa-44a9-28c7-6a4948c1dae7,72093,97887,6,77.13
2026/10/10 18:22:14.167,GPU-4e7dc608-00fa-44a9-28c7-6a4948c1dae7,72093,97887,0,77.22
2026/10/10 18:22:14.697,GPU-4e7dc608-00fa-44a9-28c7-6a4948c1dae7,72093,97887,99,112.54
2026/10/10 18:22:15.227,GPU-4e7dc608-00fa-44a9-28c7-6a4948c1dae7,72093,97887,99,188.77
2026/10/10 18:22:15.758,GPU-4e7dc608-00fa-44a9-28c7-6a4948c1dae7,72093,97887,100,253.66
2026/10/10 18:22:16.288,GPU-4e7dc608-00fa-44a9-28c7-6a4948c1dae7,72093,97887,22,235.81
2026/10/10 18:22:16.817,GPU-4e7dc608-00fa-44a9-28c7-6a4948c1dae7,72093,97887,7,149.82
2026/10/10 18:22:17.348,GPU-4e7dc608-00fa-44a9-28c7-6a4948c1dae7,72093,97887,6,78.25
2026/10/10 18:22:17.878,GPU-4e7dc608-00fa-44a9-28c7-6a4948c1dae7,72093,97887,5,78.25
2026/10/10 18:22:18.406,GPU-4e7dc608-00fa-44a9-28c7-6a4948c1dae7,72093,97887,5,77.71
2026/10/10 18:22:18.935,GPU-4e7dc608-00fa-44a9-28c7-6a4948c1dae7,72093,97887,3,77.42
2026/10/10 18:22:19.466,GPU-4e7dc608-00fa-44a9-28c7-6a4948c1dae7,72093,97887,100,168.04
2026/10/10 18:22:19.996,GPU-4e7dc608-00fa-44a9-28c7-6a4948c1dae7,72093,97887,99,240.93
2026/10/10 18:22:20.525,GPU-4e7dc608-00fa-44a9-28c7-6a4948c1dae7,72093,97887,99,260.53
2026/10/10 18:22:21.055,GPU-4e7dc608-00fa-44a9-28c7-6a4948c1dae7,72093,97887,7,193.86
2026/10/10 18:22:21.584,GPU-4e7dc608-00fa-44a9-28c7-6a4948c1dae7,72093,97887,4,97.84
2026/10/10 18:22:22.115,GPU-4e7dc608-00fa-44a9-28c7-6a4948c1dae7,72093,97887,5,77.63
2026/10/10 18:22:22.645,GPU-4e7dc608-00fa-44a9-28c7-6a4948c1dae7,72093,97887,6,78.10
2026/10/10 18:22:23.174,GPU-4e7dc608-00fa-44a9-28c7-6a4948c1dae7,72093,97887,0,77.83
2026/10/10 18:22:23.713,GPU-4e7dc608-00fa-44a9-28c7-6a4948c1dae7,72093,97887,100,113.69
2026/10/10 18:22:24.244,GPU-4e7dc608-00fa-44a9-28c7-6a4948c1dae7,72093,97887,99,190.07
2026/10/10 18:22:24.777,GPU-4e7dc608-00fa-44a9-28c7-6a4948c1dae7,72093,97887,100,249.84
2026/10/10 18:22:25.309,GPU-4e7dc608-00fa-44a9-28c7-6a4948c1dae7,72093,97887,75,254.62
2026/10/10 18:22:25.839,GPU-4e7dc608-00fa-44a9-28c7-6a4948c1dae7,72093,97887,7,165.13
2026/10/10 18:22:26.369,GPU-4e7dc608-00fa-44a9-28c7-6a4948c1dae7,72093,97887,6,78.14
2026/10/10 18:22:26.898,GPU-4e7dc608-00fa-44a9-28c7-6a4948c1dae7,72093,97887,4,77.62
2026/10/10 18:22:27.428,GPU-4e7dc608-00fa-44a9-28c7-6a4948c1dae7,72093,97887,7,77.74
2026/10/10 18:22:27.959,GPU-4e7dc608-00fa-44a9-28c7-6a4948c1dae7,72093,97887,5,77.78
2026/10/10 18:22:28.490,GPU-4e7dc608-00fa-44a9-28c7-6a4948c1dae7,72093,97887,100,159.85
2026/10/10 18:22:29.023,GPU-4e7dc608-00fa-44a9-28c7-6a4948c1dae7,72093,97887,100,250.62
2026/10/10 18:22:29.554,GPU-4e7dc608-00fa-44a9-28c7-6a4948c1dae7,72093,97887,99,260.07
2026/10/10 18:22:30.085,GPU-4e7dc608-00fa-44a9-28c7-6a4948c1dae7,72093,97887,7,204.21
2026/10/10 18:22:30.615,GPU-4e7dc608-00fa-44a9-28c7-6a4948c1dae7,72093,97887,5,114.71
2026/10/10 18:22:31.146,GPU-4e7dc608-00fa-44a9-28c7-6a4948c1dae7,72093,97887,3,78.46
2026/10/10 18:22:31.681,GPU-4e7dc608-00fa-44a9-28c7-6a4948c1dae7,72093,97887,4,77.46
2026/10/10 18:22:32.211,GPU-4e7dc608-00fa-44a9-28c7-6a4948c1dae7,72093,97887,4,77.36
2026/10/10 18:22:32.743,GPU-4e7dc608-00fa-44a9-28c7-6a4948c1dae7,72093,97887,100,105.46
2026/10/10 18:22:33.276,GPU-4e7dc608-00fa-44a9-28c7-6a4948c1dae7,72093,97887,99,209.53
2026/10/10 18:22:33.811,GPU-4e7dc608-00fa-44a9-28c7-6a4948c1dae7,72093,97887,99,258.35
2026/10/10 18:22:34.343,GPU-4e7dc608-00fa-44a9-28c7-6a4948c1dae7,72093,97887,100,257.71
2026/10/10 18:22:34.874,GPU-4e7dc608-00fa-44a9-28c7-6a4948c1dae7,72093,97887,6,160.58
2026/10/10 18:22:35.416,GPU-4e7dc608-00fa-44a9-28c7-6a4948c1dae7,72093,97887,7,80.21
2026/10/10 18:22:35.952,GPU-4e7dc608-00fa-44a9-28c7-6a4948c1dae7,72093,97887,1,78.09
2026/10/10 18:22:36.483,GPU-4e7dc608-00fa-44a9-28c7-6a4948c1dae7,72093,97887,4,78.24
2026/10/10 18:22:37.014,GPU-4e7dc608-00fa-44a9-28c7-6a4948c1dae7,72093,97887,7,77.57
2026/10/10 18:22:37.544,GPU-4e7dc608-00fa-44a9-28c7-6a4948c1dae7,72093,97887,99,149.08
2026/10/10 18:22:38.078,GPU-4e7dc608-00fa-44a9-28c7-6a4948c1dae7,72093,97887,99,250.14
2026/10/10 18:22:38.610,GPU-4e7dc608-00fa-44a9-28c7-6a4948c1dae7,72093,97887,100,252.21
2026/10/10 18:22:39.142,GPU-4e7dc608-00fa-44a9-28c7-6a4948c1dae7,72093,97887,6,226.22
2026/10/10 18:22:39.674,GPU-4e7dc608-00fa-44a9-28c7-6a4948c1dae7,72093,97887,4,112.11
2026/10/10 18:22:40.206,GPU-4e7dc608-00fa-44a9-28c7-6a4948c1dae7,72093,97887,7,77.76
2026/10/10 18:22:40.736,GPU-4e7dc608-00fa-44a9-28c7-6a4948c1dae7,72093,97887,0,77.63
2026/10/10 18:22:41.276,GPU-4e7dc608-00fa-44a9-28c7-6a4948c1dae7,72093,97887,4,77.99
2026/10/10 18:22:41.807,GPU-4e7dc608-00fa-44a9-28c7-6a4948c1dae7,72093,97887,1,77.87
2026/10/10 18:22:42.338,GPU-4e7dc608-00fa-44a9-28c7-6a4948c1dae7,72093,97887,100,109.21
2026/10/10 18:22:42.869,GPU-4e7dc608-00fa-44a9-28c7-6a4948c1dae7,72093,97887,99,218.44
2026/10/10 18:22:43.399,GPU-4e7dc608-00fa-44a9-28c7-6a4948c1dae7,72093,97887,99,263.71
2026/10/10 18:22:43.930,GPU-4e7dc608-00fa-44a9-28c7-6a4948c1dae7,72093,97887,99,257.53
2026/10/10 18:22:44.461,GPU-4e7dc608-00fa-44a9-28c7-6a4948c1dae7,72093,97887,7,197.99
2026/10/10 18:22:44.995,GPU-4e7dc608-00fa-44a9-28c7-6a4948c1dae7,72093,97887,7,100.50
2026/10/10 18:22:45.526,GPU-4e7dc608-00fa-44a9-28c7-6a4948c1dae7,72093,97887,0,77.69
2026/10/10 18:22:46.056,GPU-4e7dc608-00fa-44a9-28c7-6a4948c1dae7,72093,97887,5,77.84
2026/10/10 18:22:46.586,GPU-4e7dc608-00fa-44a9-28c7-6a4948c1dae7,72093,97887,0,77.28
2026/10/10 18:22:47.117,GPU-4e7dc608-00fa-44a9-28c7-6a4948c1dae7,72093,97887,99,121.39
2026/10/10 18:22:47.648,GPU-4e7dc608-00fa-44a9-28c7-6a4948c1dae7,72093,97887,99,204.11
2026/10/10 18:22:48.178,GPU-4e7dc608-00fa-44a9-28c7-6a4948c1dae7,72093,97887,100,253.11
2026/10/10 18:22:48.708,GPU-4e7dc608-00fa-44a9-28c7-6a4948c1dae7,72093,97887,100,260.36
2026/10/10 18:22:49.239,GPU-4e7dc608-00fa-44a9-28c7-6a4948c1dae7,72093,97887,6,175.61
2026/10/10 18:22:49.769,GPU-4e7dc608-00fa-44a9-28c7-6a4948c1dae7,72093,97887,7,78.23
2026/10/10 18:22:50.300,GPU-4e7dc608-00fa-44a9-28c7-6a4948c1dae7,72093,97887,2,77.71
2026/10/10 18:22:50.831,GPU-4e7dc608-00fa-44a9-28c7-6a4948c1dae7,72093,97887,4,77.56
2026/10/10 18:22:51.363,GPU-4e7dc608-00fa-44a9-28c7-6a4948c1dae7,72093,97887,7,77.73
2026/10/10 18:22:51.895,GPU-4e7dc608-00fa-44a9-28c7-6a4948c1dae7,72093,97887,99,139.32
2026/10/10 18:22:52.425,GPU-4e7dc608-00fa-44a9-28c7-6a4948c1dae7,72093,97887,99,234.65
2026/10/10 18:22:52.956,GPU-4e7dc608-00fa-44a9-28c7-6a4948c1dae7,72093,97887,99,251.26
2026/10/10 18:22:53.488,GPU-4e7dc608-00fa-44a9-28c7-6a4948c1dae7,72093,97887,6,229.33
2026/10/10 18:22:54.021,GPU-4e7dc608-00fa-44a9-28c7-6a4948c1dae7,72093,97887,6,152.88
2026/10/10 18:22:54.552,GPU-4e7dc608-00fa-44a9-28c7-6a4948c1dae7,72093,97887,6,78.54
2026/10/10 18:22:55.083,GPU-4e7dc608-00fa-44a9-28c7-6a4948c1dae7,72093,97887,5,77.61
2026/10/10 18:22:55.614,GPU-4e7dc608-00fa-44a9-28c7-6a4948c1dae7,72093,97887,6,77.97
2026/10/10 18:22:56.154,GPU-4e7dc608-00fa-44a9-28c7-6a4948c1dae7,72093,97887,5,78.06
2026/10/10 18:22:56.684,GPU-4e7dc608-00fa-44a9-28c7-6a4948c1dae7,72093,97887,99,154.01
2026/10/10 18:22:57.216,GPU-4e7dc608-00fa-44a9-28c7-6a4948c1dae7,72093,97887,99,251.57
2026/10/10 18:22:57.748,GPU-4e7dc608-00fa-44a9-28c7-6a4948c1dae7,72093,97887,100,259.19
2026/10/10 18:22:58.278,GPU-4e7dc608-00fa-44a9-28c7-6a4948c1dae7,72093,97887,96,237.69
2026/10/10 18:22:58.807,GPU-4e7dc608-00fa-44a9-28c7-6a4948c1dae7,72093,97887,7,135.70
2026/10/10 18:22:59.337,GPU-4e7dc608-00fa-44a9-28c7-6a4948c1dae7,72093,97887,6,78.31
2026/10/10 18:22:59.868,GPU-4e7dc608-00fa-44a9-28c7-6a4948c1dae7,72093,97887,1,78.04
2026/10/10 18:23:00.400,GPU-4e7dc608-00fa-44a9-28c7-6a4948c1dae7,72093,97887,4,77.45
2026/10/10 18:23:00.930,GPU-4e7dc608-00fa-44a9-28c7-6a4948c1dae7,72093,97887,0,77.46
2026/10/10 18:23:01.463,GPU-4e7dc608-00fa-44a9-28c7-6a4948c1dae7,72093,97887,100,155.68
2026/10/10 18:23:01.995,GPU-4e7dc608-00fa-44a9-28c7-6a4948c1dae7,72093,97887,100,245.00
2026/10/10 18:23:02.528,GPU-4e7dc608-00fa-44a9-28c7-6a4948c1dae7,72093,97887,99,263.95
2026/10/10 18:23:03.062,GPU-4e7dc608-00fa-44a9-28c7-6a4948c1dae7,72093,97887,77,234.02
2026/10/10 18:23:03.595,GPU-4e7dc608-00fa-44a9-28c7-6a4948c1dae7,72093,97887,6,133.68
2026/10/10 18:23:04.126,GPU-4e7dc608-00fa-44a9-28c7-6a4948c1dae7,72093,97887,6,78.12
2026/10/10 18:23:04.660,GPU-4e7dc608-00fa-44a9-28c7-6a4948c1dae7,72093,97887,1,78.01
2026/10/10 18:23:05.189,GPU-4e7dc608-00fa-44a9-28c7-6a4948c1dae7,72093,97887,4,77.88
2026/10/10 18:23:05.735,GPU-4e7dc608-00fa-44a9-28c7-6a4948c1dae7,72093,97887,0,77.61
2026/10/10 18:23:06.275,GPU-4e7dc608-00fa-44a9-28c7-6a4948c1dae7,72093,97887,100,155.20
2026/10/10 18:23:06.806,GPU-4e7dc608-00fa-44a9-28c7-6a4948c1dae7,72093,97887,100,252.70
2026/10/10 18:23:07.337,GPU-4e7dc608-00fa-44a9-28c7-6a4948c1dae7,72093,97887,100,266.02
2026/10/10 18:23:07.871,GPU-4e7dc608-00fa-44a9-28c7-6a4948c1dae7,72093,97887,86,237.35
2026/10/10 18:23:08.402,GPU-4e7dc608-00fa-44a9-28c7-6a4948c1dae7,72093,97887,7,124.87
2026/10/10 18:23:08.933,GPU-4e7dc608-00fa-44a9-28c7-6a4948c1dae7,72093,97887,6,78.57
2026/10/10 18:23:09.465,GPU-4e7dc608-00fa-44a9-28c7-6a4948c1dae7,72093,97887,3,78.07
2026/10/10 18:23:09.999,GPU-4e7dc608-00fa-44a9-28c7-6a4948c1dae7,72093,97887,4,77.85
2026/10/10 18:23:10.530,GPU-4e7dc608-00fa-44a9-28c7-6a4948c1dae7,72093,97887,0,77.94
2026/10/10 18:23:11.085,GPU-4e7dc608-00fa-44a9-28c7-6a4948c1dae7,72093,97887,100,179.46
2026/10/10 18:23:11.621,GPU-4e7dc608-00fa-44a9-28c7-6a4948c1dae7,72093,97887,99,260.79
2026/10/10 18:23:12.154,GPU-4e7dc608-00fa-44a9-28c7-6a4948c1dae7,72093,97887,99,245.10
2026/10/10 18:23:12.684,GPU-4e7dc608-00fa-44a9-28c7-6a4948c1dae7,72093,97887,62,223.47
2026/10/10 18:23:13.214,GPU-4e7dc608-00fa-44a9-28c7-6a4948c1dae7,72093,97887,7,115.01
2026/10/10 18:23:13.744,GPU-4e7dc608-00fa-44a9-28c7-6a4948c1dae7,72093,97887,5,78.30
2026/10/10 18:23:14.276,GPU-4e7dc608-00fa-44a9-28c7-6a4948c1dae7,72093,97887,3,77.88
2026/10/10 18:23:14.810,GPU-4e7dc608-00fa-44a9-28c7-6a4948c1dae7,72093,97887,7,77.55
2026/10/10 18:23:15.342,GPU-4e7dc608-00fa-44a9-28c7-6a4948c1dae7,72093,97887,0,77.75
2026/10/10 18:23:15.877,GPU-4e7dc608-00fa-44a9-28c7-6a4948c1dae7,72093,97887,99,148.18
2026/10/10 18:23:16.410,GPU-4e7dc608-00fa-44a9-28c7-6a4948c1dae7,72093,97887,100,246.80
2026/10/10 18:23:16.945,GPU-4e7dc608-00fa-44a9-28c7-6a4948c1dae7,72093,97887,100,250.62
2026/10/10 18:23:17.477,GPU-4e7dc608-00fa-44a9-28c7-6a4948c1dae7,72093,97887,100,242.35
2026/10/10 18:23:18.011,GPU-4e7dc608-00fa-44a9-28c7-6a4948c1dae7,72093,97887,6,144.73
2026/10/10 18:23:18.542,GPU-4e7dc608-00fa-44a9-28c7-6a4948c1dae7,72093,97887,7,78.28
2026/10/10 18:23:19.071,GPU-4e7dc608-00fa-44a9-28c7-6a4948c1dae7,72093,97887,0,77.85
2026/10/10 18:23:19.603,GPU-4e7dc608-00fa-44a9-28c7-6a4948c1dae7,72093,97887,3,76.90
2026/10/10 18:23:20.134,GPU-4e7dc608-00fa-44a9-28c7-6a4948c1dae7,72093,97887,4,77.67
2026/10/10 18:23:20.666,GPU-4e7dc608-00fa-44a9-28c7-6a4948c1dae7,72093,97887,5,77.96
2026/10/10 18:23:21.197,GPU-4e7dc608-00fa-44a9-28c7-6a4948c1dae7,72093,97887,99,143.58
2026/10/10 18:23:21.731,GPU-4e7dc608-00fa-44a9-28c7-6a4948c1dae7,72093,97887,100,219.87
2026/10/10 18:23:22.287,GPU-4e7dc608-00fa-44a9-28c7-6a4948c1dae7,72093,97887,100,253.32
2026/10/10 18:23:22.822,GPU-4e7dc608-00fa-44a9-28c7-6a4948c1dae7,72093,97887,100,243.65
2026/10/10 18:23:23.355,GPU-4e7dc608-00fa-44a9-28c7-6a4948c1dae7,72093,97887,6,164.63
2026/10/10 18:23:23.889,GPU-4e7dc608-00fa-44a9-28c7-6a4948c1dae7,72093,97887,7,79.09
2026/10/10 18:23:24.423,GPU-4e7dc608-00fa-44a9-28c7-6a4948c1dae7,72093,97887,0,77.68
2026/10/10 18:23:24.955,GPU-4e7dc608-00fa-44a9-28c7-6a4948c1dae7,72093,97887,6,78.13
2026/10/10 18:23:25.493,GPU-4e7dc608-00fa-44a9-28c7-6a4948c1dae7,72093,97887,0,78.60
2026/10/10 18:23:26.027,GPU-4e7dc608-00fa-44a9-28c7-6a4948c1dae7,72093,97887,100,124.86
2026/10/10 18:23:26.567,GPU-4e7dc608-00fa-44a9-28c7-6a4948c1dae7,72093,97887,100,220.31
2026/10/10 18:23:27.101,GPU-4e7dc608-00fa-44a9-28c7-6a4948c1dae7,72093,97887,100,269.27
2026/10/10 18:23:27.633,GPU-4e7dc608-00fa-44a9-28c7-6a4948c1dae7,72093,97887,99,256.11
2026/10/10 18:23:28.171,GPU-4e7dc608-00fa-44a9-28c7-6a4948c1dae7,72093,97887,6,199.99
2026/10/10 18:23:28.706,GPU-4e7dc608-00fa-44a9-28c7-6a4948c1dae7,72093,97887,6,78.55
2026/10/10 18:23:29.240,GPU-4e7dc608-00fa-44a9-28c7-6a4948c1dae7,72093,97887,5,78.38
2026/10/10 18:23:29.772,GPU-4e7dc608-00fa-44a9-28c7-6a4948c1dae7,72093,97887,5,78.01
2026/10/10 18:23:30.304,GPU-4e7dc608-00fa-44a9-28c7-6a4948c1dae7,72093,97887,6,77.81
2026/10/10 18:23:30.838,GPU-4e7dc608-00fa-44a9-28c7-6a4948c1dae7,72093,97887,9,91.15
2026/10/10 18:23:31.369,GPU-4e7dc608-00fa-44a9-28c7-6a4948c1dae7,72093,97887,99,165.89
2026/10/10 18:23:31.898,GPU-4e7dc608-00fa-44a9-28c7-6a4948c1dae7,72093,97887,99,244.82
2026/10/10 18:23:32.430,GPU-4e7dc608-00fa-44a9-28c7-6a4948c1dae7,72093,97887,99,252.86
2026/10/10 18:23:32.961,GPU-4e7dc608-00fa-44a9-28c7-6a4948c1dae7,72093,97887,6,208.91
2026/10/10 18:23:33.491,GPU-4e7dc608-00fa-44a9-28c7-6a4948c1dae7,72093,97887,7,134.65
2026/10/10 18:23:34.022,GPU-4e7dc608-00fa-44a9-28c7-6a4948c1dae7,72093,97887,7,78.45
2026/10/10 18:23:34.554,GPU-4e7dc608-00fa-44a9-28c7-6a4948c1dae7,72093,97887,6,78.18
2026/10/10 18:23:35.085,GPU-4e7dc608-00fa-44a9-28c7-6a4948c1dae7,72093,97887,4,77.98
2026/10/10 18:23:35.638,GPU-4e7dc608-00fa-44a9-28c7-6a4948c1dae7,72093,97887,0,84.79
2026/10/10 18:23:36.193,GPU-4e7dc608-00fa-44a9-28c7-6a4948c1dae7,72093,97887,100,174.04
2026/10/10 18:23:36.736,GPU-4e7dc608-00fa-44a9-28c7-6a4948c1dae7,72093,97887,100,254.29
2026/10/10 18:23:37.288,GPU-4e7dc608-00fa-44a9-28c7-6a4948c1dae7,72093,97887,100,250.98
2026/10/10 18:23:37.833,GPU-4e7dc608-00fa-44a9-28c7-6a4948c1dae7,72093,97887,5,212.84
2026/10/10 18:23:38.364,GPU-4e7dc608-00fa-44a9-28c7-6a4948c1dae7,72093,97887,6,135.16
2026/10/10 18:23:38.896,GPU-4e7dc608-00fa-44a9-28c7-6a4948c1dae7,72093,97887,7,78.51
2026/10/10 18:23:39.426,GPU-4e7dc608-00fa-44a9-28c7-6a4948c1dae7,72093,97887,5,77.96
2026/10/10 18:23:39.957,GPU-4e7dc608-00fa-44a9-28c7-6a4948c1dae7,72093,97887,6,78.15
2026/10/10 18:23:40.492,GPU-4e7dc608-00fa-44a9-28c7-6a4948c1dae7,72093,97887,7,78.50
2026/10/10 18:23:41.024,GPU-4e7dc608-00fa-44a9-28c7-6a4948c1dae7,72093,97887,99,153.96
2026/10/10 18:23:41.558,GPU-4e7dc608-00fa-44a9-28c7-6a4948c1dae7,72093,97887,100,258.83
2026/10/10 18:23:42.091,GPU-4e7dc608-00fa-44a9-28c7-6a4948c1dae7,72093,97887,100,261.10
2026/10/10 18:23:42.629,GPU-4e7dc608-00fa-44a9-28c7-6a4948c1dae7,72093,97887,100,254.90
2026/10/10 18:23:43.160,GPU-4e7dc608-00fa-44a9-28c7-6a4948c1dae7,72093,97887,7,156.17
2026/10/10 18:23:43.690,GPU-4e7dc608-00fa-44a9-28c7-6a4948c1dae7,72093,97887,6,78.88
2026/10/10 18:23:44.220,GPU-4e7dc608-00fa-44a9-28c7-6a4948c1dae7,72093,97887,1,78.39
2026/10/10 18:23:44.749,GPU-4e7dc608-00fa-44a9-28c7-6a4948c1dae7,72093,97887,4,78.61
2026/10/10 18:23:45.279,GPU-4e7dc608-00fa-44a9-28c7-6a4948c1dae7,72093,97887,6,78.35
2026/10/10 18:23:45.809,GPU-4e7dc608-00fa-44a9-28c7-6a4948c1dae7,72093,97887,100,149.84
2026/10/10 18:23:46.340,GPU-4e7dc608-00fa-44a9-28c7-6a4948c1dae7,72093,97887,100,239.64
2026/10/10 18:23:46.872,GPU-4e7dc608-00fa-44a9-28c7-6a4948c1dae7,72093,97887,100,250.30
2026/10/10 18:23:47.403,GPU-4e7dc608-00fa-44a9-28c7-6a4948c1dae7,72093,97887,100,236.17
2026/10/10 18:23:47.941,GPU-4e7dc608-00fa-44a9-28c7-6a4948c1dae7,72093,97887,7,158.95
2026/10/10 18:23:48.472,GPU-4e7dc608-00fa-44a9-28c7-6a4948c1dae7,72093,97887,7,78.99
2026/10/10 18:23:49.003,GPU-4e7dc608-00fa-44a9-28c7-6a4948c1dae7,72093,97887,0,78.34
2026/10/10 18:23:49.533,GPU-4e7dc608-00fa-44a9-28c7-6a4948c1dae7,72093,97887,6,78.38
2026/10/10 18:23:50.063,GPU-4e7dc608-00fa-44a9-28c7-6a4948c1dae7,72093,97887,2,78.64
2026/10/10 18:23:50.592,GPU-4e7dc608-00fa-44a9-28c7-6a4948c1dae7,72093,97887,99,125.41
2026/10/10 18:23:51.123,GPU-4e7dc608-00fa-44a9-28c7-6a4948c1dae7,72093,97887,99,227.27
2026/10/10 18:23:51.655,GPU-4e7dc608-00fa-44a9-28c7-6a4948c1dae7,72093,97887,99,269.43
2026/10/10 18:23:52.188,GPU-4e7dc608-00fa-44a9-28c7-6a4948c1dae7,72093,97887,99,264.97
2026/10/10 18:23:52.718,GPU-4e7dc608-00fa-44a9-28c7-6a4948c1dae7,72093,97887,6,204.48
2026/10/10 18:23:53.249,GPU-4e7dc608-00fa-44a9-28c7-6a4948c1dae7,72093,97887,7,102.80
2026/10/10 18:23:53.779,GPU-4e7dc608-00fa-44a9-28c7-6a4948c1dae7,72093,97887,0,79.58
2026/10/10 18:23:54.309,GPU-4e7dc608-00fa-44a9-28c7-6a4948c1dae7,72093,97887,7,78.51
2026/10/10 18:23:54.839,GPU-4e7dc608-00fa-44a9-28c7-6a4948c1dae7,72093,97887,0,78.65
2026/10/10 18:23:55.369,GPU-4e7dc608-00fa-44a9-28c7-6a4948c1dae7,72093,97887,99,126.16
2026/10/10 18:23:55.906,GPU-4e7dc608-00fa-44a9-28c7-6a4948c1dae7,72093,97887,99,209.64
2026/10/10 18:23:56.438,GPU-4e7dc608-00fa-44a9-28c7-6a4948c1dae7,72093,97887,99,243.92
2026/10/10 18:23:56.972,GPU-4e7dc608-00fa-44a9-28c7-6a4948c1dae7,72093,97887,100,262.97
2026/10/10 18:23:57.505,GPU-4e7dc608-00fa-44a9-28c7-6a4948c1dae7,72093,97887,6,221.43
2026/10/10 18:23:58.035,GPU-4e7dc608-00fa-44a9-28c7-6a4948c1dae7,72093,97887,4,103.93
2026/10/10 18:23:58.565,GPU-4e7dc608-00fa-44a9-28c7-6a4948c1dae7,72093,97887,5,78.23
2026/10/10 18:23:59.095,GPU-4e7dc608-00fa-44a9-28c7-6a4948c1dae7,72093,97887,5,77.92
2026/10/10 18:23:59.625,GPU-4e7dc608-00fa-44a9-28c7-6a4948c1dae7,72093,97887,1,77.74
2026/10/10 18:24:00.156,GPU-4e7dc608-00fa-44a9-28c7-6a4948c1dae7,72093,97887,100,122.55
2026/10/10 18:24:00.686,GPU-4e7dc608-00fa-44a9-28c7-6a4948c1dae7,72093,97887,100,226.61
2026/10/10 18:24:01.227,GPU-4e7dc608-00fa-44a9-28c7-6a4948c1dae7,72093,97887,100,266.42
2026/10/10 18:24:01.787,GPU-4e7dc608-00fa-44a9-28c7-6a4948c1dae7,72093,97887,100,247.51
2026/10/10 18:24:02.318,GPU-4e7dc608-00fa-44a9-28c7-6a4948c1dae7,72093,97887,6,201.62
2026/10/10 18:24:02.849,GPU-4e7dc608-00fa-44a9-28c7-6a4948c1dae7,72093,97887,5,103.54
2026/10/10 18:24:03.379,GPU-4e7dc608-00fa-44a9-28c7-6a4948c1dae7,72093,97887,4,78.27
2026/10/10 18:24:03.909,GPU-4e7dc608-00fa-44a9-28c7-6a4948c1dae7,72093,97887,6,78.04
2026/10/10 18:24:04.440,GPU-4e7dc608-00fa-44a9-28c7-6a4948c1dae7,72093,97887,3,77.91
2026/10/10 18:24:04.974,GPU-4e7dc608-00fa-44a9-28c7-6a4948c1dae7,72093,97887,99,117.77
2026/10/10 18:24:05.522,GPU-4e7dc608-00fa-44a9-28c7-6a4948c1dae7,72093,97887,100,206.59
2026/10/10 18:24:06.068,GPU-4e7dc608-00fa-44a9-28c7-6a4948c1dae7,72093,97887,100,265.32
2026/10/10 18:24:06.602,GPU-4e7dc608-00fa-44a9-28c7-6a4948c1dae7,72093,97887,100,276.05
2026/10/10 18:24:07.135,GPU-4e7dc608-00fa-44a9-28c7-6a4948c1dae7,72093,97887,6,205.31
2026/10/10 18:24:07.668,GPU-4e7dc608-00fa-44a9-28c7-6a4948c1dae7,72093,97887,6,114.15
2026/10/10 18:24:08.203,GPU-4e7dc608-00fa-44a9-28c7-6a4948c1dae7,72093,97887,4,78.14
2026/10/10 18:24:08.734,GPU-4e7dc608-00fa-44a9-28c7-6a4948c1dae7,72093,97887,3,77.57
2026/10/10 18:24:09.267,GPU-4e7dc608-00fa-44a9-28c7-6a4948c1dae7,72093,97887,7,77.50
2026/10/10 18:24:09.799,GPU-4e7dc608-00fa-44a9-28c7-6a4948c1dae7,72093,97887,8,77.68
2026/10/10 18:24:10.333,GPU-4e7dc608-00fa-44a9-28c7-6a4948c1dae7,72093,97887,100,156.63
2026/10/10 18:24:10.872,GPU-4e7dc608-00fa-44a9-28c7-6a4948c1dae7,72093,97887,100,271.37
2026/10/10 18:24:11.406,GPU-4e7dc608-00fa-44a9-28c7-6a4948c1dae7,72093,97887,100,271.59
2026/10/10 18:24:11.939,GPU-4e7dc608-00fa-44a9-28c7-6a4948c1dae7,72093,97887,100,258.10
2026/10/10 18:24:12.470,GPU-4e7dc608-00fa-44a9-28c7-6a4948c1dae7,72093,97887,6,148.53
2026/10/10 18:24:13.001,GPU-4e7dc608-00fa-44a9-28c7-6a4948c1dae7,72093,97887,6,78.17
2026/10/10 18:24:13.530,GPU-4e7dc608-00fa-44a9-28c7-6a4948c1dae7,72093,97887,2,77.90
2026/10/10 18:24:14.061,GPU-4e7dc608-00fa-44a9-28c7-6a4948c1dae7,72093,97887,0,77.49
2026/10/10 18:24:14.591,GPU-4e7dc608-00fa-44a9-28c7-6a4948c1dae7,72093,97887,5,77.33
2026/10/10 18:24:15.122,GPU-4e7dc608-00fa-44a9-28c7-6a4948c1dae7,72093,97887,5,77.48
2026/10/10 18:24:15.651,GPU-4e7dc608-00fa-44a9-28c7-6a4948c1dae7,72093,97887,0,89.46
2026/10/10 18:24:16.182,GPU-4e7dc608-00fa-44a9-28c7-6a4948c1dae7,72093,97887,100,194.50
2026/10/10 18:24:16.712,GPU-4e7dc608-00fa-44a9-28c7-6a4948c1dae7,72093,97887,100,273.28
2026/10/10 18:24:17.246,GPU-4e7dc608-00fa-44a9-28c7-6a4948c1dae7,72093,97887,100,257.77
2026/10/10 18:24:17.779,GPU-4e7dc608-00fa-44a9-28c7-6a4948c1dae7,72093,97887,8,230.58
2026/10/10 18:24:18.311,GPU-4e7dc608-00fa-44a9-28c7-6a4948c1dae7,72093,97887,6,147.62
2026/10/10 18:24:18.842,GPU-4e7dc608-00fa-44a9-28c7-6a4948c1dae7,72093,97887,6,78.55
2026/10/10 18:24:19.374,GPU-4e7dc608-00fa-44a9-28c7-6a4948c1dae7,72093,97887,3,77.85
2026/10/10 18:24:19.904,GPU-4e7dc608-00fa-44a9-28c7-6a4948c1dae7,72093,97887,5,77.58
2026/10/10 18:24:20.434,GPU-4e7dc608-00fa-44a9-28c7-6a4948c1dae7,72093,97887,7,77.84
2026/10/10 18:24:20.968,GPU-4e7dc608-00fa-44a9-28c7-6a4948c1dae7,72093,97887,100,153.13
2026/10/10 18:24:21.501,GPU-4e7dc608-00fa-44a9-28c7-6a4948c1dae7,72093,97887,100,240.18
2026/10/10 18:24:22.033,GPU-4e7dc608-00fa-44a9-28c7-6a4948c1dae7,72093,97887,100,253.74
2026/10/10 18:24:22.563,GPU-4e7dc608-00fa-44a9-28c7-6a4948c1dae7,72093,97887,99,261.07
2026/10/10 18:24:23.093,GPU-4e7dc608-00fa-44a9-28c7-6a4948c1dae7,72093,97887,6,194.61
2026/10/10 18:24:23.623,GPU-4e7dc608-00fa-44a9-28c7-6a4948c1dae7,72093,97887,6,113.00
2026/10/10 18:24:24.153,GPU-4e7dc608-00fa-44a9-28c7-6a4948c1dae7,72093,97887,3,78.42
2026/10/10 18:24:24.684,GPU-4e7dc608-00fa-44a9-28c7-6a4948c1dae7,72093,97887,5,78.02
2026/10/10 18:24:25.217,GPU-4e7dc608-00fa-44a9-28c7-6a4948c1dae7,72093,97887,1,77.84
2026/10/10 18:24:25.754,GPU-4e7dc608-00fa-44a9-28c7-6a4948c1dae7,72093,97887,100,111.71
2026/10/10 18:24:26.300,GPU-4e7dc608-00fa-44a9-28c7-6a4948c1dae7,72093,97887,100,195.64
2026/10/10 18:24:26.834,GPU-4e7dc608-00fa-44a9-28c7-6a4948c1dae7,72093,97887,99,255.76
2026/10/10 18:24:27.377,GPU-4e7dc608-00fa-44a9-28c7-6a4948c1dae7,72093,97887,99,274.14
2026/10/10 18:24:27.910,GPU-4e7dc608-00fa-44a9-28c7-6a4948c1dae7,72093,97887,86,229.18
2026/10/10 18:24:28.444,GPU-4e7dc608-00fa-44a9-28c7-6a4948c1dae7,72093,97887,6,138.52
2026/10/10 18:24:28.977,GPU-4e7dc608-00fa-44a9-28c7-6a4948c1dae7,72093,97887,6,78.29
2026/10/10 18:24:29.510,GPU-4e7dc608-00fa-44a9-28c7-6a4948c1dae7,72093,97887,3,77.89
2026/10/10 18:24:30.042,GPU-4e7dc608-00fa-44a9-28c7-6a4948c1dae7,72093,97887,5,77.74
2026/10/10 18:24:30.575,GPU-4e7dc608-00fa-44a9-28c7-6a4948c1dae7,72093,97887,0,77.56
2026/10/10 18:24:31.108,GPU-4e7dc608-00fa-44a9-28c7-6a4948c1dae7,72093,97887,100,161.55
2026/10/10 18:24:31.643,GPU-4e7dc608-00fa-44a9-28c7-6a4948c1dae7,72093,97887,100,256.43
2026/10/10 18:24:32.177,GPU-4e7dc608-00fa-44a9-28c7-6a4948c1dae7,72093,97887,99,255.38
2026/10/10 18:24:32.710,GPU-4e7dc608-00fa-44a9-28c7-6a4948c1dae7,72093,97887,99,268.01
2026/10/10 18:24:33.244,GPU-4e7dc608-00fa-44a9-28c7-6a4948c1dae7,72093,97887,7,181.48
2026/10/10 18:24:33.777,GPU-4e7dc608-00fa-44a9-28c7-6a4948c1dae7,72093,97887,6,80.46
2026/10/10 18:24:34.311,GPU-4e7dc608-00fa-44a9-28c7-6a4948c1dae7,72093,97887,0,78.09
2026/10/10 18:24:34.848,GPU-4e7dc608-00fa-44a9-28c7-6a4948c1dae7,72093,97887,7,78.31
2026/10/10 18:24:35.393,GPU-4e7dc608-00fa-44a9-28c7-6a4948c1dae7,72093,97887,5,78.00
2026/10/10 18:24:35.931,GPU-4e7dc608-00fa-44a9-28c7-6a4948c1dae7,72093,97887,99,135.67
2026/10/10 18:24:36.464,GPU-4e7dc608-00fa-44a9-28c7-6a4948c1dae7,72093,97887,100,251.13
2026/10/10 18:24:36.998,GPU-4e7dc608-00fa-44a9-28c7-6a4948c1dae7,72093,97887,100,271.04
2026/10/10 18:24:37.532,GPU-4e7dc608-00fa-44a9-28c7-6a4948c1dae7,72093,97887,100,257.14
2026/10/10 18:24:38.066,GPU-4e7dc608-00fa-44a9-28c7-6a4948c1dae7,72093,97887,6,185.65
2026/10/10 18:24:38.603,GPU-4e7dc608-00fa-44a9-28c7-6a4948c1dae7,72093,97887,7,113.78
2026/10/10 18:24:39.135,GPU-4e7dc608-00fa-44a9-28c7-6a4948c1dae7,72093,97887,4,78.37
2026/10/10 18:24:39.667,GPU-4e7dc608-00fa-44a9-28c7-6a4948c1dae7,72093,97887,6,78.29
2026/10/10 18:24:40.200,GPU-4e7dc608-00fa-44a9-28c7-6a4948c1dae7,72093,97887,2,77.95
2026/10/10 18:24:40.756,GPU-4e7dc608-00fa-44a9-28c7-6a4948c1dae7,72093,97887,53,116.36
2026/10/10 18:24:41.289,GPU-4e7dc608-00fa-44a9-28c7-6a4948c1dae7,72093,97887,99,201.94
2026/10/10 18:24:41.822,GPU-4e7dc608-00fa-44a9-28c7-6a4948c1dae7,72093,97887,100,261.43
2026/10/10 18:24:42.358,GPU-4e7dc608-00fa-44a9-28c7-6a4948c1dae7,72093,97887,96,264.56
2026/10/10 18:24:42.894,GPU-4e7dc608-00fa-44a9-28c7-6a4948c1dae7,72093,97887,32,223.81
2026/10/10 18:24:43.428,GPU-4e7dc608-00fa-44a9-28c7-6a4948c1dae7,72093,97887,6,144.10
2026/10/10 18:24:43.959,GPU-4e7dc608-00fa-44a9-28c7-6a4948c1dae7,72093,97887,7,78.40
2026/10/10 18:24:44.491,GPU-4e7dc608-00fa-44a9-28c7-6a4948c1dae7,72093,97887,3,77.94
2026/10/10 18:24:45.025,GPU-4e7dc608-00fa-44a9-28c7-6a4948c1dae7,72093,97887,4,77.79
2026/10/10 18:24:45.557,GPU-4e7dc608-00fa-44a9-28c7-6a4948c1dae7,72093,97887,6,77.95
2026/10/10 18:24:46.090,GPU-4e7dc608-00fa-44a9-28c7-6a4948c1dae7,72093,97887,100,158.36
2026/10/10 18:24:46.623,GPU-4e7dc608-00fa-44a9-28c7-6a4948c1dae7,72093,97887,99,250.48
2026/10/10 18:24:47.157,GPU-4e7dc608-00fa-44a9-28c7-6a4948c1dae7,72093,97887,99,262.65
2026/10/10 18:24:47.690,GPU-4e7dc608-00fa-44a9-28c7-6a4948c1dae7,72093,97887,100,257.46
2026/10/10 18:24:48.223,GPU-4e7dc608-00fa-44a9-28c7-6a4948c1dae7,72093,97887,7,195.76
2026/10/10 18:24:48.755,GPU-4e7dc608-00fa-44a9-28c7-6a4948c1dae7,72093,97887,4,113.82
2026/10/10 18:24:49.288,GPU-4e7dc608-00fa-44a9-28c7-6a4948c1dae7,72093,97887,5,78.54
2026/10/10 18:24:49.820,GPU-4e7dc608-00fa-44a9-28c7-6a4948c1dae7,72093,97887,4,77.98
2026/10/10 18:24:50.352,GPU-4e7dc608-00fa-44a9-28c7-6a4948c1dae7,72093,97887,4,78.19
2026/10/10 18:24:50.887,GPU-4e7dc608-00fa-44a9-28c7-6a4948c1dae7,72093,97887,64,115.12
2026/10/10 18:24:51.421,GPU-4e7dc608-00fa-44a9-28c7-6a4948c1dae7,72093,97887,99,185.80
2026/10/10 18:24:51.955,GPU-4e7dc608-00fa-44a9-28c7-6a4948c1dae7,72093,97887,100,258.27
2026/10/10 18:24:52.494,GPU-4e7dc608-00fa-44a9-28c7-6a4948c1dae7,72093,97887,100,262.71
2026/10/10 18:24:53.027,GPU-4e7dc608-00fa-44a9-28c7-6a4948c1dae7,72093,97887,25,251.03
2026/10/10 18:24:53.560,GPU-4e7dc608-00fa-44a9-28c7-6a4948c1dae7,72093,97887,7,166.76
2026/10/10 18:24:54.090,GPU-4e7dc608-00fa-44a9-28c7-6a4948c1dae7,72093,97887,7,78.66
2026/10/10 18:24:54.622,GPU-4e7dc608-00fa-44a9-28c7-6a4948c1dae7,72093,97887,5,77.81
2026/10/10 18:24:55.162,GPU-4e7dc608-00fa-44a9-28c7-6a4948c1dae7,72093,97887,7,78.12
2026/10/10 18:24:55.694,GPU-4e7dc608-00fa-44a9-28c7-6a4948c1dae7,72093,97887,7,78.32
2026/10/10 18:24:56.245,GPU-4e7dc608-00fa-44a9-28c7-6a4948c1dae7,72093,97887,100,157.87
2026/10/10 18:24:56.777,GPU-4e7dc608-00fa-44a9-28c7-6a4948c1dae7,72093,97887,100,247.69
2026/10/10 18:24:57.312,GPU-4e7dc608-00fa-44a9-28c7-6a4948c1dae7,72093,97887,99,265.34
2026/10/10 18:24:57.846,GPU-4e7dc608-00fa-44a9-28c7-6a4948c1dae7,72093,97887,99,268.92
2026/10/10 18:24:58.378,GPU-4e7dc608-00fa-44a9-28c7-6a4948c1dae7,72093,97887,6,212.73
2026/10/10 18:24:58.909,GPU-4e7dc608-00fa-44a9-28c7-6a4948c1dae7,72093,97887,5,89.50
2026/10/10 18:24:59.441,GPU-4e7dc608-00fa-44a9-28c7-6a4948c1dae7,72093,97887,3,78.40
2026/10/10 18:24:59.976,GPU-4e7dc608-00fa-44a9-28c7-6a4948c1dae7,72093,97887,5,78.19
2026/10/10 18:25:00.508,GPU-4e7dc608-00fa-44a9-28c7-6a4948c1dae7,72093,97887,0,78.10
2026/10/10 18:25:01.040,GPU-4e7dc608-00fa-44a9-28c7-6a4948c1dae7,72093,97887,100,113.19
2026/10/10 18:25:01.573,GPU-4e7dc608-00fa-44a9-28c7-6a4948c1dae7,72093,97887,100,199.37
2026/10/10 18:25:02.104,GPU-4e7dc608-00fa-44a9-28c7-6a4948c1dae7,72093,97887,99,264.13
2026/10/10 18:25:02.637,GPU-4e7dc608-00fa-44a9-28c7-6a4948c1dae7,72093,97887,100,263.98
2026/10/10 18:25:03.168,GPU-4e7dc608-00fa-44a9-28c7-6a4948c1dae7,72093,97887,100,252.23
2026/10/10 18:25:03.699,GPU-4e7dc608-00fa-44a9-28c7-6a4948c1dae7,72093,97887,7,148.26
2026/10/10 18:25:04.231,GPU-4e7dc608-00fa-44a9-28c7-6a4948c1dae7,72093,97887,7,78.25
2026/10/10 18:25:04.765,GPU-4e7dc608-00fa-44a9-28c7-6a4948c1dae7,72093,97887,0,77.94
2026/10/10 18:25:05.308,GPU-4e7dc608-00fa-44a9-28c7-6a4948c1dae7,72093,97887,7,77.69
2026/10/10 18:25:05.858,GPU-4e7dc608-00fa-44a9-28c7-6a4948c1dae7,72093,97887,6,78.02
2026/10/10 18:25:06.397,GPU-4e7dc608-00fa-44a9-28c7-6a4948c1dae7,72093,97887,100,163.73
2026/10/10 18:25:06.929,GPU-4e7dc608-00fa-44a9-28c7-6a4948c1dae7,72093,97887,100,259.36
2026/10/10 18:25:07.463,GPU-4e7dc608-00fa-44a9-28c7-6a4948c1dae7,72093,97887,99,256.41
2026/10/10 18:25:07.995,GPU-4e7dc608-00fa-44a9-28c7-6a4948c1dae7,72093,97887,99,264.82
2026/10/10 18:25:08.528,GPU-4e7dc608-00fa-44a9-28c7-6a4948c1dae7,72093,97887,6,216.18
2026/10/10 18:25:09.060,GPU-4e7dc608-00fa-44a9-28c7-6a4948c1dae7,72093,97887,5,112.74
2026/10/10 18:25:09.592,GPU-4e7dc608-00fa-44a9-28c7-6a4948c1dae7,72093,97887,3,78.15
2026/10/10 18:25:10.123,GPU-4e7dc608-00fa-44a9-28c7-6a4948c1dae7,72093,97887,5,78.04
2026/10/10 18:25:10.665,GPU-4e7dc608-00fa-44a9-28c7-6a4948c1dae7,72093,97887,0,78.68
2026/10/10 18:25:11.198,GPU-4e7dc608-00fa-44a9-28c7-6a4948c1dae7,72093,97887,100,117.29
2026/10/10 18:25:11.733,GPU-4e7dc608-00fa-44a9-28c7-6a4948c1dae7,72093,97887,100,201.20
2026/10/10 18:25:12.283,GPU-4e7dc608-00fa-44a9-28c7-6a4948c1dae7,72093,97887,99,263.49
2026/10/10 18:25:12.825,GPU-4e7dc608-00fa-44a9-28c7-6a4948c1dae7,72093,97887,100,271.77
2026/10/10 18:25:13.356,GPU-4e7dc608-00fa-44a9-28c7-6a4948c1dae7,72093,97887,100,254.80
2026/10/10 18:25:13.886,GPU-4e7dc608-00fa-44a9-28c7-6a4948c1dae7,72093,97887,7,180.16
2026/10/10 18:25:14.418,GPU-4e7dc608-00fa-44a9-28c7-6a4948c1dae7,72093,97887,6,78.25
2026/10/10 18:25:14.949,GPU-4e7dc608-00fa-44a9-28c7-6a4948c1dae7,72093,97887,0,78.39
2026/10/10 18:25:15.480,GPU-4e7dc608-00fa-44a9-28c7-6a4948c1dae7,72093,97887,0,77.75
2026/10/10 18:25:16.012,GPU-4e7dc608-00fa-44a9-28c7-6a4948c1dae7,72093,97887,4,77.20
2026/10/10 18:25:16.543,GPU-4e7dc608-00fa-44a9-28c7-6a4948c1dae7,72093,97887,1,77.90
2026/10/10 18:25:17.075,GPU-4e7dc608-00fa-44a9-28c7-6a4948c1dae7,72093,97887,100,117.89
2026/10/10 18:25:17.606,GPU-4e7dc608-00fa-44a9-28c7-6a4948c1dae7,72093,97887,99,215.66
2026/10/10 18:25:18.138,GPU-4e7dc608-00fa-44a9-28c7-6a4948c1dae7,72093,97887,99,264.91
2026/10/10 18:25:18.670,GPU-4e7dc608-00fa-44a9-28c7-6a4948c1dae7,72093,97887,100,265.49
2026/10/10 18:25:19.202,GPU-4e7dc608-00fa-44a9-28c7-6a4948c1dae7,72093,97887,6,238.13
2026/10/10 18:25:19.733,GPU-4e7dc608-00fa-44a9-28c7-6a4948c1dae7,72093,97887,7,151.04
2026/10/10 18:25:20.264,GPU-4e7dc608-00fa-44a9-28c7-6a4948c1dae7,72093,97887,6,78.64
2026/10/10 18:25:20.795,GPU-4e7dc608-00fa-44a9-28c7-6a4948c1dae7,72093,97887,1,77.94
2026/10/10 18:25:21.326,GPU-4e7dc608-00fa-44a9-28c7-6a4948c1dae7,72093,97887,4,77.77
2026/10/10 18:25:21.857,GPU-4e7dc608-00fa-44a9-28c7-6a4948c1dae7,72093,97887,1,78.27
2026/10/10 18:25:22.390,GPU-4e7dc608-00fa-44a9-28c7-6a4948c1dae7,72093,97887,96,160.45
2026/10/10 18:25:22.926,GPU-4e7dc608-00fa-44a9-28c7-6a4948c1dae7,72093,97887,99,239.32
2026/10/10 18:25:23.462,GPU-4e7dc608-00fa-44a9-28c7-6a4948c1dae7,72093,97887,100,265.72
2026/10/10 18:25:23.997,GPU-4e7dc608-00fa-44a9-28c7-6a4948c1dae7,72093,97887,100,269.95
2026/10/10 18:25:24.530,GPU-4e7dc608-00fa-44a9-28c7-6a4948c1dae7,72093,97887,6,196.79
2026/10/10 18:25:25.061,GPU-4e7dc608-00fa-44a9-28c7-6a4948c1dae7,72093,97887,7,108.61
2026/10/10 18:25:25.594,GPU-4e7dc608-00fa-44a9-28c7-6a4948c1dae7,72093,97887,4,78.84
2026/10/10 18:25:26.125,GPU-4e7dc608-00fa-44a9-28c7-6a4948c1dae7,72093,97887,6,78.31
2026/10/10 18:25:26.657,GPU-4e7dc608-00fa-44a9-28c7-6a4948c1dae7,72093,97887,0,78.28
2026/10/10 18:25:27.189,GPU-4e7dc608-00fa-44a9-28c7-6a4948c1dae7,72093,97887,48,111.11
2026/10/10 18:25:27.722,GPU-4e7dc608-00fa-44a9-28c7-6a4948c1dae7,72093,97887,100,216.15
2026/10/10 18:25:28.254,GPU-4e7dc608-00fa-44a9-28c7-6a4948c1dae7,72093,97887,100,257.53
2026/10/10 18:25:28.786,GPU-4e7dc608-00fa-44a9-28c7-6a4948c1dae7,72093,97887,99,276.61
2026/10/10 18:25:29.318,GPU-4e7dc608-00fa-44a9-28c7-6a4948c1dae7,72093,97887,96,248.68
2026/10/10 18:25:29.849,GPU-4e7dc608-00fa-44a9-28c7-6a4948c1dae7,72093,97887,7,157.62
2026/10/10 18:25:30.382,GPU-4e7dc608-00fa-44a9-28c7-6a4948c1dae7,72093,97887,7,78.91
2026/10/10 18:25:30.913,GPU-4e7dc608-00fa-44a9-28c7-6a4948c1dae7,72093,97887,3,78.13
2026/10/10 18:25:31.445,GPU-4e7dc608-00fa-44a9-28c7-6a4948c1dae7,72093,97887,5,78.13
2026/10/10 18:25:31.977,GPU-4e7dc608-00fa-44a9-28c7-6a4948c1dae7,72093,97887,7,78.04
2026/10/10 18:25:32.509,GPU-4e7dc608-00fa-44a9-28c7-6a4948c1dae7,72093,97887,100,164.95
2026/10/10 18:25:33.039,GPU-4e7dc608-00fa-44a9-28c7-6a4948c1dae7,72093,97887,99,255.90
2026/10/10 18:25:33.571,GPU-4e7dc608-00fa-44a9-28c7-6a4948c1dae7,72093,97887,99,255.71
2026/10/10 18:25:34.103,GPU-4e7dc608-00fa-44a9-28c7-6a4948c1dae7,72093,97887,100,272.62
2026/10/10 18:25:34.635,GPU-4e7dc608-00fa-44a9-28c7-6a4948c1dae7,72093,97887,7,204.38
2026/10/10 18:25:35.175,GPU-4e7dc608-00fa-44a9-28c7-6a4948c1dae7,72093,97887,4,115.69
2026/10/10 18:25:35.725,GPU-4e7dc608-00fa-44a9-28c7-6a4948c1dae7,72093,97887,4,78.52
2026/10/10 18:25:36.263,GPU-4e7dc608-00fa-44a9-28c7-6a4948c1dae7,72093,97887,6,78.39
2026/10/10 18:25:36.793,GPU-4e7dc608-00fa-44a9-28c7-6a4948c1dae7,72093,97887,6,78.13
2026/10/10 18:25:37.324,GPU-4e7dc608-00fa-44a9-28c7-6a4948c1dae7,72093,97887,54,115.52
2026/10/10 18:25:37.855,GPU-4e7dc608-00fa-44a9-28c7-6a4948c1dae7,72093,97887,100,204.22
2026/10/10 18:25:38.388,GPU-4e7dc608-00fa-44a9-28c7-6a4948c1dae7,72093,97887,100,267.91
2026/10/10 18:25:38.922,GPU-4e7dc608-00fa-44a9-28c7-6a4948c1dae7,72093,97887,99,280.88
2026/10/10 18:25:39.455,GPU-4e7dc608-00fa-44a9-28c7-6a4948c1dae7,72093,97887,96,267.83
2026/10/10 18:25:39.996,GPU-4e7dc608-00fa-44a9-28c7-6a4948c1dae7,72093,97887,7,186.81
2026/10/10 18:25:40.528,GPU-4e7dc608-00fa-44a9-28c7-6a4948c1dae7,72093,97887,6,79.21
2026/10/10 18:25:41.060,GPU-4e7dc608-00fa-44a9-28c7-6a4948c1dae7,72093,97887,3,78.80
2026/10/10 18:25:41.592,GPU-4e7dc608-00fa-44a9-28c7-6a4948c1dae7,72093,97887,5,78.25
2026/10/10 18:25:42.131,GPU-4e7dc608-00fa-44a9-28c7-6a4948c1dae7,72093,97887,6,78.25
2026/10/10 18:25:42.662,GPU-4e7dc608-00fa-44a9-28c7-6a4948c1dae7,72093,97887,100,138.66
2026/10/10 18:25:43.194,GPU-4e7dc608-00fa-44a9-28c7-6a4948c1dae7,72093,97887,99,249.97
2026/10/10 18:25:43.729,GPU-4e7dc608-00fa-44a9-28c7-6a4948c1dae7,72093,97887,99,261.15
2026/10/10 18:25:44.263,GPU-4e7dc608-00fa-44a9-28c7-6a4948c1dae7,72093,97887,100,269.39
2026/10/10 18:25:44.798,GPU-4e7dc608-00fa-44a9-28c7-6a4948c1dae7,72093,97887,6,237.32
2026/10/10 18:25:45.330,GPU-4e7dc608-00fa-44a9-28c7-6a4948c1dae7,72093,97887,5,121.82
2026/10/10 18:25:45.862,GPU-4e7dc608-00fa-44a9-28c7-6a4948c1dae7,72093,97887,4,79.07
2026/10/10 18:25:46.393,GPU-4e7dc608-00fa-44a9-28c7-6a4948c1dae7,72093,97887,5,78.68
2026/10/10 18:25:46.926,GPU-4e7dc608-00fa-44a9-28c7-6a4948c1dae7,72093,97887,5,78.18
2026/10/10 18:25:47.457,GPU-4e7dc608-00fa-44a9-28c7-6a4948c1dae7,72093,97887,98,88.66
2026/10/10 18:25:47.990,GPU-4e7dc608-00fa-44a9-28c7-6a4948c1dae7,72093,97887,99,192.08
2026/10/10 18:25:48.522,GPU-4e7dc608-00fa-44a9-28c7-6a4948c1dae7,72093,97887,100,271.73
2026/10/10 18:25:49.056,GPU-4e7dc608-00fa-44a9-28c7-6a4948c1dae7,72093,97887,100,261.84
2026/10/10 18:25:49.588,GPU-4e7dc608-00fa-44a9-28c7-6a4948c1dae7,72093,97887,99,279.87
2026/10/10 18:25:50.120,GPU-4e7dc608-00fa-44a9-28c7-6a4948c1dae7,72093,97887,7,182.22
2026/10/10 18:25:50.651,GPU-4e7dc608-00fa-44a9-28c7-6a4948c1dae7,72093,97887,7,81.14
2026/10/10 18:25:51.184,GPU-4e7dc608-00fa-44a9-28c7-6a4948c1dae7,72093,97887,1,79.20
2026/10/10 18:25:51.715,GPU-4e7dc608-00fa-44a9-28c7-6a4948c1dae7,72093,97887,6,78.51
2026/10/10 18:25:52.246,GPU-4e7dc608-00fa-44a9-28c7-6a4948c1dae7,72093,97887,6,78.60
2026/10/10 18:25:52.781,GPU-4e7dc608-00fa-44a9-28c7-6a4948c1dae7,72093,97887,100,131.68
2026/10/10 18:25:53.313,GPU-4e7dc608-00fa-44a9-28c7-6a4948c1dae7,72093,97887,100,223.05
2026/10/10 18:25:53.846,GPU-4e7dc608-00fa-44a9-28c7-6a4948c1dae7,72093,97887,99,274.05
2026/10/10 18:25:54.378,GPU-4e7dc608-00fa-44a9-28c7-6a4948c1dae7,72093,97887,100,261.24
2026/10/10 18:25:54.910,GPU-4e7dc608-00fa-44a9-28c7-6a4948c1dae7,72093,97887,6,236.22
2026/10/10 18:25:55.443,GPU-4e7dc608-00fa-44a9-28c7-6a4948c1dae7,72093,97887,4,145.46
2026/10/10 18:25:55.973,GPU-4e7dc608-00fa-44a9-28c7-6a4948c1dae7,72093,97887,7,78.94
2026/10/10 18:25:56.506,GPU-4e7dc608-00fa-44a9-28c7-6a4948c1dae7,72093,97887,5,77.83
2026/10/10 18:25:57.038,GPU-4e7dc608-00fa-44a9-28c7-6a4948c1dae7,72093,97887,5,77.36
2026/10/10 18:25:57.569,GPU-4e7dc608-00fa-44a9-28c7-6a4948c1dae7,72093,97887,2,88.41
2026/10/10 18:25:58.102,GPU-4e7dc608-00fa-44a9-28c7-6a4948c1dae7,72093,97887,99,180.70
2026/10/10 18:25:58.638,GPU-4e7dc608-00fa-44a9-28c7-6a4948c1dae7,72093,97887,100,273.45
2026/10/10 18:25:59.169,GPU-4e7dc608-00fa-44a9-28c7-6a4948c1dae7,72093,97887,100,263.31
2026/10/10 18:25:59.700,GPU-4e7dc608-00fa-44a9-28c7-6a4948c1dae7,72093,97887,67,249.94
2026/10/10 18:26:00.230,GPU-4e7dc608-00fa-44a9-28c7-6a4948c1dae7,72093,97887,6,183.60
2026/10/10 18:26:00.763,GPU-4e7dc608-00fa-44a9-28c7-6a4948c1dae7,72093,97887,4,103.89
2026/10/10 18:26:01.296,GPU-4e7dc608-00fa-44a9-28c7-6a4948c1dae7,72093,97887,4,78.25
2026/10/10 18:26:01.827,GPU-4e7dc608-00fa-44a9-28c7-6a4948c1dae7,72093,97887,5,77.85
2026/10/10 18:26:02.358,GPU-4e7dc608-00fa-44a9-28c7-6a4948c1dae7,72093,97887,5,77.61
2026/10/10 18:26:02.889,GPU-4e7dc608-00fa-44a9-28c7-6a4948c1dae7,72093,97887,88,122.30
2026/10/10 18:26:03.421,GPU-4e7dc608-00fa-44a9-28c7-6a4948c1dae7,72093,97887,94,200.34
2026/10/10 18:26:03.959,GPU-4e7dc608-00fa-44a9-28c7-6a4948c1dae7,72093,97887,99,253.75
2026/10/10 18:26:04.493,GPU-4e7dc608-00fa-44a9-28c7-6a4948c1dae7,72093,97887,100,267.51
2026/10/10 18:26:05.030,GPU-4e7dc608-00fa-44a9-28c7-6a4948c1dae7,72093,97887,94,276.98
2026/10/10 18:26:05.571,GPU-4e7dc608-00fa-44a9-28c7-6a4948c1dae7,72093,97887,7,170.72
2026/10/10 18:26:06.110,GPU-4e7dc608-00fa-44a9-28c7-6a4948c1dae7,72093,97887,7,80.07
2026/10/10 18:26:06.642,GPU-4e7dc608-00fa-44a9-28c7-6a4948c1dae7,72093,97887,3,78.35
2026/10/10 18:26:07.174,GPU-4e7dc608-00fa-44a9-28c7-6a4948c1dae7,72093,97887,6,78.15
2026/10/10 18:26:07.704,GPU-4e7dc608-00fa-44a9-28c7-6a4948c1dae7,72093,97887,6,77.90
2026/10/10 18:26:08.236,GPU-4e7dc608-00fa-44a9-28c7-6a4948c1dae7,72093,97887,100,130.31
2026/10/10 18:26:08.767,GPU-4e7dc608-00fa-44a9-28c7-6a4948c1dae7,72093,97887,100,246.36
2026/10/10 18:26:09.300,GPU-4e7dc608-00fa-44a9-28c7-6a4948c1dae7,72093,97887,99,265.94
2026/10/10 18:26:09.830,GPU-4e7dc608-00fa-44a9-28c7-6a4948c1dae7,72093,97887,100,271.42
2026/10/10 18:26:10.363,GPU-4e7dc608-00fa-44a9-28c7-6a4948c1dae7,72093,97887,45,244.79
2026/10/10 18:26:10.895,GPU-4e7dc608-00fa-44a9-28c7-6a4948c1dae7,72093,97887,7,152.33
2026/10/10 18:26:11.428,GPU-4e7dc608-00fa-44a9-28c7-6a4948c1dae7,72093,97887,7,78.52
2026/10/10 18:26:11.958,GPU-4e7dc608-00fa-44a9-28c7-6a4948c1dae7,72093,97887,4,78.07
2026/10/10 18:26:12.500,GPU-4e7dc608-00fa-44a9-28c7-6a4948c1dae7,72093,97887,6,78.14
2026/10/10 18:26:13.031,GPU-4e7dc608-00fa-44a9-28c7-6a4948c1dae7,72093,97887,6,78.21
2026/10/10 18:26:13.564,GPU-4e7dc608-00fa-44a9-28c7-6a4948c1dae7,72093,97887,100,172.35
2026/10/10 18:26:14.097,GPU-4e7dc608-00fa-44a9-28c7-6a4948c1dae7,72093,97887,94,252.26
2026/10/10 18:26:14.631,GPU-4e7dc608-00fa-44a9-28c7-6a4948c1dae7,72093,97887,100,256.57
2026/10/10 18:26:15.163,GPU-4e7dc608-00fa-44a9-28c7-6a4948c1dae7,72093,97887,100,259.44
2026/10/10 18:26:15.696,GPU-4e7dc608-00fa-44a9-28c7-6a4948c1dae7,72093,97887,6,203.98
2026/10/10 18:26:16.227,GPU-4e7dc608-00fa-44a9-28c7-6a4948c1dae7,72093,97887,7,145.24
2026/10/10 18:26:16.759,GPU-4e7dc608-00fa-44a9-28c7-6a4948c1dae7,72093,97887,5,78.63
2026/10/10 18:26:17.291,GPU-4e7dc608-00fa-44a9-28c7-6a4948c1dae7,72093,97887,6,77.94
2026/10/10 18:26:17.822,GPU-4e7dc608-00fa-44a9-28c7-6a4948c1dae7,72093,97887,7,77.86
2026/10/10 18:26:18.353,GPU-4e7dc608-00fa-44a9-28c7-6a4948c1dae7,72093,97887,42,104.47
2026/10/10 18:26:18.887,GPU-4e7dc608-00fa-44a9-28c7-6a4948c1dae7,72093,97887,100,193.52
2026/10/10 18:26:19.419,GPU-4e7dc608-00fa-44a9-28c7-6a4948c1dae7,72093,97887,97,264.35
2026/10/10 18:26:19.952,GPU-4e7dc608-00fa-44a9-28c7-6a4948c1dae7,72093,97887,100,254.06
2026/10/10 18:26:20.484,GPU-4e7dc608-00fa-44a9-28c7-6a4948c1dae7,72093,97887,100,263.00
2026/10/10 18:26:21.018,GPU-4e7dc608-00fa-44a9-28c7-6a4948c1dae7,72093,97887,7,201.60
2026/10/10 18:26:21.550,GPU-4e7dc608-00fa-44a9-28c7-6a4948c1dae7,72093,97887,7,79.00
2026/10/10 18:26:22.083,GPU-4e7dc608-00fa-44a9-28c7-6a4948c1dae7,72093,97887,0,78.17
2026/10/10 18:26:22.614,GPU-4e7dc608-00fa-44a9-28c7-6a4948c1dae7,72093,97887,5,77.83
2026/10/10 18:26:23.146,GPU-4e7dc608-00fa-44a9-28c7-6a4948c1dae7,72093,97887,2,78.32
2026/10/10 18:26:23.680,GPU-4e7dc608-00fa-44a9-28c7-6a4948c1dae7,72093,97887,94,133.60
2026/10/10 18:26:24.211,GPU-4e7dc608-00fa-44a9-28c7-6a4948c1dae7,72093,97887,100,222.16
2026/10/10 18:26:24.747,GPU-4e7dc608-00fa-44a9-28c7-6a4948c1dae7,72093,97887,95,251.40
2026/10/10 18:26:25.327,GPU-4e7dc608-00fa-44a9-28c7-6a4948c1dae7,72093,97887,100,268.57
2026/10/10 18:26:25.877,GPU-4e7dc608-00fa-44a9-28c7-6a4948c1dae7,72093,97887,6,238.09
2026/10/10 18:26:26.408,GPU-4e7dc608-00fa-44a9-28c7-6a4948c1dae7,72093,97887,7,155.34
2026/10/10 18:26:26.937,GPU-4e7dc608-00fa-44a9-28c7-6a4948c1dae7,72093,97887,7,78.66
2026/10/10 18:26:27.468,GPU-4e7dc608-00fa-44a9-28c7-6a4948c1dae7,72093,97887,5,78.19
2026/10/10 18:26:27.999,GPU-4e7dc608-00fa-44a9-28c7-6a4948c1dae7,72093,97887,4,77.96
2026/10/10 18:26:28.531,GPU-4e7dc608-00fa-44a9-28c7-6a4948c1dae7,72093,97887,0,77.99
2026/10/10 18:26:29.063,GPU-4e7dc608-00fa-44a9-28c7-6a4948c1dae7,72093,97887,94,173.07
2026/10/10 18:26:29.594,GPU-4e7dc608-00fa-44a9-28c7-6a4948c1dae7,72093,97887,100,246.43
2026/10/10 18:26:30.125,GPU-4e7dc608-00fa-44a9-28c7-6a4948c1dae7,72093,97887,100,248.16
2026/10/10 18:26:30.663,GPU-4e7dc608-00fa-44a9-28c7-6a4948c1dae7,72093,97887,99,268.35
2026/10/10 18:26:31.195,GPU-4e7dc608-00fa-44a9-28c7-6a4948c1dae7,72093,97887,6,226.49
2026/10/10 18:26:31.727,GPU-4e7dc608-00fa-44a9-28c7-6a4948c1dae7,72093,97887,4,122.05
2026/10/10 18:26:32.262,GPU-4e7dc608-00fa-44a9-28c7-6a4948c1dae7,72093,97887,5,78.44
2026/10/10 18:26:32.815,GPU-4e7dc608-00fa-44a9-28c7-6a4948c1dae7,72093,97887,5,77.81
2026/10/10 18:26:33.346,GPU-4e7dc608-00fa-44a9-28c7-6a4948c1dae7,72093,97887,0,78.45
2026/10/10 18:26:33.879,GPU-4e7dc608-00fa-44a9-28c7-6a4948c1dae7,72093,97887,100,120.47
2026/10/10 18:26:34.418,GPU-4e7dc608-00fa-44a9-28c7-6a4948c1dae7,72093,97887,100,207.54
2026/10/10 18:26:34.955,GPU-4e7dc608-00fa-44a9-28c7-6a4948c1dae7,72093,97887,100,266.65
2026/10/10 18:26:35.506,GPU-4e7dc608-00fa-44a9-28c7-6a4948c1dae7,72093,97887,100,261.84
2026/10/10 18:26:36.052,GPU-4e7dc608-00fa-44a9-28c7-6a4948c1dae7,72093,97887,94,278.21
2026/10/10 18:26:36.583,GPU-4e7dc608-00fa-44a9-28c7-6a4948c1dae7,72093,97887,7,182.68
2026/10/10 18:26:37.115,GPU-4e7dc608-00fa-44a9-28c7-6a4948c1dae7,72093,97887,7,78.42
2026/10/10 18:26:37.646,GPU-4e7dc608-00fa-44a9-28c7-6a4948c1dae7,72093,97887,2,78.23
2026/10/10 18:26:38.178,GPU-4e7dc608-00fa-44a9-28c7-6a4948c1dae7,72093,97887,0,77.84
2026/10/10 18:26:38.711,GPU-4e7dc608-00fa-44a9-28c7-6a4948c1dae7,72093,97887,5,77.51
2026/10/10 18:26:39.244,GPU-4e7dc608-00fa-44a9-28c7-6a4948c1dae7,72093,97887,5,78.14
2026/10/10 18:26:39.778,GPU-4e7dc608-00fa-44a9-28c7-6a4948c1dae7,72093,97887,2,78.27
2026/10/10 18:26:40.318,GPU-4e7dc608-00fa-44a9-28c7-6a4948c1dae7,72093,97887,94,153.67
2026/10/10 18:26:40.852,GPU-4e7dc608-00fa-44a9-28c7-6a4948c1dae7,72093,97887,100,260.13
2026/10/10 18:26:41.388,GPU-4e7dc608-00fa-44a9-28c7-6a4948c1dae7,72093,97887,93,277.17
2026/10/10 18:26:41.920,GPU-4e7dc608-00fa-44a9-28c7-6a4948c1dae7,72093,97887,100,269.53
2026/10/10 18:26:42.456,GPU-4e7dc608-00fa-44a9-28c7-6a4948c1dae7,72093,97887,6,224.04
2026/10/10 18:26:42.990,GPU-4e7dc608-00fa-44a9-28c7-6a4948c1dae7,72093,97887,4,115.31
2026/10/10 18:26:43.521,GPU-4e7dc608-00fa-44a9-28c7-6a4948c1dae7,72093,97887,2,78.47
2026/10/10 18:26:44.054,GPU-4e7dc608-00fa-44a9-28c7-6a4948c1dae7,72093,97887,5,78.13
2026/10/10 18:26:44.587,GPU-4e7dc608-00fa-44a9-28c7-6a4948c1dae7,72093,97887,6,78.06
2026/10/10 18:26:45.120,GPU-4e7dc608-00fa-44a9-28c7-6a4948c1dae7,72093,97887,35,88.39
2026/10/10 18:26:45.653,GPU-4e7dc608-00fa-44a9-28c7-6a4948c1dae7,72093,97887,100,178.64
2026/10/10 18:26:46.186,GPU-4e7dc608-00fa-44a9-28c7-6a4948c1dae7,72093,97887,94,276.88
2026/10/10 18:26:46.720,GPU-4e7dc608-00fa-44a9-28c7-6a4948c1dae7,72093,97887,100,261.36
2026/10/10 18:26:47.252,GPU-4e7dc608-00fa-44a9-28c7-6a4948c1dae7,72093,97887,100,265.86
2026/10/10 18:26:47.796,GPU-4e7dc608-00fa-44a9-28c7-6a4948c1dae7,72093,97887,6,193.02
2026/10/10 18:26:48.328,GPU-4e7dc608-00fa-44a9-28c7-6a4948c1dae7,72093,97887,7,116.99
2026/10/10 18:26:48.860,GPU-4e7dc608-00fa-44a9-28c7-6a4948c1dae7,72093,97887,4,78.48
2026/10/10 18:26:49.392,GPU-4e7dc608-00fa-44a9-28c7-6a4948c1dae7,72093,97887,6,77.74
2026/10/10 18:26:49.925,GPU-4e7dc608-00fa-44a9-28c7-6a4948c1dae7,72093,97887,3,78.10
2026/10/10 18:26:50.456,GPU-4e7dc608-00fa-44a9-28c7-6a4948c1dae7,72093,97887,86,123.73
2026/10/10 18:26:50.988,GPU-4e7dc608-00fa-44a9-28c7-6a4948c1dae7,72093,97887,100,209.28
2026/10/10 18:26:51.522,GPU-4e7dc608-00fa-44a9-28c7-6a4948c1dae7,72093,97887,100,245.44
2026/10/10 18:26:52.062,GPU-4e7dc608-00fa-44a9-28c7-6a4948c1dae7,72093,97887,94,260.80
2026/10/10 18:26:52.595,GPU-4e7dc608-00fa-44a9-28c7-6a4948c1dae7,72093,97887,100,252.07
2026/10/10 18:26:53.129,GPU-4e7dc608-00fa-44a9-28c7-6a4948c1dae7,72093,97887,6,175.46
2026/10/10 18:26:53.661,GPU-4e7dc608-00fa-44a9-28c7-6a4948c1dae7,72093,97887,7,81.99
2026/10/10 18:26:54.196,GPU-4e7dc608-00fa-44a9-28c7-6a4948c1dae7,72093,97887,1,78.34
2026/10/10 18:26:54.729,GPU-4e7dc608-00fa-44a9-28c7-6a4948c1dae7,72093,97887,4,78.33
2026/10/10 18:26:55.261,GPU-4e7dc608-00fa-44a9-28c7-6a4948c1dae7,72093,97887,5,78.38
2026/10/10 18:26:55.795,GPU-4e7dc608-00fa-44a9-28c7-6a4948c1dae7,72093,97887,94,160.80
2026/10/10 18:26:56.328,GPU-4e7dc608-00fa-44a9-28c7-6a4948c1dae7,72093,97887,100,250.29
2026/10/10 18:26:56.860,GPU-4e7dc608-00fa-44a9-28c7-6a4948c1dae7,72093,97887,100,268.70
2026/10/10 18:26:57.392,GPU-4e7dc608-00fa-44a9-28c7-6a4948c1dae7,72093,97887,94,255.93
2026/10/10 18:26:57.925,GPU-4e7dc608-00fa-44a9-28c7-6a4948c1dae7,72093,97887,6,244.14
2026/10/10 18:26:58.460,GPU-4e7dc608-00fa-44a9-28c7-6a4948c1dae7,72093,97887,7,150.78
2026/10/10 18:26:58.990,GPU-4e7dc608-00fa-44a9-28c7-6a4948c1dae7,72093,97887,7,78.86
2026/10/10 18:26:59.524,GPU-4e7dc608-00fa-44a9-28c7-6a4948c1dae7,72093,97887,5,78.00
2026/10/10 18:27:00.057,GPU-4e7dc608-00fa-44a9-28c7-6a4948c1dae7,72093,97887,4,78.36
2026/10/10 18:27:00.588,GPU-4e7dc608-00fa-44a9-28c7-6a4948c1dae7,72093,97887,0,89.21
2026/10/10 18:27:01.122,GPU-4e7dc608-00fa-44a9-28c7-6a4948c1dae7,72093,97887,97,168.94
2026/10/10 18:27:01.662,GPU-4e7dc608-00fa-44a9-28c7-6a4948c1dae7,72093,97887,94,254.86
2026/10/10 18:27:02.195,GPU-4e7dc608-00fa-44a9-28c7-6a4948c1dae7,72093,97887,100,260.68
2026/10/10 18:27:02.728,GPU-4e7dc608-00fa-44a9-28c7-6a4948c1dae7,72093,97887,94,270.79
2026/10/10 18:27:03.261,GPU-4e7dc608-00fa-44a9-28c7-6a4948c1dae7,72093,97887,6,205.15
2026/10/10 18:27:03.794,GPU-4e7dc608-00fa-44a9-28c7-6a4948c1dae7,72093,97887,7,102.50
2026/10/10 18:27:04.326,GPU-4e7dc608-00fa-44a9-28c7-6a4948c1dae7,72093,97887,1,78.25
2026/10/10 18:27:04.858,GPU-4e7dc608-00fa-44a9-28c7-6a4948c1dae7,72093,97887,7,78.44
2026/10/10 18:27:05.405,GPU-4e7dc608-00fa-44a9-28c7-6a4948c1dae7,72093,97887,0,78.06
2026/10/10 18:27:05.957,GPU-4e7dc608-00fa-44a9-28c7-6a4948c1dae7,72093,97887,96,119.60
2026/10/10 18:27:06.498,GPU-4e7dc608-00fa-44a9-28c7-6a4948c1dae7,72093,97887,100,230.27
2026/10/10 18:27:07.034,GPU-4e7dc608-00fa-44a9-28c7-6a4948c1dae7,72093,97887,94,278.54
2026/10/10 18:27:07.567,GPU-4e7dc608-00fa-44a9-28c7-6a4948c1dae7,72093,97887,100,284.66
2026/10/10 18:27:08.101,GPU-4e7dc608-00fa-44a9-28c7-6a4948c1dae7,72093,97887,25,247.38
2026/10/10 18:27:08.639,GPU-4e7dc608-00fa-44a9-28c7-6a4948c1dae7,72093,97887,6,154.29
2026/10/10 18:27:09.171,GPU-4e7dc608-00fa-44a9-28c7-6a4948c1dae7,72093,97887,7,78.85
2026/10/10 18:27:09.728,GPU-4e7dc608-00fa-44a9-28c7-6a4948c1dae7,72093,97887,5,77.97
2026/10/10 18:27:10.272,GPU-4e7dc608-00fa-44a9-28c7-6a4948c1dae7,72093,97887,6,78.10
2026/10/10 18:27:10.827,GPU-4e7dc608-00fa-44a9-28c7-6a4948c1dae7,72093,97887,2,78.37
2026/10/10 18:27:11.359,GPU-4e7dc608-00fa-44a9-28c7-6a4948c1dae7,72093,97887,94,161.75
2026/10/10 18:27:11.895,GPU-4e7dc608-00fa-44a9-28c7-6a4948c1dae7,72093,97887,100,254.46
2026/10/10 18:27:12.436,GPU-4e7dc608-00fa-44a9-28c7-6a4948c1dae7,72093,97887,94,269.31
2026/10/10 18:27:12.968,GPU-4e7dc608-00fa-44a9-28c7-6a4948c1dae7,72093,97887,100,265.78
2026/10/10 18:27:13.500,GPU-4e7dc608-00fa-44a9-28c7-6a4948c1dae7,72093,97887,6,196.24
2026/10/10 18:27:14.033,GPU-4e7dc608-00fa-44a9-28c7-6a4948c1dae7,72093,97887,4,116.83
2026/10/10 18:27:14.567,GPU-4e7dc608-00fa-44a9-28c7-6a4948c1dae7,72093,97887,5,78.73
2026/10/10 18:27:15.101,GPU-4e7dc608-00fa-44a9-28c7-6a4948c1dae7,72093,97887,5,77.97
2026/10/10 18:27:15.633,GPU-4e7dc608-00fa-44a9-28c7-6a4948c1dae7,72093,97887,2,78.21
2026/10/10 18:27:16.167,GPU-4e7dc608-00fa-44a9-28c7-6a4948c1dae7,72093,97887,100,106.70
2026/10/10 18:27:16.702,GPU-4e7dc608-00fa-44a9-28c7-6a4948c1dae7,72093,97887,94,218.60
2026/10/10 18:27:17.234,GPU-4e7dc608-00fa-44a9-28c7-6a4948c1dae7,72093,97887,100,257.19
2026/10/10 18:27:17.770,GPU-4e7dc608-00fa-44a9-28c7-6a4948c1dae7,72093,97887,94,252.28
2026/10/10 18:27:18.304,GPU-4e7dc608-00fa-44a9-28c7-6a4948c1dae7,72093,97887,100,268.97
2026/10/10 18:27:18.838,GPU-4e7dc608-00fa-44a9-28c7-6a4948c1dae7,72093,97887,7,188.11
2026/10/10 18:27:19.372,GPU-4e7dc608-00fa-44a9-28c7-6a4948c1dae7,72093,97887,7,102.95
2026/10/10 18:27:19.904,GPU-4e7dc608-00fa-44a9-28c7-6a4948c1dae7,72093,97887,2,78.15
2026/10/10 18:27:20.437,GPU-4e7dc608-00fa-44a9-28c7-6a4948c1dae7,72093,97887,7,78.01
2026/10/10 18:27:20.968,GPU-4e7dc608-00fa-44a9-28c7-6a4948c1dae7,72093,97887,7,78.00
2026/10/10 18:27:21.501,GPU-4e7dc608-00fa-44a9-28c7-6a4948c1dae7,72093,97887,100,152.40
2026/10/10 18:27:22.034,GPU-4e7dc608-00fa-44a9-28c7-6a4948c1dae7,72093,97887,94,253.63
2026/10/10 18:27:22.565,GPU-4e7dc608-00fa-44a9-28c7-6a4948c1dae7,72093,97887,100,262.00
2026/10/10 18:27:23.102,GPU-4e7dc608-00fa-44a9-28c7-6a4948c1dae7,72093,97887,100,273.44
2026/10/10 18:27:23.636,GPU-4e7dc608-00fa-44a9-28c7-6a4948c1dae7,72093,97887,52,242.26
2026/10/10 18:27:24.169,GPU-4e7dc608-00fa-44a9-28c7-6a4948c1dae7,72093,97887,7,151.21
2026/10/10 18:27:24.701,GPU-4e7dc608-00fa-44a9-28c7-6a4948c1dae7,72093,97887,7,78.87
2026/10/10 18:27:25.234,GPU-4e7dc608-00fa-44a9-28c7-6a4948c1dae7,72093,97887,5,78.57
2026/10/10 18:27:25.765,GPU-4e7dc608-00fa-44a9-28c7-6a4948c1dae7,72093,97887,6,78.94
2026/10/10 18:27:26.298,GPU-4e7dc608-00fa-44a9-28c7-6a4948c1dae7,72093,97887,4,78.62
2026/10/10 18:27:26.830,GPU-4e7dc608-00fa-44a9-28c7-6a4948c1dae7,72093,97887,100,171.57
2026/10/10 18:27:27.364,GPU-4e7dc608-00fa-44a9-28c7-6a4948c1dae7,72093,97887,100,256.14
2026/10/10 18:27:27.897,GPU-4e7dc608-00fa-44a9-28c7-6a4948c1dae7,72093,97887,94,269.62
2026/10/10 18:27:28.430,GPU-4e7dc608-00fa-44a9-28c7-6a4948c1dae7,72093,97887,100,259.95
2026/10/10 18:27:28.964,GPU-4e7dc608-00fa-44a9-28c7-6a4948c1dae7,72093,97887,7,211.47
2026/10/10 18:27:29.499,GPU-4e7dc608-00fa-44a9-28c7-6a4948c1dae7,72093,97887,4,122.20
2026/10/10 18:27:30.032,GPU-4e7dc608-00fa-44a9-28c7-6a4948c1dae7,72093,97887,5,78.63
2026/10/10 18:27:30.565,GPU-4e7dc608-00fa-44a9-28c7-6a4948c1dae7,72093,97887,4,78.66
2026/10/10 18:27:31.096,GPU-4e7dc608-00fa-44a9-28c7-6a4948c1dae7,72093,97887,3,78.19
2026/10/10 18:27:31.629,GPU-4e7dc608-00fa-44a9-28c7-6a4948c1dae7,72093,97887,100,122.55
2026/10/10 18:27:32.163,GPU-4e7dc608-00fa-44a9-28c7-6a4948c1dae7,72093,97887,94,217.70
2026/10/10 18:27:32.698,GPU-4e7dc608-00fa-44a9-28c7-6a4948c1dae7,72093,97887,100,275.54
2026/10/10 18:27:33.235,GPU-4e7dc608-00fa-44a9-28c7-6a4948c1dae7,72093,97887,94,275.18
2026/10/10 18:27:33.768,GPU-4e7dc608-00fa-44a9-28c7-6a4948c1dae7,72093,97887,100,266.78
2026/10/10 18:27:34.302,GPU-4e7dc608-00fa-44a9-28c7-6a4948c1dae7,72093,97887,7,168.43
2026/10/10 18:27:34.841,GPU-4e7dc608-00fa-44a9-28c7-6a4948c1dae7,72093,97887,7,79.10
2026/10/10 18:27:35.386,GPU-4e7dc608-00fa-44a9-28c7-6a4948c1dae7,72093,97887,2,78.66
2026/10/10 18:27:35.925,GPU-4e7dc608-00fa-44a9-28c7-6a4948c1dae7,72093,97887,4,78.70
2026/10/10 18:27:36.457,GPU-4e7dc608-00fa-44a9-28c7-6a4948c1dae7,72093,97887,7,79.03
2026/10/10 18:27:36.991,GPU-4e7dc608-00fa-44a9-28c7-6a4948c1dae7,72093,97887,100,146.35
2026/10/10 18:27:37.522,GPU-4e7dc608-00fa-44a9-28c7-6a4948c1dae7,72093,97887,94,261.13
2026/10/10 18:27:38.056,GPU-4e7dc608-00fa-44a9-28c7-6a4948c1dae7,72093,97887,100,270.30
2026/10/10 18:27:38.589,GPU-4e7dc608-00fa-44a9-28c7-6a4948c1dae7,72093,97887,94,258.62
2026/10/10 18:27:39.123,GPU-4e7dc608-00fa-44a9-28c7-6a4948c1dae7,72093,97887,6,218.75
2026/10/10 18:27:39.669,GPU-4e7dc608-00fa-44a9-28c7-6a4948c1dae7,72093,97887,7,145.04
2026/10/10 18:27:40.208,GPU-4e7dc608-00fa-44a9-28c7-6a4948c1dae7,72093,97887,5,79.14
2026/10/10 18:27:40.746,GPU-4e7dc608-00fa-44a9-28c7-6a4948c1dae7,72093,97887,7,78.97
2026/10/10 18:27:41.279,GPU-4e7dc608-00fa-44a9-28c7-6a4948c1dae7,72093,97887,7,78.98
2026/10/10 18:27:41.813,GPU-4e7dc608-00fa-44a9-28c7-6a4948c1dae7,72093,97887,34,87.86
2026/10/10 18:27:42.347,GPU-4e7dc608-00fa-44a9-28c7-6a4948c1dae7,72093,97887,100,192.87
2026/10/10 18:27:42.881,GPU-4e7dc608-00fa-44a9-28c7-6a4948c1dae7,72093,97887,95,275.99
2026/10/10 18:27:43.433,GPU-4e7dc608-00fa-44a9-28c7-6a4948c1dae7,72093,97887,100,254.62
2026/10/10 18:27:43.968,GPU-4e7dc608-00fa-44a9-28c7-6a4948c1dae7,72093,97887,100,255.21
2026/10/10 18:27:44.501,GPU-4e7dc608-00fa-44a9-28c7-6a4948c1dae7,72093,97887,6,201.22
2026/10/10 18:27:45.035,GPU-4e7dc608-00fa-44a9-28c7-6a4948c1dae7,72093,97887,7,79.19
2026/10/10 18:27:45.567,GPU-4e7dc608-00fa-44a9-28c7-6a4948c1dae7,72093,97887,0,79.18
2026/10/10 18:27:46.099,GPU-4e7dc608-00fa-44a9-28c7-6a4948c1dae7,72093,97887,5,78.90
2026/10/10 18:27:46.631,GPU-4e7dc608-00fa-44a9-28c7-6a4948c1dae7,72093,97887,4,78.73
2026/10/10 18:27:47.164,GPU-4e7dc608-00fa-44a9-28c7-6a4948c1dae7,72093,97887,94,132.68
2026/10/10 18:27:47.702,GPU-4e7dc608-00fa-44a9-28c7-6a4948c1dae7,72093,97887,99,222.32
2026/10/10 18:27:48.235,GPU-4e7dc608-00fa-44a9-28c7-6a4948c1dae7,72093,97887,100,268.78
2026/10/10 18:27:48.768,GPU-4e7dc608-00fa-44a9-28c7-6a4948c1dae7,72093,97887,94,274.20
2026/10/10 18:27:49.302,GPU-4e7dc608-00fa-44a9-28c7-6a4948c1dae7,72093,97887,100,258.36
2026/10/10 18:27:49.835,GPU-4e7dc608-00fa-44a9-28c7-6a4948c1dae7,72093,97887,7,150.69
2026/10/10 18:27:50.368,GPU-4e7dc608-00fa-44a9-28c7-6a4948c1dae7,72093,97887,7,78.74
2026/10/10 18:27:50.901,GPU-4e7dc608-00fa-44a9-28c7-6a4948c1dae7,72093,97887,2,78.16
2026/10/10 18:27:51.433,GPU-4e7dc608-00fa-44a9-28c7-6a4948c1dae7,72093,97887,5,78.37
2026/10/10 18:27:51.967,GPU-4e7dc608-00fa-44a9-28c7-6a4948c1dae7,72093,97887,0,88.39
2026/10/10 18:27:52.500,GPU-4e7dc608-00fa-44a9-28c7-6a4948c1dae7,72093,97887,100,174.12
2026/10/10 18:27:53.035,GPU-4e7dc608-00fa-44a9-28c7-6a4948c1dae7,72093,97887,94,268.35
2026/10/10 18:27:53.569,GPU-4e7dc608-00fa-44a9-28c7-6a4948c1dae7,72093,97887,100,262.64
2026/10/10 18:27:54.102,GPU-4e7dc608-00fa-44a9-28c7-6a4948c1dae7,72093,97887,100,262.77
2026/10/10 18:27:54.640,GPU-4e7dc608-00fa-44a9-28c7-6a4948c1dae7,72093,97887,6,184.92
2026/10/10 18:27:55.174,GPU-4e7dc608-00fa-44a9-28c7-6a4948c1dae7,72093,97887,7,106.89
2026/10/10 18:27:55.725,GPU-4e7dc608-00fa-44a9-28c7-6a4948c1dae7,72093,97887,5,78.56
2026/10/10 18:27:56.263,GPU-4e7dc608-00fa-44a9-28c7-6a4948c1dae7,72093,97887,4,78.70
2026/10/10 18:27:56.795,GPU-4e7dc608-00fa-44a9-28c7-6a4948c1dae7,72093,97887,7,78.30
2026/10/10 18:27:57.327,GPU-4e7dc608-00fa-44a9-28c7-6a4948c1dae7,72093,97887,100,125.71
2026/10/10 18:27:57.862,GPU-4e7dc608-00fa-44a9-28c7-6a4948c1dae7,72093,97887,94,241.23
2026/10/10 18:27:58.394,GPU-4e7dc608-00fa-44a9-28c7-6a4948c1dae7,72093,97887,100,277.33
2026/10/10 18:27:58.927,GPU-4e7dc608-00fa-44a9-28c7-6a4948c1dae7,72093,97887,100,259.90
2026/10/10 18:27:59.461,GPU-4e7dc608-00fa-44a9-28c7-6a4948c1dae7,72093,97887,96,240.40
2026/10/10 18:27:59.993,GPU-4e7dc608-00fa-44a9-28c7-6a4948c1dae7,72093,97887,7,155.49
2026/10/10 18:28:00.528,GPU-4e7dc608-00fa-44a9-28c7-6a4948c1dae7,72093,97887,7,78.59
2026/10/10 18:28:01.061,GPU-4e7dc608-00fa-44a9-28c7-6a4948c1dae7,72093,97887,3,78.31
2026/10/10 18:28:01.595,GPU-4e7dc608-00fa-44a9-28c7-6a4948c1dae7,72093,97887,7,78.00
2026/10/10 18:28:02.127,GPU-4e7dc608-00fa-44a9-28c7-6a4948c1dae7,72093,97887,5,77.85
2026/10/10 18:28:02.661,GPU-4e7dc608-00fa-44a9-28c7-6a4948c1dae7,72093,97887,100,170.04
2026/10/10 18:28:03.194,GPU-4e7dc608-00fa-44a9-28c7-6a4948c1dae7,72093,97887,94,249.50
2026/10/10 18:28:03.732,GPU-4e7dc608-00fa-44a9-28c7-6a4948c1dae7,72093,97887,95,259.43
2026/10/10 18:28:04.268,GPU-4e7dc608-00fa-44a9-28c7-6a4948c1dae7,72093,97887,100,273.19
2026/10/10 18:28:04.801,GPU-4e7dc608-00fa-44a9-28c7-6a4948c1dae7,72093,97887,7,225.35
2026/10/10 18:28:05.347,GPU-4e7dc608-00fa-44a9-28c7-6a4948c1dae7,72093,97887,7,116.22
2026/10/10 18:28:05.888,GPU-4e7dc608-00fa-44a9-28c7-6a4948c1dae7,72093,97887,4,78.80
2026/10/10 18:28:06.420,GPU-4e7dc608-00fa-44a9-28c7-6a4948c1dae7,72093,97887,4,78.33
2026/10/10 18:28:06.952,GPU-4e7dc608-00fa-44a9-28c7-6a4948c1dae7,72093,97887,4,78.10
2026/10/10 18:28:07.485,GPU-4e7dc608-00fa-44a9-28c7-6a4948c1dae7,72093,97887,100,116.44
2026/10/10 18:28:08.017,GPU-4e7dc608-00fa-44a9-28c7-6a4948c1dae7,72093,97887,98,209.80
2026/10/10 18:28:08.550,GPU-4e7dc608-00fa-44a9-28c7-6a4948c1dae7,72093,97887,100,255.65
2026/10/10 18:28:09.087,GPU-4e7dc608-00fa-44a9-28c7-6a4948c1dae7,72093,97887,94,271.08
2026/10/10 18:28:09.624,GPU-4e7dc608-00fa-44a9-28c7-6a4948c1dae7,72093,97887,100,283.89
2026/10/10 18:28:10.158,GPU-4e7dc608-00fa-44a9-28c7-6a4948c1dae7,72093,97887,7,169.72
2026/10/10 18:28:10.693,GPU-4e7dc608-00fa-44a9-28c7-6a4948c1dae7,72093,97887,7,79.65
2026/10/10 18:28:11.226,GPU-4e7dc608-00fa-44a9-28c7-6a4948c1dae7,72093,97887,2,78.58
2026/10/10 18:28:11.760,GPU-4e7dc608-00fa-44a9-28c7-6a4948c1dae7,72093,97887,4,78.31
2026/10/10 18:28:12.297,GPU-4e7dc608-00fa-44a9-28c7-6a4948c1dae7,72093,97887,7,77.90
2026/10/10 18:28:12.830,GPU-4e7dc608-00fa-44a9-28c7-6a4948c1dae7,72093,97887,100,143.40
2026/10/10 18:28:13.364,GPU-4e7dc608-00fa-44a9-28c7-6a4948c1dae7,72093,97887,95,259.12
2026/10/10 18:28:13.898,GPU-4e7dc608-00fa-44a9-28c7-6a4948c1dae7,72093,97887,100,270.08
2026/10/10 18:28:14.430,GPU-4e7dc608-00fa-44a9-28c7-6a4948c1dae7,72093,97887,94,256.06
2026/10/10 18:28:14.964,GPU-4e7dc608-00fa-44a9-28c7-6a4948c1dae7,72093,97887,6,225.60
2026/10/10 18:28:15.497,GPU-4e7dc608-00fa-44a9-28c7-6a4948c1dae7,72093,97887,7,144.87
2026/10/10 18:28:16.029,GPU-4e7dc608-00fa-44a9-28c7-6a4948c1dae7,72093,97887,6,78.46
2026/10/10 18:28:16.562,GPU-4e7dc608-00fa-44a9-28c7-6a4948c1dae7,72093,97887,7,78.43
2026/10/10 18:28:17.095,GPU-4e7dc608-00fa-44a9-28c7-6a4948c1dae7,72093,97887,7,78.10
2026/10/10 18:28:17.628,GPU-4e7dc608-00fa-44a9-28c7-6a4948c1dae7,72093,97887,54,91.65
2026/10/10 18:28:18.165,GPU-4e7dc608-00fa-44a9-28c7-6a4948c1dae7,72093,97887,100,214.24
2026/10/10 18:28:18.702,GPU-4e7dc608-00fa-44a9-28c7-6a4948c1dae7,72093,97887,100,263.15
2026/10/10 18:28:19.236,GPU-4e7dc608-00fa-44a9-28c7-6a4948c1dae7,72093,97887,95,264.17
2026/10/10 18:28:19.772,GPU-4e7dc608-00fa-44a9-28c7-6a4948c1dae7,72093,97887,100,255.89
2026/10/10 18:28:20.305,GPU-4e7dc608-00fa-44a9-28c7-6a4948c1dae7,72093,97887,7,199.32
2026/10/10 18:28:20.838,GPU-4e7dc608-00fa-44a9-28c7-6a4948c1dae7,72093,97887,7,104.35
2026/10/10 18:28:21.371,GPU-4e7dc608-00fa-44a9-28c7-6a4948c1dae7,72093,97887,0,78.35
2026/10/10 18:28:21.903,GPU-4e7dc608-00fa-44a9-28c7-6a4948c1dae7,72093,97887,0,77.57
2026/10/10 18:28:22.434,GPU-4e7dc608-00fa-44a9-28c7-6a4948c1dae7,72093,97887,0,77.33
2026/10/10 18:28:22.966,GPU-4e7dc608-00fa-44a9-28c7-6a4948c1dae7,72093,97887,6,78.77
2026/10/10 18:28:23.498,GPU-4e7dc608-00fa-44a9-28c7-6a4948c1dae7,72093,97887,0,78.57
2026/10/10 18:28:24.031,GPU-4e7dc608-00fa-44a9-28c7-6a4948c1dae7,72093,97887,100,120.55
2026/10/10 18:28:24.563,GPU-4e7dc608-00fa-44a9-28c7-6a4948c1dae7,72093,97887,95,222.60
2026/10/10 18:28:25.096,GPU-4e7dc608-00fa-44a9-28c7-6a4948c1dae7,72093,97887,95,258.47
2026/10/10 18:28:25.629,GPU-4e7dc608-00fa-44a9-28c7-6a4948c1dae7,72093,97887,100,260.54
2026/10/10 18:28:26.162,GPU-4e7dc608-00fa-44a9-28c7-6a4948c1dae7,72093,97887,65,251.01
2026/10/10 18:28:26.695,GPU-4e7dc608-00fa-44a9-28c7-6a4948c1dae7,72093,97887,7,174.66
2026/10/10 18:28:27.228,GPU-4e7dc608-00fa-44a9-28c7-6a4948c1dae7,72093,97887,7,80.43
2026/10/10 18:28:27.759,GPU-4e7dc608-00fa-44a9-28c7-6a4948c1dae7,72093,97887,0,77.85
2026/10/10 18:28:28.296,GPU-4e7dc608-00fa-44a9-28c7-6a4948c1dae7,72093,97887,6,77.94
2026/10/10 18:28:28.839,GPU-4e7dc608-00fa-44a9-28c7-6a4948c1dae7,72093,97887,4,78.16
2026/10/10 18:28:29.372,GPU-4e7dc608-00fa-44a9-28c7-6a4948c1dae7,72093,97887,100,161.65
2026/10/10 18:28:29.906,GPU-4e7dc608-00fa-44a9-28c7-6a4948c1dae7,72093,97887,100,252.76
2026/10/10 18:28:30.438,GPU-4e7dc608-00fa-44a9-28c7-6a4948c1dae7,72093,97887,95,262.73
2026/10/10 18:28:30.970,GPU-4e7dc608-00fa-44a9-28c7-6a4948c1dae7,72093,97887,100,269.85
2026/10/10 18:28:31.507,GPU-4e7dc608-00fa-44a9-28c7-6a4948c1dae7,72093,97887,19,239.24
2026/10/10 18:28:32.040,GPU-4e7dc608-00fa-44a9-28c7-6a4948c1dae7,72093,97887,6,134.77
2026/10/10 18:28:32.573,GPU-4e7dc608-00fa-44a9-28c7-6a4948c1dae7,72093,97887,5,78.40
2026/10/10 18:28:33.108,GPU-4e7dc608-00fa-44a9-28c7-6a4948c1dae7,72093,97887,5,78.09
2026/10/10 18:28:33.649,GPU-4e7dc608-00fa-44a9-28c7-6a4948c1dae7,72093,97887,4,78.00
2026/10/10 18:28:34.183,GPU-4e7dc608-00fa-44a9-28c7-6a4948c1dae7,72093,97887,100,98.60
2026/10/10 18:28:34.719,GPU-4e7dc608-00fa-44a9-28c7-6a4948c1dae7,72093,97887,94,191.62
2026/10/10 18:28:35.264,GPU-4e7dc608-00fa-44a9-28c7-6a4948c1dae7,72093,97887,100,272.97
2026/10/10 18:28:35.816,GPU-4e7dc608-00fa-44a9-28c7-6a4948c1dae7,72093,97887,94,254.48
2026/10/10 18:28:36.356,GPU-4e7dc608-00fa-44a9-28c7-6a4948c1dae7,72093,97887,97,260.56
2026/10/10 18:28:36.891,GPU-4e7dc608-00fa-44a9-28c7-6a4948c1dae7,72093,97887,99,271.53
2026/10/10 18:28:37.426,GPU-4e7dc608-00fa-44a9-28c7-6a4948c1dae7,72093,97887,99,288.05
2026/10/10 18:28:37.959,GPU-4e7dc608-00fa-44a9-28c7-6a4948c1dae7,72093,97887,99,265.76
2026/10/10 18:28:38.495,GPU-4e7dc608-00fa-44a9-28c7-6a4948c1dae7,72093,97887,99,267.78
2026/10/10 18:28:39.030,GPU-4e7dc608-00fa-44a9-28c7-6a4948c1dae7,72093,97887,99,288.89
2026/10/10 18:28:39.566,GPU-4e7dc608-00fa-44a9-28c7-6a4948c1dae7,72093,97887,100,284.00
2026/10/10 18:28:40.100,GPU-4e7dc608-00fa-44a9-28c7-6a4948c1dae7,72093,97887,99,275.54
2026/10/10 18:28:40.638,GPU-4e7dc608-00fa-44a9-28c7-6a4948c1dae7,72093,97887,99,261.47
2026/10/10 18:28:41.194,GPU-4e7dc608-00fa-44a9-28c7-6a4948c1dae7,72093,97887,99,263.41
2026/10/10 18:28:41.740,GPU-4e7dc608-00fa-44a9-28c7-6a4948c1dae7,72093,97887,99,277.72
2026/10/10 18:28:42.288,GPU-4e7dc608-00fa-44a9-28c7-6a4948c1dae7,72093,97887,99,283.93
2026/10/10 18:28:42.826,GPU-4e7dc608-00fa-44a9-28c7-6a4948c1dae7,72093,97887,99,280.74
2026/10/10 18:28:43.360,GPU-4e7dc608-00fa-44a9-28c7-6a4948c1dae7,72093,97887,99,272.79
2026/10/10 18:28:43.898,GPU-4e7dc608-00fa-44a9-28c7-6a4948c1dae7,72093,97887,99,265.05
2026/10/10 18:28:44.431,GPU-4e7dc608-00fa-44a9-28c7-6a4948c1dae7,72093,97887,99,271.24
2026/10/10 18:28:44.966,GPU-4e7dc608-00fa-44a9-28c7-6a4948c1dae7,72093,97887,99,289.14
2026/10/10 18:28:45.504,GPU-4e7dc608-00fa-44a9-28c7-6a4948c1dae7,72093,97887,100,292.51
2026/10/10 18:28:46.037,GPU-4e7dc608-00fa-44a9-28c7-6a4948c1dae7,72093,97887,99,265.23
2026/10/10 18:28:46.570,GPU-4e7dc608-00fa-44a9-28c7-6a4948c1dae7,72093,97887,99,287.55
2026/10/10 18:28:47.106,GPU-4e7dc608-00fa-44a9-28c7-6a4948c1dae7,72093,97887,99,290.43
2026/10/10 18:28:47.639,GPU-4e7dc608-00fa-44a9-28c7-6a4948c1dae7,72093,97887,99,274.64
2026/10/10 18:28:48.174,GPU-4e7dc608-00fa-44a9-28c7-6a4948c1dae7,72093,97887,99,293.63
2026/10/10 18:28:48.707,GPU-4e7dc608-00fa-44a9-28c7-6a4948c1dae7,72093,97887,99,279.72
2026/10/10 18:28:49.243,GPU-4e7dc608-00fa-44a9-28c7-6a4948c1dae7,72093,97887,100,261.07
2026/10/10 18:28:49.776,GPU-4e7dc608-00fa-44a9-28c7-6a4948c1dae7,72093,97887,99,255.62
2026/10/10 18:28:50.310,GPU-4e7dc608-00fa-44a9-28c7-6a4948c1dae7,72093,97887,100,249.87
2026/10/10 18:28:50.844,GPU-4e7dc608-00fa-44a9-28c7-6a4948c1dae7,72093,97887,100,254.96
2026/10/10 18:28:51.377,GPU-4e7dc608-00fa-44a9-28c7-6a4948c1dae7,72093,97887,99,250.65
2026/10/10 18:28:51.913,GPU-4e7dc608-00fa-44a9-28c7-6a4948c1dae7,72093,97887,99,254.15
2026/10/10 18:28:52.449,GPU-4e7dc608-00fa-44a9-28c7-6a4948c1dae7,72093,97887,99,258.41
2026/10/10 18:28:52.985,GPU-4e7dc608-00fa-44a9-28c7-6a4948c1dae7,72093,97887,99,260.22
2026/10/10 18:28:53.521,GPU-4e7dc608-00fa-44a9-28c7-6a4948c1dae7,72093,97887,99,260.79
2026/10/10 18:28:54.055,GPU-4e7dc608-00fa-44a9-28c7-6a4948c1dae7,72093,97887,100,259.37
2026/10/10 18:28:54.593,GPU-4e7dc608-00fa-44a9-28c7-6a4948c1dae7,72093,97887,99,256.07
2026/10/10 18:28:55.132,GPU-4e7dc608-00fa-44a9-28c7-6a4948c1dae7,72093,97887,100,256.47
2026/10/10 18:28:55.675,GPU-4e7dc608-00fa-44a9-28c7-6a4948c1dae7,72093,97887,99,252.68
2026/10/10 18:28:56.210,GPU-4e7dc608-00fa-44a9-28c7-6a4948c1dae7,72093,97887,100,258.44
2026/10/10 18:28:56.744,GPU-4e7dc608-00fa-44a9-28c7-6a4948c1dae7,72093,97887,99,260.11
2026/10/10 18:28:57.290,GPU-4e7dc608-00fa-44a9-28c7-6a4948c1dae7,72093,97887,100,261.74
2026/10/10 18:28:57.829,GPU-4e7dc608-00fa-44a9-28c7-6a4948c1dae7,72093,97887,99,257.62
2026/10/10 18:28:58.363,GPU-4e7dc608-00fa-44a9-28c7-6a4948c1dae7,72093,97887,99,257.75
2026/10/10 18:28:58.898,GPU-4e7dc608-00fa-44a9-28c7-6a4948c1dae7,72093,97887,100,251.03
2026/10/10 18:28:59.435,GPU-4e7dc608-00fa-44a9-28c7-6a4948c1dae7,72093,97887,99,255.02
2026/10/10 18:28:59.976,GPU-4e7dc608-00fa-44a9-28c7-6a4948c1dae7,72093,97887,99,255.93
2026/10/10 18:29:00.514,GPU-4e7dc608-00fa-44a9-28c7-6a4948c1dae7,72093,97887,100,254.77
2026/10/10 18:29:01.051,GPU-4e7dc608-00fa-44a9-28c7-6a4948c1dae7,72093,97887,99,249.82
2026/10/10 18:29:01.587,GPU-4e7dc608-00fa-44a9-28c7-6a4948c1dae7,72093,97887,99,256.08
2026/10/10 18:29:02.126,GPU-4e7dc608-00fa-44a9-28c7-6a4948c1dae7,72093,97887,100,264.39
2026/10/10 18:29:02.663,GPU-4e7dc608-00fa-44a9-28c7-6a4948c1dae7,72093,97887,99,258.79
2026/10/10 18:29:03.205,GPU-4e7dc608-00fa-44a9-28c7-6a4948c1dae7,72093,97887,100,268.77
2026/10/10 18:29:03.740,GPU-4e7dc608-00fa-44a9-28c7-6a4948c1dae7,72093,97887,100,257.24
2026/10/10 18:29:04.277,GPU-4e7dc608-00fa-44a9-28c7-6a4948c1dae7,72093,97887,99,259.52
2026/10/10 18:29:04.814,GPU-4e7dc608-00fa-44a9-28c7-6a4948c1dae7,72093,97887,99,253.36
2026/10/10 18:29:05.375,GPU-4e7dc608-00fa-44a9-28c7-6a4948c1dae7,72093,97887,100,260.62
2026/10/10 18:29:05.938,GPU-4e7dc608-00fa-44a9-28c7-6a4948c1dae7,72093,97887,100,250.15
2026/10/10 18:29:06.484,GPU-4e7dc608-00fa-44a9-28c7-6a4948c1dae7,72093,97887,99,254.47
2026/10/10 18:29:07.023,GPU-4e7dc608-00fa-44a9-28c7-6a4948c1dae7,72093,97887,99,250.73
2026/10/10 18:29:07.562,GPU-4e7dc608-00fa-44a9-28c7-6a4948c1dae7,72093,97887,99,257.65
2026/10/10 18:29:08.098,GPU-4e7dc608-00fa-44a9-28c7-6a4948c1dae7,72093,97887,100,266.30
2026/10/10 18:29:08.632,GPU-4e7dc608-00fa-44a9-28c7-6a4948c1dae7,72093,97887,100,258.42
2026/10/10 18:29:09.166,GPU-4e7dc608-00fa-44a9-28c7-6a4948c1dae7,72093,97887,99,264.08
2026/10/10 18:29:09.698,GPU-4e7dc608-00fa-44a9-28c7-6a4948c1dae7,72093,97887,99,248.03
2026/10/10 18:29:10.235,GPU-4e7dc608-00fa-44a9-28c7-6a4948c1dae7,72093,97887,100,259.32
2026/10/10 18:29:10.779,GPU-4e7dc608-00fa-44a9-28c7-6a4948c1dae7,72093,97887,100,257.98
2026/10/10 18:29:11.315,GPU-4e7dc608-00fa-44a9-28c7-6a4948c1dae7,72093,97887,100,257.21
2026/10/10 18:29:11.852,GPU-4e7dc608-00fa-44a9-28c7-6a4948c1dae7,72093,97887,98,264.62
2026/10/10 18:29:12.386,GPU-4e7dc608-00fa-44a9-28c7-6a4948c1dae7,72093,97887,99,266.47
2026/10/10 18:29:12.923,GPU-4e7dc608-00fa-44a9-28c7-6a4948c1dae7,72093,97887,99,259.07
2026/10/10 18:29:13.457,GPU-4e7dc608-00fa-44a9-28c7-6a4948c1dae7,72093,97887,100,258.58
2026/10/10 18:29:13.991,GPU-4e7dc608-00fa-44a9-28c7-6a4948c1dae7,72093,97887,100,255.55
2026/10/10 18:29:14.526,GPU-4e7dc608-00fa-44a9-28c7-6a4948c1dae7,72093,97887,100,254.15
2026/10/10 18:29:15.063,GPU-4e7dc608-00fa-44a9-28c7-6a4948c1dae7,72093,97887,100,260.39
2026/10/10 18:29:15.598,GPU-4e7dc608-00fa-44a9-28c7-6a4948c1dae7,72093,97887,99,265.12
2026/10/10 18:29:16.130,GPU-4e7dc608-00fa-44a9-28c7-6a4948c1dae7,72093,97887,99,258.42
2026/10/10 18:29:16.666,GPU-4e7dc608-00fa-44a9-28c7-6a4948c1dae7,72093,97887,99,254.82
2026/10/10 18:29:17.199,GPU-4e7dc608-00fa-44a9-28c7-6a4948c1dae7,72093,97887,99,256.70
2026/10/10 18:29:17.733,GPU-4e7dc608-00fa-44a9-28c7-6a4948c1dae7,72093,97887,99,269.58
2026/10/10 18:29:18.266,GPU-4e7dc608-00fa-44a9-28c7-6a4948c1dae7,72093,97887,99,264.59
2026/10/10 18:29:18.799,GPU-4e7dc608-00fa-44a9-28c7-6a4948c1dae7,72093,97887,100,255.49
2026/10/10 18:29:19.339,GPU-4e7dc608-00fa-44a9-28c7-6a4948c1dae7,72093,97887,100,253.16
2026/10/10 18:29:19.873,GPU-4e7dc608-00fa-44a9-28c7-6a4948c1dae7,72093,97887,100,258.26
2026/10/10 18:29:20.411,GPU-4e7dc608-00fa-44a9-28c7-6a4948c1dae7,72093,97887,100,259.25
2026/10/10 18:29:20.944,GPU-4e7dc608-00fa-44a9-28c7-6a4948c1dae7,72093,97887,100,269.74
2026/10/10 18:29:21.478,GPU-4e7dc608-00fa-44a9-28c7-6a4948c1dae7,72093,97887,100,277.88
2026/10/10 18:29:22.012,GPU-4e7dc608-00fa-44a9-28c7-6a4948c1dae7,72093,97887,99,261.13
2026/10/10 18:29:22.545,GPU-4e7dc608-00fa-44a9-28c7-6a4948c1dae7,72093,97887,99,252.70
2026/10/10 18:29:23.084,GPU-4e7dc608-00fa-44a9-28c7-6a4948c1dae7,72093,97887,99,250.15
2026/10/10 18:29:23.622,GPU-4e7dc608-00fa-44a9-28c7-6a4948c1dae7,72093,97887,99,251.59
2026/10/10 18:29:24.157,GPU-4e7dc608-00fa-44a9-28c7-6a4948c1dae7,72093,97887,99,253.28
2026/10/10 18:29:24.690,GPU-4e7dc608-00fa-44a9-28c7-6a4948c1dae7,72093,97887,99,250.91
2026/10/10 18:29:25.225,GPU-4e7dc608-00fa-44a9-28c7-6a4948c1dae7,72093,97887,99,257.76
2026/10/10 18:29:25.759,GPU-4e7dc608-00fa-44a9-28c7-6a4948c1dae7,72093,97887,99,261.33
2026/10/10 18:29:26.291,GPU-4e7dc608-00fa-44a9-28c7-6a4948c1dae7,72093,97887,99,263.99
2026/10/10 18:29:26.825,GPU-4e7dc608-00fa-44a9-28c7-6a4948c1dae7,72093,97887,99,260.91
2026/10/10 18:29:27.360,GPU-4e7dc608-00fa-44a9-28c7-6a4948c1dae7,72093,97887,99,266.37
2026/10/10 18:29:27.893,GPU-4e7dc608-00fa-44a9-28c7-6a4948c1dae7,72093,97887,99,262.73
2026/10/10 18:29:28.426,GPU-4e7dc608-00fa-44a9-28c7-6a4948c1dae7,72093,97887,99,267.96
2026/10/10 18:29:28.960,GPU-4e7dc608-00fa-44a9-28c7-6a4948c1dae7,72093,97887,99,271.30
2026/10/10 18:29:29.495,GPU-4e7dc608-00fa-44a9-28c7-6a4948c1dae7,72093,97887,99,259.14
2026/10/10 18:29:30.030,GPU-4e7dc608-00fa-44a9-28c7-6a4948c1dae7,72093,97887,99,252.35
2026/10/10 18:29:30.562,GPU-4e7dc608-00fa-44a9-28c7-6a4948c1dae7,72093,97887,99,244.68
2026/10/10 18:29:31.094,GPU-4e7dc608-00fa-44a9-28c7-6a4948c1dae7,72093,97887,99,242.07
2026/10/10 18:29:31.633,GPU-4e7dc608-00fa-44a9-28c7-6a4948c1dae7,72093,97887,100,252.35
2026/10/10 18:29:32.169,GPU-4e7dc608-00fa-44a9-28c7-6a4948c1dae7,72093,97887,100,259.09
2026/10/10 18:29:32.702,GPU-4e7dc608-00fa-44a9-28c7-6a4948c1dae7,72093,97887,100,273.88
2026/10/10 18:29:33.238,GPU-4e7dc608-00fa-44a9-28c7-6a4948c1dae7,72093,97887,100,278.58
2026/10/10 18:29:33.773,GPU-4e7dc608-00fa-44a9-28c7-6a4948c1dae7,72093,97887,100,274.53
2026/10/10 18:29:34.307,GPU-4e7dc608-00fa-44a9-28c7-6a4948c1dae7,72093,97887,100,274.94
2026/10/10 18:29:34.841,GPU-4e7dc608-00fa-44a9-28c7-6a4948c1dae7,72093,97887,100,260.12
2026/10/10 18:29:35.385,GPU-4e7dc608-00fa-44a9-28c7-6a4948c1dae7,72093,97887,100,239.87
2026/10/10 18:29:35.934,GPU-4e7dc608-00fa-44a9-28c7-6a4948c1dae7,72093,97887,100,248.97
2026/10/10 18:29:36.469,GPU-4e7dc608-00fa-44a9-28c7-6a4948c1dae7,72093,97887,99,271.08
2026/10/10 18:29:37.005,GPU-4e7dc608-00fa-44a9-28c7-6a4948c1dae7,72093,97887,99,276.45
2026/10/10 18:29:37.539,GPU-4e7dc608-00fa-44a9-28c7-6a4948c1dae7,72093,97887,99,269.60
2026/10/10 18:29:38.072,GPU-4e7dc608-00fa-44a9-28c7-6a4948c1dae7,72093,97887,99,275.82
2026/10/10 18:29:38.610,GPU-4e7dc608-00fa-44a9-28c7-6a4948c1dae7,72093,97887,99,252.45
2026/10/10 18:29:39.144,GPU-4e7dc608-00fa-44a9-28c7-6a4948c1dae7,72093,97887,99,242.09
2026/10/10 18:29:39.685,GPU-4e7dc608-00fa-44a9-28c7-6a4948c1dae7,72093,97887,100,252.12
2026/10/10 18:29:40.224,GPU-4e7dc608-00fa-44a9-28c7-6a4948c1dae7,72093,97887,100,273.70
2026/10/10 18:29:40.764,GPU-4e7dc608-00fa-44a9-28c7-6a4948c1dae7,72093,97887,99,278.66
2026/10/10 18:29:41.317,GPU-4e7dc608-00fa-44a9-28c7-6a4948c1dae7,72093,97887,99,261.44
2026/10/10 18:29:41.851,GPU-4e7dc608-00fa-44a9-28c7-6a4948c1dae7,72093,97887,100,245.96
2026/10/10 18:29:42.385,GPU-4e7dc608-00fa-44a9-28c7-6a4948c1dae7,72093,97887,100,262.57
2026/10/10 18:29:42.919,GPU-4e7dc608-00fa-44a9-28c7-6a4948c1dae7,72093,97887,100,275.07
2026/10/10 18:29:43.452,GPU-4e7dc608-00fa-44a9-28c7-6a4948c1dae7,72093,97887,100,277.22
2026/10/10 18:29:43.987,GPU-4e7dc608-00fa-44a9-28c7-6a4948c1dae7,72093,97887,100,252.82
2026/10/10 18:29:44.525,GPU-4e7dc608-00fa-44a9-28c7-6a4948c1dae7,72093,97887,99,241.32
2026/10/10 18:29:45.061,GPU-4e7dc608-00fa-44a9-28c7-6a4948c1dae7,72093,97887,99,263.61
2026/10/10 18:29:45.596,GPU-4e7dc608-00fa-44a9-28c7-6a4948c1dae7,72093,97887,99,278.29
2026/10/10 18:29:46.129,GPU-4e7dc608-00fa-44a9-28c7-6a4948c1dae7,72093,97887,99,263.31
2026/10/10 18:29:46.664,GPU-4e7dc608-00fa-44a9-28c7-6a4948c1dae7,72093,97887,100,267.21
2026/10/10 18:29:47.198,GPU-4e7dc608-00fa-44a9-28c7-6a4948c1dae7,72093,97887,100,277.50
2026/10/10 18:29:47.731,GPU-4e7dc608-00fa-44a9-28c7-6a4948c1dae7,72093,97887,100,259.45
2026/10/10 18:29:48.265,GPU-4e7dc608-00fa-44a9-28c7-6a4948c1dae7,72093,97887,99,256.18
2026/10/10 18:29:48.799,GPU-4e7dc608-00fa-44a9-28c7-6a4948c1dae7,72093,97887,99,275.82
2026/10/10 18:29:49.339,GPU-4e7dc608-00fa-44a9-28c7-6a4948c1dae7,72093,97887,99,255.93
2026/10/10 18:29:49.876,GPU-4e7dc608-00fa-44a9-28c7-6a4948c1dae7,72093,97887,100,264.49
2026/10/10 18:29:50.410,GPU-4e7dc608-00fa-44a9-28c7-6a4948c1dae7,72093,97887,100,273.77
2026/10/10 18:29:50.946,GPU-4e7dc608-00fa-44a9-28c7-6a4948c1dae7,72093,97887,99,264.21
2026/10/10 18:29:51.482,GPU-4e7dc608-00fa-44a9-28c7-6a4948c1dae7,72093,97887,99,269.21
2026/10/10 18:29:52.015,GPU-4e7dc608-00fa-44a9-28c7-6a4948c1dae7,72093,97887,99,260.23
2026/10/10 18:29:52.555,GPU-4e7dc608-00fa-44a9-28c7-6a4948c1dae7,72093,97887,100,255.13
2026/10/10 18:29:53.089,GPU-4e7dc608-00fa-44a9-28c7-6a4948c1dae7,72093,97887,100,258.36
2026/10/10 18:29:53.631,GPU-4e7dc608-00fa-44a9-28c7-6a4948c1dae7,72093,97887,99,259.77
2026/10/10 18:29:54.166,GPU-4e7dc608-00fa-44a9-28c7-6a4948c1dae7,72093,97887,99,269.00
2026/10/10 18:29:54.703,GPU-4e7dc608-00fa-44a9-28c7-6a4948c1dae7,72093,97887,100,257.32
2026/10/10 18:29:55.237,GPU-4e7dc608-00fa-44a9-28c7-6a4948c1dae7,72093,97887,100,251.76
2026/10/10 18:29:55.773,GPU-4e7dc608-00fa-44a9-28c7-6a4948c1dae7,72093,97887,100,259.18
2026/10/10 18:29:56.318,GPU-4e7dc608-00fa-44a9-28c7-6a4948c1dae7,72093,97887,99,255.53
2026/10/10 18:29:56.851,GPU-4e7dc608-00fa-44a9-28c7-6a4948c1dae7,72093,97887,99,272.99
2026/10/10 18:29:57.386,GPU-4e7dc608-00fa-44a9-28c7-6a4948c1dae7,72093,97887,100,260.11
2026/10/10 18:29:57.919,GPU-4e7dc608-00fa-44a9-28c7-6a4948c1dae7,72093,97887,100,262.62
2026/10/10 18:29:58.452,GPU-4e7dc608-00fa-44a9-28c7-6a4948c1dae7,72093,97887,100,257.85
2026/10/10 18:29:58.989,GPU-4e7dc608-00fa-44a9-28c7-6a4948c1dae7,72093,97887,99,257.47
2026/10/10 18:29:59.522,GPU-4e7dc608-00fa-44a9-28c7-6a4948c1dae7,72093,97887,99,269.35
2026/10/10 18:30:00.058,GPU-4e7dc608-00fa-44a9-28c7-6a4948c1dae7,72093,97887,100,260.64
2026/10/10 18:30:00.594,GPU-4e7dc608-00fa-44a9-28c7-6a4948c1dae7,72093,97887,100,271.68
2026/10/10 18:30:01.131,GPU-4e7dc608-00fa-44a9-28c7-6a4948c1dae7,72093,97887,99,254.44
2026/10/10 18:30:01.670,GPU-4e7dc608-00fa-44a9-28c7-6a4948c1dae7,72093,97887,99,267.54
2026/10/10 18:30:02.203,GPU-4e7dc608-00fa-44a9-28c7-6a4948c1dae7,72093,97887,100,250.75
2026/10/10 18:30:02.739,GPU-4e7dc608-00fa-44a9-28c7-6a4948c1dae7,72093,97887,100,259.49
2026/10/10 18:30:03.272,GPU-4e7dc608-00fa-44a9-28c7-6a4948c1dae7,72093,97887,99,259.49
2026/10/10 18:30:03.806,GPU-4e7dc608-00fa-44a9-28c7-6a4948c1dae7,72093,97887,99,269.19
2026/10/10 18:30:04.342,GPU-4e7dc608-00fa-44a9-28c7-6a4948c1dae7,72093,97887,100,276.77
2026/10/10 18:30:04.875,GPU-4e7dc608-00fa-44a9-28c7-6a4948c1dae7,72093,97887,100,267.00
2026/10/10 18:30:05.424,GPU-4e7dc608-00fa-44a9-28c7-6a4948c1dae7,72093,97887,100,265.41
2026/10/10 18:30:05.963,GPU-4e7dc608-00fa-44a9-28c7-6a4948c1dae7,72093,97887,99,263.10
2026/10/10 18:30:06.497,GPU-4e7dc608-00fa-44a9-28c7-6a4948c1dae7,72093,97887,100,263.96
2026/10/10 18:30:07.031,GPU-4e7dc608-00fa-44a9-28c7-6a4948c1dae7,72093,97887,100,267.24
2026/10/10 18:30:07.567,GPU-4e7dc608-00fa-44a9-28c7-6a4948c1dae7,72093,97887,100,271.50
2026/10/10 18:30:08.101,GPU-4e7dc608-00fa-44a9-28c7-6a4948c1dae7,72093,97887,99,265.70
2026/10/10 18:30:08.635,GPU-4e7dc608-00fa-44a9-28c7-6a4948c1dae7,72093,97887,100,267.01
2026/10/10 18:30:09.171,GPU-4e7dc608-00fa-44a9-28c7-6a4948c1dae7,72093,97887,100,266.04
2026/10/10 18:30:09.704,GPU-4e7dc608-00fa-44a9-28c7-6a4948c1dae7,72093,97887,99,255.32
2026/10/10 18:30:10.239,GPU-4e7dc608-00fa-44a9-28c7-6a4948c1dae7,72093,97887,99,264.81
2026/10/10 18:30:10.773,GPU-4e7dc608-00fa-44a9-28c7-6a4948c1dae7,72093,97887,100,264.42
2026/10/10 18:30:11.325,GPU-4e7dc608-00fa-44a9-28c7-6a4948c1dae7,72093,97887,100,257.79
2026/10/10 18:30:11.859,GPU-4e7dc608-00fa-44a9-28c7-6a4948c1dae7,72093,97887,100,254.30
2026/10/10 18:30:12.399,GPU-4e7dc608-00fa-44a9-28c7-6a4948c1dae7,72093,97887,99,257.11
2026/10/10 18:30:12.936,GPU-4e7dc608-00fa-44a9-28c7-6a4948c1dae7,72093,97887,100,266.18
2026/10/10 18:30:13.470,GPU-4e7dc608-00fa-44a9-28c7-6a4948c1dae7,72093,97887,100,259.55
2026/10/10 18:30:14.004,GPU-4e7dc608-00fa-44a9-28c7-6a4948c1dae7,72093,97887,99,268.37
2026/10/10 18:30:14.538,GPU-4e7dc608-00fa-44a9-28c7-6a4948c1dae7,72093,97887,99,261.92
2026/10/10 18:30:15.072,GPU-4e7dc608-00fa-44a9-28c7-6a4948c1dae7,72093,97887,100,264.81
2026/10/10 18:30:15.609,GPU-4e7dc608-00fa-44a9-28c7-6a4948c1dae7,72093,97887,100,273.68
2026/10/10 18:30:16.141,GPU-4e7dc608-00fa-44a9-28c7-6a4948c1dae7,72093,97887,99,255.30
2026/10/10 18:30:16.675,GPU-4e7dc608-00fa-44a9-28c7-6a4948c1dae7,72093,97887,100,275.67
2026/10/10 18:30:17.208,GPU-4e7dc608-00fa-44a9-28c7-6a4948c1dae7,72093,97887,100,264.42
2026/10/10 18:30:17.744,GPU-4e7dc608-00fa-44a9-28c7-6a4948c1dae7,72093,97887,99,255.74
2026/10/10 18:30:18.282,GPU-4e7dc608-00fa-44a9-28c7-6a4948c1dae7,72093,97887,99,262.64
2026/10/10 18:30:18.814,GPU-4e7dc608-00fa-44a9-28c7-6a4948c1dae7,72093,97887,100,269.56
2026/10/10 18:30:19.347,GPU-4e7dc608-00fa-44a9-28c7-6a4948c1dae7,72093,97887,100,260.08
2026/10/10 18:30:19.879,GPU-4e7dc608-00fa-44a9-28c7-6a4948c1dae7,72093,97887,99,270.79
2026/10/10 18:30:20.411,GPU-4e7dc608-00fa-44a9-28c7-6a4948c1dae7,72093,97887,99,264.64
2026/10/10 18:30:20.947,GPU-4e7dc608-00fa-44a9-28c7-6a4948c1dae7,72093,97887,100,263.95
2026/10/10 18:30:21.483,GPU-4e7dc608-00fa-44a9-28c7-6a4948c1dae7,72093,97887,99,269.06
2026/10/10 18:30:22.020,GPU-4e7dc608-00fa-44a9-28c7-6a4948c1dae7,72093,97887,99,255.67
2026/10/10 18:30:22.553,GPU-4e7dc608-00fa-44a9-28c7-6a4948c1dae7,72093,97887,100,270.62
2026/10/10 18:30:23.086,GPU-4e7dc608-00fa-44a9-28c7-6a4948c1dae7,72093,97887,100,260.98
2026/10/10 18:30:23.619,GPU-4e7dc608-00fa-44a9-28c7-6a4948c1dae7,72093,97887,99,273.68
2026/10/10 18:30:24.152,GPU-4e7dc608-00fa-44a9-28c7-6a4948c1dae7,72093,97887,100,278.15
2026/10/10 18:30:24.693,GPU-4e7dc608-00fa-44a9-28c7-6a4948c1dae7,72093,97887,100,252.76
2026/10/10 18:30:25.231,GPU-4e7dc608-00fa-44a9-28c7-6a4948c1dae7,72093,97887,99,284.19
2026/10/10 18:30:25.767,GPU-4e7dc608-00fa-44a9-28c7-6a4948c1dae7,72093,97887,100,274.70
2026/10/10 18:30:26.303,GPU-4e7dc608-00fa-44a9-28c7-6a4948c1dae7,72093,97887,100,262.34
2026/10/10 18:30:26.835,GPU-4e7dc608-00fa-44a9-28c7-6a4948c1dae7,72093,97887,99,278.19
2026/10/10 18:30:27.369,GPU-4e7dc608-00fa-44a9-28c7-6a4948c1dae7,72093,97887,93,255.38
2026/10/10 18:30:27.905,GPU-4e7dc608-00fa-44a9-28c7-6a4948c1dae7,72093,97887,100,262.80
2026/10/10 18:30:28.438,GPU-4e7dc608-00fa-44a9-28c7-6a4948c1dae7,72093,97887,94,275.49
2026/10/10 18:30:28.970,GPU-4e7dc608-00fa-44a9-28c7-6a4948c1dae7,72093,97887,100,252.18
2026/10/10 18:30:29.502,GPU-4e7dc608-00fa-44a9-28c7-6a4948c1dae7,72093,97887,100,244.48
2026/10/10 18:30:30.036,GPU-4e7dc608-00fa-44a9-28c7-6a4948c1dae7,72093,97887,94,255.96
2026/10/10 18:30:30.571,GPU-4e7dc608-00fa-44a9-28c7-6a4948c1dae7,72093,97887,100,277.70
2026/10/10 18:30:31.105,GPU-4e7dc608-00fa-44a9-28c7-6a4948c1dae7,72093,97887,95,266.17
2026/10/10 18:30:31.639,GPU-4e7dc608-00fa-44a9-28c7-6a4948c1dae7,72093,97887,99,251.68
2026/10/10 18:30:32.179,GPU-4e7dc608-00fa-44a9-28c7-6a4948c1dae7,72093,97887,100,259.07
2026/10/10 18:30:32.712,GPU-4e7dc608-00fa-44a9-28c7-6a4948c1dae7,72093,97887,95,259.09
2026/10/10 18:30:33.245,GPU-4e7dc608-00fa-44a9-28c7-6a4948c1dae7,72093,97887,100,269.62
2026/10/10 18:30:33.778,GPU-4e7dc608-00fa-44a9-28c7-6a4948c1dae7,72093,97887,94,254.34
2026/10/10 18:30:34.321,GPU-4e7dc608-00fa-44a9-28c7-6a4948c1dae7,72093,97887,100,268.36
2026/10/10 18:30:34.851,GPU-4e7dc608-00fa-44a9-28c7-6a4948c1dae7,72093,97887,100,270.35
2026/10/10 18:30:35.406,GPU-4e7dc608-00fa-44a9-28c7-6a4948c1dae7,72093,97887,94,269.29
2026/10/10 18:30:35.983,GPU-4e7dc608-00fa-44a9-28c7-6a4948c1dae7,72093,97887,100,277.33
2026/10/10 18:30:36.524,GPU-4e7dc608-00fa-44a9-28c7-6a4948c1dae7,72093,97887,94,256.10
2026/10/10 18:30:37.056,GPU-4e7dc608-00fa-44a9-28c7-6a4948c1dae7,72093,97887,95,245.68
2026/10/10 18:30:37.590,GPU-4e7dc608-00fa-44a9-28c7-6a4948c1dae7,72093,97887,100,253.26
2026/10/10 18:30:38.124,GPU-4e7dc608-00fa-44a9-28c7-6a4948c1dae7,72093,97887,94,259.07
2026/10/10 18:30:38.655,GPU-4e7dc608-00fa-44a9-28c7-6a4948c1dae7,72093,97887,100,266.04
2026/10/10 18:30:39.193,GPU-4e7dc608-00fa-44a9-28c7-6a4948c1dae7,72093,97887,96,250.41
2026/10/10 18:30:39.726,GPU-4e7dc608-00fa-44a9-28c7-6a4948c1dae7,72093,97887,98,255.98
2026/10/10 18:30:40.256,GPU-4e7dc608-00fa-44a9-28c7-6a4948c1dae7,72093,97887,100,259.61
2026/10/10 18:30:40.811,GPU-4e7dc608-00fa-44a9-28c7-6a4948c1dae7,72093,97887,94,278.44
2026/10/10 18:30:41.350,GPU-4e7dc608-00fa-44a9-28c7-6a4948c1dae7,72093,97887,100,278.22
2026/10/10 18:30:41.880,GPU-4e7dc608-00fa-44a9-28c7-6a4948c1dae7,72093,97887,100,257.66
2026/10/10 18:30:42.410,GPU-4e7dc608-00fa-44a9-28c7-6a4948c1dae7,72093,97887,94,255.59
2026/10/10 18:30:42.946,GPU-4e7dc608-00fa-44a9-28c7-6a4948c1dae7,72093,97887,100,281.15
2026/10/10 18:30:43.479,GPU-4e7dc608-00fa-44a9-28c7-6a4948c1dae7,72093,97887,94,283.17
2026/10/10 18:30:44.012,GPU-4e7dc608-00fa-44a9-28c7-6a4948c1dae7,72093,97887,100,260.02
2026/10/10 18:30:44.543,GPU-4e7dc608-00fa-44a9-28c7-6a4948c1dae7,72093,97887,100,259.95
2026/10/10 18:30:45.077,GPU-4e7dc608-00fa-44a9-28c7-6a4948c1dae7,72093,97887,94,269.51
2026/10/10 18:30:45.609,GPU-4e7dc608-00fa-44a9-28c7-6a4948c1dae7,72093,97887,100,264.73
2026/10/10 18:30:46.142,GPU-4e7dc608-00fa-44a9-28c7-6a4948c1dae7,72093,97887,94,251.57
2026/10/10 18:30:46.675,GPU-4e7dc608-00fa-44a9-28c7-6a4948c1dae7,72093,97887,94,243.79
2026/10/10 18:30:47.209,GPU-4e7dc608-00fa-44a9-28c7-6a4948c1dae7,72093,97887,100,262.43
2026/10/10 18:30:47.740,GPU-4e7dc608-00fa-44a9-28c7-6a4948c1dae7,72093,97887,94,259.25
2026/10/10 18:30:48.272,GPU-4e7dc608-00fa-44a9-28c7-6a4948c1dae7,72093,97887,100,270.64
2026/10/10 18:30:48.810,GPU-4e7dc608-00fa-44a9-28c7-6a4948c1dae7,72093,97887,94,281.31
2026/10/10 18:30:49.344,GPU-4e7dc608-00fa-44a9-28c7-6a4948c1dae7,72093,97887,100,259.40
2026/10/10 18:30:49.876,GPU-4e7dc608-00fa-44a9-28c7-6a4948c1dae7,72093,97887,100,272.68
2026/10/10 18:30:50.410,GPU-4e7dc608-00fa-44a9-28c7-6a4948c1dae7,72093,97887,94,276.38
2026/10/10 18:30:50.944,GPU-4e7dc608-00fa-44a9-28c7-6a4948c1dae7,72093,97887,100,280.37
2026/10/10 18:30:51.477,GPU-4e7dc608-00fa-44a9-28c7-6a4948c1dae7,72093,97887,100,258.05
2026/10/10 18:30:52.009,GPU-4e7dc608-00fa-44a9-28c7-6a4948c1dae7,72093,97887,94,244.61
2026/10/10 18:30:52.547,GPU-4e7dc608-00fa-44a9-28c7-6a4948c1dae7,72093,97887,100,252.49
2026/10/10 18:30:53.082,GPU-4e7dc608-00fa-44a9-28c7-6a4948c1dae7,72093,97887,94,275.83
2026/10/10 18:30:53.614,GPU-4e7dc608-00fa-44a9-28c7-6a4948c1dae7,72093,97887,100,259.88
2026/10/10 18:30:54.151,GPU-4e7dc608-00fa-44a9-28c7-6a4948c1dae7,72093,97887,97,246.49
2026/10/10 18:30:54.690,GPU-4e7dc608-00fa-44a9-28c7-6a4948c1dae7,72093,97887,94,254.14
2026/10/10 18:30:55.226,GPU-4e7dc608-00fa-44a9-28c7-6a4948c1dae7,72093,97887,100,258.81
2026/10/10 18:30:55.763,GPU-4e7dc608-00fa-44a9-28c7-6a4948c1dae7,72093,97887,94,274.86
2026/10/10 18:30:56.295,GPU-4e7dc608-00fa-44a9-28c7-6a4948c1dae7,72093,97887,100,257.10
2026/10/10 18:30:56.828,GPU-4e7dc608-00fa-44a9-28c7-6a4948c1dae7,72093,97887,100,261.43
2026/10/10 18:30:57.361,GPU-4e7dc608-00fa-44a9-28c7-6a4948c1dae7,72093,97887,94,244.96
2026/10/10 18:30:57.894,GPU-4e7dc608-00fa-44a9-28c7-6a4948c1dae7,72093,97887,100,259.27
2026/10/10 18:30:58.434,GPU-4e7dc608-00fa-44a9-28c7-6a4948c1dae7,72093,97887,94,276.90
2026/10/10 18:30:58.967,GPU-4e7dc608-00fa-44a9-28c7-6a4948c1dae7,72093,97887,100,263.14
2026/10/10 18:30:59.499,GPU-4e7dc608-00fa-44a9-28c7-6a4948c1dae7,72093,97887,100,260.16
2026/10/10 18:31:00.033,GPU-4e7dc608-00fa-44a9-28c7-6a4948c1dae7,72093,97887,94,259.10
2026/10/10 18:31:00.566,GPU-4e7dc608-00fa-44a9-28c7-6a4948c1dae7,72093,97887,100,273.91
2026/10/10 18:31:01.098,GPU-4e7dc608-00fa-44a9-28c7-6a4948c1dae7,72093,97887,95,277.15
2026/10/10 18:31:01.630,GPU-4e7dc608-00fa-44a9-28c7-6a4948c1dae7,72093,97887,100,252.58
2026/10/10 18:31:02.165,GPU-4e7dc608-00fa-44a9-28c7-6a4948c1dae7,72093,97887,100,255.64
2026/10/10 18:31:02.698,GPU-4e7dc608-00fa-44a9-28c7-6a4948c1dae7,72093,97887,94,273.72
2026/10/10 18:31:03.230,GPU-4e7dc608-00fa-44a9-28c7-6a4948c1dae7,72093,97887,100,277.04
2026/10/10 18:31:03.767,GPU-4e7dc608-00fa-44a9-28c7-6a4948c1dae7,72093,97887,94,256.21
2026/10/10 18:31:04.301,GPU-4e7dc608-00fa-44a9-28c7-6a4948c1dae7,72093,97887,94,245.74
2026/10/10 18:31:04.832,GPU-4e7dc608-00fa-44a9-28c7-6a4948c1dae7,72093,97887,100,258.69
2026/10/10 18:31:05.380,GPU-4e7dc608-00fa-44a9-28c7-6a4948c1dae7,72093,97887,94,259.59
2026/10/10 18:31:05.926,GPU-4e7dc608-00fa-44a9-28c7-6a4948c1dae7,72093,97887,100,272.41
2026/10/10 18:31:06.460,GPU-4e7dc608-00fa-44a9-28c7-6a4948c1dae7,72093,97887,100,259.15
2026/10/10 18:31:06.994,GPU-4e7dc608-00fa-44a9-28c7-6a4948c1dae7,72093,97887,97,262.45
2026/10/10 18:31:07.528,GPU-4e7dc608-00fa-44a9-28c7-6a4948c1dae7,72093,97887,100,254.82
2026/10/10 18:31:08.062,GPU-4e7dc608-00fa-44a9-28c7-6a4948c1dae7,72093,97887,94,277.99
2026/10/10 18:31:08.593,GPU-4e7dc608-00fa-44a9-28c7-6a4948c1dae7,72093,97887,100,277.33
2026/10/10 18:31:09.126,GPU-4e7dc608-00fa-44a9-28c7-6a4948c1dae7,72093,97887,100,275.10
2026/10/10 18:31:09.666,GPU-4e7dc608-00fa-44a9-28c7-6a4948c1dae7,72093,97887,94,266.49
2026/10/10 18:31:10.198,GPU-4e7dc608-00fa-44a9-28c7-6a4948c1dae7,72093,97887,100,257.57
2026/10/10 18:31:10.732,GPU-4e7dc608-00fa-44a9-28c7-6a4948c1dae7,72093,97887,94,269.06
2026/10/10 18:31:11.269,GPU-4e7dc608-00fa-44a9-28c7-6a4948c1dae7,72093,97887,100,274.38
2026/10/10 18:31:11.803,GPU-4e7dc608-00fa-44a9-28c7-6a4948c1dae7,72093,97887,100,258.02
2026/10/10 18:31:12.335,GPU-4e7dc608-00fa-44a9-28c7-6a4948c1dae7,72093,97887,95,250.14
2026/10/10 18:31:12.867,GPU-4e7dc608-00fa-44a9-28c7-6a4948c1dae7,72093,97887,100,254.35
2026/10/10 18:31:13.398,GPU-4e7dc608-00fa-44a9-28c7-6a4948c1dae7,72093,97887,94,270.67
2026/10/10 18:31:13.931,GPU-4e7dc608-00fa-44a9-28c7-6a4948c1dae7,72093,97887,97,267.94
2026/10/10 18:31:14.462,GPU-4e7dc608-00fa-44a9-28c7-6a4948c1dae7,72093,97887,97,244.50
2026/10/10 18:31:14.994,GPU-4e7dc608-00fa-44a9-28c7-6a4948c1dae7,72093,97887,100,259.89
2026/10/10 18:31:15.531,GPU-4e7dc608-00fa-44a9-28c7-6a4948c1dae7,72093,97887,95,275.73
2026/10/10 18:31:16.065,GPU-4e7dc608-00fa-44a9-28c7-6a4948c1dae7,72093,97887,100,271.59
2026/10/10 18:31:16.598,GPU-4e7dc608-00fa-44a9-28c7-6a4948c1dae7,72093,97887,94,250.53
2026/10/10 18:31:17.130,GPU-4e7dc608-00fa-44a9-28c7-6a4948c1dae7,72093,97887,95,258.22
2026/10/10 18:31:17.664,GPU-4e7dc608-00fa-44a9-28c7-6a4948c1dae7,72093,97887,100,258.54
2026/10/10 18:31:18.195,GPU-4e7dc608-00fa-44a9-28c7-6a4948c1dae7,72093,97887,95,269.03
2026/10/10 18:31:18.726,GPU-4e7dc608-00fa-44a9-28c7-6a4948c1dae7,72093,97887,100,253.69
2026/10/10 18:31:19.258,GPU-4e7dc608-00fa-44a9-28c7-6a4948c1dae7,72093,97887,100,266.36
2026/10/10 18:31:19.789,GPU-4e7dc608-00fa-44a9-28c7-6a4948c1dae7,72093,97887,94,258.76
2026/10/10 18:31:20.321,GPU-4e7dc608-00fa-44a9-28c7-6a4948c1dae7,72093,97887,100,275.55
2026/10/10 18:31:20.852,GPU-4e7dc608-00fa-44a9-28c7-6a4948c1dae7,72093,97887,95,277.37
2026/10/10 18:31:21.392,GPU-4e7dc608-00fa-44a9-28c7-6a4948c1dae7,72093,97887,100,257.19
2026/10/10 18:31:21.925,GPU-4e7dc608-00fa-44a9-28c7-6a4948c1dae7,72093,97887,100,257.67
2026/10/10 18:31:22.456,GPU-4e7dc608-00fa-44a9-28c7-6a4948c1dae7,72093,97887,95,261.89
2026/10/10 18:31:22.987,GPU-4e7dc608-00fa-44a9-28c7-6a4948c1dae7,72093,97887,100,277.34
2026/10/10 18:31:23.520,GPU-4e7dc608-00fa-44a9-28c7-6a4948c1dae7,72093,97887,100,256.51
2026/10/10 18:31:24.051,GPU-4e7dc608-00fa-44a9-28c7-6a4948c1dae7,72093,97887,96,245.64
2026/10/10 18:31:24.583,GPU-4e7dc608-00fa-44a9-28c7-6a4948c1dae7,72093,97887,100,262.05
2026/10/10 18:31:25.116,GPU-4e7dc608-00fa-44a9-28c7-6a4948c1dae7,72093,97887,95,277.63
2026/10/10 18:31:25.653,GPU-4e7dc608-00fa-44a9-28c7-6a4948c1dae7,72093,97887,100,268.00
2026/10/10 18:31:26.184,GPU-4e7dc608-00fa-44a9-28c7-6a4948c1dae7,72093,97887,95,252.38
2026/10/10 18:31:26.718,GPU-4e7dc608-00fa-44a9-28c7-6a4948c1dae7,72093,97887,95,258.43
2026/10/10 18:31:27.258,GPU-4e7dc608-00fa-44a9-28c7-6a4948c1dae7,72093,97887,100,259.09
2026/10/10 18:31:27.815,GPU-4e7dc608-00fa-44a9-28c7-6a4948c1dae7,72093,97887,95,269.39
2026/10/10 18:31:28.347,GPU-4e7dc608-00fa-44a9-28c7-6a4948c1dae7,72093,97887,100,282.22
2026/10/10 18:31:28.886,GPU-4e7dc608-00fa-44a9-28c7-6a4948c1dae7,72093,97887,100,263.90
2026/10/10 18:31:29.428,GPU-4e7dc608-00fa-44a9-28c7-6a4948c1dae7,72093,97887,95,251.45
2026/10/10 18:31:29.960,GPU-4e7dc608-00fa-44a9-28c7-6a4948c1dae7,72093,97887,100,263.53
2026/10/10 18:31:30.492,GPU-4e7dc608-00fa-44a9-28c7-6a4948c1dae7,72093,97887,94,272.77
2026/10/10 18:31:31.024,GPU-4e7dc608-00fa-44a9-28c7-6a4948c1dae7,72093,97887,100,253.83
2026/10/10 18:31:31.556,GPU-4e7dc608-00fa-44a9-28c7-6a4948c1dae7,72093,97887,98,251.49
2026/10/10 18:31:32.087,GPU-4e7dc608-00fa-44a9-28c7-6a4948c1dae7,72093,97887,95,258.10
2026/10/10 18:31:32.619,GPU-4e7dc608-00fa-44a9-28c7-6a4948c1dae7,72093,97887,100,269.02
2026/10/10 18:31:33.151,GPU-4e7dc608-00fa-44a9-28c7-6a4948c1dae7,72093,97887,95,282.42
2026/10/10 18:31:33.682,GPU-4e7dc608-00fa-44a9-28c7-6a4948c1dae7,72093,97887,100,259.20
2026/10/10 18:31:34.214,GPU-4e7dc608-00fa-44a9-28c7-6a4948c1dae7,72093,97887,100,254.18
2026/10/10 18:31:34.750,GPU-4e7dc608-00fa-44a9-28c7-6a4948c1dae7,72093,97887,95,268.74
2026/10/10 18:31:35.297,GPU-4e7dc608-00fa-44a9-28c7-6a4948c1dae7,72093,97887,100,261.36
2026/10/10 18:31:35.875,GPU-4e7dc608-00fa-44a9-28c7-6a4948c1dae7,72093,97887,95,274.48
2026/10/10 18:31:36.414,GPU-4e7dc608-00fa-44a9-28c7-6a4948c1dae7,72093,97887,100,262.81
2026/10/10 18:31:36.948,GPU-4e7dc608-00fa-44a9-28c7-6a4948c1dae7,72093,97887,100,262.69
2026/10/10 18:31:37.482,GPU-4e7dc608-00fa-44a9-28c7-6a4948c1dae7,72093,97887,95,254.03
2026/10/10 18:31:38.015,GPU-4e7dc608-00fa-44a9-28c7-6a4948c1dae7,72093,97887,100,276.64
2026/10/10 18:31:38.547,GPU-4e7dc608-00fa-44a9-28c7-6a4948c1dae7,72093,97887,94,274.93
2026/10/10 18:31:39.081,GPU-4e7dc608-00fa-44a9-28c7-6a4948c1dae7,72093,97887,100,252.94
2026/10/10 18:31:39.616,GPU-4e7dc608-00fa-44a9-28c7-6a4948c1dae7,72093,97887,100,253.79
2026/10/10 18:31:40.153,GPU-4e7dc608-00fa-44a9-28c7-6a4948c1dae7,72093,97887,94,278.12
2026/10/10 18:31:40.687,GPU-4e7dc608-00fa-44a9-28c7-6a4948c1dae7,72093,97887,100,276.56
2026/10/10 18:31:41.235,GPU-4e7dc608-00fa-44a9-28c7-6a4948c1dae7,72093,97887,95,255.70
2026/10/10 18:31:41.765,GPU-4e7dc608-00fa-44a9-28c7-6a4948c1dae7,72093,97887,100,259.25
2026/10/10 18:31:42.298,GPU-4e7dc608-00fa-44a9-28c7-6a4948c1dae7,72093,97887,100,258.99
2026/10/10 18:31:42.831,GPU-4e7dc608-00fa-44a9-28c7-6a4948c1dae7,72093,97887,94,260.27
2026/10/10 18:31:43.365,GPU-4e7dc608-00fa-44a9-28c7-6a4948c1dae7,72093,97887,100,280.96
2026/10/10 18:31:43.903,GPU-4e7dc608-00fa-44a9-28c7-6a4948c1dae7,72093,97887,98,270.19
2026/10/10 18:31:44.433,GPU-4e7dc608-00fa-44a9-28c7-6a4948c1dae7,72093,97887,99,265.05
2026/10/10 18:31:44.966,GPU-4e7dc608-00fa-44a9-28c7-6a4948c1dae7,72093,97887,100,254.48
2026/10/10 18:31:45.498,GPU-4e7dc608-00fa-44a9-28c7-6a4948c1dae7,72093,97887,95,273.45
2026/10/10 18:31:46.032,GPU-4e7dc608-00fa-44a9-28c7-6a4948c1dae7,72093,97887,100,281.44
2026/10/10 18:31:46.563,GPU-4e7dc608-00fa-44a9-28c7-6a4948c1dae7,72093,97887,100,253.93
2026/10/10 18:31:47.098,GPU-4e7dc608-00fa-44a9-28c7-6a4948c1dae7,72093,97887,94,253.04
2026/10/10 18:31:47.632,GPU-4e7dc608-00fa-44a9-28c7-6a4948c1dae7,72093,97887,100,271.01
2026/10/10 18:31:48.165,GPU-4e7dc608-00fa-44a9-28c7-6a4948c1dae7,72093,97887,94,273.82
2026/10/10 18:31:48.696,GPU-4e7dc608-00fa-44a9-28c7-6a4948c1dae7,72093,97887,100,259.36
2026/10/10 18:31:49.229,GPU-4e7dc608-00fa-44a9-28c7-6a4948c1dae7,72093,97887,96,247.85
2026/10/10 18:31:49.767,GPU-4e7dc608-00fa-44a9-28c7-6a4948c1dae7,72093,97887,94,253.93
2026/10/10 18:31:50.299,GPU-4e7dc608-00fa-44a9-28c7-6a4948c1dae7,72093,97887,100,258.23
2026/10/10 18:31:50.832,GPU-4e7dc608-00fa-44a9-28c7-6a4948c1dae7,72093,97887,95,267.82
2026/10/10 18:31:51.366,GPU-4e7dc608-00fa-44a9-28c7-6a4948c1dae7,72093,97887,100,252.67
2026/10/10 18:31:51.902,GPU-4e7dc608-00fa-44a9-28c7-6a4948c1dae7,72093,97887,100,264.82
2026/10/10 18:31:52.434,GPU-4e7dc608-00fa-44a9-28c7-6a4948c1dae7,72093,97887,94,272.02
2026/10/10 18:31:52.966,GPU-4e7dc608-00fa-44a9-28c7-6a4948c1dae7,72093,97887,100,267.81
2026/10/10 18:31:53.498,GPU-4e7dc608-00fa-44a9-28c7-6a4948c1dae7,72093,97887,94,267.58
2026/10/10 18:31:54.031,GPU-4e7dc608-00fa-44a9-28c7-6a4948c1dae7,72093,97887,100,256.65
2026/10/10 18:31:54.563,GPU-4e7dc608-00fa-44a9-28c7-6a4948c1dae7,72093,97887,100,258.01
2026/10/10 18:31:55.108,GPU-4e7dc608-00fa-44a9-28c7-6a4948c1dae7,72093,97887,95,260.22
2026/10/10 18:31:55.657,GPU-4e7dc608-00fa-44a9-28c7-6a4948c1dae7,72093,97887,99,277.12
2026/10/10 18:31:56.188,GPU-4e7dc608-00fa-44a9-28c7-6a4948c1dae7,72093,97887,94,257.52
2026/10/10 18:31:56.723,GPU-4e7dc608-00fa-44a9-28c7-6a4948c1dae7,72093,97887,97,246.16
2026/10/10 18:31:57.267,GPU-4e7dc608-00fa-44a9-28c7-6a4948c1dae7,72093,97887,100,254.40
2026/10/10 18:31:57.817,GPU-4e7dc608-00fa-44a9-28c7-6a4948c1dae7,72093,97887,94,260.17
2026/10/10 18:31:58.349,GPU-4e7dc608-00fa-44a9-28c7-6a4948c1dae7,72093,97887,100,269.45
2026/10/10 18:31:58.882,GPU-4e7dc608-00fa-44a9-28c7-6a4948c1dae7,72093,97887,94,251.46
2026/10/10 18:31:59.416,GPU-4e7dc608-00fa-44a9-28c7-6a4948c1dae7,72093,97887,100,255.91
2026/10/10 18:31:59.948,GPU-4e7dc608-00fa-44a9-28c7-6a4948c1dae7,72093,97887,100,259.74
2026/10/10 18:32:00.483,GPU-4e7dc608-00fa-44a9-28c7-6a4948c1dae7,72093,97887,94,276.00
2026/10/10 18:32:01.020,GPU-4e7dc608-00fa-44a9-28c7-6a4948c1dae7,72093,97887,100,281.66
2026/10/10 18:32:01.551,GPU-4e7dc608-00fa-44a9-28c7-6a4948c1dae7,72093,97887,100,263.23
2026/10/10 18:32:02.083,GPU-4e7dc608-00fa-44a9-28c7-6a4948c1dae7,72093,97887,94,262.12
2026/10/10 18:32:02.615,GPU-4e7dc608-00fa-44a9-28c7-6a4948c1dae7,72093,97887,100,265.83
2026/10/10 18:32:03.146,GPU-4e7dc608-00fa-44a9-28c7-6a4948c1dae7,72093,97887,94,275.61
2026/10/10 18:32:03.679,GPU-4e7dc608-00fa-44a9-28c7-6a4948c1dae7,72093,97887,100,254.74
2026/10/10 18:32:04.211,GPU-4e7dc608-00fa-44a9-28c7-6a4948c1dae7,72093,97887,99,242.96
2026/10/10 18:32:04.744,GPU-4e7dc608-00fa-44a9-28c7-6a4948c1dae7,72093,97887,94,252.64
2026/10/10 18:32:05.286,GPU-4e7dc608-00fa-44a9-28c7-6a4948c1dae7,72093,97887,100,266.04
2026/10/10 18:32:05.832,GPU-4e7dc608-00fa-44a9-28c7-6a4948c1dae7,72093,97887,94,270.01
2026/10/10 18:32:06.383,GPU-4e7dc608-00fa-44a9-28c7-6a4948c1dae7,72093,97887,100,249.24
2026/10/10 18:32:06.915,GPU-4e7dc608-00fa-44a9-28c7-6a4948c1dae7,72093,97887,100,254.68
2026/10/10 18:32:07.449,GPU-4e7dc608-00fa-44a9-28c7-6a4948c1dae7,72093,97887,95,261.64
2026/10/10 18:32:07.982,GPU-4e7dc608-00fa-44a9-28c7-6a4948c1dae7,72093,97887,100,258.11
2026/10/10 18:32:08.515,GPU-4e7dc608-00fa-44a9-28c7-6a4948c1dae7,72093,97887,94,277.18
2026/10/10 18:32:09.048,GPU-4e7dc608-00fa-44a9-28c7-6a4948c1dae7,72093,97887,100,268.53
2026/10/10 18:32:09.580,GPU-4e7dc608-00fa-44a9-28c7-6a4948c1dae7,72093,97887,100,265.84
2026/10/10 18:32:10.112,GPU-4e7dc608-00fa-44a9-28c7-6a4948c1dae7,72093,97887,94,256.21
2026/10/10 18:32:10.660,GPU-4e7dc608-00fa-44a9-28c7-6a4948c1dae7,72093,97887,100,270.42
2026/10/10 18:32:11.190,GPU-4e7dc608-00fa-44a9-28c7-6a4948c1dae7,72093,97887,94,280.78
2026/10/10 18:32:11.722,GPU-4e7dc608-00fa-44a9-28c7-6a4948c1dae7,72093,97887,100,252.14
2026/10/10 18:32:12.258,GPU-4e7dc608-00fa-44a9-28c7-6a4948c1dae7,72093,97887,100,248.47
2026/10/10 18:32:12.806,GPU-4e7dc608-00fa-44a9-28c7-6a4948c1dae7,72093,97887,95,250.92
2026/10/10 18:32:13.339,GPU-4e7dc608-00fa-44a9-28c7-6a4948c1dae7,72093,97887,100,269.85
2026/10/10 18:32:13.871,GPU-4e7dc608-00fa-44a9-28c7-6a4948c1dae7,72093,97887,94,268.55
2026/10/10 18:32:14.409,GPU-4e7dc608-00fa-44a9-28c7-6a4948c1dae7,72093,97887,100,278.17
2026/10/10 18:32:14.942,GPU-4e7dc608-00fa-44a9-28c7-6a4948c1dae7,72093,97887,100,265.58
2026/10/10 18:32:15.475,GPU-4e7dc608-00fa-44a9-28c7-6a4948c1dae7,72093,97887,94,273.61
2026/10/10 18:32:16.009,GPU-4e7dc608-00fa-44a9-28c7-6a4948c1dae7,72093,97887,100,275.60
2026/10/10 18:32:16.543,GPU-4e7dc608-00fa-44a9-28c7-6a4948c1dae7,72093,97887,94,278.68
2026/10/10 18:32:17.075,GPU-4e7dc608-00fa-44a9-28c7-6a4948c1dae7,72093,97887,100,257.45
2026/10/10 18:32:17.607,GPU-4e7dc608-00fa-44a9-28c7-6a4948c1dae7,72093,97887,100,239.39
2026/10/10 18:32:18.140,GPU-4e7dc608-00fa-44a9-28c7-6a4948c1dae7,72093,97887,94,254.03
2026/10/10 18:32:18.673,GPU-4e7dc608-00fa-44a9-28c7-6a4948c1dae7,72093,97887,100,275.68
2026/10/10 18:32:19.206,GPU-4e7dc608-00fa-44a9-28c7-6a4948c1dae7,72093,97887,98,258.57
2026/10/10 18:32:19.741,GPU-4e7dc608-00fa-44a9-28c7-6a4948c1dae7,72093,97887,100,245.38
2026/10/10 18:32:20.278,GPU-4e7dc608-00fa-44a9-28c7-6a4948c1dae7,72093,97887,100,257.50
2026/10/10 18:32:20.810,GPU-4e7dc608-00fa-44a9-28c7-6a4948c1dae7,72093,97887,94,259.27
2026/10/10 18:32:21.344,GPU-4e7dc608-00fa-44a9-28c7-6a4948c1dae7,72093,97887,100,275.59
2026/10/10 18:32:21.878,GPU-4e7dc608-00fa-44a9-28c7-6a4948c1dae7,72093,97887,94,253.82
2026/10/10 18:32:22.412,GPU-4e7dc608-00fa-44a9-28c7-6a4948c1dae7,72093,97887,100,256.43
2026/10/10 18:32:22.946,GPU-4e7dc608-00fa-44a9-28c7-6a4948c1dae7,72093,97887,100,260.38
2026/10/10 18:32:23.477,GPU-4e7dc608-00fa-44a9-28c7-6a4948c1dae7,72093,97887,94,260.72
2026/10/10 18:32:24.010,GPU-4e7dc608-00fa-44a9-28c7-6a4948c1dae7,72093,97887,100,271.21
2026/10/10 18:32:24.544,GPU-4e7dc608-00fa-44a9-28c7-6a4948c1dae7,72093,97887,95,272.98
2026/10/10 18:32:25.077,GPU-4e7dc608-00fa-44a9-28c7-6a4948c1dae7,72093,97887,100,255.55
2026/10/10 18:32:25.611,GPU-4e7dc608-00fa-44a9-28c7-6a4948c1dae7,72093,97887,100,255.59
2026/10/10 18:32:26.164,GPU-4e7dc608-00fa-44a9-28c7-6a4948c1dae7,72093,97887,94,266.78
2026/10/10 18:32:26.696,GPU-4e7dc608-00fa-44a9-28c7-6a4948c1dae7,72093,97887,100,277.85
2026/10/10 18:32:27.228,GPU-4e7dc608-00fa-44a9-28c7-6a4948c1dae7,72093,97887,91,251.29
2026/10/10 18:32:27.764,GPU-4e7dc608-00fa-44a9-28c7-6a4948c1dae7,72093,97887,96,246.78
2026/10/10 18:32:28.297,GPU-4e7dc608-00fa-44a9-28c7-6a4948c1dae7,72093,97887,100,260.18
2026/10/10 18:32:28.830,GPU-4e7dc608-00fa-44a9-28c7-6a4948c1dae7,72093,97887,94,259.81
2026/10/10 18:32:29.364,GPU-4e7dc608-00fa-44a9-28c7-6a4948c1dae7,72093,97887,100,270.40
2026/10/10 18:32:29.897,GPU-4e7dc608-00fa-44a9-28c7-6a4948c1dae7,72093,97887,94,254.88
2026/10/10 18:32:30.432,GPU-4e7dc608-00fa-44a9-28c7-6a4948c1dae7,72093,97887,100,263.51
2026/10/10 18:32:30.965,GPU-4e7dc608-00fa-44a9-28c7-6a4948c1dae7,72093,97887,100,258.07
2026/10/10 18:32:31.501,GPU-4e7dc608-00fa-44a9-28c7-6a4948c1dae7,72093,97887,94,267.23
2026/10/10 18:32:32.036,GPU-4e7dc608-00fa-44a9-28c7-6a4948c1dae7,72093,97887,100,276.84
2026/10/10 18:32:32.568,GPU-4e7dc608-00fa-44a9-28c7-6a4948c1dae7,72093,97887,100,255.04
2026/10/10 18:32:33.100,GPU-4e7dc608-00fa-44a9-28c7-6a4948c1dae7,72093,97887,96,262.94
2026/10/10 18:32:33.635,GPU-4e7dc608-00fa-44a9-28c7-6a4948c1dae7,72093,97887,100,255.90
2026/10/10 18:32:34.169,GPU-4e7dc608-00fa-44a9-28c7-6a4948c1dae7,72093,97887,94,271.39
2026/10/10 18:32:34.700,GPU-4e7dc608-00fa-44a9-28c7-6a4948c1dae7,72093,97887,100,276.33
2026/10/10 18:32:35.233,GPU-4e7dc608-00fa-44a9-28c7-6a4948c1dae7,72093,97887,94,251.92
2026/10/10 18:32:35.784,GPU-4e7dc608-00fa-44a9-28c7-6a4948c1dae7,72093,97887,94,252.91
2026/10/10 18:32:36.325,GPU-4e7dc608-00fa-44a9-28c7-6a4948c1dae7,72093,97887,100,256.43
2026/10/10 18:32:36.857,GPU-4e7dc608-00fa-44a9-28c7-6a4948c1dae7,72093,97887,91,265.97
2026/10/10 18:32:37.394,GPU-4e7dc608-00fa-44a9-28c7-6a4948c1dae7,72093,97887,100,249.80
2026/10/10 18:32:37.927,GPU-4e7dc608-00fa-44a9-28c7-6a4948c1dae7,72093,97887,96,263.30
2026/10/10 18:32:38.460,GPU-4e7dc608-00fa-44a9-28c7-6a4948c1dae7,72093,97887,97,255.12
2026/10/10 18:32:38.993,GPU-4e7dc608-00fa-44a9-28c7-6a4948c1dae7,72093,97887,100,272.31
2026/10/10 18:32:39.525,GPU-4e7dc608-00fa-44a9-28c7-6a4948c1dae7,72093,97887,94,279.54
2026/10/10 18:32:40.062,GPU-4e7dc608-00fa-44a9-28c7-6a4948c1dae7,72093,97887,100,283.23
2026/10/10 18:32:40.598,GPU-4e7dc608-00fa-44a9-28c7-6a4948c1dae7,72093,97887,100,261.99
2026/10/10 18:32:41.133,GPU-4e7dc608-00fa-44a9-28c7-6a4948c1dae7,72093,97887,94,259.44
2026/10/10 18:32:41.669,GPU-4e7dc608-00fa-44a9-28c7-6a4948c1dae7,72093,97887,100,262.09
2026/10/10 18:32:42.202,GPU-4e7dc608-00fa-44a9-28c7-6a4948c1dae7,72093,97887,94,272.88
2026/10/10 18:32:42.733,GPU-4e7dc608-00fa-44a9-28c7-6a4948c1dae7,72093,97887,100,261.97
2026/10/10 18:32:43.267,GPU-4e7dc608-00fa-44a9-28c7-6a4948c1dae7,72093,97887,97,268.24
2026/10/10 18:32:43.802,GPU-4e7dc608-00fa-44a9-28c7-6a4948c1dae7,72093,97887,94,254.53
2026/10/10 18:32:44.336,GPU-4e7dc608-00fa-44a9-28c7-6a4948c1dae7,72093,97887,100,259.79
2026/10/10 18:32:44.873,GPU-4e7dc608-00fa-44a9-28c7-6a4948c1dae7,72093,97887,93,279.43
2026/10/10 18:32:45.412,GPU-4e7dc608-00fa-44a9-28c7-6a4948c1dae7,72093,97887,100,284.27
2026/10/10 18:32:45.945,GPU-4e7dc608-00fa-44a9-28c7-6a4948c1dae7,72093,97887,100,254.54
2026/10/10 18:32:46.478,GPU-4e7dc608-00fa-44a9-28c7-6a4948c1dae7,72093,97887,94,241.95
2026/10/10 18:32:47.012,GPU-4e7dc608-00fa-44a9-28c7-6a4948c1dae7,72093,97887,100,260.82
2026/10/10 18:32:47.546,GPU-4e7dc608-00fa-44a9-28c7-6a4948c1dae7,72093,97887,94,259.80
2026/10/10 18:32:48.079,GPU-4e7dc608-00fa-44a9-28c7-6a4948c1dae7,72093,97887,100,247.34
2026/10/10 18:32:48.610,GPU-4e7dc608-00fa-44a9-28c7-6a4948c1dae7,72093,97887,0,157.22
2026/10/10 18:32:49.139,GPU-4e7dc608-00fa-44a9-28c7-6a4948c1dae7,72093,97887,0,79.64
2026/10/10 18:32:49.672,GPU-4e7dc608-00fa-44a9-28c7-6a4948c1dae7,72093,97887,0,79.64
2026/10/10 18:32:50.205,GPU-4e7dc608-00fa-44a9-28c7-6a4948c1dae7,72093,97887,0,78.33
2026/10/10 18:32:50.735,GPU-4e7dc608-00fa-44a9-28c7-6a4948c1dae7,72093,97887,0,78.33
2026/10/10 18:32:51.269,GPU-4e7dc608-00fa-44a9-28c7-6a4948c1dae7,72093,97887,0,77.85
2026/10/10 18:32:51.799,GPU-4e7dc608-00fa-44a9-28c7-6a4948c1dae7,72093,97887,0,77.85
2026/10/10 18:32:52.330,GPU-4e7dc608-00fa-44a9-28c7-6a4948c1dae7,72093,97887,0,78.34
2026/10/10 18:32:52.860,GPU-4e7dc608-00fa-44a9-28c7-6a4948c1dae7,72093,97887,0,78.34
2026/10/10 18:32:53.390,GPU-4e7dc608-00fa-44a9-28c7-6a4948c1dae7,72093,97887,0,78.07
2026/10/10 18:32:53.920,GPU-4e7dc608-00fa-44a9-28c7-6a4948c1dae7,72093,97887,0,78.07
2026/10/10 18:32:54.450,GPU-4e7dc608-00fa-44a9-28c7-6a4948c1dae7,72093,97887,0,82.17
2026/10/10 18:32:54.982,GPU-4e7dc608-00fa-44a9-28c7-6a4948c1dae7,72093,97887,0,77.27
2026/10/10 18:32:55.512,GPU-4e7dc608-00fa-44a9-28c7-6a4948c1dae7,72093,97887,0,77.27
2026/10/10 18:32:56.042,GPU-4e7dc608-00fa-44a9-28c7-6a4948c1dae7,72093,97887,0,77.35
2026/10/10 18:32:56.572,GPU-4e7dc608-00fa-44a9-28c7-6a4948c1dae7,72093,97887,0,77.35
2026/10/10 18:32:57.102,GPU-4e7dc608-00fa-44a9-28c7-6a4948c1dae7,72093,97887,0,77.60
2026/10/10 18:32:57.632,GPU-4e7dc608-00fa-44a9-28c7-6a4948c1dae7,72093,97887,0,77.60
2026/10/10 18:32:58.160,GPU-4e7dc608-00fa-44a9-28c7-6a4948c1dae7,72093,97887,0,77.41
2026/10/10 18:32:58.691,GPU-4e7dc608-00fa-44a9-28c7-6a4948c1dae7,72093,97887,0,77.41
2026/10/10 18:32:59.220,GPU-4e7dc608-00fa-44a9-28c7-6a4948c1dae7,72093,97887,0,77.38
2026/10/10 18:32:59.775,GPU-4e7dc608-00fa-44a9-28c7-6a4948c1dae7,72093,97887,0,77.38
2026/10/10 18:33:00.322,GPU-4e7dc608-00fa-44a9-28c7-6a4948c1dae7,72093,97887,0,77.61
2026/10/10 18:33:00.851,GPU-4e7dc608-00fa-44a9-28c7-6a4948c1dae7,72093,97887,0,77.61
2026/10/10 18:33:01.381,GPU-4e7dc608-00fa-44a9-28c7-6a4948c1dae7,72093,97887,0,76.38
2026/10/10 18:33:01.911,GPU-4e7dc608-00fa-44a9-28c7-6a4948c1dae7,72093,97887,0,76.38
2026/10/10 18:33:02.442,GPU-4e7dc608-00fa-44a9-28c7-6a4948c1dae7,72093,97887,0,77.34
2026/10/10 18:33:02.972,GPU-4e7dc608-00fa-44a9-28c7-6a4948c1dae7,72093,97887,0,76.88
2026/10/10 18:33:03.507,GPU-4e7dc608-00fa-44a9-28c7-6a4948c1dae7,72093,97887,0,76.88
2026/10/10 18:33:04.040,GPU-4e7dc608-00fa-44a9-28c7-6a4948c1dae7,72093,97887,0,76.77
2026/10/10 18:33:04.572,GPU-4e7dc608-00fa-44a9-28c7-6a4948c1dae7,72093,97887,0,76.77
2026/10/10 18:33:05.104,GPU-4e7dc608-00fa-44a9-28c7-6a4948c1dae7,72093,97887,0,76.53
2026/10/10 18:33:05.645,GPU-4e7dc608-00fa-44a9-28c7-6a4948c1dae7,72093,97887,0,76.53
2026/10/10 18:33:06.181,GPU-4e7dc608-00fa-44a9-28c7-6a4948c1dae7,72093,97887,0,76.28
2026/10/10 18:33:06.713,GPU-4e7dc608-00fa-44a9-28c7-6a4948c1dae7,72093,97887,0,76.28
2026/10/10 18:33:07.244,GPU-4e7dc608-00fa-44a9-28c7-6a4948c1dae7,72093,97887,0,76.57
2026/10/10 18:33:07.779,GPU-4e7dc608-00fa-44a9-28c7-6a4948c1dae7,72093,97887,0,76.57
2026/10/10 18:33:08.310,GPU-4e7dc608-00fa-44a9-28c7-6a4948c1dae7,72093,97887,0,76.82
2026/10/10 18:33:08.842,GPU-4e7dc608-00fa-44a9-28c7-6a4948c1dae7,72093,97887,0,76.82
2026/10/10 18:33:09.386,GPU-4e7dc608-00fa-44a9-28c7-6a4948c1dae7,72093,97887,0,76.92
2026/10/10 18:33:09.917,GPU-4e7dc608-00fa-44a9-28c7-6a4948c1dae7,72093,97887,0,76.92
2026/10/10 18:33:10.449,GPU-4e7dc608-00fa-44a9-28c7-6a4948c1dae7,72093,97887,0,80.26
2026/10/10 18:33:10.982,GPU-4e7dc608-00fa-44a9-28c7-6a4948c1dae7,72093,97887,0,78.54
2026/10/10 18:33:11.515,GPU-4e7dc608-00fa-44a9-28c7-6a4948c1dae7,72093,97887,0,78.54
2026/10/10 18:33:12.049,GPU-4e7dc608-00fa-44a9-28c7-6a4948c1dae7,72093,97887,0,76.63
2026/10/10 18:33:12.584,GPU-4e7dc608-00fa-44a9-28c7-6a4948c1dae7,72093,97887,0,76.63
2026/10/10 18:33:13.118,GPU-4e7dc608-00fa-44a9-28c7-6a4948c1dae7,72093,97887,0,76.39
2026/10/10 18:33:13.652,GPU-4e7dc608-00fa-44a9-28c7-6a4948c1dae7,72093,97887,0,76.39
2026/10/10 18:33:14.186,GPU-4e7dc608-00fa-44a9-28c7-6a4948c1dae7,72093,97887,0,76.36
2026/10/10 18:33:14.720,GPU-4e7dc608-00fa-44a9-28c7-6a4948c1dae7,72093,97887,0,76.36
2026/10/10 18:33:15.255,GPU-4e7dc608-00fa-44a9-28c7-6a4948c1dae7,72093,97887,0,77.31
2026/10/10 18:33:15.788,GPU-4e7dc608-00fa-44a9-28c7-6a4948c1dae7,72093,97887,0,77.31
2026/10/10 18:33:16.321,GPU-4e7dc608-00fa-44a9-28c7-6a4948c1dae7,72093,97887,0,76.24
2026/10/10 18:33:16.856,GPU-4e7dc608-00fa-44a9-28c7-6a4948c1dae7,72093,97887,0,76.24
2026/10/10 18:33:17.390,GPU-4e7dc608-00fa-44a9-28c7-6a4948c1dae7,72093,97887,0,76.26
2026/10/10 18:33:17.923,GPU-4e7dc608-00fa-44a9-28c7-6a4948c1dae7,72093,97887,0,76.26
2026/10/10 18:33:18.457,GPU-4e7dc608-00fa-44a9-28c7-6a4948c1dae7,72093,97887,0,78.28
2026/10/10 18:33:18.992,GPU-4e7dc608-00fa-44a9-28c7-6a4948c1dae7,72093,97887,0,76.33
2026/10/10 18:33:19.526,GPU-4e7dc608-00fa-44a9-28c7-6a4948c1dae7,72093,97887,0,76.33
2026/10/10 18:33:20.059,GPU-4e7dc608-00fa-44a9-28c7-6a4948c1dae7,72093,97887,0,76.06
2026/10/10 18:33:20.594,GPU-4e7dc608-00fa-44a9-28c7-6a4948c1dae7,72093,97887,0,76.06
2026/10/10 18:33:21.129,GPU-4e7dc608-00fa-44a9-28c7-6a4948c1dae7,72093,97887,0,76.07
2026/10/10 18:33:21.662,GPU-4e7dc608-00fa-44a9-28c7-6a4948c1dae7,72093,97887,0,76.07
2026/10/10 18:33:22.198,GPU-4e7dc608-00fa-44a9-28c7-6a4948c1dae7,72093,97887,0,75.26
2026/10/10 18:33:22.730,GPU-4e7dc608-00fa-44a9-28c7-6a4948c1dae7,72093,97887,0,75.26
2026/10/10 18:33:23.263,GPU-4e7dc608-00fa-44a9-28c7-6a4948c1dae7,72093,97887,0,75.30
2026/10/10 18:33:23.797,GPU-4e7dc608-00fa-44a9-28c7-6a4948c1dae7,72093,97887,0,75.30
2026/10/10 18:33:24.331,GPU-4e7dc608-00fa-44a9-28c7-6a4948c1dae7,72093,97887,0,75.83
2026/10/10 18:33:24.866,GPU-4e7dc608-00fa-44a9-28c7-6a4948c1dae7,72093,97887,0,75.83
2026/10/10 18:33:25.413,GPU-4e7dc608-00fa-44a9-28c7-6a4948c1dae7,72093,97887,0,75.82
2026/10/10 18:33:25.947,GPU-4e7dc608-00fa-44a9-28c7-6a4948c1dae7,72093,97887,0,75.80
2026/10/10 18:33:26.480,GPU-4e7dc608-00fa-44a9-28c7-6a4948c1dae7,72093,97887,0,75.80
2026/10/10 18:33:27.015,GPU-4e7dc608-00fa-44a9-28c7-6a4948c1dae7,72093,97887,0,75.36
2026/10/10 18:33:27.549,GPU-4e7dc608-00fa-44a9-28c7-6a4948c1dae7,72093,97887,0,75.36
2026/10/10 18:33:28.084,GPU-4e7dc608-00fa-44a9-28c7-6a4948c1dae7,72093,97887,0,76.33
2026/10/10 18:33:28.619,GPU-4e7dc608-00fa-44a9-28c7-6a4948c1dae7,72093,97887,0,76.33
2026/10/10 18:33:29.152,GPU-4e7dc608-00fa-44a9-28c7-6a4948c1dae7,72093,97887,0,75.77
2026/10/10 18:33:29.686,GPU-4e7dc608-00fa-44a9-28c7-6a4948c1dae7,72093,97887,0,75.77
2026/10/10 18:33:30.222,GPU-4e7dc608-00fa-44a9-28c7-6a4948c1dae7,72093,97887,0,75.79
2026/10/10 18:33:30.756,GPU-4e7dc608-00fa-44a9-28c7-6a4948c1dae7,72093,97887,0,75.79
2026/10/10 18:33:31.289,GPU-4e7dc608-00fa-44a9-28c7-6a4948c1dae7,72093,97887,0,75.79
2026/10/10 18:33:31.823,GPU-4e7dc608-00fa-44a9-28c7-6a4948c1dae7,72093,97887,0,75.79
2026/10/10 18:33:32.357,GPU-4e7dc608-00fa-44a9-28c7-6a4948c1dae7,72093,97887,0,75.74
2026/10/10 18:33:32.891,GPU-4e7dc608-00fa-44a9-28c7-6a4948c1dae7,72093,97887,0,75.74
2026/10/10 18:33:33.423,GPU-4e7dc608-00fa-44a9-28c7-6a4948c1dae7,72093,97887,0,76.01
2026/10/10 18:33:33.957,GPU-4e7dc608-00fa-44a9-28c7-6a4948c1dae7,72093,97887,0,75.74
2026/10/10 18:33:34.491,GPU-4e7dc608-00fa-44a9-28c7-6a4948c1dae7,72093,97887,0,75.74
2026/10/10 18:33:35.027,GPU-4e7dc608-00fa-44a9-28c7-6a4948c1dae7,72093,97887,0,75.71
2026/10/10 18:33:35.569,GPU-4e7dc608-00fa-44a9-28c7-6a4948c1dae7,72093,97887,0,75.71
2026/10/10 18:33:36.109,GPU-4e7dc608-00fa-44a9-28c7-6a4948c1dae7,72093,97887,0,75.97
2026/10/10 18:33:36.643,GPU-4e7dc608-00fa-44a9-28c7-6a4948c1dae7,72093,97887,0,75.97
2026/10/10 18:33:37.175,GPU-4e7dc608-00fa-44a9-28c7-6a4948c1dae7,72093,97887,0,75.21
2026/10/10 18:33:37.708,GPU-4e7dc608-00fa-44a9-28c7-6a4948c1dae7,72093,97887,0,75.21
2026/10/10 18:33:38.241,GPU-4e7dc608-00fa-44a9-28c7-6a4948c1dae7,72093,97887,0,75.69
2026/10/10 18:33:38.776,GPU-4e7dc608-00fa-44a9-28c7-6a4948c1dae7,72093,97887,0,75.69
2026/10/10 18:33:39.308,GPU-4e7dc608-00fa-44a9-28c7-6a4948c1dae7,72093,97887,0,75.79
2026/10/10 18:33:39.842,GPU-4e7dc608-00fa-44a9-28c7-6a4948c1dae7,72093,97887,0,75.79
2026/10/10 18:33:40.374,GPU-4e7dc608-00fa-44a9-28c7-6a4948c1dae7,72093,97887,0,76.03
2026/10/10 18:33:40.905,GPU-4e7dc608-00fa-44a9-28c7-6a4948c1dae7,72093,97887,0,76.03
2026/10/10 18:33:41.438,GPU-4e7dc608-00fa-44a9-28c7-6a4948c1dae7,72093,97887,0,76.72
2026/10/10 18:33:41.973,GPU-4e7dc608-00fa-44a9-28c7-6a4948c1dae7,72093,97887,0,76.43
2026/10/10 18:33:42.506,GPU-4e7dc608-00fa-44a9-28c7-6a4948c1dae7,72093,97887,0,76.43
2026/10/10 18:33:43.037,GPU-4e7dc608-00fa-44a9-28c7-6a4948c1dae7,1787,97887,65,91.02
2026/10/10 18:33:43.569,GPU-4e7dc608-00fa-44a9-28c7-6a4948c1dae7,1787,97887,0,85.76
2026/10/10 18:33:44.100,GPU-4e7dc608-00fa-44a9-28c7-6a4948c1dae7,1787,97887,0,76.40
