timestamp,uuid,used_MiB,total_MiB,utilization_percent,power_W
2026/10/10 18:09:53.495,GPU-4e7dc608-00fa-44a9-28c7-6a4948c1dae7,0,97887,0,56.27
2026/10/10 18:09:54.023,GPU-4e7dc608-00fa-44a9-28c7-6a4948c1dae7,0,97887,0,56.25
2026/10/10 18:09:54.550,GPU-4e7dc608-00fa-44a9-28c7-6a4948c1dae7,0,97887,0,56.25
2026/10/10 18:09:55.078,GPU-4e7dc608-00fa-44a9-28c7-6a4948c1dae7,0,97887,0,56.23
2026/10/10 18:09:55.608,GPU-4e7dc608-00fa-44a9-28c7-6a4948c1dae7,0,97887,0,56.23
2026/10/10 18:09:56.136,GPU-4e7dc608-00fa-44a9-28c7-6a4948c1dae7,0,97887,0,57.24
2026/10/10 18:09:56.663,GPU-4e7dc608-00fa-44a9-28c7-6a4948c1dae7,0,97887,0,57.24
2026/10/10 18:09:57.190,GPU-4e7dc608-00fa-44a9-28c7-6a4948c1dae7,0,97887,0,56.27
2026/10/10 18:09:57.718,GPU-4e7dc608-00fa-44a9-28c7-6a4948c1dae7,0,97887,0,56.25
2026/10/10 18:09:58.245,GPU-4e7dc608-00fa-44a9-28c7-6a4948c1dae7,0,97887,0,56.25
2026/10/10 18:09:58.772,GPU-4e7dc608-00fa-44a9-28c7-6a4948c1dae7,0,97887,0,56.47
2026/10/10 18:09:59.301,GPU-4e7dc608-00fa-44a9-28c7-6a4948c1dae7,0,97887,0,56.47
2026/10/10 18:09:59.833,GPU-4e7dc608-00fa-44a9-28c7-6a4948c1dae7,0,97887,0,56.23
2026/10/10 18:10:00.361,GPU-4e7dc608-00fa-44a9-28c7-6a4948c1dae7,0,97887,0,56.23
2026/10/10 18:10:00.888,GPU-4e7dc608-00fa-44a9-28c7-6a4948c1dae7,0,97887,0,56.23
2026/10/10 18:10:01.415,GPU-4e7dc608-00fa-44a9-28c7-6a4948c1dae7,0,97887,0,56.23
2026/10/10 18:10:01.942,GPU-4e7dc608-00fa-44a9-28c7-6a4948c1dae7,0,97887,0,56.26
2026/10/10 18:10:02.468,GPU-4e7dc608-00fa-44a9-28c7-6a4948c1dae7,0,97887,0,56.26
2026/10/10 18:10:02.995,GPU-4e7dc608-00fa-44a9-28c7-6a4948c1dae7,559,97887,0,57.76
2026/10/10 18:10:03.521,GPU-4e7dc608-00fa-44a9-28c7-6a4948c1dae7,863,97887,0,64.35
2026/10/10 18:10:04.049,GPU-4e7dc608-00fa-44a9-28c7-6a4948c1dae7,865,97887,0,77.10
2026/10/10 18:10:04.575,GPU-4e7dc608-00fa-44a9-28c7-6a4948c1dae7,1089,97887,0,76.28
2026/10/10 18:10:05.103,GPU-4e7dc608-00fa-44a9-28c7-6a4948c1dae7,3861,97887,0,79.07
2026/10/10 18:10:05.640,GPU-4e7dc608-00fa-44a9-28c7-6a4948c1dae7,3993,97887,2,80.09
2026/10/10 18:10:06.173,GPU-4e7dc608-00fa-44a9-28c7-6a4948c1dae7,3993,97887,0,77.10
2026/10/10 18:10:06.700,GPU-4e7dc608-00fa-44a9-28c7-6a4948c1dae7,3993,97887,0,76.23
2026/10/10 18:10:07.227,GPU-4e7dc608-00fa-44a9-28c7-6a4948c1dae7,44605,97887,38,82.00
2026/10/10 18:10:07.755,GPU-4e7dc608-00fa-44a9-28c7-6a4948c1dae7,44605,97887,0,81.47
2026/10/10 18:10:08.282,GPU-4e7dc608-00fa-44a9-28c7-6a4948c1dae7,44605,97887,1,82.54
2026/10/10 18:10:08.809,GPU-4e7dc608-00fa-44a9-28c7-6a4948c1dae7,44605,97887,100,83.88
2026/10/10 18:10:09.347,GPU-4e7dc608-00fa-44a9-28c7-6a4948c1dae7,44605,97887,100,95.46
2026/10/10 18:10:09.882,GPU-4e7dc608-00fa-44a9-28c7-6a4948c1dae7,44605,97887,100,95.47
2026/10/10 18:10:10.418,GPU-4e7dc608-00fa-44a9-28c7-6a4948c1dae7,44605,97887,100,95.43
2026/10/10 18:10:10.945,GPU-4e7dc608-00fa-44a9-28c7-6a4948c1dae7,44605,97887,100,95.46
2026/10/10 18:10:11.473,GPU-4e7dc608-00fa-44a9-28c7-6a4948c1dae7,44605,97887,100,95.46
2026/10/10 18:10:12.000,GPU-4e7dc608-00fa-44a9-28c7-6a4948c1dae7,44605,97887,100,95.50
2026/10/10 18:10:12.526,GPU-4e7dc608-00fa-44a9-28c7-6a4948c1dae7,44605,97887,100,95.43
2026/10/10 18:10:13.051,GPU-4e7dc608-00fa-44a9-28c7-6a4948c1dae7,44605,97887,100,95.46
2026/10/10 18:10:13.578,GPU-4e7dc608-00fa-44a9-28c7-6a4948c1dae7,44605,97887,100,95.56
2026/10/10 18:10:14.104,GPU-4e7dc608-00fa-44a9-28c7-6a4948c1dae7,44605,97887,100,95.52
2026/10/10 18:10:14.629,GPU-4e7dc608-00fa-44a9-28c7-6a4948c1dae7,44605,97887,100,95.51
2026/10/10 18:10:15.157,GPU-4e7dc608-00fa-44a9-28c7-6a4948c1dae7,44605,97887,100,95.48
2026/10/10 18:10:15.686,GPU-4e7dc608-00fa-44a9-28c7-6a4948c1dae7,44605,97887,100,95.47
2026/10/10 18:10:16.213,GPU-4e7dc608-00fa-44a9-28c7-6a4948c1dae7,44605,97887,100,95.56
2026/10/10 18:10:16.738,GPU-4e7dc608-00fa-44a9-28c7-6a4948c1dae7,44605,97887,100,95.56
2026/10/10 18:10:17.278,GPU-4e7dc608-00fa-44a9-28c7-6a4948c1dae7,44605,97887,100,95.50
2026/10/10 18:10:17.804,GPU-4e7dc608-00fa-44a9-28c7-6a4948c1dae7,44605,97887,100,95.67
2026/10/10 18:10:18.329,GPU-4e7dc608-00fa-44a9-28c7-6a4948c1dae7,44605,97887,100,95.65
2026/10/10 18:10:18.853,GPU-4e7dc608-00fa-44a9-28c7-6a4948c1dae7,44605,97887,100,95.46
2026/10/10 18:10:19.380,GPU-4e7dc608-00fa-44a9-28c7-6a4948c1dae7,44605,97887,100,95.52
2026/10/10 18:10:19.907,GPU-4e7dc608-00fa-44a9-28c7-6a4948c1dae7,44605,97887,100,95.56
2026/10/10 18:10:20.434,GPU-4e7dc608-00fa-44a9-28c7-6a4948c1dae7,44605,97887,100,95.51
2026/10/10 18:10:20.960,GPU-4e7dc608-00fa-44a9-28c7-6a4948c1dae7,44605,97887,100,95.54
2026/10/10 18:10:21.487,GPU-4e7dc608-00fa-44a9-28c7-6a4948c1dae7,44829,97887,100,95.65
2026/10/10 18:10:22.015,GPU-4e7dc608-00fa-44a9-28c7-6a4948c1dae7,54879,97887,8,86.89
2026/10/10 18:10:22.543,GPU-4e7dc608-00fa-44a9-28c7-6a4948c1dae7,54943,97887,0,79.09
2026/10/10 18:10:23.071,GPU-4e7dc608-00fa-44a9-28c7-6a4948c1dae7,55263,97887,9,80.34
2026/10/10 18:10:23.601,GPU-4e7dc608-00fa-44a9-28c7-6a4948c1dae7,55265,97887,5,78.96
2026/10/10 18:10:24.129,GPU-4e7dc608-00fa-44a9-28c7-6a4948c1dae7,55267,97887,0,77.22
2026/10/10 18:10:24.658,GPU-4e7dc608-00fa-44a9-28c7-6a4948c1dae7,55267,97887,0,76.88
2026/10/10 18:10:25.189,GPU-4e7dc608-00fa-44a9-28c7-6a4948c1dae7,55267,97887,0,79.00
2026/10/10 18:10:25.717,GPU-4e7dc608-00fa-44a9-28c7-6a4948c1dae7,55267,97887,0,79.16
2026/10/10 18:10:26.245,GPU-4e7dc608-00fa-44a9-28c7-6a4948c1dae7,55267,97887,0,76.95
2026/10/10 18:10:26.774,GPU-4e7dc608-00fa-44a9-28c7-6a4948c1dae7,55267,97887,0,75.87
2026/10/10 18:10:27.302,GPU-4e7dc608-00fa-44a9-28c7-6a4948c1dae7,55267,97887,0,75.47
2026/10/10 18:10:27.828,GPU-4e7dc608-00fa-44a9-28c7-6a4948c1dae7,58139,97887,5,76.38
2026/10/10 18:10:28.360,GPU-4e7dc608-00fa-44a9-28c7-6a4948c1dae7,58139,97887,7,79.59
2026/10/10 18:10:28.887,GPU-4e7dc608-00fa-44a9-28c7-6a4948c1dae7,58139,97887,7,79.44
2026/10/10 18:10:29.419,GPU-4e7dc608-00fa-44a9-28c7-6a4948c1dae7,58139,97887,6,76.68
2026/10/10 18:10:29.948,GPU-4e7dc608-00fa-44a9-28c7-6a4948c1dae7,58139,97887,66,125.45
2026/10/10 18:10:30.477,GPU-4e7dc608-00fa-44a9-28c7-6a4948c1dae7,58139,97887,99,221.87
2026/10/10 18:10:31.005,GPU-4e7dc608-00fa-44a9-28c7-6a4948c1dae7,58139,97887,6,195.60
2026/10/10 18:10:31.533,GPU-4e7dc608-00fa-44a9-28c7-6a4948c1dae7,58139,97887,7,101.51
2026/10/10 18:10:32.061,GPU-4e7dc608-00fa-44a9-28c7-6a4948c1dae7,58139,97887,6,76.98
2026/10/10 18:10:32.592,GPU-4e7dc608-00fa-44a9-28c7-6a4948c1dae7,58139,97887,7,76.38
2026/10/10 18:10:33.122,GPU-4e7dc608-00fa-44a9-28c7-6a4948c1dae7,58139,97887,99,147.70
2026/10/10 18:10:33.654,GPU-4e7dc608-00fa-44a9-28c7-6a4948c1dae7,58139,97887,99,244.41
2026/10/10 18:10:34.183,GPU-4e7dc608-00fa-44a9-28c7-6a4948c1dae7,58139,97887,6,181.26
2026/10/10 18:10:34.712,GPU-4e7dc608-00fa-44a9-28c7-6a4948c1dae7,58139,97887,7,90.62
2026/10/10 18:10:35.240,GPU-4e7dc608-00fa-44a9-28c7-6a4948c1dae7,58139,97887,2,76.87
2026/10/10 18:10:35.851,GPU-4e7dc608-00fa-44a9-28c7-6a4948c1dae7,58139,97887,5,76.70
2026/10/10 18:10:36.412,GPU-4e7dc608-00fa-44a9-28c7-6a4948c1dae7,58139,97887,99,112.05
2026/10/10 18:10:36.941,GPU-4e7dc608-00fa-44a9-28c7-6a4948c1dae7,58139,97887,99,196.53
2026/10/10 18:10:37.471,GPU-4e7dc608-00fa-44a9-28c7-6a4948c1dae7,58139,97887,7,162.59
2026/10/10 18:10:37.999,GPU-4e7dc608-00fa-44a9-28c7-6a4948c1dae7,58139,97887,7,99.99
2026/10/10 18:10:38.526,GPU-4e7dc608-00fa-44a9-28c7-6a4948c1dae7,58139,97887,5,76.97
2026/10/10 18:10:39.055,GPU-4e7dc608-00fa-44a9-28c7-6a4948c1dae7,58139,97887,2,77.10
2026/10/10 18:10:39.586,GPU-4e7dc608-00fa-44a9-28c7-6a4948c1dae7,58139,97887,99,130.88
2026/10/10 18:10:40.126,GPU-4e7dc608-00fa-44a9-28c7-6a4948c1dae7,58139,97887,99,236.74
2026/10/10 18:10:40.657,GPU-4e7dc608-00fa-44a9-28c7-6a4948c1dae7,58139,97887,7,230.79
2026/10/10 18:10:41.186,GPU-4e7dc608-00fa-44a9-28c7-6a4948c1dae7,58139,97887,7,99.97
2026/10/10 18:10:41.716,GPU-4e7dc608-00fa-44a9-28c7-6a4948c1dae7,58139,97887,6,77.09
2026/10/10 18:10:42.246,GPU-4e7dc608-00fa-44a9-28c7-6a4948c1dae7,58139,97887,4,77.11
2026/10/10 18:10:42.790,GPU-4e7dc608-00fa-44a9-28c7-6a4948c1dae7,58139,97887,99,143.03
2026/10/10 18:10:43.322,GPU-4e7dc608-00fa-44a9-28c7-6a4948c1dae7,58139,97887,97,230.28
2026/10/10 18:10:43.852,GPU-4e7dc608-00fa-44a9-28c7-6a4948c1dae7,58139,97887,7,163.82
2026/10/10 18:10:44.381,GPU-4e7dc608-00fa-44a9-28c7-6a4948c1dae7,58139,97887,7,90.50
2026/10/10 18:10:44.909,GPU-4e7dc608-00fa-44a9-28c7-6a4948c1dae7,58139,97887,6,77.14
2026/10/10 18:10:45.440,GPU-4e7dc608-00fa-44a9-28c7-6a4948c1dae7,58139,97887,4,76.93
2026/10/10 18:10:45.971,GPU-4e7dc608-00fa-44a9-28c7-6a4948c1dae7,58139,97887,99,123.36
2026/10/10 18:10:46.504,GPU-4e7dc608-00fa-44a9-28c7-6a4948c1dae7,58139,97887,99,198.94
2026/10/10 18:10:47.031,GPU-4e7dc608-00fa-44a9-28c7-6a4948c1dae7,58139,97887,7,182.14
2026/10/10 18:10:47.559,GPU-4e7dc608-00fa-44a9-28c7-6a4948c1dae7,58139,97887,7,97.06
2026/10/10 18:10:48.089,GPU-4e7dc608-00fa-44a9-28c7-6a4948c1dae7,58139,97887,4,76.78
2026/10/10 18:10:48.622,GPU-4e7dc608-00fa-44a9-28c7-6a4948c1dae7,58139,97887,5,76.77
2026/10/10 18:10:49.153,GPU-4e7dc608-00fa-44a9-28c7-6a4948c1dae7,58139,97887,82,129.18
2026/10/10 18:10:49.684,GPU-4e7dc608-00fa-44a9-28c7-6a4948c1dae7,58139,97887,99,236.20
2026/10/10 18:10:50.219,GPU-4e7dc608-00fa-44a9-28c7-6a4948c1dae7,58139,97887,6,227.21
2026/10/10 18:10:50.748,GPU-4e7dc608-00fa-44a9-28c7-6a4948c1dae7,58139,97887,7,94.70
2026/10/10 18:10:51.277,GPU-4e7dc608-00fa-44a9-28c7-6a4948c1dae7,58139,97887,4,77.03
2026/10/10 18:10:51.805,GPU-4e7dc608-00fa-44a9-28c7-6a4948c1dae7,58139,97887,5,77.03
2026/10/10 18:10:52.336,GPU-4e7dc608-00fa-44a9-28c7-6a4948c1dae7,58139,97887,99,99.74
2026/10/10 18:10:52.868,GPU-4e7dc608-00fa-44a9-28c7-6a4948c1dae7,58139,97887,99,214.67
2026/10/10 18:10:53.397,GPU-4e7dc608-00fa-44a9-28c7-6a4948c1dae7,58139,97887,6,233.33
2026/10/10 18:10:53.927,GPU-4e7dc608-00fa-44a9-28c7-6a4948c1dae7,58139,97887,7,122.76
2026/10/10 18:10:54.455,GPU-4e7dc608-00fa-44a9-28c7-6a4948c1dae7,58139,97887,6,77.41
2026/10/10 18:10:54.986,GPU-4e7dc608-00fa-44a9-28c7-6a4948c1dae7,58139,97887,6,76.87
2026/10/10 18:10:55.517,GPU-4e7dc608-00fa-44a9-28c7-6a4948c1dae7,58139,97887,99,114.54
2026/10/10 18:10:56.053,GPU-4e7dc608-00fa-44a9-28c7-6a4948c1dae7,58139,97887,98,245.97
2026/10/10 18:10:56.581,GPU-4e7dc608-00fa-44a9-28c7-6a4948c1dae7,58139,97887,7,206.06
2026/10/10 18:10:57.111,GPU-4e7dc608-00fa-44a9-28c7-6a4948c1dae7,58139,97887,7,89.94
2026/10/10 18:10:57.641,GPU-4e7dc608-00fa-44a9-28c7-6a4948c1dae7,58139,97887,5,77.34
2026/10/10 18:10:58.170,GPU-4e7dc608-00fa-44a9-28c7-6a4948c1dae7,58139,97887,0,76.84
2026/10/10 18:10:58.701,GPU-4e7dc608-00fa-44a9-28c7-6a4948c1dae7,58139,97887,99,130.83
2026/10/10 18:10:59.233,GPU-4e7dc608-00fa-44a9-28c7-6a4948c1dae7,58139,97887,99,209.35
2026/10/10 18:10:59.765,GPU-4e7dc608-00fa-44a9-28c7-6a4948c1dae7,58139,97887,7,184.79
2026/10/10 18:11:00.294,GPU-4e7dc608-00fa-44a9-28c7-6a4948c1dae7,58139,97887,5,77.45
2026/10/10 18:11:00.822,GPU-4e7dc608-00fa-44a9-28c7-6a4948c1dae7,58139,97887,6,77.12
2026/10/10 18:11:01.351,GPU-4e7dc608-00fa-44a9-28c7-6a4948c1dae7,58139,97887,3,77.61
2026/10/10 18:11:01.881,GPU-4e7dc608-00fa-44a9-28c7-6a4948c1dae7,58139,97887,97,174.78
2026/10/10 18:11:02.414,GPU-4e7dc608-00fa-44a9-28c7-6a4948c1dae7,58139,97887,99,251.65
2026/10/10 18:11:02.945,GPU-4e7dc608-00fa-44a9-28c7-6a4948c1dae7,58139,97887,7,195.37
2026/10/10 18:11:03.474,GPU-4e7dc608-00fa-44a9-28c7-6a4948c1dae7,58139,97887,4,98.99
2026/10/10 18:11:04.002,GPU-4e7dc608-00fa-44a9-28c7-6a4948c1dae7,58139,97887,0,76.75
2026/10/10 18:11:04.530,GPU-4e7dc608-00fa-44a9-28c7-6a4948c1dae7,58139,97887,7,76.94
2026/10/10 18:11:05.063,GPU-4e7dc608-00fa-44a9-28c7-6a4948c1dae7,58139,97887,99,103.60
2026/10/10 18:11:05.609,GPU-4e7dc608-00fa-44a9-28c7-6a4948c1dae7,58139,97887,100,181.62
2026/10/10 18:11:06.145,GPU-4e7dc608-00fa-44a9-28c7-6a4948c1dae7,58139,97887,98,239.44
2026/10/10 18:11:06.673,GPU-4e7dc608-00fa-44a9-28c7-6a4948c1dae7,58139,97887,5,139.47
2026/10/10 18:11:07.201,GPU-4e7dc608-00fa-44a9-28c7-6a4948c1dae7,58139,97887,5,77.71
2026/10/10 18:11:07.730,GPU-4e7dc608-00fa-44a9-28c7-6a4948c1dae7,58139,97887,6,77.26
2026/10/10 18:11:08.258,GPU-4e7dc608-00fa-44a9-28c7-6a4948c1dae7,58139,97887,5,77.46
2026/10/10 18:11:08.789,GPU-4e7dc608-00fa-44a9-28c7-6a4948c1dae7,58139,97887,99,166.77
2026/10/10 18:11:09.317,GPU-4e7dc608-00fa-44a9-28c7-6a4948c1dae7,58139,97887,99,246.04
2026/10/10 18:11:09.856,GPU-4e7dc608-00fa-44a9-28c7-6a4948c1dae7,58139,97887,6,207.53
2026/10/10 18:11:10.384,GPU-4e7dc608-00fa-44a9-28c7-6a4948c1dae7,58139,97887,7,118.86
2026/10/10 18:11:10.913,GPU-4e7dc608-00fa-44a9-28c7-6a4948c1dae7,58139,97887,5,77.76
2026/10/10 18:11:11.443,GPU-4e7dc608-00fa-44a9-28c7-6a4948c1dae7,58139,97887,7,77.26
2026/10/10 18:11:11.972,GPU-4e7dc608-00fa-44a9-28c7-6a4948c1dae7,58139,97887,99,121.51
2026/10/10 18:11:12.502,GPU-4e7dc608-00fa-44a9-28c7-6a4948c1dae7,58139,97887,100,198.97
2026/10/10 18:11:13.030,GPU-4e7dc608-00fa-44a9-28c7-6a4948c1dae7,58139,97887,100,244.18
2026/10/10 18:11:13.559,GPU-4e7dc608-00fa-44a9-28c7-6a4948c1dae7,58139,97887,7,161.98
2026/10/10 18:11:14.087,GPU-4e7dc608-00fa-44a9-28c7-6a4948c1dae7,58139,97887,4,80.20
2026/10/10 18:11:14.616,GPU-4e7dc608-00fa-44a9-28c7-6a4948c1dae7,58139,97887,6,77.30
2026/10/10 18:11:15.144,GPU-4e7dc608-00fa-44a9-28c7-6a4948c1dae7,58139,97887,6,77.34
2026/10/10 18:11:15.673,GPU-4e7dc608-00fa-44a9-28c7-6a4948c1dae7,58139,97887,99,149.50
2026/10/10 18:11:16.201,GPU-4e7dc608-00fa-44a9-28c7-6a4948c1dae7,58139,97887,100,223.95
2026/10/10 18:11:16.731,GPU-4e7dc608-00fa-44a9-28c7-6a4948c1dae7,58139,97887,59,235.98
2026/10/10 18:11:17.304,GPU-4e7dc608-00fa-44a9-28c7-6a4948c1dae7,58139,97887,5,135.84
2026/10/10 18:11:17.835,GPU-4e7dc608-00fa-44a9-28c7-6a4948c1dae7,58139,97887,4,78.20
2026/10/10 18:11:18.365,GPU-4e7dc608-00fa-44a9-28c7-6a4948c1dae7,58139,97887,6,77.75
2026/10/10 18:11:18.895,GPU-4e7dc608-00fa-44a9-28c7-6a4948c1dae7,58139,97887,72,91.55
2026/10/10 18:11:19.426,GPU-4e7dc608-00fa-44a9-28c7-6a4948c1dae7,58139,97887,99,173.15
2026/10/10 18:11:19.959,GPU-4e7dc608-00fa-44a9-28c7-6a4948c1dae7,58139,97887,100,252.21
2026/10/10 18:11:20.488,GPU-4e7dc608-00fa-44a9-28c7-6a4948c1dae7,58139,97887,7,209.06
2026/10/10 18:11:21.016,GPU-4e7dc608-00fa-44a9-28c7-6a4948c1dae7,58139,97887,7,113.98
2026/10/10 18:11:21.545,GPU-4e7dc608-00fa-44a9-28c7-6a4948c1dae7,58139,97887,2,77.91
2026/10/10 18:11:22.082,GPU-4e7dc608-00fa-44a9-28c7-6a4948c1dae7,58139,97887,1,77.18
2026/10/10 18:11:22.610,GPU-4e7dc608-00fa-44a9-28c7-6a4948c1dae7,58139,97887,51,104.10
2026/10/10 18:11:23.138,GPU-4e7dc608-00fa-44a9-28c7-6a4948c1dae7,58139,97887,99,184.76
2026/10/10 18:11:23.666,GPU-4e7dc608-00fa-44a9-28c7-6a4948c1dae7,58139,97887,99,245.41
2026/10/10 18:11:24.195,GPU-4e7dc608-00fa-44a9-28c7-6a4948c1dae7,58139,97887,6,183.32
2026/10/10 18:11:24.723,GPU-4e7dc608-00fa-44a9-28c7-6a4948c1dae7,58139,97887,7,94.26
2026/10/10 18:11:25.251,GPU-4e7dc608-00fa-44a9-28c7-6a4948c1dae7,58139,97887,1,78.08
2026/10/10 18:11:25.787,GPU-4e7dc608-00fa-44a9-28c7-6a4948c1dae7,58139,97887,5,77.48
2026/10/10 18:11:26.316,GPU-4e7dc608-00fa-44a9-28c7-6a4948c1dae7,58139,97887,99,132.65
2026/10/10 18:11:26.849,GPU-4e7dc608-00fa-44a9-28c7-6a4948c1dae7,58139,97887,99,197.30
2026/10/10 18:11:27.378,GPU-4e7dc608-00fa-44a9-28c7-6a4948c1dae7,58139,97887,99,242.74
2026/10/10 18:11:27.909,GPU-4e7dc608-00fa-44a9-28c7-6a4948c1dae7,58139,97887,7,185.43
2026/10/10 18:11:28.436,GPU-4e7dc608-00fa-44a9-28c7-6a4948c1dae7,58139,97887,7,101.98
2026/10/10 18:11:28.966,GPU-4e7dc608-00fa-44a9-28c7-6a4948c1dae7,58139,97887,0,77.41
2026/10/10 18:11:29.495,GPU-4e7dc608-00fa-44a9-28c7-6a4948c1dae7,58139,97887,6,77.22
2026/10/10 18:11:30.025,GPU-4e7dc608-00fa-44a9-28c7-6a4948c1dae7,58139,97887,2,88.47
2026/10/10 18:11:30.558,GPU-4e7dc608-00fa-44a9-28c7-6a4948c1dae7,58139,97887,99,187.80
2026/10/10 18:11:31.086,GPU-4e7dc608-00fa-44a9-28c7-6a4948c1dae7,58139,97887,100,257.76
2026/10/10 18:11:31.614,GPU-4e7dc608-00fa-44a9-28c7-6a4948c1dae7,58139,97887,26,216.50
2026/10/10 18:11:32.142,GPU-4e7dc608-00fa-44a9-28c7-6a4948c1dae7,58139,97887,6,139.38
2026/10/10 18:11:32.671,GPU-4e7dc608-00fa-44a9-28c7-6a4948c1dae7,58139,97887,4,77.73
2026/10/10 18:11:33.201,GPU-4e7dc608-00fa-44a9-28c7-6a4948c1dae7,58139,97887,5,77.50
2026/10/10 18:11:33.729,GPU-4e7dc608-00fa-44a9-28c7-6a4948c1dae7,58139,97887,20,83.64
2026/10/10 18:11:34.264,GPU-4e7dc608-00fa-44a9-28c7-6a4948c1dae7,58139,97887,100,166.12
2026/10/10 18:11:34.796,GPU-4e7dc608-00fa-44a9-28c7-6a4948c1dae7,58139,97887,100,255.95
2026/10/10 18:11:35.336,GPU-4e7dc608-00fa-44a9-28c7-6a4948c1dae7,58139,97887,6,232.50
2026/10/10 18:11:35.871,GPU-4e7dc608-00fa-44a9-28c7-6a4948c1dae7,58139,97887,6,134.07
2026/10/10 18:11:36.399,GPU-4e7dc608-00fa-44a9-28c7-6a4948c1dae7,58139,97887,1,78.20
2026/10/10 18:11:36.933,GPU-4e7dc608-00fa-44a9-28c7-6a4948c1dae7,58139,97887,5,77.88
2026/10/10 18:11:37.462,GPU-4e7dc608-00fa-44a9-28c7-6a4948c1dae7,58139,97887,1,88.83
2026/10/10 18:11:37.994,GPU-4e7dc608-00fa-44a9-28c7-6a4948c1dae7,58139,97887,100,171.86
2026/10/10 18:11:38.526,GPU-4e7dc608-00fa-44a9-28c7-6a4948c1dae7,58139,97887,100,236.50
2026/10/10 18:11:39.054,GPU-4e7dc608-00fa-44a9-28c7-6a4948c1dae7,58139,97887,24,206.59
2026/10/10 18:11:39.584,GPU-4e7dc608-00fa-44a9-28c7-6a4948c1dae7,58139,97887,7,141.31
2026/10/10 18:11:40.114,GPU-4e7dc608-00fa-44a9-28c7-6a4948c1dae7,58139,97887,3,77.74
2026/10/10 18:11:40.650,GPU-4e7dc608-00fa-44a9-28c7-6a4948c1dae7,58139,97887,5,78.33
2026/10/10 18:11:41.179,GPU-4e7dc608-00fa-44a9-28c7-6a4948c1dae7,58139,97887,31,89.13
2026/10/10 18:11:41.709,GPU-4e7dc608-00fa-44a9-28c7-6a4948c1dae7,58139,97887,99,183.93
2026/10/10 18:11:42.259,GPU-4e7dc608-00fa-44a9-28c7-6a4948c1dae7,58139,97887,100,265.17
2026/10/10 18:11:42.801,GPU-4e7dc608-00fa-44a9-28c7-6a4948c1dae7,58139,97887,6,209.71
2026/10/10 18:11:43.330,GPU-4e7dc608-00fa-44a9-28c7-6a4948c1dae7,58139,97887,7,122.33
2026/10/10 18:11:43.859,GPU-4e7dc608-00fa-44a9-28c7-6a4948c1dae7,58139,97887,2,77.94
2026/10/10 18:11:44.387,GPU-4e7dc608-00fa-44a9-28c7-6a4948c1dae7,58139,97887,5,77.85
2026/10/10 18:11:44.915,GPU-4e7dc608-00fa-44a9-28c7-6a4948c1dae7,58139,97887,100,98.46
2026/10/10 18:11:45.443,GPU-4e7dc608-00fa-44a9-28c7-6a4948c1dae7,58139,97887,99,182.65
2026/10/10 18:11:45.976,GPU-4e7dc608-00fa-44a9-28c7-6a4948c1dae7,58139,97887,99,250.39
2026/10/10 18:11:46.505,GPU-4e7dc608-00fa-44a9-28c7-6a4948c1dae7,58139,97887,6,219.24
2026/10/10 18:11:47.034,GPU-4e7dc608-00fa-44a9-28c7-6a4948c1dae7,58139,97887,4,130.01
2026/10/10 18:11:47.563,GPU-4e7dc608-00fa-44a9-28c7-6a4948c1dae7,58139,97887,1,78.09
2026/10/10 18:11:48.094,GPU-4e7dc608-00fa-44a9-28c7-6a4948c1dae7,58139,97887,6,77.85
2026/10/10 18:11:48.623,GPU-4e7dc608-00fa-44a9-28c7-6a4948c1dae7,58139,97887,6,98.24
2026/10/10 18:11:49.153,GPU-4e7dc608-00fa-44a9-28c7-6a4948c1dae7,58139,97887,99,189.29
2026/10/10 18:11:49.683,GPU-4e7dc608-00fa-44a9-28c7-6a4948c1dae7,58139,97887,100,255.55
2026/10/10 18:11:50.213,GPU-4e7dc608-00fa-44a9-28c7-6a4948c1dae7,58139,97887,17,227.52
2026/10/10 18:11:50.743,GPU-4e7dc608-00fa-44a9-28c7-6a4948c1dae7,58139,97887,7,153.76
2026/10/10 18:11:51.272,GPU-4e7dc608-00fa-44a9-28c7-6a4948c1dae7,58139,97887,4,78.07
2026/10/10 18:11:51.801,GPU-4e7dc608-00fa-44a9-28c7-6a4948c1dae7,58139,97887,5,77.67
2026/10/10 18:11:52.330,GPU-4e7dc608-00fa-44a9-28c7-6a4948c1dae7,58139,97887,62,88.01
2026/10/10 18:11:52.858,GPU-4e7dc608-00fa-44a9-28c7-6a4948c1dae7,58139,97887,99,172.37
2026/10/10 18:11:53.389,GPU-4e7dc608-00fa-44a9-28c7-6a4948c1dae7,58139,97887,100,256.47
2026/10/10 18:11:53.921,GPU-4e7dc608-00fa-44a9-28c7-6a4948c1dae7,58139,97887,6,230.86
2026/10/10 18:11:54.452,GPU-4e7dc608-00fa-44a9-28c7-6a4948c1dae7,58139,97887,7,144.52
2026/10/10 18:11:54.986,GPU-4e7dc608-00fa-44a9-28c7-6a4948c1dae7,58139,97887,3,78.56
2026/10/10 18:11:55.516,GPU-4e7dc608-00fa-44a9-28c7-6a4948c1dae7,58139,97887,5,77.93
2026/10/10 18:11:56.045,GPU-4e7dc608-00fa-44a9-28c7-6a4948c1dae7,58139,97887,5,78.21
2026/10/10 18:11:56.575,GPU-4e7dc608-00fa-44a9-28c7-6a4948c1dae7,58139,97887,99,152.63
2026/10/10 18:11:57.104,GPU-4e7dc608-00fa-44a9-28c7-6a4948c1dae7,58139,97887,100,262.33
2026/10/10 18:11:57.632,GPU-4e7dc608-00fa-44a9-28c7-6a4948c1dae7,58139,97887,99,244.30
2026/10/10 18:11:58.161,GPU-4e7dc608-00fa-44a9-28c7-6a4948c1dae7,58139,97887,7,151.21
2026/10/10 18:11:58.691,GPU-4e7dc608-00fa-44a9-28c7-6a4948c1dae7,58139,97887,7,81.45
2026/10/10 18:11:59.219,GPU-4e7dc608-00fa-44a9-28c7-6a4948c1dae7,58139,97887,0,77.50
2026/10/10 18:11:59.750,GPU-4e7dc608-00fa-44a9-28c7-6a4948c1dae7,58139,97887,5,77.82
2026/10/10 18:12:00.279,GPU-4e7dc608-00fa-44a9-28c7-6a4948c1dae7,58139,97887,5,77.93
2026/10/10 18:12:00.811,GPU-4e7dc608-00fa-44a9-28c7-6a4948c1dae7,58139,97887,99,168.23
2026/10/10 18:12:01.341,GPU-4e7dc608-00fa-44a9-28c7-6a4948c1dae7,58139,97887,100,259.60
2026/10/10 18:12:01.873,GPU-4e7dc608-00fa-44a9-28c7-6a4948c1dae7,58139,97887,98,246.96
2026/10/10 18:12:02.405,GPU-4e7dc608-00fa-44a9-28c7-6a4948c1dae7,58139,97887,7,166.03
2026/10/10 18:12:02.933,GPU-4e7dc608-00fa-44a9-28c7-6a4948c1dae7,58139,97887,4,78.25
2026/10/10 18:12:03.463,GPU-4e7dc608-00fa-44a9-28c7-6a4948c1dae7,58139,97887,6,78.05
2026/10/10 18:12:03.993,GPU-4e7dc608-00fa-44a9-28c7-6a4948c1dae7,58139,97887,5,77.88
2026/10/10 18:12:04.521,GPU-4e7dc608-00fa-44a9-28c7-6a4948c1dae7,58139,97887,99,164.47
2026/10/10 18:12:05.052,GPU-4e7dc608-00fa-44a9-28c7-6a4948c1dae7,58139,97887,100,247.38
2026/10/10 18:12:05.592,GPU-4e7dc608-00fa-44a9-28c7-6a4948c1dae7,58139,97887,100,253.08
2026/10/10 18:12:06.129,GPU-4e7dc608-00fa-44a9-28c7-6a4948c1dae7,58139,97887,7,157.11
2026/10/10 18:12:06.659,GPU-4e7dc608-00fa-44a9-28c7-6a4948c1dae7,58139,97887,7,79.72
2026/10/10 18:12:07.189,GPU-4e7dc608-00fa-44a9-28c7-6a4948c1dae7,58139,97887,5,78.18
2026/10/10 18:12:07.718,GPU-4e7dc608-00fa-44a9-28c7-6a4948c1dae7,58139,97887,2,77.66
2026/10/10 18:12:08.248,GPU-4e7dc608-00fa-44a9-28c7-6a4948c1dae7,58139,97887,99,160.10
2026/10/10 18:12:08.779,GPU-4e7dc608-00fa-44a9-28c7-6a4948c1dae7,58139,97887,100,252.69
2026/10/10 18:12:09.312,GPU-4e7dc608-00fa-44a9-28c7-6a4948c1dae7,58139,97887,99,254.59
2026/10/10 18:12:09.841,GPU-4e7dc608-00fa-44a9-28c7-6a4948c1dae7,58139,97887,6,164.56
2026/10/10 18:12:10.371,GPU-4e7dc608-00fa-44a9-28c7-6a4948c1dae7,58139,97887,6,79.13
2026/10/10 18:12:10.900,GPU-4e7dc608-00fa-44a9-28c7-6a4948c1dae7,58139,97887,5,78.46
2026/10/10 18:12:11.428,GPU-4e7dc608-00fa-44a9-28c7-6a4948c1dae7,58139,97887,1,77.97
2026/10/10 18:12:11.959,GPU-4e7dc608-00fa-44a9-28c7-6a4948c1dae7,58139,97887,99,135.72
2026/10/10 18:12:12.489,GPU-4e7dc608-00fa-44a9-28c7-6a4948c1dae7,58139,97887,100,228.21
2026/10/10 18:12:13.017,GPU-4e7dc608-00fa-44a9-28c7-6a4948c1dae7,58139,97887,99,249.34
2026/10/10 18:12:13.549,GPU-4e7dc608-00fa-44a9-28c7-6a4948c1dae7,58139,97887,6,195.12
2026/10/10 18:12:14.078,GPU-4e7dc608-00fa-44a9-28c7-6a4948c1dae7,58139,97887,7,100.20
2026/10/10 18:12:14.606,GPU-4e7dc608-00fa-44a9-28c7-6a4948c1dae7,58139,97887,5,78.21
2026/10/10 18:12:15.136,GPU-4e7dc608-00fa-44a9-28c7-6a4948c1dae7,58139,97887,1,78.23
2026/10/10 18:12:15.665,GPU-4e7dc608-00fa-44a9-28c7-6a4948c1dae7,58139,97887,100,123.37
2026/10/10 18:12:16.195,GPU-4e7dc608-00fa-44a9-28c7-6a4948c1dae7,58139,97887,100,206.16
2026/10/10 18:12:16.727,GPU-4e7dc608-00fa-44a9-28c7-6a4948c1dae7,58139,97887,99,254.06
2026/10/10 18:12:17.261,GPU-4e7dc608-00fa-44a9-28c7-6a4948c1dae7,58139,97887,6,209.04
2026/10/10 18:12:17.811,GPU-4e7dc608-00fa-44a9-28c7-6a4948c1dae7,58139,97887,6,130.16
2026/10/10 18:12:18.339,GPU-4e7dc608-00fa-44a9-28c7-6a4948c1dae7,58139,97887,5,78.59
2026/10/10 18:12:18.871,GPU-4e7dc608-00fa-44a9-28c7-6a4948c1dae7,58139,97887,5,78.40
2026/10/10 18:12:19.400,GPU-4e7dc608-00fa-44a9-28c7-6a4948c1dae7,58139,97887,87,89.92
2026/10/10 18:12:19.931,GPU-4e7dc608-00fa-44a9-28c7-6a4948c1dae7,58139,97887,99,179.72
2026/10/10 18:12:20.462,GPU-4e7dc608-00fa-44a9-28c7-6a4948c1dae7,58139,97887,100,251.23
2026/10/10 18:12:20.991,GPU-4e7dc608-00fa-44a9-28c7-6a4948c1dae7,58139,97887,19,244.85
2026/10/10 18:12:21.519,GPU-4e7dc608-00fa-44a9-28c7-6a4948c1dae7,58139,97887,7,161.30
2026/10/10 18:12:22.049,GPU-4e7dc608-00fa-44a9-28c7-6a4948c1dae7,58139,97887,4,79.10
2026/10/10 18:12:22.577,GPU-4e7dc608-00fa-44a9-28c7-6a4948c1dae7,58139,97887,6,79.27
2026/10/10 18:12:23.108,GPU-4e7dc608-00fa-44a9-28c7-6a4948c1dae7,58139,97887,6,79.01
2026/10/10 18:12:23.639,GPU-4e7dc608-00fa-44a9-28c7-6a4948c1dae7,58139,97887,100,180.03
2026/10/10 18:12:24.168,GPU-4e7dc608-00fa-44a9-28c7-6a4948c1dae7,58139,97887,100,257.73
2026/10/10 18:12:24.697,GPU-4e7dc608-00fa-44a9-28c7-6a4948c1dae7,58139,97887,99,252.96
2026/10/10 18:12:25.231,GPU-4e7dc608-00fa-44a9-28c7-6a4948c1dae7,58139,97887,7,152.79
2026/10/10 18:12:25.777,GPU-4e7dc608-00fa-44a9-28c7-6a4948c1dae7,58139,97887,4,79.52
2026/10/10 18:12:26.310,GPU-4e7dc608-00fa-44a9-28c7-6a4948c1dae7,58139,97887,6,78.57
2026/10/10 18:12:26.841,GPU-4e7dc608-00fa-44a9-28c7-6a4948c1dae7,58139,97887,6,87.61
2026/10/10 18:12:27.370,GPU-4e7dc608-00fa-44a9-28c7-6a4948c1dae7,58139,97887,100,179.70
2026/10/10 18:12:27.906,GPU-4e7dc608-00fa-44a9-28c7-6a4948c1dae7,58139,97887,99,257.65
2026/10/10 18:12:28.437,GPU-4e7dc608-00fa-44a9-28c7-6a4948c1dae7,58139,97887,100,260.99
2026/10/10 18:12:28.970,GPU-4e7dc608-00fa-44a9-28c7-6a4948c1dae7,58139,97887,7,180.33
2026/10/10 18:12:29.499,GPU-4e7dc608-00fa-44a9-28c7-6a4948c1dae7,58139,97887,7,101.97
2026/10/10 18:12:30.028,GPU-4e7dc608-00fa-44a9-28c7-6a4948c1dae7,58139,97887,6,77.75
2026/10/10 18:12:30.559,GPU-4e7dc608-00fa-44a9-28c7-6a4948c1dae7,58139,97887,2,77.98
2026/10/10 18:12:31.087,GPU-4e7dc608-00fa-44a9-28c7-6a4948c1dae7,58139,97887,100,134.89
2026/10/10 18:12:31.615,GPU-4e7dc608-00fa-44a9-28c7-6a4948c1dae7,58139,97887,99,225.60
2026/10/10 18:12:32.146,GPU-4e7dc608-00fa-44a9-28c7-6a4948c1dae7,58139,97887,100,254.35
2026/10/10 18:12:32.678,GPU-4e7dc608-00fa-44a9-28c7-6a4948c1dae7,58139,97887,6,211.98
2026/10/10 18:12:33.207,GPU-4e7dc608-00fa-44a9-28c7-6a4948c1dae7,58139,97887,7,130.04
2026/10/10 18:12:33.736,GPU-4e7dc608-00fa-44a9-28c7-6a4948c1dae7,58139,97887,4,78.20
2026/10/10 18:12:34.265,GPU-4e7dc608-00fa-44a9-28c7-6a4948c1dae7,58139,97887,5,77.88
2026/10/10 18:12:34.795,GPU-4e7dc608-00fa-44a9-28c7-6a4948c1dae7,58139,97887,50,114.54
2026/10/10 18:12:35.337,GPU-4e7dc608-00fa-44a9-28c7-6a4948c1dae7,58139,97887,99,201.03
2026/10/10 18:12:35.891,GPU-4e7dc608-00fa-44a9-28c7-6a4948c1dae7,58139,97887,99,251.82
2026/10/10 18:12:36.437,GPU-4e7dc608-00fa-44a9-28c7-6a4948c1dae7,58139,97887,13,224.96
2026/10/10 18:12:36.968,GPU-4e7dc608-00fa-44a9-28c7-6a4948c1dae7,58139,97887,7,139.13
2026/10/10 18:12:37.500,GPU-4e7dc608-00fa-44a9-28c7-6a4948c1dae7,58139,97887,4,78.10
2026/10/10 18:12:38.036,GPU-4e7dc608-00fa-44a9-28c7-6a4948c1dae7,58139,97887,2,77.62
2026/10/10 18:12:38.565,GPU-4e7dc608-00fa-44a9-28c7-6a4948c1dae7,58139,97887,2,77.39
2026/10/10 18:12:39.093,GPU-4e7dc608-00fa-44a9-28c7-6a4948c1dae7,58139,97887,91,102.22
2026/10/10 18:12:39.622,GPU-4e7dc608-00fa-44a9-28c7-6a4948c1dae7,58139,97887,99,187.99
2026/10/10 18:12:40.154,GPU-4e7dc608-00fa-44a9-28c7-6a4948c1dae7,58139,97887,100,249.93
2026/10/10 18:12:40.689,GPU-4e7dc608-00fa-44a9-28c7-6a4948c1dae7,58139,97887,74,219.39
2026/10/10 18:12:41.221,GPU-4e7dc608-00fa-44a9-28c7-6a4948c1dae7,58139,97887,5,133.26
2026/10/10 18:12:41.749,GPU-4e7dc608-00fa-44a9-28c7-6a4948c1dae7,58139,97887,1,78.38
2026/10/10 18:12:42.289,GPU-4e7dc608-00fa-44a9-28c7-6a4948c1dae7,58139,97887,7,77.64
2026/10/10 18:12:42.817,GPU-4e7dc608-00fa-44a9-28c7-6a4948c1dae7,58139,97887,0,77.78
2026/10/10 18:12:43.347,GPU-4e7dc608-00fa-44a9-28c7-6a4948c1dae7,58139,97887,99,176.88
2026/10/10 18:12:43.877,GPU-4e7dc608-00fa-44a9-28c7-6a4948c1dae7,58139,97887,100,255.37
2026/10/10 18:12:44.408,GPU-4e7dc608-00fa-44a9-28c7-6a4948c1dae7,58139,97887,99,252.99
2026/10/10 18:12:44.937,GPU-4e7dc608-00fa-44a9-28c7-6a4948c1dae7,58139,97887,7,182.97
2026/10/10 18:12:45.466,GPU-4e7dc608-00fa-44a9-28c7-6a4948c1dae7,58139,97887,7,90.01
2026/10/10 18:12:45.995,GPU-4e7dc608-00fa-44a9-28c7-6a4948c1dae7,58139,97887,5,78.13
2026/10/10 18:12:46.524,GPU-4e7dc608-00fa-44a9-28c7-6a4948c1dae7,58139,97887,0,77.79
2026/10/10 18:12:47.054,GPU-4e7dc608-00fa-44a9-28c7-6a4948c1dae7,58139,97887,100,146.40
2026/10/10 18:12:47.583,GPU-4e7dc608-00fa-44a9-28c7-6a4948c1dae7,58139,97887,99,235.26
2026/10/10 18:12:48.114,GPU-4e7dc608-00fa-44a9-28c7-6a4948c1dae7,58139,97887,100,252.91
2026/10/10 18:12:48.651,GPU-4e7dc608-00fa-44a9-28c7-6a4948c1dae7,58139,97887,6,185.29
2026/10/10 18:12:49.181,GPU-4e7dc608-00fa-44a9-28c7-6a4948c1dae7,58139,97887,7,120.97
2026/10/10 18:12:49.711,GPU-4e7dc608-00fa-44a9-28c7-6a4948c1dae7,58139,97887,0,78.01
2026/10/10 18:12:50.240,GPU-4e7dc608-00fa-44a9-28c7-6a4948c1dae7,58139,97887,7,77.96
2026/10/10 18:12:50.769,GPU-4e7dc608-00fa-44a9-28c7-6a4948c1dae7,58139,97887,99,120.20
2026/10/10 18:12:51.299,GPU-4e7dc608-00fa-44a9-28c7-6a4948c1dae7,58139,97887,100,208.62
2026/10/10 18:12:51.829,GPU-4e7dc608-00fa-44a9-28c7-6a4948c1dae7,58139,97887,99,257.83
2026/10/10 18:12:52.365,GPU-4e7dc608-00fa-44a9-28c7-6a4948c1dae7,58139,97887,6,232.25
2026/10/10 18:12:52.896,GPU-4e7dc608-00fa-44a9-28c7-6a4948c1dae7,58139,97887,7,149.92
2026/10/10 18:12:53.425,GPU-4e7dc608-00fa-44a9-28c7-6a4948c1dae7,58139,97887,2,79.21
2026/10/10 18:12:53.953,GPU-4e7dc608-00fa-44a9-28c7-6a4948c1dae7,58139,97887,5,78.21
2026/10/10 18:12:54.484,GPU-4e7dc608-00fa-44a9-28c7-6a4948c1dae7,58139,97887,5,78.02
2026/10/10 18:12:55.014,GPU-4e7dc608-00fa-44a9-28c7-6a4948c1dae7,58139,97887,100,162.81
2026/10/10 18:12:55.568,GPU-4e7dc608-00fa-44a9-28c7-6a4948c1dae7,58139,97887,99,253.96
2026/10/10 18:12:56.104,GPU-4e7dc608-00fa-44a9-28c7-6a4948c1dae7,58139,97887,100,247.92
2026/10/10 18:12:56.635,GPU-4e7dc608-00fa-44a9-28c7-6a4948c1dae7,58139,97887,6,188.68
2026/10/10 18:12:57.163,GPU-4e7dc608-00fa-44a9-28c7-6a4948c1dae7,58139,97887,7,100.39
2026/10/10 18:12:57.691,GPU-4e7dc608-00fa-44a9-28c7-6a4948c1dae7,58139,97887,5,78.14
2026/10/10 18:12:58.221,GPU-4e7dc608-00fa-44a9-28c7-6a4948c1dae7,58139,97887,1,78.19
2026/10/10 18:12:58.751,GPU-4e7dc608-00fa-44a9-28c7-6a4948c1dae7,58139,97887,100,122.13
2026/10/10 18:12:59.280,GPU-4e7dc608-00fa-44a9-28c7-6a4948c1dae7,58139,97887,99,241.09
2026/10/10 18:12:59.809,GPU-4e7dc608-00fa-44a9-28c7-6a4948c1dae7,58139,97887,100,257.11
2026/10/10 18:13:00.338,GPU-4e7dc608-00fa-44a9-28c7-6a4948c1dae7,58139,97887,70,228.72
2026/10/10 18:13:00.867,GPU-4e7dc608-00fa-44a9-28c7-6a4948c1dae7,58139,97887,4,125.82
2026/10/10 18:13:01.396,GPU-4e7dc608-00fa-44a9-28c7-6a4948c1dae7,58139,97887,1,77.94
2026/10/10 18:13:01.925,GPU-4e7dc608-00fa-44a9-28c7-6a4948c1dae7,58139,97887,6,77.86
2026/10/10 18:13:02.454,GPU-4e7dc608-00fa-44a9-28c7-6a4948c1dae7,58139,97887,0,78.10
2026/10/10 18:13:02.990,GPU-4e7dc608-00fa-44a9-28c7-6a4948c1dae7,58139,97887,97,173.31
2026/10/10 18:13:03.519,GPU-4e7dc608-00fa-44a9-28c7-6a4948c1dae7,58139,97887,100,246.01
2026/10/10 18:13:04.049,GPU-4e7dc608-00fa-44a9-28c7-6a4948c1dae7,58139,97887,99,254.59
2026/10/10 18:13:04.578,GPU-4e7dc608-00fa-44a9-28c7-6a4948c1dae7,58139,97887,7,183.70
2026/10/10 18:13:05.107,GPU-4e7dc608-00fa-44a9-28c7-6a4948c1dae7,58139,97887,7,97.35
2026/10/10 18:13:05.644,GPU-4e7dc608-00fa-44a9-28c7-6a4948c1dae7,58139,97887,6,78.04
2026/10/10 18:13:06.180,GPU-4e7dc608-00fa-44a9-28c7-6a4948c1dae7,58139,97887,7,77.93
2026/10/10 18:13:06.708,GPU-4e7dc608-00fa-44a9-28c7-6a4948c1dae7,58139,97887,99,141.43
2026/10/10 18:13:07.236,GPU-4e7dc608-00fa-44a9-28c7-6a4948c1dae7,58139,97887,100,242.95
2026/10/10 18:13:07.765,GPU-4e7dc608-00fa-44a9-28c7-6a4948c1dae7,58139,97887,99,254.93
2026/10/10 18:13:08.293,GPU-4e7dc608-00fa-44a9-28c7-6a4948c1dae7,58139,97887,6,220.47
2026/10/10 18:13:08.822,GPU-4e7dc608-00fa-44a9-28c7-6a4948c1dae7,58139,97887,7,139.20
2026/10/10 18:13:09.366,GPU-4e7dc608-00fa-44a9-28c7-6a4948c1dae7,58139,97887,2,78.57
2026/10/10 18:13:09.907,GPU-4e7dc608-00fa-44a9-28c7-6a4948c1dae7,58139,97887,5,77.79
2026/10/10 18:13:10.436,GPU-4e7dc608-00fa-44a9-28c7-6a4948c1dae7,58139,97887,35,90.05
2026/10/10 18:13:10.969,GPU-4e7dc608-00fa-44a9-28c7-6a4948c1dae7,58139,97887,97,199.80
2026/10/10 18:13:11.502,GPU-4e7dc608-00fa-44a9-28c7-6a4948c1dae7,58139,97887,100,257.66
2026/10/10 18:13:12.038,GPU-4e7dc608-00fa-44a9-28c7-6a4948c1dae7,58139,97887,99,247.63
2026/10/10 18:13:12.568,GPU-4e7dc608-00fa-44a9-28c7-6a4948c1dae7,58139,97887,7,176.01
2026/10/10 18:13:13.098,GPU-4e7dc608-00fa-44a9-28c7-6a4948c1dae7,58139,97887,7,101.75
2026/10/10 18:13:13.627,GPU-4e7dc608-00fa-44a9-28c7-6a4948c1dae7,58139,97887,6,78.08
2026/10/10 18:13:14.155,GPU-4e7dc608-00fa-44a9-28c7-6a4948c1dae7,58139,97887,2,77.88
2026/10/10 18:13:14.686,GPU-4e7dc608-00fa-44a9-28c7-6a4948c1dae7,58139,97887,99,146.88
2026/10/10 18:13:15.217,GPU-4e7dc608-00fa-44a9-28c7-6a4948c1dae7,58139,97887,100,217.53
2026/10/10 18:13:15.745,GPU-4e7dc608-00fa-44a9-28c7-6a4948c1dae7,58139,97887,99,253.79
2026/10/10 18:13:16.276,GPU-4e7dc608-00fa-44a9-28c7-6a4948c1dae7,58139,97887,31,222.23
2026/10/10 18:13:16.804,GPU-4e7dc608-00fa-44a9-28c7-6a4948c1dae7,58139,97887,7,146.29
2026/10/10 18:13:17.332,GPU-4e7dc608-00fa-44a9-28c7-6a4948c1dae7,58139,97887,4,78.36
2026/10/10 18:13:17.861,GPU-4e7dc608-00fa-44a9-28c7-6a4948c1dae7,58139,97887,7,78.05
2026/10/10 18:13:18.389,GPU-4e7dc608-00fa-44a9-28c7-6a4948c1dae7,58139,97887,0,77.73
2026/10/10 18:13:18.918,GPU-4e7dc608-00fa-44a9-28c7-6a4948c1dae7,58139,97887,99,161.41
2026/10/10 18:13:19.447,GPU-4e7dc608-00fa-44a9-28c7-6a4948c1dae7,58139,97887,100,244.48
2026/10/10 18:13:19.975,GPU-4e7dc608-00fa-44a9-28c7-6a4948c1dae7,58139,97887,100,245.48
2026/10/10 18:13:20.502,GPU-4e7dc608-00fa-44a9-28c7-6a4948c1dae7,58139,97887,6,192.21
2026/10/10 18:13:21.031,GPU-4e7dc608-00fa-44a9-28c7-6a4948c1dae7,58139,97887,7,116.98
2026/10/10 18:13:21.560,GPU-4e7dc608-00fa-44a9-28c7-6a4948c1dae7,58139,97887,1,78.10
2026/10/10 18:13:22.089,GPU-4e7dc608-00fa-44a9-28c7-6a4948c1dae7,58139,97887,6,77.85
2026/10/10 18:13:22.624,GPU-4e7dc608-00fa-44a9-28c7-6a4948c1dae7,58139,97887,98,108.70
2026/10/10 18:13:23.159,GPU-4e7dc608-00fa-44a9-28c7-6a4948c1dae7,58139,97887,99,194.99
2026/10/10 18:13:23.690,GPU-4e7dc608-00fa-44a9-28c7-6a4948c1dae7,58139,97887,100,248.53
2026/10/10 18:13:24.222,GPU-4e7dc608-00fa-44a9-28c7-6a4948c1dae7,58139,97887,83,243.42
2026/10/10 18:13:24.749,GPU-4e7dc608-00fa-44a9-28c7-6a4948c1dae7,58139,97887,7,167.47
2026/10/10 18:13:25.289,GPU-4e7dc608-00fa-44a9-28c7-6a4948c1dae7,58139,97887,4,79.12
2026/10/10 18:13:25.828,GPU-4e7dc608-00fa-44a9-28c7-6a4948c1dae7,58139,97887,0,77.96
2026/10/10 18:13:26.358,GPU-4e7dc608-00fa-44a9-28c7-6a4948c1dae7,58139,97887,6,77.97
2026/10/10 18:13:26.887,GPU-4e7dc608-00fa-44a9-28c7-6a4948c1dae7,58139,97887,6,77.82
2026/10/10 18:13:27.420,GPU-4e7dc608-00fa-44a9-28c7-6a4948c1dae7,58139,97887,99,162.99
2026/10/10 18:13:27.950,GPU-4e7dc608-00fa-44a9-28c7-6a4948c1dae7,58139,97887,97,248.41
2026/10/10 18:13:28.482,GPU-4e7dc608-00fa-44a9-28c7-6a4948c1dae7,58139,97887,99,243.80
2026/10/10 18:13:29.012,GPU-4e7dc608-00fa-44a9-28c7-6a4948c1dae7,58139,97887,7,211.52
2026/10/10 18:13:29.540,GPU-4e7dc608-00fa-44a9-28c7-6a4948c1dae7,58139,97887,6,117.08
2026/10/10 18:13:30.068,GPU-4e7dc608-00fa-44a9-28c7-6a4948c1dae7,58139,97887,2,78.31
2026/10/10 18:13:30.596,GPU-4e7dc608-00fa-44a9-28c7-6a4948c1dae7,58139,97887,2,77.79
2026/10/10 18:13:31.125,GPU-4e7dc608-00fa-44a9-28c7-6a4948c1dae7,58139,97887,42,115.71
2026/10/10 18:13:31.655,GPU-4e7dc608-00fa-44a9-28c7-6a4948c1dae7,58139,97887,100,200.15
2026/10/10 18:13:32.185,GPU-4e7dc608-00fa-44a9-28c7-6a4948c1dae7,58139,97887,100,256.70
2026/10/10 18:13:32.714,GPU-4e7dc608-00fa-44a9-28c7-6a4948c1dae7,58139,97887,99,259.96
2026/10/10 18:13:33.243,GPU-4e7dc608-00fa-44a9-28c7-6a4948c1dae7,58139,97887,7,179.21
2026/10/10 18:13:33.770,GPU-4e7dc608-00fa-44a9-28c7-6a4948c1dae7,58139,97887,7,101.39
2026/10/10 18:13:34.300,GPU-4e7dc608-00fa-44a9-28c7-6a4948c1dae7,58139,97887,7,77.99
2026/10/10 18:13:34.828,GPU-4e7dc608-00fa-44a9-28c7-6a4948c1dae7,58139,97887,7,77.89
2026/10/10 18:13:35.367,GPU-4e7dc608-00fa-44a9-28c7-6a4948c1dae7,58139,97887,99,138.24
2026/10/10 18:13:35.909,GPU-4e7dc608-00fa-44a9-28c7-6a4948c1dae7,58139,97887,100,249.00
2026/10/10 18:13:36.443,GPU-4e7dc608-00fa-44a9-28c7-6a4948c1dae7,58139,97887,99,251.30
2026/10/10 18:13:36.975,GPU-4e7dc608-00fa-44a9-28c7-6a4948c1dae7,58139,97887,19,226.53
2026/10/10 18:13:37.503,GPU-4e7dc608-00fa-44a9-28c7-6a4948c1dae7,58139,97887,7,138.32
2026/10/10 18:13:38.032,GPU-4e7dc608-00fa-44a9-28c7-6a4948c1dae7,58139,97887,2,78.11
2026/10/10 18:13:38.562,GPU-4e7dc608-00fa-44a9-28c7-6a4948c1dae7,58139,97887,5,78.03
2026/10/10 18:13:39.093,GPU-4e7dc608-00fa-44a9-28c7-6a4948c1dae7,58139,97887,100,89.53
2026/10/10 18:13:39.622,GPU-4e7dc608-00fa-44a9-28c7-6a4948c1dae7,58139,97887,100,204.76
2026/10/10 18:13:40.150,GPU-4e7dc608-00fa-44a9-28c7-6a4948c1dae7,58139,97887,99,263.31
2026/10/10 18:13:40.676,GPU-4e7dc608-00fa-44a9-28c7-6a4948c1dae7,58139,97887,99,258.18
2026/10/10 18:13:41.204,GPU-4e7dc608-00fa-44a9-28c7-6a4948c1dae7,58139,97887,7,167.72
2026/10/10 18:13:41.733,GPU-4e7dc608-00fa-44a9-28c7-6a4948c1dae7,58139,97887,7,89.08
2026/10/10 18:13:42.278,GPU-4e7dc608-00fa-44a9-28c7-6a4948c1dae7,58139,97887,5,78.24
2026/10/10 18:13:42.811,GPU-4e7dc608-00fa-44a9-28c7-6a4948c1dae7,58139,97887,5,77.96
2026/10/10 18:13:43.340,GPU-4e7dc608-00fa-44a9-28c7-6a4948c1dae7,58139,97887,100,136.25
2026/10/10 18:13:43.870,GPU-4e7dc608-00fa-44a9-28c7-6a4948c1dae7,58139,97887,100,238.50
2026/10/10 18:13:44.399,GPU-4e7dc608-00fa-44a9-28c7-6a4948c1dae7,58139,97887,99,258.12
2026/10/10 18:13:44.928,GPU-4e7dc608-00fa-44a9-28c7-6a4948c1dae7,58139,97887,15,228.24
2026/10/10 18:13:45.457,GPU-4e7dc608-00fa-44a9-28c7-6a4948c1dae7,58139,97887,7,151.71
2026/10/10 18:13:45.992,GPU-4e7dc608-00fa-44a9-28c7-6a4948c1dae7,58139,97887,4,78.52
2026/10/10 18:13:46.521,GPU-4e7dc608-00fa-44a9-28c7-6a4948c1dae7,58139,97887,5,77.89
2026/10/10 18:13:47.050,GPU-4e7dc608-00fa-44a9-28c7-6a4948c1dae7,58139,97887,68,90.07
2026/10/10 18:13:47.583,GPU-4e7dc608-00fa-44a9-28c7-6a4948c1dae7,58139,97887,100,168.98
2026/10/10 18:13:48.114,GPU-4e7dc608-00fa-44a9-28c7-6a4948c1dae7,58139,97887,100,261.73
2026/10/10 18:13:48.646,GPU-4e7dc608-00fa-44a9-28c7-6a4948c1dae7,58139,97887,99,255.02
2026/10/10 18:13:49.180,GPU-4e7dc608-00fa-44a9-28c7-6a4948c1dae7,58139,97887,7,190.69
2026/10/10 18:13:49.709,GPU-4e7dc608-00fa-44a9-28c7-6a4948c1dae7,58139,97887,7,102.80
2026/10/10 18:13:50.238,GPU-4e7dc608-00fa-44a9-28c7-6a4948c1dae7,58139,97887,6,78.44
2026/10/10 18:13:50.766,GPU-4e7dc608-00fa-44a9-28c7-6a4948c1dae7,58139,97887,3,78.20
2026/10/10 18:13:51.295,GPU-4e7dc608-00fa-44a9-28c7-6a4948c1dae7,58139,97887,99,126.42
2026/10/10 18:13:51.824,GPU-4e7dc608-00fa-44a9-28c7-6a4948c1dae7,58139,97887,97,222.21
2026/10/10 18:13:52.353,GPU-4e7dc608-00fa-44a9-28c7-6a4948c1dae7,58139,97887,100,258.34
2026/10/10 18:13:52.881,GPU-4e7dc608-00fa-44a9-28c7-6a4948c1dae7,58139,97887,78,243.15
2026/10/10 18:13:53.408,GPU-4e7dc608-00fa-44a9-28c7-6a4948c1dae7,58139,97887,7,160.50
2026/10/10 18:13:53.937,GPU-4e7dc608-00fa-44a9-28c7-6a4948c1dae7,58139,97887,5,78.84
2026/10/10 18:13:54.465,GPU-4e7dc608-00fa-44a9-28c7-6a4948c1dae7,58139,97887,7,78.34
2026/10/10 18:13:55.002,GPU-4e7dc608-00fa-44a9-28c7-6a4948c1dae7,58139,97887,4,77.81
2026/10/10 18:13:55.531,GPU-4e7dc608-00fa-44a9-28c7-6a4948c1dae7,58139,97887,99,150.09
2026/10/10 18:13:56.060,GPU-4e7dc608-00fa-44a9-28c7-6a4948c1dae7,58139,97887,99,232.45
2026/10/10 18:13:56.588,GPU-4e7dc608-00fa-44a9-28c7-6a4948c1dae7,58139,97887,100,258.62
2026/10/10 18:13:57.115,GPU-4e7dc608-00fa-44a9-28c7-6a4948c1dae7,58139,97887,6,214.99
2026/10/10 18:13:57.642,GPU-4e7dc608-00fa-44a9-28c7-6a4948c1dae7,58139,97887,7,117.60
2026/10/10 18:13:58.171,GPU-4e7dc608-00fa-44a9-28c7-6a4948c1dae7,58139,97887,0,78.70
2026/10/10 18:13:58.700,GPU-4e7dc608-00fa-44a9-28c7-6a4948c1dae7,58139,97887,6,78.25
2026/10/10 18:13:59.228,GPU-4e7dc608-00fa-44a9-28c7-6a4948c1dae7,58139,97887,99,106.07
2026/10/10 18:13:59.758,GPU-4e7dc608-00fa-44a9-28c7-6a4948c1dae7,58139,97887,99,200.92
2026/10/10 18:14:00.286,GPU-4e7dc608-00fa-44a9-28c7-6a4948c1dae7,58139,97887,100,256.74
2026/10/10 18:14:00.813,GPU-4e7dc608-00fa-44a9-28c7-6a4948c1dae7,58139,97887,100,261.05
2026/10/10 18:14:01.341,GPU-4e7dc608-00fa-44a9-28c7-6a4948c1dae7,58139,97887,7,180.25
2026/10/10 18:14:01.868,GPU-4e7dc608-00fa-44a9-28c7-6a4948c1dae7,58139,97887,6,104.76
2026/10/10 18:14:02.398,GPU-4e7dc608-00fa-44a9-28c7-6a4948c1dae7,58139,97887,6,78.38
2026/10/10 18:14:02.927,GPU-4e7dc608-00fa-44a9-28c7-6a4948c1dae7,58139,97887,3,78.22
2026/10/10 18:14:03.457,GPU-4e7dc608-00fa-44a9-28c7-6a4948c1dae7,58139,97887,99,138.25
2026/10/10 18:14:03.986,GPU-4e7dc608-00fa-44a9-28c7-6a4948c1dae7,58139,97887,99,240.12
2026/10/10 18:14:04.514,GPU-4e7dc608-00fa-44a9-28c7-6a4948c1dae7,58139,97887,100,258.79
2026/10/10 18:14:05.044,GPU-4e7dc608-00fa-44a9-28c7-6a4948c1dae7,58139,97887,6,230.00
2026/10/10 18:14:05.586,GPU-4e7dc608-00fa-44a9-28c7-6a4948c1dae7,58139,97887,5,152.51
2026/10/10 18:14:06.120,GPU-4e7dc608-00fa-44a9-28c7-6a4948c1dae7,58139,97887,0,78.94
2026/10/10 18:14:06.650,GPU-4e7dc608-00fa-44a9-28c7-6a4948c1dae7,58139,97887,7,79.19
2026/10/10 18:14:07.178,GPU-4e7dc608-00fa-44a9-28c7-6a4948c1dae7,58139,97887,1,90.23
2026/10/10 18:14:07.707,GPU-4e7dc608-00fa-44a9-28c7-6a4948c1dae7,58139,97887,99,187.95
2026/10/10 18:14:08.238,GPU-4e7dc608-00fa-44a9-28c7-6a4948c1dae7,58139,97887,99,259.50
2026/10/10 18:14:08.769,GPU-4e7dc608-00fa-44a9-28c7-6a4948c1dae7,58139,97887,99,257.82
2026/10/10 18:14:09.297,GPU-4e7dc608-00fa-44a9-28c7-6a4948c1dae7,58139,97887,7,191.24
2026/10/10 18:14:09.825,GPU-4e7dc608-00fa-44a9-28c7-6a4948c1dae7,58139,97887,7,93.57
2026/10/10 18:14:10.363,GPU-4e7dc608-00fa-44a9-28c7-6a4948c1dae7,58139,97887,5,79.62
2026/10/10 18:14:10.892,GPU-4e7dc608-00fa-44a9-28c7-6a4948c1dae7,58139,97887,0,79.25
2026/10/10 18:14:11.422,GPU-4e7dc608-00fa-44a9-28c7-6a4948c1dae7,58139,97887,100,126.24
2026/10/10 18:14:11.949,GPU-4e7dc608-00fa-44a9-28c7-6a4948c1dae7,58139,97887,99,241.27
2026/10/10 18:14:12.477,GPU-4e7dc608-00fa-44a9-28c7-6a4948c1dae7,58139,97887,99,258.85
2026/10/10 18:14:13.004,GPU-4e7dc608-00fa-44a9-28c7-6a4948c1dae7,58139,97887,6,240.70
2026/10/10 18:14:13.531,GPU-4e7dc608-00fa-44a9-28c7-6a4948c1dae7,58139,97887,7,170.59
2026/10/10 18:14:14.058,GPU-4e7dc608-00fa-44a9-28c7-6a4948c1dae7,58139,97887,5,79.10
2026/10/10 18:14:14.586,GPU-4e7dc608-00fa-44a9-28c7-6a4948c1dae7,58139,97887,6,78.64
2026/10/10 18:14:15.114,GPU-4e7dc608-00fa-44a9-28c7-6a4948c1dae7,58139,97887,4,78.17
2026/10/10 18:14:15.644,GPU-4e7dc608-00fa-44a9-28c7-6a4948c1dae7,58139,97887,99,156.17
2026/10/10 18:14:16.171,GPU-4e7dc608-00fa-44a9-28c7-6a4948c1dae7,58139,97887,95,228.49
2026/10/10 18:14:16.697,GPU-4e7dc608-00fa-44a9-28c7-6a4948c1dae7,58139,97887,95,225.72
2026/10/10 18:14:17.223,GPU-4e7dc608-00fa-44a9-28c7-6a4948c1dae7,58139,97887,95,244.68
2026/10/10 18:14:17.751,GPU-4e7dc608-00fa-44a9-28c7-6a4948c1dae7,58139,97887,7,152.97
2026/10/10 18:14:18.278,GPU-4e7dc608-00fa-44a9-28c7-6a4948c1dae7,58139,97887,4,78.56
2026/10/10 18:14:18.808,GPU-4e7dc608-00fa-44a9-28c7-6a4948c1dae7,58139,97887,7,77.86
2026/10/10 18:14:19.343,GPU-4e7dc608-00fa-44a9-28c7-6a4948c1dae7,58139,97887,5,89.89
2026/10/10 18:14:19.871,GPU-4e7dc608-00fa-44a9-28c7-6a4948c1dae7,58139,97887,100,159.38
2026/10/10 18:14:20.398,GPU-4e7dc608-00fa-44a9-28c7-6a4948c1dae7,58139,97887,100,245.52
2026/10/10 18:14:20.929,GPU-4e7dc608-00fa-44a9-28c7-6a4948c1dae7,58139,97887,100,267.99
2026/10/10 18:14:21.459,GPU-4e7dc608-00fa-44a9-28c7-6a4948c1dae7,58139,97887,6,225.23
2026/10/10 18:14:21.989,GPU-4e7dc608-00fa-44a9-28c7-6a4948c1dae7,58139,97887,4,138.74
2026/10/10 18:14:22.517,GPU-4e7dc608-00fa-44a9-28c7-6a4948c1dae7,58139,97887,0,78.14
2026/10/10 18:14:23.046,GPU-4e7dc608-00fa-44a9-28c7-6a4948c1dae7,58139,97887,7,78.85
2026/10/10 18:14:23.574,GPU-4e7dc608-00fa-44a9-28c7-6a4948c1dae7,58139,97887,2,104.85
2026/10/10 18:14:24.104,GPU-4e7dc608-00fa-44a9-28c7-6a4948c1dae7,58139,97887,100,166.71
2026/10/10 18:14:24.633,GPU-4e7dc608-00fa-44a9-28c7-6a4948c1dae7,58139,97887,100,241.32
2026/10/10 18:14:25.167,GPU-4e7dc608-00fa-44a9-28c7-6a4948c1dae7,58139,97887,100,272.46
2026/10/10 18:14:25.710,GPU-4e7dc608-00fa-44a9-28c7-6a4948c1dae7,58139,97887,7,213.35
2026/10/10 18:14:26.240,GPU-4e7dc608-00fa-44a9-28c7-6a4948c1dae7,58139,97887,5,102.66
2026/10/10 18:14:26.768,GPU-4e7dc608-00fa-44a9-28c7-6a4948c1dae7,58139,97887,6,77.94
2026/10/10 18:14:27.298,GPU-4e7dc608-00fa-44a9-28c7-6a4948c1dae7,58139,97887,1,77.79
2026/10/10 18:14:27.828,GPU-4e7dc608-00fa-44a9-28c7-6a4948c1dae7,58139,97887,100,102.13
2026/10/10 18:14:28.357,GPU-4e7dc608-00fa-44a9-28c7-6a4948c1dae7,58139,97887,100,198.15
2026/10/10 18:14:28.885,GPU-4e7dc608-00fa-44a9-28c7-6a4948c1dae7,58139,97887,100,268.06
2026/10/10 18:14:29.415,GPU-4e7dc608-00fa-44a9-28c7-6a4948c1dae7,58139,97887,100,272.23
2026/10/10 18:14:29.947,GPU-4e7dc608-00fa-44a9-28c7-6a4948c1dae7,58139,97887,7,184.50
2026/10/10 18:14:30.476,GPU-4e7dc608-00fa-44a9-28c7-6a4948c1dae7,58139,97887,5,78.47
2026/10/10 18:14:31.004,GPU-4e7dc608-00fa-44a9-28c7-6a4948c1dae7,58139,97887,0,77.96
2026/10/10 18:14:31.531,GPU-4e7dc608-00fa-44a9-28c7-6a4948c1dae7,58139,97887,1,77.61
2026/10/10 18:14:32.061,GPU-4e7dc608-00fa-44a9-28c7-6a4948c1dae7,58139,97887,5,77.85
2026/10/10 18:14:32.589,GPU-4e7dc608-00fa-44a9-28c7-6a4948c1dae7,58139,97887,2,89.83
2026/10/10 18:14:33.124,GPU-4e7dc608-00fa-44a9-28c7-6a4948c1dae7,58139,97887,95,155.35
2026/10/10 18:14:33.653,GPU-4e7dc608-00fa-44a9-28c7-6a4948c1dae7,58139,97887,95,238.96
2026/10/10 18:14:34.182,GPU-4e7dc608-00fa-44a9-28c7-6a4948c1dae7,58139,97887,94,276.42
2026/10/10 18:14:34.711,GPU-4e7dc608-00fa-44a9-28c7-6a4948c1dae7,58139,97887,7,222.60
2026/10/10 18:14:35.239,GPU-4e7dc608-00fa-44a9-28c7-6a4948c1dae7,58139,97887,7,139.40
2026/10/10 18:14:35.782,GPU-4e7dc608-00fa-44a9-28c7-6a4948c1dae7,58139,97887,2,78.13
2026/10/10 18:14:36.318,GPU-4e7dc608-00fa-44a9-28c7-6a4948c1dae7,58139,97887,2,78.06
2026/10/10 18:14:36.848,GPU-4e7dc608-00fa-44a9-28c7-6a4948c1dae7,58139,97887,76,130.18
2026/10/10 18:14:37.378,GPU-4e7dc608-00fa-44a9-28c7-6a4948c1dae7,58139,97887,99,215.65
2026/10/10 18:14:37.907,GPU-4e7dc608-00fa-44a9-28c7-6a4948c1dae7,58139,97887,100,238.27
2026/10/10 18:14:38.436,GPU-4e7dc608-00fa-44a9-28c7-6a4948c1dae7,58139,97887,100,243.58
2026/10/10 18:14:38.974,GPU-4e7dc608-00fa-44a9-28c7-6a4948c1dae7,58139,97887,7,188.07
2026/10/10 18:14:39.502,GPU-4e7dc608-00fa-44a9-28c7-6a4948c1dae7,58139,97887,7,105.16
2026/10/10 18:14:40.032,GPU-4e7dc608-00fa-44a9-28c7-6a4948c1dae7,58139,97887,5,78.17
2026/10/10 18:14:40.567,GPU-4e7dc608-00fa-44a9-28c7-6a4948c1dae7,58139,97887,0,78.29
2026/10/10 18:14:41.096,GPU-4e7dc608-00fa-44a9-28c7-6a4948c1dae7,58139,97887,100,146.18
2026/10/10 18:14:41.625,GPU-4e7dc608-00fa-44a9-28c7-6a4948c1dae7,58139,97887,100,238.62
2026/10/10 18:14:42.169,GPU-4e7dc608-00fa-44a9-28c7-6a4948c1dae7,58139,97887,100,272.16
2026/10/10 18:14:42.701,GPU-4e7dc608-00fa-44a9-28c7-6a4948c1dae7,58139,97887,82,258.39
2026/10/10 18:14:43.232,GPU-4e7dc608-00fa-44a9-28c7-6a4948c1dae7,58139,97887,6,159.52
2026/10/10 18:14:43.762,GPU-4e7dc608-00fa-44a9-28c7-6a4948c1dae7,58139,97887,5,78.53
2026/10/10 18:14:44.291,GPU-4e7dc608-00fa-44a9-28c7-6a4948c1dae7,58139,97887,5,77.98
2026/10/10 18:14:44.820,GPU-4e7dc608-00fa-44a9-28c7-6a4948c1dae7,58139,97887,3,77.92
2026/10/10 18:14:45.349,GPU-4e7dc608-00fa-44a9-28c7-6a4948c1dae7,58139,97887,100,157.65
2026/10/10 18:14:45.879,GPU-4e7dc608-00fa-44a9-28c7-6a4948c1dae7,58139,97887,95,255.81
2026/10/10 18:14:46.408,GPU-4e7dc608-00fa-44a9-28c7-6a4948c1dae7,58139,97887,95,229.88
2026/10/10 18:14:46.940,GPU-4e7dc608-00fa-44a9-28c7-6a4948c1dae7,58139,97887,50,224.28
2026/10/10 18:14:47.470,GPU-4e7dc608-00fa-44a9-28c7-6a4948c1dae7,58139,97887,4,149.35
2026/10/10 18:14:47.998,GPU-4e7dc608-00fa-44a9-28c7-6a4948c1dae7,58139,97887,4,78.39
2026/10/10 18:14:48.527,GPU-4e7dc608-00fa-44a9-28c7-6a4948c1dae7,58139,97887,7,78.13
2026/10/10 18:14:49.057,GPU-4e7dc608-00fa-44a9-28c7-6a4948c1dae7,58139,97887,5,78.69
2026/10/10 18:14:49.590,GPU-4e7dc608-00fa-44a9-28c7-6a4948c1dae7,58139,97887,95,143.68
2026/10/10 18:14:50.120,GPU-4e7dc608-00fa-44a9-28c7-6a4948c1dae7,58139,97887,95,223.71
2026/10/10 18:14:50.650,GPU-4e7dc608-00fa-44a9-28c7-6a4948c1dae7,58139,97887,94,266.91
2026/10/10 18:14:51.178,GPU-4e7dc608-00fa-44a9-28c7-6a4948c1dae7,58139,97887,10,239.74
2026/10/10 18:14:51.707,GPU-4e7dc608-00fa-44a9-28c7-6a4948c1dae7,58139,97887,7,146.94
2026/10/10 18:14:52.238,GPU-4e7dc608-00fa-44a9-28c7-6a4948c1dae7,58139,97887,4,78.58
2026/10/10 18:14:52.766,GPU-4e7dc608-00fa-44a9-28c7-6a4948c1dae7,58139,97887,6,78.89
2026/10/10 18:14:53.296,GPU-4e7dc608-00fa-44a9-28c7-6a4948c1dae7,58139,97887,0,78.65
2026/10/10 18:14:53.838,GPU-4e7dc608-00fa-44a9-28c7-6a4948c1dae7,58139,97887,93,146.37
2026/10/10 18:14:54.369,GPU-4e7dc608-00fa-44a9-28c7-6a4948c1dae7,58139,97887,94,236.76
2026/10/10 18:14:54.902,GPU-4e7dc608-00fa-44a9-28c7-6a4948c1dae7,58139,97887,95,252.87
2026/10/10 18:14:55.434,GPU-4e7dc608-00fa-44a9-28c7-6a4948c1dae7,58139,97887,25,241.46
2026/10/10 18:14:55.963,GPU-4e7dc608-00fa-44a9-28c7-6a4948c1dae7,58139,97887,6,141.45
2026/10/10 18:14:56.494,GPU-4e7dc608-00fa-44a9-28c7-6a4948c1dae7,58139,97887,2,78.18
2026/10/10 18:14:57.023,GPU-4e7dc608-00fa-44a9-28c7-6a4948c1dae7,58139,97887,7,78.12
2026/10/10 18:14:57.556,GPU-4e7dc608-00fa-44a9-28c7-6a4948c1dae7,58139,97887,0,78.24
2026/10/10 18:14:58.085,GPU-4e7dc608-00fa-44a9-28c7-6a4948c1dae7,58139,97887,95,169.56
2026/10/10 18:14:58.614,GPU-4e7dc608-00fa-44a9-28c7-6a4948c1dae7,58139,97887,95,234.07
2026/10/10 18:14:59.143,GPU-4e7dc608-00fa-44a9-28c7-6a4948c1dae7,58139,97887,95,234.38
2026/10/10 18:14:59.677,GPU-4e7dc608-00fa-44a9-28c7-6a4948c1dae7,58139,97887,7,223.54
2026/10/10 18:15:00.206,GPU-4e7dc608-00fa-44a9-28c7-6a4948c1dae7,58139,97887,6,141.35
2026/10/10 18:15:00.736,GPU-4e7dc608-00fa-44a9-28c7-6a4948c1dae7,58139,97887,2,78.24
2026/10/10 18:15:01.266,GPU-4e7dc608-00fa-44a9-28c7-6a4948c1dae7,58139,97887,7,78.22
2026/10/10 18:15:01.795,GPU-4e7dc608-00fa-44a9-28c7-6a4948c1dae7,58139,97887,0,89.85
2026/10/10 18:15:02.325,GPU-4e7dc608-00fa-44a9-28c7-6a4948c1dae7,58139,97887,94,164.42
2026/10/10 18:15:02.853,GPU-4e7dc608-00fa-44a9-28c7-6a4948c1dae7,58139,97887,94,226.54
2026/10/10 18:15:03.383,GPU-4e7dc608-00fa-44a9-28c7-6a4948c1dae7,58139,97887,95,254.60
2026/10/10 18:15:03.912,GPU-4e7dc608-00fa-44a9-28c7-6a4948c1dae7,58139,97887,7,223.13
2026/10/10 18:15:04.441,GPU-4e7dc608-00fa-44a9-28c7-6a4948c1dae7,58139,97887,6,140.47
2026/10/10 18:15:04.970,GPU-4e7dc608-00fa-44a9-28c7-6a4948c1dae7,58139,97887,2,78.22
2026/10/10 18:15:05.525,GPU-4e7dc608-00fa-44a9-28c7-6a4948c1dae7,58139,97887,4,78.10
2026/10/10 18:15:06.062,GPU-4e7dc608-00fa-44a9-28c7-6a4948c1dae7,58139,97887,8,90.15
2026/10/10 18:15:06.592,GPU-4e7dc608-00fa-44a9-28c7-6a4948c1dae7,58139,97887,95,186.51
2026/10/10 18:15:07.121,GPU-4e7dc608-00fa-44a9-28c7-6a4948c1dae7,58139,97887,95,249.95
2026/10/10 18:15:07.651,GPU-4e7dc608-00fa-44a9-28c7-6a4948c1dae7,58139,97887,94,278.26
2026/10/10 18:15:08.181,GPU-4e7dc608-00fa-44a9-28c7-6a4948c1dae7,58139,97887,6,210.38
2026/10/10 18:15:08.712,GPU-4e7dc608-00fa-44a9-28c7-6a4948c1dae7,58139,97887,7,112.87
2026/10/10 18:15:09.241,GPU-4e7dc608-00fa-44a9-28c7-6a4948c1dae7,58139,97887,2,78.55
2026/10/10 18:15:09.770,GPU-4e7dc608-00fa-44a9-28c7-6a4948c1dae7,58139,97887,3,78.02
2026/10/10 18:15:10.311,GPU-4e7dc608-00fa-44a9-28c7-6a4948c1dae7,58139,97887,93,107.73
2026/10/10 18:15:10.841,GPU-4e7dc608-00fa-44a9-28c7-6a4948c1dae7,58139,97887,95,191.83
2026/10/10 18:15:11.371,GPU-4e7dc608-00fa-44a9-28c7-6a4948c1dae7,58139,97887,95,267.30
2026/10/10 18:15:11.905,GPU-4e7dc608-00fa-44a9-28c7-6a4948c1dae7,58139,97887,98,269.24
2026/10/10 18:15:12.438,GPU-4e7dc608-00fa-44a9-28c7-6a4948c1dae7,58139,97887,7,198.33
2026/10/10 18:15:12.966,GPU-4e7dc608-00fa-44a9-28c7-6a4948c1dae7,58139,97887,7,103.32
2026/10/10 18:15:13.496,GPU-4e7dc608-00fa-44a9-28c7-6a4948c1dae7,58139,97887,6,78.20
2026/10/10 18:15:14.026,GPU-4e7dc608-00fa-44a9-28c7-6a4948c1dae7,58139,97887,2,77.90
2026/10/10 18:15:14.557,GPU-4e7dc608-00fa-44a9-28c7-6a4948c1dae7,58139,97887,94,119.25
2026/10/10 18:15:15.094,GPU-4e7dc608-00fa-44a9-28c7-6a4948c1dae7,58139,97887,94,236.16
2026/10/10 18:15:15.627,GPU-4e7dc608-00fa-44a9-28c7-6a4948c1dae7,58139,97887,94,278.92
2026/10/10 18:15:16.157,GPU-4e7dc608-00fa-44a9-28c7-6a4948c1dae7,58139,97887,97,264.81
2026/10/10 18:15:16.686,GPU-4e7dc608-00fa-44a9-28c7-6a4948c1dae7,58139,97887,6,168.46
2026/10/10 18:15:17.215,GPU-4e7dc608-00fa-44a9-28c7-6a4948c1dae7,58139,97887,6,91.66
2026/10/10 18:15:17.744,GPU-4e7dc608-00fa-44a9-28c7-6a4948c1dae7,58139,97887,7,78.26
2026/10/10 18:15:18.274,GPU-4e7dc608-00fa-44a9-28c7-6a4948c1dae7,58139,97887,2,77.96
2026/10/10 18:15:18.804,GPU-4e7dc608-00fa-44a9-28c7-6a4948c1dae7,58139,97887,94,147.95
2026/10/10 18:15:19.340,GPU-4e7dc608-00fa-44a9-28c7-6a4948c1dae7,58139,97887,94,249.39
2026/10/10 18:15:19.870,GPU-4e7dc608-00fa-44a9-28c7-6a4948c1dae7,58139,97887,95,276.99
2026/10/10 18:15:20.401,GPU-4e7dc608-00fa-44a9-28c7-6a4948c1dae7,58139,97887,100,241.15
2026/10/10 18:15:20.929,GPU-4e7dc608-00fa-44a9-28c7-6a4948c1dae7,58139,97887,7,141.14
2026/10/10 18:15:21.459,GPU-4e7dc608-00fa-44a9-28c7-6a4948c1dae7,58139,97887,7,78.75
2026/10/10 18:15:21.988,GPU-4e7dc608-00fa-44a9-28c7-6a4948c1dae7,58139,97887,5,78.36
2026/10/10 18:15:22.518,GPU-4e7dc608-00fa-44a9-28c7-6a4948c1dae7,58139,97887,6,77.97
2026/10/10 18:15:23.047,GPU-4e7dc608-00fa-44a9-28c7-6a4948c1dae7,58139,97887,94,158.83
2026/10/10 18:15:23.577,GPU-4e7dc608-00fa-44a9-28c7-6a4948c1dae7,58139,97887,95,233.04
2026/10/10 18:15:24.107,GPU-4e7dc608-00fa-44a9-28c7-6a4948c1dae7,58139,97887,100,238.66
2026/10/10 18:15:24.636,GPU-4e7dc608-00fa-44a9-28c7-6a4948c1dae7,58139,97887,100,214.94
2026/10/10 18:15:25.165,GPU-4e7dc608-00fa-44a9-28c7-6a4948c1dae7,58139,97887,6,155.55
2026/10/10 18:15:25.695,GPU-4e7dc608-00fa-44a9-28c7-6a4948c1dae7,58139,97887,2,78.67
2026/10/10 18:15:26.240,GPU-4e7dc608-00fa-44a9-28c7-6a4948c1dae7,58139,97887,5,78.53
2026/10/10 18:15:26.771,GPU-4e7dc608-00fa-44a9-28c7-6a4948c1dae7,58139,97887,5,78.05
2026/10/10 18:15:27.300,GPU-4e7dc608-00fa-44a9-28c7-6a4948c1dae7,58139,97887,95,167.38
2026/10/10 18:15:27.829,GPU-4e7dc608-00fa-44a9-28c7-6a4948c1dae7,58139,97887,100,237.33
2026/10/10 18:15:28.358,GPU-4e7dc608-00fa-44a9-28c7-6a4948c1dae7,58139,97887,100,225.45
2026/10/10 18:15:28.887,GPU-4e7dc608-00fa-44a9-28c7-6a4948c1dae7,58139,97887,100,216.38
2026/10/10 18:15:29.417,GPU-4e7dc608-00fa-44a9-28c7-6a4948c1dae7,58139,97887,6,144.95
2026/10/10 18:15:29.948,GPU-4e7dc608-00fa-44a9-28c7-6a4948c1dae7,58139,97887,2,78.53
2026/10/10 18:15:30.479,GPU-4e7dc608-00fa-44a9-28c7-6a4948c1dae7,58139,97887,5,78.37
2026/10/10 18:15:31.012,GPU-4e7dc608-00fa-44a9-28c7-6a4948c1dae7,58139,97887,4,78.14
2026/10/10 18:15:31.542,GPU-4e7dc608-00fa-44a9-28c7-6a4948c1dae7,58139,97887,100,143.14
2026/10/10 18:15:32.073,GPU-4e7dc608-00fa-44a9-28c7-6a4948c1dae7,58139,97887,100,221.46
2026/10/10 18:15:32.603,GPU-4e7dc608-00fa-44a9-28c7-6a4948c1dae7,58139,97887,100,258.07
2026/10/10 18:15:33.132,GPU-4e7dc608-00fa-44a9-28c7-6a4948c1dae7,58139,97887,6,240.66
2026/10/10 18:15:33.660,GPU-4e7dc608-00fa-44a9-28c7-6a4948c1dae7,58139,97887,4,147.77
2026/10/10 18:15:34.191,GPU-4e7dc608-00fa-44a9-28c7-6a4948c1dae7,58139,97887,0,78.56
2026/10/10 18:15:34.719,GPU-4e7dc608-00fa-44a9-28c7-6a4948c1dae7,58139,97887,5,78.31
2026/10/10 18:15:35.248,GPU-4e7dc608-00fa-44a9-28c7-6a4948c1dae7,58139,97887,2,85.59
2026/10/10 18:15:35.797,GPU-4e7dc608-00fa-44a9-28c7-6a4948c1dae7,58139,97887,100,166.49
2026/10/10 18:15:36.329,GPU-4e7dc608-00fa-44a9-28c7-6a4948c1dae7,58139,97887,100,267.33
2026/10/10 18:15:36.860,GPU-4e7dc608-00fa-44a9-28c7-6a4948c1dae7,58139,97887,100,271.06
2026/10/10 18:15:37.388,GPU-4e7dc608-00fa-44a9-28c7-6a4948c1dae7,58139,97887,6,223.46
2026/10/10 18:15:37.917,GPU-4e7dc608-00fa-44a9-28c7-6a4948c1dae7,58139,97887,7,128.09
2026/10/10 18:15:38.446,GPU-4e7dc608-00fa-44a9-28c7-6a4948c1dae7,58139,97887,0,78.54
2026/10/10 18:15:38.975,GPU-4e7dc608-00fa-44a9-28c7-6a4948c1dae7,58139,97887,7,78.48
2026/10/10 18:15:39.503,GPU-4e7dc608-00fa-44a9-28c7-6a4948c1dae7,58139,97887,0,112.45
2026/10/10 18:15:40.034,GPU-4e7dc608-00fa-44a9-28c7-6a4948c1dae7,58139,97887,100,193.24
2026/10/10 18:15:40.577,GPU-4e7dc608-00fa-44a9-28c7-6a4948c1dae7,58139,97887,100,279.07
2026/10/10 18:15:41.107,GPU-4e7dc608-00fa-44a9-28c7-6a4948c1dae7,58139,97887,95,265.76
2026/10/10 18:15:41.637,GPU-4e7dc608-00fa-44a9-28c7-6a4948c1dae7,58139,97887,6,182.45
2026/10/10 18:15:42.167,GPU-4e7dc608-00fa-44a9-28c7-6a4948c1dae7,58139,97887,7,95.47
2026/10/10 18:15:42.696,GPU-4e7dc608-00fa-44a9-28c7-6a4948c1dae7,58139,97887,1,78.42
2026/10/10 18:15:43.225,GPU-4e7dc608-00fa-44a9-28c7-6a4948c1dae7,58139,97887,7,78.02
2026/10/10 18:15:43.753,GPU-4e7dc608-00fa-44a9-28c7-6a4948c1dae7,58139,97887,100,117.36
2026/10/10 18:15:44.284,GPU-4e7dc608-00fa-44a9-28c7-6a4948c1dae7,58139,97887,94,197.02
2026/10/10 18:15:44.814,GPU-4e7dc608-00fa-44a9-28c7-6a4948c1dae7,58139,97887,95,234.33
2026/10/10 18:15:45.346,GPU-4e7dc608-00fa-44a9-28c7-6a4948c1dae7,58139,97887,95,246.77
2026/10/10 18:15:45.880,GPU-4e7dc608-00fa-44a9-28c7-6a4948c1dae7,58139,97887,7,211.17
2026/10/10 18:15:46.409,GPU-4e7dc608-00fa-44a9-28c7-6a4948c1dae7,58139,97887,7,105.24
2026/10/10 18:15:46.938,GPU-4e7dc608-00fa-44a9-28c7-6a4948c1dae7,58139,97887,7,78.21
2026/10/10 18:15:47.467,GPU-4e7dc608-00fa-44a9-28c7-6a4948c1dae7,58139,97887,3,78.18
2026/10/10 18:15:47.997,GPU-4e7dc608-00fa-44a9-28c7-6a4948c1dae7,58139,97887,95,103.28
2026/10/10 18:15:48.528,GPU-4e7dc608-00fa-44a9-28c7-6a4948c1dae7,58139,97887,95,191.35
2026/10/10 18:15:49.057,GPU-4e7dc608-00fa-44a9-28c7-6a4948c1dae7,58139,97887,94,262.32
2026/10/10 18:15:49.586,GPU-4e7dc608-00fa-44a9-28c7-6a4948c1dae7,58139,97887,95,277.62
2026/10/10 18:15:50.116,GPU-4e7dc608-00fa-44a9-28c7-6a4948c1dae7,58139,97887,7,184.70
2026/10/10 18:15:50.645,GPU-4e7dc608-00fa-44a9-28c7-6a4948c1dae7,58139,97887,7,102.36
2026/10/10 18:15:51.174,GPU-4e7dc608-00fa-44a9-28c7-6a4948c1dae7,58139,97887,7,78.36
2026/10/10 18:15:51.703,GPU-4e7dc608-00fa-44a9-28c7-6a4948c1dae7,58139,97887,1,77.79
2026/10/10 18:15:52.231,GPU-4e7dc608-00fa-44a9-28c7-6a4948c1dae7,58139,97887,94,142.29
2026/10/10 18:15:52.762,GPU-4e7dc608-00fa-44a9-28c7-6a4948c1dae7,58139,97887,94,227.26
2026/10/10 18:15:53.291,GPU-4e7dc608-00fa-44a9-28c7-6a4948c1dae7,58139,97887,94,279.33
2026/10/10 18:15:53.820,GPU-4e7dc608-00fa-44a9-28c7-6a4948c1dae7,58139,97887,100,247.03
2026/10/10 18:15:54.349,GPU-4e7dc608-00fa-44a9-28c7-6a4948c1dae7,58139,97887,7,144.77
2026/10/10 18:15:54.878,GPU-4e7dc608-00fa-44a9-28c7-6a4948c1dae7,58139,97887,7,83.60
2026/10/10 18:15:55.418,GPU-4e7dc608-00fa-44a9-28c7-6a4948c1dae7,58139,97887,0,78.15
2026/10/10 18:15:55.949,GPU-4e7dc608-00fa-44a9-28c7-6a4948c1dae7,58139,97887,0,78.10
2026/10/10 18:15:56.478,GPU-4e7dc608-00fa-44a9-28c7-6a4948c1dae7,58139,97887,5,78.23
2026/10/10 18:15:57.008,GPU-4e7dc608-00fa-44a9-28c7-6a4948c1dae7,58139,97887,3,77.75
2026/10/10 18:15:57.537,GPU-4e7dc608-00fa-44a9-28c7-6a4948c1dae7,58139,97887,100,139.08
2026/10/10 18:15:58.068,GPU-4e7dc608-00fa-44a9-28c7-6a4948c1dae7,58139,97887,100,229.70
2026/10/10 18:15:58.598,GPU-4e7dc608-00fa-44a9-28c7-6a4948c1dae7,58139,97887,100,271.08
2026/10/10 18:15:59.127,GPU-4e7dc608-00fa-44a9-28c7-6a4948c1dae7,58139,97887,6,236.12
2026/10/10 18:15:59.657,GPU-4e7dc608-00fa-44a9-28c7-6a4948c1dae7,58139,97887,4,149.90
2026/10/10 18:16:00.187,GPU-4e7dc608-00fa-44a9-28c7-6a4948c1dae7,58139,97887,0,79.01
2026/10/10 18:16:00.716,GPU-4e7dc608-00fa-44a9-28c7-6a4948c1dae7,58139,97887,5,78.34
2026/10/10 18:16:01.244,GPU-4e7dc608-00fa-44a9-28c7-6a4948c1dae7,58139,97887,3,78.43
2026/10/10 18:16:01.773,GPU-4e7dc608-00fa-44a9-28c7-6a4948c1dae7,58139,97887,100,147.81
2026/10/10 18:16:02.302,GPU-4e7dc608-00fa-44a9-28c7-6a4948c1dae7,58139,97887,100,222.22
2026/10/10 18:16:02.832,GPU-4e7dc608-00fa-44a9-28c7-6a4948c1dae7,58139,97887,100,246.72
2026/10/10 18:16:03.368,GPU-4e7dc608-00fa-44a9-28c7-6a4948c1dae7,58139,97887,6,239.01
2026/10/10 18:16:03.896,GPU-4e7dc608-00fa-44a9-28c7-6a4948c1dae7,58139,97887,5,151.24
2026/10/10 18:16:04.426,GPU-4e7dc608-00fa-44a9-28c7-6a4948c1dae7,58139,97887,2,78.78
2026/10/10 18:16:04.956,GPU-4e7dc608-00fa-44a9-28c7-6a4948c1dae7,58139,97887,5,78.78
2026/10/10 18:16:05.498,GPU-4e7dc608-00fa-44a9-28c7-6a4948c1dae7,58139,97887,3,86.44
2026/10/10 18:16:06.034,GPU-4e7dc608-00fa-44a9-28c7-6a4948c1dae7,58139,97887,100,184.38
2026/10/10 18:16:06.564,GPU-4e7dc608-00fa-44a9-28c7-6a4948c1dae7,58139,97887,100,270.31
2026/10/10 18:16:07.092,GPU-4e7dc608-00fa-44a9-28c7-6a4948c1dae7,58139,97887,100,273.34
2026/10/10 18:16:07.621,GPU-4e7dc608-00fa-44a9-28c7-6a4948c1dae7,58139,97887,6,231.80
2026/10/10 18:16:08.151,GPU-4e7dc608-00fa-44a9-28c7-6a4948c1dae7,58139,97887,7,134.22
2026/10/10 18:16:08.681,GPU-4e7dc608-00fa-44a9-28c7-6a4948c1dae7,58139,97887,0,79.11
2026/10/10 18:16:09.213,GPU-4e7dc608-00fa-44a9-28c7-6a4948c1dae7,58139,97887,7,78.63
2026/10/10 18:16:09.751,GPU-4e7dc608-00fa-44a9-28c7-6a4948c1dae7,58139,97887,100,119.09
2026/10/10 18:16:10.297,GPU-4e7dc608-00fa-44a9-28c7-6a4948c1dae7,58139,97887,97,206.64
2026/10/10 18:16:10.834,GPU-4e7dc608-00fa-44a9-28c7-6a4948c1dae7,58139,97887,95,230.15
2026/10/10 18:16:11.368,GPU-4e7dc608-00fa-44a9-28c7-6a4948c1dae7,58139,97887,95,224.17
2026/10/10 18:16:11.898,GPU-4e7dc608-00fa-44a9-28c7-6a4948c1dae7,58139,97887,7,188.25
2026/10/10 18:16:12.427,GPU-4e7dc608-00fa-44a9-28c7-6a4948c1dae7,58139,97887,7,115.81
2026/10/10 18:16:12.957,GPU-4e7dc608-00fa-44a9-28c7-6a4948c1dae7,58139,97887,6,78.54
2026/10/10 18:16:13.486,GPU-4e7dc608-00fa-44a9-28c7-6a4948c1dae7,58139,97887,4,77.89
2026/10/10 18:16:14.015,GPU-4e7dc608-00fa-44a9-28c7-6a4948c1dae7,58139,97887,94,107.20
2026/10/10 18:16:14.546,GPU-4e7dc608-00fa-44a9-28c7-6a4948c1dae7,58139,97887,95,201.07
2026/10/10 18:16:15.075,GPU-4e7dc608-00fa-44a9-28c7-6a4948c1dae7,58139,97887,95,235.91
2026/10/10 18:16:15.604,GPU-4e7dc608-00fa-44a9-28c7-6a4948c1dae7,58139,97887,93,277.25
2026/10/10 18:16:16.132,GPU-4e7dc608-00fa-44a9-28c7-6a4948c1dae7,58139,97887,7,159.38
2026/10/10 18:16:16.661,GPU-4e7dc608-00fa-44a9-28c7-6a4948c1dae7,58139,97887,7,78.49
2026/10/10 18:16:17.189,GPU-4e7dc608-00fa-44a9-28c7-6a4948c1dae7,58139,97887,6,78.14
2026/10/10 18:16:17.718,GPU-4e7dc608-00fa-44a9-28c7-6a4948c1dae7,58139,97887,4,77.78
2026/10/10 18:16:18.247,GPU-4e7dc608-00fa-44a9-28c7-6a4948c1dae7,58139,97887,94,170.00
2026/10/10 18:16:18.776,GPU-4e7dc608-00fa-44a9-28c7-6a4948c1dae7,58139,97887,95,271.59
2026/10/10 18:16:19.305,GPU-4e7dc608-00fa-44a9-28c7-6a4948c1dae7,58139,97887,100,240.02
2026/10/10 18:16:19.836,GPU-4e7dc608-00fa-44a9-28c7-6a4948c1dae7,58139,97887,99,240.80
2026/10/10 18:16:20.369,GPU-4e7dc608-00fa-44a9-28c7-6a4948c1dae7,58139,97887,99,259.06
2026/10/10 18:16:20.901,GPU-4e7dc608-00fa-44a9-28c7-6a4948c1dae7,58139,97887,99,282.93
2026/10/10 18:16:21.431,GPU-4e7dc608-00fa-44a9-28c7-6a4948c1dae7,58139,97887,99,276.23
2026/10/10 18:16:21.962,GPU-4e7dc608-00fa-44a9-28c7-6a4948c1dae7,58139,97887,99,253.37
2026/10/10 18:16:22.491,GPU-4e7dc608-00fa-44a9-28c7-6a4948c1dae7,58139,97887,99,279.44
2026/10/10 18:16:23.022,GPU-4e7dc608-00fa-44a9-28c7-6a4948c1dae7,58139,97887,99,304.60
2026/10/10 18:16:23.552,GPU-4e7dc608-00fa-44a9-28c7-6a4948c1dae7,58139,97887,99,246.76
2026/10/10 18:16:24.084,GPU-4e7dc608-00fa-44a9-28c7-6a4948c1dae7,58139,97887,99,249.27
2026/10/10 18:16:24.614,GPU-4e7dc608-00fa-44a9-28c7-6a4948c1dae7,58139,97887,99,305.80
2026/10/10 18:16:25.144,GPU-4e7dc608-00fa-44a9-28c7-6a4948c1dae7,58139,97887,99,270.19
2026/10/10 18:16:25.678,GPU-4e7dc608-00fa-44a9-28c7-6a4948c1dae7,58139,97887,95,234.89
2026/10/10 18:16:26.207,GPU-4e7dc608-00fa-44a9-28c7-6a4948c1dae7,58139,97887,99,286.87
2026/10/10 18:16:26.741,GPU-4e7dc608-00fa-44a9-28c7-6a4948c1dae7,58139,97887,99,286.36
2026/10/10 18:16:27.288,GPU-4e7dc608-00fa-44a9-28c7-6a4948c1dae7,58139,97887,99,268.04
2026/10/10 18:16:27.818,GPU-4e7dc608-00fa-44a9-28c7-6a4948c1dae7,58139,97887,99,270.45
2026/10/10 18:16:28.346,GPU-4e7dc608-00fa-44a9-28c7-6a4948c1dae7,58139,97887,99,283.23
2026/10/10 18:16:28.873,GPU-4e7dc608-00fa-44a9-28c7-6a4948c1dae7,58139,97887,99,277.79
2026/10/10 18:16:29.405,GPU-4e7dc608-00fa-44a9-28c7-6a4948c1dae7,58139,97887,98,277.25
2026/10/10 18:16:29.936,GPU-4e7dc608-00fa-44a9-28c7-6a4948c1dae7,58139,97887,99,290.68
2026/10/10 18:16:30.466,GPU-4e7dc608-00fa-44a9-28c7-6a4948c1dae7,58139,97887,99,266.47
2026/10/10 18:16:30.996,GPU-4e7dc608-00fa-44a9-28c7-6a4948c1dae7,58139,97887,99,263.38
2026/10/10 18:16:31.526,GPU-4e7dc608-00fa-44a9-28c7-6a4948c1dae7,58139,97887,99,255.44
2026/10/10 18:16:32.057,GPU-4e7dc608-00fa-44a9-28c7-6a4948c1dae7,58139,97887,99,250.76
2026/10/10 18:16:32.587,GPU-4e7dc608-00fa-44a9-28c7-6a4948c1dae7,58139,97887,99,247.32
2026/10/10 18:16:33.117,GPU-4e7dc608-00fa-44a9-28c7-6a4948c1dae7,58139,97887,99,251.27
2026/10/10 18:16:33.645,GPU-4e7dc608-00fa-44a9-28c7-6a4948c1dae7,58139,97887,99,256.58
2026/10/10 18:16:34.172,GPU-4e7dc608-00fa-44a9-28c7-6a4948c1dae7,58139,97887,99,247.74
2026/10/10 18:16:34.701,GPU-4e7dc608-00fa-44a9-28c7-6a4948c1dae7,58139,97887,99,258.11
2026/10/10 18:16:35.229,GPU-4e7dc608-00fa-44a9-28c7-6a4948c1dae7,58139,97887,99,255.35
2026/10/10 18:16:35.771,GPU-4e7dc608-00fa-44a9-28c7-6a4948c1dae7,58139,97887,100,254.38
2026/10/10 18:16:36.308,GPU-4e7dc608-00fa-44a9-28c7-6a4948c1dae7,58139,97887,99,253.82
2026/10/10 18:16:36.841,GPU-4e7dc608-00fa-44a9-28c7-6a4948c1dae7,58139,97887,100,252.51
2026/10/10 18:16:37.370,GPU-4e7dc608-00fa-44a9-28c7-6a4948c1dae7,58139,97887,99,249.85
2026/10/10 18:16:37.902,GPU-4e7dc608-00fa-44a9-28c7-6a4948c1dae7,58139,97887,100,257.04
2026/10/10 18:16:38.434,GPU-4e7dc608-00fa-44a9-28c7-6a4948c1dae7,58139,97887,99,249.98
2026/10/10 18:16:38.968,GPU-4e7dc608-00fa-44a9-28c7-6a4948c1dae7,58139,97887,99,251.90
2026/10/10 18:16:39.499,GPU-4e7dc608-00fa-44a9-28c7-6a4948c1dae7,58139,97887,99,261.91
2026/10/10 18:16:40.029,GPU-4e7dc608-00fa-44a9-28c7-6a4948c1dae7,58139,97887,99,246.62
2026/10/10 18:16:40.570,GPU-4e7dc608-00fa-44a9-28c7-6a4948c1dae7,58139,97887,99,255.08
2026/10/10 18:16:41.100,GPU-4e7dc608-00fa-44a9-28c7-6a4948c1dae7,58139,97887,99,267.30
2026/10/10 18:16:41.630,GPU-4e7dc608-00fa-44a9-28c7-6a4948c1dae7,58139,97887,99,246.38
2026/10/10 18:16:42.165,GPU-4e7dc608-00fa-44a9-28c7-6a4948c1dae7,58139,97887,99,252.06
2026/10/10 18:16:42.694,GPU-4e7dc608-00fa-44a9-28c7-6a4948c1dae7,58139,97887,100,272.53
2026/10/10 18:16:43.222,GPU-4e7dc608-00fa-44a9-28c7-6a4948c1dae7,58139,97887,99,264.14
2026/10/10 18:16:43.751,GPU-4e7dc608-00fa-44a9-28c7-6a4948c1dae7,58139,97887,100,258.21
2026/10/10 18:16:44.280,GPU-4e7dc608-00fa-44a9-28c7-6a4948c1dae7,58139,97887,100,253.40
2026/10/10 18:16:44.810,GPU-4e7dc608-00fa-44a9-28c7-6a4948c1dae7,58139,97887,100,256.30
2026/10/10 18:16:45.342,GPU-4e7dc608-00fa-44a9-28c7-6a4948c1dae7,58139,97887,99,248.07
2026/10/10 18:16:45.876,GPU-4e7dc608-00fa-44a9-28c7-6a4948c1dae7,58139,97887,99,252.43
2026/10/10 18:16:46.409,GPU-4e7dc608-00fa-44a9-28c7-6a4948c1dae7,58139,97887,99,252.04
2026/10/10 18:16:46.940,GPU-4e7dc608-00fa-44a9-28c7-6a4948c1dae7,58139,97887,99,259.14
2026/10/10 18:16:47.467,GPU-4e7dc608-00fa-44a9-28c7-6a4948c1dae7,58139,97887,99,264.15
2026/10/10 18:16:47.995,GPU-4e7dc608-00fa-44a9-28c7-6a4948c1dae7,58139,97887,99,265.89
2026/10/10 18:16:48.524,GPU-4e7dc608-00fa-44a9-28c7-6a4948c1dae7,58139,97887,100,258.25
2026/10/10 18:16:49.054,GPU-4e7dc608-00fa-44a9-28c7-6a4948c1dae7,58139,97887,99,269.96
2026/10/10 18:16:49.583,GPU-4e7dc608-00fa-44a9-28c7-6a4948c1dae7,58139,97887,99,261.52
2026/10/10 18:16:50.116,GPU-4e7dc608-00fa-44a9-28c7-6a4948c1dae7,58139,97887,99,257.28
2026/10/10 18:16:50.644,GPU-4e7dc608-00fa-44a9-28c7-6a4948c1dae7,58139,97887,99,248.75
2026/10/10 18:16:51.171,GPU-4e7dc608-00fa-44a9-28c7-6a4948c1dae7,58139,97887,100,265.25
2026/10/10 18:16:51.699,GPU-4e7dc608-00fa-44a9-28c7-6a4948c1dae7,58139,97887,99,257.10
2026/10/10 18:16:52.229,GPU-4e7dc608-00fa-44a9-28c7-6a4948c1dae7,58139,97887,99,253.72
2026/10/10 18:16:52.760,GPU-4e7dc608-00fa-44a9-28c7-6a4948c1dae7,58139,97887,100,258.38
2026/10/10 18:16:53.290,GPU-4e7dc608-00fa-44a9-28c7-6a4948c1dae7,58139,97887,100,249.45
2026/10/10 18:16:53.819,GPU-4e7dc608-00fa-44a9-28c7-6a4948c1dae7,58139,97887,99,262.22
2026/10/10 18:16:54.350,GPU-4e7dc608-00fa-44a9-28c7-6a4948c1dae7,58139,97887,99,272.32
2026/10/10 18:16:54.880,GPU-4e7dc608-00fa-44a9-28c7-6a4948c1dae7,58139,97887,99,259.34
2026/10/10 18:16:55.410,GPU-4e7dc608-00fa-44a9-28c7-6a4948c1dae7,58139,97887,100,257.29
2026/10/10 18:16:55.952,GPU-4e7dc608-00fa-44a9-28c7-6a4948c1dae7,58139,97887,99,255.52
2026/10/10 18:16:56.481,GPU-4e7dc608-00fa-44a9-28c7-6a4948c1dae7,58139,97887,99,253.88
2026/10/10 18:16:57.009,GPU-4e7dc608-00fa-44a9-28c7-6a4948c1dae7,58139,97887,100,255.59
2026/10/10 18:16:57.537,GPU-4e7dc608-00fa-44a9-28c7-6a4948c1dae7,58139,97887,99,256.87
2026/10/10 18:16:58.066,GPU-4e7dc608-00fa-44a9-28c7-6a4948c1dae7,58139,97887,99,257.41
2026/10/10 18:16:58.594,GPU-4e7dc608-00fa-44a9-28c7-6a4948c1dae7,58139,97887,100,259.22
2026/10/10 18:16:59.124,GPU-4e7dc608-00fa-44a9-28c7-6a4948c1dae7,58139,97887,99,256.55
2026/10/10 18:16:59.654,GPU-4e7dc608-00fa-44a9-28c7-6a4948c1dae7,58139,97887,99,256.79
2026/10/10 18:17:00.187,GPU-4e7dc608-00fa-44a9-28c7-6a4948c1dae7,58139,97887,100,258.21
2026/10/10 18:17:00.720,GPU-4e7dc608-00fa-44a9-28c7-6a4948c1dae7,58139,97887,99,251.82
2026/10/10 18:17:01.250,GPU-4e7dc608-00fa-44a9-28c7-6a4948c1dae7,58139,97887,99,256.33
2026/10/10 18:17:01.779,GPU-4e7dc608-00fa-44a9-28c7-6a4948c1dae7,58139,97887,100,258.70
2026/10/10 18:17:02.307,GPU-4e7dc608-00fa-44a9-28c7-6a4948c1dae7,58139,97887,99,258.11
2026/10/10 18:17:02.837,GPU-4e7dc608-00fa-44a9-28c7-6a4948c1dae7,58139,97887,99,259.08
2026/10/10 18:17:03.368,GPU-4e7dc608-00fa-44a9-28c7-6a4948c1dae7,58139,97887,99,261.52
2026/10/10 18:17:03.899,GPU-4e7dc608-00fa-44a9-28c7-6a4948c1dae7,58139,97887,99,258.10
2026/10/10 18:17:04.428,GPU-4e7dc608-00fa-44a9-28c7-6a4948c1dae7,58139,97887,100,259.55
2026/10/10 18:17:04.956,GPU-4e7dc608-00fa-44a9-28c7-6a4948c1dae7,58139,97887,99,259.65
2026/10/10 18:17:05.496,GPU-4e7dc608-00fa-44a9-28c7-6a4948c1dae7,58139,97887,100,261.46
2026/10/10 18:17:06.035,GPU-4e7dc608-00fa-44a9-28c7-6a4948c1dae7,58139,97887,99,261.59
2026/10/10 18:17:06.565,GPU-4e7dc608-00fa-44a9-28c7-6a4948c1dae7,58139,97887,100,255.17
2026/10/10 18:17:07.094,GPU-4e7dc608-00fa-44a9-28c7-6a4948c1dae7,58139,97887,99,257.26
2026/10/10 18:17:07.623,GPU-4e7dc608-00fa-44a9-28c7-6a4948c1dae7,58139,97887,99,254.37
2026/10/10 18:17:08.151,GPU-4e7dc608-00fa-44a9-28c7-6a4948c1dae7,58139,97887,99,252.48
2026/10/10 18:17:08.686,GPU-4e7dc608-00fa-44a9-28c7-6a4948c1dae7,58139,97887,99,262.70
2026/10/10 18:17:09.213,GPU-4e7dc608-00fa-44a9-28c7-6a4948c1dae7,58139,97887,100,257.86
2026/10/10 18:17:09.741,GPU-4e7dc608-00fa-44a9-28c7-6a4948c1dae7,58139,97887,99,258.26
2026/10/10 18:17:10.267,GPU-4e7dc608-00fa-44a9-28c7-6a4948c1dae7,58139,97887,100,263.34
2026/10/10 18:17:10.803,GPU-4e7dc608-00fa-44a9-28c7-6a4948c1dae7,58139,97887,99,251.55
2026/10/10 18:17:11.347,GPU-4e7dc608-00fa-44a9-28c7-6a4948c1dae7,58139,97887,100,256.23
2026/10/10 18:17:11.877,GPU-4e7dc608-00fa-44a9-28c7-6a4948c1dae7,58139,97887,99,251.29
2026/10/10 18:17:12.406,GPU-4e7dc608-00fa-44a9-28c7-6a4948c1dae7,58139,97887,100,258.72
2026/10/10 18:17:12.935,GPU-4e7dc608-00fa-44a9-28c7-6a4948c1dae7,58139,97887,99,265.44
2026/10/10 18:17:13.464,GPU-4e7dc608-00fa-44a9-28c7-6a4948c1dae7,58139,97887,100,265.37
2026/10/10 18:17:13.991,GPU-4e7dc608-00fa-44a9-28c7-6a4948c1dae7,58139,97887,99,259.41
2026/10/10 18:17:14.524,GPU-4e7dc608-00fa-44a9-28c7-6a4948c1dae7,58139,97887,100,250.41
2026/10/10 18:17:15.054,GPU-4e7dc608-00fa-44a9-28c7-6a4948c1dae7,58139,97887,99,249.91
2026/10/10 18:17:15.587,GPU-4e7dc608-00fa-44a9-28c7-6a4948c1dae7,58139,97887,100,254.93
2026/10/10 18:17:16.116,GPU-4e7dc608-00fa-44a9-28c7-6a4948c1dae7,58139,97887,99,261.68
2026/10/10 18:17:16.644,GPU-4e7dc608-00fa-44a9-28c7-6a4948c1dae7,58139,97887,100,262.35
2026/10/10 18:17:17.169,GPU-4e7dc608-00fa-44a9-28c7-6a4948c1dae7,58139,97887,99,258.65
2026/10/10 18:17:17.696,GPU-4e7dc608-00fa-44a9-28c7-6a4948c1dae7,58139,97887,99,254.97
2026/10/10 18:17:18.222,GPU-4e7dc608-00fa-44a9-28c7-6a4948c1dae7,58139,97887,99,257.26
2026/10/10 18:17:18.752,GPU-4e7dc608-00fa-44a9-28c7-6a4948c1dae7,58139,97887,99,265.02
2026/10/10 18:17:19.281,GPU-4e7dc608-00fa-44a9-28c7-6a4948c1dae7,58139,97887,100,259.49
2026/10/10 18:17:19.811,GPU-4e7dc608-00fa-44a9-28c7-6a4948c1dae7,58139,97887,99,250.66
2026/10/10 18:17:20.341,GPU-4e7dc608-00fa-44a9-28c7-6a4948c1dae7,58139,97887,100,247.72
2026/10/10 18:17:20.870,GPU-4e7dc608-00fa-44a9-28c7-6a4948c1dae7,58139,97887,99,256.27
2026/10/10 18:17:21.399,GPU-4e7dc608-00fa-44a9-28c7-6a4948c1dae7,58139,97887,99,262.11
2026/10/10 18:17:21.932,GPU-4e7dc608-00fa-44a9-28c7-6a4948c1dae7,58139,97887,100,252.65
2026/10/10 18:17:22.467,GPU-4e7dc608-00fa-44a9-28c7-6a4948c1dae7,58139,97887,99,248.82
2026/10/10 18:17:22.997,GPU-4e7dc608-00fa-44a9-28c7-6a4948c1dae7,58139,97887,99,255.20
2026/10/10 18:17:23.527,GPU-4e7dc608-00fa-44a9-28c7-6a4948c1dae7,58139,97887,100,260.52
2026/10/10 18:17:24.056,GPU-4e7dc608-00fa-44a9-28c7-6a4948c1dae7,58139,97887,99,257.48
2026/10/10 18:17:24.586,GPU-4e7dc608-00fa-44a9-28c7-6a4948c1dae7,58139,97887,100,260.68
2026/10/10 18:17:25.114,GPU-4e7dc608-00fa-44a9-28c7-6a4948c1dae7,58139,97887,99,265.95
2026/10/10 18:17:25.658,GPU-4e7dc608-00fa-44a9-28c7-6a4948c1dae7,58139,97887,99,266.70
2026/10/10 18:17:26.189,GPU-4e7dc608-00fa-44a9-28c7-6a4948c1dae7,58139,97887,100,259.06
2026/10/10 18:17:26.720,GPU-4e7dc608-00fa-44a9-28c7-6a4948c1dae7,58139,97887,99,259.88
2026/10/10 18:17:27.250,GPU-4e7dc608-00fa-44a9-28c7-6a4948c1dae7,58139,97887,100,257.65
2026/10/10 18:17:27.793,GPU-4e7dc608-00fa-44a9-28c7-6a4948c1dae7,58139,97887,100,257.55
2026/10/10 18:17:28.320,GPU-4e7dc608-00fa-44a9-28c7-6a4948c1dae7,58139,97887,99,260.17
2026/10/10 18:17:28.848,GPU-4e7dc608-00fa-44a9-28c7-6a4948c1dae7,58139,97887,100,249.88
2026/10/10 18:17:29.378,GPU-4e7dc608-00fa-44a9-28c7-6a4948c1dae7,58139,97887,100,258.29
2026/10/10 18:17:29.907,GPU-4e7dc608-00fa-44a9-28c7-6a4948c1dae7,58139,97887,99,249.90
2026/10/10 18:17:30.434,GPU-4e7dc608-00fa-44a9-28c7-6a4948c1dae7,58139,97887,100,261.39
2026/10/10 18:17:30.962,GPU-4e7dc608-00fa-44a9-28c7-6a4948c1dae7,58139,97887,99,262.99
2026/10/10 18:17:31.491,GPU-4e7dc608-00fa-44a9-28c7-6a4948c1dae7,58139,97887,99,251.17
2026/10/10 18:17:32.023,GPU-4e7dc608-00fa-44a9-28c7-6a4948c1dae7,58139,97887,100,258.41
2026/10/10 18:17:32.553,GPU-4e7dc608-00fa-44a9-28c7-6a4948c1dae7,58139,97887,99,256.93
2026/10/10 18:17:33.082,GPU-4e7dc608-00fa-44a9-28c7-6a4948c1dae7,58139,97887,99,250.71
2026/10/10 18:17:33.610,GPU-4e7dc608-00fa-44a9-28c7-6a4948c1dae7,58139,97887,100,250.28
2026/10/10 18:17:34.138,GPU-4e7dc608-00fa-44a9-28c7-6a4948c1dae7,58139,97887,99,257.88
2026/10/10 18:17:34.668,GPU-4e7dc608-00fa-44a9-28c7-6a4948c1dae7,58139,97887,99,260.80
2026/10/10 18:17:35.197,GPU-4e7dc608-00fa-44a9-28c7-6a4948c1dae7,58139,97887,100,253.57
2026/10/10 18:17:35.735,GPU-4e7dc608-00fa-44a9-28c7-6a4948c1dae7,58139,97887,99,262.07
2026/10/10 18:17:36.270,GPU-4e7dc608-00fa-44a9-28c7-6a4948c1dae7,58139,97887,99,251.23
2026/10/10 18:17:36.799,GPU-4e7dc608-00fa-44a9-28c7-6a4948c1dae7,58139,97887,100,251.55
2026/10/10 18:17:37.331,GPU-4e7dc608-00fa-44a9-28c7-6a4948c1dae7,58139,97887,100,264.12
2026/10/10 18:17:37.859,GPU-4e7dc608-00fa-44a9-28c7-6a4948c1dae7,58139,97887,99,253.28
2026/10/10 18:17:38.390,GPU-4e7dc608-00fa-44a9-28c7-6a4948c1dae7,58139,97887,99,253.85
2026/10/10 18:17:38.925,GPU-4e7dc608-00fa-44a9-28c7-6a4948c1dae7,58139,97887,100,259.29
2026/10/10 18:17:39.456,GPU-4e7dc608-00fa-44a9-28c7-6a4948c1dae7,58139,97887,99,252.36
2026/10/10 18:17:39.991,GPU-4e7dc608-00fa-44a9-28c7-6a4948c1dae7,58139,97887,99,268.20
2026/10/10 18:17:40.526,GPU-4e7dc608-00fa-44a9-28c7-6a4948c1dae7,58139,97887,100,253.42
2026/10/10 18:17:41.056,GPU-4e7dc608-00fa-44a9-28c7-6a4948c1dae7,58139,97887,99,261.65
2026/10/10 18:17:41.585,GPU-4e7dc608-00fa-44a9-28c7-6a4948c1dae7,58139,97887,99,262.61
2026/10/10 18:17:42.114,GPU-4e7dc608-00fa-44a9-28c7-6a4948c1dae7,58139,97887,100,256.38
2026/10/10 18:17:42.657,GPU-4e7dc608-00fa-44a9-28c7-6a4948c1dae7,58139,97887,100,269.00
2026/10/10 18:17:43.186,GPU-4e7dc608-00fa-44a9-28c7-6a4948c1dae7,58139,97887,99,262.41
2026/10/10 18:17:43.715,GPU-4e7dc608-00fa-44a9-28c7-6a4948c1dae7,58139,97887,99,256.72
2026/10/10 18:17:44.246,GPU-4e7dc608-00fa-44a9-28c7-6a4948c1dae7,58139,97887,100,266.38
2026/10/10 18:17:44.775,GPU-4e7dc608-00fa-44a9-28c7-6a4948c1dae7,58139,97887,100,258.06
2026/10/10 18:17:45.303,GPU-4e7dc608-00fa-44a9-28c7-6a4948c1dae7,58139,97887,99,261.93
2026/10/10 18:17:45.832,GPU-4e7dc608-00fa-44a9-28c7-6a4948c1dae7,58139,97887,100,261.77
2026/10/10 18:17:46.362,GPU-4e7dc608-00fa-44a9-28c7-6a4948c1dae7,58139,97887,100,255.31
2026/10/10 18:17:46.892,GPU-4e7dc608-00fa-44a9-28c7-6a4948c1dae7,58139,97887,99,265.57
2026/10/10 18:17:47.423,GPU-4e7dc608-00fa-44a9-28c7-6a4948c1dae7,58139,97887,99,262.12
2026/10/10 18:17:47.954,GPU-4e7dc608-00fa-44a9-28c7-6a4948c1dae7,58139,97887,99,268.03
2026/10/10 18:17:48.483,GPU-4e7dc608-00fa-44a9-28c7-6a4948c1dae7,58139,97887,100,268.86
2026/10/10 18:17:49.012,GPU-4e7dc608-00fa-44a9-28c7-6a4948c1dae7,58139,97887,99,254.17
2026/10/10 18:17:49.541,GPU-4e7dc608-00fa-44a9-28c7-6a4948c1dae7,58139,97887,95,257.87
2026/10/10 18:17:50.072,GPU-4e7dc608-00fa-44a9-28c7-6a4948c1dae7,58139,97887,95,273.26
2026/10/10 18:17:50.605,GPU-4e7dc608-00fa-44a9-28c7-6a4948c1dae7,58139,97887,98,268.99
2026/10/10 18:17:51.135,GPU-4e7dc608-00fa-44a9-28c7-6a4948c1dae7,58139,97887,100,245.27
2026/10/10 18:17:51.663,GPU-4e7dc608-00fa-44a9-28c7-6a4948c1dae7,58139,97887,100,261.70
2026/10/10 18:17:52.192,GPU-4e7dc608-00fa-44a9-28c7-6a4948c1dae7,58139,97887,98,270.51
2026/10/10 18:17:52.723,GPU-4e7dc608-00fa-44a9-28c7-6a4948c1dae7,58139,97887,95,241.00
2026/10/10 18:17:53.253,GPU-4e7dc608-00fa-44a9-28c7-6a4948c1dae7,58139,97887,95,260.99
2026/10/10 18:17:53.784,GPU-4e7dc608-00fa-44a9-28c7-6a4948c1dae7,58139,97887,95,270.75
2026/10/10 18:17:54.316,GPU-4e7dc608-00fa-44a9-28c7-6a4948c1dae7,58139,97887,100,250.45
2026/10/10 18:17:54.846,GPU-4e7dc608-00fa-44a9-28c7-6a4948c1dae7,58139,97887,100,237.04
2026/10/10 18:17:55.376,GPU-4e7dc608-00fa-44a9-28c7-6a4948c1dae7,58139,97887,100,281.41
2026/10/10 18:17:55.908,GPU-4e7dc608-00fa-44a9-28c7-6a4948c1dae7,58139,97887,96,275.85
2026/10/10 18:17:56.438,GPU-4e7dc608-00fa-44a9-28c7-6a4948c1dae7,58139,97887,95,233.86
2026/10/10 18:17:56.969,GPU-4e7dc608-00fa-44a9-28c7-6a4948c1dae7,58139,97887,95,236.85
2026/10/10 18:17:57.499,GPU-4e7dc608-00fa-44a9-28c7-6a4948c1dae7,58139,97887,100,279.07
2026/10/10 18:17:58.029,GPU-4e7dc608-00fa-44a9-28c7-6a4948c1dae7,58139,97887,95,254.91
2026/10/10 18:17:58.564,GPU-4e7dc608-00fa-44a9-28c7-6a4948c1dae7,58139,97887,94,243.40
2026/10/10 18:17:59.094,GPU-4e7dc608-00fa-44a9-28c7-6a4948c1dae7,58139,97887,95,266.72
2026/10/10 18:17:59.624,GPU-4e7dc608-00fa-44a9-28c7-6a4948c1dae7,58139,97887,100,254.59
2026/10/10 18:18:00.154,GPU-4e7dc608-00fa-44a9-28c7-6a4948c1dae7,58139,97887,100,227.96
2026/10/10 18:18:00.683,GPU-4e7dc608-00fa-44a9-28c7-6a4948c1dae7,58139,97887,100,268.20
2026/10/10 18:18:01.214,GPU-4e7dc608-00fa-44a9-28c7-6a4948c1dae7,58139,97887,99,272.12
2026/10/10 18:18:01.746,GPU-4e7dc608-00fa-44a9-28c7-6a4948c1dae7,58139,97887,94,240.46
2026/10/10 18:18:02.286,GPU-4e7dc608-00fa-44a9-28c7-6a4948c1dae7,58139,97887,95,242.46
2026/10/10 18:18:02.817,GPU-4e7dc608-00fa-44a9-28c7-6a4948c1dae7,58139,97887,95,277.42
2026/10/10 18:18:03.347,GPU-4e7dc608-00fa-44a9-28c7-6a4948c1dae7,58139,97887,100,248.65
2026/10/10 18:18:03.877,GPU-4e7dc608-00fa-44a9-28c7-6a4948c1dae7,58139,97887,100,242.54
2026/10/10 18:18:04.407,GPU-4e7dc608-00fa-44a9-28c7-6a4948c1dae7,58139,97887,100,266.72
2026/10/10 18:18:04.935,GPU-4e7dc608-00fa-44a9-28c7-6a4948c1dae7,58139,97887,95,269.30
2026/10/10 18:18:05.476,GPU-4e7dc608-00fa-44a9-28c7-6a4948c1dae7,58139,97887,94,234.20
2026/10/10 18:18:06.013,GPU-4e7dc608-00fa-44a9-28c7-6a4948c1dae7,58139,97887,94,247.07
2026/10/10 18:18:06.542,GPU-4e7dc608-00fa-44a9-28c7-6a4948c1dae7,58139,97887,95,270.44
2026/10/10 18:18:07.072,GPU-4e7dc608-00fa-44a9-28c7-6a4948c1dae7,58139,97887,100,251.49
2026/10/10 18:18:07.606,GPU-4e7dc608-00fa-44a9-28c7-6a4948c1dae7,58139,97887,100,226.46
2026/10/10 18:18:08.141,GPU-4e7dc608-00fa-44a9-28c7-6a4948c1dae7,58139,97887,100,264.80
2026/10/10 18:18:08.672,GPU-4e7dc608-00fa-44a9-28c7-6a4948c1dae7,58139,97887,100,277.25
2026/10/10 18:18:09.204,GPU-4e7dc608-00fa-44a9-28c7-6a4948c1dae7,58139,97887,95,246.67
2026/10/10 18:18:09.734,GPU-4e7dc608-00fa-44a9-28c7-6a4948c1dae7,58139,97887,95,225.70
2026/10/10 18:18:10.263,GPU-4e7dc608-00fa-44a9-28c7-6a4948c1dae7,58139,97887,95,261.72
2026/10/10 18:18:10.796,GPU-4e7dc608-00fa-44a9-28c7-6a4948c1dae7,58139,97887,96,270.62
2026/10/10 18:18:11.327,GPU-4e7dc608-00fa-44a9-28c7-6a4948c1dae7,58139,97887,100,237.15
2026/10/10 18:18:11.859,GPU-4e7dc608-00fa-44a9-28c7-6a4948c1dae7,58139,97887,100,248.02
2026/10/10 18:18:12.392,GPU-4e7dc608-00fa-44a9-28c7-6a4948c1dae7,58139,97887,100,269.00
2026/10/10 18:18:12.922,GPU-4e7dc608-00fa-44a9-28c7-6a4948c1dae7,58139,97887,95,269.98
2026/10/10 18:18:13.453,GPU-4e7dc608-00fa-44a9-28c7-6a4948c1dae7,58139,97887,94,242.15
2026/10/10 18:18:13.985,GPU-4e7dc608-00fa-44a9-28c7-6a4948c1dae7,58139,97887,94,263.94
2026/10/10 18:18:14.517,GPU-4e7dc608-00fa-44a9-28c7-6a4948c1dae7,58139,97887,94,275.08
2026/10/10 18:18:15.049,GPU-4e7dc608-00fa-44a9-28c7-6a4948c1dae7,58139,97887,100,260.68
2026/10/10 18:18:15.579,GPU-4e7dc608-00fa-44a9-28c7-6a4948c1dae7,58139,97887,100,221.49
2026/10/10 18:18:16.110,GPU-4e7dc608-00fa-44a9-28c7-6a4948c1dae7,58139,97887,100,266.15
2026/10/10 18:18:16.641,GPU-4e7dc608-00fa-44a9-28c7-6a4948c1dae7,58139,97887,100,272.56
2026/10/10 18:18:17.173,GPU-4e7dc608-00fa-44a9-28c7-6a4948c1dae7,58139,97887,93,246.48
2026/10/10 18:18:17.708,GPU-4e7dc608-00fa-44a9-28c7-6a4948c1dae7,58139,97887,95,223.66
2026/10/10 18:18:18.240,GPU-4e7dc608-00fa-44a9-28c7-6a4948c1dae7,58139,97887,93,264.21
2026/10/10 18:18:18.771,GPU-4e7dc608-00fa-44a9-28c7-6a4948c1dae7,58139,97887,93,273.18
2026/10/10 18:18:19.302,GPU-4e7dc608-00fa-44a9-28c7-6a4948c1dae7,58139,97887,100,244.30
2026/10/10 18:18:19.834,GPU-4e7dc608-00fa-44a9-28c7-6a4948c1dae7,58139,97887,100,235.19
2026/10/10 18:18:20.367,GPU-4e7dc608-00fa-44a9-28c7-6a4948c1dae7,58139,97887,100,267.86
2026/10/10 18:18:20.898,GPU-4e7dc608-00fa-44a9-28c7-6a4948c1dae7,58139,97887,95,267.89
2026/10/10 18:18:21.427,GPU-4e7dc608-00fa-44a9-28c7-6a4948c1dae7,58139,97887,95,234.44
2026/10/10 18:18:21.963,GPU-4e7dc608-00fa-44a9-28c7-6a4948c1dae7,58139,97887,93,258.58
2026/10/10 18:18:22.496,GPU-4e7dc608-00fa-44a9-28c7-6a4948c1dae7,58139,97887,94,274.54
2026/10/10 18:18:23.027,GPU-4e7dc608-00fa-44a9-28c7-6a4948c1dae7,58139,97887,99,266.41
2026/10/10 18:18:23.557,GPU-4e7dc608-00fa-44a9-28c7-6a4948c1dae7,58139,97887,100,230.78
2026/10/10 18:18:24.091,GPU-4e7dc608-00fa-44a9-28c7-6a4948c1dae7,58139,97887,100,258.59
2026/10/10 18:18:24.627,GPU-4e7dc608-00fa-44a9-28c7-6a4948c1dae7,58139,97887,100,272.07
2026/10/10 18:18:25.159,GPU-4e7dc608-00fa-44a9-28c7-6a4948c1dae7,58139,97887,94,269.81
2026/10/10 18:18:25.688,GPU-4e7dc608-00fa-44a9-28c7-6a4948c1dae7,58139,97887,95,221.42
2026/10/10 18:18:26.225,GPU-4e7dc608-00fa-44a9-28c7-6a4948c1dae7,58139,97887,95,255.49
2026/10/10 18:18:26.755,GPU-4e7dc608-00fa-44a9-28c7-6a4948c1dae7,58139,97887,94,271.09
2026/10/10 18:18:27.298,GPU-4e7dc608-00fa-44a9-28c7-6a4948c1dae7,58139,97887,100,242.50
2026/10/10 18:18:27.847,GPU-4e7dc608-00fa-44a9-28c7-6a4948c1dae7,58139,97887,100,219.36
2026/10/10 18:18:28.380,GPU-4e7dc608-00fa-44a9-28c7-6a4948c1dae7,58139,97887,100,258.58
2026/10/10 18:18:28.910,GPU-4e7dc608-00fa-44a9-28c7-6a4948c1dae7,58139,97887,98,279.30
2026/10/10 18:18:29.440,GPU-4e7dc608-00fa-44a9-28c7-6a4948c1dae7,58139,97887,93,243.34
2026/10/10 18:18:29.971,GPU-4e7dc608-00fa-44a9-28c7-6a4948c1dae7,58139,97887,94,236.86
2026/10/10 18:18:30.500,GPU-4e7dc608-00fa-44a9-28c7-6a4948c1dae7,58139,97887,94,259.77
2026/10/10 18:18:31.030,GPU-4e7dc608-00fa-44a9-28c7-6a4948c1dae7,58139,97887,95,275.45
2026/10/10 18:18:31.561,GPU-4e7dc608-00fa-44a9-28c7-6a4948c1dae7,58139,97887,100,241.23
2026/10/10 18:18:32.092,GPU-4e7dc608-00fa-44a9-28c7-6a4948c1dae7,58139,97887,100,242.05
2026/10/10 18:18:32.622,GPU-4e7dc608-00fa-44a9-28c7-6a4948c1dae7,58139,97887,100,265.91
2026/10/10 18:18:33.156,GPU-4e7dc608-00fa-44a9-28c7-6a4948c1dae7,58139,97887,95,264.32
2026/10/10 18:18:33.686,GPU-4e7dc608-00fa-44a9-28c7-6a4948c1dae7,58139,97887,94,225.31
2026/10/10 18:18:34.215,GPU-4e7dc608-00fa-44a9-28c7-6a4948c1dae7,58139,97887,94,258.69
2026/10/10 18:18:34.745,GPU-4e7dc608-00fa-44a9-28c7-6a4948c1dae7,58139,97887,94,274.74
2026/10/10 18:18:35.287,GPU-4e7dc608-00fa-44a9-28c7-6a4948c1dae7,58139,97887,100,250.38
2026/10/10 18:18:35.839,GPU-4e7dc608-00fa-44a9-28c7-6a4948c1dae7,58139,97887,100,236.19
2026/10/10 18:18:36.372,GPU-4e7dc608-00fa-44a9-28c7-6a4948c1dae7,58139,97887,100,272.79
2026/10/10 18:18:36.912,GPU-4e7dc608-00fa-44a9-28c7-6a4948c1dae7,58139,97887,95,264.63
2026/10/10 18:18:37.451,GPU-4e7dc608-00fa-44a9-28c7-6a4948c1dae7,58139,97887,95,237.88
2026/10/10 18:18:37.980,GPU-4e7dc608-00fa-44a9-28c7-6a4948c1dae7,58139,97887,95,253.79
2026/10/10 18:18:38.511,GPU-4e7dc608-00fa-44a9-28c7-6a4948c1dae7,58139,97887,94,271.73
2026/10/10 18:18:39.048,GPU-4e7dc608-00fa-44a9-28c7-6a4948c1dae7,58139,97887,100,267.71
2026/10/10 18:18:39.579,GPU-4e7dc608-00fa-44a9-28c7-6a4948c1dae7,58139,97887,100,227.18
2026/10/10 18:18:40.112,GPU-4e7dc608-00fa-44a9-28c7-6a4948c1dae7,58139,97887,100,266.37
2026/10/10 18:18:40.651,GPU-4e7dc608-00fa-44a9-28c7-6a4948c1dae7,58139,97887,100,273.73
2026/10/10 18:18:41.187,GPU-4e7dc608-00fa-44a9-28c7-6a4948c1dae7,58139,97887,94,246.65
2026/10/10 18:18:41.718,GPU-4e7dc608-00fa-44a9-28c7-6a4948c1dae7,58139,97887,94,223.76
2026/10/10 18:18:42.247,GPU-4e7dc608-00fa-44a9-28c7-6a4948c1dae7,58139,97887,95,270.01
2026/10/10 18:18:42.781,GPU-4e7dc608-00fa-44a9-28c7-6a4948c1dae7,58139,97887,94,275.30
2026/10/10 18:18:43.309,GPU-4e7dc608-00fa-44a9-28c7-6a4948c1dae7,58139,97887,100,256.22
2026/10/10 18:18:43.839,GPU-4e7dc608-00fa-44a9-28c7-6a4948c1dae7,58139,97887,100,234.70
2026/10/10 18:18:44.369,GPU-4e7dc608-00fa-44a9-28c7-6a4948c1dae7,58139,97887,100,263.99
2026/10/10 18:18:44.899,GPU-4e7dc608-00fa-44a9-28c7-6a4948c1dae7,58139,97887,97,277.38
2026/10/10 18:18:45.427,GPU-4e7dc608-00fa-44a9-28c7-6a4948c1dae7,58139,97887,95,248.09
2026/10/10 18:18:45.958,GPU-4e7dc608-00fa-44a9-28c7-6a4948c1dae7,58139,97887,95,230.24
2026/10/10 18:18:46.487,GPU-4e7dc608-00fa-44a9-28c7-6a4948c1dae7,58139,97887,95,267.52
2026/10/10 18:18:47.018,GPU-4e7dc608-00fa-44a9-28c7-6a4948c1dae7,58139,97887,100,268.17
2026/10/10 18:18:47.549,GPU-4e7dc608-00fa-44a9-28c7-6a4948c1dae7,58139,97887,100,239.54
2026/10/10 18:18:48.078,GPU-4e7dc608-00fa-44a9-28c7-6a4948c1dae7,58139,97887,100,252.44
2026/10/10 18:18:48.608,GPU-4e7dc608-00fa-44a9-28c7-6a4948c1dae7,58139,97887,100,274.78
2026/10/10 18:18:49.141,GPU-4e7dc608-00fa-44a9-28c7-6a4948c1dae7,58139,97887,95,237.95
2026/10/10 18:18:49.670,GPU-4e7dc608-00fa-44a9-28c7-6a4948c1dae7,58139,97887,95,244.23
2026/10/10 18:18:50.200,GPU-4e7dc608-00fa-44a9-28c7-6a4948c1dae7,58139,97887,95,279.22
2026/10/10 18:18:50.730,GPU-4e7dc608-00fa-44a9-28c7-6a4948c1dae7,58139,97887,97,268.10
2026/10/10 18:18:51.264,GPU-4e7dc608-00fa-44a9-28c7-6a4948c1dae7,58139,97887,100,242.21
2026/10/10 18:18:51.802,GPU-4e7dc608-00fa-44a9-28c7-6a4948c1dae7,58139,97887,100,243.02
2026/10/10 18:18:52.332,GPU-4e7dc608-00fa-44a9-28c7-6a4948c1dae7,58139,97887,100,280.13
2026/10/10 18:18:52.862,GPU-4e7dc608-00fa-44a9-28c7-6a4948c1dae7,58139,97887,95,255.76
2026/10/10 18:18:53.391,GPU-4e7dc608-00fa-44a9-28c7-6a4948c1dae7,58139,97887,95,235.90
2026/10/10 18:18:53.922,GPU-4e7dc608-00fa-44a9-28c7-6a4948c1dae7,58139,97887,95,253.27
2026/10/10 18:18:54.456,GPU-4e7dc608-00fa-44a9-28c7-6a4948c1dae7,58139,97887,94,275.42
2026/10/10 18:18:54.985,GPU-4e7dc608-00fa-44a9-28c7-6a4948c1dae7,58139,97887,100,241.07
2026/10/10 18:18:55.515,GPU-4e7dc608-00fa-44a9-28c7-6a4948c1dae7,58139,97887,100,241.57
2026/10/10 18:18:56.046,GPU-4e7dc608-00fa-44a9-28c7-6a4948c1dae7,58139,97887,100,264.76
2026/10/10 18:18:56.576,GPU-4e7dc608-00fa-44a9-28c7-6a4948c1dae7,58139,97887,96,282.30
2026/10/10 18:18:57.105,GPU-4e7dc608-00fa-44a9-28c7-6a4948c1dae7,58139,97887,95,238.90
2026/10/10 18:18:57.635,GPU-4e7dc608-00fa-44a9-28c7-6a4948c1dae7,58139,97887,94,240.59
2026/10/10 18:18:58.165,GPU-4e7dc608-00fa-44a9-28c7-6a4948c1dae7,58139,97887,95,268.08
2026/10/10 18:18:58.696,GPU-4e7dc608-00fa-44a9-28c7-6a4948c1dae7,58139,97887,100,266.06
2026/10/10 18:18:59.227,GPU-4e7dc608-00fa-44a9-28c7-6a4948c1dae7,58139,97887,100,229.12
2026/10/10 18:18:59.756,GPU-4e7dc608-00fa-44a9-28c7-6a4948c1dae7,58139,97887,100,268.24
2026/10/10 18:19:00.285,GPU-4e7dc608-00fa-44a9-28c7-6a4948c1dae7,58139,97887,100,271.89
2026/10/10 18:19:00.814,GPU-4e7dc608-00fa-44a9-28c7-6a4948c1dae7,58139,97887,94,242.78
2026/10/10 18:19:01.346,GPU-4e7dc608-00fa-44a9-28c7-6a4948c1dae7,58139,97887,95,234.47
2026/10/10 18:19:01.879,GPU-4e7dc608-00fa-44a9-28c7-6a4948c1dae7,58139,97887,93,279.00
2026/10/10 18:19:02.409,GPU-4e7dc608-00fa-44a9-28c7-6a4948c1dae7,58139,97887,100,264.37
2026/10/10 18:19:02.938,GPU-4e7dc608-00fa-44a9-28c7-6a4948c1dae7,58139,97887,100,238.61
2026/10/10 18:19:03.467,GPU-4e7dc608-00fa-44a9-28c7-6a4948c1dae7,58139,97887,100,250.75
2026/10/10 18:19:03.996,GPU-4e7dc608-00fa-44a9-28c7-6a4948c1dae7,58139,97887,99,280.09
2026/10/10 18:19:04.533,GPU-4e7dc608-00fa-44a9-28c7-6a4948c1dae7,58139,97887,95,238.14
2026/10/10 18:19:05.066,GPU-4e7dc608-00fa-44a9-28c7-6a4948c1dae7,58139,97887,94,240.80
2026/10/10 18:19:05.608,GPU-4e7dc608-00fa-44a9-28c7-6a4948c1dae7,58139,97887,94,276.06
2026/10/10 18:19:06.146,GPU-4e7dc608-00fa-44a9-28c7-6a4948c1dae7,58139,97887,98,267.73
2026/10/10 18:19:06.676,GPU-4e7dc608-00fa-44a9-28c7-6a4948c1dae7,58139,97887,100,244.55
2026/10/10 18:19:07.207,GPU-4e7dc608-00fa-44a9-28c7-6a4948c1dae7,58139,97887,100,248.62
2026/10/10 18:19:07.739,GPU-4e7dc608-00fa-44a9-28c7-6a4948c1dae7,58139,97887,100,280.62
2026/10/10 18:19:08.269,GPU-4e7dc608-00fa-44a9-28c7-6a4948c1dae7,58139,97887,94,251.25
2026/10/10 18:19:08.796,GPU-4e7dc608-00fa-44a9-28c7-6a4948c1dae7,58139,97887,94,209.39
2026/10/10 18:19:09.328,GPU-4e7dc608-00fa-44a9-28c7-6a4948c1dae7,58139,97887,94,234.13
2026/10/10 18:19:09.881,GPU-4e7dc608-00fa-44a9-28c7-6a4948c1dae7,58139,97887,94,279.26
2026/10/10 18:19:10.409,GPU-4e7dc608-00fa-44a9-28c7-6a4948c1dae7,58139,97887,100,262.88
2026/10/10 18:19:10.958,GPU-4e7dc608-00fa-44a9-28c7-6a4948c1dae7,58139,97887,100,234.41
2026/10/10 18:19:11.486,GPU-4e7dc608-00fa-44a9-28c7-6a4948c1dae7,58139,97887,100,251.93
2026/10/10 18:19:12.018,GPU-4e7dc608-00fa-44a9-28c7-6a4948c1dae7,58139,97887,100,270.31
2026/10/10 18:19:12.548,GPU-4e7dc608-00fa-44a9-28c7-6a4948c1dae7,58139,97887,95,247.73
2026/10/10 18:19:13.077,GPU-4e7dc608-00fa-44a9-28c7-6a4948c1dae7,58139,97887,94,241.71
2026/10/10 18:19:13.605,GPU-4e7dc608-00fa-44a9-28c7-6a4948c1dae7,58139,97887,94,260.05
2026/10/10 18:19:14.133,GPU-4e7dc608-00fa-44a9-28c7-6a4948c1dae7,58139,97887,98,274.77
2026/10/10 18:19:14.663,GPU-4e7dc608-00fa-44a9-28c7-6a4948c1dae7,58139,97887,100,241.65
2026/10/10 18:19:15.197,GPU-4e7dc608-00fa-44a9-28c7-6a4948c1dae7,58139,97887,100,247.60
2026/10/10 18:19:15.726,GPU-4e7dc608-00fa-44a9-28c7-6a4948c1dae7,58139,97887,100,284.52
2026/10/10 18:19:16.255,GPU-4e7dc608-00fa-44a9-28c7-6a4948c1dae7,58139,97887,94,258.92
2026/10/10 18:19:16.784,GPU-4e7dc608-00fa-44a9-28c7-6a4948c1dae7,58139,97887,94,231.16
2026/10/10 18:19:17.313,GPU-4e7dc608-00fa-44a9-28c7-6a4948c1dae7,58139,97887,94,247.57
2026/10/10 18:19:17.841,GPU-4e7dc608-00fa-44a9-28c7-6a4948c1dae7,58139,97887,94,278.53
2026/10/10 18:19:18.370,GPU-4e7dc608-00fa-44a9-28c7-6a4948c1dae7,58139,97887,100,259.65
2026/10/10 18:19:18.898,GPU-4e7dc608-00fa-44a9-28c7-6a4948c1dae7,58139,97887,100,239.72
2026/10/10 18:19:19.428,GPU-4e7dc608-00fa-44a9-28c7-6a4948c1dae7,58139,97887,100,267.85
2026/10/10 18:19:19.963,GPU-4e7dc608-00fa-44a9-28c7-6a4948c1dae7,58139,97887,94,280.52
2026/10/10 18:19:20.491,GPU-4e7dc608-00fa-44a9-28c7-6a4948c1dae7,58139,97887,94,238.87
2026/10/10 18:19:21.019,GPU-4e7dc608-00fa-44a9-28c7-6a4948c1dae7,58139,97887,94,235.87
2026/10/10 18:19:21.547,GPU-4e7dc608-00fa-44a9-28c7-6a4948c1dae7,58139,97887,94,269.96
2026/10/10 18:19:22.075,GPU-4e7dc608-00fa-44a9-28c7-6a4948c1dae7,58139,97887,96,269.47
2026/10/10 18:19:22.604,GPU-4e7dc608-00fa-44a9-28c7-6a4948c1dae7,58139,97887,100,241.29
2026/10/10 18:19:23.132,GPU-4e7dc608-00fa-44a9-28c7-6a4948c1dae7,58139,97887,100,243.98
2026/10/10 18:19:23.661,GPU-4e7dc608-00fa-44a9-28c7-6a4948c1dae7,58139,97887,100,269.89
2026/10/10 18:19:24.191,GPU-4e7dc608-00fa-44a9-28c7-6a4948c1dae7,58139,97887,93,267.46
2026/10/10 18:19:24.724,GPU-4e7dc608-00fa-44a9-28c7-6a4948c1dae7,58139,97887,95,222.29
2026/10/10 18:19:25.255,GPU-4e7dc608-00fa-44a9-28c7-6a4948c1dae7,58139,97887,94,262.23
2026/10/10 18:19:25.783,GPU-4e7dc608-00fa-44a9-28c7-6a4948c1dae7,58139,97887,94,275.25
2026/10/10 18:19:26.312,GPU-4e7dc608-00fa-44a9-28c7-6a4948c1dae7,58139,97887,100,268.48
2026/10/10 18:19:26.840,GPU-4e7dc608-00fa-44a9-28c7-6a4948c1dae7,58139,97887,100,236.32
2026/10/10 18:19:27.368,GPU-4e7dc608-00fa-44a9-28c7-6a4948c1dae7,58139,97887,100,264.77
2026/10/10 18:19:27.896,GPU-4e7dc608-00fa-44a9-28c7-6a4948c1dae7,58139,97887,100,271.85
2026/10/10 18:19:28.424,GPU-4e7dc608-00fa-44a9-28c7-6a4948c1dae7,58139,97887,95,247.19
2026/10/10 18:19:28.956,GPU-4e7dc608-00fa-44a9-28c7-6a4948c1dae7,58139,97887,94,239.65
2026/10/10 18:19:29.489,GPU-4e7dc608-00fa-44a9-28c7-6a4948c1dae7,58139,97887,94,265.89
2026/10/10 18:19:30.017,GPU-4e7dc608-00fa-44a9-28c7-6a4948c1dae7,58139,97887,96,279.00
2026/10/10 18:19:30.545,GPU-4e7dc608-00fa-44a9-28c7-6a4948c1dae7,58139,97887,100,222.75
2026/10/10 18:19:31.073,GPU-4e7dc608-00fa-44a9-28c7-6a4948c1dae7,58139,97887,100,239.65
2026/10/10 18:19:31.601,GPU-4e7dc608-00fa-44a9-28c7-6a4948c1dae7,58139,97887,100,268.01
2026/10/10 18:19:32.129,GPU-4e7dc608-00fa-44a9-28c7-6a4948c1dae7,58139,97887,99,274.57
2026/10/10 18:19:32.658,GPU-4e7dc608-00fa-44a9-28c7-6a4948c1dae7,58139,97887,95,226.30
2026/10/10 18:19:33.186,GPU-4e7dc608-00fa-44a9-28c7-6a4948c1dae7,58139,97887,95,257.06
2026/10/10 18:19:33.716,GPU-4e7dc608-00fa-44a9-28c7-6a4948c1dae7,58139,97887,94,271.32
2026/10/10 18:19:34.247,GPU-4e7dc608-00fa-44a9-28c7-6a4948c1dae7,58139,97887,95,247.09
2026/10/10 18:19:34.775,GPU-4e7dc608-00fa-44a9-28c7-6a4948c1dae7,58139,97887,100,218.97
2026/10/10 18:19:35.314,GPU-4e7dc608-00fa-44a9-28c7-6a4948c1dae7,58139,97887,100,264.76
2026/10/10 18:19:35.856,GPU-4e7dc608-00fa-44a9-28c7-6a4948c1dae7,58139,97887,100,275.35
2026/10/10 18:19:36.388,GPU-4e7dc608-00fa-44a9-28c7-6a4948c1dae7,58139,97887,100,243.13
2026/10/10 18:19:36.921,GPU-4e7dc608-00fa-44a9-28c7-6a4948c1dae7,58139,97887,100,219.31
2026/10/10 18:19:37.448,GPU-4e7dc608-00fa-44a9-28c7-6a4948c1dae7,58139,97887,100,268.68
2026/10/10 18:19:37.976,GPU-4e7dc608-00fa-44a9-28c7-6a4948c1dae7,58139,97887,94,272.43
2026/10/10 18:19:38.505,GPU-4e7dc608-00fa-44a9-28c7-6a4948c1dae7,58139,97887,95,236.68
2026/10/10 18:19:39.033,GPU-4e7dc608-00fa-44a9-28c7-6a4948c1dae7,58139,97887,95,239.95
2026/10/10 18:19:39.568,GPU-4e7dc608-00fa-44a9-28c7-6a4948c1dae7,58139,97887,94,272.04
2026/10/10 18:19:40.097,GPU-4e7dc608-00fa-44a9-28c7-6a4948c1dae7,58139,97887,100,259.07
2026/10/10 18:19:40.626,GPU-4e7dc608-00fa-44a9-28c7-6a4948c1dae7,58139,97887,100,238.06
2026/10/10 18:19:41.164,GPU-4e7dc608-00fa-44a9-28c7-6a4948c1dae7,58139,97887,100,266.60
2026/10/10 18:19:41.692,GPU-4e7dc608-00fa-44a9-28c7-6a4948c1dae7,58139,97887,100,271.06
2026/10/10 18:19:42.221,GPU-4e7dc608-00fa-44a9-28c7-6a4948c1dae7,58139,97887,95,254.78
2026/10/10 18:19:42.750,GPU-4e7dc608-00fa-44a9-28c7-6a4948c1dae7,58139,97887,95,227.52
2026/10/10 18:19:43.279,GPU-4e7dc608-00fa-44a9-28c7-6a4948c1dae7,58139,97887,93,273.35
2026/10/10 18:19:43.806,GPU-4e7dc608-00fa-44a9-28c7-6a4948c1dae7,58139,97887,0,190.51
2026/10/10 18:19:44.333,GPU-4e7dc608-00fa-44a9-28c7-6a4948c1dae7,58139,97887,0,105.98
2026/10/10 18:19:44.859,GPU-4e7dc608-00fa-44a9-28c7-6a4948c1dae7,58139,97887,0,105.98
2026/10/10 18:19:45.385,GPU-4e7dc608-00fa-44a9-28c7-6a4948c1dae7,58139,97887,0,77.99
2026/10/10 18:19:45.912,GPU-4e7dc608-00fa-44a9-28c7-6a4948c1dae7,58139,97887,0,77.99
2026/10/10 18:19:46.438,GPU-4e7dc608-00fa-44a9-28c7-6a4948c1dae7,58139,97887,0,77.36
2026/10/10 18:19:46.964,GPU-4e7dc608-00fa-44a9-28c7-6a4948c1dae7,58139,97887,0,77.36
2026/10/10 18:19:47.490,GPU-4e7dc608-00fa-44a9-28c7-6a4948c1dae7,58139,97887,0,77.81
2026/10/10 18:19:48.018,GPU-4e7dc608-00fa-44a9-28c7-6a4948c1dae7,58139,97887,0,77.81
2026/10/10 18:19:48.545,GPU-4e7dc608-00fa-44a9-28c7-6a4948c1dae7,58139,97887,0,76.93
2026/10/10 18:19:49.071,GPU-4e7dc608-00fa-44a9-28c7-6a4948c1dae7,58139,97887,0,76.93
2026/10/10 18:19:49.599,GPU-4e7dc608-00fa-44a9-28c7-6a4948c1dae7,58139,97887,0,76.93
2026/10/10 18:19:50.126,GPU-4e7dc608-00fa-44a9-28c7-6a4948c1dae7,58139,97887,0,76.93
2026/10/10 18:19:50.653,GPU-4e7dc608-00fa-44a9-28c7-6a4948c1dae7,58139,97887,0,77.17
2026/10/10 18:19:51.181,GPU-4e7dc608-00fa-44a9-28c7-6a4948c1dae7,58139,97887,0,77.17
2026/10/10 18:19:51.707,GPU-4e7dc608-00fa-44a9-28c7-6a4948c1dae7,58139,97887,0,77.41
2026/10/10 18:19:52.235,GPU-4e7dc608-00fa-44a9-28c7-6a4948c1dae7,58139,97887,0,77.41
2026/10/10 18:19:52.762,GPU-4e7dc608-00fa-44a9-28c7-6a4948c1dae7,58139,97887,0,78.40
2026/10/10 18:19:53.288,GPU-4e7dc608-00fa-44a9-28c7-6a4948c1dae7,58139,97887,0,77.90
2026/10/10 18:19:53.814,GPU-4e7dc608-00fa-44a9-28c7-6a4948c1dae7,58139,97887,0,77.90
2026/10/10 18:19:54.340,GPU-4e7dc608-00fa-44a9-28c7-6a4948c1dae7,58139,97887,0,76.87
2026/10/10 18:19:54.867,GPU-4e7dc608-00fa-44a9-28c7-6a4948c1dae7,58139,97887,0,76.87
2026/10/10 18:19:55.393,GPU-4e7dc608-00fa-44a9-28c7-6a4948c1dae7,58139,97887,0,78.86
2026/10/10 18:19:55.930,GPU-4e7dc608-00fa-44a9-28c7-6a4948c1dae7,58139,97887,0,78.86
2026/10/10 18:19:56.457,GPU-4e7dc608-00fa-44a9-28c7-6a4948c1dae7,58139,97887,0,78.87
2026/10/10 18:19:56.984,GPU-4e7dc608-00fa-44a9-28c7-6a4948c1dae7,58139,97887,0,78.87
2026/10/10 18:19:57.510,GPU-4e7dc608-00fa-44a9-28c7-6a4948c1dae7,58139,97887,0,76.90
2026/10/10 18:19:58.036,GPU-4e7dc608-00fa-44a9-28c7-6a4948c1dae7,58139,97887,0,76.90
2026/10/10 18:19:58.561,GPU-4e7dc608-00fa-44a9-28c7-6a4948c1dae7,58139,97887,0,76.92
2026/10/10 18:19:59.087,GPU-4e7dc608-00fa-44a9-28c7-6a4948c1dae7,58139,97887,0,76.92
2026/10/10 18:19:59.614,GPU-4e7dc608-00fa-44a9-28c7-6a4948c1dae7,58139,97887,0,76.63
2026/10/10 18:20:00.140,GPU-4e7dc608-00fa-44a9-28c7-6a4948c1dae7,58139,97887,0,76.63
2026/10/10 18:20:00.666,GPU-4e7dc608-00fa-44a9-28c7-6a4948c1dae7,58139,97887,0,76.43
2026/10/10 18:20:01.192,GPU-4e7dc608-00fa-44a9-28c7-6a4948c1dae7,58139,97887,0,76.43
2026/10/10 18:20:01.717,GPU-4e7dc608-00fa-44a9-28c7-6a4948c1dae7,58139,97887,0,76.87
2026/10/10 18:20:02.243,GPU-4e7dc608-00fa-44a9-28c7-6a4948c1dae7,58139,97887,0,76.87
2026/10/10 18:20:02.771,GPU-4e7dc608-00fa-44a9-28c7-6a4948c1dae7,58139,97887,0,76.33
2026/10/10 18:20:03.298,GPU-4e7dc608-00fa-44a9-28c7-6a4948c1dae7,58139,97887,0,75.84
2026/10/10 18:20:03.825,GPU-4e7dc608-00fa-44a9-28c7-6a4948c1dae7,58139,97887,0,75.84
2026/10/10 18:20:04.352,GPU-4e7dc608-00fa-44a9-28c7-6a4948c1dae7,58139,97887,0,76.09
2026/10/10 18:20:04.878,GPU-4e7dc608-00fa-44a9-28c7-6a4948c1dae7,58139,97887,0,76.09
2026/10/10 18:20:05.444,GPU-4e7dc608-00fa-44a9-28c7-6a4948c1dae7,58139,97887,0,76.85
2026/10/10 18:20:05.998,GPU-4e7dc608-00fa-44a9-28c7-6a4948c1dae7,58139,97887,0,76.85
2026/10/10 18:20:06.524,GPU-4e7dc608-00fa-44a9-28c7-6a4948c1dae7,58139,97887,0,76.87
2026/10/10 18:20:07.051,GPU-4e7dc608-00fa-44a9-28c7-6a4948c1dae7,58139,97887,0,76.87
2026/10/10 18:20:07.578,GPU-4e7dc608-00fa-44a9-28c7-6a4948c1dae7,58139,97887,0,76.82
2026/10/10 18:20:08.105,GPU-4e7dc608-00fa-44a9-28c7-6a4948c1dae7,58139,97887,0,76.82
2026/10/10 18:20:08.632,GPU-4e7dc608-00fa-44a9-28c7-6a4948c1dae7,58139,97887,0,76.30
2026/10/10 18:20:09.159,GPU-4e7dc608-00fa-44a9-28c7-6a4948c1dae7,58139,97887,0,76.30
2026/10/10 18:20:09.685,GPU-4e7dc608-00fa-44a9-28c7-6a4948c1dae7,58139,97887,0,76.33
2026/10/10 18:20:10.211,GPU-4e7dc608-00fa-44a9-28c7-6a4948c1dae7,58139,97887,0,76.33
2026/10/10 18:20:10.743,GPU-4e7dc608-00fa-44a9-28c7-6a4948c1dae7,58139,97887,0,78.30
2026/10/10 18:20:11.270,GPU-4e7dc608-00fa-44a9-28c7-6a4948c1dae7,58139,97887,0,76.34
2026/10/10 18:20:11.798,GPU-4e7dc608-00fa-44a9-28c7-6a4948c1dae7,58139,97887,0,76.34
2026/10/10 18:20:12.325,GPU-4e7dc608-00fa-44a9-28c7-6a4948c1dae7,58139,97887,0,75.83
2026/10/10 18:20:12.852,GPU-4e7dc608-00fa-44a9-28c7-6a4948c1dae7,58139,97887,0,75.83
2026/10/10 18:20:13.377,GPU-4e7dc608-00fa-44a9-28c7-6a4948c1dae7,58139,97887,0,75.84
2026/10/10 18:20:13.905,GPU-4e7dc608-00fa-44a9-28c7-6a4948c1dae7,58139,97887,0,75.84
2026/10/10 18:20:14.432,GPU-4e7dc608-00fa-44a9-28c7-6a4948c1dae7,58139,97887,0,75.84
2026/10/10 18:20:14.959,GPU-4e7dc608-00fa-44a9-28c7-6a4948c1dae7,58139,97887,0,75.84
2026/10/10 18:20:15.486,GPU-4e7dc608-00fa-44a9-28c7-6a4948c1dae7,58139,97887,0,75.88
2026/10/10 18:20:16.013,GPU-4e7dc608-00fa-44a9-28c7-6a4948c1dae7,58139,97887,0,75.88
2026/10/10 18:20:16.541,GPU-4e7dc608-00fa-44a9-28c7-6a4948c1dae7,58139,97887,0,75.34
2026/10/10 18:20:17.068,GPU-4e7dc608-00fa-44a9-28c7-6a4948c1dae7,58139,97887,0,75.34
2026/10/10 18:20:17.595,GPU-4e7dc608-00fa-44a9-28c7-6a4948c1dae7,58139,97887,0,75.84
2026/10/10 18:20:18.123,GPU-4e7dc608-00fa-44a9-28c7-6a4948c1dae7,58139,97887,0,75.84
2026/10/10 18:20:18.650,GPU-4e7dc608-00fa-44a9-28c7-6a4948c1dae7,58139,97887,0,75.35
2026/10/10 18:20:19.176,GPU-4e7dc608-00fa-44a9-28c7-6a4948c1dae7,58139,97887,0,75.35
2026/10/10 18:20:19.703,GPU-4e7dc608-00fa-44a9-28c7-6a4948c1dae7,58139,97887,0,75.86
2026/10/10 18:20:20.230,GPU-4e7dc608-00fa-44a9-28c7-6a4948c1dae7,58139,97887,0,75.86
2026/10/10 18:20:20.758,GPU-4e7dc608-00fa-44a9-28c7-6a4948c1dae7,58139,97887,0,76.60
2026/10/10 18:20:21.288,GPU-4e7dc608-00fa-44a9-28c7-6a4948c1dae7,58139,97887,0,76.33
2026/10/10 18:20:21.818,GPU-4e7dc608-00fa-44a9-28c7-6a4948c1dae7,58139,97887,0,76.33
2026/10/10 18:20:22.346,GPU-4e7dc608-00fa-44a9-28c7-6a4948c1dae7,58139,97887,0,75.82
2026/10/10 18:20:22.877,GPU-4e7dc608-00fa-44a9-28c7-6a4948c1dae7,58139,97887,0,75.82
2026/10/10 18:20:23.406,GPU-4e7dc608-00fa-44a9-28c7-6a4948c1dae7,58139,97887,0,75.32
2026/10/10 18:20:23.935,GPU-4e7dc608-00fa-44a9-28c7-6a4948c1dae7,58139,97887,0,75.32
2026/10/10 18:20:24.463,GPU-4e7dc608-00fa-44a9-28c7-6a4948c1dae7,58139,97887,0,75.89
2026/10/10 18:20:24.991,GPU-4e7dc608-00fa-44a9-28c7-6a4948c1dae7,58139,97887,0,75.89
2026/10/10 18:20:25.520,GPU-4e7dc608-00fa-44a9-28c7-6a4948c1dae7,58139,97887,0,76.84
2026/10/10 18:20:26.053,GPU-4e7dc608-00fa-44a9-28c7-6a4948c1dae7,58139,97887,0,76.84
2026/10/10 18:20:26.583,GPU-4e7dc608-00fa-44a9-28c7-6a4948c1dae7,1721,97887,64,82.99
2026/10/10 18:20:27.115,GPU-4e7dc608-00fa-44a9-28c7-6a4948c1dae7,1721,97887,0,81.17
2026/10/10 18:20:27.685,GPU-4e7dc608-00fa-44a9-28c7-6a4948c1dae7,0,97887,0,77.68
