[Quadrants] version 1.3.3, llvm 22.1.0, commit 00423caa, linux, python 3.10.12
[38;5;226m[Genesis] [18:28:03] [WARNING] (MJCF) Approximating tendon by joint actuator for `finger_joint1`[0m
[38;5;226m[Genesis] [18:28:03] [WARNING] (MJCF) Approximating tendon by joint actuator for `finger_joint2`[0m
[38;5;226m[Genesis] [18:28:04] [WARNING] Neutral robot position (qpos0) exceeds joint limits.[0m
[38;5;226m[Genesis] [18:28:04] [WARNING] Constraint solver time constant should be greater than 2*substep_dt. timeconst is changed from `0.005` to `0.02`). Decrease simulation timestep or increase timeconst to avoid altering the original value.[0m
[38;5;226m[Genesis] [18:28:06] [WARNING] Filtered out geometry pairs causing self-collision for the neutral configuration (qpos0): (6, 11), (7, 11), (14, 21), (15, 20), (16, 23), (17, 22). Consider tuning Morph option 'decompose_robot_error_threshold' or specify dedicated collision meshes. This behavior can be disabled by setting Morph option 'enable_neutral_collision=True'.[0m
libEGL warning: failed to open /dev/dri/renderD135: Permission denied

libEGL warning: failed to open /dev/dri/card8: Permission denied

libEGL warning: failed to open /dev/dri/renderD134: Permission denied

libEGL warning: failed to open /dev/dri/card7: Permission denied

libEGL warning: failed to open /dev/dri/renderD133: Permission denied

libEGL warning: failed to open /dev/dri/card6: Permission denied

libEGL warning: failed to open /dev/dri/renderD132: Permission denied

libEGL warning: failed to open /dev/dri/card5: Permission denied

libEGL warning: failed to open /dev/dri/renderD131: Permission denied

libEGL warning: failed to open /dev/dri/card4: Permission denied

libEGL warning: failed to open /dev/dri/renderD130: Permission denied

libEGL warning: failed to open /dev/dri/card3: Permission denied

libEGL warning: failed to open /dev/dri/renderD129: Permission denied

libEGL warning: failed to open /dev/dri/card2: Permission denied

libEGL warning: failed to open /dev/dri/renderD128: Permission denied

libEGL warning: failed to open /dev/dri/card1: Permission denied

[W 10/10/26 18:28:39.723 3535876] use 'qd.init(kernel_profiler = True)' to turn on KernelProfiler.
[W 10/10/26 18:28:40.133 3535876] use 'qd.init(kernel_profiler = True)' to turn on KernelProfiler.
{
  "scope": "profile",
  "envs": 1024,
  "level": 1,
  "precision": "64",
  "quadrature": 10,
  "dt": 0.01,
  "substeps": 1,
  "varied": true,
  "seed": 510000,
  "load_model": "finite_pad_adaptive_q10",
  "condition_count": 1024,
  "conditions": null,
  "conditions_sha256": null,
  "cooperative_solve": true,
  "cooperative_pressure": true,
  "cooperative_scatter": true,
  "cached_peak": true,
  "cached_face_bounds": true,
  "method": "auto",
  "inverse_precision": "64",
  "surface_inverse": true,
  "packed_surface_loads": true,
  "history": 0,
  "host": "rtx-209-099",
  "slurm_job_id": "704639",
  "source_revision": "2c6e5ecc5ec7025e3d9963fce9ae1051ae845c6d",
  "arguments": {
    "scope": "profile",
    "envs": 1024,
    "level": 1,
    "steps": 100,
    "warmup": 900,
    "repetitions": 3,
    "minimum_seconds": 10.0,
    "varied": true,
    "seed": 510000,
    "source_revision": "2c6e5ecc5ec7025e3d9963fce9ae1051ae845c6d",
    "conditions": null,
    "save_conditions": null,
    "serial_solve": false,
    "serial_pressure": false,
    "serial_scatter": false,
    "uncached_peak": false,
    "uncached_face_bounds": false,
    "method": "auto",
    "inverse_precision": "64",
    "full_inverse": false,
    "dense_surface_loads": false,
    "history": 0,
    "trace": false,
    "compact_log": true,
    "output": "/mnt/data/zhaofeng/projects/workspace/Genesis/rigid-stress-recovery/runs/20261010-contact-repair/profile-2c-b1024.json"
  },
  "command": [
    "/mnt/data/zhaofeng/venvs/rigid-stress-recovery/bin/python",
    "examples/speed_benchmark/rigid_stress.py",
    "--scope",
    "profile",
    "--envs",
    "1024",
    "--varied",
    "--warmup",
    "900",
    "--steps",
    "100",
    "--compact-log",
    "--output",
    "/mnt/data/zhaofeng/projects/workspace/Genesis/rigid-stress-recovery/runs/20261010-contact-repair/profile-2c-b1024.json"
  ],
  "source_sha256": {
    "/mnt/home/zhaofeng/workspace/Genesis/.worktrees/rigid-stress-recovery/examples/speed_benchmark/rigid_stress.py": "11ba3161faa64e2f55d077254a9f656f7cab2223b2d14905bbc1bc407dce4bde",
    "examples/rigid/franka_egg_stress.py": "d1c4405a0c6ace0ef8bce54e0ef96bb41659525162c8415f1100412762105861",
    "genesis/engine/solvers/rigid/rigid_solver.py": "639210a260da02b0b59b3814ae6a6cf27c6f8d540ce8800cdb36ea652b9cc510",
    "genesis/engine/solvers/rigid/stress/__init__.py": "17b4fa6e4eb64175b87586a6c7142b9fd2f5e88ba4321129d18e07e296adc5a6",
    "genesis/engine/solvers/rigid/stress/association.py": "fd2f31fd5c2cdcc19bec827a559a4617e0bc87f47d758be25b7b16a75f9ebf0d",
    "genesis/engine/solvers/rigid/stress/contact.py": "527583fb4b053fc63d7c37b2ad303fe6820a2441cba6cf5b201779411954cd99",
    "genesis/engine/solvers/rigid/stress/data.py": "0a5559db6e1f6a83c172888109404eafa3cc81b28000bffd2b3cf3b4a6284825",
    "genesis/engine/solvers/rigid/stress/factor.py": "5bfc336c0ff00a5388fbf663590f4a5680629fae1686688a8992b8224eb9e15c",
    "genesis/engine/solvers/rigid/stress/grid.py": "f451674d257339ece41a258f22c7b95fe25d6fc51888854855de4320e26b9a90",
    "genesis/engine/solvers/rigid/stress/history.py": "559e046d3405afc260be5cd5a0de5712e490518e73aafc288642261c3959657c",
    "genesis/engine/solvers/rigid/stress/inverse.py": "9b1fef956961c1ec9cd3c989129b0ce38c88eba7db8ffed995b637cb884da0db",
    "genesis/engine/solvers/rigid/stress/model.py": "89536abe854cc7df99102386cad771c9b4c433b35cee78975804ac73d3c71b81",
    "genesis/engine/solvers/rigid/stress/operators.py": "40ad5e488e928a8f22efe0833f447afba7ef0e258bc3cffb5a0fe30bc1d416ff",
    "genesis/engine/solvers/rigid/stress/recovery.py": "e596ffd926b5d91a4aa9b7ad1ac77aa5b054ad4e33fee8d009e6ae0687e2136c",
    "genesis/engine/solvers/rigid/stress/solve.py": "618f5c71d0338e53b556f56d22f202f6e0f14b521fc9ed03096ce5af99fafc68",
    "genesis/engine/solvers/rigid/stress/surface.py": "ed42707ee7c589db942a15835d40aba5194d2415b2c576ae0196987b94bb4fc1",
    "genesis/engine/solvers/rigid/stress/surface_inverse.py": "2515e85093aa05b275164fc1b40891e83647f8f48a592bdbd808ccdeeb84b151",
    "genesis/options/rigid_stress.py": "668b87b0f8f19c82d7b26a8ce4b983dcbe23f59880d371f1c7c199d8c8dd2660"
  },
  "gpu": "NVIDIA RTX PRO 6000 Blackwell Server Edition",
  "gpu_uuid": "GPU-6bbd7dc5-a342-9d69-8dd7-5f461a9d7025",
  "gpu_total_bytes": 101975851008,
  "quadrants": [
    1,
    3,
    3
  ],
  "torch": "2.8.0",
  "setup_seconds": 22.575998186133802,
  "warmup_steps": 900,
  "policy": {
    "layers": [
      26,
      128,
      128,
      7
    ],
    "seed": 99173,
    "dtype": "float64",
    "residual_scale_rad": 0.0001
  },
  "stage_wall_ms": {
    "begin_step": 0.01679197885096073,
    "association_transform": 0.0986193772405386,
    "anchor_search": 0.12437880970537663,
    "candidate_weights_constraints": 1.159536181949079,
    "nodal_scatter": 0.9103406919166446,
    "inertia_relief_centrifugal": 0.30518229119479656,
    "rhs_reduction": 0.04134146962314844,
    "linear_solve": 0.8105947403237224,
    "complete_residual": 0.34735308960080147,
    "global_peak": 0.2500251028686762,
    "accept": 0.027332608588039875
  },
  "contacts_per_environment": [
    4,
    8,
    6,
    6,
    4,
    3,
    1,
    1,
    1,
    3,
    7,
    1,
    1,
    6,
    4,
    5,
    6,
    6,
    8,
    5,
    6,
    6,
    1,
    1,
    1,
    1,
    1,
    7,
    9,
    2,
    3,
    4,
    5,
    2,
    3,
    10,
    7,
    6,
    1,
    1,
    1,
    1,
    0,
    1,
    0,
    2,
    6,
    4,
    9,
    5,
    5,
    4,
    7,
    11,
    1,
    1,
    1,
    3,
    2,
    2,
    1,
    0,
    2,
    10,
    4,
    3,
    4,
    3,
    5,
    6,
    3,
    1,
    1,
    2,
    1,
    1,
    1,
    1,
    4,
    6,
    5,
    2,
    6,
    4,
    4,
    5,
    3,
    1,
    1,
    1,
    1,
    1,
    1,
    1,
    5,
    5,
    4,
    4,
    6,
    4,
    4,
    3,
    5,
    1,
    1,
    1,
    1,
    9,
    1,
    1,
    2,
    4,
    6,
    2,
    8,
    6,
    9,
    5,
    6,
    1,
    1,
    1,
    1,
    0,
    2,
    1,
    2,
    2,
    10,
    6,
    4,
    5,
    8,
    5,
    3,
    1,
    1,
    1,
    1,
    1,
    1,
    1,
    0,
    6,
    7,
    6,
    4,
    3,
    6,
    3,
    3,
    3,
    1,
    1,
    0,
    1,
    3,
    1,
    5,
    6,
    4,
    10,
    3,
    4,
    3,
    2,
    5,
    5,
    1,
    1,
    1,
    1,
    1,
    1,
    1,
    8,
    4,
    2,
    6,
    6,
    10,
    6,
    3,
    6,
    1,
    1,
    1,
    1,
    0,
    1,
    0,
    1,
    4,
    6,
    5,
    3,
    6,
    5,
    7,
    5,
    1,
    1,
    1,
    2,
    1,
    2,
    0,
    0,
    3,
    6,
    5,
    2,
    5,
    4,
    7,
    6,
    2,
    1,
    1,
    3,
    2,
    1,
    10,
    0,
    5,
    2,
    4,
    2,
    2,
    6,
    3,
    4,
    6,
    1,
    1,
    1,
    3,
    1,
    1,
    1,
    5,
    2,
    8,
    8,
    8,
    5,
    8,
    6,
    6,
    1,
    1,
    1,
    3,
    3,
    1,
    3,
    4,
    5,
    5,
    2,
    6,
    6,
    11,
    5,
    5,
    1,
    1,
    1,
    3,
    1,
    2,
    1,
    0,
    6,
    4,
    4,
    4,
    2,
    2,
    5,
    3,
    1,
    1,
    1,
    3,
    1,
    2,
    1,
    0,
    2,
    2,
    3,
    10,
    5,
    2,
    3,
    7,
    4,
    1,
    1,
    1,
    1,
    1,
    2,
    1,
    10,
    5,
    5,
    6,
    5,
    6,
    4,
    7,
    6,
    1,
    1,
    1,
    3,
    1,
    3,
    1,
    4,
    4,
    4,
    6,
    4,
    3,
    3,
    3,
    7,
    1,
    1,
    1,
    3,
    1,
    1,
    2,
    3,
    4,
    3,
    4,
    4,
    4,
    5,
    5,
    7,
    1,
    1,
    1,
    3,
    1,
    1,
    1,
    4,
    8,
    4,
    6,
    5,
    8,
    5,
    4,
    6,
    1,
    1,
    1,
    1,
    1,
    1,
    10,
    0,
    10,
    2,
    5,
    4,
    8,
    5,
    3,
    9,
    3,
    1,
    1,
    1,
    3,
    2,
    1,
    1,
    5,
    3,
    2,
    4,
    4,
    3,
    6,
    5,
    4,
    1,
    1,
    1,
    1,
    2,
    4,
    1,
    5,
    6,
    8,
    3,
    6,
    8,
    5,
    4,
    7,
    1,
    1,
    1,
    1,
    1,
    1,
    1,
    0,
    3,
    8,
    2,
    6,
    2,
    2,
    5,
    6,
    1,
    1,
    1,
    1,
    1,
    1,
    1,
    2,
    2,
    8,
    10,
    2,
    4,
    6,
    7,
    5,
    3,
    1,
    1,
    2,
    1,
    1,
    2,
    0,
    5,
    4,
    6,
    2,
    4,
    4,
    7,
    4,
    5,
    1,
    1,
    1,
    1,
    1,
    1,
    2,
    5,
    6,
    6,
    6,
    10,
    2,
    6,
    7,
    3,
    1,
    1,
    1,
    1,
    1,
    1,
    1,
    1,
    5,
    6,
    2,
    5,
    4,
    6,
    6,
    11,
    1,
    1,
    1,
    2,
    1,
    2,
    1,
    5,
    4,
    5,
    5,
    5,
    6,
    4,
    6,
    6,
    1,
    1,
    1,
    1,
    1,
    1,
    1,
    0,
    6,
    10,
    6,
    4,
    8,
    5,
    3,
    5,
    4,
    1,
    1,
    0,
    1,
    1,
    1,
    0,
    8,
    3,
    6,
    4,
    9,
    6,
    4,
    11,
    3,
    1,
    1,
    1,
    3,
    1,
    1,
    1,
    3,
    6,
    4,
    3,
    8,
    3,
    5,
    5,
    11,
    1,
    1,
    1,
    1,
    1,
    1,
    1,
    1,
    6,
    4,
    5,
    6,
    8,
    6,
    7,
    5,
    1,
    1,
    1,
    2,
    1,
    1,
    1,
    0,
    4,
    8,
    6,
    4,
    4,
    6,
    5,
    11,
    1,
    1,
    1,
    1,
    2,
    1,
    1,
    4,
    2,
    14,
    5,
    4,
    6,
    3,
    5,
    14,
    6,
    1,
    1,
    1,
    2,
    2,
    2,
    8,
    4,
    6,
    2,
    2,
    6,
    10,
    8,
    5,
    7,
    1,
    1,
    1,
    1,
    6,
    1,
    6,
    5,
    4,
    4,
    10,
    6,
    6,
    10,
    7,
    15,
    1,
    1,
    1,
    2,
    1,
    1,
    1,
    1,
    4,
    8,
    3,
    5,
    9,
    6,
    3,
    7,
    1,
    1,
    1,
    2,
    1,
    2,
    1,
    0,
    9,
    4,
    4,
    5,
    5,
    8,
    6,
    3,
    2,
    1,
    1,
    1,
    1,
    1,
    1,
    1,
    6,
    8,
    3,
    4,
    2,
    8,
    5,
    5,
    7,
    1,
    1,
    1,
    1,
    2,
    1,
    1,
    5,
    5,
    4,
    4,
    10,
    2,
    4,
    7,
    3,
    1,
    1,
    1,
    1,
    1,
    1,
    4,
    2,
    8,
    5,
    4,
    2,
    2,
    4,
    7,
    11,
    1,
    1,
    1,
    1,
    1,
    1,
    1,
    0,
    6,
    4,
    5,
    4,
    3,
    2,
    7,
    7,
    1,
    1,
    1,
    3,
    1,
    1,
    1,
    0,
    3,
    6,
    4,
    3,
    3,
    6,
    5,
    11,
    9,
    1,
    1,
    0,
    1,
    1,
    1,
    1,
    6,
    4,
    4,
    4,
    6,
    5,
    5,
    14,
    6,
    1,
    1,
    1,
    2,
    1,
    1,
    1,
    2,
    4,
    4,
    6,
    5,
    2,
    6,
    3,
    7,
    1,
    1,
    1,
    3,
    1,
    1,
    1,
    2,
    4,
    6,
    5,
    4,
    6,
    6,
    9,
    13,
    1,
    1,
    1,
    1,
    1,
    1,
    1,
    0,
    3,
    2,
    8,
    3,
    6,
    4,
    6,
    4,
    1,
    1,
    1,
    1,
    1,
    1,
    1,
    0,
    6,
    6,
    6,
    2,
    4,
    4,
    5,
    11,
    6,
    1,
    1,
    1,
    1,
    1,
    1,
    1,
    6,
    4,
    5,
    5,
    4,
    2,
    4,
    5,
    6,
    1,
    1,
    1,
    1,
    2,
    1,
    1,
    2,
    5,
    4,
    3,
    5,
    3,
    2,
    11,
    7,
    1,
    1,
    1,
    2,
    1,
    1,
    1,
    6,
    6,
    4,
    5,
    3,
    2,
    6,
    3,
    7,
    1,
    1,
    1,
    3,
    3,
    1,
    1,
    0,
    9,
    2,
    3,
    10,
    6,
    2,
    5,
    3,
    4,
    1,
    1,
    1,
    3,
    1,
    1,
    0,
    4,
    6,
    6,
    4,
    5,
    2,
    6,
    6,
    7,
    1,
    1,
    1,
    1,
    2,
    1,
    1,
    8,
    6,
    6,
    5,
    4,
    3,
    6,
    7,
    5,
    1,
    1,
    1,
    1,
    1,
    7,
    1,
    1,
    10,
    4,
    10,
    6,
    2,
    3,
    5,
    7,
    1,
    1,
    1,
    1,
    1,
    2,
    1,
    4,
    2,
    2,
    8,
    6,
    4,
    3,
    3,
    6,
    1,
    1,
    1,
    3,
    1,
    1,
    1,
    5,
    2,
    3,
    2,
    8,
    6,
    5,
    11,
    3,
    7,
    1,
    1,
    0,
    1,
    2,
    1,
    1,
    4,
    5,
    4,
    2,
    3,
    2,
    4,
    4,
    6,
    1,
    1,
    1,
    3,
    3,
    3,
    4,
    2,
    4,
    4,
    4,
    3,
    4,
    4,
    4,
    7,
    1,
    1,
    1,
    1,
    0,
    1,
    6,
    3,
    4,
    8,
    14,
    3,
    5
  ],
  "candidate_count": [
    55,
    115,
    57,
    121,
    93,
    148,
    140,
    259,
    264,
    98,
    147,
    154,
    79,
    133,
    135,
    82,
    251,
    129,
    0,
    128,
    175,
    139,
    169,
    182,
    129,
    119,
    162,
    165,
    130,
    175,
    175,
    94,
    112,
    90,
    222,
    117,
    121,
    133,
    135,
    234,
    251,
    129,
    247,
    139,
    89,
    102,
    40,
    170,
    183,
    44,
    91,
    199,
    50,
    115,
    56,
    111,
    52,
    115,
    55,
    111,
    111,
    87,
    228,
    245,
    90,
    127,
    246,
    61,
    118,
    121,
    61,
    229,
    121,
    59,
    112,
    120,
    232,
    223,
    61,
    118,
    111,
    167,
    195,
    182,
    179,
    184,
    90,
    81,
    240,
    87,
    224,
    234,
    126,
    113,
    161,
    127,
    164,
    172,
    122,
    90,
    102,
    115,
    129,
    112,
    241,
    132,
    184,
    243,
    127,
    220,
    78,
    67,
    228,
    121,
    121,
    80,
    231,
    120,
    202,
    115,
    115,
    47,
    109,
    106,
    64,
    122,
    65,
    121,
    99,
    250,
    106,
    242,
    243,
    129,
    129,
    143,
    174,
    175,
    160,
    161,
    268,
    276,
    274,
    159,
    164,
    153,
    276,
    294,
    135,
    152,
    295,
    178,
    167,
    291,
    177,
    140,
    227,
    297,
    263,
    290,
    303,
    112,
    130,
    122,
    232,
    79,
    102,
    83,
    35,
    89,
    204,
    37,
    91,
    70,
    52,
    109,
    52,
    115,
    124,
    70,
    119,
    126,
    129,
    243,
    80,
    125,
    137,
    70,
    218,
    227,
    74,
    229,
    142,
    275,
    275,
    182,
    273,
    155,
    278,
    212,
    274,
    102,
    86,
    145,
    134,
    88,
    260,
    134,
    102,
    137,
    115,
    243,
    253,
    264,
    143,
    138,
    108,
    259,
    247,
    130,
    122,
    116,
    129,
    247,
    138,
    110,
    113,
    0,
    81,
    235,
    113,
    113,
    104,
    85,
    257,
    157,
    131,
    89,
    97,
    251,
    136,
    242,
    36,
    88,
    39,
    97,
    53,
    120,
    118,
    119,
    171,
    131,
    163,
    134,
    129,
    129,
    92,
    70,
    129,
    70,
    129,
    132,
    136,
    175,
    160,
    173,
    188,
    86,
    117,
    120,
    130,
    118,
    121,
    125,
    107,
    94,
    114,
    88,
    42,
    103,
    44,
    101,
    68,
    229,
    117,
    76,
    228,
    218,
    76,
    226,
    233,
    82,
    239,
    129,
    129,
    79,
    237,
    125,
    81,
    241,
    215,
    49,
    115,
    54,
    117,
    111,
    158,
    127,
    160,
    134,
    144,
    182,
    152,
    176,
    90,
    121,
    123,
    140,
    94,
    78,
    251,
    96,
    118,
    239,
    79,
    240,
    84,
    0,
    224,
    60,
    121,
    62,
    118,
    125,
    62,
    121,
    65,
    121,
    75,
    129,
    85,
    131,
    45,
    98,
    105,
    44,
    213,
    105,
    147,
    175,
    162,
    180,
    76,
    134,
    79,
    129,
    120,
    145,
    145,
    100,
    82,
    130,
    87,
    135,
    94,
    102,
    82,
    84,
    0,
    0,
    0,
    0,
    216,
    0,
    109,
    0,
    0,
    121,
    90,
    69,
    0,
    50,
    210,
    53,
    204,
    66,
    194,
    218,
    63,
    118,
    219,
    129,
    129,
    105,
    154,
    149,
    266,
    267,
    116,
    154,
    164,
    87,
    148,
    140,
    90,
    260,
    133,
    120,
    62,
    116,
    121,
    121,
    240,
    71,
    123,
    124,
    111,
    99,
    151,
    105,
    138,
    99,
    105,
    254,
    109,
    243,
    245,
    94,
    90,
    94,
    135,
    0,
    240,
    82,
    198,
    65,
    103,
    101,
    79,
    90,
    129,
    228,
    246,
    100,
    83,
    127,
    249,
    141,
    85,
    228,
    246,
    91,
    125,
    247,
    123,
    265,
    137,
    268,
    80,
    240,
    84,
    234,
    222,
    188,
    279,
    282,
    168,
    173,
    162,
    285,
    318,
    94,
    73,
    132,
    75,
    129,
    102,
    133,
    133,
    112,
    94,
    90,
    145,
    258,
    95,
    117,
    67,
    127,
    123,
    69,
    235,
    127,
    64,
    124,
    125,
    242,
    75,
    123,
    131,
    73,
    132,
    127,
    76,
    247,
    129,
    110,
    161,
    117,
    150,
    106,
    153,
    146,
    70,
    201,
    230,
    75,
    119,
    227,
    142,
    186,
    186,
    124,
    155,
    157,
    142,
    185,
    185,
    130,
    122,
    229,
    84,
    222,
    240,
    250,
    43,
    209,
    86,
    45,
    116,
    67,
    129,
    242,
    69,
    125,
    129,
    59,
    121,
    63,
    120,
    43,
    54,
    107,
    158,
    211,
    57,
    44,
    105,
    213,
    81,
    107,
    113,
    114,
    89,
    133,
    98,
    146,
    114,
    156,
    159,
    120,
    120,
    140,
    159,
    179,
    174,
    182,
    130,
    178,
    284,
    241,
    281,
    102,
    122,
    88,
    143,
    130,
    115,
    90,
    32,
    40,
    85,
    67,
    196,
    82,
    195,
    47,
    55,
    115,
    56,
    110,
    133,
    133,
    42,
    91,
    104,
    43,
    213,
    99,
    87,
    137,
    260,
    94,
    138,
    151,
    100,
    85,
    257,
    153,
    129,
    86,
    97,
    250,
    133,
    239,
    112,
    254,
    264,
    139,
    142,
    267,
    126,
    162,
    157,
    122,
    132,
    268,
    131,
    268,
    268,
    112,
    94,
    94,
    148,
    73,
    127,
    76,
    129,
    81,
    133,
    57,
    112,
    118,
    57,
    227,
    118,
    47,
    107,
    48,
    106,
    102,
    76,
    129,
    129,
    93,
    154,
    150,
    98,
    264,
    137,
    55,
    120,
    60,
    115,
    118,
    88,
    72,
    228,
    229,
    74,
    223,
    215,
    122,
    108,
    160,
    112,
    145,
    90,
    132,
    82,
    240,
    129,
    81,
    113,
    113,
    60,
    119,
    121,
    52,
    211,
    213,
    55,
    206,
    182,
    57,
    218,
    58,
    203,
    206,
    129,
    129,
    94,
    151,
    149,
    100,
    135,
    109,
    253,
    112,
    254,
    94,
    78,
    133,
    132,
    82,
    251,
    129,
    90,
    76,
    221,
    231,
    81,
    238,
    90,
    121,
    140,
    82,
    218,
    115,
    118,
    101,
    250,
    131,
    41,
    36,
    198,
    46,
    82,
    34,
    37,
    196,
    81,
    64,
    45,
    200,
    46,
    191,
    171,
    90,
    92,
    39,
    94,
    39,
    98,
    129,
    129,
    107,
    107,
    132,
    184,
    171,
    141,
    280,
    175,
    0,
    121,
    121,
    90,
    66,
    123,
    123,
    90,
    68,
    127,
    70,
    125,
    127,
    118,
    90,
    102,
    94,
    123,
    246,
    73,
    78,
    213,
    61,
    218,
    64,
    210,
    213,
    125,
    125,
    43,
    100,
    104,
    210,
    213,
    43,
    104,
    84,
    90,
    237,
    248,
    129,
    125,
    90,
    247,
    226,
    84,
    230,
    244,
    126,
    127,
    87,
    243,
    221,
    82,
    240,
    86,
    235,
    225,
    90,
    148,
    142,
    261,
    264,
    93,
    141,
    165,
    140,
    249,
    298,
    272,
    295,
    307,
    90,
    60,
    121,
    61,
    117,
    121,
    98,
    112,
    78,
    142,
    261,
    147,
    132,
    101,
    250,
    111,
    104,
    101,
    187,
    98,
    127,
    210,
    67,
    41,
    100,
    43,
    99,
    96,
    109,
    255,
    250,
    119,
    258,
    129,
    129,
    73,
    234,
    118,
    79,
    233,
    220,
    135,
    282,
    173,
    142,
    284,
    172,
    131,
    98,
    90,
    235,
    138,
    254,
    129,
    95,
    249,
    132,
    233,
    140,
    152,
    179,
    172,
    181,
    94,
    72,
    129,
    74,
    129,
    132,
    88,
    130,
    135,
    262,
    151,
    120,
    86,
    86,
    112,
    33,
    72,
    89,
    35,
    209,
    87,
    98,
    246,
    103,
    249,
    75,
    133,
    79,
    129,
    119,
    160,
    159,
    158,
    175,
    175,
    129,
    129,
    132,
    138,
    175,
    165,
    173,
    90,
    121,
    123,
    132,
    128,
    98,
    105,
    0,
    0,
    87,
    76,
    102,
    128,
    103,
    103,
    86,
    87,
    41,
    99,
    100,
    93,
    78,
    249,
    141,
    127,
    79,
    93,
    247,
    129,
    226,
    160,
    274,
    180,
    278,
    278,
    132,
    132,
    102,
    135,
    135,
    140,
    202,
    333,
    298,
    283,
    182,
    299,
    127,
    158,
    270,
    283,
    90,
    118,
    100,
    221,
    108,
    112,
    115,
    73,
    41,
    47,
    103,
    130,
    207,
    53,
    42,
    98,
    213,
    71,
    52,
    210,
    51,
    195,
    202,
    88,
    135,
    95,
    149,
    148,
    96,
    163,
    150,
    100,
    266,
    149,
    176,
    282,
    282,
    233,
    281,
    142,
    289,
    176,
    158,
    285,
    174,
    158,
    190,
    174,
    182,
    102,
    92,
    157,
    144,
    96,
    265,
    139,
    87,
    67,
    228,
    73,
    218,
    219,
    128,
    94,
    86,
    105,
    131,
    116,
    247,
    57,
    189,
    218,
    91,
    0,
    82,
    0,
    87,
    61,
    121,
    63,
    120,
    41,
    99,
    40,
    97,
    95,
    161,
    148,
    100,
    265,
    148,
    62,
    121,
    62,
    118,
    172,
    178,
    176,
    54,
    114,
    120,
    132,
    175,
    175,
    102,
    88,
    133,
    262,
    95,
    147,
    148,
    124,
    86,
    102,
    88,
    232,
    112,
    88,
    223,
    0,
    154,
    99,
    103,
    74,
    52,
    113,
    55,
    115,
    60,
    121,
    123,
    50,
    210,
    49,
    202,
    69,
    129,
    69,
    129,
    84,
    138,
    89,
    132,
    93,
    135,
    107,
    151,
    152,
    102,
    86,
    145,
    89,
    130,
    117,
    101,
    143,
    272,
    110,
    153,
    162,
    86,
    130,
    86,
    108,
    110,
    110,
    108,
    99,
    63,
    102,
    101,
    190,
    0,
    47,
    104,
    111,
    213,
    215,
    52,
    108,
    102,
    45,
    105,
    46,
    105,
    89,
    145,
    146,
    95,
    260,
    134,
    86,
    130,
    87,
    143,
    142,
    127,
    161,
    172,
    282,
    282,
    149,
    164,
    218,
    169,
    282,
    281,
    221,
    280,
    90,
    66,
    125,
    128,
    102,
    109,
    258,
    251,
    125,
    260,
    94,
    88,
    78,
    118,
    114,
    87,
    62,
    74,
    118,
    199,
    233,
    77,
    65,
    123,
    229,
    117,
    46,
    39,
    210,
    61,
    90,
    38,
    46,
    200,
    98,
    75,
    99,
    99,
    38,
    90,
    39,
    98,
    90,
    109,
    147,
    154,
    149,
    109,
    254,
    264,
    146,
    140,
    106,
    260,
    245,
    94,
    135,
    106,
    151,
    152,
    0,
    175,
    175,
    146,
    185,
    189,
    188,
    301,
    304,
    195,
    184,
    325,
    92,
    128,
    125,
    90,
    94,
    90,
    121,
    246,
    90,
    248,
    118,
    119,
    231,
    37,
    88,
    38,
    98,
    91,
    34,
    91,
    86,
    121,
    121,
    63,
    125,
    66,
    123,
    78,
    133,
    85,
    129,
    127,
    167,
    175,
    135,
    287,
    271,
    180,
    160,
    273,
    122,
    105,
    145,
    121,
    157,
    100,
    84,
    132,
    130,
    140,
    102,
    124,
    119,
    232,
    123,
    56,
    218,
    216,
    99,
    57,
    70,
    196,
    228,
    117,
    223,
    62,
    208,
    207,
    60,
    108,
    218,
    37,
    95,
    97,
    198,
    210,
    40,
    98,
    79,
    71,
    127,
    123,
    103,
    173,
    154,
    111,
    267,
    153,
    59,
    113,
    122,
    230,
    223,
    58,
    118,
    113,
    91,
    246,
    92,
    242,
    233,
    94,
    71,
    127,
    129,
    94,
    88,
    230,
    249,
    93,
    129,
    246,
    102,
    102,
    78,
    112,
    220,
    111,
    227,
    62,
    123,
    123,
    59,
    59,
    88,
    113,
    118,
    59,
    223,
    121,
    121,
    122,
    48,
    104,
    109,
    46,
    217,
    113,
    163,
    163,
    148,
    153,
    122,
    107,
    158,
    112,
    145,
    92,
    85,
    240,
    92,
    230,
    236,
    112,
    94,
    88,
    254,
    247,
    247,
    236,
    180,
    210,
    93,
    93,
    45,
    181,
    211,
    96,
    89,
    49,
    201,
    145,
    99,
    51,
    161,
    186,
    212,
    99,
    98,
    55,
    207,
    154,
    115,
    115,
    72,
    129,
    131,
    125,
    91,
    239,
    253,
    109,
    133,
    259,
    130,
    169,
    282,
    282,
    240,
    167,
    281,
    88,
    55,
    113,
    57,
    121,
    92,
    125,
    125,
    102,
    112,
    135,
    261,
    95,
    110,
    89,
    0,
    62,
    125,
    67,
    123,
    127,
    33,
    86,
    38,
    96,
    84,
    227,
    240,
    90,
    127,
    244,
    129,
    129,
    90,
    146,
    92,
    133,
    66,
    126,
    67,
    127,
    0,
    148,
    176,
    176,
    172,
    176,
    224,
    140,
    167,
    186,
    185,
    130,
    120,
    168,
    141,
    166,
    140,
    90,
    90,
    126,
    103,
    112,
    70,
    97,
    55,
    198,
    0,
    50,
    210,
    56,
    215,
    109,
    59,
    216,
    182,
    37,
    79,
    95,
    38,
    212,
    89,
    72,
    201,
    226,
    70,
    120,
    223,
    66,
    57,
    224,
    111,
    116,
    55,
    66,
    229,
    115,
    187,
    121,
    121,
    130,
    271,
    272,
    158,
    157,
    268,
    94,
    75,
    130,
    130,
    76,
    245,
    129,
    132,
    175,
    175,
    112,
    90,
    124,
    137,
    111,
    91,
    106,
    99,
    60,
    210,
    210,
    61,
    218,
    100,
    240,
    258,
    114,
    138,
    263,
    115,
    115,
    61,
    121,
    61,
    118,
    120,
    81,
    136,
    87,
    129,
    73,
    227,
    121,
    70,
    233,
    196,
    102,
    86,
    140,
    142,
    89,
    131,
    102,
    114,
    93,
    264,
    171,
    137,
    97,
    104,
    259,
    145,
    254,
    140,
    102,
    78,
    231,
    0,
    222,
    197,
    86,
    102,
    73,
    127,
    242,
    125,
    135,
    53,
    115,
    56,
    112,
    58,
    121,
    61,
    115,
    119,
    87,
    230,
    237,
    89,
    242,
    42,
    98,
    43,
    213,
    100,
    91,
    232,
    248,
    97,
    129,
    249,
    63,
    122,
    65,
    120,
    90,
    79,
    226,
    234,
    84,
    240,
    132,
    131,
    175,
    154,
    175,
    183,
    90,
    124,
    130,
    87,
    250,
    116,
    78,
    69,
    129,
    124,
    69,
    241,
    129,
    52,
    64,
    113,
    173,
    224,
    68,
    55,
    113,
    223,
    104,
    79,
    223,
    237,
    84,
    123,
    240,
    49,
    109,
    52,
    115,
    62,
    216,
    219,
    107,
    113,
    65,
    219,
    196,
    187,
    287,
    285,
    249,
    287,
    102,
    135,
    135,
    90,
    66,
    123,
    66,
    125,
    131,
    138,
    169,
    175,
    112,
    130,
    110,
    225,
    118,
    37,
    96,
    89,
    185,
    211,
    39,
    94,
    78,
    50,
    105,
    113,
    47,
    103,
    108,
    46,
    216,
    110,
    79,
    129,
    87,
    140,
    142,
    94,
    141,
    143,
    147,
    260,
    95,
    141,
    166,
    56,
    118,
    229,
    65,
    123,
    117,
    113,
    166,
    122,
    159,
    130,
    178,
    128,
    280,
    283,
    171,
    141,
    141,
    283,
    162,
    314,
    142,
    186,
    186,
    90,
    130,
    88,
    81,
    111,
    86,
    115,
    117,
    123,
    44,
    97,
    101,
    38,
    93,
    210,
    40,
    98,
    89,
    63,
    129,
    70,
    126,
    95,
    140,
    137,
    86,
    239,
    244,
    128,
    123,
    87,
    242,
    227,
    106,
    154,
    147,
    79,
    224,
    233,
    82,
    240,
    130,
    129,
    172,
    136,
    163,
    90,
    83,
    68,
    236,
    126,
    125,
    67,
    80,
    241,
    124,
    207,
    88,
    130,
    128,
    78,
    105,
    248,
    107,
    79,
    56,
    121,
    227,
    60,
    116,
    119,
    80,
    129,
    134,
    129,
    109,
    256,
    105,
    247,
    254,
    77,
    233,
    122,
    75,
    237,
    204,
    92,
    143,
    139,
    259,
    264,
    98,
    147,
    154,
    65,
    225,
    114,
    70,
    220,
    216,
    90,
    66,
    125,
    122,
    66,
    232,
    123,
    132,
    140,
    176,
    159,
    176,
    90,
    86,
    86,
    0,
    254,
    130,
    103,
    223,
    49,
    115,
    48,
    117,
    53,
    112,
    118,
    232,
    221,
    57,
    118,
    109,
    87,
    150,
    138,
    88,
    262,
    138,
    68,
    129,
    71,
    127,
    58,
    115,
    57,
    121,
    148,
    209,
    171,
    166,
    288,
    176,
    130,
    129,
    169,
    141,
    175,
    90,
    62,
    80,
    126,
    209,
    242,
    87,
    75,
    125,
    240,
    128,
    102,
    102,
    86,
    101,
    0,
    88,
    97,
    58,
    182,
    65,
    57,
    58,
    112,
    115,
    112,
    112,
    59,
    68,
    106,
    114,
    105,
    197,
    231,
    73,
    62,
    121,
    227,
    114,
    83,
    236,
    231,
    88,
    240,
    55,
    121,
    56,
    118,
    134,
    277,
    268,
    163,
    156,
    269,
    72,
    127,
    129,
    0,
    61,
    120,
    66,
    121,
    130,
    181,
    148,
    136,
    278,
    208,
    281,
    300,
    174,
    139,
    153,
    285,
    162,
    316,
    90,
    83,
    222,
    235,
    83,
    240,
    102,
    130,
    94,
    254,
    142,
    106,
    131,
    205,
    95,
    35,
    46,
    90,
    70,
    198,
    85,
    205,
    54,
    31,
    87,
    36,
    82,
    70,
    213,
    221,
    70,
    118,
    223,
    129,
    129,
    129,
    129,
    80,
    140,
    133,
    82,
    256,
    129,
    148,
    131,
    253,
    265,
    268,
    155,
    144,
    120,
    268,
    260,
    106,
    104,
    172,
    182,
    154,
    116,
    267,
    153,
    90,
    63,
    127,
    69,
    123,
    114,
    100,
    141,
    271,
    107,
    153,
    163,
    88,
    124,
    128,
    240,
    81,
    210,
    243,
    86,
    127,
    239,
    135,
    62,
    191,
    223,
    69,
    115,
    218,
    50,
    159,
    208,
    100,
    213,
    61,
    122,
    65,
    121,
    73,
    130,
    74,
    129,
    95,
    80,
    248,
    137,
    129,
    79,
    92,
    245,
    129,
    222,
    107,
    255,
    259,
    125,
    146,
    261,
    115,
    182,
    160,
    123,
    272,
    156,
    146,
    102,
    146,
    148,
    153,
    265,
    267,
    109,
    145,
    179,
    124,
    130,
    274,
    268,
    189,
    155,
    269,
    90,
    116,
    118,
    62,
    80,
    117,
    124,
    144,
    209,
    241,
    85,
    71,
    123,
    234,
    126,
    94,
    94,
    90,
    266,
    120,
    99,
    115,
    102,
    86,
    47,
    108,
    48,
    113,
    102,
    252,
    254,
    139,
    133,
    102,
    256,
    236,
    101,
    140,
    151,
    64,
    222,
    70,
    214,
    215,
    80,
    70,
    235,
    124,
    125,
    79,
    240,
    123,
    206,
    128,
    225,
    162,
    137,
    278,
    166,
    88,
    121,
    121,
    92,
    70,
    130,
    125,
    69,
    242,
    127,
    90,
    122,
    90,
    84,
    88,
    99,
    94,
    113,
    207,
    36,
    46,
    96,
    71,
    200,
    39,
    90,
    205,
    63,
    60,
    117,
    63,
    121,
    86,
    144,
    91,
    132,
    90,
    135,
    97,
    150,
    148,
    115,
    262,
    256,
    134,
    264,
    141,
    268,
    267,
    154,
    154,
    127,
    267,
    269,
    102,
    108,
    259,
    254,
    128,
    262,
    90,
    121,
    121,
    90,
    230,
    130,
    88,
    144,
    230,
    112,
    108,
    82,
    85,
    228,
    244,
    90,
    127,
    246,
    97,
    243,
    256,
    132,
    129,
    100,
    252,
    234,
    139,
    137,
    135,
    55,
    121,
    60,
    115,
    133,
    135,
    69,
    132,
    125,
    240,
    249,
    80,
    125,
    135,
    180,
    186,
    183,
    194,
    196,
    130,
    134,
    175,
    137,
    164,
    130,
    160,
    316,
    284,
    242,
    173,
    280,
    122,
    94,
    102,
    102,
    102,
    215,
    90,
    240,
    57,
    121,
    57,
    0,
    121,
    42,
    199,
    46,
    183,
    172,
    62,
    216,
    67,
    219,
    46,
    103,
    48,
    105,
    110,
    90,
    259,
    157,
    137,
    90,
    100,
    255,
    139,
    248,
    120,
    120,
    59,
    120,
    64,
    121,
    90,
    59,
    116,
    118,
    62,
    228,
    123,
    88,
    121,
    119,
    88,
    124,
    78,
    135,
    87,
    102,
    91,
    86,
    98,
    97,
    95,
    0,
    60,
    118,
    123,
    231,
    227,
    59,
    118,
    119,
    83,
    240,
    87,
    235,
    223,
    93,
    135,
    101,
    149,
    121,
    121,
    163,
    163,
    68,
    129,
    75,
    130,
    146,
    186,
    325,
    186,
    184,
    304,
    188,
    140,
    170,
    192,
    183,
    343,
    298,
    279,
    178,
    182,
    296,
    318,
    90,
    82,
    94,
    110,
    218,
    112,
    227,
    79,
    226,
    243,
    87,
    123,
    244,
    87,
    143,
    93,
    133,
    114,
    259,
    125,
    249,
    256,
    53,
    115,
    54,
    117,
    126,
    167,
    160,
    124,
    124,
    92,
    87,
    244,
    243,
    93,
    244,
    227,
    130,
    135,
    276,
    173,
    139,
    281,
    169,
    140,
    90,
    124,
    90,
    120,
    100,
    76,
    67,
    82,
    49,
    106,
    107,
    82,
    228,
    248,
    89,
    125,
    249,
    96,
    151,
    105,
    139,
    42,
    101,
    102,
    78,
    129,
    129,
    131,
    268,
    0,
    131,
    270,
    270,
    132,
    140,
    177,
    152,
    175,
    140,
    212,
    164,
    292,
    313,
    182,
    170,
    183,
    293,
    181,
    338,
    94,
    91,
    243,
    249,
    135,
    125,
    91,
    248,
    228,
    90,
    82,
    287,
    93,
    222,
    231,
    66,
    125,
    244,
    72,
    125,
    130,
    49,
    107,
    50,
    115,
    44,
    105,
    44,
    108,
    98,
    244,
    95,
    249,
    77,
    206,
    240,
    81,
    125,
    234,
    72,
    232,
    78,
    230,
    220,
    75,
    237,
    80,
    222,
    225,
    102,
    141,
    115,
    90,
    245,
    152,
    264,
    248,
    135,
    107,
    256,
    145,
    148,
    252,
    122,
    105,
    144,
    159,
    122,
    144,
    136,
    132,
    78,
    104,
    104,
    243,
    228,
    281,
    86,
    90,
    49,
    108,
    49,
    110,
    41,
    101,
    43,
    99,
    41,
    93,
    99,
    41,
    211,
    98,
    89,
    135,
    104,
    150,
    149,
    170,
    170,
    122,
    266,
    262,
    140,
    155,
    268,
    102,
    133,
    133,
    92,
    74,
    131,
    123,
    67,
    241,
    125,
    102,
    90,
    78,
    75,
    102,
    74,
    129,
    246,
    196,
    148,
    197,
    41,
    98,
    40,
    94,
    81,
    138,
    136,
    87,
    257,
    129,
    72,
    234,
    81,
    222,
    227,
    44,
    104,
    44,
    107,
    52,
    112,
    219,
    50,
    112,
    102,
    137,
    282,
    173,
    141,
    283,
    172,
    130,
    119,
    158,
    159,
    279,
    273,
    136,
    160,
    196,
    140,
    252,
    164,
    296,
    292,
    316,
    182,
    182,
    187,
    295,
    183,
    335,
    341,
    94,
    90,
    130,
    164,
    120,
    105,
    277,
    74,
    125,
    129,
    121,
    121,
    83,
    237,
    239,
    129,
    123,
    86,
    241,
    226,
    58,
    121,
    120,
    49,
    104,
    106,
    45,
    219,
    107,
    85,
    239,
    89,
    243,
    88,
    56,
    121,
    60,
    116,
    120,
    123,
    111,
    155,
    147,
    122,
    128,
    110,
    141,
    75,
    120,
    248,
    78,
    233,
    123,
    77,
    234,
    218,
    44,
    102,
    213,
    44,
    100,
    95,
    87,
    150,
    147,
    95,
    263,
    135,
    129,
    129,
    103,
    141,
    117,
    155,
    110,
    149,
    126,
    160,
    0,
    72,
    129,
    71,
    129,
    90,
    64,
    75,
    120,
    205,
    239,
    80,
    72,
    125,
    234,
    125,
    130,
    127,
    174,
    144,
    169,
    179,
    102,
    130,
    78,
    123,
    120,
    214,
    109,
    63,
    125,
    241,
    71,
    123,
    126,
    44,
    100,
    44,
    103,
    85,
    230,
    236,
    89,
    240,
    113,
    258,
    107,
    253,
    257,
    108,
    146,
    153,
    146,
    129,
    129,
    218,
    292,
    264,
    296,
    92,
    69,
    129,
    71,
    129,
    132,
    144,
    176,
    161,
    176,
    186,
    90,
    90,
    90,
    109,
    0,
    110,
    226,
    128,
    119,
    115,
    49,
    207,
    48,
    193,
    178,
    58,
    119,
    57,
    113,
    90,
    135,
    139,
    106,
    146,
    118,
    158,
    164,
    76,
    127,
    129,
    147,
    148,
    100,
    131,
    103,
    234,
    238,
    260,
    134,
    130,
    99,
    252,
    237,
    138,
    200,
    297,
    288,
    263,
    174,
    294,
    130,
    88,
    90,
    116,
    123,
    107,
    110,
    130,
    50,
    43,
    213,
    79,
    105,
    156,
    93,
    237,
    243,
    93,
    129,
    248,
    65,
    126,
    67,
    125,
    52,
    192,
    191,
    47,
    209,
    142,
    134,
    135,
    138,
    137,
    109,
    250,
    264,
    130,
    143,
    266,
    128,
    163,
    163,
    104,
    106,
    249,
    261,
    130,
    140,
    265,
    102,
    90,
    128,
    113,
    121,
    227,
    218,
    115,
    116,
    244,
    86,
    38,
    46,
    97,
    64,
    200,
    39,
    93,
    205,
    63,
    89,
    90,
    40,
    100,
    95,
    120,
    96,
    268,
    176,
    142,
    108,
    112,
    261,
    150,
    258,
    97,
    237,
    257,
    107,
    133,
    257,
    129,
    129,
    132,
    142,
    176,
    158,
    170,
    117,
    141,
    142,
    140,
    0,
    183,
    257,
    128,
    130,
    106,
    117,
    238,
    121,
    107,
    192,
    29,
    82,
    33,
    78,
    77,
    223,
    233,
    84,
    125,
    240,
    78,
    138,
    129,
    80,
    250,
    129,
    70,
    129,
    75,
    126,
    106,
    146,
    118,
    158,
    160,
    175,
    175,
    85,
    130,
    253,
    88,
    140,
    139,
    98,
    101,
    254,
    109,
    245,
    243,
    96,
    82,
    139,
    130,
    80,
    250,
    129,
    130,
    122,
    78,
    121,
    121,
    102,
    244,
    230,
    33,
    89,
    92,
    198,
    202,
    0,
    89,
    61,
    40,
    168,
    184,
    43,
    86,
    196,
    40,
    80,
    98,
    39,
    212,
    91,
    71,
    222,
    220,
    75,
    229,
    117,
    163,
    132,
    165,
    94,
    135,
    140,
    96,
    170,
    148,
    100,
    266,
    142,
    112,
    116,
    263,
    262,
    135,
    150,
    266,
    90,
    71,
    229,
    76,
    234,
    90,
    102,
    112,
    77,
    222,
    69,
    90,
    125,
    243,
    75,
    125,
    133,
    219,
    113,
    44,
    52,
    105,
    127,
    211,
    53,
    43,
    103,
    213,
    80,
    37,
    88,
    38,
    96,
    56,
    46,
    215,
    90,
    110,
    46,
    59,
    216,
    108,
    163,
    130,
    275,
    268,
    161,
    155,
    268,
    146,
    147,
    86,
    139,
    134,
    122,
    109,
    146,
    134,
    157,
    90,
    83,
    240,
    121,
    84,
    239,
    226,
    86,
    86,
    124,
    117,
    120,
    0,
    103,
    96,
    91,
    74,
    202,
    53,
    82,
    82,
    124,
    123,
    62,
    126,
    123,
    238,
    237,
    69,
    123,
    126,
    99,
    241,
    250,
    107,
    134,
    254,
    134,
    171,
    141,
    175,
    52,
    117,
    118,
    90,
    126,
    126,
    136,
    156,
    176,
    169,
    180,
    187,
    124,
    118,
    86,
    268,
    150,
    159,
    122,
    235,
    109,
    51,
    100,
    80,
    210,
    69,
    129,
    129,
    40,
    103,
    97,
    96,
    95,
    49,
    108,
    105,
    220,
    217,
    46,
    105,
    101,
    58,
    123,
    119,
    62,
    230,
    121,
    141,
    175,
    167,
    177,
    184,
    90,
    79,
    67,
    235,
    123,
    125,
    65,
    79,
    240,
    123,
    203,
    90,
    125,
    125,
    140,
    199,
    302,
    288,
    265,
    180,
    295,
    140,
    102,
    102,
    113,
    90,
    117,
    104,
    38,
    94,
    40,
    99,
    58,
    121,
    59,
    115,
    119,
    49,
    109,
    51,
    115,
    147,
    147,
    51,
    117,
    115,
    129,
    129,
    102,
    248,
    111,
    254,
    132,
    142,
    174,
    176,
    142,
    178,
    186,
    185,
    193,
    196,
    94,
    102,
    78,
    108,
    110,
    110,
    38,
    204,
    61,
    58,
    59,
    89,
    82,
    64,
    38,
    144,
    90,
    86,
    58,
    117,
    60,
    121,
    83,
    240,
    87,
    238,
    49,
    107,
    50,
    107,
    86,
    138,
    133,
    74,
    129,
    79,
    127,
    95,
    151,
    100,
    136,
    92,
    69,
    128,
    125,
    94,
    82,
    228,
    247,
    90,
    125,
    249,
    130,
    94,
    90,
    220,
    112,
    71,
    132,
    125,
    69,
    240,
    121,
    162,
    104,
    213,
    33,
    82,
    33,
    83,
    70,
    132,
    127,
    239,
    251,
    79,
    129,
    132,
    114,
    70,
    62,
    58,
    200,
    81,
    226,
    113,
    118,
    57,
    65,
    231,
    117,
    192,
    90,
    135,
    138,
    170,
    279,
    207,
    280,
    281
  ],
  "pressure_evaluations": [
    0,
    0,
    0,
    0,
    0,
    0,
    0,
    0,
    0,
    0,
    0,
    0,
    0,
    0,
    0,
    0,
    0,
    0,
    0,
    0,
    0,
    0,
    0,
    0,
    0,
    0,
    0,
    0,
    0,
    0,
    0,
    0,
    0,
    0,
    0,
    0,
    0,
    0,
    0,
    0,
    0,
    0,
    0,
    0,
    0,
    0,
    0,
    0,
    0,
    0,
    0,
    0,
    0,
    0,
    0,
    0,
    0,
    0,
    0,
    0,
    0,
    0,
    0,
    0,
    0,
    0,
    0,
    0,
    0,
    0,
    0,
    0,
    0,
    0,
    0,
    0,
    0,
    0,
    0,
    0,
    0,
    0,
    0,
    0,
    0,
    0,
    0,
    0,
    0,
    0,
    0,
    0,
    0,
    0,
    0,
    0,
    0,
    0,
    0,
    0,
    0,
    0,
    0,
    0,
    0,
    0,
    0,
    0,
    0,
    0,
    0,
    0,
    0,
    0,
    0,
    0,
    0,
    0,
    0,
    1,
    1,
    0,
    0,
    0,
    0,
    0,
    0,
    0,
    0,
    0,
    0,
    0,
    0,
    0,
    0,
    0,
    0,
    0,
    0,
    0,
    0,
    0,
    0,
    0,
    1,
    0,
    0,
    0,
    0,
    0,
    0,
    0,
    0,
    0,
    0,
    0,
    0,
    0,
    0,
    0,
    0,
    0,
    0,
    0,
    0,
    0,
    0,
    0,
    0,
    0,
    0,
    0,
    0,
    0,
    0,
    0,
    0,
    0,
    0,
    0,
    0,
    0,
    0,
    0,
    0,
    0,
    0,
    0,
    0,
    0,
    0,
    0,
    0,
    0,
    0,
    0,
    0,
    0,
    0,
    0,
    0,
    0,
    0,
    0,
    0,
    0,
    0,
    0,
    0,
    0,
    0,
    0,
    0,
    0,
    0,
    0,
    0,
    0,
    0,
    0,
    0,
    0,
    0,
    0,
    0,
    0,
    0,
    0,
    0,
    0,
    0,
    0,
    0,
    0,
    0,
    0,
    0,
    0,
    0,
    0,
    0,
    0,
    0,
    0,
    0,
    0,
    0,
    0,
    0,
    0,
    0,
    0,
    0,
    0,
    0,
    0,
    0,
    0,
    0,
    0,
    0,
    0,
    0,
    0,
    0,
    0,
    0,
    0,
    0,
    0,
    0,
    0,
    0,
    0,
    0,
    0,
    0,
    0,
    0,
    0,
    0,
    0,
    0,
    0,
    0,
    0,
    0,
    0,
    0,
    0,
    0,
    0,
    0,
    0,
    0,
    0,
    0,
    0,
    0,
    0,
    0,
    0,
    0,
    0,
    0,
    0,
    0,
    0,
    0,
    0,
    0,
    0,
    0,
    0,
    0,
    0,
    0,
    0,
    0,
    0,
    0,
    0,
    0,
    0,
    0,
    0,
    0,
    0,
    0,
    0,
    0,
    0,
    0,
    0,
    0,
    0,
    0,
    0,
    0,
    0,
    0,
    0,
    0,
    0,
    0,
    0,
    0,
    0,
    0,
    0,
    0,
    0,
    0,
    0,
    0,
    0,
    0,
    0,
    0,
    0,
    0,
    0,
    0,
    0,
    0,
    0,
    0,
    0,
    0,
    0,
    0,
    0,
    2,
    0,
    1,
    0,
    0,
    0,
    0,
    0,
    0,
    0,
    0,
    0,
    0,
    0,
    0,
    0,
    0,
    0,
    0,
    0,
    0,
    0,
    0,
    0,
    0,
    0,
    0,
    0,
    0,
    0,
    0,
    0,
    0,
    0,
    0,
    0,
    0,
    0,
    0,
    0,
    0,
    0,
    0,
    0,
    0,
    0,
    0,
    0,
    0,
    0,
    0,
    0,
    0,
    0,
    0,
    0,
    0,
    0,
    0,
    0,
    0,
    0,
    0,
    0,
    0,
    0,
    0,
    0,
    0,
    0,
    0,
    0,
    0,
    0,
    0,
    0,
    0,
    0,
    0,
    0,
    0,
    0,
    0,
    0,
    0,
    0,
    0,
    0,
    0,
    0,
    0,
    0,
    0,
    0,
    0,
    0,
    0,
    0,
    0,
    0,
    0,
    0,
    0,
    0,
    0,
    0,
    0,
    0,
    0,
    0,
    0,
    0,
    0,
    0,
    0,
    0,
    0,
    0,
    0,
    0,
    0,
    0,
    0,
    0,
    0,
    0,
    0,
    0,
    0,
    0,
    0,
    0,
    0,
    0,
    0,
    0,
    0,
    0,
    0,
    0,
    0,
    0,
    0,
    0,
    0,
    0,
    2,
    0,
    0,
    0,
    0,
    0,
    0,
    0,
    0,
    0,
    0,
    0,
    0,
    0,
    0,
    0,
    0,
    0,
    2,
    0,
    0,
    0,
    0,
    1,
    0,
    0,
    0,
    0,
    0,
    0,
    0,
    0,
    0,
    0,
    0,
    0,
    0,
    0,
    0,
    0,
    0,
    0,
    0,
    0,
    0,
    0,
    0,
    0,
    0,
    0,
    0,
    0,
    0,
    0,
    0,
    0,
    0,
    0,
    0,
    0,
    0,
    0,
    0,
    0,
    0,
    0,
    0,
    0,
    0,
    0,
    0,
    0,
    0,
    0,
    0,
    1,
    0,
    0,
    0,
    0,
    0,
    0,
    0,
    0,
    0,
    0,
    0,
    0,
    0,
    0,
    0,
    0,
    0,
    0,
    0,
    0,
    0,
    0,
    0,
    0,
    0,
    0,
    0,
    0,
    0,
    0,
    0,
    0,
    0,
    0,
    0,
    0,
    0,
    0,
    0,
    0,
    0,
    0,
    0,
    0,
    0,
    0,
    0,
    0,
    0,
    0,
    0,
    0,
    0,
    0,
    0,
    0,
    0,
    0,
    0,
    0,
    0,
    0,
    0,
    0,
    0,
    0,
    0,
    0,
    0,
    0,
    0,
    0,
    0,
    0,
    0,
    0,
    0,
    0,
    0,
    0,
    0,
    0,
    0,
    0,
    0,
    0,
    0,
    0,
    0,
    0,
    0,
    0,
    0,
    0,
    0,
    0,
    0,
    0,
    0,
    0,
    0,
    0,
    0,
    0,
    0,
    0,
    0,
    0,
    0,
    0,
    0,
    0,
    0,
    0,
    0,
    0,
    0,
    0,
    0,
    0,
    0,
    0,
    0,
    0,
    0,
    0,
    0,
    0,
    0,
    0,
    0,
    0,
    0,
    0,
    0,
    0,
    0,
    0,
    0,
    0,
    0,
    0,
    0,
    0,
    0,
    0,
    0,
    0,
    0,
    0,
    0,
    0,
    0,
    0,
    0,
    0,
    0,
    0,
    0,
    0,
    0,
    0,
    0,
    0,
    0,
    0,
    0,
    0,
    0,
    0,
    0,
    0,
    0,
    0,
    0,
    0,
    0,
    1,
    0,
    0,
    0,
    0,
    0,
    0,
    0,
    0,
    0,
    0,
    0,
    0,
    0,
    0,
    0,
    0,
    0,
    0,
    0,
    0,
    0,
    0,
    0,
    0,
    0,
    0,
    0,
    0,
    0,
    0,
    0,
    0,
    0,
    0,
    0,
    0,
    0,
    0,
    0,
    0,
    0,
    0,
    0,
    0,
    0,
    0,
    0,
    0,
    0,
    0,
    0,
    0,
    0,
    0,
    0,
    0,
    0,
    0,
    0,
    0,
    0,
    0,
    0,
    0,
    0,
    0,
    0,
    0,
    0,
    0,
    0,
    0,
    0,
    0,
    0,
    0,
    0,
    0,
    0,
    0,
    0,
    0,
    0,
    0,
    0,
    0,
    0,
    0,
    0,
    1,
    0,
    0,
    0,
    0,
    0,
    0,
    0,
    0,
    0,
    0,
    0,
    0,
    0,
    0,
    0,
    0,
    0,
    0,
    0,
    0,
    0,
    0,
    0,
    0,
    0,
    0,
    0,
    0,
    0,
    0,
    0,
    0,
    0,
    0,
    0,
    0,
    0,
    0,
    0,
    0,
    0,
    0,
    0,
    0,
    0,
    0,
    0,
    0,
    0,
    0,
    0,
    0,
    0,
    0,
    0,
    0,
    0,
    0,
    0,
    0,
    0,
    0,
    0,
    0,
    0,
    0,
    0,
    0,
    0,
    0,
    0,
    0,
    0,
    0,
    0,
    0,
    0,
    0,
    0,
    0,
    0,
    0,
    0,
    0,
    0,
    0,
    0,
    0,
    0,
    0,
    0,
    0,
    0,
    0,
    0,
    0,
    0,
    0,
    0,
    3,
    0,
    0,
    0,
    0,
    0,
    0,
    0,
    0,
    0,
    0,
    0,
    0,
    0,
    0,
    0,
    0,
    0,
    0,
    0,
    0,
    0,
    0,
    0,
    0,
    0,
    0,
    0,
    0,
    0,
    0,
    0,
    0,
    0,
    0,
    0,
    2,
    0,
    0,
    0,
    0,
    0,
    0,
    0,
    0,
    2,
    0,
    0,
    0,
    0,
    0,
    0,
    0,
    0,
    0,
    0,
    0,
    0,
    0,
    0,
    0,
    0,
    0,
    0,
    0,
    0,
    0,
    0,
    0,
    0,
    0,
    0,
    0,
    0,
    0,
    0,
    0,
    0,
    0,
    0,
    0,
    0,
    0,
    0,
    0,
    0,
    0,
    0,
    0,
    0,
    0,
    0,
    0,
    0,
    0,
    0,
    2,
    0,
    0,
    0,
    0,
    0,
    0,
    0,
    0,
    0,
    0,
    0,
    0,
    0,
    0,
    0,
    0,
    0,
    0,
    0,
    0,
    0,
    0,
    0,
    0,
    0,
    0,
    0,
    0,
    0,
    0,
    0,
    0,
    0,
    0,
    0,
    0,
    0,
    0,
    0,
    0,
    0,
    0,
    0,
    0,
    0,
    0,
    0,
    0,
    0,
    0,
    0,
    0,
    0,
    0,
    0,
    0,
    0,
    0,
    0,
    0,
    0,
    0,
    0,
    0,
    0,
    0,
    0,
    0,
    0,
    0,
    0,
    0,
    0,
    0,
    0,
    0,
    0,
    0,
    0,
    0,
    0,
    0,
    0,
    0,
    0,
    0,
    0,
    0,
    0,
    0,
    0,
    0,
    0,
    0,
    0,
    0,
    0,
    0,
    0,
    0,
    0,
    0,
    0,
    0,
    0,
    0,
    0,
    0,
    0,
    0,
    0,
    0,
    0,
    1,
    0,
    0,
    0,
    0,
    0,
    0,
    1,
    0,
    0,
    0,
    0,
    0,
    0,
    0,
    0,
    0,
    0,
    0,
    1,
    0,
    0,
    0,
    0,
    0,
    0,
    0,
    0,
    0,
    0,
    0,
    0,
    0,
    0,
    0,
    0,
    0,
    0,
    0,
    0,
    0,
    0,
    0,
    0,
    0,
    0,
    0,
    0,
    0,
    0,
    0,
    0,
    0,
    0,
    0,
    0,
    0,
    0,
    0,
    0,
    0,
    0,
    0,
    0,
    0,
    0,
    0,
    0,
    0,
    0,
    0,
    0,
    0,
    0,
    0,
    0,
    0,
    0,
    0,
    0,
    0,
    0,
    0,
    0,
    0,
    0,
    0,
    0,
    0,
    0,
    1,
    0,
    0,
    0,
    0,
    0,
    0,
    0,
    0,
    0,
    0,
    0,
    0,
    0,
    0,
    0,
    0,
    0,
    0,
    0,
    0,
    0,
    0,
    0,
    0,
    0,
    0,
    0,
    0,
    0,
    0,
    0,
    0,
    0,
    0,
    0,
    0,
    0,
    0,
    0,
    0,
    0,
    0,
    0,
    0,
    0,
    0,
    0,
    0,
    0,
    0,
    0,
    0,
    0,
    0,
    0,
    0,
    0,
    0,
    0,
    0,
    0,
    0,
    0,
    0,
    0,
    0,
    0,
    0,
    0,
    0,
    0,
    0,
    0,
    0,
    0,
    0,
    0,
    0,
    0,
    0,
    0,
    0,
    0,
    2,
    0,
    0,
    0,
    0,
    0,
    0,
    0,
    0,
    0,
    0,
    0,
    0,
    0,
    0,
    0,
    0,
    0,
    0,
    0,
    0,
    0,
    0,
    0,
    0,
    0,
    0,
    0,
    0,
    0,
    0,
    0,
    0,
    0,
    0,
    0,
    0,
    0,
    0,
    0,
    0,
    0,
    0,
    0,
    0,
    0,
    0,
    0,
    0,
    0,
    0,
    0,
    0,
    0,
    0,
    0,
    0,
    0,
    0,
    0,
    0,
    0,
    0,
    0,
    0,
    0,
    0,
    0,
    0,
    0,
    0,
    0,
    0,
    0,
    0,
    0,
    0,
    0,
    0,
    0,
    0,
    0,
    0,
    0,
    0,
    0,
    0,
    0,
    0,
    0,
    0,
    0,
    0,
    0,
    0,
    0,
    0,
    0,
    0,
    0,
    0,
    0,
    0,
    0,
    0,
    0,
    0,
    0,
    0,
    0,
    0,
    0,
    0,
    0,
    0,
    0,
    0,
    0,
    0,
    0,
    0,
    0,
    0,
    0,
    0,
    0,
    0,
    0,
    0,
    0,
    0,
    0,
    0,
    0,
    0,
    0,
    0,
    0,
    0,
    0,
    0,
    0,
    0,
    0,
    0,
    0,
    0,
    0,
    0,
    0,
    0,
    0,
    0,
    0,
    0,
    0,
    0,
    0,
    0,
    0,
    0,
    0,
    0,
    0,
    0,
    0,
    0,
    0,
    0,
    0,
    0,
    0,
    0,
    0,
    0,
    0,
    0,
    0,
    0,
    0,
    0,
    0,
    0,
    0,
    0,
    0,
    0,
    0,
    0,
    0,
    0,
    0,
    0,
    0,
    0,
    0,
    0,
    0,
    0,
    0,
    0,
    2,
    0,
    0,
    0,
    0,
    0,
    0,
    0,
    0,
    0,
    0,
    0,
    0,
    0,
    0,
    0,
    0,
    0,
    0,
    0,
    0,
    0,
    0,
    0,
    0,
    0,
    0,
    0,
    0,
    0,
    0,
    0,
    0,
    0,
    0,
    0,
    0,
    0,
    0,
    0,
    0,
    0,
    0,
    0,
    0,
    0,
    0,
    0,
    0,
    0,
    0,
    0,
    0,
    0,
    0,
    0,
    0,
    0,
    0,
    0,
    0,
    0,
    0,
    0,
    0,
    0,
    0,
    0,
    0,
    0,
    0,
    0,
    0,
    0,
    0,
    0,
    0,
    0,
    0,
    0,
    0,
    0,
    0,
    0,
    0,
    0,
    0,
    0,
    0,
    0,
    0,
    0,
    0,
    0,
    0,
    0,
    0,
    0,
    0,
    0,
    0,
    0,
    0,
    0,
    0,
    0,
    0,
    0,
    0,
    0,
    0,
    0,
    0,
    0,
    0,
    0,
    0,
    2,
    0,
    0,
    0,
    0,
    0,
    0,
    0,
    0,
    0,
    0,
    0,
    0,
    0,
    0,
    0,
    0,
    0,
    0,
    0,
    0,
    0,
    0,
    0,
    0,
    0,
    0,
    0,
    0,
    0,
    0,
    0,
    0,
    0,
    0,
    0,
    0,
    0,
    0,
    0,
    0,
    0,
    0,
    0,
    0,
    0,
    0,
    0,
    0,
    0,
    0,
    0,
    0,
    0,
    0,
    1,
    0,
    0,
    0,
    0,
    0,
    0,
    0,
    0,
    0,
    0,
    0,
    0,
    0,
    0,
    0,
    0,
    0,
    0,
    0,
    0,
    0,
    0,
    0,
    0,
    0,
    0,
    0,
    0,
    0,
    0,
    0,
    0,
    0,
    0,
    1,
    0,
    0,
    0,
    0,
    0,
    0,
    0,
    1,
    0,
    0,
    0,
    0,
    0,
    0,
    0,
    0,
    0,
    0,
    0,
    0,
    1,
    0,
    0,
    0,
    0,
    0,
    0,
    0,
    0,
    0,
    0,
    0,
    0,
    0,
    0,
    0,
    0,
    0,
    0,
    0,
    0,
    0,
    0,
    0,
    0,
    0,
    0,
    0,
    0,
    0,
    0,
    0,
    0,
    0,
    0,
    0,
    0,
    0,
    0,
    0,
    0,
    0,
    0,
    0,
    0,
    0,
    0,
    0,
    0,
    0,
    0,
    0,
    0,
    0,
    0,
    0,
    0,
    0,
    0,
    0,
    0,
    0,
    0,
    0,
    0,
    0,
    0,
    0,
    0,
    0,
    0,
    0,
    0,
    0,
    0,
    0,
    0,
    0,
    0,
    0,
    0,
    0,
    0,
    0,
    0,
    0,
    0,
    0,
    0,
    0,
    0,
    0,
    0,
    0,
    0,
    0,
    0,
    0,
    0,
    0,
    0,
    0,
    0,
    0,
    0,
    0,
    0,
    0,
    0,
    0,
    0,
    0,
    0,
    0,
    0,
    0,
    0,
    0,
    0,
    0,
    0,
    0,
    0,
    0,
    0,
    0,
    0,
    0,
    0,
    0,
    0,
    0,
    0,
    0,
    0,
    0,
    0,
    0,
    0,
    0,
    1,
    0,
    0,
    0,
    0,
    0,
    0,
    0,
    0,
    0,
    0,
    0,
    0,
    0,
    0,
    0,
    0,
    0,
    0,
    0,
    0,
    0,
    0,
    0,
    0,
    0,
    0,
    0,
    0,
    0,
    0,
    0,
    0,
    0,
    0,
    0,
    0,
    0,
    0,
    0,
    0,
    0,
    0,
    0,
    0,
    0,
    0,
    0,
    0,
    0,
    0,
    0,
    0,
    0,
    0,
    0,
    0,
    0,
    0,
    0,
    0,
    0,
    0,
    0,
    0,
    0,
    0,
    0,
    0,
    0,
    0,
    0,
    0,
    0,
    0,
    0,
    0,
    0,
    0,
    0,
    0,
    0,
    0,
    0,
    0,
    0,
    0,
    0,
    0,
    0,
    0,
    0,
    0,
    0,
    0,
    0,
    0,
    0,
    0,
    0,
    0,
    0,
    0,
    0,
    0,
    0,
    0,
    0,
    0,
    0,
    0,
    0,
    0,
    0,
    0,
    0,
    0,
    0,
    0,
    0,
    0,
    0,
    0,
    0,
    0,
    0,
    0,
    0,
    0,
    0,
    0,
    0,
    0,
    0,
    0,
    0,
    0,
    0,
    0,
    0,
    0,
    0,
    0,
    0,
    0,
    0,
    0,
    0,
    0,
    0,
    0,
    0,
    0,
    0,
    0,
    3,
    0,
    0,
    0,
    0,
    0,
    0,
    0,
    0,
    0,
    0,
    0,
    0,
    0,
    0,
    0,
    0,
    0,
    0,
    0,
    0,
    0,
    0,
    0,
    0,
    0,
    0,
    0,
    0,
    0,
    0,
    0,
    0,
    0,
    0,
    0,
    0,
    0,
    0,
    0,
    0,
    0,
    0,
    0,
    0,
    0,
    0,
    0,
    0,
    0,
    0,
    0,
    0,
    0,
    0,
    0,
    0,
    0,
    0,
    0,
    0,
    0,
    0,
    0,
    0,
    0,
    0,
    0,
    0,
    0,
    0,
    0,
    0,
    0,
    0,
    0,
    0,
    0,
    0,
    0,
    0,
    2,
    0,
    0,
    0,
    0,
    0,
    0,
    0,
    0,
    0,
    0,
    0,
    0,
    0,
    0,
    0,
    0,
    0,
    0,
    0,
    0,
    0,
    0,
    0,
    0,
    0,
    0,
    0,
    0,
    0,
    0,
    0,
    0,
    0,
    0,
    0,
    0,
    0,
    0,
    0,
    0,
    0,
    0,
    0,
    0,
    0,
    0,
    0,
    0,
    0,
    0,
    0,
    0,
    0,
    0,
    0,
    0,
    0,
    0,
    0,
    0,
    0,
    0,
    0,
    0,
    0,
    0,
    0,
    0,
    0,
    0,
    0,
    2,
    0,
    0,
    0,
    0,
    0,
    0,
    0,
    1,
    2,
    0,
    0,
    0,
    0,
    0,
    0,
    0,
    0,
    0,
    0,
    0,
    0,
    0,
    0,
    0,
    0,
    0,
    0,
    0,
    0,
    0,
    0,
    0,
    0,
    0,
    0,
    0,
    0,
    0,
    0,
    0,
    0,
    0,
    0,
    0,
    0,
    0,
    0,
    0,
    0,
    0,
    0,
    0,
    0,
    0,
    0,
    0,
    0,
    0,
    0,
    0,
    0,
    0,
    0,
    0,
    0,
    0,
    0,
    0,
    0,
    0,
    0,
    0,
    0,
    0,
    0,
    0,
    0,
    0,
    0,
    0,
    0,
    0,
    0,
    0,
    0,
    0,
    0,
    0,
    0,
    0,
    0,
    0,
    0,
    0,
    0,
    0,
    0,
    0,
    0,
    0,
    0,
    0,
    0,
    0,
    0,
    0,
    0,
    0,
    0,
    0,
    0,
    0,
    0,
    0,
    0,
    0,
    0,
    0,
    0,
    0,
    0,
    0,
    0,
    0,
    0,
    0,
    0,
    0,
    0,
    0,
    0,
    0,
    0,
    0,
    0,
    0,
    0,
    0,
    0,
    0,
    0,
    0,
    0,
    0,
    0,
    0,
    0,
    0,
    0,
    0,
    0,
    0,
    0,
    0,
    0,
    0,
    0,
    0,
    0,
    0,
    0,
    0,
    0,
    0,
    0,
    0,
    0,
    0,
    0,
    0,
    0,
    0,
    0,
    0,
    0,
    0,
    0,
    0,
    0,
    0,
    0,
    0,
    0,
    0,
    0,
    1,
    0,
    0,
    0,
    0,
    0,
    0,
    0,
    0,
    0,
    0,
    0,
    0,
    0,
    0,
    0,
    0,
    0,
    0,
    0,
    0,
    0,
    0,
    0,
    0,
    0,
    0,
    0,
    0,
    0,
    0,
    2,
    0,
    0,
    0,
    0,
    0,
    0,
    1,
    0,
    0,
    0,
    0,
    0,
    0,
    0,
    0,
    0,
    0,
    0,
    0,
    0,
    0,
    0,
    0,
    0,
    0,
    0,
    0,
    0,
    0,
    0,
    0,
    0,
    0,
    0,
    0,
    0,
    0,
    0,
    0,
    0,
    0,
    0,
    0,
    0,
    0,
    0,
    0,
    0,
    0,
    0,
    0,
    0,
    0,
    0,
    0,
    0,
    0,
    0,
    0,
    0,
    0,
    0,
    0,
    0,
    0,
    0,
    0,
    0,
    0,
    0,
    0,
    0,
    0,
    0,
    0,
    0,
    0,
    0,
    0,
    0,
    0,
    0,
    0,
    0,
    0,
    0,
    0,
    0,
    0,
    0,
    0,
    0,
    0,
    0,
    0,
    0,
    0,
    0,
    0,
    0,
    0,
    0,
    0,
    0,
    0,
    0,
    0,
    0,
    0,
    0,
    0,
    0,
    0,
    0,
    0,
    0,
    0,
    0,
    0,
    0,
    0,
    0,
    0,
    0,
    0,
    0,
    0,
    0,
    0,
    0,
    0,
    0,
    0,
    0,
    0,
    0,
    0,
    0,
    0,
    0,
    2,
    0,
    0,
    0,
    0,
    0,
    0,
    0,
    0,
    0,
    0,
    0,
    0,
    0,
    0,
    0,
    0,
    0,
    0,
    0,
    0,
    0,
    0,
    0,
    0,
    0,
    0,
    0,
    0,
    0,
    0,
    0,
    0,
    0,
    0,
    0,
    0,
    0,
    0,
    0,
    0,
    0,
    0,
    0,
    0,
    0,
    0,
    0,
    0,
    0,
    0,
    0,
    0,
    0,
    0,
    0,
    0,
    0,
    0,
    0,
    0,
    0,
    0,
    0,
    0,
    0,
    0,
    0,
    0,
    0,
    0,
    0,
    0,
    0,
    0,
    0,
    0,
    2,
    0,
    0,
    0,
    0,
    0,
    0,
    0,
    0,
    0,
    0,
    0,
    0,
    0,
    0,
    0,
    0,
    0,
    0,
    0,
    0,
    0,
    0,
    0,
    0,
    0,
    0,
    0,
    0,
    0,
    0,
    0,
    0,
    0,
    0,
    0,
    0,
    0,
    0,
    0,
    0,
    0,
    0,
    0,
    0,
    0,
    0,
    0,
    0,
    0,
    0,
    0,
    0,
    0,
    0,
    0,
    0,
    0,
    0,
    0,
    0,
    0,
    0,
    0,
    0,
    0,
    0,
    0,
    0,
    0,
    0,
    0,
    0,
    0,
    0,
    0,
    0,
    0,
    0,
    0,
    0,
    0,
    0,
    0,
    0,
    0,
    0,
    0,
    0,
    0,
    0,
    0,
    0,
    0,
    0,
    0,
    0,
    0,
    0,
    2,
    0,
    0,
    0,
    0,
    0,
    0,
    0,
    0,
    0,
    0,
    0,
    0,
    0,
    0,
    0,
    0,
    0,
    0,
    1,
    2,
    0,
    0,
    0,
    0,
    0,
    0,
    0,
    0,
    0,
    0,
    0,
    0,
    0,
    0,
    0,
    0,
    0,
    0,
    0,
    0,
    0,
    0,
    0,
    0,
    0,
    0,
    0,
    0,
    0,
    0,
    0,
    0,
    0,
    0,
    0,
    0,
    0,
    0,
    0,
    0,
    0,
    0,
    0,
    0,
    0,
    0,
    0,
    0,
    0,
    0,
    0,
    0,
    0,
    0,
    0,
    0,
    0,
    0,
    0,
    0,
    0,
    0,
    0,
    0,
    0,
    0,
    0,
    0,
    0,
    0,
    0,
    0,
    0,
    0,
    0,
    0,
    0,
    0,
    0,
    0,
    0,
    0,
    0,
    0,
    0,
    0,
    0,
    0,
    0,
    0,
    0,
    0,
    0,
    0,
    0,
    0,
    0,
    0,
    0,
    0,
    0,
    0,
    0,
    0,
    0,
    0,
    0,
    0,
    0,
    0,
    0,
    0,
    0,
    0,
    0,
    0,
    0,
    0,
    0,
    0,
    0,
    0,
    0,
    0,
    0,
    0,
    0,
    0,
    0,
    0,
    0,
    0,
    0,
    0,
    0,
    0,
    0,
    0,
    0,
    1,
    0,
    0,
    0,
    0,
    0,
    0,
    0,
    0,
    0,
    0,
    0,
    0,
    0,
    0,
    0,
    0,
    0,
    0,
    0,
    0,
    0,
    0,
    0,
    0,
    0,
    0,
    0,
    0,
    0,
    0,
    0,
    0,
    0,
    0,
    0,
    0,
    0,
    0,
    0,
    0,
    0,
    0,
    0,
    0,
    0,
    0,
    0,
    0,
    0,
    0,
    0,
    0,
    0,
    0,
    0,
    0,
    0,
    0,
    0,
    1,
    0,
    0,
    0,
    0,
    0,
    0,
    0,
    0,
    0,
    0,
    0,
    0,
    0,
    0,
    0,
    0,
    0,
    0,
    0,
    0,
    0,
    0,
    0,
    0,
    0,
    0,
    0,
    0,
    0,
    0,
    0,
    0,
    0,
    0,
    0,
    0,
    0,
    0,
    0,
    0,
    0,
    0,
    0,
    0,
    0,
    0,
    0,
    0,
    0,
    0,
    0,
    0,
    0,
    0,
    0,
    0,
    0,
    0,
    0,
    0,
    0,
    0,
    0,
    0,
    0,
    0,
    0,
    0,
    0,
    0,
    0,
    0,
    0,
    0,
    0,
    0,
    0,
    0,
    0,
    0,
    0,
    0,
    0,
    0,
    0,
    0,
    0,
    0,
    0,
    0,
    0,
    1,
    0,
    0,
    0,
    0,
    0,
    0,
    0,
    0,
    0,
    0,
    0,
    0,
    0,
    0,
    0,
    0,
    0,
    0,
    0,
    0,
    0,
    0,
    0,
    0,
    0,
    0,
    0,
    0,
    0,
    0,
    0,
    0,
    0,
    0,
    0,
    0,
    0,
    0,
    0,
    0,
    0,
    0,
    0,
    0,
    0,
    0,
    0,
    0,
    0,
    0,
    0,
    0,
    2,
    0,
    0,
    0,
    0,
    0,
    0,
    0,
    1,
    0,
    0,
    0,
    0,
    0,
    0,
    0,
    0,
    0,
    0,
    0,
    0,
    0,
    0,
    0,
    0,
    0,
    0,
    0,
    0,
    0,
    0,
    0,
    0,
    0,
    0,
    0,
    0,
    0,
    0,
    0,
    0,
    0,
    0,
    0,
    0,
    0,
    0,
    0,
    0,
    0,
    0,
    0,
    0,
    0,
    0,
    0,
    0,
    0,
    0,
    0,
    0,
    0,
    0,
    0,
    0,
    0,
    0,
    1,
    0,
    0,
    0,
    0,
    0,
    0,
    0,
    0,
    0,
    0,
    0,
    0,
    0,
    0,
    0,
    0,
    0,
    0,
    0,
    0,
    0,
    0,
    0,
    0,
    0,
    0,
    0,
    0,
    0,
    0,
    0,
    0,
    0,
    0,
    0,
    0,
    0,
    0,
    0,
    0,
    0,
    0,
    0,
    0,
    0,
    0,
    0,
    0,
    0,
    0,
    0,
    0,
    0,
    0,
    0,
    0,
    0,
    0,
    0,
    0,
    0,
    0,
    0,
    0,
    0,
    0,
    0,
    0,
    0,
    0,
    0,
    0,
    0,
    0,
    0,
    0,
    0,
    0,
    0,
    0,
    0,
    0,
    0,
    0,
    0,
    0,
    0,
    0,
    0,
    0,
    0,
    0,
    0,
    0,
    0,
    0,
    0,
    0,
    0,
    0,
    0,
    0,
    0,
    0,
    0,
    0,
    0,
    0,
    0,
    0,
    0,
    0,
    0,
    0,
    0,
    0,
    0,
    0,
    0,
    0,
    0,
    0,
    0,
    0,
    0,
    0,
    0,
    0,
    0,
    0,
    0,
    0,
    0,
    3,
    0,
    0,
    0,
    0,
    0,
    0,
    0,
    0,
    0,
    0,
    0,
    0,
    0,
    0,
    0,
    0,
    0,
    0,
    0,
    0,
    0,
    0,
    0,
    0,
    0,
    0,
    0,
    0,
    0,
    0,
    0,
    0,
    0,
    0,
    0,
    0,
    0,
    0,
    0,
    0,
    0,
    0,
    0,
    0,
    0,
    0,
    0,
    0,
    0,
    0,
    0,
    0,
    0,
    0,
    0,
    0,
    0,
    0,
    0,
    0,
    0,
    0,
    0,
    0,
    0,
    0,
    0,
    0,
    0,
    0,
    0,
    0,
    0,
    0,
    0,
    0,
    0,
    0,
    1,
    0,
    0,
    0,
    0,
    0,
    0,
    0,
    0,
    0,
    0,
    0,
    0,
    0,
    0,
    0,
    0,
    0,
    0,
    0,
    0,
    0,
    0,
    0,
    0,
    0,
    0,
    0,
    0,
    0,
    0,
    0,
    0,
    0,
    0,
    0,
    0,
    0,
    0,
    0,
    0,
    0,
    0,
    0,
    0,
    0,
    0,
    2,
    0,
    0,
    0,
    0,
    0,
    0,
    0,
    0,
    0,
    1,
    0,
    0,
    0,
    0,
    0,
    0,
    0,
    0,
    0,
    0,
    0,
    0,
    0,
    0,
    0,
    0,
    0,
    0,
    0,
    0,
    0,
    0,
    0,
    0,
    0
  ],
  "pressure_subdivision_wall_ms": {
    "grid_query_distance": 1.1929994216188788,
    "query_weights_gram": 5.410288260318339,
    "small_closed_form_solve": 0.018086661584675312
  },
  "grid_samples_visited": [
    257,
    316,
    219,
    196,
    219,
    314,
    268,
    392,
    343,
    257,
    268,
    316,
    257,
    316,
    268,
    219,
    333,
    196,
    0,
    412,
    362,
    413,
    362,
    442,
    270,
    386,
    350,
    268,
    270,
    362,
    362,
    170,
    170,
    170,
    342,
    196,
    202,
    236,
    236,
    365,
    346,
    268,
    377,
    316,
    180,
    223,
    225,
    287,
    267,
    230,
    162,
    323,
    219,
    196,
    257,
    196,
    219,
    196,
    257,
    236,
    316,
    287,
    365,
    408,
    315,
    196,
    323,
    257,
    316,
    196,
    219,
    333,
    196,
    219,
    196,
    196,
    343,
    343,
    257,
    196,
    316,
    625,
    442,
    362,
    644,
    539,
    170,
    274,
    342,
    335,
    383,
    409,
    270,
    412,
    268,
    413,
    268,
    350,
    170,
    170,
    170,
    201,
    205,
    308,
    342,
    316,
    408,
    333,
    268,
    366,
    274,
    257,
    342,
    316,
    196,
    287,
    333,
    196,
    366,
    196,
    196,
    257,
    196,
    196,
    219,
    196,
    257,
    196,
    358,
    342,
    335,
    477,
    409,
    196,
    196,
    386,
    442,
    362,
    301,
    431,
    492,
    481,
    397,
    229,
    196,
    472,
    477,
    409,
    270,
    625,
    522,
    362,
    530,
    570,
    362,
    424,
    565,
    635,
    493,
    477,
    509,
    170,
    270,
    170,
    343,
    155,
    164,
    316,
    219,
    164,
    343,
    202,
    164,
    316,
    257,
    316,
    219,
    196,
    208,
    219,
    231,
    314,
    268,
    343,
    257,
    196,
    316,
    287,
    365,
    312,
    274,
    323,
    416,
    418,
    453,
    446,
    353,
    416,
    418,
    446,
    353,
    170,
    257,
    316,
    268,
    219,
    333,
    196,
    170,
    213,
    358,
    424,
    418,
    342,
    196,
    196,
    287,
    383,
    366,
    270,
    270,
    170,
    196,
    333,
    233,
    180,
    168,
    0,
    155,
    333,
    196,
    196,
    358,
    257,
    397,
    316,
    196,
    219,
    287,
    333,
    268,
    366,
    219,
    196,
    257,
    162,
    219,
    196,
    196,
    386,
    350,
    284,
    268,
    196,
    196,
    196,
    170,
    257,
    350,
    219,
    196,
    270,
    412,
    362,
    413,
    362,
    442,
    170,
    316,
    196,
    270,
    170,
    233,
    420,
    198,
    180,
    201,
    307,
    257,
    196,
    219,
    196,
    274,
    342,
    196,
    287,
    299,
    366,
    287,
    365,
    364,
    315,
    323,
    196,
    196,
    274,
    342,
    196,
    287,
    333,
    366,
    219,
    196,
    257,
    196,
    412,
    268,
    413,
    350,
    270,
    386,
    442,
    530,
    362,
    170,
    196,
    196,
    346,
    170,
    170,
    343,
    162,
    199,
    330,
    274,
    342,
    287,
    0,
    366,
    219,
    196,
    257,
    236,
    316,
    219,
    196,
    257,
    350,
    219,
    196,
    257,
    196,
    257,
    316,
    164,
    219,
    333,
    196,
    412,
    362,
    413,
    442,
    257,
    350,
    219,
    196,
    170,
    196,
    196,
    170,
    219,
    196,
    257,
    196,
    170,
    170,
    170,
    137,
    0,
    0,
    0,
    0,
    343,
    0,
    196,
    0,
    0,
    234,
    205,
    161,
    0,
    230,
    342,
    227,
    290,
    287,
    362,
    309,
    230,
    196,
    323,
    196,
    196,
    331,
    314,
    268,
    392,
    343,
    363,
    268,
    316,
    257,
    316,
    268,
    219,
    333,
    196,
    208,
    219,
    231,
    229,
    196,
    343,
    257,
    196,
    316,
    170,
    257,
    350,
    219,
    196,
    170,
    358,
    342,
    335,
    477,
    409,
    170,
    170,
    170,
    196,
    0,
    356,
    137,
    299,
    355,
    196,
    196,
    219,
    287,
    268,
    365,
    343,
    315,
    257,
    196,
    377,
    316,
    287,
    365,
    346,
    315,
    196,
    323,
    343,
    418,
    315,
    323,
    274,
    342,
    287,
    477,
    366,
    431,
    481,
    537,
    480,
    539,
    472,
    477,
    579,
    170,
    257,
    350,
    219,
    196,
    170,
    196,
    196,
    170,
    170,
    170,
    198,
    489,
    205,
    328,
    257,
    316,
    236,
    219,
    333,
    196,
    219,
    229,
    196,
    343,
    257,
    196,
    316,
    257,
    316,
    268,
    219,
    333,
    196,
    295,
    350,
    284,
    268,
    257,
    196,
    196,
    287,
    365,
    343,
    274,
    196,
    323,
    424,
    539,
    539,
    270,
    268,
    268,
    424,
    539,
    539,
    270,
    270,
    323,
    231,
    365,
    323,
    358,
    224,
    283,
    196,
    173,
    355,
    219,
    196,
    343,
    257,
    268,
    316,
    219,
    196,
    257,
    196,
    219,
    285,
    164,
    362,
    343,
    230,
    257,
    196,
    323,
    316,
    196,
    196,
    196,
    219,
    196,
    257,
    350,
    386,
    350,
    268,
    196,
    196,
    329,
    412,
    539,
    413,
    442,
    270,
    416,
    523,
    494,
    570,
    170,
    270,
    170,
    403,
    196,
    208,
    301,
    175,
    285,
    164,
    362,
    309,
    164,
    296,
    316,
    219,
    196,
    257,
    162,
    196,
    196,
    257,
    316,
    164,
    219,
    333,
    196,
    219,
    268,
    343,
    257,
    268,
    316,
    358,
    257,
    342,
    316,
    196,
    219,
    287,
    333,
    268,
    366,
    287,
    365,
    408,
    315,
    196,
    377,
    270,
    268,
    268,
    170,
    431,
    342,
    472,
    477,
    409,
    170,
    170,
    170,
    289,
    145,
    351,
    219,
    196,
    257,
    350,
    257,
    316,
    196,
    219,
    333,
    196,
    219,
    196,
    257,
    236,
    316,
    257,
    196,
    196,
    257,
    316,
    268,
    219,
    333,
    196,
    219,
    196,
    257,
    236,
    316,
    170,
    274,
    342,
    342,
    287,
    333,
    366,
    214,
    257,
    350,
    219,
    196,
    170,
    270,
    170,
    323,
    196,
    165,
    196,
    196,
    257,
    196,
    196,
    230,
    342,
    342,
    287,
    260,
    366,
    230,
    342,
    227,
    260,
    290,
    196,
    196,
    257,
    350,
    268,
    219,
    196,
    343,
    418,
    315,
    323,
    170,
    257,
    316,
    268,
    219,
    333,
    196,
    170,
    287,
    365,
    364,
    315,
    323,
    170,
    196,
    270,
    170,
    342,
    196,
    181,
    236,
    325,
    287,
    224,
    257,
    283,
    316,
    164,
    166,
    225,
    299,
    164,
    355,
    224,
    342,
    227,
    260,
    290,
    196,
    196,
    219,
    196,
    257,
    162,
    196,
    196,
    196,
    196,
    386,
    442,
    362,
    475,
    584,
    362,
    0,
    196,
    196,
    170,
    257,
    196,
    196,
    170,
    219,
    196,
    257,
    236,
    316,
    170,
    170,
    170,
    307,
    281,
    333,
    145,
    155,
    291,
    274,
    342,
    287,
    260,
    366,
    196,
    196,
    219,
    138,
    164,
    343,
    343,
    257,
    164,
    316,
    358,
    418,
    342,
    196,
    196,
    287,
    333,
    366,
    358,
    372,
    342,
    196,
    196,
    287,
    333,
    366,
    358,
    342,
    287,
    477,
    366,
    219,
    314,
    268,
    343,
    343,
    257,
    268,
    316,
    424,
    565,
    635,
    493,
    477,
    584,
    170,
    219,
    196,
    257,
    236,
    316,
    170,
    170,
    170,
    310,
    333,
    449,
    234,
    205,
    333,
    232,
    196,
    164,
    330,
    164,
    362,
    296,
    316,
    219,
    196,
    257,
    164,
    316,
    343,
    418,
    453,
    315,
    323,
    196,
    196,
    274,
    342,
    196,
    287,
    333,
    366,
    470,
    522,
    362,
    475,
    570,
    362,
    213,
    358,
    334,
    372,
    409,
    342,
    196,
    287,
    333,
    268,
    366,
    346,
    645,
    539,
    413,
    442,
    170,
    257,
    196,
    219,
    196,
    270,
    170,
    270,
    196,
    333,
    281,
    198,
    147,
    198,
    181,
    257,
    316,
    164,
    219,
    333,
    164,
    343,
    418,
    315,
    323,
    257,
    350,
    219,
    196,
    331,
    268,
    314,
    196,
    362,
    362,
    196,
    196,
    270,
    412,
    362,
    413,
    442,
    170,
    196,
    196,
    270,
    270,
    170,
    178,
    0,
    0,
    233,
    137,
    208,
    544,
    196,
    196,
    196,
    196,
    219,
    196,
    196,
    358,
    257,
    397,
    316,
    196,
    219,
    287,
    333,
    268,
    366,
    431,
    342,
    472,
    477,
    409,
    196,
    196,
    170,
    196,
    196,
    424,
    623,
    595,
    453,
    494,
    539,
    570,
    270,
    472,
    477,
    455,
    170,
    170,
    223,
    343,
    168,
    281,
    201,
    170,
    219,
    285,
    164,
    362,
    343,
    230,
    257,
    196,
    296,
    316,
    230,
    342,
    227,
    260,
    290,
    219,
    196,
    257,
    268,
    350,
    257,
    316,
    268,
    219,
    333,
    268,
    416,
    523,
    453,
    494,
    570,
    625,
    522,
    362,
    530,
    570,
    362,
    625,
    442,
    644,
    539,
    170,
    257,
    316,
    268,
    219,
    333,
    268,
    170,
    274,
    342,
    287,
    303,
    366,
    270,
    170,
    170,
    234,
    198,
    290,
    356,
    231,
    362,
    323,
    234,
    0,
    196,
    0,
    162,
    219,
    196,
    257,
    196,
    257,
    162,
    219,
    196,
    257,
    316,
    268,
    219,
    333,
    268,
    219,
    196,
    257,
    350,
    480,
    539,
    362,
    257,
    196,
    196,
    270,
    362,
    362,
    170,
    219,
    196,
    343,
    257,
    268,
    316,
    270,
    170,
    170,
    170,
    325,
    281,
    145,
    300,
    0,
    438,
    164,
    362,
    316,
    257,
    196,
    219,
    196,
    219,
    196,
    196,
    230,
    342,
    227,
    290,
    257,
    316,
    219,
    196,
    257,
    350,
    219,
    196,
    219,
    196,
    413,
    268,
    350,
    170,
    257,
    350,
    219,
    196,
    170,
    219,
    196,
    343,
    295,
    268,
    350,
    170,
    270,
    170,
    180,
    198,
    168,
    180,
    233,
    145,
    196,
    196,
    330,
    0,
    219,
    196,
    196,
    345,
    343,
    257,
    164,
    316,
    257,
    196,
    219,
    196,
    257,
    316,
    268,
    219,
    333,
    196,
    219,
    196,
    257,
    268,
    350,
    412,
    314,
    362,
    408,
    454,
    413,
    362,
    571,
    416,
    523,
    453,
    494,
    570,
    170,
    257,
    196,
    196,
    170,
    343,
    418,
    453,
    315,
    323,
    170,
    170,
    170,
    267,
    420,
    205,
    219,
    287,
    196,
    365,
    343,
    274,
    257,
    196,
    323,
    316,
    230,
    257,
    296,
    316,
    196,
    219,
    287,
    299,
    164,
    355,
    196,
    196,
    219,
    196,
    257,
    164,
    162,
    219,
    196,
    229,
    196,
    358,
    418,
    342,
    229,
    196,
    287,
    477,
    366,
    219,
    196,
    295,
    268,
    350,
    0,
    362,
    362,
    424,
    645,
    314,
    362,
    533,
    612,
    623,
    362,
    571,
    170,
    196,
    196,
    170,
    170,
    170,
    234,
    300,
    170,
    342,
    284,
    233,
    333,
    219,
    196,
    257,
    164,
    162,
    257,
    196,
    196,
    196,
    196,
    219,
    196,
    257,
    196,
    257,
    350,
    219,
    196,
    386,
    442,
    362,
    343,
    418,
    453,
    446,
    350,
    407,
    170,
    412,
    196,
    413,
    350,
    170,
    257,
    196,
    196,
    424,
    170,
    270,
    175,
    342,
    252,
    166,
    343,
    296,
    316,
    112,
    287,
    362,
    343,
    196,
    323,
    287,
    362,
    267,
    230,
    196,
    323,
    219,
    138,
    164,
    296,
    343,
    257,
    164,
    316,
    219,
    196,
    196,
    331,
    316,
    268,
    219,
    333,
    268,
    219,
    196,
    196,
    343,
    343,
    257,
    196,
    316,
    358,
    342,
    287,
    477,
    366,
    170,
    257,
    196,
    196,
    170,
    287,
    365,
    346,
    315,
    196,
    323,
    170,
    170,
    170,
    420,
    343,
    198,
    356,
    257,
    196,
    196,
    257,
    257,
    308,
    316,
    196,
    219,
    333,
    196,
    196,
    196,
    257,
    316,
    196,
    219,
    333,
    196,
    268,
    268,
    268,
    196,
    170,
    295,
    350,
    219,
    196,
    170,
    358,
    342,
    335,
    433,
    409,
    170,
    170,
    170,
    342,
    343,
    342,
    356,
    338,
    366,
    196,
    196,
    224,
    287,
    296,
    196,
    196,
    287,
    260,
    355,
    181,
    230,
    287,
    372,
    342,
    196,
    196,
    287,
    299,
    366,
    196,
    196,
    219,
    196,
    196,
    196,
    287,
    365,
    346,
    315,
    196,
    323,
    270,
    416,
    523,
    453,
    494,
    442,
    570,
    170,
    257,
    196,
    219,
    196,
    170,
    196,
    196,
    170,
    170,
    196,
    346,
    198,
    180,
    180,
    0,
    219,
    196,
    257,
    236,
    316,
    135,
    196,
    148,
    162,
    287,
    365,
    408,
    315,
    196,
    323,
    196,
    196,
    257,
    350,
    219,
    196,
    257,
    316,
    219,
    196,
    0,
    556,
    362,
    362,
    413,
    362,
    571,
    424,
    625,
    539,
    539,
    270,
    412,
    268,
    413,
    350,
    270,
    170,
    170,
    198,
    199,
    201,
    170,
    165,
    225,
    287,
    0,
    230,
    323,
    230,
    342,
    196,
    287,
    299,
    366,
    257,
    316,
    164,
    219,
    333,
    196,
    287,
    365,
    343,
    274,
    196,
    323,
    274,
    257,
    342,
    316,
    196,
    219,
    287,
    333,
    196,
    366,
    196,
    196,
    343,
    418,
    453,
    315,
    350,
    353,
    170,
    257,
    316,
    268,
    219,
    333,
    196,
    270,
    362,
    362,
    170,
    170,
    270,
    449,
    198,
    180,
    208,
    196,
    227,
    290,
    270,
    230,
    323,
    287,
    365,
    408,
    315,
    196,
    323,
    196,
    196,
    219,
    196,
    257,
    236,
    316,
    257,
    196,
    219,
    196,
    274,
    342,
    196,
    287,
    333,
    366,
    170,
    257,
    350,
    268,
    219,
    196,
    170,
    358,
    257,
    397,
    316,
    196,
    219,
    287,
    333,
    268,
    366,
    270,
    170,
    170,
    342,
    0,
    323,
    283,
    196,
    301,
    219,
    196,
    343,
    196,
    316,
    219,
    196,
    257,
    196,
    219,
    196,
    257,
    236,
    316,
    343,
    418,
    408,
    315,
    323,
    257,
    316,
    219,
    333,
    196,
    287,
    365,
    408,
    315,
    196,
    323,
    219,
    196,
    257,
    196,
    170,
    287,
    365,
    364,
    315,
    323,
    270,
    412,
    362,
    413,
    362,
    442,
    170,
    270,
    270,
    205,
    358,
    267,
    170,
    257,
    316,
    268,
    219,
    333,
    196,
    219,
    287,
    196,
    362,
    343,
    230,
    257,
    196,
    323,
    316,
    287,
    365,
    346,
    315,
    196,
    323,
    257,
    162,
    219,
    196,
    274,
    372,
    342,
    196,
    196,
    287,
    333,
    366,
    416,
    523,
    453,
    494,
    570,
    170,
    196,
    196,
    170,
    257,
    350,
    219,
    196,
    270,
    504,
    442,
    362,
    170,
    270,
    165,
    374,
    213,
    219,
    196,
    196,
    296,
    343,
    202,
    164,
    316,
    257,
    196,
    196,
    257,
    316,
    164,
    219,
    333,
    196,
    219,
    196,
    257,
    350,
    252,
    219,
    267,
    314,
    268,
    346,
    257,
    268,
    316,
    219,
    196,
    343,
    257,
    196,
    316,
    386,
    350,
    284,
    268,
    270,
    431,
    415,
    537,
    522,
    362,
    475,
    475,
    477,
    362,
    513,
    424,
    539,
    539,
    170,
    270,
    170,
    145,
    198,
    175,
    198,
    201,
    235,
    257,
    316,
    196,
    219,
    196,
    343,
    257,
    164,
    316,
    219,
    196,
    257,
    350,
    257,
    196,
    196,
    274,
    342,
    342,
    196,
    196,
    287,
    333,
    366,
    257,
    196,
    196,
    287,
    365,
    364,
    315,
    323,
    270,
    370,
    316,
    413,
    395,
    170,
    274,
    257,
    342,
    316,
    196,
    219,
    287,
    333,
    196,
    366,
    170,
    270,
    270,
    155,
    181,
    333,
    213,
    162,
    219,
    196,
    343,
    257,
    236,
    316,
    219,
    196,
    196,
    196,
    358,
    342,
    335,
    477,
    409,
    274,
    342,
    196,
    287,
    333,
    366,
    219,
    196,
    196,
    392,
    343,
    257,
    268,
    316,
    274,
    342,
    196,
    287,
    299,
    366,
    170,
    257,
    316,
    236,
    219,
    333,
    196,
    270,
    386,
    442,
    530,
    362,
    170,
    170,
    170,
    0,
    333,
    196,
    165,
    300,
    219,
    196,
    257,
    196,
    219,
    196,
    196,
    343,
    343,
    257,
    196,
    316,
    257,
    316,
    268,
    219,
    333,
    268,
    219,
    196,
    257,
    196,
    257,
    196,
    219,
    196,
    504,
    442,
    362,
    530,
    657,
    362,
    270,
    386,
    442,
    475,
    362,
    170,
    219,
    287,
    268,
    365,
    343,
    315,
    257,
    196,
    323,
    316,
    170,
    170,
    170,
    205,
    0,
    307,
    223,
    111,
    283,
    316,
    161,
    282,
    196,
    196,
    208,
    208,
    219,
    287,
    231,
    196,
    357,
    365,
    343,
    274,
    257,
    196,
    323,
    316,
    343,
    418,
    364,
    315,
    323,
    219,
    196,
    257,
    196,
    416,
    418,
    453,
    446,
    196,
    377,
    257,
    196,
    196,
    0,
    257,
    196,
    219,
    196,
    270,
    431,
    415,
    415,
    549,
    477,
    537,
    522,
    362,
    475,
    475,
    477,
    362,
    513,
    170,
    287,
    365,
    408,
    315,
    323,
    170,
    270,
    170,
    333,
    449,
    290,
    544,
    283,
    138,
    219,
    285,
    164,
    362,
    309,
    196,
    296,
    316,
    257,
    162,
    219,
    196,
    287,
    365,
    343,
    274,
    196,
    323,
    196,
    196,
    196,
    196,
    257,
    316,
    268,
    219,
    333,
    196,
    259,
    431,
    424,
    481,
    397,
    196,
    196,
    417,
    477,
    366,
    331,
    331,
    308,
    316,
    268,
    284,
    333,
    268,
    170,
    219,
    196,
    257,
    350,
    170,
    219,
    196,
    343,
    295,
    268,
    350,
    170,
    270,
    270,
    343,
    287,
    365,
    343,
    315,
    196,
    323,
    297,
    287,
    362,
    343,
    230,
    196,
    323,
    285,
    362,
    309,
    196,
    323,
    257,
    196,
    219,
    196,
    257,
    316,
    219,
    196,
    358,
    257,
    342,
    316,
    196,
    219,
    287,
    333,
    268,
    366,
    343,
    418,
    408,
    315,
    196,
    323,
    257,
    316,
    268,
    284,
    333,
    268,
    252,
    331,
    267,
    314,
    268,
    346,
    346,
    363,
    268,
    316,
    270,
    287,
    365,
    408,
    446,
    196,
    377,
    170,
    208,
    208,
    219,
    287,
    231,
    268,
    357,
    365,
    343,
    315,
    257,
    196,
    323,
    316,
    170,
    170,
    170,
    346,
    290,
    178,
    213,
    199,
    196,
    257,
    196,
    219,
    196,
    358,
    342,
    342,
    229,
    196,
    287,
    477,
    366,
    219,
    196,
    196,
    274,
    342,
    287,
    260,
    366,
    274,
    257,
    342,
    316,
    196,
    287,
    333,
    268,
    366,
    386,
    469,
    314,
    475,
    477,
    314,
    170,
    196,
    196,
    170,
    257,
    316,
    196,
    219,
    333,
    196,
    170,
    170,
    170,
    206,
    203,
    196,
    318,
    347,
    343,
    219,
    285,
    164,
    362,
    309,
    257,
    164,
    296,
    316,
    257,
    316,
    219,
    196,
    257,
    350,
    219,
    196,
    219,
    196,
    257,
    268,
    350,
    343,
    418,
    453,
    315,
    323,
    431,
    481,
    397,
    229,
    196,
    417,
    477,
    366,
    170,
    343,
    418,
    453,
    315,
    323,
    170,
    196,
    196,
    170,
    323,
    270,
    170,
    310,
    333,
    196,
    199,
    178,
    287,
    365,
    408,
    315,
    196,
    323,
    358,
    372,
    342,
    196,
    196,
    287,
    333,
    366,
    196,
    196,
    196,
    219,
    196,
    257,
    196,
    196,
    196,
    219,
    229,
    196,
    343,
    343,
    257,
    196,
    316,
    412,
    539,
    504,
    362,
    442,
    270,
    370,
    362,
    413,
    442,
    270,
    469,
    595,
    453,
    494,
    362,
    558,
    170,
    170,
    170,
    208,
    201,
    333,
    170,
    374,
    219,
    196,
    257,
    0,
    316,
    224,
    342,
    227,
    260,
    290,
    283,
    343,
    230,
    323,
    219,
    196,
    257,
    162,
    358,
    257,
    397,
    316,
    268,
    219,
    287,
    333,
    268,
    366,
    196,
    196,
    257,
    196,
    219,
    196,
    170,
    257,
    316,
    196,
    219,
    333,
    196,
    170,
    196,
    196,
    170,
    270,
    170,
    196,
    142,
    180,
    316,
    316,
    196,
    196,
    161,
    0,
    219,
    196,
    196,
    392,
    343,
    257,
    196,
    316,
    358,
    342,
    287,
    477,
    366,
    219,
    196,
    257,
    350,
    196,
    196,
    268,
    268,
    219,
    196,
    257,
    350,
    424,
    625,
    577,
    362,
    644,
    657,
    362,
    424,
    556,
    623,
    362,
    595,
    527,
    577,
    623,
    362,
    558,
    571,
    170,
    170,
    170,
    196,
    323,
    232,
    300,
    287,
    365,
    346,
    315,
    196,
    323,
    257,
    350,
    219,
    196,
    358,
    342,
    335,
    477,
    409,
    257,
    316,
    219,
    196,
    331,
    268,
    350,
    196,
    196,
    170,
    358,
    342,
    342,
    287,
    333,
    366,
    270,
    415,
    522,
    362,
    475,
    570,
    362,
    346,
    170,
    270,
    234,
    198,
    223,
    170,
    124,
    175,
    257,
    196,
    196,
    287,
    365,
    346,
    315,
    196,
    323,
    257,
    350,
    219,
    196,
    219,
    196,
    196,
    257,
    196,
    196,
    358,
    342,
    0,
    335,
    477,
    409,
    270,
    386,
    442,
    530,
    362,
    346,
    431,
    415,
    537,
    522,
    362,
    644,
    610,
    570,
    362,
    579,
    170,
    358,
    418,
    342,
    196,
    196,
    287,
    333,
    366,
    170,
    170,
    374,
    173,
    343,
    330,
    219,
    196,
    343,
    257,
    268,
    316,
    257,
    316,
    219,
    196,
    219,
    196,
    257,
    196,
    343,
    418,
    315,
    323,
    287,
    365,
    343,
    315,
    196,
    323,
    274,
    342,
    287,
    299,
    366,
    274,
    342,
    287,
    433,
    366,
    170,
    301,
    358,
    257,
    424,
    308,
    397,
    351,
    196,
    287,
    333,
    268,
    236,
    366,
    170,
    257,
    347,
    350,
    284,
    196,
    270,
    270,
    170,
    199,
    233,
    364,
    333,
    429,
    196,
    162,
    257,
    162,
    219,
    196,
    257,
    162,
    219,
    196,
    257,
    316,
    164,
    219,
    333,
    196,
    219,
    196,
    295,
    268,
    350,
    314,
    314,
    343,
    418,
    453,
    315,
    350,
    323,
    170,
    196,
    196,
    170,
    257,
    316,
    196,
    219,
    333,
    196,
    170,
    170,
    170,
    155,
    198,
    145,
    196,
    333,
    299,
    362,
    267,
    257,
    162,
    219,
    196,
    257,
    316,
    268,
    219,
    333,
    196,
    274,
    342,
    335,
    383,
    409,
    257,
    162,
    219,
    196,
    219,
    196,
    343,
    257,
    196,
    316,
    625,
    522,
    362,
    530,
    570,
    362,
    270,
    412,
    314,
    268,
    408,
    346,
    363,
    268,
    316,
    424,
    565,
    558,
    537,
    537,
    522,
    539,
    539,
    530,
    570,
    362,
    513,
    579,
    170,
    170,
    270,
    676,
    196,
    198,
    429,
    257,
    196,
    196,
    196,
    196,
    274,
    342,
    342,
    196,
    196,
    287,
    333,
    366,
    219,
    196,
    196,
    257,
    316,
    236,
    219,
    333,
    196,
    343,
    418,
    315,
    323,
    170,
    219,
    196,
    257,
    236,
    316,
    270,
    295,
    196,
    268,
    270,
    270,
    170,
    297,
    155,
    198,
    358,
    274,
    342,
    196,
    287,
    333,
    366,
    219,
    196,
    343,
    257,
    164,
    316,
    257,
    316,
    268,
    219,
    333,
    196,
    196,
    196,
    331,
    196,
    413,
    350,
    412,
    268,
    413,
    350,
    0,
    257,
    350,
    219,
    196,
    170,
    219,
    287,
    196,
    365,
    343,
    315,
    257,
    196,
    323,
    316,
    270,
    412,
    362,
    413,
    362,
    442,
    170,
    270,
    170,
    198,
    199,
    333,
    210,
    219,
    196,
    343,
    257,
    196,
    316,
    257,
    162,
    219,
    196,
    343,
    365,
    408,
    315,
    323,
    358,
    342,
    335,
    477,
    409,
    219,
    196,
    229,
    196,
    196,
    196,
    556,
    523,
    577,
    570,
    170,
    257,
    350,
    219,
    196,
    270,
    556,
    362,
    413,
    362,
    442,
    170,
    170,
    170,
    198,
    0,
    233,
    300,
    544,
    196,
    316,
    230,
    342,
    227,
    260,
    290,
    219,
    196,
    257,
    196,
    219,
    196,
    196,
    412,
    196,
    413,
    268,
    350,
    257,
    196,
    196,
    268,
    268,
    170,
    213,
    358,
    424,
    372,
    342,
    196,
    196,
    287,
    333,
    366,
    270,
    556,
    523,
    453,
    494,
    442,
    570,
    270,
    170,
    170,
    198,
    287,
    178,
    199,
    301,
    230,
    257,
    296,
    316,
    164,
    366,
    287,
    365,
    408,
    315,
    196,
    323,
    257,
    316,
    219,
    196,
    225,
    287,
    267,
    230,
    323,
    196,
    196,
    196,
    196,
    196,
    287,
    365,
    408,
    315,
    196,
    323,
    270,
    268,
    268,
    170,
    287,
    365,
    346,
    315,
    196,
    377,
    170,
    170,
    270,
    208,
    196,
    343,
    323,
    196,
    199,
    333,
    201,
    219,
    285,
    164,
    362,
    309,
    257,
    164,
    296,
    316,
    196,
    196,
    257,
    196,
    196,
    358,
    257,
    397,
    316,
    268,
    219,
    287,
    333,
    268,
    366,
    287,
    365,
    346,
    315,
    196,
    323,
    196,
    196,
    270,
    490,
    362,
    413,
    442,
    170,
    196,
    196,
    424,
    0,
    362,
    571,
    270,
    270,
    209,
    213,
    342,
    196,
    198,
    323,
    108,
    164,
    117,
    162,
    287,
    365,
    364,
    315,
    196,
    323,
    257,
    316,
    196,
    219,
    333,
    268,
    219,
    196,
    257,
    350,
    412,
    196,
    413,
    268,
    350,
    362,
    362,
    219,
    196,
    343,
    257,
    268,
    316,
    170,
    358,
    342,
    335,
    477,
    409,
    170,
    257,
    316,
    196,
    219,
    333,
    196,
    270,
    170,
    170,
    196,
    198,
    223,
    325,
    356,
    219,
    138,
    164,
    343,
    343,
    0,
    164,
    316,
    225,
    287,
    267,
    230,
    162,
    323,
    257,
    316,
    164,
    219,
    333,
    196,
    287,
    365,
    322,
    274,
    323,
    412,
    268,
    413,
    350,
    219,
    196,
    196,
    257,
    316,
    268,
    219,
    333,
    268,
    170,
    343,
    418,
    408,
    315,
    196,
    323,
    170,
    283,
    343,
    274,
    323,
    170,
    170,
    170,
    175,
    343,
    219,
    287,
    268,
    343,
    257,
    196,
    316,
    358,
    196,
    219,
    285,
    164,
    362,
    343,
    230,
    257,
    196,
    323,
    316,
    219,
    196,
    257,
    196,
    230,
    257,
    342,
    316,
    196,
    219,
    287,
    333,
    164,
    366,
    343,
    418,
    408,
    446,
    196,
    377,
    196,
    196,
    257,
    196,
    196,
    170,
    412,
    196,
    413,
    350,
    170,
    274,
    342,
    196,
    287,
    333,
    366,
    170,
    170,
    270,
    199,
    198,
    0,
    165,
    173,
    164,
    362,
    296,
    316,
    196,
    196,
    196,
    196,
    219,
    196,
    196,
    343,
    343,
    257,
    196,
    316,
    287,
    365,
    408,
    315,
    196,
    323,
    504,
    442,
    530,
    362,
    219,
    196,
    196,
    170,
    196,
    196,
    270,
    412,
    362,
    413,
    362,
    442,
    270,
    170,
    170,
    333,
    449,
    281,
    201,
    330,
    208,
    285,
    164,
    362,
    296,
    316,
    196,
    196,
    257,
    196,
    196,
    196,
    196,
    219,
    164,
    196,
    343,
    343,
    257,
    196,
    316,
    257,
    316,
    236,
    219,
    333,
    196,
    412,
    362,
    413,
    362,
    442,
    170,
    274,
    257,
    342,
    316,
    196,
    219,
    287,
    333,
    196,
    366,
    170,
    196,
    196,
    270,
    556,
    523,
    453,
    577,
    442,
    570,
    424,
    170,
    170,
    234,
    170,
    213,
    213,
    219,
    196,
    257,
    196,
    219,
    196,
    257,
    236,
    316,
    257,
    316,
    219,
    196,
    268,
    196,
    257,
    196,
    196,
    196,
    196,
    343,
    418,
    315,
    323,
    270,
    386,
    442,
    362,
    424,
    645,
    539,
    413,
    362,
    442,
    170,
    170,
    170,
    180,
    198,
    168,
    128,
    323,
    240,
    170,
    112,
    165,
    164,
    362,
    205,
    287,
    162,
    196,
    257,
    196,
    219,
    196,
    274,
    342,
    335,
    409,
    219,
    196,
    257,
    162,
    257,
    196,
    196,
    219,
    196,
    257,
    196,
    257,
    350,
    219,
    196,
    170,
    219,
    196,
    196,
    170,
    287,
    365,
    346,
    315,
    196,
    323,
    270,
    170,
    170,
    333,
    205,
    257,
    316,
    196,
    219,
    333,
    196,
    362,
    196,
    323,
    219,
    196,
    117,
    162,
    219,
    196,
    196,
    345,
    343,
    257,
    268,
    316,
    213,
    274,
    257,
    257,
    372,
    308,
    342,
    316,
    196,
    219,
    287,
    333,
    196,
    366,
    219,
    196,
    196,
    431,
    481,
    472,
    477,
    463
  ],
  "grid_samples_inside": [
    55,
    115,
    57,
    121,
    93,
    148,
    140,
    259,
    264,
    98,
    147,
    154,
    79,
    133,
    135,
    82,
    251,
    129,
    0,
    128,
    175,
    139,
    169,
    182,
    129,
    119,
    162,
    165,
    130,
    175,
    175,
    94,
    112,
    90,
    222,
    117,
    121,
    133,
    135,
    234,
    251,
    129,
    247,
    139,
    89,
    102,
    40,
    170,
    183,
    44,
    91,
    199,
    50,
    115,
    56,
    111,
    52,
    115,
    55,
    111,
    111,
    87,
    228,
    245,
    90,
    127,
    246,
    61,
    118,
    121,
    61,
    229,
    121,
    59,
    112,
    120,
    232,
    223,
    61,
    118,
    111,
    167,
    195,
    182,
    179,
    184,
    90,
    81,
    240,
    87,
    224,
    234,
    126,
    113,
    161,
    127,
    164,
    172,
    122,
    90,
    102,
    115,
    129,
    112,
    241,
    132,
    184,
    243,
    127,
    220,
    78,
    67,
    228,
    121,
    121,
    80,
    231,
    120,
    202,
    115,
    115,
    47,
    109,
    106,
    64,
    122,
    65,
    121,
    99,
    250,
    106,
    242,
    243,
    129,
    129,
    143,
    174,
    175,
    160,
    161,
    268,
    276,
    274,
    159,
    164,
    153,
    276,
    294,
    135,
    152,
    295,
    178,
    167,
    291,
    177,
    140,
    227,
    297,
    263,
    290,
    303,
    112,
    130,
    122,
    232,
    79,
    102,
    83,
    35,
    89,
    204,
    37,
    91,
    70,
    52,
    109,
    52,
    115,
    124,
    70,
    119,
    126,
    129,
    243,
    80,
    125,
    137,
    70,
    218,
    227,
    74,
    229,
    142,
    275,
    275,
    182,
    273,
    155,
    278,
    212,
    274,
    102,
    86,
    145,
    134,
    88,
    260,
    134,
    102,
    137,
    115,
    243,
    253,
    264,
    143,
    138,
    108,
    259,
    247,
    130,
    122,
    116,
    129,
    247,
    138,
    110,
    113,
    0,
    81,
    235,
    113,
    113,
    104,
    85,
    257,
    157,
    131,
    89,
    97,
    251,
    136,
    242,
    36,
    88,
    39,
    97,
    53,
    120,
    118,
    119,
    171,
    131,
    163,
    134,
    129,
    129,
    92,
    70,
    129,
    70,
    129,
    132,
    136,
    175,
    160,
    173,
    188,
    86,
    117,
    120,
    130,
    118,
    121,
    125,
    107,
    94,
    114,
    88,
    42,
    103,
    44,
    101,
    68,
    229,
    117,
    76,
    228,
    218,
    76,
    226,
    233,
    82,
    239,
    129,
    129,
    79,
    237,
    125,
    81,
    241,
    215,
    49,
    115,
    54,
    117,
    111,
    158,
    127,
    160,
    134,
    144,
    182,
    152,
    176,
    90,
    121,
    123,
    140,
    94,
    78,
    251,
    96,
    118,
    239,
    79,
    240,
    84,
    0,
    224,
    60,
    121,
    62,
    118,
    125,
    62,
    121,
    65,
    121,
    75,
    129,
    85,
    131,
    45,
    98,
    105,
    44,
    213,
    105,
    147,
    175,
    162,
    180,
    76,
    134,
    79,
    129,
    120,
    145,
    145,
    100,
    82,
    130,
    87,
    135,
    94,
    102,
    82,
    84,
    0,
    0,
    0,
    0,
    216,
    0,
    109,
    0,
    0,
    121,
    90,
    69,
    0,
    50,
    210,
    53,
    204,
    66,
    194,
    218,
    63,
    118,
    219,
    129,
    129,
    105,
    154,
    149,
    266,
    267,
    116,
    154,
    164,
    87,
    148,
    140,
    90,
    260,
    133,
    120,
    62,
    116,
    121,
    121,
    240,
    71,
    123,
    124,
    111,
    99,
    151,
    105,
    138,
    99,
    105,
    254,
    109,
    243,
    245,
    94,
    90,
    94,
    135,
    0,
    240,
    82,
    198,
    65,
    103,
    101,
    79,
    90,
    129,
    228,
    246,
    100,
    83,
    127,
    249,
    141,
    85,
    228,
    246,
    91,
    125,
    247,
    123,
    265,
    137,
    268,
    80,
    240,
    84,
    234,
    222,
    188,
    279,
    282,
    168,
    173,
    162,
    285,
    318,
    94,
    73,
    132,
    75,
    129,
    102,
    133,
    133,
    112,
    94,
    90,
    145,
    258,
    95,
    117,
    67,
    127,
    123,
    69,
    235,
    127,
    64,
    124,
    125,
    242,
    75,
    123,
    131,
    73,
    132,
    127,
    76,
    247,
    129,
    110,
    161,
    117,
    150,
    106,
    153,
    146,
    70,
    201,
    230,
    75,
    119,
    227,
    142,
    186,
    186,
    124,
    155,
    157,
    142,
    185,
    185,
    130,
    122,
    229,
    84,
    222,
    240,
    250,
    43,
    209,
    86,
    45,
    116,
    67,
    129,
    242,
    69,
    125,
    129,
    59,
    121,
    63,
    120,
    43,
    54,
    107,
    158,
    211,
    57,
    44,
    105,
    213,
    81,
    107,
    113,
    114,
    89,
    133,
    98,
    146,
    114,
    156,
    159,
    120,
    120,
    140,
    159,
    179,
    174,
    182,
    130,
    178,
    284,
    241,
    281,
    102,
    122,
    88,
    143,
    130,
    115,
    90,
    32,
    40,
    85,
    67,
    196,
    82,
    195,
    47,
    55,
    115,
    56,
    110,
    133,
    133,
    42,
    91,
    104,
    43,
    213,
    99,
    87,
    137,
    260,
    94,
    138,
    151,
    100,
    85,
    257,
    153,
    129,
    86,
    97,
    250,
    133,
    239,
    112,
    254,
    264,
    139,
    142,
    267,
    126,
    162,
    157,
    122,
    132,
    268,
    131,
    268,
    268,
    112,
    94,
    94,
    148,
    73,
    127,
    76,
    129,
    81,
    133,
    57,
    112,
    118,
    57,
    227,
    118,
    47,
    107,
    48,
    106,
    102,
    76,
    129,
    129,
    93,
    154,
    150,
    98,
    264,
    137,
    55,
    120,
    60,
    115,
    118,
    88,
    72,
    228,
    229,
    74,
    223,
    215,
    122,
    108,
    160,
    112,
    145,
    90,
    132,
    82,
    240,
    129,
    81,
    113,
    113,
    60,
    119,
    121,
    52,
    211,
    213,
    55,
    206,
    182,
    57,
    218,
    58,
    203,
    206,
    129,
    129,
    94,
    151,
    149,
    100,
    135,
    109,
    253,
    112,
    254,
    94,
    78,
    133,
    132,
    82,
    251,
    129,
    90,
    76,
    221,
    231,
    81,
    238,
    90,
    121,
    140,
    82,
    218,
    115,
    118,
    101,
    250,
    131,
    41,
    36,
    198,
    46,
    82,
    34,
    37,
    196,
    81,
    64,
    45,
    200,
    46,
    191,
    171,
    90,
    92,
    39,
    94,
    39,
    98,
    129,
    129,
    107,
    107,
    132,
    184,
    171,
    141,
    280,
    175,
    0,
    121,
    121,
    90,
    66,
    123,
    123,
    90,
    68,
    127,
    70,
    125,
    127,
    118,
    90,
    102,
    94,
    123,
    246,
    73,
    78,
    213,
    61,
    218,
    64,
    210,
    213,
    125,
    125,
    43,
    100,
    104,
    210,
    213,
    43,
    104,
    84,
    90,
    237,
    248,
    129,
    125,
    90,
    247,
    226,
    84,
    230,
    244,
    126,
    127,
    87,
    243,
    221,
    82,
    240,
    86,
    235,
    225,
    90,
    148,
    142,
    261,
    264,
    93,
    141,
    165,
    140,
    249,
    298,
    272,
    295,
    307,
    90,
    60,
    121,
    61,
    117,
    121,
    98,
    112,
    78,
    142,
    261,
    147,
    132,
    101,
    250,
    111,
    104,
    101,
    187,
    98,
    127,
    210,
    67,
    41,
    100,
    43,
    99,
    96,
    109,
    255,
    250,
    119,
    258,
    129,
    129,
    73,
    234,
    118,
    79,
    233,
    220,
    135,
    282,
    173,
    142,
    284,
    172,
    131,
    98,
    90,
    235,
    138,
    254,
    129,
    95,
    249,
    132,
    233,
    140,
    152,
    179,
    172,
    181,
    94,
    72,
    129,
    74,
    129,
    132,
    88,
    130,
    135,
    262,
    151,
    120,
    86,
    86,
    112,
    33,
    72,
    89,
    35,
    209,
    87,
    98,
    246,
    103,
    249,
    75,
    133,
    79,
    129,
    119,
    160,
    159,
    158,
    175,
    175,
    129,
    129,
    132,
    138,
    175,
    165,
    173,
    90,
    121,
    123,
    132,
    128,
    98,
    105,
    0,
    0,
    87,
    76,
    102,
    128,
    103,
    103,
    86,
    87,
    41,
    99,
    100,
    93,
    78,
    249,
    141,
    127,
    79,
    93,
    247,
    129,
    226,
    160,
    274,
    180,
    278,
    278,
    132,
    132,
    102,
    135,
    135,
    140,
    202,
    333,
    298,
    283,
    182,
    299,
    127,
    158,
    270,
    283,
    90,
    118,
    100,
    221,
    108,
    112,
    115,
    73,
    41,
    47,
    103,
    130,
    207,
    53,
    42,
    98,
    213,
    71,
    52,
    210,
    51,
    195,
    202,
    88,
    135,
    95,
    149,
    148,
    96,
    163,
    150,
    100,
    266,
    149,
    176,
    282,
    282,
    233,
    281,
    142,
    289,
    176,
    158,
    285,
    174,
    158,
    190,
    174,
    182,
    102,
    92,
    157,
    144,
    96,
    265,
    139,
    87,
    67,
    228,
    73,
    218,
    219,
    128,
    94,
    86,
    105,
    131,
    116,
    247,
    57,
    189,
    218,
    91,
    0,
    82,
    0,
    87,
    61,
    121,
    63,
    120,
    41,
    99,
    40,
    97,
    95,
    161,
    148,
    100,
    265,
    148,
    62,
    121,
    62,
    118,
    172,
    178,
    176,
    54,
    114,
    120,
    132,
    175,
    175,
    102,
    88,
    133,
    262,
    95,
    147,
    148,
    124,
    86,
    102,
    88,
    232,
    112,
    88,
    223,
    0,
    154,
    99,
    103,
    74,
    52,
    113,
    55,
    115,
    60,
    121,
    123,
    50,
    210,
    49,
    202,
    69,
    129,
    69,
    129,
    84,
    138,
    89,
    132,
    93,
    135,
    107,
    151,
    152,
    102,
    86,
    145,
    89,
    130,
    117,
    101,
    143,
    272,
    110,
    153,
    162,
    86,
    130,
    86,
    108,
    110,
    110,
    108,
    99,
    63,
    102,
    101,
    190,
    0,
    47,
    104,
    111,
    213,
    215,
    52,
    108,
    102,
    45,
    105,
    46,
    105,
    89,
    145,
    146,
    95,
    260,
    134,
    86,
    130,
    87,
    143,
    142,
    127,
    161,
    172,
    282,
    282,
    149,
    164,
    218,
    169,
    282,
    281,
    221,
    280,
    90,
    66,
    125,
    128,
    102,
    109,
    258,
    251,
    125,
    260,
    94,
    88,
    78,
    118,
    114,
    87,
    62,
    74,
    118,
    199,
    233,
    77,
    65,
    123,
    229,
    117,
    46,
    39,
    210,
    61,
    90,
    38,
    46,
    200,
    98,
    75,
    99,
    99,
    38,
    90,
    39,
    98,
    90,
    109,
    147,
    154,
    149,
    109,
    254,
    264,
    146,
    140,
    106,
    260,
    245,
    94,
    135,
    106,
    151,
    152,
    0,
    175,
    175,
    146,
    185,
    189,
    188,
    301,
    304,
    195,
    184,
    325,
    92,
    128,
    125,
    90,
    94,
    90,
    121,
    246,
    90,
    248,
    118,
    119,
    231,
    37,
    88,
    38,
    98,
    91,
    34,
    91,
    86,
    121,
    121,
    63,
    125,
    66,
    123,
    78,
    133,
    85,
    129,
    127,
    167,
    175,
    135,
    287,
    271,
    180,
    160,
    273,
    122,
    105,
    145,
    121,
    157,
    100,
    84,
    132,
    130,
    140,
    102,
    124,
    119,
    232,
    123,
    56,
    218,
    216,
    99,
    57,
    70,
    196,
    228,
    117,
    223,
    62,
    208,
    207,
    60,
    108,
    218,
    37,
    95,
    97,
    198,
    210,
    40,
    98,
    79,
    71,
    127,
    123,
    103,
    173,
    154,
    111,
    267,
    153,
    59,
    113,
    122,
    230,
    223,
    58,
    118,
    113,
    91,
    246,
    92,
    242,
    233,
    94,
    71,
    127,
    129,
    94,
    88,
    230,
    249,
    93,
    129,
    246,
    102,
    102,
    78,
    112,
    220,
    111,
    227,
    62,
    123,
    123,
    59,
    59,
    88,
    113,
    118,
    59,
    223,
    121,
    121,
    122,
    48,
    104,
    109,
    46,
    217,
    113,
    163,
    163,
    148,
    153,
    122,
    107,
    158,
    112,
    145,
    92,
    85,
    240,
    92,
    230,
    236,
    112,
    94,
    88,
    254,
    247,
    247,
    236,
    180,
    210,
    93,
    93,
    45,
    181,
    211,
    96,
    89,
    49,
    201,
    145,
    99,
    51,
    161,
    186,
    212,
    99,
    98,
    55,
    207,
    154,
    115,
    115,
    72,
    129,
    131,
    125,
    91,
    239,
    253,
    109,
    133,
    259,
    130,
    169,
    282,
    282,
    240,
    167,
    281,
    88,
    55,
    113,
    57,
    121,
    92,
    125,
    125,
    102,
    112,
    135,
    261,
    95,
    110,
    89,
    0,
    62,
    125,
    67,
    123,
    127,
    33,
    86,
    38,
    96,
    84,
    227,
    240,
    90,
    127,
    244,
    129,
    129,
    90,
    146,
    92,
    133,
    66,
    126,
    67,
    127,
    0,
    148,
    176,
    176,
    172,
    176,
    224,
    140,
    167,
    186,
    185,
    130,
    120,
    168,
    141,
    166,
    140,
    90,
    90,
    126,
    103,
    112,
    70,
    97,
    55,
    198,
    0,
    50,
    210,
    56,
    215,
    109,
    59,
    216,
    182,
    37,
    79,
    95,
    38,
    212,
    89,
    72,
    201,
    226,
    70,
    120,
    223,
    66,
    57,
    224,
    111,
    116,
    55,
    66,
    229,
    115,
    187,
    121,
    121,
    130,
    271,
    272,
    158,
    157,
    268,
    94,
    75,
    130,
    130,
    76,
    245,
    129,
    132,
    175,
    175,
    112,
    90,
    124,
    137,
    111,
    91,
    106,
    99,
    60,
    210,
    210,
    61,
    218,
    100,
    240,
    258,
    114,
    138,
    263,
    115,
    115,
    61,
    121,
    61,
    118,
    120,
    81,
    136,
    87,
    129,
    73,
    227,
    121,
    70,
    233,
    196,
    102,
    86,
    140,
    142,
    89,
    131,
    102,
    114,
    93,
    264,
    171,
    137,
    97,
    104,
    259,
    145,
    254,
    140,
    102,
    78,
    231,
    0,
    222,
    197,
    86,
    102,
    73,
    127,
    242,
    125,
    135,
    53,
    115,
    56,
    112,
    58,
    121,
    61,
    115,
    119,
    87,
    230,
    237,
    89,
    242,
    42,
    98,
    43,
    213,
    100,
    91,
    232,
    248,
    97,
    129,
    249,
    63,
    122,
    65,
    120,
    90,
    79,
    226,
    234,
    84,
    240,
    132,
    131,
    175,
    154,
    175,
    183,
    90,
    124,
    130,
    87,
    250,
    116,
    78,
    69,
    129,
    124,
    69,
    241,
    129,
    52,
    64,
    113,
    173,
    224,
    68,
    55,
    113,
    223,
    104,
    79,
    223,
    237,
    84,
    123,
    240,
    49,
    109,
    52,
    115,
    62,
    216,
    219,
    107,
    113,
    65,
    219,
    196,
    187,
    287,
    285,
    249,
    287,
    102,
    135,
    135,
    90,
    66,
    123,
    66,
    125,
    131,
    138,
    169,
    175,
    112,
    130,
    110,
    225,
    118,
    37,
    96,
    89,
    185,
    211,
    39,
    94,
    78,
    50,
    105,
    113,
    47,
    103,
    108,
    46,
    216,
    110,
    79,
    129,
    87,
    140,
    142,
    94,
    141,
    143,
    147,
    260,
    95,
    141,
    166,
    56,
    118,
    229,
    65,
    123,
    117,
    113,
    166,
    122,
    159,
    130,
    178,
    128,
    280,
    283,
    171,
    141,
    141,
    283,
    162,
    314,
    142,
    186,
    186,
    90,
    130,
    88,
    81,
    111,
    86,
    115,
    117,
    123,
    44,
    97,
    101,
    38,
    93,
    210,
    40,
    98,
    89,
    63,
    129,
    70,
    126,
    95,
    140,
    137,
    86,
    239,
    244,
    128,
    123,
    87,
    242,
    227,
    106,
    154,
    147,
    79,
    224,
    233,
    82,
    240,
    130,
    129,
    172,
    136,
    163,
    90,
    83,
    68,
    236,
    126,
    125,
    67,
    80,
    241,
    124,
    207,
    88,
    130,
    128,
    78,
    105,
    248,
    107,
    79,
    56,
    121,
    227,
    60,
    116,
    119,
    80,
    129,
    134,
    129,
    109,
    256,
    105,
    247,
    254,
    77,
    233,
    122,
    75,
    237,
    204,
    92,
    143,
    139,
    259,
    264,
    98,
    147,
    154,
    65,
    225,
    114,
    70,
    220,
    216,
    90,
    66,
    125,
    122,
    66,
    232,
    123,
    132,
    140,
    176,
    159,
    176,
    90,
    86,
    86,
    0,
    254,
    130,
    103,
    223,
    49,
    115,
    48,
    117,
    53,
    112,
    118,
    232,
    221,
    57,
    118,
    109,
    87,
    150,
    138,
    88,
    262,
    138,
    68,
    129,
    71,
    127,
    58,
    115,
    57,
    121,
    148,
    209,
    171,
    166,
    288,
    176,
    130,
    129,
    169,
    141,
    175,
    90,
    62,
    80,
    126,
    209,
    242,
    87,
    75,
    125,
    240,
    128,
    102,
    102,
    86,
    101,
    0,
    88,
    97,
    58,
    182,
    65,
    57,
    58,
    112,
    115,
    112,
    112,
    59,
    68,
    106,
    114,
    105,
    197,
    231,
    73,
    62,
    121,
    227,
    114,
    83,
    236,
    231,
    88,
    240,
    55,
    121,
    56,
    118,
    134,
    277,
    268,
    163,
    156,
    269,
    72,
    127,
    129,
    0,
    61,
    120,
    66,
    121,
    130,
    181,
    148,
    136,
    278,
    208,
    281,
    300,
    174,
    139,
    153,
    285,
    162,
    316,
    90,
    83,
    222,
    235,
    83,
    240,
    102,
    130,
    94,
    254,
    142,
    106,
    131,
    205,
    95,
    35,
    46,
    90,
    70,
    198,
    85,
    205,
    54,
    31,
    87,
    36,
    82,
    70,
    213,
    221,
    70,
    118,
    223,
    129,
    129,
    129,
    129,
    80,
    140,
    133,
    82,
    256,
    129,
    148,
    131,
    253,
    265,
    268,
    155,
    144,
    120,
    268,
    260,
    106,
    104,
    172,
    182,
    154,
    116,
    267,
    153,
    90,
    63,
    127,
    69,
    123,
    114,
    100,
    141,
    271,
    107,
    153,
    163,
    88,
    124,
    128,
    240,
    81,
    210,
    243,
    86,
    127,
    239,
    135,
    62,
    191,
    223,
    69,
    115,
    218,
    50,
    159,
    208,
    100,
    213,
    61,
    122,
    65,
    121,
    73,
    130,
    74,
    129,
    95,
    80,
    248,
    137,
    129,
    79,
    92,
    245,
    129,
    222,
    107,
    255,
    259,
    125,
    146,
    261,
    115,
    182,
    160,
    123,
    272,
    156,
    146,
    102,
    146,
    148,
    153,
    265,
    267,
    109,
    145,
    179,
    124,
    130,
    274,
    268,
    189,
    155,
    269,
    90,
    116,
    118,
    62,
    80,
    117,
    124,
    144,
    209,
    241,
    85,
    71,
    123,
    234,
    126,
    94,
    94,
    90,
    266,
    120,
    99,
    115,
    102,
    86,
    47,
    108,
    48,
    113,
    102,
    252,
    254,
    139,
    133,
    102,
    256,
    236,
    101,
    140,
    151,
    64,
    222,
    70,
    214,
    215,
    80,
    70,
    235,
    124,
    125,
    79,
    240,
    123,
    206,
    128,
    225,
    162,
    137,
    278,
    166,
    88,
    121,
    121,
    92,
    70,
    130,
    125,
    69,
    242,
    127,
    90,
    122,
    90,
    84,
    88,
    99,
    94,
    113,
    207,
    36,
    46,
    96,
    71,
    200,
    39,
    90,
    205,
    63,
    60,
    117,
    63,
    121,
    86,
    144,
    91,
    132,
    90,
    135,
    97,
    150,
    148,
    115,
    262,
    256,
    134,
    264,
    141,
    268,
    267,
    154,
    154,
    127,
    267,
    269,
    102,
    108,
    259,
    254,
    128,
    262,
    90,
    121,
    121,
    90,
    230,
    130,
    88,
    144,
    230,
    112,
    108,
    82,
    85,
    228,
    244,
    90,
    127,
    246,
    97,
    243,
    256,
    132,
    129,
    100,
    252,
    234,
    139,
    137,
    135,
    55,
    121,
    60,
    115,
    133,
    135,
    69,
    132,
    125,
    240,
    249,
    80,
    125,
    135,
    180,
    186,
    183,
    194,
    196,
    130,
    134,
    175,
    137,
    164,
    130,
    160,
    316,
    284,
    242,
    173,
    280,
    122,
    94,
    102,
    102,
    102,
    215,
    90,
    240,
    57,
    121,
    57,
    0,
    121,
    42,
    199,
    46,
    183,
    172,
    62,
    216,
    67,
    219,
    46,
    103,
    48,
    105,
    110,
    90,
    259,
    157,
    137,
    90,
    100,
    255,
    139,
    248,
    120,
    120,
    59,
    120,
    64,
    121,
    90,
    59,
    116,
    118,
    62,
    228,
    123,
    88,
    121,
    119,
    88,
    124,
    78,
    135,
    87,
    102,
    91,
    86,
    98,
    97,
    95,
    0,
    60,
    118,
    123,
    231,
    227,
    59,
    118,
    119,
    83,
    240,
    87,
    235,
    223,
    93,
    135,
    101,
    149,
    121,
    121,
    163,
    163,
    68,
    129,
    75,
    130,
    146,
    186,
    325,
    186,
    184,
    304,
    188,
    140,
    170,
    192,
    183,
    343,
    298,
    279,
    178,
    182,
    296,
    318,
    90,
    82,
    94,
    110,
    218,
    112,
    227,
    79,
    226,
    243,
    87,
    123,
    244,
    87,
    143,
    93,
    133,
    114,
    259,
    125,
    249,
    256,
    53,
    115,
    54,
    117,
    126,
    167,
    160,
    124,
    124,
    92,
    87,
    244,
    243,
    93,
    244,
    227,
    130,
    135,
    276,
    173,
    139,
    281,
    169,
    140,
    90,
    124,
    90,
    120,
    100,
    76,
    67,
    82,
    49,
    106,
    107,
    82,
    228,
    248,
    89,
    125,
    249,
    96,
    151,
    105,
    139,
    42,
    101,
    102,
    78,
    129,
    129,
    131,
    268,
    0,
    131,
    270,
    270,
    132,
    140,
    177,
    152,
    175,
    140,
    212,
    164,
    292,
    313,
    182,
    170,
    183,
    293,
    181,
    338,
    94,
    91,
    243,
    249,
    135,
    125,
    91,
    248,
    228,
    90,
    82,
    287,
    93,
    222,
    231,
    66,
    125,
    244,
    72,
    125,
    130,
    49,
    107,
    50,
    115,
    44,
    105,
    44,
    108,
    98,
    244,
    95,
    249,
    77,
    206,
    240,
    81,
    125,
    234,
    72,
    232,
    78,
    230,
    220,
    75,
    237,
    80,
    222,
    225,
    102,
    141,
    115,
    90,
    245,
    152,
    264,
    248,
    135,
    107,
    256,
    145,
    148,
    252,
    122,
    105,
    144,
    159,
    122,
    144,
    136,
    132,
    78,
    104,
    104,
    243,
    228,
    281,
    86,
    90,
    49,
    108,
    49,
    110,
    41,
    101,
    43,
    99,
    41,
    93,
    99,
    41,
    211,
    98,
    89,
    135,
    104,
    150,
    149,
    170,
    170,
    122,
    266,
    262,
    140,
    155,
    268,
    102,
    133,
    133,
    92,
    74,
    131,
    123,
    67,
    241,
    125,
    102,
    90,
    78,
    75,
    102,
    74,
    129,
    246,
    196,
    148,
    197,
    41,
    98,
    40,
    94,
    81,
    138,
    136,
    87,
    257,
    129,
    72,
    234,
    81,
    222,
    227,
    44,
    104,
    44,
    107,
    52,
    112,
    219,
    50,
    112,
    102,
    137,
    282,
    173,
    141,
    283,
    172,
    130,
    119,
    158,
    159,
    279,
    273,
    136,
    160,
    196,
    140,
    252,
    164,
    296,
    292,
    316,
    182,
    182,
    187,
    295,
    183,
    335,
    341,
    94,
    90,
    130,
    164,
    120,
    105,
    277,
    74,
    125,
    129,
    121,
    121,
    83,
    237,
    239,
    129,
    123,
    86,
    241,
    226,
    58,
    121,
    120,
    49,
    104,
    106,
    45,
    219,
    107,
    85,
    239,
    89,
    243,
    88,
    56,
    121,
    60,
    116,
    120,
    123,
    111,
    155,
    147,
    122,
    128,
    110,
    141,
    75,
    120,
    248,
    78,
    233,
    123,
    77,
    234,
    218,
    44,
    102,
    213,
    44,
    100,
    95,
    87,
    150,
    147,
    95,
    263,
    135,
    129,
    129,
    103,
    141,
    117,
    155,
    110,
    149,
    126,
    160,
    0,
    72,
    129,
    71,
    129,
    90,
    64,
    75,
    120,
    205,
    239,
    80,
    72,
    125,
    234,
    125,
    130,
    127,
    174,
    144,
    169,
    179,
    102,
    130,
    78,
    123,
    120,
    214,
    109,
    63,
    125,
    241,
    71,
    123,
    126,
    44,
    100,
    44,
    103,
    85,
    230,
    236,
    89,
    240,
    113,
    258,
    107,
    253,
    257,
    108,
    146,
    153,
    146,
    129,
    129,
    218,
    292,
    264,
    296,
    92,
    69,
    129,
    71,
    129,
    132,
    144,
    176,
    161,
    176,
    186,
    90,
    90,
    90,
    109,
    0,
    110,
    226,
    128,
    119,
    115,
    49,
    207,
    48,
    193,
    178,
    58,
    119,
    57,
    113,
    90,
    135,
    139,
    106,
    146,
    118,
    158,
    164,
    76,
    127,
    129,
    147,
    148,
    100,
    131,
    103,
    234,
    238,
    260,
    134,
    130,
    99,
    252,
    237,
    138,
    200,
    297,
    288,
    263,
    174,
    294,
    130,
    88,
    90,
    116,
    123,
    107,
    110,
    130,
    50,
    43,
    213,
    79,
    105,
    156,
    93,
    237,
    243,
    93,
    129,
    248,
    65,
    126,
    67,
    125,
    52,
    192,
    191,
    47,
    209,
    142,
    134,
    135,
    138,
    137,
    109,
    250,
    264,
    130,
    143,
    266,
    128,
    163,
    163,
    104,
    106,
    249,
    261,
    130,
    140,
    265,
    102,
    90,
    128,
    113,
    121,
    227,
    218,
    115,
    116,
    244,
    86,
    38,
    46,
    97,
    64,
    200,
    39,
    93,
    205,
    63,
    89,
    90,
    40,
    100,
    95,
    120,
    96,
    268,
    176,
    142,
    108,
    112,
    261,
    150,
    258,
    97,
    237,
    257,
    107,
    133,
    257,
    129,
    129,
    132,
    142,
    176,
    158,
    170,
    117,
    141,
    142,
    140,
    0,
    183,
    257,
    128,
    130,
    106,
    117,
    238,
    121,
    107,
    192,
    29,
    82,
    33,
    78,
    77,
    223,
    233,
    84,
    125,
    240,
    78,
    138,
    129,
    80,
    250,
    129,
    70,
    129,
    75,
    126,
    106,
    146,
    118,
    158,
    160,
    175,
    175,
    85,
    130,
    253,
    88,
    140,
    139,
    98,
    101,
    254,
    109,
    245,
    243,
    96,
    82,
    139,
    130,
    80,
    250,
    129,
    130,
    122,
    78,
    121,
    121,
    102,
    244,
    230,
    33,
    89,
    92,
    198,
    202,
    0,
    89,
    61,
    40,
    168,
    184,
    43,
    86,
    196,
    40,
    80,
    98,
    39,
    212,
    91,
    71,
    222,
    220,
    75,
    229,
    117,
    163,
    132,
    165,
    94,
    135,
    140,
    96,
    170,
    148,
    100,
    266,
    142,
    112,
    116,
    263,
    262,
    135,
    150,
    266,
    90,
    71,
    229,
    76,
    234,
    90,
    102,
    112,
    77,
    222,
    69,
    90,
    125,
    243,
    75,
    125,
    133,
    219,
    113,
    44,
    52,
    105,
    127,
    211,
    53,
    43,
    103,
    213,
    80,
    37,
    88,
    38,
    96,
    56,
    46,
    215,
    90,
    110,
    46,
    59,
    216,
    108,
    163,
    130,
    275,
    268,
    161,
    155,
    268,
    146,
    147,
    86,
    139,
    134,
    122,
    109,
    146,
    134,
    157,
    90,
    83,
    240,
    121,
    84,
    239,
    226,
    86,
    86,
    124,
    117,
    120,
    0,
    103,
    96,
    91,
    74,
    202,
    53,
    82,
    82,
    124,
    123,
    62,
    126,
    123,
    238,
    237,
    69,
    123,
    126,
    99,
    241,
    250,
    107,
    134,
    254,
    134,
    171,
    141,
    175,
    52,
    117,
    118,
    90,
    126,
    126,
    136,
    156,
    176,
    169,
    180,
    187,
    124,
    118,
    86,
    268,
    150,
    159,
    122,
    235,
    109,
    51,
    100,
    80,
    210,
    69,
    129,
    129,
    40,
    103,
    97,
    96,
    95,
    49,
    108,
    105,
    220,
    217,
    46,
    105,
    101,
    58,
    123,
    119,
    62,
    230,
    121,
    141,
    175,
    167,
    177,
    184,
    90,
    79,
    67,
    235,
    123,
    125,
    65,
    79,
    240,
    123,
    203,
    90,
    125,
    125,
    140,
    199,
    302,
    288,
    265,
    180,
    295,
    140,
    102,
    102,
    113,
    90,
    117,
    104,
    38,
    94,
    40,
    99,
    58,
    121,
    59,
    115,
    119,
    49,
    109,
    51,
    115,
    147,
    147,
    51,
    117,
    115,
    129,
    129,
    102,
    248,
    111,
    254,
    132,
    142,
    174,
    176,
    142,
    178,
    186,
    185,
    193,
    196,
    94,
    102,
    78,
    108,
    110,
    110,
    38,
    204,
    61,
    58,
    59,
    89,
    82,
    64,
    38,
    144,
    90,
    86,
    58,
    117,
    60,
    121,
    83,
    240,
    87,
    238,
    49,
    107,
    50,
    107,
    86,
    138,
    133,
    74,
    129,
    79,
    127,
    95,
    151,
    100,
    136,
    92,
    69,
    128,
    125,
    94,
    82,
    228,
    247,
    90,
    125,
    249,
    130,
    94,
    90,
    220,
    112,
    71,
    132,
    125,
    69,
    240,
    121,
    162,
    104,
    213,
    33,
    82,
    33,
    83,
    70,
    132,
    127,
    239,
    251,
    79,
    129,
    132,
    114,
    70,
    62,
    58,
    200,
    81,
    226,
    113,
    118,
    57,
    65,
    231,
    117,
    192,
    90,
    135,
    138,
    170,
    279,
    207,
    280,
    281
  ],
  "full_surface_samples": 8000,
  "complete_residual_N": [
    7.60458460160043e-12,
    8.534714134294237e-12,
    9.0335744829011e-12,
    7.836907241891693e-12,
    9.158558935467465e-12,
    1.150944492180076e-11,
    1.5200277604225378e-12,
    1.4579022155192399e-12,
    6.366789914821919e-12,
    1.09848617790699e-12,
    7.624753478462239e-12,
    7.444634245367521e-13,
    4.928782452161064e-13,
    7.673556266619135e-12,
    8.757986913499026e-12,
    8.37366009361881e-12,
    7.290417319615654e-12,
    6.7653200352837236e-12,
    7.506578263707136e-12,
    8.518954634736325e-12,
    7.843339295415236e-12,
    9.465139991235939e-12,
    1.3985753307733253e-12,
    1.4332012336986674e-12,
    1.3307939205263224e-12,
    8.079955809965448e-13,
    8.065204828868395e-13,
    7.48709039778104e-12,
    6.892775395924778e-12,
    1.4293683715038493e-12,
    8.865620192311267e-12,
    9.258660494794652e-12,
    7.133205535775302e-12,
    1.1044853990584094e-11,
    9.681243464060432e-12,
    7.330181200347094e-12,
    7.69562769517199e-12,
    9.840806845361527e-12,
    1.3979200979566702e-12,
    1.3712171465623986e-12,
    1.4496149941230235e-12,
    8.414253075449714e-13,
    9.047953682009395e-19,
    8.430442647782439e-13,
    6.599355487277491e-14,
    1.7471240807555393e-12,
    7.331315518063514e-12,
    8.706179580803461e-12,
    7.308740135188704e-12,
    6.996083062245878e-12,
    6.7582869114751375e-12,
    7.796862647163968e-12,
    8.030570394886725e-12,
    7.771052873472216e-12,
    1.4293080108534131e-12,
    1.3327717060920495e-12,
    1.3903826027052727e-12,
    9.459884488892903e-13,
    1.0577775641758945e-12,
    9.814624868962569e-13,
    4.600858511563135e-13,
    6.9624152663053645e-15,
    1.2252383018725626e-11,
    7.661235764833258e-12,
    8.124393060333033e-12,
    9.357648491491465e-12,
    7.94827409279915e-12,
    1.0356931129732026e-11,
    9.473592322326715e-12,
    9.324291598231812e-12,
    7.370916178182128e-12,
    1.326421557302275e-12,
    1.4389847805931394e-12,
    9.383458984296125e-13,
    1.2171221467092176e-12,
    9.607726691149323e-13,
    2.74886713224028e-12,
    6.671089599400994e-13,
    9.486884361739198e-12,
    7.335640785066559e-12,
    7.66430390660058e-12,
    8.966684900630693e-12,
    7.291849022210119e-12,
    9.120570268599593e-12,
    8.890784854306737e-12,
    1.1305708564492088e-11,
    9.543679824655927e-12,
    1.3587961785984033e-12,
    1.4463812538085569e-12,
    1.4010620388127884e-12,
    8.016591198746751e-13,
    1.271356150491538e-12,
    8.032287691010478e-13,
    4.332500571467345e-13,
    2.8040505136822283e-12,
    7.533075401889203e-12,
    8.03539654608252e-12,
    9.427251532305904e-12,
    8.27641611089408e-12,
    7.50754973757644e-12,
    9.639222502427882e-12,
    1.1455769953698649e-11,
    1.0338574195542572e-11,
    1.3979314639258872e-12,
    1.3677015229318057e-12,
    1.4268885261466122e-12,
    5.392433271496511e-13,
    7.759331458948437e-14,
    1.3767395177482723e-12,
    6.70900889878601e-13,
    1.3421204105141134e-12,
    6.697691127500269e-12,
    6.789872418248373e-12,
    9.177584873180082e-12,
    7.708633135305908e-12,
    7.597317949891353e-12,
    7.243259595794853e-12,
    1.0458413517213955e-11,
    8.236317819141949e-12,
    1.4218344956195617e-12,
    1.4699054877248218e-12,
    1.3774826636474447e-12,
    9.581090261569125e-13,
    1.040151988574513e-17,
    6.829516927472835e-13,
    6.578899741995179e-13,
    1.5680137600278617e-12,
    1.0619595431762073e-11,
    7.423388966457876e-12,
    7.345619779046837e-12,
    7.605126236638593e-12,
    7.187362257379429e-12,
    6.680069093813143e-12,
    9.799284801009128e-12,
    1.0157393026712258e-11,
    1.3851780076987055e-12,
    1.37860283268393e-12,
    1.4414476083367831e-12,
    9.355795988468607e-13,
    1.28970440416072e-11,
    7.011190958662432e-13,
    5.875356636304494e-13,
    1.737155940524311e-14,
    7.91865962664725e-12,
    7.382681402229912e-12,
    8.848228300776969e-12,
    7.653414361000112e-12,
    9.504869000589837e-12,
    6.391893874539434e-12,
    9.979307462439653e-12,
    1.1492781076363119e-11,
    9.602074307027909e-12,
    1.3351854779525847e-12,
    1.3932216590510607e-12,
    0.0,
    1.540023576271211e-12,
    6.0980188816116406e-12,
    7.386663770788769e-13,
    1.711685098100814e-12,
    8.091685973362243e-12,
    1.074099831575187e-11,
    7.0276067854222434e-12,
    1.0402126648070886e-11,
    9.489593492043798e-12,
    9.976456600774776e-12,
    1.0422688583338972e-11,
    9.667112608689866e-12,
    9.182482261390609e-12,
    1.4814247208828336e-12,
    1.4250428701097587e-12,
    1.5226732591196203e-12,
    7.512011019387271e-13,
    1.1517413528280106e-12,
    7.030643345372911e-13,
    3.3385218743923664e-13,
    1.5511518379757881e-12,
    8.576450204614103e-12,
    1.0469895093220317e-11,
    8.659561490497129e-12,
    7.076072522946204e-12,
    7.912322169051325e-12,
    6.861923524201946e-12,
    1.0365740747774243e-11,
    8.390573523557577e-12,
    1.3692953822219368e-12,
    1.4731691797426295e-12,
    1.4300363905591372e-12,
    1.1599274014370054e-12,
    3.0177186121986745e-17,
    1.2885796915456939e-12,
    1.9097802980712777e-13,
    1.7347312371721262e-12,
    9.190162798648986e-12,
    6.839645904371044e-12,
    7.987342181636755e-12,
    8.545337816068304e-12,
    7.979648299276644e-12,
    8.19478894565548e-12,
    9.15642063476611e-12,
    8.28123079510893e-12,
    1.3611680271894932e-12,
    1.424546676569177e-12,
    1.4780219364926547e-12,
    1.3289700678062033e-12,
    6.033657178763497e-13,
    9.995468993359544e-12,
    5.852660972113937e-14,
    4.180068222260589e-15,
    1.06700073534751e-11,
    6.723858296774782e-12,
    6.450749850375095e-12,
    9.473501111194162e-12,
    9.27768212900661e-12,
    7.812517901449365e-12,
    8.058062622261807e-12,
    8.683685550992894e-12,
    2.6513415203287717e-12,
    1.4172197562851527e-12,
    1.4803984007578286e-12,
    1.0932018351898993e-12,
    5.239187849867047e-13,
    2.654993469612173e-12,
    7.461166325854329e-12,
    5.398833947219367e-15,
    7.099193462165472e-12,
    1.0367462320169992e-11,
    9.035819890883962e-12,
    1.0936780104709654e-11,
    1.0118338954062482e-11,
    8.720765054658822e-12,
    9.876051367491087e-12,
    8.877327178950368e-12,
    8.327741315431854e-12,
    1.4143925425117252e-12,
    1.416053067019411e-12,
    1.2536711049110723e-12,
    5.621010884889124e-13,
    9.589047479377634e-13,
    8.27708570401141e-13,
    1.472302464062284e-13,
    6.812118730596497e-12,
    1.1816021387115764e-11,
    8.236212386647528e-12,
    6.667617424759381e-12,
    7.371788408083068e-12,
    7.21115326480512e-12,
    7.351436961549908e-12,
    9.186440388280655e-12,
    8.329924471119015e-12,
    1.3963174124536231e-12,
    1.3884846703367657e-12,
    1.4531012295418892e-12,
    9.24514428572201e-13,
    5.709794734452064e-13,
    8.272539255054999e-13,
    7.031421731432025e-12,
    1.7082507418529202e-12,
    9.059576963870767e-12,
    7.323444049806803e-12,
    1.0339353717466484e-11,
    7.608764668921106e-12,
    7.869321436855926e-12,
    7.381286391329836e-12,
    1.0449211988804459e-11,
    9.294731694449213e-12,
    1.3948607406163896e-12,
    1.4454106452454955e-12,
    1.339670414845731e-12,
    9.634225453994547e-13,
    1.0664603297372449e-12,
    7.612079997700877e-13,
    1.1041599703870823e-12,
    3.738309619939329e-15,
    7.2067130624836275e-12,
    7.463309460553376e-12,
    8.553591676061548e-12,
    8.848249858565704e-12,
    9.689932867560435e-12,
    9.61275715549234e-12,
    8.766832757865835e-12,
    1.1209091403705724e-11,
    1.389202324808151e-12,
    1.4069990421785588e-12,
    1.4258621640525273e-12,
    1.0461905020278455e-12,
    1.0268644512397942e-12,
    8.959707573889201e-13,
    6.162867315689258e-13,
    1.5769779443655307e-14,
    1.0497639290433125e-11,
    1.1079195954961334e-11,
    9.118177716559007e-12,
    7.714703644028806e-12,
    7.618712043838403e-12,
    9.150273318048847e-12,
    1.0232179551126587e-11,
    8.759820090448245e-12,
    8.639226822214687e-12,
    1.4948994974084055e-12,
    1.4150277338426575e-12,
    1.0285600255884833e-12,
    9.406665774222816e-13,
    1.2585135036193036e-12,
    8.508471254067601e-13,
    2.9811581697910506e-11,
    7.4467133954945e-12,
    6.4495493505004525e-12,
    7.252258245697743e-12,
    6.735575951696943e-12,
    7.997676154725937e-12,
    6.9582423493380004e-12,
    8.309741980514886e-12,
    8.395278719133555e-12,
    7.53956612978041e-12,
    1.451556382568961e-12,
    1.4408167922630266e-12,
    1.3845167257850029e-12,
    8.432453423139474e-13,
    6.075916533942823e-13,
    6.198579769566285e-12,
    5.542956601980355e-13,
    2.906318961056456e-12,
    9.453296664460841e-12,
    9.656144379709304e-12,
    7.293354312529008e-12,
    8.969890120388484e-12,
    9.333367218560922e-12,
    1.0402402885795566e-11,
    1.1955092435472664e-11,
    9.421597681104532e-12,
    1.4219571195794359e-12,
    1.510688004473995e-12,
    1.3724098076670681e-12,
    5.272504343682162e-13,
    9.43728488120052e-13,
    5.299600263493133e-13,
    1.3126558713930024e-12,
    1.6007088587182772e-12,
    8.168406326213827e-12,
    9.903017568455167e-12,
    7.2085530695406865e-12,
    8.981796681819943e-12,
    1.0089824403073139e-11,
    7.91323705934081e-12,
    1.0697440234879738e-11,
    8.366020871323911e-12,
    1.448931175384504e-12,
    1.3565407663266813e-12,
    1.3830699788904898e-12,
    9.76655682827583e-13,
    9.608463587467276e-13,
    1.1895325586728429e-12,
    6.30514221764452e-13,
    1.4949164647543925e-12,
    8.512788063723904e-12,
    8.623778833147368e-12,
    8.482828074045078e-12,
    7.560608349911634e-12,
    7.160346493030976e-12,
    7.778938030970223e-12,
    1.0871159464748728e-11,
    9.050909790108158e-12,
    1.377061155128229e-12,
    1.3934111749147655e-12,
    1.4459242594479612e-12,
    1.3354318952874406e-12,
    1.1475065370393554e-12,
    1.0009475168336607e-12,
    6.979228916084009e-12,
    6.316859866016824e-15,
    8.148404774626888e-12,
    1.0306542959386825e-11,
    7.563422241215834e-12,
    1.0643924139303009e-11,
    7.949350912965278e-12,
    7.637775546213958e-12,
    9.494769621971348e-12,
    7.028074489213664e-12,
    1.0864849854567158e-11,
    1.382963028482973e-12,
    1.3903396802679378e-12,
    4.118401169141481e-12,
    9.204695241697229e-13,
    6.0971323367920574e-12,
    8.721763817927386e-13,
    1.3455866505951391e-11,
    7.5684461998114e-12,
    9.376497681457811e-12,
    1.0183364080629512e-11,
    9.762582352713831e-12,
    1.0101689533816554e-11,
    8.520931778707888e-12,
    7.661708326205263e-12,
    8.374243103025322e-12,
    1.091909027828411e-11,
    1.3347118679405548e-12,
    1.4743468176688138e-12,
    1.3033604908216474e-12,
    1.4219199914234766e-12,
    1.0379793567347903e-12,
    6.734295098611698e-12,
    5.190810517520529e-13,
    1.365434058221817e-12,
    7.554692536819837e-12,
    7.582701337289048e-12,
    8.973010236943528e-12,
    8.217195804796121e-12,
    7.418086787964428e-12,
    7.496557651974265e-12,
    9.623199985767125e-12,
    7.760075956497926e-12,
    1.415795921964503e-12,
    1.3907099380939555e-12,
    1.4282157593619136e-12,
    2.3053380657415347e-12,
    8.95735337103506e-13,
    7.650943302864523e-13,
    9.565035204851208e-13,
    5.596317605592737e-16,
    1.0046549886426017e-11,
    8.424245013921976e-12,
    1.1759633369386535e-11,
    7.661989704537739e-12,
    1.0103405193392467e-11,
    1.0594492205958333e-11,
    9.481021244105416e-12,
    1.1025911749958672e-11,
    1.3916532884133515e-12,
    1.377587994811879e-12,
    1.3972099836181521e-12,
    1.044268081933054e-12,
    7.850061858180102e-13,
    9.12685219246312e-13,
    5.223303344544485e-13,
    1.1113867037644772e-12,
    1.0147693905183931e-11,
    6.923073616370341e-12,
    7.763528056735753e-12,
    9.189164242256977e-12,
    1.1177588026487098e-11,
    6.838989476199839e-12,
    9.709469810004828e-12,
    1.039726938845566e-11,
    9.972529272591266e-12,
    1.4380398949261843e-12,
    1.3450366592407446e-12,
    1.0082769416568543e-12,
    1.1039114841714363e-12,
    1.0147812761849536e-12,
    1.1266259677322095e-12,
    8.346520480374328e-15,
    7.730860170351305e-12,
    1.0851068325464974e-11,
    6.88156589263027e-12,
    1.009202846530395e-11,
    1.0760931568925786e-11,
    8.425896170159404e-12,
    7.878046066782864e-12,
    1.0601165303718083e-11,
    1.0248815460417388e-11,
    1.347486180820249e-12,
    1.4783409424153173e-12,
    1.4619667864235666e-12,
    1.151340678486834e-12,
    8.861931928423128e-13,
    7.255629437153845e-13,
    1.0008090479481576e-12,
    4.516291583881337e-12,
    7.250057207256772e-12,
    7.2130414226234565e-12,
    6.676982555763507e-12,
    7.523198077814336e-12,
    1.0334335067456096e-11,
    7.526125969772854e-12,
    8.285127068573277e-12,
    1.1527450102496295e-11,
    1.3594132472929285e-12,
    1.4766630783729437e-12,
    1.3548443136146012e-12,
    1.4075699231094708e-12,
    1.058967359173888e-12,
    1.1825979377876317e-12,
    7.605022898266847e-13,
    1.037343617596124e-12,
    7.48566422328075e-12,
    6.763109161169698e-12,
    1.0381811695842425e-11,
    7.691191684315892e-12,
    8.289280845993164e-12,
    6.447237526305094e-12,
    7.881479118312294e-12,
    7.792818288686709e-12,
    1.3651983382572513e-12,
    1.4003406561729024e-12,
    1.4561565576909956e-12,
    1.2532237675727444e-12,
    1.1599294715303164e-12,
    7.03871687050344e-12,
    5.026599659524138e-13,
    1.6987095297374426e-12,
    8.90481988343167e-12,
    8.894845953199373e-12,
    6.926921695041982e-12,
    8.466269022967892e-12,
    7.495678107670214e-12,
    9.893558342238524e-12,
    8.356423584859691e-12,
    8.41307893076683e-12,
    1.4133055812422632e-12,
    1.4861192698710809e-12,
    1.3839324833913436e-12,
    5.861333303261491e-13,
    1.0307605735387072e-12,
    1.5304971091541467e-12,
    4.877294591820878e-12,
    5.337781003678785e-15,
    7.983615035456553e-12,
    8.755380068750816e-12,
    7.267373516575841e-12,
    8.773561047985426e-12,
    7.25665634404566e-12,
    7.878499578488125e-12,
    1.0940211402039382e-11,
    9.401808044897265e-12,
    1.1902610518561571e-11,
    1.3875806238958958e-12,
    1.3302834242829164e-12,
    0.0,
    7.048460013105172e-13,
    8.547142510022346e-13,
    6.998281990503338e-13,
    2.9891229377409767e-15,
    8.579293381299875e-12,
    9.68397485938754e-12,
    7.020607531603187e-12,
    7.78286805866711e-12,
    7.512784128100143e-12,
    7.9108852307274e-12,
    8.984557575666697e-12,
    7.619709950889611e-12,
    1.1029511877038334e-11,
    1.4331902622743809e-12,
    1.382917456813753e-12,
    1.4216465428041803e-12,
    8.237060480705493e-13,
    1.2426024170721437e-12,
    9.445027233978253e-13,
    2.5909302697859844e-12,
    2.057232603073298e-12,
    7.555986687330919e-12,
    7.66583932777751e-12,
    9.724671548518261e-12,
    7.475972147603205e-12,
    8.55294003429378e-12,
    7.512042876283745e-12,
    1.1810272619578591e-11,
    8.131145179214107e-12,
    1.4799958966022926e-12,
    1.3220647365604503e-12,
    1.3730183549048454e-12,
    8.919453170929092e-13,
    1.2852895394218806e-12,
    9.041176382247911e-13,
    6.926775051685731e-13,
    1.0575264319688527e-12,
    8.09708800207398e-12,
    1.1833101363994862e-11,
    7.728942645439562e-12,
    6.724690775984131e-12,
    7.483952446434231e-12,
    6.913418843761339e-12,
    9.412955053922663e-12,
    9.579018900030245e-12,
    1.4533677913453076e-12,
    1.4442428752621675e-12,
    1.4682525856692928e-12,
    1.2945968564304578e-12,
    1.0626189311343328e-12,
    1.5624676388838176e-12,
    5.109244729628672e-13,
    2.656122516795841e-15,
    1.0471630363699584e-11,
    9.401254471563505e-12,
    7.63058453023807e-12,
    1.0192342676140551e-11,
    1.0413444090384095e-11,
    7.504801855551475e-12,
    1.0083799785313833e-11,
    7.150980997091231e-12,
    1.3923393279941417e-12,
    1.3594321841247869e-12,
    1.5213465599260959e-12,
    1.6079445045707752e-12,
    1.52515187117466e-12,
    8.673787458675922e-13,
    1.2055141842265955e-12,
    1.5973640252165065e-12,
    9.930775634055609e-12,
    7.230589989844556e-12,
    7.152921601532836e-12,
    9.100117894552707e-12,
    7.620518813951313e-12,
    1.0436789406408394e-11,
    8.650548615829113e-12,
    7.941012120699754e-12,
    7.530775998712296e-12,
    1.4835275156581035e-12,
    1.3801901897726803e-12,
    6.037240224986274e-12,
    1.115504346389684e-12,
    1.0806926479819663e-12,
    7.111221024581964e-12,
    1.2843199619264772e-12,
    8.944361894502535e-12,
    7.474639580002633e-12,
    9.159411368969964e-12,
    1.0122021414965084e-11,
    7.52779528899776e-12,
    7.458465175296613e-12,
    7.692125199158493e-12,
    8.309952181206524e-12,
    9.113188868142033e-12,
    1.421997459593258e-12,
    1.355656852679796e-12,
    1.347428810857332e-12,
    9.815429842570624e-13,
    6.404194561312985e-12,
    4.149548400029941e-12,
    7.03150416324817e-12,
    1.230833746133378e-12,
    9.007164673396899e-12,
    7.761416220036826e-12,
    7.248606934108502e-12,
    7.315909660127734e-12,
    8.111575422300262e-12,
    7.244763849872553e-12,
    7.525026529170563e-12,
    7.772881973474478e-12,
    1.3823638539141997e-12,
    1.400861356233037e-12,
    1.4115065929205434e-12,
    7.694819436459497e-13,
    7.033941141240545e-13,
    7.526369998711408e-13,
    6.644501694811163e-12,
    1.5962278300432472e-12,
    1.0506421502206596e-11,
    7.55123262175644e-12,
    9.305185674161793e-12,
    7.084883828238444e-12,
    7.25967265902517e-12,
    7.055727066631249e-12,
    1.0896610041985331e-11,
    7.38809534263037e-12,
    1.3911335513106473e-12,
    1.3597596185159948e-12,
    1.443533899026727e-12,
    8.533979169954797e-13,
    1.0379267012241418e-12,
    1.053363980613988e-12,
    7.649774115682726e-13,
    6.423511029069306e-15,
    8.516651874186431e-12,
    8.34760592922273e-12,
    9.855615672304406e-12,
    8.540316800524183e-12,
    8.210172678285596e-12,
    7.555450453739024e-12,
    9.428747096284354e-12,
    1.0609991911150124e-11,
    3.048316317015117e-12,
    1.3474279597548481e-12,
    1.5171219053764304e-12,
    6.956404003519038e-13,
    9.403747837584055e-13,
    9.532200807904768e-13,
    8.396096341127953e-13,
    2.6842098485369195e-13,
    6.9659511847822784e-12,
    7.487091636141695e-12,
    1.0024100364356219e-11,
    1.0542330565663721e-11,
    8.687167451885306e-12,
    7.113421963750594e-12,
    8.330144222381116e-12,
    1.0048669336092736e-11,
    7.961349532498837e-12,
    1.3496724256109537e-12,
    1.3855856886867468e-12,
    1.2593090490427324e-12,
    5.74049353858874e-13,
    9.317326288242573e-13,
    1.1445962491815672e-12,
    4.159523105393877e-13,
    3.730692815473333e-12,
    7.070549312425192e-12,
    6.9140000968941895e-12,
    8.712897080495653e-12,
    7.704442466914117e-12,
    9.719942167628975e-12,
    9.080743131567721e-12,
    7.766413808978101e-12,
    1.17311269020033e-11,
    1.4889078871678532e-12,
    1.4185511056939966e-12,
    1.3988383440648878e-12,
    8.757902249888455e-13,
    5.456019322951135e-13,
    1.054417456365201e-12,
    9.211779198113145e-12,
    1.408975040518818e-12,
    7.480742707625122e-12,
    6.960854139904374e-12,
    8.558180099223709e-12,
    1.0085096791864232e-11,
    1.0577939891744255e-11,
    9.066607966642212e-12,
    8.377971417257088e-12,
    7.41067457270408e-12,
    1.4742618252477166e-12,
    1.4307534011726314e-12,
    1.4149582272239432e-12,
    1.0283976906305313e-12,
    1.7484023101368811e-12,
    6.417661760395666e-13,
    3.173415887598286e-13,
    1.4232844216148897e-14,
    7.1377641348489e-12,
    9.036023418440112e-12,
    7.216898585350092e-12,
    8.697782861056745e-12,
    8.635966971929578e-12,
    9.675901056174226e-12,
    1.0372960398485907e-11,
    8.0993584367926e-12,
    1.410685895017601e-12,
    1.4732972913605895e-12,
    1.4617913700343822e-12,
    8.86672115515555e-13,
    2.4079840270615075e-11,
    7.434027696606158e-13,
    9.32948005554583e-13,
    9.130278373602889e-15,
    1.0301322472893306e-11,
    6.5974378179308856e-12,
    9.280187838555416e-12,
    1.0595374087464961e-11,
    9.446685306913139e-12,
    7.1910108383969495e-12,
    9.74620541296721e-12,
    9.743449589049377e-12,
    9.615915142507155e-12,
    1.4060892421920886e-12,
    1.4815592606628272e-12,
    0.0,
    1.6483619785154837e-13,
    1.0329727133543012e-12,
    5.233955744007597e-13,
    1.7617596334831663e-12,
    7.291711671134832e-12,
    8.409633926110321e-12,
    9.32732266392033e-12,
    8.889496170942548e-12,
    7.671446752824677e-12,
    7.13601029426958e-12,
    7.556780802872277e-12,
    8.50758004353465e-12,
    9.323574012997873e-12,
    1.3406784263159436e-12,
    1.325337555679331e-12,
    1.3903293925921643e-12,
    1.2141972630675108e-12,
    1.1289315974960488e-12,
    5.625653284496971e-13,
    5.19088344481675e-13,
    1.4647250158721723e-12,
    8.505272048816663e-12,
    7.764364531642743e-12,
    8.408763608036559e-12,
    8.160149408073819e-12,
    9.440431553474579e-12,
    7.082295347106062e-12,
    1.0418933234244849e-11,
    9.381420941244307e-12,
    1.3684203095928926e-12,
    1.438216626748117e-12,
    1.4642869948753622e-12,
    7.793518084359265e-13,
    1.130813186573504e-12,
    6.436141953298202e-13,
    6.625886824508371e-13,
    1.7011757401391244e-12,
    9.644708358335761e-12,
    7.462172948743146e-12,
    7.159604318584272e-12,
    9.255811055896156e-12,
    7.278279372537316e-12,
    6.851893595145329e-12,
    7.366121915134581e-12,
    9.753357248339593e-12,
    1.4133155870791954e-12,
    1.489120471264125e-12,
    1.364811457484426e-12,
    7.458206307547732e-13,
    1.207875902568146e-12,
    1.0053509285587197e-12,
    4.583108327675735e-13,
    5.024392922786137e-15,
    1.050699931368498e-11,
    1.0988958901934392e-11,
    7.75777201432412e-12,
    1.0451307425135418e-11,
    8.081386556963384e-12,
    7.575858554072052e-12,
    8.014921740194623e-12,
    1.1772501254492019e-11,
    1.4568743552303633e-12,
    1.3564541312441157e-12,
    1.3938970522089665e-12,
    1.2761957795961222e-12,
    9.610839117257919e-14,
    9.796996476917373e-13,
    1.0651321084380261e-12,
    4.107494039994419e-15,
    6.570748155253307e-12,
    8.314641734358439e-12,
    9.01258034194678e-12,
    9.066392060891735e-12,
    8.057448332020567e-12,
    8.8488427939358e-12,
    8.912197355393641e-12,
    8.12380800793404e-12,
    8.22061831609509e-12,
    1.3964214381400157e-12,
    1.3982542632642865e-12,
    1.450711597358666e-12,
    1.449433046727491e-12,
    9.929008623557218e-13,
    5.962541729077392e-13,
    1.794024032614054e-11,
    8.217208196211767e-12,
    8.390998570466676e-12,
    7.034287279212699e-12,
    7.285804528884037e-12,
    9.348653050146117e-12,
    1.0035774989129699e-11,
    7.68706008791463e-12,
    1.0341491624864128e-11,
    9.223789125994e-12,
    1.448047073786175e-12,
    1.3950371137877643e-12,
    1.4202716527683596e-12,
    3.782010532136199e-12,
    2.253642589605707e-12,
    5.08224167081199e-13,
    5.398954711406198e-13,
    1.7313683453960205e-12,
    6.6666797938758366e-12,
    8.178166936188993e-12,
    1.0391678652150617e-11,
    7.585107180656465e-12,
    1.1447734924399797e-11,
    8.630638542445132e-12,
    8.274007052507019e-12,
    8.135043666597423e-12,
    1.389453063242047e-12,
    1.5396295919089098e-12,
    1.4051871108746207e-12,
    1.03770795024898e-12,
    8.024451739017142e-13,
    9.081887539593622e-13,
    5.017982911544154e-13,
    1.4987645809831636e-12,
    7.168318415854142e-12,
    8.649170240243157e-12,
    7.133550966822741e-12,
    9.928624127181936e-12,
    1.0564540547733962e-11,
    6.6147491428017654e-12,
    1.0404015609855223e-11,
    8.049427283011834e-12,
    1.3917748187728458e-12,
    1.4434958784747132e-12,
    1.3475301775758745e-12,
    8.374950969364481e-13,
    1.2720593381089265e-12,
    6.321235273821361e-13,
    3.966052146164831e-13,
    1.2405103205774103e-14,
    7.389628387936283e-12,
    1.0142871110954555e-11,
    9.536836745990324e-12,
    8.257884547373447e-12,
    7.10681058232608e-12,
    8.814308003918901e-12,
    1.154985579602399e-11,
    1.0275593432262215e-11,
    4.008277975272365e-12,
    1.3365782069252384e-12,
    1.3629829430423284e-12,
    3.949506775396005e-12,
    9.271996560991033e-13,
    1.1013535157045982e-12,
    7.800633343746046e-13,
    3.0338968260613426e-15,
    8.367680798583427e-12,
    7.458429316153009e-12,
    6.841080390653427e-12,
    1.1300864784649945e-11,
    8.061927948031858e-12,
    1.041710633919648e-11,
    8.363714703875347e-12,
    8.33593983992526e-12,
    8.406606860529163e-12,
    1.4270301126097574e-12,
    1.4083621712014803e-12,
    1.4723548478940037e-12,
    1.418401888556958e-12,
    1.1044669026002094e-12,
    3.997947834063475e-13,
    5.09168496747828e-13,
    1.8908549651199385e-12,
    7.322778642987253e-12,
    7.0648274342058296e-12,
    7.38979474320643e-12,
    8.296067013799965e-12,
    8.91282957747006e-12,
    7.073419601896131e-12,
    7.840711862826335e-12,
    8.544609371319886e-12,
    1.4932932837004562e-12,
    1.3761728488773358e-12,
    1.3576526470147426e-12,
    1.933760073924206e-13,
    1.3647070728737644e-12,
    6.835492418463838e-12,
    1.4891873797346828e-12,
    1.5228826792475048e-12,
    7.589420049829872e-12,
    1.0076984064170599e-11,
    7.05868252312443e-12,
    7.782130460535602e-12,
    9.043898331171377e-12,
    9.614379735752644e-12,
    9.187472128466925e-12,
    9.865688826123792e-12,
    1.4306332650744672e-12,
    1.5220489153166858e-12,
    1.3737298854166293e-12,
    1.5968890935855613e-12,
    1.2057976965573994e-12,
    1.0419670705292433e-12,
    1.1111565646460891e-12,
    1.3384824797765968e-12,
    1.0198083610305389e-11,
    1.056485131339908e-11,
    7.959690380112785e-12,
    6.872279627742232e-12,
    8.191944750512625e-12,
    1.174997343699199e-11,
    1.0915729034707327e-11,
    8.265670534546865e-12,
    1.381670062728395e-12,
    1.360011889524804e-12,
    1.457329174337956e-12,
    1.0243128275408179e-12,
    1.8126224254755234e-12,
    6.205097514198132e-13,
    6.928146751830578e-13,
    1.5160729718163374e-12,
    1.0263726219215222e-11,
    9.773641318788655e-12,
    1.0212185189093067e-11,
    9.364791813615943e-12,
    7.922994993387342e-12,
    7.95574788477031e-12,
    7.953756237836316e-12,
    1.2299505416731013e-11,
    8.652622106780931e-12,
    1.364539042537951e-12,
    1.391431028129117e-12,
    0.0,
    1.292861502387914e-12,
    1.275391470256943e-12,
    6.917449626162979e-13,
    1.1063171297306253e-13,
    9.548147608301272e-12,
    8.154075299094358e-12,
    8.104821004741358e-12,
    1.0268573930689242e-11,
    1.1393618472041851e-11,
    9.094249948350466e-12,
    7.643390025092237e-12,
    1.0227938723452844e-11,
    1.0113581056938858e-11,
    1.4969253468756919e-12,
    1.4787326392383839e-12,
    1.5104062263937659e-12,
    9.92671990939202e-13,
    5.84836937842421e-12,
    4.796942646187632e-13,
    6.542744041324485e-12,
    1.7428185063006676e-12,
    8.313055140874813e-12,
    7.444935838153719e-12,
    9.28509044222108e-12,
    9.134745208380659e-12,
    1.010327571409295e-11,
    9.188209770071402e-12,
    9.737401413040474e-12,
    7.608330640122891e-12,
    1.3605626920244677e-12,
    1.3856664398187582e-12,
    1.4549694021983073e-12,
    4.611479136896844e-13,
    3.64431672339791e-15,
    8.812565816074597e-13,
    7.633584002718765e-12,
    1.208031186373679e-12,
    7.612500236483327e-12,
    7.95895570324808e-12,
    7.211629973319796e-12,
    9.217379785965814e-12,
    7.35314870483111e-12
  ],
  "rhs_norm_N": [
    0.22273737164817692,
    0.1897438361450917,
    0.20438523005166798,
    0.19193553008866746,
    0.22401669202961733,
    0.2507421492123731,
    0.03957551971305144,
    0.037420801128820305,
    0.1796046634592875,
    0.02415921634293748,
    0.20432293807188853,
    0.03871445779031414,
    0.018168347047377117,
    0.2265308894866139,
    0.23806540620214212,
    0.21903545664426208,
    0.19419132562356303,
    0.1820499745683706,
    0.19210700634540917,
    0.19547333781318693,
    0.21356929134898736,
    0.21117693913940214,
    0.03699474849659324,
    0.04018950969785952,
    0.0378895667725716,
    0.031361579236238425,
    0.03340266704259522,
    0.18726499610876574,
    0.17295054473527538,
    0.04962149961820283,
    0.27294639104537466,
    0.2522891035268996,
    0.2070135560255666,
    0.25732202975193613,
    0.2186179067194808,
    0.186319473603846,
    0.18098214584657085,
    0.19918489610929663,
    0.03747003680851223,
    0.03585333774249051,
    0.03710090211802047,
    0.036859550595104554,
    1.5095766580766228e-08,
    0.040675689827341106,
    0.0011320611398187113,
    0.06533506135577939,
    0.19882546973304888,
    0.22721543713104478,
    0.19098274772157847,
    0.2127690358147289,
    0.19745577020046515,
    0.2034652475040301,
    0.18437661452677181,
    0.18809532445448596,
    0.03594996504137708,
    0.03685321007906708,
    0.037295247479817946,
    0.02424780972737189,
    0.03483588411486014,
    0.05110385766068663,
    0.028281318417603132,
    0.00011102592112117624,
    0.27949638034161195,
    0.1695697169867955,
    0.23494377762781263,
    0.26623423277674935,
    0.20338575506477116,
    0.26469393584261713,
    0.22675071931783872,
    0.19540681413414282,
    0.1807522622649879,
    0.036136638215986235,
    0.037213477716354214,
    0.024978900376849276,
    0.04096985219604536,
    0.039527704331157244,
    0.10778931144199835,
    0.03813512698489824,
    0.251784484408461,
    0.20915835528952612,
    0.21249631183711964,
    0.26233142624100336,
    0.18497570305122765,
    0.2651925759540079,
    0.21025171795794886,
    0.20168866199814084,
    0.2739313572622595,
    0.03483482654168531,
    0.039091693219225954,
    0.042356582658135966,
    0.03554730776907317,
    0.03735028133854312,
    0.02989352355617686,
    0.021764819551211328,
    0.09134157185452982,
    0.20940604650931346,
    0.2200686530566335,
    0.2354904097316819,
    0.2073257073534902,
    0.1965510323412697,
    0.2239704363794919,
    0.2505878487252467,
    0.23719004415691133,
    0.03905899930134485,
    0.03846374853947376,
    0.04164864381863127,
    0.03327990876700454,
    0.0028823109603614548,
    0.04823906141528357,
    0.039632534146264255,
    0.07083607147665505,
    0.22411032770853237,
    0.19312862952096005,
    0.2614498815606463,
    0.1857216695721417,
    0.19272945226473592,
    0.19074881402705268,
    0.22498288831075225,
    0.20944218299232573,
    0.039339587495393215,
    0.040455127179605206,
    0.03912285930769974,
    0.03644695746896098,
    1.465664694647294e-07,
    0.037588265248650644,
    0.03830261441357119,
    0.06488916840848857,
    0.28622942152269565,
    0.17334625095920983,
    0.17729979029630552,
    0.2069637132228196,
    0.20709868956441352,
    0.176429540042262,
    0.2287238372967836,
    0.25581384164064874,
    0.0373552097157211,
    0.039370587675780784,
    0.0398082437652533,
    0.03236463782406905,
    0.6685199002966077,
    0.03188007514311963,
    0.028134746213066702,
    0.00032008488251023,
    0.214573916317594,
    0.19116534943179203,
    0.19930863160180703,
    0.2073233766074321,
    0.23204895761345593,
    0.17839098543300186,
    0.2276624459653947,
    0.24239180008173822,
    0.2350166604779992,
    0.0356514448017253,
    0.03682415368021581,
    0.0,
    0.05998058981008455,
    0.21848580220929703,
    0.024925993652413006,
    0.05561797984619853,
    0.2022980324109482,
    0.25788167109836924,
    0.17807648246867963,
    0.2875359143193812,
    0.2196492872376087,
    0.22990348463603794,
    0.2735961342959409,
    0.19938005429308497,
    0.20906328373322916,
    0.038486568234459076,
    0.03690961494517018,
    0.04087667697082239,
    0.027361912976648778,
    0.034710739302969605,
    0.03591601849741642,
    0.022470135621371626,
    0.04571793126465142,
    0.22212349247626076,
    0.25265460992215744,
    0.21146287500049712,
    0.17600183742169334,
    0.1701078360914561,
    0.17277472017105325,
    0.24161402977146446,
    0.19894174951089183,
    0.03735516458664341,
    0.03945903785902665,
    0.03952283864630172,
    0.03286774821709693,
    4.1130763235922046e-07,
    0.040436814069023636,
    0.0031495112477917,
    0.06802614780291982,
    0.21650637681616564,
    0.1794176037883556,
    0.22192294788938685,
    0.24215157010519678,
    0.19093804170189527,
    0.21427341379865125,
    0.24611507504715383,
    0.2086862183352072,
    0.040638517613150085,
    0.035294973368159774,
    0.042111465156020815,
    0.03281838391140691,
    0.0415456708323162,
    0.278911855750134,
    0.0009228537052723509,
    6.228743058825605e-05,
    0.2500993959874932,
    0.222990322531669,
    0.2186018129312347,
    0.2622469126567705,
    0.2072839663385792,
    0.21064620127279515,
    0.20561890280286124,
    0.21501057259570183,
    0.07672892333483916,
    0.03494394548064743,
    0.04179621103110961,
    0.023012740487031724,
    0.026397051154548046,
    0.07736579076512343,
    0.1761149866457706,
    9.350191525577316e-05,
    0.22130729775961774,
    0.2934050829871173,
    0.24320325379627328,
    0.2617505548623966,
    0.2820899645621421,
    0.19187015235961905,
    0.26799115432558046,
    0.24775461998256718,
    0.2086592235319858,
    0.03723486505599574,
    0.039790131327746864,
    0.03245441773102541,
    0.024932960819368733,
    0.041543896621470844,
    0.03783109746631634,
    0.008569015841611226,
    0.21363814729580657,
    0.265297231552775,
    0.195997344912466,
    0.19454343782504419,
    0.186696108082978,
    0.20585041072356458,
    0.17858292688674587,
    0.19468718397528767,
    0.22295478924973036,
    0.0386323697768191,
    0.03736190821606937,
    0.042679670306022904,
    0.02125386925955486,
    0.024640883439688344,
    0.03867615183072673,
    0.20933607628339582,
    0.055267974406119594,
    0.2209825035060236,
    0.20569059303716508,
    0.2582157667018594,
    0.2051911813866897,
    0.1683028263926184,
    0.1794386611329142,
    0.22119408748840347,
    0.2341869669190457,
    0.03542781869236692,
    0.04114319403808692,
    0.03616742819418001,
    0.02125813159231281,
    0.038574624016774556,
    0.030776065699116034,
    0.03518997436249771,
    5.247299949849254e-05,
    0.20414550578967558,
    0.21223318525742632,
    0.21462927392184405,
    0.2471959759458156,
    0.23448245159361256,
    0.2611604459520963,
    0.2057435839778219,
    0.26395038307873137,
    0.03524819078253607,
    0.03630433711122916,
    0.03863983910468417,
    0.050452241302966376,
    0.038415042114061444,
    0.042193437235609546,
    0.028328143162980175,
    0.0001913551244302914,
    0.2849546354724228,
    0.29577272630664186,
    0.28203753955496075,
    0.17116818935800446,
    0.19537994621199947,
    0.25398872269831435,
    0.24937422876045312,
    0.19226288121183055,
    0.19563552507509255,
    0.039911809526563556,
    0.037209969239850316,
    0.03786821761472085,
    0.039085613108155684,
    0.038911642219614885,
    0.03050593495352123,
    0.8268817959061583,
    0.17944474589109452,
    0.2202089120381115,
    0.20501644724678747,
    0.17372883285317414,
    0.19557051270039721,
    0.16474875784995358,
    0.1980343435430778,
    0.186159955393102,
    0.2167416648509312,
    0.03626831790991502,
    0.03953172056953182,
    0.04149167365451143,
    0.021499858944278374,
    0.03140137879159058,
    0.23103202905907233,
    0.02863259145986835,
    0.07948302912628899,
    0.24169139524332314,
    0.2488219280998252,
    0.17372060360642086,
    0.21846265537716464,
    0.2394910255700151,
    0.2469714862864476,
    0.23797424882684118,
    0.20018117690150125,
    0.036666210694231316,
    0.04160821593320238,
    0.03805313731602706,
    0.02457475578431939,
    0.03336599834825015,
    0.03854100881590298,
    0.04617171190705173,
    0.06713398929132536,
    0.24231986671751482,
    0.26206931119345744,
    0.22319720250003286,
    0.21560455130771103,
    0.22969448830927694,
    0.2014306208443211,
    0.21905427764179977,
    0.20037017842023835,
    0.0414708593701738,
    0.035594327147951736,
    0.04161963945343968,
    0.023447318270766404,
    0.03789678048094902,
    0.03475727669555309,
    0.02243624366011491,
    0.05156845039262639,
    0.21727237879953723,
    0.2485024285076426,
    0.2003439103889481,
    0.20692753545895598,
    0.17738931577165046,
    0.19640775715732595,
    0.258885923830352,
    0.20785866430331373,
    0.03938403495438527,
    0.04100049838562002,
    0.04275148151478535,
    0.0382545806706475,
    0.03360939317004524,
    0.04290765720202737,
    0.175291606142726,
    0.00011804742802053362,
    0.177006139845861,
    0.2897087288079089,
    0.2234204298589016,
    0.24904969101437818,
    0.19865322602035146,
    0.20140644581451675,
    0.23496509413203548,
    0.1703515823802807,
    0.25441964668837097,
    0.040307793583195174,
    0.03920423140742533,
    0.11632393511263656,
    0.023921522488389385,
    0.22628908990979205,
    0.03179013396577557,
    0.7307710403459536,
    0.22668533364284174,
    0.2736832358318308,
    0.2687925242646659,
    0.24476026127341588,
    0.21960782319260808,
    0.21742934422602936,
    0.17780745274757342,
    0.20922741390150654,
    0.24034937195891123,
    0.03455424054597248,
    0.038415402204283314,
    0.03558665849095589,
    0.0625432976239784,
    0.02745485643211775,
    0.2061004671542889,
    0.033309210505884715,
    0.045610855615068016,
    0.21283489565028424,
    0.2040642055899924,
    0.2539761338760929,
    0.17529321260062591,
    0.1968657557886353,
    0.20427427913190416,
    0.2467139416749501,
    0.19489193982065176,
    0.03802220892782779,
    0.03830017317790033,
    0.04269006056981716,
    0.07698117359908963,
    0.037803972349651556,
    0.02555117879630161,
    0.05692573630898964,
    7.999727756259445e-06,
    0.25608294500795553,
    0.20677321279623612,
    0.2677325928952774,
    0.1921411865240653,
    0.23969083060052762,
    0.24229137895748112,
    0.2247894929412508,
    0.2385320837136467,
    0.03733440381519684,
    0.03929408687355097,
    0.04102336191391836,
    0.03526976160957786,
    0.035875211090472425,
    0.03624882487617791,
    0.028934387161407456,
    0.050589742339711294,
    0.2919485731217118,
    0.20548990966346264,
    0.20324480009713036,
    0.2779765219228312,
    0.26654827559587996,
    0.17657193378995872,
    0.19541073678522322,
    0.2366354873030268,
    0.22563646209927035,
    0.03852788554879676,
    0.037473204632487093,
    0.0256004886435671,
    0.042253433879643115,
    0.03950666549600663,
    0.05460219198918998,
    0.00014569625287025383,
    0.2073749087441132,
    0.2506916609701919,
    0.20069762946809194,
    0.2630723455888143,
    0.22333448367631828,
    0.21653613411131412,
    0.19424064590155016,
    0.21976207218821997,
    0.20702171903873384,
    0.034916266952168484,
    0.04029859812166696,
    0.040461854828038844,
    0.036613291016462886,
    0.03635509450411172,
    0.030521520097741936,
    0.04209751205319914,
    0.15290794797213145,
    0.19466105823824686,
    0.20705825798407174,
    0.183791608059249,
    0.1741399403558258,
    0.2701257061409216,
    0.19755183152756953,
    0.21188396429816192,
    0.24093420301363103,
    0.03733876939777232,
    0.04054579578802893,
    0.03651100485196979,
    0.03563281075301215,
    0.03702499252369062,
    0.04358145162817681,
    0.03537996947891433,
    0.04206507784999026,
    0.21947136570410053,
    0.18362930301337801,
    0.2765748731402666,
    0.2113442426912224,
    0.2291873723445518,
    0.18344703604694454,
    0.21389512456361276,
    0.17622416470621563,
    0.034871338361483456,
    0.0382102713738478,
    0.042876562034910505,
    0.04650531980908682,
    0.03894067776903225,
    0.22456364939473844,
    0.037438524396833824,
    0.04968624901443799,
    0.23789800910641895,
    0.2151769310619824,
    0.20816097273078582,
    0.22757025481418522,
    0.19820885388075854,
    0.25303260987534015,
    0.21591510223303556,
    0.19672691202525708,
    0.04051988049622202,
    0.03649930026718872,
    0.03602948768093616,
    0.03475296463412717,
    0.03350598080221538,
    0.039363144495667635,
    0.14710701990753033,
    0.00010721175218342878,
    0.20908865208090507,
    0.1768320549865436,
    0.1994818255390373,
    0.2306161259366934,
    0.20171049740762934,
    0.19456888898778782,
    0.2505655359589025,
    0.23113678320904882,
    0.22549385406671826,
    0.03741082100628801,
    0.03588443714187828,
    0.0,
    0.03265231887869607,
    0.03668133983023507,
    0.03414531435825869,
    5.669900090567996e-05,
    0.22206461141270664,
    0.274351356904629,
    0.20622622742525973,
    0.21165223586708676,
    0.18583864949135429,
    0.17988546559143076,
    0.203334504529777,
    0.16535660549635842,
    0.23215749728177193,
    0.03977213645872848,
    0.03550240258923162,
    0.041011783660743095,
    0.023152326314949682,
    0.03941747469383706,
    0.03857968635288312,
    0.09590306601328276,
    0.0655852431395031,
    0.21896078201993968,
    0.2180721265398851,
    0.24493101311764012,
    0.204063215193179,
    0.2364139670768762,
    0.2106495547557724,
    0.2250783862910269,
    0.1831788717882511,
    0.04090290482180966,
    0.03608994387528927,
    0.03647607312292907,
    0.04027772430221865,
    0.04077779839829881,
    0.032957047501644354,
    0.03254861840324427,
    0.046715942326519315,
    0.2077574125520246,
    0.2640794726431506,
    0.2019026107997801,
    0.1808868251632439,
    0.19189468629292322,
    0.20665302600549776,
    0.21768100247687744,
    0.21327262253003398,
    0.04003289685384027,
    0.04162127599530444,
    0.04150096226569206,
    0.04925945143682536,
    0.035340254364278505,
    0.04157502737966384,
    0.039212592004091294,
    5.6127730592939275e-05,
    0.264372861809376,
    0.19562244158827183,
    0.18041277205307588,
    0.24601632532297057,
    0.2310940516131666,
    0.18285021585653688,
    0.21554573005205316,
    0.17834458928986846,
    0.03858815994005833,
    0.037826249102842546,
    0.041276250675896686,
    0.07225265210346946,
    0.07964813829314647,
    0.034552244737490224,
    0.034257119685042255,
    0.052530601916400035,
    0.27158695319511655,
    0.18094887376608862,
    0.2134967281162411,
    0.24146647053867448,
    0.18183358764954619,
    0.2392884905421997,
    0.23262944238092392,
    0.1742934422849794,
    0.2156018448075884,
    0.03859503302609125,
    0.035551885598566806,
    0.16998439173571733,
    0.025931419140781488,
    0.03656826839354106,
    0.21595640103854447,
    0.04714128640032954,
    0.24700095122806068,
    0.19470017026318048,
    0.2608702044129445,
    0.2592657904950927,
    0.19463648933432817,
    0.18212513291683746,
    0.18916929490487008,
    0.2227861271266528,
    0.19475271277415274,
    0.040995491605102616,
    0.03651348035338401,
    0.0362960379319671,
    0.036448730903642486,
    0.17891053400591073,
    0.10468243525274802,
    0.1765382728955501,
    0.04351293533772941,
    0.23267798666087733,
    0.2147295951702465,
    0.1704777767165704,
    0.18912689957750714,
    0.17867681824555315,
    0.1776262834391893,
    0.17956735555805106,
    0.18531613180462145,
    0.03915833293247684,
    0.039080750905350806,
    0.04013274852235625,
    0.025307606489157027,
    0.03501963006340067,
    0.03409197752072765,
    0.12873298982556186,
    0.07453526782572617,
    0.2427418356880259,
    0.2042498970319867,
    0.23849553719228014,
    0.21477200662338286,
    0.17364957403045375,
    0.17028862438699027,
    0.2748947793492749,
    0.19363132150288975,
    0.04021213409849537,
    0.03698310389553629,
    0.04033915682608107,
    0.027871935968422114,
    0.04147335136674994,
    0.029798010417483426,
    0.03621715055964128,
    8.147254048754774e-05,
    0.18303094752043553,
    0.2211048067535907,
    0.22474874847367,
    0.2037004934221522,
    0.20323324464332035,
    0.18555410781287293,
    0.20356470668094306,
    0.2723410916741385,
    0.10697038699523405,
    0.036186891713592566,
    0.04104347277819482,
    0.025861500242556252,
    0.03792500723636217,
    0.036368865225651074,
    0.033129961153986066,
    0.015242968926482624,
    0.19502627306991765,
    0.19294007500366173,
    0.2580152497362018,
    0.22670826885520065,
    0.25203671232314245,
    0.18559741555610235,
    0.19135538941820268,
    0.2260332788046617,
    0.17354866088854726,
    0.037029003659688524,
    0.03902550542680991,
    0.03489826254909055,
    0.029342128375511606,
    0.02878943812379335,
    0.033114757574810236,
    0.016789259857146663,
    0.09670012805088879,
    0.22325381660310725,
    0.22537754584582556,
    0.23244907310215607,
    0.17044531050107894,
    0.27317738067145025,
    0.23947507973460136,
    0.20167010895325324,
    0.27280783936489533,
    0.04122528580853542,
    0.03667031496838665,
    0.04235614445287264,
    0.0336155267424894,
    0.0334255018990497,
    0.04306249374503297,
    0.2980970673225124,
    0.06420180635322416,
    0.2020962688038357,
    0.20812714953634912,
    0.2251952030258703,
    0.2725038191181393,
    0.24050335163780023,
    0.21972720723553218,
    0.16370006407777002,
    0.1691199577288357,
    0.04006530858911194,
    0.041771088900529246,
    0.03884819227444833,
    0.039106730579192554,
    0.06945118801311052,
    0.03571857063133303,
    0.020855737492133267,
    0.00025259567765645275,
    0.18739329256899143,
    0.21951652216698356,
    0.20517171515581178,
    0.22228222374471004,
    0.23106149269533957,
    0.2664813322419661,
    0.2449878445184158,
    0.17278289935119504,
    0.034847035371447385,
    0.04059879327824255,
    0.036689468172806265,
    0.022556493308592204,
    0.7143446971787593,
    0.03869036694179584,
    0.030217780531807396,
    0.00010992796684421918,
    0.2616142209237898,
    0.18633078282260393,
    0.21763514019037314,
    0.27914989734082957,
    0.2435417448874295,
    0.19534389603226973,
    0.204168367235862,
    0.16558180656491667,
    0.23617494119541452,
    0.04084354753568801,
    0.04204789756391134,
    0.0,
    0.0074755054133280865,
    0.04151097547024047,
    0.026070358257981093,
    0.08680606901839975,
    0.18718634348263857,
    0.22443017181565567,
    0.2581360155948104,
    0.2117989151329357,
    0.18048506013142446,
    0.2087698566619571,
    0.21322117535491564,
    0.1837010011579021,
    0.23803287179442395,
    0.03508161428980098,
    0.035330520788687265,
    0.04103028284691972,
    0.027611123139751767,
    0.03452141245695904,
    0.022028760654079917,
    0.02553134142448149,
    0.05047494531302823,
    0.23288517628843733,
    0.23299380835787642,
    0.22714863674807684,
    0.20229494355425867,
    0.23805302972873815,
    0.19888215932892994,
    0.2574090522602887,
    0.1939007425580992,
    0.038546789008227125,
    0.04057361576567747,
    0.04289320351065879,
    0.024292196409561637,
    0.037587424521714895,
    0.03701076746941634,
    0.03620907854000735,
    0.08837536091323939,
    0.24683009758742624,
    0.19887855518728725,
    0.21257906466276352,
    0.2407152021901877,
    0.18506371152532847,
    0.166778933367521,
    0.18557267938872563,
    0.20336257642617075,
    0.03906589263007333,
    0.04040844376244687,
    0.03618552956184118,
    0.02482773743949545,
    0.03918232304237307,
    0.040663818109168824,
    0.024104658096275065,
    0.00010432559898145137,
    0.24924376607920193,
    0.26901401500656535,
    0.20379370258623544,
    0.2587057044268326,
    0.2236275076226388,
    0.21400483151600047,
    0.22307233407191765,
    0.23704021730960723,
    0.03690624682134471,
    0.03627895415835589,
    0.037557508811964666,
    0.033563873362107595,
    0.0018976047688948853,
    0.03528485369003843,
    0.03321503525610141,
    7.172303136972026e-05,
    0.19034637226569454,
    0.21893054971195672,
    0.1918700649217435,
    0.26203020316456926,
    0.21276720946225364,
    0.20668701023364233,
    0.22693264082643452,
    0.17347072820301304,
    0.1959216075145159,
    0.03802319554596817,
    0.0361544725178667,
    0.04370799140465159,
    0.03749738596239844,
    0.0364990388145972,
    0.03552507776231551,
    0.7733030694648751,
    0.1828323398843283,
    0.24469851637068787,
    0.20836665827705927,
    0.20001262962867747,
    0.25110670299395527,
    0.26339888928473953,
    0.19728902628974496,
    0.23097720685806247,
    0.19749555708636382,
    0.04009718491750564,
    0.03978138763089117,
    0.04015533621200198,
    0.12433055609294216,
    0.08724760576061792,
    0.03630464591218587,
    0.024789244444512883,
    0.05627058333636797,
    0.21963403702767767,
    0.22855588929257933,
    0.24448281750569498,
    0.19675801655368366,
    0.25517467230036256,
    0.24397184263687433,
    0.18898160694465435,
    0.19782844073226052,
    0.03609266852970635,
    0.04091612626854268,
    0.04019098085144191,
    0.027567467417802086,
    0.03932646411713733,
    0.035732683683024014,
    0.029994708850396987,
    0.04965714689212576,
    0.20017541931042404,
    0.21558169333253882,
    0.22478329575604203,
    0.25944060413515874,
    0.24166697652668925,
    0.1744587816129608,
    0.24528892004228228,
    0.17864187412459026,
    0.03814997925946597,
    0.040762150283663784,
    0.03632345385763669,
    0.023393478518738228,
    0.023601450155350045,
    0.037736526340408486,
    0.019621534587352444,
    0.00020069679358955398,
    0.19317378089322915,
    0.2936926812750996,
    0.27126563375011914,
    0.16828158938651433,
    0.18438481129501175,
    0.25757590740524006,
    0.2180470310981451,
    0.24651359716842128,
    0.11064122951825836,
    0.03625356151485682,
    0.03619408343489349,
    0.09298631457792543,
    0.02479534340718151,
    0.040594760100942304,
    0.03369919062840164,
    3.5694129684024906e-05,
    0.23788661149112755,
    0.20800565433325666,
    0.17635030485156017,
    0.2231442873802467,
    0.20002196806083095,
    0.23348764260808424,
    0.1989065124590608,
    0.21827298881905982,
    0.20721992356382685,
    0.035698326595806566,
    0.03706276084698695,
    0.04276752815576767,
    0.04052997647817785,
    0.039958233950016527,
    0.027672662680109324,
    0.02902018586228601,
    0.06446602636901398,
    0.2206698294573989,
    0.20368751290694845,
    0.21455935443426802,
    0.20443192908003444,
    0.2458864419643494,
    0.17427618209521373,
    0.19251242580264913,
    0.22311696079530324,
    0.039882476940850106,
    0.03780123680412138,
    0.037290798103861905,
    0.004878600136443532,
    0.0647278459792086,
    0.18011502529177664,
    0.05164376838496355,
    0.046120651365625494,
    0.178101787813421,
    0.2752971314256373,
    0.17633082861507512,
    0.17715506110200382,
    0.24546833083270406,
    0.23930412310622934,
    0.19919695989757355,
    0.24681875505733317,
    0.0413080200667135,
    0.041375019101840146,
    0.03658602802537006,
    0.030655576260267155,
    0.03855760091144645,
    0.04924472713503527,
    0.05612613655786213,
    0.054564356582627635,
    0.3032991817210524,
    0.2659379784071615,
    0.19246397836804932,
    0.1963632132557792,
    0.2101154447983399,
    0.2663290804097522,
    0.26675820760900143,
    0.19358830711425642,
    0.03675217617494535,
    0.03723215029998207,
    0.04146216787877787,
    0.021996023943116966,
    0.0741003033992446,
    0.03285593955048658,
    0.034038660246131926,
    0.05098390686706228,
    0.26315298663263326,
    0.2700168450614985,
    0.2873191983439423,
    0.19380970915013687,
    0.2107118347787249,
    0.19320400037617985,
    0.17251744631514615,
    0.269556287672806,
    0.1900947836031338,
    0.03468781819833123,
    0.03794183235765472,
    0.0,
    0.03520096328417346,
    0.036376904031696106,
    0.03559251924755437,
    0.004597518302368362,
    0.2681185094247863,
    0.2126423982144522,
    0.22780249806291342,
    0.2442275687312765,
    0.2602678220984227,
    0.2540783484505746,
    0.21200504014212707,
    0.22389566232279257,
    0.20019688396013252,
    0.03918038842051669,
    0.03791650988677766,
    0.041843915362872054,
    0.023470571223362605,
    0.24764602926189275,
    0.02674888825737265,
    0.22915443555594572,
    0.05745216615880942,
    0.23155087258766882,
    0.2112680709771451,
    0.23339175103728632,
    0.23912076919674022,
    0.23787878307428642,
    0.22258144894374557,
    0.2616299229962509,
    0.1898506471474269,
    0.035877665411942115,
    0.03963052268100236,
    0.04043211698713254,
    0.0321003998341122,
    5.03328476273874e-05,
    0.03644066676844694,
    0.17317013036816514,
    0.05008916507082951,
    0.23615114823929326,
    0.20458121506161656,
    0.1820387062187511,
    0.2466035351359009,
    0.19523106700829723
  ],
  "profiler_note": "Captured Quadrants graphs are omitted by the kernel profiler; stage wall times include them.",
  "dofs": 2430,
  "tetrahedra": 480,
  "method_selected": "inverse",
  "surface_inverse_selected": true,
  "build_timings_including_JIT": {
    "topology_seconds": 0.11378816002979875,
    "operators_seconds": 0.49296442000195384,
    "factor_seconds": 13.698931545950472,
    "inverse_seconds": 0.17222840897738934,
    "surface_inverse_seconds": 0.11462583998218179
  },
  "stress_configurations": [
    {
      "mesh": "/mnt/home/zhaofeng/workspace/Genesis/.worktrees/rigid-stress-recovery/examples/rigid/assets/hollow_egg/level1/elastic.npz",
      "young": 10000000000.0,
      "poisson": 0.3,
      "density": 2000.0,
      "contact_radius": 0.006,
      "quadrature": 10,
      "tolerance": 1e-08,
      "absolute_tolerance": 1e-11,
      "max_iterations": 2000,
      "warm_start": true,
      "history_size": 0,
      "method": "auto",
      "cooperative_solve": true,
      "cooperative_pressure": true,
      "cooperative_scatter": true,
      "inverse_max_bytes": 67108864,
      "inverse_precision": "64",
      "surface_inverse": true,
      "packed_surface_loads": true,
      "cached_peak": true,
      "cached_face_bounds": true,
      "inverse_corrections": 2,
      "preconditioner": "block"
    }
  ],
  "native_buffers": [
    {
      "name": "stress.0.info.vertices",
      "shape": [
        810,
        3
      ],
      "dtype": "torch.float64",
      "bytes": 19440,
      "kind": 1
    },
    {
      "name": "stress.0.info.elements",
      "shape": [
        480,
        10
      ],
      "dtype": "torch.int32",
      "bytes": 19200,
      "kind": 1
    },
    {
      "name": "stress.0.info.surface_nodes",
      "shape": [
        80,
        6
      ],
      "dtype": "torch.int32",
      "bytes": 1920,
      "kind": 1
    },
    {
      "name": "stress.0.info.edges",
      "shape": [
        6,
        2
      ],
      "dtype": "torch.int32",
      "bytes": 48,
      "kind": 1
    },
    {
      "name": "stress.0.info.gradients",
      "shape": [
        480,
        4,
        3
      ],
      "dtype": "torch.float64",
      "bytes": 46080,
      "kind": 1
    },
    {
      "name": "stress.0.info.corner_gradients",
      "shape": [
        480,
        4,
        7,
        3
      ],
      "dtype": "torch.float64",
      "bytes": 322560,
      "kind": 1
    },
    {
      "name": "stress.0.info.corner_nodes",
      "shape": [
        480,
        4,
        7
      ],
      "dtype": "torch.int32",
      "bytes": 53760,
      "kind": 1
    },
    {
      "name": "stress.0.info.volumes",
      "shape": [
        480
      ],
      "dtype": "torch.float64",
      "bytes": 3840,
      "kind": 1
    },
    {
      "name": "stress.0.info.row_start",
      "shape": [
        811
      ],
      "dtype": "torch.int32",
      "bytes": 3244,
      "kind": 1
    },
    {
      "name": "stress.0.info.columns",
      "shape": [
        20274
      ],
      "dtype": "torch.int32",
      "bytes": 81096,
      "kind": 1
    },
    {
      "name": "stress.0.info.element_entries",
      "shape": [
        480,
        10,
        10
      ],
      "dtype": "torch.int32",
      "bytes": 192000,
      "kind": 1
    },
    {
      "name": "stress.0.info.stiffness",
      "shape": [
        20274,
        3,
        3
      ],
      "dtype": "torch.float64",
      "bytes": 1459728,
      "kind": 1
    },
    {
      "name": "stress.0.info.mass",
      "shape": [
        20274
      ],
      "dtype": "torch.float64",
      "bytes": 162192,
      "kind": 1
    },
    {
      "name": "stress.0.info.modes",
      "shape": [
        810,
        3,
        6
      ],
      "dtype": "torch.float64",
      "bytes": 116640,
      "kind": 1
    },
    {
      "name": "stress.0.info.mass_modes",
      "shape": [
        810,
        3,
        6
      ],
      "dtype": "torch.float64",
      "bytes": 116640,
      "kind": 1
    },
    {
      "name": "stress.0.info.centrifugal",
      "shape": [
        810,
        3,
        6
      ],
      "dtype": "torch.float64",
      "bytes": 116640,
      "kind": 1
    },
    {
      "name": "stress.0.info.gram",
      "shape": [
        6,
        6
      ],
      "dtype": "torch.float64",
      "bytes": 288,
      "kind": 1
    },
    {
      "name": "stress.0.info.gram_inverse",
      "shape": [
        6,
        6
      ],
      "dtype": "torch.float64",
      "bytes": 288,
      "kind": 1
    },
    {
      "name": "stress.0.info.pins",
      "shape": [
        6
      ],
      "dtype": "torch.int32",
      "bytes": 24,
      "kind": 1
    },
    {
      "name": "stress.0.info.is_free",
      "shape": [
        810,
        3
      ],
      "dtype": "torch.int32",
      "bytes": 9720,
      "kind": 1
    },
    {
      "name": "stress.0.info.diagonal_inverse",
      "shape": [
        810,
        3,
        3
      ],
      "dtype": "torch.float64",
      "bytes": 58320,
      "kind": 1
    },
    {
      "name": "stress.0.info.scalar_diagonal_inverse",
      "shape": [
        810,
        3
      ],
      "dtype": "torch.float64",
      "bytes": 19440,
      "kind": 1
    },
    {
      "name": "stress.0.info.mass_properties",
      "shape": [
        4
      ],
      "dtype": "torch.float64",
      "bytes": 32,
      "kind": 1
    },
    {
      "name": "stress.0.factor.order",
      "shape": [
        810
      ],
      "dtype": "torch.int32",
      "bytes": 3240,
      "kind": 1
    },
    {
      "name": "stress.0.factor.row_start",
      "shape": [
        811
      ],
      "dtype": "torch.int32",
      "bytes": 3244,
      "kind": 1
    },
    {
      "name": "stress.0.factor.columns",
      "shape": [
        66669
      ],
      "dtype": "torch.int32",
      "bytes": 266676,
      "kind": 1
    },
    {
      "name": "stress.0.factor.sources",
      "shape": [
        66669
      ],
      "dtype": "torch.int32",
      "bytes": 266676,
      "kind": 1
    },
    {
      "name": "stress.0.factor.column_start",
      "shape": [
        811
      ],
      "dtype": "torch.int32",
      "bytes": 3244,
      "kind": 1
    },
    {
      "name": "stress.0.factor.rows",
      "shape": [
        66669
      ],
      "dtype": "torch.int32",
      "bytes": 266676,
      "kind": 1
    },
    {
      "name": "stress.0.factor.transpose_entries",
      "shape": [
        66669
      ],
      "dtype": "torch.int32",
      "bytes": 266676,
      "kind": 1
    },
    {
      "name": "stress.0.factor.lower",
      "shape": [
        66669,
        3,
        3
      ],
      "dtype": "torch.float64",
      "bytes": 4800168,
      "kind": 1
    },
    {
      "name": "stress.0.factor.diagonal",
      "shape": [
        810,
        3,
        3
      ],
      "dtype": "torch.float64",
      "bytes": 58320,
      "kind": 1
    },
    {
      "name": "stress.0.factor.diagonal_inverse",
      "shape": [
        810,
        3,
        3
      ],
      "dtype": "torch.float64",
      "bytes": 58320,
      "kind": 1
    },
    {
      "name": "stress.0.factor.valid",
      "shape": [],
      "dtype": "torch.bool",
      "bytes": 1,
      "kind": 1
    },
    {
      "name": "stress.0.inverse.blocks",
      "shape": [
        810,
        810,
        3,
        3
      ],
      "dtype": "torch.float64",
      "bytes": 47239200,
      "kind": 1
    },
    {
      "name": "stress.0.surface_inverse.nodes",
      "shape": [
        162
      ],
      "dtype": "torch.int32",
      "bytes": 648,
      "kind": 1
    },
    {
      "name": "stress.0.surface_inverse.force_blocks",
      "shape": [
        810,
        162,
        3,
        3
      ],
      "dtype": "torch.float64",
      "bytes": 9447840,
      "kind": 1
    },
    {
      "name": "stress.0.surface_inverse.centrifugal",
      "shape": [
        810,
        3,
        6
      ],
      "dtype": "torch.float64",
      "bytes": 116640,
      "kind": 1
    },
    {
      "name": "stress.0.surface.gauss",
      "shape": [
        10
      ],
      "dtype": "torch.float64",
      "bytes": 80,
      "kind": 1
    },
    {
      "name": "stress.0.surface.gauss_weights",
      "shape": [
        10
      ],
      "dtype": "torch.float64",
      "bytes": 80,
      "kind": 1
    },
    {
      "name": "stress.0.surface.positions",
      "shape": [
        8000,
        3
      ],
      "dtype": "torch.float64",
      "bytes": 192000,
      "kind": 1
    },
    {
      "name": "stress.0.surface.weights",
      "shape": [
        8000
      ],
      "dtype": "torch.float64",
      "bytes": 64000,
      "kind": 1
    },
    {
      "name": "stress.0.surface.shape",
      "shape": [
        100,
        6
      ],
      "dtype": "torch.float64",
      "bytes": 4800,
      "kind": 1
    },
    {
      "name": "stress.0.surface.face_origin",
      "shape": [
        80,
        3
      ],
      "dtype": "torch.float64",
      "bytes": 1920,
      "kind": 1
    },
    {
      "name": "stress.0.surface.face_edges",
      "shape": [
        80,
        2,
        3
      ],
      "dtype": "torch.float64",
      "bytes": 3840,
      "kind": 1
    },
    {
      "name": "stress.0.surface.face_dual",
      "shape": [
        80,
        2,
        3
      ],
      "dtype": "torch.float64",
      "bytes": 3840,
      "kind": 1
    },
    {
      "name": "stress.0.surface.face_normal",
      "shape": [
        80,
        3
      ],
      "dtype": "torch.float64",
      "bytes": 1920,
      "kind": 1
    },
    {
      "name": "stress.0.surface.face_bounds_low",
      "shape": [
        80,
        3
      ],
      "dtype": "torch.float64",
      "bytes": 1920,
      "kind": 1
    },
    {
      "name": "stress.0.surface.face_bounds_high",
      "shape": [
        80,
        3
      ],
      "dtype": "torch.float64",
      "bytes": 1920,
      "kind": 1
    },
    {
      "name": "stress.0.surface.grid.bounds",
      "shape": [
        2,
        3
      ],
      "dtype": "torch.float64",
      "bytes": 48,
      "kind": 1
    },
    {
      "name": "stress.0.surface.grid.cell_size",
      "shape": [],
      "dtype": "torch.float64",
      "bytes": 8,
      "kind": 1
    },
    {
      "name": "stress.0.surface.grid.starts",
      "shape": [
        4097
      ],
      "dtype": "torch.int32",
      "bytes": 16388,
      "kind": 1
    },
    {
      "name": "stress.0.surface.grid.samples",
      "shape": [
        8000
      ],
      "dtype": "torch.int32",
      "bytes": 32000,
      "kind": 1
    },
    {
      "name": "stress.0.state.force",
      "shape": [
        810,
        1024,
        3
      ],
      "dtype": "torch.float64",
      "bytes": 19906560,
      "kind": 6
    },
    {
      "name": "stress.0.state.rhs",
      "shape": [
        810,
        1024,
        3
      ],
      "dtype": "torch.float64",
      "bytes": 19906560,
      "kind": 6
    },
    {
      "name": "stress.0.state.displacement",
      "shape": [
        810,
        1024,
        3
      ],
      "dtype": "torch.float64",
      "bytes": 19906560,
      "kind": 4
    },
    {
      "name": "stress.0.state.residual",
      "shape": [
        810,
        1024,
        3
      ],
      "dtype": "torch.float64",
      "bytes": 19906560,
      "kind": 6
    },
    {
      "name": "stress.0.state.boundary_columns",
      "shape": [
        162,
        1024
      ],
      "dtype": "torch.int32",
      "bytes": 663552,
      "kind": 6
    },
    {
      "name": "stress.0.state.boundary_count",
      "shape": [
        1024
      ],
      "dtype": "torch.int32",
      "bytes": 4096,
      "kind": 6
    },
    {
      "name": "stress.0.state.wrench",
      "shape": [
        1024,
        6
      ],
      "dtype": "torch.float64",
      "bytes": 49152,
      "kind": 6
    },
    {
      "name": "stress.0.state.rhs_norm_squared",
      "shape": [
        1024
      ],
      "dtype": "torch.float64",
      "bytes": 8192,
      "kind": 6
    },
    {
      "name": "stress.0.state.residual_norm_squared",
      "shape": [
        1024
      ],
      "dtype": "torch.float64",
      "bytes": 8192,
      "kind": 6
    },
    {
      "name": "stress.0.state.residual_preconditioned",
      "shape": [
        1024
      ],
      "dtype": "torch.float64",
      "bytes": 8192,
      "kind": 6
    },
    {
      "name": "stress.0.state.next_residual_preconditioned",
      "shape": [
        1024
      ],
      "dtype": "torch.float64",
      "bytes": 8192,
      "kind": 6
    },
    {
      "name": "stress.0.state.direction_product",
      "shape": [
        1024
      ],
      "dtype": "torch.float64",
      "bytes": 8192,
      "kind": 6
    },
    {
      "name": "stress.0.state.active",
      "shape": [
        1024
      ],
      "dtype": "torch.int32",
      "bytes": 4096,
      "kind": 6
    },
    {
      "name": "stress.0.state.iterations",
      "shape": [
        1024
      ],
      "dtype": "torch.int32",
      "bytes": 4096,
      "kind": 6
    },
    {
      "name": "stress.0.state.peak",
      "shape": [
        1024
      ],
      "dtype": "torch.float64",
      "bytes": 8192,
      "kind": 6
    },
    {
      "name": "stress.0.state.step_peak",
      "shape": [
        1024
      ],
      "dtype": "torch.float64",
      "bytes": 8192,
      "kind": 5
    },
    {
      "name": "stress.0.state.step_valid",
      "shape": [
        1024
      ],
      "dtype": "torch.bool",
      "bytes": 1024,
      "kind": 5
    },
    {
      "name": "stress.0.state.valid",
      "shape": [
        1024
      ],
      "dtype": "torch.bool",
      "bytes": 1024,
      "kind": 6
    },
    {
      "name": "stress.0.state.corrections",
      "shape": [
        1024
      ],
      "dtype": "torch.int32",
      "bytes": 4096,
      "kind": 6
    },
    {
      "name": "stress.0.state.fallbacks",
      "shape": [
        1024
      ],
      "dtype": "torch.int32",
      "bytes": 4096,
      "kind": 6
    },
    {
      "name": "stress.0.contacts.position",
      "shape": [
        750,
        1024,
        3
      ],
      "dtype": "torch.float64",
      "bytes": 18432000,
      "kind": 6
    },
    {
      "name": "stress.0.contacts.center",
      "shape": [
        750,
        1024,
        3
      ],
      "dtype": "torch.float64",
      "bytes": 18432000,
      "kind": 6
    },
    {
      "name": "stress.0.contacts.anchor_face",
      "shape": [
        750,
        1024
      ],
      "dtype": "torch.int32",
      "bytes": 3072000,
      "kind": 6
    },
    {
      "name": "stress.0.contacts.is_refined",
      "shape": [
        750,
        1024
      ],
      "dtype": "torch.bool",
      "bytes": 768000,
      "kind": 6
    },
    {
      "name": "stress.0.contacts.force",
      "shape": [
        750,
        1024,
        3
      ],
      "dtype": "torch.float64",
      "bytes": 18432000,
      "kind": 6
    },
    {
      "name": "stress.0.contacts.normal",
      "shape": [
        750,
        1024,
        3
      ],
      "dtype": "torch.float64",
      "bytes": 18432000,
      "kind": 6
    },
    {
      "name": "stress.0.contacts.friction",
      "shape": [
        750,
        1024
      ],
      "dtype": "torch.float64",
      "bytes": 6144000,
      "kind": 6
    },
    {
      "name": "stress.0.contacts.radius",
      "shape": [
        750,
        1024
      ],
      "dtype": "torch.float64",
      "bytes": 6144000,
      "kind": 2
    },
    {
      "name": "stress.0.contacts.valid",
      "shape": [
        750,
        1024
      ],
      "dtype": "torch.bool",
      "bytes": 768000,
      "kind": 6
    },
    {
      "name": "stress.0.contacts.coefficient",
      "shape": [
        750,
        1024,
        3
      ],
      "dtype": "torch.float64",
      "bytes": 18432000,
      "kind": 6
    },
    {
      "name": "stress.0.contacts.weight_sum",
      "shape": [
        750,
        1024
      ],
      "dtype": "torch.float64",
      "bytes": 6144000,
      "kind": 6
    },
    {
      "name": "stress.0.contacts.status",
      "shape": [
        750,
        1024
      ],
      "dtype": "torch.int32",
      "bytes": 3072000,
      "kind": 6
    },
    {
      "name": "stress.0.contacts.force_error",
      "shape": [
        750,
        1024
      ],
      "dtype": "torch.float64",
      "bytes": 6144000,
      "kind": 6
    },
    {
      "name": "stress.0.contacts.moment_error",
      "shape": [
        750,
        1024
      ],
      "dtype": "torch.float64",
      "bytes": 6144000,
      "kind": 6
    },
    {
      "name": "stress.0.contacts.candidate_count",
      "shape": [
        750,
        1024
      ],
      "dtype": "torch.int32",
      "bytes": 3072000,
      "kind": 6
    },
    {
      "name": "stress.0.contacts.evaluations",
      "shape": [
        750,
        1024
      ],
      "dtype": "torch.int32",
      "bytes": 3072000,
      "kind": 6
    },
    {
      "name": "stress.0.contacts.active_pairs",
      "shape": [
        768000,
        2
      ],
      "dtype": "torch.int32",
      "bytes": 6144000,
      "kind": 6
    },
    {
      "name": "stress.0.contacts.active_count",
      "shape": [],
      "dtype": "torch.int32",
      "bytes": 4,
      "kind": 6
    },
    {
      "name": "stress.0.contacts.frame_position",
      "shape": [
        1024,
        3
      ],
      "dtype": "torch.float64",
      "bytes": 24576,
      "kind": 6
    },
    {
      "name": "stress.0.contacts.frame_quaternion",
      "shape": [
        1024,
        4
      ],
      "dtype": "torch.float64",
      "bytes": 32768,
      "kind": 6
    },
    {
      "name": "stress.0.omega",
      "shape": [
        1024,
        3
      ],
      "dtype": "torch.float64",
      "bytes": 24576,
      "kind": 6
    }
  ],
  "native_buffer_bytes": 289274213,
  "native_allocation_count": 94,
  "torch_peak_allocated_bytes": 2527744,
  "device_free_bytes": 98249015296
}
