v 0.66789031 0.04360338 0.88656167
v 0.66783479 0.04354906 0.88717709
v 0.66375558 0.04565032 0.88183901
v 0.66427833 0.04534816 0.88182666
v 0.66286743 0.03135775 0.87918787
v 0.66312260 0.03120831 0.87867929
v 0.65223693 0.03036221 0.86306557
v 0.65202785 0.04645521 0.86404584
v 0.65378140 0.05362513 0.86785108
v 0.65011621 0.04804830 0.86628001
v 0.65044516 0.04791103 0.86752158
v 0.65126791 0.04600889 0.87013370
v 0.66412966 0.04194230 0.88619624
v 0.66270152 0.04305316 0.88339297
v 0.66601354 0.04293000 0.88798812
v 0.66566753 0.04318365 0.88836558
v 0.66214858 0.04518997 0.88339352
v 0.66343435 0.04663848 0.88490754
v 0.66068557 0.05119409 0.88135861
v 0.65056988 0.03044093 0.86484838
v 0.65213042 0.05450720 0.86983783
v 0.64952730 0.04866488 0.86962138
v 0.64920852 0.04693539 0.87113118
v 0.64961692 0.04647272 0.87098735
v 0.64665642 0.04348885 0.86748319
v 0.66451172 0.05997118 0.88788038
v 0.65280007 0.04882068 0.86583768
v 0.64586429 0.05561355 0.86129800
v 0.65247950 0.05282415 0.86942384
v 0.64705537 0.05540278 0.86015247
v 0.66133183 0.04757767 0.88116302
v 0.65224115 0.06367367 0.86665537
v 0.64897402 0.06087679 0.86198768
v 0.64746543 0.06085627 0.86315748
v 0.65347026 0.05257819 0.86764150
v 0.65817130 0.06457103 0.87550178
v 0.65010509 0.04853692 0.86596767
v 0.65196199 0.05261634 0.86898156
v 0.66210629 0.03542315 0.88141467
v 0.64862418 0.04847315 0.86774602
v 0.66370228 0.03547905 0.88040266
v 0.66599757 0.06013848 0.88672843
v 0.66378024 0.04503775 0.88178464
v 0.66229391 0.04492284 0.88289340
v 0.65115401 0.04822411 0.86878239
v 0.65961714 0.03194425 0.87369831
v 0.66871331 0.04630393 0.88872130
v 0.65136581 0.04657741 0.86999600
v 0.64973726 0.04841597 0.87012553
v 0.65092534 0.04529249 0.86975637
v 0.64913413 0.04590740 0.87069001
v 0.65291723 0.03093098 0.86736783
v 0.65057935 0.04491474 0.86929408
v 0.65440405 0.03068398 0.86637358
v 0.65095095 0.03006213 0.86464933
v 0.65021061 0.04459671 0.86885423
v 0.65160834 0.03578275 0.86289013
v 0.66227412 0.04553387 0.88290369
v 0.66278187 0.04631311 0.88380087
v 0.64831906 0.04290662 0.86656151
v 0.65111311 0.04223596 0.86311690
v 0.64963051 0.04211153 0.86427998
v 0.64588622 0.04382894 0.86586821
v 0.64530642 0.04544935 0.86374788
v 0.64999626 0.04617267 0.86507430
v 0.66548964 0.04718685 0.88379871
v 0.66258780 0.04901282 0.88349247
v 0.66597916 0.04188396 0.88437481
v 0.66484782 0.04306197 0.88211180
v 0.66656784 0.04204719 0.88434190
v 0.66896500 0.05205786 0.88975507
v 0.66880739 0.04651093 0.88822621
v 0.66822235 0.05598720 0.88904967
v 0.66428532 0.04316968 0.88221978
v 0.66440339 0.04644093 0.88264703
v 0.66501126 0.04626978 0.88279205
v 0.66525118 0.04669806 0.88366991
v 0.66617941 0.04644624 0.88446839
v 0.66466500 0.04937615 0.88240448
v 0.66417030 0.04913220 0.88239239
v 0.66273028 0.05141923 0.87998332
v 0.66267074 0.05269761 0.87973140
v 0.66290546 0.04771497 0.88010092
v 0.66349203 0.04628650 0.88080851
v 0.66309935 0.04760575 0.87954533
v 0.66400331 0.04253342 0.88134079
v 0.65983946 0.03242130 0.87360576
v 0.65827515 0.03236957 0.87186325
v 0.65856294 0.03284277 0.87175204
v 0.65242725 0.03012503 0.86355002
v 0.65462623 0.03116424 0.86612856
v 0.65213848 0.03587907 0.86300386
v 0.65145503 0.04630727 0.86396199
v 0.65411015 0.05297873 0.86803907
v 0.65437752 0.05460035 0.86806704
v 0.64989299 0.04793324 0.86529824
v 0.65021281 0.04787105 0.86683504
v 0.65047110 0.04727700 0.86714632
v 0.65131095 0.04799893 0.86930586
v 0.65146937 0.04613099 0.86961610
v 0.65159099 0.04785538 0.86881495
v 0.64887741 0.04311585 0.86656877
v 0.64745438 0.04320571 0.86497690
v 0.64790385 0.04349331 0.86486768
v 0.64681147 0.04491243 0.86282531
v 0.64644555 0.04936713 0.86012460
v 0.64732253 0.04511781 0.86269749
v 0.64759989 0.05540229 0.86020393
v 0.65851165 0.06420231 0.87531199
v 0.66253682 0.06356876 0.88216601
v 0.66281932 0.06327477 0.88172183
v 0.66826204 0.05594144 0.88845578
v 0.66623022 0.05980606 0.88628633
v 0.66429146 0.04180127 0.88562725
v 0.66469670 0.04182702 0.88610247
v 0.66631127 0.04333933 0.88836252
v 0.66690164 0.05194618 0.89064173
v 0.66670469 0.04637652 0.88967174
v 0.66723619 0.04614559 0.88983048
v 0.66244345 0.04290306 0.88389359
v 0.66272557 0.04615680 0.88439336
v 0.66404982 0.04634034 0.88597692
v 0.66043916 0.05247796 0.88123540
v 0.66142533 0.04603749 0.88176096
v 0.66246217 0.04247234 0.88224878
v 0.66195058 0.04619012 0.88184553
v 0.66190475 0.04233574 0.88212036
v 0.66156694 0.03553159 0.88134023
v 0.65793825 0.03260792 0.87490660
v 0.65823568 0.03223970 0.87461322
v 0.65656064 0.03295054 0.87318397
v 0.65690112 0.03258457 0.87288518
v 0.64999618 0.03565639 0.86453791
v 0.65071665 0.03044213 0.86429287
v 0.64959523 0.04200994 0.86483204
v 0.65008629 0.03567155 0.86399534
v 0.65001918 0.04630415 0.86566193
v 0.65123791 0.04864180 0.86702412
v 0.65107798 0.04826993 0.86745813
v 0.65230832 0.05291026 0.87004119
v 0.65139491 0.05276334 0.86904063
v 0.64862532 0.04909930 0.86695603
v 0.64830148 0.04811971 0.86825045
v 0.64845466 0.04867311 0.86721684
v 0.64888627 0.04840536 0.86837405
v 0.64974856 0.04708262 0.87097173
v 0.64882488 0.04548229 0.87023079
v 0.64861010 0.04513219 0.86973821
v 0.64660643 0.04399244 0.86782502
v 0.64573225 0.04428662 0.86612025
v 0.64511803 0.04590977 0.86410664
v 0.64491820 0.04975674 0.86163026
v 0.64493259 0.04963466 0.86104104
v 0.64573778 0.05559844 0.86191188
v 0.65079287 0.06366324 0.86776892
v 0.66079952 0.06350255 0.88322270
v 0.65661415 0.06443486 0.87652601
v 0.66411011 0.05952231 0.88773009
v 0.65022611 0.04675897 0.86532768
v 0.65165523 0.04689178 0.86420263
v 0.66380079 0.04704569 0.88502222
v 0.66288637 0.05161013 0.88047444
v 0.66115297 0.05144328 0.88159551
v 0.65220084 0.05360017 0.86917154
v 0.65409156 0.05352686 0.86826398
v 0.65250811 0.05338235 0.86955233
v 0.66632369 0.04193265 0.88485439
v 0.66454651 0.04274670 0.88253454
v 0.66297037 0.04261210 0.88371969
v 0.66098083 0.03104870 0.87979084
v 0.66256186 0.03104519 0.87875526
v 0.66129549 0.03140359 0.88014791
v 0.66758501 0.04314371 0.88672362
v 0.64864411 0.04307795 0.86712718
v 0.64708667 0.04367174 0.86800434
v 0.66321497 0.04648079 0.88430527
v 0.66482883 0.04667029 0.88316310
v 0.66669264 0.05580711 0.89011645
v 0.66745904 0.05201545 0.89086541
v 0.66612978 0.05568044 0.88994738
v 0.66051911 0.06293288 0.88315813
v 0.65634103 0.06402611 0.87674010
v 0.65055216 0.06313214 0.86799817
v 0.64741208 0.06050516 0.86366172
v 0.64828833 0.04559337 0.86981955
v 0.64864220 0.04606290 0.87043054
v 0.64917868 0.04851048 0.87007458
v 0.64776281 0.04879291 0.86659133
v 0.65246860 0.03116787 0.86765174
v 0.66072794 0.03129753 0.88024530
v 0.66075107 0.04739087 0.88113235
v 0.66241973 0.04923905 0.88397357
v 0.66359674 0.04618309 0.88027552
v 0.66411551 0.04244199 0.88079587
v 0.66381911 0.03560591 0.87987186
v 0.65270149 0.03057498 0.86332433
v 0.65166867 0.04218300 0.86321049
v 0.65331510 0.04847991 0.86582726
v 0.65467204 0.05312562 0.86825474
v 0.65358304 0.05268484 0.86705820
v 0.65109582 0.04518374 0.86917335
v 0.65060641 0.04490372 0.86857784
v 0.64698329 0.04924928 0.86024792
v 0.64944509 0.06049845 0.86206335
v 0.65267345 0.06332430 0.86652717
v 0.66909992 0.05208093 0.88919202
v 0.64632469 0.04399132 0.86732583
v 0.65009679 0.04747772 0.86637042
v 0.64857363 0.04319651 0.86609900
v 0.64788997 0.04308675 0.86580212
v 0.64836506 0.04337748 0.86553606
v 0.64630300 0.04366514 0.86668251
v 0.64596902 0.04415895 0.86687801
v 0.64805730 0.04839719 0.86752838
v 0.64692182 0.04423363 0.86823790
v 0.64913378 0.04342167 0.86697155
v 0.64943733 0.04375688 0.86812118
v 0.64903111 0.04344660 0.86758934
v 0.64972660 0.04403535 0.86765812
v 0.64787892 0.04439106 0.86900766
v 0.64743861 0.04404268 0.86849694
v 0.64750079 0.04479468 0.86889301
v 0.64928134 0.04729135 0.87060796
v 0.64976307 0.04771708 0.87054703
v 0.64926368 0.04787317 0.87035349
v 0.64863050 0.04827026 0.86887086
v 0.64920104 0.04856116 0.86898785
v 0.64886419 0.04825688 0.86939624
v 0.64832736 0.04952511 0.86699376
v 0.65318312 0.05216443 0.86730569
v 0.65048635 0.05074383 0.86796562
v 0.64956990 0.04992065 0.86752049
v 0.65198633 0.05037862 0.86660396
v 0.65212040 0.05061957 0.86610607
v 0.65286950 0.05159332 0.86648513
v 0.65319513 0.05213165 0.86675139
v 0.65163541 0.05363933 0.86926488
v 0.65387843 0.05364784 0.86729202
v 0.65277764 0.05150766 0.86707789
v 0.65042248 0.04871272 0.86548710
v 0.65109214 0.04932902 0.86627738
v 0.65126904 0.04956699 0.86581966
v 0.65005401 0.05109787 0.86802688
v 0.64914327 0.05029694 0.86749080
v 0.65219792 0.05241369 0.86983195
v 0.65127215 0.04878650 0.86764079
v 0.65182066 0.05084270 0.86818028
v 0.65215547 0.05182402 0.86881124
v 0.65228847 0.05228972 0.86921057
v 0.65158864 0.04982476 0.86758303
v 0.65138036 0.04921307 0.86729545
v 0.65462114 0.05264363 0.86797964
v 0.65337190 0.04900192 0.86600427
v 0.65401111 0.05087326 0.86698114
v 0.65170313 0.05059209 0.86865824
v 0.65202895 0.05163629 0.86936601
v 0.65140525 0.04951210 0.86802014
v 0.65347165 0.05103122 0.86697332
v 0.65315220 0.05000792 0.86641733
v 0.65297739 0.04942243 0.86608223
v 0.65364508 0.04971190 0.86637849
v 0.65376630 0.05195445 0.86753752
v 0.65403043 0.05244190 0.86785662
v 0.65435029 0.05183355 0.86757870
v 0.66275308 0.05125973 0.87944972
v 0.66294829 0.04814991 0.87965051
v 0.66276600 0.04961242 0.88019285
v 0.66284299 0.04865259 0.88019655
v 0.66303400 0.04959818 0.87965339
v 0.66287772 0.04885140 0.87967797
v 0.66015596 0.05099507 0.88126585
v 0.66082465 0.04795028 0.88107891
v 0.66112595 0.04938948 0.88121748
v 0.66127669 0.04848155 0.88122772
v 0.66053319 0.04930881 0.88118231
v 0.66074202 0.04862218 0.88110484
v 0.65026025 0.04673815 0.86593360
v 0.65225192 0.04688392 0.86435794
v 0.65221858 0.04790968 0.86502898
v 0.65201796 0.04743048 0.86447753
v 0.65269151 0.04759556 0.86495006
v 0.65085185 0.04778964 0.86605423
v 0.65043911 0.04725648 0.86568726
v 0.65069206 0.04743566 0.86644500
v 0.65191765 0.04590297 0.86394152
v 0.65128962 0.04422558 0.86354179
v 0.65136408 0.04527180 0.86375715
v 0.64990315 0.04577262 0.86552090
v 0.64977178 0.04408813 0.86471718
v 0.64988818 0.04513486 0.86493258
v 0.65183208 0.04420354 0.86361882
v 0.65193827 0.04517365 0.86382307
v 0.64971726 0.04404562 0.86524760
v 0.64976627 0.04501855 0.86547772
v 0.65623081 0.03267453 0.87272815
v 0.65816869 0.03266739 0.87132289
v 0.65620546 0.03152192 0.86916377
v 0.65717862 0.03193172 0.87054110
v 0.65772634 0.03213248 0.87122183
v 0.65437968 0.03181998 0.87048219
v 0.65467396 0.03145565 0.87024404
v 0.65577892 0.03193880 0.87165852
v 0.65631444 0.03215829 0.87233822
v 0.65531879 0.03226826 0.87178786
v 0.65577560 0.03239492 0.87226673
v 0.65653598 0.03189814 0.86891028
v 0.65743796 0.03228873 0.87016955
v 0.65776730 0.03246816 0.87079277
v 0.66050575 0.03152378 0.87965039
v 0.66273792 0.03146938 0.87827272
v 0.66117721 0.03155669 0.87624026
v 0.66183870 0.03130177 0.87748275
v 0.66225788 0.03118496 0.87813149
v 0.65926305 0.03193196 0.87752696
v 0.65952851 0.03156221 0.87725780
v 0.66026780 0.03119937 0.87848531
v 0.66063301 0.03117091 0.87917570
v 0.66000682 0.03160491 0.87876786
v 0.66150851 0.03196061 0.87613729
v 0.66227760 0.03165064 0.87737570
v 0.66309602 0.03180887 0.87878497
v 0.66337455 0.03350117 0.87980403
v 0.66313082 0.03251558 0.87954377
v 0.66298262 0.03194219 0.87933039
v 0.66087986 0.03187305 0.88022048
v 0.66171573 0.03348193 0.88083644
v 0.66158913 0.03249881 0.88056757
v 0.66144856 0.03194450 0.88033301
v 0.66119693 0.03350007 0.88072226
v 0.66103525 0.03246623 0.88040672
v 0.66346328 0.03353334 0.87928280
v 0.66325759 0.03246141 0.87898657
v 0.66103395 0.05154939 0.88210271
v 0.66189302 0.05023267 0.88262598
v 0.66168145 0.05046724 0.88308387
v 0.66347435 0.04742958 0.88533559
v 0.66308715 0.04620079 0.88493294
v 0.66472148 0.04598168 0.88238844
v 0.66540930 0.04631006 0.88329476
v 0.66414390 0.04601969 0.88224269
v 0.66466359 0.04367254 0.88226601
v 0.66607373 0.04245627 0.88412426
v 0.66506560 0.04303849 0.88279417
v 0.66513734 0.04228311 0.88356675
v 0.66558203 0.04218272 0.88402520
v 0.66480411 0.04263510 0.88309336
v 0.66393021 0.04239025 0.88561887
v 0.66303535 0.04291297 0.88426688
v 0.66259869 0.04353122 0.88380056
v 0.66404421 0.04410313 0.88205436
v 0.66253648 0.04399626 0.88317847
v 0.66249881 0.04582269 0.88398428
v 0.66251782 0.04589341 0.88339853
v 0.66244980 0.04424129 0.88366067
v 0.66450641 0.04438596 0.88210897
v 0.66368477 0.04213809 0.88460767
v 0.66337233 0.04247391 0.88417250
v 0.66400650 0.04209699 0.88513251
v 0.66350357 0.04265598 0.88494017
v 0.66557913 0.04269061 0.88341298
v 0.66727868 0.05254710 0.89061875
v 0.66654874 0.05381710 0.89031097
v 0.66670141 0.05287741 0.89048555
v 0.66883939 0.05263088 0.88952853
v 0.66873675 0.05398499 0.88876316
v 0.66893747 0.05302976 0.88894874
v 0.66865126 0.05417106 0.88925985
v 0.66880367 0.05328754 0.88942847
v 0.66707765 0.05398139 0.89037868
v 0.66717113 0.05317235 0.89061418
v 0.66595484 0.04381848 0.88824745
v 0.66673160 0.04488742 0.88900635
v 0.66648883 0.04417088 0.88859712
v 0.66807861 0.04403515 0.88687790
v 0.66829189 0.04499536 0.88796598
v 0.66808663 0.04424969 0.88750918
v 0.66841673 0.04521074 0.88746227
v 0.66822527 0.04457327 0.88699617
v 0.66618364 0.04503112 0.88894690
v 0.66591858 0.04433508 0.88861511
v 0.66549678 0.04319377 0.88768928
v 0.66452555 0.04238719 0.88631223
v 0.66550008 0.04250046 0.88684477
v 0.66503179 0.04217405 0.88647386
v 0.66571395 0.04273661 0.88745511
v 0.66761039 0.04330193 0.88613706
v 0.66659192 0.04250450 0.88480574
v 0.66680400 0.04257411 0.88587245
v 0.66729135 0.04283140 0.88624435
v 0.66662271 0.04225603 0.88530935
v 0.66712923 0.04289142 0.88543846
v 0.66498012 0.04276695 0.88704674
v 0.65147149 0.04666220 0.86941755
v 0.65136495 0.04727780 0.86968916
v 0.65149567 0.04725900 0.86914612
v 0.65079070 0.04750979 0.86771243
v 0.65078909 0.04802955 0.86815951
v 0.65119032 0.04763107 0.86820066
v 0.66337690 0.05179051 0.88060802
v 0.66350380 0.05033146 0.88149577
v 0.66402488 0.05058736 0.88150504
v 0.66583007 0.04764594 0.88384550
v 0.64520098 0.04593610 0.86342376
v 0.64504867 0.04918971 0.86138271
v 0.64504177 0.04778659 0.86285938
v 0.64494223 0.04876148 0.86234375
v 0.64498041 0.04923354 0.86194393
v 0.64508318 0.04696095 0.86347543
v 0.64506493 0.04641123 0.86366941
v 0.64682713 0.04537227 0.86244252
v 0.64654506 0.04881812 0.86037749
v 0.64513181 0.04758248 0.86237123
v 0.64510042 0.04855189 0.86180833
v 0.64521650 0.04655937 0.86297090
v 0.64727899 0.04711944 0.86139730
v 0.64736139 0.04614511 0.86195969
v 0.64731382 0.04563912 0.86237961
v 0.64722741 0.04815141 0.86081393
v 0.64706323 0.04869549 0.86053748
v 0.64674671 0.04708499 0.86133726
v 0.64678284 0.04605004 0.86202076
v 0.64663432 0.04816380 0.86077533
v 0.66735486 0.05148283 0.89066417
v 0.66720092 0.04671518 0.88983587
v 0.66679121 0.04918831 0.89016851
v 0.66675549 0.04780750 0.88992685
v 0.66671993 0.04709899 0.88980863
v 0.66675982 0.05055296 0.89041630
v 0.66684635 0.05124704 0.89050589
v 0.66896576 0.04932729 0.88863537
v 0.66731312 0.04899190 0.89023591
v 0.66728242 0.04761758 0.88998688
v 0.66739849 0.05052887 0.89043045
v 0.66887864 0.04919371 0.88913594
v 0.66107126 0.06308780 0.88346446
v 0.66422180 0.06007115 0.88740818
v 0.66231299 0.06128141 0.88545223
v 0.66322236 0.06041007 0.88661860
v 0.66362210 0.05993173 0.88717439
v 0.66142522 0.06211908 0.88430723
v 0.66094776 0.06251529 0.88374056
v 0.66453262 0.06154644 0.88394426
v 0.66278059 0.06156470 0.88546006
v 0.66370906 0.06075584 0.88649021
v 0.66388592 0.06039520 0.88698353
v 0.66189902 0.06241249 0.88433859
v 0.66149536 0.06269981 0.88385628
v 0.66432990 0.06175517 0.88440973
v 0.66055086 0.06344813 0.88271481
v 0.65846090 0.06349712 0.87999930
v 0.65951214 0.06325091 0.88156928
v 0.66007810 0.06311179 0.88233806
v 0.66071326 0.06375626 0.87854783
v 0.66034612 0.06409011 0.87877766
v 0.66229580 0.06362898 0.88164512
v 0.66178872 0.06351462 0.88015960
v 0.66231655 0.06339888 0.88096711
v 0.66139996 0.06384159 0.88033670
v 0.66186883 0.06371644 0.88116887
v 0.65870316 0.06392273 0.87978336
v 0.65978927 0.06368425 0.88136205
v 0.66040620 0.06358752 0.88214690
v 0.66236464 0.04189446 0.88217117
v 0.66166264 0.03899154 0.88171970
v 0.66180983 0.04068539 0.88192259
v 0.66184253 0.04152567 0.88206418
v 0.66397479 0.04197310 0.88114220
v 0.66384827 0.03893492 0.88072983
v 0.66219062 0.03889500 0.88182183
v 0.66237184 0.04056239 0.88199960
v 0.66231869 0.04123412 0.88212632
v 0.66395521 0.03905957 0.88020099
v 0.66404239 0.04073737 0.88043632
v 0.66408706 0.04163403 0.88051122
v 0.66391071 0.04060376 0.88097108
v 0.66394333 0.04132635 0.88096893
v 0.65113917 0.06344498 0.86818676
v 0.65354224 0.06333906 0.87242714
v 0.65213870 0.06311053 0.87022668
v 0.65131839 0.06302216 0.86915737
v 0.65094449 0.06311346 0.86856730
v 0.65569580 0.06372945 0.87089937
v 0.65541144 0.06406236 0.87115914
v 0.65265022 0.06363733 0.86712666
v 0.65419187 0.06355892 0.86870377
v 0.65350674 0.06339771 0.86765861
v 0.65309896 0.06333083 0.86707086
v 0.65392432 0.06389351 0.86897493
v 0.65303731 0.06371629 0.86781378
v 0.65387866 0.06367920 0.87217910
v 0.65246309 0.06345755 0.86996558
v 0.65173650 0.06334165 0.86883233
v 0.64779521 0.06102359 0.86358917
v 0.65049818 0.06336906 0.86737739
v 0.64893239 0.06198610 0.86579523
v 0.64971512 0.06258558 0.86684677
v 0.65013861 0.06289967 0.86741982
v 0.64819999 0.06130166 0.86477566
v 0.64781492 0.06090475 0.86419353
v 0.65110383 0.06202546 0.86416417
v 0.64915179 0.06230946 0.86543082
v 0.64996738 0.06301220 0.86659130
v 0.64832856 0.06158720 0.86432761
v 0.65070710 0.06235894 0.86430945
v 0.64931970 0.06102746 0.86242767
v 0.65037521 0.06124599 0.86312582
v 0.64990948 0.06089671 0.86257332
v 0.64990517 0.06154791 0.86318913
v 0.64737394 0.06030524 0.86303724
v 0.64599632 0.05620293 0.86148542
v 0.64649848 0.05810379 0.86268950
v 0.64690019 0.05926265 0.86315995
v 0.64716736 0.05991110 0.86338847
v 0.64609339 0.05689476 0.86238695
v 0.64594309 0.05623168 0.86207001
v 0.64886318 0.06032877 0.86186180
v 0.64731033 0.05598714 0.86028909
v 0.64660373 0.05826383 0.86218348
v 0.64706800 0.05950659 0.86267934
v 0.64618973 0.05701864 0.86183665
v 0.64805065 0.05827736 0.86098259
v 0.64851699 0.05798676 0.86096057
v 0.64818760 0.05664022 0.86057350
v 0.64786862 0.05602742 0.86037489
v 0.64760784 0.05685007 0.86059210
v 0.64905112 0.05920121 0.86143948
v 0.64923278 0.05986736 0.86175917
v 0.64857437 0.05946817 0.86148997
v 0.64513276 0.05015671 0.86118485
v 0.64596390 0.05503690 0.86147621
v 0.64542677 0.05255243 0.86194179
v 0.64559433 0.05400065 0.86204710
v 0.64579044 0.05472407 0.86201020
v 0.64514478 0.05119000 0.86181787
v 0.64505837 0.05044932 0.86172572
v 0.64739884 0.05233113 0.86010119
v 0.64559250 0.05245051 0.86139745
v 0.64582110 0.05395115 0.86146787
v 0.64532101 0.05111180 0.86128483
v 0.64686754 0.05224302 0.86006513
v 0.66640578 0.05625448 0.88988356
v 0.66468182 0.05944812 0.88799621
v 0.66507095 0.05762036 0.88885744
v 0.66553795 0.05667466 0.88938721
v 0.66589193 0.05617087 0.88965328
v 0.66455405 0.05847978 0.88836925
v 0.66433731 0.05901486 0.88803130
v 0.66802530 0.05644331 0.88875431
v 0.66625774 0.05964886 0.88691190
v 0.66555616 0.05780988 0.88890706
v 0.66606483 0.05684243 0.88947453
v 0.66503437 0.05882678 0.88831981
v 0.66711783 0.05802770 0.88782194
v 0.66731368 0.05786201 0.88733525
v 0.66681513 0.05875786 0.88678414
v 0.66648912 0.05928788 0.88656665
v 0.66655492 0.05898557 0.88726394
v 0.66776253 0.05694871 0.88783658
v 0.66798655 0.05642514 0.88818977
v 0.66767105 0.05703912 0.88838188
v 0.65702031 0.04051736 0.87003628
v 0.65480936 0.04038830 0.87160856
v 0.65875123 0.05045589 0.87346156
v 0.65647487 0.05026366 0.87504360
v 0.65658143 0.04648340 0.86995872
v 0.65434238 0.04631226 0.87157744
v 0.66596561 0.05362392 0.88472915
v 0.66374844 0.05343469 0.88623518
v 0.65767502 0.03663418 0.87072929
v 0.65544339 0.03652989 0.87230428
v 0.66067499 0.04771508 0.87593427
v 0.65842388 0.04751227 0.87748443
v 0.65146364 0.05883362 0.86915776
v 0.65372438 0.05895406 0.86751195
v 0.65125758 0.05571664 0.86427487
v 0.64910723 0.05581046 0.86598579
v 0.65671196 0.05165469 0.87074419
v 0.65441121 0.05146493 0.87235856
v 0.65138952 0.03905232 0.86301578
v 0.64974775 0.03878097 0.86479910
v 0.64985066 0.03888109 0.86425096
v 0.65194327 0.03898686 0.86309885
v 0.66064936 0.04183414 0.87535627
v 0.65840823 0.04170506 0.87689227
v 0.66015986 0.05784647 0.88156609
v 0.66237943 0.05809739 0.88008300
v 0.66492617 0.05721834 0.88376939
v 0.66273206 0.05698677 0.88526089
v 0.65191511 0.03314443 0.86299511
v 0.65026105 0.03300300 0.86473001
v 0.65031653 0.03307100 0.86416449
v 0.65244022 0.03318764 0.86308158
v 0.65497662 0.04753988 0.86789569
v 0.65275713 0.04737705 0.86952256
v 0.64890947 0.04968649 0.86265277
v 0.64672724 0.05027431 0.86417397
v 0.65679287 0.06433047 0.87335404
v 0.65489997 0.06382907 0.87464828
v 0.65519681 0.06420835 0.87439841
v 0.65714681 0.06400806 0.87313094
v 0.66515086 0.05140307 0.88804228
v 0.66735126 0.05156121 0.88652079
v 0.66187456 0.04781569 0.87779929
v 0.65963849 0.04762626 0.87928850
v 0.64949349 0.05425766 0.86226428
v 0.64735665 0.05448954 0.86403023
v 0.66425858 0.04638150 0.88415821
v 0.66382829 0.04670480 0.88368974
v 0.66357755 0.04642862 0.88320211
v 0.66448480 0.04685528 0.88435847
v 0.66165400 0.05126691 0.88064382
v 0.66206671 0.05163131 0.88096379
v 0.64641297 0.04751013 0.86521181
v 0.64866551 0.04627677 0.86423233
v 0.66695174 0.05513820 0.88639281
v 0.66476535 0.05491869 0.88790395
v 0.65800147 0.03472814 0.87108890
v 0.65579033 0.03462098 0.87264669
v 0.65064239 0.05828595 0.86347397
v 0.64851296 0.05831325 0.86513529
v 0.65399525 0.04500289 0.86638621
v 0.65180811 0.04483475 0.86802059
v 0.66375019 0.04439745 0.88093821
v 0.66388483 0.04430244 0.88042110
v 0.66215266 0.04431347 0.88200823
v 0.66162969 0.04417542 0.88193328
v 0.65925730 0.06433962 0.87712395
v 0.65962716 0.06400619 0.87694024
v 0.65768097 0.06421017 0.87816578
v 0.65739938 0.06379068 0.87836368
v 0.65124885 0.06097237 0.86898996
v 0.65310849 0.06104441 0.86683524
v 0.66494561 0.04514479 0.88719024
v 0.65213879 0.05376336 0.86548565
v 0.64988375 0.05360684 0.86721162
v 0.65568984 0.05227328 0.86939641
v 0.65336730 0.05204251 0.87112324
v 0.65342503 0.03052300 0.86494845
v 0.65367231 0.03087903 0.86462175
v 0.65187802 0.03060709 0.86607158
v 0.65143838 0.03093719 0.86615928
v 0.65307742 0.05362980 0.86862193
v 0.65339277 0.05343523 0.86899591
v 0.65331234 0.05290337 0.86879618
v 0.66378499 0.03718299 0.88059364
v 0.66391579 0.03732631 0.88007776
v 0.66216091 0.03713091 0.88159014
v 0.66162296 0.03724455 0.88152777
v 0.66238049 0.04152012 0.87793191
v 0.66014341 0.04140886 0.87943188
v 0.65373123 0.03106478 0.86881249
v 0.65341997 0.03140993 0.86909012
v 0.65527036 0.03111414 0.86771426
v 0.65559605 0.03150424 0.86752830
v 0.64692682 0.04592290 0.86718316
v 0.66340955 0.06262547 0.88325498
v 0.66364622 0.06240333 0.88279487
v 0.66521789 0.06089705 0.88556858
v 0.66541530 0.06066671 0.88510743
v 0.65129279 0.04066600 0.86310207
v 0.65182084 0.04056482 0.86318515
v 0.65151347 0.03745286 0.86297766
v 0.65208250 0.03741532 0.86305082
v 0.64972524 0.04052802 0.86432258
v 0.64967840 0.04037115 0.86484499
v 0.64986863 0.03723330 0.86465339
v 0.64995896 0.03731193 0.86411254
v 0.66588844 0.05788977 0.88532299
v 0.66369505 0.05763806 0.88681809
v 0.64913923 0.04512914 0.86590421
v 0.66069166 0.06011726 0.88279607
v 0.66268419 0.06062512 0.88103540
v 0.66543787 0.04704930 0.88802825
v 0.65905155 0.03194521 0.87591218
v 0.65875789 0.03231199 0.87616634
v 0.66041096 0.03175896 0.87496944
v 0.66069148 0.03218832 0.87488202
v 0.66126013 0.03648040 0.87595006
v 0.65898651 0.03639628 0.87744461
v 0.65149195 0.06300919 0.86547115
v 0.65194881 0.06273825 0.86536842
v 0.65918797 0.05857586 0.87536874
v 0.65696490 0.05835673 0.87688876
v 0.65130144 0.05151696 0.86846674
v 0.65085008 0.05187044 0.86854217
v 0.66564601 0.04461395 0.88356343
v 0.66894425 0.05056446 0.88944373
v 0.66903876 0.05073486 0.88892135
v 0.66879623 0.04775938 0.88882465
v 0.66893735 0.04792494 0.88830410
v 0.64672466 0.05074160 0.86005336
v 0.64724269 0.05070592 0.86011006
v 0.64702409 0.05384630 0.86017832
v 0.64757855 0.05388802 0.86018314
v 0.65489772 0.03665733 0.86679592
v 0.65268312 0.03654766 0.86838790
v 0.64721097 0.04408381 0.86386295
v 0.64771822 0.04430389 0.86374076
v 0.64558432 0.04460281 0.86480768
v 0.64541179 0.04504477 0.86518004
v 0.65202028 0.03180639 0.86308256
v 0.65257181 0.03183379 0.86318358
v 0.65176770 0.03447678 0.86293684
v 0.65228952 0.03452169 0.86301952
v 0.65021224 0.03446189 0.86396503
v 0.65012755 0.03436697 0.86451178
v 0.65035247 0.03175027 0.86478142
v 0.65043271 0.03174126 0.86424910
v 0.65416193 0.04813476 0.86687348
v 0.65196645 0.04795409 0.86848967
v 0.64798004 0.04962749 0.86140381
v 0.65085077 0.04637847 0.86829616
v 0.66068873 0.05173975 0.87655261
v 0.65845195 0.05151999 0.87808189
v 0.64582711 0.04964533 0.86315546
v 0.66291858 0.04833557 0.88462710
v 0.66311172 0.04808442 0.88420305
v 0.66511404 0.04848657 0.88310398
v 0.66462516 0.04822933 0.88305746
v 0.65316589 0.06357147 0.87106070
v 0.65282946 0.06323855 0.87133847
v 0.65340701 0.06016367 0.87206133
v 0.65564106 0.06034957 0.87047122
v 0.65468386 0.06396118 0.87004936
v 0.65496068 0.06363352 0.86977593
v 0.65750545 0.06445058 0.87444565
v 0.65782734 0.06411505 0.87421327
v 0.65779470 0.06096247 0.87369921
v 0.65557068 0.06077133 0.87527005
v 0.65607299 0.06418941 0.87225236
v 0.65640272 0.06386591 0.87201792
v 0.65458222 0.06379471 0.87325269
v 0.65425867 0.06344687 0.87354355
v 0.65591011 0.06432661 0.87550147
v 0.65561195 0.06393964 0.87568519
v 0.64927832 0.04833273 0.86675765
v 0.64946090 0.04818575 0.86730927
v 0.64969561 0.04814824 0.86793835
v 0.64930519 0.04883231 0.86646260
v 0.64892506 0.05566087 0.86151305
v 0.64687027 0.05578229 0.86323250
v 0.65199983 0.04120599 0.86782618
v 0.65416306 0.04135511 0.86621749
v 0.66730039 0.04582818 0.88593742
v 0.66355535 0.04452046 0.88523190
v 0.66603381 0.05184487 0.88930804
v 0.66411025 0.05447298 0.88212433
v 0.66188978 0.05427591 0.88363506
v 0.64802295 0.04633131 0.86309935
v 0.65742447 0.03369048 0.87024677
v 0.65526870 0.03359199 0.87179565
v 0.66369110 0.05061763 0.88587162
v 0.66589198 0.05077564 0.88435324
v 0.65916498 0.03260763 0.87260766
v 0.65897049 0.03215870 0.87276233
v 0.65984895 0.03516299 0.87377161
v 0.65761179 0.03506105 0.87529485
v 0.65727728 0.03276758 0.87404844
v 0.65758843 0.03242316 0.87370857
v 0.65174861 0.04320334 0.86340653
v 0.65121106 0.04321649 0.86332479
v 0.64970609 0.04308929 0.86449952
v 0.64965465 0.04300557 0.86504514
v 0.66190699 0.03445219 0.88114405
v 0.66138280 0.03453656 0.88103382
v 0.66007146 0.03482219 0.87902950
v 0.66353959 0.03450535 0.88009602
v 0.66363358 0.03458587 0.87957311
v 0.66246468 0.04786474 0.87870521
v 0.66232281 0.04538836 0.87817847
v 0.65984985 0.04450115 0.87925555
v 0.66022802 0.04767606 0.88021429
v 0.64578816 0.04657044 0.86474626
v 0.66766723 0.05537550 0.88747763
v 0.66548706 0.05515348 0.88898178
v 0.65054247 0.05985003 0.86338075
v 0.64841888 0.05983733 0.86503595
v 0.65669871 0.05560172 0.87127840
v 0.65442347 0.05540769 0.87289525
v 0.65411954 0.03414339 0.86553272
v 0.65192433 0.03401520 0.86708521
v 0.64653234 0.05429651 0.86292193
v 0.66254382 0.03585945 0.87789089
v 0.65148249 0.03042450 0.86368954
v 0.65167622 0.03009088 0.86408224
v 0.66470059 0.04661642 0.88378846
v 0.66498156 0.04704918 0.88407236
v 0.66390332 0.04669806 0.88454564
v 0.66415035 0.04723611 0.88462438
v 0.66114136 0.05127499 0.88103567
v 0.66160821 0.05150370 0.88123361
v 0.66102148 0.05032069 0.88115593
v 0.66044601 0.05014631 0.88112837
v 0.65952716 0.04966733 0.87945894
v 0.66229018 0.05143685 0.88041184
v 0.66260602 0.05154043 0.88094220
v 0.65818619 0.03372896 0.87127259
v 0.65602712 0.03368781 0.87276589
v 0.65297148 0.04525934 0.86509682
v 0.65080689 0.04511220 0.86672990
v 0.65079388 0.06198795 0.86836943
v 0.65338410 0.06212865 0.86733780
v 0.66757119 0.04480440 0.88621996
v 0.66329100 0.05098110 0.88103846
v 0.66379263 0.05124944 0.88104139
v 0.66454956 0.05236617 0.88253795
v 0.66651178 0.04393570 0.88718260
v 0.65621485 0.06192642 0.87153921
v 0.64883248 0.06131689 0.86338550
v 0.64594784 0.04832905 0.86399490
v 0.64736158 0.04423180 0.86595899
v 0.64624488 0.04893266 0.86176532
v 0.66729834 0.04868127 0.88618333
v 0.66658600 0.05597661 0.88838143
v 0.65892842 0.03414553 0.87716114
v 0.66122598 0.03427854 0.87573767
v 0.66427506 0.04349770 0.88365547
v 0.66297410 0.06183718 0.88170379
v 0.64689646 0.05551336 0.86147436
v 0.66235032 0.03377767 0.87750492
v 0.65075882 0.04118470 0.86625791
v 0.66079787 0.04298377 0.88052985
v 0.66303865 0.04309776 0.87901456
v 0.66628122 0.04379226 0.88439573
v 0.65268469 0.04832610 0.86714652
v 0.64785713 0.04331646 0.86761428
v 0.64751760 0.04320117 0.86708622
v 0.66378441 0.04893867 0.88584881
v 0.65289159 0.04135300 0.86460862
v 0.66497730 0.05908705 0.88418430
v 0.64700105 0.04576155 0.86343707
v 0.66166951 0.05012370 0.87782163
v 0.66569200 0.05919767 0.88526602
v 0.64994406 0.04761000 0.86917750
v 0.64969988 0.04509610 0.86978866
v 0.65014385 0.04550423 0.87022391
v 0.65040060 0.04622520 0.87052755
v 0.65055308 0.04680582 0.87047229
v 0.64939613 0.04485123 0.86933458
v 0.66594559 0.04318981 0.88609617
v 0.66091233 0.06050898 0.87829093
v 0.65897190 0.06046826 0.88023746
v 0.65093616 0.03066465 0.86554493
v 0.65139521 0.03034214 0.86535642
v 0.66454343 0.04776147 0.88679256
v 0.66265903 0.05092549 0.88442441
v 0.66053667 0.03665271 0.87980046
v 0.66720903 0.04489813 0.88737942
v 0.64590660 0.04784905 0.86153165
v 0.66501346 0.05900642 0.88688000
v 0.65136523 0.03256215 0.86611567
v 0.65354450 0.03268717 0.86454986
v 0.65196808 0.03314241 0.86463094
v 0.66597484 0.04909972 0.88433479
v 0.64992448 0.06034611 0.86706470
v 0.65203666 0.03117660 0.86434910
v 0.66502886 0.04795456 0.88511778
v 0.65981820 0.06142187 0.88171425
v 0.66387013 0.04569616 0.88374657
v 0.64842087 0.04481380 0.86475362
v 0.65189997 0.05252325 0.86743719
v 0.65197900 0.06101792 0.86532735
v 0.65106921 0.03518091 0.86599465
v 0.66818294 0.05217479 0.88780219
v 0.65481954 0.05148657 0.87050057
v 0.66279571 0.05883864 0.88566463
v 0.66336335 0.04901315 0.88293847
v 0.66141556 0.04880385 0.87985082
v 0.66351785 0.06070885 0.88508514
v 0.65118283 0.04309530 0.86700617
v 0.65275605 0.05263525 0.86832281
v 0.66588361 0.05011707 0.88897935
v 0.64822135 0.04808027 0.86243128
v 0.65310232 0.04328757 0.86507719
v 0.65352441 0.03622216 0.86488443
v 0.64809956 0.04427556 0.86749189
v 0.65225096 0.03110579 0.86310201
v 0.65282215 0.03117584 0.86303051
v 0.66022151 0.03320101 0.87917761
v 0.66759477 0.05255497 0.88966996
v 0.65579932 0.05437714 0.86982164
v 0.65910823 0.06177024 0.87580031
v 0.65690459 0.06158326 0.87729752
v 0.66429673 0.04902724 0.88400675
v 0.65909114 0.06313380 0.87598303
v 0.66563287 0.06047487 0.88615441
v 0.66584112 0.06023018 0.88569825
v 0.66324152 0.04164656 0.87922776
v 0.65371283 0.04664628 0.86615302
v 0.65205076 0.04876423 0.86642358
v 0.65020102 0.04551321 0.86917545
v 0.66474828 0.05084392 0.88271428
v 0.64800976 0.05643151 0.86458985
v 0.65013020 0.05630227 0.86287260
v 0.65085364 0.03576845 0.86342714
v 0.66447976 0.05652957 0.88777120
v 0.65108733 0.04411752 0.86513568
v 0.66121773 0.03206912 0.87869916
v 0.65693836 0.03410267 0.87416347
v 0.65140675 0.04646063 0.86547820
v 0.64658499 0.05217116 0.86332049
v 0.64857903 0.05289085 0.86134883
v 0.65067014 0.03648416 0.86560620
v 0.66423380 0.04993845 0.88195203
v 0.66374692 0.04965263 0.88192441
v 0.64897913 0.04415022 0.86625469
v 0.65323750 0.03480701 0.86433734
v 0.66160182 0.06043850 0.88419206
v 0.65134271 0.06233606 0.86675432
v 0.65293501 0.03036124 0.86419079
v 0.65322056 0.03077267 0.86389859
v 0.65970936 0.03265105 0.87830786
v 0.64880332 0.06020186 0.86296320
v 0.65140586 0.03505859 0.86422164
v 0.66818357 0.05206083 0.89029747
v 0.65121502 0.04248909 0.86464125
v 0.65581298 0.03438595 0.86798375
v 0.65362730 0.03425845 0.86954075
v 0.65687320 0.06293209 0.87745476
v 0.66051187 0.03278932 0.87701561
v 0.65320543 0.03822282 0.86465438
v 0.65153047 0.03870533 0.86695348
v 0.65002685 0.03649124 0.86416277
v 0.64986917 0.03643641 0.86470559
v 0.66284050 0.04635644 0.87909108
v 0.66799165 0.04742722 0.88703381
v 0.65074953 0.03695511 0.86352659
v 0.66092398 0.06128162 0.88336877
v 0.66233618 0.05028595 0.87888240
v 0.66033869 0.03904434 0.87962791
v 0.66238374 0.03871373 0.87774911
v 0.66852606 0.05494499 0.88863302
v 0.66842749 0.05508630 0.88913649
v 0.66533501 0.04986734 0.88344791
v 0.65543811 0.06236902 0.87522403
v 0.66295884 0.03730864 0.87859104
v 0.65292244 0.05040811 0.87023708
v 0.65522047 0.05064746 0.86854996
v 0.66039487 0.04591416 0.88024046
v 0.66595155 0.05723165 0.88755972
v 0.65124892 0.03608755 0.86447958
v 0.66389250 0.04343826 0.88103524
v 0.66400323 0.04334942 0.88050426
v 0.66263853 0.03268329 0.87798546
v 0.65067366 0.03821006 0.86359402
v 0.66524396 0.05320447 0.88836198
v 0.66736064 0.05338749 0.88673567
v 0.64651007 0.05557640 0.86069115
v 0.66189632 0.05201292 0.88344381
v 0.64788382 0.05695553 0.86185256
v 0.66202791 0.06193338 0.88028317
v 0.66584063 0.04848250 0.88873857
v 0.66122852 0.06267310 0.88196531
v 0.66724214 0.04759332 0.88857732
v 0.64960924 0.06144141 0.86670726
v 0.65822960 0.06257864 0.87462071
v 0.65515655 0.05255969 0.86873414
v 0.65435085 0.03330893 0.87049193
v 0.64833279 0.05453710 0.86099505
v 0.65279046 0.05139378 0.86794058
v 0.66797573 0.05003135 0.88728160
v 0.66103124 0.03823644 0.88064374
v 0.66168981 0.05203743 0.87818158
v 0.66034177 0.03378163 0.87436175
v 0.66235043 0.05072929 0.88179465
v 0.65775446 0.03360375 0.87252067
v 0.65749611 0.06349998 0.87588685
v 0.66219756 0.03799553 0.88169872
v 0.66167157 0.03812273 0.88162065
v 0.65294335 0.03260817 0.86370977
v 0.66082860 0.05758778 0.87765739
v 0.65858042 0.05782956 0.87920150
v 0.66367649 0.05310718 0.88134267
v 0.64827058 0.06081204 0.86261843
v 0.66896971 0.05136886 0.88955838
v 0.66908751 0.05146258 0.88895977
v 0.66222962 0.03189886 0.87909306
v 0.66451362 0.06005158 0.88588707
v 0.64592562 0.05101672 0.86279787
v 0.64999013 0.04546734 0.86722735
v 0.64881699 0.04422347 0.86874735
v 0.64994223 0.06122950 0.86509756
v 0.66684997 0.05433502 0.88855889
v 0.65161305 0.05211025 0.86873739
v 0.65101848 0.05232971 0.86893514
v 0.64752027 0.05802070 0.86393341
v 0.65038186 0.04328735 0.86603231
v 0.65268569 0.03273139 0.86807157
v 0.66307180 0.03991233 0.87888989
v 0.66688055 0.05491295 0.89024173
v 0.66633656 0.05475859 0.89015212
v 0.65016571 0.04448788 0.86811029
v 0.64983939 0.04417961 0.86846736
v 0.66015971 0.06219098 0.87745039
v 0.65796116 0.06193403 0.87894732
v 0.65943824 0.06304433 0.87910856
v 0.66829014 0.04878527 0.88760638
v 0.66280633 0.04989188 0.88220666
v 0.64755946 0.05887912 0.86180168
v 0.65092759 0.03384815 0.86566936
v 0.65106667 0.03377071 0.86352684
v 0.65335372 0.04753638 0.86578179
v 0.66470442 0.05743381 0.88581897
v 0.65355005 0.03277930 0.86932097
v 0.66291088 0.03462114 0.87840617
v 0.66305194 0.04497374 0.88236110
v 0.66308947 0.04557509 0.88246105
v 0.66502115 0.04504932 0.88278187
v 0.64679776 0.04722414 0.86293818
v 0.65050484 0.04367476 0.86403613
v 0.66782161 0.05107817 0.88917833
v 0.65585015 0.03288952 0.86796865
v 0.66701504 0.05654904 0.88671775
v 0.65068869 0.03797644 0.86580699
v 0.66683484 0.04990128 0.89028591
v 0.66738018 0.04973015 0.89033827
v 0.65514892 0.06185713 0.86990487
v 0.66874243 0.04703634 0.88877605
v 0.66886661 0.04718338 0.88822577
v 0.66565672 0.04848621 0.88379656
v 0.65702646 0.03305917 0.87164648
v 0.65415094 0.03101498 0.86536833
v 0.65391075 0.03062274 0.86567606
v 0.65959006 0.03303816 0.87570571
v 0.65347277 0.05415166 0.87150274
v 0.66677336 0.04850036 0.89004482
v 0.66729314 0.04830231 0.89011145
v 0.66401143 0.04791143 0.88378339
v 0.65986191 0.05057915 0.88020401
v 0.65426361 0.06158049 0.87348825
v 0.65717525 0.06234859 0.87303104
v 0.65449456 0.03271599 0.86594573
v 0.65194846 0.03117142 0.86691090
v 0.65242321 0.03097939 0.86664289
v 0.64677957 0.05338054 0.86140650
v 0.66312251 0.05078759 0.88237618
v 0.65305718 0.05316402 0.87089960
v 0.65901477 0.06219811 0.88060575
v 0.65076162 0.03245614 0.86530892
v 0.65320571 0.06178427 0.87189229
v 0.66857482 0.05014694 0.88814820
v 0.65038723 0.05186056 0.86387039
v 0.64824854 0.05218380 0.86557969
v 0.65511407 0.06306178 0.87259677
v 0.65967455 0.05499604 0.87551243
v 0.65771139 0.05491230 0.87748169
v 0.65031950 0.06269905 0.86545357
v 0.65437092 0.03222733 0.86792562
v 0.65541403 0.06280816 0.87038230
v 0.64915625 0.05170163 0.86680775
v 0.66373409 0.04991444 0.88328452
v 0.64760925 0.04709421 0.86760049
v 0.66606350 0.05840872 0.88808670
v 0.65063646 0.03962881 0.86590018
v 0.65515034 0.03244164 0.86928329
v 0.66271593 0.05055663 0.88012076
v 0.66291532 0.05044102 0.87960034
v 0.66817542 0.04840404 0.88945865
v 0.65068914 0.05353458 0.86821771
v 0.65604652 0.05607837 0.87530191
v 0.65816797 0.05654470 0.87356783
v 0.66510767 0.04194971 0.88496286
v 0.66549324 0.04200249 0.88542589
v 0.65593436 0.03169248 0.87041101
v 0.64779741 0.04608337 0.86858390
v 0.66597691 0.04619536 0.88871195
v 0.66740511 0.05597368 0.88952262
v 0.66298735 0.03762708 0.88114311
v 0.65925483 0.06379851 0.88056852
v 0.65899611 0.06339224 0.88079695
v 0.66808741 0.05348663 0.88780152
v 0.65870775 0.06444830 0.87632095
v 0.65907883 0.06411931 0.87610344
v 0.65287623 0.03583282 0.86395020
v 0.66530222 0.04261642 0.88491987
v 0.66720711 0.04899064 0.88915805
v 0.66388422 0.03818635 0.88010164
v 0.66381909 0.03805991 0.88065271
v 0.66478866 0.06132419 0.88498742
v 0.66497571 0.06110641 0.88452341
v 0.66403521 0.04473931 0.88265796
v 0.66767738 0.05554182 0.88875799
v 0.65369490 0.05182746 0.86902006
v 0.66164777 0.06343372 0.88256052
v 0.64849759 0.04687896 0.86944509
v 0.64943646 0.04507165 0.86822067
v 0.65175707 0.03600202 0.86361005
v 0.65281554 0.05231894 0.87048711
v 0.65095569 0.04075872 0.86441568
v 0.65239992 0.04349520 0.86423165
v 0.64884529 0.06081127 0.86562924
v 0.65406906 0.03636220 0.87031624
v 0.65142042 0.06244468 0.86479973
v 0.65098477 0.06278396 0.86490981
v 0.65689693 0.05361258 0.87127701
v 0.65460666 0.05341218 0.87290228
v 0.66088474 0.04035743 0.88050949
v 0.64576301 0.04947287 0.86062763
v 0.66264270 0.05182638 0.88148398
v 0.64621832 0.04972528 0.86104678
v 0.65813754 0.03368572 0.87587051
v 0.65891953 0.03199550 0.87413387
v 0.65937919 0.05227894 0.87961716
v 0.66105601 0.04167685 0.88084169
v 0.66236187 0.03919530 0.88022576
v 0.65571332 0.06415522 0.87331658
v 0.65152067 0.04647163 0.86777586
v 0.66238584 0.03633364 0.88027440
v 0.65115849 0.04142228 0.86311743
v 0.65173628 0.04140166 0.86321613
v 0.65280431 0.03976540 0.86432832
v 0.65140590 0.04403909 0.86417115
v 0.65328130 0.03092960 0.86811192
v 0.65295626 0.03129652 0.86837011
v 0.65206159 0.04722836 0.86581478
v 0.66605214 0.05305524 0.88950141
v 0.66288780 0.05294612 0.88262817
v 0.66135653 0.05119268 0.87980376
v 0.65025167 0.06201605 0.86629503
v 0.64815996 0.05127586 0.86117445
v 0.64678148 0.05660050 0.86108209
v 0.65633779 0.06337188 0.87430730
v 0.66307357 0.03972789 0.88138528
v 0.64897774 0.04646331 0.87067489
v 0.65979629 0.06237184 0.88187450
v 0.65228455 0.04174466 0.86390196
v 0.64778075 0.05045446 0.86561067
v 0.66267305 0.04369059 0.88093949
v 0.66380353 0.06026554 0.88264292
v 0.64840934 0.04837860 0.86502381
v 0.66794852 0.04627263 0.88924185
v 0.66226561 0.03807677 0.88087864
v 0.64830019 0.05398401 0.86274307
v 0.64906549 0.04566297 0.86951047
v 0.65821245 0.06435229 0.87725427
v 0.65318147 0.03185857 0.86610326
v 0.65243247 0.04478579 0.86628519
v 0.65606292 0.03169832 0.86822844
v 0.65573846 0.03130915 0.86844309
v 0.66818700 0.04629954 0.88721546
v 0.66409099 0.06198411 0.88336963
v 0.66386705 0.06219938 0.88383332
v 0.64658939 0.04496018 0.86715687
v 0.64589820 0.04860607 0.86100288
v 0.65379081 0.06292248 0.87015708
v 0.66697149 0.04556918 0.88942810
v 0.66644851 0.04569593 0.88930814
v 0.66638358 0.05007445 0.88736661
v 0.65430352 0.06381175 0.87109514
v 0.64873240 0.04887615 0.86634672
v 0.65318526 0.06262075 0.87191609
v 0.65095680 0.06204881 0.86509353
v 0.65292403 0.03058082 0.86585060
v 0.66819256 0.04982676 0.88974428
v 0.65317380 0.05339109 0.86983297
v 0.64875387 0.06077859 0.86413982
v 0.66096720 0.04493174 0.88099035
v 0.65948695 0.03273397 0.87406804
v 0.65207014 0.03136117 0.86558525
v 0.65511288 0.03133983 0.86682352
v 0.65480668 0.03092561 0.86705185
v 0.65204521 0.04109802 0.86561842
v 0.66173251 0.04714105 0.87994476
v 0.64648574 0.05174922 0.86139037
v 0.65844550 0.03540710 0.87656154
v 0.65715013 0.06432244 0.87734212
v 0.65687087 0.06391313 0.87755451
v 0.64967174 0.04635916 0.86617984
v 0.64747611 0.05312047 0.86009920
v 0.64693633 0.05304416 0.86011909
v 0.65244502 0.04918235 0.86936670
v 0.65821121 0.06409495 0.87899016
v 0.65793526 0.06366230 0.87917389
v 0.66109278 0.06217289 0.87887534
v 0.66221268 0.06197774 0.88321279
v 0.65285586 0.03711068 0.86408998
v 0.65159320 0.03663149 0.86294630
v 0.65218221 0.03664883 0.86305911
v 0.64898102 0.04700019 0.86792592
v 0.66061460 0.04972515 0.87608803
v 0.66124966 0.06362999 0.87934825
v 0.66088408 0.06397198 0.87955855
v 0.66664043 0.05512974 0.88957459
v 0.64614997 0.04554809 0.86604680
v 0.64667785 0.04350182 0.86543682
v 0.64980074 0.04949770 0.86406403
v 0.66323402 0.06115524 0.88601477
v 0.66276930 0.06084485 0.88602479
v 0.65703840 0.05264123 0.87616611
v 0.66292962 0.06307380 0.88266981
v 0.66324466 0.06281926 0.88222189
v 0.64954654 0.04464124 0.86691889
v 0.64847318 0.05057246 0.86655598
v 0.66323196 0.04697569 0.88045117
v 0.66338101 0.04688615 0.87992587
v 0.66071067 0.03140839 0.87740819
v 0.65115771 0.03902465 0.86451045
v 0.65422098 0.03124048 0.86949395
v 0.65392316 0.03160074 0.86976273
v 0.64834176 0.05930442 0.86300155
v 0.65751288 0.03350001 0.87483411
v 0.64603582 0.04524953 0.86323673
v 0.66229010 0.03475363 0.88001147
v 0.66572369 0.05494508 0.88681451
v 0.65166950 0.03703376 0.86700544
v 0.64867213 0.04803406 0.86718981
v 0.64778290 0.04388728 0.86426283
v 0.64730206 0.04366007 0.86440561
v 0.65948030 0.03400882 0.87306922
v 0.66256706 0.04180284 0.88087013
v 0.66104734 0.03718274 0.88059019
v 0.66512851 0.05517940 0.88371125
v 0.66025937 0.06287212 0.88043909
v 0.66246748 0.04076936 0.88079684
v 0.65118730 0.05112808 0.86504197
v 0.65655593 0.03477881 0.87163781
v 0.65149743 0.06361931 0.86719288
v 0.66705531 0.05012492 0.88961177
v 0.65200855 0.05216590 0.86560387
v 0.65102410 0.06087162 0.86397201
v 0.64952519 0.06198587 0.86431217
v 0.66312045 0.04494130 0.87933757
v 0.65464005 0.05103124 0.86782136
v 0.66291291 0.04490013 0.88441771
v 0.65658701 0.06280429 0.87218889
v 0.65723672 0.03873081 0.87498117
v 0.65948705 0.03883217 0.87343143
v 0.65922995 0.05510124 0.87978548
v 0.66150353 0.05484856 0.87828340
v 0.66225865 0.04011002 0.87762522
v 0.65701904 0.06137102 0.87492560
v 0.66761098 0.04526698 0.88866861
v 0.65979764 0.06396364 0.87966304
v 0.65105669 0.05122068 0.86664103
v 0.66228640 0.06291843 0.88205225
v 0.64593460 0.05052373 0.86064485
v 0.66196983 0.03280418 0.87687446
v 0.65870177 0.03328342 0.87471900
v 0.64620442 0.05277424 0.86064581
v 0.65252586 0.05112067 0.86619518
v 0.65239122 0.05097669 0.86681665
v 0.66004811 0.04954062 0.88030263
v 0.65599690 0.03249932 0.87084782
v 0.65055919 0.05005995 0.86479246
v 0.64718304 0.05214406 0.86081679
v 0.66291997 0.03544794 0.88092778
v 0.66388087 0.03648601 0.87999194
v 0.66372813 0.03633759 0.88049651
v 0.66330967 0.06192757 0.88462191
v 0.64942385 0.04771733 0.86660541
v 0.66790158 0.04679854 0.88847355
v 0.65110939 0.06304264 0.86791846
v 0.66313717 0.04097691 0.88151171
v 0.66690045 0.04636256 0.88890800
v 0.66198554 0.03334693 0.87937312
v 0.66006364 0.03163813 0.87609646
v 0.65475685 0.03117796 0.86864904
v 0.66186973 0.06169639 0.88487631
v 0.66233365 0.06199635 0.88489674
v 0.66171262 0.04327256 0.88205108
v 0.66226982 0.04337211 0.88210894
v 0.65752850 0.06365529 0.87701359
v 0.66195843 0.04008201 0.87913515
v 0.65496785 0.06319316 0.87134183
v 0.64953869 0.04853286 0.86581943
v 0.66363976 0.04536352 0.88085635
v 0.66375194 0.04526126 0.88033766
v 0.66289620 0.04481940 0.88144342
v 0.66810841 0.04979742 0.88874417
v 0.65127600 0.05291472 0.86457833
v 0.64971470 0.03955979 0.86479031
v 0.64978151 0.03970899 0.86426488
v 0.66344447 0.03699317 0.87933587
v 0.66288289 0.03656570 0.88109320
v 0.64830336 0.05028475 0.86393918
v 0.65470631 0.06262061 0.87417232
v 0.66238015 0.04590386 0.88056985
v 0.65462568 0.05973365 0.87376786
v 0.65679267 0.06034207 0.87213893
v 0.66072281 0.03440755 0.88001117
v 0.64845611 0.04532422 0.86856757
v 0.65470389 0.04938090 0.86770063
v 0.66136439 0.05023384 0.88018528
v 0.66204479 0.04524910 0.88193341
v 0.66151287 0.04512626 0.88183124
v 0.66666597 0.04543503 0.88823849
v 0.64780602 0.05818837 0.86226563
v 0.64699438 0.05709741 0.86331695
v 0.65854076 0.06337887 0.87741940
v 0.66432263 0.05763313 0.88773249
v 0.66536419 0.05856725 0.88778270
v 0.65260127 0.06215200 0.86623721
v 0.65173998 0.06199671 0.86976504
v 0.66058391 0.05534244 0.88180153
v 0.64660621 0.05077822 0.86128664
v 0.65623196 0.05384548 0.87280843
v 0.65769275 0.06287627 0.87868330
v 0.65288680 0.03395042 0.86375710
v 0.66654413 0.04671494 0.88725734
v 0.66179399 0.04347244 0.87716558
v 0.64931700 0.05165468 0.86254528
v 0.64513888 0.04548930 0.86473497
v 0.64542454 0.04510077 0.86438419
v 0.65782828 0.05875079 0.87339661
v 0.66215429 0.04765710 0.88067633
v 0.66206388 0.04980861 0.88343813
v 0.66227051 0.04958309 0.88296074
v 0.64999995 0.05233070 0.86758861
v 0.65157561 0.05102254 0.86761013
v 0.66356685 0.04275033 0.87981388
v 0.66704295 0.04348923 0.88773277
v 0.66678768 0.04311197 0.88729510
v 0.66311938 0.06155683 0.88412340
v 0.66309993 0.04975265 0.88498343
v 0.65986471 0.06002539 0.87661406
v 0.66184795 0.04785265 0.87975738
v 0.64593760 0.04667530 0.86309489
v 0.65028143 0.05046191 0.86642653
v 0.65300678 0.05366188 0.86643155
v 0.65010102 0.04943390 0.86679416
v 0.65428229 0.06209662 0.86862943
v 0.65920935 0.05674558 0.87508126
v 0.65528514 0.05371549 0.86902154
v 0.65531626 0.03179135 0.86829619
v 0.66584233 0.05415528 0.88935662
v 0.64969256 0.04129569 0.86426176
v 0.64966335 0.04121982 0.86483610
v 0.65318286 0.05476072 0.86873959
v 0.64962865 0.05778185 0.86220359
v 0.65251893 0.06282285 0.86802215
v 0.66319904 0.04242421 0.88169883
v 0.65083643 0.05641413 0.86816160
v 0.65302157 0.05645005 0.86645930
v 0.65331373 0.04954858 0.86719231
v 0.66529082 0.05993858 0.88726767
v 0.65294341 0.05033037 0.86819441
v 0.64570715 0.04580844 0.86398524
v 0.64762247 0.05153463 0.86247193
v 0.65818440 0.03295286 0.87361581
v 0.65057946 0.04472120 0.86424136
v 0.66639297 0.05248666 0.88753442
v 0.65980681 0.06423450 0.87794296
v 0.66017798 0.06390210 0.87775524
v 0.65253866 0.03512220 0.86589414
v 0.66361200 0.05547610 0.88630633
v 0.66596587 0.05603614 0.88510264
v 0.64668309 0.04505784 0.86478838
v 0.66231811 0.06004443 0.88518967
v 0.66331723 0.04254051 0.88067720
v 0.65946813 0.05678188 0.88035155
v 0.64824687 0.04615533 0.86657526
v 0.65366541 0.03079597 0.86692288
v 0.66774897 0.05454369 0.88977305
v 0.66286954 0.03727086 0.88033323
v 0.64890393 0.05758761 0.86352293
v 0.66522785 0.04475463 0.88518961
v 0.65346758 0.05516921 0.86698332
v 0.65097833 0.03727996 0.86453299
v 0.65476556 0.04844508 0.86768908
v 0.65624794 0.04870428 0.86974575
v 0.65427049 0.04887633 0.87178603
v 0.65318384 0.03145633 0.86760259
v 0.66387966 0.04348330 0.88560981
v 0.65609174 0.06286064 0.87625322
v 0.65413558 0.05359407 0.86915279
v 0.65441438 0.03147325 0.86688227
v 0.65897479 0.03298888 0.87705717
v 0.65041192 0.05233099 0.86568585
v 0.65431166 0.03170357 0.86909467
v 0.66558313 0.05980389 0.88638187
v 0.66181441 0.03773027 0.87920482
v 0.66093195 0.03201021 0.87710575
v 0.66312917 0.03857617 0.87891244
v 0.65124317 0.04738190 0.86734414
v 0.64573840 0.05318135 0.86145843
v 0.64550505 0.05326940 0.86199942
v 0.65519966 0.03251562 0.86699738
v 0.64714460 0.05765834 0.86137223
v 0.65029615 0.04305600 0.86480328
v 0.64948006 0.05001414 0.86566199
v 0.65208956 0.03434612 0.86381760
v 0.66351655 0.04310541 0.88283225
v 0.66377536 0.04269516 0.88316828
v 0.65017047 0.04156807 0.86555562
v 0.65386835 0.05269020 0.86940261
v 0.66218170 0.04180940 0.87966341
v 0.66449086 0.04223101 0.88421829
v 0.66366799 0.04196121 0.87989128
v 0.66477712 0.06044180 0.88659350
v 0.65470222 0.05297496 0.87057236
v 0.66162849 0.04684313 0.88152644
v 0.66109844 0.04669879 0.88146709
v 0.66197606 0.04498454 0.88135196
v 0.65200993 0.03819970 0.86305251
v 0.65146190 0.03827566 0.86300408
v 0.65004483 0.04725970 0.86771953
v 0.65495516 0.06401121 0.87219893
v 0.66417507 0.04278712 0.88497048
v 0.66131175 0.04255076 0.88129029
v 0.65418898 0.03097899 0.86779859
v 0.66459044 0.04796253 0.88421977
v 0.65038625 0.04216926 0.86371828
v 0.64642707 0.05435134 0.86074107
v 0.66424232 0.06112444 0.88575456
v 0.65172970 0.05008001 0.86597877
v 0.65152707 0.04987759 0.86645615
v 0.65204187 0.03224029 0.86711213
v 0.65114000 0.05500862 0.86866972
v 0.65207435 0.05133845 0.86666228
v 0.65379651 0.05779225 0.87231205
v 0.65634234 0.05808455 0.87113611
v 0.65187854 0.05468163 0.86725534
v 0.66502453 0.04773022 0.88353414
v 0.66556069 0.04803180 0.88335900
v 0.66025531 0.03153655 0.87685507
v 0.66233408 0.04455441 0.88008312
v 0.66356198 0.04163731 0.88062647
v 0.66346796 0.04067287 0.87952310
v 0.64976747 0.05960304 0.86423997
v 0.66441073 0.04612930 0.88478367
v 0.66227206 0.04261264 0.88147025
v 0.65240424 0.05386883 0.86873741
v 0.66306421 0.04924869 0.88385787
v 0.65490596 0.05697984 0.86895580
v 0.66147203 0.04184128 0.88145853
v 0.66577222 0.04590612 0.88630351
v 0.66193891 0.04310368 0.88040916
v 0.65330499 0.05390750 0.86791571
v 0.65167202 0.03769880 0.86357524
v 0.65188039 0.03977246 0.86313835
v 0.65133168 0.03985014 0.86308034
v 0.66797509 0.05353284 0.88994309
v 0.65226696 0.04963167 0.86681247
v 0.66779621 0.05363189 0.88908580
v 0.65002187 0.06111762 0.86386917
v 0.66044612 0.04723102 0.87801000
v 0.65583614 0.04771797 0.87381301
v 0.65788598 0.04815987 0.87196912
v 0.66276785 0.06245299 0.88393481
v 0.64890942 0.05691371 0.86141617
v 0.64783378 0.05756887 0.86080452
v 0.64830002 0.05727649 0.86079774
v 0.66314273 0.03803539 0.88002759
v 0.65023034 0.03368729 0.86462400
v 0.65030343 0.03378239 0.86407682
v 0.64938185 0.04624858 0.86886629
v 0.65020373 0.04648103 0.86989783
v 0.66287401 0.05978002 0.88596045
v 0.65118712 0.03400664 0.86470681
v 0.66159807 0.03639190 0.88141850
v 0.66214042 0.03628568 0.88150014
v 0.65663671 0.03325442 0.86911992
v 0.65225371 0.05841864 0.86538788
v 0.66436907 0.04694964 0.88488917
v 0.66383276 0.04241194 0.88029546
v 0.66010788 0.04478295 0.87477599
v 0.65786937 0.04462966 0.87634070
v 0.66055537 0.03552322 0.87978638
v 0.66495537 0.04694920 0.88429668
v 0.65191475 0.04886565 0.86856630
v 0.64962400 0.04567998 0.87040918
v 0.65157566 0.05958568 0.86459852
v 0.65052836 0.04015106 0.86367129
v 0.65981972 0.03214221 0.87688461
v 0.66301678 0.04478113 0.88340951
v 0.65740001 0.06451538 0.87602290
v 0.65115437 0.03967951 0.86375868
v 0.65071997 0.04624441 0.86450514
v 0.65101919 0.04686877 0.86478993
v 0.65057821 0.05411869 0.86355918
v 0.66478275 0.04613628 0.88368817
v 0.66533357 0.04762716 0.88422483
v 0.66656121 0.04787680 0.88507827
v 0.65206311 0.04910331 0.86759432
v 0.66452602 0.04746891 0.88400786
v 0.65930433 0.04829127 0.87402231
v 0.65714904 0.04827095 0.87574933
v 0.65829787 0.04530100 0.87222401
v 0.65598327 0.04472897 0.87365963
v 0.66554135 0.04699354 0.88546183
v 0.65895381 0.04265917 0.87293435
v 0.65690710 0.04260295 0.87476600
v 0.65956411 0.04085272 0.87365941
v 0.65293975 0.04921545 0.86850533
v 0.65334766 0.04848128 0.87047385
v 0.65751326 0.04643937 0.87600349
v 0.65424905 0.04330773 0.87113000
v 0.65675202 0.04350939 0.86989146
v 0.65139244 0.04537064 0.86481776
v 0.65251327 0.04450945 0.86446107
v 0.65636126 0.04886058 0.87466963
v 0.65567898 0.04181160 0.86830974
v 0.65348262 0.04143373 0.86984029
v 0.65255348 0.04302315 0.86878926
v 0.65326766 0.04495742 0.86995808
v 0.65552649 0.04492066 0.86839043
v 0.65653505 0.04498409 0.86975000
v 0.65443869 0.04181398 0.87120148
v 0.65480112 0.04335518 0.86725627
v 0.65336472 0.04359061 0.86993891
v 0.65260561 0.04604075 0.86469063
v 0.65578025 0.04350252 0.86856827
v 0.65400308 0.04274772 0.86614873
v 0.65437592 0.04271606 0.86875570
v 0.66216926 0.05179272 0.88095074
f 1 2 173
f 1 374 2
f 1 807 2
f 1 173 386
f 1 807 173
f 1 803 374
f 1 807 374
f 1 386 803
f 1 386 807
f 1 803 807
f 2 807 173
f 2 1311 173
f 2 374 376
f 2 807 374
f 2 374 848
f 2 376 848
f 2 376 1311
f 2 848 807
f 2 1311 807
f 2 1311 848
f 3 4 43
f 3 340 4
f 3 1081 4
f 3 43 1007
f 3 1081 43
f 3 1007 340
f 3 340 1081
f 3 1007 1081
f 4 355 43
f 4 43 1081
f 4 340 338
f 4 338 1008
f 4 338 1081
f 4 1081 340
f 4 1008 355
f 4 355 1081
f 4 1008 1081
f 5 171 6
f 5 6 321
f 5 977 6
f 5 172 171
f 5 977 171
f 5 328 172
f 5 172 977
f 5 321 324
f 5 321 977
f 5 324 328
f 5 977 324
f 5 977 328
f 6 171 310
f 6 977 171
f 6 310 321
f 6 310 977
f 6 321 977
f 7 196 90
f 7 90 784
f 7 90 856
f 7 196 856
f 7 877 196
f 7 784 856
f 7 784 877
f 7 856 877
f 8 93 160
f 8 285 93
f 8 93 900
f 8 93 1489
f 8 160 278
f 8 160 900
f 8 1501 160
f 8 278 1501
f 8 285 1489
f 8 1501 285
f 8 900 1489
f 8 1501 900
f 8 1501 1489
f 9 35 238
f 9 871 35
f 9 35 1428
f 9 95 165
f 9 238 95
f 9 95 1428
f 9 165 642
f 9 165 1428
f 9 238 1428
f 9 642 871
f 9 642 1428
f 9 871 1428
f 10 96 37
f 10 37 736
f 10 1265 37
f 10 208 96
f 10 1250 96
f 10 96 1265
f 10 97 208
f 10 736 97
f 10 97 1250
f 10 208 1250
f 10 736 1250
f 10 1265 736
f 10 1250 1265
f 11 98 97
f 11 97 738
f 11 97 1396
f 11 396 98
f 11 1396 98
f 11 397 396
f 11 1396 396
f 11 738 397
f 11 397 1396
f 11 738 1396
f 12 100 48
f 12 48 837
f 12 1447 48
f 12 50 100
f 12 837 50
f 12 891 50
f 12 50 1447
f 12 891 100
f 12 1447 100
f 12 1447 837
f 12 1447 891
f 13 114 115
f 13 347 114
f 13 1075 114
f 13 1398 114
f 13 115 382
f 13 1075 115
f 13 382 347
f 13 347 1398
f 13 1075 382
f 13 382 1398
f 13 1398 1075
f 14 169 120
f 14 120 349
f 14 120 817
f 14 169 817
f 14 1383 169
f 14 349 351
f 14 349 817
f 14 1382 349
f 14 351 1382
f 14 817 1382
f 14 1383 817
f 14 1382 1383
f 15 116 16
f 15 16 381
f 15 807 16
f 15 807 116
f 15 1312 116
f 15 381 385
f 15 381 807
f 15 385 807
f 15 385 1312
f 15 807 1312
f 16 116 371
f 16 807 116
f 16 371 381
f 16 807 371
f 16 381 807
f 17 58 44
f 17 44 354
f 17 1465 44
f 17 353 58
f 17 1465 58
f 17 352 353
f 17 1224 352
f 17 352 1465
f 17 1465 353
f 17 354 1224
f 17 1465 354
f 17 1465 1224
f 18 122 161
f 18 337 122
f 18 1420 122
f 18 1454 122
f 18 161 788
f 18 161 1454
f 18 176 337
f 18 788 176
f 18 337 788
f 18 337 1420
f 18 788 1420
f 18 788 1454
f 18 1420 1454
f 19 163 123
f 19 123 271
f 19 790 123
f 19 790 163
f 19 271 790
f 19 271 792
f 19 792 790
f 20 134 55
f 20 55 844
f 20 856 55
f 20 708 134
f 20 856 134
f 20 707 708
f 20 843 707
f 20 707 856
f 20 708 856
f 20 844 843
f 20 856 843
f 20 856 844
f 21 166 140
f 21 140 1037
f 21 140 1155
f 21 164 166
f 21 237 164
f 21 164 1422
f 21 1155 166
f 21 1422 166
f 21 1408 237
f 21 1422 237
f 21 573 1332
f 21 1410 573
f 21 1424 573
f 21 1037 1025
f 21 1025 1155
f 21 1328 1025
f 21 1025 1410
f 21 1025 1424
f 21 1155 1037
f 21 1155 1328
f 21 1155 1422
f 21 1328 1332
f 21 1328 1408
f 21 1328 1422
f 21 1424 1328
f 21 1332 1408
f 21 1424 1332
f 21 1422 1408
f 21 1410 1424
f 22 99 45
f 22 45 227
f 22 834 45
f 22 49 99
f 22 187 49
f 22 834 49
f 22 834 99
f 22 228 187
f 22 834 187
f 22 227 228
f 22 834 227
f 22 834 228
f 23 24 146
f 23 1124 24
f 23 1447 24
f 23 146 223
f 23 146 1447
f 23 223 1124
f 23 223 1447
f 23 1447 1124
f 24 1124 51
f 24 51 1461
f 24 837 146
f 24 1447 146
f 24 837 1447
f 24 1461 837
f 24 1447 1124
f 24 1461 1124
f 24 1447 1461
f 25 175 149
f 25 149 207
f 25 149 876
f 25 826 175
f 25 175 876
f 25 207 212
f 25 827 207
f 25 207 876
f 25 212 827
f 25 827 826
f 25 826 876
f 25 876 827
f 26 436 158
f 26 158 542
f 26 158 850
f 26 436 850
f 26 1335 436
f 26 850 542
f 26 542 1335
f 26 850 1335
f 27 253 198
f 27 198 281
f 27 198 825
f 27 198 1002
f 27 260 253
f 27 825 253
f 27 260 825
f 27 890 260
f 27 281 279
f 27 279 890
f 27 279 1002
f 27 279 1115
f 27 281 1002
f 27 890 825
f 27 1002 825
f 27 890 1002
f 27 890 1115
f 27 1115 1002
f 28 154 510
f 28 530 154
f 28 819 154
f 28 819 510
f 28 510 948
f 28 819 530
f 28 948 530
f 28 819 948
f 29 140 166
f 29 245 140
f 29 140 1155
f 29 1385 140
f 29 166 644
f 29 166 1155
f 29 249 245
f 29 245 1385
f 29 644 249
f 29 1385 249
f 29 644 1155
f 29 644 1385
f 29 1385 1155
f 30 517 108
f 30 108 693
f 30 108 819
f 30 1403 108
f 30 819 517
f 30 948 517
f 30 693 1403
f 30 948 819
f 30 819 1403
f 30 1403 948
f 31 272 191
f 31 191 1163
f 31 191 1316
f 31 191 1392
f 31 274 272
f 31 272 1305
f 31 272 1316
f 31 1305 274
f 31 1163 1305
f 31 1316 1163
f 31 1391 1163
f 31 1163 1392
f 31 1305 1316
f 31 1391 1305
f 31 1392 1391
f 32 484 205
f 32 205 680
f 32 205 909
f 32 1217 205
f 32 205 1330
f 32 1217 484
f 32 1330 484
f 32 680 909
f 32 680 1217
f 32 909 1217
f 32 1330 1217
f 33 505 204
f 33 204 516
f 33 204 913
f 33 913 505
f 33 974 505
f 33 913 516
f 33 516 974
f 33 974 913
f 34 184 493
f 34 509 184
f 34 913 184
f 34 493 913
f 34 493 974
f 34 913 509
f 34 974 509
f 34 974 913
f 35 230 200
f 35 200 238
f 35 200 861
f 35 200 871
f 35 1428 200
f 35 230 861
f 35 871 230
f 35 1428 238
f 35 861 871
f 35 1428 871
f 36 109 726
f 36 109 967
f 36 1072 109
f 36 726 967
f 36 726 1466
f 36 967 1072
f 36 1466 967
f 36 1466 1072
f 37 96 240
f 37 96 1265
f 37 240 241
f 37 1265 240
f 37 240 1320
f 37 240 1380
f 37 241 1320
f 37 739 736
f 37 1265 736
f 37 1265 739
f 37 1320 739
f 37 739 1380
f 37 1380 1265
f 37 1380 1320
f 38 237 141
f 38 141 861
f 38 141 871
f 38 141 984
f 38 1422 141
f 38 164 237
f 38 642 164
f 38 164 1422
f 38 237 1422
f 38 871 642
f 38 1422 642
f 38 861 871
f 38 861 984
f 38 984 871
f 38 1422 871
f 39 128 764
f 39 128 1108
f 39 1203 128
f 39 1451 128
f 39 764 1203
f 39 764 1246
f 39 1108 1203
f 39 1246 1108
f 39 1108 1451
f 39 1246 1203
f 39 1246 1451
f 40 143 145
f 40 214 143
f 40 143 1206
f 40 144 214
f 40 736 144
f 40 144 1206
f 40 145 738
f 40 145 1206
f 40 1206 214
f 40 737 736
f 40 736 1206
f 40 738 737
f 40 1206 737
f 40 738 1206
f 41 767 195
f 41 1108 195
f 41 195 1203
f 41 1246 195
f 41 195 1248
f 41 1203 767
f 41 1246 767
f 41 1108 1246
f 41 1108 1248
f 41 1203 1246
f 41 1248 1246
f 42 549 113
f 42 113 886
f 42 113 1370
f 42 1335 549
f 42 1370 549
f 42 886 1335
f 42 886 1370
f 42 1370 1335
f 43 355 350
f 43 350 1006
f 43 350 1081
f 43 355 1081
f 43 1006 1007
f 43 1006 1081
f 43 1007 1081
f 44 58 1007
f 44 58 1465
f 44 351 354
f 44 1006 351
f 44 351 1465
f 44 1465 354
f 44 1007 1006
f 44 1006 1465
f 44 1007 1465
f 45 99 101
f 45 99 834
f 45 101 398
f 45 834 101
f 45 397 227
f 45 227 834
f 45 398 397
f 45 397 834
f 45 398 834
f 46 87 676
f 46 755 87
f 46 87 1158
f 46 676 1102
f 46 676 1158
f 46 1102 755
f 46 755 1158
f 46 1102 1158
f 47 375 72
f 47 72 1018
f 47 1232 72
f 47 72 1251
f 47 1232 375
f 47 1018 1131
f 47 1018 1251
f 47 1131 1232
f 47 1251 1131
f 47 1251 1232
f 48 100 393
f 48 100 1447
f 48 393 394
f 48 393 1447
f 48 394 838
f 48 394 1447
f 48 838 837
f 48 837 1447
f 48 1447 838
f 49 394 99
f 49 834 99
f 49 187 225
f 49 834 187
f 49 225 224
f 49 224 394
f 49 224 834
f 49 834 225
f 49 394 834
f 50 53 201
f 50 835 53
f 50 891 53
f 50 201 100
f 50 100 891
f 50 891 201
f 50 836 835
f 50 891 835
f 50 837 836
f 50 836 891
f 50 836 1447
f 50 1447 837
f 50 891 1447
f 51 186 147
f 51 147 1134
f 51 147 1461
f 51 1124 186
f 51 1134 186
f 51 1124 1134
f 51 1124 1461
f 51 1461 1134
f 52 189 1034
f 52 1113 189
f 52 189 1362
f 52 1034 1352
f 52 1034 1362
f 52 1352 1113
f 52 1362 1113
f 52 1362 1352
f 53 56 202
f 53 835 56
f 53 56 891
f 53 202 201
f 53 201 891
f 53 891 202
f 53 835 891
f 54 1023 91
f 54 91 1136
f 54 91 1161
f 54 91 1366
f 54 1136 1023
f 54 1352 1023
f 54 1352 1136
f 54 1136 1366
f 54 1161 1352
f 54 1161 1366
f 54 1366 1352
f 55 134 785
f 55 856 134
f 55 785 844
f 55 856 785
f 55 844 856
f 56 202 891
f 56 992 202
f 56 1086 202
f 56 835 839
f 56 835 891
f 56 839 891
f 56 839 993
f 56 1086 839
f 56 891 1086
f 56 993 992
f 56 992 1086
f 56 993 1086
f 57 92 703
f 57 92 1087
f 57 1177 92
f 57 703 895
f 57 914 703
f 57 703 1087
f 57 914 895
f 57 895 1087
f 57 895 1177
f 57 1087 914
f 57 1087 1177
f 58 353 1007
f 58 353 1465
f 58 1465 1007
f 59 121 176
f 59 352 121
f 59 121 859
f 59 176 608
f 59 859 176
f 59 353 352
f 59 859 352
f 59 609 353
f 59 859 353
f 59 608 609
f 59 859 608
f 59 859 609
f 60 102 174
f 60 209 102
f 60 876 102
f 60 174 826
f 60 174 876
f 60 210 209
f 60 827 209
f 60 209 876
f 60 827 210
f 60 826 827
f 60 826 876
f 60 876 827
f 61 761 197
f 61 197 916
f 61 197 1109
f 61 197 1126
f 61 761 916
f 61 1402 761
f 61 916 1126
f 61 1402 916
f 61 1109 1126
f 61 1109 1402
f 61 1126 1402
f 62 135 762
f 62 916 135
f 62 1326 135
f 62 135 1379
f 62 135 1384
f 62 762 1379
f 62 762 1402
f 62 1379 916
f 62 1384 916
f 62 916 1402
f 62 1326 1384
f 62 1402 1326
f 62 1402 1379
f 62 1384 1402
f 63 212 150
f 63 150 699
f 63 150 811
f 63 1347 150
f 63 212 811
f 63 1185 212
f 63 699 1185
f 63 699 1347
f 63 1185 811
f 63 1347 811
f 63 1185 1347
f 64 151 403
f 64 1303 151
f 64 151 1337
f 64 403 1202
f 64 403 1337
f 64 1202 1303
f 64 1337 1202
f 64 1303 1337
f 65 137 159
f 65 288 137
f 65 137 900
f 65 900 159
f 65 159 1469
f 65 290 288
f 65 288 900
f 65 1489 288
f 65 1468 290
f 65 290 1489
f 65 900 1468
f 65 1469 900
f 65 1489 900
f 65 1469 1468
f 65 1468 1489
f 66 78 77
f 66 77 787
f 66 1459 77
f 66 402 78
f 66 1459 78
f 66 78 1472
f 66 1413 402
f 66 1472 402
f 66 787 1413
f 66 787 1459
f 66 1472 787
f 66 1413 1472
f 66 1472 1459
f 67 716 192
f 67 192 1306
f 67 192 1423
f 67 717 716
f 67 1423 716
f 67 867 717
f 67 1423 717
f 67 1307 867
f 67 1423 867
f 67 1306 1307
f 67 1306 1423
f 67 1423 1307
f 68 70 167
f 68 342 70
f 68 1075 70
f 68 167 1062
f 68 167 1075
f 68 345 342
f 68 342 1075
f 68 1062 345
f 68 345 1075
f 68 1062 1075
f 69 168 74
f 69 74 341
f 69 817 74
f 69 343 168
f 69 817 168
f 69 341 343
f 69 817 341
f 69 817 343
f 70 387 167
f 70 167 1075
f 70 342 387
f 70 1075 342
f 70 1075 387
f 71 206 364
f 71 206 880
f 71 975 206
f 71 206 1011
f 71 364 880
f 71 364 915
f 71 915 880
f 71 1011 880
f 71 915 975
f 71 915 1011
f 71 1011 975
f 72 375 377
f 72 1140 375
f 72 375 1232
f 72 377 1140
f 72 1019 1018
f 72 1251 1018
f 72 1140 1019
f 72 1019 1251
f 72 1140 1232
f 72 1251 1140
f 72 1251 1232
f 73 112 548
f 73 933 112
f 73 1082 112
f 73 548 1067
f 73 548 1082
f 73 1067 933
f 73 933 1082
f 73 1067 1082
f 74 168 817
f 74 168 1382
f 74 350 341
f 74 817 341
f 74 341 1382
f 74 1382 350
f 74 817 1382
f 75 177 76
f 75 76 338
f 75 76 1471
f 75 609 177
f 75 177 1471
f 75 338 340
f 75 859 338
f 75 338 1471
f 75 340 609
f 75 859 340
f 75 859 609
f 75 609 1471
f 75 859 1471
f 76 177 339
f 76 177 1471
f 76 1008 338
f 76 338 1471
f 76 339 1008
f 76 339 1471
f 76 1008 1471
f 77 78 339
f 77 78 1459
f 77 1471 78
f 77 339 177
f 77 177 786
f 77 177 1471
f 77 1471 339
f 77 786 787
f 77 1459 786
f 77 1471 786
f 77 1459 787
f 77 1471 1459
f 78 686 339
f 78 1471 339
f 78 1472 402
f 78 402 1473
f 78 824 686
f 78 1356 686
f 78 1471 686
f 78 744 824
f 78 744 1356
f 78 1426 744
f 78 1473 744
f 78 744 1480
f 78 1356 824
f 78 1356 1420
f 78 1356 1426
f 78 1471 1356
f 78 1356 1480
f 78 1420 1459
f 78 1471 1420
f 78 1420 1480
f 78 1426 1480
f 78 1471 1459
f 78 1472 1459
f 78 1480 1459
f 78 1473 1472
f 78 1472 1480
f 78 1480 1473
f 79 718 80
f 79 884 80
f 79 80 904
f 79 80 1051
f 79 718 884
f 79 934 718
f 79 934 884
f 79 884 1051
f 79 904 892
f 79 892 934
f 79 1051 892
f 79 904 1051
f 79 934 1051
f 80 718 719
f 80 718 884
f 80 719 867
f 80 719 884
f 80 884 867
f 80 867 905
f 80 1051 867
f 80 1051 884
f 80 905 904
f 80 904 1051
f 80 905 1051
f 81 82 162
f 81 265 82
f 81 795 82
f 81 1118 82
f 81 82 1505
f 81 162 795
f 81 162 1505
f 81 265 795
f 81 1056 265
f 81 265 1118
f 81 795 1056
f 81 1118 795
f 81 795 1505
f 82 123 973
f 82 123 1103
f 82 1118 123
f 82 123 1229
f 82 1294 123
f 82 1505 123
f 82 399 162
f 82 162 1505
f 82 265 963
f 82 265 1118
f 82 973 399
f 82 1099 399
f 82 399 1505
f 82 747 973
f 82 1229 747
f 82 747 1294
f 82 795 1118
f 82 795 1505
f 82 963 1103
f 82 1118 963
f 82 963 1229
f 82 1099 973
f 82 973 1294
f 82 1505 973
f 82 1505 1099
f 82 1118 1103
f 82 1103 1229
f 82 1118 1505
f 82 1229 1294
f 83 85 266
f 83 1163 85
f 83 1195 85
f 83 1316 85
f 83 266 268
f 83 266 1316
f 83 268 1305
f 83 1316 268
f 83 1163 1194
f 83 1195 1163
f 83 1305 1163
f 83 1163 1316
f 83 1194 1195
f 83 1305 1194
f 83 1316 1305
f 84 1194 126
f 84 126 1268
f 84 1277 126
f 84 193 1194
f 84 1266 193
f 84 1277 193
f 84 1194 1277
f 84 1268 1266
f 84 1266 1277
f 84 1277 1268
f 85 769 266
f 85 266 1316
f 85 925 769
f 85 769 1163
f 85 769 1316
f 85 925 1163
f 85 1195 925
f 85 1163 1195
f 85 1163 1316
f 86 467 194
f 86 194 942
f 86 1349 194
f 86 1331 467
f 86 467 1349
f 86 942 1331
f 86 1349 942
f 86 1331 1349
f 87 677 676
f 87 676 1158
f 87 964 677
f 87 677 1158
f 87 755 754
f 87 754 1158
f 87 754 1209
f 87 755 1158
f 87 964 1158
f 87 1209 964
f 87 1209 1158
f 88 296 89
f 88 89 754
f 88 89 966
f 88 89 1021
f 88 132 303
f 88 759 132
f 88 132 966
f 88 1021 132
f 88 1339 132
f 88 299 296
f 88 1021 296
f 88 303 299
f 88 1021 299
f 88 1021 303
f 88 754 755
f 88 966 754
f 88 755 759
f 88 966 755
f 88 755 1339
f 88 1339 759
f 88 1021 966
f 88 1339 966
f 89 296 797
f 89 296 1021
f 89 966 754
f 89 1209 754
f 89 966 797
f 89 797 1021
f 89 797 1209
f 89 1021 966
f 89 966 1209
f 90 856 196
f 90 196 910
f 90 785 784
f 90 856 784
f 90 856 785
f 90 910 785
f 90 856 910
f 91 1023 1022
f 91 1022 1032
f 91 1136 1022
f 91 1023 1136
f 91 1032 1136
f 91 1032 1160
f 91 1032 1366
f 91 1136 1366
f 91 1160 1161
f 91 1366 1160
f 91 1161 1366
f 92 704 703
f 92 1087 703
f 92 1074 704
f 92 1087 704
f 92 1074 1087
f 92 1178 1074
f 92 1177 1087
f 92 1087 1178
f 92 1177 1178
f 93 900 160
f 93 1468 160
f 93 285 287
f 93 285 1489
f 93 287 1468
f 93 1489 287
f 93 900 1468
f 93 1489 900
f 93 1489 1468
f 94 165 199
f 94 644 165
f 94 1365 165
f 94 199 252
f 94 199 1365
f 94 1385 199
f 94 252 263
f 94 1385 252
f 94 263 644
f 94 1385 263
f 94 1365 644
f 94 644 1385
f 94 1385 1365
f 95 199 165
f 95 1323 165
f 95 1365 165
f 95 165 1428
f 95 1323 199
f 95 238 1357
f 95 238 1428
f 95 881 1323
f 95 1328 881
f 95 881 1365
f 95 1424 881
f 95 1323 1365
f 95 1328 1357
f 95 1328 1365
f 95 1424 1328
f 95 1328 1428
f 95 1357 1424
f 95 1428 1357
f 95 1428 1365
f 96 208 1168
f 96 208 1250
f 96 1186 240
f 96 1265 240
f 96 614 873
f 96 614 1130
f 96 1168 614
f 96 873 1130
f 96 873 1186
f 96 1130 1168
f 96 1130 1186
f 96 1130 1250
f 96 1265 1130
f 96 1168 1250
f 96 1265 1186
f 96 1250 1265
f 97 98 208
f 97 98 1250
f 97 1396 98
f 97 208 1250
f 97 736 737
f 97 1250 736
f 97 737 738
f 97 1250 737
f 97 737 1396
f 97 738 1396
f 97 1396 1250
f 98 1168 208
f 98 1250 208
f 98 396 712
f 98 1396 396
f 98 712 980
f 98 712 1396
f 98 980 1168
f 98 980 1396
f 98 1168 1250
f 98 1168 1396
f 98 1396 1250
f 99 395 101
f 99 834 101
f 99 394 395
f 99 834 394
f 99 395 834
f 100 201 712
f 100 891 201
f 100 712 393
f 100 393 1447
f 100 712 891
f 100 1447 712
f 100 1447 891
f 101 395 398
f 101 395 834
f 101 398 834
f 102 216 174
f 102 174 876
f 102 209 876
f 102 209 906
f 102 876 216
f 102 906 216
f 102 876 906
f 103 104 210
f 103 104 811
f 103 1208 104
f 103 210 811
f 103 210 1185
f 103 811 1185
f 103 811 1208
f 103 1185 1208
f 104 211 210
f 104 210 811
f 104 211 811
f 104 860 211
f 104 860 811
f 104 1207 811
f 104 811 1208
f 104 1207 860
f 104 1208 1207
f 105 410 107
f 105 107 697
f 105 831 107
f 105 831 410
f 105 1202 410
f 105 831 697
f 105 697 1202
f 105 1202 831
f 106 203 411
f 106 691 203
f 106 1100 203
f 106 411 1098
f 106 411 1100
f 106 1100 691
f 106 1236 691
f 106 1098 1100
f 106 1098 1236
f 106 1100 1236
f 107 410 417
f 107 831 410
f 107 417 749
f 107 417 831
f 107 698 697
f 107 697 831
f 107 749 698
f 107 831 698
f 107 831 749
f 108 517 524
f 108 819 517
f 108 524 819
f 108 524 959
f 108 694 693
f 108 1403 693
f 108 959 694
f 108 1403 694
f 108 819 959
f 108 1403 819
f 108 959 1403
f 109 727 726
f 109 967 726
f 109 956 727
f 109 727 967
f 109 885 956
f 109 885 967
f 109 1073 885
f 109 967 956
f 109 1072 967
f 109 967 1073
f 109 1072 1073
f 110 111 455
f 110 1190 111
f 110 111 1235
f 110 455 1084
f 110 1235 455
f 110 1084 1190
f 110 1084 1235
f 110 1235 1190
f 111 457 455
f 111 1235 455
f 111 818 457
f 111 1235 457
f 111 1191 818
f 111 1235 818
f 111 1190 1191
f 111 1235 1190
f 111 1235 1191
f 112 559 548
f 112 548 1082
f 112 774 559
f 112 1082 559
f 112 932 774
f 112 1082 774
f 112 933 932
f 112 932 1082
f 112 933 1082
f 113 549 556
f 113 549 1370
f 113 556 833
f 113 556 1370
f 113 833 887
f 113 833 1370
f 113 887 886
f 113 1370 886
f 113 1370 887
f 114 1063 115
f 114 115 1075
f 114 347 358
f 114 347 1398
f 114 358 1062
f 114 1398 358
f 114 1062 1063
f 114 1062 1075
f 114 1398 1062
f 114 1063 1075
f 114 1075 1398
f 115 384 382
f 115 1075 382
f 115 1063 384
f 115 1075 384
f 115 1063 1075
f 116 373 371
f 116 371 807
f 116 807 373
f 116 1311 373
f 116 807 1311
f 116 807 1312
f 116 1312 1311
f 117 179 361
f 117 423 179
f 117 880 179
f 117 361 363
f 117 880 361
f 117 363 746
f 117 880 363
f 117 429 423
f 117 423 880
f 117 746 429
f 117 429 880
f 117 880 746
f 118 119 424
f 118 1146 119
f 118 119 1254
f 118 424 427
f 118 424 1254
f 118 427 1066
f 118 427 1254
f 118 1066 1147
f 118 1254 1066
f 118 1147 1146
f 118 1146 1254
f 118 1147 1254
f 119 1131 424
f 119 424 1254
f 119 1146 1131
f 119 1131 1254
f 119 1254 1146
f 120 169 348
f 120 817 169
f 120 348 349
f 120 348 817
f 120 349 817
f 121 337 176
f 121 176 859
f 121 859 337
f 121 1224 337
f 121 859 352
f 121 352 1224
f 121 1224 859
f 122 336 161
f 122 1454 161
f 122 845 336
f 122 1454 336
f 122 337 745
f 122 1420 337
f 122 633 673
f 122 745 633
f 122 1356 633
f 122 1426 633
f 122 673 845
f 122 673 1426
f 122 1356 745
f 122 1420 745
f 122 1426 845
f 122 1454 845
f 122 845 1480
f 122 1420 1356
f 122 1426 1356
f 122 1426 1420
f 122 1454 1420
f 122 1420 1480
f 122 1480 1426
f 122 1454 1480
f 123 163 333
f 123 790 163
f 123 791 163
f 123 271 790
f 123 1029 271
f 123 271 1118
f 123 791 333
f 123 333 949
f 123 333 1099
f 123 1117 333
f 123 333 1505
f 123 949 748
f 123 1117 748
f 123 748 1294
f 123 790 791
f 123 790 1118
f 123 1505 790
f 123 1505 791
f 123 949 1117
f 123 973 1117
f 123 1294 973
f 123 973 1505
f 123 1103 1029
f 123 1118 1029
f 123 1117 1099
f 123 1099 1505
f 123 1103 1118
f 123 1228 1103
f 123 1229 1103
f 123 1294 1117
f 123 1505 1117
f 123 1505 1118
f 123 1229 1228
f 123 1294 1228
f 123 1294 1229
f 124 1277 126
f 124 1284 126
f 124 126 1391
f 124 126 1393
f 124 939 1157
f 124 1277 939
f 124 1392 939
f 124 1157 1277
f 124 1157 1285
f 124 1157 1393
f 124 1277 1391
f 124 1277 1392
f 124 1277 1393
f 124 1285 1284
f 124 1284 1393
f 124 1393 1285
f 124 1391 1392
f 125 127 463
f 125 1261 127
f 125 127 1421
f 125 463 1331
f 125 463 1421
f 125 1331 1261
f 125 1261 1421
f 125 1331 1421
f 126 1277 1194
f 126 1194 1391
f 126 1277 1268
f 126 1284 1268
f 126 1284 1277
f 126 1391 1277
f 126 1393 1277
f 126 1393 1284
f 127 466 463
f 127 463 1421
f 127 1425 463
f 127 1425 466
f 127 1261 1260
f 127 1260 1399
f 127 1260 1421
f 127 1261 1421
f 127 1399 1421
f 127 1399 1425
f 127 1421 1425
f 128 765 764
f 128 764 1203
f 128 1203 765
f 128 1458 765
f 128 1108 847
f 128 1450 847
f 128 847 1458
f 128 1108 1203
f 128 1108 1450
f 128 1108 1451
f 128 1458 1108
f 128 1458 1203
f 128 1451 1450
f 129 130 674
f 129 759 130
f 129 130 1238
f 129 1339 130
f 129 674 675
f 129 1238 674
f 129 675 1101
f 129 675 1238
f 129 758 759
f 129 1201 758
f 129 758 1339
f 129 1339 759
f 129 1101 1201
f 129 1238 1101
f 129 1238 1201
f 129 1201 1339
f 129 1238 1339
f 130 1102 674
f 130 674 1238
f 130 759 1102
f 130 1339 759
f 130 1238 1102
f 130 1339 1102
f 130 1339 1238
f 131 295 132
f 131 132 758
f 131 132 966
f 131 1021 132
f 131 132 1339
f 131 798 295
f 131 295 1021
f 131 758 899
f 131 758 1339
f 131 899 798
f 131 798 966
f 131 1021 798
f 131 966 899
f 131 899 1339
f 131 966 1021
f 131 1339 966
f 132 295 303
f 132 295 1021
f 132 1021 303
f 132 759 758
f 132 758 1339
f 132 1339 759
f 132 966 1021
f 132 966 1339
f 133 136 705
f 133 136 914
f 133 923 136
f 133 136 941
f 133 705 706
f 133 914 705
f 133 706 863
f 133 706 914
f 133 863 903
f 133 863 914
f 133 941 863
f 133 903 924
f 133 941 903
f 133 941 914
f 133 924 923
f 133 941 923
f 133 924 941
f 134 708 784
f 134 708 856
f 134 784 785
f 134 856 784
f 134 785 856
f 135 763 762
f 135 1379 762
f 135 763 1379
f 135 1384 763
f 135 916 1379
f 135 916 1384
f 135 1326 1327
f 135 1384 1326
f 135 1327 1384
f 135 1379 1384
f 136 895 705
f 136 914 705
f 136 914 895
f 136 923 895
f 136 895 941
f 136 914 941
f 136 941 923
f 137 277 159
f 137 900 159
f 137 800 277
f 137 277 900
f 137 288 800
f 137 900 288
f 137 900 800
f 138 139 246
f 138 284 139
f 138 825 139
f 138 139 1374
f 138 1474 139
f 138 246 251
f 138 1474 246
f 138 251 890
f 138 1474 251
f 138 282 284
f 138 890 282
f 138 1374 282
f 138 284 1374
f 138 825 890
f 138 1374 825
f 138 1474 825
f 138 890 1374
f 138 890 1474
f 139 710 246
f 139 1474 246
f 139 284 1374
f 139 710 825
f 139 1374 710
f 139 1474 710
f 139 825 1374
f 139 825 1474
f 140 166 1155
f 140 245 1088
f 140 1385 245
f 140 1088 1037
f 140 1037 1155
f 140 1088 1155
f 140 1385 1088
f 140 1155 1385
f 141 237 1059
f 141 1422 237
f 141 871 861
f 141 984 861
f 141 985 861
f 141 861 1059
f 141 1422 861
f 141 871 1422
f 141 985 984
f 141 1059 985
f 141 1422 1059
f 142 188 144
f 142 144 736
f 142 144 1150
f 142 229 188
f 142 1150 188
f 142 232 229
f 142 229 1150
f 142 229 1320
f 142 1380 229
f 142 1320 232
f 142 736 739
f 142 736 1150
f 142 739 1150
f 142 739 1320
f 142 1380 739
f 142 1150 1380
f 142 1380 1320
f 143 226 145
f 143 145 1179
f 143 145 1206
f 143 214 1052
f 143 214 1206
f 143 1085 226
f 143 226 1179
f 143 1052 1085
f 143 1179 1052
f 143 1206 1052
f 143 1085 1179
f 143 1179 1206
f 144 188 214
f 144 1150 188
f 144 1206 188
f 144 1206 214
f 144 736 1150
f 144 1206 736
f 144 1206 1150
f 145 226 227
f 145 834 226
f 145 1179 226
f 145 227 738
f 145 834 227
f 145 834 738
f 145 1179 738
f 145 1206 738
f 145 834 1179
f 145 1206 1179
f 146 224 223
f 146 1447 223
f 146 838 224
f 146 224 1447
f 146 837 838
f 146 1447 837
f 146 838 1447
f 147 185 148
f 147 148 835
f 147 148 1134
f 147 186 185
f 147 1134 185
f 147 1134 186
f 147 835 1134
f 147 835 1461
f 147 1461 1134
f 148 185 222
f 148 1134 185
f 148 185 1281
f 148 222 220
f 148 220 981
f 148 1281 220
f 148 222 1281
f 148 839 835
f 148 1134 835
f 148 981 839
f 148 839 1134
f 148 839 1281
f 148 981 1281
f 148 1134 1281
f 149 175 215
f 149 175 876
f 149 876 207
f 149 1143 207
f 149 215 876
f 149 215 1143
f 149 876 1143
f 150 212 213
f 150 811 212
f 150 213 811
f 150 213 1143
f 150 700 699
f 150 699 1347
f 150 1184 700
f 150 700 1347
f 150 1143 811
f 150 811 1184
f 150 811 1347
f 150 1143 1184
f 150 1347 1184
f 151 409 403
f 151 1337 403
f 151 773 409
f 151 409 1337
f 151 1302 773
f 151 1337 773
f 151 1303 1302
f 151 1302 1337
f 151 1303 1337
f 152 153 404
f 152 529 153
f 152 1100 153
f 152 404 407
f 152 812 404
f 152 1100 404
f 152 407 715
f 152 812 407
f 152 535 529
f 152 1100 529
f 152 715 535
f 152 1100 535
f 152 715 812
f 152 1100 715
f 152 1100 812
f 153 1098 404
f 153 1100 404
f 153 529 1098
f 153 529 1100
f 153 1098 1100
f 154 515 510
f 154 510 819
f 154 741 515
f 154 819 515
f 154 530 533
f 154 819 530
f 154 533 782
f 154 819 533
f 154 782 741
f 154 741 819
f 154 782 819
f 155 183 477
f 155 494 183
f 155 1252 183
f 155 477 1217
f 155 477 1252
f 155 1217 494
f 155 494 1252
f 155 1217 1252
f 156 181 435
f 156 449 181
f 156 181 953
f 156 953 435
f 156 435 1084
f 156 953 449
f 156 1084 449
f 156 953 1084
f 157 734 182
f 157 967 182
f 157 182 1166
f 157 182 1262
f 157 734 967
f 157 1466 734
f 157 967 1262
f 157 967 1466
f 157 1262 1166
f 157 1166 1466
f 157 1466 1262
f 158 436 439
f 158 850 436
f 158 439 669
f 158 850 439
f 158 547 542
f 158 850 542
f 158 669 547
f 158 850 547
f 158 850 669
f 159 277 283
f 159 900 277
f 159 283 900
f 159 283 1469
f 159 900 1469
f 160 280 278
f 160 900 278
f 160 278 1501
f 160 900 280
f 160 1469 280
f 160 900 1468
f 160 1469 900
f 160 900 1501
f 160 1468 1469
f 161 336 717
f 161 336 789
f 161 1454 336
f 161 717 789
f 161 789 788
f 161 788 1454
f 161 1454 789
f 162 399 804
f 162 399 1099
f 162 1505 399
f 162 796 795
f 162 795 1505
f 162 804 796
f 162 1099 796
f 162 1505 796
f 162 804 1099
f 162 1505 1099
f 163 334 333
f 163 791 333
f 163 333 965
f 163 965 334
f 163 790 791
f 163 791 965
f 164 642 166
f 164 1422 166
f 164 1422 237
f 164 1422 642
f 165 1323 199
f 165 1365 199
f 165 643 642
f 165 642 1428
f 165 644 643
f 165 643 1365
f 165 1428 643
f 165 1365 644
f 165 1323 1365
f 165 1365 1428
f 166 642 643
f 166 642 1422
f 166 643 644
f 166 643 1155
f 166 1422 643
f 166 644 1155
f 166 1422 1155
f 167 387 390
f 167 387 1075
f 167 390 1063
f 167 390 1075
f 167 1063 1062
f 167 1075 1062
f 167 1075 1063
f 168 343 346
f 168 343 817
f 168 817 346
f 168 346 1383
f 168 817 1382
f 168 1383 817
f 168 1383 1382
f 169 357 348
f 169 817 348
f 169 357 817
f 169 1383 357
f 169 817 1383
f 170 171 172
f 170 313 171
f 170 977 171
f 170 172 190
f 170 172 325
f 170 898 172
f 170 977 172
f 170 190 309
f 170 190 325
f 170 309 317
f 170 325 309
f 170 898 309
f 170 317 313
f 170 977 313
f 170 317 898
f 170 317 977
f 170 898 325
f 170 898 977
f 171 977 172
f 171 313 310
f 171 977 310
f 171 313 977
f 172 325 190
f 172 328 325
f 172 325 898
f 172 328 898
f 172 977 328
f 172 898 977
f 173 389 386
f 173 386 807
f 173 807 389
f 173 1312 389
f 173 1311 807
f 173 1312 807
f 173 1311 1312
f 174 216 218
f 174 216 876
f 174 218 826
f 174 218 876
f 174 876 826
f 175 221 215
f 175 215 876
f 175 826 221
f 175 221 876
f 175 876 826
f 176 788 337
f 176 337 859
f 176 788 608
f 176 608 859
f 176 788 859
f 177 339 1471
f 177 609 608
f 177 608 786
f 177 1471 608
f 177 609 1471
f 177 786 1471
f 178 541 180
f 178 180 990
f 178 1183 180
f 178 1067 541
f 178 1183 541
f 178 990 1067
f 178 1183 990
f 178 1067 1183
f 179 361 880
f 179 915 361
f 179 880 423
f 179 423 915
f 179 915 880
f 180 541 545
f 180 1183 541
f 180 545 775
f 180 1183 545
f 180 775 991
f 180 775 1183
f 180 991 990
f 180 1183 990
f 180 991 1183
f 181 441 435
f 181 953 435
f 181 928 441
f 181 441 953
f 181 449 452
f 181 953 449
f 181 953 452
f 181 452 1125
f 181 928 953
f 181 1125 928
f 181 953 1125
f 182 734 735
f 182 967 734
f 182 735 967
f 182 735 1364
f 182 919 1167
f 182 1262 919
f 182 1364 919
f 182 967 1262
f 182 1364 967
f 182 1167 1166
f 182 1262 1166
f 182 1167 1262
f 182 1364 1262
f 183 481 477
f 183 477 1252
f 183 801 481
f 183 1252 481
f 183 494 497
f 183 1252 494
f 183 497 801
f 183 497 1252
f 183 801 1252
f 184 499 493
f 184 913 493
f 184 493 1156
f 184 777 499
f 184 1156 499
f 184 509 513
f 184 509 913
f 184 509 1200
f 184 513 777
f 184 1200 513
f 184 1156 777
f 184 1200 777
f 184 913 1156
f 184 1200 913
f 184 1200 1156
f 185 186 1085
f 185 186 1134
f 185 1065 222
f 185 1281 222
f 185 1085 1065
f 185 1065 1134
f 185 1281 1065
f 185 1134 1085
f 185 1281 1134
f 186 1124 1085
f 186 1134 1085
f 186 1124 1134
f 187 228 225
f 187 834 225
f 187 834 228
f 188 1052 214
f 188 1206 214
f 188 229 1127
f 188 229 1150
f 188 596 613
f 188 1127 596
f 188 1130 596
f 188 613 1052
f 188 1130 613
f 188 613 1351
f 188 1206 1052
f 188 1351 1052
f 188 1127 1130
f 188 1150 1127
f 188 1150 1130
f 188 1130 1206
f 188 1351 1130
f 188 1150 1206
f 188 1206 1351
f 189 1033 1034
f 189 1033 1362
f 189 1407 1033
f 189 1034 1362
f 189 1113 1114
f 189 1362 1113
f 189 1114 1362
f 189 1114 1407
f 189 1407 1362
f 190 325 309
f 191 272 772
f 191 272 1316
f 191 772 939
f 191 1163 772
f 191 1316 772
f 191 939 1163
f 191 939 1392
f 191 1316 1163
f 191 1392 1163
f 192 716 1314
f 192 1423 716
f 192 846 1306
f 192 1314 846
f 192 1423 846
f 192 1306 1423
f 192 1314 1423
f 193 925 1195
f 193 1222 925
f 193 1277 925
f 193 1195 1194
f 193 1194 1277
f 193 1195 1277
f 193 1267 1222
f 193 1222 1277
f 193 1266 1267
f 193 1277 1266
f 193 1267 1277
f 194 467 474
f 194 1349 467
f 194 467 1417
f 194 474 1417
f 194 474 1455
f 194 943 942
f 194 942 1349
f 194 943 1349
f 194 1455 943
f 194 1417 1349
f 194 1455 1349
f 194 1455 1417
f 195 767 768
f 195 767 1203
f 195 768 1005
f 195 1203 768
f 195 1005 783
f 195 1108 783
f 195 1203 783
f 195 783 1273
f 195 1203 1005
f 195 1203 1108
f 195 1108 1246
f 195 1108 1247
f 195 1108 1248
f 195 1108 1273
f 195 1203 1246
f 195 1247 1248
f 195 1273 1247
f 196 877 856
f 196 878 856
f 196 856 910
f 196 856 911
f 196 877 878
f 196 878 911
f 196 911 910
f 197 761 760
f 197 760 916
f 197 760 1126
f 197 761 916
f 197 1126 916
f 197 1110 1109
f 197 1126 1109
f 197 1126 1110
f 198 253 709
f 198 825 253
f 198 1002 281
f 198 825 709
f 198 709 1002
f 198 825 1002
f 199 957 252
f 199 1385 252
f 199 1323 957
f 199 1365 957
f 199 1385 957
f 199 1323 1365
f 199 1385 1365
f 200 230 236
f 200 861 230
f 200 861 236
f 200 236 1319
f 200 1319 238
f 200 1428 238
f 200 861 871
f 200 1319 861
f 200 1428 861
f 200 1428 871
f 200 1319 1428
f 201 202 712
f 201 202 891
f 201 712 891
f 202 891 712
f 202 980 712
f 202 1086 712
f 202 1086 891
f 202 992 980
f 202 980 1086
f 202 1086 992
f 203 419 411
f 203 411 1100
f 203 711 419
f 203 419 1100
f 203 691 692
f 203 691 1100
f 203 692 711
f 203 1100 692
f 203 1100 711
f 204 505 507
f 204 913 505
f 204 507 776
f 204 507 913
f 204 527 516
f 204 913 516
f 204 776 527
f 204 527 913
f 204 776 913
f 205 484 487
f 205 1330 484
f 205 487 1292
f 205 487 1330
f 205 681 680
f 205 909 680
f 205 681 909
f 205 1292 681
f 205 1217 909
f 205 909 1292
f 205 909 1330
f 205 1330 1217
f 205 1330 1292
f 206 366 364
f 206 364 880
f 206 864 366
f 206 366 880
f 206 864 880
f 206 976 864
f 206 864 1011
f 206 1011 880
f 206 975 976
f 206 1011 975
f 206 976 1011
f 207 213 212
f 207 212 811
f 207 827 212
f 207 811 213
f 207 1143 213
f 207 811 827
f 207 876 811
f 207 1143 811
f 207 876 827
f 207 1143 876
f 208 1168 1250
f 209 210 211
f 209 210 811
f 209 827 210
f 209 811 211
f 209 211 906
f 209 811 827
f 209 811 876
f 209 811 906
f 209 876 827
f 209 876 906
f 210 811 211
f 210 811 827
f 210 1185 811
f 210 827 1185
f 211 811 860
f 211 811 906
f 211 860 906
f 212 213 811
f 212 811 827
f 212 811 1185
f 212 1185 827
f 213 811 1143
f 214 1206 1052
f 215 221 222
f 215 876 221
f 215 222 876
f 215 222 1143
f 215 1143 876
f 216 219 218
f 216 876 218
f 216 1192 218
f 216 1192 219
f 216 906 876
f 216 876 1192
f 216 906 1192
f 217 218 219
f 217 218 876
f 217 981 218
f 217 219 876
f 217 219 993
f 217 1086 219
f 217 981 876
f 217 876 1086
f 217 993 981
f 217 981 1086
f 217 1086 993
f 218 219 876
f 218 219 1192
f 218 826 876
f 218 981 826
f 218 876 981
f 218 876 1192
f 219 1086 876
f 219 1192 876
f 219 992 993
f 219 1086 992
f 219 1192 992
f 219 1086 993
f 219 1192 1086
f 220 222 221
f 220 221 876
f 220 221 981
f 220 222 876
f 220 222 1281
f 220 876 981
f 220 876 1281
f 220 1281 981
f 221 876 222
f 221 876 826
f 221 826 981
f 221 876 981
f 222 876 655
f 222 1065 655
f 222 655 1143
f 222 655 1281
f 222 1143 876
f 222 876 1281
f 222 1281 1065
f 223 224 225
f 223 224 834
f 223 1447 224
f 223 225 834
f 223 225 1085
f 223 1085 834
f 223 834 1447
f 223 1085 1124
f 223 1447 1085
f 223 1124 1447
f 224 225 834
f 224 834 394
f 224 838 394
f 224 838 834
f 224 834 1447
f 224 1447 838
f 225 228 834
f 225 228 1085
f 225 1085 834
f 226 228 227
f 226 834 227
f 226 228 834
f 226 1085 228
f 226 1085 834
f 226 1179 834
f 226 1179 1085
f 227 228 834
f 227 397 738
f 227 834 397
f 227 738 834
f 228 1085 834
f 229 232 244
f 229 1193 232
f 229 1320 232
f 229 244 1193
f 229 1127 1150
f 229 1193 1127
f 229 1150 1193
f 229 1380 1150
f 229 1320 1193
f 229 1193 1380
f 229 1320 1380
f 230 239 236
f 230 861 236
f 230 239 861
f 230 871 239
f 230 861 871
f 231 244 232
f 231 232 1318
f 231 232 1320
f 231 1234 233
f 231 233 1309
f 231 1406 233
f 231 243 244
f 231 684 243
f 231 243 1234
f 231 1309 243
f 231 1318 243
f 231 1318 244
f 231 1309 684
f 231 1309 1234
f 231 1318 1234
f 231 1406 1234
f 231 1320 1318
f 231 1318 1406
f 231 1320 1406
f 232 244 1193
f 232 1318 244
f 232 1380 244
f 232 1320 1193
f 232 1193 1380
f 232 1320 1318
f 232 1318 1380
f 232 1320 1380
f 233 1234 234
f 233 234 1241
f 233 1405 234
f 233 234 1409
f 233 1309 1234
f 233 1405 1234
f 233 1234 1406
f 233 1234 1409
f 233 1241 1309
f 233 1409 1241
f 233 1409 1309
f 233 1406 1405
f 234 1215 1219
f 234 1234 1215
f 234 1405 1215
f 234 1234 1219
f 234 1219 1240
f 234 1409 1219
f 234 1405 1234
f 234 1409 1234
f 234 1240 1241
f 234 1240 1409
f 234 1241 1409
f 235 236 239
f 235 861 236
f 235 1219 236
f 235 239 861
f 235 239 1241
f 235 239 1409
f 235 861 1219
f 235 861 1409
f 235 1240 1219
f 235 1409 1219
f 235 1241 1240
f 235 1409 1240
f 235 1409 1241
f 236 861 239
f 236 861 1219
f 236 861 1319
f 236 1219 1319
f 237 1408 1059
f 237 1059 1422
f 237 1408 1422
f 238 1319 1357
f 238 1319 1428
f 238 1428 1357
f 239 684 861
f 239 984 684
f 239 684 1309
f 239 861 871
f 239 861 984
f 239 861 1309
f 239 861 1409
f 239 871 984
f 239 1309 1241
f 239 1409 1241
f 239 1309 1409
f 240 242 241
f 240 1320 241
f 240 1380 241
f 240 1244 242
f 240 242 1380
f 240 1186 1244
f 240 1186 1265
f 240 1186 1380
f 240 1244 1380
f 240 1380 1265
f 240 1380 1320
f 241 1318 242
f 241 1380 242
f 241 242 1406
f 241 1318 1320
f 241 1380 1318
f 241 1406 1318
f 241 1320 1380
f 241 1406 1320
f 242 1244 1215
f 242 1318 1215
f 242 1215 1405
f 242 1318 1244
f 242 1380 1244
f 242 1380 1318
f 242 1318 1405
f 242 1406 1318
f 242 1405 1406
f 243 1050 244
f 243 1318 244
f 243 684 685
f 243 684 1309
f 243 685 1308
f 243 1309 685
f 243 1050 1234
f 243 1308 1050
f 243 1318 1050
f 243 1308 1234
f 243 1309 1234
f 243 1234 1318
f 243 1309 1308
f 244 1050 1193
f 244 1318 1050
f 244 1318 1193
f 244 1380 1193
f 244 1380 1318
f 245 249 256
f 245 249 1083
f 245 249 1385
f 245 1083 256
f 245 256 1088
f 245 1083 1088
f 245 1385 1083
f 245 1088 1385
f 246 257 251
f 246 1474 251
f 246 1460 257
f 246 1474 257
f 246 710 1460
f 246 710 1474
f 246 1460 1474
f 247 256 248
f 247 248 960
f 247 250 255
f 247 250 1336
f 247 1433 250
f 247 255 256
f 247 255 960
f 247 1336 255
f 247 256 960
f 247 960 258
f 247 1336 258
f 247 258 1433
f 247 1336 960
f 247 1336 1433
f 248 256 249
f 248 249 263
f 248 1083 249
f 248 256 960
f 248 256 1083
f 248 263 262
f 248 262 960
f 248 262 1083
f 248 1083 263
f 248 960 1083
f 249 1083 256
f 249 644 263
f 249 263 1083
f 249 1083 644
f 249 644 1385
f 249 1083 1385
f 250 251 257
f 250 1433 251
f 250 1474 251
f 250 257 255
f 250 255 1336
f 250 257 1336
f 250 257 1474
f 250 1336 1433
f 250 1474 1336
f 250 1474 1433
f 251 1474 257
f 251 1433 890
f 251 890 1474
f 251 1433 1474
f 252 264 263
f 252 263 1083
f 252 1385 263
f 252 957 264
f 252 1083 264
f 252 1083 957
f 252 957 1385
f 252 1385 1083
f 253 260 261
f 253 825 260
f 253 1334 260
f 253 261 709
f 253 1334 261
f 253 825 709
f 253 1334 709
f 253 1334 825
f 254 259 258
f 254 258 264
f 254 258 1223
f 254 258 1334
f 254 258 1336
f 254 261 259
f 254 1334 259
f 254 1282 261
f 254 1334 261
f 254 264 1223
f 254 1223 1282
f 254 1223 1336
f 254 1282 1334
f 254 1336 1282
f 254 1334 1336
f 255 937 256
f 255 256 960
f 255 256 1336
f 255 257 1171
f 255 257 1336
f 255 1484 257
f 255 1171 937
f 255 1336 937
f 255 1336 960
f 255 1171 1336
f 255 1484 1171
f 255 1336 1484
f 256 937 1083
f 256 937 1088
f 256 1336 937
f 256 1083 960
f 256 1336 960
f 256 1088 1083
f 256 1336 1083
f 257 1460 1171
f 257 1484 1171
f 257 1474 1336
f 257 1484 1336
f 257 1460 1474
f 257 1484 1460
f 257 1474 1484
f 258 259 1334
f 258 1336 259
f 258 259 1433
f 258 262 264
f 258 960 262
f 258 1223 262
f 258 1223 264
f 258 1223 960
f 258 1336 960
f 258 1336 1223
f 258 1334 1336
f 258 1433 1336
f 259 261 260
f 259 260 1334
f 259 260 1433
f 259 1334 261
f 259 1336 1334
f 259 1334 1433
f 259 1336 1433
f 260 261 1334
f 260 825 890
f 260 825 1334
f 260 1433 825
f 260 890 1433
f 260 1334 1433
f 261 1282 709
f 261 709 1334
f 261 1334 1282
f 262 263 264
f 262 1083 263
f 262 264 1083
f 262 1223 264
f 262 1083 960
f 262 960 1223
f 262 1083 1223
f 263 1083 264
f 263 644 1083
f 263 1385 644
f 263 1083 1385
f 264 957 1083
f 264 957 1223
f 264 1083 1223
f 265 795 1056
f 265 795 1118
f 265 929 963
f 265 1057 929
f 265 929 1118
f 265 963 1118
f 265 1056 1057
f 265 1056 1118
f 265 1057 1118
f 266 270 268
f 266 1316 268
f 266 769 270
f 266 1316 270
f 266 1316 769
f 267 268 270
f 267 274 268
f 267 268 868
f 267 270 269
f 267 868 269
f 267 269 1057
f 267 269 1283
f 267 868 270
f 267 273 274
f 267 868 273
f 267 1056 273
f 267 273 1283
f 267 274 868
f 267 868 1283
f 267 1057 1056
f 267 1283 1056
f 267 1057 1283
f 268 868 270
f 268 270 1316
f 268 274 868
f 268 274 1305
f 268 868 1305
f 268 1316 868
f 268 1305 1316
f 269 868 270
f 269 270 929
f 269 868 929
f 269 868 1283
f 269 929 1057
f 269 929 1283
f 269 1283 1057
f 270 868 769
f 270 769 929
f 270 769 1316
f 270 929 868
f 270 868 1316
f 271 790 792
f 271 790 1118
f 271 790 1283
f 271 793 792
f 271 792 1283
f 271 1029 793
f 271 793 1283
f 271 1029 1118
f 271 1029 1283
f 271 1283 1118
f 272 274 276
f 272 868 274
f 272 274 1305
f 272 274 1316
f 272 276 772
f 272 276 868
f 272 868 772
f 272 772 1316
f 272 868 1316
f 272 1305 1316
f 273 276 274
f 273 274 868
f 273 275 276
f 273 793 275
f 273 868 275
f 273 275 1283
f 273 868 276
f 273 792 793
f 273 1056 792
f 273 792 1283
f 273 793 1283
f 273 1283 868
f 273 1056 1283
f 274 868 276
f 274 868 1305
f 274 868 1316
f 274 1316 1305
f 275 868 276
f 275 1242 276
f 275 793 1242
f 275 793 1283
f 275 1242 868
f 275 868 1283
f 275 1242 1283
f 276 772 868
f 276 1242 772
f 276 868 1242
f 277 284 283
f 277 283 900
f 277 900 284
f 277 1107 284
f 277 800 900
f 277 800 1107
f 277 900 1107
f 278 280 281
f 278 900 280
f 278 1115 280
f 278 281 1115
f 278 281 1501
f 278 1115 900
f 278 1501 900
f 278 1501 1115
f 279 281 280
f 279 1115 280
f 279 280 1469
f 279 1002 281
f 279 1115 281
f 279 282 890
f 279 282 1115
f 279 1469 282
f 279 890 1115
f 279 1115 1002
f 279 1469 1115
f 280 1115 281
f 280 900 1115
f 280 900 1469
f 280 1469 1115
f 281 1002 889
f 281 889 1115
f 281 889 1501
f 281 1002 1115
f 281 1115 1501
f 282 283 284
f 282 900 283
f 282 1115 283
f 282 1469 283
f 282 900 284
f 282 1115 284
f 282 284 1374
f 282 890 1115
f 282 1374 890
f 282 900 1115
f 282 1374 1115
f 282 1115 1469
f 283 900 284
f 283 1115 900
f 283 1469 900
f 283 1115 1469
f 284 900 1107
f 284 900 1115
f 284 900 1374
f 284 1107 1374
f 284 1115 1374
f 285 292 287
f 285 1489 287
f 285 292 1489
f 285 1501 292
f 285 1489 1501
f 286 287 291
f 286 287 1112
f 286 1340 287
f 286 291 760
f 286 1112 291
f 286 760 761
f 286 760 1112
f 286 761 1010
f 286 761 1112
f 286 1010 1112
f 286 1010 1340
f 286 1340 1112
f 287 292 291
f 287 291 1112
f 287 292 1112
f 287 1489 292
f 287 1340 1112
f 287 1489 1112
f 287 1340 1468
f 287 1489 1340
f 287 1468 1489
f 288 290 294
f 288 290 1489
f 288 294 800
f 288 1489 294
f 288 800 900
f 288 1489 800
f 288 900 1489
f 289 293 290
f 289 897 290
f 289 290 1340
f 289 763 293
f 289 897 293
f 289 1379 293
f 289 762 763
f 289 1010 762
f 289 1379 762
f 289 1379 763
f 289 897 1010
f 289 1340 897
f 289 1379 897
f 289 1340 1010
f 289 1379 1010
f 290 293 294
f 290 897 293
f 290 294 897
f 290 294 1489
f 290 897 1340
f 290 897 1489
f 290 1468 1340
f 290 1340 1489
f 290 1468 1489
f 291 292 1112
f 291 292 1490
f 291 1090 760
f 291 1112 760
f 291 1090 1112
f 291 1490 1090
f 291 1112 1490
f 292 799 1489
f 292 799 1490
f 292 1501 799
f 292 1112 1489
f 292 1490 1112
f 292 1490 1489
f 292 1489 1501
f 293 294 897
f 293 987 294
f 293 763 987
f 293 1379 763
f 293 897 987
f 293 1379 897
f 293 987 1379
f 294 897 800
f 294 987 800
f 294 1489 800
f 294 897 987
f 294 1489 897
f 295 305 303
f 295 303 1021
f 295 798 305
f 295 305 1021
f 295 1021 798
f 296 299 308
f 296 299 1021
f 296 308 797
f 296 1021 308
f 296 797 1021
f 297 306 298
f 297 298 1064
f 297 301 1055
f 297 1064 301
f 297 301 1257
f 297 1055 306
f 297 306 1064
f 297 1138 306
f 297 306 1324
f 297 1064 1055
f 297 1055 1139
f 297 1257 1055
f 297 1324 1055
f 297 1139 1138
f 297 1324 1138
f 297 1257 1139
f 297 1139 1324
f 298 299 302
f 298 308 299
f 298 1021 299
f 298 1243 299
f 298 302 1064
f 298 302 1243
f 298 306 307
f 298 1064 306
f 298 307 308
f 298 1021 307
f 298 307 1064
f 298 307 1243
f 298 1021 308
f 298 1021 1243
f 298 1064 1243
f 299 303 302
f 299 302 1243
f 299 1021 303
f 299 1243 303
f 299 1021 308
f 299 1243 1021
f 300 301 302
f 300 1055 301
f 300 1199 301
f 300 301 1243
f 300 1369 301
f 300 302 304
f 300 302 1243
f 300 304 958
f 300 304 1243
f 300 958 1004
f 300 958 1055
f 300 1243 958
f 300 1004 1055
f 300 1004 1199
f 300 1369 1004
f 300 1243 1055
f 300 1055 1369
f 300 1369 1199
f 301 1064 302
f 301 1243 302
f 301 1055 1064
f 301 1055 1243
f 301 1055 1257
f 301 1369 1055
f 301 1243 1064
f 301 1199 1198
f 301 1198 1257
f 301 1369 1198
f 301 1369 1199
f 301 1257 1369
f 302 303 305
f 302 1243 303
f 302 305 304
f 302 1243 304
f 302 305 1243
f 302 1243 1064
f 303 1021 305
f 303 305 1243
f 303 1243 1021
f 304 305 751
f 304 1243 305
f 304 751 958
f 304 1243 751
f 304 1243 958
f 305 798 751
f 305 751 1021
f 305 751 1243
f 305 1021 798
f 305 1021 1243
f 306 307 1064
f 306 1452 307
f 306 1012 1055
f 306 1138 1012
f 306 1012 1324
f 306 1012 1452
f 306 1055 1064
f 306 1324 1055
f 306 1055 1452
f 306 1452 1064
f 306 1324 1138
f 307 750 308
f 307 1021 308
f 307 1021 750
f 307 1243 750
f 307 1452 750
f 307 1243 1021
f 307 1243 1064
f 307 1064 1452
f 307 1452 1243
f 308 750 797
f 308 1021 750
f 308 1021 797
f 309 318 317
f 309 898 317
f 309 879 318
f 309 318 898
f 309 325 879
f 309 898 325
f 309 879 898
f 310 313 320
f 310 313 944
f 310 313 977
f 310 320 944
f 310 944 321
f 310 977 321
f 310 944 977
f 311 319 312
f 311 312 1196
f 311 1372 312
f 311 677 319
f 311 319 920
f 311 319 1256
f 311 319 1372
f 311 676 677
f 311 1256 676
f 311 1256 677
f 311 920 1256
f 311 920 1372
f 311 1372 1196
f 311 1196 1415
f 311 1256 1372
f 311 1415 1256
f 311 1415 1372
f 312 313 317
f 312 320 313
f 312 898 313
f 312 317 316
f 312 898 316
f 312 316 1196
f 312 898 317
f 312 319 320
f 312 1372 319
f 312 898 320
f 312 320 1372
f 312 1196 898
f 312 1372 898
f 312 1196 1372
f 313 317 898
f 313 317 977
f 313 320 898
f 313 944 320
f 313 944 898
f 313 977 898
f 313 944 977
f 314 315 316
f 314 675 315
f 314 912 315
f 314 315 1464
f 314 316 318
f 314 316 912
f 314 318 912
f 314 1367 675
f 314 675 1464
f 314 912 1367
f 314 912 1464
f 314 1464 1367
f 315 912 316
f 315 1196 316
f 315 675 674
f 315 674 1256
f 315 674 1464
f 315 675 1464
f 315 1196 912
f 315 1464 912
f 315 1415 1196
f 315 1464 1196
f 315 1256 1415
f 315 1464 1256
f 315 1415 1464
f 316 317 318
f 316 898 317
f 316 318 898
f 316 912 318
f 316 898 912
f 316 1196 898
f 316 1196 912
f 317 318 898
f 317 977 898
f 318 898 879
f 318 879 912
f 318 912 898
f 319 1237 320
f 319 1372 320
f 319 677 816
f 319 677 920
f 319 677 1256
f 319 816 920
f 319 816 1237
f 319 920 1237
f 319 920 1256
f 319 920 1372
f 319 1372 1237
f 320 898 944
f 320 1237 898
f 320 898 1372
f 320 1237 944
f 320 1372 1237
f 321 332 324
f 321 324 977
f 321 944 332
f 321 332 977
f 321 977 944
f 322 327 323
f 322 323 331
f 322 323 1255
f 322 326 327
f 322 764 326
f 322 1203 326
f 322 1255 326
f 322 1255 327
f 322 331 768
f 322 331 1203
f 322 331 1255
f 322 767 764
f 322 1203 764
f 322 768 767
f 322 767 1203
f 322 768 1203
f 322 1255 1203
f 323 328 324
f 323 324 332
f 323 977 324
f 323 327 328
f 323 977 327
f 323 1255 327
f 323 328 977
f 323 332 331
f 323 331 1255
f 323 977 332
f 323 332 1255
f 323 977 1255
f 324 977 328
f 324 977 332
f 325 328 330
f 325 898 328
f 325 330 879
f 325 898 330
f 325 879 898
f 326 329 327
f 326 1255 327
f 326 765 329
f 326 329 1203
f 326 329 1255
f 326 764 765
f 326 764 1203
f 326 765 1203
f 326 1203 1255
f 327 330 328
f 327 898 328
f 327 977 328
f 327 329 330
f 327 329 1255
f 327 330 898
f 327 330 1255
f 327 898 977
f 327 1255 898
f 327 977 1255
f 328 330 898
f 328 898 977
f 329 879 330
f 329 330 1255
f 329 1203 765
f 329 765 1280
f 329 1255 879
f 329 1280 879
f 329 1255 1203
f 329 1280 1203
f 329 1280 1255
f 330 879 898
f 330 1255 879
f 330 898 1255
f 331 332 944
f 331 1255 332
f 331 1005 768
f 331 1203 768
f 331 944 1005
f 331 1255 944
f 331 1203 1005
f 331 1005 1255
f 331 1255 1203
f 332 944 977
f 332 1255 944
f 332 977 1255
f 333 334 335
f 333 965 334
f 333 335 949
f 333 965 335
f 333 965 791
f 333 791 1099
f 333 1505 791
f 333 965 949
f 333 949 1099
f 333 1117 949
f 333 1099 965
f 333 1117 1099
f 333 1099 1505
f 334 965 335
f 334 335 1036
f 334 1306 335
f 334 965 998
f 334 1036 965
f 334 1036 998
f 334 998 1307
f 334 1306 1036
f 334 1307 1036
f 334 1307 1306
f 335 846 949
f 335 1036 846
f 335 1306 846
f 335 965 949
f 335 949 1036
f 335 965 1036
f 335 1306 1036
f 336 716 717
f 336 828 716
f 336 716 1401
f 336 717 789
f 336 717 1401
f 336 857 789
f 336 789 1401
f 336 789 1454
f 336 845 828
f 336 857 828
f 336 828 1401
f 336 857 845
f 336 845 1454
f 336 1401 857
f 336 857 1454
f 337 1224 745
f 337 1420 745
f 337 788 859
f 337 1420 788
f 337 1224 859
f 337 859 1420
f 337 1224 1420
f 338 859 340
f 338 1081 340
f 338 1008 859
f 338 1081 859
f 338 859 1471
f 338 1008 1081
f 338 1471 1008
f 339 686 1008
f 339 686 1471
f 339 1008 1471
f 340 859 609
f 340 1007 609
f 340 1007 859
f 340 859 1081
f 340 1081 1007
f 341 686 343
f 341 343 817
f 341 350 355
f 341 817 350
f 341 350 1081
f 341 350 1382
f 341 355 1008
f 341 1081 355
f 341 817 686
f 341 1008 686
f 341 1008 817
f 341 817 1081
f 341 1382 817
f 341 1081 1008
f 342 345 360
f 342 1075 345
f 342 360 824
f 342 1075 360
f 342 824 387
f 342 1075 387
f 342 1075 824
f 343 360 346
f 343 817 346
f 343 686 360
f 343 360 817
f 343 686 817
f 344 360 345
f 344 1075 345
f 344 345 1387
f 344 346 360
f 344 346 817
f 344 1387 346
f 344 817 360
f 344 1075 360
f 344 360 1387
f 344 1387 817
f 344 1387 1075
f 345 360 1075
f 345 1075 1062
f 345 1062 1387
f 345 1387 1075
f 346 817 360
f 346 1383 817
f 346 817 1387
f 346 1387 1383
f 347 359 358
f 347 1398 358
f 347 1363 359
f 347 1398 359
f 347 382 1363
f 347 1398 382
f 347 1363 1398
f 348 745 349
f 348 817 349
f 348 357 359
f 348 817 357
f 348 357 1398
f 348 359 1363
f 348 359 1398
f 348 817 745
f 348 1363 745
f 348 745 1398
f 348 1398 817
f 348 1398 1363
f 349 354 351
f 349 817 351
f 349 351 1382
f 349 351 1465
f 349 1224 354
f 349 1465 354
f 349 817 745
f 349 745 1224
f 349 1224 817
f 349 1382 817
f 349 817 1465
f 349 1224 1465
f 350 351 1006
f 350 351 1081
f 350 1382 351
f 350 355 1081
f 350 1081 817
f 350 817 1382
f 350 1006 1081
f 350 1382 1081
f 351 1465 354
f 351 817 1382
f 351 817 1465
f 351 1006 1081
f 351 1465 1006
f 351 1382 1081
f 351 1465 1081
f 351 1382 1465
f 352 353 859
f 352 353 1465
f 352 1224 859
f 352 859 1465
f 352 1465 1224
f 353 609 859
f 353 609 1007
f 353 859 1007
f 353 1465 859
f 353 1465 1007
f 354 1224 1465
f 355 1008 1081
f 356 359 357
f 356 357 1387
f 356 1398 357
f 356 358 359
f 356 1387 358
f 356 358 1398
f 356 359 1398
f 356 1387 1398
f 357 359 1398
f 357 817 1383
f 357 1387 817
f 357 817 1398
f 357 1383 1387
f 357 1398 1387
f 358 359 1398
f 358 1387 1062
f 358 1062 1398
f 358 1398 1387
f 359 1398 1363
f 360 817 686
f 360 686 824
f 360 817 824
f 360 1075 817
f 360 817 1387
f 360 1075 824
f 360 1387 1075
f 361 370 363
f 361 363 880
f 361 880 370
f 361 1432 370
f 361 915 880
f 361 880 1432
f 361 915 1432
f 362 363 370
f 362 363 880
f 362 1116 363
f 362 370 369
f 362 369 880
f 362 369 983
f 362 369 991
f 362 369 1183
f 362 1353 369
f 362 1432 369
f 362 369 1434
f 362 370 880
f 362 880 1116
f 362 1432 880
f 362 1434 880
f 362 983 1116
f 362 1183 983
f 362 983 1325
f 362 1353 983
f 362 983 1434
f 362 1183 991
f 362 991 1325
f 362 1325 1116
f 362 1434 1116
f 362 1325 1183
f 362 1183 1353
f 362 1434 1432
f 363 880 370
f 363 880 746
f 363 1116 746
f 363 880 1116
f 364 366 368
f 364 880 366
f 364 880 368
f 364 368 1432
f 364 880 915
f 364 1432 880
f 364 1432 915
f 365 368 366
f 365 366 1071
f 365 366 1434
f 365 367 368
f 365 932 367
f 365 1434 367
f 365 1434 368
f 365 1071 932
f 365 1434 932
f 365 1071 1434
f 366 880 368
f 366 1434 368
f 366 880 864
f 366 864 1071
f 366 864 1434
f 366 1434 880
f 366 1071 1434
f 367 1432 368
f 367 368 1434
f 367 932 933
f 367 1434 932
f 367 933 1353
f 367 933 1434
f 367 1353 1432
f 367 1434 1353
f 367 1432 1434
f 368 880 1432
f 368 880 1434
f 368 1434 1432
f 369 880 370
f 369 370 1432
f 369 880 1432
f 369 983 1353
f 369 983 1434
f 369 990 991
f 369 1183 990
f 369 1353 990
f 369 991 1183
f 369 1353 1183
f 369 1432 1353
f 369 1353 1434
f 369 1432 1434
f 370 880 1432
f 371 373 380
f 371 373 807
f 371 380 633
f 371 807 380
f 371 633 381
f 371 381 807
f 371 633 807
f 372 379 373
f 372 373 1232
f 372 373 1286
f 372 1147 379
f 372 1286 379
f 372 1146 1147
f 372 1232 1146
f 372 1146 1286
f 372 1286 1147
f 372 1232 1286
f 373 376 848
f 373 376 1232
f 373 1311 376
f 373 379 380
f 373 1286 379
f 373 807 380
f 373 380 848
f 373 1286 380
f 373 807 848
f 373 807 1311
f 373 1232 848
f 373 1286 848
f 373 848 1311
f 373 1232 1286
f 374 378 376
f 374 848 376
f 374 803 378
f 374 378 848
f 374 807 803
f 374 803 848
f 374 807 848
f 375 376 377
f 375 848 376
f 375 1232 376
f 375 848 377
f 375 1140 377
f 375 1232 377
f 375 1232 848
f 375 1140 1232
f 376 378 377
f 376 848 377
f 376 848 378
f 376 1232 848
f 376 1311 848
f 377 378 803
f 377 848 378
f 377 848 803
f 377 803 1140
f 377 1140 848
f 377 848 1232
f 377 1232 1140
f 378 803 848
f 379 633 380
f 379 1286 380
f 379 1066 633
f 379 1286 633
f 379 1147 1066
f 379 1066 1286
f 379 1286 1147
f 380 807 633
f 380 633 1286
f 380 807 848
f 380 1286 807
f 380 1286 848
f 381 392 385
f 381 807 385
f 381 840 385
f 381 633 392
f 381 392 840
f 381 807 633
f 381 840 633
f 381 807 840
f 382 384 392
f 382 840 384
f 382 384 1075
f 382 392 840
f 382 392 1363
f 382 840 1075
f 382 1363 840
f 382 1075 1363
f 382 1398 1075
f 382 1363 1398
f 383 392 384
f 383 840 384
f 383 384 1063
f 383 385 392
f 383 840 385
f 383 1312 385
f 383 840 388
f 383 1063 388
f 383 388 1312
f 383 840 392
f 383 1063 840
f 383 840 1312
f 384 840 392
f 384 840 1063
f 384 1075 840
f 384 1063 1075
f 385 840 392
f 385 807 840
f 385 1312 807
f 385 840 1312
f 386 389 391
f 386 389 807
f 386 840 389
f 386 391 803
f 386 391 840
f 386 803 807
f 386 840 803
f 386 807 840
f 387 391 390
f 387 390 840
f 387 390 1075
f 387 824 391
f 387 840 391
f 387 840 824
f 387 1075 824
f 387 840 1075
f 388 391 389
f 388 840 389
f 388 389 1312
f 388 390 391
f 388 840 390
f 388 1063 390
f 388 840 391
f 388 1063 840
f 388 1312 840
f 389 840 391
f 389 807 840
f 389 807 1312
f 389 1312 840
f 390 840 391
f 390 1063 840
f 390 840 1075
f 390 1075 1063
f 391 824 803
f 391 840 803
f 391 840 824
f 392 633 840
f 392 633 1363
f 392 840 1363
f 393 395 394
f 393 394 1447
f 393 712 395
f 393 1447 395
f 393 1447 712
f 394 834 395
f 394 1447 395
f 394 834 838
f 394 834 1447
f 394 1447 838
f 395 712 398
f 395 398 834
f 395 834 712
f 395 712 1447
f 395 1447 834
f 396 397 398
f 396 397 1396
f 396 398 712
f 396 398 1396
f 396 1396 712
f 397 834 398
f 397 398 1396
f 397 834 738
f 397 738 1396
f 397 1396 834
f 398 712 834
f 398 712 1396
f 398 1396 834
f 399 805 804
f 399 804 1099
f 399 973 805
f 399 1099 805
f 399 1099 973
f 399 1505 1099
f 400 804 401
f 400 401 904
f 400 401 1036
f 400 965 804
f 400 1036 804
f 400 904 905
f 400 1036 904
f 400 905 998
f 400 1036 905
f 400 998 965
f 400 965 1036
f 400 998 1036
f 401 804 805
f 401 804 1036
f 401 805 806
f 401 805 1036
f 401 806 892
f 401 806 1036
f 401 892 904
f 401 892 1036
f 401 1036 904
f 402 1414 1020
f 402 1020 1472
f 402 1020 1473
f 402 1413 1414
f 402 1472 1413
f 402 1414 1472
f 402 1473 1472
f 403 409 414
f 403 1317 409
f 403 1337 409
f 403 414 1202
f 403 1317 414
f 403 1317 1202
f 403 1337 1202
f 403 1317 1337
f 404 413 407
f 404 812 407
f 404 812 413
f 404 1144 413
f 404 812 1098
f 404 812 1100
f 404 1144 812
f 404 1098 1100
f 404 1098 1144
f 405 406 412
f 405 810 406
f 405 812 406
f 405 406 849
f 405 414 408
f 405 408 810
f 405 408 1317
f 405 412 414
f 405 849 412
f 405 412 1009
f 405 1317 412
f 405 1317 414
f 405 810 812
f 405 1009 810
f 405 1317 810
f 405 812 849
f 405 1009 812
f 405 1009 849
f 405 1009 1317
f 406 407 413
f 406 715 407
f 406 407 812
f 406 413 412
f 406 412 849
f 406 812 413
f 406 413 849
f 406 810 715
f 406 812 715
f 406 812 810
f 406 849 812
f 407 812 413
f 407 715 812
f 408 414 409
f 408 409 773
f 408 1317 409
f 408 414 1317
f 408 773 810
f 408 773 1317
f 408 1317 810
f 409 414 1317
f 409 1317 773
f 409 773 1337
f 409 1317 1337
f 410 421 417
f 410 831 417
f 410 421 831
f 410 1202 421
f 410 1317 421
f 410 831 1202
f 410 831 1317
f 410 1317 1202
f 411 419 422
f 411 812 419
f 411 1100 419
f 411 422 812
f 411 422 1144
f 411 812 1100
f 411 1144 812
f 411 1100 1098
f 411 1144 1098
f 411 1144 1100
f 412 413 849
f 412 420 414
f 412 414 1317
f 412 849 420
f 412 420 1317
f 412 1009 849
f 412 1317 849
f 412 1317 1009
f 413 849 812
f 413 1144 812
f 413 1144 849
f 414 420 421
f 414 1317 420
f 414 421 1202
f 414 1317 421
f 414 1317 1202
f 415 416 421
f 415 749 416
f 415 416 1009
f 415 420 418
f 415 812 418
f 415 418 849
f 415 418 873
f 415 421 420
f 415 420 849
f 415 1009 420
f 415 421 1009
f 415 873 749
f 415 1009 749
f 415 812 849
f 415 812 873
f 415 812 1009
f 415 1009 849
f 415 873 1009
f 416 417 421
f 416 749 417
f 416 831 417
f 416 831 421
f 416 1009 421
f 416 831 749
f 416 1009 749
f 416 831 1009
f 417 421 831
f 417 831 749
f 418 422 419
f 418 419 711
f 418 812 419
f 418 420 422
f 418 420 849
f 418 422 812
f 418 422 849
f 418 812 711
f 418 711 873
f 418 849 812
f 418 873 812
f 419 812 422
f 419 812 711
f 419 1100 711
f 419 1100 812
f 420 1009 421
f 420 421 1317
f 420 849 422
f 420 1009 849
f 420 1317 849
f 420 1009 1317
f 421 831 1009
f 421 1317 831
f 421 1317 1009
f 421 1317 1202
f 422 812 849
f 422 812 1144
f 422 849 1144
f 423 429 433
f 423 429 880
f 423 429 1011
f 423 433 915
f 423 1011 433
f 423 880 915
f 423 1011 880
f 423 1011 915
f 424 432 427
f 424 427 954
f 424 1254 427
f 424 432 954
f 424 1131 432
f 424 432 1251
f 424 954 1251
f 424 954 1254
f 424 1131 1251
f 424 1254 1131
f 424 1251 1254
f 425 431 1016
f 425 1026 431
f 425 1076 431
f 425 1218 431
f 425 872 952
f 425 1015 872
f 425 1076 872
f 425 872 1218
f 425 952 1026
f 425 1076 952
f 425 1016 1015
f 425 1015 1218
f 425 1016 1218
f 425 1076 1026
f 425 1076 1218
f 426 427 432
f 426 952 427
f 426 427 954
f 426 954 432
f 426 432 1027
f 426 1076 432
f 426 954 952
f 426 1026 952
f 426 952 1076
f 426 1076 954
f 426 1027 1026
f 426 1026 1076
f 426 1027 1076
f 427 954 432
f 427 952 673
f 427 954 673
f 427 673 1066
f 427 954 952
f 427 954 1066
f 427 954 1254
f 427 1066 1254
f 428 433 429
f 428 429 746
f 428 429 1011
f 428 429 1218
f 428 1011 433
f 428 1015 433
f 428 433 1218
f 428 746 872
f 428 746 1218
f 428 872 1015
f 428 872 1218
f 428 1218 1011
f 428 1218 1015
f 429 1011 433
f 429 746 880
f 429 1011 746
f 429 1218 746
f 429 880 1011
f 429 1218 1011
f 430 687 434
f 430 434 690
f 430 1058 434
f 430 434 1269
f 430 688 687
f 430 1269 687
f 430 1041 688
f 430 688 1269
f 430 690 997
f 430 690 1058
f 430 997 1041
f 430 1058 997
f 430 997 1269
f 430 1269 1041
f 430 1269 1058
f 431 1154 1016
f 431 1218 1016
f 431 1026 1027
f 431 1026 1076
f 431 1027 1058
f 431 1027 1076
f 431 1076 1058
f 431 1058 1154
f 431 1076 1154
f 431 1076 1218
f 431 1218 1154
f 432 689 954
f 432 1018 689
f 432 689 1058
f 432 689 1251
f 432 1058 954
f 432 1076 954
f 432 1251 954
f 432 1131 1018
f 432 1251 1018
f 432 1058 1027
f 432 1027 1076
f 432 1058 1076
f 432 1251 1131
f 433 687 975
f 433 1011 687
f 433 1154 687
f 433 975 915
f 433 915 1011
f 433 975 1011
f 433 1011 1154
f 433 1218 1011
f 433 1015 1016
f 433 1015 1218
f 433 1016 1154
f 433 1218 1016
f 433 1154 1218
f 434 687 1154
f 434 1269 687
f 434 689 690
f 434 1058 689
f 434 690 1058
f 434 1154 1058
f 434 1269 1058
f 434 1269 1154
f 435 441 447
f 435 441 953
f 435 441 1175
f 435 447 1084
f 435 1175 447
f 435 1084 953
f 435 953 1175
f 435 1175 1084
f 436 445 439
f 436 439 850
f 436 439 978
f 436 978 445
f 436 1389 445
f 436 978 850
f 436 1335 850
f 436 850 1389
f 436 1389 978
f 436 1335 1389
f 437 869 443
f 437 1188 443
f 437 443 1259
f 437 443 1313
f 437 869 1188
f 437 1313 869
f 437 1348 869
f 437 1258 908
f 437 1313 908
f 437 908 1348
f 437 1348 1188
f 437 1259 1258
f 437 1258 1313
f 437 1313 1259
f 437 1348 1313
f 438 439 445
f 438 978 439
f 438 1448 439
f 438 445 444
f 438 444 869
f 438 444 978
f 438 444 1187
f 438 978 445
f 438 869 978
f 438 869 1187
f 438 869 1188
f 438 869 1448
f 438 978 1448
f 438 1187 1188
f 438 1188 1448
f 439 445 978
f 439 850 669
f 439 866 669
f 439 850 866
f 439 850 978
f 439 978 866
f 439 1448 866
f 439 1448 978
f 440 447 441
f 440 441 928
f 440 441 1175
f 440 446 447
f 440 446 1175
f 440 1258 446
f 440 447 1175
f 440 928 908
f 440 1175 908
f 440 908 1258
f 440 1175 928
f 440 1258 1175
f 441 1175 447
f 441 928 953
f 441 928 1175
f 441 953 1175
f 442 869 448
f 442 448 1080
f 442 1142 448
f 442 448 1313
f 442 1080 869
f 442 869 1129
f 442 1313 869
f 442 1080 1129
f 442 1129 1141
f 442 1129 1313
f 442 1141 1142
f 442 1141 1313
f 442 1313 1142
f 443 869 1187
f 443 869 1188
f 443 1249 869
f 443 869 1313
f 443 1404 869
f 443 1188 1187
f 443 1187 1404
f 443 1249 1259
f 443 1249 1313
f 443 1404 1249
f 443 1259 1313
f 444 445 978
f 444 445 1389
f 444 869 978
f 444 869 1187
f 444 869 1404
f 444 1389 978
f 444 978 1404
f 444 1404 1187
f 444 1389 1404
f 445 1389 978
f 446 1175 447
f 446 1439 447
f 446 1258 1175
f 446 1259 1175
f 446 1175 1439
f 446 1258 1259
f 446 1259 1439
f 447 1175 1084
f 447 1439 1084
f 447 1439 1175
f 448 869 1079
f 448 1080 869
f 448 1249 869
f 448 869 1313
f 448 1404 869
f 448 1079 1080
f 448 1404 1079
f 448 1142 1249
f 448 1313 1142
f 448 1313 1249
f 448 1249 1404
f 449 462 452
f 449 953 452
f 449 953 462
f 449 1084 462
f 449 953 1084
f 450 996 460
f 450 1069 460
f 450 460 1173
f 450 995 996
f 450 995 1038
f 450 1297 995
f 450 1038 996
f 450 1069 996
f 450 996 1070
f 450 996 1173
f 450 1297 996
f 450 1038 1070
f 450 1070 1069
f 450 1173 1297
f 451 452 462
f 451 1125 452
f 451 462 461
f 451 461 1070
f 451 461 1125
f 451 1213 461
f 451 462 1125
f 451 1070 1038
f 451 1038 1125
f 451 1038 1213
f 451 1213 1070
f 451 1213 1125
f 452 462 953
f 452 462 1125
f 452 953 1125
f 453 996 454
f 453 454 1182
f 453 454 1233
f 453 1343 454
f 453 996 994
f 453 1174 994
f 453 994 1343
f 453 1174 996
f 453 1181 996
f 453 996 1233
f 453 996 1343
f 453 1181 1174
f 453 1182 1181
f 453 1233 1181
f 453 1182 1233
f 454 1233 996
f 454 1342 996
f 454 1343 996
f 454 1233 1182
f 454 1342 1233
f 454 1343 1342
f 455 457 459
f 455 457 1235
f 455 953 459
f 455 459 1084
f 455 459 1235
f 455 1084 953
f 455 1235 953
f 455 1084 1235
f 456 459 457
f 456 457 951
f 456 953 457
f 456 458 459
f 456 458 953
f 456 1181 458
f 456 458 1213
f 456 459 953
f 456 953 951
f 456 951 1174
f 456 1213 951
f 456 953 1213
f 456 1174 1181
f 456 1213 1174
f 456 1213 1181
f 457 953 459
f 457 459 1235
f 457 818 951
f 457 818 1235
f 457 951 953
f 457 951 1235
f 457 1235 953
f 458 461 459
f 458 459 953
f 458 953 461
f 458 461 1213
f 458 1233 461
f 458 953 1213
f 458 1181 1182
f 458 1181 1213
f 458 1182 1213
f 458 1182 1233
f 458 1233 1213
f 459 461 462
f 459 461 953
f 459 462 953
f 459 462 1084
f 459 953 1084
f 459 953 1235
f 460 1069 996
f 460 1172 996
f 460 996 1173
f 460 1233 996
f 460 1069 1233
f 460 1172 1173
f 460 1233 1172
f 461 462 953
f 461 462 1125
f 461 953 1125
f 461 1213 953
f 461 1069 1070
f 461 1069 1213
f 461 1233 1069
f 461 1070 1213
f 461 1125 1213
f 461 1233 1213
f 462 1084 953
f 462 953 1125
f 463 466 471
f 463 466 1210
f 463 1425 466
f 463 1210 471
f 463 471 1253
f 463 1253 1210
f 463 1331 1210
f 463 1210 1421
f 463 1210 1425
f 463 1253 1331
f 463 1421 1331
f 463 1425 1421
f 464 470 465
f 464 465 1097
f 464 465 1123
f 464 1214 465
f 464 469 470
f 464 969 469
f 464 1105 469
f 464 469 1123
f 464 469 1132
f 464 470 1123
f 464 962 969
f 464 1097 962
f 464 962 1105
f 464 1132 962
f 464 1132 969
f 464 1105 1097
f 464 1097 1214
f 464 1123 1105
f 464 1132 1105
f 464 1105 1214
f 464 1123 1214
f 465 471 466
f 465 466 1214
f 465 466 1425
f 465 470 471
f 465 470 1123
f 465 1214 470
f 465 471 1214
f 465 1104 1097
f 465 1214 1097
f 465 1104 1214
f 465 1425 1104
f 465 1123 1214
f 465 1214 1425
f 466 1210 471
f 466 1214 471
f 466 1210 1214
f 466 1425 1210
f 466 1425 1214
f 467 476 474
f 467 1417 474
f 467 1253 476
f 467 1417 476
f 467 1331 1253
f 467 1253 1417
f 467 1349 1331
f 467 1331 1417
f 467 1349 1417
f 468 469 1068
f 468 469 1105
f 468 1123 469
f 468 1132 469
f 468 472 475
f 468 1077 472
f 468 1105 472
f 468 472 1123
f 468 472 1443
f 468 475 1123
f 468 1068 1078
f 468 1068 1132
f 468 1078 1077
f 468 1443 1077
f 468 1132 1078
f 468 1078 1443
f 468 1123 1105
f 468 1105 1132
f 468 1443 1105
f 468 1132 1443
f 469 1123 470
f 469 969 968
f 469 968 1068
f 469 1132 968
f 469 969 1132
f 469 1068 1132
f 469 1105 1123
f 469 1132 1105
f 470 1214 471
f 470 1253 471
f 470 1214 1123
f 470 1123 1253
f 470 1253 1214
f 471 1210 1214
f 471 1210 1253
f 471 1253 1214
f 472 473 475
f 472 1123 473
f 472 1418 473
f 472 475 1123
f 472 1105 989
f 472 1373 989
f 472 989 1418
f 472 1077 1373
f 472 1077 1443
f 472 1123 1105
f 472 1373 1105
f 472 1105 1418
f 472 1443 1105
f 472 1123 1418
f 472 1443 1373
f 473 474 476
f 473 1388 474
f 473 1417 474
f 473 476 475
f 473 475 1123
f 473 1214 475
f 473 1417 475
f 473 476 1417
f 473 1214 1123
f 473 1123 1418
f 473 1214 1417
f 473 1214 1418
f 473 1388 1417
f 473 1418 1388
f 473 1418 1417
f 474 476 1417
f 474 1388 1417
f 474 1388 1455
f 474 1455 1417
f 475 476 1253
f 475 1417 476
f 475 1214 1123
f 475 1253 1123
f 475 1253 1214
f 475 1417 1214
f 475 1253 1417
f 476 1417 1253
f 477 481 492
f 477 1252 481
f 477 492 1217
f 477 1252 492
f 477 492 1330
f 477 1217 1252
f 477 1330 1217
f 477 1252 1330
f 478 490 720
f 478 733 490
f 478 490 1044
f 478 490 1151
f 478 1264 490
f 478 720 721
f 478 720 1151
f 478 721 1151
f 478 1030 733
f 478 1044 733
f 478 1030 1044
f 478 1151 1030
f 478 1151 1044
f 478 1264 1044
f 478 1151 1264
f 479 492 480
f 479 480 1293
f 479 480 1330
f 479 491 492
f 479 721 491
f 479 1145 491
f 479 491 1293
f 479 1330 491
f 479 492 1330
f 479 1145 721
f 479 1293 721
f 479 1293 1145
f 479 1330 1293
f 480 492 481
f 480 481 801
f 480 1252 481
f 480 492 1252
f 480 492 1330
f 480 801 1252
f 480 801 1293
f 480 1330 801
f 480 1252 1330
f 480 1293 1330
f 481 492 1252
f 481 801 1252
f 482 724 483
f 482 483 731
f 482 483 1264
f 482 725 724
f 482 1264 724
f 482 1049 725
f 482 1264 725
f 482 731 1225
f 482 731 1264
f 482 1225 1049
f 482 1049 1264
f 482 1225 1264
f 483 724 1149
f 483 1264 724
f 483 730 731
f 483 730 1264
f 483 1397 730
f 483 731 1264
f 483 1149 1264
f 483 1149 1397
f 483 1397 1264
f 484 489 487
f 484 1330 487
f 484 1217 489
f 484 1330 489
f 484 1217 1330
f 485 486 489
f 485 1321 486
f 485 486 1330
f 485 489 488
f 485 488 725
f 485 488 1145
f 485 488 1330
f 485 1330 489
f 485 725 1145
f 485 725 1321
f 485 1321 1145
f 485 1145 1330
f 485 1321 1330
f 486 487 489
f 486 802 487
f 486 1330 487
f 486 1330 489
f 486 1321 802
f 486 802 1330
f 486 1330 1321
f 487 489 1330
f 487 802 1292
f 487 802 1330
f 487 1292 1330
f 488 489 492
f 488 1330 489
f 488 492 491
f 488 491 720
f 488 491 1145
f 488 491 1330
f 488 1330 492
f 488 720 724
f 488 1145 720
f 488 724 725
f 488 724 1145
f 488 1145 725
f 488 1330 1145
f 489 1217 492
f 489 1330 492
f 489 1217 1330
f 490 1149 720
f 490 720 1151
f 490 733 732
f 490 1044 732
f 490 732 1397
f 490 1044 733
f 490 1044 1264
f 490 1397 1044
f 490 1149 1151
f 490 1149 1264
f 490 1397 1149
f 490 1151 1264
f 490 1264 1397
f 491 1330 492
f 491 721 720
f 491 720 1145
f 491 1145 721
f 491 1293 1145
f 491 1145 1330
f 491 1293 1330
f 492 1217 1330
f 492 1252 1330
f 493 499 503
f 493 499 1156
f 493 503 809
f 493 503 1156
f 493 809 913
f 493 809 974
f 493 809 1156
f 493 974 913
f 493 1156 913
f 494 502 497
f 494 909 497
f 494 497 1252
f 494 909 502
f 494 1217 502
f 494 909 1217
f 494 909 1252
f 494 1252 1217
f 495 496 501
f 495 955 496
f 495 496 1119
f 495 501 498
f 495 982 498
f 495 498 1091
f 495 501 982
f 495 1119 501
f 495 955 982
f 495 1091 955
f 495 1119 955
f 495 1091 982
f 495 982 1119
f 496 497 502
f 496 801 497
f 496 497 909
f 496 1119 497
f 496 502 501
f 496 501 1119
f 496 909 502
f 496 502 1119
f 496 955 801
f 496 801 1119
f 496 1119 909
f 496 955 1119
f 497 909 502
f 497 909 801
f 497 1119 801
f 497 801 1252
f 497 909 1119
f 497 1252 909
f 498 503 499
f 498 499 777
f 498 499 1156
f 498 501 503
f 498 982 501
f 498 503 982
f 498 1156 503
f 498 777 1091
f 498 1156 777
f 498 1091 982
f 498 982 1156
f 498 1091 1156
f 499 1156 503
f 499 1156 777
f 500 508 504
f 500 504 982
f 500 504 1093
f 500 504 1152
f 500 1435 504
f 500 506 508
f 500 1220 506
f 500 506 1435
f 500 508 1435
f 500 1093 862
f 500 1152 862
f 500 862 1220
f 500 982 1152
f 500 1220 982
f 500 1435 982
f 500 1152 1093
f 500 1220 1152
f 500 1220 1435
f 501 502 1047
f 501 502 1119
f 501 982 503
f 501 1221 503
f 501 1047 982
f 501 982 1119
f 501 1221 982
f 501 1047 1119
f 501 1047 1221
f 502 680 909
f 502 680 1047
f 502 1217 680
f 502 1047 909
f 502 1119 909
f 502 1217 909
f 502 1119 1047
f 503 1156 809
f 503 1221 809
f 503 982 1156
f 503 982 1221
f 503 1221 1156
f 504 508 1221
f 504 1435 508
f 504 1152 982
f 504 1221 982
f 504 1435 982
f 504 1047 1094
f 504 1047 1152
f 504 1221 1047
f 504 1094 1093
f 504 1152 1093
f 504 1094 1152
f 504 1152 1221
f 504 1221 1435
f 505 508 507
f 505 809 507
f 505 507 913
f 505 809 508
f 505 913 809
f 505 974 809
f 505 974 913
f 506 507 508
f 506 776 507
f 506 507 1435
f 506 1435 508
f 506 1220 776
f 506 1435 776
f 506 1220 1435
f 507 508 809
f 507 508 1435
f 507 776 913
f 507 1435 776
f 507 809 913
f 507 809 1435
f 507 1435 913
f 508 809 1221
f 508 809 1435
f 508 1435 1221
f 509 519 513
f 509 513 1200
f 509 974 519
f 509 519 1200
f 509 913 974
f 509 1200 913
f 509 1200 974
f 510 515 520
f 510 819 515
f 510 1121 515
f 510 520 1121
f 510 948 819
f 510 1121 819
f 510 1121 948
f 511 512 518
f 511 986 512
f 511 512 1287
f 511 520 514
f 511 514 1288
f 511 514 1378
f 511 518 520
f 511 518 1287
f 511 518 1378
f 511 1378 520
f 511 1287 950
f 511 950 1288
f 511 950 1378
f 511 986 1287
f 511 1288 986
f 511 1288 1287
f 511 1378 1287
f 511 1378 1288
f 512 513 519
f 512 986 513
f 512 513 1200
f 512 519 518
f 512 1287 518
f 512 519 1200
f 512 1287 519
f 512 1200 986
f 512 1287 986
f 512 1287 1200
f 513 1200 519
f 513 986 777
f 513 777 1200
f 513 986 1200
f 514 520 515
f 514 515 741
f 514 819 515
f 514 520 819
f 514 520 950
f 514 1121 520
f 514 1378 520
f 514 819 741
f 514 950 741
f 514 741 1288
f 514 819 950
f 514 819 1121
f 514 1121 950
f 514 950 1288
f 514 950 1378
f 514 1288 1378
f 515 520 819
f 515 520 1121
f 515 741 819
f 515 819 1121
f 516 527 528
f 516 527 913
f 516 1200 527
f 516 528 974
f 516 528 1200
f 516 974 913
f 516 1200 913
f 516 1200 974
f 517 525 524
f 517 819 524
f 517 1121 524
f 517 1121 525
f 517 948 819
f 517 1121 819
f 517 948 1121
f 518 519 999
f 518 519 1287
f 518 1378 520
f 518 1287 999
f 518 999 1378
f 518 1287 1378
f 519 974 528
f 519 528 999
f 519 1200 528
f 519 974 1200
f 519 1200 999
f 519 999 1287
f 519 1287 1200
f 520 1121 819
f 520 950 1121
f 520 1378 950
f 520 1378 1121
f 521 526 522
f 521 522 950
f 521 522 1287
f 521 522 1441
f 521 528 526
f 521 1287 526
f 521 999 528
f 521 528 1287
f 521 950 1287
f 521 1378 950
f 521 950 1441
f 521 999 1287
f 521 1378 999
f 521 1287 1378
f 521 1441 1378
f 522 1287 526
f 522 526 1329
f 522 950 1287
f 522 950 1440
f 522 950 1441
f 522 1442 950
f 522 1329 1287
f 522 1287 1440
f 522 1329 1440
f 522 1440 1442
f 522 1442 1441
f 523 524 525
f 523 740 524
f 523 950 524
f 523 524 1121
f 523 950 525
f 523 525 1121
f 523 525 1442
f 523 950 740
f 523 1440 740
f 523 1121 950
f 523 950 1440
f 523 1442 950
f 523 1442 1440
f 524 525 1121
f 524 740 819
f 524 950 740
f 524 740 959
f 524 819 950
f 524 959 819
f 524 819 1121
f 524 950 1121
f 525 950 1121
f 525 950 1378
f 525 950 1441
f 525 1442 950
f 525 1121 1378
f 525 1378 1441
f 525 1441 1442
f 526 528 527
f 526 527 1200
f 526 527 1329
f 526 528 1200
f 526 1287 528
f 526 1200 1287
f 526 1329 1200
f 526 1329 1287
f 527 1200 528
f 527 913 776
f 527 776 1200
f 527 776 1329
f 527 913 1200
f 527 1329 1200
f 528 1200 974
f 528 1200 999
f 528 999 1287
f 528 1200 1287
f 529 535 539
f 529 1100 535
f 529 1236 535
f 529 539 1236
f 529 1100 1098
f 529 1236 1098
f 529 1236 1100
f 530 538 533
f 530 533 819
f 530 533 1403
f 530 1403 538
f 530 948 819
f 530 819 1403
f 530 948 1403
f 531 537 534
f 531 534 979
f 531 534 1164
f 531 1035 537
f 531 1164 537
f 531 1375 537
f 531 979 901
f 531 1035 901
f 531 1164 901
f 531 901 1376
f 531 1164 979
f 531 1035 1164
f 531 1035 1375
f 531 1376 1035
f 531 1376 1375
f 532 533 538
f 532 782 533
f 532 1035 533
f 532 1035 538
f 532 538 1376
f 532 1035 782
f 532 1376 782
f 532 1035 1376
f 533 538 1035
f 533 1403 538
f 533 782 819
f 533 782 1035
f 533 1035 819
f 533 819 1403
f 533 1035 1403
f 534 539 535
f 534 535 979
f 534 535 1295
f 534 537 539
f 534 537 1164
f 534 1164 539
f 534 539 1295
f 534 1164 979
f 534 979 1295
f 534 1295 1164
f 535 1236 539
f 535 1295 539
f 535 715 979
f 535 715 1100
f 535 1100 979
f 535 979 1295
f 535 1100 1236
f 535 1295 1100
f 535 1236 1295
f 536 692 540
f 536 540 1170
f 536 1245 540
f 536 1120 692
f 536 692 1245
f 536 902 1120
f 536 1169 902
f 536 902 1245
f 536 1245 1120
f 536 1170 1169
f 536 1169 1245
f 536 1245 1170
f 537 1164 539
f 537 1239 539
f 537 1035 1164
f 537 1239 1035
f 537 1035 1375
f 537 1164 1239
f 537 1375 1239
f 538 1035 1239
f 538 1375 1035
f 538 1376 1035
f 538 1035 1403
f 538 1239 1375
f 538 1403 1239
f 538 1375 1376
f 539 1164 1236
f 539 1164 1239
f 539 1295 1164
f 539 1239 1236
f 539 1236 1295
f 540 692 691
f 540 691 1164
f 540 691 1239
f 540 1245 691
f 540 1245 692
f 540 1164 1239
f 540 1245 1164
f 540 1239 1170
f 540 1245 1170
f 540 1239 1245
f 541 551 545
f 541 814 545
f 541 1183 545
f 541 814 551
f 541 1067 551
f 541 1067 814
f 541 1183 814
f 541 1183 1067
f 542 547 552
f 542 547 850
f 542 1291 547
f 542 552 1291
f 542 552 1335
f 542 1291 850
f 542 850 1335
f 542 1291 1335
f 543 544 550
f 543 896 544
f 543 544 940
f 543 552 546
f 543 546 1290
f 543 546 1291
f 543 550 552
f 543 550 940
f 543 1291 550
f 543 552 1291
f 543 896 940
f 543 1290 896
f 543 940 1290
f 543 1291 940
f 543 1290 1291
f 544 545 551
f 544 775 545
f 544 545 814
f 544 551 550
f 544 550 940
f 544 551 814
f 544 940 551
f 544 775 814
f 544 896 775
f 544 896 814
f 544 940 814
f 544 896 940
f 545 814 551
f 545 775 814
f 545 1183 775
f 545 814 1183
f 546 552 547
f 546 547 1290
f 546 547 1291
f 546 552 1291
f 546 1291 1290
f 547 1291 552
f 547 669 850
f 547 669 1290
f 547 850 1290
f 547 850 1291
f 547 1290 1291
f 548 559 560
f 548 814 559
f 548 559 1082
f 548 560 814
f 548 560 1067
f 548 1067 814
f 548 1082 814
f 548 1067 1082
f 549 557 556
f 549 850 556
f 549 556 1370
f 549 557 850
f 549 1291 557
f 549 1335 557
f 549 1291 850
f 549 1335 850
f 549 1370 850
f 549 1335 1291
f 549 1370 1335
f 550 551 560
f 550 940 551
f 550 1053 552
f 550 552 1291
f 550 560 553
f 550 553 940
f 550 553 1053
f 550 940 560
f 550 940 1053
f 550 1291 940
f 550 1291 1053
f 551 814 560
f 551 940 560
f 551 1067 560
f 551 814 940
f 551 814 1067
f 552 1291 1053
f 552 1053 1335
f 552 1335 1291
f 553 554 557
f 553 558 554
f 553 554 940
f 553 554 1053
f 553 557 1053
f 553 560 558
f 553 558 940
f 553 560 940
f 553 940 1053
f 554 555 557
f 554 555 940
f 554 1013 555
f 554 555 1053
f 554 557 1053
f 554 940 558
f 554 558 1013
f 554 940 1013
f 554 1053 940
f 555 556 557
f 555 668 556
f 555 850 556
f 555 557 850
f 555 557 1053
f 555 557 1291
f 555 668 850
f 555 940 668
f 555 1013 668
f 555 940 850
f 555 850 1291
f 555 940 1013
f 555 1053 940
f 555 1291 940
f 555 1291 1053
f 556 557 850
f 556 668 833
f 556 850 668
f 556 833 850
f 556 1370 833
f 556 850 1370
f 557 850 1291
f 557 1291 1053
f 557 1335 1053
f 557 1291 1335
f 558 560 559
f 558 559 774
f 558 814 559
f 558 560 814
f 558 560 940
f 558 774 814
f 558 774 1013
f 558 814 940
f 558 814 1013
f 558 940 1013
f 559 814 560
f 559 774 814
f 559 774 1082
f 559 814 1082
f 560 940 814
f 560 814 1067
f 561 569 562
f 561 1092 562
f 561 1227 562
f 561 1481 562
f 561 562 1483
f 561 562 1493
f 561 562 1498
f 561 569 695
f 561 1092 569
f 561 1227 569
f 561 695 1092
f 561 695 1492
f 561 695 1493
f 561 1493 1092
f 561 1483 1227
f 561 1481 1483
f 561 1488 1481
f 561 1498 1481
f 561 1492 1488
f 561 1488 1498
f 561 1493 1492
f 561 1492 1498
f 561 1498 1493
f 562 570 569
f 562 569 1092
f 562 1226 569
f 562 1227 569
f 562 1092 570
f 562 570 1226
f 562 1493 1092
f 562 1226 1227
f 562 1226 1482
f 562 1483 1226
f 562 1483 1227
f 562 1481 1482
f 562 1483 1481
f 562 1481 1498
f 562 1482 1483
f 562 1482 1498
f 562 1498 1493
f 563 564 578
f 563 564 714
f 563 564 1180
f 563 564 1189
f 563 564 1296
f 563 564 1361
f 563 1477 564
f 563 564 1491
f 563 578 577
f 563 577 1095
f 563 1296 577
f 563 1361 577
f 563 1438 577
f 563 578 1296
f 563 578 1361
f 563 714 713
f 563 1045 713
f 563 713 1180
f 563 713 1189
f 563 714 1180
f 563 1189 714
f 563 1095 1045
f 563 1189 1045
f 563 1045 1296
f 563 1095 1296
f 563 1180 1476
f 563 1180 1477
f 563 1296 1189
f 563 1438 1361
f 563 1491 1361
f 563 1476 1438
f 563 1491 1438
f 563 1477 1476
f 563 1491 1476
f 563 1477 1491
f 564 1096 578
f 564 578 1296
f 564 578 1361
f 564 714 1180
f 564 714 1189
f 564 1477 714
f 564 1189 1096
f 564 1296 1096
f 564 1477 1180
f 564 1189 1296
f 564 1361 1491
f 564 1491 1477
f 565 566 593
f 565 1360 566
f 565 566 1361
f 565 1437 566
f 565 566 1438
f 565 1478 566
f 565 1485 566
f 565 1495 566
f 565 1497 566
f 565 593 1360
f 565 1485 593
f 565 593 1495
f 565 1496 593
f 565 1360 1361
f 565 1360 1438
f 565 1485 1360
f 565 1438 1361
f 565 1438 1437
f 565 1478 1437
f 565 1438 1478
f 565 1478 1497
f 565 1495 1496
f 565 1497 1495
f 565 1497 1496
f 566 593 594
f 566 1485 593
f 566 1495 593
f 566 1485 594
f 566 594 1495
f 566 1361 1360
f 566 1360 1485
f 566 1437 1361
f 566 1438 1361
f 566 1361 1485
f 566 1438 1437
f 566 1478 1437
f 566 1479 1437
f 566 1478 1479
f 566 1497 1478
f 566 1487 1479
f 566 1479 1497
f 566 1495 1487
f 566 1487 1497
f 566 1497 1495
f 567 568 752
f 567 568 806
f 567 568 1117
f 567 1204 568
f 567 1212 568
f 567 1341 568
f 567 568 1345
f 567 602 753
f 567 947 602
f 567 602 1341
f 567 615 947
f 567 1204 615
f 567 1346 615
f 567 752 753
f 567 806 752
f 567 752 1341
f 567 753 806
f 567 1341 753
f 567 806 1117
f 567 806 1212
f 567 947 1204
f 567 1341 947
f 567 1212 1117
f 567 1204 1341
f 567 1204 1345
f 567 1346 1204
f 567 1212 1345
f 567 1212 1346
f 567 1346 1345
f 568 752 601
f 568 601 946
f 568 601 1341
f 568 946 616
f 568 1204 616
f 568 616 1345
f 568 748 949
f 568 748 1117
f 568 1212 748
f 568 1345 748
f 568 752 806
f 568 846 752
f 568 752 1341
f 568 846 806
f 568 806 1117
f 568 949 846
f 568 846 1117
f 568 1204 946
f 568 946 1341
f 568 949 1117
f 568 1117 1212
f 568 1341 1204
f 568 1345 1204
f 568 1345 1212
f 569 570 757
f 569 1092 570
f 569 570 1216
f 569 1226 570
f 569 617 750
f 569 756 617
f 569 1216 617
f 569 917 695
f 569 695 1092
f 569 750 917
f 569 1216 750
f 569 757 756
f 569 1216 756
f 569 1226 756
f 569 1227 756
f 569 1216 757
f 569 1226 757
f 569 1092 917
f 569 1216 917
f 569 1216 1092
f 569 1226 1227
f 570 618 757
f 570 1092 618
f 570 618 1216
f 570 1216 757
f 570 757 1226
f 570 1092 1216
f 571 1180 572
f 571 1436 572
f 571 572 1477
f 571 1486 572
f 571 603 770
f 571 1180 603
f 571 603 1436
f 571 770 1436
f 571 770 1456
f 571 1436 1180
f 571 1476 1180
f 571 1180 1477
f 571 1436 1456
f 571 1436 1486
f 571 1456 1476
f 571 1486 1456
f 571 1477 1476
f 571 1486 1476
f 571 1486 1477
f 572 771 604
f 572 604 794
f 572 1436 604
f 572 794 714
f 572 1180 714
f 572 714 1477
f 572 1436 771
f 572 1457 771
f 572 1180 794
f 572 1436 794
f 572 1180 1436
f 572 1477 1180
f 572 1457 1436
f 572 1436 1486
f 572 1486 1457
f 572 1477 1486
f 573 574 631
f 573 574 632
f 573 574 722
f 573 855 574
f 573 1332 574
f 573 574 1410
f 573 574 1424
f 573 574 1453
f 573 631 632
f 573 722 631
f 573 631 855
f 573 632 855
f 573 1410 722
f 573 855 1332
f 573 855 1453
f 573 1424 1332
f 573 1453 1332
f 573 1410 1424
f 574 631 632
f 574 722 631
f 574 631 723
f 574 1321 631
f 574 632 855
f 574 632 1321
f 574 1453 632
f 574 722 723
f 574 1410 722
f 574 1321 723
f 574 723 1410
f 574 723 1424
f 574 855 1453
f 574 1332 1333
f 574 1332 1424
f 574 1332 1453
f 574 1424 1333
f 574 1333 1453
f 574 1424 1410
f 575 620 576
f 575 576 634
f 575 893 576
f 575 1270 576
f 575 1332 576
f 575 576 1355
f 575 576 1412
f 575 1453 576
f 575 576 1470
f 575 620 619
f 575 894 619
f 575 1355 619
f 575 619 1453
f 575 1355 620
f 575 1453 620
f 575 634 1270
f 575 1333 634
f 575 634 1412
f 575 893 894
f 575 1355 893
f 575 893 1470
f 575 1355 894
f 575 1470 894
f 575 1270 1470
f 575 1332 1333
f 575 1412 1332
f 575 1453 1332
f 575 1412 1333
f 575 1453 1333
f 576 893 606
f 576 606 1043
f 576 606 1470
f 576 620 893
f 576 1332 620
f 576 1355 620
f 576 620 1453
f 576 635 634
f 576 634 1270
f 576 1412 634
f 576 1043 635
f 576 635 1270
f 576 635 1332
f 576 635 1368
f 576 635 1412
f 576 1355 893
f 576 893 1470
f 576 1368 1043
f 576 1043 1470
f 576 1270 1368
f 576 1270 1470
f 576 1332 1412
f 576 1453 1332
f 576 1470 1368
f 577 578 865
f 577 1096 578
f 577 1296 578
f 577 1361 578
f 577 578 1390
f 577 865 636
f 577 938 636
f 577 636 1095
f 577 636 1390
f 577 938 865
f 577 1360 865
f 577 865 1361
f 577 1390 865
f 577 1360 938
f 577 1096 1095
f 577 1095 1296
f 577 1390 1095
f 577 1296 1096
f 577 1096 1390
f 577 1360 1361
f 577 1438 1360
f 577 1438 1361
f 578 637 865
f 578 637 937
f 578 1096 637
f 578 1390 637
f 578 937 865
f 578 1361 865
f 578 865 1390
f 578 937 1361
f 578 1096 1296
f 578 1390 1096
f 579 945 581
f 579 581 1463
f 579 1467 581
f 579 582 1197
f 579 582 1395
f 579 1430 582
f 579 1467 582
f 579 945 1197
f 579 1395 945
f 579 1467 945
f 579 1197 1395
f 579 1467 1197
f 579 1431 1430
f 579 1467 1430
f 579 1463 1431
f 579 1431 1467
f 579 1467 1463
f 580 581 667
f 580 945 581
f 580 581 1197
f 580 1271 581
f 580 667 666
f 580 945 666
f 580 666 1014
f 580 666 1358
f 580 667 945
f 580 1197 945
f 580 945 1358
f 580 1014 1054
f 580 1014 1197
f 580 1014 1358
f 580 1054 1197
f 580 1054 1271
f 580 1197 1271
f 580 1358 1197
f 581 945 667
f 581 945 1197
f 581 945 1467
f 581 1271 1197
f 581 1272 1197
f 581 1197 1467
f 581 1271 1272
f 581 1272 1463
f 581 1272 1467
f 581 1467 1463
f 582 1111 921
f 582 921 1197
f 582 921 1394
f 582 1197 1111
f 582 1430 1111
f 582 1467 1111
f 582 1197 1394
f 582 1197 1395
f 582 1197 1467
f 582 1394 1395
f 582 1467 1430
f 583 650 584
f 583 584 1227
f 583 1230 584
f 583 584 1300
f 583 584 1456
f 583 584 1482
f 583 584 1483
f 583 649 650
f 583 649 1230
f 583 1300 649
f 583 650 1230
f 583 650 1300
f 583 1230 1227
f 583 1227 1483
f 583 1456 1300
f 583 1481 1456
f 583 1482 1456
f 583 1481 1482
f 583 1483 1481
f 583 1483 1482
f 584 650 771
f 584 930 650
f 584 1230 650
f 584 650 1300
f 584 1300 771
f 584 771 1457
f 584 1226 930
f 584 1230 930
f 584 1227 1226
f 584 1226 1230
f 584 1482 1226
f 584 1226 1483
f 584 1227 1230
f 584 1483 1227
f 584 1456 1300
f 584 1457 1300
f 584 1456 1457
f 584 1456 1482
f 584 1457 1482
f 584 1482 1483
f 585 587 586
f 585 671 586
f 585 586 672
f 585 841 586
f 585 842 586
f 585 586 972
f 585 1129 586
f 585 1294 586
f 585 586 1350
f 585 587 588
f 585 587 1129
f 585 1294 587
f 585 588 671
f 585 588 1129
f 585 1294 588
f 585 672 671
f 585 671 842
f 585 671 1129
f 585 672 842
f 585 841 842
f 585 972 841
f 585 842 972
f 585 972 1350
f 585 1350 1294
f 586 587 747
f 586 1129 587
f 586 587 1294
f 586 671 672
f 586 1129 671
f 586 841 672
f 586 672 842
f 586 672 1129
f 586 747 1229
f 586 747 1294
f 586 842 841
f 586 971 841
f 586 841 972
f 586 972 971
f 586 1229 971
f 586 1350 971
f 586 972 1350
f 586 1229 1294
f 586 1229 1350
f 586 1350 1294
f 587 747 588
f 587 588 866
f 587 588 1003
f 587 588 1129
f 587 1212 588
f 587 1294 588
f 587 588 1345
f 587 830 668
f 587 668 1003
f 587 668 1346
f 587 1212 747
f 587 747 1294
f 587 830 866
f 587 1003 830
f 587 1129 830
f 587 1003 866
f 587 1129 866
f 587 1212 1003
f 587 1345 1003
f 587 1003 1346
f 587 1345 1212
f 587 1346 1212
f 588 669 866
f 588 669 1003
f 588 1345 669
f 588 908 671
f 588 1129 671
f 588 747 748
f 588 747 1212
f 588 1294 747
f 588 1212 748
f 588 1294 748
f 588 748 1345
f 588 866 908
f 588 866 1003
f 588 1129 866
f 588 1129 908
f 588 1003 1345
f 588 1345 1212
f 589 708 591
f 589 853 591
f 589 591 1001
f 589 592 701
f 589 704 592
f 589 592 853
f 589 970 592
f 589 1381 592
f 589 701 708
f 589 701 853
f 589 701 970
f 589 703 704
f 589 1001 703
f 589 1381 703
f 589 704 1381
f 589 853 708
f 589 970 853
f 589 853 1001
f 589 853 1381
f 589 1001 1381
f 590 591 708
f 590 591 853
f 590 591 1039
f 590 1444 591
f 590 591 1449
f 590 708 707
f 590 707 1039
f 590 1039 708
f 590 1039 853
f 590 853 1449
f 590 1039 1000
f 590 1000 1444
f 590 1000 1449
f 590 1449 1039
f 590 1449 1444
f 591 853 708
f 591 1039 708
f 591 853 1001
f 591 1039 853
f 591 1449 853
f 591 1445 1001
f 591 1001 1449
f 591 1444 1445
f 591 1449 1444
f 591 1445 1449
f 592 702 701
f 592 701 970
f 592 970 702
f 592 704 1298
f 592 704 1381
f 592 853 970
f 592 853 1298
f 592 853 1381
f 592 1298 970
f 592 1381 1298
f 593 825 594
f 593 889 594
f 593 1359 594
f 593 594 1485
f 593 594 1495
f 593 621 889
f 593 621 1495
f 593 1496 621
f 593 709 825
f 593 889 709
f 593 709 1359
f 593 825 889
f 593 1359 825
f 593 889 1495
f 593 1359 1360
f 593 1485 1359
f 593 1360 1485
f 593 1495 1496
f 594 825 710
f 594 710 1107
f 594 1171 710
f 594 1484 710
f 594 889 825
f 594 825 1107
f 594 825 1359
f 594 825 1484
f 594 889 1107
f 594 889 1495
f 594 1107 1495
f 594 1484 1171
f 594 1485 1171
f 594 1484 1359
f 594 1359 1485
f 594 1484 1485
f 595 596 711
f 595 596 715
f 595 873 596
f 595 596 1275
f 595 596 1338
f 595 711 715
f 595 873 711
f 595 711 1120
f 595 711 1338
f 595 715 873
f 595 873 1130
f 595 1186 873
f 595 873 1275
f 595 1120 1301
f 595 1120 1338
f 595 1130 1186
f 595 1130 1275
f 595 1186 1275
f 595 1301 1186
f 595 1301 1275
f 595 1275 1338
f 595 1338 1301
f 596 810 613
f 596 1130 613
f 596 711 715
f 596 1338 711
f 596 715 810
f 596 715 873
f 596 979 715
f 596 1338 715
f 596 810 873
f 596 1130 810
f 596 1275 810
f 596 873 1275
f 596 901 979
f 596 1043 901
f 596 901 1275
f 596 901 1338
f 596 979 1338
f 596 1127 1043
f 596 1043 1275
f 596 1130 1127
f 596 1275 1127
f 596 1275 1130
f 596 1338 1275
f 597 599 734
f 597 1106 599
f 597 1122 599
f 597 727 600
f 597 600 730
f 597 1106 600
f 597 1122 600
f 597 726 727
f 597 734 726
f 597 726 1122
f 597 727 1122
f 597 730 1106
f 597 734 1122
f 597 1106 1122
f 598 599 732
f 598 735 599
f 598 599 1106
f 598 1122 599
f 598 732 733
f 598 1106 732
f 598 1106 733
f 598 733 1276
f 598 935 735
f 598 1122 735
f 598 1122 935
f 598 1276 935
f 598 1106 1122
f 598 1276 1106
f 598 1122 1276
f 599 1106 732
f 599 735 734
f 599 734 1122
f 599 735 1122
f 599 1106 1122
f 600 727 1031
f 600 727 1122
f 600 731 730
f 600 730 1106
f 600 1106 731
f 600 1225 731
f 600 1031 1122
f 600 1031 1225
f 600 1106 1122
f 600 1106 1225
f 600 1122 1225
f 601 602 753
f 601 602 1148
f 601 1341 602
f 601 872 746
f 601 746 946
f 601 746 1148
f 601 1341 746
f 601 752 753
f 601 752 828
f 601 752 1148
f 601 1341 752
f 601 753 1148
f 601 753 1341
f 601 828 845
f 601 828 1148
f 601 845 872
f 601 1148 845
f 601 872 1148
f 601 1341 946
f 601 1341 1148
f 602 813 753
f 602 753 1148
f 602 1341 753
f 602 961 813
f 602 813 1148
f 602 947 864
f 602 864 961
f 602 1148 864
f 602 864 1341
f 602 947 1341
f 602 961 1148
f 602 1341 1148
f 603 832 769
f 603 769 868
f 603 769 925
f 603 769 1163
f 603 769 1316
f 603 925 770
f 603 1436 770
f 603 868 832
f 603 1180 832
f 603 832 1436
f 603 868 1316
f 603 868 1436
f 603 1163 925
f 603 925 1436
f 603 1163 1316
f 603 1436 1163
f 603 1436 1180
f 603 1436 1316
f 604 771 939
f 604 771 1436
f 604 868 772
f 604 939 772
f 604 1163 772
f 604 772 1242
f 604 772 1316
f 604 772 1436
f 604 868 794
f 604 1242 794
f 604 1436 794
f 604 868 1242
f 604 868 1316
f 604 1436 868
f 604 939 1163
f 604 1436 939
f 604 1436 1163
f 604 1436 1316
f 605 740 894
f 605 959 740
f 605 1133 740
f 605 1133 894
f 605 894 1470
f 605 902 959
f 605 1133 902
f 605 1301 902
f 605 959 1133
f 605 1301 1133
f 605 1470 1133
f 605 1470 1301
f 606 741 782
f 606 893 741
f 606 741 1133
f 606 782 901
f 606 1133 782
f 606 893 1133
f 606 893 1470
f 606 901 1043
f 606 901 1133
f 606 1043 1133
f 606 1470 1043
f 606 1133 1470
f 607 786 608
f 607 608 788
f 607 608 859
f 607 1471 608
f 607 610 786
f 607 788 610
f 607 1454 610
f 607 1459 610
f 607 786 1459
f 607 1471 786
f 607 859 788
f 607 1420 788
f 607 788 1454
f 607 859 1420
f 607 1471 859
f 607 1454 1420
f 607 1420 1459
f 607 1420 1471
f 607 1459 1454
f 607 1471 1459
f 608 859 609
f 608 1471 609
f 608 786 1471
f 608 788 859
f 608 1471 859
f 609 1007 859
f 609 1471 859
f 610 787 786
f 610 1459 786
f 610 1401 787
f 610 1459 787
f 610 1475 787
f 610 788 789
f 610 1454 788
f 610 789 1401
f 610 1454 789
f 610 789 1475
f 610 857 1401
f 610 857 1454
f 610 1459 857
f 610 1401 1454
f 610 1459 1401
f 610 1475 1401
f 610 1454 1459
f 611 612 791
f 611 795 612
f 611 1505 612
f 611 791 790
f 611 790 792
f 611 1118 790
f 611 1283 790
f 611 790 1505
f 611 791 1505
f 611 792 1056
f 611 1283 792
f 611 1056 795
f 611 795 1118
f 611 1283 795
f 611 795 1505
f 611 1056 1283
f 611 1118 1283
f 611 1505 1118
f 612 965 791
f 612 791 1099
f 612 1505 791
f 612 795 796
f 612 795 1505
f 612 796 965
f 612 796 1099
f 612 796 1505
f 612 1099 965
f 612 1505 1099
f 613 749 614
f 613 773 614
f 613 614 831
f 613 1009 614
f 613 614 1130
f 613 1347 614
f 613 1351 614
f 613 655 1052
f 613 1184 655
f 613 655 1351
f 613 749 831
f 613 749 1009
f 613 810 773
f 613 831 773
f 613 773 1009
f 613 773 1184
f 613 773 1347
f 613 1009 810
f 613 1130 810
f 613 831 1009
f 613 1009 1130
f 613 1052 1351
f 613 1130 1351
f 613 1347 1184
f 613 1351 1184
f 613 1351 1347
f 614 670 860
f 614 1168 670
f 614 670 1351
f 614 749 831
f 614 860 749
f 614 749 873
f 614 1009 749
f 614 831 773
f 614 773 1347
f 614 860 831
f 614 831 1347
f 614 1347 860
f 614 860 1351
f 614 1009 873
f 614 873 1130
f 614 1130 1009
f 614 1130 1168
f 614 1130 1351
f 614 1351 1168
f 614 1351 1347
f 615 814 774
f 615 774 947
f 615 983 774
f 615 1013 774
f 615 1204 774
f 615 1013 814
f 615 814 1204
f 615 983 947
f 615 947 1204
f 615 1204 983
f 615 1013 1204
f 615 1346 1013
f 615 1204 1346
f 616 814 775
f 616 775 896
f 616 775 983
f 616 1204 775
f 616 1325 775
f 616 896 814
f 616 814 1204
f 616 1204 896
f 616 896 1345
f 616 946 983
f 616 946 1204
f 616 946 1325
f 616 983 1204
f 616 1325 983
f 616 1204 1345
f 617 797 750
f 617 750 1216
f 617 756 966
f 617 756 1209
f 617 756 1216
f 617 797 966
f 617 1209 797
f 617 797 1216
f 617 966 1209
f 617 1216 966
f 618 751 798
f 618 1092 751
f 618 1216 751
f 618 899 757
f 618 757 1216
f 618 798 899
f 618 798 966
f 618 1216 798
f 618 966 899
f 618 899 1216
f 618 1216 966
f 618 1216 1092
f 619 1355 620
f 619 620 1419
f 619 1453 620
f 619 776 1200
f 619 1329 776
f 619 776 1419
f 619 776 1462
f 619 894 1329
f 619 894 1355
f 619 1200 1329
f 619 1200 1355
f 619 1200 1419
f 619 1329 1355
f 619 1419 1355
f 619 1419 1453
f 619 1462 1419
f 619 1462 1453
f 620 855 777
f 620 777 986
f 620 777 1200
f 620 1419 777
f 620 1332 855
f 620 855 1419
f 620 855 1453
f 620 1462 855
f 620 986 893
f 620 893 1355
f 620 986 1200
f 620 986 1355
f 620 1200 1355
f 620 1200 1419
f 620 1453 1332
f 620 1355 1419
f 620 1453 1419
f 620 1419 1462
f 620 1453 1462
f 621 622 889
f 621 1137 622
f 621 1495 622
f 621 1496 622
f 621 1499 622
f 621 874 799
f 621 799 889
f 621 799 1137
f 621 1137 874
f 621 1503 874
f 621 889 1137
f 621 889 1495
f 621 1137 1499
f 621 1503 1137
f 621 1496 1495
f 621 1496 1499
f 621 1499 1503
f 622 800 870
f 622 1107 800
f 622 1137 800
f 622 1137 870
f 622 870 1494
f 622 1107 889
f 622 889 1137
f 622 889 1495
f 622 1137 1107
f 622 1495 1107
f 622 1137 1494
f 622 1499 1137
f 622 1494 1495
f 622 1499 1494
f 622 1496 1495
f 622 1495 1499
f 622 1496 1499
f 623 942 624
f 623 624 1128
f 623 624 1267
f 623 1416 624
f 623 942 1128
f 623 1268 942
f 623 1268 1128
f 623 1416 1128
f 623 1267 1266
f 623 1266 1268
f 623 1416 1266
f 623 1416 1267
f 623 1268 1416
f 624 1128 823
f 624 823 1222
f 624 1310 823
f 624 823 1416
f 624 942 943
f 624 942 1128
f 624 1128 943
f 624 943 1310
f 624 1310 1128
f 624 1416 1128
f 624 1222 1267
f 624 1416 1222
f 624 1267 1416
f 625 1128 626
f 625 626 1261
f 625 1285 626
f 625 1393 626
f 625 1128 1261
f 625 1128 1268
f 625 1393 1128
f 625 1261 1268
f 625 1268 1284
f 625 1393 1268
f 625 1284 1285
f 625 1284 1393
f 625 1285 1393
f 626 1157 822
f 626 822 1260
f 626 822 1427
f 626 1260 1128
f 626 1128 1261
f 626 1393 1128
f 626 1128 1427
f 626 1285 1157
f 626 1393 1157
f 626 1427 1157
f 626 1260 1261
f 626 1260 1427
f 626 1393 1285
f 626 1427 1393
f 627 628 1073
f 627 1289 628
f 627 1342 628
f 627 1073 1072
f 627 1072 1135
f 627 1289 1072
f 627 1073 1289
f 627 1289 1135
f 627 1135 1342
f 627 1342 1289
f 628 994 885
f 628 885 1073
f 628 885 1289
f 628 1289 994
f 628 1343 994
f 628 1289 1073
f 628 1289 1342
f 628 1289 1343
f 628 1342 1343
f 629 1167 630
f 629 630 1172
f 629 1262 630
f 629 630 1289
f 629 1297 630
f 629 1135 1166
f 629 1172 1135
f 629 1262 1135
f 629 1289 1135
f 629 1166 1167
f 629 1166 1262
f 629 1262 1167
f 629 1172 1289
f 629 1297 1172
f 629 1289 1262
f 629 1289 1297
f 630 1167 919
f 630 919 1262
f 630 919 1297
f 630 1167 1262
f 630 1173 1172
f 630 1297 1172
f 630 1297 1173
f 630 1289 1262
f 630 1262 1297
f 630 1289 1297
f 631 632 801
f 631 632 802
f 631 632 855
f 631 909 632
f 631 1321 632
f 631 723 722
f 631 722 1293
f 631 722 1321
f 631 1321 723
f 631 802 801
f 631 801 855
f 631 801 909
f 631 1293 801
f 631 801 1330
f 631 802 1293
f 631 802 1321
f 631 802 1330
f 631 855 909
f 631 1321 1293
f 631 1330 1293
f 632 801 802
f 632 801 909
f 632 802 909
f 632 1292 802
f 632 802 1321
f 632 862 855
f 632 855 909
f 632 1453 855
f 632 909 862
f 632 862 1292
f 632 1453 862
f 632 909 1292
f 633 1066 673
f 633 1299 673
f 633 1426 673
f 633 745 1356
f 633 745 1363
f 633 840 807
f 633 807 848
f 633 807 1286
f 633 807 1356
f 633 1426 807
f 633 840 1356
f 633 1363 840
f 633 1286 848
f 633 1426 848
f 633 1066 1286
f 633 1299 1066
f 633 1299 1286
f 633 1426 1286
f 633 1299 1426
f 633 1356 1363
f 633 1356 1426
f 634 861 635
f 634 635 1270
f 634 1368 635
f 634 635 1412
f 634 861 1219
f 634 861 1319
f 634 1368 861
f 634 1412 861
f 634 1219 1270
f 634 1319 1219
f 634 1219 1368
f 634 1270 1368
f 634 1357 1319
f 634 1319 1412
f 634 1333 1357
f 634 1333 1412
f 634 1412 1357
f 635 861 1059
f 635 1308 861
f 635 861 1368
f 635 861 1412
f 635 1043 1050
f 635 1368 1043
f 635 1050 1308
f 635 1368 1050
f 635 1308 1059
f 635 1059 1408
f 635 1412 1059
f 635 1270 1368
f 635 1308 1368
f 635 1408 1332
f 635 1332 1412
f 635 1408 1412
f 636 938 865
f 636 865 1083
f 636 865 1385
f 636 1390 865
f 636 881 1095
f 636 1323 881
f 636 881 1390
f 636 938 957
f 636 1083 938
f 636 1083 957
f 636 957 1323
f 636 957 1385
f 636 1390 957
f 636 1385 1083
f 636 1095 1390
f 636 1390 1323
f 636 1385 1390
f 637 937 865
f 637 1083 865
f 637 1385 865
f 637 865 1390
f 637 1083 937
f 637 1088 937
f 637 1025 1037
f 637 1096 1025
f 637 1025 1390
f 637 1037 1088
f 637 1390 1037
f 637 1083 1088
f 637 1083 1385
f 637 1088 1385
f 637 1088 1390
f 637 1096 1390
f 637 1390 1385
f 638 639 856
f 638 910 639
f 638 639 1022
f 638 1136 639
f 638 1153 639
f 638 1159 639
f 638 856 910
f 638 1153 856
f 638 856 1159
f 638 1153 910
f 638 1022 1023
f 638 1022 1136
f 638 1023 1136
f 638 1023 1153
f 638 1136 1153
f 638 1153 1159
f 639 856 852
f 639 970 852
f 639 852 1022
f 639 1136 852
f 639 910 856
f 639 911 856
f 639 970 856
f 639 1136 856
f 639 1159 856
f 639 910 911
f 639 911 970
f 639 1136 1022
f 639 1153 1136
f 639 1136 1159
f 639 1153 1159
f 640 641 844
f 640 1033 641
f 640 641 1159
f 640 844 1153
f 640 1159 844
f 640 1034 1033
f 640 1033 1159
f 640 1153 1034
f 640 1159 1034
f 640 1159 1153
f 641 843 844
f 641 1039 843
f 641 1159 843
f 641 1159 844
f 641 851 1039
f 641 851 1159
f 641 1407 851
f 641 1033 1159
f 641 1033 1407
f 641 1159 1039
f 641 1407 1159
f 642 643 1328
f 642 643 1422
f 642 643 1428
f 642 1422 871
f 642 871 1428
f 642 1328 1422
f 642 1328 1428
f 642 1422 1428
f 643 644 1155
f 643 1365 644
f 643 1155 1328
f 643 1155 1365
f 643 1422 1155
f 643 1365 1328
f 643 1328 1422
f 643 1328 1428
f 643 1365 1428
f 644 1385 1083
f 644 1365 1155
f 644 1155 1385
f 644 1385 1365
f 645 646 1078
f 645 1247 646
f 645 646 1354
f 645 1443 646
f 645 1078 1068
f 645 1068 1274
f 645 1068 1354
f 645 1443 1068
f 645 1443 1078
f 645 1248 1247
f 645 1247 1354
f 645 1274 1248
f 645 1354 1248
f 645 1274 1354
f 645 1443 1354
f 646 1077 1078
f 646 1273 1077
f 646 1077 1443
f 646 1443 1078
f 646 1247 1273
f 646 1247 1354
f 646 1354 1273
f 646 1273 1443
f 646 1354 1443
f 647 968 648
f 647 1108 648
f 647 648 1132
f 647 1354 648
f 647 648 1450
f 647 1068 968
f 647 1132 968
f 647 1132 1068
f 647 1274 1068
f 647 1354 1068
f 647 1108 1274
f 647 1354 1108
f 647 1108 1450
f 647 1451 1108
f 647 1354 1132
f 647 1274 1354
f 647 1451 1274
f 647 1450 1451
f 648 969 962
f 648 962 1132
f 648 962 1211
f 648 968 969
f 648 968 1132
f 648 1132 969
f 648 1211 1108
f 648 1108 1354
f 648 1108 1450
f 648 1132 1211
f 648 1354 1132
f 648 1211 1354
f 648 1211 1450
f 649 650 1230
f 649 1263 650
f 649 650 1300
f 649 1386 650
f 649 823 888
f 649 1300 823
f 649 823 1386
f 649 888 989
f 649 888 1263
f 649 888 1386
f 649 989 1230
f 649 989 1263
f 649 1263 1230
f 649 1263 1386
f 649 1386 1300
f 650 822 771
f 650 771 1300
f 650 1104 822
f 650 822 1300
f 650 822 1386
f 650 930 1097
f 650 1230 930
f 650 930 1263
f 650 1097 1104
f 650 1097 1263
f 650 1097 1386
f 650 1104 1386
f 650 1263 1230
f 650 1386 1263
f 650 1386 1300
f 651 652 1048
f 651 652 1114
f 651 1198 652
f 651 652 1362
f 651 1369 652
f 651 1362 1048
f 651 1369 1048
f 651 1048 1400
f 651 1114 1113
f 651 1113 1362
f 651 1113 1400
f 651 1362 1114
f 651 1257 1198
f 651 1369 1198
f 651 1369 1257
f 651 1400 1257
f 651 1400 1362
f 651 1369 1400
f 652 1004 988
f 652 1048 988
f 652 988 1114
f 652 1004 1048
f 652 1199 1004
f 652 1369 1004
f 652 1114 1048
f 652 1362 1048
f 652 1048 1369
f 652 1114 1362
f 652 1198 1199
f 652 1369 1198
f 652 1199 1369
f 653 654 1048
f 653 654 1139
f 653 1160 654
f 653 1324 654
f 653 1366 654
f 653 1048 1324
f 653 1048 1366
f 653 1400 1048
f 653 1139 1257
f 653 1139 1324
f 653 1161 1160
f 653 1160 1366
f 653 1161 1366
f 653 1400 1161
f 653 1324 1257
f 653 1257 1400
f 653 1400 1324
f 653 1366 1400
f 654 1012 1138
f 654 1324 1012
f 654 1377 1012
f 654 1048 1324
f 654 1366 1048
f 654 1377 1048
f 654 1138 1139
f 654 1324 1138
f 654 1324 1139
f 654 1366 1160
f 654 1160 1377
f 654 1377 1324
f 654 1377 1366
f 655 876 811
f 655 1143 811
f 655 811 1184
f 655 811 1351
f 655 1143 876
f 655 876 1281
f 655 876 1351
f 655 1065 1052
f 655 1052 1351
f 655 1065 1281
f 655 1351 1065
f 655 1184 1143
f 655 1184 1351
f 655 1281 1351
f 656 1141 657
f 656 1175 657
f 656 657 1190
f 656 657 1313
f 656 1142 1141
f 656 1313 1141
f 656 1313 1142
f 656 1439 1142
f 656 1190 1175
f 656 1313 1175
f 656 1175 1439
f 656 1190 1439
f 656 1313 1439
f 657 1129 818
f 657 1175 818
f 657 818 1191
f 657 1141 1129
f 657 1129 1175
f 657 1313 1129
f 657 1141 1313
f 657 1190 1175
f 657 1175 1191
f 657 1313 1175
f 657 1191 1190
f 658 887 659
f 658 659 978
f 658 659 1079
f 658 886 887
f 658 978 886
f 658 1389 886
f 658 978 887
f 658 1079 978
f 658 1389 978
f 658 1404 978
f 658 1079 1404
f 658 1404 1389
f 659 833 830
f 659 978 830
f 659 830 1080
f 659 887 833
f 659 833 978
f 659 978 887
f 659 1079 978
f 659 1080 978
f 659 1080 1079
f 660 1089 661
f 660 1110 661
f 660 661 1431
f 660 661 1467
f 660 1089 1109
f 660 1110 1089
f 660 1089 1463
f 660 1467 1089
f 660 1109 1110
f 660 1463 1109
f 660 1431 1463
f 660 1467 1431
f 660 1467 1463
f 661 1089 829
f 661 829 1111
f 661 1126 829
f 661 1089 1110
f 661 1089 1111
f 661 1126 1089
f 661 1467 1089
f 661 1110 1126
f 661 1111 1430
f 661 1467 1111
f 661 1430 1431
f 661 1430 1467
f 661 1467 1431
f 662 663 1177
f 662 1394 663
f 662 1429 663
f 662 927 945
f 662 1177 927
f 662 927 1429
f 662 945 1395
f 662 1429 945
f 662 1429 1177
f 662 1395 1394
f 662 1394 1429
f 662 1429 1395
f 663 1176 1178
f 663 1394 1176
f 663 1429 1176
f 663 1178 1177
f 663 1177 1429
f 663 1178 1429
f 663 1429 1394
f 664 1089 665
f 664 1272 665
f 664 665 1327
f 664 1272 1089
f 664 1326 1089
f 664 1089 1327
f 664 1463 1089
f 664 1463 1272
f 664 1327 1326
f 664 1326 1463
f 665 1054 821
f 665 821 1089
f 665 821 1384
f 665 1054 1089
f 665 1271 1054
f 665 1089 1271
f 665 1089 1272
f 665 1089 1327
f 665 1384 1089
f 665 1272 1271
f 665 1384 1327
f 666 667 923
f 666 945 667
f 666 667 1358
f 666 924 903
f 666 903 1014
f 666 1358 903
f 666 923 924
f 666 923 1358
f 666 1358 924
f 666 1358 945
f 666 1014 1358
f 667 927 923
f 667 923 1358
f 667 945 927
f 667 927 1358
f 667 1358 945
f 668 830 833
f 668 830 1003
f 668 850 833
f 668 833 1003
f 668 850 940
f 668 850 1003
f 668 940 1003
f 668 1013 940
f 668 1003 1013
f 668 1346 1003
f 668 1013 1346
f 669 850 866
f 669 1003 850
f 669 850 1290
f 669 866 1003
f 669 896 1003
f 669 896 1290
f 669 1345 896
f 669 1003 1290
f 669 1345 1003
f 670 860 811
f 670 876 811
f 670 811 906
f 670 1351 811
f 670 906 860
f 670 1351 860
f 670 876 906
f 670 876 1192
f 670 876 1351
f 670 1192 906
f 670 1168 980
f 670 980 1192
f 670 1351 980
f 670 1168 1351
f 670 1351 1192
f 671 842 672
f 671 672 858
f 671 672 928
f 671 672 953
f 671 1129 672
f 671 1175 672
f 671 858 842
f 671 928 858
f 671 953 858
f 671 908 928
f 671 1129 908
f 671 908 1175
f 671 953 928
f 671 1175 928
f 671 1129 1175
f 672 928 818
f 672 951 818
f 672 818 953
f 672 818 1129
f 672 818 1175
f 672 842 841
f 672 841 951
f 672 842 858
f 672 842 951
f 672 858 951
f 672 858 953
f 672 928 953
f 672 928 1175
f 672 951 953
f 672 1175 1129
f 673 952 845
f 673 845 1299
f 673 845 1426
f 673 952 954
f 673 952 1299
f 673 1066 954
f 673 954 1254
f 673 954 1299
f 673 1254 1066
f 673 1299 1066
f 673 1299 1254
f 673 1299 1426
f 674 675 1024
f 674 1238 675
f 674 675 1464
f 674 676 1024
f 674 1102 676
f 674 676 1256
f 674 1024 1102
f 674 1024 1238
f 674 1256 1024
f 674 1464 1024
f 674 1102 1238
f 674 1256 1464
f 675 1024 1101
f 675 1024 1238
f 675 1367 1024
f 675 1024 1464
f 675 1101 1238
f 675 1367 1101
f 675 1367 1464
f 676 1024 677
f 676 677 1158
f 676 677 1256
f 676 1024 1102
f 676 1024 1158
f 676 1024 1256
f 676 1158 1102
f 677 816 920
f 677 964 816
f 677 816 1024
f 677 1024 920
f 677 920 1256
f 677 964 1024
f 677 964 1158
f 677 1158 1024
f 677 1024 1256
f 678 679 766
f 678 679 783
f 678 679 816
f 678 931 679
f 678 1165 679
f 678 679 1227
f 678 679 1371
f 678 816 756
f 678 756 1165
f 678 756 1227
f 678 783 766
f 678 766 816
f 678 783 816
f 678 931 783
f 678 783 1371
f 678 1165 816
f 678 1227 931
f 678 1371 931
f 678 1227 1165
f 679 783 766
f 679 815 766
f 679 816 766
f 679 766 847
f 679 847 783
f 679 783 1371
f 679 816 815
f 679 1165 815
f 679 816 1165
f 679 847 930
f 679 1371 847
f 679 930 931
f 679 930 1226
f 679 930 1371
f 679 931 1226
f 679 931 1227
f 679 931 1371
f 679 1226 1165
f 679 1227 1165
f 679 1227 1226
f 680 681 909
f 680 681 1093
f 680 681 1152
f 680 1047 909
f 680 909 1152
f 680 1217 909
f 680 1094 1047
f 680 1152 1047
f 680 1093 1094
f 680 1152 1093
f 680 1152 1094
f 681 862 1093
f 681 1152 862
f 681 1292 862
f 681 909 1152
f 681 1292 909
f 681 1093 1152
f 681 1152 1292
f 682 683 971
f 682 683 972
f 682 1231 683
f 682 683 1304
f 682 683 1315
f 682 683 1322
f 682 728 882
f 682 1231 728
f 682 1304 728
f 682 1231 882
f 682 882 1315
f 682 971 972
f 682 1315 971
f 682 971 1322
f 682 1315 972
f 682 1304 1231
f 682 1315 1231
f 682 1322 1304
f 683 883 729
f 683 729 1231
f 683 729 1278
f 683 729 1304
f 683 972 883
f 683 883 1231
f 683 1315 883
f 683 972 971
f 683 971 1322
f 683 1046 972
f 683 972 1315
f 683 972 1322
f 683 1060 1046
f 683 1322 1046
f 683 1061 1060
f 683 1278 1060
f 683 1304 1060
f 683 1060 1322
f 683 1061 1304
f 683 1061 1322
f 683 1231 1304
f 683 1315 1231
f 683 1304 1278
f 683 1304 1322
f 684 685 861
f 684 984 685
f 684 685 1309
f 684 984 861
f 684 861 1309
f 685 984 861
f 685 861 985
f 685 861 1059
f 685 1308 861
f 685 1309 861
f 685 984 985
f 685 985 1059
f 685 1059 1308
f 685 1308 1309
f 686 817 824
f 686 859 817
f 686 817 1008
f 686 1081 817
f 686 1356 817
f 686 824 1356
f 686 1008 859
f 686 1081 859
f 686 859 1356
f 686 859 1471
f 686 1008 1081
f 686 1471 1008
f 686 1471 1356
f 687 688 975
f 687 688 1011
f 687 688 1269
f 687 975 1011
f 687 1154 1011
f 687 1011 1269
f 687 1154 1269
f 688 864 976
f 688 864 1011
f 688 1041 864
f 688 976 975
f 688 1011 975
f 688 976 1011
f 688 1041 1011
f 688 1011 1269
f 688 1041 1269
f 689 954 690
f 689 1019 690
f 689 1058 690
f 689 690 1251
f 689 954 1058
f 689 1251 954
f 689 1018 1019
f 689 1251 1018
f 689 1251 1019
f 690 926 954
f 690 926 997
f 690 1019 926
f 690 1251 926
f 690 954 997
f 690 1058 954
f 690 954 1251
f 690 1058 997
f 690 1019 1251
f 691 692 1100
f 691 1245 692
f 691 1295 692
f 691 1236 1100
f 691 1100 1295
f 691 1164 1236
f 691 1239 1164
f 691 1164 1245
f 691 1164 1295
f 691 1236 1239
f 691 1295 1236
f 691 1295 1245
f 692 1100 711
f 692 1120 711
f 692 711 1295
f 692 1295 1100
f 692 1245 1120
f 692 1120 1295
f 692 1245 1295
f 693 1035 694
f 693 694 1169
f 693 694 1403
f 693 1035 1169
f 693 1035 1170
f 693 1239 1035
f 693 1403 1035
f 693 1169 1170
f 693 1170 1239
f 693 1239 1403
f 694 959 902
f 694 902 1035
f 694 902 1169
f 694 1035 959
f 694 1403 959
f 694 1169 1035
f 694 1035 1403
f 695 696 917
f 695 922 696
f 695 696 1092
f 695 696 1205
f 695 1344 696
f 695 1493 696
f 695 921 743
f 695 922 743
f 695 743 1492
f 695 743 1493
f 695 780 875
f 695 917 780
f 695 780 1344
f 695 875 921
f 695 1205 875
f 695 875 1344
f 695 1092 917
f 695 1344 917
f 695 921 922
f 695 921 1205
f 695 922 1205
f 695 922 1493
f 695 1493 1092
f 695 1205 1344
f 695 1492 1493
f 696 863 781
f 696 781 918
f 696 1344 781
f 696 1205 863
f 696 863 1344
f 696 917 918
f 696 1092 917
f 696 917 1344
f 696 918 1092
f 696 918 1344
f 696 922 1205
f 696 1493 922
f 696 1092 1493
f 696 1344 1205
f 697 698 831
f 697 698 1207
f 697 698 1347
f 697 1208 699
f 697 699 1303
f 697 699 1347
f 697 831 1202
f 697 831 1347
f 697 1303 1202
f 697 1347 1202
f 697 1207 1208
f 697 1347 1207
f 697 1347 1208
f 697 1347 1303
f 698 749 831
f 698 749 860
f 698 831 860
f 698 1347 831
f 698 860 1207
f 698 1347 860
f 698 1207 1347
f 699 700 1303
f 699 1347 700
f 699 1208 1185
f 699 1185 1347
f 699 1208 1347
f 699 1303 1347
f 700 1184 773
f 700 773 1302
f 700 1347 773
f 700 1184 1347
f 700 1302 1303
f 700 1302 1347
f 700 1347 1303
f 701 702 856
f 701 702 877
f 701 702 970
f 701 784 708
f 701 708 853
f 701 856 708
f 701 856 784
f 701 877 784
f 701 856 853
f 701 970 853
f 701 856 877
f 701 970 856
f 702 856 877
f 702 856 878
f 702 911 856
f 702 970 856
f 702 878 877
f 702 911 878
f 702 970 911
f 703 704 914
f 703 1087 704
f 703 1381 704
f 703 895 914
f 703 1001 895
f 703 1001 914
f 703 1087 914
f 703 1381 914
f 703 1001 1381
f 704 1074 907
f 704 907 1298
f 704 1381 907
f 704 1087 914
f 704 914 1381
f 704 1074 1087
f 704 1381 1074
f 704 1087 1381
f 704 1381 1298
f 705 914 706
f 705 1445 706
f 705 1449 706
f 705 895 914
f 705 895 1001
f 705 1001 914
f 705 914 1449
f 705 1001 1445
f 705 1449 1001
f 705 1449 1445
f 706 914 863
f 706 1000 863
f 706 863 1449
f 706 914 1449
f 706 1444 1000
f 706 1449 1000
f 706 1445 1444
f 706 1449 1444
f 706 1445 1449
f 707 708 856
f 707 708 1039
f 707 843 856
f 707 843 1039
f 707 843 1159
f 707 1039 856
f 707 1159 856
f 707 1159 1039
f 708 856 784
f 708 856 853
f 708 1039 853
f 708 1039 856
f 709 825 889
f 709 1002 825
f 709 1334 825
f 709 1359 825
f 709 889 1002
f 709 1334 1282
f 709 1282 1359
f 709 1359 1334
f 710 1107 825
f 710 825 1374
f 710 1460 825
f 710 825 1474
f 710 1484 825
f 710 1374 1107
f 710 1171 1460
f 710 1171 1484
f 710 1474 1460
f 710 1484 1460
f 711 715 812
f 711 873 715
f 711 715 979
f 711 1295 715
f 711 715 1338
f 711 873 812
f 711 812 1100
f 711 1295 812
f 711 1295 979
f 711 979 1338
f 711 1100 1295
f 711 1120 1295
f 711 1338 1120
f 711 1295 1338
f 712 834 1396
f 712 834 1446
f 712 1447 834
f 712 891 1086
f 712 1446 891
f 712 891 1447
f 712 980 1086
f 712 980 1396
f 712 1446 980
f 712 1086 1446
f 712 1446 1396
f 712 1447 1446
f 713 832 714
f 713 963 714
f 713 714 1046
f 713 714 1103
f 713 1180 714
f 713 1189 714
f 713 963 832
f 713 832 1180
f 713 1103 963
f 713 1229 963
f 713 1045 1046
f 713 1189 1045
f 713 1045 1229
f 713 1046 1103
f 713 1046 1189
f 713 1046 1229
f 713 1229 1103
f 714 794 832
f 714 794 1103
f 714 794 1118
f 714 1180 794
f 714 963 832
f 714 832 1118
f 714 832 1180
f 714 963 1103
f 714 1118 963
f 714 1103 1046
f 714 1046 1189
f 714 1103 1118
f 714 1180 1477
f 715 810 812
f 715 873 810
f 715 873 812
f 715 812 1100
f 715 1295 812
f 715 1100 979
f 715 1295 979
f 715 979 1338
f 715 1295 1100
f 716 884 717
f 716 1401 717
f 716 1423 717
f 716 828 884
f 716 828 1314
f 716 828 1401
f 716 884 1314
f 716 1401 884
f 716 1423 884
f 716 1423 1314
f 717 1028 789
f 717 1401 789
f 717 867 1028
f 717 1423 867
f 717 1028 884
f 717 1401 884
f 717 1423 884
f 717 1401 1028
f 717 1028 1423
f 718 884 719
f 718 719 1401
f 718 1413 719
f 718 934 884
f 718 1020 884
f 718 1401 884
f 718 934 1020
f 718 1401 1020
f 718 1020 1414
f 718 1401 1413
f 718 1401 1414
f 718 1414 1413
f 719 884 867
f 719 1028 867
f 719 1028 884
f 719 1401 884
f 719 1401 1028
f 719 1413 1028
f 719 1401 1413
f 720 1145 721
f 720 1151 721
f 720 1145 724
f 720 1149 724
f 720 1149 1145
f 720 1145 1151
f 720 1149 1151
f 721 1145 1151
f 721 1293 1145
f 721 1293 1151
f 722 808 723
f 722 1017 723
f 722 1030 723
f 722 1040 723
f 722 723 1278
f 722 723 1279
f 722 1321 723
f 722 723 1410
f 722 723 1411
f 722 1030 808
f 722 1040 808
f 722 1017 1040
f 722 1017 1293
f 722 1017 1321
f 722 1030 1040
f 722 1278 1030
f 722 1030 1279
f 722 1040 1293
f 722 1279 1278
f 722 1410 1278
f 722 1411 1278
f 722 1321 1293
f 722 1410 1411
f 723 1017 808
f 723 808 1030
f 723 1040 808
f 723 808 1279
f 723 1040 1017
f 723 1321 1017
f 723 1030 1279
f 723 1278 1279
f 723 1278 1411
f 723 1279 1411
f 723 1410 1411
f 723 1424 1410
f 723 1411 1424
f 724 1145 725
f 724 725 1264
f 724 1149 1145
f 724 1145 1264
f 724 1149 1264
f 725 1049 1017
f 725 1017 1145
f 725 1017 1321
f 725 1145 1049
f 725 1264 1049
f 725 1264 1145
f 725 1145 1321
f 726 967 727
f 726 1122 727
f 726 734 967
f 726 734 1122
f 726 734 1466
f 726 967 1122
f 726 1466 967
f 727 967 956
f 727 956 1031
f 727 1122 956
f 727 967 1122
f 727 1122 1031
f 728 1231 729
f 728 1278 729
f 728 729 1279
f 728 729 1304
f 728 956 882
f 728 882 1231
f 728 1031 956
f 728 956 1231
f 728 1231 1031
f 728 1279 1031
f 728 1231 1279
f 728 1231 1304
f 728 1278 1279
f 728 1278 1304
f 728 1304 1279
f 729 883 1231
f 729 883 1364
f 729 935 1030
f 729 1231 935
f 729 1364 935
f 729 1030 1231
f 729 1030 1278
f 729 1279 1030
f 729 1279 1231
f 729 1304 1231
f 729 1364 1231
f 729 1278 1279
f 729 1278 1304
f 730 1044 731
f 730 731 1106
f 730 731 1264
f 730 1044 1106
f 730 1264 1044
f 730 1397 1044
f 730 1397 1106
f 730 1264 1397
f 731 1044 1106
f 731 1225 1044
f 731 1264 1044
f 731 1106 1225
f 731 1225 1264
f 732 1044 733
f 732 733 1106
f 732 1106 1044
f 732 1044 1397
f 732 1106 1397
f 733 1030 1044
f 733 1030 1276
f 733 1044 1106
f 733 1044 1276
f 733 1276 1106
f 734 967 735
f 734 735 1122
f 734 967 1122
f 734 1466 967
f 735 1122 935
f 735 935 1364
f 735 967 1122
f 735 1364 967
f 735 1122 1364
f 736 737 1206
f 736 1250 737
f 736 1150 739
f 736 1265 739
f 736 1150 1206
f 736 1150 1250
f 736 1150 1265
f 736 1206 1250
f 736 1265 1250
f 737 738 1179
f 737 738 1206
f 737 1396 738
f 737 1206 1179
f 737 1179 1250
f 737 1179 1396
f 737 1206 1250
f 737 1396 1250
f 738 834 1179
f 738 834 1396
f 738 1206 1179
f 738 1179 1396
f 739 1265 1150
f 739 1380 1150
f 739 1380 1265
f 739 1320 1380
f 740 741 819
f 740 894 741
f 740 950 741
f 740 1133 741
f 740 741 1355
f 740 819 950
f 740 959 819
f 740 819 1133
f 740 894 950
f 740 894 1133
f 740 1355 894
f 740 1440 894
f 740 1355 950
f 740 950 1440
f 740 1133 959
f 741 819 782
f 741 1133 782
f 741 950 819
f 741 1133 819
f 741 893 894
f 741 1133 893
f 741 893 1288
f 741 893 1355
f 741 1133 894
f 741 1355 894
f 741 950 1288
f 741 1355 950
f 741 1355 1288
f 742 743 922
f 742 1162 743
f 742 1493 743
f 742 743 1503
f 742 743 1504
f 742 870 821
f 742 821 1054
f 742 821 1162
f 742 1162 870
f 742 1494 870
f 742 1503 870
f 742 1054 922
f 742 922 1162
f 742 922 1493
f 742 1162 1054
f 742 1503 1162
f 742 1493 1494
f 742 1493 1504
f 742 1494 1503
f 742 1504 1494
f 742 1503 1504
f 743 1111 829
f 743 1162 829
f 743 829 1503
f 743 922 921
f 743 921 1111
f 743 922 1111
f 743 1162 922
f 743 1493 922
f 743 1111 1162
f 743 1162 1503
f 743 1492 1493
f 743 1499 1492
f 743 1504 1492
f 743 1504 1493
f 743 1503 1499
f 743 1504 1499
f 743 1504 1503
f 744 803 824
f 744 803 848
f 744 1140 803
f 744 803 1356
f 744 1426 803
f 744 1356 824
f 744 1140 848
f 744 1299 848
f 744 848 1426
f 744 926 1140
f 744 1299 926
f 744 1473 926
f 744 1140 1299
f 744 1299 1426
f 744 1299 1473
f 744 1299 1480
f 744 1426 1356
f 744 1426 1480
f 744 1480 1473
f 745 817 859
f 745 1224 817
f 745 1356 817
f 745 817 1363
f 745 1398 817
f 745 859 1224
f 745 859 1356
f 745 859 1420
f 745 1224 1420
f 745 1363 1356
f 745 1356 1420
f 745 1398 1363
f 746 872 1011
f 746 872 1148
f 746 1218 872
f 746 880 1011
f 746 1116 880
f 746 880 1341
f 746 1116 946
f 746 1341 946
f 746 1011 1148
f 746 1218 1011
f 746 1341 1011
f 746 1116 1341
f 746 1148 1341
f 747 1117 748
f 747 748 1212
f 747 748 1294
f 747 806 973
f 747 806 1117
f 747 1212 806
f 747 1117 973
f 747 1294 973
f 747 1212 1117
f 747 1294 1117
f 747 1229 1294
f 748 949 1117
f 748 1117 1212
f 748 1117 1294
f 748 1345 1212
f 749 831 860
f 749 1009 831
f 749 873 1009
f 750 751 958
f 750 751 1216
f 750 751 1243
f 750 1021 797
f 750 797 1216
f 750 1216 917
f 750 1452 917
f 750 958 1216
f 750 958 1243
f 750 958 1452
f 750 1021 1216
f 750 1243 1021
f 750 1216 1243
f 750 1452 1216
f 750 1452 1243
f 751 798 1021
f 751 1216 798
f 751 1092 958
f 751 958 1216
f 751 958 1243
f 751 1021 1216
f 751 1021 1243
f 751 1216 1092
f 751 1243 1216
f 752 753 806
f 752 846 753
f 752 753 854
f 752 884 753
f 752 1051 753
f 752 1148 753
f 752 753 1341
f 752 806 846
f 752 854 828
f 752 884 828
f 752 1148 828
f 752 1314 828
f 752 846 1051
f 752 846 1314
f 752 884 854
f 752 854 1148
f 752 1051 884
f 752 884 1314
f 752 1314 1051
f 753 806 846
f 753 892 806
f 753 813 854
f 753 813 1148
f 753 892 846
f 753 846 1051
f 753 854 884
f 753 854 934
f 753 854 1148
f 753 884 934
f 753 1051 884
f 753 934 892
f 753 1051 892
f 753 1051 934
f 754 966 755
f 754 755 1158
f 754 755 1339
f 754 1209 966
f 754 1339 966
f 754 1209 1158
f 754 1158 1339
f 754 1339 1209
f 755 1102 759
f 755 1339 759
f 755 966 1339
f 755 1158 1102
f 755 1102 1339
f 755 1158 1339
f 756 757 899
f 756 964 757
f 756 757 1165
f 756 757 1209
f 756 1216 757
f 756 757 1226
f 756 757 1238
f 756 816 964
f 756 816 1165
f 756 966 899
f 756 1209 899
f 756 899 1216
f 756 964 1165
f 756 964 1209
f 756 1238 964
f 756 1209 966
f 756 1216 966
f 756 1165 1226
f 756 1227 1165
f 756 1238 1209
f 756 1226 1227
f 757 899 1201
f 757 1209 899
f 757 899 1216
f 757 899 1238
f 757 964 1101
f 757 1165 964
f 757 964 1238
f 757 1101 1165
f 757 1201 1101
f 757 1101 1238
f 757 1165 1226
f 757 1238 1201
f 757 1209 1238
f 758 1339 759
f 758 1201 899
f 758 1339 899
f 758 1201 1339
f 759 1102 1339
f 760 761 916
f 760 1112 761
f 760 1090 916
f 760 916 1112
f 760 916 1126
f 760 1090 1112
f 760 1090 1126
f 761 916 1010
f 761 916 1112
f 761 1402 916
f 761 1010 1112
f 761 1402 1010
f 762 763 1379
f 762 1010 1379
f 762 1010 1402
f 762 1379 1402
f 763 987 1379
f 763 1384 987
f 763 1379 1384
f 764 765 1203
f 764 767 1203
f 764 767 1246
f 764 1246 1203
f 765 1280 1203
f 765 1203 1458
f 765 1458 1280
f 766 783 816
f 766 820 783
f 766 783 847
f 766 1005 783
f 766 1458 783
f 766 816 815
f 766 815 879
f 766 815 920
f 766 820 816
f 766 816 920
f 766 820 879
f 766 920 820
f 766 1005 820
f 766 1255 820
f 766 1458 847
f 766 920 879
f 766 879 1255
f 766 879 1280
f 766 1203 1005
f 766 1005 1255
f 766 1005 1280
f 766 1458 1005
f 766 1280 1203
f 766 1203 1458
f 766 1280 1255
f 766 1280 1458
f 767 1203 768
f 767 1203 1246
f 768 1203 1005
f 769 868 832
f 769 832 929
f 769 868 929
f 769 868 1316
f 769 1163 925
f 769 1163 1316
f 770 939 771
f 770 1300 771
f 770 1416 771
f 770 1436 771
f 770 1456 771
f 770 1222 823
f 770 823 1300
f 770 823 1416
f 770 939 925
f 770 1163 925
f 770 925 1222
f 770 1277 925
f 770 1416 925
f 770 1436 925
f 770 939 1163
f 770 1277 939
f 770 1416 939
f 770 939 1436
f 770 1436 1163
f 770 1416 1222
f 770 1416 1277
f 770 1416 1300
f 770 1300 1456
f 770 1436 1456
f 771 822 1157
f 771 822 1300
f 771 1416 822
f 771 822 1427
f 771 1157 939
f 771 939 1416
f 771 939 1436
f 771 1416 1157
f 771 1416 1300
f 771 1300 1427
f 771 1300 1456
f 771 1457 1300
f 771 1416 1427
f 771 1436 1456
f 771 1457 1436
f 771 1456 1457
f 772 1242 868
f 772 868 1316
f 772 1163 939
f 772 1316 1163
f 772 1436 1163
f 772 1316 1436
f 773 810 1009
f 773 810 1317
f 773 1009 831
f 773 831 1317
f 773 831 1337
f 773 1347 831
f 773 1009 1317
f 773 1347 1184
f 773 1302 1337
f 773 1302 1347
f 773 1337 1317
f 773 1347 1337
f 774 814 983
f 774 814 1013
f 774 814 1082
f 774 1204 814
f 774 983 932
f 774 932 1071
f 774 932 1082
f 774 983 947
f 774 1071 947
f 774 983 1071
f 774 983 1082
f 774 983 1204
f 775 814 896
f 775 814 983
f 775 814 1183
f 775 814 1204
f 775 983 1183
f 775 1204 983
f 775 1325 983
f 775 1183 991
f 775 1325 991
f 775 1325 1183
f 776 913 1200
f 776 1419 913
f 776 1435 913
f 776 1329 1200
f 776 1419 1200
f 776 1220 1419
f 776 1435 1220
f 776 1220 1462
f 776 1435 1419
f 776 1462 1419
f 777 855 1091
f 777 855 1419
f 777 1200 986
f 777 1156 1091
f 777 1419 1091
f 777 1156 1200
f 777 1419 1156
f 777 1200 1419
f 778 779 1025
f 778 779 1061
f 778 779 1296
f 778 1410 779
f 778 779 1411
f 778 1424 779
f 778 881 1025
f 778 1095 881
f 778 881 1296
f 778 881 1424
f 778 1296 1025
f 778 1025 1424
f 778 1061 1095
f 778 1061 1296
f 778 1411 1061
f 778 1095 1296
f 778 1410 1411
f 778 1424 1410
f 778 1424 1411
f 779 1025 1096
f 779 1025 1296
f 779 1410 1025
f 779 1424 1025
f 779 1060 1061
f 779 1096 1060
f 779 1296 1060
f 779 1060 1410
f 779 1060 1411
f 779 1296 1061
f 779 1061 1411
f 779 1296 1096
f 779 1410 1411
f 779 1410 1424
f 780 853 781
f 780 781 917
f 780 988 781
f 780 781 1032
f 780 1136 781
f 780 781 1344
f 780 853 852
f 780 1032 852
f 780 1136 852
f 780 852 1298
f 780 907 853
f 780 853 1136
f 780 853 1298
f 780 853 1344
f 780 907 875
f 780 875 1344
f 780 1298 907
f 780 907 1344
f 780 988 917
f 780 1048 917
f 780 1344 917
f 780 917 1377
f 780 988 1032
f 780 1048 988
f 780 1032 1048
f 780 1136 1032
f 780 1377 1032
f 780 1377 1048
f 781 853 851
f 781 1000 851
f 781 851 1136
f 781 851 1407
f 781 853 1000
f 781 853 1136
f 781 1344 853
f 781 863 1000
f 781 1344 863
f 781 918 917
f 781 988 917
f 781 917 1344
f 781 988 918
f 781 918 1344
f 781 988 1032
f 781 1136 988
f 781 1407 988
f 781 1000 1344
f 781 1136 1032
f 781 1136 1407
f 782 1035 819
f 782 819 1133
f 782 1035 901
f 782 901 1133
f 782 1376 901
f 782 1035 1133
f 782 1035 1376
f 783 820 816
f 783 1005 820
f 783 847 1108
f 783 847 1371
f 783 1458 847
f 783 931 936
f 783 1371 931
f 783 936 1108
f 783 936 1273
f 783 1371 936
f 783 1005 1203
f 783 1458 1005
f 783 1203 1108
f 783 1108 1273
f 783 1371 1108
f 783 1108 1458
f 783 1458 1203
f 784 785 856
f 784 877 856
f 785 844 856
f 785 910 844
f 785 910 856
f 786 1459 787
f 786 1471 1459
f 787 1459 1401
f 787 1401 1472
f 787 1475 1401
f 787 1413 1472
f 787 1475 1413
f 787 1472 1459
f 787 1475 1472
f 788 789 1454
f 788 859 1420
f 788 1420 1454
f 789 1401 857
f 789 1454 857
f 789 1401 1028
f 789 1028 1475
f 789 1401 1454
f 789 1401 1475
f 790 791 1505
f 790 1283 792
f 790 1118 1283
f 790 1505 1118
f 791 1099 965
f 791 1505 1099
f 792 793 1283
f 792 1283 1056
f 793 1029 1242
f 793 1029 1283
f 793 1283 1242
f 794 832 868
f 794 832 1118
f 794 832 1180
f 794 1283 832
f 794 832 1436
f 794 1242 868
f 794 1283 868
f 794 1436 868
f 794 1029 1103
f 794 1118 1029
f 794 1242 1029
f 794 1029 1283
f 794 1103 1118
f 794 1283 1118
f 794 1436 1180
f 794 1242 1283
f 795 1505 796
f 795 1118 1056
f 795 1056 1283
f 795 1283 1118
f 795 1118 1505
f 796 804 965
f 796 1099 804
f 796 1099 965
f 796 1505 1099
f 797 1021 966
f 797 1209 966
f 797 966 1216
f 797 1021 1216
f 798 899 966
f 798 966 1021
f 798 966 1216
f 798 1216 1021
f 799 1137 874
f 799 874 1490
f 799 1115 889
f 799 889 1137
f 799 1501 889
f 799 900 1115
f 799 1137 900
f 799 1489 900
f 799 900 1501
f 799 1115 1137
f 799 1501 1115
f 799 1137 1489
f 799 1490 1137
f 799 1489 1490
f 799 1501 1489
f 800 870 897
f 800 987 870
f 800 1137 870
f 800 987 897
f 800 897 1137
f 800 1489 897
f 800 1107 900
f 800 1137 900
f 800 900 1489
f 800 1137 1107
f 800 1489 1137
f 801 909 802
f 801 1330 802
f 801 855 909
f 801 955 855
f 801 955 909
f 801 1119 909
f 801 909 1252
f 801 909 1330
f 801 955 1119
f 801 1252 1330
f 801 1330 1293
f 802 909 1292
f 802 1330 909
f 802 1330 1292
f 802 1321 1293
f 802 1293 1330
f 802 1321 1330
f 803 840 807
f 803 848 807
f 803 807 1356
f 803 1426 807
f 803 840 824
f 803 1356 824
f 803 840 1356
f 803 1140 848
f 803 848 1426
f 803 1356 1426
f 804 1036 805
f 804 805 1099
f 804 965 1036
f 804 965 1099
f 804 1099 1036
f 805 973 806
f 805 1036 806
f 805 1099 806
f 805 1099 973
f 805 1036 1099
f 806 892 846
f 806 1036 846
f 806 846 1117
f 806 1036 892
f 806 973 1099
f 806 1117 973
f 806 1036 1099
f 806 1117 1036
f 806 1117 1099
f 806 1117 1212
f 807 1312 840
f 807 840 1356
f 807 1286 848
f 807 1311 848
f 807 848 1426
f 807 1312 1311
f 807 1356 1426
f 808 1017 1040
f 808 1017 1049
f 808 1017 1264
f 808 1031 1030
f 808 1030 1040
f 808 1044 1030
f 808 1279 1030
f 808 1044 1031
f 808 1225 1031
f 808 1031 1279
f 808 1044 1040
f 808 1264 1040
f 808 1225 1044
f 808 1264 1044
f 808 1049 1225
f 808 1264 1049
f 808 1264 1225
f 809 913 974
f 809 1156 913
f 809 913 1435
f 809 1221 1156
f 809 1435 1156
f 809 1221 1435
f 810 873 812
f 810 1009 812
f 810 1009 873
f 810 873 1130
f 810 873 1275
f 810 1130 1009
f 810 1009 1317
f 810 1130 1275
f 811 876 827
f 811 1185 827
f 811 906 860
f 811 860 1207
f 811 1347 860
f 811 860 1351
f 811 876 906
f 811 1143 876
f 811 876 1351
f 811 1143 1184
f 811 1347 1184
f 811 1184 1351
f 811 1208 1185
f 811 1347 1185
f 811 1208 1207
f 811 1207 1347
f 811 1347 1208
f 811 1351 1347
f 812 1009 849
f 812 849 1144
f 812 1009 873
f 812 1100 1098
f 812 1098 1144
f 812 1144 1100
f 812 1100 1295
f 813 857 845
f 813 845 952
f 813 845 1148
f 813 1299 845
f 813 1473 845
f 813 845 1480
f 813 857 854
f 813 854 1148
f 813 1473 854
f 813 1148 857
f 813 1473 857
f 813 926 954
f 813 997 926
f 813 926 1299
f 813 926 1473
f 813 952 954
f 813 997 952
f 813 1148 952
f 813 952 1299
f 813 997 954
f 813 1299 954
f 813 961 997
f 813 1148 961
f 813 997 1148
f 813 1473 1299
f 813 1480 1299
f 813 1480 1473
f 814 940 896
f 814 1204 896
f 814 940 1013
f 814 940 1204
f 814 1082 983
f 814 1183 983
f 814 1204 983
f 814 1013 1204
f 814 1082 1067
f 814 1183 1067
f 814 1082 1183
f 815 920 816
f 815 816 1024
f 815 1165 816
f 815 912 879
f 815 920 879
f 815 912 920
f 815 1367 912
f 815 920 1024
f 815 1367 920
f 815 1101 1024
f 815 1024 1165
f 815 1367 1024
f 815 1165 1101
f 815 1101 1367
f 816 920 820
f 816 820 1237
f 816 920 1024
f 816 920 1237
f 816 964 1024
f 816 1165 964
f 816 1024 1165
f 817 824 1075
f 817 824 1356
f 817 859 1081
f 817 1224 859
f 817 1356 859
f 817 1465 859
f 817 1008 1081
f 817 1356 1075
f 817 1075 1387
f 817 1398 1075
f 817 1081 1382
f 817 1465 1081
f 817 1224 1465
f 817 1356 1363
f 817 1398 1356
f 817 1363 1398
f 817 1383 1382
f 817 1382 1465
f 817 1383 1387
f 817 1387 1398
f 818 953 928
f 818 1175 928
f 818 953 951
f 818 1235 951
f 818 953 1175
f 818 1235 953
f 818 1175 1129
f 818 1191 1175
f 818 1235 1175
f 818 1191 1235
f 819 1121 948
f 819 1403 948
f 819 1121 950
f 819 959 1035
f 819 959 1133
f 819 1403 959
f 819 1133 1035
f 819 1035 1403
f 820 898 879
f 820 879 920
f 820 879 1255
f 820 898 920
f 820 944 898
f 820 1237 898
f 820 898 1255
f 820 1237 920
f 820 1005 944
f 820 944 1237
f 820 1255 944
f 820 1005 1255
f 821 870 916
f 821 870 987
f 821 870 1162
f 821 916 987
f 821 916 1162
f 821 1384 916
f 821 987 1384
f 821 1054 1089
f 821 1054 1162
f 821 1162 1089
f 821 1384 1089
f 821 1162 1384
f 822 1386 1104
f 822 1104 1399
f 822 1104 1427
f 822 1157 1416
f 822 1157 1427
f 822 1399 1260
f 822 1260 1427
f 822 1386 1300
f 822 1427 1300
f 822 1427 1386
f 822 1427 1399
f 822 1416 1427
f 823 1310 888
f 823 1386 888
f 823 1128 1310
f 823 1416 1128
f 823 1427 1128
f 823 1222 1416
f 823 1386 1300
f 823 1300 1416
f 823 1300 1427
f 823 1386 1310
f 823 1310 1427
f 823 1386 1427
f 823 1427 1416
f 824 840 1075
f 824 1356 840
f 824 1075 1356
f 825 889 1002
f 825 1107 889
f 825 889 1115
f 825 890 1002
f 825 1115 890
f 825 1374 890
f 825 890 1433
f 825 890 1474
f 825 1115 1002
f 825 1115 1107
f 825 1107 1374
f 825 1115 1374
f 825 1334 1359
f 825 1433 1334
f 825 1474 1334
f 825 1484 1334
f 825 1484 1359
f 825 1433 1474
f 825 1460 1474
f 825 1484 1460
f 825 1474 1484
f 826 827 876
f 826 981 876
f 828 857 845
f 828 1148 845
f 828 857 854
f 828 854 884
f 828 1148 854
f 828 857 884
f 828 1148 857
f 828 857 1401
f 828 884 1314
f 828 1401 884
f 829 916 874
f 829 1126 874
f 829 874 1162
f 829 874 1503
f 829 1126 916
f 829 1162 916
f 829 1111 1089
f 829 1126 1089
f 829 1162 1089
f 829 1111 1162
f 829 1126 1162
f 829 1503 1162
f 830 978 833
f 830 1003 833
f 830 866 869
f 830 866 978
f 830 866 1003
f 830 1129 866
f 830 1348 866
f 830 869 978
f 830 1080 869
f 830 869 1129
f 830 869 1348
f 830 1003 978
f 830 1080 978
f 830 1129 1080
f 830 1348 1129
f 831 860 1347
f 831 1009 1317
f 831 1317 1202
f 831 1202 1337
f 831 1202 1347
f 831 1337 1317
f 831 1337 1347
f 832 868 929
f 832 1283 868
f 832 1436 868
f 832 963 929
f 832 929 1118
f 832 929 1283
f 832 1118 963
f 832 1283 1118
f 832 1436 1180
f 833 850 978
f 833 1003 850
f 833 850 1370
f 833 887 978
f 833 1370 887
f 833 978 1003
f 833 978 1370
f 834 838 1447
f 834 1179 1085
f 834 1446 1085
f 834 1447 1085
f 834 1179 1396
f 834 1446 1179
f 834 1446 1396
f 834 1447 1446
f 835 891 836
f 835 1134 836
f 835 836 1461
f 835 891 839
f 835 839 1134
f 835 1134 891
f 835 1134 1461
f 836 837 1447
f 836 837 1461
f 836 1134 891
f 836 1447 891
f 836 1134 1447
f 836 1134 1461
f 836 1461 1447
f 837 838 1447
f 837 1461 1447
f 839 891 1086
f 839 891 1134
f 839 981 993
f 839 981 1086
f 839 981 1281
f 839 1086 993
f 839 1134 1086
f 839 1086 1281
f 839 1281 1134
f 840 1075 1063
f 840 1075 1356
f 840 1075 1363
f 840 1363 1356
f 841 842 951
f 841 972 842
f 841 995 842
f 841 842 996
f 841 842 1174
f 841 842 1315
f 841 1174 951
f 841 971 972
f 841 971 1315
f 841 1315 972
f 841 994 995
f 841 994 996
f 841 994 1174
f 841 1315 994
f 841 995 996
f 841 1315 995
f 841 1174 996
f 842 858 951
f 842 858 1038
f 842 858 1174
f 842 858 1213
f 842 951 1174
f 842 995 972
f 842 1315 972
f 842 995 996
f 842 1038 995
f 842 995 1315
f 842 1038 996
f 842 996 1174
f 842 1174 1038
f 842 1213 1038
f 842 1174 1213
f 843 844 856
f 843 1159 844
f 843 856 1159
f 843 1159 1039
f 844 856 910
f 844 856 1153
f 844 1159 856
f 844 910 1153
f 844 1159 1153
f 845 857 1148
f 845 857 1454
f 845 1473 857
f 845 1480 857
f 845 952 872
f 845 872 1148
f 845 952 1148
f 845 1299 952
f 845 1299 1426
f 845 1480 1299
f 845 1480 1426
f 845 1454 1480
f 845 1480 1473
f 846 1036 892
f 846 892 1051
f 846 1036 949
f 846 1117 949
f 846 1036 1051
f 846 1036 1117
f 846 1036 1306
f 846 1306 1051
f 846 1051 1314
f 846 1051 1423
f 846 1423 1306
f 846 1314 1423
f 847 962 930
f 847 1371 930
f 847 1211 962
f 847 962 1371
f 847 1211 1108
f 847 1108 1371
f 847 1450 1108
f 847 1108 1458
f 847 1371 1211
f 847 1450 1211
f 848 1232 1140
f 848 1140 1286
f 848 1299 1140
f 848 1286 1232
f 848 1286 1299
f 848 1426 1286
f 848 1299 1426
f 849 1317 1009
f 850 978 866
f 850 866 1003
f 850 940 1003
f 850 1290 940
f 850 940 1291
f 850 1003 978
f 850 1370 978
f 850 1389 978
f 850 1003 1290
f 850 1290 1291
f 850 1335 1291
f 850 1335 1370
f 850 1335 1389
f 850 1370 1389
f 851 1000 853
f 851 853 1039
f 851 1136 853
f 851 1159 853
f 851 1000 1039
f 851 1039 1159
f 851 1136 1159
f 851 1136 1407
f 851 1407 1159
f 852 853 856
f 852 853 970
f 852 853 1136
f 852 853 1159
f 852 853 1298
f 852 856 970
f 852 1136 856
f 852 1159 856
f 852 970 1298
f 852 1032 1022
f 852 1022 1136
f 852 1032 1136
f 852 1136 1159
f 853 970 856
f 853 1039 856
f 853 856 1159
f 853 1298 907
f 853 907 1344
f 853 1381 907
f 853 907 1449
f 853 970 1298
f 853 1000 1039
f 853 1344 1000
f 853 1000 1449
f 853 1381 1001
f 853 1449 1001
f 853 1159 1039
f 853 1039 1449
f 853 1159 1136
f 853 1381 1298
f 853 1449 1344
f 853 1381 1449
f 854 857 884
f 854 857 1020
f 854 1148 857
f 854 1401 857
f 854 1472 857
f 854 1473 857
f 854 884 934
f 854 884 1020
f 854 884 1401
f 854 1020 934
f 854 1401 1020
f 854 1020 1472
f 854 1473 1020
f 854 1473 1472
f 855 862 909
f 855 982 862
f 855 1119 862
f 855 862 1453
f 855 1462 862
f 855 955 909
f 855 909 1119
f 855 955 982
f 855 955 1091
f 855 1119 955
f 855 982 1091
f 855 982 1119
f 855 1419 982
f 855 982 1462
f 855 1419 1091
f 855 1332 1453
f 855 1462 1419
f 855 1462 1453
f 856 878 877
f 856 878 911
f 856 910 911
f 856 1153 910
f 856 970 911
f 856 1039 1159
f 856 1159 1136
f 856 1159 1153
f 857 1401 884
f 857 1020 1401
f 857 1020 1472
f 857 1401 1454
f 857 1401 1459
f 857 1472 1401
f 857 1454 1459
f 857 1454 1480
f 857 1472 1459
f 857 1480 1459
f 857 1472 1473
f 857 1472 1480
f 857 1480 1473
f 858 953 928
f 858 928 1125
f 858 953 951
f 858 951 1174
f 858 1213 951
f 858 953 1125
f 858 1213 953
f 858 1125 1038
f 858 1038 1213
f 858 1125 1213
f 858 1174 1213
f 859 1007 1081
f 859 1007 1465
f 859 1008 1081
f 859 1008 1471
f 859 1465 1081
f 859 1420 1224
f 859 1465 1224
f 859 1420 1356
f 859 1356 1471
f 859 1471 1420
f 860 1347 1207
f 860 1347 1351
f 861 871 984
f 861 1422 871
f 861 871 1428
f 861 985 984
f 861 985 1059
f 861 1308 1059
f 861 1412 1059
f 861 1422 1059
f 861 1234 1219
f 861 1319 1219
f 861 1368 1219
f 861 1219 1409
f 861 1308 1234
f 861 1309 1234
f 861 1234 1368
f 861 1409 1234
f 861 1309 1308
f 861 1368 1308
f 861 1409 1309
f 861 1412 1319
f 861 1428 1319
f 861 1412 1422
f 861 1428 1412
f 861 1428 1422
f 862 1119 909
f 862 909 1152
f 862 1292 909
f 862 982 1119
f 862 1152 982
f 862 1220 982
f 862 982 1462
f 862 1152 1093
f 862 1152 1119
f 862 1152 1220
f 862 1152 1292
f 862 1462 1220
f 862 1453 1462
f 863 903 941
f 863 1205 903
f 863 903 1344
f 863 914 941
f 863 1344 914
f 863 914 1449
f 863 1344 941
f 863 1344 1000
f 863 1449 1000
f 863 1205 1344
f 863 1449 1344
f 864 1011 880
f 864 880 1341
f 864 880 1434
f 864 947 1071
f 864 1341 947
f 864 1011 961
f 864 1041 961
f 864 1148 961
f 864 976 1011
f 864 1011 1041
f 864 1011 1148
f 864 1341 1011
f 864 1071 1341
f 864 1434 1071
f 864 1148 1341
f 864 1434 1341
f 865 937 938
f 865 1083 937
f 865 937 1361
f 865 937 1485
f 865 938 1083
f 865 938 1360
f 865 1485 938
f 865 1083 1385
f 865 1360 1361
f 865 1360 1485
f 865 1485 1361
f 865 1390 1385
f 866 869 978
f 866 1348 869
f 866 869 1448
f 866 1129 908
f 866 1348 908
f 866 1003 978
f 866 1448 978
f 866 1348 1129
f 866 1448 1348
f 867 884 1028
f 867 884 1051
f 867 884 1423
f 867 998 905
f 867 905 1051
f 867 1051 998
f 867 1307 998
f 867 1028 1423
f 867 1051 1307
f 867 1423 1051
f 867 1423 1307
f 868 1283 929
f 868 1283 1242
f 868 1305 1316
f 868 1436 1316
f 869 908 1129
f 869 908 1313
f 869 1348 908
f 869 1079 978
f 869 1080 978
f 869 978 1404
f 869 978 1448
f 869 1079 1080
f 869 1404 1079
f 869 1080 1129
f 869 1129 1313
f 869 1348 1129
f 869 1187 1188
f 869 1404 1187
f 869 1348 1188
f 869 1188 1448
f 869 1249 1313
f 869 1404 1249
f 869 1313 1348
f 869 1448 1348
f 870 874 897
f 870 916 874
f 870 1137 874
f 870 874 1162
f 870 1503 874
f 870 916 897
f 870 897 987
f 870 897 1137
f 870 916 987
f 870 916 1162
f 870 1137 1494
f 870 1503 1137
f 870 1503 1162
f 870 1503 1494
f 871 1422 1428
f 872 952 1076
f 872 1148 952
f 872 1011 1148
f 872 1011 1218
f 872 1015 1218
f 872 1076 1148
f 872 1076 1218
f 872 1148 1218
f 873 1130 1009
f 873 1186 1130
f 873 1130 1275
f 874 916 897
f 874 1090 897
f 874 897 1137
f 874 1490 897
f 874 916 1090
f 874 916 1126
f 874 916 1162
f 874 1126 1090
f 874 1090 1490
f 874 1137 1490
f 874 1137 1503
f 874 1503 1162
f 875 903 941
f 875 1176 903
f 875 903 1205
f 875 903 1344
f 875 907 1074
f 875 1344 907
f 875 1176 921
f 875 1205 921
f 875 1074 941
f 875 1176 941
f 875 1344 941
f 875 1074 1176
f 875 1344 1074
f 875 1205 1176
f 875 1344 1205
f 876 906 1192
f 876 981 1086
f 876 981 1281
f 876 1086 1192
f 876 1281 1086
f 876 1351 1086
f 876 1351 1192
f 876 1281 1351
f 879 898 912
f 879 920 898
f 879 1255 898
f 879 920 912
f 879 1255 1280
f 880 915 1011
f 880 915 1432
f 880 1011 1341
f 880 1341 1116
f 880 1116 1434
f 880 1341 1434
f 880 1434 1432
f 881 1096 1025
f 881 1025 1296
f 881 1328 1025
f 881 1025 1365
f 881 1025 1390
f 881 1424 1025
f 881 1096 1095
f 881 1095 1296
f 881 1390 1095
f 881 1096 1296
f 881 1390 1096
f 881 1365 1323
f 881 1323 1390
f 881 1328 1365
f 881 1424 1328
f 881 1365 1390
f 882 883 967
f 882 883 994
f 882 1231 883
f 882 883 1289
f 882 1315 883
f 882 956 885
f 882 967 885
f 882 885 994
f 882 885 1289
f 882 956 967
f 882 956 1231
f 882 967 1231
f 882 967 1289
f 882 1289 994
f 882 994 1315
f 882 1231 1315
f 883 919 967
f 883 1262 919
f 883 1289 919
f 883 1297 919
f 883 919 1364
f 883 967 1231
f 883 967 1262
f 883 1289 967
f 883 967 1364
f 883 972 995
f 883 1315 972
f 883 994 995
f 883 994 1289
f 883 1315 994
f 883 1289 995
f 883 995 1297
f 883 995 1315
f 883 1231 1315
f 883 1364 1231
f 883 1289 1262
f 883 1289 1297
f 884 1020 934
f 884 1051 934
f 884 1401 1020
f 884 1401 1028
f 884 1028 1423
f 884 1314 1051
f 884 1423 1051
f 884 1423 1314
f 885 967 956
f 885 967 1073
f 885 1262 967
f 885 1289 967
f 885 1289 994
f 885 1073 1262
f 885 1073 1289
f 885 1262 1289
f 886 978 887
f 886 1370 887
f 886 1370 978
f 886 978 1389
f 886 1370 1335
f 886 1389 1335
f 886 1370 1389
f 887 1370 978
f 888 989 1263
f 888 1418 989
f 888 1386 1214
f 888 1214 1417
f 888 1418 1214
f 888 1263 1386
f 888 1418 1263
f 888 1386 1310
f 888 1310 1388
f 888 1386 1388
f 888 1386 1417
f 888 1418 1386
f 888 1417 1388
f 888 1388 1418
f 888 1417 1418
f 889 1002 1115
f 889 1115 1107
f 889 1137 1107
f 889 1495 1107
f 889 1115 1137
f 889 1501 1115
f 890 1115 1002
f 890 1115 1374
f 890 1433 1474
f 891 1134 1086
f 891 1446 1086
f 891 1446 1134
f 891 1134 1447
f 891 1447 1446
f 892 904 1036
f 892 1051 904
f 892 1051 934
f 892 1036 1051
f 893 894 1133
f 893 894 1355
f 893 894 1470
f 893 986 1288
f 893 986 1355
f 893 1470 1133
f 893 1288 1355
f 894 950 1355
f 894 1440 950
f 894 1470 1133
f 894 1355 1329
f 894 1440 1329
f 894 1355 1440
f 895 941 914
f 895 914 1001
f 895 914 1087
f 895 923 927
f 895 941 923
f 895 927 941
f 895 1087 927
f 895 927 1177
f 895 941 1087
f 895 1087 1177
f 896 940 1003
f 896 1204 940
f 896 1290 940
f 896 1204 1003
f 896 1290 1003
f 896 1345 1003
f 896 1204 1345
f 897 916 987
f 897 916 1090
f 897 916 1112
f 897 916 1379
f 897 1379 987
f 897 1010 1112
f 897 1340 1010
f 897 1379 1010
f 897 1112 1090
f 897 1090 1490
f 897 1340 1112
f 897 1112 1379
f 897 1489 1112
f 897 1112 1490
f 897 1489 1137
f 897 1137 1490
f 897 1489 1340
f 897 1489 1490
f 898 920 912
f 898 1196 912
f 898 1372 912
f 898 920 1237
f 898 1372 920
f 898 944 977
f 898 1237 944
f 898 944 1255
f 898 977 1255
f 898 1372 1196
f 898 1237 1372
f 899 966 1209
f 899 966 1216
f 899 966 1339
f 899 1201 1238
f 899 1339 1201
f 899 1238 1209
f 899 1209 1339
f 899 1238 1339
f 900 1107 1115
f 900 1107 1137
f 900 1107 1374
f 900 1115 1137
f 900 1374 1115
f 900 1469 1115
f 900 1115 1501
f 900 1137 1489
f 900 1469 1468
f 900 1489 1468
f 900 1489 1501
f 901 979 1164
f 901 1338 979
f 901 1133 1035
f 901 1164 1035
f 901 1338 1035
f 901 1376 1035
f 901 1043 1133
f 901 1275 1043
f 901 1043 1338
f 901 1133 1338
f 901 1338 1164
f 901 1338 1275
f 902 959 1035
f 902 1133 959
f 902 1133 1035
f 902 1035 1169
f 902 1245 1035
f 902 1338 1035
f 902 1245 1120
f 902 1301 1120
f 902 1120 1338
f 902 1301 1133
f 902 1338 1133
f 902 1245 1169
f 902 1245 1338
f 902 1301 1338
f 903 924 941
f 903 1358 924
f 903 1176 941
f 903 1344 941
f 903 941 1358
f 903 1205 1014
f 903 1014 1358
f 903 1176 1205
f 903 1358 1176
f 903 1205 1344
f 903 1358 1205
f 904 905 1036
f 904 905 1051
f 904 1036 1051
f 905 1036 998
f 905 998 1051
f 905 1051 1036
f 907 1074 914
f 907 1344 914
f 907 914 1381
f 907 1344 1074
f 907 1074 1381
f 907 1298 1381
f 907 1344 1381
f 907 1449 1344
f 907 1381 1449
f 908 1175 928
f 908 1175 1129
f 908 1313 1129
f 908 1129 1348
f 908 1258 1175
f 908 1313 1175
f 908 1258 1313
f 908 1348 1313
f 909 1119 955
f 909 1119 1047
f 909 1047 1152
f 909 1119 1152
f 909 1152 1292
f 909 1252 1217
f 909 1217 1330
f 909 1330 1252
f 909 1292 1330
f 912 1367 920
f 912 1372 920
f 912 920 1464
f 912 1372 1196
f 912 1196 1464
f 912 1367 1464
f 912 1372 1464
f 913 974 1200
f 913 1200 1156
f 913 1156 1419
f 913 1435 1156
f 913 1419 1200
f 913 1419 1435
f 914 1074 941
f 914 941 1087
f 914 1344 941
f 914 1001 1381
f 914 1449 1001
f 914 1087 1074
f 914 1344 1074
f 914 1074 1381
f 914 1087 1381
f 914 1344 1381
f 914 1449 1344
f 914 1381 1449
f 915 975 1011
f 916 987 1379
f 916 987 1384
f 916 1112 1010
f 916 1010 1379
f 916 1010 1402
f 916 1089 1126
f 916 1089 1162
f 916 1089 1384
f 916 1402 1089
f 916 1090 1112
f 916 1090 1126
f 916 1112 1379
f 916 1162 1126
f 916 1402 1126
f 916 1384 1162
f 916 1384 1379
f 916 1402 1379
f 916 1384 1402
f 917 918 958
f 917 988 918
f 917 1048 918
f 917 1055 918
f 917 918 1092
f 917 1216 918
f 917 918 1344
f 917 958 1055
f 917 958 1216
f 917 958 1452
f 917 988 1048
f 917 1048 1012
f 917 1055 1012
f 917 1012 1377
f 917 1452 1012
f 917 1055 1048
f 917 1048 1377
f 917 1055 1452
f 917 1216 1092
f 917 1216 1452
f 918 1004 958
f 918 958 1055
f 918 958 1092
f 918 1216 958
f 918 988 1004
f 918 1048 988
f 918 1048 1004
f 918 1004 1055
f 918 1055 1048
f 918 1092 1216
f 919 967 1262
f 919 1364 967
f 919 1167 1262
f 919 1262 1289
f 919 1297 1262
f 919 1364 1262
f 919 1297 1289
f 920 1024 1256
f 920 1024 1367
f 920 1464 1024
f 920 1237 1372
f 920 1372 1256
f 920 1256 1415
f 920 1464 1256
f 920 1367 1464
f 920 1415 1372
f 920 1464 1372
f 920 1415 1464
f 921 1014 922
f 921 1111 922
f 921 1197 922
f 921 922 1205
f 921 1014 1197
f 921 1014 1205
f 921 1014 1358
f 921 1111 1197
f 921 1176 1205
f 921 1358 1176
f 921 1176 1394
f 921 1176 1429
f 921 1197 1358
f 921 1394 1197
f 921 1429 1197
f 921 1205 1358
f 921 1429 1358
f 921 1394 1429
f 922 1054 1014
f 922 1197 1014
f 922 1014 1205
f 922 1054 1111
f 922 1162 1054
f 922 1197 1054
f 922 1162 1111
f 922 1111 1197
f 923 924 941
f 923 924 1358
f 923 927 941
f 923 1358 927
f 923 941 1358
f 924 1358 941
f 925 939 1163
f 925 1277 939
f 925 1195 1163
f 925 1277 1163
f 925 1436 1163
f 925 1195 1277
f 925 1222 1277
f 925 1416 1222
f 925 1416 1277
f 926 954 997
f 926 954 1251
f 926 954 1299
f 926 1019 1140
f 926 1251 1019
f 926 1251 1140
f 926 1140 1299
f 926 1251 1299
f 926 1473 1299
f 927 941 1087
f 927 941 1358
f 927 945 1358
f 927 1429 945
f 927 1177 1087
f 927 1358 1087
f 927 1087 1429
f 927 1177 1429
f 927 1429 1358
f 928 953 1125
f 928 1175 953
f 929 963 1118
f 929 1118 1057
f 929 1283 1057
f 929 1118 1283
f 930 1226 931
f 930 931 1230
f 930 931 1263
f 930 931 1371
f 930 962 1097
f 930 962 1105
f 930 962 1371
f 930 1105 1097
f 930 1263 1097
f 930 1263 1105
f 930 1371 1105
f 930 1226 1230
f 930 1263 1230
f 930 1371 1263
f 931 936 1371
f 931 1373 936
f 931 1230 989
f 931 1263 989
f 931 989 1373
f 931 1227 1226
f 931 1226 1230
f 931 1227 1230
f 931 1263 1230
f 931 1263 1371
f 931 1373 1263
f 931 1371 1373
f 932 933 983
f 932 933 1082
f 932 1434 933
f 932 983 1071
f 932 983 1082
f 932 983 1434
f 932 1434 1071
f 933 983 1082
f 933 983 1353
f 933 983 1434
f 933 1067 1082
f 933 1067 1353
f 933 1082 1353
f 933 1434 1353
f 935 1030 1231
f 935 1276 1030
f 935 1122 1031
f 935 1231 1031
f 935 1276 1031
f 935 1122 1231
f 935 1122 1276
f 935 1122 1364
f 935 1231 1276
f 935 1231 1364
f 936 1273 1108
f 936 1108 1371
f 936 1354 1273
f 936 1273 1371
f 936 1373 1273
f 936 1273 1443
f 936 1371 1354
f 936 1443 1354
f 936 1371 1373
f 936 1443 1371
f 936 1373 1443
f 937 938 1083
f 937 938 1336
f 937 1484 938
f 937 1485 938
f 937 1088 1083
f 937 1083 1336
f 937 1336 1171
f 937 1171 1484
f 937 1171 1485
f 937 1484 1336
f 937 1485 1361
f 937 1484 1485
f 938 1083 957
f 938 1223 957
f 938 1223 1083
f 938 1336 1083
f 938 1282 1223
f 938 1223 1336
f 938 1282 1336
f 938 1360 1282
f 938 1282 1484
f 938 1282 1485
f 938 1336 1484
f 938 1485 1360
f 938 1484 1485
f 939 1277 1157
f 939 1157 1416
f 939 1277 1163
f 939 1163 1392
f 939 1436 1163
f 939 1392 1277
f 939 1277 1416
f 940 1003 1013
f 940 1204 1003
f 940 1003 1290
f 940 1346 1003
f 940 1204 1013
f 940 1013 1346
f 940 1291 1053
f 940 1204 1346
f 940 1291 1290
f 941 1074 1087
f 941 1074 1176
f 941 1074 1344
f 941 1087 1176
f 941 1087 1358
f 941 1176 1358
f 942 943 1128
f 942 943 1349
f 942 1261 1128
f 942 1128 1268
f 942 1128 1331
f 942 1128 1349
f 942 1268 1261
f 942 1261 1331
f 942 1349 1331
f 943 1128 1310
f 943 1128 1349
f 943 1349 1310
f 943 1455 1310
f 943 1455 1349
f 944 977 1255
f 944 1005 1255
f 945 1358 1197
f 945 1197 1395
f 945 1429 1197
f 945 1197 1467
f 945 1358 1429
f 945 1395 1429
f 946 983 1116
f 946 1204 983
f 946 1325 983
f 946 983 1341
f 946 1116 1325
f 946 1341 1116
f 946 1341 1204
f 947 1071 983
f 947 983 1204
f 947 1341 983
f 947 1071 1341
f 947 1204 1341
f 949 965 1036
f 949 1099 965
f 949 1036 1099
f 949 1036 1117
f 949 1099 1117
f 950 1378 1121
f 950 1287 1288
f 950 1287 1329
f 950 1355 1287
f 950 1287 1378
f 950 1287 1440
f 950 1288 1355
f 950 1288 1378
f 950 1355 1329
f 950 1440 1329
f 950 1355 1440
f 950 1378 1441
f 950 1442 1440
f 950 1441 1442
f 951 953 1213
f 951 1235 953
f 951 1174 1213
f 952 954 997
f 952 1076 954
f 952 1299 954
f 952 1076 997
f 952 997 1148
f 952 1076 1026
f 952 1148 1076
f 953 1084 1175
f 953 1235 1084
f 953 1125 1213
f 953 1175 1235
f 954 997 1058
f 954 1076 997
f 954 1076 1058
f 954 1066 1254
f 954 1254 1251
f 954 1251 1299
f 954 1254 1299
f 955 1091 982
f 955 1119 982
f 956 1122 967
f 956 1231 967
f 956 1122 1031
f 956 1231 1031
f 956 1122 1231
f 957 1083 1223
f 957 1385 1083
f 957 1365 1323
f 957 1385 1323
f 957 1323 1390
f 957 1385 1365
f 957 1390 1385
f 958 1004 1055
f 958 1243 1055
f 958 1452 1055
f 958 1092 1216
f 958 1452 1216
f 958 1243 1452
f 959 1035 1133
f 959 1035 1403
f 960 1083 1223
f 960 1336 1083
f 960 1336 1223
f 961 1041 997
f 961 997 1076
f 961 997 1148
f 961 1269 997
f 961 1041 1011
f 961 1148 1011
f 961 1011 1269
f 961 1269 1041
f 961 1076 1148
f 961 1076 1269
f 961 1148 1269
f 962 1132 969
f 962 1097 1105
f 962 1105 1132
f 962 1105 1371
f 962 1132 1211
f 962 1371 1132
f 962 1371 1211
f 963 1118 1103
f 963 1103 1229
f 964 1101 1024
f 964 1024 1158
f 964 1165 1024
f 964 1024 1238
f 964 1101 1165
f 964 1101 1238
f 964 1209 1158
f 964 1158 1238
f 964 1209 1238
f 965 1036 998
f 965 1099 1036
f 966 1216 1021
f 966 1209 1339
f 967 1072 1073
f 967 1072 1262
f 967 1072 1466
f 967 1262 1073
f 967 1122 1231
f 967 1364 1122
f 967 1231 1364
f 967 1262 1289
f 967 1364 1262
f 967 1466 1262
f 968 969 1132
f 968 1068 1132
f 971 972 1046
f 971 972 1228
f 971 972 1315
f 971 1322 972
f 971 1350 972
f 971 1045 1046
f 971 1229 1045
f 971 1045 1322
f 971 1228 1046
f 971 1046 1229
f 971 1046 1322
f 971 1229 1228
f 971 1228 1350
f 971 1229 1350
f 972 1315 995
f 972 1046 1228
f 972 1322 1046
f 972 1228 1350
f 973 1117 1099
f 973 1099 1505
f 973 1117 1294
f 973 1505 1117
f 975 976 1011
f 978 1079 1080
f 978 1404 1079
f 978 1370 1389
f 978 1389 1404
f 979 1295 1100
f 979 1164 1295
f 979 1338 1164
f 979 1338 1295
f 980 992 1086
f 980 992 1192
f 980 1179 1086
f 980 1086 1192
f 980 1086 1351
f 980 1086 1446
f 980 1179 1168
f 980 1168 1351
f 980 1396 1168
f 980 1179 1351
f 980 1396 1179
f 980 1179 1446
f 980 1351 1192
f 980 1396 1446
f 981 993 1086
f 981 1086 1281
f 982 1047 1119
f 982 1047 1152
f 982 1047 1221
f 982 1156 1091
f 982 1091 1419
f 982 1152 1119
f 982 1220 1152
f 982 1152 1221
f 982 1156 1221
f 982 1156 1419
f 982 1435 1156
f 982 1220 1419
f 982 1220 1435
f 982 1220 1462
f 982 1221 1435
f 982 1435 1419
f 982 1419 1462
f 983 1341 1071
f 983 1434 1071
f 983 1183 1082
f 983 1082 1353
f 983 1116 1325
f 983 1341 1116
f 983 1434 1116
f 983 1183 1325
f 983 1183 1353
f 983 1341 1204
f 983 1341 1434
f 983 1353 1434
f 986 1200 1287
f 986 1355 1200
f 986 1287 1288
f 986 1355 1287
f 986 1288 1355
f 987 1379 1384
f 988 1004 1048
f 988 1048 1032
f 988 1136 1032
f 988 1048 1114
f 988 1048 1136
f 988 1048 1362
f 988 1362 1114
f 988 1407 1114
f 988 1362 1136
f 988 1136 1407
f 988 1407 1362
f 989 1263 1105
f 989 1105 1373
f 989 1418 1105
f 989 1263 1230
f 989 1263 1373
f 989 1418 1263
f 990 1183 991
f 990 1183 1067
f 990 1353 1067
f 990 1183 1353
f 991 1325 1183
f 992 1086 993
f 992 1192 1086
f 994 996 995
f 994 1289 995
f 994 1315 995
f 994 1174 996
f 994 1289 996
f 994 996 1343
f 994 1289 1343
f 995 996 1038
f 995 996 1289
f 995 1297 996
f 995 1289 1297
f 996 1070 1038
f 996 1174 1038
f 996 1038 1213
f 996 1069 1070
f 996 1213 1069
f 996 1233 1069
f 996 1070 1213
f 996 1173 1172
f 996 1172 1233
f 996 1289 1172
f 996 1172 1297
f 996 1172 1342
f 996 1297 1173
f 996 1181 1174
f 996 1174 1213
f 996 1181 1213
f 996 1233 1181
f 996 1213 1233
f 996 1233 1342
f 996 1289 1297
f 996 1289 1342
f 996 1289 1343
f 996 1343 1342
f 997 1041 1269
f 997 1076 1058
f 997 1058 1269
f 997 1076 1148
f 997 1076 1269
f 998 1051 1036
f 998 1036 1307
f 998 1307 1051
f 999 1200 1287
f 999 1287 1378
f 1000 1039 1449
f 1000 1344 1449
f 1000 1449 1444
f 1001 1381 1449
f 1001 1449 1445
f 1003 1013 1346
f 1003 1345 1204
f 1003 1204 1346
f 1003 1345 1212
f 1003 1212 1346
f 1003 1345 1346
f 1004 1055 1048
f 1004 1048 1369
f 1004 1369 1055
f 1004 1199 1369
f 1005 1255 1203
f 1005 1203 1280
f 1005 1458 1203
f 1005 1255 1280
f 1006 1007 1081
f 1006 1465 1007
f 1006 1465 1081
f 1007 1081 1465
f 1010 1112 1340
f 1010 1379 1112
f 1010 1379 1402
f 1011 1041 1269
f 1011 1148 1218
f 1011 1148 1269
f 1011 1148 1341
f 1011 1154 1218
f 1011 1269 1154
f 1011 1269 1218
f 1012 1048 1055
f 1012 1048 1324
f 1012 1377 1048
f 1012 1324 1055
f 1012 1452 1055
f 1012 1138 1324
f 1012 1324 1377
f 1013 1346 1204
f 1014 1197 1054
f 1014 1358 1197
f 1014 1205 1358
f 1015 1218 1016
f 1016 1154 1218
f 1017 1040 1145
f 1017 1264 1040
f 1017 1040 1293
f 1017 1145 1049
f 1017 1049 1264
f 1017 1264 1145
f 1017 1293 1145
f 1017 1145 1321
f 1017 1293 1321
f 1018 1251 1019
f 1018 1251 1131
f 1019 1140 1251
f 1020 1401 1414
f 1020 1472 1401
f 1020 1414 1472
f 1020 1472 1473
f 1021 1243 1216
f 1022 1136 1023
f 1022 1136 1032
f 1023 1153 1136
f 1023 1136 1352
f 1023 1352 1153
f 1024 1165 1101
f 1024 1101 1238
f 1024 1101 1367
f 1024 1102 1158
f 1024 1102 1238
f 1024 1158 1238
f 1024 1464 1256
f 1024 1464 1367
f 1025 1037 1155
f 1025 1390 1037
f 1025 1096 1296
f 1025 1390 1096
f 1025 1328 1155
f 1025 1155 1365
f 1025 1155 1390
f 1025 1365 1328
f 1025 1424 1328
f 1025 1390 1365
f 1025 1424 1410
f 1026 1027 1076
f 1027 1058 1076
f 1028 1413 1401
f 1028 1475 1401
f 1028 1413 1475
f 1029 1118 1103
f 1029 1283 1118
f 1029 1283 1242
f 1030 1044 1031
f 1030 1031 1231
f 1030 1031 1276
f 1030 1279 1031
f 1030 1044 1040
f 1030 1151 1040
f 1030 1151 1044
f 1030 1044 1276
f 1030 1231 1276
f 1030 1279 1231
f 1030 1279 1278
f 1031 1122 1044
f 1031 1225 1044
f 1031 1044 1276
f 1031 1122 1225
f 1031 1122 1231
f 1031 1276 1122
f 1031 1276 1231
f 1031 1279 1231
f 1032 1048 1136
f 1032 1048 1366
f 1032 1048 1377
f 1032 1366 1136
f 1032 1160 1366
f 1032 1377 1160
f 1032 1366 1377
f 1033 1136 1034
f 1033 1159 1034
f 1033 1362 1034
f 1033 1136 1159
f 1033 1362 1136
f 1033 1136 1407
f 1033 1407 1159
f 1033 1362 1407
f 1034 1153 1136
f 1034 1136 1159
f 1034 1352 1136
f 1034 1136 1362
f 1034 1159 1153
f 1034 1153 1352
f 1034 1362 1352
f 1035 1338 1133
f 1035 1164 1239
f 1035 1164 1245
f 1035 1164 1338
f 1035 1169 1170
f 1035 1245 1169
f 1035 1239 1170
f 1035 1170 1245
f 1035 1239 1245
f 1035 1239 1375
f 1035 1239 1403
f 1035 1338 1245
f 1035 1376 1375
f 1036 1051 1306
f 1036 1051 1307
f 1036 1117 1099
f 1036 1307 1306
f 1037 1088 1155
f 1037 1385 1088
f 1037 1088 1390
f 1037 1385 1155
f 1037 1155 1390
f 1037 1390 1385
f 1038 1213 1070
f 1038 1125 1213
f 1038 1174 1213
f 1040 1044 1151
f 1040 1264 1044
f 1040 1145 1151
f 1040 1145 1264
f 1040 1145 1293
f 1040 1264 1151
f 1040 1151 1293
f 1042 1133 1043
f 1042 1043 1275
f 1042 1043 1301
f 1042 1368 1043
f 1042 1043 1380
f 1042 1470 1043
f 1042 1301 1133
f 1042 1470 1133
f 1042 1244 1186
f 1042 1275 1186
f 1042 1186 1301
f 1042 1186 1380
f 1042 1215 1244
f 1042 1270 1215
f 1042 1215 1368
f 1042 1380 1215
f 1042 1380 1244
f 1042 1270 1368
f 1042 1470 1270
f 1042 1301 1275
f 1042 1380 1275
f 1042 1301 1470
f 1042 1368 1380
f 1042 1470 1368
f 1043 1193 1050
f 1043 1050 1368
f 1043 1050 1380
f 1043 1127 1193
f 1043 1127 1275
f 1043 1380 1127
f 1043 1133 1301
f 1043 1338 1133
f 1043 1470 1133
f 1043 1193 1380
f 1043 1275 1301
f 1043 1338 1275
f 1043 1275 1380
f 1043 1301 1338
f 1043 1380 1368
f 1043 1368 1470
f 1044 1106 1122
f 1044 1225 1106
f 1044 1276 1106
f 1044 1106 1397
f 1044 1122 1225
f 1044 1276 1122
f 1044 1264 1151
f 1044 1225 1264
f 1044 1264 1397
f 1045 1060 1046
f 1045 1189 1046
f 1045 1046 1229
f 1045 1046 1322
f 1045 1060 1061
f 1045 1060 1189
f 1045 1060 1296
f 1045 1060 1322
f 1045 1095 1061
f 1045 1296 1061
f 1045 1061 1322
f 1045 1296 1095
f 1045 1189 1296
f 1046 1060 1189
f 1046 1060 1322
f 1046 1103 1228
f 1046 1103 1229
f 1046 1229 1228
f 1047 1094 1152
f 1047 1119 1152
f 1047 1152 1221
f 1048 1324 1055
f 1048 1369 1055
f 1048 1114 1362
f 1048 1362 1136
f 1048 1136 1366
f 1048 1324 1257
f 1048 1369 1257
f 1048 1257 1400
f 1048 1324 1369
f 1048 1377 1324
f 1048 1400 1324
f 1048 1366 1362
f 1048 1362 1400
f 1048 1377 1366
f 1048 1366 1400
f 1048 1369 1400
f 1049 1264 1145
f 1049 1264 1225
f 1050 1193 1318
f 1050 1380 1193
f 1050 1308 1234
f 1050 1234 1318
f 1050 1368 1234
f 1050 1308 1368
f 1050 1368 1318
f 1050 1318 1380
f 1050 1368 1380
f 1051 1307 1306
f 1051 1306 1423
f 1051 1423 1307
f 1051 1423 1314
f 1052 1065 1085
f 1052 1179 1065
f 1052 1351 1065
f 1052 1085 1179
f 1052 1206 1179
f 1052 1179 1351
f 1052 1351 1206
f 1053 1291 1335
f 1054 1162 1089
f 1054 1089 1197
f 1054 1089 1271
f 1054 1111 1162
f 1054 1111 1197
f 1054 1197 1162
f 1054 1271 1197
f 1055 1243 1064
f 1055 1452 1064
f 1055 1257 1139
f 1055 1139 1324
f 1055 1243 1452
f 1055 1257 1324
f 1055 1369 1257
f 1055 1324 1369
f 1056 1118 1057
f 1056 1283 1057
f 1056 1118 1283
f 1057 1118 1283
f 1058 1076 1154
f 1058 1269 1076
f 1058 1154 1269
f 1059 1412 1408
f 1059 1408 1422
f 1059 1412 1422
f 1060 1296 1061
f 1060 1304 1061
f 1060 1322 1061
f 1060 1061 1411
f 1060 1096 1189
f 1060 1296 1096
f 1060 1189 1296
f 1060 1278 1304
f 1060 1278 1410
f 1060 1410 1304
f 1060 1411 1304
f 1060 1411 1410
f 1061 1296 1095
f 1061 1304 1322
f 1061 1411 1304
f 1062 1063 1075
f 1062 1075 1387
f 1062 1398 1075
f 1062 1387 1398
f 1064 1452 1243
f 1065 1134 1085
f 1065 1179 1085
f 1065 1085 1446
f 1065 1281 1134
f 1065 1446 1134
f 1065 1281 1179
f 1065 1179 1351
f 1065 1179 1446
f 1065 1281 1351
f 1065 1281 1446
f 1066 1147 1254
f 1066 1147 1286
f 1066 1286 1254
f 1066 1254 1299
f 1066 1286 1299
f 1067 1082 1183
f 1067 1353 1082
f 1067 1183 1353
f 1068 1132 1078
f 1068 1078 1443
f 1068 1354 1132
f 1068 1443 1132
f 1068 1354 1274
f 1068 1443 1354
f 1069 1213 1070
f 1069 1233 1213
f 1071 1341 1434
f 1072 1073 1262
f 1072 1289 1073
f 1072 1262 1135
f 1072 1135 1289
f 1072 1466 1135
f 1072 1289 1262
f 1072 1466 1262
f 1073 1262 1289
f 1074 1176 1087
f 1074 1178 1087
f 1074 1381 1087
f 1074 1178 1176
f 1075 1356 1363
f 1075 1356 1398
f 1075 1363 1398
f 1075 1398 1387
f 1076 1148 1218
f 1076 1269 1148
f 1076 1218 1154
f 1076 1154 1269
f 1076 1218 1269
f 1077 1443 1078
f 1077 1273 1373
f 1077 1443 1273
f 1077 1373 1443
f 1078 1132 1443
f 1081 1465 1382
f 1082 1353 1183
f 1083 1088 1385
f 1083 1223 1336
f 1084 1175 1190
f 1084 1235 1175
f 1084 1439 1175
f 1084 1235 1190
f 1084 1439 1190
f 1085 1134 1124
f 1085 1447 1124
f 1085 1446 1134
f 1085 1447 1134
f 1085 1446 1179
f 1085 1447 1446
f 1086 1134 1281
f 1086 1134 1446
f 1086 1281 1179
f 1086 1179 1351
f 1086 1179 1446
f 1086 1192 1351
f 1086 1281 1351
f 1086 1446 1281
f 1087 1178 1176
f 1087 1176 1358
f 1087 1176 1429
f 1087 1178 1177
f 1087 1429 1177
f 1087 1178 1429
f 1087 1358 1429
f 1088 1155 1385
f 1088 1385 1390
f 1089 1110 1109
f 1089 1126 1109
f 1089 1109 1326
f 1089 1402 1109
f 1089 1463 1109
f 1089 1126 1110
f 1089 1111 1162
f 1089 1197 1111
f 1089 1111 1467
f 1089 1126 1162
f 1089 1402 1126
f 1089 1162 1197
f 1089 1384 1162
f 1089 1197 1271
f 1089 1197 1272
f 1089 1463 1197
f 1089 1197 1467
f 1089 1271 1272
f 1089 1272 1463
f 1089 1326 1327
f 1089 1384 1326
f 1089 1326 1402
f 1089 1326 1463
f 1089 1384 1327
f 1089 1402 1384
f 1089 1463 1467
f 1090 1490 1112
f 1091 1419 1156
f 1093 1094 1152
f 1095 1296 1096
f 1095 1390 1096
f 1096 1296 1189
f 1097 1214 1104
f 1097 1104 1386
f 1097 1214 1105
f 1097 1105 1263
f 1097 1263 1214
f 1097 1386 1214
f 1097 1263 1386
f 1098 1100 1144
f 1098 1236 1100
f 1099 1117 1505
f 1100 1236 1295
f 1101 1238 1201
f 1102 1158 1238
f 1102 1158 1339
f 1102 1238 1339
f 1103 1228 1229
f 1104 1214 1210
f 1104 1210 1386
f 1104 1399 1210
f 1104 1425 1210
f 1104 1210 1427
f 1104 1214 1386
f 1104 1425 1214
f 1104 1427 1386
f 1104 1425 1399
f 1104 1399 1427
f 1105 1123 1214
f 1105 1123 1418
f 1105 1371 1132
f 1105 1132 1443
f 1105 1214 1263
f 1105 1418 1214
f 1105 1263 1371
f 1105 1263 1373
f 1105 1418 1263
f 1105 1373 1371
f 1105 1443 1371
f 1105 1373 1443
f 1106 1122 1225
f 1106 1122 1276
f 1107 1137 1115
f 1107 1115 1374
f 1108 1246 1203
f 1108 1203 1458
f 1108 1354 1211
f 1108 1371 1211
f 1108 1450 1211
f 1108 1248 1246
f 1108 1274 1246
f 1108 1451 1246
f 1108 1247 1248
f 1108 1273 1247
f 1108 1354 1247
f 1108 1274 1248
f 1108 1248 1354
f 1108 1354 1273
f 1108 1273 1371
f 1108 1354 1274
f 1108 1274 1451
f 1108 1354 1371
f 1108 1451 1450
f 1109 1126 1110
f 1109 1126 1402
f 1109 1326 1402
f 1109 1463 1326
f 1111 1162 1197
f 1111 1467 1197
f 1111 1430 1467
f 1112 1489 1340
f 1112 1489 1490
f 1113 1362 1114
f 1113 1352 1362
f 1113 1352 1400
f 1113 1362 1400
f 1114 1362 1407
f 1116 1341 1434
f 1120 1245 1164
f 1120 1295 1164
f 1120 1338 1164
f 1120 1245 1295
f 1120 1338 1245
f 1120 1295 1338
f 1120 1338 1301
f 1122 1364 1231
f 1123 1253 1214
f 1123 1418 1214
f 1124 1447 1134
f 1124 1134 1461
f 1124 1461 1447
f 1127 1130 1150
f 1127 1275 1130
f 1127 1130 1380
f 1127 1150 1193
f 1127 1150 1380
f 1127 1193 1380
f 1127 1380 1275
f 1128 1261 1260
f 1128 1260 1421
f 1128 1260 1427
f 1128 1268 1261
f 1128 1261 1331
f 1128 1261 1421
f 1128 1268 1393
f 1128 1416 1268
f 1128 1349 1310
f 1128 1310 1427
f 1128 1331 1349
f 1128 1331 1421
f 1128 1349 1421
f 1128 1427 1349
f 1128 1416 1393
f 1128 1393 1427
f 1128 1427 1416
f 1128 1427 1421
f 1129 1141 1313
f 1129 1313 1175
f 1130 1150 1206
f 1130 1250 1150
f 1130 1265 1150
f 1130 1150 1380
f 1130 1250 1168
f 1130 1351 1168
f 1130 1265 1186
f 1130 1186 1275
f 1130 1380 1186
f 1130 1250 1206
f 1130 1351 1206
f 1130 1250 1265
f 1130 1351 1250
f 1130 1380 1265
f 1130 1380 1275
f 1131 1146 1232
f 1131 1254 1146
f 1131 1232 1251
f 1131 1254 1232
f 1131 1254 1251
f 1132 1211 1354
f 1132 1211 1371
f 1132 1371 1354
f 1132 1443 1354
f 1132 1371 1443
f 1133 1301 1338
f 1133 1470 1301
f 1134 1446 1281
f 1134 1447 1446
f 1134 1461 1447
f 1135 1262 1166
f 1135 1466 1166
f 1135 1289 1172
f 1135 1172 1342
f 1135 1262 1289
f 1135 1262 1466
f 1135 1289 1342
f 1136 1153 1159
f 1136 1153 1352
f 1136 1159 1407
f 1136 1352 1362
f 1136 1366 1352
f 1136 1366 1362
f 1136 1407 1362
f 1137 1490 1489
f 1137 1499 1494
f 1137 1494 1503
f 1137 1503 1499
f 1138 1139 1324
f 1139 1257 1324
f 1140 1251 1232
f 1140 1286 1232
f 1140 1251 1286
f 1140 1251 1299
f 1140 1286 1299
f 1141 1313 1142
f 1142 1249 1313
f 1142 1439 1249
f 1142 1313 1439
f 1145 1149 1151
f 1145 1149 1264
f 1145 1151 1264
f 1145 1151 1293
f 1145 1293 1321
f 1145 1293 1330
f 1145 1330 1321
f 1146 1254 1147
f 1146 1147 1286
f 1146 1232 1254
f 1146 1286 1232
f 1146 1286 1254
f 1147 1286 1254
f 1148 1269 1218
f 1149 1264 1151
f 1149 1264 1397
f 1150 1380 1193
f 1150 1206 1250
f 1150 1265 1250
f 1150 1380 1265
f 1154 1218 1269
f 1155 1328 1365
f 1155 1422 1328
f 1155 1365 1385
f 1155 1365 1390
f 1155 1385 1390
f 1156 1419 1200
f 1156 1221 1435
f 1156 1419 1435
f 1157 1393 1277
f 1157 1277 1416
f 1157 1393 1285
f 1157 1416 1393
f 1157 1393 1427
f 1157 1427 1416
f 1158 1238 1209
f 1158 1209 1339
f 1158 1339 1238
f 1160 1366 1161
f 1160 1366 1377
f 1161 1352 1366
f 1161 1400 1352
f 1161 1400 1366
f 1163 1195 1194
f 1163 1277 1194
f 1163 1305 1194
f 1163 1195 1277
f 1163 1305 1277
f 1163 1277 1391
f 1163 1392 1277
f 1163 1305 1316
f 1163 1391 1305
f 1163 1436 1316
f 1163 1391 1392
f 1164 1236 1239
f 1164 1236 1295
f 1164 1245 1239
f 1164 1295 1245
f 1164 1338 1245
f 1164 1295 1338
f 1165 1227 1226
f 1166 1167 1262
f 1166 1466 1262
f 1168 1250 1179
f 1168 1179 1351
f 1168 1396 1179
f 1168 1250 1351
f 1168 1396 1250
f 1169 1170 1245
f 1170 1239 1245
f 1171 1484 1336
f 1171 1460 1484
f 1171 1485 1484
f 1172 1173 1297
f 1172 1233 1342
f 1172 1297 1289
f 1172 1289 1342
f 1174 1213 1181
f 1175 1190 1191
f 1175 1235 1190
f 1175 1439 1190
f 1175 1235 1191
f 1175 1258 1259
f 1175 1313 1258
f 1175 1313 1259
f 1175 1259 1439
f 1175 1439 1313
f 1176 1429 1178
f 1176 1358 1205
f 1176 1358 1429
f 1176 1429 1394
f 1177 1429 1178
f 1179 1206 1250
f 1179 1351 1206
f 1179 1351 1250
f 1179 1396 1250
f 1179 1351 1281
f 1179 1446 1281
f 1179 1446 1396
f 1180 1477 1476
f 1181 1182 1213
f 1181 1233 1182
f 1181 1213 1233
f 1182 1233 1213
f 1184 1347 1351
f 1185 1208 1347
f 1186 1380 1244
f 1186 1380 1265
f 1186 1275 1301
f 1186 1380 1275
f 1188 1348 1448
f 1190 1191 1235
f 1193 1318 1380
f 1193 1380 1320
f 1194 1195 1277
f 1194 1305 1277
f 1194 1391 1277
f 1194 1305 1391
f 1196 1372 1415
f 1196 1464 1372
f 1196 1464 1415
f 1197 1271 1272
f 1197 1272 1463
f 1197 1467 1272
f 1197 1358 1429
f 1197 1395 1394
f 1197 1429 1394
f 1197 1395 1429
f 1197 1467 1463
f 1198 1369 1199
f 1198 1257 1369
f 1200 1329 1287
f 1200 1287 1355
f 1200 1355 1329
f 1200 1419 1355
f 1201 1339 1238
f 1202 1303 1337
f 1202 1347 1303
f 1202 1337 1317
f 1202 1337 1347
f 1203 1255 1280
f 1203 1280 1458
f 1204 1346 1345
f 1206 1351 1250
f 1207 1208 1347
f 1209 1238 1339
f 1210 1214 1253
f 1210 1214 1386
f 1210 1417 1214
f 1210 1425 1214
f 1210 1331 1253
f 1210 1253 1417
f 1210 1349 1331
f 1210 1331 1417
f 1210 1331 1421
f 1210 1349 1386
f 1210 1388 1349
f 1210 1417 1349
f 1210 1349 1421
f 1210 1349 1427
f 1210 1386 1388
f 1210 1386 1417
f 1210 1386 1427
f 1210 1417 1388
f 1210 1421 1399
f 1210 1399 1425
f 1210 1427 1399
f 1210 1421 1425
f 1210 1427 1421
f 1211 1371 1354
f 1212 1345 1346
f 1214 1253 1417
f 1214 1263 1386
f 1214 1418 1263
f 1214 1417 1386
f 1214 1386 1418
f 1214 1418 1417
f 1215 1219 1234
f 1215 1270 1219
f 1215 1219 1368
f 1215 1318 1234
f 1215 1234 1368
f 1215 1405 1234
f 1215 1318 1244
f 1215 1380 1244
f 1215 1270 1368
f 1215 1368 1318
f 1215 1380 1318
f 1215 1318 1405
f 1215 1380 1368
f 1217 1252 1330
f 1219 1368 1234
f 1219 1409 1234
f 1219 1240 1409
f 1219 1270 1368
f 1220 1435 1419
f 1220 1462 1419
f 1222 1267 1277
f 1222 1416 1267
f 1222 1416 1277
f 1223 1282 1336
f 1226 1230 1227
f 1226 1483 1227
f 1226 1483 1482
f 1228 1229 1294
f 1228 1229 1350
f 1228 1294 1350
f 1229 1294 1350
f 1232 1251 1254
f 1232 1286 1251
f 1232 1254 1286
f 1234 1309 1308
f 1234 1368 1308
f 1234 1409 1309
f 1234 1318 1368
f 1234 1405 1318
f 1234 1406 1318
f 1234 1405 1406
f 1240 1241 1409
f 1241 1309 1409
f 1244 1380 1318
f 1246 1248 1274
f 1246 1274 1451
f 1247 1354 1248
f 1247 1354 1273
f 1248 1354 1274
f 1249 1259 1313
f 1249 1439 1259
f 1249 1439 1313
f 1251 1254 1286
f 1251 1299 1254
f 1251 1286 1299
f 1253 1417 1331
f 1254 1299 1286
f 1256 1415 1372
f 1256 1464 1415
f 1257 1369 1324
f 1257 1400 1324
f 1257 1369 1400
f 1258 1259 1313
f 1259 1313 1439
f 1260 1421 1261
f 1260 1399 1421
f 1260 1399 1427
f 1260 1421 1427
f 1261 1421 1331
f 1262 1289 1297
f 1263 1373 1371
f 1263 1386 1418
f 1266 1267 1277
f 1266 1267 1416
f 1266 1277 1268
f 1266 1416 1268
f 1266 1277 1416
f 1267 1277 1416
f 1268 1277 1284
f 1268 1277 1393
f 1268 1277 1416
f 1268 1393 1284
f 1268 1416 1393
f 1270 1470 1368
f 1272 1467 1463
f 1273 1354 1371
f 1273 1354 1443
f 1273 1443 1373
f 1275 1338 1301
f 1277 1284 1393
f 1277 1305 1391
f 1277 1392 1391
f 1277 1393 1416
f 1278 1279 1304
f 1278 1279 1411
f 1278 1304 1410
f 1278 1411 1304
f 1278 1410 1411
f 1279 1304 1411
f 1282 1334 1336
f 1282 1359 1334
f 1282 1334 1484
f 1282 1336 1484
f 1282 1360 1359
f 1282 1484 1359
f 1282 1485 1359
f 1282 1485 1360
f 1282 1485 1484
f 1284 1393 1285
f 1286 1426 1299
f 1287 1288 1355
f 1287 1329 1355
f 1287 1440 1329
f 1289 1343 1342
f 1293 1321 1330
f 1299 1480 1426
f 1299 1473 1480
f 1300 1386 1427
f 1300 1416 1427
f 1300 1456 1457
f 1302 1303 1337
f 1302 1347 1303
f 1302 1347 1337
f 1303 1347 1337
f 1304 1411 1410
f 1306 1423 1307
f 1310 1386 1349
f 1310 1349 1388
f 1310 1349 1427
f 1310 1349 1455
f 1310 1388 1386
f 1310 1386 1427
f 1310 1455 1388
f 1318 1320 1380
f 1318 1320 1406
f 1318 1368 1380
f 1318 1405 1406
f 1319 1412 1357
f 1319 1357 1428
f 1319 1412 1428
f 1323 1385 1365
f 1323 1365 1390
f 1323 1390 1385
f 1326 1384 1327
f 1326 1384 1402
f 1328 1332 1333
f 1328 1332 1357
f 1328 1408 1332
f 1328 1332 1412
f 1328 1424 1332
f 1328 1357 1333
f 1328 1424 1333
f 1328 1412 1357
f 1328 1357 1424
f 1328 1357 1428
f 1328 1365 1428
f 1328 1408 1412
f 1328 1408 1422
f 1328 1422 1412
f 1328 1428 1412
f 1328 1422 1428
f 1329 1355 1440
f 1331 1349 1417
f 1331 1349 1421
f 1332 1333 1357
f 1332 1412 1333
f 1332 1424 1333
f 1332 1453 1333
f 1332 1357 1412
f 1332 1412 1408
f 1333 1412 1357
f 1333 1424 1357
f 1334 1433 1336
f 1334 1336 1474
f 1334 1336 1484
f 1334 1359 1484
f 1334 1474 1433
f 1334 1474 1484
f 1335 1370 1389
f 1336 1433 1474
f 1336 1484 1474
f 1340 1468 1489
f 1344 1381 1449
f 1349 1388 1386
f 1349 1386 1427
f 1349 1388 1417
f 1349 1455 1388
f 1349 1417 1455
f 1349 1421 1427
f 1352 1362 1366
f 1352 1400 1362
f 1352 1400 1366
f 1353 1434 1432
f 1354 1371 1443
f 1356 1363 1398
f 1356 1426 1420
f 1356 1471 1420
f 1356 1420 1480
f 1356 1426 1480
f 1357 1412 1428
f 1359 1485 1360
f 1359 1484 1485
f 1360 1438 1361
f 1360 1485 1361
f 1361 1437 1438
f 1361 1437 1491
f 1361 1438 1491
f 1362 1366 1400
f 1365 1390 1385
f 1371 1373 1443
f 1372 1464 1415
f 1386 1388 1417
f 1388 1417 1418
f 1388 1417 1455
f 1393 1427 1416
f 1394 1429 1395
f 1399 1421 1425
f 1399 1421 1427
f 1401 1413 1414
f 1401 1413 1472
f 1401 1413 1475
f 1401 1472 1414
f 1401 1459 1472
f 1401 1472 1475
f 1408 1412 1422
f 1410 1424 1411
f 1412 1422 1428
f 1413 1472 1414
f 1413 1475 1472
f 1419 1453 1462
f 1420 1480 1426
f 1420 1454 1459
f 1420 1480 1454
f 1420 1471 1459
f 1420 1480 1459
f 1430 1467 1431
f 1431 1467 1463
f 1436 1456 1457
f 1436 1486 1456
f 1436 1457 1486
f 1437 1476 1438
f 1437 1478 1438
f 1437 1438 1491
f 1437 1477 1476
f 1437 1476 1478
f 1437 1476 1486
f 1437 1491 1476
f 1437 1486 1477
f 1437 1477 1491
f 1437 1478 1479
f 1437 1478 1486
f 1437 1479 1486
f 1438 1476 1478
f 1438 1476 1491
f 1444 1449 1445
f 1454 1459 1480
f 1456 1478 1457
f 1456 1457 1479
f 1456 1482 1457
f 1456 1457 1486
f 1456 1478 1476
f 1456 1476 1486
f 1456 1478 1479
f 1456 1481 1478
f 1456 1478 1482
f 1456 1478 1486
f 1456 1482 1479
f 1456 1482 1481
f 1457 1478 1479
f 1457 1478 1486
f 1457 1479 1482
f 1457 1486 1479
f 1459 1472 1480
f 1460 1474 1484
f 1472 1480 1473
f 1476 1477 1486
f 1476 1477 1491
f 1476 1478 1486
f 1478 1481 1479
f 1478 1479 1482
f 1478 1479 1486
f 1478 1488 1479
f 1478 1497 1479
f 1478 1481 1482
f 1478 1481 1488
f 1478 1488 1497
f 1479 1481 1482
f 1479 1481 1488
f 1479 1488 1482
f 1479 1498 1482
f 1479 1488 1487
f 1479 1487 1497
f 1479 1487 1498
f 1479 1497 1488
f 1479 1488 1498
f 1481 1483 1482
f 1481 1488 1482
f 1481 1482 1498
f 1481 1488 1498
f 1482 1498 1488
f 1487 1488 1497
f 1487 1488 1498
f 1487 1488 1502
f 1487 1488 1504
f 1487 1493 1498
f 1487 1500 1493
f 1487 1493 1504
f 1487 1495 1497
f 1487 1495 1500
f 1487 1500 1497
f 1487 1497 1502
f 1487 1504 1498
f 1487 1500 1502
f 1487 1504 1500
f 1487 1502 1504
f 1488 1498 1492
f 1488 1492 1502
f 1488 1504 1492
f 1488 1502 1497
f 1488 1498 1504
f 1488 1502 1504
f 1492 1498 1493
f 1492 1504 1493
f 1492 1498 1504
f 1492 1499 1502
f 1492 1499 1504
f 1492 1502 1504
f 1493 1500 1494
f 1493 1494 1504
f 1493 1504 1498
f 1493 1504 1500
f 1494 1499 1495
f 1494 1500 1495
f 1494 1499 1500
f 1494 1503 1499
f 1494 1504 1499
f 1494 1500 1504
f 1494 1503 1504
f 1495 1497 1496
f 1495 1499 1496
f 1495 1500 1496
f 1495 1497 1500
f 1495 1500 1499
f 1496 1497 1500
f 1496 1497 1502
f 1496 1499 1500
f 1496 1502 1499
f 1496 1504 1499
f 1496 1502 1500
f 1496 1500 1504
f 1496 1504 1502
f 1497 1502 1500
f 1499 1504 1500
f 1499 1504 1502
f 1499 1504 1503
f 1500 1502 1504
