# File exported by Houdini 20.5.445 (www.sidefx.com)
# 1936 points
# 11520 vertices
# 3840 primitives
# Bounds: [-0.00397051405, -0.00397051405, -0.00083577109] to [0.00397051405, 0.00397051405, 0.00083577109]
g 
v -6.08881164e-05 0.00337070529 0.000801916467
v 0 0.00337871397 0.000801916467
v -0.000116843454 0.00357973343 0.000703095342
v 0 0.00359510211 0.000703095342
v -0.000163332821 0.00375340041 0.000547313655
v 0 0.00377488369 0.000547313655
v -0.000196589914 0.00387763628 0.000347191875
v 0 0.00390349422 0.000347191875
v -0.000213920503 0.00394237693 0.000118942626
v 0 0.00397051405 0.000118942626
v -0.000213920503 0.00394237693 -0.000118942626
v 0 0.00397051405 -0.000118942626
v -0.000196589914 0.00387763628 -0.000347191875
v 0 0.00390349422 -0.000347191875
v -0.000163332821 0.00375340041 -0.000547313655
v 0 0.00377488369 -0.000547313655
v -0.000116843454 0.00357973343 -0.000703095342
v 0 0.00359510211 -0.000703095342
v -6.08881164e-05 0.00337070529 -0.000801916467
v 0 0.00337871397 -0.000801916467
v -0.000117707561 0.00334718195 0.000801916467
v -0.00022587915 0.00353459222 0.000703095342
v -0.000315751357 0.00369029865 0.000547313655
v -0.000380043261 0.00380168622 0.000347191875
v -0.000413546339 0.00385973137 0.000118942626
v -0.000413546339 0.00385973137 -0.000118942626
v -0.000380043261 0.00380168622 -0.000347191875
v -0.000315751357 0.00369029865 -0.000547313655
v -0.00022587915 0.00353459222 -0.000703095342
v -0.000117707561 0.00334718195 -0.000801916467
v -0.000166498139 0.00330974837 0.000801916467
v -0.000319507584 0.00346275768 0.000703095342
v -0.000446632417 0.00358988252 0.000547313655
v -0.000537573767 0.0036808236 0.000347191875
v -0.000584964058 0.00372821395 0.000118942626
v -0.000584964058 0.00372821395 -0.000118942626
v -0.000537573767 0.0036808236 -0.000347191875
v -0.000446632417 0.00358988252 -0.000547313655
v -0.000319507584 0.00346275768 -0.000703095342
v -0.000166498139 0.00330974837 -0.000801916467
v -0.000203931821 0.00326095754 0.000801916467
v -0.000391342299 0.00336912926 0.000703095342
v -0.000547048578 0.00345900143 0.000547313655
v -0.000658436213 0.00352329318 0.000347191875
v -0.000716481241 0.00355679612 0.000118942626
v -0.000716481241 0.00355679612 -0.000118942626
v -0.000658436213 0.00352329318 -0.000347191875
v -0.000547048578 0.00345900143 -0.000547313655
v -0.000391342299 0.00336912926 -0.000703095342
v -0.000203931821 0.00326095754 -0.000801916467
v -0.000227455253 0.00320413825 0.000801916467
v -0.000436483475 0.00326009351 0.000703095342
v -0.000610150339 0.00330658304 0.000547313655
v -0.0007343865 0.00333983987 0.000347191875
v -0.000799126981 0.00335717038 0.000118942626
v -0.000799126981 0.00335717038 -0.000118942626
v -0.0007343865 0.00333983987 -0.000347191875
v -0.000610150339 0.00330658304 -0.000547313655
v -0.000436483475 0.00326009351 -0.000703095342
v -0.000227455253 0.00320413825 -0.000801916467
v -0.000235463929 0.00314325001 0.000801916467
v -0.000451851956 0.00314325001 0.000703095342
v -0.000631633622 0.00314325001 0.000547313655
v -0.000760244089 0.00314325001 0.000347191875
v -0.000827264157 0.00314325001 0.000118942626
v -0.000827264157 0.00314325001 -0.000118942626
v -0.000760244089 0.00314325001 -0.000347191875
v -0.000631633622 0.00314325001 -0.000547313655
v -0.000451851956 0.00314325001 -0.000703095342
v -0.000235463929 0.00314325001 -0.000801916467
v 0 0.00314325001 0.00083577109
v 0 0.00314325001 -0.00083577109
v 0.000227455253 0.00320413825 0.000801916467
v 0.000235463929 0.00314325001 0.000801916467
v 0.000436483475 0.00326009351 0.000703095342
v 0.000451851956 0.00314325001 0.000703095342
v 0.000610150339 0.00330658304 0.000547313655
v 0.000631633622 0.00314325001 0.000547313655
v 0.0007343865 0.00333983987 0.000347191875
v 0.000760244089 0.00314325001 0.000347191875
v 0.000799126981 0.00335717038 0.000118942626
v 0.000827264157 0.00314325001 0.000118942626
v 0.000799126981 0.00335717038 -0.000118942626
v 0.000827264157 0.00314325001 -0.000118942626
v 0.0007343865 0.00333983987 -0.000347191875
v 0.000760244089 0.00314325001 -0.000347191875
v 0.000610150339 0.00330658304 -0.000547313655
v 0.000631633622 0.00314325001 -0.000547313655
v 0.000436483475 0.00326009351 -0.000703095342
v 0.000451851956 0.00314325001 -0.000703095342
v 0.000227455253 0.00320413825 -0.000801916467
v 0.000235463929 0.00314325001 -0.000801916467
v 0.000203931821 0.00326095754 0.000801916467
v 0.000391342299 0.00336912926 0.000703095342
v 0.000547048578 0.00345900143 0.000547313655
v 0.000658436213 0.00352329318 0.000347191875
v 0.000716481241 0.00355679612 0.000118942626
v 0.000716481241 0.00355679612 -0.000118942626
v 0.000658436213 0.00352329318 -0.000347191875
v 0.000547048578 0.00345900143 -0.000547313655
v 0.000391342299 0.00336912926 -0.000703095342
v 0.000203931821 0.00326095754 -0.000801916467
v 0.000166498139 0.00330974837 0.000801916467
v 0.000319507584 0.00346275768 0.000703095342
v 0.000446632417 0.00358988252 0.000547313655
v 0.000537573767 0.0036808236 0.000347191875
v 0.000584964058 0.00372821395 0.000118942626
v 0.000584964058 0.00372821395 -0.000118942626
v 0.000537573767 0.0036808236 -0.000347191875
v 0.000446632417 0.00358988252 -0.000547313655
v 0.000319507584 0.00346275768 -0.000703095342
v 0.000166498139 0.00330974837 -0.000801916467
v 0.000117707561 0.00334718195 0.000801916467
v 0.00022587915 0.00353459222 0.000703095342
v 0.000315751357 0.00369029865 0.000547313655
v 0.000380043261 0.00380168622 0.000347191875
v 0.000413546339 0.00385973137 0.000118942626
v 0.000413546339 0.00385973137 -0.000118942626
v 0.000380043261 0.00380168622 -0.000347191875
v 0.000315751357 0.00369029865 -0.000547313655
v 0.00022587915 0.00353459222 -0.000703095342
v 0.000117707561 0.00334718195 -0.000801916467
v 6.08881164e-05 0.00337070529 0.000801916467
v 0.000116843454 0.00357973343 0.000703095342
v 0.000163332821 0.00375340041 0.000547313655
v 0.000196589914 0.00387763628 0.000347191875
v 0.000213920503 0.00394237693 0.000118942626
v 0.000213920503 0.00394237693 -0.000118942626
v 0.000196589914 0.00387763628 -0.000347191875
v 0.000163332821 0.00375340041 -0.000547313655
v 0.000116843454 0.00357973343 -0.000703095342
v 6.08881164e-05 0.00337070529 -0.000801916467
v -0.000227455253 0.003082362 0.000801916467
v -0.000436483475 0.00302640651 0.000703095342
v -0.000610150339 0.00297991722 0.000547313655
v -0.0007343865 0.00294666016 0.000347191875
v -0.000799126981 0.00292932964 0.000118942626
v -0.000799126981 0.00292932964 -0.000118942626
v -0.0007343865 0.00294666016 -0.000347191875
v -0.000610150339 0.00297991722 -0.000547313655
v -0.000436483475 0.00302640651 -0.000703095342
v -0.000227455253 0.003082362 -0.000801916467
v -0.000203931821 0.00302554248 0.000801916467
v -0.000391342299 0.00291737076 0.000703095342
v -0.000547048578 0.0028274986 0.000547313655
v -0.000658436213 0.00276320684 0.000347191875
v -0.000716481241 0.00272970367 0.000118942626
v -0.000716481241 0.00272970367 -0.000118942626
v -0.000658436213 0.00276320684 -0.000347191875
v -0.000547048578 0.0028274986 -0.000547313655
v -0.000391342299 0.00291737076 -0.000703095342
v -0.000203931821 0.00302554248 -0.000801916467
v -0.000166498139 0.00297675189 0.000801916467
v -0.000319507584 0.00282374234 0.000703095342
v -0.000446632417 0.00269661751 0.000547313655
v -0.000537573767 0.00260567642 0.000347191875
v -0.000584964058 0.00255828607 0.000118942626
v -0.000584964058 0.00255828607 -0.000118942626
v -0.000537573767 0.00260567642 -0.000347191875
v -0.000446632417 0.00269661751 -0.000547313655
v -0.000319507584 0.00282374234 -0.000703095342
v -0.000166498139 0.00297675189 -0.000801916467
v -0.000117707561 0.00293931831 0.000801916467
v -0.00022587915 0.00275190757 0.000703095342
v -0.000315751357 0.00259620161 0.000547313655
v -0.000380043261 0.0024848138 0.000347191875
v -0.000413546339 0.00242676889 0.000118942626
v -0.000413546339 0.00242676889 -0.000118942626
v -0.000380043261 0.0024848138 -0.000347191875
v -0.000315751357 0.00259620161 -0.000547313655
v -0.00022587915 0.00275190757 -0.000703095342
v -0.000117707561 0.00293931831 -0.000801916467
v -6.08881164e-05 0.00291579473 0.000801916467
v -0.000116843454 0.00270676659 0.000703095342
v -0.000163332821 0.00253309961 0.000547313655
v -0.000196589914 0.00240886351 0.000347191875
v -0.000213920503 0.00234412309 0.000118942626
v -0.000213920503 0.00234412309 -0.000118942626
v -0.000196589914 0.00240886351 -0.000347191875
v -0.000163332821 0.00253309961 -0.000547313655
v -0.000116843454 0.00270676659 -0.000703095342
v -6.08881164e-05 0.00291579473 -0.000801916467
v -2.88360138e-20 0.00290778605 0.000801916467
v -5.53359079e-20 0.00269139814 0.000703095342
v -7.73528127e-20 0.00251161633 0.000547313655
v -9.31030554e-20 0.00238300604 0.000347191875
v -1.01310632e-19 0.00231598597 0.000118942626
v -1.01310632e-19 0.00231598597 -0.000118942626
v -9.31030554e-20 0.00238300604 -0.000347191875
v -7.73528127e-20 0.00251161633 -0.000547313655
v -5.53359079e-20 0.00269139814 -0.000703095342
v -2.88360138e-20 0.00290778605 -0.000801916467
v 6.08881164e-05 0.00291579473 0.000801916467
v 0.000116843454 0.00270676659 0.000703095342
v 0.000163332821 0.00253309961 0.000547313655
v 0.000196589914 0.00240886351 0.000347191875
v 0.000213920503 0.00234412309 0.000118942626
v 0.000213920503 0.00234412309 -0.000118942626
v 0.000196589914 0.00240886351 -0.000347191875
v 0.000163332821 0.00253309961 -0.000547313655
v 0.000116843454 0.00270676659 -0.000703095342
v 6.08881164e-05 0.00291579473 -0.000801916467
v 0.000117707561 0.00293931831 0.000801916467
v 0.00022587915 0.00275190757 0.000703095342
v 0.000315751357 0.00259620161 0.000547313655
v 0.000380043261 0.0024848138 0.000347191875
v 0.000413546339 0.00242676889 0.000118942626
v 0.000413546339 0.00242676889 -0.000118942626
v 0.000380043261 0.0024848138 -0.000347191875
v 0.000315751357 0.00259620161 -0.000547313655
v 0.00022587915 0.00275190757 -0.000703095342
v 0.000117707561 0.00293931831 -0.000801916467
v 0.000166498139 0.00297675189 0.000801916467
v 0.000319507584 0.00282374234 0.000703095342
v 0.000446632417 0.00269661751 0.000547313655
v 0.000537573767 0.00260567642 0.000347191875
v 0.000584964058 0.00255828607 0.000118942626
v 0.000584964058 0.00255828607 -0.000118942626
v 0.000537573767 0.00260567642 -0.000347191875
v 0.000446632417 0.00269661751 -0.000547313655
v 0.000319507584 0.00282374234 -0.000703095342
v 0.000166498139 0.00297675189 -0.000801916467
v 0.000203931821 0.00302554248 0.000801916467
v 0.000391342299 0.00291737076 0.000703095342
v 0.000547048578 0.0028274986 0.000547313655
v 0.000658436213 0.00276320684 0.000347191875
v 0.000716481241 0.00272970367 0.000118942626
v 0.000716481241 0.00272970367 -0.000118942626
v 0.000658436213 0.00276320684 -0.000347191875
v 0.000547048578 0.0028274986 -0.000547313655
v 0.000391342299 0.00291737076 -0.000703095342
v 0.000203931821 0.00302554248 -0.000801916467
v 0.000227455253 0.003082362 0.000801916467
v 0.000436483475 0.00302640651 0.000703095342
v 0.000610150339 0.00297991722 0.000547313655
v 0.0007343865 0.00294666016 0.000347191875
v 0.000799126981 0.00292932964 0.000118942626
v 0.000799126981 0.00292932964 -0.000118942626
v 0.0007343865 0.00294666016 -0.000347191875
v 0.000610150339 0.00297991722 -0.000547313655
v 0.000436483475 0.00302640651 -0.000703095342
v 0.000227455253 0.003082362 -0.000801916467
v 0.00234039431 0.00242650299 0.000801916467
v 0.00238911156 0.00238911156 0.000801916467
v 0.00244863308 0.00261387462 0.000703095342
v 0.0025421211 0.0025421211 0.000703095342
v 0.00253856112 0.00276954845 0.000547313655
v 0.00266924594 0.00266924594 0.000547313655
v 0.00260289316 0.00288091321 0.000347191875
v 0.00276018702 0.00276018702 0.000347191875
v 0.00263641705 0.00293894624 0.000118942626
v 0.00280757737 0.00280757737 0.000118942626
v 0.00263641705 0.00293894624 -0.000118942626
v 0.00280757737 0.00280757737 -0.000118942626
v 0.00260289316 0.00288091321 -0.000347191875
v 0.00276018702 0.00276018702 -0.000347191875
v 0.00253856112 0.00276954845 -0.000547313655
v 0.00266924594 0.00266924594 -0.000547313655
v 0.00244863308 0.00261387462 -0.000703095342
v 0.0025421211 0.0025421211 -0.000703095342
v 0.00234039431 0.00242650299 -0.000801916467
v 0.00238911156 0.00238911156 -0.000801916467
v 0.00228358316 0.00245004683 0.000801916467
v 0.00233961362 0.00265905494 0.000703095342
v 0.00238616532 0.00283270516 0.000547313655
v 0.00241946708 0.00295692938 0.000347191875
v 0.00243682065 0.00302166375 0.000118942626
v 0.00243682065 0.00302166375 -0.000118942626
v 0.00241946708 0.00295692938 -0.000347191875
v 0.00238616532 0.00283270516 -0.000547313655
v 0.00233961362 0.00265905494 -0.000703095342
v 0.00228358316 0.00245004683 -0.000801916467
v 0.00222261343 0.00245807739 0.000801916467
v 0.00222261343 0.0026744653 0.000703095342
v 0.00222261343 0.00285424711 0.000547313655
v 0.00222261343 0.0029828574 0.000347191875
v 0.00222261343 0.00304987771 0.000118942626
v 0.00222261343 0.00304987771 -0.000118942626
v 0.00222261343 0.0029828574 -0.000347191875
v 0.00222261343 0.00285424711 -0.000547313655
v 0.00222261343 0.0026744653 -0.000703095342
v 0.00222261343 0.00245807739 -0.000801916467
v 0.00216164347 0.00245004683 0.000801916467
v 0.00210561324 0.00265905494 0.000703095342
v 0.00205906155 0.00283270516 0.000547313655
v 0.00202575978 0.00295692938 0.000347191875
v 0.00200840621 0.00302166375 0.000118942626
v 0.00200840621 0.00302166375 -0.000118942626
v 0.00202575978 0.00295692938 -0.000347191875
v 0.00205906155 0.00283270516 -0.000547313655
v 0.00210561324 0.00265905494 -0.000703095342
v 0.00216164347 0.00245004683 -0.000801916467
v 0.00210483256 0.00242650299 0.000801916467
v 0.00199659378 0.00261387462 0.000703095342
v 0.00190666562 0.00276954845 0.000547313655
v 0.0018423337 0.00288091321 0.000347191875
v 0.00180880993 0.00293894624 0.000118942626
v 0.00180880993 0.00293894624 -0.000118942626
v 0.0018423337 0.00288091321 -0.000347191875
v 0.00190666562 0.00276954845 -0.000547313655
v 0.00199659378 0.00261387462 -0.000703095342
v 0.00210483256 0.00242650299 -0.000801916467
v 0.00205611531 0.00238911156 0.000801916467
v 0.00190310576 0.0025421211 0.000703095342
v 0.00177598093 0.00266924594 0.000547313655
v 0.00168503972 0.00276018702 0.000347191875
v 0.00163764937 0.00280757737 0.000118942626
v 0.00163764937 0.00280757737 -0.000118942626
v 0.00168503972 0.00276018702 -0.000347191875
v 0.00177598093 0.00266924594 -0.000547313655
v 0.00190310576 0.0025421211 -0.000703095342
v 0.00205611531 0.00238911156 -0.000801916467
v 0.00222261343 0.00222261343 0.00083577109
v 0.00222261343 0.00222261343 -0.00083577109
v 0.00242650299 0.00210483256 0.000801916467
v 0.00238911156 0.00205611531 0.000801916467
v 0.00261387462 0.00199659378 0.000703095342
v 0.0025421211 0.00190310576 0.000703095342
v 0.00276954845 0.00190666562 0.000547313655
v 0.00266924594 0.00177598093 0.000547313655
v 0.00288091321 0.0018423337 0.000347191875
v 0.00276018702 0.00168503972 0.000347191875
v 0.00293894624 0.00180880993 0.000118942626
v 0.00280757737 0.00163764937 0.000118942626
v 0.00293894624 0.00180880993 -0.000118942626
v 0.00280757737 0.00163764937 -0.000118942626
v 0.00288091321 0.0018423337 -0.000347191875
v 0.00276018702 0.00168503972 -0.000347191875
v 0.00276954845 0.00190666562 -0.000547313655
v 0.00266924594 0.00177598093 -0.000547313655
v 0.00261387462 0.00199659378 -0.000703095342
v 0.0025421211 0.00190310576 -0.000703095342
v 0.00242650299 0.00210483256 -0.000801916467
v 0.00238911156 0.00205611531 -0.000801916467
v 0.00245004683 0.00216164347 0.000801916467
v 0.00265905494 0.00210561324 0.000703095342
v 0.00283270516 0.00205906155 0.000547313655
v 0.00295692938 0.00202575978 0.000347191875
v 0.00302166375 0.00200840621 0.000118942626
v 0.00302166375 0.00200840621 -0.000118942626
v 0.00295692938 0.00202575978 -0.000347191875
v 0.00283270516 0.00205906155 -0.000547313655
v 0.00265905494 0.00210561324 -0.000703095342
v 0.00245004683 0.00216164347 -0.000801916467
v 0.00245807739 0.00222261343 0.000801916467
v 0.0026744653 0.00222261343 0.000703095342
v 0.00285424711 0.00222261343 0.000547313655
v 0.0029828574 0.00222261343 0.000347191875
v 0.00304987771 0.00222261343 0.000118942626
v 0.00304987771 0.00222261343 -0.000118942626
v 0.0029828574 0.00222261343 -0.000347191875
v 0.00285424711 0.00222261343 -0.000547313655
v 0.0026744653 0.00222261343 -0.000703095342
v 0.00245807739 0.00222261343 -0.000801916467
v 0.00245004683 0.00228358316 0.000801916467
v 0.00265905494 0.00233961362 0.000703095342
v 0.00283270516 0.00238616532 0.000547313655
v 0.00295692938 0.00241946708 0.000347191875
v 0.00302166375 0.00243682065 0.000118942626
v 0.00302166375 0.00243682065 -0.000118942626
v 0.00295692938 0.00241946708 -0.000347191875
v 0.00283270516 0.00238616532 -0.000547313655
v 0.00265905494 0.00233961362 -0.000703095342
v 0.00245004683 0.00228358316 -0.000801916467
v 0.00242650299 0.00234039431 0.000801916467
v 0.00261387462 0.00244863308 0.000703095342
v 0.00276954845 0.00253856112 0.000547313655
v 0.00288091321 0.00260289316 0.000347191875
v 0.00293894624 0.00263641705 0.000118942626
v 0.00293894624 0.00263641705 -0.000118942626
v 0.00288091321 0.00260289316 -0.000347191875
v 0.00276954845 0.00253856112 -0.000547313655
v 0.00261387462 0.00244863308 -0.000703095342
v 0.00242650299 0.00234039431 -0.000801916467
v 0.00201872387 0.00234039431 0.000801916467
v 0.00183135225 0.00244863308 0.000703095342
v 0.0016756783 0.00253856112 0.000547313655
v 0.00156431366 0.00260289316 0.000347191875
v 0.00150628062 0.00263641705 0.000118942626
v 0.00150628062 0.00263641705 -0.000118942626
v 0.00156431366 0.00260289316 -0.000347191875
v 0.0016756783 0.00253856112 -0.000547313655
v 0.00183135225 0.00244863308 -0.000703095342
v 0.00201872387 0.00234039431 -0.000801916467
v 0.00199518004 0.00228358316 0.000801916467
v 0.00178617192 0.00233961362 0.000703095342
v 0.00161252171 0.00238616532 0.000547313655
v 0.00148829748 0.00241946708 0.000347191875
v 0.00142356323 0.00243682065 0.000118942626
v 0.00142356323 0.00243682065 -0.000118942626
v 0.00148829748 0.00241946708 -0.000347191875
v 0.00161252171 0.00238616532 -0.000547313655
v 0.00178617192 0.00233961362 -0.000703095342
v 0.00199518004 0.00228358316 -0.000801916467
v 0.00198714947 0.00222261343 0.000801916467
v 0.00177076156 0.00222261343 0.000703095342
v 0.00159097987 0.00222261343 0.000547313655
v 0.00146236923 0.00222261343 0.000347191875
v 0.00139534927 0.00222261343 0.000118942626
v 0.00139534927 0.00222261343 -0.000118942626
v 0.00146236923 0.00222261343 -0.000347191875
v 0.00159097987 0.00222261343 -0.000547313655
v 0.00177076156 0.00222261343 -0.000703095342
v 0.00198714947 0.00222261343 -0.000801916467
v 0.00199518004 0.00216164347 0.000801916467
v 0.00178617192 0.00210561324 0.000703095342
v 0.00161252171 0.00205906155 0.000547313655
v 0.00148829748 0.00202575978 0.000347191875
v 0.00142356323 0.00200840621 0.000118942626
v 0.00142356323 0.00200840621 -0.000118942626
v 0.00148829748 0.00202575978 -0.000347191875
v 0.00161252171 0.00205906155 -0.000547313655
v 0.00178617192 0.00210561324 -0.000703095342
v 0.00199518004 0.00216164347 -0.000801916467
v 0.00201872387 0.00210483256 0.000801916467
v 0.00183135225 0.00199659378 0.000703095342
v 0.0016756783 0.00190666562 0.000547313655
v 0.00156431366 0.0018423337 0.000347191875
v 0.00150628062 0.00180880993 0.000118942626
v 0.00150628062 0.00180880993 -0.000118942626
v 0.00156431366 0.0018423337 -0.000347191875
v 0.0016756783 0.00190666562 -0.000547313655
v 0.00183135225 0.00199659378 -0.000703095342
v 0.00201872387 0.00210483256 -0.000801916467
v 0.00205611531 0.00205611531 0.000801916467
v 0.00190310576 0.00190310576 0.000703095342
v 0.00177598093 0.00177598093 0.000547313655
v 0.00168503972 0.00168503972 0.000347191875
v 0.00163764937 0.00163764937 0.000118942626
v 0.00163764937 0.00163764937 -0.000118942626
v 0.00168503972 0.00168503972 -0.000347191875
v 0.00177598093 0.00177598093 -0.000547313655
v 0.00190310576 0.00190310576 -0.000703095342
v 0.00205611531 0.00205611531 -0.000801916467
v 0.00210483256 0.00201872387 0.000801916467
v 0.00199659378 0.00183135225 0.000703095342
v 0.00190666562 0.0016756783 0.000547313655
v 0.0018423337 0.00156431366 0.000347191875
v 0.00180880993 0.00150628062 0.000118942626
v 0.00180880993 0.00150628062 -0.000118942626
v 0.0018423337 0.00156431366 -0.000347191875
v 0.00190666562 0.0016756783 -0.000547313655
v 0.00199659378 0.00183135225 -0.000703095342
v 0.00210483256 0.00201872387 -0.000801916467
v 0.00216164347 0.00199518004 0.000801916467
v 0.00210561324 0.00178617192 0.000703095342
v 0.00205906155 0.00161252171 0.000547313655
v 0.00202575978 0.00148829748 0.000347191875
v 0.00200840621 0.00142356323 0.000118942626
v 0.00200840621 0.00142356323 -0.000118942626
v 0.00202575978 0.00148829748 -0.000347191875
v 0.00205906155 0.00161252171 -0.000547313655
v 0.00210561324 0.00178617192 -0.000703095342
v 0.00216164347 0.00199518004 -0.000801916467
v 0.00222261343 0.00198714947 0.000801916467
v 0.00222261343 0.00177076156 0.000703095342
v 0.00222261343 0.00159097987 0.000547313655
v 0.00222261343 0.00146236923 0.000347191875
v 0.00222261343 0.00139534927 0.000118942626
v 0.00222261343 0.00139534927 -0.000118942626
v 0.00222261343 0.00146236923 -0.000347191875
v 0.00222261343 0.00159097987 -0.000547313655
v 0.00222261343 0.00177076156 -0.000703095342
v 0.00222261343 0.00198714947 -0.000801916467
v 0.00228358316 0.00199518004 0.000801916467
v 0.00233961362 0.00178617192 0.000703095342
v 0.00238616532 0.00161252171 0.000547313655
v 0.00241946708 0.00148829748 0.000347191875
v 0.00243682065 0.00142356323 0.000118942626
v 0.00243682065 0.00142356323 -0.000118942626
v 0.00241946708 0.00148829748 -0.000347191875
v 0.00238616532 0.00161252171 -0.000547313655
v 0.00233961362 0.00178617192 -0.000703095342
v 0.00228358316 0.00199518004 -0.000801916467
v 0.00234039431 0.00201872387 0.000801916467
v 0.00244863308 0.00183135225 0.000703095342
v 0.00253856112 0.0016756783 0.000547313655
v 0.00260289316 0.00156431366 0.000347191875
v 0.00263641705 0.00150628062 0.000118942626
v 0.00263641705 0.00150628062 -0.000118942626
v 0.00260289316 0.00156431366 -0.000347191875
v 0.00253856112 0.0016756783 -0.000547313655
v 0.00244863308 0.00183135225 -0.000703095342
v 0.00234039431 0.00201872387 -0.000801916467
v 0.00337070529 6.08881164e-05 0.000801916467
v 0.00337871397 -1.17967172e-17 0.000801916467
v 0.00357973343 0.000116843454 0.000703095342
v 0.00359510211 -1.25522317e-17 0.000703095342
v 0.00375340041 0.000163332821 0.000547313655
v 0.00377488369 -1.31799352e-17 0.000547313655
v 0.00387763628 0.000196589914 0.000347191875
v 0.00390349422 -1.36289768e-17 0.000347191875
v 0.00394237693 0.000213920503 0.000118942626
v 0.00397051405 -1.38629763e-17 0.000118942626
v 0.00394237693 0.000213920503 -0.000118942626
v 0.00397051405 -1.38629763e-17 -0.000118942626
v 0.00387763628 0.000196589914 -0.000347191875
v 0.00390349422 -1.36289768e-17 -0.000347191875
v 0.00375340041 0.000163332821 -0.000547313655
v 0.00377488369 -1.31799352e-17 -0.000547313655
v 0.00357973343 0.000116843454 -0.000703095342
v 0.00359510211 -1.25522317e-17 -0.000703095342
v 0.00337070529 6.08881164e-05 -0.000801916467
v 0.00337871397 -1.17967172e-17 -0.000801916467
v 0.00334718195 0.000117707561 0.000801916467
v 0.00353459222 0.00022587915 0.000703095342
v 0.00369029865 0.000315751357 0.000547313655
v 0.00380168622 0.000380043261 0.000347191875
v 0.00385973137 0.000413546339 0.000118942626
v 0.00385973137 0.000413546339 -0.000118942626
v 0.00380168622 0.000380043261 -0.000347191875
v 0.00369029865 0.000315751357 -0.000547313655
v 0.00353459222 0.00022587915 -0.000703095342
v 0.00334718195 0.000117707561 -0.000801916467
v 0.00330974837 0.000166498139 0.000801916467
v 0.00346275768 0.000319507584 0.000703095342
v 0.00358988252 0.000446632417 0.000547313655
v 0.0036808236 0.000537573767 0.000347191875
v 0.00372821395 0.000584964058 0.000118942626
v 0.00372821395 0.000584964058 -0.000118942626
v 0.0036808236 0.000537573767 -0.000347191875
v 0.00358988252 0.000446632417 -0.000547313655
v 0.00346275768 0.000319507584 -0.000703095342
v 0.00330974837 0.000166498139 -0.000801916467
v 0.00326095754 0.000203931821 0.000801916467
v 0.00336912926 0.000391342299 0.000703095342
v 0.00345900143 0.000547048578 0.000547313655
v 0.00352329318 0.000658436213 0.000347191875
v 0.00355679612 0.000716481241 0.000118942626
v 0.00355679612 0.000716481241 -0.000118942626
v 0.00352329318 0.000658436213 -0.000347191875
v 0.00345900143 0.000547048578 -0.000547313655
v 0.00336912926 0.000391342299 -0.000703095342
v 0.00326095754 0.000203931821 -0.000801916467
v 0.00320413825 0.000227455253 0.000801916467
v 0.00326009351 0.000436483475 0.000703095342
v 0.00330658304 0.000610150339 0.000547313655
v 0.00333983987 0.0007343865 0.000347191875
v 0.00335717038 0.000799126981 0.000118942626
v 0.00335717038 0.000799126981 -0.000118942626
v 0.00333983987 0.0007343865 -0.000347191875
v 0.00330658304 0.000610150339 -0.000547313655
v 0.00326009351 0.000436483475 -0.000703095342
v 0.00320413825 0.000227455253 -0.000801916467
v 0.00314325001 0.000235463929 0.000801916467
v 0.00314325001 0.000451851956 0.000703095342
v 0.00314325001 0.000631633622 0.000547313655
v 0.00314325001 0.000760244089 0.000347191875
v 0.00314325001 0.000827264157 0.000118942626
v 0.00314325001 0.000827264157 -0.000118942626
v 0.00314325001 0.000760244089 -0.000347191875
v 0.00314325001 0.000631633622 -0.000547313655
v 0.00314325001 0.000451851956 -0.000703095342
v 0.00314325001 0.000235463929 -0.000801916467
v 0.00314325001 -1.09745998e-17 0.00083577109
v 0.00314325001 -1.09745998e-17 -0.00083577109
v 0.00320413825 -0.000227455253 0.000801916467
v 0.00314325001 -0.000235463929 0.000801916467
v 0.00326009351 -0.000436483475 0.000703095342
v 0.00314325001 -0.000451851956 0.000703095342
v 0.00330658304 -0.000610150339 0.000547313655
v 0.00314325001 -0.000631633622 0.000547313655
v 0.00333983987 -0.0007343865 0.000347191875
v 0.00314325001 -0.000760244089 0.000347191875
v 0.00335717038 -0.000799126981 0.000118942626
v 0.00314325001 -0.000827264157 0.000118942626
v 0.00335717038 -0.000799126981 -0.000118942626
v 0.00314325001 -0.000827264157 -0.000118942626
v 0.00333983987 -0.0007343865 -0.000347191875
v 0.00314325001 -0.000760244089 -0.000347191875
v 0.00330658304 -0.000610150339 -0.000547313655
v 0.00314325001 -0.000631633622 -0.000547313655
v 0.00326009351 -0.000436483475 -0.000703095342
v 0.00314325001 -0.000451851956 -0.000703095342
v 0.00320413825 -0.000227455253 -0.000801916467
v 0.00314325001 -0.000235463929 -0.000801916467
v 0.00326095754 -0.000203931821 0.000801916467
v 0.00336912926 -0.000391342299 0.000703095342
v 0.00345900143 -0.000547048578 0.000547313655
v 0.00352329318 -0.000658436213 0.000347191875
v 0.00355679612 -0.000716481241 0.000118942626
v 0.00355679612 -0.000716481241 -0.000118942626
v 0.00352329318 -0.000658436213 -0.000347191875
v 0.00345900143 -0.000547048578 -0.000547313655
v 0.00336912926 -0.000391342299 -0.000703095342
v 0.00326095754 -0.000203931821 -0.000801916467
v 0.00330974837 -0.000166498139 0.000801916467
v 0.00346275768 -0.000319507584 0.000703095342
v 0.00358988252 -0.000446632417 0.000547313655
v 0.0036808236 -0.000537573767 0.000347191875
v 0.00372821395 -0.000584964058 0.000118942626
v 0.00372821395 -0.000584964058 -0.000118942626
v 0.0036808236 -0.000537573767 -0.000347191875
v 0.00358988252 -0.000446632417 -0.000547313655
v 0.00346275768 -0.000319507584 -0.000703095342
v 0.00330974837 -0.000166498139 -0.000801916467
v 0.00334718195 -0.000117707561 0.000801916467
v 0.00353459222 -0.00022587915 0.000703095342
v 0.00369029865 -0.000315751357 0.000547313655
v 0.00380168622 -0.000380043261 0.000347191875
v 0.00385973137 -0.000413546339 0.000118942626
v 0.00385973137 -0.000413546339 -0.000118942626
v 0.00380168622 -0.000380043261 -0.000347191875
v 0.00369029865 -0.000315751357 -0.000547313655
v 0.00353459222 -0.00022587915 -0.000703095342
v 0.00334718195 -0.000117707561 -0.000801916467
v 0.00337070529 -6.08881164e-05 0.000801916467
v 0.00357973343 -0.000116843454 0.000703095342
v 0.00375340041 -0.000163332821 0.000547313655
v 0.00387763628 -0.000196589914 0.000347191875
v 0.00394237693 -0.000213920503 0.000118942626
v 0.00394237693 -0.000213920503 -0.000118942626
v 0.00387763628 -0.000196589914 -0.000347191875
v 0.00375340041 -0.000163332821 -0.000547313655
v 0.00357973343 -0.000116843454 -0.000703095342
v 0.00337070529 -6.08881164e-05 -0.000801916467
v 0.003082362 0.000227455253 0.000801916467
v 0.00302640651 0.000436483475 0.000703095342
v 0.00297991722 0.000610150339 0.000547313655
v 0.00294666016 0.0007343865 0.000347191875
v 0.00292932964 0.000799126981 0.000118942626
v 0.00292932964 0.000799126981 -0.000118942626
v 0.00294666016 0.0007343865 -0.000347191875
v 0.00297991722 0.000610150339 -0.000547313655
v 0.00302640651 0.000436483475 -0.000703095342
v 0.003082362 0.000227455253 -0.000801916467
v 0.00302554248 0.000203931821 0.000801916467
v 0.00291737076 0.000391342299 0.000703095342
v 0.0028274986 0.000547048578 0.000547313655
v 0.00276320684 0.000658436213 0.000347191875
v 0.00272970367 0.000716481241 0.000118942626
v 0.00272970367 0.000716481241 -0.000118942626
v 0.00276320684 0.000658436213 -0.000347191875
v 0.0028274986 0.000547048578 -0.000547313655
v 0.00291737076 0.000391342299 -0.000703095342
v 0.00302554248 0.000203931821 -0.000801916467
v 0.00297675189 0.000166498139 0.000801916467
v 0.00282374234 0.000319507584 0.000703095342
v 0.00269661751 0.000446632417 0.000547313655
v 0.00260567642 0.000537573767 0.000347191875
v 0.00255828607 0.000584964058 0.000118942626
v 0.00255828607 0.000584964058 -0.000118942626
v 0.00260567642 0.000537573767 -0.000347191875
v 0.00269661751 0.000446632417 -0.000547313655
v 0.00282374234 0.000319507584 -0.000703095342
v 0.00297675189 0.000166498139 -0.000801916467
v 0.00293931831 0.000117707561 0.000801916467
v 0.00275190757 0.00022587915 0.000703095342
v 0.00259620161 0.000315751357 0.000547313655
v 0.0024848138 0.000380043261 0.000347191875
v 0.00242676889 0.000413546339 0.000118942626
v 0.00242676889 0.000413546339 -0.000118942626
v 0.0024848138 0.000380043261 -0.000347191875
v 0.00259620161 0.000315751357 -0.000547313655
v 0.00275190757 0.00022587915 -0.000703095342
v 0.00293931831 0.000117707561 -0.000801916467
v 0.00291579473 6.08881164e-05 0.000801916467
v 0.00270676659 0.000116843454 0.000703095342
v 0.00253309961 0.000163332821 0.000547313655
v 0.00240886351 0.000196589914 0.000347191875
v 0.00234412309 0.000213920503 0.000118942626
v 0.00234412309 0.000213920503 -0.000118942626
v 0.00240886351 0.000196589914 -0.000347191875
v 0.00253309961 0.000163332821 -0.000547313655
v 0.00270676659 0.000116843454 -0.000703095342
v 0.00291579473 6.08881164e-05 -0.000801916467
v 0.00290778605 -1.01236451e-17 0.000801916467
v 0.00269139814 -9.34163024e-18 0.000703095342
v 0.00251161633 -8.69190882e-18 0.000547313655
v 0.00238300604 -8.22711769e-18 0.000347191875
v 0.00231598597 -7.98491094e-18 0.000118942626
v 0.00231598597 -7.98491094e-18 -0.000118942626
v 0.00238300604 -8.22711769e-18 -0.000347191875
v 0.00251161633 -8.69190882e-18 -0.000547313655
v 0.00269139814 -9.34163024e-18 -0.000703095342
v 0.00290778605 -1.01236451e-17 -0.000801916467
v 0.00291579473 -6.08881164e-05 0.000801916467
v 0.00270676659 -0.000116843454 0.000703095342
v 0.00253309961 -0.000163332821 0.000547313655
v 0.00240886351 -0.000196589914 0.000347191875
v 0.00234412309 -0.000213920503 0.000118942626
v 0.00234412309 -0.000213920503 -0.000118942626
v 0.00240886351 -0.000196589914 -0.000347191875
v 0.00253309961 -0.000163332821 -0.000547313655
v 0.00270676659 -0.000116843454 -0.000703095342
v 0.00291579473 -6.08881164e-05 -0.000801916467
v 0.00293931831 -0.000117707561 0.000801916467
v 0.00275190757 -0.00022587915 0.000703095342
v 0.00259620161 -0.000315751357 0.000547313655
v 0.0024848138 -0.000380043261 0.000347191875
v 0.00242676889 -0.000413546339 0.000118942626
v 0.00242676889 -0.000413546339 -0.000118942626
v 0.0024848138 -0.000380043261 -0.000347191875
v 0.00259620161 -0.000315751357 -0.000547313655
v 0.00275190757 -0.00022587915 -0.000703095342
v 0.00293931831 -0.000117707561 -0.000801916467
v 0.00297675189 -0.000166498139 0.000801916467
v 0.00282374234 -0.000319507584 0.000703095342
v 0.00269661751 -0.000446632417 0.000547313655
v 0.00260567642 -0.000537573767 0.000347191875
v 0.00255828607 -0.000584964058 0.000118942626
v 0.00255828607 -0.000584964058 -0.000118942626
v 0.00260567642 -0.000537573767 -0.000347191875
v 0.00269661751 -0.000446632417 -0.000547313655
v 0.00282374234 -0.000319507584 -0.000703095342
v 0.00297675189 -0.000166498139 -0.000801916467
v 0.00302554248 -0.000203931821 0.000801916467
v 0.00291737076 -0.000391342299 0.000703095342
v 0.0028274986 -0.000547048578 0.000547313655
v 0.00276320684 -0.000658436213 0.000347191875
v 0.00272970367 -0.000716481241 0.000118942626
v 0.00272970367 -0.000716481241 -0.000118942626
v 0.00276320684 -0.000658436213 -0.000347191875
v 0.0028274986 -0.000547048578 -0.000547313655
v 0.00291737076 -0.000391342299 -0.000703095342
v 0.00302554248 -0.000203931821 -0.000801916467
v 0.003082362 -0.000227455253 0.000801916467
v 0.00302640651 -0.000436483475 0.000703095342
v 0.00297991722 -0.000610150339 0.000547313655
v 0.00294666016 -0.0007343865 0.000347191875
v 0.00292932964 -0.000799126981 0.000118942626
v 0.00292932964 -0.000799126981 -0.000118942626
v 0.00294666016 -0.0007343865 -0.000347191875
v 0.00297991722 -0.000610150339 -0.000547313655
v 0.00302640651 -0.000436483475 -0.000703095342
v 0.003082362 -0.000227455253 -0.000801916467
v 0.00242650299 -0.00234039431 0.000801916467
v 0.00238911156 -0.00238911156 0.000801916467
v 0.00261387462 -0.00244863308 0.000703095342
v 0.0025421211 -0.0025421211 0.000703095342
v 0.00276954845 -0.00253856112 0.000547313655
v 0.00266924594 -0.00266924594 0.000547313655
v 0.00288091321 -0.00260289316 0.000347191875
v 0.00276018702 -0.00276018702 0.000347191875
v 0.00293894624 -0.00263641705 0.000118942626
v 0.00280757737 -0.00280757737 0.000118942626
v 0.00293894624 -0.00263641705 -0.000118942626
v 0.00280757737 -0.00280757737 -0.000118942626
v 0.00288091321 -0.00260289316 -0.000347191875
v 0.00276018702 -0.00276018702 -0.000347191875
v 0.00276954845 -0.00253856112 -0.000547313655
v 0.00266924594 -0.00266924594 -0.000547313655
v 0.00261387462 -0.00244863308 -0.000703095342
v 0.0025421211 -0.0025421211 -0.000703095342
v 0.00242650299 -0.00234039431 -0.000801916467
v 0.00238911156 -0.00238911156 -0.000801916467
v 0.00245004683 -0.00228358316 0.000801916467
v 0.00265905494 -0.00233961362 0.000703095342
v 0.00283270516 -0.00238616532 0.000547313655
v 0.00295692938 -0.00241946708 0.000347191875
v 0.00302166375 -0.00243682065 0.000118942626
v 0.00302166375 -0.00243682065 -0.000118942626
v 0.00295692938 -0.00241946708 -0.000347191875
v 0.00283270516 -0.00238616532 -0.000547313655
v 0.00265905494 -0.00233961362 -0.000703095342
v 0.00245004683 -0.00228358316 -0.000801916467
v 0.00245807739 -0.00222261343 0.000801916467
v 0.0026744653 -0.00222261343 0.000703095342
v 0.00285424711 -0.00222261343 0.000547313655
v 0.0029828574 -0.00222261343 0.000347191875
v 0.00304987771 -0.00222261343 0.000118942626
v 0.00304987771 -0.00222261343 -0.000118942626
v 0.0029828574 -0.00222261343 -0.000347191875
v 0.00285424711 -0.00222261343 -0.000547313655
v 0.0026744653 -0.00222261343 -0.000703095342
v 0.00245807739 -0.00222261343 -0.000801916467
v 0.00245004683 -0.00216164347 0.000801916467
v 0.00265905494 -0.00210561324 0.000703095342
v 0.00283270516 -0.00205906155 0.000547313655
v 0.00295692938 -0.00202575978 0.000347191875
v 0.00302166375 -0.00200840621 0.000118942626
v 0.00302166375 -0.00200840621 -0.000118942626
v 0.00295692938 -0.00202575978 -0.000347191875
v 0.00283270516 -0.00205906155 -0.000547313655
v 0.00265905494 -0.00210561324 -0.000703095342
v 0.00245004683 -0.00216164347 -0.000801916467
v 0.00242650299 -0.00210483256 0.000801916467
v 0.00261387462 -0.00199659378 0.000703095342
v 0.00276954845 -0.00190666562 0.000547313655
v 0.00288091321 -0.0018423337 0.000347191875
v 0.00293894624 -0.00180880993 0.000118942626
v 0.00293894624 -0.00180880993 -0.000118942626
v 0.00288091321 -0.0018423337 -0.000347191875
v 0.00276954845 -0.00190666562 -0.000547313655
v 0.00261387462 -0.00199659378 -0.000703095342
v 0.00242650299 -0.00210483256 -0.000801916467
v 0.00238911156 -0.00205611531 0.000801916467
v 0.0025421211 -0.00190310576 0.000703095342
v 0.00266924594 -0.00177598093 0.000547313655
v 0.00276018702 -0.00168503972 0.000347191875
v 0.00280757737 -0.00163764937 0.000118942626
v 0.00280757737 -0.00163764937 -0.000118942626
v 0.00276018702 -0.00168503972 -0.000347191875
v 0.00266924594 -0.00177598093 -0.000547313655
v 0.0025421211 -0.00190310576 -0.000703095342
v 0.00238911156 -0.00205611531 -0.000801916467
v 0.00222261343 -0.00222261343 0.00083577109
v 0.00222261343 -0.00222261343 -0.00083577109
v 0.00210483256 -0.00242650299 0.000801916467
v 0.00205611531 -0.00238911156 0.000801916467
v 0.00199659378 -0.00261387462 0.000703095342
v 0.00190310576 -0.0025421211 0.000703095342
v 0.00190666562 -0.00276954845 0.000547313655
v 0.00177598093 -0.00266924594 0.000547313655
v 0.0018423337 -0.00288091321 0.000347191875
v 0.00168503972 -0.00276018702 0.000347191875
v 0.00180880993 -0.00293894624 0.000118942626
v 0.00163764937 -0.00280757737 0.000118942626
v 0.00180880993 -0.00293894624 -0.000118942626
v 0.00163764937 -0.00280757737 -0.000118942626
v 0.0018423337 -0.00288091321 -0.000347191875
v 0.00168503972 -0.00276018702 -0.000347191875
v 0.00190666562 -0.00276954845 -0.000547313655
v 0.00177598093 -0.00266924594 -0.000547313655
v 0.00199659378 -0.00261387462 -0.000703095342
v 0.00190310576 -0.0025421211 -0.000703095342
v 0.00210483256 -0.00242650299 -0.000801916467
v 0.00205611531 -0.00238911156 -0.000801916467
v 0.00216164347 -0.00245004683 0.000801916467
v 0.00210561324 -0.00265905494 0.000703095342
v 0.00205906155 -0.00283270516 0.000547313655
v 0.00202575978 -0.00295692938 0.000347191875
v 0.00200840621 -0.00302166375 0.000118942626
v 0.00200840621 -0.00302166375 -0.000118942626
v 0.00202575978 -0.00295692938 -0.000347191875
v 0.00205906155 -0.00283270516 -0.000547313655
v 0.00210561324 -0.00265905494 -0.000703095342
v 0.00216164347 -0.00245004683 -0.000801916467
v 0.00222261343 -0.00245807739 0.000801916467
v 0.00222261343 -0.0026744653 0.000703095342
v 0.00222261343 -0.00285424711 0.000547313655
v 0.00222261343 -0.0029828574 0.000347191875
v 0.00222261343 -0.00304987771 0.000118942626
v 0.00222261343 -0.00304987771 -0.000118942626
v 0.00222261343 -0.0029828574 -0.000347191875
v 0.00222261343 -0.00285424711 -0.000547313655
v 0.00222261343 -0.0026744653 -0.000703095342
v 0.00222261343 -0.00245807739 -0.000801916467
v 0.00228358316 -0.00245004683 0.000801916467
v 0.00233961362 -0.00265905494 0.000703095342
v 0.00238616532 -0.00283270516 0.000547313655
v 0.00241946708 -0.00295692938 0.000347191875
v 0.00243682065 -0.00302166375 0.000118942626
v 0.00243682065 -0.00302166375 -0.000118942626
v 0.00241946708 -0.00295692938 -0.000347191875
v 0.00238616532 -0.00283270516 -0.000547313655
v 0.00233961362 -0.00265905494 -0.000703095342
v 0.00228358316 -0.00245004683 -0.000801916467
v 0.00234039431 -0.00242650299 0.000801916467
v 0.00244863308 -0.00261387462 0.000703095342
v 0.00253856112 -0.00276954845 0.000547313655
v 0.00260289316 -0.00288091321 0.000347191875
v 0.00263641705 -0.00293894624 0.000118942626
v 0.00263641705 -0.00293894624 -0.000118942626
v 0.00260289316 -0.00288091321 -0.000347191875
v 0.00253856112 -0.00276954845 -0.000547313655
v 0.00244863308 -0.00261387462 -0.000703095342
v 0.00234039431 -0.00242650299 -0.000801916467
v 0.00234039431 -0.00201872387 0.000801916467
v 0.00244863308 -0.00183135225 0.000703095342
v 0.00253856112 -0.0016756783 0.000547313655
v 0.00260289316 -0.00156431366 0.000347191875
v 0.00263641705 -0.00150628062 0.000118942626
v 0.00263641705 -0.00150628062 -0.000118942626
v 0.00260289316 -0.00156431366 -0.000347191875
v 0.00253856112 -0.0016756783 -0.000547313655
v 0.00244863308 -0.00183135225 -0.000703095342
v 0.00234039431 -0.00201872387 -0.000801916467
v 0.00228358316 -0.00199518004 0.000801916467
v 0.00233961362 -0.00178617192 0.000703095342
v 0.00238616532 -0.00161252171 0.000547313655
v 0.00241946708 -0.00148829748 0.000347191875
v 0.00243682065 -0.00142356323 0.000118942626
v 0.00243682065 -0.00142356323 -0.000118942626
v 0.00241946708 -0.00148829748 -0.000347191875
v 0.00238616532 -0.00161252171 -0.000547313655
v 0.00233961362 -0.00178617192 -0.000703095342
v 0.00228358316 -0.00199518004 -0.000801916467
v 0.00222261343 -0.00198714947 0.000801916467
v 0.00222261343 -0.00177076156 0.000703095342
v 0.00222261343 -0.00159097987 0.000547313655
v 0.00222261343 -0.00146236923 0.000347191875
v 0.00222261343 -0.00139534927 0.000118942626
v 0.00222261343 -0.00139534927 -0.000118942626
v 0.00222261343 -0.00146236923 -0.000347191875
v 0.00222261343 -0.00159097987 -0.000547313655
v 0.00222261343 -0.00177076156 -0.000703095342
v 0.00222261343 -0.00198714947 -0.000801916467
v 0.00216164347 -0.00199518004 0.000801916467
v 0.00210561324 -0.00178617192 0.000703095342
v 0.00205906155 -0.00161252171 0.000547313655
v 0.00202575978 -0.00148829748 0.000347191875
v 0.00200840621 -0.00142356323 0.000118942626
v 0.00200840621 -0.00142356323 -0.000118942626
v 0.00202575978 -0.00148829748 -0.000347191875
v 0.00205906155 -0.00161252171 -0.000547313655
v 0.00210561324 -0.00178617192 -0.000703095342
v 0.00216164347 -0.00199518004 -0.000801916467
v 0.00210483256 -0.00201872387 0.000801916467
v 0.00199659378 -0.00183135225 0.000703095342
v 0.00190666562 -0.0016756783 0.000547313655
v 0.0018423337 -0.00156431366 0.000347191875
v 0.00180880993 -0.00150628062 0.000118942626
v 0.00180880993 -0.00150628062 -0.000118942626
v 0.0018423337 -0.00156431366 -0.000347191875
v 0.00190666562 -0.0016756783 -0.000547313655
v 0.00199659378 -0.00183135225 -0.000703095342
v 0.00210483256 -0.00201872387 -0.000801916467
v 0.00205611531 -0.00205611531 0.000801916467
v 0.00190310576 -0.00190310576 0.000703095342
v 0.00177598093 -0.00177598093 0.000547313655
v 0.00168503972 -0.00168503972 0.000347191875
v 0.00163764937 -0.00163764937 0.000118942626
v 0.00163764937 -0.00163764937 -0.000118942626
v 0.00168503972 -0.00168503972 -0.000347191875
v 0.00177598093 -0.00177598093 -0.000547313655
v 0.00190310576 -0.00190310576 -0.000703095342
v 0.00205611531 -0.00205611531 -0.000801916467
v 0.00201872387 -0.00210483256 0.000801916467
v 0.00183135225 -0.00199659378 0.000703095342
v 0.0016756783 -0.00190666562 0.000547313655
v 0.00156431366 -0.0018423337 0.000347191875
v 0.00150628062 -0.00180880993 0.000118942626
v 0.00150628062 -0.00180880993 -0.000118942626
v 0.00156431366 -0.0018423337 -0.000347191875
v 0.0016756783 -0.00190666562 -0.000547313655
v 0.00183135225 -0.00199659378 -0.000703095342
v 0.00201872387 -0.00210483256 -0.000801916467
v 0.00199518004 -0.00216164347 0.000801916467
v 0.00178617192 -0.00210561324 0.000703095342
v 0.00161252171 -0.00205906155 0.000547313655
v 0.00148829748 -0.00202575978 0.000347191875
v 0.00142356323 -0.00200840621 0.000118942626
v 0.00142356323 -0.00200840621 -0.000118942626
v 0.00148829748 -0.00202575978 -0.000347191875
v 0.00161252171 -0.00205906155 -0.000547313655
v 0.00178617192 -0.00210561324 -0.000703095342
v 0.00199518004 -0.00216164347 -0.000801916467
v 0.00198714947 -0.00222261343 0.000801916467
v 0.00177076156 -0.00222261343 0.000703095342
v 0.00159097987 -0.00222261343 0.000547313655
v 0.00146236923 -0.00222261343 0.000347191875
v 0.00139534927 -0.00222261343 0.000118942626
v 0.00139534927 -0.00222261343 -0.000118942626
v 0.00146236923 -0.00222261343 -0.000347191875
v 0.00159097987 -0.00222261343 -0.000547313655
v 0.00177076156 -0.00222261343 -0.000703095342
v 0.00198714947 -0.00222261343 -0.000801916467
v 0.00199518004 -0.00228358316 0.000801916467
v 0.00178617192 -0.00233961362 0.000703095342
v 0.00161252171 -0.00238616532 0.000547313655
v 0.00148829748 -0.00241946708 0.000347191875
v 0.00142356323 -0.00243682065 0.000118942626
v 0.00142356323 -0.00243682065 -0.000118942626
v 0.00148829748 -0.00241946708 -0.000347191875
v 0.00161252171 -0.00238616532 -0.000547313655
v 0.00178617192 -0.00233961362 -0.000703095342
v 0.00199518004 -0.00228358316 -0.000801916467
v 0.00201872387 -0.00234039431 0.000801916467
v 0.00183135225 -0.00244863308 0.000703095342
v 0.0016756783 -0.00253856112 0.000547313655
v 0.00156431366 -0.00260289316 0.000347191875
v 0.00150628062 -0.00263641705 0.000118942626
v 0.00150628062 -0.00263641705 -0.000118942626
v 0.00156431366 -0.00260289316 -0.000347191875
v 0.0016756783 -0.00253856112 -0.000547313655
v 0.00183135225 -0.00244863308 -0.000703095342
v 0.00201872387 -0.00234039431 -0.000801916467
v 6.08881164e-05 -0.00337070529 0.000801916467
v -2.35934344e-17 -0.00337871397 0.000801916467
v 0.000116843454 -0.00357973343 0.000703095342
v -2.51044634e-17 -0.00359510211 0.000703095342
v 0.000163332821 -0.00375340041 0.000547313655
v -2.63598705e-17 -0.00377488369 0.000547313655
v 0.000196589914 -0.00387763628 0.000347191875
v -2.72579537e-17 -0.00390349422 0.000347191875
v 0.000213920503 -0.00394237693 0.000118942626
v -2.77259526e-17 -0.00397051405 0.000118942626
v 0.000213920503 -0.00394237693 -0.000118942626
v -2.77259526e-17 -0.00397051405 -0.000118942626
v 0.000196589914 -0.00387763628 -0.000347191875
v -2.72579537e-17 -0.00390349422 -0.000347191875
v 0.000163332821 -0.00375340041 -0.000547313655
v -2.63598705e-17 -0.00377488369 -0.000547313655
v 0.000116843454 -0.00357973343 -0.000703095342
v -2.51044634e-17 -0.00359510211 -0.000703095342
v 6.08881164e-05 -0.00337070529 -0.000801916467
v -2.35934344e-17 -0.00337871397 -0.000801916467
v 0.000117707561 -0.00334718195 0.000801916467
v 0.00022587915 -0.00353459222 0.000703095342
v 0.000315751357 -0.00369029865 0.000547313655
v 0.000380043261 -0.00380168622 0.000347191875
v 0.000413546339 -0.00385973137 0.000118942626
v 0.000413546339 -0.00385973137 -0.000118942626
v 0.000380043261 -0.00380168622 -0.000347191875
v 0.000315751357 -0.00369029865 -0.000547313655
v 0.00022587915 -0.00353459222 -0.000703095342
v 0.000117707561 -0.00334718195 -0.000801916467
v 0.000166498139 -0.00330974837 0.000801916467
v 0.000319507584 -0.00346275768 0.000703095342
v 0.000446632417 -0.00358988252 0.000547313655
v 0.000537573767 -0.0036808236 0.000347191875
v 0.000584964058 -0.00372821395 0.000118942626
v 0.000584964058 -0.00372821395 -0.000118942626
v 0.000537573767 -0.0036808236 -0.000347191875
v 0.000446632417 -0.00358988252 -0.000547313655
v 0.000319507584 -0.00346275768 -0.000703095342
v 0.000166498139 -0.00330974837 -0.000801916467
v 0.000203931821 -0.00326095754 0.000801916467
v 0.000391342299 -0.00336912926 0.000703095342
v 0.000547048578 -0.00345900143 0.000547313655
v 0.000658436213 -0.00352329318 0.000347191875
v 0.000716481241 -0.00355679612 0.000118942626
v 0.000716481241 -0.00355679612 -0.000118942626
v 0.000658436213 -0.00352329318 -0.000347191875
v 0.000547048578 -0.00345900143 -0.000547313655
v 0.000391342299 -0.00336912926 -0.000703095342
v 0.000203931821 -0.00326095754 -0.000801916467
v 0.000227455253 -0.00320413825 0.000801916467
v 0.000436483475 -0.00326009351 0.000703095342
v 0.000610150339 -0.00330658304 0.000547313655
v 0.0007343865 -0.00333983987 0.000347191875
v 0.000799126981 -0.00335717038 0.000118942626
v 0.000799126981 -0.00335717038 -0.000118942626
v 0.0007343865 -0.00333983987 -0.000347191875
v 0.000610150339 -0.00330658304 -0.000547313655
v 0.000436483475 -0.00326009351 -0.000703095342
v 0.000227455253 -0.00320413825 -0.000801916467
v 0.000235463929 -0.00314325001 0.000801916467
v 0.000451851956 -0.00314325001 0.000703095342
v 0.000631633622 -0.00314325001 0.000547313655
v 0.000760244089 -0.00314325001 0.000347191875
v 0.000827264157 -0.00314325001 0.000118942626
v 0.000827264157 -0.00314325001 -0.000118942626
v 0.000760244089 -0.00314325001 -0.000347191875
v 0.000631633622 -0.00314325001 -0.000547313655
v 0.000451851956 -0.00314325001 -0.000703095342
v 0.000235463929 -0.00314325001 -0.000801916467
v -2.19491995e-17 -0.00314325001 0.00083577109
v -2.19491995e-17 -0.00314325001 -0.00083577109
v -0.000227455253 -0.00320413825 0.000801916467
v -0.000235463929 -0.00314325001 0.000801916467
v -0.000436483475 -0.00326009351 0.000703095342
v -0.000451851956 -0.00314325001 0.000703095342
v -0.000610150339 -0.00330658304 0.000547313655
v -0.000631633622 -0.00314325001 0.000547313655
v -0.0007343865 -0.00333983987 0.000347191875
v -0.000760244089 -0.00314325001 0.000347191875
v -0.000799126981 -0.00335717038 0.000118942626
v -0.000827264157 -0.00314325001 0.000118942626
v -0.000799126981 -0.00335717038 -0.000118942626
v -0.000827264157 -0.00314325001 -0.000118942626
v -0.0007343865 -0.00333983987 -0.000347191875
v -0.000760244089 -0.00314325001 -0.000347191875
v -0.000610150339 -0.00330658304 -0.000547313655
v -0.000631633622 -0.00314325001 -0.000547313655
v -0.000436483475 -0.00326009351 -0.000703095342
v -0.000451851956 -0.00314325001 -0.000703095342
v -0.000227455253 -0.00320413825 -0.000801916467
v -0.000235463929 -0.00314325001 -0.000801916467
v -0.000203931821 -0.00326095754 0.000801916467
v -0.000391342299 -0.00336912926 0.000703095342
v -0.000547048578 -0.00345900143 0.000547313655
v -0.000658436213 -0.00352329318 0.000347191875
v -0.000716481241 -0.00355679612 0.000118942626
v -0.000716481241 -0.00355679612 -0.000118942626
v -0.000658436213 -0.00352329318 -0.000347191875
v -0.000547048578 -0.00345900143 -0.000547313655
v -0.000391342299 -0.00336912926 -0.000703095342
v -0.000203931821 -0.00326095754 -0.000801916467
v -0.000166498139 -0.00330974837 0.000801916467
v -0.000319507584 -0.00346275768 0.000703095342
v -0.000446632417 -0.00358988252 0.000547313655
v -0.000537573767 -0.0036808236 0.000347191875
v -0.000584964058 -0.00372821395 0.000118942626
v -0.000584964058 -0.00372821395 -0.000118942626
v -0.000537573767 -0.0036808236 -0.000347191875
v -0.000446632417 -0.00358988252 -0.000547313655
v -0.000319507584 -0.00346275768 -0.000703095342
v -0.000166498139 -0.00330974837 -0.000801916467
v -0.000117707561 -0.00334718195 0.000801916467
v -0.00022587915 -0.00353459222 0.000703095342
v -0.000315751357 -0.00369029865 0.000547313655
v -0.000380043261 -0.00380168622 0.000347191875
v -0.000413546339 -0.00385973137 0.000118942626
v -0.000413546339 -0.00385973137 -0.000118942626
v -0.000380043261 -0.00380168622 -0.000347191875
v -0.000315751357 -0.00369029865 -0.000547313655
v -0.00022587915 -0.00353459222 -0.000703095342
v -0.000117707561 -0.00334718195 -0.000801916467
v -6.08881164e-05 -0.00337070529 0.000801916467
v -0.000116843454 -0.00357973343 0.000703095342
v -0.000163332821 -0.00375340041 0.000547313655
v -0.000196589914 -0.00387763628 0.000347191875
v -0.000213920503 -0.00394237693 0.000118942626
v -0.000213920503 -0.00394237693 -0.000118942626
v -0.000196589914 -0.00387763628 -0.000347191875
v -0.000163332821 -0.00375340041 -0.000547313655
v -0.000116843454 -0.00357973343 -0.000703095342
v -6.08881164e-05 -0.00337070529 -0.000801916467
v 0.000227455253 -0.003082362 0.000801916467
v 0.000436483475 -0.00302640651 0.000703095342
v 0.000610150339 -0.00297991722 0.000547313655
v 0.0007343865 -0.00294666016 0.000347191875
v 0.000799126981 -0.00292932964 0.000118942626
v 0.000799126981 -0.00292932964 -0.000118942626
v 0.0007343865 -0.00294666016 -0.000347191875
v 0.000610150339 -0.00297991722 -0.000547313655
v 0.000436483475 -0.00302640651 -0.000703095342
v 0.000227455253 -0.003082362 -0.000801916467
v 0.000203931821 -0.00302554248 0.000801916467
v 0.000391342299 -0.00291737076 0.000703095342
v 0.000547048578 -0.0028274986 0.000547313655
v 0.000658436213 -0.00276320684 0.000347191875
v 0.000716481241 -0.00272970367 0.000118942626
v 0.000716481241 -0.00272970367 -0.000118942626
v 0.000658436213 -0.00276320684 -0.000347191875
v 0.000547048578 -0.0028274986 -0.000547313655
v 0.000391342299 -0.00291737076 -0.000703095342
v 0.000203931821 -0.00302554248 -0.000801916467
v 0.000166498139 -0.00297675189 0.000801916467
v 0.000319507584 -0.00282374234 0.000703095342
v 0.000446632417 -0.00269661751 0.000547313655
v 0.000537573767 -0.00260567642 0.000347191875
v 0.000584964058 -0.00255828607 0.000118942626
v 0.000584964058 -0.00255828607 -0.000118942626
v 0.000537573767 -0.00260567642 -0.000347191875
v 0.000446632417 -0.00269661751 -0.000547313655
v 0.000319507584 -0.00282374234 -0.000703095342
v 0.000166498139 -0.00297675189 -0.000801916467
v 0.000117707561 -0.00293931831 0.000801916467
v 0.00022587915 -0.00275190757 0.000703095342
v 0.000315751357 -0.00259620161 0.000547313655
v 0.000380043261 -0.0024848138 0.000347191875
v 0.000413546339 -0.00242676889 0.000118942626
v 0.000413546339 -0.00242676889 -0.000118942626
v 0.000380043261 -0.0024848138 -0.000347191875
v 0.000315751357 -0.00259620161 -0.000547313655
v 0.00022587915 -0.00275190757 -0.000703095342
v 0.000117707561 -0.00293931831 -0.000801916467
v 6.08881164e-05 -0.00291579473 0.000801916467
v 0.000116843454 -0.00270676659 0.000703095342
v 0.000163332821 -0.00253309961 0.000547313655
v 0.000196589914 -0.00240886351 0.000347191875
v 0.000213920503 -0.00234412309 0.000118942626
v 0.000213920503 -0.00234412309 -0.000118942626
v 0.000196589914 -0.00240886351 -0.000347191875
v 0.000163332821 -0.00253309961 -0.000547313655
v 0.000116843454 -0.00270676659 -0.000703095342
v 6.08881164e-05 -0.00291579473 -0.000801916467
v -2.02761258e-17 -0.00290778605 0.000801916467
v -1.87385972e-17 -0.00269139814 0.000703095342
v -1.74611706e-17 -0.00251161633 0.000547313655
v -1.65473379e-17 -0.00238300604 0.000347191875
v -1.60711333e-17 -0.00231598597 0.000118942626
v -1.60711333e-17 -0.00231598597 -0.000118942626
v -1.65473379e-17 -0.00238300604 -0.000347191875
v -1.74611706e-17 -0.00251161633 -0.000547313655
v -1.87385972e-17 -0.00269139814 -0.000703095342
v -2.02761258e-17 -0.00290778605 -0.000801916467
v -6.08881164e-05 -0.00291579473 0.000801916467
v -0.000116843454 -0.00270676659 0.000703095342
v -0.000163332821 -0.00253309961 0.000547313655
v -0.000196589914 -0.00240886351 0.000347191875
v -0.000213920503 -0.00234412309 0.000118942626
v -0.000213920503 -0.00234412309 -0.000118942626
v -0.000196589914 -0.00240886351 -0.000347191875
v -0.000163332821 -0.00253309961 -0.000547313655
v -0.000116843454 -0.00270676659 -0.000703095342
v -6.08881164e-05 -0.00291579473 -0.000801916467
v -0.000117707561 -0.00293931831 0.000801916467
v -0.00022587915 -0.00275190757 0.000703095342
v -0.000315751357 -0.00259620161 0.000547313655
v -0.000380043261 -0.0024848138 0.000347191875
v -0.000413546339 -0.00242676889 0.000118942626
v -0.000413546339 -0.00242676889 -0.000118942626
v -0.000380043261 -0.0024848138 -0.000347191875
v -0.000315751357 -0.00259620161 -0.000547313655
v -0.00022587915 -0.00275190757 -0.000703095342
v -0.000117707561 -0.00293931831 -0.000801916467
v -0.000166498139 -0.00297675189 0.000801916467
v -0.000319507584 -0.00282374234 0.000703095342
v -0.000446632417 -0.00269661751 0.000547313655
v -0.000537573767 -0.00260567642 0.000347191875
v -0.000584964058 -0.00255828607 0.000118942626
v -0.000584964058 -0.00255828607 -0.000118942626
v -0.000537573767 -0.00260567642 -0.000347191875
v -0.000446632417 -0.00269661751 -0.000547313655
v -0.000319507584 -0.00282374234 -0.000703095342
v -0.000166498139 -0.00297675189 -0.000801916467
v -0.000203931821 -0.00302554248 0.000801916467
v -0.000391342299 -0.00291737076 0.000703095342
v -0.000547048578 -0.0028274986 0.000547313655
v -0.000658436213 -0.00276320684 0.000347191875
v -0.000716481241 -0.00272970367 0.000118942626
v -0.000716481241 -0.00272970367 -0.000118942626
v -0.000658436213 -0.00276320684 -0.000347191875
v -0.000547048578 -0.0028274986 -0.000547313655
v -0.000391342299 -0.00291737076 -0.000703095342
v -0.000203931821 -0.00302554248 -0.000801916467
v -0.000227455253 -0.003082362 0.000801916467
v -0.000436483475 -0.00302640651 0.000703095342
v -0.000610150339 -0.00297991722 0.000547313655
v -0.0007343865 -0.00294666016 0.000347191875
v -0.000799126981 -0.00292932964 0.000118942626
v -0.000799126981 -0.00292932964 -0.000118942626
v -0.0007343865 -0.00294666016 -0.000347191875
v -0.000610150339 -0.00297991722 -0.000547313655
v -0.000436483475 -0.00302640651 -0.000703095342
v -0.000227455253 -0.003082362 -0.000801916467
v -0.00234039431 -0.00242650299 0.000801916467
v -0.00238911156 -0.00238911156 0.000801916467
v -0.00244863308 -0.00261387462 0.000703095342
v -0.0025421211 -0.0025421211 0.000703095342
v -0.00253856112 -0.00276954845 0.000547313655
v -0.00266924594 -0.00266924594 0.000547313655
v -0.00260289316 -0.00288091321 0.000347191875
v -0.00276018702 -0.00276018702 0.000347191875
v -0.00263641705 -0.00293894624 0.000118942626
v -0.00280757737 -0.00280757737 0.000118942626
v -0.00263641705 -0.00293894624 -0.000118942626
v -0.00280757737 -0.00280757737 -0.000118942626
v -0.00260289316 -0.00288091321 -0.000347191875
v -0.00276018702 -0.00276018702 -0.000347191875
v -0.00253856112 -0.00276954845 -0.000547313655
v -0.00266924594 -0.00266924594 -0.000547313655
v -0.00244863308 -0.00261387462 -0.000703095342
v -0.0025421211 -0.0025421211 -0.000703095342
v -0.00234039431 -0.00242650299 -0.000801916467
v -0.00238911156 -0.00238911156 -0.000801916467
v -0.00228358316 -0.00245004683 0.000801916467
v -0.00233961362 -0.00265905494 0.000703095342
v -0.00238616532 -0.00283270516 0.000547313655
v -0.00241946708 -0.00295692938 0.000347191875
v -0.00243682065 -0.00302166375 0.000118942626
v -0.00243682065 -0.00302166375 -0.000118942626
v -0.00241946708 -0.00295692938 -0.000347191875
v -0.00238616532 -0.00283270516 -0.000547313655
v -0.00233961362 -0.00265905494 -0.000703095342
v -0.00228358316 -0.00245004683 -0.000801916467
v -0.00222261343 -0.00245807739 0.000801916467
v -0.00222261343 -0.0026744653 0.000703095342
v -0.00222261343 -0.00285424711 0.000547313655
v -0.00222261343 -0.0029828574 0.000347191875
v -0.00222261343 -0.00304987771 0.000118942626
v -0.00222261343 -0.00304987771 -0.000118942626
v -0.00222261343 -0.0029828574 -0.000347191875
v -0.00222261343 -0.00285424711 -0.000547313655
v -0.00222261343 -0.0026744653 -0.000703095342
v -0.00222261343 -0.00245807739 -0.000801916467
v -0.00216164347 -0.00245004683 0.000801916467
v -0.00210561324 -0.00265905494 0.000703095342
v -0.00205906155 -0.00283270516 0.000547313655
v -0.00202575978 -0.00295692938 0.000347191875
v -0.00200840621 -0.00302166375 0.000118942626
v -0.00200840621 -0.00302166375 -0.000118942626
v -0.00202575978 -0.00295692938 -0.000347191875
v -0.00205906155 -0.00283270516 -0.000547313655
v -0.00210561324 -0.00265905494 -0.000703095342
v -0.00216164347 -0.00245004683 -0.000801916467
v -0.00210483256 -0.00242650299 0.000801916467
v -0.00199659378 -0.00261387462 0.000703095342
v -0.00190666562 -0.00276954845 0.000547313655
v -0.0018423337 -0.00288091321 0.000347191875
v -0.00180880993 -0.00293894624 0.000118942626
v -0.00180880993 -0.00293894624 -0.000118942626
v -0.0018423337 -0.00288091321 -0.000347191875
v -0.00190666562 -0.00276954845 -0.000547313655
v -0.00199659378 -0.00261387462 -0.000703095342
v -0.00210483256 -0.00242650299 -0.000801916467
v -0.00205611531 -0.00238911156 0.000801916467
v -0.00190310576 -0.0025421211 0.000703095342
v -0.00177598093 -0.00266924594 0.000547313655
v -0.00168503972 -0.00276018702 0.000347191875
v -0.00163764937 -0.00280757737 0.000118942626
v -0.00163764937 -0.00280757737 -0.000118942626
v -0.00168503972 -0.00276018702 -0.000347191875
v -0.00177598093 -0.00266924594 -0.000547313655
v -0.00190310576 -0.0025421211 -0.000703095342
v -0.00205611531 -0.00238911156 -0.000801916467
v -0.00222261343 -0.00222261343 0.00083577109
v -0.00222261343 -0.00222261343 -0.00083577109
v -0.00242650299 -0.00210483256 0.000801916467
v -0.00238911156 -0.00205611531 0.000801916467
v -0.00261387462 -0.00199659378 0.000703095342
v -0.0025421211 -0.00190310576 0.000703095342
v -0.00276954845 -0.00190666562 0.000547313655
v -0.00266924594 -0.00177598093 0.000547313655
v -0.00288091321 -0.0018423337 0.000347191875
v -0.00276018702 -0.00168503972 0.000347191875
v -0.00293894624 -0.00180880993 0.000118942626
v -0.00280757737 -0.00163764937 0.000118942626
v -0.00293894624 -0.00180880993 -0.000118942626
v -0.00280757737 -0.00163764937 -0.000118942626
v -0.00288091321 -0.0018423337 -0.000347191875
v -0.00276018702 -0.00168503972 -0.000347191875
v -0.00276954845 -0.00190666562 -0.000547313655
v -0.00266924594 -0.00177598093 -0.000547313655
v -0.00261387462 -0.00199659378 -0.000703095342
v -0.0025421211 -0.00190310576 -0.000703095342
v -0.00242650299 -0.00210483256 -0.000801916467
v -0.00238911156 -0.00205611531 -0.000801916467
v -0.00245004683 -0.00216164347 0.000801916467
v -0.00265905494 -0.00210561324 0.000703095342
v -0.00283270516 -0.00205906155 0.000547313655
v -0.00295692938 -0.00202575978 0.000347191875
v -0.00302166375 -0.00200840621 0.000118942626
v -0.00302166375 -0.00200840621 -0.000118942626
v -0.00295692938 -0.00202575978 -0.000347191875
v -0.00283270516 -0.00205906155 -0.000547313655
v -0.00265905494 -0.00210561324 -0.000703095342
v -0.00245004683 -0.00216164347 -0.000801916467
v -0.00245807739 -0.00222261343 0.000801916467
v -0.0026744653 -0.00222261343 0.000703095342
v -0.00285424711 -0.00222261343 0.000547313655
v -0.0029828574 -0.00222261343 0.000347191875
v -0.00304987771 -0.00222261343 0.000118942626
v -0.00304987771 -0.00222261343 -0.000118942626
v -0.0029828574 -0.00222261343 -0.000347191875
v -0.00285424711 -0.00222261343 -0.000547313655
v -0.0026744653 -0.00222261343 -0.000703095342
v -0.00245807739 -0.00222261343 -0.000801916467
v -0.00245004683 -0.00228358316 0.000801916467
v -0.00265905494 -0.00233961362 0.000703095342
v -0.00283270516 -0.00238616532 0.000547313655
v -0.00295692938 -0.00241946708 0.000347191875
v -0.00302166375 -0.00243682065 0.000118942626
v -0.00302166375 -0.00243682065 -0.000118942626
v -0.00295692938 -0.00241946708 -0.000347191875
v -0.00283270516 -0.00238616532 -0.000547313655
v -0.00265905494 -0.00233961362 -0.000703095342
v -0.00245004683 -0.00228358316 -0.000801916467
v -0.00242650299 -0.00234039431 0.000801916467
v -0.00261387462 -0.00244863308 0.000703095342
v -0.00276954845 -0.00253856112 0.000547313655
v -0.00288091321 -0.00260289316 0.000347191875
v -0.00293894624 -0.00263641705 0.000118942626
v -0.00293894624 -0.00263641705 -0.000118942626
v -0.00288091321 -0.00260289316 -0.000347191875
v -0.00276954845 -0.00253856112 -0.000547313655
v -0.00261387462 -0.00244863308 -0.000703095342
v -0.00242650299 -0.00234039431 -0.000801916467
v -0.00201872387 -0.00234039431 0.000801916467
v -0.00183135225 -0.00244863308 0.000703095342
v -0.0016756783 -0.00253856112 0.000547313655
v -0.00156431366 -0.00260289316 0.000347191875
v -0.00150628062 -0.00263641705 0.000118942626
v -0.00150628062 -0.00263641705 -0.000118942626
v -0.00156431366 -0.00260289316 -0.000347191875
v -0.0016756783 -0.00253856112 -0.000547313655
v -0.00183135225 -0.00244863308 -0.000703095342
v -0.00201872387 -0.00234039431 -0.000801916467
v -0.00199518004 -0.00228358316 0.000801916467
v -0.00178617192 -0.00233961362 0.000703095342
v -0.00161252171 -0.00238616532 0.000547313655
v -0.00148829748 -0.00241946708 0.000347191875
v -0.00142356323 -0.00243682065 0.000118942626
v -0.00142356323 -0.00243682065 -0.000118942626
v -0.00148829748 -0.00241946708 -0.000347191875
v -0.00161252171 -0.00238616532 -0.000547313655
v -0.00178617192 -0.00233961362 -0.000703095342
v -0.00199518004 -0.00228358316 -0.000801916467
v -0.00198714947 -0.00222261343 0.000801916467
v -0.00177076156 -0.00222261343 0.000703095342
v -0.00159097987 -0.00222261343 0.000547313655
v -0.00146236923 -0.00222261343 0.000347191875
v -0.00139534927 -0.00222261343 0.000118942626
v -0.00139534927 -0.00222261343 -0.000118942626
v -0.00146236923 -0.00222261343 -0.000347191875
v -0.00159097987 -0.00222261343 -0.000547313655
v -0.00177076156 -0.00222261343 -0.000703095342
v -0.00198714947 -0.00222261343 -0.000801916467
v -0.00199518004 -0.00216164347 0.000801916467
v -0.00178617192 -0.00210561324 0.000703095342
v -0.00161252171 -0.00205906155 0.000547313655
v -0.00148829748 -0.00202575978 0.000347191875
v -0.00142356323 -0.00200840621 0.000118942626
v -0.00142356323 -0.00200840621 -0.000118942626
v -0.00148829748 -0.00202575978 -0.000347191875
v -0.00161252171 -0.00205906155 -0.000547313655
v -0.00178617192 -0.00210561324 -0.000703095342
v -0.00199518004 -0.00216164347 -0.000801916467
v -0.00201872387 -0.00210483256 0.000801916467
v -0.00183135225 -0.00199659378 0.000703095342
v -0.0016756783 -0.00190666562 0.000547313655
v -0.00156431366 -0.0018423337 0.000347191875
v -0.00150628062 -0.00180880993 0.000118942626
v -0.00150628062 -0.00180880993 -0.000118942626
v -0.00156431366 -0.0018423337 -0.000347191875
v -0.0016756783 -0.00190666562 -0.000547313655
v -0.00183135225 -0.00199659378 -0.000703095342
v -0.00201872387 -0.00210483256 -0.000801916467
v -0.00205611531 -0.00205611531 0.000801916467
v -0.00190310576 -0.00190310576 0.000703095342
v -0.00177598093 -0.00177598093 0.000547313655
v -0.00168503972 -0.00168503972 0.000347191875
v -0.00163764937 -0.00163764937 0.000118942626
v -0.00163764937 -0.00163764937 -0.000118942626
v -0.00168503972 -0.00168503972 -0.000347191875
v -0.00177598093 -0.00177598093 -0.000547313655
v -0.00190310576 -0.00190310576 -0.000703095342
v -0.00205611531 -0.00205611531 -0.000801916467
v -0.00210483256 -0.00201872387 0.000801916467
v -0.00199659378 -0.00183135225 0.000703095342
v -0.00190666562 -0.0016756783 0.000547313655
v -0.0018423337 -0.00156431366 0.000347191875
v -0.00180880993 -0.00150628062 0.000118942626
v -0.00180880993 -0.00150628062 -0.000118942626
v -0.0018423337 -0.00156431366 -0.000347191875
v -0.00190666562 -0.0016756783 -0.000547313655
v -0.00199659378 -0.00183135225 -0.000703095342
v -0.00210483256 -0.00201872387 -0.000801916467
v -0.00216164347 -0.00199518004 0.000801916467
v -0.00210561324 -0.00178617192 0.000703095342
v -0.00205906155 -0.00161252171 0.000547313655
v -0.00202575978 -0.00148829748 0.000347191875
v -0.00200840621 -0.00142356323 0.000118942626
v -0.00200840621 -0.00142356323 -0.000118942626
v -0.00202575978 -0.00148829748 -0.000347191875
v -0.00205906155 -0.00161252171 -0.000547313655
v -0.00210561324 -0.00178617192 -0.000703095342
v -0.00216164347 -0.00199518004 -0.000801916467
v -0.00222261343 -0.00198714947 0.000801916467
v -0.00222261343 -0.00177076156 0.000703095342
v -0.00222261343 -0.00159097987 0.000547313655
v -0.00222261343 -0.00146236923 0.000347191875
v -0.00222261343 -0.00139534927 0.000118942626
v -0.00222261343 -0.00139534927 -0.000118942626
v -0.00222261343 -0.00146236923 -0.000347191875
v -0.00222261343 -0.00159097987 -0.000547313655
v -0.00222261343 -0.00177076156 -0.000703095342
v -0.00222261343 -0.00198714947 -0.000801916467
v -0.00228358316 -0.00199518004 0.000801916467
v -0.00233961362 -0.00178617192 0.000703095342
v -0.00238616532 -0.00161252171 0.000547313655
v -0.00241946708 -0.00148829748 0.000347191875
v -0.00243682065 -0.00142356323 0.000118942626
v -0.00243682065 -0.00142356323 -0.000118942626
v -0.00241946708 -0.00148829748 -0.000347191875
v -0.00238616532 -0.00161252171 -0.000547313655
v -0.00233961362 -0.00178617192 -0.000703095342
v -0.00228358316 -0.00199518004 -0.000801916467
v -0.00234039431 -0.00201872387 0.000801916467
v -0.00244863308 -0.00183135225 0.000703095342
v -0.00253856112 -0.0016756783 0.000547313655
v -0.00260289316 -0.00156431366 0.000347191875
v -0.00263641705 -0.00150628062 0.000118942626
v -0.00263641705 -0.00150628062 -0.000118942626
v -0.00260289316 -0.00156431366 -0.000347191875
v -0.00253856112 -0.0016756783 -0.000547313655
v -0.00244863308 -0.00183135225 -0.000703095342
v -0.00234039431 -0.00201872387 -0.000801916467
v -0.00337070529 -6.08881164e-05 0.000801916467
v -0.00337871397 3.53901516e-17 0.000801916467
v -0.00357973343 -0.000116843454 0.000703095342
v -0.00359510211 3.76566926e-17 0.000703095342
v -0.00375340041 -0.000163332821 0.000547313655
v -0.00377488369 3.9539809e-17 0.000547313655
v -0.00387763628 -0.000196589914 0.000347191875
v -0.00390349422 4.08869322e-17 0.000347191875
v -0.00394237693 -0.000213920503 0.000118942626
v -0.00397051405 4.15889273e-17 0.000118942626
v -0.00394237693 -0.000213920503 -0.000118942626
v -0.00397051405 4.15889273e-17 -0.000118942626
v -0.00387763628 -0.000196589914 -0.000347191875
v -0.00390349422 4.08869322e-17 -0.000347191875
v -0.00375340041 -0.000163332821 -0.000547313655
v -0.00377488369 3.9539809e-17 -0.000547313655
v -0.00357973343 -0.000116843454 -0.000703095342
v -0.00359510211 3.76566926e-17 -0.000703095342
v -0.00337070529 -6.08881164e-05 -0.000801916467
v -0.00337871397 3.53901516e-17 -0.000801916467
v -0.00334718195 -0.000117707561 0.000801916467
v -0.00353459222 -0.00022587915 0.000703095342
v -0.00369029865 -0.000315751357 0.000547313655
v -0.00380168622 -0.000380043261 0.000347191875
v -0.00385973137 -0.000413546339 0.000118942626
v -0.00385973137 -0.000413546339 -0.000118942626
v -0.00380168622 -0.000380043261 -0.000347191875
v -0.00369029865 -0.000315751357 -0.000547313655
v -0.00353459222 -0.00022587915 -0.000703095342
v -0.00334718195 -0.000117707561 -0.000801916467
v -0.00330974837 -0.000166498139 0.000801916467
v -0.00346275768 -0.000319507584 0.000703095342
v -0.00358988252 -0.000446632417 0.000547313655
v -0.0036808236 -0.000537573767 0.000347191875
v -0.00372821395 -0.000584964058 0.000118942626
v -0.00372821395 -0.000584964058 -0.000118942626
v -0.0036808236 -0.000537573767 -0.000347191875
v -0.00358988252 -0.000446632417 -0.000547313655
v -0.00346275768 -0.000319507584 -0.000703095342
v -0.00330974837 -0.000166498139 -0.000801916467
v -0.00326095754 -0.000203931821 0.000801916467
v -0.00336912926 -0.000391342299 0.000703095342
v -0.00345900143 -0.000547048578 0.000547313655
v -0.00352329318 -0.000658436213 0.000347191875
v -0.00355679612 -0.000716481241 0.000118942626
v -0.00355679612 -0.000716481241 -0.000118942626
v -0.00352329318 -0.000658436213 -0.000347191875
v -0.00345900143 -0.000547048578 -0.000547313655
v -0.00336912926 -0.000391342299 -0.000703095342
v -0.00326095754 -0.000203931821 -0.000801916467
v -0.00320413825 -0.000227455253 0.000801916467
v -0.00326009351 -0.000436483475 0.000703095342
v -0.00330658304 -0.000610150339 0.000547313655
v -0.00333983987 -0.0007343865 0.000347191875
v -0.00335717038 -0.000799126981 0.000118942626
v -0.00335717038 -0.000799126981 -0.000118942626
v -0.00333983987 -0.0007343865 -0.000347191875
v -0.00330658304 -0.000610150339 -0.000547313655
v -0.00326009351 -0.000436483475 -0.000703095342
v -0.00320413825 -0.000227455253 -0.000801916467
v -0.00314325001 -0.000235463929 0.000801916467
v -0.00314325001 -0.000451851956 0.000703095342
v -0.00314325001 -0.000631633622 0.000547313655
v -0.00314325001 -0.000760244089 0.000347191875
v -0.00314325001 -0.000827264157 0.000118942626
v -0.00314325001 -0.000827264157 -0.000118942626
v -0.00314325001 -0.000760244089 -0.000347191875
v -0.00314325001 -0.000631633622 -0.000547313655
v -0.00314325001 -0.000451851956 -0.000703095342
v -0.00314325001 -0.000235463929 -0.000801916467
v -0.00314325001 3.29237968e-17 0.00083577109
v -0.00314325001 3.29237968e-17 -0.00083577109
v -0.00320413825 0.000227455253 0.000801916467
v -0.00314325001 0.000235463929 0.000801916467
v -0.00326009351 0.000436483475 0.000703095342
v -0.00314325001 0.000451851956 0.000703095342
v -0.00330658304 0.000610150339 0.000547313655
v -0.00314325001 0.000631633622 0.000547313655
v -0.00333983987 0.0007343865 0.000347191875
v -0.00314325001 0.000760244089 0.000347191875
v -0.00335717038 0.000799126981 0.000118942626
v -0.00314325001 0.000827264157 0.000118942626
v -0.00335717038 0.000799126981 -0.000118942626
v -0.00314325001 0.000827264157 -0.000118942626
v -0.00333983987 0.0007343865 -0.000347191875
v -0.00314325001 0.000760244089 -0.000347191875
v -0.00330658304 0.000610150339 -0.000547313655
v -0.00314325001 0.000631633622 -0.000547313655
v -0.00326009351 0.000436483475 -0.000703095342
v -0.00314325001 0.000451851956 -0.000703095342
v -0.00320413825 0.000227455253 -0.000801916467
v -0.00314325001 0.000235463929 -0.000801916467
v -0.00326095754 0.000203931821 0.000801916467
v -0.00336912926 0.000391342299 0.000703095342
v -0.00345900143 0.000547048578 0.000547313655
v -0.00352329318 0.000658436213 0.000347191875
v -0.00355679612 0.000716481241 0.000118942626
v -0.00355679612 0.000716481241 -0.000118942626
v -0.00352329318 0.000658436213 -0.000347191875
v -0.00345900143 0.000547048578 -0.000547313655
v -0.00336912926 0.000391342299 -0.000703095342
v -0.00326095754 0.000203931821 -0.000801916467
v -0.00330974837 0.000166498139 0.000801916467
v -0.00346275768 0.000319507584 0.000703095342
v -0.00358988252 0.000446632417 0.000547313655
v -0.0036808236 0.000537573767 0.000347191875
v -0.00372821395 0.000584964058 0.000118942626
v -0.00372821395 0.000584964058 -0.000118942626
v -0.0036808236 0.000537573767 -0.000347191875
v -0.00358988252 0.000446632417 -0.000547313655
v -0.00346275768 0.000319507584 -0.000703095342
v -0.00330974837 0.000166498139 -0.000801916467
v -0.00334718195 0.000117707561 0.000801916467
v -0.00353459222 0.00022587915 0.000703095342
v -0.00369029865 0.000315751357 0.000547313655
v -0.00380168622 0.000380043261 0.000347191875
v -0.00385973137 0.000413546339 0.000118942626
v -0.00385973137 0.000413546339 -0.000118942626
v -0.00380168622 0.000380043261 -0.000347191875
v -0.00369029865 0.000315751357 -0.000547313655
v -0.00353459222 0.00022587915 -0.000703095342
v -0.00334718195 0.000117707561 -0.000801916467
v -0.00337070529 6.08881164e-05 0.000801916467
v -0.00357973343 0.000116843454 0.000703095342
v -0.00375340041 0.000163332821 0.000547313655
v -0.00387763628 0.000196589914 0.000347191875
v -0.00394237693 0.000213920503 0.000118942626
v -0.00394237693 0.000213920503 -0.000118942626
v -0.00387763628 0.000196589914 -0.000347191875
v -0.00375340041 0.000163332821 -0.000547313655
v -0.00357973343 0.000116843454 -0.000703095342
v -0.00337070529 6.08881164e-05 -0.000801916467
v -0.003082362 -0.000227455253 0.000801916467
v -0.00302640651 -0.000436483475 0.000703095342
v -0.00297991722 -0.000610150339 0.000547313655
v -0.00294666016 -0.0007343865 0.000347191875
v -0.00292932964 -0.000799126981 0.000118942626
v -0.00292932964 -0.000799126981 -0.000118942626
v -0.00294666016 -0.0007343865 -0.000347191875
v -0.00297991722 -0.000610150339 -0.000547313655
v -0.00302640651 -0.000436483475 -0.000703095342
v -0.003082362 -0.000227455253 -0.000801916467
v -0.00302554248 -0.000203931821 0.000801916467
v -0.00291737076 -0.000391342299 0.000703095342
v -0.0028274986 -0.000547048578 0.000547313655
v -0.00276320684 -0.000658436213 0.000347191875
v -0.00272970367 -0.000716481241 0.000118942626
v -0.00272970367 -0.000716481241 -0.000118942626
v -0.00276320684 -0.000658436213 -0.000347191875
v -0.0028274986 -0.000547048578 -0.000547313655
v -0.00291737076 -0.000391342299 -0.000703095342
v -0.00302554248 -0.000203931821 -0.000801916467
v -0.00297675189 -0.000166498139 0.000801916467
v -0.00282374234 -0.000319507584 0.000703095342
v -0.00269661751 -0.000446632417 0.000547313655
v -0.00260567642 -0.000537573767 0.000347191875
v -0.00255828607 -0.000584964058 0.000118942626
v -0.00255828607 -0.000584964058 -0.000118942626
v -0.00260567642 -0.000537573767 -0.000347191875
v -0.00269661751 -0.000446632417 -0.000547313655
v -0.00282374234 -0.000319507584 -0.000703095342
v -0.00297675189 -0.000166498139 -0.000801916467
v -0.00293931831 -0.000117707561 0.000801916467
v -0.00275190757 -0.00022587915 0.000703095342
v -0.00259620161 -0.000315751357 0.000547313655
v -0.0024848138 -0.000380043261 0.000347191875
v -0.00242676889 -0.000413546339 0.000118942626
v -0.00242676889 -0.000413546339 -0.000118942626
v -0.0024848138 -0.000380043261 -0.000347191875
v -0.00259620161 -0.000315751357 -0.000547313655
v -0.00275190757 -0.00022587915 -0.000703095342
v -0.00293931831 -0.000117707561 -0.000801916467
v -0.00291579473 -6.08881164e-05 0.000801916467
v -0.00270676659 -0.000116843454 0.000703095342
v -0.00253309961 -0.000163332821 0.000547313655
v -0.00240886351 -0.000196589914 0.000347191875
v -0.00234412309 -0.000213920503 0.000118942626
v -0.00234412309 -0.000213920503 -0.000118942626
v -0.00240886351 -0.000196589914 -0.000347191875
v -0.00253309961 -0.000163332821 -0.000547313655
v -0.00270676659 -0.000116843454 -0.000703095342
v -0.00291579473 -6.08881164e-05 -0.000801916467
v -0.00290778605 3.04286065e-17 0.000801916467
v -0.00269139814 2.81355625e-17 0.000703095342
v -0.00251161633 2.62304316e-17 0.000547313655
v -0.00238300604 2.48675589e-17 0.000347191875
v -0.00231598597 2.41573532e-17 0.000118942626
v -0.00231598597 2.41573532e-17 -0.000118942626
v -0.00238300604 2.48675589e-17 -0.000347191875
v -0.00251161633 2.62304316e-17 -0.000547313655
v -0.00269139814 2.81355625e-17 -0.000703095342
v -0.00290778605 3.04286065e-17 -0.000801916467
v -0.00291579473 6.08881164e-05 0.000801916467
v -0.00270676659 0.000116843454 0.000703095342
v -0.00253309961 0.000163332821 0.000547313655
v -0.00240886351 0.000196589914 0.000347191875
v -0.00234412309 0.000213920503 0.000118942626
v -0.00234412309 0.000213920503 -0.000118942626
v -0.00240886351 0.000196589914 -0.000347191875
v -0.00253309961 0.000163332821 -0.000547313655
v -0.00270676659 0.000116843454 -0.000703095342
v -0.00291579473 6.08881164e-05 -0.000801916467
v -0.00293931831 0.000117707561 0.000801916467
v -0.00275190757 0.00022587915 0.000703095342
v -0.00259620161 0.000315751357 0.000547313655
v -0.0024848138 0.000380043261 0.000347191875
v -0.00242676889 0.000413546339 0.000118942626
v -0.00242676889 0.000413546339 -0.000118942626
v -0.0024848138 0.000380043261 -0.000347191875
v -0.00259620161 0.000315751357 -0.000547313655
v -0.00275190757 0.00022587915 -0.000703095342
v -0.00293931831 0.000117707561 -0.000801916467
v -0.00297675189 0.000166498139 0.000801916467
v -0.00282374234 0.000319507584 0.000703095342
v -0.00269661751 0.000446632417 0.000547313655
v -0.00260567642 0.000537573767 0.000347191875
v -0.00255828607 0.000584964058 0.000118942626
v -0.00255828607 0.000584964058 -0.000118942626
v -0.00260567642 0.000537573767 -0.000347191875
v -0.00269661751 0.000446632417 -0.000547313655
v -0.00282374234 0.000319507584 -0.000703095342
v -0.00297675189 0.000166498139 -0.000801916467
v -0.00302554248 0.000203931821 0.000801916467
v -0.00291737076 0.000391342299 0.000703095342
v -0.0028274986 0.000547048578 0.000547313655
v -0.00276320684 0.000658436213 0.000347191875
v -0.00272970367 0.000716481241 0.000118942626
v -0.00272970367 0.000716481241 -0.000118942626
v -0.00276320684 0.000658436213 -0.000347191875
v -0.0028274986 0.000547048578 -0.000547313655
v -0.00291737076 0.000391342299 -0.000703095342
v -0.00302554248 0.000203931821 -0.000801916467
v -0.003082362 0.000227455253 0.000801916467
v -0.00302640651 0.000436483475 0.000703095342
v -0.00297991722 0.000610150339 0.000547313655
v -0.00294666016 0.0007343865 0.000347191875
v -0.00292932964 0.000799126981 0.000118942626
v -0.00292932964 0.000799126981 -0.000118942626
v -0.00294666016 0.0007343865 -0.000347191875
v -0.00297991722 0.000610150339 -0.000547313655
v -0.00302640651 0.000436483475 -0.000703095342
v -0.003082362 0.000227455253 -0.000801916467
v -0.00242650299 0.00234039431 0.000801916467
v -0.00238911156 0.00238911156 0.000801916467
v -0.00261387462 0.00244863308 0.000703095342
v -0.0025421211 0.0025421211 0.000703095342
v -0.00276954845 0.00253856112 0.000547313655
v -0.00266924594 0.00266924594 0.000547313655
v -0.00288091321 0.00260289316 0.000347191875
v -0.00276018702 0.00276018702 0.000347191875
v -0.00293894624 0.00263641705 0.000118942626
v -0.00280757737 0.00280757737 0.000118942626
v -0.00293894624 0.00263641705 -0.000118942626
v -0.00280757737 0.00280757737 -0.000118942626
v -0.00288091321 0.00260289316 -0.000347191875
v -0.00276018702 0.00276018702 -0.000347191875
v -0.00276954845 0.00253856112 -0.000547313655
v -0.00266924594 0.00266924594 -0.000547313655
v -0.00261387462 0.00244863308 -0.000703095342
v -0.0025421211 0.0025421211 -0.000703095342
v -0.00242650299 0.00234039431 -0.000801916467
v -0.00238911156 0.00238911156 -0.000801916467
v -0.00245004683 0.00228358316 0.000801916467
v -0.00265905494 0.00233961362 0.000703095342
v -0.00283270516 0.00238616532 0.000547313655
v -0.00295692938 0.00241946708 0.000347191875
v -0.00302166375 0.00243682065 0.000118942626
v -0.00302166375 0.00243682065 -0.000118942626
v -0.00295692938 0.00241946708 -0.000347191875
v -0.00283270516 0.00238616532 -0.000547313655
v -0.00265905494 0.00233961362 -0.000703095342
v -0.00245004683 0.00228358316 -0.000801916467
v -0.00245807739 0.00222261343 0.000801916467
v -0.0026744653 0.00222261343 0.000703095342
v -0.00285424711 0.00222261343 0.000547313655
v -0.0029828574 0.00222261343 0.000347191875
v -0.00304987771 0.00222261343 0.000118942626
v -0.00304987771 0.00222261343 -0.000118942626
v -0.0029828574 0.00222261343 -0.000347191875
v -0.00285424711 0.00222261343 -0.000547313655
v -0.0026744653 0.00222261343 -0.000703095342
v -0.00245807739 0.00222261343 -0.000801916467
v -0.00245004683 0.00216164347 0.000801916467
v -0.00265905494 0.00210561324 0.000703095342
v -0.00283270516 0.00205906155 0.000547313655
v -0.00295692938 0.00202575978 0.000347191875
v -0.00302166375 0.00200840621 0.000118942626
v -0.00302166375 0.00200840621 -0.000118942626
v -0.00295692938 0.00202575978 -0.000347191875
v -0.00283270516 0.00205906155 -0.000547313655
v -0.00265905494 0.00210561324 -0.000703095342
v -0.00245004683 0.00216164347 -0.000801916467
v -0.00242650299 0.00210483256 0.000801916467
v -0.00261387462 0.00199659378 0.000703095342
v -0.00276954845 0.00190666562 0.000547313655
v -0.00288091321 0.0018423337 0.000347191875
v -0.00293894624 0.00180880993 0.000118942626
v -0.00293894624 0.00180880993 -0.000118942626
v -0.00288091321 0.0018423337 -0.000347191875
v -0.00276954845 0.00190666562 -0.000547313655
v -0.00261387462 0.00199659378 -0.000703095342
v -0.00242650299 0.00210483256 -0.000801916467
v -0.00238911156 0.00205611531 0.000801916467
v -0.0025421211 0.00190310576 0.000703095342
v -0.00266924594 0.00177598093 0.000547313655
v -0.00276018702 0.00168503972 0.000347191875
v -0.00280757737 0.00163764937 0.000118942626
v -0.00280757737 0.00163764937 -0.000118942626
v -0.00276018702 0.00168503972 -0.000347191875
v -0.00266924594 0.00177598093 -0.000547313655
v -0.0025421211 0.00190310576 -0.000703095342
v -0.00238911156 0.00205611531 -0.000801916467
v -0.00222261343 0.00222261343 0.00083577109
v -0.00222261343 0.00222261343 -0.00083577109
v -0.00210483256 0.00242650299 0.000801916467
v -0.00205611531 0.00238911156 0.000801916467
v -0.00199659378 0.00261387462 0.000703095342
v -0.00190310576 0.0025421211 0.000703095342
v -0.00190666562 0.00276954845 0.000547313655
v -0.00177598093 0.00266924594 0.000547313655
v -0.0018423337 0.00288091321 0.000347191875
v -0.00168503972 0.00276018702 0.000347191875
v -0.00180880993 0.00293894624 0.000118942626
v -0.00163764937 0.00280757737 0.000118942626
v -0.00180880993 0.00293894624 -0.000118942626
v -0.00163764937 0.00280757737 -0.000118942626
v -0.0018423337 0.00288091321 -0.000347191875
v -0.00168503972 0.00276018702 -0.000347191875
v -0.00190666562 0.00276954845 -0.000547313655
v -0.00177598093 0.00266924594 -0.000547313655
v -0.00199659378 0.00261387462 -0.000703095342
v -0.00190310576 0.0025421211 -0.000703095342
v -0.00210483256 0.00242650299 -0.000801916467
v -0.00205611531 0.00238911156 -0.000801916467
v -0.00216164347 0.00245004683 0.000801916467
v -0.00210561324 0.00265905494 0.000703095342
v -0.00205906155 0.00283270516 0.000547313655
v -0.00202575978 0.00295692938 0.000347191875
v -0.00200840621 0.00302166375 0.000118942626
v -0.00200840621 0.00302166375 -0.000118942626
v -0.00202575978 0.00295692938 -0.000347191875
v -0.00205906155 0.00283270516 -0.000547313655
v -0.00210561324 0.00265905494 -0.000703095342
v -0.00216164347 0.00245004683 -0.000801916467
v -0.00222261343 0.00245807739 0.000801916467
v -0.00222261343 0.0026744653 0.000703095342
v -0.00222261343 0.00285424711 0.000547313655
v -0.00222261343 0.0029828574 0.000347191875
v -0.00222261343 0.00304987771 0.000118942626
v -0.00222261343 0.00304987771 -0.000118942626
v -0.00222261343 0.0029828574 -0.000347191875
v -0.00222261343 0.00285424711 -0.000547313655
v -0.00222261343 0.0026744653 -0.000703095342
v -0.00222261343 0.00245807739 -0.000801916467
v -0.00228358316 0.00245004683 0.000801916467
v -0.00233961362 0.00265905494 0.000703095342
v -0.00238616532 0.00283270516 0.000547313655
v -0.00241946708 0.00295692938 0.000347191875
v -0.00243682065 0.00302166375 0.000118942626
v -0.00243682065 0.00302166375 -0.000118942626
v -0.00241946708 0.00295692938 -0.000347191875
v -0.00238616532 0.00283270516 -0.000547313655
v -0.00233961362 0.00265905494 -0.000703095342
v -0.00228358316 0.00245004683 -0.000801916467
v -0.00234039431 0.00242650299 0.000801916467
v -0.00244863308 0.00261387462 0.000703095342
v -0.00253856112 0.00276954845 0.000547313655
v -0.00260289316 0.00288091321 0.000347191875
v -0.00263641705 0.00293894624 0.000118942626
v -0.00263641705 0.00293894624 -0.000118942626
v -0.00260289316 0.00288091321 -0.000347191875
v -0.00253856112 0.00276954845 -0.000547313655
v -0.00244863308 0.00261387462 -0.000703095342
v -0.00234039431 0.00242650299 -0.000801916467
v -0.00234039431 0.00201872387 0.000801916467
v -0.00244863308 0.00183135225 0.000703095342
v -0.00253856112 0.0016756783 0.000547313655
v -0.00260289316 0.00156431366 0.000347191875
v -0.00263641705 0.00150628062 0.000118942626
v -0.00263641705 0.00150628062 -0.000118942626
v -0.00260289316 0.00156431366 -0.000347191875
v -0.00253856112 0.0016756783 -0.000547313655
v -0.00244863308 0.00183135225 -0.000703095342
v -0.00234039431 0.00201872387 -0.000801916467
v -0.00228358316 0.00199518004 0.000801916467
v -0.00233961362 0.00178617192 0.000703095342
v -0.00238616532 0.00161252171 0.000547313655
v -0.00241946708 0.00148829748 0.000347191875
v -0.00243682065 0.00142356323 0.000118942626
v -0.00243682065 0.00142356323 -0.000118942626
v -0.00241946708 0.00148829748 -0.000347191875
v -0.00238616532 0.00161252171 -0.000547313655
v -0.00233961362 0.00178617192 -0.000703095342
v -0.00228358316 0.00199518004 -0.000801916467
v -0.00222261343 0.00198714947 0.000801916467
v -0.00222261343 0.00177076156 0.000703095342
v -0.00222261343 0.00159097987 0.000547313655
v -0.00222261343 0.00146236923 0.000347191875
v -0.00222261343 0.00139534927 0.000118942626
v -0.00222261343 0.00139534927 -0.000118942626
v -0.00222261343 0.00146236923 -0.000347191875
v -0.00222261343 0.00159097987 -0.000547313655
v -0.00222261343 0.00177076156 -0.000703095342
v -0.00222261343 0.00198714947 -0.000801916467
v -0.00216164347 0.00199518004 0.000801916467
v -0.00210561324 0.00178617192 0.000703095342
v -0.00205906155 0.00161252171 0.000547313655
v -0.00202575978 0.00148829748 0.000347191875
v -0.00200840621 0.00142356323 0.000118942626
v -0.00200840621 0.00142356323 -0.000118942626
v -0.00202575978 0.00148829748 -0.000347191875
v -0.00205906155 0.00161252171 -0.000547313655
v -0.00210561324 0.00178617192 -0.000703095342
v -0.00216164347 0.00199518004 -0.000801916467
v -0.00210483256 0.00201872387 0.000801916467
v -0.00199659378 0.00183135225 0.000703095342
v -0.00190666562 0.0016756783 0.000547313655
v -0.0018423337 0.00156431366 0.000347191875
v -0.00180880993 0.00150628062 0.000118942626
v -0.00180880993 0.00150628062 -0.000118942626
v -0.0018423337 0.00156431366 -0.000347191875
v -0.00190666562 0.0016756783 -0.000547313655
v -0.00199659378 0.00183135225 -0.000703095342
v -0.00210483256 0.00201872387 -0.000801916467
v -0.00205611531 0.00205611531 0.000801916467
v -0.00190310576 0.00190310576 0.000703095342
v -0.00177598093 0.00177598093 0.000547313655
v -0.00168503972 0.00168503972 0.000347191875
v -0.00163764937 0.00163764937 0.000118942626
v -0.00163764937 0.00163764937 -0.000118942626
v -0.00168503972 0.00168503972 -0.000347191875
v -0.00177598093 0.00177598093 -0.000547313655
v -0.00190310576 0.00190310576 -0.000703095342
v -0.00205611531 0.00205611531 -0.000801916467
v -0.00201872387 0.00210483256 0.000801916467
v -0.00183135225 0.00199659378 0.000703095342
v -0.0016756783 0.00190666562 0.000547313655
v -0.00156431366 0.0018423337 0.000347191875
v -0.00150628062 0.00180880993 0.000118942626
v -0.00150628062 0.00180880993 -0.000118942626
v -0.00156431366 0.0018423337 -0.000347191875
v -0.0016756783 0.00190666562 -0.000547313655
v -0.00183135225 0.00199659378 -0.000703095342
v -0.00201872387 0.00210483256 -0.000801916467
v -0.00199518004 0.00216164347 0.000801916467
v -0.00178617192 0.00210561324 0.000703095342
v -0.00161252171 0.00205906155 0.000547313655
v -0.00148829748 0.00202575978 0.000347191875
v -0.00142356323 0.00200840621 0.000118942626
v -0.00142356323 0.00200840621 -0.000118942626
v -0.00148829748 0.00202575978 -0.000347191875
v -0.00161252171 0.00205906155 -0.000547313655
v -0.00178617192 0.00210561324 -0.000703095342
v -0.00199518004 0.00216164347 -0.000801916467
v -0.00198714947 0.00222261343 0.000801916467
v -0.00177076156 0.00222261343 0.000703095342
v -0.00159097987 0.00222261343 0.000547313655
v -0.00146236923 0.00222261343 0.000347191875
v -0.00139534927 0.00222261343 0.000118942626
v -0.00139534927 0.00222261343 -0.000118942626
v -0.00146236923 0.00222261343 -0.000347191875
v -0.00159097987 0.00222261343 -0.000547313655
v -0.00177076156 0.00222261343 -0.000703095342
v -0.00198714947 0.00222261343 -0.000801916467
v -0.00199518004 0.00228358316 0.000801916467
v -0.00178617192 0.00233961362 0.000703095342
v -0.00161252171 0.00238616532 0.000547313655
v -0.00148829748 0.00241946708 0.000347191875
v -0.00142356323 0.00243682065 0.000118942626
v -0.00142356323 0.00243682065 -0.000118942626
v -0.00148829748 0.00241946708 -0.000347191875
v -0.00161252171 0.00238616532 -0.000547313655
v -0.00178617192 0.00233961362 -0.000703095342
v -0.00199518004 0.00228358316 -0.000801916467
v -0.00201872387 0.00234039431 0.000801916467
v -0.00183135225 0.00244863308 0.000703095342
v -0.0016756783 0.00253856112 0.000547313655
v -0.00156431366 0.00260289316 0.000347191875
v -0.00150628062 0.00263641705 0.000118942626
v -0.00150628062 0.00263641705 -0.000118942626
v -0.00156431366 0.00260289316 -0.000347191875
v -0.0016756783 0.00253856112 -0.000547313655
v -0.00183135225 0.00244863308 -0.000703095342
v -0.00201872387 0.00234039431 -0.000801916467
g spheres
f 1 2 3
f 3 2 4
f 3 4 5
f 5 4 6
f 5 6 7
f 7 6 8
f 7 8 9
f 9 8 10
f 9 10 11
f 11 10 12
f 11 12 13
f 13 12 14
f 13 14 15
f 15 14 16
f 15 16 17
f 17 16 18
f 17 18 19
f 19 18 20
f 21 1 22
f 22 1 3
f 22 3 23
f 23 3 5
f 23 5 24
f 24 5 7
f 24 7 25
f 25 7 9
f 25 9 26
f 26 9 11
f 26 11 27
f 27 11 13
f 27 13 28
f 28 13 15
f 28 15 29
f 29 15 17
f 29 17 30
f 30 17 19
f 31 21 32
f 32 21 22
f 32 22 33
f 33 22 23
f 33 23 34
f 34 23 24
f 34 24 35
f 35 24 25
f 35 25 36
f 36 25 26
f 36 26 37
f 37 26 27
f 37 27 38
f 38 27 28
f 38 28 39
f 39 28 29
f 39 29 40
f 40 29 30
f 41 31 42
f 42 31 32
f 42 32 43
f 43 32 33
f 43 33 44
f 44 33 34
f 44 34 45
f 45 34 35
f 45 35 46
f 46 35 36
f 46 36 47
f 47 36 37
f 47 37 48
f 48 37 38
f 48 38 49
f 49 38 39
f 49 39 50
f 50 39 40
f 51 41 52
f 52 41 42
f 52 42 53
f 53 42 43
f 53 43 54
f 54 43 44
f 54 44 55
f 55 44 45
f 55 45 56
f 56 45 46
f 56 46 57
f 57 46 47
f 57 47 58
f 58 47 48
f 58 48 59
f 59 48 49
f 59 49 60
f 60 49 50
f 61 51 62
f 62 51 52
f 62 52 63
f 63 52 53
f 63 53 64
f 64 53 54
f 64 54 65
f 65 54 55
f 65 55 66
f 66 55 56
f 66 56 67
f 67 56 57
f 67 57 68
f 68 57 58
f 68 58 69
f 69 58 59
f 69 59 70
f 70 59 60
f 71 2 1
f 71 1 21
f 71 21 31
f 71 31 41
f 71 41 51
f 71 51 61
f 72 70 60
f 72 60 50
f 72 50 40
f 72 40 30
f 72 30 19
f 72 19 20
f 73 74 75
f 75 74 76
f 75 76 77
f 77 76 78
f 77 78 79
f 79 78 80
f 79 80 81
f 81 80 82
f 81 82 83
f 83 82 84
f 83 84 85
f 85 84 86
f 85 86 87
f 87 86 88
f 87 88 89
f 89 88 90
f 89 90 91
f 91 90 92
f 93 73 94
f 94 73 75
f 94 75 95
f 95 75 77
f 95 77 96
f 96 77 79
f 96 79 97
f 97 79 81
f 97 81 98
f 98 81 83
f 98 83 99
f 99 83 85
f 99 85 100
f 100 85 87
f 100 87 101
f 101 87 89
f 101 89 102
f 102 89 91
f 103 93 104
f 104 93 94
f 104 94 105
f 105 94 95
f 105 95 106
f 106 95 96
f 106 96 107
f 107 96 97
f 107 97 108
f 108 97 98
f 108 98 109
f 109 98 99
f 109 99 110
f 110 99 100
f 110 100 111
f 111 100 101
f 111 101 112
f 112 101 102
f 113 103 114
f 114 103 104
f 114 104 115
f 115 104 105
f 115 105 116
f 116 105 106
f 116 106 117
f 117 106 107
f 117 107 118
f 118 107 108
f 118 108 119
f 119 108 109
f 119 109 120
f 120 109 110
f 120 110 121
f 121 110 111
f 121 111 122
f 122 111 112
f 123 113 124
f 124 113 114
f 124 114 125
f 125 114 115
f 125 115 126
f 126 115 116
f 126 116 127
f 127 116 117
f 127 117 128
f 128 117 118
f 128 118 129
f 129 118 119
f 129 119 130
f 130 119 120
f 130 120 131
f 131 120 121
f 131 121 132
f 132 121 122
f 2 123 4
f 4 123 124
f 4 124 6
f 6 124 125
f 6 125 8
f 8 125 126
f 8 126 10
f 10 126 127
f 10 127 12
f 12 127 128
f 12 128 14
f 14 128 129
f 14 129 16
f 16 129 130
f 16 130 18
f 18 130 131
f 18 131 20
f 20 131 132
f 71 74 73
f 71 73 93
f 71 93 103
f 71 103 113
f 71 113 123
f 71 123 2
f 72 20 132
f 72 132 122
f 72 122 112
f 72 112 102
f 72 102 91
f 72 91 92
f 133 61 134
f 134 61 62
f 134 62 135
f 135 62 63
f 135 63 136
f 136 63 64
f 136 64 137
f 137 64 65
f 137 65 138
f 138 65 66
f 138 66 139
f 139 66 67
f 139 67 140
f 140 67 68
f 140 68 141
f 141 68 69
f 141 69 142
f 142 69 70
f 143 133 144
f 144 133 134
f 144 134 145
f 145 134 135
f 145 135 146
f 146 135 136
f 146 136 147
f 147 136 137
f 147 137 148
f 148 137 138
f 148 138 149
f 149 138 139
f 149 139 150
f 150 139 140
f 150 140 151
f 151 140 141
f 151 141 152
f 152 141 142
f 153 143 154
f 154 143 144
f 154 144 155
f 155 144 145
f 155 145 156
f 156 145 146
f 156 146 157
f 157 146 147
f 157 147 158
f 158 147 148
f 158 148 159
f 159 148 149
f 159 149 160
f 160 149 150
f 160 150 161
f 161 150 151
f 161 151 162
f 162 151 152
f 163 153 164
f 164 153 154
f 164 154 165
f 165 154 155
f 165 155 166
f 166 155 156
f 166 156 167
f 167 156 157
f 167 157 168
f 168 157 158
f 168 158 169
f 169 158 159
f 169 159 170
f 170 159 160
f 170 160 171
f 171 160 161
f 171 161 172
f 172 161 162
f 173 163 174
f 174 163 164
f 174 164 175
f 175 164 165
f 175 165 176
f 176 165 166
f 176 166 177
f 177 166 167
f 177 167 178
f 178 167 168
f 178 168 179
f 179 168 169
f 179 169 180
f 180 169 170
f 180 170 181
f 181 170 171
f 181 171 182
f 182 171 172
f 183 173 184
f 184 173 174
f 184 174 185
f 185 174 175
f 185 175 186
f 186 175 176
f 186 176 187
f 187 176 177
f 187 177 188
f 188 177 178
f 188 178 189
f 189 178 179
f 189 179 190
f 190 179 180
f 190 180 191
f 191 180 181
f 191 181 192
f 192 181 182
f 71 61 133
f 71 133 143
f 71 143 153
f 71 153 163
f 71 163 173
f 71 173 183
f 72 192 182
f 72 182 172
f 72 172 162
f 72 162 152
f 72 152 142
f 72 142 70
f 193 183 194
f 194 183 184
f 194 184 195
f 195 184 185
f 195 185 196
f 196 185 186
f 196 186 197
f 197 186 187
f 197 187 198
f 198 187 188
f 198 188 199
f 199 188 189
f 199 189 200
f 200 189 190
f 200 190 201
f 201 190 191
f 201 191 202
f 202 191 192
f 203 193 204
f 204 193 194
f 204 194 205
f 205 194 195
f 205 195 206
f 206 195 196
f 206 196 207
f 207 196 197
f 207 197 208
f 208 197 198
f 208 198 209
f 209 198 199
f 209 199 210
f 210 199 200
f 210 200 211
f 211 200 201
f 211 201 212
f 212 201 202
f 213 203 214
f 214 203 204
f 214 204 215
f 215 204 205
f 215 205 216
f 216 205 206
f 216 206 217
f 217 206 207
f 217 207 218
f 218 207 208
f 218 208 219
f 219 208 209
f 219 209 220
f 220 209 210
f 220 210 221
f 221 210 211
f 221 211 222
f 222 211 212
f 223 213 224
f 224 213 214
f 224 214 225
f 225 214 215
f 225 215 226
f 226 215 216
f 226 216 227
f 227 216 217
f 227 217 228
f 228 217 218
f 228 218 229
f 229 218 219
f 229 219 230
f 230 219 220
f 230 220 231
f 231 220 221
f 231 221 232
f 232 221 222
f 233 223 234
f 234 223 224
f 234 224 235
f 235 224 225
f 235 225 236
f 236 225 226
f 236 226 237
f 237 226 227
f 237 227 238
f 238 227 228
f 238 228 239
f 239 228 229
f 239 229 240
f 240 229 230
f 240 230 241
f 241 230 231
f 241 231 242
f 242 231 232
f 74 233 76
f 76 233 234
f 76 234 78
f 78 234 235
f 78 235 80
f 80 235 236
f 80 236 82
f 82 236 237
f 82 237 84
f 84 237 238
f 84 238 86
f 86 238 239
f 86 239 88
f 88 239 240
f 88 240 90
f 90 240 241
f 90 241 92
f 92 241 242
f 71 183 193
f 71 193 203
f 71 203 213
f 71 213 223
f 71 223 233
f 71 233 74
f 72 92 242
f 72 242 232
f 72 232 222
f 72 222 212
f 72 212 202
f 72 202 192
f 243 244 245
f 245 244 246
f 245 246 247
f 247 246 248
f 247 248 249
f 249 248 250
f 249 250 251
f 251 250 252
f 251 252 253
f 253 252 254
f 253 254 255
f 255 254 256
f 255 256 257
f 257 256 258
f 257 258 259
f 259 258 260
f 259 260 261
f 261 260 262
f 263 243 264
f 264 243 245
f 264 245 265
f 265 245 247
f 265 247 266
f 266 247 249
f 266 249 267
f 267 249 251
f 267 251 268
f 268 251 253
f 268 253 269
f 269 253 255
f 269 255 270
f 270 255 257
f 270 257 271
f 271 257 259
f 271 259 272
f 272 259 261
f 273 263 274
f 274 263 264
f 274 264 275
f 275 264 265
f 275 265 276
f 276 265 266
f 276 266 277
f 277 266 267
f 277 267 278
f 278 267 268
f 278 268 279
f 279 268 269
f 279 269 280
f 280 269 270
f 280 270 281
f 281 270 271
f 281 271 282
f 282 271 272
f 283 273 284
f 284 273 274
f 284 274 285
f 285 274 275
f 285 275 286
f 286 275 276
f 286 276 287
f 287 276 277
f 287 277 288
f 288 277 278
f 288 278 289
f 289 278 279
f 289 279 290
f 290 279 280
f 290 280 291
f 291 280 281
f 291 281 292
f 292 281 282
f 293 283 294
f 294 283 284
f 294 284 295
f 295 284 285
f 295 285 296
f 296 285 286
f 296 286 297
f 297 286 287
f 297 287 298
f 298 287 288
f 298 288 299
f 299 288 289
f 299 289 300
f 300 289 290
f 300 290 301
f 301 290 291
f 301 291 302
f 302 291 292
f 303 293 304
f 304 293 294
f 304 294 305
f 305 294 295
f 305 295 306
f 306 295 296
f 306 296 307
f 307 296 297
f 307 297 308
f 308 297 298
f 308 298 309
f 309 298 299
f 309 299 310
f 310 299 300
f 310 300 311
f 311 300 301
f 311 301 312
f 312 301 302
f 313 244 243
f 313 243 263
f 313 263 273
f 313 273 283
f 313 283 293
f 313 293 303
f 314 312 302
f 314 302 292
f 314 292 282
f 314 282 272
f 314 272 261
f 314 261 262
f 315 316 317
f 317 316 318
f 317 318 319
f 319 318 320
f 319 320 321
f 321 320 322
f 321 322 323
f 323 322 324
f 323 324 325
f 325 324 326
f 325 326 327
f 327 326 328
f 327 328 329
f 329 328 330
f 329 330 331
f 331 330 332
f 331 332 333
f 333 332 334
f 335 315 336
f 336 315 317
f 336 317 337
f 337 317 319
f 337 319 338
f 338 319 321
f 338 321 339
f 339 321 323
f 339 323 340
f 340 323 325
f 340 325 341
f 341 325 327
f 341 327 342
f 342 327 329
f 342 329 343
f 343 329 331
f 343 331 344
f 344 331 333
f 345 335 346
f 346 335 336
f 346 336 347
f 347 336 337
f 347 337 348
f 348 337 338
f 348 338 349
f 349 338 339
f 349 339 350
f 350 339 340
f 350 340 351
f 351 340 341
f 351 341 352
f 352 341 342
f 352 342 353
f 353 342 343
f 353 343 354
f 354 343 344
f 355 345 356
f 356 345 346
f 356 346 357
f 357 346 347
f 357 347 358
f 358 347 348
f 358 348 359
f 359 348 349
f 359 349 360
f 360 349 350
f 360 350 361
f 361 350 351
f 361 351 362
f 362 351 352
f 362 352 363
f 363 352 353
f 363 353 364
f 364 353 354
f 365 355 366
f 366 355 356
f 366 356 367
f 367 356 357
f 367 357 368
f 368 357 358
f 368 358 369
f 369 358 359
f 369 359 370
f 370 359 360
f 370 360 371
f 371 360 361
f 371 361 372
f 372 361 362
f 372 362 373
f 373 362 363
f 373 363 374
f 374 363 364
f 244 365 246
f 246 365 366
f 246 366 248
f 248 366 367
f 248 367 250
f 250 367 368
f 250 368 252
f 252 368 369
f 252 369 254
f 254 369 370
f 254 370 256
f 256 370 371
f 256 371 258
f 258 371 372
f 258 372 260
f 260 372 373
f 260 373 262
f 262 373 374
f 313 316 315
f 313 315 335
f 313 335 345
f 313 345 355
f 313 355 365
f 313 365 244
f 314 262 374
f 314 374 364
f 314 364 354
f 314 354 344
f 314 344 333
f 314 333 334
f 375 303 376
f 376 303 304
f 376 304 377
f 377 304 305
f 377 305 378
f 378 305 306
f 378 306 379
f 379 306 307
f 379 307 380
f 380 307 308
f 380 308 381
f 381 308 309
f 381 309 382
f 382 309 310
f 382 310 383
f 383 310 311
f 383 311 384
f 384 311 312
f 385 375 386
f 386 375 376
f 386 376 387
f 387 376 377
f 387 377 388
f 388 377 378
f 388 378 389
f 389 378 379
f 389 379 390
f 390 379 380
f 390 380 391
f 391 380 381
f 391 381 392
f 392 381 382
f 392 382 393
f 393 382 383
f 393 383 394
f 394 383 384
f 395 385 396
f 396 385 386
f 396 386 397
f 397 386 387
f 397 387 398
f 398 387 388
f 398 388 399
f 399 388 389
f 399 389 400
f 400 389 390
f 400 390 401
f 401 390 391
f 401 391 402
f 402 391 392
f 402 392 403
f 403 392 393
f 403 393 404
f 404 393 394
f 405 395 406
f 406 395 396
f 406 396 407
f 407 396 397
f 407 397 408
f 408 397 398
f 408 398 409
f 409 398 399
f 409 399 410
f 410 399 400
f 410 400 411
f 411 400 401
f 411 401 412
f 412 401 402
f 412 402 413
f 413 402 403
f 413 403 414
f 414 403 404
f 415 405 416
f 416 405 406
f 416 406 417
f 417 406 407
f 417 407 418
f 418 407 408
f 418 408 419
f 419 408 409
f 419 409 420
f 420 409 410
f 420 410 421
f 421 410 411
f 421 411 422
f 422 411 412
f 422 412 423
f 423 412 413
f 423 413 424
f 424 413 414
f 425 415 426
f 426 415 416
f 426 416 427
f 427 416 417
f 427 417 428
f 428 417 418
f 428 418 429
f 429 418 419
f 429 419 430
f 430 419 420
f 430 420 431
f 431 420 421
f 431 421 432
f 432 421 422
f 432 422 433
f 433 422 423
f 433 423 434
f 434 423 424
f 313 303 375
f 313 375 385
f 313 385 395
f 313 395 405
f 313 405 415
f 313 415 425
f 314 434 424
f 314 424 414
f 314 414 404
f 314 404 394
f 314 394 384
f 314 384 312
f 435 425 436
f 436 425 426
f 436 426 437
f 437 426 427
f 437 427 438
f 438 427 428
f 438 428 439
f 439 428 429
f 439 429 440
f 440 429 430
f 440 430 441
f 441 430 431
f 441 431 442
f 442 431 432
f 442 432 443
f 443 432 433
f 443 433 444
f 444 433 434
f 445 435 446
f 446 435 436
f 446 436 447
f 447 436 437
f 447 437 448
f 448 437 438
f 448 438 449
f 449 438 439
f 449 439 450
f 450 439 440
f 450 440 451
f 451 440 441
f 451 441 452
f 452 441 442
f 452 442 453
f 453 442 443
f 453 443 454
f 454 443 444
f 455 445 456
f 456 445 446
f 456 446 457
f 457 446 447
f 457 447 458
f 458 447 448
f 458 448 459
f 459 448 449
f 459 449 460
f 460 449 450
f 460 450 461
f 461 450 451
f 461 451 462
f 462 451 452
f 462 452 463
f 463 452 453
f 463 453 464
f 464 453 454
f 465 455 466
f 466 455 456
f 466 456 467
f 467 456 457
f 467 457 468
f 468 457 458
f 468 458 469
f 469 458 459
f 469 459 470
f 470 459 460
f 470 460 471
f 471 460 461
f 471 461 472
f 472 461 462
f 472 462 473
f 473 462 463
f 473 463 474
f 474 463 464
f 475 465 476
f 476 465 466
f 476 466 477
f 477 466 467
f 477 467 478
f 478 467 468
f 478 468 479
f 479 468 469
f 479 469 480
f 480 469 470
f 480 470 481
f 481 470 471
f 481 471 482
f 482 471 472
f 482 472 483
f 483 472 473
f 483 473 484
f 484 473 474
f 316 475 318
f 318 475 476
f 318 476 320
f 320 476 477
f 320 477 322
f 322 477 478
f 322 478 324
f 324 478 479
f 324 479 326
f 326 479 480
f 326 480 328
f 328 480 481
f 328 481 330
f 330 481 482
f 330 482 332
f 332 482 483
f 332 483 334
f 334 483 484
f 313 425 435
f 313 435 445
f 313 445 455
f 313 455 465
f 313 465 475
f 313 475 316
f 314 334 484
f 314 484 474
f 314 474 464
f 314 464 454
f 314 454 444
f 314 444 434
f 485 486 487
f 487 486 488
f 487 488 489
f 489 488 490
f 489 490 491
f 491 490 492
f 491 492 493
f 493 492 494
f 493 494 495
f 495 494 496
f 495 496 497
f 497 496 498
f 497 498 499
f 499 498 500
f 499 500 501
f 501 500 502
f 501 502 503
f 503 502 504
f 505 485 506
f 506 485 487
f 506 487 507
f 507 487 489
f 507 489 508
f 508 489 491
f 508 491 509
f 509 491 493
f 509 493 510
f 510 493 495
f 510 495 511
f 511 495 497
f 511 497 512
f 512 497 499
f 512 499 513
f 513 499 501
f 513 501 514
f 514 501 503
f 515 505 516
f 516 505 506
f 516 506 517
f 517 506 507
f 517 507 518
f 518 507 508
f 518 508 519
f 519 508 509
f 519 509 520
f 520 509 510
f 520 510 521
f 521 510 511
f 521 511 522
f 522 511 512
f 522 512 523
f 523 512 513
f 523 513 524
f 524 513 514
f 525 515 526
f 526 515 516
f 526 516 527
f 527 516 517
f 527 517 528
f 528 517 518
f 528 518 529
f 529 518 519
f 529 519 530
f 530 519 520
f 530 520 531
f 531 520 521
f 531 521 532
f 532 521 522
f 532 522 533
f 533 522 523
f 533 523 534
f 534 523 524
f 535 525 536
f 536 525 526
f 536 526 537
f 537 526 527
f 537 527 538
f 538 527 528
f 538 528 539
f 539 528 529
f 539 529 540
f 540 529 530
f 540 530 541
f 541 530 531
f 541 531 542
f 542 531 532
f 542 532 543
f 543 532 533
f 543 533 544
f 544 533 534
f 545 535 546
f 546 535 536
f 546 536 547
f 547 536 537
f 547 537 548
f 548 537 538
f 548 538 549
f 549 538 539
f 549 539 550
f 550 539 540
f 550 540 551
f 551 540 541
f 551 541 552
f 552 541 542
f 552 542 553
f 553 542 543
f 553 543 554
f 554 543 544
f 555 486 485
f 555 485 505
f 555 505 515
f 555 515 525
f 555 525 535
f 555 535 545
f 556 554 544
f 556 544 534
f 556 534 524
f 556 524 514
f 556 514 503
f 556 503 504
f 557 558 559
f 559 558 560
f 559 560 561
f 561 560 562
f 561 562 563
f 563 562 564
f 563 564 565
f 565 564 566
f 565 566 567
f 567 566 568
f 567 568 569
f 569 568 570
f 569 570 571
f 571 570 572
f 571 572 573
f 573 572 574
f 573 574 575
f 575 574 576
f 577 557 578
f 578 557 559
f 578 559 579
f 579 559 561
f 579 561 580
f 580 561 563
f 580 563 581
f 581 563 565
f 581 565 582
f 582 565 567
f 582 567 583
f 583 567 569
f 583 569 584
f 584 569 571
f 584 571 585
f 585 571 573
f 585 573 586
f 586 573 575
f 587 577 588
f 588 577 578
f 588 578 589
f 589 578 579
f 589 579 590
f 590 579 580
f 590 580 591
f 591 580 581
f 591 581 592
f 592 581 582
f 592 582 593
f 593 582 583
f 593 583 594
f 594 583 584
f 594 584 595
f 595 584 585
f 595 585 596
f 596 585 586
f 597 587 598
f 598 587 588
f 598 588 599
f 599 588 589
f 599 589 600
f 600 589 590
f 600 590 601
f 601 590 591
f 601 591 602
f 602 591 592
f 602 592 603
f 603 592 593
f 603 593 604
f 604 593 594
f 604 594 605
f 605 594 595
f 605 595 606
f 606 595 596
f 607 597 608
f 608 597 598
f 608 598 609
f 609 598 599
f 609 599 610
f 610 599 600
f 610 600 611
f 611 600 601
f 611 601 612
f 612 601 602
f 612 602 613
f 613 602 603
f 613 603 614
f 614 603 604
f 614 604 615
f 615 604 605
f 615 605 616
f 616 605 606
f 486 607 488
f 488 607 608
f 488 608 490
f 490 608 609
f 490 609 492
f 492 609 610
f 492 610 494
f 494 610 611
f 494 611 496
f 496 611 612
f 496 612 498
f 498 612 613
f 498 613 500
f 500 613 614
f 500 614 502
f 502 614 615
f 502 615 504
f 504 615 616
f 555 558 557
f 555 557 577
f 555 577 587
f 555 587 597
f 555 597 607
f 555 607 486
f 556 504 616
f 556 616 606
f 556 606 596
f 556 596 586
f 556 586 575
f 556 575 576
f 617 545 618
f 618 545 546
f 618 546 619
f 619 546 547
f 619 547 620
f 620 547 548
f 620 548 621
f 621 548 549
f 621 549 622
f 622 549 550
f 622 550 623
f 623 550 551
f 623 551 624
f 624 551 552
f 624 552 625
f 625 552 553
f 625 553 626
f 626 553 554
f 627 617 628
f 628 617 618
f 628 618 629
f 629 618 619
f 629 619 630
f 630 619 620
f 630 620 631
f 631 620 621
f 631 621 632
f 632 621 622
f 632 622 633
f 633 622 623
f 633 623 634
f 634 623 624
f 634 624 635
f 635 624 625
f 635 625 636
f 636 625 626
f 637 627 638
f 638 627 628
f 638 628 639
f 639 628 629
f 639 629 640
f 640 629 630
f 640 630 641
f 641 630 631
f 641 631 642
f 642 631 632
f 642 632 643
f 643 632 633
f 643 633 644
f 644 633 634
f 644 634 645
f 645 634 635
f 645 635 646
f 646 635 636
f 647 637 648
f 648 637 638
f 648 638 649
f 649 638 639
f 649 639 650
f 650 639 640
f 650 640 651
f 651 640 641
f 651 641 652
f 652 641 642
f 652 642 653
f 653 642 643
f 653 643 654
f 654 643 644
f 654 644 655
f 655 644 645
f 655 645 656
f 656 645 646
f 657 647 658
f 658 647 648
f 658 648 659
f 659 648 649
f 659 649 660
f 660 649 650
f 660 650 661
f 661 650 651
f 661 651 662
f 662 651 652
f 662 652 663
f 663 652 653
f 663 653 664
f 664 653 654
f 664 654 665
f 665 654 655
f 665 655 666
f 666 655 656
f 667 657 668
f 668 657 658
f 668 658 669
f 669 658 659
f 669 659 670
f 670 659 660
f 670 660 671
f 671 660 661
f 671 661 672
f 672 661 662
f 672 662 673
f 673 662 663
f 673 663 674
f 674 663 664
f 674 664 675
f 675 664 665
f 675 665 676
f 676 665 666
f 555 545 617
f 555 617 627
f 555 627 637
f 555 637 647
f 555 647 657
f 555 657 667
f 556 676 666
f 556 666 656
f 556 656 646
f 556 646 636
f 556 636 626
f 556 626 554
f 677 667 678
f 678 667 668
f 678 668 679
f 679 668 669
f 679 669 680
f 680 669 670
f 680 670 681
f 681 670 671
f 681 671 682
f 682 671 672
f 682 672 683
f 683 672 673
f 683 673 684
f 684 673 674
f 684 674 685
f 685 674 675
f 685 675 686
f 686 675 676
f 687 677 688
f 688 677 678
f 688 678 689
f 689 678 679
f 689 679 690
f 690 679 680
f 690 680 691
f 691 680 681
f 691 681 692
f 692 681 682
f 692 682 693
f 693 682 683
f 693 683 694
f 694 683 684
f 694 684 695
f 695 684 685
f 695 685 696
f 696 685 686
f 697 687 698
f 698 687 688
f 698 688 699
f 699 688 689
f 699 689 700
f 700 689 690
f 700 690 701
f 701 690 691
f 701 691 702
f 702 691 692
f 702 692 703
f 703 692 693
f 703 693 704
f 704 693 694
f 704 694 705
f 705 694 695
f 705 695 706
f 706 695 696
f 707 697 708
f 708 697 698
f 708 698 709
f 709 698 699
f 709 699 710
f 710 699 700
f 710 700 711
f 711 700 701
f 711 701 712
f 712 701 702
f 712 702 713
f 713 702 703
f 713 703 714
f 714 703 704
f 714 704 715
f 715 704 705
f 715 705 716
f 716 705 706
f 717 707 718
f 718 707 708
f 718 708 719
f 719 708 709
f 719 709 720
f 720 709 710
f 720 710 721
f 721 710 711
f 721 711 722
f 722 711 712
f 722 712 723
f 723 712 713
f 723 713 724
f 724 713 714
f 724 714 725
f 725 714 715
f 725 715 726
f 726 715 716
f 558 717 560
f 560 717 718
f 560 718 562
f 562 718 719
f 562 719 564
f 564 719 720
f 564 720 566
f 566 720 721
f 566 721 568
f 568 721 722
f 568 722 570
f 570 722 723
f 570 723 572
f 572 723 724
f 572 724 574
f 574 724 725
f 574 725 576
f 576 725 726
f 555 667 677
f 555 677 687
f 555 687 697
f 555 697 707
f 555 707 717
f 555 717 558
f 556 576 726
f 556 726 716
f 556 716 706
f 556 706 696
f 556 696 686
f 556 686 676
f 727 728 729
f 729 728 730
f 729 730 731
f 731 730 732
f 731 732 733
f 733 732 734
f 733 734 735
f 735 734 736
f 735 736 737
f 737 736 738
f 737 738 739
f 739 738 740
f 739 740 741
f 741 740 742
f 741 742 743
f 743 742 744
f 743 744 745
f 745 744 746
f 747 727 748
f 748 727 729
f 748 729 749
f 749 729 731
f 749 731 750
f 750 731 733
f 750 733 751
f 751 733 735
f 751 735 752
f 752 735 737
f 752 737 753
f 753 737 739
f 753 739 754
f 754 739 741
f 754 741 755
f 755 741 743
f 755 743 756
f 756 743 745
f 757 747 758
f 758 747 748
f 758 748 759
f 759 748 749
f 759 749 760
f 760 749 750
f 760 750 761
f 761 750 751
f 761 751 762
f 762 751 752
f 762 752 763
f 763 752 753
f 763 753 764
f 764 753 754
f 764 754 765
f 765 754 755
f 765 755 766
f 766 755 756
f 767 757 768
f 768 757 758
f 768 758 769
f 769 758 759
f 769 759 770
f 770 759 760
f 770 760 771
f 771 760 761
f 771 761 772
f 772 761 762
f 772 762 773
f 773 762 763
f 773 763 774
f 774 763 764
f 774 764 775
f 775 764 765
f 775 765 776
f 776 765 766
f 777 767 778
f 778 767 768
f 778 768 779
f 779 768 769
f 779 769 780
f 780 769 770
f 780 770 781
f 781 770 771
f 781 771 782
f 782 771 772
f 782 772 783
f 783 772 773
f 783 773 784
f 784 773 774
f 784 774 785
f 785 774 775
f 785 775 786
f 786 775 776
f 787 777 788
f 788 777 778
f 788 778 789
f 789 778 779
f 789 779 790
f 790 779 780
f 790 780 791
f 791 780 781
f 791 781 792
f 792 781 782
f 792 782 793
f 793 782 783
f 793 783 794
f 794 783 784
f 794 784 795
f 795 784 785
f 795 785 796
f 796 785 786
f 797 728 727
f 797 727 747
f 797 747 757
f 797 757 767
f 797 767 777
f 797 777 787
f 798 796 786
f 798 786 776
f 798 776 766
f 798 766 756
f 798 756 745
f 798 745 746
f 799 800 801
f 801 800 802
f 801 802 803
f 803 802 804
f 803 804 805
f 805 804 806
f 805 806 807
f 807 806 808
f 807 808 809
f 809 808 810
f 809 810 811
f 811 810 812
f 811 812 813
f 813 812 814
f 813 814 815
f 815 814 816
f 815 816 817
f 817 816 818
f 819 799 820
f 820 799 801
f 820 801 821
f 821 801 803
f 821 803 822
f 822 803 805
f 822 805 823
f 823 805 807
f 823 807 824
f 824 807 809
f 824 809 825
f 825 809 811
f 825 811 826
f 826 811 813
f 826 813 827
f 827 813 815
f 827 815 828
f 828 815 817
f 829 819 830
f 830 819 820
f 830 820 831
f 831 820 821
f 831 821 832
f 832 821 822
f 832 822 833
f 833 822 823
f 833 823 834
f 834 823 824
f 834 824 835
f 835 824 825
f 835 825 836
f 836 825 826
f 836 826 837
f 837 826 827
f 837 827 838
f 838 827 828
f 839 829 840
f 840 829 830
f 840 830 841
f 841 830 831
f 841 831 842
f 842 831 832
f 842 832 843
f 843 832 833
f 843 833 844
f 844 833 834
f 844 834 845
f 845 834 835
f 845 835 846
f 846 835 836
f 846 836 847
f 847 836 837
f 847 837 848
f 848 837 838
f 849 839 850
f 850 839 840
f 850 840 851
f 851 840 841
f 851 841 852
f 852 841 842
f 852 842 853
f 853 842 843
f 853 843 854
f 854 843 844
f 854 844 855
f 855 844 845
f 855 845 856
f 856 845 846
f 856 846 857
f 857 846 847
f 857 847 858
f 858 847 848
f 728 849 730
f 730 849 850
f 730 850 732
f 732 850 851
f 732 851 734
f 734 851 852
f 734 852 736
f 736 852 853
f 736 853 738
f 738 853 854
f 738 854 740
f 740 854 855
f 740 855 742
f 742 855 856
f 742 856 744
f 744 856 857
f 744 857 746
f 746 857 858
f 797 800 799
f 797 799 819
f 797 819 829
f 797 829 839
f 797 839 849
f 797 849 728
f 798 746 858
f 798 858 848
f 798 848 838
f 798 838 828
f 798 828 817
f 798 817 818
f 859 787 860
f 860 787 788
f 860 788 861
f 861 788 789
f 861 789 862
f 862 789 790
f 862 790 863
f 863 790 791
f 863 791 864
f 864 791 792
f 864 792 865
f 865 792 793
f 865 793 866
f 866 793 794
f 866 794 867
f 867 794 795
f 867 795 868
f 868 795 796
f 869 859 870
f 870 859 860
f 870 860 871
f 871 860 861
f 871 861 872
f 872 861 862
f 872 862 873
f 873 862 863
f 873 863 874
f 874 863 864
f 874 864 875
f 875 864 865
f 875 865 876
f 876 865 866
f 876 866 877
f 877 866 867
f 877 867 878
f 878 867 868
f 879 869 880
f 880 869 870
f 880 870 881
f 881 870 871
f 881 871 882
f 882 871 872
f 882 872 883
f 883 872 873
f 883 873 884
f 884 873 874
f 884 874 885
f 885 874 875
f 885 875 886
f 886 875 876
f 886 876 887
f 887 876 877
f 887 877 888
f 888 877 878
f 889 879 890
f 890 879 880
f 890 880 891
f 891 880 881
f 891 881 892
f 892 881 882
f 892 882 893
f 893 882 883
f 893 883 894
f 894 883 884
f 894 884 895
f 895 884 885
f 895 885 896
f 896 885 886
f 896 886 897
f 897 886 887
f 897 887 898
f 898 887 888
f 899 889 900
f 900 889 890
f 900 890 901
f 901 890 891
f 901 891 902
f 902 891 892
f 902 892 903
f 903 892 893
f 903 893 904
f 904 893 894
f 904 894 905
f 905 894 895
f 905 895 906
f 906 895 896
f 906 896 907
f 907 896 897
f 907 897 908
f 908 897 898
f 909 899 910
f 910 899 900
f 910 900 911
f 911 900 901
f 911 901 912
f 912 901 902
f 912 902 913
f 913 902 903
f 913 903 914
f 914 903 904
f 914 904 915
f 915 904 905
f 915 905 916
f 916 905 906
f 916 906 917
f 917 906 907
f 917 907 918
f 918 907 908
f 797 787 859
f 797 859 869
f 797 869 879
f 797 879 889
f 797 889 899
f 797 899 909
f 798 918 908
f 798 908 898
f 798 898 888
f 798 888 878
f 798 878 868
f 798 868 796
f 919 909 920
f 920 909 910
f 920 910 921
f 921 910 911
f 921 911 922
f 922 911 912
f 922 912 923
f 923 912 913
f 923 913 924
f 924 913 914
f 924 914 925
f 925 914 915
f 925 915 926
f 926 915 916
f 926 916 927
f 927 916 917
f 927 917 928
f 928 917 918
f 929 919 930
f 930 919 920
f 930 920 931
f 931 920 921
f 931 921 932
f 932 921 922
f 932 922 933
f 933 922 923
f 933 923 934
f 934 923 924
f 934 924 935
f 935 924 925
f 935 925 936
f 936 925 926
f 936 926 937
f 937 926 927
f 937 927 938
f 938 927 928
f 939 929 940
f 940 929 930
f 940 930 941
f 941 930 931
f 941 931 942
f 942 931 932
f 942 932 943
f 943 932 933
f 943 933 944
f 944 933 934
f 944 934 945
f 945 934 935
f 945 935 946
f 946 935 936
f 946 936 947
f 947 936 937
f 947 937 948
f 948 937 938
f 949 939 950
f 950 939 940
f 950 940 951
f 951 940 941
f 951 941 952
f 952 941 942
f 952 942 953
f 953 942 943
f 953 943 954
f 954 943 944
f 954 944 955
f 955 944 945
f 955 945 956
f 956 945 946
f 956 946 957
f 957 946 947
f 957 947 958
f 958 947 948
f 959 949 960
f 960 949 950
f 960 950 961
f 961 950 951
f 961 951 962
f 962 951 952
f 962 952 963
f 963 952 953
f 963 953 964
f 964 953 954
f 964 954 965
f 965 954 955
f 965 955 966
f 966 955 956
f 966 956 967
f 967 956 957
f 967 957 968
f 968 957 958
f 800 959 802
f 802 959 960
f 802 960 804
f 804 960 961
f 804 961 806
f 806 961 962
f 806 962 808
f 808 962 963
f 808 963 810
f 810 963 964
f 810 964 812
f 812 964 965
f 812 965 814
f 814 965 966
f 814 966 816
f 816 966 967
f 816 967 818
f 818 967 968
f 797 909 919
f 797 919 929
f 797 929 939
f 797 939 949
f 797 949 959
f 797 959 800
f 798 818 968
f 798 968 958
f 798 958 948
f 798 948 938
f 798 938 928
f 798 928 918
f 969 970 971
f 971 970 972
f 971 972 973
f 973 972 974
f 973 974 975
f 975 974 976
f 975 976 977
f 977 976 978
f 977 978 979
f 979 978 980
f 979 980 981
f 981 980 982
f 981 982 983
f 983 982 984
f 983 984 985
f 985 984 986
f 985 986 987
f 987 986 988
f 989 969 990
f 990 969 971
f 990 971 991
f 991 971 973
f 991 973 992
f 992 973 975
f 992 975 993
f 993 975 977
f 993 977 994
f 994 977 979
f 994 979 995
f 995 979 981
f 995 981 996
f 996 981 983
f 996 983 997
f 997 983 985
f 997 985 998
f 998 985 987
f 999 989 1000
f 1000 989 990
f 1000 990 1001
f 1001 990 991
f 1001 991 1002
f 1002 991 992
f 1002 992 1003
f 1003 992 993
f 1003 993 1004
f 1004 993 994
f 1004 994 1005
f 1005 994 995
f 1005 995 1006
f 1006 995 996
f 1006 996 1007
f 1007 996 997
f 1007 997 1008
f 1008 997 998
f 1009 999 1010
f 1010 999 1000
f 1010 1000 1011
f 1011 1000 1001
f 1011 1001 1012
f 1012 1001 1002
f 1012 1002 1013
f 1013 1002 1003
f 1013 1003 1014
f 1014 1003 1004
f 1014 1004 1015
f 1015 1004 1005
f 1015 1005 1016
f 1016 1005 1006
f 1016 1006 1017
f 1017 1006 1007
f 1017 1007 1018
f 1018 1007 1008
f 1019 1009 1020
f 1020 1009 1010
f 1020 1010 1021
f 1021 1010 1011
f 1021 1011 1022
f 1022 1011 1012
f 1022 1012 1023
f 1023 1012 1013
f 1023 1013 1024
f 1024 1013 1014
f 1024 1014 1025
f 1025 1014 1015
f 1025 1015 1026
f 1026 1015 1016
f 1026 1016 1027
f 1027 1016 1017
f 1027 1017 1028
f 1028 1017 1018
f 1029 1019 1030
f 1030 1019 1020
f 1030 1020 1031
f 1031 1020 1021
f 1031 1021 1032
f 1032 1021 1022
f 1032 1022 1033
f 1033 1022 1023
f 1033 1023 1034
f 1034 1023 1024
f 1034 1024 1035
f 1035 1024 1025
f 1035 1025 1036
f 1036 1025 1026
f 1036 1026 1037
f 1037 1026 1027
f 1037 1027 1038
f 1038 1027 1028
f 1039 970 969
f 1039 969 989
f 1039 989 999
f 1039 999 1009
f 1039 1009 1019
f 1039 1019 1029
f 1040 1038 1028
f 1040 1028 1018
f 1040 1018 1008
f 1040 1008 998
f 1040 998 987
f 1040 987 988
f 1041 1042 1043
f 1043 1042 1044
f 1043 1044 1045
f 1045 1044 1046
f 1045 1046 1047
f 1047 1046 1048
f 1047 1048 1049
f 1049 1048 1050
f 1049 1050 1051
f 1051 1050 1052
f 1051 1052 1053
f 1053 1052 1054
f 1053 1054 1055
f 1055 1054 1056
f 1055 1056 1057
f 1057 1056 1058
f 1057 1058 1059
f 1059 1058 1060
f 1061 1041 1062
f 1062 1041 1043
f 1062 1043 1063
f 1063 1043 1045
f 1063 1045 1064
f 1064 1045 1047
f 1064 1047 1065
f 1065 1047 1049
f 1065 1049 1066
f 1066 1049 1051
f 1066 1051 1067
f 1067 1051 1053
f 1067 1053 1068
f 1068 1053 1055
f 1068 1055 1069
f 1069 1055 1057
f 1069 1057 1070
f 1070 1057 1059
f 1071 1061 1072
f 1072 1061 1062
f 1072 1062 1073
f 1073 1062 1063
f 1073 1063 1074
f 1074 1063 1064
f 1074 1064 1075
f 1075 1064 1065
f 1075 1065 1076
f 1076 1065 1066
f 1076 1066 1077
f 1077 1066 1067
f 1077 1067 1078
f 1078 1067 1068
f 1078 1068 1079
f 1079 1068 1069
f 1079 1069 1080
f 1080 1069 1070
f 1081 1071 1082
f 1082 1071 1072
f 1082 1072 1083
f 1083 1072 1073
f 1083 1073 1084
f 1084 1073 1074
f 1084 1074 1085
f 1085 1074 1075
f 1085 1075 1086
f 1086 1075 1076
f 1086 1076 1087
f 1087 1076 1077
f 1087 1077 1088
f 1088 1077 1078
f 1088 1078 1089
f 1089 1078 1079
f 1089 1079 1090
f 1090 1079 1080
f 1091 1081 1092
f 1092 1081 1082
f 1092 1082 1093
f 1093 1082 1083
f 1093 1083 1094
f 1094 1083 1084
f 1094 1084 1095
f 1095 1084 1085
f 1095 1085 1096
f 1096 1085 1086
f 1096 1086 1097
f 1097 1086 1087
f 1097 1087 1098
f 1098 1087 1088
f 1098 1088 1099
f 1099 1088 1089
f 1099 1089 1100
f 1100 1089 1090
f 970 1091 972
f 972 1091 1092
f 972 1092 974
f 974 1092 1093
f 974 1093 976
f 976 1093 1094
f 976 1094 978
f 978 1094 1095
f 978 1095 980
f 980 1095 1096
f 980 1096 982
f 982 1096 1097
f 982 1097 984
f 984 1097 1098
f 984 1098 986
f 986 1098 1099
f 986 1099 988
f 988 1099 1100
f 1039 1042 1041
f 1039 1041 1061
f 1039 1061 1071
f 1039 1071 1081
f 1039 1081 1091
f 1039 1091 970
f 1040 988 1100
f 1040 1100 1090
f 1040 1090 1080
f 1040 1080 1070
f 1040 1070 1059
f 1040 1059 1060
f 1101 1029 1102
f 1102 1029 1030
f 1102 1030 1103
f 1103 1030 1031
f 1103 1031 1104
f 1104 1031 1032
f 1104 1032 1105
f 1105 1032 1033
f 1105 1033 1106
f 1106 1033 1034
f 1106 1034 1107
f 1107 1034 1035
f 1107 1035 1108
f 1108 1035 1036
f 1108 1036 1109
f 1109 1036 1037
f 1109 1037 1110
f 1110 1037 1038
f 1111 1101 1112
f 1112 1101 1102
f 1112 1102 1113
f 1113 1102 1103
f 1113 1103 1114
f 1114 1103 1104
f 1114 1104 1115
f 1115 1104 1105
f 1115 1105 1116
f 1116 1105 1106
f 1116 1106 1117
f 1117 1106 1107
f 1117 1107 1118
f 1118 1107 1108
f 1118 1108 1119
f 1119 1108 1109
f 1119 1109 1120
f 1120 1109 1110
f 1121 1111 1122
f 1122 1111 1112
f 1122 1112 1123
f 1123 1112 1113
f 1123 1113 1124
f 1124 1113 1114
f 1124 1114 1125
f 1125 1114 1115
f 1125 1115 1126
f 1126 1115 1116
f 1126 1116 1127
f 1127 1116 1117
f 1127 1117 1128
f 1128 1117 1118
f 1128 1118 1129
f 1129 1118 1119
f 1129 1119 1130
f 1130 1119 1120
f 1131 1121 1132
f 1132 1121 1122
f 1132 1122 1133
f 1133 1122 1123
f 1133 1123 1134
f 1134 1123 1124
f 1134 1124 1135
f 1135 1124 1125
f 1135 1125 1136
f 1136 1125 1126
f 1136 1126 1137
f 1137 1126 1127
f 1137 1127 1138
f 1138 1127 1128
f 1138 1128 1139
f 1139 1128 1129
f 1139 1129 1140
f 1140 1129 1130
f 1141 1131 1142
f 1142 1131 1132
f 1142 1132 1143
f 1143 1132 1133
f 1143 1133 1144
f 1144 1133 1134
f 1144 1134 1145
f 1145 1134 1135
f 1145 1135 1146
f 1146 1135 1136
f 1146 1136 1147
f 1147 1136 1137
f 1147 1137 1148
f 1148 1137 1138
f 1148 1138 1149
f 1149 1138 1139
f 1149 1139 1150
f 1150 1139 1140
f 1151 1141 1152
f 1152 1141 1142
f 1152 1142 1153
f 1153 1142 1143
f 1153 1143 1154
f 1154 1143 1144
f 1154 1144 1155
f 1155 1144 1145
f 1155 1145 1156
f 1156 1145 1146
f 1156 1146 1157
f 1157 1146 1147
f 1157 1147 1158
f 1158 1147 1148
f 1158 1148 1159
f 1159 1148 1149
f 1159 1149 1160
f 1160 1149 1150
f 1039 1029 1101
f 1039 1101 1111
f 1039 1111 1121
f 1039 1121 1131
f 1039 1131 1141
f 1039 1141 1151
f 1040 1160 1150
f 1040 1150 1140
f 1040 1140 1130
f 1040 1130 1120
f 1040 1120 1110
f 1040 1110 1038
f 1161 1151 1162
f 1162 1151 1152
f 1162 1152 1163
f 1163 1152 1153
f 1163 1153 1164
f 1164 1153 1154
f 1164 1154 1165
f 1165 1154 1155
f 1165 1155 1166
f 1166 1155 1156
f 1166 1156 1167
f 1167 1156 1157
f 1167 1157 1168
f 1168 1157 1158
f 1168 1158 1169
f 1169 1158 1159
f 1169 1159 1170
f 1170 1159 1160
f 1171 1161 1172
f 1172 1161 1162
f 1172 1162 1173
f 1173 1162 1163
f 1173 1163 1174
f 1174 1163 1164
f 1174 1164 1175
f 1175 1164 1165
f 1175 1165 1176
f 1176 1165 1166
f 1176 1166 1177
f 1177 1166 1167
f 1177 1167 1178
f 1178 1167 1168
f 1178 1168 1179
f 1179 1168 1169
f 1179 1169 1180
f 1180 1169 1170
f 1181 1171 1182
f 1182 1171 1172
f 1182 1172 1183
f 1183 1172 1173
f 1183 1173 1184
f 1184 1173 1174
f 1184 1174 1185
f 1185 1174 1175
f 1185 1175 1186
f 1186 1175 1176
f 1186 1176 1187
f 1187 1176 1177
f 1187 1177 1188
f 1188 1177 1178
f 1188 1178 1189
f 1189 1178 1179
f 1189 1179 1190
f 1190 1179 1180
f 1191 1181 1192
f 1192 1181 1182
f 1192 1182 1193
f 1193 1182 1183
f 1193 1183 1194
f 1194 1183 1184
f 1194 1184 1195
f 1195 1184 1185
f 1195 1185 1196
f 1196 1185 1186
f 1196 1186 1197
f 1197 1186 1187
f 1197 1187 1198
f 1198 1187 1188
f 1198 1188 1199
f 1199 1188 1189
f 1199 1189 1200
f 1200 1189 1190
f 1201 1191 1202
f 1202 1191 1192
f 1202 1192 1203
f 1203 1192 1193
f 1203 1193 1204
f 1204 1193 1194
f 1204 1194 1205
f 1205 1194 1195
f 1205 1195 1206
f 1206 1195 1196
f 1206 1196 1207
f 1207 1196 1197
f 1207 1197 1208
f 1208 1197 1198
f 1208 1198 1209
f 1209 1198 1199
f 1209 1199 1210
f 1210 1199 1200
f 1042 1201 1044
f 1044 1201 1202
f 1044 1202 1046
f 1046 1202 1203
f 1046 1203 1048
f 1048 1203 1204
f 1048 1204 1050
f 1050 1204 1205
f 1050 1205 1052
f 1052 1205 1206
f 1052 1206 1054
f 1054 1206 1207
f 1054 1207 1056
f 1056 1207 1208
f 1056 1208 1058
f 1058 1208 1209
f 1058 1209 1060
f 1060 1209 1210
f 1039 1151 1161
f 1039 1161 1171
f 1039 1171 1181
f 1039 1181 1191
f 1039 1191 1201
f 1039 1201 1042
f 1040 1060 1210
f 1040 1210 1200
f 1040 1200 1190
f 1040 1190 1180
f 1040 1180 1170
f 1040 1170 1160
f 1211 1212 1213
f 1213 1212 1214
f 1213 1214 1215
f 1215 1214 1216
f 1215 1216 1217
f 1217 1216 1218
f 1217 1218 1219
f 1219 1218 1220
f 1219 1220 1221
f 1221 1220 1222
f 1221 1222 1223
f 1223 1222 1224
f 1223 1224 1225
f 1225 1224 1226
f 1225 1226 1227
f 1227 1226 1228
f 1227 1228 1229
f 1229 1228 1230
f 1231 1211 1232
f 1232 1211 1213
f 1232 1213 1233
f 1233 1213 1215
f 1233 1215 1234
f 1234 1215 1217
f 1234 1217 1235
f 1235 1217 1219
f 1235 1219 1236
f 1236 1219 1221
f 1236 1221 1237
f 1237 1221 1223
f 1237 1223 1238
f 1238 1223 1225
f 1238 1225 1239
f 1239 1225 1227
f 1239 1227 1240
f 1240 1227 1229
f 1241 1231 1242
f 1242 1231 1232
f 1242 1232 1243
f 1243 1232 1233
f 1243 1233 1244
f 1244 1233 1234
f 1244 1234 1245
f 1245 1234 1235
f 1245 1235 1246
f 1246 1235 1236
f 1246 1236 1247
f 1247 1236 1237
f 1247 1237 1248
f 1248 1237 1238
f 1248 1238 1249
f 1249 1238 1239
f 1249 1239 1250
f 1250 1239 1240
f 1251 1241 1252
f 1252 1241 1242
f 1252 1242 1253
f 1253 1242 1243
f 1253 1243 1254
f 1254 1243 1244
f 1254 1244 1255
f 1255 1244 1245
f 1255 1245 1256
f 1256 1245 1246
f 1256 1246 1257
f 1257 1246 1247
f 1257 1247 1258
f 1258 1247 1248
f 1258 1248 1259
f 1259 1248 1249
f 1259 1249 1260
f 1260 1249 1250
f 1261 1251 1262
f 1262 1251 1252
f 1262 1252 1263
f 1263 1252 1253
f 1263 1253 1264
f 1264 1253 1254
f 1264 1254 1265
f 1265 1254 1255
f 1265 1255 1266
f 1266 1255 1256
f 1266 1256 1267
f 1267 1256 1257
f 1267 1257 1268
f 1268 1257 1258
f 1268 1258 1269
f 1269 1258 1259
f 1269 1259 1270
f 1270 1259 1260
f 1271 1261 1272
f 1272 1261 1262
f 1272 1262 1273
f 1273 1262 1263
f 1273 1263 1274
f 1274 1263 1264
f 1274 1264 1275
f 1275 1264 1265
f 1275 1265 1276
f 1276 1265 1266
f 1276 1266 1277
f 1277 1266 1267
f 1277 1267 1278
f 1278 1267 1268
f 1278 1268 1279
f 1279 1268 1269
f 1279 1269 1280
f 1280 1269 1270
f 1281 1212 1211
f 1281 1211 1231
f 1281 1231 1241
f 1281 1241 1251
f 1281 1251 1261
f 1281 1261 1271
f 1282 1280 1270
f 1282 1270 1260
f 1282 1260 1250
f 1282 1250 1240
f 1282 1240 1229
f 1282 1229 1230
f 1283 1284 1285
f 1285 1284 1286
f 1285 1286 1287
f 1287 1286 1288
f 1287 1288 1289
f 1289 1288 1290
f 1289 1290 1291
f 1291 1290 1292
f 1291 1292 1293
f 1293 1292 1294
f 1293 1294 1295
f 1295 1294 1296
f 1295 1296 1297
f 1297 1296 1298
f 1297 1298 1299
f 1299 1298 1300
f 1299 1300 1301
f 1301 1300 1302
f 1303 1283 1304
f 1304 1283 1285
f 1304 1285 1305
f 1305 1285 1287
f 1305 1287 1306
f 1306 1287 1289
f 1306 1289 1307
f 1307 1289 1291
f 1307 1291 1308
f 1308 1291 1293
f 1308 1293 1309
f 1309 1293 1295
f 1309 1295 1310
f 1310 1295 1297
f 1310 1297 1311
f 1311 1297 1299
f 1311 1299 1312
f 1312 1299 1301
f 1313 1303 1314
f 1314 1303 1304
f 1314 1304 1315
f 1315 1304 1305
f 1315 1305 1316
f 1316 1305 1306
f 1316 1306 1317
f 1317 1306 1307
f 1317 1307 1318
f 1318 1307 1308
f 1318 1308 1319
f 1319 1308 1309
f 1319 1309 1320
f 1320 1309 1310
f 1320 1310 1321
f 1321 1310 1311
f 1321 1311 1322
f 1322 1311 1312
f 1323 1313 1324
f 1324 1313 1314
f 1324 1314 1325
f 1325 1314 1315
f 1325 1315 1326
f 1326 1315 1316
f 1326 1316 1327
f 1327 1316 1317
f 1327 1317 1328
f 1328 1317 1318
f 1328 1318 1329
f 1329 1318 1319
f 1329 1319 1330
f 1330 1319 1320
f 1330 1320 1331
f 1331 1320 1321
f 1331 1321 1332
f 1332 1321 1322
f 1333 1323 1334
f 1334 1323 1324
f 1334 1324 1335
f 1335 1324 1325
f 1335 1325 1336
f 1336 1325 1326
f 1336 1326 1337
f 1337 1326 1327
f 1337 1327 1338
f 1338 1327 1328
f 1338 1328 1339
f 1339 1328 1329
f 1339 1329 1340
f 1340 1329 1330
f 1340 1330 1341
f 1341 1330 1331
f 1341 1331 1342
f 1342 1331 1332
f 1212 1333 1214
f 1214 1333 1334
f 1214 1334 1216
f 1216 1334 1335
f 1216 1335 1218
f 1218 1335 1336
f 1218 1336 1220
f 1220 1336 1337
f 1220 1337 1222
f 1222 1337 1338
f 1222 1338 1224
f 1224 1338 1339
f 1224 1339 1226
f 1226 1339 1340
f 1226 1340 1228
f 1228 1340 1341
f 1228 1341 1230
f 1230 1341 1342
f 1281 1284 1283
f 1281 1283 1303
f 1281 1303 1313
f 1281 1313 1323
f 1281 1323 1333
f 1281 1333 1212
f 1282 1230 1342
f 1282 1342 1332
f 1282 1332 1322
f 1282 1322 1312
f 1282 1312 1301
f 1282 1301 1302
f 1343 1271 1344
f 1344 1271 1272
f 1344 1272 1345
f 1345 1272 1273
f 1345 1273 1346
f 1346 1273 1274
f 1346 1274 1347
f 1347 1274 1275
f 1347 1275 1348
f 1348 1275 1276
f 1348 1276 1349
f 1349 1276 1277
f 1349 1277 1350
f 1350 1277 1278
f 1350 1278 1351
f 1351 1278 1279
f 1351 1279 1352
f 1352 1279 1280
f 1353 1343 1354
f 1354 1343 1344
f 1354 1344 1355
f 1355 1344 1345
f 1355 1345 1356
f 1356 1345 1346
f 1356 1346 1357
f 1357 1346 1347
f 1357 1347 1358
f 1358 1347 1348
f 1358 1348 1359
f 1359 1348 1349
f 1359 1349 1360
f 1360 1349 1350
f 1360 1350 1361
f 1361 1350 1351
f 1361 1351 1362
f 1362 1351 1352
f 1363 1353 1364
f 1364 1353 1354
f 1364 1354 1365
f 1365 1354 1355
f 1365 1355 1366
f 1366 1355 1356
f 1366 1356 1367
f 1367 1356 1357
f 1367 1357 1368
f 1368 1357 1358
f 1368 1358 1369
f 1369 1358 1359
f 1369 1359 1370
f 1370 1359 1360
f 1370 1360 1371
f 1371 1360 1361
f 1371 1361 1372
f 1372 1361 1362
f 1373 1363 1374
f 1374 1363 1364
f 1374 1364 1375
f 1375 1364 1365
f 1375 1365 1376
f 1376 1365 1366
f 1376 1366 1377
f 1377 1366 1367
f 1377 1367 1378
f 1378 1367 1368
f 1378 1368 1379
f 1379 1368 1369
f 1379 1369 1380
f 1380 1369 1370
f 1380 1370 1381
f 1381 1370 1371
f 1381 1371 1382
f 1382 1371 1372
f 1383 1373 1384
f 1384 1373 1374
f 1384 1374 1385
f 1385 1374 1375
f 1385 1375 1386
f 1386 1375 1376
f 1386 1376 1387
f 1387 1376 1377
f 1387 1377 1388
f 1388 1377 1378
f 1388 1378 1389
f 1389 1378 1379
f 1389 1379 1390
f 1390 1379 1380
f 1390 1380 1391
f 1391 1380 1381
f 1391 1381 1392
f 1392 1381 1382
f 1393 1383 1394
f 1394 1383 1384
f 1394 1384 1395
f 1395 1384 1385
f 1395 1385 1396
f 1396 1385 1386
f 1396 1386 1397
f 1397 1386 1387
f 1397 1387 1398
f 1398 1387 1388
f 1398 1388 1399
f 1399 1388 1389
f 1399 1389 1400
f 1400 1389 1390
f 1400 1390 1401
f 1401 1390 1391
f 1401 1391 1402
f 1402 1391 1392
f 1281 1271 1343
f 1281 1343 1353
f 1281 1353 1363
f 1281 1363 1373
f 1281 1373 1383
f 1281 1383 1393
f 1282 1402 1392
f 1282 1392 1382
f 1282 1382 1372
f 1282 1372 1362
f 1282 1362 1352
f 1282 1352 1280
f 1403 1393 1404
f 1404 1393 1394
f 1404 1394 1405
f 1405 1394 1395
f 1405 1395 1406
f 1406 1395 1396
f 1406 1396 1407
f 1407 1396 1397
f 1407 1397 1408
f 1408 1397 1398
f 1408 1398 1409
f 1409 1398 1399
f 1409 1399 1410
f 1410 1399 1400
f 1410 1400 1411
f 1411 1400 1401
f 1411 1401 1412
f 1412 1401 1402
f 1413 1403 1414
f 1414 1403 1404
f 1414 1404 1415
f 1415 1404 1405
f 1415 1405 1416
f 1416 1405 1406
f 1416 1406 1417
f 1417 1406 1407
f 1417 1407 1418
f 1418 1407 1408
f 1418 1408 1419
f 1419 1408 1409
f 1419 1409 1420
f 1420 1409 1410
f 1420 1410 1421
f 1421 1410 1411
f 1421 1411 1422
f 1422 1411 1412
f 1423 1413 1424
f 1424 1413 1414
f 1424 1414 1425
f 1425 1414 1415
f 1425 1415 1426
f 1426 1415 1416
f 1426 1416 1427
f 1427 1416 1417
f 1427 1417 1428
f 1428 1417 1418
f 1428 1418 1429
f 1429 1418 1419
f 1429 1419 1430
f 1430 1419 1420
f 1430 1420 1431
f 1431 1420 1421
f 1431 1421 1432
f 1432 1421 1422
f 1433 1423 1434
f 1434 1423 1424
f 1434 1424 1435
f 1435 1424 1425
f 1435 1425 1436
f 1436 1425 1426
f 1436 1426 1437
f 1437 1426 1427
f 1437 1427 1438
f 1438 1427 1428
f 1438 1428 1439
f 1439 1428 1429
f 1439 1429 1440
f 1440 1429 1430
f 1440 1430 1441
f 1441 1430 1431
f 1441 1431 1442
f 1442 1431 1432
f 1443 1433 1444
f 1444 1433 1434
f 1444 1434 1445
f 1445 1434 1435
f 1445 1435 1446
f 1446 1435 1436
f 1446 1436 1447
f 1447 1436 1437
f 1447 1437 1448
f 1448 1437 1438
f 1448 1438 1449
f 1449 1438 1439
f 1449 1439 1450
f 1450 1439 1440
f 1450 1440 1451
f 1451 1440 1441
f 1451 1441 1452
f 1452 1441 1442
f 1284 1443 1286
f 1286 1443 1444
f 1286 1444 1288
f 1288 1444 1445
f 1288 1445 1290
f 1290 1445 1446
f 1290 1446 1292
f 1292 1446 1447
f 1292 1447 1294
f 1294 1447 1448
f 1294 1448 1296
f 1296 1448 1449
f 1296 1449 1298
f 1298 1449 1450
f 1298 1450 1300
f 1300 1450 1451
f 1300 1451 1302
f 1302 1451 1452
f 1281 1393 1403
f 1281 1403 1413
f 1281 1413 1423
f 1281 1423 1433
f 1281 1433 1443
f 1281 1443 1284
f 1282 1302 1452
f 1282 1452 1442
f 1282 1442 1432
f 1282 1432 1422
f 1282 1422 1412
f 1282 1412 1402
f 1453 1454 1455
f 1455 1454 1456
f 1455 1456 1457
f 1457 1456 1458
f 1457 1458 1459
f 1459 1458 1460
f 1459 1460 1461
f 1461 1460 1462
f 1461 1462 1463
f 1463 1462 1464
f 1463 1464 1465
f 1465 1464 1466
f 1465 1466 1467
f 1467 1466 1468
f 1467 1468 1469
f 1469 1468 1470
f 1469 1470 1471
f 1471 1470 1472
f 1473 1453 1474
f 1474 1453 1455
f 1474 1455 1475
f 1475 1455 1457
f 1475 1457 1476
f 1476 1457 1459
f 1476 1459 1477
f 1477 1459 1461
f 1477 1461 1478
f 1478 1461 1463
f 1478 1463 1479
f 1479 1463 1465
f 1479 1465 1480
f 1480 1465 1467
f 1480 1467 1481
f 1481 1467 1469
f 1481 1469 1482
f 1482 1469 1471
f 1483 1473 1484
f 1484 1473 1474
f 1484 1474 1485
f 1485 1474 1475
f 1485 1475 1486
f 1486 1475 1476
f 1486 1476 1487
f 1487 1476 1477
f 1487 1477 1488
f 1488 1477 1478
f 1488 1478 1489
f 1489 1478 1479
f 1489 1479 1490
f 1490 1479 1480
f 1490 1480 1491
f 1491 1480 1481
f 1491 1481 1492
f 1492 1481 1482
f 1493 1483 1494
f 1494 1483 1484
f 1494 1484 1495
f 1495 1484 1485
f 1495 1485 1496
f 1496 1485 1486
f 1496 1486 1497
f 1497 1486 1487
f 1497 1487 1498
f 1498 1487 1488
f 1498 1488 1499
f 1499 1488 1489
f 1499 1489 1500
f 1500 1489 1490
f 1500 1490 1501
f 1501 1490 1491
f 1501 1491 1502
f 1502 1491 1492
f 1503 1493 1504
f 1504 1493 1494
f 1504 1494 1505
f 1505 1494 1495
f 1505 1495 1506
f 1506 1495 1496
f 1506 1496 1507
f 1507 1496 1497
f 1507 1497 1508
f 1508 1497 1498
f 1508 1498 1509
f 1509 1498 1499
f 1509 1499 1510
f 1510 1499 1500
f 1510 1500 1511
f 1511 1500 1501
f 1511 1501 1512
f 1512 1501 1502
f 1513 1503 1514
f 1514 1503 1504
f 1514 1504 1515
f 1515 1504 1505
f 1515 1505 1516
f 1516 1505 1506
f 1516 1506 1517
f 1517 1506 1507
f 1517 1507 1518
f 1518 1507 1508
f 1518 1508 1519
f 1519 1508 1509
f 1519 1509 1520
f 1520 1509 1510
f 1520 1510 1521
f 1521 1510 1511
f 1521 1511 1522
f 1522 1511 1512
f 1523 1454 1453
f 1523 1453 1473
f 1523 1473 1483
f 1523 1483 1493
f 1523 1493 1503
f 1523 1503 1513
f 1524 1522 1512
f 1524 1512 1502
f 1524 1502 1492
f 1524 1492 1482
f 1524 1482 1471
f 1524 1471 1472
f 1525 1526 1527
f 1527 1526 1528
f 1527 1528 1529
f 1529 1528 1530
f 1529 1530 1531
f 1531 1530 1532
f 1531 1532 1533
f 1533 1532 1534
f 1533 1534 1535
f 1535 1534 1536
f 1535 1536 1537
f 1537 1536 1538
f 1537 1538 1539
f 1539 1538 1540
f 1539 1540 1541
f 1541 1540 1542
f 1541 1542 1543
f 1543 1542 1544
f 1545 1525 1546
f 1546 1525 1527
f 1546 1527 1547
f 1547 1527 1529
f 1547 1529 1548
f 1548 1529 1531
f 1548 1531 1549
f 1549 1531 1533
f 1549 1533 1550
f 1550 1533 1535
f 1550 1535 1551
f 1551 1535 1537
f 1551 1537 1552
f 1552 1537 1539
f 1552 1539 1553
f 1553 1539 1541
f 1553 1541 1554
f 1554 1541 1543
f 1555 1545 1556
f 1556 1545 1546
f 1556 1546 1557
f 1557 1546 1547
f 1557 1547 1558
f 1558 1547 1548
f 1558 1548 1559
f 1559 1548 1549
f 1559 1549 1560
f 1560 1549 1550
f 1560 1550 1561
f 1561 1550 1551
f 1561 1551 1562
f 1562 1551 1552
f 1562 1552 1563
f 1563 1552 1553
f 1563 1553 1564
f 1564 1553 1554
f 1565 1555 1566
f 1566 1555 1556
f 1566 1556 1567
f 1567 1556 1557
f 1567 1557 1568
f 1568 1557 1558
f 1568 1558 1569
f 1569 1558 1559
f 1569 1559 1570
f 1570 1559 1560
f 1570 1560 1571
f 1571 1560 1561
f 1571 1561 1572
f 1572 1561 1562
f 1572 1562 1573
f 1573 1562 1563
f 1573 1563 1574
f 1574 1563 1564
f 1575 1565 1576
f 1576 1565 1566
f 1576 1566 1577
f 1577 1566 1567
f 1577 1567 1578
f 1578 1567 1568
f 1578 1568 1579
f 1579 1568 1569
f 1579 1569 1580
f 1580 1569 1570
f 1580 1570 1581
f 1581 1570 1571
f 1581 1571 1582
f 1582 1571 1572
f 1582 1572 1583
f 1583 1572 1573
f 1583 1573 1584
f 1584 1573 1574
f 1454 1575 1456
f 1456 1575 1576
f 1456 1576 1458
f 1458 1576 1577
f 1458 1577 1460
f 1460 1577 1578
f 1460 1578 1462
f 1462 1578 1579
f 1462 1579 1464
f 1464 1579 1580
f 1464 1580 1466
f 1466 1580 1581
f 1466 1581 1468
f 1468 1581 1582
f 1468 1582 1470
f 1470 1582 1583
f 1470 1583 1472
f 1472 1583 1584
f 1523 1526 1525
f 1523 1525 1545
f 1523 1545 1555
f 1523 1555 1565
f 1523 1565 1575
f 1523 1575 1454
f 1524 1472 1584
f 1524 1584 1574
f 1524 1574 1564
f 1524 1564 1554
f 1524 1554 1543
f 1524 1543 1544
f 1585 1513 1586
f 1586 1513 1514
f 1586 1514 1587
f 1587 1514 1515
f 1587 1515 1588
f 1588 1515 1516
f 1588 1516 1589
f 1589 1516 1517
f 1589 1517 1590
f 1590 1517 1518
f 1590 1518 1591
f 1591 1518 1519
f 1591 1519 1592
f 1592 1519 1520
f 1592 1520 1593
f 1593 1520 1521
f 1593 1521 1594
f 1594 1521 1522
f 1595 1585 1596
f 1596 1585 1586
f 1596 1586 1597
f 1597 1586 1587
f 1597 1587 1598
f 1598 1587 1588
f 1598 1588 1599
f 1599 1588 1589
f 1599 1589 1600
f 1600 1589 1590
f 1600 1590 1601
f 1601 1590 1591
f 1601 1591 1602
f 1602 1591 1592
f 1602 1592 1603
f 1603 1592 1593
f 1603 1593 1604
f 1604 1593 1594
f 1605 1595 1606
f 1606 1595 1596
f 1606 1596 1607
f 1607 1596 1597
f 1607 1597 1608
f 1608 1597 1598
f 1608 1598 1609
f 1609 1598 1599
f 1609 1599 1610
f 1610 1599 1600
f 1610 1600 1611
f 1611 1600 1601
f 1611 1601 1612
f 1612 1601 1602
f 1612 1602 1613
f 1613 1602 1603
f 1613 1603 1614
f 1614 1603 1604
f 1615 1605 1616
f 1616 1605 1606
f 1616 1606 1617
f 1617 1606 1607
f 1617 1607 1618
f 1618 1607 1608
f 1618 1608 1619
f 1619 1608 1609
f 1619 1609 1620
f 1620 1609 1610
f 1620 1610 1621
f 1621 1610 1611
f 1621 1611 1622
f 1622 1611 1612
f 1622 1612 1623
f 1623 1612 1613
f 1623 1613 1624
f 1624 1613 1614
f 1625 1615 1626
f 1626 1615 1616
f 1626 1616 1627
f 1627 1616 1617
f 1627 1617 1628
f 1628 1617 1618
f 1628 1618 1629
f 1629 1618 1619
f 1629 1619 1630
f 1630 1619 1620
f 1630 1620 1631
f 1631 1620 1621
f 1631 1621 1632
f 1632 1621 1622
f 1632 1622 1633
f 1633 1622 1623
f 1633 1623 1634
f 1634 1623 1624
f 1635 1625 1636
f 1636 1625 1626
f 1636 1626 1637
f 1637 1626 1627
f 1637 1627 1638
f 1638 1627 1628
f 1638 1628 1639
f 1639 1628 1629
f 1639 1629 1640
f 1640 1629 1630
f 1640 1630 1641
f 1641 1630 1631
f 1641 1631 1642
f 1642 1631 1632
f 1642 1632 1643
f 1643 1632 1633
f 1643 1633 1644
f 1644 1633 1634
f 1523 1513 1585
f 1523 1585 1595
f 1523 1595 1605
f 1523 1605 1615
f 1523 1615 1625
f 1523 1625 1635
f 1524 1644 1634
f 1524 1634 1624
f 1524 1624 1614
f 1524 1614 1604
f 1524 1604 1594
f 1524 1594 1522
f 1645 1635 1646
f 1646 1635 1636
f 1646 1636 1647
f 1647 1636 1637
f 1647 1637 1648
f 1648 1637 1638
f 1648 1638 1649
f 1649 1638 1639
f 1649 1639 1650
f 1650 1639 1640
f 1650 1640 1651
f 1651 1640 1641
f 1651 1641 1652
f 1652 1641 1642
f 1652 1642 1653
f 1653 1642 1643
f 1653 1643 1654
f 1654 1643 1644
f 1655 1645 1656
f 1656 1645 1646
f 1656 1646 1657
f 1657 1646 1647
f 1657 1647 1658
f 1658 1647 1648
f 1658 1648 1659
f 1659 1648 1649
f 1659 1649 1660
f 1660 1649 1650
f 1660 1650 1661
f 1661 1650 1651
f 1661 1651 1662
f 1662 1651 1652
f 1662 1652 1663
f 1663 1652 1653
f 1663 1653 1664
f 1664 1653 1654
f 1665 1655 1666
f 1666 1655 1656
f 1666 1656 1667
f 1667 1656 1657
f 1667 1657 1668
f 1668 1657 1658
f 1668 1658 1669
f 1669 1658 1659
f 1669 1659 1670
f 1670 1659 1660
f 1670 1660 1671
f 1671 1660 1661
f 1671 1661 1672
f 1672 1661 1662
f 1672 1662 1673
f 1673 1662 1663
f 1673 1663 1674
f 1674 1663 1664
f 1675 1665 1676
f 1676 1665 1666
f 1676 1666 1677
f 1677 1666 1667
f 1677 1667 1678
f 1678 1667 1668
f 1678 1668 1679
f 1679 1668 1669
f 1679 1669 1680
f 1680 1669 1670
f 1680 1670 1681
f 1681 1670 1671
f 1681 1671 1682
f 1682 1671 1672
f 1682 1672 1683
f 1683 1672 1673
f 1683 1673 1684
f 1684 1673 1674
f 1685 1675 1686
f 1686 1675 1676
f 1686 1676 1687
f 1687 1676 1677
f 1687 1677 1688
f 1688 1677 1678
f 1688 1678 1689
f 1689 1678 1679
f 1689 1679 1690
f 1690 1679 1680
f 1690 1680 1691
f 1691 1680 1681
f 1691 1681 1692
f 1692 1681 1682
f 1692 1682 1693
f 1693 1682 1683
f 1693 1683 1694
f 1694 1683 1684
f 1526 1685 1528
f 1528 1685 1686
f 1528 1686 1530
f 1530 1686 1687
f 1530 1687 1532
f 1532 1687 1688
f 1532 1688 1534
f 1534 1688 1689
f 1534 1689 1536
f 1536 1689 1690
f 1536 1690 1538
f 1538 1690 1691
f 1538 1691 1540
f 1540 1691 1692
f 1540 1692 1542
f 1542 1692 1693
f 1542 1693 1544
f 1544 1693 1694
f 1523 1635 1645
f 1523 1645 1655
f 1523 1655 1665
f 1523 1665 1675
f 1523 1675 1685
f 1523 1685 1526
f 1524 1544 1694
f 1524 1694 1684
f 1524 1684 1674
f 1524 1674 1664
f 1524 1664 1654
f 1524 1654 1644
f 1695 1696 1697
f 1697 1696 1698
f 1697 1698 1699
f 1699 1698 1700
f 1699 1700 1701
f 1701 1700 1702
f 1701 1702 1703
f 1703 1702 1704
f 1703 1704 1705
f 1705 1704 1706
f 1705 1706 1707
f 1707 1706 1708
f 1707 1708 1709
f 1709 1708 1710
f 1709 1710 1711
f 1711 1710 1712
f 1711 1712 1713
f 1713 1712 1714
f 1715 1695 1716
f 1716 1695 1697
f 1716 1697 1717
f 1717 1697 1699
f 1717 1699 1718
f 1718 1699 1701
f 1718 1701 1719
f 1719 1701 1703
f 1719 1703 1720
f 1720 1703 1705
f 1720 1705 1721
f 1721 1705 1707
f 1721 1707 1722
f 1722 1707 1709
f 1722 1709 1723
f 1723 1709 1711
f 1723 1711 1724
f 1724 1711 1713
f 1725 1715 1726
f 1726 1715 1716
f 1726 1716 1727
f 1727 1716 1717
f 1727 1717 1728
f 1728 1717 1718
f 1728 1718 1729
f 1729 1718 1719
f 1729 1719 1730
f 1730 1719 1720
f 1730 1720 1731
f 1731 1720 1721
f 1731 1721 1732
f 1732 1721 1722
f 1732 1722 1733
f 1733 1722 1723
f 1733 1723 1734
f 1734 1723 1724
f 1735 1725 1736
f 1736 1725 1726
f 1736 1726 1737
f 1737 1726 1727
f 1737 1727 1738
f 1738 1727 1728
f 1738 1728 1739
f 1739 1728 1729
f 1739 1729 1740
f 1740 1729 1730
f 1740 1730 1741
f 1741 1730 1731
f 1741 1731 1742
f 1742 1731 1732
f 1742 1732 1743
f 1743 1732 1733
f 1743 1733 1744
f 1744 1733 1734
f 1745 1735 1746
f 1746 1735 1736
f 1746 1736 1747
f 1747 1736 1737
f 1747 1737 1748
f 1748 1737 1738
f 1748 1738 1749
f 1749 1738 1739
f 1749 1739 1750
f 1750 1739 1740
f 1750 1740 1751
f 1751 1740 1741
f 1751 1741 1752
f 1752 1741 1742
f 1752 1742 1753
f 1753 1742 1743
f 1753 1743 1754
f 1754 1743 1744
f 1755 1745 1756
f 1756 1745 1746
f 1756 1746 1757
f 1757 1746 1747
f 1757 1747 1758
f 1758 1747 1748
f 1758 1748 1759
f 1759 1748 1749
f 1759 1749 1760
f 1760 1749 1750
f 1760 1750 1761
f 1761 1750 1751
f 1761 1751 1762
f 1762 1751 1752
f 1762 1752 1763
f 1763 1752 1753
f 1763 1753 1764
f 1764 1753 1754
f 1765 1696 1695
f 1765 1695 1715
f 1765 1715 1725
f 1765 1725 1735
f 1765 1735 1745
f 1765 1745 1755
f 1766 1764 1754
f 1766 1754 1744
f 1766 1744 1734
f 1766 1734 1724
f 1766 1724 1713
f 1766 1713 1714
f 1767 1768 1769
f 1769 1768 1770
f 1769 1770 1771
f 1771 1770 1772
f 1771 1772 1773
f 1773 1772 1774
f 1773 1774 1775
f 1775 1774 1776
f 1775 1776 1777
f 1777 1776 1778
f 1777 1778 1779
f 1779 1778 1780
f 1779 1780 1781
f 1781 1780 1782
f 1781 1782 1783
f 1783 1782 1784
f 1783 1784 1785
f 1785 1784 1786
f 1787 1767 1788
f 1788 1767 1769
f 1788 1769 1789
f 1789 1769 1771
f 1789 1771 1790
f 1790 1771 1773
f 1790 1773 1791
f 1791 1773 1775
f 1791 1775 1792
f 1792 1775 1777
f 1792 1777 1793
f 1793 1777 1779
f 1793 1779 1794
f 1794 1779 1781
f 1794 1781 1795
f 1795 1781 1783
f 1795 1783 1796
f 1796 1783 1785
f 1797 1787 1798
f 1798 1787 1788
f 1798 1788 1799
f 1799 1788 1789
f 1799 1789 1800
f 1800 1789 1790
f 1800 1790 1801
f 1801 1790 1791
f 1801 1791 1802
f 1802 1791 1792
f 1802 1792 1803
f 1803 1792 1793
f 1803 1793 1804
f 1804 1793 1794
f 1804 1794 1805
f 1805 1794 1795
f 1805 1795 1806
f 1806 1795 1796
f 1807 1797 1808
f 1808 1797 1798
f 1808 1798 1809
f 1809 1798 1799
f 1809 1799 1810
f 1810 1799 1800
f 1810 1800 1811
f 1811 1800 1801
f 1811 1801 1812
f 1812 1801 1802
f 1812 1802 1813
f 1813 1802 1803
f 1813 1803 1814
f 1814 1803 1804
f 1814 1804 1815
f 1815 1804 1805
f 1815 1805 1816
f 1816 1805 1806
f 1817 1807 1818
f 1818 1807 1808
f 1818 1808 1819
f 1819 1808 1809
f 1819 1809 1820
f 1820 1809 1810
f 1820 1810 1821
f 1821 1810 1811
f 1821 1811 1822
f 1822 1811 1812
f 1822 1812 1823
f 1823 1812 1813
f 1823 1813 1824
f 1824 1813 1814
f 1824 1814 1825
f 1825 1814 1815
f 1825 1815 1826
f 1826 1815 1816
f 1696 1817 1698
f 1698 1817 1818
f 1698 1818 1700
f 1700 1818 1819
f 1700 1819 1702
f 1702 1819 1820
f 1702 1820 1704
f 1704 1820 1821
f 1704 1821 1706
f 1706 1821 1822
f 1706 1822 1708
f 1708 1822 1823
f 1708 1823 1710
f 1710 1823 1824
f 1710 1824 1712
f 1712 1824 1825
f 1712 1825 1714
f 1714 1825 1826
f 1765 1768 1767
f 1765 1767 1787
f 1765 1787 1797
f 1765 1797 1807
f 1765 1807 1817
f 1765 1817 1696
f 1766 1714 1826
f 1766 1826 1816
f 1766 1816 1806
f 1766 1806 1796
f 1766 1796 1785
f 1766 1785 1786
f 1827 1755 1828
f 1828 1755 1756
f 1828 1756 1829
f 1829 1756 1757
f 1829 1757 1830
f 1830 1757 1758
f 1830 1758 1831
f 1831 1758 1759
f 1831 1759 1832
f 1832 1759 1760
f 1832 1760 1833
f 1833 1760 1761
f 1833 1761 1834
f 1834 1761 1762
f 1834 1762 1835
f 1835 1762 1763
f 1835 1763 1836
f 1836 1763 1764
f 1837 1827 1838
f 1838 1827 1828
f 1838 1828 1839
f 1839 1828 1829
f 1839 1829 1840
f 1840 1829 1830
f 1840 1830 1841
f 1841 1830 1831
f 1841 1831 1842
f 1842 1831 1832
f 1842 1832 1843
f 1843 1832 1833
f 1843 1833 1844
f 1844 1833 1834
f 1844 1834 1845
f 1845 1834 1835
f 1845 1835 1846
f 1846 1835 1836
f 1847 1837 1848
f 1848 1837 1838
f 1848 1838 1849
f 1849 1838 1839
f 1849 1839 1850
f 1850 1839 1840
f 1850 1840 1851
f 1851 1840 1841
f 1851 1841 1852
f 1852 1841 1842
f 1852 1842 1853
f 1853 1842 1843
f 1853 1843 1854
f 1854 1843 1844
f 1854 1844 1855
f 1855 1844 1845
f 1855 1845 1856
f 1856 1845 1846
f 1857 1847 1858
f 1858 1847 1848
f 1858 1848 1859
f 1859 1848 1849
f 1859 1849 1860
f 1860 1849 1850
f 1860 1850 1861
f 1861 1850 1851
f 1861 1851 1862
f 1862 1851 1852
f 1862 1852 1863
f 1863 1852 1853
f 1863 1853 1864
f 1864 1853 1854
f 1864 1854 1865
f 1865 1854 1855
f 1865 1855 1866
f 1866 1855 1856
f 1867 1857 1868
f 1868 1857 1858
f 1868 1858 1869
f 1869 1858 1859
f 1869 1859 1870
f 1870 1859 1860
f 1870 1860 1871
f 1871 1860 1861
f 1871 1861 1872
f 1872 1861 1862
f 1872 1862 1873
f 1873 1862 1863
f 1873 1863 1874
f 1874 1863 1864
f 1874 1864 1875
f 1875 1864 1865
f 1875 1865 1876
f 1876 1865 1866
f 1877 1867 1878
f 1878 1867 1868
f 1878 1868 1879
f 1879 1868 1869
f 1879 1869 1880
f 1880 1869 1870
f 1880 1870 1881
f 1881 1870 1871
f 1881 1871 1882
f 1882 1871 1872
f 1882 1872 1883
f 1883 1872 1873
f 1883 1873 1884
f 1884 1873 1874
f 1884 1874 1885
f 1885 1874 1875
f 1885 1875 1886
f 1886 1875 1876
f 1765 1755 1827
f 1765 1827 1837
f 1765 1837 1847
f 1765 1847 1857
f 1765 1857 1867
f 1765 1867 1877
f 1766 1886 1876
f 1766 1876 1866
f 1766 1866 1856
f 1766 1856 1846
f 1766 1846 1836
f 1766 1836 1764
f 1887 1877 1888
f 1888 1877 1878
f 1888 1878 1889
f 1889 1878 1879
f 1889 1879 1890
f 1890 1879 1880
f 1890 1880 1891
f 1891 1880 1881
f 1891 1881 1892
f 1892 1881 1882
f 1892 1882 1893
f 1893 1882 1883
f 1893 1883 1894
f 1894 1883 1884
f 1894 1884 1895
f 1895 1884 1885
f 1895 1885 1896
f 1896 1885 1886
f 1897 1887 1898
f 1898 1887 1888
f 1898 1888 1899
f 1899 1888 1889
f 1899 1889 1900
f 1900 1889 1890
f 1900 1890 1901
f 1901 1890 1891
f 1901 1891 1902
f 1902 1891 1892
f 1902 1892 1903
f 1903 1892 1893
f 1903 1893 1904
f 1904 1893 1894
f 1904 1894 1905
f 1905 1894 1895
f 1905 1895 1906
f 1906 1895 1896
f 1907 1897 1908
f 1908 1897 1898
f 1908 1898 1909
f 1909 1898 1899
f 1909 1899 1910
f 1910 1899 1900
f 1910 1900 1911
f 1911 1900 1901
f 1911 1901 1912
f 1912 1901 1902
f 1912 1902 1913
f 1913 1902 1903
f 1913 1903 1914
f 1914 1903 1904
f 1914 1904 1915
f 1915 1904 1905
f 1915 1905 1916
f 1916 1905 1906
f 1917 1907 1918
f 1918 1907 1908
f 1918 1908 1919
f 1919 1908 1909
f 1919 1909 1920
f 1920 1909 1910
f 1920 1910 1921
f 1921 1910 1911
f 1921 1911 1922
f 1922 1911 1912
f 1922 1912 1923
f 1923 1912 1913
f 1923 1913 1924
f 1924 1913 1914
f 1924 1914 1925
f 1925 1914 1915
f 1925 1915 1926
f 1926 1915 1916
f 1927 1917 1928
f 1928 1917 1918
f 1928 1918 1929
f 1929 1918 1919
f 1929 1919 1930
f 1930 1919 1920
f 1930 1920 1931
f 1931 1920 1921
f 1931 1921 1932
f 1932 1921 1922
f 1932 1922 1933
f 1933 1922 1923
f 1933 1923 1934
f 1934 1923 1924
f 1934 1924 1935
f 1935 1924 1925
f 1935 1925 1936
f 1936 1925 1926
f 1768 1927 1770
f 1770 1927 1928
f 1770 1928 1772
f 1772 1928 1929
f 1772 1929 1774
f 1774 1929 1930
f 1774 1930 1776
f 1776 1930 1931
f 1776 1931 1778
f 1778 1931 1932
f 1778 1932 1780
f 1780 1932 1933
f 1780 1933 1782
f 1782 1933 1934
f 1782 1934 1784
f 1784 1934 1935
f 1784 1935 1786
f 1786 1935 1936
f 1765 1877 1887
f 1765 1887 1897
f 1765 1897 1907
f 1765 1907 1917
f 1765 1917 1927
f 1765 1927 1768
f 1766 1786 1936
f 1766 1936 1926
f 1766 1926 1916
f 1766 1916 1906
f 1766 1906 1896
f 1766 1896 1886
