v 0.62988588 0.11636219 0.87780099
v 0.63048449 0.11646940 0.87772288
v 0.62512308 0.11832312 0.87448616
v 0.62520414 0.11802468 0.87500937
v 0.62504471 0.12581011 0.88508667
v 0.62457206 0.12563326 0.88542192
v 0.60959616 0.13337111 0.88375542
v 0.60800922 0.12485118 0.87157500
v 0.60966541 0.11857771 0.86606152
v 0.60503797 0.12287887 0.86829738
v 0.60602054 0.12321042 0.86887270
v 0.60753152 0.12491186 0.87097052
v 0.62943098 0.12019531 0.87716495
v 0.62670284 0.12048835 0.87579385
v 0.63112686 0.11819129 0.87723086
v 0.63148120 0.11834652 0.87680309
v 0.62657506 0.11982642 0.87377226
v 0.62790083 0.11810548 0.87309774
v 0.62395432 0.11691449 0.86838753
v 0.61085426 0.13488728 0.88268750
v 0.61071889 0.11909649 0.86399217
v 0.60767094 0.12435758 0.86804078
v 0.60826068 0.12613306 0.86918249
v 0.60802743 0.12605942 0.86973677
v 0.60328278 0.12783725 0.86987606
v 0.62866941 0.10838192 0.86502882
v 0.60905817 0.12293692 0.86967610
v 0.60039914 0.11928827 0.86079900
v 0.61063639 0.12015482 0.86544619
v 0.60005889 0.11828926 0.86224552
v 0.62439728 0.11878224 0.87118352
v 0.60763802 0.11144916 0.85910963
v 0.60278134 0.11438867 0.86034887
v 0.60336224 0.11529993 0.85871915
v 0.60933598 0.11929193 0.86667352
v 0.61623796 0.10822845 0.86061950
v 0.60507256 0.12255579 0.86787526
v 0.60973882 0.12042503 0.86543570
v 0.62661161 0.12463361 0.88108830
v 0.60590415 0.12432619 0.86731410
v 0.62587492 0.12337567 0.88189303
v 0.62821547 0.10714826 0.86587821
v 0.62522252 0.11861826 0.87498105
v 0.62614055 0.11981858 0.87416609
v 0.60728949 0.12312861 0.86927749
v 0.61998563 0.12841257 0.88404018
v 0.63176795 0.11446252 0.87605521
v 0.60763043 0.12448242 0.87059353
v 0.60807333 0.12456102 0.86842221
v 0.60690108 0.12530044 0.87123850
v 0.60751075 0.12656883 0.86975147
v 0.61370880 0.13348455 0.88304684
v 0.60635824 0.12549591 0.87122118
v 0.61306646 0.13218672 0.88389603
v 0.61077721 0.13481876 0.88325031
v 0.60582953 0.12573138 0.87114592
v 0.60874801 0.13132985 0.87915504
v 0.62602876 0.11957132 0.87363506
v 0.62682758 0.11874611 0.87326454
v 0.60296532 0.12668291 0.87113848
v 0.60778474 0.12822165 0.87399594
v 0.60843201 0.12939206 0.87300929
v 0.60178763 0.12740148 0.86914913
v 0.60033390 0.12623865 0.86758102
v 0.60845010 0.12656642 0.87015858
v 0.62687650 0.11619887 0.87405488
v 0.62622243 0.11716618 0.87087094
v 0.62781609 0.11864593 0.87831517
v 0.62568109 0.11879392 0.87702469
v 0.62779785 0.11807165 0.87851973
v 0.63181252 0.11117137 0.87204499
v 0.63126503 0.11425988 0.87601672
v 0.63104304 0.10909819 0.86925830
v 0.62576337 0.11917941 0.87657939
v 0.62587238 0.11744228 0.87419650
v 0.62604772 0.11707539 0.87464831
v 0.62690757 0.11669447 0.87430823
v 0.62765301 0.11613984 0.87489862
v 0.62536150 0.11552144 0.87212615
v 0.62539345 0.11604010 0.87193167
v 0.62281210 0.11537321 0.86994893
v 0.62247729 0.11460623 0.86922843
v 0.62365778 0.11765087 0.87229821
v 0.62460212 0.11802346 0.87344727
v 0.62315903 0.11757403 0.87266243
v 0.62555385 0.11969935 0.87631350
v 0.61981625 0.12793746 0.88387273
v 0.61822180 0.12894565 0.88329936
v 0.61811384 0.12838325 0.88317344
v 0.61012355 0.13347841 0.88395481
v 0.61281848 0.13172340 0.88364558
v 0.60898375 0.13087326 0.87933111
v 0.60788487 0.12539501 0.87133720
v 0.61012776 0.11904729 0.86671547
v 0.60998477 0.11754303 0.86582609
v 0.60423456 0.12259607 0.86817349
v 0.60543415 0.12311553 0.86863415
v 0.60546590 0.12326595 0.86926567
v 0.60767889 0.12340788 0.86960595
v 0.60716693 0.12446282 0.87096406
v 0.60733931 0.12299453 0.86983235
v 0.60328736 0.12618430 0.87129158
v 0.60158776 0.12626022 0.87036828
v 0.60177168 0.12572902 0.87043568
v 0.60002531 0.12503866 0.86877622
v 0.59891626 0.12214038 0.86521323
v 0.60031680 0.12454058 0.86885409
v 0.60034907 0.11799436 0.86263686
v 0.61617382 0.10835736 0.86114499
v 0.62289986 0.10666584 0.86288828
v 0.62254704 0.10677577 0.86338692
v 0.63043764 0.10903602 0.86940552
v 0.62789271 0.10740606 0.86632058
v 0.62889707 0.12008943 0.87740519
v 0.62937317 0.11975763 0.87755865
v 0.63148069 0.11774989 0.87702098
v 0.63249623 0.11258614 0.87082935
v 0.63244404 0.11591501 0.87477595
v 0.63273710 0.11566156 0.87525733
v 0.62716388 0.12085768 0.87570095
v 0.62741207 0.11889041 0.87330811
v 0.62890402 0.11781496 0.87358114
v 0.62351315 0.11617619 0.86748330
v 0.62521659 0.11964590 0.87221667
v 0.62630246 0.12075481 0.87549693
v 0.62534534 0.11912974 0.87240064
v 0.62612450 0.12129530 0.87536091
v 0.62650588 0.12505134 0.88072565
v 0.62090885 0.12975083 0.88264662
v 0.62077646 0.12974898 0.88316142
v 0.61922573 0.13033606 0.88189928
v 0.61898164 0.13024101 0.88241023
v 0.60991483 0.13276598 0.87814924
v 0.61037968 0.13463267 0.88288480
v 0.60897610 0.12949807 0.87290637
v 0.60940968 0.13263429 0.87829936
v 0.60894432 0.12655630 0.86982624
v 0.60968021 0.12410753 0.86846162
v 0.61012302 0.12446615 0.86845341
v 0.61111565 0.12018079 0.86509648
v 0.60950871 0.12064330 0.86496154
v 0.60548831 0.12367509 0.86667255
v 0.60610055 0.12491970 0.86747904
v 0.60550364 0.12412430 0.86695912
v 0.60644920 0.12441381 0.86763577
v 0.60825170 0.12560078 0.86942903
v 0.60689132 0.12675693 0.86984548
v 0.60630539 0.12692885 0.86994111
v 0.60372180 0.12779789 0.86944932
v 0.60210981 0.12732830 0.86872307
v 0.60076247 0.12620875 0.86718599
v 0.59976884 0.12348175 0.86403929
v 0.59917797 0.12339086 0.86413564
v 0.60094493 0.11955184 0.86083732
v 0.60816504 0.11219055 0.85777413
v 0.62335310 0.10771013 0.86143377
v 0.61682726 0.10923269 0.85933086
v 0.62886082 0.10870142 0.86459651
v 0.60861292 0.12606854 0.86977295
v 0.60805239 0.12487603 0.87100229
v 0.62794894 0.11756626 0.87293303
v 0.62330425 0.11513343 0.86985261
v 0.62420726 0.11641529 0.86855481
v 0.61015164 0.11963208 0.86481495
v 0.61015666 0.11861314 0.86625983
v 0.61062878 0.11968418 0.86505133
v 0.62830548 0.11838527 0.87840637
v 0.62609888 0.11924138 0.87703867
v 0.62706625 0.12057464 0.87622469
v 0.62552008 0.12752422 0.88443090
v 0.62465963 0.12621067 0.88525132
v 0.62582972 0.12708684 0.88419253
v 0.63005815 0.11689089 0.87791514
v 0.60363839 0.12664609 0.87118808
v 0.60393632 0.12770440 0.86998951
v 0.62732248 0.11830730 0.87329840
v 0.62636086 0.11702841 0.87416528
v 0.63197728 0.11007794 0.86814047
v 0.63290089 0.11215462 0.87101869
v 0.63169915 0.11054918 0.86788374
v 0.62352086 0.10828880 0.86148939
v 0.61701792 0.10974736 0.85931121
v 0.60840047 0.11276885 0.85789729
v 0.60377872 0.11572473 0.85882267
v 0.60645787 0.12687830 0.86940648
v 0.60715550 0.12661749 0.86930318
v 0.60794468 0.12485430 0.86793982
v 0.60481990 0.12424537 0.86642952
v 0.61370227 0.13357669 0.88244006
v 0.62596728 0.12764750 0.88407992
v 0.62434279 0.11934502 0.87094343
v 0.62666496 0.11715427 0.87053619
v 0.62409929 0.11799585 0.87368037
v 0.62509822 0.11961195 0.87661710
v 0.62534387 0.12321649 0.88192995
v 0.61001067 0.13297648 0.88370561
v 0.60804709 0.12784728 0.87430711
v 0.60923323 0.12278005 0.87023277
v 0.61042116 0.11858095 0.86692202
v 0.60886352 0.11898269 0.86678352
v 0.60645993 0.12494605 0.87135174
v 0.60583504 0.12514259 0.87118193
v 0.59923057 0.12190339 0.86562100
v 0.60306821 0.11458898 0.86084883
v 0.60766335 0.11150322 0.85964072
v 0.63130796 0.11093369 0.87229347
v 0.60319518 0.12773867 0.86927761
v 0.60488726 0.12298156 0.86885863
v 0.60278134 0.12609784 0.87107876
v 0.60229687 0.12642356 0.87073808
v 0.60238385 0.12579704 0.87081031
v 0.60257929 0.12754441 0.86952694
v 0.60275474 0.12764554 0.86892564
v 0.60551602 0.12470867 0.86704241
v 0.60428226 0.12766809 0.86948357
v 0.60384441 0.12609665 0.87126087
v 0.60488437 0.12639185 0.87136514
v 0.60425203 0.12652157 0.87122329
v 0.60469764 0.12581671 0.87118687
v 0.60529892 0.12743488 0.87000092
v 0.60458186 0.12754784 0.86996966
v 0.60518606 0.12734870 0.86944807
v 0.60793483 0.12566574 0.86889890
v 0.60817778 0.12510570 0.86893837
v 0.60793956 0.12525339 0.86845266
v 0.60673136 0.12489259 0.86761412
v 0.60705813 0.12438792 0.86777845
v 0.60721904 0.12495864 0.86789367
v 0.60551349 0.12365756 0.86614149
v 0.60884690 0.11962285 0.86678312
v 0.60758338 0.12216957 0.86608692
v 0.60658031 0.12298235 0.86635636
v 0.60704635 0.12100251 0.86734273
v 0.60685450 0.12048441 0.86734076
v 0.60780341 0.11979938 0.86708249
v 0.60834114 0.11940151 0.86690327
v 0.60993555 0.11993207 0.86442524
v 0.60922944 0.11833890 0.86625156
v 0.60821328 0.12021310 0.86694621
v 0.60489330 0.12206411 0.86787013
v 0.60603611 0.12187504 0.86768032
v 0.60587010 0.12136838 0.86764189
v 0.60754065 0.12222118 0.86556194
v 0.60648019 0.12301191 0.86583710
v 0.61100127 0.12061932 0.86543478
v 0.61018219 0.12397241 0.86812098
v 0.61006155 0.12209000 0.86685474
v 0.61026527 0.12115627 0.86616011
v 0.61049662 0.12068274 0.86579310
v 0.60985192 0.12302655 0.86760970
v 0.60974876 0.12361175 0.86804757
v 0.61025080 0.11898524 0.86728419
v 0.60937972 0.12243964 0.86981598
v 0.60974219 0.12073122 0.86850901
v 0.61050999 0.12234248 0.86675130
v 0.61079659 0.12131977 0.86596717
v 0.61025921 0.12336846 0.86755318
v 0.60952692 0.12097797 0.86808722
v 0.60930807 0.12192650 0.86882499
v 0.60917028 0.12244320 0.86928228
v 0.60949323 0.12176888 0.86932255
v 0.60974858 0.12007078 0.86736093
v 0.60999574 0.11951617 0.86705854
v 0.61003217 0.11977807 0.86775850
v 0.62229585 0.11544377 0.87023078
v 0.62311051 0.11739580 0.87214065
v 0.62327143 0.11647024 0.87103385
v 0.62350096 0.11707531 0.87165197
v 0.62282069 0.11630620 0.87142394
v 0.62296323 0.11693267 0.87167455
v 0.62362447 0.11733659 0.86825614
v 0.62418439 0.11892330 0.87061260
v 0.62407563 0.11774706 0.86983763
v 0.62430503 0.11825145 0.87050797
v 0.62401291 0.11824326 0.86948423
v 0.62404407 0.11853282 0.87009886
v 0.60915196 0.12612440 0.86952544
v 0.60828214 0.12443523 0.87129118
v 0.60850571 0.12392889 0.87023854
v 0.60818083 0.12432732 0.87069852
v 0.60869661 0.12375264 0.87076847
v 0.60908892 0.12504383 0.86910391
v 0.60883567 0.12565217 0.86939671
v 0.60951192 0.12541524 0.86906258
v 0.60801275 0.12529139 0.87192667
v 0.60785971 0.12680567 0.87268274
v 0.60788220 0.12606075 0.87204734
v 0.60889823 0.12695481 0.87022089
v 0.60846538 0.12803526 0.87159288
v 0.60849489 0.12723942 0.87089205
v 0.60808338 0.12644472 0.87303329
v 0.60811945 0.12572979 0.87247480
v 0.60894052 0.12809816 0.87138781
v 0.60899538 0.12747742 0.87070469
v 0.61870874 0.13058832 0.88199242
v 0.61768729 0.12875554 0.88311744
v 0.61556403 0.13052359 0.88344583
v 0.61687583 0.12976662 0.88334472
v 0.61757850 0.12936261 0.88335099
v 0.61648738 0.13203243 0.88209797
v 0.61631551 0.13197260 0.88258991
v 0.61766218 0.13104227 0.88251640
v 0.61834667 0.13064715 0.88251712
v 0.61766258 0.13127535 0.88196109
v 0.61815040 0.13092790 0.88204083
v 0.61533666 0.13001398 0.88336800
v 0.61652196 0.12932418 0.88326052
v 0.61714178 0.12910076 0.88312633
v 0.62536143 0.12775926 0.88382852
v 0.62420834 0.12590277 0.88500213
v 0.62230042 0.12730872 0.88460354
v 0.62351447 0.12682259 0.88485893
v 0.62411417 0.12647244 0.88507851
v 0.62335812 0.12867541 0.88321929
v 0.62314541 0.12866687 0.88370308
v 0.62431064 0.12814180 0.88417057
v 0.62495940 0.12778876 0.88424560
v 0.62451409 0.12812072 0.88365083
v 0.62218450 0.12681708 0.88449670
v 0.62339736 0.12628076 0.88481648
v 0.62463835 0.12546019 0.88482696
v 0.62550105 0.12454280 0.88340202
v 0.62532720 0.12516804 0.88413113
v 0.62515821 0.12553262 0.88458930
v 0.62585045 0.12729405 0.88362371
v 0.62631190 0.12588016 0.88250235
v 0.62617254 0.12639669 0.88330316
v 0.62598686 0.12674425 0.88375145
v 0.62614324 0.12633757 0.88230771
v 0.62596672 0.12690869 0.88314943
v 0.62500703 0.12446421 0.88352974
v 0.62482192 0.12507839 0.88435001
v 0.62462064 0.11643024 0.86824051
v 0.62527527 0.11679164 0.86967022
v 0.62565324 0.11677466 0.86929085
v 0.62820184 0.11757608 0.87239617
v 0.62791013 0.11856854 0.87338690
v 0.62564042 0.11744397 0.87475532
v 0.62659031 0.11677646 0.87476306
v 0.62550409 0.11786529 0.87439685
v 0.62582705 0.11860177 0.87640970
v 0.62759541 0.11825267 0.87792244
v 0.62634379 0.11867945 0.87704375
v 0.62708717 0.11914590 0.87761607
v 0.62755571 0.11883442 0.87784452
v 0.62666337 0.11917333 0.87711874
v 0.62888572 0.12005999 0.87674367
v 0.62757209 0.12039141 0.87593513
v 0.62708398 0.12036166 0.87530247
v 0.62553266 0.11888738 0.87579486
v 0.62645775 0.12013474 0.87497929
v 0.62703102 0.11927451 0.87346373
v 0.62646591 0.11919895 0.87346494
v 0.62687412 0.12008666 0.87465010
v 0.62559753 0.11836080 0.87575148
v 0.62792119 0.12040366 0.87691049
v 0.62752020 0.12030852 0.87650143
v 0.62839554 0.12010824 0.87705977
v 0.62822037 0.12020019 0.87637381
v 0.62695689 0.11854411 0.87753181
v 0.63252676 0.11185832 0.87061530
v 0.63220778 0.11154898 0.86931020
v 0.63235438 0.11206906 0.87006649
v 0.63157529 0.11080349 0.87156804
v 0.63081356 0.10997873 0.87088728
v 0.63105322 0.11047583 0.87153028
v 0.63125264 0.10993776 0.87056679
v 0.63144957 0.11036439 0.87115756
v 0.63227944 0.11105378 0.86955052
v 0.63253994 0.11154062 0.87010139
v 0.63129171 0.11782620 0.87645302
v 0.63202280 0.11667916 0.87594120
v 0.63163525 0.11722653 0.87640514
v 0.63018651 0.11597781 0.87752351
v 0.63120229 0.11538533 0.87680865
v 0.63077600 0.11593121 0.87727940
v 0.63069890 0.11516351 0.87677544
v 0.63029966 0.11550811 0.87726500
v 0.63185820 0.11704511 0.87555339
v 0.63160913 0.11762482 0.87596767
v 0.63082073 0.11845245 0.87674358
v 0.62952990 0.11963132 0.87698685
v 0.63005767 0.11877246 0.87740301
v 0.62975009 0.11932425 0.87742764
v 0.63063368 0.11856523 0.87727228
v 0.62945513 0.11675804 0.87793951
v 0.62822581 0.11790082 0.87807534
v 0.62926841 0.11779618 0.87803950
v 0.62959455 0.11727526 0.87811062
v 0.62874971 0.11802357 0.87826897
v 0.62883072 0.11732895 0.87802570
v 0.63022374 0.11906879 0.87686702
v 0.60724700 0.12404529 0.87057598
v 0.60771828 0.12392951 0.87013218
v 0.60730748 0.12355187 0.87017541
v 0.60610326 0.12326379 0.86942273
v 0.60665105 0.12321784 0.86908492
v 0.60666413 0.12312415 0.86964310
v 0.62344680 0.11465049 0.87006246
v 0.62439777 0.11564069 0.87083022
v 0.62444209 0.11511650 0.87107464
v 0.62696116 0.11566172 0.87386726
v 0.60025668 0.12589568 0.86712350
v 0.59948075 0.12357322 0.86456926
v 0.60039632 0.12491702 0.86561905
v 0.60018287 0.12427039 0.86485282
v 0.59997011 0.12383647 0.86449267
v 0.60069001 0.12553911 0.86625471
v 0.60065369 0.12584089 0.86672679
v 0.59994890 0.12462390 0.86838886
v 0.59912023 0.12248066 0.86564630
v 0.59994076 0.12472175 0.86580646
v 0.59970601 0.12400858 0.86508186
v 0.60018064 0.12534577 0.86662308
v 0.59981772 0.12309830 0.86733688
v 0.59997924 0.12365182 0.86810638
v 0.60017907 0.12411698 0.86845150
v 0.59958019 0.12244803 0.86657274
v 0.59940635 0.12222091 0.86607283
v 0.59954111 0.12344473 0.86704000
v 0.59984348 0.12416791 0.86782046
v 0.59932205 0.12283825 0.86619770
v 0.63281683 0.11255554 0.87142079
v 0.63264375 0.11532652 0.87482334
v 0.63263210 0.11411487 0.87280595
v 0.63257446 0.11499539 0.87375916
v 0.63252490 0.11543876 0.87424136
v 0.63248320 0.11346944 0.87182922
v 0.63251928 0.11300355 0.87136056
v 0.63123871 0.11256056 0.87416897
v 0.63271551 0.11390360 0.87331464
v 0.63266108 0.11473967 0.87426364
v 0.63272202 0.11299487 0.87220354
v 0.63174024 0.11271878 0.87417656
v 0.62384120 0.10779292 0.86171602
v 0.62839822 0.10815233 0.86446281
v 0.62615477 0.10840623 0.86296941
v 0.62752936 0.10849824 0.86375909
v 0.62818379 0.10860634 0.86417348
v 0.62481932 0.10832634 0.86222351
v 0.62416638 0.10830144 0.86184525
v 0.62517084 0.10701732 0.86486151
v 0.62625038 0.10792538 0.86318664
v 0.62739568 0.10793817 0.86402595
v 0.62794539 0.10808072 0.86412264
v 0.62492838 0.10782178 0.86243965
v 0.62433313 0.10784650 0.86217453
v 0.62555603 0.10699180 0.86448064
v 0.62284583 0.10803695 0.86158832
v 0.62038993 0.10909902 0.86038777
v 0.62194000 0.10863683 0.86089695
v 0.62258861 0.10850503 0.86114983
v 0.61944646 0.10771302 0.86228564
v 0.61951978 0.10772648 0.86174406
v 0.62236467 0.10678231 0.86278378
v 0.62104238 0.10720563 0.86277898
v 0.62181245 0.10696986 0.86308178
v 0.62105856 0.10719554 0.86225064
v 0.62187926 0.10701347 0.86250283
v 0.62012379 0.10864183 0.86032413
v 0.62167806 0.10811636 0.86088770
v 0.62242637 0.10779145 0.86117109
v 0.62632064 0.12114113 0.87594348
v 0.62631107 0.12317286 0.87792936
v 0.62623518 0.12222782 0.87660600
v 0.62624432 0.12174873 0.87594144
v 0.62550938 0.12002432 0.87683845
v 0.62554069 0.12151927 0.87921988
v 0.62647736 0.12281229 0.87828994
v 0.62637169 0.12184706 0.87701907
v 0.62642756 0.12153705 0.87643688
v 0.62502212 0.12137766 0.87924473
v 0.62499805 0.12052659 0.87793992
v 0.62494611 0.12001756 0.87724071
v 0.62553415 0.12071179 0.87792480
v 0.62543262 0.12032299 0.87738117
v 0.60867912 0.11220306 0.85797660
v 0.61277504 0.11133518 0.85853422
v 0.61066872 0.11214400 0.85821513
v 0.60966764 0.11253818 0.85805341
v 0.60901350 0.11264027 0.85799692
v 0.61192657 0.10984841 0.86042765
v 0.61205753 0.10978861 0.85992507
v 0.60817515 0.11111199 0.85937450
v 0.60983781 0.11062482 0.86013686
v 0.60884195 0.11095291 0.86005648
v 0.60831907 0.11135658 0.85983312
v 0.60999129 0.11059178 0.85964351
v 0.60891881 0.11096860 0.85948086
v 0.61264671 0.11083056 0.85857664
v 0.61053614 0.11163717 0.85824567
v 0.60940916 0.11202594 0.85814175
v 0.60387105 0.11512555 0.85887852
v 0.60782893 0.11253970 0.85803695
v 0.60608916 0.11433512 0.85835975
v 0.60717870 0.11354588 0.85815621
v 0.60780931 0.11312718 0.85804202
v 0.60502952 0.11504475 0.85861389
v 0.60439139 0.11539866 0.85872357
v 0.60533744 0.11287111 0.86020389
v 0.60578937 0.11390023 0.85841020
v 0.60700742 0.11302472 0.85818182
v 0.60462393 0.11469898 0.85861597
v 0.60527685 0.11287526 0.85967568
v 0.60342002 0.11442657 0.86031005
v 0.60431771 0.11368045 0.86062843
v 0.60368451 0.11418560 0.86078173
v 0.60409027 0.11371278 0.86012515
v 0.60320132 0.11574904 0.85901232
v 0.60084634 0.11895124 0.86074502
v 0.60237440 0.11778474 0.85978491
v 0.60315839 0.11686984 0.85937892
v 0.60348518 0.11625820 0.85908016
v 0.60183272 0.11873293 0.86025201
v 0.60136090 0.11913303 0.86058620
v 0.60281310 0.11495375 0.86047721
v 0.60041647 0.11786630 0.86206902
v 0.60198691 0.11741880 0.85986431
v 0.60278831 0.11651369 0.85928918
v 0.60140003 0.11838713 0.86036680
v 0.60144295 0.11639022 0.86095203
v 0.60157767 0.11634547 0.86148428
v 0.60109410 0.11707922 0.86230746
v 0.60070737 0.11755686 0.86245401
v 0.60089803 0.11728657 0.86174819
v 0.60219253 0.11556265 0.86099225
v 0.60260963 0.11509830 0.86108021
v 0.60225254 0.11552595 0.86042173
v 0.59946892 0.12296556 0.86390969
v 0.60048544 0.11963001 0.86123267
v 0.60047138 0.12155519 0.86231597
v 0.60089347 0.12062301 0.86154021
v 0.60085285 0.12007345 0.86120515
v 0.60020113 0.12251201 0.86315582
v 0.59995832 0.12302959 0.86359072
v 0.59981035 0.11994917 0.86411715
v 0.60000021 0.12147083 0.86256731
v 0.60036262 0.12037518 0.86177494
v 0.59970178 0.12238412 0.86332363
v 0.59953364 0.12028894 0.86376541
v 0.63168770 0.10993695 0.86765159
v 0.62932418 0.10838017 0.86503291
v 0.63034533 0.10968092 0.86609735
v 0.63101123 0.11015827 0.86685912
v 0.63135200 0.11032674 0.86741139
v 0.62967527 0.10926744 0.86540893
v 0.62921525 0.10897011 0.86502887
v 0.63075579 0.10879287 0.86887381
v 0.62849753 0.10746895 0.86624208
v 0.63048835 0.10927965 0.86638340
v 0.63118113 0.10971974 0.86713986
v 0.62969049 0.10869271 0.86561618
v 0.62967591 0.10821493 0.86748239
v 0.62924069 0.10823212 0.86783280
v 0.62858037 0.10796710 0.86715870
v 0.62828091 0.10767754 0.86671063
v 0.62897901 0.10791888 0.86668704
v 0.62982674 0.10865521 0.86842846
v 0.63018645 0.10874263 0.86891800
v 0.63038073 0.10861676 0.86832288
v 0.61529935 0.12551217 0.87641439
v 0.61632406 0.12736364 0.87501371
v 0.61659869 0.11848874 0.86940922
v 0.61748372 0.12007357 0.86771456
v 0.61399035 0.12221916 0.87176492
v 0.61489212 0.12392179 0.87010485
v 0.62720356 0.11200703 0.86984877
v 0.62833339 0.11355567 0.86819205
v 0.61660252 0.12716172 0.87972333
v 0.61765151 0.12899471 0.87845657
v 0.61969360 0.11917983 0.87177242
v 0.62065330 0.12085355 0.87013294
v 0.60986317 0.11591185 0.86090246
v 0.60912423 0.11440877 0.86275545
v 0.60555523 0.11735193 0.86394315
v 0.60626276 0.11894703 0.86211032
v 0.61345982 0.11870922 0.86821391
v 0.61426876 0.12029742 0.86643713
v 0.60834411 0.12971459 0.87650885
v 0.60962737 0.13131007 0.87546019
v 0.60913231 0.13109595 0.87555939
v 0.60856656 0.12937068 0.87687982
v 0.62016922 0.12255799 0.87615502
v 0.62126901 0.12436900 0.87476319
v 0.62291734 0.11244698 0.86412824
v 0.62196621 0.11099126 0.86596590
v 0.62579343 0.11008555 0.86727847
v 0.62683112 0.11152627 0.86550215
v 0.60927274 0.13241452 0.88133548
v 0.61051378 0.13396553 0.88044450
v 0.60999014 0.13380161 0.88049190
v 0.60948011 0.13199138 0.88155402
v 0.61164975 0.12243270 0.87083560
v 0.61248783 0.12408444 0.86917607
v 0.60216602 0.12141772 0.86635230
v 0.60279762 0.12310881 0.86461972
v 0.61415853 0.10900538 0.86025404
v 0.61490521 0.11052288 0.85888924
v 0.61475820 0.11001918 0.85896099
v 0.61403125 0.10904480 0.86076818
v 0.63031573 0.11408016 0.87024288
v 0.62905576 0.11247350 0.87181479
v 0.62144246 0.11831593 0.87205117
v 0.62247730 0.11995291 0.87043383
v 0.60290253 0.11854696 0.86399442
v 0.60359898 0.12015153 0.86217740
v 0.62733097 0.11760660 0.87390236
v 0.62674736 0.11779311 0.87347856
v 0.62629290 0.11808874 0.87364785
v 0.62746144 0.11713243 0.87359336
v 0.62331684 0.11622348 0.86915905
v 0.62365468 0.11566959 0.86917401
v 0.60278097 0.12510469 0.86657383
v 0.60239585 0.12369988 0.86871081
v 0.62860451 0.11034397 0.86929399
v 0.62976625 0.11189689 0.86765012
v 0.61721959 0.12790137 0.88143801
v 0.61829964 0.12977870 0.88021315
v 0.60470522 0.11569630 0.86227785
v 0.60542180 0.11727096 0.86037132
v 0.61076299 0.12464868 0.87262161
v 0.61166432 0.12637791 0.87099741
v 0.62482762 0.11891394 0.87488063
v 0.62437423 0.11887286 0.87515495
v 0.62571554 0.12006417 0.87389680
v 0.62565397 0.12057911 0.87376061
v 0.61785532 0.10801488 0.86118569
v 0.61781903 0.10807000 0.86171334
v 0.61847164 0.10892812 0.85981233
v 0.61868479 0.10942330 0.85980308
v 0.60956216 0.11424426 0.85943077
v 0.60827416 0.11294964 0.86126847
v 0.63019735 0.11785191 0.87492757
v 0.60684055 0.11849398 0.86543628
v 0.60737846 0.12036455 0.86383186
v 0.61188523 0.11876735 0.86765360
v 0.61264159 0.12036345 0.86585717
v 0.61161895 0.13268438 0.88384638
v 0.61131462 0.13225544 0.88373015
v 0.61229460 0.13410307 0.88304029
v 0.61221996 0.13428433 0.88252952
v 0.61008515 0.11908325 0.86547056
v 0.61056250 0.11913744 0.86570375
v 0.61041791 0.11960214 0.86606966
v 0.62576031 0.12246667 0.88057683
v 0.62527086 0.12225050 0.88058986
v 0.62653013 0.12376428 0.87972116
v 0.62642588 0.12412179 0.87933248
v 0.62262774 0.12147279 0.87685075
v 0.62380282 0.12328216 0.87547695
v 0.61495470 0.13276308 0.88276790
v 0.61511669 0.13284606 0.88226456
v 0.61426022 0.13137639 0.88363274
v 0.61411518 0.13088301 0.88348193
v 0.60401736 0.12634718 0.86816871
v 0.62417793 0.10689143 0.86375379
v 0.62381032 0.10691936 0.86415522
v 0.62691933 0.10710397 0.86524099
v 0.62653647 0.10716140 0.86562358
v 0.60816528 0.12886472 0.87526463
v 0.60835837 0.12852092 0.87564967
v 0.60860176 0.13050417 0.87780911
v 0.60879339 0.13008786 0.87814396
v 0.60886813 0.13024415 0.87422304
v 0.60937442 0.13042821 0.87418580
v 0.60976142 0.13204402 0.87678890
v 0.60927090 0.13184968 0.87689424
v 0.62719367 0.10904476 0.86728967
v 0.62827074 0.11044542 0.86549218
v 0.60351057 0.12466972 0.86994779
v 0.62374381 0.11037252 0.86304962
v 0.62245014 0.10888558 0.86468563
v 0.63081578 0.11644608 0.87367952
v 0.62194497 0.12922290 0.88341587
v 0.62215338 0.12923202 0.88295297
v 0.62112954 0.12786002 0.88429247
v 0.62098937 0.12737555 0.88418068
v 0.62148124 0.12484571 0.88073419
v 0.62261350 0.12669804 0.87946871
v 0.60643295 0.11214645 0.85942175
v 0.60649814 0.11205858 0.85992165
v 0.61705209 0.11233329 0.86468640
v 0.61793408 0.11378649 0.86284149
v 0.60858534 0.12133964 0.86588785
v 0.60855090 0.12138093 0.86534650
v 0.62700461 0.11749085 0.87605853
v 0.63181565 0.11192751 0.87327306
v 0.63128381 0.11177468 0.87324591
v 0.63159691 0.11354966 0.87511700
v 0.63108277 0.11333561 0.87513624
v 0.59924296 0.12125418 0.86455009
v 0.59950484 0.12095111 0.86486729
v 0.59994438 0.11918057 0.86307061
v 0.60018555 0.11884185 0.86348519
v 0.61273215 0.12884632 0.87909839
v 0.61372517 0.13071569 0.87780210
v 0.60093919 0.12545514 0.86958182
v 0.60104339 0.12491925 0.86970416
v 0.60110322 0.12672318 0.86840581
v 0.60153567 0.12679171 0.86798061
v 0.60951139 0.13293829 0.88247081
v 0.60973327 0.13249292 0.88269458
v 0.60902149 0.13188225 0.88022197
v 0.60920613 0.13147204 0.88047244
v 0.60960795 0.13315639 0.87931011
v 0.61011005 0.13336511 0.87926376
v 0.61071760 0.13447575 0.88151016
v 0.61022127 0.13433670 0.88164074
v 0.61046940 0.12249259 0.87041378
v 0.61128261 0.12414050 0.86871126
v 0.60070262 0.12154975 0.86590853
v 0.60617712 0.12407099 0.87023711
v 0.61946539 0.11647926 0.86917286
v 0.62041533 0.11802862 0.86739089
v 0.60141678 0.12358380 0.86458540
v 0.62739457 0.11741073 0.87144496
v 0.62704041 0.11741214 0.87182377
v 0.62612514 0.11576659 0.87292954
v 0.62614243 0.11628778 0.87279482
v 0.61155988 0.11123137 0.85838369
v 0.61172628 0.11174246 0.85836189
v 0.61270994 0.11400675 0.86057933
v 0.61189969 0.11251694 0.86244352
v 0.61104487 0.11024890 0.85979107
v 0.61089525 0.11027201 0.86028876
v 0.61523691 0.10861013 0.86046406
v 0.61507921 0.10868215 0.86094997
v 0.61500801 0.11111756 0.86279281
v 0.61585166 0.11258938 0.86094023
v 0.61310384 0.10938522 0.86008046
v 0.61297691 0.10944762 0.86058605
v 0.61369365 0.11041978 0.85876254
v 0.61383319 0.11092466 0.85870698
v 0.61585260 0.10962947 0.85913475
v 0.61595301 0.11013254 0.85907752
v 0.60528636 0.12350591 0.86763204
v 0.60571452 0.12370120 0.86796627
v 0.60624931 0.12380176 0.86825164
v 0.60525062 0.12308551 0.86723051
v 0.60209805 0.11774014 0.86301224
v 0.60278941 0.11934239 0.86119466
v 0.61233700 0.12856070 0.87385270
v 0.61137430 0.12677958 0.87529594
v 0.62912481 0.11569848 0.87585083
v 0.62840900 0.11916662 0.87487713
v 0.63140714 0.11323151 0.87041092
v 0.62457843 0.11254942 0.86860370
v 0.62563165 0.11400174 0.86686372
v 0.60124104 0.12363510 0.86831381
v 0.61651389 0.12871835 0.88211225
v 0.61755801 0.13062587 0.88089902
v 0.62834178 0.11552788 0.87009023
v 0.62711692 0.11392888 0.87169435
v 0.61889950 0.12822336 0.88352664
v 0.61909737 0.12869126 0.88365614
v 0.61967232 0.12654184 0.88161340
v 0.62078336 0.12839080 0.88036479
v 0.62004147 0.13008596 0.88228604
v 0.61981844 0.12997017 0.88278721
v 0.60809178 0.12717536 0.87359528
v 0.60781937 0.12755485 0.87335309
v 0.60846839 0.12871996 0.87231558
v 0.60897655 0.12881650 0.87214687
v 0.62650787 0.12527153 0.88177390
v 0.62632992 0.12569079 0.88150432
v 0.62432771 0.12660824 0.88097078
v 0.62567520 0.12395374 0.88262723
v 0.62516792 0.12384401 0.88271908
v 0.62227464 0.11785843 0.87221245
v 0.62222981 0.11943930 0.87384785
v 0.62307740 0.12177316 0.87286010
v 0.62337855 0.11949421 0.87059081
v 0.60186043 0.12573724 0.86694863
v 0.62962185 0.10974093 0.86944957
v 0.63081183 0.11128890 0.86782073
v 0.60466846 0.11463016 0.86142185
v 0.60533734 0.11613738 0.85947674
v 0.61330399 0.11582709 0.86574667
v 0.61412369 0.11735135 0.86389008
v 0.61182283 0.13056646 0.88106753
v 0.61279476 0.13250207 0.87984996
v 0.60215294 0.12035863 0.86186216
v 0.62341288 0.12413812 0.88147479
v 0.60998595 0.13400842 0.88328441
v 0.61044255 0.13412650 0.88359801
v 0.62696801 0.11715390 0.87398487
v 0.62717510 0.11663909 0.87377649
v 0.62759490 0.11770333 0.87338134
v 0.62750169 0.11723593 0.87303107
v 0.62365352 0.11654601 0.86868883
v 0.62387370 0.11606924 0.86887611
v 0.62383529 0.11724198 0.86916349
v 0.62374609 0.11776250 0.86893572
v 0.62219021 0.11864579 0.86896450
v 0.62316223 0.11564800 0.86954322
v 0.62372775 0.11543049 0.86966367
v 0.61752824 0.12827318 0.88231377
v 0.61858941 0.13015157 0.88111017
v 0.60940648 0.12508338 0.87237303
v 0.61026661 0.12678027 0.87071044
v 0.60887416 0.11360701 0.85868716
v 0.60868126 0.11194844 0.86067840
v 0.62949386 0.11602393 0.87676129
v 0.62391297 0.11525073 0.87038862
v 0.62395428 0.11472737 0.87060086
v 0.62525144 0.11370319 0.87007464
v 0.63037080 0.11730662 0.87675932
v 0.61274599 0.11099644 0.86164565
v 0.60409118 0.11440327 0.85946273
v 0.60182773 0.12446558 0.86566749
v 0.60264098 0.12629122 0.86961310
v 0.60021445 0.12312997 0.86539216
v 0.62904570 0.11420414 0.87376324
v 0.63031823 0.11003500 0.86817114
v 0.62263351 0.12789484 0.88136044
v 0.62156930 0.12601555 0.88257332
v 0.62707952 0.11911047 0.87619151
v 0.62284871 0.10775995 0.86417141
v 0.60115237 0.11886768 0.86171738
v 0.62330285 0.12530690 0.88313006
v 0.61067934 0.12931267 0.87368419
v 0.62454958 0.12189788 0.87439174
v 0.62329764 0.12017465 0.87579059
v 0.62783572 0.11745821 0.87695274
v 0.61023011 0.12337322 0.86934991
v 0.60379088 0.12726354 0.87066276
v 0.60317562 0.12726305 0.87051397
v 0.62849408 0.11647539 0.87143053
v 0.60970566 0.12754737 0.87515125
v 0.62590921 0.10863898 0.86628705
v 0.60095232 0.12471571 0.86819223
v 0.62104299 0.11697535 0.87048810
v 0.62695851 0.10814139 0.86649395
v 0.60707245 0.12444518 0.86894257
v 0.60663179 0.12620877 0.87057480
v 0.60722320 0.12588211 0.87066079
v 0.60775396 0.12549231 0.87031287
v 0.60797403 0.12503304 0.87000064
v 0.60606341 0.12637497 0.87053668
v 0.62939873 0.11810832 0.87711183
v 0.61972715 0.11000600 0.86413146
v 0.62110940 0.11113747 0.86226366
v 0.61156079 0.13468536 0.88255704
v 0.61149459 0.13441893 0.88308401
v 0.62953975 0.11669023 0.87271335
v 0.62690792 0.11593950 0.86943499
v 0.62486355 0.12533943 0.87959340
v 0.63052560 0.11627523 0.87638622
v 0.59959303 0.12373518 0.86601936
v 0.62833883 0.10864825 0.86572310
v 0.61203096 0.13354242 0.88102114
v 0.61105569 0.13158539 0.88217351
v 0.61078057 0.13260328 0.88107186
v 0.62726349 0.11488607 0.87287589
v 0.60758345 0.11524648 0.85951058
v 0.61070598 0.13337908 0.88280723
v 0.62801404 0.11623847 0.87302187
v 0.62240540 0.10989480 0.86202664
v 0.62693543 0.11824949 0.87425900
v 0.60227437 0.12473860 0.86970584
v 0.60832820 0.12003072 0.86572501
v 0.60668534 0.11331368 0.86099731
v 0.61150462 0.13241174 0.87869508
v 0.63013349 0.11151753 0.87178205
v 0.61275927 0.11993829 0.86725118
v 0.62689649 0.11003406 0.86448381
v 0.62579785 0.11669057 0.87143212
v 0.62304550 0.11797144 0.87068376
v 0.62620476 0.10818165 0.86421697
v 0.61104541 0.12786700 0.87226286
v 0.60956772 0.11983770 0.86600303
v 0.63133907 0.11438133 0.87161406
v 0.60131623 0.12250003 0.86714479
v 0.60980529 0.12628688 0.87375408
v 0.61087208 0.12990124 0.87927952
v 0.60408956 0.12656956 0.87007104
v 0.60959856 0.13301502 0.88315866
v 0.60965573 0.13249916 0.88338955
v 0.62469621 0.12724509 0.88233997
v 0.63171263 0.11170328 0.87087208
v 0.61192476 0.11718262 0.86631642
v 0.61699096 0.10993452 0.86277201
v 0.61787329 0.11135962 0.86091949
v 0.62684631 0.11605884 0.87190060
v 0.61699035 0.10892681 0.86199251
v 0.62759307 0.10720659 0.86558221
v 0.62721720 0.10727541 0.86597767
v 0.62376696 0.12076661 0.87698312
v 0.61011527 0.12376552 0.87140824
v 0.60935414 0.12352681 0.86905161
v 0.60639103 0.12537781 0.87054491
v 0.62554529 0.11458683 0.87116825
v 0.60459943 0.11870405 0.86131190
v 0.60389438 0.11711030 0.86315071
v 0.60905868 0.13195849 0.87869212
v 0.62941948 0.11090023 0.86648307
v 0.60919095 0.12714158 0.87210166
v 0.62449202 0.12694860 0.88380249
v 0.61986366 0.12934708 0.88100488
v 0.60905886 0.12544806 0.87052522
v 0.60227085 0.12181008 0.86318918
v 0.60149874 0.11949700 0.86430201
v 0.61089241 0.13196190 0.87753066
v 0.62490112 0.11551106 0.87151205
v 0.62484875 0.11603376 0.87136640
v 0.60340085 0.12546568 0.87060605
v 0.61052354 0.13077549 0.88036799
v 0.62509658 0.10954136 0.86320800
v 0.60765815 0.11288173 0.85935446
v 0.61083106 0.13302095 0.88384999
v 0.61057373 0.13251304 0.88372100
v 0.62393755 0.12794248 0.88274082
v 0.60374849 0.11526354 0.86022248
v 0.61001068 0.13200831 0.87933791
v 0.63232739 0.11170174 0.87152906
v 0.60912981 0.12808052 0.87345434
v 0.61422143 0.12942754 0.88113316
v 0.61520976 0.13130561 0.87990238
v 0.61785401 0.11033735 0.86011805
v 0.62282150 0.12729392 0.88320337
v 0.61031294 0.12904976 0.87760344
v 0.61191078 0.13028624 0.87579493
v 0.60948502 0.13225002 0.87757383
v 0.60995676 0.13248825 0.87739976
v 0.62294515 0.11849707 0.87332129
v 0.62998514 0.11436418 0.87500169
v 0.60897936 0.13141357 0.87769301
v 0.62408028 0.10931484 0.86251221
v 0.62198594 0.11640214 0.87062854
v 0.62434709 0.12432056 0.87754381
v 0.62292681 0.12290604 0.87912778
v 0.63067760 0.10951744 0.87017311
v 0.63112524 0.10953177 0.86989094
v 0.62632825 0.11481963 0.87207631
v 0.61563513 0.11141239 0.85992590
v 0.62390050 0.12311768 0.88038229
v 0.61222749 0.12177563 0.86693168
v 0.61141520 0.12015558 0.86866740
v 0.62376786 0.12050027 0.87195866
v 0.62936043 0.10951889 0.86713887
v 0.61006074 0.13161509 0.87838379
v 0.62507805 0.11929897 0.87568652
v 0.62460416 0.11923593 0.87595123
v 0.62385206 0.12550535 0.88403765
v 0.60884049 0.13079542 0.87664284
v 0.63039830 0.11281062 0.86903188
v 0.62907160 0.11128504 0.87057804
v 0.60035488 0.11873500 0.86156465
v 0.62583724 0.11560865 0.86831954
v 0.60211405 0.11757848 0.86152998
v 0.62144330 0.10828592 0.86373146
v 0.63134253 0.11533047 0.87280340
v 0.62265629 0.10812009 0.86240528
v 0.63137466 0.11482010 0.87431198
v 0.60711393 0.11451022 0.85878437
v 0.61569090 0.10968660 0.86199294
v 0.61108071 0.11878905 0.86739023
v 0.61628389 0.13133322 0.88089022
v 0.60125809 0.11850287 0.86336603
v 0.60996237 0.12109299 0.86708878
v 0.62989930 0.11292855 0.87315925
v 0.62543817 0.12412514 0.87838504
v 0.62102844 0.11564626 0.86931415
v 0.62037552 0.12693987 0.88289246
v 0.62451758 0.11616502 0.86977782
v 0.61862753 0.12889968 0.88204621
v 0.61653813 0.10947534 0.86063363
v 0.62651865 0.12329053 0.87902355
v 0.62638230 0.12362308 0.87863294
v 0.61019195 0.13195520 0.88212337
v 0.61956914 0.11222144 0.86575565
v 0.62043805 0.11332994 0.86365029
v 0.62400892 0.11374864 0.86927188
v 0.60330691 0.11495186 0.85968888
v 0.63176738 0.11155133 0.87261452
v 0.63123286 0.11126914 0.87283994
v 0.62490388 0.12615702 0.88433362
v 0.62720538 0.10812240 0.86506834
v 0.60139900 0.12265505 0.86367165
v 0.60484784 0.12461028 0.87026401
v 0.60527350 0.12679014 0.87062795
v 0.60584893 0.11422132 0.85965269
v 0.63060865 0.11101447 0.86932225
v 0.60915201 0.12081265 0.86563009
v 0.60906012 0.12105171 0.86504137
v 0.60396001 0.11774744 0.86021834
v 0.60996812 0.12822654 0.87201280
v 0.61392926 0.13267943 0.88107581
v 0.62374091 0.12176096 0.87830409
v 0.63213018 0.11055753 0.86883856
v 0.63201488 0.11105275 0.86858728
v 0.60525596 0.12549778 0.87118097
v 0.60538347 0.12607866 0.87124437
v 0.61860588 0.10914998 0.86292373
v 0.61953732 0.11056642 0.86108100
v 0.61983656 0.10893843 0.86151839
v 0.63034910 0.11339573 0.87419397
v 0.62496029 0.11647691 0.87056183
v 0.60214084 0.11647508 0.86011277
v 0.61136826 0.13317424 0.87981258
v 0.60949535 0.13283276 0.88034932
v 0.60950579 0.12335183 0.87082180
v 0.62757214 0.11006696 0.86654236
v 0.61517842 0.13208030 0.88115069
v 0.62406101 0.12443247 0.88253591
v 0.62571587 0.11921784 0.87460529
v 0.62570262 0.11889015 0.87410536
v 0.62620731 0.11767846 0.87548529
v 0.60094857 0.12401824 0.86696452
v 0.60818769 0.12775217 0.87245716
v 0.63146445 0.11243471 0.87217039
v 0.61434611 0.13009624 0.88237914
v 0.62878389 0.10936505 0.86846630
v 0.61083173 0.13115289 0.87629376
v 0.63267659 0.11369073 0.87231555
v 0.63267966 0.11343479 0.87281022
v 0.61118785 0.11148823 0.86134155
v 0.63169532 0.11400586 0.87556448
v 0.63113366 0.11383294 0.87560085
v 0.62679080 0.11541310 0.87317042
v 0.61779859 0.12955793 0.88220649
v 0.61207124 0.13198400 0.88368580
v 0.61235453 0.13243543 0.88384995
v 0.62159061 0.12804968 0.88286679
v 0.61271532 0.11875339 0.86447554
v 0.63259196 0.11455608 0.87327571
v 0.63269263 0.11434189 0.87378154
v 0.62672529 0.11693151 0.87255848
v 0.62272773 0.11780526 0.86844403
v 0.61394619 0.11249775 0.85997950
v 0.61413654 0.11030610 0.86173554
v 0.61241321 0.13104005 0.88235942
v 0.61295683 0.13397891 0.88251382
v 0.61308653 0.13380898 0.88299262
v 0.60078783 0.12019659 0.86276409
v 0.62511349 0.11566763 0.87016333
v 0.61214303 0.11966115 0.86504680
v 0.62119697 0.10978771 0.86128928
v 0.61121202 0.13394186 0.88100920
v 0.61238836 0.11277552 0.85947720
v 0.63064372 0.11242575 0.87341170
v 0.60434127 0.11996838 0.86580507
v 0.60500841 0.12166568 0.86405023
v 0.61328133 0.11080240 0.85982775
v 0.61776368 0.11474894 0.86693112
v 0.61910546 0.11599513 0.86510561
v 0.60612483 0.11297805 0.85886908
v 0.61415617 0.13161542 0.88228527
v 0.61154815 0.11066610 0.86087866
v 0.60630710 0.12191370 0.86480008
v 0.62607084 0.11587032 0.87101711
v 0.60499411 0.12555308 0.86773790
v 0.62972715 0.10854801 0.86652193
v 0.61061556 0.13029533 0.87492738
v 0.61544357 0.13101346 0.88219336
v 0.62306466 0.11598476 0.87039465
v 0.62264444 0.11587717 0.87079916
v 0.63209658 0.11365545 0.87425499
v 0.60859995 0.12019093 0.86417488
v 0.61657176 0.11599893 0.86392727
v 0.61550598 0.11436624 0.86555674
v 0.62834661 0.11932626 0.87775971
v 0.62882502 0.11901162 0.87786381
v 0.61661515 0.13085519 0.88296832
v 0.60547575 0.12638812 0.86865782
v 0.63157572 0.11652872 0.87456725
v 0.63143533 0.10955293 0.86854767
v 0.62613064 0.12286500 0.87975042
v 0.62089416 0.10838709 0.86062691
v 0.62118799 0.10882794 0.86063114
v 0.63001183 0.11075746 0.87084311
v 0.61704938 0.10815555 0.86090003
v 0.61698609 0.10817456 0.86143343
v 0.60996035 0.13046903 0.87948115
v 0.62831270 0.11884913 0.87732638
v 0.63171496 0.11405206 0.87326539
v 0.62509206 0.12192489 0.87989158
v 0.62564289 0.12199264 0.87991125
v 0.62624701 0.10702040 0.86489701
v 0.62585230 0.10707867 0.86524769
v 0.62604738 0.11858571 0.87521715
v 0.63073355 0.10965124 0.86913553
v 0.61099271 0.12021259 0.86688300
v 0.62300785 0.10722951 0.86220949
v 0.60663072 0.12590149 0.86858085
v 0.60531435 0.12567935 0.87031778
v 0.60940052 0.13118011 0.87890848
v 0.61182301 0.12040232 0.86557247
v 0.60917609 0.12926377 0.87464176
v 0.60887579 0.12656758 0.87353765
v 0.60599556 0.11524884 0.85901164
v 0.61572271 0.12997497 0.87821818
v 0.60587479 0.11249442 0.85987446
v 0.60581602 0.11245022 0.85929197
v 0.61363890 0.11721163 0.86701137
v 0.61444357 0.11877702 0.86519877
v 0.62498154 0.12321161 0.87660859
v 0.59914094 0.12274383 0.86477241
v 0.62416124 0.11524580 0.86933730
v 0.59973147 0.12247785 0.86481298
v 0.62149221 0.12880555 0.88167314
v 0.62037739 0.12906653 0.88357876
v 0.62184428 0.11692794 0.86721245
v 0.62505402 0.12239107 0.87557873
v 0.62502239 0.12260857 0.87832622
v 0.61392725 0.10970787 0.85950641
v 0.61097985 0.12542970 0.86976767
v 0.62550115 0.12400976 0.88062739
v 0.60796606 0.12861124 0.87463236
v 0.60821317 0.12818739 0.87493398
v 0.60970751 0.12847563 0.87632536
v 0.60846315 0.12689712 0.87264261
v 0.61429435 0.13311768 0.88287905
v 0.61442098 0.13322030 0.88234871
v 0.60928209 0.12450476 0.87025258
v 0.63149109 0.11241749 0.86952376
v 0.62507423 0.11436475 0.86856172
v 0.62254144 0.11643536 0.86917969
v 0.60692992 0.11365085 0.85899698
v 0.60088173 0.12051690 0.86500960
v 0.60092854 0.11806405 0.86115503
v 0.61494853 0.11007135 0.86025016
v 0.62602061 0.12174350 0.87812691
v 0.60764881 0.12632423 0.86925211
v 0.62237484 0.10913886 0.86149866
v 0.60888293 0.12769036 0.87477396
v 0.60445045 0.12296967 0.86504871
v 0.62490991 0.12008555 0.87484755
v 0.62415036 0.10846520 0.86523519
v 0.60365359 0.12332138 0.86699738
v 0.63220241 0.11502481 0.87559252
v 0.62578623 0.12321924 0.87907598
v 0.60277204 0.11955518 0.86323610
v 0.60644100 0.12621019 0.86980395
v 0.61777303 0.10852190 0.86035894
v 0.61245346 0.13254456 0.88245847
v 0.61036473 0.12586169 0.87194263
v 0.61473079 0.13045568 0.88340985
v 0.61490010 0.13095367 0.88354588
v 0.63030123 0.11481548 0.87589812
v 0.62449644 0.10695833 0.86449682
v 0.62487510 0.10692252 0.86410051
v 0.60352916 0.12701794 0.86869426
v 0.59932111 0.12322866 0.86546990
v 0.61103626 0.11146786 0.85955537
v 0.63238382 0.11614327 0.87553577
v 0.63216711 0.11649205 0.87517787
v 0.62992545 0.11406747 0.87208129
v 0.61183214 0.11053558 0.85914413
v 0.60499168 0.12347678 0.86687665
v 0.61233615 0.11206718 0.85889462
v 0.60607744 0.11306513 0.85976938
v 0.61234959 0.13326272 0.88341202
v 0.63216943 0.11284559 0.87323152
v 0.61117881 0.11935248 0.86532729
v 0.60471178 0.11504708 0.85945702
v 0.62462828 0.12066387 0.87290411
v 0.62017922 0.12815827 0.88336404
v 0.61182683 0.13351348 0.88247695
v 0.61345592 0.13129709 0.88356273
v 0.61365411 0.13179495 0.88372386
v 0.61044490 0.12841912 0.87458456
v 0.62347412 0.11881310 0.87193886
v 0.60047341 0.12133370 0.86358575
v 0.62190124 0.12760940 0.88020121
v 0.61763087 0.10910264 0.85957722
v 0.61785980 0.10958337 0.85955666
v 0.60426879 0.12382017 0.86934068
v 0.59999577 0.11938867 0.86376589
v 0.59971271 0.11973659 0.86346746
v 0.61174614 0.12295983 0.86779682
v 0.61931386 0.10874513 0.86006159
v 0.61951099 0.10925571 0.86007601
v 0.62003000 0.10865369 0.86325236
v 0.62403316 0.10804480 0.86315402
v 0.60990636 0.12983741 0.87844666
v 0.60872137 0.13084210 0.87850985
v 0.60894341 0.13037478 0.87879003
v 0.60561688 0.12481640 0.86864477
v 0.61944109 0.11792948 0.87038880
v 0.62024398 0.10743006 0.86252469
v 0.62026477 0.10737540 0.86199145
v 0.63148413 0.11058571 0.86858088
v 0.60271725 0.12650741 0.86796073
v 0.60171007 0.12684797 0.86979724
v 0.60369685 0.12152718 0.86696913
v 0.62691124 0.10794270 0.86355389
v 0.62683658 0.10845255 0.86336246
v 0.61819032 0.11803620 0.86627643
v 0.62345867 0.10683631 0.86333844
v 0.62314208 0.10680081 0.86384981
v 0.60423933 0.12516760 0.87061571
v 0.60551544 0.12283823 0.86532378
v 0.62413429 0.11783450 0.87291596
v 0.62364765 0.11774777 0.87314633
v 0.62336698 0.12772502 0.88430847
v 0.60961243 0.13010211 0.87602830
v 0.61561626 0.13237313 0.88266640
v 0.61578343 0.13242890 0.88216797
v 0.60352833 0.11614960 0.86030357
v 0.62057415 0.12940588 0.88173978
v 0.60025212 0.12549726 0.86802207
v 0.62546831 0.12484558 0.88188713
v 0.62889706 0.11128134 0.86846789
v 0.61224416 0.13108379 0.87721466
v 0.60533564 0.12422892 0.86758980
v 0.60138224 0.12532867 0.87004604
v 0.60129303 0.12586009 0.86994912
v 0.61919173 0.12740374 0.88250539
v 0.62516245 0.12112842 0.87627782
v 0.62556020 0.12464995 0.87926135
v 0.62604696 0.11143545 0.86854007
v 0.62114718 0.10855234 0.86189348
v 0.62529299 0.12172733 0.87704446
v 0.60559687 0.12032040 0.86658821
v 0.61750093 0.12904460 0.88058350
v 0.60806190 0.11179385 0.85865019
v 0.63192314 0.11350787 0.87233909
v 0.60670216 0.11953965 0.86633747
v 0.60528085 0.11373275 0.86095022
v 0.60495697 0.11376479 0.85918013
v 0.62332682 0.11907459 0.87443584
v 0.61052852 0.12019558 0.86836821
v 0.62757511 0.11942673 0.87434093
v 0.61324516 0.11018474 0.86124840
v 0.61995809 0.12673732 0.87704265
v 0.61887431 0.12490516 0.87835001
v 0.62150265 0.11498069 0.86545256
v 0.62067781 0.11382561 0.86752589
v 0.62260658 0.12231409 0.87791352
v 0.61582734 0.11131071 0.86169850
v 0.63175185 0.11582251 0.87617091
v 0.62018365 0.10801244 0.86115791
v 0.60690449 0.12101466 0.86621609
v 0.62284340 0.10730896 0.86306824
v 0.59938853 0.12207574 0.86414137
v 0.62279414 0.12607227 0.88385330
v 0.62066310 0.12863474 0.88246250
v 0.59984966 0.12055778 0.86291724
v 0.60725555 0.12003442 0.86718582
v 0.60763998 0.12057678 0.86711482
v 0.62305384 0.11837442 0.86921805
v 0.61694920 0.13047508 0.88228222
v 0.60482955 0.12111356 0.86701438
v 0.60030616 0.12046315 0.86388963
v 0.62628981 0.12398110 0.88149623
v 0.62533660 0.12269635 0.88123768
v 0.62580089 0.12295312 0.88120902
v 0.62551199 0.10739402 0.86358477
v 0.60498853 0.12357565 0.86822267
v 0.63140270 0.11477126 0.87526460
v 0.60854369 0.11252651 0.85834027
v 0.62591820 0.12106099 0.87712877
v 0.63179855 0.11576028 0.87497964
v 0.62501641 0.12575197 0.88297643
v 0.62208447 0.12825327 0.88400570
v 0.61499646 0.13185255 0.88314871
v 0.62548197 0.10837818 0.86259620
v 0.62559719 0.10788340 0.86279425
v 0.62586420 0.12098776 0.87451772
v 0.62595867 0.12046479 0.87471126
v 0.61751530 0.10942360 0.86029521
v 0.62389960 0.12255296 0.87755440
v 0.61221662 0.11067935 0.85998195
v 0.60473773 0.12284359 0.86752224
v 0.62466276 0.11843569 0.87414455
v 0.62421303 0.11842271 0.87441477
v 0.62520369 0.11930830 0.87400327
v 0.63125089 0.11293864 0.87330711
v 0.60554231 0.11919223 0.86556866
v 0.60946375 0.13089785 0.87484205
v 0.60897770 0.13068075 0.87488819
v 0.62464028 0.12285992 0.88074736
v 0.62625445 0.12347433 0.88055504
v 0.60320222 0.12204068 0.86550656
v 0.61452457 0.11152157 0.85949234
v 0.62429422 0.11906084 0.87308472
v 0.61445879 0.11383554 0.86126407
v 0.61353078 0.11204529 0.86283912
v 0.62534438 0.12626386 0.88145186
v 0.60540485 0.12634784 0.86959362
v 0.61093915 0.12132914 0.86952555
v 0.62302794 0.11708064 0.86969304
v 0.62554611 0.11965460 0.87310335
v 0.62540595 0.12016540 0.87294894
v 0.63123743 0.11643920 0.87558647
v 0.60256827 0.11697409 0.86068424
v 0.60307000 0.11842726 0.86053269
v 0.61811294 0.10914267 0.86107957
v 0.62919143 0.11012215 0.86576752
v 0.62929040 0.10878128 0.86599484
v 0.60752805 0.11228476 0.86045494
v 0.61027448 0.11323784 0.85890212
v 0.62360168 0.11407042 0.86570794
v 0.60028662 0.12178588 0.86428998
v 0.61476084 0.11751373 0.86599055
v 0.61914236 0.10997345 0.86043871
v 0.61006741 0.13138071 0.88101290
v 0.63022081 0.11583232 0.87463772
v 0.62166345 0.12096115 0.87512634
v 0.60266727 0.12019448 0.86537616
v 0.60121642 0.12660359 0.86743471
v 0.60088294 0.12643486 0.86788745
v 0.61503302 0.11282592 0.86411810
v 0.62409440 0.11817352 0.87172453
v 0.62605920 0.11701467 0.86997087
v 0.62562539 0.11699475 0.87033186
v 0.60748302 0.12127231 0.86471378
v 0.60786837 0.12126480 0.86649896
v 0.62407235 0.11996141 0.87622500
v 0.63094422 0.11712717 0.87733202
v 0.63051437 0.11754382 0.87754224
v 0.62510605 0.10781556 0.86376779
v 0.62757767 0.11643576 0.87049175
v 0.61809366 0.11092211 0.86403199
v 0.62319664 0.11827240 0.87160082
v 0.60061468 0.12491444 0.86690412
v 0.60617159 0.12180225 0.86638171
v 0.60806416 0.11840873 0.86587850
v 0.60608340 0.12262111 0.86706853
v 0.60993823 0.11165344 0.86095449
v 0.61705676 0.11370861 0.86575134
v 0.61116832 0.11787996 0.86667033
v 0.61468982 0.13107059 0.88297738
v 0.63126284 0.11175367 0.86867809
v 0.60860785 0.12982929 0.87365434
v 0.60915776 0.12993429 0.87353640
v 0.61014876 0.11818200 0.86479432
v 0.60317298 0.11623286 0.86216586
v 0.60903508 0.11198924 0.85939339
v 0.62583101 0.12033896 0.87598592
v 0.60885272 0.11805190 0.86233659
v 0.60813632 0.11648949 0.86418153
v 0.61009901 0.12210469 0.86887619
v 0.62863647 0.10768082 0.86537365
v 0.61057921 0.12178033 0.86775514
v 0.60090762 0.12580101 0.86748376
v 0.60186641 0.12122489 0.86432965
v 0.61974194 0.12917016 0.88261227
v 0.60813917 0.12701261 0.87173840
v 0.62982460 0.11255129 0.87040859
v 0.61869079 0.10791842 0.86145440
v 0.61865209 0.10793761 0.86198484
v 0.61171600 0.13134190 0.87944857
v 0.62812385 0.11216882 0.86678500
v 0.62725748 0.11030400 0.86837909
v 0.60173207 0.12580741 0.86857639
v 0.62619981 0.10937958 0.86365518
v 0.62487547 0.12016088 0.87614849
v 0.62183470 0.11361801 0.86452819
v 0.60407270 0.12508587 0.86870286
v 0.61340668 0.13281456 0.88338981
v 0.63174731 0.11025899 0.86967062
v 0.62544746 0.12315234 0.88009880
v 0.60412193 0.11714978 0.86147089
v 0.62844684 0.11779219 0.87557330
v 0.60873145 0.11731832 0.86515335
v 0.60987878 0.13118757 0.87730431
v 0.61118242 0.12194724 0.87017905
v 0.61318497 0.12093222 0.87013324
v 0.61440361 0.12223291 0.86821173
v 0.61376190 0.13292351 0.88251242
v 0.62881767 0.11951041 0.87584831
v 0.61663701 0.11076051 0.85988503
v 0.61091213 0.11862545 0.86599957
v 0.61337346 0.13182897 0.88314988
v 0.62271942 0.12846884 0.88235958
v 0.60606805 0.12039004 0.86521839
v 0.61524242 0.13202096 0.88242630
v 0.62789588 0.10772113 0.86583552
v 0.62431500 0.12382057 0.87939064
v 0.62300629 0.12728509 0.88399586
v 0.62399181 0.12235985 0.87939540
v 0.61036263 0.12504269 0.86911697
v 0.60018834 0.12094171 0.86217401
v 0.60068796 0.12108582 0.86193680
v 0.61344244 0.13069644 0.88259892
v 0.60143389 0.11733529 0.86072143
v 0.60892118 0.12835664 0.87252785
v 0.60506910 0.12216927 0.86633545
v 0.60989798 0.13181557 0.88032213
v 0.62627576 0.11981567 0.87618921
v 0.62661954 0.11993528 0.87661238
v 0.60984499 0.12943588 0.87331219
v 0.61119701 0.11947940 0.86631824
v 0.62410204 0.12150335 0.87622787
v 0.62763838 0.11967606 0.87726714
v 0.62430360 0.12023893 0.87689435
v 0.62784004 0.10762816 0.86489721
v 0.61247101 0.11890527 0.86623493
v 0.62491975 0.11901931 0.87181958
v 0.62481701 0.11949316 0.87157956
v 0.62505588 0.11989524 0.87336241
v 0.60866072 0.12975571 0.87750768
v 0.60849100 0.13009644 0.87712226
v 0.60583336 0.12385672 0.86908054
v 0.61285590 0.11008492 0.85931071
v 0.62828898 0.11963637 0.87660772
v 0.62532229 0.12172478 0.87495909
v 0.61419553 0.13232441 0.88325674
v 0.62715726 0.11650434 0.87283825
v 0.60816435 0.12879779 0.87350940
v 0.60015832 0.11949007 0.86218355
v 0.62682964 0.10739875 0.86438378
v 0.60638045 0.12092636 0.86749257
v 0.60655623 0.12144441 0.86747327
v 0.61306117 0.13334760 0.88151700
v 0.60931724 0.11901576 0.86336943
v 0.60746281 0.12040582 0.86672713
v 0.61322352 0.11578570 0.86220368
v 0.61282639 0.11407030 0.86408725
v 0.60835371 0.11850955 0.86431806
v 0.62655583 0.11619457 0.87341806
v 0.62638012 0.11561257 0.87354719
v 0.62278518 0.12806066 0.88409718
v 0.62402098 0.11988544 0.87411868
v 0.62501710 0.12044222 0.87697958
v 0.62419395 0.12105941 0.87780926
v 0.60512472 0.11543315 0.86073202
v 0.62787830 0.11763118 0.87409552
v 0.62554230 0.12093501 0.87540320
v 0.60987666 0.11926625 0.86487965
v 0.62659906 0.11674095 0.87096261
v 0.61074607 0.11553433 0.86437100
v 0.62559404 0.12193455 0.87560803
v 0.62937516 0.11681348 0.87488759
v 0.62451860 0.12098040 0.87496169
v 0.60951009 0.11862270 0.86558653
v 0.60911284 0.13034290 0.87756204
v 0.60847131 0.12896403 0.87626356
v 0.60826841 0.12928426 0.87587568
v 0.63193460 0.11077847 0.87045197
v 0.60948858 0.12277437 0.86843637
v 0.63114262 0.11086396 0.87034533
v 0.60483038 0.11403473 0.86018937
v 0.62156523 0.11968244 0.87144971
v 0.61683341 0.12219213 0.86936617
v 0.61560577 0.12042838 0.87081070
v 0.62467027 0.10736586 0.86316918
v 0.60211091 0.11691593 0.86233796
v 0.60116971 0.11681063 0.86134421
v 0.60130822 0.11676956 0.86187514
v 0.62507294 0.12257445 0.87965725
v 0.61032219 0.13363554 0.87986968
v 0.60981260 0.13345969 0.87989085
v 0.60620080 0.12540044 0.86950199
v 0.60730193 0.12520503 0.86993435
v 0.62701204 0.10922386 0.86399354
v 0.61055131 0.13277847 0.87999077
v 0.62644130 0.12458059 0.88002852
v 0.62657612 0.12421192 0.88040599
v 0.61543030 0.12942007 0.88227981
v 0.60695675 0.11527102 0.86265706
v 0.62784893 0.11725672 0.87337681
v 0.62459626 0.11982103 0.87656386
v 0.61914894 0.12130533 0.87368587
v 0.62014234 0.12302039 0.87220283
v 0.62501625 0.12586979 0.88051908
v 0.62737977 0.11676191 0.87381731
v 0.61106514 0.12352138 0.86802791
v 0.60730588 0.12622012 0.87019401
v 0.60605672 0.11457393 0.86179185
v 0.60853863 0.12981229 0.87509364
v 0.62271437 0.12822385 0.88342675
v 0.62666533 0.11937728 0.87456287
v 0.61655183 0.10871621 0.85996994
v 0.60883596 0.12963058 0.87574266
v 0.60810578 0.12597276 0.87069711
v 0.60832460 0.12538713 0.87034158
v 0.60448949 0.11849649 0.86452497
v 0.62692355 0.11733572 0.87441288
v 0.62722570 0.11612580 0.87354238
v 0.62807744 0.11515234 0.87401643
v 0.61022535 0.12323819 0.86832771
v 0.62704367 0.11678046 0.87318489
v 0.61764181 0.11957394 0.87104807
v 0.61868045 0.12108852 0.86927254
v 0.61654154 0.12205937 0.87292103
v 0.61744001 0.12408759 0.87172667
v 0.62846392 0.11638446 0.87400888
v 0.61774417 0.12318962 0.87512244
v 0.61901500 0.12482730 0.87362321
v 0.61876833 0.12382414 0.87667482
v 0.61117496 0.12261588 0.86837184
v 0.61314110 0.12300023 0.86837788
v 0.61940919 0.12211542 0.87067753
v 0.61520609 0.12593299 0.87250100
v 0.61462524 0.12400962 0.87402232
v 0.60871833 0.12605999 0.87154865
v 0.60891880 0.12584818 0.87285507
v 0.61744882 0.12115825 0.86866301
v 0.61336502 0.12558208 0.87516364
v 0.61437554 0.12757102 0.87390144
v 0.61291272 0.12709705 0.87247340
v 0.61360785 0.12544688 0.87101565
v 0.61280580 0.12381571 0.87279671
v 0.61416678 0.12322577 0.87282237
v 0.61565444 0.12678184 0.87376049
v 0.61206338 0.12523184 0.87390094
v 0.61393319 0.12626306 0.87211735
v 0.60881073 0.12479390 0.87188968
v 0.61333051 0.12456350 0.87389146
v 0.61104000 0.12606873 0.87423464
v 0.61337788 0.12606430 0.87366812
v 0.62361974 0.11554614 0.86916395
f 1 2 173
f 1 374 2
f 1 807 2
f 1 173 386
f 1 807 173
f 1 803 374
f 1 807 374
f 1 386 803
f 1 386 807
f 1 803 807
f 2 807 173
f 2 1311 173
f 2 374 376
f 2 807 374
f 2 374 848
f 2 376 848
f 2 376 1311
f 2 848 807
f 2 1311 807
f 2 1311 848
f 3 4 43
f 3 340 4
f 3 1081 4
f 3 43 1007
f 3 1081 43
f 3 1007 340
f 3 340 1081
f 3 1007 1081
f 4 355 43
f 4 43 1081
f 4 340 338
f 4 338 1008
f 4 338 1081
f 4 1081 340
f 4 1008 355
f 4 355 1081
f 4 1008 1081
f 5 171 6
f 5 6 321
f 5 977 6
f 5 172 171
f 5 977 171
f 5 328 172
f 5 172 977
f 5 321 324
f 5 321 977
f 5 324 328
f 5 977 324
f 5 977 328
f 6 171 310
f 6 977 171
f 6 310 321
f 6 310 977
f 6 321 977
f 7 196 90
f 7 90 784
f 7 90 856
f 7 196 856
f 7 877 196
f 7 784 856
f 7 784 877
f 7 856 877
f 8 93 160
f 8 285 93
f 8 93 900
f 8 93 1489
f 8 160 278
f 8 160 900
f 8 1501 160
f 8 278 1501
f 8 285 1489
f 8 1501 285
f 8 900 1489
f 8 1501 900
f 8 1501 1489
f 9 35 238
f 9 871 35
f 9 35 1428
f 9 95 165
f 9 238 95
f 9 95 1428
f 9 165 642
f 9 165 1428
f 9 238 1428
f 9 642 871
f 9 642 1428
f 9 871 1428
f 10 96 37
f 10 37 736
f 10 1265 37
f 10 208 96
f 10 1250 96
f 10 96 1265
f 10 97 208
f 10 736 97
f 10 97 1250
f 10 208 1250
f 10 736 1250
f 10 1265 736
f 10 1250 1265
f 11 98 97
f 11 97 738
f 11 97 1396
f 11 396 98
f 11 1396 98
f 11 397 396
f 11 1396 396
f 11 738 397
f 11 397 1396
f 11 738 1396
f 12 100 48
f 12 48 837
f 12 1447 48
f 12 50 100
f 12 837 50
f 12 891 50
f 12 50 1447
f 12 891 100
f 12 1447 100
f 12 1447 837
f 12 1447 891
f 13 114 115
f 13 347 114
f 13 1075 114
f 13 1398 114
f 13 115 382
f 13 1075 115
f 13 382 347
f 13 347 1398
f 13 1075 382
f 13 382 1398
f 13 1398 1075
f 14 169 120
f 14 120 349
f 14 120 817
f 14 169 817
f 14 1383 169
f 14 349 351
f 14 349 817
f 14 1382 349
f 14 351 1382
f 14 817 1382
f 14 1383 817
f 14 1382 1383
f 15 116 16
f 15 16 381
f 15 807 16
f 15 807 116
f 15 1312 116
f 15 381 385
f 15 381 807
f 15 385 807
f 15 385 1312
f 15 807 1312
f 16 116 371
f 16 807 116
f 16 371 381
f 16 807 371
f 16 381 807
f 17 58 44
f 17 44 354
f 17 1465 44
f 17 353 58
f 17 1465 58
f 17 352 353
f 17 1224 352
f 17 352 1465
f 17 1465 353
f 17 354 1224
f 17 1465 354
f 17 1465 1224
f 18 122 161
f 18 337 122
f 18 1420 122
f 18 1454 122
f 18 161 788
f 18 161 1454
f 18 176 337
f 18 788 176
f 18 337 788
f 18 337 1420
f 18 788 1420
f 18 788 1454
f 18 1420 1454
f 19 163 123
f 19 123 271
f 19 790 123
f 19 790 163
f 19 271 790
f 19 271 792
f 19 792 790
f 20 134 55
f 20 55 844
f 20 856 55
f 20 708 134
f 20 856 134
f 20 707 708
f 20 843 707
f 20 707 856
f 20 708 856
f 20 844 843
f 20 856 843
f 20 856 844
f 21 166 140
f 21 140 1037
f 21 140 1155
f 21 164 166
f 21 237 164
f 21 164 1422
f 21 1155 166
f 21 1422 166
f 21 1408 237
f 21 1422 237
f 21 573 1332
f 21 1410 573
f 21 1424 573
f 21 1037 1025
f 21 1025 1155
f 21 1328 1025
f 21 1025 1410
f 21 1025 1424
f 21 1155 1037
f 21 1155 1328
f 21 1155 1422
f 21 1328 1332
f 21 1328 1408
f 21 1328 1422
f 21 1424 1328
f 21 1332 1408
f 21 1424 1332
f 21 1422 1408
f 21 1410 1424
f 22 99 45
f 22 45 227
f 22 834 45
f 22 49 99
f 22 187 49
f 22 834 49
f 22 834 99
f 22 228 187
f 22 834 187
f 22 227 228
f 22 834 227
f 22 834 228
f 23 24 146
f 23 1124 24
f 23 1447 24
f 23 146 223
f 23 146 1447
f 23 223 1124
f 23 223 1447
f 23 1447 1124
f 24 1124 51
f 24 51 1461
f 24 837 146
f 24 1447 146
f 24 837 1447
f 24 1461 837
f 24 1447 1124
f 24 1461 1124
f 24 1447 1461
f 25 175 149
f 25 149 207
f 25 149 876
f 25 826 175
f 25 175 876
f 25 207 212
f 25 827 207
f 25 207 876
f 25 212 827
f 25 827 826
f 25 826 876
f 25 876 827
f 26 436 158
f 26 158 542
f 26 158 850
f 26 436 850
f 26 1335 436
f 26 850 542
f 26 542 1335
f 26 850 1335
f 27 253 198
f 27 198 281
f 27 198 825
f 27 198 1002
f 27 260 253
f 27 825 253
f 27 260 825
f 27 890 260
f 27 281 279
f 27 279 890
f 27 279 1002
f 27 279 1115
f 27 281 1002
f 27 890 825
f 27 1002 825
f 27 890 1002
f 27 890 1115
f 27 1115 1002
f 28 154 510
f 28 530 154
f 28 819 154
f 28 819 510
f 28 510 948
f 28 819 530
f 28 948 530
f 28 819 948
f 29 140 166
f 29 245 140
f 29 140 1155
f 29 1385 140
f 29 166 644
f 29 166 1155
f 29 249 245
f 29 245 1385
f 29 644 249
f 29 1385 249
f 29 644 1155
f 29 644 1385
f 29 1385 1155
f 30 517 108
f 30 108 693
f 30 108 819
f 30 1403 108
f 30 819 517
f 30 948 517
f 30 693 1403
f 30 948 819
f 30 819 1403
f 30 1403 948
f 31 272 191
f 31 191 1163
f 31 191 1316
f 31 191 1392
f 31 274 272
f 31 272 1305
f 31 272 1316
f 31 1305 274
f 31 1163 1305
f 31 1316 1163
f 31 1391 1163
f 31 1163 1392
f 31 1305 1316
f 31 1391 1305
f 31 1392 1391
f 32 484 205
f 32 205 680
f 32 205 909
f 32 1217 205
f 32 205 1330
f 32 1217 484
f 32 1330 484
f 32 680 909
f 32 680 1217
f 32 909 1217
f 32 1330 1217
f 33 505 204
f 33 204 516
f 33 204 913
f 33 913 505
f 33 974 505
f 33 913 516
f 33 516 974
f 33 974 913
f 34 184 493
f 34 509 184
f 34 913 184
f 34 493 913
f 34 493 974
f 34 913 509
f 34 974 509
f 34 974 913
f 35 230 200
f 35 200 238
f 35 200 861
f 35 200 871
f 35 1428 200
f 35 230 861
f 35 871 230
f 35 1428 238
f 35 861 871
f 35 1428 871
f 36 109 726
f 36 109 967
f 36 1072 109
f 36 726 967
f 36 726 1466
f 36 967 1072
f 36 1466 967
f 36 1466 1072
f 37 96 240
f 37 96 1265
f 37 240 241
f 37 1265 240
f 37 240 1320
f 37 240 1380
f 37 241 1320
f 37 739 736
f 37 1265 736
f 37 1265 739
f 37 1320 739
f 37 739 1380
f 37 1380 1265
f 37 1380 1320
f 38 237 141
f 38 141 861
f 38 141 871
f 38 141 984
f 38 1422 141
f 38 164 237
f 38 642 164
f 38 164 1422
f 38 237 1422
f 38 871 642
f 38 1422 642
f 38 861 871
f 38 861 984
f 38 984 871
f 38 1422 871
f 39 128 764
f 39 128 1108
f 39 1203 128
f 39 1451 128
f 39 764 1203
f 39 764 1246
f 39 1108 1203
f 39 1246 1108
f 39 1108 1451
f 39 1246 1203
f 39 1246 1451
f 40 143 145
f 40 214 143
f 40 143 1206
f 40 144 214
f 40 736 144
f 40 144 1206
f 40 145 738
f 40 145 1206
f 40 1206 214
f 40 737 736
f 40 736 1206
f 40 738 737
f 40 1206 737
f 40 738 1206
f 41 767 195
f 41 1108 195
f 41 195 1203
f 41 1246 195
f 41 195 1248
f 41 1203 767
f 41 1246 767
f 41 1108 1246
f 41 1108 1248
f 41 1203 1246
f 41 1248 1246
f 42 549 113
f 42 113 886
f 42 113 1370
f 42 1335 549
f 42 1370 549
f 42 886 1335
f 42 886 1370
f 42 1370 1335
f 43 355 350
f 43 350 1006
f 43 350 1081
f 43 355 1081
f 43 1006 1007
f 43 1006 1081
f 43 1007 1081
f 44 58 1007
f 44 58 1465
f 44 351 354
f 44 1006 351
f 44 351 1465
f 44 1465 354
f 44 1007 1006
f 44 1006 1465
f 44 1007 1465
f 45 99 101
f 45 99 834
f 45 101 398
f 45 834 101
f 45 397 227
f 45 227 834
f 45 398 397
f 45 397 834
f 45 398 834
f 46 87 676
f 46 755 87
f 46 87 1158
f 46 676 1102
f 46 676 1158
f 46 1102 755
f 46 755 1158
f 46 1102 1158
f 47 375 72
f 47 72 1018
f 47 1232 72
f 47 72 1251
f 47 1232 375
f 47 1018 1131
f 47 1018 1251
f 47 1131 1232
f 47 1251 1131
f 47 1251 1232
f 48 100 393
f 48 100 1447
f 48 393 394
f 48 393 1447
f 48 394 838
f 48 394 1447
f 48 838 837
f 48 837 1447
f 48 1447 838
f 49 394 99
f 49 834 99
f 49 187 225
f 49 834 187
f 49 225 224
f 49 224 394
f 49 224 834
f 49 834 225
f 49 394 834
f 50 53 201
f 50 835 53
f 50 891 53
f 50 201 100
f 50 100 891
f 50 891 201
f 50 836 835
f 50 891 835
f 50 837 836
f 50 836 891
f 50 836 1447
f 50 1447 837
f 50 891 1447
f 51 186 147
f 51 147 1134
f 51 147 1461
f 51 1124 186
f 51 1134 186
f 51 1124 1134
f 51 1124 1461
f 51 1461 1134
f 52 189 1034
f 52 1113 189
f 52 189 1362
f 52 1034 1352
f 52 1034 1362
f 52 1352 1113
f 52 1362 1113
f 52 1362 1352
f 53 56 202
f 53 835 56
f 53 56 891
f 53 202 201
f 53 201 891
f 53 891 202
f 53 835 891
f 54 1023 91
f 54 91 1136
f 54 91 1161
f 54 91 1366
f 54 1136 1023
f 54 1352 1023
f 54 1352 1136
f 54 1136 1366
f 54 1161 1352
f 54 1161 1366
f 54 1366 1352
f 55 134 785
f 55 856 134
f 55 785 844
f 55 856 785
f 55 844 856
f 56 202 891
f 56 992 202
f 56 1086 202
f 56 835 839
f 56 835 891
f 56 839 891
f 56 839 993
f 56 1086 839
f 56 891 1086
f 56 993 992
f 56 992 1086
f 56 993 1086
f 57 92 703
f 57 92 1087
f 57 1177 92
f 57 703 895
f 57 914 703
f 57 703 1087
f 57 914 895
f 57 895 1087
f 57 895 1177
f 57 1087 914
f 57 1087 1177
f 58 353 1007
f 58 353 1465
f 58 1465 1007
f 59 121 176
f 59 352 121
f 59 121 859
f 59 176 608
f 59 859 176
f 59 353 352
f 59 859 352
f 59 609 353
f 59 859 353
f 59 608 609
f 59 859 608
f 59 859 609
f 60 102 174
f 60 209 102
f 60 876 102
f 60 174 826
f 60 174 876
f 60 210 209
f 60 827 209
f 60 209 876
f 60 827 210
f 60 826 827
f 60 826 876
f 60 876 827
f 61 761 197
f 61 197 916
f 61 197 1109
f 61 197 1126
f 61 761 916
f 61 1402 761
f 61 916 1126
f 61 1402 916
f 61 1109 1126
f 61 1109 1402
f 61 1126 1402
f 62 135 762
f 62 916 135
f 62 1326 135
f 62 135 1379
f 62 135 1384
f 62 762 1379
f 62 762 1402
f 62 1379 916
f 62 1384 916
f 62 916 1402
f 62 1326 1384
f 62 1402 1326
f 62 1402 1379
f 62 1384 1402
f 63 212 150
f 63 150 699
f 63 150 811
f 63 1347 150
f 63 212 811
f 63 1185 212
f 63 699 1185
f 63 699 1347
f 63 1185 811
f 63 1347 811
f 63 1185 1347
f 64 151 403
f 64 1303 151
f 64 151 1337
f 64 403 1202
f 64 403 1337
f 64 1202 1303
f 64 1337 1202
f 64 1303 1337
f 65 137 159
f 65 288 137
f 65 137 900
f 65 900 159
f 65 159 1469
f 65 290 288
f 65 288 900
f 65 1489 288
f 65 1468 290
f 65 290 1489
f 65 900 1468
f 65 1469 900
f 65 1489 900
f 65 1469 1468
f 65 1468 1489
f 66 78 77
f 66 77 787
f 66 1459 77
f 66 402 78
f 66 1459 78
f 66 78 1472
f 66 1413 402
f 66 1472 402
f 66 787 1413
f 66 787 1459
f 66 1472 787
f 66 1413 1472
f 66 1472 1459
f 67 716 192
f 67 192 1306
f 67 192 1423
f 67 717 716
f 67 1423 716
f 67 867 717
f 67 1423 717
f 67 1307 867
f 67 1423 867
f 67 1306 1307
f 67 1306 1423
f 67 1423 1307
f 68 70 167
f 68 342 70
f 68 1075 70
f 68 167 1062
f 68 167 1075
f 68 345 342
f 68 342 1075
f 68 1062 345
f 68 345 1075
f 68 1062 1075
f 69 168 74
f 69 74 341
f 69 817 74
f 69 343 168
f 69 817 168
f 69 341 343
f 69 817 341
f 69 817 343
f 70 387 167
f 70 167 1075
f 70 342 387
f 70 1075 342
f 70 1075 387
f 71 206 364
f 71 206 880
f 71 975 206
f 71 206 1011
f 71 364 880
f 71 364 915
f 71 915 880
f 71 1011 880
f 71 915 975
f 71 915 1011
f 71 1011 975
f 72 375 377
f 72 1140 375
f 72 375 1232
f 72 377 1140
f 72 1019 1018
f 72 1251 1018
f 72 1140 1019
f 72 1019 1251
f 72 1140 1232
f 72 1251 1140
f 72 1251 1232
f 73 112 548
f 73 933 112
f 73 1082 112
f 73 548 1067
f 73 548 1082
f 73 1067 933
f 73 933 1082
f 73 1067 1082
f 74 168 817
f 74 168 1382
f 74 350 341
f 74 817 341
f 74 341 1382
f 74 1382 350
f 74 817 1382
f 75 177 76
f 75 76 338
f 75 76 1471
f 75 609 177
f 75 177 1471
f 75 338 340
f 75 859 338
f 75 338 1471
f 75 340 609
f 75 859 340
f 75 859 609
f 75 609 1471
f 75 859 1471
f 76 177 339
f 76 177 1471
f 76 1008 338
f 76 338 1471
f 76 339 1008
f 76 339 1471
f 76 1008 1471
f 77 78 339
f 77 78 1459
f 77 1471 78
f 77 339 177
f 77 177 786
f 77 177 1471
f 77 1471 339
f 77 786 787
f 77 1459 786
f 77 1471 786
f 77 1459 787
f 77 1471 1459
f 78 686 339
f 78 1471 339
f 78 1472 402
f 78 402 1473
f 78 824 686
f 78 1356 686
f 78 1471 686
f 78 744 824
f 78 744 1356
f 78 1426 744
f 78 1473 744
f 78 744 1480
f 78 1356 824
f 78 1356 1420
f 78 1356 1426
f 78 1471 1356
f 78 1356 1480
f 78 1420 1459
f 78 1471 1420
f 78 1420 1480
f 78 1426 1480
f 78 1471 1459
f 78 1472 1459
f 78 1480 1459
f 78 1473 1472
f 78 1472 1480
f 78 1480 1473
f 79 718 80
f 79 884 80
f 79 80 904
f 79 80 1051
f 79 718 884
f 79 934 718
f 79 934 884
f 79 884 1051
f 79 904 892
f 79 892 934
f 79 1051 892
f 79 904 1051
f 79 934 1051
f 80 718 719
f 80 718 884
f 80 719 867
f 80 719 884
f 80 884 867
f 80 867 905
f 80 1051 867
f 80 1051 884
f 80 905 904
f 80 904 1051
f 80 905 1051
f 81 82 162
f 81 265 82
f 81 795 82
f 81 1118 82
f 81 82 1505
f 81 162 795
f 81 162 1505
f 81 265 795
f 81 1056 265
f 81 265 1118
f 81 795 1056
f 81 1118 795
f 81 795 1505
f 82 123 973
f 82 123 1103
f 82 1118 123
f 82 123 1229
f 82 1294 123
f 82 1505 123
f 82 399 162
f 82 162 1505
f 82 265 963
f 82 265 1118
f 82 973 399
f 82 1099 399
f 82 399 1505
f 82 747 973
f 82 1229 747
f 82 747 1294
f 82 795 1118
f 82 795 1505
f 82 963 1103
f 82 1118 963
f 82 963 1229
f 82 1099 973
f 82 973 1294
f 82 1505 973
f 82 1505 1099
f 82 1118 1103
f 82 1103 1229
f 82 1118 1505
f 82 1229 1294
f 83 85 266
f 83 1163 85
f 83 1195 85
f 83 1316 85
f 83 266 268
f 83 266 1316
f 83 268 1305
f 83 1316 268
f 83 1163 1194
f 83 1195 1163
f 83 1305 1163
f 83 1163 1316
f 83 1194 1195
f 83 1305 1194
f 83 1316 1305
f 84 1194 126
f 84 126 1268
f 84 1277 126
f 84 193 1194
f 84 1266 193
f 84 1277 193
f 84 1194 1277
f 84 1268 1266
f 84 1266 1277
f 84 1277 1268
f 85 769 266
f 85 266 1316
f 85 925 769
f 85 769 1163
f 85 769 1316
f 85 925 1163
f 85 1195 925
f 85 1163 1195
f 85 1163 1316
f 86 467 194
f 86 194 942
f 86 1349 194
f 86 1331 467
f 86 467 1349
f 86 942 1331
f 86 1349 942
f 86 1331 1349
f 87 677 676
f 87 676 1158
f 87 964 677
f 87 677 1158
f 87 755 754
f 87 754 1158
f 87 754 1209
f 87 755 1158
f 87 964 1158
f 87 1209 964
f 87 1209 1158
f 88 296 89
f 88 89 754
f 88 89 966
f 88 89 1021
f 88 132 303
f 88 759 132
f 88 132 966
f 88 1021 132
f 88 1339 132
f 88 299 296
f 88 1021 296
f 88 303 299
f 88 1021 299
f 88 1021 303
f 88 754 755
f 88 966 754
f 88 755 759
f 88 966 755
f 88 755 1339
f 88 1339 759
f 88 1021 966
f 88 1339 966
f 89 296 797
f 89 296 1021
f 89 966 754
f 89 1209 754
f 89 966 797
f 89 797 1021
f 89 797 1209
f 89 1021 966
f 89 966 1209
f 90 856 196
f 90 196 910
f 90 785 784
f 90 856 784
f 90 856 785
f 90 910 785
f 90 856 910
f 91 1023 1022
f 91 1022 1032
f 91 1136 1022
f 91 1023 1136
f 91 1032 1136
f 91 1032 1160
f 91 1032 1366
f 91 1136 1366
f 91 1160 1161
f 91 1366 1160
f 91 1161 1366
f 92 704 703
f 92 1087 703
f 92 1074 704
f 92 1087 704
f 92 1074 1087
f 92 1178 1074
f 92 1177 1087
f 92 1087 1178
f 92 1177 1178
f 93 900 160
f 93 1468 160
f 93 285 287
f 93 285 1489
f 93 287 1468
f 93 1489 287
f 93 900 1468
f 93 1489 900
f 93 1489 1468
f 94 165 199
f 94 644 165
f 94 1365 165
f 94 199 252
f 94 199 1365
f 94 1385 199
f 94 252 263
f 94 1385 252
f 94 263 644
f 94 1385 263
f 94 1365 644
f 94 644 1385
f 94 1385 1365
f 95 199 165
f 95 1323 165
f 95 1365 165
f 95 165 1428
f 95 1323 199
f 95 238 1357
f 95 238 1428
f 95 881 1323
f 95 1328 881
f 95 881 1365
f 95 1424 881
f 95 1323 1365
f 95 1328 1357
f 95 1328 1365
f 95 1424 1328
f 95 1328 1428
f 95 1357 1424
f 95 1428 1357
f 95 1428 1365
f 96 208 1168
f 96 208 1250
f 96 1186 240
f 96 1265 240
f 96 614 873
f 96 614 1130
f 96 1168 614
f 96 873 1130
f 96 873 1186
f 96 1130 1168
f 96 1130 1186
f 96 1130 1250
f 96 1265 1130
f 96 1168 1250
f 96 1265 1186
f 96 1250 1265
f 97 98 208
f 97 98 1250
f 97 1396 98
f 97 208 1250
f 97 736 737
f 97 1250 736
f 97 737 738
f 97 1250 737
f 97 737 1396
f 97 738 1396
f 97 1396 1250
f 98 1168 208
f 98 1250 208
f 98 396 712
f 98 1396 396
f 98 712 980
f 98 712 1396
f 98 980 1168
f 98 980 1396
f 98 1168 1250
f 98 1168 1396
f 98 1396 1250
f 99 395 101
f 99 834 101
f 99 394 395
f 99 834 394
f 99 395 834
f 100 201 712
f 100 891 201
f 100 712 393
f 100 393 1447
f 100 712 891
f 100 1447 712
f 100 1447 891
f 101 395 398
f 101 395 834
f 101 398 834
f 102 216 174
f 102 174 876
f 102 209 876
f 102 209 906
f 102 876 216
f 102 906 216
f 102 876 906
f 103 104 210
f 103 104 811
f 103 1208 104
f 103 210 811
f 103 210 1185
f 103 811 1185
f 103 811 1208
f 103 1185 1208
f 104 211 210
f 104 210 811
f 104 211 811
f 104 860 211
f 104 860 811
f 104 1207 811
f 104 811 1208
f 104 1207 860
f 104 1208 1207
f 105 410 107
f 105 107 697
f 105 831 107
f 105 831 410
f 105 1202 410
f 105 831 697
f 105 697 1202
f 105 1202 831
f 106 203 411
f 106 691 203
f 106 1100 203
f 106 411 1098
f 106 411 1100
f 106 1100 691
f 106 1236 691
f 106 1098 1100
f 106 1098 1236
f 106 1100 1236
f 107 410 417
f 107 831 410
f 107 417 749
f 107 417 831
f 107 698 697
f 107 697 831
f 107 749 698
f 107 831 698
f 107 831 749
f 108 517 524
f 108 819 517
f 108 524 819
f 108 524 959
f 108 694 693
f 108 1403 693
f 108 959 694
f 108 1403 694
f 108 819 959
f 108 1403 819
f 108 959 1403
f 109 727 726
f 109 967 726
f 109 956 727
f 109 727 967
f 109 885 956
f 109 885 967
f 109 1073 885
f 109 967 956
f 109 1072 967
f 109 967 1073
f 109 1072 1073
f 110 111 455
f 110 1190 111
f 110 111 1235
f 110 455 1084
f 110 1235 455
f 110 1084 1190
f 110 1084 1235
f 110 1235 1190
f 111 457 455
f 111 1235 455
f 111 818 457
f 111 1235 457
f 111 1191 818
f 111 1235 818
f 111 1190 1191
f 111 1235 1190
f 111 1235 1191
f 112 559 548
f 112 548 1082
f 112 774 559
f 112 1082 559
f 112 932 774
f 112 1082 774
f 112 933 932
f 112 932 1082
f 112 933 1082
f 113 549 556
f 113 549 1370
f 113 556 833
f 113 556 1370
f 113 833 887
f 113 833 1370
f 113 887 886
f 113 1370 886
f 113 1370 887
f 114 1063 115
f 114 115 1075
f 114 347 358
f 114 347 1398
f 114 358 1062
f 114 1398 358
f 114 1062 1063
f 114 1062 1075
f 114 1398 1062
f 114 1063 1075
f 114 1075 1398
f 115 384 382
f 115 1075 382
f 115 1063 384
f 115 1075 384
f 115 1063 1075
f 116 373 371
f 116 371 807
f 116 807 373
f 116 1311 373
f 116 807 1311
f 116 807 1312
f 116 1312 1311
f 117 179 361
f 117 423 179
f 117 880 179
f 117 361 363
f 117 880 361
f 117 363 746
f 117 880 363
f 117 429 423
f 117 423 880
f 117 746 429
f 117 429 880
f 117 880 746
f 118 119 424
f 118 1146 119
f 118 119 1254
f 118 424 427
f 118 424 1254
f 118 427 1066
f 118 427 1254
f 118 1066 1147
f 118 1254 1066
f 118 1147 1146
f 118 1146 1254
f 118 1147 1254
f 119 1131 424
f 119 424 1254
f 119 1146 1131
f 119 1131 1254
f 119 1254 1146
f 120 169 348
f 120 817 169
f 120 348 349
f 120 348 817
f 120 349 817
f 121 337 176
f 121 176 859
f 121 859 337
f 121 1224 337
f 121 859 352
f 121 352 1224
f 121 1224 859
f 122 336 161
f 122 1454 161
f 122 845 336
f 122 1454 336
f 122 337 745
f 122 1420 337
f 122 633 673
f 122 745 633
f 122 1356 633
f 122 1426 633
f 122 673 845
f 122 673 1426
f 122 1356 745
f 122 1420 745
f 122 1426 845
f 122 1454 845
f 122 845 1480
f 122 1420 1356
f 122 1426 1356
f 122 1426 1420
f 122 1454 1420
f 122 1420 1480
f 122 1480 1426
f 122 1454 1480
f 123 163 333
f 123 790 163
f 123 791 163
f 123 271 790
f 123 1029 271
f 123 271 1118
f 123 791 333
f 123 333 949
f 123 333 1099
f 123 1117 333
f 123 333 1505
f 123 949 748
f 123 1117 748
f 123 748 1294
f 123 790 791
f 123 790 1118
f 123 1505 790
f 123 1505 791
f 123 949 1117
f 123 973 1117
f 123 1294 973
f 123 973 1505
f 123 1103 1029
f 123 1118 1029
f 123 1117 1099
f 123 1099 1505
f 123 1103 1118
f 123 1228 1103
f 123 1229 1103
f 123 1294 1117
f 123 1505 1117
f 123 1505 1118
f 123 1229 1228
f 123 1294 1228
f 123 1294 1229
f 124 1277 126
f 124 1284 126
f 124 126 1391
f 124 126 1393
f 124 939 1157
f 124 1277 939
f 124 1392 939
f 124 1157 1277
f 124 1157 1285
f 124 1157 1393
f 124 1277 1391
f 124 1277 1392
f 124 1277 1393
f 124 1285 1284
f 124 1284 1393
f 124 1393 1285
f 124 1391 1392
f 125 127 463
f 125 1261 127
f 125 127 1421
f 125 463 1331
f 125 463 1421
f 125 1331 1261
f 125 1261 1421
f 125 1331 1421
f 126 1277 1194
f 126 1194 1391
f 126 1277 1268
f 126 1284 1268
f 126 1284 1277
f 126 1391 1277
f 126 1393 1277
f 126 1393 1284
f 127 466 463
f 127 463 1421
f 127 1425 463
f 127 1425 466
f 127 1261 1260
f 127 1260 1399
f 127 1260 1421
f 127 1261 1421
f 127 1399 1421
f 127 1399 1425
f 127 1421 1425
f 128 765 764
f 128 764 1203
f 128 1203 765
f 128 1458 765
f 128 1108 847
f 128 1450 847
f 128 847 1458
f 128 1108 1203
f 128 1108 1450
f 128 1108 1451
f 128 1458 1108
f 128 1458 1203
f 128 1451 1450
f 129 130 674
f 129 759 130
f 129 130 1238
f 129 1339 130
f 129 674 675
f 129 1238 674
f 129 675 1101
f 129 675 1238
f 129 758 759
f 129 1201 758
f 129 758 1339
f 129 1339 759
f 129 1101 1201
f 129 1238 1101
f 129 1238 1201
f 129 1201 1339
f 129 1238 1339
f 130 1102 674
f 130 674 1238
f 130 759 1102
f 130 1339 759
f 130 1238 1102
f 130 1339 1102
f 130 1339 1238
f 131 295 132
f 131 132 758
f 131 132 966
f 131 1021 132
f 131 132 1339
f 131 798 295
f 131 295 1021
f 131 758 899
f 131 758 1339
f 131 899 798
f 131 798 966
f 131 1021 798
f 131 966 899
f 131 899 1339
f 131 966 1021
f 131 1339 966
f 132 295 303
f 132 295 1021
f 132 1021 303
f 132 759 758
f 132 758 1339
f 132 1339 759
f 132 966 1021
f 132 966 1339
f 133 136 705
f 133 136 914
f 133 923 136
f 133 136 941
f 133 705 706
f 133 914 705
f 133 706 863
f 133 706 914
f 133 863 903
f 133 863 914
f 133 941 863
f 133 903 924
f 133 941 903
f 133 941 914
f 133 924 923
f 133 941 923
f 133 924 941
f 134 708 784
f 134 708 856
f 134 784 785
f 134 856 784
f 134 785 856
f 135 763 762
f 135 1379 762
f 135 763 1379
f 135 1384 763
f 135 916 1379
f 135 916 1384
f 135 1326 1327
f 135 1384 1326
f 135 1327 1384
f 135 1379 1384
f 136 895 705
f 136 914 705
f 136 914 895
f 136 923 895
f 136 895 941
f 136 914 941
f 136 941 923
f 137 277 159
f 137 900 159
f 137 800 277
f 137 277 900
f 137 288 800
f 137 900 288
f 137 900 800
f 138 139 246
f 138 284 139
f 138 825 139
f 138 139 1374
f 138 1474 139
f 138 246 251
f 138 1474 246
f 138 251 890
f 138 1474 251
f 138 282 284
f 138 890 282
f 138 1374 282
f 138 284 1374
f 138 825 890
f 138 1374 825
f 138 1474 825
f 138 890 1374
f 138 890 1474
f 139 710 246
f 139 1474 246
f 139 284 1374
f 139 710 825
f 139 1374 710
f 139 1474 710
f 139 825 1374
f 139 825 1474
f 140 166 1155
f 140 245 1088
f 140 1385 245
f 140 1088 1037
f 140 1037 1155
f 140 1088 1155
f 140 1385 1088
f 140 1155 1385
f 141 237 1059
f 141 1422 237
f 141 871 861
f 141 984 861
f 141 985 861
f 141 861 1059
f 141 1422 861
f 141 871 1422
f 141 985 984
f 141 1059 985
f 141 1422 1059
f 142 188 144
f 142 144 736
f 142 144 1150
f 142 229 188
f 142 1150 188
f 142 232 229
f 142 229 1150
f 142 229 1320
f 142 1380 229
f 142 1320 232
f 142 736 739
f 142 736 1150
f 142 739 1150
f 142 739 1320
f 142 1380 739
f 142 1150 1380
f 142 1380 1320
f 143 226 145
f 143 145 1179
f 143 145 1206
f 143 214 1052
f 143 214 1206
f 143 1085 226
f 143 226 1179
f 143 1052 1085
f 143 1179 1052
f 143 1206 1052
f 143 1085 1179
f 143 1179 1206
f 144 188 214
f 144 1150 188
f 144 1206 188
f 144 1206 214
f 144 736 1150
f 144 1206 736
f 144 1206 1150
f 145 226 227
f 145 834 226
f 145 1179 226
f 145 227 738
f 145 834 227
f 145 834 738
f 145 1179 738
f 145 1206 738
f 145 834 1179
f 145 1206 1179
f 146 224 223
f 146 1447 223
f 146 838 224
f 146 224 1447
f 146 837 838
f 146 1447 837
f 146 838 1447
f 147 185 148
f 147 148 835
f 147 148 1134
f 147 186 185
f 147 1134 185
f 147 1134 186
f 147 835 1134
f 147 835 1461
f 147 1461 1134
f 148 185 222
f 148 1134 185
f 148 185 1281
f 148 222 220
f 148 220 981
f 148 1281 220
f 148 222 1281
f 148 839 835
f 148 1134 835
f 148 981 839
f 148 839 1134
f 148 839 1281
f 148 981 1281
f 148 1134 1281
f 149 175 215
f 149 175 876
f 149 876 207
f 149 1143 207
f 149 215 876
f 149 215 1143
f 149 876 1143
f 150 212 213
f 150 811 212
f 150 213 811
f 150 213 1143
f 150 700 699
f 150 699 1347
f 150 1184 700
f 150 700 1347
f 150 1143 811
f 150 811 1184
f 150 811 1347
f 150 1143 1184
f 150 1347 1184
f 151 409 403
f 151 1337 403
f 151 773 409
f 151 409 1337
f 151 1302 773
f 151 1337 773
f 151 1303 1302
f 151 1302 1337
f 151 1303 1337
f 152 153 404
f 152 529 153
f 152 1100 153
f 152 404 407
f 152 812 404
f 152 1100 404
f 152 407 715
f 152 812 407
f 152 535 529
f 152 1100 529
f 152 715 535
f 152 1100 535
f 152 715 812
f 152 1100 715
f 152 1100 812
f 153 1098 404
f 153 1100 404
f 153 529 1098
f 153 529 1100
f 153 1098 1100
f 154 515 510
f 154 510 819
f 154 741 515
f 154 819 515
f 154 530 533
f 154 819 530
f 154 533 782
f 154 819 533
f 154 782 741
f 154 741 819
f 154 782 819
f 155 183 477
f 155 494 183
f 155 1252 183
f 155 477 1217
f 155 477 1252
f 155 1217 494
f 155 494 1252
f 155 1217 1252
f 156 181 435
f 156 449 181
f 156 181 953
f 156 953 435
f 156 435 1084
f 156 953 449
f 156 1084 449
f 156 953 1084
f 157 734 182
f 157 967 182
f 157 182 1166
f 157 182 1262
f 157 734 967
f 157 1466 734
f 157 967 1262
f 157 967 1466
f 157 1262 1166
f 157 1166 1466
f 157 1466 1262
f 158 436 439
f 158 850 436
f 158 439 669
f 158 850 439
f 158 547 542
f 158 850 542
f 158 669 547
f 158 850 547
f 158 850 669
f 159 277 283
f 159 900 277
f 159 283 900
f 159 283 1469
f 159 900 1469
f 160 280 278
f 160 900 278
f 160 278 1501
f 160 900 280
f 160 1469 280
f 160 900 1468
f 160 1469 900
f 160 900 1501
f 160 1468 1469
f 161 336 717
f 161 336 789
f 161 1454 336
f 161 717 789
f 161 789 788
f 161 788 1454
f 161 1454 789
f 162 399 804
f 162 399 1099
f 162 1505 399
f 162 796 795
f 162 795 1505
f 162 804 796
f 162 1099 796
f 162 1505 796
f 162 804 1099
f 162 1505 1099
f 163 334 333
f 163 791 333
f 163 333 965
f 163 965 334
f 163 790 791
f 163 791 965
f 164 642 166
f 164 1422 166
f 164 1422 237
f 164 1422 642
f 165 1323 199
f 165 1365 199
f 165 643 642
f 165 642 1428
f 165 644 643
f 165 643 1365
f 165 1428 643
f 165 1365 644
f 165 1323 1365
f 165 1365 1428
f 166 642 643
f 166 642 1422
f 166 643 644
f 166 643 1155
f 166 1422 643
f 166 644 1155
f 166 1422 1155
f 167 387 390
f 167 387 1075
f 167 390 1063
f 167 390 1075
f 167 1063 1062
f 167 1075 1062
f 167 1075 1063
f 168 343 346
f 168 343 817
f 168 817 346
f 168 346 1383
f 168 817 1382
f 168 1383 817
f 168 1383 1382
f 169 357 348
f 169 817 348
f 169 357 817
f 169 1383 357
f 169 817 1383
f 170 171 172
f 170 313 171
f 170 977 171
f 170 172 190
f 170 172 325
f 170 898 172
f 170 977 172
f 170 190 309
f 170 190 325
f 170 309 317
f 170 325 309
f 170 898 309
f 170 317 313
f 170 977 313
f 170 317 898
f 170 317 977
f 170 898 325
f 170 898 977
f 171 977 172
f 171 313 310
f 171 977 310
f 171 313 977
f 172 325 190
f 172 328 325
f 172 325 898
f 172 328 898
f 172 977 328
f 172 898 977
f 173 389 386
f 173 386 807
f 173 807 389
f 173 1312 389
f 173 1311 807
f 173 1312 807
f 173 1311 1312
f 174 216 218
f 174 216 876
f 174 218 826
f 174 218 876
f 174 876 826
f 175 221 215
f 175 215 876
f 175 826 221
f 175 221 876
f 175 876 826
f 176 788 337
f 176 337 859
f 176 788 608
f 176 608 859
f 176 788 859
f 177 339 1471
f 177 609 608
f 177 608 786
f 177 1471 608
f 177 609 1471
f 177 786 1471
f 178 541 180
f 178 180 990
f 178 1183 180
f 178 1067 541
f 178 1183 541
f 178 990 1067
f 178 1183 990
f 178 1067 1183
f 179 361 880
f 179 915 361
f 179 880 423
f 179 423 915
f 179 915 880
f 180 541 545
f 180 1183 541
f 180 545 775
f 180 1183 545
f 180 775 991
f 180 775 1183
f 180 991 990
f 180 1183 990
f 180 991 1183
f 181 441 435
f 181 953 435
f 181 928 441
f 181 441 953
f 181 449 452
f 181 953 449
f 181 953 452
f 181 452 1125
f 181 928 953
f 181 1125 928
f 181 953 1125
f 182 734 735
f 182 967 734
f 182 735 967
f 182 735 1364
f 182 919 1167
f 182 1262 919
f 182 1364 919
f 182 967 1262
f 182 1364 967
f 182 1167 1166
f 182 1262 1166
f 182 1167 1262
f 182 1364 1262
f 183 481 477
f 183 477 1252
f 183 801 481
f 183 1252 481
f 183 494 497
f 183 1252 494
f 183 497 801
f 183 497 1252
f 183 801 1252
f 184 499 493
f 184 913 493
f 184 493 1156
f 184 777 499
f 184 1156 499
f 184 509 513
f 184 509 913
f 184 509 1200
f 184 513 777
f 184 1200 513
f 184 1156 777
f 184 1200 777
f 184 913 1156
f 184 1200 913
f 184 1200 1156
f 185 186 1085
f 185 186 1134
f 185 1065 222
f 185 1281 222
f 185 1085 1065
f 185 1065 1134
f 185 1281 1065
f 185 1134 1085
f 185 1281 1134
f 186 1124 1085
f 186 1134 1085
f 186 1124 1134
f 187 228 225
f 187 834 225
f 187 834 228
f 188 1052 214
f 188 1206 214
f 188 229 1127
f 188 229 1150
f 188 596 613
f 188 1127 596
f 188 1130 596
f 188 613 1052
f 188 1130 613
f 188 613 1351
f 188 1206 1052
f 188 1351 1052
f 188 1127 1130
f 188 1150 1127
f 188 1150 1130
f 188 1130 1206
f 188 1351 1130
f 188 1150 1206
f 188 1206 1351
f 189 1033 1034
f 189 1033 1362
f 189 1407 1033
f 189 1034 1362
f 189 1113 1114
f 189 1362 1113
f 189 1114 1362
f 189 1114 1407
f 189 1407 1362
f 190 325 309
f 191 272 772
f 191 272 1316
f 191 772 939
f 191 1163 772
f 191 1316 772
f 191 939 1163
f 191 939 1392
f 191 1316 1163
f 191 1392 1163
f 192 716 1314
f 192 1423 716
f 192 846 1306
f 192 1314 846
f 192 1423 846
f 192 1306 1423
f 192 1314 1423
f 193 925 1195
f 193 1222 925
f 193 1277 925
f 193 1195 1194
f 193 1194 1277
f 193 1195 1277
f 193 1267 1222
f 193 1222 1277
f 193 1266 1267
f 193 1277 1266
f 193 1267 1277
f 194 467 474
f 194 1349 467
f 194 467 1417
f 194 474 1417
f 194 474 1455
f 194 943 942
f 194 942 1349
f 194 943 1349
f 194 1455 943
f 194 1417 1349
f 194 1455 1349
f 194 1455 1417
f 195 767 768
f 195 767 1203
f 195 768 1005
f 195 1203 768
f 195 1005 783
f 195 1108 783
f 195 1203 783
f 195 783 1273
f 195 1203 1005
f 195 1203 1108
f 195 1108 1246
f 195 1108 1247
f 195 1108 1248
f 195 1108 1273
f 195 1203 1246
f 195 1247 1248
f 195 1273 1247
f 196 877 856
f 196 878 856
f 196 856 910
f 196 856 911
f 196 877 878
f 196 878 911
f 196 911 910
f 197 761 760
f 197 760 916
f 197 760 1126
f 197 761 916
f 197 1126 916
f 197 1110 1109
f 197 1126 1109
f 197 1126 1110
f 198 253 709
f 198 825 253
f 198 1002 281
f 198 825 709
f 198 709 1002
f 198 825 1002
f 199 957 252
f 199 1385 252
f 199 1323 957
f 199 1365 957
f 199 1385 957
f 199 1323 1365
f 199 1385 1365
f 200 230 236
f 200 861 230
f 200 861 236
f 200 236 1319
f 200 1319 238
f 200 1428 238
f 200 861 871
f 200 1319 861
f 200 1428 861
f 200 1428 871
f 200 1319 1428
f 201 202 712
f 201 202 891
f 201 712 891
f 202 891 712
f 202 980 712
f 202 1086 712
f 202 1086 891
f 202 992 980
f 202 980 1086
f 202 1086 992
f 203 419 411
f 203 411 1100
f 203 711 419
f 203 419 1100
f 203 691 692
f 203 691 1100
f 203 692 711
f 203 1100 692
f 203 1100 711
f 204 505 507
f 204 913 505
f 204 507 776
f 204 507 913
f 204 527 516
f 204 913 516
f 204 776 527
f 204 527 913
f 204 776 913
f 205 484 487
f 205 1330 484
f 205 487 1292
f 205 487 1330
f 205 681 680
f 205 909 680
f 205 681 909
f 205 1292 681
f 205 1217 909
f 205 909 1292
f 205 909 1330
f 205 1330 1217
f 205 1330 1292
f 206 366 364
f 206 364 880
f 206 864 366
f 206 366 880
f 206 864 880
f 206 976 864
f 206 864 1011
f 206 1011 880
f 206 975 976
f 206 1011 975
f 206 976 1011
f 207 213 212
f 207 212 811
f 207 827 212
f 207 811 213
f 207 1143 213
f 207 811 827
f 207 876 811
f 207 1143 811
f 207 876 827
f 207 1143 876
f 208 1168 1250
f 209 210 211
f 209 210 811
f 209 827 210
f 209 811 211
f 209 211 906
f 209 811 827
f 209 811 876
f 209 811 906
f 209 876 827
f 209 876 906
f 210 811 211
f 210 811 827
f 210 1185 811
f 210 827 1185
f 211 811 860
f 211 811 906
f 211 860 906
f 212 213 811
f 212 811 827
f 212 811 1185
f 212 1185 827
f 213 811 1143
f 214 1206 1052
f 215 221 222
f 215 876 221
f 215 222 876
f 215 222 1143
f 215 1143 876
f 216 219 218
f 216 876 218
f 216 1192 218
f 216 1192 219
f 216 906 876
f 216 876 1192
f 216 906 1192
f 217 218 219
f 217 218 876
f 217 981 218
f 217 219 876
f 217 219 993
f 217 1086 219
f 217 981 876
f 217 876 1086
f 217 993 981
f 217 981 1086
f 217 1086 993
f 218 219 876
f 218 219 1192
f 218 826 876
f 218 981 826
f 218 876 981
f 218 876 1192
f 219 1086 876
f 219 1192 876
f 219 992 993
f 219 1086 992
f 219 1192 992
f 219 1086 993
f 219 1192 1086
f 220 222 221
f 220 221 876
f 220 221 981
f 220 222 876
f 220 222 1281
f 220 876 981
f 220 876 1281
f 220 1281 981
f 221 876 222
f 221 876 826
f 221 826 981
f 221 876 981
f 222 876 655
f 222 1065 655
f 222 655 1143
f 222 655 1281
f 222 1143 876
f 222 876 1281
f 222 1281 1065
f 223 224 225
f 223 224 834
f 223 1447 224
f 223 225 834
f 223 225 1085
f 223 1085 834
f 223 834 1447
f 223 1085 1124
f 223 1447 1085
f 223 1124 1447
f 224 225 834
f 224 834 394
f 224 838 394
f 224 838 834
f 224 834 1447
f 224 1447 838
f 225 228 834
f 225 228 1085
f 225 1085 834
f 226 228 227
f 226 834 227
f 226 228 834
f 226 1085 228
f 226 1085 834
f 226 1179 834
f 226 1179 1085
f 227 228 834
f 227 397 738
f 227 834 397
f 227 738 834
f 228 1085 834
f 229 232 244
f 229 1193 232
f 229 1320 232
f 229 244 1193
f 229 1127 1150
f 229 1193 1127
f 229 1150 1193
f 229 1380 1150
f 229 1320 1193
f 229 1193 1380
f 229 1320 1380
f 230 239 236
f 230 861 236
f 230 239 861
f 230 871 239
f 230 861 871
f 231 244 232
f 231 232 1318
f 231 232 1320
f 231 1234 233
f 231 233 1309
f 231 1406 233
f 231 243 244
f 231 684 243
f 231 243 1234
f 231 1309 243
f 231 1318 243
f 231 1318 244
f 231 1309 684
f 231 1309 1234
f 231 1318 1234
f 231 1406 1234
f 231 1320 1318
f 231 1318 1406
f 231 1320 1406
f 232 244 1193
f 232 1318 244
f 232 1380 244
f 232 1320 1193
f 232 1193 1380
f 232 1320 1318
f 232 1318 1380
f 232 1320 1380
f 233 1234 234
f 233 234 1241
f 233 1405 234
f 233 234 1409
f 233 1309 1234
f 233 1405 1234
f 233 1234 1406
f 233 1234 1409
f 233 1241 1309
f 233 1409 1241
f 233 1409 1309
f 233 1406 1405
f 234 1215 1219
f 234 1234 1215
f 234 1405 1215
f 234 1234 1219
f 234 1219 1240
f 234 1409 1219
f 234 1405 1234
f 234 1409 1234
f 234 1240 1241
f 234 1240 1409
f 234 1241 1409
f 235 236 239
f 235 861 236
f 235 1219 236
f 235 239 861
f 235 239 1241
f 235 239 1409
f 235 861 1219
f 235 861 1409
f 235 1240 1219
f 235 1409 1219
f 235 1241 1240
f 235 1409 1240
f 235 1409 1241
f 236 861 239
f 236 861 1219
f 236 861 1319
f 236 1219 1319
f 237 1408 1059
f 237 1059 1422
f 237 1408 1422
f 238 1319 1357
f 238 1319 1428
f 238 1428 1357
f 239 684 861
f 239 984 684
f 239 684 1309
f 239 861 871
f 239 861 984
f 239 861 1309
f 239 861 1409
f 239 871 984
f 239 1309 1241
f 239 1409 1241
f 239 1309 1409
f 240 242 241
f 240 1320 241
f 240 1380 241
f 240 1244 242
f 240 242 1380
f 240 1186 1244
f 240 1186 1265
f 240 1186 1380
f 240 1244 1380
f 240 1380 1265
f 240 1380 1320
f 241 1318 242
f 241 1380 242
f 241 242 1406
f 241 1318 1320
f 241 1380 1318
f 241 1406 1318
f 241 1320 1380
f 241 1406 1320
f 242 1244 1215
f 242 1318 1215
f 242 1215 1405
f 242 1318 1244
f 242 1380 1244
f 242 1380 1318
f 242 1318 1405
f 242 1406 1318
f 242 1405 1406
f 243 1050 244
f 243 1318 244
f 243 684 685
f 243 684 1309
f 243 685 1308
f 243 1309 685
f 243 1050 1234
f 243 1308 1050
f 243 1318 1050
f 243 1308 1234
f 243 1309 1234
f 243 1234 1318
f 243 1309 1308
f 244 1050 1193
f 244 1318 1050
f 244 1318 1193
f 244 1380 1193
f 244 1380 1318
f 245 249 256
f 245 249 1083
f 245 249 1385
f 245 1083 256
f 245 256 1088
f 245 1083 1088
f 245 1385 1083
f 245 1088 1385
f 246 257 251
f 246 1474 251
f 246 1460 257
f 246 1474 257
f 246 710 1460
f 246 710 1474
f 246 1460 1474
f 247 256 248
f 247 248 960
f 247 250 255
f 247 250 1336
f 247 1433 250
f 247 255 256
f 247 255 960
f 247 1336 255
f 247 256 960
f 247 960 258
f 247 1336 258
f 247 258 1433
f 247 1336 960
f 247 1336 1433
f 248 256 249
f 248 249 263
f 248 1083 249
f 248 256 960
f 248 256 1083
f 248 263 262
f 248 262 960
f 248 262 1083
f 248 1083 263
f 248 960 1083
f 249 1083 256
f 249 644 263
f 249 263 1083
f 249 1083 644
f 249 644 1385
f 249 1083 1385
f 250 251 257
f 250 1433 251
f 250 1474 251
f 250 257 255
f 250 255 1336
f 250 257 1336
f 250 257 1474
f 250 1336 1433
f 250 1474 1336
f 250 1474 1433
f 251 1474 257
f 251 1433 890
f 251 890 1474
f 251 1433 1474
f 252 264 263
f 252 263 1083
f 252 1385 263
f 252 957 264
f 252 1083 264
f 252 1083 957
f 252 957 1385
f 252 1385 1083
f 253 260 261
f 253 825 260
f 253 1334 260
f 253 261 709
f 253 1334 261
f 253 825 709
f 253 1334 709
f 253 1334 825
f 254 259 258
f 254 258 264
f 254 258 1223
f 254 258 1334
f 254 258 1336
f 254 261 259
f 254 1334 259
f 254 1282 261
f 254 1334 261
f 254 264 1223
f 254 1223 1282
f 254 1223 1336
f 254 1282 1334
f 254 1336 1282
f 254 1334 1336
f 255 937 256
f 255 256 960
f 255 256 1336
f 255 257 1171
f 255 257 1336
f 255 1484 257
f 255 1171 937
f 255 1336 937
f 255 1336 960
f 255 1171 1336
f 255 1484 1171
f 255 1336 1484
f 256 937 1083
f 256 937 1088
f 256 1336 937
f 256 1083 960
f 256 1336 960
f 256 1088 1083
f 256 1336 1083
f 257 1460 1171
f 257 1484 1171
f 257 1474 1336
f 257 1484 1336
f 257 1460 1474
f 257 1484 1460
f 257 1474 1484
f 258 259 1334
f 258 1336 259
f 258 259 1433
f 258 262 264
f 258 960 262
f 258 1223 262
f 258 1223 264
f 258 1223 960
f 258 1336 960
f 258 1336 1223
f 258 1334 1336
f 258 1433 1336
f 259 261 260
f 259 260 1334
f 259 260 1433
f 259 1334 261
f 259 1336 1334
f 259 1334 1433
f 259 1336 1433
f 260 261 1334
f 260 825 890
f 260 825 1334
f 260 1433 825
f 260 890 1433
f 260 1334 1433
f 261 1282 709
f 261 709 1334
f 261 1334 1282
f 262 263 264
f 262 1083 263
f 262 264 1083
f 262 1223 264
f 262 1083 960
f 262 960 1223
f 262 1083 1223
f 263 1083 264
f 263 644 1083
f 263 1385 644
f 263 1083 1385
f 264 957 1083
f 264 957 1223
f 264 1083 1223
f 265 795 1056
f 265 795 1118
f 265 929 963
f 265 1057 929
f 265 929 1118
f 265 963 1118
f 265 1056 1057
f 265 1056 1118
f 265 1057 1118
f 266 270 268
f 266 1316 268
f 266 769 270
f 266 1316 270
f 266 1316 769
f 267 268 270
f 267 274 268
f 267 268 868
f 267 270 269
f 267 868 269
f 267 269 1057
f 267 269 1283
f 267 868 270
f 267 273 274
f 267 868 273
f 267 1056 273
f 267 273 1283
f 267 274 868
f 267 868 1283
f 267 1057 1056
f 267 1283 1056
f 267 1057 1283
f 268 868 270
f 268 270 1316
f 268 274 868
f 268 274 1305
f 268 868 1305
f 268 1316 868
f 268 1305 1316
f 269 868 270
f 269 270 929
f 269 868 929
f 269 868 1283
f 269 929 1057
f 269 929 1283
f 269 1283 1057
f 270 868 769
f 270 769 929
f 270 769 1316
f 270 929 868
f 270 868 1316
f 271 790 792
f 271 790 1118
f 271 790 1283
f 271 793 792
f 271 792 1283
f 271 1029 793
f 271 793 1283
f 271 1029 1118
f 271 1029 1283
f 271 1283 1118
f 272 274 276
f 272 868 274
f 272 274 1305
f 272 274 1316
f 272 276 772
f 272 276 868
f 272 868 772
f 272 772 1316
f 272 868 1316
f 272 1305 1316
f 273 276 274
f 273 274 868
f 273 275 276
f 273 793 275
f 273 868 275
f 273 275 1283
f 273 868 276
f 273 792 793
f 273 1056 792
f 273 792 1283
f 273 793 1283
f 273 1283 868
f 273 1056 1283
f 274 868 276
f 274 868 1305
f 274 868 1316
f 274 1316 1305
f 275 868 276
f 275 1242 276
f 275 793 1242
f 275 793 1283
f 275 1242 868
f 275 868 1283
f 275 1242 1283
f 276 772 868
f 276 1242 772
f 276 868 1242
f 277 284 283
f 277 283 900
f 277 900 284
f 277 1107 284
f 277 800 900
f 277 800 1107
f 277 900 1107
f 278 280 281
f 278 900 280
f 278 1115 280
f 278 281 1115
f 278 281 1501
f 278 1115 900
f 278 1501 900
f 278 1501 1115
f 279 281 280
f 279 1115 280
f 279 280 1469
f 279 1002 281
f 279 1115 281
f 279 282 890
f 279 282 1115
f 279 1469 282
f 279 890 1115
f 279 1115 1002
f 279 1469 1115
f 280 1115 281
f 280 900 1115
f 280 900 1469
f 280 1469 1115
f 281 1002 889
f 281 889 1115
f 281 889 1501
f 281 1002 1115
f 281 1115 1501
f 282 283 284
f 282 900 283
f 282 1115 283
f 282 1469 283
f 282 900 284
f 282 1115 284
f 282 284 1374
f 282 890 1115
f 282 1374 890
f 282 900 1115
f 282 1374 1115
f 282 1115 1469
f 283 900 284
f 283 1115 900
f 283 1469 900
f 283 1115 1469
f 284 900 1107
f 284 900 1115
f 284 900 1374
f 284 1107 1374
f 284 1115 1374
f 285 292 287
f 285 1489 287
f 285 292 1489
f 285 1501 292
f 285 1489 1501
f 286 287 291
f 286 287 1112
f 286 1340 287
f 286 291 760
f 286 1112 291
f 286 760 761
f 286 760 1112
f 286 761 1010
f 286 761 1112
f 286 1010 1112
f 286 1010 1340
f 286 1340 1112
f 287 292 291
f 287 291 1112
f 287 292 1112
f 287 1489 292
f 287 1340 1112
f 287 1489 1112
f 287 1340 1468
f 287 1489 1340
f 287 1468 1489
f 288 290 294
f 288 290 1489
f 288 294 800
f 288 1489 294
f 288 800 900
f 288 1489 800
f 288 900 1489
f 289 293 290
f 289 897 290
f 289 290 1340
f 289 763 293
f 289 897 293
f 289 1379 293
f 289 762 763
f 289 1010 762
f 289 1379 762
f 289 1379 763
f 289 897 1010
f 289 1340 897
f 289 1379 897
f 289 1340 1010
f 289 1379 1010
f 290 293 294
f 290 897 293
f 290 294 897
f 290 294 1489
f 290 897 1340
f 290 897 1489
f 290 1468 1340
f 290 1340 1489
f 290 1468 1489
f 291 292 1112
f 291 292 1490
f 291 1090 760
f 291 1112 760
f 291 1090 1112
f 291 1490 1090
f 291 1112 1490
f 292 799 1489
f 292 799 1490
f 292 1501 799
f 292 1112 1489
f 292 1490 1112
f 292 1490 1489
f 292 1489 1501
f 293 294 897
f 293 987 294
f 293 763 987
f 293 1379 763
f 293 897 987
f 293 1379 897
f 293 987 1379
f 294 897 800
f 294 987 800
f 294 1489 800
f 294 897 987
f 294 1489 897
f 295 305 303
f 295 303 1021
f 295 798 305
f 295 305 1021
f 295 1021 798
f 296 299 308
f 296 299 1021
f 296 308 797
f 296 1021 308
f 296 797 1021
f 297 306 298
f 297 298 1064
f 297 301 1055
f 297 1064 301
f 297 301 1257
f 297 1055 306
f 297 306 1064
f 297 1138 306
f 297 306 1324
f 297 1064 1055
f 297 1055 1139
f 297 1257 1055
f 297 1324 1055
f 297 1139 1138
f 297 1324 1138
f 297 1257 1139
f 297 1139 1324
f 298 299 302
f 298 308 299
f 298 1021 299
f 298 1243 299
f 298 302 1064
f 298 302 1243
f 298 306 307
f 298 1064 306
f 298 307 308
f 298 1021 307
f 298 307 1064
f 298 307 1243
f 298 1021 308
f 298 1021 1243
f 298 1064 1243
f 299 303 302
f 299 302 1243
f 299 1021 303
f 299 1243 303
f 299 1021 308
f 299 1243 1021
f 300 301 302
f 300 1055 301
f 300 1199 301
f 300 301 1243
f 300 1369 301
f 300 302 304
f 300 302 1243
f 300 304 958
f 300 304 1243
f 300 958 1004
f 300 958 1055
f 300 1243 958
f 300 1004 1055
f 300 1004 1199
f 300 1369 1004
f 300 1243 1055
f 300 1055 1369
f 300 1369 1199
f 301 1064 302
f 301 1243 302
f 301 1055 1064
f 301 1055 1243
f 301 1055 1257
f 301 1369 1055
f 301 1243 1064
f 301 1199 1198
f 301 1198 1257
f 301 1369 1198
f 301 1369 1199
f 301 1257 1369
f 302 303 305
f 302 1243 303
f 302 305 304
f 302 1243 304
f 302 305 1243
f 302 1243 1064
f 303 1021 305
f 303 305 1243
f 303 1243 1021
f 304 305 751
f 304 1243 305
f 304 751 958
f 304 1243 751
f 304 1243 958
f 305 798 751
f 305 751 1021
f 305 751 1243
f 305 1021 798
f 305 1021 1243
f 306 307 1064
f 306 1452 307
f 306 1012 1055
f 306 1138 1012
f 306 1012 1324
f 306 1012 1452
f 306 1055 1064
f 306 1324 1055
f 306 1055 1452
f 306 1452 1064
f 306 1324 1138
f 307 750 308
f 307 1021 308
f 307 1021 750
f 307 1243 750
f 307 1452 750
f 307 1243 1021
f 307 1243 1064
f 307 1064 1452
f 307 1452 1243
f 308 750 797
f 308 1021 750
f 308 1021 797
f 309 318 317
f 309 898 317
f 309 879 318
f 309 318 898
f 309 325 879
f 309 898 325
f 309 879 898
f 310 313 320
f 310 313 944
f 310 313 977
f 310 320 944
f 310 944 321
f 310 977 321
f 310 944 977
f 311 319 312
f 311 312 1196
f 311 1372 312
f 311 677 319
f 311 319 920
f 311 319 1256
f 311 319 1372
f 311 676 677
f 311 1256 676
f 311 1256 677
f 311 920 1256
f 311 920 1372
f 311 1372 1196
f 311 1196 1415
f 311 1256 1372
f 311 1415 1256
f 311 1415 1372
f 312 313 317
f 312 320 313
f 312 898 313
f 312 317 316
f 312 898 316
f 312 316 1196
f 312 898 317
f 312 319 320
f 312 1372 319
f 312 898 320
f 312 320 1372
f 312 1196 898
f 312 1372 898
f 312 1196 1372
f 313 317 898
f 313 317 977
f 313 320 898
f 313 944 320
f 313 944 898
f 313 977 898
f 313 944 977
f 314 315 316
f 314 675 315
f 314 912 315
f 314 315 1464
f 314 316 318
f 314 316 912
f 314 318 912
f 314 1367 675
f 314 675 1464
f 314 912 1367
f 314 912 1464
f 314 1464 1367
f 315 912 316
f 315 1196 316
f 315 675 674
f 315 674 1256
f 315 674 1464
f 315 675 1464
f 315 1196 912
f 315 1464 912
f 315 1415 1196
f 315 1464 1196
f 315 1256 1415
f 315 1464 1256
f 315 1415 1464
f 316 317 318
f 316 898 317
f 316 318 898
f 316 912 318
f 316 898 912
f 316 1196 898
f 316 1196 912
f 317 318 898
f 317 977 898
f 318 898 879
f 318 879 912
f 318 912 898
f 319 1237 320
f 319 1372 320
f 319 677 816
f 319 677 920
f 319 677 1256
f 319 816 920
f 319 816 1237
f 319 920 1237
f 319 920 1256
f 319 920 1372
f 319 1372 1237
f 320 898 944
f 320 1237 898
f 320 898 1372
f 320 1237 944
f 320 1372 1237
f 321 332 324
f 321 324 977
f 321 944 332
f 321 332 977
f 321 977 944
f 322 327 323
f 322 323 331
f 322 323 1255
f 322 326 327
f 322 764 326
f 322 1203 326
f 322 1255 326
f 322 1255 327
f 322 331 768
f 322 331 1203
f 322 331 1255
f 322 767 764
f 322 1203 764
f 322 768 767
f 322 767 1203
f 322 768 1203
f 322 1255 1203
f 323 328 324
f 323 324 332
f 323 977 324
f 323 327 328
f 323 977 327
f 323 1255 327
f 323 328 977
f 323 332 331
f 323 331 1255
f 323 977 332
f 323 332 1255
f 323 977 1255
f 324 977 328
f 324 977 332
f 325 328 330
f 325 898 328
f 325 330 879
f 325 898 330
f 325 879 898
f 326 329 327
f 326 1255 327
f 326 765 329
f 326 329 1203
f 326 329 1255
f 326 764 765
f 326 764 1203
f 326 765 1203
f 326 1203 1255
f 327 330 328
f 327 898 328
f 327 977 328
f 327 329 330
f 327 329 1255
f 327 330 898
f 327 330 1255
f 327 898 977
f 327 1255 898
f 327 977 1255
f 328 330 898
f 328 898 977
f 329 879 330
f 329 330 1255
f 329 1203 765
f 329 765 1280
f 329 1255 879
f 329 1280 879
f 329 1255 1203
f 329 1280 1203
f 329 1280 1255
f 330 879 898
f 330 1255 879
f 330 898 1255
f 331 332 944
f 331 1255 332
f 331 1005 768
f 331 1203 768
f 331 944 1005
f 331 1255 944
f 331 1203 1005
f 331 1005 1255
f 331 1255 1203
f 332 944 977
f 332 1255 944
f 332 977 1255
f 333 334 335
f 333 965 334
f 333 335 949
f 333 965 335
f 333 965 791
f 333 791 1099
f 333 1505 791
f 333 965 949
f 333 949 1099
f 333 1117 949
f 333 1099 965
f 333 1117 1099
f 333 1099 1505
f 334 965 335
f 334 335 1036
f 334 1306 335
f 334 965 998
f 334 1036 965
f 334 1036 998
f 334 998 1307
f 334 1306 1036
f 334 1307 1036
f 334 1307 1306
f 335 846 949
f 335 1036 846
f 335 1306 846
f 335 965 949
f 335 949 1036
f 335 965 1036
f 335 1306 1036
f 336 716 717
f 336 828 716
f 336 716 1401
f 336 717 789
f 336 717 1401
f 336 857 789
f 336 789 1401
f 336 789 1454
f 336 845 828
f 336 857 828
f 336 828 1401
f 336 857 845
f 336 845 1454
f 336 1401 857
f 336 857 1454
f 337 1224 745
f 337 1420 745
f 337 788 859
f 337 1420 788
f 337 1224 859
f 337 859 1420
f 337 1224 1420
f 338 859 340
f 338 1081 340
f 338 1008 859
f 338 1081 859
f 338 859 1471
f 338 1008 1081
f 338 1471 1008
f 339 686 1008
f 339 686 1471
f 339 1008 1471
f 340 859 609
f 340 1007 609
f 340 1007 859
f 340 859 1081
f 340 1081 1007
f 341 686 343
f 341 343 817
f 341 350 355
f 341 817 350
f 341 350 1081
f 341 350 1382
f 341 355 1008
f 341 1081 355
f 341 817 686
f 341 1008 686
f 341 1008 817
f 341 817 1081
f 341 1382 817
f 341 1081 1008
f 342 345 360
f 342 1075 345
f 342 360 824
f 342 1075 360
f 342 824 387
f 342 1075 387
f 342 1075 824
f 343 360 346
f 343 817 346
f 343 686 360
f 343 360 817
f 343 686 817
f 344 360 345
f 344 1075 345
f 344 345 1387
f 344 346 360
f 344 346 817
f 344 1387 346
f 344 817 360
f 344 1075 360
f 344 360 1387
f 344 1387 817
f 344 1387 1075
f 345 360 1075
f 345 1075 1062
f 345 1062 1387
f 345 1387 1075
f 346 817 360
f 346 1383 817
f 346 817 1387
f 346 1387 1383
f 347 359 358
f 347 1398 358
f 347 1363 359
f 347 1398 359
f 347 382 1363
f 347 1398 382
f 347 1363 1398
f 348 745 349
f 348 817 349
f 348 357 359
f 348 817 357
f 348 357 1398
f 348 359 1363
f 348 359 1398
f 348 817 745
f 348 1363 745
f 348 745 1398
f 348 1398 817
f 348 1398 1363
f 349 354 351
f 349 817 351
f 349 351 1382
f 349 351 1465
f 349 1224 354
f 349 1465 354
f 349 817 745
f 349 745 1224
f 349 1224 817
f 349 1382 817
f 349 817 1465
f 349 1224 1465
f 350 351 1006
f 350 351 1081
f 350 1382 351
f 350 355 1081
f 350 1081 817
f 350 817 1382
f 350 1006 1081
f 350 1382 1081
f 351 1465 354
f 351 817 1382
f 351 817 1465
f 351 1006 1081
f 351 1465 1006
f 351 1382 1081
f 351 1465 1081
f 351 1382 1465
f 352 353 859
f 352 353 1465
f 352 1224 859
f 352 859 1465
f 352 1465 1224
f 353 609 859
f 353 609 1007
f 353 859 1007
f 353 1465 859
f 353 1465 1007
f 354 1224 1465
f 355 1008 1081
f 356 359 357
f 356 357 1387
f 356 1398 357
f 356 358 359
f 356 1387 358
f 356 358 1398
f 356 359 1398
f 356 1387 1398
f 357 359 1398
f 357 817 1383
f 357 1387 817
f 357 817 1398
f 357 1383 1387
f 357 1398 1387
f 358 359 1398
f 358 1387 1062
f 358 1062 1398
f 358 1398 1387
f 359 1398 1363
f 360 817 686
f 360 686 824
f 360 817 824
f 360 1075 817
f 360 817 1387
f 360 1075 824
f 360 1387 1075
f 361 370 363
f 361 363 880
f 361 880 370
f 361 1432 370
f 361 915 880
f 361 880 1432
f 361 915 1432
f 362 363 370
f 362 363 880
f 362 1116 363
f 362 370 369
f 362 369 880
f 362 369 983
f 362 369 991
f 362 369 1183
f 362 1353 369
f 362 1432 369
f 362 369 1434
f 362 370 880
f 362 880 1116
f 362 1432 880
f 362 1434 880
f 362 983 1116
f 362 1183 983
f 362 983 1325
f 362 1353 983
f 362 983 1434
f 362 1183 991
f 362 991 1325
f 362 1325 1116
f 362 1434 1116
f 362 1325 1183
f 362 1183 1353
f 362 1434 1432
f 363 880 370
f 363 880 746
f 363 1116 746
f 363 880 1116
f 364 366 368
f 364 880 366
f 364 880 368
f 364 368 1432
f 364 880 915
f 364 1432 880
f 364 1432 915
f 365 368 366
f 365 366 1071
f 365 366 1434
f 365 367 368
f 365 932 367
f 365 1434 367
f 365 1434 368
f 365 1071 932
f 365 1434 932
f 365 1071 1434
f 366 880 368
f 366 1434 368
f 366 880 864
f 366 864 1071
f 366 864 1434
f 366 1434 880
f 366 1071 1434
f 367 1432 368
f 367 368 1434
f 367 932 933
f 367 1434 932
f 367 933 1353
f 367 933 1434
f 367 1353 1432
f 367 1434 1353
f 367 1432 1434
f 368 880 1432
f 368 880 1434
f 368 1434 1432
f 369 880 370
f 369 370 1432
f 369 880 1432
f 369 983 1353
f 369 983 1434
f 369 990 991
f 369 1183 990
f 369 1353 990
f 369 991 1183
f 369 1353 1183
f 369 1432 1353
f 369 1353 1434
f 369 1432 1434
f 370 880 1432
f 371 373 380
f 371 373 807
f 371 380 633
f 371 807 380
f 371 633 381
f 371 381 807
f 371 633 807
f 372 379 373
f 372 373 1232
f 372 373 1286
f 372 1147 379
f 372 1286 379
f 372 1146 1147
f 372 1232 1146
f 372 1146 1286
f 372 1286 1147
f 372 1232 1286
f 373 376 848
f 373 376 1232
f 373 1311 376
f 373 379 380
f 373 1286 379
f 373 807 380
f 373 380 848
f 373 1286 380
f 373 807 848
f 373 807 1311
f 373 1232 848
f 373 1286 848
f 373 848 1311
f 373 1232 1286
f 374 378 376
f 374 848 376
f 374 803 378
f 374 378 848
f 374 807 803
f 374 803 848
f 374 807 848
f 375 376 377
f 375 848 376
f 375 1232 376
f 375 848 377
f 375 1140 377
f 375 1232 377
f 375 1232 848
f 375 1140 1232
f 376 378 377
f 376 848 377
f 376 848 378
f 376 1232 848
f 376 1311 848
f 377 378 803
f 377 848 378
f 377 848 803
f 377 803 1140
f 377 1140 848
f 377 848 1232
f 377 1232 1140
f 378 803 848
f 379 633 380
f 379 1286 380
f 379 1066 633
f 379 1286 633
f 379 1147 1066
f 379 1066 1286
f 379 1286 1147
f 380 807 633
f 380 633 1286
f 380 807 848
f 380 1286 807
f 380 1286 848
f 381 392 385
f 381 807 385
f 381 840 385
f 381 633 392
f 381 392 840
f 381 807 633
f 381 840 633
f 381 807 840
f 382 384 392
f 382 840 384
f 382 384 1075
f 382 392 840
f 382 392 1363
f 382 840 1075
f 382 1363 840
f 382 1075 1363
f 382 1398 1075
f 382 1363 1398
f 383 392 384
f 383 840 384
f 383 384 1063
f 383 385 392
f 383 840 385
f 383 1312 385
f 383 840 388
f 383 1063 388
f 383 388 1312
f 383 840 392
f 383 1063 840
f 383 840 1312
f 384 840 392
f 384 840 1063
f 384 1075 840
f 384 1063 1075
f 385 840 392
f 385 807 840
f 385 1312 807
f 385 840 1312
f 386 389 391
f 386 389 807
f 386 840 389
f 386 391 803
f 386 391 840
f 386 803 807
f 386 840 803
f 386 807 840
f 387 391 390
f 387 390 840
f 387 390 1075
f 387 824 391
f 387 840 391
f 387 840 824
f 387 1075 824
f 387 840 1075
f 388 391 389
f 388 840 389
f 388 389 1312
f 388 390 391
f 388 840 390
f 388 1063 390
f 388 840 391
f 388 1063 840
f 388 1312 840
f 389 840 391
f 389 807 840
f 389 807 1312
f 389 1312 840
f 390 840 391
f 390 1063 840
f 390 840 1075
f 390 1075 1063
f 391 824 803
f 391 840 803
f 391 840 824
f 392 633 840
f 392 633 1363
f 392 840 1363
f 393 395 394
f 393 394 1447
f 393 712 395
f 393 1447 395
f 393 1447 712
f 394 834 395
f 394 1447 395
f 394 834 838
f 394 834 1447
f 394 1447 838
f 395 712 398
f 395 398 834
f 395 834 712
f 395 712 1447
f 395 1447 834
f 396 397 398
f 396 397 1396
f 396 398 712
f 396 398 1396
f 396 1396 712
f 397 834 398
f 397 398 1396
f 397 834 738
f 397 738 1396
f 397 1396 834
f 398 712 834
f 398 712 1396
f 398 1396 834
f 399 805 804
f 399 804 1099
f 399 973 805
f 399 1099 805
f 399 1099 973
f 399 1505 1099
f 400 804 401
f 400 401 904
f 400 401 1036
f 400 965 804
f 400 1036 804
f 400 904 905
f 400 1036 904
f 400 905 998
f 400 1036 905
f 400 998 965
f 400 965 1036
f 400 998 1036
f 401 804 805
f 401 804 1036
f 401 805 806
f 401 805 1036
f 401 806 892
f 401 806 1036
f 401 892 904
f 401 892 1036
f 401 1036 904
f 402 1414 1020
f 402 1020 1472
f 402 1020 1473
f 402 1413 1414
f 402 1472 1413
f 402 1414 1472
f 402 1473 1472
f 403 409 414
f 403 1317 409
f 403 1337 409
f 403 414 1202
f 403 1317 414
f 403 1317 1202
f 403 1337 1202
f 403 1317 1337
f 404 413 407
f 404 812 407
f 404 812 413
f 404 1144 413
f 404 812 1098
f 404 812 1100
f 404 1144 812
f 404 1098 1100
f 404 1098 1144
f 405 406 412
f 405 810 406
f 405 812 406
f 405 406 849
f 405 414 408
f 405 408 810
f 405 408 1317
f 405 412 414
f 405 849 412
f 405 412 1009
f 405 1317 412
f 405 1317 414
f 405 810 812
f 405 1009 810
f 405 1317 810
f 405 812 849
f 405 1009 812
f 405 1009 849
f 405 1009 1317
f 406 407 413
f 406 715 407
f 406 407 812
f 406 413 412
f 406 412 849
f 406 812 413
f 406 413 849
f 406 810 715
f 406 812 715
f 406 812 810
f 406 849 812
f 407 812 413
f 407 715 812
f 408 414 409
f 408 409 773
f 408 1317 409
f 408 414 1317
f 408 773 810
f 408 773 1317
f 408 1317 810
f 409 414 1317
f 409 1317 773
f 409 773 1337
f 409 1317 1337
f 410 421 417
f 410 831 417
f 410 421 831
f 410 1202 421
f 410 1317 421
f 410 831 1202
f 410 831 1317
f 410 1317 1202
f 411 419 422
f 411 812 419
f 411 1100 419
f 411 422 812
f 411 422 1144
f 411 812 1100
f 411 1144 812
f 411 1100 1098
f 411 1144 1098
f 411 1144 1100
f 412 413 849
f 412 420 414
f 412 414 1317
f 412 849 420
f 412 420 1317
f 412 1009 849
f 412 1317 849
f 412 1317 1009
f 413 849 812
f 413 1144 812
f 413 1144 849
f 414 420 421
f 414 1317 420
f 414 421 1202
f 414 1317 421
f 414 1317 1202
f 415 416 421
f 415 749 416
f 415 416 1009
f 415 420 418
f 415 812 418
f 415 418 849
f 415 418 873
f 415 421 420
f 415 420 849
f 415 1009 420
f 415 421 1009
f 415 873 749
f 415 1009 749
f 415 812 849
f 415 812 873
f 415 812 1009
f 415 1009 849
f 415 873 1009
f 416 417 421
f 416 749 417
f 416 831 417
f 416 831 421
f 416 1009 421
f 416 831 749
f 416 1009 749
f 416 831 1009
f 417 421 831
f 417 831 749
f 418 422 419
f 418 419 711
f 418 812 419
f 418 420 422
f 418 420 849
f 418 422 812
f 418 422 849
f 418 812 711
f 418 711 873
f 418 849 812
f 418 873 812
f 419 812 422
f 419 812 711
f 419 1100 711
f 419 1100 812
f 420 1009 421
f 420 421 1317
f 420 849 422
f 420 1009 849
f 420 1317 849
f 420 1009 1317
f 421 831 1009
f 421 1317 831
f 421 1317 1009
f 421 1317 1202
f 422 812 849
f 422 812 1144
f 422 849 1144
f 423 429 433
f 423 429 880
f 423 429 1011
f 423 433 915
f 423 1011 433
f 423 880 915
f 423 1011 880
f 423 1011 915
f 424 432 427
f 424 427 954
f 424 1254 427
f 424 432 954
f 424 1131 432
f 424 432 1251
f 424 954 1251
f 424 954 1254
f 424 1131 1251
f 424 1254 1131
f 424 1251 1254
f 425 431 1016
f 425 1026 431
f 425 1076 431
f 425 1218 431
f 425 872 952
f 425 1015 872
f 425 1076 872
f 425 872 1218
f 425 952 1026
f 425 1076 952
f 425 1016 1015
f 425 1015 1218
f 425 1016 1218
f 425 1076 1026
f 425 1076 1218
f 426 427 432
f 426 952 427
f 426 427 954
f 426 954 432
f 426 432 1027
f 426 1076 432
f 426 954 952
f 426 1026 952
f 426 952 1076
f 426 1076 954
f 426 1027 1026
f 426 1026 1076
f 426 1027 1076
f 427 954 432
f 427 952 673
f 427 954 673
f 427 673 1066
f 427 954 952
f 427 954 1066
f 427 954 1254
f 427 1066 1254
f 428 433 429
f 428 429 746
f 428 429 1011
f 428 429 1218
f 428 1011 433
f 428 1015 433
f 428 433 1218
f 428 746 872
f 428 746 1218
f 428 872 1015
f 428 872 1218
f 428 1218 1011
f 428 1218 1015
f 429 1011 433
f 429 746 880
f 429 1011 746
f 429 1218 746
f 429 880 1011
f 429 1218 1011
f 430 687 434
f 430 434 690
f 430 1058 434
f 430 434 1269
f 430 688 687
f 430 1269 687
f 430 1041 688
f 430 688 1269
f 430 690 997
f 430 690 1058
f 430 997 1041
f 430 1058 997
f 430 997 1269
f 430 1269 1041
f 430 1269 1058
f 431 1154 1016
f 431 1218 1016
f 431 1026 1027
f 431 1026 1076
f 431 1027 1058
f 431 1027 1076
f 431 1076 1058
f 431 1058 1154
f 431 1076 1154
f 431 1076 1218
f 431 1218 1154
f 432 689 954
f 432 1018 689
f 432 689 1058
f 432 689 1251
f 432 1058 954
f 432 1076 954
f 432 1251 954
f 432 1131 1018
f 432 1251 1018
f 432 1058 1027
f 432 1027 1076
f 432 1058 1076
f 432 1251 1131
f 433 687 975
f 433 1011 687
f 433 1154 687
f 433 975 915
f 433 915 1011
f 433 975 1011
f 433 1011 1154
f 433 1218 1011
f 433 1015 1016
f 433 1015 1218
f 433 1016 1154
f 433 1218 1016
f 433 1154 1218
f 434 687 1154
f 434 1269 687
f 434 689 690
f 434 1058 689
f 434 690 1058
f 434 1154 1058
f 434 1269 1058
f 434 1269 1154
f 435 441 447
f 435 441 953
f 435 441 1175
f 435 447 1084
f 435 1175 447
f 435 1084 953
f 435 953 1175
f 435 1175 1084
f 436 445 439
f 436 439 850
f 436 439 978
f 436 978 445
f 436 1389 445
f 436 978 850
f 436 1335 850
f 436 850 1389
f 436 1389 978
f 436 1335 1389
f 437 869 443
f 437 1188 443
f 437 443 1259
f 437 443 1313
f 437 869 1188
f 437 1313 869
f 437 1348 869
f 437 1258 908
f 437 1313 908
f 437 908 1348
f 437 1348 1188
f 437 1259 1258
f 437 1258 1313
f 437 1313 1259
f 437 1348 1313
f 438 439 445
f 438 978 439
f 438 1448 439
f 438 445 444
f 438 444 869
f 438 444 978
f 438 444 1187
f 438 978 445
f 438 869 978
f 438 869 1187
f 438 869 1188
f 438 869 1448
f 438 978 1448
f 438 1187 1188
f 438 1188 1448
f 439 445 978
f 439 850 669
f 439 866 669
f 439 850 866
f 439 850 978
f 439 978 866
f 439 1448 866
f 439 1448 978
f 440 447 441
f 440 441 928
f 440 441 1175
f 440 446 447
f 440 446 1175
f 440 1258 446
f 440 447 1175
f 440 928 908
f 440 1175 908
f 440 908 1258
f 440 1175 928
f 440 1258 1175
f 441 1175 447
f 441 928 953
f 441 928 1175
f 441 953 1175
f 442 869 448
f 442 448 1080
f 442 1142 448
f 442 448 1313
f 442 1080 869
f 442 869 1129
f 442 1313 869
f 442 1080 1129
f 442 1129 1141
f 442 1129 1313
f 442 1141 1142
f 442 1141 1313
f 442 1313 1142
f 443 869 1187
f 443 869 1188
f 443 1249 869
f 443 869 1313
f 443 1404 869
f 443 1188 1187
f 443 1187 1404
f 443 1249 1259
f 443 1249 1313
f 443 1404 1249
f 443 1259 1313
f 444 445 978
f 444 445 1389
f 444 869 978
f 444 869 1187
f 444 869 1404
f 444 1389 978
f 444 978 1404
f 444 1404 1187
f 444 1389 1404
f 445 1389 978
f 446 1175 447
f 446 1439 447
f 446 1258 1175
f 446 1259 1175
f 446 1175 1439
f 446 1258 1259
f 446 1259 1439
f 447 1175 1084
f 447 1439 1084
f 447 1439 1175
f 448 869 1079
f 448 1080 869
f 448 1249 869
f 448 869 1313
f 448 1404 869
f 448 1079 1080
f 448 1404 1079
f 448 1142 1249
f 448 1313 1142
f 448 1313 1249
f 448 1249 1404
f 449 462 452
f 449 953 452
f 449 953 462
f 449 1084 462
f 449 953 1084
f 450 996 460
f 450 1069 460
f 450 460 1173
f 450 995 996
f 450 995 1038
f 450 1297 995
f 450 1038 996
f 450 1069 996
f 450 996 1070
f 450 996 1173
f 450 1297 996
f 450 1038 1070
f 450 1070 1069
f 450 1173 1297
f 451 452 462
f 451 1125 452
f 451 462 461
f 451 461 1070
f 451 461 1125
f 451 1213 461
f 451 462 1125
f 451 1070 1038
f 451 1038 1125
f 451 1038 1213
f 451 1213 1070
f 451 1213 1125
f 452 462 953
f 452 462 1125
f 452 953 1125
f 453 996 454
f 453 454 1182
f 453 454 1233
f 453 1343 454
f 453 996 994
f 453 1174 994
f 453 994 1343
f 453 1174 996
f 453 1181 996
f 453 996 1233
f 453 996 1343
f 453 1181 1174
f 453 1182 1181
f 453 1233 1181
f 453 1182 1233
f 454 1233 996
f 454 1342 996
f 454 1343 996
f 454 1233 1182
f 454 1342 1233
f 454 1343 1342
f 455 457 459
f 455 457 1235
f 455 953 459
f 455 459 1084
f 455 459 1235
f 455 1084 953
f 455 1235 953
f 455 1084 1235
f 456 459 457
f 456 457 951
f 456 953 457
f 456 458 459
f 456 458 953
f 456 1181 458
f 456 458 1213
f 456 459 953
f 456 953 951
f 456 951 1174
f 456 1213 951
f 456 953 1213
f 456 1174 1181
f 456 1213 1174
f 456 1213 1181
f 457 953 459
f 457 459 1235
f 457 818 951
f 457 818 1235
f 457 951 953
f 457 951 1235
f 457 1235 953
f 458 461 459
f 458 459 953
f 458 953 461
f 458 461 1213
f 458 1233 461
f 458 953 1213
f 458 1181 1182
f 458 1181 1213
f 458 1182 1213
f 458 1182 1233
f 458 1233 1213
f 459 461 462
f 459 461 953
f 459 462 953
f 459 462 1084
f 459 953 1084
f 459 953 1235
f 460 1069 996
f 460 1172 996
f 460 996 1173
f 460 1233 996
f 460 1069 1233
f 460 1172 1173
f 460 1233 1172
f 461 462 953
f 461 462 1125
f 461 953 1125
f 461 1213 953
f 461 1069 1070
f 461 1069 1213
f 461 1233 1069
f 461 1070 1213
f 461 1125 1213
f 461 1233 1213
f 462 1084 953
f 462 953 1125
f 463 466 471
f 463 466 1210
f 463 1425 466
f 463 1210 471
f 463 471 1253
f 463 1253 1210
f 463 1331 1210
f 463 1210 1421
f 463 1210 1425
f 463 1253 1331
f 463 1421 1331
f 463 1425 1421
f 464 470 465
f 464 465 1097
f 464 465 1123
f 464 1214 465
f 464 469 470
f 464 969 469
f 464 1105 469
f 464 469 1123
f 464 469 1132
f 464 470 1123
f 464 962 969
f 464 1097 962
f 464 962 1105
f 464 1132 962
f 464 1132 969
f 464 1105 1097
f 464 1097 1214
f 464 1123 1105
f 464 1132 1105
f 464 1105 1214
f 464 1123 1214
f 465 471 466
f 465 466 1214
f 465 466 1425
f 465 470 471
f 465 470 1123
f 465 1214 470
f 465 471 1214
f 465 1104 1097
f 465 1214 1097
f 465 1104 1214
f 465 1425 1104
f 465 1123 1214
f 465 1214 1425
f 466 1210 471
f 466 1214 471
f 466 1210 1214
f 466 1425 1210
f 466 1425 1214
f 467 476 474
f 467 1417 474
f 467 1253 476
f 467 1417 476
f 467 1331 1253
f 467 1253 1417
f 467 1349 1331
f 467 1331 1417
f 467 1349 1417
f 468 469 1068
f 468 469 1105
f 468 1123 469
f 468 1132 469
f 468 472 475
f 468 1077 472
f 468 1105 472
f 468 472 1123
f 468 472 1443
f 468 475 1123
f 468 1068 1078
f 468 1068 1132
f 468 1078 1077
f 468 1443 1077
f 468 1132 1078
f 468 1078 1443
f 468 1123 1105
f 468 1105 1132
f 468 1443 1105
f 468 1132 1443
f 469 1123 470
f 469 969 968
f 469 968 1068
f 469 1132 968
f 469 969 1132
f 469 1068 1132
f 469 1105 1123
f 469 1132 1105
f 470 1214 471
f 470 1253 471
f 470 1214 1123
f 470 1123 1253
f 470 1253 1214
f 471 1210 1214
f 471 1210 1253
f 471 1253 1214
f 472 473 475
f 472 1123 473
f 472 1418 473
f 472 475 1123
f 472 1105 989
f 472 1373 989
f 472 989 1418
f 472 1077 1373
f 472 1077 1443
f 472 1123 1105
f 472 1373 1105
f 472 1105 1418
f 472 1443 1105
f 472 1123 1418
f 472 1443 1373
f 473 474 476
f 473 1388 474
f 473 1417 474
f 473 476 475
f 473 475 1123
f 473 1214 475
f 473 1417 475
f 473 476 1417
f 473 1214 1123
f 473 1123 1418
f 473 1214 1417
f 473 1214 1418
f 473 1388 1417
f 473 1418 1388
f 473 1418 1417
f 474 476 1417
f 474 1388 1417
f 474 1388 1455
f 474 1455 1417
f 475 476 1253
f 475 1417 476
f 475 1214 1123
f 475 1253 1123
f 475 1253 1214
f 475 1417 1214
f 475 1253 1417
f 476 1417 1253
f 477 481 492
f 477 1252 481
f 477 492 1217
f 477 1252 492
f 477 492 1330
f 477 1217 1252
f 477 1330 1217
f 477 1252 1330
f 478 490 720
f 478 733 490
f 478 490 1044
f 478 490 1151
f 478 1264 490
f 478 720 721
f 478 720 1151
f 478 721 1151
f 478 1030 733
f 478 1044 733
f 478 1030 1044
f 478 1151 1030
f 478 1151 1044
f 478 1264 1044
f 478 1151 1264
f 479 492 480
f 479 480 1293
f 479 480 1330
f 479 491 492
f 479 721 491
f 479 1145 491
f 479 491 1293
f 479 1330 491
f 479 492 1330
f 479 1145 721
f 479 1293 721
f 479 1293 1145
f 479 1330 1293
f 480 492 481
f 480 481 801
f 480 1252 481
f 480 492 1252
f 480 492 1330
f 480 801 1252
f 480 801 1293
f 480 1330 801
f 480 1252 1330
f 480 1293 1330
f 481 492 1252
f 481 801 1252
f 482 724 483
f 482 483 731
f 482 483 1264
f 482 725 724
f 482 1264 724
f 482 1049 725
f 482 1264 725
f 482 731 1225
f 482 731 1264
f 482 1225 1049
f 482 1049 1264
f 482 1225 1264
f 483 724 1149
f 483 1264 724
f 483 730 731
f 483 730 1264
f 483 1397 730
f 483 731 1264
f 483 1149 1264
f 483 1149 1397
f 483 1397 1264
f 484 489 487
f 484 1330 487
f 484 1217 489
f 484 1330 489
f 484 1217 1330
f 485 486 489
f 485 1321 486
f 485 486 1330
f 485 489 488
f 485 488 725
f 485 488 1145
f 485 488 1330
f 485 1330 489
f 485 725 1145
f 485 725 1321
f 485 1321 1145
f 485 1145 1330
f 485 1321 1330
f 486 487 489
f 486 802 487
f 486 1330 487
f 486 1330 489
f 486 1321 802
f 486 802 1330
f 486 1330 1321
f 487 489 1330
f 487 802 1292
f 487 802 1330
f 487 1292 1330
f 488 489 492
f 488 1330 489
f 488 492 491
f 488 491 720
f 488 491 1145
f 488 491 1330
f 488 1330 492
f 488 720 724
f 488 1145 720
f 488 724 725
f 488 724 1145
f 488 1145 725
f 488 1330 1145
f 489 1217 492
f 489 1330 492
f 489 1217 1330
f 490 1149 720
f 490 720 1151
f 490 733 732
f 490 1044 732
f 490 732 1397
f 490 1044 733
f 490 1044 1264
f 490 1397 1044
f 490 1149 1151
f 490 1149 1264
f 490 1397 1149
f 490 1151 1264
f 490 1264 1397
f 491 1330 492
f 491 721 720
f 491 720 1145
f 491 1145 721
f 491 1293 1145
f 491 1145 1330
f 491 1293 1330
f 492 1217 1330
f 492 1252 1330
f 493 499 503
f 493 499 1156
f 493 503 809
f 493 503 1156
f 493 809 913
f 493 809 974
f 493 809 1156
f 493 974 913
f 493 1156 913
f 494 502 497
f 494 909 497
f 494 497 1252
f 494 909 502
f 494 1217 502
f 494 909 1217
f 494 909 1252
f 494 1252 1217
f 495 496 501
f 495 955 496
f 495 496 1119
f 495 501 498
f 495 982 498
f 495 498 1091
f 495 501 982
f 495 1119 501
f 495 955 982
f 495 1091 955
f 495 1119 955
f 495 1091 982
f 495 982 1119
f 496 497 502
f 496 801 497
f 496 497 909
f 496 1119 497
f 496 502 501
f 496 501 1119
f 496 909 502
f 496 502 1119
f 496 955 801
f 496 801 1119
f 496 1119 909
f 496 955 1119
f 497 909 502
f 497 909 801
f 497 1119 801
f 497 801 1252
f 497 909 1119
f 497 1252 909
f 498 503 499
f 498 499 777
f 498 499 1156
f 498 501 503
f 498 982 501
f 498 503 982
f 498 1156 503
f 498 777 1091
f 498 1156 777
f 498 1091 982
f 498 982 1156
f 498 1091 1156
f 499 1156 503
f 499 1156 777
f 500 508 504
f 500 504 982
f 500 504 1093
f 500 504 1152
f 500 1435 504
f 500 506 508
f 500 1220 506
f 500 506 1435
f 500 508 1435
f 500 1093 862
f 500 1152 862
f 500 862 1220
f 500 982 1152
f 500 1220 982
f 500 1435 982
f 500 1152 1093
f 500 1220 1152
f 500 1220 1435
f 501 502 1047
f 501 502 1119
f 501 982 503
f 501 1221 503
f 501 1047 982
f 501 982 1119
f 501 1221 982
f 501 1047 1119
f 501 1047 1221
f 502 680 909
f 502 680 1047
f 502 1217 680
f 502 1047 909
f 502 1119 909
f 502 1217 909
f 502 1119 1047
f 503 1156 809
f 503 1221 809
f 503 982 1156
f 503 982 1221
f 503 1221 1156
f 504 508 1221
f 504 1435 508
f 504 1152 982
f 504 1221 982
f 504 1435 982
f 504 1047 1094
f 504 1047 1152
f 504 1221 1047
f 504 1094 1093
f 504 1152 1093
f 504 1094 1152
f 504 1152 1221
f 504 1221 1435
f 505 508 507
f 505 809 507
f 505 507 913
f 505 809 508
f 505 913 809
f 505 974 809
f 505 974 913
f 506 507 508
f 506 776 507
f 506 507 1435
f 506 1435 508
f 506 1220 776
f 506 1435 776
f 506 1220 1435
f 507 508 809
f 507 508 1435
f 507 776 913
f 507 1435 776
f 507 809 913
f 507 809 1435
f 507 1435 913
f 508 809 1221
f 508 809 1435
f 508 1435 1221
f 509 519 513
f 509 513 1200
f 509 974 519
f 509 519 1200
f 509 913 974
f 509 1200 913
f 509 1200 974
f 510 515 520
f 510 819 515
f 510 1121 515
f 510 520 1121
f 510 948 819
f 510 1121 819
f 510 1121 948
f 511 512 518
f 511 986 512
f 511 512 1287
f 511 520 514
f 511 514 1288
f 511 514 1378
f 511 518 520
f 511 518 1287
f 511 518 1378
f 511 1378 520
f 511 1287 950
f 511 950 1288
f 511 950 1378
f 511 986 1287
f 511 1288 986
f 511 1288 1287
f 511 1378 1287
f 511 1378 1288
f 512 513 519
f 512 986 513
f 512 513 1200
f 512 519 518
f 512 1287 518
f 512 519 1200
f 512 1287 519
f 512 1200 986
f 512 1287 986
f 512 1287 1200
f 513 1200 519
f 513 986 777
f 513 777 1200
f 513 986 1200
f 514 520 515
f 514 515 741
f 514 819 515
f 514 520 819
f 514 520 950
f 514 1121 520
f 514 1378 520
f 514 819 741
f 514 950 741
f 514 741 1288
f 514 819 950
f 514 819 1121
f 514 1121 950
f 514 950 1288
f 514 950 1378
f 514 1288 1378
f 515 520 819
f 515 520 1121
f 515 741 819
f 515 819 1121
f 516 527 528
f 516 527 913
f 516 1200 527
f 516 528 974
f 516 528 1200
f 516 974 913
f 516 1200 913
f 516 1200 974
f 517 525 524
f 517 819 524
f 517 1121 524
f 517 1121 525
f 517 948 819
f 517 1121 819
f 517 948 1121
f 518 519 999
f 518 519 1287
f 518 1378 520
f 518 1287 999
f 518 999 1378
f 518 1287 1378
f 519 974 528
f 519 528 999
f 519 1200 528
f 519 974 1200
f 519 1200 999
f 519 999 1287
f 519 1287 1200
f 520 1121 819
f 520 950 1121
f 520 1378 950
f 520 1378 1121
f 521 526 522
f 521 522 950
f 521 522 1287
f 521 522 1441
f 521 528 526
f 521 1287 526
f 521 999 528
f 521 528 1287
f 521 950 1287
f 521 1378 950
f 521 950 1441
f 521 999 1287
f 521 1378 999
f 521 1287 1378
f 521 1441 1378
f 522 1287 526
f 522 526 1329
f 522 950 1287
f 522 950 1440
f 522 950 1441
f 522 1442 950
f 522 1329 1287
f 522 1287 1440
f 522 1329 1440
f 522 1440 1442
f 522 1442 1441
f 523 524 525
f 523 740 524
f 523 950 524
f 523 524 1121
f 523 950 525
f 523 525 1121
f 523 525 1442
f 523 950 740
f 523 1440 740
f 523 1121 950
f 523 950 1440
f 523 1442 950
f 523 1442 1440
f 524 525 1121
f 524 740 819
f 524 950 740
f 524 740 959
f 524 819 950
f 524 959 819
f 524 819 1121
f 524 950 1121
f 525 950 1121
f 525 950 1378
f 525 950 1441
f 525 1442 950
f 525 1121 1378
f 525 1378 1441
f 525 1441 1442
f 526 528 527
f 526 527 1200
f 526 527 1329
f 526 528 1200
f 526 1287 528
f 526 1200 1287
f 526 1329 1200
f 526 1329 1287
f 527 1200 528
f 527 913 776
f 527 776 1200
f 527 776 1329
f 527 913 1200
f 527 1329 1200
f 528 1200 974
f 528 1200 999
f 528 999 1287
f 528 1200 1287
f 529 535 539
f 529 1100 535
f 529 1236 535
f 529 539 1236
f 529 1100 1098
f 529 1236 1098
f 529 1236 1100
f 530 538 533
f 530 533 819
f 530 533 1403
f 530 1403 538
f 530 948 819
f 530 819 1403
f 530 948 1403
f 531 537 534
f 531 534 979
f 531 534 1164
f 531 1035 537
f 531 1164 537
f 531 1375 537
f 531 979 901
f 531 1035 901
f 531 1164 901
f 531 901 1376
f 531 1164 979
f 531 1035 1164
f 531 1035 1375
f 531 1376 1035
f 531 1376 1375
f 532 533 538
f 532 782 533
f 532 1035 533
f 532 1035 538
f 532 538 1376
f 532 1035 782
f 532 1376 782
f 532 1035 1376
f 533 538 1035
f 533 1403 538
f 533 782 819
f 533 782 1035
f 533 1035 819
f 533 819 1403
f 533 1035 1403
f 534 539 535
f 534 535 979
f 534 535 1295
f 534 537 539
f 534 537 1164
f 534 1164 539
f 534 539 1295
f 534 1164 979
f 534 979 1295
f 534 1295 1164
f 535 1236 539
f 535 1295 539
f 535 715 979
f 535 715 1100
f 535 1100 979
f 535 979 1295
f 535 1100 1236
f 535 1295 1100
f 535 1236 1295
f 536 692 540
f 536 540 1170
f 536 1245 540
f 536 1120 692
f 536 692 1245
f 536 902 1120
f 536 1169 902
f 536 902 1245
f 536 1245 1120
f 536 1170 1169
f 536 1169 1245
f 536 1245 1170
f 537 1164 539
f 537 1239 539
f 537 1035 1164
f 537 1239 1035
f 537 1035 1375
f 537 1164 1239
f 537 1375 1239
f 538 1035 1239
f 538 1375 1035
f 538 1376 1035
f 538 1035 1403
f 538 1239 1375
f 538 1403 1239
f 538 1375 1376
f 539 1164 1236
f 539 1164 1239
f 539 1295 1164
f 539 1239 1236
f 539 1236 1295
f 540 692 691
f 540 691 1164
f 540 691 1239
f 540 1245 691
f 540 1245 692
f 540 1164 1239
f 540 1245 1164
f 540 1239 1170
f 540 1245 1170
f 540 1239 1245
f 541 551 545
f 541 814 545
f 541 1183 545
f 541 814 551
f 541 1067 551
f 541 1067 814
f 541 1183 814
f 541 1183 1067
f 542 547 552
f 542 547 850
f 542 1291 547
f 542 552 1291
f 542 552 1335
f 542 1291 850
f 542 850 1335
f 542 1291 1335
f 543 544 550
f 543 896 544
f 543 544 940
f 543 552 546
f 543 546 1290
f 543 546 1291
f 543 550 552
f 543 550 940
f 543 1291 550
f 543 552 1291
f 543 896 940
f 543 1290 896
f 543 940 1290
f 543 1291 940
f 543 1290 1291
f 544 545 551
f 544 775 545
f 544 545 814
f 544 551 550
f 544 550 940
f 544 551 814
f 544 940 551
f 544 775 814
f 544 896 775
f 544 896 814
f 544 940 814
f 544 896 940
f 545 814 551
f 545 775 814
f 545 1183 775
f 545 814 1183
f 546 552 547
f 546 547 1290
f 546 547 1291
f 546 552 1291
f 546 1291 1290
f 547 1291 552
f 547 669 850
f 547 669 1290
f 547 850 1290
f 547 850 1291
f 547 1290 1291
f 548 559 560
f 548 814 559
f 548 559 1082
f 548 560 814
f 548 560 1067
f 548 1067 814
f 548 1082 814
f 548 1067 1082
f 549 557 556
f 549 850 556
f 549 556 1370
f 549 557 850
f 549 1291 557
f 549 1335 557
f 549 1291 850
f 549 1335 850
f 549 1370 850
f 549 1335 1291
f 549 1370 1335
f 550 551 560
f 550 940 551
f 550 1053 552
f 550 552 1291
f 550 560 553
f 550 553 940
f 550 553 1053
f 550 940 560
f 550 940 1053
f 550 1291 940
f 550 1291 1053
f 551 814 560
f 551 940 560
f 551 1067 560
f 551 814 940
f 551 814 1067
f 552 1291 1053
f 552 1053 1335
f 552 1335 1291
f 553 554 557
f 553 558 554
f 553 554 940
f 553 554 1053
f 553 557 1053
f 553 560 558
f 553 558 940
f 553 560 940
f 553 940 1053
f 554 555 557
f 554 555 940
f 554 1013 555
f 554 555 1053
f 554 557 1053
f 554 940 558
f 554 558 1013
f 554 940 1013
f 554 1053 940
f 555 556 557
f 555 668 556
f 555 850 556
f 555 557 850
f 555 557 1053
f 555 557 1291
f 555 668 850
f 555 940 668
f 555 1013 668
f 555 940 850
f 555 850 1291
f 555 940 1013
f 555 1053 940
f 555 1291 940
f 555 1291 1053
f 556 557 850
f 556 668 833
f 556 850 668
f 556 833 850
f 556 1370 833
f 556 850 1370
f 557 850 1291
f 557 1291 1053
f 557 1335 1053
f 557 1291 1335
f 558 560 559
f 558 559 774
f 558 814 559
f 558 560 814
f 558 560 940
f 558 774 814
f 558 774 1013
f 558 814 940
f 558 814 1013
f 558 940 1013
f 559 814 560
f 559 774 814
f 559 774 1082
f 559 814 1082
f 560 940 814
f 560 814 1067
f 561 569 562
f 561 1092 562
f 561 1227 562
f 561 1481 562
f 561 562 1483
f 561 562 1493
f 561 562 1498
f 561 569 695
f 561 1092 569
f 561 1227 569
f 561 695 1092
f 561 695 1492
f 561 695 1493
f 561 1493 1092
f 561 1483 1227
f 561 1481 1483
f 561 1488 1481
f 561 1498 1481
f 561 1492 1488
f 561 1488 1498
f 561 1493 1492
f 561 1492 1498
f 561 1498 1493
f 562 570 569
f 562 569 1092
f 562 1226 569
f 562 1227 569
f 562 1092 570
f 562 570 1226
f 562 1493 1092
f 562 1226 1227
f 562 1226 1482
f 562 1483 1226
f 562 1483 1227
f 562 1481 1482
f 562 1483 1481
f 562 1481 1498
f 562 1482 1483
f 562 1482 1498
f 562 1498 1493
f 563 564 578
f 563 564 714
f 563 564 1180
f 563 564 1189
f 563 564 1296
f 563 564 1361
f 563 1477 564
f 563 564 1491
f 563 578 577
f 563 577 1095
f 563 1296 577
f 563 1361 577
f 563 1438 577
f 563 578 1296
f 563 578 1361
f 563 714 713
f 563 1045 713
f 563 713 1180
f 563 713 1189
f 563 714 1180
f 563 1189 714
f 563 1095 1045
f 563 1189 1045
f 563 1045 1296
f 563 1095 1296
f 563 1180 1476
f 563 1180 1477
f 563 1296 1189
f 563 1438 1361
f 563 1491 1361
f 563 1476 1438
f 563 1491 1438
f 563 1477 1476
f 563 1491 1476
f 563 1477 1491
f 564 1096 578
f 564 578 1296
f 564 578 1361
f 564 714 1180
f 564 714 1189
f 564 1477 714
f 564 1189 1096
f 564 1296 1096
f 564 1477 1180
f 564 1189 1296
f 564 1361 1491
f 564 1491 1477
f 565 566 593
f 565 1360 566
f 565 566 1361
f 565 1437 566
f 565 566 1438
f 565 1478 566
f 565 1485 566
f 565 1495 566
f 565 1497 566
f 565 593 1360
f 565 1485 593
f 565 593 1495
f 565 1496 593
f 565 1360 1361
f 565 1360 1438
f 565 1485 1360
f 565 1438 1361
f 565 1438 1437
f 565 1478 1437
f 565 1438 1478
f 565 1478 1497
f 565 1495 1496
f 565 1497 1495
f 565 1497 1496
f 566 593 594
f 566 1485 593
f 566 1495 593
f 566 1485 594
f 566 594 1495
f 566 1361 1360
f 566 1360 1485
f 566 1437 1361
f 566 1438 1361
f 566 1361 1485
f 566 1438 1437
f 566 1478 1437
f 566 1479 1437
f 566 1478 1479
f 566 1497 1478
f 566 1487 1479
f 566 1479 1497
f 566 1495 1487
f 566 1487 1497
f 566 1497 1495
f 567 568 752
f 567 568 806
f 567 568 1117
f 567 1204 568
f 567 1212 568
f 567 1341 568
f 567 568 1345
f 567 602 753
f 567 947 602
f 567 602 1341
f 567 615 947
f 567 1204 615
f 567 1346 615
f 567 752 753
f 567 806 752
f 567 752 1341
f 567 753 806
f 567 1341 753
f 567 806 1117
f 567 806 1212
f 567 947 1204
f 567 1341 947
f 567 1212 1117
f 567 1204 1341
f 567 1204 1345
f 567 1346 1204
f 567 1212 1345
f 567 1212 1346
f 567 1346 1345
f 568 752 601
f 568 601 946
f 568 601 1341
f 568 946 616
f 568 1204 616
f 568 616 1345
f 568 748 949
f 568 748 1117
f 568 1212 748
f 568 1345 748
f 568 752 806
f 568 846 752
f 568 752 1341
f 568 846 806
f 568 806 1117
f 568 949 846
f 568 846 1117
f 568 1204 946
f 568 946 1341
f 568 949 1117
f 568 1117 1212
f 568 1341 1204
f 568 1345 1204
f 568 1345 1212
f 569 570 757
f 569 1092 570
f 569 570 1216
f 569 1226 570
f 569 617 750
f 569 756 617
f 569 1216 617
f 569 917 695
f 569 695 1092
f 569 750 917
f 569 1216 750
f 569 757 756
f 569 1216 756
f 569 1226 756
f 569 1227 756
f 569 1216 757
f 569 1226 757
f 569 1092 917
f 569 1216 917
f 569 1216 1092
f 569 1226 1227
f 570 618 757
f 570 1092 618
f 570 618 1216
f 570 1216 757
f 570 757 1226
f 570 1092 1216
f 571 1180 572
f 571 1436 572
f 571 572 1477
f 571 1486 572
f 571 603 770
f 571 1180 603
f 571 603 1436
f 571 770 1436
f 571 770 1456
f 571 1436 1180
f 571 1476 1180
f 571 1180 1477
f 571 1436 1456
f 571 1436 1486
f 571 1456 1476
f 571 1486 1456
f 571 1477 1476
f 571 1486 1476
f 571 1486 1477
f 572 771 604
f 572 604 794
f 572 1436 604
f 572 794 714
f 572 1180 714
f 572 714 1477
f 572 1436 771
f 572 1457 771
f 572 1180 794
f 572 1436 794
f 572 1180 1436
f 572 1477 1180
f 572 1457 1436
f 572 1436 1486
f 572 1486 1457
f 572 1477 1486
f 573 574 631
f 573 574 632
f 573 574 722
f 573 855 574
f 573 1332 574
f 573 574 1410
f 573 574 1424
f 573 574 1453
f 573 631 632
f 573 722 631
f 573 631 855
f 573 632 855
f 573 1410 722
f 573 855 1332
f 573 855 1453
f 573 1424 1332
f 573 1453 1332
f 573 1410 1424
f 574 631 632
f 574 722 631
f 574 631 723
f 574 1321 631
f 574 632 855
f 574 632 1321
f 574 1453 632
f 574 722 723
f 574 1410 722
f 574 1321 723
f 574 723 1410
f 574 723 1424
f 574 855 1453
f 574 1332 1333
f 574 1332 1424
f 574 1332 1453
f 574 1424 1333
f 574 1333 1453
f 574 1424 1410
f 575 620 576
f 575 576 634
f 575 893 576
f 575 1270 576
f 575 1332 576
f 575 576 1355
f 575 576 1412
f 575 1453 576
f 575 576 1470
f 575 620 619
f 575 894 619
f 575 1355 619
f 575 619 1453
f 575 1355 620
f 575 1453 620
f 575 634 1270
f 575 1333 634
f 575 634 1412
f 575 893 894
f 575 1355 893
f 575 893 1470
f 575 1355 894
f 575 1470 894
f 575 1270 1470
f 575 1332 1333
f 575 1412 1332
f 575 1453 1332
f 575 1412 1333
f 575 1453 1333
f 576 893 606
f 576 606 1043
f 576 606 1470
f 576 620 893
f 576 1332 620
f 576 1355 620
f 576 620 1453
f 576 635 634
f 576 634 1270
f 576 1412 634
f 576 1043 635
f 576 635 1270
f 576 635 1332
f 576 635 1368
f 576 635 1412
f 576 1355 893
f 576 893 1470
f 576 1368 1043
f 576 1043 1470
f 576 1270 1368
f 576 1270 1470
f 576 1332 1412
f 576 1453 1332
f 576 1470 1368
f 577 578 865
f 577 1096 578
f 577 1296 578
f 577 1361 578
f 577 578 1390
f 577 865 636
f 577 938 636
f 577 636 1095
f 577 636 1390
f 577 938 865
f 577 1360 865
f 577 865 1361
f 577 1390 865
f 577 1360 938
f 577 1096 1095
f 577 1095 1296
f 577 1390 1095
f 577 1296 1096
f 577 1096 1390
f 577 1360 1361
f 577 1438 1360
f 577 1438 1361
f 578 637 865
f 578 637 937
f 578 1096 637
f 578 1390 637
f 578 937 865
f 578 1361 865
f 578 865 1390
f 578 937 1361
f 578 1096 1296
f 578 1390 1096
f 579 945 581
f 579 581 1463
f 579 1467 581
f 579 582 1197
f 579 582 1395
f 579 1430 582
f 579 1467 582
f 579 945 1197
f 579 1395 945
f 579 1467 945
f 579 1197 1395
f 579 1467 1197
f 579 1431 1430
f 579 1467 1430
f 579 1463 1431
f 579 1431 1467
f 579 1467 1463
f 580 581 667
f 580 945 581
f 580 581 1197
f 580 1271 581
f 580 667 666
f 580 945 666
f 580 666 1014
f 580 666 1358
f 580 667 945
f 580 1197 945
f 580 945 1358
f 580 1014 1054
f 580 1014 1197
f 580 1014 1358
f 580 1054 1197
f 580 1054 1271
f 580 1197 1271
f 580 1358 1197
f 581 945 667
f 581 945 1197
f 581 945 1467
f 581 1271 1197
f 581 1272 1197
f 581 1197 1467
f 581 1271 1272
f 581 1272 1463
f 581 1272 1467
f 581 1467 1463
f 582 1111 921
f 582 921 1197
f 582 921 1394
f 582 1197 1111
f 582 1430 1111
f 582 1467 1111
f 582 1197 1394
f 582 1197 1395
f 582 1197 1467
f 582 1394 1395
f 582 1467 1430
f 583 650 584
f 583 584 1227
f 583 1230 584
f 583 584 1300
f 583 584 1456
f 583 584 1482
f 583 584 1483
f 583 649 650
f 583 649 1230
f 583 1300 649
f 583 650 1230
f 583 650 1300
f 583 1230 1227
f 583 1227 1483
f 583 1456 1300
f 583 1481 1456
f 583 1482 1456
f 583 1481 1482
f 583 1483 1481
f 583 1483 1482
f 584 650 771
f 584 930 650
f 584 1230 650
f 584 650 1300
f 584 1300 771
f 584 771 1457
f 584 1226 930
f 584 1230 930
f 584 1227 1226
f 584 1226 1230
f 584 1482 1226
f 584 1226 1483
f 584 1227 1230
f 584 1483 1227
f 584 1456 1300
f 584 1457 1300
f 584 1456 1457
f 584 1456 1482
f 584 1457 1482
f 584 1482 1483
f 585 587 586
f 585 671 586
f 585 586 672
f 585 841 586
f 585 842 586
f 585 586 972
f 585 1129 586
f 585 1294 586
f 585 586 1350
f 585 587 588
f 585 587 1129
f 585 1294 587
f 585 588 671
f 585 588 1129
f 585 1294 588
f 585 672 671
f 585 671 842
f 585 671 1129
f 585 672 842
f 585 841 842
f 585 972 841
f 585 842 972
f 585 972 1350
f 585 1350 1294
f 586 587 747
f 586 1129 587
f 586 587 1294
f 586 671 672
f 586 1129 671
f 586 841 672
f 586 672 842
f 586 672 1129
f 586 747 1229
f 586 747 1294
f 586 842 841
f 586 971 841
f 586 841 972
f 586 972 971
f 586 1229 971
f 586 1350 971
f 586 972 1350
f 586 1229 1294
f 586 1229 1350
f 586 1350 1294
f 587 747 588
f 587 588 866
f 587 588 1003
f 587 588 1129
f 587 1212 588
f 587 1294 588
f 587 588 1345
f 587 830 668
f 587 668 1003
f 587 668 1346
f 587 1212 747
f 587 747 1294
f 587 830 866
f 587 1003 830
f 587 1129 830
f 587 1003 866
f 587 1129 866
f 587 1212 1003
f 587 1345 1003
f 587 1003 1346
f 587 1345 1212
f 587 1346 1212
f 588 669 866
f 588 669 1003
f 588 1345 669
f 588 908 671
f 588 1129 671
f 588 747 748
f 588 747 1212
f 588 1294 747
f 588 1212 748
f 588 1294 748
f 588 748 1345
f 588 866 908
f 588 866 1003
f 588 1129 866
f 588 1129 908
f 588 1003 1345
f 588 1345 1212
f 589 708 591
f 589 853 591
f 589 591 1001
f 589 592 701
f 589 704 592
f 589 592 853
f 589 970 592
f 589 1381 592
f 589 701 708
f 589 701 853
f 589 701 970
f 589 703 704
f 589 1001 703
f 589 1381 703
f 589 704 1381
f 589 853 708
f 589 970 853
f 589 853 1001
f 589 853 1381
f 589 1001 1381
f 590 591 708
f 590 591 853
f 590 591 1039
f 590 1444 591
f 590 591 1449
f 590 708 707
f 590 707 1039
f 590 1039 708
f 590 1039 853
f 590 853 1449
f 590 1039 1000
f 590 1000 1444
f 590 1000 1449
f 590 1449 1039
f 590 1449 1444
f 591 853 708
f 591 1039 708
f 591 853 1001
f 591 1039 853
f 591 1449 853
f 591 1445 1001
f 591 1001 1449
f 591 1444 1445
f 591 1449 1444
f 591 1445 1449
f 592 702 701
f 592 701 970
f 592 970 702
f 592 704 1298
f 592 704 1381
f 592 853 970
f 592 853 1298
f 592 853 1381
f 592 1298 970
f 592 1381 1298
f 593 825 594
f 593 889 594
f 593 1359 594
f 593 594 1485
f 593 594 1495
f 593 621 889
f 593 621 1495
f 593 1496 621
f 593 709 825
f 593 889 709
f 593 709 1359
f 593 825 889
f 593 1359 825
f 593 889 1495
f 593 1359 1360
f 593 1485 1359
f 593 1360 1485
f 593 1495 1496
f 594 825 710
f 594 710 1107
f 594 1171 710
f 594 1484 710
f 594 889 825
f 594 825 1107
f 594 825 1359
f 594 825 1484
f 594 889 1107
f 594 889 1495
f 594 1107 1495
f 594 1484 1171
f 594 1485 1171
f 594 1484 1359
f 594 1359 1485
f 594 1484 1485
f 595 596 711
f 595 596 715
f 595 873 596
f 595 596 1275
f 595 596 1338
f 595 711 715
f 595 873 711
f 595 711 1120
f 595 711 1338
f 595 715 873
f 595 873 1130
f 595 1186 873
f 595 873 1275
f 595 1120 1301
f 595 1120 1338
f 595 1130 1186
f 595 1130 1275
f 595 1186 1275
f 595 1301 1186
f 595 1301 1275
f 595 1275 1338
f 595 1338 1301
f 596 810 613
f 596 1130 613
f 596 711 715
f 596 1338 711
f 596 715 810
f 596 715 873
f 596 979 715
f 596 1338 715
f 596 810 873
f 596 1130 810
f 596 1275 810
f 596 873 1275
f 596 901 979
f 596 1043 901
f 596 901 1275
f 596 901 1338
f 596 979 1338
f 596 1127 1043
f 596 1043 1275
f 596 1130 1127
f 596 1275 1127
f 596 1275 1130
f 596 1338 1275
f 597 599 734
f 597 1106 599
f 597 1122 599
f 597 727 600
f 597 600 730
f 597 1106 600
f 597 1122 600
f 597 726 727
f 597 734 726
f 597 726 1122
f 597 727 1122
f 597 730 1106
f 597 734 1122
f 597 1106 1122
f 598 599 732
f 598 735 599
f 598 599 1106
f 598 1122 599
f 598 732 733
f 598 1106 732
f 598 1106 733
f 598 733 1276
f 598 935 735
f 598 1122 735
f 598 1122 935
f 598 1276 935
f 598 1106 1122
f 598 1276 1106
f 598 1122 1276
f 599 1106 732
f 599 735 734
f 599 734 1122
f 599 735 1122
f 599 1106 1122
f 600 727 1031
f 600 727 1122
f 600 731 730
f 600 730 1106
f 600 1106 731
f 600 1225 731
f 600 1031 1122
f 600 1031 1225
f 600 1106 1122
f 600 1106 1225
f 600 1122 1225
f 601 602 753
f 601 602 1148
f 601 1341 602
f 601 872 746
f 601 746 946
f 601 746 1148
f 601 1341 746
f 601 752 753
f 601 752 828
f 601 752 1148
f 601 1341 752
f 601 753 1148
f 601 753 1341
f 601 828 845
f 601 828 1148
f 601 845 872
f 601 1148 845
f 601 872 1148
f 601 1341 946
f 601 1341 1148
f 602 813 753
f 602 753 1148
f 602 1341 753
f 602 961 813
f 602 813 1148
f 602 947 864
f 602 864 961
f 602 1148 864
f 602 864 1341
f 602 947 1341
f 602 961 1148
f 602 1341 1148
f 603 832 769
f 603 769 868
f 603 769 925
f 603 769 1163
f 603 769 1316
f 603 925 770
f 603 1436 770
f 603 868 832
f 603 1180 832
f 603 832 1436
f 603 868 1316
f 603 868 1436
f 603 1163 925
f 603 925 1436
f 603 1163 1316
f 603 1436 1163
f 603 1436 1180
f 603 1436 1316
f 604 771 939
f 604 771 1436
f 604 868 772
f 604 939 772
f 604 1163 772
f 604 772 1242
f 604 772 1316
f 604 772 1436
f 604 868 794
f 604 1242 794
f 604 1436 794
f 604 868 1242
f 604 868 1316
f 604 1436 868
f 604 939 1163
f 604 1436 939
f 604 1436 1163
f 604 1436 1316
f 605 740 894
f 605 959 740
f 605 1133 740
f 605 1133 894
f 605 894 1470
f 605 902 959
f 605 1133 902
f 605 1301 902
f 605 959 1133
f 605 1301 1133
f 605 1470 1133
f 605 1470 1301
f 606 741 782
f 606 893 741
f 606 741 1133
f 606 782 901
f 606 1133 782
f 606 893 1133
f 606 893 1470
f 606 901 1043
f 606 901 1133
f 606 1043 1133
f 606 1470 1043
f 606 1133 1470
f 607 786 608
f 607 608 788
f 607 608 859
f 607 1471 608
f 607 610 786
f 607 788 610
f 607 1454 610
f 607 1459 610
f 607 786 1459
f 607 1471 786
f 607 859 788
f 607 1420 788
f 607 788 1454
f 607 859 1420
f 607 1471 859
f 607 1454 1420
f 607 1420 1459
f 607 1420 1471
f 607 1459 1454
f 607 1471 1459
f 608 859 609
f 608 1471 609
f 608 786 1471
f 608 788 859
f 608 1471 859
f 609 1007 859
f 609 1471 859
f 610 787 786
f 610 1459 786
f 610 1401 787
f 610 1459 787
f 610 1475 787
f 610 788 789
f 610 1454 788
f 610 789 1401
f 610 1454 789
f 610 789 1475
f 610 857 1401
f 610 857 1454
f 610 1459 857
f 610 1401 1454
f 610 1459 1401
f 610 1475 1401
f 610 1454 1459
f 611 612 791
f 611 795 612
f 611 1505 612
f 611 791 790
f 611 790 792
f 611 1118 790
f 611 1283 790
f 611 790 1505
f 611 791 1505
f 611 792 1056
f 611 1283 792
f 611 1056 795
f 611 795 1118
f 611 1283 795
f 611 795 1505
f 611 1056 1283
f 611 1118 1283
f 611 1505 1118
f 612 965 791
f 612 791 1099
f 612 1505 791
f 612 795 796
f 612 795 1505
f 612 796 965
f 612 796 1099
f 612 796 1505
f 612 1099 965
f 612 1505 1099
f 613 749 614
f 613 773 614
f 613 614 831
f 613 1009 614
f 613 614 1130
f 613 1347 614
f 613 1351 614
f 613 655 1052
f 613 1184 655
f 613 655 1351
f 613 749 831
f 613 749 1009
f 613 810 773
f 613 831 773
f 613 773 1009
f 613 773 1184
f 613 773 1347
f 613 1009 810
f 613 1130 810
f 613 831 1009
f 613 1009 1130
f 613 1052 1351
f 613 1130 1351
f 613 1347 1184
f 613 1351 1184
f 613 1351 1347
f 614 670 860
f 614 1168 670
f 614 670 1351
f 614 749 831
f 614 860 749
f 614 749 873
f 614 1009 749
f 614 831 773
f 614 773 1347
f 614 860 831
f 614 831 1347
f 614 1347 860
f 614 860 1351
f 614 1009 873
f 614 873 1130
f 614 1130 1009
f 614 1130 1168
f 614 1130 1351
f 614 1351 1168
f 614 1351 1347
f 615 814 774
f 615 774 947
f 615 983 774
f 615 1013 774
f 615 1204 774
f 615 1013 814
f 615 814 1204
f 615 983 947
f 615 947 1204
f 615 1204 983
f 615 1013 1204
f 615 1346 1013
f 615 1204 1346
f 616 814 775
f 616 775 896
f 616 775 983
f 616 1204 775
f 616 1325 775
f 616 896 814
f 616 814 1204
f 616 1204 896
f 616 896 1345
f 616 946 983
f 616 946 1204
f 616 946 1325
f 616 983 1204
f 616 1325 983
f 616 1204 1345
f 617 797 750
f 617 750 1216
f 617 756 966
f 617 756 1209
f 617 756 1216
f 617 797 966
f 617 1209 797
f 617 797 1216
f 617 966 1209
f 617 1216 966
f 618 751 798
f 618 1092 751
f 618 1216 751
f 618 899 757
f 618 757 1216
f 618 798 899
f 618 798 966
f 618 1216 798
f 618 966 899
f 618 899 1216
f 618 1216 966
f 618 1216 1092
f 619 1355 620
f 619 620 1419
f 619 1453 620
f 619 776 1200
f 619 1329 776
f 619 776 1419
f 619 776 1462
f 619 894 1329
f 619 894 1355
f 619 1200 1329
f 619 1200 1355
f 619 1200 1419
f 619 1329 1355
f 619 1419 1355
f 619 1419 1453
f 619 1462 1419
f 619 1462 1453
f 620 855 777
f 620 777 986
f 620 777 1200
f 620 1419 777
f 620 1332 855
f 620 855 1419
f 620 855 1453
f 620 1462 855
f 620 986 893
f 620 893 1355
f 620 986 1200
f 620 986 1355
f 620 1200 1355
f 620 1200 1419
f 620 1453 1332
f 620 1355 1419
f 620 1453 1419
f 620 1419 1462
f 620 1453 1462
f 621 622 889
f 621 1137 622
f 621 1495 622
f 621 1496 622
f 621 1499 622
f 621 874 799
f 621 799 889
f 621 799 1137
f 621 1137 874
f 621 1503 874
f 621 889 1137
f 621 889 1495
f 621 1137 1499
f 621 1503 1137
f 621 1496 1495
f 621 1496 1499
f 621 1499 1503
f 622 800 870
f 622 1107 800
f 622 1137 800
f 622 1137 870
f 622 870 1494
f 622 1107 889
f 622 889 1137
f 622 889 1495
f 622 1137 1107
f 622 1495 1107
f 622 1137 1494
f 622 1499 1137
f 622 1494 1495
f 622 1499 1494
f 622 1496 1495
f 622 1495 1499
f 622 1496 1499
f 623 942 624
f 623 624 1128
f 623 624 1267
f 623 1416 624
f 623 942 1128
f 623 1268 942
f 623 1268 1128
f 623 1416 1128
f 623 1267 1266
f 623 1266 1268
f 623 1416 1266
f 623 1416 1267
f 623 1268 1416
f 624 1128 823
f 624 823 1222
f 624 1310 823
f 624 823 1416
f 624 942 943
f 624 942 1128
f 624 1128 943
f 624 943 1310
f 624 1310 1128
f 624 1416 1128
f 624 1222 1267
f 624 1416 1222
f 624 1267 1416
f 625 1128 626
f 625 626 1261
f 625 1285 626
f 625 1393 626
f 625 1128 1261
f 625 1128 1268
f 625 1393 1128
f 625 1261 1268
f 625 1268 1284
f 625 1393 1268
f 625 1284 1285
f 625 1284 1393
f 625 1285 1393
f 626 1157 822
f 626 822 1260
f 626 822 1427
f 626 1260 1128
f 626 1128 1261
f 626 1393 1128
f 626 1128 1427
f 626 1285 1157
f 626 1393 1157
f 626 1427 1157
f 626 1260 1261
f 626 1260 1427
f 626 1393 1285
f 626 1427 1393
f 627 628 1073
f 627 1289 628
f 627 1342 628
f 627 1073 1072
f 627 1072 1135
f 627 1289 1072
f 627 1073 1289
f 627 1289 1135
f 627 1135 1342
f 627 1342 1289
f 628 994 885
f 628 885 1073
f 628 885 1289
f 628 1289 994
f 628 1343 994
f 628 1289 1073
f 628 1289 1342
f 628 1289 1343
f 628 1342 1343
f 629 1167 630
f 629 630 1172
f 629 1262 630
f 629 630 1289
f 629 1297 630
f 629 1135 1166
f 629 1172 1135
f 629 1262 1135
f 629 1289 1135
f 629 1166 1167
f 629 1166 1262
f 629 1262 1167
f 629 1172 1289
f 629 1297 1172
f 629 1289 1262
f 629 1289 1297
f 630 1167 919
f 630 919 1262
f 630 919 1297
f 630 1167 1262
f 630 1173 1172
f 630 1297 1172
f 630 1297 1173
f 630 1289 1262
f 630 1262 1297
f 630 1289 1297
f 631 632 801
f 631 632 802
f 631 632 855
f 631 909 632
f 631 1321 632
f 631 723 722
f 631 722 1293
f 631 722 1321
f 631 1321 723
f 631 802 801
f 631 801 855
f 631 801 909
f 631 1293 801
f 631 801 1330
f 631 802 1293
f 631 802 1321
f 631 802 1330
f 631 855 909
f 631 1321 1293
f 631 1330 1293
f 632 801 802
f 632 801 909
f 632 802 909
f 632 1292 802
f 632 802 1321
f 632 862 855
f 632 855 909
f 632 1453 855
f 632 909 862
f 632 862 1292
f 632 1453 862
f 632 909 1292
f 633 1066 673
f 633 1299 673
f 633 1426 673
f 633 745 1356
f 633 745 1363
f 633 840 807
f 633 807 848
f 633 807 1286
f 633 807 1356
f 633 1426 807
f 633 840 1356
f 633 1363 840
f 633 1286 848
f 633 1426 848
f 633 1066 1286
f 633 1299 1066
f 633 1299 1286
f 633 1426 1286
f 633 1299 1426
f 633 1356 1363
f 633 1356 1426
f 634 861 635
f 634 635 1270
f 634 1368 635
f 634 635 1412
f 634 861 1219
f 634 861 1319
f 634 1368 861
f 634 1412 861
f 634 1219 1270
f 634 1319 1219
f 634 1219 1368
f 634 1270 1368
f 634 1357 1319
f 634 1319 1412
f 634 1333 1357
f 634 1333 1412
f 634 1412 1357
f 635 861 1059
f 635 1308 861
f 635 861 1368
f 635 861 1412
f 635 1043 1050
f 635 1368 1043
f 635 1050 1308
f 635 1368 1050
f 635 1308 1059
f 635 1059 1408
f 635 1412 1059
f 635 1270 1368
f 635 1308 1368
f 635 1408 1332
f 635 1332 1412
f 635 1408 1412
f 636 938 865
f 636 865 1083
f 636 865 1385
f 636 1390 865
f 636 881 1095
f 636 1323 881
f 636 881 1390
f 636 938 957
f 636 1083 938
f 636 1083 957
f 636 957 1323
f 636 957 1385
f 636 1390 957
f 636 1385 1083
f 636 1095 1390
f 636 1390 1323
f 636 1385 1390
f 637 937 865
f 637 1083 865
f 637 1385 865
f 637 865 1390
f 637 1083 937
f 637 1088 937
f 637 1025 1037
f 637 1096 1025
f 637 1025 1390
f 637 1037 1088
f 637 1390 1037
f 637 1083 1088
f 637 1083 1385
f 637 1088 1385
f 637 1088 1390
f 637 1096 1390
f 637 1390 1385
f 638 639 856
f 638 910 639
f 638 639 1022
f 638 1136 639
f 638 1153 639
f 638 1159 639
f 638 856 910
f 638 1153 856
f 638 856 1159
f 638 1153 910
f 638 1022 1023
f 638 1022 1136
f 638 1023 1136
f 638 1023 1153
f 638 1136 1153
f 638 1153 1159
f 639 856 852
f 639 970 852
f 639 852 1022
f 639 1136 852
f 639 910 856
f 639 911 856
f 639 970 856
f 639 1136 856
f 639 1159 856
f 639 910 911
f 639 911 970
f 639 1136 1022
f 639 1153 1136
f 639 1136 1159
f 639 1153 1159
f 640 641 844
f 640 1033 641
f 640 641 1159
f 640 844 1153
f 640 1159 844
f 640 1034 1033
f 640 1033 1159
f 640 1153 1034
f 640 1159 1034
f 640 1159 1153
f 641 843 844
f 641 1039 843
f 641 1159 843
f 641 1159 844
f 641 851 1039
f 641 851 1159
f 641 1407 851
f 641 1033 1159
f 641 1033 1407
f 641 1159 1039
f 641 1407 1159
f 642 643 1328
f 642 643 1422
f 642 643 1428
f 642 1422 871
f 642 871 1428
f 642 1328 1422
f 642 1328 1428
f 642 1422 1428
f 643 644 1155
f 643 1365 644
f 643 1155 1328
f 643 1155 1365
f 643 1422 1155
f 643 1365 1328
f 643 1328 1422
f 643 1328 1428
f 643 1365 1428
f 644 1385 1083
f 644 1365 1155
f 644 1155 1385
f 644 1385 1365
f 645 646 1078
f 645 1247 646
f 645 646 1354
f 645 1443 646
f 645 1078 1068
f 645 1068 1274
f 645 1068 1354
f 645 1443 1068
f 645 1443 1078
f 645 1248 1247
f 645 1247 1354
f 645 1274 1248
f 645 1354 1248
f 645 1274 1354
f 645 1443 1354
f 646 1077 1078
f 646 1273 1077
f 646 1077 1443
f 646 1443 1078
f 646 1247 1273
f 646 1247 1354
f 646 1354 1273
f 646 1273 1443
f 646 1354 1443
f 647 968 648
f 647 1108 648
f 647 648 1132
f 647 1354 648
f 647 648 1450
f 647 1068 968
f 647 1132 968
f 647 1132 1068
f 647 1274 1068
f 647 1354 1068
f 647 1108 1274
f 647 1354 1108
f 647 1108 1450
f 647 1451 1108
f 647 1354 1132
f 647 1274 1354
f 647 1451 1274
f 647 1450 1451
f 648 969 962
f 648 962 1132
f 648 962 1211
f 648 968 969
f 648 968 1132
f 648 1132 969
f 648 1211 1108
f 648 1108 1354
f 648 1108 1450
f 648 1132 1211
f 648 1354 1132
f 648 1211 1354
f 648 1211 1450
f 649 650 1230
f 649 1263 650
f 649 650 1300
f 649 1386 650
f 649 823 888
f 649 1300 823
f 649 823 1386
f 649 888 989
f 649 888 1263
f 649 888 1386
f 649 989 1230
f 649 989 1263
f 649 1263 1230
f 649 1263 1386
f 649 1386 1300
f 650 822 771
f 650 771 1300
f 650 1104 822
f 650 822 1300
f 650 822 1386
f 650 930 1097
f 650 1230 930
f 650 930 1263
f 650 1097 1104
f 650 1097 1263
f 650 1097 1386
f 650 1104 1386
f 650 1263 1230
f 650 1386 1263
f 650 1386 1300
f 651 652 1048
f 651 652 1114
f 651 1198 652
f 651 652 1362
f 651 1369 652
f 651 1362 1048
f 651 1369 1048
f 651 1048 1400
f 651 1114 1113
f 651 1113 1362
f 651 1113 1400
f 651 1362 1114
f 651 1257 1198
f 651 1369 1198
f 651 1369 1257
f 651 1400 1257
f 651 1400 1362
f 651 1369 1400
f 652 1004 988
f 652 1048 988
f 652 988 1114
f 652 1004 1048
f 652 1199 1004
f 652 1369 1004
f 652 1114 1048
f 652 1362 1048
f 652 1048 1369
f 652 1114 1362
f 652 1198 1199
f 652 1369 1198
f 652 1199 1369
f 653 654 1048
f 653 654 1139
f 653 1160 654
f 653 1324 654
f 653 1366 654
f 653 1048 1324
f 653 1048 1366
f 653 1400 1048
f 653 1139 1257
f 653 1139 1324
f 653 1161 1160
f 653 1160 1366
f 653 1161 1366
f 653 1400 1161
f 653 1324 1257
f 653 1257 1400
f 653 1400 1324
f 653 1366 1400
f 654 1012 1138
f 654 1324 1012
f 654 1377 1012
f 654 1048 1324
f 654 1366 1048
f 654 1377 1048
f 654 1138 1139
f 654 1324 1138
f 654 1324 1139
f 654 1366 1160
f 654 1160 1377
f 654 1377 1324
f 654 1377 1366
f 655 876 811
f 655 1143 811
f 655 811 1184
f 655 811 1351
f 655 1143 876
f 655 876 1281
f 655 876 1351
f 655 1065 1052
f 655 1052 1351
f 655 1065 1281
f 655 1351 1065
f 655 1184 1143
f 655 1184 1351
f 655 1281 1351
f 656 1141 657
f 656 1175 657
f 656 657 1190
f 656 657 1313
f 656 1142 1141
f 656 1313 1141
f 656 1313 1142
f 656 1439 1142
f 656 1190 1175
f 656 1313 1175
f 656 1175 1439
f 656 1190 1439
f 656 1313 1439
f 657 1129 818
f 657 1175 818
f 657 818 1191
f 657 1141 1129
f 657 1129 1175
f 657 1313 1129
f 657 1141 1313
f 657 1190 1175
f 657 1175 1191
f 657 1313 1175
f 657 1191 1190
f 658 887 659
f 658 659 978
f 658 659 1079
f 658 886 887
f 658 978 886
f 658 1389 886
f 658 978 887
f 658 1079 978
f 658 1389 978
f 658 1404 978
f 658 1079 1404
f 658 1404 1389
f 659 833 830
f 659 978 830
f 659 830 1080
f 659 887 833
f 659 833 978
f 659 978 887
f 659 1079 978
f 659 1080 978
f 659 1080 1079
f 660 1089 661
f 660 1110 661
f 660 661 1431
f 660 661 1467
f 660 1089 1109
f 660 1110 1089
f 660 1089 1463
f 660 1467 1089
f 660 1109 1110
f 660 1463 1109
f 660 1431 1463
f 660 1467 1431
f 660 1467 1463
f 661 1089 829
f 661 829 1111
f 661 1126 829
f 661 1089 1110
f 661 1089 1111
f 661 1126 1089
f 661 1467 1089
f 661 1110 1126
f 661 1111 1430
f 661 1467 1111
f 661 1430 1431
f 661 1430 1467
f 661 1467 1431
f 662 663 1177
f 662 1394 663
f 662 1429 663
f 662 927 945
f 662 1177 927
f 662 927 1429
f 662 945 1395
f 662 1429 945
f 662 1429 1177
f 662 1395 1394
f 662 1394 1429
f 662 1429 1395
f 663 1176 1178
f 663 1394 1176
f 663 1429 1176
f 663 1178 1177
f 663 1177 1429
f 663 1178 1429
f 663 1429 1394
f 664 1089 665
f 664 1272 665
f 664 665 1327
f 664 1272 1089
f 664 1326 1089
f 664 1089 1327
f 664 1463 1089
f 664 1463 1272
f 664 1327 1326
f 664 1326 1463
f 665 1054 821
f 665 821 1089
f 665 821 1384
f 665 1054 1089
f 665 1271 1054
f 665 1089 1271
f 665 1089 1272
f 665 1089 1327
f 665 1384 1089
f 665 1272 1271
f 665 1384 1327
f 666 667 923
f 666 945 667
f 666 667 1358
f 666 924 903
f 666 903 1014
f 666 1358 903
f 666 923 924
f 666 923 1358
f 666 1358 924
f 666 1358 945
f 666 1014 1358
f 667 927 923
f 667 923 1358
f 667 945 927
f 667 927 1358
f 667 1358 945
f 668 830 833
f 668 830 1003
f 668 850 833
f 668 833 1003
f 668 850 940
f 668 850 1003
f 668 940 1003
f 668 1013 940
f 668 1003 1013
f 668 1346 1003
f 668 1013 1346
f 669 850 866
f 669 1003 850
f 669 850 1290
f 669 866 1003
f 669 896 1003
f 669 896 1290
f 669 1345 896
f 669 1003 1290
f 669 1345 1003
f 670 860 811
f 670 876 811
f 670 811 906
f 670 1351 811
f 670 906 860
f 670 1351 860
f 670 876 906
f 670 876 1192
f 670 876 1351
f 670 1192 906
f 670 1168 980
f 670 980 1192
f 670 1351 980
f 670 1168 1351
f 670 1351 1192
f 671 842 672
f 671 672 858
f 671 672 928
f 671 672 953
f 671 1129 672
f 671 1175 672
f 671 858 842
f 671 928 858
f 671 953 858
f 671 908 928
f 671 1129 908
f 671 908 1175
f 671 953 928
f 671 1175 928
f 671 1129 1175
f 672 928 818
f 672 951 818
f 672 818 953
f 672 818 1129
f 672 818 1175
f 672 842 841
f 672 841 951
f 672 842 858
f 672 842 951
f 672 858 951
f 672 858 953
f 672 928 953
f 672 928 1175
f 672 951 953
f 672 1175 1129
f 673 952 845
f 673 845 1299
f 673 845 1426
f 673 952 954
f 673 952 1299
f 673 1066 954
f 673 954 1254
f 673 954 1299
f 673 1254 1066
f 673 1299 1066
f 673 1299 1254
f 673 1299 1426
f 674 675 1024
f 674 1238 675
f 674 675 1464
f 674 676 1024
f 674 1102 676
f 674 676 1256
f 674 1024 1102
f 674 1024 1238
f 674 1256 1024
f 674 1464 1024
f 674 1102 1238
f 674 1256 1464
f 675 1024 1101
f 675 1024 1238
f 675 1367 1024
f 675 1024 1464
f 675 1101 1238
f 675 1367 1101
f 675 1367 1464
f 676 1024 677
f 676 677 1158
f 676 677 1256
f 676 1024 1102
f 676 1024 1158
f 676 1024 1256
f 676 1158 1102
f 677 816 920
f 677 964 816
f 677 816 1024
f 677 1024 920
f 677 920 1256
f 677 964 1024
f 677 964 1158
f 677 1158 1024
f 677 1024 1256
f 678 679 766
f 678 679 783
f 678 679 816
f 678 931 679
f 678 1165 679
f 678 679 1227
f 678 679 1371
f 678 816 756
f 678 756 1165
f 678 756 1227
f 678 783 766
f 678 766 816
f 678 783 816
f 678 931 783
f 678 783 1371
f 678 1165 816
f 678 1227 931
f 678 1371 931
f 678 1227 1165
f 679 783 766
f 679 815 766
f 679 816 766
f 679 766 847
f 679 847 783
f 679 783 1371
f 679 816 815
f 679 1165 815
f 679 816 1165
f 679 847 930
f 679 1371 847
f 679 930 931
f 679 930 1226
f 679 930 1371
f 679 931 1226
f 679 931 1227
f 679 931 1371
f 679 1226 1165
f 679 1227 1165
f 679 1227 1226
f 680 681 909
f 680 681 1093
f 680 681 1152
f 680 1047 909
f 680 909 1152
f 680 1217 909
f 680 1094 1047
f 680 1152 1047
f 680 1093 1094
f 680 1152 1093
f 680 1152 1094
f 681 862 1093
f 681 1152 862
f 681 1292 862
f 681 909 1152
f 681 1292 909
f 681 1093 1152
f 681 1152 1292
f 682 683 971
f 682 683 972
f 682 1231 683
f 682 683 1304
f 682 683 1315
f 682 683 1322
f 682 728 882
f 682 1231 728
f 682 1304 728
f 682 1231 882
f 682 882 1315
f 682 971 972
f 682 1315 971
f 682 971 1322
f 682 1315 972
f 682 1304 1231
f 682 1315 1231
f 682 1322 1304
f 683 883 729
f 683 729 1231
f 683 729 1278
f 683 729 1304
f 683 972 883
f 683 883 1231
f 683 1315 883
f 683 972 971
f 683 971 1322
f 683 1046 972
f 683 972 1315
f 683 972 1322
f 683 1060 1046
f 683 1322 1046
f 683 1061 1060
f 683 1278 1060
f 683 1304 1060
f 683 1060 1322
f 683 1061 1304
f 683 1061 1322
f 683 1231 1304
f 683 1315 1231
f 683 1304 1278
f 683 1304 1322
f 684 685 861
f 684 984 685
f 684 685 1309
f 684 984 861
f 684 861 1309
f 685 984 861
f 685 861 985
f 685 861 1059
f 685 1308 861
f 685 1309 861
f 685 984 985
f 685 985 1059
f 685 1059 1308
f 685 1308 1309
f 686 817 824
f 686 859 817
f 686 817 1008
f 686 1081 817
f 686 1356 817
f 686 824 1356
f 686 1008 859
f 686 1081 859
f 686 859 1356
f 686 859 1471
f 686 1008 1081
f 686 1471 1008
f 686 1471 1356
f 687 688 975
f 687 688 1011
f 687 688 1269
f 687 975 1011
f 687 1154 1011
f 687 1011 1269
f 687 1154 1269
f 688 864 976
f 688 864 1011
f 688 1041 864
f 688 976 975
f 688 1011 975
f 688 976 1011
f 688 1041 1011
f 688 1011 1269
f 688 1041 1269
f 689 954 690
f 689 1019 690
f 689 1058 690
f 689 690 1251
f 689 954 1058
f 689 1251 954
f 689 1018 1019
f 689 1251 1018
f 689 1251 1019
f 690 926 954
f 690 926 997
f 690 1019 926
f 690 1251 926
f 690 954 997
f 690 1058 954
f 690 954 1251
f 690 1058 997
f 690 1019 1251
f 691 692 1100
f 691 1245 692
f 691 1295 692
f 691 1236 1100
f 691 1100 1295
f 691 1164 1236
f 691 1239 1164
f 691 1164 1245
f 691 1164 1295
f 691 1236 1239
f 691 1295 1236
f 691 1295 1245
f 692 1100 711
f 692 1120 711
f 692 711 1295
f 692 1295 1100
f 692 1245 1120
f 692 1120 1295
f 692 1245 1295
f 693 1035 694
f 693 694 1169
f 693 694 1403
f 693 1035 1169
f 693 1035 1170
f 693 1239 1035
f 693 1403 1035
f 693 1169 1170
f 693 1170 1239
f 693 1239 1403
f 694 959 902
f 694 902 1035
f 694 902 1169
f 694 1035 959
f 694 1403 959
f 694 1169 1035
f 694 1035 1403
f 695 696 917
f 695 922 696
f 695 696 1092
f 695 696 1205
f 695 1344 696
f 695 1493 696
f 695 921 743
f 695 922 743
f 695 743 1492
f 695 743 1493
f 695 780 875
f 695 917 780
f 695 780 1344
f 695 875 921
f 695 1205 875
f 695 875 1344
f 695 1092 917
f 695 1344 917
f 695 921 922
f 695 921 1205
f 695 922 1205
f 695 922 1493
f 695 1493 1092
f 695 1205 1344
f 695 1492 1493
f 696 863 781
f 696 781 918
f 696 1344 781
f 696 1205 863
f 696 863 1344
f 696 917 918
f 696 1092 917
f 696 917 1344
f 696 918 1092
f 696 918 1344
f 696 922 1205
f 696 1493 922
f 696 1092 1493
f 696 1344 1205
f 697 698 831
f 697 698 1207
f 697 698 1347
f 697 1208 699
f 697 699 1303
f 697 699 1347
f 697 831 1202
f 697 831 1347
f 697 1303 1202
f 697 1347 1202
f 697 1207 1208
f 697 1347 1207
f 697 1347 1208
f 697 1347 1303
f 698 749 831
f 698 749 860
f 698 831 860
f 698 1347 831
f 698 860 1207
f 698 1347 860
f 698 1207 1347
f 699 700 1303
f 699 1347 700
f 699 1208 1185
f 699 1185 1347
f 699 1208 1347
f 699 1303 1347
f 700 1184 773
f 700 773 1302
f 700 1347 773
f 700 1184 1347
f 700 1302 1303
f 700 1302 1347
f 700 1347 1303
f 701 702 856
f 701 702 877
f 701 702 970
f 701 784 708
f 701 708 853
f 701 856 708
f 701 856 784
f 701 877 784
f 701 856 853
f 701 970 853
f 701 856 877
f 701 970 856
f 702 856 877
f 702 856 878
f 702 911 856
f 702 970 856
f 702 878 877
f 702 911 878
f 702 970 911
f 703 704 914
f 703 1087 704
f 703 1381 704
f 703 895 914
f 703 1001 895
f 703 1001 914
f 703 1087 914
f 703 1381 914
f 703 1001 1381
f 704 1074 907
f 704 907 1298
f 704 1381 907
f 704 1087 914
f 704 914 1381
f 704 1074 1087
f 704 1381 1074
f 704 1087 1381
f 704 1381 1298
f 705 914 706
f 705 1445 706
f 705 1449 706
f 705 895 914
f 705 895 1001
f 705 1001 914
f 705 914 1449
f 705 1001 1445
f 705 1449 1001
f 705 1449 1445
f 706 914 863
f 706 1000 863
f 706 863 1449
f 706 914 1449
f 706 1444 1000
f 706 1449 1000
f 706 1445 1444
f 706 1449 1444
f 706 1445 1449
f 707 708 856
f 707 708 1039
f 707 843 856
f 707 843 1039
f 707 843 1159
f 707 1039 856
f 707 1159 856
f 707 1159 1039
f 708 856 784
f 708 856 853
f 708 1039 853
f 708 1039 856
f 709 825 889
f 709 1002 825
f 709 1334 825
f 709 1359 825
f 709 889 1002
f 709 1334 1282
f 709 1282 1359
f 709 1359 1334
f 710 1107 825
f 710 825 1374
f 710 1460 825
f 710 825 1474
f 710 1484 825
f 710 1374 1107
f 710 1171 1460
f 710 1171 1484
f 710 1474 1460
f 710 1484 1460
f 711 715 812
f 711 873 715
f 711 715 979
f 711 1295 715
f 711 715 1338
f 711 873 812
f 711 812 1100
f 711 1295 812
f 711 1295 979
f 711 979 1338
f 711 1100 1295
f 711 1120 1295
f 711 1338 1120
f 711 1295 1338
f 712 834 1396
f 712 834 1446
f 712 1447 834
f 712 891 1086
f 712 1446 891
f 712 891 1447
f 712 980 1086
f 712 980 1396
f 712 1446 980
f 712 1086 1446
f 712 1446 1396
f 712 1447 1446
f 713 832 714
f 713 963 714
f 713 714 1046
f 713 714 1103
f 713 1180 714
f 713 1189 714
f 713 963 832
f 713 832 1180
f 713 1103 963
f 713 1229 963
f 713 1045 1046
f 713 1189 1045
f 713 1045 1229
f 713 1046 1103
f 713 1046 1189
f 713 1046 1229
f 713 1229 1103
f 714 794 832
f 714 794 1103
f 714 794 1118
f 714 1180 794
f 714 963 832
f 714 832 1118
f 714 832 1180
f 714 963 1103
f 714 1118 963
f 714 1103 1046
f 714 1046 1189
f 714 1103 1118
f 714 1180 1477
f 715 810 812
f 715 873 810
f 715 873 812
f 715 812 1100
f 715 1295 812
f 715 1100 979
f 715 1295 979
f 715 979 1338
f 715 1295 1100
f 716 884 717
f 716 1401 717
f 716 1423 717
f 716 828 884
f 716 828 1314
f 716 828 1401
f 716 884 1314
f 716 1401 884
f 716 1423 884
f 716 1423 1314
f 717 1028 789
f 717 1401 789
f 717 867 1028
f 717 1423 867
f 717 1028 884
f 717 1401 884
f 717 1423 884
f 717 1401 1028
f 717 1028 1423
f 718 884 719
f 718 719 1401
f 718 1413 719
f 718 934 884
f 718 1020 884
f 718 1401 884
f 718 934 1020
f 718 1401 1020
f 718 1020 1414
f 718 1401 1413
f 718 1401 1414
f 718 1414 1413
f 719 884 867
f 719 1028 867
f 719 1028 884
f 719 1401 884
f 719 1401 1028
f 719 1413 1028
f 719 1401 1413
f 720 1145 721
f 720 1151 721
f 720 1145 724
f 720 1149 724
f 720 1149 1145
f 720 1145 1151
f 720 1149 1151
f 721 1145 1151
f 721 1293 1145
f 721 1293 1151
f 722 808 723
f 722 1017 723
f 722 1030 723
f 722 1040 723
f 722 723 1278
f 722 723 1279
f 722 1321 723
f 722 723 1410
f 722 723 1411
f 722 1030 808
f 722 1040 808
f 722 1017 1040
f 722 1017 1293
f 722 1017 1321
f 722 1030 1040
f 722 1278 1030
f 722 1030 1279
f 722 1040 1293
f 722 1279 1278
f 722 1410 1278
f 722 1411 1278
f 722 1321 1293
f 722 1410 1411
f 723 1017 808
f 723 808 1030
f 723 1040 808
f 723 808 1279
f 723 1040 1017
f 723 1321 1017
f 723 1030 1279
f 723 1278 1279
f 723 1278 1411
f 723 1279 1411
f 723 1410 1411
f 723 1424 1410
f 723 1411 1424
f 724 1145 725
f 724 725 1264
f 724 1149 1145
f 724 1145 1264
f 724 1149 1264
f 725 1049 1017
f 725 1017 1145
f 725 1017 1321
f 725 1145 1049
f 725 1264 1049
f 725 1264 1145
f 725 1145 1321
f 726 967 727
f 726 1122 727
f 726 734 967
f 726 734 1122
f 726 734 1466
f 726 967 1122
f 726 1466 967
f 727 967 956
f 727 956 1031
f 727 1122 956
f 727 967 1122
f 727 1122 1031
f 728 1231 729
f 728 1278 729
f 728 729 1279
f 728 729 1304
f 728 956 882
f 728 882 1231
f 728 1031 956
f 728 956 1231
f 728 1231 1031
f 728 1279 1031
f 728 1231 1279
f 728 1231 1304
f 728 1278 1279
f 728 1278 1304
f 728 1304 1279
f 729 883 1231
f 729 883 1364
f 729 935 1030
f 729 1231 935
f 729 1364 935
f 729 1030 1231
f 729 1030 1278
f 729 1279 1030
f 729 1279 1231
f 729 1304 1231
f 729 1364 1231
f 729 1278 1279
f 729 1278 1304
f 730 1044 731
f 730 731 1106
f 730 731 1264
f 730 1044 1106
f 730 1264 1044
f 730 1397 1044
f 730 1397 1106
f 730 1264 1397
f 731 1044 1106
f 731 1225 1044
f 731 1264 1044
f 731 1106 1225
f 731 1225 1264
f 732 1044 733
f 732 733 1106
f 732 1106 1044
f 732 1044 1397
f 732 1106 1397
f 733 1030 1044
f 733 1030 1276
f 733 1044 1106
f 733 1044 1276
f 733 1276 1106
f 734 967 735
f 734 735 1122
f 734 967 1122
f 734 1466 967
f 735 1122 935
f 735 935 1364
f 735 967 1122
f 735 1364 967
f 735 1122 1364
f 736 737 1206
f 736 1250 737
f 736 1150 739
f 736 1265 739
f 736 1150 1206
f 736 1150 1250
f 736 1150 1265
f 736 1206 1250
f 736 1265 1250
f 737 738 1179
f 737 738 1206
f 737 1396 738
f 737 1206 1179
f 737 1179 1250
f 737 1179 1396
f 737 1206 1250
f 737 1396 1250
f 738 834 1179
f 738 834 1396
f 738 1206 1179
f 738 1179 1396
f 739 1265 1150
f 739 1380 1150
f 739 1380 1265
f 739 1320 1380
f 740 741 819
f 740 894 741
f 740 950 741
f 740 1133 741
f 740 741 1355
f 740 819 950
f 740 959 819
f 740 819 1133
f 740 894 950
f 740 894 1133
f 740 1355 894
f 740 1440 894
f 740 1355 950
f 740 950 1440
f 740 1133 959
f 741 819 782
f 741 1133 782
f 741 950 819
f 741 1133 819
f 741 893 894
f 741 1133 893
f 741 893 1288
f 741 893 1355
f 741 1133 894
f 741 1355 894
f 741 950 1288
f 741 1355 950
f 741 1355 1288
f 742 743 922
f 742 1162 743
f 742 1493 743
f 742 743 1503
f 742 743 1504
f 742 870 821
f 742 821 1054
f 742 821 1162
f 742 1162 870
f 742 1494 870
f 742 1503 870
f 742 1054 922
f 742 922 1162
f 742 922 1493
f 742 1162 1054
f 742 1503 1162
f 742 1493 1494
f 742 1493 1504
f 742 1494 1503
f 742 1504 1494
f 742 1503 1504
f 743 1111 829
f 743 1162 829
f 743 829 1503
f 743 922 921
f 743 921 1111
f 743 922 1111
f 743 1162 922
f 743 1493 922
f 743 1111 1162
f 743 1162 1503
f 743 1492 1493
f 743 1499 1492
f 743 1504 1492
f 743 1504 1493
f 743 1503 1499
f 743 1504 1499
f 743 1504 1503
f 744 803 824
f 744 803 848
f 744 1140 803
f 744 803 1356
f 744 1426 803
f 744 1356 824
f 744 1140 848
f 744 1299 848
f 744 848 1426
f 744 926 1140
f 744 1299 926
f 744 1473 926
f 744 1140 1299
f 744 1299 1426
f 744 1299 1473
f 744 1299 1480
f 744 1426 1356
f 744 1426 1480
f 744 1480 1473
f 745 817 859
f 745 1224 817
f 745 1356 817
f 745 817 1363
f 745 1398 817
f 745 859 1224
f 745 859 1356
f 745 859 1420
f 745 1224 1420
f 745 1363 1356
f 745 1356 1420
f 745 1398 1363
f 746 872 1011
f 746 872 1148
f 746 1218 872
f 746 880 1011
f 746 1116 880
f 746 880 1341
f 746 1116 946
f 746 1341 946
f 746 1011 1148
f 746 1218 1011
f 746 1341 1011
f 746 1116 1341
f 746 1148 1341
f 747 1117 748
f 747 748 1212
f 747 748 1294
f 747 806 973
f 747 806 1117
f 747 1212 806
f 747 1117 973
f 747 1294 973
f 747 1212 1117
f 747 1294 1117
f 747 1229 1294
f 748 949 1117
f 748 1117 1212
f 748 1117 1294
f 748 1345 1212
f 749 831 860
f 749 1009 831
f 749 873 1009
f 750 751 958
f 750 751 1216
f 750 751 1243
f 750 1021 797
f 750 797 1216
f 750 1216 917
f 750 1452 917
f 750 958 1216
f 750 958 1243
f 750 958 1452
f 750 1021 1216
f 750 1243 1021
f 750 1216 1243
f 750 1452 1216
f 750 1452 1243
f 751 798 1021
f 751 1216 798
f 751 1092 958
f 751 958 1216
f 751 958 1243
f 751 1021 1216
f 751 1021 1243
f 751 1216 1092
f 751 1243 1216
f 752 753 806
f 752 846 753
f 752 753 854
f 752 884 753
f 752 1051 753
f 752 1148 753
f 752 753 1341
f 752 806 846
f 752 854 828
f 752 884 828
f 752 1148 828
f 752 1314 828
f 752 846 1051
f 752 846 1314
f 752 884 854
f 752 854 1148
f 752 1051 884
f 752 884 1314
f 752 1314 1051
f 753 806 846
f 753 892 806
f 753 813 854
f 753 813 1148
f 753 892 846
f 753 846 1051
f 753 854 884
f 753 854 934
f 753 854 1148
f 753 884 934
f 753 1051 884
f 753 934 892
f 753 1051 892
f 753 1051 934
f 754 966 755
f 754 755 1158
f 754 755 1339
f 754 1209 966
f 754 1339 966
f 754 1209 1158
f 754 1158 1339
f 754 1339 1209
f 755 1102 759
f 755 1339 759
f 755 966 1339
f 755 1158 1102
f 755 1102 1339
f 755 1158 1339
f 756 757 899
f 756 964 757
f 756 757 1165
f 756 757 1209
f 756 1216 757
f 756 757 1226
f 756 757 1238
f 756 816 964
f 756 816 1165
f 756 966 899
f 756 1209 899
f 756 899 1216
f 756 964 1165
f 756 964 1209
f 756 1238 964
f 756 1209 966
f 756 1216 966
f 756 1165 1226
f 756 1227 1165
f 756 1238 1209
f 756 1226 1227
f 757 899 1201
f 757 1209 899
f 757 899 1216
f 757 899 1238
f 757 964 1101
f 757 1165 964
f 757 964 1238
f 757 1101 1165
f 757 1201 1101
f 757 1101 1238
f 757 1165 1226
f 757 1238 1201
f 757 1209 1238
f 758 1339 759
f 758 1201 899
f 758 1339 899
f 758 1201 1339
f 759 1102 1339
f 760 761 916
f 760 1112 761
f 760 1090 916
f 760 916 1112
f 760 916 1126
f 760 1090 1112
f 760 1090 1126
f 761 916 1010
f 761 916 1112
f 761 1402 916
f 761 1010 1112
f 761 1402 1010
f 762 763 1379
f 762 1010 1379
f 762 1010 1402
f 762 1379 1402
f 763 987 1379
f 763 1384 987
f 763 1379 1384
f 764 765 1203
f 764 767 1203
f 764 767 1246
f 764 1246 1203
f 765 1280 1203
f 765 1203 1458
f 765 1458 1280
f 766 783 816
f 766 820 783
f 766 783 847
f 766 1005 783
f 766 1458 783
f 766 816 815
f 766 815 879
f 766 815 920
f 766 820 816
f 766 816 920
f 766 820 879
f 766 920 820
f 766 1005 820
f 766 1255 820
f 766 1458 847
f 766 920 879
f 766 879 1255
f 766 879 1280
f 766 1203 1005
f 766 1005 1255
f 766 1005 1280
f 766 1458 1005
f 766 1280 1203
f 766 1203 1458
f 766 1280 1255
f 766 1280 1458
f 767 1203 768
f 767 1203 1246
f 768 1203 1005
f 769 868 832
f 769 832 929
f 769 868 929
f 769 868 1316
f 769 1163 925
f 769 1163 1316
f 770 939 771
f 770 1300 771
f 770 1416 771
f 770 1436 771
f 770 1456 771
f 770 1222 823
f 770 823 1300
f 770 823 1416
f 770 939 925
f 770 1163 925
f 770 925 1222
f 770 1277 925
f 770 1416 925
f 770 1436 925
f 770 939 1163
f 770 1277 939
f 770 1416 939
f 770 939 1436
f 770 1436 1163
f 770 1416 1222
f 770 1416 1277
f 770 1416 1300
f 770 1300 1456
f 770 1436 1456
f 771 822 1157
f 771 822 1300
f 771 1416 822
f 771 822 1427
f 771 1157 939
f 771 939 1416
f 771 939 1436
f 771 1416 1157
f 771 1416 1300
f 771 1300 1427
f 771 1300 1456
f 771 1457 1300
f 771 1416 1427
f 771 1436 1456
f 771 1457 1436
f 771 1456 1457
f 772 1242 868
f 772 868 1316
f 772 1163 939
f 772 1316 1163
f 772 1436 1163
f 772 1316 1436
f 773 810 1009
f 773 810 1317
f 773 1009 831
f 773 831 1317
f 773 831 1337
f 773 1347 831
f 773 1009 1317
f 773 1347 1184
f 773 1302 1337
f 773 1302 1347
f 773 1337 1317
f 773 1347 1337
f 774 814 983
f 774 814 1013
f 774 814 1082
f 774 1204 814
f 774 983 932
f 774 932 1071
f 774 932 1082
f 774 983 947
f 774 1071 947
f 774 983 1071
f 774 983 1082
f 774 983 1204
f 775 814 896
f 775 814 983
f 775 814 1183
f 775 814 1204
f 775 983 1183
f 775 1204 983
f 775 1325 983
f 775 1183 991
f 775 1325 991
f 775 1325 1183
f 776 913 1200
f 776 1419 913
f 776 1435 913
f 776 1329 1200
f 776 1419 1200
f 776 1220 1419
f 776 1435 1220
f 776 1220 1462
f 776 1435 1419
f 776 1462 1419
f 777 855 1091
f 777 855 1419
f 777 1200 986
f 777 1156 1091
f 777 1419 1091
f 777 1156 1200
f 777 1419 1156
f 777 1200 1419
f 778 779 1025
f 778 779 1061
f 778 779 1296
f 778 1410 779
f 778 779 1411
f 778 1424 779
f 778 881 1025
f 778 1095 881
f 778 881 1296
f 778 881 1424
f 778 1296 1025
f 778 1025 1424
f 778 1061 1095
f 778 1061 1296
f 778 1411 1061
f 778 1095 1296
f 778 1410 1411
f 778 1424 1410
f 778 1424 1411
f 779 1025 1096
f 779 1025 1296
f 779 1410 1025
f 779 1424 1025
f 779 1060 1061
f 779 1096 1060
f 779 1296 1060
f 779 1060 1410
f 779 1060 1411
f 779 1296 1061
f 779 1061 1411
f 779 1296 1096
f 779 1410 1411
f 779 1410 1424
f 780 853 781
f 780 781 917
f 780 988 781
f 780 781 1032
f 780 1136 781
f 780 781 1344
f 780 853 852
f 780 1032 852
f 780 1136 852
f 780 852 1298
f 780 907 853
f 780 853 1136
f 780 853 1298
f 780 853 1344
f 780 907 875
f 780 875 1344
f 780 1298 907
f 780 907 1344
f 780 988 917
f 780 1048 917
f 780 1344 917
f 780 917 1377
f 780 988 1032
f 780 1048 988
f 780 1032 1048
f 780 1136 1032
f 780 1377 1032
f 780 1377 1048
f 781 853 851
f 781 1000 851
f 781 851 1136
f 781 851 1407
f 781 853 1000
f 781 853 1136
f 781 1344 853
f 781 863 1000
f 781 1344 863
f 781 918 917
f 781 988 917
f 781 917 1344
f 781 988 918
f 781 918 1344
f 781 988 1032
f 781 1136 988
f 781 1407 988
f 781 1000 1344
f 781 1136 1032
f 781 1136 1407
f 782 1035 819
f 782 819 1133
f 782 1035 901
f 782 901 1133
f 782 1376 901
f 782 1035 1133
f 782 1035 1376
f 783 820 816
f 783 1005 820
f 783 847 1108
f 783 847 1371
f 783 1458 847
f 783 931 936
f 783 1371 931
f 783 936 1108
f 783 936 1273
f 783 1371 936
f 783 1005 1203
f 783 1458 1005
f 783 1203 1108
f 783 1108 1273
f 783 1371 1108
f 783 1108 1458
f 783 1458 1203
f 784 785 856
f 784 877 856
f 785 844 856
f 785 910 844
f 785 910 856
f 786 1459 787
f 786 1471 1459
f 787 1459 1401
f 787 1401 1472
f 787 1475 1401
f 787 1413 1472
f 787 1475 1413
f 787 1472 1459
f 787 1475 1472
f 788 789 1454
f 788 859 1420
f 788 1420 1454
f 789 1401 857
f 789 1454 857
f 789 1401 1028
f 789 1028 1475
f 789 1401 1454
f 789 1401 1475
f 790 791 1505
f 790 1283 792
f 790 1118 1283
f 790 1505 1118
f 791 1099 965
f 791 1505 1099
f 792 793 1283
f 792 1283 1056
f 793 1029 1242
f 793 1029 1283
f 793 1283 1242
f 794 832 868
f 794 832 1118
f 794 832 1180
f 794 1283 832
f 794 832 1436
f 794 1242 868
f 794 1283 868
f 794 1436 868
f 794 1029 1103
f 794 1118 1029
f 794 1242 1029
f 794 1029 1283
f 794 1103 1118
f 794 1283 1118
f 794 1436 1180
f 794 1242 1283
f 795 1505 796
f 795 1118 1056
f 795 1056 1283
f 795 1283 1118
f 795 1118 1505
f 796 804 965
f 796 1099 804
f 796 1099 965
f 796 1505 1099
f 797 1021 966
f 797 1209 966
f 797 966 1216
f 797 1021 1216
f 798 899 966
f 798 966 1021
f 798 966 1216
f 798 1216 1021
f 799 1137 874
f 799 874 1490
f 799 1115 889
f 799 889 1137
f 799 1501 889
f 799 900 1115
f 799 1137 900
f 799 1489 900
f 799 900 1501
f 799 1115 1137
f 799 1501 1115
f 799 1137 1489
f 799 1490 1137
f 799 1489 1490
f 799 1501 1489
f 800 870 897
f 800 987 870
f 800 1137 870
f 800 987 897
f 800 897 1137
f 800 1489 897
f 800 1107 900
f 800 1137 900
f 800 900 1489
f 800 1137 1107
f 800 1489 1137
f 801 909 802
f 801 1330 802
f 801 855 909
f 801 955 855
f 801 955 909
f 801 1119 909
f 801 909 1252
f 801 909 1330
f 801 955 1119
f 801 1252 1330
f 801 1330 1293
f 802 909 1292
f 802 1330 909
f 802 1330 1292
f 802 1321 1293
f 802 1293 1330
f 802 1321 1330
f 803 840 807
f 803 848 807
f 803 807 1356
f 803 1426 807
f 803 840 824
f 803 1356 824
f 803 840 1356
f 803 1140 848
f 803 848 1426
f 803 1356 1426
f 804 1036 805
f 804 805 1099
f 804 965 1036
f 804 965 1099
f 804 1099 1036
f 805 973 806
f 805 1036 806
f 805 1099 806
f 805 1099 973
f 805 1036 1099
f 806 892 846
f 806 1036 846
f 806 846 1117
f 806 1036 892
f 806 973 1099
f 806 1117 973
f 806 1036 1099
f 806 1117 1036
f 806 1117 1099
f 806 1117 1212
f 807 1312 840
f 807 840 1356
f 807 1286 848
f 807 1311 848
f 807 848 1426
f 807 1312 1311
f 807 1356 1426
f 808 1017 1040
f 808 1017 1049
f 808 1017 1264
f 808 1031 1030
f 808 1030 1040
f 808 1044 1030
f 808 1279 1030
f 808 1044 1031
f 808 1225 1031
f 808 1031 1279
f 808 1044 1040
f 808 1264 1040
f 808 1225 1044
f 808 1264 1044
f 808 1049 1225
f 808 1264 1049
f 808 1264 1225
f 809 913 974
f 809 1156 913
f 809 913 1435
f 809 1221 1156
f 809 1435 1156
f 809 1221 1435
f 810 873 812
f 810 1009 812
f 810 1009 873
f 810 873 1130
f 810 873 1275
f 810 1130 1009
f 810 1009 1317
f 810 1130 1275
f 811 876 827
f 811 1185 827
f 811 906 860
f 811 860 1207
f 811 1347 860
f 811 860 1351
f 811 876 906
f 811 1143 876
f 811 876 1351
f 811 1143 1184
f 811 1347 1184
f 811 1184 1351
f 811 1208 1185
f 811 1347 1185
f 811 1208 1207
f 811 1207 1347
f 811 1347 1208
f 811 1351 1347
f 812 1009 849
f 812 849 1144
f 812 1009 873
f 812 1100 1098
f 812 1098 1144
f 812 1144 1100
f 812 1100 1295
f 813 857 845
f 813 845 952
f 813 845 1148
f 813 1299 845
f 813 1473 845
f 813 845 1480
f 813 857 854
f 813 854 1148
f 813 1473 854
f 813 1148 857
f 813 1473 857
f 813 926 954
f 813 997 926
f 813 926 1299
f 813 926 1473
f 813 952 954
f 813 997 952
f 813 1148 952
f 813 952 1299
f 813 997 954
f 813 1299 954
f 813 961 997
f 813 1148 961
f 813 997 1148
f 813 1473 1299
f 813 1480 1299
f 813 1480 1473
f 814 940 896
f 814 1204 896
f 814 940 1013
f 814 940 1204
f 814 1082 983
f 814 1183 983
f 814 1204 983
f 814 1013 1204
f 814 1082 1067
f 814 1183 1067
f 814 1082 1183
f 815 920 816
f 815 816 1024
f 815 1165 816
f 815 912 879
f 815 920 879
f 815 912 920
f 815 1367 912
f 815 920 1024
f 815 1367 920
f 815 1101 1024
f 815 1024 1165
f 815 1367 1024
f 815 1165 1101
f 815 1101 1367
f 816 920 820
f 816 820 1237
f 816 920 1024
f 816 920 1237
f 816 964 1024
f 816 1165 964
f 816 1024 1165
f 817 824 1075
f 817 824 1356
f 817 859 1081
f 817 1224 859
f 817 1356 859
f 817 1465 859
f 817 1008 1081
f 817 1356 1075
f 817 1075 1387
f 817 1398 1075
f 817 1081 1382
f 817 1465 1081
f 817 1224 1465
f 817 1356 1363
f 817 1398 1356
f 817 1363 1398
f 817 1383 1382
f 817 1382 1465
f 817 1383 1387
f 817 1387 1398
f 818 953 928
f 818 1175 928
f 818 953 951
f 818 1235 951
f 818 953 1175
f 818 1235 953
f 818 1175 1129
f 818 1191 1175
f 818 1235 1175
f 818 1191 1235
f 819 1121 948
f 819 1403 948
f 819 1121 950
f 819 959 1035
f 819 959 1133
f 819 1403 959
f 819 1133 1035
f 819 1035 1403
f 820 898 879
f 820 879 920
f 820 879 1255
f 820 898 920
f 820 944 898
f 820 1237 898
f 820 898 1255
f 820 1237 920
f 820 1005 944
f 820 944 1237
f 820 1255 944
f 820 1005 1255
f 821 870 916
f 821 870 987
f 821 870 1162
f 821 916 987
f 821 916 1162
f 821 1384 916
f 821 987 1384
f 821 1054 1089
f 821 1054 1162
f 821 1162 1089
f 821 1384 1089
f 821 1162 1384
f 822 1386 1104
f 822 1104 1399
f 822 1104 1427
f 822 1157 1416
f 822 1157 1427
f 822 1399 1260
f 822 1260 1427
f 822 1386 1300
f 822 1427 1300
f 822 1427 1386
f 822 1427 1399
f 822 1416 1427
f 823 1310 888
f 823 1386 888
f 823 1128 1310
f 823 1416 1128
f 823 1427 1128
f 823 1222 1416
f 823 1386 1300
f 823 1300 1416
f 823 1300 1427
f 823 1386 1310
f 823 1310 1427
f 823 1386 1427
f 823 1427 1416
f 824 840 1075
f 824 1356 840
f 824 1075 1356
f 825 889 1002
f 825 1107 889
f 825 889 1115
f 825 890 1002
f 825 1115 890
f 825 1374 890
f 825 890 1433
f 825 890 1474
f 825 1115 1002
f 825 1115 1107
f 825 1107 1374
f 825 1115 1374
f 825 1334 1359
f 825 1433 1334
f 825 1474 1334
f 825 1484 1334
f 825 1484 1359
f 825 1433 1474
f 825 1460 1474
f 825 1484 1460
f 825 1474 1484
f 826 827 876
f 826 981 876
f 828 857 845
f 828 1148 845
f 828 857 854
f 828 854 884
f 828 1148 854
f 828 857 884
f 828 1148 857
f 828 857 1401
f 828 884 1314
f 828 1401 884
f 829 916 874
f 829 1126 874
f 829 874 1162
f 829 874 1503
f 829 1126 916
f 829 1162 916
f 829 1111 1089
f 829 1126 1089
f 829 1162 1089
f 829 1111 1162
f 829 1126 1162
f 829 1503 1162
f 830 978 833
f 830 1003 833
f 830 866 869
f 830 866 978
f 830 866 1003
f 830 1129 866
f 830 1348 866
f 830 869 978
f 830 1080 869
f 830 869 1129
f 830 869 1348
f 830 1003 978
f 830 1080 978
f 830 1129 1080
f 830 1348 1129
f 831 860 1347
f 831 1009 1317
f 831 1317 1202
f 831 1202 1337
f 831 1202 1347
f 831 1337 1317
f 831 1337 1347
f 832 868 929
f 832 1283 868
f 832 1436 868
f 832 963 929
f 832 929 1118
f 832 929 1283
f 832 1118 963
f 832 1283 1118
f 832 1436 1180
f 833 850 978
f 833 1003 850
f 833 850 1370
f 833 887 978
f 833 1370 887
f 833 978 1003
f 833 978 1370
f 834 838 1447
f 834 1179 1085
f 834 1446 1085
f 834 1447 1085
f 834 1179 1396
f 834 1446 1179
f 834 1446 1396
f 834 1447 1446
f 835 891 836
f 835 1134 836
f 835 836 1461
f 835 891 839
f 835 839 1134
f 835 1134 891
f 835 1134 1461
f 836 837 1447
f 836 837 1461
f 836 1134 891
f 836 1447 891
f 836 1134 1447
f 836 1134 1461
f 836 1461 1447
f 837 838 1447
f 837 1461 1447
f 839 891 1086
f 839 891 1134
f 839 981 993
f 839 981 1086
f 839 981 1281
f 839 1086 993
f 839 1134 1086
f 839 1086 1281
f 839 1281 1134
f 840 1075 1063
f 840 1075 1356
f 840 1075 1363
f 840 1363 1356
f 841 842 951
f 841 972 842
f 841 995 842
f 841 842 996
f 841 842 1174
f 841 842 1315
f 841 1174 951
f 841 971 972
f 841 971 1315
f 841 1315 972
f 841 994 995
f 841 994 996
f 841 994 1174
f 841 1315 994
f 841 995 996
f 841 1315 995
f 841 1174 996
f 842 858 951
f 842 858 1038
f 842 858 1174
f 842 858 1213
f 842 951 1174
f 842 995 972
f 842 1315 972
f 842 995 996
f 842 1038 995
f 842 995 1315
f 842 1038 996
f 842 996 1174
f 842 1174 1038
f 842 1213 1038
f 842 1174 1213
f 843 844 856
f 843 1159 844
f 843 856 1159
f 843 1159 1039
f 844 856 910
f 844 856 1153
f 844 1159 856
f 844 910 1153
f 844 1159 1153
f 845 857 1148
f 845 857 1454
f 845 1473 857
f 845 1480 857
f 845 952 872
f 845 872 1148
f 845 952 1148
f 845 1299 952
f 845 1299 1426
f 845 1480 1299
f 845 1480 1426
f 845 1454 1480
f 845 1480 1473
f 846 1036 892
f 846 892 1051
f 846 1036 949
f 846 1117 949
f 846 1036 1051
f 846 1036 1117
f 846 1036 1306
f 846 1306 1051
f 846 1051 1314
f 846 1051 1423
f 846 1423 1306
f 846 1314 1423
f 847 962 930
f 847 1371 930
f 847 1211 962
f 847 962 1371
f 847 1211 1108
f 847 1108 1371
f 847 1450 1108
f 847 1108 1458
f 847 1371 1211
f 847 1450 1211
f 848 1232 1140
f 848 1140 1286
f 848 1299 1140
f 848 1286 1232
f 848 1286 1299
f 848 1426 1286
f 848 1299 1426
f 849 1317 1009
f 850 978 866
f 850 866 1003
f 850 940 1003
f 850 1290 940
f 850 940 1291
f 850 1003 978
f 850 1370 978
f 850 1389 978
f 850 1003 1290
f 850 1290 1291
f 850 1335 1291
f 850 1335 1370
f 850 1335 1389
f 850 1370 1389
f 851 1000 853
f 851 853 1039
f 851 1136 853
f 851 1159 853
f 851 1000 1039
f 851 1039 1159
f 851 1136 1159
f 851 1136 1407
f 851 1407 1159
f 852 853 856
f 852 853 970
f 852 853 1136
f 852 853 1159
f 852 853 1298
f 852 856 970
f 852 1136 856
f 852 1159 856
f 852 970 1298
f 852 1032 1022
f 852 1022 1136
f 852 1032 1136
f 852 1136 1159
f 853 970 856
f 853 1039 856
f 853 856 1159
f 853 1298 907
f 853 907 1344
f 853 1381 907
f 853 907 1449
f 853 970 1298
f 853 1000 1039
f 853 1344 1000
f 853 1000 1449
f 853 1381 1001
f 853 1449 1001
f 853 1159 1039
f 853 1039 1449
f 853 1159 1136
f 853 1381 1298
f 853 1449 1344
f 853 1381 1449
f 854 857 884
f 854 857 1020
f 854 1148 857
f 854 1401 857
f 854 1472 857
f 854 1473 857
f 854 884 934
f 854 884 1020
f 854 884 1401
f 854 1020 934
f 854 1401 1020
f 854 1020 1472
f 854 1473 1020
f 854 1473 1472
f 855 862 909
f 855 982 862
f 855 1119 862
f 855 862 1453
f 855 1462 862
f 855 955 909
f 855 909 1119
f 855 955 982
f 855 955 1091
f 855 1119 955
f 855 982 1091
f 855 982 1119
f 855 1419 982
f 855 982 1462
f 855 1419 1091
f 855 1332 1453
f 855 1462 1419
f 855 1462 1453
f 856 878 877
f 856 878 911
f 856 910 911
f 856 1153 910
f 856 970 911
f 856 1039 1159
f 856 1159 1136
f 856 1159 1153
f 857 1401 884
f 857 1020 1401
f 857 1020 1472
f 857 1401 1454
f 857 1401 1459
f 857 1472 1401
f 857 1454 1459
f 857 1454 1480
f 857 1472 1459
f 857 1480 1459
f 857 1472 1473
f 857 1472 1480
f 857 1480 1473
f 858 953 928
f 858 928 1125
f 858 953 951
f 858 951 1174
f 858 1213 951
f 858 953 1125
f 858 1213 953
f 858 1125 1038
f 858 1038 1213
f 858 1125 1213
f 858 1174 1213
f 859 1007 1081
f 859 1007 1465
f 859 1008 1081
f 859 1008 1471
f 859 1465 1081
f 859 1420 1224
f 859 1465 1224
f 859 1420 1356
f 859 1356 1471
f 859 1471 1420
f 860 1347 1207
f 860 1347 1351
f 861 871 984
f 861 1422 871
f 861 871 1428
f 861 985 984
f 861 985 1059
f 861 1308 1059
f 861 1412 1059
f 861 1422 1059
f 861 1234 1219
f 861 1319 1219
f 861 1368 1219
f 861 1219 1409
f 861 1308 1234
f 861 1309 1234
f 861 1234 1368
f 861 1409 1234
f 861 1309 1308
f 861 1368 1308
f 861 1409 1309
f 861 1412 1319
f 861 1428 1319
f 861 1412 1422
f 861 1428 1412
f 861 1428 1422
f 862 1119 909
f 862 909 1152
f 862 1292 909
f 862 982 1119
f 862 1152 982
f 862 1220 982
f 862 982 1462
f 862 1152 1093
f 862 1152 1119
f 862 1152 1220
f 862 1152 1292
f 862 1462 1220
f 862 1453 1462
f 863 903 941
f 863 1205 903
f 863 903 1344
f 863 914 941
f 863 1344 914
f 863 914 1449
f 863 1344 941
f 863 1344 1000
f 863 1449 1000
f 863 1205 1344
f 863 1449 1344
f 864 1011 880
f 864 880 1341
f 864 880 1434
f 864 947 1071
f 864 1341 947
f 864 1011 961
f 864 1041 961
f 864 1148 961
f 864 976 1011
f 864 1011 1041
f 864 1011 1148
f 864 1341 1011
f 864 1071 1341
f 864 1434 1071
f 864 1148 1341
f 864 1434 1341
f 865 937 938
f 865 1083 937
f 865 937 1361
f 865 937 1485
f 865 938 1083
f 865 938 1360
f 865 1485 938
f 865 1083 1385
f 865 1360 1361
f 865 1360 1485
f 865 1485 1361
f 865 1390 1385
f 866 869 978
f 866 1348 869
f 866 869 1448
f 866 1129 908
f 866 1348 908
f 866 1003 978
f 866 1448 978
f 866 1348 1129
f 866 1448 1348
f 867 884 1028
f 867 884 1051
f 867 884 1423
f 867 998 905
f 867 905 1051
f 867 1051 998
f 867 1307 998
f 867 1028 1423
f 867 1051 1307
f 867 1423 1051
f 867 1423 1307
f 868 1283 929
f 868 1283 1242
f 868 1305 1316
f 868 1436 1316
f 869 908 1129
f 869 908 1313
f 869 1348 908
f 869 1079 978
f 869 1080 978
f 869 978 1404
f 869 978 1448
f 869 1079 1080
f 869 1404 1079
f 869 1080 1129
f 869 1129 1313
f 869 1348 1129
f 869 1187 1188
f 869 1404 1187
f 869 1348 1188
f 869 1188 1448
f 869 1249 1313
f 869 1404 1249
f 869 1313 1348
f 869 1448 1348
f 870 874 897
f 870 916 874
f 870 1137 874
f 870 874 1162
f 870 1503 874
f 870 916 897
f 870 897 987
f 870 897 1137
f 870 916 987
f 870 916 1162
f 870 1137 1494
f 870 1503 1137
f 870 1503 1162
f 870 1503 1494
f 871 1422 1428
f 872 952 1076
f 872 1148 952
f 872 1011 1148
f 872 1011 1218
f 872 1015 1218
f 872 1076 1148
f 872 1076 1218
f 872 1148 1218
f 873 1130 1009
f 873 1186 1130
f 873 1130 1275
f 874 916 897
f 874 1090 897
f 874 897 1137
f 874 1490 897
f 874 916 1090
f 874 916 1126
f 874 916 1162
f 874 1126 1090
f 874 1090 1490
f 874 1137 1490
f 874 1137 1503
f 874 1503 1162
f 875 903 941
f 875 1176 903
f 875 903 1205
f 875 903 1344
f 875 907 1074
f 875 1344 907
f 875 1176 921
f 875 1205 921
f 875 1074 941
f 875 1176 941
f 875 1344 941
f 875 1074 1176
f 875 1344 1074
f 875 1205 1176
f 875 1344 1205
f 876 906 1192
f 876 981 1086
f 876 981 1281
f 876 1086 1192
f 876 1281 1086
f 876 1351 1086
f 876 1351 1192
f 876 1281 1351
f 879 898 912
f 879 920 898
f 879 1255 898
f 879 920 912
f 879 1255 1280
f 880 915 1011
f 880 915 1432
f 880 1011 1341
f 880 1341 1116
f 880 1116 1434
f 880 1341 1434
f 880 1434 1432
f 881 1096 1025
f 881 1025 1296
f 881 1328 1025
f 881 1025 1365
f 881 1025 1390
f 881 1424 1025
f 881 1096 1095
f 881 1095 1296
f 881 1390 1095
f 881 1096 1296
f 881 1390 1096
f 881 1365 1323
f 881 1323 1390
f 881 1328 1365
f 881 1424 1328
f 881 1365 1390
f 882 883 967
f 882 883 994
f 882 1231 883
f 882 883 1289
f 882 1315 883
f 882 956 885
f 882 967 885
f 882 885 994
f 882 885 1289
f 882 956 967
f 882 956 1231
f 882 967 1231
f 882 967 1289
f 882 1289 994
f 882 994 1315
f 882 1231 1315
f 883 919 967
f 883 1262 919
f 883 1289 919
f 883 1297 919
f 883 919 1364
f 883 967 1231
f 883 967 1262
f 883 1289 967
f 883 967 1364
f 883 972 995
f 883 1315 972
f 883 994 995
f 883 994 1289
f 883 1315 994
f 883 1289 995
f 883 995 1297
f 883 995 1315
f 883 1231 1315
f 883 1364 1231
f 883 1289 1262
f 883 1289 1297
f 884 1020 934
f 884 1051 934
f 884 1401 1020
f 884 1401 1028
f 884 1028 1423
f 884 1314 1051
f 884 1423 1051
f 884 1423 1314
f 885 967 956
f 885 967 1073
f 885 1262 967
f 885 1289 967
f 885 1289 994
f 885 1073 1262
f 885 1073 1289
f 885 1262 1289
f 886 978 887
f 886 1370 887
f 886 1370 978
f 886 978 1389
f 886 1370 1335
f 886 1389 1335
f 886 1370 1389
f 887 1370 978
f 888 989 1263
f 888 1418 989
f 888 1386 1214
f 888 1214 1417
f 888 1418 1214
f 888 1263 1386
f 888 1418 1263
f 888 1386 1310
f 888 1310 1388
f 888 1386 1388
f 888 1386 1417
f 888 1418 1386
f 888 1417 1388
f 888 1388 1418
f 888 1417 1418
f 889 1002 1115
f 889 1115 1107
f 889 1137 1107
f 889 1495 1107
f 889 1115 1137
f 889 1501 1115
f 890 1115 1002
f 890 1115 1374
f 890 1433 1474
f 891 1134 1086
f 891 1446 1086
f 891 1446 1134
f 891 1134 1447
f 891 1447 1446
f 892 904 1036
f 892 1051 904
f 892 1051 934
f 892 1036 1051
f 893 894 1133
f 893 894 1355
f 893 894 1470
f 893 986 1288
f 893 986 1355
f 893 1470 1133
f 893 1288 1355
f 894 950 1355
f 894 1440 950
f 894 1470 1133
f 894 1355 1329
f 894 1440 1329
f 894 1355 1440
f 895 941 914
f 895 914 1001
f 895 914 1087
f 895 923 927
f 895 941 923
f 895 927 941
f 895 1087 927
f 895 927 1177
f 895 941 1087
f 895 1087 1177
f 896 940 1003
f 896 1204 940
f 896 1290 940
f 896 1204 1003
f 896 1290 1003
f 896 1345 1003
f 896 1204 1345
f 897 916 987
f 897 916 1090
f 897 916 1112
f 897 916 1379
f 897 1379 987
f 897 1010 1112
f 897 1340 1010
f 897 1379 1010
f 897 1112 1090
f 897 1090 1490
f 897 1340 1112
f 897 1112 1379
f 897 1489 1112
f 897 1112 1490
f 897 1489 1137
f 897 1137 1490
f 897 1489 1340
f 897 1489 1490
f 898 920 912
f 898 1196 912
f 898 1372 912
f 898 920 1237
f 898 1372 920
f 898 944 977
f 898 1237 944
f 898 944 1255
f 898 977 1255
f 898 1372 1196
f 898 1237 1372
f 899 966 1209
f 899 966 1216
f 899 966 1339
f 899 1201 1238
f 899 1339 1201
f 899 1238 1209
f 899 1209 1339
f 899 1238 1339
f 900 1107 1115
f 900 1107 1137
f 900 1107 1374
f 900 1115 1137
f 900 1374 1115
f 900 1469 1115
f 900 1115 1501
f 900 1137 1489
f 900 1469 1468
f 900 1489 1468
f 900 1489 1501
f 901 979 1164
f 901 1338 979
f 901 1133 1035
f 901 1164 1035
f 901 1338 1035
f 901 1376 1035
f 901 1043 1133
f 901 1275 1043
f 901 1043 1338
f 901 1133 1338
f 901 1338 1164
f 901 1338 1275
f 902 959 1035
f 902 1133 959
f 902 1133 1035
f 902 1035 1169
f 902 1245 1035
f 902 1338 1035
f 902 1245 1120
f 902 1301 1120
f 902 1120 1338
f 902 1301 1133
f 902 1338 1133
f 902 1245 1169
f 902 1245 1338
f 902 1301 1338
f 903 924 941
f 903 1358 924
f 903 1176 941
f 903 1344 941
f 903 941 1358
f 903 1205 1014
f 903 1014 1358
f 903 1176 1205
f 903 1358 1176
f 903 1205 1344
f 903 1358 1205
f 904 905 1036
f 904 905 1051
f 904 1036 1051
f 905 1036 998
f 905 998 1051
f 905 1051 1036
f 907 1074 914
f 907 1344 914
f 907 914 1381
f 907 1344 1074
f 907 1074 1381
f 907 1298 1381
f 907 1344 1381
f 907 1449 1344
f 907 1381 1449
f 908 1175 928
f 908 1175 1129
f 908 1313 1129
f 908 1129 1348
f 908 1258 1175
f 908 1313 1175
f 908 1258 1313
f 908 1348 1313
f 909 1119 955
f 909 1119 1047
f 909 1047 1152
f 909 1119 1152
f 909 1152 1292
f 909 1252 1217
f 909 1217 1330
f 909 1330 1252
f 909 1292 1330
f 912 1367 920
f 912 1372 920
f 912 920 1464
f 912 1372 1196
f 912 1196 1464
f 912 1367 1464
f 912 1372 1464
f 913 974 1200
f 913 1200 1156
f 913 1156 1419
f 913 1435 1156
f 913 1419 1200
f 913 1419 1435
f 914 1074 941
f 914 941 1087
f 914 1344 941
f 914 1001 1381
f 914 1449 1001
f 914 1087 1074
f 914 1344 1074
f 914 1074 1381
f 914 1087 1381
f 914 1344 1381
f 914 1449 1344
f 914 1381 1449
f 915 975 1011
f 916 987 1379
f 916 987 1384
f 916 1112 1010
f 916 1010 1379
f 916 1010 1402
f 916 1089 1126
f 916 1089 1162
f 916 1089 1384
f 916 1402 1089
f 916 1090 1112
f 916 1090 1126
f 916 1112 1379
f 916 1162 1126
f 916 1402 1126
f 916 1384 1162
f 916 1384 1379
f 916 1402 1379
f 916 1384 1402
f 917 918 958
f 917 988 918
f 917 1048 918
f 917 1055 918
f 917 918 1092
f 917 1216 918
f 917 918 1344
f 917 958 1055
f 917 958 1216
f 917 958 1452
f 917 988 1048
f 917 1048 1012
f 917 1055 1012
f 917 1012 1377
f 917 1452 1012
f 917 1055 1048
f 917 1048 1377
f 917 1055 1452
f 917 1216 1092
f 917 1216 1452
f 918 1004 958
f 918 958 1055
f 918 958 1092
f 918 1216 958
f 918 988 1004
f 918 1048 988
f 918 1048 1004
f 918 1004 1055
f 918 1055 1048
f 918 1092 1216
f 919 967 1262
f 919 1364 967
f 919 1167 1262
f 919 1262 1289
f 919 1297 1262
f 919 1364 1262
f 919 1297 1289
f 920 1024 1256
f 920 1024 1367
f 920 1464 1024
f 920 1237 1372
f 920 1372 1256
f 920 1256 1415
f 920 1464 1256
f 920 1367 1464
f 920 1415 1372
f 920 1464 1372
f 920 1415 1464
f 921 1014 922
f 921 1111 922
f 921 1197 922
f 921 922 1205
f 921 1014 1197
f 921 1014 1205
f 921 1014 1358
f 921 1111 1197
f 921 1176 1205
f 921 1358 1176
f 921 1176 1394
f 921 1176 1429
f 921 1197 1358
f 921 1394 1197
f 921 1429 1197
f 921 1205 1358
f 921 1429 1358
f 921 1394 1429
f 922 1054 1014
f 922 1197 1014
f 922 1014 1205
f 922 1054 1111
f 922 1162 1054
f 922 1197 1054
f 922 1162 1111
f 922 1111 1197
f 923 924 941
f 923 924 1358
f 923 927 941
f 923 1358 927
f 923 941 1358
f 924 1358 941
f 925 939 1163
f 925 1277 939
f 925 1195 1163
f 925 1277 1163
f 925 1436 1163
f 925 1195 1277
f 925 1222 1277
f 925 1416 1222
f 925 1416 1277
f 926 954 997
f 926 954 1251
f 926 954 1299
f 926 1019 1140
f 926 1251 1019
f 926 1251 1140
f 926 1140 1299
f 926 1251 1299
f 926 1473 1299
f 927 941 1087
f 927 941 1358
f 927 945 1358
f 927 1429 945
f 927 1177 1087
f 927 1358 1087
f 927 1087 1429
f 927 1177 1429
f 927 1429 1358
f 928 953 1125
f 928 1175 953
f 929 963 1118
f 929 1118 1057
f 929 1283 1057
f 929 1118 1283
f 930 1226 931
f 930 931 1230
f 930 931 1263
f 930 931 1371
f 930 962 1097
f 930 962 1105
f 930 962 1371
f 930 1105 1097
f 930 1263 1097
f 930 1263 1105
f 930 1371 1105
f 930 1226 1230
f 930 1263 1230
f 930 1371 1263
f 931 936 1371
f 931 1373 936
f 931 1230 989
f 931 1263 989
f 931 989 1373
f 931 1227 1226
f 931 1226 1230
f 931 1227 1230
f 931 1263 1230
f 931 1263 1371
f 931 1373 1263
f 931 1371 1373
f 932 933 983
f 932 933 1082
f 932 1434 933
f 932 983 1071
f 932 983 1082
f 932 983 1434
f 932 1434 1071
f 933 983 1082
f 933 983 1353
f 933 983 1434
f 933 1067 1082
f 933 1067 1353
f 933 1082 1353
f 933 1434 1353
f 935 1030 1231
f 935 1276 1030
f 935 1122 1031
f 935 1231 1031
f 935 1276 1031
f 935 1122 1231
f 935 1122 1276
f 935 1122 1364
f 935 1231 1276
f 935 1231 1364
f 936 1273 1108
f 936 1108 1371
f 936 1354 1273
f 936 1273 1371
f 936 1373 1273
f 936 1273 1443
f 936 1371 1354
f 936 1443 1354
f 936 1371 1373
f 936 1443 1371
f 936 1373 1443
f 937 938 1083
f 937 938 1336
f 937 1484 938
f 937 1485 938
f 937 1088 1083
f 937 1083 1336
f 937 1336 1171
f 937 1171 1484
f 937 1171 1485
f 937 1484 1336
f 937 1485 1361
f 937 1484 1485
f 938 1083 957
f 938 1223 957
f 938 1223 1083
f 938 1336 1083
f 938 1282 1223
f 938 1223 1336
f 938 1282 1336
f 938 1360 1282
f 938 1282 1484
f 938 1282 1485
f 938 1336 1484
f 938 1485 1360
f 938 1484 1485
f 939 1277 1157
f 939 1157 1416
f 939 1277 1163
f 939 1163 1392
f 939 1436 1163
f 939 1392 1277
f 939 1277 1416
f 940 1003 1013
f 940 1204 1003
f 940 1003 1290
f 940 1346 1003
f 940 1204 1013
f 940 1013 1346
f 940 1291 1053
f 940 1204 1346
f 940 1291 1290
f 941 1074 1087
f 941 1074 1176
f 941 1074 1344
f 941 1087 1176
f 941 1087 1358
f 941 1176 1358
f 942 943 1128
f 942 943 1349
f 942 1261 1128
f 942 1128 1268
f 942 1128 1331
f 942 1128 1349
f 942 1268 1261
f 942 1261 1331
f 942 1349 1331
f 943 1128 1310
f 943 1128 1349
f 943 1349 1310
f 943 1455 1310
f 943 1455 1349
f 944 977 1255
f 944 1005 1255
f 945 1358 1197
f 945 1197 1395
f 945 1429 1197
f 945 1197 1467
f 945 1358 1429
f 945 1395 1429
f 946 983 1116
f 946 1204 983
f 946 1325 983
f 946 983 1341
f 946 1116 1325
f 946 1341 1116
f 946 1341 1204
f 947 1071 983
f 947 983 1204
f 947 1341 983
f 947 1071 1341
f 947 1204 1341
f 949 965 1036
f 949 1099 965
f 949 1036 1099
f 949 1036 1117
f 949 1099 1117
f 950 1378 1121
f 950 1287 1288
f 950 1287 1329
f 950 1355 1287
f 950 1287 1378
f 950 1287 1440
f 950 1288 1355
f 950 1288 1378
f 950 1355 1329
f 950 1440 1329
f 950 1355 1440
f 950 1378 1441
f 950 1442 1440
f 950 1441 1442
f 951 953 1213
f 951 1235 953
f 951 1174 1213
f 952 954 997
f 952 1076 954
f 952 1299 954
f 952 1076 997
f 952 997 1148
f 952 1076 1026
f 952 1148 1076
f 953 1084 1175
f 953 1235 1084
f 953 1125 1213
f 953 1175 1235
f 954 997 1058
f 954 1076 997
f 954 1076 1058
f 954 1066 1254
f 954 1254 1251
f 954 1251 1299
f 954 1254 1299
f 955 1091 982
f 955 1119 982
f 956 1122 967
f 956 1231 967
f 956 1122 1031
f 956 1231 1031
f 956 1122 1231
f 957 1083 1223
f 957 1385 1083
f 957 1365 1323
f 957 1385 1323
f 957 1323 1390
f 957 1385 1365
f 957 1390 1385
f 958 1004 1055
f 958 1243 1055
f 958 1452 1055
f 958 1092 1216
f 958 1452 1216
f 958 1243 1452
f 959 1035 1133
f 959 1035 1403
f 960 1083 1223
f 960 1336 1083
f 960 1336 1223
f 961 1041 997
f 961 997 1076
f 961 997 1148
f 961 1269 997
f 961 1041 1011
f 961 1148 1011
f 961 1011 1269
f 961 1269 1041
f 961 1076 1148
f 961 1076 1269
f 961 1148 1269
f 962 1132 969
f 962 1097 1105
f 962 1105 1132
f 962 1105 1371
f 962 1132 1211
f 962 1371 1132
f 962 1371 1211
f 963 1118 1103
f 963 1103 1229
f 964 1101 1024
f 964 1024 1158
f 964 1165 1024
f 964 1024 1238
f 964 1101 1165
f 964 1101 1238
f 964 1209 1158
f 964 1158 1238
f 964 1209 1238
f 965 1036 998
f 965 1099 1036
f 966 1216 1021
f 966 1209 1339
f 967 1072 1073
f 967 1072 1262
f 967 1072 1466
f 967 1262 1073
f 967 1122 1231
f 967 1364 1122
f 967 1231 1364
f 967 1262 1289
f 967 1364 1262
f 967 1466 1262
f 968 969 1132
f 968 1068 1132
f 971 972 1046
f 971 972 1228
f 971 972 1315
f 971 1322 972
f 971 1350 972
f 971 1045 1046
f 971 1229 1045
f 971 1045 1322
f 971 1228 1046
f 971 1046 1229
f 971 1046 1322
f 971 1229 1228
f 971 1228 1350
f 971 1229 1350
f 972 1315 995
f 972 1046 1228
f 972 1322 1046
f 972 1228 1350
f 973 1117 1099
f 973 1099 1505
f 973 1117 1294
f 973 1505 1117
f 975 976 1011
f 978 1079 1080
f 978 1404 1079
f 978 1370 1389
f 978 1389 1404
f 979 1295 1100
f 979 1164 1295
f 979 1338 1164
f 979 1338 1295
f 980 992 1086
f 980 992 1192
f 980 1179 1086
f 980 1086 1192
f 980 1086 1351
f 980 1086 1446
f 980 1179 1168
f 980 1168 1351
f 980 1396 1168
f 980 1179 1351
f 980 1396 1179
f 980 1179 1446
f 980 1351 1192
f 980 1396 1446
f 981 993 1086
f 981 1086 1281
f 982 1047 1119
f 982 1047 1152
f 982 1047 1221
f 982 1156 1091
f 982 1091 1419
f 982 1152 1119
f 982 1220 1152
f 982 1152 1221
f 982 1156 1221
f 982 1156 1419
f 982 1435 1156
f 982 1220 1419
f 982 1220 1435
f 982 1220 1462
f 982 1221 1435
f 982 1435 1419
f 982 1419 1462
f 983 1341 1071
f 983 1434 1071
f 983 1183 1082
f 983 1082 1353
f 983 1116 1325
f 983 1341 1116
f 983 1434 1116
f 983 1183 1325
f 983 1183 1353
f 983 1341 1204
f 983 1341 1434
f 983 1353 1434
f 986 1200 1287
f 986 1355 1200
f 986 1287 1288
f 986 1355 1287
f 986 1288 1355
f 987 1379 1384
f 988 1004 1048
f 988 1048 1032
f 988 1136 1032
f 988 1048 1114
f 988 1048 1136
f 988 1048 1362
f 988 1362 1114
f 988 1407 1114
f 988 1362 1136
f 988 1136 1407
f 988 1407 1362
f 989 1263 1105
f 989 1105 1373
f 989 1418 1105
f 989 1263 1230
f 989 1263 1373
f 989 1418 1263
f 990 1183 991
f 990 1183 1067
f 990 1353 1067
f 990 1183 1353
f 991 1325 1183
f 992 1086 993
f 992 1192 1086
f 994 996 995
f 994 1289 995
f 994 1315 995
f 994 1174 996
f 994 1289 996
f 994 996 1343
f 994 1289 1343
f 995 996 1038
f 995 996 1289
f 995 1297 996
f 995 1289 1297
f 996 1070 1038
f 996 1174 1038
f 996 1038 1213
f 996 1069 1070
f 996 1213 1069
f 996 1233 1069
f 996 1070 1213
f 996 1173 1172
f 996 1172 1233
f 996 1289 1172
f 996 1172 1297
f 996 1172 1342
f 996 1297 1173
f 996 1181 1174
f 996 1174 1213
f 996 1181 1213
f 996 1233 1181
f 996 1213 1233
f 996 1233 1342
f 996 1289 1297
f 996 1289 1342
f 996 1289 1343
f 996 1343 1342
f 997 1041 1269
f 997 1076 1058
f 997 1058 1269
f 997 1076 1148
f 997 1076 1269
f 998 1051 1036
f 998 1036 1307
f 998 1307 1051
f 999 1200 1287
f 999 1287 1378
f 1000 1039 1449
f 1000 1344 1449
f 1000 1449 1444
f 1001 1381 1449
f 1001 1449 1445
f 1003 1013 1346
f 1003 1345 1204
f 1003 1204 1346
f 1003 1345 1212
f 1003 1212 1346
f 1003 1345 1346
f 1004 1055 1048
f 1004 1048 1369
f 1004 1369 1055
f 1004 1199 1369
f 1005 1255 1203
f 1005 1203 1280
f 1005 1458 1203
f 1005 1255 1280
f 1006 1007 1081
f 1006 1465 1007
f 1006 1465 1081
f 1007 1081 1465
f 1010 1112 1340
f 1010 1379 1112
f 1010 1379 1402
f 1011 1041 1269
f 1011 1148 1218
f 1011 1148 1269
f 1011 1148 1341
f 1011 1154 1218
f 1011 1269 1154
f 1011 1269 1218
f 1012 1048 1055
f 1012 1048 1324
f 1012 1377 1048
f 1012 1324 1055
f 1012 1452 1055
f 1012 1138 1324
f 1012 1324 1377
f 1013 1346 1204
f 1014 1197 1054
f 1014 1358 1197
f 1014 1205 1358
f 1015 1218 1016
f 1016 1154 1218
f 1017 1040 1145
f 1017 1264 1040
f 1017 1040 1293
f 1017 1145 1049
f 1017 1049 1264
f 1017 1264 1145
f 1017 1293 1145
f 1017 1145 1321
f 1017 1293 1321
f 1018 1251 1019
f 1018 1251 1131
f 1019 1140 1251
f 1020 1401 1414
f 1020 1472 1401
f 1020 1414 1472
f 1020 1472 1473
f 1021 1243 1216
f 1022 1136 1023
f 1022 1136 1032
f 1023 1153 1136
f 1023 1136 1352
f 1023 1352 1153
f 1024 1165 1101
f 1024 1101 1238
f 1024 1101 1367
f 1024 1102 1158
f 1024 1102 1238
f 1024 1158 1238
f 1024 1464 1256
f 1024 1464 1367
f 1025 1037 1155
f 1025 1390 1037
f 1025 1096 1296
f 1025 1390 1096
f 1025 1328 1155
f 1025 1155 1365
f 1025 1155 1390
f 1025 1365 1328
f 1025 1424 1328
f 1025 1390 1365
f 1025 1424 1410
f 1026 1027 1076
f 1027 1058 1076
f 1028 1413 1401
f 1028 1475 1401
f 1028 1413 1475
f 1029 1118 1103
f 1029 1283 1118
f 1029 1283 1242
f 1030 1044 1031
f 1030 1031 1231
f 1030 1031 1276
f 1030 1279 1031
f 1030 1044 1040
f 1030 1151 1040
f 1030 1151 1044
f 1030 1044 1276
f 1030 1231 1276
f 1030 1279 1231
f 1030 1279 1278
f 1031 1122 1044
f 1031 1225 1044
f 1031 1044 1276
f 1031 1122 1225
f 1031 1122 1231
f 1031 1276 1122
f 1031 1276 1231
f 1031 1279 1231
f 1032 1048 1136
f 1032 1048 1366
f 1032 1048 1377
f 1032 1366 1136
f 1032 1160 1366
f 1032 1377 1160
f 1032 1366 1377
f 1033 1136 1034
f 1033 1159 1034
f 1033 1362 1034
f 1033 1136 1159
f 1033 1362 1136
f 1033 1136 1407
f 1033 1407 1159
f 1033 1362 1407
f 1034 1153 1136
f 1034 1136 1159
f 1034 1352 1136
f 1034 1136 1362
f 1034 1159 1153
f 1034 1153 1352
f 1034 1362 1352
f 1035 1338 1133
f 1035 1164 1239
f 1035 1164 1245
f 1035 1164 1338
f 1035 1169 1170
f 1035 1245 1169
f 1035 1239 1170
f 1035 1170 1245
f 1035 1239 1245
f 1035 1239 1375
f 1035 1239 1403
f 1035 1338 1245
f 1035 1376 1375
f 1036 1051 1306
f 1036 1051 1307
f 1036 1117 1099
f 1036 1307 1306
f 1037 1088 1155
f 1037 1385 1088
f 1037 1088 1390
f 1037 1385 1155
f 1037 1155 1390
f 1037 1390 1385
f 1038 1213 1070
f 1038 1125 1213
f 1038 1174 1213
f 1040 1044 1151
f 1040 1264 1044
f 1040 1145 1151
f 1040 1145 1264
f 1040 1145 1293
f 1040 1264 1151
f 1040 1151 1293
f 1042 1133 1043
f 1042 1043 1275
f 1042 1043 1301
f 1042 1368 1043
f 1042 1043 1380
f 1042 1470 1043
f 1042 1301 1133
f 1042 1470 1133
f 1042 1244 1186
f 1042 1275 1186
f 1042 1186 1301
f 1042 1186 1380
f 1042 1215 1244
f 1042 1270 1215
f 1042 1215 1368
f 1042 1380 1215
f 1042 1380 1244
f 1042 1270 1368
f 1042 1470 1270
f 1042 1301 1275
f 1042 1380 1275
f 1042 1301 1470
f 1042 1368 1380
f 1042 1470 1368
f 1043 1193 1050
f 1043 1050 1368
f 1043 1050 1380
f 1043 1127 1193
f 1043 1127 1275
f 1043 1380 1127
f 1043 1133 1301
f 1043 1338 1133
f 1043 1470 1133
f 1043 1193 1380
f 1043 1275 1301
f 1043 1338 1275
f 1043 1275 1380
f 1043 1301 1338
f 1043 1380 1368
f 1043 1368 1470
f 1044 1106 1122
f 1044 1225 1106
f 1044 1276 1106
f 1044 1106 1397
f 1044 1122 1225
f 1044 1276 1122
f 1044 1264 1151
f 1044 1225 1264
f 1044 1264 1397
f 1045 1060 1046
f 1045 1189 1046
f 1045 1046 1229
f 1045 1046 1322
f 1045 1060 1061
f 1045 1060 1189
f 1045 1060 1296
f 1045 1060 1322
f 1045 1095 1061
f 1045 1296 1061
f 1045 1061 1322
f 1045 1296 1095
f 1045 1189 1296
f 1046 1060 1189
f 1046 1060 1322
f 1046 1103 1228
f 1046 1103 1229
f 1046 1229 1228
f 1047 1094 1152
f 1047 1119 1152
f 1047 1152 1221
f 1048 1324 1055
f 1048 1369 1055
f 1048 1114 1362
f 1048 1362 1136
f 1048 1136 1366
f 1048 1324 1257
f 1048 1369 1257
f 1048 1257 1400
f 1048 1324 1369
f 1048 1377 1324
f 1048 1400 1324
f 1048 1366 1362
f 1048 1362 1400
f 1048 1377 1366
f 1048 1366 1400
f 1048 1369 1400
f 1049 1264 1145
f 1049 1264 1225
f 1050 1193 1318
f 1050 1380 1193
f 1050 1308 1234
f 1050 1234 1318
f 1050 1368 1234
f 1050 1308 1368
f 1050 1368 1318
f 1050 1318 1380
f 1050 1368 1380
f 1051 1307 1306
f 1051 1306 1423
f 1051 1423 1307
f 1051 1423 1314
f 1052 1065 1085
f 1052 1179 1065
f 1052 1351 1065
f 1052 1085 1179
f 1052 1206 1179
f 1052 1179 1351
f 1052 1351 1206
f 1053 1291 1335
f 1054 1162 1089
f 1054 1089 1197
f 1054 1089 1271
f 1054 1111 1162
f 1054 1111 1197
f 1054 1197 1162
f 1054 1271 1197
f 1055 1243 1064
f 1055 1452 1064
f 1055 1257 1139
f 1055 1139 1324
f 1055 1243 1452
f 1055 1257 1324
f 1055 1369 1257
f 1055 1324 1369
f 1056 1118 1057
f 1056 1283 1057
f 1056 1118 1283
f 1057 1118 1283
f 1058 1076 1154
f 1058 1269 1076
f 1058 1154 1269
f 1059 1412 1408
f 1059 1408 1422
f 1059 1412 1422
f 1060 1296 1061
f 1060 1304 1061
f 1060 1322 1061
f 1060 1061 1411
f 1060 1096 1189
f 1060 1296 1096
f 1060 1189 1296
f 1060 1278 1304
f 1060 1278 1410
f 1060 1410 1304
f 1060 1411 1304
f 1060 1411 1410
f 1061 1296 1095
f 1061 1304 1322
f 1061 1411 1304
f 1062 1063 1075
f 1062 1075 1387
f 1062 1398 1075
f 1062 1387 1398
f 1064 1452 1243
f 1065 1134 1085
f 1065 1179 1085
f 1065 1085 1446
f 1065 1281 1134
f 1065 1446 1134
f 1065 1281 1179
f 1065 1179 1351
f 1065 1179 1446
f 1065 1281 1351
f 1065 1281 1446
f 1066 1147 1254
f 1066 1147 1286
f 1066 1286 1254
f 1066 1254 1299
f 1066 1286 1299
f 1067 1082 1183
f 1067 1353 1082
f 1067 1183 1353
f 1068 1132 1078
f 1068 1078 1443
f 1068 1354 1132
f 1068 1443 1132
f 1068 1354 1274
f 1068 1443 1354
f 1069 1213 1070
f 1069 1233 1213
f 1071 1341 1434
f 1072 1073 1262
f 1072 1289 1073
f 1072 1262 1135
f 1072 1135 1289
f 1072 1466 1135
f 1072 1289 1262
f 1072 1466 1262
f 1073 1262 1289
f 1074 1176 1087
f 1074 1178 1087
f 1074 1381 1087
f 1074 1178 1176
f 1075 1356 1363
f 1075 1356 1398
f 1075 1363 1398
f 1075 1398 1387
f 1076 1148 1218
f 1076 1269 1148
f 1076 1218 1154
f 1076 1154 1269
f 1076 1218 1269
f 1077 1443 1078
f 1077 1273 1373
f 1077 1443 1273
f 1077 1373 1443
f 1078 1132 1443
f 1081 1465 1382
f 1082 1353 1183
f 1083 1088 1385
f 1083 1223 1336
f 1084 1175 1190
f 1084 1235 1175
f 1084 1439 1175
f 1084 1235 1190
f 1084 1439 1190
f 1085 1134 1124
f 1085 1447 1124
f 1085 1446 1134
f 1085 1447 1134
f 1085 1446 1179
f 1085 1447 1446
f 1086 1134 1281
f 1086 1134 1446
f 1086 1281 1179
f 1086 1179 1351
f 1086 1179 1446
f 1086 1192 1351
f 1086 1281 1351
f 1086 1446 1281
f 1087 1178 1176
f 1087 1176 1358
f 1087 1176 1429
f 1087 1178 1177
f 1087 1429 1177
f 1087 1178 1429
f 1087 1358 1429
f 1088 1155 1385
f 1088 1385 1390
f 1089 1110 1109
f 1089 1126 1109
f 1089 1109 1326
f 1089 1402 1109
f 1089 1463 1109
f 1089 1126 1110
f 1089 1111 1162
f 1089 1197 1111
f 1089 1111 1467
f 1089 1126 1162
f 1089 1402 1126
f 1089 1162 1197
f 1089 1384 1162
f 1089 1197 1271
f 1089 1197 1272
f 1089 1463 1197
f 1089 1197 1467
f 1089 1271 1272
f 1089 1272 1463
f 1089 1326 1327
f 1089 1384 1326
f 1089 1326 1402
f 1089 1326 1463
f 1089 1384 1327
f 1089 1402 1384
f 1089 1463 1467
f 1090 1490 1112
f 1091 1419 1156
f 1093 1094 1152
f 1095 1296 1096
f 1095 1390 1096
f 1096 1296 1189
f 1097 1214 1104
f 1097 1104 1386
f 1097 1214 1105
f 1097 1105 1263
f 1097 1263 1214
f 1097 1386 1214
f 1097 1263 1386
f 1098 1100 1144
f 1098 1236 1100
f 1099 1117 1505
f 1100 1236 1295
f 1101 1238 1201
f 1102 1158 1238
f 1102 1158 1339
f 1102 1238 1339
f 1103 1228 1229
f 1104 1214 1210
f 1104 1210 1386
f 1104 1399 1210
f 1104 1425 1210
f 1104 1210 1427
f 1104 1214 1386
f 1104 1425 1214
f 1104 1427 1386
f 1104 1425 1399
f 1104 1399 1427
f 1105 1123 1214
f 1105 1123 1418
f 1105 1371 1132
f 1105 1132 1443
f 1105 1214 1263
f 1105 1418 1214
f 1105 1263 1371
f 1105 1263 1373
f 1105 1418 1263
f 1105 1373 1371
f 1105 1443 1371
f 1105 1373 1443
f 1106 1122 1225
f 1106 1122 1276
f 1107 1137 1115
f 1107 1115 1374
f 1108 1246 1203
f 1108 1203 1458
f 1108 1354 1211
f 1108 1371 1211
f 1108 1450 1211
f 1108 1248 1246
f 1108 1274 1246
f 1108 1451 1246
f 1108 1247 1248
f 1108 1273 1247
f 1108 1354 1247
f 1108 1274 1248
f 1108 1248 1354
f 1108 1354 1273
f 1108 1273 1371
f 1108 1354 1274
f 1108 1274 1451
f 1108 1354 1371
f 1108 1451 1450
f 1109 1126 1110
f 1109 1126 1402
f 1109 1326 1402
f 1109 1463 1326
f 1111 1162 1197
f 1111 1467 1197
f 1111 1430 1467
f 1112 1489 1340
f 1112 1489 1490
f 1113 1362 1114
f 1113 1352 1362
f 1113 1352 1400
f 1113 1362 1400
f 1114 1362 1407
f 1116 1341 1434
f 1120 1245 1164
f 1120 1295 1164
f 1120 1338 1164
f 1120 1245 1295
f 1120 1338 1245
f 1120 1295 1338
f 1120 1338 1301
f 1122 1364 1231
f 1123 1253 1214
f 1123 1418 1214
f 1124 1447 1134
f 1124 1134 1461
f 1124 1461 1447
f 1127 1130 1150
f 1127 1275 1130
f 1127 1130 1380
f 1127 1150 1193
f 1127 1150 1380
f 1127 1193 1380
f 1127 1380 1275
f 1128 1261 1260
f 1128 1260 1421
f 1128 1260 1427
f 1128 1268 1261
f 1128 1261 1331
f 1128 1261 1421
f 1128 1268 1393
f 1128 1416 1268
f 1128 1349 1310
f 1128 1310 1427
f 1128 1331 1349
f 1128 1331 1421
f 1128 1349 1421
f 1128 1427 1349
f 1128 1416 1393
f 1128 1393 1427
f 1128 1427 1416
f 1128 1427 1421
f 1129 1141 1313
f 1129 1313 1175
f 1130 1150 1206
f 1130 1250 1150
f 1130 1265 1150
f 1130 1150 1380
f 1130 1250 1168
f 1130 1351 1168
f 1130 1265 1186
f 1130 1186 1275
f 1130 1380 1186
f 1130 1250 1206
f 1130 1351 1206
f 1130 1250 1265
f 1130 1351 1250
f 1130 1380 1265
f 1130 1380 1275
f 1131 1146 1232
f 1131 1254 1146
f 1131 1232 1251
f 1131 1254 1232
f 1131 1254 1251
f 1132 1211 1354
f 1132 1211 1371
f 1132 1371 1354
f 1132 1443 1354
f 1132 1371 1443
f 1133 1301 1338
f 1133 1470 1301
f 1134 1446 1281
f 1134 1447 1446
f 1134 1461 1447
f 1135 1262 1166
f 1135 1466 1166
f 1135 1289 1172
f 1135 1172 1342
f 1135 1262 1289
f 1135 1262 1466
f 1135 1289 1342
f 1136 1153 1159
f 1136 1153 1352
f 1136 1159 1407
f 1136 1352 1362
f 1136 1366 1352
f 1136 1366 1362
f 1136 1407 1362
f 1137 1490 1489
f 1137 1499 1494
f 1137 1494 1503
f 1137 1503 1499
f 1138 1139 1324
f 1139 1257 1324
f 1140 1251 1232
f 1140 1286 1232
f 1140 1251 1286
f 1140 1251 1299
f 1140 1286 1299
f 1141 1313 1142
f 1142 1249 1313
f 1142 1439 1249
f 1142 1313 1439
f 1145 1149 1151
f 1145 1149 1264
f 1145 1151 1264
f 1145 1151 1293
f 1145 1293 1321
f 1145 1293 1330
f 1145 1330 1321
f 1146 1254 1147
f 1146 1147 1286
f 1146 1232 1254
f 1146 1286 1232
f 1146 1286 1254
f 1147 1286 1254
f 1148 1269 1218
f 1149 1264 1151
f 1149 1264 1397
f 1150 1380 1193
f 1150 1206 1250
f 1150 1265 1250
f 1150 1380 1265
f 1154 1218 1269
f 1155 1328 1365
f 1155 1422 1328
f 1155 1365 1385
f 1155 1365 1390
f 1155 1385 1390
f 1156 1419 1200
f 1156 1221 1435
f 1156 1419 1435
f 1157 1393 1277
f 1157 1277 1416
f 1157 1393 1285
f 1157 1416 1393
f 1157 1393 1427
f 1157 1427 1416
f 1158 1238 1209
f 1158 1209 1339
f 1158 1339 1238
f 1160 1366 1161
f 1160 1366 1377
f 1161 1352 1366
f 1161 1400 1352
f 1161 1400 1366
f 1163 1195 1194
f 1163 1277 1194
f 1163 1305 1194
f 1163 1195 1277
f 1163 1305 1277
f 1163 1277 1391
f 1163 1392 1277
f 1163 1305 1316
f 1163 1391 1305
f 1163 1436 1316
f 1163 1391 1392
f 1164 1236 1239
f 1164 1236 1295
f 1164 1245 1239
f 1164 1295 1245
f 1164 1338 1245
f 1164 1295 1338
f 1165 1227 1226
f 1166 1167 1262
f 1166 1466 1262
f 1168 1250 1179
f 1168 1179 1351
f 1168 1396 1179
f 1168 1250 1351
f 1168 1396 1250
f 1169 1170 1245
f 1170 1239 1245
f 1171 1484 1336
f 1171 1460 1484
f 1171 1485 1484
f 1172 1173 1297
f 1172 1233 1342
f 1172 1297 1289
f 1172 1289 1342
f 1174 1213 1181
f 1175 1190 1191
f 1175 1235 1190
f 1175 1439 1190
f 1175 1235 1191
f 1175 1258 1259
f 1175 1313 1258
f 1175 1313 1259
f 1175 1259 1439
f 1175 1439 1313
f 1176 1429 1178
f 1176 1358 1205
f 1176 1358 1429
f 1176 1429 1394
f 1177 1429 1178
f 1179 1206 1250
f 1179 1351 1206
f 1179 1351 1250
f 1179 1396 1250
f 1179 1351 1281
f 1179 1446 1281
f 1179 1446 1396
f 1180 1477 1476
f 1181 1182 1213
f 1181 1233 1182
f 1181 1213 1233
f 1182 1233 1213
f 1184 1347 1351
f 1185 1208 1347
f 1186 1380 1244
f 1186 1380 1265
f 1186 1275 1301
f 1186 1380 1275
f 1188 1348 1448
f 1190 1191 1235
f 1193 1318 1380
f 1193 1380 1320
f 1194 1195 1277
f 1194 1305 1277
f 1194 1391 1277
f 1194 1305 1391
f 1196 1372 1415
f 1196 1464 1372
f 1196 1464 1415
f 1197 1271 1272
f 1197 1272 1463
f 1197 1467 1272
f 1197 1358 1429
f 1197 1395 1394
f 1197 1429 1394
f 1197 1395 1429
f 1197 1467 1463
f 1198 1369 1199
f 1198 1257 1369
f 1200 1329 1287
f 1200 1287 1355
f 1200 1355 1329
f 1200 1419 1355
f 1201 1339 1238
f 1202 1303 1337
f 1202 1347 1303
f 1202 1337 1317
f 1202 1337 1347
f 1203 1255 1280
f 1203 1280 1458
f 1204 1346 1345
f 1206 1351 1250
f 1207 1208 1347
f 1209 1238 1339
f 1210 1214 1253
f 1210 1214 1386
f 1210 1417 1214
f 1210 1425 1214
f 1210 1331 1253
f 1210 1253 1417
f 1210 1349 1331
f 1210 1331 1417
f 1210 1331 1421
f 1210 1349 1386
f 1210 1388 1349
f 1210 1417 1349
f 1210 1349 1421
f 1210 1349 1427
f 1210 1386 1388
f 1210 1386 1417
f 1210 1386 1427
f 1210 1417 1388
f 1210 1421 1399
f 1210 1399 1425
f 1210 1427 1399
f 1210 1421 1425
f 1210 1427 1421
f 1211 1371 1354
f 1212 1345 1346
f 1214 1253 1417
f 1214 1263 1386
f 1214 1418 1263
f 1214 1417 1386
f 1214 1386 1418
f 1214 1418 1417
f 1215 1219 1234
f 1215 1270 1219
f 1215 1219 1368
f 1215 1318 1234
f 1215 1234 1368
f 1215 1405 1234
f 1215 1318 1244
f 1215 1380 1244
f 1215 1270 1368
f 1215 1368 1318
f 1215 1380 1318
f 1215 1318 1405
f 1215 1380 1368
f 1217 1252 1330
f 1219 1368 1234
f 1219 1409 1234
f 1219 1240 1409
f 1219 1270 1368
f 1220 1435 1419
f 1220 1462 1419
f 1222 1267 1277
f 1222 1416 1267
f 1222 1416 1277
f 1223 1282 1336
f 1226 1230 1227
f 1226 1483 1227
f 1226 1483 1482
f 1228 1229 1294
f 1228 1229 1350
f 1228 1294 1350
f 1229 1294 1350
f 1232 1251 1254
f 1232 1286 1251
f 1232 1254 1286
f 1234 1309 1308
f 1234 1368 1308
f 1234 1409 1309
f 1234 1318 1368
f 1234 1405 1318
f 1234 1406 1318
f 1234 1405 1406
f 1240 1241 1409
f 1241 1309 1409
f 1244 1380 1318
f 1246 1248 1274
f 1246 1274 1451
f 1247 1354 1248
f 1247 1354 1273
f 1248 1354 1274
f 1249 1259 1313
f 1249 1439 1259
f 1249 1439 1313
f 1251 1254 1286
f 1251 1299 1254
f 1251 1286 1299
f 1253 1417 1331
f 1254 1299 1286
f 1256 1415 1372
f 1256 1464 1415
f 1257 1369 1324
f 1257 1400 1324
f 1257 1369 1400
f 1258 1259 1313
f 1259 1313 1439
f 1260 1421 1261
f 1260 1399 1421
f 1260 1399 1427
f 1260 1421 1427
f 1261 1421 1331
f 1262 1289 1297
f 1263 1373 1371
f 1263 1386 1418
f 1266 1267 1277
f 1266 1267 1416
f 1266 1277 1268
f 1266 1416 1268
f 1266 1277 1416
f 1267 1277 1416
f 1268 1277 1284
f 1268 1277 1393
f 1268 1277 1416
f 1268 1393 1284
f 1268 1416 1393
f 1270 1470 1368
f 1272 1467 1463
f 1273 1354 1371
f 1273 1354 1443
f 1273 1443 1373
f 1275 1338 1301
f 1277 1284 1393
f 1277 1305 1391
f 1277 1392 1391
f 1277 1393 1416
f 1278 1279 1304
f 1278 1279 1411
f 1278 1304 1410
f 1278 1411 1304
f 1278 1410 1411
f 1279 1304 1411
f 1282 1334 1336
f 1282 1359 1334
f 1282 1334 1484
f 1282 1336 1484
f 1282 1360 1359
f 1282 1484 1359
f 1282 1485 1359
f 1282 1485 1360
f 1282 1485 1484
f 1284 1393 1285
f 1286 1426 1299
f 1287 1288 1355
f 1287 1329 1355
f 1287 1440 1329
f 1289 1343 1342
f 1293 1321 1330
f 1299 1480 1426
f 1299 1473 1480
f 1300 1386 1427
f 1300 1416 1427
f 1300 1456 1457
f 1302 1303 1337
f 1302 1347 1303
f 1302 1347 1337
f 1303 1347 1337
f 1304 1411 1410
f 1306 1423 1307
f 1310 1386 1349
f 1310 1349 1388
f 1310 1349 1427
f 1310 1349 1455
f 1310 1388 1386
f 1310 1386 1427
f 1310 1455 1388
f 1318 1320 1380
f 1318 1320 1406
f 1318 1368 1380
f 1318 1405 1406
f 1319 1412 1357
f 1319 1357 1428
f 1319 1412 1428
f 1323 1385 1365
f 1323 1365 1390
f 1323 1390 1385
f 1326 1384 1327
f 1326 1384 1402
f 1328 1332 1333
f 1328 1332 1357
f 1328 1408 1332
f 1328 1332 1412
f 1328 1424 1332
f 1328 1357 1333
f 1328 1424 1333
f 1328 1412 1357
f 1328 1357 1424
f 1328 1357 1428
f 1328 1365 1428
f 1328 1408 1412
f 1328 1408 1422
f 1328 1422 1412
f 1328 1428 1412
f 1328 1422 1428
f 1329 1355 1440
f 1331 1349 1417
f 1331 1349 1421
f 1332 1333 1357
f 1332 1412 1333
f 1332 1424 1333
f 1332 1453 1333
f 1332 1357 1412
f 1332 1412 1408
f 1333 1412 1357
f 1333 1424 1357
f 1334 1433 1336
f 1334 1336 1474
f 1334 1336 1484
f 1334 1359 1484
f 1334 1474 1433
f 1334 1474 1484
f 1335 1370 1389
f 1336 1433 1474
f 1336 1484 1474
f 1340 1468 1489
f 1344 1381 1449
f 1349 1388 1386
f 1349 1386 1427
f 1349 1388 1417
f 1349 1455 1388
f 1349 1417 1455
f 1349 1421 1427
f 1352 1362 1366
f 1352 1400 1362
f 1352 1400 1366
f 1353 1434 1432
f 1354 1371 1443
f 1356 1363 1398
f 1356 1426 1420
f 1356 1471 1420
f 1356 1420 1480
f 1356 1426 1480
f 1357 1412 1428
f 1359 1485 1360
f 1359 1484 1485
f 1360 1438 1361
f 1360 1485 1361
f 1361 1437 1438
f 1361 1437 1491
f 1361 1438 1491
f 1362 1366 1400
f 1365 1390 1385
f 1371 1373 1443
f 1372 1464 1415
f 1386 1388 1417
f 1388 1417 1418
f 1388 1417 1455
f 1393 1427 1416
f 1394 1429 1395
f 1399 1421 1425
f 1399 1421 1427
f 1401 1413 1414
f 1401 1413 1472
f 1401 1413 1475
f 1401 1472 1414
f 1401 1459 1472
f 1401 1472 1475
f 1408 1412 1422
f 1410 1424 1411
f 1412 1422 1428
f 1413 1472 1414
f 1413 1475 1472
f 1419 1453 1462
f 1420 1480 1426
f 1420 1454 1459
f 1420 1480 1454
f 1420 1471 1459
f 1420 1480 1459
f 1430 1467 1431
f 1431 1467 1463
f 1436 1456 1457
f 1436 1486 1456
f 1436 1457 1486
f 1437 1476 1438
f 1437 1478 1438
f 1437 1438 1491
f 1437 1477 1476
f 1437 1476 1478
f 1437 1476 1486
f 1437 1491 1476
f 1437 1486 1477
f 1437 1477 1491
f 1437 1478 1479
f 1437 1478 1486
f 1437 1479 1486
f 1438 1476 1478
f 1438 1476 1491
f 1444 1449 1445
f 1454 1459 1480
f 1456 1478 1457
f 1456 1457 1479
f 1456 1482 1457
f 1456 1457 1486
f 1456 1478 1476
f 1456 1476 1486
f 1456 1478 1479
f 1456 1481 1478
f 1456 1478 1482
f 1456 1478 1486
f 1456 1482 1479
f 1456 1482 1481
f 1457 1478 1479
f 1457 1478 1486
f 1457 1479 1482
f 1457 1486 1479
f 1459 1472 1480
f 1460 1474 1484
f 1472 1480 1473
f 1476 1477 1486
f 1476 1477 1491
f 1476 1478 1486
f 1478 1481 1479
f 1478 1479 1482
f 1478 1479 1486
f 1478 1488 1479
f 1478 1497 1479
f 1478 1481 1482
f 1478 1481 1488
f 1478 1488 1497
f 1479 1481 1482
f 1479 1481 1488
f 1479 1488 1482
f 1479 1498 1482
f 1479 1488 1487
f 1479 1487 1497
f 1479 1487 1498
f 1479 1497 1488
f 1479 1488 1498
f 1481 1483 1482
f 1481 1488 1482
f 1481 1482 1498
f 1481 1488 1498
f 1482 1498 1488
f 1487 1488 1497
f 1487 1488 1498
f 1487 1488 1502
f 1487 1488 1504
f 1487 1493 1498
f 1487 1500 1493
f 1487 1493 1504
f 1487 1495 1497
f 1487 1495 1500
f 1487 1500 1497
f 1487 1497 1502
f 1487 1504 1498
f 1487 1500 1502
f 1487 1504 1500
f 1487 1502 1504
f 1488 1498 1492
f 1488 1492 1502
f 1488 1504 1492
f 1488 1502 1497
f 1488 1498 1504
f 1488 1502 1504
f 1492 1498 1493
f 1492 1504 1493
f 1492 1498 1504
f 1492 1499 1502
f 1492 1499 1504
f 1492 1502 1504
f 1493 1500 1494
f 1493 1494 1504
f 1493 1504 1498
f 1493 1504 1500
f 1494 1499 1495
f 1494 1500 1495
f 1494 1499 1500
f 1494 1503 1499
f 1494 1504 1499
f 1494 1500 1504
f 1494 1503 1504
f 1495 1497 1496
f 1495 1499 1496
f 1495 1500 1496
f 1495 1497 1500
f 1495 1500 1499
f 1496 1497 1500
f 1496 1497 1502
f 1496 1499 1500
f 1496 1502 1499
f 1496 1504 1499
f 1496 1502 1500
f 1496 1500 1504
f 1496 1504 1502
f 1497 1502 1500
f 1499 1504 1500
f 1499 1504 1502
f 1499 1504 1503
f 1500 1502 1504
