# https://github.com/mikedh/trimesh
v -0.00060046 0.00025793 -0.15051258
v -0.00060065 0.00363111 -0.15045500
v -0.00424606 0.00324734 -0.15041426
v -0.03973800 0.01300670 -0.13566583
v -0.04036871 0.01300500 -0.13512990
v -0.04059608 0.00989699 -0.13542508
v -0.04771785 0.01300127 -0.12764432
v -0.04911578 0.01300544 -0.12590583
v -0.04886998 0.00987427 -0.12675029
v -0.05271830 0.00086286 -0.12213441
v -0.05271861 0.00002132 -0.12214162
v -0.05200338 0.00002162 -0.12317534
v -0.05285393 0.00912245 -0.12137038
v -0.05127463 0.00985539 -0.12355961
v -0.05293148 0.01120226 -0.12090731
v -0.05103264 0.01301483 -0.12331612
v -0.05302150 0.01303070 -0.12034937
v -0.05026324 0.01301050 -0.12438592
v -0.04690500 0.01299972 -0.12860227
v -0.04628988 0.00988602 -0.12980518
v -0.04605934 0.01299874 -0.12956032
v -0.04460846 0.01299839 -0.13111845
v -0.04353096 0.00989285 -0.13270333
v -0.04330280 0.01299935 -0.13243501
v -0.04222230 0.01300093 -0.13346788
v -0.03423163 0.00990319 -0.14027111
v -0.03556626 0.01301944 -0.13887316
v -0.03749276 0.00990020 -0.13795270
v -0.03715009 0.01301457 -0.13772102
v -0.03889314 0.01300915 -0.13636157
v -0.02910680 0.01302950 -0.14284830
v -0.03062473 0.01302847 -0.14201136
v -0.03082488 0.00990512 -0.14236857
v -0.03167467 0.01302733 -0.14139891
v -0.03445890 0.01302247 -0.13963458
v -0.02840416 0.01302973 -0.14321686
v -0.02728529 0.00990449 -0.14423470
v -0.02710240 0.01302988 -0.14386900
v -0.02362777 0.00990258 -0.14585489
v -0.02461853 0.01302979 -0.14500625
v -0.02633968 0.01302988 -0.14423294
v -0.01986922 0.00990000 -0.14721772
v -0.02033010 0.01303024 -0.14665546
v -0.02335394 0.01302977 -0.14553304
v -0.01591060 0.01303207 -0.14796363
v -0.01675197 0.01303169 -0.14774399
v -0.01602753 0.00989595 -0.14831652
v -0.01727405 0.01303144 -0.14760084
v -0.01972909 0.01303042 -0.14685610
v -0.01212062 0.00988853 -0.14914881
v -0.01270073 0.01303210 -0.14867932
v -0.01414664 0.01303235 -0.14838064
v -0.00817304 0.01303000 -0.14937146
v -0.01115176 0.01303151 -0.14895706
v -0.01202613 0.01303187 -0.14880559
v -0.00816552 0.00987506 -0.14971580
v -0.00417742 0.00985241 -0.15002190
v -0.00516386 0.01302896 -0.14963485
v -0.00212890 0.01303002 -0.14974712
v -0.00060077 0.01007995 -0.15005818
v -0.00060077 0.01303213 -0.14974673
v -0.00060044 0.00002132 -0.15051281
v -0.00370575 0.00002213 -0.15048222
v -0.00678382 0.00002291 -0.15030397
v -0.00825750 0.00325424 -0.15011555
v -0.00826779 0.00002327 -0.15016371
v -0.01001669 0.00002368 -0.14995195
v -0.01223640 0.00325795 -0.14955765
v -0.01224944 0.00002416 -0.14960676
v -0.01319377 0.00002435 -0.14943489
v -0.01616848 0.00325945 -0.14873555
v -0.01630438 0.00002487 -0.14875613
v -0.01934095 0.00002523 -0.14791937
v -0.02003591 0.00325971 -0.14764573
v -0.02005469 0.00002530 -0.14769655
v -0.02229885 0.00002543 -0.14692824
v -0.02381909 0.00325944 -0.14628756
v -0.02384070 0.00002546 -0.14633873
v -0.02517665 0.00002546 -0.14578567
v -0.02749833 0.00325899 -0.14466469
v -0.02797623 0.00002534 -0.14449340
v -0.03105568 0.00325819 -0.14278658
v -0.03070293 0.00002514 -0.14305122
v -0.03336553 0.00002490 -0.14145570
v -0.03447537 0.00325653 -0.14066748
v -0.03450252 0.00002479 -0.14071368
v -0.03595556 0.00002465 -0.13970882
v -0.03774123 0.00325453 -0.13831879
v -0.03776836 0.00002447 -0.13836095
v -0.03844884 0.00002440 -0.13782662
v -0.04084169 0.00325252 -0.13575582
v -0.04086120 0.00002413 -0.13579968
v -0.04377067 0.00325029 -0.13299872
v -0.04320487 0.00002381 -0.13361804
v -0.04548823 0.00002344 -0.13127218
v -0.04652659 0.00324729 -0.13006991
v -0.04655144 0.00002323 -0.13009983
v -0.04771607 0.00002297 -0.12875350
v -0.04911129 0.00324281 -0.12699172
v -0.04913637 0.00002259 -0.12701866
v -0.04988920 0.00002237 -0.12605542
v -0.05152905 0.00323620 -0.12378390
v -0.05274032 0.00384433 -0.12201577
v -0.05278898 0.00669065 -0.12174602
v -0.05144036 0.00655029 -0.12370475
v -0.04902709 0.00656296 -0.12690566
v -0.04644381 0.00657094 -0.12997505
v -0.04368633 0.00657578 -0.13289241
v -0.04075446 0.00657897 -0.13563615
v -0.03765202 0.00658167 -0.13818544
v -0.03438693 0.00658430 -0.14052211
v -0.03097127 0.00658618 -0.14263250
v -0.02742015 0.00658630 -0.14450593
v -0.02374870 0.00658555 -0.14612766
v -0.01997433 0.00658431 -0.14748725
v -0.01611607 0.00658192 -0.14857994
v -0.01219304 0.00657702 -0.14940533
v -0.00822289 0.00656774 -0.14996631
v -0.00422027 0.00655202 -0.15026784
v -0.00060074 0.00685848 -0.15030412
v -0.05543465 0.04202472 -0.07976482
v -0.05567250 0.04152261 -0.07956637
v -0.05528223 0.04352634 -0.07817424
v -0.05377188 0.04954841 -0.07412791
v -0.05244126 0.05139229 -0.07474222
v -0.05432435 0.04754343 -0.07546182
v -0.05271392 0.05001716 -0.07636422
v -0.05456547 0.04379169 -0.08046086
v -0.05391534 0.04709687 -0.07740422
v -0.05438690 0.04414409 -0.08059932
v -0.05314523 0.04653013 -0.08153480
v -0.05296971 0.04868253 -0.07800814
v -0.05221244 0.04826905 -0.08221489
v -0.05198878 0.05028910 -0.07861851
v -0.05174699 0.04910001 -0.08253935
v -0.05100777 0.05337833 -0.07540391
v -0.05098836 0.05288257 -0.07668728
v -0.05096617 0.05191240 -0.07923411
v -0.05483033 0.04553467 -0.07680833
v -0.05093665 0.05046009 -0.08306962
v -0.04999637 0.03187612 -0.11472145
v -0.05023404 0.03151792 -0.11458424
v -0.05094134 0.03301589 -0.11092913
v -0.05399327 0.04269356 -0.08470710
v -0.05628023 0.03729206 -0.08304753
v -0.05606437 0.03905949 -0.08141174
v -0.05551042 0.03921109 -0.08360889
v -0.05640408 0.03345266 -0.08955336
v -0.05644289 0.03426465 -0.08762442
v -0.05514006 0.03766430 -0.08802401
v -0.05643797 0.03504388 -0.08610426
v -0.05641092 0.03568792 -0.08505431
v -0.05638714 0.03607212 -0.08450233
v -0.05629787 0.03711885 -0.08323266
v -0.05457584 0.02602809 -0.11051749
v -0.05477067 0.02664067 -0.10895849
v -0.05286457 0.02971286 -0.10992741
v -0.05515943 0.02784378 -0.10566598
v -0.05345308 0.03135009 -0.10559088
v -0.05563714 0.02941924 -0.10113247
v -0.05398309 0.03297164 -0.10123409
v -0.05586827 0.03032799 -0.09851332
v -0.05444115 0.03456615 -0.09685261
v -0.05607243 0.03126391 -0.09581030
v -0.05634168 0.03286676 -0.09116372
v -0.05078455 0.03068729 -0.11426581
v -0.05231984 0.02837460 -0.11337804
v -0.05275908 0.02771343 -0.11312385
v -0.05397579 0.02588297 -0.11241912
v -0.05435716 0.02531215 -0.11219932
v -0.04880862 0.03366498 -0.11540581
v -0.04906687 0.03634316 -0.11195219
v -0.04814655 0.03466260 -0.11578712
v -0.04610913 0.03773300 -0.11695974
v -0.04683430 0.03664033 -0.11654261
v -0.04683639 0.03848678 -0.11492615
v -0.04800392 0.03487756 -0.11586926
v -0.04841920 0.04068629 -0.10896215
v -0.04775469 0.03963864 -0.11180440
v -0.04746887 0.03925021 -0.11285823
v -0.04699881 0.03867185 -0.11442544
v -0.05163775 0.03470192 -0.10663877
v -0.05224898 0.03635857 -0.10230722
v -0.04900313 0.04183637 -0.10586159
v -0.05113253 0.04141396 -0.09904093
v -0.04955319 0.04320891 -0.10220760
v -0.05160800 0.04301807 -0.09463906
v -0.05003308 0.04476415 -0.09811082
v -0.05117020 0.04629312 -0.09074867
v -0.05060190 0.04741754 -0.09110108
v -0.05045180 0.04657234 -0.09333640
v -0.05076230 0.04855407 -0.08809603
v -0.05200800 0.04458682 -0.09021267
v -0.05278126 0.03798653 -0.09794111
v -0.05322704 0.03957866 -0.09354348
v -0.05361220 0.04114158 -0.08912618
v -0.05586491 0.02571417 -0.10500365
v -0.05587049 0.02498456 -0.10521390
v -0.05650528 0.02511415 -0.09951272
v -0.05355711 0.00193354 -0.12169811
v -0.05355515 0.00002132 -0.12170684
v -0.05400617 0.00002130 -0.11931572
v -0.05215838 0.00252121 -0.03209224
v -0.05214324 0.00696274 -0.03209040
v -0.05345763 0.00936193 -0.03707265
v -0.05330662 0.00002101 -0.03633524
v -0.05215418 0.00002132 -0.03209257
v -0.05215725 0.00126376 -0.03209238
v -0.05434005 0.00002046 -0.04074967
v -0.05470327 0.00946411 -0.04264701
v -0.05473796 0.00002023 -0.04264581
v -0.05528875 0.00001993 -0.04549739
v -0.05573484 0.00955321 -0.04826335
v -0.05577098 0.00001972 -0.04826187
v -0.05356244 0.00373319 -0.12167001
v -0.05448367 0.00964734 -0.11657177
v -0.05359337 0.00718953 -0.12149467
v -0.05359747 0.00746203 -0.12147111
v -0.05613412 0.00001963 -0.05055468
v -0.05657047 0.00963018 -0.05390850
v -0.05685076 0.00001968 -0.05584471
v -0.05722098 0.00969547 -0.05957467
v -0.05742088 0.00002006 -0.06130782
v -0.05769153 0.00974922 -0.06525603
v -0.05782944 0.00002063 -0.06687309
v -0.05798348 0.00979132 -0.07094835
v -0.05806700 0.00002116 -0.07248014
v -0.05809474 0.00982150 -0.07664833
v -0.05812805 0.00002131 -0.07815859
v -0.05802627 0.00983933 -0.08235327
v -0.05801234 0.00002121 -0.08384474
v -0.05778993 0.00984428 -0.08806088
v -0.05774804 0.00002107 -0.08929534
v -0.05739905 0.00983564 -0.09377056
v -0.05732496 0.00002095 -0.09497579
v -0.05686431 0.00981260 -0.09948503
v -0.05674051 0.00002093 -0.10084624
v -0.05619630 0.00977427 -0.10518842
v -0.05599196 0.00002101 -0.10688837
v -0.05540156 0.00971955 -0.11088441
v -0.05507892 0.00002115 -0.11306807
v -0.05369177 0.01140800 -0.12091149
v -0.05368384 0.01115982 -0.12095958
v -0.05363350 0.00931757 -0.12126073
v -0.05389945 0.01587534 -0.11960649
v -0.05383269 0.01477225 -0.12003218
v -0.05374935 0.01298236 -0.12055731
v -0.05433632 0.01989351 -0.11676250
v -0.05413382 0.01843131 -0.11809716
v -0.05397101 0.01681603 -0.11914848
v -0.05444219 0.02050879 -0.11605100
v -0.05437316 0.01959689 -0.11658020
v -0.05461679 0.02138261 -0.11485657
v -0.05526646 0.01977767 -0.11089630
v -0.05472100 0.02184063 -0.11412983
v -0.05603956 0.01991632 -0.10520247
v -0.05539313 0.02422850 -0.10908569
v -0.05500610 0.02293047 -0.11207523
v -0.05737842 0.02523308 -0.08808950
v -0.05681121 0.02982482 -0.09296235
v -0.05701150 0.02519604 -0.09379935
v -0.05654091 0.02828787 -0.09745606
v -0.05642704 0.02777313 -0.09896970
v -0.05707093 0.03035247 -0.08810564
v -0.05698792 0.03176488 -0.08759806
v -0.05693575 0.03090127 -0.08986278
v -0.05699647 0.03257168 -0.08583622
v -0.05727893 0.03034740 -0.08239648
v -0.05697448 0.03340665 -0.08433449
v -0.05732596 0.03029304 -0.07668915
v -0.05684446 0.03535844 -0.08174578
v -0.05692649 0.03429099 -0.08303111
v -0.05624025 0.04026623 -0.07763816
v -0.05634879 0.03955061 -0.07813478
v -0.05686212 0.03540314 -0.07670690
v -0.05656861 0.03793641 -0.07934988
v -0.05672936 0.03654832 -0.08054710
v -0.05623563 0.04025047 -0.07672669
v -0.05673434 0.03528383 -0.07100274
v -0.05610999 0.04011475 -0.07102110
v -0.05643604 0.03511052 -0.06530562
v -0.05581724 0.03991701 -0.06532236
v -0.05596992 0.03488451 -0.05961910
v -0.05536028 0.03965876 -0.05963409
v -0.05533548 0.03460619 -0.05394752
v -0.05473891 0.03934043 -0.05396068
v -0.05452879 0.03427497 -0.04829664
v -0.05394959 0.03896134 -0.04830786
v -0.05354076 0.03388883 -0.04267413
v -0.05298383 0.03851919 -0.04268327
v -0.05235556 0.03344347 -0.03709279
v -0.05182657 0.03800903 -0.03709957
v -0.05110868 0.03277962 -0.03209101
v -0.05059193 0.03748172 -0.03209322
v -0.05203445 0.01478198 -0.03208851
v -0.05324740 0.01900223 -0.03707761
v -0.05448049 0.01924193 -0.04265369
v -0.05550366 0.01945010 -0.04827154
v -0.05633452 0.01962903 -0.05391810
v -0.05698342 0.01977978 -0.05958560
v -0.05745523 0.01990268 -0.06526823
v -0.05775110 0.01999752 -0.07096173
v -0.05786880 0.02006361 -0.07666273
v -0.05780922 0.02009994 -0.08236852
v -0.05758420 0.02010518 -0.08807667
v -0.05720711 0.02007765 -0.09378645
v -0.05668867 0.02001543 -0.09950031
v -0.05178305 0.02251866 -0.03208841
v -0.05304692 0.02382052 -0.03708163
v -0.05426883 0.02412891 -0.04265911
v -0.05528422 0.02439654 -0.04827819
v -0.05611020 0.02462636 -0.05392590
v -0.05675680 0.02481977 -0.05959448
v -0.05722864 0.02497718 -0.06527814
v -0.05752671 0.02509831 -0.07097259
v -0.05764863 0.02518227 -0.07667443
v -0.05759525 0.02522777 -0.08238091
v -0.05149038 0.02794893 -0.03208940
v -0.05275904 0.02863312 -0.03708669
v -0.05396549 0.02900988 -0.04266592
v -0.05496966 0.02933665 -0.04828655
v -0.05578808 0.02961706 -0.05393570
v -0.05643036 0.02985281 -0.05960564
v -0.05690080 0.03004441 -0.06529059
v -0.05720017 0.03019152 -0.07098625
v -0.00029901 0.06257470 -0.03325681
v -0.00029899 0.06431982 -0.03084897
v -0.00029893 0.06079617 -0.02824103
v -0.00029891 0.04770037 -0.03294980
v -0.00029891 0.04800738 -0.03325681
v -0.00029885 0.04770036 -0.02826506
v -0.00029884 0.04820032 -0.02776506
v -0.00029892 0.05935298 -0.02776506
v -0.00029912 0.06636211 -0.03932225
v -0.00029904 0.06547533 -0.03398531
v -0.00029901 0.06511957 -0.03210943
v -0.00029901 0.06504707 -0.03185398
v -0.00029901 0.06498151 -0.03169547
v -0.00029900 0.06489237 -0.03152159
v -0.00029900 0.06468102 -0.03120659
v -0.00029899 0.06446087 -0.03096647
v -0.00029927 0.06520385 -0.05140000
v -0.00029928 0.06749099 -0.05140000
v -0.00029923 0.06494954 -0.04891152
v -0.00029928 0.06776410 -0.05110095
v -0.00029921 0.06477042 -0.04731662
v -0.00029920 0.06713118 -0.04505542
v -0.00029913 0.06401132 -0.04154693
v -0.00029911 0.06381903 -0.04027446
v -0.00029893 0.06055333 -0.02808967
v -0.00029893 0.06033131 -0.02798462
v -0.00029892 0.06013145 -0.02790908
v -0.00029892 0.05971880 -0.02780114
v -0.00029892 0.05939786 -0.02776568
v -0.00695062 0.06614268 -0.03824840
v -0.00706934 0.06703635 -0.04469921
v -0.01399837 0.06686501 -0.04474959
v -0.02114942 0.06724980 -0.05139588
v -0.02089454 0.06655385 -0.04484569
v -0.01404188 0.06757986 -0.05146917
v -0.01415575 0.06755679 -0.05126029
v -0.01363226 0.06757832 -0.05129800
v -0.02755688 0.06559872 -0.04207897
v -0.02726554 0.06509441 -0.03847180
v -0.02389528 0.06541666 -0.03839133
v -0.01320575 0.06758150 -0.05117909
v -0.00634325 0.06772757 -0.05110087
v -0.01246062 0.06759753 -0.05110064
v -0.01277154 0.06758929 -0.05111419
v -0.02712158 0.06485055 -0.03687834
v -0.02663132 0.06403144 -0.03210649
v -0.02577749 0.06411850 -0.03210666
v -0.00844866 0.06503437 -0.03210460
v -0.01375211 0.06596886 -0.03827890
v -0.01544254 0.06480964 -0.03210941
v -0.02052203 0.06565581 -0.03833816
v -0.02104957 0.06450714 -0.03210839
v -0.02463374 0.06700130 -0.05151204
v -0.02814923 0.06672723 -0.05258896
v -0.02432961 0.06630854 -0.04492979
v -0.02789173 0.06620912 -0.04719649
v -0.02776228 0.06596824 -0.04505514
v -0.02597471 0.06731206 -0.05684142
v -0.02831615 0.06713982 -0.05818259
v -0.02831455 0.06713527 -0.05810692
v -0.02111133 0.06751719 -0.05447422
v -0.02363466 0.06743218 -0.05563147
v -0.01442331 0.06758600 -0.05168730
v -0.01477621 0.06759685 -0.05195165
v -0.01509440 0.06761216 -0.05225789
v -0.01836909 0.06757332 -0.05337774
v -0.02822918 0.06691605 -0.05493549
v -0.02599878 0.05828448 -0.02776506
v -0.01770132 0.05900828 -0.02776779
v -0.01771738 0.05925716 -0.02779661
v -0.01315980 0.05912453 -0.02776506
v -0.00924054 0.05924546 -0.02776506
v -0.00924303 0.05934052 -0.02776784
v -0.01932274 0.05881593 -0.02776506
v -0.01769564 0.05891289 -0.02776506
v -0.02059960 0.06018807 -0.02823771
v -0.01778259 0.06017765 -0.02812001
v -0.01493426 0.06050613 -0.02824326
v -0.00928539 0.06050568 -0.02812245
v -0.00881176 0.06070714 -0.02824660
v -0.00170209 0.06079637 -0.02824253
v -0.00925075 0.05958843 -0.02779704
v -0.00926244 0.05991203 -0.02787342
v -0.02614459 0.05972534 -0.02823387
v -0.02611818 0.05945972 -0.02807080
v -0.02195765 0.05990484 -0.02811810
v -0.02611322 0.05941040 -0.02804614
v -0.02193336 0.05962281 -0.02798123
v -0.01773996 0.05958201 -0.02787219
v -0.00927453 0.06022429 -0.02798470
v -0.01776249 0.05989539 -0.02798268
v -0.02609824 0.05926209 -0.02797961
v -0.02607367 0.05902019 -0.02789170
v -0.02603599 0.05865055 -0.02780016
v -0.02602745 0.05856674 -0.02778667
v -0.00831189 0.06423736 -0.03084909
v -0.01572243 0.06399550 -0.03084919
v -0.02037613 0.06374756 -0.03084926
v -0.02165559 0.06366115 -0.03084927
v -0.02648127 0.06324273 -0.03084932
v -0.00777828 0.01554527 -0.15071391
v -0.00910285 0.01554565 -0.15054856
v -0.00873008 0.01830261 -0.15020110
v -0.02968941 0.01553452 -0.14376265
v -0.03032511 0.01553454 -0.14341106
v -0.03007482 0.01742267 -0.14318319
v -0.04939208 0.03201523 -0.11591084
v -0.04582794 0.03746919 -0.11767486
v -0.04467800 0.03648314 -0.12033974
v -0.04502501 0.03523517 -0.12079781
v -0.04623156 0.03513122 -0.11893637
v -0.00778305 0.02578513 -0.14884517
v -0.00602389 0.02569224 -0.14908372
v -0.00566107 0.02396793 -0.14950077
v -0.00124526 0.02345020 -0.14984180
v -0.00345990 0.02371568 -0.14971568
v -0.00050058 0.02555120 -0.14941242
v -0.00326662 0.02559370 -0.14932685
v -0.00397066 0.02561348 -0.14927980
v -0.00876151 0.02584718 -0.14868383
v -0.01001303 0.02443633 -0.14880635
v -0.01146386 0.02605841 -0.14812917
v -0.01215992 0.02465463 -0.14832784
v -0.01611113 0.02656798 -0.14677931
v -0.01522459 0.02645555 -0.14707752
v -0.01638778 0.02506499 -0.14711173
v -0.01411579 0.02632536 -0.14742284
v -0.01191200 0.02609926 -0.14802133
v -0.02017222 0.02718256 -0.14515144
v -0.01921518 0.02702258 -0.14557494
v -0.02051862 0.02544656 -0.14555755
v -0.01879624 0.02695554 -0.14575242
v -0.01670245 0.02664719 -0.14656930
v -0.02454020 0.02580331 -0.14367884
v -0.02409082 0.02794235 -0.14314149
v -0.02223469 0.02756081 -0.14415063
v -0.02167999 0.02745447 -0.14443193
v -0.02552049 0.02826455 -0.14228946
v -0.02843579 0.02613299 -0.14149617
v -0.02643498 0.02848435 -0.14170828
v -0.02869928 0.02907809 -0.14013837
v -0.03144345 0.02925725 -0.13826656
v -0.03087393 0.02971914 -0.13843915
v -0.03128356 0.02984818 -0.13809632
v -0.03298078 0.03041360 -0.13659187
v -0.03496072 0.02948765 -0.13554217
v -0.03452444 0.03097487 -0.13509561
v -0.03828732 0.02966006 -0.13260134
v -0.03689884 0.03194047 -0.13251767
v -0.03499243 0.03115478 -0.13461557
v -0.04227870 0.02695402 -0.13029218
v -0.03807806 0.03247439 -0.13109124
v -0.03749220 0.03220412 -0.13181333
v -0.04035639 0.03363309 -0.12799405
v -0.03911712 0.03298039 -0.12973936
v -0.04049177 0.03254995 -0.12857963
v -0.03868974 0.03276792 -0.13030699
v -0.04119821 0.03411078 -0.12671490
v -0.04335178 0.03255454 -0.12522216
v -0.04191367 0.03454169 -0.12555976
v -0.04596921 0.03244540 -0.12165693
v -0.04335719 0.03549330 -0.12300487
v -0.04254976 0.03494639 -0.12447388
v -0.04736810 0.03498875 -0.11701879
v -0.04832198 0.03219804 -0.11787905
v -0.05140080 0.02649650 -0.11770720
v -0.05243831 0.02629328 -0.11571752
v -0.05340950 0.02605183 -0.11368828
v -0.05426859 0.02499533 -0.11288486
v -0.05391985 0.02359043 -0.11547413
v -0.05389083 0.02346157 -0.11567921
v -0.05342659 0.02354703 -0.11659026
v -0.05371907 0.02263157 -0.11688621
v -0.05164288 0.02246895 -0.12086929
v -0.05201919 0.02104191 -0.12121329
v -0.05337112 0.02038928 -0.11932706
v -0.05349257 0.02128252 -0.11847828
v -0.05360173 0.02197614 -0.11771133
v -0.05364283 0.02221529 -0.11742231
v -0.05260760 0.01812189 -0.12176038
v -0.05295509 0.01553214 -0.12207261
v -0.05302026 0.01661877 -0.12166274
v -0.04666799 0.01552882 -0.13027169
v -0.04758807 0.01552977 -0.12922069
v -0.04726120 0.01829969 -0.12890679
v -0.04893563 0.01553113 -0.12759748
v -0.05004880 0.01825824 -0.12542248
v -0.05037946 0.01553225 -0.12573816
v -0.05090397 0.01553250 -0.12502964
v -0.04584854 0.01552806 -0.13117112
v -0.04424417 0.01825634 -0.13219684
v -0.04431542 0.01552703 -0.13276747
v -0.04100473 0.01813976 -0.13528161
v -0.04132763 0.01552746 -0.13558748
v -0.04232427 0.01552695 -0.13468668
v -0.04305823 0.01552676 -0.13399839
v -0.03755440 0.01795969 -0.13815106
v -0.03786404 0.01553001 -0.13844174
v -0.03978927 0.01552851 -0.13690589
v -0.03371118 0.01553322 -0.14136937
v -0.03419065 0.01553289 -0.14105625
v -0.03390607 0.01772076 -0.14079206
v -0.03492042 0.01553235 -0.14056768
v -0.03740641 0.01553038 -0.13878928
v -0.03235044 0.01553402 -0.14222488
v -0.02692774 0.01553432 -0.14518002
v -0.02609260 0.01707573 -0.14529425
v -0.02629910 0.01553436 -0.14547840
v -0.02128171 0.01553671 -0.14755483
v -0.02214318 0.01553604 -0.14723572
v -0.02198900 0.01668988 -0.14710075
v -0.02313796 0.01553540 -0.14684831
v -0.02411948 0.01553491 -0.14644583
v -0.01940204 0.01553846 -0.14819938
v -0.01778474 0.01626941 -0.14858700
v -0.01841923 0.01553947 -0.14850868
v -0.01170609 0.01554527 -0.15013565
v -0.01263952 0.01554479 -0.14995863
v -0.01349487 0.01581474 -0.14974490
v -0.01553688 0.01554245 -0.14930922
v -0.01788117 0.01554003 -0.14867011
v -0.00049937 0.01553979 -0.15110607
v -0.00391337 0.01554232 -0.15102881
v -0.00430905 0.01778425 -0.15070623
v -0.00461028 0.01554299 -0.15099014
v -0.00682099 0.01554476 -0.15081494
v -0.00389219 0.02075857 -0.15025242
v -0.00830059 0.02126461 -0.14974117
v -0.00784616 0.02420780 -0.14919750
v -0.00050021 0.02399405 -0.14973773
v -0.00049952 0.01977660 -0.15050432
v -0.03911902 0.02684394 -0.13342313
v -0.03574708 0.02666332 -0.13634147
v -0.03218068 0.02642450 -0.13903901
v -0.02779048 0.02883097 -0.14079177
v -0.04520628 0.02697457 -0.12695137
v -0.04788326 0.02688395 -0.12340293
v -0.04718008 0.03234050 -0.11979464
v -0.04912319 0.02679045 -0.12155256
v -0.05029585 0.02666185 -0.11965324
v -0.05318136 0.01864048 -0.12061413
v -0.05234125 0.01959217 -0.12151140
v -0.04950524 0.02120679 -0.12490372
v -0.05122295 0.02387780 -0.12048859
v -0.04876212 0.02407370 -0.12421107
v -0.01263913 0.02172778 -0.14888744
v -0.01308560 0.01878073 -0.14936183
v -0.01689596 0.02215505 -0.14769369
v -0.01736386 0.01922321 -0.14818808
v -0.02106115 0.02255255 -0.14616603
v -0.02155442 0.01963414 -0.14668384
v -0.02512270 0.02292310 -0.14431599
v -0.02564426 0.02001486 -0.14485896
v -0.02906243 0.02326369 -0.14216241
v -0.02961385 0.02036168 -0.14273062
v -0.03285198 0.02356300 -0.13973333
v -0.03343331 0.02066368 -0.14032486
v -0.03646011 0.02380748 -0.13706180
v -0.03707029 0.02090879 -0.13767330
v -0.03987277 0.02399423 -0.13416705
v -0.04051144 0.02109621 -0.13479660
v -0.04307328 0.02411292 -0.13105756
v -0.04374172 0.02121830 -0.13170522
v -0.04604217 0.02414608 -0.12773739
v -0.04674424 0.02126072 -0.12840530
v -0.00973226 0.01554570 -0.15045950
v -0.01443832 0.02776883 -0.14541452
v -0.01192923 0.02748276 -0.14617562
v -0.01125397 0.02709978 -0.14719456
v -0.04641363 0.04014829 -0.11247805
v -0.04734122 0.04159706 -0.10862349
v -0.04695216 0.04165065 -0.10848091
v -0.04768395 0.04224474 -0.10690030
v -0.04763899 0.04284842 -0.10529417
v -0.04810845 0.04316865 -0.10444216
v -0.04820599 0.04416256 -0.10179780
v -0.04847704 0.04412099 -0.10190839
v -0.04856344 0.04529188 -0.09879316
v -0.04912080 0.04633814 -0.09600949
v -0.03258181 0.03214886 -0.13376111
v -0.03408024 0.03207316 -0.13396254
v -0.03461677 0.03298615 -0.13153344
v -0.03584170 0.03280337 -0.13201976
v -0.03654953 0.03387604 -0.12916581
v -0.03065383 0.03143923 -0.13564916
v -0.03067211 0.03085745 -0.13719700
v -0.03338971 0.03180709 -0.13467042
v -0.02993496 0.03119352 -0.13630287
v -0.02852832 0.03073996 -0.13750960
v -0.02789060 0.03002125 -0.13942178
v -0.02632172 0.03009515 -0.13922516
v -0.02696479 0.02977088 -0.14008790
v -0.02485978 0.02924678 -0.14148229
v -0.01008699 0.02700153 -0.14745596
v -0.00939641 0.02725569 -0.14677976
v -0.00758857 0.02683012 -0.14791201
v -0.00684590 0.02708663 -0.14722954
v -0.00532635 0.02671822 -0.14820972
v -0.00419337 0.02697019 -0.14753935
v -0.00387165 0.02666769 -0.14834419
v -0.00050030 0.02661337 -0.14848869
v -0.00148298 0.02691052 -0.14769810
v -0.00050029 0.02690310 -0.14771785
v -0.04975490 0.05351216 -0.07692251
v -0.04975582 0.05400452 -0.07561256
v -0.04891926 0.05400449 -0.07561263
v -0.04627811 0.04072474 -0.11094435
v -0.04549124 0.03985840 -0.11324933
v -0.04570980 0.03927552 -0.11480011
v -0.04452454 0.03896641 -0.11562254
v -0.04498411 0.03852134 -0.11680649
v -0.02452384 0.02962462 -0.14047705
v -0.02395791 0.02948613 -0.14084551
v -0.02303408 0.02883845 -0.14256871
v -0.02258611 0.02916882 -0.14168973
v -0.02166455 0.02855916 -0.14331178
v -0.01462103 0.02745225 -0.14625679
v -0.01484082 0.02747901 -0.14618561
v -0.01690791 0.02811196 -0.14450160
v -0.01831788 0.02796832 -0.14488374
v -0.01932052 0.02851274 -0.14343528
v -0.01894805 0.02807033 -0.14461236
v -0.02058789 0.02875132 -0.14280052
v -0.02165562 0.02896796 -0.14222413
v -0.04968893 0.05024527 -0.08561429
v -0.04973948 0.05111714 -0.08329440
v -0.04895000 0.05136086 -0.08264619
v -0.04011551 0.03495580 -0.12629305
v -0.04195604 0.03611286 -0.12321462
v -0.04009542 0.03580192 -0.12404189
v -0.04962869 0.04952278 -0.08753654
v -0.04893868 0.05362046 -0.07663437
v -0.04895000 0.05323641 -0.07765616
v -0.04975220 0.05206318 -0.08077762
v -0.04975088 0.05136075 -0.08264615
v -0.04471277 0.03826917 -0.11747760
v -0.04330705 0.03798506 -0.11823347
v -0.04357508 0.03730114 -0.12005309
v -0.04177674 0.03688164 -0.12116922
v -0.04261276 0.03657255 -0.12199157
v -0.04107706 0.03641701 -0.12240539
v -0.03873063 0.03501015 -0.12614846
v -0.03829036 0.03476894 -0.12679020
v -0.03809087 0.03385707 -0.12921630
v -0.03725693 0.03344847 -0.13030343
v -0.04895000 0.04868469 -0.08976632
v -0.04892574 0.04755299 -0.09277730
v -0.04923379 0.04685526 -0.09463366
v -0.04880325 0.04642205 -0.09578627
v -0.04875614 0.04614744 -0.09651687
v -0.02037980 0.06379882 -0.03088901
v -0.01189570 0.06419271 -0.03088888
v -0.02039477 0.06394857 -0.03102563
v -0.02650617 0.06343231 -0.03101500
v -0.02651945 0.06351041 -0.03109832
v -0.02041798 0.06411614 -0.03121791
v -0.02654981 0.06366371 -0.03129157
v -0.02044668 0.06428409 -0.03146391
v -0.02656741 0.06374312 -0.03141052
v -0.02659412 0.06385688 -0.03161276
v -0.02046956 0.06440572 -0.03169461
v -0.02660980 0.06392278 -0.03175633
v -0.02048595 0.06449620 -0.03192637
v -0.02662239 0.06397878 -0.03190647
v -0.00601891 0.06433026 -0.03088878
v -0.00602294 0.06448003 -0.03102485
v -0.00602963 0.06464823 -0.03121659
v -0.00603817 0.06481726 -0.03146204
v -0.00604507 0.06493974 -0.03169220
v -0.00604999 0.06503055 -0.03192326
v -0.01190399 0.06434262 -0.03102519
v -0.01191746 0.06451077 -0.03121721
v -0.01193447 0.06467959 -0.03146299
v -0.01194812 0.06480190 -0.03169345
v -0.01195780 0.06489268 -0.03192485
v -0.00623919 0.04779577 -0.02776506
v -0.00411548 0.04802529 -0.02776506
v -0.03006851 0.05777514 -0.02776506
v -0.02245620 0.04265594 -0.02776506
v -0.04624137 0.01371983 -0.02776506
v -0.04565994 0.01553991 -0.02776506
v -0.04612990 0.01825804 -0.02776506
v -0.04492539 0.01754554 -0.02776506
v -0.04602435 0.02129056 -0.02776506
v -0.00198285 0.04816049 -0.02776506
v -0.04410284 0.01951672 -0.02776506
v -0.04319202 0.02145282 -0.02776506
v -0.04562815 0.02859313 -0.02776506
v -0.02432729 0.04161824 -0.02776506
v -0.03092166 0.05763381 -0.02776506
v -0.03208799 0.05741435 -0.02776506
v -0.02054085 0.04360947 -0.02776506
v -0.01858843 0.04447579 -0.02776506
v -0.01659965 0.04525499 -0.02776506
v -0.01457678 0.04594602 -0.02776506
v -0.01252525 0.04654668 -0.02776506
v -0.01044822 0.04705587 -0.02776506
v -0.00835067 0.04747257 -0.02776506
v -0.04219617 0.02334658 -0.02776506
v -0.04111938 0.02519121 -0.02776506
v -0.04560089 0.02896688 -0.02776506
v -0.03996215 0.02698646 -0.02776506
v -0.04493003 0.03592141 -0.02776506
v -0.03872478 0.02873123 -0.02776506
v -0.04483283 0.03670077 -0.02776506
v -0.03741112 0.03041931 -0.02776506
v -0.04429350 0.04037972 -0.02776506
v -0.03602522 0.03204595 -0.02776506
v -0.04343246 0.04455057 -0.02776506
v -0.03456875 0.03360972 -0.02776506
v -0.04289069 0.04655765 -0.02776506
v -0.03304690 0.03510538 -0.02776506
v -0.04226007 0.04851081 -0.02776506
v -0.04029281 0.05259769 -0.02776506
v -0.02963331 0.03802742 -0.02776506
v -0.03929720 0.05388858 -0.02776506
v -0.02791647 0.03930341 -0.02776506
v -0.02614747 0.04050050 -0.02776506
v -0.03706285 0.05572019 -0.02776506
v -0.03822973 0.05490853 -0.02776506
v -0.03363504 0.05705512 -0.02776506
v -0.03407985 0.05693312 -0.02776506
v -0.03566394 0.05639751 -0.02776506
v -0.03146040 0.03653230 -0.02776506
v -0.03129189 0.03667656 -0.02776506
v -0.04148804 0.05040943 -0.02776506
v -0.04099805 0.05139802 -0.02776506
v -0.00050031 0.02650186 -0.14871863
v -0.00050031 0.02644552 -0.14880618
v -0.00390000 0.02650428 -0.14865847
v -0.00050032 0.02635551 -0.14892341
v -0.00050032 0.02633366 -0.14894862
v -0.00391391 0.02639103 -0.14880583
v -0.00050032 0.02633211 -0.14895035
v -0.00050034 0.02617783 -0.14910093
v -0.00392708 0.02626116 -0.14893863
v -0.00050039 0.02598415 -0.14923991
v -0.00050041 0.02589962 -0.14928709
v -0.00395086 0.02595916 -0.14915164
v -0.00050046 0.02577863 -0.14934252
v -0.00050048 0.02573030 -0.14936098
v -0.00396130 0.02579082 -0.14922744
v -0.04606909 0.03780372 -0.11696897
v -0.04601343 0.03788900 -0.11697751
v -0.04459185 0.03665110 -0.12031702
v -0.04464442 0.03657452 -0.12031396
v -0.04593590 0.03798992 -0.11698347
v -0.04589980 0.03803145 -0.11698441
v -0.04447597 0.03679433 -0.12031283
v -0.04541643 0.03839212 -0.11692873
v -0.04531268 0.03843685 -0.11690479
v -0.04389776 0.03720952 -0.12017547
v -0.00050031 0.02654073 -0.14864926
v -0.00388544 0.02659903 -0.14849874
v -0.00761595 0.02676178 -0.14806606
v -0.01129490 0.02703274 -0.14734493
v -0.01489536 0.02741352 -0.14633164
v -0.01838707 0.02790368 -0.14502773
v -0.02174642 0.02849693 -0.14344992
v -0.02495568 0.02918602 -0.14161724
v -0.02799712 0.02996366 -0.13954878
v -0.03085389 0.03082263 -0.13726351
v -0.03351662 0.03175544 -0.13478146
v -0.03597872 0.03275446 -0.13212313
v -0.03823360 0.03381205 -0.12930903
v -0.04027733 0.03492116 -0.12635793
v -0.04210983 0.03607511 -0.12328741
v -0.04373225 0.03726700 -0.12011562
v -0.04520844 0.03847278 -0.11687724
v -0.04295322 0.03544203 -0.12356398
v -0.04109508 0.03426904 -0.12670480
v -0.03901644 0.03314047 -0.12972052
v -0.03671636 0.03206523 -0.13259162
v -0.03420029 0.03105118 -0.13529855
v -0.03147826 0.03010397 -0.13782237
v -0.02856033 0.02922922 -0.14014415
v -0.02545574 0.02843524 -0.14224394
v -0.02217953 0.02773182 -0.14410262
v -0.01875074 0.02712659 -0.14570263
v -0.01518837 0.02662714 -0.14702645
v -0.01151632 0.02623885 -0.14805825
v -0.00776471 0.02596070 -0.14879256
v -0.00050037 0.02605748 -0.14919274
v -0.00393942 0.02611657 -0.14905463
v -0.00769766 0.02642702 -0.14850311
v -0.00772186 0.02628361 -0.14861916
v -0.01141662 0.02670109 -0.14777309
v -0.01145260 0.02655874 -0.14788723
v -0.01505666 0.02708560 -0.14674819
v -0.01510416 0.02694438 -0.14685942
v -0.01858735 0.02758114 -0.14543241
v -0.01864613 0.02744152 -0.14554039
v -0.02198468 0.02818156 -0.14384185
v -0.02205449 0.02804412 -0.14394613
v -0.02523024 0.02887904 -0.14199443
v -0.02531070 0.02874417 -0.14209443
v -0.02830565 0.02966572 -0.13990808
v -0.02839624 0.02953365 -0.14000309
v -0.03119501 0.03053315 -0.13760199
v -0.03129561 0.03040362 -0.13769127
v -0.03388923 0.03147379 -0.13509661
v -0.03399976 0.03134647 -0.13517924
v -0.03638022 0.03248109 -0.13241181
v -0.03649988 0.03235609 -0.13248652
v -0.03865987 0.03354850 -0.12956743
v -0.03878719 0.03342633 -0.12963267
v -0.04072372 0.03466870 -0.12658280
v -0.04085694 0.03454972 -0.12663710
v -0.04257241 0.03583395 -0.12347618
v -0.04270996 0.03571812 -0.12351842
v -0.04420672 0.03703623 -0.12026642
v -0.04434709 0.03692317 -0.12029565
v -0.04561481 0.03827880 -0.11696404
v -0.04577455 0.03815535 -0.11698078
v -0.00774426 0.02612752 -0.14871643
v -0.01148590 0.02640397 -0.14798309
v -0.01514814 0.02679084 -0.14695297
v -0.01870064 0.02728931 -0.14563121
v -0.02211945 0.02789359 -0.14403374
v -0.02538583 0.02859570 -0.14217827
v -0.02848106 0.02938766 -0.14008243
v -0.03138997 0.03026006 -0.13776541
v -0.03410344 0.03120508 -0.13524723
v -0.03661202 0.03221691 -0.13254713
v -0.03890623 0.03328976 -0.12968433
v -0.04098100 0.03441598 -0.12667832
v -0.04283728 0.03558699 -0.12354813
v -0.00764455 0.02666804 -0.14822419
v -0.00767184 0.02655581 -0.14837067
v -0.01133755 0.02694017 -0.14749953
v -0.01137820 0.02682893 -0.14764304
v -0.01495202 0.02732234 -0.14648195
v -0.01500587 0.02721231 -0.14662157
v -0.01845767 0.02781429 -0.14517386
v -0.01852448 0.02770609 -0.14530949
v -0.02183062 0.02840982 -0.14359166
v -0.02191005 0.02830408 -0.14372300
v -0.02505285 0.02910157 -0.14175385
v -0.02514433 0.02899871 -0.14188024
v -0.02810631 0.02988220 -0.13967896
v -0.02820908 0.02978239 -0.13979937
v -0.03097432 0.03074415 -0.13738610
v -0.03108797 0.03064716 -0.13749960
v -0.03364766 0.03167985 -0.13489568
v -0.03377187 0.03158544 -0.13500141
v -0.03611938 0.03268194 -0.13222809
v -0.03625330 0.03259027 -0.13232499
v -0.03838253 0.03374304 -0.12940373
v -0.03852480 0.03365463 -0.12949048
v -0.04043310 0.03485600 -0.12644155
v -0.04058217 0.03477132 -0.12651707
v -0.04227119 0.03601390 -0.12335936
v -0.04242577 0.03593303 -0.12342272
v -0.04405643 0.03713214 -0.12022604
v -0.04547493 0.03836271 -0.11694063
v -0.05265179 0.00392364 -0.12386747
v -0.05270925 0.00743318 -0.12361050
v -0.05134294 0.00774967 -0.12550135
v -0.04035538 0.01178085 -0.13702054
v -0.00048139 0.01264193 -0.15142037
v -0.00047555 0.01171818 -0.15150505
v -0.00391266 0.01170028 -0.15143618
v -0.00046287 0.00972771 -0.15166280
v -0.00046214 0.00961465 -0.15167075
v -0.00398386 0.00777611 -0.15172051
v -0.05262676 0.00002132 -0.12396350
v -0.05263080 0.00150735 -0.12394865
v -0.05141642 0.00381872 -0.12559652
v -0.05043604 0.00002104 -0.12695669
v -0.04895329 0.00383575 -0.12877268
v -0.04812147 0.00002027 -0.12982923
v -0.04633109 0.00385021 -0.13181189
v -0.04572445 0.00001920 -0.13252719
v -0.04354643 0.00386235 -0.13469805
v -0.04326615 0.00001814 -0.13503101
v -0.04059732 0.00387242 -0.13741218
v -0.04075852 0.00001735 -0.13733566
v -0.03820575 0.00001709 -0.13944553
v -0.03748451 0.00388064 -0.13993442
v -0.03750751 0.00001713 -0.13998382
v -0.03560639 0.00001753 -0.14136985
v -0.03421263 0.00388708 -0.14224605
v -0.03423759 0.00001809 -0.14229892
v -0.03295501 0.00001883 -0.14311981
v -0.03079153 0.00389163 -0.14433157
v -0.03081763 0.00002050 -0.14438690
v -0.03024318 0.00002105 -0.14470693
v -0.02723612 0.00389411 -0.14617902
v -0.02746877 0.00002326 -0.14613645
v -0.02479625 0.00002431 -0.14734052
v -0.02356182 0.00389463 -0.14777620
v -0.02358696 0.00002453 -0.14783266
v -0.02206035 0.00002465 -0.14840911
v -0.01978580 0.00389295 -0.14911537
v -0.01925666 0.00002450 -0.14934315
v -0.01592666 0.00388837 -0.15019388
v -0.01608134 0.00002396 -0.15021673
v -0.01284210 0.00002324 -0.15091865
v -0.01200292 0.00387994 -0.15101273
v -0.01202207 0.00002304 -0.15106735
v -0.00954696 0.00002248 -0.15144767
v -0.00803148 0.00386666 -0.15157536
v -0.00804766 0.00002216 -0.15162914
v -0.00619911 0.00002183 -0.15180331
v -0.00402607 0.00384768 -0.15188621
v -0.00403861 0.00002153 -0.15193896
v -0.00038751 0.00002132 -0.15200548
v -0.00280420 0.00002142 -0.15198414
v -0.00040735 0.00096522 -0.15198064
v -0.00042537 0.00386098 -0.15194061
v -0.00042553 0.00388737 -0.15193996
v -0.00043158 0.00484264 -0.15191287
v -0.00049109 0.01419465 -0.15126127
v -0.00789251 0.01174281 -0.15111789
v -0.01184073 0.01177147 -0.15054655
v -0.01958028 0.01179906 -0.14863022
v -0.01574229 0.01178916 -0.14971784
v -0.02333711 0.01180400 -0.14728552
v -0.02699561 0.01180581 -0.14568952
v -0.03054025 0.01180467 -0.14385255
v -0.03395734 0.01179964 -0.14178811
v -0.03723304 0.01179164 -0.13950686
v -0.04331544 0.01176622 -0.13434304
v -0.04873032 0.01171802 -0.12847747
v -0.04610765 0.01174597 -0.13148981
v -0.05118598 0.01168053 -0.12532328
v -0.05271764 0.00783893 -0.12356926
v -0.05281450 0.01172586 -0.12301978
v -0.05282546 0.01209981 -0.12294917
v -0.05287712 0.01364547 -0.12261053
v -0.04888180 0.00777813 -0.12866864
v -0.04625893 0.00780045 -0.13169782
v -0.04347086 0.00781759 -0.13457203
v -0.04051670 0.00783067 -0.13727278
v -0.03739885 0.00784070 -0.13978148
v -0.03412371 0.00784826 -0.14208119
v -0.03070233 0.00785328 -0.14415817
v -0.02714972 0.00785529 -0.14600153
v -0.02348033 0.00785475 -0.14759809
v -0.01971048 0.00785135 -0.14893876
v -0.01585832 0.00784376 -0.15001979
v -0.01194224 0.00783005 -0.15084144
v -0.00797934 0.00780812 -0.15140681
v -0.04774771 0.00002132 -0.02826480
v -0.04774782 0.00002132 -0.03294985
v -0.04769641 0.00216574 -0.02826494
v -0.04769652 0.00216574 -0.03294985
v -0.04765997 0.00284499 -0.02826494
v -0.04767868 0.00252136 -0.03294985
v -0.04758219 0.00392615 -0.03294985
v -0.04740513 0.00566031 -0.02826495
v -0.04726302 0.00673820 -0.03294985
v -0.04705995 0.00802686 -0.02826495
v -0.04705996 0.00802684 -0.03294985
v -0.04698369 0.00845952 -0.02826495
v -0.04677857 0.00952336 -0.03294985
v -0.04639724 0.01122788 -0.02826495
v -0.04367287 0.01925307 -0.02826497
v -0.04473978 0.01663082 -0.02826496
v -0.04434876 0.01764452 -0.03294985
v -0.04647887 0.01088659 -0.03294985
v -0.04612997 0.01227588 -0.03294985
v -0.04570597 0.01376485 -0.02826496
v -0.04570612 0.01376485 -0.03294985
v -0.04564894 0.01395212 -0.02826496
v -0.04531851 0.01498765 -0.03294985
v -0.04461692 0.01695686 -0.03294985
v -0.04365548 0.01929229 -0.03294985
v -0.04322449 0.02023740 -0.03294985
v -0.04245343 0.02180492 -0.02826497
v -0.04194664 0.02276268 -0.03294985
v -0.04108645 0.02427762 -0.02826497
v -0.04093919 0.02452483 -0.03294985
v -0.04093908 0.02452483 -0.02826498
v -0.04052168 0.02520740 -0.03294985
v -0.03957319 0.02666920 -0.02826498
v -0.03895688 0.02756031 -0.03294985
v -0.03792066 0.02896731 -0.02826498
v -0.03759903 0.02938292 -0.03294985
v -0.03759896 0.02938296 -0.02826498
v -0.03725344 0.02981914 -0.03294985
v -0.03613748 0.03115992 -0.02826498
v -0.03541820 0.03197397 -0.03294985
v -0.03422707 0.03324401 -0.02826499
v -0.03368543 0.03379216 -0.03294985
v -0.03368530 0.03379215 -0.02826499
v -0.03346124 0.03401389 -0.03294985
v -0.03219416 0.03521403 -0.02826499
v -0.03138656 0.03593490 -0.03294985
v -0.03004897 0.03705918 -0.02826500
v -0.02925839 0.03768561 -0.03294985
v -0.02925831 0.03768567 -0.02826500
v -0.02919922 0.03773142 -0.03294985
v -0.02780178 0.03877124 -0.02826500
v -0.02691087 0.03939422 -0.03294984
v -0.02545402 0.04034973 -0.02826500
v -0.02453055 0.04091733 -0.03294984
v -0.02438521 0.04100389 -0.02826500
v -0.02438536 0.04100394 -0.03294984
v -0.02301533 0.04178746 -0.02826501
v -0.02206057 0.04229867 -0.03294984
v -0.02049832 0.04307657 -0.02826501
v -0.01951314 0.04353118 -0.03294984
v -0.01914028 0.04369619 -0.02826501
v -0.01914041 0.04369619 -0.03294984
v -0.01791154 0.04421352 -0.02826501
v -0.01690108 0.04460939 -0.03294984
v -0.01525770 0.04519723 -0.02826502
v -0.01422695 0.04553201 -0.03294983
v -0.01360367 0.04572193 -0.02826502
v -0.01360377 0.04572186 -0.03294983
v -0.01255009 0.04602202 -0.02826502
v -0.01150117 0.04629488 -0.03294983
v -0.00980279 0.04668367 -0.02826502
v -0.00873819 0.04689450 -0.03294983
v -0.00785952 0.04704949 -0.02826503
v -0.00785967 0.04704965 -0.03294983
v -0.00701947 0.04718205 -0.02826503
v -0.00594435 0.04732967 -0.03294983
v -0.00420825 0.04751534 -0.02826503
v -0.00312699 0.04759866 -0.03294982
v -0.00138380 0.04768122 -0.02826503
v -0.04773840 0.00230858 -0.02821615
v -0.04777889 0.00002132 -0.02824231
v -0.04729340 0.00838290 -0.02797365
v -0.04734996 0.00793375 -0.02799465
v -0.04743254 0.00720365 -0.02802891
v -0.04760338 0.00515380 -0.02812577
v -0.04752799 0.00619175 -0.02807669
v -0.04693008 0.01070748 -0.02786600
v -0.04668145 0.01196860 -0.02780938
v -0.04639250 0.01318005 -0.02777103
v -0.04604884 0.01369097 -0.03325682
v -0.04515836 0.01638264 -0.03325683
v -0.04155545 0.02408490 -0.03325683
v -0.04005867 0.02649554 -0.03325683
v -0.03842106 0.02881543 -0.03325683
v -0.03665090 0.03103224 -0.03325683
v -0.03475390 0.03313987 -0.03325683
v -0.03472150 0.03317376 -0.03325683
v -0.03273325 0.03513470 -0.03325683
v -0.03059896 0.03700599 -0.03325683
v -0.02836083 0.03874571 -0.03325683
v -0.02602096 0.04035267 -0.03325683
v -0.02358955 0.04181913 -0.03325683
v -0.02107917 0.04313749 -0.03325684
v -0.01849410 0.04430619 -0.03325684
v -0.01584210 0.04532136 -0.03325684
v -0.01313685 0.04617729 -0.03325684
v -0.01038800 0.04687156 -0.03325684
v -0.00759902 0.04740338 -0.03325683
v -0.00478388 0.04776946 -0.03325683
v -0.00195572 0.04796838 -0.03325683
v -0.04290640 0.02159236 -0.03325683
v -0.04410943 0.01902064 -0.03325683
v -0.04677968 0.01094840 -0.03325682
v -0.04734731 0.00816681 -0.03325682
v -0.04798520 0.00253788 -0.03325681
v -0.04774940 0.00536083 -0.03325682
v -0.00049815 0.02680869 -0.14747034
v -0.00049819 0.02682502 -0.14747989
v -0.00282437 0.02685486 -0.14740075
v -0.00049822 0.02683587 -0.14748749
v -0.00049826 0.02684544 -0.14749514
v -0.00282481 0.02687527 -0.14741600
v -0.00049835 0.02685995 -0.14750877
v -0.00049837 0.02686406 -0.14751317
v -0.00282545 0.02689388 -0.14743401
v -0.00049874 0.02689642 -0.14756143
v -0.00049890 0.02690409 -0.14757982
v -0.00282846 0.02693390 -0.14750056
v -0.00049900 0.02690787 -0.14759146
v -0.00049912 0.02691116 -0.14760430
v -0.00282974 0.02694099 -0.14752500
v -0.00049961 0.02691574 -0.14765504
v -0.00049983 0.02691384 -0.14767602
v -0.00283388 0.02694372 -0.14759654
v -0.01851960 0.02837917 -0.14378756
v -0.02639450 0.03011962 -0.13915707
v -0.03871394 0.03501295 -0.12613823
v -0.04313660 0.03787098 -0.11853431
v -0.04818773 0.04416259 -0.10179529
v -0.04370779 0.03825273 -0.11686861
v -0.04365975 0.03821419 -0.11697079
v -0.04360989 0.03817437 -0.11707637
v -0.04375399 0.03828997 -0.11676989
v -0.04384082 0.03836042 -0.11658313
v -0.04379833 0.03832588 -0.11667471
v -0.04392909 0.03843345 -0.11639163
v -0.04424003 0.03869396 -0.11570342
v -0.04421764 0.03867375 -0.11575267
v -0.04423320 0.03868699 -0.11571761
v -0.04408496 0.03856193 -0.11604902
v -0.04395697 0.03845563 -0.11633076
v -0.04392015 0.03842533 -0.11641109
v -0.04405588 0.03853765 -0.11611338
v -0.04402484 0.03851182 -0.11618184
v -0.04399187 0.03848447 -0.11625431
v -0.04413721 0.03860576 -0.11593287
v -0.04411207 0.03858465 -0.11598883
v -0.04388143 0.03839358 -0.11649524
v -0.04416034 0.03862526 -0.11588120
v -0.04420058 0.03865928 -0.11579103
v -0.04418147 0.03864310 -0.11583390
v -0.04355823 0.03813329 -0.11718528
v -0.04350477 0.03809099 -0.11729744
v -0.04344953 0.03804749 -0.11741279
v -0.04339253 0.03800282 -0.11753126
v -0.04333378 0.03795699 -0.11765278
v -0.04327330 0.03791005 -0.11777729
v -0.04321110 0.03786201 -0.11790472
v -0.04314720 0.03781289 -0.11803499
v -0.04308163 0.03776273 -0.11816806
v -0.04301438 0.03771154 -0.11830386
v -0.04297322 0.03770019 -0.11838879
v -0.03607202 0.03365818 -0.12974262
v -0.03464084 0.03300719 -0.13147460
v -0.03313994 0.03237887 -0.13314627
v -0.03156917 0.03177524 -0.13475224
v -0.02820029 0.03064433 -0.13776107
v -0.01639563 0.02804214 -0.14468426
v -0.01421157 0.02774660 -0.14547051
v -0.01198292 0.02749463 -0.14614090
v -0.00972526 0.02728826 -0.14668997
v -0.00744826 0.02712786 -0.14711671
v -0.00515145 0.02701186 -0.14742532
v -0.00283525 0.02693936 -0.14761820
v -0.00050007 0.02690947 -0.14769775
v -0.00049995 0.02691195 -0.14768696
v -0.00049959 0.02691581 -0.14765294
v -0.00049935 0.02691501 -0.14762887
v -0.00283249 0.02694567 -0.14757352
v -0.00283109 0.02694486 -0.14754951
v -0.00049870 0.02689376 -0.14755605
v -0.00049852 0.02688031 -0.14753364
v -0.00282730 0.02692357 -0.14747684
v -0.00282629 0.02691012 -0.14745446
v -0.00049815 0.02680338 -0.14746764
v -0.00049814 0.02678113 -0.14745843
v -0.00282413 0.02683323 -0.14738850
v -0.00049816 0.02675882 -0.14745216
v -0.00282409 0.02681100 -0.14737928
v -0.00049818 0.02674792 -0.14745007
v -0.00282422 0.02678871 -0.14737296
v -0.00049821 0.02673695 -0.14744861
v -0.00049827 0.02671589 -0.14744750
v -0.00282450 0.02676685 -0.14736938
v -0.00741905 0.02695538 -0.14686994
v -0.00513230 0.02681834 -0.14717607
v -0.00513156 0.02683936 -0.14717729
v -0.00499177 0.02681267 -0.14719109
v -0.00282490 0.02674580 -0.14736824
v -0.01193472 0.02732222 -0.14589836
v -0.00968798 0.02709488 -0.14644359
v -0.00968660 0.02711581 -0.14644502
v -0.00962992 0.02709019 -0.14645602
v -0.00742012 0.02693440 -0.14686863
v -0.01632854 0.02786984 -0.14444810
v -0.01415578 0.02755348 -0.14522909
v -0.01415385 0.02757425 -0.14523090
v -0.01406444 0.02754214 -0.14525914
v -0.01193638 0.02730137 -0.14589675
v -0.02049356 0.02858412 -0.14255643
v -0.01844588 0.02818640 -0.14355303
v -0.01844341 0.02820695 -0.14355534
v -0.01830708 0.02816267 -0.14361587
v -0.01633075 0.02784918 -0.14444605
v -0.02441489 0.02945550 -0.14024842
v -0.02248687 0.02898035 -0.14145039
v -0.02248412 0.02900064 -0.14145327
v -0.02236219 0.02895273 -0.14152354
v -0.02049619 0.02856370 -0.14255385
v -0.02808453 0.03047252 -0.13755408
v -0.02628871 0.02992772 -0.13894100
v -0.02628575 0.02994772 -0.13894449
v -0.02623276 0.02991222 -0.13898206
v -0.02441777 0.02943535 -0.14024524
v -0.03144094 0.03160369 -0.13455671
v -0.02980463 0.03100521 -0.13608630
v -0.02980165 0.03102492 -0.13609034
v -0.02856040 0.03059962 -0.13716096
v -0.02808751 0.03045266 -0.13755031
v -0.03450207 0.03283576 -0.13129066
v -0.03300912 0.03218794 -0.13295195
v -0.03300621 0.03220740 -0.13295653
v -0.03214245 0.03184714 -0.13385519
v -0.03144389 0.03158407 -0.13455237
v -0.03856251 0.03484179 -0.12597141
v -0.03593133 0.03346771 -0.12955946
v -0.03592863 0.03348684 -0.12956446
v -0.03549720 0.03326386 -0.13009989
v -0.03450488 0.03281649 -0.13128586
v -0.04297513 0.03768177 -0.11838283
v -0.04090422 0.03622977 -0.12223474
v -0.04090201 0.03624837 -0.12224045
v -0.03862844 0.03485835 -0.12587206
v -0.03856499 0.03482293 -0.12596600
v -0.00514892 0.02701617 -0.14740378
v -0.00744456 0.02713211 -0.14709532
v -0.00972039 0.02729243 -0.14666882
v -0.01197689 0.02749869 -0.14612012
v -0.01420439 0.02775053 -0.14545015
v -0.01638730 0.02804591 -0.14466435
v -0.01851017 0.02838277 -0.14376818
v -0.02056805 0.02875968 -0.14276548
v -0.02256603 0.02917590 -0.14165817
v -0.02450386 0.02963046 -0.14044890
v -0.02638139 0.03012236 -0.13914028
v -0.02818645 0.03064684 -0.13774498
v -0.02990940 0.03119892 -0.13627625
v -0.03155407 0.03177729 -0.13473757
v -0.03312430 0.03238069 -0.13313229
v -0.03462474 0.03300879 -0.13146131
v -0.03605551 0.03365956 -0.12972999
v -0.03869672 0.03501390 -0.12612692
v -0.04104227 0.03641992 -0.12238631
v -0.04311848 0.03787117 -0.11852536
v -0.04495599 0.03936571 -0.11455753
v -0.04493769 0.03936553 -0.11454979
v -0.04573952 0.04013405 -0.11251336
v -0.04572099 0.04013355 -0.11250658
v -0.04641445 0.04092057 -0.11042081
v -0.04639573 0.04091973 -0.11041507
v -0.00514634 0.02701808 -0.14738089
v -0.00744079 0.02713398 -0.14707261
v -0.00971542 0.02729422 -0.14664637
v -0.01197075 0.02750037 -0.14609800
v -0.01419708 0.02775208 -0.14542845
v -0.01637882 0.02804732 -0.14464314
v -0.01850056 0.02838402 -0.14374754
v -0.02055743 0.02876075 -0.14274544
v -0.02255446 0.02917678 -0.14163879
v -0.02449137 0.02963114 -0.14043020
v -0.02636806 0.03012282 -0.13912231
v -0.02817237 0.03064710 -0.13772774
v -0.02989465 0.03119896 -0.13625973
v -0.03153871 0.03177712 -0.13472179
v -0.03310840 0.03238031 -0.13311726
v -0.03460837 0.03300821 -0.13144697
v -0.03603872 0.03365879 -0.12971634
v -0.03867923 0.03501273 -0.12611465
v -0.04102426 0.03641840 -0.12237529
v -0.04310010 0.03786933 -0.11851552
v -0.04491910 0.03936335 -0.11454122
v -0.04570219 0.04013109 -0.11249901
v -0.04637674 0.04091698 -0.11040853
v -0.00514377 0.02701724 -0.14735700
v -0.00743703 0.02713309 -0.14704891
v -0.00971047 0.02729326 -0.14662293
v -0.01196461 0.02749933 -0.14607492
v -0.01418978 0.02775093 -0.14540580
v -0.01637036 0.02804604 -0.14462098
v -0.01849098 0.02838260 -0.14372593
v -0.02054684 0.02875917 -0.14272445
v -0.02254291 0.02917505 -0.14161846
v -0.02447891 0.02962922 -0.14041059
v -0.02635476 0.03012073 -0.13910343
v -0.02815833 0.03064482 -0.13770959
v -0.02987994 0.03119651 -0.13624233
v -0.03152339 0.03177449 -0.13470513
v -0.03309254 0.03237749 -0.13310134
v -0.03459204 0.03300523 -0.13143176
v -0.03602197 0.03365564 -0.12970184
v -0.03866180 0.03500925 -0.12610154
v -0.04100630 0.03641462 -0.12236346
v -0.04308176 0.03786527 -0.11850487
v -0.04490055 0.03935902 -0.11453189
v -0.04568343 0.04012652 -0.11249067
v -0.04635781 0.04091216 -0.11040123
v -0.00514127 0.02701335 -0.14733261
v -0.00743338 0.02712916 -0.14702471
v -0.00970565 0.02728929 -0.14659896
v -0.01195864 0.02749528 -0.14605132
v -0.01418267 0.02774679 -0.14538263
v -0.01636212 0.02804180 -0.14459831
v -0.01848166 0.02837825 -0.14370380
v -0.02053652 0.02875471 -0.14270292
v -0.02253165 0.02917046 -0.14159758
v -0.02446677 0.02962450 -0.14039040
v -0.02634180 0.03011586 -0.13908395
v -0.02814464 0.03063981 -0.13769084
v -0.02986559 0.03119136 -0.13622431
v -0.03150845 0.03176920 -0.13468786
v -0.03307707 0.03237206 -0.13308480
v -0.03457611 0.03299967 -0.13141593
v -0.03600563 0.03364995 -0.12968670
v -0.03864476 0.03500330 -0.12608777
v -0.04098875 0.03640845 -0.12235096
v -0.04306384 0.03785889 -0.11849355
v -0.04488238 0.03935244 -0.11452192
v -0.04566506 0.04011976 -0.11248167
v -0.04633928 0.04090521 -0.11039325
v -0.00513891 0.02700624 -0.14730829
v -0.00742992 0.02712203 -0.14700055
v -0.00970109 0.02728213 -0.14657506
v -0.01195300 0.02748807 -0.14602774
v -0.01417595 0.02773952 -0.14535946
v -0.01635432 0.02803447 -0.14457560
v -0.01847283 0.02837084 -0.14368162
v -0.02052675 0.02874722 -0.14268132
v -0.02252099 0.02916288 -0.14157659
v -0.02445526 0.02961683 -0.14037007
v -0.02632950 0.03010810 -0.13906431
v -0.02813164 0.03063196 -0.13767189
v -0.02985196 0.03118342 -0.13620606
v -0.03149424 0.03176117 -0.13467032
v -0.03306236 0.03236394 -0.13306797
v -0.03456094 0.03299146 -0.13139977
v -0.03599007 0.03364166 -0.12967122
v -0.03862852 0.03499485 -0.12607360
v -0.04097199 0.03639985 -0.12233800
v -0.04304671 0.03785016 -0.11848174
v -0.04486497 0.03934358 -0.11451145
v -0.04564745 0.04011079 -0.11247212
v -0.04632150 0.04089611 -0.11038467
v -0.00513676 0.02699590 -0.14728467
v -0.00742678 0.02711168 -0.14697710
v -0.00969694 0.02727176 -0.14655183
v -0.01194784 0.02747768 -0.14600480
v -0.01416980 0.02772911 -0.14533687
v -0.01634719 0.02802402 -0.14455344
v -0.01846476 0.02836036 -0.14365993
v -0.02051780 0.02873671 -0.14266016
v -0.02251121 0.02915233 -0.14155599
v -0.02444469 0.02960624 -0.14035007
v -0.02631821 0.03009747 -0.13904496
v -0.02811968 0.03062129 -0.13765317
v -0.02983941 0.03117271 -0.13618799
v -0.03148115 0.03175041 -0.13465288
v -0.03304877 0.03235315 -0.13305119
v -0.03454692 0.03298064 -0.13138361
v -0.03597565 0.03363080 -0.12965569
v -0.03861345 0.03498392 -0.12605929
v -0.04095642 0.03638887 -0.12232484
v -0.04303075 0.03783912 -0.11846965
v -0.04484868 0.03933250 -0.11450065
v -0.04563096 0.04009966 -0.11246219
v -0.04630485 0.04088494 -0.11037565
v -0.00513489 0.02698246 -0.14726238
v -0.00742403 0.02709824 -0.14695494
v -0.00969331 0.02725832 -0.14652985
v -0.01194332 0.02746425 -0.14598309
v -0.01416440 0.02771568 -0.14531547
v -0.01634093 0.02801061 -0.14453238
v -0.01845767 0.02834696 -0.14363930
v -0.02050991 0.02872331 -0.14263998
v -0.02250258 0.02913894 -0.14153631
v -0.02443536 0.02959287 -0.14033090
v -0.02630821 0.03008411 -0.13902633
v -0.02810908 0.03060794 -0.13763510
v -0.02982825 0.03115938 -0.13617049
v -0.03146948 0.03173710 -0.13463596
v -0.03303665 0.03233984 -0.13303483
v -0.03453438 0.03296735 -0.13136783
v -0.03596275 0.03361753 -0.12964046
v -0.03859991 0.03497068 -0.12604515
v -0.04094237 0.03637565 -0.12231173
v -0.04301631 0.03782593 -0.11845750
v -0.04483386 0.03931936 -0.11448973
v -0.04561593 0.04008654 -0.11245205
v -0.04628965 0.04087183 -0.11036631
v -0.00513334 0.02696622 -0.14724199
v -0.00742176 0.02708202 -0.14693466
v -0.00969030 0.02724212 -0.14650974
v -0.01193956 0.02744808 -0.14596316
v -0.01415990 0.02769955 -0.14529578
v -0.01633570 0.02799452 -0.14451300
v -0.01845174 0.02833092 -0.14362024
v -0.02050330 0.02870732 -0.14262128
v -0.02249532 0.02912302 -0.14151800
v -0.02442748 0.02957700 -0.14031301
v -0.02629976 0.03006830 -0.13900888
v -0.02810008 0.03059220 -0.13761812
v -0.02981875 0.03114370 -0.13615398
v -0.03145953 0.03172148 -0.13461992
v -0.03302627 0.03232430 -0.13301927
v -0.03452362 0.03295186 -0.13135275
v -0.03595164 0.03360211 -0.12962584
v -0.03858819 0.03495537 -0.12603147
v -0.04093016 0.03636045 -0.12229893
v -0.04300369 0.03781084 -0.11844555
v -0.04482081 0.03930438 -0.11447890
v -0.04560268 0.04007165 -0.11244189
v -0.04627620 0.04085702 -0.11035685
v -0.00513215 0.02694763 -0.14722402
v -0.00742001 0.02706346 -0.14691676
v -0.00968797 0.02722360 -0.14649194
v -0.01193665 0.02742961 -0.14594550
v -0.01415639 0.02768115 -0.14527830
v -0.01633162 0.02797619 -0.14449571
v -0.01844710 0.02831267 -0.14360318
v -0.02049811 0.02868916 -0.14260449
v -0.02248959 0.02910495 -0.14150150
v -0.02442124 0.02955904 -0.14029682
v -0.02629303 0.03005045 -0.13899301
v -0.02809289 0.03057445 -0.13760261
v -0.02981112 0.03112606 -0.13613881
v -0.03145150 0.03170395 -0.13460512
v -0.03301786 0.03230687 -0.13300483
v -0.03451486 0.03293453 -0.13133869
v -0.03594254 0.03358488 -0.12961216
v -0.03857853 0.03493834 -0.12601852
v -0.04092001 0.03634360 -0.12228671
v -0.04299314 0.03779415 -0.11843403
v -0.04480976 0.03928788 -0.11446835
v -0.04559140 0.04005527 -0.11243190
v -0.04626474 0.04084079 -0.11034743
v -0.00513134 0.02692724 -0.14720879
v -0.00741880 0.02704310 -0.14690158
v -0.00968637 0.02720330 -0.14647684
v -0.01193462 0.02740937 -0.14593045
v -0.01415394 0.02766100 -0.14526334
v -0.01632875 0.02795613 -0.14448087
v -0.01844382 0.02829272 -0.14358848
v -0.02049441 0.02866933 -0.14258994
v -0.02248547 0.02908525 -0.14148712
v -0.02441672 0.02953947 -0.14028263
v -0.02628812 0.03003102 -0.13897903
v -0.02808760 0.03055516 -0.13758886
v -0.02980546 0.03110691 -0.13612530
v -0.03144549 0.03168494 -0.13459185
v -0.03301153 0.03228799 -0.13299181
v -0.03450821 0.03291579 -0.13132593
v -0.03593559 0.03356627 -0.12959968
v -0.03857104 0.03491998 -0.12600656
v -0.04091207 0.03632547 -0.12227528
v -0.04298478 0.03777623 -0.11842313
v -0.04480087 0.03927018 -0.11445829
v -0.04558228 0.04003776 -0.11242225
v -0.04625541 0.04082347 -0.11033821
v -0.00513090 0.02690565 -0.14719655
v -0.00741814 0.02702155 -0.14688933
v -0.00968547 0.02718180 -0.14646460
v -0.01193347 0.02738796 -0.14591824
v -0.01415252 0.02763968 -0.14525114
v -0.01632709 0.02793492 -0.14446869
v -0.01844190 0.02827164 -0.14357634
v -0.02049219 0.02864839 -0.14257784
v -0.02248295 0.02906445 -0.14147508
v -0.02441392 0.02951882 -0.14027067
v -0.02628504 0.03001053 -0.13896714
v -0.02808421 0.03053484 -0.13757706
v -0.02980179 0.03108674 -0.13611363
v -0.03144153 0.03166493 -0.13458028
v -0.03300730 0.03226815 -0.13298038
v -0.03450370 0.03289609 -0.13131467
v -0.03593082 0.03354672 -0.12958857
v -0.03856578 0.03490073 -0.12599577
v -0.04090637 0.03630649 -0.12226484
v -0.04297869 0.03775749 -0.11841305
v -0.04479418 0.03925170 -0.11444887
v -0.04557537 0.04001948 -0.11241310
v -0.04624828 0.04080541 -0.11032935
v -0.00513082 0.02688344 -0.14718728
v -0.00741800 0.02699939 -0.14688006
v -0.00968526 0.02715970 -0.14645529
v -0.01193316 0.02736594 -0.14590888
v -0.01415210 0.02761777 -0.14524172
v -0.01632657 0.02791313 -0.14445922
v -0.01844127 0.02824998 -0.14356682
v -0.02049140 0.02862687 -0.14256826
v -0.02248198 0.02904309 -0.14146546
v -0.02441278 0.02949763 -0.14026099
v -0.02628372 0.02998951 -0.13895744
v -0.02808268 0.03051398 -0.13756734
v -0.02980003 0.03106605 -0.13610391
v -0.03143955 0.03164442 -0.13457057
v -0.03300510 0.03224781 -0.13297068
v -0.03450127 0.03287591 -0.13130501
v -0.03592816 0.03352669 -0.12957898
v -0.03856270 0.03488102 -0.12598628
v -0.04090289 0.03628705 -0.12225551
v -0.04297481 0.03773832 -0.11840392
v -0.04478970 0.03923278 -0.11444022
v -0.04557065 0.04000079 -0.11240459
v -0.04624334 0.04078696 -0.11032099
v -0.00513105 0.02686119 -0.14718093
v -0.00741832 0.02697717 -0.14687365
v -0.00968566 0.02713755 -0.14644884
v -0.01193361 0.02734387 -0.14590231
v -0.01415258 0.02759580 -0.14523503
v -0.01632709 0.02789128 -0.14445241
v -0.01844183 0.02822826 -0.14355986
v -0.02049191 0.02860530 -0.14256117
v -0.02248242 0.02902167 -0.14145823
v -0.02441316 0.02947638 -0.14025362
v -0.02628401 0.02996843 -0.13894992
v -0.02808284 0.03049307 -0.13755971
v -0.02980004 0.03104531 -0.13609616
v -0.03143942 0.03162385 -0.13456273
v -0.03300481 0.03222741 -0.13296273
v -0.03450080 0.03285567 -0.13129701
v -0.03592749 0.03350661 -0.12957095
v -0.03856168 0.03486125 -0.12597814
v -0.04090149 0.03626757 -0.12224737
v -0.04297304 0.03771910 -0.11839581
v -0.04478732 0.03921381 -0.11443242
v -0.04556804 0.03998205 -0.11239681
v -0.04624050 0.04076845 -0.11031321
v -0.04478689 0.03919511 -0.11442555
v -0.04556740 0.03996355 -0.11238981
v -0.04623965 0.04075020 -0.11030611
v -0.04478821 0.03917690 -0.11441959
v -0.04556852 0.03994558 -0.11238363
v -0.04624057 0.04073245 -0.11029970
v -0.04655256 0.04115837 -0.10917138
v -0.04698110 0.04172306 -0.10828577
v -0.04696228 0.04172193 -0.10828092
v -0.04694320 0.04171892 -0.10827529
v -0.04692419 0.04171389 -0.10826890
v -0.04690557 0.04170678 -0.10826182
v -0.04688770 0.04169758 -0.10825410
v -0.04687095 0.04168636 -0.10824588
v -0.04685564 0.04167328 -0.10823727
v -0.04684205 0.04165854 -0.10822845
v -0.04683043 0.04164243 -0.10821956
v -0.04682091 0.04162527 -0.10821076
v -0.04681357 0.04160740 -0.10820220
v -0.04680841 0.04158915 -0.10819401
v -0.04680536 0.04157086 -0.10818629
v -0.04680426 0.04155281 -0.10817913
v -0.04680497 0.04153525 -0.10817258
v -0.04728101 0.04234649 -0.10602160
v -0.04728051 0.04236389 -0.10602825
v -0.04728180 0.04238177 -0.10603543
v -0.04728505 0.04239990 -0.10604308
v -0.04729038 0.04241798 -0.10605110
v -0.04729788 0.04243570 -0.10605940
v -0.04730754 0.04245273 -0.10606784
v -0.04731929 0.04246873 -0.10607629
v -0.04733296 0.04248341 -0.10608458
v -0.04734835 0.04249648 -0.10609257
v -0.04736516 0.04250773 -0.10610013
v -0.04738306 0.04251701 -0.10610714
v -0.04740172 0.04252425 -0.10611349
v -0.04742076 0.04252945 -0.10611913
v -0.04743987 0.04253267 -0.10612401
v -0.04745875 0.04253403 -0.10612813
v -0.04800788 0.04397534 -0.10170001
v -0.04800784 0.04399260 -0.10170649
v -0.04800958 0.04401032 -0.10171339
v -0.04801324 0.04402827 -0.10172065
v -0.04801895 0.04404617 -0.10172816
v -0.04802677 0.04406371 -0.10173584
v -0.04803668 0.04408057 -0.10174355
v -0.04804861 0.04409645 -0.10175116
v -0.04806240 0.04411104 -0.10175856
v -0.04807783 0.04412407 -0.10176560
v -0.04809463 0.04413534 -0.10177216
v -0.04811249 0.04414471 -0.10177815
v -0.04813104 0.04415209 -0.10178350
v -0.04814998 0.04415749 -0.10178815
v -0.04816898 0.04416095 -0.10179208
v -0.03781986 0.03184798 -0.12708472
v -0.03752462 0.03167413 -0.12753665
v -0.03770961 0.03211803 -0.12725487
v -0.03810949 0.03220707 -0.12662955
v -0.03810949 0.03202307 -0.12662955
v -0.03800137 0.03238583 -0.12680088
v -0.03789248 0.03256409 -0.12697172
v -0.04875002 0.05304518 -0.07276294
v -0.04875000 0.05204518 -0.07469797
v -0.04875002 0.05304517 -0.07758566
v -0.04875000 0.05150433 -0.07598526
v -0.04875000 0.04886044 -0.08285773
v -0.04875000 0.04623027 -0.08969596
v -0.04875000 0.04849748 -0.08969596
v -0.04875000 0.05117365 -0.08257583
v -0.04875002 0.05304517 -0.07759651
v -0.04875000 0.05304894 -0.07758647
v -0.03037946 0.05886543 -0.02805280
v -0.03042350 0.05902758 -0.02814380
v -0.04322819 0.04671631 -0.02780011
v -0.04258719 0.04869530 -0.02779976
v -0.04289985 0.04895266 -0.02789734
v -0.03010290 0.05795106 -0.02777437
v -0.03026631 0.05850855 -0.02790137
v -0.03015039 0.05813457 -0.02780124
v -0.03213317 0.05758956 -0.02777415
v -0.03219464 0.05776973 -0.02780047
v -0.03234353 0.05813255 -0.02789923
v -0.03822668 0.05586325 -0.02790297
v -0.03800564 0.05554196 -0.02780187
v -0.03733160 0.05643554 -0.02790249
v -0.03711970 0.05610830 -0.02780169
v -0.03638386 0.05691059 -0.02790119
v -0.03618219 0.05657657 -0.02780121
v -0.03439107 0.05762736 -0.02789891
v -0.03421368 0.05727875 -0.02780035
v -0.03789791 0.05538763 -0.02777456
v -0.03702073 0.05594813 -0.02777450
v -0.03609157 0.05641095 -0.02777436
v -0.03413837 0.05710429 -0.02777411
v -0.03956521 0.05413818 -0.02780134
v -0.04023037 0.05332740 -0.02780086
v -0.04009806 0.05319022 -0.02777426
v -0.03944082 0.05399535 -0.02777440
v -0.03870679 0.05473133 -0.02777451
v -0.03882308 0.05487984 -0.02780170
v -0.04209238 0.05090306 -0.02789727
v -0.04179985 0.05061905 -0.02779974
v -0.04108340 0.05275920 -0.02789887
v -0.04081701 0.05245805 -0.02780034
v -0.04048254 0.05363358 -0.02790027
v -0.03980549 0.05444925 -0.02790156
v -0.03905319 0.05519588 -0.02790252
v -0.04554528 0.03679162 -0.02788964
v -0.04519624 0.03674712 -0.02780133
v -0.04499159 0.04077561 -0.02790076
v -0.04461940 0.04065285 -0.02780104
v -0.04459794 0.04285071 -0.02790013
v -0.04423503 0.04269092 -0.02780081
v -0.04412002 0.04490506 -0.02789934
v -0.04377192 0.04471153 -0.02780051
v -0.04355829 0.04694202 -0.02789828
v -0.04067671 0.05232660 -0.02777411
v -0.04164650 0.05049993 -0.02777393
v -0.04242514 0.04858945 -0.02777394
v -0.04305978 0.04662412 -0.02777404
v -0.04359747 0.04463286 -0.02777416
v -0.04510752 0.03673581 -0.02778660
v -0.04443687 0.04060213 -0.02777432
v -0.04562300 0.04115331 -0.02824202
v -0.04550843 0.04094314 -0.02814283
v -0.04541947 0.04225583 -0.02824202
v -0.04510229 0.04306826 -0.02814235
v -0.04470422 0.04537785 -0.02824203
v -0.04460480 0.04516834 -0.02814175
v -0.04429691 0.04684011 -0.02824203
v -0.04401886 0.04724952 -0.02814094
v -0.04342645 0.04949391 -0.02824203
v -0.04333598 0.04930454 -0.02814022
v -0.04322198 0.05002102 -0.02824203
v -0.04249996 0.05129304 -0.02814018
v -0.03041437 0.05917977 -0.02824294
v -0.03255585 0.05878785 -0.02824200
v -0.03254600 0.05863667 -0.02814166
v -0.03258504 0.05878166 -0.02824200
v -0.03463550 0.05811137 -0.02814148
v -0.03417227 0.05839881 -0.02824215
v -0.03464703 0.05826415 -0.02824214
v -0.03666398 0.05737304 -0.02814318
v -0.03666025 0.05753672 -0.02824205
v -0.03762593 0.05688836 -0.02814418
v -0.03816039 0.05673908 -0.02824206
v -0.03853313 0.05630833 -0.02814454
v -0.03944392 0.05576788 -0.02824205
v -0.03937213 0.05563402 -0.02814420
v -0.04013919 0.05488005 -0.02814346
v -0.04068303 0.05448404 -0.02824204
v -0.04083353 0.05405676 -0.02814248
v -0.04088412 0.05423461 -0.02824204
v -0.04145441 0.05317450 -0.02814140
v -0.04201356 0.05254383 -0.02824204
v -0.04257642 0.05148102 -0.02824204
v -0.03248892 0.05847810 -0.02805015
v -0.03456478 0.05795862 -0.02804982
v -0.03658012 0.05722808 -0.02805236
v -0.03753614 0.05674740 -0.02805383
v -0.03843780 0.05617096 -0.02805436
v -0.03927111 0.05550018 -0.02805386
v -0.04003201 0.05475006 -0.02805277
v -0.04071983 0.05393079 -0.02805133
v -0.04133393 0.05305266 -0.02804975
v -0.04236788 0.05118122 -0.02804795
v -0.04319536 0.04920498 -0.02804802
v -0.04387152 0.04716311 -0.02804908
v -0.04445134 0.04509463 -0.02805027
v -0.04494397 0.04300731 -0.02805116
v -0.04534695 0.04089573 -0.02805187
v -0.04597449 0.03684637 -0.02806486
v -0.04626353 0.03688331 -0.02824201
v -0.03376219 0.06212825 -0.03085149
v -0.03135254 0.06260023 -0.03085084
v -0.03613372 0.06148809 -0.03085176
v -0.03842147 0.06059676 -0.03085153
v -0.03951010 0.06002961 -0.03085133
v -0.04054776 0.05937353 -0.03085113
v -0.04152307 0.05862701 -0.03085095
v -0.04242679 0.05779663 -0.03085077
v -0.04325715 0.05689003 -0.03085058
v -0.04401233 0.05591915 -0.03085040
v -0.04530177 0.05383495 -0.03085005
v -0.04635176 0.05161367 -0.03084970
v -0.04721384 0.04931368 -0.03084936
v -0.04792479 0.04696263 -0.03084921
v -0.04851646 0.04457858 -0.03085150
v -0.04900477 0.04217179 -0.03085181
v -0.04974643 0.03731469 -0.03084831
v -0.03970242 0.03207264 -0.12650067
v -0.03819896 0.03207263 -0.12650070
v -0.03897378 0.03256410 -0.12697169
v -0.03815427 0.03213987 -0.12656513
v -0.04441464 0.03694666 -0.11531164
v -0.04432571 0.03629915 -0.11551327
v -0.04490708 0.03694666 -0.11531164
v -0.04509318 0.03629916 -0.11551326
v -0.00450260 0.02488253 -0.14740913
v -0.00450260 0.02402981 -0.14740913
v -0.00201575 0.02488264 -0.14740883
v -0.00200027 0.02402980 -0.14740916
v -0.00200028 0.02488252 -0.14740916
v -0.02385431 0.02722796 -0.14116889
v -0.02334772 0.02722797 -0.14116891
v -0.02425922 0.02753137 -0.14036168
v -0.02615442 0.02777307 -0.13972247
v -0.00963127 0.02523830 -0.14646256
v -0.01052777 0.02524263 -0.14645106
v -0.00741218 0.02508354 -0.14687432
v -0.00578906 0.02491377 -0.14732601
v -0.00499208 0.02496378 -0.14719296
v -0.00514672 0.02489034 -0.14738835
v -0.00474384 0.02495428 -0.14721823
v -0.02624149 0.02804584 -0.13899291
v -0.02644493 0.02810199 -0.13884351
v -0.02838267 0.02837252 -0.13813065
v -0.02858888 0.02873455 -0.13716055
v -0.03053078 0.02902411 -0.13639794
v -0.03066555 0.02942400 -0.13532621
v -0.03258757 0.02972475 -0.13453090
v -0.01000789 0.02526901 -0.14638086
v -0.01253701 0.02551006 -0.14573954
v -0.01496002 0.02573528 -0.14514032
v -0.01926273 0.02640124 -0.14336848
v -0.01978080 0.02656723 -0.14292687
v -0.02064975 0.02665924 -0.14268205
v -0.02209733 0.02703347 -0.14168639
v -0.02236651 0.02709207 -0.14153048
v -0.03215848 0.02997146 -0.13386966
v -0.03267707 0.03017260 -0.13333450
v -0.03454601 0.03047489 -0.13253367
v -0.03462478 0.03098291 -0.13117863
v -0.03638829 0.03126885 -0.13042048
v -0.04295344 0.03576871 -0.11844566
v -0.04302200 0.03582079 -0.11830709
v -0.04317444 0.03535418 -0.11954793
v -0.04308888 0.03587188 -0.11817116
v -0.01406827 0.02568659 -0.14526987
v -0.01500534 0.02580650 -0.14495084
v -0.01553111 0.02581258 -0.14493467
v -0.01741829 0.02615864 -0.14401394
v -0.01831093 0.02630536 -0.14362358
v -0.03551397 0.03138383 -0.13011193
v -0.03650937 0.03185779 -0.12885094
v -0.03810908 0.03210387 -0.12819694
v -0.03788736 0.03256411 -0.12696812
v -0.03864328 0.03297427 -0.12588046
v -0.04051345 0.03346477 -0.12457580
v -0.03967414 0.03356939 -0.12429710
v -0.04190510 0.03438946 -0.12211476
v -0.04133604 0.03461847 -0.12150595
v -0.04288473 0.03571681 -0.11858373
v -0.04315407 0.03592195 -0.11803795
v -0.04321755 0.03597097 -0.11790753
v -0.04431610 0.03635744 -0.11687926
v -0.04327932 0.03601892 -0.11777995
v -0.04333937 0.03606578 -0.11765528
v -0.04339769 0.03611151 -0.11753360
v -0.04345426 0.03615610 -0.11741497
v -0.04350908 0.03619951 -0.11729947
v -0.04356214 0.03624173 -0.11718715
v -0.04361342 0.03628272 -0.11707810
v -0.04366292 0.03632245 -0.11697238
v -0.04371062 0.03636091 -0.11687007
v -0.04375651 0.03639806 -0.11677123
v -0.04380057 0.03643387 -0.11667594
v -0.04384280 0.03646833 -0.11658426
v -0.04388319 0.03650140 -0.11649628
v -0.04392171 0.03653305 -0.11641206
v -0.04395835 0.03656327 -0.11633166
v -0.04399310 0.03659203 -0.11625516
v -0.04466996 0.03670284 -0.11596033
v -0.04402596 0.03661928 -0.11618263
v -0.04405689 0.03664503 -0.11611414
v -0.04408589 0.03666923 -0.11604975
v -0.04411294 0.03669186 -0.11598954
v -0.04413803 0.03671290 -0.11593356
v -0.04416114 0.03673233 -0.11588188
v -0.04418225 0.03675010 -0.11583458
v -0.04420134 0.03676622 -0.11579171
v -0.04421840 0.03678064 -0.11575335
v -0.04423397 0.03679381 -0.11571829
v -0.04424046 0.03679993 -0.11570389
v -0.04478986 0.03682463 -0.11563629
v -0.02560900 0.02670829 -0.14044605
v -0.02449912 0.02670829 -0.14044605
v -0.02392615 0.02697125 -0.14081183
v -0.03900576 0.03167415 -0.12753662
v -0.02742010 0.02717577 -0.13923091
v -0.02961710 0.02780985 -0.13758408
v -0.03172097 0.02849372 -0.13580567
v -0.03371155 0.02922089 -0.13391352
v -0.03558844 0.02999260 -0.13190836
v -0.03735616 0.03081126 -0.12978075
v -0.03886812 0.06404261 -0.06351674
v -0.04113171 0.06404264 -0.06351677
v -0.04003335 0.06437030 -0.06330276
v -0.03024990 0.06534625 -0.06266545
v -0.03001219 0.06489234 -0.06296185
v -0.03875173 0.06344984 -0.06390383
v -0.02975474 0.06440060 -0.06328297
v -0.02993076 0.06344900 -0.06390438
v -0.02954157 0.06431213 -0.06334075
v -0.02932698 0.06423055 -0.06339402
v -0.03886812 0.06345031 -0.06390820
v -0.03886812 0.06468502 -0.06309724
v -0.03766037 0.06498107 -0.06290391
v -0.03479632 0.06559139 -0.06250536
v -0.03287383 0.06594633 -0.06227358
v -0.03074530 0.06629180 -0.06204798
v -0.04345495 0.05707267 -0.03109425
v -0.04261218 0.05798928 -0.03109381
v -0.04276998 0.05817394 -0.03139872
v -0.04734419 0.04936096 -0.03096380
v -0.04647805 0.05167232 -0.03096443
v -0.04659439 0.05174532 -0.03109821
v -0.04161164 0.05872947 -0.03096287
v -0.04252311 0.05789149 -0.03096269
v -0.05053190 0.03747129 -0.03191531
v -0.05045007 0.03745347 -0.03173167
v -0.04969101 0.04241243 -0.03175276
v -0.05022194 0.03740121 -0.03135254
v -0.05001542 0.03735821 -0.03109605
v -0.04926485 0.04223839 -0.03109681
v -0.04913532 0.04219932 -0.03096269
v -0.04994820 0.03734578 -0.03102546
v -0.05056798 0.03747809 -0.03201495
v -0.04936734 0.04466846 -0.03209088
v -0.04998793 0.04150896 -0.03209281
v -0.04976367 0.04244164 -0.03192628
v -0.04925790 0.04490367 -0.03192658
v -0.04864899 0.04734169 -0.03192664
v -0.04868262 0.04742733 -0.03208902
v -0.04791372 0.04974531 -0.03192585
v -0.04794079 0.04983269 -0.03208790
v -0.04733277 0.05147386 -0.03208759
v -0.04701821 0.05209295 -0.03192548
v -0.04706270 0.05212608 -0.03208754
v -0.04613886 0.05406661 -0.03208713
v -0.04592244 0.05435456 -0.03192195
v -0.04596560 0.05438723 -0.03208691
v -0.04517789 0.05570136 -0.03208471
v -0.04457805 0.05647572 -0.03191276
v -0.04429522 0.05693572 -0.03207907
v -0.04379693 0.05746097 -0.03190853
v -0.04329405 0.05809406 -0.03207508
v -0.03955261 0.06093346 -0.03209094
v -0.03884973 0.06126633 -0.03200915
v -0.03810417 0.06162508 -0.03209999
v -0.03651030 0.06219477 -0.03201932
v -0.03651389 0.06221768 -0.03210474
v -0.03448157 0.06279004 -0.03210614
v -0.03162366 0.06336469 -0.03211019
v -0.03208834 0.06328457 -0.03210958
v -0.03161073 0.06332449 -0.03193790
v -0.03299890 0.06311419 -0.03210821
v -0.03407542 0.06283747 -0.03193488
v -0.02920374 0.06372516 -0.03211112
v -0.03138281 0.06273611 -0.03096609
v -0.03380069 0.06226195 -0.03096636
v -0.03618238 0.06161764 -0.03096600
v -0.03848592 0.06071765 -0.03096478
v -0.03958207 0.06014476 -0.03096401
v -0.04336024 0.05697923 -0.03096282
v -0.04412045 0.05600284 -0.03096332
v -0.04542158 0.05390466 -0.03096444
v -0.04864669 0.04461047 -0.03096303
v -0.04805714 0.04700021 -0.03096340
v -0.04877375 0.04465800 -0.03109714
v -0.04818139 0.04705650 -0.03109744
v -0.04746510 0.04942594 -0.03109764
v -0.05026039 0.03740984 -0.03140788
v -0.04950068 0.04232935 -0.03140902
v -0.04900325 0.04476811 -0.03140929
v -0.04840374 0.04718480 -0.03140926
v -0.04767918 0.04957041 -0.03140868
v -0.04679763 0.05190339 -0.03140853
v -0.04688310 0.05197810 -0.03157767
v -0.04571975 0.05415428 -0.03140696
v -0.04579845 0.05423291 -0.03157546
v -0.04439342 0.05626971 -0.03140214
v -0.04446544 0.05635047 -0.03156935
v -0.04784862 0.04969953 -0.03175184
v -0.04695686 0.05204301 -0.03175122
v -0.04586615 0.05430127 -0.03174834
v -0.04918746 0.04486840 -0.03175300
v -0.04858103 0.04730079 -0.03175287
v -0.03649779 0.06217183 -0.03193208
v -0.03883523 0.06124409 -0.03192300
v -0.03994710 0.06065847 -0.03191603
v -0.04088575 0.06012904 -0.03208202
v -0.04100917 0.05998614 -0.03191017
v -0.04212642 0.05919209 -0.03207611
v -0.04200941 0.05922469 -0.03190700
v -0.04293969 0.05838013 -0.03190653
v -0.04452714 0.05642047 -0.03174081
v -0.04374849 0.05740544 -0.03173725
v -0.04289348 0.05832471 -0.03173553
v -0.04196516 0.05916949 -0.03173586
v -0.04096654 0.05993100 -0.03173846
v -0.03990593 0.06060300 -0.03174326
v -0.03879556 0.06118791 -0.03174892
v -0.03646154 0.06211346 -0.03175611
v -0.03404359 0.06277710 -0.03175823
v -0.03158430 0.06326275 -0.03176068
v -0.04362022 0.05725423 -0.03139982
v -0.04283655 0.05825501 -0.03156501
v -0.04191005 0.05910023 -0.03156526
v -0.04091283 0.05986187 -0.03156734
v -0.03985338 0.06053338 -0.03157114
v -0.03874430 0.06111725 -0.03157559
v -0.03641355 0.06203962 -0.03158123
v -0.03400073 0.06270035 -0.03158289
v -0.03154841 0.06318410 -0.03158477
v -0.03142029 0.06286455 -0.03110082
v -0.03384684 0.06238802 -0.03110060
v -0.03623825 0.06173931 -0.03109981
v -0.03855224 0.06083233 -0.03109760
v -0.04062840 0.05948300 -0.03096333
v -0.03965380 0.06025531 -0.03109610
v -0.03861950 0.06093808 -0.03124618
v -0.03629800 0.06185114 -0.03124940
v -0.03389828 0.06250419 -0.03125050
v -0.03146280 0.06298321 -0.03125124
v -0.04184562 0.05901927 -0.03139893
v -0.04169488 0.05883154 -0.03109400
v -0.04085008 0.05978063 -0.03140053
v -0.04070579 0.05958932 -0.03109480
v -0.03979209 0.06045119 -0.03140341
v -0.04553092 0.05398536 -0.03109779
v -0.04422043 0.05609190 -0.03109538
v -0.03868457 0.06103352 -0.03140676
v -0.03635773 0.06195171 -0.03141110
v -0.03395094 0.06260884 -0.03141245
v -0.03150671 0.06309032 -0.03141376
v -0.04563045 0.05407017 -0.03124651
v -0.04431158 0.05618218 -0.03124290
v -0.04694829 0.05858796 -0.04746350
v -0.04621449 0.05786204 -0.04167822
v -0.04530342 0.05889798 -0.04168289
v -0.02900985 0.06556223 -0.04315560
v -0.03039071 0.06659802 -0.05469621
v -0.02969270 0.06702980 -0.05946193
v -0.03070223 0.06692987 -0.06039728
v -0.02820725 0.06481318 -0.03742976
v -0.03095775 0.06437381 -0.03709431
v -0.03769945 0.06264735 -0.03634360
v -0.03638910 0.06310217 -0.03647551
v -0.03369669 0.06382628 -0.03677151
v -0.03897404 0.06211671 -0.03622585
v -0.04020344 0.06150128 -0.03612475
v -0.04137833 0.06079425 -0.03604248
v -0.04248989 0.05999179 -0.03598080
v -0.04353029 0.05909380 -0.03594087
v -0.04449305 0.05810476 -0.03592311
v -0.04537353 0.05703448 -0.03592705
v -0.04617101 0.05589708 -0.03595115
v -0.04689235 0.05470400 -0.03599320
v -0.04813706 0.05218739 -0.03612297
v -0.04916154 0.04954759 -0.03630226
v -0.05000965 0.04683202 -0.03652000
v -0.05071665 0.04407392 -0.03676778
v -0.05131059 0.04129370 -0.03703924
v -0.05524186 0.04518425 -0.07162907
v -0.05565653 0.04356761 -0.07540430
v -0.05373210 0.05029179 -0.06533943
v -0.05292833 0.05298541 -0.06513969
v -0.05318308 0.05315320 -0.06921269
v -0.05355620 0.05204516 -0.06993060
v -0.05372896 0.05149411 -0.07028727
v -0.05466244 0.04790419 -0.07139727
v -0.05455561 0.04851054 -0.07220218
v -0.05492877 0.04696539 -0.07319324
v -0.05137825 0.05717972 -0.06661853
v -0.05195953 0.05607707 -0.06732342
v -0.05194924 0.05557780 -0.06497429
v -0.05213673 0.05570953 -0.06755967
v -0.05273059 0.05434822 -0.06843849
v -0.04930529 0.06002691 -0.06481115
v -0.04969978 0.05958679 -0.06509019
v -0.04999842 0.05912986 -0.06482578
v -0.05050166 0.05855710 -0.06574336
v -0.05072637 0.05800522 -0.06485868
v -0.05137310 0.05681712 -0.06490910
v -0.04414928 0.06307731 -0.05922830
v -0.04513479 0.06307159 -0.06285703
v -0.04649530 0.06230424 -0.06335080
v -0.04162563 0.06451684 -0.06193420
v -0.04221062 0.06431609 -0.06206203
v -0.04293733 0.06368115 -0.05932020
v -0.04324429 0.06392579 -0.06230900
v -0.04339879 0.06386324 -0.06234859
v -0.04354480 0.06380307 -0.06238680
v -0.04477028 0.06325304 -0.06274020
v -0.04704330 0.05675350 -0.04169388
v -0.04780185 0.05751108 -0.04747177
v -0.04779524 0.05558299 -0.04172792
v -0.05331309 0.04292513 -0.04844555
v -0.05240940 0.04214232 -0.04271929
v -0.05267871 0.04576130 -0.04818966
v -0.05179036 0.04495456 -0.04245594
v -0.05192423 0.04855890 -0.04795853
v -0.05105292 0.04773566 -0.04221729
v -0.05101683 0.05128901 -0.04775959
v -0.05016712 0.05046120 -0.04201010
v -0.04991630 0.05390979 -0.04760245
v -0.04909589 0.05309401 -0.04184322
v -0.04927944 0.05516243 -0.04754318
v -0.04857674 0.05636589 -0.04749900
v -0.05327465 0.04986925 -0.05952125
v -0.05241399 0.05260172 -0.05932384
v -0.05135969 0.05522327 -0.05916509
v -0.05074101 0.05647206 -0.05910480
v -0.05005030 0.05766556 -0.05906026
v -0.04927893 0.05879113 -0.05903415
v -0.04841805 0.05983422 -0.05902949
v -0.04876953 0.06056474 -0.06446882
v -0.04746255 0.06078168 -0.05904868
v -0.04767777 0.06148933 -0.06387585
v -0.04642348 0.06163420 -0.05909002
v -0.04531493 0.06239730 -0.05915076
v -0.05501080 0.04475164 -0.06580152
v -0.05461035 0.04424037 -0.05999112
v -0.05441400 0.04753877 -0.06556252
v -0.05399365 0.04707241 -0.05974623
v -0.03130237 0.06683811 -0.06045566
v -0.03308508 0.06611657 -0.05440542
v -0.03378278 0.06639227 -0.06019833
v -0.03576168 0.06551851 -0.05412583
v -0.03646429 0.06581759 -0.05992189
v -0.03840065 0.06476553 -0.05386464
v -0.03911034 0.06510986 -0.05966018
v -0.04096745 0.06381102 -0.05363237
v -0.04168842 0.06421616 -0.05942418
v -0.04341246 0.06260557 -0.05344224
v -0.05404343 0.04363083 -0.05420521
v -0.05341052 0.04647755 -0.05395519
v -0.05266235 0.04928512 -0.05372823
v -0.05176203 0.05202229 -0.05353226
v -0.05066360 0.05464274 -0.05337791
v -0.05002397 0.05589021 -0.05332045
v -0.04931498 0.05708348 -0.05327872
v -0.04852963 0.05821179 -0.05325492
v -0.04766092 0.05926314 -0.05325143
v -0.04670493 0.06022676 -0.05327012
v -0.04567060 0.06110246 -0.05330962
v -0.04456957 0.06189389 -0.05336772
v -0.03935194 0.06519934 -0.06150124
v -0.03696864 0.06578133 -0.06112788
v -0.03364046 0.06644554 -0.06070389
v -0.03174211 0.06510441 -0.04283498
v -0.03445933 0.06453120 -0.04252777
v -0.03713148 0.06378441 -0.04224546
v -0.03970743 0.06279415 -0.04200391
v -0.04431337 0.05985203 -0.04170843
v -0.04325098 0.06071881 -0.04175445
v -0.04212374 0.06149666 -0.04182002
v -0.04093975 0.06218707 -0.04190376
v -0.04277520 0.06208217 -0.04762990
v -0.04158300 0.06275036 -0.04771538
v -0.04034823 0.06334303 -0.04781507
v -0.03778202 0.06432593 -0.04804964
v -0.03513224 0.06508557 -0.04831895
v -0.03244113 0.06567882 -0.04861013
v -0.02973317 0.06615310 -0.04891412
v -0.05080144 0.02498670 -0.03084833
v -0.05057979 0.02864325 -0.03084833
v -0.05065690 0.02864987 -0.03090971
v -0.05115466 0.01536094 -0.03084835
v -0.05102027 0.01994216 -0.03084834
v -0.05109687 0.01994560 -0.03090922
v -0.05101496 0.03312265 -0.03191394
v -0.05089371 0.03309884 -0.03165691
v -0.05069887 0.03305884 -0.03134753
v -0.05046800 0.03301691 -0.03106762
v -0.05030204 0.03299327 -0.03091002
v -0.05022458 0.03298472 -0.03084832
v -0.05123162 0.01123364 -0.03084836
v -0.05130895 0.01123489 -0.03090962
v -0.05128854 0.00252106 -0.03084838
v -0.05147611 0.01124029 -0.03106703
v -0.05146683 0.00252098 -0.03100012
v -0.05167955 0.00252099 -0.03123144
v -0.05171131 0.01125250 -0.03134776
v -0.05177065 0.00252102 -0.03134878
v -0.05187495 0.00252107 -0.03149966
v -0.05191159 0.01126532 -0.03165787
v -0.05197101 0.00252112 -0.03165902
v -0.05203664 0.01127293 -0.03191437
v -0.05203324 0.00252116 -0.03177731
v -0.05212584 0.00252120 -0.03199294
v -0.05137392 0.02876221 -0.03191367
v -0.05126283 0.01995761 -0.03106637
v -0.05149695 0.01998224 -0.03134756
v -0.05169652 0.02000713 -0.03165811
v -0.05182087 0.02002180 -0.03191418
v -0.05082282 0.02866944 -0.03106711
v -0.05105488 0.02870586 -0.03134742
v -0.05125149 0.02874127 -0.03165712
v -0.05100663 0.05378110 -0.07444469
v -0.05099269 0.05416963 -0.07361671
v -0.05079333 0.05580357 -0.07081873
v -0.05090728 0.05509822 -0.07191583
v -0.05171403 0.05439860 -0.07144037
v -0.05095165 0.05471296 -0.07258087
v -0.05209621 0.05289738 -0.07308013
v -0.05074738 0.05634364 -0.06995670
v -0.05066301 0.05640479 -0.06998654
v -0.05075525 0.05599448 -0.07054505
v -0.05120844 0.05594276 -0.06988568
v -0.05052524 0.05692681 -0.06932947
v -0.05027663 0.05771189 -0.06844012
v -0.05118809 0.05619320 -0.06954194
v -0.05198044 0.05458736 -0.07068636
v -0.05244241 0.05349293 -0.07145414
v -0.05272049 0.05276853 -0.07195657
v -0.05297967 0.05204517 -0.07245342
v -0.05324521 0.05289955 -0.07001384
v -0.05352913 0.05204573 -0.07056732
v -0.05355686 0.05204548 -0.07024094
v -0.05171411 0.05657435 -0.06730628
v -0.05132880 0.05730669 -0.06684019
v -0.05125875 0.05741914 -0.06706191
v -0.05126800 0.05632105 -0.06923276
v -0.05044586 0.05770970 -0.06826239
v -0.05144320 0.05626829 -0.06901187
v -0.05061059 0.05769982 -0.06808158
v -0.05045369 0.05770942 -0.06825400
v -0.05160878 0.05620329 -0.06877501
v -0.05071351 0.05768686 -0.06796059
v -0.05064407 0.05769634 -0.06804313
v -0.05176029 0.05612648 -0.06852812
v -0.05090930 0.05764116 -0.06770444
v -0.05082990 0.05766346 -0.06781302
v -0.05189328 0.05603826 -0.06827718
v -0.05103905 0.05758980 -0.06750768
v -0.05096210 0.05762283 -0.06762774
v -0.05200332 0.05593907 -0.06802812
v -0.05124351 0.05743748 -0.06710172
v -0.05113335 0.05753520 -0.06734174
v -0.05134776 0.05726419 -0.06676361
v -0.05208595 0.05582932 -0.06778692
v -0.05274756 0.05431513 -0.06876813
v -0.05356053 0.05204535 -0.07007754
v -0.05343126 0.05204536 -0.07113201
v -0.05314904 0.05302005 -0.07026993
v -0.05340412 0.05204530 -0.07124921
v -0.05303204 0.05313408 -0.07052986
v -0.05332748 0.05204529 -0.07153890
v -0.05289816 0.05324017 -0.07078640
v -0.05321125 0.05204515 -0.07190283
v -0.05259547 0.05342270 -0.07126036
v -0.05275133 0.05333687 -0.07103231
v -0.05303887 0.05204527 -0.07233122
v -0.05197948 0.05488929 -0.07024133
v -0.05214526 0.05481876 -0.07001636
v -0.05230141 0.05473709 -0.06977420
v -0.05244383 0.05464508 -0.06952157
v -0.05256840 0.05454354 -0.06926520
v -0.05267102 0.05443329 -0.06901181
v -0.04872261 0.04736587 -0.09270265
v -0.04800788 0.04161268 -0.10170001
v -0.04842233 0.04299828 -0.09809795
v -0.04836467 0.04510467 -0.09870300
v -0.04860699 0.04393438 -0.09566443
v -0.04860463 0.04623482 -0.09570388
v -0.04860728 0.04625148 -0.09565966
v -0.04866399 0.04434871 -0.09458732
v -0.04874409 0.04557362 -0.09140301
v -0.04390319 0.06329045 -0.06398088
v -0.04386152 0.06326515 -0.06401195
v -0.04414970 0.06303748 -0.06419092
v -0.04377740 0.06320982 -0.06406932
v -0.04296547 0.06370972 -0.06367783
v -0.04281762 0.06381315 -0.06358253
v -0.04273640 0.06376851 -0.06364845
v -0.04236767 0.06421673 -0.06299061
v -0.04244025 0.06422003 -0.06289393
v -0.04212742 0.06435329 -0.06265230
v -0.04191175 0.06434965 -0.06294229
v -0.04198530 0.06435767 -0.06284966
v -0.04167324 0.06449266 -0.06260652
v -0.04221104 0.06403394 -0.06342752
v -0.04235955 0.06393214 -0.06352446
v -0.04243998 0.06397372 -0.06345650
v -0.04191154 0.06422525 -0.06322245
v -0.04206171 0.06413172 -0.06332689
v -0.04214016 0.06416310 -0.06325078
v -0.04746715 0.06062698 -0.06610194
v -0.04727039 0.06049858 -0.06622128
v -0.04782077 0.06004772 -0.06663037
v -0.04340874 0.06388897 -0.06284005
v -0.04347247 0.06386266 -0.06272862
v -0.04315406 0.06398197 -0.06248835
v -0.04155918 0.06455419 -0.06230292
v -0.04154854 0.06455523 -0.06235367
v -0.04174276 0.06448518 -0.06250644
v -0.04150271 0.06454840 -0.06255391
v -0.04145215 0.06452275 -0.06274648
v -0.04152958 0.06448949 -0.06279679
v -0.04145567 0.06447907 -0.06288654
v -0.04138525 0.06446445 -0.06296506
v -0.04138211 0.06446110 -0.06297443
v -0.04153216 0.06437726 -0.06308474
v -0.04132586 0.06439247 -0.06313022
v -0.04130315 0.06436033 -0.06318703
v -0.04137526 0.06431407 -0.06323639
v -0.04224192 0.06367362 -0.06376132
v -0.04211206 0.06376990 -0.06369454
v -0.04206565 0.06373512 -0.06372005
v -0.04369235 0.06314889 -0.06412102
v -0.04364860 0.06311800 -0.06414381
v -0.04429235 0.06279712 -0.06437294
v -0.04889530 0.05805469 -0.06871688
v -0.04898728 0.05810123 -0.06864682
v -0.04871052 0.05830929 -0.06842705
v -0.05056214 0.05814822 -0.06742183
v -0.04863590 0.06072166 -0.06459599
v -0.04477249 0.06325383 -0.06275478
v -0.04422769 0.06354090 -0.06297434
v -0.04454063 0.06339785 -0.06320380
v -0.04466108 0.06333548 -0.06298126
v -0.04391188 0.06367274 -0.06274036
v -0.04565267 0.06284123 -0.06354220
v -0.04570939 0.06280717 -0.06343177
v -0.04539924 0.06296596 -0.06321058
v -0.04612288 0.06255912 -0.06342619
v -0.04742214 0.06171802 -0.06403755
v -0.04800025 0.06128468 -0.06443238
v -0.04966999 0.05966177 -0.06531589
v -0.05058276 0.05847489 -0.06600566
v -0.05053236 0.05856681 -0.06622297
v -0.05094691 0.05794210 -0.06656743
v -0.05068807 0.05812347 -0.06721367
v -0.05079605 0.05808114 -0.06700096
v -0.05034818 0.05815519 -0.06772261
v -0.04994852 0.05810035 -0.06819145
v -0.05012725 0.05775043 -0.06853134
v -0.05002716 0.05779292 -0.06855492
v -0.04994352 0.05778136 -0.06863690
v -0.04958919 0.05780670 -0.06882168
v -0.04960421 0.05780637 -0.06881439
v -0.04961015 0.05801220 -0.06854045
v -0.04878497 0.05798946 -0.06880280
v -0.04883967 0.05786848 -0.06894790
v -0.04907923 0.05780151 -0.06900885
v -0.04888821 0.05775844 -0.06908337
v -0.04896869 0.05777042 -0.06906365
v -0.04903459 0.05777921 -0.06904513
v -0.04906756 0.05778311 -0.06903501
v -0.04916924 0.05784345 -0.06893592
v -0.04923405 0.05779817 -0.06897670
v -0.04925844 0.05788199 -0.06886043
v -0.04875609 0.05805183 -0.06872887
v -0.04880262 0.05800440 -0.06878403
v -0.04865181 0.05826889 -0.06847621
v -0.04857421 0.05842291 -0.06830107
v -0.04835628 0.05882595 -0.06785811
v -0.04841748 0.05871682 -0.06797595
v -0.04862172 0.05862113 -0.06807428
v -0.04846223 0.05863508 -0.06806521
v -0.04677712 0.06093219 -0.06584132
v -0.04766249 0.06074421 -0.06597074
v -0.04656179 0.06168573 -0.06519200
v -0.04636116 0.06133448 -0.06550296
v -0.04517434 0.06245332 -0.06462045
v -0.04552316 0.06202018 -0.06495475
v -0.04508578 0.06238986 -0.06467275
v -0.04450865 0.06267712 -0.06446026
v -0.04443480 0.06280299 -0.06436712
v -0.04436827 0.06275573 -0.06440297
v -0.04406408 0.06297647 -0.06424307
v -0.04350825 0.06318074 -0.06409974
v -0.04340401 0.06338055 -0.06394882
v -0.04347410 0.06319566 -0.06408928
v -0.04331955 0.06332029 -0.06400068
v -0.04326563 0.06328426 -0.06402751
v -0.04317117 0.06332310 -0.06400057
v -0.04294574 0.06349087 -0.06388149
v -0.04287069 0.06344215 -0.06391854
v -0.04286448 0.06344454 -0.06391689
v -0.04257105 0.06366083 -0.06376265
v -0.04255459 0.06356110 -0.06383736
v -0.04202445 0.06374931 -0.06371056
v -0.04196609 0.06388579 -0.06361020
v -0.04194077 0.06377794 -0.06369144
v -0.04166915 0.06386910 -0.06363084
v -0.04165274 0.06387798 -0.06362478
v -0.04164771 0.06387620 -0.06362615
v -0.04150692 0.06399658 -0.06354251
v -0.04143702 0.06394508 -0.06358068
v -0.04139624 0.06395826 -0.06357201
v -0.04136049 0.06411196 -0.06345659
v -0.04127727 0.06405193 -0.06350789
v -0.04119682 0.06417836 -0.06341101
v -0.04122560 0.06401289 -0.06353617
v -0.04122527 0.06423199 -0.06335752
v -0.04121864 0.06421980 -0.06337041
v -0.04181059 0.06447153 -0.06240346
v -0.04157598 0.06455024 -0.06221902
v -0.04159946 0.06453940 -0.06209278
v -0.04378776 0.06373163 -0.06296416
v -0.04372182 0.06375127 -0.06307353
v -0.04365314 0.06376301 -0.06318018
v -0.04409962 0.06358799 -0.06319442
v -0.04403115 0.06359993 -0.06330095
v -0.04395976 0.06360309 -0.06340386
v -0.04392305 0.06360121 -0.06345357
v -0.04440787 0.06343129 -0.06341910
v -0.04447589 0.06341869 -0.06331268
v -0.04416509 0.06356800 -0.06308530
v -0.04463824 0.06325656 -0.06373715
v -0.04478764 0.06316265 -0.06384243
v -0.04486331 0.06317191 -0.06374542
v -0.04411156 0.06351779 -0.06351309
v -0.04426239 0.06342905 -0.06362061
v -0.04433661 0.06343489 -0.06352213
v -0.04448790 0.06334735 -0.06363039
v -0.04456061 0.06334803 -0.06352929
v -0.04471243 0.06326155 -0.06363806
v -0.04478322 0.06325683 -0.06353479
v -0.04572148 0.06238716 -0.06462070
v -0.04547890 0.06263350 -0.06439014
v -0.04543611 0.06261319 -0.06442878
v -0.04518934 0.06284907 -0.06419300
v -0.04515683 0.06307577 -0.06364789
v -0.04485042 0.06324290 -0.06342837
v -0.04418436 0.06351911 -0.06341232
v -0.04559240 0.06286825 -0.06365113
v -0.04528491 0.06303535 -0.06343255
v -0.04522277 0.06305977 -0.06354131
v -0.04497435 0.06319091 -0.06320921
v -0.04491405 0.06322058 -0.06331964
v -0.04589421 0.06246580 -0.06446189
v -0.04560404 0.06268007 -0.06426272
v -0.04556300 0.06266706 -0.06430694
v -0.04531043 0.06288499 -0.06405947
v -0.04527080 0.06287558 -0.06410560
v -0.04501326 0.06307919 -0.06385142
v -0.04497509 0.06307374 -0.06389956
v -0.04618112 0.06224384 -0.06465790
v -0.04580890 0.06243115 -0.06454513
v -0.04552125 0.06265150 -0.06434947
v -0.04523039 0.06286358 -0.06415018
v -0.04493612 0.06306574 -0.06394631
v -0.04785417 0.06083912 -0.06581720
v -0.04683437 0.06182059 -0.06496151
v -0.04674584 0.06178435 -0.06504512
v -0.04655160 0.06204950 -0.06476691
v -0.04626564 0.06227336 -0.06457085
v -0.04508696 0.06308245 -0.06375156
v -0.04545970 0.06289650 -0.06386233
v -0.04552815 0.06288702 -0.06375806
v -0.04582997 0.06270248 -0.06396998
v -0.04589652 0.06268948 -0.06386493
v -0.04619703 0.06249924 -0.06407412
v -0.04595868 0.06266744 -0.06375750
v -0.04626126 0.06248223 -0.06396819
v -0.04601677 0.06263749 -0.06364829
v -0.04632098 0.06245661 -0.06386019
v -0.04667858 0.06223530 -0.06395917
v -0.04721112 0.06185022 -0.06447129
v -0.04662164 0.06226465 -0.06406770
v -0.04714599 0.06186413 -0.06457628
v -0.04656013 0.06228597 -0.06417454
v -0.04678660 0.06208745 -0.06448030
v -0.04649376 0.06229820 -0.06427906
v -0.04642243 0.06230050 -0.06438051
v -0.04612809 0.06250667 -0.06417730
v -0.04605443 0.06250377 -0.06427694
v -0.04575891 0.06270557 -0.06407189
v -0.04568348 0.06269817 -0.06416981
v -0.04538704 0.06289597 -0.06396313
v -0.04600410 0.06215600 -0.06481097
v -0.04609356 0.06220434 -0.06473827
v -0.04665461 0.06173897 -0.06512215
v -0.04775914 0.06079515 -0.06589703
v -0.04821359 0.06026927 -0.06635871
v -0.04830977 0.06031335 -0.06627982
v -0.04885294 0.05981492 -0.06665444
v -0.04875924 0.05978033 -0.06673918
v -0.04902709 0.05952749 -0.06692564
v -0.04937917 0.05929163 -0.06701920
v -0.04928991 0.05926766 -0.06710935
v -0.04954656 0.05900009 -0.06729031
v -0.04987934 0.05873819 -0.06737445
v -0.05027156 0.05814993 -0.06781930
v -0.05003781 0.05844080 -0.06764483
v -0.04979607 0.05872443 -0.06746869
v -0.04840405 0.06035079 -0.06619553
v -0.04894444 0.05984338 -0.06656515
v -0.04946601 0.05931019 -0.06692547
v -0.04996011 0.05874740 -0.06727757
v -0.05042229 0.05815671 -0.06762407
v -0.04794665 0.06087516 -0.06573170
v -0.04849562 0.06038089 -0.06610629
v -0.04903305 0.05986526 -0.06647176
v -0.04954989 0.05932307 -0.06682853
v -0.05003803 0.05875193 -0.06717829
v -0.04691928 0.06184691 -0.06487203
v -0.04803570 0.06090260 -0.06564105
v -0.04858368 0.06040318 -0.06601262
v -0.04911809 0.05988022 -0.06637476
v -0.04963025 0.05933008 -0.06672877
v -0.05011263 0.05875164 -0.06707688
v -0.04663451 0.06207271 -0.06467608
v -0.04699983 0.06186290 -0.06477745
v -0.04812055 0.06092105 -0.06554592
v -0.04866750 0.06041733 -0.06591512
v -0.04919886 0.05988808 -0.06627468
v -0.04970646 0.05933107 -0.06662662
v -0.05018337 0.05874639 -0.06697362
v -0.04778450 0.06140193 -0.06486249
v -0.04827512 0.06093059 -0.06534497
v -0.04834389 0.06092204 -0.06524059
v -0.04881986 0.06042099 -0.06571121
v -0.04888740 0.06041075 -0.06560606
v -0.04934520 0.05988220 -0.06606746
v -0.04940975 0.05986866 -0.06596138
v -0.04984415 0.05931466 -0.06641687
v -0.04990463 0.05929732 -0.06631011
v -0.05031111 0.05872053 -0.06676278
v -0.05036709 0.05869979 -0.06665578
v -0.04960573 0.05975097 -0.06553111
v -0.04909577 0.06029905 -0.06517695
v -0.04855924 0.06081133 -0.06481178
v -0.04952015 0.05982162 -0.06574673
v -0.04900384 0.06036789 -0.06539231
v -0.04846328 0.06088055 -0.06502739
v -0.04790308 0.06135736 -0.06464898
v -0.04732575 0.06179730 -0.06425613
v -0.04673140 0.06219915 -0.06384945
v -0.04995904 0.05927406 -0.06620260
v -0.04946812 0.05984834 -0.06585434
v -0.04894876 0.06039289 -0.06549958
v -0.04840662 0.06090516 -0.06513453
v -0.04784663 0.06138363 -0.06475637
v -0.04727096 0.06182762 -0.06436437
v -0.05046155 0.05864291 -0.06643994
v -0.05088269 0.05802048 -0.06678512
v -0.05041731 0.05867388 -0.06654809
v -0.05000724 0.05924512 -0.06609467
v -0.05008537 0.05917171 -0.06587845
v -0.05014240 0.05908122 -0.06566241
v -0.04801819 0.06016541 -0.06650136
v -0.04829366 0.05993240 -0.06669945
v -0.04848765 0.06002719 -0.06655011
v -0.04837326 0.05959620 -0.06703830
v -0.04817695 0.05948533 -0.06717145
v -0.04783920 0.05964610 -0.06701835
v -0.04715225 0.06052579 -0.06619679
v -0.04943503 0.05795122 -0.06870352
v -0.04916954 0.05818507 -0.06849950
v -0.04889804 0.05840771 -0.06828942
v -0.04850702 0.05855157 -0.06815732
v -0.04940571 0.05780622 -0.06890622
v -0.04935038 0.05825903 -0.06834439
v -0.04908412 0.05849507 -0.06814291
v -0.04881247 0.05872149 -0.06793627
v -0.04853671 0.05894022 -0.06772545
v -0.04835282 0.05883204 -0.06785159
v -0.04805199 0.05932854 -0.06733435
v -0.04978139 0.05806182 -0.06836956
v -0.04952784 0.05832104 -0.06818058
v -0.04926722 0.05857012 -0.06798704
v -0.04900055 0.05880957 -0.06778875
v -0.04872904 0.05904064 -0.06758611
v -0.04801647 0.05938333 -0.06727904
v -0.04970159 0.05837143 -0.06800868
v -0.04944707 0.05863315 -0.06782232
v -0.04918580 0.05888552 -0.06763194
v -0.04891888 0.05912925 -0.06743752
v -0.04864758 0.05936560 -0.06723943
v -0.05011227 0.05812976 -0.06800783
v -0.04987198 0.05841155 -0.06783003
v -0.04962380 0.05868495 -0.06764963
v -0.04936827 0.05894958 -0.06746609
v -0.04910629 0.05920569 -0.06727916
v -0.04883900 0.05945404 -0.06708887
v -0.04856769 0.05969580 -0.06689549
v -0.04188242 0.06382401 -0.06365991
v -0.04173653 0.06394126 -0.06357663
v -0.04158999 0.06405532 -0.06348991
v -0.04144279 0.06416579 -0.06339929
v -0.04129490 0.06427224 -0.06330442
v -0.04126151 0.06429512 -0.06328272
v -0.04126254 0.06429683 -0.06328048
v -0.04181944 0.06399854 -0.06352261
v -0.04167211 0.06410775 -0.06343134
v -0.04152406 0.06421304 -0.06333601
v -0.04247041 0.06359186 -0.06381651
v -0.04248697 0.06359836 -0.06381164
v -0.04234162 0.06371556 -0.06372877
v -0.04219558 0.06383011 -0.06364334
v -0.04204882 0.06394155 -0.06355485
v -0.04190135 0.06404950 -0.06346285
v -0.04175314 0.06415361 -0.06336702
v -0.04160417 0.06425355 -0.06326710
v -0.04145439 0.06434906 -0.06316296
v -0.04134341 0.06441559 -0.06308398
v -0.04242494 0.06377409 -0.06367611
v -0.04227809 0.06388426 -0.06358668
v -0.04213049 0.06399097 -0.06349395
v -0.04198212 0.06409390 -0.06339758
v -0.04183296 0.06419273 -0.06329732
v -0.04168298 0.06428725 -0.06319305
v -0.04151888 0.06455277 -0.06248635
v -0.04160213 0.06449405 -0.06270339
v -0.04168367 0.06441452 -0.06291519
v -0.04160856 0.06439897 -0.06300210
v -0.04183677 0.06433516 -0.06303052
v -0.04176050 0.06431437 -0.06311415
v -0.04205725 0.06435895 -0.06275288
v -0.04213981 0.06428395 -0.06296753
v -0.04206506 0.06427100 -0.06305742
v -0.04198893 0.06425135 -0.06314245
v -0.04221741 0.06418793 -0.06316927
v -0.04229331 0.06420592 -0.06308249
v -0.04229051 0.06407050 -0.06335545
v -0.04251932 0.06400876 -0.06338266
v -0.04236883 0.06410049 -0.06327770
v -0.04259741 0.06403686 -0.06330288
v -0.04244585 0.06412355 -0.06319430
v -0.04304649 0.06375217 -0.06360951
v -0.04319438 0.06364974 -0.06370585
v -0.04323490 0.06367055 -0.06367113
v -0.04252136 0.06413928 -0.06310539
v -0.04263593 0.06404816 -0.06326077
v -0.04274803 0.06394596 -0.06340821
v -0.04266891 0.06391291 -0.06348422
v -0.04258861 0.06387297 -0.06355409
v -0.04250726 0.06382659 -0.06361797
v -0.04301531 0.06389377 -0.06339008
v -0.04271176 0.06406496 -0.06317221
v -0.04297649 0.06388148 -0.06343178
v -0.04267405 0.06405755 -0.06321721
v -0.04293728 0.06386720 -0.06347188
v -0.04331496 0.06370653 -0.06359661
v -0.04327510 0.06368951 -0.06363473
v -0.04289771 0.06385100 -0.06351037
v -0.04361086 0.06350475 -0.06379294
v -0.04357005 0.06348333 -0.06382741
v -0.04352894 0.06346010 -0.06386017
v -0.04334139 0.06354396 -0.06379966
v -0.04311247 0.06360292 -0.06377041
v -0.04288338 0.06366067 -0.06373989
v -0.04265419 0.06371762 -0.06370837
v -0.04348755 0.06343517 -0.06389128
v -0.04325865 0.06349309 -0.06386060
v -0.04302955 0.06354976 -0.06382878
v -0.04280034 0.06360558 -0.06379606
v -0.04278580 0.06407372 -0.06307805
v -0.04259515 0.06414729 -0.06301118
v -0.04226189 0.06432109 -0.06244143
v -0.04219566 0.06434061 -0.06254832
v -0.04251088 0.06421558 -0.06279284
v -0.04289303 0.06407128 -0.06292731
v -0.04285783 0.06407417 -0.06297873
v -0.04316615 0.06392198 -0.06320763
v -0.04410692 0.06338900 -0.06379889
v -0.04384786 0.06359048 -0.06354865
v -0.04380945 0.06358165 -0.06359378
v -0.04354521 0.06376431 -0.06333243
v -0.04350806 0.06376022 -0.06338049
v -0.04335584 0.06384386 -0.06327056
v -0.04320260 0.06392360 -0.06315837
v -0.04342830 0.06384511 -0.06317049
v -0.04358180 0.06376613 -0.06328293
v -0.04361779 0.06376568 -0.06323212
v -0.04334253 0.06390852 -0.06294953
v -0.04327378 0.06392030 -0.06305606
v -0.04302805 0.06403983 -0.06271227
v -0.04296171 0.06405938 -0.06282142
v -0.04264573 0.06418392 -0.06257970
v -0.04257939 0.06420343 -0.06268787
v -0.04232615 0.06429525 -0.06233218
v -0.04238861 0.06426409 -0.06222125
v -0.04452106 0.06286370 -0.06431393
v -0.04423442 0.06309301 -0.06413308
v -0.04394459 0.06331401 -0.06394811
v -0.04365134 0.06352427 -0.06375670
v -0.04335445 0.06372155 -0.06355678
v -0.04305372 0.06390402 -0.06334677
v -0.04274902 0.06407037 -0.06312580
v -0.04427641 0.06311842 -0.06410173
v -0.04398569 0.06333575 -0.06391357
v -0.04369147 0.06354180 -0.06371867
v -0.04339353 0.06373449 -0.06351522
v -0.04309168 0.06391217 -0.06330190
v -0.04460649 0.06291904 -0.06425497
v -0.04435956 0.06316393 -0.06403370
v -0.04431813 0.06314210 -0.06406862
v -0.04406688 0.06337333 -0.06383898
v -0.04402646 0.06335556 -0.06387720
v -0.04377056 0.06357056 -0.06363720
v -0.04373122 0.06355725 -0.06367883
v -0.04347037 0.06375387 -0.06342704
v -0.04343218 0.06374528 -0.06347197
v -0.04312917 0.06391817 -0.06325550
v -0.04282208 0.06407499 -0.06302901
v -0.04489180 0.06268869 -0.06443825
v -0.04138901 0.06446839 -0.06295374
v -0.04464886 0.06294437 -0.06422299
v -0.04440067 0.06318380 -0.06399690
v -0.04414653 0.06340246 -0.06375695
v -0.04388574 0.06359701 -0.06350188
v -0.04469097 0.06296794 -0.06418922
v -0.04444143 0.06320161 -0.06395819
v -0.04418568 0.06341366 -0.06371320
v -0.04441224 0.06333698 -0.06372648
v -0.04422431 0.06342254 -0.06366772
v -0.04452172 0.06323066 -0.06387507
v -0.04448180 0.06321726 -0.06391757
v -0.04477432 0.06300935 -0.06411597
v -0.04481547 0.06302693 -0.06407642
v -0.04506351 0.06279174 -0.06430960
v -0.04510581 0.06281301 -0.06427276
v -0.04485620 0.06304225 -0.06403491
v -0.04470912 0.06314341 -0.06393354
v -0.04456114 0.06324171 -0.06383076
v -0.04637470 0.06156322 -0.06531306
v -0.04591382 0.06210048 -0.06487578
v -0.04582309 0.06203976 -0.06493431
v -0.04563301 0.06233532 -0.06468806
v -0.04526233 0.06251262 -0.06456330
v -0.04534965 0.06256640 -0.06449982
v -0.04497810 0.06274350 -0.06437745
v -0.04473281 0.06298964 -0.06415356
v -0.04514777 0.06283218 -0.06423391
v -0.04489645 0.06305522 -0.06399149
v -0.04505057 0.06308208 -0.06380203
v -0.04534921 0.06289180 -0.06401192
v -0.04564422 0.06269045 -0.06421696
v -0.04597631 0.06249015 -0.06437214
v -0.04634628 0.06229230 -0.06447807
v -0.04671299 0.06208532 -0.06458026
v -0.04707551 0.06186854 -0.06467859
v -0.04820054 0.06093036 -0.06544698
v -0.04874641 0.06042325 -0.06581444
v -0.04927475 0.05988873 -0.06617206
v -0.04977794 0.05932593 -0.06652251
v -0.05024971 0.05873604 -0.06686883
v -0.03066023 0.06636297 -0.06199898
v -0.03074137 0.06629518 -0.06204577
v -0.03300891 0.06595111 -0.06226989
v -0.03941323 0.06455666 -0.06318092
v -0.03787930 0.06543266 -0.06232127
v -0.03065065 0.06654455 -0.06183321
v -0.03052150 0.06647296 -0.06191223
v -0.03054821 0.06645235 -0.06192960
v -0.03083236 0.06664765 -0.06167669
v -0.03070379 0.06657422 -0.06179417
v -0.03306921 0.06615508 -0.06208680
v -0.03310087 0.06624089 -0.06197490
v -0.03313369 0.06631651 -0.06184721
v -0.03092415 0.06670352 -0.06156025
v -0.03316818 0.06638245 -0.06169935
v -0.03099306 0.06675097 -0.06143417
v -0.03320803 0.06644225 -0.06150841
v -0.03103776 0.06679016 -0.06130228
v -0.03105926 0.06682253 -0.06116556
v -0.03324661 0.06648327 -0.06129822
v -0.03105851 0.06684592 -0.06104430
v -0.03103715 0.06686626 -0.06091810
v -0.03328670 0.06650658 -0.06104233
v -0.03099875 0.06688213 -0.06080362
v -0.03083533 0.06691380 -0.06053863
v -0.03980944 0.06508236 -0.06196581
v -0.03803269 0.06553979 -0.06166999
v -0.03798086 0.06552394 -0.06192453
v -0.03793098 0.06548826 -0.06213268
v -0.03783441 0.06536946 -0.06246715
v -0.03779147 0.06529577 -0.06259315
v -0.03774980 0.06521125 -0.06270374
v -0.03770865 0.06511416 -0.06280214
v -0.03766958 0.06500817 -0.06288566
v -0.03534770 0.06551052 -0.06255762
v -0.03303816 0.06605728 -0.06218605
v -0.03557872 0.06599797 -0.06179853
v -0.03562336 0.06603680 -0.06158888
v -0.03566969 0.06605712 -0.06133303
v -0.03093348 0.06689795 -0.06067598
v -0.05001495 0.05717242 -0.06946826
v -0.04983364 0.05719498 -0.06955877
v -0.05034855 0.05709581 -0.06928140
v -0.05052381 0.05647452 -0.07007262
v -0.05065813 0.05588776 -0.07090086
v -0.05084384 0.05356513 -0.07547004
v -0.05089495 0.05351361 -0.07545203
v -0.05088847 0.05390957 -0.07450165
v -0.05096286 0.05343601 -0.07542457
v -0.05075413 0.05402390 -0.07455363
v -0.05076457 0.05363544 -0.07549424
v -0.05082058 0.05358687 -0.07547757
v -0.05067473 0.05370412 -0.07551736
v -0.05064402 0.05372541 -0.07552440
v -0.05072812 0.05445194 -0.07362795
v -0.05061886 0.05374213 -0.07552987
v -0.05057625 0.05454234 -0.07368509
v -0.05057094 0.05377226 -0.07553964
v -0.05041348 0.05461702 -0.07373651
v -0.05042427 0.05385125 -0.07556430
v -0.05010065 0.05396477 -0.07559868
v -0.05017620 0.05394489 -0.07559264
v -0.05024217 0.05467534 -0.07378079
v -0.05029303 0.05390628 -0.07558098
v -0.05034795 0.05388483 -0.07557449
v -0.05006472 0.05471669 -0.07381649
v -0.04988349 0.05474043 -0.07384221
v -0.04993815 0.05399365 -0.07560778
v -0.04970340 0.05472901 -0.07389382
v -0.04969547 0.05479962 -0.07374472
v -0.04959136 0.05548806 -0.07241637
v -0.04947260 0.05664925 -0.07053702
v -0.04930189 0.05663882 -0.07057171
v -0.04934755 0.05648877 -0.07079150
v -0.04907799 0.05728720 -0.06967938
v -0.04983640 0.05663712 -0.07041652
v -0.04965271 0.05664891 -0.07048410
v -0.05019790 0.05657900 -0.07025197
v -0.05001952 0.05661383 -0.07033792
v -0.05018806 0.05713943 -0.06937453
v -0.05036738 0.05653258 -0.07016232
v -0.05075664 0.05533671 -0.07176200
v -0.05050606 0.05595932 -0.07098542
v -0.05086669 0.05434644 -0.07356652
v -0.05082445 0.05482254 -0.07265193
v -0.05068143 0.05491791 -0.07272210
v -0.05060907 0.05542073 -0.07183997
v -0.05044840 0.05549101 -0.07191603
v -0.04939494 0.05632429 -0.07103880
v -0.04973843 0.05563056 -0.07214507
v -0.04991963 0.05561731 -0.07210471
v -0.05010048 0.05558950 -0.07205120
v -0.05027780 0.05554733 -0.07198738
v -0.05084700 0.05332026 -0.07610346
v -0.05023395 0.05345801 -0.07690540
v -0.05071561 0.05073421 -0.08316846
v -0.05077388 0.05167978 -0.08063477
v -0.05068187 0.05177215 -0.08066940
v -0.05088870 0.05053407 -0.08309650
v -0.05088613 0.05153570 -0.08058067
v -0.05047314 0.05191848 -0.08072414
v -0.05054891 0.05086816 -0.08321571
v -0.05058273 0.05185096 -0.08069891
v -0.05057947 0.05084671 -0.08320822
v -0.05065190 0.05079060 -0.08318847
v -0.05030765 0.05100002 -0.08326083
v -0.05033157 0.05098955 -0.08325734
v -0.05035602 0.05197258 -0.08074430
v -0.05042924 0.05094121 -0.08324096
v -0.05047303 0.05091638 -0.08323244
v -0.05026704 0.05101661 -0.08326632
v -0.05022841 0.05153105 -0.08202539
v -0.05021602 0.05103547 -0.08327247
v -0.05009164 0.05156242 -0.08203729
v -0.05009213 0.05107255 -0.08328413
v -0.04991534 0.05110572 -0.08329334
v -0.05000103 0.05109243 -0.08328993
v -0.05000326 0.05157495 -0.08204214
v -0.04986420 0.05111123 -0.08329447
v -0.04991398 0.05158236 -0.08204514
v -0.04991884 0.05205984 -0.08077655
v -0.04992063 0.05350796 -0.07692224
v -0.04992295 0.05375296 -0.07626314
v -0.05058475 0.05330021 -0.07684708
v -0.05047346 0.05336507 -0.07687135
v -0.05035583 0.05341772 -0.07689080
v -0.05068156 0.05346630 -0.07615942
v -0.05078176 0.05338372 -0.07612788
v -0.05078408 0.05313714 -0.07678522
v -0.05068718 0.05322509 -0.07681870
v -0.05080524 0.05064090 -0.08313507
v -0.05083229 0.05160943 -0.08060836
v -0.05090438 0.05299897 -0.07673223
v -0.05090766 0.05325269 -0.07607732
v -0.05084646 0.05306988 -0.07675947
v -0.05009662 0.05204209 -0.08077009
v -0.05023386 0.05201292 -0.08075930
v -0.05009745 0.05348833 -0.07691603
v -0.05009709 0.05372798 -0.07625542
v -0.05042505 0.04743398 -0.09170265
v -0.05036750 0.04750018 -0.09172030
v -0.05004805 0.04588719 -0.09598939
v -0.04980256 0.04950946 -0.08753905
v -0.04828046 0.04314627 -0.10446534
v -0.04751355 0.04157242 -0.10865444
v -0.05052598 0.04729132 -0.09165986
v -0.05047797 0.04736427 -0.09168254
v -0.05015580 0.04574840 -0.09595587
v -0.04971966 0.04413264 -0.10021905
v -0.04914699 0.04252844 -0.10447042
v -0.04839082 0.04095369 -0.10870120
v -0.04843828 0.04087588 -0.10868559
v -0.04742457 0.03932893 -0.11287708
v -0.04650321 0.03891299 -0.11495880
v -0.04636185 0.03902484 -0.11494518
v -0.04620885 0.03911879 -0.11492115
v -0.04604632 0.03919316 -0.11488780
v -0.04587637 0.03924627 -0.11484624
v -0.04650372 0.04001456 -0.11280143
v -0.05045374 0.04923257 -0.08747935
v -0.05058532 0.04911546 -0.08744536
v -0.04961285 0.04427529 -0.10024879
v -0.04992269 0.04601184 -0.09601219
v -0.04934865 0.04451728 -0.10027393
v -0.04948846 0.04440442 -0.10026654
v -0.04891437 0.04280709 -0.10450836
v -0.04903948 0.04267450 -0.10449593
v -0.04828122 0.04110024 -0.10872097
v -0.04833837 0.04102857 -0.10871291
v -0.04663083 0.03878490 -0.11496090
v -0.04674260 0.03864226 -0.11495038
v -0.04737595 0.03940577 -0.11288945
v -0.04732263 0.03947949 -0.11289803
v -0.04726487 0.03954984 -0.11290303
v -0.04815394 0.04123267 -0.10872710
v -0.04877378 0.04292340 -0.10450962
v -0.04861985 0.04302059 -0.10450160
v -0.04919561 0.04461111 -0.10027257
v -0.04845469 0.04309582 -0.10448620
v -0.04903151 0.04468316 -0.10026409
v -0.04885855 0.04473069 -0.10025011
v -0.04667609 0.03996221 -0.11283883
v -0.04684058 0.03988760 -0.11286934
v -0.04699500 0.03979271 -0.11289132
v -0.04768879 0.04152086 -0.10868326
v -0.04785544 0.04144542 -0.10870628
v -0.04801125 0.04134854 -0.10872155
v -0.04713716 0.03967947 -0.11290310
v -0.04997963 0.04947215 -0.08753503
v -0.05014867 0.04941250 -0.08752391
v -0.05030745 0.04933212 -0.08750544
v -0.05023963 0.04762108 -0.09174857
v -0.05009666 0.04772494 -0.09176815
v -0.04978202 0.04611992 -0.09602550
v -0.04994089 0.04780973 -0.09177986
v -0.04962832 0.04620903 -0.09603059
v -0.04977458 0.04787343 -0.09178447
v -0.04946388 0.04627675 -0.09602867
v -0.04960005 0.04791402 -0.09178279
v -0.04929098 0.04632067 -0.09602100
v -0.05454727 0.04855176 -0.07227030
v -0.05445870 0.04878460 -0.07266853
v -0.05540933 0.04466579 -0.07533430
v -0.05456762 0.04731186 -0.07502026
v -0.05525294 0.04498242 -0.07585265
v -0.05414119 0.04923006 -0.07348365
v -0.05390022 0.04945524 -0.07392976
v -0.05403696 0.04933585 -0.07368913
v -0.05443129 0.04883607 -0.07275921
v -0.05430969 0.04902522 -0.07310007
v -0.05427586 0.04907047 -0.07318342
v -0.05616652 0.04056418 -0.07808626
v -0.05603063 0.04091176 -0.07861210
v -0.05585954 0.04124469 -0.07912404
v -0.05548375 0.04326141 -0.07773046
v -0.05505138 0.04528566 -0.07636477
v -0.05608639 0.03984108 -0.08012659
v -0.05629383 0.03834091 -0.08132741
v -0.05645405 0.03693934 -0.08265143
v -0.05685573 0.03138469 -0.09019647
v -0.05690413 0.03207620 -0.08834235
v -0.05692163 0.03286009 -0.08653320
v -0.05690253 0.03377828 -0.08479898
v -0.05684109 0.03487268 -0.08316975
v -0.05673344 0.03615497 -0.08168440
v -0.05658017 0.03758456 -0.08034091
v -0.05638253 0.03911963 -0.07911476
v -0.05645734 0.02878905 -0.09768254
v -0.05575862 0.02632288 -0.10520075
v -0.05630170 0.02932497 -0.09799536
v -0.05561850 0.02680900 -0.10535150
v -0.05578103 0.02860847 -0.10191763
v -0.05540946 0.02735693 -0.10551827
v -0.05672166 0.03186065 -0.09062951
v -0.05677635 0.03253393 -0.08879876
v -0.05679788 0.03330073 -0.08700546
v -0.05678081 0.03420275 -0.08527976
v -0.05671972 0.03528163 -0.08365193
v -0.05661060 0.03655021 -0.08216973
v -0.05645425 0.03796628 -0.08083570
v -0.05625252 0.03948439 -0.07962234
v -0.05609776 0.02984945 -0.09830188
v -0.05656402 0.03568455 -0.08412906
v -0.05662272 0.03462014 -0.08575426
v -0.05663517 0.03373297 -0.08747149
v -0.05660705 0.03298203 -0.08924954
v -0.05654403 0.03232630 -0.09105741
v -0.05406406 0.05035856 -0.07116673
v -0.05398905 0.05053797 -0.07148579
v -0.05381854 0.05078409 -0.07196145
v -0.05367960 0.05093250 -0.07226606
v -0.05338234 0.05117402 -0.07279000
v -0.05352418 0.05106931 -0.07255828
v -0.05324956 0.05192743 -0.07198441
v -0.04703858 0.02910792 -0.02824417
v -0.04678240 0.03215947 -0.02824281
v -0.04777807 0.00251990 -0.02824196
v -0.04773087 0.01073333 -0.02824197
v -0.04767413 0.01449735 -0.02824751
v -0.04745232 0.02189737 -0.02824956
v -0.04731830 0.02471845 -0.02824732
v -0.04716448 0.02731331 -0.02824529
v -0.04767329 0.01073248 -0.02820110
v -0.04754741 0.01072954 -0.02812260
v -0.04727869 0.02137985 -0.02812173
v -0.04704398 0.02136271 -0.02800266
v -0.04738858 0.01072454 -0.02803933
v -0.04674614 0.02133877 -0.02788950
v -0.04714777 0.01071571 -0.02793767
v -0.04685349 0.02909174 -0.02812299
v -0.04617960 0.03607736 -0.02812336
v -0.04572205 0.02897655 -0.02776953
v -0.04614699 0.02129627 -0.02776945
v -0.04639649 0.02131193 -0.02780148
v -0.04505043 0.03593612 -0.02776955
v -0.04529774 0.03596675 -0.02780219
v -0.04597031 0.02899959 -0.02780203
v -0.04564724 0.03601057 -0.02789127
v -0.04632037 0.02903602 -0.02789087
v -0.04594556 0.03604809 -0.02800486
v -0.04661898 0.02906797 -0.02800435
v -0.04747509 0.00808673 -0.02806283
v -0.04766143 0.00537920 -0.02816257
v -0.03957409 0.06341710 -0.06393571
v -0.04003727 0.06336959 -0.06396843
v -0.04078640 0.06325059 -0.06405091
v -0.04130549 0.06313650 -0.06413079
v -0.04197301 0.06294984 -0.06426303
v -0.04251982 0.06276134 -0.06439874
v -0.04309035 0.06252781 -0.06457008
v -0.04364920 0.06225943 -0.06477134
v -0.04414401 0.06198540 -0.06498177
v -0.04468385 0.06164314 -0.06525200
v -0.04511160 0.06133627 -0.06550155
v -0.04559856 0.06094214 -0.06583279
v -0.04560810 0.06093388 -0.06583987
v -0.04598036 0.06059334 -0.06613678
v -0.04638215 0.06018171 -0.06650937
v -0.04673992 0.05976934 -0.06689871
v -0.04704089 0.05938145 -0.06728093
v -0.04733008 0.05896509 -0.06771066
v -0.04753478 0.05863864 -0.06806285
v -0.04757388 0.05857278 -0.06813560
v -0.04782302 0.05812144 -0.06865006
v -0.04821875 0.05725168 -0.06972886
v -0.04872290 0.05554717 -0.07231094
v -0.04851529 0.05638719 -0.07094347
v -0.04848507 0.05648860 -0.07079201
v -0.04884579 0.05479925 -0.07374462
v -0.04885044 0.05476219 -0.07382257
v -0.04499677 0.03619426 -0.11578594
v -0.04391865 0.03512774 -0.11855782
v -0.04268256 0.03408537 -0.12126723
v -0.04130739 0.03308514 -0.12386826
v -0.03992150 0.03220266 -0.12616329
v -0.04454869 0.03649499 -0.11500417
v -0.04476586 0.03669169 -0.11449281
v -0.04805481 0.00002132 -0.03325681
v -0.04860507 0.04625183 -0.09571030
v -0.04872330 0.04738282 -0.09270881
v -0.04872571 0.04740020 -0.09271520
v -0.04875246 0.04852677 -0.08970696
v -0.04876752 0.04641956 -0.09578315
v -0.04891871 0.04868239 -0.08976546
v -0.04875979 0.04855533 -0.08971770
v -0.04872998 0.04741778 -0.09272171
v -0.04873622 0.04743530 -0.09272826
v -0.04877180 0.04858248 -0.08972790
v -0.04874446 0.04745248 -0.09273477
v -0.04878820 0.04860752 -0.08973732
v -0.04875467 0.04746902 -0.09274111
v -0.04876679 0.04748464 -0.09274718
v -0.04880858 0.04862986 -0.08974572
v -0.04878064 0.04749905 -0.09275287
v -0.04883244 0.04864894 -0.08975288
v -0.04891361 0.04868157 -0.08976515
v -0.04889497 0.04867747 -0.08976360
v -0.04884865 0.04754054 -0.09277020
v -0.04888820 0.04867553 -0.08976288
v -0.04883034 0.04753287 -0.09276681
v -0.04885920 0.04866429 -0.08975866
v -0.04881270 0.04752333 -0.09276275
v -0.04879604 0.04751202 -0.09275809
v -0.04836487 0.04512180 -0.09870946
v -0.04860726 0.04626928 -0.09571699
v -0.04836683 0.04513938 -0.09871628
v -0.04861134 0.04628694 -0.09572387
v -0.04837070 0.04515718 -0.09872337
v -0.04861741 0.04630455 -0.09573086
v -0.04837660 0.04517493 -0.09873064
v -0.04862552 0.04632183 -0.09573784
v -0.04838457 0.04519233 -0.09873798
v -0.04863565 0.04633847 -0.09574471
v -0.04839460 0.04520908 -0.09874528
v -0.04864772 0.04635416 -0.09575134
v -0.04840660 0.04522486 -0.09875241
v -0.04866158 0.04636863 -0.09575761
v -0.04842044 0.04523939 -0.09875925
v -0.04867700 0.04638162 -0.09576342
v -0.04843588 0.04525240 -0.09876568
v -0.04869374 0.04639294 -0.09576869
v -0.04845266 0.04526370 -0.09877159
v -0.04871148 0.04640244 -0.09577333
v -0.04847047 0.04527314 -0.09877691
v -0.04872990 0.04641005 -0.09577730
v -0.04848897 0.04528064 -0.09878156
v -0.04874868 0.04641574 -0.09578058
v -0.04850785 0.04528618 -0.09878551
v -0.04889692 0.05135414 -0.08264367
v -0.04888820 0.05135170 -0.08264275
v -0.04875979 0.05123150 -0.08259758
v -0.04875668 0.05122163 -0.08259387
v -0.04875246 0.05120293 -0.08258684
v -0.04875073 0.05118961 -0.08258183
v -0.04878820 0.05128369 -0.08261719
v -0.04878571 0.05128041 -0.08261596
v -0.04877180 0.05125864 -0.08260778
v -0.04876846 0.05125220 -0.08260535
v -0.04880792 0.05130540 -0.08262535
v -0.04883440 0.05132642 -0.08263325
v -0.04885920 0.05134045 -0.08263852
v -0.04886437 0.05134283 -0.08263942
v -0.04891871 0.05135855 -0.08264533
v -0.04893107 0.05136002 -0.08264588
v -0.04875668 0.05309696 -0.07760440
v -0.04875559 0.05309293 -0.07760289
v -0.04875263 0.05307921 -0.07759777
v -0.04875051 0.05306228 -0.07759146
v -0.04876846 0.05312757 -0.07761582
v -0.04876600 0.05312238 -0.07761388
v -0.04876284 0.05311500 -0.07761113
v -0.04878571 0.05315580 -0.07762635
v -0.04878145 0.05314981 -0.07762411
v -0.04877103 0.05313259 -0.07761769
v -0.04880792 0.05318082 -0.07763566
v -0.04880152 0.05317448 -0.07763331
v -0.04879351 0.05316563 -0.07763001
v -0.04885321 0.05321294 -0.07764760
v -0.04884012 0.05320553 -0.07764485
v -0.04883440 0.05320187 -0.07764348
v -0.04882566 0.05319572 -0.07764120
v -0.04885808 0.05321538 -0.07764850
v -0.04886437 0.05321831 -0.07764958
v -0.04888341 0.05322567 -0.07765230
v -0.04889692 0.05322965 -0.07765376
v -0.04891545 0.05323356 -0.07765518
v -0.04893348 0.05323575 -0.07765596
v -0.04890096 0.05400339 -0.07561265
v -0.04883423 0.05398355 -0.07560676
v -0.04874056 0.05389349 -0.07557512
v -0.04873883 0.05342529 -0.07656398
v -0.04871960 0.05381956 -0.07554783
v -0.04872205 0.05376558 -0.07564756
v -0.04871965 0.05380476 -0.07554217
v -0.04873104 0.05387284 -0.07556758
v -0.04873221 0.05387577 -0.07556865
v -0.04876314 0.05392706 -0.07558721
v -0.04875073 0.05391040 -0.07558124
v -0.04874644 0.05390373 -0.07557883
v -0.04877731 0.05394262 -0.07559272
v -0.04877996 0.05394523 -0.07559364
v -0.04879069 0.05395491 -0.07559703
v -0.04880642 0.05396701 -0.07560121
v -0.04880889 0.05396872 -0.07560179
v -0.04882391 0.05397807 -0.07560495
v -0.04888339 0.05400062 -0.07561202
v -0.04886227 0.05399502 -0.07561041
v -0.04889001 0.05400186 -0.07561233
v -0.04872584 0.05385743 -0.07556191
v -0.04872288 0.05384548 -0.07555749
v -0.04872160 0.05383868 -0.07555497
v -0.04822532 0.05698586 -0.07004657
v -0.04790766 0.05774446 -0.06906436
v -0.04788869 0.05773099 -0.06906055
v -0.04862293 0.05561456 -0.07215213
v -0.04873325 0.05501477 -0.07326272
v -0.04875280 0.05502291 -0.07326517
v -0.04406200 0.06170699 -0.06492028
v -0.04354281 0.06199605 -0.06469334
v -0.04354325 0.06198879 -0.06468264
v -0.04686619 0.05915859 -0.06718607
v -0.04686583 0.05916713 -0.06719481
v -0.04621932 0.05995252 -0.06642221
v -0.04545260 0.06072352 -0.06577318
v -0.04545159 0.06071461 -0.06576413
v -0.04622003 0.05996979 -0.06644019
v -0.04688201 0.05923251 -0.06724805
v -0.04688673 0.05924224 -0.06725429
v -0.04623711 0.06002751 -0.06648579
v -0.04869222 0.05435773 -0.07437193
v -0.04877589 0.05502038 -0.07328450
v -0.04014315 0.06304024 -0.06382137
v -0.04002237 0.06305803 -0.06382932
v -0.03892475 0.06313795 -0.06375317
v -0.03886408 0.06314014 -0.06375937
v -0.03886420 0.06313930 -0.06374855
v -0.03886402 0.06314090 -0.06376544
v -0.04001059 0.06305972 -0.06382960
v -0.03886395 0.06314204 -0.06377253
v -0.04000984 0.06306256 -0.06384245
v -0.03886382 0.06314566 -0.06378885
v -0.04000924 0.06306639 -0.06385498
v -0.03886375 0.06314832 -0.06379796
v -0.04000878 0.06307115 -0.06386715
v -0.03886367 0.06315366 -0.06381273
v -0.04000847 0.06307679 -0.06387896
v -0.03886363 0.06315786 -0.06382232
v -0.04000830 0.06308328 -0.06389036
v -0.03886360 0.06316520 -0.06383649
v -0.04000826 0.06309055 -0.06390134
v -0.03886359 0.06317062 -0.06384543
v -0.04000835 0.06309855 -0.06391186
v -0.03886360 0.06318042 -0.06385937
v -0.04000857 0.06310724 -0.06392191
v -0.03886363 0.06318656 -0.06386695
v -0.04000892 0.06311657 -0.06393144
v -0.03886370 0.06319925 -0.06388054
v -0.04000938 0.06312649 -0.06394044
v -0.03886374 0.06320554 -0.06388642
v -0.04000996 0.06313694 -0.06394887
v -0.03886389 0.06322136 -0.06389919
v -0.04001065 0.06314789 -0.06395672
v -0.03886395 0.06322721 -0.06390329
v -0.03886417 0.06324620 -0.06391460
v -0.03886453 0.06327302 -0.06392623
v -0.04001444 0.06319555 -0.06398170
v -0.04001234 0.06317104 -0.06397054
v -0.04125739 0.06294272 -0.06413205
v -0.04003365 0.06334884 -0.06398050
v -0.03886653 0.06338263 -0.06393258
v -0.04002981 0.06332453 -0.06398987
v -0.03886708 0.06340681 -0.06392553
v -0.03886761 0.06342874 -0.06391610
v -0.04868241 0.05432009 -0.07435711
v -0.04761742 0.05793143 -0.06846225
v -0.04780758 0.05754500 -0.06893270
v -0.04780722 0.05754647 -0.06894063
v -0.04780895 0.05754206 -0.06893637
v -0.04797594 0.05716001 -0.06942572
v -0.04715345 0.05872447 -0.06756474
v -0.04686699 0.05914117 -0.06715058
v -0.04680719 0.05921913 -0.06704695
v -0.04622997 0.05991654 -0.06637274
v -0.04614646 0.06000616 -0.06628004
v -0.04546267 0.06066560 -0.06569207
v -0.04538031 0.06073583 -0.06562264
v -0.04456677 0.06135621 -0.06510779
v -0.04450852 0.06139514 -0.06506800
v -0.04354403 0.06196911 -0.06462837
v -0.04156550 0.06274606 -0.06403109
v -0.04247501 0.06244672 -0.06425007
v -0.04245279 0.06245656 -0.06425901
v -0.04271271 0.06235275 -0.06432007
v -0.04353078 0.06197453 -0.06460781
v -0.04031176 0.06301579 -0.06383858
v -0.04134221 0.06280576 -0.06398808
v -0.04126487 0.06282710 -0.06399269
v -0.04864110 0.05493304 -0.07323056
v -0.04865269 0.05494974 -0.07323766
v -0.04863160 0.05491599 -0.07322317
v -0.04862364 0.05489729 -0.07321485
v -0.04851396 0.05549400 -0.07209695
v -0.04868621 0.05433912 -0.07436465
v -0.04861408 0.05484028 -0.07318848
v -0.04868096 0.05430078 -0.07434936
v -0.04834450 0.05610991 -0.07099437
v -0.04850607 0.05544683 -0.07207123
v -0.04850639 0.05545633 -0.07207656
v -0.04861485 0.05485951 -0.07319755
v -0.04841414 0.05582947 -0.07136763
v -0.04850832 0.05542286 -0.07205741
v -0.04834811 0.05607717 -0.07097235
v -0.04834543 0.05609127 -0.07098204
v -0.04823559 0.05646711 -0.07045050
v -0.04835069 0.05614742 -0.07101773
v -0.04852126 0.05551234 -0.07210644
v -0.04855526 0.05556318 -0.07213114
v -0.04839062 0.05621791 -0.07105646
v -0.04837760 0.05620134 -0.07104801
v -0.04815770 0.05692831 -0.07002244
v -0.04814497 0.05691112 -0.07001324
v -0.04866600 0.05496543 -0.07324415
v -0.04854206 0.05554711 -0.07212362
v -0.04836650 0.05618394 -0.07103868
v -0.04813424 0.05689323 -0.07000299
v -0.04784088 0.05768278 -0.06903930
v -0.04782856 0.05766490 -0.06902936
v -0.04781832 0.05764650 -0.06901821
v -0.04797937 0.05724681 -0.06949189
v -0.04781035 0.05762781 -0.06900595
v -0.04780483 0.05760908 -0.06899273
v -0.04853068 0.05553010 -0.07211536
v -0.04835747 0.05616590 -0.07102855
v -0.04812570 0.05687486 -0.06999180
v -0.04797351 0.05722811 -0.06947927
v -0.04780192 0.05759053 -0.06897867
v -0.04861809 0.05487857 -0.07320637
v -0.04850895 0.05547527 -0.07208696
v -0.04834631 0.05612869 -0.07100631
v -0.04824060 0.05647662 -0.07048095
v -0.04811951 0.05685622 -0.06997979
v -0.04811584 0.05683752 -0.06996705
v -0.04797021 0.05720947 -0.06946588
v -0.04858462 0.05501908 -0.07280082
v -0.04861527 0.05482548 -0.07318138
v -0.04850643 0.05543735 -0.07206583
v -0.04834461 0.05610056 -0.07098825
v -0.04823920 0.05645794 -0.07046833
v -0.04811486 0.05681898 -0.06995372
v -0.04868416 0.05425872 -0.07440628
v -0.04743236 0.05847487 -0.06812176
v -0.04742572 0.05846575 -0.06811702
v -0.04763443 0.05805343 -0.06855963
v -0.04762448 0.05803477 -0.06854804
v -0.04761683 0.05801594 -0.06853526
v -0.04761166 0.05799718 -0.06852144
v -0.04760914 0.05797875 -0.06850670
v -0.04796966 0.05719111 -0.06945182
v -0.04780180 0.05757239 -0.06896389
v -0.04760944 0.05796089 -0.06849118
v -0.04815822 0.05668081 -0.07007784
v -0.04811674 0.05680081 -0.06993989
v -0.04812024 0.05678723 -0.06992900
v -0.04797203 0.05717325 -0.06943722
v -0.04780464 0.05755490 -0.06894851
v -0.04761274 0.05794383 -0.06847502
v -0.04741395 0.05844712 -0.06810638
v -0.04740432 0.05842820 -0.06809435
v -0.04739701 0.05840924 -0.06808105
v -0.04739220 0.05839049 -0.06806663
v -0.04739007 0.05837222 -0.06805123
v -0.04739078 0.05835467 -0.06803498
v -0.04739451 0.05833811 -0.06801803
v -0.04739226 0.05834625 -0.06802658
v -0.04714567 0.05874364 -0.06758775
v -0.04622334 0.05998825 -0.06645690
v -0.04686892 0.05919422 -0.06721948
v -0.04687128 0.05920363 -0.06722713
v -0.04714466 0.05878707 -0.06762958
v -0.04714910 0.05880578 -0.06764459
v -0.04624192 0.06003760 -0.06649195
v -0.04689200 0.05925197 -0.06726014
v -0.04658782 0.05965802 -0.06687024
v -0.04624723 0.06004771 -0.06649765
v -0.04587626 0.06042734 -0.06614880
v -0.04547040 0.06078299 -0.06581875
v -0.04547515 0.06079352 -0.06582469
v -0.04504157 0.06114518 -0.06552431
v -0.04457124 0.06146955 -0.06524099
v -0.04457533 0.06148046 -0.06524713
v -0.04407988 0.06179488 -0.06499485
v -0.04355530 0.06207276 -0.06476286
v -0.04456162 0.06143812 -0.06521936
v -0.04545637 0.06074236 -0.06579012
v -0.04545910 0.06075221 -0.06579797
v -0.04622592 0.05999783 -0.06646471
v -0.04622909 0.06000759 -0.06647215
v -0.04687426 0.05921317 -0.06723444
v -0.04687784 0.05922281 -0.06724142
v -0.04715604 0.05882486 -0.06765839
v -0.04714290 0.05876899 -0.06761351
v -0.04686722 0.05918497 -0.06721153
v -0.04622137 0.05997889 -0.06644872
v -0.04545420 0.06073279 -0.06578185
v -0.04455935 0.06142822 -0.06521115
v -0.04354748 0.06204080 -0.06474051
v -0.04455559 0.06140085 -0.06518388
v -0.04455632 0.06140954 -0.06519338
v -0.04455758 0.06141867 -0.06520249
v -0.04355866 0.06208399 -0.06476917
v -0.04301481 0.06234453 -0.06457069
v -0.04244701 0.06256391 -0.06439216
v -0.04244958 0.06257539 -0.06439860
v -0.04186358 0.06277523 -0.06425253
v -0.04125565 0.06293106 -0.06412551
v -0.04623282 0.06001750 -0.06647918
v -0.04546613 0.06077257 -0.06581231
v -0.04546236 0.06076230 -0.06580538
v -0.04456758 0.06145883 -0.06523430
v -0.04456437 0.06144834 -0.06522708
v -0.04355231 0.06206179 -0.06475596
v -0.04354970 0.06205112 -0.06474850
v -0.04244473 0.06255274 -0.06438510
v -0.04244274 0.06254195 -0.06437746
v -0.04716532 0.05884404 -0.06767085
v -0.04001144 0.06315927 -0.06396395
v -0.04686618 0.05917593 -0.06720331
v -0.04621934 0.05996099 -0.06643135
v -0.04354284 0.06200393 -0.06470365
v -0.04354334 0.06201240 -0.06471355
v -0.04354429 0.06202139 -0.06472300
v -0.04354567 0.06203088 -0.06473200
v -0.04545119 0.06070609 -0.06575473
v -0.04545142 0.06069802 -0.06574499
v -0.04455541 0.06139265 -0.06517398
v -0.04455579 0.06138499 -0.06516372
v -0.04406242 0.06169953 -0.06490979
v -0.04406339 0.06169270 -0.06489895
v -0.04354418 0.06198219 -0.06467158
v -0.04354563 0.06197632 -0.06466018
v -0.04406700 0.06168109 -0.06487631
v -0.04456050 0.06136564 -0.06513099
v -0.04455832 0.06137144 -0.06514220
v -0.04545607 0.06067681 -0.06571399
v -0.04545384 0.06068333 -0.06572460
v -0.04622347 0.05992951 -0.06639320
v -0.04622136 0.05993674 -0.06640311
v -0.04686913 0.05914249 -0.06716795
v -0.04686728 0.05915037 -0.06717711
v -0.04714400 0.05875181 -0.06759653
v -0.04714812 0.05873580 -0.06757879
v -0.04687175 0.05913498 -0.06715859
v -0.04622633 0.05992276 -0.06638306
v -0.04545901 0.06067089 -0.06570315
v -0.04456331 0.06136055 -0.06511951
v -0.04355009 0.06196690 -0.06463647
v -0.04621998 0.05994442 -0.06641279
v -0.04545230 0.06069041 -0.06573494
v -0.04455676 0.06137790 -0.06515311
v -0.04406491 0.06168654 -0.06488778
v -0.04354759 0.06197120 -0.06464847
v -0.04244176 0.06246448 -0.06427437
v -0.04244015 0.06246901 -0.06428648
v -0.04243895 0.06247438 -0.06429824
v -0.04243815 0.06248055 -0.06430966
v -0.04243773 0.06248747 -0.06432070
v -0.04243769 0.06249508 -0.06433132
v -0.04243802 0.06250335 -0.06434152
v -0.04243870 0.06251220 -0.06435125
v -0.04243972 0.06252163 -0.06436051
v -0.04244107 0.06253155 -0.06436925
v -0.04244378 0.06246083 -0.06426197
v -0.04739118 0.05834322 -0.06800922
v -0.04125410 0.06291976 -0.06411834
v -0.04125276 0.06290887 -0.06411056
v -0.04125164 0.06289843 -0.06410220
v -0.04125073 0.06288851 -0.06409330
v -0.04125006 0.06287915 -0.06408387
v -0.04124962 0.06287039 -0.06407394
v -0.04124942 0.06286228 -0.06406353
v -0.04124948 0.06285489 -0.06405268
v -0.04124980 0.06284824 -0.06404141
v -0.04125038 0.06284239 -0.06402975
v -0.04125124 0.06283740 -0.06401771
v -0.04125238 0.06283331 -0.06400534
v -0.04125381 0.06283017 -0.06399266
v -0.04701032 0.05936775 -0.06728947
v -0.04635304 0.06016475 -0.06651978
v -0.04668698 0.05976301 -0.06689529
v -0.04748133 0.05852492 -0.06814117
v -0.04749081 0.05853218 -0.06814273
v -0.04696011 0.05933338 -0.06729168
v -0.04696959 0.05934111 -0.06729250
v -0.04666707 0.05974862 -0.06689721
v -0.04557168 0.06092173 -0.06584498
v -0.04596808 0.06054235 -0.06617252
v -0.04634301 0.06015769 -0.06652205
v -0.04466003 0.06161934 -0.06526578
v -0.04512377 0.06127001 -0.06554675
v -0.04556245 0.06091351 -0.06584775
v -0.04362920 0.06223249 -0.06478645
v -0.04415024 0.06192886 -0.06501618
v -0.04465187 0.06160998 -0.06526899
v -0.04747219 0.05851730 -0.06813911
v -0.04695096 0.05932530 -0.06729028
v -0.04694215 0.05931689 -0.06728831
v -0.04664829 0.05973259 -0.06689647
v -0.04663081 0.05971523 -0.06689324
v -0.04689778 0.05926165 -0.06726557
v -0.04690406 0.05927125 -0.06727056
v -0.04660040 0.05967765 -0.06687997
v -0.04129112 0.06309306 -0.06415170
v -0.04128757 0.06308088 -0.06415479
v -0.04249373 0.06270896 -0.06442167
v -0.04248872 0.06269714 -0.06442367
v -0.04305980 0.06246375 -0.06459587
v -0.04129477 0.06310496 -0.06414763
v -0.04249890 0.06272053 -0.06441874
v -0.04250422 0.06273179 -0.06441487
v -0.04307148 0.06248637 -0.06459115
v -0.04362237 0.06222210 -0.06479003
v -0.04128413 0.06306846 -0.06415693
v -0.04002619 0.06329920 -0.06399529
v -0.03886599 0.06335653 -0.06393664
v -0.04247920 0.06267293 -0.06442500
v -0.04127761 0.06304316 -0.06415848
v -0.04002281 0.06327324 -0.06399698
v -0.03886546 0.06332907 -0.06393716
v -0.04628860 0.06010693 -0.06652087
v -0.04630550 0.06012519 -0.06652393
v -0.04591578 0.06048856 -0.06617220
v -0.04593200 0.06050774 -0.06617510
v -0.04551259 0.06085671 -0.06584826
v -0.04552804 0.06087679 -0.06585101
v -0.04507672 0.06121026 -0.06554805
v -0.04509128 0.06123122 -0.06555064
v -0.04460797 0.06154736 -0.06527101
v -0.04462153 0.06156918 -0.06527347
v -0.04410981 0.06186351 -0.06501886
v -0.04412229 0.06188613 -0.06502119
v -0.04358570 0.06215419 -0.06479330
v -0.04359700 0.06217757 -0.06479552
v -0.04303881 0.06241616 -0.06459494
v -0.04304887 0.06244022 -0.06459706
v -0.04247044 0.06264827 -0.06442296
v -0.04001970 0.06324705 -0.06399513
v -0.04127162 0.06301755 -0.06415656
v -0.04661478 0.05969682 -0.06688769
v -0.04627314 0.06008772 -0.06651536
v -0.04590097 0.06046856 -0.06616674
v -0.04549853 0.06083592 -0.06584284
v -0.04506349 0.06118871 -0.06554267
v -0.04459566 0.06152507 -0.06526567
v -0.04409850 0.06184052 -0.06501357
v -0.04357546 0.06213056 -0.06478804
v -0.04302971 0.06239194 -0.06458969
v -0.04246252 0.06262353 -0.06441773
v -0.04187449 0.06282400 -0.06427176
v -0.04126621 0.06299201 -0.06415138
v -0.03886497 0.06330094 -0.06393377
v -0.04001690 0.06322102 -0.06398996
v -0.04126145 0.06296694 -0.06414313
v -0.04186860 0.06279922 -0.06426354
v -0.04245554 0.06259912 -0.06440955
v -0.04302168 0.06236794 -0.06458155
v -0.04356641 0.06210703 -0.06477993
v -0.04408849 0.06181753 -0.06500550
v -0.04458474 0.06150265 -0.06525765
v -0.04505173 0.06116690 -0.06553470
v -0.04548600 0.06081475 -0.06583492
v -0.04588775 0.06044804 -0.06615888
v -0.04625930 0.06006788 -0.06650756
v -0.04877315 0.05502905 -0.07326662
v -0.04824554 0.05699637 -0.07004888
v -0.04847854 0.05628147 -0.07108188
v -0.04849954 0.05628896 -0.07108294
v -0.04866347 0.05562999 -0.07215602
v -0.04868486 0.05563451 -0.07215603
v -0.04797120 0.05777384 -0.06906424
v -0.04755362 0.05856635 -0.06814048
v -0.04754255 0.05856194 -0.06814232
v -0.04702110 0.05937317 -0.06728704
v -0.04636328 0.06017131 -0.06651676
v -0.04558112 0.06092949 -0.06584139
v -0.04466838 0.06162827 -0.06526168
v -0.04363621 0.06224251 -0.06478193
v -0.04250968 0.06274270 -0.06441003
v -0.04129851 0.06311655 -0.06414256
v -0.04852130 0.05629425 -0.07108243
v -0.04826675 0.05700491 -0.07004947
v -0.04792785 0.05775625 -0.06906633
v -0.04794908 0.05776612 -0.06906633
v -0.04753170 0.05855697 -0.06814356
v -0.04752108 0.05855147 -0.06814420
v -0.04699976 0.05936180 -0.06729121
v -0.04698943 0.05935536 -0.06729227
v -0.04828877 0.05701125 -0.07004824
v -0.04751071 0.05854549 -0.06814427
v -0.04697937 0.05934845 -0.06729270
v -0.04750061 0.05853905 -0.06814377
v -0.04871464 0.05500478 -0.07325932
v -0.04860410 0.05560401 -0.07214841
v -0.04843946 0.05626068 -0.07107545
v -0.04869713 0.05499311 -0.07325505
v -0.04858644 0.05559181 -0.07214361
v -0.04842171 0.05624778 -0.07107027
v -0.04818852 0.05695976 -0.07003727
v -0.04632370 0.06014221 -0.06652438
v -0.04594949 0.06052577 -0.06617527
v -0.04554471 0.06089583 -0.06585090
v -0.04510701 0.06125125 -0.06555028
v -0.04463622 0.06159016 -0.06527286
v -0.04413581 0.06190804 -0.06502037
v -0.04360926 0.06220033 -0.06479450
v -0.04868086 0.05497994 -0.07324997
v -0.04857010 0.05557814 -0.07213783
v -0.04840537 0.05623345 -0.07106391
v -0.04817227 0.05694460 -0.07003049
v -0.04785513 0.05769992 -0.06904789
v -0.04787113 0.05771606 -0.06905502
v -0.04745502 0.05850109 -0.06813351
v -0.04744703 0.05849257 -0.06813002
v -0.04692566 0.05929925 -0.06728273
v -0.04691802 0.05929009 -0.06727916
v -0.04743947 0.05848382 -0.06812610
v -0.04820625 0.05697358 -0.07004266
v -0.04845846 0.05627198 -0.07107936
v -0.04864277 0.05562328 -0.07215470
v -0.04746341 0.05850934 -0.06813654
v -0.04693371 0.05930820 -0.06728578
v -0.04691081 0.05928075 -0.06727510
v -0.04717675 0.05886306 -0.06768181
v -0.04736081 0.05839194 -0.06793056
v -0.03874986 0.06314249 -0.06376445
v -0.03874989 0.06314155 -0.06375678
v -0.03874991 0.06313974 -0.06375317
v -0.03874979 0.06314582 -0.06378217
v -0.03874977 0.06314724 -0.06378784
v -0.03874971 0.06315365 -0.06380769
v -0.03874970 0.06315525 -0.06381173
v -0.03874967 0.06316561 -0.06383338
v -0.03874967 0.06316679 -0.06383549
v -0.03874967 0.06318156 -0.06385777
v -0.03874971 0.06320084 -0.06387953
v -0.03874973 0.06320618 -0.06388454
v -0.03874980 0.06322295 -0.06389818
v -0.03875008 0.06327298 -0.06392463
v -0.03874993 0.06324779 -0.06391358
v -0.03874987 0.06323767 -0.06390791
v -0.03875052 0.06333067 -0.06393613
v -0.03875035 0.06331061 -0.06393413
v -0.03875029 0.06330255 -0.06393273
v -0.03875093 0.06337640 -0.06393312
v -0.03875076 0.06335813 -0.06393559
v -0.03875063 0.06334324 -0.06393635
v -0.03875120 0.06340308 -0.06392632
v -0.03875101 0.06338423 -0.06393153
v -0.03875150 0.06343035 -0.06391505
v -0.03875147 0.06342772 -0.06391635
v -0.03875126 0.06340842 -0.06392448
v -0.00578906 0.02406178 -0.14732601
v -0.00514737 0.02403782 -0.14738831
v -0.00030781 0.01303366 -0.15122880
v -0.00030359 0.01551993 -0.15094359
v -0.00030026 0.01455492 -0.15102655
v -0.00030107 0.01551770 -0.15092534
v -0.00030026 0.01551551 -0.15090756
v -0.00032246 0.01170827 -0.15139863
v -0.00033265 0.01170973 -0.15141611
v -0.00032249 0.01552664 -0.15099850
v -0.00033269 0.01552876 -0.15101592
v -0.00034459 0.01171114 -0.15143248
v -0.00034476 0.01553077 -0.15103239
v -0.00035854 0.01553264 -0.15104763
v -0.00035848 0.01171247 -0.15144791
v -0.00037383 0.01553431 -0.15106137
v -0.00037375 0.01171370 -0.15146171
v -0.00039036 0.01553578 -0.15107341
v -0.00039027 0.01171481 -0.15147379
v -0.00040787 0.01553703 -0.15108362
v -0.00040776 0.01171580 -0.15148403
v -0.00042603 0.01553804 -0.15109189
v -0.00042591 0.01171664 -0.15149233
v -0.00044455 0.01553881 -0.15109821
v -0.00044429 0.01171735 -0.15149863
v -0.00046312 0.01553935 -0.15110262
v -0.00046295 0.01171789 -0.15150309
v -0.00048149 0.01553967 -0.15110520
v -0.00042588 0.00781092 -0.15177557
v -0.00040759 0.00779101 -0.15176825
v -0.00042561 0.00779170 -0.15177654
v -0.00037875 0.00129204 -0.15195988
v -0.00037350 0.00385990 -0.15190990
v -0.00036917 0.00316905 -0.15192311
v -0.00038998 0.00386028 -0.15192203
v -0.00040742 0.00386065 -0.15193233
v -0.00035856 0.00518715 -0.15185371
v -0.00036159 0.00461652 -0.15187654
v -0.00036558 0.00385969 -0.15190290
v -0.00034024 0.00853979 -0.15166613
v -0.00034467 0.00975047 -0.15159017
v -0.00033366 0.00971120 -0.15157798
v -0.00032350 0.01149406 -0.15141946
v -0.00031701 0.01261967 -0.15130302
v -0.00031424 0.01552443 -0.15098044
v -0.00030795 0.01552218 -0.15096204
v -0.00039012 0.00779028 -0.15175800
v -0.00037362 0.00778950 -0.15174589
v -0.00035824 0.00778871 -0.15173192
v -0.00034462 0.00778785 -0.15171675
v -0.00034500 0.00768265 -0.15172303
v -0.00030029 0.02053156 -0.15017660
v -0.00030109 0.02053452 -0.15019424
v -0.00030361 0.02053757 -0.15021236
v -0.00048247 0.02555105 -0.14941171
v -0.00048171 0.02056477 -0.15037289
v -0.00046333 0.02056432 -0.15037034
v -0.00044474 0.02056355 -0.15036598
v -0.00042621 0.02056247 -0.15035971
v -0.00040803 0.02056107 -0.15035149
v -0.00039050 0.02055934 -0.15034136
v -0.00037395 0.02055731 -0.15032940
v -0.00030798 0.02054065 -0.15023071
v -0.00031428 0.02054373 -0.15024900
v -0.00032255 0.02054675 -0.15026695
v -0.00033277 0.02054967 -0.15028426
v -0.00034485 0.02055243 -0.15030062
v -0.00035864 0.02055499 -0.15031575
v -0.00030031 0.02550893 -0.14921695
v -0.00030096 0.02551235 -0.14923277
v -0.00030333 0.02551626 -0.14925088
v -0.00030757 0.02552023 -0.14926922
v -0.00031378 0.02552420 -0.14928755
v -0.00032200 0.02552809 -0.14930555
v -0.00033220 0.02553185 -0.14932291
v -0.00034432 0.02553540 -0.14933935
v -0.00035819 0.02553869 -0.14935455
v -0.00037361 0.02554165 -0.14936826
v -0.00039031 0.02554425 -0.14938027
v -0.00040801 0.02554645 -0.14939043
v -0.00042638 0.02554823 -0.14939865
v -0.00044512 0.02554958 -0.14940490
v -0.00046390 0.02555051 -0.14940922
v -0.00048228 0.02605704 -0.14919207
v -0.00048232 0.02589927 -0.14928637
v -0.00048223 0.02644485 -0.14880572
v -0.00048223 0.02654001 -0.14864889
v -0.00030274 0.02645525 -0.14842935
v -0.00030030 0.02642616 -0.14841834
v -0.00030030 0.02641365 -0.14845020
v -0.00030095 0.02637782 -0.14856380
v -0.00030332 0.02639422 -0.14857242
v -0.00030553 0.02646862 -0.14843440
v -0.00030756 0.02641084 -0.14858115
v -0.00031019 0.02648422 -0.14844030
v -0.00031376 0.02642743 -0.14858985
v -0.00031518 0.02649692 -0.14844510
v -0.00032196 0.02644373 -0.14859840
v -0.00032265 0.02651207 -0.14845084
v -0.00032949 0.02652344 -0.14845513
v -0.00033215 0.02645947 -0.14860667
v -0.00033758 0.02653489 -0.14845945
v -0.00034425 0.02647436 -0.14861448
v -0.00034425 0.02654313 -0.14846256
v -0.00034811 0.02654751 -0.14846422
v -0.00035810 0.02648813 -0.14862171
v -0.00035889 0.02655843 -0.14846833
v -0.00037057 0.02656852 -0.14847213
v -0.00037349 0.02650056 -0.14862822
v -0.00037349 0.02657081 -0.14847299
v -0.00038287 0.02657758 -0.14847553
v -0.00039018 0.02651145 -0.14863393
v -0.00039018 0.02658232 -0.14847732
v -0.00039630 0.02658595 -0.14847867
v -0.00040785 0.02652066 -0.14863876
v -0.00041029 0.02659323 -0.14848138
v -0.00042620 0.02659995 -0.14848389
v -0.00042620 0.02652812 -0.14864267
v -0.00044055 0.02660473 -0.14848565
v -0.00044491 0.02653380 -0.14864564
v -0.00044491 0.02660596 -0.14848611
v -0.00045490 0.02660841 -0.14848700
v -0.00046368 0.02653773 -0.14864770
v -0.00046903 0.02661101 -0.14848793
v -0.00048223 0.02661256 -0.14848846
v -0.00048630 0.02661287 -0.14848857
v -0.00048224 0.02633151 -0.14894982
v -0.00030031 0.02569635 -0.14915958
v -0.00030096 0.02566792 -0.14918789
v -0.00030333 0.02567421 -0.14920533
v -0.00030757 0.02568059 -0.14922298
v -0.00031378 0.02568696 -0.14924063
v -0.00032199 0.02569321 -0.14925796
v -0.00033219 0.02569924 -0.14927468
v -0.00034430 0.02570495 -0.14929050
v -0.00035816 0.02571023 -0.14930515
v -0.00037357 0.02571499 -0.14931835
v -0.00039027 0.02571916 -0.14932992
v -0.00040796 0.02572268 -0.14933971
v -0.00042633 0.02572553 -0.14934762
v -0.00044505 0.02572769 -0.14935365
v -0.00046383 0.02572919 -0.14935783
v -0.00048239 0.02573004 -0.14936022
v -0.00046377 0.02589811 -0.14928409
v -0.00044500 0.02589610 -0.14928013
v -0.00042628 0.02589318 -0.14927442
v -0.00040792 0.02588934 -0.14926693
v -0.00039024 0.02588459 -0.14925766
v -0.00037355 0.02587898 -0.14924671
v -0.00035814 0.02587256 -0.14923421
v -0.00034428 0.02586544 -0.14922035
v -0.00033218 0.02585775 -0.14920537
v -0.00032198 0.02584961 -0.14918955
v -0.00031377 0.02584118 -0.14917314
v -0.00030757 0.02583260 -0.14915645
v -0.00030333 0.02582400 -0.14913973
v -0.00030096 0.02581552 -0.14912324
v -0.00030031 0.02587247 -0.14907299
v -0.00046373 0.02605561 -0.14918995
v -0.00044496 0.02605312 -0.14918627
v -0.00042625 0.02604951 -0.14918096
v -0.00040789 0.02604476 -0.14917400
v -0.00039022 0.02603889 -0.14916539
v -0.00037353 0.02603195 -0.14915523
v -0.00035812 0.02602402 -0.14914361
v -0.00034427 0.02601522 -0.14913075
v -0.00033217 0.02600572 -0.14911683
v -0.00032197 0.02599566 -0.14910212
v -0.00031377 0.02598525 -0.14908689
v -0.00030757 0.02597464 -0.14907138
v -0.00030333 0.02596402 -0.14905585
v -0.00030096 0.02595353 -0.14904054
v -0.00030031 0.02604204 -0.14895314
v -0.00048226 0.02620168 -0.14907925
v -0.00046371 0.02620000 -0.14907733
v -0.00044494 0.02619707 -0.14907399
v -0.00042623 0.02619284 -0.14906916
v -0.00040787 0.02618727 -0.14906283
v -0.00039020 0.02618039 -0.14905500
v -0.00037351 0.02617224 -0.14904577
v -0.00035811 0.02616295 -0.14903520
v -0.00034426 0.02615265 -0.14902350
v -0.00033216 0.02614151 -0.14901087
v -0.00032197 0.02612973 -0.14899750
v -0.00031376 0.02611752 -0.14898364
v -0.00030756 0.02610510 -0.14896955
v -0.00030333 0.02609266 -0.14895543
v -0.00030096 0.02608038 -0.14894150
v -0.00046369 0.02632960 -0.14894812
v -0.00044492 0.02632629 -0.14894517
v -0.00042621 0.02632149 -0.14894091
v -0.00040786 0.02631520 -0.14893530
v -0.00039019 0.02630742 -0.14892837
v -0.00037350 0.02629821 -0.14892019
v -0.00035811 0.02628771 -0.14891085
v -0.00034425 0.02627607 -0.14890049
v -0.00033216 0.02626348 -0.14888930
v -0.00032197 0.02625018 -0.14887747
v -0.00031376 0.02623639 -0.14886521
v -0.00030756 0.02622236 -0.14885272
v -0.00030333 0.02620831 -0.14884022
v -0.00030096 0.02619443 -0.14882790
v -0.00030031 0.02619658 -0.14880171
v -0.00046368 0.02644274 -0.14880428
v -0.00044492 0.02643909 -0.14880176
v -0.00042621 0.02643381 -0.14879811
v -0.00040785 0.02642688 -0.14879331
v -0.00039018 0.02641832 -0.14878739
v -0.00037350 0.02640820 -0.14878039
v -0.00035810 0.02639665 -0.14877240
v -0.00034425 0.02638385 -0.14876354
v -0.00033215 0.02637001 -0.14875396
v -0.00032196 0.02635539 -0.14874384
v -0.00031376 0.02634023 -0.14873335
v -0.00030756 0.02632481 -0.14872266
v -0.00030333 0.02630936 -0.14871196
v -0.00030096 0.02629412 -0.14870141
v -0.00030031 0.02632592 -0.14862402
v -0.00030279 0.02674535 -0.14765856
v -0.00030029 0.02671589 -0.14764749
v -0.00047068 0.02690103 -0.14771707
v -0.00045489 0.02689821 -0.14771602
v -0.00043993 0.02689437 -0.14771457
v -0.00042463 0.02688918 -0.14771262
v -0.00041067 0.02688325 -0.14771040
v -0.00039628 0.02687579 -0.14770758
v -0.00038365 0.02686796 -0.14770465
v -0.00037055 0.02685836 -0.14770104
v -0.00035954 0.02684889 -0.14769748
v -0.00034809 0.02683734 -0.14769313
v -0.00033894 0.02682650 -0.14768906
v -0.00032947 0.02681325 -0.14768408
v -0.00032235 0.02680135 -0.14767961
v -0.00031516 0.02678671 -0.14767411
v -0.00031020 0.02677407 -0.14766936
v -0.00030552 0.02675839 -0.14766346
v -0.00031020 0.02676699 -0.14761209
v -0.00030279 0.02674176 -0.14762957
v -0.00030279 0.02674430 -0.14763394
v -0.00030279 0.02674674 -0.14765370
v -0.00030279 0.02674712 -0.14764363
v -0.00030279 0.02674610 -0.14763868
v -0.00030279 0.02674734 -0.14764868
v -0.00030279 0.02673856 -0.14762565
v -0.00047068 0.02671589 -0.14744969
v -0.00047068 0.02674757 -0.14745225
v -0.00047068 0.02677843 -0.14745983
v -0.00047068 0.02680768 -0.14747228
v -0.00047068 0.02683455 -0.14748923
v -0.00047068 0.02685837 -0.14751029
v -0.00047068 0.02687850 -0.14753488
v -0.00047068 0.02689444 -0.14756238
v -0.00047068 0.02690576 -0.14759208
v -0.00047068 0.02691218 -0.14762321
v -0.00047068 0.02691354 -0.14765497
v -0.00047068 0.02690979 -0.14768653
v -0.00031020 0.02676066 -0.14760438
v -0.00032235 0.02678165 -0.14758416
v -0.00030279 0.02673477 -0.14762230
v -0.00031020 0.02677200 -0.14762074
v -0.00031020 0.02677556 -0.14763008
v -0.00031020 0.02677758 -0.14763986
v -0.00031020 0.02677800 -0.14764984
v -0.00031020 0.02677682 -0.14765975
v -0.00031020 0.02675318 -0.14759776
v -0.00032235 0.02677066 -0.14757444
v -0.00033893 0.02678678 -0.14755295
v -0.00030279 0.02673049 -0.14761961
v -0.00032235 0.02679095 -0.14759551
v -0.00032235 0.02679830 -0.14760821
v -0.00032235 0.02680353 -0.14762191
v -0.00032235 0.02680650 -0.14763628
v -0.00032235 0.02680712 -0.14765094
v -0.00032235 0.02680539 -0.14766550
v -0.00031020 0.02674473 -0.14759243
v -0.00032235 0.02675826 -0.14756662
v -0.00033893 0.02677072 -0.14754282
v -0.00035954 0.02678182 -0.14752163
v -0.00030279 0.02672584 -0.14761762
v -0.00033893 0.02680101 -0.14756553
v -0.00033893 0.02681303 -0.14758022
v -0.00033893 0.02682255 -0.14759664
v -0.00033893 0.02682932 -0.14761439
v -0.00033894 0.02683316 -0.14763299
v -0.00033894 0.02683397 -0.14765196
v -0.00033894 0.02683173 -0.14767081
v -0.00031020 0.02673554 -0.14758852
v -0.00032235 0.02674475 -0.14756086
v -0.00033893 0.02675325 -0.14753538
v -0.00035954 0.02676081 -0.14751269
v -0.00038365 0.02676726 -0.14749336
v -0.00030279 0.02672093 -0.14761642
v -0.00035954 0.02680113 -0.14753382
v -0.00035954 0.02681824 -0.14754893
v -0.00035954 0.02683270 -0.14756660
v -0.00035954 0.02684415 -0.14758636
v -0.00035954 0.02685228 -0.14760768
v -0.00035954 0.02685690 -0.14763005
v -0.00035954 0.02685787 -0.14765285
v -0.00035954 0.02685518 -0.14767553
v -0.00031020 0.02672584 -0.14758612
v -0.00032235 0.02673051 -0.14755736
v -0.00033893 0.02673481 -0.14753085
v -0.00035954 0.02673864 -0.14750724
v -0.00038365 0.02674191 -0.14748712
v -0.00041067 0.02674452 -0.14747100
v -0.00030279 0.02671589 -0.14761601
v -0.00038365 0.02679128 -0.14750357
v -0.00038365 0.02681336 -0.14751750
v -0.00038365 0.02683292 -0.14753480
v -0.00038365 0.02684945 -0.14755499
v -0.00038365 0.02686254 -0.14757758
v -0.00038365 0.02687185 -0.14760198
v -0.00038365 0.02687712 -0.14762755
v -0.00038365 0.02687823 -0.14765362
v -0.00038365 0.02687516 -0.14767955
v -0.00031020 0.02671589 -0.14758533
v -0.00032235 0.02671589 -0.14755619
v -0.00033893 0.02671589 -0.14752932
v -0.00035954 0.02671589 -0.14750540
v -0.00038365 0.02671589 -0.14748502
v -0.00041067 0.02671589 -0.14746869
v -0.00043992 0.02671589 -0.14745681
v -0.00041067 0.02677242 -0.14747787
v -0.00041067 0.02679886 -0.14748912
v -0.00041067 0.02682315 -0.14750445
v -0.00041067 0.02684468 -0.14752348
v -0.00041067 0.02686288 -0.14754570
v -0.00041067 0.02687729 -0.14757055
v -0.00041067 0.02688752 -0.14759740
v -0.00041067 0.02689333 -0.14762554
v -0.00041067 0.02689455 -0.14765425
v -0.00041067 0.02689116 -0.14768277
v -0.00043992 0.02674642 -0.14745927
v -0.00043992 0.02677618 -0.14746660
v -0.00043992 0.02680437 -0.14747860
v -0.00043992 0.02683028 -0.14749494
v -0.00043992 0.02685324 -0.14751524
v -0.00043992 0.02687264 -0.14753895
v -0.00043993 0.02688801 -0.14756545
v -0.00043993 0.02689892 -0.14759408
v -0.00043993 0.02690512 -0.14762408
v -0.00043993 0.02690642 -0.14765470
v -0.00043993 0.02690281 -0.14768511
v -0.01573727 0.06755609 -0.05337650
v -0.01586132 0.06745890 -0.05378853
v -0.01901097 0.06745610 -0.05478695
v -0.01661151 0.06647906 -0.05550710
v -0.01921693 0.06643461 -0.05650321
v -0.01852769 0.06671026 -0.05598069
v -0.02945863 0.06700651 -0.05980938
v -0.02966916 0.06702989 -0.05950265
v -0.02924538 0.06693581 -0.06011425
v -0.02903449 0.06681780 -0.06040976
v -0.03010839 0.06631890 -0.06195473
v -0.03047891 0.06645839 -0.06191764
v -0.02883113 0.06665479 -0.06068863
v -0.02963698 0.06610815 -0.06197585
v -0.02984687 0.06620666 -0.06197011
v -0.02864007 0.06645122 -0.06094437
v -0.02586392 0.06615685 -0.05981609
v -0.02684602 0.06608357 -0.06040872
v -0.02659763 0.06636927 -0.05997607
v -0.02919811 0.06587686 -0.06196802
v -0.01596898 0.06681842 -0.05495948
v -0.01594094 0.06648791 -0.05527634
v -0.01863390 0.06695242 -0.05572216
v -0.01597429 0.06696320 -0.05478274
v -0.01597187 0.06709264 -0.05459682
v -0.01875155 0.06716132 -0.05543291
v -0.01596037 0.06720635 -0.05440335
v -0.01593875 0.06730516 -0.05420303
v -0.01887821 0.06733073 -0.05511877
v -0.01590583 0.06738948 -0.05399671
v -0.01566830 0.06758336 -0.05320004
v -0.01914662 0.06753498 -0.05444551
v -0.01556522 0.06760705 -0.05297539
v -0.01928192 0.06756716 -0.05410270
v -0.01535040 0.06762191 -0.05260148
v -0.02357455 0.06744206 -0.05599077
v -0.02144411 0.06751645 -0.05499950
v -0.02129336 0.06748514 -0.05533647
v -0.02114190 0.06740699 -0.05567199
v -0.02340839 0.06741229 -0.05632150
v -0.02324101 0.06733549 -0.05665069
v -0.02307642 0.06721184 -0.05697034
v -0.02712929 0.06697927 -0.05918643
v -0.02732601 0.06709873 -0.05888025
v -0.02752476 0.06717058 -0.05856448
v -0.02772077 0.06719479 -0.05824692
v -0.02277127 0.06683582 -0.05755055
v -0.02263745 0.06659424 -0.05779851
v -0.02463883 0.06649836 -0.05884480
v -0.02291862 0.06704377 -0.05727262
v -0.02478707 0.06673925 -0.05860275
v -0.02447350 0.06624361 -0.05902505
v -0.02494970 0.06694618 -0.05833105
v -0.02676094 0.06660911 -0.05974043
v -0.02846538 0.06621335 -0.06117179
v -0.02961447 0.06609713 -0.06197611
v -0.02693943 0.06681455 -0.05947541
v -0.02512328 0.06711286 -0.05803520
v -0.02530375 0.06723477 -0.05772209
v -0.02548670 0.06730951 -0.05739942
v -0.02566775 0.06733695 -0.05707510
v -0.02099337 0.06728222 -0.05599793
v -0.02085134 0.06711327 -0.05630637
v -0.02071912 0.06690468 -0.05659019
v -0.02059943 0.06666268 -0.05684368
v -0.02189236 0.06635996 -0.05769753
v -0.02397268 0.06627039 -0.05875342
v -0.01245241 0.06732460 -0.05140000
v -0.00633969 0.06745451 -0.05140000
v -0.01273924 0.06731636 -0.05141252
v -0.01313980 0.06730858 -0.05147238
v -0.01319845 0.06730781 -0.05148542
v -0.01353325 0.06730539 -0.05158206
v -0.01370667 0.06730551 -0.05164764
v -0.01391112 0.06730693 -0.05173992
v -0.01488242 0.06733917 -0.05246727
v -0.01458877 0.06732389 -0.05218486
v -0.01426305 0.06731307 -0.05194108
v -0.01418211 0.06731120 -0.05188962
v -0.01498608 0.06734473 -0.05258565
v -0.01512490 0.06734771 -0.05276404
v -0.01529372 0.06733879 -0.05302165
v -0.01533056 0.06733392 -0.05308560
v -0.01549799 0.06728734 -0.05342938
v -0.01552733 0.06727267 -0.05350217
v -0.01562200 0.06719878 -0.05378144
v -0.01566811 0.06713560 -0.05395894
v -0.01568009 0.06711360 -0.05401297
v -0.01570362 0.06705889 -0.05413460
v -0.01572868 0.06696903 -0.05430492
v -0.01574433 0.06686564 -0.05446922
v -0.01573437 0.06631597 -0.05504459
v -0.01575141 0.06661635 -0.05477661
v -0.01575152 0.06674796 -0.05462689
v -0.01574862 0.06681331 -0.05454262
v -0.05331941 0.00002367 -0.12260941
v -0.05294331 0.00388598 -0.12341002
v -0.05292451 0.00001670 -0.12349397
v -0.05327385 0.00765334 -0.12256868
v -0.05322751 0.00382954 -0.12281888
v -0.05344247 0.00377246 -0.12219907
v -0.05299895 0.00776046 -0.12313236
v -0.05337134 0.01527882 -0.12140208
v -0.05315782 0.01350611 -0.12218272
v -0.05309373 0.01160692 -0.12259065
v -0.05351284 0.01516247 -0.12109991
v -0.05343100 0.01332157 -0.12163173
v -0.05336573 0.01144857 -0.12203755
v -0.05368834 0.01498473 -0.12063020
v -0.05363665 0.01313265 -0.12105337
v -0.05357081 0.01128694 -0.12145703
v -0.05348190 0.00754458 -0.12197718
v -0.05351962 0.00942208 -0.12176060
v -0.05128868 0.00002132 -0.03084838
v -0.05128864 0.00126370 -0.03084838
v -0.05146676 0.00126357 -0.03100010
v -0.05167904 0.00002133 -0.03123147
v -0.05156124 0.00002133 -0.03109613
v -0.05142616 0.00002133 -0.03096214
v -0.05167916 0.00126352 -0.03123146
v -0.05187414 0.00126356 -0.03149977
v -0.05181241 0.00002133 -0.03140821
v -0.05203200 0.00126365 -0.03177749
v -0.05212430 0.00126373 -0.03199314
v -0.05201859 0.00002133 -0.03175140
v -0.05209744 0.00002133 -0.03192428
v -0.05505439 0.02503878 -0.11012220
v -0.05389053 0.01960029 -0.11861852
v -0.05408439 0.01920338 -0.11815087
v -0.05401734 0.02053004 -0.11774446
v -0.05420800 0.02009639 -0.11731476
v -0.05415451 0.02137354 -0.11678921
v -0.05434160 0.02090694 -0.11639874
v -0.05429999 0.02213630 -0.11576904
v -0.05448222 0.02163856 -0.11542278
v -0.05445116 0.02282487 -0.11469876
v -0.05462733 0.02229807 -0.11440107
v -0.05475454 0.02401816 -0.11245168
v -0.05492752 0.02346715 -0.11220151
v -0.05522526 0.02448448 -0.10989615
v -0.05358544 0.01635627 -0.12063938
v -0.05378934 0.01609093 -0.12008436
v -0.05367294 0.01750193 -0.12007117
v -0.05387337 0.01719022 -0.11954150
v -0.05377527 0.01858692 -0.11939574
v -0.05397239 0.01823104 -0.11889479
v -0.05351124 0.01893235 -0.11987243
v -0.05363074 0.01998525 -0.11906346
v -0.05376208 0.02095042 -0.11815315
v -0.05390423 0.02182588 -0.11716041
v -0.05331345 0.01661424 -0.12116788
v -0.05340491 0.01780471 -0.12057531
v -0.05452374 0.02455335 -0.11268906
v -0.05482849 0.02557742 -0.11033748
v -0.05421460 0.02333645 -0.11498061
v -0.05405599 0.02261914 -0.11609775
v -0.05616413 0.02999065 -0.08904338
v -0.05629757 0.02841675 -0.08882104
v -0.05607483 0.02894065 -0.09190848
v -0.05605418 0.03357938 -0.08292539
v -0.05609572 0.03313259 -0.08317485
v -0.05613183 0.03251939 -0.08423455
v -0.05278009 0.00890977 -0.03819512
v -0.05255638 0.01778708 -0.03820018
v -0.05143123 0.01014319 -0.03325681
v -0.05124044 0.01762232 -0.03325681
v -0.05010261 0.03397992 -0.03325681
v -0.05057053 0.02931782 -0.03325681
v -0.05171661 0.03108460 -0.03821414
v -0.05094646 0.02400880 -0.03325681
v -0.04998412 0.03495798 -0.03325681
v -0.05074818 0.03529330 -0.03624032
v -0.05086216 0.03534322 -0.03671196
v -0.05332481 0.03646684 -0.04933799
v -0.05387516 0.03193413 -0.04932734
v -0.05371374 0.03665549 -0.05197424
v -0.05467266 0.03227131 -0.05493323
v -0.05529692 0.03255373 -0.06055982
v -0.05444161 0.03702430 -0.05784405
v -0.05410558 0.03685090 -0.05494569
v -0.05575185 0.03278196 -0.06620128
v -0.05513770 0.03741224 -0.06581537
v -0.05479407 0.03721133 -0.06140755
v -0.05579462 0.03604515 -0.08065354
v -0.05555753 0.03778780 -0.07937557
v -0.05615192 0.03307311 -0.07751202
v -0.05544473 0.03762573 -0.07187068
v -0.05603779 0.03295556 -0.07185321
v -0.05538702 0.03757999 -0.07038187
v -0.05516399 0.03742865 -0.06621721
v -0.05594833 0.03469451 -0.08180093
v -0.05651881 0.02841705 -0.08315764
v -0.05618636 0.03085774 -0.08704929
v -0.05617342 0.03163748 -0.08558451
v -0.05569325 0.02356235 -0.10013700
v -0.05576297 0.02698098 -0.09753289
v -0.05529014 0.02501683 -0.10316939
v -0.05504797 0.02341698 -0.10579085
v -0.05478505 0.02334017 -0.10783943
v -0.05538341 0.00942236 -0.10576599
v -0.05457794 0.00934495 -0.11141388
v -0.05444900 0.01825697 -0.11137008
v -0.05364876 0.00924387 -0.11705462
v -0.05389598 0.01825698 -0.11489362
v -0.05417829 0.01825698 -0.11313275
v -0.05356843 0.01837322 -0.11686161
v -0.05366334 0.01892999 -0.11622652
v -0.05386002 0.01992301 -0.11489345
v -0.05304669 0.01348487 -0.12017659
v -0.05314928 0.01485875 -0.11954742
v -0.05327106 0.01612932 -0.11878706
v -0.05341048 0.01730315 -0.11789010
v -0.05367184 0.00002131 -0.11705203
v -0.05378089 0.01804979 -0.04373107
v -0.05401805 0.00904352 -0.04372421
v -0.05479454 0.01827742 -0.04930404
v -0.05504071 0.00915974 -0.04929559
v -0.05561526 0.01847255 -0.05490585
v -0.05586663 0.00925970 -0.05489594
v -0.05625349 0.01863638 -0.06052861
v -0.05650669 0.00934401 -0.06051730
v -0.05671402 0.01876925 -0.06616641
v -0.05696600 0.00941284 -0.06615378
v -0.05699784 0.01887090 -0.07181495
v -0.05724579 0.00946606 -0.07180109
v -0.05710253 0.01894052 -0.07747082
v -0.05734381 0.00950327 -0.07745590
v -0.05702974 0.01897696 -0.08313126
v -0.05726174 0.00952388 -0.08311548
v -0.05679227 0.01897868 -0.08879377
v -0.05701241 0.00952714 -0.08877747
v -0.05640338 0.01894374 -0.09445841
v -0.05660904 0.00951206 -0.09444208
v -0.05587409 0.01886995 -0.10012527
v -0.05606259 0.00947756 -0.10010967
v -0.05521485 0.01875476 -0.10578018
v -0.05495540 0.01825696 -0.10783953
v -0.05121483 0.03549857 -0.03822051
v -0.05233933 0.03600537 -0.04361593
v -0.05208771 0.02665534 -0.03820863
v -0.05289522 0.03154006 -0.04375000
v -0.05298192 0.03630396 -0.04721236
v -0.05328625 0.02704652 -0.04374253
v -0.05357349 0.02255092 -0.04373622
v -0.05428133 0.02738507 -0.04931815
v -0.05457938 0.02283408 -0.04931038
v -0.05508984 0.02767488 -0.05492243
v -0.05539522 0.02307662 -0.05491330
v -0.05572146 0.02791774 -0.06054750
v -0.05603108 0.02328003 -0.06053710
v -0.05618045 0.02811415 -0.06618752
v -0.05649152 0.02344473 -0.06617589
v -0.05646742 0.02826374 -0.07183810
v -0.05677736 0.02357042 -0.07182536
v -0.05657969 0.02836528 -0.07749575
v -0.05688607 0.02365606 -0.07748202
v -0.05681925 0.02370024 -0.08314312
v -0.05658969 0.02370101 -0.08880603
v -0.05621066 0.02365596 -0.09447068
v -0.05150951 0.00002132 -0.03325681
v -0.05284263 0.00002132 -0.03819343
v -0.05408473 0.00002132 -0.04372193
v -0.05511006 0.00002131 -0.04929278
v -0.05593736 0.00002131 -0.05489264
v -0.05657769 0.00002131 -0.06051354
v -0.05703627 0.00002130 -0.06614958
v -0.05731437 0.00002130 -0.07179648
v -0.05740982 0.00002130 -0.07745094
v -0.05732432 0.00002130 -0.08311024
v -0.05707069 0.00002130 -0.08877204
v -0.05666215 0.00002130 -0.09443666
v -0.05610964 0.00002130 -0.10010449
v -0.05542348 0.00002130 -0.10576128
v -0.05461004 0.00002131 -0.11140998
v -0.04761969 0.05787986 -0.06691318
v -0.04742138 0.05824317 -0.06659749
v -0.04822074 0.05713764 -0.06759583
v -0.04981539 0.05312501 -0.07262646
v -0.04986386 0.05285993 -0.07308853
v -0.04995044 0.05224537 -0.07427156
v -0.05000387 0.05150430 -0.07598525
v -0.04969646 0.05366443 -0.07175750
v -0.04872651 0.05366160 -0.07176184
v -0.04957083 0.05413355 -0.07106709
v -0.04870199 0.05400645 -0.07124879
v -0.04946541 0.05447739 -0.07059361
v -0.04918497 0.05525208 -0.06961164
v -0.04858775 0.05495012 -0.06998156
v -0.04898011 0.05573117 -0.06905458
v -0.04842750 0.05573013 -0.06905575
v -0.04891864 0.05586435 -0.06890573
v -0.04838335 0.05590117 -0.06886500
v -0.04862358 0.05644986 -0.06827932
v -0.04806691 0.05688009 -0.06784564
v -0.04524573 0.03715497 -0.11328844
v -0.04567048 0.03760781 -0.11211123
v -0.04639016 0.03714884 -0.11330440
v -0.00700699 0.02398194 -0.14753415
v -0.00601950 0.02393660 -0.14765251
v -0.04721298 0.03832649 -0.11024293
v -0.00331179 0.02385385 -0.14786810
v -0.00060077 0.02383078 -0.14792635
v -0.00060077 0.02401542 -0.14744635
v -0.04327472 0.03419628 -0.12097999
v -0.04264230 0.03372843 -0.12219622
v -0.04765001 0.04071840 -0.10402483
v -0.04850153 0.04091709 -0.10350829
v -0.02387849 0.02618044 -0.14182977
v -0.02609780 0.02670466 -0.14046842
v -0.02830232 0.02729428 -0.13893767
v -0.03045459 0.02794307 -0.13725187
v -0.03252358 0.02864260 -0.13543019
v -0.03450385 0.02939361 -0.13347477
v -0.04384698 0.03464725 -0.11980762
v -0.04452221 0.03521545 -0.11833050
v -0.04907780 0.04262574 -0.09906642
v -0.04949579 0.04435501 -0.09457096
v -0.03522421 0.02968942 -0.13270535
v -0.03638274 0.03019356 -0.13139518
v -0.03815561 0.03104131 -0.12919432
v -0.03982215 0.03193709 -0.12687008
v -0.03815426 0.03204784 -0.12656514
v -0.04025466 0.03218767 -0.12621975
v -0.04131433 0.03283757 -0.12453263
v -0.04187158 0.03319491 -0.12358318
v -0.04493430 0.03558487 -0.11737014
v -0.04561583 0.03625179 -0.11563638
v -0.04643647 0.03857281 -0.10960259
v -0.04655155 0.03873821 -0.10917260
v -0.04789655 0.03955176 -0.10705766
v -0.04707708 0.03958093 -0.10698184
v -0.04762574 0.04066395 -0.10416637
v -0.00030028 0.02383037 -0.14792751
v -0.00030028 0.02393812 -0.14764749
v -0.00030248 0.02394951 -0.14761789
v -0.00030372 0.02395234 -0.14761052
v -0.00870597 0.02407938 -0.14727986
v -0.00841899 0.02422330 -0.14690612
v -0.01102284 0.02425301 -0.14682743
v -0.01100960 0.02444347 -0.14633375
v -0.01135796 0.02428211 -0.14675166
v -0.01355939 0.02472205 -0.14560956
v -0.01396631 0.02454443 -0.14606978
v -0.04953301 0.04454534 -0.09407616
v -0.04978589 0.04618358 -0.08981732
v -0.05000158 0.05077941 -0.07786983
v -0.00030959 0.02396133 -0.14758717
v -0.00031338 0.02396551 -0.14757629
v -0.00032144 0.02397257 -0.14755793
v -0.02320844 0.02639774 -0.14125335
v -0.02088320 0.02589446 -0.14256172
v -0.02239363 0.02586482 -0.14264840
v -0.02148412 0.02568458 -0.14311542
v -0.04999939 0.05004942 -0.07976754
v -0.04999908 0.04886043 -0.08285772
v -0.00032886 0.02397776 -0.14754444
v -0.00033775 0.02398296 -0.14753093
v -0.00034940 0.02398862 -0.14751621
v -0.01493650 0.02465864 -0.14577337
v -0.01553093 0.02498133 -0.14493553
v -0.01652547 0.02486592 -0.14523584
v -0.01606446 0.02505828 -0.14473549
v -0.01903220 0.02524614 -0.14425088
v -0.01848906 0.02544612 -0.14372723
v -0.02064805 0.02584738 -0.14268409
v -0.04992379 0.04759038 -0.08616015
v -0.04998761 0.04860637 -0.08351911
v -0.00046866 0.02401409 -0.14745000
v -0.00048971 0.02401495 -0.14744776
v -0.00049826 0.02401505 -0.14744750
v -0.00035811 0.02399223 -0.14750682
v -0.00037314 0.02399751 -0.14749309
v -0.00038201 0.02400016 -0.14748621
v -0.00040032 0.02400476 -0.14747426
v -0.00040886 0.02400655 -0.14746961
v -0.00042977 0.02401012 -0.14746033
v -0.00043798 0.02401123 -0.14745742
v -0.00046062 0.02401353 -0.14745146
v -0.00030026 0.01949524 -0.14878784
v -0.00060040 0.01937562 -0.14880615
v -0.00030023 0.01303201 -0.14974906
v -0.00060070 0.01531868 -0.14944963
v -0.00030024 0.01518861 -0.14947155
v -0.00030026 0.01847712 -0.14896496
v -0.05233490 0.01523302 -0.12071543
v -0.03577528 0.02783668 -0.13326405
v -0.04329128 0.03082491 -0.12346537
v -0.03878019 0.02797634 -0.13046895
v -0.04159760 0.02804668 -0.12749428
v -0.02636678 0.02461524 -0.14112215
v -0.02322696 0.02176529 -0.14360240
v -0.01556968 0.02103309 -0.14653660
v -0.01944284 0.02141103 -0.14521384
v -0.00759234 0.02018698 -0.14828488
v -0.01161660 0.02062722 -0.14756195
v -0.00350815 0.01970566 -0.14870262
v -0.00422560 0.01447113 -0.14950261
v -0.00833137 0.01497210 -0.14909181
v -0.01238327 0.01543686 -0.14838997
v -0.01672252 0.01326241 -0.14771886
v -0.02064584 0.01367291 -0.14644673
v -0.02448604 0.01405231 -0.14489011
v -0.02822788 0.01439832 -0.14305933
v -0.03185034 0.01470484 -0.14097121
v -0.03532540 0.01496145 -0.13864966
v -0.03863280 0.01516448 -0.13611762
v -0.04176187 0.01531377 -0.13338959
v -0.04470234 0.01540394 -0.13047552
v -0.04744611 0.01542644 -0.12738402
v -0.04998941 0.01537200 -0.12412556
v -0.05230235 0.02019390 -0.11782726
v -0.05185849 0.01781263 -0.12027253
v -0.05121611 0.02032573 -0.11968640
v -0.05066399 0.02237511 -0.11898411
v -0.05086791 0.02211225 -0.11884470
v -0.05053677 0.02253800 -0.11907050
v -0.04895188 0.02051759 -0.12314710
v -0.05032299 0.02280989 -0.11921470
v -0.04577778 0.02310471 -0.12579636
v -0.04664146 0.02719725 -0.12154156
v -0.04823029 0.02300492 -0.12248310
v -0.04698060 0.02681287 -0.12133771
v -0.04781092 0.02585656 -0.12083054
v -0.04421110 0.02802989 -0.12433919
v -0.04456916 0.02947529 -0.12274967
v -0.02690973 0.02209592 -0.14171612
v -0.02988883 0.02490711 -0.13895768
v -0.03047277 0.02239690 -0.13957547
v -0.03326681 0.02515852 -0.13656746
v -0.03388992 0.02265511 -0.13720824
v -0.03714247 0.02286327 -0.13463834
v -0.04310245 0.02310261 -0.12892877
v -0.04021851 0.02301654 -0.13187687
v -0.03259863 0.02764146 -0.13587493
v -0.02926471 0.02739847 -0.13828723
v -0.01637076 0.01586864 -0.14739540
v -0.01598560 0.01845924 -0.14700001
v -0.02028493 0.01627074 -0.14610980
v -0.01988264 0.01885030 -0.14569721
v -0.02411572 0.01664494 -0.14453918
v -0.02369436 0.01921595 -0.14410783
v -0.02784914 0.01698978 -0.14269497
v -0.02740774 0.01955554 -0.14224449
v -0.03146441 0.01729901 -0.14059505
v -0.03100285 0.01986278 -0.14012633
v -0.03493248 0.01756079 -0.13826440
v -0.03445108 0.02012492 -0.13777992
v -0.03823405 0.01777058 -0.13572659
v -0.03773351 0.02033618 -0.13522889
v -0.04135903 0.01792703 -0.13299496
v -0.04083961 0.02049363 -0.13248509
v -0.04429451 0.01802189 -0.13007703
v -0.04375460 0.02058663 -0.12955424
v -0.04702771 0.01804285 -0.12697829
v -0.04646286 0.02060001 -0.12643987
v -0.04954963 0.01797673 -0.12370591
v -0.05388144 0.02002070 -0.11474557
v -0.05409714 0.02091924 -0.11320066
v -0.05420353 0.02132641 -0.11241269
v -0.05451963 0.02245673 -0.10999185
v -0.05433162 0.02179623 -0.11144507
v -0.04845478 0.05564423 -0.07066827
v -0.04014933 0.06303952 -0.06375315
v -0.04667085 0.05929058 -0.06375306
v -0.04659554 0.05940150 -0.06406026
v -0.04582170 0.06025898 -0.06375308
v -0.04638906 0.05968257 -0.06489886
v -0.04634100 0.05975305 -0.06531473
v -0.04662256 0.05941597 -0.06557298
v -0.04557192 0.06049962 -0.06375308
v -0.04486546 0.06109462 -0.06375308
v -0.04380728 0.06179568 -0.06375310
v -0.04265304 0.06236229 -0.06375311
v -0.04143007 0.06277957 -0.06375313
v -0.04686579 0.05909709 -0.06583110
v -0.04721851 0.05857866 -0.06628204
v -0.04740837 0.05826496 -0.06657657
v -0.01245241 0.06504639 -0.05140000
v -0.00857879 0.06513902 -0.05140000
v -0.00060077 0.06520376 -0.05140000
v -0.01267071 0.06504055 -0.05140723
v -0.01299422 0.06503434 -0.05144478
v -0.01319844 0.06503190 -0.05148543
v -0.01352703 0.06503048 -0.05157987
v -0.01370667 0.06503106 -0.05164765
v -0.01396248 0.06503368 -0.05176577
v -0.01418211 0.06503779 -0.05188964
v -0.01442774 0.06504473 -0.05205650
v -0.01498614 0.06507312 -0.05258571
v -0.01483919 0.06506348 -0.05242112
v -0.01461236 0.06505188 -0.05220507
v -0.01562399 0.06515840 -0.05378833
v -0.01552702 0.06513663 -0.05350134
v -0.01544670 0.06512257 -0.05331283
v -0.01529372 0.06510153 -0.05302162
v -0.01516410 0.06508778 -0.05281937
v -0.01567999 0.06517564 -0.05401241
v -0.01572723 0.06519751 -0.05429311
v -0.01575078 0.06523823 -0.05480368
v -0.01574860 0.06521715 -0.05454145
v -0.01557391 0.06532048 -0.05577059
v -0.01562776 0.06556263 -0.05559874
v -0.01569421 0.06528081 -0.05531704
v -0.01573108 0.06526046 -0.05507463
v -0.01572670 0.06534544 -0.05617369
v -0.01586207 0.06591561 -0.05573514
v -0.02073940 0.06324495 -0.04015152
v -0.02113101 0.06422275 -0.04734722
v -0.01425143 0.06453854 -0.04724313
v -0.00059906 0.06422795 -0.04306186
v -0.00059949 0.06378394 -0.04005012
v -0.00722124 0.06373737 -0.04005778
v -0.00060002 0.06490771 -0.04853061
v -0.00059958 0.06475377 -0.04717581
v -0.00733965 0.06470948 -0.04718927
v -0.02137621 0.06494693 -0.05459162
v -0.01842657 0.06530686 -0.05717002
v -0.02111966 0.06524634 -0.05833996
v -0.02770758 0.06488824 -0.06203574
v -0.02586304 0.06503115 -0.06086231
v -0.02485426 0.06469157 -0.05471975
v -0.02355747 0.06515772 -0.05956017
v -0.02780673 0.06488076 -0.06204000
v -0.02815734 0.06433978 -0.05489871
v -0.02827271 0.06463743 -0.05904853
v -0.02831841 0.06480148 -0.06176306
v -0.02832040 0.06481053 -0.06192462
v -0.02790440 0.06486470 -0.06205079
v -0.02832090 0.06480841 -0.06208678
v -0.02697327 0.06212431 -0.03677836
v -0.02738954 0.06285069 -0.04144537
v -0.02409889 0.06299924 -0.04020772
v -0.02781438 0.06363052 -0.04756861
v -0.02455763 0.06397025 -0.04743869
v -0.02793780 0.06387190 -0.04980300
v -0.02493880 0.06165630 -0.03325675
v -0.02048585 0.06265178 -0.03657879
v -0.02009493 0.06203237 -0.03325681
v -0.01382613 0.06297015 -0.03653614
v -0.01462000 0.06230932 -0.03325681
v -0.00713841 0.06314503 -0.03651479
v -0.00801235 0.06250756 -0.03325553
v -0.00060004 0.06341950 -0.03781322
v -0.00060077 0.06257485 -0.03325681
v -0.02696306 0.06210677 -0.03667492
v -0.02380525 0.06241105 -0.03661795
v -0.01399638 0.06356330 -0.04008932
v -0.02660058 0.06148918 -0.03325681
v -0.00045512 0.06477033 -0.04731663
v -0.00044311 0.06381896 -0.04027447
v -0.00043972 0.06257477 -0.03325681
v -0.03661439 -0.05951231 -0.03325681
v -0.03795679 -0.05897945 -0.03325681
v -0.02602097 -0.04030833 -0.03325681
v -0.00841455 -0.06245692 -0.03325681
v -0.00478086 -0.04772742 -0.03325681
v -0.00060077 -0.06253221 -0.03325681
v -0.00195351 -0.04792597 -0.03325681
v -0.00044989 -0.06253199 -0.03325681
v -0.00029891 -0.04796474 -0.03325681
v -0.00029901 -0.06253205 -0.03325681
v -0.03664266 -0.03099757 -0.03325681
v -0.03474666 -0.03310458 -0.03325681
v -0.04815865 -0.04472733 -0.03325681
v -0.04012299 -0.05781948 -0.03325681
v -0.04190712 -0.05646516 -0.03325681
v -0.02836344 -0.03870045 -0.03325681
v -0.01603197 -0.06220641 -0.03325681
v -0.02140334 -0.06190263 -0.03325681
v -0.01583770 -0.04528050 -0.03325681
v -0.03272963 -0.03509543 -0.03325681
v -0.04742549 -0.04718735 -0.03325681
v -0.04769172 -0.04635466 -0.03325681
v -0.04476384 -0.05303718 -0.03325681
v -0.03059955 -0.03696293 -0.03325681
v -0.04359933 -0.05467870 -0.03325681
v -0.04329209 -0.05504922 -0.03325681
v -0.02660058 -0.06144654 -0.03325681
v -0.02107143 -0.04309847 -0.03325681
v -0.01848831 -0.04426594 -0.03325681
v -0.02605719 -0.06150362 -0.03325681
v -0.01313534 -0.04613556 -0.03325681
v -0.01038723 -0.04682920 -0.03325681
v -0.00759509 -0.04736142 -0.03325681
v -0.05097128 -0.02351393 -0.03325311
v -0.04290616 -0.02155019 -0.03325681
v -0.05060076 -0.02891304 -0.03325446
v -0.04155704 -0.02403836 -0.03325681
v -0.05015585 -0.03347982 -0.03325624
v -0.04006097 -0.02644580 -0.03325681
v -0.04998412 -0.03491533 -0.03325681
v -0.03841760 -0.02877331 -0.03325681
v -0.04887664 -0.04169602 -0.03325681
v -0.04923443 -0.03986077 -0.03325681
v -0.04988253 -0.03569836 -0.03325680
v -0.04516996 -0.05236106 -0.03325681
v -0.04540427 -0.05194257 -0.03325681
v -0.04651025 -0.04963413 -0.03325681
v -0.03876549 -0.05859600 -0.03325681
v -0.02930495 -0.06111430 -0.03325681
v -0.03177264 -0.06072995 -0.03325681
v -0.02358301 -0.04177910 -0.03325681
v -0.03426125 -0.06021022 -0.03325681
v -0.03516493 -0.05997184 -0.03325681
v -0.03177264 0.06077260 -0.03325681
v -0.02930511 0.06115692 -0.03325681
v -0.03795679 0.05902209 -0.03325681
v -0.03661450 0.05955491 -0.03325681
v -0.03516493 0.06001448 -0.03325681
v -0.03426138 0.06025283 -0.03325681
v -0.03876558 0.05863859 -0.03325681
v -0.04012299 0.05786212 -0.03325681
v -0.04476389 0.05307976 -0.03325681
v -0.04359933 0.05472134 -0.03325681
v -0.04329215 0.05509179 -0.03325681
v -0.04190712 0.05650780 -0.03325681
v -0.04540431 0.05198514 -0.03325681
v -0.04516996 0.05240370 -0.03325681
v -0.04742550 0.04722994 -0.03325681
v -0.04651025 0.04967677 -0.03325681
v -0.04988253 0.03574101 -0.03325680
v -0.04923443 0.03990339 -0.03325681
v -0.04887664 0.04173866 -0.03325681
v -0.04815866 0.04476993 -0.03325681
v -0.04769172 0.04639730 -0.03325681
v -0.04798520 -0.00249524 -0.03325681
v -0.05144010 -0.00947547 -0.03325344
v -0.04774955 -0.00531553 -0.03325681
v -0.04756755 -0.00673029 -0.03325681
v -0.04677832 -0.01089976 -0.03325681
v -0.05125529 -0.01711546 -0.03325258
v -0.04604483 -0.01365448 -0.03325681
v -0.04561688 -0.01501641 -0.03325681
v -0.04515315 -0.01635253 -0.03325681
v -0.04410664 -0.01898437 -0.03325681
v -0.04734727 -0.00811691 -0.03325681
v -0.04721756 -0.00883073 -0.03325681
v -0.02986082 0.06317946 -0.06384481
v -0.02984491 0.06316867 -0.06383127
v -0.02982540 0.06315809 -0.06381468
v -0.02981669 0.06315422 -0.06380727
v -0.02979339 0.06314623 -0.06378748
v -0.02978772 0.06314476 -0.06378266
v -0.02975312 0.06313951 -0.06375328
v -0.02975817 0.06313991 -0.06375757
v -0.02987113 0.06318759 -0.06385359
v -0.02989712 0.06321266 -0.06387572
v -0.02989295 0.06320816 -0.06387217
v -0.02992315 0.06324555 -0.06389790
v -0.02994314 0.06327845 -0.06391494
v -0.02995584 0.06330818 -0.06392577
v -0.02994577 0.06328371 -0.06391718
v -0.02996143 0.06332897 -0.06393054
v -0.02996364 0.06334371 -0.06393243
v -0.02996390 0.06334673 -0.06393265
v -0.02996310 0.06337561 -0.06393196
v -0.02996263 0.06337877 -0.06393156
v -0.02995633 0.06340319 -0.06392619
v -0.02995270 0.06341234 -0.06392310
v -0.02994491 0.06342784 -0.06391645
v -0.02994336 0.06343049 -0.06391513
v -0.02766079 0.06480853 -0.06208514
v -0.02856631 0.06465625 -0.06276951
v -0.02888212 0.06526658 -0.06236874
v -0.02916653 0.06435010 -0.06326018
v -0.02894571 0.06450542 -0.06307761
v -0.02871367 0.06461426 -0.06288820
v -0.02961244 0.06438714 -0.06328867
v -0.02939080 0.06436776 -0.06328370
v -0.02945857 0.06437349 -0.06328706
v -0.02945330 0.06430288 -0.06334077
v -0.02924476 0.06428820 -0.06332532
v -0.03619466 0.06347121 -0.06294671
v -0.03873531 0.06287878 -0.06333140
v -0.02975312 0.06219008 -0.06375328
v -0.03917055 0.06276462 -0.06340510
v -0.04100351 0.06219111 -0.06375314
v -0.02812545 0.06427027 -0.06242596
v -0.02943336 0.06466299 -0.06218418
v -0.03308414 0.06407460 -0.06255704
v -0.04538811 0.06019672 -0.06375367
v -0.04395720 0.06100526 -0.06375463
v -0.04234377 0.06173322 -0.06375383
v -0.04179294 0.06194720 -0.06375265
v -0.02984077 0.06329462 -0.06382776
v -0.00045016 0.00002147 -0.15051377
v -0.00029973 0.00002132 -0.15051462
v -0.00029975 0.00025839 -0.15051438
v -0.00029995 0.00327877 -0.15046757
v -0.00030010 0.00653808 -0.15032516
v -0.00030021 0.01007984 -0.15006001
v -0.05451351 0.04254115 -0.06990930
v -0.03355003 0.06392014 -0.06120936
v -0.03429741 0.06376910 -0.06113153
v -0.03617893 0.06334991 -0.06093810
v -0.03827240 0.06279816 -0.06072937
v -0.03877396 0.06264895 -0.06068080
v -0.04103270 0.06187043 -0.06047200
v -0.04152392 0.06167345 -0.06042928
v -0.04340131 0.06080178 -0.06027818
v -0.04757924 0.05862959 -0.06444800
v -0.04657751 0.05948280 -0.06448416
v -0.04771277 0.05872644 -0.06597214
v -0.05068202 0.05431635 -0.06452142
v -0.05061000 0.05522869 -0.06820585
v -0.05003671 0.05550753 -0.06447371
v -0.04961672 0.05671232 -0.06725905
v -0.04931096 0.05663319 -0.06444357
v -0.04915038 0.05729215 -0.06688880
v -0.04849399 0.05767858 -0.06443414
v -0.05125707 0.05307231 -0.06458396
v -0.05132719 0.05389351 -0.06905741
v -0.05104815 0.05444359 -0.06870662
v -0.05163656 0.05323244 -0.06947891
v -0.05162116 0.05323269 -0.06910159
v -0.05187834 0.05267461 -0.06983454
v -0.05253465 0.05067234 -0.06926658
v -0.05232444 0.05153991 -0.07055782
v -0.05268276 0.05051884 -0.07120752
v -0.05329043 0.04801404 -0.06946274
v -0.05339770 0.04815789 -0.07269458
v -0.05348035 0.04785644 -0.07288370
v -0.05393925 0.04529596 -0.06967939
v -0.05399315 0.04584685 -0.07414267
v -0.05406157 0.04555406 -0.07420862
v -0.05462376 0.04285850 -0.07443239
v -0.05430352 0.04451025 -0.07498286
v -0.05447007 0.04374851 -0.07546519
v -0.05499905 0.04111154 -0.07715899
v -0.05490602 0.04160297 -0.07684011
v -0.05477571 0.04226972 -0.07641000
v -0.05476807 0.03737730 -0.06139214
v -0.05429713 0.04218277 -0.06539322
v -0.05398576 0.04178263 -0.06099586
v -0.05370849 0.04498719 -0.06515803
v -0.05345923 0.04428043 -0.06078423
v -0.05316781 0.04552754 -0.06068303
v -0.05303305 0.04775734 -0.06493926
v -0.05267794 0.04742326 -0.06053617
v -0.05215940 0.04917962 -0.06040925
v -0.05223358 0.05046690 -0.06474426
v -0.05183513 0.05016108 -0.06034303
v -0.05157908 0.05087881 -0.06029714
v -0.05079904 0.05279334 -0.06018754
v -0.05051716 0.05339712 -0.06015769
v -0.05019504 0.05403742 -0.06012908
v -0.04933439 0.05552204 -0.06007769
v -0.04920194 0.05572467 -0.06007265
v -0.04875945 0.05635759 -0.06006075
v -0.04795757 0.05735013 -0.06005654
v -0.04371906 0.06063225 -0.06025491
v -0.04419126 0.06036637 -0.06022182
v -0.04595279 0.05919549 -0.06011784
v -0.04628483 0.05893572 -0.06010254
v -0.04697389 0.05834535 -0.06007653
v -0.04757027 0.05776713 -0.06006157
v -0.03046804 0.06324175 -0.04732807
v -0.04673039 0.05315738 -0.04022009
v -0.05028284 0.04331334 -0.04019330
v -0.04964943 0.04581015 -0.04019481
v -0.05092845 0.05022091 -0.05327594
v -0.05177063 0.04761367 -0.05343892
v -0.05214213 0.04796129 -0.05688274
v -0.05285134 0.04526983 -0.05709702
v -0.05150456 0.04418878 -0.04689486
v -0.05207231 0.04157844 -0.04699489
v -0.05306029 0.04225622 -0.05383664
v -0.03328730 0.06344279 -0.05410862
v -0.04072455 0.06132159 -0.05344524
v -0.04472599 0.05474521 -0.03685165
v -0.04393850 0.05572113 -0.03685674
v -0.03930344 0.05927992 -0.03686294
v -0.04129928 0.05809717 -0.03686457
v -0.04222568 0.05739128 -0.03686327
v -0.04310523 0.05660122 -0.03686064
v -0.03472356 0.06089341 -0.03684168
v -0.03711220 0.06019659 -0.03685534
v -0.02970311 0.06179527 -0.03680328
v -0.03221616 0.06140946 -0.03682344
v -0.03554282 0.06225971 -0.04710609
v -0.03534196 0.06187770 -0.04373359
v -0.03777909 0.06117819 -0.04368096
v -0.03281063 0.06241142 -0.04378215
v -0.03300986 0.06280534 -0.04721661
v -0.04077339 0.05926435 -0.04029177
v -0.03972578 0.05981690 -0.04030108
v -0.03749203 0.06073070 -0.04031554
v -0.03507632 0.06142865 -0.04032303
v -0.03255185 0.06195133 -0.04032482
v -0.03002124 0.06234835 -0.04032451
v -0.04322281 0.06052302 -0.05667116
v -0.04640092 0.05835743 -0.05647903
v -0.04539772 0.05916025 -0.05652631
v -0.04433495 0.05988013 -0.05659116
v -0.03831546 0.06219109 -0.05365167
v -0.03799848 0.06156006 -0.04699516
v -0.04032148 0.06066244 -0.04688646
v -0.04301637 0.06022070 -0.05326845
v -0.03582412 0.06288244 -0.05387548
v -0.05083418 0.04676867 -0.04680433
v -0.05001681 0.04933376 -0.04672941
v -0.04901287 0.05182687 -0.04667477
v -0.05345549 0.04253901 -0.05733206
v -0.05246773 0.04495337 -0.05362856
v -0.04962673 0.05428629 -0.05650056
v -0.05024067 0.05309575 -0.05655301
v -0.04894269 0.05542007 -0.05646438
v -0.04818073 0.05648466 -0.05644715
v -0.05128832 0.05058627 -0.05669760
v -0.04410368 0.05956662 -0.05319576
v -0.04514211 0.05883486 -0.05313628
v -0.04612287 0.05801953 -0.05309223
v -0.04733298 0.05746634 -0.05645182
v -0.04703600 0.05711536 -0.05306597
v -0.04786758 0.05612346 -0.05305991
v -0.04861612 0.05505260 -0.05307356
v -0.04928933 0.05391549 -0.05310426
v -0.04989448 0.05272422 -0.05314958
v -0.04142763 0.06012383 -0.04683517
v -0.04249336 0.05951687 -0.04678737
v -0.04351530 0.05883528 -0.04674427
v -0.04448949 0.05807298 -0.04670718
v -0.04541131 0.05722414 -0.04667750
v -0.04627545 0.05628333 -0.04665670
v -0.04706584 0.05526192 -0.04664661
v -0.04778096 0.05417190 -0.04664724
v -0.05007026 0.04036081 -0.03675213
v -0.05081568 0.04079185 -0.04019269
v -0.04790530 0.05080453 -0.04020806
v -0.04886796 0.04832837 -0.04019976
v -0.04605342 0.05426121 -0.04022790
v -0.04530853 0.05530600 -0.04023729
v -0.04449717 0.05627667 -0.04024797
v -0.04363718 0.05715206 -0.04025917
v -0.04272948 0.05793789 -0.04027046
v -0.04177472 0.05864001 -0.04028145
v -0.05445692 0.04120276 -0.07882293
v -0.05468290 0.04201273 -0.07698332
v -0.05315994 0.04473560 -0.07791727
v -0.05335434 0.04553231 -0.07606861
v -0.05240576 0.04809861 -0.07487608
v -0.05167655 0.04818189 -0.07697309
v -0.05158904 0.04744168 -0.07885712
v -0.05279643 0.04754464 -0.07469566
v -0.05429748 0.04052324 -0.08042326
v -0.05429056 0.04053758 -0.08042875
v -0.05302393 0.04397016 -0.07978740
v -0.05266996 0.04377090 -0.08166712
v -0.05149780 0.04597893 -0.08251280
v -0.04947612 0.05545945 -0.06889503
v -0.05259787 0.04895367 -0.07323066
v -0.05163604 0.05218832 -0.07068513
v -0.05214944 0.05060120 -0.07192207
v -0.05137143 0.05144247 -0.07215687
v -0.05094763 0.05283673 -0.07081246
v -0.05171539 0.05005090 -0.07357763
v -0.04714332 0.05877765 -0.06608573
v -0.05037485 0.05432154 -0.06949473
v -0.05096979 0.05385627 -0.06943627
v -0.05012384 0.05551629 -0.06823550
v -0.04962375 0.05582748 -0.06825010
v -0.04906215 0.05710150 -0.06712309
v -0.04917022 0.05657009 -0.06766564
v -0.04865908 0.05729503 -0.06711204
v -0.04808655 0.05799360 -0.06659355
v -0.04912367 0.05613867 -0.06826472
v -0.04871827 0.05681760 -0.06766555
v -0.04825599 0.05748856 -0.06710099
v -0.04743992 0.05866678 -0.06610785
v -0.04977991 0.05478681 -0.06955319
v -0.05025923 0.05348514 -0.07093977
v -0.05308680 0.04163392 -0.08358328
v -0.05179941 0.02852141 -0.11029474
v -0.05287959 0.02683036 -0.10935476
v -0.05243041 0.02584590 -0.11184359
v -0.05193718 0.02477074 -0.11427965
v -0.05147579 0.04227604 -0.08985654
v -0.05135939 0.04120342 -0.09242389
v -0.05153512 0.04343821 -0.08734392
v -0.05153918 0.04468300 -0.08490067
v -0.05096821 0.03922272 -0.09762679
v -0.05118956 0.04019674 -0.09502020
v -0.04997391 0.03633241 -0.10542225
v -0.04895467 0.03442803 -0.11056792
v -0.04829600 0.03348106 -0.11310848
v -0.04750997 0.03252519 -0.11560557
v -0.04661592 0.03155253 -0.11805134
v -0.04563431 0.03054969 -0.12044429
v -0.05141207 0.02356932 -0.11664566
v -0.05114075 0.02287464 -0.11777186
v -0.05389086 0.02514176 -0.10842741
v -0.05451437 0.03228390 -0.09409546
v -0.05463683 0.03321125 -0.09154472
v -0.05470958 0.03423338 -0.08902933
v -0.05472336 0.03481174 -0.08780050
v -0.04950763 0.03537731 -0.10800297
v -0.05058958 0.03371981 -0.10707506
v -0.05119576 0.03112032 -0.10869730
v -0.05036642 0.03729237 -0.10283066
v -0.05136793 0.03559439 -0.10191672
v -0.05164139 0.03203719 -0.10614154
v -0.05005429 0.02923286 -0.11373453
v -0.05067085 0.03019525 -0.11123530
v -0.05264580 0.03035575 -0.10521780
v -0.05233698 0.03388118 -0.10100178
v -0.05361187 0.02865319 -0.10429247
v -0.05414800 0.03046395 -0.09920046
v -0.05451677 0.02695458 -0.10338040
v -0.04861112 0.02711951 -0.11856857
v -0.05471962 0.03545116 -0.08660385
v -0.05316970 0.03882673 -0.08820728
v -0.05469682 0.03615876 -0.08544967
v -0.05316256 0.04014722 -0.08582376
v -0.05465356 0.03693509 -0.08434601
v -0.05459005 0.03777405 -0.08329815
v -0.05450787 0.03866239 -0.08230175
v -0.05281876 0.03573787 -0.09584135
v -0.05298940 0.03668002 -0.09326052
v -0.05310902 0.03768698 -0.09070355
v -0.04936210 0.02821616 -0.11618157
v -0.05292981 -0.01115760 -0.12090819
v -0.05302150 -0.01298806 -0.12034937
v -0.05097829 -0.01297689 -0.12339142
v -0.02461906 -0.01293425 -0.14501469
v -0.02309463 -0.01293864 -0.14564446
v -0.02362777 -0.00985994 -0.14585489
v -0.00137165 -0.01299188 -0.14975114
v -0.00060077 -0.01298954 -0.14974722
v -0.00060077 -0.00972724 -0.15008606
v -0.05271753 -0.00087321 -0.12213434
v -0.05273885 -0.00376963 -0.12201998
v -0.05152905 -0.00319356 -0.12378390
v -0.04911129 -0.00320017 -0.12699172
v -0.04652659 -0.00320465 -0.13006991
v -0.04377067 -0.00320765 -0.13299872
v -0.04084169 -0.00320988 -0.13575582
v -0.03774123 -0.00321189 -0.13831879
v -0.03447537 -0.00321389 -0.14066748
v -0.03105568 -0.00321555 -0.14278658
v -0.02749833 -0.00321635 -0.14466469
v -0.02381909 -0.00321680 -0.14628756
v -0.02003591 -0.00321707 -0.14764573
v -0.01616848 -0.00321681 -0.14873555
v -0.01223640 -0.00321530 -0.14955765
v -0.00825750 -0.00321160 -0.15011555
v -0.00424606 -0.00320470 -0.15041426
v -0.00060063 -0.00317938 -0.15046740
v -0.00454728 -0.01299594 -0.14966850
v -0.00417742 -0.00980977 -0.15002190
v -0.00816552 -0.00983242 -0.14971580
v -0.00772966 -0.01299267 -0.14941940
v -0.01212062 -0.00984589 -0.14914881
v -0.01087304 -0.01298434 -0.14900330
v -0.00858306 -0.01299082 -0.14932342
v -0.01602753 -0.00985331 -0.14831652
v -0.01591160 -0.01296535 -0.14796664
v -0.01398064 -0.01297307 -0.14841919
v -0.01269912 -0.01297796 -0.14868131
v -0.01202647 -0.01298040 -0.14880691
v -0.01986922 -0.00985736 -0.14721772
v -0.02072850 -0.01294655 -0.14652443
v -0.02009238 -0.01294887 -0.14674130
v -0.01705383 -0.01296073 -0.14766569
v -0.02605752 -0.01293068 -0.14437377
v -0.02728529 -0.00986184 -0.14423470
v -0.02710645 -0.01292841 -0.14387709
v -0.03082488 -0.00986248 -0.14236857
v -0.03062942 -0.01292251 -0.14201970
v -0.02897546 -0.01292501 -0.14292882
v -0.02840556 -0.01292597 -0.14322670
v -0.03423163 -0.00986055 -0.14027111
v -0.03460279 -0.01291835 -0.13954860
v -0.03182928 -0.01292088 -0.14131743
v -0.04059608 -0.00985435 -0.13542508
v -0.03889623 -0.01292126 -0.13636751
v -0.03749276 -0.00985756 -0.13795270
v -0.03728671 -0.01291898 -0.13762780
v -0.03556969 -0.01291816 -0.13888146
v -0.04330466 -0.01293525 -0.13243715
v -0.04236451 -0.01293136 -0.13333963
v -0.04353096 -0.00985021 -0.13270333
v -0.04203395 -0.01293010 -0.13364817
v -0.03987470 -0.01292339 -0.13555837
v -0.04475914 -0.01294209 -0.13096412
v -0.04628988 -0.00984338 -0.12980518
v -0.04606011 -0.01294890 -0.12956110
v -0.04886998 -0.00983163 -0.12675029
v -0.04905507 -0.01296592 -0.12598307
v -0.04771826 -0.01295820 -0.12764415
v -0.04706194 -0.01295445 -0.12842105
v -0.05026267 -0.01297286 -0.12438514
v -0.05127463 -0.00981275 -0.12355961
v -0.05285252 -0.00907474 -0.12137202
v -0.05278778 -0.00663914 -0.12174752
v -0.05144036 -0.00650765 -0.12370475
v -0.04902709 -0.00652032 -0.12690566
v -0.04644381 -0.00652830 -0.12997505
v -0.04368633 -0.00653313 -0.13289241
v -0.04075446 -0.00653633 -0.13563615
v -0.03765202 -0.00653903 -0.13818544
v -0.03438693 -0.00654165 -0.14052211
v -0.03097127 -0.00654354 -0.14263250
v -0.02742015 -0.00654366 -0.14450593
v -0.02374870 -0.00654291 -0.14612766
v -0.01997433 -0.00654166 -0.14748725
v -0.01611607 -0.00653928 -0.14857994
v -0.01219304 -0.00653438 -0.14940533
v -0.00822289 -0.00652510 -0.14996631
v -0.00422027 -0.00650938 -0.15026784
v -0.00060073 -0.00645618 -0.15032564
v -0.05098836 -0.05283993 -0.07668728
v -0.05100777 -0.05333569 -0.07540391
v -0.05244126 -0.05134965 -0.07474222
v -0.05311979 -0.05041000 -0.07442924
v -0.05391534 -0.04705423 -0.07740422
v -0.05567250 -0.04147996 -0.07956637
v -0.05543465 -0.04198208 -0.07976482
v -0.05528223 -0.04348370 -0.07817424
v -0.05438689 -0.04410148 -0.08059933
v -0.05320568 -0.04732696 -0.07967269
v -0.05314523 -0.04648749 -0.08153480
v -0.05221244 -0.04822641 -0.08221489
v -0.05296971 -0.04863988 -0.07800814
v -0.05198878 -0.05024646 -0.07861851
v -0.05096617 -0.05186976 -0.07923411
v -0.05093665 -0.05041745 -0.08306962
v -0.05377188 -0.04950577 -0.07412791
v -0.05432426 -0.04750115 -0.07546158
v -0.05483033 -0.04549203 -0.07680833
v -0.05628022 -0.03725142 -0.08304684
v -0.05632723 -0.03678071 -0.08356461
v -0.05551041 -0.03916848 -0.08360890
v -0.05275832 -0.02766947 -0.11312612
v -0.05231920 -0.02833088 -0.11337986
v -0.05286455 -0.02967026 -0.10992742
v -0.04880908 -0.03362333 -0.11540417
v -0.04814690 -0.03462070 -0.11578583
v -0.04906687 -0.03630054 -0.11195219
v -0.05236424 -0.04608647 -0.08577851
v -0.05568862 -0.04136214 -0.07966804
v -0.05576759 -0.04093943 -0.07994711
v -0.05399325 -0.04265094 -0.08470710
v -0.05088622 -0.04968208 -0.08501183
v -0.05200799 -0.04454419 -0.09021267
v -0.05061361 -0.04745262 -0.09088862
v -0.05160800 -0.04297543 -0.09463907
v -0.05023666 -0.04552135 -0.09600513
v -0.05113252 -0.04137133 -0.09904093
v -0.04972665 -0.04371063 -0.10081591
v -0.04846807 -0.04077957 -0.10867301
v -0.04851822 -0.04087133 -0.10842591
v -0.05163774 -0.03465930 -0.10663877
v -0.04914523 -0.04217230 -0.10492592
v -0.05224897 -0.03631594 -0.10230722
v -0.04746224 -0.03922019 -0.11286233
v -0.04781884 -0.03971938 -0.11152416
v -0.04800422 -0.03483558 -0.11586807
v -0.04683389 -0.03844836 -0.11492687
v -0.04683429 -0.03659783 -0.11654236
v -0.04610913 -0.03769035 -0.11695974
v -0.04701171 -0.03865457 -0.11437546
v -0.05078479 -0.03064505 -0.11426534
v -0.05023400 -0.03147579 -0.11458290
v -0.05094132 -0.03297327 -0.11092914
v -0.04999638 -0.03183409 -0.11471988
v -0.05397635 -0.02584004 -0.11242085
v -0.05457584 -0.02598545 -0.11051749
v -0.05435716 -0.02526951 -0.11219932
v -0.05444114 -0.03452354 -0.09685262
v -0.05584751 -0.03020163 -0.09875894
v -0.05398307 -0.03292903 -0.10123409
v -0.05530596 -0.02825151 -0.10437123
v -0.05345307 -0.03130748 -0.10559089
v -0.05515943 -0.02780114 -0.10566598
v -0.05477067 -0.02659803 -0.10895849
v -0.05643819 -0.03499966 -0.08610887
v -0.05644195 -0.03418150 -0.08771170
v -0.05514004 -0.03762169 -0.08802402
v -0.05639746 -0.03334242 -0.08973625
v -0.05624869 -0.03219942 -0.09297685
v -0.05640240 -0.03582239 -0.08479471
v -0.05604414 -0.03915993 -0.08129424
v -0.05621170 -0.03786498 -0.08243179
v -0.05278125 -0.03794391 -0.09794112
v -0.05322703 -0.03953604 -0.09354348
v -0.05361219 -0.04109896 -0.08912618
v -0.05188436 -0.01998391 -0.03208826
v -0.05199178 -0.01651472 -0.03208835
v -0.05324740 -0.01895959 -0.03707761
v -0.05212545 -0.00903234 -0.03208972
v -0.05235556 -0.03340084 -0.03709279
v -0.05108679 -0.03297738 -0.03209112
v -0.05146195 -0.02831858 -0.03208952
v -0.05170060 -0.03791377 -0.03655035
v -0.05059193 -0.03743908 -0.03209322
v -0.05354076 -0.03384620 -0.04267413
v -0.05274902 -0.03837319 -0.04146565
v -0.05452879 -0.03423234 -0.04829664
v -0.05369929 -0.03880243 -0.04674056
v -0.05533548 -0.03456356 -0.05394752
v -0.05452507 -0.03919288 -0.05230008
v -0.05481812 -0.03933714 -0.05460683
v -0.05596992 -0.03484188 -0.05961910
v -0.05519298 -0.03952772 -0.05794789
v -0.05643604 -0.03506789 -0.06530562
v -0.05563302 -0.03976592 -0.06277488
v -0.05543236 -0.03965461 -0.06041044
v -0.05686212 -0.03536051 -0.07670690
v -0.05617155 -0.04012515 -0.07296330
v -0.05673434 -0.03524120 -0.07100274
v -0.05596011 -0.03996463 -0.06770942
v -0.05581735 -0.03987434 -0.06532235
v -0.05685341 -0.03521268 -0.08186362
v -0.05680488 -0.03575230 -0.08128536
v -0.05673767 -0.03642645 -0.08062189
v -0.05658142 -0.03779091 -0.07943237
v -0.05636745 -0.03938046 -0.07822578
v -0.05624025 -0.04022359 -0.07763816
v -0.05698140 -0.03318125 -0.08464325
v -0.05693100 -0.03418037 -0.08312976
v -0.05727893 -0.03030476 -0.08239648
v -0.05732596 -0.03025041 -0.07668915
v -0.05707093 -0.03030984 -0.08810564
v -0.05698229 -0.03157553 -0.08795960
v -0.05699743 -0.03237099 -0.08615316
v -0.05692324 -0.03072117 -0.09025280
v -0.05737842 -0.02519045 -0.08808950
v -0.05701150 -0.02515340 -0.09379935
v -0.05642233 -0.02771565 -0.09902582
v -0.05654100 -0.02824420 -0.09745507
v -0.05675041 -0.02937649 -0.09414145
v -0.05539313 -0.02418586 -0.10908569
v -0.05586491 -0.02567153 -0.10500365
v -0.05587049 -0.02494193 -0.10521390
v -0.05650528 -0.02507151 -0.09951272
v -0.05472100 -0.02179798 -0.11412983
v -0.05500610 -0.02288783 -0.11207523
v -0.05526646 -0.01973503 -0.11089630
v -0.05603956 -0.01987368 -0.10520247
v -0.05413382 -0.01838867 -0.11809716
v -0.05433632 -0.01985087 -0.11676250
v -0.05437316 -0.01955425 -0.11658020
v -0.05444219 -0.02046615 -0.11605100
v -0.05461679 -0.02133997 -0.11485657
v -0.05448367 -0.00960471 -0.11657177
v -0.05363350 -0.00927493 -0.12126073
v -0.05368384 -0.01111718 -0.12095958
v -0.05369177 -0.01136536 -0.12091149
v -0.05374935 -0.01293972 -0.12055731
v -0.05383269 -0.01472961 -0.12003218
v -0.05389945 -0.01583270 -0.11960649
v -0.05397101 -0.01677339 -0.11914848
v -0.05355711 -0.00189090 -0.12169811
v -0.05356244 -0.00369055 -0.12167001
v -0.05359337 -0.00714689 -0.12149467
v -0.05359747 -0.00741939 -0.12147111
v -0.05540156 -0.00967691 -0.11088441
v -0.05619630 -0.00973163 -0.10518842
v -0.05686431 -0.00976997 -0.09948503
v -0.05739905 -0.00979300 -0.09377056
v -0.05778993 -0.00980164 -0.08806088
v -0.05802627 -0.00979670 -0.08235327
v -0.05809474 -0.00977886 -0.07664833
v -0.05798348 -0.00974868 -0.07094835
v -0.05769153 -0.00970658 -0.06525603
v -0.05722098 -0.00965284 -0.05957467
v -0.05657047 -0.00958754 -0.05390850
v -0.05573484 -0.00951057 -0.04826335
v -0.05470327 -0.00942147 -0.04264701
v -0.05345763 -0.00931929 -0.03707265
v -0.05720017 -0.03014888 -0.07098625
v -0.05690080 -0.03000177 -0.06529059
v -0.05643036 -0.02981018 -0.05960564
v -0.05578808 -0.02957443 -0.05393570
v -0.05496966 -0.02929402 -0.04828655
v -0.05396549 -0.02896725 -0.04266592
v -0.05275904 -0.02859049 -0.03708669
v -0.05176705 -0.02287805 -0.03208847
v -0.05304692 -0.02377788 -0.03708163
v -0.05426883 -0.02408627 -0.04265911
v -0.05528422 -0.02435390 -0.04827819
v -0.05611020 -0.02458372 -0.05392590
v -0.05675680 -0.02477713 -0.05959448
v -0.05722864 -0.02493454 -0.06527814
v -0.05752671 -0.02505567 -0.07097259
v -0.05764863 -0.02513963 -0.07667443
v -0.05759525 -0.02518513 -0.08238091
v -0.05668867 -0.01997280 -0.09950031
v -0.05720711 -0.02003502 -0.09378645
v -0.05758420 -0.02006255 -0.08807667
v -0.05780922 -0.02005730 -0.08236852
v -0.05786880 -0.02002097 -0.07666273
v -0.05775110 -0.01995489 -0.07096173
v -0.05745523 -0.01986005 -0.06526823
v -0.05698342 -0.01973715 -0.05958560
v -0.05633452 -0.01958639 -0.05391810
v -0.05550366 -0.01940747 -0.04827155
v -0.05448049 -0.01919930 -0.04265369
v -0.05215838 -0.00247857 -0.03209224
v -0.00029885 -0.04765772 -0.02826506
v -0.00029884 -0.04815768 -0.02776506
v -0.00029892 -0.05931034 -0.02776506
v -0.00030880 -0.06629591 -0.03919290
v -0.00029911 -0.06377639 -0.04027446
v -0.00030242 -0.06547517 -0.03422404
v -0.00029891 -0.04765773 -0.03294980
v -0.00029904 -0.06051784 -0.02809363
v -0.00029893 -0.06075352 -0.02824103
v -0.00029899 -0.06427718 -0.03084897
v -0.00029886 -0.06441534 -0.03096390
v -0.00029928 -0.06744836 -0.05140000
v -0.00029927 -0.06516121 -0.05140000
v -0.00029928 -0.06772146 -0.05110095
v -0.00029923 -0.06490690 -0.04891152
v -0.00031004 -0.06709264 -0.04511041
v -0.00029921 -0.06472778 -0.04731662
v -0.00029913 -0.06396868 -0.04154693
v -0.00029875 -0.06462710 -0.03119251
v -0.00029876 -0.06485520 -0.03153145
v -0.00029881 -0.06493881 -0.03169550
v -0.00029888 -0.06500734 -0.03186209
v -0.00029901 -0.06507693 -0.03210943
v -0.00029895 -0.05967673 -0.02780129
v -0.00029903 -0.06010052 -0.02791316
v -0.00029906 -0.06030492 -0.02799165
v -0.00029891 -0.05935603 -0.02776572
v -0.00845768 -0.06499077 -0.03210081
v -0.02822988 -0.06687345 -0.05493563
v -0.02831615 -0.06709718 -0.05818259
v -0.02576355 -0.06728175 -0.05671976
v -0.01246062 -0.06755489 -0.05110064
v -0.00634325 -0.06768493 -0.05110087
v -0.00707085 -0.06699368 -0.04469922
v -0.01404188 -0.06753722 -0.05146917
v -0.01363226 -0.06753568 -0.05129800
v -0.01415677 -0.06751411 -0.05126031
v -0.01399937 -0.06682234 -0.04474960
v -0.02114992 -0.06720714 -0.05139589
v -0.01320575 -0.06753886 -0.05117909
v -0.01277154 -0.06754664 -0.05111419
v -0.02317660 -0.06740782 -0.05540729
v -0.02047181 -0.06749050 -0.05420171
v -0.01764755 -0.06754091 -0.05310965
v -0.01442331 -0.06754337 -0.05168730
v -0.01477621 -0.06755421 -0.05195165
v -0.01509440 -0.06756952 -0.05225789
v -0.02813467 -0.06665998 -0.05229264
v -0.02463399 -0.06695864 -0.05151205
v -0.02786613 -0.06612591 -0.04682162
v -0.02432986 -0.06626587 -0.04492979
v -0.02775857 -0.06592596 -0.04505534
v -0.02389552 -0.06537401 -0.03839133
v -0.02726404 -0.06505203 -0.03847188
v -0.02751787 -0.06549350 -0.04160017
v -0.00695210 -0.06610001 -0.03824840
v -0.01602513 -0.06474191 -0.03211124
v -0.02663132 -0.06398880 -0.03210649
v -0.02711139 -0.06479187 -0.03677730
v -0.02599491 -0.06405398 -0.03210522
v -0.02128712 -0.06444779 -0.03210559
v -0.02052252 -0.06561314 -0.03833817
v -0.02089504 -0.06651118 -0.04484570
v -0.01375309 -0.06592619 -0.03827891
v -0.02049206 -0.06450083 -0.03210664
v -0.01315980 -0.05908189 -0.02776506
v -0.01769411 -0.05887033 -0.02776506
v -0.01769891 -0.05895136 -0.02776705
v -0.00072279 -0.06075217 -0.02824129
v -0.00926019 -0.05988993 -0.02787957
v -0.00924714 -0.05952874 -0.02779413
v -0.00923961 -0.05928365 -0.02776708
v -0.00923751 -0.05920289 -0.02776506
v -0.00928273 -0.06047339 -0.02812836
v -0.00897887 -0.06065350 -0.02824111
v -0.01510230 -0.06045248 -0.02823971
v -0.01778177 -0.06014540 -0.02812591
v -0.02068268 -0.06013888 -0.02823733
v -0.02611849 -0.05941695 -0.02807077
v -0.02614459 -0.05968270 -0.02823387
v -0.02195775 -0.05987255 -0.02812399
v -0.02230486 -0.06002007 -0.02823642
v -0.01932274 -0.05877328 -0.02776506
v -0.02599878 -0.05824184 -0.02776506
v -0.01771469 -0.05919741 -0.02779374
v -0.01773989 -0.05955999 -0.02787828
v -0.02602752 -0.05852406 -0.02778667
v -0.02603611 -0.05860789 -0.02780016
v -0.02607395 -0.05897744 -0.02789169
v -0.02193402 -0.05959657 -0.02798807
v -0.02611356 -0.05936771 -0.02804616
v -0.01776213 -0.05986919 -0.02798954
v -0.00927213 -0.06019803 -0.02799160
v -0.00832873 -0.06419434 -0.03084909
v -0.01572191 -0.06395280 -0.03084919
v -0.02037613 -0.06370492 -0.03084925
v -0.02165442 -0.06361860 -0.03084927
v -0.02648127 -0.06320009 -0.03084932
v -0.05164286 -0.02242631 -0.12086931
v -0.05201918 -0.02099928 -0.12121331
v -0.04950523 -0.02116416 -0.12490375
v -0.05234123 -0.01954953 -0.12151142
v -0.05260759 -0.01807925 -0.12176041
v -0.05004878 -0.01821560 -0.12542249
v -0.00397067 -0.02557022 -0.14927976
v -0.00604761 -0.02564960 -0.14908132
v -0.00566106 -0.02392529 -0.14950077
v -0.00879131 -0.02580513 -0.14867917
v -0.01001303 -0.02439369 -0.14880635
v -0.00784615 -0.02416516 -0.14919750
v -0.05371906 -0.02258891 -0.11688624
v -0.05364283 -0.02217265 -0.11742231
v -0.05318136 -0.01859784 -0.12061413
v -0.00090526 -0.01549726 -0.15110670
v -0.00049937 -0.01549715 -0.15110607
v -0.00049970 -0.01967455 -0.15051402
v -0.00050058 -0.02550856 -0.14941242
v -0.00124526 -0.02340756 -0.14984180
v -0.00050025 -0.02362563 -0.14980300
v -0.00397263 -0.01549786 -0.15102640
v -0.00873008 -0.01825998 -0.15020110
v -0.00910343 -0.01549755 -0.15054886
v -0.00710909 -0.01549787 -0.15078652
v -0.01308559 -0.01873809 -0.14936183
v -0.01170628 -0.01549682 -0.15013616
v -0.01020470 -0.01549728 -0.15038858
v -0.01349486 -0.01577210 -0.14974490
v -0.01353095 -0.01549612 -0.14977576
v -0.01325286 -0.01549623 -0.14983454
v -0.01623090 -0.01549474 -0.14913163
v -0.01778474 -0.01622677 -0.14858702
v -0.01788163 -0.01549371 -0.14867081
v -0.02313803 -0.01549136 -0.14684846
v -0.02243761 -0.01549152 -0.14712349
v -0.02198899 -0.01664724 -0.14710076
v -0.02214350 -0.01549160 -0.14723596
v -0.01934959 -0.01549283 -0.14821710
v -0.02549166 -0.01549123 -0.14584863
v -0.02609259 -0.01703310 -0.14529425
v -0.02629900 -0.01549131 -0.14547820
v -0.03007481 -0.01738004 -0.14318319
v -0.02840979 -0.01549167 -0.14444108
v -0.02677783 -0.01549138 -0.14525171
v -0.03419070 -0.01549161 -0.14105627
v -0.03380333 -0.01549182 -0.14130977
v -0.03390606 -0.01767812 -0.14079206
v -0.03098149 -0.01549192 -0.14303783
v -0.03030686 -0.01549190 -0.14342126
v -0.03653935 -0.01548929 -0.13942999
v -0.03755439 -0.01791706 -0.13815108
v -0.03786387 -0.01548769 -0.13844165
v -0.04100471 -0.01809712 -0.13528161
v -0.04132764 -0.01548454 -0.13558748
v -0.04009850 -0.01548537 -0.13664755
v -0.03917487 -0.01548622 -0.13740918
v -0.04457085 -0.01548447 -0.13250908
v -0.04413858 -0.01548430 -0.13294481
v -0.04424416 -0.01821370 -0.13219686
v -0.04305827 -0.01548411 -0.13399844
v -0.04170680 -0.01548437 -0.13524929
v -0.04647772 -0.01548576 -0.13048355
v -0.04726119 -0.01825705 -0.12890680
v -0.04758804 -0.01548680 -0.12922069
v -0.05091918 -0.01548972 -0.12500900
v -0.05037950 -0.01548940 -0.12573822
v -0.04873440 -0.01548796 -0.12784645
v -0.05302026 -0.01657613 -0.12166274
v -0.05295509 -0.01548950 -0.12207261
v -0.05337112 -0.02034665 -0.11932706
v -0.05349257 -0.02123987 -0.11847828
v -0.05360173 -0.02193350 -0.11771133
v -0.05340949 -0.02600919 -0.11368830
v -0.05426859 -0.02495269 -0.11288486
v -0.05391985 -0.02354780 -0.11547413
v -0.05243830 -0.02625065 -0.11571755
v -0.05342658 -0.02350440 -0.11659028
v -0.05140078 -0.02645386 -0.11770722
v -0.04939207 -0.03197260 -0.11591086
v -0.04736809 -0.03494611 -0.11701881
v -0.04832196 -0.03215540 -0.11787907
v -0.04337078 -0.03545982 -0.12297948
v -0.04469093 -0.03645058 -0.12031198
v -0.04502500 -0.03519253 -0.12079782
v -0.04583921 -0.03743691 -0.11764676
v -0.04623155 -0.03508858 -0.11893639
v -0.04049175 -0.03250731 -0.12857965
v -0.04037818 -0.03360236 -0.12796199
v -0.04335177 -0.03251190 -0.12522218
v -0.04119828 -0.03406805 -0.12671490
v -0.04193283 -0.03451077 -0.12552801
v -0.03807796 -0.03243133 -0.13109119
v -0.03870143 -0.03273093 -0.13029128
v -0.03911697 -0.03293765 -0.12973921
v -0.04227868 -0.02691138 -0.13029219
v -0.03828731 -0.02961742 -0.13260135
v -0.03749237 -0.03216081 -0.13181330
v -0.03301304 -0.03038095 -0.13656256
v -0.03452524 -0.03093075 -0.13509582
v -0.03496071 -0.02944501 -0.13554218
v -0.03501965 -0.03112095 -0.13458830
v -0.03691741 -0.03190481 -0.13249652
v -0.03156075 -0.02989397 -0.13786018
v -0.03144344 -0.02921462 -0.13826658
v -0.03091065 -0.02968773 -0.13840872
v -0.03218067 -0.02638186 -0.13903901
v -0.02843577 -0.02609035 -0.14149618
v -0.02875100 -0.02904976 -0.14009957
v -0.02454019 -0.02576067 -0.14367884
v -0.02412346 -0.02790465 -0.14312363
v -0.02552081 -0.02822053 -0.14228947
v -0.02647370 -0.02845035 -0.14168276
v -0.02779022 -0.02878801 -0.14079122
v -0.01922521 -0.02697994 -0.14557092
v -0.02017278 -0.02713798 -0.14515193
v -0.02051861 -0.02540392 -0.14555755
v -0.02170590 -0.02741429 -0.14442015
v -0.02223556 -0.02751587 -0.14415137
v -0.01522422 -0.02641254 -0.14707628
v -0.01611081 -0.02652493 -0.14677820
v -0.01638778 -0.02502235 -0.14711173
v -0.01672299 -0.02660685 -0.14656082
v -0.01879644 -0.02691151 -0.14575240
v -0.01215992 -0.02461199 -0.14832784
v -0.01149674 -0.02601755 -0.14812133
v -0.01191204 -0.02605555 -0.14802106
v -0.01415557 -0.02628669 -0.14740980
v -0.00778321 -0.02574114 -0.14884573
v -0.00461061 -0.01549792 -0.15099066
v -0.00430904 -0.01774161 -0.15070623
v -0.00345990 -0.02367304 -0.14971568
v -0.00327843 -0.02555090 -0.14932598
v -0.04254979 -0.03490356 -0.12447392
v -0.04596920 -0.03240276 -0.12165695
v -0.04718006 -0.03229786 -0.11979466
v -0.04912318 -0.02674781 -0.12155257
v -0.04788325 -0.02684132 -0.12340295
v -0.04520627 -0.02693193 -0.12695138
v -0.03911901 -0.02680130 -0.13342315
v -0.03574707 -0.02662068 -0.13634148
v -0.05029583 -0.02661922 -0.11965326
v -0.05122294 -0.02383516 -0.12048861
v -0.05389083 -0.02341892 -0.11567921
v -0.04876211 -0.02403106 -0.12421110
v -0.04604216 -0.02410345 -0.12773740
v -0.04674423 -0.02121808 -0.12840532
v -0.04307327 -0.02407029 -0.13105756
v -0.04374171 -0.02117567 -0.13170524
v -0.03987275 -0.02395159 -0.13416706
v -0.04051142 -0.02105358 -0.13479662
v -0.03646009 -0.02376484 -0.13706182
v -0.03707028 -0.02086615 -0.13767332
v -0.03285197 -0.02352036 -0.13973334
v -0.03343329 -0.02062104 -0.14032488
v -0.02906242 -0.02322105 -0.14216243
v -0.02961384 -0.02031904 -0.14273062
v -0.02512269 -0.02288046 -0.14431599
v -0.02564425 -0.01997222 -0.14485896
v -0.02106114 -0.02250991 -0.14616603
v -0.02155441 -0.01959150 -0.14668384
v -0.01689595 -0.02211241 -0.14769369
v -0.01736385 -0.01918057 -0.14818808
v -0.01263913 -0.02168514 -0.14888744
v -0.00830059 -0.02122197 -0.14974117
v -0.03465643 -0.03296106 -0.13148674
v -0.03608801 -0.03361228 -0.12975413
v -0.03813806 -0.03383827 -0.12915286
v -0.03873063 -0.03496750 -0.12614846
v -0.04012773 -0.03492009 -0.12627462
v -0.03814671 -0.03384264 -0.12914124
v -0.04107722 -0.03637434 -0.12240548
v -0.04315418 -0.03782634 -0.11854231
v -0.04357507 -0.03725850 -0.12005309
v -0.04474624 -0.03825710 -0.11739627
v -0.04257340 -0.03650151 -0.12206713
v -0.04195601 -0.03607022 -0.12321460
v -0.04082777 -0.03534037 -0.12515643
v -0.04637393 -0.04005187 -0.11262114
v -0.04570998 -0.03923286 -0.11480016
v -0.04497376 -0.03932147 -0.11456441
v -0.04498411 -0.03847870 -0.11680649
v -0.00050030 -0.02657073 -0.14848869
v -0.00050029 -0.02686046 -0.14771785
v -0.00387163 -0.02662517 -0.14834385
v -0.00283657 -0.02689037 -0.14763826
v -0.00496489 -0.02666157 -0.14824700
v -0.00515389 -0.02696291 -0.14744526
v -0.00758858 -0.02678747 -0.14791203
v -0.00745182 -0.02707897 -0.14713648
v -0.00989016 -0.02694343 -0.14749709
v -0.00972995 -0.02723945 -0.14670950
v -0.01125403 -0.02705706 -0.14719479
v -0.01198872 -0.02744594 -0.14616014
v -0.01443389 -0.02738717 -0.14631650
v -0.01421847 -0.02769805 -0.14548935
v -0.01484083 -0.02743635 -0.14618564
v -0.01640365 -0.02799375 -0.14470264
v -0.01701411 -0.02772733 -0.14541148
v -0.01831836 -0.02792529 -0.14488477
v -0.01852869 -0.02833097 -0.14380544
v -0.02028131 -0.02825714 -0.14400189
v -0.02058854 -0.02870827 -0.14280161
v -0.02166456 -0.02851653 -0.14331175
v -0.02412394 -0.02903412 -0.14193468
v -0.02258836 -0.02912492 -0.14169309
v -0.02486044 -0.02920379 -0.14148323
v -0.02452796 -0.02957992 -0.14048252
v -0.02804975 -0.03002299 -0.13930371
v -0.04938195 -0.04760119 -0.09253562
v -0.04912097 -0.04629550 -0.09600951
v -0.04880325 -0.04637941 -0.09578627
v -0.04575752 -0.04009015 -0.11251929
v -0.04643267 -0.04087703 -0.11042575
v -0.04734122 -0.04155442 -0.10862349
v -0.04699942 -0.04167982 -0.10828985
v -0.04761003 -0.04205583 -0.10728946
v -0.04747712 -0.04249106 -0.10613150
v -0.04810845 -0.04312601 -0.10444216
v -0.04820599 -0.04411991 -0.10179780
v -0.04863563 -0.04454486 -0.10066722
v -0.04856344 -0.04524924 -0.09879316
v -0.04875614 -0.04610480 -0.09651687
v -0.04891926 -0.05396185 -0.07561263
v -0.04975582 -0.05396188 -0.07561256
v -0.04893868 -0.05357781 -0.07663437
v -0.04975522 -0.05346952 -0.07692251
v -0.04895000 -0.05319376 -0.07765616
v -0.04895000 -0.05131822 -0.08264619
v -0.04975211 -0.05202053 -0.08077762
v -0.04975088 -0.05131811 -0.08264615
v -0.04973948 -0.05107450 -0.08329440
v -0.04962893 -0.04948014 -0.08753654
v -0.04895000 -0.04864205 -0.08976632
v -0.04892574 -0.04751035 -0.09277730
v -0.02640715 -0.03007229 -0.13917254
v -0.02821366 -0.03059724 -0.13777587
v -0.03073575 -0.03083502 -0.13714324
v -0.02993792 -0.03114978 -0.13630578
v -0.03177186 -0.03118169 -0.13622089
v -0.03158377 -0.03172864 -0.13476570
v -0.03338967 -0.03176448 -0.13467035
v -0.03315507 -0.03233251 -0.13315904
v -0.03519069 -0.03248166 -0.13276224
v -0.03584227 -0.03276056 -0.13202021
v -0.02650627 -0.06338955 -0.03101479
v -0.02039477 -0.06390593 -0.03102563
v -0.02037980 -0.06375618 -0.03088901
v -0.01195780 -0.06485004 -0.03192485
v -0.00604999 -0.06498791 -0.03192326
v -0.00601891 -0.06428762 -0.03088878
v -0.00602294 -0.06443739 -0.03102485
v -0.00602963 -0.06460559 -0.03121659
v -0.00603817 -0.06477462 -0.03146204
v -0.00604507 -0.06489710 -0.03169220
v -0.02048595 -0.06445356 -0.03192637
v -0.02662410 -0.06394447 -0.03193271
v -0.02046956 -0.06436308 -0.03169461
v -0.02659723 -0.06382718 -0.03163900
v -0.02044668 -0.06424144 -0.03146391
v -0.02656749 -0.06370053 -0.03141048
v -0.02041798 -0.06407350 -0.03121791
v -0.02654982 -0.06362065 -0.03129084
v -0.02651959 -0.06346783 -0.03109826
v -0.01194812 -0.06475926 -0.03169345
v -0.01193447 -0.06463695 -0.03146299
v -0.01191746 -0.06446812 -0.03121721
v -0.01190399 -0.06429998 -0.03102519
v -0.01189570 -0.06415007 -0.03088888
v -0.04565994 -0.01549727 -0.02776506
v -0.04624137 -0.01367719 -0.02776506
v -0.04612990 -0.01821540 -0.02776506
v -0.04319202 -0.02141018 -0.02776506
v -0.04410284 -0.01947408 -0.02776506
v -0.04602438 -0.02124700 -0.02776506
v -0.00411548 -0.04798264 -0.02776506
v -0.00198285 -0.04811785 -0.02776506
v -0.04492539 -0.01750290 -0.02776506
v -0.01659965 -0.04521234 -0.02776506
v -0.00623919 -0.04775313 -0.02776506
v -0.00835067 -0.04742993 -0.02776506
v -0.01044822 -0.04701323 -0.02776506
v -0.01252525 -0.04650404 -0.02776506
v -0.01457678 -0.04590338 -0.02776506
v -0.01858843 -0.04443315 -0.02776506
v -0.02054085 -0.04356683 -0.02776506
v -0.03006851 -0.05773250 -0.02776506
v -0.02245620 -0.04261330 -0.02776506
v -0.03092166 -0.05759117 -0.02776506
v -0.02432729 -0.04157559 -0.02776506
v -0.03208799 -0.05737171 -0.02776506
v -0.04029281 -0.05255505 -0.02776506
v -0.03929720 -0.05384593 -0.02776506
v -0.02963331 -0.03798477 -0.02776506
v -0.02791647 -0.03926077 -0.02776506
v -0.04219617 -0.02330394 -0.02776506
v -0.04562815 -0.02855049 -0.02776506
v -0.04111938 -0.02514856 -0.02776506
v -0.02614747 -0.04045786 -0.02776506
v -0.03407985 -0.05689047 -0.02776506
v -0.03363504 -0.05701248 -0.02776506
v -0.03822973 -0.05486589 -0.02776506
v -0.03706285 -0.05567755 -0.02776506
v -0.03566394 -0.05635487 -0.02776506
v -0.03996215 -0.02694382 -0.02776506
v -0.04560088 -0.02892441 -0.02776506
v -0.03872478 -0.02868859 -0.02776506
v -0.04492994 -0.03587956 -0.02776506
v -0.03741112 -0.03037667 -0.02776506
v -0.04483283 -0.03665813 -0.02776506
v -0.03602522 -0.03200331 -0.02776506
v -0.04429350 -0.04033708 -0.02776506
v -0.03456875 -0.03356707 -0.02776506
v -0.04343246 -0.04450793 -0.02776506
v -0.03304690 -0.03506274 -0.02776506
v -0.04289069 -0.04651501 -0.02776506
v -0.03146040 -0.03648966 -0.02776506
v -0.04226007 -0.04846817 -0.02776506
v -0.03129189 -0.03663392 -0.02776506
v -0.04148804 -0.05036679 -0.02776506
v -0.04099805 -0.05135538 -0.02776506
v -0.04541638 -0.03834967 -0.11692830
v -0.04547662 -0.03831927 -0.11694063
v -0.04405800 -0.03708862 -0.12022650
v -0.04593581 -0.03794690 -0.11698393
v -0.04601348 -0.03784591 -0.11697790
v -0.04459207 -0.03660816 -0.12031702
v -0.00050113 -0.02573203 -0.14934382
v -0.00050130 -0.02585677 -0.14928667
v -0.00395090 -0.02591586 -0.14915200
v -0.00050136 -0.02593729 -0.14924181
v -0.00050138 -0.02601453 -0.14919230
v -0.00393950 -0.02607301 -0.14905529
v -0.00050110 -0.02631287 -0.14892367
v -0.00050090 -0.02640325 -0.14880645
v -0.00390017 -0.02646037 -0.14866033
v -0.00050073 -0.02646017 -0.14871813
v -0.00050060 -0.02649858 -0.14864950
v -0.00388565 -0.02655518 -0.14850108
v -0.00050035 -0.02656014 -0.14851601
v -0.00050105 -0.02568760 -0.14936081
v -0.00396132 -0.02574783 -0.14922757
v -0.00776475 -0.02591771 -0.14879268
v -0.01151638 -0.02619587 -0.14805838
v -0.01518844 -0.02658416 -0.14702658
v -0.01875084 -0.02708361 -0.14570275
v -0.02217965 -0.02768884 -0.14410274
v -0.02545587 -0.02839226 -0.14224406
v -0.02856048 -0.02918625 -0.14014426
v -0.03147843 -0.03006100 -0.13782248
v -0.03420048 -0.03100822 -0.13529864
v -0.03671657 -0.03202227 -0.13259169
v -0.03901665 -0.03309752 -0.12972058
v -0.04109530 -0.03422609 -0.12670484
v -0.04295345 -0.03539908 -0.12356400
v -0.04464452 -0.03653172 -0.12031394
v -0.04606378 -0.03776963 -0.11697025
v -0.04520851 -0.03843033 -0.11687677
v -0.04373464 -0.03722369 -0.12011653
v -0.04211216 -0.03603175 -0.12328848
v -0.04027958 -0.03487774 -0.12635916
v -0.03598075 -0.03271094 -0.13212466
v -0.03823576 -0.03376858 -0.12931041
v -0.03351852 -0.03171187 -0.13478313
v -0.02495710 -0.02914231 -0.14161924
v -0.02799872 -0.02992000 -0.13955067
v -0.03085564 -0.03077902 -0.13726531
v -0.02174765 -0.02845320 -0.14345199
v -0.01838810 -0.02785991 -0.14502986
v -0.01489618 -0.02736972 -0.14633383
v -0.01129552 -0.02698893 -0.14734720
v -0.00761636 -0.02671795 -0.14806837
v -0.00050134 -0.02613367 -0.14910169
v -0.00392718 -0.02621740 -0.14893964
v -0.00772200 -0.02624005 -0.14861980
v -0.00769786 -0.02638327 -0.14850412
v -0.01145281 -0.02651519 -0.14788787
v -0.01141692 -0.02665735 -0.14777407
v -0.01510444 -0.02690084 -0.14686005
v -0.01505706 -0.02704187 -0.14674915
v -0.01864647 -0.02739799 -0.14554100
v -0.01858784 -0.02753742 -0.14543335
v -0.02205490 -0.02800060 -0.14394671
v -0.02198526 -0.02813787 -0.14384276
v -0.02531117 -0.02870066 -0.14209498
v -0.02523092 -0.02883537 -0.14199530
v -0.02839677 -0.02949016 -0.14000362
v -0.02830641 -0.02962207 -0.13990891
v -0.03129620 -0.03036015 -0.13769177
v -0.03119585 -0.03048952 -0.13760278
v -0.03400041 -0.03130301 -0.13517970
v -0.03389016 -0.03143018 -0.13509734
v -0.03650058 -0.03231264 -0.13248694
v -0.03638122 -0.03243750 -0.13241246
v -0.03878794 -0.03338290 -0.12963302
v -0.03866093 -0.03350494 -0.12956801
v -0.04085772 -0.03450631 -0.12663740
v -0.04072484 -0.03462516 -0.12658329
v -0.04271077 -0.03567473 -0.12351864
v -0.04257356 -0.03579044 -0.12347657
v -0.04434790 -0.03687979 -0.12029579
v -0.04420790 -0.03699274 -0.12026670
v -0.04577434 -0.03811257 -0.11698104
v -0.04561460 -0.03823623 -0.11696395
v -0.00774435 -0.02608422 -0.14871678
v -0.01148603 -0.02636068 -0.14798343
v -0.01514831 -0.02674755 -0.14695330
v -0.01870085 -0.02724603 -0.14563154
v -0.02211970 -0.02785031 -0.14403406
v -0.02538612 -0.02855243 -0.14217857
v -0.02848139 -0.02934440 -0.14008272
v -0.03139034 -0.03021681 -0.13776566
v -0.03410385 -0.03116184 -0.13524747
v -0.03661245 -0.03217368 -0.13254735
v -0.03890669 -0.03324654 -0.12968451
v -0.04098148 -0.03437277 -0.12667845
v -0.04283778 -0.03554380 -0.12354822
v -0.04447647 -0.03675114 -0.12031288
v -0.04590007 -0.03798805 -0.11698485
v -0.00050115 -0.02628982 -0.14895007
v -0.00391404 -0.02634715 -0.14880726
v -0.00767211 -0.02651194 -0.14837208
v -0.00764489 -0.02662414 -0.14822604
v -0.01137860 -0.02678507 -0.14764445
v -0.01133806 -0.02689629 -0.14750135
v -0.01500640 -0.02716846 -0.14662293
v -0.01495270 -0.02727847 -0.14648370
v -0.01852513 -0.02766226 -0.14531080
v -0.01845850 -0.02777045 -0.14517558
v -0.02191083 -0.02826028 -0.14372428
v -0.02183162 -0.02836600 -0.14359333
v -0.02514523 -0.02895494 -0.14188147
v -0.02505400 -0.02905779 -0.14175546
v -0.02821009 -0.02973866 -0.13980053
v -0.02810760 -0.02983845 -0.13968047
v -0.03108909 -0.03060344 -0.13750069
v -0.03097575 -0.03070044 -0.13738753
v -0.03377309 -0.03154176 -0.13500243
v -0.03364921 -0.03163618 -0.13489702
v -0.03625463 -0.03254660 -0.13232592
v -0.03612105 -0.03263830 -0.13222931
v -0.03852621 -0.03361100 -0.12949131
v -0.03838430 -0.03369943 -0.12940483
v -0.04058364 -0.03472773 -0.12651779
v -0.04043495 -0.03481245 -0.12644254
v -0.04242729 -0.03588948 -0.12342332
v -0.04227311 -0.03597039 -0.12336019
v -0.04389973 -0.03716606 -0.12017614
v -0.04531486 -0.03839357 -0.11690482
v -0.05270925 -0.00739053 -0.12361050
v -0.05265179 -0.00388100 -0.12386747
v -0.05141649 -0.00376948 -0.12559663
v -0.05263080 -0.00146471 -0.12394865
v -0.05281450 -0.01168322 -0.12301978
v -0.05271764 -0.00779628 -0.12356926
v -0.05134306 -0.00770263 -0.12550150
v -0.05282546 -0.01205717 -0.12294917
v -0.05118610 -0.01163569 -0.12532340
v -0.05287712 -0.01360283 -0.12261053
v -0.04873044 -0.01167318 -0.12847760
v -0.04610777 -0.01170112 -0.13148995
v -0.04331555 -0.01172138 -0.13434319
v -0.04035550 -0.01173601 -0.13702072
v -0.03723316 -0.01174680 -0.13950704
v -0.03395746 -0.01175479 -0.14178830
v -0.03054036 -0.01175982 -0.14385276
v -0.02699572 -0.01176096 -0.14568974
v -0.01958037 -0.01175422 -0.14863043
v -0.02333721 -0.01175915 -0.14728573
v -0.01184080 -0.01172663 -0.15054674
v -0.01574237 -0.01174432 -0.14971803
v -0.00789257 -0.01169797 -0.15111808
v -0.00391270 -0.01165545 -0.15143637
v -0.00050027 -0.00968336 -0.15166570
v -0.00050534 -0.01167566 -0.15150666
v -0.00050568 -0.01259843 -0.15142174
v -0.00050349 -0.01419954 -0.15125677
v -0.00049975 -0.00955915 -0.15167454
v -0.00040203 -0.00092211 -0.15198949
v -0.00044661 -0.00381801 -0.15194042
v -0.00402611 -0.00379845 -0.15188639
v -0.00044697 -0.00384154 -0.15194002
v -0.00046138 -0.00477721 -0.15192416
v -0.00803154 -0.00381741 -0.15157555
v -0.01200299 -0.00383066 -0.15101293
v -0.01978588 -0.00384366 -0.14911556
v -0.01592673 -0.00383908 -0.15019406
v -0.02356191 -0.00384534 -0.14777640
v -0.02723622 -0.00384482 -0.14617921
v -0.03079162 -0.00384234 -0.14433175
v -0.03421272 -0.00383779 -0.14224623
v -0.03748460 -0.00383135 -0.13993458
v -0.04895336 -0.00378650 -0.12877280
v -0.04633116 -0.00380095 -0.13181201
v -0.04354650 -0.00381307 -0.13469820
v -0.04059741 -0.00382314 -0.13741234
v -0.04888192 -0.00773108 -0.12866880
v -0.04625905 -0.00775339 -0.13169798
v -0.04347098 -0.00777053 -0.13457222
v -0.04051683 -0.00778361 -0.13727298
v -0.03739899 -0.00779363 -0.13978171
v -0.03412385 -0.00780119 -0.14208144
v -0.03070246 -0.00780622 -0.14415842
v -0.02714986 -0.00780822 -0.14600180
v -0.02348045 -0.00780768 -0.14759836
v -0.01971059 -0.00780429 -0.14893903
v -0.01585842 -0.00779670 -0.15002006
v -0.01194233 -0.00778300 -0.15084171
v -0.00797942 -0.00776107 -0.15140706
v -0.00398392 -0.00772908 -0.15172076
v -0.00047731 -0.00676219 -0.15182054
v -0.04740469 -0.00562241 -0.02826473
v -0.04758188 -0.00388696 -0.03294983
v -0.04765982 -0.00280548 -0.02826476
v -0.04767868 -0.00247872 -0.03294985
v -0.04769639 -0.00212310 -0.02826477
v -0.04367214 -0.01921187 -0.02826464
v -0.04365554 -0.01924968 -0.03294965
v -0.04473844 -0.01659209 -0.02826465
v -0.04434821 -0.01760369 -0.03294966
v -0.04564775 -0.01391378 -0.02826467
v -0.04531810 -0.01494671 -0.03294968
v -0.04570607 -0.01372224 -0.02826467
v -0.04570620 -0.01372224 -0.03294970
v -0.04639689 -0.01118632 -0.02826468
v -0.04612897 -0.01223697 -0.03294972
v -0.04698322 -0.00841930 -0.02826471
v -0.04677798 -0.00948397 -0.03294975
v -0.04705995 -0.00798422 -0.02826471
v -0.04706007 -0.00798422 -0.03294977
v -0.04726285 -0.00669738 -0.03294979
v -0.04108410 -0.02423927 -0.02826464
v -0.04093922 -0.02448228 -0.02826464
v -0.04093935 -0.02448228 -0.03294961
v -0.04245260 -0.02176391 -0.02826464
v -0.04194553 -0.02272227 -0.03294962
v -0.04322270 -0.02019857 -0.03294964
v -0.03791992 -0.02892550 -0.02826465
v -0.03759891 -0.02934028 -0.02826465
v -0.03759903 -0.02934028 -0.03294959
v -0.03957143 -0.02662926 -0.02826464
v -0.03895463 -0.02752095 -0.03294960
v -0.04052117 -0.02516592 -0.03294960
v -0.03422396 -0.03320482 -0.02826467
v -0.03368540 -0.03374961 -0.02826467
v -0.03368552 -0.03374961 -0.03294959
v -0.03613533 -0.03111992 -0.02826465
v -0.03541745 -0.03193242 -0.03294959
v -0.03725140 -0.02977909 -0.03294959
v -0.02690961 -0.03935263 -0.03294961
v -0.02919783 -0.03769001 -0.03294960
v -0.02925834 -0.03764307 -0.02826471
v -0.02925847 -0.03764307 -0.03294960
v -0.03004805 -0.03701725 -0.02826470
v -0.03138359 -0.03589484 -0.03294959
v -0.03219249 -0.03517291 -0.02826468
v -0.03150367 -0.03578976 -0.03294959
v -0.03345922 -0.03397339 -0.03294959
v -0.02779818 -0.03873139 -0.02826472
v -0.02545076 -0.04030931 -0.02826475
v -0.02452697 -0.04087684 -0.03294962
v -0.02438523 -0.04096130 -0.02826476
v -0.02438536 -0.04096130 -0.03294962
v -0.02205826 -0.04225731 -0.03294963
v -0.02301403 -0.04174548 -0.02826478
v -0.01951215 -0.04348918 -0.03294965
v -0.02049655 -0.04303484 -0.02826481
v -0.01914048 -0.04365371 -0.03294965
v -0.01914035 -0.04365371 -0.02826482
v -0.01689756 -0.04456814 -0.03294967
v -0.01790714 -0.04417289 -0.02826484
v -0.01422368 -0.04549040 -0.03294969
v -0.01525488 -0.04515563 -0.02826487
v -0.01360379 -0.04567926 -0.03294969
v -0.01360366 -0.04567926 -0.02826489
v -0.01149988 -0.04625272 -0.03294971
v -0.01254910 -0.04597961 -0.02826490
v -0.00873573 -0.04685244 -0.03294973
v -0.00138261 -0.04763864 -0.02826505
v -0.00073987 -0.04765296 -0.03294979
v -0.00420622 -0.04747291 -0.02826501
v -0.00312525 -0.04755620 -0.03294978
v -0.00701506 -0.04714028 -0.02826497
v -0.00594092 -0.04728744 -0.03294975
v -0.00785956 -0.04700707 -0.02826496
v -0.00979927 -0.04664193 -0.02826494
v -0.04769652 -0.00212310 -0.03294985
v -0.04773225 -0.00250557 -0.02820829
v -0.04759207 -0.00531244 -0.02811752
v -0.04759028 -0.00533730 -0.02811648
v -0.04752584 -0.00616305 -0.02808076
v -0.04733345 -0.00804226 -0.02799326
v -0.04732041 -0.00814761 -0.02798815
v -0.04693008 -0.01066483 -0.02786600
v -0.04670461 -0.01181821 -0.02781348
v -0.04636019 -0.01325931 -0.02776872
v -0.00049818 -0.02670528 -0.14745007
v -0.00049821 -0.02669431 -0.14744861
v -0.00284417 -0.02674301 -0.14737105
v -0.00049815 -0.02676605 -0.14747034
v -0.00049815 -0.02676073 -0.14746764
v -0.00282413 -0.02679059 -0.14738850
v -0.00049822 -0.02679323 -0.14748749
v -0.00049819 -0.02678237 -0.14747989
v -0.00282437 -0.02681221 -0.14740075
v -0.00049900 -0.02686523 -0.14759146
v -0.00049890 -0.02686145 -0.14757982
v -0.00282846 -0.02689126 -0.14750056
v -0.00049961 -0.02687310 -0.14765504
v -0.00049959 -0.02687317 -0.14765294
v -0.00283249 -0.02690303 -0.14757352
v -0.04296653 -0.03766349 -0.11840545
v -0.04301473 -0.03766869 -0.11830314
v -0.04308183 -0.03771955 -0.11816752
v -0.04327301 -0.03786574 -0.11777714
v -0.04333270 -0.03791351 -0.11765502
v -0.04321098 -0.03781810 -0.11790445
v -0.04314726 -0.03776936 -0.11803460
v -0.04365847 -0.03816687 -0.11697122
v -0.04370644 -0.03820502 -0.11686913
v -0.04365798 -0.03817013 -0.11697455
v -0.04411031 -0.03854052 -0.11599275
v -0.04389696 -0.03836366 -0.11646152
v -0.04421821 -0.03862956 -0.11575332
v -0.04423385 -0.03864492 -0.11571842
v -0.04419041 -0.03860802 -0.11581387
v -0.04418169 -0.03859657 -0.11583460
v -0.04419610 -0.03860936 -0.11580256
v -0.04420092 -0.03861369 -0.11579184
v -0.04415865 -0.03858119 -0.11588498
v -0.04413720 -0.03855798 -0.11593325
v -0.04416046 -0.03857802 -0.11588171
v -0.04375258 -0.03824189 -0.11677051
v -0.04379690 -0.03827746 -0.11667544
v -0.04383937 -0.03831170 -0.11658399
v -0.04386047 -0.03832878 -0.11653843
v -0.04388006 -0.03834467 -0.11649606
v -0.04391895 -0.03837633 -0.11641173
v -0.04395595 -0.03840660 -0.11633126
v -0.04399103 -0.03843546 -0.11625470
v -0.04402419 -0.03846289 -0.11618214
v -0.04405540 -0.03848888 -0.11611365
v -0.04408465 -0.03851339 -0.11604929
v -0.04411193 -0.03853643 -0.11598913
v -0.04344874 -0.03800189 -0.11741291
v -0.04350382 -0.03804496 -0.11729763
v -0.04350333 -0.03804721 -0.11730047
v -0.04355716 -0.03808682 -0.11718555
v -0.04360871 -0.03812747 -0.11707672
v -0.04333331 -0.03791226 -0.11765273
v -0.04339189 -0.03795766 -0.11753130
v -0.04424003 -0.03865132 -0.11570342
v -0.04478031 -0.03916370 -0.11444883
v -0.04089235 -0.03621691 -0.12226225
v -0.04235515 -0.03718083 -0.11959884
v -0.04294595 -0.03761678 -0.11844138
v -0.03857097 -0.03481836 -0.12596250
v -0.03903199 -0.03504504 -0.12526570
v -0.04073836 -0.03608061 -0.12251833
v -0.03593964 -0.03346917 -0.12955545
v -0.03723904 -0.03407160 -0.12784697
v -0.03862890 -0.03481667 -0.12587138
v -0.02978556 -0.03099624 -0.13610867
v -0.03148014 -0.03155566 -0.13451651
v -0.03144986 -0.03157436 -0.13454975
v -0.03214263 -0.03180531 -0.13385487
v -0.03301810 -0.03218886 -0.13294816
v -0.03349816 -0.03234562 -0.13242273
v -0.03450207 -0.03279312 -0.13129066
v -0.03546587 -0.03320691 -0.13013934
v -0.03549725 -0.03322144 -0.13010082
v -0.02627222 -0.02991344 -0.13895643
v -0.02725724 -0.03016190 -0.13820945
v -0.02809824 -0.03045370 -0.13754679
v -0.02856062 -0.03055787 -0.13716029
v -0.02939980 -0.03082841 -0.13644351
v -0.02246710 -0.02897063 -0.14146607
v -0.02236245 -0.02891251 -0.14152332
v -0.02292843 -0.02903932 -0.14118679
v -0.02443014 -0.02943699 -0.14024214
v -0.02518241 -0.02958875 -0.13972902
v -0.02623362 -0.02987065 -0.13898143
v -0.02062281 -0.02854914 -0.14248763
v -0.02050838 -0.02856080 -0.14255142
v -0.01844341 -0.02816431 -0.14355534
v -0.01413650 -0.02754424 -0.14523888
v -0.01586232 -0.02774218 -0.14462754
v -0.01630814 -0.02784422 -0.14445944
v -0.01826724 -0.02811709 -0.14363380
v -0.01830652 -0.02812375 -0.14361612
v -0.00967109 -0.02708351 -0.14644995
v -0.01090365 -0.02716108 -0.14616440
v -0.01191328 -0.02729830 -0.14590764
v -0.01340801 -0.02742366 -0.14547063
v -0.01406525 -0.02750285 -0.14526115
v -0.00511261 -0.02681233 -0.14718179
v -0.00573974 -0.02680356 -0.14710581
v -0.00743925 -0.02693486 -0.14687009
v -0.00834809 -0.02695431 -0.14670946
v -0.00963021 -0.02705054 -0.14645596
v -0.00049827 -0.02667324 -0.14744750
v -0.00307667 -0.02670940 -0.14735273
v -0.00499188 -0.02677114 -0.14719088
v -0.04443533 -0.03881010 -0.11526419
v -0.04543437 -0.03975515 -0.11278147
v -0.04556740 -0.03992091 -0.11238981
v -0.04624278 -0.04069357 -0.11029208
v -0.04623965 -0.04070756 -0.11030611
v -0.04655205 -0.04111628 -0.10917096
v -0.04680927 -0.04153304 -0.10816881
v -0.04692142 -0.04168155 -0.10767256
v -0.04728520 -0.04234498 -0.10601787
v -0.04751255 -0.04276706 -0.10479943
v -0.04800784 -0.04394996 -0.10170649
v -0.04800788 -0.04393270 -0.10170001
v -0.04818773 -0.04411995 -0.10179529
v -0.04745875 -0.04249140 -0.10612813
v -0.04698110 -0.04168041 -0.10828577
v -0.04641445 -0.04087793 -0.11042081
v -0.04573952 -0.04009141 -0.11251336
v -0.04495599 -0.03932307 -0.11455753
v -0.04313660 -0.03782834 -0.11853431
v -0.04106002 -0.03637673 -0.12239639
v -0.03871394 -0.03497031 -0.12613823
v -0.03607202 -0.03361554 -0.12974262
v -0.03464084 -0.03296455 -0.13147460
v -0.03313994 -0.03233623 -0.13314627
v -0.03156917 -0.03173260 -0.13475224
v -0.02992390 -0.03115399 -0.13629165
v -0.02820029 -0.03060168 -0.13776107
v -0.02639450 -0.03007698 -0.13915707
v -0.02451612 -0.02958485 -0.14046639
v -0.02257740 -0.02913007 -0.14167634
v -0.02057848 -0.02871363 -0.14278427
v -0.01851960 -0.02833653 -0.14378756
v -0.01639563 -0.02799950 -0.14468426
v -0.01421157 -0.02770397 -0.14547051
v -0.01198292 -0.02745199 -0.14614090
v -0.00972526 -0.02724562 -0.14668997
v -0.00744826 -0.02708522 -0.14711671
v -0.00515145 -0.02696922 -0.14742532
v -0.00283525 -0.02689672 -0.14761820
v -0.00049995 -0.02686931 -0.14768696
v -0.00049983 -0.02687120 -0.14767602
v -0.00283388 -0.02690107 -0.14759654
v -0.00050007 -0.02686683 -0.14769775
v -0.04816898 -0.04411831 -0.10179208
v -0.04743987 -0.04249003 -0.10612401
v -0.04696228 -0.04167929 -0.10828092
v -0.04639573 -0.04087709 -0.11041507
v -0.04572099 -0.04009091 -0.11250658
v -0.04493769 -0.03932289 -0.11454979
v -0.04311848 -0.03782853 -0.11852536
v -0.04104227 -0.03637728 -0.12238631
v -0.03869672 -0.03497126 -0.12612692
v -0.03605551 -0.03361692 -0.12972999
v -0.03462474 -0.03296615 -0.13146131
v -0.03312430 -0.03233805 -0.13313229
v -0.03155407 -0.03173465 -0.13473757
v -0.02990940 -0.03115627 -0.13627625
v -0.02818645 -0.03060419 -0.13774498
v -0.02638139 -0.03007971 -0.13914028
v -0.02450386 -0.02958782 -0.14044890
v -0.02256603 -0.02913326 -0.14165817
v -0.02056805 -0.02871703 -0.14276548
v -0.01851017 -0.02834013 -0.14376818
v -0.01638730 -0.02800326 -0.14466435
v -0.01420439 -0.02770789 -0.14545015
v -0.01197689 -0.02745605 -0.14612012
v -0.00972039 -0.02724979 -0.14666882
v -0.00744456 -0.02708947 -0.14709532
v -0.00514892 -0.02697353 -0.14740378
v -0.04814998 -0.04411485 -0.10178815
v -0.04742076 -0.04248681 -0.10611913
v -0.04694320 -0.04167628 -0.10827529
v -0.04637674 -0.04087433 -0.11040853
v -0.04570219 -0.04008845 -0.11249901
v -0.04491910 -0.03932071 -0.11454122
v -0.04310010 -0.03782668 -0.11851552
v -0.04102426 -0.03637576 -0.12237529
v -0.03867923 -0.03497009 -0.12611465
v -0.03603872 -0.03361615 -0.12971634
v -0.03460837 -0.03296557 -0.13144697
v -0.03310840 -0.03233767 -0.13311726
v -0.03153871 -0.03173448 -0.13472179
v -0.02989465 -0.03115632 -0.13625973
v -0.02817237 -0.03060445 -0.13772774
v -0.02636806 -0.03008018 -0.13912231
v -0.02449137 -0.02958850 -0.14043020
v -0.02255446 -0.02913414 -0.14163879
v -0.02055743 -0.02871811 -0.14274544
v -0.01850056 -0.02834138 -0.14374754
v -0.01637882 -0.02800468 -0.14464314
v -0.01419708 -0.02770944 -0.14542845
v -0.01197075 -0.02745773 -0.14609800
v -0.00971542 -0.02725158 -0.14664637
v -0.00744079 -0.02709134 -0.14707261
v -0.00514634 -0.02697544 -0.14738089
v -0.04813104 -0.04410945 -0.10178350
v -0.04740172 -0.04248161 -0.10611349
v -0.04692419 -0.04167125 -0.10826890
v -0.04635781 -0.04086952 -0.11040123
v -0.04568343 -0.04008388 -0.11249067
v -0.04490055 -0.03931638 -0.11453189
v -0.04308176 -0.03782263 -0.11850487
v -0.04100630 -0.03637198 -0.12236346
v -0.03866180 -0.03496661 -0.12610154
v -0.03602197 -0.03361300 -0.12970184
v -0.03459204 -0.03296259 -0.13143176
v -0.03309254 -0.03233485 -0.13310134
v -0.03152339 -0.03173185 -0.13470513
v -0.02987994 -0.03115387 -0.13624233
v -0.02815833 -0.03060218 -0.13770959
v -0.02635476 -0.03007809 -0.13910343
v -0.02447891 -0.02958658 -0.14041059
v -0.02254291 -0.02913241 -0.14161846
v -0.02054684 -0.02871653 -0.14272445
v -0.01849098 -0.02833995 -0.14372593
v -0.01637036 -0.02800340 -0.14462098
v -0.01418978 -0.02770829 -0.14540580
v -0.01196461 -0.02745669 -0.14607492
v -0.00971047 -0.02725063 -0.14662293
v -0.00743703 -0.02709045 -0.14704891
v -0.00514377 -0.02697460 -0.14735700
v -0.00283109 -0.02690221 -0.14754951
v -0.00049935 -0.02687237 -0.14762887
v -0.04811249 -0.04410207 -0.10177815
v -0.04738306 -0.04247437 -0.10610714
v -0.04690557 -0.04166414 -0.10826182
v -0.04633928 -0.04086257 -0.11039325
v -0.04566506 -0.04007712 -0.11248167
v -0.04488238 -0.03930980 -0.11452192
v -0.04306384 -0.03781625 -0.11849355
v -0.04098875 -0.03636581 -0.12235096
v -0.03864476 -0.03496066 -0.12608777
v -0.03600563 -0.03360731 -0.12968670
v -0.03457611 -0.03295702 -0.13141593
v -0.03307707 -0.03232942 -0.13308480
v -0.03150845 -0.03172656 -0.13468786
v -0.02986559 -0.03114872 -0.13622431
v -0.02814464 -0.03059717 -0.13769084
v -0.02634180 -0.03007322 -0.13908395
v -0.02446677 -0.02958186 -0.14039040
v -0.02253165 -0.02912781 -0.14159758
v -0.02053652 -0.02871207 -0.14270292
v -0.01848166 -0.02833561 -0.14370380
v -0.01636212 -0.02799916 -0.14459831
v -0.01418267 -0.02770415 -0.14538263
v -0.01195864 -0.02745264 -0.14605132
v -0.00970565 -0.02724665 -0.14659896
v -0.00743338 -0.02708652 -0.14702471
v -0.00514127 -0.02697071 -0.14733261
v -0.00282974 -0.02689835 -0.14752500
v -0.00049912 -0.02686852 -0.14760430
v -0.04809463 -0.04409270 -0.10177216
v -0.04736516 -0.04246508 -0.10610013
v -0.04688770 -0.04165494 -0.10825410
v -0.04632150 -0.04085347 -0.11038467
v -0.04564745 -0.04006815 -0.11247212
v -0.04486497 -0.03930094 -0.11451145
v -0.04304671 -0.03780752 -0.11848174
v -0.04097199 -0.03635721 -0.12233800
v -0.03862852 -0.03495221 -0.12607360
v -0.03599007 -0.03359902 -0.12967122
v -0.03456094 -0.03294882 -0.13139977
v -0.03306236 -0.03232130 -0.13306797
v -0.03149424 -0.03171852 -0.13467032
v -0.02985196 -0.03114078 -0.13620606
v -0.02813164 -0.03058932 -0.13767189
v -0.02632950 -0.03006546 -0.13906431
v -0.02445526 -0.02957419 -0.14037007
v -0.02252099 -0.02912024 -0.14157659
v -0.02052675 -0.02870458 -0.14268132
v -0.01847283 -0.02832820 -0.14368162
v -0.01635432 -0.02799183 -0.14457560
v -0.01417595 -0.02769689 -0.14535946
v -0.01195300 -0.02744543 -0.14602774
v -0.00970109 -0.02723949 -0.14657506
v -0.00742992 -0.02707939 -0.14700055
v -0.00513891 -0.02696360 -0.14730829
v -0.04807783 -0.04408143 -0.10176560
v -0.04734835 -0.04245384 -0.10609257
v -0.04687095 -0.04164372 -0.10824588
v -0.04630485 -0.04084230 -0.11037565
v -0.04563096 -0.04005702 -0.11246219
v -0.04484868 -0.03928986 -0.11450065
v -0.04303075 -0.03779648 -0.11846965
v -0.04095642 -0.03634623 -0.12232484
v -0.03861345 -0.03494128 -0.12605929
v -0.03597565 -0.03358816 -0.12965569
v -0.03454692 -0.03293799 -0.13138361
v -0.03304877 -0.03231051 -0.13305119
v -0.03148115 -0.03170777 -0.13465288
v -0.02983941 -0.03113007 -0.13618799
v -0.02811968 -0.03057865 -0.13765317
v -0.02631821 -0.03005483 -0.13904496
v -0.02444469 -0.02956360 -0.14035007
v -0.02251121 -0.02910969 -0.14155599
v -0.02051780 -0.02869407 -0.14266016
v -0.01846476 -0.02831772 -0.14365993
v -0.01634719 -0.02798138 -0.14455344
v -0.01416980 -0.02768647 -0.14533687
v -0.01194784 -0.02743503 -0.14600480
v -0.00969694 -0.02722912 -0.14655183
v -0.00742678 -0.02706904 -0.14697710
v -0.00513676 -0.02695326 -0.14728467
v -0.00282730 -0.02688093 -0.14747684
v -0.00049874 -0.02685378 -0.14756143
v -0.04806240 -0.04406840 -0.10175856
v -0.04733296 -0.04244077 -0.10608458
v -0.04685564 -0.04163064 -0.10823727
v -0.04628965 -0.04082919 -0.11036631
v -0.04561593 -0.04004390 -0.11245205
v -0.04483386 -0.03927672 -0.11448973
v -0.04301631 -0.03778329 -0.11845750
v -0.04094237 -0.03633301 -0.12231173
v -0.03859991 -0.03492804 -0.12604515
v -0.03596275 -0.03357489 -0.12964046
v -0.03453438 -0.03292470 -0.13136783
v -0.03303665 -0.03229721 -0.13303483
v -0.03146948 -0.03169446 -0.13463596
v -0.02982825 -0.03111674 -0.13617049
v -0.02810908 -0.03056530 -0.13763510
v -0.02630821 -0.03004147 -0.13902633
v -0.02443536 -0.02955023 -0.14033090
v -0.02250258 -0.02909630 -0.14153631
v -0.02050991 -0.02868067 -0.14263998
v -0.01845767 -0.02830432 -0.14363930
v -0.01634093 -0.02796797 -0.14453238
v -0.01416440 -0.02767304 -0.14531547
v -0.01194332 -0.02742160 -0.14598309
v -0.00969331 -0.02721568 -0.14652985
v -0.00742403 -0.02705560 -0.14695494
v -0.00513489 -0.02693982 -0.14726238
v -0.00282629 -0.02686748 -0.14745446
v -0.04804861 -0.04405381 -0.10175116
v -0.04731929 -0.04242609 -0.10607629
v -0.04684205 -0.04161590 -0.10822845
v -0.04627620 -0.04081438 -0.11035685
v -0.04560268 -0.04002900 -0.11244189
v -0.04482081 -0.03926174 -0.11447890
v -0.04300369 -0.03776820 -0.11844555
v -0.04093016 -0.03631781 -0.12229893
v -0.03858819 -0.03491273 -0.12603147
v -0.03595164 -0.03355946 -0.12962584
v -0.03452362 -0.03290922 -0.13135275
v -0.03302627 -0.03228166 -0.13301927
v -0.03145953 -0.03167884 -0.13461992
v -0.02981875 -0.03110106 -0.13615398
v -0.02810008 -0.03054956 -0.13761812
v -0.02629976 -0.03002566 -0.13900888
v -0.02442748 -0.02953436 -0.14031301
v -0.02249532 -0.02908037 -0.14151800
v -0.02050330 -0.02866468 -0.14262128
v -0.01845174 -0.02828828 -0.14362024
v -0.01633570 -0.02795188 -0.14451300
v -0.01415990 -0.02765691 -0.14529578
v -0.01193956 -0.02740544 -0.14596316
v -0.00969030 -0.02719948 -0.14650974
v -0.00742176 -0.02703938 -0.14693466
v -0.00513334 -0.02692358 -0.14724199
v -0.00282545 -0.02685124 -0.14743401
v -0.00049835 -0.02681731 -0.14750877
v -0.00049826 -0.02680280 -0.14749514
v -0.00282481 -0.02683263 -0.14741600
v -0.00049837 -0.02682142 -0.14751317
v -0.04803668 -0.04403793 -0.10174355
v -0.04730754 -0.04241009 -0.10606784
v -0.04683043 -0.04159980 -0.10821956
v -0.04626474 -0.04079815 -0.11034743
v -0.04559140 -0.04001263 -0.11243190
v -0.04480976 -0.03924523 -0.11446835
v -0.04299314 -0.03775151 -0.11843403
v -0.04092001 -0.03630096 -0.12228671
v -0.03857853 -0.03489570 -0.12601852
v -0.03594254 -0.03354224 -0.12961216
v -0.03451486 -0.03289189 -0.13133869
v -0.03301786 -0.03226423 -0.13300483
v -0.03145150 -0.03166131 -0.13460512
v -0.02981112 -0.03108342 -0.13613881
v -0.02809289 -0.03053181 -0.13760261
v -0.02629303 -0.03000781 -0.13899301
v -0.02442124 -0.02951640 -0.14029682
v -0.02248959 -0.02906231 -0.14150150
v -0.02049811 -0.02864652 -0.14260449
v -0.01844710 -0.02827003 -0.14360318
v -0.01633162 -0.02793355 -0.14449571
v -0.01415639 -0.02763851 -0.14527830
v -0.01193665 -0.02738697 -0.14594550
v -0.00968797 -0.02718096 -0.14649194
v -0.00742001 -0.02702082 -0.14691676
v -0.00513215 -0.02690499 -0.14722402
v -0.00049852 -0.02683767 -0.14753364
v -0.00049870 -0.02685111 -0.14755605
v -0.04802677 -0.04402107 -0.10173584
v -0.04729788 -0.04239306 -0.10605940
v -0.04682091 -0.04158263 -0.10821076
v -0.04625541 -0.04078083 -0.11033821
v -0.04558228 -0.03999512 -0.11242225
v -0.04480087 -0.03922755 -0.11445829
v -0.04298478 -0.03773359 -0.11842313
v -0.04091207 -0.03628283 -0.12227528
v -0.03857104 -0.03487734 -0.12600656
v -0.03593559 -0.03352362 -0.12959968
v -0.03450821 -0.03287315 -0.13132593
v -0.03301153 -0.03224535 -0.13299181
v -0.03144549 -0.03164230 -0.13459185
v -0.02980546 -0.03106426 -0.13612530
v -0.02808760 -0.03051252 -0.13758886
v -0.02628812 -0.02998838 -0.13897903
v -0.02441672 -0.02949683 -0.14028263
v -0.02248547 -0.02904261 -0.14148712
v -0.02049441 -0.02862669 -0.14258994
v -0.01844382 -0.02825008 -0.14358848
v -0.01632875 -0.02791349 -0.14448087
v -0.01415394 -0.02761836 -0.14526334
v -0.01193462 -0.02736673 -0.14593045
v -0.00968637 -0.02716066 -0.14647684
v -0.00741880 -0.02700046 -0.14690158
v -0.00513134 -0.02688460 -0.14720879
v -0.04801895 -0.04400352 -0.10172816
v -0.04729038 -0.04237534 -0.10605110
v -0.04681357 -0.04156476 -0.10820220
v -0.04624828 -0.04076276 -0.11032935
v -0.04557537 -0.03997684 -0.11241310
v -0.04479418 -0.03920905 -0.11444887
v -0.04297869 -0.03771485 -0.11841305
v -0.04090637 -0.03626384 -0.12226484
v -0.03856578 -0.03485809 -0.12599577
v -0.03593082 -0.03350408 -0.12958857
v -0.03450370 -0.03285345 -0.13131467
v -0.03300730 -0.03222551 -0.13298038
v -0.03144153 -0.03162229 -0.13458028
v -0.02980179 -0.03104410 -0.13611363
v -0.02808421 -0.03049220 -0.13757706
v -0.02628504 -0.02996789 -0.13896714
v -0.02441392 -0.02947618 -0.14027067
v -0.02248295 -0.02902181 -0.14147508
v -0.02049219 -0.02860575 -0.14257784
v -0.01844190 -0.02822900 -0.14357634
v -0.01632709 -0.02789228 -0.14446869
v -0.01415252 -0.02759704 -0.14525114
v -0.01193347 -0.02734531 -0.14591824
v -0.00968547 -0.02713916 -0.14646460
v -0.00741814 -0.02697890 -0.14688933
v -0.00513090 -0.02686301 -0.14719655
v -0.04801324 -0.04398563 -0.10172065
v -0.04728505 -0.04235725 -0.10604308
v -0.04680841 -0.04154651 -0.10819401
v -0.04624334 -0.04074432 -0.11032099
v -0.04557065 -0.03995815 -0.11240459
v -0.04478970 -0.03919014 -0.11444022
v -0.04297481 -0.03769568 -0.11840392
v -0.04090289 -0.03624441 -0.12225551
v -0.03856270 -0.03483837 -0.12598628
v -0.03592816 -0.03348405 -0.12957898
v -0.03450127 -0.03283327 -0.13130501
v -0.03300510 -0.03220516 -0.13297068
v -0.03143955 -0.03160178 -0.13457057
v -0.02980003 -0.03102341 -0.13610391
v -0.02808268 -0.03047134 -0.13756734
v -0.02628372 -0.02994687 -0.13895744
v -0.02441278 -0.02945499 -0.14026099
v -0.02248198 -0.02900044 -0.14146546
v -0.02049140 -0.02858423 -0.14256826
v -0.01844127 -0.02820734 -0.14356682
v -0.01632657 -0.02787049 -0.14445922
v -0.01415210 -0.02757513 -0.14524172
v -0.01193316 -0.02732330 -0.14590888
v -0.00968526 -0.02711706 -0.14645529
v -0.00741800 -0.02695674 -0.14688006
v -0.00513082 -0.02684080 -0.14718728
v -0.00282409 -0.02676835 -0.14737928
v -0.00049814 -0.02673849 -0.14745843
v -0.04800958 -0.04396768 -0.10171339
v -0.04728180 -0.04233913 -0.10603543
v -0.04680536 -0.04152822 -0.10818629
v -0.04624050 -0.04072581 -0.11031321
v -0.04556804 -0.03993940 -0.11239681
v -0.04478732 -0.03917116 -0.11443242
v -0.04297304 -0.03767645 -0.11839581
v -0.04090149 -0.03622493 -0.12224737
v -0.03856168 -0.03481861 -0.12597814
v -0.03592749 -0.03346397 -0.12957095
v -0.03450080 -0.03281303 -0.13129701
v -0.03300481 -0.03218477 -0.13296273
v -0.03143942 -0.03158121 -0.13456273
v -0.02980004 -0.03100267 -0.13609616
v -0.02808284 -0.03045043 -0.13755971
v -0.02628401 -0.02992579 -0.13894992
v -0.02441316 -0.02943373 -0.14025362
v -0.02248242 -0.02897903 -0.14145823
v -0.02049191 -0.02856266 -0.14256117
v -0.01844183 -0.02818562 -0.14355986
v -0.01632709 -0.02784864 -0.14445241
v -0.01415258 -0.02755316 -0.14523503
v -0.01193361 -0.02730124 -0.14590231
v -0.00968566 -0.02709490 -0.14644884
v -0.00741832 -0.02693453 -0.14687365
v -0.00513105 -0.02681855 -0.14718093
v -0.00282422 -0.02674607 -0.14737296
v -0.00049816 -0.02671618 -0.14745216
v -0.03770961 -0.03207538 -0.12725487
v -0.03752462 -0.03163149 -0.12753665
v -0.03781986 -0.03180534 -0.12708472
v -0.03789248 -0.03252145 -0.12697172
v -0.03800137 -0.03234319 -0.12680088
v -0.03810949 -0.03216443 -0.12662955
v -0.03810949 -0.03198043 -0.12662955
v -0.04875000 -0.04881780 -0.08285773
v -0.04875000 -0.05146170 -0.07598527
v -0.04875002 -0.05300253 -0.07758566
v -0.04875000 -0.05222039 -0.07423501
v -0.04875002 -0.05300254 -0.07276294
v -0.04875000 -0.04845484 -0.08969596
v -0.04875000 -0.04618763 -0.08969596
v -0.04875000 -0.05113101 -0.08257583
v -0.04875002 -0.05300253 -0.07759651
v -0.04875000 -0.05300630 -0.07758647
v -0.03037946 -0.05882279 -0.02805280
v -0.03219464 -0.05772709 -0.02780047
v -0.03015039 -0.05809193 -0.02780124
v -0.03010290 -0.05790842 -0.02777437
v -0.03026631 -0.05846591 -0.02790137
v -0.04550843 -0.04090050 -0.02814283
v -0.04597449 -0.03680373 -0.02806486
v -0.04626353 -0.03684067 -0.02824201
v -0.04443687 -0.04055949 -0.02777432
v -0.04510752 -0.03669317 -0.02778660
v -0.04519624 -0.03670448 -0.02780133
v -0.04333598 -0.04926191 -0.02814022
v -0.04342645 -0.04945127 -0.02824203
v -0.04322198 -0.04997838 -0.02824203
v -0.04249996 -0.05125040 -0.02814018
v -0.04429692 -0.04679747 -0.02824203
v -0.04401886 -0.04720688 -0.02814094
v -0.04470422 -0.04533521 -0.02824203
v -0.04562300 -0.04111067 -0.02824202
v -0.04541948 -0.04221319 -0.02824202
v -0.04510229 -0.04302561 -0.02814235
v -0.04460480 -0.04512570 -0.02814175
v -0.04359747 -0.04459022 -0.02777416
v -0.03800564 -0.05549932 -0.02780187
v -0.03822668 -0.05582061 -0.02790297
v -0.03711970 -0.05606566 -0.02780169
v -0.03733160 -0.05639289 -0.02790249
v -0.03618219 -0.05653393 -0.02780121
v -0.03234353 -0.05808991 -0.02789923
v -0.03439107 -0.05758472 -0.02789891
v -0.03213317 -0.05754692 -0.02777415
v -0.03421368 -0.05723611 -0.02780035
v -0.03638386 -0.05686795 -0.02790119
v -0.03789791 -0.05534499 -0.02777456
v -0.03702073 -0.05590549 -0.02777450
v -0.03609157 -0.05636831 -0.02777436
v -0.03413837 -0.05706165 -0.02777411
v -0.04461940 -0.04061021 -0.02780104
v -0.04423503 -0.04264828 -0.02780081
v -0.04377192 -0.04466889 -0.02780051
v -0.04305978 -0.04658148 -0.02777404
v -0.04322819 -0.04667367 -0.02780011
v -0.04242514 -0.04854681 -0.02777394
v -0.04258719 -0.04865266 -0.02779976
v -0.04164650 -0.05045729 -0.02777393
v -0.04179985 -0.05057641 -0.02779974
v -0.04067671 -0.05228397 -0.02777411
v -0.04081701 -0.05241541 -0.02780034
v -0.04009806 -0.05314758 -0.02777426
v -0.04023037 -0.05328476 -0.02780086
v -0.03944082 -0.05395271 -0.02777440
v -0.03956521 -0.05409554 -0.02780134
v -0.03870679 -0.05468869 -0.02777451
v -0.03882308 -0.05483720 -0.02780170
v -0.04554528 -0.03674898 -0.02788964
v -0.04499159 -0.04073297 -0.02790076
v -0.04459794 -0.04280806 -0.02790013
v -0.04412002 -0.04486242 -0.02789934
v -0.04355829 -0.04689938 -0.02789828
v -0.04289985 -0.04891002 -0.02789734
v -0.04209238 -0.05086042 -0.02789727
v -0.04108340 -0.05271656 -0.02789887
v -0.04048254 -0.05359094 -0.02790027
v -0.03980549 -0.05440661 -0.02790156
v -0.03905319 -0.05515324 -0.02790252
v -0.03254600 -0.05859403 -0.02814166
v -0.03255564 -0.05874526 -0.02824200
v -0.03042350 -0.05898494 -0.02814380
v -0.03041437 -0.05913713 -0.02824294
v -0.03666025 -0.05749408 -0.02824205
v -0.03464695 -0.05822154 -0.02824214
v -0.03463550 -0.05806873 -0.02814148
v -0.03417227 -0.05835617 -0.02824215
v -0.03258504 -0.05873901 -0.02824200
v -0.03666398 -0.05733040 -0.02814318
v -0.03762593 -0.05684572 -0.02814418
v -0.03816039 -0.05669644 -0.02824206
v -0.03853313 -0.05626569 -0.02814454
v -0.03944392 -0.05572524 -0.02824205
v -0.03937213 -0.05559138 -0.02814420
v -0.04013919 -0.05483741 -0.02814346
v -0.04068303 -0.05444140 -0.02824204
v -0.04083353 -0.05401411 -0.02814248
v -0.04088406 -0.05419205 -0.02824204
v -0.04145441 -0.05313186 -0.02814140
v -0.04201356 -0.05250118 -0.02824204
v -0.04257642 -0.05143838 -0.02824204
v -0.03248892 -0.05843546 -0.02805015
v -0.03456478 -0.05791597 -0.02804982
v -0.03658012 -0.05718544 -0.02805236
v -0.03753614 -0.05670476 -0.02805383
v -0.03843780 -0.05612832 -0.02805436
v -0.03927111 -0.05545754 -0.02805386
v -0.04003201 -0.05470741 -0.02805277
v -0.04071983 -0.05388815 -0.02805133
v -0.04133393 -0.05301002 -0.02804975
v -0.04236788 -0.05113858 -0.02804795
v -0.04319536 -0.04916234 -0.02804802
v -0.04387152 -0.04712046 -0.02804908
v -0.04445134 -0.04505198 -0.02805027
v -0.04494397 -0.04296467 -0.02805116
v -0.04534695 -0.04085309 -0.02805187
v -0.04635176 -0.05157103 -0.03084970
v -0.04721384 -0.04927104 -0.03084936
v -0.04792479 -0.04691999 -0.03084921
v -0.04851646 -0.04453594 -0.03085150
v -0.04900477 -0.04212916 -0.03085181
v -0.04974643 -0.03727205 -0.03084831
v -0.04530177 -0.05379231 -0.03085005
v -0.04401233 -0.05587650 -0.03085040
v -0.04325715 -0.05684739 -0.03085058
v -0.04242679 -0.05775399 -0.03085077
v -0.04152307 -0.05858437 -0.03085095
v -0.04054776 -0.05933088 -0.03085113
v -0.03613372 -0.06144545 -0.03085176
v -0.03842147 -0.06055412 -0.03085153
v -0.03951010 -0.05998697 -0.03085133
v -0.03376219 -0.06208561 -0.03085149
v -0.03135254 -0.06255759 -0.03085084
v -0.03897378 -0.03252146 -0.12697169
v -0.03819896 -0.03202999 -0.12650070
v -0.03970242 -0.03203000 -0.12650067
v -0.03815427 -0.03209723 -0.12656513
v -0.04441464 -0.03690402 -0.11531164
v -0.04490708 -0.03690401 -0.11531164
v -0.04432571 -0.03625651 -0.11551327
v -0.04509318 -0.03625652 -0.11551326
v -0.00200028 -0.02483988 -0.14740916
v -0.00200027 -0.02398716 -0.14740916
v -0.00201575 -0.02484000 -0.14740883
v -0.00450260 -0.02398717 -0.14740913
v -0.00450260 -0.02483989 -0.14740913
v -0.00472465 -0.02491234 -0.14721827
v -0.00499181 -0.02492282 -0.14719090
v -0.02441799 -0.02754785 -0.14024505
v -0.02334772 -0.02718533 -0.14116891
v -0.02623324 -0.02802102 -0.13898171
v -0.02662417 -0.02812941 -0.13869213
v -0.04478986 -0.03678199 -0.11563629
v -0.01496002 -0.02569264 -0.14514032
v -0.01254533 -0.02548130 -0.14572807
v -0.01052777 -0.02519999 -0.14645106
v -0.00999956 -0.02523464 -0.14637552
v -0.02236204 -0.02706828 -0.14152355
v -0.02215524 -0.02702318 -0.14164367
v -0.02064975 -0.02661660 -0.14268205
v -0.01983674 -0.02655458 -0.14288993
v -0.01926273 -0.02635860 -0.14336848
v -0.04434614 -0.03684385 -0.11546645
v -0.04424046 -0.03675729 -0.11570389
v -0.04466996 -0.03666020 -0.11596033
v -0.04423464 -0.03674594 -0.11571668
v -0.04421934 -0.03672789 -0.11575078
v -0.00962993 -0.02520391 -0.14645602
v -0.00739335 -0.02504457 -0.14687282
v -0.00578906 -0.02487113 -0.14732601
v -0.00575192 -0.02486935 -0.14733076
v -0.01830728 -0.02628105 -0.14361578
v -0.01746267 -0.02614152 -0.14398545
v -0.01553111 -0.02576994 -0.14493467
v -0.01503254 -0.02578374 -0.14493133
v -0.01406534 -0.02565869 -0.14526111
v -0.03788736 -0.03252145 -0.12696812
v -0.03806039 -0.03203605 -0.12826321
v -0.03672481 -0.03192972 -0.12853667
v -0.03633790 -0.03120270 -0.13048041
v -0.04301460 -0.03576370 -0.11830340
v -0.04294569 -0.03571272 -0.11844192
v -0.04322883 -0.03535542 -0.11943180
v -0.04288501 -0.03566805 -0.11856325
v -0.04194496 -0.03437449 -0.12204163
v -0.04133743 -0.03458572 -0.12147591
v -0.04052745 -0.03343061 -0.12455288
v -0.03964738 -0.03351912 -0.12431034
v -0.03862916 -0.03293169 -0.12587099
v -0.02385431 -0.02718532 -0.14116889
v -0.02616584 -0.02773203 -0.13971436
v -0.02877222 -0.02876885 -0.13698268
v -0.02838776 -0.02832859 -0.13812718
v -0.03085981 -0.02946734 -0.13511443
v -0.03052277 -0.02897594 -0.13640486
v -0.03214267 -0.02993828 -0.13385482
v -0.03256882 -0.02967374 -0.13454831
v -0.03288384 -0.03022611 -0.13308519
v -0.03450049 -0.03041295 -0.13258159
v -0.03484040 -0.03104648 -0.13089308
v -0.03549811 -0.03134365 -0.13009974
v -0.04321121 -0.03591069 -0.11790399
v -0.04314737 -0.03586271 -0.11803436
v -0.04308183 -0.03581370 -0.11816753
v -0.04420224 -0.03671028 -0.11578889
v -0.04418293 -0.03669159 -0.11583184
v -0.04416147 -0.03667160 -0.11587947
v -0.04344931 -0.03609204 -0.11741170
v -0.04339240 -0.03604833 -0.11753025
v -0.04437948 -0.03637524 -0.11671850
v -0.04333374 -0.03600352 -0.11765186
v -0.04327333 -0.03595763 -0.11777646
v -0.04360945 -0.03621642 -0.11707515
v -0.04355785 -0.03617610 -0.11718407
v -0.04350447 -0.03613464 -0.11729629
v -0.04375341 -0.03633023 -0.11676874
v -0.04370724 -0.03629350 -0.11686740
v -0.04365925 -0.03625555 -0.11696956
v -0.04388081 -0.03643294 -0.11649445
v -0.04384020 -0.03639997 -0.11658219
v -0.04379773 -0.03636573 -0.11667365
v -0.04399125 -0.03652405 -0.11625425
v -0.04395634 -0.03649500 -0.11633041
v -0.04391952 -0.03646463 -0.11641050
v -0.04413791 -0.03665024 -0.11593168
v -0.04411227 -0.03662749 -0.11598838
v -0.04408456 -0.03660333 -0.11604948
v -0.04407317 -0.03659349 -0.11607458
v -0.04405524 -0.03657812 -0.11611400
v -0.04402422 -0.03655176 -0.11618209
v -0.02449912 -0.02666564 -0.14044605
v -0.02560900 -0.02666564 -0.14044605
v -0.02392615 -0.02692861 -0.14081183
v -0.03900576 -0.03163150 -0.12753662
v -0.02735434 -0.02711498 -0.13927796
v -0.02955556 -0.02774740 -0.13763389
v -0.03167615 -0.02843511 -0.13584609
v -0.03370154 -0.02917472 -0.13392335
v -0.03558904 -0.02995036 -0.13190697
v -0.03735884 -0.03076988 -0.12977654
v -0.03766037 -0.06493843 -0.06290391
v -0.03886812 -0.06464238 -0.06309724
v -0.03886812 -0.06399997 -0.06351674
v -0.04000557 -0.06433561 -0.06329756
v -0.04113171 -0.06400000 -0.06351677
v -0.02962985 -0.06379767 -0.06364886
v -0.02932698 -0.06418791 -0.06339402
v -0.02954133 -0.06426924 -0.06334070
v -0.02975474 -0.06435796 -0.06328297
v -0.03875173 -0.06340721 -0.06390383
v -0.02993076 -0.06340636 -0.06390438
v -0.03074530 -0.06624916 -0.06204798
v -0.03287383 -0.06590369 -0.06227358
v -0.03024990 -0.06530361 -0.06266545
v -0.03001219 -0.06484970 -0.06296185
v -0.03479632 -0.06554875 -0.06250536
v -0.03880993 -0.06340652 -0.06390428
v -0.03886812 -0.06340767 -0.06390820
v -0.04563045 -0.05402753 -0.03124651
v -0.04553092 -0.05394272 -0.03109779
v -0.04659439 -0.05170268 -0.03109821
v -0.03400073 -0.06265771 -0.03158289
v -0.03395094 -0.06256620 -0.03141245
v -0.03635773 -0.06190907 -0.03141110
v -0.05022157 -0.03735850 -0.03135222
v -0.05026029 -0.03736718 -0.03140794
v -0.04950068 -0.04228671 -0.03140902
v -0.05053188 -0.03742862 -0.03191533
v -0.05056855 -0.03743554 -0.03201644
v -0.04976367 -0.04239900 -0.03192628
v -0.04994798 -0.03730312 -0.03102528
v -0.04913532 -0.04215668 -0.03096269
v -0.04864669 -0.04456782 -0.03096303
v -0.04805714 -0.04695757 -0.03096340
v -0.04734419 -0.04931832 -0.03096380
v -0.04647805 -0.05162968 -0.03096443
v -0.04542158 -0.05386202 -0.03096444
v -0.04412045 -0.05596020 -0.03096332
v -0.04336024 -0.05693658 -0.03096282
v -0.04252311 -0.05784885 -0.03096269
v -0.04161164 -0.05868683 -0.03096287
v -0.04062840 -0.05944036 -0.03096333
v -0.03958207 -0.06010212 -0.03096401
v -0.03848592 -0.06067501 -0.03096478
v -0.03618238 -0.06157500 -0.03096600
v -0.03380069 -0.06221931 -0.03096636
v -0.03138281 -0.06269347 -0.03096609
v -0.03154841 -0.06314146 -0.03158477
v -0.03150671 -0.06304768 -0.03141376
v -0.03161073 -0.06328185 -0.03193790
v -0.03097941 -0.06342908 -0.03211324
v -0.02731502 -0.06391058 -0.03210905
v -0.03530441 -0.06253175 -0.03210706
v -0.03651030 -0.06215212 -0.03201932
v -0.03699245 -0.06201108 -0.03210426
v -0.03884973 -0.06122369 -0.03200915
v -0.03854771 -0.06138763 -0.03209611
v -0.03995998 -0.06066374 -0.03208558
v -0.04200941 -0.05918204 -0.03190700
v -0.04204123 -0.05922080 -0.03207467
v -0.04127066 -0.05981857 -0.03207735
v -0.04366105 -0.05765305 -0.03207552
v -0.04251206 -0.05881220 -0.03207396
v -0.04293969 -0.05833749 -0.03190653
v -0.04379693 -0.05741833 -0.03190853
v -0.04457805 -0.05643308 -0.03191276
v -0.04463131 -0.05645076 -0.03208125
v -0.04555634 -0.05505672 -0.03208908
v -0.04592244 -0.05431192 -0.03192195
v -0.04596685 -0.05434531 -0.03209226
v -0.04642878 -0.05346338 -0.03209508
v -0.04701821 -0.05205030 -0.03192548
v -0.04725236 -0.05163500 -0.03209608
v -0.04791372 -0.04970267 -0.03192585
v -0.04803305 -0.04952457 -0.03209591
v -0.04864899 -0.04729905 -0.03192664
v -0.04875568 -0.04712147 -0.03209587
v -0.04925790 -0.04486103 -0.03192658
v -0.04943364 -0.04432795 -0.03209528
v -0.05003615 -0.04118904 -0.03209464
v -0.03158430 -0.06322011 -0.03176068
v -0.04362022 -0.05721159 -0.03139982
v -0.04283655 -0.05821237 -0.03156501
v -0.04276998 -0.05813130 -0.03139872
v -0.04191005 -0.05905759 -0.03156526
v -0.04184562 -0.05897662 -0.03139893
v -0.04091283 -0.05981923 -0.03156734
v -0.04085008 -0.05973799 -0.03140053
v -0.03985338 -0.06049074 -0.03157114
v -0.03979209 -0.06040855 -0.03140341
v -0.03874430 -0.06107461 -0.03157559
v -0.03868457 -0.06099088 -0.03140676
v -0.03641355 -0.06199698 -0.03158123
v -0.03404359 -0.06273445 -0.03175823
v -0.03646154 -0.06207082 -0.03175611
v -0.03879556 -0.06114527 -0.03174892
v -0.03990593 -0.06056036 -0.03174326
v -0.04096654 -0.05988836 -0.03173846
v -0.04196516 -0.05912685 -0.03173586
v -0.04100917 -0.05994349 -0.03191017
v -0.03994710 -0.06061583 -0.03191603
v -0.03883523 -0.06120145 -0.03192300
v -0.03649779 -0.06212918 -0.03193208
v -0.03407542 -0.06279483 -0.03193488
v -0.03409216 -0.06283718 -0.03210915
v -0.03331238 -0.06300870 -0.03211047
v -0.04767918 -0.04952777 -0.03140868
v -0.04688310 -0.05193546 -0.03157767
v -0.04679763 -0.05186075 -0.03140853
v -0.04579845 -0.05419027 -0.03157546
v -0.04571975 -0.05411164 -0.03140696
v -0.04446544 -0.05630783 -0.03156935
v -0.04374849 -0.05736280 -0.03173725
v -0.04452714 -0.05637783 -0.03174081
v -0.04586615 -0.05425863 -0.03174834
v -0.05044980 -0.03741075 -0.03173139
v -0.04969101 -0.04236979 -0.03175276
v -0.04900325 -0.04472547 -0.03140929
v -0.04918746 -0.04482576 -0.03175300
v -0.04840374 -0.04714216 -0.03140926
v -0.04858103 -0.04725814 -0.03175287
v -0.04784862 -0.04965689 -0.03175184
v -0.04695686 -0.05200037 -0.03175122
v -0.04289348 -0.05828207 -0.03173553
v -0.04431158 -0.05613954 -0.03124290
v -0.04439342 -0.05622707 -0.03140214
v -0.05001538 -0.03731558 -0.03109608
v -0.04926485 -0.04219575 -0.03109681
v -0.04877375 -0.04461536 -0.03109714
v -0.04818139 -0.04701386 -0.03109744
v -0.04746510 -0.04938329 -0.03109764
v -0.03965380 -0.06021267 -0.03109610
v -0.03861950 -0.06089544 -0.03124618
v -0.03855224 -0.06078969 -0.03109760
v -0.03629800 -0.06180850 -0.03124940
v -0.03623825 -0.06169667 -0.03109981
v -0.03389828 -0.06246155 -0.03125050
v -0.03384684 -0.06234538 -0.03110060
v -0.03146280 -0.06294058 -0.03125124
v -0.03142029 -0.06282191 -0.03110082
v -0.04422043 -0.05604926 -0.03109538
v -0.04345495 -0.05703003 -0.03109425
v -0.04261218 -0.05794663 -0.03109381
v -0.04169488 -0.05878890 -0.03109400
v -0.04070579 -0.05954668 -0.03109480
v -0.02900985 -0.06551959 -0.04315560
v -0.04219819 -0.06427785 -0.06205741
v -0.04162563 -0.06447420 -0.06193420
v -0.04168842 -0.06417352 -0.05942418
v -0.03129908 -0.06679577 -0.06045545
v -0.03107925 -0.06682985 -0.06043378
v -0.03039071 -0.06655538 -0.05469621
v -0.03070223 -0.06688722 -0.06039728
v -0.02969279 -0.06698768 -0.05946189
v -0.03308508 -0.06607393 -0.05440542
v -0.03646429 -0.06577495 -0.05992189
v -0.03378278 -0.06634963 -0.06019833
v -0.03686698 -0.06576165 -0.06111627
v -0.03386972 -0.06636202 -0.06073177
v -0.04531493 -0.06235466 -0.05915076
v -0.04477859 -0.06320605 -0.06274076
v -0.04414928 -0.06303467 -0.05922830
v -0.04472718 -0.06323095 -0.06272474
v -0.04340055 -0.06381969 -0.06234749
v -0.04746255 -0.06073903 -0.05904868
v -0.04746892 -0.06160299 -0.06377494
v -0.04642348 -0.06159155 -0.05909002
v -0.04638487 -0.06232965 -0.06330563
v -0.04613763 -0.06247839 -0.06320966
v -0.04927893 -0.05874849 -0.05903415
v -0.04952170 -0.05974832 -0.06496276
v -0.04841805 -0.05979158 -0.05902949
v -0.04922219 -0.06007250 -0.06475678
v -0.04851599 -0.06075523 -0.06432085
v -0.05137310 -0.05677448 -0.06490910
v -0.05101074 -0.05775039 -0.06622855
v -0.05072637 -0.05796259 -0.06485868
v -0.05048960 -0.05853141 -0.06573354
v -0.04999842 -0.05908722 -0.06482578
v -0.05018207 -0.05894850 -0.06546952
v -0.04971965 -0.05952136 -0.06510670
v -0.05194924 -0.05553516 -0.06497429
v -0.05176973 -0.05641719 -0.06708020
v -0.05137825 -0.05713708 -0.06661853
v -0.05292833 -0.05294277 -0.06513969
v -0.05275475 -0.05424568 -0.06848073
v -0.05200119 -0.05595671 -0.06737687
v -0.05373210 -0.05024914 -0.06533943
v -0.05441400 -0.04749613 -0.06556252
v -0.05466244 -0.04786154 -0.07139727
v -0.05478804 -0.04752218 -0.07280877
v -0.05455561 -0.04846790 -0.07220218
v -0.05376735 -0.05132519 -0.07036530
v -0.05355620 -0.05200252 -0.06993060
v -0.05318176 -0.05311000 -0.06921412
v -0.05564149 -0.04360046 -0.07535450
v -0.05528953 -0.04531175 -0.07423481
v -0.05524186 -0.04514161 -0.07162907
v -0.05501080 -0.04470900 -0.06580152
v -0.05461035 -0.04419773 -0.05999112
v -0.05404343 -0.04358819 -0.05420521
v -0.04689235 -0.05466136 -0.03599320
v -0.04813706 -0.05214475 -0.03612297
v -0.04916154 -0.04950495 -0.03630226
v -0.05000965 -0.04678938 -0.03652000
v -0.05071665 -0.04403127 -0.03676778
v -0.05131059 -0.04125106 -0.03703924
v -0.04617101 -0.05585444 -0.03595115
v -0.04537353 -0.05699184 -0.03592705
v -0.04449305 -0.05806212 -0.03592311
v -0.04353029 -0.05905116 -0.03594087
v -0.04248989 -0.05994915 -0.03598080
v -0.03638910 -0.06305953 -0.03647551
v -0.03769945 -0.06260471 -0.03634360
v -0.03897404 -0.06207407 -0.03622585
v -0.04020344 -0.06145864 -0.03612475
v -0.04137833 -0.06075161 -0.03604248
v -0.02820725 -0.06477054 -0.03742976
v -0.04096745 -0.06376838 -0.05363237
v -0.04341246 -0.06256294 -0.05344224
v -0.04293733 -0.06363851 -0.05932020
v -0.05341052 -0.04643491 -0.05395519
v -0.05399365 -0.04702977 -0.05974623
v -0.05266235 -0.04924249 -0.05372823
v -0.05327465 -0.04982660 -0.05952125
v -0.05176203 -0.05197965 -0.05353226
v -0.05241399 -0.05255909 -0.05932384
v -0.05066360 -0.05460010 -0.05337791
v -0.05135969 -0.05518063 -0.05916509
v -0.05002397 -0.05584757 -0.05332045
v -0.05074101 -0.05642942 -0.05910480
v -0.04931498 -0.05704083 -0.05327873
v -0.05005030 -0.05762292 -0.05906026
v -0.04852963 -0.05816915 -0.05325492
v -0.04766092 -0.05922050 -0.05325143
v -0.04670493 -0.06018412 -0.05327012
v -0.04567060 -0.06105982 -0.05330962
v -0.04456957 -0.06185125 -0.05336772
v -0.04314670 -0.06392176 -0.06228249
v -0.05240940 -0.04209968 -0.04271929
v -0.05331309 -0.04288248 -0.04844555
v -0.05179036 -0.04491192 -0.04245594
v -0.05267871 -0.04571866 -0.04818966
v -0.05105292 -0.04769302 -0.04221729
v -0.05192423 -0.04851626 -0.04795853
v -0.05016712 -0.05041856 -0.04201010
v -0.05101683 -0.05124637 -0.04775959
v -0.04909589 -0.05305137 -0.04184322
v -0.03937529 -0.06515049 -0.06150698
v -0.03911034 -0.06506722 -0.05966018
v -0.03576168 -0.06547587 -0.05412583
v -0.03244113 -0.06563618 -0.04861013
v -0.02973317 -0.06611046 -0.04891412
v -0.03385381 -0.06636492 -0.06072992
v -0.03095775 -0.06433117 -0.03709431
v -0.03174211 -0.06506177 -0.04283498
v -0.03445933 -0.06448856 -0.04252777
v -0.03513224 -0.06504294 -0.04831895
v -0.03778202 -0.06428329 -0.04804964
v -0.03840065 -0.06472289 -0.05386464
v -0.04991630 -0.05386715 -0.04760245
v -0.04927944 -0.05511978 -0.04754318
v -0.04779524 -0.05554034 -0.04172792
v -0.04857674 -0.05632325 -0.04749900
v -0.04704330 -0.05671086 -0.04169388
v -0.04780185 -0.05746844 -0.04747177
v -0.04621449 -0.05781940 -0.04167822
v -0.04694829 -0.05854532 -0.04746350
v -0.04530342 -0.05885534 -0.04168289
v -0.04601180 -0.05954403 -0.04747590
v -0.04431337 -0.05980939 -0.04170843
v -0.04499828 -0.06045974 -0.04750861
v -0.04325098 -0.06067617 -0.04175445
v -0.04391649 -0.06129121 -0.04756043
v -0.04212374 -0.06145402 -0.04182002
v -0.04277520 -0.06203953 -0.04762990
v -0.04093975 -0.06214443 -0.04190376
v -0.04158300 -0.06270772 -0.04771538
v -0.03970743 -0.06275151 -0.04200391
v -0.04034823 -0.06330039 -0.04781507
v -0.03713148 -0.06374177 -0.04224546
v -0.03369669 -0.06378364 -0.03677151
v -0.05137392 -0.02871956 -0.03191367
v -0.05182087 -0.01997915 -0.03191418
v -0.05203664 -0.01123029 -0.03191437
v -0.05209933 -0.00247855 -0.03192402
v -0.05191159 -0.01122268 -0.03165787
v -0.05202015 -0.00247851 -0.03175116
v -0.05171131 -0.01120986 -0.03134776
v -0.05181328 -0.00247840 -0.03140811
v -0.05147611 -0.01119765 -0.03106703
v -0.05156149 -0.00247833 -0.03109615
v -0.05130895 -0.01119224 -0.03090962
v -0.05142618 -0.00247835 -0.03096217
v -0.05123162 -0.01119100 -0.03084836
v -0.05128854 -0.00247842 -0.03084838
v -0.05069887 -0.03301620 -0.03134753
v -0.05046800 -0.03297427 -0.03106762
v -0.05030204 -0.03295063 -0.03091002
v -0.05101496 -0.03308001 -0.03191394
v -0.05089371 -0.03305620 -0.03165691
v -0.05109687 -0.01990296 -0.03090922
v -0.05102027 -0.01989952 -0.03084834
v -0.05115466 -0.01531829 -0.03084835
v -0.05065690 -0.02860723 -0.03090971
v -0.05057979 -0.02860061 -0.03084833
v -0.05080144 -0.02494406 -0.03084833
v -0.05022458 -0.03294208 -0.03084832
v -0.05026048 -0.03255973 -0.03084832
v -0.05169652 -0.01996449 -0.03165811
v -0.05149695 -0.01993960 -0.03134756
v -0.05126283 -0.01991497 -0.03106637
v -0.05125149 -0.02869863 -0.03165712
v -0.05105488 -0.02866322 -0.03134742
v -0.05082282 -0.02862680 -0.03106711
v -0.05049199 -0.05700152 -0.06919506
v -0.05027661 -0.05766910 -0.06844012
v -0.05119215 -0.05614595 -0.06954723
v -0.05200259 -0.05449521 -0.07072152
v -0.05120844 -0.05590012 -0.06988568
v -0.05209621 -0.05285474 -0.07308013
v -0.05100720 -0.05373904 -0.07444494
v -0.05297967 -0.05200252 -0.07245342
v -0.05273651 -0.05268300 -0.07198659
v -0.05244276 -0.05345099 -0.07145474
v -0.05074738 -0.05630099 -0.06995670
v -0.05057254 -0.05671260 -0.06954625
v -0.05171403 -0.05435596 -0.07144037
v -0.05078327 -0.05578778 -0.07078814
v -0.05065959 -0.05636573 -0.06998994
v -0.05099448 -0.05408776 -0.07369920
v -0.05094899 -0.05467279 -0.07258239
v -0.05092001 -0.05492795 -0.07213812
v -0.05088308 -0.05520037 -0.07168780
v -0.05088176 -0.05520938 -0.07167330
v -0.05122016 -0.05688014 -0.06828273
v -0.05137637 -0.05681135 -0.06803946
v -0.05176027 -0.05608386 -0.06852811
v -0.05160877 -0.05616067 -0.06877499
v -0.05144319 -0.05622567 -0.06901185
v -0.05104996 -0.05693617 -0.06851633
v -0.05259544 -0.05338014 -0.07126030
v -0.05087043 -0.05697910 -0.06873477
v -0.05311304 -0.05200261 -0.07216072
v -0.05275130 -0.05329431 -0.07103225
v -0.05321110 -0.05200251 -0.07190325
v -0.05289813 -0.05319761 -0.07078634
v -0.05339883 -0.05200266 -0.07127099
v -0.05303201 -0.05309152 -0.07052981
v -0.05343089 -0.05200271 -0.07113367
v -0.05314901 -0.05297749 -0.07026988
v -0.05352885 -0.05200310 -0.07056966
v -0.05324518 -0.05285699 -0.07001378
v -0.05355685 -0.05200285 -0.07024107
v -0.05354149 -0.05200303 -0.07045422
v -0.05356053 -0.05200271 -0.07007761
v -0.05274753 -0.05427254 -0.06876809
v -0.05171411 -0.05653173 -0.06730627
v -0.05132191 -0.05724951 -0.06684534
v -0.05133641 -0.05722725 -0.06679745
v -0.05208594 -0.05578671 -0.06778689
v -0.05267099 -0.05439070 -0.06901178
v -0.05200330 -0.05589646 -0.06802811
v -0.05189327 -0.05599565 -0.06827717
v -0.05123345 -0.05734857 -0.06707989
v -0.05111378 -0.05743705 -0.06732580
v -0.05088572 -0.05754612 -0.06770107
v -0.05097166 -0.05751124 -0.06756940
v -0.05101262 -0.05749227 -0.06750297
v -0.05103578 -0.05748076 -0.06746418
v -0.05074799 -0.05759079 -0.06789451
v -0.05067085 -0.05761083 -0.06799506
v -0.05044479 -0.05765262 -0.06826332
v -0.05045281 -0.05765153 -0.06825442
v -0.05060327 -0.05762584 -0.06807919
v -0.05197946 -0.05484670 -0.07024129
v -0.05214524 -0.05477617 -0.07001632
v -0.05230139 -0.05469450 -0.06977416
v -0.05244381 -0.05460249 -0.06952153
v -0.05126799 -0.05627844 -0.06923275
v -0.05211524 -0.05534729 -0.06902246
v -0.05180746 -0.05550539 -0.06951217
v -0.05163686 -0.05556735 -0.06973524
v -0.05256838 -0.05450096 -0.06926516
v -0.04800788 -0.04157004 -0.10170001
v -0.04836467 -0.04506202 -0.09870300
v -0.04837067 -0.04274735 -0.09863941
v -0.04860463 -0.04619218 -0.09570388
v -0.04860723 -0.04389321 -0.09566058
v -0.04860728 -0.04620885 -0.09565965
v -0.04862062 -0.04398155 -0.09543096
v -0.04872261 -0.04732323 -0.09270265
v -0.04873523 -0.04520776 -0.09224257
v -0.04460649 -0.06287640 -0.06425497
v -0.04469097 -0.06292530 -0.06418922
v -0.04497810 -0.06270086 -0.06437745
v -0.04205725 -0.06431630 -0.06275288
v -0.04212742 -0.06431064 -0.06265230
v -0.04244025 -0.06417738 -0.06289393
v -0.04251088 -0.06417294 -0.06279284
v -0.04259515 -0.06410465 -0.06301118
v -0.04534356 -0.06296100 -0.06332219
v -0.04528491 -0.06299271 -0.06343255
v -0.04466108 -0.06329284 -0.06298126
v -0.04437264 -0.06339161 -0.06347110
v -0.04440787 -0.06338865 -0.06341910
v -0.04471243 -0.06321891 -0.06363806
v -0.05042229 -0.05811406 -0.06762407
v -0.04996011 -0.05870476 -0.06727757
v -0.05011263 -0.05870900 -0.06707688
v -0.05003781 -0.05839816 -0.06764483
v -0.04979607 -0.05868179 -0.06746869
v -0.04987934 -0.05869555 -0.06737445
v -0.04881247 -0.05867885 -0.06793627
v -0.04853671 -0.05889758 -0.06772545
v -0.04872904 -0.05899800 -0.06758611
v -0.04898728 -0.05805859 -0.06864682
v -0.04871052 -0.05826665 -0.06842705
v -0.04889804 -0.05836506 -0.06828942
v -0.05068807 -0.05808083 -0.06721367
v -0.04347157 -0.06315480 -0.06408819
v -0.04331955 -0.06327764 -0.06400068
v -0.04340401 -0.06333791 -0.06394882
v -0.04144978 -0.06447726 -0.06275973
v -0.04146274 -0.06448583 -0.06271308
v -0.04152958 -0.06444685 -0.06279679
v -0.04150371 -0.06450567 -0.06255415
v -0.04151995 -0.06451014 -0.06248574
v -0.04167324 -0.06445002 -0.06260652
v -0.04157623 -0.06450737 -0.06221908
v -0.04160767 -0.06449091 -0.06204550
v -0.04194087 -0.06438357 -0.06219022
v -0.04153591 -0.06451241 -0.06241512
v -0.04155965 -0.06451146 -0.06230302
v -0.04181059 -0.06442889 -0.06240346
v -0.04174276 -0.06444255 -0.06250644
v -0.04138672 -0.06442165 -0.06296548
v -0.04139322 -0.06442840 -0.06294577
v -0.04145567 -0.06443643 -0.06288654
v -0.04160856 -0.06435633 -0.06300210
v -0.04153216 -0.06433462 -0.06308474
v -0.04138356 -0.06441831 -0.06297489
v -0.04145439 -0.06430642 -0.06316296
v -0.04134484 -0.06437303 -0.06308454
v -0.04129490 -0.06422960 -0.06330442
v -0.04126276 -0.06425299 -0.06328221
v -0.04129320 -0.06430118 -0.06321409
v -0.04137526 -0.06427144 -0.06323639
v -0.04132499 -0.06434692 -0.06313650
v -0.04134277 -0.06437040 -0.06309009
v -0.04122578 -0.06418889 -0.06335746
v -0.04144279 -0.06412315 -0.06339929
v -0.04136049 -0.06406932 -0.06345659
v -0.04121911 -0.06417670 -0.06337021
v -0.04127727 -0.06400928 -0.06350789
v -0.04120030 -0.06414131 -0.06340487
v -0.04165274 -0.06383535 -0.06362478
v -0.04164788 -0.06383367 -0.06362594
v -0.04143709 -0.06390240 -0.06358052
v -0.04223762 -0.06363346 -0.06375939
v -0.04206676 -0.06369282 -0.06371962
v -0.04211206 -0.06372726 -0.06369454
v -0.04205032 -0.06369847 -0.06371585
v -0.04196609 -0.06384314 -0.06361020
v -0.04194040 -0.06373597 -0.06369084
v -0.04188242 -0.06378137 -0.06365991
v -0.04166884 -0.06382676 -0.06363052
v -0.04257105 -0.06361819 -0.06376265
v -0.04280034 -0.06356294 -0.06379606
v -0.04286138 -0.06340455 -0.06391496
v -0.04294574 -0.06344823 -0.06388149
v -0.04287194 -0.06340047 -0.06391776
v -0.04316842 -0.06328277 -0.06399898
v -0.04451656 -0.06262981 -0.06446375
v -0.04480477 -0.06258590 -0.06449308
v -0.04503591 -0.06231312 -0.06469844
v -0.04508578 -0.06234722 -0.06467275
v -0.04550545 -0.06198983 -0.06494492
v -0.04582309 -0.06199712 -0.06493431
v -0.04637470 -0.06152058 -0.06531306
v -0.04633945 -0.06131138 -0.06548726
v -0.04746715 -0.06058434 -0.06610194
v -0.04782077 -0.06000508 -0.06663037
v -0.04727039 -0.06045594 -0.06622128
v -0.04784949 -0.05958307 -0.06703831
v -0.04715085 -0.06047893 -0.06620043
v -0.04677342 -0.06088984 -0.06584097
v -0.04857270 -0.05838008 -0.06830113
v -0.04850529 -0.05850843 -0.06815773
v -0.04862172 -0.05857849 -0.06807428
v -0.04846022 -0.05859205 -0.06806551
v -0.04865085 -0.05822589 -0.06847636
v -0.04889530 -0.05801205 -0.06871688
v -0.04875562 -0.05800899 -0.06872869
v -0.04880262 -0.05796176 -0.06878403
v -0.04878468 -0.05794654 -0.06880271
v -0.04903443 -0.05773640 -0.06904440
v -0.04900892 -0.05773303 -0.06905187
v -0.04883956 -0.05782574 -0.06894778
v -0.04888821 -0.05771580 -0.06908337
v -0.04909791 -0.05774404 -0.06902457
v -0.04907923 -0.05775887 -0.06900885
v -0.04923392 -0.05775644 -0.06897654
v -0.04916924 -0.05780081 -0.06893592
v -0.04934822 -0.05776253 -0.06893085
v -0.04925844 -0.05783935 -0.06886043
v -0.04937095 -0.05776329 -0.06892124
v -0.04958919 -0.05776414 -0.06882170
v -0.04985941 -0.05774845 -0.06868412
v -0.04978761 -0.05775499 -0.06872230
v -0.04961015 -0.05796956 -0.06854045
v -0.04960422 -0.05776384 -0.06881445
v -0.04994852 -0.05805771 -0.06819145
v -0.05012678 -0.05770617 -0.06853110
v -0.05011227 -0.05808711 -0.06800783
v -0.05056214 -0.05810558 -0.06742183
v -0.05094691 -0.05789946 -0.06656743
v -0.05088269 -0.05797784 -0.06678512
v -0.04960573 -0.05970833 -0.06553111
v -0.04909577 -0.06025641 -0.06517695
v -0.04855924 -0.06076869 -0.06481178
v -0.04800025 -0.06124204 -0.06443238
v -0.04742214 -0.06167538 -0.06403755
v -0.04539924 -0.06292332 -0.06321058
v -0.04477249 -0.06321119 -0.06275478
v -0.04460224 -0.06332709 -0.06309316
v -0.04315406 -0.06393932 -0.06248835
v -0.04309209 -0.06397098 -0.06260098
v -0.04238861 -0.06422145 -0.06222125
v -0.04270994 -0.06411518 -0.06246911
v -0.04801819 -0.06012277 -0.06650136
v -0.04837326 -0.05955356 -0.06703830
v -0.04817695 -0.05944269 -0.06717145
v -0.04801403 -0.05933940 -0.06728047
v -0.04804638 -0.05928970 -0.06733067
v -0.04856769 -0.05965316 -0.06689549
v -0.04864758 -0.05932296 -0.06723943
v -0.04835111 -0.05878795 -0.06785318
v -0.04842798 -0.05865087 -0.06800120
v -0.04943503 -0.05790858 -0.06870352
v -0.04916954 -0.05814243 -0.06849950
v -0.04935038 -0.05821639 -0.06834439
v -0.04908412 -0.05845243 -0.06814291
v -0.04926722 -0.05852748 -0.06798704
v -0.04900055 -0.05876693 -0.06778875
v -0.04918580 -0.05884288 -0.06763194
v -0.04891888 -0.05908661 -0.06743752
v -0.04910629 -0.05916305 -0.06727916
v -0.04883900 -0.05941140 -0.06708887
v -0.04902709 -0.05948485 -0.06692564
v -0.04987198 -0.05836890 -0.06783003
v -0.04978139 -0.05801918 -0.06836956
v -0.04952784 -0.05827840 -0.06818058
v -0.04970159 -0.05832879 -0.06800868
v -0.04944707 -0.05859051 -0.06782232
v -0.04962380 -0.05864231 -0.06764963
v -0.04936827 -0.05890694 -0.06746609
v -0.04954656 -0.05895745 -0.06729031
v -0.04766249 -0.06070157 -0.06597074
v -0.04821359 -0.06022663 -0.06635871
v -0.04811624 -0.06017691 -0.06643223
v -0.04875924 -0.05973769 -0.06673918
v -0.04866397 -0.05969766 -0.06681933
v -0.04919886 -0.05984544 -0.06627468
v -0.04911809 -0.05983758 -0.06637476
v -0.04858368 -0.06036053 -0.06601262
v -0.04849562 -0.06033826 -0.06610629
v -0.04794665 -0.06083252 -0.06573170
v -0.04785417 -0.06079648 -0.06581720
v -0.04674584 -0.06174171 -0.06504512
v -0.04952015 -0.05977897 -0.06574673
v -0.04900384 -0.06032525 -0.06539231
v -0.04846328 -0.06083791 -0.06502739
v -0.04790308 -0.06131472 -0.06464898
v -0.04732575 -0.06175466 -0.06425613
v -0.04673140 -0.06215651 -0.06384945
v -0.04937748 -0.05956606 -0.06655266
v -0.04920817 -0.05953770 -0.06674644
v -0.04903305 -0.05982262 -0.06647176
v -0.04894444 -0.05980074 -0.06656515
v -0.04840405 -0.06030815 -0.06619553
v -0.04928991 -0.05922502 -0.06710935
v -0.04946601 -0.05926754 -0.06692547
v -0.04963025 -0.05928744 -0.06672877
v -0.04970646 -0.05928842 -0.06662662
v -0.04971691 -0.05898990 -0.06710242
v -0.04987550 -0.05900168 -0.06690340
v -0.05018337 -0.05870374 -0.06697362
v -0.05024971 -0.05869340 -0.06686883
v -0.05034818 -0.05811255 -0.06772261
v -0.05027156 -0.05810729 -0.06781930
v -0.05002716 -0.05775028 -0.06855492
v -0.05079605 -0.05803850 -0.06700096
v -0.05031111 -0.05867789 -0.06676278
v -0.04977794 -0.05928329 -0.06652251
v -0.04411156 -0.06347515 -0.06351309
v -0.04399580 -0.06356000 -0.06335294
v -0.04429984 -0.06339053 -0.06357203
v -0.04395976 -0.06356044 -0.06340386
v -0.04380695 -0.06364220 -0.06329290
v -0.04365314 -0.06372038 -0.06318018
v -0.04391188 -0.06363010 -0.06274036
v -0.04454063 -0.06335521 -0.06320380
v -0.04447589 -0.06337605 -0.06331268
v -0.04385103 -0.06366245 -0.06285289
v -0.04416509 -0.06352536 -0.06308530
v -0.04460002 -0.06320772 -0.06378473
v -0.04441224 -0.06329434 -0.06372648
v -0.04426239 -0.06338641 -0.06362061
v -0.04552125 -0.06260886 -0.06434947
v -0.04518934 -0.06280643 -0.06419300
v -0.04523039 -0.06282094 -0.06415018
v -0.04489645 -0.06301259 -0.06399149
v -0.04493612 -0.06302310 -0.06394631
v -0.04463824 -0.06321392 -0.06373715
v -0.04433661 -0.06339225 -0.06352213
v -0.04403115 -0.06355729 -0.06330095
v -0.04372182 -0.06370863 -0.06307353
v -0.04467574 -0.06321765 -0.06368820
v -0.04497509 -0.06303110 -0.06389956
v -0.04527080 -0.06283294 -0.06410560
v -0.04556300 -0.06262442 -0.06430694
v -0.04508696 -0.06303981 -0.06375156
v -0.04478322 -0.06321419 -0.06353479
v -0.04485042 -0.06320027 -0.06342837
v -0.04501326 -0.06303655 -0.06385142
v -0.04531043 -0.06284235 -0.06405947
v -0.04560404 -0.06263743 -0.06426272
v -0.04547890 -0.06259085 -0.06439014
v -0.04580890 -0.06238851 -0.06454513
v -0.04572148 -0.06234452 -0.06462070
v -0.04600410 -0.06211336 -0.06481097
v -0.04591382 -0.06205785 -0.06487578
v -0.04656179 -0.06164309 -0.06519200
v -0.04885294 -0.05977228 -0.06665444
v -0.04830977 -0.06027071 -0.06627982
v -0.04775914 -0.06075251 -0.06589703
v -0.04665461 -0.06169633 -0.06512215
v -0.04609356 -0.06216170 -0.06473827
v -0.04589421 -0.06242316 -0.06446189
v -0.04505057 -0.06303944 -0.06380203
v -0.04534921 -0.06284916 -0.06401192
v -0.04564422 -0.06264781 -0.06421696
v -0.04597631 -0.06244751 -0.06437214
v -0.04626564 -0.06223072 -0.06457085
v -0.04618112 -0.06220119 -0.06465790
v -0.04655160 -0.06200686 -0.06476691
v -0.04683437 -0.06177795 -0.06496151
v -0.04803570 -0.06085996 -0.06564105
v -0.04866750 -0.06037469 -0.06591512
v -0.04927475 -0.05984608 -0.06617206
v -0.04984415 -0.05927202 -0.06641687
v -0.05036709 -0.05865715 -0.06665578
v -0.04538704 -0.06285333 -0.06396313
v -0.04568348 -0.06265552 -0.06416981
v -0.04515683 -0.06303313 -0.06364789
v -0.04491405 -0.06317794 -0.06331964
v -0.04522277 -0.06301712 -0.06354131
v -0.05053236 -0.05852417 -0.06622297
v -0.05046155 -0.05860027 -0.06643994
v -0.05041731 -0.05863124 -0.06654809
v -0.04995904 -0.05923142 -0.06620260
v -0.04990463 -0.05925468 -0.06631011
v -0.04940975 -0.05982602 -0.06596138
v -0.04934520 -0.05983957 -0.06606746
v -0.04881986 -0.06037835 -0.06571121
v -0.04874641 -0.06038061 -0.06581444
v -0.04820054 -0.06088772 -0.06544698
v -0.04812055 -0.06087841 -0.06554592
v -0.04699983 -0.06182026 -0.06477745
v -0.04691928 -0.06180426 -0.06487203
v -0.04671299 -0.06204268 -0.06458026
v -0.04663451 -0.06203007 -0.06467608
v -0.04642243 -0.06225786 -0.06438051
v -0.04634628 -0.06224966 -0.06447807
v -0.04612809 -0.06246402 -0.06417730
v -0.04605443 -0.06246113 -0.06427694
v -0.04582997 -0.06265984 -0.06396998
v -0.04575891 -0.06266293 -0.06407189
v -0.04552815 -0.06284438 -0.06375806
v -0.04545970 -0.06285387 -0.06386233
v -0.04827512 -0.06088796 -0.06534497
v -0.04707551 -0.06182590 -0.06467859
v -0.04714599 -0.06182149 -0.06457628
v -0.04678660 -0.06204481 -0.06448030
v -0.04656013 -0.06224333 -0.06417454
v -0.04649376 -0.06225556 -0.06427906
v -0.04626126 -0.06243958 -0.06396819
v -0.04619703 -0.06245660 -0.06407412
v -0.04595868 -0.06262480 -0.06375750
v -0.04589652 -0.06264684 -0.06386493
v -0.04559240 -0.06282561 -0.06365113
v -0.04888740 -0.06036811 -0.06560606
v -0.04946812 -0.05980569 -0.06585434
v -0.05000724 -0.05920248 -0.06609467
v -0.05008537 -0.05912907 -0.06587845
v -0.04894876 -0.06035025 -0.06549958
v -0.04834389 -0.06087940 -0.06524059
v -0.04840662 -0.06086252 -0.06513453
v -0.04778450 -0.06135929 -0.06486249
v -0.04784663 -0.06134099 -0.06475637
v -0.04721112 -0.06180758 -0.06447129
v -0.04727096 -0.06178498 -0.06436437
v -0.04662164 -0.06222201 -0.06406770
v -0.04667858 -0.06219266 -0.06395917
v -0.04601677 -0.06259485 -0.06364829
v -0.04612288 -0.06251648 -0.06342619
v -0.04173653 -0.06389862 -0.06357663
v -0.04181944 -0.06395590 -0.06352261
v -0.04160213 -0.06445141 -0.06270339
v -0.04168367 -0.06437188 -0.06291519
v -0.04190135 -0.06400687 -0.06346285
v -0.04204882 -0.06389891 -0.06355485
v -0.04219558 -0.06378747 -0.06364334
v -0.04234162 -0.06367292 -0.06372877
v -0.04247171 -0.06355003 -0.06381571
v -0.04248697 -0.06355572 -0.06381164
v -0.04255097 -0.06352115 -0.06383530
v -0.04122562 -0.06397025 -0.06353616
v -0.04139605 -0.06391564 -0.06357181
v -0.04150692 -0.06395394 -0.06354251
v -0.04158999 -0.06401268 -0.06348991
v -0.04152406 -0.06417041 -0.06333601
v -0.04167211 -0.06406511 -0.06343134
v -0.04160417 -0.06421090 -0.06326710
v -0.04175314 -0.06411096 -0.06336702
v -0.04168298 -0.06424461 -0.06319305
v -0.04183296 -0.06415009 -0.06329732
v -0.04176050 -0.06427173 -0.06311415
v -0.04191154 -0.06418261 -0.06322245
v -0.04183677 -0.06429252 -0.06303052
v -0.04198893 -0.06420871 -0.06314245
v -0.04242494 -0.06373144 -0.06367611
v -0.04227809 -0.06384162 -0.06358668
v -0.04213049 -0.06394833 -0.06349395
v -0.04198212 -0.06405126 -0.06339758
v -0.04206171 -0.06408907 -0.06332689
v -0.04221104 -0.06399130 -0.06342752
v -0.04235955 -0.06388950 -0.06352446
v -0.04250726 -0.06378395 -0.06361797
v -0.04265419 -0.06367498 -0.06370837
v -0.04326656 -0.06324227 -0.06402712
v -0.04302955 -0.06350712 -0.06382878
v -0.04288338 -0.06361803 -0.06373989
v -0.04273640 -0.06372587 -0.06364845
v -0.04258861 -0.06383033 -0.06355409
v -0.04243998 -0.06393108 -0.06345650
v -0.04229051 -0.06402786 -0.06335545
v -0.04214016 -0.06412046 -0.06325078
v -0.04213981 -0.06424131 -0.06296753
v -0.04198530 -0.06431502 -0.06284966
v -0.04206506 -0.06422835 -0.06305742
v -0.04191175 -0.06430701 -0.06294229
v -0.04219566 -0.06429797 -0.06254832
v -0.04257939 -0.06416079 -0.06268787
v -0.04302805 -0.06399719 -0.06271227
v -0.04264573 -0.06414128 -0.06257970
v -0.04226189 -0.06427844 -0.06244143
v -0.04274902 -0.06402773 -0.06312580
v -0.04282208 -0.06403235 -0.06302901
v -0.04289303 -0.06402864 -0.06292731
v -0.04296171 -0.06401674 -0.06282142
v -0.04229331 -0.06416328 -0.06308249
v -0.04236767 -0.06417409 -0.06299061
v -0.04244585 -0.06408091 -0.06319430
v -0.04252136 -0.06409664 -0.06310539
v -0.04259741 -0.06399422 -0.06330288
v -0.04267405 -0.06401490 -0.06321721
v -0.04274803 -0.06390332 -0.06340821
v -0.04282576 -0.06392894 -0.06332600
v -0.04289771 -0.06380836 -0.06351037
v -0.04297649 -0.06383883 -0.06343178
v -0.04304649 -0.06370953 -0.06360951
v -0.04312626 -0.06374475 -0.06353465
v -0.04319438 -0.06360710 -0.06370585
v -0.04327510 -0.06364687 -0.06363473
v -0.04334139 -0.06350132 -0.06379966
v -0.04221741 -0.06414529 -0.06316927
v -0.04236883 -0.06405784 -0.06327770
v -0.04251932 -0.06396613 -0.06338266
v -0.04266891 -0.06387027 -0.06348422
v -0.04281762 -0.06377051 -0.06358253
v -0.04296547 -0.06366708 -0.06367783
v -0.04311247 -0.06356028 -0.06377041
v -0.04325865 -0.06345045 -0.06386060
v -0.04371621 -0.06333295 -0.06392054
v -0.04377740 -0.06316718 -0.06406932
v -0.04357005 -0.06344069 -0.06382741
v -0.04348755 -0.06339252 -0.06389128
v -0.04342302 -0.06354542 -0.06373224
v -0.04406408 -0.06293383 -0.06424307
v -0.04369235 -0.06310625 -0.06412102
v -0.04327378 -0.06387766 -0.06305606
v -0.04320260 -0.06388097 -0.06315837
v -0.04304833 -0.06395677 -0.06304394
v -0.04312917 -0.06387553 -0.06325550
v -0.04297614 -0.06395598 -0.06314351
v -0.04305372 -0.06386138 -0.06334677
v -0.04290187 -0.06394663 -0.06323768
v -0.04334253 -0.06386588 -0.06294953
v -0.04409962 -0.06354535 -0.06319442
v -0.04378776 -0.06368899 -0.06296416
v -0.04340874 -0.06384633 -0.06284005
v -0.04342830 -0.06380246 -0.06317049
v -0.04335584 -0.06380121 -0.06327056
v -0.04328118 -0.06379104 -0.06336498
v -0.04320458 -0.06377210 -0.06345311
v -0.04386152 -0.06322251 -0.06401195
v -0.04414970 -0.06299485 -0.06419092
v -0.04429422 -0.06275347 -0.06437383
v -0.04364869 -0.06307565 -0.06414380
v -0.04349807 -0.06314318 -0.06409632
v -0.04335445 -0.06367891 -0.06355678
v -0.04343218 -0.06370264 -0.06347197
v -0.04350336 -0.06358202 -0.06365792
v -0.04358219 -0.06361043 -0.06357654
v -0.04365134 -0.06348163 -0.06375670
v -0.04373122 -0.06351461 -0.06367883
v -0.04379841 -0.06337799 -0.06385335
v -0.04387930 -0.06341536 -0.06377900
v -0.04394459 -0.06327137 -0.06394811
v -0.04402646 -0.06331292 -0.06387720
v -0.04408992 -0.06316207 -0.06404126
v -0.04417273 -0.06320753 -0.06397367
v -0.04350806 -0.06371758 -0.06338049
v -0.04365925 -0.06363014 -0.06348822
v -0.04380945 -0.06353901 -0.06359378
v -0.04395866 -0.06344435 -0.06369730
v -0.04410692 -0.06334636 -0.06379889
v -0.04425425 -0.06324521 -0.06389870
v -0.04436808 -0.06271314 -0.06440305
v -0.04443480 -0.06276035 -0.06436712
v -0.04452106 -0.06282106 -0.06431393
v -0.04423442 -0.06305037 -0.06413308
v -0.04431813 -0.06309946 -0.06406862
v -0.04358180 -0.06372348 -0.06328293
v -0.04373427 -0.06364077 -0.06339338
v -0.04388574 -0.06355437 -0.06350188
v -0.04403620 -0.06346441 -0.06360846
v -0.04418568 -0.06337102 -0.06371320
v -0.04433420 -0.06327436 -0.06381620
v -0.04448180 -0.06317462 -0.06391757
v -0.04456114 -0.06319907 -0.06383076
v -0.04462849 -0.06307200 -0.06401744
v -0.04470912 -0.06310077 -0.06393354
v -0.04440067 -0.06314116 -0.06399690
v -0.04454624 -0.06303444 -0.06409367
v -0.04446271 -0.06298899 -0.06416231
v -0.04485620 -0.06299961 -0.06403491
v -0.04514777 -0.06278954 -0.06423391
v -0.04481547 -0.06298429 -0.06407642
v -0.04510581 -0.06277037 -0.06427276
v -0.04477432 -0.06296671 -0.06411597
v -0.04506351 -0.06274910 -0.06430960
v -0.04489180 -0.06264605 -0.06443825
v -0.04526233 -0.06246998 -0.06456330
v -0.04563301 -0.06229268 -0.06468806
v -0.04534965 -0.06252375 -0.06449982
v -0.04543611 -0.06257055 -0.06442878
v -0.03534770 -0.06546787 -0.06255762
v -0.03300891 -0.06590847 -0.06226989
v -0.03303816 -0.06601464 -0.06218605
v -0.03566969 -0.06601447 -0.06133303
v -0.03803269 -0.06549715 -0.06166999
v -0.03798086 -0.06548130 -0.06192453
v -0.03105918 -0.06678025 -0.06116446
v -0.03105635 -0.06680553 -0.06103220
v -0.03324661 -0.06644063 -0.06129822
v -0.03103394 -0.06682467 -0.06091250
v -0.03098877 -0.06684222 -0.06078500
v -0.03328670 -0.06646394 -0.06104233
v -0.03941323 -0.06451402 -0.06318092
v -0.03766958 -0.06496552 -0.06288566
v -0.03770865 -0.06507152 -0.06280214
v -0.03054821 -0.06640971 -0.06192960
v -0.03052150 -0.06643032 -0.06191223
v -0.03070228 -0.06653078 -0.06179511
v -0.03306921 -0.06611244 -0.06208680
v -0.03074137 -0.06625254 -0.06204577
v -0.03066023 -0.06632032 -0.06199898
v -0.03774980 -0.06516860 -0.06270374
v -0.03779147 -0.06525313 -0.06259315
v -0.03783441 -0.06532681 -0.06246715
v -0.03787930 -0.06539001 -0.06232127
v -0.03793098 -0.06544562 -0.06213268
v -0.03980944 -0.06503972 -0.06196581
v -0.03091722 -0.06685845 -0.06065223
v -0.03081064 -0.06687461 -0.06050995
v -0.03083144 -0.06660460 -0.06167697
v -0.03310087 -0.06619824 -0.06197490
v -0.03092420 -0.06666113 -0.06155912
v -0.03313369 -0.06627387 -0.06184721
v -0.03099377 -0.06670911 -0.06143162
v -0.03316818 -0.06633981 -0.06169935
v -0.03103842 -0.06674839 -0.06129938
v -0.03320803 -0.06639960 -0.06150841
v -0.03557872 -0.06595533 -0.06179853
v -0.03562336 -0.06599416 -0.06158888
v -0.04983364 -0.05715234 -0.06955877
v -0.05052381 -0.05643188 -0.07007262
v -0.04934567 -0.05644519 -0.07079231
v -0.04932927 -0.05650042 -0.07071061
v -0.04947260 -0.05660661 -0.07053702
v -0.04902063 -0.05739196 -0.06948680
v -0.04956765 -0.05554932 -0.07223408
v -0.04996970 -0.05394672 -0.07560638
v -0.04970251 -0.05468890 -0.07388702
v -0.04988349 -0.05469779 -0.07384221
v -0.05006472 -0.05467405 -0.07381649
v -0.05010060 -0.05392189 -0.07559869
v -0.05022464 -0.05388742 -0.07558838
v -0.05024217 -0.05463270 -0.07378079
v -0.05023128 -0.05388527 -0.07558774
v -0.05041348 -0.05457438 -0.07373651
v -0.05034799 -0.05384216 -0.07557482
v -0.05029310 -0.05386369 -0.07558129
v -0.05068064 -0.05365708 -0.07551675
v -0.05061895 -0.05369941 -0.07553046
v -0.05057625 -0.05449970 -0.07368509
v -0.05057099 -0.05372954 -0.07554006
v -0.05046698 -0.05378736 -0.07555811
v -0.05085770 -0.05350831 -0.07546646
v -0.05077639 -0.05358228 -0.07549188
v -0.05075413 -0.05398126 -0.07455363
v -0.05090709 -0.05345756 -0.07544854
v -0.05082445 -0.05477990 -0.07265193
v -0.05086669 -0.05430380 -0.07356652
v -0.05088847 -0.05386693 -0.07450165
v -0.05089493 -0.05347051 -0.07545315
v -0.05075664 -0.05529407 -0.07176200
v -0.05065813 -0.05584512 -0.07090086
v -0.05018806 -0.05709679 -0.06937453
v -0.05019790 -0.05653636 -0.07025197
v -0.04964859 -0.05716469 -0.06964225
v -0.04965271 -0.05660627 -0.07048410
v -0.04946422 -0.05716703 -0.06971487
v -0.04969470 -0.05475661 -0.07374442
v -0.04973843 -0.05558792 -0.07214507
v -0.04991963 -0.05557467 -0.07210471
v -0.05010048 -0.05554685 -0.07205120
v -0.05027780 -0.05550469 -0.07198738
v -0.05044840 -0.05544837 -0.07191603
v -0.05072812 -0.05440930 -0.07362795
v -0.05068143 -0.05487527 -0.07272210
v -0.05060907 -0.05537809 -0.07183997
v -0.05034855 -0.05705317 -0.06928140
v -0.05036738 -0.05648994 -0.07016232
v -0.05050606 -0.05591668 -0.07098542
v -0.05076446 -0.05359227 -0.07549525
v -0.04983640 -0.05659448 -0.07041652
v -0.05001952 -0.05657119 -0.07033792
v -0.05000326 -0.05153231 -0.08204214
v -0.04991398 -0.05153972 -0.08204514
v -0.04991884 -0.05201720 -0.08077655
v -0.05088613 -0.05149306 -0.08058067
v -0.05090766 -0.05321005 -0.07607732
v -0.05084700 -0.05327761 -0.07610346
v -0.05078176 -0.05334108 -0.07612788
v -0.05068156 -0.05342366 -0.07615942
v -0.05023395 -0.05341537 -0.07690540
v -0.05009709 -0.05368534 -0.07625542
v -0.04992295 -0.05371032 -0.07626314
v -0.04991571 -0.05106303 -0.08329333
v -0.04986421 -0.05106859 -0.08329447
v -0.05009164 -0.05151978 -0.08203729
v -0.05009213 -0.05102991 -0.08328413
v -0.05000095 -0.05104980 -0.08328993
v -0.05035602 -0.05192994 -0.08074430
v -0.05030765 -0.05095737 -0.08326083
v -0.05022841 -0.05148841 -0.08202539
v -0.05021594 -0.05099285 -0.08327248
v -0.05058273 -0.05180832 -0.08069891
v -0.05047303 -0.05087374 -0.08323244
v -0.05047314 -0.05187584 -0.08072414
v -0.05042942 -0.05089847 -0.08324093
v -0.05033151 -0.05094694 -0.08325735
v -0.05088871 -0.05049141 -0.08309650
v -0.05080524 -0.05059826 -0.08313507
v -0.05083229 -0.05156679 -0.08060836
v -0.05071568 -0.05069149 -0.08316843
v -0.05077388 -0.05163714 -0.08063477
v -0.05065190 -0.05074796 -0.08318847
v -0.05068187 -0.05172952 -0.08066940
v -0.05057960 -0.05080398 -0.08320819
v -0.05054890 -0.05082553 -0.08321572
v -0.05090438 -0.05295633 -0.07673223
v -0.05084646 -0.05302724 -0.07675947
v -0.05078408 -0.05309450 -0.07678522
v -0.05068718 -0.05318245 -0.07681870
v -0.05058475 -0.05325757 -0.07684708
v -0.05047346 -0.05332243 -0.07687135
v -0.05035583 -0.05337508 -0.07689080
v -0.04992063 -0.05346531 -0.07692224
v -0.05009662 -0.05199945 -0.08077009
v -0.05023386 -0.05197028 -0.08075930
v -0.05009745 -0.05344569 -0.07691603
v -0.05042510 -0.04739128 -0.09170263
v -0.05047800 -0.04732159 -0.09168253
v -0.05015583 -0.04570572 -0.09595586
v -0.05058539 -0.04907274 -0.08744534
v -0.05052599 -0.04724866 -0.09165985
v -0.04742458 -0.03928627 -0.11287707
v -0.04980293 -0.04946677 -0.08753905
v -0.04828082 -0.04310355 -0.10446538
v -0.04751391 -0.04152970 -0.10865451
v -0.04587672 -0.03920354 -0.11484633
v -0.04604661 -0.03915041 -0.11488786
v -0.04620908 -0.03907603 -0.11492119
v -0.04663090 -0.03874218 -0.11496090
v -0.04674263 -0.03859958 -0.11495038
v -0.04839085 -0.04091100 -0.10870119
v -0.04843830 -0.04083322 -0.10868559
v -0.04914702 -0.04248576 -0.10447041
v -0.04971969 -0.04408996 -0.10021904
v -0.04885890 -0.04468798 -0.10025015
v -0.04903181 -0.04464042 -0.10026411
v -0.04845499 -0.04305307 -0.10448624
v -0.04919584 -0.04456834 -0.10027258
v -0.04862008 -0.04297782 -0.10450162
v -0.04934882 -0.04447452 -0.10027392
v -0.04877395 -0.04288064 -0.10450962
v -0.04699517 -0.03974995 -0.11289133
v -0.04684081 -0.03984484 -0.11286937
v -0.04667638 -0.03991945 -0.11283889
v -0.04650408 -0.03997184 -0.11280151
v -0.04768908 -0.04147810 -0.10868330
v -0.04785568 -0.04140265 -0.10870631
v -0.04801143 -0.04130578 -0.10872156
v -0.04737598 -0.03936309 -0.11288945
v -0.04961292 -0.04423257 -0.10024878
v -0.04903955 -0.04263178 -0.10449592
v -0.04833842 -0.04098587 -0.10871290
v -0.04828129 -0.04105752 -0.10872097
v -0.04732268 -0.03943679 -0.11289802
v -0.04726494 -0.03950712 -0.11290302
v -0.04650333 -0.03887024 -0.11495881
v -0.05045386 -0.04918984 -0.08747932
v -0.05004811 -0.04584447 -0.09598938
v -0.05036757 -0.04745746 -0.09172028
v -0.04948857 -0.04436168 -0.10026653
v -0.04891448 -0.04276434 -0.10450836
v -0.04815405 -0.04118992 -0.10872710
v -0.04713728 -0.03963672 -0.11290310
v -0.04636202 -0.03898208 -0.11494520
v -0.04992281 -0.04596909 -0.09601218
v -0.04997993 -0.04942942 -0.08753502
v -0.05014891 -0.04936976 -0.08752390
v -0.05030763 -0.04928937 -0.08750542
v -0.04929134 -0.04627796 -0.09602102
v -0.04960041 -0.04787132 -0.09178280
v -0.04946418 -0.04623401 -0.09602868
v -0.04977488 -0.04783070 -0.09178447
v -0.04962856 -0.04616627 -0.09603059
v -0.04994112 -0.04776698 -0.09177984
v -0.04978219 -0.04607717 -0.09602550
v -0.05009684 -0.04768219 -0.09176814
v -0.05023975 -0.04757834 -0.09174854
v -0.05604447 -0.04083930 -0.07856423
v -0.05525294 -0.04493978 -0.07585265
v -0.05540933 -0.04462314 -0.07533430
v -0.05390075 -0.04941177 -0.07393048
v -0.05403761 -0.04929207 -0.07369006
v -0.05456762 -0.04726922 -0.07502026
v -0.05505138 -0.04524302 -0.07636477
v -0.05548375 -0.04321877 -0.07773046
v -0.05586088 -0.04119943 -0.07912087
v -0.05616464 -0.04052936 -0.07809381
v -0.05445871 -0.04874234 -0.07266831
v -0.05410063 -0.04922977 -0.07356825
v -0.05427627 -0.04902729 -0.07318387
v -0.05431003 -0.04898221 -0.07310040
v -0.05444461 -0.04876941 -0.07271603
v -0.05656414 -0.03564252 -0.08412711
v -0.05598496 -0.03005389 -0.09842436
v -0.05608634 -0.03979981 -0.08012472
v -0.05629383 -0.03829941 -0.08132552
v -0.05609806 -0.02980641 -0.09830101
v -0.05540946 -0.02731429 -0.10551827
v -0.05528524 -0.02757664 -0.10559773
v -0.05575862 -0.02628024 -0.10520075
v -0.05561850 -0.02676636 -0.10535150
v -0.05645781 -0.02874476 -0.09768098
v -0.05630217 -0.02928129 -0.09799405
v -0.05672206 -0.03181731 -0.09062734
v -0.05684136 -0.03482972 -0.08316675
v -0.05690284 -0.03373498 -0.08479602
v -0.05692199 -0.03281651 -0.08653034
v -0.05690451 -0.03203242 -0.08833966
v -0.05685615 -0.03134075 -0.09019398
v -0.05673366 -0.03611234 -0.08168140
v -0.05638264 -0.03907757 -0.07911173
v -0.05658034 -0.03754223 -0.08033790
v -0.05654430 -0.03228350 -0.09105587
v -0.05660729 -0.03293934 -0.08924785
v -0.05677672 -0.03249075 -0.08879641
v -0.05679822 -0.03325773 -0.08700298
v -0.05678111 -0.03415997 -0.08527719
v -0.05671997 -0.03523913 -0.08364935
v -0.05661079 -0.03650799 -0.08216719
v -0.05645440 -0.03792432 -0.08083318
v -0.05625262 -0.03944268 -0.07961982
v -0.05645411 -0.03689759 -0.08264952
v -0.05662289 -0.03457783 -0.08575235
v -0.05663538 -0.03369044 -0.08746967
v -0.05406406 -0.05031592 -0.07116673
v -0.05398905 -0.05049532 -0.07148579
v -0.05381854 -0.05074145 -0.07196145
v -0.05367960 -0.05088985 -0.07226606
v -0.05324956 -0.05188479 -0.07198441
v -0.05352418 -0.05102667 -0.07255828
v -0.05338234 -0.05113138 -0.07279000
v -0.04681098 -0.03179447 -0.02824201
v -0.04703556 -0.02906522 -0.02824201
v -0.04719280 -0.02675149 -0.02824201
v -0.04731125 -0.02467520 -0.02824201
v -0.04746440 -0.02131239 -0.02824201
v -0.04765115 -0.01516813 -0.02824200
v -0.04768751 -0.01341303 -0.02824200
v -0.04773087 -0.01069069 -0.02824197
v -0.04777453 -0.00533479 -0.02824198
v -0.04777807 -0.00247726 -0.02824196
v -0.04686132 -0.02905002 -0.02812753
v -0.04611796 -0.02125121 -0.02776765
v -0.04636243 -0.02126599 -0.02779548
v -0.04671391 -0.02129262 -0.02787940
v -0.04618732 -0.03603649 -0.02812789
v -0.04591672 -0.03600263 -0.02799227
v -0.04561483 -0.03596466 -0.02788109
v -0.04526370 -0.03592068 -0.02779609
v -0.04502171 -0.03589076 -0.02776772
v -0.04767580 -0.01068992 -0.02820279
v -0.04755779 -0.01068727 -0.02812856
v -0.04728660 -0.02133680 -0.02812631
v -0.04701529 -0.02131689 -0.02799007
v -0.04714794 -0.01067319 -0.02793726
v -0.04739075 -0.01068211 -0.02804022
v -0.04569326 -0.02893166 -0.02776770
v -0.04593626 -0.02895378 -0.02779595
v -0.04628800 -0.02899008 -0.02788070
v -0.04659019 -0.02902246 -0.02799177
v -0.04747510 -0.00804409 -0.02806283
v -0.04766144 -0.00533656 -0.02816257
v -0.04757316 -0.05852907 -0.06813502
v -0.04753399 -0.05859533 -0.06806204
v -0.04559642 -0.06088292 -0.06585248
v -0.04558477 -0.06089323 -0.06584358
v -0.04525101 -0.06118852 -0.06558863
v -0.04468516 -0.06160159 -0.06525104
v -0.04432043 -0.06183706 -0.06506428
v -0.04364902 -0.06221656 -0.06477152
v -0.04327961 -0.06239839 -0.06463470
v -0.04251913 -0.06271757 -0.06439970
v -0.04215308 -0.06284684 -0.06430636
v -0.04130461 -0.06309152 -0.06413244
v -0.04097498 -0.06316726 -0.06407932
v -0.04003710 -0.06332599 -0.06396911
v -0.03975356 -0.06335775 -0.06394722
v -0.04734736 -0.05889523 -0.06773884
v -0.04704098 -0.05933884 -0.06728090
v -0.04676582 -0.05969553 -0.06692877
v -0.04636838 -0.06013570 -0.06651912
v -0.04607994 -0.06045513 -0.06622183
v -0.04848491 -0.05644635 -0.07079116
v -0.04827051 -0.05707217 -0.06990814
v -0.04786139 -0.05799958 -0.06874022
v -0.04885764 -0.05462878 -0.07401751
v -0.04884149 -0.05475703 -0.07374462
v -0.04873976 -0.05539778 -0.07250185
v -0.04855296 -0.05621241 -0.07114501
v -0.04499677 -0.03615163 -0.11578594
v -0.04391896 -0.03508496 -0.11855888
v -0.04270289 -0.03405806 -0.12122845
v -0.04135725 -0.03307610 -0.12378118
v -0.03997055 -0.03218945 -0.12608616
v -0.04476586 -0.03664905 -0.11449281
v -0.04454855 -0.03680828 -0.11500420
v -0.04891871 -0.04863975 -0.08976546
v -0.04888820 -0.04863289 -0.08976288
v -0.04876752 -0.04637692 -0.09578315
v -0.04875246 -0.04848413 -0.08970696
v -0.04860507 -0.04620919 -0.09571030
v -0.04836487 -0.04507916 -0.09870946
v -0.04875979 -0.04851269 -0.08971770
v -0.04872571 -0.04735756 -0.09271520
v -0.04872330 -0.04734018 -0.09270881
v -0.04878820 -0.04856488 -0.08973732
v -0.04874446 -0.04740984 -0.09273477
v -0.04877180 -0.04853984 -0.08972790
v -0.04873622 -0.04739266 -0.09272826
v -0.04872998 -0.04737514 -0.09272171
v -0.04883244 -0.04860630 -0.08975288
v -0.04878064 -0.04745641 -0.09275287
v -0.04880858 -0.04858722 -0.08974572
v -0.04876679 -0.04744200 -0.09274718
v -0.04875467 -0.04742638 -0.09274111
v -0.04884865 -0.04749789 -0.09277020
v -0.04883034 -0.04749023 -0.09276681
v -0.04885920 -0.04862165 -0.08975866
v -0.04881270 -0.04748069 -0.09276275
v -0.04879604 -0.04746937 -0.09275809
v -0.04860726 -0.04622664 -0.09571699
v -0.04836683 -0.04509674 -0.09871628
v -0.04861134 -0.04624430 -0.09572387
v -0.04837070 -0.04511454 -0.09872337
v -0.04861741 -0.04626191 -0.09573086
v -0.04837660 -0.04513229 -0.09873064
v -0.04862552 -0.04627919 -0.09573784
v -0.04838457 -0.04514969 -0.09873798
v -0.04863565 -0.04629582 -0.09574471
v -0.04839460 -0.04516644 -0.09874528
v -0.04864772 -0.04631152 -0.09575134
v -0.04840660 -0.04518222 -0.09875241
v -0.04866158 -0.04632599 -0.09575761
v -0.04842044 -0.04519675 -0.09875925
v -0.04867700 -0.04633898 -0.09576342
v -0.04843588 -0.04520976 -0.09876568
v -0.04869374 -0.04635030 -0.09576869
v -0.04845266 -0.04522106 -0.09877159
v -0.04871148 -0.04635980 -0.09577333
v -0.04847047 -0.04523049 -0.09877691
v -0.04872990 -0.04636740 -0.09577730
v -0.04848897 -0.04523799 -0.09878156
v -0.04874868 -0.04637310 -0.09578058
v -0.04850785 -0.04524354 -0.09878551
v -0.04875246 -0.05116029 -0.08258684
v -0.04875709 -0.05118040 -0.08259439
v -0.04875979 -0.05118886 -0.08259758
v -0.04876903 -0.05121072 -0.08260579
v -0.04877180 -0.05121600 -0.08260778
v -0.04878637 -0.05123865 -0.08261629
v -0.04878820 -0.05124105 -0.08261719
v -0.04880858 -0.05126338 -0.08262558
v -0.04883244 -0.05128246 -0.08263276
v -0.04883500 -0.05128417 -0.08263340
v -0.04885920 -0.05129781 -0.08263852
v -0.04886485 -0.05130040 -0.08263950
v -0.04888820 -0.05130906 -0.08264275
v -0.04889723 -0.05131158 -0.08264370
v -0.04891871 -0.05131591 -0.08264533
v -0.04893348 -0.05319310 -0.07765600
v -0.04891884 -0.05319142 -0.07765544
v -0.04886485 -0.05317580 -0.07764985
v -0.04887672 -0.05318062 -0.07765160
v -0.04888839 -0.05318455 -0.07765302
v -0.04889723 -0.05318704 -0.07765391
v -0.04880858 -0.05313870 -0.07763617
v -0.04882960 -0.05315584 -0.07764252
v -0.04883500 -0.05315952 -0.07764388
v -0.04884013 -0.05316279 -0.07764509
v -0.04885839 -0.05317281 -0.07764876
v -0.04878637 -0.05311393 -0.07762696
v -0.04879351 -0.05312287 -0.07763029
v -0.04880493 -0.05313518 -0.07763487
v -0.04876904 -0.05308598 -0.07761651
v -0.04877103 -0.05308985 -0.07761795
v -0.04878423 -0.05311102 -0.07762587
v -0.04875263 -0.05303652 -0.07759790
v -0.04875089 -0.05302390 -0.07759313
v -0.04875046 -0.05301891 -0.07759125
v -0.04875714 -0.05305582 -0.07760517
v -0.04876284 -0.05307227 -0.07761136
v -0.04876812 -0.05308414 -0.07761581
v -0.04883422 -0.05394092 -0.07560673
v -0.04871965 -0.05376212 -0.07554217
v -0.04871958 -0.05377650 -0.07554764
v -0.04871969 -0.05377860 -0.07554843
v -0.04872160 -0.05379606 -0.07555494
v -0.04872287 -0.05380285 -0.07555746
v -0.04872585 -0.05381485 -0.07556190
v -0.04873104 -0.05383021 -0.07556755
v -0.04873221 -0.05383315 -0.07556863
v -0.04874056 -0.05385086 -0.07557509
v -0.04874644 -0.05386110 -0.07557880
v -0.04875081 -0.05386789 -0.07558125
v -0.04876254 -0.05388370 -0.07558692
v -0.04876752 -0.05388958 -0.07558901
v -0.04879072 -0.05391230 -0.07559700
v -0.04877996 -0.05390260 -0.07559361
v -0.04880641 -0.05392439 -0.07560118
v -0.04880889 -0.05392609 -0.07560176
v -0.04882395 -0.05393546 -0.07560492
v -0.04890102 -0.05396077 -0.07561262
v -0.04886227 -0.05395240 -0.07561038
v -0.04889001 -0.05395923 -0.07561230
v -0.04720544 -0.05885690 -0.06769867
v -0.04745505 -0.05845849 -0.06813353
v -0.04743950 -0.05844122 -0.06812612
v -0.04780303 -0.05755714 -0.06898581
v -0.04780483 -0.05756645 -0.06899275
v -0.04811951 -0.05681360 -0.06997979
v -0.04834461 -0.05605793 -0.07098825
v -0.04834450 -0.05606728 -0.07099438
v -0.04850639 -0.05541370 -0.07207656
v -0.04740037 -0.05837609 -0.06808787
v -0.04740433 -0.05838558 -0.06809437
v -0.04781833 -0.05760388 -0.06901822
v -0.04129853 -0.06307399 -0.06414253
v -0.04003366 -0.06330626 -0.06398046
v -0.03886709 -0.06336462 -0.06392537
v -0.03886762 -0.06338631 -0.06391600
v -0.04851065 -0.05623979 -0.07109660
v -0.04868096 -0.05425814 -0.07434936
v -0.04850794 -0.05537972 -0.07205718
v -0.04861479 -0.05478186 -0.07318094
v -0.04857768 -0.05501357 -0.07272763
v -0.04834806 -0.05603452 -0.07097235
v -0.04841012 -0.05580207 -0.07134263
v -0.04473499 -0.06119612 -0.06519576
v -0.04448111 -0.06137137 -0.06505203
v -0.04455543 -0.06132284 -0.06511277
v -0.04350705 -0.06194403 -0.06459834
v -0.04354237 -0.06192759 -0.06462940
v -0.04407518 -0.06162826 -0.06484570
v -0.03892475 -0.06309531 -0.06375317
v -0.03886420 -0.06309666 -0.06374855
v -0.03886399 -0.06309877 -0.06376883
v -0.04779251 -0.05753386 -0.06888893
v -0.04733847 -0.05838618 -0.06788739
v -0.04739757 -0.05828764 -0.06800933
v -0.04780250 -0.05751597 -0.06893936
v -0.04805136 -0.05692761 -0.06967477
v -0.04811881 -0.05674929 -0.06993283
v -0.04868241 -0.05427745 -0.07435711
v -0.04868622 -0.05429650 -0.07436465
v -0.04869223 -0.05431511 -0.07437193
v -0.04864111 -0.05489042 -0.07323058
v -0.04863162 -0.05487337 -0.07322317
v -0.04865271 -0.05490712 -0.07323766
v -0.04869716 -0.05495050 -0.07325506
v -0.04868089 -0.05493733 -0.07324998
v -0.04866602 -0.05492281 -0.07324416
v -0.04871468 -0.05496216 -0.07325933
v -0.04873329 -0.05497215 -0.07326273
v -0.04875286 -0.05498029 -0.07326518
v -0.04877580 -0.05497771 -0.07328450
v -0.04877321 -0.05498643 -0.07326662
v -0.04868493 -0.05559187 -0.07215603
v -0.03886704 -0.06336233 -0.06392619
v -0.03938238 -0.06316478 -0.06391517
v -0.03886419 -0.06320560 -0.06391566
v -0.04001233 -0.06312788 -0.06397028
v -0.03886456 -0.06323227 -0.06392688
v -0.04001437 -0.06315202 -0.06398135
v -0.03886371 -0.06315864 -0.06388249
v -0.03886391 -0.06318080 -0.06390069
v -0.03886395 -0.06318464 -0.06390333
v -0.03938185 -0.06314335 -0.06389885
v -0.03938151 -0.06312411 -0.06388029
v -0.03886361 -0.06313965 -0.06386174
v -0.03938138 -0.06310745 -0.06385968
v -0.03886360 -0.06312416 -0.06383924
v -0.03938147 -0.06309376 -0.06383724
v -0.03886363 -0.06311522 -0.06382234
v -0.03938179 -0.06308345 -0.06381319
v -0.03886379 -0.06310391 -0.06379210
v -0.03886366 -0.06311229 -0.06381579
v -0.03938296 -0.06307457 -0.06376735
v -0.03886395 -0.06309939 -0.06377250
v -0.03938236 -0.06307692 -0.06378774
v -0.04636335 -0.06012871 -0.06651674
v -0.04702117 -0.05933056 -0.06728703
v -0.04635310 -0.06012215 -0.06651977
v -0.04701038 -0.05932515 -0.06728946
v -0.04634307 -0.06011509 -0.06652204
v -0.04558118 -0.06088690 -0.06584137
v -0.04557173 -0.06087914 -0.06584497
v -0.04556250 -0.06087092 -0.06584774
v -0.04555350 -0.06086227 -0.06584971
v -0.04466844 -0.06158569 -0.06526165
v -0.04466008 -0.06157675 -0.06526576
v -0.04465192 -0.06156740 -0.06526898
v -0.04464398 -0.06155766 -0.06527133
v -0.04463626 -0.06154758 -0.06527285
v -0.04462157 -0.06152659 -0.06527347
v -0.04462878 -0.06153721 -0.06527356
v -0.04553627 -0.06084387 -0.06585132
v -0.04360930 -0.06215775 -0.06479450
v -0.04361575 -0.06216878 -0.06479270
v -0.04362240 -0.06217952 -0.06479002
v -0.04362924 -0.06218991 -0.06478642
v -0.04363625 -0.06219993 -0.06478190
v -0.04250971 -0.06270012 -0.06440999
v -0.04129479 -0.06306240 -0.06414761
v -0.04002982 -0.06328196 -0.06398986
v -0.04002620 -0.06325663 -0.06399529
v -0.03886655 -0.06334072 -0.06393241
v -0.04248874 -0.06265456 -0.06442366
v -0.04249376 -0.06266639 -0.06442165
v -0.04249894 -0.06267795 -0.06441873
v -0.04250425 -0.06268921 -0.06441484
v -0.03886601 -0.06331494 -0.06393654
v -0.04002282 -0.06323066 -0.06399698
v -0.04127763 -0.06300059 -0.06415848
v -0.04129114 -0.06305049 -0.06415167
v -0.04128759 -0.06303830 -0.06415477
v -0.04128415 -0.06302589 -0.06415693
v -0.04248389 -0.06264254 -0.06442477
v -0.04247922 -0.06263035 -0.06442500
v -0.04360305 -0.06214647 -0.06479543
v -0.04719020 -0.05883903 -0.06769115
v -0.04690408 -0.05922865 -0.06727058
v -0.04691084 -0.05923814 -0.06727511
v -0.04625305 -0.06001521 -0.06650288
v -0.04625932 -0.06002528 -0.06650758
v -0.04548037 -0.06076152 -0.06583010
v -0.04359703 -0.06213498 -0.06479552
v -0.04359125 -0.06212335 -0.06479481
v -0.04247474 -0.06261805 -0.06442440
v -0.04247046 -0.06260568 -0.06442297
v -0.04127163 -0.06297497 -0.06415657
v -0.03886548 -0.06328779 -0.06393722
v -0.04001971 -0.06320447 -0.06399514
v -0.03886500 -0.06325997 -0.06393408
v -0.04001691 -0.06317843 -0.06398997
v -0.04126622 -0.06294942 -0.06415138
v -0.04246639 -0.06259330 -0.06442074
v -0.04358572 -0.06211160 -0.06479331
v -0.04461464 -0.06151576 -0.06527261
v -0.04552808 -0.06083420 -0.06585101
v -0.04631450 -0.06009128 -0.06652450
v -0.04126376 -0.06293680 -0.06414764
v -0.04246254 -0.06258094 -0.06441775
v -0.04358046 -0.06209979 -0.06479105
v -0.04460800 -0.06150477 -0.06527102
v -0.04552019 -0.06082427 -0.06584999
v -0.04630555 -0.06008259 -0.06652394
v -0.04696964 -0.05929851 -0.06729250
v -0.04696016 -0.05929078 -0.06729168
v -0.04695100 -0.05928270 -0.06729029
v -0.04629692 -0.06007360 -0.06652272
v -0.04628864 -0.06006433 -0.06652088
v -0.04551263 -0.06081412 -0.06584827
v -0.04550541 -0.06080379 -0.06584588
v -0.04460168 -0.06149366 -0.06526870
v -0.04459569 -0.06148247 -0.06526569
v -0.04357548 -0.06208796 -0.06478805
v -0.04357080 -0.06207616 -0.06478434
v -0.04245893 -0.06256866 -0.06441402
v -0.04245555 -0.06255652 -0.06440957
v -0.04126146 -0.06292434 -0.06414315
v -0.04125933 -0.06291210 -0.06413795
v -0.04063808 -0.06303255 -0.06403798
v -0.04689202 -0.05920936 -0.06726015
v -0.04688675 -0.05919963 -0.06725431
v -0.04657722 -0.05959561 -0.06685869
v -0.04688202 -0.05918990 -0.06724807
v -0.04656874 -0.05957592 -0.06684542
v -0.04689780 -0.05921904 -0.06726559
v -0.04658784 -0.05961541 -0.06687026
v -0.04624725 -0.06000511 -0.06649767
v -0.04687129 -0.05916101 -0.06722714
v -0.04656258 -0.05955665 -0.06683064
v -0.04687427 -0.05917055 -0.06723446
v -0.04687785 -0.05918020 -0.06724145
v -0.04623712 -0.05998490 -0.06648581
v -0.04622910 -0.05996497 -0.06647217
v -0.04622335 -0.05994563 -0.06645691
v -0.04655785 -0.05952050 -0.06679711
v -0.04655889 -0.05953807 -0.06681448
v -0.04686618 -0.05913331 -0.06720332
v -0.04686722 -0.05914235 -0.06721155
v -0.04739221 -0.05834787 -0.06806665
v -0.04535674 -0.06071307 -0.06560490
v -0.04545195 -0.06063402 -0.06569603
v -0.04586406 -0.06025219 -0.06601371
v -0.04545901 -0.06062825 -0.06570315
v -0.04585781 -0.06026084 -0.06603064
v -0.04585489 -0.06026718 -0.06604113
v -0.04622347 -0.05988687 -0.06639320
v -0.04622136 -0.05989411 -0.06640312
v -0.04655962 -0.05950421 -0.06677870
v -0.04503374 -0.06097414 -0.06538141
v -0.04456331 -0.06131791 -0.06511952
v -0.04502757 -0.06098123 -0.06539963
v -0.04502467 -0.06098674 -0.06541081
v -0.04545607 -0.06063417 -0.06571400
v -0.04545384 -0.06064070 -0.06572461
v -0.04585270 -0.06027406 -0.06605141
v -0.04585122 -0.06028146 -0.06606143
v -0.04621998 -0.05990179 -0.06641280
v -0.04621932 -0.05990989 -0.06642222
v -0.04622003 -0.05992717 -0.06644021
v -0.04406967 -0.06163377 -0.06486456
v -0.04245244 -0.06254454 -0.06440443
v -0.04244959 -0.06253279 -0.06439862
v -0.04186359 -0.06273263 -0.06425254
v -0.04244474 -0.06251013 -0.06438512
v -0.04185950 -0.06270980 -0.06423893
v -0.04244107 -0.06248894 -0.06436927
v -0.04185644 -0.06268853 -0.06422292
v -0.04243870 -0.06246959 -0.06435128
v -0.04185446 -0.06266921 -0.06420473
v -0.04243769 -0.06245245 -0.06433134
v -0.04185365 -0.06265222 -0.06418458
v -0.04243815 -0.06243792 -0.06430968
v -0.04185408 -0.06263795 -0.06416266
v -0.04185581 -0.06262678 -0.06413919
v -0.04694219 -0.05927429 -0.06728832
v -0.04693375 -0.05926559 -0.06728580
v -0.04628071 -0.06005482 -0.06651842
v -0.04627317 -0.06004512 -0.06651537
v -0.04549856 -0.06079333 -0.06584285
v -0.04549209 -0.06078276 -0.06583920
v -0.04459004 -0.06147126 -0.06526200
v -0.04458476 -0.06146005 -0.06525767
v -0.04356643 -0.06206444 -0.06477994
v -0.04356238 -0.06205283 -0.06477489
v -0.04301482 -0.06230193 -0.06457071
v -0.04300921 -0.06227949 -0.06455734
v -0.04300496 -0.06225838 -0.06454168
v -0.04300217 -0.06223899 -0.06452391
v -0.04300096 -0.06222170 -0.06450424
v -0.04300141 -0.06220687 -0.06448288
v -0.04243895 -0.06243175 -0.06429826
v -0.04301218 -0.06218160 -0.06441627
v -0.04355009 -0.06192426 -0.06463648
v -0.04406700 -0.06163845 -0.06487632
v -0.04456050 -0.06132300 -0.06513100
v -0.04455832 -0.06132880 -0.06514221
v -0.04502244 -0.06099290 -0.06542172
v -0.04502087 -0.06099967 -0.06543236
v -0.04545230 -0.06064778 -0.06573495
v -0.04545142 -0.06065539 -0.06574500
v -0.04585043 -0.06028931 -0.06607118
v -0.04545159 -0.06067199 -0.06576415
v -0.04585086 -0.06030625 -0.06608976
v -0.04545420 -0.06069016 -0.06578187
v -0.04585381 -0.06032459 -0.06610699
v -0.04545910 -0.06070960 -0.06579799
v -0.04585914 -0.06034399 -0.06612269
v -0.04546614 -0.06072996 -0.06581233
v -0.04586668 -0.06036414 -0.06613669
v -0.04547516 -0.06075092 -0.06582470
v -0.04587628 -0.06038473 -0.06614882
v -0.04244847 -0.06241388 -0.06424181
v -0.04244624 -0.06241548 -0.06424929
v -0.04300770 -0.06218612 -0.06443588
v -0.04354759 -0.06192857 -0.06464848
v -0.04406491 -0.06164390 -0.06488779
v -0.04455676 -0.06133527 -0.06515313
v -0.04501994 -0.06100702 -0.06544270
v -0.04501990 -0.06102325 -0.06546237
v -0.04502219 -0.06104127 -0.06548056
v -0.04502666 -0.06106072 -0.06549707
v -0.04503318 -0.06108126 -0.06551172
v -0.04504158 -0.06110257 -0.06552433
v -0.04132445 -0.06276753 -0.06398340
v -0.04126452 -0.06278428 -0.06399092
v -0.04186252 -0.06261557 -0.06409332
v -0.04185894 -0.06261911 -0.06411437
v -0.04244378 -0.06241819 -0.06426197
v -0.04244175 -0.06242184 -0.06427439
v -0.04300542 -0.06219008 -0.06444810
v -0.04300362 -0.06219489 -0.06446002
v -0.04354563 -0.06193368 -0.06466019
v -0.04354418 -0.06193956 -0.06467159
v -0.04406339 -0.06165006 -0.06489897
v -0.04406242 -0.06165690 -0.06490981
v -0.04455579 -0.06134235 -0.06516373
v -0.04406209 -0.06167240 -0.06493042
v -0.04455559 -0.06135822 -0.06518389
v -0.04406380 -0.06169005 -0.06494942
v -0.04455758 -0.06137605 -0.06520250
v -0.04406742 -0.06170949 -0.06496663
v -0.04456162 -0.06139550 -0.06521938
v -0.04407283 -0.06173035 -0.06498184
v -0.04456759 -0.06141622 -0.06523433
v -0.04407990 -0.06175228 -0.06499487
v -0.04457535 -0.06143785 -0.06524715
v -0.04457986 -0.06144890 -0.06525271
v -0.04014605 -0.06299710 -0.06382095
v -0.04002224 -0.06301527 -0.06382847
v -0.04063768 -0.06291799 -0.06387640
v -0.04063544 -0.06292068 -0.06389763
v -0.04125381 -0.06278753 -0.06399266
v -0.04125238 -0.06279067 -0.06400535
v -0.04185720 -0.06262249 -0.06412693
v -0.04244015 -0.06242637 -0.06428649
v -0.04300229 -0.06220050 -0.06447162
v -0.04354325 -0.06194615 -0.06468266
v -0.04354284 -0.06196130 -0.06470367
v -0.04354429 -0.06197877 -0.06472302
v -0.04354749 -0.06199818 -0.06474053
v -0.04355232 -0.06201918 -0.06475598
v -0.04355867 -0.06204138 -0.06476919
v -0.04125740 -0.06290012 -0.06413207
v -0.04125411 -0.06287715 -0.06411836
v -0.04063559 -0.06300948 -0.06402420
v -0.04125164 -0.06285582 -0.06410223
v -0.04063372 -0.06298810 -0.06400797
v -0.04125006 -0.06283653 -0.06408389
v -0.04063253 -0.06296883 -0.06398951
v -0.04124942 -0.06281966 -0.06406355
v -0.04063206 -0.06295206 -0.06396904
v -0.04124980 -0.06280561 -0.06404142
v -0.04063236 -0.06293818 -0.06394676
v -0.04125124 -0.06279476 -0.06401772
v -0.04063347 -0.06292759 -0.06392289
v -0.04063435 -0.06292365 -0.06391042
v -0.04000984 -0.06301992 -0.06384246
v -0.04001059 -0.06301709 -0.06382961
v -0.04001064 -0.06310502 -0.06395657
v -0.04000938 -0.06308388 -0.06394046
v -0.04000857 -0.06306462 -0.06392192
v -0.04000826 -0.06304792 -0.06390136
v -0.04000847 -0.06303416 -0.06387898
v -0.04000924 -0.06302375 -0.06385498
v -0.04836651 -0.05614132 -0.07103869
v -0.04813426 -0.05685062 -0.07000300
v -0.04814498 -0.05686851 -0.07001325
v -0.04782318 -0.05761313 -0.06902394
v -0.04740887 -0.05839507 -0.06810055
v -0.04782857 -0.05762229 -0.06902938
v -0.04741396 -0.05840451 -0.06810640
v -0.04741960 -0.05841388 -0.06811190
v -0.04835748 -0.05612328 -0.07102856
v -0.04812571 -0.05683224 -0.06999181
v -0.04781405 -0.05759456 -0.06901222
v -0.04781036 -0.05758519 -0.06900597
v -0.04739702 -0.05836662 -0.06808107
v -0.04686893 -0.05915159 -0.06721950
v -0.04739429 -0.05835720 -0.06807399
v -0.04780728 -0.05757581 -0.06899947
v -0.04812231 -0.05682294 -0.06998590
v -0.04835069 -0.05610479 -0.07101773
v -0.04717677 -0.05882045 -0.06768183
v -0.04862365 -0.05485467 -0.07321486
v -0.04861809 -0.05483595 -0.07320637
v -0.04861485 -0.05481688 -0.07319756
v -0.04850643 -0.05539471 -0.07206583
v -0.04861408 -0.05479764 -0.07318848
v -0.04868189 -0.05423495 -0.07436107
v -0.04739079 -0.05833865 -0.06805906
v -0.04739007 -0.05832959 -0.06805124
v -0.04686583 -0.05912450 -0.06719483
v -0.04686619 -0.05911596 -0.06718609
v -0.04811735 -0.05680424 -0.06997351
v -0.04811584 -0.05679489 -0.06996706
v -0.04780192 -0.05754790 -0.06897868
v -0.04780149 -0.05753876 -0.06897137
v -0.04739006 -0.05832070 -0.06804321
v -0.04739078 -0.05831204 -0.06803499
v -0.04686728 -0.05910774 -0.06717712
v -0.04686913 -0.05909985 -0.06716795
v -0.04656161 -0.05949663 -0.06676915
v -0.04656438 -0.05948949 -0.06675941
v -0.04622633 -0.05988012 -0.06638306
v -0.04657029 -0.05947946 -0.06674398
v -0.04622043 -0.05988623 -0.06637537
v -0.04613090 -0.05998049 -0.06626382
v -0.04811543 -0.05676720 -0.06994686
v -0.04811674 -0.05675817 -0.06993990
v -0.04780464 -0.05751226 -0.06894851
v -0.04850607 -0.05540420 -0.07207123
v -0.04834543 -0.05604864 -0.07098204
v -0.04815136 -0.05665715 -0.07004852
v -0.04850896 -0.05543264 -0.07208697
v -0.04834507 -0.05607666 -0.07100040
v -0.04811486 -0.05677635 -0.06995372
v -0.04780284 -0.05752091 -0.06895627
v -0.04739451 -0.05829547 -0.06801803
v -0.04834631 -0.05608606 -0.07100631
v -0.04811500 -0.05678559 -0.06996046
v -0.04780179 -0.05752975 -0.06896389
v -0.04739226 -0.05830361 -0.06802659
v -0.04687175 -0.05909234 -0.06715859
v -0.04686689 -0.05909873 -0.06715063
v -0.04679716 -0.05918978 -0.06703345
v -0.04851397 -0.05545138 -0.07209696
v -0.04852127 -0.05546972 -0.07210645
v -0.04853069 -0.05548748 -0.07211538
v -0.04854208 -0.05550449 -0.07212363
v -0.04855528 -0.05552057 -0.07213115
v -0.04857013 -0.05553553 -0.07213785
v -0.04858647 -0.05554920 -0.07214363
v -0.04860414 -0.05556140 -0.07214842
v -0.04862298 -0.05557194 -0.07215214
v -0.04864283 -0.05558066 -0.07215470
v -0.04866353 -0.05558736 -0.07215603
v -0.04730273 -0.05892634 -0.06770433
v -0.04632375 -0.06009961 -0.06652438
v -0.04698949 -0.05931275 -0.06729227
v -0.04697942 -0.05930584 -0.06729270
v -0.04728104 -0.05891601 -0.06770795
v -0.04726029 -0.05890362 -0.06770904
v -0.04755281 -0.05852343 -0.06814063
v -0.04794418 -0.05773704 -0.06905027
v -0.04753176 -0.05851436 -0.06814355
v -0.04794915 -0.05772350 -0.06906633
v -0.04751076 -0.05850288 -0.06814427
v -0.04792790 -0.05771364 -0.06906633
v -0.04749086 -0.05848958 -0.06814274
v -0.04790771 -0.05770185 -0.06906437
v -0.04747223 -0.05847469 -0.06813911
v -0.04699982 -0.05931920 -0.06729120
v -0.04633328 -0.06010756 -0.06652357
v -0.04554475 -0.06085324 -0.06585089
v -0.04828884 -0.05696863 -0.07004824
v -0.04826681 -0.05696229 -0.07004947
v -0.04849961 -0.05624634 -0.07108294
v -0.04824560 -0.05695375 -0.07004888
v -0.04847860 -0.05623885 -0.07108189
v -0.04822537 -0.05694324 -0.07004658
v -0.04845851 -0.05622936 -0.07107937
v -0.04820630 -0.05693097 -0.07004267
v -0.04843950 -0.05621807 -0.07107547
v -0.04818855 -0.05691715 -0.07003728
v -0.04842174 -0.05620516 -0.07107028
v -0.04817230 -0.05690198 -0.07003050
v -0.04840540 -0.05619084 -0.07106392
v -0.04815773 -0.05688570 -0.07002246
v -0.04839064 -0.05617530 -0.07105647
v -0.04837762 -0.05615872 -0.07104803
v -0.04724066 -0.05888947 -0.06770777
v -0.04722232 -0.05887381 -0.06770426
v -0.04785516 -0.05765731 -0.06904791
v -0.04787116 -0.05767345 -0.06905503
v -0.04788874 -0.05768838 -0.06906056
v -0.04691805 -0.05924749 -0.06727917
v -0.04742574 -0.05842314 -0.06811703
v -0.04784090 -0.05764017 -0.06903931
v -0.04548602 -0.06077215 -0.06583494
v -0.04626603 -0.06003526 -0.06651175
v -0.04692570 -0.05925665 -0.06728274
v -0.03875077 -0.06320189 -0.06390326
v -0.03875081 -0.06321032 -0.06390769
v -0.03875136 -0.06333023 -0.06393097
v -0.03875142 -0.06334196 -0.06392937
v -0.03875161 -0.06338275 -0.06391720
v -0.03875149 -0.06335764 -0.06392599
v -0.03875130 -0.06331644 -0.06393190
v -0.03875123 -0.06330022 -0.06393176
v -0.03875118 -0.06329004 -0.06393101
v -0.03875108 -0.06326767 -0.06392761
v -0.03875094 -0.06323663 -0.06391893
v -0.03875092 -0.06323438 -0.06391811
v -0.03875075 -0.06319892 -0.06390160
v -0.03875069 -0.06318627 -0.06389385
v -0.03875059 -0.06316942 -0.06388167
v -0.03875056 -0.06316410 -0.06387731
v -0.03875044 -0.06314451 -0.06385852
v -0.03875017 -0.06311139 -0.06380919
v -0.03875030 -0.06312529 -0.06383406
v -0.03875043 -0.06314234 -0.06385612
v -0.03874991 -0.06309710 -0.06375317
v -0.03874993 -0.06309704 -0.06375768
v -0.03875005 -0.06310219 -0.06378423
v -0.00578906 -0.02401914 -0.14732601
v -0.00514737 -0.02399518 -0.14738831
v -0.00034505 -0.00764308 -0.15172303
v -0.00034462 -0.00774521 -0.15171675
v -0.00035824 -0.00774607 -0.15173194
v -0.00042715 -0.00776793 -0.15177608
v -0.00040683 -0.00381787 -0.15193202
v -0.00037876 -0.00124954 -0.15195991
v -0.00042571 -0.00774903 -0.15177658
v -0.00046298 -0.01167524 -0.15150309
v -0.00048149 -0.01549703 -0.15110520
v -0.00044441 -0.01167469 -0.15149868
v -0.00046312 -0.01549671 -0.15110262
v -0.00042591 -0.01167400 -0.15149233
v -0.00044455 -0.01549617 -0.15109821
v -0.00040776 -0.01167316 -0.15148403
v -0.00042603 -0.01549540 -0.15109189
v -0.00039027 -0.01167217 -0.15147379
v -0.00040787 -0.01549439 -0.15108362
v -0.00037375 -0.01167106 -0.15146171
v -0.00039036 -0.01549315 -0.15107341
v -0.00035848 -0.01166983 -0.15144791
v -0.00037383 -0.01549167 -0.15106137
v -0.00034459 -0.01166850 -0.15143248
v -0.00035854 -0.01549000 -0.15104762
v -0.00030787 -0.01299110 -0.15122955
v -0.00031424 -0.01548179 -0.15098044
v -0.00031727 -0.01253274 -0.15130785
v -0.00032249 -0.01548400 -0.15099850
v -0.00032246 -0.01166563 -0.15139863
v -0.00033269 -0.01548612 -0.15101592
v -0.00033265 -0.01166709 -0.15141611
v -0.00034476 -0.01548814 -0.15103239
v -0.00030026 -0.01547287 -0.15090756
v -0.00030107 -0.01547506 -0.15092534
v -0.00030069 -0.01452734 -0.15103163
v -0.00030359 -0.01547729 -0.15094359
v -0.00030795 -0.01547954 -0.15096204
v -0.00034046 -0.00846835 -0.15166830
v -0.00033371 -0.00966808 -0.15157807
v -0.00034467 -0.00970783 -0.15159017
v -0.00037350 -0.00381726 -0.15190990
v -0.00036163 -0.00457537 -0.15187673
v -0.00035861 -0.00514522 -0.15185393
v -0.00038998 -0.00381764 -0.15192203
v -0.00036920 -0.00312675 -0.15192327
v -0.00036562 -0.00381705 -0.15190311
v -0.00040759 -0.00774836 -0.15176825
v -0.00039012 -0.00774764 -0.15175800
v -0.00037362 -0.00774686 -0.15174589
v -0.00032348 -0.01145829 -0.15141876
v -0.00030361 -0.02049492 -0.15021236
v -0.00030798 -0.02049801 -0.15023071
v -0.00031428 -0.02050109 -0.15024900
v -0.00032255 -0.02050411 -0.15026695
v -0.00033277 -0.02050703 -0.15028426
v -0.00034485 -0.02050979 -0.15030062
v -0.00035864 -0.02051235 -0.15031575
v -0.00037395 -0.02051467 -0.15032940
v -0.00039050 -0.02051670 -0.15034136
v -0.00040803 -0.02051842 -0.15035149
v -0.00042621 -0.02051983 -0.15035971
v -0.00044474 -0.02052091 -0.15036598
v -0.00046333 -0.02052167 -0.15037034
v -0.00046406 -0.02050391 -0.15037349
v -0.00048267 -0.02550838 -0.14941159
v -0.00030109 -0.02049188 -0.15019424
v -0.00030029 -0.02048892 -0.15017660
v -0.00030031 -0.02546628 -0.14921695
v -0.00030804 -0.02547791 -0.14927073
v -0.00031438 -0.02548185 -0.14928891
v -0.00032270 -0.02548571 -0.14930676
v -0.00033298 -0.02548943 -0.14932396
v -0.00034514 -0.02549294 -0.14934021
v -0.00035902 -0.02549619 -0.14935523
v -0.00037441 -0.02549912 -0.14936876
v -0.00039106 -0.02550168 -0.14938062
v -0.00040868 -0.02550385 -0.14939064
v -0.00042695 -0.02550560 -0.14939873
v -0.00044557 -0.02550693 -0.14940490
v -0.00046423 -0.02550785 -0.14940915
v -0.00030112 -0.02547007 -0.14923446
v -0.00030365 -0.02547397 -0.14925249
v -0.00048232 -0.02585663 -0.14928637
v -0.00034423 -0.02650059 -0.14846233
v -0.00034425 -0.02643172 -0.14861448
v -0.00033215 -0.02641683 -0.14860667
v -0.00048223 -0.02656996 -0.14848840
v -0.00048223 -0.02649736 -0.14864889
v -0.00046368 -0.02649509 -0.14864770
v -0.00048224 -0.02628887 -0.14894982
v -0.00044491 -0.02649116 -0.14864564
v -0.00045490 -0.02656584 -0.14848685
v -0.00046575 -0.02656792 -0.14848763
v -0.00040785 -0.02647802 -0.14863876
v -0.00042619 -0.02655740 -0.14848368
v -0.00042620 -0.02648547 -0.14864267
v -0.00043371 -0.02656005 -0.14848468
v -0.00044490 -0.02656340 -0.14848594
v -0.00037349 -0.02645792 -0.14862822
v -0.00039016 -0.02653978 -0.14847706
v -0.00039018 -0.02646880 -0.14863393
v -0.00039629 -0.02654342 -0.14847843
v -0.00040351 -0.02654734 -0.14847991
v -0.00035183 -0.02650894 -0.14846547
v -0.00035808 -0.02651514 -0.14846781
v -0.00035810 -0.02644549 -0.14862171
v -0.00037056 -0.02652599 -0.14847188
v -0.00037597 -0.02653015 -0.14847344
v -0.00034810 -0.02650497 -0.14846398
v -0.00032195 -0.02646823 -0.14845017
v -0.00032948 -0.02648088 -0.14845492
v -0.00033176 -0.02648430 -0.14845622
v -0.00030332 -0.02641591 -0.14843051
v -0.00030589 -0.02642747 -0.14843485
v -0.00030333 -0.02626672 -0.14871196
v -0.00030756 -0.02628217 -0.14872266
v -0.00030030 -0.02638352 -0.14841834
v -0.00030081 -0.02639685 -0.14842334
v -0.00030030 -0.02637101 -0.14845020
v -0.00030030 -0.02628328 -0.14862402
v -0.00030031 -0.02615394 -0.14880171
v -0.00030031 -0.02582983 -0.14907299
v -0.00030333 -0.02578136 -0.14913973
v -0.00030031 -0.02565371 -0.14915958
v -0.00030757 -0.02578996 -0.14915645
v -0.00032198 -0.02580697 -0.14918955
v -0.00031377 -0.02579854 -0.14917314
v -0.00048226 -0.02615904 -0.14907925
v -0.00048228 -0.02601440 -0.14919207
v -0.00046371 -0.02615736 -0.14907733
v -0.00046373 -0.02601297 -0.14918995
v -0.00044494 -0.02615443 -0.14907399
v -0.00044496 -0.02601048 -0.14918627
v -0.00042623 -0.02615020 -0.14906916
v -0.00042625 -0.02600687 -0.14918096
v -0.00040787 -0.02614463 -0.14906283
v -0.00040789 -0.02600212 -0.14917400
v -0.00039020 -0.02613775 -0.14905500
v -0.00039022 -0.02599625 -0.14916539
v -0.00037351 -0.02612961 -0.14904577
v -0.00037353 -0.02598931 -0.14915523
v -0.00035811 -0.02612031 -0.14903520
v -0.00035812 -0.02598138 -0.14914361
v -0.00034427 -0.02597258 -0.14913075
v -0.00034428 -0.02582280 -0.14922035
v -0.00033218 -0.02581511 -0.14920537
v -0.00034430 -0.02566231 -0.14929050
v -0.00033219 -0.02565660 -0.14927468
v -0.00048239 -0.02568740 -0.14936022
v -0.00046377 -0.02585547 -0.14928409
v -0.00046383 -0.02568655 -0.14935783
v -0.00044500 -0.02585346 -0.14928013
v -0.00044505 -0.02568505 -0.14935365
v -0.00042628 -0.02585054 -0.14927442
v -0.00042633 -0.02568289 -0.14934762
v -0.00040792 -0.02584670 -0.14926693
v -0.00040796 -0.02568004 -0.14933971
v -0.00039024 -0.02584195 -0.14925766
v -0.00039027 -0.02567651 -0.14932992
v -0.00037355 -0.02583633 -0.14924671
v -0.00037357 -0.02567235 -0.14931835
v -0.00035814 -0.02582992 -0.14923421
v -0.00035816 -0.02566759 -0.14930515
v -0.00048223 -0.02640221 -0.14880572
v -0.00046368 -0.02640010 -0.14880428
v -0.00044492 -0.02639644 -0.14880176
v -0.00042621 -0.02639117 -0.14879811
v -0.00040785 -0.02638424 -0.14879331
v -0.00039018 -0.02637568 -0.14878739
v -0.00037350 -0.02636556 -0.14878039
v -0.00046369 -0.02628696 -0.14894812
v -0.00044492 -0.02628365 -0.14894517
v -0.00042621 -0.02627885 -0.14894091
v -0.00040786 -0.02627256 -0.14893530
v -0.00039019 -0.02626477 -0.14892837
v -0.00037350 -0.02625557 -0.14892019
v -0.00035811 -0.02624507 -0.14891085
v -0.00034426 -0.02611001 -0.14902350
v -0.00033217 -0.02596308 -0.14911683
v -0.00030031 -0.02599940 -0.14895314
v -0.00030333 -0.02605002 -0.14895543
v -0.00030756 -0.02606246 -0.14896955
v -0.00031376 -0.02607488 -0.14898364
v -0.00031376 -0.02629759 -0.14873335
v -0.00032197 -0.02608709 -0.14899750
v -0.00032196 -0.02631275 -0.14874384
v -0.00033216 -0.02609887 -0.14901087
v -0.00033215 -0.02632737 -0.14875396
v -0.00034425 -0.02623343 -0.14890049
v -0.00034425 -0.02634121 -0.14876354
v -0.00035810 -0.02635401 -0.14877240
v -0.00030755 -0.02643347 -0.14843711
v -0.00031630 -0.02645689 -0.14844590
v -0.00037055 -0.02681572 -0.14770104
v -0.00030029 -0.02667324 -0.14764749
v -0.00030078 -0.02668635 -0.14765242
v -0.00032947 -0.02677061 -0.14768408
v -0.00032235 -0.02675871 -0.14767961
v -0.00031516 -0.02674407 -0.14767411
v -0.00031020 -0.02673143 -0.14766936
v -0.00030552 -0.02671575 -0.14766346
v -0.00030279 -0.02670271 -0.14765856
v -0.00034809 -0.02679469 -0.14769313
v -0.00033894 -0.02678386 -0.14768906
v -0.00035954 -0.02680625 -0.14769748
v -0.00038365 -0.02682532 -0.14770465
v -0.00039628 -0.02683314 -0.14770758
v -0.00041067 -0.02684061 -0.14771040
v -0.00042463 -0.02684654 -0.14771262
v -0.00043993 -0.02685172 -0.14771457
v -0.00045489 -0.02685557 -0.14771602
v -0.00047068 -0.02685839 -0.14771707
v -0.00030279 -0.02670410 -0.14765370
v -0.00047068 -0.02670492 -0.14745225
v -0.00047068 -0.02673579 -0.14745983
v -0.00047068 -0.02676503 -0.14747228
v -0.00047068 -0.02679191 -0.14748923
v -0.00047068 -0.02681573 -0.14751029
v -0.00047068 -0.02683586 -0.14753488
v -0.00047068 -0.02685180 -0.14756238
v -0.00047068 -0.02686312 -0.14759208
v -0.00047068 -0.02686954 -0.14762321
v -0.00047068 -0.02687090 -0.14765497
v -0.00047068 -0.02686715 -0.14768653
v -0.00043993 -0.02686016 -0.14768511
v -0.00041067 -0.02684852 -0.14768277
v -0.00038365 -0.02683251 -0.14767955
v -0.00035954 -0.02681253 -0.14767553
v -0.00033894 -0.02678909 -0.14767081
v -0.00032235 -0.02676275 -0.14766550
v -0.00031020 -0.02673418 -0.14765975
v -0.00043992 -0.02670378 -0.14745927
v -0.00043992 -0.02673353 -0.14746660
v -0.00041067 -0.02670188 -0.14747100
v -0.00041067 -0.02672978 -0.14747787
v -0.00038365 -0.02669927 -0.14748712
v -0.00038365 -0.02672462 -0.14749336
v -0.00035954 -0.02669600 -0.14750724
v -0.00035954 -0.02671817 -0.14751269
v -0.00033893 -0.02669217 -0.14753085
v -0.00033893 -0.02671061 -0.14753538
v -0.00032235 -0.02668787 -0.14755736
v -0.00032235 -0.02670211 -0.14756086
v -0.00031020 -0.02668320 -0.14758612
v -0.00031020 -0.02669290 -0.14758852
v -0.00030279 -0.02667829 -0.14761642
v -0.00030279 -0.02668320 -0.14761762
v -0.00043992 -0.02676173 -0.14747860
v -0.00041067 -0.02675622 -0.14748912
v -0.00038365 -0.02674864 -0.14750357
v -0.00035954 -0.02673918 -0.14752163
v -0.00033893 -0.02672808 -0.14754282
v -0.00032235 -0.02671561 -0.14756662
v -0.00031020 -0.02670209 -0.14759243
v -0.00030279 -0.02668785 -0.14761961
v -0.00047068 -0.02667324 -0.14744969
v -0.00043992 -0.02667324 -0.14745681
v -0.00041067 -0.02667324 -0.14746869
v -0.00038365 -0.02667324 -0.14748502
v -0.00035954 -0.02667324 -0.14750540
v -0.00033893 -0.02667324 -0.14752932
v -0.00032235 -0.02667324 -0.14755619
v -0.00031020 -0.02667324 -0.14758533
v -0.00030279 -0.02667324 -0.14761601
v -0.00043992 -0.02678764 -0.14749494
v -0.00043992 -0.02681059 -0.14751524
v -0.00041067 -0.02678051 -0.14750445
v -0.00041067 -0.02680204 -0.14752348
v -0.00038365 -0.02677071 -0.14751750
v -0.00038365 -0.02679028 -0.14753480
v -0.00035954 -0.02675849 -0.14753382
v -0.00035954 -0.02677559 -0.14754893
v -0.00033893 -0.02674414 -0.14755295
v -0.00033893 -0.02675837 -0.14756553
v -0.00032235 -0.02672802 -0.14757444
v -0.00032235 -0.02673901 -0.14758416
v -0.00031020 -0.02671054 -0.14759776
v -0.00031020 -0.02671802 -0.14760438
v -0.00030279 -0.02669213 -0.14762230
v -0.00030279 -0.02669592 -0.14762565
v -0.00043992 -0.02683000 -0.14753895
v -0.00041067 -0.02682024 -0.14754570
v -0.00038365 -0.02680681 -0.14755499
v -0.00035954 -0.02679006 -0.14756660
v -0.00033893 -0.02677039 -0.14758022
v -0.00032235 -0.02674831 -0.14759551
v -0.00031020 -0.02672435 -0.14761209
v -0.00030279 -0.02669912 -0.14762957
v -0.00043993 -0.02684536 -0.14756545
v -0.00043993 -0.02685628 -0.14759408
v -0.00041067 -0.02683464 -0.14757055
v -0.00041067 -0.02684488 -0.14759740
v -0.00038365 -0.02681990 -0.14757758
v -0.00038365 -0.02682921 -0.14760198
v -0.00035954 -0.02680151 -0.14758636
v -0.00035954 -0.02680964 -0.14760768
v -0.00033893 -0.02677991 -0.14759664
v -0.00033893 -0.02678668 -0.14761439
v -0.00032235 -0.02675566 -0.14760821
v -0.00032235 -0.02676089 -0.14762191
v -0.00031020 -0.02672936 -0.14762074
v -0.00031020 -0.02673292 -0.14763008
v -0.00030279 -0.02670166 -0.14763394
v -0.00030279 -0.02670346 -0.14763868
v -0.00043993 -0.02686247 -0.14762408
v -0.00041067 -0.02685069 -0.14762554
v -0.00038365 -0.02683448 -0.14762755
v -0.00035954 -0.02681426 -0.14763005
v -0.00033894 -0.02679052 -0.14763299
v -0.00032235 -0.02676386 -0.14763628
v -0.00031020 -0.02673494 -0.14763986
v -0.00030279 -0.02670448 -0.14764363
v -0.00043993 -0.02686378 -0.14765470
v -0.00041067 -0.02685191 -0.14765425
v -0.00038365 -0.02683559 -0.14765362
v -0.00035954 -0.02681523 -0.14765285
v -0.00033894 -0.02679133 -0.14765196
v -0.00032235 -0.02676448 -0.14765094
v -0.00031020 -0.02673536 -0.14764984
v -0.00030279 -0.02670470 -0.14764868
v -0.02966916 -0.06698725 -0.05950265
v -0.02903449 -0.06677516 -0.06040976
v -0.02883113 -0.06661214 -0.06068863
v -0.03047891 -0.06641574 -0.06191764
v -0.03010839 -0.06627626 -0.06195473
v -0.02864007 -0.06640858 -0.06094437
v -0.02984687 -0.06616402 -0.06197011
v -0.02963698 -0.06606551 -0.06197585
v -0.02846538 -0.06617071 -0.06117179
v -0.01651699 -0.06644214 -0.05548172
v -0.01594094 -0.06644527 -0.05527634
v -0.01596898 -0.06677578 -0.05495948
v -0.01573727 -0.06751345 -0.05337650
v -0.01566830 -0.06754072 -0.05320004
v -0.01914662 -0.06749234 -0.05444551
v -0.02772077 -0.06715214 -0.05824692
v -0.02566775 -0.06729431 -0.05707510
v -0.02357455 -0.06739942 -0.05599077
v -0.01535040 -0.06757926 -0.05260148
v -0.01928192 -0.06752452 -0.05410270
v -0.01556522 -0.06756441 -0.05297539
v -0.01887821 -0.06728809 -0.05511877
v -0.01590583 -0.06734684 -0.05399671
v -0.01586132 -0.06741625 -0.05378853
v -0.01597429 -0.06692056 -0.05478274
v -0.01597187 -0.06705000 -0.05459682
v -0.01875155 -0.06711868 -0.05543291
v -0.01596037 -0.06716371 -0.05440335
v -0.01593875 -0.06726252 -0.05420303
v -0.01863390 -0.06690978 -0.05572216
v -0.01852769 -0.06666762 -0.05598069
v -0.01923320 -0.06639436 -0.05651559
v -0.02924538 -0.06689317 -0.06011425
v -0.02945863 -0.06696387 -0.05980938
v -0.02676094 -0.06656647 -0.05974043
v -0.02659763 -0.06632663 -0.05997607
v -0.02478707 -0.06669661 -0.05860275
v -0.02463883 -0.06645572 -0.05884480
v -0.02277127 -0.06679317 -0.05755055
v -0.02263745 -0.06655160 -0.05779851
v -0.02291862 -0.06700113 -0.05727262
v -0.02494970 -0.06690353 -0.05833105
v -0.02693943 -0.06677191 -0.05947541
v -0.02712929 -0.06693663 -0.05918643
v -0.02512328 -0.06707022 -0.05803520
v -0.02307642 -0.06716920 -0.05697034
v -0.02144411 -0.06747381 -0.05499950
v -0.02340839 -0.06736965 -0.05632150
v -0.02548670 -0.06726687 -0.05739942
v -0.02752476 -0.06712794 -0.05856448
v -0.02129336 -0.06744249 -0.05533647
v -0.02324101 -0.06729285 -0.05665069
v -0.02530375 -0.06719213 -0.05772209
v -0.02732601 -0.06705608 -0.05888025
v -0.02114190 -0.06736435 -0.05567199
v -0.01901097 -0.06741346 -0.05478695
v -0.02099337 -0.06723958 -0.05599793
v -0.02085134 -0.06707063 -0.05630637
v -0.02071912 -0.06686204 -0.05659019
v -0.02059943 -0.06662004 -0.05684368
v -0.02186386 -0.06631911 -0.05768367
v -0.02919811 -0.06583422 -0.06196802
v -0.02681414 -0.06604076 -0.06039159
v -0.02443951 -0.06620195 -0.05900707
v -0.00633969 -0.06741187 -0.05140000
v -0.01245241 -0.06728196 -0.05140000
v -0.01370667 -0.06726287 -0.05164764
v -0.01353325 -0.06726275 -0.05158206
v -0.01273924 -0.06727372 -0.05141252
v -0.01313980 -0.06726594 -0.05147238
v -0.01319845 -0.06726518 -0.05148542
v -0.01391112 -0.06726429 -0.05173992
v -0.01418211 -0.06726856 -0.05188962
v -0.01426305 -0.06727043 -0.05194108
v -0.01458877 -0.06728125 -0.05218486
v -0.01488242 -0.06729653 -0.05246727
v -0.01552746 -0.06722996 -0.05350251
v -0.01549799 -0.06724470 -0.05342938
v -0.01533056 -0.06729127 -0.05308560
v -0.01529378 -0.06729614 -0.05302174
v -0.01512490 -0.06730507 -0.05276404
v -0.01498608 -0.06730209 -0.05258564
v -0.01562200 -0.06715614 -0.05378144
v -0.01570362 -0.06701625 -0.05413460
v -0.01568026 -0.06707063 -0.05401375
v -0.01566811 -0.06709296 -0.05395894
v -0.01572868 -0.06692638 -0.05430492
v -0.01574433 -0.06682300 -0.05446922
v -0.01574881 -0.06676766 -0.05454667
v -0.01575152 -0.06670532 -0.05462689
v -0.01575141 -0.06657371 -0.05477661
v -0.01573437 -0.06627333 -0.05504459
v -0.05343100 -0.01327893 -0.12163173
v -0.05351284 -0.01511983 -0.12109991
v -0.05368834 -0.01494209 -0.12063020
v -0.05294331 -0.00384334 -0.12341002
v -0.05322751 -0.00378690 -0.12281888
v -0.05337134 -0.01523618 -0.12140208
v -0.05315782 -0.01346346 -0.12218272
v -0.05309373 -0.01156427 -0.12259065
v -0.05327385 -0.00761070 -0.12256868
v -0.05344247 -0.00372982 -0.12219907
v -0.05299895 -0.00771782 -0.12313236
v -0.05336573 -0.01140593 -0.12203755
v -0.05363665 -0.01309001 -0.12105337
v -0.05357081 -0.01124430 -0.12145703
v -0.05351962 -0.00937943 -0.12176060
v -0.05348190 -0.00750194 -0.12197718
v -0.05128864 -0.00122855 -0.03084838
v -0.05156130 -0.00122839 -0.03109613
v -0.05181261 -0.00122839 -0.03140819
v -0.05201896 -0.00122850 -0.03175134
v -0.05209789 -0.00122856 -0.03192421
v -0.05142616 -0.00122845 -0.03096214
v -0.05505439 -0.02499614 -0.11012220
v -0.05390423 -0.02178324 -0.11716041
v -0.05376208 -0.02090777 -0.11815315
v -0.05363074 -0.01994261 -0.11906346
v -0.05331345 -0.01657160 -0.12116788
v -0.05340491 -0.01776207 -0.12057531
v -0.05351124 -0.01888971 -0.11987243
v -0.05378934 -0.01604829 -0.12008436
v -0.05358544 -0.01631363 -0.12063938
v -0.05387337 -0.01714758 -0.11954150
v -0.05522526 -0.02444184 -0.10989615
v -0.05475454 -0.02397552 -0.11245168
v -0.05492752 -0.02342451 -0.11220151
v -0.05445116 -0.02278223 -0.11469876
v -0.05462733 -0.02225543 -0.11440107
v -0.05429999 -0.02209365 -0.11576904
v -0.05448222 -0.02159592 -0.11542278
v -0.05415451 -0.02133090 -0.11678921
v -0.05434160 -0.02086430 -0.11639874
v -0.05401734 -0.02048740 -0.11774446
v -0.05420800 -0.02005375 -0.11731476
v -0.05389053 -0.01955765 -0.11861852
v -0.05408439 -0.01916074 -0.11815087
v -0.05377527 -0.01854428 -0.11939574
v -0.05397239 -0.01818840 -0.11889479
v -0.05367294 -0.01745929 -0.12007117
v -0.05452374 -0.02451071 -0.11268906
v -0.05482849 -0.02553478 -0.11033748
v -0.05405599 -0.02257650 -0.11609775
v -0.05421460 -0.02329380 -0.11498061
v -0.05278168 -0.00875990 -0.03819508
v -0.05401975 -0.00889210 -0.04372416
v -0.05504247 -0.00900698 -0.04929553
v -0.05586842 -0.00910580 -0.05489586
v -0.05650849 -0.00918915 -0.06051721
v -0.05696779 -0.00925722 -0.06615368
v -0.05724755 -0.00930986 -0.07180098
v -0.05734550 -0.00934668 -0.07745578
v -0.05726335 -0.00936712 -0.08311535
v -0.05701392 -0.00937040 -0.08877733
v -0.05661043 -0.00935557 -0.09444196
v -0.05606383 -0.00932156 -0.10010955
v -0.05538449 -0.00926709 -0.10576588
v -0.05457883 -0.00919068 -0.11141378
v -0.05364944 -0.00909088 -0.11705455
v -0.05304811 -0.01344479 -0.12017708
v -0.05340750 -0.01726196 -0.11788956
v -0.05326873 -0.01609151 -0.11878472
v -0.05314882 -0.01482151 -0.11954586
v -0.05444900 -0.01821433 -0.11137008
v -0.05417829 -0.01821433 -0.11313275
v -0.05389598 -0.01821434 -0.11489362
v -0.05356843 -0.01833058 -0.11686161
v -0.05366050 -0.01889537 -0.11621626
v -0.05387741 -0.01904747 -0.11488852
v -0.05386002 -0.01988037 -0.11489345
v -0.05495540 -0.01821432 -0.10783953
v -0.05483789 -0.02197658 -0.10783524
v -0.05488082 -0.02075670 -0.10783663
v -0.05521489 -0.01871063 -0.10578018
v -0.05658686 -0.02371310 -0.08880618
v -0.05606408 -0.02881429 -0.09214882
v -0.05620796 -0.02366793 -0.09447084
v -0.05574829 -0.02686958 -0.09773025
v -0.05569070 -0.02357409 -0.10013715
v -0.05529722 -0.02500330 -0.10308746
v -0.05504559 -0.02342837 -0.10579100
v -0.05478505 -0.02329753 -0.10783943
v -0.05616130 -0.02991048 -0.08913840
v -0.05628936 -0.02848516 -0.08882143
v -0.05618561 -0.03077145 -0.08714021
v -0.05651041 -0.02848548 -0.08315801
v -0.05617430 -0.03155074 -0.08565984
v -0.05613415 -0.03242420 -0.08430853
v -0.05581010 -0.03586974 -0.08076076
v -0.05595822 -0.03455115 -0.08189451
v -0.05613404 -0.03319684 -0.07751264
v -0.05606041 -0.03345190 -0.08302337
v -0.05607795 -0.03325661 -0.08317551
v -0.05465542 -0.03239106 -0.05493364
v -0.05479407 -0.03716869 -0.06140755
v -0.05527934 -0.03267489 -0.06056029
v -0.05516404 -0.03738573 -0.06621721
v -0.05573405 -0.03290426 -0.06620181
v -0.05544477 -0.03758280 -0.07187068
v -0.05601990 -0.03307872 -0.07185379
v -0.05555701 -0.03771583 -0.07753085
v -0.05555753 -0.03774516 -0.07937557
v -0.05371237 -0.03660879 -0.05196059
v -0.05402379 -0.03676353 -0.05428936
v -0.05410614 -0.03680513 -0.05494571
v -0.05332502 -0.03642099 -0.04933803
v -0.05385840 -0.03205218 -0.04932769
v -0.05298185 -0.03625802 -0.04721263
v -0.05287910 -0.03165614 -0.04375028
v -0.05216055 -0.03587774 -0.04268720
v -0.05170132 -0.03119839 -0.03821435
v -0.05121542 -0.03545314 -0.03822045
v -0.05051691 -0.03514623 -0.03530445
v -0.05086265 -0.03529750 -0.03671215
v -0.05255643 -0.01774303 -0.03820018
v -0.05378095 -0.01800572 -0.04373107
v -0.05479460 -0.01823333 -0.04930404
v -0.05561532 -0.01842845 -0.05490585
v -0.05625355 -0.01859226 -0.06052861
v -0.05671408 -0.01872512 -0.06616640
v -0.05699789 -0.01882676 -0.07181494
v -0.05710258 -0.01889638 -0.07747081
v -0.05702979 -0.01893282 -0.08313125
v -0.05679232 -0.01893454 -0.08879376
v -0.05640344 -0.01889960 -0.09445841
v -0.05587414 -0.01882582 -0.10012527
v -0.05235736 -0.02223272 -0.03820403
v -0.05357065 -0.02256047 -0.04373629
v -0.05457644 -0.02284427 -0.04931046
v -0.05539221 -0.02308735 -0.05491340
v -0.05602803 -0.02329122 -0.06053721
v -0.05648847 -0.02345630 -0.06617602
v -0.05677433 -0.02358226 -0.07182549
v -0.05688308 -0.02366808 -0.07748217
v -0.05681632 -0.02371234 -0.08314327
v -0.05208021 -0.02671696 -0.03820876
v -0.05327836 -0.02710966 -0.04374269
v -0.05427313 -0.02744954 -0.04931835
v -0.05508143 -0.02774046 -0.05492266
v -0.05571292 -0.02798426 -0.06054777
v -0.05617185 -0.02818143 -0.06618781
v -0.05645882 -0.02833159 -0.07183843
v -0.05657116 -0.02843352 -0.07749610
v -0.04835982 -0.05594593 -0.06876869
v -0.04842753 -0.05568774 -0.06905535
v -0.04898011 -0.05568853 -0.06905458
v -0.04845266 -0.05558420 -0.06917290
v -0.04916451 -0.05526003 -0.06955114
v -0.04857957 -0.05496502 -0.06990956
v -0.04946541 -0.05443475 -0.07059361
v -0.04870205 -0.05400078 -0.07119492
v -0.04956068 -0.05412571 -0.07101799
v -0.04742138 -0.05820052 -0.06659749
v -0.04761004 -0.05785607 -0.06689643
v -0.04822074 -0.05709500 -0.06759582
v -0.04803742 -0.05691546 -0.06776838
v -0.04858744 -0.05647363 -0.06821097
v -0.04891864 -0.05582171 -0.06890573
v -0.04969607 -0.05362336 -0.07175509
v -0.04872854 -0.05362036 -0.07175932
v -0.04986386 -0.05281729 -0.07308853
v -0.04994840 -0.05222093 -0.07423390
v -0.04994945 -0.05221153 -0.07425331
v -0.05000387 -0.05146166 -0.07598525
v -0.00030028 -0.02389548 -0.14764749
v -0.00030028 -0.02378773 -0.14792751
v -0.00060077 -0.02378814 -0.14792635
v -0.03815426 -0.03200520 -0.12656514
v -0.01101705 -0.02440204 -0.14633040
v -0.00841280 -0.02418050 -0.14690651
v -0.00868955 -0.02403589 -0.14728248
v -0.04662081 -0.03740751 -0.11252864
v -0.04734336 -0.03849522 -0.10970018
v -0.04640982 -0.03849280 -0.10970026
v -0.04565847 -0.03755206 -0.11214574
v -0.04524614 -0.03711271 -0.11328889
v -0.04585784 -0.03646939 -0.11496865
v -0.04391534 -0.03465864 -0.11967303
v -0.04860783 -0.04114836 -0.10280089
v -0.03978624 -0.03186839 -0.12692080
v -0.04025409 -0.03213856 -0.12621844
v -0.04131433 -0.03279493 -0.12453263
v -0.04253167 -0.03360475 -0.12240985
v -0.00700715 -0.02393894 -0.14753450
v -0.00602897 -0.02389378 -0.14765191
v -0.00333043 -0.02381101 -0.14786708
v -0.00060077 -0.02397278 -0.14744635
v -0.00049826 -0.02397241 -0.14744750
v -0.00030248 -0.02390686 -0.14761789
v -0.04998761 -0.04856372 -0.08351911
v -0.04999113 -0.04869087 -0.08318844
v -0.04768388 -0.04075576 -0.10381955
v -0.04762492 -0.04062233 -0.10416602
v -0.04801072 -0.03973937 -0.10646483
v -0.04705973 -0.03950883 -0.10705905
v -0.04655171 -0.03869582 -0.10917225
v -0.04497347 -0.03557644 -0.11728948
v -0.03522160 -0.02964386 -0.13270378
v -0.03631106 -0.03011658 -0.13147488
v -0.03810324 -0.03096861 -0.12925991
v -0.02324815 -0.02636445 -0.14122917
v -0.04999835 -0.05001211 -0.07976960
v -0.04999908 -0.04881779 -0.08285772
v -0.04903794 -0.04244228 -0.09943622
v -0.04911856 -0.04272368 -0.09870449
v -0.04952612 -0.04446055 -0.09418811
v -0.00032144 -0.02392993 -0.14755793
v -0.00031338 -0.02392287 -0.14757629
v -0.01645265 -0.02481388 -0.14525999
v -0.01608538 -0.02501877 -0.14472669
v -0.01553043 -0.02493865 -0.14493492
v -0.00030959 -0.02391868 -0.14758717
v -0.00030372 -0.02390970 -0.14761052
v -0.04970364 -0.04549903 -0.09148789
v -0.04981442 -0.04634122 -0.08929807
v -0.04992612 -0.04754177 -0.08617640
v -0.01847347 -0.02540119 -0.14373304
v -0.01894096 -0.02518767 -0.14428824
v -0.02064742 -0.02580514 -0.14268325
v -0.02137271 -0.02561820 -0.14316903
v -0.02089615 -0.02585493 -0.14255382
v -0.02239300 -0.02581917 -0.14264660
v -0.02375232 -0.02610651 -0.14189960
v -0.02602897 -0.02664063 -0.14051107
v -0.02825712 -0.02723359 -0.13896960
v -0.03041715 -0.02788298 -0.13728142
v -0.03249476 -0.02858596 -0.13545394
v -0.03447012 -0.02933543 -0.13350558
v -0.00035811 -0.02394959 -0.14750682
v -0.00034940 -0.02394598 -0.14751621
v -0.01102256 -0.02421148 -0.14682598
v -0.01131753 -0.02423715 -0.14675926
v -0.01358492 -0.02468275 -0.14560029
v -0.01391128 -0.02449711 -0.14608346
v -0.01493568 -0.02461718 -0.14577134
v -0.00033775 -0.02394032 -0.14753093
v -0.00032886 -0.02393511 -0.14754444
v -0.00040886 -0.02396391 -0.14746961
v -0.00040032 -0.02396211 -0.14747426
v -0.00038201 -0.02395752 -0.14748621
v -0.00037314 -0.02395487 -0.14749309
v -0.00048971 -0.02397231 -0.14744776
v -0.00046866 -0.02397145 -0.14745000
v -0.00046062 -0.02397089 -0.14745146
v -0.00043798 -0.02396859 -0.14745742
v -0.00042977 -0.02396748 -0.14746033
v -0.00060115 -0.01933298 -0.14880615
v -0.00029989 -0.01935714 -0.14880449
v -0.00060084 -0.01527604 -0.14944963
v -0.00030017 -0.01530507 -0.14944871
v -0.00030023 -0.01298937 -0.14974906
v -0.02927739 -0.02730664 -0.13830094
v -0.03261220 -0.02754980 -0.13588904
v -0.01163292 -0.02048112 -0.14758109
v -0.02066985 -0.01344647 -0.14646764
v -0.05053677 -0.02249535 -0.11907050
v -0.05040627 -0.02266160 -0.11915867
v -0.04826096 -0.02286327 -0.12251119
v -0.04329128 -0.03078227 -0.12346537
v -0.04161324 -0.02795540 -0.12750912
v -0.04422724 -0.02793873 -0.12435413
v -0.04456916 -0.02943265 -0.12274967
v -0.04664146 -0.02715461 -0.12154157
v -0.04781092 -0.02581392 -0.12083054
v -0.04698060 -0.02677022 -0.12133771
v -0.04580701 -0.02296240 -0.12582369
v -0.05125183 -0.02015830 -0.11971875
v -0.05239809 -0.02001832 -0.11775675
v -0.05086791 -0.02206961 -0.11884470
v -0.05189206 -0.01761600 -0.12030352
v -0.05236236 -0.01500630 -0.12074108
v -0.05001478 -0.01514368 -0.12414987
v -0.04747051 -0.01519747 -0.12740768
v -0.04472653 -0.01517503 -0.13049901
v -0.04178625 -0.01508538 -0.13341315
v -0.03865739 -0.01493677 -0.13614123
v -0.03535004 -0.01473439 -0.13867313
v -0.03187494 -0.01447830 -0.14099428
v -0.02825242 -0.01417210 -0.14308180
v -0.02451038 -0.01382613 -0.14491186
v -0.01674616 -0.01303545 -0.14773895
v -0.01639295 -0.01566902 -0.14741698
v -0.01240483 -0.01523658 -0.14841077
v -0.00835251 -0.01477119 -0.14911209
v -0.00424657 -0.01426974 -0.14952275
v -0.00352297 -0.01955858 -0.14872113
v -0.00760787 -0.02004035 -0.14830355
v -0.01558690 -0.02088756 -0.14655642
v -0.02638360 -0.02449741 -0.14114077
v -0.02273813 -0.02417772 -0.14305036
v -0.03578965 -0.02774516 -0.13327852
v -0.03879525 -0.02788495 -0.13048366
v -0.04024502 -0.02287342 -0.13190283
v -0.03650346 -0.02524371 -0.13399699
v -0.03716764 -0.02271993 -0.13466352
v -0.03328622 -0.02504122 -0.13658747
v -0.03391374 -0.02251157 -0.13723262
v -0.02990698 -0.02478958 -0.13897702
v -0.03049516 -0.02225315 -0.13959894
v -0.02693065 -0.02195185 -0.14173865
v -0.02324648 -0.02162080 -0.14362396
v -0.01946112 -0.02126605 -0.14523450
v -0.04313030 -0.02295982 -0.12895541
v -0.01600575 -0.01828685 -0.14702155
v -0.01990383 -0.01867852 -0.14571968
v -0.02030789 -0.01607171 -0.14613231
v -0.02371672 -0.01904468 -0.14413135
v -0.02413952 -0.01644630 -0.14456266
v -0.02743138 -0.01938463 -0.14226907
v -0.02787376 -0.01679132 -0.14271942
v -0.03102781 -0.01969209 -0.14015198
v -0.03148982 -0.01710050 -0.14062041
v -0.03447733 -0.01995432 -0.13780649
v -0.03495867 -0.01736210 -0.13829049
v -0.03776101 -0.02016564 -0.13525629
v -0.03826096 -0.01757162 -0.13575324
v -0.04086838 -0.02032318 -0.13251327
v -0.04138660 -0.01772779 -0.13302208
v -0.04378471 -0.02041643 -0.12958322
v -0.04432281 -0.01782253 -0.13010466
v -0.04649450 -0.02043031 -0.12646976
v -0.04705708 -0.01784375 -0.12700662
v -0.04898532 -0.02034878 -0.12317807
v -0.04958066 -0.01777847 -0.12373531
v -0.05066399 -0.02233247 -0.11898411
v -0.05436361 -0.02187027 -0.11119643
v -0.05406012 -0.02073437 -0.11346802
v -0.05467271 -0.02293187 -0.10876663
v -0.05449456 -0.02233013 -0.11018588
v -0.04487882 -0.06104217 -0.06375305
v -0.04634100 -0.05971041 -0.06531473
v -0.04635671 -0.05971837 -0.06522229
v -0.04583520 -0.06020592 -0.06375304
v -0.04638252 -0.05965978 -0.06495713
v -0.04661787 -0.05932608 -0.06397272
v -0.04667085 -0.05924794 -0.06375306
v -0.04687602 -0.05904038 -0.06584302
v -0.04702764 -0.05882564 -0.06602515
v -0.04845478 -0.05560159 -0.07066827
v -0.04382095 -0.06174589 -0.06375308
v -0.04267463 -0.06230963 -0.06375310
v -0.04017304 -0.06299149 -0.06375314
v -0.04145420 -0.06272686 -0.06375312
v -0.00045002 -0.06516113 -0.05140000
v -0.01245241 -0.06500375 -0.05140000
v -0.00897714 -0.06508889 -0.05139985
v -0.00060077 -0.06516112 -0.05140000
v -0.01319837 -0.06498893 -0.05148567
v -0.01299105 -0.06499153 -0.05144447
v -0.01541799 -0.06507462 -0.05325292
v -0.01552674 -0.06509248 -0.05350147
v -0.01561546 -0.06511163 -0.05375956
v -0.01351884 -0.06498728 -0.05157712
v -0.01370662 -0.06498779 -0.05164776
v -0.01396338 -0.06499041 -0.05176659
v -0.01418202 -0.06499452 -0.05188981
v -0.01442387 -0.06500141 -0.05205360
v -0.01461233 -0.06500881 -0.05220513
v -0.01483208 -0.06502021 -0.05241391
v -0.01498601 -0.06503040 -0.05258583
v -0.01513916 -0.06504286 -0.05278409
v -0.01529371 -0.06505860 -0.05302161
v -0.01567994 -0.06513093 -0.05401243
v -0.01571758 -0.06514739 -0.05422299
v -0.01573110 -0.06521709 -0.05507465
v -0.01575169 -0.06519114 -0.05476456
v -0.01574843 -0.06517287 -0.05454148
v -0.01557391 -0.06527784 -0.05577059
v -0.01569495 -0.06523756 -0.05531380
v -0.01567440 -0.06577659 -0.05541331
v -0.01565203 -0.06529029 -0.05597148
v -0.01586249 -0.06587526 -0.05573334
v -0.01572670 -0.06530279 -0.05617369
v -0.01425170 -0.06449588 -0.04724313
v -0.02793762 -0.06382929 -0.04980309
v -0.02781420 -0.06358790 -0.04756861
v -0.02455812 -0.06392757 -0.04743871
v -0.02697308 -0.06208169 -0.03677836
v -0.02696288 -0.06206415 -0.03667493
v -0.02380572 -0.06236837 -0.03661796
v -0.00060153 -0.06486506 -0.04853061
v -0.00733979 -0.06466683 -0.04718927
v -0.00060197 -0.06471113 -0.04717581
v -0.00060249 -0.06418531 -0.04306186
v -0.00060151 -0.06337685 -0.03781322
v -0.00060210 -0.06377619 -0.04027447
v -0.00722137 -0.06369472 -0.04005779
v -0.00713854 -0.06310239 -0.03651479
v -0.01382640 -0.06292749 -0.03653614
v -0.02048625 -0.06260911 -0.03657879
v -0.02815717 -0.06429716 -0.05489870
v -0.02811422 -0.06480116 -0.06206000
v -0.02832090 -0.06476576 -0.06208678
v -0.02832043 -0.06476788 -0.06192463
v -0.02831784 -0.06475426 -0.06176331
v -0.02827253 -0.06459481 -0.05904863
v -0.02790541 -0.06482626 -0.06204399
v -0.02770758 -0.06484560 -0.06203574
v -0.02137663 -0.06490427 -0.05459163
v -0.02057391 -0.06523308 -0.05807541
v -0.02485475 -0.06464889 -0.05471977
v -0.02313966 -0.06514787 -0.05932640
v -0.02548694 -0.06502175 -0.06063315
v -0.01791588 -0.06528130 -0.05696093
v -0.02026103 -0.06524053 -0.05793488
v -0.02113143 -0.06418008 -0.04734723
v -0.02738936 -0.06280808 -0.04144541
v -0.02409936 -0.06295656 -0.04020773
v -0.02073981 -0.06320228 -0.04015153
v -0.01399665 -0.06352066 -0.04008932
v -0.00045512 -0.06472769 -0.04731663
v -0.00044311 -0.06377631 -0.04027446
v -0.02975817 -0.06309703 -0.06375758
v -0.02978762 -0.06310175 -0.06378262
v -0.02975312 -0.06309687 -0.06375328
v -0.03425151 -0.06309662 -0.06375322
v -0.03641075 -0.06309661 -0.06375320
v -0.02980101 -0.06310528 -0.06379403
v -0.02987383 -0.06314225 -0.06385602
v -0.02984165 -0.06312183 -0.06382866
v -0.02981691 -0.06311066 -0.06380758
v -0.02987771 -0.06314524 -0.06385931
v -0.02992691 -0.06319806 -0.06390111
v -0.02990791 -0.06317364 -0.06388494
v -0.02990126 -0.06316649 -0.06387930
v -0.02994233 -0.06322479 -0.06391434
v -0.02994666 -0.06323425 -0.06391805
v -0.02995798 -0.06326868 -0.06392782
v -0.02995922 -0.06327443 -0.06392889
v -0.02995284 -0.06325051 -0.06392339
v -0.02996231 -0.06329661 -0.06393155
v -0.02996260 -0.06330116 -0.06393181
v -0.02996133 -0.06333294 -0.06393068
v -0.02996057 -0.06333790 -0.06393001
v -0.02996273 -0.06331652 -0.06393190
v -0.02995599 -0.06335744 -0.06392604
v -0.02995514 -0.06336014 -0.06392530
v -0.02994877 -0.06337650 -0.06391981
v -0.02994448 -0.06338514 -0.06391612
v -0.02993880 -0.06339486 -0.06391125
v -0.02856631 -0.06461361 -0.06276951
v -0.02766079 -0.06476589 -0.06208514
v -0.02888212 -0.06522394 -0.06236874
v -0.02939079 -0.06432486 -0.06328345
v -0.02961045 -0.06434421 -0.06328867
v -0.02916653 -0.06430746 -0.06326018
v -0.02894582 -0.06446263 -0.06307780
v -0.02871193 -0.06457221 -0.06288685
v -0.02945313 -0.06426013 -0.06334083
v -0.02924555 -0.06424481 -0.06332599
v -0.02819638 -0.06414419 -0.06247879
v -0.04101384 -0.06217441 -0.06374495
v -0.03874280 -0.06283177 -0.06331660
v -0.02975312 -0.06214744 -0.06375328
v -0.03602539 -0.06346348 -0.06291353
v -0.03374630 -0.06391240 -0.06262709
v -0.03241322 -0.06415046 -0.06247519
v -0.02876156 -0.06471464 -0.06211521
v -0.04647250 -0.05940190 -0.06375306
v -0.04538120 -0.06015946 -0.06375308
v -0.04394313 -0.06097169 -0.06375310
v -0.04248897 -0.06163207 -0.06375312
v -0.04179251 -0.06190492 -0.06375313
v -0.02984077 -0.06325198 -0.06382776
v -0.00029996 -0.00336872 -0.15046366
v -0.00030010 -0.00649519 -0.15032518
v -0.00030020 -0.00972715 -0.15008788
v -0.00030020 -0.00980113 -0.15008131
v -0.04658892 -0.05944409 -0.06456398
v -0.04759012 -0.05859074 -0.06452796
v -0.04732064 -0.05903596 -0.06573822
v -0.04941692 -0.05695365 -0.06706816
v -0.05013279 -0.05597426 -0.06769205
v -0.05004557 -0.05546850 -0.06455404
v -0.03326790 -0.06392480 -0.06123915
v -0.05453959 -0.03872583 -0.06126424
v -0.05430191 -0.04214695 -0.06547371
v -0.05447204 -0.04369748 -0.07546183
v -0.05477544 -0.04222845 -0.07639959
v -0.05462409 -0.04281764 -0.07445930
v -0.05432482 -0.04437181 -0.07503537
v -0.05406196 -0.04551283 -0.07423558
v -0.05399315 -0.04580421 -0.07414267
v -0.05501774 -0.04096963 -0.07721481
v -0.05490758 -0.04155227 -0.07683598
v -0.05059407 -0.05524164 -0.06815912
v -0.05069019 -0.05427745 -0.06460185
v -0.04927383 -0.05712940 -0.06695621
v -0.04756780 -0.05772201 -0.06006183
v -0.04597547 -0.05913020 -0.06011697
v -0.04560491 -0.05940459 -0.06013575
v -0.04486124 -0.05990905 -0.06017854
v -0.04375893 -0.06056200 -0.06025228
v -0.04339894 -0.06075447 -0.06027859
v -0.04130099 -0.06171530 -0.06044877
v -0.04099611 -0.06183564 -0.06047547
v -0.03856055 -0.06266389 -0.06070164
v -0.03763364 -0.06292827 -0.06079238
v -0.03603138 -0.06333517 -0.06095338
v -0.03617740 -0.06330039 -0.06093853
v -0.04905878 -0.05588938 -0.06006822
v -0.04875727 -0.05631318 -0.06006093
v -0.04932053 -0.05659410 -0.06452380
v -0.04842735 -0.05674387 -0.06005668
v -0.04850425 -0.05763956 -0.06451424
v -0.04989322 -0.05454628 -0.06010736
v -0.04919985 -0.05568055 -0.06007280
v -0.04840021 -0.05808039 -0.06635011
v -0.05126457 -0.05303363 -0.06466445
v -0.05223996 -0.05042880 -0.06482485
v -0.05157785 -0.05083577 -0.06029714
v -0.05080032 -0.05274377 -0.06018791
v -0.05054349 -0.05329567 -0.06016050
v -0.05051552 -0.05335367 -0.06015775
v -0.05398544 -0.04173993 -0.06099584
v -0.05378437 -0.04273209 -0.06091047
v -0.05371354 -0.04495059 -0.06523862
v -0.05322594 -0.04524095 -0.06070253
v -0.05303861 -0.04771998 -0.06501988
v -0.05244497 -0.04819655 -0.06047594
v -0.05192163 -0.04986130 -0.06035998
v -0.05451545 -0.04250250 -0.06996308
v -0.05394135 -0.04525665 -0.06973324
v -0.05329282 -0.04797403 -0.06951662
v -0.05253751 -0.05063160 -0.06932046
v -0.05162475 -0.05319127 -0.06915542
v -0.05139869 -0.05372860 -0.06912469
v -0.05089349 -0.05471625 -0.06849436
v -0.05310412 -0.04917509 -0.07201137
v -0.05242727 -0.05125986 -0.07068910
v -0.05161514 -0.05326530 -0.06941895
v -0.04472594 -0.05470264 -0.03685165
v -0.04530848 -0.05526343 -0.04023729
v -0.04605337 -0.05421864 -0.04022790
v -0.05007026 -0.04031819 -0.03675213
v -0.04129920 -0.05805459 -0.03686457
v -0.05306029 -0.04221361 -0.05383664
v -0.05207231 -0.04153582 -0.04699489
v -0.05246772 -0.04491076 -0.05362856
v -0.05150454 -0.04414617 -0.04689486
v -0.05177062 -0.04757107 -0.05343892
v -0.05083417 -0.04672607 -0.04680433
v -0.05092843 -0.05017832 -0.05327593
v -0.05001679 -0.04929117 -0.04672941
v -0.04989445 -0.05268164 -0.05314958
v -0.04901284 -0.05178429 -0.04667477
v -0.04928930 -0.05387291 -0.05310426
v -0.04778092 -0.05412932 -0.04664724
v -0.04861607 -0.05501003 -0.05307356
v -0.04894264 -0.05537749 -0.05646438
v -0.04818068 -0.05644208 -0.05644715
v -0.04962669 -0.05424371 -0.05650056
v -0.05024064 -0.05305317 -0.05655301
v -0.05128830 -0.05054368 -0.05669760
v -0.05214212 -0.04791869 -0.05688274
v -0.05285133 -0.04522722 -0.05709702
v -0.05345548 -0.04249639 -0.05733205
v -0.04786753 -0.05608089 -0.05305991
v -0.04706579 -0.05521934 -0.04664661
v -0.04703594 -0.05707278 -0.05306597
v -0.04627540 -0.05624076 -0.04665671
v -0.04612280 -0.05797695 -0.05309224
v -0.04541125 -0.05718156 -0.04667750
v -0.04514203 -0.05879227 -0.05313629
v -0.04448942 -0.05803040 -0.04670719
v -0.04410360 -0.05952403 -0.05319577
v -0.04351522 -0.05879270 -0.04674428
v -0.04301628 -0.06017811 -0.05326846
v -0.04088460 -0.06156163 -0.05686779
v -0.04322271 -0.06048043 -0.05667117
v -0.04433487 -0.05983754 -0.05659116
v -0.03831534 -0.06214849 -0.05365168
v -0.03844037 -0.06241628 -0.05710003
v -0.04072444 -0.06127900 -0.05344525
v -0.04539764 -0.05911767 -0.05652632
v -0.04640085 -0.05831484 -0.05647903
v -0.04733292 -0.05742377 -0.05645182
v -0.03582398 -0.06283983 -0.05387549
v -0.03328715 -0.06340018 -0.05410864
v -0.03972568 -0.05977431 -0.04030108
v -0.04077330 -0.05922176 -0.04029177
v -0.03930334 -0.05923733 -0.03686294
v -0.04449711 -0.05623409 -0.04024797
v -0.04393844 -0.05567856 -0.03685674
v -0.04363712 -0.05710948 -0.04025917
v -0.04310517 -0.05655864 -0.03686064
v -0.04272940 -0.05789531 -0.04027046
v -0.04222561 -0.05734870 -0.03686327
v -0.04177464 -0.05859743 -0.04028145
v -0.03472343 -0.06085080 -0.03684168
v -0.03221601 -0.06136684 -0.03682343
v -0.02970295 -0.06175265 -0.03680328
v -0.03002108 -0.06230573 -0.04032451
v -0.03534183 -0.06183509 -0.04373360
v -0.03777897 -0.06113559 -0.04368097
v -0.03507618 -0.06138604 -0.04032303
v -0.03749192 -0.06068809 -0.04031554
v -0.03711209 -0.06015399 -0.03685534
v -0.03281048 -0.06236881 -0.04378215
v -0.03255170 -0.06190872 -0.04032482
v -0.03046788 -0.06319913 -0.04732808
v -0.03300972 -0.06276272 -0.04721661
v -0.03554269 -0.06221711 -0.04710609
v -0.03799836 -0.06151746 -0.04699516
v -0.04032138 -0.06061984 -0.04688646
v -0.04894743 -0.04525717 -0.03678903
v -0.04955872 -0.04279899 -0.03677108
v -0.04964942 -0.04576755 -0.04019481
v -0.04886794 -0.04828578 -0.04019976
v -0.04790527 -0.05076195 -0.04020806
v -0.04673035 -0.05311481 -0.04022009
v -0.05028283 -0.04327073 -0.04019330
v -0.05081567 -0.04074923 -0.04019269
v -0.04249327 -0.05947429 -0.04678737
v -0.04142754 -0.06008124 -0.04683517
v -0.05335467 -0.04548915 -0.07606843
v -0.05240576 -0.04805597 -0.07487608
v -0.05181710 -0.04889093 -0.07514804
v -0.05167672 -0.04813899 -0.07697300
v -0.05445733 -0.04115930 -0.07882265
v -0.05468333 -0.04196928 -0.07698304
v -0.05316024 -0.04469243 -0.07791708
v -0.05266996 -0.04372826 -0.08166713
v -0.05158919 -0.04739877 -0.07885703
v -0.05149780 -0.04593629 -0.08251280
v -0.05429056 -0.04049494 -0.08042875
v -0.05279643 -0.04750200 -0.07469566
v -0.04824210 -0.05750835 -0.06703177
v -0.05193710 -0.04974387 -0.07347351
v -0.04740997 -0.05869543 -0.06604365
v -0.04708516 -0.05881491 -0.06601828
v -0.04868940 -0.05729719 -0.06704559
v -0.05026172 -0.05544576 -0.06816763
v -0.04913671 -0.05708603 -0.06705941
v -0.05116346 -0.05371084 -0.06936140
v -0.05293093 -0.04851003 -0.07308360
v -0.05243642 -0.05027296 -0.07180558
v -0.04983083 -0.05474363 -0.06948789
v -0.04951328 -0.05543485 -0.06882817
v -0.04914553 -0.05613101 -0.06819652
v -0.04872316 -0.05682486 -0.06759652
v -0.04808768 -0.05801144 -0.06652771
v -0.04922630 -0.05655359 -0.06759828
v -0.05156140 -0.05121628 -0.07206760
v -0.05187940 -0.05195340 -0.07059641
v -0.04970363 -0.05578838 -0.06818208
v -0.05012573 -0.05501021 -0.06879238
v -0.05049714 -0.05422724 -0.06942464
v -0.05110649 -0.05267750 -0.07073694
v -0.05033359 -0.05340160 -0.07087746
v -0.05068638 -0.05215960 -0.07232963
v -0.05056148 -0.03362039 -0.10723147
v -0.04947660 -0.03527671 -0.10815966
v -0.04891409 -0.03432195 -0.11073895
v -0.04995037 -0.03623729 -0.10556399
v -0.05176324 -0.02841013 -0.11047879
v -0.05062903 -0.03008418 -0.11141975
v -0.05000186 -0.02911169 -0.11393008
v -0.05450898 -0.03860868 -0.08231360
v -0.05470848 -0.03416399 -0.08908985
v -0.05463378 -0.03313946 -0.09162206
v -0.05450910 -0.03220796 -0.09418879
v -0.05413702 -0.03037708 -0.09932466
v -0.05450008 -0.02685751 -0.10353459
v -0.05386497 -0.02503023 -0.10861053
v -0.05284872 -0.02671898 -0.10953841
v -0.05108929 -0.02269340 -0.11797856
v -0.04853981 -0.02696855 -0.11878186
v -0.04824310 -0.03336914 -0.11329282
v -0.04744261 -0.03240617 -0.11580095
v -0.04653588 -0.03142619 -0.11825765
v -0.04554037 -0.03041187 -0.12065942
v -0.05095917 -0.03914472 -0.09772202
v -0.05118357 -0.04012411 -0.09509948
v -0.05135587 -0.04113563 -0.09248688
v -0.05147416 -0.04221304 -0.08990303
v -0.05153475 -0.04338086 -0.08737411
v -0.05153930 -0.04463259 -0.08491535
v -0.05316308 -0.04008738 -0.08585194
v -0.05316917 -0.03876172 -0.08825204
v -0.05469781 -0.03609355 -0.08548409
v -0.05308745 -0.04158185 -0.08359653
v -0.05459138 -0.03771560 -0.08331680
v -0.05465487 -0.03687274 -0.08437224
v -0.05310677 -0.03761855 -0.09076532
v -0.05472311 -0.03474326 -0.08785228
v -0.05472008 -0.03538399 -0.08664690
v -0.05298492 -0.03660806 -0.09333888
v -0.05281164 -0.03566122 -0.09593572
v -0.05262379 -0.03025762 -0.10537310
v -0.05161630 -0.03193866 -0.10629752
v -0.05116322 -0.03101615 -0.10886793
v -0.05136275 -0.02340465 -0.11685520
v -0.04930049 -0.02808440 -0.11638784
v -0.05163196 -0.02404711 -0.11568483
v -0.05189371 -0.02463241 -0.11448488
v -0.05239270 -0.02572138 -0.11203834
v -0.05359264 -0.02855561 -0.10444722
v -0.05232275 -0.03379346 -0.10112725
v -0.05135199 -0.03550591 -0.10204272
v -0.05034883 -0.03720288 -0.10295709
f 1 2 3
f 63 1 3
f 63 3 64
f 64 4837 63
f 63 4837 4838
f 4837 4900 4838
f 4838 4900 4901
f 4900 4840 4901
f 4901 4840 4820
f 4820 4840 4839
f 4818 4820 4839
f 4839 8986 4818
f 4842 8986 4839
f 4842 8985 8986
f 4845 8985 4842
f 4841 4845 4842
f 4841 4844 4845
f 4843 4844 4841
f 4899 4843 4841
f 4899 4841 4900
f 4898 4843 4899
f 4836 4898 4899
f 4836 4899 4837
f 4835 4898 4836
f 67 4835 4836
f 69 4835 67
f 70 4835 69
f 69 68 70
f 70 68 71
f 70 71 72
f 72 4834 70
f 73 4834 72
f 73 4833 4834
f 4833 4896 4834
f 4834 4896 4897
f 4896 4851 4897
f 4897 4851 4846
f 4851 4853 4846
f 4846 4853 4854
f 4846 4854 4847
f 4854 8982 4847
f 4854 8956 8982
f 9007 8982 8956
f 9007 8956 9009
f 9009 8956 8981
f 9009 8981 9011
f 9011 8981 8980
f 9011 8980 9013
f 9012 9011 9013
f 9010 9011 9012
f 9012 9000 9010
f 9010 9000 9001
f 9000 8990 9001
f 9001 8990 8991
f 9001 8991 9002
f 9002 8991 8921
f 8991 8923 8921
f 8922 8921 8923
f 8922 8923 8902
f 8902 6453 8922
f 8922 6453 8920
f 8920 6453 8918
f 8918 6453 6455
f 6453 6454 6455
f 6453 6452 6454
f 6443 6452 6453
f 6443 6451 6452
f 6451 5866 6452
f 6451 5867 5866
f 5869 5867 6451
f 6442 5869 6451
f 6444 5869 6442
f 6442 6443 6444
f 6444 6443 6445
f 6443 6483 6445
f 6445 6483 6484
f 6483 6525 6484
f 6526 6525 6483
f 6526 6483 6443
f 6526 6443 8902
f 8902 6524 6526
f 6525 6524 8902
f 8902 8924 6525
f 6525 8924 8925
f 8990 8925 8924
f 8990 8926 8925
f 6528 8925 8926
f 6528 8926 6529
f 6529 8926 8927
f 6529 8927 6530
f 6488 6529 6530
f 6488 6530 6490
f 6489 6488 6490
f 6489 6490 6491
f 6491 5856 6489
f 6491 5858 5856
f 5857 5856 5858
f 5855 5856 5857
f 5855 5854 5856
f 5853 5854 5855
f 5855 6274 5853
f 5853 6274 6275
f 6274 6246 6275
f 6274 6245 6246
f 6273 6245 6274
f 6273 6244 6245
f 6244 6218 6245
f 6245 6218 6219
f 6218 6192 6219
f 6218 6191 6192
f 6217 6191 6218
f 6217 6190 6191
f 6190 6162 6191
f 6191 6162 6163
f 6162 6131 6163
f 6163 6131 6132
f 6131 6104 6132
f 6132 6104 6105
f 6104 6076 6105
f 6105 6076 6077
f 6105 6077 6106
f 6106 6077 6078
f 6077 6051 6078
f 6078 6051 6052
f 6078 6052 6079
f 6107 6078 6079
f 6107 6079 6108
f 6135 6107 6108
f 6135 6108 6136
f 6136 6108 6109
f 6108 6080 6109
f 6109 6080 6081
f 6109 6081 6110
f 6110 6081 6082
f 6081 6055 6082
f 6082 6055 6056
f 6082 6056 6083
f 6111 6082 6083
f 6111 6083 6112
f 6139 6111 6112
f 6139 6112 6140
f 6140 6112 6113
f 6112 6084 6113
f 6113 6084 6085
f 6113 6085 6114
f 6114 6085 6086
f 6085 6059 6086
f 6086 6059 6060
f 6086 6060 6087
f 6115 6086 6087
f 6115 6087 6116
f 6143 6115 6116
f 6143 6116 6144
f 6144 6116 6117
f 6116 6088 6117
f 6117 6088 6089
f 6117 6089 6118
f 6118 6089 6090
f 6089 6063 6090
f 6090 6063 6064
f 6090 6064 6091
f 6119 6090 6091
f 6119 6091 6120
f 6147 6119 6120
f 6147 6120 6148
f 6148 6120 6121
f 6120 6092 6121
f 6121 6092 6093
f 6121 6093 6122
f 6122 6093 6094
f 6093 6067 6094
f 6094 6067 6068
f 6094 6068 6095
f 6123 6094 6095
f 6181 6123 6095
f 6181 6095 6182
f 6182 6095 6096
f 6095 5796 6096
f 6096 5796 5795
f 6096 5795 8501
f 8501 5795 8502
f 5795 5794 8502
f 5794 6042 8502
f 5794 6041 6042
f 6041 6013 6042
f 6042 6013 6014
f 6042 6014 8503
f 6014 5798 8503
f 8503 5798 8504
f 5798 5797 8504
f 5797 5798 5799
f 5799 5933 5797
f 5797 5933 5932
f 5931 5932 5933
f 5932 5931 8505
f 8505 5931 5934
f 5934 8493 8505
f 5934 5372 8493
f 5934 5374 5372
f 5373 5372 5374
f 5373 5374 5375
f 5375 5374 5376
f 5930 5376 5374
f 5929 5376 5930
f 5933 5929 5930
f 5960 5929 5933
f 5960 5928 5929
f 5959 5928 5960
f 5986 5959 5960
f 5985 5959 5986
f 6012 5985 5986
f 6011 5985 6012
f 6040 6011 6012
f 6040 6012 6041
f 5796 6040 6041
f 6068 6040 5796
f 6068 6039 6040
f 6039 6011 6040
f 6039 6010 6011
f 6010 5984 6011
f 6010 5983 5984
f 5983 5957 5984
f 5984 5957 5958
f 5984 5958 5985
f 5957 5926 5958
f 5958 5926 5927
f 5926 5382 5927
f 5927 5382 5380
f 5927 5380 5928
f 5928 5380 5378
f 5379 5378 5380
f 5379 5380 5381
f 5381 5559 5379
f 5381 5558 5559
f 5615 5559 5558
f 5615 5558 5617
f 5616 5615 5617
f 5616 5617 5618
f 5572 5616 5618
f 5572 5618 5574
f 5574 5618 5620
f 5618 5619 5620
f 5620 5619 5621
f 5619 5556 5621
f 5619 5557 5556
f 5617 5557 5619
f 5557 5390 5556
f 5556 5390 5392
f 5390 5391 5392
f 5390 5389 5391
f 5923 5391 5389
f 5923 5389 5924
f 5955 5923 5924
f 5954 5923 5955
f 5981 5954 5955
f 5981 5955 5982
f 5982 5955 5956
f 5982 5956 5983
f 6009 5982 5983
f 6008 5982 6009
f 6037 6008 6009
f 6036 6008 6037
f 6065 6036 6037
f 6064 6036 6065
f 6064 6035 6036
f 6035 6007 6036
f 6035 6006 6007
f 6006 5980 6007
f 6007 5980 5981
f 6007 5981 6008
f 6006 5979 5980
f 5979 5953 5980
f 5980 5953 5954
f 5953 5922 5954
f 5953 5921 5922
f 5921 5394 5922
f 5922 5394 5391
f 5393 5391 5394
f 5393 5394 5395
f 5553 5393 5395
f 5556 5393 5553
f 5553 5395 5397
f 5395 5396 5397
f 5396 5424 5397
f 5397 5424 5425
f 5919 5425 5424
f 5919 5424 5920
f 5951 5919 5920
f 5950 5919 5951
f 5977 5950 5951
f 5977 5951 5978
f 5978 5951 5952
f 5978 5952 5979
f 6005 5978 5979
f 6004 5978 6005
f 6033 6004 6005
f 6032 6004 6033
f 6061 6032 6033
f 6060 6032 6061
f 6060 6031 6032
f 6031 6003 6032
f 6031 6002 6003
f 6002 5976 6003
f 6003 5976 5977
f 6003 5977 6004
f 6002 5975 5976
f 5975 5949 5976
f 5976 5949 5950
f 5949 5918 5950
f 5949 5917 5918
f 5917 5427 5918
f 5918 5427 5425
f 5426 5425 5427
f 5426 5427 5428
f 5428 5427 5429
f 5428 5429 5430
f 5430 5429 5431
f 5430 5431 5432
f 5552 5430 5432
f 5552 5432 5550
f 5550 5432 5433
f 5550 5433 5356
f 5550 5356 5551
f 5631 5550 5551
f 5631 5551 5633
f 5633 5551 5549
f 5633 5549 5635
f 5635 5549 5548
f 5635 5548 5636
f 5512 5635 5636
f 5634 5635 5512
f 5590 5634 5512
f 5588 5634 5590
f 5588 5632 5634
f 5586 5632 5588
f 5587 5586 5588
f 5585 5586 5587
f 5605 5585 5587
f 5605 5587 5606
f 5515 5605 5606
f 5543 5605 5515
f 5543 5604 5605
f 5542 5604 5543
f 5542 5603 5604
f 5541 5603 5542
f 5541 5602 5603
f 5540 5602 5541
f 5541 5281 5540
f 5540 5281 5286
f 5540 5286 5291
f 5285 5291 5286
f 5284 5285 5286
f 5284 5328 5285
f 5336 5328 5284
f 5338 5328 5336
f 5338 5329 5328
f 5340 5329 5338
f 5340 5295 5329
f 5289 5329 5295
f 5289 5295 5293
f 5292 5289 5293
f 5292 5293 5294
f 5294 5538 5292
f 5292 5538 5287
f 5287 5538 5539
f 5287 5539 5288
f 5287 5288 5289
f 5289 5288 5290
f 5289 5290 5285
f 5288 5539 5290
f 5290 5539 5540
f 5539 5601 5540
f 5539 5600 5601
f 5600 5577 5601
f 5601 5577 5579
f 5601 5579 5602
f 5602 5579 5581
f 5579 5580 5581
f 5579 5578 5580
f 5578 5624 5580
f 5578 5622 5624
f 5576 5622 5578
f 5577 5576 5578
f 5575 5576 5577
f 5575 5574 5576
f 5573 5574 5575
f 5599 5573 5575
f 5599 5575 5600
f 5538 5599 5600
f 5537 5599 5538
f 5537 5598 5599
f 5536 5598 5537
f 5537 5301 5536
f 5537 5302 5301
f 5297 5302 5537
f 5296 5302 5297
f 5295 5296 5297
f 5342 5296 5295
f 5344 5296 5342
f 5344 5298 5296
f 5298 5299 5296
f 5298 5307 5299
f 5298 5306 5307
f 5305 5306 5298
f 5346 5305 5298
f 5348 5305 5346
f 5348 5310 5305
f 5310 5311 5305
f 5305 5311 5312
f 5305 5312 5303
f 5303 5304 5305
f 5303 5534 5304
f 5304 5534 5535
f 5534 5596 5535
f 5535 5596 5597
f 5535 5597 5536
f 5536 5299 5535
f 5536 5300 5299
f 5596 5569 5597
f 5597 5569 5571
f 5597 5571 5598
f 5598 5571 5573
f 5571 5572 5573
f 5571 5570 5572
f 5569 5570 5571
f 5569 5568 5570
f 5568 5614 5570
f 5568 5612 5614
f 5566 5612 5568
f 5567 5566 5568
f 5565 5566 5567
f 5595 5565 5567
f 5594 5565 5595
f 5533 5594 5595
f 5533 5595 5534
f 5534 5311 5533
f 5533 5311 5309
f 5533 5309 5308
f 5316 5533 5308
f 5310 5316 5308
f 5310 5315 5316
f 5315 5532 5316
f 5315 5314 5532
f 5532 5314 5198
f 5198 5314 5313
f 5199 5198 5313
f 5198 5199 5200
f 5353 5200 5199
f 5353 5199 5352
f 5352 5214 5353
f 5353 5214 5211
f 5214 5215 5211
f 5211 5215 5216
f 5658 5216 5215
f 5658 5212 5216
f 5660 5212 5658
f 5660 5213 5212
f 5211 5212 5213
f 5319 5211 5213
f 5319 5213 5318
f 5318 5210 5319
f 5318 5661 5210
f 5210 5661 5204
f 5204 5206 5210
f 5204 5205 5206
f 5204 5665 5205
f 5665 8291 5205
f 5664 8291 5665
f 8290 8291 5664
f 5663 8290 5664
f 5663 5664 5204
f 5662 5663 5204
f 5204 5666 5662
f 5662 5666 8286
f 8286 8292 5662
f 5662 8292 8290
f 8292 8293 8290
f 8292 8295 8293
f 8295 8344 8293
f 8293 8344 8345
f 8293 8345 8291
f 8291 8345 5206
f 8345 5209 5206
f 5209 5208 5206
f 5320 5206 5208
f 5320 5208 5321
f 5321 5208 5207
f 5207 5529 5321
f 5321 5529 5530
f 5529 5516 5530
f 5530 5516 5518
f 5530 5518 5531
f 5531 5196 5530
f 5531 5317 5196
f 5531 5198 5317
f 5200 5196 5317
f 5197 5196 5200
f 5195 5196 5197
f 5320 5195 5197
f 5320 5197 5319
f 5319 5197 5200
f 5530 5196 5195
f 5531 5518 5593
f 5531 5593 5532
f 5532 5593 5594
f 5593 5563 5594
f 5593 5521 5563
f 5521 5562 5563
f 5521 5561 5562
f 5561 5608 5562
f 5608 5561 8371
f 8371 5522 5608
f 5523 5522 8371
f 5522 5523 5524
f 5609 5522 5524
f 5609 5524 5610
f 5610 5524 5611
f 5610 5611 5612
f 5612 5611 5613
f 5611 5560 5613
f 5611 5527 5560
f 5375 5560 5527
f 5377 5560 5375
f 5379 5560 5377
f 5613 5560 5559
f 5524 5527 5611
f 5524 5525 5527
f 5525 5526 5527
f 5526 5525 8369
f 8369 5525 8445
f 8369 8445 8370
f 8368 8369 8370
f 8370 8374 8368
f 8374 8493 8368
f 8374 8492 8493
f 8373 8492 8374
f 8373 8491 8492
f 8492 8491 8506
f 8506 8491 8490
f 8506 8490 8507
f 8490 8489 8507
f 8376 8489 8490
f 8384 8489 8376
f 8375 8384 8376
f 8375 8383 8384
f 8382 8383 8375
f 8375 8449 8382
f 8375 8448 8449
f 8377 8448 8375
f 8377 8447 8448
f 8447 8453 8448
f 8447 8452 8453
f 8446 8452 8447
f 8446 8371 8452
f 8371 8409 8452
f 8452 8409 8411
f 8409 8410 8411
f 8409 5520 8410
f 5561 5520 8409
f 5520 5519 8410
f 8410 5519 8364
f 8410 8364 8412
f 8412 8364 8431
f 8412 8431 8414
f 8414 8431 8433
f 8431 8432 8433
f 8433 8432 8434
f 8433 8434 8435
f 8435 8434 8436
f 8435 8436 8437
f 8418 8435 8437
f 8418 8437 8420
f 8419 8418 8420
f 8417 8418 8419
f 8456 8417 8419
f 8455 8417 8456
f 8455 8415 8417
f 8415 8416 8417
f 8415 8414 8416
f 8413 8414 8415
f 8454 8413 8415
f 8453 8413 8454
f 8453 8411 8413
f 8411 8412 8413
f 8454 8415 8455
f 8449 8454 8455
f 8449 8455 8450
f 8450 8455 8456
f 8450 8456 8451
f 8451 8456 8457
f 8451 8457 8472
f 8472 8387 8451
f 8380 8451 8387
f 8387 8388 8380
f 8380 8388 8389
f 8389 8388 8475
f 8475 8388 8486
f 8475 8486 8509
f 8509 8486 8484
f 8509 8484 8510
f 8484 8485 8510
f 8484 8390 8485
f 8484 8385 8390
f 8387 8390 8385
f 8387 8365 8390
f 8366 8365 8387
f 8365 8366 8367
f 8469 8367 8366
f 8467 8367 8469
f 8467 8391 8367
f 8465 8391 8467
f 8465 8474 8391
f 8480 8391 8474
f 8479 8391 8480
f 8511 8479 8480
f 8511 8480 8512
f 8600 8511 8512
f 8599 8511 8600
f 8599 8510 8511
f 8598 8510 8599
f 8591 8598 8599
f 8591 8599 8592
f 8583 8591 8592
f 8583 8592 8585
f 8585 8592 8593
f 8585 8593 8476
f 8593 8601 8476
f 8601 8494 8476
f 8477 8476 8494
f 8494 8483 8477
f 8494 8482 8483
f 8512 8482 8494
f 8512 8481 8482
f 8481 8473 8482
f 8481 8474 8473
f 8397 8473 8474
f 8395 8473 8397
f 8396 8395 8397
f 8463 8396 8397
f 8463 8397 8464
f 8464 8408 8463
f 8463 8408 8406
f 8463 8406 8462
f 8462 8406 8404
f 8462 8404 8461
f 8461 8404 8403
f 8866 8461 8403
f 8866 8402 8461
f 8401 8402 8866
f 8866 8400 8401
f 8400 8394 8401
f 8400 8399 8394
f 8398 8399 8400
f 8477 8399 8398
f 8477 8394 8399
f 8401 8394 8396
f 8866 8398 8400
f 8476 8398 8866
f 8476 8866 8545
f 8545 8527 8476
f 8527 8528 8476
f 8527 8526 8528
f 8525 8526 8527
f 8525 8524 8526
f 8524 8534 8526
f 8526 8534 8535
f 8534 8556 8535
f 8535 8556 8558
f 8556 8557 8558
f 8558 8557 8559
f 8557 8567 8559
f 8557 8566 8567
f 8555 8566 8557
f 8555 8565 8566
f 8565 8576 8566
f 8565 8574 8576
f 8564 8574 8565
f 8564 8572 8574
f 8572 8573 8574
f 8574 8573 8575
f 8573 8587 8575
f 8573 8586 8587
f 8571 8586 8573
f 8571 8503 8586
f 8502 8503 8571
f 8570 8502 8571
f 8570 8571 8572
f 8563 8570 8572
f 8562 8570 8563
f 8549 8562 8563
f 8549 8563 8551
f 8550 8549 8551
f 8550 8551 8552
f 8552 8551 8553
f 8551 8564 8553
f 8552 8553 8554
f 8533 8552 8554
f 8532 8552 8533
f 8522 8532 8533
f 8522 8533 8524
f 8523 8522 8524
f 8521 8522 8523
f 8543 8521 8523
f 8542 8521 8543
f 8542 8519 8521
f 8519 8520 8521
f 8519 8518 8520
f 8517 8518 8519
f 8541 8517 8519
f 8540 8517 8541
f 8540 8515 8517
f 8515 8516 8517
f 8515 8514 8516
f 8514 8529 8516
f 8516 8529 8530
f 8516 8530 8518
f 8518 8530 8531
f 8530 8548 8531
f 8531 8548 8550
f 8531 8550 8532
f 8520 8531 8532
f 8530 8546 8548
f 8546 8547 8548
f 8548 8547 8549
f 8546 8499 8547
f 8499 8500 8547
f 8547 8500 8562
f 8500 8501 8562
f 8500 6182 8501
f 8499 6154 8500
f 6151 6154 8499
f 6152 6151 8499
f 8498 6152 8499
f 5791 6152 8498
f 5792 5791 8498
f 5791 5792 5793
f 5793 6153 5791
f 5793 6180 6153
f 6208 6180 5793
f 6208 6179 6180
f 6179 6148 6180
f 6180 6148 6149
f 6207 6179 6208
f 6207 6178 6179
f 6206 6178 6207
f 6206 6177 6178
f 6205 6177 6206
f 6205 6176 6177
f 6204 6176 6205
f 6231 6204 6205
f 6231 6205 6232
f 6258 6231 6232
f 6258 6232 6259
f 6287 6258 6259
f 6287 6259 6288
f 5884 6287 6288
f 5884 6288 5787
f 5787 6288 6289
f 6288 6260 6289
f 6289 6260 6261
f 6260 6234 6261
f 6261 6234 5790
f 6261 5790 6262
f 6290 6261 6262
f 6290 6262 8496
f 8495 6290 8496
f 8495 8496 8513
f 8513 8496 8514
f 8496 8497 8514
f 8496 5789 8497
f 5789 5788 8497
f 5788 5789 5790
f 5790 5793 5788
f 5788 5792 8497
f 8538 8495 8513
f 8537 8495 8538
f 8945 8537 8538
f 8944 8537 8945
f 8943 8537 8944
f 8943 5889 8537
f 5889 5786 8537
f 5786 5889 5787
f 5785 5786 5787
f 5786 5785 8495
f 5787 5889 5890
f 5889 6435 5890
f 5889 8888 6435
f 8889 8888 5889
f 8868 8888 8889
f 8868 6436 8888
f 8887 6436 8868
f 8868 8948 8887
f 8887 8948 8987
f 8948 8950 8987
f 8948 8949 8950
f 8950 8949 8951
f 8950 8951 4819
f 4819 8951 8952
f 9169 4819 8952
f 9169 4820 4819
f 9168 4820 9169
f 9167 4820 9168
f 4818 8950 4819
f 8948 8867 8949
f 8987 8950 8986
f 8987 8986 8988
f 8886 8987 8988
f 8886 8988 8885
f 8885 8281 8886
f 8886 8281 8282
f 8886 8282 8887
f 8282 6438 8887
f 8282 6439 6438
f 6437 6438 6439
f 6440 6437 6439
f 5891 6437 6440
f 5891 6440 6441
f 6441 5885 5891
f 5884 5891 5885
f 5884 5890 5891
f 5884 5885 5886
f 5886 5885 5887
f 5886 5887 5879
f 5879 6286 5886
f 5886 6286 6287
f 5879 6285 6286
f 5881 6285 5879
f 5879 5880 5881
f 5879 5888 5880
f 6461 5880 5888
f 6450 5880 6461
f 6450 5882 5880
f 6448 5882 6450
f 6448 6469 5882
f 6469 5883 5882
f 6469 5875 5883
f 5874 5883 5875
f 5874 5875 5876
f 5876 5875 5877
f 5876 5877 5873
f 5873 6282 5876
f 5876 6282 6283
f 6282 6254 6283
f 6282 6253 6254
f 6281 6253 6282
f 6281 6252 6253
f 6252 6226 6253
f 6253 6226 6227
f 6226 6200 6227
f 6226 6199 6200
f 6225 6199 6226
f 6225 6198 6199
f 6198 6170 6199
f 6199 6170 6171
f 6170 6139 6171
f 6170 6138 6139
f 6169 6138 6170
f 6169 6137 6138
f 6137 6110 6138
f 6138 6110 6111
f 6168 6137 6169
f 6168 6136 6137
f 6167 6136 6168
f 6196 6167 6168
f 6196 6168 6197
f 6223 6196 6197
f 6223 6197 6224
f 6224 6197 6198
f 6197 6169 6198
f 6250 6223 6224
f 6250 6224 6251
f 6251 6224 6225
f 6251 6225 6252
f 6280 6251 6252
f 6279 6251 6280
f 5865 6279 6280
f 5865 6280 5872
f 5871 5865 5872
f 5866 5865 5871
f 6454 5866 5871
f 6454 5871 6465
f 6465 5871 5878
f 5873 5878 5871
f 6465 5878 5877
f 6466 6465 5877
f 6466 5877 6468
f 6467 6466 6468
f 6455 6466 6467
f 8911 6455 6467
f 8911 6467 8912
f 8910 8911 8912
f 8912 8936 8910
f 8989 8910 8936
f 8989 8919 8910
f 9003 8919 8989
f 9003 8921 8919
f 8920 8919 8921
f 9005 9003 8989
f 9006 9003 9005
f 9005 8983 9006
f 9005 8984 8983
f 8983 8984 4848
f 4848 4847 8983
f 4843 4847 4848
f 4848 4849 4843
f 4843 4849 4850
f 8984 4850 4849
f 4844 4850 8984
f 8984 4849 4848
f 8955 8984 9005
f 8955 8985 8984
f 8988 8985 8955
f 8955 8932 8988
f 8933 8932 8955
f 8870 8932 8933
f 8870 8933 8934
f 8934 6447 8870
f 6449 8870 6447
f 6449 8871 8870
f 8281 8871 6449
f 6449 6463 8281
f 6449 6462 6463
f 6449 6461 6462
f 6463 6462 6441
f 6462 5887 6441
f 6462 5888 5887
f 6463 6441 6464
f 6464 6441 6439
f 8281 6463 6464
f 8870 8871 8872
f 8872 8871 8885
f 6447 6448 6449
f 8912 6447 8934
f 8934 8935 8912
f 8934 8933 8935
f 8872 8932 8870
f 8955 8935 8933
f 8955 8989 8935
f 8988 8932 8872
f 9006 8983 9007
f 9006 9007 9008
f 9008 9002 9006
f 9006 9002 9003
f 9005 8989 8955
f 8918 8910 8919
f 8989 8936 8935
f 8912 8935 8936
f 8911 8910 8918
f 8912 6467 6447
f 6467 6468 6447
f 6447 6468 6469
f 6455 6465 6466
f 5871 5872 5873
f 5872 6281 5873
f 5872 6280 6281
f 5868 6279 5865
f 5868 6278 6279
f 5860 6278 5868
f 5860 6277 6278
f 5862 6277 5860
f 5862 6276 6277
f 5851 6276 5862
f 5862 5863 5851
f 5851 5863 5864
f 5851 5864 5852
f 5852 5864 6485
f 6487 5852 6485
f 6485 6486 6487
f 6485 6484 6486
f 6484 6528 6486
f 6487 6486 6488
f 6489 5852 6487
f 6489 5854 5852
f 5851 5852 5853
f 6485 5864 5863
f 6485 5863 6445
f 6445 5863 5861
f 5862 5861 5863
f 5851 6275 6276
f 6275 6247 6276
f 6276 6247 6248
f 6247 6221 6248
f 6248 6221 6222
f 6221 6195 6222
f 6222 6195 6196
f 6221 6194 6195
f 6194 6166 6195
f 6195 6166 6167
f 6166 6135 6167
f 6166 6134 6135
f 6165 6134 6166
f 6165 6133 6134
f 6133 6106 6134
f 6134 6106 6107
f 6164 6133 6165
f 6164 6132 6133
f 6193 6164 6165
f 6193 6165 6194
f 6220 6193 6194
f 6219 6193 6220
f 6246 6219 6220
f 6246 6220 6247
f 6192 6164 6193
f 6192 6163 6164
f 6194 6165 6166
f 6220 6194 6221
f 6248 6222 6249
f 6249 6222 6223
f 6277 6248 6249
f 6247 6220 6221
f 6276 6248 6277
f 5860 5861 5862
f 5860 5870 5861
f 5860 5869 5870
f 5861 5870 6444
f 6277 6249 6278
f 6278 6249 6250
f 5868 5869 5860
f 6278 6250 6279
f 5865 5867 5868
f 6279 6250 6251
f 6249 6223 6250
f 6222 6196 6223
f 6195 6167 6196
f 6197 6168 6169
f 6198 6169 6170
f 6224 6198 6225
f 6199 6171 6200
f 6200 6171 6172
f 6171 6140 6172
f 6172 6140 6141
f 6172 6141 6173
f 6201 6172 6173
f 6201 6173 6202
f 6202 6173 6174
f 6202 6174 6203
f 6203 6174 6175
f 6174 6143 6175
f 6174 6142 6143
f 6203 6175 6204
f 6230 6203 6204
f 6229 6203 6230
f 6256 6229 6230
f 6255 6229 6256
f 6284 6255 6256
f 6283 6255 6284
f 5874 6283 6284
f 5874 6284 5881
f 5881 5882 5874
f 6284 6256 6285
f 6285 6256 6257
f 6255 6228 6229
f 6228 6202 6229
f 6254 6228 6255
f 6254 6227 6228
f 6227 6201 6228
f 6256 6230 6257
f 6257 6230 6231
f 6229 6202 6203
f 6173 6142 6174
f 6228 6201 6202
f 6173 6141 6142
f 6141 6114 6142
f 6142 6114 6115
f 6200 6172 6201
f 6227 6200 6201
f 6252 6225 6226
f 6280 6252 6281
f 6253 6227 6254
f 6283 6254 6255
f 5873 6281 6282
f 5873 5877 5878
f 6468 5877 5875
f 5876 6283 5874
f 6468 5875 6469
f 5874 5882 5883
f 6447 6469 6448
f 6449 6448 6450
f 6450 6461 6449
f 6461 5888 6462
f 5881 5880 5882
f 5881 6284 6285
f 6285 6257 6286
f 6286 6257 6258
f 5879 5887 5888
f 6441 5887 5885
f 5890 6437 5891
f 6440 6439 6441
f 6437 6436 6438
f 6435 6436 6437
f 8282 6464 6439
f 8281 6464 8282
f 8885 8871 8281
f 8988 8872 8885
f 8887 8987 8886
f 8868 8867 8948
f 8866 8867 8868
f 8866 8868 8890
f 8868 8914 8890
f 8868 8913 8914
f 8909 8913 8868
f 8908 8909 8868
f 8868 8938 8908
f 8868 8937 8938
f 8937 8542 8938
f 8931 8542 8937
f 8931 8541 8542
f 8930 8541 8931
f 8930 8931 8868
f 8868 8942 8930
f 8868 8941 8942
f 8941 8540 8942
f 8940 8540 8941
f 8940 8539 8540
f 8939 8539 8940
f 8939 8940 8868
f 8868 8947 8939
f 8868 8946 8947
f 8945 8946 8868
f 8946 8538 8947
f 8947 8538 8539
f 8947 8539 8939
f 8940 8941 8868
f 8942 8541 8930
f 8931 8937 8868
f 8887 6438 6436
f 8889 8943 8868
f 8888 6436 6435
f 5890 6435 6437
f 8889 5889 8943
f 8868 8943 8944
f 8868 8944 8945
f 8945 8538 8946
f 8537 5786 8495
f 8538 8513 8539
f 8539 8513 8515
f 5785 6290 8495
f 5785 6289 6290
f 6262 5789 8496
f 6262 5790 5789
f 6234 6208 5790
f 6260 6233 6234
f 6233 6207 6234
f 6259 6233 6260
f 6289 6261 6290
f 5787 6289 5785
f 5787 5890 5884
f 5886 6287 5884
f 6288 6259 6260
f 6286 6258 6287
f 6259 6232 6233
f 6232 6206 6233
f 6257 6231 6258
f 6230 6204 6231
f 6204 6175 6176
f 6175 6144 6176
f 6176 6144 6145
f 6176 6145 6177
f 6177 6145 6146
f 6145 6118 6146
f 6146 6118 6119
f 6232 6205 6206
f 6177 6146 6178
f 6178 6146 6147
f 6233 6206 6207
f 6178 6147 6179
f 6234 6207 6208
f 5790 6208 5793
f 6180 6149 6153
f 6153 6149 6150
f 6149 6122 6150
f 6150 6122 6123
f 6154 6150 6123
f 6153 6150 6154
f 5788 5793 5792
f 8497 5792 8498
f 8497 8498 8529
f 8529 8498 8546
f 5791 6153 6152
f 6151 6152 6153
f 6151 6153 6154
f 6154 6181 8500
f 8498 8499 8546
f 8529 8546 8530
f 8514 8497 8529
f 8513 8514 8515
f 8539 8515 8540
f 8942 8540 8541
f 8517 8516 8518
f 8518 8531 8520
f 8541 8519 8542
f 8938 8542 8543
f 8938 8543 8908
f 8543 8909 8908
f 8543 8913 8909
f 8544 8913 8543
f 8544 8914 8913
f 8544 8890 8914
f 8545 8890 8544
f 8544 8525 8545
f 8544 8523 8525
f 8543 8523 8544
f 8521 8520 8522
f 8520 8532 8522
f 8533 8554 8534
f 8554 8553 8555
f 8554 8555 8556
f 8532 8550 8552
f 8548 8549 8550
f 8551 8563 8564
f 8547 8562 8549
f 8562 8501 8570
f 8586 8594 8587
f 8587 8594 8595
f 8587 8595 8588
f 8588 8595 8596
f 8595 8507 8596
f 8596 8507 8508
f 8596 8508 8597
f 8589 8596 8597
f 8589 8597 8590
f 8579 8589 8590
f 8579 8590 8581
f 8581 8590 8591
f 8580 8579 8581
f 8580 8581 8582
f 8582 8581 8583
f 8582 8583 8584
f 8569 8582 8584
f 8569 8584 8476
f 8561 8569 8476
f 8561 8568 8569
f 8559 8568 8561
f 8560 8559 8561
f 8560 8561 8476
f 8536 8560 8476
f 8536 8558 8560
f 8568 8582 8569
f 8568 8580 8582
f 8567 8580 8568
f 8567 8578 8580
f 8578 8579 8580
f 8578 8577 8579
f 8576 8577 8578
f 8576 8575 8577
f 8575 8588 8577
f 8577 8588 8589
f 8577 8589 8579
f 8590 8597 8598
f 8597 8509 8598
f 8597 8508 8509
f 8507 8488 8508
f 8488 8487 8508
f 8383 8487 8488
f 8381 8487 8383
f 8381 8475 8487
f 8508 8487 8475
f 8588 8596 8589
f 8594 8506 8595
f 8594 8505 8506
f 8504 8505 8594
f 8586 8504 8594
f 8575 8587 8588
f 8572 8571 8573
f 8563 8572 8564
f 8553 8564 8565
f 8574 8575 8576
f 8566 8576 8578
f 8553 8565 8555
f 8566 8578 8567
f 8559 8567 8568
f 8558 8559 8560
f 8556 8555 8557
f 8535 8558 8536
f 8528 8535 8536
f 8534 8554 8556
f 8524 8533 8534
f 8523 8524 8525
f 8526 8535 8528
f 8528 8536 8476
f 8545 8525 8527
f 8545 8866 8890
f 8401 8396 8402
f 8462 8402 8396
f 8405 8866 8403
f 8405 8867 8866
f 8349 8867 8405
f 8349 8949 8867
f 8348 8949 8349
f 8348 8951 8949
f 8314 8951 8348
f 8316 8951 8314
f 8316 8952 8951
f 8306 8952 8316
f 8316 8317 8306
f 8316 8315 8317
f 8315 8332 8317
f 8317 8332 8333
f 8317 8333 8318
f 8318 8333 8334
f 8318 8334 8307
f 8307 8334 8335
f 8334 8352 8335
f 8334 8351 8352
f 8408 8352 8351
f 8407 8352 8408
f 8407 8429 8352
f 8407 8427 8429
f 8427 8428 8429
f 8427 8426 8428
f 8425 8426 8427
f 8460 8425 8427
f 8459 8425 8460
f 8459 8423 8425
f 8423 8424 8425
f 8423 8422 8424
f 8421 8422 8423
f 8458 8421 8423
f 8457 8421 8458
f 8457 8419 8421
f 8421 8420 8422
f 8420 8439 8422
f 8422 8439 8441
f 8439 8440 8441
f 8441 8440 8442
f 8441 8442 8443
f 8443 8442 8444
f 8426 8443 8444
f 8424 8443 8426
f 8442 8356 8444
f 8444 8356 8355
f 8338 8355 8356
f 8337 8355 8338
f 8313 8337 8338
f 8313 8338 8305
f 8305 8338 8339
f 8305 8339 8303
f 8302 8305 8303
f 8304 8305 8302
f 8302 8321 8304
f 8304 8321 8320
f 8304 8320 8312
f 8312 8320 8331
f 9169 8331 8320
f 8320 8319 9169
f 9169 8319 9168
f 9168 8319 9167
f 9167 8319 8284
f 9167 8284 8283
f 8283 8324 9167
f 8285 8324 8283
f 8285 8322 8324
f 8330 8322 8285
f 8285 8302 8330
f 8330 8302 8300
f 8330 8300 8329
f 8329 8300 8298
f 8300 8301 8298
f 8300 8303 8301
f 8303 8340 8301
f 8301 8340 8341
f 8301 8341 8299
f 8299 8341 8342
f 8299 8342 8297
f 8297 8342 8343
f 8342 8360 8343
f 8342 8359 8360
f 8436 8360 8359
f 8436 8359 8438
f 8438 8359 8358
f 8438 8358 8440
f 8440 8358 8357
f 8340 8357 8358
f 8339 8357 8340
f 8339 8356 8357
f 8341 8358 8359
f 8343 8360 8361
f 8343 8361 8344
f 8344 8361 8346
f 8432 8346 8361
f 8430 8346 8432
f 8430 5207 8346
f 8346 5207 5209
f 8434 8361 8360
f 8297 8343 8295
f 8294 8297 8295
f 8296 8297 8294
f 8289 8296 8294
f 8289 8294 8286
f 8286 5670 8289
f 8289 5670 8328
f 8328 5670 8287
f 5670 5668 8287
f 5668 5667 8287
f 8287 5667 8288
f 8287 8288 8325
f 8325 8288 8326
f 4578 8326 8288
f 4578 8288 932
f 4578 932 4579
f 4579 932 3579
f 4579 3579 4580
f 4580 3579 3581
f 3582 3581 3579
f 3582 3579 3583
f 3583 3577 3582
f 3582 3577 3594
f 3582 3594 3580
f 3580 3594 3595
f 3566 3595 3594
f 3566 3594 3568
f 3567 3566 3568
f 3565 3566 3567
f 3607 3565 3567
f 3608 3565 3607
f 3608 3563 3565
f 3609 3563 3608
f 3609 3561 3563
f 3615 3561 3609
f 3614 3561 3615
f 3624 3614 3615
f 3624 3615 3625
f 3684 3624 3625
f 3684 3625 3685
f 3685 3625 3626
f 3625 3609 3626
f 3685 3626 3686
f 3686 3694 3685
f 3685 3694 3695
f 3694 3709 3695
f 3694 3708 3709
f 3708 3724 3709
f 3709 3724 3725
f 3709 3725 3710
f 3710 3725 3726
f 3725 3739 3726
f 3726 3739 3740
f 3726 3740 3727
f 3711 3726 3727
f 3711 3727 3712
f 3697 3711 3712
f 3697 3712 3698
f 3698 3712 3713
f 3712 3728 3713
f 3713 3728 3729
f 3713 3729 3714
f 3699 3713 3714
f 3699 3714 3700
f 3700 3714 3715
f 3714 3730 3715
f 3715 3730 3731
f 3730 3744 3731
f 3730 3743 3744
f 3743 3758 3744
f 3743 3757 3758
f 3742 3757 3743
f 3729 3742 3743
f 3742 3756 3757
f 3756 3656 3757
f 3757 3656 3653
f 3655 3653 3656
f 3655 3656 3657
f 3657 3656 3658
f 3658 3774 3657
f 3657 3774 3775
f 3775 3774 3863
f 3863 3776 3775
f 3654 3775 3776
f 3654 3776 3652
f 3652 3653 3654
f 3652 3650 3653
f 3758 3653 3650
f 3758 3650 3759
f 3759 3650 3648
f 3759 3648 3760
f 3745 3759 3760
f 3744 3759 3745
f 3745 3760 3746
f 3746 3760 3761
f 3760 3645 3761
f 3761 3645 3643
f 3761 3643 3762
f 3762 3643 3641
f 3762 3641 3763
f 3763 3641 3639
f 3640 3639 3641
f 3635 3639 3640
f 3635 3638 3639
f 3637 3638 3635
f 3635 3636 3637
f 3636 3635 3766
f 3766 3767 3636
f 3636 3767 4225
f 3767 3854 4225
f 4225 3854 4226
f 3854 4227 4226
f 3854 4238 4227
f 3864 4238 3854
f 3864 4239 4238
f 3864 4240 4239
f 3865 4240 3864
f 3864 3848 3865
f 3865 3848 3849
f 3848 3834 3849
f 3848 3826 3834
f 3826 3815 3834
f 3834 3815 3822
f 3834 3822 3835
f 3835 3822 3823
f 3822 3812 3823
f 3823 3812 3813
f 3823 3813 3824
f 3824 3813 3814
f 3824 3814 3825
f 3837 3824 3825
f 3837 3825 3838
f 3855 3838 3825
f 3871 3838 3855
f 3871 3853 3838
f 3852 3838 3853
f 3869 3852 3853
f 3869 3853 3870
f 3881 3870 3853
f 3792 3870 3881
f 3792 3881 3793
f 3793 3881 3882
f 3881 3871 3882
f 3882 3871 3872
f 3882 3872 3883
f 3883 3872 3873
f 3883 3873 3884
f 3884 3873 3874
f 3884 3874 3885
f 3796 3884 3885
f 3796 3885 3797
f 3797 3885 3886
f 3885 3875 3886
f 3886 3875 3876
f 3875 3859 3876
f 3875 3858 3859
f 3858 3843 3859
f 3858 3842 3843
f 3857 3842 3858
f 3857 3841 3842
f 3856 3841 3857
f 3873 3856 3857
f 3856 3840 3841
f 3840 3827 3841
f 3840 3814 3827
f 3827 3814 3805
f 3827 3805 3816
f 3816 3805 3784
f 3816 3784 3807
f 3807 3784 3786
f 3784 3785 3786
f 3786 3785 3767
f 3791 3767 3785
f 3791 3785 3804
f 3812 3791 3804
f 3806 3791 3812
f 3806 3767 3791
f 3815 3767 3806
f 3789 3786 3767
f 3767 3788 3789
f 3808 3789 3788
f 3808 3788 3809
f 3809 3788 3790
f 3809 3790 3810
f 3787 3810 3790
f 3811 3810 3787
f 3811 3820 3810
f 3819 3810 3820
f 3831 3819 3820
f 3830 3819 3831
f 3830 3818 3819
f 3829 3818 3830
f 3843 3829 3830
f 3843 3830 3844
f 3829 3817 3818
f 3828 3817 3829
f 3842 3828 3829
f 3828 3816 3817
f 3817 3808 3818
f 3817 3807 3808
f 3818 3809 3819
f 3844 3830 3831
f 3844 3831 3845
f 3860 3844 3845
f 3860 3845 3861
f 3877 3860 3861
f 3877 3861 3878
f 3888 3877 3878
f 3888 3878 3889
f 3800 3888 3889
f 3800 3889 3801
f 3801 3889 3890
f 3889 3879 3890
f 3880 3890 3879
f 3880 3879 3863
f 3863 3879 3862
f 3863 3862 3847
f 3847 3862 3846
f 3861 3846 3862
f 3847 3846 3833
f 3833 3778 3847
f 3778 3777 3847
f 3847 3777 3776
f 3651 3777 3778
f 3651 3778 3649
f 3649 3650 3651
f 3649 3778 3647
f 3647 3648 3649
f 3647 3645 3648
f 3646 3645 3647
f 3644 3645 3646
f 3646 3780 3644
f 3644 3780 3781
f 3644 3781 3642
f 3642 3781 3782
f 3782 3781 3821
f 3811 3782 3821
f 3811 3783 3782
f 3766 3783 3811
f 3766 3640 3783
f 3783 3640 3782
f 3642 3782 3640
f 3642 3643 3644
f 3821 3781 3780
f 3821 3780 3833
f 3780 3779 3833
f 3833 3832 3821
f 3821 3832 3820
f 3646 3779 3780
f 3647 3779 3646
f 3647 3778 3779
f 3652 3777 3651
f 3833 3779 3778
f 3833 3846 3832
f 3845 3832 3846
f 3878 3862 3879
f 3863 3773 3880
f 3773 3772 3880
f 3661 3772 3773
f 3661 3773 3660
f 3660 3773 3774
f 3660 3659 3661
f 3661 3659 3662
f 3755 3662 3659
f 3755 3659 3756
f 3741 3755 3756
f 3740 3755 3741
f 3740 3754 3755
f 3754 3662 3755
f 3754 3665 3662
f 3664 3662 3665
f 3663 3662 3664
f 3664 3771 3663
f 3664 3770 3771
f 3666 3770 3664
f 3668 3770 3666
f 3668 3769 3770
f 3891 3770 3769
f 3803 3891 3769
f 3803 3769 3768
f 1153 3803 3768
f 1153 3768 628
f 3673 628 3768
f 3673 3768 3672
f 3672 3768 3671
f 3671 3634 3672
f 3671 3670 3634
f 3751 3634 3670
f 3751 3670 3752
f 3737 3751 3752
f 3736 3751 3737
f 3736 3633 3751
f 3674 3633 3736
f 3674 756 3633
f 757 756 3674
f 3674 759 757
f 757 759 758
f 758 759 761
f 758 761 854
f 854 761 810
f 761 809 810
f 761 808 809
f 760 808 761
f 808 760 3631
f 762 808 3631
f 3632 762 3631
f 3632 3631 3691
f 3691 3631 3706
f 3631 3721 3706
f 3706 3721 3722
f 3721 3674 3722
f 3706 3722 3707
f 3692 3706 3707
f 3692 3707 3693
f 3693 3707 3708
f 3707 3723 3708
f 3687 3692 3693
f 3687 3693 3686
f 3686 3627 3687
f 3687 3627 3628
f 3627 3607 3628
f 3628 3607 3606
f 3628 3606 3629
f 3688 3628 3629
f 3688 3629 3689
f 3689 3629 3630
f 3629 3605 3630
f 3630 3605 3604
f 3605 3571 3604
f 3604 3571 3573
f 3604 3573 3603
f 3603 3573 3575
f 3573 3574 3575
f 3575 3574 885
f 3575 885 938
f 3575 938 547
f 548 547 938
f 547 548 549
f 552 547 549
f 556 547 552
f 441 556 552
f 440 556 441
f 440 441 442
f 442 555 440
f 555 442 3602
f 3602 3603 555
f 766 3602 442
f 443 766 442
f 443 767 766
f 765 766 767
f 764 765 767
f 764 767 840
f 840 767 807
f 840 807 841
f 813 840 841
f 813 841 815
f 815 841 842
f 815 842 817
f 816 815 817
f 816 817 818
f 818 817 819
f 817 843 819
f 819 843 844
f 843 804 844
f 843 805 804
f 458 804 805
f 458 805 449
f 451 458 449
f 449 450 451
f 451 450 452
f 805 452 450
f 806 452 805
f 842 806 805
f 806 453 452
f 447 453 806
f 447 806 445
f 445 806 807
f 445 807 437
f 437 807 438
f 437 438 439
f 439 554 437
f 439 552 554
f 552 553 554
f 446 554 553
f 445 554 446
f 446 553 448
f 447 446 448
f 448 553 571
f 448 571 451
f 451 571 573
f 451 573 456
f 456 457 451
f 456 455 457
f 457 455 804
f 804 455 454
f 804 454 803
f 803 454 462
f 803 462 461
f 460 803 461
f 460 802 803
f 463 802 460
f 460 459 463
f 463 459 464
f 463 464 465
f 464 560 465
f 464 466 560
f 560 466 801
f 801 466 468
f 466 467 468
f 559 467 466
f 558 467 559
f 559 581 558
f 558 581 583
f 558 583 557
f 557 471 558
f 557 473 471
f 476 473 557
f 476 477 473
f 481 477 476
f 482 477 481
f 482 797 477
f 482 480 797
f 797 480 479
f 479 480 481
f 479 481 483
f 483 481 484
f 483 484 485
f 796 483 485
f 796 485 795
f 795 485 488
f 795 488 487
f 487 770 795
f 774 795 770
f 774 770 772
f 772 770 769
f 2838 772 769
f 176 2838 769
f 176 769 768
f 771 768 769
f 771 433 768
f 433 174 768
f 175 174 433
f 174 175 176
f 176 175 177
f 489 177 175
f 489 175 436
f 436 563 489
f 489 563 490
f 489 490 173
f 173 490 171
f 432 171 490
f 490 565 432
f 490 564 565
f 564 569 565
f 564 570 569
f 562 570 564
f 563 562 564
f 486 562 563
f 486 561 562
f 561 589 562
f 561 587 589
f 587 588 589
f 589 588 590
f 588 516 590
f 588 518 516
f 586 518 588
f 586 522 518
f 522 523 518
f 518 523 524
f 518 524 519
f 519 524 884
f 884 524 947
f 960 884 947
f 960 947 961
f 907 960 961
f 907 961 910
f 910 961 962
f 910 962 913
f 912 910 913
f 912 913 914
f 914 913 915
f 5677 914 915
f 5677 915 5676
f 5676 915 917
f 5676 917 918
f 5676 918 5674
f 5674 918 920
f 5674 920 922
f 920 921 922
f 922 921 923
f 5675 922 923
f 5675 923 5673
f 5696 5675 5673
f 5695 5675 5696
f 5658 5695 5696
f 5659 5695 5658
f 5658 5218 5659
f 5658 5219 5218
f 5217 5218 5219
f 5219 5215 5217
f 5218 5217 5220
f 5220 5217 5221
f 5220 5221 5222
f 5656 5220 5222
f 5656 5222 5227
f 5656 5227 5657
f 5657 5227 5226
f 5226 5224 5657
f 5225 5224 5226
f 5225 5226 5221
f 5221 5351 5225
f 5225 5351 5349
f 5350 5349 5351
f 5350 5351 5352
f 5352 5313 5350
f 5350 5313 5310
f 5348 5349 5350
f 5348 5347 5349
f 5229 5349 5347
f 5229 5347 5231
f 5231 5347 5345
f 5346 5345 5347
f 5344 5345 5346
f 5344 5343 5345
f 5236 5345 5343
f 5236 5343 5240
f 5239 5236 5240
f 5239 5240 5241
f 5652 5239 5241
f 5652 5234 5239
f 5653 5234 5652
f 5652 5689 5653
f 5653 5689 5690
f 5653 5690 5654
f 5654 5237 5653
f 5653 5237 5235
f 5236 5235 5237
f 5236 5237 5231
f 5231 5237 5238
f 5231 5238 5232
f 5654 5232 5238
f 5655 5232 5654
f 5654 5691 5655
f 5655 5691 5692
f 5691 5678 5692
f 5692 5678 5677
f 5692 5677 5693
f 5657 5692 5693
f 5678 912 5677
f 5678 911 912
f 5678 909 911
f 909 910 911
f 5679 909 5678
f 5679 908 909
f 5679 906 908
f 5680 906 5679
f 5680 905 906
f 905 904 906
f 906 904 907
f 903 904 905
f 903 901 904
f 902 901 903
f 5684 902 903
f 5683 902 5684
f 5688 5683 5684
f 5687 5683 5688
f 5651 5687 5688
f 5650 5687 5651
f 5243 5650 5651
f 5243 5651 5244
f 5651 5245 5244
f 5240 5244 5245
f 5242 5244 5240
f 5240 5341 5242
f 5242 5341 5339
f 5242 5339 5248
f 5248 5339 5337
f 5338 5337 5339
f 5248 5337 5252
f 5251 5248 5252
f 5251 5252 5253
f 5251 5253 5648
f 5648 5253 5256
f 5648 5256 5646
f 5646 5256 5255
f 5252 5255 5256
f 5194 5255 5252
f 5194 5254 5255
f 5193 5254 5194
f 5192 5193 5194
f 5194 5191 5192
f 5192 5191 5190
f 5192 5190 5203
f 5203 5190 5259
f 5259 5190 5260
f 5260 8718 5259
f 5259 8718 8719
f 8735 8719 8718
f 8735 8718 8733
f 8733 8734 8735
f 8735 8734 8736
f 8735 8736 8737
f 8737 8736 8738
f 5032 8738 8736
f 5032 8736 5034
f 5033 5032 5034
f 5033 5034 5029
f 5036 5033 5029
f 5036 5029 5048
f 5048 5029 5030
f 5048 5030 5049
f 241 5048 5049
f 241 5049 239
f 239 5049 5050
f 5049 5079 5050
f 5050 5079 5080
f 5079 5019 5080
f 5080 5019 5018
f 5080 5018 5081
f 5081 5018 5078
f 5012 5078 5018
f 5012 5018 5014
f 5014 5018 5017
f 5014 5017 5015
f 7621 5015 5017
f 7621 5017 7622
f 7622 5017 5022
f 5019 5022 5017
f 5019 5021 5022
f 5020 5021 5019
f 5026 5020 5019
f 5025 5020 5026
f 5025 5024 5020
f 5024 7613 5020
f 5024 8726 7613
f 5023 8726 5024
f 5023 8728 8726
f 8727 8726 8728
f 8727 8728 8729
f 8729 8728 8730
f 5028 8730 8728
f 5027 8730 5028
f 5027 5028 5029
f 5029 5028 5023
f 5029 5035 5027
f 5035 8732 5027
f 5035 8734 8732
f 5034 8734 5035
f 5027 8732 8730
f 8731 8730 8732
f 8731 8732 8733
f 8733 8717 8731
f 8731 8717 8744
f 8731 8744 8729
f 8729 8744 8745
f 8744 5332 8745
f 8745 5332 5264
f 5264 5332 5266
f 5265 5264 5266
f 5265 5266 5267
f 5267 4954 5265
f 5265 4954 4953
f 5265 4953 4925
f 5262 5265 4925
f 5263 5265 5262
f 5262 4959 5263
f 5262 4957 4959
f 4957 4958 4959
f 4957 4926 4958
f 4926 4966 4958
f 4926 4965 4966
f 7612 4966 4965
f 4965 4963 7612
f 7612 4963 7607
f 7612 7607 7610
f 7610 7611 7612
f 7616 7611 7610
f 7616 7610 7617
f 7615 7616 7617
f 7622 7615 7617
f 7615 7614 7616
f 7613 7614 7615
f 7614 7613 8716
f 7611 7614 8716
f 8716 8743 7611
f 8716 8742 8743
f 8742 4959 8743
f 8727 8742 8716
f 8727 8745 8742
f 7617 7610 7626
f 7610 4971 7626
f 7626 4971 7627
f 4970 7627 4971
f 4968 7627 4970
f 4968 7637 7627
f 7629 7627 7637
f 7629 7637 7630
f 7619 7629 7630
f 7620 7629 7619
f 7620 7628 7629
f 7621 7628 7620
f 7621 7617 7628
f 7619 5016 7620
f 7619 5010 5016
f 7618 5010 7619
f 7618 5011 5010
f 7618 5004 5011
f 7623 5004 7618
f 7623 5005 5004
f 5004 5005 4999
f 4999 5005 5006
f 4999 5006 5007
f 5007 5008 4999
f 5007 7624 5008
f 5007 7625 7624
f 7625 7633 7624
f 7624 7633 7634
f 7633 7609 7634
f 7634 7609 7608
f 7634 7608 7591
f 7591 7608 7599
f 7598 7591 7599
f 7599 4907 7598
f 4931 4907 7599
f 4908 4907 4931
f 4907 4908 4909
f 4909 4908 4910
f 4909 4910 4911
f 4911 4910 4912
f 4911 4912 4913
f 4913 4912 4930
f 4913 4930 4934
f 4934 4930 4935
f 4933 4935 4930
f 4977 4935 4933
f 4977 4937 4935
f 4976 4937 4977
f 4977 4969 4976
f 4976 4969 4960
f 4976 4960 4975
f 4975 4939 4976
f 4975 4945 4939
f 4939 4945 4944
f 4943 4944 4945
f 4962 4943 4945
f 4964 4943 4962
f 4964 4955 4943
f 4926 4955 4964
f 4926 4953 4955
f 4947 4943 4955
f 4947 4955 4929
f 4929 4946 4947
f 4929 4952 4946
f 4929 4949 4952
f 4952 4949 7535
f 7562 7535 4949
f 7562 4949 7543
f 7543 4949 5545
f 7543 5545 5514
f 7543 5514 5513
f 5513 5514 5515
f 7542 7543 5513
f 7542 5513 5607
f 5513 5606 5607
f 5606 5589 5607
f 5607 5589 5591
f 5589 5590 5591
f 5591 5590 5592
f 7569 5591 5592
f 7577 7569 5592
f 7576 7569 7577
f 7576 7568 7569
f 7575 7568 7576
f 7575 7566 7568
f 7574 7566 7575
f 7554 7574 7575
f 7554 7575 7561
f 7560 7554 7561
f 7560 7552 7554
f 7559 7552 7560
f 7557 7559 7560
f 7557 7560 7556
f 7556 7540 7557
f 7557 7540 7539
f 5546 7539 7540
f 5546 5368 7539
f 5370 5368 5546
f 5370 5546 5363
f 5361 5370 5363
f 5362 5361 5363
f 5547 5362 5363
f 5547 5364 5362
f 5362 5364 5360
f 5360 5364 5365
f 5548 5365 5364
f 5548 5366 5365
f 5357 5365 5366
f 5357 5366 5358
f 5357 5358 5355
f 5355 5358 5359
f 5549 5359 5358
f 5355 5359 5356
f 5354 5355 5356
f 5914 5355 5354
f 5913 5355 5914
f 5945 5913 5914
f 5945 5914 5946
f 5946 5914 5915
f 5946 5915 5947
f 5947 5915 5916
f 5915 5431 5916
f 5915 5354 5431
f 5947 5916 5948
f 5974 5947 5948
f 5973 5947 5974
f 6000 5973 5974
f 5999 5973 6000
f 6028 5999 6000
f 6028 6000 6029
f 6057 6028 6029
f 6057 6029 6058
f 6058 6029 6030
f 6029 6001 6030
f 6030 6001 6002
f 6058 6030 6059
f 6059 6030 6031
f 6084 6057 6058
f 6083 6057 6084
f 6056 6028 6057
f 6056 6027 6028
f 6029 6000 6001
f 6027 5999 6028
f 6027 5998 5999
f 5998 5972 5999
f 5998 5971 5972
f 5971 5945 5972
f 5971 5944 5945
f 5970 5944 5971
f 5970 5943 5944
f 5943 5912 5944
f 5943 5911 5912
f 5911 5360 5912
f 5911 5361 5360
f 5910 5361 5911
f 5910 5369 5361
f 5909 5369 5910
f 5941 5909 5910
f 5941 5910 5942
f 5968 5941 5942
f 5968 5942 5969
f 5969 5942 5943
f 5995 5968 5969
f 5994 5968 5995
f 6023 5994 5995
f 6023 5995 6024
f 6052 6023 6024
f 6052 6024 6053
f 6053 6024 6025
f 6024 5996 6025
f 6025 5996 5997
f 5996 5970 5997
f 5996 5969 5970
f 6025 5997 6026
f 6026 5997 5998
f 6054 6025 6026
f 6054 6026 6055
f 6055 6026 6027
f 6053 6025 6054
f 6080 6053 6054
f 6079 6053 6080
f 6024 5995 5996
f 6022 5994 6023
f 6022 5993 5994
f 6021 5993 6022
f 6021 5992 5993
f 5992 5966 5993
f 5993 5966 5967
f 5966 5940 5967
f 5966 5939 5940
f 5939 5908 5940
f 5939 5907 5908
f 5907 5402 5908
f 5907 5404 5402
f 5906 5404 5907
f 5906 5406 5404
f 5405 5404 5406
f 5405 5406 5407
f 5407 5406 5408
f 5407 5408 5409
f 5409 5408 5410
f 5904 5410 5408
f 5904 5408 5905
f 5936 5904 5905
f 5935 5904 5936
f 5962 5935 5936
f 5961 5935 5962
f 5988 5961 5962
f 5987 5961 5988
f 6016 5987 5988
f 6015 5987 6016
f 6015 7755 5987
f 5987 7755 7757
f 7755 7756 7757
f 7755 7754 7756
f 5423 7756 7754
f 5423 7754 7729
f 7729 7754 7752
f 7753 7752 7754
f 7751 7752 7753
f 6043 7751 7753
f 6043 7753 6015
f 6043 6015 6044
f 6070 6043 6044
f 6069 6043 6070
f 6098 6069 6070
f 6097 6069 6098
f 6125 6097 6098
f 6125 6098 6126
f 6126 6098 6099
f 6126 6099 6127
f 6127 6099 6100
f 6127 6100 6128
f 6128 6100 6101
f 6100 6072 6101
f 6101 6072 6073
f 6101 6073 6102
f 6102 6073 6074
f 6073 6047 6074
f 6074 6047 6048
f 6074 6048 6075
f 6103 6074 6075
f 6103 6075 6104
f 6075 6048 6049
f 6075 6049 6076
f 6076 6049 6050
f 6049 6021 6050
f 6049 6020 6021
f 6048 6020 6049
f 6048 6019 6020
f 6019 5991 6020
f 6020 5991 5992
f 5991 5965 5992
f 5991 5964 5965
f 5964 5938 5965
f 5965 5938 5939
f 5964 5937 5938
f 5937 5906 5938
f 5937 5905 5906
f 5963 5937 5964
f 5963 5936 5937
f 5990 5963 5964
f 5989 5963 5990
f 5989 5962 5963
f 6018 5989 5990
f 6017 5989 6018
f 6017 5988 5989
f 6046 6017 6018
f 6046 6018 6047
f 6047 6018 6019
f 6045 6017 6046
f 6072 6045 6046
f 6071 6045 6072
f 6071 6044 6045
f 6044 6016 6045
f 6045 6016 6017
f 6018 5990 6019
f 5990 5964 5991
f 6019 5990 5991
f 6047 6019 6048
f 6073 6046 6047
f 6102 6074 6103
f 6130 6102 6103
f 6130 6103 6131
f 6129 6102 6130
f 6161 6129 6130
f 6161 6130 6162
f 6160 6129 6161
f 6160 6128 6129
f 6159 6128 6160
f 6188 6159 6160
f 6188 6160 6189
f 6215 6188 6189
f 6215 6189 6216
f 6216 6189 6190
f 6189 6161 6190
f 6242 6215 6216
f 6242 6216 6243
f 6243 6216 6217
f 6243 6217 6244
f 6272 6243 6244
f 6271 6243 6272
f 5848 6271 6272
f 5848 6272 5857
f 5857 6272 6273
f 5845 6271 5848
f 5848 5849 5845
f 5845 5849 5850
f 5845 5850 5846
f 6482 5846 5850
f 6482 5850 6470
f 6427 6482 6470
f 6427 6481 6482
f 6480 6481 6427
f 7707 6480 6427
f 7707 6427 6429
f 6429 8881 7707
f 7707 8881 8882
f 7707 8882 7706
f 7706 8882 8883
f 8960 8883 8882
f 8884 8883 8960
f 9373 8884 8960
f 8960 8963 9373
f 8960 8962 8963
f 8960 8961 8962
f 9004 8962 8961
f 8967 8962 9004
f 8967 8964 8962
f 8966 8964 8967
f 8959 8966 8967
f 9022 8959 8967
f 9022 8967 9020
f 9020 9021 9022
f 9020 9019 9021
f 9019 8976 9021
f 9019 8977 8976
f 9017 8977 9019
f 9018 9017 9019
f 9016 9017 9018
f 9018 8994 9016
f 9016 8994 8996
f 8994 8995 8996
f 8996 8995 8997
f 8996 8997 8998
f 9014 8996 8998
f 9014 8998 9012
f 8998 8997 8999
f 8997 8953 8999
f 8999 8953 8926
f 8997 8954 8953
f 8927 8953 8954
f 8954 8928 8927
f 8954 8929 8928
f 8992 8929 8954
f 8992 8899 8929
f 8992 8900 8899
f 6532 8899 8900
f 6532 8900 6533
f 6473 6532 6533
f 6473 6533 6471
f 6471 6533 6527
f 6471 6527 6427
f 6533 8901 6527
f 6527 8901 8881
f 8881 8901 8993
f 8961 8881 8993
f 8961 8993 8994
f 8994 8993 8992
f 8993 8901 8900
f 6527 8881 6428
f 6428 8869 6527
f 8869 6297 6527
f 8869 6296 6297
f 6296 6293 6297
f 6295 6293 6296
f 6296 6427 6295
f 6430 6427 6296
f 6430 6429 6427
f 6428 6429 6430
f 6427 6294 6295
f 6294 6291 6295
f 6295 6291 6293
f 6291 6292 6293
f 6527 6293 6292
f 8869 6430 6296
f 6527 6297 6293
f 6428 6430 8869
f 6471 6472 6473
f 6471 6470 6472
f 6470 5849 6472
f 6472 5849 6494
f 6494 5849 5859
f 6494 5859 5858
f 6493 6494 5858
f 6493 6473 6494
f 6493 6492 6473
f 6491 6492 6493
f 5848 5858 5859
f 6494 6473 6472
f 6492 6532 6473
f 6492 6531 6532
f 6490 6531 6492
f 6533 8900 8901
f 6531 8899 6532
f 8993 8900 8992
f 6531 8929 8899
f 8995 8992 8954
f 6531 8928 8929
f 6530 8928 6531
f 8998 8999 9000
f 8995 8954 8997
f 8994 8992 8995
f 9016 8996 9014
f 9014 9015 9016
f 9014 9013 9015
f 9013 8979 9015
f 9015 8979 8978
f 9015 8978 9017
f 8978 8979 4864
f 8979 4859 4864
f 8979 4860 4859
f 4858 4859 4860
f 4858 4860 4856
f 4856 4860 4861
f 4856 4861 4857
f 4855 4856 4857
f 4857 8980 4855
f 4855 4817 4856
f 4895 4856 4817
f 4895 4817 4896
f 4894 4856 4895
f 4832 4894 4895
f 4832 4895 4833
f 76 4832 4833
f 76 4833 75
f 75 74 76
f 76 74 77
f 115 77 74
f 115 74 116
f 47 115 116
f 42 115 47
f 47 48 42
f 47 46 48
f 45 46 47
f 4291 46 45
f 4291 45 4327
f 4327 45 4290
f 4327 4290 4328
f 4327 4328 4329
f 4329 4328 4330
f 4329 4330 4331
f 4331 4330 4332
f 4331 4332 4333
f 4333 4332 4334
f 4332 4282 4334
f 4334 4282 4317
f 4334 4317 4336
f 4335 4334 4336
f 4335 4336 4337
f 4337 4336 4338
f 4337 4338 4339
f 4339 4338 4340
f 4339 4340 4341
f 4341 4340 4342
f 4340 4322 4342
f 4342 4322 4324
f 4342 4324 4344
f 4343 4342 4344
f 4343 4344 4345
f 4345 4344 4346
f 4345 4346 4347
f 4347 4346 4308
f 4347 4308 4303
f 4276 4347 4303
f 4301 4347 4276
f 4276 16 4301
f 4301 16 18
f 14 18 16
f 14 8 18
f 9 8 14
f 14 105 9
f 9 105 106
f 105 102 106
f 106 102 99
f 101 99 102
f 101 102 12
f 12 102 103
f 12 103 10
f 103 4104 10
f 4104 11 10
f 4821 11 4104
f 4104 4822 4821
f 4104 4885 4822
f 8760 4885 4104
f 8760 4884 4885
f 8760 4812 4884
f 4814 4884 4812
f 4812 4813 4814
f 4813 8972 4814
f 4814 8972 8973
f 8971 8973 8972
f 8971 8972 8764
f 8764 8763 8971
f 8760 8763 8764
f 8762 8763 8760
f 8762 8760 8768
f 8971 8762 8768
f 8969 8971 8768
f 8969 8768 8769
f 8969 8769 8970
f 8968 8969 8970
f 8970 9026 8968
f 8968 9026 8957
f 8968 8957 9024
f 9024 8957 8959
f 8957 8958 8959
f 8958 8957 9368
f 8965 8958 9368
f 8965 9368 9369
f 9369 9368 9394
f 9369 9394 9395
f 9372 9369 9395
f 9372 9395 9371
f 9371 8879 9372
f 9372 8879 8884
f 7705 8884 8879
f 8879 7704 7705
f 7704 8879 7703
f 7703 6503 7704
f 7703 6458 6503
f 6458 7703 6446
f 6446 6457 6458
f 6458 6457 6459
f 6458 6459 6460
f 6460 6498 6458
f 6458 6498 6499
f 6458 6499 6500
f 6500 6518 6458
f 6458 6518 6519
f 6458 6519 6520
f 6520 6521 6458
f 6458 6521 6522
f 6446 6456 6457
f 6431 6456 6446
f 6446 6432 6431
f 6446 6434 6432
f 6446 7703 6434
f 7703 8878 6434
f 6434 8878 7708
f 8878 8877 7708
f 8873 8877 8878
f 8873 8876 8877
f 8875 8876 8873
f 8873 8874 8875
f 9354 8874 8873
f 9356 8874 9354
f 9356 8895 8874
f 9356 9402 8895
f 9402 8880 8895
f 9402 9374 8880
f 9401 9374 9402
f 9353 9401 9402
f 9400 9401 9353
f 9353 9392 9400
f 9400 9392 9391
f 9391 9364 9400
f 9391 9399 9364
f 9364 9399 9365
f 9365 9399 9367
f 9365 9367 9366
f 8781 9365 9366
f 8781 9366 8783
f 8782 8781 8783
f 8780 8781 8782
f 8775 8780 8782
f 8827 8780 8775
f 8758 8827 8775
f 8758 8775 8772
f 8772 8775 8774
f 8772 8774 9027
f 8772 9027 8765
f 8759 8772 8765
f 8759 8765 8766
f 8760 8759 8766
f 8760 8766 8767
f 8770 8767 8766
f 8769 8767 8770
f 8769 8770 8771
f 9368 8769 8771
f 8766 8771 8770
f 8766 9028 8771
f 9394 8771 9028
f 9394 9028 9396
f 9396 9028 9027
f 9396 9027 9397
f 9395 9396 9397
f 9395 9397 9359
f 9359 9397 9398
f 9359 9398 9357
f 9357 9358 9359
f 9370 9359 9358
f 9370 9358 9355
f 9355 8878 9370
f 9370 8878 8898
f 9370 8898 9371
f 9355 9358 9393
f 9355 9393 9353
f 9353 9354 9355
f 9371 9359 9370
f 9357 9393 9358
f 9357 9392 9393
f 9398 9367 9357
f 9398 9030 9367
f 9030 9029 9367
f 9030 8773 9029
f 9027 8773 9030
f 8773 8783 9029
f 9397 9030 9398
f 9397 9027 9030
f 4165 8759 8760
f 8759 4165 4164
f 4164 8758 8759
f 4163 8758 4164
f 4091 4163 4164
f 4126 4163 4091
f 4127 4126 4091
f 4125 4126 4127
f 4125 4124 4126
f 4124 4162 4126
f 4124 4161 4162
f 4161 8756 4162
f 4162 8756 8757
f 4162 8757 4163
f 8756 8826 8757
f 8757 8826 8827
f 8826 8778 8827
f 8826 8776 8778
f 8825 8776 8826
f 8825 8836 8776
f 8836 8787 8776
f 8836 8844 8787
f 8844 8792 8787
f 8787 8792 8794
f 8787 8794 8789
f 8789 8794 8793
f 8793 9382 8789
f 8793 9385 9382
f 8791 9385 8793
f 8792 8791 8793
f 8790 8791 8792
f 8792 8803 8790
f 8792 8802 8803
f 8803 8802 9185
f 8803 9185 9321
f 9321 9185 9186
f 9185 9181 9186
f 9186 9181 9180
f 9322 9186 9180
f 9322 9180 9323
f 9321 9322 9323
f 9323 9324 9321
f 9323 9325 9324
f 9324 9325 9326
f 9326 9325 8903
f 9320 8903 9325
f 8865 8903 9320
f 9320 9319 8865
f 9318 9319 9320
f 9320 9328 9318
f 9320 9317 9328
f 9317 9184 9328
f 9328 9184 9337
f 9330 9328 9337
f 9330 9337 9345
f 9345 9337 9338
f 9345 9338 9346
f 9346 9338 9231
f 9346 9231 9232
f 9231 9227 9232
f 9232 9227 9228
f 9232 9228 9336
f 9336 9228 9229
f 9336 9229 9334
f 9334 9229 9187
f 9334 9187 9174
f 9334 9174 9335
f 9335 9344 9334
f 9335 9333 9344
f 9189 9333 9335
f 9189 9209 9333
f 9209 9343 9333
f 9209 9331 9343
f 9172 9331 9209
f 9172 9038 9331
f 9032 9038 9172
f 9038 9032 8183
f 8183 9032 9034
f 9032 9033 9034
f 9033 9035 9034
f 9033 9172 9035
f 9172 9170 9035
f 9035 9170 9036
f 9036 9170 9171
f 9171 9037 9036
f 9034 9036 9037
f 9171 9190 9037
f 9206 9190 9171
f 9206 9205 9190
f 9252 9190 9205
f 9252 9205 9203
f 9204 9203 9205
f 9202 9203 9204
f 9175 9202 9204
f 9175 9204 9189
f 9173 9175 9189
f 9173 9174 9175
f 9174 9188 9175
f 9175 9188 9207
f 9188 9215 9207
f 9188 9214 9215
f 9215 9214 9254
f 9254 9214 9213
f 9210 9213 9214
f 9212 9213 9210
f 9210 9211 9212
f 9227 9211 9210
f 9226 9211 9227
f 9226 9220 9211
f 9225 9220 9226
f 9225 9218 9220
f 9224 9218 9225
f 9184 9224 9225
f 9184 9225 9230
f 9183 9224 9184
f 9183 9223 9224
f 9181 9223 9183
f 9181 8800 9223
f 8800 8798 9223
f 9223 8798 9178
f 8798 9177 9178
f 8798 8796 9177
f 8797 8796 8798
f 8795 8796 8797
f 8841 8795 8797
f 8840 8795 8841
f 8840 8808 8795
f 8807 8795 8808
f 8807 8808 8809
f 8809 8808 8810
f 8809 8810 8811
f 8811 8810 8812
f 8838 8812 8810
f 8837 8812 8838
f 8837 4478 8812
f 8828 4478 8837
f 8828 4476 4478
f 8816 4476 8828
f 8816 4522 4476
f 4522 4525 4476
f 4476 4525 4526
f 4476 4526 4477
f 4526 5725 4477
f 4477 5725 5724
f 4477 5724 4479
f 4478 4477 4479
f 4478 4479 4480
f 8813 4478 4480
f 4480 8815 8813
f 4480 8814 8815
f 4482 8814 4480
f 4480 4481 4482
f 4482 4481 4483
f 4481 5730 4483
f 5730 5728 4483
f 4483 5728 5737
f 4483 5737 4453
f 4453 4485 4483
f 4483 4485 4486
f 4485 9236 4486
f 4485 9308 9236
f 4484 9308 4485
f 4484 9307 9308
f 4455 9307 4484
f 4455 4484 4453
f 4453 4454 4455
f 4454 4464 4455
f 4454 4463 4464
f 4462 4463 4454
f 4454 5746 4462
f 4454 5734 5746
f 5733 5746 5734
f 5732 5733 5734
f 5501 5733 5732
f 5501 5744 5733
f 5503 5744 5501
f 5503 5505 5744
f 5503 5504 5505
f 5503 5502 5504
f 5502 6330 5504
f 5500 6330 5502
f 5500 6316 6330
f 6316 6346 6330
f 6316 6345 6346
f 6345 6363 6346
f 6346 6363 6364
f 6363 6409 6364
f 6364 6409 6408
f 6313 6408 6409
f 6328 6408 6313
f 6328 6407 6408
f 6329 6407 6328
f 6329 6406 6407
f 6366 6407 6406
f 6366 6406 6367
f 6351 6366 6367
f 6351 6367 6353
f 6352 6351 6353
f 6350 6351 6352
f 5508 6350 6352
f 5508 6352 5509
f 5482 5508 5509
f 5482 5509 5480
f 5480 5481 5482
f 5482 5481 5483
f 5482 5483 5747
f 5747 5483 5487
f 5747 5487 5748
f 5748 5487 5750
f 5749 5748 5750
f 5738 5748 5749
f 4445 5738 5749
f 4445 5749 4493
f 5749 5751 4493
f 4493 5751 5752
f 4493 5752 4470
f 4470 4492 4493
f 4493 4492 4494
f 4494 4492 9292
f 9291 4494 9292
f 4495 4494 9291
f 4443 4495 9291
f 9291 9299 4443
f 9291 9297 9299
f 9297 9298 9299
f 9297 9296 9298
f 9295 9296 9297
f 9295 9305 9296
f 9295 9304 9305
f 9300 9304 9295
f 9300 9303 9304
f 9302 9303 9300
f 9076 9303 9302
f 9076 9302 9077
f 9076 9077 9078
f 9108 9078 9077
f 9077 9294 9108
f 9108 9294 9293
f 9292 9293 9294
f 9301 9292 9294
f 9301 9294 9300
f 9108 9293 9079
f 9108 9079 9109
f 9109 9079 9081
f 9079 9080 9081
f 4472 9081 9080
f 4472 9080 4469
f 4471 4472 4469
f 4471 4460 4472
f 4461 4460 4471
f 4459 4460 4461
f 4461 4473 4459
f 4459 4473 4474
f 4473 5764 4474
f 4474 5764 5766
f 5764 5765 5766
f 5764 5763 5765
f 5762 5763 5764
f 5762 5761 5763
f 5472 5763 5761
f 5472 5761 5467
f 5467 5761 5759
f 5760 5759 5761
f 5758 5759 5760
f 5758 5757 5759
f 5756 5757 5758
f 5756 5755 5757
f 5754 5755 5756
f 5754 5756 4471
f 4470 5754 4471
f 5754 5753 5755
f 5474 5755 5753
f 5753 5476 5474
f 5753 5478 5476
f 5477 5476 5478
f 5477 5478 5479
f 5477 5479 6338
f 6311 5477 6338
f 6311 6338 6309
f 6309 6338 6339
f 6309 6339 6337
f 6337 6339 6340
f 6340 6397 6337
f 6340 6398 6397
f 6334 6398 6340
f 6340 6335 6334
f 6333 6334 6335
f 6343 6333 6335
f 6343 6335 6344
f 5488 6343 6344
f 5488 6344 5489
f 5489 6344 5479
f 5478 5488 5489
f 5487 5488 5478
f 5487 5492 5488
f 5487 5491 5492
f 5491 6342 5492
f 5491 6341 6342
f 5490 6341 5491
f 5483 5490 5491
f 5490 6360 6341
f 5490 6358 6360
f 5481 6358 5490
f 5481 6356 6358
f 6356 6357 6358
f 6358 6357 6359
f 6357 6370 6359
f 6357 6369 6370
f 6355 6369 6357
f 6355 6368 6369
f 6353 6368 6355
f 6354 6353 6355
f 6354 6355 6356
f 5480 6354 6356
f 6368 6404 6369
f 6368 6405 6404
f 6319 6404 6405
f 6322 6404 6319
f 6322 6403 6404
f 6392 6403 6322
f 6393 6392 6322
f 6391 6392 6393
f 6393 6418 6391
f 6391 6418 6419
f 6418 6573 6419
f 6419 6573 6574
f 6419 6574 6420
f 6420 6574 6575
f 6574 6677 6575
f 6575 6677 6678
f 6575 6678 6576
f 6576 6678 6665
f 6576 6665 6577
f 6424 6576 6577
f 6424 6577 6423
f 6423 6577 6578
f 6423 6578 6422
f 6422 6377 6423
f 6422 6378 6377
f 6380 6378 6422
f 6379 6378 6380
f 6379 6380 6373
f 6373 6380 6381
f 6373 6381 6374
f 6381 6425 6374
f 6374 6425 6426
f 6374 6426 6376
f 6375 6374 6376
f 6375 6376 5170
f 6376 5188 5170
f 5187 5170 5188
f 5436 5187 5188
f 5436 5188 5434
f 6426 5434 5188
f 6426 6580 5434
f 6580 6673 5434
f 6580 6671 6673
f 6579 6671 6580
f 6579 6669 6671
f 6578 6669 6579
f 6578 6667 6669
f 6667 6668 6669
f 6667 6666 6668
f 6666 6557 6668
f 6668 6557 6556
f 6555 6556 6557
f 6557 6626 6555
f 6555 6626 6627
f 6627 6626 6628
f 6628 6626 6624
f 6628 6624 6629
f 6629 6624 6622
f 6629 6622 6630
f 6634 6629 6630
f 6634 6630 6633
f 6633 6630 6631
f 6630 6620 6631
f 6631 6620 6618
f 6619 6618 6620
f 6619 6620 6621
f 6678 6619 6621
f 6621 6620 6622
f 6621 6622 6623
f 6665 6621 6623
f 6665 6623 6666
f 6666 6623 6625
f 6623 6624 6625
f 6617 6618 6619
f 6677 6617 6619
f 6676 6617 6677
f 6676 6615 6617
f 6675 6615 6676
f 6675 6658 6615
f 6674 6658 6675
f 6674 6553 6658
f 6553 6552 6658
f 6658 6552 6659
f 6552 6644 6659
f 6659 6644 6645
f 6644 6643 6645
f 6647 6645 6643
f 6646 6645 6647
f 6615 6645 6646
f 6615 6646 6616
f 6616 6646 6657
f 6646 6598 6657
f 6657 6598 6597
f 6597 6598 6595
f 6595 6596 6597
f 6595 6744 6596
f 6596 6744 6593
f 6593 6744 6745
f 6593 6745 6594
f 6592 6593 6594
f 6592 6594 6633
f 6633 6594 6591
f 6749 6591 6594
f 6749 6594 6750
f 6750 6808 6749
f 6750 6806 6808
f 6745 6806 6750
f 6745 6804 6806
f 6804 6805 6806
f 6806 6805 6807
f 6770 6807 6805
f 6770 6805 6769
f 6769 6805 6803
f 6769 6803 6768
f 6768 6705 6769
f 6769 6705 6698
f 6705 6706 6698
f 6698 6706 6707
f 6706 7054 6707
f 6706 7053 7054
f 7052 7053 6706
f 6706 6704 7052
f 7052 6704 6714
f 6704 6712 6714
f 6703 6712 6704
f 6703 6710 6712
f 6766 6710 6703
f 6767 6766 6703
f 6767 6703 6768
f 6768 6801 6767
f 6767 6801 6799
f 6767 6799 6765
f 6765 6799 6797
f 6765 6797 6763
f 6763 6797 6795
f 6796 6795 6797
f 6796 6797 6798
f 6741 6796 6798
f 6741 6798 6742
f 6601 6741 6742
f 6601 6742 6600
f 6600 6599 6601
f 6601 6599 6602
f 6601 6602 6603
f 6603 6602 6604
f 6604 6602 6605
f 6604 6605 6606
f 6735 6604 6606
f 6735 6606 6736
f 6736 6606 6608
f 6736 6608 6737
f 6737 6779 6736
f 6737 6777 6779
f 6738 6777 6737
f 6737 6610 6738
f 6738 6610 6612
f 6738 6612 6739
f 6739 6775 6738
f 6739 6773 6775
f 6773 6774 6775
f 6775 6774 6776
f 6734 6776 6774
f 6734 6774 4990
f 4990 4992 6734
f 4990 4991 4992
f 4992 4991 4993
f 4993 4991 4994
f 4993 4994 4995
f 6733 4993 4995
f 6734 4993 6733
f 6733 6755 6734
f 6733 6756 6755
f 6732 6756 6733
f 4997 6732 6733
f 4997 6733 4998
f 4994 4997 4998
f 4996 4997 4994
f 5063 4996 4994
f 5062 4996 5063
f 5062 5001 4996
f 5001 5002 4996
f 5001 5000 5002
f 5000 6731 5002
f 5002 6731 6732
f 6731 6722 6732
f 6731 6723 6722
f 6724 6723 6731
f 6731 6730 6724
f 7593 6724 6730
f 7593 6730 6729
f 7600 7593 6729
f 7600 6729 5009
f 5009 6729 5000
f 4999 5009 5000
f 5008 7600 5009
f 7591 7593 7600
f 7624 7591 7600
f 7591 7592 7593
f 7592 7604 7593
f 7592 7603 7604
f 7641 7604 7603
f 7640 7604 7641
f 7640 7605 7604
f 7639 7605 7640
f 7639 7601 7605
f 7593 7605 7601
f 7638 7601 7639
f 7639 6888 7638
f 7638 6888 6887
f 7638 6887 6889
f 7638 6889 6726
f 6726 6889 6727
f 6721 6726 6727
f 6721 6727 6718
f 6760 6721 6718
f 6760 6718 6762
f 6762 6718 6715
f 6718 6719 6715
f 6718 6728 6719
f 6728 6890 6719
f 6728 6889 6890
f 6719 6890 6894
f 6894 6890 6896
f 6890 6895 6896
f 6886 6895 6890
f 6917 6895 6886
f 6917 6897 6895
f 6914 6897 6917
f 6914 6871 6897
f 6871 6870 6897
f 6869 6870 6871
f 6904 6870 6869
f 6904 6869 6905
f 6874 6905 6869
f 6908 6905 6874
f 6874 6907 6908
f 6876 6907 6874
f 6874 6873 6876
f 6876 6873 6913
f 6873 6915 6913
f 6913 6915 6916
f 6913 6916 6851
f 6909 6851 6916
f 6909 6916 6910
f 6878 6909 6910
f 6878 6910 6880
f 6879 6878 6880
f 6877 6878 6879
f 6877 6875 6878
f 6857 6875 6877
f 6877 6856 6857
f 6877 7644 6856
f 6877 7643 7644
f 7642 7643 6877
f 7642 6881 7643
f 7643 6881 7641
f 7643 7641 7602
f 7602 7595 7643
f 7595 7602 7596
f 7594 7595 7596
f 4919 7594 7596
f 4919 7596 7597
f 4919 7597 4920
f 4920 7597 7598
f 4920 7598 4909
f 7597 7592 7598
f 4906 4919 4920
f 4906 4918 4919
f 4905 4918 4906
f 4918 4905 6856
f 6856 4905 6854
f 4905 4904 6854
f 4904 6855 6854
f 6854 6855 6864
f 7460 6864 6855
f 7460 6855 7461
f 7461 6855 7458
f 6855 4903 7458
f 7489 7458 4903
f 4903 4902 7489
f 7489 4902 7519
f 4902 4916 7519
f 7519 4916 7488
f 7488 4916 4917
f 4917 7510 7488
f 7488 7510 7511
f 7488 7511 7512
f 7512 7511 7513
f 7533 7513 7511
f 7511 7530 7533
f 7533 7530 7572
f 7533 7572 7590
f 7590 7572 7578
f 7572 7571 7578
f 7578 7571 7573
f 7571 7563 7573
f 7573 7563 7564
f 7563 7546 7564
f 7564 7546 7565
f 7546 7544 7565
f 7546 4944 7544
f 4944 4942 7544
f 4942 7545 7544
f 4942 4941 7545
f 7545 4941 4947
f 7545 4947 7535
f 4941 4942 4943
f 7544 7545 7535
f 4940 4944 7546
f 7546 7547 4940
f 4940 7547 4938
f 4938 4939 4940
f 4938 4937 4939
f 4936 4937 4938
f 4936 4938 7534
f 7534 4938 7531
f 7534 7531 7511
f 7531 4938 7532
f 7530 7531 7532
f 7530 7532 7571
f 4934 4936 7534
f 7510 4934 7534
f 7532 4938 7547
f 7532 7547 7563
f 7565 7544 7562
f 7565 7562 7567
f 7566 7565 7567
f 7564 7565 7566
f 7563 7547 7546
f 7573 7564 7574
f 7553 7573 7574
f 7571 7532 7563
f 7578 7573 7553
f 7588 7578 7553
f 7588 7553 7586
f 7586 7587 7588
f 7588 7587 7589
f 7587 7580 7589
f 7589 7580 7581
f 7580 7509 7581
f 7581 7509 7508
f 7581 7508 7506
f 7570 7581 7506
f 7570 7506 7518
f 7505 7518 7506
f 7505 7506 7507
f 7524 7505 7507
f 7524 7507 7525
f 7454 7524 7525
f 7454 7525 7448
f 7447 7454 7448
f 7447 7453 7454
f 7452 7453 7447
f 7452 7451 7453
f 7450 7451 7452
f 7452 7476 7450
f 7450 7476 7457
f 7450 7457 7482
f 7482 7457 7456
f 7491 7482 7456
f 7455 7491 7456
f 7455 7490 7491
f 7489 7490 7455
f 7455 7462 7489
f 7462 7455 7461
f 7461 7455 7457
f 7490 7520 7491
f 7520 7521 7491
f 7491 7521 7522
f 7491 7522 7492
f 7492 7522 7523
f 7522 7516 7523
f 7523 7516 7505
f 7516 7517 7505
f 7516 7515 7517
f 7570 7517 7515
f 7533 7570 7515
f 7514 7515 7516
f 7514 7513 7515
f 7522 7514 7516
f 7492 7523 7453
f 7453 7523 7524
f 7492 7450 7491
f 7521 7514 7522
f 7521 7512 7514
f 7520 7512 7521
f 7490 7519 7520
f 7455 7456 7457
f 7491 7450 7482
f 7460 7457 7476
f 7460 7476 7459
f 7459 7476 7477
f 7459 7477 7463
f 7463 7477 7478
f 7463 7478 7464
f 7481 7464 7478
f 7481 7478 7475
f 7466 7481 7475
f 7466 7475 7484
f 7484 7475 7474
f 7452 7474 7475
f 7475 7477 7452
f 7484 7474 7483
f 7483 7467 7484
f 7484 7467 7432
f 7467 7040 7432
f 7432 7040 7041
f 7432 7041 7045
f 7073 7045 7041
f 7073 7044 7045
f 7075 7044 7073
f 7073 7074 7075
f 7073 7039 7074
f 7039 6950 7074
f 7074 6950 6952
f 7074 6952 7076
f 7076 6952 6947
f 7023 6947 6952
f 6948 6947 7023
f 7071 6948 7023
f 7071 7023 7072
f 7072 7023 7024
f 7677 7072 7024
f 7676 7677 7024
f 7692 7677 7676
f 7691 7677 7692
f 7691 7071 7677
f 7691 7068 7071
f 7691 7067 7068
f 7067 7066 7068
f 7066 6949 7068
f 7066 7070 6949
f 7065 7070 7066
f 7065 7069 7070
f 7082 7070 7069
f 7080 7070 7082
f 7081 7080 7082
f 7081 7082 7083
f 7083 7115 7081
f 7081 7115 7090
f 7081 7090 7079
f 7079 7090 7088
f 7089 7088 7090
f 7089 7090 7091
f 7091 6945 7089
f 7089 6945 7084
f 7089 7084 7087
f 7087 7084 7046
f 7084 7048 7046
f 7046 7048 6850
f 7048 6906 6850
f 6850 6906 6876
f 6850 6876 6851
f 6849 6850 6851
f 6851 6860 6849
f 6851 6859 6860
f 6859 6863 6860
f 6859 6862 6863
f 6853 6862 6859
f 6853 6861 6862
f 6861 6868 6862
f 6868 7464 6862
f 7433 6862 7464
f 6861 6867 6868
f 6866 6867 6861
f 6861 6865 6866
f 6866 6865 7459
f 7459 6865 6864
f 6861 6864 6865
f 6866 7459 6867
f 6867 7463 6868
f 6852 6861 6853
f 6852 6853 6851
f 6852 6854 6861
f 6858 6854 6852
f 6857 6854 6858
f 6858 6852 6875
f 6875 6852 6909
f 6863 6862 7433
f 6860 6863 7433
f 7479 6860 7433
f 7479 7433 7480
f 7480 7433 7481
f 7465 7479 7480
f 7465 7480 7466
f 7042 7465 7466
f 7466 7043 7042
f 7466 7432 7043
f 7042 7043 7044
f 7085 7042 7044
f 7085 7044 7086
f 7085 7086 7087
f 7087 7086 7088
f 7077 7088 7086
f 7077 7086 7075
f 7075 7076 7077
f 7077 7076 7078
f 7077 7078 7079
f 7079 7078 7080
f 7078 6949 7080
f 7078 6947 6949
f 7125 7042 7085
f 7125 7047 7042
f 7085 7047 7125
f 7085 7046 7047
f 7047 7465 7042
f 7047 7479 7465
f 7047 6849 7479
f 6853 6859 6851
f 6849 6860 7479
f 6850 6849 7047
f 7048 6907 6906
f 7048 7124 6907
f 6944 7124 7048
f 6944 7123 7124
f 7123 6905 7124
f 6946 7123 6944
f 6944 6945 6946
f 6946 6941 7123
f 6941 6904 7123
f 6941 7049 6904
f 7049 6900 6904
f 6901 6900 7049
f 6900 6901 6870
f 6870 6901 6902
f 6902 6901 6953
f 6903 6902 6953
f 6897 6902 6903
f 6897 6903 6899
f 6899 6903 7126
f 7051 6899 7126
f 7051 7126 7194
f 7193 7051 7194
f 7192 7051 7193
f 7192 7050 7051
f 6709 7050 7192
f 7192 6711 6709
f 7192 7229 6711
f 7229 6713 6711
f 7229 7052 6713
f 7228 7052 7229
f 7228 7104 7052
f 7227 7104 7228
f 7195 7227 7228
f 7195 7228 7193
f 7197 7227 7195
f 7197 7226 7227
f 7226 7230 7227
f 7226 7231 7230
f 7215 7231 7226
f 7215 7233 7231
f 7217 7233 7215
f 7215 7216 7217
f 7217 7216 7218
f 7203 7218 7216
f 7203 7216 7201
f 7201 7202 7203
f 7201 7200 7202
f 7199 7200 7201
f 7199 7198 7200
f 7197 7198 7199
f 7197 7196 7198
f 7196 7185 7198
f 7198 7185 7184
f 7128 7184 7185
f 7097 7184 7128
f 7128 7118 7097
f 7097 7118 7110
f 7097 7110 7098
f 7097 7098 7099
f 7099 7098 7100
f 7099 7100 7101
f 7101 7100 7102
f 7100 7114 7102
f 7170 7102 7114
f 7170 7114 7169
f 7169 7092 7170
f 7170 7092 7167
f 7170 7167 7171
f 7171 7167 7165
f 7171 7165 7172
f 7172 7165 7163
f 7164 7163 7165
f 7164 7165 7166
f 7166 7390 7164
f 7164 7390 7392
f 7390 7391 7392
f 7390 7389 7391
f 7012 7389 7390
f 7012 7011 7389
f 7010 7389 7011
f 7010 7388 7389
f 6929 7389 7388
f 6929 7388 6927
f 6927 7388 7366
f 7008 7366 7388
f 7007 7366 7008
f 7007 7008 7009
f 7009 7682 7007
f 7007 7682 7683
f 7007 7683 7364
f 7364 7365 7007
f 7364 7343 7365
f 7365 7343 7342
f 7365 7342 7366
f 7366 7342 7367
f 7366 7367 7368
f 7357 7368 7367
f 7363 7368 7357
f 7363 7379 7368
f 7374 7379 7363
f 7374 7375 7379
f 7379 7375 7380
f 7380 7375 7377
f 7380 7377 6928
f 7386 6928 7377
f 7386 7377 7384
f 7384 7385 7386
f 7386 7385 7387
f 7386 7387 6929
f 7385 7391 7387
f 7384 7383 7385
f 7382 7383 7384
f 7144 7383 7382
f 7144 7382 7146
f 7145 7144 7146
f 7145 7146 7147
f 7147 7146 7140
f 7146 7378 7140
f 7140 7378 7376
f 7377 7376 7378
f 7140 7376 7141
f 7141 7376 7375
f 7140 7141 7131
f 7131 7141 7142
f 7131 7142 7129
f 7142 7373 7129
f 7129 7373 7372
f 7129 7372 7132
f 7129 7132 7130
f 7130 7132 7133
f 7130 7133 7134
f 7150 7130 7134
f 7150 7134 7151
f 7336 7151 7134
f 7336 7134 7333
f 7333 7061 7336
f 7333 7289 7061
f 7295 7289 7333
f 7333 7326 7295
f 7333 7337 7326
f 7326 7337 7338
f 7337 7358 7338
f 7337 7369 7358
f 7134 7369 7337
f 7134 7370 7369
f 7359 7369 7370
f 7359 7370 7360
f 7351 7359 7360
f 7351 7360 7353
f 7353 7360 7361
f 7353 7361 7355
f 7354 7353 7355
f 7352 7353 7354
f 7354 7341 7352
f 7352 7341 7319
f 7319 7341 7320
f 7320 7341 7342
f 7320 7342 7324
f 7324 7325 7320
f 7320 7325 6956
f 7320 6956 7322
f 7322 6956 7310
f 7322 7310 7323
f 7321 7322 7323
f 7348 7321 7323
f 7348 7323 7346
f 7346 7347 7348
f 7339 7347 7346
f 7339 7346 7340
f 7346 7309 7340
f 7340 7309 7307
f 7340 7307 7331
f 7331 7307 7305
f 7306 7305 7307
f 7304 7305 7306
f 7304 7303 7305
f 7302 7303 7304
f 7302 7301 7303
f 7292 7303 7301
f 7292 7301 6934
f 6934 7301 7299
f 6934 7299 6932
f 6932 7299 7297
f 7298 7297 7299
f 7296 7297 7298
f 7312 7296 7298
f 7312 7298 7313
f 7313 7298 7300
f 7313 7300 7314
f 7279 7313 7314
f 7279 7314 7278
f 7278 7274 7279
f 7279 7274 7273
f 7001 7273 7274
f 7001 7274 7002
f 7001 7002 7003
f 7003 7002 7004
f 7003 7004 7005
f 7005 7004 7006
f 7005 7006 7685
f 7685 7006 7275
f 6955 7275 7006
f 6954 7275 6955
f 7684 7275 6954
f 7684 6954 7345
f 6956 7345 6954
f 6956 7344 7345
f 7344 7684 7345
f 7344 7683 7684
f 7343 7683 7344
f 7325 7343 7344
f 7683 7685 7684
f 7685 7683 7915
f 7915 7683 7914
f 7914 7683 7681
f 7914 7681 7902
f 7902 7913 7914
f 7903 7913 7902
f 7902 7898 7903
f 7902 7679 7898
f 7898 7679 7694
f 7898 7694 7893
f 7893 7694 7692
f 7893 7692 7894
f 7893 7894 7895
f 7899 7893 7895
f 7899 7895 7900
f 7900 7895 7897
f 7900 7897 7901
f 7905 7900 7901
f 7905 7901 7906
f 7906 7910 7905
f 7906 7932 7910
f 7910 7932 7930
f 7931 7930 7932
f 7939 7931 7932
f 7941 7931 7939
f 7941 7926 7931
f 7943 7926 7941
f 7941 7942 7943
f 7949 7943 7942
f 7949 7942 7950
f 7950 7942 7940
f 7950 7940 7951
f 7957 7950 7951
f 7957 7951 7958
f 7958 7951 7952
f 7951 7907 7952
f 7952 7907 7909
f 7907 7908 7909
f 8230 7909 7908
f 8230 7908 7906
f 8214 7909 8230
f 8214 7953 7909
f 8216 7953 8214
f 8216 7960 7953
f 8218 7960 8216
f 8216 8217 8218
f 8216 8215 8217
f 8228 8217 8215
f 8228 8215 8229
f 8229 8215 8214
f 7897 8228 8229
f 7896 8228 7897
f 7896 8213 8228
f 7894 8213 7896
f 8213 8217 8228
f 8213 8221 8217
f 8217 8221 8223
f 8221 8222 8223
f 8223 8222 8224
f 8223 8224 8225
f 8225 8224 8226
f 8225 8226 8227
f 8251 8227 8226
f 8226 8236 8251
f 8251 8236 8238
f 8251 8238 8250
f 8250 7819 8251
f 8250 7820 7819
f 7818 7819 7820
f 7933 7818 7820
f 7933 7820 8253
f 8159 7933 8253
f 8159 8253 8148
f 8148 8253 8254
f 8148 8254 8146
f 8146 8254 8143
f 8254 8244 8143
f 8143 8244 8246
f 8143 8246 8141
f 8246 8204 8141
f 8141 8204 8203
f 8141 8203 8149
f 8141 8149 8142
f 8142 8149 8150
f 8157 8150 8149
f 8156 8150 8157
f 8156 8152 8150
f 8155 8152 8156
f 8155 8153 8152
f 8154 8153 8155
f 7984 8153 8154
f 7827 8153 7984
f 7827 8151 8153
f 7829 8151 7827
f 7827 7828 7829
f 7986 7828 7827
f 7987 7828 7986
f 7987 8145 7828
f 8144 7828 8145
f 8144 8145 8146
f 8146 8145 8147
f 7979 8147 8145
f 7977 8147 7979
f 7977 8148 8147
f 7976 8148 7977
f 7976 7977 7978
f 7982 7976 7978
f 7982 7978 7983
f 7983 7936 7982
f 7982 7936 7934
f 7935 7934 7936
f 7933 7934 7935
f 7981 7934 7933
f 7935 7936 7937
f 7937 8252 7935
f 7937 8256 8252
f 8252 8256 8257
f 8252 8257 7818
f 7818 8257 8248
f 8257 8032 8248
f 8248 8032 8031
f 8248 8031 8247
f 8247 8227 8248
f 7819 8248 8227
f 8031 7962 8247
f 8031 7964 7962
f 8033 7964 8031
f 8033 7966 7964
f 7965 7964 7966
f 7963 7964 7965
f 7958 7963 7965
f 7959 7963 7958
f 7959 7961 7963
f 7961 7962 7963
f 7960 7961 7959
f 7965 7966 7967
f 7967 7966 7968
f 8035 7968 7966
f 8037 7968 8035
f 8035 8036 8037
f 8035 8034 8036
f 8256 8036 8034
f 8255 8036 8256
f 8255 8038 8036
f 8103 8038 8255
f 8103 8040 8038
f 8039 8038 8040
f 8039 8040 8017
f 8017 7972 8039
f 8039 7972 7970
f 7971 7970 7972
f 7971 7972 7973
f 7954 7971 7973
f 7954 7973 7876
f 7876 7947 7954
f 7954 7947 7948
f 7947 7945 7948
f 7948 7945 7943
f 7945 7925 7943
f 7945 7924 7925
f 7944 7924 7945
f 8265 7924 7944
f 8265 7944 8266
f 8266 7944 7946
f 7946 7944 7947
f 8266 7946 8267
f 8267 9129 8266
f 8267 9131 9129
f 9128 9131 8267
f 9165 9131 9128
f 9165 9128 9127
f 9127 9124 9165
f 9165 9124 9125
f 9165 9125 9126
f 9126 9123 9165
f 9165 9123 9120
f 9123 8274 9120
f 9123 8273 8274
f 9123 8272 8273
f 8272 7877 8273
f 8272 7878 7877
f 7877 7878 7872
f 7872 7880 7877
f 7872 8136 7880
f 7880 8136 8137
f 7880 8137 7881
f 7881 8137 8138
f 8137 8127 8138
f 8137 8125 8127
f 8125 8126 8127
f 8127 8126 8128
f 8127 8128 8129
f 8129 8128 8130
f 8030 8130 8128
f 8109 8130 8030
f 8109 8132 8130
f 8107 8132 8109
f 8107 8134 8132
f 8133 8132 8134
f 7892 8133 8134
f 7892 8134 7890
f 7890 7891 7892
f 7890 7849 7891
f 7847 7849 7890
f 7847 7890 9043
f 9043 9153 7847
f 9044 9153 9043
f 9044 9164 9153
f 9163 9164 9044
f 9042 9163 9044
f 9042 9162 9163
f 9041 9162 9042
f 9031 9162 9041
f 9031 9161 9162
f 9034 9161 9031
f 9034 9160 9161
f 9037 9160 9034
f 9043 8106 9044
f 9043 8104 8106
f 8104 8105 8106
f 8106 8105 8107
f 8106 8107 8108
f 8081 8106 8108
f 8081 8108 8083
f 8083 8108 8110
f 8108 8109 8110
f 8083 8110 8085
f 8084 8083 8085
f 8084 8085 8086
f 8070 8084 8086
f 8070 8086 8071
f 8071 8086 8088
f 8086 8087 8088
f 8088 8087 8089
f 8088 8089 8090
f 8072 8088 8090
f 8072 8090 8073
f 8052 8072 8073
f 8052 8073 8054
f 8053 8052 8054
f 8053 8054 8055
f 8010 8053 8055
f 8008 8053 8010
f 8009 8008 8010
f 8009 8010 8011
f 8011 8010 8012
f 8011 8012 8013
f 8013 8012 8014
f 8013 8014 7991
f 8004 8013 7991
f 8004 7991 8168
f 8168 7991 7993
f 7991 7992 7993
f 7991 8015 7992
f 7990 7992 8015
f 8015 8061 7990
f 7990 8061 8063
f 8061 8062 8063
f 8063 8062 8064
f 8063 8064 8065
f 8065 8064 8066
f 8065 8066 8067
f 7988 8065 8067
f 7988 8067 7983
f 7989 8065 7988
f 7988 7980 7989
f 7989 7980 7985
f 7986 7985 7980
f 7984 7985 7986
f 7989 7985 7990
f 7988 7978 7980
f 7978 7979 7980
f 7987 7980 7979
f 8066 7938 8067
f 8067 7938 7936
f 8066 8079 7938
f 8079 8103 7938
f 8079 8102 8103
f 8078 8102 8079
f 8078 8100 8102
f 8077 8100 8078
f 8077 8098 8100
f 8076 8098 8077
f 8060 8076 8077
f 8060 8077 8062
f 8058 8076 8060
f 8059 8058 8060
f 8057 8058 8059
f 8057 8056 8058
f 8055 8056 8057
f 8012 8055 8057
f 8056 8075 8058
f 8056 8074 8075
f 8074 8094 8075
f 8075 8094 8096
f 8094 8095 8096
f 8096 8095 8097
f 8096 8097 8098
f 8098 8097 8099
f 8097 8117 8099
f 8099 8117 8118
f 8117 8041 8118
f 8118 8041 8040
f 8101 8118 8040
f 8101 8040 8103
f 8117 8042 8041
f 8116 8042 8117
f 8116 8043 8042
f 8115 8043 8116
f 8115 8044 8043
f 8114 8044 8115
f 8114 8045 8044
f 8024 8044 8045
f 8024 8045 8026
f 8025 8024 8026
f 8023 8024 8025
f 8025 8122 8023
f 8023 8122 8120
f 8121 8120 8122
f 7975 8120 8121
f 7975 8119 8120
f 7974 8119 7975
f 7973 7974 7975
f 8019 8119 7974
f 8021 8119 8019
f 8019 8020 8021
f 8021 8020 8022
f 8021 8022 8023
f 8020 8043 8022
f 8019 8018 8020
f 8017 8018 8019
f 8017 8041 8018
f 8017 8040 8041
f 8018 8042 8020
f 8021 8120 8119
f 7874 7975 8121
f 7876 7975 7874
f 7874 7875 7876
f 7874 7873 7875
f 7873 8259 7875
f 8258 8259 7873
f 8259 8258 9124
f 8269 8259 9124
f 9124 8258 8270
f 8258 7873 8270
f 8270 7873 7879
f 8270 7879 8271
f 8271 7879 7878
f 9125 8270 8271
f 7872 7879 7873
f 7875 8259 8269
f 7875 8269 8268
f 8267 7875 8268
f 8269 9128 8268
f 7872 7873 7874
f 7874 8135 7872
f 7875 7946 7876
f 7874 8121 8135
f 8135 8121 8123
f 8135 8123 8136
f 8136 8123 8125
f 8123 8124 8125
f 8123 8122 8124
f 8121 8122 8123
f 8023 8120 8021
f 8025 8124 8122
f 8027 8124 8025
f 8027 8126 8124
f 8029 8126 8027
f 8027 8028 8029
f 8029 8028 8030
f 8028 8047 8030
f 8111 8030 8047
f 8111 8047 8112
f 8112 8047 8046
f 8112 8046 8113
f 8089 8112 8113
f 8089 8113 8091
f 8091 8113 8114
f 8091 8114 8093
f 8092 8091 8093
f 8092 8093 8094
f 8090 8091 8092
f 8113 8046 8045
f 8087 8111 8112
f 8085 8111 8087
f 8110 8030 8111
f 8028 8046 8047
f 8026 8046 8028
f 8027 8026 8028
f 8023 8022 8024
f 8025 8026 8027
f 8026 8045 8046
f 8022 8044 8024
f 8113 8045 8114
f 8093 8114 8115
f 8093 8115 8095
f 8022 8043 8044
f 8095 8115 8116
f 8020 8042 8043
f 8018 8041 8042
f 8099 8118 8101
f 8100 8099 8101
f 8097 8116 8117
f 8095 8116 8097
f 8094 8093 8095
f 8075 8096 8076
f 8074 8092 8094
f 8073 8092 8074
f 8054 8074 8056
f 8014 8057 8059
f 8014 8059 8015
f 8059 8060 8061
f 8058 8075 8076
f 8076 8096 8098
f 8098 8099 8100
f 8062 8077 8078
f 8100 8101 8102
f 8064 8078 8079
f 8102 8101 8103
f 8064 8079 8066
f 7989 8063 8065
f 8062 8078 8064
f 8061 8060 8062
f 7990 8063 7989
f 8015 8059 8061
f 7985 7992 7990
f 7985 8154 7992
f 7992 8154 7994
f 7993 7992 7994
f 7993 7994 7995
f 7994 8155 7995
f 8166 7993 7995
f 8166 7995 7822
f 7822 7821 8166
f 7821 7822 7823
f 7822 8157 7823
f 7823 8157 8158
f 7823 8158 8170
f 8170 8158 8195
f 8158 8190 8195
f 8195 8190 8191
f 8195 8191 8196
f 8196 8191 8192
f 8196 8192 8197
f 8173 8196 8197
f 8173 8197 8175
f 8175 8197 8198
f 8175 8198 8177
f 8177 8198 8199
f 8198 8194 8199
f 8199 8194 7852
f 8194 8186 7852
f 8193 8186 8194
f 8193 8184 8186
f 8184 8185 8186
f 7855 8186 8185
f 7853 8186 7855
f 7854 7853 7855
f 7855 8189 7854
f 7855 7839 8189
f 8188 7839 7855
f 8188 8163 7839
f 7839 8163 7836
f 7836 8163 8164
f 7836 8164 7837
f 7836 7837 7838
f 8852 7836 7838
f 8852 7840 7836
f 9040 7840 8852
f 8852 8850 9040
f 9040 8850 8848
f 9040 8848 8189
f 8189 8848 8846
f 8847 8846 8848
f 8847 8848 8849
f 8849 8848 8850
f 8849 8850 8851
f 8851 8850 8852
f 8851 8852 8853
f 8851 8853 9351
f 9351 8853 8860
f 9351 8860 9352
f 9350 9351 9352
f 9345 9350 9352
f 9350 9349 9351
f 9336 9349 9350
f 9346 9336 9350
f 9336 9348 9349
f 9348 9340 9349
f 9348 9341 9340
f 8858 9340 9341
f 8859 9340 8858
f 8847 9340 8859
f 8847 9339 9340
f 8859 8845 8847
f 8858 8845 8859
f 8858 8857 8845
f 8857 7854 8845
f 8857 7850 7854
f 7851 7850 8857
f 8857 8855 7851
f 7851 8855 8854
f 7851 8854 9039
f 9039 8201 7851
f 8200 7851 8201
f 8200 7852 7851
f 8181 8200 8201
f 9038 8181 8201
f 8179 8200 8181
f 8179 8199 8200
f 8180 8179 8181
f 8178 8179 8180
f 8178 8177 8179
f 8176 8177 8178
f 8004 8176 8178
f 8169 8176 8004
f 8169 8174 8176
f 8167 8174 8169
f 8168 8167 8169
f 8166 8167 8168
f 8167 8172 8174
f 7821 8172 8167
f 7821 8170 8172
f 8170 8171 8172
f 8172 8171 8173
f 8172 8173 8174
f 8174 8175 8176
f 8004 8178 8002
f 8002 8003 8004
f 8002 8001 8003
f 8000 8001 8002
f 8000 7999 8001
f 7999 8009 8001
f 7999 8007 8009
f 7997 8007 7999
f 7997 8005 8007
f 8005 8006 8007
f 8005 7843 8006
f 7843 8016 8006
f 8006 8016 8051
f 8016 8050 8051
f 8051 8050 8052
f 8016 8049 8050
f 7845 8049 8016
f 7846 7845 8016
f 7844 7845 7846
f 9031 7844 7846
f 9031 7846 7842
f 7842 7841 9031
f 9031 7841 9034
f 9034 7841 8005
f 9034 8005 7996
f 7998 9034 7996
f 7996 7997 7998
f 7841 7842 7843
f 7842 7846 7843
f 9041 7844 9031
f 9041 8048 7844
f 8068 8048 9041
f 8068 8069 8048
f 8068 8082 8069
f 9042 8082 8068
f 9042 8080 8082
f 8080 8081 8082
f 9044 8080 9042
f 8069 8082 8084
f 8048 8069 8070
f 8048 8070 8049
f 9041 9042 8068
f 7844 8048 7845
f 7845 8048 8049
f 8049 8071 8050
f 8050 8071 8072
f 8006 8051 8008
f 7843 7846 8016
f 7841 7843 8005
f 8007 8006 8008
f 7996 8005 7997
f 7998 7997 7999
f 7998 7999 8000
f 8000 8182 7998
f 7998 8182 8183
f 8182 8181 8183
f 8000 8180 8182
f 8002 8180 8000
f 8001 8011 8003
f 8002 8178 8180
f 8180 8181 8182
f 9038 8201 9039
f 9332 9038 9039
f 9332 9039 8854
f 8854 9329 9332
f 9329 8854 8856
f 8854 8855 8856
f 8856 9342 9329
f 9344 9329 9342
f 9344 9342 9347
f 9347 9342 9341
f 8856 9341 9342
f 9332 9329 9343
f 8856 8855 8857
f 7850 7851 7852
f 7850 7852 7853
f 8856 8857 8858
f 8858 9341 8856
f 9347 9341 9348
f 9334 9347 9348
f 9349 9340 9339
f 9349 9339 9351
f 9351 9339 8849
f 9352 8860 8862
f 8860 8861 8862
f 8860 8852 8861
f 8862 8861 6302
f 8862 6302 8863
f 8863 6302 6301
f 8863 6301 8864
f 9330 8863 8864
f 9319 9330 8864
f 9330 9352 8863
f 8864 6301 6299
f 8864 6299 8865
f 9352 8862 8863
f 8853 8852 8860
f 9351 8849 8851
f 8849 9339 8847
f 8845 8846 8847
f 8189 8846 8845
f 9040 7839 7840
f 7837 8852 7838
f 7837 8165 8852
f 7837 7835 8165
f 8165 7835 7798
f 7799 7798 7835
f 7792 7798 7799
f 6307 7798 7792
f 6307 7797 7798
f 6300 7797 6307
f 7797 6300 6302
f 6300 6301 6302
f 6300 6299 6301
f 6298 6299 6300
f 6306 6298 6300
f 6305 6298 6306
f 6305 6304 6298
f 6303 6304 6305
f 6303 6926 6304
f 6925 6926 6303
f 6925 6303 7713
f 7713 7718 6925
f 7718 6923 6925
f 7718 7714 6923
f 7717 7714 7718
f 7717 7734 7714
f 7723 7734 7717
f 7723 7736 7734
f 7735 7734 7736
f 7735 7736 7737
f 7737 7736 7738
f 7737 7738 7739
f 7739 7738 7740
f 7739 7740 7741
f 6209 7739 7741
f 6235 7739 6209
f 6235 6209 6236
f 6236 6209 6210
f 6209 6183 6210
f 6210 6183 6184
f 6210 6184 6211
f 6237 6210 6211
f 6237 6211 6238
f 6238 6211 6212
f 6238 6212 6239
f 6239 6212 6213
f 6239 6213 6240
f 6240 6213 6214
f 6213 6187 6214
f 6214 6187 6188
f 6213 6186 6187
f 6186 6158 6187
f 6187 6158 6159
f 6158 6127 6159
f 6186 6157 6158
f 6185 6157 6186
f 6185 6156 6157
f 6184 6156 6185
f 6184 6155 6156
f 6155 6124 6156
f 6156 6124 6125
f 6155 7745 6124
f 6124 7745 7747
f 6124 7747 6097
f 6097 7747 7749
f 7747 7748 7749
f 7747 7746 7748
f 7733 7748 7746
f 7733 7746 7725
f 7724 7733 7725
f 7724 7732 7733
f 7731 7732 7724
f 7724 7766 7731
f 7726 7766 7724
f 7726 7765 7766
f 7719 7765 7726
f 7726 7727 7719
f 7719 7727 7728
f 7719 7728 7720
f 7719 7720 7721
f 7721 7720 7722
f 7720 7738 7722
f 7721 7722 7716
f 7716 7760 7721
f 7760 7761 7721
f 7721 7761 7762
f 7761 7787 7762
f 7762 7787 7788
f 7762 7788 7763
f 7763 7788 7789
f 7763 7789 7784
f 7764 7763 7784
f 7764 7784 7765
f 7765 7784 7785
f 7765 7785 7786
f 7809 7786 7785
f 7809 7779 7786
f 7811 7779 7809
f 7810 7779 7811
f 7863 7810 7811
f 7863 7811 7864
f 7864 8207 7863
f 7863 8207 8208
f 8241 8208 8207
f 8241 8207 8243
f 8242 8241 8243
f 8242 8243 8244
f 8244 8243 8245
f 8243 8206 8245
f 8245 8206 8205
f 7861 8205 8206
f 7859 8205 7861
f 7859 8204 8205
f 7860 8204 7859
f 7859 7806 7860
f 7860 7806 7805
f 7805 7806 7789
f 7789 7806 7807
f 7860 7805 7858
f 7860 7858 8160
f 8160 7858 7857
f 7804 7857 7858
f 7803 7857 7804
f 7802 7857 7803
f 7803 7793 7802
f 7803 7794 7793
f 7760 7793 7794
f 7759 7793 7760
f 7790 7793 7759
f 7790 7759 7791
f 7791 7800 7790
f 7790 7800 7801
f 7801 7800 7856
f 7856 7800 7835
f 7856 7835 8162
f 8161 7856 8162
f 8162 8190 8161
f 8161 8190 8202
f 8161 8202 8160
f 8160 8202 8203
f 8162 7826 8190
f 8187 7826 8162
f 8187 7824 7826
f 7824 7825 7826
f 7825 7824 8184
f 8192 7825 8184
f 8191 7826 7825
f 8188 7824 8187
f 8188 8185 7824
f 8162 8164 8187
f 8161 7857 7856
f 8162 7835 8164
f 7801 7856 7802
f 7790 7801 7802
f 7791 7799 7800
f 7791 7759 7758
f 7758 7759 7716
f 7716 7713 7758
f 7716 7717 7713
f 7791 7758 7792
f 7792 7758 6306
f 7795 7794 7803
f 7803 7787 7795
f 7761 7794 7795
f 7802 7793 7790
f 7802 7856 7857
f 7804 7788 7803
f 7804 7805 7788
f 8160 7857 8161
f 8160 8203 7860
f 7804 7858 7805
f 7859 7807 7806
f 7859 7808 7807
f 7784 7807 7808
f 7861 7808 7859
f 7861 7809 7808
f 7861 8206 7864
f 8245 8205 8246
f 8240 8241 8242
f 8249 8240 8242
f 8249 8242 8254
f 8250 8240 8249
f 8240 8239 8241
f 8238 8239 8240
f 8238 8237 8239
f 8237 8209 8239
f 8239 8209 8208
f 7862 8208 8209
f 7862 8209 7865
f 7865 8209 8210
f 7865 8210 7866
f 7814 7865 7866
f 7814 7866 7796
f 7783 7814 7796
f 7783 7813 7814
f 7782 7813 7783
f 7782 7812 7813
f 7810 7812 7782
f 7862 7812 7810
f 7782 7781 7810
f 7810 7781 7780
f 7767 7780 7781
f 7767 7781 7768
f 7731 7767 7768
f 7731 7768 7711
f 7768 7769 7711
f 7711 7769 7770
f 7770 7769 7775
f 7769 7783 7775
f 7770 7775 7771
f 7710 7770 7771
f 7771 7772 7710
f 7774 7772 7771
f 7773 7772 7774
f 7773 5417 7772
f 5416 5417 7773
f 5416 5415 5417
f 5417 5415 5418
f 5415 7487 5418
f 5418 7487 7486
f 5418 7486 5419
f 5419 7486 7497
f 5419 7497 5420
f 7497 5421 5420
f 7497 7536 5421
f 7583 5421 7536
f 7583 7536 7585
f 7584 7583 7585
f 7584 7585 7586
f 7586 7551 7584
f 7584 7551 7549
f 7584 7549 7582
f 7582 7549 7548
f 7537 7548 7549
f 7537 7549 7550
f 7538 7537 7550
f 7538 7550 7559
f 7558 7538 7559
f 5403 7538 7558
f 7558 5367 5403
f 7558 7539 5367
f 5367 5402 5403
f 5367 5401 5402
f 5369 5401 5367
f 5367 5368 5369
f 7538 5403 5405
f 5405 7537 7538
f 5409 7548 7537
f 5399 7548 5409
f 7582 7548 5399
f 5399 5398 7582
f 5398 5399 5400
f 5423 5398 5400
f 5422 5398 5423
f 5422 5421 5398
f 5417 5421 5422
f 7710 5417 5422
f 5422 5423 7710
f 7710 5423 7711
f 5400 7712 5423
f 5400 5410 7712
f 5411 5410 5400
f 5399 5410 5411
f 5410 7757 7712
f 5410 5961 7757
f 5399 5411 5400
f 7582 5398 7583
f 7550 7549 7551
f 7550 7551 7552
f 7552 7551 7553
f 7582 7583 7584
f 7585 7536 7579
f 7536 7500 7579
f 7536 7496 7500
f 7496 7486 7500
f 7500 7486 7485
f 7500 7485 7498
f 7498 7499 7500
f 7499 7498 7503
f 7503 7504 7499
f 7503 7502 7504
f 7501 7502 7503
f 7501 7509 7502
f 7503 7528 7501
f 7501 7528 7493
f 7528 7529 7493
f 7529 7494 7493
f 7493 7494 7444
f 7494 7443 7444
f 7443 7494 7495
f 7495 7494 7526
f 7495 7526 5415
f 5415 5413 7495
f 5414 5413 5415
f 5412 5413 5414
f 5413 5412 7440
f 7440 5412 7699
f 7815 7699 5412
f 7815 7868 7699
f 7817 7868 7815
f 7774 7817 7815
f 7778 7817 7774
f 7778 7816 7817
f 7796 7816 7778
f 7796 7867 7816
f 7816 7867 7869
f 7867 8212 7869
f 7869 8212 7870
f 7869 7870 7868
f 7868 7870 7701
f 7702 7701 7870
f 7434 7701 7702
f 7434 7702 7696
f 7696 7702 7834
f 8231 7696 7834
f 7697 7696 8231
f 8220 7697 8231
f 8220 8231 8222
f 8222 8231 8232
f 7698 7697 8220
f 7698 7033 7697
f 7697 7033 7437
f 7437 7033 7031
f 7436 7437 7031
f 7436 7031 7468
f 7468 7031 7030
f 7028 7030 7031
f 7035 7030 7028
f 7035 7028 7037
f 7037 7028 7026
f 7027 7026 7028
f 7027 7028 7029
f 7027 7029 7698
f 7698 7025 7027
f 7698 7021 7025
f 7021 6951 7025
f 7025 6951 6950
f 7025 6950 7026
f 7021 6952 6951
f 7676 7021 7698
f 7676 7698 8219
f 7676 8219 8213
f 7692 7676 8213
f 7676 7022 7021
f 7021 7022 7023
f 7029 7032 7698
f 7029 7028 7032
f 7025 7026 7027
f 7037 7026 7039
f 7038 7037 7039
f 7038 7039 7040
f 7036 7037 7038
f 7038 7467 7036
f 7036 7467 7469
f 7036 7469 7034
f 7034 7035 7036
f 7468 7034 7469
f 7468 7469 7483
f 7483 7473 7468
f 7468 7473 7472
f 7445 7472 7473
f 7442 7472 7445
f 7444 7442 7445
f 7444 7445 7446
f 7445 7449 7446
f 7493 7446 7449
f 7525 7493 7449
f 7445 7448 7449
f 7442 7471 7472
f 7441 7471 7442
f 7441 7470 7471
f 7438 7471 7470
f 7436 7471 7438
f 7434 7436 7438
f 7434 7435 7436
f 7470 7700 7438
f 7438 7700 7701
f 7470 7699 7700
f 7440 7470 7441
f 7440 7441 7439
f 7439 7441 7442
f 7439 7442 7443
f 7436 7472 7471
f 7445 7473 7447
f 7447 7473 7474
f 7036 7035 7037
f 7034 7030 7035
f 7032 7028 7031
f 7030 7034 7468
f 7468 7472 7436
f 7435 7437 7436
f 7032 7031 7033
f 7697 7437 7435
f 7698 7032 7033
f 8219 7698 8220
f 8219 8220 8221
f 7435 7696 7697
f 8231 7834 8232
f 8232 7834 8233
f 7834 8212 8233
f 8233 8212 8211
f 8233 8211 8235
f 8234 8233 8235
f 8234 8235 8236
f 8236 8235 8237
f 8235 8210 8237
f 8235 8211 8210
f 8232 8233 8234
f 8224 8232 8234
f 7434 7696 7435
f 7438 7701 7434
f 7702 7870 7834
f 7868 7701 7700
f 7834 7870 8212
f 7867 8211 8212
f 7866 8211 7867
f 7778 7777 7796
f 7777 7778 7771
f 7771 7776 7777
f 7796 7777 7776
f 7796 7776 7775
f 7816 7869 7817
f 7817 7869 7868
f 7868 7700 7699
f 7440 7699 7470
f 7439 5413 7440
f 7815 5412 5414
f 7773 7815 5414
f 7495 5413 7439
f 7495 7439 7443
f 7443 7442 7444
f 7493 7444 7446
f 7529 7526 7494
f 7527 7526 7529
f 7527 7487 7526
f 7498 7487 7527
f 7498 7527 7528
f 7528 7527 7529
f 7501 7493 7525
f 7504 7502 7580
f 7579 7504 7580
f 7579 7499 7504
f 7503 7498 7528
f 7498 7485 7487
f 7500 7499 7579
f 7585 7579 7587
f 5398 5421 7583
f 7496 7536 7497
f 5417 5420 5421
f 5419 5420 5417
f 7486 7496 7497
f 7485 7486 7487
f 5415 7526 7487
f 5417 5418 5419
f 5414 5415 5416
f 7773 5414 5416
f 7774 7815 7773
f 7771 7778 7774
f 7710 7772 5417
f 7771 7775 7776
f 7711 7770 7710
f 7768 7782 7769
f 7711 7730 7731
f 7711 7729 7730
f 7779 7780 7767
f 7767 7766 7779
f 7768 7781 7782
f 7862 7813 7812
f 7769 7782 7783
f 7814 7813 7862
f 7775 7783 7796
f 7796 7866 7867
f 7866 8210 8211
f 7862 7865 7814
f 8237 8210 8209
f 8243 8207 8206
f 8239 8208 8241
f 7863 8208 7862
f 7864 8206 8207
f 7864 7811 7861
f 7862 7810 7863
f 7810 7780 7779
f 7811 7809 7861
f 7785 7808 7809
f 7779 7765 7786
f 7784 7808 7785
f 7763 7764 7719
f 7789 7807 7784
f 7788 7805 7789
f 7719 7762 7763
f 7803 7788 7787
f 7761 7795 7787
f 7760 7794 7761
f 7716 7759 7760
f 7716 7722 7723
f 7721 7762 7719
f 7728 7740 7720
f 7728 7742 7740
f 7727 7742 7728
f 7727 7744 7742
f 7743 7742 7744
f 7743 7744 7745
f 7745 7744 7746
f 7741 7742 7743
f 6183 7741 7743
f 6183 7743 6155
f 7725 7744 7727
f 7726 7725 7727
f 7719 7764 7765
f 7779 7766 7765
f 7766 7767 7731
f 7731 7730 7732
f 7730 7750 7732
f 7732 7750 7748
f 7730 7752 7750
f 7724 7725 7726
f 7725 7746 7744
f 7732 7748 7733
f 7749 7748 7750
f 7749 7750 7751
f 6069 7749 7751
f 7745 7746 7747
f 6155 7743 7745
f 6156 6125 6157
f 6212 6185 6186
f 6157 6126 6158
f 6240 6214 6241
f 6241 6214 6215
f 6269 6240 6241
f 6268 6240 6269
f 5800 6268 6269
f 5800 6269 5842
f 5842 6269 6270
f 5842 6270 5845
f 5842 5843 5800
f 5842 5847 5843
f 5842 5846 5847
f 6481 5847 5846
f 6479 5847 6481
f 6479 5843 5847
f 6477 5843 6479
f 6477 5844 5843
f 6475 5844 6477
f 6474 5844 6475
f 6474 5801 5844
f 6497 5801 6474
f 6497 5802 5801
f 5800 5801 5802
f 5806 5800 5802
f 5805 5800 5806
f 5805 5804 5800
f 5804 5813 5800
f 5800 5813 5840
f 6456 5840 5813
f 6456 5813 6457
f 6457 5813 6459
f 6459 5813 5812
f 5812 5813 5814
f 5814 5817 5812
f 5814 5816 5817
f 6498 5817 5816
f 6498 5816 6499
f 5816 5815 6499
f 6499 5815 5820
f 6499 5820 6500
f 6500 5820 5819
f 5818 5819 5820
f 5818 5810 5819
f 5804 5810 5818
f 5818 5814 5804
f 5818 5815 5814
f 5804 5839 5810
f 5810 5839 5833
f 6501 5833 5839
f 6501 5839 6502
f 6502 5839 5838
f 6502 5838 6504
f 6504 5838 5803
f 6504 5803 6505
f 6505 5803 5805
f 6505 5805 6495
f 5803 5838 5804
f 6508 5833 6501
f 6508 5834 5833
f 5833 5834 5835
f 5835 5834 5836
f 6507 5836 5834
f 6506 5836 6507
f 6506 5837 5836
f 6511 5837 6506
f 6511 5807 5837
f 6510 5807 6511
f 6510 5808 5807
f 5807 5808 5809
f 6509 5808 6510
f 6509 5821 5808
f 6514 5821 6509
f 6514 5822 5821
f 6513 5822 6514
f 6513 5823 5822
f 5824 5823 6513
f 6512 5824 6513
f 6512 5825 5824
f 5811 5824 5825
f 5811 5825 5826
f 5826 5827 5811
f 5811 5827 5828
f 6515 5828 5827
f 6515 5827 6516
f 6523 5828 6515
f 6523 5829 5828
f 6522 5829 6523
f 6522 5830 5829
f 5829 5830 5811
f 5811 5830 5831
f 6521 5831 5830
f 6520 5831 6521
f 6519 5831 6520
f 6519 5832 5831
f 5810 5831 5832
f 6518 5832 6519
f 6518 5819 5832
f 5811 5831 5810
f 6521 5830 6522
f 5811 5828 5829
f 6516 5827 5826
f 6516 5826 6517
f 6517 5826 5825
f 6517 5825 6512
f 5823 5824 5811
f 5811 5822 5823
f 5811 5821 5822
f 5808 5821 5811
f 5809 5837 5807
f 5809 5835 5837
f 5835 5836 5837
f 6507 5834 6508
f 5810 5833 5808
f 5804 5838 5839
f 5810 5832 5819
f 6500 5819 6518
f 5820 5815 5818
f 6460 5817 6498
f 5815 5816 5814
f 6460 5812 5817
f 6459 5812 6460
f 6431 5840 6456
f 6431 5892 5840
f 5840 5892 5841
f 5841 5892 5893
f 5841 5893 5894
f 5894 5893 5895
f 5893 8876 5895
f 5893 8877 8876
f 7709 8877 5893
f 7709 7708 8877
f 7708 7709 6433
f 6433 7709 6431
f 7709 5893 6431
f 5895 8876 8875
f 5895 8875 5897
f 5897 8875 8897
f 5897 8897 5899
f 5899 8897 8896
f 5899 8896 5901
f 5900 5899 5901
f 5900 5901 5902
f 5902 5901 5903
f 8893 5903 5901
f 6918 5903 8893
f 5903 6918 6919
f 6919 6918 6920
f 6919 6920 6921
f 6921 6920 6922
f 6921 6922 6923
f 6923 6922 6924
f 6921 7714 6919
f 6919 7714 7715
f 5903 6919 7715
f 8893 5901 8894
f 5903 7715 5902
f 5902 7715 7735
f 5902 7735 6263
f 5902 6263 5900
f 5900 6263 6264
f 6263 6235 6264
f 6263 7737 6235
f 5900 6264 5898
f 5898 6264 6265
f 5898 6265 5896
f 5896 6265 6266
f 5896 6266 5894
f 5894 6266 6267
f 6266 6238 6267
f 6265 6237 6266
f 6265 6236 6237
f 5896 5897 5898
f 6264 6236 6265
f 5898 5899 5900
f 8894 5901 8896
f 5898 5897 5899
f 5896 5895 5897
f 5894 5895 5896
f 5894 6267 5841
f 5841 6267 6268
f 6267 6239 6268
f 6431 5893 5892
f 5800 5840 5841
f 5804 5814 5813
f 5803 5804 5805
f 6495 5805 5806
f 6495 5806 6496
f 6496 5806 5802
f 6496 5802 6497
f 5800 5844 5801
f 5800 5843 5844
f 5841 6268 5800
f 6269 6241 6270
f 6270 6241 6242
f 6270 6242 6271
f 6268 6239 6240
f 6212 6186 6213
f 6267 6238 6239
f 6211 6185 6212
f 6266 6237 6238
f 6211 6184 6185
f 6183 6155 6184
f 6236 6210 6237
f 6264 6235 6236
f 6209 7741 6183
f 7741 7740 7742
f 7720 7740 7738
f 6235 7737 7739
f 7722 7738 7736
f 6263 7735 7737
f 7715 7734 7735
f 7722 7736 7723
f 7716 7723 7717
f 7715 7714 7734
f 7714 6921 6923
f 6923 6924 6925
f 7713 7717 7718
f 7758 7713 6303
f 6925 6924 6926
f 7758 6303 6305
f 7758 6305 6306
f 7797 6302 8165
f 8165 6302 8861
f 6306 6300 6307
f 7792 6306 6307
f 7792 7799 7791
f 7799 7835 7800
f 8165 7798 7797
f 8165 8861 8852
f 7837 8164 7835
f 8187 8164 8163
f 7839 7836 7840
f 8187 8163 8188
f 8189 7839 9040
f 8845 7854 8189
f 7850 7853 7854
f 7855 8185 8188
f 8184 7824 8185
f 8192 8184 8193
f 7853 7852 8186
f 8199 7852 8200
f 8198 8193 8194
f 8177 8199 8179
f 8176 8175 8177
f 8197 8193 8198
f 8174 8173 8175
f 8171 8196 8173
f 8197 8192 8193
f 8191 7825 8192
f 8171 8195 8196
f 8190 7826 8191
f 8158 8202 8190
f 8149 8202 8158
f 8170 8195 8171
f 7823 8170 7821
f 8166 7821 8167
f 7995 8156 7822
f 8168 7993 8166
f 8168 8169 8004
f 8003 8013 8004
f 7991 8014 8015
f 8012 8057 8014
f 8003 8011 8013
f 8001 8009 8011
f 8007 8008 8009
f 8008 8051 8053
f 8010 8055 8012
f 8055 8054 8056
f 8051 8052 8053
f 8054 8073 8074
f 8050 8072 8052
f 8073 8090 8092
f 8090 8089 8091
f 8087 8112 8089
f 8071 8088 8072
f 8049 8070 8071
f 8069 8084 8070
f 8086 8085 8087
f 8082 8083 8084
f 8085 8110 8111
f 8082 8081 8083
f 8080 8106 8081
f 8104 7890 8105
f 9044 8106 8080
f 9153 7848 7847
f 9153 8278 7848
f 9118 8278 9153
f 9155 9118 9153
f 9155 9117 9118
f 9116 9117 9155
f 9116 9155 9152
f 9142 9116 9152
f 9142 9152 9143
f 9142 9143 9144
f 9144 9149 9142
f 8609 9149 9144
f 9144 8663 8609
f 9144 9099 8663
f 8663 9099 8664
f 8610 8663 8664
f 8610 8664 8637
f 8637 8664 8665
f 9103 8665 8664
f 9103 8664 9104
f 9101 8665 9103
f 9101 8662 8665
f 8639 8665 8662
f 8639 8662 8641
f 8640 8639 8641
f 8641 8661 8640
f 8640 8661 8660
f 8640 8660 8642
f 8642 8660 8659
f 8631 8659 8660
f 8628 8659 8631
f 8628 8658 8659
f 8623 8658 8628
f 8628 8629 8623
f 8628 8627 8629
f 8688 8629 8627
f 8685 8629 8688
f 8685 8630 8629
f 8624 8630 8685
f 8685 8686 8624
f 9065 8686 8685
f 9064 8686 9065
f 9064 8687 8686
f 9053 8687 9064
f 9053 8684 8687
f 8678 8684 9053
f 8678 8614 8684
f 8684 8614 8625
f 8616 8625 8614
f 8616 8657 8625
f 8656 8657 8616
f 8616 8652 8656
f 8616 8621 8652
f 8615 8621 8616
f 8622 8621 8615
f 8615 8680 8622
f 8615 8679 8680
f 8614 8679 8615
f 9051 8680 8679
f 9051 8681 8680
f 9063 8681 9051
f 9063 8682 8681
f 8620 8681 8682
f 8620 8682 5137
f 5137 8682 8683
f 9062 8683 8682
f 9061 8683 9062
f 9061 8677 8683
f 9060 8677 9061
f 9060 8676 8677
f 8676 5137 8677
f 8676 5136 5137
f 5136 5134 5137
f 5136 5129 5134
f 5135 5129 5136
f 5135 5127 5129
f 5127 5128 5129
f 5127 5126 5128
f 5126 5130 5128
f 5128 5130 5131
f 5128 5131 5122
f 5122 5124 5128
f 5128 5124 5146
f 5128 5146 5154
f 5154 5146 5147
f 5146 5118 5147
f 5437 5147 5118
f 5147 5437 5444
f 5444 5437 5453
f 5444 5453 5446
f 5445 5444 5446
f 5151 5444 5445
f 5445 5150 5151
f 5148 5150 5445
f 5148 5149 5150
f 5150 5149 5144
f 5149 6751 5144
f 5149 6585 6751
f 6585 6584 6751
f 6751 6584 6788
f 6751 6788 6789
f 6789 6788 6790
f 6788 6815 6790
f 6790 6815 6814
f 6746 6814 6815
f 6746 6815 6638
f 6638 6586 6746
f 6637 6586 6638
f 6636 6586 6637
f 6636 6587 6586
f 6635 6587 6636
f 6635 6589 6587
f 6588 6587 6589
f 6588 6589 6590
f 6590 6589 6591
f 6748 6590 6591
f 6747 6590 6748
f 6748 6812 6747
f 6747 6812 6814
f 6812 6813 6814
f 6792 6814 6813
f 6792 6813 6752
f 6793 6792 6752
f 6793 6752 6682
f 6682 6752 6754
f 6682 6754 6680
f 6680 6681 6682
f 6681 6782 6682
f 6682 6782 6783
f 6782 6691 6783
f 6783 6691 6689
f 6783 6689 6784
f 6793 6783 6784
f 6793 6784 6791
f 6791 6784 6785
f 6791 6785 6789
f 6789 6785 6679
f 6785 6786 6679
f 6679 6786 5140
f 6679 5140 5142
f 5140 5141 5142
f 5141 5145 5142
f 5141 5144 5145
f 5143 5144 5141
f 5152 5143 5141
f 5151 5143 5152
f 5152 5155 5151
f 5152 5147 5155
f 5152 5141 5153
f 5153 5141 5139
f 5139 5129 5153
f 5139 5132 5129
f 5121 5132 5139
f 5121 8619 5132
f 8648 5132 8619
f 5133 5132 8648
f 8621 5133 8648
f 5134 5133 8621
f 8620 5134 8621
f 8648 8619 8649
f 8652 8648 8649
f 8652 8649 8653
f 8653 8649 8650
f 8653 8650 8654
f 8654 8650 8651
f 8650 8617 8651
f 8651 8617 8602
f 8651 8602 8635
f 8635 8602 6686
f 8635 6686 7421
f 6684 7421 6686
f 6685 6684 6686
f 6685 6686 6687
f 5119 6685 6687
f 5119 6687 5120
f 6687 8602 5120
f 5119 5120 5121
f 5119 5121 5138
f 5120 8618 5121
f 5120 8617 8618
f 5138 6685 5119
f 6786 6685 5138
f 6688 6685 6786
f 6688 6683 6685
f 6690 6683 6688
f 6690 6787 6683
f 6683 6787 7404
f 6787 6692 7404
f 7404 6692 7396
f 6691 7396 6692
f 6691 7397 7396
f 7396 7397 7398
f 7431 7396 7398
f 7431 7398 7418
f 7418 7398 6958
f 7398 6960 6958
f 6960 6962 6958
f 6958 6962 7243
f 6958 7243 6959
f 6959 7243 7244
f 7243 7264 7244
f 7244 7264 7262
f 7263 7262 7264
f 7263 7264 7265
f 7265 7264 7286
f 7286 7285 7265
f 7285 7282 7265
f 7265 7282 7270
f 7282 7271 7270
f 7268 7270 7271
f 7268 7271 7267
f 7267 7247 7268
f 7268 7247 7246
f 6995 7246 7247
f 6995 7247 6993
f 6993 7247 7248
f 6993 7248 7249
f 7686 6993 7249
f 7687 6993 7686
f 7687 6994 6993
f 6996 6994 7687
f 6995 6994 6996
f 6995 6996 6997
f 6997 6996 6998
f 6997 6998 6999
f 6999 7242 6997
f 7242 7245 6997
f 7259 7245 7242
f 7259 7242 7257
f 7257 7242 7241
f 7257 7241 7255
f 7255 7256 7257
f 7257 7256 7258
f 6976 7258 7256
f 6976 7256 6981
f 6981 7256 6985
f 6981 6985 6978
f 6978 6980 6981
f 6981 6980 6982
f 7415 6982 6980
f 7416 6982 7415
f 7416 6983 6982
f 6976 6982 6983
f 6976 6983 6977
f 6975 6976 6977
f 7417 6975 6977
f 7417 6977 7416
f 7416 7425 7417
f 7417 7425 7427
f 7417 7427 7430
f 7418 7417 7430
f 6971 7417 7418
f 7418 6957 6971
f 6972 6971 6957
f 6957 6959 6972
f 6972 6959 6973
f 6972 6973 6970
f 6970 6973 6974
f 6970 6974 6975
f 6973 7260 6974
f 6974 7260 7258
f 7259 7258 7260
f 7259 7260 7261
f 7261 7260 7262
f 6973 7262 7260
f 6970 6971 6972
f 7417 6971 6970
f 7430 7427 7429
f 7427 7428 7429
f 7427 7426 7428
f 8634 7428 7426
f 8634 7399 7428
f 7400 7399 8634
f 7399 7400 7401
f 7404 7401 7400
f 7404 7400 7402
f 7402 7403 7404
f 8635 7403 7402
f 8634 8635 7402
f 8655 8635 8634
f 8645 8655 8634
f 8645 8634 8603
f 8603 8604 8645
f 8603 7410 8604
f 7422 7410 8603
f 7411 7410 7422
f 7411 7422 7423
f 7415 7411 7423
f 7414 7411 7415
f 6979 7414 7415
f 6984 7414 6979
f 6987 7414 6984
f 6987 7407 7414
f 7407 7395 7414
f 7407 7393 7395
f 7393 7394 7395
f 7394 7412 7395
f 7395 7412 7413
f 6547 7413 7412
f 7408 7413 6547
f 7409 7408 6547
f 6547 8605 7409
f 6547 9145 8605
f 6548 9145 6547
f 6548 9146 9145
f 6541 9145 9146
f 6541 9146 6542
f 6542 6543 6541
f 6541 6543 6544
f 6541 6544 6539
f 6539 6544 9165
f 9116 6539 9165
f 9116 9165 9114
f 9114 9165 9115
f 9165 9119 9115
f 9119 8275 9115
f 9115 8275 8280
f 9115 8280 8279
f 8279 9114 9115
f 9117 9114 8279
f 9117 8279 9118
f 9118 8279 8278
f 7849 8278 8279
f 7848 8278 7849
f 9116 9114 9117
f 7891 8279 8280
f 7891 8280 7888
f 7888 8280 8275
f 7888 8275 7889
f 7889 8275 7886
f 7885 7889 7886
f 7884 7885 7886
f 7884 7883 7885
f 7882 7883 7884
f 7882 7881 7883
f 7877 7881 7882
f 7884 8276 7882
f 7884 8275 8276
f 9121 8276 8275
f 9120 8276 9121
f 9120 8277 8276
f 9121 8275 9122
f 9121 9122 9165
f 7882 8276 8277
f 7882 8277 8274
f 7883 8139 7885
f 7885 8139 8140
f 7885 8140 7887
f 7887 8140 7892
f 7887 7892 7888
f 7887 7888 7885
f 8139 8131 8140
f 8140 8131 8133
f 8139 8129 8131
f 8138 8129 8139
f 7883 8138 8139
f 7886 8275 7884
f 7885 7888 7889
f 9122 8275 9119
f 9165 9122 9119
f 6540 6539 9116
f 9116 9151 6540
f 9116 9147 9151
f 9145 9151 9147
f 9145 9147 8608
f 8608 9147 9148
f 8608 9148 8609
f 8608 8609 8610
f 8607 8608 8610
f 8607 8610 8636
f 8636 8644 8607
f 8607 8644 8604
f 8607 8604 8605
f 8605 8606 8607
f 8636 8643 8644
f 8638 8643 8636
f 8638 8642 8643
f 8647 8643 8642
f 8646 8643 8647
f 8647 8654 8646
f 8646 8654 8655
f 8636 8637 8638
f 8638 8637 8639
f 8646 8644 8643
f 8645 8644 8646
f 8606 8608 8607
f 8606 9145 8608
f 9150 9151 9145
f 9148 9147 9116
f 9116 9149 9148
f 9150 6540 9151
f 6541 6540 9150
f 6544 9141 9165
f 9165 9141 9140
f 9165 9140 9139
f 8262 9139 9140
f 8262 9140 6543
f 8262 6543 6550
f 6543 6534 6550
f 6550 6534 6536
f 6550 6536 6551
f 7833 6550 6551
f 7690 7833 6551
f 7690 7831 7833
f 7689 7831 7690
f 7689 7687 7831
f 7687 7830 7831
f 7830 7916 7831
f 7831 7916 7917
f 7831 7917 7871
f 7832 7831 7871
f 7871 8263 7832
f 7832 8263 8262
f 8263 9138 8262
f 8263 9137 9138
f 9135 9137 8263
f 9134 9135 8263
f 9135 9134 9165
f 9165 9134 9136
f 8260 9136 9134
f 9133 9136 8260
f 8264 9133 8260
f 8260 7919 8264
f 8264 7919 7924
f 8260 8261 7919
f 7919 8261 7871
f 7871 7918 7919
f 7925 7919 7918
f 7925 7918 7926
f 7918 7929 7926
f 7926 7929 7930
f 7920 7930 7929
f 7920 7929 7921
f 7911 7920 7921
f 7911 7921 7912
f 7912 7921 7922
f 7912 7922 7913
f 7913 7922 7923
f 7922 7927 7923
f 7923 7927 7916
f 7923 7916 7915
f 7922 7928 7927
f 7917 7927 7928
f 7917 7928 7918
f 7921 7928 7922
f 7904 7911 7912
f 7904 7912 7903
f 7903 7899 7904
f 7905 7911 7904
f 7910 7920 7911
f 7921 7929 7928
f 7918 7928 7929
f 8265 9133 8264
f 8265 9132 9133
f 9133 9132 9165
f 9165 9132 9130
f 9165 9130 9129
f 9129 9130 8265
f 9130 9132 8265
f 8260 9134 8261
f 9165 9136 9133
f 8261 9134 8263
f 9165 9137 9135
f 9165 9138 9137
f 7832 8262 7833
f 7871 8261 8263
f 7871 7917 7918
f 7916 7927 7917
f 7915 7916 7830
f 7685 7830 7687
f 7688 7687 7689
f 6538 7688 7689
f 7252 7688 6538
f 6538 6989 7252
f 6538 7405 6989
f 6538 6537 7405
f 7405 6537 6535
f 7405 6535 7406
f 6535 6534 7406
f 7406 6534 7393
f 6549 7393 6534
f 7405 7406 7407
f 6536 6535 6537
f 6536 6537 6538
f 6989 7405 7407
f 7252 6989 6988
f 7252 6988 7253
f 7253 6988 6986
f 7253 6986 7254
f 7254 6986 6985
f 7254 6985 7255
f 7255 6990 7254
f 7254 6990 6992
f 6990 6991 6992
f 6991 6990 7000
f 7687 6991 7000
f 6998 7687 7000
f 7000 6990 7241
f 7000 7241 6999
f 7687 6992 6991
f 6984 6985 6986
f 7254 6992 7253
f 7688 7253 6992
f 6987 6986 6988
f 6987 6988 6989
f 7252 7253 7688
f 6538 7689 6536
f 7688 6992 7687
f 6536 7689 7690
f 7832 7833 7831
f 6536 7690 6551
f 6534 6535 6536
f 6543 6549 6534
f 6546 6549 6543
f 6546 7394 6549
f 6547 6546 6543
f 6545 6546 6547
f 6545 7412 6546
f 7833 8262 6550
f 9138 9139 8262
f 9139 9138 9165
f 6543 9140 9141
f 6539 6540 6541
f 6543 9141 6544
f 6548 6543 6542
f 9150 9145 6541
f 6542 9146 6548
f 6547 6543 6548
f 8606 8605 9145
f 8605 8604 7409
f 7408 7409 7410
f 6547 7412 6545
f 7395 7413 7408
f 7411 7395 7408
f 6546 7412 7394
f 6549 7394 7393
f 7406 7393 7407
f 6989 7407 6987
f 6984 6986 6987
f 6978 6984 6979
f 7414 7395 7411
f 7423 7422 7424
f 7423 7424 7425
f 7425 7424 7426
f 8603 7426 7424
f 7408 7410 7411
f 7424 7422 8603
f 7410 7409 8604
f 8645 8604 8644
f 8646 8655 8645
f 8635 7420 7403
f 6683 7403 7420
f 6683 7420 6684
f 7431 7401 7404
f 7431 7430 7401
f 8634 7402 7400
f 7401 7428 7399
f 8603 8634 7426
f 7401 7429 7428
f 7430 7429 7401
f 7425 7426 7427
f 7416 7423 7425
f 6970 6975 7417
f 6975 6974 6976
f 7416 6977 6983
f 7415 7423 7416
f 7415 6980 6979
f 6978 6979 6980
f 6978 6985 6984
f 6981 6982 6976
f 6974 7258 6976
f 7255 6985 7256
f 7255 7241 6990
f 7257 7258 7259
f 7261 7245 7259
f 7261 7269 7245
f 7269 7246 7245
f 7263 7269 7261
f 7263 7270 7269
f 6997 7245 7246
f 6999 7241 7242
f 6999 6998 7000
f 6996 7687 6998
f 7685 7687 7686
f 7686 7251 7685
f 7685 7251 7003
f 7686 7249 7251
f 7249 7250 7251
f 7001 7251 7250
f 7001 7250 7266
f 7266 7250 7248
f 7266 7248 7267
f 7267 7272 7266
f 7266 7272 7273
f 7280 7273 7272
f 7280 7272 7281
f 7281 7312 7280
f 7281 7311 7312
f 7282 7311 7281
f 7281 7272 7271
f 7249 7248 7250
f 6993 6994 6995
f 6997 7246 6995
f 7268 7246 7269
f 7267 7248 7247
f 7267 7271 7272
f 7269 7270 7268
f 7281 7271 7282
f 7285 7311 7282
f 7283 7311 7285
f 7284 7283 7285
f 6930 7283 7284
f 7284 6962 6930
f 6930 6962 6969
f 6930 6969 6931
f 6930 6931 6932
f 6932 6931 6933
f 6931 7287 6933
f 6933 7287 7288
f 7294 6933 7288
f 7293 6933 7294
f 7294 7330 7293
f 7293 7330 7332
f 7330 7331 7332
f 7330 7329 7331
f 7328 7329 7330
f 7328 7327 7329
f 7326 7327 7328
f 7327 7339 7329
f 7327 7338 7339
f 7293 7332 7292
f 7294 7328 7330
f 7295 7328 7294
f 7293 6934 6933
f 7294 7288 7295
f 7288 7290 7295
f 7288 7291 7290
f 7062 7290 7291
f 7063 7290 7062
f 7062 7061 7063
f 7062 6680 7061
f 6965 6680 7062
f 7060 7061 6680
f 6680 6772 7060
f 7060 6772 6697
f 7060 6697 7138
f 7138 6697 7135
f 7138 7135 7139
f 7334 7138 7139
f 7334 7139 6939
f 6939 7139 7137
f 6939 7137 6940
f 6938 6939 6940
f 6938 6940 7152
f 7152 6940 7159
f 7152 7159 7153
f 7153 7159 7160
f 7153 7160 7154
f 7147 7153 7154
f 7148 7153 7147
f 7154 7160 7161
f 7154 7161 7155
f 7161 7173 7155
f 7161 7176 7173
f 7176 7177 7173
f 7176 7188 7177
f 7175 7188 7176
f 7160 7175 7176
f 7175 7187 7188
f 7214 7188 7187
f 7187 7189 7214
f 7214 7189 7191
f 7214 7191 7213
f 7213 7212 7214
f 7211 7212 7213
f 7213 7225 7211
f 7211 7225 7224
f 7211 7224 7209
f 7209 7224 7222
f 7223 7222 7224
f 7221 7222 7223
f 7223 7239 7221
f 7221 7239 7237
f 7221 7237 7219
f 7219 7237 7235
f 7236 7235 7237
f 7236 7237 7238
f 7108 7236 7238
f 7108 7238 7109
f 7109 7238 7240
f 7109 7240 6702
f 6701 7109 6702
f 6693 6701 6702
f 6700 6701 6693
f 6700 6699 6701
f 6698 6699 6700
f 6770 6698 6700
f 6770 6700 6771
f 6699 7056 6701
f 6699 7055 7056
f 7055 7107 7056
f 7055 7106 7107
f 7054 7106 7055
f 7054 7105 7106
f 7105 7232 7106
f 7105 7230 7232
f 7104 7230 7105
f 7053 7104 7105
f 7106 7232 7234
f 7232 7233 7234
f 7234 7233 7235
f 7106 7234 7107
f 7107 7234 7236
f 7056 7107 7108
f 6707 7055 6699
f 7056 7108 6701
f 6771 6700 6693
f 6771 6693 6753
f 6753 6693 6695
f 6753 6695 6754
f 6754 6695 6697
f 6695 6696 6697
f 6696 6937 6697
f 6937 7059 6697
f 6937 7190 7059
f 7059 7190 7158
f 7059 7158 7136
f 7135 7059 7136
f 7135 7136 7137
f 7136 7157 7137
f 7136 7158 7157
f 7156 7157 7158
f 7174 7157 7156
f 7174 7156 7187
f 6940 7157 7174
f 7156 7158 7189
f 7189 7158 7190
f 6937 7191 7190
f 6936 7191 6937
f 6935 6936 6937
f 7058 6935 6937
f 7057 6935 7058
f 6694 7057 7058
f 6694 7058 6696
f 6702 7057 6694
f 6702 7239 7057
f 7057 7239 6935
f 7225 6936 6935
f 7225 6935 7223
f 7058 6937 6696
f 6695 6694 6696
f 6693 6694 6695
f 6753 6809 6771
f 6771 6809 6807
f 6808 6807 6809
f 6808 6809 6810
f 6810 6809 6811
f 6810 6811 6812
f 6753 6811 6809
f 6752 6811 6753
f 6693 6702 6694
f 6702 7240 7239
f 7238 7239 7240
f 6701 7108 7109
f 7107 7236 7108
f 7234 7235 7236
f 7219 7235 7217
f 7219 7220 7221
f 7219 7218 7220
f 7205 7220 7218
f 7207 7220 7205
f 7205 7206 7207
f 7207 7206 7208
f 7207 7208 7209
f 7209 7208 7210
f 7208 7178 7210
f 7210 7178 7177
f 7177 7178 7179
f 7179 7178 7180
f 7179 7180 7103
f 7103 7180 7181
f 7206 7181 7180
f 7204 7181 7206
f 7204 7182 7181
f 7101 7181 7182
f 7202 7182 7204
f 7202 7183 7182
f 7099 7182 7183
f 7103 7181 7101
f 7172 7179 7103
f 7173 7179 7172
f 7210 7177 7212
f 7208 7180 7178
f 7206 7180 7208
f 7205 7204 7206
f 7203 7204 7205
f 7207 7222 7220
f 7238 7237 7239
f 7223 6935 7239
f 7221 7220 7222
f 7209 7222 7207
f 7209 7210 7211
f 7223 7224 7225
f 7213 6936 7225
f 7211 7210 7212
f 7213 7191 6936
f 7189 7190 7191
f 7187 7156 7189
f 7212 7188 7214
f 7174 7187 7175
f 7159 7174 7175
f 7212 7177 7188
f 7173 7177 7179
f 7155 7173 7163
f 7155 7163 7143
f 7145 7155 7143
f 7143 7163 7162
f 7143 7162 7144
f 7145 7154 7155
f 7160 7176 7161
f 7159 7175 7160
f 7148 7152 7153
f 7149 7152 7148
f 7148 7131 7149
f 7149 7131 7130
f 6940 7174 7159
f 7149 6938 7152
f 7150 6938 7149
f 7334 6938 7150
f 7334 7150 7335
f 6940 7137 7157
f 6939 6938 7334
f 7335 7138 7334
f 7139 7135 7137
f 6697 7059 7135
f 7335 7060 7138
f 7336 7060 7335
f 6754 6697 6772
f 7063 7289 7290
f 7062 7291 6965
f 7287 6965 7291
f 6968 6965 7287
f 6968 6963 6965
f 6963 6964 6965
f 6964 6681 6965
f 6964 6963 7419
f 6963 6967 7419
f 7419 6967 6966
f 6966 6967 6968
f 6969 6966 6968
f 6961 6966 6969
f 7397 6966 6961
f 7419 6966 7397
f 6782 7419 7397
f 6964 7419 6782
f 6967 6963 6968
f 7287 7291 7288
f 6931 6968 7287
f 6969 6968 6931
f 6962 6961 6969
f 6930 7296 7283
f 7283 7296 7311
f 7284 7285 7286
f 7286 7243 7284
f 7265 7270 7263
f 7261 7262 7263
f 7244 7262 6973
f 7286 7264 7243
f 6959 7244 6973
f 6957 6958 6959
f 7284 7243 6962
f 6960 6961 6962
f 7398 6961 6960
f 7418 6958 6957
f 7418 7430 7431
f 7397 6961 7398
f 6690 6691 6692
f 7404 7396 7431
f 7404 7403 6683
f 6692 6787 6690
f 6688 6689 6690
f 6683 6684 6685
f 6684 7420 7421
f 7421 7420 8635
f 6686 8602 6687
f 8655 8651 8635
f 8602 8617 5120
f 8650 8618 8617
f 8654 8651 8655
f 8647 8653 8654
f 8656 8653 8647
f 8647 8658 8656
f 8649 8618 8650
f 8649 8619 8618
f 5121 8618 8619
f 5138 5121 5139
f 5138 5139 5140
f 5132 5133 5129
f 5153 5128 5152
f 5151 5144 5143
f 5140 5139 5141
f 5142 5145 6679
f 6751 6679 5145
f 6786 5138 5140
f 6785 6688 6786
f 6784 6688 6785
f 6784 6689 6688
f 6690 6689 6691
f 6782 7397 6691
f 6782 6681 6964
f 6965 6681 6680
f 6680 6754 6772
f 6752 6753 6754
f 6682 6783 6793
f 6791 6792 6793
f 6791 6790 6792
f 6752 6813 6811
f 6812 6811 6813
f 6748 6810 6812
f 6749 6810 6748
f 6634 6591 6589
f 6747 6588 6590
f 6746 6588 6747
f 6634 6589 6635
f 6636 6628 6635
f 6586 6587 6588
f 6637 6627 6636
f 6614 6627 6637
f 6614 6637 6583
f 5447 6614 6583
f 5447 6583 5445
f 5445 6583 6585
f 6581 6614 5447
f 5447 5449 6581
f 6581 5449 6582
f 6581 6582 6556
f 6670 6556 6582
f 6670 6582 6672
f 6671 6670 6672
f 6672 6582 5449
f 6672 5449 5451
f 6673 6672 5451
f 6673 5451 5452
f 5450 5452 5451
f 5450 5434 5452
f 5435 5434 5450
f 5450 5456 5435
f 5435 5456 5457
f 5435 5457 5436
f 5436 5457 5185
f 5436 5185 5186
f 5185 5166 5186
f 5186 5166 5168
f 5166 5167 5168
f 5166 5164 5167
f 5182 5167 5164
f 5182 5164 5183
f 5183 5164 5116
f 5164 5098 5116
f 5165 5098 5164
f 5159 5098 5165
f 5159 5099 5098
f 5100 5099 5159
f 5100 5159 5184
f 5184 5439 5100
f 5100 5439 5440
f 5456 5440 5439
f 5455 5440 5456
f 5455 5441 5440
f 5454 5441 5455
f 5454 5442 5441
f 5453 5442 5454
f 5453 5443 5442
f 5110 5442 5443
f 5110 5443 5111
f 5111 5443 5438
f 5437 5438 5443
f 5111 5438 5112
f 5112 5438 5113
f 5438 5118 5113
f 5096 5113 5118
f 5096 5118 5094
f 5109 5442 5110
f 5109 5441 5442
f 5101 5441 5109
f 5448 5454 5455
f 5446 5454 5448
f 5447 5446 5448
f 5448 5455 5450
f 5449 5448 5450
f 5101 5440 5441
f 5100 5440 5101
f 5457 5439 5184
f 5159 5165 5184
f 5184 5165 5166
f 5183 5116 5115
f 5160 5183 5115
f 5160 5115 5114
f 5160 5114 5161
f 5161 5114 5117
f 5161 5117 5162
f 5162 5158 5161
f 5162 5156 5158
f 5163 5156 5162
f 5162 5093 5163
f 5465 5163 5093
f 5464 5163 5465
f 5464 5468 5163
f 5163 5468 5469
f 5469 5468 5771
f 5773 5469 5771
f 5771 5772 5773
f 5773 5772 5766
f 5773 5766 5774
f 5774 5470 5773
f 5765 5470 5774
f 5765 5471 5470
f 5472 5471 5765
f 5173 5471 5472
f 5157 5471 5173
f 5157 5173 5158
f 5158 5173 5174
f 5174 5173 5467
f 5467 5473 5174
f 5174 5473 5474
f 5473 5757 5474
f 5174 5474 5475
f 6311 5174 5475
f 6311 5177 5174
f 6310 5177 6311
f 6310 5178 5177
f 6312 5178 6310
f 6312 5179 5178
f 5176 5178 5179
f 5176 5179 5180
f 5180 5182 5176
f 5180 5171 5182
f 5169 5171 5180
f 5180 5181 5169
f 5169 5181 6308
f 5179 6308 5181
f 6375 5169 6308
f 6375 6308 6373
f 6373 6308 6395
f 6312 6395 6308
f 6336 6395 6312
f 6336 6396 6395
f 6379 6395 6396
f 6379 6396 6382
f 6382 6396 6397
f 6382 6397 6383
f 6377 6382 6383
f 6377 6383 6384
f 6384 6383 6385
f 6384 6385 6386
f 6385 6387 6386
f 6386 6387 6388
f 6387 6400 6388
f 6387 6399 6400
f 6332 6400 6399
f 6332 6399 6334
f 6372 6400 6332
f 6372 6401 6400
f 6371 6401 6372
f 6371 6402 6401
f 6370 6402 6371
f 6370 6403 6402
f 6390 6401 6402
f 6390 6402 6392
f 6388 6401 6390
f 6389 6388 6390
f 6389 6390 6391
f 6361 6371 6372
f 6359 6371 6361
f 6360 6359 6361
f 6331 6361 6372
f 6341 6361 6331
f 6331 6372 6332
f 6331 6332 6333
f 6342 6331 6333
f 6388 6400 6401
f 6386 6388 6389
f 6389 6420 6386
f 6386 6420 6421
f 6385 6399 6387
f 6385 6398 6399
f 6386 6421 6384
f 6424 6384 6421
f 6383 6398 6385
f 6379 6382 6377
f 6337 6396 6336
f 5169 5170 5171
f 5171 5170 5172
f 5172 5168 5171
f 5168 5172 5187
f 5180 5179 5181
f 5175 5178 5176
f 5160 5175 5176
f 6312 6308 5179
f 6312 6310 6336
f 6336 6310 6309
f 5175 5177 5178
f 5174 5177 5175
f 5158 5174 5175
f 5157 5470 5471
f 5156 5470 5157
f 5156 5469 5470
f 4475 5766 5772
f 4475 5772 4447
f 4446 4475 4447
f 4446 4447 4448
f 4448 4447 4449
f 4448 4449 4450
f 4450 4449 4451
f 4450 4451 4452
f 4450 4452 5095
f 5095 9113 4450
f 5108 9113 5095
f 5108 9112 9113
f 9112 9085 9113
f 9113 9085 9087
f 9113 9087 9086
f 9086 9087 9088
f 9089 9086 9088
f 9089 9088 9111
f 9111 9088 9075
f 9088 9083 9075
f 9075 9083 9047
f 9075 9047 9046
f 9046 9050 9075
f 9075 9050 9049
f 9075 9049 9054
f 9054 9055 9075
f 9075 9055 9056
f 9075 9056 9057
f 9057 9058 9075
f 9075 9058 9107
f 9058 9059 9107
f 9107 9059 9060
f 9107 9060 9061
f 9061 9062 9107
f 9107 9062 9063
f 9107 9063 9051
f 9051 9052 9107
f 9107 9052 9100
f 9052 9053 9100
f 9053 9064 9100
f 9100 9064 9065
f 9100 9065 9068
f 9068 9067 9100
f 9100 9067 9066
f 9100 9066 9101
f 9101 9066 9070
f 9101 9070 9106
f 9106 9070 9105
f 9070 9069 9105
f 9105 9069 9072
f 9105 9072 9074
f 9100 9101 9102
f 9078 9100 9102
f 9078 9102 9092
f 9092 9102 9104
f 9092 9104 9099
f 9098 9092 9099
f 9098 9097 9092
f 9097 9176 9092
f 9097 9096 9176
f 9093 9096 9097
f 9095 9096 9093
f 9159 9096 9095
f 9159 9095 9094
f 9152 9159 9094
f 9152 9094 9093
f 9098 9152 9093
f 9098 9143 9152
f 9155 9159 9152
f 9155 9158 9159
f 9159 9158 9176
f 9176 9158 9157
f 9176 9157 9200
f 9279 9176 9200
f 9279 9200 9201
f 9201 9199 9279
f 9279 9199 9198
f 9274 9279 9198
f 9274 9198 9270
f 9275 9274 9270
f 9275 9270 9269
f 9269 9270 9271
f 9270 9196 9271
f 9271 9196 9195
f 9271 9195 9272
f 9195 9194 9272
f 9272 9194 9193
f 9272 9193 9276
f 9265 9272 9276
f 9267 9272 9265
f 9265 9266 9267
f 9267 9266 9268
f 9266 9286 9268
f 9268 9286 9288
f 9286 9287 9288
f 9288 9287 9289
f 9288 9289 9290
f 9315 9288 9290
f 9315 9290 9316
f 9269 9315 9316
f 9268 9315 9269
f 9316 9290 9282
f 9282 9290 9237
f 9283 9282 9237
f 9237 4456 9283
f 9283 4456 4490
f 9283 4490 4444
f 4458 4444 4490
f 4445 4444 4458
f 4443 4444 4445
f 9299 9283 4444
f 4458 4490 4456
f 4456 4457 4458
f 4468 4458 4457
f 4457 9287 4468
f 4468 9287 9285
f 4468 9285 4467
f 4467 9285 9233
f 4467 9233 4465
f 4465 9233 9235
f 4465 9235 4487
f 4465 4487 4466
f 4466 4487 4488
f 4466 4488 4462
f 4462 4488 4489
f 4488 9312 4489
f 9311 4489 9312
f 9311 4463 4489
f 9310 4463 9311
f 9247 9310 9311
f 9247 9311 9249
f 9248 9247 9249
f 9248 9249 9250
f 9250 9249 9259
f 9259 9252 9250
f 9250 9252 9251
f 9259 9278 9252
f 9261 9278 9259
f 9259 9260 9261
f 9261 9260 9262
f 9261 9262 9263
f 9263 9262 9264
f 9262 9234 9264
f 9264 9234 9284
f 9234 9233 9284
f 9264 9284 9266
f 9262 9235 9234
f 9263 9264 9265
f 9263 9277 9261
f 9263 9276 9277
f 9276 9192 9277
f 9277 9192 9191
f 9160 9191 9192
f 9160 9192 9161
f 9192 9193 9161
f 9190 9191 9160
f 9278 9191 9190
f 9277 9191 9278
f 9260 9235 9262
f 9260 9312 9235
f 9249 9312 9260
f 9261 9277 9278
f 9259 9249 9260
f 9250 9251 9248
f 9248 9251 9253
f 9251 9208 9253
f 9253 9208 9207
f 9253 9207 9254
f 9246 9253 9254
f 9246 9254 9244
f 9244 9254 9255
f 9244 9255 9242
f 9242 9255 9256
f 9255 9222 9256
f 9256 9222 9221
f 9256 9221 9257
f 9257 9221 9219
f 9220 9219 9221
f 9257 9219 9258
f 9238 9257 9258
f 9238 9258 9216
f 9216 9258 9217
f 9178 9216 9217
f 9178 9217 9218
f 9218 9217 9219
f 9238 9216 8806
f 8806 8805 9238
f 8805 8804 9238
f 8804 8805 8795
f 9238 8804 9239
f 8807 9239 8804
f 9238 9239 9240
f 9240 9239 9241
f 9240 9241 9242
f 9242 9241 9243
f 9241 9313 9243
f 9243 9313 9309
f 9308 9309 9313
f 9243 9309 9245
f 9244 9243 9245
f 9245 9309 9310
f 9309 4464 9310
f 9307 4464 9309
f 9241 9314 9313
f 9236 9313 9314
f 9236 9314 8811
f 9239 8811 9314
f 8813 9236 8811
f 9239 9314 9241
f 8795 8805 8806
f 8806 9216 9177
f 9240 9257 9238
f 9258 9219 9217
f 9240 9256 9257
f 9211 9221 9222
f 9255 9212 9222
f 9242 9256 9240
f 9242 9243 9244
f 9244 9245 9246
f 9246 9245 9247
f 9251 9202 9208
f 9248 9253 9246
f 9246 9247 9248
f 9245 9310 9247
f 9249 9311 9312
f 4462 5745 4466
f 5745 5743 4466
f 5744 5743 5745
f 5742 5743 5744
f 5742 5741 5743
f 5740 5741 5742
f 5740 5739 5741
f 5741 5739 4458
f 4458 5739 5738
f 4466 5741 4458
f 4467 4466 4458
f 5738 5739 5740
f 5740 5747 5738
f 5742 5482 5740
f 5742 5507 5482
f 5744 5507 5742
f 4466 5743 5741
f 4487 9312 4488
f 4487 9235 9312
f 9233 9234 9235
f 4465 4466 4467
f 9284 9233 9285
f 9284 9285 9286
f 4467 4458 4468
f 4457 4456 9237
f 9237 9289 4457
f 9281 9282 9283
f 9298 9281 9283
f 9306 9281 9298
f 9306 9282 9281
f 9316 9282 9306
f 9275 9316 9306
f 9275 9306 9273
f 9273 9306 9305
f 9273 9305 9279
f 9237 9290 9289
f 4457 9289 9287
f 9286 9285 9287
f 9268 9288 9315
f 9266 9284 9286
f 9267 9268 9269
f 9265 9264 9266
f 9265 9276 9263
f 9276 9193 9192
f 9161 9193 9194
f 9161 9194 9162
f 9162 9194 9195
f 9162 9195 9163
f 9267 9271 9272
f 9163 9195 9196
f 9163 9196 9164
f 9164 9196 9153
f 9153 9196 9197
f 9153 9197 9154
f 9153 9154 9155
f 9155 9154 9156
f 9154 9199 9156
f 9155 9156 9157
f 9197 9198 9154
f 9270 9197 9196
f 9269 9271 9267
f 9269 9316 9275
f 9273 9274 9275
f 9270 9198 9197
f 9273 9279 9274
f 9154 9198 9199
f 9201 9156 9199
f 9200 9156 9201
f 9280 9176 9279
f 9279 9304 9280
f 9200 9157 9156
f 9157 9158 9155
f 9093 9094 9095
f 9176 9096 9159
f 9280 9092 9176
f 9076 9092 9280
f 9093 9097 9098
f 9099 9143 9098
f 9102 9103 9104
f 9102 9101 9103
f 9107 9100 9078
f 9109 9107 9078
f 9110 9107 9109
f 9110 9075 9107
f 9082 9047 9083
f 9048 9047 9082
f 9082 9045 9048
f 9112 9045 9082
f 9082 9084 9112
f 9112 5105 9045
f 5107 5105 9112
f 5105 5103 9045
f 9082 9083 9084
f 9084 9083 9085
f 9088 9085 9083
f 9111 9075 9110
f 9090 9111 9110
f 9090 9110 9091
f 4459 9090 9091
f 4446 9090 4459
f 4446 9089 9090
f 9091 9110 9081
f 9089 9111 9090
f 4448 9086 9089
f 9087 9085 9088
f 9112 9084 9085
f 5107 9112 5108
f 4450 9113 9086
f 4449 5097 4451
f 4449 5768 5097
f 5770 5768 4449
f 5769 5768 5770
f 5769 5770 5771
f 5771 5464 5769
f 5767 5768 5769
f 5769 5465 5767
f 5767 5465 5092
f 5767 5092 5091
f 5091 5097 5767
f 5767 5097 5768
f 4450 9086 4448
f 4447 5770 4449
f 4448 9089 4446
f 4446 4474 4475
f 4447 5772 5770
f 5771 5770 5772
f 5773 5470 5469
f 5771 5468 5464
f 5769 5464 5465
f 5465 5093 5092
f 5163 5469 5156
f 5156 5157 5158
f 5161 5158 5175
f 5162 5117 5093
f 5161 5175 5160
f 5176 5183 5160
f 5176 5182 5183
f 5171 5167 5182
f 5165 5164 5166
f 5171 5168 5167
f 5186 5168 5187
f 5184 5166 5185
f 5457 5184 5185
f 5456 5439 5457
f 5450 5455 5456
f 5449 5450 5451
f 5447 5448 5449
f 6581 6555 6614
f 6583 6637 6639
f 6583 6639 6584
f 6637 6638 6639
f 6746 6586 6588
f 6638 6815 6639
f 6747 6814 6746
f 6790 6814 6792
f 6788 6639 6815
f 6789 6790 6791
f 6789 6679 6751
f 6584 6639 6788
f 6583 6584 6585
f 6751 5145 5144
f 5148 6585 5149
f 5445 6585 5148
f 5150 5144 5151
f 5151 5155 5444
f 5445 5446 5447
f 5446 5453 5454
f 5437 5443 5453
f 5444 5155 5147
f 5118 5438 5437
f 5118 5146 5094
f 5154 5147 5152
f 5152 5128 5154
f 5094 5146 5124
f 5094 5124 5106
f 5106 5124 5123
f 5106 5123 5104
f 5104 5123 8666
f 8666 5102 5104
f 8666 9047 5102
f 5102 9047 9048
f 5102 9048 9045
f 9045 5103 5102
f 8666 9046 9047
f 8667 9046 8666
f 8666 5122 8667
f 8670 9046 8667
f 8670 9050 9046
f 9049 9050 8670
f 8670 8671 9049
f 8670 5130 8671
f 5130 8672 8671
f 5130 8669 8672
f 9054 8672 8669
f 9049 8672 9054
f 9054 8669 9055
f 9055 8669 8668
f 8668 8669 5126
f 8668 5126 8673
f 8673 5126 5125
f 8673 5125 8674
f 8674 5125 5135
f 8674 5135 8675
f 9058 8674 8675
f 9057 8674 9058
f 9058 8675 9059
f 9059 8675 8676
f 9057 8673 8674
f 9056 8673 9057
f 9056 8668 8673
f 9055 8668 9056
f 9049 8671 8672
f 8667 5131 8670
f 8666 5123 5122
f 5122 5123 5124
f 8667 5122 5131
f 8670 5131 5130
f 5126 8669 5130
f 5125 5126 5127
f 5153 5129 5128
f 5125 5127 5135
f 8675 5135 5136
f 5129 5133 5134
f 8675 5136 8676
f 9059 8676 9060
f 5137 8683 8677
f 5137 5134 8620
f 8622 8681 8620
f 9062 8682 9063
f 9051 8679 9052
f 9052 8679 8678
f 8622 8680 8681
f 8620 8621 8622
f 8621 8648 8652
f 8656 8652 8653
f 8656 8658 8657
f 8625 8657 8623
f 8623 8624 8625
f 8614 8615 8616
f 8684 8625 8624
f 8678 8679 8614
f 9052 8678 9053
f 8624 8687 8684
f 8624 8686 8687
f 8623 8630 8624
f 8685 8688 9065
f 9065 8688 8689
f 9065 8689 9068
f 9068 8689 8690
f 8689 8627 8690
f 8690 8627 8626
f 8690 8626 8691
f 8691 8626 8613
f 8691 8613 8692
f 8692 8613 8612
f 8692 8612 8693
f 8693 9066 8692
f 9071 9066 8693
f 9071 9070 9066
f 9069 9070 9071
f 9072 9069 9071
f 9071 9073 9072
f 9072 9073 9074
f 8633 9074 9073
f 9105 9074 8633
f 9105 8633 9106
f 9106 8633 8662
f 8633 8661 8662
f 8632 8661 8633
f 8613 8632 8633
f 8613 8633 8611
f 8633 9073 8611
f 8611 9073 8612
f 9071 8612 9073
f 9066 9067 8692
f 8693 8612 9071
f 8611 8612 8613
f 9067 8691 8692
f 8626 8632 8613
f 8626 8631 8632
f 9067 8690 8691
f 9068 8690 9067
f 8688 8627 8689
f 8626 8627 8628
f 8623 8629 8630
f 8623 8657 8658
f 8647 8659 8658
f 8628 8631 8626
f 8631 8660 8632
f 8642 8659 8647
f 8640 8642 8638
f 8632 8660 8661
f 8638 8639 8640
f 8641 8662 8661
f 9106 8662 9101
f 8637 8665 8639
f 8636 8610 8637
f 9104 8664 9099
f 8609 8663 8610
f 8609 9148 9149
f 9144 9143 9099
f 9149 9116 9142
f 9043 7890 8104
f 7847 7848 7849
f 7849 8279 7891
f 7888 7892 7891
f 8105 7890 8134
f 8140 8133 7892
f 8131 8132 8133
f 8105 8134 8107
f 8108 8107 8109
f 8131 8130 8132
f 8110 8109 8030
f 8030 8128 8029
f 8129 8130 8131
f 8029 8128 8126
f 8125 8124 8126
f 8138 8127 8129
f 7881 8138 7883
f 8136 8125 8137
f 7872 8135 8136
f 7877 7880 7881
f 7872 7878 7879
f 8271 7878 8272
f 9126 8271 8272
f 8273 7877 7882
f 8273 7882 8274
f 9120 8274 8277
f 9165 9120 9121
f 9126 8272 9123
f 9125 8271 9126
f 9124 8270 9125
f 9124 9127 8269
f 8269 9127 9128
f 8268 9128 8267
f 9129 9131 9165
f 8267 7946 7875
f 8266 9129 8265
f 8264 7924 8265
f 7924 7919 7925
f 7947 7944 7945
f 7954 7948 7955
f 7955 7948 7949
f 7955 7949 7956
f 7956 7969 7955
f 7955 7969 7971
f 7956 7967 7969
f 7957 7967 7956
f 7876 7946 7947
f 7876 7973 7975
f 7955 7971 7954
f 7973 7972 7974
f 7969 7970 7971
f 7969 7968 7970
f 8039 7970 8037
f 8017 7974 7972
f 8037 8038 8039
f 7938 8103 8255
f 7938 8255 7937
f 8033 8034 8035
f 8033 8032 8034
f 8037 8036 8038
f 8037 7970 7968
f 7967 7968 7969
f 7957 7965 7967
f 8035 7966 8033
f 7963 7962 7964
f 8247 7962 7961
f 8247 7961 8218
f 8218 8225 8247
f 8031 8032 8033
f 8257 8034 8032
f 8256 8034 8257
f 7937 8255 8256
f 7935 8252 7818
f 7937 7936 7938
f 7982 7934 7981
f 7983 8067 7936
f 7983 7978 7988
f 7981 7976 7982
f 7981 8159 7976
f 7978 7977 7979
f 7979 8145 7987
f 7986 7980 7987
f 7829 7828 8144
f 8144 8142 7829
f 8144 8143 8142
f 7829 8142 8151
f 7986 7827 7984
f 7984 8154 7985
f 7994 8154 8155
f 8151 8152 8153
f 7995 8155 8156
f 8151 8150 8152
f 7822 8156 8157
f 8157 8149 8158
f 8142 8150 8151
f 8149 8203 8202
f 7860 8203 8204
f 8246 8205 8204
f 8141 8142 8143
f 8244 8245 8246
f 8254 8242 8244
f 8146 8143 8144
f 8146 8147 8148
f 8253 8249 8254
f 7976 8159 8148
f 7981 7933 8159
f 8253 7820 8249
f 7935 7818 7933
f 7818 8248 7819
f 8249 7820 8250
f 8250 8238 8240
f 8236 8237 8238
f 8226 8234 8236
f 7819 8227 8251
f 8247 8225 8227
f 8224 8234 8226
f 8218 8223 8225
f 8222 8232 8224
f 8221 8220 8222
f 8213 8219 8221
f 8217 8223 8218
f 8218 7961 7960
f 7959 7953 7960
f 7959 7952 7953
f 8214 8215 8216
f 8229 8214 8230
f 7901 8229 8230
f 7908 7907 7939
f 7939 7907 7940
f 7952 7909 7953
f 7958 7952 7959
f 7958 7965 7957
f 7956 7950 7957
f 7951 7940 7907
f 7956 7949 7950
f 7948 7943 7949
f 7941 7940 7942
f 7943 7925 7926
f 7939 7940 7941
f 7939 7932 7908
f 7926 7930 7931
f 7910 7930 7920
f 7906 7908 7932
f 7905 7910 7911
f 7901 8230 7906
f 7904 7900 7905
f 7897 8229 7901
f 7895 7896 7897
f 7904 7899 7900
f 7895 7894 7896
f 7894 7692 8213
f 7692 7694 7693
f 7692 7693 7019
f 7019 7018 7692
f 7692 7018 7067
f 7017 7018 7019
f 7017 7016 7018
f 7016 7065 7018
f 7016 7064 7065
f 7015 7064 7016
f 7094 7064 7015
f 7096 7064 7094
f 7096 7069 7064
f 7094 7095 7096
f 7083 7096 7095
f 7083 7095 7168
f 7168 7095 7093
f 7168 7093 7169
f 7169 7113 7168
f 7168 7113 7111
f 7112 7111 7113
f 7112 7113 7114
f 7110 7111 7112
f 7116 7111 7110
f 7115 7111 7116
f 7091 7115 7116
f 7091 7116 7119
f 7119 7116 7117
f 7119 7117 7120
f 7120 6942 7119
f 7120 6943 6942
f 6941 6942 6943
f 7121 6943 7120
f 7121 7049 6943
f 6953 7049 7121
f 7121 7122 6953
f 7127 6953 7122
f 7126 6953 7127
f 7127 7186 7126
f 7127 7185 7186
f 7127 7122 7128
f 7121 7118 7122
f 7120 7118 7121
f 7119 6942 6946
f 7120 7117 7118
f 7119 6946 7091
f 7116 7110 7117
f 7168 7111 7083
f 7094 7093 7095
f 7092 7093 7094
f 7094 7015 7092
f 7092 7015 7013
f 7013 7015 7014
f 7014 7015 7017
f 7014 7017 7020
f 7020 7678 7014
f 7020 7695 7678
f 7020 7694 7695
f 7019 7694 7020
f 7695 7694 7678
f 7014 7678 7679
f 7014 7679 7011
f 7679 7680 7011
f 7679 7681 7680
f 7011 7680 7681
f 7011 7681 7009
f 7012 7013 7014
f 7167 7013 7012
f 7167 7012 7166
f 7015 7016 7017
f 7020 7017 7019
f 7019 7693 7694
f 7898 7893 7899
f 7678 7694 7679
f 7903 7898 7899
f 7903 7912 7913
f 7913 7923 7914
f 7902 7681 7679
f 7914 7923 7915
f 7915 7830 7685
f 6954 6955 6956
f 6955 7318 6956
f 6955 7317 7318
f 7276 7317 6955
f 7276 7316 7317
f 7316 7306 7317
f 7317 7306 7308
f 7277 7316 7276
f 7277 7315 7316
f 7315 7304 7316
f 7278 7315 7277
f 7277 7002 7278
f 7276 7004 7277
f 7317 7308 7318
f 7318 7308 7310
f 7308 7309 7310
f 6955 7006 7276
f 7685 7275 7684
f 7276 7006 7004
f 7685 7003 7005
f 7277 7004 7002
f 7003 7251 7001
f 7266 7273 7001
f 7279 7273 7280
f 7278 7002 7274
f 7278 7314 7315
f 7314 7302 7315
f 7280 7313 7279
f 7314 7300 7302
f 7280 7312 7313
f 7311 7296 7312
f 6930 7297 7296
f 7298 7299 7300
f 6932 7297 6930
f 6932 6933 6934
f 7300 7299 7301
f 7292 6934 7293
f 7332 7303 7292
f 7300 7301 7302
f 7315 7302 7304
f 7332 7305 7303
f 7316 7304 7306
f 7306 7307 7308
f 7331 7305 7332
f 7329 7340 7331
f 7308 7307 7309
f 7329 7339 7340
f 7338 7347 7339
f 7348 7347 7349
f 7348 7349 7350
f 7350 7349 7351
f 7350 7351 7352
f 7347 7358 7349
f 7349 7358 7359
f 7346 7323 7309
f 7350 7321 7348
f 7350 7319 7321
f 7323 7310 7309
f 6956 7318 7310
f 7321 7320 7322
f 7325 7344 6956
f 7324 7343 7325
f 7319 7320 7321
f 7352 7319 7350
f 7354 7342 7341
f 7356 7342 7354
f 7354 7355 7356
f 7356 7355 7357
f 7355 7362 7357
f 7355 7361 7362
f 7361 7372 7362
f 7361 7371 7372
f 7360 7371 7361
f 7352 7351 7353
f 7349 7359 7351
f 7360 7370 7371
f 7133 7371 7370
f 7358 7369 7359
f 7338 7358 7347
f 7326 7338 7327
f 7295 7326 7328
f 7295 7290 7289
f 7061 7289 7063
f 7336 7061 7060
f 7333 7134 7337
f 7335 7151 7336
f 7335 7150 7151
f 7149 7130 7150
f 7133 7370 7134
f 7132 7371 7133
f 7132 7372 7371
f 7362 7372 7373
f 7362 7373 7363
f 7142 7374 7373
f 7129 7130 7131
f 7141 7374 7142
f 7148 7140 7131
f 7147 7140 7148
f 7147 7154 7145
f 7143 7144 7145
f 7146 7382 7378
f 7162 7383 7144
f 7162 7392 7383
f 7384 7378 7382
f 7383 7392 7385
f 7384 7377 7378
f 6929 6928 7386
f 6928 6927 7380
f 7380 6927 7381
f 7375 7376 7377
f 7380 7381 7379
f 7141 7375 7374
f 7363 7373 7374
f 7381 7368 7379
f 7357 7362 7363
f 7357 7367 7356
f 7381 7366 7368
f 7356 7367 7342
f 7324 7342 7343
f 7364 7683 7343
f 7681 7683 7682
f 7009 7681 7682
f 7009 7008 7010
f 7007 7365 7366
f 6927 7366 7381
f 6927 6928 6929
f 7387 7389 6929
f 7008 7388 7010
f 7009 7010 7011
f 7014 7011 7012
f 7387 7391 7389
f 7385 7392 7391
f 7164 7392 7162
f 7166 7012 7390
f 7162 7163 7164
f 7172 7163 7173
f 7172 7103 7171
f 7171 7103 7102
f 7166 7165 7167
f 7092 7013 7167
f 7169 7093 7092
f 7169 7114 7113
f 7171 7102 7170
f 7100 7112 7114
f 7101 7102 7103
f 7101 7182 7099
f 7098 7112 7100
f 7099 7183 7097
f 7098 7110 7112
f 7117 7110 7118
f 7128 7122 7118
f 7097 7183 7184
f 7200 7184 7183
f 7128 7185 7127
f 7196 7186 7185
f 7194 7186 7196
f 7195 7194 7196
f 7198 7184 7200
f 7201 7215 7199
f 7200 7183 7202
f 7203 7202 7204
f 7205 7218 7203
f 7217 7218 7219
f 7201 7216 7215
f 7217 7235 7233
f 7232 7231 7233
f 7199 7215 7226
f 7230 7231 7232
f 7199 7226 7197
f 7195 7196 7197
f 7227 7230 7104
f 7193 7228 7229
f 6712 6711 6713
f 6710 6709 6711
f 6708 6709 6710
f 6708 6717 6709
f 6708 6716 6717
f 6716 6893 6717
f 6716 6891 6893
f 6720 6891 6716
f 6720 6894 6891
f 6715 6720 6716
f 6891 6892 6893
f 6893 6892 7050
f 7050 6892 6898
f 6891 6898 6892
f 6891 6896 6898
f 6896 6897 6898
f 6715 6716 6708
f 6764 6715 6708
f 6764 6708 6766
f 6765 6764 6766
f 6717 6893 6709
f 6709 6893 7050
f 7050 6898 7051
f 7193 7229 7192
f 7193 7194 7195
f 7194 7126 7186
f 6898 6899 7051
f 6898 6897 6899
f 7126 6903 6953
f 6953 6901 7049
f 6943 7049 6941
f 6942 6941 6946
f 7046 6850 7047
f 7084 6944 7048
f 7087 7046 7085
f 6945 6944 7084
f 7091 6946 6945
f 7087 7088 7089
f 7079 7088 7077
f 7090 7115 7091
f 7083 7111 7115
f 7082 7096 7083
f 7079 7080 7081
f 7082 7069 7096
f 7064 7069 7065
f 7018 7065 7066
f 7080 6949 7070
f 7068 6949 6948
f 7018 7066 7067
f 7692 7067 7691
f 7024 7022 7676
f 7023 7022 7024
f 7677 7071 7072
f 7068 6948 7071
f 6947 6948 6949
f 7023 6952 7021
f 7076 6947 7078
f 6950 6951 6952
f 7039 7026 6950
f 7075 7074 7076
f 7075 7086 7044
f 7044 7043 7045
f 7041 7039 7073
f 7432 7045 7043
f 7040 7039 7041
f 7038 7040 7467
f 7483 7469 7467
f 7483 7474 7473
f 7484 7432 7466
f 7480 7481 7466
f 7433 7464 7481
f 6868 7463 7464
f 7475 7478 7477
f 6867 7459 7463
f 7452 7477 7476
f 7492 7451 7450
f 7453 7451 7492
f 7447 7474 7452
f 7447 7448 7445
f 7525 7449 7448
f 7453 7524 7454
f 7525 7507 7501
f 7507 7508 7501
f 7523 7505 7524
f 7505 7517 7518
f 7518 7517 7570
f 7507 7506 7508
f 7501 7508 7509
f 7580 7502 7509
f 7589 7581 7570
f 7590 7589 7570
f 7587 7579 7580
f 7588 7589 7590
f 7586 7585 7587
f 7586 7553 7551
f 7590 7578 7588
f 7590 7570 7533
f 7571 7572 7530
f 7511 7531 7530
f 7533 7515 7513
f 7512 7513 7514
f 7520 7488 7512
f 7510 7534 7511
f 4917 4934 7510
f 4916 4913 4917
f 4915 4913 4916
f 7519 7488 7520
f 4916 4902 4915
f 4915 4902 4904
f 4915 4904 4914
f 4914 4911 4915
f 4914 4906 4911
f 4914 4904 4906
f 7489 7519 7490
f 4902 4903 4904
f 7489 7462 7458
f 7461 7458 7462
f 7461 7457 7460
f 7459 6864 7460
f 6854 6864 6861
f 4904 4903 6855
f 4904 4905 4906
f 4911 4906 4920
f 7597 7596 7592
f 4918 7594 4919
f 7644 7594 4918
f 7596 7602 7603
f 7643 7595 7594
f 6883 7641 6881
f 6881 6882 6883
f 6883 6882 6884
f 6883 6884 6885
f 6883 6885 7639
f 6884 6886 6885
f 6885 6886 6888
f 6882 6912 6884
f 6882 6911 6912
f 6880 6911 6882
f 6911 6914 6912
f 6911 6915 6914
f 6910 6915 6911
f 6912 6917 6884
f 6881 6880 6882
f 7642 6879 6881
f 7643 7594 7644
f 7644 4918 6856
f 6856 6854 6857
f 6857 6858 6875
f 7642 6877 6879
f 6879 6880 6881
f 6880 6910 6911
f 6875 6909 6878
f 6852 6851 6909
f 6910 6916 6915
f 6873 6914 6915
f 6872 6914 6873
f 6876 6913 6851
f 6872 6873 6874
f 6876 6906 6907
f 7124 6908 6907
f 7124 6905 6908
f 6874 6869 6872
f 7123 6904 6905
f 6900 6870 6904
f 6872 6869 6871
f 6870 6902 6897
f 6872 6871 6914
f 6912 6914 6917
f 6884 6917 6886
f 6886 6890 6887
f 6896 6895 6897
f 6894 6896 6891
f 6719 6894 6720
f 6715 6719 6720
f 6762 6715 6764
f 6763 6762 6764
f 6761 6762 6763
f 6761 6760 6762
f 6759 6760 6761
f 6761 6794 6759
f 6761 6795 6794
f 6781 6794 6795
f 6780 6794 6781
f 6779 6780 6781
f 6779 6778 6780
f 6757 6780 6778
f 6757 6778 6755
f 6755 6778 6776
f 6777 6776 6778
f 6759 6780 6757
f 6757 6758 6759
f 6757 6756 6758
f 6756 6722 6758
f 6758 6722 6721
f 6759 6794 6780
f 6759 6758 6760
f 6758 6721 6760
f 6718 6727 6728
f 6723 6726 6721
f 6723 6725 6726
f 6727 6889 6728
f 6726 6725 7638
f 6887 6890 6889
f 6886 6887 6888
f 7639 6885 6888
f 7638 6725 7601
f 7601 6725 6724
f 7639 7640 6883
f 6883 7640 7641
f 7641 7603 7602
f 7596 7603 7592
f 7593 7604 7605
f 7601 6724 7593
f 6729 6730 6731
f 6724 6725 6723
f 6721 6722 6723
f 5002 6732 5003
f 5000 6729 6731
f 4999 5000 5001
f 5013 4999 5001
f 4996 5002 5003
f 5013 5001 5062
f 5062 5077 5013
f 5013 5077 5078
f 5082 5078 5077
f 5082 5077 5083
f 5083 5077 5076
f 5083 5076 5084
f 5084 5076 5075
f 5084 5075 5085
f 5085 5075 5074
f 5064 5074 5075
f 5064 5075 5063
f 5065 5074 5064
f 5065 5073 5074
f 5086 5074 5073
f 5086 5073 5087
f 5087 5073 5072
f 5087 5072 5088
f 5088 5072 5071
f 5088 5071 5089
f 5089 5071 5070
f 5068 5070 5071
f 5068 5071 5067
f 5067 4982 5068
f 5067 4987 4982
f 5066 4987 5067
f 5066 4989 4987
f 5065 4989 5066
f 5065 4991 4989
f 4988 4987 4989
f 4988 4989 4990
f 4990 6773 4988
f 4988 6773 6740
f 4988 6740 4985
f 4985 6740 6613
f 6739 6613 6740
f 4985 6613 4986
f 4985 4986 4983
f 4986 6562 4983
f 4983 6562 6833
f 6562 6561 6833
f 6833 6561 6649
f 6649 6561 6650
f 6650 6561 6563
f 6650 6563 6652
f 6651 6650 6652
f 6651 6652 6653
f 6653 6652 6654
f 6652 6611 6654
f 6654 6611 6609
f 6610 6609 6611
f 6608 6609 6610
f 6608 6607 6609
f 6655 6609 6607
f 6655 6607 6656
f 6656 6607 6605
f 6656 6605 6648
f 6641 6656 6648
f 6648 6643 6641
f 6642 6641 6643
f 6640 6641 6642
f 6554 6640 6642
f 6664 6640 6554
f 6664 6653 6640
f 6663 6653 6664
f 6568 6663 6664
f 6568 6664 6569
f 6411 6568 6569
f 6411 6569 6410
f 6410 6323 6411
f 6411 6323 6325
f 6323 6324 6325
f 6323 6319 6324
f 6320 6319 6323
f 6319 6320 6321
f 6410 6321 6320
f 6394 6321 6410
f 6394 6322 6321
f 6410 6416 6394
f 6394 6416 6417
f 6394 6417 6393
f 6416 6571 6417
f 6416 6570 6571
f 6571 6570 6553
f 6570 6554 6553
f 6569 6554 6570
f 6417 6571 6572
f 6571 6674 6572
f 6417 6572 6418
f 6410 6570 6416
f 6329 6325 6324
f 6411 6325 6412
f 6412 6325 6327
f 6412 6327 6413
f 6413 6327 6326
f 6313 6326 6327
f 6315 6326 6313
f 6313 6314 6315
f 7659 6315 6314
f 7645 6315 7659
f 7659 7655 7645
f 7645 7655 7646
f 7645 7646 6839
f 6839 7646 7647
f 6839 7647 6840
f 6838 6839 6840
f 6835 6838 6840
f 6835 6840 6836
f 6835 6836 6837
f 6826 6835 6837
f 6826 6837 6828
f 6837 7651 6828
f 6828 7651 7652
f 7664 7652 7651
f 7653 7652 7664
f 7675 7653 7664
f 5777 7653 7675
f 5777 7654 7653
f 5776 7654 5777
f 5776 1049 7654
f 8710 7654 1049
f 8710 1049 4005
f 4005 1049 4006
f 4006 1049 2924
f 1049 1048 2924
f 1048 1049 969
f 969 1049 5704
f 5704 1049 5776
f 5704 5776 5702
f 5702 5776 5777
f 5702 5777 5700
f 5700 5701 5702
f 5700 5719 5701
f 4519 5701 5719
f 4519 5719 4520
f 4518 4519 4520
f 4520 4527 4518
f 4518 4527 4528
f 4518 4528 4521
f 4528 5714 4521
f 4521 5714 4523
f 4523 5714 5712
f 4523 5712 4524
f 4524 5712 5710
f 5711 5710 5712
f 5709 5710 5711
f 5711 5459 5709
f 5709 5459 5458
f 5709 5458 5707
f 5707 5708 5709
f 5707 5706 5708
f 5708 5706 4526
f 5705 5706 5707
f 5705 5725 5706
f 5707 5462 5705
f 5705 5462 5461
f 5461 5462 5463
f 5463 5462 5460
f 5463 5460 7656
f 7656 5460 5784
f 5460 5459 5784
f 7656 5784 7657
f 7657 5784 5783
f 5783 5784 5711
f 5713 5783 5711
f 5713 5782 5783
f 5783 5782 7658
f 7658 5782 7668
f 7658 7668 7667
f 7673 7658 7667
f 7673 7667 7655
f 7655 7667 7666
f 7665 7666 7667
f 7665 7649 7666
f 7664 7649 7665
f 7664 7650 7649
f 7649 7650 6837
f 7648 7666 7649
f 6836 7648 7649
f 7667 7669 7665
f 7674 7665 7669
f 7674 7669 7668
f 7668 5781 7674
f 5781 5780 7674
f 5780 5781 5715
f 5715 5781 5782
f 5717 5780 5715
f 5717 5779 5780
f 5700 5779 5717
f 5717 5718 5700
f 5717 5716 5718
f 5718 5716 4528
f 5700 5778 5779
f 7675 5779 5778
f 7674 5779 7675
f 5715 5716 5717
f 5715 5714 5716
f 5713 5714 5715
f 7674 5780 5779
f 7675 7665 7674
f 7655 7666 7648
f 7647 7655 7648
f 7672 7658 7673
f 7672 7657 7658
f 7671 7657 7672
f 7661 7671 7672
f 7662 7671 7661
f 7662 7670 7671
f 7663 7670 7662
f 7662 6317 7663
f 7663 6317 5496
f 6317 5498 5496
f 5500 5498 6317
f 5499 5498 5500
f 5499 5500 5501
f 5735 5499 5501
f 5497 5499 5735
f 5727 5497 5735
f 5735 5736 5727
f 5735 5734 5736
f 5727 5736 5737
f 5727 5495 5497
f 5495 5496 5497
f 5495 5494 5496
f 5493 5494 5495
f 5493 5485 5494
f 5494 5485 7670
f 7670 5485 7656
f 5486 5485 5493
f 5484 5485 5486
f 5720 5484 5486
f 5723 5484 5720
f 5723 5461 5484
f 5720 5722 5723
f 5723 5722 5724
f 5723 5724 5705
f 5720 5721 5722
f 5721 5731 5722
f 5721 5730 5731
f 5729 5730 5721
f 5721 5486 5729
f 4479 5722 5731
f 4479 5731 4481
f 5720 5486 5721
f 5484 5463 5485
f 5486 5493 5729
f 5729 5493 5495
f 5729 5495 5726
f 5726 5728 5729
f 5726 5727 5728
f 5726 5495 5727
f 5497 5498 5499
f 5497 5496 5498
f 5496 5494 7663
f 7662 6318 6317
f 6316 6317 6318
f 7663 5494 7670
f 7670 7656 7671
f 7661 6318 7662
f 7661 6362 6318
f 6318 6362 6345
f 7660 6362 7661
f 7660 6314 6362
f 6362 6314 6363
f 7661 7672 7660
f 7660 7672 7673
f 7660 7673 7659
f 7667 7668 7669
f 5782 5781 7668
f 5715 5782 5713
f 7657 5783 7658
f 7671 7656 7657
f 5485 5463 7656
f 5460 5462 5466
f 5460 5466 5458
f 5461 5463 5484
f 5705 5461 5723
f 5707 5466 5462
f 5458 5466 5707
f 5458 5459 5460
f 5711 5784 5459
f 5709 5708 5710
f 4525 5710 5708
f 5711 5712 5713
f 4524 5710 4525
f 4523 4524 4522
f 5713 5712 5714
f 4522 4521 4523
f 4528 5716 5714
f 4518 4521 4522
f 8746 4518 4522
f 4151 4518 8746
f 4151 8746 4152
f 4054 4151 4152
f 4056 4151 4054
f 4056 1084 4151
f 4151 1084 1083
f 1083 2985 4151
f 4151 2985 4517
f 2985 970 4517
f 4517 970 5775
f 4517 5775 5703
f 4517 5703 5701
f 5703 5775 5704
f 5704 5775 970
f 970 2985 972
f 971 970 972
f 969 970 971
f 971 972 973
f 1048 971 973
f 1048 973 1053
f 1053 973 976
f 1053 976 1054
f 2950 1053 1054
f 2950 1054 2949
f 2931 2950 2949
f 2931 2949 2934
f 2931 2934 2932
f 2932 2934 2933
f 2933 2934 2935
f 2935 2948 2933
f 2935 2946 2948
f 2946 2947 2948
f 2946 2945 2947
f 1696 2947 2945
f 1696 2945 1632
f 1696 1632 1695
f 1695 1632 1634
f 1695 1634 1694
f 1694 1634 1636
f 1634 1635 1636
f 1634 1633 1635
f 1633 1646 1635
f 1633 2942 1646
f 1646 2942 728
f 1646 728 730
f 1646 730 1647
f 1647 730 732
f 1647 732 1645
f 1637 1647 1645
f 1635 1647 1637
f 1637 1645 1639
f 1639 1645 1598
f 1644 1598 1645
f 1644 1599 1598
f 1598 1599 1600
f 1600 1599 1625
f 1690 1600 1625
f 1691 1600 1690
f 1690 1659 1691
f 1691 1659 1657
f 1658 1657 1659
f 1656 1657 1658
f 1658 1709 1656
f 1658 1708 1709
f 1708 1840 1709
f 1708 1891 1840
f 1955 1840 1891
f 1955 1891 1956
f 1961 1955 1956
f 1961 1956 1962
f 1962 1956 1836
f 1962 1836 1931
f 1931 1836 1838
f 1931 1838 1932
f 1932 1838 1950
f 1932 1950 1933
f 1933 1950 1952
f 1950 1951 1952
f 1952 1951 1953
f 1951 1842 1953
f 1951 1843 1842
f 1704 1842 1843
f 1704 1843 1705
f 1672 1704 1705
f 1672 1705 1675
f 1674 1672 1675
f 1673 1672 1674
f 1687 1673 1674
f 1687 1674 1688
f 1688 1629 1687
f 1687 1629 1630
f 1687 1630 1686
f 1686 1630 1631
f 1630 1619 1631
f 1630 1620 1619
f 1619 1620 1621
f 1621 1620 1641
f 1641 739 1621
f 1621 739 1622
f 741 1622 739
f 741 1623 1622
f 745 1623 741
f 1615 1623 745
f 1608 1623 1615
f 1608 1624 1623
f 1607 1624 1608
f 1631 1624 1607
f 1685 1631 1607
f 1685 1607 1684
f 1684 1669 1685
f 1685 1669 1671
f 1669 1670 1671
f 1671 1670 1672
f 1669 1668 1670
f 1668 1702 1670
f 1702 1703 1670
f 1670 1703 1704
f 1703 1702 1944
f 1944 1702 1888
f 1944 1888 1945
f 1945 1888 1943
f 1945 1943 1946
f 1954 1945 1946
f 1954 1946 1957
f 1957 1946 1947
f 1946 1942 1947
f 1947 1942 1941
f 1886 1941 1942
f 1885 1941 1886
f 1698 1885 1886
f 1699 1885 1698
f 1699 1884 1885
f 1884 1940 1885
f 1884 679 1940
f 425 679 1884
f 425 678 679
f 679 678 680
f 680 678 681
f 680 681 682
f 682 681 683
f 681 697 683
f 683 697 698
f 683 698 686
f 685 683 686
f 685 686 687
f 1939 685 687
f 1930 1939 687
f 1930 687 689
f 687 688 689
f 688 372 689
f 688 377 372
f 375 377 688
f 375 376 377
f 377 376 365
f 376 359 365
f 365 359 380
f 358 380 359
f 358 359 357
f 357 361 358
f 357 366 361
f 369 366 357
f 369 3961 366
f 369 3959 3961
f 3961 3959 4369
f 4369 3959 4370
f 4370 3959 3960
f 3959 368 3960
f 3960 368 367
f 3960 367 343
f 4371 3960 343
f 4371 343 342
f 343 367 345
f 347 345 367
f 356 347 367
f 355 347 356
f 355 356 357
f 374 355 357
f 374 357 376
f 373 355 374
f 373 374 375
f 700 373 375
f 700 695 373
f 695 336 373
f 695 337 336
f 694 337 695
f 694 338 337
f 693 338 694
f 698 693 694
f 698 694 699
f 693 339 338
f 692 339 693
f 692 340 339
f 691 340 692
f 696 691 692
f 677 691 696
f 677 690 691
f 690 341 691
f 690 327 341
f 421 327 690
f 327 421 405
f 405 421 422
f 405 422 403
f 403 422 423
f 423 422 676
f 424 423 676
f 423 424 401
f 401 424 425
f 401 425 409
f 411 401 409
f 411 402 401
f 413 402 411
f 411 412 413
f 412 417 413
f 417 412 1596
f 412 410 1596
f 1596 410 1597
f 1597 410 409
f 409 1660 1597
f 1699 1660 409
f 1597 1660 1661
f 1698 1661 1660
f 1663 1661 1698
f 1663 1698 1665
f 1663 1665 1664
f 1664 1665 1666
f 1664 1666 1667
f 1683 1664 1667
f 1682 1664 1683
f 1682 1662 1664
f 1681 1662 1682
f 1681 1597 1662
f 1682 1613 1681
f 1682 1611 1613
f 1611 1612 1613
f 1611 1610 1612
f 1609 1610 1611
f 1683 1609 1611
f 1684 1609 1683
f 1609 1608 1610
f 1610 1616 1612
f 1612 1616 1617
f 1612 1617 1614
f 1614 1617 1618
f 1617 748 1618
f 1618 748 747
f 1618 747 746
f 1604 1618 746
f 1604 746 716
f 716 746 714
f 714 715 716
f 714 703 715
f 715 703 1601
f 1604 715 1601
f 1604 1601 1603
f 1601 420 1603
f 1601 393 420
f 395 420 393
f 395 419 420
f 414 419 395
f 395 408 414
f 395 407 408
f 407 352 408
f 352 351 408
f 408 351 415
f 351 350 415
f 415 350 404
f 415 404 416
f 416 404 402
f 403 402 404
f 414 415 416
f 414 416 413
f 413 418 414
f 406 404 350
f 406 350 328
f 406 328 327
f 405 404 406
f 407 353 352
f 398 353 407
f 398 354 353
f 333 354 398
f 398 397 333
f 397 702 333
f 333 702 710
f 1047 710 702
f 1047 702 1045
f 1045 1046 1047
f 1047 1046 329
f 1046 330 329
f 1046 1078 330
f 4442 330 1078
f 4442 1078 4435
f 4434 4442 4435
f 4433 4434 4435
f 4433 4432 4434
f 4431 4432 4433
f 4431 4430 4432
f 4429 4430 4431
f 4431 1075 4429
f 4431 1076 1075
f 1040 1075 1076
f 1038 1075 1040
f 1036 1075 1038
f 1036 1074 1075
f 1034 1074 1036
f 1034 1073 1074
f 4429 1074 1073
f 4429 1073 4427
f 4427 1073 1072
f 4427 1072 4439
f 4439 4436 4427
f 4436 4439 4497
f 4669 4436 4497
f 4669 4497 4670
f 4670 4497 4496
f 1071 4496 4497
f 1070 4496 1071
f 1026 1070 1071
f 1026 1071 1028
f 1028 1071 1072
f 1028 1072 1030
f 1029 1028 1030
f 1029 1030 1031
f 1031 1030 1032
f 1031 1032 1033
f 718 1031 1033
f 1033 719 718
f 718 719 399
f 399 719 720
f 399 720 400
f 394 399 400
f 394 400 396
f 396 398 394
f 400 721 396
f 396 721 722
f 1039 722 721
f 1039 721 1037
f 1037 721 1035
f 1035 721 720
f 1035 720 1033
f 1033 1034 1035
f 1035 1036 1037
f 1037 1038 1039
f 723 722 1039
f 1041 723 1039
f 1039 1040 1041
f 1041 1040 1042
f 1041 1042 1043
f 1043 1042 1044
f 1042 1077 1044
f 1044 1077 1078
f 1078 1077 4433
f 4433 1077 1076
f 1042 1076 1077
f 1043 1044 1045
f 1045 701 1043
f 1043 701 723
f 397 723 701
f 1043 723 1041
f 397 722 723
f 396 722 397
f 393 399 394
f 400 720 721
f 393 718 399
f 393 717 718
f 704 717 393
f 1027 717 704
f 1027 704 1025
f 1025 1026 1027
f 1025 1024 1026
f 1023 1024 1025
f 1023 1022 1024
f 1021 1022 1023
f 1023 714 1021
f 714 743 1021
f 1021 743 742
f 1021 742 1019
f 1019 742 1017
f 1017 742 740
f 741 740 742
f 1017 740 1015
f 1015 1016 1017
f 1017 1016 1018
f 1016 1068 1018
f 1016 1067 1068
f 1067 4504 1068
f 1068 4504 4505
f 4505 4504 4661
f 4505 4661 4506
f 4506 4661 4662
f 4661 4723 4662
f 4662 4723 4724
f 4723 4715 4724
f 4724 4715 4714
f 4705 4714 4715
f 4705 4715 4706
f 4706 4715 4716
f 4706 4716 4707
f 4707 4716 4717
f 4707 4717 4708
f 4708 4717 4693
f 4649 4693 4717
f 4649 4717 4722
f 4504 4649 4722
f 4504 4722 4723
f 4722 4716 4723
f 4509 4649 4504
f 4509 4508 4649
f 1067 4508 4509
f 1066 4508 1067
f 1014 1066 1067
f 1012 1066 1014
f 1013 1012 1014
f 1013 1014 1015
f 1015 749 1013
f 1013 749 737
f 1013 737 1011
f 1011 737 735
f 1011 735 1009
f 1009 1010 1011
f 1009 1008 1010
f 1007 1008 1009
f 1007 1006 1008
f 1005 1006 1007
f 1007 731 1005
f 1005 731 1003
f 731 729 1003
f 1003 729 727
f 1003 727 1001
f 1001 1002 1003
f 1001 1000 1002
f 1000 1061 1002
f 1002 1061 1062
f 1061 4062 1062
f 4058 4062 1061
f 4062 4058 4063
f 4062 4063 4512
f 4512 4063 4064
f 4512 4064 4513
f 1062 4512 4513
f 1062 4513 1063
f 1063 4513 4514
f 1063 4514 1064
f 1064 4514 4515
f 4515 4514 4650
f 4650 4651 4515
f 4650 4656 4651
f 4651 4656 4691
f 4691 4656 4695
f 4695 4656 4658
f 4695 4658 4694
f 4694 4658 4071
f 4658 4067 4071
f 4658 4065 4067
f 4065 4066 4067
f 4067 4066 4068
f 4136 4068 4066
f 4136 4066 4134
f 4134 4135 4136
f 4136 4135 4137
f 4136 4137 4138
f 4138 4137 4139
f 4137 4107 4139
f 4139 4107 4109
f 4107 4108 4109
f 4109 4108 4110
f 4108 4154 4110
f 4110 4154 4155
f 4110 4155 4112
f 4111 4110 4112
f 4111 4112 4113
f 4113 4112 4114
f 4113 4114 4115
f 4145 4113 4115
f 4145 4115 4147
f 4147 4115 4117
f 4115 4116 4117
f 4117 4116 4118
f 4116 4158 4118
f 4116 4157 4158
f 4157 8752 4158
f 4158 8752 8753
f 4158 8753 4159
f 4159 8753 8754
f 4159 8754 4160
f 4120 4159 4160
f 4118 4159 4120
f 4119 4118 4120
f 4119 4120 4121
f 4121 4120 4122
f 4121 4122 4123
f 4150 4121 4123
f 4150 4123 4086
f 4086 4123 4125
f 4086 4125 4089
f 4088 4086 4089
f 4088 4089 4090
f 4799 4088 4090
f 4799 4087 4088
f 4798 4087 4799
f 4797 4798 4799
f 4797 4796 4798
f 4795 4796 4797
f 4792 4796 4795
f 4792 4795 4789
f 4789 4795 4764
f 4789 4764 4794
f 4794 4764 4766
f 4764 4765 4766
f 4766 4765 4351
f 4351 4352 4766
f 4351 4093 4352
f 4352 4093 4350
f 4352 4350 4767
f 4350 4349 4767
f 4767 4349 4780
f 4767 4780 4800
f 4811 4767 4800
f 4766 4767 4811
f 4793 4766 4811
f 4793 4811 4778
f 4793 4778 4777
f 4793 4777 4794
f 4794 4777 4776
f 4218 4776 4777
f 4218 4777 4217
f 4777 4206 4217
f 4206 2979 4217
f 4205 2979 4206
f 4778 4205 4206
f 4195 4205 4778
f 4778 4779 4195
f 4195 4779 4196
f 2980 4195 4196
f 2980 4196 2981
f 1775 2980 2981
f 1761 2980 1775
f 1761 2979 2980
f 2978 2979 1761
f 1780 2978 1761
f 1780 1797 2978
f 2978 1797 1722
f 1722 1797 1809
f 1722 1809 1721
f 1809 1719 1721
f 1809 1808 1719
f 1797 1808 1809
f 1797 1807 1808
f 1806 1807 1797
f 1797 1805 1806
f 1797 1804 1805
f 1803 1804 1797
f 1797 1802 1803
f 1797 1801 1802
f 1800 1801 1797
f 1797 1799 1800
f 1797 1798 1799
f 1796 1798 1797
f 4218 2978 1722
f 4218 1722 4188
f 4188 1722 2984
f 4188 2984 4186
f 4186 4187 4188
f 4188 4187 4191
f 4191 4775 4188
f 4188 4775 4776
f 4789 4776 4775
f 4789 4775 4787
f 4787 4788 4789
f 4787 4774 4788
f 4221 4774 4787
f 4787 4191 4221
f 4191 4220 4221
f 4221 4220 4222
f 4221 4222 4198
f 4198 4222 4223
f 4198 4223 4197
f 4197 2187 4198
f 4198 2187 4207
f 4207 2187 2188
f 4207 2188 4208
f 4773 4207 4208
f 4773 4208 4769
f 4769 4208 4235
f 4769 4235 4236
f 4236 4768 4769
f 4768 4236 4770
f 4770 4236 4257
f 4236 1591 4257
f 4236 2194 1591
f 2193 2194 4236
f 4257 1591 1590
f 4257 1590 4258
f 4258 1590 4246
f 4258 4246 4740
f 4771 4258 4740
f 4740 4739 4771
f 4738 4739 4740
f 4738 4737 4739
f 4728 4737 4738
f 4738 4730 4728
f 4728 4730 4729
f 4728 4729 4620
f 4620 4729 4621
f 4621 4729 4622
f 4617 4621 4622
f 4617 4622 4619
f 4618 4617 4619
f 4618 4619 4731
f 4731 4615 4618
f 4731 4735 4615
f 4735 4613 4615
f 4613 4614 4615
f 4614 4616 4615
f 4614 4617 4616
f 4583 4617 4614
f 4626 4583 4614
f 4626 4614 4629
f 4629 4614 4611
f 4629 4611 4632
f 4631 4629 4632
f 4630 4629 4631
f 4628 4629 4630
f 4654 4628 4630
f 4654 4655 4628
f 4653 4655 4654
f 4653 4695 4655
f 4652 4653 4654
f 4692 4653 4652
f 4692 4652 4693
f 4720 4692 4693
f 4721 4692 4720
f 4721 4691 4692
f 4720 4511 4721
f 4721 4511 4510
f 4721 4510 4651
f 4651 4510 4516
f 1065 4516 4510
f 1065 4510 1066
f 1065 4515 4516
f 1066 4510 4511
f 4720 4508 4511
f 4709 4693 4652
f 4709 4652 4700
f 4697 4709 4700
f 4700 4634 4697
f 4697 4634 4635
f 4634 4602 4635
f 4635 4602 4636
f 4636 4602 4595
f 4636 4595 4637
f 4636 4637 4696
f 4696 4697 4636
f 4696 4708 4697
f 4696 4637 4638
f 4637 4597 4638
f 4638 4597 4639
f 4698 4638 4639
f 4698 4639 4699
f 4639 4640 4699
f 4639 4599 4640
f 4640 4599 4601
f 4640 4601 4641
f 4601 4647 4641
f 4704 4641 4647
f 4704 4647 4683
f 4683 4647 4646
f 4592 4646 4647
f 4592 4645 4646
f 4355 4645 4592
f 4355 4644 4645
f 4684 4645 4644
f 4684 4644 4685
f 4685 4644 4643
f 4685 4643 4682
f 4682 4643 4642
f 4573 4642 4643
f 4573 4643 4572
f 4591 4642 4573
f 4574 4591 4573
f 4574 4590 4591
f 4575 4590 4574
f 4575 4589 4590
f 4590 4589 4660
f 4590 4660 4682
f 4682 4660 4689
f 4660 4688 4689
f 4660 4687 4688
f 4673 4688 4687
f 4673 4687 4671
f 4671 4687 4686
f 4671 4686 4690
f 4690 4686 4587
f 4686 4588 4587
f 4565 4587 4588
f 4564 4587 4565
f 4564 4586 4587
f 4585 4586 4564
f 4585 4564 4584
f 4585 4584 4659
f 4416 4659 4584
f 4416 4584 4417
f 4416 4417 4414
f 4414 4415 4416
f 4410 4415 4414
f 4414 4553 4410
f 4414 4569 4553
f 4419 4569 4414
f 4414 4418 4419
f 4419 4418 4420
f 4584 4420 4418
f 4570 4420 4584
f 4584 4571 4570
f 4566 4570 4571
f 4566 4571 4564
f 4569 4570 4566
f 4569 4420 4570
f 4419 4420 4569
f 4412 4415 4410
f 4410 4411 4412
f 4412 4411 4413
f 4407 4412 4413
f 4407 4413 4409
f 4409 4394 4407
f 4407 4394 4395
f 4407 4395 4390
f 4390 4391 4407
f 4407 4391 4389
f 4407 4389 4388
f 4388 4383 4407
f 4407 4383 4399
f 4399 4383 4384
f 4399 4384 4385
f 4385 4386 4399
f 4399 4386 4387
f 4399 4387 4380
f 4380 4381 4399
f 4399 4381 4382
f 4399 4382 4400
f 4398 4399 4400
f 4398 4425 4399
f 4399 4425 4412
f 4425 4426 4412
f 4425 4424 4426
f 4424 4648 4426
f 4648 4424 4422
f 4681 4648 4422
f 4681 4422 4421
f 4421 4422 4423
f 4437 4421 4423
f 4437 4423 4398
f 4428 4437 4398
f 4428 4398 4438
f 4428 4438 4430
f 4430 4438 4403
f 4438 4400 4403
f 4403 4400 4406
f 4369 4406 4400
f 4369 4400 4372
f 4372 4400 4373
f 4400 4374 4373
f 4400 4375 4374
f 4376 4375 4400
f 4400 4377 4376
f 4378 4377 4400
f 4400 4379 4378
f 4370 4406 4369
f 4370 4404 4406
f 4404 4405 4406
f 4404 4440 4405
f 4405 4440 4401
f 4401 4440 4441
f 4401 4441 4402
f 4402 4441 4434
f 4401 4402 4403
f 4432 4403 4402
f 348 4441 4440
f 348 4440 346
f 346 4440 344
f 344 4440 4371
f 344 4371 342
f 349 4441 348
f 349 4442 4441
f 326 4442 349
f 4371 4440 4404
f 4401 4406 4405
f 4371 4404 4370
f 4403 4406 4401
f 4427 4437 4428
f 4436 4421 4437
f 4669 4681 4421
f 4669 4680 4681
f 4680 4648 4681
f 4680 4674 4648
f 4648 4674 4675
f 4675 4674 4672
f 4672 4671 4675
f 4679 4672 4674
f 4678 4672 4679
f 4678 4673 4672
f 4677 4673 4678
f 4668 4677 4678
f 4668 4678 4667
f 4667 4500 4668
f 4667 4501 4500
f 1070 4500 4501
f 1069 4500 1070
f 1069 4499 4500
f 4498 4499 1069
f 4498 1069 4502
f 4502 1069 1068
f 1020 1068 1069
f 1020 1069 1022
f 4502 1068 4503
f 1068 4507 4503
f 4665 4503 4507
f 4665 4507 4666
f 4666 4507 4662
f 4666 4725 4665
f 4665 4725 4726
f 4725 4713 4726
f 4726 4713 4712
f 4702 4712 4713
f 4702 4713 4703
f 4703 4713 4714
f 4683 4702 4703
f 4684 4702 4683
f 4684 4701 4702
f 4701 4712 4702
f 4701 4711 4712
f 4689 4711 4701
f 4685 4689 4701
f 4689 4710 4711
f 4676 4711 4710
f 4727 4711 4676
f 4664 4727 4676
f 4664 4676 4663
f 4663 4676 4677
f 4663 4502 4664
f 4664 4726 4727
f 4676 4710 4677
f 4677 4710 4688
f 4727 4712 4711
f 4726 4712 4727
f 4725 4714 4713
f 4665 4726 4664
f 4666 4724 4725
f 4664 4503 4665
f 1068 4506 4507
f 4664 4502 4503
f 4663 4498 4502
f 4663 4499 4498
f 4668 4499 4663
f 1022 1069 1070
f 4667 4496 4501
f 4668 4500 4499
f 4663 4677 4668
f 4667 4678 4679
f 4667 4679 4670
f 4670 4679 4680
f 4679 4674 4680
f 4423 4422 4424
f 4426 4648 4675
f 4426 4675 4415
f 4415 4675 4659
f 4675 4690 4659
f 4659 4690 4586
f 4423 4424 4425
f 4398 4423 4425
f 4438 4398 4400
f 4400 4382 4379
f 4408 4394 4409
f 4408 4392 4394
f 4396 4392 4408
f 4399 4412 4407
f 4412 4426 4415
f 4414 4417 4418
f 4584 4418 4417
f 4415 4659 4416
f 4584 4564 4571
f 4659 4586 4585
f 4564 4565 4566
f 4566 4565 4567
f 4566 4567 4568
f 4567 4588 4568
f 4568 4588 4589
f 4565 4588 4567
f 4686 4589 4588
f 4690 4587 4586
f 4675 4671 4690
f 4671 4672 4673
f 4677 4688 4673
f 4686 4687 4660
f 4688 4710 4689
f 4660 4589 4686
f 4568 4589 4575
f 4682 4591 4590
f 4682 4642 4591
f 4682 4689 4685
f 4572 4643 4644
f 4685 4701 4684
f 4683 4645 4684
f 4572 4644 4355
f 4355 4592 4356
f 4355 4356 4357
f 4357 4356 4358
f 4357 4358 4359
f 4594 4359 4358
f 4358 4593 4594
f 4594 4593 4592
f 4594 4592 4601
f 4601 4600 4594
f 4600 4756 4594
f 4753 4756 4600
f 4600 4598 4753
f 4599 4598 4600
f 4597 4598 4599
f 4597 4596 4598
f 4595 4596 4597
f 4595 4604 4596
f 4595 4603 4604
f 4604 4603 4750
f 4750 4603 4605
f 4603 4606 4605
f 4605 4606 4607
f 4607 4606 4608
f 4607 4608 4609
f 4743 4607 4609
f 4743 4609 4610
f 4744 4743 4610
f 4744 4610 4612
f 4610 4611 4612
f 4612 4611 4613
f 4612 4613 4742
f 4610 4608 4611
f 4612 4742 4744
f 4744 4742 4747
f 4744 4747 4745
f 4744 4745 4746
f 4169 4746 4745
f 4169 4745 4170
f 1586 4169 4170
f 1586 4170 1587
f 4170 4171 1587
f 1587 4171 4172
f 4172 4171 4747
f 4172 4747 4732
f 4237 4172 4732
f 4733 4237 4732
f 4733 4732 4731
f 4731 4730 4733
f 4733 4730 4734
f 4734 4237 4733
f 4734 4245 4237
f 1590 4237 4245
f 1589 4237 1590
f 4246 4245 4734
f 1589 4172 4237
f 1587 4172 1589
f 4169 1586 4173
f 4173 1586 4174
f 4173 4174 4175
f 4175 4174 4176
f 4175 4176 4177
f 4177 4176 4178
f 4178 4761 4177
f 4178 4741 4761
f 4180 4741 4178
f 4180 4182 4741
f 4741 4182 4757
f 4752 4741 4757
f 4752 4757 4754
f 4754 4757 4758
f 4754 4758 4755
f 4755 4758 4759
f 4758 4168 4759
f 4759 4168 4167
f 4166 4167 4168
f 4168 4185 4166
f 4168 4183 4185
f 4184 4183 4168
f 4182 4183 4184
f 4182 4181 4183
f 4181 4353 4183
f 4179 4353 4181
f 4176 4353 4179
f 4176 3198 4353
f 3231 3198 4176
f 3231 3232 3198
f 3198 3232 3233
f 3232 3191 3233
f 3233 3191 3194
f 3195 3194 3191
f 3195 3191 3196
f 3196 3191 3161
f 3161 3190 3196
f 3196 3190 3224
f 3190 3117 3224
f 3224 3117 3188
f 3117 3187 3188
f 3188 3187 3189
f 3225 3188 3189
f 3225 3189 3226
f 3226 3189 3202
f 3226 3202 3227
f 3235 3226 3227
f 3235 3227 3236
f 3201 3235 3236
f 3236 3249 3201
f 3201 3249 3248
f 3201 3248 3199
f 4183 3199 3248
f 4183 3248 4185
f 4185 3248 3250
f 4185 3250 3166
f 3250 3251 3166
f 3250 3249 3251
f 3166 3251 3252
f 3166 3252 3164
f 3164 3165 3166
f 3164 3163 3165
f 3162 3163 3164
f 4166 3163 3162
f 3520 4166 3162
f 3520 4167 4166
f 3167 4167 3520
f 3167 4368 4167
f 3167 4367 4368
f 3169 4367 3167
f 3169 4366 4367
f 4748 4367 4366
f 4759 4367 4748
f 4759 4748 4760
f 4756 4759 4760
f 4760 4748 4366
f 4760 4366 4360
f 4594 4760 4360
f 4360 4366 3169
f 3171 4360 3169
f 3171 4359 4360
f 3169 3170 3171
f 3167 3168 3169
f 3339 3168 3167
f 3339 3167 3338
f 3338 3167 3360
f 3338 3360 3260
f 3260 3262 3338
f 3260 3261 3262
f 3337 3262 3261
f 3336 3262 3337
f 3336 3335 3262
f 3334 3335 3336
f 3336 3344 3334
f 3334 3344 3345
f 3334 3345 3332
f 3332 3345 3346
f 3345 3323 3346
f 3346 3323 3325
f 3323 3324 3325
f 3325 3324 3326
f 3324 3107 3326
f 3324 3105 3107
f 3322 3105 3324
f 3322 3294 3105
f 3316 3105 3294
f 3316 3294 3317
f 3317 3294 3295
f 3294 3112 3295
f 3320 3112 3294
f 3315 3112 3320
f 3315 3113 3112
f 3314 3113 3315
f 3289 3113 3314
f 3289 3314 3288
f 3288 3314 3109
f 3288 3109 3337
f 3258 3288 3337
f 3258 3337 3259
f 3244 3258 3259
f 3244 3259 3247
f 3247 3259 3253
f 3247 3253 3246
f 3246 3253 3252
f 3246 3252 3245
f 3245 3230 3246
f 3245 3229 3230
f 3236 3229 3245
f 3245 3251 3236
f 3229 3228 3230
f 3222 3230 3228
f 3222 3228 3221
f 3221 3228 3202
f 3221 3202 3220
f 3220 3212 3221
f 3221 3212 3216
f 3212 3215 3216
f 3216 3215 3217
f 3215 3242 3217
f 3217 3242 3243
f 3217 3243 3218
f 3218 3243 3244
f 3218 3244 3223
f 3222 3218 3223
f 3222 3216 3218
f 3242 3257 3243
f 3242 3256 3257
f 3256 3266 3257
f 3256 3267 3266
f 3255 3267 3256
f 3241 3255 3256
f 3240 3255 3241
f 3240 3254 3255
f 3254 3287 3255
f 3254 3312 3287
f 3312 3115 3287
f 3287 3115 3114
f 3287 3114 3286
f 3286 3114 3303
f 3286 3303 3284
f 3284 3285 3286
f 3267 3286 3285
f 3267 3285 3265
f 3265 3285 3283
f 3265 3283 3263
f 3263 3283 3281
f 3291 3263 3281
f 3291 3281 3292
f 3292 3281 3280
f 3280 3281 3282
f 3282 3307 3280
f 3280 3307 3309
f 3280 3309 3293
f 3293 3309 3311
f 3311 3358 3293
f 3293 3358 3319
f 3293 3319 3292
f 3292 3319 3296
f 3318 3296 3319
f 3357 3318 3319
f 3356 3318 3357
f 3357 3364 3356
f 3356 3364 3365
f 3364 3143 3365
f 3365 3143 3141
f 3365 3141 3366
f 3355 3365 3366
f 3355 3366 3354
f 3354 3366 3367
f 3354 3367 3353
f 3353 3106 3354
f 3354 3106 3316
f 3353 3107 3106
f 3352 3107 3353
f 3353 3368 3352
f 3352 3368 3369
f 3368 3135 3369
f 3369 3135 3133
f 3369 3133 3370
f 3351 3369 3370
f 3351 3370 3350
f 3350 3370 3371
f 3350 3371 3349
f 3349 3348 3350
f 3343 3348 3349
f 3343 3349 3359
f 3359 3176 3343
f 3343 3176 3174
f 3343 3174 3342
f 3342 3174 3172
f 3173 3172 3174
f 3173 3174 3175
f 4361 3173 3175
f 4361 3175 4362
f 4362 3175 3181
f 4362 3181 4363
f 4363 3181 3180
f 3176 3180 3181
f 3179 3180 3176
f 3179 3178 3180
f 3177 3178 3179
f 3178 3177 4365
f 4365 3177 3183
f 3183 3177 3184
f 3182 3183 3184
f 4354 3183 3182
f 4354 3182 3119
f 3182 3120 3119
f 3119 3120 3121
f 3121 3120 3122
f 3121 3122 3123
f 3122 3523 3123
f 3122 3522 3523
f 4536 3523 3522
f 4536 3522 4534
f 4534 3522 3521
f 4534 3521 3524
f 4533 4534 3524
f 4576 4534 4533
f 4576 4533 4532
f 4532 4531 4576
f 4531 4532 3526
f 4531 3526 4530
f 4530 3526 3527
f 4530 3527 3528
f 4529 4530 3528
f 4576 4530 4529
f 4529 4537 4576
f 4576 4537 4539
f 4576 4539 4538
f 4540 4576 4538
f 4538 3532 4540
f 4538 3531 3532
f 3530 3531 4538
f 3530 3142 3531
f 3530 3140 3142
f 3140 3141 3142
f 3140 3139 3141
f 3138 3139 3140
f 3138 3137 3139
f 3136 3137 3138
f 3529 3136 3138
f 3529 3138 3530
f 4537 3529 3530
f 4537 3528 3529
f 3528 3136 3529
f 3528 3134 3136
f 3134 3135 3136
f 3136 3135 3137
f 3367 3139 3137
f 3367 3137 3368
f 3530 3138 3140
f 3531 3142 3144
f 3142 3143 3144
f 3144 3143 3145
f 3144 3145 3146
f 3146 3145 3147
f 3146 3147 3148
f 3148 3147 3149
f 3148 3149 3150
f 3533 3148 3150
f 3150 3536 3533
f 4540 3533 3536
f 4540 3536 4541
f 4541 3536 3535
f 4541 3535 3534
f 3151 3534 3535
f 3152 3534 3151
f 3152 3539 3534
f 3447 3539 3152
f 3447 3152 3448
f 3448 3152 3153
f 3448 3153 3449
f 3446 3448 3449
f 3446 3449 3445
f 3445 3449 3450
f 3445 3450 3444
f 3444 3450 3451
f 3450 3301 3451
f 3451 3301 3300
f 3451 3300 3452
f 3452 3300 3298
f 3298 3300 3299
f 3279 3298 3299
f 3279 3297 3298
f 3278 3297 3279
f 3276 3278 3279
f 3279 3306 3276
f 3276 3306 3304
f 3276 3304 3273
f 3273 3275 3276
f 3275 3277 3276
f 3456 3277 3275
f 3456 3275 3457
f 3438 3456 3457
f 3438 3457 3437
f 3437 3457 3458
f 3437 3458 3436
f 3436 3458 3459
f 3458 3272 3459
f 3459 3272 3271
f 3268 3271 3272
f 3268 3272 3273
f 3272 3274 3273
f 3273 3116 3268
f 3268 3116 3115
f 3268 3115 3269
f 3268 3269 3270
f 3396 3270 3269
f 3398 3270 3396
f 3396 3397 3398
f 3396 3519 3397
f 3396 3312 3519
f 3239 3519 3312
f 3238 3519 3239
f 3238 3239 3213
f 3213 3239 3240
f 3213 3240 3214
f 3208 3213 3214
f 3208 3214 3212
f 3211 3208 3212
f 3211 3206 3208
f 3206 3207 3208
f 3206 3205 3207
f 3204 3205 3206
f 3204 3503 3205
f 3205 3503 3504
f 3503 3492 3504
f 3504 3492 3493
f 3504 3493 3505
f 3505 3493 3494
f 3505 3494 3506
f 3213 3505 3506
f 3207 3505 3213
f 3507 3506 3494
f 3507 3494 3513
f 3513 3101 3507
f 3507 3101 3516
f 3507 3516 3508
f 3508 3516 3517
f 3508 3517 3510
f 3395 3510 3517
f 3435 3510 3395
f 3435 3395 3436
f 3436 3395 3416
f 3395 3394 3416
f 3393 3394 3395
f 3393 3392 3394
f 3392 3379 3394
f 3394 3379 3381
f 3379 3380 3381
f 3380 3486 3381
f 3381 3486 3376
f 3483 3376 3486
f 3483 3486 3485
f 3485 3486 3487
f 3485 3487 3478
f 3478 3481 3485
f 3478 3479 3481
f 3477 3479 3478
f 3461 3477 3478
f 3463 3477 3461
f 3461 3462 3463
f 3461 3099 3462
f 3514 3462 3099
f 3514 3099 3513
f 3513 3490 3514
f 3514 3490 3102
f 3489 3102 3490
f 3489 3103 3102
f 3488 3103 3489
f 3092 3103 3488
f 3092 3488 3091
f 3091 3488 3090
f 3491 3090 3488
f 3491 3488 3492
f 3089 3090 3491
f 3089 3068 3090
f 3089 3062 3068
f 3046 3068 3062
f 3062 3042 3046
f 3062 3043 3042
f 3042 3043 2995
f 2995 3043 3044
f 2995 3044 2992
f 2992 3044 3045
f 3045 3044 3059
f 3059 3060 3045
f 3060 3059 3084
f 3084 3059 3064
f 3084 3064 3087
f 3064 3063 3087
f 3064 3043 3063
f 3087 3063 3062
f 3087 3062 3088
f 3087 3088 3209
f 3209 3088 3502
f 3088 3089 3502
f 3209 3502 3204
f 3209 3204 3210
f 3186 3209 3210
f 3186 3210 3219
f 3219 3210 3211
f 3219 3211 3220
f 3220 3203 3219
f 3219 3203 3185
f 3203 3187 3185
f 3185 3187 3077
f 3077 3086 3185
f 3186 3185 3086
f 3186 3086 3085
f 3061 3085 3086
f 3060 3085 3061
f 3085 3084 3186
f 3061 3086 3077
f 3056 3061 3077
f 3077 3057 3056
f 3077 3058 3057
f 3058 3039 3057
f 3052 3039 3058
f 3082 3052 3058
f 3053 3052 3082
f 3082 3096 3053
f 3053 3096 3097
f 3190 3097 3096
f 3053 3097 3054
f 3041 3053 3054
f 3041 3054 1594
f 1594 3054 3055
f 1594 3055 1595
f 3055 3079 1595
f 1595 3079 3078
f 1595 3078 1588
f 1586 1588 3078
f 1586 1587 1588
f 1588 1587 1589
f 1588 1589 1590
f 1590 1593 1588
f 1590 1592 1593
f 1591 1592 1590
f 2186 1592 1591
f 2194 2186 1591
f 2193 2186 2194
f 2193 2192 2186
f 2190 2192 2193
f 2190 2191 2192
f 2192 2191 2986
f 2191 2189 2986
f 2986 2189 3011
f 1564 3011 2189
f 2188 1564 2189
f 2187 1564 2188
f 1548 1564 2187
f 1564 1548 1565
f 1565 1548 1549
f 1565 1549 1566
f 1566 3013 1565
f 1565 3013 3011
f 3012 3011 3013
f 3012 3013 3014
f 2993 3012 3014
f 2993 3014 2994
f 2992 2993 2994
f 2988 2993 2992
f 2989 2988 2992
f 2989 2992 3038
f 3038 3039 2989
f 3039 3038 3056
f 3056 3038 3045
f 2989 3039 3040
f 2989 3040 1592
f 1592 3040 3041
f 3041 3040 3052
f 2987 2988 2989
f 2989 2186 2987
f 2987 2186 2986
f 2987 2986 2988
f 2988 2986 3012
f 2994 3014 3016
f 2994 3016 2996
f 2995 2994 2996
f 2995 2996 2997
f 2996 2998 2997
f 2997 2998 2999
f 2997 2999 3000
f 3000 2999 3001
f 3000 3001 3002
f 3046 3000 3002
f 3046 3002 3047
f 3047 3002 3008
f 3009 3008 3002
f 3007 3008 3009
f 3007 3006 3008
f 3005 3006 3007
f 3007 3030 3005
f 3005 3030 3032
f 3005 3032 672
f 672 3004 3005
f 672 3003 3004
f 3036 3004 3003
f 3036 3003 3050
f 3072 3036 3050
f 3037 3036 3072
f 3036 3037 3006
f 3071 3037 3072
f 3071 3072 3093
f 3093 3094 3071
f 3071 3094 3076
f 3094 3104 3076
f 3460 3104 3094
f 3515 3104 3460
f 3515 3102 3104
f 3460 3464 3515
f 3515 3464 3462
f 3460 3465 3464
f 3463 3464 3465
f 3465 3476 3463
f 3465 2974 3476
f 2974 2975 3476
f 3476 2975 3484
f 3476 3484 3477
f 2975 2972 3484
f 3484 2972 3466
f 3484 3466 3479
f 3479 3466 3468
f 3479 3468 3480
f 3480 3468 3374
f 3468 3469 3374
f 3374 3469 3470
f 3469 2965 3470
f 3469 2967 2965
f 2965 2967 2966
f 2476 2965 2966
f 2964 2965 2476
f 2287 2964 2476
f 2476 2215 2287
f 2287 2215 2214
f 2214 2215 2216
f 2216 2470 2214
f 2288 2214 2470
f 2288 2470 2403
f 2402 2288 2403
f 2402 2403 2404
f 2403 2472 2404
f 2472 2405 2404
f 2404 2405 2415
f 2415 2405 2416
f 2421 2415 2416
f 2421 2416 2422
f 2427 2421 2422
f 2427 2422 2428
f 2434 2427 2428
f 2434 2428 2435
f 2435 2428 2429
f 2435 2429 2436
f 2436 2429 2430
f 2436 2430 2437
f 2437 2666 2436
f 2436 2666 2665
f 2443 2665 2666
f 2443 2666 2445
f 2445 2666 2667
f 2445 2667 2447
f 2446 2445 2447
f 2446 2447 2448
f 2260 2448 2447
f 2466 2448 2260
f 2260 2465 2466
f 2260 2164 2465
f 2165 2164 2260
f 2160 2164 2165
f 2160 2165 2161
f 2259 2161 2165
f 2162 2161 2259
f 2259 2158 2162
f 2259 2242 2158
f 2437 2242 2259
f 2259 2667 2437
f 2159 2158 2242
f 2242 2155 2159
f 2154 2159 2155
f 2154 2155 2151
f 2151 2155 2156
f 2419 2156 2155
f 2419 2261 2156
f 2418 2261 2419
f 2424 2418 2419
f 2423 2418 2424
f 2423 2417 2418
f 2422 2417 2423
f 2417 2411 2418
f 2417 2408 2411
f 2416 2408 2417
f 2408 2410 2411
f 2408 2409 2410
f 2407 2409 2408
f 2504 2409 2407
f 2503 2409 2504
f 2498 2503 2504
f 2498 2504 2473
f 2473 2504 2505
f 2473 2505 2471
f 2473 2471 2216
f 2475 2473 2216
f 2475 2216 2476
f 2474 2473 2475
f 2493 2474 2475
f 2475 2967 2493
f 2493 2967 2968
f 2493 2968 2487
f 2487 2968 2486
f 2486 2968 2969
f 2486 2969 2283
f 2283 2485 2486
f 2283 2484 2485
f 2285 2484 2283
f 2285 2483 2484
f 2483 2490 2484
f 2483 2489 2490
f 2482 2489 2483
f 2482 2488 2489
f 2268 2488 2482
f 2268 2265 2488
f 2265 2264 2488
f 2263 2264 2265
f 2263 2265 2710
f 2710 2265 2747
f 2710 2747 2711
f 2136 2710 2711
f 2136 2711 2133
f 2133 2711 2134
f 2132 2133 2134
f 2134 2135 2132
f 2132 2135 2136
f 2138 2136 2135
f 2137 2136 2138
f 2137 2138 2149
f 2137 2149 2150
f 2137 2150 2262
f 2262 2150 2499
f 2150 2153 2499
f 2499 2153 2412
f 2499 2412 2500
f 2500 2412 2413
f 2412 2261 2413
f 2413 2261 2411
f 2413 2411 2414
f 2501 2413 2414
f 2501 2414 2502
f 2496 2501 2502
f 2496 2502 2497
f 2497 2502 2503
f 2502 2410 2503
f 2492 2496 2497
f 2491 2496 2492
f 2491 2495 2496
f 2490 2495 2491
f 2490 2494 2495
f 2494 2500 2495
f 2495 2500 2501
f 2485 2491 2492
f 2485 2492 2487
f 2487 2492 2474
f 2492 2497 2474
f 2474 2497 2498
f 2495 2501 2496
f 2502 2414 2410
f 2412 2152 2261
f 2500 2413 2501
f 2494 2499 2500
f 2153 2152 2412
f 2149 2152 2153
f 2151 2152 2149
f 2180 2151 2149
f 2180 2149 2139
f 2139 2140 2180
f 2180 2140 2177
f 2180 2177 2181
f 2181 2177 2178
f 2181 2178 2182
f 2182 2154 2181
f 2182 2157 2154
f 2157 2158 2154
f 2183 2157 2182
f 2183 2160 2157
f 2184 2160 2183
f 2183 2173 2184
f 2184 2173 2171
f 2172 2171 2173
f 2172 2173 2174
f 2174 2918 2172
f 2174 2920 2918
f 2875 2918 2920
f 2875 2920 2919
f 2919 2874 2875
f 2919 124 2874
f 124 126 2874
f 2874 126 2871
f 2883 2871 126
f 2883 2872 2871
f 2882 2872 2883
f 2882 2880 2872
f 2879 2872 2880
f 2880 2894 2879
f 2894 276 2879
f 274 2879 276
f 275 274 276
f 273 274 275
f 273 275 278
f 278 275 279
f 278 279 280
f 280 1989 278
f 278 1989 1990
f 1989 1998 1990
f 1998 2868 1990
f 1998 1997 2868
f 1997 2915 2868
f 2868 2915 2916
f 2145 2916 2915
f 2145 2915 2169
f 2169 2915 1995
f 2169 1995 1994
f 1991 1994 1995
f 1991 1995 1996
f 1996 1995 1997
f 1996 1997 1989
f 1989 2047 1996
f 1996 2047 2049
f 2047 2048 2049
f 2049 2048 2050
f 1991 2049 2050
f 1991 2050 2035
f 1991 2035 1992
f 1992 2035 2036
f 1992 2036 2001
f 2001 2002 1992
f 1992 2002 2003
f 1992 2003 1993
f 2003 2168 1993
f 1993 2168 2169
f 2003 2002 2168
f 2168 2002 2167
f 2168 2167 2185
f 2185 2143 2168
f 2168 2143 2145
f 2143 2144 2145
f 2144 2143 2170
f 2170 2143 2171
f 2170 2916 2144
f 2170 2917 2916
f 2876 2916 2917
f 2876 2917 2877
f 2877 2917 2878
f 2872 2877 2878
f 2872 2878 2873
f 2878 2918 2873
f 2870 2877 2872
f 2878 2917 2918
f 2870 2876 2877
f 2869 2876 2870
f 2868 2869 2870
f 2869 2916 2876
f 2172 2917 2170
f 2185 2171 2143
f 2185 2167 2163
f 2167 2146 2163
f 2163 2146 2148
f 2163 2148 2164
f 2164 2148 2258
f 2258 2148 2147
f 2258 2147 2166
f 2258 2166 2256
f 2256 2257 2258
f 2257 2464 2258
f 2258 2464 2465
f 2467 2464 2257
f 2466 2464 2467
f 2467 2458 2466
f 2467 2452 2458
f 2452 2459 2458
f 2453 2459 2452
f 2453 2460 2459
f 2444 2459 2460
f 2446 2459 2444
f 2444 2460 2442
f 2442 2443 2444
f 2442 2441 2443
f 2440 2441 2442
f 2440 2439 2441
f 2439 2664 2441
f 2439 2663 2664
f 2389 2663 2439
f 2438 2389 2439
f 2387 2389 2438
f 2387 2388 2389
f 2389 2388 2390
f 2388 2385 2390
f 2390 2385 2383
f 2384 2383 2385
f 2384 2385 2386
f 2252 2384 2386
f 2252 2386 2457
f 2457 2012 2252
f 2252 2012 2011
f 2252 2011 2251
f 2251 2250 2252
f 2249 2250 2251
f 2355 2249 2251
f 2354 2249 2355
f 2354 2380 2249
f 2249 2380 2382
f 2380 2381 2382
f 2382 2381 2383
f 2392 2383 2381
f 2392 2381 2394
f 2394 2381 2379
f 2394 2379 2396
f 2395 2394 2396
f 2395 2396 2397
f 2397 2659 2395
f 2395 2659 2660
f 2395 2660 2393
f 2393 2660 2661
f 2431 2661 2660
f 2432 2661 2431
f 2431 2425 2432
f 2432 2425 2426
f 2432 2426 2433
f 2433 2662 2432
f 2433 2663 2662
f 2434 2663 2433
f 2433 2426 2427
f 2425 2420 2426
f 2426 2420 2421
f 2372 2420 2425
f 2372 2425 2374
f 2373 2372 2374
f 2371 2372 2373
f 2373 2402 2371
f 2373 2401 2402
f 2366 2401 2373
f 2366 2400 2401
f 2367 2400 2366
f 2367 2347 2400
f 2368 2347 2367
f 2368 2348 2347
f 2369 2348 2368
f 2368 2363 2369
f 2369 2363 2365
f 2363 2364 2365
f 2363 2362 2364
f 2361 2362 2363
f 2361 2360 2362
f 2360 2657 2362
f 2362 2657 2656
f 2376 2656 2657
f 2346 2656 2376
f 2346 2339 2656
f 2345 2339 2346
f 2345 2337 2339
f 2337 2338 2339
f 2645 2338 2337
f 2645 2337 2635
f 2637 2645 2635
f 2637 2644 2645
f 2640 2644 2637
f 2637 2639 2640
f 2640 2639 2641
f 2640 2641 2642
f 2641 2651 2642
f 2641 2652 2651
f 2650 2651 2652
f 2626 2650 2652
f 2626 2652 2632
f 2632 2652 2653
f 2639 2653 2652
f 2638 2653 2639
f 2633 2653 2638
f 2633 2638 2634
f 2634 2638 2636
f 2634 2636 2333
f 2333 2636 2340
f 2340 2636 2341
f 2340 2341 2342
f 2342 2341 2343
f 2342 2343 2344
f 2344 2334 2342
f 2344 2335 2334
f 2346 2335 2344
f 2346 2352 2335
f 2246 2335 2352
f 2245 2335 2246
f 2245 2336 2335
f 2248 2336 2245
f 2327 2336 2248
f 2327 2248 2218
f 2218 2248 2017
f 2248 2018 2017
f 2248 2247 2018
f 2247 2019 2018
f 2247 2244 2019
f 2019 2244 2011
f 2010 2019 2011
f 2251 2244 2247
f 2357 2251 2247
f 2357 2247 2358
f 2356 2357 2358
f 2356 2355 2357
f 2358 2351 2356
f 2356 2351 2378
f 2351 2377 2378
f 2378 2377 2379
f 2378 2379 2380
f 2351 2376 2377
f 2398 2377 2376
f 2396 2377 2398
f 2356 2378 2354
f 2358 2352 2351
f 2358 2247 2246
f 2010 2018 2019
f 2015 2018 2010
f 2010 2060 2015
f 2010 2072 2060
f 2046 2072 2010
f 2012 2046 2010
f 2012 2045 2046
f 2044 2045 2012
f 2044 2043 2045
f 2042 2043 2044
f 2042 2041 2043
f 2004 2041 2042
f 2042 2243 2004
f 2004 2243 2255
f 2004 2255 2005
f 2004 2005 2006
f 2006 2040 2004
f 2006 2039 2040
f 2008 2039 2006
f 2008 2038 2039
f 2009 2038 2008
f 2008 1999 2009
f 2009 1999 2001
f 2001 2037 2009
f 1999 2000 2001
f 2000 1999 2146
f 2146 1999 2166
f 2008 2007 1999
f 2256 1999 2007
f 2469 2256 2007
f 2469 2007 2005
f 2468 2256 2469
f 2469 2449 2468
f 2469 2255 2449
f 2449 2255 2450
f 2453 2449 2450
f 2453 2450 2454
f 2454 2450 2451
f 2454 2451 2455
f 2455 2461 2454
f 2454 2461 2460
f 2455 2462 2461
f 2440 2461 2462
f 2440 2462 2438
f 2438 2462 2463
f 2456 2463 2462
f 2457 2463 2456
f 2456 2253 2457
f 2456 2254 2253
f 2044 2253 2254
f 2044 2254 2243
f 2451 2243 2254
f 2455 2254 2456
f 2456 2462 2455
f 2455 2451 2254
f 2450 2243 2451
f 2468 2449 2452
f 2009 2037 2038
f 2037 2065 2038
f 2037 2064 2065
f 2036 2064 2037
f 2036 2063 2064
f 2027 2064 2063
f 2027 2063 2025
f 2025 2063 2062
f 2035 2062 2063
f 2025 2062 2023
f 2023 2062 2061
f 2023 2061 288
f 288 290 2023
f 288 289 290
f 290 289 291
f 290 291 292
f 292 291 293
f 292 293 294
f 1854 292 294
f 1854 1988 292
f 1853 1988 1854
f 1853 1854 1855
f 1855 1856 1853
f 1853 1856 1857
f 1853 1857 1858
f 1858 1857 1859
f 1912 1859 1857
f 1912 1857 1911
f 1911 1899 1912
f 1911 1898 1899
f 1898 1849 1899
f 1899 1849 1894
f 1849 1850 1894
f 1849 1851 1850
f 1848 1851 1849
f 2099 1851 1848
f 2099 1848 1847
f 1897 2099 1847
f 1897 2098 2099
f 1845 2098 1897
f 1844 2098 1845
f 1844 1845 1846
f 1844 1846 1852
f 293 1844 1852
f 293 2097 1844
f 2117 2097 293
f 293 318 2117
f 308 2117 318
f 2121 2117 308
f 2121 2124 2117
f 2124 2098 2117
f 2120 2124 2121
f 2120 2123 2124
f 2123 2099 2124
f 2123 2100 2099
f 2122 2100 2123
f 2122 2101 2100
f 2100 2101 1851
f 1851 2101 2102
f 1851 2102 1714
f 1697 1714 2102
f 2102 2923 1697
f 2102 2922 2923
f 2937 2923 2922
f 2937 2922 2929
f 2092 2929 2922
f 2092 2928 2929
f 2091 2928 2092
f 2091 2927 2928
f 2927 2932 2928
f 2928 2932 2937
f 2927 2930 2932
f 2926 2930 2927
f 2926 2925 2930
f 2925 2924 2930
f 2103 2924 2925
f 2103 2925 2094
f 2103 2094 2104
f 2103 2104 2105
f 2105 2104 2106
f 2105 2106 2107
f 2107 4006 2105
f 2107 4007 4006
f 2108 4007 2107
f 2108 4011 4007
f 2110 4011 2108
f 2110 4012 4011
f 4008 4011 4012
f 4008 4012 4013
f 8712 4008 4013
f 8712 4013 8713
f 8713 4013 4016
f 8713 4016 8714
f 6819 8713 8714
f 6821 8713 6819
f 6819 6820 6821
f 6821 6820 6822
f 6820 6844 6822
f 6822 6844 6845
f 6844 6848 6845
f 6845 6848 6838
f 6848 6832 6838
f 6838 6832 6842
f 6832 6841 6842
f 6841 7645 6842
f 6832 6415 6841
f 6564 6415 6832
f 6831 6564 6832
f 6831 6660 6564
f 6830 6660 6831
f 6847 6830 6831
f 6846 6830 6847
f 6846 6834 6830
f 6816 6834 6846
f 6817 6816 6846
f 6817 6846 6843
f 6818 6817 6843
f 6818 6843 6820
f 4979 6817 6818
f 6818 4981 4979
f 4980 4979 4981
f 4978 4979 4980
f 4980 5069 4978
f 6817 4978 5069
f 4980 5070 5069
f 5061 4980 4981
f 5060 4980 5061
f 5060 5089 4980
f 5059 5089 5060
f 212 5059 5060
f 212 5060 211
f 211 5060 209
f 209 210 211
f 209 205 210
f 206 205 209
f 206 203 205
f 208 203 206
f 2116 203 208
f 2116 204 203
f 2116 2114 204
f 2115 2114 2116
f 2116 4014 2115
f 2116 4015 4014
f 4014 4015 4016
f 4016 4015 4017
f 208 4017 4015
f 207 4017 208
f 8714 4017 207
f 5090 8714 207
f 206 5090 207
f 206 4981 5090
f 6819 5090 4981
f 2115 4014 2113
f 4012 2113 4014
f 2111 2113 4012
f 2111 2112 2113
f 2111 2109 2112
f 2109 2119 2112
f 2109 2118 2119
f 2118 2122 2119
f 2118 2093 2122
f 2096 2093 2118
f 2096 2091 2093
f 2095 2091 2096
f 2094 2095 2096
f 2094 2926 2095
f 2106 2096 2118
f 2106 2118 2109
f 2108 2106 2109
f 2112 2119 2120
f 2112 2120 2114
f 2110 2109 2111
f 2113 2112 2115
f 2115 2112 2114
f 2114 295 204
f 204 295 205
f 205 295 296
f 295 308 296
f 296 308 309
f 296 309 297
f 297 309 310
f 309 319 310
f 310 319 320
f 310 320 311
f 298 310 311
f 298 311 299
f 299 311 312
f 299 312 300
f 300 312 313
f 312 322 313
f 313 322 323
f 313 323 314
f 314 323 324
f 314 324 315
f 302 314 315
f 302 315 303
f 228 302 303
f 228 303 230
f 230 303 304
f 303 316 304
f 304 316 317
f 316 270 317
f 317 270 268
f 317 268 259
f 259 268 264
f 259 264 260
f 259 260 261
f 306 259 261
f 306 261 307
f 236 306 307
f 236 307 238
f 238 307 256
f 307 199 256
f 256 199 198
f 197 198 199
f 199 263 197
f 197 263 2895
f 2895 263 262
f 2895 262 260
f 260 2887 2895
f 260 266 2887
f 2887 266 265
f 264 265 266
f 265 264 267
f 2888 265 267
f 2888 267 2889
f 2903 2888 2889
f 2903 2889 2904
f 2904 2911 2903
f 2904 2910 2911
f 2905 2910 2904
f 2904 2890 2905
f 2905 2890 2891
f 2890 272 2891
f 2891 272 271
f 268 271 272
f 268 272 269
f 267 268 269
f 2891 271 2892
f 2906 2891 2892
f 2906 2892 2907
f 2907 2885 2906
f 2906 2885 2886
f 2885 146 2886
f 146 145 2886
f 145 146 147
f 147 146 122
f 147 122 121
f 121 128 147
f 147 128 144
f 147 144 150
f 150 144 196
f 193 196 144
f 193 144 131
f 131 144 130
f 130 129 131
f 128 129 130
f 128 123 129
f 123 139 129
f 123 2883 139
f 129 139 126
f 129 126 132
f 132 126 127
f 126 125 127
f 125 136 127
f 127 136 137
f 127 137 138
f 134 127 138
f 134 138 135
f 135 138 140
f 135 140 189
f 189 140 192
f 192 140 2766
f 2813 192 2766
f 2813 2766 2814
f 2814 2766 2798
f 2798 2766 2799
f 2799 2766 2767
f 2799 2767 2800
f 2800 2767 138
f 2800 2802 2799
f 2799 2802 2764
f 2802 2796 2764
f 2802 2761 2796
f 2801 2761 2802
f 2801 2714 2761
f 2714 2713 2761
f 2713 2714 2715
f 2715 2714 2716
f 2125 2715 2716
f 2125 2716 136
f 2751 2715 2125
f 2126 2751 2125
f 2126 2752 2751
f 2130 2752 2126
f 2130 2126 2131
f 2129 2130 2131
f 2129 2128 2130
f 2127 2128 2129
f 2128 2127 2749
f 2749 2127 2712
f 2749 2712 2750
f 2750 2712 2748
f 2750 2748 2745
f 2745 2748 2747
f 2745 2747 2708
f 2745 2708 2746
f 2760 2745 2746
f 2760 2746 2759
f 2759 2730 2760
f 2760 2730 2726
f 2760 2726 2755
f 2755 2726 2724
f 2725 2724 2726
f 2725 2726 2727
f 2726 2732 2727
f 2726 2731 2732
f 2731 2793 2732
f 2762 2793 2731
f 2762 2775 2793
f 2768 2793 2775
f 2768 2792 2793
f 2770 2792 2768
f 2768 2769 2770
f 2768 2777 2769
f 2769 2777 2827
f 2827 2777 2858
f 2777 2776 2858
f 2858 2776 2774
f 2858 2774 2857
f 2857 2774 2773
f 2773 2774 2775
f 2773 2775 2778
f 2778 2775 2779
f 2804 2779 2775
f 2803 2779 2804
f 2803 2804 2805
f 2789 2803 2805
f 2789 2805 2790
f 2790 2805 2806
f 2790 2806 2735
f 630 2790 2735
f 629 2790 630
f 629 630 631
f 631 657 629
f 629 657 658
f 629 658 659
f 659 658 652
f 3074 652 658
f 3074 3051 652
f 3073 3051 3074
f 3095 3073 3074
f 3074 3075 3095
f 3074 657 3075
f 3075 3118 3095
f 3095 3118 3460
f 3095 3460 3093
f 3075 2977 3118
f 2977 2976 3118
f 2976 2973 3118
f 2973 2976 2737
f 2737 2738 2973
f 2737 2734 2738
f 2757 2738 2734
f 2756 2738 2757
f 2757 2739 2756
f 2756 2739 2741
f 2739 2740 2741
f 2739 2742 2740
f 2739 2275 2742
f 2744 2275 2739
f 2744 2277 2275
f 2276 2275 2277
f 2276 2277 2278
f 2278 2240 2276
f 2276 2240 2239
f 2239 2240 2241
f 2240 2478 2241
f 2241 2478 2479
f 2241 2479 2282
f 2281 2241 2282
f 2971 2281 2282
f 2971 2282 2970
f 2971 2970 3467
f 3466 2971 3467
f 3467 2970 2967
f 2969 2967 2970
f 2970 2286 2969
f 2970 2480 2286
f 2480 2285 2286
f 2285 2284 2286
f 2282 2285 2480
f 2969 2286 2284
f 2970 2282 2480
f 2971 2279 2281
f 2279 2239 2281
f 2279 2280 2239
f 2269 2280 2279
f 2271 2280 2269
f 2269 2270 2271
f 2270 2274 2271
f 2271 2274 2275
f 2270 2273 2274
f 2272 2273 2270
f 2971 2272 2270
f 2972 2272 2971
f 2972 2742 2272
f 2742 2273 2272
f 2742 2274 2273
f 2971 2270 2269
f 2271 2239 2280
f 2269 2279 2971
f 2282 2479 2285
f 2478 2482 2479
f 2240 2477 2478
f 2477 2268 2478
f 2477 2266 2268
f 2278 2266 2477
f 2278 2481 2266
f 2709 2266 2481
f 2743 2709 2481
f 2743 2481 2277
f 2746 2709 2743
f 2709 2267 2266
f 2708 2267 2709
f 2708 2265 2267
f 2266 2267 2268
f 2281 2239 2241
f 2276 2239 2271
f 2278 2477 2240
f 2277 2481 2278
f 2271 2275 2276
f 2743 2277 2744
f 2758 2743 2744
f 2758 2744 2757
f 2759 2743 2758
f 2758 2733 2759
f 2758 2734 2733
f 2728 2733 2734
f 2728 2734 2735
f 2736 2735 2734
f 2730 2733 2728
f 2728 2729 2730
f 2730 2729 2731
f 2806 2729 2728
f 2806 2762 2729
f 2275 2274 2742
f 2972 2740 2742
f 2975 2741 2740
f 2974 2756 2741
f 2973 2756 2974
f 2757 2744 2739
f 2757 2734 2758
f 2736 2734 2737
f 2737 2977 2736
f 2736 2977 631
f 2973 2738 2756
f 3118 2973 3465
f 2737 2976 2977
f 631 2977 3075
f 3093 3073 3095
f 3073 3050 3051
f 3050 2991 3051
f 3051 2991 652
f 2991 671 652
f 671 2991 672
f 656 671 672
f 656 672 673
f 673 672 674
f 673 674 604
f 2867 673 604
f 2867 2866 673
f 2865 2866 2867
f 2865 2864 2866
f 2864 2810 2866
f 2866 2810 656
f 650 656 2810
f 2783 650 2810
f 2786 650 2783
f 2786 2783 2787
f 660 2786 2787
f 660 2787 659
f 2787 2788 659
f 2787 2785 2788
f 2788 2785 2803
f 2785 2781 2803
f 2785 2782 2781
f 2784 2782 2785
f 2783 2784 2785
f 2784 2856 2782
f 2784 2810 2856
f 2782 2856 2780
f 2780 2856 2857
f 2780 2857 2778
f 2862 2857 2856
f 2860 2857 2862
f 2861 2860 2862
f 2861 2862 2863
f 2831 2861 2863
f 2831 2863 2845
f 2845 2863 2865
f 2845 2865 2847
f 2846 2845 2847
f 2844 2845 2846
f 2852 2844 2846
f 2853 2844 2852
f 2853 2843 2844
f 2854 2843 2853
f 2854 2842 2843
f 2855 2842 2854
f 2854 2851 2855
f 2855 2851 2821
f 2855 2821 2837
f 2837 2821 773
f 773 2821 839
f 839 774 773
f 837 774 839
f 838 837 839
f 839 2822 838
f 838 2822 2823
f 838 2823 880
f 880 836 838
f 879 836 880
f 879 834 836
f 878 834 879
f 777 878 879
f 777 879 775
f 775 776 777
f 794 777 776
f 776 2825 794
f 776 2824 2825
f 2826 2825 2824
f 2826 2824 2849
f 2849 2824 2823
f 775 2823 2824
f 2849 2823 2850
f 2853 2849 2850
f 2852 2826 2849
f 2812 2826 2852
f 2812 595 2826
f 2826 595 634
f 595 633 634
f 595 632 633
f 597 632 595
f 595 596 597
f 597 596 598
f 598 596 2812
f 2812 2811 598
f 598 2811 600
f 602 600 2811
f 601 600 602
f 601 602 603
f 603 1107 601
f 1578 1107 603
f 603 1577 1578
f 1577 1561 1578
f 1577 1560 1561
f 1560 1535 1561
f 1561 1535 1534
f 1561 1534 1562
f 1562 1534 1533
f 1271 1533 1534
f 1271 1534 1294
f 1293 1271 1294
f 1293 1270 1271
f 1292 1270 1293
f 1292 1269 1270
f 1269 1246 1270
f 1270 1246 1248
f 1246 1247 1248
f 1247 1532 1248
f 597 1532 1247
f 1563 1532 597
f 1563 1533 1532
f 599 1563 597
f 1107 1563 599
f 1107 1562 1563
f 1248 1532 1533
f 1246 1245 1247
f 1244 1245 1246
f 1244 1243 1245
f 1242 1243 1244
f 1242 1106 1243
f 1241 1106 1242
f 1241 666 1106
f 1240 666 1241
f 1266 1240 1241
f 1265 1240 1266
f 1265 1239 1240
f 1239 1105 1240
f 1239 1141 1105
f 1238 1141 1239
f 1238 1142 1141
f 1141 1142 607
f 607 1142 1143
f 607 1143 605
f 605 606 607
f 605 612 606
f 612 788 606
f 606 788 789
f 606 789 608
f 608 789 670
f 670 609 608
f 669 609 670
f 669 668 609
f 653 668 669
f 669 791 653
f 653 791 792
f 791 875 792
f 791 873 875
f 873 874 875
f 873 872 874
f 872 828 874
f 874 828 830
f 874 830 876
f 876 830 832
f 876 832 878
f 877 876 878
f 875 876 877
f 830 831 832
f 830 829 831
f 829 849 831
f 831 849 850
f 831 850 833
f 833 850 851
f 833 851 835
f 835 851 852
f 851 796 852
f 851 797 796
f 835 852 837
f 836 835 837
f 834 833 835
f 832 833 834
f 850 797 851
f 850 798 797
f 849 798 850
f 849 799 798
f 799 475 798
f 798 475 474
f 471 474 475
f 471 475 472
f 470 471 472
f 799 470 472
f 800 470 799
f 848 800 799
f 847 800 848
f 847 801 800
f 846 801 847
f 846 802 801
f 845 802 846
f 823 845 846
f 823 846 825
f 824 823 825
f 824 825 826
f 826 825 827
f 825 847 827
f 826 827 828
f 828 827 829
f 827 848 829
f 870 824 826
f 870 826 872
f 871 870 872
f 869 870 871
f 789 869 871
f 789 871 790
f 790 871 873
f 869 868 870
f 867 868 869
f 867 866 868
f 866 822 868
f 868 822 824
f 866 820 822
f 864 820 866
f 864 818 820
f 862 818 864
f 863 862 864
f 863 864 865
f 786 863 865
f 786 865 787
f 787 865 867
f 787 867 788
f 611 787 788
f 615 787 611
f 611 614 615
f 615 614 616
f 1145 616 614
f 1145 614 613
f 1234 1145 613
f 1233 1145 1234
f 1233 1104 1145
f 1232 1104 1233
f 1258 1232 1233
f 1257 1232 1258
f 1257 1231 1232
f 1231 637 1232
f 1231 640 637
f 637 640 638
f 639 638 640
f 639 640 641
f 641 784 639
f 639 784 785
f 639 785 618
f 618 785 617
f 617 785 786
f 617 786 615
f 617 616 618
f 616 637 618
f 616 1104 637
f 784 861 785
f 785 861 863
f 784 859 861
f 783 859 784
f 783 857 859
f 782 857 783
f 643 782 783
f 643 783 645
f 644 643 645
f 644 645 646
f 646 1103 644
f 644 1103 1146
f 1228 1146 1103
f 1227 1146 1228
f 1227 1147 1146
f 1226 1147 1227
f 1226 1148 1147
f 1225 1148 1226
f 1225 1149 1148
f 593 1148 1149
f 593 1149 620
f 620 1149 1150
f 620 1150 622
f 621 620 622
f 621 622 623
f 623 780 621
f 623 779 780
f 625 779 623
f 626 779 625
f 778 779 626
f 778 753 779
f 779 753 755
f 753 754 755
f 754 756 755
f 755 756 758
f 755 758 853
f 780 755 853
f 780 853 781
f 781 853 855
f 781 855 782
f 642 781 782
f 594 781 642
f 594 642 592
f 592 593 594
f 594 593 619
f 592 1147 593
f 592 642 643
f 619 781 594
f 853 854 855
f 855 854 856
f 855 856 857
f 857 856 858
f 856 812 858
f 858 812 814
f 858 814 860
f 860 814 816
f 860 816 862
f 861 860 862
f 859 858 860
f 812 813 814
f 812 811 813
f 810 811 812
f 856 810 812
f 619 780 781
f 754 753 3633
f 3633 753 3634
f 753 778 3634
f 3673 3634 778
f 3673 778 626
f 625 624 626
f 626 624 627
f 626 627 628
f 624 1152 627
f 624 1151 1152
f 1102 1152 1151
f 1102 1151 1223
f 1223 1151 1150
f 1223 1150 1224
f 1249 1223 1224
f 1249 1224 1250
f 1250 1224 1225
f 1250 1225 1251
f 1273 1250 1251
f 1273 1251 1274
f 1296 1273 1274
f 1296 1274 1297
f 1297 1274 1275
f 1274 1252 1275
f 1275 1252 1253
f 1252 1227 1253
f 1275 1253 1276
f 1276 1253 1254
f 1253 1228 1254
f 1254 1228 1229
f 1254 1229 1255
f 1277 1254 1255
f 1277 1255 1278
f 1300 1277 1278
f 1300 1278 1301
f 1301 1278 1279
f 1278 1256 1279
f 1279 1256 1257
f 1279 1257 1280
f 1302 1279 1280
f 1302 1280 1303
f 1303 1280 1281
f 1280 1258 1281
f 1281 1258 1259
f 1281 1259 1282
f 1304 1281 1282
f 1304 1282 1305
f 1305 1282 1283
f 1282 1260 1283
f 1283 1260 1261
f 1260 1235 1261
f 1261 1235 1236
f 1235 1144 1236
f 1235 613 1144
f 610 1144 613
f 610 613 611
f 610 611 605
f 1236 1144 1143
f 1236 1143 1237
f 1262 1236 1237
f 1262 1237 1263
f 1285 1262 1263
f 1285 1263 1286
f 1308 1285 1286
f 1308 1286 1309
f 1309 1286 1287
f 1286 1264 1287
f 1287 1264 1265
f 1287 1265 1288
f 1310 1287 1288
f 1310 1288 1311
f 1311 1288 1289
f 1288 1266 1289
f 1289 1266 1267
f 1289 1267 1290
f 1312 1289 1290
f 1312 1290 1313
f 1313 1290 1291
f 1290 1268 1291
f 1291 1268 1269
f 1268 1244 1269
f 1313 1291 1314
f 1336 1313 1314
f 1336 1314 1337
f 1359 1336 1337
f 1359 1337 1360
f 1360 1337 1338
f 1337 1315 1338
f 1338 1315 1316
f 1315 1293 1316
f 1338 1316 1339
f 1339 1316 1317
f 1316 1294 1317
f 1294 1535 1317
f 1317 1535 1536
f 1317 1536 1340
f 1340 1536 1537
f 1559 1537 1536
f 1559 1536 1560
f 1576 1559 1560
f 1575 1559 1576
f 1576 3033 1575
f 1576 3035 3033
f 1577 3035 1576
f 3034 3033 3035
f 3032 3033 3034
f 3032 3031 3033
f 2990 3034 3035
f 2990 3035 603
f 674 2990 603
f 674 603 675
f 604 675 603
f 672 3034 2990
f 1575 3033 3031
f 1575 3031 1574
f 1574 3031 3029
f 1574 3029 1573
f 1573 1557 1574
f 1573 1556 1557
f 1556 1539 1557
f 1557 1539 1538
f 1557 1538 1558
f 1558 1538 1537
f 1363 1537 1538
f 1363 1538 1386
f 1385 1363 1386
f 1385 1362 1363
f 1362 1340 1363
f 1362 1339 1340
f 1361 1339 1362
f 1384 1361 1362
f 1383 1361 1384
f 1383 1360 1361
f 1382 1360 1383
f 1405 1382 1383
f 1405 1383 1406
f 1428 1405 1406
f 1428 1406 1429
f 1429 1406 1407
f 1406 1384 1407
f 1407 1384 1385
f 1407 1385 1408
f 1430 1407 1408
f 1430 1408 1431
f 1453 1430 1431
f 1453 1431 1454
f 1454 1431 1432
f 1431 1409 1432
f 1409 1540 1432
f 1409 1539 1540
f 1386 1539 1409
f 1408 1386 1409
f 1432 1540 1541
f 1555 1541 1540
f 1555 1540 1556
f 1572 1555 1556
f 1571 1555 1572
f 1572 3025 1571
f 1572 3027 3025
f 1573 3027 1572
f 3026 3025 3027
f 3026 3027 3028
f 3028 3027 3029
f 3028 3029 3030
f 3009 3026 3028
f 3010 3026 3009
f 3010 3024 3026
f 3001 3024 3010
f 3001 3022 3024
f 3022 3023 3024
f 3024 3023 3025
f 3022 3021 3023
f 3020 3021 3022
f 3020 3019 3021
f 3018 3019 3020
f 3018 3017 3019
f 1568 3019 3017
f 1568 3017 1567
f 1567 1551 1568
f 1568 1551 1552
f 1568 1552 1569
f 1569 1552 1553
f 1569 1553 1570
f 1570 3021 1569
f 1570 1553 1554
f 1553 1542 1554
f 1553 1543 1542
f 1478 1542 1543
f 1478 1543 1501
f 1500 1478 1501
f 1500 1477 1478
f 1477 1455 1478
f 1477 1454 1455
f 1476 1454 1477
f 1499 1476 1477
f 1498 1476 1499
f 1498 1475 1476
f 1475 1453 1476
f 1475 1452 1453
f 1474 1452 1475
f 1497 1474 1475
f 1496 1474 1497
f 1496 1473 1474
f 1473 1451 1474
f 1473 1450 1451
f 1472 1450 1473
f 1472 1449 1450
f 1449 1427 1450
f 1450 1427 1428
f 1449 1426 1427
f 1426 1404 1427
f 1426 1403 1404
f 1425 1403 1426
f 1425 1402 1403
f 1402 1380 1403
f 1403 1380 1381
f 1380 1358 1381
f 1381 1358 1359
f 1381 1359 1382
f 1404 1381 1382
f 1380 1357 1358
f 1379 1357 1380
f 1379 1356 1357
f 1378 1356 1379
f 1378 1355 1356
f 1355 1333 1356
f 1356 1333 1334
f 1333 1311 1334
f 1334 1311 1312
f 1334 1312 1335
f 1357 1334 1335
f 1355 1332 1333
f 1332 1310 1333
f 1332 1309 1310
f 1331 1309 1332
f 1354 1331 1332
f 1353 1331 1354
f 1353 1330 1331
f 1330 1308 1331
f 1330 1307 1308
f 1329 1307 1330
f 1352 1329 1330
f 1351 1329 1352
f 1351 1328 1329
f 1328 1306 1329
f 1328 1305 1306
f 1327 1305 1328
f 1350 1327 1328
f 1349 1327 1350
f 1349 1326 1327
f 1326 1304 1327
f 1326 1303 1304
f 1325 1303 1326
f 1348 1325 1326
f 1347 1325 1348
f 1347 1324 1325
f 1324 1302 1325
f 1324 1301 1302
f 1323 1301 1324
f 1346 1323 1324
f 1345 1323 1346
f 1345 1322 1323
f 1322 1300 1323
f 1322 1299 1300
f 1321 1299 1322
f 1344 1321 1322
f 1343 1321 1344
f 1343 1320 1321
f 1320 1298 1321
f 1320 1297 1298
f 1319 1297 1320
f 1342 1319 1320
f 1341 1319 1342
f 1341 1318 1319
f 1318 1296 1319
f 1318 1295 1296
f 1096 1295 1318
f 1161 1096 1318
f 1159 1096 1161
f 1160 1159 1161
f 1160 3798 1159
f 1159 3798 3799
f 1159 3799 1094
f 1094 3799 1095
f 1095 3799 3800
f 1095 3800 1097
f 1097 1099 1095
f 1095 1099 1096
f 1097 1098 1099
f 1098 1158 1099
f 1099 1158 1272
f 1158 1249 1272
f 1158 1157 1249
f 1156 1157 1158
f 1156 1155 1157
f 1156 3801 1155
f 1155 3801 3802
f 1155 3802 1100
f 1100 3802 1101
f 1100 1101 1102
f 1101 3802 3803
f 1101 3803 1154
f 1154 1152 1101
f 1153 1152 1154
f 1100 1102 1155
f 1098 3801 1156
f 1155 1102 1157
f 1099 1272 1295
f 1295 1272 1273
f 1098 1156 1158
f 1097 3800 1098
f 1094 1095 1096
f 3798 3887 3799
f 3799 3887 3888
f 3798 3886 3887
f 1092 3798 1160
f 1092 1160 1162
f 1092 1162 1093
f 1093 1162 1364
f 1162 1341 1364
f 1162 1161 1341
f 1093 1364 1387
f 1387 1364 1365
f 1364 1342 1365
f 1365 1342 1343
f 1365 1343 1366
f 1388 1365 1366
f 1388 1366 1389
f 1389 1366 1367
f 1366 1344 1367
f 1367 1344 1345
f 1367 1345 1368
f 1390 1367 1368
f 1390 1368 1391
f 1391 1368 1369
f 1368 1346 1369
f 1369 1346 1347
f 1369 1347 1370
f 1392 1369 1370
f 1392 1370 1393
f 1393 1370 1371
f 1370 1348 1371
f 1371 1348 1349
f 1371 1349 1372
f 1394 1371 1372
f 1394 1372 1395
f 1395 1372 1373
f 1372 1350 1373
f 1373 1350 1351
f 1373 1351 1374
f 1396 1373 1374
f 1396 1374 1397
f 1397 1374 1375
f 1374 1352 1375
f 1375 1352 1353
f 1375 1353 1376
f 1398 1375 1376
f 1398 1376 1399
f 1399 1376 1377
f 1376 1354 1377
f 1377 1354 1355
f 1399 1377 1400
f 1422 1399 1400
f 1422 1400 1423
f 1445 1422 1423
f 1445 1423 1446
f 1446 1423 1424
f 1423 1401 1424
f 1424 1401 1402
f 1401 1379 1402
f 1446 1424 1447
f 1469 1446 1447
f 1469 1447 1470
f 1492 1469 1470
f 1492 1470 1493
f 1493 1470 1471
f 1470 1448 1471
f 1471 1448 1449
f 1493 1471 1494
f 1516 1493 1494
f 1516 1494 1517
f 1210 1516 1517
f 1210 1517 1208
f 1208 1517 1518
f 1517 1495 1518
f 1518 1495 1496
f 1518 1496 1519
f 1215 1518 1519
f 1215 1519 1213
f 1213 1214 1215
f 1213 1222 1214
f 1222 1771 1214
f 1214 1771 1769
f 1770 1769 1771
f 1770 1771 1717
f 1770 1717 1813
f 1819 1770 1813
f 4211 1819 1813
f 4211 1813 4212
f 4280 4211 4212
f 4212 4214 4280
f 4280 4214 4278
f 4280 4278 4315
f 4315 4310 4280
f 4315 4311 4310
f 4316 4311 4315
f 4779 4311 4316
f 4278 4779 4316
f 4779 4800 4311
f 4313 4311 4800
f 4312 4311 4313
f 4312 4313 4314
f 4309 4312 4314
f 4308 4312 4309
f 4308 4310 4312
f 4307 4308 4309
f 4781 4307 4309
f 4305 4307 4781
f 4305 4304 4307
f 4304 4305 4306
f 4302 4304 4306
f 4781 4302 4306
f 4097 4302 4781
f 4097 4103 4302
f 4302 4103 4303
f 4102 4303 4103
f 4094 4102 4103
f 4101 4102 4094
f 4102 4101 4276
f 4101 4100 4276
f 4276 4100 17
f 4094 17 4100
f 15 17 4094
f 4094 13 15
f 4094 104 13
f 103 104 4094
f 104 103 105
f 13 104 14
f 13 14 15
f 15 16 17
f 4094 4100 4101
f 4094 4103 4097
f 4094 4097 4095
f 4095 4097 4098
f 4095 4098 4099
f 4095 4099 4096
f 4092 4095 4096
f 4092 4096 4093
f 4091 4092 4093
f 4128 4091 4093
f 4096 4099 4348
f 4780 4348 4099
f 4780 4099 4781
f 4348 4349 4096
f 4781 4099 4098
f 4094 4095 4092
f 4092 4165 4094
f 4094 4165 4104
f 4781 4098 4097
f 4303 4304 4302
f 4781 4306 4305
f 4781 4309 4800
f 4307 4304 4308
f 4800 4309 4314
f 4800 4314 4313
f 4310 4311 4312
f 4280 4310 4323
f 4346 4323 4310
f 4280 4323 4279
f 4279 4323 4324
f 4279 4324 4277
f 4277 4209 4279
f 4279 4209 4210
f 4279 4210 4211
f 4209 1818 4210
f 4210 1818 1819
f 4209 1817 1818
f 1817 1758 1818
f 1818 1758 1770
f 1817 1756 1758
f 1816 1756 1817
f 1816 1745 1756
f 1745 1755 1756
f 1745 1754 1755
f 1744 1754 1745
f 1744 1204 1754
f 1212 1754 1204
f 1203 1212 1204
f 1203 1204 1205
f 1205 1204 1206
f 1205 1206 1198
f 1198 1206 1207
f 1742 1207 1206
f 1742 1199 1207
f 1740 1199 1742
f 1740 1201 1199
f 1739 1201 1740
f 1731 1739 1740
f 1731 1740 1741
f 1810 1731 1741
f 1810 1741 1814
f 4200 1810 1814
f 4200 1814 4201
f 4281 4200 4201
f 4281 4199 4200
f 4281 4243 4199
f 4242 4199 4243
f 4242 4243 4244
f 4282 4244 4243
f 4282 4254 4244
f 4284 4254 4282
f 4284 4252 4254
f 4283 4252 4284
f 4283 4250 4252
f 4250 4251 4252
f 4252 4251 4253
f 4251 1765 4253
f 4251 1748 1765
f 1748 1764 1765
f 1765 1764 1766
f 1765 1766 1749
f 4255 1765 1749
f 4255 1749 4256
f 4256 1749 1751
f 1749 1750 1751
f 1749 1767 1750
f 1767 1189 1750
f 1767 1191 1189
f 1190 1189 1191
f 1188 1189 1190
f 1188 1197 1189
f 1188 1196 1197
f 1195 1196 1188
f 1195 1194 1196
f 1753 1196 1194
f 1753 1194 1730
f 1730 1194 1202
f 1730 1202 1739
f 1193 1202 1194
f 1193 1201 1202
f 1200 1201 1193
f 1193 1512 1200
f 1200 1512 1513
f 1512 1490 1513
f 1512 1489 1490
f 1511 1489 1512
f 1511 1488 1489
f 1488 1466 1489
f 1489 1466 1467
f 1466 1444 1467
f 1467 1444 1445
f 1467 1445 1468
f 1490 1467 1468
f 1490 1468 1491
f 1491 1468 1469
f 1466 1443 1444
f 1465 1443 1466
f 1465 1442 1443
f 1464 1442 1465
f 1464 1441 1442
f 1441 1419 1442
f 1442 1419 1420
f 1419 1397 1420
f 1420 1397 1398
f 1420 1398 1421
f 1443 1420 1421
f 1441 1418 1419
f 1418 1396 1419
f 1418 1395 1396
f 1417 1395 1418
f 1440 1417 1418
f 1439 1417 1440
f 1439 1416 1417
f 1416 1394 1417
f 1416 1393 1394
f 1415 1393 1416
f 1438 1415 1416
f 1437 1415 1438
f 1437 1414 1415
f 1414 1392 1415
f 1414 1391 1392
f 1413 1391 1414
f 1436 1413 1414
f 1435 1413 1436
f 1435 1412 1413
f 1412 1390 1413
f 1412 1389 1390
f 1411 1389 1412
f 1434 1411 1412
f 1433 1411 1434
f 1433 1410 1411
f 1410 1388 1411
f 1410 1387 1388
f 1090 1387 1410
f 1087 1090 1410
f 1086 1090 1087
f 1085 1086 1087
f 1085 3795 1086
f 1086 3795 3796
f 1086 3796 1088
f 1088 3796 1089
f 1088 1089 1090
f 1089 1093 1090
f 1091 1093 1089
f 1089 3797 1091
f 1091 3797 1092
f 1163 3795 1085
f 1163 3794 3795
f 3794 3883 3795
f 1164 3794 1163
f 1164 1163 1165
f 1163 1087 1165
f 1165 1087 1433
f 1165 1433 1456
f 1167 1165 1456
f 1167 1456 1479
f 1479 1456 1457
f 1456 1434 1457
f 1457 1434 1435
f 1457 1435 1458
f 1480 1457 1458
f 1480 1458 1481
f 1481 1458 1459
f 1458 1436 1459
f 1459 1436 1437
f 1459 1437 1460
f 1482 1459 1460
f 1482 1460 1483
f 1483 1460 1461
f 1460 1438 1461
f 1461 1438 1439
f 1461 1439 1462
f 1484 1461 1462
f 1484 1462 1485
f 1485 1462 1463
f 1462 1440 1463
f 1463 1440 1441
f 1485 1463 1486
f 1508 1485 1486
f 1508 1486 1509
f 1190 1508 1509
f 1183 1508 1190
f 1183 1507 1508
f 1185 1507 1183
f 1183 1184 1185
f 1183 1192 1184
f 1764 1184 1192
f 1763 1184 1764
f 1763 1186 1184
f 1763 1187 1186
f 1178 1186 1187
f 1178 1187 1179
f 1178 1179 1180
f 1180 1179 1181
f 1180 1181 1173
f 1173 1181 1182
f 1732 1182 1181
f 1732 1181 1746
f 1732 1746 1733
f 1732 1733 1734
f 1734 1733 1735
f 4229 1735 1733
f 4229 1733 4231
f 4230 4229 4231
f 4230 4231 4232
f 4232 4231 4233
f 4232 4233 4234
f 4234 4233 4250
f 4283 4232 4234
f 4283 4286 4232
f 4290 4286 4283
f 4290 4285 4286
f 4289 4285 4290
f 4289 4287 4285
f 4288 4287 4289
f 58 4288 4289
f 58 4289 53
f 53 4289 54
f 53 54 50
f 50 56 53
f 50 117 56
f 56 117 118
f 56 118 57
f 57 118 119
f 57 119 60
f 59 57 60
f 59 60 61
f 59 61 4273
f 59 4273 58
f 61 4272 4273
f 4273 4272 4274
f 4273 4274 4271
f 4271 4274 4275
f 4271 4275 4270
f 4270 4193 4271
f 4224 4193 4270
f 4224 4225 4193
f 4193 4225 4226
f 4193 4226 4227
f 4227 4238 4193
f 4193 4238 4239
f 4193 4239 4240
f 4240 4247 4193
f 4193 4247 4248
f 4248 4247 3865
f 3865 3866 4248
f 3866 4249 4248
f 3866 4262 4249
f 3867 4262 3866
f 3867 4263 4262
f 4264 4263 3867
f 3867 3868 4264
f 3868 4265 4264
f 3868 4266 4265
f 3869 4266 3868
f 3869 4267 4266
f 4268 4267 3869
f 4267 4268 4193
f 4193 4268 4269
f 4193 4269 4259
f 3870 4259 4269
f 4259 4260 4193
f 4193 4260 4261
f 4193 4261 4194
f 1171 4194 4261
f 1171 1726 4194
f 1727 1726 1171
f 1725 1726 1727
f 1725 1724 1726
f 4192 1726 1724
f 4192 1724 4190
f 4190 1724 3549
f 4190 3549 3548
f 1737 3548 3549
f 1737 3549 1723
f 1738 1737 1723
f 1738 1723 1725
f 1725 1177 1738
f 1738 1177 1176
f 1738 1176 1736
f 1736 1176 1174
f 1736 1174 1734
f 1734 1174 1182
f 1175 1174 1176
f 1173 1174 1175
f 1175 1503 1173
f 1173 1503 1504
f 1503 1481 1504
f 1504 1481 1482
f 1504 1482 1505
f 1180 1504 1505
f 1175 1502 1503
f 1502 1480 1503
f 1502 1479 1480
f 1169 1479 1502
f 1172 1169 1502
f 1170 1169 1172
f 1171 1170 1172
f 1172 1177 1171
f 1171 3792 1170
f 1168 1169 1170
f 1170 3793 1168
f 1168 3793 1166
f 1166 3793 3794
f 1168 1166 1169
f 1166 1167 1169
f 1166 1164 1167
f 1172 1502 1175
f 1175 1176 1172
f 1172 1176 1177
f 1725 1171 1177
f 1736 1737 1738
f 1736 1735 1737
f 1735 3548 1737
f 4189 4190 3548
f 4285 4190 4189
f 4285 4189 4228
f 4189 3548 4228
f 4228 3548 4229
f 1723 3549 1724
f 4192 4190 4285
f 1723 1724 1725
f 1727 1171 1725
f 4194 1726 4192
f 3792 1171 4261
f 4192 4193 4194
f 4261 4260 3792
f 3792 4260 4259
f 3870 4269 4268
f 4193 4266 4267
f 4193 4265 4266
f 4264 4265 4193
f 3867 3851 3868
f 3868 3851 3852
f 3851 3837 3852
f 3851 3836 3837
f 3850 3836 3851
f 3850 3835 3836
f 3849 3835 3850
f 3866 3849 3850
f 3867 3850 3851
f 4193 4263 4264
f 4193 4262 4263
f 3866 3850 3867
f 4249 4262 4193
f 4193 4248 4249
f 4192 4271 4193
f 4192 4287 4271
f 4273 4271 4288
f 60 4272 61
f 60 4582 4272
f 120 4582 60
f 120 4581 4582
f 2 4581 120
f 2 4580 4581
f 4579 4580 2
f 58 57 59
f 60 119 120
f 119 3 120
f 119 65 3
f 118 65 119
f 118 68 65
f 67 65 68
f 66 65 67
f 64 65 66
f 66 4836 64
f 117 68 118
f 50 116 117
f 116 71 117
f 53 56 57
f 50 54 55
f 50 55 51
f 4290 51 55
f 4290 52 51
f 47 51 52
f 50 51 47
f 54 4290 55
f 53 57 58
f 4273 4288 58
f 4288 4271 4287
f 4285 4287 4192
f 54 4289 4290
f 4285 4228 4286
f 4286 4228 4230
f 4286 4230 4232
f 4228 4229 4230
f 4231 1733 4233
f 4233 1733 1748
f 1733 1747 1748
f 1747 1763 1748
f 3548 1735 4229
f 1734 1735 1736
f 1733 1746 1747
f 1746 1179 1747
f 1734 1182 1732
f 1173 1182 1174
f 1173 1504 1180
f 1746 1181 1179
f 1180 1505 1178
f 1178 1505 1506
f 1505 1483 1506
f 1506 1483 1484
f 1506 1484 1507
f 1178 1506 1185
f 1747 1179 1187
f 1185 1186 1178
f 1747 1187 1763
f 1183 1191 1192
f 1185 1184 1186
f 1185 1506 1507
f 1509 1486 1487
f 1486 1464 1487
f 1509 1487 1510
f 1188 1509 1510
f 1510 1487 1488
f 1487 1465 1488
f 1507 1485 1508
f 1486 1463 1464
f 1507 1484 1485
f 1483 1461 1484
f 1505 1482 1483
f 1481 1459 1482
f 1503 1480 1481
f 1479 1457 1480
f 1169 1167 1479
f 1164 1165 1167
f 1166 3794 1164
f 1085 1087 1163
f 1088 1090 1086
f 1087 1410 1433
f 1456 1433 1434
f 1434 1412 1435
f 1458 1435 1436
f 1436 1414 1437
f 1460 1437 1438
f 1438 1416 1439
f 1462 1439 1440
f 1440 1418 1441
f 1463 1441 1464
f 1487 1464 1465
f 1442 1420 1443
f 1443 1421 1444
f 1444 1421 1422
f 1488 1465 1466
f 1510 1488 1511
f 1195 1510 1511
f 1195 1511 1193
f 1489 1467 1490
f 1513 1490 1491
f 1513 1491 1514
f 1198 1513 1514
f 1514 1491 1492
f 1514 1492 1515
f 1205 1514 1515
f 1200 1513 1198
f 1198 1199 1200
f 1193 1511 1512
f 1729 1753 1730
f 1728 1729 1730
f 1728 1730 1731
f 1729 1752 1753
f 1751 1752 1729
f 4241 1751 1729
f 4241 1729 1812
f 1812 1811 4241
f 1728 1811 1812
f 1810 1811 1728
f 1811 1810 4241
f 4241 1810 4199
f 1728 1812 1729
f 4242 1751 4241
f 1752 1196 1753
f 1193 1194 1195
f 1188 1510 1195
f 1752 1197 1196
f 1750 1197 1752
f 1190 1509 1188
f 1190 1191 1183
f 1191 1767 1192
f 1192 1767 1766
f 1750 1189 1197
f 1751 1750 1752
f 4256 1751 4242
f 4244 4255 4256
f 1749 1766 1767
f 1192 1766 1764
f 1748 1763 1764
f 4233 1748 4251
f 4253 1765 4255
f 4254 4253 4255
f 4250 4233 4251
f 4234 4250 4283
f 4330 4283 4284
f 4252 4253 4254
f 4254 4255 4244
f 4244 4256 4242
f 4241 4199 4242
f 4282 4243 4281
f 4201 4318 4281
f 4201 4326 4318
f 4202 4326 4201
f 4202 4325 4326
f 4203 4325 4202
f 4202 1816 4203
f 4202 1815 1816
f 4203 4277 4325
f 4277 4320 4325
f 4325 4320 4318
f 4319 4318 4320
f 4319 4320 4321
f 4338 4319 4321
f 4321 4320 4322
f 4317 4318 4319
f 4277 4322 4320
f 4204 4277 4203
f 4203 1817 4204
f 4201 1815 4202
f 4325 4318 4326
f 4281 4318 4317
f 4201 1814 1815
f 1814 1743 1815
f 1815 1743 1745
f 4199 1810 4200
f 1814 1741 1743
f 1741 1742 1743
f 1743 1742 1744
f 1728 1731 1810
f 1730 1739 1731
f 1739 1202 1201
f 1200 1199 1201
f 1741 1740 1742
f 1742 1206 1744
f 1198 1207 1199
f 1198 1514 1205
f 1205 1515 1203
f 1203 1515 1516
f 1203 1211 1212
f 1210 1211 1203
f 1210 1209 1211
f 1209 1755 1211
f 1209 1757 1755
f 1217 1757 1209
f 1217 1768 1757
f 1216 1768 1217
f 1216 1769 1768
f 1758 1768 1769
f 1208 1216 1217
f 1215 1216 1208
f 1757 1768 1758
f 1208 1217 1209
f 1211 1754 1212
f 1744 1206 1204
f 1743 1744 1745
f 1211 1755 1754
f 1756 1755 1757
f 1815 1745 1816
f 4203 1816 1817
f 1756 1757 1758
f 4204 1817 4209
f 4204 4209 4277
f 4315 4278 4316
f 4214 4215 4278
f 4214 2982 4215
f 4215 2982 2981
f 4215 2981 4216
f 1717 2981 2982
f 1717 2982 1715
f 1773 2981 1717
f 1717 1772 1773
f 1773 1772 1774
f 1221 1774 1772
f 1776 1774 1221
f 1775 1774 1776
f 1219 1776 1221
f 1220 1219 1221
f 1140 1219 1220
f 1220 1521 1140
f 1140 1521 1522
f 1521 1499 1522
f 1522 1499 1500
f 1522 1500 1523
f 1525 1522 1523
f 1525 1523 1526
f 1526 1523 1524
f 1523 1501 1524
f 1501 1544 1524
f 1524 1544 1545
f 1551 1545 1544
f 1550 1545 1551
f 1550 1546 1545
f 1549 1546 1550
f 1549 1547 1546
f 1531 1546 1547
f 1547 4222 1531
f 1531 4222 4220
f 1531 4220 1530
f 1530 1527 1531
f 1529 1527 1530
f 4187 1529 1530
f 4186 1529 4187
f 4186 1528 1529
f 2984 1528 4186
f 2984 1115 1528
f 1719 1115 2984
f 2983 1719 2984
f 1719 2983 1720
f 1719 1117 1115
f 1116 1115 1117
f 1114 1115 1116
f 1114 1140 1115
f 1114 1138 1140
f 1138 1139 1140
f 1138 1760 1139
f 1139 1760 1759
f 1139 1759 1218
f 1218 1759 1777
f 1218 1777 1219
f 1138 1762 1760
f 1137 1762 1138
f 1137 1778 1762
f 1136 1778 1137
f 1136 1779 1778
f 1135 1779 1136
f 1135 1781 1779
f 1134 1781 1135
f 1134 1135 1114
f 1114 1133 1134
f 1133 1782 1134
f 1133 1783 1782
f 1132 1783 1133
f 1132 1784 1783
f 1131 1784 1132
f 1131 1785 1784
f 1130 1785 1131
f 1130 1786 1785
f 1110 1786 1130
f 1114 1110 1130
f 1111 1110 1114
f 1108 1110 1111
f 1108 1109 1110
f 1114 1120 1111
f 1114 1118 1120
f 1111 1120 1126
f 1111 1126 1112
f 1112 1113 1111
f 1110 1787 1786
f 1109 1787 1110
f 1109 1788 1787
f 1108 1788 1109
f 1108 1789 1788
f 1111 1789 1108
f 1111 1790 1789
f 1113 1790 1111
f 1113 1791 1790
f 1112 1791 1113
f 1112 1792 1791
f 1126 1792 1112
f 1126 1793 1792
f 1120 1793 1126
f 1120 1794 1793
f 1119 1794 1120
f 1119 1795 1794
f 1123 1795 1119
f 1123 1796 1795
f 1122 1796 1123
f 1122 1798 1796
f 1121 1798 1122
f 1121 1799 1798
f 1118 1799 1121
f 1118 1800 1799
f 1125 1800 1118
f 1125 1801 1800
f 1124 1801 1125
f 1124 1802 1801
f 1127 1802 1124
f 1124 1116 1127
f 1124 1125 1116
f 1116 1125 1118
f 1127 1116 1128
f 1116 1805 1128
f 1128 1805 1804
f 1128 1804 1129
f 1129 1804 1803
f 1129 1803 1127
f 1116 1806 1805
f 1127 1128 1129
f 1127 1803 1802
f 1114 1130 1131
f 1131 1132 1114
f 1114 1132 1133
f 1134 1782 1781
f 1114 1135 1136
f 1114 1136 1137
f 1139 1218 1140
f 1137 1138 1114
f 1115 1140 1525
f 1116 1118 1114
f 1117 1806 1116
f 1117 1807 1806
f 1808 1807 1117
f 1808 1117 1719
f 1115 1525 1528
f 1528 1526 1529
f 1530 4219 4187
f 1529 1526 1527
f 1530 4220 4219
f 1547 4223 4222
f 1548 4223 1547
f 1548 4197 4223
f 1527 1546 1531
f 1527 1545 1546
f 1524 1545 1527
f 1526 1524 1527
f 1528 1525 1526
f 1140 1522 1525
f 1220 1520 1521
f 1520 1498 1521
f 1520 1497 1498
f 1519 1497 1520
f 1213 1520 1220
f 1140 1218 1219
f 1220 1221 1213
f 1219 1777 1776
f 1761 1776 1777
f 1761 1777 1759
f 1759 1760 1761
f 1761 1760 1762
f 1762 1778 1761
f 1761 1778 1779
f 1221 1772 1222
f 1773 1774 1775
f 4214 1715 2982
f 4278 4215 4216
f 4216 4196 4278
f 4212 1715 4214
f 4212 1716 1715
f 4279 4211 4280
f 1813 1716 4212
f 1813 4213 1716
f 1583 4213 1813
f 1718 4213 1583
f 1718 1583 1582
f 1582 1583 1584
f 1584 1583 1579
f 1584 1579 1585
f 1717 1584 1585
f 1585 1579 1581
f 1579 1580 1581
f 1580 1579 1813
f 1717 1582 1584
f 1718 1582 1717
f 1717 1716 1718
f 1715 1716 1717
f 1813 1579 1583
f 1716 4213 1718
f 4210 1819 4211
f 1818 1770 1819
f 1717 1771 1772
f 1758 1769 1770
f 1214 1769 1216
f 1222 1772 1771
f 1213 1221 1222
f 1215 1214 1216
f 1213 1519 1520
f 1208 1518 1215
f 1208 1209 1210
f 1203 1516 1210
f 1517 1494 1495
f 1494 1472 1495
f 1515 1493 1516
f 1494 1471 1472
f 1515 1492 1493
f 1491 1469 1492
f 1470 1447 1448
f 1447 1425 1448
f 1468 1446 1469
f 1447 1424 1425
f 1468 1445 1446
f 1444 1422 1445
f 1423 1400 1401
f 1400 1378 1401
f 1421 1399 1422
f 1400 1377 1378
f 1421 1398 1399
f 1397 1375 1398
f 1419 1396 1397
f 1395 1373 1396
f 1417 1394 1395
f 1393 1371 1394
f 1415 1392 1393
f 1391 1369 1392
f 1413 1390 1391
f 1389 1367 1390
f 1411 1388 1389
f 1387 1365 1388
f 1090 1093 1387
f 1091 1092 1093
f 1092 3797 3798
f 1160 1161 1162
f 1094 1096 1159
f 1096 1099 1295
f 1161 1318 1341
f 1364 1341 1342
f 1342 1320 1343
f 1366 1343 1344
f 1321 1298 1299
f 1298 1276 1299
f 1299 1276 1277
f 1344 1322 1345
f 1368 1345 1346
f 1346 1324 1347
f 1370 1347 1348
f 1348 1326 1349
f 1372 1349 1350
f 1350 1328 1351
f 1374 1351 1352
f 1329 1306 1307
f 1306 1284 1307
f 1307 1284 1285
f 1306 1283 1284
f 1352 1330 1353
f 1376 1353 1354
f 1354 1332 1355
f 1377 1355 1378
f 1401 1378 1379
f 1356 1334 1357
f 1357 1335 1358
f 1358 1335 1336
f 1402 1379 1380
f 1424 1402 1425
f 1448 1425 1426
f 1403 1381 1404
f 1427 1404 1405
f 1448 1426 1449
f 1471 1449 1472
f 1495 1472 1473
f 1450 1428 1451
f 1495 1473 1496
f 1519 1496 1497
f 1474 1451 1452
f 1451 1429 1452
f 1452 1429 1430
f 1497 1475 1498
f 1521 1498 1499
f 1499 1477 1500
f 1523 1500 1501
f 1501 1543 1544
f 1552 1544 1543
f 1455 1542 1478
f 1455 1541 1542
f 1554 1542 1541
f 1570 1554 1571
f 1571 3023 1570
f 1552 1543 1553
f 1551 1544 1552
f 1567 1550 1551
f 1566 1550 1567
f 1567 3015 1566
f 1567 3017 3015
f 3016 3015 3017
f 1569 3019 1568
f 3016 3017 3018
f 2998 3018 3020
f 1569 3021 3019
f 2999 3020 3022
f 1570 3023 3021
f 3024 3025 3026
f 1571 3025 3023
f 1571 1554 1555
f 1554 1541 1555
f 1432 1541 1455
f 1454 1432 1455
f 1476 1453 1454
f 1452 1430 1453
f 1431 1408 1409
f 1429 1407 1430
f 1451 1428 1429
f 1427 1405 1428
f 1404 1382 1405
f 1406 1383 1384
f 1384 1362 1385
f 1408 1385 1386
f 1386 1538 1539
f 1556 1540 1539
f 1572 1556 1573
f 1574 1557 1558
f 1573 3029 3027
f 3030 3029 3031
f 1574 1558 1575
f 1575 1558 1559
f 1558 1537 1559
f 1340 1537 1363
f 1339 1317 1340
f 1361 1338 1339
f 1360 1338 1361
f 1382 1359 1360
f 1358 1336 1359
f 1337 1314 1315
f 1314 1292 1315
f 1335 1313 1336
f 1314 1291 1292
f 1335 1312 1313
f 1290 1267 1268
f 1267 1242 1268
f 1311 1289 1312
f 1333 1310 1311
f 1309 1287 1310
f 1331 1308 1309
f 1307 1285 1308
f 1286 1263 1264
f 1263 1238 1264
f 1284 1262 1285
f 1284 1261 1262
f 1263 1237 1238
f 1261 1236 1262
f 1260 1234 1235
f 1259 1234 1260
f 1283 1261 1284
f 1305 1283 1306
f 1327 1304 1305
f 1282 1259 1260
f 1303 1281 1304
f 1325 1302 1303
f 1301 1279 1302
f 1323 1300 1301
f 1299 1277 1300
f 1278 1255 1256
f 1255 1230 1256
f 1256 1230 1231
f 1255 1229 1230
f 1229 648 1230
f 1230 648 640
f 640 648 649
f 648 641 649
f 648 647 641
f 646 647 648
f 1229 1103 648
f 1276 1254 1277
f 1298 1275 1276
f 1297 1275 1298
f 1319 1296 1297
f 1295 1273 1296
f 1274 1251 1252
f 1251 1226 1252
f 1272 1250 1273
f 1272 1249 1250
f 1157 1223 1249
f 1157 1102 1223
f 1101 1152 1102
f 622 1151 624
f 1153 627 1152
f 623 624 625
f 779 755 780
f 621 780 619
f 623 622 624
f 619 620 621
f 622 1150 1151
f 1224 1150 1149
f 619 593 620
f 1224 1149 1225
f 1251 1225 1226
f 1147 1148 593
f 1252 1226 1227
f 592 1146 1147
f 1253 1227 1228
f 1228 1103 1229
f 644 1146 592
f 648 1103 646
f 646 645 647
f 592 643 644
f 645 783 647
f 642 782 643
f 782 855 857
f 857 858 859
f 647 783 784
f 859 860 861
f 647 784 641
f 649 641 640
f 618 638 639
f 618 637 638
f 1230 640 1231
f 1256 1231 1257
f 1280 1257 1258
f 1258 1233 1259
f 1232 637 1104
f 1259 1233 1234
f 1234 613 1235
f 1104 616 1145
f 615 616 617
f 611 613 614
f 615 786 787
f 785 863 786
f 861 862 863
f 865 864 866
f 820 821 822
f 822 821 823
f 820 819 821
f 865 866 867
f 788 867 869
f 868 824 870
f 822 823 824
f 821 845 823
f 821 844 845
f 844 803 845
f 465 801 802
f 825 846 847
f 827 847 848
f 800 469 470
f 800 468 469
f 469 467 470
f 470 467 471
f 798 474 478
f 477 798 478
f 473 478 474
f 799 472 475
f 848 799 849
f 829 848 849
f 832 831 833
f 828 829 830
f 872 826 828
f 871 872 873
f 875 874 876
f 790 873 791
f 792 875 877
f 792 877 793
f 793 877 777
f 665 792 793
f 654 792 665
f 665 664 654
f 663 664 665
f 663 662 664
f 661 662 663
f 661 635 662
f 635 1106 662
f 636 635 661
f 661 794 636
f 661 793 794
f 636 794 634
f 634 635 636
f 663 793 661
f 662 1106 664
f 654 664 666
f 654 666 655
f 655 666 1105
f 1105 667 655
f 1105 668 667
f 655 667 653
f 653 654 655
f 665 793 663
f 653 792 654
f 669 790 791
f 653 667 668
f 1141 609 668
f 670 790 669
f 607 608 609
f 670 789 790
f 788 869 789
f 611 788 612
f 605 611 612
f 607 606 608
f 605 1143 1144
f 1237 1143 1142
f 607 609 1141
f 1237 1142 1238
f 1264 1238 1239
f 1141 668 1105
f 1264 1239 1265
f 1288 1265 1266
f 1266 1241 1267
f 1240 1105 666
f 1106 666 664
f 1267 1241 1242
f 635 1243 1106
f 633 1243 635
f 1268 1242 1244
f 633 1245 1243
f 632 1247 1245
f 1269 1244 1246
f 1291 1269 1292
f 1315 1292 1293
f 1270 1248 1271
f 1316 1293 1294
f 1248 1533 1271
f 1562 1533 1563
f 1294 1534 1535
f 1560 1536 1535
f 1576 1560 1577
f 1578 1561 1562
f 603 3035 1577
f 1578 1562 1107
f 599 601 1107
f 603 602 604
f 2848 604 602
f 599 600 601
f 2811 2848 602
f 2811 2847 2848
f 2847 2867 2848
f 599 598 600
f 2812 2846 2811
f 597 598 599
f 597 1247 632
f 632 1245 633
f 634 633 635
f 596 595 2812
f 634 2825 2826
f 634 794 2825
f 793 777 794
f 775 2824 776
f 877 878 777
f 878 832 834
f 834 835 836
f 775 879 880
f 880 2823 775
f 2850 2823 2822
f 2850 2822 2851
f 836 837 838
f 837 852 774
f 839 2821 2822
f 2837 773 2838
f 2837 2838 2839
f 2839 2840 2837
f 2839 2818 2840
f 2818 2836 2840
f 2817 2836 2818
f 184 2817 2818
f 2819 184 2818
f 178 184 2819
f 178 2819 179
f 179 2819 2820
f 2820 180 179
f 172 179 180
f 172 180 173
f 173 180 181
f 173 181 176
f 176 181 2820
f 143 179 172
f 171 143 172
f 141 143 171
f 141 142 143
f 432 142 141
f 432 491 142
f 166 142 491
f 492 166 491
f 167 166 492
f 166 167 157
f 157 167 168
f 157 168 155
f 155 156 157
f 157 156 158
f 157 158 159
f 159 158 160
f 2900 160 158
f 2900 158 4045
f 4045 4018 2900
f 2900 4018 2898
f 2898 2899 2900
f 2898 2897 2899
f 2897 2909 2899
f 2899 2909 162
f 2909 164 162
f 2909 2914 164
f 2901 2914 2909
f 2901 2913 2914
f 2902 2913 2901
f 2902 2912 2913
f 2903 2912 2902
f 2912 149 2913
f 2912 151 149
f 2911 151 2912
f 2911 152 151
f 151 152 150
f 150 152 153
f 2910 153 152
f 154 153 2910
f 2886 154 2910
f 147 153 154
f 150 149 151
f 148 149 150
f 150 165 148
f 2914 148 165
f 150 164 165
f 163 164 150
f 2913 149 148
f 2901 2887 2902
f 2902 2887 2888
f 2913 148 2914
f 2914 165 164
f 163 162 164
f 161 162 163
f 194 161 163
f 183 161 194
f 183 159 161
f 182 159 183
f 178 182 183
f 143 182 178
f 143 157 182
f 185 183 194
f 184 183 185
f 184 185 186
f 186 185 187
f 186 187 188
f 188 2816 186
f 188 2815 2816
f 2829 2816 2815
f 2829 2815 2809
f 2809 2832 2829
f 2829 2832 2834
f 2829 2834 2817
f 2832 2833 2834
f 2834 2833 2835
f 2834 2835 2836
f 2841 2836 2835
f 2841 2835 2842
f 2842 2835 2833
f 2832 2831 2833
f 2843 2833 2831
f 2830 2831 2832
f 2809 2830 2832
f 2808 2830 2809
f 2808 2859 2830
f 2808 2828 2859
f 2807 2828 2808
f 2807 2798 2828
f 2798 2763 2828
f 2798 2764 2763
f 2763 2764 2765
f 2764 2797 2765
f 2765 2797 2791
f 2797 2794 2791
f 2796 2794 2797
f 2796 2795 2794
f 2718 2794 2795
f 2718 2795 2719
f 2717 2718 2719
f 2718 2717 2720
f 2722 2720 2717
f 2721 2720 2722
f 2721 2722 2723
f 2723 2722 2724
f 2753 2724 2722
f 2753 2722 2751
f 2723 2791 2721
f 2723 2725 2791
f 2721 2794 2720
f 2722 2717 2715
f 2715 2717 2719
f 2761 2719 2795
f 2720 2794 2718
f 2721 2791 2794
f 2765 2791 2770
f 2770 2771 2765
f 2765 2771 2772
f 2772 2771 2827
f 2828 2772 2827
f 2765 2772 2763
f 2763 2772 2828
f 2828 2827 2859
f 2859 2827 2860
f 2830 2859 2861
f 2807 2808 2809
f 2809 2814 2807
f 2809 2815 2814
f 191 2814 2815
f 2817 2816 2829
f 191 2815 188
f 2817 186 2816
f 188 187 191
f 191 187 193
f 191 193 189
f 189 193 133
f 189 190 191
f 191 190 2813
f 187 195 193
f 187 194 195
f 185 194 187
f 194 163 195
f 195 163 196
f 161 160 162
f 2899 162 160
f 2897 2901 2909
f 2895 2901 2897
f 2896 2895 2897
f 2896 2897 2898
f 2896 2898 4018
f 4018 4031 2896
f 2896 4031 197
f 4031 257 197
f 4031 258 257
f 254 257 258
f 254 258 255
f 4030 255 258
f 4028 255 4030
f 4029 4028 4030
f 4029 4030 4018
f 4027 4028 4029
f 4027 4026 4028
f 4025 4026 4027
f 4046 4025 4027
f 4047 4025 4046
f 4046 495 4047
f 4047 495 496
f 4047 496 4041
f 4041 4023 4047
f 4041 4021 4023
f 4021 4022 4023
f 4021 4020 4022
f 4019 4020 4021
f 4040 4019 4021
f 4039 4019 4040
f 4039 4036 4019
f 4038 4036 4039
f 4038 4034 4036
f 4034 4035 4036
f 4034 4033 4035
f 4032 4033 4034
f 4032 4000 4033
f 3997 4000 4032
f 4000 3997 4001
f 4001 3997 3998
f 4001 3998 4002
f 4002 3998 3999
f 3998 3995 3999
f 3999 3995 3996
f 3995 955 3996
f 3996 955 954
f 514 954 955
f 514 955 506
f 505 514 506
f 505 506 507
f 506 3994 507
f 507 3994 4042
f 507 4042 566
f 566 4042 4043
f 566 4043 4038
f 566 4038 501
f 501 567 566
f 505 566 567
f 505 567 568
f 568 512 505
f 568 510 512
f 510 511 512
f 512 511 513
f 511 949 513
f 513 949 951
f 956 951 949
f 956 949 957
f 897 956 957
f 897 957 899
f 898 897 899
f 896 897 898
f 896 895 897
f 894 895 896
f 894 893 895
f 891 893 894
f 891 894 5640
f 5640 5641 891
f 5640 5639 5641
f 5641 5639 8697
f 5641 8697 3989
f 3989 8697 8698
f 3989 8698 3987
f 3988 3989 3987
f 3988 881 3989
f 3989 881 892
f 892 881 893
f 893 881 883
f 881 882 883
f 882 952 883
f 3993 952 882
f 3993 882 3988
f 3990 3993 3988
f 3996 3993 3990
f 3996 953 3993
f 3990 3988 3991
f 3990 3991 3992
f 4003 3990 3992
f 4003 3992 215
f 215 217 4003
f 4003 217 218
f 4003 218 4004
f 4004 218 244
f 216 244 218
f 216 243 244
f 4002 244 243
f 4002 243 242
f 242 243 216
f 216 247 242
f 216 246 247
f 245 246 216
f 4033 246 245
f 216 250 245
f 216 249 250
f 248 249 216
f 216 252 248
f 248 252 251
f 4024 248 251
f 4024 251 4026
f 4026 251 253
f 4022 248 4024
f 251 252 253
f 253 252 254
f 216 254 252
f 240 254 216
f 241 240 216
f 241 216 202
f 202 216 215
f 202 215 200
f 200 201 202
f 3987 201 200
f 3992 3987 200
f 5044 201 3987
f 3987 5045 5044
f 5044 5045 5036
f 5045 5046 5036
f 8703 5046 5045
f 8703 8709 5046
f 8709 5047 5046
f 8709 5037 5047
f 8708 5037 8709
f 8702 8708 8709
f 8705 8708 8702
f 8702 8701 8705
f 8705 8701 8694
f 8705 8694 8706
f 8706 8694 8696
f 8706 8696 5041
f 5041 5040 8706
f 5036 5040 5041
f 5041 5042 5036
f 5036 5042 5043
f 5036 5043 5031
f 5043 8725 5031
f 5043 8723 8725
f 8723 8724 8725
f 8724 8741 8725
f 8725 8741 8740
f 8739 8740 8741
f 8741 8721 8739
f 8739 8721 8722
f 8739 8722 8737
f 8737 8722 8719
f 8722 5203 8719
f 8721 5203 8722
f 8721 5257 5203
f 8720 5257 8721
f 8720 5258 5257
f 5193 5257 5258
f 8699 5258 8720
f 5258 8699 5647
f 5647 5254 5258
f 5647 5646 5254
f 5645 5646 5647
f 5645 5642 5646
f 5646 5642 5644
f 5642 5643 5644
f 5643 5638 5644
f 5644 5638 5640
f 5644 5640 5685
f 5685 5640 5681
f 5640 896 5681
f 5685 5681 5686
f 5686 5681 5682
f 5681 898 5682
f 5682 898 900
f 5682 900 5683
f 5686 5682 5687
f 5649 5685 5686
f 5649 5686 5650
f 5650 5247 5649
f 5649 5247 5246
f 5246 5247 5248
f 5248 5247 5249
f 5649 5246 5251
f 5650 5249 5247
f 5250 5249 5650
f 5242 5249 5250
f 5242 5250 5243
f 5648 5685 5649
f 5648 5644 5685
f 5643 8704 5638
f 5639 5638 8704
f 5642 8704 5643
f 5642 8701 8704
f 5645 8701 5642
f 5645 8700 8701
f 5647 8700 5645
f 5647 8699 8700
f 8699 8695 8700
f 8700 8695 8694
f 8695 8699 8724
f 8724 8699 8720
f 5203 5257 5193
f 8741 8720 8721
f 8739 8738 8740
f 5031 8740 8738
f 8724 8720 8741
f 8723 8695 8724
f 8696 8695 8723
f 5042 8696 8723
f 8725 8740 5031
f 5042 8723 5043
f 5036 5039 5040
f 5038 5039 5036
f 5036 5037 5038
f 8707 5039 5038
f 8707 5038 8708
f 5040 5039 8707
f 8706 5040 8707
f 5041 8696 5042
f 8694 8695 8696
f 8706 8707 8705
f 8700 8694 8701
f 8702 8704 8701
f 8697 8704 8702
f 8705 8707 8708
f 8708 5038 5037
f 5036 5047 5037
f 8702 8709 8703
f 8698 8702 8703
f 5036 5046 5047
f 5044 5036 202
f 3987 8703 5045
f 202 201 5044
f 240 256 254
f 4022 249 248
f 4037 250 249
f 4035 250 4037
f 4020 4037 249
f 4035 245 250
f 246 4000 247
f 247 4001 242
f 4004 244 4002
f 217 216 218
f 215 216 217
f 215 3992 200
f 4004 3990 4003
f 4004 3999 3990
f 3991 3987 3992
f 953 952 3993
f 952 953 951
f 951 953 954
f 883 952 951
f 3989 892 891
f 3988 882 881
f 3991 3988 3987
f 8698 8703 3987
f 8697 8702 8698
f 8697 5639 8704
f 5638 5639 5640
f 3989 891 5641
f 891 892 893
f 893 883 895
f 895 883 956
f 5640 894 896
f 5681 896 898
f 898 899 900
f 900 899 901
f 899 958 901
f 901 958 959
f 958 948 959
f 958 950 948
f 957 950 958
f 950 515 948
f 948 515 517
f 515 516 517
f 515 510 516
f 508 510 515
f 508 509 510
f 509 508 950
f 949 509 950
f 516 521 517
f 516 520 521
f 520 948 521
f 520 884 948
f 948 517 521
f 950 508 515
f 959 948 884
f 899 957 958
f 895 956 897
f 957 949 950
f 883 951 956
f 513 951 514
f 949 511 509
f 512 513 514
f 510 509 511
f 590 510 568
f 570 590 568
f 570 568 500
f 499 570 500
f 499 500 501
f 501 502 499
f 499 502 503
f 502 4040 503
f 503 4040 4041
f 503 4041 504
f 4041 498 504
f 498 569 504
f 504 569 499
f 497 569 498
f 497 491 569
f 496 497 498
f 496 492 497
f 499 503 504
f 501 4039 502
f 500 568 567
f 500 567 501
f 4042 4032 4043
f 3994 3997 4042
f 3994 506 3995
f 507 566 505
f 505 512 514
f 951 954 514
f 954 953 3996
f 3995 506 955
f 3999 3996 3990
f 3998 3994 3995
f 4002 3999 4004
f 242 4001 4002
f 3997 3994 3998
f 247 4000 4001
f 4042 3997 4032
f 4000 246 4033
f 4043 4032 4034
f 4033 245 4035
f 4036 4035 4037
f 4043 4034 4038
f 501 4038 4039
f 4036 4037 4019
f 502 4039 4040
f 4019 4037 4020
f 4020 249 4022
f 4023 4022 4024
f 4023 4024 4025
f 4040 4021 4041
f 4041 496 498
f 495 492 496
f 495 493 492
f 494 493 495
f 494 169 493
f 170 169 494
f 4044 170 494
f 4044 494 4046
f 155 170 4044
f 4044 4045 155
f 4044 4029 4045
f 155 169 170
f 168 493 169
f 168 492 493
f 4046 494 495
f 4047 4023 4025
f 4046 4027 4044
f 4025 4024 4026
f 4026 253 4028
f 4044 4027 4029
f 4028 253 255
f 253 254 255
f 256 257 254
f 4030 258 4031
f 4018 4030 4031
f 4045 4029 4018
f 2900 2899 160
f 159 160 161
f 182 157 159
f 4045 158 156
f 4045 156 155
f 155 168 169
f 143 166 157
f 167 492 168
f 492 491 497
f 142 166 143
f 2820 181 180
f 2819 2839 2820
f 178 179 143
f 178 183 184
f 184 186 2817
f 2817 2834 2836
f 2840 2836 2841
f 2819 2818 2839
f 2837 2840 2841
f 2820 2839 2838
f 2837 2841 2855
f 2851 2822 2821
f 2854 2850 2851
f 2855 2841 2842
f 2842 2833 2843
f 2853 2850 2854
f 2843 2831 2844
f 2852 2849 2853
f 2852 2846 2812
f 2846 2847 2811
f 2844 2831 2845
f 2830 2861 2831
f 2863 2862 2864
f 2859 2860 2861
f 2862 2856 2864
f 2780 2781 2782
f 2780 2779 2781
f 659 2788 2789
f 651 2786 660
f 660 652 651
f 650 651 652
f 2787 2783 2785
f 651 650 2786
f 2783 2810 2784
f 650 652 656
f 2864 2856 2810
f 2863 2864 2865
f 2847 2865 2867
f 2848 2867 604
f 604 674 675
f 672 2990 674
f 2866 656 673
f 652 671 656
f 659 652 660
f 659 2789 629
f 658 657 3074
f 657 631 3075
f 2736 631 630
f 630 2735 2736
f 2735 2806 2728
f 2805 2762 2806
f 629 2789 2790
f 2788 2803 2789
f 2805 2804 2762
f 2803 2781 2779
f 2778 2779 2780
f 2857 2773 2778
f 2860 2858 2857
f 2775 2774 2776
f 2827 2858 2860
f 2827 2771 2769
f 2768 2776 2777
f 2770 2769 2771
f 2770 2791 2792
f 2791 2727 2792
f 2775 2776 2768
f 2804 2775 2762
f 2731 2729 2762
f 2792 2732 2793
f 2792 2727 2732
f 2791 2725 2727
f 2723 2724 2725
f 2755 2724 2753
f 2753 2754 2755
f 2753 2752 2754
f 2752 2749 2754
f 2754 2750 2755
f 2730 2731 2726
f 2759 2733 2730
f 2759 2746 2743
f 2755 2745 2760
f 2746 2708 2709
f 2755 2750 2745
f 2711 2748 2712
f 2754 2749 2750
f 2134 2712 2127
f 2752 2128 2749
f 2127 2129 2134
f 2140 2129 2131
f 2140 2131 2141
f 2141 2131 2142
f 2179 2141 2142
f 2179 2177 2141
f 2176 2177 2179
f 2176 2179 2921
f 2921 2179 2920
f 2921 2174 2176
f 2174 2175 2176
f 2175 2178 2176
f 2919 2179 2142
f 2131 125 2142
f 2142 125 124
f 2131 2126 125
f 2130 2128 2752
f 2751 2752 2753
f 2125 125 2126
f 2751 2722 2715
f 2715 2719 2713
f 2713 2719 2761
f 2716 2714 2801
f 137 2716 2801
f 137 2801 2800
f 2761 2795 2796
f 2764 2796 2797
f 2800 2801 2802
f 2799 2764 2798
f 2814 2798 2807
f 2813 2814 191
f 190 192 2813
f 2766 140 2767
f 189 192 190
f 189 133 135
f 2767 140 138
f 133 134 135
f 133 132 134
f 131 132 133
f 2800 138 137
f 136 2716 137
f 2125 136 125
f 132 127 134
f 131 129 132
f 193 131 133
f 195 196 193
f 150 196 163
f 150 153 147
f 128 130 144
f 121 123 128
f 121 122 123
f 123 122 2881
f 2881 2882 123
f 2881 122 2884
f 2908 2881 2884
f 2908 2884 2907
f 2907 2893 2908
f 2908 2893 2894
f 2880 2881 2908
f 2884 122 146
f 147 154 145
f 2886 145 154
f 2884 146 2885
f 2906 2886 2905
f 2907 2884 2885
f 2907 2892 2893
f 2892 277 2893
f 2893 277 276
f 2892 271 277
f 271 275 277
f 270 275 271
f 2890 269 272
f 2889 269 2890
f 2905 2891 2906
f 2905 2886 2910
f 2910 152 2911
f 2903 2911 2912
f 2904 2889 2890
f 2902 2888 2903
f 2889 267 269
f 2887 265 2888
f 2895 2887 2901
f 197 2895 2896
f 199 262 263
f 261 262 199
f 257 198 197
f 256 198 257
f 238 256 240
f 239 238 240
f 237 238 239
f 237 236 238
f 235 236 237
f 235 234 236
f 233 234 235
f 233 232 234
f 231 232 233
f 233 5053 231
f 231 5053 5054
f 5053 5083 5054
f 231 5054 229
f 229 5054 5055
f 5054 5084 5055
f 229 5055 227
f 227 228 229
f 227 226 228
f 225 226 227
f 225 224 226
f 223 224 225
f 225 5057 223
f 223 5057 5058
f 5057 5087 5058
f 223 5058 221
f 221 5058 219
f 219 220 221
f 219 213 220
f 214 213 219
f 219 5059 214
f 212 213 214
f 212 210 213
f 210 297 213
f 213 297 298
f 213 298 220
f 221 220 222
f 220 299 222
f 219 5058 5059
f 5058 5088 5059
f 221 222 223
f 225 5056 5057
f 5056 5086 5057
f 5056 5085 5086
f 5055 5085 5056
f 223 222 224
f 222 300 224
f 224 300 301
f 224 301 226
f 226 301 302
f 227 5056 225
f 227 5055 5056
f 229 230 231
f 233 5052 5053
f 5052 5082 5053
f 5052 5081 5082
f 5051 5081 5052
f 235 5051 5052
f 231 230 232
f 232 305 234
f 234 305 306
f 232 304 305
f 235 5052 233
f 237 5051 235
f 237 5050 5051
f 234 306 236
f 307 261 199
f 305 259 306
f 261 260 262
f 260 264 266
f 267 264 268
f 305 317 259
f 270 271 268
f 316 325 270
f 325 279 270
f 325 281 279
f 324 281 325
f 324 283 281
f 282 281 283
f 282 283 284
f 284 283 285
f 284 285 286
f 286 285 287
f 286 287 288
f 322 287 285
f 321 287 322
f 321 289 287
f 320 289 321
f 284 286 2048
f 2048 286 2061
f 323 285 283
f 282 284 2047
f 280 281 282
f 315 325 316
f 304 317 305
f 230 304 232
f 229 228 230
f 226 302 228
f 303 315 316
f 301 314 302
f 315 324 325
f 323 283 324
f 301 313 314
f 322 285 323
f 312 321 322
f 300 313 301
f 222 299 300
f 311 321 312
f 220 298 299
f 311 320 321
f 319 291 320
f 309 318 319
f 297 310 298
f 210 296 297
f 2114 2121 295
f 208 4015 2116
f 206 207 208
f 203 204 205
f 209 5061 206
f 205 296 210
f 211 210 212
f 214 5059 212
f 209 5060 5061
f 5061 4981 206
f 4981 6818 6819
f 4979 4978 6817
f 5069 6816 6817
f 5069 4984 6816
f 6816 4984 4983
f 4982 4983 4984
f 5068 4984 5069
f 6816 6833 6834
f 6834 6559 6830
f 6830 6559 6558
f 6558 6559 6560
f 6661 6558 6560
f 6660 6558 6661
f 6565 6660 6661
f 6565 6661 6566
f 6414 6565 6566
f 6414 6566 6413
f 6413 6566 6567
f 6566 6662 6567
f 6567 6662 6663
f 6662 6651 6663
f 6662 6560 6651
f 6415 6565 6414
f 6414 6315 6415
f 6566 6661 6662
f 6661 6560 6662
f 6559 6649 6560
f 6834 6649 6559
f 6843 6846 6847
f 6843 6847 6844
f 6847 6831 6848
f 6830 6558 6660
f 6564 6660 6565
f 6415 6564 6565
f 6415 6315 6841
f 6848 6831 6832
f 6844 6847 6848
f 6822 6845 6824
f 6823 6822 6824
f 6823 6824 6825
f 6825 6824 6826
f 6825 6826 6827
f 6827 8715 6825
f 6827 8710 8715
f 6829 8710 6827
f 6827 6828 6829
f 6825 8715 8711
f 8715 4010 8711
f 8711 4010 4009
f 8711 4009 4008
f 4008 4009 4007
f 4007 4009 4010
f 4007 4010 4005
f 8715 4005 4010
f 6825 8711 6823
f 6823 8711 8712
f 6823 8712 6821
f 6824 6845 6835
f 6820 6843 6844
f 6821 6822 6823
f 6819 6818 6820
f 6819 8714 5090
f 8714 4016 4017
f 4013 4014 4016
f 6821 8712 8713
f 8711 4008 8712
f 4012 4014 4013
f 2111 4012 2110
f 2108 2109 2110
f 4007 4011 4008
f 2107 2106 2108
f 2104 2096 2106
f 2104 2094 2096
f 2105 2924 2103
f 2930 2924 2950
f 2094 2925 2926
f 2095 2926 2927
f 2095 2927 2091
f 2091 2092 2093
f 2092 2102 2093
f 2928 2937 2929
f 2938 2923 2937
f 2937 2948 2938
f 2092 2922 2102
f 2938 1697 2923
f 1696 1697 2938
f 1696 1648 1697
f 1696 1649 1648
f 1648 1649 1650
f 1650 1713 1648
f 1650 1712 1713
f 1652 1712 1650
f 1652 1711 1712
f 1892 1712 1711
f 1850 1712 1892
f 1892 1711 1893
f 1711 1710 1893
f 1893 1710 1839
f 1709 1839 1710
f 1893 1839 1896
f 1896 1839 1841
f 1896 1841 1902
f 1902 1841 1955
f 1901 1896 1902
f 1903 1901 1902
f 1903 1902 1904
f 1902 1961 1904
f 1903 1904 1905
f 1905 1904 1906
f 1905 1906 1907
f 1910 1905 1907
f 1907 1921 1910
f 1910 1921 1868
f 1910 1868 1865
f 1910 1865 1909
f 1909 1865 1862
f 1864 1862 1865
f 1864 1865 1866
f 1865 1867 1866
f 1867 1982 1866
f 1866 1982 1983
f 2020 1983 1982
f 2020 1982 1964
f 1964 1963 2020
f 1963 1964 1965
f 1964 1981 1965
f 1965 1981 1980
f 1965 1980 2080
f 2080 1980 1979
f 1871 1979 1980
f 1871 1980 1869
f 1869 1870 1871
f 1920 1871 1870
f 1870 1922 1920
f 1920 1922 1923
f 1922 1932 1923
f 1920 1923 1919
f 1919 1923 1924
f 1923 1933 1924
f 1924 1933 1934
f 1924 1934 1925
f 1925 1934 1935
f 1925 1935 1926
f 1926 1935 1936
f 1926 1936 1927
f 1914 1926 1927
f 1914 1927 1913
f 1913 1927 1928
f 1927 1937 1928
f 1928 1937 1938
f 1928 1938 1929
f 1929 1938 1939
f 1938 1960 1939
f 1938 1959 1960
f 1959 1949 1960
f 1960 1949 684
f 1949 682 684
f 1949 1940 682
f 1948 1940 1949
f 1948 1941 1940
f 1960 684 685
f 1959 1948 1949
f 1958 1948 1959
f 1958 1947 1948
f 1937 1958 1959
f 1936 1958 1937
f 1936 1957 1958
f 1882 1928 1929
f 1882 1929 1880
f 1880 1929 1930
f 1880 1881 1882
f 1880 1879 1881
f 1878 1879 1880
f 1971 1879 1878
f 1971 1878 1883
f 371 1971 1883
f 371 1970 1971
f 370 1970 371
f 370 371 372
f 372 364 370
f 372 365 364
f 363 364 365
f 364 363 1966
f 1970 364 1966
f 363 382 1966
f 1966 382 2090
f 1966 2090 2076
f 1971 1966 2076
f 1971 2076 1974
f 1974 1881 1971
f 1973 1881 1974
f 1973 1877 1881
f 1972 1877 1973
f 1973 2078 1972
f 1972 2078 2079
f 2078 2087 2079
f 2079 2087 2086
f 2079 2086 2083
f 2083 1976 2079
f 2079 1976 1975
f 1874 1975 1976
f 1874 1976 1872
f 1872 1976 1977
f 1872 1977 1916
f 1916 1977 1978
f 1916 1978 1918
f 1918 1978 1979
f 2081 1979 1978
f 2081 1978 2082
f 2082 2084 2081
f 2082 2085 2084
f 2083 2085 2082
f 2082 1977 2083
f 2060 2084 2085
f 2060 2085 2058
f 2058 2085 2086
f 2058 2086 2056
f 2056 2057 2058
f 2058 2057 2059
f 2013 2059 2057
f 2013 2057 2073
f 2073 2057 2055
f 2073 2055 2074
f 2074 2055 2053
f 2074 2053 2075
f 2706 2074 2075
f 2706 2694 2074
f 2705 2694 2706
f 2706 2687 2705
f 2705 2687 2684
f 2705 2684 2704
f 2704 2684 2682
f 2683 2682 2684
f 2681 2682 2683
f 2683 3901 2681
f 2683 3900 3901
f 3934 3901 3900
f 3904 3901 3934
f 3948 3904 3934
f 3907 3904 3948
f 3945 3907 3948
f 3946 3907 3945
f 3946 3905 3907
f 3947 3905 3946
f 3946 3911 3947
f 3947 3911 4555
f 4558 3947 4555
f 4558 4555 4554
f 4555 4410 4554
f 4410 4553 4554
f 4569 4554 4553
f 4569 4566 4554
f 4554 4566 4535
f 4535 4566 3523
f 3523 4566 4568
f 3523 4568 3123
f 4554 4535 4558
f 4558 4535 4557
f 4535 4556 4557
f 4535 4563 4556
f 4563 4560 4556
f 4560 3902 4556
f 4560 3903 3902
f 1823 3903 4560
f 1823 4560 1824
f 1823 1824 1825
f 1825 1833 1823
f 1823 1833 1834
f 1833 2670 1834
f 1834 2670 2669
f 2668 2669 2670
f 2668 2670 2703
f 2703 2675 2668
f 2678 2675 2703
f 2699 2678 2703
f 2698 2678 2699
f 2698 2679 2678
f 2697 2679 2698
f 2698 2231 2697
f 2697 2231 2230
f 2697 2230 2525
f 2228 2697 2525
f 2228 2672 2697
f 2227 2672 2228
f 2227 2627 2672
f 2227 2226 2627
f 2627 2226 2224
f 2225 2224 2226
f 2223 2224 2225
f 2533 2223 2225
f 2533 2225 2534
f 2205 2533 2534
f 2205 2534 2536
f 2540 2205 2536
f 2539 2205 2540
f 2539 2206 2205
f 2538 2206 2539
f 2538 2207 2206
f 2222 2207 2538
f 2222 2532 2207
f 2207 2532 2533
f 2221 2532 2222
f 2693 2532 2221
f 2693 2221 2220
f 2693 2220 2325
f 2693 2325 2073
f 2693 2073 2694
f 2073 2325 2326
f 2325 2324 2326
f 2580 2326 2324
f 2324 2204 2580
f 2580 2204 2203
f 2580 2203 2581
f 2581 2203 2577
f 2577 2203 2578
f 2578 2203 2202
f 2578 2202 2552
f 2559 2578 2552
f 2559 2552 2561
f 2561 2552 2553
f 2552 2548 2553
f 2553 2548 2547
f 2553 2547 2554
f 2554 2547 2545
f 2546 2545 2547
f 2544 2545 2546
f 2546 2213 2544
f 2544 2213 2212
f 2211 2212 2213
f 2530 2212 2211
f 2530 2211 2531
f 2523 2530 2531
f 2522 2530 2523
f 2522 2529 2530
f 2521 2529 2522
f 2521 2528 2529
f 2528 2208 2529
f 2529 2208 2212
f 2528 2209 2208
f 2208 2209 2210
f 2208 2210 2544
f 2556 2210 2209
f 2556 2209 2557
f 2201 2556 2557
f 2200 2556 2201
f 2200 2555 2556
f 2565 2555 2200
f 2549 2565 2200
f 2549 2562 2565
f 2551 2562 2549
f 2549 2550 2551
f 2569 2551 2550
f 2569 2550 2570
f 2570 2550 2199
f 2570 2199 2571
f 2575 2570 2571
f 2575 2571 2576
f 2576 2571 2572
f 2307 2576 2572
f 2307 2572 2526
f 2518 2307 2526
f 2518 2526 2519
f 2234 2518 2519
f 2234 2519 2310
f 2309 2234 2310
f 2309 2310 2311
f 2311 2955 2309
f 2955 2235 2309
f 2955 2233 2235
f 2233 2234 2235
f 2516 2233 2955
f 2516 2955 2308
f 2308 2955 2956
f 2954 2956 2955
f 3474 2956 2954
f 3473 2956 3474
f 3388 3473 3474
f 3385 3473 3388
f 3385 3472 3473
f 3472 2958 3473
f 3472 2960 2958
f 3471 2960 3472
f 3382 3471 3472
f 3375 3471 3382
f 3375 3470 3471
f 3470 2962 3471
f 3471 2962 2960
f 2960 2962 2961
f 2292 2960 2961
f 2959 2960 2292
f 2292 2294 2959
f 2959 2294 2296
f 2959 2296 2958
f 2958 2296 2238
f 2958 2238 2237
f 2236 2237 2238
f 2237 2236 2298
f 2298 2236 2299
f 2236 2573 2299
f 2299 2573 2574
f 2299 2574 2301
f 2300 2299 2301
f 2300 2301 2302
f 2300 2302 2957
f 2957 2302 2303
f 2957 2303 2956
f 2956 2303 2305
f 2303 2304 2305
f 2305 2304 2306
f 2306 2304 2307
f 2306 2307 2308
f 2517 2308 2307
f 2303 2301 2304
f 2301 2575 2304
f 2956 2305 2306
f 2956 2958 2957
f 2957 2298 2300
f 2302 2301 2303
f 2301 2574 2575
f 2573 2569 2574
f 2573 2568 2569
f 2198 2568 2573
f 2198 2567 2568
f 2196 2567 2198
f 2196 2566 2567
f 2566 2563 2567
f 2566 2607 2563
f 2563 2607 2608
f 2563 2608 2558
f 2558 2608 2609
f 2558 2609 2559
f 2558 2559 2560
f 2564 2558 2560
f 2564 2560 2551
f 2568 2564 2551
f 2608 2577 2609
f 2608 2614 2577
f 2625 2577 2614
f 2625 2614 2624
f 2624 2583 2625
f 2583 2581 2625
f 2583 2600 2581
f 2582 2600 2583
f 2582 2598 2600
f 2598 2599 2600
f 2598 2597 2599
f 2596 2597 2598
f 2596 2595 2597
f 2594 2595 2596
f 2594 2329 2595
f 2595 2329 2217
f 2328 2217 2329
f 2328 2218 2217
f 2217 2218 2219
f 2597 2217 2219
f 2597 2219 2602
f 2601 2597 2602
f 2602 2014 2601
f 2601 2014 2013
f 2601 2013 2579
f 2579 2013 2326
f 2579 2599 2601
f 2013 2014 2015
f 2015 2014 2016
f 2016 2017 2015
f 2219 2017 2016
f 2219 2016 2014
f 2602 2219 2014
f 2332 2328 2329
f 2331 2328 2332
f 2331 2327 2328
f 2330 2327 2331
f 2331 2334 2330
f 2330 2334 2336
f 2331 2353 2334
f 2332 2353 2331
f 2332 2340 2353
f 2332 2329 2333
f 2594 2333 2329
f 2631 2333 2594
f 2593 2631 2594
f 2593 2594 2592
f 2592 2588 2593
f 2593 2588 2586
f 2587 2586 2588
f 2587 2588 2589
f 2620 2587 2589
f 2618 2587 2620
f 2618 2585 2587
f 2616 2585 2618
f 2617 2616 2618
f 2617 2618 2619
f 2619 2610 2617
f 2619 2611 2610
f 2621 2611 2619
f 2621 2612 2611
f 2623 2612 2621
f 2621 2622 2623
f 2621 2620 2622
f 2623 2622 2584
f 2622 2590 2584
f 2584 2590 2591
f 2591 2590 2592
f 2592 2596 2591
f 2584 2591 2582
f 2622 2589 2590
f 2623 2584 2624
f 2624 2613 2623
f 2623 2613 2612
f 2606 2612 2613
f 2606 2613 2607
f 2607 2613 2614
f 2605 2612 2606
f 2195 2605 2606
f 2197 2605 2195
f 2195 2196 2197
f 2197 2604 2605
f 2603 2604 2197
f 2603 2610 2604
f 2295 2603 2197
f 2293 2603 2295
f 2293 2626 2603
f 2291 2626 2293
f 2292 2291 2293
f 2290 2291 2292
f 2290 2648 2291
f 2291 2648 2650
f 2648 2649 2650
f 2648 2647 2649
f 2399 2649 2647
f 2399 2647 2289
f 2289 2647 2646
f 2289 2646 2290
f 2287 2289 2290
f 2287 2288 2289
f 2401 2289 2288
f 2290 2962 2287
f 2962 2963 2287
f 2962 2965 2963
f 2400 2399 2289
f 2347 2649 2399
f 2347 2651 2649
f 2349 2651 2347
f 2349 2654 2651
f 2350 2654 2349
f 2350 2655 2654
f 2370 2655 2350
f 2370 2338 2655
f 2365 2338 2370
f 2644 2655 2338
f 2643 2655 2644
f 2370 2350 2369
f 2643 2654 2655
f 2642 2654 2643
f 2349 2348 2350
f 2646 2647 2648
f 2290 2646 2648
f 2615 2603 2626
f 2615 2626 2628
f 2615 2628 2616
f 2616 2628 2629
f 2628 2632 2629
f 2629 2632 2633
f 2629 2633 2630
f 2585 2629 2630
f 2585 2630 2586
f 2586 2630 2631
f 2630 2634 2631
f 2617 2603 2615
f 2294 2293 2295
f 2295 2197 2297
f 2238 2295 2297
f 2297 2197 2198
f 2297 2198 2236
f 2604 2611 2605
f 2195 2606 2566
f 2605 2611 2612
f 2619 2620 2621
f 2604 2610 2611
f 2617 2610 2603
f 2615 2616 2617
f 2616 2629 2585
f 2619 2618 2620
f 2620 2589 2622
f 2589 2588 2590
f 2585 2586 2587
f 2592 2590 2588
f 2586 2631 2593
f 2592 2594 2596
f 2595 2217 2597
f 2591 2596 2598
f 2601 2599 2597
f 2579 2600 2599
f 2591 2598 2582
f 2582 2583 2584
f 2581 2600 2579
f 2624 2584 2583
f 2624 2614 2613
f 2563 2558 2564
f 2607 2614 2608
f 2566 2606 2607
f 2567 2563 2564
f 2195 2566 2196
f 2197 2196 2198
f 2567 2564 2568
f 2236 2198 2573
f 2298 2299 2300
f 2957 2237 2298
f 2238 2297 2236
f 2958 2237 2957
f 2296 2295 2238
f 2294 2295 2296
f 2292 2293 2294
f 2292 2961 2290
f 2290 2961 2962
f 2958 2960 2959
f 3382 3472 3385
f 3388 3474 3406
f 3406 3474 3475
f 3406 3475 3404
f 3404 3405 3406
f 3399 3405 3404
f 3401 3405 3399
f 3401 3407 3405
f 3403 3407 3401
f 3403 3408 3407
f 3388 3407 3408
f 3388 3408 3389
f 3501 3389 3408
f 3500 3389 3501
f 3500 3390 3389
f 3499 3390 3500
f 3499 3386 3390
f 3498 3386 3499
f 3498 3387 3386
f 3382 3386 3387
f 3382 3387 3383
f 3497 3383 3387
f 3496 3383 3497
f 3496 3384 3383
f 3495 3384 3496
f 3495 3376 3384
f 3375 3384 3376
f 3419 3495 3496
f 3419 3496 3421
f 3420 3419 3421
f 3418 3419 3420
f 3438 3418 3420
f 3438 3420 3439
f 3439 3420 3422
f 3439 3422 3440
f 3440 3455 3439
f 3440 3454 3455
f 3441 3454 3440
f 3441 3453 3454
f 3442 3453 3441
f 3442 3452 3453
f 3443 3452 3442
f 3442 3428 3443
f 3443 3428 3430
f 3443 3430 3444
f 3444 3430 3432
f 3430 3431 3432
f 3430 3429 3431
f 3429 3501 3431
f 3431 3501 3403
f 3431 3403 3412
f 3412 3403 3402
f 3412 3402 3409
f 3412 3409 3413
f 3413 3432 3412
f 3413 3434 3432
f 3414 3434 3413
f 3413 3410 3414
f 3414 3410 3411
f 3414 3411 3415
f 3411 3541 3415
f 3415 3541 3542
f 3542 3541 4547
f 4546 3542 4547
f 4545 3542 4546
f 4576 4545 4546
f 4544 4545 4576
f 4576 4542 4544
f 4576 4543 4542
f 3534 4542 4543
f 4541 4543 4576
f 4542 3538 4544
f 4542 3539 3538
f 4544 3538 4545
f 3538 3537 4545
f 3537 3538 3447
f 3447 3415 3537
f 3415 3447 3433
f 4545 3537 3542
f 4576 4546 4547
f 4547 4548 4576
f 4576 4548 4549
f 4548 3540 4549
f 3540 3544 4549
f 3157 3544 3540
f 3157 3543 3544
f 3159 3543 3157
f 3157 3158 3159
f 3159 3158 3156
f 3159 3156 3160
f 3160 3546 3159
f 3159 3546 3547
f 4551 3547 3546
f 3543 3547 4551
f 4550 3543 4551
f 4549 3543 4550
f 4550 4551 4576
f 4576 4551 4552
f 4576 4552 1827
f 1827 1829 4576
f 1827 1828 1829
f 1827 1826 1828
f 4559 1828 1826
f 4559 1826 1824
f 1824 4561 4559
f 4561 4562 4559
f 4562 4561 4560
f 4559 4562 1828
f 1825 1826 1827
f 1827 3545 1825
f 1827 3546 3545
f 1825 3545 3160
f 3160 1830 1825
f 1825 1830 1820
f 1820 1832 1825
f 1820 1831 1832
f 1822 1831 1820
f 2671 1831 1822
f 2671 2701 1831
f 2700 2701 2671
f 2700 2702 2701
f 1832 2701 2702
f 1832 2702 1833
f 2703 2702 2700
f 2320 2700 2671
f 2671 1821 2320
f 2320 1821 2321
f 2319 2320 2321
f 2319 2321 2317
f 2953 2317 2321
f 2953 2316 2317
f 2316 2315 2317
f 2314 2315 2316
f 2314 2313 2315
f 2313 2507 2315
f 2313 2506 2507
f 2312 2506 2313
f 2312 2311 2506
f 2312 2954 2311
f 2312 2314 2954
f 2506 2310 2507
f 2507 2310 2513
f 2310 2520 2513
f 2513 2520 2521
f 2513 2521 2514
f 2508 2513 2514
f 2508 2514 2509
f 2509 2514 2515
f 2509 2515 2510
f 2322 2509 2510
f 2322 2510 2511
f 2511 2698 2322
f 2511 2512 2698
f 2511 2510 2512
f 2510 2232 2512
f 2512 2232 2231
f 2318 2509 2322
f 2322 2323 2318
f 2318 2323 2320
f 2323 2699 2320
f 2322 2699 2323
f 2510 2515 2232
f 2515 2523 2232
f 2232 2523 2524
f 2232 2524 2230
f 2514 2522 2515
f 2318 2508 2509
f 2315 2508 2318
f 2507 2513 2508
f 2315 2507 2508
f 2312 2313 2314
f 2954 2314 2316
f 2317 2315 2318
f 2954 2316 2953
f 2952 2954 2953
f 2952 3475 2954
f 3156 3475 2952
f 3156 2952 2951
f 2951 2952 1821
f 1820 2951 1821
f 1821 2952 2953
f 2317 2318 2319
f 2318 2320 2319
f 1821 2953 2321
f 2320 2699 2700
f 1822 1821 2671
f 1820 1821 1822
f 1831 2701 1832
f 1820 1830 2951
f 3160 2951 1830
f 1828 4562 1829
f 1829 4562 4563
f 4576 1829 4563
f 4552 3546 1827
f 4551 3546 4552
f 3160 3545 3546
f 3160 3156 2951
f 3158 3399 3156
f 3158 3400 3399
f 3409 3400 3158
f 3409 3158 3410
f 3410 3158 3157
f 3159 3547 3543
f 3157 3540 3411
f 4549 3544 3543
f 4576 4549 4550
f 4547 3540 4548
f 4547 3541 3540
f 3415 3542 3537
f 3411 3540 3541
f 3415 3433 3414
f 3410 3157 3411
f 3414 3433 3434
f 3446 3434 3433
f 3445 3432 3434
f 3413 3409 3410
f 3409 3402 3400
f 3401 3400 3402
f 3412 3432 3431
f 3428 3429 3430
f 3428 3427 3429
f 3427 3500 3429
f 3426 3427 3428
f 3426 3425 3427
f 3425 3499 3427
f 3424 3425 3426
f 3441 3424 3426
f 3424 3423 3425
f 3423 3498 3425
f 3423 3497 3498
f 3421 3497 3423
f 3422 3421 3423
f 3422 3423 3424
f 3442 3426 3428
f 3441 3426 3442
f 3453 3297 3454
f 3440 3424 3441
f 3454 3278 3455
f 3455 3278 3277
f 3439 3455 3456
f 3440 3422 3424
f 3418 3417 3419
f 3416 3417 3418
f 3437 3416 3418
f 3420 3421 3422
f 3417 3495 3419
f 3417 3381 3495
f 3375 3383 3384
f 3421 3496 3497
f 3497 3387 3498
f 3425 3498 3499
f 3385 3390 3386
f 3427 3499 3500
f 3385 3389 3390
f 3429 3500 3501
f 3501 3408 3403
f 3401 3402 3403
f 3399 3400 3401
f 3399 3404 3156
f 3406 3405 3407
f 3156 3404 3475
f 3473 2958 2956
f 3474 2954 3475
f 2308 2956 2306
f 2516 2308 2517
f 2516 2517 2233
f 2233 2517 2518
f 2311 2954 2955
f 2506 2311 2310
f 2235 2234 2309
f 2310 2519 2520
f 2519 2527 2520
f 2520 2527 2528
f 2233 2518 2234
f 2519 2526 2527
f 2526 2557 2527
f 2517 2307 2518
f 2526 2572 2557
f 2304 2576 2307
f 2571 2201 2572
f 2304 2575 2576
f 2574 2570 2575
f 2571 2199 2201
f 2574 2569 2570
f 2568 2551 2569
f 2549 2199 2550
f 2551 2560 2562
f 2560 2561 2562
f 2562 2554 2565
f 2200 2199 2549
f 2565 2554 2555
f 2199 2200 2201
f 2201 2557 2572
f 2527 2557 2209
f 2555 2210 2556
f 2555 2545 2210
f 2527 2209 2528
f 2520 2528 2521
f 2514 2521 2522
f 2515 2522 2523
f 2523 2531 2524
f 2524 2531 2229
f 2524 2229 2525
f 2531 2537 2229
f 2229 2537 2535
f 2536 2535 2537
f 2541 2536 2537
f 2541 2537 2211
f 2229 2535 2227
f 2531 2211 2537
f 2529 2212 2530
f 2211 2213 2541
f 2541 2213 2542
f 2541 2542 2540
f 2540 2542 2543
f 2548 2543 2542
f 2548 2542 2546
f 2544 2212 2208
f 2546 2542 2213
f 2544 2210 2545
f 2554 2545 2555
f 2562 2553 2554
f 2546 2547 2548
f 2552 2543 2548
f 2561 2553 2562
f 2560 2559 2561
f 2609 2578 2559
f 2552 2202 2543
f 2539 2543 2202
f 2609 2577 2578
f 2581 2577 2625
f 2579 2580 2581
f 2202 2203 2204
f 2538 2202 2204
f 2324 2222 2204
f 2220 2222 2324
f 2579 2326 2580
f 2324 2325 2220
f 2694 2532 2693
f 2223 2532 2694
f 2694 2695 2223
f 2223 2695 2696
f 2704 2696 2695
f 2672 2696 2704
f 2672 2224 2696
f 2220 2221 2222
f 2538 2204 2222
f 2539 2202 2538
f 2205 2206 2207
f 2540 2543 2539
f 2540 2536 2541
f 2536 2534 2535
f 2534 2226 2535
f 2207 2533 2205
f 2532 2223 2533
f 2223 2696 2224
f 2534 2225 2226
f 2227 2535 2226
f 2627 2224 2672
f 2227 2228 2229
f 2672 2680 2697
f 2672 2682 2680
f 2525 2229 2228
f 2230 2524 2525
f 2230 2231 2232
f 2698 2512 2231
f 2697 2680 2679
f 2676 2679 2680
f 2676 2680 2681
f 2678 2679 2676
f 2676 2677 2678
f 3901 2677 2676
f 2673 2677 3901
f 2674 2673 3901
f 2673 2674 2675
f 2675 2674 3903
f 3903 2674 3904
f 2677 2673 2678
f 2322 2698 2699
f 2699 2703 2700
f 2678 2673 2675
f 2668 2675 1823
f 2703 2670 2702
f 2668 1823 2669
f 2669 1823 1835
f 1834 2669 1835
f 1833 2702 2670
f 1823 1834 1835
f 1825 1832 1833
f 1825 1824 1826
f 1824 4560 4561
f 1823 2675 3903
f 3902 3903 3904
f 4556 3902 3906
f 3906 3902 3907
f 4556 3906 3905
f 4563 4562 4560
f 4576 4563 4535
f 4576 4535 4536
f 4556 3905 4557
f 4557 3947 4558
f 3911 4410 4555
f 3911 4411 4410
f 3909 4411 3911
f 3910 3909 3911
f 3908 3909 3910
f 3910 3943 3908
f 3910 3940 3943
f 3942 3940 3910
f 3942 3938 3940
f 3941 3938 3942
f 3941 3955 3938
f 3938 3955 3956
f 3955 3897 3956
f 3956 3897 3896
f 3895 3896 3897
f 3895 3897 3912
f 3912 3897 3914
f 3912 3914 3915
f 3985 3912 3915
f 3985 3915 3986
f 3986 3915 3982
f 3916 3982 3915
f 3916 3981 3982
f 3918 3981 3916
f 3918 3980 3981
f 3919 3980 3918
f 3918 3917 3919
f 3919 3917 3920
f 3919 3920 3921
f 3894 3921 3920
f 3894 3920 3953
f 3930 3894 3953
f 3930 3953 3933
f 3932 3930 3933
f 3932 3929 3930
f 3931 3929 3932
f 3932 3951 3931
f 3931 3951 3952
f 3951 3937 3952
f 3952 3937 383
f 3952 383 387
f 383 379 387
f 387 379 378
f 387 378 358
f 358 386 387
f 358 391 386
f 391 3925 386
f 3928 386 3925
f 3928 3925 3929
f 3929 3925 3923
f 3924 3923 3925
f 3922 3923 3924
f 3922 3892 3923
f 3923 3892 3894
f 3892 3893 3894
f 3892 3976 3893
f 3893 3976 3977
f 3893 3977 3921
f 3977 3978 3921
f 3978 3977 4383
f 3978 4383 3979
f 3979 4383 4388
f 3979 4388 3980
f 3980 4388 4389
f 3921 3978 3979
f 4383 3977 3976
f 4383 3976 4384
f 4384 3976 3975
f 4384 3975 4385
f 4385 3975 3974
f 4385 3974 4386
f 4386 3974 3973
f 3924 3973 3974
f 3972 3973 3924
f 3926 3972 3924
f 3926 3971 3972
f 390 3971 3926
f 390 3967 3971
f 3967 390 3968
f 3968 390 389
f 3968 389 3969
f 3969 389 388
f 3969 388 3970
f 3970 4378 3969
f 3970 4377 4378
f 3966 4377 3970
f 3966 4376 4377
f 3965 4376 3966
f 3965 4375 4376
f 3964 4375 3965
f 3964 4374 4375
f 3963 4374 3964
f 3963 3964 362
f 366 3963 362
f 366 3962 3963
f 3962 4374 3963
f 3962 4373 4374
f 3961 4373 3962
f 3961 4372 4373
f 362 3964 3965
f 362 3965 360
f 360 361 362
f 360 3965 3966
f 360 3966 388
f 358 360 388
f 3969 4378 4379
f 3970 388 3966
f 358 388 389
f 3969 4379 3968
f 4382 3968 4379
f 4381 3968 4382
f 389 390 358
f 4381 3967 3968
f 4380 3967 4381
f 4380 3971 3967
f 390 3926 391
f 4380 3972 3971
f 4387 3972 4380
f 4387 3973 3972
f 4386 3973 4387
f 3922 3974 3975
f 3892 3975 3976
f 3922 3975 3892
f 3924 3974 3922
f 3924 3925 3926
f 3927 386 3928
f 3927 3928 3931
f 391 3926 3925
f 358 390 391
f 3927 387 386
f 378 379 380
f 380 379 381
f 380 381 382
f 379 1967 381
f 1967 2090 381
f 1967 2089 2090
f 2052 2089 1967
f 1967 2051 2052
f 2052 2051 2053
f 2052 2053 2054
f 2054 2088 2052
f 2054 2087 2088
f 2056 2087 2054
f 2054 2055 2056
f 1967 1969 2051
f 2051 1969 2692
f 2692 2707 2051
f 2051 2707 2691
f 2691 2707 3898
f 3898 2689 2691
f 2689 2690 2691
f 2075 2691 2690
f 2689 2687 2690
f 2688 2687 2689
f 2686 2687 2688
f 3900 2686 2688
f 3900 2688 3898
f 3935 3900 3898
f 3935 3898 3936
f 3936 3898 3899
f 3898 1969 3899
f 3899 1969 1968
f 385 1968 1969
f 385 1969 392
f 385 392 383
f 383 384 385
f 384 1968 385
f 3899 1968 384
f 3937 3899 384
f 3936 3899 3937
f 3950 3935 3936
f 3950 3936 3951
f 3949 3935 3950
f 3949 3934 3935
f 3933 3949 3950
f 3944 3949 3933
f 3944 3948 3949
f 3933 3941 3944
f 3933 3954 3941
f 2685 2686 3900
f 2685 2684 2686
f 3898 2688 2689
f 2051 2691 2075
f 3898 2707 2692
f 3898 2692 1969
f 392 1969 1967
f 2052 2088 2089
f 2077 2089 2088
f 2077 2088 2078
f 2076 2089 2077
f 379 392 1967
f 383 392 379
f 3927 3952 387
f 3937 384 383
f 3951 3936 3937
f 3931 3952 3927
f 3932 3950 3951
f 3931 3928 3929
f 3929 3923 3930
f 3933 3950 3932
f 3933 3953 3954
f 3953 3917 3954
f 3954 3917 3914
f 3916 3914 3917
f 3954 3914 3955
f 3923 3894 3930
f 3893 3921 3894
f 3921 3979 3919
f 3953 3920 3917
f 3919 3979 3980
f 3980 4389 3981
f 3916 3917 3918
f 4389 3982 3981
f 4389 3986 3982
f 4391 3986 4389
f 4391 3985 3986
f 4390 3985 4391
f 4390 3984 3985
f 3983 3984 4390
f 4395 3983 4390
f 4394 3983 4395
f 4394 4393 3983
f 4393 4397 3983
f 4393 4396 4397
f 4392 4396 4393
f 3895 4397 4396
f 3895 4396 4408
f 3913 4397 3895
f 3983 4397 3913
f 4392 4393 4394
f 3983 3913 3984
f 3984 3913 3912
f 3984 3912 3985
f 3915 3914 3916
f 3912 3913 3895
f 3895 4408 3896
f 3896 4408 4409
f 3896 4409 3957
f 3957 4409 4413
f 3957 4413 3958
f 3940 3957 3958
f 3939 3957 3940
f 3939 3956 3957
f 3958 4413 3943
f 4411 3943 4413
f 3956 3896 3957
f 3955 3914 3897
f 3938 3956 3939
f 3941 3954 3955
f 3944 3941 3942
f 3944 3942 3945
f 3938 3939 3940
f 3945 3942 3910
f 3940 3958 3943
f 4411 3908 3943
f 3909 3908 4411
f 3946 3910 3911
f 4557 3905 3947
f 3905 3906 3907
f 3945 3910 3946
f 3945 3948 3944
f 3907 3902 3904
f 3948 3934 3949
f 3904 2674 3901
f 3934 3900 3935
f 2685 3900 2683
f 3901 2676 2681
f 2681 2680 2682
f 2683 2684 2685
f 2704 2682 2672
f 2704 2695 2705
f 2686 2684 2687
f 2706 2690 2687
f 2705 2695 2694
f 2075 2690 2706
f 2075 2053 2051
f 2054 2053 2055
f 2694 2073 2074
f 2073 2326 2013
f 2015 2059 2013
f 2056 2055 2057
f 2058 2059 2060
f 2081 2084 2072
f 2081 2072 2080
f 2080 2072 2071
f 1917 1916 1918
f 1917 1918 1919
f 1919 1918 1871
f 1915 1916 1917
f 1917 1925 1915
f 2082 1978 1977
f 1915 1872 1916
f 1914 1872 1915
f 1914 1873 1872
f 1872 1873 1874
f 1874 1873 1875
f 1913 1875 1873
f 1882 1875 1913
f 1882 1877 1875
f 1876 1875 1877
f 1874 1875 1876
f 1876 1975 1874
f 1972 1975 1876
f 2083 1977 1976
f 2083 2086 2085
f 2056 2086 2087
f 2078 2088 2087
f 2079 1975 1972
f 1973 2077 2078
f 1972 1876 1877
f 1974 2077 1973
f 1974 2076 2077
f 2076 2090 2089
f 381 2090 382
f 363 380 382
f 370 364 1970
f 1970 1966 1971
f 1883 689 371
f 1883 1880 689
f 1878 1880 1883
f 1881 1879 1971
f 1881 1877 1882
f 1937 1959 1938
f 1913 1928 1882
f 1913 1873 1914
f 1915 1926 1914
f 1927 1936 1937
f 1935 1957 1936
f 1915 1925 1926
f 1934 1954 1935
f 1934 1952 1954
f 1917 1924 1925
f 1919 1924 1917
f 1870 1921 1922
f 1921 1931 1922
f 1919 1871 1920
f 1869 1868 1870
f 1867 1868 1869
f 1918 1979 1871
f 2080 1979 2081
f 2080 2071 1965
f 1965 2071 2070
f 2045 2070 2071
f 1980 1981 1869
f 1869 1981 1982
f 1965 2070 1963
f 1963 2070 2069
f 1963 2069 2021
f 2021 2069 2068
f 2041 2068 2069
f 2040 2068 2041
f 2040 2067 2068
f 2034 2068 2067
f 2034 2067 2033
f 2033 2067 2066
f 2039 2066 2067
f 2033 2066 2031
f 2031 2066 2065
f 2031 2065 2029
f 2029 2030 2031
f 2029 2028 2030
f 2027 2028 2029
f 2027 2026 2028
f 2026 1987 2028
f 2026 1988 1987
f 2024 1988 2026
f 2025 2024 2026
f 2028 1987 1986
f 1858 1986 1987
f 1860 1986 1858
f 1860 1985 1986
f 1861 1985 1860
f 1861 1984 1985
f 1863 1984 1861
f 1861 1862 1863
f 1861 1859 1862
f 1908 1862 1859
f 1863 1983 1984
f 2022 1984 1983
f 2032 1984 2022
f 2033 2032 2022
f 1864 1983 1863
f 2032 1985 1984
f 2030 1985 2032
f 1860 1859 1861
f 2030 1986 1985
f 2028 1986 2030
f 2031 2030 2032
f 2031 2032 2033
f 2033 2022 2034
f 2034 2022 2021
f 2020 2021 2022
f 2021 2068 2034
f 2043 2069 2070
f 2020 1963 2021
f 1964 1982 1981
f 2022 1983 2020
f 1869 1982 1867
f 1866 1983 1864
f 1863 1862 1864
f 1909 1862 1908
f 1908 1903 1909
f 1865 1868 1867
f 1868 1921 1870
f 1907 1931 1921
f 1909 1905 1910
f 1906 1931 1907
f 1904 1962 1906
f 1909 1903 1905
f 1908 1901 1903
f 1908 1900 1901
f 1900 1895 1901
f 1900 1894 1895
f 1894 1892 1895
f 1912 1900 1908
f 1901 1895 1896
f 1839 1840 1841
f 1895 1893 1896
f 1654 1710 1711
f 1656 1710 1654
f 1654 1655 1656
f 1654 1653 1655
f 1693 1655 1653
f 1693 1653 1694
f 1694 1653 1651
f 1652 1651 1653
f 1692 1655 1693
f 1693 1638 1692
f 1692 1638 1640
f 1692 1640 1691
f 1638 1639 1640
f 1693 1636 1638
f 1636 1637 1638
f 1692 1657 1655
f 1652 1653 1654
f 1895 1892 1893
f 1654 1711 1652
f 1650 1651 1652
f 1850 1713 1712
f 1714 1713 1850
f 1648 1713 1714
f 1650 1649 1651
f 1695 1651 1649
f 1648 1714 1697
f 2093 2102 2101
f 2093 2101 2122
f 2119 2122 2123
f 2119 2123 2120
f 2114 2120 2121
f 295 2121 308
f 308 318 309
f 318 293 319
f 2117 2098 2097
f 1846 1855 1852
f 2097 2098 1844
f 1845 1897 1846
f 1846 1897 1898
f 2124 2099 2098
f 1897 1847 1898
f 2100 1851 2099
f 1847 1848 1849
f 1850 1851 1714
f 1894 1850 1892
f 1899 1894 1900
f 1898 1847 1849
f 1846 1898 1911
f 1911 1856 1846
f 1912 1899 1900
f 1908 1859 1912
f 1858 1859 1860
f 1858 1987 1853
f 1911 1857 1856
f 1846 1856 1855
f 1852 1855 1854
f 1853 1987 1988
f 2024 292 1988
f 1852 1854 294
f 1852 294 293
f 319 293 291
f 290 292 2024
f 320 291 289
f 288 287 289
f 2023 290 2024
f 288 2061 286
f 2050 2061 2062
f 2023 2024 2025
f 2025 2026 2027
f 2029 2064 2027
f 2029 2065 2064
f 2038 2065 2066
f 2038 2066 2039
f 2006 2007 2008
f 2039 2067 2040
f 2006 2005 2007
f 2005 2255 2469
f 2450 2255 2243
f 2004 2040 2041
f 2041 2069 2043
f 2243 2042 2044
f 2043 2070 2045
f 2012 2253 2044
f 2045 2071 2046
f 2046 2071 2072
f 2072 2084 2060
f 2015 2060 2059
f 2015 2017 2018
f 2218 2017 2219
f 2327 2218 2328
f 2330 2336 2327
f 2245 2247 2248
f 2245 2246 2247
f 2246 2352 2358
f 2351 2352 2346
f 2334 2335 2336
f 2342 2334 2353
f 2344 2343 2345
f 2341 2635 2343
f 2342 2353 2340
f 2341 2636 2635
f 2333 2340 2332
f 2631 2634 2333
f 2636 2638 2637
f 2630 2633 2634
f 2632 2653 2633
f 2628 2626 2632
f 2291 2650 2626
f 2650 2649 2651
f 2642 2651 2654
f 2642 2643 2640
f 2639 2652 2641
f 2637 2638 2639
f 2640 2643 2644
f 2635 2636 2637
f 2343 2635 2337
f 2644 2338 2645
f 2365 2339 2338
f 2343 2337 2345
f 2344 2345 2346
f 2364 2656 2339
f 2346 2376 2351
f 2376 2657 2398
f 2398 2657 2658
f 2398 2658 2397
f 2360 2658 2657
f 2359 2658 2360
f 2359 2659 2658
f 2375 2659 2359
f 2366 2375 2359
f 2366 2374 2375
f 2374 2431 2375
f 2359 2360 2361
f 2367 2359 2361
f 2362 2656 2364
f 2364 2339 2365
f 2369 2365 2370
f 2368 2361 2363
f 2369 2350 2348
f 2347 2348 2349
f 2367 2361 2368
f 2347 2399 2400
f 2366 2359 2367
f 2400 2289 2401
f 2373 2374 2366
f 2371 2420 2372
f 2371 2415 2420
f 2374 2425 2431
f 2432 2662 2661
f 2391 2661 2662
f 2391 2662 2389
f 2431 2660 2375
f 2393 2661 2391
f 2391 2392 2393
f 2391 2390 2392
f 2375 2660 2659
f 2397 2658 2659
f 2397 2396 2398
f 2393 2394 2395
f 2396 2379 2377
f 2393 2392 2394
f 2380 2379 2381
f 2354 2378 2380
f 2354 2355 2356
f 2355 2251 2357
f 2249 2382 2250
f 2250 2382 2384
f 2251 2011 2244
f 2010 2011 2012
f 2457 2253 2012
f 2457 2386 2463
f 2387 2463 2386
f 2250 2384 2252
f 2382 2383 2384
f 2390 2383 2392
f 2388 2386 2385
f 2389 2390 2391
f 2387 2386 2388
f 2438 2463 2387
f 2389 2662 2663
f 2434 2664 2663
f 2441 2664 2665
f 2435 2665 2664
f 2438 2439 2440
f 2442 2461 2440
f 2442 2460 2461
f 2454 2460 2453
f 2452 2449 2453
f 2446 2458 2459
f 2468 2452 2467
f 2467 2257 2468
f 2468 2257 2256
f 2256 2166 1999
f 2146 2166 2147
f 2146 2147 2148
f 2167 2000 2146
f 2185 2163 2184
f 2002 2000 2167
f 2001 2000 2002
f 2001 2036 2037
f 2035 2063 2036
f 1991 1992 1993
f 2050 2062 2035
f 2048 2061 2050
f 2047 284 2048
f 1989 282 2047
f 1996 2049 1991
f 1993 1994 1991
f 1993 2169 1994
f 2168 2145 2169
f 2144 2916 2145
f 2868 2916 2869
f 1997 1995 2915
f 1990 2868 2870
f 1990 2870 2879
f 2879 273 1990
f 1989 1997 1998
f 280 282 1989
f 280 279 281
f 270 279 275
f 278 1990 273
f 275 276 277
f 274 273 2879
f 2893 276 2894
f 2908 2894 2880
f 2879 2870 2872
f 2881 2880 2882
f 123 2882 2883
f 2871 2872 2873
f 2875 2871 2873
f 139 2883 126
f 124 125 126
f 2142 124 2919
f 2874 2871 2875
f 2919 2920 2179
f 2873 2918 2875
f 2921 2920 2174
f 2172 2918 2917
f 2174 2173 2175
f 2170 2171 2172
f 2184 2171 2185
f 2183 2175 2173
f 2184 2163 2160
f 2182 2175 2183
f 2182 2178 2175
f 2176 2178 2177
f 2177 2140 2141
f 2139 2129 2140
f 2139 2135 2129
f 2181 2151 2180
f 2262 2499 2494
f 2489 2262 2494
f 2137 2262 2263
f 2149 2153 2150
f 2139 2149 2138
f 2136 2137 2263
f 2138 2135 2139
f 2134 2129 2135
f 2134 2711 2712
f 2132 2136 2133
f 2711 2747 2748
f 2708 2747 2265
f 2263 2710 2136
f 2263 2262 2264
f 2488 2264 2262
f 2267 2265 2268
f 2478 2268 2482
f 2488 2262 2489
f 2479 2482 2483
f 2489 2494 2490
f 2484 2490 2491
f 2479 2483 2285
f 2283 2284 2285
f 2484 2491 2485
f 2969 2284 2283
f 2486 2485 2487
f 2968 2967 2969
f 2487 2474 2493
f 2471 2505 2406
f 2471 2406 2472
f 2470 2471 2472
f 2505 2407 2406
f 2405 2406 2407
f 2474 2498 2473
f 2497 2503 2498
f 2504 2407 2505
f 2405 2407 2408
f 2503 2410 2409
f 2414 2411 2410
f 2429 2423 2424
f 2424 2419 2242
f 2430 2424 2242
f 2418 2411 2261
f 2152 2156 2261
f 2151 2156 2152
f 2181 2154 2151
f 2242 2419 2155
f 2154 2158 2159
f 2157 2162 2158
f 2157 2161 2162
f 2160 2161 2157
f 2163 2164 2160
f 2259 2165 2260
f 2258 2465 2164
f 2466 2465 2464
f 2466 2458 2448
f 2260 2447 2259
f 2448 2458 2446
f 2444 2445 2446
f 2259 2447 2667
f 2444 2443 2445
f 2441 2665 2443
f 2437 2667 2666
f 2437 2430 2242
f 2429 2424 2430
f 2436 2665 2435
f 2428 2423 2429
f 2435 2664 2434
f 2433 2427 2434
f 2428 2422 2423
f 2426 2421 2427
f 2422 2416 2417
f 2420 2415 2421
f 2416 2405 2408
f 2404 2415 2371
f 2472 2406 2405
f 2371 2402 2404
f 2401 2288 2402
f 2403 2470 2472
f 2216 2471 2470
f 2287 2214 2288
f 2476 2216 2215
f 2287 2963 2964
f 2963 2965 2964
f 2476 2966 2475
f 2475 2966 2967
f 3467 2967 3469
f 3470 2965 2962
f 3374 3470 3375
f 3468 3467 3469
f 3480 3374 3482
f 3482 3374 3376
f 3481 3480 3482
f 3481 3482 3483
f 3466 3467 3468
f 2972 2971 3466
f 2975 2740 2972
f 2974 2741 2975
f 2973 2974 3465
f 3118 3465 3460
f 3076 3104 3103
f 3070 3071 3076
f 3076 3069 3070
f 3076 3065 3069
f 3065 3047 3069
f 3065 3066 3047
f 3047 3066 3067
f 3091 3067 3066
f 3068 3067 3091
f 3092 3066 3065
f 3069 3047 3048
f 3092 3065 3076
f 3069 3048 3070
f 3070 3048 3049
f 3008 3049 3048
f 3008 3037 3049
f 3070 3049 3071
f 3093 3460 3094
f 3093 3072 3073
f 3071 3049 3037
f 3072 3050 3073
f 3050 3003 2991
f 3006 3004 3036
f 2991 3003 672
f 672 3032 3034
f 3030 3031 3032
f 3007 3028 3030
f 3005 3004 3006
f 3006 3037 3008
f 3009 3028 3007
f 3009 3002 3010
f 3047 3008 3048
f 3047 3067 3046
f 3010 3002 3001
f 2999 3022 3001
f 3042 2997 3000
f 2998 3020 2999
f 2996 3018 2998
f 2996 3016 3018
f 3014 3015 3016
f 2988 3012 2993
f 3014 3013 3015
f 1566 3015 3013
f 1566 1549 1550
f 1548 1547 1549
f 2187 4197 1548
f 2188 2189 2190
f 1565 3011 1564
f 2986 3011 3012
f 2189 2191 2190
f 2192 2986 2186
f 2989 1592 2186
f 1592 3041 1593
f 1588 1593 1594
f 3078 3080 1586
f 1586 3080 3081
f 1586 3081 4174
f 4174 3081 3237
f 3081 3079 3237
f 3237 3079 3192
f 3237 3192 3232
f 4176 3237 3232
f 3161 3192 3079
f 3079 3098 3161
f 3098 3097 3161
f 3097 3098 3055
f 4174 3237 4176
f 3080 3079 3081
f 3078 3079 3080
f 3055 3098 3079
f 1588 1594 1595
f 1594 1593 3041
f 3054 3097 3055
f 3096 3082 3190
f 3052 3053 3041
f 3082 3058 3083
f 3082 3083 3117
f 3083 3077 3117
f 3052 3040 3039
f 3083 3058 3077
f 3056 3057 3039
f 3056 3045 3061
f 3219 3185 3186
f 3087 3209 3186
f 3186 3084 3087
f 3059 3043 3064
f 3060 3084 3085
f 3061 3045 3060
f 2992 3045 3038
f 2992 2994 2995
f 3059 3044 3043
f 2995 2997 3042
f 3062 3063 3043
f 3042 3000 3046
f 3046 3067 3068
f 3088 3062 3089
f 3502 3089 3491
f 3502 3491 3503
f 3090 3068 3091
f 3091 3066 3092
f 3076 3103 3092
f 3492 3488 3489
f 3102 3103 3104
f 3493 3489 3490
f 3514 3102 3515
f 3515 3462 3514
f 3461 3100 3099
f 3099 3100 3101
f 3377 3101 3100
f 3377 3100 3378
f 3378 3100 3487
f 3378 3487 3380
f 3377 3378 3379
f 3391 3101 3377
f 3391 3377 3392
f 3463 3462 3464
f 3463 3476 3477
f 3478 3100 3461
f 3477 3484 3479
f 3479 3480 3481
f 3478 3487 3100
f 3485 3481 3483
f 3482 3376 3483
f 3381 3376 3495
f 3380 3487 3486
f 3379 3378 3380
f 3394 3381 3417
f 3392 3377 3379
f 3391 3392 3393
f 3393 3516 3391
f 3416 3394 3417
f 3435 3511 3510
f 3518 3511 3435
f 3518 3512 3511
f 3511 3512 3509
f 3509 3512 3506
f 3238 3506 3512
f 3238 3512 3518
f 3518 3397 3238
f 3435 3398 3518
f 3435 3459 3398
f 3509 3510 3511
f 3395 3517 3393
f 3509 3508 3510
f 3393 3517 3516
f 3507 3508 3509
f 3391 3516 3101
f 3513 3099 3101
f 3513 3494 3490
f 3509 3506 3507
f 3493 3490 3494
f 3207 3504 3505
f 3492 3489 3493
f 3503 3491 3492
f 3204 3502 3503
f 3210 3204 3206
f 3205 3504 3207
f 3210 3206 3211
f 3207 3213 3208
f 3213 3506 3238
f 3238 3397 3519
f 3518 3398 3397
f 3398 3271 3270
f 3269 3312 3396
f 3270 3271 3268
f 3459 3271 3398
f 3458 3274 3272
f 3436 3459 3435
f 3436 3416 3437
f 3457 3274 3458
f 3437 3418 3438
f 3439 3456 3438
f 3457 3275 3274
f 3455 3277 3456
f 3273 3274 3275
f 3273 3304 3116
f 3303 3116 3304
f 3303 3304 3305
f 3305 3304 3306
f 3305 3306 3307
f 3307 3306 3308
f 3279 3308 3306
f 3276 3277 3278
f 3454 3297 3278
f 3453 3298 3297
f 3299 3308 3279
f 3299 3310 3308
f 3309 3308 3310
f 3302 3310 3299
f 3299 3301 3302
f 3155 3302 3301
f 3154 3302 3155
f 3153 3154 3155
f 3153 3151 3154
f 3151 3313 3154
f 3151 3149 3313
f 3313 3149 3361
f 3313 3361 3302
f 3361 3149 3362
f 3311 3361 3362
f 3310 3361 3311
f 3154 3313 3302
f 3302 3361 3310
f 3452 3298 3453
f 3443 3451 3452
f 3299 3300 3301
f 3450 3155 3301
f 3444 3451 3443
f 3444 3432 3445
f 3449 3155 3450
f 3445 3434 3446
f 3433 3448 3446
f 3449 3153 3155
f 3433 3447 3448
f 3447 3538 3539
f 3534 3539 4542
f 3152 3151 3153
f 3151 3535 3150
f 3534 4543 4541
f 3150 3535 3536
f 3150 3149 3151
f 3362 3149 3147
f 3362 3147 3363
f 3358 3362 3363
f 3358 3363 3357
f 3533 3146 3148
f 3532 3146 3533
f 3363 3147 3145
f 3363 3145 3364
f 3532 3144 3146
f 3531 3144 3532
f 3532 3533 4540
f 4541 4576 4540
f 3530 4538 4539
f 3530 4539 4537
f 4529 3528 4537
f 3527 3134 3528
f 3527 3132 3134
f 3132 3133 3134
f 3132 3131 3133
f 3130 3131 3132
f 3526 3130 3132
f 3525 3130 3526
f 3525 3128 3130
f 3128 3129 3130
f 3128 3127 3129
f 3372 3129 3127
f 3372 3127 3373
f 3373 3127 3125
f 3373 3125 3120
f 3184 3373 3120
f 3359 3373 3184
f 3184 3179 3359
f 3120 3125 3124
f 3124 3125 3126
f 3521 3124 3126
f 3122 3124 3521
f 3126 3125 3127
f 3359 3372 3373
f 3371 3129 3372
f 3371 3131 3129
f 3126 3127 3128
f 3524 3126 3128
f 3524 3128 3525
f 4532 3524 3525
f 3130 3129 3131
f 3526 3132 3527
f 4532 3525 3526
f 4576 4531 4530
f 4536 4534 4576
f 4533 3524 4532
f 3521 3126 3524
f 4535 3523 4536
f 3521 3522 3122
f 3123 4568 3121
f 4568 4354 3121
f 4568 4365 4354
f 4575 4365 4568
f 4575 4364 4365
f 4574 4364 4575
f 4574 4363 4364
f 4573 4363 4574
f 4573 4362 4363
f 4361 4362 4573
f 4572 4361 4573
f 4572 4357 4361
f 4355 4357 4572
f 3120 3124 3122
f 3119 3121 4354
f 3184 3120 3182
f 4365 3183 4354
f 4364 3178 4365
f 3184 3177 3179
f 4364 3180 3178
f 4363 3180 4364
f 3176 3181 3175
f 4357 3173 4361
f 4357 3171 3173
f 3171 3172 3173
f 3342 3172 3341
f 3341 3329 3342
f 3341 3331 3329
f 3330 3329 3331
f 3330 3331 3332
f 3332 3331 3333
f 3340 3333 3331
f 3339 3333 3340
f 3339 3335 3333
f 3328 3329 3330
f 3330 3347 3328
f 3328 3347 3348
f 3347 3327 3348
f 3347 3325 3327
f 3330 3346 3347
f 3340 3331 3341
f 3341 3170 3340
f 3340 3170 3168
f 3342 3329 3328
f 3341 3172 3170
f 3171 3170 3172
f 3175 3174 3176
f 3359 3179 3176
f 3349 3372 3359
f 3328 3348 3343
f 3350 3348 3327
f 3349 3371 3372
f 3370 3131 3371
f 3350 3327 3351
f 3351 3327 3326
f 3351 3326 3352
f 3370 3133 3131
f 3134 3133 3135
f 3368 3137 3135
f 3352 3369 3351
f 3353 3367 3368
f 3366 3139 3367
f 3354 3316 3355
f 3366 3141 3139
f 3142 3141 3143
f 3364 3145 3143
f 3356 3365 3355
f 3355 3317 3356
f 3357 3363 3364
f 3356 3317 3318
f 3318 3295 3296
f 3295 3111 3296
f 3291 3296 3111
f 3291 3111 3290
f 3290 3111 3113
f 3357 3319 3358
f 3311 3362 3358
f 3309 3310 3311
f 3307 3308 3309
f 3282 3305 3307
f 3284 3305 3282
f 3282 3283 3284
f 3292 3280 3293
f 3292 3296 3291
f 3290 3263 3291
f 3290 3264 3263
f 3289 3264 3290
f 3289 3266 3264
f 3265 3264 3266
f 3282 3281 3283
f 3263 3264 3265
f 3284 3283 3285
f 3284 3303 3305
f 3114 3116 3303
f 3287 3286 3267
f 3114 3115 3116
f 3269 3115 3312
f 3239 3312 3254
f 3239 3254 3240
f 3214 3240 3241
f 3214 3241 3215
f 3255 3287 3267
f 3265 3266 3267
f 3257 3266 3288
f 3241 3256 3242
f 3243 3257 3258
f 3215 3241 3242
f 3216 3217 3218
f 3212 3214 3215
f 3220 3211 3212
f 3220 3202 3203
f 3221 3216 3222
f 3223 3230 3222
f 3227 3228 3229
f 3246 3230 3223
f 3246 3223 3247
f 3259 3261 3253
f 3247 3223 3244
f 3243 3258 3244
f 3257 3288 3258
f 3337 3109 3108
f 3108 3109 3110
f 3109 3315 3110
f 3108 3110 3344
f 3344 3110 3321
f 3110 3320 3321
f 3321 3320 3322
f 3321 3322 3323
f 3288 3266 3289
f 3290 3113 3289
f 3109 3314 3315
f 3111 3112 3113
f 3110 3315 3320
f 3295 3112 3111
f 3317 3295 3318
f 3355 3316 3317
f 3106 3105 3316
f 3320 3294 3322
f 3105 3106 3107
f 3352 3326 3107
f 3325 3326 3327
f 3323 3322 3324
f 3346 3325 3347
f 3345 3321 3323
f 3332 3346 3330
f 3332 3333 3334
f 3344 3321 3345
f 3336 3108 3344
f 3334 3333 3335
f 3337 3108 3336
f 3259 3337 3261
f 3253 3261 3260
f 3253 3260 3162
f 3338 3262 3335
f 3162 3260 3360
f 3338 3335 3339
f 3340 3168 3339
f 3169 3168 3170
f 4368 4367 4759
f 3520 3360 3167
f 3162 3360 3520
f 3164 3253 3162
f 4166 3165 3163
f 3164 3252 3253
f 3245 3252 3251
f 4185 3166 3165
f 3199 3200 3201
f 3199 3198 3200
f 3197 3198 3199
f 4353 3197 3199
f 3200 3234 3201
f 3200 3233 3234
f 3248 3249 3250
f 3236 3251 3249
f 3201 3234 3235
f 3234 3193 3235
f 3234 3194 3193
f 3236 3227 3229
f 3193 3226 3235
f 3227 3202 3228
f 3202 3189 3203
f 3193 3225 3226
f 3195 3225 3193
f 3195 3224 3225
f 3203 3189 3187
f 3117 3077 3187
f 3224 3188 3225
f 3190 3082 3117
f 3161 3097 3190
f 3191 3192 3161
f 3196 3224 3195
f 3193 3194 3195
f 3233 3194 3234
f 3232 3192 3191
f 3198 3233 3200
f 4176 3232 3231
f 3198 3197 4353
f 4183 4353 3199
f 4185 3165 4166
f 4759 4167 4368
f 4758 4184 4168
f 4755 4759 4756
f 4754 4755 4753
f 4757 4184 4758
f 4753 4752 4754
f 4751 4752 4753
f 4751 4750 4752
f 4752 4750 4749
f 4752 4749 4761
f 4761 4749 4746
f 4761 4746 4762
f 4762 4746 4173
f 4746 4749 4743
f 4743 4749 4750
f 4751 4596 4750
f 4753 4596 4751
f 4757 4182 4184
f 4180 4181 4182
f 4180 4179 4181
f 4178 4179 4180
f 4761 4741 4752
f 4177 4761 4762
f 4178 4176 4179
f 4177 4762 4175
f 4762 4173 4175
f 4745 4171 4170
f 4173 4746 4169
f 4745 4747 4171
f 4732 4747 4742
f 4732 4742 4735
f 4746 4743 4744
f 4609 4608 4610
f 4602 4608 4606
f 4632 4608 4602
f 4743 4605 4607
f 4602 4606 4603
f 4750 4605 4743
f 4596 4604 4750
f 4753 4598 4596
f 4753 4755 4756
f 4756 4760 4594
f 4594 4360 4359
f 4359 3171 4357
f 4356 4593 4358
f 4356 4592 4593
f 4683 4646 4645
f 4683 4703 4704
f 4704 4703 4705
f 4704 4705 4699
f 4699 4641 4704
f 4601 4592 4647
f 4599 4600 4601
f 4699 4640 4641
f 4699 4706 4698
f 4639 4597 4599
f 4696 4638 4698
f 4698 4707 4696
f 4637 4595 4597
f 4602 4603 4595
f 4634 4632 4602
f 4633 4632 4634
f 4697 4635 4636
f 4700 4633 4634
f 4631 4633 4700
f 4700 4654 4631
f 4697 4708 4709
f 4691 4653 4692
f 4700 4652 4654
f 4627 4628 4655
f 4627 4626 4628
f 4625 4626 4627
f 4625 4624 4626
f 4623 4624 4625
f 4623 4073 4624
f 4074 4073 4623
f 4623 4070 4074
f 4069 4074 4070
f 4069 4070 4068
f 4138 4069 4068
f 4140 4069 4138
f 4140 4072 4069
f 4142 4072 4140
f 4142 4079 4072
f 4144 4079 4142
f 4144 4077 4079
f 4146 4077 4144
f 4144 4145 4146
f 4144 4143 4145
f 4146 4052 4077
f 4052 4051 4077
f 4051 4052 4053
f 4053 4805 4051
f 4053 4803 4805
f 4803 4804 4805
f 4805 4804 4806
f 4806 4804 4763
f 4770 4763 4804
f 4771 4763 4770
f 4806 4763 4807
f 4082 4806 4807
f 4082 4807 4075
f 4077 4082 4075
f 4075 4076 4077
f 4077 4076 4078
f 4076 4620 4078
f 4075 4736 4076
f 4076 4736 4728
f 4075 4807 4736
f 4807 4737 4736
f 4051 4806 4082
f 4807 4763 4737
f 4803 4802 4804
f 4801 4802 4803
f 4085 4801 4803
f 4786 4801 4085
f 4084 4786 4085
f 4083 4084 4085
f 4085 4053 4083
f 4083 4048 4084
f 4048 4785 4084
f 4048 4784 4785
f 4050 4784 4048
f 4048 4049 4050
f 4049 4149 4050
f 4050 4149 4150
f 4049 4148 4149
f 4148 4119 4149
f 4148 4117 4119
f 4083 4148 4049
f 4083 4147 4148
f 4146 4147 4083
f 4050 4783 4784
f 4087 4783 4050
f 4086 4087 4050
f 4783 4808 4784
f 4784 4808 4809
f 4772 4809 4808
f 4772 4808 4796
f 4791 4772 4796
f 4790 4772 4791
f 4790 4207 4772
f 4774 4790 4791
f 4198 4790 4774
f 4773 4809 4772
f 4773 4810 4809
f 4785 4809 4810
f 4785 4810 4786
f 4810 4802 4786
f 4769 4802 4810
f 4796 4808 4783
f 4784 4809 4785
f 4049 4048 4083
f 4084 4785 4786
f 4786 4802 4801
f 4768 4804 4802
f 4085 4803 4053
f 4051 4805 4806
f 4083 4053 4052
f 4077 4051 4082
f 4083 4052 4146
f 4077 4078 4079
f 4079 4078 4080
f 4080 4078 4583
f 4081 4080 4583
f 4072 4080 4081
f 4072 4081 4073
f 4624 4081 4583
f 4142 4143 4144
f 4142 4141 4143
f 4141 4111 4143
f 4141 4109 4111
f 4079 4080 4072
f 4140 4141 4142
f 4140 4139 4141
f 4072 4073 4069
f 4068 4070 4071
f 4623 4694 4070
f 4069 4073 4074
f 4073 4081 4624
f 4625 4694 4623
f 4625 4655 4694
f 4627 4655 4625
f 4631 4654 4630
f 4631 4632 4633
f 4632 4611 4608
f 4628 4626 4629
f 4624 4583 4626
f 4583 4078 4617
f 4613 4611 4614
f 4735 4742 4613
f 4731 4732 4735
f 4615 4616 4618
f 4731 4619 4730
f 4616 4617 4618
f 4622 4730 4619
f 4078 4621 4617
f 4078 4620 4621
f 4728 4620 4076
f 4622 4729 4730
f 4738 4734 4730
f 4728 4736 4737
f 4763 4739 4737
f 4740 4734 4738
f 4771 4739 4763
f 4740 4246 4734
f 1590 4245 4246
f 4771 4257 4258
f 4770 4257 4771
f 4770 4804 4768
f 4768 4802 4769
f 4235 2193 4236
f 4208 2193 4235
f 4208 2190 2193
f 4769 4810 4773
f 4772 4207 4773
f 2188 2190 4208
f 4198 4207 4790
f 4191 4219 4220
f 4774 4221 4198
f 4774 4791 4788
f 4788 4791 4792
f 4787 4775 4191
f 4187 4219 4191
f 2984 1722 2983
f 2983 1722 1720
f 1780 1796 1797
f 1780 1795 1796
f 1794 1795 1780
f 1780 1793 1794
f 1780 1792 1793
f 1791 1792 1780
f 1780 1790 1791
f 1780 1789 1790
f 1788 1789 1780
f 1780 1787 1788
f 1780 1786 1787
f 1785 1786 1780
f 1780 1784 1785
f 1780 1783 1784
f 1782 1783 1780
f 1780 1781 1782
f 1780 1779 1781
f 1761 1779 1780
f 1775 1776 1761
f 1775 2981 1773
f 4216 2981 4196
f 4278 4196 4779
f 4195 2980 4205
f 4205 2980 2979
f 4217 2979 2978
f 4217 2978 4218
f 4188 4776 4218
f 4777 4778 4206
f 4778 4811 4779
f 4811 4800 4779
f 4800 4780 4781
f 4349 4348 4780
f 4096 4349 4350
f 4096 4350 4093
f 4351 4128 4093
f 4090 4128 4351
f 4090 4127 4128
f 4351 4782 4090
f 4766 4352 4767
f 4351 4765 4782
f 4765 4797 4782
f 4794 4766 4793
f 4794 4776 4789
f 4764 4795 4765
f 4788 4792 4789
f 4791 4796 4792
f 4765 4795 4797
f 4796 4783 4798
f 4782 4797 4799
f 4798 4783 4087
f 4782 4799 4090
f 4089 4127 4090
f 4087 4086 4088
f 4050 4150 4086
f 4149 4121 4150
f 4123 4122 4124
f 4149 4119 4121
f 4120 4160 4122
f 4122 4160 4161
f 4160 8755 4161
f 4160 8754 8755
f 8754 8824 8755
f 8755 8824 8825
f 8755 8825 8756
f 8754 8823 8824
f 8823 8835 8824
f 8823 8834 8835
f 8834 8843 8835
f 8835 8843 8844
f 8843 8801 8844
f 8843 8799 8801
f 8799 8800 8801
f 8801 8800 8802
f 8842 8799 8843
f 8842 8797 8799
f 8834 8842 8843
f 8833 8842 8834
f 8833 8841 8842
f 8832 8841 8833
f 8821 8832 8833
f 8821 8833 8822
f 8752 8821 8822
f 8751 8821 8752
f 8751 8820 8821
f 8750 8820 8751
f 8750 8819 8820
f 8749 8819 8750
f 4155 8749 8750
f 4155 8750 4156
f 8749 8818 8819
f 8818 8830 8819
f 8819 8830 8831
f 8830 8839 8831
f 8831 8839 8840
f 8831 8840 8832
f 8820 8831 8832
f 8830 8838 8839
f 8829 8838 8830
f 8818 8829 8830
f 8817 8829 8818
f 8817 8828 8829
f 8748 8817 8818
f 8747 8817 8748
f 8747 8816 8817
f 8746 8816 8747
f 4153 8747 8748
f 4153 8748 4154
f 4154 8748 8749
f 4152 8747 4153
f 4106 4152 4153
f 4106 4153 4108
f 8748 8818 8749
f 8819 8831 8820
f 4156 8750 8751
f 4156 8751 4157
f 4114 4156 4157
f 8820 8832 8821
f 8822 8833 8834
f 8822 8834 8823
f 8753 8822 8823
f 8824 8835 8836
f 8753 8823 8754
f 8752 8822 8753
f 4157 8751 8752
f 4114 4157 4116
f 4118 4158 4159
f 4117 4118 4119
f 4147 4117 4148
f 4146 4145 4147
f 4143 4113 4145
f 4115 4114 4116
f 4112 4156 4114
f 4143 4111 4113
f 4112 4155 4156
f 4154 8749 4155
f 4108 4153 4154
f 4109 4110 4111
f 4107 4106 4108
f 4105 4106 4107
f 4105 4054 4106
f 4105 4055 4054
f 4131 4055 4105
f 4135 4131 4105
f 4131 4057 4055
f 4061 4057 4131
f 4061 4131 4060
f 4060 4131 4132
f 4060 4132 4130
f 4130 4132 4133
f 4066 4133 4132
f 4130 4133 4719
f 4719 4133 4657
f 4657 4133 4065
f 4719 4657 4650
f 4650 4718 4719
f 4650 4513 4718
f 4719 4718 4129
f 4718 4064 4129
f 4064 4058 4129
f 4129 4058 4060
f 4058 4059 4060
f 4719 4129 4130
f 4129 4060 4130
f 4134 4132 4131
f 4060 4059 4061
f 4059 1060 4061
f 4059 1061 1060
f 1060 1079 4061
f 4061 1079 1080
f 1079 994 1080
f 994 993 1080
f 983 993 994
f 983 994 995
f 995 711 983
f 995 712 711
f 997 712 995
f 997 724 712
f 712 724 713
f 709 712 713
f 2940 709 713
f 713 2939 2940
f 713 726 2939
f 2939 726 728
f 726 727 728
f 726 725 727
f 999 727 725
f 999 725 997
f 997 998 999
f 999 998 1000
f 1000 998 1060
f 1060 998 996
f 997 996 998
f 713 725 726
f 2940 2939 2944
f 2939 2943 2944
f 2944 2943 2945
f 2939 2942 2943
f 2940 2944 2941
f 2941 1057 2940
f 2940 1057 707
f 1057 705 707
f 1057 988 705
f 705 988 990
f 988 989 990
f 988 987 989
f 982 987 988
f 982 986 987
f 987 986 1081
f 1081 986 981
f 1081 981 1082
f 979 1082 981
f 977 1082 979
f 978 977 979
f 976 977 978
f 976 975 977
f 975 1084 977
f 978 1052 976
f 980 1052 978
f 980 1051 1052
f 1050 1051 980
f 2949 1051 1050
f 1050 980 1055
f 2936 1050 1055
f 2934 1050 2936
f 2936 1055 2935
f 2935 1055 1056
f 2935 1056 2941
f 1055 982 1056
f 1056 982 1057
f 1055 980 982
f 980 981 982
f 2949 1052 1051
f 978 979 980
f 977 1084 1082
f 980 979 981
f 1081 1082 4056
f 1081 4056 1058
f 1058 4056 4057
f 4057 1059 1058
f 991 1058 1059
f 991 989 1058
f 1059 992 991
f 984 991 992
f 984 992 985
f 983 984 985
f 983 708 984
f 984 708 706
f 707 706 708
f 707 708 709
f 708 711 709
f 984 706 705
f 990 991 984
f 1059 985 992
f 1080 985 1059
f 4057 1080 1059
f 1058 987 1081
f 981 986 982
f 1058 989 987
f 990 989 991
f 705 990 984
f 1057 982 988
f 705 706 707
f 2941 1056 1057
f 2941 2944 2946
f 2940 707 709
f 713 724 725
f 725 724 997
f 995 996 997
f 709 711 712
f 983 711 708
f 995 994 996
f 985 993 983
f 1080 993 985
f 1079 996 994
f 1060 996 1079
f 4061 1080 4057
f 4056 4055 4057
f 4139 4109 4141
f 4137 4105 4107
f 4138 4139 4140
f 4135 4105 4137
f 4134 4131 4135
f 4066 4132 4134
f 4138 4068 4136
f 4065 4133 4066
f 4657 4065 4658
f 4068 4071 4067
f 4694 4071 4070
f 4694 4655 4695
f 4656 4657 4658
f 4691 4695 4653
f 4651 4691 4721
f 4650 4657 4656
f 4651 4516 4515
f 1064 4515 1065
f 1010 1064 1065
f 1010 1065 1012
f 1008 1063 1064
f 4650 4514 4513
f 1006 1062 1063
f 1004 1062 1006
f 4718 4513 4064
f 4063 4058 4064
f 4058 1061 4059
f 4062 4512 1062
f 1002 1062 1004
f 1060 1061 1000
f 999 1000 1001
f 1003 1002 1004
f 1001 727 999
f 728 727 729
f 730 729 731
f 1003 1004 1005
f 1007 733 731
f 732 731 733
f 732 733 734
f 734 733 735
f 734 735 736
f 1644 734 736
f 1644 736 1643
f 1643 736 738
f 1643 738 1642
f 738 751 1642
f 738 750 751
f 751 750 740
f 751 740 752
f 752 740 739
f 738 749 750
f 1642 751 752
f 1642 752 1641
f 1641 1628 1642
f 1642 1628 1626
f 1627 1626 1628
f 1625 1626 1627
f 1689 1625 1627
f 1689 1627 1688
f 1688 1676 1689
f 1689 1676 1678
f 1689 1678 1690
f 1676 1677 1678
f 1678 1677 1679
f 1678 1679 1659
f 1659 1679 1680
f 1679 1708 1680
f 1679 1707 1708
f 1677 1707 1679
f 1677 1706 1707
f 1706 1890 1707
f 1707 1890 1891
f 1706 1889 1890
f 1705 1889 1706
f 1836 1890 1889
f 1836 1889 1837
f 1837 1889 1843
f 1675 1706 1677
f 1676 1675 1677
f 1627 1628 1629
f 1629 1628 1620
f 1642 1626 1643
f 1643 1626 1599
f 736 737 738
f 1005 1004 1006
f 1006 1063 1008
f 1009 733 1007
f 1008 1064 1010
f 1011 1010 1012
f 1009 735 733
f 736 735 737
f 737 749 738
f 1015 750 749
f 1011 1012 1013
f 1012 1065 1066
f 1066 4511 4508
f 4649 4508 4720
f 4720 4693 4649
f 4708 4693 4709
f 4696 4707 4708
f 4722 4717 4716
f 4698 4706 4707
f 4699 4705 4706
f 4703 4714 4705
f 4724 4714 4725
f 4723 4716 4715
f 4662 4724 4666
f 4506 4662 4507
f 4661 4504 4723
f 4505 4506 1068
f 1067 4509 4504
f 1014 1067 1016
f 1018 1068 1020
f 1019 1018 1020
f 1015 1014 1016
f 740 750 1015
f 1017 1018 1019
f 1019 1020 1021
f 743 744 742
f 742 744 745
f 1616 745 744
f 743 748 744
f 714 747 743
f 1021 1020 1022
f 1022 1070 1024
f 1025 714 1023
f 1025 704 714
f 393 703 704
f 718 717 1027
f 1027 1029 718
f 1033 720 719
f 1033 1032 1034
f 718 1029 1031
f 1027 1028 1029
f 1030 1072 1032
f 1027 1026 1028
f 1024 1070 1026
f 1070 4501 4496
f 4670 4496 4667
f 4670 4680 4669
f 4421 4436 4669
f 1071 4497 4439
f 4427 4436 4437
f 4439 1072 1071
f 1032 1072 1073
f 4427 4428 4429
f 1032 1073 1034
f 1035 1034 1036
f 1037 1036 1038
f 1039 1038 1040
f 1040 1076 1042
f 1075 1074 4429
f 4429 4428 4430
f 4430 4403 4432
f 4433 1076 4431
f 4432 4402 4434
f 4434 4441 4442
f 4435 1078 4433
f 326 330 4442
f 1044 1078 1046
f 1047 329 331
f 1047 331 332
f 1045 1044 1046
f 1045 702 701
f 332 710 1047
f 333 710 332
f 701 702 397
f 396 397 398
f 394 398 407
f 394 407 395
f 408 415 414
f 414 418 419
f 1603 419 418
f 418 1602 1603
f 417 1602 418
f 1605 1603 1602
f 1605 1602 1606
f 1606 1614 1605
f 1613 1614 1606
f 1596 1606 1602
f 1681 1606 1596
f 393 394 395
f 1603 420 419
f 1604 1603 1605
f 703 393 1601
f 704 703 714
f 716 715 1604
f 1605 1618 1604
f 714 746 747
f 743 747 748
f 1617 744 748
f 1605 1614 1618
f 1616 744 1617
f 1610 1615 1616
f 1613 1612 1614
f 1681 1613 1606
f 1683 1611 1682
f 1683 1667 1684
f 1667 1666 1668
f 1666 1701 1668
f 1666 1700 1701
f 1700 1887 1701
f 1701 1887 1888
f 1700 1886 1887
f 1665 1700 1666
f 1662 1663 1664
f 1665 1698 1700
f 1662 1661 1663
f 1597 1661 1662
f 1596 1597 1681
f 1596 1602 417
f 413 417 418
f 411 410 412
f 413 416 402
f 401 402 403
f 409 410 411
f 1699 409 425
f 424 676 425
f 676 422 677
f 676 677 678
f 403 423 401
f 403 404 405
f 677 422 421
f 406 327 405
f 421 690 677
f 678 677 696
f 696 692 697
f 691 341 340
f 697 692 693
f 699 694 695
f 336 335 373
f 699 695 700
f 688 699 700
f 686 699 688
f 373 335 355
f 335 334 355
f 355 334 347
f 356 367 357
f 357 367 368
f 4370 3960 4371
f 4369 4372 3961
f 368 3959 369
f 3961 3962 366
f 357 368 369
f 362 361 366
f 358 361 360
f 358 378 380
f 365 380 363
f 376 357 359
f 375 374 376
f 688 700 375
f 377 365 372
f 689 372 371
f 1880 1930 689
f 1929 1939 1930
f 1939 1960 685
f 687 686 688
f 684 683 685
f 686 698 699
f 697 693 698
f 681 696 697
f 682 683 684
f 1940 680 682
f 678 696 681
f 425 676 678
f 679 680 1940
f 425 1884 1699
f 1698 1660 1699
f 1698 1886 1700
f 1885 1940 1941
f 1886 1942 1887
f 1887 1942 1943
f 1947 1941 1948
f 1957 1947 1958
f 1935 1954 1957
f 1953 1945 1954
f 1946 1943 1942
f 1887 1943 1888
f 1953 1944 1945
f 1701 1888 1702
f 1842 1703 1944
f 1668 1701 1702
f 1667 1668 1669
f 1685 1671 1686
f 1686 1671 1673
f 1684 1667 1669
f 1684 1607 1609
f 1607 1608 1609
f 1608 1615 1610
f 1615 745 1616
f 742 745 741
f 1622 1623 1624
f 1619 1622 1624
f 739 740 741
f 1641 752 739
f 1641 1620 1628
f 1621 1622 1619
f 1619 1624 1631
f 1686 1631 1685
f 1629 1620 1630
f 1688 1627 1629
f 1688 1674 1676
f 1686 1673 1687
f 1671 1672 1673
f 1674 1675 1676
f 1675 1705 1706
f 1670 1704 1672
f 1705 1843 1889
f 1704 1703 1842
f 1837 1843 1951
f 1842 1944 1953
f 1952 1953 1954
f 1950 1837 1951
f 1933 1952 1934
f 1923 1932 1933
f 1838 1837 1950
f 1922 1931 1932
f 1836 1837 1838
f 1906 1962 1931
f 1956 1890 1836
f 1904 1961 1962
f 1902 1955 1961
f 1956 1891 1890
f 1841 1840 1955
f 1707 1891 1708
f 1709 1840 1839
f 1680 1708 1658
f 1656 1709 1710
f 1656 1655 1657
f 1659 1680 1658
f 1691 1657 1692
f 1690 1678 1659
f 1691 1640 1600
f 1690 1625 1689
f 1625 1599 1626
f 1640 1598 1600
f 1643 1599 1644
f 1645 734 1644
f 1639 1598 1640
f 1638 1637 1639
f 1645 732 734
f 730 731 732
f 728 729 730
f 728 2942 2939
f 1633 2943 2942
f 1632 2943 1633
f 1635 1646 1647
f 1636 1635 1637
f 1694 1636 1693
f 1694 1651 1695
f 1632 1633 1634
f 1695 1649 1696
f 1632 2945 2943
f 2938 2947 1696
f 2944 2945 2946
f 2938 2948 2947
f 2941 2946 2935
f 2937 2933 2948
f 2935 2934 2936
f 2932 2933 2937
f 2930 2931 2932
f 2934 2949 1050
f 2930 2950 2931
f 2949 1054 1052
f 2924 1053 2950
f 1054 976 1052
f 973 975 976
f 973 974 975
f 974 1083 975
f 972 1083 974
f 972 974 973
f 972 2985 1083
f 975 1083 1084
f 4056 1082 1084
f 4054 4055 4056
f 4054 4152 4106
f 4152 8746 8747
f 4151 4517 4518
f 4527 5718 4528
f 4527 5719 5718
f 4518 4517 4519
f 4520 5719 4527
f 4517 5701 4519
f 5700 5718 5719
f 5702 5701 5703
f 5777 5778 5700
f 5702 5703 5704
f 5704 970 969
f 969 971 1048
f 2924 1048 1053
f 4006 2924 2105
f 4005 4006 4007
f 8710 4005 8715
f 6829 7654 8710
f 6829 7653 7654
f 7675 5778 5777
f 7675 7664 7665
f 6829 7652 7653
f 7651 7650 7664
f 6828 7652 6829
f 6837 7650 7651
f 6827 6826 6828
f 6824 6835 6826
f 6836 7649 6837
f 6840 7648 6836
f 6845 6838 6835
f 6838 6842 6839
f 6840 7647 7648
f 6842 7645 6839
f 7647 7646 7655
f 7659 7673 7655
f 6841 6315 7645
f 7659 6314 7660
f 6414 6326 6315
f 6413 6326 6414
f 6413 6567 6412
f 6412 6567 6568
f 6328 6327 6325
f 6410 6320 6323
f 6410 6569 6570
f 6412 6568 6411
f 6567 6663 6568
f 6569 6664 6554
f 6554 6642 6552
f 6640 6655 6641
f 6640 6654 6655
f 6641 6655 6656
f 6654 6609 6655
f 6653 6654 6640
f 6663 6651 6653
f 6560 6650 6651
f 6652 6563 6611
f 6612 6611 6563
f 6612 6563 6613
f 6613 6563 6562
f 6560 6649 6650
f 6833 6649 6834
f 6561 6562 6563
f 4983 6833 6816
f 4983 4982 4985
f 6613 6562 4986
f 4985 4987 4988
f 5067 5072 5066
f 4985 4982 4987
f 5068 4982 4984
f 5069 5070 5068
f 5089 5070 4980
f 5059 5088 5089
f 5067 5071 5072
f 5058 5087 5088
f 5066 5072 5073
f 5057 5086 5087
f 5066 5073 5065
f 5064 4991 5065
f 5085 5074 5086
f 5055 5084 5085
f 5063 5075 5076
f 5054 5083 5084
f 5053 5082 5083
f 5062 5076 5077
f 5063 5076 5062
f 5063 4994 5064
f 4996 5003 4997
f 5003 6732 4997
f 6732 6722 6756
f 6755 6756 6757
f 6733 4995 4998
f 4994 4998 4995
f 5064 4994 4991
f 4990 4989 4991
f 6734 4992 4993
f 6755 6776 6734
f 6775 6776 6777
f 4990 6774 6773
f 6740 6773 6739
f 6739 6612 6613
f 6610 6611 6612
f 6738 6775 6777
f 6777 6778 6779
f 6736 6779 6781
f 6737 6608 6610
f 6606 6607 6608
f 6736 6781 6735
f 6735 6781 6796
f 6606 6605 6607
f 6648 6605 6602
f 6648 6602 6647
f 6735 6603 6604
f 6601 6603 6735
f 6647 6602 6599
f 6595 6599 6600
f 6600 6743 6595
f 6600 6742 6743
f 6742 6800 6743
f 6743 6800 6802
f 6800 6801 6802
f 6802 6801 6803
f 6802 6803 6804
f 6744 6802 6804
f 6743 6802 6744
f 6735 6741 6601
f 6742 6798 6800
f 6798 6799 6800
f 6735 6796 6741
f 6781 6795 6796
f 6763 6795 6761
f 6763 6764 6765
f 6798 6797 6799
f 6800 6799 6801
f 6765 6766 6767
f 6766 6708 6710
f 6710 6711 6712
f 6703 6704 6705
f 6712 6713 6714
f 7052 6714 6713
f 7052 7104 7053
f 7053 7105 7054
f 6707 7054 7055
f 6698 6707 6699
f 6705 6704 6706
f 6768 6703 6705
f 6768 6803 6801
f 6769 6698 6770
f 6771 6807 6770
f 6804 6803 6805
f 6806 6807 6808
f 6749 6808 6810
f 6748 6591 6749
f 6750 6594 6745
f 6744 6804 6745
f 6592 6596 6593
f 6595 6743 6744
f 6592 6597 6596
f 6632 6597 6592
f 6592 6631 6632
f 6595 6598 6599
f 6632 6657 6597
f 6646 6599 6598
f 6616 6657 6632
f 6632 6618 6616
f 6647 6599 6646
f 6647 6643 6648
f 6642 6643 6644
f 6659 6645 6615
f 6552 6642 6644
f 6552 6553 6554
f 6571 6553 6674
f 6572 6674 6675
f 6572 6675 6573
f 6658 6659 6615
f 6573 6675 6676
f 6615 6616 6617
f 6617 6616 6618
f 6631 6618 6632
f 6633 6631 6592
f 6633 6591 6634
f 6635 6629 6634
f 6630 6622 6620
f 6623 6622 6624
f 6635 6628 6629
f 6625 6624 6626
f 6636 6627 6628
f 6555 6627 6614
f 6557 6625 6626
f 6556 6555 6581
f 6668 6556 6670
f 6666 6625 6557
f 6665 6666 6667
f 6669 6668 6670
f 6669 6670 6671
f 6425 6579 6580
f 6422 6579 6425
f 6671 6672 6673
f 5434 6673 5452
f 5434 5435 5436
f 5186 5187 5436
f 5187 5172 5170
f 5170 5169 6375
f 6376 6426 5188
f 6425 6580 6426
f 6381 6422 6425
f 6373 6374 6375
f 6373 6395 6379
f 6380 6422 6381
f 6377 6378 6379
f 6423 6377 6384
f 6422 6578 6579
f 6577 6667 6578
f 6423 6384 6424
f 6421 6576 6424
f 6577 6665 6667
f 6678 6621 6665
f 6421 6575 6576
f 6677 6619 6678
f 6574 6676 6677
f 6420 6575 6421
f 6389 6419 6420
f 6573 6676 6574
f 6418 6572 6573
f 6391 6419 6389
f 6393 6417 6418
f 6391 6390 6392
f 6393 6322 6394
f 6392 6402 6403
f 6319 6321 6322
f 6319 6405 6324
f 6324 6405 6406
f 6367 6405 6368
f 6369 6404 6403
f 6369 6403 6370
f 6359 6370 6371
f 6356 6355 6357
f 6358 6359 6360
f 6341 6360 6361
f 6341 6331 6342
f 5492 6342 6343
f 5492 6343 5488
f 6339 6344 6335
f 6342 6333 6343
f 6333 6332 6334
f 6334 6399 6398
f 6383 6397 6398
f 6337 6397 6396
f 6339 6335 6340
f 6336 6309 6337
f 6338 6344 6339
f 6309 6310 6311
f 5475 5477 6311
f 6338 5479 6344
f 5478 5489 5479
f 5475 5476 5477
f 5750 5478 5753
f 5752 5750 5753
f 5475 5474 5476
f 5752 5753 5754
f 5474 5757 5755
f 4471 5756 5758
f 5473 5759 5757
f 4461 5758 5760
f 5467 5759 5473
f 5173 5472 5467
f 5760 5761 5762
f 5760 5762 4473
f 5765 5763 5472
f 5774 5766 5765
f 4474 5766 4475
f 4473 5762 5764
f 4459 4474 4446
f 4461 5760 4473
f 4459 9091 4460
f 4471 5758 4461
f 4460 9091 4472
f 4469 4470 4471
f 4469 4491 4470
f 9293 4491 4469
f 4492 4491 9293
f 9293 4469 9080
f 9091 9081 4472
f 9109 9081 9110
f 9079 9293 9080
f 9109 9078 9108
f 9076 9078 9092
f 9077 9302 9294
f 9280 9303 9076
f 9300 9294 9302
f 9280 9304 9303
f 9300 9295 9301
f 9279 9305 9304
f 9296 9305 9306
f 9301 9295 9297
f 9296 9306 9298
f 9298 9283 9299
f 9301 9297 9291
f 9299 4444 4443
f 4445 4495 4443
f 4445 4494 4495
f 9291 9292 9301
f 9292 4492 9293
f 4470 4491 4492
f 4470 5752 5754
f 5751 5750 5752
f 4493 4494 4445
f 4458 5738 4445
f 5749 5750 5751
f 5750 5487 5478
f 5738 5747 5748
f 5483 5491 5487
f 5740 5482 5747
f 5481 5490 5483
f 5480 6356 5481
f 5509 6354 5480
f 5507 5508 5482
f 5507 5506 5508
f 5505 5506 5507
f 5509 6352 6354
f 5506 6350 5508
f 5506 6348 6350
f 5504 6348 5506
f 6348 6349 6350
f 6348 6347 6349
f 6347 6365 6349
f 6349 6365 6366
f 6347 6364 6365
f 6330 6347 6348
f 6350 6349 6351
f 6352 6353 6354
f 6353 6367 6368
f 6349 6366 6351
f 6367 6406 6405
f 6365 6407 6366
f 6324 6406 6329
f 6328 6325 6329
f 6365 6408 6407
f 6313 6327 6328
f 6313 6409 6314
f 6364 6408 6365
f 6363 6314 6409
f 6346 6364 6347
f 6345 6362 6363
f 6318 6345 6316
f 6330 6346 6347
f 6317 6316 5500
f 5501 5500 5502
f 5504 6330 6348
f 5505 5504 5506
f 5744 5505 5507
f 5501 5502 5503
f 5744 5745 5733
f 5735 5501 5732
f 5732 5734 5735
f 5733 5745 5746
f 5736 5734 4454
f 4462 5746 5745
f 4462 4489 4463
f 9310 4464 4463
f 4453 5736 4454
f 4455 4464 9307
f 9307 9309 9308
f 9308 9313 9236
f 4486 9236 8815
f 4453 4484 4485
f 4453 5737 5736
f 5727 5737 5728
f 5729 5728 5730
f 4481 5731 5730
f 4483 4486 4482
f 8814 4482 4486
f 4486 8815 8814
f 8813 8815 9236
f 4480 4479 4481
f 5724 5722 4479
f 5705 5724 5725
f 4526 5706 5725
f 4525 5708 4526
f 4522 4524 4525
f 8746 4522 8816
f 8816 8828 8817
f 4476 4477 4478
f 8828 8837 8829
f 8813 8812 4478
f 8829 8837 8838
f 8838 8810 8839
f 8811 8812 8813
f 8809 8811 9239
f 8839 8810 8808
f 8807 8809 9239
f 8804 8795 8807
f 8839 8808 8840
f 8832 8840 8841
f 8841 8797 8842
f 8795 8806 8796
f 8797 8798 8799
f 8806 9177 8796
f 9177 9216 9178
f 8799 8798 8800
f 8802 8800 9181
f 9182 9181 9183
f 9179 9181 9182
f 9179 9182 9317
f 9180 9179 9317
f 9223 9178 9224
f 9182 9183 9184
f 9224 9178 9218
f 9218 9219 9220
f 9230 9225 9226
f 9230 9226 9231
f 9220 9221 9211
f 9211 9222 9212
f 9213 9212 9255
f 9254 9213 9255
f 9210 9214 9188
f 9228 9210 9188
f 9254 9207 9215
f 9175 9207 9208
f 9189 9204 9206
f 9208 9202 9175
f 9203 9202 9251
f 9251 9252 9203
f 9278 9190 9252
f 9204 9205 9206
f 9209 9206 9171
f 9160 9037 9190
f 9172 9171 9170
f 9034 9035 9036
f 8183 9034 7998
f 8183 8181 9038
f 9033 9032 9172
f 9331 9038 9332
f 9209 9171 9172
f 9332 9343 9331
f 9333 9343 9329
f 9189 9206 9209
f 9335 9173 9189
f 9333 9329 9344
f 9344 9347 9334
f 9335 9174 9173
f 9174 9187 9188
f 9229 9188 9187
f 9334 9348 9336
f 9228 9188 9229
f 9227 9210 9228
f 9231 9226 9227
f 9232 9336 9346
f 9338 9230 9231
f 9346 9350 9345
f 9337 9230 9338
f 9345 9352 9330
f 9337 9184 9230
f 9317 9182 9184
f 9323 9317 9320
f 9318 9328 9330
f 9318 9330 9319
f 9319 8864 8865
f 8865 6299 8903
f 8903 6299 6298
f 8903 6298 8904
f 8904 6298 8892
f 8891 8892 6298
f 9326 8892 8891
f 8917 9326 8891
f 8917 9379 9326
f 9379 9383 9326
f 9379 9380 9383
f 9378 9380 9379
f 9378 9381 9380
f 9380 9381 9382
f 9381 9388 9382
f 9381 9387 9388
f 9386 9387 9381
f 9361 9387 9386
f 9361 9386 9362
f 9362 9386 9389
f 9362 9389 9363
f 8784 9362 9363
f 8784 9363 8777
f 8777 9363 9364
f 8777 9364 8779
f 8778 8777 8779
f 8778 8779 8780
f 9363 9390 9364
f 8777 8785 8784
f 8784 8785 8786
f 8786 8785 8787
f 8786 8787 8788
f 8788 9361 8786
f 8776 8785 8777
f 8786 9362 8784
f 9363 9389 9390
f 9375 9390 9389
f 9375 9389 9376
f 9375 9376 8907
f 8907 9376 9377
f 9376 9386 9377
f 8907 9377 8915
f 6926 8907 8915
f 6926 8915 6304
f 6304 8915 8916
f 6304 8916 6298
f 6298 8916 8917
f 8915 9378 8916
f 6924 8907 6926
f 6922 8907 6924
f 6922 8906 8907
f 6920 8906 6922
f 6920 8905 8906
f 8905 9374 8906
f 8906 9374 9375
f 8880 8905 6920
f 6920 6918 8880
f 6918 8893 8880
f 8880 8893 8894
f 8915 9377 9378
f 8906 9375 8907
f 9374 9390 9375
f 9376 9389 9386
f 8786 9361 9362
f 8788 9387 9361
f 9377 9386 9381
f 8788 9388 9387
f 8789 9388 8788
f 9377 9381 9378
f 8916 9378 9379
f 9384 9383 9380
f 9384 9380 9385
f 9360 9383 9384
f 8790 9360 9384
f 9360 9324 9383
f 9327 9324 9360
f 8803 9327 9360
f 8916 9379 8917
f 6298 8917 8891
f 9326 8904 8892
f 8903 8904 9326
f 9326 9383 9324
f 9320 9325 9323
f 9321 9324 9327
f 9323 9180 9317
f 9179 9180 9181
f 9321 9186 9322
f 9321 9327 8803
f 9185 8802 9181
f 8801 8802 8792
f 8803 9360 8790
f 8790 9384 8791
f 8791 9384 9385
f 9385 9380 9382
f 8789 9382 9388
f 8788 8787 8789
f 8792 8793 8794
f 8844 8801 8792
f 8835 8844 8836
f 8776 8787 8785
f 8824 8836 8825
f 8776 8777 8778
f 8756 8825 8826
f 4161 8755 8756
f 4122 4161 4124
f 4123 4124 4125
f 4089 4125 4127
f 4127 4091 4128
f 4126 4162 4163
f 4091 4164 4092
f 4163 8757 8758
f 4092 4164 4165
f 8765 9028 8766
f 8765 9027 9028
f 9027 8774 8773
f 8773 8774 8775
f 8759 8758 8772
f 8757 8827 8758
f 8827 8778 8780
f 8775 8782 8773
f 8780 8779 8781
f 8773 8782 8783
f 9366 9029 8783
f 8779 9365 8781
f 9366 9367 9029
f 9357 9367 9399
f 8779 9364 9365
f 9357 9399 9391
f 9400 9364 9390
f 9391 9392 9357
f 9353 9393 9392
f 9400 9390 9401
f 9401 9390 9374
f 9374 8905 8880
f 8880 8894 8895
f 8895 8894 8896
f 9353 9402 9356
f 8895 8896 8874
f 8874 8896 8897
f 9354 9353 9356
f 9354 8873 9355
f 8874 8897 8875
f 9355 8873 8878
f 6434 7708 6433
f 7703 8898 8878
f 6458 6522 6503
f 6503 6522 6523
f 6503 6523 6515
f 6515 6516 6503
f 6503 6516 6517
f 6503 6517 6512
f 6512 6513 6503
f 6503 6513 6514
f 6503 6514 6509
f 6509 6510 6503
f 6503 6510 6511
f 6503 6511 6506
f 6506 6507 6503
f 6503 6507 6508
f 6503 6508 6501
f 6501 6502 6503
f 6503 6502 6504
f 6503 6504 6476
f 6476 6504 6505
f 6476 6505 6495
f 6495 6496 6476
f 6476 6496 6497
f 6476 6497 6474
f 6474 6475 6476
f 6476 6475 6477
f 6476 6477 6478
f 7704 6476 6478
f 6478 6477 6479
f 6478 6479 6480
f 7705 6478 6480
f 7705 6480 7706
f 6503 6476 7704
f 8879 8898 7703
f 7704 6478 7705
f 9371 8898 8879
f 9371 9395 9359
f 9373 9369 9372
f 9394 9396 9395
f 9368 8771 9394
f 9369 8966 8965
f 8958 8965 8959
f 9024 9025 8968
f 8968 9025 8971
f 9024 9023 9025
f 9023 8974 9025
f 9025 8974 8973
f 4879 8973 8974
f 4879 8974 4880
f 4878 4879 4880
f 4879 4878 4882
f 4882 4878 4883
f 4882 4883 4814
f 4887 4883 4878
f 4887 4878 4888
f 4888 4878 4876
f 4888 4876 4889
f 4889 4876 4872
f 4875 4872 4876
f 4875 4876 4877
f 8975 4875 4877
f 8975 4877 8974
f 8974 4877 4881
f 8975 4870 4875
f 8976 4870 8975
f 8976 4871 4870
f 4870 4871 4872
f 4872 4871 4873
f 4872 4873 4865
f 4865 4873 4874
f 4873 8976 4874
f 4865 4874 4866
f 4874 8977 4866
f 8977 4868 4866
f 8977 4869 4868
f 4862 4868 4869
f 4862 4869 4863
f 4862 4863 4858
f 4893 4862 4858
f 4892 4862 4893
f 4892 4867 4862
f 4891 4867 4892
f 4891 4865 4867
f 4890 4865 4891
f 4828 4890 4891
f 4828 4891 4829
f 87 4828 4829
f 87 4829 86
f 86 85 87
f 87 85 88
f 111 88 85
f 110 88 111
f 110 91 88
f 109 91 110
f 28 109 110
f 28 110 26
f 26 27 28
f 26 35 27
f 4296 27 35
f 4296 35 4295
f 4295 4335 4296
f 4295 4333 4335
f 4294 4333 4295
f 4295 32 4294
f 4295 34 32
f 33 32 34
f 31 32 33
f 31 33 36
f 36 33 37
f 36 37 38
f 36 38 4294
f 4294 38 41
f 4294 41 4293
f 4293 4331 4294
f 4293 41 40
f 37 40 41
f 39 40 37
f 39 44 40
f 39 43 44
f 42 43 39
f 39 114 42
f 39 113 114
f 113 80 114
f 114 80 77
f 79 77 80
f 78 77 79
f 79 4832 78
f 79 4831 4832
f 81 4831 79
f 83 4831 81
f 81 82 83
f 83 82 84
f 84 4830 83
f 84 4829 4830
f 4829 4892 4830
f 84 82 85
f 112 85 82
f 112 82 113
f 37 112 113
f 81 80 82
f 83 4830 4831
f 4830 4893 4831
f 4831 4893 4894
f 79 80 81
f 113 82 80
f 42 49 43
f 4292 43 49
f 49 4291 4292
f 48 4291 49
f 4292 44 43
f 4293 44 4292
f 4292 4329 4293
f 37 113 39
f 4293 40 44
f 37 41 38
f 33 112 37
f 33 111 112
f 26 111 33
f 4294 31 36
f 33 34 26
f 4294 32 31
f 4295 35 34
f 4296 29 27
f 4297 29 4296
f 4297 30 29
f 4 30 4297
f 6 30 4
f 4 5 6
f 6 5 23
f 23 108 6
f 6 108 109
f 108 93 109
f 108 96 93
f 95 93 96
f 94 93 95
f 92 93 94
f 94 4827 92
f 92 4827 90
f 90 91 92
f 90 4827 4828
f 90 4828 89
f 89 88 90
f 94 4826 4827
f 4826 4889 4827
f 4827 4889 4890
f 92 91 93
f 95 4826 94
f 95 4825 4826
f 4825 4888 4826
f 97 4825 95
f 98 4825 97
f 97 96 98
f 98 96 99
f 107 99 96
f 98 99 100
f 100 4824 98
f 101 4824 100
f 101 4823 4824
f 4823 4886 4824
f 4824 4886 4887
f 4824 4887 4825
f 4823 4885 4886
f 98 4824 4825
f 95 96 97
f 107 96 108
f 23 107 108
f 20 107 23
f 20 106 107
f 22 20 23
f 22 23 24
f 4298 22 24
f 4298 24 25
f 4298 25 4297
f 4297 4339 4298
f 4297 25 5
f 4299 22 4298
f 4299 21 22
f 19 21 4299
f 4299 4300 19
f 4300 7 19
f 4300 8 7
f 4301 8 4300
f 4300 4345 4301
f 7 9 19
f 19 9 20
f 4299 4343 4300
f 4299 4341 4343
f 19 20 21
f 4298 4341 4299
f 23 25 24
f 21 20 22
f 23 5 25
f 4297 5 4
f 6 29 30
f 28 29 6
f 4296 4337 4297
f 26 34 35
f 28 27 29
f 6 109 28
f 109 93 91
f 90 88 91
f 26 110 111
f 111 85 112
f 87 88 89
f 84 85 86
f 86 4829 84
f 89 4828 87
f 4827 4890 4828
f 4829 4891 4892
f 4830 4892 4893
f 4893 4858 4894
f 4858 4863 4864
f 8978 4863 4869
f 4867 4868 4862
f 8978 4869 8977
f 4867 4866 4868
f 4865 4866 4867
f 4890 4872 4865
f 4873 4871 8976
f 4876 4881 4877
f 4876 4880 4881
f 4870 4872 4875
f 4889 4872 4890
f 4826 4888 4889
f 4825 4887 4888
f 4886 4883 4887
f 4886 4884 4883
f 4878 4880 4876
f 8974 4881 4880
f 4882 8973 4879
f 9023 8975 8974
f 9021 8975 9023
f 9022 9023 9024
f 9368 8957 9026
f 9368 9026 8970
f 8970 8769 9368
f 8768 8767 8769
f 8968 8971 8969
f 8768 8760 8767
f 8760 8764 8761
f 8761 4813 8760
f 8971 8763 8762
f 8764 8972 8761
f 9025 8973 8971
f 4814 8973 4882
f 8972 4813 8761
f 4814 4883 4884
f 4813 4812 8760
f 4885 4884 4886
f 8760 4104 4165
f 4822 4885 4823
f 4821 4822 4823
f 12 4821 4823
f 11 4821 12
f 4094 4104 103
f 10 11 12
f 12 4823 101
f 100 99 101
f 106 99 107
f 105 103 102
f 9 106 20
f 14 104 105
f 7 8 9
f 15 14 16
f 4301 18 8
f 4276 17 16
f 4276 4303 4102
f 4303 4308 4304
f 4346 4310 4308
f 4301 4345 4347
f 4344 4323 4346
f 4300 4343 4345
f 4344 4324 4323
f 4324 4322 4277
f 4340 4321 4322
f 4341 4342 4343
f 4298 4339 4341
f 4338 4321 4340
f 4297 4337 4339
f 4336 4319 4338
f 4296 4335 4337
f 4336 4317 4319
f 4281 4317 4282
f 4332 4284 4282
f 4333 4334 4335
f 4294 4331 4333
f 4330 4284 4332
f 4293 4329 4331
f 4328 4283 4330
f 4292 4327 4329
f 4328 4290 4283
f 45 52 4290
f 4291 4327 4292
f 47 52 45
f 48 46 4291
f 42 48 49
f 42 114 115
f 47 116 50
f 116 74 71
f 73 71 74
f 114 77 115
f 76 77 78
f 73 74 75
f 78 4832 76
f 4831 4894 4832
f 4815 4817 4855
f 4815 4816 4817
f 4817 4816 4851
f 4816 4852 4851
f 8981 4852 4816
f 8981 4816 4815
f 4855 8981 4815
f 4857 4861 8980
f 8980 4861 4860
f 4894 4858 4856
f 8980 4860 8979
f 4858 4864 4859
f 4864 4863 8978
f 9018 9004 8994
f 9020 9004 9018
f 9016 9015 9017
f 9017 8978 8977
f 4874 8976 8977
f 9021 8976 8975
f 9018 9019 9020
f 9022 9021 9023
f 9024 8959 9022
f 8959 8965 8966
f 9369 8964 8966
f 8963 8964 9369
f 9020 8967 9004
f 9004 8961 8994
f 8963 8962 8964
f 9373 8963 9369
f 9372 8884 9373
f 7705 8883 8884
f 8882 8961 8960
f 7706 8883 7705
f 8882 8881 8961
f 6428 8881 6429
f 7706 6480 7707
f 6480 6479 6481
f 6427 6470 6471
f 6481 5846 6482
f 5845 5846 5842
f 6470 5850 5849
f 5848 5859 5849
f 5845 6270 6271
f 6271 6242 6243
f 6241 6215 6242
f 6214 6188 6215
f 6187 6159 6188
f 6189 6160 6161
f 6129 6101 6102
f 6072 6046 6073
f 6100 6071 6072
f 6128 6101 6129
f 6159 6127 6128
f 6099 6071 6100
f 6099 6070 6071
f 6158 6126 6127
f 6157 6125 6126
f 6124 6097 6125
f 6097 7749 6069
f 6098 6070 6099
f 6070 6044 6071
f 6069 7751 6043
f 7751 7750 7752
f 7729 7752 7730
f 5423 7729 7711
f 7712 7756 5423
f 7753 7754 7755
f 7712 7757 7756
f 6015 7753 7755
f 6044 6015 6016
f 6016 5988 6017
f 5987 7757 5961
f 5988 5962 5989
f 5935 5961 5410
f 5962 5936 5963
f 5936 5905 5937
f 5410 5904 5935
f 5409 5410 5399
f 7537 5407 5409
f 5905 5408 5406
f 5405 5407 7537
f 5403 5404 5405
f 5905 5406 5906
f 5938 5906 5907
f 5403 5402 5404
f 5908 5402 5401
f 5908 5401 5909
f 5938 5907 5939
f 5940 5908 5909
f 5965 5939 5966
f 5967 5940 5941
f 5992 5965 5966
f 6020 5992 6021
f 6050 6021 6022
f 6050 6022 6051
f 5993 5967 5994
f 6051 6022 6023
f 5994 5967 5968
f 5995 5969 5996
f 5967 5941 5968
f 5940 5909 5941
f 5909 5401 5369
f 5369 5368 5361
f 5942 5910 5911
f 5912 5360 5357
f 5912 5357 5913
f 5942 5911 5943
f 5944 5912 5913
f 5969 5943 5970
f 5997 5970 5971
f 5997 5971 5998
f 6026 5998 6027
f 5999 5972 5973
f 5972 5946 5973
f 6000 5974 6001
f 6001 5974 5975
f 5974 5948 5975
f 5948 5916 5917
f 5916 5429 5917
f 5973 5946 5947
f 5972 5945 5946
f 5944 5913 5945
f 5914 5354 5915
f 5913 5357 5355
f 5549 5358 5366
f 5360 5365 5357
f 5548 5364 5547
f 5360 5361 5362
f 5363 5546 5547
f 5637 5547 5546
f 5636 5547 5637
f 5510 5636 5637
f 7540 5510 5637
f 7541 5510 7540
f 7541 5511 5510
f 5510 5511 5512
f 5592 5512 5511
f 7541 7577 5511
f 7555 7577 7541
f 7555 7541 7556
f 7556 7561 7555
f 7561 7576 7555
f 5361 5368 5370
f 7539 5368 5367
f 7540 5637 5546
f 7557 7539 7558
f 7556 7541 7540
f 7558 7559 7557
f 7559 7550 7552
f 7552 7553 7554
f 7556 7560 7561
f 7553 7574 7554
f 7574 7564 7566
f 7566 7567 7568
f 7568 7567 7542
f 7561 7575 7576
f 7568 7542 7569
f 7555 7576 7577
f 7577 5592 5511
f 7569 7542 5591
f 7542 5607 5591
f 7567 7543 7542
f 5514 5545 5515
f 5515 5545 5544
f 5274 5544 5545
f 5272 5544 5274
f 5544 5272 5271
f 5543 5544 5271
f 5543 5271 5322
f 5280 5543 5322
f 5280 5322 5278
f 5278 5279 5280
f 5279 5542 5280
f 5277 5542 5279
f 5278 5277 5279
f 5276 5277 5278
f 5278 5327 5276
f 5278 5326 5327
f 5323 5326 5278
f 5278 5271 5323
f 5323 5271 5273
f 5323 5273 5324
f 5324 5325 5323
f 5330 5325 5324
f 5331 5325 5330
f 5330 5266 5331
f 5266 5201 5331
f 5331 5201 5189
f 5201 5202 5189
f 5261 5189 5202
f 5260 5189 5261
f 5261 8717 5260
f 5261 5202 8717
f 8717 5202 5201
f 5331 5189 5333
f 5333 5326 5331
f 5333 5189 5191
f 5333 5191 5334
f 5334 5191 5335
f 5334 5335 5336
f 5336 5335 5337
f 5334 5327 5333
f 5334 5284 5327
f 5331 5326 5325
f 5330 5324 5270
f 5270 5267 5330
f 5270 5268 5267
f 5268 4956 5267
f 5268 4927 4956
f 4929 4956 4927
f 4927 4928 4929
f 4928 4927 5268
f 4928 5268 5270
f 5270 4948 4928
f 5269 4948 5270
f 5269 4950 4948
f 5269 5275 4950
f 5275 4951 4950
f 5275 5274 4951
f 5273 5274 5275
f 4949 4950 4951
f 4949 4948 4950
f 5270 5275 5269
f 4928 4948 4949
f 5270 5324 5275
f 5324 5273 5275
f 5323 5325 5326
f 5333 5327 5326
f 5276 5327 5284
f 5276 5284 5281
f 5281 5282 5276
f 5276 5282 5283
f 5283 5282 5541
f 5283 5541 5277
f 5276 5283 5277
f 5278 5322 5271
f 5271 5272 5273
f 5273 5272 5274
f 5274 5545 4951
f 4949 4951 5545
f 7567 7562 7543
f 7544 7535 7562
f 4928 4949 4929
f 7535 4946 4952
f 7535 4947 4946
f 4929 4955 4956
f 4955 4954 4956
f 4941 4943 4947
f 4962 4963 4964
f 4962 4961 4963
f 4960 4961 4962
f 4960 4971 4961
f 7607 4961 4971
f 4962 4945 4960
f 4943 4942 4944
f 4939 4944 4940
f 4975 4960 4945
f 4969 4970 4960
f 4977 4923 4969
f 4923 4922 4969
f 4921 4922 4923
f 7635 4922 4921
f 4974 7635 4921
f 4974 7609 7635
f 4973 7609 4974
f 4932 7609 4973
f 4932 4973 4923
f 4931 4932 4923
f 4933 4931 4923
f 4923 4973 4974
f 7635 4972 4922
f 7606 4972 7635
f 4967 4972 7606
f 7606 7636 4967
f 7631 7636 7606
f 7630 7636 7631
f 7618 7630 7631
f 7631 7606 7632
f 7623 7631 7632
f 7623 7632 7625
f 4967 7636 7637
f 4969 4972 4967
f 4967 4968 4969
f 7632 7606 7635
f 7632 7635 7633
f 4923 4974 4921
f 4969 4922 4972
f 4976 4939 4937
f 4936 4935 4937
f 4933 4923 4977
f 4933 4930 4910
f 4934 4935 4936
f 4934 4917 4913
f 4915 4911 4913
f 4910 4930 4912
f 4911 4920 4909
f 4933 4910 4908
f 4908 4931 4933
f 4931 7599 4932
f 7598 4907 4909
f 7598 7592 7591
f 7599 7608 4932
f 4932 7608 7609
f 7633 7635 7609
f 7624 7634 7591
f 7625 7632 7633
f 7623 7625 5007
f 5008 7624 7600
f 4999 5008 5009
f 5007 5006 7623
f 5004 4999 5013
f 5012 5004 5013
f 7623 5006 5005
f 7618 7631 7623
f 5012 5011 5004
f 5010 5011 5012
f 5012 5016 5010
f 5012 5015 5016
f 7620 5016 5015
f 7619 7630 7618
f 7630 7637 7636
f 7628 7627 7629
f 4967 7637 4968
f 4969 4968 4970
f 4960 4970 4971
f 7628 7626 7627
f 7617 7626 7628
f 7614 7611 7616
f 7611 8743 7612
f 8743 4958 7612
f 7610 7607 4971
f 4961 7607 4963
f 4964 4963 4965
f 4964 4965 4926
f 7612 4958 4966
f 4924 4926 4957
f 4924 4925 4926
f 8743 4959 4958
f 4924 4957 5262
f 8742 5263 4959
f 8742 5264 5263
f 5262 4925 4924
f 4925 4953 4926
f 4953 4954 4955
f 5267 4956 4954
f 5330 5267 5266
f 5263 5264 5265
f 5266 5332 5201
f 8745 5264 8742
f 8744 5201 5332
f 8717 5201 8744
f 8729 8730 8731
f 8729 8745 8727
f 8716 8726 8727
f 5028 8728 5023
f 8716 7613 8726
f 5020 7613 7615
f 5023 5024 5025
f 5023 5025 5030
f 5030 5025 5026
f 5030 5026 5079
f 5020 7615 5021
f 5021 7615 5022
f 5022 7615 7622
f 7622 7617 7621
f 7620 5015 7621
f 5014 5015 5012
f 5013 5078 5012
f 5081 5078 5082
f 5051 5080 5081
f 5017 5018 5019
f 5079 5026 5019
f 5050 5080 5051
f 239 5050 237
f 239 240 241
f 202 5048 241
f 5049 5030 5079
f 5029 5023 5030
f 202 5036 5048
f 5031 5033 5036
f 5029 5034 5035
f 5031 5032 5033
f 5031 8738 5032
f 8737 8738 8739
f 5034 8736 8734
f 8733 8732 8734
f 8733 8718 8717
f 8737 8719 8735
f 5260 8717 8718
f 5260 5190 5189
f 5259 8719 5203
f 5189 5190 5191
f 5194 5335 5191
f 5193 5192 5203
f 5193 5258 5254
f 5252 5335 5194
f 5646 5255 5254
f 5646 5644 5648
f 5648 5649 5251
f 5252 5256 5253
f 5246 5248 5251
f 5252 5337 5335
f 5248 5249 5242
f 5340 5339 5341
f 5340 5341 5342
f 5342 5341 5343
f 5651 5241 5245
f 5242 5243 5244
f 5250 5650 5243
f 5650 5686 5687
f 5651 5688 5652
f 5687 5682 5683
f 5688 5684 5689
f 5689 5684 5680
f 5683 900 902
f 5684 903 5680
f 900 901 902
f 901 959 904
f 904 959 960
f 5680 903 905
f 5690 5680 5679
f 5690 5679 5691
f 906 907 908
f 908 907 909
f 5691 5679 5678
f 5655 5692 5657
f 5657 5223 5655
f 5655 5223 5228
f 5655 5228 5230
f 5228 5229 5230
f 5229 5233 5230
f 5229 5232 5233
f 5228 5225 5229
f 5230 5233 5655
f 5223 5225 5228
f 5655 5233 5232
f 5234 5235 5236
f 5654 5238 5237
f 5654 5690 5691
f 5689 5680 5690
f 5652 5688 5689
f 5653 5235 5234
f 5652 5241 5651
f 5240 5245 5241
f 5234 5236 5239
f 5240 5343 5341
f 5231 5345 5236
f 5231 5232 5229
f 5225 5349 5229
f 5221 5214 5351
f 5223 5224 5225
f 5657 5224 5223
f 5221 5226 5227
f 5657 5693 5656
f 5656 5693 5694
f 5656 5694 5659
f 5693 5676 5694
f 5659 5220 5656
f 5221 5227 5222
f 5217 5214 5221
f 5659 5218 5220
f 5659 5694 5695
f 5694 5674 5695
f 5695 5674 5675
f 5696 5673 5697
f 5697 5673 5672
f 5697 5672 5698
f 5698 5672 5669
f 5672 929 5669
f 5669 929 931
f 929 930 931
f 929 927 930
f 928 927 929
f 926 927 928
f 5672 926 928
f 926 924 927
f 925 924 926
f 5673 925 926
f 923 924 925
f 924 967 927
f 927 967 968
f 967 940 968
f 968 940 939
f 940 542 939
f 940 543 542
f 940 545 543
f 942 545 940
f 942 546 545
f 540 545 546
f 540 546 541
f 941 541 546
f 539 541 941
f 941 534 539
f 534 536 539
f 534 535 536
f 536 535 537
f 536 537 532
f 532 537 538
f 532 538 533
f 538 943 533
f 533 943 944
f 533 944 531
f 531 944 945
f 531 945 429
f 429 431 531
f 429 430 431
f 431 430 527
f 527 430 530
f 527 530 525
f 525 526 527
f 526 525 946
f 946 528 526
f 946 529 528
f 947 529 946
f 947 523 529
f 522 528 529
f 527 528 522
f 584 527 522
f 582 527 584
f 583 582 584
f 583 584 585
f 585 584 586
f 585 586 587
f 476 585 587
f 527 526 528
f 946 525 530
f 946 530 945
f 962 946 945
f 962 945 963
f 945 530 430
f 582 431 527
f 580 431 582
f 580 532 431
f 578 532 580
f 579 578 580
f 579 580 581
f 577 578 579
f 464 577 579
f 464 579 559
f 577 576 578
f 575 576 577
f 459 575 577
f 456 575 459
f 459 461 456
f 575 574 576
f 573 574 575
f 573 572 574
f 572 544 574
f 572 542 544
f 428 542 572
f 428 591 542
f 427 591 428
f 591 427 939
f 939 427 426
f 939 426 551
f 428 551 426
f 428 550 551
f 549 550 428
f 553 549 428
f 550 887 551
f 548 887 550
f 548 885 887
f 885 886 887
f 888 887 886
f 890 887 888
f 890 939 887
f 888 889 890
f 937 890 889
f 3576 937 889
f 3576 3578 937
f 3570 3578 3576
f 3570 3576 3572
f 3572 3576 888
f 3572 888 3574
f 3571 3570 3572
f 3569 3570 3571
f 3569 3568 3570
f 3568 3577 3570
f 3570 3577 3578
f 3577 936 3578
f 3578 936 937
f 936 930 937
f 935 930 936
f 935 936 3583
f 3583 934 935
f 934 931 935
f 934 933 931
f 932 933 934
f 5667 933 932
f 5667 931 933
f 930 890 937
f 930 968 890
f 3576 889 888
f 3574 888 886
f 887 939 551
f 426 427 428
f 571 428 572
f 574 544 540
f 574 540 576
f 576 540 536
f 576 536 578
f 581 580 582
f 531 431 532
f 945 430 429
f 963 945 944
f 963 944 964
f 916 963 964
f 916 964 919
f 919 964 965
f 919 965 921
f 921 965 966
f 921 966 924
f 965 941 966
f 966 941 942
f 966 942 967
f 965 943 941
f 943 535 941
f 964 943 965
f 918 916 919
f 913 963 916
f 964 944 943
f 531 532 533
f 538 537 943
f 578 536 532
f 943 537 535
f 539 536 540
f 941 535 534
f 539 540 541
f 544 545 540
f 941 546 942
f 544 543 545
f 542 543 544
f 939 542 591
f 968 939 890
f 967 942 940
f 924 966 967
f 927 968 930
f 935 931 930
f 5669 931 5667
f 5672 928 929
f 5698 5669 5699
f 5699 5669 5671
f 5669 5670 5671
f 5699 5671 8286
f 5666 5698 5699
f 5661 5698 5666
f 5661 5697 5698
f 5660 5697 5661
f 5673 926 5672
f 5660 5696 5697
f 5673 923 925
f 923 921 924
f 920 919 921
f 5674 922 5675
f 918 919 920
f 5694 5676 5674
f 917 916 918
f 915 916 917
f 5693 5677 5676
f 915 913 916
f 5677 912 914
f 911 910 912
f 913 962 963
f 961 946 962
f 909 907 910
f 904 960 907
f 961 947 946
f 959 884 960
f 519 884 520
f 518 519 520
f 524 523 947
f 522 529 523
f 584 522 586
f 518 520 516
f 590 516 510
f 589 590 570
f 587 586 588
f 476 587 561
f 484 476 561
f 484 561 486
f 486 487 484
f 435 487 486
f 435 486 436
f 434 435 436
f 436 433 434
f 434 487 435
f 434 771 487
f 562 589 570
f 499 569 570
f 565 569 491
f 565 491 432
f 171 432 141
f 171 172 173
f 563 564 490
f 436 486 563
f 173 177 489
f 176 177 173
f 436 175 433
f 434 433 771
f 768 174 176
f 2820 2838 176
f 2838 773 772
f 769 770 771
f 772 773 774
f 852 795 774
f 487 771 770
f 484 487 488
f 852 796 795
f 484 488 485
f 796 479 483
f 797 479 796
f 477 797 798
f 481 480 482
f 481 476 484
f 473 477 478
f 557 585 476
f 473 474 471
f 557 583 585
f 581 582 583
f 559 579 581
f 558 471 467
f 468 467 469
f 801 468 800
f 559 466 464
f 560 801 465
f 459 577 464
f 465 802 463
f 845 803 802
f 459 460 461
f 456 461 462
f 456 462 454
f 454 455 456
f 456 573 575
f 571 572 573
f 553 428 571
f 439 438 441
f 441 438 444
f 438 767 444
f 441 444 443
f 437 554 445
f 445 446 447
f 448 453 447
f 448 452 453
f 451 452 448
f 451 457 458
f 805 450 449
f 457 804 458
f 842 805 843
f 844 804 803
f 819 844 821
f 818 819 820
f 862 816 818
f 814 815 816
f 817 842 843
f 841 806 842
f 814 813 815
f 811 840 813
f 841 807 806
f 438 807 767
f 811 764 840
f 809 764 811
f 809 762 764
f 762 763 764
f 763 765 764
f 765 763 3632
f 3690 765 3632
f 3690 3632 3689
f 766 765 3690
f 444 767 443
f 3690 3602 766
f 3690 3630 3602
f 442 441 443
f 440 555 556
f 555 3603 556
f 441 552 439
f 552 549 553
f 549 548 550
f 556 3575 547
f 938 885 548
f 3574 886 885
f 3573 3572 3574
f 3603 3575 556
f 3602 3604 3603
f 3571 3572 3573
f 3605 3569 3571
f 3606 3569 3605
f 3606 3567 3569
f 3630 3604 3602
f 3689 3630 3690
f 3689 3691 3688
f 3688 3691 3692
f 3629 3606 3605
f 3687 3628 3688
f 3688 3692 3687
f 3707 3722 3723
f 3722 3736 3723
f 3691 3706 3692
f 3689 3632 3691
f 763 762 3632
f 3631 760 3721
f 760 759 3721
f 808 762 809
f 810 809 811
f 854 810 856
f 853 758 854
f 759 760 761
f 3721 759 3674
f 756 757 758
f 756 754 3633
f 3722 3674 3736
f 3723 3736 3737
f 3723 3737 3724
f 3724 3737 3738
f 3737 3752 3738
f 3738 3752 3753
f 3752 3667 3753
f 3753 3667 3665
f 3666 3665 3667
f 3738 3753 3739
f 3739 3753 3754
f 3752 3670 3667
f 3669 3667 3670
f 3668 3667 3669
f 3633 3634 3751
f 3669 3670 3671
f 3671 3769 3669
f 3672 3634 3673
f 626 628 3673
f 628 627 1153
f 1154 3803 1153
f 3671 3768 3769
f 3802 3891 3803
f 3802 3890 3891
f 3669 3769 3668
f 3666 3667 3668
f 3891 3771 3770
f 3880 3771 3891
f 3663 3771 3772
f 3664 3665 3666
f 3753 3665 3754
f 3661 3662 3663
f 3658 3659 3660
f 3663 3772 3661
f 3880 3772 3771
f 3891 3890 3880
f 3801 3890 3802
f 1098 3800 3801
f 3799 3888 3800
f 3889 3878 3879
f 3887 3877 3888
f 3887 3876 3877
f 3878 3861 3862
f 3876 3860 3877
f 3861 3845 3846
f 3859 3844 3860
f 3845 3831 3832
f 3831 3820 3832
f 3821 3820 3811
f 3787 3766 3811
f 3787 3790 3767
f 3819 3809 3810
f 3818 3808 3809
f 3807 3789 3808
f 3790 3788 3767
f 3804 3785 3784
f 3807 3786 3789
f 3816 3807 3817
f 3804 3784 3805
f 3813 3804 3805
f 3827 3816 3828
f 3841 3827 3828
f 3855 3840 3856
f 3872 3855 3856
f 3841 3828 3842
f 3874 3857 3858
f 3842 3829 3843
f 3859 3843 3844
f 3874 3858 3875
f 3876 3859 3860
f 3886 3876 3887
f 3797 3886 3798
f 1089 3796 3797
f 3795 3884 3796
f 3885 3874 3875
f 3873 3857 3874
f 3795 3883 3884
f 3872 3856 3873
f 3794 3882 3883
f 3793 3882 3794
f 1170 3792 3793
f 3792 4259 3870
f 3869 3870 4268
f 3868 3852 3869
f 3881 3853 3871
f 3871 3855 3872
f 3855 3825 3840
f 3852 3837 3838
f 3836 3824 3837
f 3840 3825 3814
f 3813 3805 3814
f 3836 3823 3824
f 3812 3804 3813
f 3822 3806 3812
f 3835 3823 3836
f 3815 3806 3822
f 3826 3767 3815
f 3839 3767 3826
f 3839 3826 3848
f 3849 3834 3835
f 3865 3849 3866
f 3864 3839 3848
f 3865 4247 4240
f 3854 3839 3864
f 3854 3767 3839
f 3767 3766 3787
f 3636 4225 3637
f 4225 3765 3637
f 4225 3750 3765
f 3720 3750 4225
f 4225 3705 3720
f 4225 3675 3705
f 3675 3704 3705
f 3704 3719 3705
f 3704 3718 3719
f 3718 3734 3719
f 3718 3733 3734
f 3717 3733 3718
f 3703 3717 3718
f 3702 3717 3703
f 3677 3702 3703
f 3678 3702 3677
f 3678 3701 3702
f 3701 3716 3702
f 3701 3715 3716
f 3679 3701 3678
f 3679 3700 3701
f 3680 3700 3679
f 3679 3620 3680
f 3680 3620 3621
f 3620 3611 3621
f 3620 3610 3611
f 3619 3610 3620
f 3619 3601 3610
f 3618 3601 3619
f 3618 3600 3601
f 3617 3600 3618
f 3677 3617 3618
f 3676 3617 3677
f 3676 3616 3617
f 3616 3599 3617
f 4224 3599 3616
f 4224 3616 4225
f 4270 3599 4224
f 4275 3599 4270
f 4275 3554 3599
f 3599 3554 3600
f 3600 3554 3553
f 3552 3553 3554
f 4274 3552 3554
f 3550 3552 4274
f 4274 4272 3550
f 4272 3591 3550
f 4272 3555 3591
f 3590 3555 4272
f 4272 4582 3590
f 4582 3589 3590
f 3589 3556 3590
f 3589 3588 3556
f 3587 3588 3589
f 3587 3597 3588
f 4581 3597 3587
f 4581 3587 4582
f 3598 3597 4581
f 4581 3584 3598
f 3596 3598 3584
f 3584 3595 3596
f 3564 3596 3595
f 3562 3596 3564
f 3562 3588 3596
f 3559 3588 3562
f 3561 3559 3562
f 3560 3559 3561
f 3559 3560 3558
f 3558 3556 3559
f 3557 3556 3558
f 3555 3556 3557
f 3555 3557 3591
f 3591 3557 3592
f 3611 3592 3557
f 3611 3557 3612
f 3612 3557 3558
f 3612 3558 3613
f 3622 3612 3613
f 3622 3613 3623
f 3623 3613 3614
f 3613 3560 3614
f 3682 3622 3623
f 3682 3623 3683
f 3683 3697 3682
f 3683 3696 3697
f 3684 3696 3683
f 3684 3695 3696
f 3695 3710 3696
f 3696 3710 3711
f 3683 3623 3624
f 3681 3622 3682
f 3681 3621 3622
f 3682 3698 3681
f 3681 3698 3699
f 3681 3699 3680
f 3621 3612 3622
f 3613 3558 3560
f 3563 3562 3564
f 4581 3585 3584
f 4580 3585 4581
f 4580 3586 3585
f 3580 3585 3586
f 3580 3586 3581
f 3584 3585 3580
f 3596 3597 3598
f 3588 3597 3596
f 3559 3556 3588
f 4582 3587 3589
f 3590 3556 3555
f 3591 3592 3550
f 3550 3592 3593
f 3550 3593 3551
f 3601 3551 3593
f 3553 3551 3601
f 3610 3593 3592
f 3550 3551 3552
f 3552 3551 3553
f 4274 3554 4275
f 3675 3616 3676
f 3617 3599 3600
f 3600 3553 3601
f 3678 3618 3619
f 3601 3593 3610
f 3610 3592 3611
f 3621 3611 3612
f 3680 3621 3681
f 3679 3619 3620
f 3678 3619 3679
f 3677 3618 3678
f 3677 3703 3676
f 3676 3703 3704
f 3702 3716 3717
f 3716 3732 3717
f 3716 3731 3732
f 3731 3745 3732
f 3717 3732 3733
f 3732 3746 3733
f 3733 3746 3747
f 3733 3747 3734
f 3734 3747 3748
f 3734 3748 3735
f 3735 3748 3749
f 3735 3749 3720
f 3719 3735 3720
f 3748 3763 3749
f 3749 3763 3764
f 3749 3764 3750
f 3747 3762 3748
f 3719 3734 3735
f 3703 3718 3704
f 3676 3704 3675
f 4225 3616 3675
f 3705 3719 3720
f 3720 3749 3750
f 3750 3764 3765
f 3764 3638 3765
f 3765 3638 3637
f 3764 3639 3638
f 3766 3635 3640
f 3640 3641 3642
f 3763 3639 3764
f 3748 3762 3763
f 3642 3641 3643
f 3747 3761 3762
f 3644 3643 3645
f 3746 3761 3747
f 3732 3745 3746
f 3760 3648 3645
f 3649 3648 3650
f 3651 3650 3652
f 3652 3776 3777
f 3655 3775 3654
f 3847 3776 3863
f 3863 3774 3773
f 3660 3774 3658
f 3658 3656 3659
f 3657 3775 3655
f 3654 3653 3655
f 3756 3659 3656
f 3741 3756 3742
f 3728 3741 3742
f 3727 3741 3728
f 3757 3653 3758
f 3744 3758 3759
f 3729 3743 3730
f 3731 3744 3745
f 3715 3731 3716
f 3700 3715 3701
f 3680 3699 3700
f 3714 3729 3730
f 3728 3742 3729
f 3698 3713 3699
f 3682 3697 3698
f 3696 3711 3697
f 3712 3727 3728
f 3727 3740 3741
f 3739 3754 3740
f 3725 3738 3739
f 3710 3726 3711
f 3724 3738 3725
f 3708 3723 3724
f 3693 3708 3694
f 3695 3709 3710
f 3686 3693 3694
f 3686 3626 3627
f 3626 3608 3627
f 3685 3695 3684
f 3683 3624 3684
f 3623 3614 3624
f 3614 3560 3561
f 3625 3615 3609
f 3561 3562 3563
f 3626 3609 3608
f 3563 3564 3565
f 3627 3608 3607
f 3607 3567 3606
f 3565 3564 3566
f 3567 3568 3569
f 3564 3595 3566
f 3580 3595 3584
f 3568 3594 3577
f 3583 936 3577
f 3583 3579 934
f 3580 3581 3582
f 3581 3586 4580
f 3579 932 934
f 9166 8326 4578
f 9166 8327 8326
f 9166 8323 8327
f 8322 8327 8323
f 9167 8323 9166
f 8322 8326 8327
f 8325 8326 8322
f 8329 8287 8325
f 5667 932 8288
f 5667 5668 5669
f 5669 5668 5670
f 8328 8287 8329
f 8286 5671 5670
f 8328 8296 8289
f 8328 8298 8296
f 8298 8299 8296
f 8296 8299 8297
f 8341 8359 8342
f 8340 8358 8341
f 8298 8301 8299
f 8329 8298 8328
f 8329 8325 8330
f 8330 8325 8322
f 8322 8323 8324
f 9167 8324 8323
f 8283 8284 8285
f 8284 8321 8285
f 8284 8319 8321
f 9169 8310 8331
f 8952 8310 9169
f 8952 8308 8310
f 8312 8331 8310
f 8310 8311 8312
f 8312 8311 8313
f 8310 8309 8311
f 8308 8309 8310
f 8308 8307 8309
f 8306 8307 8308
f 8309 8336 8311
f 8311 8336 8337
f 8336 8354 8337
f 8336 8353 8354
f 8429 8354 8353
f 8335 8353 8336
f 8309 8335 8336
f 8312 8313 8304
f 8319 8320 8321
f 8285 8321 8302
f 8302 8303 8300
f 8303 8339 8340
f 8304 8313 8305
f 8311 8337 8313
f 8337 8354 8355
f 8428 8355 8354
f 8338 8356 8339
f 8444 8355 8428
f 8442 8357 8356
f 8424 8441 8443
f 8440 8357 8442
f 8439 8438 8440
f 8437 8438 8439
f 8422 8441 8424
f 8458 8423 8459
f 8470 8458 8459
f 8470 8459 8468
f 8468 8469 8470
f 8470 8469 8471
f 8470 8471 8472
f 8472 8458 8470
f 8468 8459 8460
f 8468 8460 8466
f 8466 8460 8407
f 8466 8407 8464
f 8464 8465 8466
f 8466 8467 8468
f 8425 8424 8426
f 8426 8444 8428
f 8428 8354 8429
f 8460 8427 8407
f 8429 8353 8352
f 8335 8352 8353
f 8307 8335 8309
f 8306 8318 8307
f 8333 8351 8334
f 8333 8350 8351
f 8406 8351 8350
f 8406 8350 8363
f 8332 8363 8350
f 8347 8363 8332
f 8347 8362 8363
f 8349 8362 8347
f 8404 8363 8362
f 8405 8404 8362
f 8332 8350 8333
f 8315 8347 8332
f 8315 8348 8347
f 8306 8317 8318
f 8306 8308 8952
f 8314 8315 8316
f 8314 8348 8315
f 8347 8348 8349
f 8405 8362 8349
f 8403 8404 8405
f 8461 8402 8462
f 8406 8363 8404
f 8408 8351 8406
f 8464 8407 8408
f 8464 8397 8465
f 8462 8396 8463
f 8394 8395 8396
f 8483 8395 8394
f 8482 8473 8395
f 8482 8395 8483
f 8483 8394 8477
f 8398 8476 8477
f 8601 8512 8494
f 8593 8600 8601
f 8584 8585 8476
f 8592 8600 8593
f 8584 8583 8585
f 8581 8591 8583
f 8590 8598 8591
f 8510 8478 8511
f 8592 8599 8600
f 8600 8512 8601
f 8480 8481 8512
f 8478 8479 8511
f 8478 8392 8479
f 8478 8393 8392
f 8478 8365 8393
f 8485 8365 8478
f 8367 8392 8393
f 8479 8392 8391
f 8480 8474 8481
f 8397 8474 8465
f 8466 8465 8467
f 8391 8392 8367
f 8468 8467 8469
f 8469 8366 8471
f 8367 8393 8365
f 8471 8366 8387
f 8385 8386 8387
f 8484 8386 8385
f 8485 8390 8365
f 8510 8485 8478
f 8598 8509 8510
f 8486 8386 8484
f 8508 8475 8509
f 8486 8388 8386
f 8389 8475 8381
f 8380 8389 8381
f 8380 8381 8382
f 8382 8450 8380
f 8387 8386 8388
f 8471 8387 8472
f 8472 8457 8458
f 8380 8450 8451
f 8456 8419 8457
f 8417 8416 8418
f 8419 8420 8421
f 8420 8437 8439
f 8416 8435 8418
f 8437 8436 8438
f 8434 8360 8436
f 8416 8433 8435
f 8432 8361 8434
f 8431 8430 8432
f 8414 8433 8416
f 8413 8412 8414
f 8364 8430 8431
f 8364 5517 8430
f 8430 5517 5516
f 5519 5517 8364
f 5517 5519 5518
f 5518 5519 5521
f 5519 5520 5521
f 8411 8410 8412
f 8445 8371 8446
f 8372 8446 8447
f 8370 8446 8372
f 8372 8373 8370
f 8372 8379 8373
f 8372 8378 8379
f 8378 8491 8379
f 8377 8378 8372
f 8377 8376 8378
f 8452 8411 8453
f 8448 8453 8454
f 8372 8447 8377
f 8448 8454 8449
f 8382 8449 8450
f 8382 8381 8383
f 8383 8488 8384
f 8375 8376 8377
f 8384 8488 8489
f 8376 8490 8378
f 8507 8489 8488
f 8595 8506 8507
f 8378 8490 8491
f 8505 8492 8506
f 8379 8491 8373
f 8370 8373 8374
f 5528 8369 8368
f 5528 8368 5371
f 5373 5528 5371
f 5373 5527 5528
f 8368 5372 5371
f 8370 8445 8446
f 5525 5523 8445
f 5526 8369 5528
f 5527 5526 5528
f 5564 5609 5610
f 5564 5610 5566
f 5562 5609 5564
f 5523 5525 5524
f 8445 5523 8371
f 5608 5522 5609
f 8371 5561 8409
f 5562 5608 5609
f 5520 5561 5521
f 5563 5562 5564
f 5563 5564 5565
f 5518 5521 5593
f 5516 5517 5518
f 8430 5516 5529
f 5530 5195 5321
f 5529 5207 8430
f 5321 5195 5320
f 5319 5206 5320
f 5207 5208 5209
f 8345 8346 5209
f 8344 8346 8345
f 8295 8343 8344
f 8294 8295 8292
f 8286 8294 8292
f 8286 5666 5699
f 5662 8290 5663
f 8290 8293 8291
f 5204 5664 5665
f 8291 5206 5205
f 5204 5661 5666
f 5318 5660 5661
f 5319 5210 5206
f 5213 5660 5318
f 5658 5696 5660
f 5215 5219 5658
f 5211 5216 5212
f 5217 5215 5214
f 5353 5211 5319
f 5352 5351 5214
f 5319 5200 5353
f 5200 5317 5198
f 5352 5199 5313
f 5532 5198 5531
f 5313 5314 5315
f 5313 5315 5310
f 5316 5532 5533
f 5308 5309 5310
f 5532 5594 5533
f 5594 5563 5565
f 5595 5567 5596
f 5565 5564 5566
f 5566 5610 5612
f 5612 5613 5614
f 5614 5613 5615
f 5570 5614 5616
f 5567 5568 5569
f 5596 5567 5569
f 5534 5595 5596
f 5304 5535 5306
f 5303 5312 5534
f 5534 5312 5311
f 5310 5309 5311
f 5350 5310 5348
f 5346 5347 5348
f 5305 5304 5306
f 5535 5307 5306
f 5535 5299 5307
f 5296 5299 5300
f 5300 5301 5296
f 5346 5298 5344
f 5342 5343 5344
f 5297 5537 5294
f 5296 5301 5302
f 5536 5301 5300
f 5536 5597 5598
f 5598 5573 5599
f 5576 5620 5622
f 5622 5623 5624
f 5622 5621 5623
f 5621 5553 5623
f 5623 5553 5554
f 5623 5554 5625
f 5625 5554 5555
f 5625 5555 5627
f 5627 5555 5552
f 5627 5552 5629
f 5628 5627 5629
f 5626 5627 5628
f 5582 5626 5628
f 5580 5626 5582
f 5582 5628 5584
f 5584 5628 5630
f 5584 5630 5586
f 5583 5582 5584
f 5581 5582 5583
f 5603 5581 5583
f 5583 5584 5585
f 5604 5583 5585
f 5628 5629 5630
f 5630 5629 5631
f 5630 5631 5632
f 5555 5428 5552
f 5626 5625 5627
f 5624 5625 5626
f 5554 5426 5555
f 5554 5397 5426
f 5624 5623 5625
f 5580 5624 5626
f 5581 5580 5582
f 5577 5578 5579
f 5600 5575 5577
f 5538 5600 5539
f 5294 5537 5538
f 5293 5297 5294
f 5287 5289 5292
f 5293 5295 5297
f 5285 5329 5289
f 5342 5295 5340
f 5338 5339 5340
f 5336 5337 5338
f 5336 5284 5334
f 5285 5328 5329
f 5285 5290 5291
f 5290 5540 5291
f 5281 5284 5286
f 5541 5282 5281
f 5540 5601 5602
f 5602 5581 5603
f 5277 5541 5542
f 5603 5583 5604
f 5280 5542 5543
f 5515 5544 5543
f 5515 5606 5513
f 5606 5587 5589
f 5604 5585 5605
f 5585 5584 5586
f 5587 5588 5589
f 5586 5630 5632
f 5632 5633 5634
f 5589 5588 5590
f 5590 5512 5592
f 5512 5636 5510
f 5636 5548 5547
f 5549 5366 5548
f 5634 5633 5635
f 5551 5359 5549
f 5632 5631 5633
f 5629 5550 5631
f 5551 5356 5359
f 5433 5354 5356
f 5432 5354 5433
f 5629 5552 5550
f 5432 5431 5354
f 5916 5431 5429
f 5552 5428 5430
f 5555 5426 5428
f 5917 5429 5427
f 5948 5917 5949
f 5975 5948 5949
f 6001 5975 6002
f 6030 6002 6031
f 6061 6033 6062
f 6062 6033 6034
f 6062 6034 6063
f 6063 6034 6035
f 6088 6061 6062
f 6087 6061 6088
f 6032 6003 6004
f 6033 6005 6034
f 6034 6005 6006
f 6004 5977 5978
f 5976 5950 5977
f 5950 5918 5919
f 5951 5920 5952
f 5952 5920 5921
f 5920 5396 5921
f 5918 5425 5919
f 5397 5425 5426
f 5920 5424 5396
f 5553 5397 5554
f 5395 5394 5396
f 5921 5396 5394
f 5952 5921 5953
f 5979 5952 5953
f 6005 5979 6006
f 6034 6006 6035
f 6065 6037 6066
f 6066 6037 6038
f 6066 6038 6067
f 6067 6038 6039
f 6092 6065 6066
f 6091 6065 6092
f 6036 6007 6008
f 6037 6009 6038
f 6038 6009 6010
f 6008 5981 5982
f 5980 5954 5981
f 5954 5922 5923
f 5955 5924 5956
f 5956 5924 5925
f 5956 5925 5957
f 5924 5386 5925
f 5925 5386 5384
f 5925 5384 5926
f 5385 5384 5386
f 5385 5386 5387
f 5558 5385 5387
f 5558 5387 5557
f 5557 5387 5388
f 5383 5385 5558
f 5387 5386 5388
f 5388 5386 5389
f 5383 5384 5385
f 5383 5382 5384
f 5381 5382 5383
f 5924 5389 5386
f 5922 5391 5923
f 5388 5389 5390
f 5392 5391 5393
f 5556 5392 5393
f 5557 5388 5390
f 5621 5556 5553
f 5620 5621 5622
f 5574 5620 5576
f 5573 5572 5574
f 5570 5616 5572
f 5618 5617 5619
f 5614 5615 5616
f 5617 5558 5557
f 5613 5559 5615
f 5383 5558 5381
f 5379 5559 5560
f 5377 5378 5379
f 5377 5376 5378
f 5381 5380 5382
f 5926 5384 5382
f 5958 5927 5959
f 5957 5925 5926
f 5983 5956 5957
f 6009 5983 6010
f 6038 6010 6039
f 6011 5984 5985
f 6012 5986 6013
f 6013 5986 5799
f 5985 5958 5959
f 5986 5960 5799
f 5959 5927 5928
f 5928 5378 5929
f 5933 5930 5934
f 5929 5378 5376
f 5375 5376 5377
f 5375 5527 5373
f 5371 5372 5373
f 5934 5930 5374
f 8368 8493 5372
f 8505 8493 8492
f 8504 5932 8505
f 5931 5933 5934
f 5799 5960 5933
f 5797 5932 8504
f 8503 8504 8586
f 6014 5799 5798
f 6013 5799 6014
f 6041 6012 6013
f 5796 6041 5794
f 8502 6042 8503
f 8501 8502 8570
f 5794 5795 5796
f 6182 6096 8501
f 6181 6182 8500
f 6154 6123 6181
f 6095 6068 5796
f 6067 6039 6068
f 6093 6066 6067
f 6122 6094 6123
f 6149 6121 6122
f 6092 6066 6093
f 6148 6121 6149
f 6179 6147 6148
f 6146 6119 6147
f 6120 6091 6092
f 6091 6064 6065
f 6063 6035 6064
f 6089 6062 6063
f 6118 6090 6119
f 6145 6117 6118
f 6088 6062 6089
f 6144 6117 6145
f 6175 6143 6144
f 6142 6115 6143
f 6116 6087 6088
f 6087 6060 6061
f 6059 6031 6060
f 6085 6058 6059
f 6114 6086 6115
f 6141 6113 6114
f 6084 6058 6085
f 6140 6113 6141
f 6171 6139 6140
f 6138 6111 6139
f 6112 6083 6084
f 6083 6056 6057
f 6055 6027 6056
f 6081 6054 6055
f 6110 6082 6111
f 6137 6109 6110
f 6080 6054 6081
f 6136 6109 6137
f 6167 6135 6136
f 6134 6107 6135
f 6108 6079 6080
f 6079 6052 6053
f 6051 6023 6052
f 6077 6050 6051
f 6106 6078 6107
f 6133 6105 6106
f 6076 6050 6077
f 6104 6075 6076
f 6132 6105 6133
f 6131 6103 6104
f 6163 6132 6164
f 6162 6130 6131
f 6190 6161 6162
f 6216 6190 6217
f 6191 6163 6192
f 6219 6192 6193
f 6244 6217 6218
f 6272 6244 6273
f 6245 6219 6246
f 6275 6246 6247
f 5853 6275 5851
f 5855 6273 6274
f 5853 5852 5854
f 5857 6273 5855
f 5857 5858 5848
f 6493 5858 6491
f 5856 5854 6489
f 6491 6490 6492
f 6487 6488 6489
f 6490 6530 6531
f 6486 6529 6488
f 6530 8927 8928
f 8953 8927 8926
f 6486 6528 6529
f 8999 8926 8990
f 6525 8925 6528
f 6524 6525 6526
f 6484 6525 6528
f 6445 6484 6485
f 6445 5861 6444
f 6444 5870 5869
f 5868 5867 5869
f 5865 5866 5867
f 6442 6451 6443
f 6452 5866 6454
f 6454 6465 6455
f 8918 6455 8911
f 8918 8919 8920
f 8902 6443 6453
f 8902 8923 8924
f 8920 8921 8922
f 8991 8924 8923
f 9002 8921 9003
f 9008 9001 9002
f 8990 8924 8991
f 9000 8999 8990
f 9010 9001 9008
f 9008 9009 9010
f 9012 8998 9000
f 9012 9013 9014
f 9013 8980 8979
f 4855 8980 8981
f 9010 9009 9011
f 8956 4852 8981
f 4853 4852 8956
f 9008 9007 9009
f 8983 8982 9007
f 8983 4847 8982
f 4846 4847 4843
f 4853 8956 4854
f 4851 4852 4853
f 4897 4846 4898
f 4896 4817 4851
f 4834 4897 4835
f 4833 4895 4896
f 75 4833 73
f 72 71 73
f 117 71 68
f 70 4834 4835
f 67 68 69
f 67 4836 66
f 4835 4897 4898
f 4898 4846 4843
f 4843 4850 4844
f 4844 8984 4845
f 4845 8984 8985
f 8988 8986 8985
f 4839 4841 4842
f 4818 8986 8950
f 4818 4819 4820
f 4839 4840 4841
f 9167 4901 4820
f 9166 4901 9167
f 4900 4841 4840
f 9166 4838 4901
f 4577 4838 9166
f 9166 4578 4577
f 4577 4578 4579
f 4579 62 4577
f 4579 1 62
f 4577 62 4838
f 4837 4899 4900
f 63 4838 62
f 64 4836 4837
f 64 3 65
f 62 1 63
f 2 1 4579
f 120 3 2
f 1118 1119 1120
f 1118 1121 1119
f 1119 1121 1122
f 1119 1122 1123
f 1717 1585 1813
f 1813 1585 1581
f 1813 1581 1580
f 6294 6427 6291
f 6291 6427 6527
f 6291 6527 6292
f 1719 1720 1721
f 1721 1720 1722
f 5808 5833 5835
f 5808 5835 5809
f 6431 6432 6433
f 6433 6432 6434
f 605 1144 610
f 3342 3328 3343
f 3374 3375 3376
f 3382 3383 3375
f 3385 3386 3382
f 3388 3389 3385
f 3406 3407 3388
f 5810 5808 5811
f 8019 7974 8017

