# https://github.com/mikedh/trimesh
v 0.01804616 -0.02299620 -0.01649355
v 0.01811357 -0.02299640 -0.01649312
v 0.01828247 -0.02299660 -0.01799265
v 0.01801246 -0.02299607 -0.01649382
v 0.01784396 -0.02299510 -0.01649573
v 0.01791136 -0.02299555 -0.01649485
v 0.01794506 -0.02299575 -0.01649447
v 0.01770918 -0.02299389 -0.01649797
v 0.01774287 -0.02299423 -0.01649735
v 0.01781027 -0.02299483 -0.01649622
v 0.01754072 -0.02299177 -0.01650176
v 0.01760810 -0.02299270 -0.01650011
v 0.01764179 -0.02299313 -0.01649935
v 0.01730496 -0.02298743 -0.01650904
v 0.01733863 -0.02298815 -0.01650785
v 0.01669463 -0.02294378 -0.01806590
v 0.01740599 -0.02298950 -0.01650562
v 0.01743967 -0.02299011 -0.01650458
v 0.01750704 -0.02299125 -0.01650265
v 0.01814727 -0.02299647 -0.01649296
v 0.01821467 -0.02299657 -0.01649273
v 0.01828208 -0.02299659 -0.01649264
v 0.01432492 -0.02257854 -0.01851930
v 0.01505019 -0.02279443 -0.01674955
v 0.01509681 -0.02274721 -0.01831628
v 0.01582094 -0.02290191 -0.01662500
v 0.01588983 -0.02286667 -0.01816658
v 0.01663222 -0.02296352 -0.01654484
v 0.01717029 -0.02298413 -0.01651434
v 0.01419600 -0.02254427 -0.01855958
v 0.01379998 -0.02247163 -0.01708413
v 0.01450500 -0.02267973 -0.01687334
v 0.01358500 -0.02235392 -0.01877894
v 0.01289084 -0.02206914 -0.01909629
v 0.01313217 -0.02220074 -0.01734426
v 0.01258943 -0.02192050 -0.01760243
v 0.01225615 -0.02171968 -0.01946864
v 0.01227461 -0.02173144 -0.01777226
v 0.01211317 -0.02162510 -0.01786646
v 0.01173937 -0.02134061 -0.01985242
v 0.01155889 -0.02118035 -0.02000993
v 0.01117599 -0.02078090 -0.01856909
v 0.01159663 -0.02121751 -0.01821466
v 0.01129311 -0.02091044 -0.02026989
v 0.01119869 -0.02080301 -0.02037165
v 0.01082631 -0.02030370 -0.01894847
v 0.01109598 -0.02067802 -0.02048891
v 0.01077302 -0.02021772 -0.01901677
v 0.01090808 -0.02042336 -0.02072417
v 0.01079446 -0.02024927 -0.02088231
v 0.01065311 -0.02000697 -0.01918446
v 0.01052662 -0.01975213 -0.01938848
v 0.01058655 -0.01987568 -0.02121456
v 0.01048244 -0.01965129 -0.02140960
v 0.01035350 -0.01932387 -0.01973466
v 0.01030856 -0.01919064 -0.01984306
v 0.01033843 -0.01927881 -0.02172606
v 0.01015612 -0.01861643 -0.02226769
v 0.01013620 -0.01851822 -0.02039156
v 0.01004247 -0.01788212 -0.02284038
v 0.01003048 -0.01775249 -0.02101042
v 0.01000035 -0.01699990 -0.02349469
v 0.00999962 -0.01699954 -0.02161614
v 0.01158486 -0.02120678 0.01822252
v 0.01205207 -0.02158235 0.01960959
v 0.01206549 -0.02159200 0.01789363
v 0.01211117 -0.02162362 0.01956746
v 0.01212606 -0.02163399 0.01785702
v 0.01107996 -0.02066258 0.01867775
v 0.01109545 -0.02067735 0.02048915
v 0.01113721 -0.02072928 0.02044059
v 0.01116336 -0.02076579 0.01859141
v 0.01154679 -0.02116899 0.02002088
v 0.01161643 -0.02123328 0.01995811
v 0.01097307 -0.02052040 0.01879676
v 0.01081482 -0.02028547 0.01899111
v 0.01079229 -0.02024577 0.02088533
v 0.01069947 -0.02009149 0.01915021
v 0.01072099 -0.02012654 0.02099241
v 0.01059601 -0.01989662 0.01930957
v 0.01050060 -0.01969448 0.01947484
v 0.01051247 -0.01971921 0.02135049
v 0.01041396 -0.01948663 0.01964476
v 0.01044514 -0.01956279 0.02148536
v 0.01032445 -0.01923898 0.01984725
v 0.01039508 -0.01943584 0.02159373
v 0.01026049 -0.01903350 0.02001509
v 0.01021120 -0.01885175 0.02207881
v 0.01011028 -0.01837745 0.02054575
v 0.01011397 -0.01840024 0.02244001
v 0.01001625 -0.01755714 0.02118873
v 0.01004920 -0.01794599 0.02279230
v 0.01000158 -0.01715811 0.02337971
v 0.00999962 -0.01699954 0.02161614
v 0.01000035 -0.01699990 0.02349469
v 0.01237354 -0.02179251 0.01939260
v 0.01274574 -0.02199800 0.01917364
v 0.01259337 -0.02191865 0.01760321
v 0.01295695 -0.02209998 0.01906244
v 0.01277309 -0.02201246 0.01751717
v 0.01358421 -0.02235365 0.01877927
v 0.01324511 -0.02222600 0.01731611
v 0.01426167 -0.02256221 0.01853881
v 0.01400613 -0.02249121 0.01705419
v 0.01484792 -0.02269919 0.01837500
v 0.01488859 -0.02270791 0.01682698
v 0.01565480 -0.02283625 0.01820536
v 0.01589493 -0.02286807 0.01664892
v 0.01649762 -0.02292884 0.01808618
v 0.01663526 -0.02294037 0.01656396
v 0.01661537 -0.02293823 0.01807373
v 0.01734731 -0.02298026 0.01651451
v 0.01737393 -0.02298065 0.01801584
v 0.01828248 -0.02299659 0.01799266
v 0.01826550 -0.02299657 0.01649266
v 0.01822814 -0.02449998 -0.01799227
v 0.03340516 -0.02449962 -0.01799276
v 0.03340516 -0.02563208 -0.01637334
v 0.00151922 -0.02587586 -0.01599295
v 0.00151419 -0.02449998 -0.01799226
v 0.03340516 -0.02586905 -0.01600362
v 0.00152351 -0.02708494 -0.01388945
v 0.03340516 -0.02717255 -0.01372096
v 0.00152708 -0.02812033 -0.01169580
v 0.03340516 -0.02810148 -0.01174042
v 0.00152812 -0.02843421 -0.01092517
v 0.03340516 -0.02843414 -0.01092515
v 0.00152988 -0.02897513 -0.00942606
v 0.03340516 -0.02895603 -0.00948279
v 0.00153121 -0.02940374 -0.00801515
v 0.03340516 -0.02940366 -0.00801513
v 0.00153193 -0.02964317 -0.00709453
v 0.03340516 -0.02962677 -0.00716188
v 0.00153328 -0.03012093 -0.00471663
v 0.03340516 -0.03007098 -0.00502133
v 0.03340516 -0.03010727 -0.00480268
v 0.00153402 -0.03040553 -0.00230798
v 0.03340516 -0.03042911 -0.00197503
v 0.03340516 -0.03049420 -0.00000001
v 0.00153423 -0.03049427 0.00000000
v 0.00153251 -0.03044763 0.00167681
v 0.03340516 -0.03042911 0.00197502
v 0.00153187 -0.03040553 0.00230798
v 0.03340516 -0.03039702 0.00241259
v 0.00153083 -0.03030822 0.00333560
v 0.03340516 -0.03007098 0.00502132
v 0.00152943 -0.03012092 0.00471663
v 0.03340516 -0.02962677 0.00716188
v 0.00152747 -0.02975208 0.00663076
v 0.00152915 -0.03007616 0.00498952
v 0.03340516 -0.02895604 0.00948278
v 0.00152451 -0.02897512 0.00942605
v 0.03340516 -0.02940366 0.00801512
v 0.00152577 -0.02933716 0.00825162
v 0.00152699 -0.02964316 0.00709453
v 0.03340516 -0.02810148 0.01174042
v 0.03340516 -0.02717255 0.01372095
v 0.00152051 -0.02756613 0.01292652
v 0.00152195 -0.02812032 0.01169579
v 0.00152229 -0.02824275 0.01140243
v 0.03340516 -0.02843414 0.01092514
v 0.00152284 -0.02843420 0.01092516
v 0.00152405 -0.02883320 0.00984447
v 0.03340516 -0.02563208 0.01637333
v 0.00151871 -0.02680482 0.01441312
v 0.03340516 -0.02707059 0.01391742
v 0.00151935 -0.02708494 0.01388944
v 0.00151956 -0.02717232 0.01372083
v 0.03340516 -0.02449962 0.01799275
v 0.01824864 -0.02449999 0.01799224
v 0.00151692 -0.02596203 0.01585531
v 0.00151419 -0.02449998 0.01799226
v 0.00151516 -0.02504147 0.01724648
v 0.00151675 -0.02587586 0.01599294
v 0.04425643 -0.02946463 -0.00459475
v 0.04547538 -0.02913743 -0.00482129
v 0.04589497 -0.02906187 -0.00459500
v 0.04259531 -0.02977453 -0.00459509
v 0.04324281 -0.02949016 -0.00559470
v 0.04388794 -0.02949014 -0.00491079
v 0.04410437 -0.02451994 -0.01692562
v 0.04495057 -0.02452252 -0.01659609
v 0.04422824 -0.02526134 -0.01576964
v 0.04716136 -0.02452831 -0.01548586
v 0.04808962 -0.02453019 -0.01489774
v 0.04709198 -0.02526131 -0.01432298
v 0.05066296 -0.02453278 -0.01278259
v 0.05094225 -0.02453276 -0.01249975
v 0.05034099 -0.02526128 -0.01164736
v 0.05486729 -0.02488852 -0.00459485
v 0.05405019 -0.02543225 -0.00459486
v 0.05403539 -0.02526123 -0.00549984
v 0.05367981 -0.02526123 -0.00645433
v 0.05482782 -0.02452075 -0.00636970
v 0.05486769 -0.02452043 -0.00626338
v 0.04259510 -0.02550550 -0.01593055
v 0.04259485 -0.02450179 -0.01741706
v 0.04378845 -0.02451894 -0.01703624
v 0.04259511 -0.02631918 -0.01457504
v 0.04259516 -0.02578663 -0.01548052
v 0.04288962 -0.02597444 -0.01507874
v 0.04322864 -0.02526134 -0.01612424
v 0.04259471 -0.02777087 -0.01160442
v 0.04259488 -0.02709740 -0.01309204
v 0.04300701 -0.02722113 -0.01267743
v 0.04259494 -0.02691818 -0.01345333
v 0.04342060 -0.02662141 -0.01372466
v 0.04382441 -0.02597443 -0.01474714
v 0.04259456 -0.02868058 -0.00915996
v 0.04259461 -0.02837669 -0.01004621
v 0.04280625 -0.02827924 -0.01022885
v 0.04259414 -0.02962351 -0.00548495
v 0.04259423 -0.02944918 -0.00636394
v 0.04323108 -0.02913747 -0.00719564
v 0.04483247 -0.02913744 -0.00569860
v 0.04751045 -0.02856698 -0.00459515
v 0.04649598 -0.02873348 -0.00547955
v 0.04909858 -0.02798092 -0.00459505
v 0.05060526 -0.02722103 -0.00518872
v 0.05065314 -0.02730505 -0.00459516
v 0.05082858 -0.02722205 -0.00459516
v 0.05164651 -0.02662130 -0.00561734
v 0.05026937 -0.02722104 -0.00594610
v 0.04923026 -0.02777461 -0.00544251
v 0.04817096 -0.02827916 -0.00492913
v 0.04750142 -0.02827917 -0.00612804
v 0.05361838 -0.02570326 -0.00459474
v 0.05215672 -0.02654784 -0.00459514
v 0.05195598 -0.02662130 -0.00478663
v 0.05201710 -0.02662271 -0.00459517
v 0.05144861 -0.02691755 -0.00459517
v 0.05435019 -0.02452412 -0.00751131
v 0.05326200 -0.02526124 -0.00739644
v 0.05227242 -0.02597434 -0.00691685
v 0.05379502 -0.02452703 -0.00861772
v 0.05278928 -0.02526125 -0.00830770
v 0.05183035 -0.02597434 -0.00776903
v 0.05087146 -0.02662132 -0.00723037
v 0.05316251 -0.02452942 -0.00968739
v 0.05225731 -0.02526126 -0.00919547
v 0.05133288 -0.02597435 -0.00859923
v 0.05040848 -0.02662133 -0.00800301
v 0.04946169 -0.02722106 -0.00739236
v 0.05177083 -0.02453224 -0.01158061
v 0.05245209 -0.02453121 -0.01071838
v 0.05103112 -0.02526127 -0.01086873
v 0.05167146 -0.02526127 -0.01004916
v 0.05018619 -0.02597437 -0.01016400
v 0.05078501 -0.02597436 -0.00939757
v 0.04934129 -0.02662134 -0.00945929
v 0.04989859 -0.02662133 -0.00874600
v 0.04847593 -0.02722107 -0.00873752
v 0.04899071 -0.02722106 -0.00807865
v 0.04607525 -0.02452566 -0.01607893
v 0.04521195 -0.02526133 -0.01534897
v 0.04474434 -0.02597442 -0.01435374
v 0.04427674 -0.02662140 -0.01335854
v 0.04379782 -0.02722113 -0.01233924
v 0.04330681 -0.02777470 -0.01129420
v 0.04668426 -0.02827919 -0.00724313
v 0.04758872 -0.02777464 -0.00799751
v 0.04849099 -0.02777463 -0.00676628
v 0.04576529 -0.02873350 -0.00647664
v 0.04408385 -0.02913746 -0.00649222
v 0.04491446 -0.02873351 -0.00737861
v 0.05299567 -0.02597432 -0.00514323
v 0.05266315 -0.02597433 -0.00603583
v 0.05128288 -0.02662131 -0.00643728
v 0.04988934 -0.02722105 -0.00667867
v 0.04954081 -0.02597437 -0.01089215
v 0.04874066 -0.02662135 -0.01013695
v 0.04792113 -0.02722108 -0.00936347
v 0.05518522 -0.02451746 -0.00533078
v 0.05540786 -0.02449871 -0.00459263
v 0.05005216 -0.02453259 -0.01336002
v 0.04960331 -0.02526129 -0.01238236
v 0.04885096 -0.02597438 -0.01157949
v 0.04809863 -0.02662136 -0.01077664
v 0.04732810 -0.02722109 -0.00995435
v 0.04653809 -0.02777466 -0.00911129
v 0.04573274 -0.02827920 -0.00825184
v 0.04868520 -0.02453116 -0.01447653
v 0.04797684 -0.02526131 -0.01372397
v 0.04650247 -0.02597441 -0.01339427
v 0.04732995 -0.02597440 -0.01283411
v 0.04591297 -0.02662138 -0.01246560
v 0.04668308 -0.02662138 -0.01194427
v 0.04530920 -0.02722111 -0.01151443
v 0.04602055 -0.02722110 -0.01103288
v 0.04469019 -0.02777468 -0.01053925
v 0.04534129 -0.02777467 -0.01009848
v 0.04405914 -0.02827923 -0.00954511
v 0.04464883 -0.02827922 -0.00914592
v 0.04394525 -0.02873353 -0.00817807
v 0.04648363 -0.02452671 -0.01586725
v 0.04617713 -0.02526132 -0.01486111
v 0.04564694 -0.02597442 -0.01389751
v 0.04511676 -0.02662139 -0.01293395
v 0.04457375 -0.02722112 -0.01194705
v 0.04401702 -0.02777469 -0.01093522
v 0.04344947 -0.02827923 -0.00990373
v 0.04287282 -0.02873354 -0.00885569
v 0.04259449 -0.02891985 -0.00839606
v 0.04520405 -0.02827921 -0.00871655
v 0.04595435 -0.02777467 -0.00962440
v 0.04669033 -0.02722109 -0.01051493
v 0.04740819 -0.02662137 -0.01138353
v 0.04810908 -0.02597439 -0.01223159
v 0.04880999 -0.02526130 -0.01307968
v 0.04910124 -0.02453173 -0.01416002
v 0.04259430 -0.02932797 -0.00689079
v 0.05111891 -0.02707123 0.00459506
v 0.05067204 -0.02721321 0.00500341
v 0.04958913 -0.02776970 0.00459504
v 0.05143677 -0.02449971 0.01196658
v 0.05117662 -0.02449972 0.01225244
v 0.05104906 -0.02462925 0.01213383
v 0.04658924 -0.02449975 0.01581034
v 0.04580994 -0.02449975 0.01620944
v 0.04573433 -0.02462931 0.01605250
v 0.04259458 -0.02889449 0.00845748
v 0.04282309 -0.02913251 0.00746950
v 0.04412780 -0.02827284 0.00949020
v 0.04259497 -0.02932073 0.00689850
v 0.04259473 -0.02954325 0.00587364
v 0.04371170 -0.02913250 0.00681422
v 0.04394109 -0.02952629 0.00459498
v 0.04463277 -0.02937551 0.00459506
v 0.04521295 -0.02913247 0.00519915
v 0.04525635 -0.02922479 0.00459512
v 0.04716419 -0.02827280 0.00660567
v 0.04259488 -0.02921183 0.00733148
v 0.04259466 -0.02868055 0.00913787
v 0.04259472 -0.02834193 0.01012048
v 0.04290349 -0.02827286 0.01017695
v 0.04259479 -0.02787941 0.01132060
v 0.04391359 -0.02721330 0.01227346
v 0.04259482 -0.02769826 0.01175395
v 0.04259489 -0.02721728 0.01282114
v 0.04259493 -0.02697243 0.01332368
v 0.04487776 -0.02596507 0.01427466
v 0.04259494 -0.02691738 0.01343327
v 0.04315498 -0.02449977 0.01723848
v 0.04259519 -0.02450149 0.01739602
v 0.04368332 -0.02462933 0.01688789
v 0.04259519 -0.02532885 0.01618383
v 0.04305391 -0.02596509 0.01501753
v 0.04259513 -0.02578494 0.01546231
v 0.04259507 -0.02618461 0.01478998
v 0.04547500 -0.02449976 0.01636659
v 0.04432972 -0.02449976 0.01684264
v 0.04410437 -0.02449977 0.01692562
v 0.04868520 -0.02449971 0.01447653
v 0.04808318 -0.02449966 0.01490210
v 0.04766549 -0.02462929 0.01496927
v 0.04776004 -0.02449966 0.01511570
v 0.04703251 -0.02449972 0.01556136
v 0.05058038 -0.02449971 0.01286387
v 0.04966499 -0.02449972 0.01369936
v 0.04944632 -0.02462927 0.01365605
v 0.04908747 -0.02449973 0.01417081
v 0.05323387 -0.02449963 0.00957479
v 0.05259623 -0.02449968 0.01052126
v 0.05245490 -0.02462924 0.01041938
v 0.05253800 -0.02449968 0.01060158
v 0.05237550 -0.02449970 0.01082089
v 0.05223267 -0.02449971 0.01100808
v 0.05473571 -0.02449970 0.00660793
v 0.05457372 -0.02462922 0.00654397
v 0.05486769 -0.02449970 0.00626338
v 0.05539631 -0.02449980 0.00459507
v 0.05402379 -0.02543533 0.00459505
v 0.05273818 -0.02596498 0.00581922
v 0.05316231 -0.02596631 0.00459503
v 0.05259840 -0.02629218 0.00459501
v 0.05385827 -0.02449971 0.00850077
v 0.05363438 -0.02462923 0.00854850
v 0.05190287 -0.02596499 0.00760174
v 0.04995383 -0.02721322 0.00653603
v 0.04791195 -0.02827279 0.00541957
v 0.04801648 -0.02838338 0.00459505
v 0.04657260 -0.02885965 0.00459515
v 0.04659505 -0.02596506 0.01331140
v 0.04539012 -0.02721328 0.01144524
v 0.05085402 -0.02596501 0.00926542
v 0.04905202 -0.02721323 0.00796648
v 0.04817865 -0.02596504 0.01214362
v 0.04675171 -0.02721326 0.01044118
v 0.04525681 -0.02827283 0.00865765
v 0.04960388 -0.02596502 0.01078999
v 0.04797714 -0.02721324 0.00927731
v 0.04627291 -0.02827281 0.00769259
v 0.04451145 -0.02913248 0.00605464
v 0.04259527 -0.02977094 0.00459506
v 0.05272682 -0.02638957 0.00349664
v 0.04259407 -0.02984809 0.00394942
v 0.04436200 -0.02957954 0.00349344
v 0.04949790 -0.02796497 0.00349489
v 0.05444057 -0.02548082 0.00233826
v 0.05582139 -0.02449982 0.00247952
v 0.05426321 -0.02545868 0.00349868
v 0.05560847 -0.02449984 0.00370016
v 0.05459032 -0.02550211 -0.00000555
v 0.05599292 -0.02449978 -0.00000000
v 0.05594988 -0.02449983 0.00124567
v 0.05427776 -0.02546643 -0.00350144
v 0.05582358 -0.02449991 -0.00246369
v 0.05561616 -0.02449957 -0.00366340
v 0.05114552 -0.02723057 -0.00349903
v 0.05273821 -0.02639540 -0.00350036
v 0.04950514 -0.02796944 -0.00349738
v 0.04436294 -0.02958304 -0.00349324
v 0.04259412 -0.02995263 -0.00296082
v 0.04259414 -0.03005402 -0.00129068
v 0.04439085 -0.02967214 -0.00233196
v 0.04441282 -0.02973749 -0.00000031
v 0.04259410 -0.02999878 0.00233053
v 0.04438993 -0.02966992 0.00233171
v 0.04259413 -0.03007320 0.00049174
v 0.04259414 -0.03007682 -0.00001527
v 0.05595028 -0.02449982 -0.00123985
v 0.05445505 -0.02548875 -0.00234566
v 0.05289444 -0.02643496 -0.00234402
v 0.05113630 -0.02722563 0.00349557
v 0.05126902 -0.02728147 0.00233390
v 0.04960585 -0.02803384 0.00233321
v 0.04969586 -0.02808719 -0.00000410
v 0.05288297 -0.02642985 0.00233524
v 0.05138021 -0.02732569 -0.00000560
v 0.04961268 -0.02803673 -0.00233881
v 0.05127795 -0.02728504 -0.00234155
v 0.05301458 -0.02646354 -0.00000655
v 0.04610773 -0.02914772 -0.00349465
v 0.04782309 -0.02860943 -0.00349600
v 0.04790486 -0.02868695 -0.00233639
v 0.04616284 -0.02923260 -0.00233414
v 0.04796828 -0.02874493 -0.00000270
v 0.04620572 -0.02929562 -0.00000142
v 0.04790005 -0.02868444 0.00233271
v 0.04615983 -0.02923032 0.00233227
v 0.04781792 -0.02860533 0.00349439
v 0.04610440 -0.02914400 0.00349396
v 0.01000003 -0.01645332 0.02203494
v 0.01000034 -0.01660126 0.02377790
v 0.01000020 -0.01615461 0.02225486
v 0.01000034 -0.01615464 0.02408373
v 0.00070252 -0.01349438 0.02653218
v 0.00070271 -0.01331379 0.02662001
v 0.00000020 -0.01253270 0.02615207
v 0.00000020 -0.02229084 0.01855041
v 0.00000020 -0.02339134 0.01714190
v 0.00070104 -0.02416660 0.01774018
v 0.00070103 -0.01503950 0.02572031
v 0.00070066 -0.02308404 0.01910619
v 0.00070017 -0.02191945 0.02040459
v 0.00000020 -0.02110220 0.01989212
v 0.00069967 -0.02067671 0.02162908
v 0.00000020 -0.01983174 0.02115896
v 0.00069931 -0.01936097 0.02277524
v 0.00000020 -0.01848675 0.02234366
v 0.00069933 -0.01797866 0.02384053
v 0.00000020 -0.01707536 0.02343995
v 0.00069992 -0.01653620 0.02482269
v 0.00000020 -0.01560633 0.02444262
v 0.00000020 -0.01408893 0.02534761
v 0.00135175 -0.02448957 0.01798401
v 0.00128255 -0.02447852 0.01797554
v 0.00128403 -0.02585237 0.01597758
v 0.00141249 -0.02963624 0.00709274
v 0.00141082 -0.02896841 0.00942370
v 0.00141418 -0.03039833 0.00230742
v 0.00141464 -0.03048716 -0.00000000
v 0.00129339 -0.03037621 0.00230571
v 0.00129410 -0.03046507 -0.00000001
v 0.00117444 -0.03033881 0.00230280
v 0.00117538 -0.03042772 -0.00000001
v 0.00106025 -0.03028649 0.00229875
v 0.00106138 -0.03037546 -0.00000001
v 0.00095356 -0.03022033 0.00229362
v 0.00095482 -0.03030935 -0.00000001
v 0.00085677 -0.03014204 0.00228756
v 0.00085811 -0.03023111 -0.00000001
v 0.00077177 -0.03005383 0.00228072
v 0.00077311 -0.03014293 -0.00000001
v 0.00070235 -0.02993778 0.00257008
v 0.00070241 -0.02996220 0.00227362
v 0.00070274 -0.03003506 0.00094313
v 0.00070318 -0.03005038 0.00000000
v 0.00077175 -0.02977350 0.00466097
v 0.00070201 -0.02968239 0.00464644
v 0.00070211 -0.02977721 0.00400444
v 0.00077169 -0.02930289 0.00701113
v 0.00070168 -0.02919681 0.00705687
v 0.00070190 -0.02953899 0.00547381
v 0.00070151 -0.02889317 0.00819857
v 0.00077155 -0.02864486 0.00931592
v 0.00070153 -0.02868668 0.00888627
v 0.00070154 -0.02855789 0.00928707
v 0.00070156 -0.02820043 0.01030943
v 0.00077130 -0.02780288 0.01156032
v 0.00070156 -0.02771961 0.01152495
v 0.00077097 -0.02678288 0.01373026
v 0.00070150 -0.02697008 0.01316378
v 0.00070155 -0.02758670 0.01183552
v 0.00070143 -0.02627143 0.01449148
v 0.00077058 -0.02559149 0.01581203
v 0.00070147 -0.02667175 0.01375070
v 0.00070148 -0.02670394 0.01368889
v 0.00070125 -0.02512904 0.01636912
v 0.00070133 -0.02543254 0.01590000
v 0.00070132 -0.02546548 0.01584791
v 0.00070133 -0.02551744 0.01576523
v 0.00085523 -0.02566312 0.01585735
v 0.00085794 -0.02430443 0.01784390
v 0.00077658 -0.02424106 0.01779619
v 0.00103388 -0.02440227 0.01791771
v 0.00095305 -0.02436286 0.01788795
v 0.00095091 -0.02572653 0.01589752
v 0.00089603 -0.02432959 0.01786286
v 0.00105703 -0.02441207 0.01792511
v 0.00105426 -0.02441093 0.01792425
v 0.00105582 -0.02578001 0.01593145
v 0.00139794 -0.02449471 0.01798799
v 0.00140207 -0.02587016 0.01598907
v 0.00140560 -0.02707886 0.01388605
v 0.00140852 -0.02811390 0.01169292
v 0.00141359 -0.03011385 0.00471545
v 0.00128678 -0.02705994 0.01387595
v 0.00128905 -0.02809399 0.01168433
v 0.00129083 -0.02894766 0.00941670
v 0.00085646 -0.02872779 0.00934346
v 0.00095293 -0.02880135 0.00936791
v 0.00095242 -0.02795340 0.01162432
v 0.00095174 -0.02692622 0.01380548
v 0.00105717 -0.02698303 0.01383535
v 0.00105827 -0.02801311 0.01164976
v 0.00105912 -0.02886348 0.00938859
v 0.00085616 -0.02788266 0.01159423
v 0.00085574 -0.02685888 0.01377012
v 0.00095347 -0.02993804 0.00468725
v 0.00085674 -0.02986068 0.00467489
v 0.00118709 -0.02445639 0.01795869
v 0.00116772 -0.02582223 0.01595831
v 0.00116972 -0.02702790 0.01385900
v 0.00117137 -0.02806029 0.01166989
v 0.00117265 -0.02891258 0.00940496
v 0.00105970 -0.02952811 0.00706614
v 0.00095327 -0.02946409 0.00705048
v 0.00085665 -0.02938831 0.00703197
v 0.00129294 -0.03009201 0.00471191
v 0.00129211 -0.02961487 0.00708744
v 0.00117414 -0.03005509 0.00470598
v 0.00117356 -0.02957871 0.00707855
v 0.00106007 -0.03000341 0.00469770
v 0.00000020 -0.02883906 0.00305105
v 0.00000020 -0.02892160 0.00213099
v 0.00000020 -0.02900000 0.00000000
v 0.00000020 -0.02468640 0.01521779
v 0.00000020 -0.02586710 0.01311078
v 0.00000020 -0.02506500 0.01458579
v 0.00000020 -0.02646045 0.01186779
v 0.00000020 -0.02765266 0.00873671
v 0.00000020 -0.02756219 0.00901806
v 0.00000020 -0.02685645 0.01094215
v 0.00000020 -0.02825792 0.00651844
v 0.00000020 -0.02835800 0.00606823
v 0.00000020 -0.02867797 0.00430976
v 0.00900020 -0.01710374 0.02487752
v 0.00900020 -0.01589262 0.02562269
v 0.01000020 -0.01481256 0.02493165
v 0.00900026 -0.00484255 0.02960580
v 0.00900019 -0.00644862 0.02930028
v 0.01000020 -0.00667280 0.02822186
v 0.00900018 -0.00805031 0.02890817
v 0.01000020 -0.00820550 0.02781495
v 0.00900015 -0.00868022 0.02872976
v 0.01000020 -0.00909534 0.02753683
v 0.00900020 -0.01027335 0.02821613
v 0.01000020 -0.01057419 0.02700345
v 0.00900022 -0.01112007 0.02790588
v 0.01000020 -0.01112814 0.02677992
v 0.00900020 -0.01183729 0.02762216
v 0.01000020 -0.01202089 0.02639126
v 0.00900015 -0.01298678 0.02712584
v 0.01000020 -0.01343415 0.02570068
v 0.00900020 -0.01446303 0.02640909
v 0.00900021 -0.01524494 0.02599084
v 0.01000020 -0.00512838 0.02854298
v 0.01000020 -0.00454959 0.02864094
v 0.00900022 -0.00323361 0.02982450
v 0.01000020 -0.00357348 0.02877901
v 0.00900018 -0.00227354 0.02991333
v 0.01000020 -0.00200944 0.02893030
v 0.00900020 -0.00162015 0.02995602
v 0.01000020 -0.00043777 0.02899671
v 0.00900010 -0.00000000 0.02999999
v 0.01000010 -0.00000000 0.02900000
v 0.01000020 -0.01572110 0.02256011
v 0.01000020 -0.01440678 0.02342138
v 0.01000020 -0.01307449 0.02419297
v 0.01000020 -0.01170422 0.02488497
v 0.01000020 -0.01134461 0.02505094
v 0.01000020 -0.00993016 0.02564453
v 0.01000020 -0.00926837 0.02589109
v 0.01000020 -0.00848549 0.02615814
v 0.01000020 -0.00701081 0.02659132
v 0.01000020 -0.00595189 0.02684818
v 0.01000020 -0.00444729 0.02713802
v 0.01000012 -0.00000000 0.02750001
v 0.01000020 -0.00140955 0.02746087
v 0.01000020 -0.00293952 0.02734073
v 0.00085710 -0.00000009 0.02983019
v 0.00077851 -0.00000010 0.02977163
v 0.00077861 -0.00175292 0.02971961
v 0.00095226 -0.02326846 0.01926382
v 0.00105571 -0.02331462 0.01930342
v 0.00151321 -0.02416787 0.01842730
v 0.00139552 -0.02339215 0.01937054
v 0.00077460 -0.01352473 0.02659613
v 0.00077338 -0.01507454 0.02578497
v 0.00077248 -0.01657639 0.02488788
v 0.00077201 -0.01802444 0.02390577
v 0.00077200 -0.01941244 0.02283989
v 0.00077231 -0.02073387 0.02169225
v 0.00077273 -0.02198203 0.02046531
v 0.00077313 -0.02315147 0.01916376
v 0.00070434 -0.01165853 0.02736027
v 0.00077596 -0.01193226 0.02732016
v 0.00077721 -0.01030209 0.02795539
v 0.00070571 -0.01004269 0.02797637
v 0.00077812 -0.00863901 0.02849999
v 0.00070665 -0.00840402 0.02850032
v 0.00077865 -0.00694760 0.02895155
v 0.00070714 -0.00674124 0.02893273
v 0.00077883 -0.00523263 0.02930729
v 0.00070738 -0.00504779 0.02927358
v 0.00077876 -0.00349915 0.02956423
v 0.00070736 -0.00334602 0.02951667
v 0.00070732 -0.00167739 0.02965908
v 0.00070713 -0.00000000 0.02970699
v 0.00132193 -0.00870239 0.02871847
v 0.00139207 -0.00804171 0.02891032
v 0.00132010 -0.00699889 0.02917081
v 0.00139083 -0.00640856 0.02930875
v 0.00131928 -0.00527166 0.02952807
v 0.00139264 -0.00477760 0.02961610
v 0.00131897 -0.00352544 0.02978665
v 0.00139721 -0.00315836 0.02983243
v 0.00131874 -0.00176609 0.02994312
v 0.00140447 -0.00155668 0.02995937
v 0.00141150 0.00000000 0.02999999
v 0.00134599 -0.01519538 0.02601234
v 0.00143311 -0.01444706 0.02641750
v 0.00133740 -0.01362887 0.02682001
v 0.00141819 -0.01295928 0.02713848
v 0.00133043 -0.01202154 0.02754105
v 0.00140501 -0.01126276 0.02785100
v 0.00132525 -0.01037795 0.02817434
v 0.00139670 -0.00966654 0.02842229
v 0.00139367 -0.00875756 0.02870672
v 0.00135570 -0.01671582 0.02511835
v 0.00144972 -0.01598980 0.02556595
v 0.00144220 -0.01529701 0.02596219
v 0.00136575 -0.01818402 0.02413771
v 0.00146550 -0.01746042 0.02464335
v 0.00145761 -0.01671818 0.02512345
v 0.00150943 -0.02321311 0.01958925
v 0.00150464 -0.02226450 0.02063004
v 0.00139059 -0.02220437 0.02068331
v 0.00149796 -0.02120016 0.02168252
v 0.00138384 -0.02093596 0.02191839
v 0.00148940 -0.02005191 0.02270107
v 0.00137535 -0.01959323 0.02307057
v 0.00147913 -0.01883752 0.02366681
v 0.00147290 -0.01818672 0.02414293
v 0.00085750 -0.02321360 0.01921686
v 0.00131846 -0.00000001 0.02999535
v 0.00122173 -0.00176526 0.02992894
v 0.00122194 -0.00352379 0.02977255
v 0.00122220 -0.00526920 0.02951407
v 0.00122281 -0.00699569 0.02915689
v 0.00122413 -0.00869849 0.02870458
v 0.00122654 -0.01037332 0.02816039
v 0.00123033 -0.01201614 0.02752691
v 0.00123547 -0.01362262 0.02680562
v 0.00124188 -0.01518809 0.02599768
v 0.00124921 -0.01670735 0.02510343
v 0.00125685 -0.01817430 0.02412261
v 0.00126421 -0.01958208 0.02305558
v 0.00127076 -0.02092336 0.02190369
v 0.00127599 -0.02219041 0.02066915
v 0.00127981 -0.02337691 0.01935717
v 0.00122148 -0.00000003 0.02998117
v 0.00112565 -0.00176386 0.02990507
v 0.00112584 -0.00352098 0.02974880
v 0.00112605 -0.00526505 0.02949049
v 0.00112645 -0.00699025 0.02913346
v 0.00112728 -0.00869179 0.02868122
v 0.00112881 -0.01036533 0.02813695
v 0.00113125 -0.01200675 0.02750321
v 0.00113463 -0.01361169 0.02678154
v 0.00113893 -0.01517537 0.02597318
v 0.00114395 -0.01669262 0.02507852
v 0.00114927 -0.01815741 0.02409747
v 0.00115447 -0.01956283 0.02303056
v 0.00115916 -0.02090175 0.02187915
v 0.00116293 -0.02216655 0.02064547
v 0.00116570 -0.02335100 0.01933473
v 0.00112544 -0.00000004 0.02995728
v 0.00103195 -0.00176189 0.02987165
v 0.00103213 -0.00351705 0.02971553
v 0.00103229 -0.00525921 0.02945747
v 0.00103250 -0.00698259 0.02910066
v 0.00103288 -0.00868233 0.02864853
v 0.00103360 -0.01035401 0.02810417
v 0.00103480 -0.01199343 0.02747010
v 0.00103656 -0.01359614 0.02674793
v 0.00103895 -0.01515730 0.02593900
v 0.00104187 -0.01667174 0.02504381
v 0.00104510 -0.01813348 0.02406248
v 0.00104837 -0.01953565 0.02299572
v 0.00105140 -0.02087129 0.02184495
v 0.00105388 -0.02213300 0.02061247
v 0.00103177 -0.00000006 0.02992382
v 0.00094204 -0.00175938 0.02982909
v 0.00094220 -0.00351205 0.02967319
v 0.00094233 -0.00525178 0.02941543
v 0.00094237 -0.00697281 0.02905892
v 0.00094237 -0.00867023 0.02860693
v 0.00094238 -0.01033952 0.02806247
v 0.00094252 -0.01197636 0.02742803
v 0.00094291 -0.01357621 0.02670527
v 0.00094368 -0.01513416 0.02589564
v 0.00094485 -0.01664502 0.02499984
v 0.00094635 -0.01810288 0.02401820
v 0.00094804 -0.01950098 0.02295164
v 0.00094973 -0.02083253 0.02180170
v 0.00095117 -0.02209035 0.02057075
v 0.00094189 -0.00000007 0.02988123
v 0.00085722 -0.00175637 0.02977810
v 0.00085737 -0.00350604 0.02962244
v 0.00085747 -0.00524286 0.02936507
v 0.00085738 -0.00696108 0.02900891
v 0.00085706 -0.00865570 0.02855710
v 0.00085653 -0.01032211 0.02801256
v 0.00085583 -0.01195583 0.02737772
v 0.00085516 -0.01355224 0.02665433
v 0.00085471 -0.01510638 0.02584394
v 0.00085458 -0.01661300 0.02494748
v 0.00085482 -0.01806625 0.02396556
v 0.00085540 -0.01945958 0.02289928
v 0.00085616 -0.02078635 0.02175038
v 0.00085689 -0.02203959 0.02052128
v 0.00908002 -0.01855576 0.02387609
v 0.00900786 -0.01757108 0.02456879
v 0.00944149 -0.02022939 0.02255071
v 0.00922566 -0.01943999 0.02320089
v 0.01091809 -0.02254656 0.02033155
v 0.01048150 -0.02209772 0.02080262
v 0.01007141 -0.02155045 0.02134830
v 0.00972428 -0.02093031 0.02193179
v 0.01198128 -0.02330540 0.01948223
v 0.01139816 -0.02293558 0.01990480
v 0.01112492 -0.02272537 0.02013759
v 0.01701334 -0.02447158 0.01803010
v 0.01627405 -0.02442390 0.01809336
v 0.01588413 -0.02438776 0.01814108
v 0.01488494 -0.02425354 0.01831651
v 0.01408740 -0.02409304 0.01852273
v 0.01334876 -0.02388855 0.01878006
v 0.01262961 -0.02362200 0.01910666
v 0.00000010 -0.00000000 0.02899999
v 0.00000020 -0.00135490 0.02896832
v 0.00000020 -0.00293485 0.02885109
v 0.00000020 -0.00453744 0.02864281
v 0.00000020 -0.00615507 0.02833927
v 0.00000020 -0.00777977 0.02793697
v 0.00000020 -0.00940293 0.02743327
v 0.00000020 -0.01101543 0.02682647
v 0.04188755 -0.02450173 -0.01756920
v 0.04159709 -0.02450009 -0.01762854
v 0.04159726 -0.02299663 -0.01762945
v 0.03800023 -0.02449996 -0.01799233
v 0.03800027 -0.02299663 -0.01799268
v 0.03939545 -0.02449987 -0.01793820
v 0.03901481 -0.02299663 -0.01796402
v 0.04032286 -0.02450033 -0.01784267
v 0.04061440 -0.02449987 -0.01780193
v 0.04410437 -0.02299663 -0.01692562
v 0.04648363 -0.02299663 -0.01586725
v 0.04868520 -0.02299663 -0.01447653
v 0.05066296 -0.02299663 -0.01278259
v 0.05237550 -0.02299663 -0.01082089
v 0.05378693 -0.02299663 -0.00863255
v 0.05486769 -0.02299663 -0.00626338
v 0.05559515 -0.02299663 -0.00376302
v 0.05595407 -0.02299663 -0.00118383
v 0.05599305 -0.02299663 -0.00000000
v 0.05445313 -0.02299663 -0.00114674
v 0.05449305 -0.02299663 0.00000000
v 0.05406768 -0.02299663 -0.00372156
v 0.05328184 -0.02299663 -0.00620363
v 0.05211519 -0.02299663 -0.00853112
v 0.05059681 -0.02299663 -0.01064601
v 0.04876455 -0.02299663 -0.01249561
v 0.04666404 -0.02299663 -0.01403383
v 0.04434764 -0.02299663 -0.01522234
v 0.04187308 -0.02299663 -0.01603151
v 0.03930200 -0.02299663 -0.01644119
v 0.03800025 -0.02299663 -0.01649268
v 0.04868520 -0.02299663 0.01447653
v 0.05378693 -0.02299663 0.00863255
v 0.05486769 -0.02299663 0.00626338
v 0.05237550 -0.02299663 0.01082089
v 0.05066296 -0.02299663 0.01278259
v 0.04648363 -0.02299663 0.01586725
v 0.04410437 -0.02299663 0.01692562
v 0.04159726 -0.02299663 0.01762945
v 0.04032671 -0.02450018 0.01784155
v 0.04138320 -0.02449959 0.01767164
v 0.04159727 -0.02449972 0.01762948
v 0.03901481 -0.02299663 0.01796402
v 0.03800025 -0.02299663 0.01799268
v 0.03800026 -0.02332255 0.01799264
v 0.04010819 -0.02450019 0.01786870
v 0.03880035 -0.02450000 0.01797475
v 0.03800023 -0.02449996 0.01799233
v 0.05595407 -0.02299663 0.00118383
v 0.05559515 -0.02299663 0.00376302
v 0.03800025 -0.02299663 0.01649268
v 0.03930200 -0.02299663 0.01644119
v 0.04187308 -0.02299663 0.01603151
v 0.04434764 -0.02299663 0.01522234
v 0.04666404 -0.02299663 0.01403383
v 0.04876455 -0.02299663 0.01249561
v 0.05059681 -0.02299663 0.01064601
v 0.05211519 -0.02299663 0.00853112
v 0.05328184 -0.02299663 0.00620363
v 0.05406768 -0.02299663 0.00372156
v 0.05445313 -0.02299663 0.00114674
v 0.01227555 -0.02260087 0.01938734
v 0.01301322 -0.02295259 0.01898459
v 0.01161771 -0.02217467 0.01985274
v 0.01105395 -0.02167783 0.02036690
v 0.00000020 -0.02243962 0.00164737
v 0.00000020 -0.02228486 0.00310416
v 0.00000020 -0.02203566 0.00454752
v 0.00000020 -0.02169317 0.00597130
v 0.00000020 -0.02125861 0.00737037
v 0.00000020 -0.02073401 0.00873790
v 0.00000020 -0.02210716 -0.00418614
v 0.00000020 -0.02867797 -0.00430975
v 0.00000020 -0.02233264 -0.00273922
v 0.00000020 -0.02883906 -0.00305105
v 0.00000020 -0.02246357 -0.00128010
v 0.00000020 -0.02892160 -0.00213099
v 0.00000020 -0.02249925 0.00018419
v 0.00000020 -0.02012170 0.01006814
v 0.00000020 -0.01942386 0.01135626
v 0.00000020 -0.02028370 -0.00973768
v 0.00000020 -0.02646045 -0.01186779
v 0.00000020 -0.02087429 -0.00839727
v 0.00000020 -0.02685645 -0.01094215
v 0.00000020 -0.02137632 -0.00702163
v 0.00000020 -0.01685037 0.01491025
v 0.00000020 -0.01778496 0.01378207
v 0.00000020 -0.01864382 0.01259596
v 0.00000020 -0.02756219 -0.00901806
v 0.00000020 -0.02765266 -0.00873671
v 0.00000020 -0.02178795 -0.00561568
v 0.00000020 -0.02825792 -0.00651844
v 0.00000020 -0.02835800 -0.00606823
v 0.00000000 -0.00000000 0.02250000
v 0.00000020 -0.00146378 0.02245236
v 0.00000020 -0.00292170 0.02230951
v 0.00000020 -0.01584457 0.01597497
v 0.00000020 -0.01477183 0.01697184
v 0.00000020 -0.01363604 0.01789718
v 0.00000020 -0.01244272 0.01874643
v 0.00000020 -0.01119690 0.01951614
v 0.00000020 -0.00990311 0.02020345
v 0.00000020 -0.00856766 0.02080493
v 0.00000020 -0.00719612 0.02131821
v 0.00000020 -0.00579354 0.02174134
v 0.00000020 -0.00436675 0.02207219
v 0.00000020 -0.01023230 -0.02003872
v 0.00000020 -0.01402428 -0.02538343
v 0.00000020 -0.01151460 -0.01933041
v 0.00000020 -0.01555249 -0.02447691
v 0.00000020 -0.01274797 -0.01854022
v 0.00000020 -0.01703208 -0.02347142
v 0.00000020 -0.01392699 -0.01767170
v 0.00000020 -0.01845362 -0.02237103
v 0.00000020 -0.01504745 -0.01672797
v 0.00000020 -0.01980816 -0.02118103
v 0.00000020 -0.01610399 -0.01571343
v 0.00000020 -0.02108742 -0.01990779
v 0.00000020 -0.01709202 -0.01463260
v 0.00000020 -0.02228397 -0.01855867
v 0.00000020 -0.01800801 -0.01348934
v 0.00000020 -0.02339134 -0.01714190
v 0.00000020 -0.01884754 -0.01228904
v 0.00000020 -0.02468640 -0.01521779
v 0.00000020 -0.01960701 -0.01103699
v 0.00000020 -0.02506500 -0.01458579
v 0.00000020 -0.02586710 -0.01311078
v -0.00000000 0.00000000 -0.02250000
v 0.00000010 0.00000000 -0.02899999
v 0.00000020 -0.00036820 -0.02249699
v 0.00000020 -0.00135490 -0.02896832
v 0.00000020 -0.00183085 -0.02242539
v 0.00000020 -0.00293485 -0.02885109
v 0.00000020 -0.00328615 -0.02225875
v 0.00000020 -0.00453744 -0.02864281
v 0.00000020 -0.00472753 -0.02199775
v 0.00000020 -0.00615507 -0.02833927
v 0.00000020 -0.00614845 -0.02164363
v 0.00000020 -0.00777977 -0.02793697
v 0.00000020 -0.00754383 -0.02119767
v 0.00000020 -0.00940293 -0.02743327
v 0.00000020 -0.00890712 -0.02066189
v 0.00000020 -0.01101543 -0.02682647
v 0.00000020 -0.01253270 -0.02615207
v 0.00070157 -0.02921310 -0.00698961
v 0.00070298 -0.03004505 -0.00054713
v 0.00070178 -0.02952996 -0.00552183
v 0.00070193 -0.02968241 -0.00464644
v 0.00070208 -0.02979505 -0.00387141
v 0.00070248 -0.02996679 -0.00221139
v 0.00070129 -0.02818034 -0.01036198
v 0.00070135 -0.02855742 -0.00928689
v 0.00070139 -0.02872171 -0.00877246
v 0.00070155 -0.02917193 -0.00715730
v 0.00070117 -0.02667159 -0.01375055
v 0.00070117 -0.02670376 -0.01368878
v 0.00070117 -0.02682990 -0.01344308
v 0.00070122 -0.02754918 -0.01192060
v 0.00070123 -0.02771922 -0.01152482
v 0.00070114 -0.02602447 -0.01492430
v 0.00070112 -0.02551714 -0.01576505
v 0.00070111 -0.02546521 -0.01584769
v 0.00070110 -0.02513517 -0.01635922
v 0.00070104 -0.02416660 -0.01774018
v 0.00128139 -0.02447830 -0.01797537
v 0.00139447 -0.02449438 -0.01798774
v 0.00140235 -0.02587018 -0.01598909
v 0.00080639 -0.02426598 -0.01781494
v 0.00085597 -0.02430306 -0.01784287
v 0.00085656 -0.02566411 -0.01585797
v 0.00108055 -0.02442140 -0.01793217
v 0.00116622 -0.02445043 -0.01795417
v 0.00116856 -0.02582250 -0.01595848
v 0.00077148 -0.02423658 -0.01779282
v 0.00077192 -0.02559277 -0.01581284
v 0.00077232 -0.02678424 -0.01373097
v 0.00077265 -0.02780430 -0.01156092
v 0.00077289 -0.02864634 -0.00931642
v 0.00077304 -0.02930442 -0.00701150
v 0.00077310 -0.02977506 -0.00466122
v 0.00077311 -0.03005541 -0.00228084
v 0.00141448 -0.03039836 -0.00230743
v 0.00141388 -0.03011388 -0.00471545
v 0.00141278 -0.02963628 -0.00709275
v 0.00141111 -0.02896844 -0.00942371
v 0.00085811 -0.03014326 -0.00228765
v 0.00085808 -0.02986189 -0.00467508
v 0.00085798 -0.02938949 -0.00703226
v 0.00085780 -0.02872894 -0.00934384
v 0.00085749 -0.02788377 -0.01159470
v 0.00085707 -0.02685994 -0.01377068
v 0.00095480 -0.03022121 -0.00229369
v 0.00095471 -0.02993892 -0.00468739
v 0.00095452 -0.02946495 -0.00705069
v 0.00095418 -0.02880218 -0.00936819
v 0.00095366 -0.02795419 -0.01162466
v 0.00095297 -0.02692698 -0.01380588
v 0.00095214 -0.02572725 -0.01589797
v 0.00093617 -0.02435352 -0.01788090
v 0.00106133 -0.03028707 -0.00229879
v 0.00106115 -0.03000398 -0.00469779
v 0.00106078 -0.02952867 -0.00706628
v 0.00106019 -0.02886402 -0.00938877
v 0.00105934 -0.02801363 -0.01164998
v 0.00105823 -0.02698353 -0.01383562
v 0.00105689 -0.02578048 -0.01593175
v 0.00105531 -0.02441136 -0.01792458
v 0.00117530 -0.03033914 -0.00230283
v 0.00117500 -0.03005541 -0.00470603
v 0.00117441 -0.02957903 -0.00707862
v 0.00117350 -0.02891289 -0.00940507
v 0.00117221 -0.02806058 -0.01167002
v 0.00117056 -0.02702818 -0.01385915
v 0.00129398 -0.03037635 -0.00230572
v 0.00129353 -0.03009216 -0.00471194
v 0.00129269 -0.02961501 -0.00708748
v 0.00129141 -0.02894780 -0.00941675
v 0.00128963 -0.02809412 -0.01168438
v 0.00128736 -0.02706007 -0.01387602
v 0.00128460 -0.02585249 -0.01597765
v 0.00123482 -0.02446849 -0.01796789
v 0.00140589 -0.02707889 -0.01388607
v 0.00140881 -0.02811393 -0.01169293
v 0.00070719 -0.00134538 -0.02967600
v 0.00070733 -0.00285998 -0.02956793
v 0.00070716 -0.00007057 -0.02970671
v 0.00070713 0.00000000 -0.02970699
v 0.00070433 -0.01167900 -0.02735182
v 0.00070271 -0.01331379 -0.02662001
v 0.00070736 -0.00334602 -0.02951667
v 0.00070737 -0.00505227 -0.02927281
v 0.00070714 -0.00674124 -0.02893273
v 0.00070650 -0.00840817 -0.02849898
v 0.00070557 -0.01005578 -0.02797166
v 0.00085740 -0.02321354 -0.01921681
v 0.00077847 -0.00000010 -0.02977160
v 0.00077857 -0.00175291 -0.02971958
v 0.00077872 -0.00349914 -0.02956420
v 0.00077879 -0.00523263 -0.02930726
v 0.00077861 -0.00694760 -0.02895152
v 0.00077808 -0.00863900 -0.02849996
v 0.00077717 -0.01030208 -0.02795536
v 0.00077592 -0.01193224 -0.02732013
v 0.00077456 -0.01352471 -0.02659610
v 0.00070341 -0.01423916 -0.02615665
v 0.00077334 -0.01507452 -0.02578493
v 0.00070392 -0.01504105 -0.02572316
v 0.00070429 -0.01576036 -0.02530756
v 0.00077244 -0.01657637 -0.02488784
v 0.00070462 -0.01653907 -0.02482735
v 0.00070484 -0.01721576 -0.02438281
v 0.00077197 -0.01802442 -0.02390573
v 0.00070502 -0.01798263 -0.02384617
v 0.00070510 -0.01862215 -0.02336995
v 0.00077196 -0.01941241 -0.02283986
v 0.00070509 -0.01924327 -0.02288054
v 0.00077309 -0.02315144 -0.01916373
v 0.00070499 -0.01984867 -0.02237603
v 0.00077227 -0.02073384 -0.02169222
v 0.00070456 -0.02097032 -0.02136192
v 0.00077269 -0.02198200 -0.02046528
v 0.00070371 -0.02211504 -0.02020430
v 0.00070254 -0.02314326 -0.01903971
v 0.00095211 -0.02326838 -0.01926375
v 0.00105549 -0.02331454 -0.01930335
v 0.00116541 -0.02335092 -0.01933467
v 0.00139510 -0.02339211 -0.01937051
v 0.00131976 -0.00699888 -0.02917078
v 0.00141328 -0.00773721 -0.02899188
v 0.00132158 -0.00870239 -0.02871844
v 0.00141797 -0.00933630 -0.02852932
v 0.00132490 -0.01037794 -0.02817431
v 0.00142435 -0.01099428 -0.02795388
v 0.00133007 -0.01202153 -0.02754101
v 0.00143250 -0.01263089 -0.02728540
v 0.00133704 -0.01362886 -0.02681998
v 0.00144183 -0.01417581 -0.02655606
v 0.00134562 -0.01519536 -0.02601231
v 0.00131840 -0.00176608 -0.02994308
v 0.00141173 -0.00302088 -0.02984687
v 0.00131862 -0.00352544 -0.02978662
v 0.00140986 -0.00466410 -0.02963438
v 0.00131894 -0.00527165 -0.02952804
v 0.00140965 -0.00617837 -0.02935788
v 0.00141145 -0.00699988 -0.02917535
v 0.00141427 -0.00089707 -0.02998654
v 0.00141372 -0.00148171 -0.02996324
v 0.00141352 -0.00164091 -0.02995490
v 0.00141455 -0.00000000 -0.02999998
v 0.00141456 -0.00001116 -0.02999998
v 0.00131812 -0.00000001 -0.02999532
v 0.00141456 -0.00005589 -0.02999993
v 0.00141457 -0.00017926 -0.02999945
v 0.00085701 -0.00000009 -0.02983013
v 0.00085680 -0.02203954 -0.02052123
v 0.00085607 -0.02078629 -0.02175032
v 0.00085531 -0.01945953 -0.02289922
v 0.00085473 -0.01806621 -0.02396551
v 0.00085450 -0.01661297 -0.02494742
v 0.00085462 -0.01510635 -0.02584388
v 0.00085508 -0.01355221 -0.02665428
v 0.00085575 -0.01195581 -0.02737767
v 0.00085644 -0.01032209 -0.02801251
v 0.00085698 -0.00865569 -0.02855705
v 0.00085729 -0.00696107 -0.02900885
v 0.00085738 -0.00524285 -0.02936501
v 0.00085729 -0.00350603 -0.02962239
v 0.00085714 -0.00175637 -0.02977805
v 0.00094176 -0.00000007 -0.02988116
v 0.00095102 -0.02209028 -0.02057068
v 0.00094958 -0.02083247 -0.02180163
v 0.00094790 -0.01950092 -0.02295156
v 0.00094620 -0.01810282 -0.02401813
v 0.00094471 -0.01664498 -0.02499976
v 0.00094354 -0.01513412 -0.02589557
v 0.00094277 -0.01357618 -0.02670520
v 0.00094238 -0.01197633 -0.02742795
v 0.00094224 -0.01033950 -0.02806240
v 0.00094223 -0.00867021 -0.02860685
v 0.00094224 -0.00697280 -0.02905885
v 0.00094219 -0.00525177 -0.02941536
v 0.00094207 -0.00351204 -0.02967311
v 0.00094191 -0.00175938 -0.02982902
v 0.00103159 -0.00000006 -0.02992374
v 0.00105366 -0.02213292 -0.02061239
v 0.00105119 -0.02087122 -0.02184487
v 0.00104816 -0.01953559 -0.02299563
v 0.00104489 -0.01813342 -0.02406240
v 0.00104167 -0.01667169 -0.02504373
v 0.00103875 -0.01515726 -0.02593892
v 0.00103637 -0.01359611 -0.02674786
v 0.00103460 -0.01199340 -0.02747002
v 0.00103341 -0.01035399 -0.02810409
v 0.00103269 -0.00868230 -0.02864845
v 0.00103231 -0.00698257 -0.02910059
v 0.00103210 -0.00525920 -0.02945739
v 0.00103194 -0.00351705 -0.02971546
v 0.00103176 -0.00176188 -0.02987157
v 0.00112520 -0.00000004 -0.02995720
v 0.00116265 -0.02216648 -0.02064539
v 0.00115888 -0.02090168 -0.02187907
v 0.00115420 -0.01956278 -0.02303048
v 0.00114900 -0.01815736 -0.02409740
v 0.00114368 -0.01669258 -0.02507844
v 0.00113868 -0.01517533 -0.02597310
v 0.00113438 -0.01361165 -0.02678147
v 0.00113100 -0.01200672 -0.02750314
v 0.00112857 -0.01036530 -0.02813688
v 0.00112704 -0.00869177 -0.02868115
v 0.00112621 -0.00699023 -0.02913339
v 0.00112581 -0.00526503 -0.02949042
v 0.00112560 -0.00352098 -0.02974872
v 0.00112541 -0.00176385 -0.02990500
v 0.00122119 -0.00000003 -0.02998111
v 0.00127946 -0.02337685 -0.01935712
v 0.00127564 -0.02219035 -0.02066909
v 0.00127041 -0.02092331 -0.02190363
v 0.00126387 -0.01958203 -0.02305552
v 0.00125652 -0.01817426 -0.02412255
v 0.00124888 -0.01670731 -0.02510336
v 0.00124157 -0.01518806 -0.02599762
v 0.00123517 -0.01362259 -0.02680556
v 0.00123002 -0.01201612 -0.02752685
v 0.00122624 -0.01037330 -0.02816034
v 0.00122383 -0.00869847 -0.02870452
v 0.00122251 -0.00699568 -0.02915683
v 0.00122190 -0.00526919 -0.02951401
v 0.00122164 -0.00352378 -0.02977249
v 0.00122144 -0.00176525 -0.02992888
v 0.00135532 -0.01671580 -0.02511832
v 0.00136536 -0.01818399 -0.02413767
v 0.00137496 -0.01959321 -0.02307053
v 0.00138344 -0.02093593 -0.02191835
v 0.00139019 -0.02220434 -0.02068328
v 0.00144981 -0.01529700 -0.02596222
v 0.00145243 -0.01563947 -0.02576925
v 0.00146456 -0.01713187 -0.02485964
v 0.00147658 -0.01854841 -0.02388168
v 0.00148762 -0.01988461 -0.02284051
v 0.00149710 -0.02113997 -0.02173875
v 0.00150449 -0.02231075 -0.02058166
v 0.00150991 -0.02340013 -0.01937129
v 0.00151378 -0.02438047 -0.01815080
v 0.01761098 -0.02449264 -0.01800205
v 0.00900010 0.00000000 -0.02999999
v 0.00900020 -0.00530182 -0.02952737
v 0.00900020 -0.00453400 -0.02965460
v 0.00900020 -0.00227353 -0.02991331
v 0.00900020 -0.00676901 -0.02922886
v 0.00900020 -0.01112008 -0.02790590
v 0.00900020 -0.00896773 -0.02864365
v 0.00900020 -0.01524494 -0.02599085
v 0.00900020 -0.01321599 -0.02702048
v 0.00903944 -0.01814054 -0.02417542
v 0.00900020 -0.01710374 -0.02487752
v 0.00915596 -0.01908244 -0.02348034
v 0.00934795 -0.01992921 -0.02280355
v 0.00961241 -0.02068299 -0.02215489
v 0.00994589 -0.02134885 -0.02154189
v 0.01007711 -0.02156053 -0.02133852
v 0.01034508 -0.02193340 -0.02096965
v 0.01080720 -0.02244377 -0.02044140
v 0.01112404 -0.02272566 -0.02013727
v 0.01128880 -0.02285564 -0.01999394
v 0.01182809 -0.02321777 -0.01958390
v 0.01245680 -0.02354583 -0.01919822
v 0.01314619 -0.02382095 -0.01886381
v 0.01390088 -0.02404695 -0.01858125
v 0.01466805 -0.02421532 -0.01836597
v 0.01548721 -0.02434232 -0.01820078
v 0.01627405 -0.02442404 -0.01809317
v 0.01649152 -0.02444075 -0.01807106
v 0.01000034 -0.01615464 -0.02408373
v 0.01000026 -0.01284094 -0.02600208
v 0.01000026 -0.01431026 -0.02522325
v 0.01000027 -0.01519164 -0.02470241
v 0.01000027 -0.01573195 -0.02436186
v 0.01000025 -0.01132896 -0.02669553
v 0.01000024 -0.00898651 -0.02757250
v 0.01000024 -0.00978107 -0.02730072
v 0.01000021 -0.00166057 -0.02895242
v 0.01000021 -0.00331648 -0.02880974
v 0.01000022 -0.00454959 -0.02864092
v 0.01000022 -0.00496285 -0.02857221
v 0.01000023 -0.00659171 -0.02824088
v 0.01000024 -0.00819974 -0.02781661
v 0.01000010 0.00000000 -0.02900000
v 0.01000010 0.00000000 -0.02750001
v 0.01000019 -0.00239981 -0.02739258
v 0.01000020 -0.00487720 -0.02706407
v 0.01000020 -0.00694812 -0.02660777
v 0.01000020 -0.00926839 -0.02589109
v 0.01000020 -0.01615461 -0.02225486
v 0.01000019 -0.01574084 -0.02254639
v 0.01000020 -0.01373062 -0.02382552
v 0.01000020 -0.01308197 -0.02418892
v 0.01000020 -0.01089665 -0.02524901
v 0.01000003 -0.01645323 -0.02203482
v 0.01105404 -0.02167779 -0.02036684
v 0.01301329 -0.02295251 -0.01898457
v 0.01227563 -0.02260080 -0.01938730
v 0.01161779 -0.02217461 -0.01985269
v 0.03807683 -0.02587139 0.01598759
v 0.03813054 -0.02707416 0.01388253
v 0.04040914 -0.02702822 0.01376198
v 0.04037441 -0.02584645 -0.01588991
v 0.04036966 -0.02584619 0.01585110
v 0.04044430 -0.02803184 0.01158710
v 0.04047490 -0.02886582 0.00933976
v 0.04051813 -0.02998209 0.00469781
v 0.04050018 -0.02952833 0.00703647
v 0.04053264 -0.03030929 -0.00005060
v 0.04052862 -0.03023119 0.00233231
v 0.04052087 -0.02997077 -0.00479376
v 0.04053023 -0.03022643 -0.00243226
v 0.04050390 -0.02951209 -0.00712491
v 0.04047959 -0.02884868 -0.00941737
v 0.04041493 -0.02701785 -0.01381701
v 0.04044957 -0.02801553 -0.01165326
v 0.03808371 -0.02586743 -0.01602816
v 0.03813907 -0.02705883 -0.01394341
v 0.03818626 -0.02807648 -0.01176461
v 0.03822657 -0.02892446 -0.00950979
v 0.03825913 -0.02959662 -0.00719608
v 0.03817846 -0.02809851 0.01168924
v 0.03828208 -0.03006892 -0.00484456
v 0.03829495 -0.03034136 -0.00246225
v 0.03829838 -0.03043209 -0.00005789
v 0.03829281 -0.03034818 0.00234804
v 0.03827822 -0.03008344 0.00473521
v 0.03825384 -0.02961725 0.00709524
v 0.03821993 -0.02894745 0.00942092
v 0.01825059 0.02100000 0.01649265
v 0.01825066 0.02100000 0.01799265
v 0.01728758 0.02099310 0.01650793
v 0.01779197 0.02099922 0.01799424
v 0.01657046 0.02096546 0.01655718
v 0.01599706 0.02092047 0.01815787
v 0.01570814 0.02088835 0.01668728
v 0.01649291 0.02096071 0.01807510
v 0.01647192 0.02095936 0.01656784
v 0.01657038 0.02096546 0.01806526
v 0.01682052 0.02097826 0.01803879
v 0.01530828 0.02083208 0.01833273
v 0.01463160 0.02070167 0.01858057
v 0.01497461 0.02077364 0.01686841
v 0.01427280 0.02061233 0.01711262
v 0.01398138 0.02052824 0.01889657
v 0.01413392 0.02057360 0.01716996
v 0.01345721 0.02034798 0.01749547
v 0.01366737 0.02042501 0.01907817
v 0.01330773 0.02028902 0.01931107
v 0.01304834 0.02017786 0.01949648
v 0.01247182 0.01988473 0.01996557
v 0.01282829 0.02007400 0.01787465
v 0.01193862 0.01954307 0.02047979
v 0.01193881 0.01954271 0.01857397
v 0.01221066 0.01972710 0.01833563
v -0.00000000 0.02639172 0.01202005
v 0.00070712 0.02670518 0.01301398
v 0.00070712 0.02740016 0.01147746
v -0.00000000 0.00124925 0.02897320
v -0.00000000 0.00020110 0.02899930
v 0.00070717 0.00005628 0.02970698
v 0.00070716 0.01103836 0.02758065
v -0.00000000 0.00884419 0.02761910
v 0.00070716 0.00946043 0.02816096
v -0.00000000 0.00794086 0.02789222
v 0.00070716 0.00785638 0.02864943
v -0.00000000 0.00599844 0.02837335
v 0.00070717 0.00622258 0.02904772
v -0.00000000 0.00523573 0.02852391
v 0.00070717 0.00456522 0.02935385
v 0.00000000 0.00307897 0.02883639
v 0.00070717 0.00289227 0.02956588
v 0.00070717 0.00121184 0.02968252
v 0.00070715 0.01555354 0.02530934
v -0.00000000 0.01328760 0.02577741
v 0.00070715 0.01409223 0.02615121
v -0.00000000 0.01197239 0.02641397
v 0.00070715 0.01258476 0.02690963
v 0.00000000 0.01158750 0.02658507
v -0.00000000 0.01063914 0.02697859
v 0.00070713 0.02310193 0.01867552
v -0.00000000 0.02103176 0.01996711
v 0.00070713 0.02200466 0.01995708
v -0.00000000 0.02048689 0.02052581
v 0.00070714 0.02083666 0.02117452
v 0.00000000 0.01894845 0.02195408
v 0.00070714 0.01960344 0.02232174
v -0.00000000 0.01825508 0.02253396
v 0.00070714 0.01831100 0.02339333
v 0.00000000 0.01666327 0.02373533
v 0.00070714 0.01696184 0.02438848
v -0.00000000 0.01584121 0.02429173
v 0.00000000 0.01420206 0.02528509
v -0.00000000 0.02341331 0.01711228
v 0.00000000 0.02290593 0.01778576
v -0.00000000 0.02249924 0.01829754
v -0.00000000 0.02594050 0.01296520
v -0.00000000 0.02504212 0.01462534
v 0.00070712 0.02592537 0.01450591
v -0.00000000 0.02454646 0.01544283
v 0.00070712 0.02506468 0.01594627
v 0.00070713 0.02412343 0.01733633
v 0.00000000 0.02891390 0.00223308
v -0.00000000 0.02873113 0.00393982
v 0.00070711 0.02951659 0.00335917
v 0.00000000 0.02856808 0.00498648
v 0.00070711 0.02927824 0.00503245
v -0.00000000 0.02823091 0.00663450
v 0.00070711 0.02894729 0.00667667
v 0.00000000 0.02795619 0.00771056
v 0.00070711 0.02852350 0.00830099
v -0.00000000 0.02745424 0.00934167
v 0.00070712 0.02800713 0.00990387
v 0.00000000 0.02707914 0.01037897
v -0.00000000 0.02695900 0.01068718
v 0.00070711 0.02965918 0.00168062
v 0.00070710 0.02970710 0.00000000
v -0.00000000 0.02900000 0.00000000
v 0.00900354 0.01500007 0.02597663
v 0.00900000 0.01500004 0.02598074
v 0.00900000 0.01441816 0.02630811
v 0.00900000 0.00544057 0.02950254
v 0.00900000 0.00407996 0.02972127
v 0.01000000 0.00421300 0.02869238
v 0.00900000 0.00273163 0.02987538
v 0.01000000 0.00261090 0.02888227
v 0.00900000 0.00219715 0.02991943
v 0.01000000 0.00097458 0.02898365
v 0.00900000 0.00562144 0.02946862
v 0.01000000 0.00585001 0.02840393
v 0.00900000 0.00677078 0.02922595
v 0.01000000 0.00741472 0.02803614
v 0.00900000 0.00810430 0.02888460
v 0.00900000 0.00897122 0.02862721
v 0.01000000 0.00900585 0.02756636
v 0.00900000 0.00940525 0.02848756
v 0.01000000 0.01055012 0.02701303
v 0.00900000 0.01070070 0.02802668
v 0.01000000 0.01355201 0.02563905
v 0.00999974 0.01500006 0.02481961
v 0.00950164 0.01500493 0.02539695
v 0.00900000 0.01196146 0.02751224
v 0.01000000 0.01206096 0.02637319
v 0.00900000 0.01220210 0.02740636
v 0.00121994 0.00147097 0.02994502
v 0.00077543 0.00146057 0.02973363
v 0.00070715 0.00002817 0.02970700
v 0.00077543 0.00291768 0.02962592
v 0.00077543 0.00436783 0.02944681
v 0.00077543 0.00580753 0.02919696
v 0.00077543 0.00723330 0.02887703
v 0.00077542 0.00864166 0.02848771
v 0.00077542 0.01002913 0.02802967
v 0.00077542 0.01139225 0.02750364
v 0.00077542 0.01272784 0.02691107
v 0.00077542 0.01403284 0.02625374
v 0.00077541 0.01530421 0.02553343
v 0.00077541 0.01653888 0.02475193
v 0.00077541 0.01773380 0.02391103
v 0.00077541 0.01888593 0.02301251
v 0.00077541 0.01999222 0.02205818
v 0.00077540 0.02105008 0.02105035
v 0.00077540 0.02205724 0.01999174
v 0.00077540 0.02301149 0.01888512
v 0.00077540 0.02391059 0.01773322
v 0.00077540 0.02475231 0.01653881
v 0.00077540 0.02553442 0.01530464
v 0.00077540 0.02625470 0.01403345
v 0.00077539 0.02691131 0.01272822
v 0.00077539 0.02973317 0.00146067
v 0.00077539 0.02962585 0.00291790
v 0.00077539 0.02944752 0.00436815
v 0.00077539 0.02919775 0.00580776
v 0.00077539 0.02887724 0.00723331
v 0.00077539 0.02848718 0.00864147
v 0.00077539 0.02802872 0.01002889
v 0.00077539 0.02750304 0.01139226
v 0.00141421 0.02996354 0.00147199
v 0.00131727 0.02995883 0.00147175
v 0.00141421 0.02985538 0.00294051
v 0.00131727 0.02985069 0.00294005
v 0.00141421 0.02980122 0.00344812
v 0.00131727 0.02967102 0.00440130
v 0.00131727 0.02909641 0.00728821
v 0.00141422 0.02920752 0.00685056
v 0.00131727 0.02941935 0.00585184
v 0.00141422 0.02942397 0.00585276
v 0.00141422 0.02967568 0.00440199
v 0.00131728 0.02645397 0.01413996
v 0.00141423 0.02687169 0.01333922
v 0.00131728 0.02711557 0.01282482
v 0.00141423 0.02711982 0.01282684
v 0.00131728 0.02771179 0.01147872
v 0.00141423 0.02771614 0.01148052
v 0.00131728 0.02824145 0.01010501
v 0.00141422 0.02824589 0.01010660
v 0.00131727 0.02870339 0.00870705
v 0.00141422 0.02870789 0.00870842
v 0.00141422 0.02910098 0.00728936
v 0.00131729 0.02494019 0.01666434
v 0.00141424 0.02516018 0.01633921
v 0.00131729 0.02572823 0.01542080
v 0.00141424 0.02573227 0.01542322
v 0.00141423 0.02645813 0.01414218
v 0.00131730 0.02318616 0.01902846
v 0.00141425 0.02318980 0.01903145
v 0.00131730 0.02409208 0.01786782
v 0.00141425 0.02409586 0.01787063
v 0.00141424 0.02494410 0.01666696
v 0.00131731 0.02014398 0.02222561
v 0.00141426 0.02076458 0.02165310
v 0.00131731 0.02120986 0.02121013
v 0.00141426 0.02121319 0.02121346
v 0.00131730 0.02222467 0.02014348
v 0.00141426 0.02222816 0.02014665
v 0.00141425 0.02311493 0.01912232
v 0.00131733 0.01786842 0.02409253
v 0.00141428 0.01813819 0.02389617
v 0.00131732 0.01902929 0.02318719
v 0.00141427 0.01903228 0.02319083
v 0.00141427 0.02014714 0.02222911
v 0.00131734 0.01542038 0.02572726
v 0.00141429 0.01542281 0.02573130
v 0.00131733 0.01666442 0.02493982
v 0.00141429 0.01666704 0.02494374
v 0.00141428 0.01787122 0.02409632
v 0.00131735 0.01147874 0.02771243
v 0.00141431 0.01220215 0.02740647
v 0.00131735 0.01282447 0.02711536
v 0.00141431 0.01282648 0.02711962
v 0.00131734 0.01413937 0.02645303
v 0.00141430 0.01414159 0.02645719
v 0.00141429 0.01527093 0.02582171
v 0.00131736 0.00870727 0.02870398
v 0.00141432 0.00897134 0.02862756
v 0.00131736 0.01010527 0.02824245
v 0.00141432 0.01010686 0.02824689
v 0.00141431 0.01148054 0.02771678
v 0.00131737 0.00585163 0.02941862
v 0.00141434 0.00585255 0.02942324
v 0.00131737 0.00728822 0.02909626
v 0.00141433 0.00728937 0.02910083
v 0.00141432 0.00870864 0.02870849
v 0.00131739 0.00147168 0.02995937
v 0.00141435 0.00147191 0.02996408
v 0.00131738 0.00293985 0.02985085
v 0.00141435 0.00294031 0.02985554
v 0.00131738 0.00440100 0.02967037
v 0.00141434 0.00440169 0.02967503
v 0.00141434 0.00562138 0.02946826
v 0.00121984 0.02998092 0.00000000
v 0.00129152 0.02999243 0.00000000
v 0.00141421 0.02999999 0.00000000
v 0.00121994 0.00293844 0.02983655
v 0.00121993 0.00439889 0.02965616
v 0.00121993 0.00584882 0.02940452
v 0.00121993 0.00728473 0.02908232
v 0.00121992 0.00870310 0.02869023
v 0.00121992 0.01010043 0.02822893
v 0.00121991 0.01147324 0.02769916
v 0.00121991 0.01281832 0.02710237
v 0.00121990 0.01413260 0.02644037
v 0.00121990 0.01541300 0.02571493
v 0.00121989 0.01665644 0.02492788
v 0.00121989 0.01785986 0.02408100
v 0.00121988 0.01902017 0.02317609
v 0.00121988 0.02013433 0.02221497
v 0.00121987 0.02119970 0.02119997
v 0.00121987 0.02221403 0.02013384
v 0.00121987 0.02317505 0.01901935
v 0.00121986 0.02408054 0.01785927
v 0.00121986 0.02492824 0.01665636
v 0.00121986 0.02571591 0.01541341
v 0.00121985 0.02644130 0.01413319
v 0.00121985 0.02710258 0.01281868
v 0.00121985 0.02769851 0.01147322
v 0.00121985 0.02822793 0.01010017
v 0.00121984 0.02868964 0.00870289
v 0.00121984 0.02908248 0.00728472
v 0.00121984 0.02940526 0.00584904
v 0.00121984 0.02965681 0.00439919
v 0.00121984 0.02983640 0.00293864
v 0.00121984 0.02994449 0.00147105
v 0.00113085 0.02995900 0.00000000
v 0.00112345 0.00146978 0.02992089
v 0.00112345 0.00293607 0.02981250
v 0.00112345 0.00439535 0.02963225
v 0.00112344 0.00584411 0.02938082
v 0.00112344 0.00727886 0.02905888
v 0.00112344 0.00869609 0.02866711
v 0.00112343 0.01009229 0.02820618
v 0.00112343 0.01146399 0.02767683
v 0.00112343 0.01280799 0.02708053
v 0.00112342 0.01412121 0.02641906
v 0.00112342 0.01540058 0.02569421
v 0.00112341 0.01664302 0.02490779
v 0.00112341 0.01784547 0.02406159
v 0.00112341 0.01900484 0.02315741
v 0.00112340 0.02011811 0.02219707
v 0.00112340 0.02118262 0.02118289
v 0.00112340 0.02219612 0.02011761
v 0.00112339 0.02315638 0.01900402
v 0.00112339 0.02406114 0.01784487
v 0.00112339 0.02490816 0.01664294
v 0.00112338 0.02569519 0.01540099
v 0.00112338 0.02642000 0.01412180
v 0.00112338 0.02708074 0.01280835
v 0.00112338 0.02767620 0.01146398
v 0.00112337 0.02820518 0.01009203
v 0.00112337 0.02866652 0.00869587
v 0.00112337 0.02905904 0.00727885
v 0.00112337 0.02938157 0.00584433
v 0.00112337 0.02963291 0.00439565
v 0.00112337 0.02981236 0.00293627
v 0.00112337 0.02992036 0.00146986
v 0.00097572 0.02989872 0.00000000
v 0.00102933 0.02988660 0.00146821
v 0.00093914 0.02984363 0.00146610
v 0.00093914 0.02973590 0.00292874
v 0.00102933 0.02977872 0.00293296
v 0.00093914 0.02955692 0.00438438
v 0.00102933 0.02959947 0.00439069
v 0.00093914 0.02930622 0.00582934
v 0.00102933 0.02934841 0.00583773
v 0.00093914 0.02898452 0.00726018
v 0.00102933 0.02902625 0.00727064
v 0.00093914 0.02859301 0.00867357
v 0.00102933 0.02863417 0.00868606
v 0.00093914 0.02813285 0.01006615
v 0.00102933 0.02817335 0.01008064
v 0.00093914 0.02760522 0.01143458
v 0.00102933 0.02764496 0.01145104
v 0.00093914 0.02701129 0.01277550
v 0.00102933 0.02705018 0.01279390
v 0.00093915 0.02635224 0.01408558
v 0.00102934 0.02639018 0.01410586
v 0.00093915 0.02562929 0.01536150
v 0.00102934 0.02566619 0.01538361
v 0.00093915 0.02484427 0.01660026
v 0.00102934 0.02488004 0.01662416
v 0.00093915 0.02399943 0.01779911
v 0.00102934 0.02403398 0.01782473
v 0.00093915 0.02309699 0.01895528
v 0.00102935 0.02313024 0.01898257
v 0.00093916 0.02213919 0.02006602
v 0.00102935 0.02217107 0.02009491
v 0.00093916 0.02112829 0.02112856
v 0.00102935 0.02115871 0.02115898
v 0.00093916 0.02006650 0.02214014
v 0.00102935 0.02009540 0.02217202
v 0.00093916 0.01895610 0.02309801
v 0.00102936 0.01898339 0.02313127
v 0.00093917 0.01779969 0.02399987
v 0.00102936 0.01782532 0.02403443
v 0.00093917 0.01660033 0.02484390
v 0.00102936 0.01662423 0.02487968
v 0.00093917 0.01536107 0.02562830
v 0.00102937 0.01538319 0.02566521
v 0.00093918 0.01408499 0.02635129
v 0.00102937 0.01410527 0.02638924
v 0.00093918 0.01277514 0.02701106
v 0.00102937 0.01279353 0.02704996
v 0.00093918 0.01143459 0.02760584
v 0.00102938 0.01145105 0.02764559
v 0.00093918 0.01006640 0.02813382
v 0.00102938 0.01008090 0.02817434
v 0.00093919 0.00867378 0.02859357
v 0.00102938 0.00868627 0.02863475
v 0.00093919 0.00726018 0.02898434
v 0.00102939 0.00727064 0.02902608
v 0.00093919 0.00582912 0.02930545
v 0.00102939 0.00583751 0.02934766
v 0.00093919 0.00438407 0.02955624
v 0.00102939 0.00439038 0.02959880
v 0.00093919 0.00292853 0.02973602
v 0.00102939 0.00293275 0.02977884
v 0.00093919 0.00146601 0.02984412
v 0.00102940 0.00146812 0.02988711
v 0.00083090 0.02981224 0.00000000
v 0.00085412 0.02979217 0.00146357
v 0.00085412 0.02968463 0.00292369
v 0.00085412 0.02950596 0.00437682
v 0.00085412 0.02925568 0.00581929
v 0.00085412 0.02893454 0.00724767
v 0.00085412 0.02854371 0.00865862
v 0.00085412 0.02808434 0.01004880
v 0.00085412 0.02755762 0.01141486
v 0.00085412 0.02696472 0.01275348
v 0.00085412 0.02630680 0.01406130
v 0.00085412 0.02558509 0.01533501
v 0.00085413 0.02480143 0.01657163
v 0.00085413 0.02395804 0.01776841
v 0.00085413 0.02305716 0.01892260
v 0.00085413 0.02210102 0.02003142
v 0.00085413 0.02109185 0.02109212
v 0.00085413 0.02003190 0.02210196
v 0.00085414 0.01892341 0.02305818
v 0.00085414 0.01776900 0.02395849
v 0.00085414 0.01657170 0.02480106
v 0.00085414 0.01533458 0.02558411
v 0.00085415 0.01406070 0.02630585
v 0.00085415 0.01275310 0.02696448
v 0.00085415 0.01141487 0.02755823
v 0.00085415 0.01004904 0.02808530
v 0.00085415 0.00865882 0.02854426
v 0.00085416 0.00724766 0.02893435
v 0.00085416 0.00581906 0.02925491
v 0.00085416 0.00437650 0.02950526
v 0.00085416 0.00292348 0.02968473
v 0.00085416 0.00146347 0.02979265
v 0.00951243 0.01916077 0.02308387
v 0.01068015 0.01822514 0.02217319
v 0.01102894 0.01870687 0.02160497
v 0.01000106 0.01520944 0.02469037
v 0.00900140 0.01527134 0.02582220
v 0.00903104 0.01621805 0.02523836
v 0.00906949 0.01676636 0.02487748
v 0.01003434 0.01603452 0.02413554
v 0.01006741 0.01637008 0.02388700
v 0.01018077 0.01701983 0.02336329
v 0.00913274 0.01735589 0.02446984
v 0.00925854 0.01813853 0.02389547
v 0.01035779 0.01758584 0.02284484
v 0.00929115 0.01829917 0.02377268
v 0.01061221 0.01811168 0.02229912
v 0.01021873 0.02076642 0.02165077
v 0.01144823 0.01914523 0.02103811
v 0.01015410 0.02065797 0.02175427
v 0.00982133 0.02000044 0.02236029
v 0.01102736 0.02180333 0.02060618
v 0.01058720 0.02130117 0.02112487
v 0.01419507 0.02354049 0.01859692
v 0.01346186 0.02330816 0.01888729
v 0.01299641 0.02312125 0.01911564
v 0.01275865 0.02301211 0.01924689
v 0.01210518 0.02265473 0.01966630
v 0.01152010 0.02224407 0.02012961
v 0.01143587 0.02217587 0.02020472
v 0.01672863 0.02395117 0.01806493
v 0.01607331 0.02388964 0.01814622
v 0.01584359 0.02386171 0.01818292
v 0.01496417 0.02371952 0.01836803
v 0.01773850 0.02399969 0.01800041
v 0.01825066 0.02400551 0.01799265
v 0.01145282 0.01915359 0.01908171
v 0.01103698 0.01873060 0.01962453
v 0.01095051 0.01862654 0.01975444
v 0.01062351 0.01815123 0.02032332
v 0.01040785 0.01771984 0.02080080
v 0.01017508 0.01698983 0.02152203
v 0.01019537 0.01707546 0.02144253
v 0.01036111 0.01760453 0.02092173
v 0.01037386 0.01763703 0.02088794
v 0.01000000 0.01500007 0.02304885
v 0.01000822 0.01553140 0.02269035
v 0.01006192 0.01630639 0.02211157
v -0.00000000 0.00020110 -0.02899930
v -0.00000000 0.00794086 -0.02789222
v 0.00000000 0.00599844 -0.02837335
v -0.00000000 0.00523573 -0.02852391
v -0.00000000 0.01457910 -0.02506958
v -0.00000000 0.01584121 -0.02429173
v -0.00000000 0.01666327 -0.02373533
v 0.00000000 0.01420206 -0.02528509
v -0.00000000 0.01328760 -0.02577741
v 0.00000000 0.01158750 -0.02658507
v -0.00000000 0.01063914 -0.02697859
v 0.00000000 0.00884419 -0.02761910
v -0.00000000 0.00307897 -0.02883638
v -0.00000000 0.00124925 -0.02897320
v 0.00000000 0.02891390 -0.00223308
v -0.00000000 0.02888242 -0.00260885
v 0.00000000 0.02454646 -0.01544283
v -0.00000000 0.02426176 -0.01588641
v 0.00000000 0.02290593 -0.01778576
v 0.00000000 0.02856808 -0.00498648
v -0.00000000 0.02823091 -0.00663450
v -0.00000000 0.02795619 -0.00771056
v -0.00000000 0.02249924 -0.01829754
v -0.00000000 0.02103176 -0.01996710
v -0.00000000 0.02048689 -0.02052581
v -0.00000000 0.02745424 -0.00934167
v -0.00000000 0.02707914 -0.01037897
v -0.00000000 0.02639172 -0.01202005
v -0.00000000 0.01894845 -0.02195408
v -0.00000000 0.01706835 -0.02344571
v -0.00000000 0.02594050 -0.01296520
v -0.00000000 0.02504212 -0.01462534
v 0.01824872 0.02100000 -0.01724265
v 0.01824844 0.02100000 -0.01649265
v 0.01791589 0.02100036 -0.01649398
v 0.01703206 0.02098646 -0.01802208
v 0.01825066 0.02100000 -0.01799266
v 0.01679556 0.02097636 -0.01653674
v 0.01626165 0.02094453 -0.01810941
v 0.01595782 0.02091673 -0.01664093
v 0.01575164 0.02089383 -0.01821188
v 0.01568173 0.02088508 -0.01669261
v 0.01553659 0.02086619 -0.01826665
v 0.01511819 0.02079939 -0.01682737
v 0.01479841 0.02073875 -0.01851190
v 0.01435678 0.02063471 -0.01707942
v 0.01411576 0.02056877 -0.01882473
v 0.01408711 0.02056009 -0.01718999
v 0.01360974 0.02040458 -0.01741513
v 0.01345648 0.02034823 -0.01921132
v 0.01300401 0.02015775 -0.01776044
v 0.01243630 0.01986502 -0.01815537
v 0.01193862 0.01954307 -0.02047979
v 0.01222677 0.01973789 -0.02019125
v 0.01193881 0.01954283 -0.01857393
v 0.01265043 0.01998364 -0.01981119
v 0.01282555 0.02007324 -0.01966791
v 0.00070713 0.02234009 -0.01958068
v 0.00070715 0.01453298 -0.02590880
v 0.00070717 0.00172960 -0.02965682
v 0.00070717 0.00005628 -0.02970698
v 0.00070717 0.00339893 -0.02951182
v 0.00070717 0.00506350 -0.02927197
v 0.00070716 0.00671550 -0.02893782
v 0.00070716 0.00834683 -0.02851056
v 0.00070716 0.00994946 -0.02799199
v 0.00070716 0.01151567 -0.02738463
v 0.00070715 0.01304255 -0.02669057
v 0.00070714 0.01737648 -0.02409505
v 0.00070715 0.01598004 -0.02504235
v 0.00070714 0.01871537 -0.02307129
v 0.00070714 0.01999021 -0.02197592
v 0.00070714 0.02092563 -0.02108653
v 0.00070713 0.02119716 -0.02081334
v 0.00070713 0.02341463 -0.01828197
v 0.00070713 0.02300003 -0.01880088
v 0.00070713 0.02441523 -0.01692318
v 0.00070713 0.02394288 -0.01758472
v 0.00070712 0.02533672 -0.01551072
v 0.00070713 0.02481844 -0.01632658
v 0.00070712 0.02617450 -0.01405137
v 0.00070712 0.02692531 -0.01255184
v 0.00070712 0.02759136 -0.01100956
v 0.00070712 0.02817100 -0.00942767
v 0.00070711 0.02866097 -0.00781361
v 0.00070711 0.02905855 -0.00617512
v 0.00070711 0.02936165 -0.00452006
v 0.00070711 0.02943002 -0.00405013
v 0.00070711 0.02956928 -0.00285640
v 0.00070711 0.02968341 -0.00117929
v 0.00949973 0.01500491 -0.02539919
v 0.00999945 0.01500007 -0.02481994
v 0.01000000 0.01444110 -0.02514926
v 0.00900000 0.01499995 -0.02598079
v 0.01000000 0.01297644 -0.02593530
v 0.00900000 0.01320808 -0.02693597
v 0.00900000 0.01220210 -0.02740636
v 0.01000000 0.01142887 -0.02665330
v 0.00900000 0.01196135 -0.02751229
v 0.01000000 0.00987933 -0.02726566
v 0.00900000 0.01070060 -0.02802672
v 0.00900000 0.00940516 -0.02848759
v 0.01000000 0.00824586 -0.02780316
v 0.00900000 0.00897122 -0.02862721
v 0.01000000 0.00659257 -0.02824104
v 0.00900000 0.00677072 -0.02922597
v 0.00900000 0.00562144 -0.02946862
v 0.01000000 0.00496582 -0.02857263
v 0.00900000 0.00544051 -0.02950256
v 0.01000000 0.00332578 -0.02880975
v 0.00900000 0.00407992 -0.02972127
v 0.00900000 0.00273160 -0.02987538
v 0.01000000 0.00166968 -0.02895241
v 0.00900000 0.00219715 -0.02991943
v 0.00141422 0.02822601 -0.01016198
v 0.00141423 0.02779655 -0.01128430
v 0.00131786 0.02779224 -0.01128255
v 0.00141423 0.02687169 -0.01333922
v 0.00141423 0.02654917 -0.01397045
v 0.00131786 0.02654506 -0.01396828
v 0.00141425 0.02311493 -0.01912232
v 0.00141426 0.02232873 -0.02003507
v 0.00131789 0.02232526 -0.02003196
v 0.00141426 0.02076458 -0.02165310
v 0.00141427 0.02024512 -0.02213986
v 0.00131790 0.02024198 -0.02213643
v 0.00131792 0.01421725 -0.02641131
v 0.00131793 0.01289631 -0.02708129
v 0.00122107 0.01289021 -0.02706848
v 0.00131793 0.01154401 -0.02768534
v 0.00141431 0.01154581 -0.02768964
v 0.00141432 0.01016507 -0.02822600
v 0.00141421 0.02997578 -0.00119836
v 0.00131785 0.02997113 -0.00119817
v 0.00141435 0.00148074 -0.02996364
v 0.00103153 0.02989972 -0.00119532
v 0.00077855 0.02401159 -0.01760069
v 0.00077855 0.02311331 -0.01876448
v 0.00077855 0.02115085 -0.02095271
v 0.00077857 0.01145802 -0.02747910
v 0.00070715 0.00002817 -0.02970700
v 0.00077858 0.00146945 -0.02973579
v 0.00077858 0.00293539 -0.02962679
v 0.00077858 0.00439423 -0.02944551
v 0.00077857 0.00584244 -0.02919265
v 0.00077857 0.00727646 -0.02886888
v 0.00077857 0.00869276 -0.02847490
v 0.00077857 0.01008778 -0.02801138
v 0.00131797 0.00148051 -0.02995899
v 0.00131796 0.00295744 -0.02984916
v 0.00141435 0.00295790 -0.02985379
v 0.00131796 0.00442722 -0.02966652
v 0.00141434 0.00442791 -0.02967113
v 0.00141434 0.00562138 -0.02946826
v 0.00131796 0.00588630 -0.02941176
v 0.00141433 0.00588721 -0.02941632
v 0.00131795 0.00733108 -0.02908556
v 0.00141433 0.00733222 -0.02909007
v 0.00131795 0.00875800 -0.02868862
v 0.00141432 0.00875936 -0.02869307
v 0.00085710 0.00147234 -0.02979419
v 0.00085710 0.00294116 -0.02968497
v 0.00085710 0.00440287 -0.02950334
v 0.00085710 0.00585391 -0.02924998
v 0.00085710 0.00729075 -0.02892558
v 0.00085709 0.00870983 -0.02853082
v 0.00085709 0.01010759 -0.02806639
v 0.00094182 0.00147487 -0.02984510
v 0.00094181 0.00294619 -0.02973569
v 0.00094181 0.00441039 -0.02955374
v 0.00094181 0.00586392 -0.02929995
v 0.00094181 0.00730321 -0.02897500
v 0.00094181 0.00872471 -0.02857956
v 0.00094180 0.01012486 -0.02811434
v 0.00103160 0.00147697 -0.02988759
v 0.00103160 0.00295038 -0.02977802
v 0.00103160 0.00441667 -0.02959581
v 0.00103159 0.00587226 -0.02934166
v 0.00103159 0.00731361 -0.02901624
v 0.00103159 0.00873713 -0.02862025
v 0.00103159 0.01013927 -0.02815436
v 0.00112516 0.00147862 -0.02992097
v 0.00112516 0.00295368 -0.02981128
v 0.00112516 0.00442160 -0.02962887
v 0.00112515 0.00587882 -0.02937443
v 0.00112515 0.00732177 -0.02904865
v 0.00112515 0.00874689 -0.02865221
v 0.00112514 0.01015059 -0.02818580
v 0.00122110 0.00147980 -0.02994482
v 0.00122110 0.00295604 -0.02983504
v 0.00122109 0.00442513 -0.02965248
v 0.00122109 0.00588351 -0.02939784
v 0.00122109 0.00732761 -0.02907180
v 0.00122108 0.00875386 -0.02867504
v 0.00122108 0.01015868 -0.02820826
v 0.00131794 0.01016349 -0.02822162
v 0.00085709 0.01148052 -0.02753307
v 0.00094180 0.01150013 -0.02758010
v 0.00103158 0.01151650 -0.02761936
v 0.00112514 0.01152936 -0.02765021
v 0.00122107 0.01153855 -0.02767224
v 0.00141432 0.00897134 -0.02862756
v 0.00141431 0.01220215 -0.02740647
v 0.00141430 0.01289831 -0.02708550
v 0.00141430 0.01421945 -0.02641541
v 0.00141429 0.01527093 -0.02582171
v 0.00141429 0.01550610 -0.02568120
v 0.00131792 0.01550369 -0.02567721
v 0.00122106 0.01421052 -0.02639881
v 0.00112514 0.01287994 -0.02704693
v 0.00141429 0.01675512 -0.02488470
v 0.00131791 0.01675252 -0.02488084
v 0.00122106 0.01549636 -0.02566506
v 0.00112513 0.01419920 -0.02637779
v 0.00103158 0.01286557 -0.02701676
v 0.00131790 0.01912477 -0.02310860
v 0.00131791 0.01796059 -0.02402403
v 0.00122105 0.01795209 -0.02401266
v 0.00122105 0.01674459 -0.02486907
v 0.00112512 0.01673126 -0.02484927
v 0.00112513 0.01548402 -0.02564463
v 0.00103157 0.01546675 -0.02561602
v 0.00103158 0.01418336 -0.02634837
v 0.00094180 0.01416320 -0.02631092
v 0.00094180 0.01284729 -0.02697835
v 0.00085709 0.01282538 -0.02693235
v 0.00141428 0.01796338 -0.02402775
v 0.00141427 0.01912774 -0.02311218
v 0.00141428 0.01813819 -0.02389617
v 0.00122104 0.01911573 -0.02309766
v 0.00112512 0.01793780 -0.02399354
v 0.00103157 0.01671259 -0.02482155
v 0.00094179 0.01544476 -0.02557961
v 0.00085709 0.01413905 -0.02626605
v 0.00077857 0.01280024 -0.02687956
v 0.00077856 0.01411134 -0.02621457
v 0.00085708 0.01541842 -0.02553599
v 0.00094179 0.01668884 -0.02478627
v 0.00103156 0.01791779 -0.02396678
v 0.00112511 0.01910050 -0.02307927
v 0.00122104 0.02023240 -0.02212596
v 0.00131789 0.02130957 -0.02110994
v 0.00141426 0.02131288 -0.02111322
v 0.00122103 0.02129949 -0.02109996
v 0.00112511 0.02021629 -0.02210834
v 0.00103156 0.01907920 -0.02305353
v 0.00094179 0.01789232 -0.02393271
v 0.00085708 0.01666038 -0.02474400
v 0.00077856 0.01538820 -0.02548595
v 0.00141425 0.02329037 -0.01890823
v 0.00131788 0.02328676 -0.01890529
v 0.00122103 0.02231470 -0.02002248
v 0.00112511 0.02128253 -0.02108316
v 0.00103156 0.02019374 -0.02208368
v 0.00094179 0.01905208 -0.02302076
v 0.00085708 0.01786181 -0.02389190
v 0.00077856 0.01662773 -0.02469551
v 0.00141425 0.02419552 -0.01773552
v 0.00131788 0.02419177 -0.01773277
v 0.00122103 0.02327574 -0.01889635
v 0.00112510 0.02229693 -0.02000654
v 0.00103156 0.02125879 -0.02105964
v 0.00094178 0.02016504 -0.02205229
v 0.00085708 0.01901959 -0.02298151
v 0.00077856 0.01782680 -0.02384508
v 0.00131787 0.02582320 -0.01526144
v 0.00131787 0.02503801 -0.01651721
v 0.00122102 0.02502617 -0.01650940
v 0.00122102 0.02418032 -0.01772438
v 0.00112510 0.02416107 -0.01771027
v 0.00112510 0.02325721 -0.01888130
v 0.00103155 0.02323127 -0.01886025
v 0.00103155 0.02227206 -0.01998423
v 0.00094178 0.02224041 -0.01995583
v 0.00094178 0.02122858 -0.02102971
v 0.00085707 0.02119238 -0.02099385
v 0.00085707 0.02013065 -0.02201469
v 0.00077855 0.02009120 -0.02197155
v 0.00077856 0.01898232 -0.02293647
v 0.00141424 0.02504190 -0.01651977
v 0.00141424 0.02582720 -0.01526380
v 0.00141424 0.02516018 -0.01633921
v 0.00122101 0.02581098 -0.01525422
v 0.00112509 0.02500624 -0.01649625
v 0.00103155 0.02413413 -0.01769052
v 0.00094178 0.02319825 -0.01883344
v 0.00085707 0.02220248 -0.01992180
v 0.00077855 0.02215897 -0.01988276
v 0.00085707 0.02315869 -0.01880133
v 0.00094177 0.02409983 -0.01766538
v 0.00103154 0.02497835 -0.01647785
v 0.00112509 0.02579043 -0.01524207
v 0.00122101 0.02653250 -0.01396167
v 0.00131786 0.02720181 -0.01264085
v 0.00141423 0.02720603 -0.01264281
v 0.00122101 0.02718894 -0.01263487
v 0.00112509 0.02651137 -0.01395056
v 0.00103154 0.02576167 -0.01522507
v 0.00094177 0.02494285 -0.01645444
v 0.00085707 0.02405873 -0.01763525
v 0.00141422 0.02831953 -0.00989833
v 0.00131786 0.02831514 -0.00989680
v 0.00122101 0.02777909 -0.01127721
v 0.00112509 0.02716729 -0.01262481
v 0.00103154 0.02648181 -0.01393500
v 0.00094177 0.02572506 -0.01520344
v 0.00085707 0.02490032 -0.01642638
v 0.00141422 0.02877378 -0.00848834
v 0.00131785 0.02876932 -0.00848702
v 0.00122100 0.02830175 -0.00989212
v 0.00112508 0.02775697 -0.01126823
v 0.00103154 0.02713700 -0.01261073
v 0.00094177 0.02644417 -0.01391520
v 0.00085706 0.02568119 -0.01517751
v 0.00077855 0.02485153 -0.01639419
v 0.00077854 0.02563087 -0.01514777
v 0.00085706 0.02639908 -0.01389147
v 0.00094177 0.02709843 -0.01259281
v 0.00103154 0.02772602 -0.01125567
v 0.00112508 0.02827921 -0.00988424
v 0.00122100 0.02875571 -0.00848301
v 0.00131785 0.02915357 -0.00705663
v 0.00131785 0.02970750 -0.00414772
v 0.00131785 0.02946669 -0.00560906
v 0.00122100 0.02945275 -0.00560641
v 0.00122100 0.02913978 -0.00705330
v 0.00112508 0.02911658 -0.00704768
v 0.00112508 0.02873281 -0.00847625
v 0.00103153 0.02870077 -0.00846680
v 0.00103153 0.02824768 -0.00987322
v 0.00094176 0.02820753 -0.00985919
v 0.00094176 0.02768662 -0.01123967
v 0.00085706 0.02763941 -0.01122051
v 0.00085706 0.02705223 -0.01257134
v 0.00077854 0.02699922 -0.01254671
v 0.00077854 0.02634735 -0.01386425
v 0.00141422 0.02947127 -0.00560993
v 0.00141422 0.02920752 -0.00685056
v 0.00141422 0.02915809 -0.00705773
v 0.00141421 0.02971211 -0.00414836
v 0.00141421 0.02980122 -0.00344812
v 0.00094176 0.02985723 -0.00119362
v 0.00094176 0.02976194 -0.00266600
v 0.00085706 0.02971120 -0.00266145
v 0.00085706 0.02954415 -0.00412491
v 0.00077854 0.02948626 -0.00411683
v 0.00077854 0.02924724 -0.00556729
v 0.00077854 0.02758525 -0.01119852
v 0.00085706 0.02815944 -0.00984238
v 0.00094176 0.02865998 -0.00845477
v 0.00103153 0.02908411 -0.00703982
v 0.00112508 0.02942931 -0.00560194
v 0.00122100 0.02969345 -0.00414576
v 0.00131785 0.02987548 -0.00267617
v 0.00141421 0.02988011 -0.00267658
v 0.00077854 0.02965298 -0.00265624
v 0.00077854 0.02974792 -0.00118925
v 0.00085706 0.02980632 -0.00119158
v 0.00077854 0.02893645 -0.00700408
v 0.00085706 0.02930466 -0.00557822
v 0.00094176 0.02959461 -0.00413196
v 0.00103153 0.02980430 -0.00266979
v 0.00112508 0.02993310 -0.00119665
v 0.00077854 0.02855506 -0.00842381
v 0.00085706 0.02899326 -0.00701783
v 0.00094176 0.02935471 -0.00558774
v 0.00103153 0.02963672 -0.00413784
v 0.00112508 0.02983757 -0.00267277
v 0.00122100 0.02995695 -0.00119760
v 0.00077854 0.02810426 -0.00982309
v 0.00085706 0.02861112 -0.00844035
v 0.00094176 0.02904277 -0.00702982
v 0.00103153 0.02939649 -0.00559570
v 0.00112508 0.02966981 -0.00414246
v 0.00122100 0.02986134 -0.00267490
v 0.00902834 0.01617408 -0.02526670
v 0.00900135 0.01527134 -0.02582221
v 0.01010360 0.01662859 -0.02368679
v 0.01006876 0.01638122 -0.02387848
v 0.00910598 0.01713671 -0.02462400
v 0.01001934 0.01580764 -0.02429586
v 0.00925067 0.01809811 -0.02392605
v 0.01023406 0.01722299 -0.02318548
v 0.01018573 0.01704049 -0.02334620
v 0.00988469 0.02014092 -0.02223383
v 0.01107870 0.01876538 -0.02153199
v 0.01102961 0.01870768 -0.02160381
v 0.00961716 0.01948100 -0.02281449
v 0.01072854 0.01830122 -0.02208696
v 0.00957260 0.01935061 -0.02292525
v 0.01066810 0.01820563 -0.02219493
v 0.00937548 0.01866670 -0.02348536
v 0.01042191 0.01773830 -0.02269296
v 0.01038408 0.01765051 -0.02278105
v 0.00992739 0.02023099 -0.02215190
v 0.01021858 0.02076639 -0.02165082
v 0.01151074 0.01920167 -0.02096139
v 0.01030231 0.02089972 -0.02152220
v 0.01069596 0.02143726 -0.02098693
v 0.01112317 0.02189697 -0.02050624
v 0.01143626 0.02217542 -0.02020480
v 0.01161349 0.02231610 -0.02004943
v 0.01221086 0.02271893 -0.01959210
v 0.01284237 0.02305168 -0.01919950
v 0.01353720 0.02333529 -0.01885373
v 0.01825066 0.02400551 -0.01799265
v 0.01777604 0.02400063 -0.01799931
v 0.01676311 0.02395410 -0.01806157
v 0.01584569 0.02386189 -0.01818260
v 0.01497880 0.02372220 -0.01836457
v 0.01422949 0.02354969 -0.01858522
v 0.01399283 0.02348322 -0.01866918
v 0.01000001 0.01500007 -0.02304884
v 0.01001366 0.01567211 -0.02259091
v 0.01002038 0.01580627 -0.02249404
v 0.01008878 0.01651761 -0.02193791
v 0.01021551 0.01715342 -0.02136899
v 0.01036114 0.01760458 -0.02092167
v 0.01039506 0.01768917 -0.02083323
v 0.01054481 0.01800802 -0.02048583
v 0.01062949 0.01816042 -0.02031238
v 0.01068203 0.01824747 -0.02021125
v 0.01098636 0.01867053 -0.01969973
v 0.01104358 0.01873827 -0.01961489
v 0.01146478 0.01916435 -0.01906773
v 0.01825106 0.02100000 -0.01649265
v 0.01000000 0.00770229 0.02639938
v 0.01000000 0.01470918 0.02323556
v 0.01000000 0.01299216 0.02423748
v 0.01000000 0.01040353 0.02545621
v 0.01000000 0.00491766 0.02705677
v 0.01000000 0.00207980 0.02742127
v 0.01000000 0.01299216 -0.02423748
v 0.01000000 0.01470918 -0.02323556
v 0.01000000 0.00207980 -0.02742127
v 0.01000000 0.00491766 -0.02705677
v 0.01000000 0.00770229 -0.02639938
v 0.01000000 0.01040353 -0.02545621
v 0.01000000 0.01485491 -0.02314265
v 0.01000000 0.01485491 0.02314265
v 0.03800010 0.02100000 0.01649265
v 0.04058013 0.02100000 0.01628962
v 0.04285953 0.02100000 -0.01576054
v 0.04058013 0.02100000 -0.01628962
v 0.03800010 0.02100000 -0.01649265
v 0.04548765 0.02100000 -0.01469509
v 0.04529310 0.02100000 -0.01479261
v 0.04309664 0.02100000 -0.01568547
v 0.05265267 0.02100000 -0.00757051
v 0.05134301 0.02100000 -0.00969417
v 0.05126954 0.02100000 -0.00979450
v 0.04966223 0.02100000 -0.01166210
v 0.04955180 0.02100000 -0.01177150
v 0.04769429 0.02100000 -0.01334287
v 0.04754277 0.02100000 -0.01345166
v 0.05368564 0.02100000 -0.00509653
v 0.05366632 0.02100000 -0.00515563
v 0.05269525 0.02100000 -0.00748754
v 0.05449285 0.02100000 0.00000000
v 0.05428980 0.02100000 -0.00258003
v 0.05428491 0.02100000 -0.00261073
v 0.05368564 0.02100000 0.00509653
v 0.05428491 0.02100000 0.00261073
v 0.05428980 0.02100000 0.00258003
v 0.05265267 0.02100000 0.00757051
v 0.05269525 0.02100000 0.00748754
v 0.05366632 0.02100000 0.00515563
v 0.04548765 0.02100000 0.01469509
v 0.04754277 0.02100000 0.01345166
v 0.04769429 0.02100000 0.01334287
v 0.04955180 0.02100000 0.01177150
v 0.04966223 0.02100000 0.01166210
v 0.05126954 0.02100000 0.00979450
v 0.05134301 0.02100000 0.00969417
v 0.04285953 0.02100000 0.01576054
v 0.04309664 0.02100000 0.01568547
v 0.04529310 0.02100000 0.01479261
v 0.03800010 0.02400550 0.01799265
v 0.03800010 0.02100000 0.01799265
v 0.03939484 0.02400581 0.01793818
v 0.04068178 0.02100000 0.01779171
v 0.04031499 0.02400622 0.01784222
v 0.04072589 0.02400619 0.01778418
v 0.04203415 0.02400672 0.01753301
v 0.04320841 0.02100000 0.01722237
v 0.04259554 0.02400464 0.01739692
v 0.04031499 0.02400591 -0.01784265
v 0.04057173 0.02400590 -0.01780755
v 0.04068178 0.02100000 -0.01779171
v 0.04126789 0.02400593 -0.01769279
v 0.04320841 0.02100000 -0.01722237
v 0.03800010 0.02100000 -0.01799265
v 0.03800010 0.02400551 -0.01799265
v 0.03864061 0.02400561 -0.01798102
v 0.03994136 0.02400585 -0.01788698
v 0.04320841 0.02400551 0.01722237
v 0.04330355 0.02100000 0.01719332
v 0.04572768 0.02400551 0.01624874
v 0.04572768 0.02100000 0.01624874
v 0.04580685 0.02100000 0.01621085
v 0.04708385 0.02400551 0.01553135
v 0.04807283 0.02100000 0.01490898
v 0.04710798 0.02400551 0.01551722
v 0.04807283 0.02400551 0.01490898
v 0.04813577 0.02100000 0.01486626
v 0.05019101 0.02400551 0.01323328
v 0.05019101 0.02100000 0.01323328
v 0.05023827 0.02100000 0.01318958
v 0.05203450 0.02400551 0.01125940
v 0.05206740 0.02100000 0.01121827
v 0.05358228 0.02100000 0.00899636
v 0.05474908 0.02100000 0.00657348
v 0.05377761 0.02400551 0.00864921
v 0.05356176 0.02400551 0.00903181
v 0.05435742 0.02400551 -0.00749512
v 0.05473837 0.02400551 -0.00660070
v 0.05474908 0.02100000 -0.00657348
v 0.05553782 0.02400551 -0.00402087
v 0.05554174 0.02100000 -0.00400376
v 0.05594210 0.02400551 -0.00135043
v 0.05594254 0.02100000 -0.00134460
v 0.05594210 0.02400551 0.00135043
v 0.05594254 0.02100000 0.00134460
v 0.05553782 0.02400551 0.00402087
v 0.05554174 0.02100000 0.00400376
v 0.05473837 0.02400551 0.00660070
v 0.05435742 0.02400551 0.00749512
v 0.05377790 0.02400551 -0.00864869
v 0.05358228 0.02100000 -0.00899636
v 0.05356176 0.02400551 -0.00903181
v 0.05206740 0.02100000 -0.01121827
v 0.05203450 0.02400551 -0.01125940
v 0.05023827 0.02100000 -0.01318958
v 0.05019101 0.02400551 -0.01323328
v 0.04807283 0.02100000 -0.01490898
v 0.04580685 0.02100000 -0.01621085
v 0.04708468 0.02400551 -0.01553086
v 0.04572768 0.02400551 -0.01624874
v 0.05019101 0.02100000 -0.01323328
v 0.04813577 0.02100000 -0.01486626
v 0.04807283 0.02400551 -0.01490898
v 0.04710798 0.02400551 -0.01551722
v 0.04259543 0.02400497 -0.01739645
v 0.04320841 0.02400551 -0.01722237
v 0.04330355 0.02100000 -0.01719332
v 0.04572768 0.02100000 -0.01624874
v 0.03340498 0.02400552 0.01799267
v 0.01949730 0.02100000 -0.01649265
v 0.01949730 0.02100000 0.01649265
v 0.01887394 0.02100000 0.01649268
v 0.01887418 0.02100000 -0.01649268
v 0.03340499 0.02400551 -0.01799269
v 0.04750635 0.02515757 0.01329398
v 0.05182541 0.02424340 0.01100551
v 0.04944991 0.02433490 -0.01329348
v 0.04988189 0.02525303 -0.01100499
v 0.04516905 0.02467156 -0.01548941
v 0.04550443 0.02582576 -0.01329348
v 0.04321231 0.02515745 0.01548989
v 0.04259925 0.02509177 0.01578771
v 0.04259906 0.02423316 0.01707642
v 0.04382845 0.02813139 0.00864040
v 0.04259959 0.02760952 0.01079659
v 0.04366201 0.02732806 0.01100551
v 0.04259957 0.02683904 0.01259032
v 0.04345616 0.02633444 0.01329398
v 0.04259968 0.02595261 0.01432842
v 0.04259926 0.02527661 0.01549005
v 0.04395430 0.02873884 0.00621513
v 0.04259963 0.02878929 0.00707181
v 0.04259966 0.02826065 0.00895407
v 0.04259960 0.02946892 0.00323120
v 0.04259958 0.02919264 0.00516183
v 0.04259960 0.02898641 0.00621520
v 0.04408104 0.02935059 -0.00125140
v 0.04259963 0.02961735 0.00128422
v 0.04408104 0.02935057 0.00125195
v 0.04403869 0.02914618 0.00374659
v 0.04403871 0.02914625 -0.00374603
v 0.04259961 0.02952939 -0.00262045
v 0.04259963 0.02963753 -0.00067004
v 0.04382848 0.02813154 -0.00863987
v 0.04259961 0.02892973 -0.00647366
v 0.04395432 0.02873895 -0.00621459
v 0.04259958 0.02929325 -0.00455695
v 0.04259959 0.02940795 -0.00374611
v 0.04366205 0.02732826 -0.01100499
v 0.04259961 0.02782726 -0.01022216
v 0.04259966 0.02844021 -0.00836604
v 0.04259963 0.02624359 -0.01378830
v 0.04259956 0.02709395 -0.01203205
v 0.04259958 0.02752703 -0.01100522
v 0.04345620 0.02633468 -0.01329348
v 0.04321237 0.02515773 -0.01548941
v 0.04259972 0.02527971 -0.01548476
v 0.04259934 0.02478506 -0.01626495
v 0.05182551 0.02424358 -0.01100499
v 0.05223189 0.02495619 -0.00863987
v 0.05253918 0.02549504 -0.00621459
v 0.05449353 0.02427637 0.00621513
v 0.05472730 0.02462046 0.00374659
v 0.05484461 0.02479312 0.00125195
v 0.05484462 0.02479314 -0.00125140
v 0.05472734 0.02462052 -0.00374603
v 0.05449359 0.02427647 -0.00621459
v 0.05223181 0.02495605 0.00864040
v 0.04944980 0.02433468 0.01329398
v 0.05274523 0.02585636 -0.00374603
v 0.05284861 0.02603764 -0.00125140
v 0.05284860 0.02603762 0.00125195
v 0.05274519 0.02585630 0.00374659
v 0.05253912 0.02549494 0.00621513
v 0.05023114 0.02599532 -0.00863987
v 0.05049523 0.02655660 -0.00621459
v 0.05067231 0.02693297 -0.00374603
v 0.05076116 0.02712180 -0.00125140
v 0.05076114 0.02712178 0.00125195
v 0.05067228 0.02693291 0.00374659
v 0.05049518 0.02655650 0.00621513
v 0.05023107 0.02599518 0.00864040
v 0.04988180 0.02525285 0.01100551
v 0.04750644 0.02515780 -0.01329348
v 0.04786510 0.02610697 -0.01100499
v 0.04815507 0.02687436 -0.00863987
v 0.04837433 0.02745462 -0.00621459
v 0.04852135 0.02784372 -0.00374603
v 0.04859512 0.02803893 -0.00125140
v 0.04859511 0.02803891 0.00125195
v 0.04852133 0.02784365 0.00374659
v 0.04837429 0.02745452 0.00621513
v 0.04815501 0.02687421 0.00864040
v 0.04786503 0.02610678 0.01100551
v 0.04578755 0.02680014 -0.01100499
v 0.04601646 0.02758790 -0.00863987
v 0.04618954 0.02818357 -0.00621459
v 0.04630560 0.02858299 -0.00374603
v 0.04636383 0.02878339 -0.00125140
v 0.04636383 0.02878337 0.00125195
v 0.04630558 0.02858293 0.00374659
v 0.04618951 0.02818346 0.00621513
v 0.04601641 0.02758775 0.00864040
v 0.04578750 0.02679994 0.01100551
v 0.04550436 0.02582552 0.01329398
v 0.04516897 0.02467128 0.01548989
v 0.03340497 0.02498122 0.01661140
v 0.03340497 0.02516012 0.01633917
v 0.03340496 0.02583255 0.01525384
v 0.03340496 0.02608222 0.01482285
v 0.03340496 0.02687135 0.01333906
v 0.03340496 0.02783881 0.01118037
v 0.03340496 0.02822642 0.01016214
v 0.03340496 0.02909124 0.00732800
v 0.03340496 0.02920737 0.00685053
v 0.03340496 0.02951908 0.00535014
v 0.03340496 0.02980118 0.00344811
v 0.03340496 0.02997044 0.00133136
v 0.03340496 0.03000000 0.00000000
v 0.03340496 0.02987676 -0.00271651
v 0.03340496 0.02980118 -0.00344811
v 0.03340496 0.02962582 -0.00472343
v 0.03340496 0.02920737 -0.00685053
v 0.03340496 0.02872069 -0.00866729
v 0.03340496 0.02822642 -0.01016214
v 0.03340496 0.02729185 -0.01245613
v 0.03340496 0.02687135 -0.01333906
v 0.03340496 0.02536936 -0.01601231
v 0.03340496 0.02516012 -0.01633917
v 0.03340498 0.02442680 -0.01741641
v 0.04034945 0.02533682 -0.01587295
v 0.03804927 0.02535964 -0.01601089
v 0.03807230 0.02637737 -0.01425978
v 0.03806531 0.02606998 0.01481764
v 0.04036082 0.02603592 0.01468728
v 0.04037600 0.02695741 0.01290421
v 0.04040160 0.02843364 0.00917618
v 0.04038969 0.02775783 0.01106477
v 0.03808680 0.02700651 0.01302185
v 0.03810604 0.02782049 0.01116762
v 0.03812268 0.02850799 0.00926272
v 0.03813628 0.02906586 0.00731638
v 0.04041869 0.02940059 0.00528949
v 0.04041129 0.02898211 0.00724704
v 0.04042387 0.02968715 0.00331100
v 0.04042669 0.02984107 0.00131591
v 0.04042707 0.02986200 -0.00068657
v 0.03814669 0.02949147 0.00534071
v 0.03815392 0.02978306 0.00334322
v 0.03815783 0.02993973 0.00132873
v 0.03815836 0.02996103 -0.00069327
v 0.03815551 0.02984689 -0.00271130
v 0.04042056 0.02950495 -0.00466959
v 0.04042501 0.02974986 -0.00268514
v 0.04041385 0.02912783 -0.00663397
v 0.04040490 0.02861993 -0.00857351
v 0.04039365 0.02798388 -0.01047592
v 0.04038047 0.02722231 -0.01233160
v 0.04036576 0.02633842 -0.01413319
v 0.03809311 0.02727585 -0.01244479
v 0.03811158 0.02805044 -0.01057377
v 0.03812730 0.02869749 -0.00865472
v 0.03813989 0.02921404 -0.00669774
v 0.03814932 0.02959765 -0.00471491
v 0.04031412 0.02505847 0.01631612
v 0.03799624 0.02507614 0.01645504
v 0.04031554 0.02467895 -0.01688934
v 0.03799706 0.02469185 -0.01703067
f 1 2 3
f 2 20 3
f 3 20 21
f 3 21 22
f 3 22 784
f 784 22 810
f 784 810 786
f 786 810 809
f 786 809 782
f 782 809 808
f 782 808 789
f 789 808 807
f 789 807 790
f 790 807 806
f 790 806 791
f 791 806 805
f 805 792 791
f 805 793 792
f 804 793 805
f 804 794 793
f 803 794 804
f 803 795 794
f 802 795 803
f 802 796 795
f 801 796 802
f 801 797 796
f 799 797 801
f 799 798 797
f 800 798 799
f 800 828 798
f 840 828 800
f 840 829 828
f 839 829 840
f 839 813 829
f 838 813 839
f 838 812 813
f 837 812 838
f 837 814 812
f 836 814 837
f 836 815 814
f 835 815 836
f 835 811 815
f 835 816 811
f 834 816 835
f 834 817 816
f 833 817 834
f 833 818 817
f 832 818 833
f 832 822 818
f 831 822 832
f 831 823 822
f 830 823 831
f 830 114 823
f 115 114 830
f 112 114 115
f 112 113 114
f 111 113 112
f 110 111 112
f 110 109 111
f 108 109 110
f 108 107 109
f 106 107 108
f 106 105 107
f 104 105 106
f 104 103 105
f 102 103 104
f 102 101 103
f 100 101 102
f 100 99 101
f 98 99 100
f 98 97 99
f 68 97 98
f 68 96 97
f 67 96 68
f 843 96 67
f 843 841 96
f 763 841 843
f 843 764 763
f 617 763 764
f 764 667 617
f 764 668 667
f 758 668 764
f 758 759 668
f 668 759 760
f 668 760 670
f 669 668 670
f 669 670 671
f 671 690 669
f 669 690 691
f 690 706 691
f 690 705 706
f 705 721 706
f 705 720 721
f 720 735 721
f 720 734 735
f 734 749 735
f 734 748 749
f 733 748 734
f 719 733 734
f 718 733 719
f 703 718 719
f 702 718 703
f 687 702 703
f 686 702 687
f 661 686 687
f 652 686 661
f 652 685 686
f 654 685 652
f 654 684 685
f 656 684 654
f 654 655 656
f 656 655 657
f 656 657 658
f 658 657 659
f 658 659 641
f 641 682 658
f 641 681 682
f 643 681 641
f 643 680 681
f 645 680 643
f 643 644 645
f 645 644 646
f 645 646 647
f 647 646 648
f 647 648 649
f 649 648 650
f 590 650 648
f 592 650 590
f 590 591 592
f 590 589 591
f 571 589 590
f 571 588 589
f 573 588 571
f 607 588 573
f 607 573 606
f 606 573 575
f 606 575 605
f 605 575 577
f 575 576 577
f 577 576 578
f 659 578 576
f 659 576 660
f 660 576 642
f 641 660 642
f 642 576 574
f 642 574 644
f 572 644 574
f 571 644 572
f 573 572 574
f 577 578 579
f 579 578 580
f 657 580 578
f 579 580 581
f 581 603 579
f 581 602 603
f 583 602 581
f 583 601 602
f 600 601 583
f 585 600 583
f 583 584 585
f 585 584 586
f 586 584 653
f 653 584 582
f 653 582 655
f 655 582 580
f 663 586 653
f 663 587 586
f 569 587 663
f 662 569 663
f 652 662 663
f 662 568 569
f 666 568 662
f 661 666 662
f 661 665 666
f 664 665 661
f 664 675 665
f 664 674 675
f 754 675 674
f 754 674 672
f 673 672 674
f 671 672 673
f 673 689 671
f 673 688 689
f 664 688 673
f 664 687 688
f 688 704 689
f 689 704 705
f 688 703 704
f 672 757 754
f 90 754 757
f 90 757 88
f 88 89 90
f 88 87 89
f 86 87 88
f 86 85 87
f 84 85 86
f 756 84 86
f 756 86 757
f 82 84 756
f 761 82 756
f 761 79 82
f 79 81 82
f 79 80 81
f 78 80 79
f 77 78 79
f 77 76 78
f 70 76 77
f 760 70 77
f 71 70 760
f 69 70 71
f 69 71 72
f 72 71 73
f 72 73 64
f 64 73 74
f 64 74 65
f 64 65 66
f 66 65 67
f 74 844 65
f 65 844 843
f 758 843 844
f 74 73 844
f 844 73 71
f 759 844 71
f 69 75 70
f 760 77 761
f 70 75 76
f 82 81 83
f 77 79 761
f 670 761 756
f 670 756 672
f 82 83 84
f 84 83 85
f 90 89 91
f 90 91 92
f 92 91 93
f 93 91 94
f 93 94 95
f 95 568 93
f 95 444 568
f 95 443 444
f 444 443 445
f 444 445 446
f 446 445 598
f 446 598 570
f 569 446 570
f 570 598 599
f 570 599 585
f 568 444 446
f 93 568 755
f 568 665 755
f 755 665 754
f 92 755 754
f 95 94 443
f 93 755 92
f 88 757 86
f 92 754 90
f 672 756 757
f 673 674 664
f 754 665 675
f 666 665 568
f 568 446 569
f 570 587 569
f 570 586 587
f 652 663 653
f 585 586 570
f 583 582 584
f 585 599 600
f 581 582 583
f 581 580 582
f 579 603 577
f 604 577 603
f 575 574 576
f 605 577 604
f 573 574 575
f 608 588 607
f 571 572 573
f 608 589 588
f 590 646 571
f 591 589 608
f 608 611 591
f 591 611 593
f 593 611 610
f 593 610 595
f 595 610 609
f 595 609 597
f 596 595 597
f 1350 596 597
f 1350 1349 596
f 1467 596 1349
f 1467 1349 1469
f 1468 1467 1469
f 1468 1469 1470
f 1476 1468 1470
f 1476 1470 1477
f 1477 1470 1461
f 1470 1471 1461
f 1461 1471 1472
f 1461 1472 1462
f 1351 1462 1472
f 1472 1344 1351
f 1344 1346 1351
f 1344 1345 1346
f 1346 1345 1347
f 1471 1347 1345
f 1469 1347 1471
f 1346 1347 1348
f 2110 1346 1348
f 2109 1346 2110
f 2109 1352 1346
f 1354 1352 2109
f 2105 1354 2109
f 2105 1357 1354
f 2108 1357 2105
f 2108 1359 1357
f 1358 1357 1359
f 1358 1359 1360
f 1360 1459 1358
f 1358 1459 1457
f 1358 1457 1356
f 1356 1457 1465
f 1356 1465 1355
f 1355 1354 1356
f 1353 1354 1355
f 1355 1464 1353
f 1353 1464 1351
f 1351 1352 1353
f 1355 1465 1464
f 1456 1464 1465
f 1463 1464 1456
f 1479 1463 1456
f 1479 1456 1480
f 1480 1456 1458
f 1480 1458 1481
f 1481 1458 1449
f 1458 1459 1449
f 1449 1459 1460
f 1449 1460 1450
f 1449 1450 1451
f 1451 1450 1452
f 1451 1452 1453
f 1483 1451 1453
f 1483 1453 1484
f 1484 1453 1444
f 1484 1444 1485
f 1485 1444 1446
f 1485 1446 1486
f 1517 1485 1486
f 1517 1486 1518
f 1518 1580 1517
f 1518 1578 1580
f 1578 1579 1580
f 1578 1577 1579
f 1577 1622 1579
f 1577 1621 1622
f 1575 1621 1577
f 1576 1575 1577
f 1574 1575 1576
f 1520 1574 1576
f 1520 1576 1519
f 1519 1576 1578
f 1519 1488 1520
f 1520 1488 1489
f 1488 1432 1489
f 1489 1432 1434
f 1432 1433 1434
f 1432 1443 1433
f 1443 1633 1433
f 1443 1646 1633
f 1646 1645 1633
f 1633 1645 1647
f 1633 1647 1634
f 1633 1634 1635
f 1635 1651 1633
f 1635 1650 1651
f 1649 1650 1635
f 1649 1648 1650
f 1650 1648 1433
f 1433 1648 1435
f 1435 1648 1653
f 1275 1653 1648
f 1275 1652 1653
f 1438 1653 1652
f 1438 1652 1660
f 1273 1660 1652
f 1273 1659 1660
f 1272 1659 1273
f 1272 1658 1659
f 1659 1658 1438
f 1657 1438 1658
f 1656 1438 1657
f 1270 1656 1657
f 1270 1657 1271
f 1267 1656 1270
f 1267 1655 1656
f 1264 1655 1267
f 1264 1654 1655
f 1655 1654 1423
f 1423 1431 1655
f 1655 1431 1430
f 1422 1430 1431
f 1429 1430 1422
f 1493 1429 1422
f 1492 1429 1493
f 1492 1427 1429
f 1427 1428 1429
f 1427 1438 1428
f 1427 1437 1438
f 1436 1437 1427
f 1436 1435 1437
f 1434 1435 1436
f 1490 1434 1436
f 1490 1436 1491
f 1522 1490 1491
f 1521 1490 1522
f 1521 1489 1490
f 1522 1572 1521
f 1522 1570 1572
f 1570 1571 1572
f 1570 1569 1571
f 1569 1618 1571
f 1569 1617 1618
f 1567 1617 1569
f 1568 1567 1569
f 1566 1567 1568
f 1524 1566 1568
f 1524 1568 1523
f 1523 1568 1570
f 1523 1492 1524
f 1523 1491 1492
f 1525 1566 1524
f 1524 1493 1525
f 1525 1493 1494
f 1525 1494 1526
f 1526 1564 1525
f 1526 1562 1564
f 1562 1563 1564
f 1562 1561 1563
f 1561 1614 1563
f 1561 1613 1614
f 1559 1613 1561
f 1560 1559 1561
f 1558 1559 1560
f 1528 1558 1560
f 1528 1560 1527
f 1527 1560 1562
f 1527 1496 1528
f 1528 1496 1497
f 1496 1413 1497
f 1497 1413 1415
f 1413 1414 1415
f 1415 1414 1416
f 1414 2328 1416
f 1416 2328 1418
f 1417 1416 1418
f 1417 1418 1419
f 1419 1418 1420
f 1419 1420 1406
f 1500 1419 1406
f 1500 1406 1501
f 1501 1406 1408
f 1406 1407 1408
f 1408 1407 1409
f 1408 1409 1405
f 1405 1409 1410
f 1405 1410 1404
f 1410 2333 1404
f 1404 2333 1402
f 1402 2333 2334
f 2333 2366 2334
f 2334 2366 2367
f 2334 2367 2335
f 2335 2367 2368
f 2335 2368 2336
f 2336 2368 2337
f 2019 2336 2337
f 2033 2336 2019
f 1811 2336 2033
f 1811 2033 1812
f 1475 1811 1812
f 1475 2335 1811
f 1812 1474 1475
f 1812 2047 1474
f 2047 1473 1474
f 1473 1401 1474
f 1505 1401 1473
f 1504 1401 1505
f 1504 1403 1401
f 1402 1401 1403
f 1400 1401 1402
f 1503 1403 1504
f 1503 1405 1403
f 1502 1405 1503
f 1534 1502 1503
f 1533 1502 1534
f 1533 1501 1502
f 1532 1501 1533
f 1533 1550 1532
f 1532 1550 1552
f 1532 1552 1531
f 1531 1552 1554
f 1531 1554 1530
f 1530 1554 1556
f 1554 1555 1556
f 1554 1553 1555
f 1553 1610 1555
f 1553 1609 1610
f 1551 1609 1553
f 1552 1551 1553
f 1551 1608 1609
f 1608 1399 1609
f 1609 1399 1391
f 1399 1280 1391
f 1279 1391 1280
f 1279 1390 1391
f 1321 1390 1279
f 1321 1389 1390
f 1323 1389 1321
f 1323 1388 1389
f 1612 1389 1388
f 1612 1388 1613
f 1613 1388 1387
f 1324 1387 1388
f 1303 1387 1324
f 1303 1386 1387
f 1305 1386 1303
f 1303 1304 1305
f 1305 1304 1306
f 1306 1304 873
f 873 1304 1318
f 873 1318 1317
f 1303 1317 1318
f 1316 1317 1303
f 873 1317 1316
f 1316 1322 873
f 873 1322 1320
f 1321 1320 1322
f 873 1320 1319
f 1319 1278 873
f 1278 1319 1279
f 873 1278 1337
f 873 1337 1336
f 1280 1336 1337
f 1335 1336 1280
f 1335 1334 1336
f 1333 1334 1335
f 1333 1332 1334
f 1334 1332 873
f 873 1332 1330
f 873 1330 1328
f 1329 1328 1330
f 1329 1330 1331
f 1395 1329 1331
f 1395 1331 1396
f 1396 1331 1333
f 1396 1333 1397
f 1606 1396 1397
f 1606 1397 1607
f 1607 1397 1398
f 1607 1398 1608
f 1549 1607 1608
f 1547 1607 1549
f 1548 1547 1549
f 1546 1547 1548
f 1534 1546 1548
f 1535 1546 1534
f 1535 1544 1546
f 1544 1545 1546
f 1544 1543 1545
f 1543 1605 1545
f 1545 1605 1606
f 1545 1606 1547
f 1543 1604 1605
f 1604 1395 1605
f 1604 1394 1395
f 1603 1394 1604
f 1603 1393 1394
f 1602 1393 1603
f 1602 1392 1393
f 1601 1392 1602
f 1601 1338 1392
f 1339 1338 1601
f 1325 1338 1339
f 1325 1339 1340
f 1325 1340 907
f 907 1326 1325
f 1325 1326 1327
f 1327 1326 1328
f 907 1328 1326
f 907 1340 1693
f 1768 1693 1340
f 1767 1693 1768
f 1767 1694 1693
f 1766 1694 1767
f 1766 1767 2034
f 2024 1766 2034
f 1765 1766 2024
f 1765 1698 1766
f 1764 1698 1765
f 1765 2025 1764
f 2037 1764 2025
f 1763 1764 2037
f 1763 1699 1764
f 1763 1700 1699
f 1762 1700 1763
f 1762 1763 2042
f 2048 1762 2042
f 2048 2042 2049
f 2049 2042 2043
f 2042 2037 2043
f 2043 2037 2038
f 2043 2038 2044
f 2044 2038 2039
f 2044 2039 2045
f 2045 2039 2040
f 2045 2040 2046
f 2052 2045 2046
f 2052 2046 2053
f 2053 2046 2047
f 2046 2041 2047
f 2053 2031 2052
f 2053 2032 2031
f 1812 2032 2053
f 2001 2031 2032
f 2001 2032 2019
f 2018 2001 2019
f 2015 2001 2018
f 2015 2002 2001
f 2000 2002 2015
f 2015 2016 2000
f 2000 2016 2017
f 2016 2339 2017
f 2017 2339 2340
f 2017 2340 1986
f 1986 2340 1979
f 1986 1979 1987
f 1987 1979 1980
f 1987 1980 1988
f 1988 1999 1987
f 1988 1998 1999
f 1989 1998 1988
f 1989 1997 1998
f 1997 2008 1998
f 1997 2010 2008
f 1996 2010 1997
f 1996 2012 2010
f 1995 2012 1996
f 1995 2014 2012
f 2013 2012 2014
f 2011 2012 2013
f 2013 2026 2011
f 1761 2026 2013
f 1761 2013 1760
f 1760 1705 1761
f 1761 1705 1704
f 907 1704 1705
f 907 1705 1706
f 1706 1709 907
f 1759 1709 1706
f 1759 1706 1760
f 1760 2014 1759
f 1759 2014 1994
f 1759 1994 1757
f 1757 1994 1993
f 1993 1994 1992
f 1992 1994 1995
f 1992 1995 1991
f 1991 1984 1992
f 1991 1983 1984
f 1983 1976 1984
f 1984 1976 1977
f 1984 1977 1985
f 1985 1977 1978
f 1977 1968 1978
f 1977 1969 1968
f 1963 1968 1969
f 1963 1969 1962
f 1962 1969 1970
f 1962 1970 1961
f 1961 1970 1971
f 1975 1971 1970
f 1975 1970 1976
f 1974 1971 1975
f 1982 1974 1975
f 1981 1974 1982
f 1989 1981 1982
f 1989 1982 1990
f 1990 1982 1983
f 1981 1795 1974
f 1795 1972 1974
f 1795 1973 1972
f 1794 1973 1795
f 1793 1794 1795
f 1980 1793 1795
f 1793 2341 1794
f 1794 2341 2342
f 2341 2376 2342
f 2342 2376 2349
f 2342 2349 2343
f 1796 2342 2343
f 1973 2342 1796
f 1796 2343 1797
f 1796 1797 1798
f 1797 1959 1798
f 1798 1959 1944
f 1798 1944 1961
f 1961 1944 1946
f 1944 1945 1946
f 1946 1945 1947
f 1945 1937 1947
f 1947 1937 1938
f 1947 1938 1949
f 1948 1947 1949
f 1948 1949 1950
f 1950 1949 1951
f 1950 1951 1952
f 1952 1951 1953
f 1952 1953 1954
f 1965 1952 1954
f 1964 1952 1965
f 1965 1967 1964
f 1964 1967 1968
f 1965 1966 1967
f 1817 1966 1965
f 1817 1752 1966
f 1751 1752 1817
f 1703 1752 1751
f 1703 1736 1752
f 1702 1736 1703
f 1736 1702 1701
f 907 1701 1702
f 1697 1701 907
f 1697 1753 1701
f 1697 1756 1753
f 1697 1755 1756
f 1755 1815 1756
f 1993 1815 1755
f 1993 1985 1815
f 1758 1993 1755
f 1696 1758 1755
f 1696 1757 1758
f 1695 1757 1696
f 1695 1696 907
f 907 1710 1695
f 1695 1710 1757
f 1757 1710 1709
f 1696 1755 1697
f 1753 1756 1815
f 1815 1816 1753
f 1753 1816 1754
f 1736 1754 1816
f 1816 1966 1736
f 1815 1978 1816
f 1978 1967 1816
f 1701 1753 1754
f 907 1696 1697
f 1701 1754 1736
f 907 1702 1703
f 1703 1707 907
f 907 1707 1708
f 1747 1708 1707
f 1685 1708 1747
f 1685 1747 1684
f 1684 907 1685
f 1683 907 1684
f 1683 1686 907
f 907 1686 1687
f 1737 1687 1686
f 1746 1687 1737
f 1745 1687 1746
f 1745 1688 1687
f 1744 1688 1745
f 1744 1689 1688
f 1690 1689 1744
f 1743 1690 1744
f 1825 1743 1744
f 1825 1744 1826
f 1845 1825 1826
f 1826 1875 1845
f 1845 1875 1876
f 1875 1903 1876
f 1876 1903 1893
f 1901 1893 1903
f 1901 1892 1893
f 1892 1888 1893
f 1877 1893 1888
f 1877 1888 1878
f 1878 1888 1807
f 1887 1807 1888
f 1887 1805 1807
f 1886 1805 1887
f 1886 1884 1805
f 1885 1884 1886
f 1890 1885 1886
f 1889 1885 1890
f 1889 2054 1885
f 1885 2054 2055
f 2054 1769 2055
f 2055 1769 1772
f 1769 1771 1772
f 1769 1770 1771
f 1770 2112 1771
f 1771 2112 2111
f 1771 2111 1773
f 1773 2111 1776
f 2111 2116 1776
f 2116 1778 1776
f 1777 1776 1778
f 1777 1778 1779
f 1810 1777 1779
f 1810 1779 1880
f 1837 1810 1880
f 1837 1880 1838
f 1836 1837 1838
f 1836 1835 1837
f 1834 1835 1836
f 1836 1784 1834
f 1834 1784 1785
f 1834 1785 1832
f 1832 1833 1834
f 1832 1830 1833
f 1830 1869 1833
f 1833 1869 1870
f 1833 1870 1835
f 1835 1870 1871
f 1870 1863 1871
f 1870 1862 1863
f 1862 1855 1863
f 1862 1854 1855
f 1861 1854 1862
f 1861 1853 1854
f 1853 1846 1854
f 1854 1846 1847
f 1846 1839 1847
f 1846 1073 1839
f 1088 1073 1846
f 1087 1073 1088
f 1087 1016 1073
f 1073 1016 1015
f 1015 1016 1003
f 1003 1016 1004
f 1004 1016 1017
f 1086 1017 1016
f 1085 1017 1086
f 1085 1018 1017
f 1084 1018 1085
f 1084 1019 1018
f 1010 1018 1019
f 1010 1019 1011
f 1011 1019 1020
f 1083 1020 1019
f 1082 1020 1083
f 1082 1021 1020
f 1012 1020 1021
f 1012 1021 1013
f 918 1012 1013
f 916 1012 918
f 916 1011 1012
f 914 1011 916
f 915 914 916
f 915 916 917
f 876 915 917
f 876 917 865
f 865 456 876
f 876 456 458
f 456 457 458
f 456 455 457
f 450 455 456
f 450 454 455
f 452 454 450
f 626 454 452
f 625 454 626
f 676 625 626
f 676 626 515
f 515 514 676
f 513 514 515
f 515 506 513
f 513 506 502
f 513 502 539
f 539 502 500
f 502 503 500
f 502 508 503
f 502 507 508
f 505 507 502
f 560 507 505
f 559 507 560
f 560 859 559
f 858 559 859
f 858 561 559
f 850 561 858
f 850 564 561
f 563 564 850
f 563 499 564
f 563 498 499
f 498 496 499
f 499 496 500
f 538 500 496
f 538 496 531
f 549 531 496
f 548 531 549
f 548 532 531
f 547 532 548
f 554 547 548
f 554 548 540
f 477 554 540
f 477 552 554
f 475 552 477
f 476 475 477
f 474 475 476
f 474 473 475
f 473 550 475
f 473 527 550
f 527 469 550
f 550 469 551
f 550 551 552
f 552 551 553
f 551 530 553
f 551 470 530
f 470 529 530
f 529 545 530
f 530 545 546
f 545 536 546
f 545 535 536
f 544 535 545
f 544 522 535
f 522 534 535
f 535 534 533
f 538 533 534
f 538 534 539
f 539 534 518
f 522 518 534
f 516 518 522
f 516 517 518
f 518 517 519
f 519 517 615
f 615 676 519
f 615 753 676
f 738 753 615
f 738 752 753
f 737 752 738
f 723 737 738
f 722 737 723
f 707 722 723
f 706 722 707
f 707 723 708
f 708 723 616
f 708 616 542
f 467 708 542
f 692 708 467
f 466 692 467
f 466 467 468
f 524 466 468
f 524 468 525
f 525 468 528
f 525 528 526
f 158 525 526
f 158 526 159
f 526 160 159
f 526 162 160
f 470 162 526
f 470 163 162
f 151 162 163
f 151 163 152
f 151 152 153
f 1251 151 153
f 1251 153 1250
f 1250 1230 1251
f 1250 1229 1230
f 1229 394 1230
f 1229 396 394
f 327 394 396
f 327 393 394
f 393 326 394
f 393 389 326
f 392 389 393
f 392 388 389
f 388 384 389
f 388 383 384
f 387 383 388
f 387 355 383
f 355 320 383
f 355 318 320
f 318 319 320
f 319 350 320
f 320 350 345
f 320 345 341
f 341 345 347
f 345 346 347
f 347 346 348
f 347 348 349
f 342 347 349
f 342 349 1226
f 1224 342 1226
f 1224 1226 1222
f 1222 1223 1224
f 1222 164 1223
f 1223 164 166
f 164 165 166
f 164 171 165
f 164 170 171
f 169 170 164
f 823 170 169
f 823 169 824
f 822 823 824
f 826 822 824
f 826 824 827
f 1222 826 827
f 827 169 1222
f 825 822 826
f 1226 825 826
f 1226 819 825
f 820 819 1226
f 819 820 818
f 818 820 821
f 818 821 344
f 821 346 344
f 821 1226 346
f 818 344 817
f 817 344 343
f 343 344 345
f 345 352 343
f 345 351 352
f 817 352 351
f 817 351 816
f 816 351 350
f 817 343 352
f 820 1226 821
f 819 818 825
f 825 818 822
f 824 169 827
f 114 170 823
f 170 114 765
f 172 170 765
f 172 173 170
f 173 172 523
f 172 617 523
f 172 770 617
f 617 770 771
f 617 771 762
f 841 762 771
f 841 771 842
f 842 99 841
f 842 101 99
f 103 101 842
f 842 770 103
f 103 770 769
f 103 769 105
f 105 769 768
f 768 769 172
f 172 767 768
f 107 768 767
f 107 767 109
f 109 767 766
f 109 766 111
f 111 766 113
f 765 113 766
f 172 766 767
f 105 768 107
f 841 99 97
f 842 771 770
f 172 769 770
f 523 617 618
f 523 618 466
f 524 173 523
f 174 173 524
f 524 171 174
f 170 173 174
f 765 766 172
f 765 114 113
f 170 174 171
f 524 165 171
f 166 165 167
f 525 167 165
f 168 167 525
f 157 167 168
f 157 168 158
f 156 157 158
f 1244 157 156
f 156 161 1244
f 1244 161 1251
f 1244 1251 1228
f 1244 1228 1227
f 1227 1228 334
f 1228 333 334
f 333 335 334
f 323 335 333
f 323 337 335
f 336 335 337
f 336 337 338
f 1227 336 338
f 338 1224 1227
f 338 339 1224
f 1224 339 340
f 339 337 340
f 340 337 341
f 340 341 342
f 384 341 337
f 338 337 339
f 384 337 323
f 321 323 333
f 321 322 323
f 332 322 321
f 332 321 1228
f 1228 1230 332
f 332 1230 324
f 324 326 332
f 324 325 326
f 1230 325 324
f 326 322 332
f 326 323 322
f 334 335 336
f 1228 321 333
f 1227 334 336
f 1227 1223 1244
f 156 160 161
f 1244 1223 157
f 166 167 157
f 1223 166 157
f 1222 169 164
f 1227 1224 1223
f 1222 1226 826
f 340 342 1224
f 1226 349 348
f 1226 348 346
f 345 344 346
f 341 347 342
f 350 351 345
f 816 350 319
f 319 318 816
f 816 318 357
f 816 357 811
f 811 357 356
f 355 356 357
f 355 354 356
f 353 354 355
f 354 353 811
f 353 361 811
f 811 361 359
f 811 359 815
f 815 359 358
f 358 359 360
f 317 358 360
f 317 360 390
f 385 317 390
f 385 390 386
f 379 385 386
f 379 386 380
f 380 386 331
f 380 331 382
f 381 380 382
f 314 380 381
f 398 314 381
f 441 398 381
f 439 398 441
f 439 426 398
f 425 398 426
f 425 426 427
f 429 425 427
f 429 427 430
f 430 431 429
f 411 431 430
f 411 430 435
f 434 411 435
f 434 435 436
f 436 433 434
f 434 433 216
f 434 216 218
f 218 216 225
f 224 218 225
f 224 225 226
f 262 224 226
f 269 224 262
f 269 223 224
f 268 223 269
f 269 238 268
f 269 243 238
f 242 238 243
f 242 237 238
f 241 237 242
f 241 236 237
f 240 236 241
f 240 235 236
f 235 232 236
f 236 232 233
f 232 194 233
f 233 194 193
f 233 193 234
f 267 234 193
f 267 193 192
f 192 193 195
f 192 195 190
f 190 191 192
f 407 191 190
f 406 191 407
f 407 421 406
f 407 797 421
f 421 797 798
f 421 798 404
f 421 404 422
f 422 404 403
f 403 404 405
f 399 403 405
f 399 405 400
f 828 400 405
f 828 405 798
f 828 402 400
f 401 400 402
f 372 401 402
f 372 402 371
f 371 369 372
f 370 369 371
f 368 369 370
f 368 370 813
f 813 376 368
f 812 376 813
f 812 362 376
f 376 362 377
f 369 376 377
f 369 377 373
f 373 377 378
f 373 378 313
f 313 312 373
f 373 312 375
f 375 312 395
f 374 375 395
f 374 395 372
f 372 373 374
f 395 312 424
f 312 314 424
f 395 424 428
f 428 399 395
f 428 432 399
f 429 432 428
f 395 399 401
f 428 424 425
f 373 375 374
f 312 313 314
f 313 379 314
f 313 378 379
f 377 364 378
f 378 364 385
f 377 362 364
f 362 363 364
f 364 363 365
f 364 365 366
f 366 365 814
f 814 367 366
f 814 315 367
f 315 317 367
f 315 316 317
f 316 315 815
f 364 367 317
f 815 315 814
f 366 367 364
f 814 365 363
f 814 363 812
f 812 363 362
f 368 376 369
f 813 370 371
f 813 371 829
f 372 369 373
f 829 371 402
f 395 401 372
f 829 402 828
f 399 400 401
f 432 403 399
f 432 423 403
f 431 423 432
f 409 423 431
f 410 423 409
f 409 231 410
f 231 230 410
f 410 230 228
f 410 228 406
f 406 228 227
f 227 228 229
f 229 266 227
f 192 227 266
f 229 222 266
f 231 222 229
f 231 219 222
f 222 219 223
f 223 219 218
f 218 219 220
f 220 411 218
f 220 409 411
f 221 409 220
f 220 219 221
f 221 219 231
f 267 266 222
f 267 222 268
f 406 422 410
f 229 228 230
f 229 230 231
f 221 231 409
f 410 422 423
f 422 403 423
f 798 405 404
f 407 796 797
f 408 796 407
f 796 408 274
f 796 274 795
f 795 274 273
f 190 273 274
f 795 273 195
f 795 195 194
f 795 194 794
f 408 190 274
f 406 421 422
f 406 227 191
f 407 190 408
f 191 227 192
f 190 195 273
f 192 266 267
f 268 234 267
f 237 233 234
f 193 194 195
f 794 194 232
f 794 232 235
f 239 794 235
f 239 793 794
f 245 793 239
f 245 239 247
f 247 239 240
f 247 240 249
f 248 247 249
f 248 249 250
f 271 248 250
f 271 250 272
f 279 271 272
f 278 271 279
f 278 270 271
f 277 270 278
f 278 307 277
f 277 307 308
f 287 308 307
f 287 307 289
f 289 307 306
f 289 306 291
f 290 289 291
f 288 289 290
f 300 288 290
f 300 290 301
f 301 290 292
f 301 292 302
f 209 301 302
f 209 302 303
f 1236 209 303
f 1236 210 209
f 203 210 1236
f 211 210 203
f 203 259 211
f 203 258 259
f 258 299 259
f 259 299 300
f 258 298 299
f 257 298 258
f 205 257 258
f 207 257 205
f 207 256 257
f 256 297 257
f 256 296 297
f 296 186 297
f 297 186 284
f 186 283 284
f 186 282 283
f 282 310 283
f 283 310 309
f 275 309 310
f 276 309 275
f 276 308 309
f 285 309 308
f 275 187 276
f 276 187 189
f 187 188 189
f 188 187 792
f 188 792 244
f 244 792 793
f 188 244 189
f 189 244 246
f 189 246 270
f 270 246 248
f 244 245 246
f 276 189 277
f 792 187 275
f 792 275 791
f 791 275 310
f 283 309 285
f 791 310 282
f 185 791 282
f 185 790 791
f 184 790 185
f 184 295 790
f 295 184 296
f 255 295 296
f 254 295 255
f 183 254 255
f 183 255 208
f 208 201 183
f 183 201 202
f 183 202 181
f 181 182 183
f 789 182 181
f 789 181 198
f 789 198 782
f 782 198 197
f 782 197 780
f 196 780 197
f 196 1225 780
f 200 1225 196
f 201 200 196
f 199 200 201
f 199 1237 200
f 199 206 1237
f 1237 206 204
f 205 204 206
f 203 204 205
f 203 1238 204
f 1237 204 1238
f 1241 1237 1238
f 1241 1238 1242
f 1236 1242 1238
f 1243 1242 1236
f 1243 131 1242
f 131 129 1242
f 130 129 131
f 128 129 130
f 128 127 129
f 126 127 128
f 128 964 126
f 126 964 1002
f 126 1002 124
f 124 1002 1001
f 124 1001 122
f 122 123 124
f 122 121 123
f 1239 123 121
f 1239 121 118
f 118 783 1239
f 117 783 118
f 117 784 783
f 783 784 785
f 785 784 786
f 785 786 787
f 785 787 1225
f 787 788 1225
f 1225 788 781
f 788 782 781
f 787 782 788
f 1239 785 1225
f 1239 1225 1240
f 1240 1225 1237
f 787 786 782
f 117 3 784
f 116 3 117
f 1163 3 116
f 1163 116 120
f 120 1191 1163
f 120 1190 1191
f 1191 1190 16
f 16 1190 1189
f 16 1189 27
f 27 1189 1188
f 27 1188 1187
f 1187 25 27
f 1187 23 25
f 30 23 1187
f 1187 1186 30
f 30 1186 1219
f 1186 1185 1219
f 1162 1185 1186
f 1162 1186 120
f 945 1162 120
f 945 1161 1162
f 1046 1161 945
f 1046 1160 1161
f 1160 1181 1161
f 1160 1180 1181
f 1179 1180 1160
f 1179 47 1180
f 1180 47 45
f 46 45 47
f 46 47 48
f 47 49 48
f 48 49 50
f 48 50 51
f 51 50 52
f 50 53 52
f 52 53 54
f 52 54 55
f 55 54 56
f 54 57 56
f 1176 57 54
f 58 57 1176
f 1176 1175 58
f 1158 1175 1176
f 1173 1175 1158
f 1158 1157 1173
f 1151 1157 1158
f 1151 1158 1152
f 1152 1158 1159
f 1152 1159 1153
f 1153 1159 1160
f 1159 1178 1160
f 1159 1177 1178
f 1176 1177 1159
f 1177 50 1178
f 1136 1152 1153
f 1137 1152 1136
f 1136 1121 1137
f 1137 1121 1122
f 1121 1107 1122
f 1121 1106 1107
f 1120 1106 1121
f 1120 1105 1106
f 1105 1091 1106
f 1106 1091 1092
f 1091 1077 1092
f 1092 1077 1078
f 1077 1028 1078
f 1078 1028 1025
f 1078 1025 1079
f 1079 1025 1023
f 1024 1023 1025
f 1024 1025 1026
f 1026 1025 1027
f 1027 889 1026
f 1026 889 887
f 888 887 889
f 886 887 888
f 888 850 886
f 888 890 850
f 850 890 892
f 850 892 849
f 849 892 848
f 848 562 849
f 848 565 562
f 493 562 565
f 493 565 566
f 847 566 565
f 567 566 847
f 567 490 566
f 566 490 494
f 489 494 490
f 489 490 491
f 483 489 491
f 481 489 483
f 481 541 489
f 479 541 481
f 479 540 541
f 540 549 541
f 541 549 492
f 480 479 481
f 480 481 482
f 480 482 971
f 979 480 971
f 979 971 980
f 988 979 980
f 987 979 988
f 994 987 988
f 993 987 994
f 994 962 993
f 994 963 962
f 134 962 963
f 134 963 132
f 132 133 134
f 133 135 134
f 1243 135 133
f 1243 1245 135
f 1235 1245 1243
f 1235 1233 1245
f 213 1233 1235
f 1235 311 213
f 311 214 213
f 179 213 214
f 214 264 179
f 179 264 215
f 263 215 264
f 217 215 263
f 217 176 215
f 176 175 215
f 175 176 177
f 177 412 175
f 433 412 177
f 415 412 433
f 415 413 412
f 414 413 415
f 414 415 416
f 416 420 414
f 416 419 420
f 418 419 416
f 440 418 416
f 442 418 440
f 442 397 418
f 330 397 442
f 330 328 397
f 329 328 330
f 329 330 331
f 331 392 329
f 331 391 392
f 327 328 329
f 397 328 327
f 442 382 330
f 442 441 382
f 397 417 418
f 397 396 417
f 440 441 442
f 440 416 438
f 438 439 440
f 438 437 439
f 436 437 438
f 438 415 436
f 418 417 419
f 1232 419 417
f 1232 417 1229
f 1249 1232 1229
f 1248 1232 1249
f 1248 1231 1232
f 1247 1231 1248
f 1247 1234 1231
f 1246 1234 1247
f 1247 139 1246
f 1246 139 138
f 137 138 139
f 137 139 140
f 137 140 472
f 472 961 137
f 137 961 962
f 474 961 472
f 993 961 474
f 472 140 141
f 141 471 472
f 141 143 471
f 143 145 471
f 143 144 145
f 145 144 146
f 145 146 147
f 146 150 147
f 527 147 150
f 150 149 527
f 146 149 150
f 148 149 146
f 148 155 149
f 148 154 155
f 153 154 148
f 155 154 469
f 469 154 470
f 154 152 470
f 149 155 469
f 1249 148 146
f 1250 148 1249
f 145 147 527
f 146 144 1248
f 1248 144 142
f 143 142 144
f 471 145 527
f 141 142 143
f 141 139 142
f 472 471 473
f 140 139 141
f 136 138 137
f 1245 138 136
f 134 136 137
f 1246 138 1245
f 1247 142 139
f 1246 1233 1234
f 1233 413 1234
f 1233 178 413
f 175 413 178
f 180 175 178
f 178 179 180
f 178 212 179
f 1233 212 178
f 1234 414 1231
f 1248 142 1247
f 1249 146 1248
f 1231 419 1232
f 1231 420 419
f 1231 414 420
f 438 416 415
f 1234 413 414
f 175 412 413
f 180 215 175
f 177 176 217
f 216 177 217
f 226 217 263
f 226 263 260
f 260 263 265
f 260 265 281
f 281 265 304
f 294 304 265
f 294 265 214
f 303 294 214
f 293 304 294
f 293 305 304
f 280 304 305
f 280 305 279
f 279 305 306
f 291 305 293
f 292 291 293
f 292 293 294
f 281 304 280
f 280 261 281
f 280 272 261
f 272 252 261
f 261 252 253
f 252 251 253
f 250 251 252
f 251 242 253
f 261 253 262
f 262 253 243
f 260 261 262
f 281 261 260
f 263 264 265
f 179 215 180
f 214 265 264
f 179 212 213
f 303 214 311
f 1235 303 311
f 213 212 1233
f 1245 1233 1246
f 1245 136 135
f 134 135 136
f 132 131 133
f 132 963 130
f 130 963 964
f 995 964 963
f 996 964 995
f 995 989 996
f 996 989 990
f 996 990 997
f 997 990 991
f 997 991 998
f 998 1001 997
f 998 946 1001
f 999 946 998
f 998 992 999
f 999 992 952
f 992 984 952
f 992 983 984
f 991 983 992
f 991 982 983
f 982 974 983
f 983 974 975
f 974 968 975
f 975 968 969
f 975 969 976
f 984 975 976
f 984 976 985
f 985 976 977
f 976 970 977
f 977 970 949
f 970 955 949
f 970 956 955
f 956 937 955
f 955 937 936
f 861 936 937
f 906 936 861
f 906 935 936
f 934 935 906
f 934 906 939
f 939 906 905
f 939 905 940
f 954 939 940
f 954 940 941
f 940 903 941
f 941 903 942
f 942 903 901
f 902 901 903
f 902 903 904
f 904 903 905
f 904 905 860
f 862 904 860
f 864 904 862
f 864 870 904
f 864 869 870
f 870 869 871
f 870 871 851
f 851 871 872
f 851 872 852
f 851 852 853
f 853 852 854
f 853 854 855
f 855 904 853
f 857 904 855
f 855 856 857
f 857 856 557
f 925 557 856
f 856 929 925
f 929 960 925
f 928 960 929
f 928 959 960
f 927 959 928
f 926 959 927
f 852 926 927
f 926 958 959
f 924 958 926
f 872 924 926
f 924 933 958
f 958 933 932
f 958 932 957
f 957 932 931
f 957 931 930
f 868 930 931
f 868 931 869
f 863 930 868
f 863 938 930
f 956 930 938
f 863 937 938
f 863 868 864
f 957 930 956
f 969 957 956
f 869 931 932
f 968 958 957
f 967 958 968
f 871 932 933
f 871 933 924
f 967 959 958
f 966 959 967
f 973 966 967
f 973 967 974
f 972 966 973
f 972 965 966
f 971 965 972
f 965 960 966
f 965 484 960
f 482 484 965
f 482 483 484
f 483 487 484
f 483 486 487
f 485 486 483
f 486 485 555
f 555 556 486
f 845 556 555
f 845 557 556
f 487 556 557
f 487 557 488
f 845 555 846
f 898 845 846
f 846 847 898
f 898 847 896
f 896 897 898
f 896 895 897
f 894 895 896
f 894 893 895
f 1035 895 893
f 1037 895 1035
f 1035 1034 1037
f 1037 1034 1038
f 1075 1038 1034
f 1074 1038 1075
f 1074 1040 1038
f 1039 1038 1040
f 1039 1040 1041
f 1041 1040 1036
f 1014 1036 1040
f 947 1036 1014
f 1014 948 947
f 947 948 949
f 978 949 948
f 1043 978 948
f 986 978 1043
f 986 977 978
f 986 1043 1044
f 950 986 1044
f 950 1044 1045
f 1045 951 950
f 1000 951 1045
f 1000 1045 1134
f 1134 1045 1119
f 1045 1104 1119
f 1119 1104 1105
f 1104 1090 1105
f 1104 1089 1090
f 1089 1075 1090
f 1090 1075 1076
f 1090 1076 1091
f 1044 1089 1104
f 1134 1119 1135
f 1135 1046 1134
f 1134 1046 944
f 1135 1153 1046
f 1135 1119 1120
f 1135 1120 1136
f 1134 944 1000
f 1000 944 999
f 1000 952 951
f 950 951 952
f 952 985 950
f 1045 1044 1104
f 950 985 986
f 1044 1043 1089
f 1043 1074 1089
f 1043 1014 1074
f 949 954 947
f 947 954 953
f 942 953 954
f 943 953 942
f 1042 953 943
f 1042 943 901
f 899 1042 901
f 897 1042 899
f 897 1041 1042
f 900 899 901
f 898 899 900
f 900 857 898
f 900 902 857
f 1042 1036 953
f 948 1014 1043
f 1036 947 953
f 1041 1036 1042
f 895 1039 1041
f 1014 1040 1074
f 1089 1074 1075
f 1075 1034 1076
f 1076 1034 1031
f 1033 1031 1034
f 1032 1031 1033
f 1030 1031 1032
f 891 1030 1032
f 891 1029 1030
f 889 1029 891
f 890 889 891
f 1029 1028 1030
f 1027 1028 1029
f 1030 1028 1031
f 1033 891 1032
f 1033 893 891
f 892 891 893
f 1076 1031 1077
f 1037 1038 1039
f 1033 1034 1035
f 1037 1039 895
f 1035 893 1033
f 892 893 894
f 847 892 894
f 895 1041 897
f 898 897 899
f 847 894 896
f 898 857 845
f 846 555 567
f 555 491 567
f 555 485 491
f 486 556 487
f 484 487 488
f 925 484 488
f 981 972 973
f 981 973 982
f 990 981 982
f 980 972 981
f 989 980 981
f 854 927 928
f 854 928 856
f 966 960 959
f 925 960 484
f 856 928 929
f 488 557 925
f 857 557 845
f 855 854 856
f 852 927 854
f 904 851 853
f 872 926 852
f 872 871 924
f 869 932 871
f 864 868 869
f 904 870 851
f 862 863 864
f 862 861 863
f 860 861 862
f 857 902 904
f 900 901 902
f 942 901 943
f 942 954 941
f 955 939 954
f 940 905 903
f 860 905 906
f 955 934 939
f 935 934 955
f 860 906 861
f 861 937 863
f 955 936 935
f 956 938 937
f 969 956 970
f 949 955 954
f 977 949 978
f 985 977 986
f 976 969 970
f 968 957 969
f 974 967 968
f 982 973 974
f 983 975 984
f 952 984 985
f 999 952 1000
f 999 944 946
f 944 945 946
f 119 946 945
f 122 946 119
f 998 991 992
f 990 982 991
f 997 1002 996
f 989 981 990
f 995 988 989
f 137 962 134
f 995 963 994
f 993 962 961
f 993 476 987
f 476 478 987
f 994 988 995
f 987 478 979
f 988 980 989
f 980 971 972
f 478 480 979
f 971 482 965
f 478 479 480
f 478 477 479
f 541 492 489
f 482 481 483
f 483 491 485
f 489 492 494
f 492 493 494
f 492 495 493
f 492 496 495
f 495 496 497
f 495 497 562
f 562 497 498
f 567 491 490
f 846 567 847
f 566 494 493
f 495 562 493
f 847 565 848
f 849 562 563
f 848 892 847
f 890 891 892
f 886 923 887
f 1024 887 923
f 1024 923 1008
f 1007 1008 923
f 1007 1023 1008
f 1007 1022 1023
f 1013 1022 1007
f 920 1013 1007
f 920 1007 922
f 921 920 922
f 919 920 921
f 867 919 921
f 867 917 919
f 866 917 867
f 451 866 867
f 451 867 558
f 558 867 859
f 859 867 886
f 509 451 558
f 452 451 509
f 452 509 515
f 509 558 510
f 510 558 511
f 558 512 511
f 558 505 512
f 506 512 505
f 506 511 512
f 510 511 506
f 506 509 510
f 865 866 451
f 451 450 865
f 917 918 919
f 886 867 921
f 919 918 920
f 921 922 886
f 1080 1023 1022
f 1080 1022 1081
f 1081 1022 1021
f 1095 1080 1081
f 1094 1080 1095
f 1094 1079 1080
f 1093 1079 1094
f 1108 1093 1094
f 1108 1094 1109
f 1123 1108 1109
f 1123 1109 1124
f 1124 1109 1110
f 1109 1095 1110
f 1110 1095 1096
f 1110 1096 1111
f 1125 1110 1111
f 1125 1111 1126
f 1141 1125 1126
f 1141 1126 1142
f 1142 1126 1127
f 1126 1112 1127
f 1127 1112 1113
f 1112 1098 1113
f 1113 1098 1099
f 1098 1084 1099
f 1098 1083 1084
f 1097 1083 1098
f 1113 1099 1114
f 1114 1099 1100
f 1099 1085 1100
f 1114 1100 1115
f 1129 1114 1115
f 1129 1115 1130
f 1145 1129 1130
f 1145 1130 1146
f 1146 1130 1131
f 1130 1116 1131
f 1131 1116 1117
f 1116 1102 1117
f 1117 1102 1103
f 1102 1088 1103
f 1103 1088 1853
f 1860 1103 1853
f 1118 1103 1860
f 1867 1118 1860
f 1867 1860 1868
f 1868 1860 1861
f 1868 1861 1869
f 1828 1867 1868
f 1828 1868 1830
f 1829 1828 1830
f 1813 1828 1829
f 1829 1792 1813
f 1813 1792 1164
f 1792 1206 1164
f 1200 1164 1206
f 1206 1207 1200
f 1200 1207 1208
f 1200 1208 1201
f 1200 1201 1166
f 1166 1201 1202
f 1166 1202 1165
f 1165 1202 1203
f 1165 1203 1168
f 1168 1203 1204
f 1168 1204 1170
f 1170 1048 1168
f 1170 1050 1048
f 1169 1050 1170
f 1169 1052 1050
f 1051 1050 1052
f 1051 1052 1053
f 1053 1052 1054
f 1053 1054 1055
f 1142 1053 1055
f 1143 1053 1142
f 1055 1054 1056
f 1172 1056 1054
f 1172 1054 1169
f 1193 1172 1169
f 1193 1169 1197
f 1216 1193 1197
f 1215 1193 1216
f 1215 1194 1193
f 1193 1194 1171
f 1171 1194 1195
f 1214 1195 1194
f 1196 1195 1214
f 1213 1196 1214
f 1213 1192 1196
f 1174 1196 1192
f 1192 62 1174
f 60 1174 62
f 60 1173 1174
f 58 1173 60
f 59 58 60
f 59 60 61
f 56 58 59
f 1173 1156 1174
f 1174 1156 1155
f 1174 1155 1171
f 1171 1155 1154
f 1057 1154 1155
f 1056 1154 1057
f 1057 1155 1149
f 1140 1057 1149
f 1141 1057 1140
f 1141 1055 1057
f 1140 1149 1139
f 1139 1149 1150
f 1139 1150 1138
f 1138 1150 1151
f 1138 1151 1137
f 1138 1123 1139
f 1138 1122 1123
f 1149 1156 1150
f 1150 1156 1157
f 1139 1124 1140
f 1140 1124 1125
f 1171 1154 1056
f 1149 1155 1156
f 61 60 62
f 61 62 63
f 62 1217 63
f 62 1212 1217
f 1192 1212 62
f 1212 1192 1213
f 1174 1195 1196
f 1171 1195 1174
f 1214 1194 1215
f 1216 1197 1211
f 1211 1197 1199
f 1211 1199 1198
f 1169 1198 1199
f 1205 1211 1198
f 1205 1210 1211
f 1204 1210 1205
f 1204 1209 1210
f 1170 1205 1198
f 1169 1199 1197
f 1171 1172 1193
f 1171 1056 1172
f 1055 1056 1057
f 1143 1051 1053
f 1144 1051 1143
f 1143 1128 1144
f 1144 1128 1129
f 1143 1127 1128
f 1144 1049 1051
f 1145 1049 1144
f 1145 1047 1049
f 1047 1048 1049
f 1047 1064 1048
f 1047 1063 1064
f 1062 1063 1047
f 1062 1061 1063
f 1060 1061 1062
f 1060 1059 1061
f 1165 1061 1059
f 1058 1059 1060
f 1058 1067 1059
f 1058 1066 1067
f 1167 1067 1066
f 1167 1066 1164
f 1164 1066 1065
f 1164 1065 1072
f 1072 1065 1070
f 1070 1065 1058
f 1070 1058 1148
f 1148 1133 1070
f 1070 1133 1827
f 1827 1133 1867
f 1070 1827 1813
f 1813 1068 1070
f 1068 1069 1070
f 1070 1069 1071
f 1164 1071 1069
f 1164 1069 1068
f 1148 1132 1133
f 1132 1118 1133
f 1132 1117 1118
f 1147 1132 1148
f 1148 1060 1147
f 1147 1131 1132
f 1070 1071 1072
f 1072 1071 1164
f 1166 1067 1167
f 1065 1066 1058
f 1166 1059 1067
f 1148 1058 1060
f 1147 1060 1062
f 1147 1062 1146
f 1165 1063 1061
f 1146 1062 1047
f 1168 1064 1063
f 1049 1050 1051
f 1169 1054 1052
f 1170 1198 1169
f 1049 1048 1050
f 1168 1048 1064
f 1170 1204 1205
f 1203 1209 1204
f 1168 1063 1165
f 1202 1209 1203
f 1202 1208 1209
f 1165 1059 1166
f 1166 1167 1200
f 1201 1208 1202
f 2113 1207 1206
f 1206 1791 2113
f 2113 1791 1788
f 2113 1788 2114
f 2114 1788 1786
f 1787 1786 1788
f 1785 1786 1787
f 1785 1783 1786
f 1787 1788 1789
f 1787 1789 1831
f 1831 1789 1790
f 1831 1790 1829
f 1832 1787 1831
f 1789 1788 1790
f 2114 1786 1783
f 2114 1783 2115
f 2115 1783 1781
f 1782 1781 1783
f 1782 1783 1784
f 1780 1781 1782
f 1880 1780 1782
f 1780 1778 1781
f 2115 1781 2116
f 1790 1788 1791
f 1790 1791 1792
f 1200 1167 1164
f 1792 1791 1206
f 1813 1164 1068
f 1829 1790 1792
f 1813 1827 1828
f 1829 1830 1831
f 1827 1867 1828
f 1133 1118 1867
f 1117 1103 1118
f 1116 1101 1102
f 1101 1087 1102
f 1101 1086 1087
f 1100 1086 1101
f 1115 1101 1116
f 1131 1117 1132
f 1146 1131 1147
f 1146 1047 1145
f 1144 1129 1145
f 1130 1115 1116
f 1128 1114 1129
f 1115 1100 1101
f 1128 1113 1114
f 1112 1097 1098
f 1111 1097 1112
f 1127 1113 1128
f 1142 1127 1143
f 1142 1055 1141
f 1140 1125 1141
f 1126 1111 1112
f 1111 1096 1097
f 1096 1082 1097
f 1096 1081 1082
f 1124 1110 1125
f 1139 1123 1124
f 1122 1108 1123
f 1107 1093 1108
f 1107 1092 1093
f 1109 1094 1095
f 1095 1081 1096
f 922 1007 923
f 886 922 923
f 888 889 890
f 1027 1029 889
f 1026 887 1024
f 1008 1023 1024
f 1079 1023 1080
f 1093 1078 1079
f 1027 1025 1028
f 1077 1031 1028
f 1092 1078 1093
f 1091 1076 1077
f 1105 1090 1091
f 1119 1105 1120
f 1106 1092 1107
f 1122 1107 1108
f 1137 1122 1138
f 1136 1120 1121
f 1136 1153 1135
f 1137 1151 1152
f 1150 1157 1151
f 1173 1157 1156
f 1158 1176 1159
f 58 1175 1173
f 1176 54 1177
f 56 57 58
f 1177 54 53
f 1177 53 50
f 1178 50 49
f 1178 49 1179
f 42 45 46
f 42 44 45
f 41 44 42
f 44 41 1218
f 1218 41 1221
f 1221 41 40
f 1221 40 37
f 39 37 40
f 38 37 39
f 36 37 38
f 36 34 37
f 35 34 36
f 31 34 35
f 31 33 34
f 30 33 31
f 30 31 23
f 23 31 32
f 23 32 24
f 23 24 25
f 25 24 26
f 25 26 27
f 27 26 28
f 27 28 16
f 16 28 29
f 16 29 14
f 14 15 16
f 15 17 16
f 16 17 18
f 16 18 3
f 3 18 19
f 3 19 11
f 11 12 3
f 3 12 13
f 3 13 8
f 8 9 3
f 3 9 10
f 3 10 5
f 5 6 3
f 3 6 7
f 3 7 4
f 40 43 39
f 40 42 43
f 34 1221 37
f 34 1220 1221
f 33 1220 34
f 33 1219 1220
f 1219 1184 1220
f 1220 1184 1183
f 1183 1184 1161
f 1161 1184 1185
f 1161 1182 1183
f 1221 1183 1182
f 1221 1182 1181
f 1220 1183 1221
f 1181 1218 1221
f 1180 44 1218
f 41 42 40
f 45 44 1180
f 1179 49 47
f 1160 1178 1179
f 1180 1218 1181
f 1161 1181 1182
f 1153 1160 1046
f 1046 945 944
f 119 945 120
f 1161 1185 1162
f 1219 1185 1184
f 30 1219 33
f 1186 1187 120
f 120 1187 1188
f 120 1188 1189
f 1189 1190 120
f 1191 16 1163
f 119 120 116
f 116 118 119
f 1163 16 3
f 116 117 118
f 783 785 1239
f 119 118 121
f 1240 123 1239
f 1240 125 123
f 1241 125 1240
f 1241 127 125
f 119 121 122
f 124 123 125
f 122 1001 946
f 997 1001 1002
f 124 125 126
f 996 1002 964
f 126 125 127
f 130 964 128
f 130 131 132
f 1242 129 127
f 133 131 1243
f 1243 1236 1235
f 1242 127 1241
f 1240 1237 1241
f 206 199 208
f 207 206 208
f 200 1237 1225
f 1225 781 780
f 780 781 782
f 196 197 198
f 202 196 198
f 789 254 182
f 790 254 789
f 181 202 198
f 201 196 202
f 208 199 201
f 208 255 256
f 182 254 183
f 790 295 254
f 184 185 186
f 185 282 186
f 284 283 285
f 284 285 286
f 286 285 287
f 286 287 288
f 299 286 288
f 298 284 286
f 297 284 298
f 296 184 186
f 255 296 256
f 208 256 207
f 205 206 207
f 257 297 298
f 298 286 299
f 205 258 203
f 259 300 211
f 1236 1238 203
f 209 210 211
f 1235 1236 303
f 302 294 303
f 211 301 209
f 302 292 294
f 211 300 301
f 299 288 300
f 290 291 292
f 291 306 305
f 288 287 289
f 285 308 287
f 277 308 276
f 278 306 307
f 277 189 270
f 279 306 278
f 279 272 280
f 272 250 252
f 270 248 271
f 250 249 251
f 249 241 251
f 246 247 248
f 246 245 247
f 244 793 245
f 239 235 240
f 249 240 241
f 236 233 237
f 251 241 242
f 237 234 238
f 253 242 243
f 268 238 234
f 268 222 223
f 262 243 269
f 262 226 260
f 225 217 226
f 223 218 224
f 225 216 217
f 433 177 216
f 436 415 433
f 436 435 437
f 435 427 437
f 218 411 434
f 409 431 411
f 429 431 432
f 435 430 427
f 428 425 429
f 437 427 426
f 424 398 425
f 437 426 439
f 440 439 441
f 424 314 398
f 441 381 382
f 382 331 330
f 386 391 331
f 314 379 380
f 378 385 379
f 386 390 391
f 390 387 391
f 364 317 385
f 390 360 387
f 316 358 317
f 815 358 316
f 360 359 361
f 361 353 360
f 360 353 355
f 811 356 354
f 357 318 355
f 383 320 341
f 360 355 387
f 391 387 388
f 383 341 384
f 389 384 323
f 391 388 392
f 329 392 393
f 389 323 326
f 394 326 325
f 329 393 327
f 327 396 397
f 1229 417 396
f 1230 394 325
f 1249 1229 1250
f 1228 1251 1230
f 1250 153 148
f 161 151 1251
f 153 152 154
f 161 162 151
f 152 163 470
f 161 160 162
f 156 159 160
f 158 159 156
f 168 525 158
f 526 528 529
f 528 544 529
f 528 543 544
f 468 543 528
f 468 542 543
f 542 520 543
f 543 520 522
f 520 521 522
f 521 520 616
f 521 616 516
f 616 615 516
f 525 165 524
f 523 466 524
f 618 692 466
f 618 691 692
f 691 707 692
f 467 542 468
f 542 616 520
f 692 707 708
f 722 736 737
f 721 736 722
f 736 751 737
f 736 750 751
f 750 622 751
f 751 622 623
f 622 459 623
f 623 459 457
f 623 457 624
f 752 623 624
f 622 461 459
f 621 461 622
f 621 463 461
f 462 461 463
f 462 463 464
f 464 463 453
f 464 453 465
f 880 464 465
f 879 464 880
f 909 879 880
f 909 878 879
f 877 878 909
f 877 909 876
f 876 909 911
f 909 910 911
f 911 910 912
f 911 912 913
f 913 912 914
f 912 1010 914
f 912 1009 1010
f 1004 1009 912
f 910 1004 912
f 909 908 910
f 1005 910 908
f 1005 908 1006
f 1005 1006 1015
f 1006 1819 1015
f 1015 1819 1739
f 1015 1739 1820
f 1820 1739 1738
f 1738 1739 1679
f 1679 1692 1738
f 907 1692 1679
f 907 1691 1692
f 1682 1691 907
f 907 1681 1682
f 1741 1682 1681
f 1741 1681 1742
f 1742 1681 1680
f 1742 1680 1743
f 1824 1742 1743
f 1823 1742 1824
f 1843 1823 1824
f 1843 1824 1844
f 1851 1843 1844
f 1851 1844 1852
f 1859 1851 1852
f 1852 1877 1859
f 1852 1876 1877
f 1858 1851 1859
f 1858 1850 1851
f 1857 1850 1858
f 1857 1849 1850
f 1849 1842 1850
f 1850 1842 1843
f 1849 1841 1842
f 1841 1822 1842
f 1842 1822 1823
f 1822 1741 1823
f 1822 1740 1741
f 1821 1740 1822
f 1821 1738 1740
f 1738 1691 1740
f 1841 1821 1822
f 1840 1821 1841
f 1840 1820 1821
f 1839 1820 1840
f 1848 1840 1841
f 1847 1840 1848
f 1855 1847 1848
f 1855 1848 1856
f 1856 1848 1849
f 1848 1841 1849
f 1856 1849 1857
f 1864 1856 1857
f 1864 1857 1865
f 1872 1864 1865
f 1872 1865 1873
f 1873 1865 1866
f 1865 1858 1866
f 1866 1879 1873
f 1873 1879 1808
f 1879 1806 1808
f 1808 1806 1881
f 1881 1806 1882
f 1882 1806 1805
f 1882 1805 1883
f 1883 1772 1882
f 1884 1772 1883
f 1882 1772 1774
f 1772 1773 1774
f 1774 1773 1775
f 1881 1774 1775
f 1881 1775 1809
f 1809 1775 1777
f 1882 1774 1881
f 1808 1881 1809
f 1808 1809 1810
f 1874 1808 1810
f 1879 1807 1806
f 1873 1808 1874
f 1866 1878 1879
f 1859 1878 1866
f 1874 1872 1873
f 1837 1872 1874
f 1837 1871 1872
f 1871 1864 1872
f 1863 1856 1864
f 1865 1857 1858
f 1866 1858 1859
f 1852 1844 1845
f 1850 1843 1851
f 1844 1824 1825
f 1842 1823 1843
f 1823 1741 1742
f 1740 1682 1741
f 1680 1681 907
f 907 1690 1680
f 1740 1691 1682
f 1679 908 907
f 1819 908 1679
f 1738 1692 1691
f 1820 1738 1821
f 1839 1015 1820
f 1819 1679 1739
f 1006 908 1819
f 1003 910 1005
f 907 908 909
f 909 873 907
f 909 874 873
f 875 874 909
f 774 874 875
f 875 775 774
f 875 776 775
f 885 776 875
f 885 777 776
f 634 776 777
f 634 777 632
f 632 633 634
f 632 631 633
f 630 631 632
f 632 778 630
f 630 778 779
f 883 779 778
f 883 778 884
f 884 778 777
f 883 884 909
f 909 882 883
f 909 881 882
f 881 449 882
f 882 449 779
f 627 779 449
f 627 449 448
f 627 448 619
f 619 448 447
f 619 447 453
f 447 449 453
f 619 453 620
f 748 619 620
f 747 619 748
f 747 628 619
f 746 628 747
f 732 746 747
f 732 747 733
f 731 746 732
f 717 731 732
f 717 732 718
f 716 731 717
f 701 716 717
f 701 717 702
f 700 716 701
f 685 700 701
f 700 715 716
f 715 730 716
f 715 729 730
f 714 729 715
f 699 714 715
f 698 714 699
f 683 698 699
f 682 698 683
f 682 697 698
f 697 713 698
f 697 712 713
f 712 727 713
f 712 726 727
f 726 741 727
f 726 740 741
f 725 740 726
f 711 725 726
f 710 725 711
f 695 710 711
f 694 710 695
f 679 694 695
f 678 694 679
f 647 678 679
f 678 693 694
f 677 693 678
f 649 677 678
f 651 677 649
f 677 651 1466
f 1466 651 1467
f 677 1466 1367
f 1367 1466 1468
f 1367 693 677
f 693 1367 1507
f 1507 709 693
f 1507 1600 709
f 1600 724 709
f 709 724 710
f 1600 1599 724
f 1599 739 724
f 1599 1632 739
f 1632 612 739
f 1632 1368 612
f 1631 1368 1632
f 1631 1370 1368
f 1295 1368 1370
f 1295 1370 1294
f 1294 1281 1295
f 1295 1281 1283
f 1295 1283 613
f 613 1283 1369
f 1283 1282 1369
f 1369 1282 772
f 1369 772 640
f 639 640 772
f 639 613 640
f 639 614 613
f 638 614 639
f 639 774 638
f 639 773 774
f 638 637 614
f 741 614 637
f 741 637 742
f 742 637 635
f 742 635 743
f 728 742 743
f 728 743 729
f 729 743 744
f 743 633 744
f 727 742 728
f 743 635 633
f 636 635 637
f 634 635 636
f 636 637 638
f 638 775 636
f 612 613 614
f 740 612 614
f 772 773 639
f 772 873 773
f 772 1282 873
f 873 1282 1281
f 1281 1293 873
f 873 1293 1291
f 1292 1291 1293
f 1292 1293 1294
f 1294 1371 1292
f 1292 1371 1372
f 1629 1372 1371
f 1628 1372 1629
f 1628 1373 1372
f 1627 1373 1628
f 1627 1374 1373
f 1288 1373 1374
f 1288 1374 1286
f 1286 1287 1288
f 1288 1287 1289
f 1288 1289 1290
f 1290 1289 1291
f 1287 873 1289
f 1285 873 1287
f 1285 1302 873
f 1284 1302 1285
f 1284 1301 1302
f 1300 1301 1284
f 1284 1376 1300
f 1376 1377 1300
f 1300 1377 1378
f 1300 1378 1298
f 1298 1378 1379
f 1622 1379 1378
f 1622 1378 1623
f 1298 1379 1296
f 1296 1297 1298
f 1296 1315 1297
f 1296 1314 1315
f 873 1315 1314
f 1314 1312 873
f 1313 1312 1314
f 1311 1312 1313
f 1311 1310 1312
f 1309 1310 1311
f 1311 1382 1309
f 1309 1382 1383
f 1618 1383 1382
f 1618 1382 1619
f 1619 1382 1381
f 1619 1381 1620
f 1620 1381 1380
f 1620 1380 1621
f 1621 1380 1379
f 1313 1380 1381
f 1296 1380 1313
f 1573 1619 1620
f 1573 1620 1575
f 1571 1619 1573
f 1309 1383 1307
f 1307 1308 1309
f 1307 1306 1308
f 1383 1384 1307
f 1617 1384 1383
f 1616 1384 1617
f 1616 1385 1384
f 1615 1385 1616
f 1615 1386 1385
f 1614 1386 1615
f 1565 1615 1616
f 1565 1616 1567
f 1563 1615 1565
f 1307 1384 1385
f 1307 1385 1305
f 1311 1381 1382
f 1309 1308 1310
f 873 1310 1308
f 1313 1381 1311
f 873 1312 1310
f 1313 1314 1296
f 873 1297 1315
f 1299 1297 873
f 873 1301 1299
f 1298 1297 1299
f 1296 1379 1380
f 1298 1299 1300
f 1623 1378 1377
f 1623 1377 1624
f 1581 1623 1624
f 1581 1624 1583
f 1583 1624 1625
f 1624 1376 1625
f 1625 1376 1375
f 1625 1375 1626
f 1585 1625 1626
f 1585 1626 1587
f 1586 1585 1587
f 1584 1585 1586
f 1515 1584 1586
f 1515 1586 1514
f 1514 1586 1588
f 1514 1588 1513
f 1513 1482 1514
f 1513 1481 1482
f 1512 1481 1513
f 1513 1590 1512
f 1512 1590 1592
f 1512 1592 1511
f 1511 1592 1594
f 1511 1594 1510
f 1510 1594 1596
f 1594 1595 1596
f 1594 1593 1595
f 1593 1630 1595
f 1593 1629 1630
f 1591 1629 1593
f 1592 1591 1593
f 1595 1630 1631
f 1595 1631 1597
f 1596 1595 1597
f 1596 1597 1598
f 1598 1597 1599
f 1509 1596 1598
f 1509 1598 1508
f 1508 1477 1509
f 1509 1477 1478
f 1509 1478 1510
f 1510 1478 1479
f 1508 1598 1600
f 1510 1596 1509
f 1510 1479 1511
f 1592 1593 1594
f 1511 1480 1512
f 1590 1591 1592
f 1590 1589 1591
f 1589 1628 1591
f 1588 1589 1590
f 1588 1587 1589
f 1587 1627 1589
f 1514 1482 1483
f 1513 1588 1590
f 1514 1483 1515
f 1516 1584 1515
f 1516 1582 1584
f 1582 1583 1584
f 1517 1582 1516
f 1515 1484 1516
f 1584 1583 1585
f 1586 1587 1588
f 1587 1626 1627
f 1626 1375 1374
f 1583 1625 1585
f 1582 1581 1583
f 1580 1581 1582
f 1579 1623 1581
f 1624 1377 1376
f 1284 1375 1376
f 1286 1375 1284
f 1300 1299 1301
f 1284 1285 1286
f 873 1302 1301
f 1286 1285 1287
f 1286 1374 1375
f 1290 1373 1288
f 1626 1374 1627
f 1589 1627 1628
f 1290 1372 1373
f 1591 1628 1629
f 1629 1371 1630
f 1630 1371 1370
f 1292 1372 1290
f 1290 1291 1292
f 873 1291 1289
f 613 1369 640
f 1281 1282 1283
f 1294 1293 1281
f 1294 1370 1371
f 613 1368 1295
f 1630 1370 1631
f 1597 1631 1632
f 1368 613 612
f 739 612 740
f 1597 1632 1599
f 724 739 725
f 1598 1599 1600
f 1508 1600 1507
f 1507 1476 1508
f 1507 1367 1476
f 693 709 694
f 679 695 680
f 680 695 696
f 694 709 710
f 695 711 696
f 696 711 712
f 710 724 725
f 725 739 740
f 740 614 741
f 727 741 742
f 711 726 712
f 713 727 728
f 713 728 714
f 696 712 697
f 681 696 697
f 683 699 684
f 684 699 700
f 698 713 714
f 714 728 729
f 729 744 730
f 730 744 745
f 744 631 745
f 745 631 629
f 745 629 746
f 730 745 731
f 699 715 700
f 716 730 731
f 731 745 746
f 746 629 628
f 627 628 629
f 627 629 630
f 619 628 627
f 447 448 449
f 881 465 449
f 909 884 885
f 882 779 883
f 630 779 627
f 630 629 631
f 744 633 631
f 634 633 635
f 632 777 778
f 636 776 634
f 884 777 885
f 636 775 776
f 638 774 775
f 773 874 774
f 909 885 875
f 773 873 874
f 876 911 913
f 877 460 878
f 878 460 462
f 877 458 460
f 458 459 460
f 878 462 879
f 880 881 909
f 880 465 881
f 465 453 449
f 620 453 463
f 879 462 464
f 460 461 462
f 620 463 621
f 749 620 621
f 749 621 750
f 460 459 461
f 751 623 752
f 750 621 622
f 735 750 736
f 723 738 616
f 737 751 752
f 752 624 753
f 753 624 625
f 624 455 625
f 616 738 615
f 513 518 519
f 516 615 517
f 522 521 516
f 543 522 544
f 535 533 536
f 536 533 532
f 536 532 537
f 546 536 537
f 546 537 547
f 553 546 547
f 529 544 545
f 526 529 470
f 530 546 553
f 469 470 551
f 527 149 469
f 471 527 473
f 472 473 474
f 474 476 993
f 476 477 478
f 475 550 552
f 552 553 554
f 477 540 479
f 553 547 554
f 547 537 532
f 531 532 533
f 540 548 549
f 549 496 492
f 531 533 538
f 499 500 501
f 500 504 501
f 561 501 504
f 561 504 503
f 497 496 498
f 562 498 563
f 564 499 501
f 849 563 850
f 564 501 561
f 886 850 858
f 561 503 559
f 886 858 859
f 558 859 560
f 560 505 558
f 559 508 507
f 559 503 508
f 500 503 504
f 539 500 538
f 539 518 513
f 505 502 506
f 515 509 506
f 513 519 514
f 519 676 514
f 753 625 676
f 515 626 452
f 450 451 452
f 625 455 454
f 624 457 455
f 458 457 459
f 876 458 877
f 865 450 456
f 865 917 866
f 913 915 876
f 913 914 915
f 917 916 918
f 918 1013 920
f 1013 1021 1022
f 1081 1021 1082
f 1097 1082 1083
f 1011 1020 1012
f 914 1010 1011
f 1009 1018 1010
f 1083 1019 1084
f 1099 1084 1085
f 1009 1017 1018
f 1100 1085 1086
f 1004 1017 1009
f 1003 1004 910
f 1015 1003 1005
f 1086 1016 1087
f 1102 1087 1088
f 1073 1015 1839
f 1847 1839 1840
f 1853 1088 1846
f 1860 1853 1861
f 1869 1861 1862
f 1854 1847 1855
f 1863 1855 1856
f 1871 1863 1864
f 1869 1862 1870
f 1830 1868 1869
f 1831 1830 1832
f 1832 1785 1787
f 1784 1783 1785
f 1836 1782 1784
f 1834 1833 1835
f 1835 1871 1837
f 1838 1782 1836
f 1838 1880 1782
f 1874 1810 1837
f 1880 1779 1780
f 1809 1777 1810
f 1779 1778 1780
f 1775 1776 1777
f 2116 1781 1778
f 1775 1773 1776
f 1770 2117 2112
f 2091 2117 1770
f 2091 1770 2092
f 2092 1770 2059
f 2092 2059 2093
f 2093 2059 2057
f 2058 2057 2059
f 2058 2059 2054
f 2056 2057 2058
f 2094 2057 2056
f 2094 2056 2095
f 2056 2062 2095
f 2095 2062 2061
f 2058 2061 2062
f 2060 2061 2058
f 2060 2072 2061
f 2060 2071 2072
f 2070 2071 2060
f 1906 2070 2060
f 1906 2060 1907
f 1907 2060 1905
f 1895 1907 1905
f 1905 1889 1895
f 1905 2058 1889
f 1895 1906 1907
f 1894 1906 1895
f 1894 1895 1896
f 1896 1895 1897
f 1896 1897 1898
f 1909 1896 1898
f 1908 1896 1909
f 1909 1918 1908
f 1909 1917 1918
f 1910 1917 1909
f 1910 1916 1917
f 1925 1917 1916
f 1925 1916 1926
f 1934 1925 1926
f 1933 1925 1934
f 1933 1924 1925
f 1932 1924 1933
f 1932 1923 1924
f 1923 1918 1924
f 1923 1919 1918
f 1922 1919 1923
f 1931 1922 1923
f 1930 1922 1931
f 1930 1801 1922
f 1801 1920 1922
f 1801 1921 1920
f 1800 1921 1801
f 1800 2076 1921
f 1799 2076 1800
f 1799 2077 2076
f 2075 2076 2077
f 2075 2077 1731
f 1731 2077 1732
f 1732 2077 2078
f 1732 2078 1734
f 1734 2078 2079
f 1799 2079 2078
f 1799 2080 2079
f 2081 2080 1799
f 2080 2081 1728
f 1728 2081 2082
f 1728 2082 1725
f 1725 2082 2083
f 1799 2083 2082
f 1928 2083 1799
f 1928 1936 2083
f 1936 1928 1937
f 1937 1928 1929
f 2083 1936 1958
f 1958 1936 1945
f 1945 1960 1958
f 1945 1959 1960
f 1959 2344 1960
f 1959 2343 2344
f 2343 2348 2344
f 2345 2344 2348
f 2384 2345 2348
f 2384 2348 2383
f 2383 2348 2347
f 2347 2348 2349
f 2375 2347 2349
f 2273 2347 2375
f 2375 2268 2273
f 2374 2268 2375
f 2374 2269 2268
f 2268 2269 2265
f 2265 2269 2270
f 2265 2270 2266
f 2265 2266 2260
f 2260 2266 2267
f 2372 2267 2266
f 2371 2267 2372
f 2371 2261 2267
f 2369 2261 2371
f 2369 2263 2261
f 2262 2261 2263
f 2262 2263 2257
f 2314 2262 2257
f 2313 2262 2314
f 2313 2260 2262
f 2312 2260 2313
f 2303 2312 2313
f 2302 2312 2303
f 2292 2302 2303
f 2292 2303 2293
f 2286 2292 2293
f 2286 2293 2287
f 2281 2286 2287
f 2282 2286 2281
f 2282 2277 2286
f 2283 2277 2282
f 2283 2193 2277
f 2194 2193 2283
f 2193 2194 2195
f 2195 2194 2196
f 2195 2196 2197
f 2197 2196 2198
f 2197 2198 2199
f 2199 2198 2200
f 2199 2200 2201
f 2201 2200 2202
f 2279 2202 2200
f 2279 2200 2280
f 2280 2288 2279
f 2279 2288 2289
f 2288 2295 2289
f 2289 2295 2296
f 2295 2306 2296
f 2296 2306 2307
f 2296 2307 2297
f 2290 2296 2297
f 2290 2297 2284
f 2205 2290 2284
f 2278 2290 2205
f 2278 2289 2290
f 2205 2204 2278
f 2190 2204 2205
f 2190 2205 2191
f 2190 2191 2189
f 2189 2191 2192
f 2189 2192 2187
f 2187 2188 2189
f 2187 2186 2188
f 2184 2186 2187
f 2187 2232 2184
f 2184 2232 2285
f 2232 2299 2285
f 2232 2298 2299
f 2284 2298 2232
f 2232 2192 2284
f 2298 2309 2299
f 2299 2309 2310
f 2309 2319 2310
f 2310 2319 2320
f 2310 2320 2231
f 2285 2310 2231
f 2285 2231 2182
f 2182 2231 2181
f 2179 2181 2231
f 2179 2180 2181
f 2179 2178 2180
f 2176 2178 2179
f 2176 2177 2178
f 2175 2177 2176
f 2174 2175 2176
f 2176 2237 2174
f 2237 2238 2174
f 2174 2238 2239
f 2239 2238 2381
f 2160 2239 2381
f 2160 2381 2158
f 2158 2381 2382
f 2351 2382 2381
f 2351 2381 2246
f 2246 2245 2351
f 2237 2245 2246
f 2244 2245 2237
f 2322 2244 2237
f 2321 2244 2322
f 2321 2242 2244
f 2320 2242 2321
f 2320 2240 2242
f 2240 2241 2242
f 2240 2249 2241
f 2240 2248 2249
f 2248 2353 2249
f 2249 2353 2354
f 2353 2357 2354
f 2354 2357 2356
f 2328 2356 2357
f 2328 2357 2329
f 2329 2357 2358
f 2329 2358 2330
f 1420 2329 2330
f 1420 2330 1421
f 1421 2330 1407
f 1407 2330 2331
f 2330 2358 2331
f 2331 2358 2364
f 2331 2364 2332
f 2332 2364 2365
f 2359 2365 2364
f 2359 2364 2360
f 2248 2359 2360
f 2252 2359 2248
f 2247 2252 2248
f 2247 2251 2252
f 2250 2251 2247
f 2359 2251 2250
f 2359 2250 2361
f 2361 2250 2254
f 2255 2254 2250
f 2253 2254 2255
f 2253 2259 2254
f 2253 2258 2259
f 2363 2259 2258
f 2362 2259 2363
f 2363 2367 2362
f 2258 2370 2363
f 2370 2368 2363
f 2370 2380 2368
f 2369 2380 2370
f 2369 2379 2380
f 2338 2380 2379
f 2338 2379 2339
f 2339 2379 2378
f 2371 2378 2379
f 2015 2338 2339
f 2337 2380 2338
f 2018 2337 2338
f 2258 2369 2370
f 2264 2369 2258
f 2257 2264 2258
f 2257 2258 2253
f 2315 2257 2253
f 2315 2253 2316
f 2306 2315 2316
f 2305 2315 2306
f 2305 2314 2315
f 2304 2314 2305
f 2294 2304 2305
f 2294 2305 2295
f 2293 2304 2294
f 2362 2254 2259
f 2316 2253 2255
f 2316 2255 2317
f 2317 2255 2256
f 2317 2256 2318
f 2318 2256 2247
f 2318 2247 2319
f 2319 2247 2240
f 2308 2317 2318
f 2308 2318 2309
f 2307 2317 2308
f 2307 2316 2317
f 2255 2250 2256
f 2361 2254 2362
f 2362 2366 2361
f 2361 2366 2365
f 2256 2250 2247
f 2252 2251 2359
f 2361 2365 2359
f 2332 2365 2333
f 1409 2331 2332
f 2360 2364 2358
f 2360 2358 2353
f 2327 2356 2328
f 2327 2355 2356
f 2326 2355 2327
f 2350 2355 2326
f 2352 2355 2350
f 2350 2351 2352
f 2243 2352 2351
f 2241 2352 2243
f 2241 2354 2352
f 2326 2325 2350
f 2350 2325 2382
f 2325 2324 2382
f 2382 2324 2323
f 1666 2323 2324
f 2225 2323 1666
f 1666 1253 2225
f 2225 1253 2157
f 2225 2157 2156
f 2156 2157 2158
f 2158 2157 2159
f 1665 1253 1666
f 1665 1255 1253
f 1661 1255 1665
f 1423 1661 1665
f 1662 1661 1423
f 1259 1661 1662
f 1259 1662 1257
f 1257 1662 1663
f 1257 1663 1263
f 1263 1663 1664
f 1263 1664 1654
f 1423 1664 1663
f 1261 1661 1259
f 1261 1262 1661
f 1423 1663 1662
f 1661 1262 1255
f 1423 1665 1666
f 2156 2323 2225
f 1666 2324 1423
f 2156 2382 2323
f 1423 2324 2325
f 1423 2325 1425
f 1424 1423 1425
f 1424 1425 1411
f 1411 1425 1426
f 1411 1426 1412
f 1411 1412 1413
f 1426 2327 1412
f 1412 2327 1414
f 1425 2326 1426
f 1495 1424 1411
f 1495 1411 1496
f 1494 1424 1495
f 1494 1422 1424
f 1422 1423 1424
f 1425 2325 2326
f 1426 2326 2327
f 2352 2356 2355
f 2354 2356 2352
f 2353 2358 2357
f 2248 2360 2353
f 2247 2248 2240
f 2249 2354 2241
f 2242 2241 2243
f 2242 2243 2244
f 2179 2321 2322
f 2244 2243 2245
f 2243 2351 2245
f 2350 2382 2351
f 2158 2382 2156
f 2158 2159 2160
f 2160 2159 2161
f 2161 2159 2162
f 2162 2159 2163
f 2162 2163 2164
f 2164 2163 2174
f 2162 2164 2239
f 2162 2239 2161
f 2161 2239 2160
f 2246 2381 2238
f 2174 2239 2164
f 2237 2246 2238
f 2322 2237 2176
f 2174 2163 2175
f 2179 2322 2176
f 2231 2321 2179
f 2181 2180 2182
f 2182 2180 2183
f 2182 2183 2184
f 2183 2185 2184
f 2231 2320 2321
f 2319 2240 2320
f 2309 2318 2319
f 2298 2308 2309
f 2297 2308 2298
f 2299 2310 2285
f 2184 2285 2182
f 2184 2185 2186
f 2192 2232 2187
f 2191 2284 2192
f 2203 2204 2190
f 2203 2202 2204
f 2278 2204 2202
f 2205 2284 2191
f 2284 2297 2298
f 2297 2307 2308
f 2306 2316 2307
f 2295 2305 2306
f 2289 2296 2290
f 2288 2294 2295
f 2287 2294 2288
f 2279 2289 2278
f 2280 2287 2288
f 2278 2202 2279
f 2201 2202 2203
f 2280 2200 2198
f 2280 2198 2281
f 2281 2198 2196
f 2282 2196 2194
f 2193 2195 2206
f 2206 2195 2207
f 2206 2207 2208
f 2208 2207 2209
f 2208 2209 2210
f 2210 2275 2208
f 2208 2275 2276
f 2275 2234 2276
f 2276 2234 2291
f 2276 2291 2277
f 2277 2291 2292
f 2234 2301 2291
f 2291 2301 2302
f 2301 2311 2302
f 2301 2236 2311
f 2300 2236 2301
f 2300 2215 2236
f 2215 2235 2236
f 2235 2272 2236
f 2236 2272 2271
f 2268 2271 2272
f 2235 2222 2272
f 2216 2222 2235
f 2223 2222 2216
f 2223 2216 2224
f 2224 2216 2214
f 2215 2214 2216
f 2213 2214 2215
f 2220 2213 2215
f 2219 2213 2220
f 2219 2220 2233
f 2233 2212 2219
f 2212 2218 2219
f 2212 2217 2218
f 2211 2217 2212
f 2210 2211 2212
f 2212 2233 2234
f 2233 2300 2234
f 2233 2220 2300
f 2219 2218 2213
f 2169 2222 2223
f 2169 2221 2222
f 2168 2221 2169
f 2167 2168 2169
f 2167 2166 2168
f 2383 2168 2166
f 2166 2165 2383
f 2165 2173 2383
f 2167 2173 2165
f 2167 2172 2173
f 2170 2172 2167
f 2170 2171 2172
f 2384 2172 2171
f 2384 2171 2230
f 2230 2346 2384
f 2084 2346 2230
f 2170 2084 2230
f 1715 2084 2170
f 2084 1715 2085
f 2084 2085 1960
f 1960 2085 2086
f 1960 2086 2087
f 2086 1717 2087
f 2087 1717 1719
f 2087 1719 2088
f 2088 1719 1721
f 2088 1721 2089
f 2088 2089 1960
f 1960 2089 2090
f 1960 2090 2083
f 2090 1723 2083
f 2089 1723 2090
f 2089 1721 1723
f 2086 1714 1717
f 2087 2088 1960
f 2085 1714 2086
f 2085 1715 1714
f 1960 2346 2084
f 1960 2345 2346
f 2170 2230 2171
f 2383 2173 2172
f 2165 2166 2167
f 2383 2221 2168
f 2274 2221 2383
f 2272 2221 2274
f 2272 2274 2273
f 2222 2221 2272
f 2235 2215 2216
f 2220 2215 2300
f 2236 2271 2311
f 2311 2271 2265
f 2311 2265 2312
f 2234 2300 2301
f 2275 2212 2234
f 2210 2212 2275
f 2210 2209 2211
f 2276 2206 2208
f 2276 2193 2206
f 2277 2193 2276
f 2282 2194 2283
f 2281 2196 2282
f 2281 2287 2280
f 2287 2293 2294
f 2277 2292 2286
f 2293 2303 2304
f 2291 2302 2292
f 2302 2311 2312
f 2303 2313 2304
f 2304 2313 2314
f 2314 2257 2315
f 2257 2263 2264
f 2260 2261 2262
f 2264 2263 2369
f 2371 2379 2369
f 2372 2378 2371
f 2372 2377 2378
f 2340 2378 2377
f 2340 2377 2341
f 2373 2377 2372
f 2373 2376 2377
f 2374 2376 2373
f 2373 2270 2374
f 2372 2266 2373
f 2260 2267 2261
f 2312 2265 2260
f 2373 2266 2270
f 2265 2271 2268
f 2270 2269 2374
f 2268 2272 2273
f 2274 2347 2273
f 2375 2349 2374
f 2383 2347 2274
f 2383 2172 2384
f 2346 2345 2384
f 2344 2345 1960
f 2083 1958 1960
f 1928 1799 1929
f 1929 1799 1801
f 1725 2083 1723
f 1735 2080 1728
f 1799 2082 2081
f 1735 2079 2080
f 1734 2079 1735
f 1731 1732 1733
f 1733 1732 1734
f 1733 1734 1730
f 1730 1734 1735
f 1730 1735 1728
f 1728 1729 1730
f 1728 1727 1729
f 1725 1727 1728
f 1725 1726 1727
f 1724 1726 1725
f 1723 1724 1725
f 1723 1722 1724
f 1721 1722 1723
f 1721 1720 1722
f 1719 1720 1721
f 1719 1718 1720
f 1717 1718 1719
f 1717 1716 1718
f 1714 1716 1717
f 1714 1713 1716
f 1711 1713 1714
f 1711 1712 1713
f 1711 2104 1712
f 1715 2104 1711
f 2229 2104 1715
f 2229 1715 2226
f 2226 1715 2123
f 2123 1715 2170
f 2123 2170 2122
f 2122 2170 2167
f 2122 2167 2121
f 2121 2167 2169
f 2121 2169 2126
f 2126 2169 2223
f 2126 2223 2224
f 2224 2125 2126
f 2214 2125 2224
f 2214 2124 2125
f 2213 2124 2214
f 2213 2133 2124
f 2218 2133 2213
f 2218 2132 2133
f 2217 2132 2218
f 2217 2131 2132
f 2211 2131 2217
f 2211 2130 2131
f 2129 2130 2211
f 2209 2129 2211
f 2209 2128 2129
f 2127 2128 2209
f 2207 2127 2209
f 2207 2136 2127
f 2135 2136 2207
f 2195 2135 2207
f 2195 2134 2135
f 2139 2134 2195
f 2197 2139 2195
f 2197 2138 2139
f 2137 2138 2197
f 2197 2199 2137
f 2137 2199 2201
f 2137 2201 2142
f 2142 2201 2203
f 2142 2203 2141
f 2141 2203 2140
f 2203 2190 2140
f 2190 2145 2140
f 2190 2144 2145
f 2189 2144 2190
f 2189 2143 2144
f 2152 2143 2189
f 2189 2188 2152
f 2188 2151 2152
f 2188 2150 2151
f 2186 2150 2188
f 2186 2149 2150
f 2185 2149 2186
f 2185 2148 2149
f 2183 2148 2185
f 2183 2147 2148
f 2180 2147 2183
f 2180 2146 2147
f 2178 2146 2180
f 2178 2155 2146
f 2177 2155 2178
f 2177 2154 2155
f 2175 2154 2177
f 2175 2153 2154
f 2163 2153 2175
f 2163 2120 2153
f 2159 2120 2163
f 2159 2119 2120
f 2157 2119 2159
f 2157 2227 2119
f 1253 2227 2157
f 1253 2228 2227
f 1252 2228 1253
f 1252 1253 1254
f 1254 1253 1255
f 1254 1255 1256
f 1262 1256 1255
f 1261 1256 1262
f 1261 1260 1256
f 1259 1260 1261
f 1259 1258 1260
f 1257 1258 1259
f 1257 1263 1258
f 1258 1263 1264
f 1258 1264 1265
f 1265 1264 1266
f 1266 1264 1267
f 1266 1267 1268
f 1268 1267 1269
f 1269 1267 1270
f 1269 1270 1271
f 1271 1272 1269
f 1269 1272 1273
f 1269 1273 1274
f 1273 1277 1274
f 1273 1276 1277
f 1275 1276 1273
f 1276 1275 1667
f 1667 1275 1649
f 1667 1649 1668
f 1668 1649 1669
f 1714 1715 1711
f 2103 1731 1733
f 2103 2075 1731
f 2102 2075 2103
f 2102 2064 2075
f 2101 2064 2102
f 2101 2065 2064
f 2063 2064 2065
f 2063 2073 2064
f 2073 2063 1802
f 1802 2074 2073
f 1802 2076 2074
f 2063 2066 1802
f 1802 2066 2068
f 2066 2067 2068
f 2066 2065 2067
f 2100 2067 2065
f 2099 2067 2100
f 2099 2069 2067
f 2098 2069 2099
f 2098 2071 2069
f 2097 2071 2098
f 2096 2071 2097
f 2068 2067 2069
f 2068 2069 2070
f 1803 2068 2070
f 1802 2068 1803
f 1802 1803 1804
f 1803 1906 1804
f 1804 1920 1802
f 1804 1919 1920
f 1908 1919 1804
f 1804 1894 1908
f 2064 2073 2074
f 2063 2065 2066
f 2100 2065 2101
f 2064 2074 2075
f 2074 2076 2075
f 2078 2077 1799
f 1921 2076 1802
f 1799 1800 1801
f 1802 1920 1921
f 1929 1801 1930
f 1938 1929 1930
f 1938 1930 1939
f 1939 1930 1931
f 1939 1931 1940
f 1951 1939 1940
f 1940 1931 1932
f 1940 1932 1941
f 1953 1940 1941
f 1953 1941 1955
f 1955 1941 1942
f 1955 1942 1957
f 1956 1955 1957
f 1750 1956 1957
f 1750 1957 1749
f 1749 1957 1943
f 1749 1943 1747
f 1747 1943 1935
f 1943 1934 1935
f 1942 1934 1943
f 1747 1935 1748
f 1748 1935 1927
f 1935 1926 1927
f 1926 1915 1927
f 1927 1915 1914
f 1737 1927 1914
f 1912 1914 1915
f 1913 1914 1912
f 1912 1904 1913
f 1818 1913 1904
f 1746 1913 1818
f 1818 1904 1875
f 1912 1902 1904
f 1902 1903 1904
f 1911 1902 1912
f 1911 1900 1902
f 1900 1901 1902
f 1900 1899 1901
f 1898 1899 1900
f 1910 1898 1900
f 1910 1900 1911
f 1746 1914 1913
f 1912 1915 1911
f 1911 1915 1916
f 1748 1927 1737
f 1684 1748 1737
f 1749 1707 1750
f 1817 1956 1750
f 1817 1954 1956
f 1954 1955 1956
f 1957 1942 1943
f 1941 1933 1942
f 1922 1920 1919
f 1931 1923 1932
f 1941 1932 1933
f 1942 1933 1934
f 1934 1926 1935
f 1926 1916 1915
f 1924 1917 1925
f 1911 1916 1910
f 1924 1918 1917
f 1908 1918 1919
f 1909 1898 1910
f 1898 1897 1899
f 1897 1891 1899
f 1899 1891 1892
f 1891 1887 1892
f 1897 1890 1891
f 1895 1890 1897
f 1908 1894 1896
f 1804 1906 1894
f 1803 2070 1906
f 2070 2069 2071
f 2096 2072 2071
f 2061 2072 2096
f 1905 2060 2058
f 2095 2061 2096
f 2058 2062 2056
f 2093 2057 2094
f 2054 2059 1770
f 1772 1771 1773
f 1884 2055 1772
f 2054 1770 1769
f 1889 2058 2054
f 1895 1889 1890
f 1890 1886 1891
f 1885 2055 1884
f 1883 1805 1884
f 1891 1886 1887
f 1805 1806 1807
f 1878 1807 1879
f 1859 1877 1878
f 1892 1887 1888
f 1899 1892 1901
f 1902 1901 1903
f 1876 1893 1877
f 1875 1904 1903
f 1845 1876 1852
f 1826 1818 1875
f 1745 1818 1826
f 1844 1825 1845
f 1824 1743 1825
f 1743 1680 1690
f 907 1689 1690
f 1688 1689 907
f 1826 1744 1745
f 1818 1745 1746
f 1737 1914 1746
f 907 1687 1688
f 1737 1686 1683
f 1737 1683 1684
f 1684 1747 1748
f 1747 1707 1749
f 907 1708 1685
f 1750 1707 1703
f 1750 1703 1751
f 1750 1751 1817
f 1736 1966 1752
f 1816 1967 1966
f 1965 1954 1817
f 1954 1953 1955
f 1951 1940 1953
f 1964 1950 1952
f 1963 1950 1964
f 1949 1939 1951
f 1963 1948 1950
f 1949 1938 1939
f 1937 1929 1938
f 1945 1936 1937
f 1946 1947 1948
f 1962 1946 1948
f 1944 1959 1945
f 1798 1972 1796
f 1798 1971 1972
f 1797 2343 1959
f 2343 2349 2348
f 2374 2349 2376
f 2341 2377 2376
f 1979 2341 1793
f 1794 2342 1973
f 1796 1972 1973
f 1980 1795 1981
f 1982 1975 1983
f 1974 1972 1971
f 1961 1971 1798
f 1961 1946 1962
f 1976 1970 1969
f 1962 1948 1963
f 1964 1968 1963
f 1978 1968 1967
f 1985 1978 1815
f 1976 1969 1977
f 1983 1975 1976
f 1990 1983 1991
f 1991 1996 1990
f 1992 1984 1985
f 1992 1985 1993
f 1757 1993 1758
f 1757 1709 1759
f 907 1709 1710
f 1700 1704 907
f 1761 1704 1762
f 1760 1706 1705
f 2048 2026 1761
f 2048 2027 2026
f 2011 2026 2027
f 2011 2027 2009
f 2009 2027 2028
f 2049 2028 2027
f 2050 2028 2049
f 2050 2029 2028
f 2007 2028 2029
f 2007 2029 2005
f 2005 2006 2007
f 2007 2006 2008
f 2007 2008 2009
f 2005 2004 2006
f 2003 2004 2005
f 2005 2030 2003
f 2003 2030 2031
f 2003 2002 2004
f 1999 2006 2004
f 1999 2004 2000
f 2005 2029 2030
f 2051 2030 2029
f 2052 2030 2051
f 2051 2029 2050
f 2050 2044 2051
f 2009 2028 2007
f 2009 2010 2011
f 1760 2013 2014
f 1994 2014 1995
f 1991 1995 1996
f 2011 2010 2012
f 1990 1996 1997
f 2009 2008 2010
f 1998 2008 2006
f 1990 1997 1989
f 1988 1981 1989
f 1998 2006 1999
f 1987 1999 2000
f 1988 1980 1981
f 1979 1793 1980
f 1987 2000 1986
f 1979 2340 2341
f 2339 2378 2340
f 2000 2017 1986
f 2015 2339 2016
f 2000 2004 2002
f 2001 2002 2003
f 2018 2338 2015
f 2003 2031 2001
f 2052 2031 2030
f 2051 2045 2052
f 2046 2040 2041
f 2040 1814 2041
f 2041 1814 1506
f 1814 1538 1506
f 1537 1506 1538
f 1537 1505 1506
f 1536 1505 1537
f 1537 1542 1536
f 1536 1542 1544
f 1537 1539 1542
f 1539 1541 1542
f 1542 1541 1543
f 1539 1540 1541
f 1538 1540 1539
f 1601 1540 1538
f 2036 1601 1538
f 2035 1601 2036
f 2035 1768 1601
f 2034 1768 2035
f 2034 2035 2036
f 2022 2034 2036
f 2022 2036 2020
f 2020 2021 2022
f 2022 2021 2023
f 2022 2023 2024
f 2024 2023 2025
f 2038 2025 2023
f 2039 2023 2021
f 2020 1814 2021
f 2036 1538 2020
f 1540 1603 1541
f 1538 1539 1537
f 2020 1538 1814
f 2041 1506 1473
f 2040 2021 1814
f 2039 2021 2040
f 2051 2044 2045
f 2038 2023 2039
f 2050 2043 2044
f 2049 2043 2050
f 2049 2027 2048
f 1761 1762 2048
f 1762 1704 1700
f 907 1699 1700
f 907 1698 1699
f 1694 1698 907
f 2042 1763 2037
f 2037 2025 2038
f 1764 1699 1698
f 2024 2025 1765
f 2024 2034 2022
f 1766 1698 1694
f 2034 1767 1768
f 907 1693 1694
f 1768 1340 1339
f 1327 1338 1325
f 1393 1338 1327
f 1768 1339 1601
f 1601 1602 1540
f 1392 1338 1393
f 1540 1602 1603
f 1393 1327 1394
f 1394 1327 1329
f 1541 1603 1604
f 1541 1604 1543
f 1542 1543 1544
f 1536 1544 1535
f 1535 1504 1536
f 1546 1545 1547
f 1548 1549 1550
f 1550 1549 1551
f 1397 1335 1398
f 1547 1606 1607
f 1605 1396 1606
f 1605 1395 1396
f 1394 1329 1395
f 1327 1328 1329
f 873 1328 907
f 1331 1330 1332
f 1331 1332 1333
f 1397 1333 1335
f 1398 1335 1280
f 873 1336 1334
f 1280 1337 1278
f 1279 1319 1320
f 1323 1322 1316
f 1323 1316 1324
f 1308 1306 873
f 1305 1306 1307
f 1303 1318 1304
f 1305 1385 1386
f 1614 1387 1386
f 1324 1316 1303
f 1611 1389 1612
f 1557 1611 1612
f 1557 1612 1559
f 1555 1611 1557
f 1324 1388 1323
f 1321 1322 1323
f 1611 1390 1389
f 1610 1390 1611
f 1279 1320 1321
f 1610 1391 1390
f 1278 1279 1280
f 1398 1280 1399
f 1608 1398 1399
f 1549 1608 1551
f 1609 1391 1610
f 1555 1610 1611
f 1556 1555 1557
f 1556 1557 1558
f 1529 1556 1558
f 1530 1556 1529
f 1529 1498 1530
f 1529 1497 1498
f 1530 1498 1499
f 1498 1417 1499
f 1498 1415 1417
f 1530 1499 1531
f 1531 1499 1500
f 1552 1553 1554
f 1531 1500 1532
f 1550 1551 1552
f 1533 1548 1550
f 1534 1548 1533
f 1534 1503 1535
f 1535 1503 1504
f 1536 1504 1505
f 1505 1473 1506
f 1474 1401 1400
f 2047 2041 1473
f 2053 2047 1812
f 1474 1400 1475
f 1400 2334 1475
f 1812 2033 2032
f 2019 2032 2033
f 2019 2337 2018
f 2337 2368 2380
f 1811 2335 2336
f 2363 2368 2367
f 1475 2334 2335
f 2362 2367 2366
f 2333 2365 2366
f 1402 2334 1400
f 1402 1403 1404
f 1410 2332 2333
f 1404 1403 1405
f 1409 2332 1410
f 1502 1408 1405
f 1407 2331 1409
f 1406 1421 1407
f 1501 1408 1502
f 1532 1500 1501
f 1499 1419 1500
f 1406 1420 1421
f 1418 2329 1420
f 1499 1417 1419
f 1418 2328 2329
f 1414 2327 2328
f 1415 1416 1417
f 1413 1412 1414
f 1497 1415 1498
f 1496 1411 1413
f 1528 1497 1529
f 1527 1495 1496
f 1526 1495 1527
f 1529 1558 1528
f 1558 1557 1559
f 1559 1612 1613
f 1613 1387 1614
f 1563 1614 1615
f 1560 1561 1562
f 1564 1563 1565
f 1564 1565 1566
f 1527 1562 1526
f 1526 1494 1495
f 1525 1564 1566
f 1566 1565 1567
f 1567 1616 1617
f 1617 1383 1618
f 1571 1618 1619
f 1568 1569 1570
f 1572 1571 1573
f 1572 1573 1574
f 1523 1570 1522
f 1521 1572 1574
f 1522 1491 1523
f 1491 1436 1427
f 1491 1427 1492
f 1524 1492 1493
f 1493 1422 1494
f 1429 1428 1430
f 1430 1428 1656
f 1422 1431 1423
f 1654 1664 1423
f 1263 1654 1264
f 1655 1430 1656
f 1656 1428 1438
f 1271 1657 1658
f 1271 1658 1272
f 1659 1438 1660
f 1437 1653 1438
f 1273 1652 1275
f 1435 1653 1437
f 1275 1648 1649
f 1649 1635 1669
f 1433 1651 1650
f 1669 1635 1634
f 1669 1634 1670
f 1670 1634 1647
f 1670 1647 1671
f 1647 1675 1671
f 1647 1674 1675
f 1645 1674 1647
f 1645 1673 1674
f 1672 1673 1645
f 1642 1672 1645
f 1644 1642 1645
f 1643 1642 1644
f 1440 1643 1644
f 1440 1644 1442
f 1441 1440 1442
f 1441 1442 1432
f 1439 1440 1441
f 1439 1448 1440
f 1439 1447 1448
f 1447 1639 1448
f 1447 1638 1639
f 1445 1638 1447
f 1445 1637 1638
f 1455 1637 1445
f 1444 1455 1445
f 1444 1454 1455
f 1343 1455 1454
f 1343 1454 1366
f 1454 1452 1366
f 1366 1361 1343
f 1366 1365 1361
f 1364 1365 1366
f 1366 1450 1364
f 1364 1359 1365
f 1365 2108 1361
f 1361 2108 2107
f 1361 2107 1362
f 1362 2107 2106
f 1362 2106 2118
f 2118 1676 1362
f 1362 1676 1636
f 1636 1676 1677
f 1636 1677 1640
f 1639 1636 1640
f 1640 1641 1639
f 1640 1678 1641
f 1641 1678 1672
f 1639 1641 1642
f 1640 1677 1678
f 1363 1362 1636
f 1638 1363 1636
f 1361 1362 1363
f 1343 1361 1363
f 1343 1363 1341
f 1341 1342 1343
f 1342 1341 1637
f 1637 1341 1363
f 1342 1455 1343
f 1342 1637 1455
f 1637 1363 1638
f 1446 1445 1447
f 1638 1636 1639
f 1448 1639 1643
f 1446 1447 1439
f 1487 1439 1441
f 1487 1441 1488
f 1486 1439 1487
f 1442 1644 1646
f 1448 1643 1440
f 1639 1642 1643
f 1641 1672 1642
f 1644 1645 1646
f 1442 1646 1443
f 1433 1633 1651
f 1432 1442 1443
f 1434 1433 1435
f 1489 1434 1490
f 1488 1441 1432
f 1520 1489 1521
f 1519 1487 1488
f 1518 1487 1519
f 1521 1574 1520
f 1574 1573 1575
f 1575 1620 1621
f 1621 1379 1622
f 1579 1622 1623
f 1576 1577 1578
f 1580 1579 1581
f 1519 1578 1518
f 1517 1580 1582
f 1518 1486 1487
f 1516 1485 1517
f 1486 1446 1439
f 1444 1445 1446
f 1516 1484 1485
f 1453 1454 1444
f 1515 1483 1484
f 1482 1451 1483
f 1453 1452 1454
f 1366 1452 1450
f 1482 1449 1451
f 1364 1450 1460
f 1364 1460 1360
f 1481 1449 1482
f 1512 1480 1481
f 1456 1457 1458
f 1511 1479 1480
f 1478 1463 1479
f 1478 1461 1463
f 1463 1462 1464
f 1456 1465 1457
f 1458 1457 1459
f 1360 1460 1459
f 1360 1359 1364
f 1356 1357 1358
f 1365 1359 2108
f 1356 1354 1357
f 1353 1352 1354
f 2110 1348 1350
f 1350 609 2110
f 1348 1347 1349
f 1351 1346 1352
f 1472 1345 1344
f 1351 1464 1462
f 1461 1462 1463
f 1471 1345 1472
f 1477 1461 1478
f 1508 1476 1477
f 1367 1468 1476
f 1470 1469 1471
f 1466 1467 1468
f 1469 1349 1347
f 651 596 1467
f 650 596 651
f 650 594 596
f 1348 1349 1350
f 594 595 596
f 597 609 1350
f 594 593 595
f 592 593 594
f 592 591 593
f 592 594 650
f 649 650 651
f 649 678 647
f 590 648 646
f 647 679 645
f 571 646 644
f 643 642 644
f 645 679 680
f 680 696 681
f 641 642 643
f 681 697 682
f 658 682 683
f 641 659 660
f 657 578 659
f 658 683 656
f 655 580 657
f 654 653 655
f 656 683 684
f 684 700 685
f 652 653 654
f 685 701 686
f 661 662 652
f 661 687 664
f 686 701 702
f 687 703 688
f 702 717 718
f 703 719 704
f 704 719 720
f 718 732 733
f 733 747 748
f 748 620 749
f 735 749 750
f 719 734 720
f 721 735 736
f 704 720 705
f 706 721 722
f 689 705 690
f 691 706 707
f 669 691 618
f 671 689 690
f 671 670 672
f 618 668 669
f 670 760 761
f 759 71 760
f 758 844 759
f 618 667 668
f 617 667 618
f 762 763 617
f 764 843 758
f 763 762 841
f 65 843 67
f 66 67 68
f 841 97 96
f 1 3 4

