# https://github.com/mikedh/trimesh
v -0.02358690 -0.03436290 0.01894470
v 0.02823961 -0.03436290 -0.01118624
v 0.02883991 0.00002000 -0.06216475
v 0.02880501 -0.00858989 -0.06387959
v 0.02870573 -0.01588800 -0.06875806
v 0.02855718 -0.02076329 -0.07605749
v 0.02838198 -0.02247352 -0.08466657
v 0.02820680 -0.02075834 -0.09327467
v 0.02805830 -0.01587885 -0.10057127
v 0.02795910 -0.00857793 -0.10544556
v 0.02792430 0.00003294 -0.10715543
v 0.02795920 0.00864282 -0.10544060
v 0.02805849 0.01594095 -0.10056213
v 0.02820704 0.02081623 -0.09326272
v 0.02838224 0.02252647 -0.08465362
v 0.02855743 0.02081128 -0.07604553
v 0.02870592 0.01593179 -0.06874891
v 0.02880511 0.00863086 -0.06387463
v 0.02751737 0.00004047 -0.12715130
v 0.02748247 -0.00856942 -0.12886612
v 0.02738319 -0.01586755 -0.13374460
v 0.02723463 -0.02074282 -0.14104402
v 0.02705944 -0.02245307 -0.14965311
v 0.02688425 -0.02073787 -0.15826119
v 0.02673576 -0.01585840 -0.16555782
v 0.02663656 -0.00855746 -0.17043209
v 0.02660176 0.00005341 -0.17214198
v 0.02663666 0.00866329 -0.17042714
v 0.02673594 0.01596141 -0.16554867
v 0.02688449 0.02083670 -0.15824924
v 0.02705970 0.02254694 -0.14964016
v 0.02723487 0.02083175 -0.14103206
v 0.02738337 0.01595226 -0.13373545
v 0.02748257 0.00865133 -0.12886117
v -0.00694788 -0.01811963 -0.29604143
v -0.00752313 -0.01804514 -0.29728642
v -0.00752327 -0.00796338 -0.29728678
v -0.00787014 -0.01798805 -0.29857153
v -0.00787553 -0.00796338 -0.30141285
v -0.00790168 -0.01792934 -0.30125752
v -0.00611755 -0.00796338 -0.30516231
v -0.00523626 -0.01830113 -0.29395887
v -0.00515514 -0.00796338 -0.29388961
v -0.00293040 -0.01850987 -0.29256317
v -0.00140571 -0.00796338 -0.29213163
v -0.00140571 -0.01863708 -0.29213160
v -0.00029400 -0.01872673 -0.29201257
v 0.00272038 -0.00796338 -0.29248390
v 0.00237244 -0.01893648 -0.29236701
v 0.00662102 -0.01927988 -0.29551691
v 0.00611737 -0.01923672 -0.29485181
v 0.00611755 -0.00796338 -0.29485202
v 0.00476684 -0.01912565 -0.29358241
v 0.00272029 -0.01896370 -0.29248384
v 0.00773114 -0.01938278 -0.29795057
v 0.00787553 -0.00796338 -0.29860145
v 0.00787551 -0.01939832 -0.29860136
v 0.00797697 -0.01941697 -0.30061373
v 0.00752326 -0.00796338 -0.30272752
v 0.00752323 -0.01938440 -0.30272764
v 0.00515515 -0.00796338 -0.30612469
v 0.00584879 -0.01922937 -0.30546531
v 0.00732858 -0.01936785 -0.30321527
v 0.00140571 -0.00796338 -0.30788267
v 0.00369767 -0.01901069 -0.30710134
v 0.00515465 -0.01916026 -0.30612510
v -0.00272038 -0.00796338 -0.30753040
v -0.00271983 -0.01833993 -0.30753061
v -0.00156290 -0.01845759 -0.30785298
v 0.00112565 -0.01873957 -0.30792755
v 0.00140558 -0.01876921 -0.30788270
v -0.00704698 -0.01796042 -0.30379400
v -0.00611755 -0.01802721 -0.30516228
v -0.00406644 -0.01820831 -0.30689657
v -0.00249314 0.01843595 -0.30760875
v -0.00272039 0.00803662 -0.30753040
v 0.00017750 0.01871257 -0.30800518
v 0.00140572 0.00803663 -0.30788267
v 0.00515515 0.00803663 -0.30612472
v 0.00281591 0.01899155 -0.30749518
v 0.00140548 0.01884244 -0.30788273
v 0.00752326 0.00803662 -0.30272755
v 0.00686262 0.01939936 -0.30411866
v 0.00512708 0.01923073 -0.30614823
v 0.00787550 0.01947157 -0.29860133
v 0.00792952 0.01947795 -0.29894751
v 0.00787553 0.00803663 -0.29860142
v 0.00783423 0.01948192 -0.30162731
v 0.00752315 0.01945765 -0.30272785
v 0.00713076 0.01939846 -0.29638055
v 0.00611755 0.00803663 -0.29485199
v 0.00611738 0.01930996 -0.29485178
v 0.00272039 0.00803662 -0.29248390
v 0.00328823 0.01908149 -0.29271418
v 0.00552346 0.01926045 -0.29421997
v -0.00200510 0.01866102 -0.29226249
v -0.00140574 0.01871033 -0.29213163
v -0.00140572 0.00803663 -0.29213163
v 0.00067938 0.01887708 -0.29203606
v 0.00272025 0.01903694 -0.29248384
v -0.00445871 0.01844779 -0.29336488
v -0.00515515 0.00803662 -0.29388961
v -0.00515497 0.01838225 -0.29388946
v -0.00787553 0.00803663 -0.30141288
v -0.00787553 0.01800182 -0.30141285
v -0.00799667 0.01801504 -0.30023780
v -0.00752326 0.00803662 -0.29728678
v -0.00762685 0.01810306 -0.29759234
v -0.00752320 0.01811837 -0.29728660
v -0.00640412 0.01825480 -0.29521266
v -0.00272018 0.01841314 -0.30753049
v -0.00488262 0.01820586 -0.30634433
v -0.00611755 0.00803662 -0.30516231
v -0.00611756 0.01810045 -0.30516231
v -0.00747404 0.01801054 -0.30286002
v 0.03251129 0.02794096 -0.14259662
v 0.03203733 0.02793970 -0.14176093
v 0.02720524 0.02794095 -0.14248863
v 0.03120372 0.02792960 -0.13859788
v 0.03134864 0.02791702 -0.13419965
v 0.04134385 0.02768023 -0.05156372
v 0.02906074 0.02768022 -0.05131375
v 0.03979813 0.02770337 -0.05963363
v 0.03719990 0.02774892 -0.07551221
v 0.03162102 0.02790444 -0.12980317
v 0.03310178 0.02784949 -0.11061241
v 0.03509239 0.02779466 -0.09147036
v 0.02801308 0.02723888 -0.14250708
v 0.02737902 0.02628301 -0.14249690
v 0.02720509 0.02536867 -0.14249597
v 0.02900990 0.02783468 -0.14252566
v 0.02970472 0.02794076 -0.14253950
v 0.03131745 -0.02789117 -0.13421437
v 0.03117247 -0.02787859 -0.13861336
v 0.02720199 -0.02786683 -0.14264816
v 0.03716818 -0.02805925 -0.07553098
v 0.02905749 -0.02812756 -0.05147327
v 0.03976689 -0.02810480 -0.05964911
v 0.04128379 -0.02812755 -0.05172209
v 0.02967944 -0.02786683 -0.14269857
v 0.03199800 -0.02786964 -0.14176011
v 0.03257569 -0.02786683 -0.14275752
v 0.03506115 -0.02801353 -0.09148584
v 0.03307072 -0.02795870 -0.11062589
v 0.03158978 -0.02790375 -0.12981865
v 0.02899847 -0.02775843 -0.14268441
v 0.02800571 -0.02716087 -0.14266250
v 0.02737555 -0.02620837 -0.14264694
v 0.02720214 -0.02529480 -0.14264080
v 0.02497065 -0.00655226 -0.04543737
v 0.02497360 0.00696317 -0.04543091
v 0.01927210 0.00554645 -0.04710735
v 0.02837782 -0.01570556 -0.04230240
v 0.02758314 -0.01514938 -0.04336737
v 0.02558952 -0.01570343 -0.04431062
v 0.02493098 -0.01331449 -0.04525186
v 0.02107299 -0.01570033 -0.04636927
v 0.01949873 -0.01569930 -0.04692696
v 0.02496136 -0.00993131 -0.04544161
v 0.01927135 -0.00870137 -0.04711849
v 0.01372663 -0.01569560 -0.04861863
v 0.01353932 -0.01086279 -0.04866584
v 0.00772283 -0.01569190 -0.04987188
v 0.01353764 0.00411758 -0.04865478
v 0.00772283 0.00270034 -0.04987189
v 0.02998765 -0.01570695 -0.04027610
v 0.03032800 -0.01422894 -0.04201852
v 0.03043485 -0.01342335 -0.04256433
v 0.03054567 -0.01217955 -0.04312928
v 0.03065616 -0.00926080 -0.04368780
v 0.03066888 -0.00752407 -0.04374466
v 0.03068066 0.00326493 -0.04374129
v 0.03068112 0.03390612 -0.04374116
v 0.01927645 0.03404206 -0.04709756
v 0.01353752 0.03407830 -0.04864576
v 0.00772283 0.03412375 -0.04987189
v 0.00338689 -0.01568934 -0.05034346
v 0.00338689 -0.01286290 -0.05034346
v -0.00092772 -0.01286290 -0.05044010
v -0.00092902 -0.01568740 -0.05042669
v -0.00489312 -0.01286290 -0.05035940
v -0.01176201 -0.01568094 -0.05001877
v -0.01317725 -0.01286291 -0.05019081
v -0.01320506 -0.01568018 -0.04989266
v -0.01738889 -0.01510712 -0.05026756
v -0.01756241 -0.01567777 -0.04983170
v -0.01552498 -0.01567889 -0.04980904
v -0.01524975 -0.01490955 -0.05006181
v -0.01725707 -0.01446001 -0.05059866
v -0.01717164 -0.01375831 -0.05081324
v -0.01518990 -0.01294452 -0.05034913
v -0.01713531 -0.01302615 -0.05090449
v -0.00092772 0.03422530 -0.05044010
v 0.04361356 0.03449617 -0.04108704
v 0.04138107 0.03473762 -0.05139719
v 0.03097472 0.03490786 -0.04469039
v 0.02869698 0.03500004 -0.05116699
v 0.01752945 0.03511321 -0.05094862
v 0.00783325 0.03512351 -0.05082981
v 0.01369186 0.03507817 -0.04959566
v 0.01947461 0.03506092 -0.04803815
v -0.00854789 0.03555635 -0.06081815
v -0.00835981 0.03531940 -0.05125662
v -0.00093557 0.03522449 -0.05140121
v 0.01543839 0.03532615 -0.06128632
v 0.03942170 0.03490881 -0.06175670
v 0.01733617 0.03529935 -0.06132346
v 0.04348616 -0.02195359 -0.16083743
v 0.04340946 -0.02134977 -0.16510925
v 0.04304647 -0.02243569 -0.16523150
v 0.04336013 -0.02368481 -0.15962330
v 0.04373096 -0.02236317 -0.15910475
v 0.04212130 -0.02363275 -0.16534585
v 0.04247696 -0.02486308 -0.16006410
v 0.04083089 -0.02439810 -0.16539182
v 0.04118514 -0.02564991 -0.16033117
v 0.03946466 -0.02464006 -0.16536908
v 0.03967687 -0.02593353 -0.16038689
v 0.04333168 -0.02092069 -0.16801266
v 0.04310906 -0.02186673 -0.16800401
v 0.04218559 -0.02331140 -0.16796808
v 0.04074244 -0.02423626 -0.16791196
v 0.03935863 -0.02448364 -0.16785815
v 0.04321725 -0.02051925 -0.17156768
v 0.04310190 -0.02139687 -0.17182641
v 0.04076548 -0.02414884 -0.17290626
v 0.03914459 -0.02448364 -0.17336231
v 0.04279613 -0.02222924 -0.17208119
v 0.04195075 -0.02336903 -0.17249373
v 0.04381195 -0.02299454 -0.15720296
v 0.04380905 -0.02382996 -0.15561503
v 0.04274534 -0.02651616 -0.15380199
v 0.04303775 -0.02619249 -0.15376741
v 0.04337591 -0.02570428 -0.15371123
v 0.04362686 -0.02519845 -0.15364917
v 0.04216275 -0.02699479 -0.15384731
v 0.04108943 -0.02750680 -0.15387827
v 0.03991348 -0.02768538 -0.15385790
v 0.04111530 -0.02761062 -0.15307218
v 0.04218575 -0.02710066 -0.15304139
v 0.04339607 -0.02581453 -0.15290582
v 0.04346947 -0.02566667 -0.15300196
v 0.04314046 -0.02629417 -0.15214241
v 0.04305864 -0.02630116 -0.15296181
v 0.04306111 -0.02639508 -0.15215410
v 0.04219554 -0.02718707 -0.15223292
v 0.04113431 -0.02769194 -0.15226333
v 0.04172904 -0.02745656 -0.15225305
v 0.03997199 -0.02786722 -0.15224302
v 0.03994268 -0.02778807 -0.15305176
v 0.04764211 -0.02415712 -0.15945256
v 0.04763822 -0.02500136 -0.15753920
v 0.04759445 -0.02529027 -0.15706159
v 0.04703813 -0.02708126 -0.15489127
v 0.04538673 -0.02814890 -0.15308127
v 0.04751695 -0.02373823 -0.16097611
v 0.04723112 -0.02331796 -0.16320163
v 0.04592819 -0.02144928 -0.17212395
v 0.04578885 -0.02138929 -0.17216402
v 0.04563856 -0.02133707 -0.17214127
v 0.04471569 -0.02102481 -0.17192486
v 0.04379413 -0.02070949 -0.17170715
v 0.04538519 -0.02955439 -0.15308274
v 0.04554689 -0.02940475 -0.15324870
v 0.04700683 -0.02750105 -0.15485713
v 0.02951158 -0.02786722 -0.15203014
v 0.02942771 -0.02721255 -0.15615155
v 0.02934579 -0.02593352 -0.16017665
v 0.04369878 0.02241978 -0.15910871
v 0.04378509 0.02327903 -0.15669753
v 0.04370539 0.02419787 -0.15613770
v 0.04379895 0.02382057 -0.15573467
v 0.03997199 0.02794047 -0.15224302
v 0.03982458 0.02729751 -0.15631095
v 0.04004782 0.02793940 -0.15224467
v 0.04124677 0.02700445 -0.15642731
v 0.04192082 0.02741374 -0.15237592
v 0.04370840 0.02485528 -0.15421319
v 0.04334522 0.02600393 -0.15264203
v 0.04309502 0.02554624 -0.15633309
v 0.04246976 0.02624817 -0.15640824
v 0.04368059 0.02232406 -0.15952766
v 0.04357465 0.02299108 -0.15974554
v 0.04333726 0.02365130 -0.15995349
v 0.04295694 0.02429062 -0.16014361
v 0.04232784 0.02496947 -0.16032445
v 0.04110071 0.02570728 -0.16045789
v 0.03967687 0.02600677 -0.16038689
v 0.04559598 0.02943364 -0.15324916
v 0.04544998 0.02828297 -0.15309975
v 0.04693501 0.02770568 -0.15472673
v 0.04699065 0.02725304 -0.15478823
v 0.04696645 0.02748372 -0.15476157
v 0.04695199 0.02759508 -0.15474558
v -0.00695473 0.02821723 -0.16951093
v -0.00335240 0.02821723 -0.16958424
v -0.00310486 0.03136853 -0.15742075
v -0.01121491 0.02883921 -0.16730644
v -0.01108519 0.02799347 -0.17017207
v -0.00699168 0.02767246 -0.17131224
v -0.01096386 0.02711786 -0.17303047
v -0.00702859 0.02711786 -0.17311056
v -0.01127993 0.02915047 -0.16621356
v -0.01225156 0.03137208 -0.15721737
v -0.00285610 0.03297549 -0.14519747
v -0.01299359 0.03215622 -0.15289746
v -0.01277066 0.03198063 -0.15397744
v -0.01666740 0.03303852 -0.14087908
v -0.01665454 0.03303911 -0.14091597
v -0.01668552 0.03303759 -0.14082402
v -0.00277175 0.03303663 -0.14105251
v -0.01670375 0.03303662 -0.14076899
v -0.01643176 0.03304597 -0.14156163
v -0.01629208 0.03304689 -0.14197150
v -0.01413894 0.03270616 -0.14861047
v 0.00986831 -0.03248840 0.02841450
v 0.00018664 -0.03248841 0.03004932
v 0.00062181 -0.03248840 -0.02994601
v -0.02561603 -0.03248840 -0.01540036
v -0.01878103 -0.03248841 -0.02326395
v -0.00966872 -0.03248841 -0.02831560
v 0.01084938 -0.03248841 -0.02795852
v 0.01978039 -0.03248841 -0.02259286
v 0.02633763 -0.03248840 -0.01449620
v 0.00001295 -0.03248841 -0.02995043
v -0.00042222 -0.03248841 0.03004490
v -0.01064979 -0.03248841 0.02805742
v -0.01958080 -0.03248840 0.02269175
v 0.02973020 -0.03248841 -0.00464513
v 0.02954891 -0.03248840 0.00577219
v -0.02934932 -0.03248840 -0.00567330
v -0.02953061 -0.03248840 0.00474402
v -0.02613804 -0.03248840 0.01459510
v 0.01898062 -0.03248840 0.02336285
v 0.02581562 -0.03248840 0.01549925
v -0.01017361 -0.01570615 0.03767215
v -0.01017426 -0.01686290 0.03767183
v -0.00815090 -0.01686291 0.03816671
v 0.00021334 -0.01571235 0.03904960
v -0.00025604 -0.01686290 0.03904782
v 0.00021270 -0.01686291 0.03904928
v -0.01570344 -0.01686291 0.03570415
v -0.01981898 -0.01569962 0.03357910
v -0.01981963 -0.01686291 0.03357878
v -0.03420392 -0.01568742 0.01860266
v -0.03332157 -0.01686291 0.02014951
v -0.02802656 -0.01569323 0.02706590
v -0.02855538 -0.01686291 0.02650471
v -0.02260031 -0.01686291 0.03176230
v -0.03855385 -0.01686291 0.00523557
v -0.03790585 -0.01686291 0.00879995
v -0.03790519 -0.01568262 0.00880027
v -0.03670113 -0.01686290 0.01296037
v -0.03420458 -0.01686290 0.01860234
v -0.03880285 -0.01686291 -0.00270440
v -0.03886319 -0.01567920 -0.00163373
v -0.03743783 -0.01686291 -0.01053011
v -0.03700878 -0.01567737 -0.01194622
v -0.03700945 -0.01686291 -0.01194655
v 0.03314883 -0.01686291 0.02075600
v 0.03424935 -0.01686290 0.01888579
v 0.03424999 -0.01572581 0.01888610
v 0.02826747 -0.01686291 0.02702318
v 0.02809843 -0.01572468 0.02719957
v 0.02221746 -0.01686291 0.03217123
v 0.01997808 -0.01572191 0.03360389
v 0.01997744 -0.01686291 0.03360357
v 0.01524980 -0.01686290 0.03598658
v 0.01045995 -0.01571770 0.03764871
v 0.01045930 -0.01686291 0.03764839
v 0.00765358 -0.01686290 0.03831092
v 0.04131302 -0.01571866 -0.02116684
v 0.04126612 -0.01572036 -0.01494549
v 0.04126548 -0.01686356 -0.01494580
v 0.04121254 -0.01594228 -0.02750193
v 0.04121267 -0.01571684 -0.02750187
v 0.04122448 -0.01604795 -0.02698823
v 0.04131600 -0.01678187 -0.02039692
v 0.04118849 -0.01571656 -0.02847316
v 0.04120069 -0.01571670 -0.02799227
v 0.04120208 -0.01584618 -0.02793392
v 0.02087835 0.02083894 -0.21453173
v 0.01924393 0.02004831 -0.22716329
v -0.00428821 0.01990824 -0.22524202
v 0.01787168 0.01985756 -0.23778439
v 0.00411738 0.01966228 -0.23770241
v -0.00454771 0.01954173 -0.23765023
v -0.00402882 0.02072713 -0.21306896
v -0.00380775 0.02212421 -0.20261458
v 0.02238552 0.02229253 -0.20287287
v -0.00373173 0.02283300 -0.19882116
v 0.01268649 0.02378306 -0.19502763
v 0.02840593 0.02853217 -0.17580280
v 0.02743307 0.02651472 -0.18331693
v 0.02579957 0.02573930 -0.18643554
v 0.01338686 0.02942307 -0.17379823
v 0.02511331 0.02528265 -0.18828596
v 0.02455280 0.02482666 -0.19017875
v 0.02387328 0.02415360 -0.19311668
v 0.02374577 0.02401077 -0.19376734
v 0.02362478 0.02387005 -0.19441970
v 0.02936691 0.03038467 -0.16836981
v 0.01373988 0.03190570 -0.16311689
v 0.03047051 0.03207354 -0.15951505
v 0.01651514 0.03341200 -0.15279663
v 0.03098941 0.03287370 -0.15314706
v -0.00287658 0.03355995 -0.15219405
v -0.00311329 0.03179153 -0.16377681
v -0.00362549 0.02414541 -0.19298023
v -0.00344724 0.02733681 -0.18135150
v -0.00319478 0.03079062 -0.16840240
v -0.00633997 0.02058085 -0.21437895
v -0.00964874 0.01946989 -0.23761949
v -0.00961155 0.01954611 -0.23460709
v -0.00959741 0.01958924 -0.23305120
v -0.00958409 0.01965711 -0.23091997
v -0.00957256 0.01971539 -0.22921413
v -0.00955571 0.01979766 -0.22703902
v -0.00952710 0.01995316 -0.22355188
v -0.00947114 0.02039965 -0.21626544
v -0.00627749 0.02277350 -0.19880703
v -0.00637096 0.03070977 -0.16838045
v -0.00919504 0.02719752 -0.18016647
v -0.00918985 0.02737098 -0.17956190
v -0.00630948 0.02676048 -0.18289231
v -0.00918679 0.02747693 -0.17919360
v -0.00918320 0.02760178 -0.17875962
v -0.00917771 0.02778599 -0.17811918
v -0.00917631 0.02783254 -0.17795721
v -0.00916974 0.02806296 -0.17715418
v -0.00916900 0.02809455 -0.17704384
v -0.00916596 0.02829240 -0.17635031
v -0.00916509 0.02834349 -0.17617072
v -0.00916383 0.02840051 -0.17597009
v -0.00916055 0.02852219 -0.17554118
v -0.00916392 0.02874948 -0.17472987
v -0.00917386 0.02899398 -0.17384519
v -0.00918733 0.02919518 -0.17310578
v -0.00919416 0.02928251 -0.17278168
v -0.00922166 0.02956477 -0.17171827
v -0.00922931 0.02962661 -0.17148153
v -0.00926084 0.02983923 -0.17065535
v -0.00929795 0.03003951 -0.16985838
v -0.00931214 0.03010513 -0.16959298
v -0.00939253 0.03041164 -0.16831280
v -0.00933318 0.02214655 -0.20146403
v -0.00931545 0.02262264 -0.19877160
v -0.00928406 0.02356839 -0.19411664
v -0.00928022 0.02369037 -0.19356573
v -0.00927143 0.02398886 -0.19225508
v -0.00923921 0.02533684 -0.18684769
v -0.00923883 0.02535423 -0.18678212
v -0.00921624 0.02635529 -0.18312639
v -0.00920139 0.02696357 -0.18098187
v -0.00947040 0.02040580 -0.21618454
v -0.00945226 0.02055717 -0.21430835
v -0.00934177 0.02196392 -0.20258473
v 0.02840655 -0.02846683 -0.17580305
v 0.02929598 -0.03019132 -0.16892652
v 0.01360674 -0.03098425 -0.16715701
v 0.03044270 -0.03196650 -0.15978181
v 0.03098989 -0.03280095 -0.15314524
v 0.01841989 -0.03331009 -0.15284835
v 0.01188152 -0.02029036 -0.21950683
v 0.01787170 -0.01978420 -0.23778439
v 0.01938126 -0.02001487 -0.22610934
v 0.00411778 -0.01958904 -0.23770241
v -0.00420278 -0.02010362 -0.22003007
v -0.00454771 -0.01946800 -0.23765022
v 0.01243747 -0.02221051 -0.20270959
v -0.00395841 -0.02129625 -0.20753439
v -0.00409219 -0.02052888 -0.21439052
v -0.00355954 -0.02563628 -0.18706445
v -0.00378361 -0.02280431 -0.19859852
v -0.00385422 -0.02213033 -0.20215419
v -0.00300659 -0.03266882 -0.15833217
v -0.00287641 -0.03349021 -0.15219346
v 0.02743314 -0.02644521 -0.18331666
v 0.01294868 -0.02573489 -0.18692061
v 0.02580004 -0.02566814 -0.18643394
v 0.02249985 -0.02236011 -0.20200564
v 0.02387098 -0.02407842 -0.19312920
v 0.02418965 -0.02441281 -0.19164702
v 0.02455326 -0.02475576 -0.19017722
v 0.02483105 -0.02499210 -0.18918855
v 0.02511378 -0.02521163 -0.18828440
v 0.02095269 -0.02081946 -0.21395834
v -0.00319480 -0.03071763 -0.16840270
v -0.00928828 -0.02350905 -0.19405128
v -0.00930990 -0.02278551 -0.19753471
v -0.00627714 -0.02270037 -0.19880639
v -0.00637050 -0.03063436 -0.16838270
v -0.00630913 -0.02668742 -0.18289179
v -0.00633961 -0.02050765 -0.21437830
v -0.00954651 -0.01978191 -0.22567065
v -0.00959152 -0.01958209 -0.23097093
v -0.00939789 -0.02103651 -0.20880248
v -0.00944690 -0.02047962 -0.21435976
v -0.00946316 -0.02033296 -0.21618026
v -0.00947193 -0.02025946 -0.21717380
v -0.00950661 -0.02000744 -0.22112665
v -0.00952792 -0.01987909 -0.22356834
v -0.00959869 -0.01955464 -0.23180306
v -0.00962097 -0.01947146 -0.23465890
v -0.00964795 -0.01939673 -0.23761931
v -0.00939133 -0.02112644 -0.20804697
v -0.00919505 -0.02712427 -0.18016647
v -0.00919944 -0.02695857 -0.18074329
v -0.00921436 -0.02630724 -0.18303742
v -0.00923023 -0.02552680 -0.18586582
v -0.00923519 -0.02530149 -0.18670657
v -0.00924116 -0.02505057 -0.18765908
v -0.00928302 -0.02368030 -0.19328184
v -0.00939244 -0.03033845 -0.16831295
v -0.00931361 -0.03003879 -0.16956496
v -0.00927863 -0.02986833 -0.17025058
v -0.00926242 -0.02977595 -0.17061615
v -0.00922850 -0.02954765 -0.17150345
v -0.00922241 -0.02949853 -0.17169157
v -0.00919442 -0.02921310 -0.17276739
v -0.00918682 -0.02911589 -0.17312816
v -0.00917384 -0.02892129 -0.17384313
v -0.00916266 -0.02832150 -0.17599113
v -0.00916476 -0.02862347 -0.17491786
v -0.00916532 -0.02866982 -0.17475194
v -0.00916293 -0.02821336 -0.17637247
v -0.00916783 -0.02801619 -0.17706242
v -0.00916961 -0.02798207 -0.17718099
v -0.00917786 -0.02775009 -0.17798851
v -0.00917876 -0.02770895 -0.17813182
v -0.00918359 -0.02751827 -0.17879522
v -0.00918694 -0.02740185 -0.17919989
v -0.00919024 -0.02728633 -0.17960145
v 0.02618740 0.00103662 -0.19250287
v 0.02611039 0.00103663 -0.19355479
v 0.02618684 0.00103662 -0.19252996
v 0.02610693 0.02348535 -0.19358337
v 0.02618684 0.02371938 -0.19252996
v 0.02623506 0.02365159 -0.19014335
v 0.02623503 0.02426472 -0.19015330
v 0.02656748 0.02427622 -0.18844800
v 0.02667050 0.02473889 -0.18820322
v 0.02704660 0.02472720 -0.18671925
v 0.02708288 0.02508278 -0.18681107
v 0.02656619 -0.02316319 -0.18842471
v 0.02681101 -0.02351379 -0.18765007
v 0.02656447 -0.02420156 -0.18845651
v 0.02702566 -0.02373466 -0.18648008
v 0.02704705 -0.02465604 -0.18671773
v 0.02623520 -0.02357628 -0.19015390
v 0.02623597 -0.02198363 -0.19011587
v 0.02640839 -0.02283079 -0.18891250
v 0.02652868 -0.02309443 -0.18852711
v 0.04322566 0.02059578 -0.17156330
v 0.04279573 0.02230159 -0.17208256
v 0.04379313 0.02078360 -0.17170860
v 0.02554594 -0.02471861 -0.19017920
v 0.02708096 -0.02524964 -0.18681782
v 0.02705389 -0.02532814 -0.18681252
v 0.02651523 -0.02492809 -0.18847808
v 0.02700951 -0.02539781 -0.18680151
v 0.02643744 -0.02500884 -0.18847150
v 0.02657825 -0.02460231 -0.18847266
v 0.02708333 -0.02501163 -0.18680951
v 0.02656365 -0.02482893 -0.18847914
v 0.02709333 -0.02512424 -0.18681680
v 0.02708570 -0.02522607 -0.18681838
v 0.02613183 -0.02453629 -0.19017653
v 0.02579179 -0.02468381 -0.19017908
v 0.02595413 -0.02463950 -0.19017850
v 0.02602795 -0.02460803 -0.19017795
v 0.02699390 -0.02541573 -0.18679737
v 0.02694108 -0.02546249 -0.18678278
v 0.02686136 -0.02550866 -0.18675978
v 0.02615974 -0.02450467 -0.19017586
v 0.02620000 -0.02443684 -0.19017436
v 0.02621338 -0.02440220 -0.19017357
v 0.02623490 -0.02419340 -0.19016865
v 0.02665997 -0.02557102 -0.18669978
v 0.02662874 -0.02557709 -0.18669035
v 0.02658845 -0.02558407 -0.18667814
v 0.02621141 -0.02392123 -0.19133517
v 0.02618740 -0.02365438 -0.19250289
v 0.02605556 -0.02374290 -0.19358557
v 0.02615679 -0.02353292 -0.19304258
v 0.02609444 -0.02358739 -0.19358759
v 0.02610729 -0.02341285 -0.19358151
v 0.02588578 -0.02434028 -0.19184458
v 0.02607029 -0.02422543 -0.19186820
v 0.02599644 -0.02386063 -0.19357625
v 0.02540816 -0.02412181 -0.19344299
v 0.02580887 -0.02402746 -0.19353664
v 0.02591330 -0.02395613 -0.19355965
v 0.04391257 -0.02424794 -0.17260489
v 0.04399280 -0.02431305 -0.17255086
v 0.04108487 -0.02608764 -0.17336184
v 0.03213022 -0.02703659 -0.17838296
v 0.03485007 -0.02714661 -0.17628710
v 0.03487070 -0.02723946 -0.17627217
v 0.03786515 -0.02683587 -0.17464803
v 0.02750504 -0.02563495 -0.18537556
v 0.04557241 -0.02151875 -0.17216289
v 0.03449041 -0.02756168 -0.17613196
v 0.03485013 -0.02745952 -0.17611945
v 0.03795053 -0.02713905 -0.17444348
v 0.02849158 -0.02678613 -0.18182178
v 0.02764986 -0.02632602 -0.18364735
v 0.02779953 -0.02627669 -0.18371736
v 0.04113956 -0.02621376 -0.17321119
v 0.04077758 -0.02644004 -0.17313860
v 0.03764136 -0.02727947 -0.17438072
v 0.04314246 -0.02523386 -0.17244965
v 0.04409607 -0.02442192 -0.17238876
v 0.04486215 -0.02375156 -0.17205042
v 0.04608321 -0.02176902 -0.17188834
v 0.04610059 -0.02180052 -0.17178668
v 0.04383300 -0.02418490 -0.17263055
v 0.04431166 -0.02347339 -0.17247351
v 0.04369099 -0.02406989 -0.17262389
v 0.02983886 -0.02662648 -0.18093465
v 0.02983696 -0.02657106 -0.18092990
v 0.02812118 -0.02581902 -0.18381770
v 0.02836499 -0.02586839 -0.18323576
v 0.02813206 -0.02589898 -0.18382984
v 0.02897698 -0.02612143 -0.18211259
v 0.02982718 -0.02651089 -0.18092008
v 0.03034765 -0.02652473 -0.18015712
v 0.02747590 -0.02570470 -0.18536942
v 0.02799450 -0.02618125 -0.18379754
v 0.02793545 -0.02621719 -0.18377472
v 0.04603853 -0.02168025 -0.17200960
v 0.04405740 -0.02437310 -0.17247520
v 0.04112153 -0.02615572 -0.17329364
v 0.03793307 -0.02700542 -0.17458262
v 0.03487759 -0.02732249 -0.17623846
v 0.04097552 -0.02593294 -0.17343740
v 0.02808532 -0.02609118 -0.18382829
v 0.02743097 -0.02576337 -0.18535708
v 0.02804506 -0.02613962 -0.18381561
v 0.02885583 -0.02644780 -0.18234280
v 0.02882227 -0.02649052 -0.18232910
v 0.02980104 -0.02676501 -0.18091939
v 0.02977609 -0.02680309 -0.18090521
v 0.02812956 -0.02597107 -0.18383563
v 0.02889747 -0.02634631 -0.18235387
v 0.02983318 -0.02667714 -0.18093440
v 0.04234829 -0.02502853 -0.17297757
v 0.03949905 -0.02623266 -0.17391323
v 0.03612267 -0.02685872 -0.17545901
v 0.03296341 -0.02689709 -0.17756434
v 0.03213679 -0.02712949 -0.17837675
v 0.02982034 -0.02672319 -0.18092923
v 0.02888124 -0.02639991 -0.18235117
v 0.02811382 -0.02603514 -0.18383509
v 0.03213309 -0.02717112 -0.17836724
v 0.03212512 -0.02720982 -0.17835361
v 0.02971266 -0.02687000 -0.18086492
v 0.03209752 -0.02727915 -0.17831476
v 0.02963575 -0.02692751 -0.18081029
v 0.02945388 -0.02701818 -0.18066631
v 0.03205616 -0.02733894 -0.17826144
v 0.03149129 -0.02737342 -0.17853811
v 0.04335696 -0.02153338 -0.17188829
v 0.03009081 -0.02448364 -0.17857660
v 0.03215566 -0.02448364 -0.17653295
v 0.03301134 -0.02448364 -0.17593332
v 0.03641609 -0.02448363 -0.17423528
v 0.02893396 -0.02448366 -0.18040778
v 0.02838624 -0.02442795 -0.18153758
v 0.02798855 -0.02431489 -0.18249108
v 0.02734490 -0.02398132 -0.18462268
v 0.02661822 0.02565007 -0.18668889
v 0.02554575 0.02478973 -0.19017167
v 0.02665950 0.02564217 -0.18670136
v 0.02623421 0.02517658 -0.18844818
v 0.02686090 0.02557981 -0.18676138
v 0.02579167 0.02475499 -0.19016923
v 0.02643889 0.02507837 -0.18847324
v 0.02602790 0.02467927 -0.19016574
v 0.02651626 0.02499701 -0.18847972
v 0.02612980 0.02460953 -0.19016325
v 0.02656401 0.02489731 -0.18848065
v 0.02619979 0.02450861 -0.19016010
v 0.02623088 0.02438902 -0.19015668
v 0.02691472 0.02555101 -0.18677698
v 0.02699499 0.02548522 -0.18679936
v 0.02700880 0.02546925 -0.18680301
v 0.02709147 0.02524538 -0.18681985
v 0.02708569 0.02529456 -0.18681997
v 0.02704183 0.02542127 -0.18681137
v 0.02702477 0.02380617 -0.18648155
v 0.02700996 0.02379436 -0.18660790
v 0.02700044 0.02378581 -0.18667093
v 0.02653855 0.02318680 -0.18849938
v 0.02623589 0.02205619 -0.19011731
v 0.04391212 0.02432028 -0.17260639
v 0.04383256 0.02425724 -0.17263204
v 0.04097504 0.02600517 -0.17343901
v 0.02982671 0.02658245 -0.18092173
v 0.03086285 0.02670506 -0.17955577
v 0.02892802 0.02617491 -0.18219596
v 0.02751726 0.02562532 -0.18537690
v 0.02743049 0.02583462 -0.18535867
v 0.02779905 0.02634805 -0.18371898
v 0.02983839 0.02669805 -0.18093632
v 0.03212973 0.02710835 -0.17838465
v 0.03119025 0.02676399 -0.17920077
v 0.03365469 0.02700278 -0.17703140
v 0.03484958 0.02721856 -0.17628878
v 0.03689828 0.02684496 -0.17505337
v 0.03786466 0.02690797 -0.17464970
v 0.04013672 0.02610316 -0.17368014
v 0.04276718 0.02483906 -0.17286365
v 0.04361974 0.02420276 -0.17264298
v 0.04592558 0.02152129 -0.17212433
v 0.04575492 0.02144863 -0.17216539
v 0.04496962 0.02298245 -0.17236219
v 0.04563835 0.02140928 -0.17214228
v 0.04463439 0.02317484 -0.17239840
v 0.04409563 0.02449427 -0.17239028
v 0.04607435 0.02183036 -0.17191529
v 0.04603316 0.02174744 -0.17201498
v 0.04609883 0.02187398 -0.17178802
v 0.04484483 0.02384299 -0.17205556
v 0.04412390 0.02455691 -0.17221443
v 0.04269088 0.02559057 -0.17256907
v 0.04113909 0.02628601 -0.17321281
v 0.03972655 0.02687009 -0.17350970
v 0.03795005 0.02721116 -0.17444517
v 0.03631444 0.02753049 -0.17504615
v 0.03484963 0.02753148 -0.17612115
v 0.03300564 0.02759641 -0.17721306
v 0.03205566 0.02741071 -0.17826314
v 0.02990528 0.02718064 -0.18016799
v 0.02963526 0.02699907 -0.18081196
v 0.02764937 0.02639739 -0.18364897
v 0.02747543 0.02577595 -0.18537101
v 0.02808485 0.02616254 -0.18382992
v 0.02804459 0.02621097 -0.18381722
v 0.02885535 0.02651927 -0.18234444
v 0.02754209 0.02547188 -0.18521714
v 0.02813159 0.02597033 -0.18383144
v 0.02812908 0.02604243 -0.18383725
v 0.02889941 0.02629279 -0.18234307
v 0.02889699 0.02641777 -0.18235551
v 0.02750458 0.02570619 -0.18537715
v 0.02811334 0.02610649 -0.18383670
v 0.02888077 0.02647138 -0.18235281
v 0.02981985 0.02679477 -0.18093088
v 0.02980055 0.02683659 -0.18092106
v 0.03213260 0.02724289 -0.17836893
v 0.03212462 0.02728159 -0.17835529
v 0.03487708 0.02739444 -0.17624016
v 0.02983268 0.02674870 -0.18093604
v 0.03213629 0.02720126 -0.17837845
v 0.03487021 0.02731142 -0.17627387
v 0.03793258 0.02707753 -0.17458428
v 0.04399235 0.02438540 -0.17255236
v 0.04108439 0.02615987 -0.17336345
v 0.02809848 0.02580865 -0.18380229
v 0.04112106 0.02622796 -0.17329526
v 0.04405696 0.02444545 -0.17247671
v 0.03209702 0.02735092 -0.17831646
v 0.02971217 0.02694157 -0.18086658
v 0.02977561 0.02687466 -0.18090688
v 0.02878130 0.02660020 -0.18231216
v 0.02793498 0.02628855 -0.18377636
v 0.02737118 0.02588284 -0.18534063
v 0.02727367 0.02400443 -0.18495595
v 0.02798708 0.02438761 -0.18249720
v 0.02833497 0.02449020 -0.18165489
v 0.02893401 0.02455690 -0.18040749
v 0.02950393 0.02455688 -0.17941625
v 0.03136470 0.02455688 -0.17719463
v 0.03255768 0.02455688 -0.17624085
v 0.03534026 0.02455688 -0.17468604
v 0.03919022 0.02455688 -0.17335090
v 0.04442029 0.02099622 -0.17185660
v 0.04217316 0.02322616 -0.17240527
v 0.04131883 0.02394267 -0.17272899
v 0.04029999 0.02439766 -0.17304975
v 0.02173178 -0.02070680 -0.21527278
v 0.02252570 -0.02062000 -0.21535841
v 0.02602938 -0.02327901 -0.19418670
v 0.02466128 -0.02164103 -0.20433192
v 0.02437707 -0.02083364 -0.20696472
v 0.02322805 -0.02001776 -0.21543193
v 0.02256703 -0.01900337 -0.22096263
v 0.02035645 -0.01824408 -0.23779914
v 0.02039019 -0.01781198 -0.23779938
v 0.02164374 -0.01928639 -0.22659118
v 0.02021242 -0.01872772 -0.23779830
v 0.02021869 -0.01871384 -0.23779833
v 0.02004367 -0.01901336 -0.23779730
v 0.02141505 -0.01955149 -0.22657907
v 0.01982845 -0.01924638 -0.23779602
v 0.02111131 -0.01974424 -0.22656250
v 0.01970650 -0.01934376 -0.23779529
v 0.01938215 -0.01953048 -0.23779337
v 0.02031611 -0.01995445 -0.22652048
v 0.01871241 -0.01972698 -0.23778941
v 0.02394767 -0.02209010 -0.20421401
v 0.02426227 -0.02202602 -0.20426942
v 0.02439339 -0.02196638 -0.20429207
v 0.02450476 -0.02188435 -0.20431046
v 0.02307557 -0.02030498 -0.21541852
v 0.02283733 -0.02049984 -0.21539308
v 0.02296639 -0.02041285 -0.21540712
v 0.04186232 -0.02762617 -0.01476435
v 0.04218350 -0.02903317 -0.02430196
v 0.04218350 -0.01786473 -0.02430054
v 0.04153458 -0.01786414 -0.00503650
v 0.04153455 -0.02627304 -0.00503555
v 0.04175159 -0.01786427 -0.01146637
v 0.04196462 -0.01786458 -0.01787591
v 0.04094983 -0.01786345 0.00108606
v 0.04095110 -0.02557453 0.00108796
v 0.04133704 -0.02589917 -0.00196812
v 0.03951667 -0.02504092 0.00804651
v 0.03879348 -0.01786318 0.01059419
v 0.03512498 -0.01786293 0.01936877
v 0.03512459 -0.02478928 0.01936864
v 0.03720586 -0.01786305 0.01502252
v 0.03745240 -0.02482237 0.01441431
v 0.03884655 -0.02492680 0.01042168
v 0.04008133 -0.01687072 0.00094887
v 0.03798663 -0.01687046 0.01022651
v 0.04029683 -0.01692258 0.00098291
v 0.03830665 -0.01697286 0.01032457
v 0.03858902 -0.01720255 0.01041110
v 0.04061700 -0.01711482 0.00103348
v 0.04041192 -0.01697314 0.00100109
v 0.03876888 -0.01751888 0.01046622
v 0.04088943 -0.01751915 0.00107651
v 0.04070361 -0.01720282 0.00104716
v 0.03714933 -0.01751875 0.01499915
v 0.03697547 -0.01720244 0.01492728
v 0.03670254 -0.01697274 0.01481446
v 0.03639321 -0.01687033 0.01468659
v 0.03507023 -0.01751482 0.01933856
v 0.03486560 -0.01715248 0.01922570
v 0.03454642 -0.01692221 0.01904964
v 0.03628164 -0.01686301 0.01464048
v 0.03828715 -0.01686318 0.00876677
v 0.03996199 -0.01686325 0.00093002
v 0.02919367 0.02455688 -0.16765128
v 0.03923981 0.02455688 -0.17091350
v 0.03935863 0.02455688 -0.16785815
v 0.02919367 -0.02448364 -0.16765128
v -0.00558363 0.01464234 -0.27922130
v -0.00558371 0.01452994 -0.27922553
v -0.00558371 0.00003662 -0.27922553
v 0.04197966 -0.03026871 -0.03297887
v 0.04197863 -0.01786450 -0.03297921
v 0.04209427 -0.01786442 -0.03023520
v 0.04209581 -0.02989228 -0.03024209
v 0.04218857 -0.01786433 -0.02750497
v 0.04219022 -0.02950120 -0.02750627
v 0.00898000 -0.00796337 -0.28865847
v 0.00915377 -0.00366338 -0.28846338
v 0.00906678 -0.00806360 -0.28856105
v 0.00915378 -0.00816338 -0.28846338
v 0.00895155 -0.00796338 -0.28869042
v 0.00895156 -0.00376338 -0.28869042
v 0.00912512 -0.00363058 -0.28849557
v 0.00909649 -0.00359775 -0.28852770
v -0.01180651 -0.01774186 -0.23657361
v -0.01184199 -0.01771296 -0.23760477
v -0.01168128 -0.01812819 -0.23760785
v -0.00977060 -0.01957117 -0.23092659
v -0.00998656 -0.01952775 -0.23089848
v -0.00923653 -0.02711754 -0.18016292
v -0.00959415 -0.02701653 -0.18012024
v -0.00952753 -0.02522237 -0.18673615
v -0.00958412 -0.02102158 -0.20879735
v -0.00947772 -0.02206565 -0.20142446
v -0.00958719 -0.02344209 -0.19407570
v -0.00982701 -0.02028666 -0.21615048
v -0.01015635 -0.01939457 -0.23457466
v -0.00970155 -0.01946993 -0.23463385
v -0.01046370 -0.01927052 -0.23762093
v -0.01057851 -0.01922744 -0.23762038
v -0.01019571 -0.01945262 -0.23086920
v -0.01101690 -0.01897910 -0.23761685
v -0.01080365 -0.01911859 -0.23761885
v -0.01095389 -0.01885390 -0.23074101
v -0.01136681 -0.01863957 -0.23761262
v -0.01127711 -0.01839792 -0.23067117
v -0.01127048 -0.01863045 -0.22234161
v -0.01140673 -0.01834752 -0.22303641
v -0.01089759 -0.01914319 -0.22336906
v -0.01148298 -0.01815244 -0.22415355
v -0.01148569 -0.01813691 -0.22450431
v -0.01148836 -0.01812175 -0.22485510
v -0.01153872 -0.01790263 -0.23126660
v -0.01112202 -0.01917575 -0.21618807
v -0.01059231 -0.01984681 -0.21605811
v -0.01107283 -0.01958470 -0.21174942
v -0.01038107 -0.02067371 -0.20874020
v -0.01100572 -0.02011487 -0.20732369
v -0.01113384 -0.01909027 -0.21729909
v -0.01114677 -0.01900391 -0.21851090
v -0.01115988 -0.01892303 -0.21974117
v -0.01115257 -0.01891640 -0.22015038
v -0.01112134 -0.01894791 -0.22055730
v -0.01116865 -0.01881927 -0.22188880
v -0.01059936 -0.02307548 -0.19201793
v -0.01073229 -0.02205108 -0.19635455
v -0.01029034 -0.02300559 -0.19406842
v -0.01084891 -0.02116849 -0.20072277
v -0.01090352 -0.02078187 -0.20291705
v -0.01019196 -0.02478591 -0.18674792
v -0.01040097 -0.02577004 -0.18223432
v -0.01041077 -0.02543490 -0.18339893
v -0.01042801 -0.02502404 -0.18483481
v -0.01048124 -0.02421659 -0.18771033
v -0.00994922 -0.02327123 -0.19408189
v -0.01034384 -0.02648479 -0.17993997
v -0.01057277 -0.02615367 -0.18008310
v -0.01047675 -0.02616432 -0.18049973
v -0.01067420 -0.02610241 -0.17974494
v -0.01064884 -0.02611810 -0.17982319
v -0.01060873 -0.02613938 -0.17995422
v -0.00939626 -0.02626109 -0.18306208
v -0.00974024 -0.02611024 -0.18308911
v -0.00986928 -0.02504664 -0.18675216
v -0.01039764 -0.02607298 -0.18117137
v -0.00995599 -0.02681967 -0.18005022
v -0.00993176 -0.02683613 -0.18005584
v -0.00973812 -0.01986462 -0.22353935
v -0.01125035 -0.01877180 -0.23761415
v -0.01059169 -0.01921014 -0.23080720
v -0.01015380 -0.01974153 -0.22348884
v -0.00999741 -0.02090399 -0.20877557
v -0.01022337 -0.02012285 -0.21610895
v -0.01054157 -0.01949804 -0.22343190
v -0.01214052 0.01698035 -0.26956359
v -0.01208237 0.01711708 -0.26298389
v -0.01198245 0.01736970 -0.26553133
v -0.01244007 0.01594346 -0.27875763
v -0.01238206 0.01624987 -0.27829206
v -0.01214714 0.01696195 -0.29361427
v -0.01234870 0.01638497 -0.27782792
v -0.01231078 0.01652252 -0.27738813
v -0.01227868 0.01662780 -0.27703613
v -0.01224655 0.01672584 -0.27680168
v -0.01220264 0.01684569 -0.27614328
v -0.01259911 0.01567374 -0.29361919
v -0.01263988 0.01500892 -0.29362181
v -0.01251236 0.01498104 -0.27933070
v -0.01252755 0.01606675 -0.29361755
v -0.01249364 0.01546904 -0.27913636
v -0.01206709 0.01707223 -0.29361403
v -0.01163946 0.01748681 -0.29361418
v -0.01105831 0.01779245 -0.29361701
v -0.01144032 0.01761560 -0.29361486
v -0.01150650 0.01807318 -0.26553258
v -0.00989236 0.01871573 -0.26554260
v -0.01020835 0.01941201 -0.23761582
v -0.01091100 0.01848835 -0.26553553
v -0.01060624 0.01929021 -0.23761314
v -0.01105713 0.01902558 -0.23761001
v -0.01136823 0.01871466 -0.23760779
v -0.01014743 0.01798142 -0.29362571
v -0.01184491 0.01770186 -0.25739205
v -0.01198026 0.01739144 -0.25651503
v -0.01167742 0.01820978 -0.23760542
v -0.01186337 0.01764501 -0.26013485
v -0.01167872 0.01796277 -0.25924689
v -0.01166177 0.01799794 -0.25843054
v -0.01143368 0.01862868 -0.23760730
v -0.01201965 0.01727493 -0.25549263
v -0.01189536 0.01761480 -0.23979385
v -0.01187683 0.01766843 -0.23744687
v -0.01208224 0.01711734 -0.26296777
v -0.01208218 0.01711750 -0.26295161
v -0.01207462 0.01713606 -0.26207441
v -0.01203473 0.01724712 -0.26118731
v -0.00974325 0.02702124 -0.18009424
v -0.00941186 0.02630359 -0.18315634
v -0.00952763 0.02212325 -0.20146948
v -0.01132967 0.01838154 -0.23062439
v -0.01100366 0.01886678 -0.23069693
v -0.01049190 0.02614222 -0.18076599
v -0.01055401 0.02631627 -0.17986125
v -0.01028787 0.02661548 -0.17995696
v -0.01074854 0.02252581 -0.19406229
v -0.01057912 0.02408893 -0.18799205
v -0.01034974 0.02300829 -0.19412747
v -0.01023611 0.02479442 -0.18682857
v -0.01087187 0.02157086 -0.19839729
v -0.01044881 0.02068978 -0.20875686
v -0.01110512 0.01989449 -0.20864438
v -0.01116808 0.01895375 -0.22039838
v -0.01113015 0.01897691 -0.22129001
v -0.01095850 0.01914149 -0.22334263
v -0.01131300 0.01862462 -0.22239318
v -0.01122807 0.01889895 -0.21936703
v -0.01121720 0.01896869 -0.21832538
v -0.01120649 0.01904243 -0.21729709
v -0.01154800 0.01803327 -0.22587731
v -0.01154061 0.01807553 -0.22485377
v -0.01127996 0.01865533 -0.22327141
v -0.01153645 0.01809971 -0.22429925
v -0.01150845 0.01818347 -0.22361466
v -0.01156937 0.01790436 -0.22960906
v -0.01063540 0.01924844 -0.23076567
v -0.01061707 0.01925953 -0.23446234
v -0.01023068 0.01951088 -0.23083001
v -0.01017788 0.01946182 -0.23452769
v -0.00971039 0.01954388 -0.23458882
v -0.00979463 0.01964232 -0.23088948
v -0.00977666 0.01993255 -0.22352064
v -0.00987717 0.02034570 -0.21615104
v -0.00963695 0.02108369 -0.20882012
v -0.00963097 0.02348659 -0.19414109
v -0.00955529 0.02526316 -0.18682110
v -0.01055406 0.02442319 -0.18678489
v -0.00990580 0.02507381 -0.18683554
v -0.00976524 0.02614333 -0.18318279
v -0.00996187 0.02688912 -0.18004788
v -0.01005871 0.02094613 -0.20879565
v -0.01000146 0.02329748 -0.19414465
v -0.01059751 0.01952511 -0.22340834
v -0.01020214 0.01979228 -0.22346786
v -0.00998183 0.01972895 -0.22718008
v -0.00989649 0.02862906 -0.17420171
v -0.01023124 0.02849017 -0.17389096
v -0.00974490 0.02912975 -0.17273483
v -0.00941657 0.03003566 -0.16978943
v -0.00978939 0.02843150 -0.17508590
v -0.00953799 0.02871535 -0.17449702
v -0.00962414 0.02709219 -0.18006159
v -0.01084537 0.02645212 -0.17786317
v -0.01105928 0.02620814 -0.17741348
v -0.01044881 0.02735818 -0.17678818
v -0.01101604 0.02645186 -0.17693913
v -0.01102011 0.02605979 -0.17811292
v -0.01105810 0.02613602 -0.17763977
v -0.01105858 0.02617208 -0.17752662
v -0.01061709 0.02632004 -0.17953329
v -0.01064312 0.02631414 -0.17942038
v -0.01031722 0.02697822 -0.17855744
v -0.01087047 0.02615840 -0.17869535
v -0.00967228 0.02731448 -0.17918964
v -0.00996992 0.02696354 -0.17975837
v -0.00936807 0.02760451 -0.17860264
v -0.00929619 0.02737537 -0.17947260
v -0.00973614 0.02752806 -0.17831428
v -0.00945695 0.02782453 -0.17772904
v -0.00917661 0.02806905 -0.17712881
v -0.01002280 0.02811118 -0.17566448
v -0.00930030 0.02829172 -0.17625472
v -0.00937260 0.02917986 -0.17302084
v -0.01043484 0.02886960 -0.17211705
v -0.00995511 0.02952842 -0.17097057
v -0.00957759 0.02960196 -0.17126399
v -0.01088401 0.02983243 -0.16778994
v -0.01018778 0.03021966 -0.16808222
v -0.01022024 0.02989077 -0.16920263
v -0.01012632 0.03024311 -0.16810349
v -0.00979144 0.03034464 -0.16820870
v -0.01140943 0.02899103 -0.16849016
v -0.01145709 0.02929606 -0.16745067
v -0.01145586 0.02929751 -0.16745153
v -0.01096423 0.02951469 -0.16855252
v -0.01131996 0.02870334 -0.16964817
v -0.01136130 0.02865602 -0.16961057
v -0.01129822 0.02818049 -0.17117520
v -0.01106338 0.02841857 -0.17144454
v -0.01126422 0.02791525 -0.17203595
v -0.01091177 0.02755269 -0.17443807
v -0.01106507 0.02750563 -0.17394614
v -0.01084215 0.02808042 -0.17323032
v -0.01119709 0.02750397 -0.17339994
v -0.01121708 0.02755697 -0.17317861
v -0.01096496 0.02660751 -0.17675941
v -0.01076775 0.02724293 -0.17586787
v -0.01024104 0.02775404 -0.17623223
v -0.01075520 0.02739889 -0.17547911
v -0.01007058 0.02737912 -0.17800358
v -0.00981845 0.02773071 -0.17743452
v -0.00956232 0.02803359 -0.17685102
v -0.01063742 0.02771828 -0.17500985
v -0.01067154 0.02921878 -0.17033827
v -0.01123556 0.02769517 -0.17274076
v -0.01091175 -0.01841293 -0.26561436
v -0.01196149 -0.01736867 -0.25337771
v -0.01198195 -0.01731330 -0.25600183
v -0.01188667 -0.01754441 -0.25697893
v -0.01198321 -0.01729452 -0.26561019
v -0.01203811 -0.01716708 -0.26298505
v -0.01209399 -0.01703097 -0.26956478
v -0.01215374 -0.01689707 -0.27614453
v -0.01216965 -0.01685938 -0.27649924
v -0.01214603 -0.01689031 -0.29361427
v -0.01226554 -0.01659856 -0.27718467
v -0.01231732 -0.01642954 -0.27761957
v -0.01235555 -0.01628629 -0.27796650
v -0.01242419 -0.01596586 -0.27864301
v -0.01227514 -0.01667638 -0.29361489
v -0.01248555 -0.01549565 -0.27907550
v -0.01252357 -0.01601001 -0.29361749
v -0.01251234 -0.01490767 -0.27933070
v -0.01263991 -0.01493558 -0.29362184
v -0.01198257 -0.01730836 -0.26115015
v -0.01202620 -0.01719734 -0.26153114
v -0.01203789 -0.01716759 -0.26294664
v -0.01184471 -0.01762913 -0.25737441
v -0.01165844 -0.01793037 -0.25835896
v -0.01165501 -0.01792446 -0.25913790
v -0.01165851 -0.01791910 -0.25917360
v -0.01150740 -0.01799765 -0.26561141
v -0.01186243 -0.01757333 -0.26017052
v -0.00989440 -0.01864031 -0.26562139
v -0.01105862 -0.01771909 -0.29361701
v -0.01070776 -0.01782304 -0.29361981
v -0.01014760 -0.01790814 -0.29362571
v -0.01120096 -0.01766222 -0.29361609
v -0.01164748 -0.01740770 -0.29361418
v -0.01206650 -0.01699973 -0.29361406
v 0.01151659 0.00823663 -0.30417031
v 0.01113381 0.00823657 -0.30510771
v 0.01154773 0.01736312 -0.30408299
v -0.00623977 0.00823665 -0.31055561
v -0.00584257 0.01552961 -0.31078047
v -0.00280452 0.01584480 -0.31193665
v 0.01199300 -0.00816343 -0.30248076
v 0.01211601 -0.00816338 -0.30178142
v 0.01211608 -0.01083687 -0.30178103
v 0.01211606 -0.01274156 -0.30178115
v 0.01211594 -0.01731975 -0.30178189
v 0.01162573 -0.00816332 -0.30385455
v 0.01128927 -0.01727051 -0.30475315
v 0.01110205 -0.00816332 -0.30517662
v 0.01068764 -0.01722048 -0.30598724
v 0.01009315 -0.00816339 -0.30694449
v 0.00962081 -0.01712224 -0.30758679
v 0.00880841 -0.00816337 -0.30851832
v 0.00728100 -0.00816338 -0.30985788
v 0.00727733 -0.01688509 -0.30986059
v 0.00644233 -0.00816341 -0.31042635
v 0.00463222 -0.00816339 -0.31134883
v 0.00464223 -0.01660027 -0.31134471
v 0.00362717 -0.00816334 -0.31170961
v 0.00062358 -0.00816344 -0.31224445
v 0.00149435 -0.01624887 -0.31216836
v -0.00045022 -0.00816341 -0.31225243
v -0.00024598 -0.01605336 -0.31225935
v -0.00333248 -0.01571424 -0.31180018
v -0.00346010 -0.00816338 -0.31176341
v -0.00447072 -0.00816333 -0.31141752
v -0.00593760 -0.01544422 -0.31072846
v -0.00715233 -0.00816344 -0.30995980
v -0.00799926 -0.00816342 -0.30929315
v -0.00841002 -0.01521319 -0.30892298
v -0.01004519 -0.00816336 -0.30702952
v -0.01035270 -0.01506888 -0.30656785
v -0.01062199 -0.00816338 -0.30612233
v -0.01147115 -0.00816335 -0.30432338
v -0.01147117 -0.01501469 -0.30432335
v -0.01163063 -0.01500701 -0.30387199
v -0.01257151 -0.00816338 -0.29825547
v -0.01238991 -0.00816334 -0.30029482
v -0.01245865 -0.01496621 -0.29968432
v -0.01224353 -0.00816338 -0.30130765
v -0.01180277 -0.00816338 -0.30330953
v -0.01261781 -0.00816325 -0.29723331
v -0.01264859 -0.00816326 -0.29518697
v -0.01264844 0.00823646 -0.29532522
v -0.01264185 0.00823618 -0.29385123
v -0.01262876 0.00823657 -0.29237726
v -0.01261560 0.00823640 -0.29090330
v -0.01258930 0.00823662 -0.28795540
v -0.01258931 0.00753663 -0.28795540
v -0.01252773 0.00753662 -0.28105411
v -0.01252773 -0.00746338 -0.28105411
v -0.01251286 -0.01445670 -0.27938798
v -0.01251287 0.01452994 -0.27938798
v -0.01259588 0.00823662 -0.28869238
v -0.01260245 0.00823655 -0.28942937
v -0.01258931 -0.00746338 -0.28795540
v -0.01258930 -0.00816337 -0.28795540
v -0.01261730 -0.00816316 -0.29109466
v -0.01262644 -0.00816342 -0.29211771
v -0.01264436 -0.00816318 -0.29416385
v -0.01260330 -0.00816329 -0.28952503
v -0.01263037 0.00823642 -0.29679921
v -0.01244864 0.01503549 -0.29978117
v -0.01257054 0.00823663 -0.29827219
v -0.01049817 0.01513556 -0.30633250
v -0.01099030 0.00823669 -0.30543259
v -0.01147117 0.01508131 -0.30432332
v -0.01156278 0.00823675 -0.30407131
v -0.01174363 0.01506757 -0.30351275
v -0.01197338 0.00823662 -0.30265388
v -0.01226004 0.00823662 -0.30120707
v -0.00846834 0.01528662 -0.30886760
v -0.00865239 0.00823663 -0.30868796
v -0.00937674 0.00823659 -0.30789980
v -0.01025801 0.00823662 -0.30671492
v -0.00240029 0.00823663 -0.31202433
v -0.00430943 0.00823658 -0.31147936
v -0.00529407 0.00823662 -0.31105995
v -0.00134081 0.00823665 -0.31218752
v -0.00024787 0.01612622 -0.31226030
v 0.00009609 0.00823663 -0.31226018
v 0.00288572 0.01647813 -0.31191441
v 0.00170995 0.00823664 -0.31213978
v 0.01070035 0.01729487 -0.30596444
v 0.01013880 0.00823663 -0.30687752
v 0.01014241 0.01724468 -0.30687219
v 0.00953716 0.00823662 -0.30769193
v 0.00824636 0.01705896 -0.30906430
v 0.00813725 0.00823665 -0.30916253
v 0.00654423 0.01688050 -0.31036258
v 0.00650973 0.00823665 -0.31038433
v 0.00584841 0.01680549 -0.31077132
v 0.00562858 0.00823663 -0.31088802
v 0.00408506 0.01661184 -0.31155753
v 0.00454349 0.00823662 -0.31138471
v 0.00276504 0.00823662 -0.31194305
v 0.01211593 0.01739300 -0.30178189
v 0.01211595 0.01738574 -0.30178189
v 0.01187496 0.00823656 -0.30299693
v 0.01211605 0.00823662 -0.30178124
v -0.01087917 -0.01863385 -0.21726806
v -0.01087882 -0.01863172 -0.21728411
v -0.01085056 -0.02595180 -0.17927276
v -0.01059225 -0.02552749 -0.17934927
v -0.01075923 -0.02603779 -0.17950448
v -0.01040390 -0.02565679 -0.17982449
v -0.01179807 0.01672124 -0.26295459
v -0.01187129 -0.01715382 -0.25606224
v -0.01170307 -0.01691944 -0.25590351
v -0.01171749 -0.01693193 -0.25614634
v -0.01155601 -0.01732193 -0.23759842
v -0.01168672 -0.01694642 -0.25438938
v -0.01169694 -0.01691880 -0.25566000
v -0.01175745 -0.01676113 -0.26295117
v -0.01189306 -0.01700764 -0.26145434
v -0.01175990 -0.01681798 -0.26137745
v -0.01175007 -0.01679573 -0.26161551
v -0.01174812 -0.01678485 -0.26185456
v -0.03463326 0.03335134 -0.08432949
v -0.03310110 0.03346960 -0.09306955
v -0.03346826 0.03334863 -0.09126002
v -0.03161842 0.03334113 -0.09949588
v -0.02852641 0.03361465 -0.11008592
v -0.02949996 0.03333683 -0.10701478
v -0.02300821 0.03333655 -0.12513757
v -0.02539290 0.03333663 -0.11896499
v -0.02852653 0.03333659 -0.11008494
v -0.02852631 0.03384693 -0.11008696
v -0.02678271 0.03394348 -0.11517779
v -0.01657578 0.03334713 -0.14206935
v -0.01684581 0.03334292 -0.14127658
v -0.01712817 0.03347691 -0.14046247
v -0.01698717 0.03333681 -0.14086734
v -0.02177374 0.03333681 -0.12825854
v -0.02156600 0.03398552 -0.12878297
v -0.02105962 0.03396137 -0.13006146
v -0.03475462 0.03335154 -0.08345944
v -0.03475150 0.03341278 -0.08345943
v -0.03302975 0.03351495 -0.09340485
v -0.03160348 0.03362306 -0.09953798
v -0.03051110 0.03370665 -0.10359161
v -0.00964144 -0.02700187 -0.18009257
v -0.00931272 -0.02728958 -0.17950249
v -0.00968737 -0.02722512 -0.17921849
v -0.00974904 -0.02743971 -0.17834102
v -0.00946894 -0.02773969 -0.17775439
v -0.00982933 -0.02764343 -0.17745917
v -0.00938224 -0.02751916 -0.17863026
v -0.00954540 -0.02863453 -0.17451391
v -0.00958149 -0.02952518 -0.17127234
v -0.00941854 -0.02996091 -0.16979356
v -0.00995874 -0.02945102 -0.17097875
v -0.01105779 -0.02599366 -0.17785686
v -0.01105848 -0.02590204 -0.17814490
v -0.01085499 -0.02635445 -0.17788941
v -0.01002499 -0.02708434 -0.17891107
v -0.01032935 -0.02688369 -0.17858469
v -0.01105809 -0.02588286 -0.17820948
v -0.01099759 -0.02583120 -0.17877091
v -0.01105842 -0.02608902 -0.17755739
v -0.01045756 -0.02726710 -0.17681168
v -0.01071689 -0.02719577 -0.17600238
v -0.01094641 -0.02653150 -0.17686170
v -0.01105052 -0.02617699 -0.17733818
v -0.01122389 -0.02753278 -0.17302269
v -0.01112854 -0.02746086 -0.17360970
v -0.01023760 -0.02840683 -0.17390712
v -0.01104968 -0.02749310 -0.17384931
v -0.01093737 -0.02754349 -0.17416380
v -0.01064399 -0.02763015 -0.17502940
v -0.01070473 -0.02748764 -0.17521532
v -0.01084740 -0.02799510 -0.17324589
v -0.01043960 -0.02878859 -0.17212905
v -0.01126608 -0.02785669 -0.17198868
v -0.01135728 -0.02855375 -0.16970682
v -0.01132230 -0.02862394 -0.16965577
v -0.01136072 -0.02857863 -0.16962433
v -0.01096559 -0.02943882 -0.16855633
v -0.01142838 -0.02904211 -0.16806862
v -0.01074145 -0.02985882 -0.16785774
v -0.01145710 -0.02922286 -0.16745052
v -0.00979091 -0.03027151 -0.16820890
v -0.01022193 -0.02981543 -0.16920657
v -0.00937859 -0.02910155 -0.17303357
v -0.00930980 -0.02820998 -0.17627616
v -0.00998554 -0.02686979 -0.17978831
v -0.01106722 -0.02833620 -0.17145611
v -0.01067454 -0.02914029 -0.17034614
v -0.00975049 -0.02905045 -0.17274730
v -0.01003082 -0.02802585 -0.17568488
v -0.00990339 -0.02854689 -0.17421822
v -0.01015797 -0.02748103 -0.17714356
v -0.00968521 -0.02815060 -0.17599033
v -0.01986121 -0.03380018 -0.13312238
v -0.01998716 -0.03381138 -0.13279890
v -0.01825342 -0.03326378 -0.13734728
v -0.02002169 -0.03381436 -0.13271034
v -0.02417334 -0.03326353 -0.12217148
v -0.02106141 -0.03388947 -0.13006215
v -0.02730105 -0.03382099 -0.11372766
v -0.01713149 -0.03326365 -0.14045565
v -0.01741005 -0.03346115 -0.13966618
v -0.01881799 -0.03368721 -0.13583907
v -0.01698791 -0.03326369 -0.14086735
v -0.01686581 -0.03326952 -0.14122044
v -0.01661336 -0.03328229 -0.14195976
v -0.01658525 -0.03327488 -0.14204353
v -0.03359270 -0.03325780 -0.09061718
v -0.03342609 -0.03327393 -0.09148195
v -0.03319382 -0.03343556 -0.09261982
v -0.03162539 -0.03326795 -0.09948792
v -0.03070129 -0.03361663 -0.10293867
v -0.03014989 -0.03326459 -0.10487619
v -0.02799723 -0.03326363 -0.11170325
v -0.03420890 -0.03336300 -0.08708566
v -0.03475176 -0.03333886 -0.08345908
v -0.03454277 -0.03239479 -0.08523505
v -0.03479292 -0.03251227 -0.08345838
v -0.01251597 0.03369650 -0.15001008
v -0.01140435 0.03317928 -0.15381889
v -0.01220958 0.03296576 -0.15397832
v -0.01429684 0.03358388 -0.14793107
v -0.01414698 0.03309401 -0.14949206
v -0.01460641 0.03322861 -0.14798519
v -0.01621932 0.03336061 -0.14312731
v -0.01652822 0.03382096 -0.14194624
v -0.01659141 0.03360249 -0.14195511
v -0.01297600 0.03248353 -0.15410081
v -0.01263156 0.03275362 -0.15405080
v -0.01253675 0.03280956 -0.15403534
v -0.01542872 0.03452972 -0.14179234
v -0.01507016 0.03445318 -0.14274633
v -0.01594927 0.03440716 -0.14181024
v -0.02013619 0.03509207 -0.12969643
v -0.02015909 0.03508873 -0.12970544
v -0.02063809 0.03490839 -0.12989490
v -0.01630216 0.03416851 -0.14189777
v -0.02081910 0.03474128 -0.12996678
v -0.02092045 0.03458776 -0.13000682
v -0.02099868 0.03439746 -0.13003755
v -0.01278401 0.03228850 -0.15520561
v -0.01025050 0.03219933 -0.15971705
v -0.01069751 0.03182746 -0.16099818
v -0.01127669 0.03162134 -0.16092800
v -0.01175870 0.03134479 -0.16083540
v -0.01204524 0.03109040 -0.16076584
v -0.00942238 0.03050409 -0.16790530
v -0.01701885 -0.03454462 -0.13877596
v -0.01801704 -0.03477961 -0.13569124
v -0.01830129 -0.03462959 -0.13576871
v -0.01666238 -0.03467809 -0.13856475
v -0.01670784 -0.03465769 -0.13868564
v -0.01662701 -0.03467260 -0.13865638
v -0.01658657 -0.03349029 -0.14197029
v -0.01263000 -0.03268137 -0.15405059
v -0.01262594 -0.03268389 -0.15404993
v -0.01352694 -0.03294276 -0.15120418
v -0.01229629 -0.03285593 -0.15399395
v -0.01375346 -0.03404289 -0.14635296
v -0.01546766 -0.03446524 -0.14168830
v -0.01568280 -0.03441539 -0.14175862
v -0.01449167 -0.03321265 -0.14811978
v -0.01425640 -0.03345811 -0.14806335
v -0.01395551 -0.03365992 -0.14798370
v -0.01206832 -0.03294572 -0.15395220
v -0.01140449 -0.03310606 -0.15381892
v -0.01297423 -0.03241183 -0.15410061
v -0.01290255 -0.03247997 -0.15409125
v -0.01319654 -0.03259068 -0.15299472
v -0.01362660 -0.03283771 -0.15123300
v -0.01438268 -0.03311615 -0.14860733
v -0.01558249 -0.03330014 -0.14497255
v -0.01998648 -0.03382434 -0.13280042
v -0.02102781 -0.03418270 -0.13005203
v -0.01992588 -0.03414461 -0.13281666
v -0.02092965 -0.03446563 -0.13001601
v -0.02081016 -0.03465622 -0.12996988
v -0.01978224 -0.03443632 -0.13279971
v -0.02076597 -0.03470700 -0.12995248
v -0.02066443 -0.03479953 -0.12991197
v -0.01956900 -0.03468059 -0.13275410
v -0.02053977 -0.03488282 -0.12986164
v -0.01930370 -0.03485543 -0.13268597
v -0.02013654 -0.03502065 -0.12969659
v -0.01912103 -0.03495649 -0.13226919
v -0.01900269 -0.03494494 -0.13260125
v -0.01795397 -0.03484803 -0.13524659
v -0.01780406 -0.03483132 -0.13562796
v -0.01599759 -0.03427175 -0.14184836
v -0.01626493 -0.03405881 -0.14191660
v -0.01646717 -0.03379279 -0.14195877
v -0.01853885 -0.03440391 -0.13582505
v -0.01871280 -0.03412355 -0.13585487
v -0.01880550 -0.03380790 -0.13585241
v -0.01101632 -0.03069038 -0.16444370
v -0.01153446 -0.03031066 -0.16424026
v -0.01020966 -0.03209222 -0.15990944
v -0.01204035 -0.03100670 -0.16080904
v -0.01151946 -0.02953744 -0.16635844
v -0.01175354 -0.03126253 -0.16087623
v -0.01127150 -0.03153934 -0.16096978
v -0.01069237 -0.03174568 -0.16104089
v -0.01206605 0.01636009 -0.27695030
v -0.01192106 0.01644192 -0.27613765
v -0.01199045 0.01626388 -0.27692062
v -0.01179813 0.01672080 -0.26297787
v -0.01187670 -0.01648174 -0.27613857
v -0.01187675 -0.01648160 -0.27614468
v -0.01197668 -0.01624368 -0.27704230
v -0.01218836 -0.01650454 -0.27714568
v -0.01175753 -0.01676063 -0.26297870
v -0.01039893 0.02584798 -0.17938755
v -0.01061301 0.02572838 -0.17875409
v -0.01666813 -0.03296527 -0.14087909
v -0.01668626 -0.03296436 -0.14082402
v -0.01670450 -0.03296338 -0.14076898
v -0.03571839 -0.02617954 -0.06542324
v -0.03606638 -0.02641766 -0.06537753
v -0.03607086 -0.02637476 -0.06444190
v -0.03597100 -0.02679483 -0.06316727
v -0.03573526 -0.02650251 -0.06334164
v -0.03570459 -0.02643161 -0.06344425
v -0.03532476 -0.02639720 -0.06622841
v -0.03532022 -0.02650103 -0.06640416
v -0.03569466 -0.02657518 -0.06637657
v -0.03533555 -0.02606179 -0.06440350
v -0.03571998 -0.02613523 -0.06441188
v -0.03533788 -0.02603649 -0.06482486
v -0.03544524 -0.02637562 -0.06340954
v -0.03531949 -0.02636087 -0.06341784
v -0.03625306 -0.02708982 -0.06607737
v -0.03630691 -0.02741143 -0.06587481
v -0.03628179 -0.02677465 -0.06530321
v -0.03633387 -0.02711243 -0.06498480
v -0.03628809 -0.02673728 -0.06448828
v -0.03633596 -0.02710641 -0.06471636
v -0.03633605 -0.02710762 -0.06468967
v -0.03627666 -0.02697540 -0.06370942
v -0.03633240 -0.02721551 -0.06412649
v -0.03625346 -0.02748615 -0.06305557
v -0.03630793 -0.02767419 -0.06337979
v -0.03630459 -0.02773419 -0.06332204
v -0.03603723 -0.02678376 -0.06626146
v -0.03533651 -0.02610322 -0.06543279
v -0.03605600 -0.02712105 -0.06292321
v -0.03605708 -0.02664862 -0.06354704
v -0.03605589 -0.02724726 -0.06280988
v -0.03603784 -0.02758211 -0.06245074
v -0.03600837 -0.02821869 -0.06115598
v -0.03620964 -0.02831471 -0.06190629
v -0.03619519 -0.02864531 -0.06052731
v -0.03601199 -0.02826602 -0.05980953
v -0.03601511 -0.02821598 -0.05957025
v -0.03620483 -0.02842215 -0.05912020
v -0.03623069 -0.02768853 -0.05789705
v -0.03604512 -0.02758130 -0.05826954
v -0.03626711 -0.02653822 -0.05705192
v -0.03609386 -0.02629419 -0.05728820
v -0.03630266 -0.02513988 -0.05670412
v -0.03613656 -0.02474899 -0.05701669
v -0.03632449 -0.02371544 -0.05692353
v -0.03615815 -0.02320876 -0.05750218
v -0.03623819 -0.02263626 -0.05780337
v -0.03633319 -0.02247821 -0.05766679
v -0.03623840 -0.02261318 -0.05781366
v -0.03625835 -0.02864495 -0.06205885
v -0.03624498 -0.02900667 -0.06054221
v -0.03625532 -0.02875925 -0.05899735
v -0.03628167 -0.02795229 -0.05765638
v -0.03631977 -0.02668962 -0.05673170
v -0.03635767 -0.02515624 -0.05635257
v -0.03638098 -0.02359565 -0.05659352
v -0.03638792 -0.02224326 -0.05741114
v -0.03632249 -0.01965366 -0.05753578
v -0.03628469 -0.01949837 -0.05774140
v -0.03632151 -0.01997545 -0.05792750
v -0.03633054 -0.02178836 -0.05809320
v -0.03637788 -0.02141237 -0.05785887
v -0.03633469 -0.02122460 -0.05819855
v -0.03636736 -0.02096830 -0.05792740
v -0.03632803 -0.02097776 -0.05822402
v -0.03617185 -0.01934653 -0.05794670
v -0.03606129 -0.01926092 -0.05806509
v -0.03632456 -0.02089014 -0.05823005
v -0.03636698 -0.02095417 -0.05792804
v -0.03633684 -0.02001310 -0.05774939
v -0.02740282 -0.01686290 -0.05695095
v -0.02565403 -0.01608770 -0.05556631
v -0.02563335 -0.01572835 -0.05628636
v -0.02738173 -0.01686291 -0.05675327
v -0.02735336 -0.01686290 -0.05655651
v -0.02666692 -0.01677578 -0.05473831
v -0.02663413 -0.01686247 -0.05368686
v -0.02333353 -0.01473675 -0.05445572
v -0.02301948 -0.01335802 -0.05476186
v -0.02322327 -0.01337367 -0.05497163
v -0.02368509 -0.01386313 -0.05534184
v -0.02468833 -0.01495635 -0.05587105
v -0.02355884 -0.01523814 -0.05423599
v -0.02396784 -0.01586388 -0.05383711
v -0.02459564 -0.01644840 -0.05322479
v -0.02485252 -0.01660349 -0.05297424
v -0.02607801 -0.01686336 -0.05240145
v -0.03989256 -0.02379186 0.00083137
v -0.03989255 -0.02479183 0.00083137
v -0.03962449 -0.02479174 0.00473778
v 0.02367849 -0.02478971 0.03236131
v 0.02811434 -0.02478956 0.02860106
v 0.02898972 -0.01786294 0.02771481
v 0.03037376 -0.02478948 0.02619310
v 0.03195749 -0.02478942 0.02423801
v 0.03399624 -0.01786294 0.02128694
v 0.02387838 -0.01786293 0.03221432
v 0.02278458 -0.01786294 0.03299487
v 0.01874201 -0.02478985 0.03543971
v 0.01563826 -0.01786293 0.03690804
v 0.01336534 -0.01786293 0.03778571
v 0.01341321 -0.02478998 0.03776890
v 0.01641813 -0.02478991 0.03656965
v 0.00167860 -0.01786293 0.04001828
v 0.00203178 -0.02479027 0.04000292
v 0.00784727 -0.01786293 0.03929198
v 0.00780428 -0.02479013 0.03930061
v 0.01336536 -0.02478999 0.03778575
v -0.01670483 -0.01786292 0.03634827
v -0.01504299 -0.02479070 0.03707258
v -0.01126362 -0.01786293 0.03840141
v -0.01014785 -0.02479058 0.03871457
v -0.01014783 -0.01786292 0.03871449
v -0.00951582 -0.02479056 0.03887660
v -0.00558221 -0.01786292 0.03964382
v -0.00378444 -0.02479041 0.03986048
v 0.00021559 -0.01786292 0.04004928
v -0.00102319 -0.02479035 0.04003381
v 0.00167860 -0.02479028 0.04001845
v -0.02995073 -0.01786292 0.02644956
v -0.02927791 -0.02479113 0.02719641
v -0.02580592 -0.01786292 0.03052721
v -0.02503142 -0.02479099 0.03116900
v -0.02179080 -0.01786291 0.03352782
v -0.02106769 -0.02479086 0.03398989
v -0.02106758 -0.01786292 0.03398972
v -0.02025148 -0.02479084 0.03448545
v -0.01824483 -0.02479079 0.03559491
v -0.03346132 -0.01786292 0.02181298
v -0.03183662 -0.02479123 0.02413421
v -0.03011451 -0.02479115 0.02626202
v -0.03939611 -0.01786292 0.00637983
v -0.03912035 -0.02479166 0.00791007
v -0.03829497 -0.01786292 0.01126740
v -0.03800115 -0.02479155 0.01222806
v -0.03648810 -0.01786292 0.01621503
v -0.03648825 -0.02479145 0.01621509
v -0.03626247 -0.01786292 0.01671634
v -0.03583183 -0.02479141 0.01762575
v -0.03290302 -0.02479127 0.02265096
v -0.03955181 -0.01786290 -0.00521838
v -0.03958391 -0.02379177 -0.00497089
v -0.03989659 -0.01786292 0.00058706
v -0.03962450 -0.01786292 0.00473778
v -0.03936431 -0.02479169 0.00657536
v -0.03796095 -0.01786290 -0.01225418
v -0.03796084 -0.02379151 -0.01225385
v -0.03845097 -0.01786290 -0.01062006
v -0.03843736 -0.02379158 -0.01066910
v -0.03947140 -0.02379174 -0.00579183
v -0.03310382 -0.03424870 0.00069864
v -0.03139405 -0.03436286 0.00066521
v -0.03087265 -0.03436291 0.00576928
v -0.02179104 -0.03436290 0.02269953
v -0.02261212 -0.03373253 0.02697749
v -0.02429656 -0.03436291 0.01997583
v -0.02802588 -0.03373253 0.02126030
v -0.02725090 -0.03436290 0.01565825
v -0.03203737 -0.03373253 0.01447718
v -0.02862373 -0.03436291 0.01294463
v -0.03477173 -0.03385983 0.00073125
v -0.03444048 -0.03373253 0.00697216
v -0.02952025 -0.03436290 0.01072414
v -0.03862927 -0.02878548 0.00781166
v -0.03986643 -0.02579151 0.00083086
v -0.03593473 -0.02878547 0.01622687
v -0.03143675 -0.02878548 0.02383263
v -0.01801515 -0.02878549 0.03514983
v -0.02536642 -0.02878549 0.03024318
v -0.00975856 -0.02878549 0.03829866
v -0.00100914 -0.02878549 0.03953316
v 0.01621383 -0.02878548 0.03611237
v 0.00779387 -0.02878548 0.03879216
v 0.02999471 -0.02878548 0.02586575
v 0.02382657 -0.02878548 0.03162843
v 0.03510623 -0.02569837 0.01935852
v 0.03469105 -0.02876691 0.01912951
v 0.03373807 -0.03118351 0.01860387
v 0.03231159 -0.03288608 0.01781704
v 0.03330473 -0.03183817 0.01836484
v 0.02880046 -0.03183818 0.02483443
v 0.02676141 -0.03373252 0.02307357
v 0.03094568 -0.03373252 0.01706362
v 0.02126042 -0.03373253 0.02821294
v 0.02276278 -0.03436290 0.02192745
v 0.02590086 -0.03436290 0.01812044
v 0.02768216 -0.03436048 0.01526351
v 0.03034979 -0.03396432 0.01673494
v 0.01447105 -0.03373254 0.03221193
v 0.01470774 -0.03436290 0.02795747
v 0.01888684 -0.03436291 0.02533386
v 0.00516513 -0.03436290 0.03113950
v 0.00995593 -0.03436291 0.02996773
v 0.01295055 -0.03436290 0.02880903
v 0.00696176 -0.03373253 0.03460188
v -0.00088923 -0.03373253 0.03526273
v 0.00001953 -0.03436291 0.03154936
v -0.00489860 -0.03436290 0.03115036
v -0.00869224 -0.03373253 0.03416176
v -0.00776197 -0.03436290 0.03055250
v -0.02171463 -0.03436290 0.02277313
v -0.01881571 -0.03436290 0.02523763
v -0.01605593 -0.03373253 0.03135346
v -0.01445451 -0.03436290 0.02798533
v -0.00990860 -0.03436290 0.02991712
v -0.03708210 -0.03183817 0.00750159
v -0.03763836 -0.03203563 0.00078730
v -0.03632145 -0.03312888 0.00076155
v 0.02287874 -0.03183818 0.03036688
v 0.01557013 -0.03183818 0.03467171
v 0.00748653 -0.03183819 0.03724444
v -0.00096486 -0.03183819 0.03795583
v -0.00936470 -0.03183819 0.03677066
v -0.01729150 -0.03183818 0.03374760
v -0.02434910 -0.03183819 0.02903696
v -0.03017692 -0.03183818 0.02288251
v -0.03449520 -0.03183818 0.01558061
v -0.03930637 -0.02906742 0.00081991
v -0.03863693 -0.03064387 0.00080682
v -0.02215635 0.03525038 -0.05207607
v -0.02436193 0.03519655 -0.05292726
v -0.02375470 0.03520828 -0.05256152
v -0.02416403 0.03466073 -0.05185299
v -0.02429553 0.03417497 -0.05182268
v -0.02051358 0.03425624 -0.05059396
v -0.01809420 0.03428502 -0.05009199
v -0.01808665 0.03437047 -0.05009269
v -0.01817908 0.03464674 -0.05014799
v -0.02772236 0.03405712 -0.05366252
v -0.02873205 0.03449901 -0.05452154
v -0.02878925 0.03400964 -0.05446348
v -0.03050766 0.03392015 -0.05609451
v -0.03225340 0.03430139 -0.05859092
v -0.03266159 0.03377790 -0.05912617
v -0.03414270 0.03364854 -0.06260998
v -0.03434491 0.03412617 -0.06361242
v -0.03441419 0.03361982 -0.06352878
v -0.03511458 0.03353062 -0.06690369
v -0.03539591 0.03397089 -0.07100525
v -0.03552249 0.03343705 -0.07226554
v -0.03499255 0.03403616 -0.08012877
v -0.03515087 0.03338615 -0.08014667
v -0.03275758 0.03478079 -0.06144161
v -0.03318022 0.03474646 -0.06293389
v -0.03358248 0.03470544 -0.06395268
v -0.03413445 0.03464145 -0.06725127
v -0.02439840 0.03519551 -0.05294360
v -0.02499442 0.03517797 -0.05322228
v -0.02606800 0.03513838 -0.05367597
v -0.02521687 0.03517107 -0.05333263
v -0.02527043 0.03516940 -0.05335985
v -0.02683770 0.03511482 -0.05426291
v -0.02721279 0.03510020 -0.05451740
v -0.02818689 0.03505489 -0.05512848
v -0.02721940 0.03509995 -0.05452247
v -0.02971349 0.03498508 -0.05671718
v -0.02096098 0.03526925 -0.05163791
v -0.01973834 0.03529232 -0.05142027
v -0.02196424 0.03525434 -0.05201428
v -0.02395491 0.03509682 -0.05219082
v -0.01841948 0.03515352 -0.05055187
v -0.01798979 0.03531226 -0.05107055
v -0.01808869 0.03530775 -0.05101215
v -0.01834014 0.03525600 -0.05076962
v -0.03411181 0.03452548 -0.08003549
v -0.03421587 0.03451074 -0.08004628
v -0.03454776 0.03452347 -0.07560382
v -0.03473794 0.03431574 -0.08010124
v -0.03500292 0.03442706 -0.07108954
v -0.03398398 0.03457557 -0.06379460
v -0.03427537 0.03462290 -0.06752400
v -0.03457408 0.03456472 -0.07114857
v -0.03451303 0.03455696 -0.07299447
v -0.03193730 0.03474572 -0.05883266
v -0.03447633 0.03457787 -0.07116014
v -0.02846712 0.03493885 -0.05481371
v -0.03006120 0.03496204 -0.05694901
v -0.03158502 0.03486850 -0.05907155
v -0.03170864 0.03486355 -0.05948769
v -0.03150029 0.03487784 -0.05912732
v -0.03489038 0.03417996 -0.08011764
v -0.03523915 0.03423789 -0.07104642
v -0.03420321 0.03439009 -0.06369428
v -0.03213010 0.03456294 -0.05869247
v -0.02862563 0.03475856 -0.05463769
v -0.02407520 0.03491864 -0.05198543
v -0.01839229 0.03501607 -0.05038004
v 0.01677999 0.01738775 -0.26545089
v 0.01708755 0.01739315 -0.26334041
v 0.01708767 -0.00246399 -0.26334035
v 0.00992743 -0.01700842 -0.28303871
v 0.00992752 -0.00366338 -0.28303885
v 0.01056870 -0.00353979 -0.28159949
v 0.01421017 -0.01722488 -0.27342033
v 0.01627959 0.01737526 -0.26790732
v 0.01605674 0.00003662 -0.26872531
v 0.01557779 0.01735221 -0.27018103
v 0.01420568 0.00003659 -0.27343312
v 0.01294778 0.01724152 -0.27625901
v 0.00992754 0.00373662 -0.28303882
v 0.00992742 0.01708167 -0.28303874
v 0.01056872 0.00361307 -0.28159949
v 0.01617019 -0.01729880 -0.26831946
v 0.01708760 -0.01731990 -0.26334029
v 0.03343632 -0.01692222 0.02093613
v 0.03394324 -0.01751482 0.02125374
v 0.02894455 -0.01751482 0.02767156
v 0.01561397 -0.01751482 0.03685042
v 0.02274911 -0.01751483 0.03294336
v 0.00783515 -0.01751483 0.03923063
v -0.00026459 -0.01751482 0.03998525
v -0.00834922 -0.01751482 0.03908296
v -0.01608331 -0.01751482 0.03656120
v -0.02314597 -0.01751482 0.03252460
v -0.02924418 -0.01751482 0.02714062
v -0.03758573 -0.01751482 0.01327072
v -0.03412493 -0.01751482 0.02063266
v -0.03948298 -0.01751482 0.00536023
v -0.03973798 -0.01751482 -0.00277060
v -0.03834014 -0.01751482 -0.01078442
v -0.03811521 -0.01715249 -0.01072103
v -0.03767393 -0.01714715 -0.01216138
v -0.03789207 -0.01748933 -0.01223190
v -0.03776437 -0.01692222 -0.01062214
v -0.03734399 -0.01692675 -0.01205471
v -0.03914127 -0.01692222 -0.00272835
v -0.03889010 -0.01692222 0.00528068
v -0.03702126 -0.01692221 0.01307268
v -0.03361230 -0.01692221 0.02032435
v -0.02880465 -0.01692221 0.02673484
v -0.02279778 -0.01692221 0.03203817
v -0.01584091 -0.01692221 0.03601431
v -0.00822267 -0.01692221 0.03849830
v -0.00025913 -0.01692221 0.03938707
v 0.01538159 -0.01692222 0.03629919
v 0.00771929 -0.01692222 0.03864376
v 0.02851250 -0.01692221 0.02725782
v 0.02240986 -0.01692221 0.03245066
v -0.03950488 -0.01715248 -0.00275409
v -0.03925138 -0.01715249 0.00532916
v -0.03736522 -0.01715248 0.01319335
v -0.03392468 -0.01715249 0.02051222
v -0.02907248 -0.01715249 0.02698211
v -0.02300995 -0.01715249 0.03233458
v -0.01598861 -0.01715249 0.03634756
v -0.00829978 -0.01715249 0.03885456
v -0.00026246 -0.01715249 0.03975157
v 0.00778989 -0.01715249 0.03900137
v 0.01552319 -0.01715248 0.03663508
v 0.02261658 -0.01715248 0.03275089
v 0.02877577 -0.01715248 0.02750993
v 0.03374521 -0.01715249 0.02112966
v -0.00092922 0.03514244 -0.05104177
v 0.00776888 0.03503751 -0.05046436
v -0.00092525 0.03491477 -0.05071592
v 0.00773697 0.03481885 -0.05015382
v -0.00092489 0.03457851 -0.05050462
v 0.00772780 0.03458413 -0.04998462
v 0.02951157 0.02794047 -0.15203014
v 0.02942770 0.02728578 -0.15615155
v 0.02934579 0.02600678 -0.16017663
v -0.01811698 -0.00164711 -0.05226694
v -0.01811700 -0.00166619 -0.05226797
v -0.01810640 -0.00166547 -0.05174972
v -0.01800015 0.00003663 -0.05222428
v -0.01792470 0.00497764 -0.05158991
v -0.01796541 0.00579874 -0.05222499
v -0.01820527 0.00928816 -0.05222011
v -0.01845251 0.01151899 -0.05159755
v -0.01883748 0.01395310 -0.05164375
v -0.01954677 -0.00759454 -0.05246286
v -0.02023728 -0.01318318 -0.05249972
v -0.02504942 0.03197235 -0.05213398
v -0.02480532 0.03179225 -0.05206710
v -0.02186788 0.03203868 -0.05094722
v -0.02305809 0.03054143 -0.05159463
v -0.01954623 0.03212328 -0.05035790
v -0.02270714 0.02998948 -0.05155453
v -0.02269417 0.02995824 -0.05155481
v -0.01874156 0.02943631 -0.05041144
v -0.02176363 0.02750014 -0.05157499
v -0.01781390 0.02423497 -0.05054350
v -0.02097672 0.02499227 -0.05159254
v -0.02093711 0.02483909 -0.05159426
v -0.01761417 0.02239422 -0.05059855
v -0.01943834 0.01797792 -0.05162919
v -0.01718850 0.01560601 -0.05082115
v -0.01706227 0.00959698 -0.05102260
v -0.01701082 0.00199338 -0.05117425
v -0.01848228 -0.00418555 -0.05192303
v -0.02031399 -0.00923047 -0.05289717
v -0.02205203 -0.01196612 -0.05404334
v -0.02424414 0.03306781 -0.05180059
v -0.02729124 0.03302085 -0.05337058
v -0.02916598 0.03333979 -0.05477515
v -0.03122174 0.03334156 -0.05693581
v -0.03234703 0.03334264 -0.05856669
v -0.03387556 0.03334489 -0.06179729
v -0.03445940 0.03334565 -0.06367036
v -0.03470002 0.03334609 -0.06464626
v -0.03552974 0.03334879 -0.07351432
v -0.03547808 0.03334796 -0.07067193
v -0.03500257 0.03334666 -0.06616551
v -0.01824263 0.03324255 -0.05011863
v -0.01875445 0.03240140 -0.05020293
v -0.01845991 0.03274335 -0.05015301
v -0.01889526 0.03268404 -0.05023392
v -0.01915003 0.03218568 -0.05027672
v -0.03505259 0.03335154 -0.08106861
v -0.03408147 -0.03138796 -0.08122352
v -0.03457373 -0.03138553 -0.08030789
v -0.03507498 -0.03051674 -0.07543192
v -0.03452134 -0.03192700 -0.08430868
v -0.03458113 -0.03212508 -0.08458288
v -0.03513413 -0.03197682 -0.08031368
v -0.03446280 -0.03183420 -0.08425043
v -0.03464309 -0.03060656 -0.07609367
v -0.03542863 -0.02890461 -0.07075418
v -0.03502590 -0.02902788 -0.07123666
v -0.03529144 -0.02682402 -0.06692083
v -0.03616812 -0.02885286 -0.06838245
v -0.03598753 -0.02945399 -0.07054919
v -0.03585638 -0.03085827 -0.07320501
v -0.03563447 -0.03109033 -0.07532957
v -0.03540978 -0.03209600 -0.07829294
v -0.03576987 -0.02912676 -0.07067931
v -0.03541578 -0.03074738 -0.07540029
v -0.03491610 -0.03162211 -0.08032367
v -0.03428747 -0.03152905 -0.08257762
v 0.01056740 -0.03436142 -0.02966313
v 0.01472997 -0.03436290 -0.02648445
v 0.00550757 -0.03436676 -0.03099754
v 0.00493893 -0.03436291 -0.02986163
v 0.00039581 -0.03436072 -0.03146843
v 0.01527322 -0.03436241 -0.02757244
v 0.01955225 -0.03436427 -0.02474181
v 0.02281162 -0.03436291 -0.02000705
v 0.01845385 -0.03436291 0.02415792
v 0.02519100 -0.03436290 0.01703537
v 0.02896303 -0.03436292 -0.01258796
v 0.02652837 -0.03436338 -0.01711000
v 0.02336953 -0.03436181 -0.02118125
v 0.02930121 -0.03436290 0.00813446
v 0.03065152 -0.03435311 0.00778821
v 0.02988247 -0.03435294 0.01034844
v -0.01821998 -0.03436290 0.02418398
v -0.00955472 -0.03436290 0.02877018
v 0.03064933 -0.03436377 -0.00763126
v 0.03072412 -0.03435927 -0.00732678
v 0.03035416 -0.03436291 -0.00161291
v 0.03114830 -0.03435495 -0.00526528
v -0.00472642 -0.03436038 -0.03108494
v -0.00541752 -0.03436291 -0.02974400
v -0.00566295 -0.03436290 -0.02969750
v -0.01912274 -0.03436304 -0.02493725
v -0.01456503 -0.03436732 -0.02785476
v -0.01539845 -0.03436290 -0.02598696
v -0.01512932 -0.03436290 -0.02614529
v -0.02843786 -0.03436291 -0.01013350
v -0.02968545 -0.03436264 -0.01020090
v -0.02828798 -0.03436291 -0.01054415
v -0.02910518 -0.03436302 -0.01174974
v -0.02330155 -0.03436291 -0.01919807
v -0.01906382 -0.03436289 0.02502568
v -0.02171135 -0.03436246 0.02261697
v -0.02856684 -0.03436291 0.00986340
v 0.00979512 -0.03436290 0.02875643
v 0.00012133 -0.03436290 0.03034944
v 0.03159973 -0.03435822 -0.00011910
v 0.03159314 -0.03435322 0.00087498
v 0.03110279 -0.03435308 0.00570911
v -0.03020008 -0.03436290 0.00013502
v -0.03019738 -0.03436290 -0.00036456
v -0.03115953 -0.03436290 -0.00385833
v -0.03010809 -0.03436290 -0.00888452
v -0.00982044 -0.03436717 -0.02986392
v -0.02679072 -0.03436281 -0.01635086
v -0.02372908 -0.03436249 -0.02054637
v -0.02306175 -0.03436290 -0.01948598
v -0.02336633 -0.03436264 -0.02090238
v -0.02331464 -0.03436266 -0.02095311
v -0.02160497 -0.03436334 -0.02263101
v -0.02001343 -0.03436399 -0.02419299
v -0.00835141 0.03431971 -0.05028902
v -0.00463956 0.03427250 -0.05036456
v -0.00835055 0.03440220 -0.05029245
v -0.00834874 0.03467424 -0.05035405
v -0.00834871 0.03468177 -0.05035694
v -0.00834854 0.03485372 -0.05044365
v -0.00834927 0.03501154 -0.05056711
v -0.00835180 0.03518459 -0.05078724
v -0.01310221 0.03434623 -0.05019233
v -0.01785296 0.03431403 -0.05009566
v 0.00961826 0.00823663 -0.29039887
v 0.00961824 0.01708273 -0.29039887
v 0.00915379 0.00823662 -0.28846338
v 0.00907756 0.01703674 -0.28767300
v 0.00907051 0.01703527 -0.28668872
v 0.00928993 0.01704725 -0.28498474
v 0.00929628 0.00373662 -0.28495574
v 0.00907048 0.00373662 -0.28668931
v 0.00915378 0.00373662 -0.28846338
v -0.01182659 0.00527172 -0.28126612
v -0.01129630 -0.00457448 -0.28127691
v -0.01233180 0.00629459 -0.28125584
v -0.01223222 -0.00595007 -0.28125787
v -0.01233181 -0.00622135 -0.28125584
v -0.00853006 0.00353663 -0.28133321
v 0.01038194 0.00353663 -0.28171808
v 0.01038189 -0.00346337 -0.28171808
v -0.01134560 0.00469576 -0.28127590
v -0.01041476 0.00400860 -0.28129485
v -0.00965713 -0.00362549 -0.28131026
v -0.00853006 -0.00346338 -0.28133321
v 0.02926889 0.02490151 -0.16395527
v 0.03952071 0.02492361 -0.16405310
v 0.02927115 -0.02484945 -0.16384433
v -0.03467926 0.03381266 -0.08345730
v -0.02667015 0.03438366 -0.11529703
v -0.02646597 0.03472265 -0.11529489
v -0.02614640 0.03495461 -0.11526341
v -0.02559868 0.03507667 -0.11554077
v -0.03100882 0.03463185 -0.09952675
v -0.03058195 0.03475057 -0.09948861
v -0.02909153 0.03486533 -0.10493147
v -0.03412130 0.03442453 -0.08343498
v -0.03370975 0.03453151 -0.08341756
v -0.03180923 0.03465319 -0.09424231
v -0.03152756 0.03405974 -0.09955230
v -0.03132648 0.03439904 -0.09954823
v -0.03446696 0.03417966 -0.08344916
v -0.01038899 0.03555495 -0.12526767
v -0.00373562 0.03532707 -0.12858674
v -0.00928344 0.03506969 -0.13631305
v -0.00297576 0.03466336 -0.14007761
v -0.00816788 0.03416953 -0.14732353
v -0.00703171 0.03270152 -0.15826653
v -0.02124394 0.03548624 -0.08287925
v -0.00833947 0.03581747 -0.08233169
v -0.01897963 0.03570045 -0.10380503
v -0.00738340 0.03588281 -0.09661230
v -0.01790202 0.03568185 -0.11487319
v -0.00536915 0.03574506 -0.11434978
v -0.00413264 0.03548282 -0.12461177
v -0.01680915 0.03548941 -0.12592693
v -0.01569009 0.03498641 -0.13695613
v -0.03316631 -0.03451569 -0.08704223
v -0.03370956 -0.03449407 -0.08341813
v -0.03319066 -0.03451213 -0.08704353
v -0.03390906 -0.03435696 -0.08525413
v -0.03375796 -0.03429006 -0.08707297
v -0.03419916 -0.03413399 -0.08526710
v -0.03391818 -0.03414775 -0.08708026
v -0.03439984 -0.03380049 -0.08527410
v -0.03404951 -0.03396104 -0.08708514
v -0.03430169 -0.03426729 -0.08344267
v -0.03447239 -0.03411283 -0.08344956
v -0.03458639 -0.03395000 -0.08345393
v -0.01953663 -0.03409183 -0.02853636
v -0.02300280 -0.03332623 -0.02875515
v -0.02253667 -0.03293732 -0.03333596
v -0.03082607 -0.03030141 -0.02681569
v -0.03214211 -0.02924745 -0.02713976
v -0.03232084 -0.02867253 -0.03412200
v -0.03428324 -0.02721408 -0.02767021
v -0.02100847 -0.03431042 -0.02443453
v -0.02337077 -0.03388716 -0.02500339
v -0.02424024 -0.03363988 -0.02521256
v -0.01603297 -0.03436916 -0.02833707
v -0.01340195 -0.03439768 -0.03013052
v -0.01561497 -0.03427061 -0.03296453
v -0.01068061 -0.03447928 -0.03332615
v -0.00927527 -0.03457280 -0.03580509
v -0.01501810 -0.03445300 -0.04234760
v -0.00842084 -0.03471322 -0.03884939
v -0.00820404 -0.03491747 -0.04299550
v -0.01115560 -0.03545411 -0.06075585
v -0.00854745 -0.03548477 -0.06081668
v -0.02200011 -0.03305460 -0.04270585
v -0.01972108 -0.03477155 -0.06054116
v -0.01421900 -0.03530991 -0.06068047
v -0.02837738 -0.03188657 -0.02621684
v -0.02920144 -0.03036680 -0.03383672
v -0.02883877 -0.03091797 -0.04317442
v -0.03523674 -0.03127236 -0.06027932
v -0.02766942 -0.03337032 -0.06036677
v -0.03523947 -0.03122267 -0.06003491
v -0.03514485 -0.02821736 -0.04426136
v -0.03504194 -0.02686676 -0.03458020
v -0.03513998 -0.02628869 -0.02788115
v -0.02733092 -0.03242887 -0.02596189
v 0.01581319 -0.01964692 -0.26105180
v 0.01645097 -0.01939569 -0.26107475
v 0.01338811 -0.01822633 -0.27492517
v 0.00987367 -0.01764141 -0.28303817
v 0.01303183 -0.01885181 -0.27493227
v 0.00950542 -0.01854734 -0.28303188
v 0.01252476 -0.01925995 -0.27491817
v 0.00884825 -0.01909050 -0.28301948
v 0.01184123 -0.01949846 -0.27488357
v 0.00827927 -0.01927788 -0.28300899
v 0.01465890 -0.01962125 -0.26794288
v 0.01352972 -0.01968073 -0.26848170
v 0.01128614 -0.01957614 -0.27386093
v 0.01458204 -0.01971485 -0.26327670
v 0.01712326 -0.01976931 -0.24357621
v 0.01692125 -0.01897740 -0.26107806
v 0.01724407 -0.01835134 -0.26106092
v 0.01995194 -0.01767569 -0.24118607
v 0.00726335 -0.01933150 -0.28298479
v 0.01531118 -0.01937462 -0.26797330
v 0.01579284 -0.01895933 -0.26798078
v 0.01612576 -0.01833454 -0.26796445
v 0.01612608 0.01840772 -0.26796326
v 0.01227287 0.01969841 -0.27164766
v 0.01387321 0.01976693 -0.26723987
v 0.01465927 0.01969451 -0.26794171
v 0.02021672 0.01878622 -0.23779865
v 0.01780108 0.01741057 -0.25780821
v 0.02032176 0.01847899 -0.23779912
v 0.02039019 0.01788525 -0.23779938
v 0.01724425 0.01842453 -0.26105967
v 0.01999388 0.01915023 -0.23779729
v 0.01692144 0.01905061 -0.26107681
v 0.01982927 0.01932060 -0.23779628
v 0.01581339 0.01972017 -0.26105058
v 0.01474118 0.01979183 -0.26207432
v 0.01579549 0.01981509 -0.25385699
v 0.01971522 0.01941216 -0.23779561
v 0.01645117 0.01946893 -0.26107353
v 0.01937707 0.01960567 -0.23779362
v 0.01871242 0.01979998 -0.23778966
v 0.00908494 0.01902844 -0.28302288
v 0.00827787 0.01935161 -0.28300720
v 0.01184198 0.01957175 -0.27488202
v 0.00811832 0.01937915 -0.28300452
v 0.00726209 0.01940462 -0.28298241
v 0.01252549 0.01933321 -0.27491665
v 0.01303256 0.01892506 -0.27493072
v 0.00940987 0.01874119 -0.28302920
v 0.01338883 0.01829955 -0.27492362
v 0.00977585 0.01809413 -0.28303626
v 0.00964297 0.01840119 -0.28303373
v 0.01531153 0.01944786 -0.26797214
v 0.01579319 0.01903255 -0.26797959
v -0.00861320 0.03562853 -0.06568018
v -0.01180906 -0.03573313 -0.08247054
v -0.00833946 -0.03574430 -0.08233168
v -0.00861004 -0.03563348 -0.07157886
v -0.02858240 -0.03450925 -0.07197383
v -0.02199868 -0.03518023 -0.07211204
v -0.02169892 -0.03541337 -0.07794059
v -0.02130617 -0.03548321 -0.08285794
v -0.03417857 -0.03436030 -0.07962427
v -0.02630928 -0.03522157 -0.08307456
v -0.03488404 -0.03333494 -0.07117078
v -0.03596542 -0.02752237 -0.04432464
v -0.03615828 -0.03005722 -0.05878777
v -0.03597926 -0.03045100 -0.05877246
v -0.03538319 -0.03306004 -0.07805061
v -0.03568279 -0.03291945 -0.07355492
v -0.03548649 -0.03328504 -0.07354508
v -0.03522005 -0.03351442 -0.07353976
v -0.03590702 -0.03208869 -0.07110865
v -0.03602548 -0.02673180 -0.04432408
v -0.03622602 -0.02934422 -0.05754203
v -0.03621054 -0.02988638 -0.06009099
v -0.03572651 -0.03071614 -0.05877209
v -0.03558752 -0.02798444 -0.04433230
v -0.03577320 -0.02783686 -0.04433110
v -0.03590178 -0.02766938 -0.04432637
v -0.03591302 -0.02764872 -0.04432599
v -0.02541857 -0.03435975 -0.11868127
v -0.03061708 -0.03405930 -0.10294061
v -0.02552089 -0.03501061 -0.11573221
v -0.02922136 -0.03479262 -0.10447473
v -0.03011322 -0.03462418 -0.10291526
v -0.03183866 -0.03460033 -0.09407780
v -0.03042220 -0.03439031 -0.10293777
v -0.02490758 -0.03491727 -0.11864761
v -0.02521857 -0.03468749 -0.11867944
v -0.02536350 -0.03521171 -0.10443153
v -0.01569201 -0.03491462 -0.13695699
v -0.01681073 -0.03542085 -0.12592816
v -0.01898153 -0.03564096 -0.10380730
v -0.00725206 -0.03581317 -0.09801878
v -0.01038967 -0.03548420 -0.12526919
v -0.00928465 -0.03499771 -0.13631426
v -0.00703420 -0.03262813 -0.15826739
v -0.00816976 -0.03409665 -0.14732459
v -0.00287760 -0.03433432 -0.14344460
v -0.00344474 -0.03509869 -0.13198298
v -0.00478704 -0.03558227 -0.11894497
v -0.03054186 -0.01687428 -0.05264039
v -0.03051488 -0.01686291 -0.05189654
v -0.03518093 -0.01686291 -0.05180774
v -0.03061558 -0.01732345 -0.05580178
v -0.03525146 -0.01706288 -0.05484297
v -0.03520418 -0.01687715 -0.05278524
v -0.03139616 -0.01841787 -0.05784341
v -0.03530330 -0.01834822 -0.05772967
v -0.03139588 -0.01839983 -0.05782680
v -0.03530304 -0.01833110 -0.05771381
v -0.03526833 -0.01725582 -0.05567437
v -0.02854447 -0.01705441 -0.05465681
v -0.02907868 -0.01716881 -0.05523230
v -0.03050819 -0.01773660 -0.05680183
v -0.03602500 -0.01786284 -0.04432419
v -0.03618045 -0.01783949 -0.05178905
v -0.03623378 -0.01804096 -0.05480858
v -0.03628774 -0.01889423 -0.05682990
v -0.03629969 -0.01913167 -0.05714748
v -0.03631125 -0.01939356 -0.05734026
v -0.03616663 -0.01880046 -0.05749849
v -0.03583668 -0.01857383 -0.05776247
v -0.03572642 -0.01853499 -0.05780992
v -0.03606114 -0.01923358 -0.05805748
v -0.03601018 -0.01866465 -0.05765456
v -0.03579348 -0.01686310 -0.01710221
v -0.03491040 -0.01686291 -0.02522386
v -0.03557487 -0.01692695 -0.02153607
v -0.03623341 -0.01692694 -0.01673848
v -0.03657529 -0.01714800 -0.01679866
v -0.03680092 -0.01749113 -0.01683838
v -0.03687151 -0.01786540 -0.01685080
v -0.03576827 -0.01786290 -0.03119391
v -0.03621926 -0.01786564 -0.02160317
v -0.03614804 -0.01749129 -0.02159575
v -0.03592018 -0.01714809 -0.02157202
v -0.03570825 -0.01752165 -0.03119509
v -0.03547543 -0.01715579 -0.03119964
v -0.03510964 -0.01692293 -0.03120679
v -0.03476846 -0.01686290 -0.03121347
v -0.03502519 -0.01686291 -0.04434371
v -0.03517573 -0.01687430 -0.04434075
v -0.03590565 -0.01738908 -0.04432641
v -0.03572860 -0.01715225 -0.04432987
v -0.03573216 -0.01715579 -0.04432980
v -0.03536637 -0.01692292 -0.04433699
v -0.03558193 -0.01703228 -0.04433275
v -0.03510440 -0.01686291 -0.04807569
v -0.03565447 -0.01698220 -0.05179890
v -0.03617439 -0.01775059 -0.05178917
v -0.03610275 -0.01747575 -0.05179052
v -0.03600940 -0.01730314 -0.05179226
v -0.03587605 -0.01714416 -0.05179476
v -0.03544801 -0.02695438 -0.03778199
v -0.03572020 -0.02659882 -0.03780113
v -0.03600911 -0.02659717 -0.04354810
v -0.03576840 -0.02484034 -0.03119384
v -0.03559405 -0.02578285 -0.03123703
v -0.03600355 -0.02424010 -0.02399402
v -0.03793576 -0.02579141 -0.01224767
v -0.03754859 -0.02481274 -0.01365532
v -0.03690512 -0.02387655 -0.01665652
v -0.03612317 -0.02510428 -0.02165759
v -0.03620956 -0.02410161 -0.02168247
v -0.03536079 -0.02617911 -0.03121116
v -0.03551392 -0.02581092 -0.02641473
v -0.03600884 -0.02557768 -0.02163800
v -0.03591845 -0.02601539 -0.02116431
v -0.03610092 -0.02597895 -0.02008742
v -0.03734350 -0.02581204 -0.01429665
v -0.03576827 -0.02135162 -0.03119388
v -0.03621269 -0.01882707 -0.02164536
v -0.03621026 -0.02097964 -0.02164781
v -0.03751349 -0.02083169 -0.01381199
v -0.03751411 -0.01875656 -0.01381136
v -0.03272934 -0.03424416 -0.00503267
v -0.03266693 -0.03395947 -0.01094059
v -0.03438191 -0.03384898 -0.00521628
v -0.03590712 -0.03311911 -0.00538632
v -0.03469427 -0.03298597 -0.01144356
v -0.03720333 -0.03203807 -0.00553149
v -0.03633013 -0.03131571 -0.01184939
v -0.03819405 -0.03066350 -0.00564318
v -0.03886779 -0.02909815 -0.00571993
v -0.03744824 -0.02887258 -0.01212676
v -0.03831410 -0.02579138 -0.01100491
v -0.03952939 -0.02579220 -0.00518017
v -0.03429109 -0.02984087 -0.01978022
v -0.03278162 -0.03167342 -0.01942084
v -0.03093890 -0.03306527 -0.01891741
v -0.02890397 -0.03393028 -0.01831381
v -0.02681090 -0.03433219 -0.01766330
v -0.02334527 -0.03436243 -0.02096276
v -0.03304331 -0.02946546 -0.02371415
v -0.03615601 -0.01766982 -0.05471880
v -0.03550968 -0.01839018 -0.05774628
v -0.03567668 -0.01849203 -0.05779134
v -0.03562329 -0.01761759 -0.05644432
v -0.03596304 -0.01781215 -0.05634350
v -0.03559032 -0.01712759 -0.05482519
v -0.03593038 -0.01734140 -0.05478104
v -0.02934932 -0.03406290 -0.00567330
v -0.02990009 -0.03406290 0.00013418
v -0.02988481 -0.03406290 0.00101044
v -0.02953061 -0.03406291 0.00474402
v -0.02806048 -0.03406290 0.01039348
v -0.02613804 -0.03406290 0.01459510
v -0.02337727 -0.03406291 0.01872637
v -0.01958080 -0.03406290 0.02269175
v -0.01064979 -0.03406291 0.02805742
v -0.01801079 -0.03406291 0.02396611
v 0.01830687 -0.03406290 0.02389274
v 0.00975084 -0.03406291 0.02845468
v 0.00018664 -0.03406291 0.03004932
v -0.00042222 -0.03406291 0.03004490
v -0.00941152 -0.03406290 0.02850177
v 0.02496092 -0.03406291 0.01684005
v 0.01898062 -0.03406290 0.02336285
v 0.02901791 -0.03406290 0.00803336
v 0.02581562 -0.03406290 0.01549925
v 0.03005401 -0.03406290 -0.00160735
v 0.02954891 -0.03406290 0.00577219
v 0.02796100 -0.03406290 -0.01107499
v 0.02973020 -0.03406291 -0.00464512
v 0.01978039 -0.03406291 -0.02259286
v 0.02254578 -0.03406290 -0.01985477
v 0.02345831 -0.03406290 -0.01877553
v 0.02633763 -0.03406290 -0.01449620
v 0.00883796 -0.03406291 -0.02864976
v 0.01084938 -0.03406291 -0.02795852
v 0.01447670 -0.03406290 -0.02628123
v 0.01689040 -0.03406291 -0.02481168
v 0.00470782 -0.03406291 -0.02959454
v 0.00062181 -0.03406290 -0.02994601
v 0.00001295 -0.03406291 -0.02995043
v -0.00560589 -0.03406291 -0.02940298
v -0.00941926 -0.03406291 -0.02840029
v -0.01878103 -0.03406291 -0.02326395
v -0.01788508 -0.03406291 -0.02396189
v -0.01524500 -0.03406290 -0.02572917
v -0.00966872 -0.03406291 -0.02831561
v -0.02306985 -0.03406291 -0.01900750
v -0.02452504 -0.03406291 -0.01708582
v -0.02866505 -0.03406291 -0.00847015
v -0.02815531 -0.03406291 -0.01003268
v -0.02561603 -0.03406290 -0.01540036
v 0.01040037 0.01873505 -0.30580068
v 0.01057395 0.01830173 -0.30589524
v 0.00779915 0.01805384 -0.30925751
v -0.00023983 0.01747243 -0.31199259
v -0.00023281 0.01800097 -0.31162560
v 0.00184545 0.01823478 -0.31148115
v -0.00024253 0.01712108 -0.31212726
v 0.00192332 0.01738877 -0.31196785
v 0.00403075 0.01763920 -0.31142312
v 0.00601106 0.01786388 -0.31051055
v 0.01198910 0.01835595 -0.30176648
v 0.01200612 0.01829696 -0.30176878
v 0.01195821 0.01845089 -0.30176234
v 0.01160689 0.01906900 -0.30171379
v 0.01099394 0.01916182 -0.30374214
v 0.01148850 0.01919018 -0.30169716
v 0.00883552 0.01959595 -0.30414852
v 0.00965148 0.01965393 -0.30143142
v 0.01092038 0.01953177 -0.30161631
v 0.01018566 0.01958411 -0.30348036
v 0.00941044 0.01951808 -0.30526900
v 0.00752518 0.01947781 -0.30621901
v 0.00628906 0.01935599 -0.30746642
v 0.00359944 0.01892870 -0.31018135
v 0.00281381 0.01898926 -0.30934808
v 0.00695669 0.01928172 -0.30826923
v 0.00540252 0.01926498 -0.30813286
v -0.00019869 0.01866211 -0.30976066
v 0.00011812 0.01869625 -0.30976149
v -0.00020846 0.01861116 -0.31037095
v -0.00021560 0.01852387 -0.31074157
v 0.00386778 0.01846014 -0.31096271
v -0.00022827 0.01820298 -0.31139269
v 0.00766997 0.01848676 -0.30910757
v 0.01014044 0.01909638 -0.30566236
v 0.00748247 0.01884640 -0.30888918
v 0.00576742 0.01866706 -0.31009045
v 0.00979701 -0.01928169 -0.30551025
v 0.00940360 -0.01944242 -0.30529448
v 0.00692371 -0.01920323 -0.30830580
v 0.01055058 -0.01955692 -0.30156446
v 0.00965141 -0.01958061 -0.30143282
v 0.01128389 -0.01870590 -0.30384973
v 0.01099771 -0.01908036 -0.30375841
v 0.01013492 -0.01901429 -0.30569068
v 0.00893731 -0.01890752 -0.30743542
v 0.01072139 -0.01952001 -0.30158910
v 0.01135116 -0.01922997 -0.30167881
v 0.01149568 -0.01911016 -0.30169907
v 0.01187400 -0.01858417 -0.30175132
v 0.01199413 -0.01826569 -0.30176741
v 0.01146863 -0.01826235 -0.30391011
v 0.01056565 -0.01821064 -0.30592230
v 0.00931554 -0.01810892 -0.30773899
v -0.00024382 -0.01691576 -0.31216303
v -0.00024316 -0.01703012 -0.31213242
v 0.00395773 -0.01753970 -0.31145582
v -0.00024305 -0.01704902 -0.31212687
v 0.00389174 -0.01798961 -0.31127244
v -0.00023534 -0.01781539 -0.31172696
v 0.00379770 -0.01837048 -0.31099737
v -0.00023335 -0.01792846 -0.31162480
v 0.00527462 -0.01917842 -0.30821538
v 0.00265380 -0.01889868 -0.30939195
v 0.00895204 -0.01953221 -0.30388460
v 0.00850868 -0.01949477 -0.30477560
v 0.00743035 -0.01939546 -0.30632907
v 0.00776200 -0.01795934 -0.30929738
v 0.00763416 -0.01839705 -0.30914894
v 0.00744797 -0.01876126 -0.30893055
v 0.00720742 -0.01903233 -0.30864593
v 0.00353420 -0.01884648 -0.31021085
v -0.00022290 -0.01831353 -0.31108841
v -0.00019691 -0.01858903 -0.30975989
v 0.00907168 -0.01696204 -0.28755698
v 0.00907051 -0.01696147 -0.28668880
v 0.00892238 -0.01796806 -0.28670630
v 0.00961824 -0.01700946 -0.29039887
v 0.00900002 -0.01882526 -0.29055780
v 0.00900964 -0.01881580 -0.29055476
v 0.00853294 -0.01878637 -0.28869617
v 0.00911299 -0.01870345 -0.29052243
v 0.00902841 -0.01796782 -0.28858823
v 0.00946382 -0.01805495 -0.29042050
v 0.00950806 -0.01790630 -0.29040968
v 0.00756144 -0.01920948 -0.28690785
v 0.00723840 -0.01932630 -0.29114726
v 0.00846420 -0.01917351 -0.29073203
v 0.00659698 -0.01927783 -0.28796330
v 0.00674535 -0.01929265 -0.28499642
v 0.00863732 -0.01880302 -0.28486851
v 0.00895873 -0.01843229 -0.28484833
v 0.00917360 -0.01798545 -0.28483477
v 0.00932616 -0.01697661 -0.28482446
v 0.00840982 -0.01877863 -0.28677899
v 0.00755964 0.01928310 -0.28690863
v 0.00895810 0.01850625 -0.28484890
v 0.00937072 0.01836523 -0.29044566
v 0.00900201 0.01889661 -0.29055727
v 0.00853219 0.01886040 -0.28869689
v 0.00723787 0.01939953 -0.29114786
v 0.00673531 0.01936042 -0.28913921
v 0.00809682 0.01935753 -0.29085511
v 0.00659540 0.01935326 -0.28624144
v 0.00825911 0.01931770 -0.29080057
v 0.00840883 0.01885262 -0.28677997
v 0.00887897 0.01900531 -0.29059651
v 0.00948567 0.01805894 -0.29041505
v 0.00902827 0.01804167 -0.28858861
v 0.00892213 0.01804188 -0.28670684
v 0.00917332 0.01805926 -0.28483510
v 0.00863627 0.01887698 -0.28486922
v 0.01005122 0.01949081 -0.29591486
v 0.00899618 0.01955943 -0.29618272
v 0.00972831 0.01964449 -0.29932618
v 0.01074813 0.01957165 -0.29868498
v 0.01085098 0.01908585 -0.29585192
v 0.01201472 0.01842478 -0.29878643
v 0.01153329 0.01916589 -0.29871297
v 0.01216326 0.01736101 -0.29869369
v 0.01223467 0.01738715 -0.30036744
v 0.01223368 0.01738744 -0.30039915
v 0.01137561 0.01725867 -0.29546580
v 0.01136170 0.01834507 -0.29590267
v -0.00335308 -0.01673275 -0.31164542
v -0.00325771 -0.01759765 -0.31115723
v -0.00932549 -0.01775971 -0.30288374
v -0.00962630 -0.01753328 -0.30496153
v -0.00796675 -0.01765088 -0.30732831
v -0.01229685 -0.01604105 -0.29988948
v -0.01184741 -0.01693481 -0.29969713
v -0.01105404 -0.01753090 -0.29939675
v -0.01002607 -0.01778790 -0.29893920
v -0.00819145 -0.01781703 -0.30533975
v -0.00573093 -0.01785432 -0.30916256
v -0.00633548 -0.01796566 -0.30744812
v -0.00308229 -0.01812783 -0.31033295
v -0.00399723 -0.01818891 -0.30891377
v -0.00127038 -0.01847324 -0.30968267
v -0.01057906 -0.01610858 -0.30589470
v -0.00870330 -0.01624037 -0.30842125
v -0.00623825 -0.01645463 -0.31038278
v -0.01174201 -0.01605922 -0.30297863
v -0.00605850 -0.01731264 -0.30992246
v -0.00843927 -0.01709746 -0.30800337
v -0.01023397 -0.01696867 -0.30553350
v -0.01132772 -0.01692742 -0.30269468
v -0.01184797 0.01700739 -0.29969740
v -0.01104115 0.01760986 -0.29939198
v -0.00307931 0.01820572 -0.31032011
v -0.00325777 0.01767028 -0.31115785
v -0.01230114 0.01609880 -0.29989159
v -0.01174599 0.01611726 -0.30298170
v -0.00335386 0.01679091 -0.31165007
v -0.01058232 0.01616668 -0.30589858
v -0.00870572 0.01629849 -0.30842561
v -0.00623983 0.01651279 -0.31038737
v -0.00303145 0.01836075 -0.30928916
v -0.00572543 0.01793257 -0.30915058
v -0.00571660 0.01809529 -0.30792642
v -0.00795889 0.01772940 -0.30731758
v -0.00774840 0.01792195 -0.30596992
v -0.00961627 0.01761199 -0.30495247
v -0.00906445 0.01784114 -0.30363411
v -0.00980394 0.01783670 -0.30079520
v -0.01014444 0.01792260 -0.29600784
v -0.00605868 0.01738526 -0.30992305
v -0.00843956 0.01717009 -0.30800387
v -0.01132822 0.01700002 -0.30269501
v -0.01023437 0.01704129 -0.30553398
v 0.01223412 0.01281204 -0.30039981
v 0.01218402 0.00823647 -0.30120119
v 0.01154790 0.01276113 -0.29596740
v 0.01153896 0.00823694 -0.29594243
v 0.01154744 0.00823693 -0.29596785
v 0.01217927 0.00823681 -0.29885590
v 0.00961826 -0.00816337 -0.29039887
v 0.01013141 -0.01075125 -0.29188225
v 0.00980812 -0.00816333 -0.29094741
v 0.01194050 -0.00816370 -0.29733744
v 0.01197247 -0.01081662 -0.29748049
v 0.01212874 -0.00816424 -0.29840153
v 0.00961825 -0.01259622 -0.29039887
v 0.01013153 -0.01261865 -0.29188228
v 0.01195085 -0.01724448 -0.29738483
v 0.01197292 -0.01271245 -0.29748049
v 0.01223627 -0.01730698 -0.30031335
v 0.00907048 -0.00366337 -0.28668928
v 0.00929628 -0.00366338 -0.28495574
v 0.01202095 -0.01833430 -0.29878828
v 0.01136820 -0.01825452 -0.29590431
v 0.01085941 -0.01900521 -0.29585257
v 0.01154162 -0.01908528 -0.29871511
v 0.01075462 -0.01949687 -0.29868707
v 0.00965629 -0.01955959 -0.29862669
v 0.01005758 -0.01941599 -0.29591465
v 0.00873977 -0.01946064 -0.29545635
v -0.01071312 0.00450244 -0.28829023
v -0.01112408 0.00483542 -0.28828186
v -0.00908105 0.00386870 -0.28832343
v -0.00859595 0.00383662 -0.28833333
v 0.00895156 0.00803663 -0.28869042
v 0.00895155 0.00383663 -0.28869042
v -0.01229542 0.00803662 -0.28825802
v -0.01229542 0.00753662 -0.28825805
v -0.01187670 0.00582680 -0.28826654
v -0.01229541 -0.00796338 -0.28825802
v -0.01229542 -0.00746338 -0.28825805
v -0.01162443 -0.00533835 -0.28827170
v -0.01073764 -0.00444646 -0.28828973
v -0.01226289 -0.00697396 -0.28825870
v -0.00859594 -0.00376338 -0.28833333
v -0.01028767 -0.00417290 -0.28829888
v -0.01247845 -0.00683455 -0.28110483
v -0.01235775 -0.00612212 -0.28795990
v -0.01170143 -0.00495034 -0.28797266
v -0.01141789 -0.00463495 -0.28797823
v -0.00858984 -0.00346338 -0.28803337
v -0.00944981 -0.00355694 -0.28801626
v -0.01010294 -0.00376069 -0.28800386
v -0.01069425 -0.00406186 -0.28799236
v -0.00858984 0.00353662 -0.28803337
v -0.01110270 0.00442474 -0.28798440
v -0.00993117 0.00376830 -0.28800711
v -0.01247845 0.00690780 -0.28110483
v -0.01249575 0.00667648 -0.28795725
v -0.01228196 0.00599888 -0.28796139
v -0.01199092 0.00543197 -0.28796706
v -0.01140540 0.00469577 -0.28797847
v 0.00912511 0.00370383 -0.28849557
v 0.00909648 0.00367100 -0.28852770
v 0.00906679 0.00813684 -0.28856105
v 0.00898002 0.00803662 -0.28865847
v 0.00901926 0.00360392 -0.28845906
v 0.00894242 0.00353662 -0.28839016
v 0.00910097 0.00353663 -0.28491268
v 0.01041647 0.00353662 -0.28169617
v 0.00894242 -0.00346338 -0.28839019
v 0.00910097 -0.00346337 -0.28491268
v 0.00901928 -0.00353067 -0.28845903
v 0.01041648 -0.00346338 -0.28169614
v 0.00991430 0.00803662 -0.30685160
v 0.01191817 0.00803662 -0.30175218
v 0.00820871 0.00803663 -0.30882707
v 0.00586056 0.00803662 -0.31053632
v 0.00446919 0.00803663 -0.31119904
v 0.00229594 0.00803663 -0.31183863
v 0.00009445 0.00803662 -0.31206018
v -0.00320112 0.00803662 -0.31162921
v -0.00423913 0.00803663 -0.31129217
v -0.00544746 0.00803662 -0.31076160
v -0.00804598 0.00803662 -0.30898589
v -0.00963988 0.00803663 -0.30724788
v -0.01073009 0.00803662 -0.30550477
v -0.01186277 0.00803662 -0.30223805
v -0.01218814 0.00803662 -0.30029705
v -0.01244533 0.00803662 -0.29428408
v -0.01242294 0.00803662 -0.29172304
v -0.01239112 0.00803663 -0.28815949
v 0.01202583 0.00803662 -0.30058995
v 0.00942938 0.00803663 -0.29046467
v 0.01134927 0.00803663 -0.29600576
v 0.01196637 0.00803662 -0.29873922
v -0.01239112 -0.00796338 -0.28815949
v 0.01191817 -0.00796337 -0.30175221
v 0.01104440 -0.00796338 -0.30481729
v 0.00787794 -0.00796338 -0.30912390
v 0.01065083 -0.00796338 -0.30563620
v 0.00409246 -0.00796338 -0.31134248
v -0.00025568 -0.00796337 -0.31205794
v -0.00298321 -0.00796337 -0.31168699
v -0.00702393 -0.00796338 -0.30980569
v -0.01008756 -0.00796338 -0.30661014
v -0.01181002 -0.00796338 -0.30247444
v -0.01242469 -0.00796337 -0.29701436
v 0.01144915 -0.00796338 -0.29631206
v 0.00942938 -0.00796338 -0.29046464
v 0.00953619 -0.00796338 -0.29077271
v -0.01592128 0.02896882 -0.05013496
v -0.01481737 0.02438390 -0.05015743
v -0.01250288 -0.00153017 -0.05020453
v -0.01357251 0.01666768 -0.05018276
v -0.01295412 0.01074484 -0.05019535
v -0.01260414 0.00524237 -0.05020247
v -0.01828442 -0.00306351 -0.05237145
v -0.01930582 -0.00695166 -0.05298283
v -0.02114699 -0.01064964 -0.05402865
v -0.02037328 -0.00931847 -0.05359751
v -0.01503657 0.01057149 -0.05037292
v -0.01479494 -0.00149641 -0.05042306
v -0.01185960 0.01657576 -0.26977190
v -0.01181513 -0.01662011 -0.26955861
v -0.01094689 0.01859385 -0.21726665
v -0.01087880 0.01913773 -0.21126640
v -0.01067140 0.02076996 -0.20007442
v -0.01065708 0.02086976 -0.19954893
v -0.01037922 0.02312899 -0.18972558
v -0.01025474 0.02550382 -0.18122797
v -0.01031387 0.02584283 -0.17979240
v -0.01028650 0.02573141 -0.18043382
v -0.01026099 0.02558065 -0.18096003
v -0.01073531 -0.01979083 -0.20630601
v -0.01065986 -0.02029473 -0.20299855
v -0.01048948 -0.02157839 -0.19629551
v -0.01020162 -0.02441587 -0.18518041
v -0.01016645 -0.02548974 -0.18141760
v -0.01020813 -0.02566761 -0.18062946
v -0.01033209 -0.02568223 -0.18005267
v -0.03424105 0.03303663 -0.08494659
v -0.03445772 0.03303662 -0.08341902
v -0.02223741 0.03303662 -0.12627289
v -0.02509494 0.03303662 -0.11890495
v -0.02531386 0.03303663 -0.11832058
v -0.02964405 0.03303662 -0.10550251
v -0.03132769 0.03303662 -0.09942167
v -0.03235550 0.03303662 -0.09512655
v -0.03485361 0.03303663 -0.08011630
v -0.03522527 0.03303665 -0.07217111
v -0.03440765 0.03303666 -0.06471268
v -0.03472488 0.03303665 -0.06632040
v -0.03128738 0.03278089 -0.05794857
v -0.02878187 0.03204701 -0.05615156
v -0.02872048 0.03219706 -0.05589218
v -0.03373523 0.03303666 -0.06230462
v -0.03275189 0.03303663 -0.05992572
v -0.03260693 0.03303182 -0.05965137
v -0.02852255 0.03234794 -0.05551624
v -0.02640857 0.03205982 -0.05440399
v -0.02605066 0.03200611 -0.05413011
v -0.02520064 0.03186361 -0.05313694
v -0.02227316 0.03019123 -0.05401971
v -0.02263474 0.03048119 -0.05358604
v -0.02266933 0.03061925 -0.05439961
v -0.02843436 0.03200321 -0.05608002
v -0.02431137 0.03125484 -0.05506319
v -0.02569187 0.03187007 -0.05417357
v -0.02385784 0.03120919 -0.05377257
v -0.02300601 0.03075905 -0.05363191
v -0.02511806 -0.03296337 -0.11885899
v -0.03313183 -0.03296338 -0.09142452
v -0.03062166 -0.03296336 -0.10211112
v -0.02732575 -0.03296334 -0.11274353
v -0.03423665 -0.03211297 -0.08534315
v -0.03392860 -0.03254712 -0.08714804
v 0.04198930 -0.01386749 -0.03386275
v 0.04203617 -0.01340017 -0.03465279
v 0.04191377 -0.01333045 -0.03447450
v 0.04172013 -0.01271927 -0.03530925
v 0.04170341 -0.01206973 -0.03613339
v 0.04151801 -0.01207599 -0.03605816
v 0.04211450 -0.01207253 -0.03634247
v 0.04206116 -0.01278687 -0.03553804
v 0.04238957 -0.01208236 -0.03650239
v 0.04225521 -0.01338043 -0.03514349
v 0.04227406 -0.01328403 -0.03526169
v 0.04231743 -0.01304307 -0.03554333
v 0.04197131 -0.01418745 -0.03301655
v 0.04204033 -0.01467229 -0.03302734
v 0.04204572 -0.01447577 -0.03348558
v 0.04139051 -0.01348818 -0.03367241
v 0.04149563 -0.01385389 -0.03294211
v 0.04148837 -0.01346989 -0.03364670
v 0.04160494 -0.01382343 -0.03295922
v 0.04158951 -0.01347284 -0.03363141
v 0.04166364 -0.01382164 -0.03296841
v 0.04139757 -0.01208358 -0.03601798
v 0.04133494 -0.01262913 -0.03526581
v 0.04116904 -0.01210968 -0.03597155
v 0.04114235 -0.01263095 -0.03528369
v 0.04109077 -0.01212562 -0.03597328
v 0.04094958 -0.01217290 -0.03602256
v 0.04166435 -0.01317323 -0.03432159
v 0.04156387 -0.01312715 -0.03432182
v 0.04145970 -0.01309726 -0.03434879
v 0.04135912 -0.01308808 -0.03439544
v 0.04224139 -0.01344960 -0.03505669
v 0.04175692 -0.01322768 -0.03434957
v 0.04188552 -0.01396330 -0.03300313
v 0.04192748 -0.01404862 -0.03300969
v 0.04215975 -0.01384830 -0.03452576
v 0.04097522 -0.01271660 -0.03531448
v 0.04099906 -0.01317163 -0.03464536
v 0.04117139 -0.01311190 -0.03451292
v 0.04105895 -0.01415792 -0.03287376
v 0.04137219 -0.01391564 -0.03292279
v 0.04178649 -0.01385933 -0.03298763
v 0.04185737 -0.01392267 -0.03299872
v -0.02737907 -0.01686291 -0.05675355
v -0.03090441 -0.01837808 -0.05783415
v -0.02859139 -0.01719669 -0.05553119
v -0.02807336 -0.01713583 -0.05586901
v -0.02926479 -0.01769709 -0.05717324
v -0.02960897 -0.01797199 -0.05763592
v -0.02915064 -0.01776437 -0.05751052
v -0.01158841 0.01728575 -0.23744187
v -0.01126413 0.01765879 -0.22483808
v -0.01173349 0.01688420 -0.25541815
v -0.01172495 0.01690659 -0.25438860
v -0.01123304 -0.01758078 -0.22792003
v -0.01121466 -0.01769864 -0.22483912
v -0.01220678 0.01452994 -0.27909073
v -0.00919347 0.01464233 -0.27914783
v -0.01220668 0.01471890 -0.27907878
v -0.00919322 0.01473503 -0.27913797
v -0.01220645 0.01490492 -0.27904311
v -0.00919106 0.01509510 -0.27904153
v -0.01220186 0.01509526 -0.27898020
v -0.01218416 0.01534934 -0.27884758
v -0.00918766 0.01538763 -0.27888271
v -0.01213992 0.01566816 -0.27856895
v -0.00918416 0.01558706 -0.27871636
v -0.01213187 0.01571081 -0.27851710
v -0.00917654 0.01585837 -0.27834886
v -0.01207583 0.01595012 -0.27807599
v -0.01205510 0.01602121 -0.27775478
v -0.00916218 0.01602993 -0.27764821
v -0.01201264 0.01602994 -0.27759019
v -0.01079216 0.02571455 -0.17750566
v -0.01077745 0.02563732 -0.17786054
v -0.01074617 0.02562275 -0.17814328
v -0.01079285 0.02575040 -0.17739187
v -0.01079377 0.02578625 -0.17727810
v -0.01077215 0.02597479 -0.17685740
v -0.01070300 0.02624537 -0.17650178
v -0.01055703 0.02665922 -0.17595831
v -0.01051384 0.02694280 -0.17532763
v -0.01060801 0.02707873 -0.17461920
v -0.01081824 0.02705109 -0.17393142
v -0.01091800 0.02703274 -0.17348486
v -0.01627737 -0.03297358 -0.14201649
v -0.01433762 -0.03270166 -0.14788364
v -0.01277031 -0.03190731 -0.15397795
v -0.01181033 -0.03052048 -0.16070375
v -0.01121490 -0.02876596 -0.16730647
v -0.01108841 -0.02794376 -0.17009401
v -0.01097110 -0.02709293 -0.17287469
v -0.01091879 -0.02700567 -0.17336796
v -0.01080445 -0.02703827 -0.17384474
v -0.01069602 -0.02707844 -0.17413050
v -0.01048533 -0.02704378 -0.17496002
v -0.01046841 -0.02678200 -0.17576116
v -0.01068480 -0.02617573 -0.17659695
v -0.01076651 -0.02587353 -0.17697327
v -0.01079263 -0.02566740 -0.17742284
v -0.01079147 -0.02557441 -0.17771803
v -0.01079170 -0.02548145 -0.17801322
v -0.01074355 -0.02539067 -0.17869222
v -0.01090419 -0.01846624 -0.21971518
v -0.01089817 -0.01845793 -0.22015031
v -0.01086991 -0.01848728 -0.22058357
v -0.01086075 -0.01846290 -0.22142211
v -0.01100640 -0.01821271 -0.22220711
v -0.01120840 -0.01773339 -0.22405705
v -0.01120936 -0.01772919 -0.22413681
v -0.01121203 -0.01771375 -0.22448798
v -0.01155171 -0.01726683 -0.25760779
v -0.01139648 -0.01747569 -0.25877693
v -0.01158681 -0.01721738 -0.25747642
v -0.01165707 -0.01732991 -0.25744936
v -0.01156472 -0.01721662 -0.25993061
v -0.01160273 -0.01716065 -0.26006040
v -0.01179208 -0.01746177 -0.26013994
v -0.01157934 0.01729152 -0.25750977
v -0.01173411 0.01688409 -0.25562903
v -0.01159398 0.01723760 -0.26000327
v -0.01141645 0.01751757 -0.25903845
v -0.01144180 0.01749723 -0.25821573
v -0.01179020 0.01674042 -0.26206800
v -0.01162303 0.01717515 -0.26013699
v -0.01096762 0.01845015 -0.21934085
v -0.01095715 0.01851938 -0.21830358
v -0.01091349 0.01850034 -0.22043812
v -0.01088535 0.01849972 -0.22137319
v -0.01104612 0.01821464 -0.22225310
v -0.01126002 0.01768284 -0.22428295
v -0.01107562 0.01815128 -0.22238265
v -0.01220645 -0.01483188 -0.27904305
v -0.01216540 -0.01543691 -0.27872691
v -0.01214712 -0.01555566 -0.27861276
v -0.01213560 -0.01602303 -0.27789059
v -0.01206006 -0.01593171 -0.27786630
v -0.01206761 -0.01590638 -0.27797860
v -0.01208170 -0.01585582 -0.27813387
v -0.01214170 -0.01558607 -0.27857915
v -0.01220668 -0.01464583 -0.27907875
v -0.01220678 -0.01445670 -0.27909073
v -0.01227431 0.01629310 -0.27780828
v -0.01195934 0.01611217 -0.27719614
v -0.01195093 0.01606723 -0.27728128
v -0.01197807 0.01602962 -0.27747229
v -0.01199529 0.01602978 -0.27753127
v -0.01198508 -0.01595648 -0.27762026
v -0.01195100 -0.01606156 -0.27732256
v -0.01195227 -0.01597484 -0.27749488
v 0.02688445 -0.02294035 -0.16760430
v 0.02742627 -0.02375140 -0.16761532
v 0.02823715 -0.02429333 -0.16763182
v 0.02669419 -0.02198363 -0.16760042
v 0.02831537 -0.02466264 -0.16378865
v 0.02848184 -0.02579021 -0.16010128
v 0.02750658 -0.02413061 -0.16366898
v 0.02758396 -0.02525437 -0.15986702
v 0.02696790 -0.02333440 -0.16350357
v 0.02701323 -0.02441733 -0.15951797
v 0.02678135 -0.02239518 -0.16331759
v 0.02686532 -0.02361476 -0.15919144
v 0.02693992 -0.02477958 -0.15552573
v 0.02709036 -0.02562166 -0.15572788
v 0.02766373 -0.02649994 -0.15594718
v 0.02856331 -0.02706216 -0.15609840
v 0.02880683 -0.02775873 -0.15210080
v 0.02780698 -0.02716117 -0.15242743
v 0.02717190 -0.02620868 -0.15265413
v 0.02699976 -0.02529511 -0.15258528
v 0.02742635 0.02382474 -0.16761532
v 0.02684411 0.02290969 -0.16760348
v 0.02669419 0.02205688 -0.16760042
v 0.02834125 0.02440700 -0.16763394
v 0.02677881 0.02244459 -0.16344240
v 0.02686532 0.02368801 -0.15919144
v 0.02696547 0.02338481 -0.16362306
v 0.02750424 0.02418189 -0.16378398
v 0.02831309 0.02471448 -0.16390063
v 0.02701323 0.02449057 -0.15951797
v 0.02758396 0.02532763 -0.15986702
v 0.02848185 0.02586346 -0.16010129
v 0.02699976 0.02536835 -0.15258528
v 0.02693992 0.02485283 -0.15552573
v 0.02709036 0.02569491 -0.15572786
v 0.02717231 0.02628270 -0.15265395
v 0.02766373 0.02657319 -0.15594718
v 0.02781123 0.02723858 -0.15242584
v 0.02856332 0.02713540 -0.15609840
v 0.02881507 0.02783438 -0.15209921
v 0.03749365 -0.00713438 -0.04147422
v 0.03749295 -0.00710771 -0.04150877
v 0.03749329 -0.00703626 -0.04149180
v 0.03749295 -0.00693808 -0.04150874
v 0.03795800 0.00703201 -0.04187322
v 0.04315258 0.00703201 -0.04039134
v 0.03776428 0.00723200 -0.04172051
v 0.04309771 0.00723201 -0.04019901
v 0.03756728 -0.00703746 -0.04156734
v 0.03768317 -0.00713294 -0.04139408
v 0.03764166 -0.00696730 -0.04162595
v 0.04080761 -0.00710797 -0.03971051
v 0.04091677 -0.00696730 -0.03986724
v 0.03785932 -0.00696730 -0.04153277
v 0.04317134 -0.00696730 -0.03946959
v 0.04141133 -0.00696732 -0.03966295
v 0.04316489 -0.00711584 -0.03927643
v 0.04134217 -0.00709779 -0.03948741
v 0.04104203 -0.00709974 -0.03958601
v 0.03063827 -0.03454229 -0.03124920
v 0.03288639 -0.03457636 -0.03365424
v 0.03291452 -0.03455681 -0.03280257
v 0.03296736 -0.03434507 -0.00736960
v 0.02916211 -0.03447518 -0.02844527
v 0.03321028 -0.03436780 -0.02013149
v 0.02838713 -0.03441102 -0.02505907
v 0.03319708 -0.03434316 -0.01400499
v 0.02903256 -0.03436355 -0.01500834
v 0.02827792 -0.03437502 -0.02123202
v 0.04218892 -0.01700604 -0.02750486
v 0.04210584 -0.01559110 -0.03003238
v 0.04200598 -0.01587610 -0.02750422
v 0.04206573 -0.01598211 -0.02750441
v 0.04212048 -0.01614836 -0.02750458
v 0.04200889 -0.01519857 -0.03015844
v 0.04192901 -0.01505411 -0.03023737
v 0.04193083 -0.01551298 -0.02865669
v 0.04194665 -0.01581011 -0.02750404
v 0.04192375 -0.01579167 -0.02750398
v 0.04106184 -0.01419974 -0.03278679
v 0.04147148 -0.01579413 -0.02750267
v 0.04162345 -0.01574258 -0.02750310
v 0.04152838 -0.01488026 -0.03055322
v 0.04173497 -0.01573038 -0.02750342
v 0.04169162 -0.01489074 -0.03043353
v 0.04174205 -0.01431866 -0.03192029
v 0.04167011 -0.01428216 -0.03198184
v 0.04191160 -0.01450359 -0.03176411
v 0.04180600 -0.01436813 -0.03186364
v 0.04182423 -0.01495008 -0.03032865
v 0.04182745 -0.01543321 -0.02873911
v 0.04181261 -0.01573993 -0.02750365
v 0.04169553 -0.01676730 -0.02038904
v 0.04155478 -0.01673612 -0.02039235
v 0.04162766 -0.01674406 -0.02039070
v 0.04158759 -0.01690420 -0.01681401
v 0.04110866 -0.01692769 -0.00611341
v 0.04139629 -0.01675782 -0.02039552
v 0.04187809 -0.01663814 -0.02294450
v 0.04187465 -0.01665078 -0.02283323
v 0.04191174 -0.01651532 -0.02394600
v 0.04189619 -0.01657188 -0.02350090
v 0.04175779 -0.01680794 -0.02038740
v 0.04169553 -0.01697856 -0.01681324
v 0.04180498 -0.01706300 -0.01788406
v 0.04168017 -0.01711701 -0.01323874
v 0.04149899 -0.01693261 -0.01324046
v 0.04143816 -0.01690354 -0.01324095
v 0.04137047 -0.01688204 -0.01324146
v 0.04147746 -0.01674141 -0.02039397
v 0.04129561 -0.01686849 -0.01324199
v 0.04069108 -0.01686337 -0.00486896
v 0.04188159 -0.01662531 -0.02305578
v 0.04188877 -0.01659900 -0.02327834
v 0.04186795 -0.01667535 -0.02261067
v 0.04185530 -0.01672173 -0.02216559
v 0.04181385 -0.01686807 -0.02038580
v 0.04164461 -0.01693694 -0.01681363
v 0.04160136 -0.01701198 -0.01323956
v 0.04124023 -0.01700820 -0.00610172
v 0.04134369 -0.01711817 -0.00594505
v 0.04118312 -0.01711388 -0.00371662
v 0.04221237 -0.02926823 -0.02590362
v 0.03849130 -0.02894067 0.01032753
v 0.03405879 -0.03396105 0.00891250
v 0.03540526 -0.03411454 0.00041026
v 0.03224795 -0.03435607 -0.00002580
v 0.03558237 -0.03324213 0.00940840
v 0.03687075 -0.03212792 0.00982200
v 0.03785494 -0.03066961 0.01013226
v 0.04066693 -0.02929634 0.00106156
v 0.04009351 -0.03092666 0.00099711
v 0.03934385 -0.03205270 0.00090896
v 0.03902630 -0.03239103 0.00087084
v 0.03865200 -0.03272447 0.00082539
v 0.03690420 -0.03370803 0.00060634
v 0.03584122 -0.03402468 0.00046804
v 0.03269205 -0.03435191 -0.00368936
v 0.04140091 -0.03284002 -0.02454349
v 0.04083630 -0.03338122 -0.02454156
v 0.04054033 -0.03364601 -0.02873266
v 0.04214294 -0.03064023 -0.02454647
v 0.04032850 -0.03243852 -0.00788235
v 0.03969109 -0.03302210 -0.00787619
v 0.03970063 -0.03359041 -0.01626782
v 0.03814590 -0.03379012 -0.00785538
v 0.03644997 -0.03415834 -0.00782498
v 0.03650625 -0.03426630 -0.01621971
v 0.03813808 -0.03407187 -0.01624981
v 0.03581767 -0.03450175 -0.03285645
v 0.03870578 -0.03422531 -0.03291060
v 0.04207971 -0.03119417 -0.02875799
v 0.04192161 -0.03193190 -0.02875350
v 0.04179629 -0.03216692 -0.02454493
v 0.04161777 -0.03261899 -0.02874776
v 0.04114920 -0.03320077 -0.02874064
v 0.04169589 -0.03114560 -0.01625635
v 0.04142104 -0.03192754 -0.01626426
v 0.04094732 -0.03303120 -0.02039986
v 0.04098300 -0.03261751 -0.01626930
v 0.04082773 -0.03173311 -0.00788598
v 0.04039606 -0.03317476 -0.01627060
v 0.03958273 -0.03382883 -0.02039684
v 0.03940991 -0.03401928 -0.02453693
v 0.04009936 -0.03382725 -0.03293847
v 0.04140814 -0.03010925 -0.00788853
v 0.04069490 -0.03351979 -0.03295030
v 0.04128978 -0.03301998 -0.03296221
v 0.04159463 -0.03258107 -0.03296826
v 0.04196035 -0.03106765 -0.03297762
v 0.04161524 -0.01745894 -0.00845922
v 0.04130779 -0.01727565 -0.00370094
v 0.04139721 -0.01746303 -0.00368719
v 0.04192682 -0.01745705 -0.01788006
v 0.04156188 -0.01727859 -0.00846600
v 0.02610691 0.00103662 -0.19358167
v 0.02606087 0.02379995 -0.19358730
v 0.02460882 0.02416748 -0.19325633
v 0.02560929 0.02416940 -0.19348802
v 0.02584540 0.02407961 -0.19354416
v 0.02599441 0.02393626 -0.19357637
v 0.02597118 0.02396799 -0.19357178
v 0.02591288 0.02402940 -0.19355939
v 0.02579855 0.02369844 -0.19486335
v 0.02589187 0.02352646 -0.19487807
v 0.02453883 0.02153367 -0.20531526
v 0.02438582 0.02388968 -0.19455461
v 0.02382968 0.02200530 -0.20520245
v 0.02027996 0.02001281 -0.22685438
v 0.02107780 0.01979547 -0.22689538
v 0.02138111 0.01959741 -0.22691147
v 0.02314726 0.01999798 -0.21609217
v 0.02160811 0.01932584 -0.22692312
v 0.02594019 0.02320291 -0.19487303
v 0.02412106 0.02059169 -0.20894462
v 0.02241624 0.01896072 -0.22212890
v 0.02542284 0.02390156 -0.19478151
v 0.02551926 0.02387740 -0.19480346
v 0.02414423 0.02193510 -0.20525599
v 0.02566790 0.02381184 -0.19483651
v 0.02427483 0.02187187 -0.20527773
v 0.02574593 0.02375393 -0.19485298
v 0.02438530 0.02178588 -0.20529528
v 0.02165307 0.02071926 -0.21593855
v 0.02245004 0.02062356 -0.21602178
v 0.02276134 0.02049686 -0.21605527
v 0.02288974 0.02040611 -0.21606877
v 0.02299790 0.02029418 -0.21607965
v 0.02449501 0.02402792 -0.19390485
v 0.02551505 0.02403531 -0.19413452
v 0.02575598 0.02394553 -0.19419017
v 0.02602358 0.02334329 -0.19422801
v 0.02597614 0.02366276 -0.19423255
v 0.02588443 0.02383295 -0.19421741
v 0.03775840 -0.00256078 -0.04172021
v 0.04259431 -0.00696730 -0.04552929
v 0.04260066 0.00703201 -0.04553224
v 0.03776305 -0.00174842 -0.04172086
v 0.04179482 -0.00970587 -0.03811990
v 0.04266071 -0.00963771 -0.03828351
v 0.04338754 -0.01215025 -0.03716357
v 0.04415605 -0.00956964 -0.03868341
v 0.04434914 -0.01224397 -0.03787190
v 0.04134139 -0.00976686 -0.03808976
v 0.04109666 -0.00981401 -0.03810827
v 0.04097807 -0.00984471 -0.03814153
v 0.04086276 -0.00957706 -0.03841122
v 0.04087388 -0.00993697 -0.03815408
v 0.04402656 -0.00726084 -0.03923341
v 0.04284237 -0.00696730 -0.04440208
v 0.04309388 -0.00696731 -0.04327563
v 0.04284525 0.00703200 -0.04442059
v 0.04309319 0.00703200 -0.04330968
v 0.04362720 0.02607904 -0.16882123
v 0.03536512 0.03136199 -0.16060524
v 0.03791216 0.03212936 -0.15325814
v 0.03956687 0.03182891 -0.15326351
v 0.03432947 0.02972052 -0.16849521
v 0.03322921 0.02782657 -0.17627826
v 0.03915185 0.02836699 -0.16879806
v 0.04739828 0.02373279 -0.16277730
v 0.04543233 0.02440178 -0.16864318
v 0.04479472 0.02795274 -0.16097894
v 0.04649757 0.02618109 -0.16081424
v 0.04753948 0.02619191 -0.15637583
v 0.04775727 0.02497653 -0.15833473
v 0.04033528 0.03020271 -0.16093005
v 0.04324286 0.03075815 -0.15326932
v 0.01437964 0.03565558 -0.10702129
v 0.03653637 0.03514581 -0.08020409
v 0.01384235 0.03510552 -0.13015163
v 0.03120719 0.03405858 -0.13859661
v 0.03128990 0.03400411 -0.13935463
v 0.03124308 0.03421417 -0.13604438
v 0.02598188 0.03477170 -0.13042448
v 0.03267780 0.03366354 -0.14284043
v 0.03234087 0.03372719 -0.14231165
v 0.03204144 0.03378824 -0.14176100
v 0.03509653 0.03519933 -0.09146827
v 0.03396405 0.03516970 -0.10171116
v 0.03225524 0.03484610 -0.12084582
v 0.03162459 0.03452280 -0.12980339
v 0.04019720 0.03214970 -0.14908339
v 0.04301113 0.03113408 -0.15107685
v 0.04004092 0.03219343 -0.14897113
v 0.03544127 0.03318638 -0.14567405
v 0.03321668 0.03356767 -0.14355797
v 0.03956745 -0.03176252 -0.15326154
v 0.04019173 -0.03207985 -0.14912312
v 0.03799022 -0.03205100 -0.15325195
v 0.03893379 -0.03241191 -0.14822257
v 0.03476023 -0.03323254 -0.14516984
v 0.03266847 -0.03359260 -0.14290026
v -0.00370784 -0.03441457 -0.03394102
v 0.03938750 -0.03483738 -0.06174866
v 0.04098119 -0.03469694 -0.05322186
v 0.03905166 -0.03484439 -0.06174209
v 0.02773171 -0.03506013 -0.06152126
v 0.04373738 -0.03440298 -0.04040690
v 0.04157715 -0.03448702 -0.03977111
v 0.02823919 -0.03464575 -0.03454935
v 0.01542150 -0.03525470 -0.06128155
v 0.01227038 -0.03443550 -0.03424830
v 0.01175860 -0.03530336 -0.06121036
v -0.00421863 -0.03545977 -0.06090016
v 0.03515512 -0.03463800 -0.03788513
v 0.03581420 -0.03457611 -0.03564219
v 0.03199389 -0.03372453 -0.14176004
v 0.03130362 -0.03391437 -0.13968101
v 0.03116909 -0.03399252 -0.13861559
v 0.02595613 -0.03470521 -0.13042177
v 0.03117743 -0.03411838 -0.13658844
v 0.03150038 -0.03439645 -0.13116093
v 0.01382541 -0.03503849 -0.13014905
v 0.01436271 -0.03558705 -0.10701866
v 0.03403392 -0.03510867 -0.10067703
v 0.03505717 -0.03513066 -0.09148775
v 0.03644833 -0.03507921 -0.08057810
v 0.03158609 -0.03445654 -0.12982078
v 0.03206209 -0.03471656 -0.12292565
v 0.02649222 -0.03531799 -0.10729584
v 0.03536738 -0.03129572 -0.16060412
v 0.03433152 -0.02965451 -0.16849484
v 0.03915488 -0.02830029 -0.16879776
v 0.03323116 -0.02776085 -0.17627868
v 0.04650061 -0.02611132 -0.16081287
v 0.04775484 -0.02460973 -0.15901615
v 0.04772638 -0.02524485 -0.15767004
v 0.04759349 -0.02592634 -0.15662785
v 0.04479821 -0.02788414 -0.16097775
v 0.04747374 -0.02376039 -0.16222475
v 0.04543545 -0.02433257 -0.16864255
v 0.04363066 -0.02601087 -0.16882078
v 0.04320014 -0.03070957 -0.15326935
v 0.04033850 -0.03013576 -0.16092899
v 0.04270444 -0.03090031 -0.15327071
v 0.04284133 -0.01786321 -0.03547091
v 0.04253473 -0.01786353 -0.03517346
v 0.04254203 -0.02428188 -0.03518545
v 0.04212037 -0.01786415 -0.03448731
v 0.04287582 -0.03071221 -0.03581935
v 0.04459439 -0.03079875 -0.03682228
v 0.04461585 -0.03025202 -0.03673544
v 0.04247539 -0.03063878 -0.03537624
v 0.04217714 -0.03054599 -0.03483825
v 0.04196716 -0.01786451 -0.03326281
v 0.04468476 -0.01786288 -0.03647865
v 0.04468112 -0.02543818 -0.03647829
v 0.04218874 -0.01478982 -0.03423239
v 0.04455984 -0.01499723 -0.03699600
v 0.04362016 -0.01508075 -0.03630353
v 0.04271920 -0.01492391 -0.03536086
v 0.04240078 -0.01485342 -0.03481584
v 0.04261986 -0.01338395 -0.03569884
v 0.04226872 -0.01334102 -0.03520151
v 0.04446006 -0.01366466 -0.03740963
v 0.04397881 -0.00707800 -0.03943576
v 0.04380170 0.00710228 -0.04021944
v 0.04344427 0.00704907 -0.04176320
v 0.04382954 0.00721888 -0.04010069
v 0.04385734 0.00733585 -0.03998231
v 0.04348109 0.00725811 -0.04008964
v 0.04180390 -0.03215874 -0.03415462
v 0.04204915 -0.03157799 -0.03471601
v 0.04197183 -0.03081038 -0.03392722
v 0.04149558 -0.03274236 -0.03361814
v 0.04132720 -0.03299193 -0.03406299
v 0.04014732 -0.03380435 -0.03319524
v 0.03626565 -0.03449168 -0.03344166
v 0.04178436 -0.03442340 -0.03886348
v 0.04034968 -0.03433461 -0.03734549
v 0.03871007 -0.03446796 -0.03678928
v 0.03944335 -0.03411624 -0.03469605
v 0.03989332 -0.03390912 -0.03368978
v 0.04322194 -0.03144570 -0.03627073
v 0.04302744 -0.03100428 -0.03600115
v 0.04370899 -0.03405976 -0.03813780
v 0.04428348 -0.03396704 -0.03810045
v 0.04435465 -0.03365293 -0.03780523
v 0.04200613 -0.03416685 -0.03780774
v 0.04190440 -0.03432466 -0.03831991
v 0.04410294 -0.03433013 -0.03885513
v 0.04443161 -0.03309922 -0.03748762
v 0.04338054 -0.03186693 -0.03654953
v 0.04262733 -0.03184569 -0.03590364
v 0.04249719 -0.03145104 -0.03558706
v 0.04235096 -0.03104198 -0.03525826
v 0.04371079 -0.03328243 -0.03733404
v 0.04351095 -0.03229674 -0.03682257
v 0.04216726 -0.03299470 -0.03615722
v 0.04215627 -0.03264778 -0.03580799
v 0.04152749 -0.03334060 -0.03578511
v 0.04100958 -0.03343476 -0.03495719
v 0.04087289 -0.03364912 -0.03540772
v 0.04173632 -0.03247526 -0.03456836
v 0.04209485 -0.03194624 -0.03509184
v 0.04166586 -0.03277351 -0.03497632
v 0.04213182 -0.03230096 -0.03545503
v 0.04116176 -0.03321819 -0.03450954
v 0.04080254 -0.03344598 -0.03360242
v 0.04103756 -0.03326624 -0.03313329
v 0.04191805 -0.03146866 -0.03331632
v 0.04208473 -0.03394633 -0.03733476
v 0.04373770 -0.03372216 -0.03768989
v 0.04061619 -0.03404220 -0.03634044
v 0.04137592 -0.03386201 -0.03663448
v 0.04213712 -0.03366729 -0.03690507
v -0.00920165 0.00003863 -0.27915189
v -0.00711566 0.02578625 -0.17735295
v -0.00712034 0.02571455 -0.17758039
v -0.00714711 -0.02566740 -0.17749703
v -0.00715306 -0.02557440 -0.17779209
v -0.00715901 -0.02548146 -0.17808715
v -0.00714564 0.02572840 -0.17882466
v -0.00715192 0.02581019 -0.17913492
v -0.00715837 0.02584798 -0.17945351
v -0.00720042 -0.02568223 -0.18011640
v -0.00718614 -0.02552750 -0.17941864
v -0.00810743 -0.01769864 -0.22490236
v -0.00870834 -0.01694641 -0.25444999
v -0.00868960 0.01690658 -0.25445038
v -0.00867125 0.01692622 -0.25354937
v -0.00808785 0.01765880 -0.22490272
v -0.00797547 0.01845015 -0.21940175
v -0.00790321 0.01870901 -0.21585867
v -0.00718598 0.02564333 -0.18080406
v -0.00718603 0.02564255 -0.18080680
v -0.00765809 0.02012768 -0.20385197
v -0.00757137 0.02086976 -0.19961172
v -0.00745128 0.02213446 -0.19374481
v -0.00719924 0.02545774 -0.18145075
v -0.00718720 0.02562619 -0.18086381
v -0.00724457 -0.02525451 -0.18229719
v -0.00733236 -0.02402224 -0.18664452
v -0.00800350 -0.01846625 -0.21977422
v -0.00775197 -0.01965202 -0.20738210
v -0.00766435 -0.02029487 -0.20305955
v -0.00755020 -0.02135013 -0.19742188
v -0.00913237 0.01644192 -0.27619442
v -0.00899842 0.01658029 -0.26961598
v -0.00886445 0.01672081 -0.26303756
v -0.00888300 -0.01676062 -0.26303717
v -0.00901680 -0.01662011 -0.26961559
v -0.00915061 -0.01648173 -0.27619404
v -0.00920967 -0.01445669 -0.27915174
v -0.00915409 0.01611216 -0.27725324
v -0.00914365 0.01635203 -0.27674684
v -0.00916328 -0.01636729 -0.27682027
v -0.00917448 -0.01606157 -0.27737907
v -0.00915977 0.01602963 -0.27752966
v -0.00918051 -0.01595649 -0.27767733
v -0.00918378 -0.01594504 -0.27783859
v -0.00919092 -0.01585594 -0.27819237
v -0.00920159 -0.01550337 -0.27872628
v -0.00919710 -0.01569356 -0.27850047
v -0.00920654 -0.01515546 -0.27897906
v -0.00802117 -0.01848729 -0.22064154
v -0.00803808 -0.01846391 -0.22147360
v -0.00805409 -0.01821272 -0.22226721
v -0.00803488 0.01821463 -0.22231439
v -0.00801668 0.01850022 -0.22142836
v -0.00799774 0.01850034 -0.22049744
v -0.00877394 -0.01726684 -0.25766432
v -0.00879269 -0.01747071 -0.25858068
v -0.00879779 -0.01747568 -0.25883043
v -0.00882116 -0.01721661 -0.25998643
v -0.00880357 0.01723760 -0.26006007
v -0.00877817 0.01753592 -0.25881955
v -0.00875282 0.01729153 -0.25756729
v -0.00709958 0.02624538 -0.17657511
v -0.00707498 0.02694669 -0.17538530
v -0.00704689 0.02705110 -0.17400818
v -0.00871055 0.01688420 -0.25547966
v -0.00873219 0.01697552 -0.25654539
v -0.00884594 0.01674041 -0.26212791
v -0.00882427 0.01687774 -0.26106724
v -0.00873419 -0.01691879 -0.25572029
v -0.00875436 -0.01699584 -0.25670967
v -0.00886014 -0.01678485 -0.26191333
v -0.00884016 -0.01690463 -0.26092836
v -0.00798665 0.01844510 -0.21995099
v -0.00807654 0.01768282 -0.22434776
v -0.00803594 0.01818879 -0.22236630
v -0.00801233 -0.01845791 -0.22020835
v -0.00809316 -0.01772920 -0.22420023
v -0.00807308 -0.01787365 -0.22320940
v -0.00810030 -0.01771375 -0.22455128
v -0.00707508 -0.02703827 -0.17392063
v -0.00709435 -0.02706870 -0.17486639
v -0.00710587 -0.02694165 -0.17543590
v -0.00711541 -0.02674109 -0.17591038
v -0.00713054 -0.02617574 -0.17666928
v -0.00703769 0.02703331 -0.17355555
v -0.00710711 0.02597132 -0.17693777
v -0.00713306 0.02562221 -0.17820363
v -0.00717847 -0.02542077 -0.17904222
v -0.00713816 -0.02587054 -0.17705183
v -0.00706516 -0.02700626 -0.17343415
v -0.00705545 -0.02709293 -0.17295438
v -0.00915682 0.01605052 -0.27738535
v -0.00917899 -0.01596329 -0.27760315
v -0.00698312 -0.02249696 -0.16952501
v -0.00335270 -0.02249898 -0.16959889
v -0.00707276 -0.01728876 -0.17407188
v -0.00344523 -0.01729076 -0.17414570
v -0.00713566 -0.01119006 -0.17732906
v -0.00351151 -0.01119206 -0.17740284
v -0.00355510 0.00003690 -0.17954455
v -0.00717304 0.00003889 -0.17947091
v -0.00716520 -0.00567684 -0.17893066
v -0.00354411 -0.00567884 -0.17900436
v -0.00335244 0.02258410 -0.16958588
v -0.00695788 0.02258609 -0.16951250
v -0.00342269 0.01886810 -0.17303827
v -0.00707399 0.01588080 -0.17503560
v -0.00346483 0.01587872 -0.17510892
v -0.00354201 0.00626710 -0.17890154
v -0.00353363 0.00799104 -0.17848954
v -0.00714714 0.00799287 -0.17841543
v -0.00351676 0.01059195 -0.17766060
v -0.00347273 0.01522167 -0.17549708
v -0.00355454 0.00134110 -0.17951684
v -0.00335273 -0.02813912 -0.16960052
v -0.00698627 -0.02813913 -0.16952658
v -0.00702089 -0.02762053 -0.17124185
v -0.03476780 -0.01567328 -0.03121314
v -0.03502452 -0.01566949 -0.04434339
v -0.03528028 -0.01567584 -0.02096961
v -0.03479255 -0.01567425 -0.02766121
v 0.03996263 -0.01572403 0.00093033
v 0.03787319 -0.01572543 0.01018734
v 0.04083657 -0.01572246 -0.00651303
v -0.00277175 -0.03296337 -0.14105251
v -0.00302717 -0.03200264 -0.15360309
v -0.00334567 -0.02824244 -0.16925399
v -0.00120596 -0.02635851 -0.06411350
v -0.00122478 -0.02606131 -0.06503835
v -0.00124810 -0.02611202 -0.06618434
v -0.00126668 -0.02650103 -0.06709718
v -0.00113383 0.03303663 -0.06056919
v -0.02239764 0.03303663 -0.06013644
v -0.02083618 0.02487059 -0.05216656
v -0.02088298 0.02503662 -0.05216561
v -0.00097106 0.02503662 -0.05257084
v -0.00097105 0.00003662 -0.05257084
v -0.01917027 0.01715522 -0.05220047
v -0.00177475 -0.03296338 -0.09206266
v -0.00099973 -0.00928080 -0.05398009
v -0.00108321 -0.01776437 -0.05808173
v -0.00141183 -0.02988801 -0.07422937
v -0.00156764 -0.03138791 -0.08188547
v -0.00165150 -0.03211297 -0.08600630
v -0.00110260 -0.02762444 -0.05903450
v -0.00108166 -0.02631811 -0.05800587
v -0.00107599 -0.02474067 -0.05772718
v -0.00108594 -0.02320876 -0.05821593
v -0.00117071 -0.02804545 -0.06238155
v -0.00116633 -0.02812857 -0.06216614
v -0.00113281 -0.02826794 -0.06051933
v -0.03568831 -0.02675346 -0.06319828
v -0.00119701 -0.02706953 -0.06367366
v -0.00109924 -0.02151713 -0.05886977
v -0.00109819 -0.01942172 -0.05881812
v -0.00107749 0.03254216 -0.05780082
v -0.00101873 0.03069348 -0.05491350
v -0.00098112 0.02780556 -0.05306521
v -0.02227268 0.03016298 -0.05399601
v -0.02167011 0.02774185 -0.05261473
v 0.04356572 0.02195614 -0.16169688
v 0.04318785 0.02256723 -0.16373843
v 0.04333168 0.02099394 -0.16801265
v 0.04227642 0.02383567 -0.16394910
v 0.04094662 0.02466070 -0.16405751
v 0.04267919 0.02278335 -0.16798729
v 0.04211497 0.02345363 -0.16796534
v 0.04126257 0.02407391 -0.16793218
v 0.04282079 0.02233624 -0.17098646
v 0.04323838 0.02063977 -0.17099498
v 0.04256173 0.02278266 -0.17098117
v 0.04219646 0.02324912 -0.17097373
v 0.04134629 0.02395644 -0.17095640
v 0.04114489 0.02407345 -0.17095231
v 0.04033488 0.02440345 -0.17093581
v 0.04736836 0.02626731 -0.15585221
v 0.04751101 0.02574864 -0.15650401
v 0.04766643 0.02458243 -0.15852496
v 0.04725070 0.02341991 -0.16303414
v 0.04753013 0.02597525 -0.15644632
v 0.04771788 0.02478755 -0.15844223
v 0.04733370 0.02359812 -0.16293292
v 0.04753628 0.02608445 -0.15641329
v 0.04773943 0.02488459 -0.15839228
v 0.04736950 0.02367373 -0.16286211
v 0.04204142 0.02736248 -0.15069310
v 0.04011421 0.02793951 -0.14902693
v 0.04003855 0.02794057 -0.14897229
v 0.03204091 0.03303662 -0.14176099
v 0.03321499 0.02794073 -0.14356370
v 0.03555609 0.02794068 -0.14576657
v 0.04003780 -0.02786713 -0.14900966
v 0.04013237 -0.02786606 -0.14907759
v 0.04315890 -0.02629435 -0.15121830
v 0.04184536 -0.02741791 -0.15029891
v 0.04313787 -0.03088485 -0.15214369
v 0.04315626 -0.03099620 -0.15121961
v 0.04374790 0.03433457 -0.04050777
v 0.03070718 0.03426637 -0.04380349
v 0.03727987 0.03374257 -0.04185873
v 0.03087231 0.03483334 -0.04433705
v 0.03077481 0.03460763 -0.04401318
v 0.04379585 0.03418100 -0.04030186
v 0.04384284 0.03393454 -0.04010037
v 0.04387131 0.03352078 -0.03997796
v 0.04387334 0.03346537 -0.03997686
v 0.04387461 0.03083685 -0.03997738
v 0.03442618 -0.00491545 -0.04267279
v 0.01928082 0.03441497 -0.04716331
v 0.01353748 0.03445131 -0.04871837
v 0.01931436 0.03474738 -0.04736961
v 0.01938088 0.03497438 -0.04768257
v 0.01355704 0.03477295 -0.04892678
v 0.01360684 0.03499260 -0.04923676
v 0.03887210 -0.01571427 -0.03229467
v 0.03579117 -0.01571156 -0.03561925
v 0.03613603 -0.01458915 -0.03761352
v 0.03512754 -0.01571086 -0.03622222
v 0.03577453 -0.00816006 -0.04199052
v 0.03591456 -0.01191135 -0.04050360
v -0.02737868 -0.01568639 0.00112114
v -0.02591009 -0.01568443 -0.00887781
v -0.02092864 -0.01568479 -0.01767104
v -0.00350180 -0.01569189 -0.02721327
v -0.01310709 -0.01568739 -0.02407098
v 0.00659000 -0.01569769 -0.02667354
v 0.01580535 -0.01570400 -0.02252468
v 0.02289966 -0.01570997 -0.01532701
v 0.02691481 -0.01571479 -0.00605262
v -0.02513605 -0.01569038 0.01097539
v -0.01948510 -0.01569587 0.01935409
v -0.01118902 -0.01570210 0.02512562
v 0.01751527 -0.01571712 0.02133295
v 0.00865092 -0.01571351 0.02618671
v -0.00136822 -0.01570826 0.02751053
v 0.02730854 -0.01571781 0.00404593
v 0.02402766 -0.01571863 0.01360478
v 0.02112952 -0.01571816 0.01777059
v -0.03510273 -0.01626621 -0.04807556
v -0.01871468 -0.01573317 -0.04981969
v -0.01978763 -0.01586296 -0.04987100
v -0.02203243 -0.01627158 -0.05020193
v -0.02315623 -0.01649957 -0.05051237
v -0.02141589 -0.01584182 -0.05101779
v -0.01941932 -0.01535115 -0.05048995
v -0.02088199 -0.01514368 -0.05171028
v -0.01910929 -0.01469909 -0.05100393
v -0.01887204 -0.01393698 -0.05138629
v -0.02047847 -0.01423035 -0.05221680
v 0.02970147 -0.02786693 -0.14269902
v 0.03804681 -0.02786708 -0.14759171
v 0.03445056 -0.02786700 -0.14489199
v 0.03199442 -0.03296338 -0.14176005
v 0.04374216 0.03398076 -0.04053167
f 122 121 137
f 137 121 139
f 2992 139 121
f 2992 121 3007
f 194 3007 121
f 3008 3007 194
f 3114 3008 194
f 194 3113 3114
f 194 3115 3113
f 3370 3115 194
f 3370 3116 3115
f 3417 3370 194
f 3417 194 3361
f 3361 3366 3417
f 3417 3366 3367
f 3417 3367 3368
f 3368 3369 3417
f 3369 3370 3417
f 194 121 195
f 195 121 123
f 123 206 195
f 123 3025 206
f 124 3025 123
f 124 3034 3025
f 127 3034 124
f 127 3035 3034
f 126 3035 127
f 126 3036 3035
f 125 3036 126
f 125 3037 3036
f 125 3029 3037
f 120 3029 125
f 120 3027 3029
f 119 3027 120
f 119 117 3027
f 3027 117 3352
f 3352 117 116
f 3032 3352 116
f 3032 116 3031
f 3031 116 3353
f 3031 3353 3042
f 3042 3353 3041
f 3353 3354 3041
f 3041 3354 3351
f 3041 3351 3040
f 3040 3351 3038
f 3038 3351 3350
f 3038 3350 3039
f 3039 3350 3349
f 3039 3349 279
f 279 289 3039
f 279 290 289
f 289 290 291
f 290 294 291
f 290 293 294
f 292 293 290
f 292 3339 293
f 292 278 3339
f 3339 278 272
f 3339 272 3340
f 3340 272 270
f 3340 270 3341
f 3343 3340 3341
f 3343 3341 3344
f 3344 3341 3342
f 3341 282 3342
f 282 3324 3342
f 3342 3324 3326
f 3342 3326 556
f 556 3326 3333
f 556 3333 554
f 554 555 556
f 554 3332 555
f 3333 3332 554
f 3326 3332 3333
f 3332 3326 3334
f 3334 3326 3329
f 3334 3329 3335
f 3335 779 3334
f 3334 779 555
f 3336 779 3335
f 3335 3330 3336
f 3336 3330 3331
f 3336 3331 3337
f 3337 780 3336
f 3337 781 780
f 712 780 781
f 712 781 777
f 776 712 777
f 776 777 846
f 846 777 847
f 846 847 848
f 848 847 3331
f 3331 1958 848
f 3331 3328 1958
f 3328 288 1958
f 1803 1958 288
f 1957 1958 1803
f 2807 1957 1803
f 1803 2814 2807
f 2807 2814 2812
f 2807 2812 2806
f 2806 2804 2807
f 2806 2803 2804
f 2805 2803 2806
f 2805 2802 2803
f 2801 2802 2805
f 2801 2800 2802
f 2800 2797 2802
f 2802 2797 2796
f 691 2796 2797
f 691 769 2796
f 2796 769 770
f 769 741 770
f 770 741 771
f 771 741 760
f 771 760 772
f 772 760 701
f 742 701 760
f 744 701 742
f 744 699 701
f 745 699 744
f 745 705 699
f 754 705 745
f 745 748 754
f 745 747 748
f 747 738 748
f 748 738 740
f 738 739 740
f 738 703 739
f 703 768 739
f 703 676 768
f 685 676 703
f 686 685 703
f 675 685 686
f 675 686 678
f 678 686 687
f 678 687 680
f 690 680 687
f 689 680 690
f 689 690 702
f 688 689 702
f 741 688 702
f 544 688 741
f 543 544 741
f 543 542 544
f 541 542 543
f 541 540 542
f 539 540 541
f 540 539 538
f 540 538 684
f 684 538 2952
f 538 537 2952
f 536 537 538
f 535 537 536
f 535 2987 537
f 535 2969 2987
f 2987 2969 2988
f 2952 2987 2988
f 2952 2988 2956
f 2956 2988 2989
f 2988 2960 2989
f 2989 2960 2959
f 2959 2960 2961
f 2960 2969 2961
f 2961 2969 2970
f 2961 2970 2967
f 2978 2961 2967
f 2978 2967 2983
f 2983 2976 2978
f 2976 2977 2978
f 2978 2977 2959
f 2976 2975 2977
f 2975 2986 2977
f 2986 2989 2977
f 2986 2958 2989
f 2957 2989 2958
f 679 2957 2958
f 679 2958 2955
f 2955 677 679
f 2954 677 2955
f 2955 2986 2954
f 2954 2986 2985
f 2973 2985 2986
f 2972 2985 2973
f 2963 2972 2973
f 2963 2973 2974
f 2974 2973 2975
f 2981 2963 2974
f 2980 2963 2981
f 2980 382 2963
f 2979 382 2980
f 2980 2964 2979
f 2980 2965 2964
f 2965 2071 2964
f 2965 2067 2071
f 2065 2067 2965
f 2965 2966 2065
f 2966 2060 2065
f 2060 2064 2065
f 2065 2064 2066
f 2056 2066 2064
f 2087 2066 2056
f 2083 2087 2056
f 2083 2056 1739
f 1739 2056 1737
f 1737 1738 1739
f 1739 1738 1740
f 1736 1740 1738
f 1736 1738 1745
f 1745 1738 1732
f 1745 1732 1746
f 2055 1745 1746
f 2055 2036 1745
f 2054 2036 2055
f 2054 2038 2036
f 2037 2036 2038
f 1736 2036 2037
f 2037 1733 1736
f 1733 1735 1736
f 1733 1734 1735
f 1734 2522 1735
f 1734 2520 2522
f 2470 2520 1734
f 2469 2520 2470
f 2470 2375 2469
f 2469 2375 2357
f 2374 2357 2375
f 2037 2374 2375
f 2039 2374 2037
f 2039 2373 2374
f 2041 2373 2039
f 2041 2372 2373
f 2372 2376 2373
f 2373 2376 2358
f 2376 2364 2358
f 2358 2364 2366
f 2358 2366 2359
f 2356 2358 2359
f 2356 2357 2358
f 2464 2356 2359
f 2464 2359 2465
f 2465 2359 2466
f 2465 2466 2467
f 2467 2466 2468
f 2467 2468 1131
f 1130 2467 1131
f 2462 2467 1130
f 2463 2462 1130
f 2463 1130 1129
f 1129 2546 2463
f 2546 1129 1128
f 2546 1128 2547
f 59 2546 2547
f 59 2547 2549
f 1135 2549 2547
f 1137 2549 1135
f 1135 1136 1137
f 1135 1134 1136
f 1134 2333 1136
f 1136 2333 2334
f 2333 2324 2334
f 2334 2324 2326
f 2334 2326 2335
f 2335 2326 2327
f 2327 2350 2335
f 2335 2350 2349
f 2340 2349 2350
f 2338 2349 2340
f 2339 2338 2340
f 2339 2340 2341
f 2339 2341 2406
f 2406 2341 2407
f 2341 2343 2407
f 2341 2342 2343
f 2342 2353 2343
f 2343 2353 2354
f 2345 2354 2353
f 2355 2354 2345
f 2345 71 2355
f 2355 71 70
f 2355 70 2420
f 2420 70 69
f 2420 69 2419
f 2419 2418 2420
f 2420 2418 2354
f 2407 2354 2418
f 2407 2418 2425
f 2423 2407 2425
f 2423 2425 2422
f 2422 1153 2423
f 2422 1156 1153
f 2421 1156 2422
f 2421 1158 1156
f 1157 1156 1158
f 1157 1158 1159
f 1159 1158 1160
f 1160 1158 1161
f 1160 1161 1162
f 1162 1167 1160
f 2555 1160 1167
f 1167 1166 2555
f 2555 1166 1164
f 1165 1164 1166
f 1165 1166 1162
f 2411 1165 1162
f 2411 1162 2424
f 2424 2428 2411
f 2411 2428 2412
f 2411 2412 1101
f 1101 2412 1096
f 2412 1121 1096
f 1113 1096 1121
f 1113 1121 1120
f 1119 1113 1120
f 1119 1087 1113
f 1116 1087 1119
f 1087 1116 1117
f 1115 1087 1117
f 1115 1117 1118
f 35 1115 1118
f 35 1118 36
f 36 1118 38
f 2414 38 1118
f 2414 40 38
f 2408 40 2414
f 2408 72 40
f 2415 72 2408
f 2415 73 72
f 2417 73 2415
f 2415 2416 2417
f 2417 2416 2418
f 2415 2410 2416
f 2426 2416 2410
f 2426 2410 2427
f 2427 2410 2409
f 2408 2409 2410
f 2427 2409 2428
f 2421 2426 2427
f 2421 2427 2424
f 2424 1161 2421
f 2425 2416 2426
f 2417 74 73
f 2419 74 2417
f 2419 68 74
f 2408 2410 2415
f 2408 2414 2409
f 2409 2414 2413
f 2409 2413 2412
f 2412 2413 1120
f 1117 2413 2414
f 42 1115 35
f 42 44 1115
f 1115 44 46
f 1115 46 505
f 46 469 505
f 46 467 469
f 47 467 46
f 47 2371 467
f 467 2371 2052
f 467 2052 2046
f 2052 2043 2046
f 2046 2043 2042
f 2046 2042 2044
f 2044 2045 2046
f 2044 2047 2045
f 2044 2034 2047
f 2053 2034 2044
f 2053 2035 2034
f 2054 2035 2053
f 2054 2049 2035
f 2049 798 2035
f 2049 796 798
f 796 797 798
f 796 795 797
f 794 795 796
f 792 795 794
f 2050 792 794
f 2050 793 792
f 791 792 793
f 793 789 791
f 791 789 787
f 791 787 806
f 806 787 785
f 785 805 806
f 785 584 805
f 586 584 785
f 585 584 586
f 585 586 587
f 587 586 784
f 784 2951 587
f 784 2970 2951
f 786 2970 784
f 784 785 786
f 786 2971 2970
f 788 2971 786
f 2063 2971 788
f 2062 2971 2063
f 2061 2062 2063
f 2061 2060 2062
f 2968 2062 2060
f 2967 2062 2968
f 1731 2060 2061
f 1732 1731 2061
f 1730 1731 1732
f 1730 2056 1731
f 1730 1732 1737
f 2063 2051 2061
f 2061 2051 1746
f 2050 1746 2051
f 2063 790 2051
f 790 789 2051
f 788 789 790
f 2967 2971 2062
f 788 790 2063
f 786 787 788
f 535 2951 2970
f 585 2951 535
f 585 535 534
f 534 583 585
f 582 583 534
f 534 551 582
f 534 27 551
f 534 28 27
f 29 28 534
f 2798 29 534
f 2800 29 2798
f 2800 30 29
f 2798 534 695
f 694 2798 695
f 694 2797 2798
f 539 694 695
f 695 534 536
f 551 27 26
f 551 26 2779
f 2779 552 551
f 2776 552 2779
f 2784 2776 2779
f 2784 2779 2786
f 2785 2784 2786
f 2783 2784 2785
f 2783 2782 2784
f 2781 2782 2783
f 2783 2791 2781
f 2783 2790 2791
f 2792 2791 2790
f 2792 2790 2793
f 2793 2790 2789
f 2793 2789 2794
f 2794 2789 2788
f 2794 2788 2795
f 148 2794 2795
f 147 2794 148
f 148 2795 149
f 23 149 2795
f 23 2795 24
f 22 149 23
f 21 149 22
f 21 13 149
f 149 13 12
f 11 149 12
f 10 149 11
f 10 135 149
f 9 135 10
f 9 8 135
f 135 8 7
f 135 7 137
f 137 7 6
f 137 6 5
f 5 4 137
f 137 4 3
f 137 3 122
f 122 3 18
f 122 18 17
f 16 122 17
f 15 122 16
f 15 33 122
f 118 122 33
f 118 33 130
f 130 33 32
f 130 32 2808
f 130 2808 2811
f 2808 2810 2811
f 2811 2810 2812
f 2811 2812 2813
f 129 2811 2813
f 129 2813 128
f 128 2813 2815
f 2813 2814 2815
f 1802 2815 2814
f 1801 2815 1802
f 131 2815 1801
f 131 1801 132
f 3353 132 1801
f 116 132 3353
f 3353 1801 3354
f 3354 1801 3351
f 1801 273 3351
f 275 3351 273
f 273 274 275
f 275 274 276
f 275 276 277
f 281 277 276
f 286 281 276
f 285 281 286
f 3327 285 286
f 3327 286 287
f 3327 287 3328
f 3330 3327 3328
f 3329 3327 3330
f 3329 3325 3327
f 3325 285 3327
f 3325 284 285
f 284 280 285
f 284 271 280
f 271 279 280
f 280 279 277
f 279 3349 277
f 277 3349 3350
f 271 278 279
f 272 278 271
f 271 270 272
f 269 270 271
f 283 269 271
f 282 269 283
f 282 283 3324
f 3324 283 3325
f 3324 3325 3326
f 283 271 284
f 283 284 3325
f 285 280 281
f 286 276 287
f 280 277 281
f 277 3350 275
f 287 276 274
f 287 274 288
f 274 1802 288
f 275 3350 3351
f 273 1801 274
f 274 1801 1802
f 128 2815 131
f 2808 2809 2810
f 2805 2810 2809
f 2808 31 2809
f 2809 31 30
f 2809 30 2801
f 130 2811 129
f 2808 32 31
f 14 33 15
f 14 34 33
f 19 34 14
f 13 19 14
f 20 19 13
f 20 13 21
f 24 2795 2788
f 24 2788 2787
f 25 24 2787
f 2786 25 2787
f 2787 2788 2789
f 2787 2789 2785
f 147 2793 2794
f 146 2793 147
f 2785 2789 2790
f 146 2792 2793
f 266 2792 146
f 2792 266 267
f 266 238 267
f 267 238 218
f 267 218 268
f 268 218 1959
f 268 1959 2780
f 268 2780 2781
f 1959 2778 2780
f 2780 2778 2777
f 2780 2777 2782
f 2782 2777 2776
f 2776 2777 545
f 545 2777 548
f 545 548 546
f 547 546 548
f 547 548 549
f 671 549 548
f 670 549 671
f 2777 670 671
f 670 564 549
f 669 564 670
f 669 623 564
f 625 623 669
f 668 625 669
f 668 669 2778
f 2778 849 668
f 664 668 849
f 849 665 664
f 664 665 627
f 627 665 666
f 627 666 650
f 650 597 627
f 627 597 621
f 597 620 621
f 646 620 597
f 597 652 646
f 646 652 653
f 646 653 645
f 645 653 654
f 637 654 653
f 637 653 640
f 639 637 640
f 639 640 641
f 641 629 639
f 639 629 574
f 574 629 579
f 574 579 557
f 569 574 557
f 591 569 557
f 557 484 591
f 591 484 483
f 591 483 482
f 591 482 481
f 481 482 479
f 470 481 479
f 464 481 470
f 464 487 481
f 466 487 464
f 800 487 466
f 800 782 487
f 797 782 800
f 797 783 782
f 799 797 800
f 799 800 801
f 2035 799 801
f 487 782 783
f 801 800 466
f 801 466 465
f 2048 801 465
f 2048 2034 801
f 2048 465 467
f 465 464 467
f 467 464 468
f 464 472 468
f 494 468 472
f 494 472 471
f 494 471 491
f 491 471 475
f 470 475 471
f 470 474 475
f 473 474 470
f 473 491 474
f 473 493 491
f 488 493 473
f 488 492 493
f 492 488 2131
f 1423 492 2131
f 1423 2131 1392
f 1392 2131 2132
f 1392 2132 1385
f 1385 2132 2130
f 1385 2130 2125
f 1386 1385 2125
f 1385 1386 1387
f 1386 1379 1387
f 1387 1379 1378
f 1387 1378 1415
f 1415 1378 1374
f 1415 1374 1416
f 1416 1389 1415
f 1416 1388 1389
f 1388 1383 1389
f 1397 1383 1388
f 1397 1388 1398
f 1417 1398 1388
f 1380 1398 1417
f 1380 1333 1398
f 1333 2711 1398
f 2711 1333 1440
f 2711 1440 3288
f 3288 2712 2711
f 3288 2713 2712
f 2713 1396 2712
f 2712 1396 1397
f 2713 1395 1396
f 1395 1381 1396
f 1396 1381 1383
f 1381 1382 1383
f 1383 1382 1384
f 1382 1427 1384
f 1384 1427 1391
f 1391 1427 1423
f 1427 1428 1423
f 1421 1428 1427
f 1421 1427 1422
f 1422 1427 1426
f 1422 1426 1424
f 1424 1425 1422
f 1424 2714 1425
f 1425 2714 2715
f 2715 2714 3289
f 3289 2714 2713
f 3289 3290 2715
f 2715 3290 3278
f 2715 3278 3279
f 3279 2716 2715
f 2716 1303 2715
f 2716 1301 1303
f 1301 1302 1303
f 1303 1302 1304
f 1302 1314 1304
f 1304 1314 1309
f 1314 1278 1309
f 1314 1299 1278
f 1299 1276 1278
f 1278 1276 517
f 1278 517 516
f 516 1277 1278
f 515 1277 516
f 492 515 516
f 514 515 492
f 514 1308 515
f 1308 514 1423
f 1308 1423 1306
f 1306 1309 1308
f 515 1308 1309
f 1309 1277 515
f 516 517 492
f 492 517 518
f 492 518 519
f 519 520 492
f 492 520 521
f 492 521 522
f 1310 522 521
f 1317 522 1310
f 1317 1275 522
f 1275 525 522
f 524 525 1275
f 1316 524 1275
f 1319 524 1316
f 1287 1319 1316
f 1297 1287 1316
f 1297 1316 1296
f 1296 1316 1317
f 1296 1317 1293
f 1293 1295 1296
f 1293 1294 1295
f 1292 1294 1293
f 1294 1292 2718
f 2718 1292 1291
f 2718 1291 2717
f 1300 2717 1291
f 1300 1291 1298
f 1298 1299 1300
f 1313 1300 1299
f 1301 1300 1313
f 1298 1293 1299
f 1299 1293 1315
f 1293 1310 1315
f 1315 1310 519
f 1315 519 1299
f 1298 1291 1293
f 1300 2716 2717
f 3280 2717 2716
f 3254 2717 3280
f 3253 2717 3254
f 3253 2718 2717
f 3243 2718 3253
f 3243 2719 2718
f 2720 2719 3243
f 2720 3243 2721
f 3243 3244 2721
f 2721 3244 3245
f 2721 3245 2722
f 1297 2721 2722
f 1297 2722 1288
f 1288 2722 2723
f 2722 3247 2723
f 3252 2723 3247
f 3252 2724 2723
f 3166 2724 3252
f 3166 2725 2724
f 2725 3166 3167
f 2725 3167 2726
f 1279 2725 2726
f 1279 2726 1280
f 1279 1280 1281
f 1280 1283 1281
f 1280 1284 1283
f 1229 1283 1284
f 1229 1284 1285
f 1285 2728 1229
f 2728 1230 1229
f 1229 1230 1231
f 1231 1230 1232
f 3173 1232 1230
f 3173 2589 1232
f 923 1232 2589
f 923 2589 919
f 2589 920 919
f 918 919 920
f 920 927 918
f 2588 927 920
f 2587 927 2588
f 3172 2587 2588
f 3172 2588 2589
f 3188 2587 3172
f 2587 3188 3189
f 3189 2586 2587
f 3189 2585 2586
f 3193 2585 3189
f 3193 2584 2585
f 2584 910 2585
f 2584 911 910
f 899 910 911
f 909 910 899
f 899 917 909
f 899 934 917
f 876 917 934
f 876 934 875
f 875 934 935
f 897 935 934
f 891 935 897
f 891 936 935
f 878 935 936
f 878 936 933
f 933 930 878
f 878 930 500
f 878 500 499
f 498 878 499
f 498 875 878
f 497 875 498
f 875 497 506
f 494 506 497
f 494 490 506
f 876 506 490
f 876 490 877
f 489 877 490
f 513 877 489
f 513 926 877
f 874 926 513
f 513 512 874
f 874 512 511
f 874 511 510
f 510 925 874
f 510 924 925
f 929 925 924
f 929 924 873
f 1268 929 873
f 1268 873 872
f 872 507 1268
f 1268 507 533
f 1268 533 1269
f 1268 1269 1270
f 1269 532 1270
f 1270 532 1274
f 532 531 1274
f 1274 531 530
f 493 530 531
f 493 529 530
f 1272 530 529
f 1272 529 528
f 1272 528 1273
f 1273 528 527
f 1273 527 1311
f 1318 1273 1311
f 1283 1273 1318
f 1283 1271 1273
f 1282 1271 1283
f 1282 1270 1271
f 1312 1270 1282
f 1282 918 1312
f 1282 921 918
f 921 922 918
f 918 922 923
f 921 1232 922
f 1231 921 1282
f 1312 918 928
f 918 926 928
f 928 926 925
f 928 1268 1312
f 1282 1283 1231
f 1318 1311 1319
f 1311 527 526
f 493 526 527
f 523 526 493
f 523 493 524
f 1311 523 524
f 1311 526 523
f 493 527 528
f 1271 1272 1273
f 1271 530 1272
f 528 529 493
f 1271 1274 530
f 531 532 493
f 493 532 533
f 1270 1274 1271
f 1312 1268 1270
f 1269 533 532
f 493 533 507
f 507 508 493
f 493 508 509
f 873 509 508
f 493 509 510
f 872 508 507
f 508 872 873
f 928 929 1268
f 873 924 509
f 928 925 929
f 509 924 510
f 510 511 493
f 493 511 512
f 491 512 513
f 874 925 926
f 926 912 877
f 877 912 917
f 912 916 917
f 912 915 916
f 916 915 2586
f 2586 915 914
f 916 2586 907
f 909 916 907
f 907 908 909
f 907 2585 908
f 914 915 912
f 912 913 914
f 914 913 2587
f 926 913 912
f 927 913 926
f 491 513 489
f 489 490 491
f 497 498 494
f 494 498 499
f 499 500 494
f 494 500 501
f 494 501 469
f 469 501 502
f 469 502 495
f 495 502 871
f 495 871 870
f 870 871 879
f 885 879 871
f 885 871 883
f 883 884 885
f 884 1087 885
f 931 1087 884
f 931 884 932
f 932 887 931
f 932 886 887
f 933 886 932
f 932 883 933
f 886 869 887
f 869 886 888
f 888 886 936
f 867 869 888
f 867 868 869
f 868 867 1237
f 868 1237 1088
f 1088 1237 1238
f 1237 3175 1238
f 1238 3175 1239
f 1234 1238 1239
f 1234 1239 1235
f 1235 1239 3232
f 1235 3232 1236
f 1236 3232 3233
f 1236 3233 2739
f 2740 1236 2739
f 2739 2737 2740
f 2740 2737 1110
f 2740 1110 1109
f 1109 1110 869
f 1109 869 1090
f 1090 1234 1109
f 1089 1234 1090
f 1234 1089 1088
f 1088 1089 1090
f 1109 1234 2740
f 1110 2737 2738
f 2738 1111 1110
f 2738 1112 1111
f 2741 1112 2738
f 2738 3221 2741
f 2738 3220 3221
f 3219 3220 2738
f 2738 3218 3219
f 2741 3221 2742
f 2742 3221 3235
f 3235 1242 2742
f 3235 1243 1242
f 3234 1243 3235
f 3234 1244 1243
f 1244 3234 1240
f 1240 3234 3197
f 1240 3197 1437
f 1437 1108 1240
f 1108 1107 1240
f 1240 1107 1241
f 1107 1106 1241
f 1241 1106 1114
f 1241 1114 2743
f 2743 1242 1241
f 2741 2743 1114
f 1113 1114 1106
f 1113 1106 1091
f 1091 1106 1108
f 1091 1108 1092
f 1091 1092 1093
f 1092 1437 1093
f 1093 1437 2573
f 1437 3198 2573
f 2573 3198 3199
f 2573 3199 1433
f 1094 2573 1433
f 1094 1433 1434
f 1434 1435 1094
f 1094 1435 1436
f 1435 2761 1436
f 1436 2761 1098
f 2761 1099 1098
f 1098 1099 1096
f 1096 1097 1098
f 1096 1095 1097
f 1095 1436 1097
f 1094 1095 1096
f 1091 1094 1096
f 1096 1099 1100
f 1099 2764 1100
f 1100 2764 2765
f 2764 3208 2765
f 2763 3208 2764
f 2763 3207 3208
f 2762 3207 2763
f 2761 2762 2763
f 2773 2762 2761
f 2773 3206 2762
f 3206 2773 2775
f 3206 2775 3256
f 3256 2775 2774
f 3256 2774 3204
f 1435 3204 2774
f 1435 3203 3204
f 3199 3203 1435
f 2774 2773 1435
f 2774 2775 2773
f 2762 3206 3207
f 2765 3208 3210
f 2765 3210 3209
f 2760 2765 3209
f 2760 3209 2759
f 2759 1102 2760
f 2760 1102 1100
f 1101 1100 1102
f 1101 1102 1103
f 1103 1102 1104
f 1103 1104 1105
f 2411 1103 1105
f 1104 1183 1105
f 1178 1183 1104
f 1178 1182 1183
f 1182 2545 1183
f 1182 2488 2545
f 2489 2488 1182
f 863 2488 2489
f 2493 863 2489
f 2493 2489 2494
f 2494 2489 2491
f 2491 2502 2494
f 2494 2502 2501
f 1946 2501 2502
f 1955 2501 1946
f 1955 2500 2501
f 2499 2500 1955
f 1955 1956 2499
f 1952 2499 1956
f 1952 2520 2499
f 2520 2519 2499
f 2519 2493 2499
f 2521 2493 2519
f 2521 864 2493
f 866 864 2521
f 865 864 866
f 860 864 865
f 860 863 864
f 859 863 860
f 859 860 861
f 2458 859 861
f 2558 859 2458
f 2558 2458 2559
f 2559 2458 2460
f 2458 2459 2460
f 2460 2459 2461
f 2461 2459 2462
f 2459 2465 2462
f 2557 2460 2461
f 2557 2461 2463
f 2458 2464 2459
f 2464 2458 862
f 2559 2460 2557
f 2546 2559 2557
f 2546 2558 2559
f 863 2558 2546
f 56 863 2546
f 52 863 56
f 48 863 52
f 45 863 48
f 45 2488 863
f 43 2488 45
f 43 2556 2488
f 2556 2545 2488
f 2556 1185 2545
f 2545 1185 1184
f 2545 1184 1187
f 1105 1187 1184
f 1184 1185 1105
f 1105 1185 1186
f 1105 1186 1169
f 1169 1186 2556
f 2556 1168 1169
f 2556 1163 1168
f 1163 1165 1168
f 1168 1165 1105
f 1164 1163 2556
f 1168 1105 1169
f 2556 1186 1185
f 37 2556 43
f 37 2555 2556
f 39 2555 37
f 39 2554 2555
f 41 2554 39
f 41 2553 2554
f 1155 2554 2553
f 1157 2554 1155
f 1155 2553 1154
f 1154 2553 1152
f 2552 1152 2553
f 2552 1151 1152
f 1151 1150 1152
f 1152 1150 1153
f 1148 1150 1151
f 1148 1149 1150
f 1150 1149 2336
f 2406 1150 2336
f 2406 2336 2337
f 1144 2337 2336
f 1144 2336 1147
f 1146 1144 1147
f 1146 1147 1148
f 1146 1148 2551
f 2551 1145 1146
f 2550 1145 2551
f 64 2550 2551
f 64 2548 2550
f 61 2548 64
f 61 2549 2548
f 2548 1142 2550
f 1142 1143 2550
f 1142 1141 1143
f 1143 1141 1144
f 1143 1144 1145
f 1141 2338 1144
f 1140 1141 1142
f 1140 1138 1141
f 1138 2335 1141
f 1139 1138 1140
f 1139 1140 2548
f 1139 2548 1137
f 1137 1138 1139
f 2548 1140 1142
f 64 2551 67
f 67 2551 2552
f 67 2552 41
f 2550 1143 1145
f 1145 1144 1146
f 1144 2338 2337
f 2423 1150 2406
f 1147 2336 1149
f 1147 1149 1148
f 2551 1148 1151
f 2551 1151 2552
f 1152 1153 1154
f 1154 1153 1155
f 41 2552 2553
f 863 859 2558
f 2458 861 862
f 861 860 862
f 860 2469 862
f 862 2469 2356
f 2469 860 2519
f 2519 860 865
f 2521 865 866
f 2519 865 2521
f 2499 2494 2500
f 1946 2502 2498
f 2497 1946 2498
f 2490 2497 2498
f 2490 2498 2491
f 2490 2491 2492
f 1182 2490 2492
f 2496 2490 1182
f 1182 1949 2496
f 1182 2495 1949
f 1177 2495 1182
f 1177 1176 2495
f 1177 1178 1176
f 1176 1178 1179
f 1176 1179 1174
f 1174 1175 1176
f 1176 1175 2506
f 2506 1175 2507
f 2487 2507 1175
f 2487 2508 2507
f 2509 2508 2487
f 2509 2487 2510
f 2510 2487 2480
f 2486 2480 2487
f 2486 2482 2480
f 2485 2482 2486
f 2485 2486 2540
f 2540 2486 1175
f 2485 2484 2482
f 2512 2482 2484
f 2511 2512 2484
f 2515 2512 2511
f 2515 2511 2516
f 2516 2503 2515
f 2515 2503 2482
f 2503 2481 2482
f 2503 2479 2481
f 2479 2480 2481
f 2504 2480 2479
f 2504 2479 2505
f 1954 2504 2505
f 1954 2505 2503
f 2503 1950 1954
f 1953 2504 1954
f 1953 2510 2504
f 2505 2479 2503
f 2503 2516 1950
f 1950 2516 2517
f 1950 2517 1951
f 1951 2517 2518
f 1742 2518 2517
f 1742 2517 1942
f 1942 2517 1943
f 1940 1942 1943
f 1940 1943 1938
f 1938 1939 1940
f 1939 2390 1940
f 1940 2390 2391
f 2381 2391 2390
f 2381 2390 2379
f 2379 2390 2389
f 2389 2405 2379
f 2389 2404 2405
f 1937 2404 2389
f 2454 2404 1937
f 2454 2401 2404
f 2452 2401 2454
f 2454 2456 2452
f 2452 2456 2457
f 2452 2457 2453
f 2541 2453 2457
f 2541 2457 2544
f 2544 2457 2543
f 87 2544 2543
f 2543 91 87
f 2542 91 2543
f 2542 2483 91
f 2483 93 91
f 2483 98 93
f 2485 98 2483
f 2485 102 98
f 2539 102 2485
f 2485 2540 2539
f 2540 1181 2539
f 2539 1181 1173
f 1181 949 1173
f 949 1172 1173
f 949 1171 1172
f 2538 1172 1171
f 2538 1171 1170
f 1188 2538 1170
f 1170 949 1188
f 1188 949 1189
f 949 948 1189
f 1189 948 2433
f 1189 2433 2434
f 2429 2434 2433
f 2429 2433 942
f 942 2433 951
f 942 951 940
f 940 951 948
f 940 948 952
f 952 948 950
f 950 2688 952
f 952 2688 2689
f 2688 2687 2689
f 2689 2687 2690
f 2689 2690 2691
f 2691 940 2689
f 2693 940 2691
f 2691 2692 2693
f 2693 2692 2694
f 2693 2694 2695
f 2695 941 2693
f 2695 2768 941
f 2768 943 941
f 942 941 943
f 943 944 942
f 942 944 945
f 942 945 946
f 946 947 942
f 947 946 1430
f 1430 946 1429
f 1430 1429 1431
f 2769 1431 1429
f 1431 2769 3201
f 3201 3202 1431
f 1431 3202 3194
f 3201 2769 2770
f 3201 2770 3255
f 3255 2770 2771
f 3255 2771 3205
f 2772 3205 2771
f 2772 2697 3205
f 2698 2697 2772
f 2772 944 2698
f 2698 944 2768
f 2698 2768 2696
f 2772 1429 944
f 2696 2697 2698
f 2696 2694 2697
f 2771 1429 2772
f 2770 2769 2771
f 2771 2769 1429
f 1431 3194 1430
f 1430 3194 3195
f 1430 3195 2572
f 937 1430 2572
f 937 2572 938
f 937 938 939
f 937 939 947
f 968 939 938
f 968 938 975
f 938 1432 975
f 975 1432 1233
f 1432 3196 1233
f 1233 3196 3230
f 1233 3230 2749
f 2749 977 1233
f 976 1233 977
f 968 976 977
f 968 977 978
f 2746 968 978
f 968 2746 2747
f 2746 3222 2747
f 2747 3222 3223
f 2747 3223 2748
f 969 2747 2748
f 969 2748 970
f 957 969 970
f 957 970 963
f 963 962 957
f 1008 962 963
f 1007 1008 963
f 1007 963 971
f 963 965 971
f 971 965 967
f 965 966 967
f 966 974 967
f 966 973 974
f 973 2676 974
f 974 2676 1006
f 1006 982 974
f 974 982 983
f 982 1024 983
f 983 1024 1025
f 983 1025 1007
f 967 983 1007
f 1007 1025 1026
f 1007 1026 1009
f 418 1009 1026
f 418 1026 1013
f 1013 419 418
f 420 419 1013
f 1013 1025 420
f 420 1025 1014
f 420 1014 455
f 420 455 412
f 412 455 456
f 412 456 421
f 421 456 457
f 421 457 446
f 446 447 421
f 421 447 448
f 448 449 421
f 448 1016 449
f 449 1016 1017
f 449 1017 450
f 1017 451 450
f 1017 452 451
f 980 452 1017
f 452 980 453
f 979 453 980
f 979 980 1020
f 1020 1021 979
f 1020 986 1021
f 1019 986 1020
f 1020 1017 1019
f 1019 984 986
f 990 984 1019
f 990 1018 984
f 988 1018 990
f 988 2578 1018
f 1018 2578 2579
f 2578 3185 2579
f 2579 3185 3186
f 2579 3186 2582
f 2582 984 2579
f 2581 984 2582
f 3181 2581 2582
f 3181 2582 3182
f 2582 3187 3182
f 3171 2581 3181
f 3171 2580 2581
f 1438 2580 3171
f 1041 2580 1438
f 1041 1438 1042
f 1041 1042 1043
f 1041 1043 1045
f 985 1041 1045
f 1046 985 1045
f 986 985 1046
f 1046 1045 1033
f 1033 979 1046
f 979 1033 423
f 454 979 423
f 425 454 423
f 425 453 454
f 423 424 425
f 425 424 426
f 426 427 425
f 425 427 428
f 1047 428 427
f 1047 427 1045
f 1045 1049 1047
f 1047 1049 428
f 428 1049 429
f 429 1049 1050
f 1082 1050 1049
f 1083 1050 1082
f 1083 1051 1050
f 431 1051 1083
f 430 1051 431
f 425 430 431
f 425 431 432
f 432 433 425
f 425 433 434
f 425 434 435
f 1052 435 434
f 1052 434 1053
f 1079 1052 1053
f 1079 1053 1083
f 1083 1053 432
f 1083 1036 1079
f 1036 1078 1079
f 1079 1078 1080
f 1078 2707 1080
f 1078 2706 2707
f 1077 2706 1078
f 1077 2705 2706
f 2704 2705 1077
f 1077 1037 2704
f 1037 1077 1036
f 1036 1035 1037
f 1034 1035 1036
f 1082 1034 1036
f 1081 1034 1082
f 1081 1043 1034
f 1034 1043 1044
f 1034 1044 1038
f 1038 1044 1439
f 2701 1038 1439
f 3250 2701 1439
f 3250 1439 3169
f 3169 1439 3170
f 3170 1439 1438
f 2700 2701 3250
f 3165 2700 3250
f 3165 2699 2700
f 2699 1039 2700
f 2700 1039 1038
f 1039 2699 1040
f 1040 2699 2702
f 1040 2702 1035
f 1035 2702 2703
f 2703 2702 3164
f 3164 2704 2703
f 3249 2704 3164
f 2704 1035 2703
f 3164 2702 2699
f 1034 1039 1040
f 3164 2699 3165
f 2700 1038 2701
f 1042 1439 1044
f 1038 1039 1034
f 1081 1049 1043
f 1034 1040 1035
f 2704 1037 1035
f 3249 2705 2704
f 3225 2705 3249
f 2706 2705 3225
f 2706 3225 2707
f 2707 3225 3226
f 2707 3226 2708
f 2708 3226 3227
f 2708 3227 2709
f 3227 2710 2709
f 3248 2710 3227
f 3248 301 2710
f 302 301 3248
f 300 301 302
f 300 299 301
f 295 299 300
f 295 298 299
f 298 295 303
f 303 295 297
f 295 296 297
f 295 3267 296
f 3268 3267 295
f 3267 3268 3269
f 3269 3268 3270
f 3269 3270 3271
f 3270 3276 3271
f 3270 3275 3276
f 3274 3275 3270
f 3274 3273 3275
f 3272 3273 3274
f 3272 3274 3277
f 3277 3274 3264
f 3277 3264 3263
f 3263 3264 3265
f 3263 3265 3266
f 3266 3265 3261
f 3266 3261 3262
f 3261 3260 3262
f 3259 3260 3261
f 3259 3258 3260
f 3257 3258 3259
f 3258 3257 3278
f 303 297 304
f 1372 303 304
f 1064 303 1372
f 1065 1064 1372
f 1372 1371 1065
f 1372 1367 1371
f 1371 1367 1355
f 1367 1354 1355
f 1354 1349 1355
f 1355 1349 1348
f 1355 1348 1356
f 1356 1348 1347
f 1359 1347 1348
f 1359 1348 1363
f 1363 1348 1350
f 1363 1350 1352
f 1352 1350 1351
f 1352 1351 1353
f 1352 1353 1258
f 1353 1256 1258
f 1256 1257 1258
f 1256 314 1257
f 1257 314 313
f 311 313 314
f 311 314 305
f 305 314 315
f 314 1351 315
f 315 1351 1349
f 315 1349 306
f 306 1349 1354
f 306 1354 307
f 297 306 307
f 305 306 297
f 305 315 306
f 309 313 311
f 310 309 311
f 310 311 312
f 312 311 2592
f 1260 312 2592
f 1260 2592 1251
f 1251 2592 2593
f 1251 2593 1252
f 1252 2593 2594
f 1252 2594 1253
f 1253 2594 1250
f 1250 2594 2595
f 2595 2594 3296
f 3296 2596 2595
f 2595 2596 1248
f 1248 2596 2597
f 1248 2597 1247
f 1247 2597 2590
f 1247 2590 1245
f 1245 1246 1247
f 1245 1265 1246
f 1246 1265 1266
f 1246 1266 1249
f 1249 1266 1267
f 1971 1267 1266
f 1254 1267 1971
f 1254 1971 1961
f 1961 1971 1972
f 1961 1972 1962
f 1365 1961 1962
f 1365 1261 1961
f 1366 1261 1365
f 1262 1261 1366
f 1366 1258 1262
f 1260 1262 1258
f 1258 1259 1260
f 1260 1261 1262
f 1365 1352 1366
f 1961 1261 1255
f 1251 1255 1261
f 1249 1255 1251
f 1251 1252 1249
f 1249 1254 1255
f 1365 1962 1364
f 1364 1363 1365
f 1362 1363 1364
f 1364 1963 1362
f 1963 1361 1362
f 1361 1359 1362
f 1361 1357 1359
f 1360 1357 1361
f 1360 1988 1357
f 1357 1988 1358
f 1976 1358 1988
f 1976 1988 1974
f 1974 1988 1987
f 1974 1987 1984
f 1984 1985 1974
f 1984 1983 1985
f 3024 1985 1983
f 3024 1986 1985
f 3026 1986 3024
f 3024 3035 3026
f 3024 3034 3035
f 3025 3034 3024
f 3024 205 3025
f 3025 205 207
f 198 207 205
f 198 205 199
f 199 205 204
f 202 204 205
f 202 203 204
f 202 1704 203
f 203 1704 1933
f 1933 1704 1705
f 1933 1705 1706
f 1705 1699 1706
f 1706 1699 1703
f 1699 1702 1703
f 1702 1728 1703
f 1702 1727 1728
f 1718 1727 1702
f 1702 1691 1718
f 1718 1691 1696
f 1691 1695 1696
f 1696 1695 1697
f 1980 1697 1695
f 1980 1698 1697
f 1722 1698 1980
f 1980 1721 1722
f 1720 1722 1721
f 1685 1720 1721
f 1716 1720 1685
f 1716 1685 1712
f 1712 1685 1687
f 1685 1686 1687
f 1687 1686 1688
f 1688 1686 1980
f 1980 1717 1688
f 1714 1688 1717
f 1714 1717 1715
f 1709 1714 1715
f 1709 1715 1707
f 1707 1715 1980
f 1980 1969 1707
f 1969 1708 1707
f 1968 1708 1969
f 1968 1969 1970
f 1965 1968 1970
f 1965 1970 1966
f 1965 1966 1967
f 1963 1965 1967
f 1963 1967 1964
f 1964 1360 1963
f 1964 1987 1360
f 1984 1964 1967
f 1984 1967 1982
f 1962 1965 1963
f 1982 1967 1966
f 1982 1966 1980
f 1980 1981 1982
f 1982 1981 1983
f 205 1983 1981
f 205 1981 2088
f 2088 1981 1980
f 1701 2088 1980
f 202 2088 1701
f 1701 1700 202
f 1699 1700 1701
f 1701 1662 1699
f 1699 1662 1664
f 1662 1663 1664
f 1663 1689 1664
f 1664 1689 1690
f 1980 1690 1689
f 1692 1690 1980
f 1980 1693 1692
f 1691 1692 1693
f 1693 1694 1691
f 1980 1694 1693
f 1691 1690 1692
f 1664 1690 1691
f 1980 1689 1663
f 1662 1980 1663
f 1701 1980 1662
f 1980 1966 1970
f 1972 1968 1965
f 1972 1973 1968
f 1973 1710 1968
f 1973 1723 1710
f 1710 1723 1711
f 1711 1723 1724
f 1711 1724 1712
f 1712 1713 1711
f 1711 1713 1714
f 1712 1724 1725
f 1724 1681 1725
f 1725 1681 1678
f 1725 1678 1726
f 1726 1678 1675
f 1726 1675 1727
f 1727 1675 1672
f 1674 1672 1675
f 1674 1675 1676
f 1839 1674 1676
f 1839 1676 1840
f 1840 2606 1839
f 1840 2605 2606
f 2600 2605 1840
f 1840 1841 2600
f 2600 1841 1842
f 1841 1679 1842
f 1842 1679 1680
f 1679 1678 1680
f 1677 1678 1679
f 1680 1845 1842
f 2601 1842 1845
f 2601 1845 2599
f 2601 2599 3296
f 3296 2599 2598
f 3296 2598 2591
f 3296 2591 2590
f 2590 2591 1263
f 1263 2591 1851
f 1851 1264 1263
f 1684 1264 1851
f 1851 2598 1684
f 1684 2598 1843
f 1684 1843 1682
f 1682 1843 1844
f 1682 1844 1680
f 1680 1681 1682
f 1682 1681 1683
f 2599 1844 1843
f 1682 1683 1684
f 1960 1684 1683
f 1960 1683 1723
f 1264 1684 1960
f 1265 1264 1960
f 1265 1960 1971
f 1971 1960 1973
f 1263 1264 1245
f 1851 2591 2598
f 1843 2598 2599
f 3296 2600 2601
f 2599 1845 1844
f 1680 1844 1845
f 1841 1677 1679
f 2600 1842 2601
f 1840 1677 1841
f 3296 2605 2600
f 2606 2605 3296
f 2607 2606 3296
f 3296 2602 2607
f 2602 1838 2607
f 2604 1838 2602
f 2602 2603 2604
f 2604 2603 2615
f 2615 2608 2604
f 2608 1837 2604
f 1837 2608 2609
f 1837 2609 1836
f 1836 2609 2610
f 2610 2609 2617
f 2610 2617 2611
f 2611 2617 2618
f 2611 2618 1816
f 1816 2618 2619
f 1816 2619 1818
f 1817 1816 1818
f 1817 1818 1819
f 1818 1820 1819
f 1819 1820 1821
f 1819 1821 1822
f 1850 1819 1822
f 1849 1819 1850
f 1849 1850 1847
f 1847 1848 1849
f 1848 1847 2560
f 1846 1848 2560
f 1846 2560 1668
f 1846 1668 1667
f 1835 1846 1667
f 1835 1667 1666
f 1835 1666 1836
f 1815 1835 1836
f 1815 1817 1835
f 1836 1666 1671
f 1666 1665 1671
f 1671 1665 1672
f 1728 1672 1665
f 1728 1665 1729
f 1729 1665 1670
f 1667 1670 1665
f 1667 1669 1670
f 1935 1670 1669
f 1668 1935 1669
f 1934 1670 1935
f 1934 1930 1670
f 1670 1930 1931
f 1930 1799 1931
f 1931 1799 1797
f 1798 1797 1799
f 1796 1797 1798
f 1798 3377 1796
f 1796 3377 200
f 3377 201 200
f 198 200 201
f 198 201 196
f 3375 196 201
f 3375 3364 196
f 196 3364 3361
f 3361 194 196
f 194 195 196
f 196 195 197
f 195 206 197
f 197 206 207
f 3361 3364 3365
f 3374 3365 3364
f 3372 3365 3374
f 3372 3362 3365
f 174 3362 3372
f 175 174 3372
f 175 3372 3373
f 176 175 3373
f 176 3373 1800
f 1800 193 176
f 193 165 176
f 178 165 193
f 178 163 165
f 177 163 178
f 177 178 179
f 177 179 180
f 180 179 181
f 180 181 182
f 182 181 183
f 181 2562 183
f 2562 191 183
f 2562 2571 191
f 2570 2571 2562
f 2565 2570 2562
f 2565 2564 2570
f 1829 2570 2564
f 1829 2564 2563
f 193 2563 2564
f 2561 2563 193
f 2561 1827 2563
f 2561 1824 1827
f 1822 1824 2561
f 2560 1822 2561
f 1822 1823 1824
f 1823 1825 1824
f 1824 1825 1826
f 1823 3298 1825
f 3298 3297 1825
f 1825 3297 1826
f 1826 3297 3301
f 3301 1828 1826
f 1827 1826 1828
f 1827 1828 1829
f 1829 1828 1812
f 1829 1812 1830
f 1812 1811 1830
f 1830 1811 1808
f 1830 1808 1831
f 1831 1808 1806
f 1831 1806 192
f 192 191 1831
f 190 191 192
f 3411 190 192
f 3411 192 1814
f 3412 3411 1814
f 3412 1814 1521
f 1521 1520 3412
f 1520 1521 1522
f 1521 1834 1522
f 1834 2568 1522
f 1833 2568 1834
f 1814 1833 1834
f 1813 1833 1814
f 1813 2567 1833
f 1813 2566 2567
f 1832 2566 1813
f 1832 1805 2566
f 1806 1805 1832
f 1804 1805 1806
f 1804 1806 1807
f 192 1832 1813
f 3303 2567 2566
f 3303 2569 2567
f 3303 2568 2569
f 3304 2568 3303
f 3304 1523 2568
f 1524 1523 3304
f 3304 1515 1524
f 3304 1513 1515
f 2675 1513 3304
f 1513 2675 2669
f 1517 1513 2669
f 2669 2673 1517
f 1517 2673 2672
f 2670 2672 2673
f 2670 2673 2674
f 2674 3318 2670
f 2670 3318 2142
f 2142 2144 2670
f 2670 2144 2149
f 2139 2149 2144
f 2144 2145 2139
f 2139 2145 2146
f 2231 2146 2145
f 2233 2146 2231
f 2233 2235 2146
f 2234 2235 2233
f 2234 2236 2235
f 2230 2236 2234
f 2156 2230 2234
f 2153 2230 2156
f 2153 2156 2154
f 2107 2153 2154
f 2154 2155 2107
f 2107 2155 1500
f 2107 1500 1512
f 1511 2107 1512
f 1506 2107 1511
f 1510 1506 1511
f 1510 1511 1502
f 1502 1509 1510
f 1502 1508 1509
f 2159 1509 1508
f 1508 2156 2159
f 2156 1508 1501
f 1501 1500 2156
f 1500 1501 1502
f 2159 2156 2160
f 2159 2160 2157
f 2157 2158 2159
f 2159 2158 2142
f 2142 2158 2232
f 2232 2158 2233
f 2142 2232 2143
f 2143 2232 2231
f 2233 2158 2157
f 2234 2157 2160
f 2142 1509 2159
f 1501 1508 1502
f 1509 3317 1510
f 3317 1507 1510
f 3317 1505 1507
f 1503 1505 3317
f 3317 1491 1503
f 1490 1503 1491
f 1489 1490 1491
f 1489 1487 1490
f 1487 1498 1490
f 1490 1498 1499
f 1499 1498 2107
f 1498 1497 2107
f 2107 1497 1496
f 2107 1496 2108
f 2108 1496 1495
f 1483 1495 1496
f 1481 1495 1483
f 1482 1481 1483
f 1479 1481 1482
f 3308 1479 1482
f 1478 1479 3308
f 1478 1477 1479
f 1477 1480 1479
f 1477 1493 1480
f 1480 1493 1494
f 1480 1494 1481
f 2109 1494 1493
f 2108 1494 2109
f 2100 2108 2109
f 2109 2106 2100
f 2100 2106 2103
f 2100 2103 2101
f 2101 2103 2104
f 2103 1999 2104
f 2103 2000 1999
f 1994 1999 2000
f 1994 2000 1996
f 1995 1994 1996
f 1995 1996 1997
f 2121 1995 1997
f 2121 1997 2116
f 2116 1997 1336
f 1997 1341 1336
f 1336 1341 1334
f 1334 1335 1336
f 1336 1335 1337
f 1336 1337 1338
f 1338 1337 1339
f 1337 2622 1339
f 1339 2622 2623
f 1339 2623 1340
f 1326 1339 1340
f 1326 1340 1324
f 1324 1325 1326
f 1324 1323 1325
f 1323 1400 1325
f 1325 1400 2115
f 1400 1402 2115
f 2115 1402 1403
f 2115 1403 2123
f 2123 1403 1405
f 2123 1405 2122
f 2122 2121 2123
f 2122 2119 2121
f 2117 2119 2122
f 2117 2118 2119
f 2119 2118 2120
f 2120 1993 2119
f 2119 1993 1995
f 2120 1991 1993
f 1991 1992 1993
f 1993 1992 1994
f 1991 1990 1992
f 1990 1998 1992
f 1998 1990 2096
f 2105 1998 2096
f 2098 2105 2096
f 2096 2092 2098
f 2098 2092 2028
f 2098 2028 2027
f 2027 2028 2029
f 2029 2028 2026
f 2029 2026 2030
f 2030 2111 2029
f 2111 2030 2189
f 2112 2111 2189
f 2101 2111 2112
f 2112 2113 2101
f 2101 2113 2114
f 2114 2113 2190
f 2114 2190 2099
f 2191 2099 2190
f 2191 2190 2192
f 2192 2190 2193
f 2192 2193 2194
f 2194 2193 2198
f 2198 2199 2194
f 2194 2199 2208
f 2197 2208 2199
f 2209 2208 2197
f 2197 1589 2209
f 2196 1589 2197
f 2195 1589 2196
f 1589 2195 1591
f 1590 1589 1591
f 1590 1591 1583
f 1583 1762 1590
f 1583 1761 1762
f 1585 1761 1583
f 1585 1760 1761
f 1781 1761 1760
f 1781 1760 1782
f 1782 1760 1758
f 1782 1758 1783
f 1769 1782 1783
f 1769 1783 1770
f 1770 1783 1784
f 1783 1759 1784
f 1784 1759 1757
f 1784 1757 1785
f 1785 1757 1756
f 1757 1564 1756
f 1756 1564 1566
f 1564 1565 1566
f 1566 1565 1567
f 1611 1567 1565
f 1610 1567 1611
f 1656 1610 1611
f 1655 1610 1656
f 1655 1612 1610
f 1654 1612 1655
f 1654 1613 1612
f 1613 1558 1612
f 1613 1560 1558
f 1561 1560 1613
f 1546 1560 1561
f 1546 1561 1547
f 1546 1547 1548
f 1548 1547 1549
f 1613 1549 1547
f 1615 1549 1613
f 1615 1550 1549
f 1543 1549 1550
f 1543 1550 1544
f 1614 1544 1550
f 1545 1544 1614
f 1614 1541 1545
f 1614 1533 1541
f 1533 1540 1541
f 1533 1539 1540
f 1535 1539 1533
f 1533 1534 1535
f 1617 1534 1533
f 1616 1534 1617
f 1623 1616 1617
f 1623 1617 1651
f 1651 1617 1614
f 1651 1614 1652
f 1652 1614 1615
f 1652 1615 1653
f 1631 1652 1653
f 1631 1653 1637
f 1637 1653 1654
f 1637 1654 1638
f 1634 1637 1638
f 1634 1638 1639
f 1910 1634 1639
f 1909 1634 1910
f 1909 1635 1634
f 1634 1635 1631
f 1631 1635 1636
f 1631 1636 1632
f 1909 1632 1636
f 1909 1633 1632
f 1880 1633 1909
f 1880 1627 1633
f 1626 1633 1627
f 1626 1627 1624
f 1624 1651 1626
f 1624 1627 1628
f 1628 1629 1624
f 1881 1629 1628
f 1880 1881 1628
f 1880 2253 1881
f 2253 2252 1881
f 1881 2252 2255
f 335 2255 2252
f 335 2252 334
f 335 2254 2255
f 330 2254 335
f 330 2257 2254
f 330 2256 2257
f 329 2256 330
f 329 2259 2256
f 2259 1892 2256
f 2259 2 1892
f 2258 2 2259
f 2263 2 2258
f 324 2263 2258
f 324 2262 2263
f 323 2262 324
f 322 323 324
f 322 2266 323
f 323 2266 2267
f 323 2267 2260
f 2260 2261 323
f 2261 2260 1879
f 2262 2261 1879
f 1879 2260 2267
f 1879 2267 1873
f 1873 2267 2266
f 1873 2266 2265
f 2265 1875 1873
f 2264 1875 2265
f 2264 2268 1875
f 1875 2268 2269
f 1875 2269 1895
f 2269 2270 1895
f 2269 318 2270
f 2270 318 325
f 2270 325 2271
f 1895 2270 2271
f 1895 2271 1896
f 1894 1895 1896
f 1894 1875 1895
f 1876 1875 1894
f 1874 1875 1876
f 3049 1874 1876
f 3049 3058 1874
f 3059 3058 3049
f 3057 3058 3059
f 3057 3056 3058
f 3053 3056 3057
f 3073 3053 3057
f 3073 3052 3053
f 3050 3052 3073
f 3050 3051 3052
f 3052 3051 3053
f 3051 3055 3053
f 3051 3054 3055
f 3054 3125 3055
f 3054 3137 3125
f 3125 3137 3136
f 3132 3136 3137
f 3132 3137 3133
f 3132 3133 3134
f 3159 3132 3134
f 3159 3134 3138
f 3143 3159 3138
f 3162 3159 3143
f 3162 3158 3159
f 3161 3158 3162
f 3161 3126 3158
f 3126 3135 3158
f 3158 3135 3132
f 3126 3136 3135
f 3160 3126 3161
f 3160 3127 3126
f 3128 3127 3160
f 3128 3062 3127
f 3124 3062 3128
f 3124 2836 3062
f 3056 3062 2836
f 2836 2835 3056
f 2835 2836 2837
f 2835 2837 2839
f 2839 2837 2840
f 2925 2840 2837
f 2925 2923 2840
f 2924 2923 2925
f 2924 2921 2923
f 2919 2921 2924
f 2920 2919 2924
f 2938 2920 2924
f 2937 2920 2938
f 2937 2918 2920
f 2936 2918 2937
f 2935 2936 2937
f 2935 2937 2934
f 2934 2933 2935
f 2934 2914 2933
f 2915 2914 2934
f 2934 2938 2915
f 2915 2938 2939
f 2915 2939 2916
f 2916 2939 2940
f 2939 2926 2940
f 3129 2940 2926
f 2926 3128 3129
f 3148 3129 3128
f 3148 3128 3149
f 3147 3148 3149
f 3147 3146 3148
f 3145 3146 3147
f 3145 3144 3146
f 3143 3144 3145
f 3144 3139 3146
f 3146 3139 3140
f 3139 3130 3140
f 3140 3130 3131
f 3140 3131 3141
f 3153 3140 3141
f 3153 3141 3151
f 3151 3141 3142
f 3141 3096 3142
f 3142 3096 3099
f 3142 3099 3100
f 3099 3094 3100
f 3100 3094 3095
f 3100 3095 853
f 853 3095 3101
f 3095 3104 3101
f 3101 3104 2639
f 3101 2639 854
f 855 854 2639
f 853 854 855
f 853 855 856
f 856 855 857
f 856 857 858
f 858 857 2898
f 2898 857 811
f 811 857 2845
f 2845 2949 811
f 811 2949 815
f 2949 814 815
f 2949 2946 814
f 2946 812 814
f 2948 812 2946
f 2948 2946 2947
f 2947 835 2948
f 2947 831 835
f 2897 831 2947
f 831 2897 832
f 829 831 832
f 829 832 828
f 832 2896 828
f 828 2896 2895
f 2881 2895 2896
f 2881 2894 2895
f 2872 2895 2894
f 2872 2894 2882
f 2882 2894 2893
f 2882 2893 2871
f 2883 2882 2871
f 2871 2869 2883
f 2870 2869 2871
f 2869 2870 2859
f 2859 2857 2869
f 2869 2857 2885
f 2857 2856 2885
f 2885 2856 2873
f 2856 375 2873
f 2856 381 375
f 2856 379 381
f 2855 379 2856
f 2856 2858 2855
f 2855 2858 2666
f 2855 2666 2665
f 2641 2665 2666
f 2641 2666 2642
f 2641 2642 2643
f 2643 2642 2644
f 2643 2644 2645
f 2654 2643 2645
f 2654 2645 2653
f 2653 2645 2646
f 2653 2646 2658
f 2658 2629 2653
f 2628 2629 2658
f 2628 2633 2629
f 2632 2629 2633
f 2630 2629 2632
f 2630 2632 2994
f 2994 2632 2634
f 2994 2634 2995
f 2833 2994 2995
f 2833 2995 2832
f 2832 2995 2997
f 2832 2997 3004
f 3004 2830 2832
f 3112 2830 3004
f 3006 2830 3112
f 3006 2831 2830
f 3006 2828 2831
f 2834 2831 2828
f 2833 2831 2834
f 2834 2999 2833
f 3000 2999 2834
f 2834 2827 3000
f 3000 2827 3002
f 3002 2827 3383
f 3383 2827 2825
f 3383 2825 3382
f 3382 2825 2816
f 2824 2816 2825
f 2817 2816 2824
f 2819 2817 2824
f 2819 2824 2990
f 3371 2819 2990
f 3371 2990 2993
f 2990 2991 2993
f 2993 2991 2820
f 2993 2820 2822
f 2820 2821 2822
f 2822 2821 2823
f 3370 2822 2823
f 173 2822 3370
f 2822 173 172
f 151 172 173
f 151 173 152
f 152 173 174
f 152 174 164
f 162 152 164
f 160 152 162
f 160 150 152
f 159 150 160
f 159 171 150
f 150 171 172
f 3371 172 171
f 3382 3371 171
f 2818 3371 3382
f 3382 171 170
f 170 169 3382
f 156 169 170
f 154 169 156
f 154 168 169
f 153 168 154
f 153 167 168
f 3383 168 167
f 3383 167 3380
f 3380 167 166
f 3380 166 3381
f 3390 3381 166
f 3379 3381 3390
f 3390 3378 3379
f 3390 379 3378
f 380 379 3390
f 3390 376 380
f 3391 376 3390
f 3391 372 376
f 3391 373 372
f 3392 373 3391
f 3392 3287 373
f 3285 3287 3392
f 3285 3392 3286
f 3286 3392 3399
f 3286 3399 362
f 843 3286 362
f 843 362 361
f 360 361 362
f 360 362 363
f 363 362 364
f 363 364 365
f 365 364 366
f 365 366 367
f 367 366 368
f 368 366 369
f 3397 369 366
f 3397 339 369
f 3398 339 3397
f 3398 336 339
f 336 338 339
f 339 338 340
f 339 340 341
f 339 341 369
f 369 341 371
f 369 371 370
f 1776 371 341
f 1776 341 340
f 1778 371 1776
f 1776 1790 1778
f 1778 1790 1791
f 1790 1750 1791
f 1790 1752 1750
f 1752 1543 1750
f 1752 1548 1543
f 1750 1543 1542
f 1750 1542 1540
f 1750 1540 1751
f 1789 1752 1790
f 1789 1753 1752
f 1788 1753 1789
f 1788 1754 1753
f 1754 1557 1753
f 1753 1557 1559
f 1557 1558 1559
f 1557 1556 1558
f 1555 1556 1557
f 1555 1554 1556
f 1553 1554 1555
f 1553 1552 1554
f 1610 1554 1552
f 1610 1552 1570
f 1551 1570 1552
f 1551 1569 1570
f 1568 1569 1551
f 1755 1568 1551
f 1755 1551 1553
f 1755 1553 1754
f 1787 1755 1754
f 1786 1755 1787
f 1786 1756 1755
f 1773 1786 1787
f 1773 1787 1774
f 1774 1787 1788
f 1774 1788 1775
f 337 1774 1775
f 337 1775 338
f 338 1775 1776
f 1775 1789 1776
f 342 1774 337
f 344 1774 342
f 344 1773 1774
f 349 1773 344
f 348 1773 349
f 343 348 349
f 343 349 344
f 342 343 344
f 342 336 343
f 3395 343 336
f 347 343 3395
f 3394 347 3395
f 3394 345 347
f 3393 345 3394
f 3393 352 345
f 352 353 345
f 352 351 353
f 350 351 352
f 350 352 355
f 355 1769 350
f 355 1768 1769
f 357 1768 355
f 355 356 357
f 357 356 358
f 357 358 359
f 359 358 2161
f 2161 358 3283
f 2161 3283 2162
f 2161 2162 2163
f 2174 2163 2162
f 2174 2162 2175
f 2175 2177 2174
f 2175 2176 2177
f 2183 2177 2176
f 2183 2181 2177
f 2184 2181 2183
f 2184 2182 2181
f 2173 2181 2182
f 2173 2182 2179
f 2179 2180 2173
f 2180 2179 2188
f 2187 2180 2188
f 2187 2188 2236
f 2236 2188 2184
f 2187 2178 2180
f 2186 2178 2187
f 2185 2178 2186
f 2185 2186 2230
f 2152 2185 2230
f 2151 2185 2152
f 2151 2152 2107
f 2107 2150 2151
f 2191 2150 2107
f 2191 2206 2150
f 2206 2168 2150
f 2178 2150 2168
f 2172 2178 2168
f 2168 2170 2172
f 2172 2170 2171
f 2165 2171 2170
f 2165 2170 2166
f 2166 2170 2169
f 2166 2169 2167
f 1765 2166 2167
f 1765 2167 1588
f 1588 1590 1765
f 1588 2167 2210
f 2210 2167 2207
f 2210 2207 2209
f 2209 1588 2210
f 1764 2166 1765
f 1763 1764 1765
f 1765 1762 1763
f 1764 1763 1766
f 1766 1767 1764
f 1767 1766 357
f 1767 2165 1764
f 1767 2164 2165
f 2161 2164 1767
f 1766 1763 1781
f 1766 1781 1768
f 2167 2169 2207
f 2169 2168 2207
f 1764 2165 2166
f 2164 2171 2165
f 2164 2163 2171
f 2173 2171 2163
f 2172 2171 2173
f 2168 2169 2170
f 2173 2178 2172
f 2207 2168 2206
f 2207 2206 2208
f 2208 2206 2192
f 2151 2150 2185
f 2185 2150 2178
f 2186 2187 2230
f 2173 2180 2178
f 2188 2179 2182
f 2174 2181 2173
f 2188 2182 2184
f 2183 2138 2184
f 2184 2138 2141
f 2136 2141 2138
f 2136 2140 2141
f 2139 2140 2136
f 2136 2148 2139
f 2136 2147 2148
f 1529 2147 2136
f 1529 2671 2147
f 1519 2671 1529
f 1528 1519 1529
f 1528 1518 1519
f 1527 1518 1528
f 3407 1527 1528
f 3407 1526 1527
f 3409 1526 3407
f 3409 1525 1526
f 1525 1515 1526
f 1525 1524 1515
f 1520 1524 1525
f 1520 1523 1524
f 1526 1515 1514
f 1513 1514 1515
f 1513 1516 1514
f 1514 1516 1517
f 1514 1517 1518
f 3412 1525 3409
f 3407 3408 3409
f 3408 3410 3409
f 3409 3410 3411
f 3408 185 3410
f 185 189 3410
f 185 187 189
f 189 187 188
f 189 188 190
f 184 188 187
f 184 183 188
f 184 187 3388
f 3388 187 3282
f 3388 3282 3386
f 3386 3282 3281
f 3386 3281 3284
f 3283 3386 3284
f 3283 3385 3386
f 358 3385 3283
f 3384 3385 358
f 358 356 3384
f 3384 356 352
f 187 186 3282
f 3282 186 3403
f 3403 3404 3282
f 3282 3404 3405
f 3405 3404 3407
f 3407 3406 3405
f 3407 1529 3406
f 3402 3406 1529
f 2137 3402 1529
f 2137 2138 3402
f 3402 3405 3406
f 3282 3405 3402
f 3408 3404 3403
f 3403 186 185
f 3388 182 184
f 3387 182 3388
f 3387 180 182
f 3387 177 180
f 3389 177 3387
f 3389 163 177
f 161 163 3389
f 161 3389 158
f 158 3389 3390
f 3390 157 158
f 3390 155 157
f 155 156 157
f 157 156 158
f 156 159 158
f 153 155 3390
f 185 186 187
f 3410 189 190
f 3403 185 3408
f 3407 3404 3408
f 1526 1514 1527
f 1527 1514 1518
f 1518 1517 1519
f 1528 1529 3407
f 1519 2672 2671
f 1529 2136 2137
f 2671 2148 2147
f 2671 2149 2148
f 2235 2141 2140
f 2137 2136 2138
f 2235 2184 2141
f 2183 3402 2138
f 2183 3282 3402
f 2176 3282 2183
f 2175 3282 2176
f 3281 3282 2175
f 2174 2177 2181
f 2162 3281 2175
f 2162 3284 3281
f 2173 2163 2174
f 2161 2163 2164
f 3283 3284 2162
f 1767 359 2161
f 357 359 1767
f 357 1766 1768
f 350 1769 351
f 355 352 356
f 345 353 354
f 345 354 346
f 345 346 347
f 347 346 348
f 346 1772 348
f 346 1771 1772
f 354 1771 346
f 354 1770 1771
f 353 1770 354
f 351 1770 353
f 1771 1785 1772
f 1772 1785 1786
f 3384 352 3393
f 337 336 342
f 347 348 343
f 348 1772 1773
f 1772 1786 1773
f 1756 1568 1755
f 1568 1567 1569
f 1570 1569 1610
f 1551 1552 1553
f 1754 1553 1555
f 1612 1556 1554
f 1753 1559 1546
f 1754 1555 1557
f 1787 1754 1788
f 1775 1788 1789
f 1753 1546 1752
f 1791 1750 1751
f 1791 1751 1792
f 1777 1791 1792
f 1777 1792 1780
f 1780 367 1777
f 1777 367 368
f 1777 368 370
f 1777 370 1778
f 1780 365 367
f 1779 365 1780
f 1779 363 365
f 1747 363 1779
f 1779 1794 1747
f 1747 1794 841
f 1794 840 841
f 1794 1748 840
f 1793 1748 1794
f 1793 1749 1748
f 1792 1749 1793
f 1538 1748 1749
f 1749 1535 1538
f 1535 1537 1538
f 1538 1537 822
f 1538 822 821
f 821 840 1538
f 821 823 840
f 840 823 836
f 823 820 836
f 823 824 820
f 820 824 825
f 820 825 819
f 819 825 2899
f 2906 819 2899
f 2906 2899 2907
f 2907 2899 2905
f 1619 2905 2899
f 1620 2905 1619
f 1620 2904 2905
f 1622 2904 1620
f 1623 1622 1620
f 1621 1622 1623
f 1621 2903 1622
f 1625 2903 1621
f 1625 2900 2903
f 1630 2900 1625
f 1624 1630 1625
f 1630 1629 2900
f 2900 1629 1887
f 2900 1887 1886
f 1885 1886 1887
f 1885 1887 1881
f 1885 1913 1886
f 1885 1912 1913
f 2901 1913 1912
f 2901 2900 1913
f 2912 2900 2901
f 2901 2913 2912
f 2912 2913 2922
f 2922 2913 2838
f 2922 2838 2923
f 2923 2838 2842
f 2838 1890 2842
f 2842 1890 2843
f 1882 2843 1890
f 1882 2844 2843
f 1883 2844 1882
f 2841 2844 1883
f 1883 1884 2841
f 2841 1884 3056
f 1884 1878 3056
f 1884 1879 1878
f 1873 1878 1879
f 1873 1877 1878
f 1872 1877 1873
f 3058 1877 1872
f 1872 1873 1874
f 3056 1878 1877
f 2841 3056 2839
f 1883 1879 1884
f 1883 2 1879
f 2840 2844 2841
f 1882 2 1883
f 2840 2843 2844
f 1882 1890 2
f 2 1890 1891
f 2 1891 1892
f 1892 1891 1893
f 1893 1911 1892
f 1892 1911 1912
f 2902 1912 1911
f 2902 1911 2913
f 2913 1911 1893
f 2838 1893 1891
f 2842 2843 2840
f 2838 1891 1890
f 2913 1893 2838
f 2912 2922 2911
f 2911 2922 2921
f 2911 2921 2910
f 2910 2903 2911
f 2910 2904 2903
f 2909 2904 2910
f 2909 2910 2919
f 2909 2919 2908
f 2908 2919 2918
f 2908 2918 2907
f 2908 2905 2909
f 2911 2903 2912
f 2902 2913 2901
f 2901 1912 2902
f 1892 1912 1885
f 2900 1886 1913
f 2912 2903 2900
f 1624 1625 1621
f 1621 1623 1624
f 1622 2903 2904
f 2909 2905 2904
f 1619 1616 1620
f 1618 1616 1619
f 1618 1537 1616
f 1537 1536 1616
f 1619 2899 1618
f 2907 2905 2908
f 2907 2936 2906
f 2906 2936 2941
f 2906 2941 813
f 2932 813 2941
f 809 813 2932
f 2917 809 2932
f 2917 2932 2929
f 2929 2932 2914
f 2929 2914 2931
f 2931 2914 2916
f 2930 2929 2931
f 2928 2929 2930
f 2930 2943 2928
f 2930 2942 2943
f 3156 2943 2942
f 3121 2943 3156
f 3121 2944 2943
f 3118 2944 3121
f 3118 3157 2944
f 3157 2945 2944
f 3157 853 2945
f 3120 853 3157
f 2927 2945 853
f 2927 2944 2945
f 2928 2944 2927
f 2927 2917 2928
f 2927 858 2917
f 3120 3157 3118
f 3118 3119 3120
f 3119 3118 3150
f 3119 3150 3151
f 3151 3150 3152
f 3154 3152 3150
f 3148 3152 3154
f 3148 3153 3152
f 3150 3122 3154
f 3154 3122 3129
f 3129 3122 3155
f 3155 3123 3129
f 3155 2942 3123
f 2942 2940 3123
f 2931 2940 2942
f 3155 3122 3121
f 3150 3118 3122
f 3119 3100 3120
f 3118 3121 3122
f 3155 3121 3156
f 3156 2942 3155
f 2928 2943 2944
f 2931 2942 2930
f 2928 2917 2929
f 810 809 2917
f 2898 810 2917
f 809 810 811
f 814 813 809
f 2932 2941 2933
f 818 2906 813
f 812 818 813
f 812 817 818
f 816 817 812
f 817 816 819
f 818 817 2906
f 2933 2941 2936
f 817 819 2906
f 1618 2899 825
f 819 816 820
f 820 816 833
f 833 816 834
f 833 834 830
f 830 834 835
f 837 833 830
f 837 830 838
f 838 830 829
f 838 829 839
f 361 838 839
f 842 838 361
f 1747 842 361
f 361 360 1747
f 361 839 843
f 843 839 827
f 843 827 844
f 844 827 826
f 826 827 828
f 826 828 2872
f 2872 2887 826
f 826 2887 845
f 2872 2886 2887
f 2886 374 2887
f 2886 2873 374
f 2873 378 374
f 2873 377 378
f 2884 2886 2872
f 2884 2885 2886
f 2883 2884 2872
f 844 826 845
f 839 829 827
f 842 837 838
f 841 837 842
f 841 836 837
f 836 833 837
f 2948 834 816
f 1618 825 824
f 824 822 1618
f 823 822 824
f 836 820 833
f 821 822 823
f 822 1537 1618
f 1535 1536 1537
f 1538 840 1748
f 840 836 841
f 1747 841 842
f 1779 1793 1794
f 1780 1793 1779
f 1780 1792 1793
f 1792 1751 1749
f 1751 1539 1749
f 1778 1791 1777
f 1776 1789 1790
f 1778 370 371
f 338 1776 340
f 336 337 338
f 3395 336 3398
f 366 3396 3397
f 368 369 370
f 364 3396 366
f 364 3401 3396
f 364 3400 3401
f 362 3400 364
f 1747 360 363
f 844 3286 843
f 845 3286 844
f 3285 3286 845
f 2887 3285 845
f 2887 3287 3285
f 374 3287 2887
f 374 373 3287
f 372 373 374
f 378 372 374
f 377 372 378
f 377 376 372
f 375 376 377
f 381 376 375
f 381 380 376
f 379 380 381
f 362 3399 3400
f 3378 2663 3379
f 3379 2663 3380
f 2663 2662 3380
f 3380 2662 2652
f 2652 2662 2650
f 2650 2662 2664
f 2650 2664 2656
f 2656 2648 2650
f 2648 2649 2650
f 2650 2649 2651
f 2649 3001 2651
f 3000 3001 2649
f 2649 2647 3000
f 3001 3003 2651
f 2651 3003 2652
f 3383 2652 3003
f 3001 3002 3003
f 2648 2647 2649
f 2631 2647 2648
f 2999 2647 2631
f 2631 2630 2999
f 2655 2631 2648
f 2654 2631 2655
f 2654 2629 2631
f 2655 2648 2656
f 2656 2641 2655
f 2656 2664 2641
f 2650 2651 2652
f 2662 2663 2664
f 2664 2663 2665
f 3378 2665 2663
f 3390 166 153
f 3379 3380 3381
f 3380 2652 3383
f 166 167 153
f 153 154 155
f 155 154 156
f 156 170 159
f 3382 169 168
f 159 170 171
f 158 159 160
f 158 160 161
f 161 160 162
f 161 162 163
f 162 164 163
f 150 151 152
f 150 172 151
f 3371 2822 172
f 173 3370 3363
f 3362 173 3363
f 3367 3362 3363
f 3367 3363 3368
f 3368 3363 3369
f 3366 3362 3367
f 3363 3370 3369
f 3370 2823 3117
f 3117 3116 3370
f 3115 3116 3117
f 3117 3113 3115
f 3117 2821 3113
f 3113 2821 3114
f 3114 2821 3008
f 2823 2821 3117
f 2820 3008 2821
f 2820 3007 3008
f 2992 3007 2820
f 2991 2992 2820
f 2990 2826 2991
f 2993 2822 3371
f 2818 2819 3371
f 2824 2826 2990
f 2818 2817 2819
f 2816 2817 2818
f 2824 2825 2826
f 2825 2829 2826
f 2991 2826 2829
f 2991 2829 3005
f 3005 2829 2828
f 2825 2828 2829
f 3382 2816 2818
f 3382 168 3383
f 2827 2828 2825
f 3383 3003 3002
f 3000 3002 3001
f 3000 2647 2999
f 2834 2828 2827
f 3005 2828 3006
f 2830 2831 2832
f 2995 2996 2997
f 2997 2996 2998
f 2998 139 2997
f 2997 139 2991
f 2997 2991 3005
f 3006 2997 3005
f 3006 3004 2997
f 3112 3004 3006
f 2998 3111 139
f 139 3111 3105
f 139 3105 3102
f 3102 3105 3106
f 3102 3106 3092
f 3102 3092 3103
f 3103 3092 3094
f 3092 3093 3094
f 3092 3107 3093
f 3093 3107 3108
f 3107 2635 3108
f 3107 3110 2635
f 3107 3109 3110
f 3106 3109 3107
f 3106 3111 3109
f 2996 3109 3111
f 2634 3109 2996
f 2634 2637 3109
f 3109 2637 2636
f 2633 2636 2637
f 2635 2636 2633
f 2627 2635 2633
f 2657 2635 2627
f 2627 2661 2657
f 2627 2640 2661
f 2626 2640 2627
f 2626 2638 2640
f 2628 2638 2626
f 2628 2660 2638
f 2659 2660 2628
f 2628 2668 2659
f 2864 2659 2668
f 2864 2668 2667
f 2667 2646 2864
f 2864 2646 2861
f 2861 2646 2862
f 2862 2646 2644
f 2860 2861 2862
f 2860 2862 2858
f 2858 2859 2860
f 2866 2860 2859
f 2866 2859 2867
f 2854 2866 2867
f 2854 2867 2868
f 2870 2868 2867
f 2854 2868 2878
f 2878 2853 2854
f 2891 2853 2878
f 2890 2853 2891
f 2890 2875 2853
f 2853 2875 2874
f 2849 2874 2875
f 2888 2874 2849
f 2888 2849 2889
f 2853 2888 2889
f 2889 2877 2853
f 2853 2877 2876
f 2849 2876 2877
f 2848 2876 2849
f 2847 2876 2848
f 2847 2848 2846
f 2846 2850 2847
f 2846 2638 2850
f 2850 2638 2863
f 2850 2863 2851
f 2851 2863 2864
f 2851 2864 2865
f 2851 2865 2852
f 2852 2865 2866
f 2865 2864 2860
f 2850 2851 2852
f 2846 2639 2638
f 2847 2850 2852
f 2847 2852 2853
f 2846 2848 2849
f 2846 2849 2845
f 2849 2880 2845
f 2845 855 2846
f 2853 2876 2847
f 2889 2849 2877
f 2853 2874 2888
f 2890 2849 2875
f 2891 2849 2890
f 2891 2880 2849
f 2892 2880 2891
f 2892 2878 2880
f 2878 2879 2880
f 2880 2879 2881
f 2949 2880 2881
f 2878 2893 2879
f 2891 2878 2892
f 2853 2852 2854
f 2878 2868 2893
f 2852 2866 2854
f 2865 2860 2866
f 2858 2862 2642
f 2864 2861 2860
f 2863 2659 2864
f 2628 2667 2668
f 2863 2660 2659
f 2638 2660 2863
f 2638 2639 2640
f 2626 2627 2628
f 3104 2661 2640
f 3104 2657 2661
f 3108 2657 3104
f 2633 2637 2634
f 3109 2636 3110
f 2635 3110 2636
f 3108 2635 2657
f 3093 3108 3095
f 3103 3094 3098
f 139 3103 3098
f 139 3098 3097
f 3097 3138 139
f 3138 3097 3139
f 139 3138 3134
f 139 3134 3133
f 3054 139 3133
f 3054 3133 3137
f 3051 139 3054
f 3051 138 139
f 3050 138 3051
f 3050 136 138
f 3073 136 3050
f 3073 143 136
f 3072 143 3073
f 3072 144 143
f 3071 144 3072
f 3071 145 144
f 3075 145 3071
f 3075 3074 145
f 145 3074 3068
f 145 3068 133
f 133 3068 3067
f 133 3067 134
f 134 3067 3065
f 134 3065 3416
f 3416 3065 3064
f 463 3064 3065
f 463 3065 3066
f 3066 3069 463
f 3066 3070 3069
f 3076 3070 3066
f 3076 3071 3070
f 3071 3072 3070
f 3057 3070 3072
f 3075 3071 3076
f 3066 3075 3076
f 3066 3074 3075
f 3068 3074 3066
f 3066 3067 3068
f 2135 3069 3070
f 2135 3070 2128
f 3059 2128 3070
f 3060 2128 3059
f 3060 2090 2128
f 2091 2090 3060
f 3060 2020 2091
f 2020 2019 2091
f 2091 2019 2023
f 2091 2023 2093
f 2093 2023 2022
f 2021 2022 2023
f 2026 2022 2021
f 2026 2021 2025
f 2025 2021 2003
f 2013 2003 2021
f 2011 2003 2013
f 2011 2001 2003
f 1897 2001 2011
f 1897 1925 2001
f 2001 1925 2008
f 1924 2008 1925
f 2008 1924 2009
f 2002 2008 2009
f 2002 2009 2010
f 2033 2002 2010
f 2010 2227 2033
f 2033 2227 2226
f 2212 2226 2227
f 2212 2215 2226
f 2226 2215 2225
f 2217 2225 2215
f 2215 2216 2217
f 2216 2218 2217
f 2217 2218 2219
f 2217 2219 2220
f 2220 2219 2221
f 2219 2222 2221
f 2219 1660 2222
f 1660 1607 2222
f 2222 1607 1531
f 1584 2222 1531
f 1584 1531 1530
f 1530 1531 1532
f 1586 1530 1532
f 1586 1532 1574
f 1574 1532 1587
f 1574 1587 1575
f 1575 1587 1606
f 1606 1577 1575
f 1606 1579 1577
f 1578 1577 1579
f 1578 1579 1580
f 1580 1579 1581
f 1580 1581 1571
f 1571 1581 1582
f 1608 1582 1581
f 1609 1582 1608
f 1609 1572 1582
f 1573 1572 1609
f 1562 1572 1573
f 1562 1573 1563
f 1562 1563 1564
f 1571 1572 1562
f 1757 1571 1562
f 1609 1563 1573
f 1609 1565 1563
f 1658 1609 1608
f 1658 1608 1659
f 1659 1608 1606
f 1659 1606 1648
f 1648 1606 1661
f 1606 1660 1661
f 2218 1661 1660
f 1648 1661 1649
f 1648 1649 1650
f 2214 1650 1649
f 2213 1650 2214
f 2213 1603 1650
f 1604 1650 1603
f 1603 1593 1604
f 1604 1593 1595
f 1593 1594 1595
f 1914 1595 1594
f 1914 1594 1915
f 1915 2238 1914
f 1914 2238 2239
f 2238 332 2239
f 2239 332 2240
f 2240 332 2241
f 2241 332 333
f 2241 333 2242
f 1908 2241 2242
f 2242 1 1908
f 2243 1 2242
f 2244 1 2243
f 2244 1888 1
f 1888 1907 1
f 1888 1906 1907
f 1644 1906 1888
f 1644 1888 1646
f 1646 1888 1889
f 1646 1889 1647
f 1641 1646 1647
f 1641 1647 1642
f 1640 1641 1642
f 1640 1638 1641
f 1638 1655 1641
f 1889 1640 1642
f 1889 1639 1640
f 1645 1646 1641
f 1641 1656 1645
f 1645 1656 1657
f 1645 1657 1597
f 1597 1657 1658
f 1597 1658 1599
f 1598 1597 1599
f 1596 1597 1598
f 1907 1596 1598
f 1596 1907 1643
f 1596 1643 1597
f 1597 1643 1644
f 1598 1599 1600
f 1908 1598 1600
f 1908 1600 1602
f 1602 1605 1908
f 1601 1605 1602
f 1601 1595 1605
f 1908 1605 1595
f 1600 1601 1602
f 1 1598 1908
f 1600 1599 1601
f 1599 1659 1601
f 1597 1644 1645
f 1647 1889 1642
f 1888 2245 1889
f 1889 2245 2251
f 327 2251 2245
f 327 2250 2251
f 326 2250 327
f 326 2249 2250
f 1910 2250 2249
f 317 2249 326
f 317 2248 2249
f 1909 2249 2248
f 316 2248 317
f 316 2247 2248
f 334 2247 316
f 334 2253 2247
f 2248 2247 1880
f 2251 2250 1910
f 327 2245 328
f 328 2245 2246
f 328 2246 2244
f 1889 2251 1910
f 1888 2246 2245
f 1645 1644 1646
f 1643 1906 1644
f 1643 1907 1906
f 1 1907 1598
f 2246 1888 2244
f 2243 328 2244
f 2243 333 328
f 333 321 328
f 321 327 328
f 321 326 327
f 325 326 321
f 325 317 326
f 318 317 325
f 316 317 318
f 318 322 316
f 2268 322 318
f 2242 333 2243
f 332 321 333
f 332 319 321
f 319 320 321
f 320 2275 321
f 320 2274 2275
f 2273 2274 320
f 2273 320 2277
f 1921 2273 2277
f 1921 2277 1905
f 1905 1920 1921
f 1921 1920 1922
f 1922 1923 1921
f 2228 1923 1922
f 1924 1923 2228
f 1921 1923 1924
f 1921 1924 1899
f 2228 1922 1920
f 2009 2228 1920
f 1905 1919 1920
f 1904 1919 1905
f 1903 1904 1905
f 1903 1902 1904
f 1901 1902 1903
f 1901 1917 1902
f 1901 1916 1917
f 1916 2211 1917
f 1917 2211 2212
f 2211 2213 2212
f 2211 1916 1594
f 1915 1916 1901
f 1917 2212 1902
f 1903 2280 1901
f 2280 2279 1901
f 1901 2279 2237
f 1901 2237 1915
f 2237 2279 331
f 2237 331 2238
f 331 2279 2280
f 331 2280 319
f 319 2280 2281
f 319 2281 2278
f 1905 2278 2281
f 1905 2281 1903
f 2277 319 2278
f 1903 2281 2280
f 1902 2212 1904
f 1904 2227 1919
f 1919 2227 1920
f 2277 2278 1905
f 1899 2273 1921
f 1899 2274 2273
f 2275 2274 1899
f 1900 2275 1899
f 1900 2276 2275
f 1896 2276 1900
f 1896 2272 2276
f 321 2276 2272
f 2271 321 2272
f 1899 1898 1900
f 1900 1898 1896
f 1896 1898 1918
f 2012 1918 1898
f 2012 1898 1897
f 2014 1918 2012
f 2014 1894 1918
f 3049 1894 2014
f 3049 2014 2015
f 2017 3049 2015
f 2015 2016 2017
f 2017 2016 2018
f 2018 2016 2019
f 2015 2013 2016
f 2018 3049 2017
f 2018 3060 3049
f 2014 2013 2015
f 2012 2013 2014
f 1897 1898 1899
f 321 2275 2276
f 2277 320 319
f 331 319 332
f 1908 2240 2241
f 1914 2240 1908
f 2238 331 332
f 1914 2239 2240
f 1915 2237 2238
f 1915 1594 1916
f 1908 1595 1914
f 1594 1593 2211
f 1604 1595 1601
f 1601 1648 1604
f 2211 1593 1603
f 2211 1603 2213
f 2212 2213 2214
f 2214 1649 2216
f 1604 1648 1650
f 2216 1649 1661
f 1601 1659 1648
f 1599 1658 1659
f 1657 1609 1658
f 1657 1611 1609
f 1571 1582 1572
f 1759 1580 1571
f 1758 1580 1759
f 1608 1581 1579
f 1758 1578 1580
f 1758 1576 1578
f 1576 1577 1578
f 1608 1579 1606
f 1576 1575 1577
f 1574 1575 1576
f 1760 1574 1576
f 1606 1587 1532
f 1532 1607 1606
f 1586 1574 1760
f 1585 1530 1586
f 1585 1584 1530
f 1592 2222 1584
f 1583 1592 1584
f 1532 1531 1607
f 1606 1607 1660
f 1592 2221 2222
f 1591 2221 1592
f 2220 2221 2195
f 2220 2195 2205
f 2205 2223 2220
f 2220 2223 2224
f 2229 2224 2223
f 2229 2223 2203
f 2203 2223 2204
f 2198 2203 2204
f 2198 2204 2196
f 2196 2204 2205
f 2202 2203 2198
f 2202 2201 2203
f 2201 2032 2203
f 2201 2200 2032
f 2200 2031 2032
f 2189 2031 2200
f 2193 2189 2200
f 2031 2007 2032
f 2031 2006 2007
f 2006 2005 2007
f 2005 2229 2007
f 2004 2229 2005
f 2024 2229 2004
f 2024 2004 2025
f 2025 2004 2006
f 2004 2005 2006
f 2030 2006 2031
f 2193 2200 2201
f 2007 2203 2032
f 2198 2201 2202
f 2007 2229 2203
f 2024 2224 2229
f 2024 2225 2224
f 2205 2204 2223
f 2220 2224 2217
f 2218 1660 2219
f 2216 1661 2218
f 2215 2214 2216
f 2217 2224 2225
f 2226 2225 2024
f 2212 2214 2215
f 1904 2212 2227
f 2033 2226 2024
f 2010 1920 2227
f 2024 2002 2033
f 2024 2003 2002
f 2009 1920 2010
f 1924 2228 2009
f 1899 1924 1925
f 2001 2008 2002
f 1899 1925 1897
f 1897 2011 2012
f 2001 2002 2003
f 2012 2011 2013
f 2013 2021 2016
f 2025 2003 2024
f 2025 2006 2026
f 2016 2021 2023
f 2093 2022 2028
f 2094 2091 2093
f 2094 2093 2096
f 2089 2091 2094
f 2094 2095 2089
f 2094 2097 2095
f 2127 2095 2097
f 2127 2097 2124
f 2117 2127 2124
f 2117 2126 2127
f 2129 2127 2126
f 2129 2126 2130
f 2130 2134 2129
f 2129 2134 2135
f 2130 2133 2134
f 463 2134 2133
f 2133 477 463
f 476 463 477
f 476 477 2132
f 460 463 476
f 488 460 476
f 460 461 463
f 461 462 463
f 461 3045 462
f 3045 3046 462
f 462 3046 3047
f 462 3047 3048
f 3047 3416 3048
f 3047 142 3416
f 3415 142 3047
f 3046 3415 3047
f 3046 3414 3415
f 3355 3414 3046
f 3044 3355 3046
f 3044 3356 3355
f 3358 3356 3044
f 3360 3358 3044
f 3360 3357 3358
f 3357 3360 243
f 243 3360 3359
f 3359 3360 3091
f 3091 3360 3044
f 3091 3044 3043
f 3043 3044 3045
f 3077 3043 3045
f 3077 3090 3043
f 3079 3090 3077
f 3079 3085 3090
f 3085 3089 3090
f 3090 3089 3091
f 3085 264 3089
f 265 264 3085
f 3081 265 3085
f 3081 3084 265
f 3083 3084 3081
f 3083 252 3084
f 3084 252 253
f 3084 253 254
f 253 231 254
f 254 231 235
f 254 235 255
f 255 265 254
f 255 235 242
f 255 242 243
f 255 243 263
f 263 264 255
f 253 230 231
f 252 230 253
f 252 212 230
f 251 212 252
f 208 212 251
f 251 256 208
f 208 256 257
f 3086 257 256
f 616 257 3086
f 616 258 257
f 257 258 259
f 259 260 257
f 257 260 261
f 257 261 262
f 262 224 257
f 257 224 219
f 257 219 209
f 631 258 616
f 258 631 595
f 595 631 632
f 595 632 596
f 596 632 633
f 632 613 633
f 632 615 613
f 614 613 615
f 614 615 616
f 616 3087 614
f 614 3087 3088
f 3087 3081 3088
f 3087 3082 3081
f 3086 3082 3087
f 614 3088 612
f 612 3088 610
f 610 609 612
f 612 609 613
f 609 610 611
f 610 3079 611
f 611 3079 603
f 605 611 603
f 603 604 605
f 635 605 604
f 635 604 661
f 658 635 661
f 658 661 659
f 659 661 662
f 659 662 660
f 660 606 659
f 659 606 607
f 659 607 657
f 657 607 608
f 607 480 608
f 581 608 480
f 581 480 557
f 557 480 486
f 557 486 485
f 479 485 486
f 484 485 479
f 479 486 480
f 478 479 480
f 478 460 479
f 458 460 478
f 458 459 460
f 458 3078 459
f 458 3080 3078
f 662 3080 458
f 603 3080 662
f 603 3078 3080
f 459 3078 3077
f 459 3077 461
f 478 606 458
f 473 479 460
f 557 580 581
f 580 608 581
f 580 630 608
f 643 608 630
f 579 630 580
f 607 478 480
f 657 608 643
f 643 656 657
f 657 656 658
f 643 655 656
f 655 599 656
f 656 599 635
f 600 635 599
f 599 598 600
f 597 598 599
f 599 651 597
f 649 600 598
f 649 598 650
f 650 667 649
f 649 667 227
f 849 227 667
f 223 227 849
f 849 217 223
f 215 223 217
f 216 215 217
f 216 217 218
f 237 216 218
f 236 216 237
f 240 236 237
f 240 232 236
f 232 214 236
f 232 233 214
f 244 233 232
f 241 233 244
f 243 241 244
f 242 241 243
f 241 242 235
f 235 234 241
f 211 234 235
f 211 235 231
f 230 211 231
f 212 211 230
f 211 212 208
f 208 210 211
f 208 209 210
f 210 209 219
f 219 220 210
f 219 224 220
f 220 224 225
f 225 228 220
f 220 228 229
f 220 229 221
f 221 229 226
f 229 619 226
f 229 618 619
f 618 617 619
f 619 617 647
f 647 617 636
f 647 636 648
f 648 227 647
f 226 647 227
f 648 636 600
f 600 636 596
f 596 634 600
f 596 636 617
f 596 617 594
f 594 617 258
f 617 259 258
f 618 259 617
f 602 259 618
f 228 602 618
f 663 602 228
f 663 261 602
f 262 261 663
f 225 262 663
f 224 262 225
f 261 260 602
f 225 663 228
f 602 260 259
f 228 618 229
f 226 619 647
f 221 226 222
f 222 226 223
f 213 221 222
f 213 222 215
f 214 213 215
f 211 213 214
f 210 221 213
f 210 220 221
f 211 210 213
f 214 234 211
f 243 244 245
f 245 244 240
f 245 240 246
f 240 248 246
f 240 247 248
f 3356 248 247
f 3356 247 249
f 249 247 250
f 250 247 239
f 250 239 238
f 238 239 237
f 249 250 266
f 3414 249 266
f 3414 266 3415
f 3415 266 142
f 266 3413 142
f 140 3413 266
f 3355 249 3414
f 249 3355 3356
f 3358 248 3356
f 239 247 240
f 3358 246 248
f 3357 246 3358
f 3357 245 246
f 243 245 3357
f 241 234 233
f 214 233 234
f 244 232 240
f 237 239 240
f 236 214 216
f 214 215 216
f 215 222 223
f 1959 217 849
f 226 227 223
f 667 666 849
f 649 227 648
f 648 600 649
f 600 634 635
f 655 651 599
f 642 651 655
f 642 652 651
f 640 652 642
f 642 655 643
f 641 642 643
f 606 478 607
f 458 606 660
f 458 660 662
f 661 603 662
f 657 658 659
f 656 635 658
f 634 605 635
f 634 633 605
f 633 609 605
f 661 604 603
f 603 3079 3078
f 605 609 611
f 610 3088 3079
f 612 613 614
f 633 613 609
f 596 633 634
f 594 595 596
f 631 615 632
f 594 258 595
f 616 615 631
f 616 3086 3087
f 3086 256 3082
f 208 257 209
f 3082 256 251
f 3082 251 3083
f 3083 251 252
f 3081 3082 3083
f 254 265 3084
f 3088 3081 3085
f 255 264 265
f 264 263 3089
f 3089 263 3359
f 3088 3085 3079
f 3077 3078 3079
f 3090 3091 3043
f 3089 3359 3091
f 263 243 3359
f 142 141 3416
f 3048 3416 3063
f 3045 3044 3046
f 461 3077 3045
f 462 3048 463
f 463 3048 3063
f 459 461 460
f 2132 477 2133
f 2128 2127 2129
f 2128 2089 2127
f 1410 2126 2117
f 1411 2126 1410
f 1410 1409 1411
f 1411 1409 1412
f 1375 1412 1409
f 1413 1412 1375
f 1375 1414 1413
f 2125 1413 1414
f 1414 1377 2125
f 2125 1377 1379
f 1411 1413 2125
f 1414 1375 1377
f 1377 1375 1374
f 1374 1375 1376
f 1375 1409 1376
f 1376 1409 1407
f 1408 1407 1409
f 1406 1407 1408
f 1406 1404 1407
f 1405 1404 1406
f 1418 1407 1404
f 1418 1404 1419
f 1419 1404 1401
f 1419 1401 1420
f 1420 1401 1320
f 1399 1320 1401
f 1321 1320 1399
f 1321 1399 1323
f 1322 1321 1323
f 1320 1321 1322
f 1322 1329 1320
f 1322 1328 1329
f 1327 1328 1322
f 1327 1330 1328
f 1328 1330 1331
f 1328 1331 1332
f 1332 1331 1333
f 1328 1332 1380
f 1380 1419 1328
f 1440 1331 1330
f 1440 1330 1441
f 1441 1330 1442
f 3288 1441 1442
f 3288 1442 3302
f 3302 1442 2620
f 2620 2623 3302
f 1442 1322 2620
f 1324 2620 1322
f 1330 1327 1442
f 1442 1327 1322
f 1328 1420 1329
f 1399 1401 1400
f 1420 1320 1329
f 1328 1419 1420
f 1403 1401 1404
f 1380 1418 1419
f 2122 1406 1408
f 1408 1410 2122
f 1376 1407 1418
f 1417 1376 1418
f 1416 1376 1417
f 1411 1412 1413
f 1408 1409 1410
f 2125 2126 1411
f 2124 2097 2120
f 2097 1989 2120
f 1990 1989 2097
f 2094 1990 2097
f 2089 2095 2127
f 2016 2023 2019
f 2018 2019 2020
f 2020 3060 2018
f 2089 2090 2091
f 2090 2089 2128
f 2129 2135 2128
f 2134 3069 2135
f 463 3069 2134
f 3066 3065 3067
f 3063 3064 463
f 3416 3064 3063
f 3416 141 134
f 3096 3097 3098
f 3131 3097 3096
f 3092 3106 3107
f 3102 3103 139
f 3105 3111 3106
f 2996 3111 2998
f 2832 2831 2833
f 2999 2994 2833
f 2995 2634 2996
f 2999 2630 2994
f 2629 2630 2631
f 2632 2633 2634
f 2627 2633 2628
f 2658 2667 2628
f 2658 2646 2667
f 2653 2629 2654
f 2655 2643 2654
f 2645 2644 2646
f 2862 2644 2642
f 2655 2641 2643
f 2664 2665 2641
f 2855 2665 3378
f 2858 2642 2666
f 3378 379 2855
f 2873 375 377
f 2885 2873 2886
f 2856 2857 2858
f 2869 2885 2884
f 2858 2857 2859
f 2870 2867 2859
f 2871 2868 2870
f 2883 2869 2884
f 2871 2893 2868
f 2879 2893 2894
f 2872 2882 2883
f 2879 2894 2881
f 2896 2950 2881
f 2881 2950 2946
f 2896 2947 2950
f 828 2895 2872
f 828 827 829
f 830 831 829
f 832 2897 2896
f 2897 2947 2896
f 830 835 831
f 2948 835 834
f 2947 2946 2950
f 816 812 2948
f 812 813 814
f 2881 2946 2949
f 814 809 815
f 815 809 811
f 2845 2880 2949
f 2898 811 810
f 2898 2917 858
f 856 858 2927
f 857 855 2845
f 853 856 2927
f 855 2639 2846
f 2640 2639 3104
f 3095 3108 3104
f 853 3101 854
f 3120 3100 853
f 3094 3093 3095
f 3098 3094 3099
f 3119 3142 3100
f 3098 3099 3096
f 3151 3142 3119
f 3151 3152 3153
f 3141 3131 3096
f 3130 3097 3131
f 3139 3097 3130
f 3146 3140 3153
f 3144 3138 3139
f 3147 3161 3145
f 3146 3153 3148
f 3149 3160 3147
f 3154 3129 3148
f 3129 3123 2940
f 2939 2924 2926
f 2916 2940 2931
f 2914 2915 2916
f 2932 2933 2914
f 2933 2936 2935
f 2907 2918 2936
f 2934 2937 2938
f 2938 2924 2939
f 2918 2919 2920
f 2919 2910 2921
f 2921 2922 2923
f 2925 2926 2924
f 2925 3124 2926
f 2923 2842 2840
f 2925 2837 3124
f 2839 2840 2841
f 2839 3056 2835
f 3056 3061 3062
f 2837 2836 3124
f 2926 3124 3128
f 3061 3127 3062
f 3149 3128 3160
f 3061 3126 3127
f 3055 3126 3061
f 3147 3160 3161
f 3145 3161 3162
f 3145 3162 3143
f 3143 3138 3144
f 3158 3132 3159
f 3135 3136 3132
f 3125 3136 3126
f 3055 3125 3126
f 3053 3055 3061
f 3057 3072 3073
f 3053 3061 3056
f 3056 1877 3058
f 3059 3070 3057
f 3049 3060 3059
f 3058 1872 1874
f 1874 1873 1875
f 1876 1894 3049
f 1896 1918 1894
f 2271 2272 1896
f 2271 325 321
f 2268 318 2269
f 2264 322 2268
f 2264 2265 322
f 322 2265 2266
f 316 322 324
f 316 324 334
f 334 324 330
f 323 2261 2262
f 2262 1879 2263
f 324 2258 329
f 2263 1879 2
f 329 2258 2259
f 324 329 330
f 2256 1892 2257
f 1885 2257 1892
f 1885 2254 2257
f 334 330 335
f 2255 2254 1885
f 1881 2255 1885
f 334 2252 2253
f 1880 2247 2253
f 1881 1887 1629
f 1624 1629 1630
f 1628 1627 1880
f 1909 2248 1880
f 1626 1632 1633
f 1631 1632 1626
f 1636 1635 1909
f 1910 2249 1909
f 1910 1639 1889
f 1639 1638 1640
f 1631 1637 1634
f 1626 1652 1631
f 1626 1651 1652
f 1624 1623 1651
f 1620 1616 1623
f 1616 1536 1534
f 1534 1536 1535
f 1749 1539 1535
f 1751 1540 1539
f 1541 1540 1542
f 1617 1533 1614
f 1542 1545 1541
f 1542 1544 1545
f 1543 1544 1542
f 1614 1550 1615
f 1653 1615 1613
f 1548 1549 1543
f 1752 1546 1548
f 1559 1560 1546
f 1613 1547 1561
f 1559 1558 1560
f 1612 1558 1556
f 1653 1613 1654
f 1638 1654 1655
f 1612 1554 1610
f 1641 1655 1656
f 1656 1611 1657
f 1610 1569 1567
f 1611 1565 1609
f 1566 1567 1568
f 1564 1563 1565
f 1756 1566 1568
f 1757 1562 1564
f 1785 1756 1786
f 1771 1784 1785
f 1759 1571 1757
f 1770 1784 1771
f 351 1769 1770
f 1768 1782 1769
f 1783 1758 1759
f 1760 1576 1758
f 1768 1781 1782
f 1763 1761 1781
f 1586 1760 1585
f 1583 1584 1585
f 1763 1762 1761
f 1765 1590 1762
f 1583 1591 1592
f 1588 1589 1590
f 1591 2195 2221
f 2196 2205 2195
f 2196 2197 2198
f 2209 1589 1588
f 2209 2207 2208
f 2198 2197 2199
f 2198 2193 2201
f 2208 2192 2194
f 2190 2189 2193
f 2192 2206 2191
f 2107 2099 2191
f 2099 2107 2100
f 2101 2114 2099
f 2113 2112 2190
f 2110 2111 2101
f 2190 2112 2189
f 2189 2030 2031
f 2029 2111 2110
f 2030 2026 2006
f 2028 2022 2026
f 2029 2110 2027
f 2027 2110 2098
f 2028 2092 2093
f 2096 2093 2092
f 2110 2105 2098
f 2110 2104 2105
f 2104 1998 2105
f 2096 1990 2094
f 1992 1998 1999
f 1989 1990 1991
f 1989 1991 2120
f 2124 2120 2118
f 2117 2124 2118
f 2122 1410 2117
f 2122 1405 1406
f 1403 1404 1405
f 2123 2116 2115
f 2115 2116 1326
f 2116 1338 1326
f 1402 1401 1403
f 1400 1401 1402
f 1323 1399 1400
f 1322 1323 1324
f 2115 1326 1325
f 1340 2620 1324
f 1340 2623 2620
f 3302 2623 2622
f 3302 2622 2621
f 2625 3302 2621
f 2625 3307 3302
f 2624 3307 2625
f 1343 2624 2625
f 1343 2625 1334
f 1334 1342 1343
f 1343 1342 1344
f 1344 1342 1867
f 1867 1857 1344
f 1344 1857 1856
f 1855 1856 1857
f 1855 1858 1856
f 1856 1858 2624
f 1855 1857 1858
f 1857 1870 1858
f 1857 1869 1870
f 1866 1869 1857
f 1866 1868 1869
f 1864 1868 1866
f 1865 1864 1866
f 1865 1866 1867
f 1867 2102 1865
f 1865 2102 2106
f 2106 1863 1865
f 2106 1458 1863
f 1460 1458 2106
f 1459 1458 1460
f 1457 1458 1459
f 1444 1457 1459
f 1444 1459 1445
f 1443 1444 1445
f 1451 1444 1443
f 1451 1443 1449
f 1449 1443 1470
f 1443 1454 1470
f 1454 3293 1470
f 1454 3292 3293
f 1452 3292 1454
f 1452 3291 3292
f 1456 3291 1452
f 1448 1456 1452
f 1448 1455 1456
f 1447 1455 1448
f 1446 1447 1448
f 1472 1446 1448
f 1472 1448 1445
f 1445 1448 1453
f 1445 1461 1472
f 1472 1461 1464
f 1461 1463 1464
f 1464 1463 1465
f 1464 1465 1466
f 1466 1465 1467
f 1466 1467 1468
f 2106 1468 1467
f 2106 1492 1468
f 1476 1468 1492
f 1476 1492 1477
f 1475 1476 1477
f 1466 1476 1475
f 1474 1466 1475
f 1474 1473 1466
f 1471 1466 1473
f 3316 1471 1473
f 3315 1471 3316
f 3315 1447 1471
f 1456 3315 3316
f 1455 3315 1456
f 3316 1473 3312
f 3312 1473 1474
f 3312 1474 1475
f 3312 1475 3313
f 3313 1475 1478
f 3313 1478 3314
f 1493 1492 2106
f 1467 1463 2106
f 2106 1463 1462
f 1466 1468 1476
f 1471 1464 1466
f 1467 1465 1463
f 1461 1462 1463
f 1460 1462 1461
f 1472 1464 1471
f 1471 1446 1472
f 1447 1446 1471
f 1455 1447 3315
f 1448 1452 1453
f 1456 3316 3291
f 1453 1452 1454
f 1443 1453 1454
f 1470 3293 1449
f 1449 3293 3294
f 1449 3294 1450
f 1450 3294 1862
f 1862 1451 1450
f 1862 1860 1451
f 1861 1860 1862
f 1862 3305 1861
f 1861 3305 1859
f 1859 3305 3306
f 1859 3306 1852
f 1852 1854 1859
f 1852 1853 1854
f 1870 1854 1853
f 1870 1853 1871
f 1871 1853 1852
f 1859 1854 1860
f 1869 1860 1854
f 1852 3306 1871
f 1871 3306 3307
f 1871 3307 1858
f 1859 1860 1861
f 1868 1451 1860
f 1469 1451 1868
f 1862 3294 3305
f 1449 1450 1451
f 1469 1444 1451
f 1445 1453 1443
f 1445 1459 1461
f 1469 1457 1444
f 1457 1469 1864
f 1863 1457 1864
f 1459 1460 1461
f 2106 1462 1460
f 1458 1457 1863
f 1863 1864 1865
f 1864 1469 1868
f 1868 1860 1869
f 1869 1854 1870
f 1858 1870 1871
f 1867 1866 1857
f 1867 1342 2102
f 2102 1342 2000
f 1344 1856 1343
f 1856 2624 1343
f 1858 3307 2624
f 1334 2625 2621
f 1337 2621 2622
f 1338 1339 1326
f 1335 2621 1337
f 1334 2621 1335
f 1334 1341 1342
f 1996 1342 1341
f 2116 1336 1338
f 2123 2121 2116
f 2119 1995 2121
f 1997 1996 1341
f 1993 1994 1995
f 1996 2000 1342
f 1992 1999 1994
f 2103 2102 2000
f 2104 1999 1998
f 2101 2104 2110
f 2099 2100 2101
f 2106 2102 2103
f 2109 1493 2106
f 1477 1492 1493
f 1475 1477 1478
f 3314 1478 3308
f 3308 1482 1484
f 3308 1484 3309
f 3309 1484 1486
f 3309 1486 3310
f 3310 1486 1488
f 1486 1487 1488
f 1486 1485 1487
f 1485 1497 1487
f 3310 1488 3311
f 3311 1488 1489
f 3311 1489 3317
f 1484 1485 1486
f 1484 1483 1485
f 1479 1480 1481
f 1482 1483 1484
f 1481 1494 1495
f 1483 1496 1485
f 2108 1495 1494
f 2100 2107 2108
f 1485 1496 1497
f 1499 1504 1490
f 1504 1499 1506
f 1505 1504 1506
f 1503 1504 1505
f 1505 1506 1507
f 1487 1497 1498
f 1488 1487 1489
f 1490 1504 1503
f 3317 1489 1491
f 1509 3318 3317
f 1507 1506 1510
f 1506 1499 2107
f 1502 1511 1512
f 1502 1512 1500
f 2156 1500 2155
f 2107 2152 2153
f 2156 2155 2154
f 2152 2230 2153
f 2234 2160 2156
f 2230 2187 2236
f 2236 2184 2235
f 2233 2157 2234
f 2235 2140 2146
f 2231 2232 2233
f 2231 2145 2143
f 2139 2146 2140
f 2144 2143 2145
f 2139 2148 2149
f 2670 2149 2671
f 2142 2143 2144
f 2142 3318 1509
f 2674 3304 3318
f 2674 2673 2675
f 2671 2672 2670
f 1517 2672 1519
f 2669 2675 2673
f 2675 3304 2674
f 3303 2566 3300
f 3300 2566 1805
f 3300 1805 1804
f 1804 1807 3300
f 1807 1809 3300
f 3300 1809 1810
f 3300 1810 3299
f 3299 1810 3301
f 2567 2569 1833
f 1833 2569 2568
f 2568 1523 1522
f 1522 1523 1520
f 3412 1520 1525
f 1814 1834 1521
f 3409 3411 3412
f 1813 1814 192
f 3410 190 3411
f 188 191 190
f 192 1806 1832
f 1807 1806 1808
f 1807 1808 1809
f 1809 1808 1810
f 1831 2571 1830
f 1810 1808 1811
f 1810 1811 1812
f 1810 1812 3301
f 3301 1812 1828
f 3299 3301 3297
f 3297 3298 3299
f 3323 3299 3298
f 3323 3321 3299
f 3322 3321 3323
f 3322 3320 3321
f 2612 3320 3322
f 3322 1820 2612
f 1818 2612 1820
f 1818 2613 2612
f 2612 2613 2614
f 2619 2614 2613
f 1821 1820 3322
f 2612 2614 3320
f 3320 2614 3319
f 3319 2614 2616
f 2618 2616 2614
f 3319 2616 2602
f 2602 2616 2615
f 2616 2609 2615
f 1821 3322 3323
f 1821 3323 1823
f 1823 3323 3298
f 1824 1826 1827
f 193 2560 2561
f 1927 2560 193
f 1928 1927 193
f 1926 1927 1928
f 1934 1926 1928
f 1928 1929 1934
f 2560 1926 1934
f 1928 193 1929
f 1929 193 1799
f 1927 1926 2560
f 193 2564 179
f 2563 1827 1829
f 1830 2570 1829
f 179 2564 2565
f 179 2565 2562
f 1830 2571 2570
f 1831 191 2571
f 188 183 191
f 182 183 184
f 179 2562 181
f 163 164 165
f 164 175 165
f 193 179 178
f 1800 1799 193
f 1800 3373 3376
f 3373 3374 3376
f 3376 3374 3375
f 3376 3375 3377
f 1800 3376 1798
f 165 175 176
f 164 174 175
f 174 173 3362
f 3366 3365 3362
f 3373 3372 3374
f 3361 3365 3366
f 3374 3364 3375
f 196 197 198
f 3377 3375 201
f 1796 200 199
f 199 1795 1796
f 1798 3376 3377
f 1796 1795 1797
f 1932 1797 1795
f 1932 1795 1933
f 1933 1795 204
f 1703 1932 1933
f 1729 1932 1703
f 1729 1931 1932
f 1798 1799 1800
f 1931 1797 1932
f 1929 1799 1930
f 1934 1929 1930
f 2560 1934 1935
f 1670 1931 1729
f 1671 1672 1673
f 1837 1671 1673
f 1837 1673 1838
f 1838 1673 1674
f 1665 1666 1667
f 1849 1846 1835
f 1668 1669 1667
f 1668 2560 1935
f 2560 1847 1822
f 1849 1848 1846
f 1835 1819 1849
f 1850 1822 1847
f 1822 1821 1823
f 1835 1817 1819
f 1815 1816 1817
f 2619 2613 1818
f 2618 2614 2619
f 1815 2611 1816
f 2617 2616 2618
f 1815 2610 2611
f 2617 2609 2616
f 1836 2610 1815
f 1836 1671 1837
f 2615 2609 2608
f 2602 2615 2603
f 2604 1837 1838
f 1839 2607 1838
f 3296 3319 2602
f 3295 3319 3296
f 2592 3295 3296
f 1839 2606 2607
f 1840 1676 1677
f 1838 1674 1839
f 1676 1675 1677
f 1673 1672 1674
f 1677 1675 1678
f 1716 1725 1726
f 1716 1726 1718
f 1718 1719 1716
f 1680 1678 1681
f 1724 1683 1681
f 1723 1683 1724
f 1709 1710 1711
f 1709 1708 1710
f 1960 1723 1973
f 1968 1710 1708
f 1980 1970 1969
f 1707 1708 1709
f 1711 1714 1709
f 1713 1688 1714
f 1980 1715 1717
f 1713 1687 1688
f 1712 1687 1713
f 1712 1725 1716
f 1716 1719 1720
f 1719 1698 1720
f 1719 1696 1698
f 1685 1721 1686
f 1980 1686 1721
f 1720 1698 1722
f 1695 1694 1980
f 1696 1697 1698
f 1691 1694 1695
f 1718 1696 1719
f 1702 1664 1691
f 1718 1726 1727
f 1727 1672 1728
f 1703 1728 1729
f 1699 1664 1702
f 1705 1700 1699
f 1703 1933 1706
f 1704 1700 1705
f 202 1700 1704
f 1933 204 203
f 2088 202 205
f 199 204 1795
f 199 200 198
f 197 207 198
f 3025 207 206
f 3026 3035 3036
f 3026 3036 3030
f 405 3026 3030
f 405 3030 3029
f 3027 405 3029
f 3027 3028 405
f 3033 405 3028
f 3032 405 3033
f 3032 406 405
f 3031 406 3032
f 3042 406 3031
f 3041 406 3042
f 3041 3011 406
f 404 406 3011
f 3011 3010 404
f 404 3010 3013
f 404 3013 402
f 402 3013 3014
f 402 3014 393
f 396 402 393
f 396 403 402
f 408 403 396
f 396 411 408
f 396 410 411
f 422 411 410
f 1373 411 422
f 1373 1979 411
f 1368 1979 1373
f 1062 1368 1373
f 1061 1368 1062
f 1061 1369 1368
f 1059 1369 1061
f 1060 1059 1061
f 1058 1059 1060
f 1066 1058 1060
f 1066 1060 1067
f 1067 1060 1085
f 1030 1085 1060
f 1030 1060 444
f 444 1060 1062
f 444 1062 445
f 422 444 445
f 422 443 444
f 442 443 422
f 1056 443 442
f 1056 442 1057
f 1057 442 441
f 1057 441 1055
f 441 440 1055
f 1055 440 1029
f 1055 1029 1074
f 1074 1029 1028
f 1027 1028 1029
f 1028 1027 1084
f 1072 1028 1084
f 1072 1084 1080
f 1080 2708 1072
f 1080 1084 1052
f 1084 1031 1052
f 1084 1027 1031
f 1032 1031 1027
f 435 1031 1032
f 1032 436 435
f 422 435 436
f 436 437 422
f 422 437 438
f 1054 438 437
f 439 438 1054
f 1029 439 1054
f 1027 1054 437
f 422 438 439
f 439 440 422
f 1032 437 436
f 1027 437 1032
f 1029 1054 1027
f 1074 1028 1072
f 1072 1073 1074
f 1074 1073 1075
f 2710 1075 1073
f 1074 1075 1076
f 1076 1086 1074
f 1074 1086 1071
f 301 1071 1086
f 301 1069 1071
f 1069 1070 1071
f 1069 1067 1070
f 1068 1067 1069
f 299 1068 1069
f 1068 299 1063
f 1063 1067 1068
f 1055 1071 1070
f 1055 1070 1056
f 1056 1070 1085
f 1086 1076 301
f 301 1076 1075
f 1072 2709 1073
f 1074 1071 1055
f 440 439 1029
f 422 440 441
f 1055 1056 1057
f 1030 443 1056
f 422 441 442
f 443 1030 444
f 1056 1085 1030
f 1067 1085 1070
f 1063 1066 1067
f 1065 1066 1063
f 1065 1058 1066
f 1065 1370 1058
f 1058 1370 1369
f 1058 1369 1059
f 1368 1369 1370
f 1368 1370 1346
f 1346 1978 1368
f 1346 1345 1978
f 1978 1345 1358
f 1359 1358 1345
f 1345 1346 1347
f 1370 1347 1346
f 1060 1061 1062
f 1062 1373 445
f 1368 1978 1979
f 1978 407 1979
f 1978 1977 407
f 1976 1977 1978
f 1976 1975 1977
f 3026 1977 1975
f 407 1977 3026
f 1979 407 408
f 407 405 408
f 422 445 1373
f 410 425 422
f 410 421 425
f 409 421 410
f 409 391 421
f 421 391 389
f 390 389 391
f 390 391 392
f 392 401 390
f 392 400 401
f 399 400 392
f 392 398 399
f 392 397 398
f 673 398 397
f 397 672 673
f 397 395 672
f 736 672 395
f 394 736 395
f 393 394 395
f 734 394 393
f 734 393 732
f 732 733 734
f 734 733 735
f 733 764 735
f 735 764 704
f 735 704 736
f 764 766 704
f 764 765 766
f 763 765 764
f 752 765 763
f 752 763 753
f 751 752 753
f 751 750 752
f 749 750 751
f 755 749 751
f 755 751 756
f 756 709 755
f 756 711 709
f 710 709 711
f 708 709 710
f 775 708 710
f 775 710 776
f 774 708 775
f 774 707 708
f 707 706 708
f 700 706 707
f 700 705 706
f 700 707 774
f 773 700 774
f 773 774 846
f 846 772 773
f 773 701 700
f 846 774 775
f 708 706 709
f 710 711 712
f 712 711 698
f 757 698 711
f 759 698 757
f 757 761 759
f 759 761 762
f 761 720 762
f 761 727 720
f 720 727 726
f 720 726 725
f 724 720 725
f 725 3009 724
f 724 3009 3017
f 3017 723 724
f 3016 723 3017
f 723 3016 3348
f 3348 3016 3021
f 3016 3020 3021
f 3016 3019 3020
f 3019 291 3020
f 3346 3020 291
f 3347 3020 3346
f 3346 3344 3347
f 3347 3344 3345
f 3347 3345 3348
f 3345 722 3348
f 3345 715 722
f 762 722 715
f 758 762 715
f 758 715 696
f 758 696 759
f 3342 715 3345
f 718 715 3342
f 718 3342 778
f 716 715 718
f 3348 722 721
f 720 721 722
f 3347 3021 3020
f 3348 3021 3347
f 3348 721 723
f 3017 3019 3016
f 723 721 724
f 3017 3009 3019
f 3009 3018 3019
f 3018 289 3019
f 3018 3022 289
f 289 3022 3023
f 3022 3012 3023
f 3022 3010 3012
f 3015 3010 3022
f 3012 3038 3023
f 3038 3012 3040
f 3040 3012 3011
f 3023 3038 3039
f 3023 3039 289
f 3018 3015 3022
f 3009 3015 3018
f 3009 728 3015
f 726 728 3009
f 3015 728 730
f 728 729 730
f 730 729 731
f 757 731 729
f 753 731 757
f 756 753 757
f 730 731 732
f 732 3014 730
f 728 727 729
f 730 3013 3015
f 724 721 720
f 725 726 3009
f 726 727 728
f 761 729 727
f 762 720 722
f 759 762 758
f 757 729 761
f 759 696 698
f 696 697 698
f 696 717 697
f 697 717 719
f 717 718 719
f 717 716 718
f 715 716 717
f 778 719 718
f 778 714 719
f 556 714 778
f 697 719 714
f 713 697 714
f 714 779 713
f 714 555 779
f 713 779 780
f 713 698 697
f 712 698 713
f 757 711 756
f 755 709 706
f 755 706 754
f 754 749 755
f 749 740 750
f 740 766 750
f 740 767 766
f 756 751 753
f 753 763 731
f 731 763 733
f 750 765 752
f 750 766 765
f 704 766 767
f 704 767 674
f 674 767 768
f 674 672 704
f 672 674 675
f 675 674 676
f 733 763 764
f 732 731 733
f 734 735 394
f 394 735 736
f 736 704 672
f 396 395 397
f 673 672 675
f 673 675 677
f 2953 398 673
f 2953 673 2954
f 396 397 392
f 399 398 2953
f 2953 2984 399
f 2953 2985 2984
f 399 2984 400
f 2962 400 2984
f 2962 2984 2972
f 401 400 2962
f 401 2962 390
f 390 2962 2963
f 382 389 390
f 382 388 389
f 384 388 382
f 382 383 384
f 383 385 384
f 2964 385 383
f 2074 385 2964
f 2964 2073 2074
f 2073 2068 2074
f 2074 2068 2070
f 2068 2069 2070
f 2070 2069 386
f 386 2069 2058
f 386 2058 2057
f 2057 2058 2059
f 2077 2057 2059
f 2079 2057 2077
f 2077 2078 2079
f 2077 2076 2078
f 2078 2076 2377
f 2393 2377 2076
f 2393 2076 2075
f 2075 2082 2393
f 2075 2081 2082
f 2075 2080 2081
f 2077 2080 2075
f 2080 2086 2081
f 2081 2086 2087
f 2086 2072 2087
f 2086 2068 2072
f 2059 2068 2086
f 2080 2059 2086
f 2081 2085 2082
f 2082 2085 2378
f 2085 2084 2378
f 2378 2084 2392
f 2084 1743 2392
f 2392 1743 1941
f 1743 1742 1941
f 1742 1743 1744
f 1744 1743 1741
f 1744 1741 1735
f 1735 2518 1744
f 1735 1741 1740
f 2391 2392 1941
f 1743 2084 1741
f 1741 2084 2083
f 2083 2084 2081
f 2378 2392 2391
f 2387 2378 2391
f 2393 2378 2387
f 2081 2084 2085
f 2393 2082 2378
f 2387 2377 2393
f 2377 2387 2381
f 2381 2380 2377
f 2377 2380 2388
f 2377 2388 2386
f 2398 2386 2388
f 2394 2386 2398
f 2394 2384 2386
f 2382 2384 2394
f 2394 2395 2382
f 2395 90 2382
f 90 92 2382
f 2382 92 95
f 2382 95 2383
f 2383 95 94
f 2383 94 2385
f 2384 2383 2385
f 2385 94 100
f 2385 100 99
f 2079 2385 99
f 2377 2385 2079
f 386 2079 99
f 386 99 387
f 387 99 97
f 387 97 413
f 387 413 414
f 414 415 387
f 414 1011 415
f 415 1011 1010
f 1010 1011 961
f 961 962 1010
f 961 960 962
f 959 960 961
f 959 958 960
f 413 958 959
f 955 960 958
f 955 958 964
f 955 964 2447
f 2447 956 955
f 955 956 957
f 956 954 957
f 957 954 939
f 953 939 954
f 953 954 2429
f 2429 954 2430
f 2429 2430 2450
f 2450 2430 2444
f 2450 2444 2451
f 2451 2444 2449
f 2449 2437 2451
f 2451 2437 2436
f 1191 2436 2437
f 1191 2437 1198
f 1198 2437 2438
f 1198 2438 1126
f 1126 2438 2435
f 2448 2435 2438
f 2448 2438 2449
f 2442 2448 2449
f 2440 2448 2442
f 2440 2432 2448
f 2431 2432 2440
f 2439 2431 2440
f 2311 2431 2439
f 2439 2309 2311
f 2439 75 2309
f 2439 111 75
f 112 111 2439
f 2441 112 2439
f 2441 114 112
f 2443 114 2441
f 2441 2442 2443
f 2443 2442 2444
f 2443 2444 2445
f 2445 115 2443
f 2445 105 115
f 2446 105 2445
f 2445 2430 2446
f 2446 2430 2447
f 2447 108 2446
f 108 106 2446
f 2447 109 108
f 110 109 2447
f 2446 106 105
f 2443 115 114
f 2309 75 77
f 2309 77 2310
f 2310 77 2306
f 2305 2310 2306
f 2305 2312 2310
f 2287 2312 2305
f 2287 2314 2312
f 2312 2314 2431
f 2286 2314 2287
f 2314 2286 2432
f 2286 2285 2432
f 2432 2285 2435
f 2435 2285 2288
f 2285 2289 2288
f 2287 2289 2285
f 2287 2290 2289
f 1220 2289 2290
f 1208 2289 1220
f 1220 1221 1208
f 1208 1221 1222
f 1208 1222 1209
f 1207 1208 1209
f 1207 1206 1208
f 1206 2288 1208
f 1127 2288 1206
f 1205 1127 1206
f 1202 1127 1205
f 1205 2530 1202
f 1205 2529 2530
f 1207 2529 1205
f 1207 2528 2529
f 2528 78 2529
f 2528 2527 78
f 78 2527 2526
f 1221 2526 2527
f 1219 2526 1221
f 1217 2526 1219
f 1218 1217 1219
f 1216 1217 1218
f 1216 1215 1217
f 1214 1215 1216
f 2284 1214 1216
f 1214 2284 1212
f 1212 2284 2283
f 1212 2283 1210
f 1210 2283 1124
f 1124 1123 1210
f 1210 1123 1211
f 1211 1123 2523
f 2523 1123 1122
f 2523 1122 2524
f 2524 1122 1225
f 1122 1124 1225
f 1225 1124 1224
f 1124 1223 1224
f 1223 2403 1224
f 1224 2403 2452
f 2403 2402 2452
f 2292 2402 2403
f 2292 2403 2293
f 2283 2292 2293
f 2292 2283 2294
f 2294 2283 2282
f 2294 2282 2295
f 2295 2282 2296
f 2295 2296 2297
f 2301 2297 2296
f 2301 2296 2302
f 2302 2296 2316
f 2302 2316 2317
f 2317 2316 2315
f 2282 2315 2316
f 2284 2315 2282
f 2284 2291 2315
f 2318 2315 2291
f 2318 2291 2313
f 2305 2318 2313
f 2305 2317 2318
f 2307 2317 2305
f 2313 2291 2290
f 1218 2290 2291
f 2317 2315 2318
f 2307 2302 2317
f 2304 2302 2307
f 2307 2308 2304
f 2308 84 2304
f 2308 80 84
f 2306 80 2308
f 2306 81 80
f 2304 84 2303
f 2303 84 83
f 2303 83 2298
f 2298 2302 2303
f 2298 83 89
f 2298 89 2299
f 2299 89 88
f 2299 88 2396
f 88 86 2396
f 2396 86 85
f 2396 85 2395
f 2396 2395 2397
f 2300 2396 2397
f 2300 2397 2400
f 2400 2297 2300
f 2400 2397 2398
f 2400 2398 2399
f 2399 2398 2405
f 2399 2405 2401
f 2401 2292 2399
f 2399 2295 2400
f 2299 2396 2300
f 2298 2299 2300
f 2300 2301 2298
f 2307 2306 2308
f 2303 2302 2304
f 2298 2301 2302
f 2300 2297 2301
f 2400 2295 2297
f 2282 2316 2296
f 2399 2294 2295
f 2399 2292 2294
f 2401 2402 2292
f 1224 2452 1226
f 2293 2403 1223
f 1124 2293 1223
f 1225 1224 1226
f 2524 1225 1226
f 2541 2524 1226
f 82 2524 2541
f 82 2541 87
f 82 2523 2524
f 79 2523 82
f 79 2525 2523
f 2526 2525 79
f 1215 2523 2525
f 1213 2523 1215
f 1213 1211 2523
f 1212 1211 1213
f 1122 1123 1124
f 1124 2283 2293
f 1210 1211 1212
f 2282 2283 2284
f 1212 1213 1214
f 1216 2291 2284
f 1214 1213 1215
f 1215 2525 1217
f 1218 2291 1216
f 1218 1219 1220
f 1217 2525 2526
f 78 2526 79
f 1222 2527 2528
f 2529 78 76
f 2529 76 2530
f 2530 76 2531
f 76 2532 2531
f 76 2533 2532
f 113 2533 76
f 113 2534 2533
f 2535 2534 113
f 1192 2534 2535
f 1192 2535 1194
f 1194 2535 2536
f 2536 2535 104
f 2536 104 2537
f 2537 104 107
f 2537 107 2538
f 2538 107 2539
f 1197 2536 2537
f 1196 2536 1197
f 1189 1196 1197
f 1189 1197 1190
f 1195 1196 1189
f 1195 1194 1196
f 1193 1194 1195
f 2434 1193 1195
f 1191 1193 2434
f 1191 1192 1193
f 1191 1201 1192
f 1191 1200 1201
f 1200 2534 1201
f 1197 2537 1190
f 1190 2537 1188
f 1194 2536 1196
f 1193 1192 1194
f 1201 2534 1192
f 104 2535 113
f 1200 2533 2534
f 1199 2533 1200
f 1125 2533 1199
f 1125 1199 1198
f 1198 1199 1200
f 1125 2532 2533
f 1204 2532 1125
f 1127 1204 1125
f 1125 1126 1127
f 1127 1203 1204
f 1203 2531 1204
f 1204 2531 2532
f 1203 2530 2531
f 1202 2530 1203
f 1202 1203 1127
f 1205 1206 1207
f 1209 2528 1207
f 1222 2528 1209
f 1221 2527 1222
f 1220 1219 1221
f 1220 2290 1218
f 2313 2290 2287
f 1208 2288 2289
f 1127 2435 2288
f 2285 2286 2287
f 2305 2313 2287
f 2311 2310 2312
f 2305 2306 2307
f 77 81 2306
f 2309 2310 2311
f 2311 2312 2431
f 2439 2440 2441
f 2431 2314 2432
f 2441 2440 2442
f 2432 2435 2448
f 1126 2435 1127
f 1126 1125 1198
f 1198 1200 1191
f 2434 2436 1191
f 2450 2436 2434
f 2449 2438 2437
f 2442 2449 2444
f 2451 2436 2450
f 2445 2444 2430
f 942 939 953
f 954 956 2430
f 2447 2430 956
f 964 110 2447
f 964 103 110
f 958 103 964
f 958 101 103
f 96 101 958
f 97 96 958
f 957 960 955
f 961 1011 959
f 415 1010 416
f 416 1010 1012
f 416 1012 417
f 417 1012 418
f 417 418 387
f 387 416 417
f 1010 1008 1012
f 1012 1008 1009
f 414 959 1011
f 387 415 416
f 413 959 414
f 413 97 958
f 384 386 387
f 384 387 412
f 387 419 412
f 2395 85 90
f 2397 2395 2394
f 2382 2383 2384
f 2384 2385 2386
f 2397 2394 2398
f 2386 2385 2377
f 2398 2388 2380
f 2379 2398 2380
f 2075 2076 2077
f 2377 2079 2078
f 2077 2059 2080
f 2057 2079 386
f 2058 2069 2059
f 386 385 2070
f 2059 2069 2068
f 2073 2072 2068
f 2071 2072 2073
f 2071 2066 2072
f 2074 2070 385
f 384 385 386
f 412 388 384
f 412 389 388
f 391 409 392
f 392 409 410
f 421 450 425
f 392 410 396
f 1979 408 411
f 408 405 403
f 404 403 405
f 393 395 396
f 732 393 3014
f 730 3014 3013
f 402 403 404
f 3015 3013 3010
f 3010 3011 3012
f 3040 3011 3041
f 404 405 406
f 3030 3037 3029
f 407 3026 405
f 3030 3036 3037
f 3026 1975 1986
f 1974 1986 1975
f 3024 1983 205
f 1982 1983 1984
f 1974 1985 1986
f 1984 1987 1964
f 1974 1975 1976
f 1978 1358 1976
f 1360 1987 1988
f 1357 1358 1359
f 1963 1360 1361
f 1364 1962 1963
f 1962 1972 1965
f 1971 1973 1972
f 1961 1255 1254
f 1249 1267 1254
f 1971 1266 1265
f 1245 1264 1265
f 1245 2590 1263
f 2590 2597 3296
f 1247 1246 1248
f 1248 1246 1249
f 1248 1249 1250
f 3296 2597 2596
f 1250 2595 1248
f 1249 1253 1250
f 1249 1252 1253
f 3296 2594 2593
f 3296 2593 2592
f 1251 1261 1260
f 1259 312 1260
f 2592 311 3295
f 312 1259 310
f 310 1259 308
f 1259 309 308
f 308 309 310
f 1259 313 309
f 1257 313 1259
f 314 1256 1351
f 1258 1257 1259
f 1366 1352 1258
f 1353 1351 1256
f 1350 1349 1351
f 1365 1363 1352
f 1362 1359 1363
f 1345 1347 1359
f 1370 1356 1347
f 1371 1356 1370
f 1348 1349 1350
f 1367 307 1354
f 1367 304 307
f 1371 1355 1356
f 1065 1371 1370
f 1063 1064 1065
f 1063 298 1064
f 1372 304 1367
f 297 307 304
f 1064 298 303
f 1063 299 298
f 299 1069 301
f 301 1075 2710
f 2710 1073 2709
f 1072 2708 2709
f 1080 2707 2708
f 1036 1077 1078
f 1080 1052 1079
f 1052 1031 435
f 422 425 435
f 1053 434 433
f 1053 433 432
f 429 430 425
f 1083 432 431
f 430 1050 1051
f 1082 1036 1083
f 1082 1049 1081
f 429 1050 430
f 425 428 429
f 1045 427 426
f 1045 426 1048
f 1048 426 424
f 423 1048 424
f 1033 1048 423
f 1033 1045 1048
f 1045 1043 1049
f 1043 1042 1044
f 1438 1439 1042
f 985 2580 1041
f 3170 1438 3171
f 2580 985 2581
f 2581 985 984
f 2582 3186 3187
f 2578 3184 3185
f 2577 3184 2578
f 987 2577 2578
f 991 2577 987
f 987 989 991
f 991 989 992
f 991 992 993
f 992 1000 993
f 992 999 1000
f 994 999 992
f 994 998 999
f 2753 998 994
f 2751 998 2753
f 2753 3217 2751
f 2751 3217 3236
f 2751 3236 3179
f 2752 2751 3179
f 2752 3179 2574
f 1000 2752 2574
f 2574 2575 1000
f 2574 3180 2575
f 2575 3180 2576
f 2576 3180 3183
f 2576 3183 2577
f 993 2575 2576
f 2574 3179 3180
f 999 2751 2752
f 2754 3217 2753
f 2754 3216 3217
f 3215 3216 2754
f 2754 2755 3215
f 2755 3238 3215
f 2757 3238 2755
f 2757 3237 3238
f 2756 3237 2757
f 2756 3178 3237
f 3178 2756 2677
f 2676 3178 2677
f 2676 3177 3178
f 2679 3177 2676
f 2679 3176 3177
f 2679 3228 3176
f 2678 3228 2679
f 972 2678 2679
f 972 2745 2678
f 966 2745 972
f 966 2744 2745
f 3224 2745 2744
f 3229 2745 3224
f 2748 3224 2744
f 3229 2678 2745
f 972 2679 973
f 3228 2678 3229
f 2677 2756 1002
f 1002 2756 1004
f 1005 1004 2756
f 1005 2756 997
f 1003 1004 1005
f 1003 1005 997
f 997 996 1003
f 1003 996 1006
f 1003 1006 1001
f 1001 1002 1003
f 1006 2677 1001
f 995 996 997
f 2754 995 997
f 995 992 996
f 992 1024 996
f 992 1022 1024
f 1022 1014 1024
f 1022 1015 1014
f 981 1015 1022
f 981 457 1015
f 1022 1023 981
f 989 1023 1022
f 990 1023 989
f 990 1016 1023
f 981 1023 1016
f 981 1016 447
f 1014 1015 456
f 1002 1004 1003
f 1001 2677 1002
f 997 2756 2757
f 997 2757 2755
f 2754 997 2755
f 2753 995 2754
f 2753 994 995
f 998 2751 999
f 994 992 995
f 999 2752 1000
f 1000 2575 993
f 993 2576 991
f 989 1022 992
f 987 988 989
f 991 2576 2577
f 2577 3183 3184
f 987 2578 988
f 989 988 990
f 1018 2579 984
f 1019 1016 990
f 984 985 986
f 1046 1021 986
f 1046 979 1021
f 454 453 979
f 452 453 425
f 1020 980 1017
f 425 451 452
f 425 450 451
f 1019 1017 1016
f 421 449 450
f 447 1016 448
f 447 446 981
f 446 457 981
f 456 1015 457
f 421 389 412
f 455 1014 456
f 412 419 420
f 387 418 419
f 1012 1009 418
f 1013 1026 1025
f 1024 1014 1025
f 996 1024 982
f 996 982 1006
f 1006 2676 2677
f 973 2679 2676
f 972 973 966
f 974 983 967
f 965 2744 966
f 970 2744 965
f 967 1007 971
f 1009 1008 1007
f 1010 962 1008
f 957 962 960
f 963 970 965
f 968 969 957
f 970 2748 2744
f 2748 3223 3224
f 3222 2746 3231
f 3231 2746 2750
f 3231 2750 3230
f 968 2747 969
f 2746 978 2750
f 2750 978 977
f 2750 977 2749
f 3230 2750 2749
f 2572 3196 1432
f 975 1233 976
f 975 976 968
f 957 939 968
f 938 2572 1432
f 2572 3195 3196
f 947 1430 937
f 942 947 939
f 946 945 1429
f 1429 945 944
f 944 943 2768
f 2696 2768 2695
f 2695 2694 2696
f 2693 941 940
f 2691 2690 2692
f 2686 2687 2688
f 2686 2685 2687
f 2684 2685 2686
f 2684 2683 2685
f 2682 2683 2684
f 2682 851 2683
f 2683 851 850
f 3163 851 2682
f 3163 2682 2767
f 2767 3200 3163
f 2766 3200 2767
f 1178 2766 2767
f 1178 2758 2766
f 2758 3211 2766
f 2759 3211 2758
f 2758 1104 2759
f 2766 3211 3200
f 1179 2767 2682
f 852 851 3163
f 2684 1179 2682
f 2684 950 1179
f 2686 950 2684
f 950 2686 2688
f 952 2689 940
f 940 941 942
f 942 953 2429
f 2450 2434 2429
f 2434 1195 1189
f 948 951 2433
f 948 949 950
f 1180 950 949
f 1174 950 1180
f 1174 1180 2540
f 1188 1189 1190
f 1188 2537 2538
f 2539 1172 2538
f 1170 1171 949
f 1180 949 1181
f 2539 1173 1172
f 2540 1180 1181
f 2539 107 102
f 2514 2483 2542
f 2514 2542 2513
f 2513 2542 1936
f 1936 2542 2455
f 1936 2455 2454
f 2513 1936 1938
f 1938 1944 2513
f 1936 1937 1938
f 2513 1944 2514
f 1944 2483 2514
f 1944 2484 2483
f 2455 2542 2543
f 2455 2543 2456
f 87 2541 2544
f 1226 2453 2541
f 1226 2452 2453
f 2456 2543 2457
f 2454 2455 2456
f 2452 2402 2401
f 2454 1937 1936
f 1937 2389 1939
f 2401 2405 2404
f 2379 2405 2398
f 2379 2380 2381
f 2387 2391 2381
f 2391 1941 1940
f 1939 2389 2390
f 1938 1937 1939
f 1938 1943 1944
f 2511 1944 1943
f 1941 1942 1940
f 1941 1742 1942
f 1744 2518 1742
f 2516 1943 2517
f 2516 2511 1943
f 2511 2484 1944
f 2515 2482 2512
f 2483 2484 2485
f 2481 2480 2482
f 2510 2480 2504
f 1953 2509 2510
f 1945 2509 1953
f 1945 2508 2509
f 1947 2508 1945
f 1947 2507 2508
f 1175 2486 2487
f 2506 2507 1947
f 1949 2506 1947
f 1947 1948 1949
f 1947 1946 1948
f 1945 1946 1947
f 1945 1953 1946
f 1946 1953 1954
f 1946 1954 1955
f 1955 1954 1950
f 1955 1950 1956
f 1956 1950 1952
f 1950 1951 1952
f 1952 1951 2522
f 2522 1951 2518
f 2540 1175 1174
f 1174 1179 950
f 1178 2767 1179
f 2495 1176 2506
f 2495 2506 1949
f 2496 1949 1948
f 2496 1948 2497
f 2496 2497 2490
f 2497 1948 1946
f 2494 2501 2500
f 2491 2498 2502
f 2492 2491 2489
f 2493 2494 2499
f 864 863 2493
f 1182 2492 2489
f 1187 1183 2545
f 1177 1182 1178
f 1104 2758 1178
f 1105 1183 1187
f 2759 1104 1102
f 2759 3209 3211
f 1100 2765 2760
f 1099 2763 2764
f 2761 2763 1099
f 1436 1098 1097
f 1435 2773 2761
f 1094 1436 1095
f 1434 3199 1435
f 1434 1433 3199
f 1093 2573 1094
f 1093 1094 1091
f 1112 1114 1113
f 1106 1107 1108
f 1092 1108 1437
f 1437 3197 3198
f 1241 1244 1240
f 1241 1243 1244
f 1242 1243 1241
f 2742 1242 2743
f 2742 2743 2741
f 2741 1114 1112
f 1111 1112 1113
f 887 1111 1113
f 1110 1111 887
f 2737 3218 2738
f 2739 3218 2737
f 2740 1234 1236
f 2739 3233 3218
f 1235 1236 1234
f 1239 3175 3232
f 1237 3174 3175
f 2680 3174 1237
f 2680 2681 3174
f 2680 894 2681
f 2680 895 894
f 888 894 895
f 891 894 888
f 891 893 894
f 893 2736 894
f 893 2735 2736
f 892 2735 893
f 892 2734 2735
f 3241 2735 2734
f 3241 2734 3214
f 3214 2734 2733
f 2732 3214 2733
f 906 2732 2733
f 905 2732 906
f 905 2731 2732
f 905 2730 2731
f 904 2730 905
f 904 2729 2730
f 3190 2730 2729
f 2729 1228 3190
f 3190 1228 1227
f 901 1227 1228
f 1228 902 901
f 1228 903 902
f 897 902 903
f 903 904 897
f 897 901 902
f 896 901 897
f 896 897 898
f 898 897 899
f 898 899 900
f 898 900 2583
f 2583 900 911
f 1227 898 2583
f 3191 1227 2583
f 3191 2583 3192
f 3192 2583 2584
f 1227 896 898
f 901 896 1227
f 3190 1227 3191
f 2729 903 1228
f 3239 2730 3190
f 903 2729 904
f 897 904 905
f 3239 2731 2730
f 3212 2731 3239
f 2732 2731 3212
f 3212 3213 2732
f 891 905 906
f 891 906 889
f 889 890 891
f 891 890 892
f 890 889 2733
f 890 2733 892
f 906 2733 889
f 2732 3213 3214
f 3240 2735 3241
f 3242 2735 3240
f 892 2733 2734
f 3242 2736 2735
f 3174 2736 3242
f 892 893 891
f 894 2736 2681
f 2736 3174 2681
f 1237 895 2680
f 1088 1238 1234
f 1090 868 1088
f 1237 867 895
f 1090 869 868
f 888 895 867
f 869 1110 887
f 887 1113 931
f 882 885 1087
f 932 884 883
f 882 879 885
f 881 879 882
f 880 879 881
f 880 503 879
f 504 503 880
f 469 503 504
f 496 503 469
f 503 496 870
f 880 881 504
f 504 881 505
f 1115 881 882
f 870 879 503
f 870 496 495
f 883 871 502
f 883 502 930
f 495 496 469
f 930 502 501
f 930 501 500
f 933 883 930
f 933 936 886
f 888 936 891
f 897 905 891
f 875 935 878
f 875 506 876
f 877 917 876
f 897 934 899
f 909 917 916
f 909 908 910
f 899 911 900
f 2583 911 2584
f 908 2585 910
f 3192 2584 3193
f 907 2586 2585
f 2586 914 2587
f 2587 913 927
f 918 927 926
f 2588 920 2589
f 918 923 919
f 922 1232 923
f 3172 2589 3173
f 1231 1232 921
f 3173 1230 2728
f 3173 2728 3251
f 3251 2728 2727
f 3251 2727 3168
f 2726 3168 2727
f 1284 2727 2728
f 1284 2728 1285
f 1231 1283 1229
f 1280 2727 1284
f 1281 1283 1318
f 1281 1318 1287
f 1287 1289 1281
f 1281 1289 1290
f 1281 1290 1286
f 1290 2725 1286
f 1290 1289 2723
f 1287 1288 1289
f 1279 1281 1286
f 1280 2726 2727
f 1286 2725 1279
f 2726 3167 3168
f 1290 2724 2725
f 2723 2724 1290
f 2722 3246 3247
f 1288 2723 1289
f 1295 2721 1297
f 3245 3246 2722
f 1295 2720 2721
f 1294 2719 2720
f 2718 2719 1294
f 1291 1292 1293
f 1294 2720 1295
f 1296 1295 1297
f 1288 1287 1297
f 1287 1318 1319
f 1319 1311 524
f 524 492 525
f 1316 1275 1317
f 1293 1317 1310
f 525 492 522
f 1310 521 520
f 1310 520 519
f 518 1276 519
f 517 1276 518
f 1299 519 1276
f 1313 1299 1314
f 1309 1278 1277
f 1304 1309 1306
f 1305 1304 1306
f 1305 1306 1307
f 2715 1305 1307
f 1422 1307 1306
f 1302 1313 1314
f 1303 1304 1305
f 1301 1313 1302
f 1301 2716 1300
f 2715 1303 1305
f 3280 2716 3279
f 3278 3257 3279
f 1425 2715 1307
f 1424 2713 2714
f 1393 2713 1424
f 1424 1394 1393
f 1393 1394 1395
f 1422 1425 1307
f 1424 1426 1394
f 1426 1381 1394
f 1306 1421 1422
f 1306 1428 1421
f 1306 1423 1428
f 1390 1384 1391
f 1390 1391 1392
f 1387 1390 1392
f 1389 1384 1390
f 1382 1426 1427
f 1381 1426 1382
f 1395 1394 1381
f 1393 1395 2713
f 3289 2713 3288
f 3288 1440 1441
f 1440 1333 1331
f 1398 2711 2712
f 1332 1333 1380
f 1417 1418 1380
f 2712 1397 1398
f 1396 1383 1397
f 1389 1383 1384
f 1417 1388 1416
f 1415 1389 1390
f 1416 1374 1376
f 1377 1374 1378
f 1415 1390 1387
f 1377 1378 1379
f 2125 1379 1386
f 2125 2130 2126
f 2132 2133 2130
f 1387 1392 1385
f 2131 476 2132
f 1391 1423 1392
f 514 492 1423
f 2131 488 476
f 524 493 492
f 473 460 488
f 493 512 491
f 491 475 474
f 491 490 494
f 469 468 494
f 464 471 472
f 467 2047 2048
f 464 465 466
f 487 783 481
f 802 481 783
f 802 783 803
f 802 803 591
f 591 803 592
f 592 803 593
f 593 803 804
f 805 593 804
f 805 804 808
f 808 804 807
f 808 807 795
f 791 808 795
f 795 807 783
f 590 593 805
f 589 593 590
f 590 576 589
f 589 576 575
f 589 575 568
f 568 575 565
f 560 568 565
f 560 565 558
f 558 565 567
f 622 558 567
f 622 567 566
f 566 564 622
f 565 564 566
f 563 564 565
f 565 576 563
f 563 576 577
f 563 577 578
f 582 578 577
f 582 550 578
f 584 582 577
f 584 577 590
f 550 563 578
f 547 563 550
f 550 552 547
f 547 552 553
f 547 553 545
f 547 564 563
f 624 558 622
f 624 601 558
f 601 559 558
f 559 601 628
f 628 561 559
f 560 559 561
f 560 561 562
f 561 572 562
f 562 572 573
f 628 573 572
f 638 573 628
f 637 638 628
f 638 574 573
f 562 573 569
f 569 570 562
f 562 570 571
f 562 571 568
f 568 571 588
f 588 571 570
f 588 570 591
f 628 572 561
f 628 601 654
f 644 654 601
f 644 601 624
f 626 644 624
f 624 625 626
f 626 625 627
f 626 621 644
f 644 621 645
f 622 623 624
f 565 566 567
f 558 559 560
f 562 568 560
f 568 588 589
f 565 575 576
f 590 577 576
f 588 593 589
f 803 807 804
f 588 592 593
f 591 592 588
f 803 783 807
f 470 471 464
f 470 479 473
f 591 481 802
f 479 482 483
f 479 483 484
f 485 484 557
f 591 570 569
f 569 573 574
f 557 579 580
f 579 629 630
f 639 574 638
f 641 630 629
f 641 640 642
f 638 637 639
f 628 654 637
f 645 654 644
f 640 653 652
f 597 651 652
f 645 620 646
f 645 621 620
f 627 621 626
f 650 598 597
f 650 666 667
f 849 666 665
f 664 627 668
f 668 627 625
f 624 623 625
f 622 564 623
f 2778 669 670
f 549 564 547
f 545 546 547
f 2777 671 548
f 545 553 2776
f 2778 670 2777
f 1959 849 2778
f 1959 218 217
f 268 2781 267
f 237 218 238
f 266 250 238
f 140 266 146
f 267 2791 2792
f 267 2781 2791
f 2781 2780 2782
f 2785 2790 2783
f 2785 2786 2787
f 2779 25 2786
f 2782 2776 2784
f 2776 553 552
f 550 551 552
f 2779 26 25
f 582 551 550
f 583 582 584
f 587 2951 585
f 583 584 585
f 784 586 785
f 584 590 805
f 806 805 808
f 786 785 787
f 806 808 791
f 788 787 789
f 2051 789 793
f 2051 793 2050
f 2050 794 2049
f 2055 2050 2049
f 791 795 792
f 795 783 797
f 798 797 799
f 2049 794 796
f 2035 798 799
f 801 2034 2035
f 2044 2040 2053
f 2053 2040 2038
f 2039 2038 2040
f 2047 2034 2048
f 467 2045 2047
f 2044 2042 2040
f 2041 2040 2042
f 2041 2042 2043
f 2367 2043 2052
f 2043 2367 2372
f 2046 2045 467
f 2371 2367 2052
f 2370 2367 2371
f 2370 2369 2367
f 2368 2369 2370
f 2368 2478 2369
f 2368 51 2478
f 2478 51 50
f 2478 50 2476
f 50 55 2476
f 2476 55 57
f 2476 57 2323
f 2322 2476 2323
f 2322 2475 2476
f 2328 2475 2322
f 2322 2320 2328
f 2328 2320 2319
f 2328 2319 2329
f 2329 2319 2325
f 2326 2325 2319
f 2329 2325 2330
f 2330 2325 2324
f 2330 2324 2331
f 2474 2330 2331
f 2471 2474 2331
f 2471 2331 2332
f 2468 2471 2332
f 2468 2332 1132
f 1132 2332 1134
f 1133 1132 1134
f 1128 1132 1133
f 1128 1131 1132
f 2332 2331 2333
f 2473 2474 2471
f 2473 2475 2474
f 2477 2475 2473
f 2477 2473 2361
f 2473 2363 2361
f 2473 2365 2363
f 2472 2365 2473
f 2472 2366 2365
f 2364 2363 2365
f 2362 2363 2364
f 2362 2361 2363
f 2360 2361 2362
f 2367 2360 2362
f 2367 2362 2376
f 2360 2477 2361
f 2369 2477 2360
f 2329 2474 2475
f 2471 2472 2473
f 2466 2472 2471
f 2330 2474 2329
f 2319 2320 2321
f 2320 2347 2321
f 2321 2347 2348
f 2321 2348 2344
f 2348 62 2344
f 62 66 2344
f 2344 66 65
f 2344 65 2345
f 2321 2344 2345
f 2347 62 2348
f 2347 63 62
f 2346 63 2347
f 2346 60 63
f 58 60 2346
f 2323 58 2346
f 2323 2346 2320
f 2320 2346 2347
f 2321 2352 2319
f 2319 2352 2351
f 2319 2351 2327
f 2351 2352 2342
f 2342 2350 2351
f 2321 2353 2352
f 2329 2475 2328
f 2477 2476 2475
f 2320 2322 2323
f 2323 57 58
f 2478 2476 2477
f 2368 53 51
f 54 53 2368
f 2369 2478 2477
f 2370 54 2368
f 2370 49 54
f 49 2370 47
f 2369 2360 2367
f 47 2370 2371
f 467 468 469
f 469 504 505
f 505 881 1115
f 1117 2414 1118
f 882 1087 1115
f 1116 2413 1117
f 1116 1119 2413
f 931 1113 1087
f 2413 1119 1120
f 1091 1096 1113
f 2412 1120 1121
f 1096 1100 1101
f 1101 1103 2411
f 2428 2409 2412
f 2424 2427 2428
f 1105 1165 2411
f 1163 1164 1165
f 2555 1164 2556
f 2554 1160 2555
f 1162 1166 1167
f 2424 1162 1161
f 2554 1159 1160
f 1157 1159 2554
f 1155 1156 1157
f 2421 1161 1158
f 2422 2426 2421
f 1155 1153 1156
f 2423 1153 1150
f 2422 2425 2426
f 2425 2418 2416
f 2417 2418 2419
f 2419 69 68
f 2345 65 71
f 2420 2354 2355
f 2345 2353 2321
f 2342 2352 2353
f 2343 2354 2407
f 2406 2407 2423
f 2337 2339 2406
f 2341 2340 2342
f 2337 2338 2339
f 1141 2349 2338
f 2340 2350 2342
f 2335 2349 1141
f 2327 2351 2350
f 2326 2319 2327
f 1138 2334 2335
f 2324 2325 2326
f 2333 2331 2324
f 1136 2334 1138
f 1134 2332 2333
f 1133 1134 1135
f 1137 1136 1138
f 1137 2548 2549
f 1135 2547 1133
f 59 2549 61
f 56 2546 59
f 1133 2547 1128
f 2463 2546 2557
f 1128 1129 1130
f 2461 2462 2463
f 1130 1131 1128
f 1131 2468 1132
f 2466 2471 2468
f 2462 2465 2467
f 2359 2472 2466
f 2459 2464 2465
f 862 2356 2464
f 2359 2366 2472
f 2364 2365 2366
f 2376 2362 2364
f 2372 2367 2376
f 2043 2372 2041
f 2039 2040 2041
f 2373 2358 2374
f 2374 2358 2357
f 2469 2357 2356
f 2470 1733 2375
f 2519 2520 2469
f 2522 2520 1952
f 2522 2518 1735
f 1734 1733 2470
f 2037 2375 1733
f 2037 2038 2039
f 2053 2038 2054
f 2055 2049 2054
f 1746 2050 2055
f 2061 1746 1732
f 2036 1736 1745
f 1735 1740 1736
f 1739 1740 1741
f 1737 1732 1738
f 1730 1737 2056
f 1741 2083 1739
f 2081 2087 2083
f 2087 2072 2066
f 2056 2064 1731
f 1731 2064 2060
f 2968 2060 2966
f 2982 2968 2966
f 2982 2966 2981
f 2983 2968 2982
f 2981 2966 2965
f 2065 2066 2067
f 2067 2066 2071
f 2964 2071 2073
f 2979 2964 383
f 2979 383 382
f 390 2963 382
f 2981 2965 2980
f 2981 2974 2982
f 2982 2974 2976
f 2962 2972 2963
f 2972 2984 2985
f 2954 2985 2953
f 2954 673 677
f 677 678 679
f 681 2957 679
f 679 680 681
f 681 680 682
f 681 682 683
f 683 2956 681
f 683 682 684
f 684 682 542
f 688 542 682
f 681 2956 2957
f 2955 2958 2986
f 2973 2986 2975
f 2974 2975 2976
f 2982 2976 2983
f 2983 2967 2968
f 2967 2970 2971
f 2959 2961 2978
f 2977 2989 2959
f 2956 2989 2957
f 683 2952 2956
f 2988 2969 2960
f 2970 2969 535
f 695 536 538
f 537 2987 2952
f 684 2952 683
f 538 539 695
f 541 694 539
f 541 693 694
f 693 692 694
f 543 692 693
f 691 692 543
f 694 692 691
f 684 542 540
f 543 693 541
f 544 542 688
f 741 702 742
f 742 702 743
f 702 746 743
f 743 746 747
f 746 737 747
f 746 687 737
f 688 682 689
f 702 690 746
f 689 682 680
f 690 687 746
f 679 678 680
f 687 686 737
f 677 675 678
f 737 686 703
f 676 685 675
f 674 768 676
f 739 768 767
f 737 703 738
f 739 767 740
f 748 740 749
f 747 737 738
f 743 747 745
f 754 748 749
f 754 706 705
f 699 705 700
f 744 743 745
f 699 700 701
f 742 743 744
f 772 701 773
f 846 771 772
f 2799 771 846
f 2804 2799 846
f 2804 846 1957
f 742 760 741
f 2799 770 771
f 769 543 741
f 2796 770 2799
f 2803 2796 2799
f 691 543 769
f 691 2797 694
f 2800 2798 2797
f 2801 30 2800
f 2805 2809 2801
f 2802 2796 2803
f 2806 2810 2805
f 2803 2799 2804
f 2806 2812 2810
f 2813 2812 2814
f 1802 2814 1803
f 2807 2804 1957
f 288 1802 1803
f 3328 287 288
f 1957 848 1958
f 3331 847 3338
f 3338 847 781
f 846 848 1957
f 846 775 776
f 776 710 712
f 781 847 777
f 713 780 712
f 3338 781 3337
f 3331 3338 3337
f 3330 3328 3331
f 3336 780 779
f 3335 3329 3330
f 3326 3325 3329
f 3334 555 3332
f 556 555 714
f 778 3342 556
f 3341 269 282
f 3344 3342 3345
f 3346 3343 3344
f 294 3343 3346
f 270 269 3341
f 3339 3340 3343
f 292 279 278
f 293 3339 3343
f 293 3343 294
f 3346 291 294
f 3019 289 291
f 290 279 292
f 3033 3352 3032
f 3028 3352 3033
f 3027 3352 3028
f 2991 139 2992
f 128 118 129
f 128 131 118
f 118 131 132
f 118 132 116
f 129 118 130
f 135 140 146
f 146 147 135
f 135 147 148
f 135 148 149
f 850 852 2683
f 2683 852 3163
f 534 535 536
f 643 630 641
f 696 715 717
f 850 851 852
f 1516 1513 1517
f 142 3413 140

