#
# File generated by Libuipc
# Vertices 6291
# Edges 0
# Faces 12432
#
v 0.09638799469603292 0.0024117462419799137 -0.06846112174707138
v 0.09475102562055886 0.002047615409736058 -0.028788776561948663
v 0.08888008625539787 0.0003287994824685377 0.11391743754709904
v 0.08775959640271003 5.185933209250896e-06 0.1360392309559835
v 0.08538610760873143 -0.0006661276506790948 0.17928074804551158
v 0.0838273640388654 -0.0010730508552123927 0.20421069651793738
v 0.08152549724952872 -0.0015123880017694706 0.23060815307216553
v 0.07839412573144323 -0.0019265107037074007 0.25589124498360777
v 0.08663237052822263 -0.0003148453638467554 0.1570764189707329
v 0.06659321082335784 -0.0025783971758608277 0.29555068331174955
v 0.07397091692536922 -0.0022726185766313205 0.27709144915412465
v -0.0707239630636043 -0.0017812531400907955 0.21143340769720126
v -0.06871391578481392 -0.001600441675042364 0.18874271920495417
v -0.0662338896497786 -0.0013494624974956667 0.155441657415999
v -0.059353889197111646 -0.0006514122020591908 -0.03994311493767832
v -0.05965524355426327 -0.000595563610341335 -0.0602370160189145
v -0.0673730099451988 -0.0014686092311690566 0.1715172737490516
v 0.09141306136890436 0.001148724935243685 0.05074031066181396
v 0.09384344871595568 0.0018326552675385615 -0.00878721466713936
v 0.09551348171376194 0.0022358147131575426 -0.04853695097353439
v 0.09080318971560486 0.0009190399426137769 0.07017289758777337
v 0.08995217199641337 0.0006482297521225403 0.09106387836376521
v 0.09200932301848196 0.0013682519817112308 0.0314224968666974
v 0.09279740610758977 0.0015974638114633207 0.011483844448374421
v -0.007165887432389003 0.21694078866372782 0.27795418481292855
v 0.022356312599879774 0.20861577933099354 0.2560856921100948
v 0.027371254939048115 0.19982137113551493 0.23685740211592682
v 0.03200964196873412 0.19332966922297962 0.21958247919964763
v 0.03438248914872404 0.1854661883940267 0.2029770603917527
v 0.06053642628264903 0.029486756788901818 0.30623592908705083
v 0.045962022154158684 0.05799754840345208 0.3235867004505422
v 0.008037782760231049 0.08390058561045931 0.3411753238140712
v 0.002568455410561994 0.12866641150337768 0.3287653917037883
v -0.0020207068808491134 0.1770502245523926 0.31545679844415786
v 0.0373096788623056 0.1546193021219673 0.273960243083822
v 0.045557730616970014 0.11906979314451814 0.27732695364957993
v 0.05647798567357227 0.09226343077495798 0.27456310550427593
v 0.07224447588924328 0.06380009934326081 0.2700015594726116
v 0.07610881592498127 0.031006374989513332 0.26342359954052574
v 0.03918122905646773 0.15418577169979078 0.24656326379130203
v 0.04651274867504361 0.12283645772797237 0.24682786189366976
v 0.06069776637315205 0.09399527086704791 0.2437026734120568
v 0.07968193884561056 0.06762162191530695 0.242279678961727
v 0.07775041007717962 0.033482232958723455 0.2376540031909786
v 0.04179429846035205 0.15296438828130643 0.22299707781423986
v 0.051557705643533035 0.12441584697929513 0.22020057542260224
v 0.05910570901602749 0.09133326113737537 0.2155916932230862
v 0.08589970398963055 0.06994850507864545 0.2148873398394633
v 0.07924548805226003 0.03592285299363823 0.2107404940922255
v 0.04463567158042802 0.1503815200258798 0.20083057995880868
v 0.05232000151854997 0.12188660228834011 0.1949370966937634
v 0.06053694867970993 0.08866887067601487 0.18900875763027988
v 0.09102053111125936 0.0717011403750327 0.18869471851476163
v 0.08067833735442091 0.03788289938595164 0.18505670546801956
v 0.05285856298992474 0.1161746481909271 0.1505951825952268
v 0.06868451852529277 0.08841529767350617 0.14684741475737795
v 0.09665555556383262 0.0730227700111978 0.14605275255129116
v 0.083052375423874 0.03925105281145163 0.14164785082636266
v 0.05404814243256683 0.11434096979101493 0.12720003715607414
v 0.07357883674578179 0.09065815754874289 0.1256298523557334
v 0.09842443055336773 0.07199139232639826 0.12424424986547908
v 0.08400140436646826 0.03875212750046348 0.11980763325939164
v 0.062095202844323356 0.11096151090132478 0.07672352088117033
v 0.08599200339449853 0.09361677144285538 0.07836695144577736
v 0.09964925943133451 0.06658414506496868 0.0773206567656079
v 0.08638328099908578 0.03661313385060937 0.07476398588841363
v 0.0677412355563941 0.11071098769691406 0.05495309568399614
v 0.08972104345143253 0.09280563534116416 0.056698019571570765
v 0.09890899871149937 0.06658810739870037 0.056347290200012196
v 0.08882468706586905 0.037386967880237244 0.054853892546503996
v 0.0731364497883948 0.11170827790655792 0.034571896094884945
v 0.09134369875536093 0.09282431890546511 0.03623252769835131
v 0.09808732465771915 0.06778861212367956 0.03612123205982116
v 0.09135392619684098 0.0380836244223186 0.03550385903994613
v 0.07883929934286854 0.11189414792825307 0.015294075014183676
v 0.09414073409661873 0.09223818034044416 0.01622529037210042
v 0.09784573817245747 0.06654247095399238 0.015831190220733152
v 0.09336351333197244 0.037113485900658966 0.015614335238423255
v 0.08568963659913585 0.11139224498994005 -0.004258450889017283
v 0.09619236516201486 0.08845122865087444 -0.004707385267511853
v 0.09841989348478475 0.06339256188332659 -0.004749120959487442
v 0.09475661621318716 0.03521222474335818 -0.004696195828550457
v 0.08901441826001509 0.10959023883049547 -0.024654419645051547
v 0.09771763043927752 0.08518910859936737 -0.025315048227190336
v 0.10020043650874033 0.06113227970229745 -0.025006833438292835
v 0.0957339406119441 0.033762928156224066 -0.024857162969999565
v 0.08966597081715798 0.11102166676875697 -0.04380727483743799
v 0.10099572863040508 0.08740867821600413 -0.04416581609909105
v 0.10260175176065947 0.06226165061835507 -0.044589392410620335
v 0.09669725720184946 0.03452747746674455 -0.04468562493283531
v 0.0896656729742252 0.11553229219969273 -0.06324817025716395
v 0.10452913483547954 0.09292145158372424 -0.06296629169484329
v 0.10512311168011494 0.06591397779096765 -0.06418084263740469
v 0.0978057847335394 0.03689171089147577 -0.06455687780840129
v 0.09036497818403356 0.12032051992523546 -0.08387210632601827
v 0.1078219118768242 0.09889565725900747 -0.08283064461463868
v 0.10754435367402565 0.07078850645610359 -0.0842371704926111
v 0.0994146569538957 0.03990764165661506 -0.08452107559067219
v 0.09176038010404407 0.12575042471428383 -0.10369240069535042
v 0.11084475984767028 0.10535433097700812 -0.10238201767862422
v 0.11033989471108385 0.07598163291208923 -0.10341544218140694
v 0.10102006630156213 0.04290025726206259 -0.10327369768696773
v 0.027572070505033623 0.17660527574268833 0.1752783690918379
v 0.0819870399042442 0.03899362156571934 0.16240672464397754
v 0.09433165762206629 0.07287532170812756 0.16599648381961313
v 0.06459992147160891 0.08791857778486545 0.16611497608585862
v 0.05247404552539996 0.11892403850407515 0.1714941109181315
v 0.04716580201561541 0.1487313103993953 0.17733115013981934
v 0.010936984809515476 0.22150064605359054 0.27449150816614676
v 0.06973323137102207 0.02963239548851793 0.28611126807688947
v 0.06065460445691373 0.060862389598291995 0.29815659819072565
v 0.0487149947542378 0.08900245435425498 0.31027107167077456
v 0.03880243974899935 0.11676807581856874 0.30749431842203706
v 0.040131566872759455 0.16325699609918898 0.30432155412179895
v 0.08490381044533744 0.03741051726366859 0.09645910874979784
v 0.09952103128279567 0.06928823720277041 0.1001387868747862
v 0.08018186872933274 0.0939244506310078 0.1016725020125334
v 0.057282696040469185 0.11278627645504025 0.1007697846217148
v -0.015795131678042276 0.2407318763026131 0.2544496005561966
v -0.01588296052908313 0.2619819201053226 0.2205979622506177
v -0.009151074376552819 0.32684960082463194 0.151376159569629
v 0.002908982202049291 0.3903134141739332 0.08815646762327996
v 0.005447150441221772 0.4052835933072944 0.07030717569094654
v 0.002938020616225935 0.4202229814106156 0.06426131125639056
v 0.016117819174159987 0.42166251186431863 0.06402975592764133
v 0.01373904104845361 0.40600779487639915 0.07300206826532633
v 0.018186015486162114 0.3913361734353113 0.08465842344502214
v 0.007211170028366061 0.33387313315792183 0.14777541762813215
v 0.0036667383057732233 0.2670058348072936 0.21608014799576916
v 0.0013156160129262921 0.23819891566719434 0.23754860565702665
v 0.027305679949812676 0.22613230803711767 0.2178641216525567
v 0.0242302895200156 0.252869928848755 0.1983327862360874
v 0.028275293154155747 0.3231974051655959 0.13366551086766149
v 0.03374576707144871 0.3770696335539359 0.0757045818914695
v 0.03827598131659847 0.3935821473975001 0.06319011635324762
v 0.038047626920346654 0.407892207672773 0.05144744398862632
v 0.04323475480928535 0.39918804445159195 0.041679416226458675
v 0.04138600817850526 0.3850648257882791 0.05274051214169126
v 0.03948166894565607 0.36867855358053225 0.06563860452886955
v 0.03616071492501137 0.31472138379232995 0.12257294585708674
v 0.02288740912997919 0.24256103906291163 0.18577622133181992
v 0.029101685317242096 0.216893804300719 0.2043828817392433
v 0.0270082859281164 0.20685190775365855 0.18863051841174888
v 0.02739443474257674 0.2322905988392161 0.1691833398972872
v 0.032106153106696865 0.3038774832148689 0.1109045461589485
v 0.04110277332196685 0.3615310816360255 0.05475954132155313
v 0.041064306667759815 0.37771368172542424 0.04230371023910419
v 0.043950584115697945 0.39246674020241296 0.031318473334741276
v 0.04122315793484109 0.3867579262554765 0.020769916853675113
v 0.035952450801246656 0.37128888961338957 0.03202461159791599
v 0.03266945047083627 0.3555748406899188 0.04423102526906803
v 0.02311013934801591 0.2943242326415304 0.09755497393973844
v 0.024003518727409256 0.227702607966072 0.1545552380783439
v 0.024022766749758333 0.19846529209586328 0.1654646117905468
v 0.028844940576892693 0.41681278359126095 0.059734530844947745
v 0.02675140677147351 0.4005810661890325 0.06901320097079643
v 0.027832925128960014 0.3875858469228839 0.08538862383669797
v 0.023847220547539953 0.33288472189695645 0.1456754033238252
v 0.018944104288686432 0.261281277040243 0.20964258323005705
v 0.018056575818170797 0.23532490612451273 0.22878742667343077
v 0.04349964320221825 0.43262460374898604 0.032579739760713246
v 0.04347243406582659 0.4392444356917649 0.0266720956594788
v 0.030519078292932156 0.44761734771537864 0.031158552284202612
v 0.03094088752210027 0.4410182158189731 0.038423917217631526
v 0.04640637194190623 0.4132498440012432 0.006521981665284581
v 0.050285217242634864 0.41189008098887003 0.004886130162038779
v 0.007311332960244008 0.4542515854240908 0.019195942555725935
v 0.005235331965685911 0.4285326559220001 0.05143281471059319
v 0.040349334962050454 0.4479780206361818 0.013447684421317838
v 0.041793904223337584 0.4222501331729259 0.041135892630028564
v 0.04842145876683636 0.4304552259876281 0.0016943620075559728
v 0.04651353046762777 0.40715096437247505 0.020940077790689317
v 0.01625934698795922 0.4340063504519094 0.04937045420756338
v 0.01620702241254695 0.4583596734432267 0.01621976848494728
v 0.046149373730335785 0.41331465969114434 0.031126148576639073
v 0.04709265105681983 0.4379733591854848 0.00810324218095661
v 0.047127433048254064 0.40131727362490965 0.010803215964319737
v 0.044724207536799024 0.42431268736495786 -0.004906238493624822
v 0.02880029249050414 0.4296480002755303 0.046392309529696155
v 0.028883756880043448 0.45722637957877854 0.01694729204082238
v -0.0237532177783814 0.16766838526759598 0.1474059138438836
v -0.0228426877861939 0.16312207179821095 0.13918834737694896
v 0.05138046324193479 0.4229009954109325 0.024442670501193368
v 0.04877140097978744 0.42819935650608215 0.02019601069674733
v 0.04892104491913779 0.42010983579105987 0.01364252216607492
v 0.05303001860513827 0.4163286366093526 0.015061116747891661
v 0.017466385929352422 0.4396291091611575 0.03522610421671613
v 0.017318278484283085 0.44977460673793557 0.03221350445448118
v 0.0064424371248777154 0.4356622098361572 0.03598353048003452
v 0.006776888842551724 0.4472881348104729 0.03368098920606649
v -0.045652299300867456 0.19819996252880295 0.25320495311446245
v -0.053240248890228666 0.19405309557602873 0.23375363253760992
v -0.04930187356430397 0.1855829905656589 0.20952973388804969
v -0.05216101064216568 0.17576617165360628 0.18452815889764543
v -0.048814874241804494 0.033546302135947545 0.3480878141492103
v -0.030074036069604185 0.06251672475761207 0.34978386521537147
v -0.05122190736490067 0.13963506070429454 0.27268879781485156
v -0.05853337192055243 0.10673692712999193 0.28340971130182013
v -0.061930956349620814 0.08707155337003684 0.28879280798305096
v -0.07012610201043962 0.06059402245683949 0.2886678852673536
v -0.0729509147768864 0.03170291585377854 0.2804546187034069
v -0.05098965048836267 0.14442359042420003 0.24861613581929928
v -0.052627937222711245 0.11492530529485116 0.25187245144521464
v -0.0667636690775864 0.09122602567963838 0.2518893510756686
v -0.07029426816949343 0.06313401455811754 0.2496583461631076
v -0.07360146827211773 0.03735981035614562 0.2438756286033268
v -0.05026462885407415 0.1463397300279958 0.21971976648610167
v -0.057208637053896415 0.12026559768180066 0.22269126995501934
v -0.06981449816925794 0.09317632733230835 0.2217880507613652
v -0.0678733518305395 0.0648625652840411 0.21917834740403364
v -0.0734987605602282 0.034566283974771135 0.21710917919009454
v -0.05351469277057911 0.14286670176545915 0.19656329188272362
v -0.060255368450635144 0.11952921375988401 0.1988163609141935
v -0.07024342022397223 0.09366057003540755 0.19729020158385982
v -0.06692487070190513 0.06612623490184498 0.194676134493958
v -0.07263938231353399 0.035730505717973406 0.19284528024194117
v -0.052695872256063814 0.13412988026754757 0.15960139781357635
v -0.06025271606607361 0.11521567012517867 0.16015417415374425
v -0.06862818209543661 0.09162809457134759 0.1578470992864274
v -0.06532789136376979 0.06632239931918474 0.15736494058172387
v -0.07118430480694994 0.03698222266884343 0.1579756041952909
v -0.05950548308563824 0.11266540634390029 0.13810306826952298
v -0.06779808630359999 0.08992300779355974 0.13606248438417426
v -0.06407646197933768 0.06541937834685951 0.1362038164726014
v -0.07039336420677046 0.033178242859256704 0.13459414613493903
v -0.05299748647135712 0.1060436615782607 0.08532062625014547
v -0.06201309498985562 0.08448590291081914 0.08676922700731997
v -0.06200587558530444 0.059884622516651706 0.0875928517214492
v -0.06546810970449234 0.03210512618286333 0.0877169649984025
v -0.04754871386487341 0.10206682912105969 0.062463987757873304
v -0.056985980640250844 0.08011278464094439 0.06442124060730987
v -0.06101520043392275 0.055338174080429764 0.06488800277286012
v -0.06239194585379933 0.028462730163303557 0.06463983036655181
v -0.042321149494591724 0.09740368212413744 0.041527293693216324
v -0.05499219388137028 0.075694855464051 0.0425246330885283
v -0.05972486874980606 0.05074240080438003 0.042603487334000545
v -0.06036639489443258 0.024694955152268258 0.042767078351464254
v -0.03869657235700942 0.0928744181411472 0.020856778489498424
v -0.055963782503246504 0.073552729360054 0.02047382369902101
v -0.05871395340730589 0.048029550473913475 0.02037340175671458
v -0.05924959305408502 0.020468744856342574 0.018564645725307596
v -0.0401746770896521 0.09351570142318955 -0.0013361722629723384
v -0.057220078292631774 0.07540244302873922 -0.0022283755906816302
v -0.05658134802416664 0.04881807517859092 -0.002805106307611334
v -0.05921858147970668 0.026113207964943812 -0.0052141103724166185
v -0.04152066497276766 0.09959397921592238 -0.021955459794027726
v -0.0538186754212045 0.07880552497874141 -0.02381313466041072
v -0.05549079342844752 0.051892254050479536 -0.024330561378807024
v -0.058712042373865764 0.022708639582795793 -0.024249964114386353
v -0.03857478269416707 0.10458973036930505 -0.041361981826508444
v -0.04971239429530938 0.08421830045731474 -0.04248003018063942
v -0.05614603238945436 0.05667798550247287 -0.042652136498632455
v -0.05866816013915539 0.030558354498385315 -0.043195392427346935
v -0.042655727200969766 0.11479790170235596 -0.060780823915316126
v -0.0499441483383305 0.09210374718202964 -0.06261400659784097
v -0.05959901349816594 0.06250933065736713 -0.061507117179920065
v -0.05867921966779295 0.027082828453523312 -0.06253107245110714
v -0.04735489962383559 0.12537404771421073 -0.08216017527970869
v -0.05176525481432752 0.099176865501041 -0.08377888789382698
v -0.0638197959356594 0.06813700695771155 -0.08143041321346044
v -0.05838060437497611 0.03701493060799633 -0.08267305390143131
v -0.047089736232935386 0.13141822701963 -0.10171603112262517
v -0.05580320712910204 0.10432725033601803 -0.10264660031072743
v -0.06932687697618027 0.07324014907447696 -0.099790407285945
v -0.05778604504293321 0.03322999369470313 -0.1016985982513696
v -0.04381146540067076 0.16317612320458003 0.16224513955016276
v -0.07183381615860282 0.03673379543434828 0.1739777791910286
v -0.05988056154211628 -0.0008943145079345807 0.038006438979309755
v -0.061441016970489176 -0.0009981658545845575 0.06367043994377113
v -0.0662007050944585 0.06667330686839992 0.17472446440884543
v -0.06955543761223937 0.09314714885517562 0.17661373629198587
v -0.060696649854718614 0.1175747931080279 0.17876475235315947
v -0.054129438182016994 0.1382792295883082 0.17750632902347113
v -0.025088880982166696 0.20558499206748534 0.26793054563499935
v -0.06305438086438045 0.027242477374661928 0.3216333568564246
v -0.05817584574438218 0.05921207860712618 0.325265310377896
v -0.04681721659902184 0.085471697410958 0.32549448932437763
v -0.04356352558425492 0.11264407961417468 0.31840073459919094
v -0.03361997153552855 0.15362142857873723 0.30053726255938
v -0.06711811891503465 0.038807075034027215 0.10826088758046022
v -0.06285319650678241 0.06335911431706263 0.11103255717488505
v -0.06621097850570781 0.08773337987863566 0.1106215596361539
v -0.05759311390157689 0.10961384890101836 0.11151359630768515
v -0.0012069323132913245 0.41143112259655046 0.05850772027400812
v -0.005898034879082194 0.40580522656561563 0.0632485022200942
v -0.009918417695596761 0.3912031701779339 0.08073433972370889
v -0.02159644184160384 0.32650881553651 0.14553821463811328
v -0.02654904236461376 0.2526510892478637 0.20828336247212217
v -0.03406656147070185 0.2363589135430673 0.24036859471129393
v -0.04611659874818563 0.2183884561838065 0.20861627916938014
v -0.05222289246674673 0.2429990828430372 0.18956698791517895
v -0.04463640870295734 0.3134011304112316 0.13052886075306092
v -0.029008200362312997 0.3801295393572556 0.0647535816117024
v -0.023641408257605055 0.3996037073001763 0.05027828083407059
v -0.01760544108526344 0.40052317124775805 0.04908510503889756
v -0.016706217163664012 0.39464518206454696 0.037345958238135746
v -0.024506063005870864 0.3924334977687497 0.039919397802139635
v -0.024465129555453685 0.37178353733702907 0.05339920725840174
v -0.048856841050826084 0.3033620102639069 0.11357883945111737
v -0.05678692280946598 0.23196899528746304 0.16895576304355614
v -0.05456427109611408 0.20726390177026677 0.18948491595165962
v -0.05780286500750996 0.19842096248420743 0.16826401023875964
v -0.0561353621558753 0.22090968242600298 0.14485207356855898
v -0.04395786728182721 0.29685175068417996 0.0957289449652711
v -0.02479099916366356 0.36513177402728886 0.04123639939029957
v -0.026283773131271754 0.3847808255643084 0.028661882323412578
v -0.013467642028237638 0.38978304214966464 0.0244331187750316
v -0.0012192680755362534 0.3800442087058678 0.0006755074383603147
v -0.001484054766789863 0.374436847979005 0.019648836844280766
v -0.00932760578870585 0.35527589645532076 0.027465978260341306
v -0.018284493127721766 0.2839079334981307 0.07681036146894629
v -0.027631008428849142 0.21487627630091416 0.11428819419620084
v -0.03165903116887758 0.18165959082409958 0.13702794007404806
v -0.010082216668011016 0.40590377183469295 0.05555132580955295
v -0.016703777378637354 0.403401589624381 0.0581606915548684
v -0.022142751700505513 0.3874452535504526 0.07530491467770636
v -0.03344139069444085 0.3207042000942862 0.1405394899396964
v -0.04085432353540613 0.2477954517685132 0.20070054649198868
v -0.04120058683898463 0.2271879969755256 0.22720304319265916
v -0.01609613810490226 0.432005936063863 0.02831149040153679
v -0.010491241877500501 0.4337192087281064 0.021957809617431465
v -0.005436183935312502 0.4392690049027857 0.027033824933148393
v -0.008837874923966853 0.43489152594144054 0.03484364243285499
v 0.005992735240128583 0.40470128016843804 -0.008633806343425112
v 0.007641637692719786 0.4105374963060251 -0.016152874372354662
v -0.013204098348474098 0.445695252390509 0.007587911913601154
v -0.018103766690462347 0.4177778668596601 0.038565131603497435
v -0.01354276073178541 0.43130574720243686 -0.008435082474370971
v -0.018656579100556334 0.40684869000452173 0.011347568964784309
v -0.003787826634820276 0.42645117699064583 0.04727539971242217
v -2.9518948697157834e-05 0.45286092240171905 0.012545713780136018
v -0.01922838573117429 0.4122065811596299 0.026162963572024474
v -0.01277157754159764 0.439543261345843 0.00016835822628761483
v 0.003728938133905634 0.39669729713741725 -0.011047038218298218
v 0.004796962678547935 0.41672584949281644 -0.019475970932363505
v -0.01233623905542662 0.42271263414793303 0.04581071836162268
v -0.006265633540826656 0.4490980532178176 0.010474023850345654
v -0.01892459488091269 0.42703101835489604 0.015574295781728257
v -0.01581455262419688 0.42737776251723164 0.013111963443526012
v -0.013965356536625999 0.420321531536775 0.0038616817986145
v -0.01883853978746102 0.42145921314405616 0.0003466010780704125
v -0.0025660034912751628 0.4376174063937641 0.03796909870538939
v -4.231594559687591e-05 0.4444861052655903 0.029755786999041127
v 0.012420516737770058 0.1812364888187841 0.14678189857150137
v -0.00651575759438579 0.17781539949660305 0.14065927783701115
v 0.0002208974900524031 0.15822494884433314 0.113312217631753
v 0.015653340580503917 0.15062960203702214 0.11847084505359617
v 0.008707160358257226 0.13687885032150124 0.06796359298228014
v 0.022286477095945036 0.1519550909490883 0.07288355420896446
v 0.009969020242293118 0.13862914908468754 0.04795490001907971
v 0.021726952288384307 0.15476962996725366 0.0519367959276587
v 0.00898352559025505 0.1422369618093741 0.02889327696522446
v 0.02157559160384945 0.15636218368339555 0.0320537316379189
v 0.007598174485160838 0.14632623288928723 0.009992103551652884
v 0.023343552944156642 0.1567409896434403 0.01243355194378758
v 0.007855620613387158 0.1473659790462178 -0.009218124429183029
v 0.025594801032484564 0.1550239424078589 -0.006629765810762269
v 0.009499966011087728 0.14756863272498172 -0.02763266610888242
v 0.027051231474395993 0.15305781927197476 -0.02495259920602144
v 0.012928631940910046 0.14810880113692335 -0.04607523606434529
v 0.02924454093811072 0.15505745658564918 -0.04283834014580918
v 0.014475069742525118 0.1557758089202989 -0.0651051679175124
v 0.03310385590747563 0.15718199346907896 -0.06227290677978215
v 0.01682071626854282 0.16181170680637727 -0.08623780951549158
v 0.03546568673073271 0.15493037986413194 -0.08378081112461379
v 0.0194443313566128 0.16175479947928734 -0.10704261596508467
v 0.03892812350124337 0.15538057937539237 -0.10380534937821756
v 0.020844074049706115 0.14816339887863506 0.09803225920785902
v 0.002830648500280294 0.1399287661441817 0.09131603133803416
v 0.030849738970343415 0.3883990005485465 0.012301522632653753
v 0.014456701503199778 0.3830944706584556 0.007567511518571843
v 0.013971556939530104 0.36874626828072404 0.018078575228989455
v 0.026791104821444416 0.37057283834763177 0.019745485488343397
v 0.0067422268530359045 0.3498856290960215 0.026452996723691648
v 0.02317270633441084 0.35333208122164333 0.0308571229350964
v -0.00033977262327560426 0.28391045514985935 0.07137901810797591
v 0.008386252580495744 0.29472595968454507 0.08325380753880468
v -0.007590117761915164 0.218866489329339 0.11898884304494776
v 0.011770333455815489 0.2265995157204343 0.1280428677735064
v 0.006629779301855851 0.2032450307906171 0.15359585692847533
v -0.014521256332808942 0.19658982257984356 0.14631164660348264
v 0.026034334886349784 0.40694143251124065 -0.013406795470240835
v 0.04099540058677533 0.4091064367043406 -0.005349666952574532
v 0.035964699661160414 0.41024131695903954 0.0001738046991936605
v 0.022757306363053894 0.4049183852777511 -0.005434935935210989
v 0.021880465828237335 0.395678392832226 -0.006560681081568263
v 0.03648403658440189 0.40250739542426234 0.0017657935444512524
v 0.033750959163600956 0.42376031145342447 -0.014063100024451249
v 0.020477032292177507 0.4169715309171583 -0.015796945768433733
v -0.006628292713231403 0.41083611563382755 -0.004118420267015068
v -0.009277784049135821 0.41553990563176924 -0.012561281532446332
v -0.007144133537487993 0.4230649226499416 -0.01561586891301112
v -0.032568797808666894 0.2882872715799981 0.08557218660277699
v -0.009768212858068845 0.40219489096519956 -0.0017881744348743158
v -0.023836397930722425 0.3608831875716369 0.031060040573596938
v -0.016515253564838545 0.3764381041833982 0.021926781994327838
v -0.05124026858349174 0.1863738555240121 0.15037437353332755
v -0.00694893940685319 0.38695098884248486 0.011647064401170876
v -0.04696626827892653 0.21432324136542805 0.12334569646846043
v -0.006444354036418353 0.17235711203478524 0.13169523257204738
v 0.010390234539825979 0.16255317886575443 0.13894659536627654
v -0.05181876758531731 0.13052848402897402 0.1372433494800236
v -0.022717183596412737 0.1586517846756139 0.1164435590223664
v -0.01152402631703146 0.13298670022889567 0.0704035955160373
v -0.044841770119736564 0.12129387106577925 0.08124154220879082
v -0.005388156596904402 0.1286203163853124 0.05089679132080473
v -0.038515149140749 0.11676631882926256 0.058205635385011965
v -0.0016906565013016445 0.1289918175693908 0.03177778571767133
v -0.03263784897351642 0.11275101119420086 0.038077928770357414
v -0.0019181906041192145 0.13237919719382904 0.012747163646705386
v -0.027821348121149694 0.10911665277270884 0.018741975161018637
v -0.003921058971082928 0.13587365870087115 -0.006029387038436731
v -0.02618664417610066 0.10845758774157097 -0.0011039530454490336
v -0.0037824591472409436 0.13856137393360463 -0.024859709706208995
v -0.02723023389997918 0.11277615461420319 -0.02130139689645487
v -0.0021118814631604184 0.14147212140950974 -0.043784412699474785
v -0.02746535678879597 0.11906199207674845 -0.04066711158143187
v -0.0023479904775784172 0.14893657077833264 -0.0628815791655651
v -0.02970886438217473 0.127854808548268 -0.06007120366839701
v -0.0028460292730411825 0.15758641906143206 -0.08314919279459895
v -0.03337917604642938 0.13858430331938318 -0.08095366449170294
v -0.0015141373900274784 0.1632272526490975 -0.10320214956067815
v -0.03562564312391045 0.14829958619521463 -0.09998415630990017
v -0.018586627900647055 0.14692019993756833 0.09084671036446752
v -0.05012201847055676 0.12623206226609043 0.10911200674576418
v 0.0323481435542535 0.16658753380357855 0.15039384927860894
v 0.05067329360895951 0.1438655728790637 0.1571007135010382
v 0.029436330095870315 0.1617079754641991 0.12092116133168428
v 0.05238189015982453 0.1450343710525437 0.1345620255810625
v 0.0570048110880496 0.13884249597037554 0.08030479616239403
v 0.03806981548643752 0.16083622968287797 0.06634864659491412
v 0.05869797970868254 0.13568508555444173 0.05797750828153762
v 0.039649332117155385 0.15827926149787883 0.04558344180159916
v 0.060079666938660715 0.13348217277182314 0.037068628085618456
v 0.041247807766362166 0.15603949375510007 0.025521709730659963
v 0.06206234759056031 0.13086644879126835 0.01726263428689696
v 0.04373146615206505 0.1538916121806344 0.00634047571811943
v 0.06518782745712223 0.12839097539241884 -0.0019926649849656684
v 0.04556152542468994 0.15183102222646752 -0.012481422514790456
v 0.06960635475603634 0.12800031743234888 -0.02110317561142966
v 0.04602102057809672 0.14984555930816543 -0.031026451530342114
v 0.07278227152928311 0.13012919044933846 -0.03972104816930475
v 0.046862812526764795 0.14776478602762572 -0.049612231986101374
v 0.07710410735881613 0.13640056708901094 -0.05771586549363494
v 0.04874623653369964 0.14498951992538875 -0.0699729368191396
v 0.08159362103975923 0.14316923223452632 -0.07748894702524192
v 0.05397443972253396 0.14904725957836285 -0.09000746949308061
v 0.08344409012177345 0.14834764981910997 -0.0971802276890717
v 0.05861915622873614 0.15735428306707763 -0.10761175095201944
v 0.0548466575668233 0.1425703270266428 0.10651161938769468
v 0.034789384806165606 0.16303095102377993 0.09076557130890386
v -0.03833421948762175 0.1528728485972481 0.15060064018426095
v -0.03785583438230684 0.14843715185670472 0.12747665330055188
v -0.0170696901525696 0.15838450341227597 -0.10057328471147244
v -0.0166138201682901 0.15015139249591317 -0.08118905935952976
v -0.014730397032747622 0.14124464373697412 -0.060879080222731044
v -0.01353814612305026 0.1338330529389525 -0.04168172802783292
v -0.013615528694668892 0.12908770378224255 -0.022585329999231022
v -0.012492603610278047 0.12500871401018998 -0.003420914407299631
v -0.011092537982910074 0.12174637874308246 0.015692713074547806
v -0.013752843642006018 0.1213600399210807 0.03495157442577762
v -0.020563731183812255 0.12662031726503112 0.052954326970301155
v -0.02854870365011003 0.13420128709683865 0.07277244117999966
v -0.03574227685065114 0.14216304811785627 0.09870610545093968
v 0.10928350684737716 0.15174931296399025 -0.19454735955115646
v 0.12095258080549559 0.12081668488417942 -0.19575361182917647
v 0.11974622074977835 0.08405196663861869 -0.1944926940489908
v 0.10493557410868957 0.04547179371077969 -0.19356747263448357
v -0.05475067680019743 0.1355069509278764 -0.19025346653590855
v -0.07138255253255651 0.10757785704574337 -0.1912866522921693
v -0.07619497003562235 0.07419514482593788 -0.19224021006841815
v -0.06655115684894494 0.036363879361674255 -0.19214953924071554
v 0.05118888517468055 0.18568534408569046 -0.1905748840838386
v 0.027610732370714746 0.18479307212832116 -0.19075001407542183
v -0.0005000714329143186 0.1773819818090319 -0.1911498620184643
v -0.036611039488890273 0.15503620287056472 -0.1904183483734218
v 0.0877686921760222 0.1696132979231448 -0.19315246755239432
v 0.06560359925563575 0.18234869818159535 -0.1912011829096099
v -0.01866520263677904 0.17003398302613557 -0.1910717161502765
v 0.09792432848894005 0.1427737310869571 -0.14774411652788963
v 0.1050311346433202 0.14852043597611156 -0.18040677119895324
v 0.10014152350534714 0.14214286571066842 -0.15262793540041214
v 0.09723128932979462 0.14516698886924573 -0.15845628689630004
v 0.11920139598025709 0.12013593340623611 -0.1812449199701611
v 0.1183091389001824 0.11837551373821313 -0.1473736214035302
v 0.11791577827777419 0.1187206162862156 -0.15723432460491574
v 0.11816633867877228 0.11854067411900365 -0.15171598145987694
v 0.11758178317880441 0.08485089995262121 -0.18011893781021765
v 0.11700942699728514 0.0846942239832553 -0.14692466719640004
v 0.11566102722700605 0.0841671246931735 -0.1566291603229419
v 0.11640105367727614 0.08440125109587229 -0.15126760388967994
v 0.1030189395366396 0.04619387127700616 -0.14574094155676348
v 0.10414015974483833 0.04632810028969459 -0.17882468306175325
v 0.10267894452902651 0.04353172637495052 -0.15053606780094378
v 0.10389334178817271 0.0496599262323278 -0.15642230342909433
v -0.053595122451951915 0.13459248151132672 -0.17583910879288492
v -0.05696812287684579 0.13312254312679347 -0.14178590227943824
v -0.0528892212050326 0.13533894812057923 -0.15185290063092513
v -0.0544790955687441 0.13589315846767622 -0.14633236958507115
v -0.07068183351166411 0.1050913826663842 -0.14382914289241194
v -0.06920775751663967 0.10749851538584332 -0.17706070005652572
v -0.06765572953049066 0.1099297563372867 -0.1486682685472549
v -0.06821840748439821 0.10516117258812856 -0.15483909487384726
v -0.07237150697824137 0.06883738380432108 -0.1450210506143008
v -0.07397604802083438 0.07385912988192514 -0.1782285999082265
v -0.07295712128135899 0.0759937489638458 -0.15014057801658115
v -0.07212817972441044 0.0712337019803992 -0.15607385061811035
v -0.06419991763854822 0.03639227489872251 -0.17818914765588162
v -0.0605561924414958 0.03290654108785996 -0.14585292199501487
v -0.062278812336382675 0.037148412778821464 -0.15463492762659728
v -0.06173439354782929 0.03609496724480119 -0.14932840196937297
v 0.049965883732194065 0.18293044513571535 -0.17584834300943733
v 0.049962651164642116 0.17610187315481624 -0.14446650441650197
v 0.0505937654195545 0.1792233927223508 -0.15243129043749035
v 0.04908185683257074 0.17751820362509776 -0.14856365209314296
v 0.026396592989243278 0.16972742530548032 -0.147466306856852
v 0.026619653798046823 0.18186595457093546 -0.1761176358420597
v 0.027961722169684608 0.17260916325988981 -0.1511983026566202
v 0.025569248568569448 0.17486405276330952 -0.15496094133718036
v -0.0012250832463243557 0.17609585950497836 -0.1764053316058691
v -0.00350677288711511 0.1695309038126489 -0.1433760924472582
v -0.00010195468886035226 0.17290089432652894 -0.1527113558347909
v -0.0005743688143976831 0.17126901180732476 -0.14767240844647173
v -0.03631395538524535 0.15479034240328335 -0.17591882174220191
v -0.03956042821596428 0.15365189000747392 -0.14102558602930207
v -0.036054324081201024 0.15523938270980978 -0.15164943523482338
v -0.03693898674227512 0.1553072987022383 -0.1459073378234257
v 0.0826553567984988 0.16448226823325723 -0.1796297420378074
v 0.081780308694719 0.1635723580730156 -0.14502762446164885
v 0.08231760123325449 0.16202108703712814 -0.1556685667742364
v 0.08246670070972353 0.16221189108255016 -0.15022121852109355
v 0.06347818329692213 0.17790595511855917 -0.14412549072876657
v 0.06417364004604906 0.1806850321865152 -0.17613230351905532
v 0.06514748128116467 0.17747710959329235 -0.14801551523634185
v 0.06375284527822157 0.17788454286014727 -0.1534588850618634
v -0.01948901363929397 0.16697767233172608 -0.1421338250002282
v -0.018531734524634497 0.1690981277025361 -0.17650926127975733
v -0.01739976572720774 0.1681805995812189 -0.1477166218779788
v -0.018878442062899656 0.16735346991065206 -0.153653293164874
v 0.09308744683077678 0.13225048372143616 -0.1216515519890945
v 0.09539681592251181 0.13933447394469461 -0.13714500224240214
v 0.11669200179083032 0.11695302213844623 -0.13657556552525907
v 0.1138524547724304 0.11180031839850282 -0.12040155677624882
v 0.11640785697118437 0.0838559391469109 -0.13627110875596793
v 0.11362428024354397 0.08056349752027199 -0.12062235473789366
v 0.10199067015518247 0.04538958945176268 -0.12008900202463262
v 0.10261032568112066 0.04691631242947953 -0.13541932783051944
v -0.046575706500046804 0.14067524343084348 -0.13111886114839913
v -0.04842744974250791 0.12880570667150507 -0.11826703945415008
v -0.06676260881023094 0.10462440099562269 -0.11780236996353763
v -0.06512289581931655 0.11744150682296657 -0.1318180098704682
v -0.07332916224182584 0.06908888323900692 -0.11802092873850754
v -0.07499873557788574 0.08526869147231535 -0.1334372605672997
v -0.05860388368307628 0.0333800754484885 -0.12014746189755375
v -0.06217688008727214 0.04174536391765574 -0.13479492337810806
v 0.05093377937245992 0.16940971056032741 -0.13631800782766812
v 0.04342793501007285 0.16337852997890845 -0.12293861533171448
v 0.01893303882578396 0.1653469353219961 -0.1238354972117335
v 0.03263488671285584 0.16560893586682318 -0.13951715458163622
v -0.03390341400214104 0.15940626728783838 -0.12981012361176641
v -0.03922145371550264 0.15143598707524475 -0.1158322930332136
v 0.006051474722859018 0.16465261770486161 -0.1361967449684734
v -0.0034859250576551033 0.16396723831721377 -0.12010119602605214
v 0.05944590342321744 0.16610395110104106 -0.1227989216743944
v 0.06378159509378487 0.17498208935485135 -0.13435636974615647
v 0.08300578543915137 0.156971135951814 -0.1341427809155698
v 0.08190217310367447 0.15598919745938264 -0.11724074642658079
v -0.018723919407336715 0.16205039944636523 -0.11722324355857766
v -0.013333927409246866 0.16379549925118048 -0.13272088868653756
v 0.10607196991101457 0.14756586902247487 -0.19313000582460435
v 0.11353461105312007 0.11818473360248194 -0.19845442012864836
v 0.11507197259812031 0.08401401828243048 -0.20466772949134437
v 0.10556862594714114 0.04558582488474751 -0.2046929212835765
v -0.053981614035411477 0.13367232359988743 -0.20139223923448155
v -0.06728861801221397 0.10563086190743082 -0.20153381416022612
v -0.07110100887421399 0.07302803833695577 -0.20186539637462017
v -0.06488173366952686 0.03492738823547321 -0.20239856928930647
v 0.04927940332879403 0.18099759385918485 -0.19127747105363926
v 0.027689144823412993 0.17735678437559346 -0.19682969692567048
v 0.00035511977371615596 0.17031568800684665 -0.19841027349309193
v -0.03591747381540452 0.15330821361062263 -0.20134004856248405
v 0.08532492356313581 0.16567816933565355 -0.1926074467833625
v 0.06252875550559353 0.1765572511317277 -0.19163275593065798
v -0.016972165672174366 0.1635594858892271 -0.19705364107859463
v 0.08914887031725685 0.13697796327041517 -0.17860455129896913
v 0.0934599304723023 0.11047812311493915 -0.19456763299232938
v 0.09399372956296353 0.08332508515518863 -0.21226392446795223
v 0.09272541460963929 0.043957214950719775 -0.21974392973720783
v -0.046908794220484155 0.1284762986180455 -0.22318964482941478
v -0.06070736680148329 0.10536740424231955 -0.22337486114741442
v -0.06311491699784356 0.07362178315453902 -0.22301256633941083
v -0.06039786508074042 0.03505373488954078 -0.22522979362555046
v 0.04200627198019379 0.1667729705885897 -0.17238680613803414
v 0.02531583685648383 0.15865918729780584 -0.1815454278187633
v 0.0037288287180649513 0.1469490609777823 -0.19586921476809402
v -0.024803196336069346 0.13730181831701435 -0.21394475396801776
v 0.07769556976601566 0.15813707467541363 -0.16960418251625012
v 0.055067943205518693 0.16545996571274746 -0.17053041013716583
v -0.00957844341286959 0.14114703159464356 -0.20159596741370306
v 0.05124945007254476 0.18494105757384194 -0.1960240011004854
v 0.051614838548592494 0.18610087477905396 -0.19457847103030118
v 0.06649187080423413 0.18190467276241717 -0.19549582962271303
v 0.06389194649656152 0.18053025048808188 -0.19579234061528988
v -0.03727757926749274 0.15527249146138394 -0.1957999019739163
v -0.03741486922999005 0.15570357248857755 -0.1940789537940626
v -0.018263547322424415 0.17094572684894033 -0.19504985211659018
v -0.01976226764365999 0.16853451987279774 -0.19655642174729235
v 0.10851560184689511 0.1505717174807798 -0.19869742014322136
v 0.1099058611430915 0.15205905701945427 -0.19830092476548947
v 0.12153686613422852 0.118600695621042 -0.19964817484740208
v 0.11860266704284457 0.12256270534465566 -0.20019487578546327
v 0.02727423063595006 0.1836592278217329 -0.1959093060366202
v 0.02762649454389845 0.185208884648764 -0.19471703779664656
v 0.11944895652644952 0.08189338384088464 -0.19846811953991644
v 0.11923396903185589 0.08751539501697081 -0.2000511962804763
v 0.0007434667126324325 0.1780674736675932 -0.19524776335205335
v -0.0030934324638645437 0.17492161624256009 -0.19661775092664668
v 0.10532887869428895 0.04331147379802973 -0.19760784079911223
v 0.10650551749038346 0.04965513969887235 -0.1990859955330009
v -0.056252435619609145 0.13316622485336202 -0.1952849232079408
v -0.054230715294569416 0.13776300448839562 -0.19370431943588975
v -0.0687951680693061 0.03775650334476918 -0.1956690471134402
v -0.06655741476653262 0.03186709107794628 -0.1975110128509987
v -0.07071883308359422 0.1068034605257635 -0.19670051069815356
v -0.07165468892386405 0.107681263368383 -0.1951666642667787
v 0.09029252792156245 0.16991296595999233 -0.19699641179701688
v 0.0860736182997554 0.16998516385770096 -0.1970963529432939
v -0.07502381132675055 0.0729535089598067 -0.19731615426811952
v -0.07630233435515353 0.07368941490597077 -0.19599642718621255
v 0.014086427319763454 0.47318376701698744 -0.00571898085733995
v 0.02468450720904303 0.4687837422100456 -0.006768151731476553
v 0.03822812289899812 0.4642227493642968 -0.008490769764064444
v -0.010782532327882104 0.46463330224908733 -0.011773313209275972
v -0.005100400384758446 0.4692422488016326 -0.00881443793386875
v 0.04464600660969838 0.45567167732288416 -0.01414133446213191
v -0.0142023549895082 0.4589502687412663 -0.015850067801495445
v 0.03244295334270752 0.43961668850390945 -0.03490231934201858
v 0.020786883955634754 0.43406188772055343 -0.03576205118597509
v 0.0462398483367118 0.44858072678139266 -0.020579281787792655
v -0.014116718664348608 0.45210536043844135 -0.02158691694160458
v 0.04198890978428937 0.4418979892863277 -0.027897945630718856
v -0.010300696002881306 0.44540117038736915 -0.027571633588001937
v 0.0038853283345303426 0.46988904436369966 -0.0057093174196741455
v -0.0064373863325062975 0.4381606560745117 -0.03515855155946625
v 0.005979482491533751 0.4340412342701797 -0.037444673719956786
v -0.005101834759596804 0.3508203400939734 0.12848787828284383
v 0.002151518434127048 0.37325380606491215 0.10848445949785321
v 0.011939215176782437 0.3560848835140741 0.12838551608746188
v 0.015965402558530184 0.3763085718070437 0.10656469034973169
v 0.03415008458684076 0.36289899409299176 0.09419394693967809
v 0.02998460177011191 0.34482480741347743 0.11395513697922062
v 0.03096368040523071 0.3349063378419314 0.10169490568850276
v 0.03415383066018489 0.35312724087700303 0.08213833061445981
v 0.03514391396059493 0.34437110972177515 0.06933171792995688
v 0.032398823332666575 0.3247249580210694 0.0887462272835062
v 0.031214079313853147 0.33745670358637336 0.05701957717936371
v 0.028576097136601263 0.31560183420366356 0.07535055011706968
v 0.027868426593738244 0.3539095539285017 0.12571832710521408
v 0.03213403884195416 0.37359150803040114 0.10507959601612918
v -0.020243181643574068 0.34862748086560263 0.12481154443183505
v -0.01007668352385708 0.37144084347774153 0.10232129157141248
v -0.043082183035033764 0.3336473349618785 0.10591759973875645
v -0.028563058359771097 0.35664730464624156 0.08637421754265108
v -0.03713271898476498 0.34902125070871953 0.07328910879086256
v -0.03479608605747967 0.32286551822174137 0.09242099305510092
v -0.02964772266740721 0.3152217395399754 0.07761959687586553
v -0.02864791383961924 0.3409862443404793 0.06181478526826642
v -0.013283194906058442 0.30783549473719307 0.054108268855379345
v -0.015858112134531067 0.33608429390704125 0.042187604063652094
v -0.023223466645893354 0.3669016812196407 0.09808440671229862
v -0.030974354044082816 0.34069980230005437 0.1170617374734856
v -0.002074506098717314 0.3402980975777003 0.04984679984831882
v -0.003431566787260497 0.31581004821816444 0.06784785424148103
v 0.013901688737868725 0.3173863304773691 0.06755638802214789
v 0.016656815913432082 0.334085445436875 0.045740805380158664
v -0.02395200516127713 0.3356174149753923 0.04801412470710234
v -0.027548729150725957 0.30883467964091543 0.06252801109246521
v -0.012986922235729583 0.2843863133003499 0.19391298790110292
v -0.009386135156297097 0.308202812368735 0.1716391383181226
v 0.004807000733150765 0.29179554405662006 0.19286883441205704
v 0.0047871042744333245 0.3134700475359391 0.16904787741810418
v 0.028995277990827635 0.3014397206933355 0.15392471919373954
v 0.0282543976028722 0.27908742509282175 0.17678732184237245
v 0.03577967907723092 0.26785049781823594 0.1645399437137555
v 0.037318901579047103 0.29168676030209995 0.14187384783191478
v 0.03739749717520752 0.28280903284555614 0.12684107757119412
v 0.04126609340046784 0.25682948320076165 0.14806368660717226
v 0.030552045999096222 0.2750442726196275 0.11013562364215042
v 0.03263330243878383 0.24862286347255771 0.1280382398437811
v 0.02179069650752623 0.2901518652912981 0.1890152370236957
v 0.021666260386717928 0.3122207659821501 0.16596219574847249
v -0.028929111442990197 0.2806811494185317 0.18897915363541165
v -0.021476593753316 0.3057839447476105 0.16731495748758696
v -0.04622163938640771 0.2640713942418957 0.1661504274301461
v -0.042954898557652034 0.29215065531758777 0.15310582244408324
v -0.04358848625463837 0.28234184603124307 0.1356063924489364
v -0.046127984255563526 0.25397955639981085 0.14480799925057222
v -0.04666024453286562 0.24662124212665298 0.12161918826540874
v -0.04430372584331088 0.27434591317566487 0.11507293738074192
v -0.0200862635996893 0.24506265103204297 0.10014117853255004
v -0.01981878672141146 0.2726440219897894 0.10391284747780623
v -0.03271176417505792 0.29948004863824135 0.16264918412178425
v -0.037181313917686906 0.2724494843098406 0.18013970695885573
v -0.0018993345948807453 0.27151964566924847 0.09959927802036694
v -0.003856911589396692 0.24935740636508752 0.11061078364236686
v 0.014716868972791118 0.2536149521797504 0.11702614020143547
v 0.019023748297519964 0.267317677870103 0.09158329738457181
v -0.037633169116295044 0.2724751886454548 0.10714484670367003
v -0.03836444130524196 0.24463501963782538 0.10596969647228187
v 0.013530666003413327 0.4798050698850202 -0.01796760855881075
v 0.023554251966913468 0.4793621678795191 -0.01891527406027947
v 0.032463888629319315 0.4728133186949785 -0.024042011874967583
v -0.002365073200446953 0.47193510128205096 -0.02589826918698772
v 0.0019470407002857174 0.47547014906496793 -0.021995948492072967
v 0.03931396101101961 0.4673389072831372 -0.028247202555946097
v -0.006440924805430136 0.46856203351270614 -0.029313466243510264
v 0.028006582396078897 0.45040079772176267 -0.04451457248260299
v 0.016474644676810483 0.44707773660678535 -0.048071895521048444
v -0.008578713742389901 -0.2235338830079507 0.2765783898701396
v 0.027701258598450403 -0.2123779539436543 0.24766753661589422
v 0.03844325582161944 -0.20970207536387087 0.23269560314374757
v 0.03834012177366901 -0.20133680365676698 0.21561186405554836
v 0.03921362133292191 -0.1926349424634309 0.19902247088866568
v 0.060956480481427315 -0.034926450766123766 0.3045418269965316
v 0.04672119824981093 -0.063585862449958 0.3208764313063548
v 0.009886298415187126 -0.08987330053655714 0.3387800114534156
v 0.003531972809583194 -0.13423005639867722 0.3270867137934488
v -0.0017450100768614358 -0.18268956047397994 0.31434986576520885
v 0.03730139321122334 -0.16053631890952771 0.27003376267431395
v 0.04339167529218483 -0.12365157878965205 0.27302904012596135
v 0.05728810733721336 -0.09763395003782915 0.27106945929750065
v 0.06949084629822322 -0.06733945000905686 0.26602185513402177
v 0.07601747520618736 -0.03511760703744936 0.2617434911812399
v 0.04013451658913012 -0.1601677311755425 0.24273684727205086
v 0.050706598268599176 -0.1297805742879412 0.24371644528698713
v 0.06248437256424244 -0.09971493150556926 0.24006684399107778
v 0.07050609987142073 -0.06630138083326494 0.23743395101230463
v 0.07808779097639967 -0.03681686167535466 0.23604257054443117
v 0.045062774372352225 -0.15966617949047243 0.21947632401478792
v 0.05422427701946161 -0.13069593270611768 0.21678868154155298
v 0.06076728346417566 -0.09735415757117241 0.2119617057891602
v 0.074018189677667 -0.06591100070359303 0.20982297749625367
v 0.08041559053595673 -0.038261573458039835 0.20918835572322295
v 0.048436737631105335 -0.15702376223608547 0.1974439177105625
v 0.0545196520892306 -0.12812865873831608 0.19159128735028638
v 0.057537939449486125 -0.09390911678009908 0.1857026241706772
v 0.08122654841397793 -0.07069842296128694 0.18483282111691482
v 0.08243262766127449 -0.03922501018260237 0.1835776128811769
v 0.05420522387051759 -0.12241270177700718 0.14738189539749774
v 0.05982679793369296 -0.08997835734617132 0.14306627965739288
v 0.08976734868167797 -0.07352661344802845 0.1430008388134396
v 0.08452196726937547 -0.03918800940531042 0.14029648601975336
v 0.05543182854720403 -0.12046368488920196 0.12406788342909678
v 0.06444500612308826 -0.09014182261331026 0.12165634408504601
v 0.09285589473990608 -0.0725112903308318 0.12140938449468607
v 0.08487350654396845 -0.03811277132087377 0.11853703858351196
v 0.062373762310726145 -0.11557215273922578 0.07370919867169858
v 0.07913246733277608 -0.09190630171333145 0.07489439372716872
v 0.09559049535543983 -0.06606424953836036 0.07479734915797294
v 0.0856236694090004 -0.03485056731453033 0.07363698100343696
v 0.06708832522020226 -0.11379694696713585 0.05187804363559257
v 0.0836574945324006 -0.0911122667636138 0.05346253099002127
v 0.0943933419196807 -0.06533678159040053 0.053880860257125365
v 0.0873775543620622 -0.03515636771566751 0.05368031566039992
v 0.07209809875275001 -0.11331010528228515 0.031461104842648906
v 0.08575171793960785 -0.09087292409277074 0.033068749936902994
v 0.09284183606154554 -0.06579886088518593 0.03368760559463513
v 0.08954077029936143 -0.0354447466949448 0.03430474832029406
v 0.07683153884641056 -0.11178418128158596 0.012047689812718658
v 0.08847459622261486 -0.08961252867846514 0.013091480359184263
v 0.09196915581017868 -0.06383120687408035 0.013492571874670583
v 0.09170571711276745 -0.03404671532024474 0.014487462549542824
v 0.08248410006981535 -0.10933629797112362 -0.007690837405130568
v 0.08976888571609437 -0.08506766573916423 -0.007739794334000305
v 0.09219719956250531 -0.06000542292958784 -0.006956435143142426
v 0.09417961562911345 -0.03167576392956216 -0.005636526802868598
v 0.08451959922467381 -0.10640199203232384 -0.028090642503226626
v 0.09045724155291775 -0.08112935577857928 -0.02828450996514796
v 0.09542526651539332 -0.05736043366315282 -0.0269539973891481
v 0.09676319070014965 -0.029717313928155478 -0.025577124255891828
v 0.08464238462382521 -0.10732772849834003 -0.04728658935496089
v 0.09373395310339053 -0.08280121203926658 -0.047189073413759684
v 0.09965816754378026 -0.05825744429256568 -0.04621716519275476
v 0.09900790360708674 -0.029966059140691774 -0.0452856514663685
v 0.08388648894894267 -0.1114578634998135 -0.06684201660890426
v 0.0965633148277632 -0.08762138120468115 -0.0662659475496163
v 0.10354027215973967 -0.06162231537917881 -0.06562590204925903
v 0.10099807666213535 -0.03184600046224998 -0.06511532092327045
v 0.08365496709389464 -0.11582447563923504 -0.08760429449718515
v 0.0993642576715603 -0.09292166982840241 -0.0863358437315241
v 0.10681304573508905 -0.06612458053513338 -0.08564253405369765
v 0.1026607099159517 -0.0344957993035805 -0.0851119499049314
v 0.08407132923163821 -0.12039381964579512 -0.10770415408247601
v 0.10262198231850088 -0.09909704381279948 -0.10586413599222434
v 0.10993099838813959 -0.0710590245496244 -0.10483505271438139
v 0.10430550621925844 -0.03715540001554666 -0.10390879735955345
v 0.0314183690107035 -0.18359221659361372 0.1709563666648043
v 0.08376231252463989 -0.039553622704728154 0.1609894870247525
v 0.08584858904975483 -0.07281937750723644 0.16258832376198556
v 0.05777335887905754 -0.0913985021215362 0.1626141154529545
v 0.054000873781239696 -0.1251434309820473 0.16822353224576386
v 0.051708859394347016 -0.15528331158569655 0.17401577046387381
v 0.005938502137665042 -0.21575081662717774 0.26218009671042525
v 0.07026379921075933 -0.03446267747814855 0.2845804349707769
v 0.06078153494334511 -0.0660321763561552 0.29511408985456694
v 0.04776544765257167 -0.0940228581226866 0.306382093625812
v 0.03785322364869501 -0.12215218737455556 0.3043438349420121
v 0.040053716167931325 -0.1687310324872346 0.3005915363073361
v 0.0849446588404242 -0.03619731156246544 0.09528729521772843
v 0.09514343212132872 -0.06941559772565999 0.09748979394001907
v 0.07160971558207267 -0.09113554224901876 0.0975866108594707
v 0.05856729630008995 -0.11836976382431164 0.09775199168290805
v -0.011749618590734754 -0.24508062137984468 0.24964506680489865
v -0.00970536807793955 -0.2656113579403947 0.21522360547680452
v -0.008822284037475274 -0.3345150577526574 0.14388828481146482
v 0.0004187262267836355 -0.39964026433281097 0.08118084449391941
v 0.002109073164273339 -0.415083260931527 0.06339585829911207
v 0.0038370138391081335 -0.42842654470522507 0.04927844736018929
v 0.015357901189024158 -0.4345975386785672 0.050554288823066576
v 0.015621111168266642 -0.4199649960939239 0.06378170034074929
v 0.015276718632967135 -0.4046396578732593 0.07961096861520729
v 0.0074054673976129415 -0.34122403136918683 0.13913583340024951
v 0.00795505431699404 -0.27630017214956853 0.21184104260691344
v 0.00899634821931285 -0.24958160100316418 0.23839285907627356
v 0.027662060123234487 -0.23305100284593075 0.21199576561045894
v 0.028498469506376627 -0.2602603328818678 0.19165653561194537
v 0.03309794042404097 -0.3307089027412125 0.12408506853024835
v 0.038861618131918095 -0.3913447500567236 0.06669140736608668
v 0.038787891086988914 -0.40780323984600403 0.052168378096553336
v 0.0400420922454452 -0.4234026007280224 0.039953555004955406
v 0.04602736404321504 -0.41512280720078865 0.030371004780424586
v 0.043698146625094365 -0.39978792214238185 0.042174944433396554
v 0.04304298348563239 -0.3829708623343898 0.05580317345933285
v 0.033447182680643554 -0.3212994027543787 0.11125916652720312
v 0.030931582630400134 -0.24975343888525747 0.1793674374437668
v 0.03359067811263045 -0.22428173623785516 0.19943617766550756
v 0.0338315402872757 -0.21403820728969816 0.18376861983239792
v 0.04109004636689538 -0.23959865273351183 0.1655530118915876
v 0.029269468715194837 -0.31281535033476865 0.09784799755191236
v 0.04198478432630801 -0.37594346169767173 0.04412904275530735
v 0.04373898485317454 -0.39284810964646627 0.031470832700359164
v 0.046578638925112575 -0.408537255813292 0.020127329182085863
v 0.04539256551747622 -0.40274302364437675 0.009375437312067945
v 0.04095679546052374 -0.3865025061466655 0.020168666681092882
v 0.03647951706200815 -0.36991031256314494 0.03204049014630705
v 0.025303510129906823 -0.30355639563388565 0.08212033712202474
v 0.02368535553333626 -0.2350321647612611 0.14700164925775694
v 0.03266525389055321 -0.2069191610431272 0.15966260937825863
v 0.028296711358841993 -0.4304180291555659 0.046608219179988086
v 0.028760722026368465 -0.41556943098431454 0.06007537084782641
v 0.029581883229853313 -0.3999268557218488 0.07570405526692704
v 0.02351346669278044 -0.33899207929408814 0.13459427089804457
v 0.02204817153366747 -0.26990349078747383 0.20323442757084118
v 0.019018465767880285 -0.24083103519335855 0.2244979289741774
v 0.04155175897976741 -0.4477878538380737 0.018948502792494774
v 0.04019332873444791 -0.4534739085768923 0.012080393352945312
v 0.025701420726317068 -0.45769985165801796 0.014340916241881873
v 0.027104332941130932 -0.4532240444326051 0.023177385710776387
v 0.049907664412890684 -0.43046196408522813 -0.007928149843555953
v 0.05440223816570983 -0.4264893091634118 -0.0067302702733810045
v 0.0013492459423373208 -0.4668889135168579 0.0049656995863645945
v 0.003013024881829301 -0.4449943680474498 0.03946374546146753
v 0.037963233792832285 -0.46338249448057695 -0.0008628800288863776
v 0.04150341526484395 -0.4378836230201085 0.028475411916843
v 0.04749833088046519 -0.4471563392531357 -0.012605692334426313
v 0.051771987528944824 -0.4225415357350244 0.010168389446517184
v 0.014404886702325906 -0.4474661508673894 0.03621916224751821
v 0.010841292175515958 -0.4678024215119654 -0.0006901148636851556
v 0.04945737114226548 -0.4291370571142986 0.019598017184125936
v 0.0456602870440346 -0.45443537583480603 -0.006188152691473001
v 0.047013050785000225 -0.4190724487278001 9.69959799358157e-05
v 0.04768253756020273 -0.4402775591107941 -0.02011689906322857
v 0.02829468816582813 -0.44470161220400495 0.034148647006260205
v 0.02375204736265137 -0.46663913192027917 -0.00031991150005892947
v -0.022273116333587868 -0.17210356244438824 0.14653336110097784
v -0.02108987658607097 -0.16704761637705956 0.13802127073737203
v 0.050960912043473396 -0.4390382473917865 0.011424457913536532
v 0.0479924947514166 -0.44414313071951417 0.005788178414250197
v 0.050773654554293536 -0.43730233194574786 -0.0016306463454638842
v 0.05509755732289759 -0.4324012610805039 0.0029747260714943495
v 0.01501733603147625 -0.45549564542896614 0.02464959819845151
v 0.013257284546891013 -0.4615424450846548 0.016331708163588747
v 0.00554499183098344 -0.4505245819075931 0.02732924584113911
v 0.003221657195243869 -0.459089417402825 0.019037507991212236
v -0.04246964686554499 -0.20371986080252463 0.25157051832246313
v -0.047509734382289386 -0.1965067777454845 0.22870287834056513
v -0.055703315788544 -0.19107454492744746 0.20592653987580295
v -0.051149109811746085 -0.18060389355002104 0.18143029843906802
v -0.046916848355315136 -0.03822294155103951 0.3467351949525844
v -0.028899301447016853 -0.06766165431763829 0.3476480202175969
v -0.05726607736126003 -0.14845216269140477 0.27409858831866957
v -0.06370653012612065 -0.113069440125 0.2830484524485446
v -0.06002317163140876 -0.09105523020804364 0.2867205568382239
v -0.069646536203941 -0.06517374389600798 0.2872099831161887
v -0.07269212589465429 -0.03625603839904543 0.2798116519019908
v -0.0640731855245505 -0.14951991559823716 0.24502087624244426
v -0.056462662837113674 -0.12097096970534871 0.2504041305465836
v -0.06590491186186201 -0.09580623602051368 0.2501072275889151
v -0.07350453898043621 -0.06741497254446809 0.24813990496133753
v -0.07166320975940274 -0.041397585720872807 0.24316649270683136
v -0.05582035006112154 -0.15169833216495204 0.21722710872732642
v -0.05680972667755809 -0.12506041745391758 0.2206622364739128
v -0.06923753661894917 -0.09787203503640009 0.22007365790795905
v -0.07443051793739126 -0.06834601386170627 0.21757599917190784
v -0.06982917139711683 -0.03815564517850046 0.21657186342784268
v -0.05404216482379716 -0.14784634938491378 0.19421447995101962
v -0.06069676776666375 -0.12450660436414997 0.19687147501485916
v -0.0691304454962738 -0.09803334563225513 0.1956399421571107
v -0.07349893935260705 -0.06922613949137443 0.19309018748601395
v -0.06828292643371298 -0.0389360981432561 0.19236800318261063
v -0.05159969121327904 -0.13814903532557374 0.1576820938106461
v -0.05926978173007565 -0.11927112473884098 0.15839024607936353
v -0.06689908839935904 -0.0953875780847908 0.15639041280511762
v -0.071308901138933 -0.06899255466359 0.15586604670937151
v -0.06623488828026766 -0.03969967596399458 0.15759915689685167
v -0.058051537160352475 -0.1163364458154727 0.13644614689576942
v -0.06596588136695429 -0.09342560488670126 0.13468190763082974
v -0.07002541434731147 -0.06776814013473392 0.13474879783503696
v -0.06531241262406351 -0.03567557926199084 0.13436053363578224
v -0.04914827704862956 -0.10805076549082078 0.08434630290147625
v -0.059043708963288206 -0.08687390698045179 0.08584850158494406
v -0.06388240703326067 -0.0621809412450073 0.0864954332082753
v -0.06297309440206345 -0.03431770823210462 0.08745211537618461
v -0.042921123510652116 -0.10335680058823998 0.06186237322560113
v -0.053388644279201446 -0.0818302048225173 0.06382069440198448
v -0.059674738443252634 -0.05739366479963526 0.06423519278683269
v -0.06082827895380659 -0.030484531001466548 0.06435710014821229
v -0.03816966133100367 -0.0986081628919534 0.04085613829958586
v -0.05131884195349829 -0.07713512392062927 0.041979538733231084
v -0.05770121472613293 -0.052519061554248 0.04211712691045177
v -0.05922832555521806 -0.02650702795479557 0.04251818845578048
v -0.035931644243497096 -0.0946942467103726 0.019935364385797648
v -0.0527589514828057 -0.07501595297581243 0.01991237870874868
v -0.05671413403749934 -0.04962815314880619 0.019950287753964648
v -0.058278197531655244 -0.02208850056834156 0.01836946502381842
v -0.040671365103866645 -0.09851975693271973 -0.0014221307991151779
v -0.05452016522645696 -0.07681736474312283 -0.002750058549830618
v -0.05456833180622156 -0.050239602507275445 -0.0032017428253974783
v -0.05795010375276875 -0.027586501147134356 -0.0054457747631453555
v -0.03933529711667022 -0.10117657529065967 -0.022775694715440515
v -0.05139444547520537 -0.08006044379709064 -0.024367194479642973
v -0.05347062618405328 -0.05317573705309699 -0.024730577049280805
v -0.05757262527257041 -0.024056368309244073 -0.024449119782352754
v -0.03622489391698695 -0.10564367115351521 -0.042303874015598236
v -0.047643620373013416 -0.08538122936877074 -0.04308896727139264
v -0.05410041862690474 -0.05786169940602165 -0.04306928414515326
v -0.05749074820855092 -0.031810637899757736 -0.043450904107294186
v -0.040784001918409724 -0.11567898292118214 -0.061672650020279135
v -0.05047678486800895 -0.09399356554392045 -0.06273783188265986
v -0.057862573711114085 -0.0636216009792049 -0.06186100634165424
v -0.05823096108958338 -0.02824782667406494 -0.06277520133346545
v -0.04468928261350105 -0.12495193363392286 -0.0837473787848607
v -0.05333828620178444 -0.10127700832658486 -0.08372073939332941
v -0.06215647973438276 -0.06901992007947073 -0.08179800819157998
v -0.058036544073328714 -0.03801862436021258 -0.08305486616391008
v -0.04526826148429769 -0.13135751708122628 -0.10313482571043685
v -0.056808083490846456 -0.10584209547253691 -0.10283077009545052
v -0.06707892753460236 -0.07357638793592691 -0.10042832051225029
v -0.05810756599578359 -0.03412026367180612 -0.10199111424984576
v -0.04523098450843894 -0.16776863765594838 0.15892049631722938
v -0.0671741412060611 -0.0396699409143871 0.17354429310462954
v -0.07239676866171663 -0.06955441977607911 0.17318101670548083
v -0.06809383921768418 -0.09720012621916367 0.1750622567327514
v -0.06041213887242129 -0.12207689818817495 0.17687939131558453
v -0.054131735798621405 -0.14287678382094396 0.1752782162810293
v -0.029033221533371237 -0.21656324366417185 0.27026014823091066
v -0.06318550411409148 -0.03215590466847773 0.3213133929674935
v -0.057490020430220466 -0.06393292349272425 0.3237612566151573
v -0.046541725313709696 -0.09029447272976636 0.3236167827634282
v -0.043884056815226766 -0.11770759786152972 0.3168598177477849
v -0.03859732919860329 -0.16103203467508362 0.30184638898884325
v -0.06361460590681195 -0.04109147666978156 0.10792073038488326
v -0.06767485354696255 -0.06555926003733796 0.1096699607917045
v -0.06416629140654688 -0.09087559618030265 0.10935117827779614
v -0.05525310055678178 -0.11265470175791262 0.11004420956975938
v -0.0060448251289901955 -0.4281715639934268 0.04333341262168908
v -0.008324288965859461 -0.4134006839576352 0.055657115118047225
v -0.010368537268547657 -0.3968704676495601 0.0714245919988447
v -0.021274040356517313 -0.3336579855374728 0.13809841332107897
v -0.023070482189905955 -0.26051862916388874 0.20313652649896635
v -0.02849997581948446 -0.2394620286151028 0.23437927138868703
v -0.05173291316416707 -0.22414812651819638 0.20509510223013738
v -0.04482324968865053 -0.24789182615137761 0.18477058776164745
v -0.040265907485182384 -0.3189179957100404 0.12315533623581161
v -0.030977448357375776 -0.38525727278164884 0.05543354820008536
v -0.024717388156508688 -0.403809350758578 0.04035606859984416
v -0.02031488603967204 -0.4200934772641451 0.02995251210371593
v -0.02265976707901229 -0.414953223270979 0.018104974040495492
v -0.02660082045436565 -0.3973623590570709 0.028486836017573878
v -0.030144526061738196 -0.37678137360256597 0.04291250658034422
v -0.04416718342801936 -0.3091147142992047 0.10630294783095104
v -0.04389562210333687 -0.2366969979400752 0.16394685227614245
v -0.04823548721817862 -0.21228647386104646 0.18473563436340684
v -0.04915577950529 -0.20333361648656173 0.16434160157410513
v -0.05546995177229202 -0.2267529605276396 0.14250728331758647
v -0.04196570166755911 -0.299755448426223 0.0898613837565127
v -0.024664392004407253 -0.37032656429232425 0.030582982692490945
v -0.021961091631478802 -0.3913128263486781 0.01661614058093513
v -0.019513643965348774 -0.40957358701771873 0.0052095365347855265
v 0.0038042926246653415 -0.40051225050550265 -0.01163082991945498
v 2.0458563613787006e-05 -0.38214853556750517 -0.0004982605432439008
v -0.0038616164516962377 -0.36191304307304395 0.010712587437180527
v -0.015195937448641561 -0.2911064682573141 0.0686785431063864
v -0.028224109761780348 -0.21954459031461152 0.10955401366214754
v -0.031830499991208246 -0.18601307872515419 0.13244739231958072
v -0.015261555208451903 -0.4251714872564744 0.03895106950511918
v -0.018054232014926074 -0.40903514151788883 0.049801949641218146
v -0.020152962759782733 -0.39028656823998864 0.06403345708570278
v -0.033581587612539196 -0.3281350204894319 0.13401334809725143
v -0.03926053411407513 -0.25765335353942437 0.19931089983520464
v -0.041375903370519704 -0.23137817894110607 0.2220398501372227
v -0.015261186918245758 -0.4384073710128122 0.015352606166288068
v -0.010504450575289252 -0.44495398759925453 0.0073069785171198665
v -0.009154152116942309 -0.45140487856706574 0.013417714926724212
v -0.008910944247952825 -0.4428892187661979 0.022052833883219852
v 0.011844211168126305 -0.42767546119511085 -0.012949685065656564
v 0.01254123942217147 -0.4285353111293249 -0.018924222151168367
v -0.014891972126643007 -0.45574724189226046 -0.007539178755885519
v -0.01884809267156589 -0.43761864906925846 0.020382144061683902
v -0.006616254867039719 -0.4419510203728993 -0.022703978860017363
v -0.017999543673527376 -0.4275626792724677 -0.006909241045088445
v -0.005488472726703173 -0.4445651108727643 0.03353656378592468
v -0.007300419500447579 -0.4671076039884922 -8.275358383989475e-06
v -0.020998584578584768 -0.432836912546993 0.007665535394113445
v -0.011650121885039926 -0.44899613356216195 -0.014665240071459565
v 0.008936908010913442 -0.4186385423071284 -0.021670801239737927
v 0.00858474572035221 -0.4339148055476307 -0.027906719557995435
v -0.013109983299346525 -0.4414087223375683 0.028721619787312257
v -0.011884163342772674 -0.4618407463238994 -0.002829790975650964
v -0.019708219311991 -0.4331675304615487 0.0031309371439016604
v -0.014225676448896296 -0.43754632291850337 -0.0009711666119143794
v -0.007058236344536804 -0.42992926682276084 -0.010055476502037848
v -0.010742190701910816 -0.43146484393111384 -0.009716706769645906
v -0.001707873936735028 -0.4471024700840211 0.02382340360024442
v -0.004979212385469441 -0.45649367000756064 0.016140156941945965
v 0.01606221707520922 -0.19058704389581713 0.14370824396050202
v -0.004919957084211267 -0.18187149936058578 0.14046418381870482
v 0.0026216947294659594 -0.16758224675737002 0.1097907969929041
v 0.018299617348473192 -0.1576738104714135 0.1143901119823934
v 0.011074015968231543 -0.14065495591858398 0.06513225585468052
v 0.028054119158899753 -0.15152756347991303 0.07005839852877387
v 0.014527941255842608 -0.13907749558283142 0.04543588669091544
v 0.02716659468295084 -0.1544168168057108 0.04913729884663982
v 0.014602468701089605 -0.14155226007094046 0.026192523711172543
v 0.025638881123066563 -0.15700098801619763 0.02944715638958591
v 0.012144464921130197 -0.14620474650337198 0.007559906201970707
v 0.026435230064588117 -0.15856661541150757 0.009834162875938053
v 0.011124097664450657 -0.14823865505191106 -0.011503924164818196
v 0.028250792595059873 -0.15730111119808826 -0.009315382495127695
v 0.012084448151586736 -0.1488807326676429 -0.02994914074342093
v 0.02937530630499103 -0.15564593623413342 -0.027704645067393573
v 0.01506996950449308 -0.14953124950538532 -0.04846465856014768
v 0.03130913209253898 -0.1567906543804462 -0.04548159222449898
v 0.016029728977957246 -0.1571762069736238 -0.06762520407511917
v 0.03454024329111037 -0.15973498464122762 -0.06488905106222947
v 0.017751166675619545 -0.16345847320448806 -0.0887773831159952
v 0.03664688046128604 -0.15797469625110502 -0.0864303642494565
v 0.01994943312117273 -0.16315814034923312 -0.10962167514670079
v 0.03944412122349136 -0.156858411855031 -0.10676640472961346
v 0.023841875326463046 -0.15040084858033698 0.09513277866353054
v 0.004534587949036005 -0.1494789498433973 0.0867235672987536
v 0.03636021426443172 -0.40245472464891885 -0.0025699274562048222
v 0.019455679264942818 -0.4004941365573859 -0.007033562248018722
v 0.016158563844894367 -0.3814049520160769 0.0017587662266822632
v 0.030316446224348 -0.3874774220013886 0.008926299974618116
v 0.01286290804705653 -0.36199746229820634 0.011903093026002847
v 0.027815501812455495 -0.36863307930013967 0.018125218675673755
v 0.0019457724508806368 -0.2875955840402407 0.061075058624196335
v 0.01939783485942086 -0.29845690292682275 0.06280927916847123
v -0.007879192494944506 -0.22323014217553303 0.11300003361051675
v 0.012055861441550231 -0.23113058053044408 0.12055647739993244
v 0.005037719412800987 -0.21159724895253368 0.1494357707039762
v -0.013759199785199992 -0.20086692722751998 0.1408361010530201
v 0.031086789913589933 -0.42663179824614683 -0.020325891243957908
v 0.04555233126429212 -0.4216316356840803 -0.013044918711398732
v 0.04312440114626465 -0.4253618133663036 -0.01452849411107441
v 0.02884138740518073 -0.4290718300980998 -0.012028005846544083
v 0.02718505190302591 -0.41460947054323566 -0.019296618691123636
v 0.04443284554712389 -0.41504479369725383 -0.013816307367761215
v 0.03890443424948568 -0.4368217370979504 -0.030268123797467412
v 0.02491402963832563 -0.43258726800275416 -0.02742568318516471
v -0.0034828094011201656 -0.42690241788832056 -0.013583357237414256
v -0.004197549821136793 -0.42459021340382874 -0.01832130361152842
v -0.005902256893217288 -0.43542861757106555 -0.027735851332376004
v -0.029448595054716427 -0.2945886504494708 0.07846595695283615
v -0.008091568126565824 -0.4224085404773287 -0.018646642351482078
v -0.016907518727941377 -0.36536012454680583 0.018789960655740668
v -0.013339994433694186 -0.38619866381010937 0.006018843562730063
v -0.05109917254483374 -0.1917840905979143 0.14769984482426285
v -0.010669178953931057 -0.4046072264262932 -0.005854895433636376
v -0.046277210616074003 -0.22018642641242941 0.12099768580857992
v -0.004051002947940976 -0.17635645239302486 0.1316739122611887
v 0.01833783208793865 -0.17382590637906017 0.13189353391626418
v -0.04962351433711398 -0.13387873533725478 0.1355600663713217
v -0.01949719418211546 -0.16176313796565117 0.11540967852063223
v -0.00977945687822334 -0.14269903705260625 0.06546410453206723
v -0.04000322031132327 -0.12278472802210647 0.08040968291788657
v -0.0029078792943659153 -0.13328552285043294 0.048099716047728974
v -0.03347987958521261 -0.11784181357250428 0.057551957349916825
v 0.00216209960028053 -0.13013616137228207 0.02963932130806241
v -0.02850717793477749 -0.11401394552285413 0.037137240719979786
v 0.002517256609539504 -0.13240649360506052 0.010487554749243455
v -0.02427727699480247 -0.11032195000327283 0.017645568262779705
v -2.848864175488343e-05 -0.13615171547004404 -0.008166205144423637
v -0.023618372104871135 -0.10997350964638092 -0.002434313857161322
v -0.0007906181960485377 -0.1393816115843365 -0.026894348700288975
v -0.02528879522897359 -0.11463677554463801 -0.02247931566520475
v 0.0002034270432396403 -0.14257605140138677 -0.04584879906382068
v -0.025151747354681613 -0.12015454341526599 -0.04198059088260263
v -0.0004976962895868645 -0.1497452137395862 -0.06507926410501486
v -0.028337977977498038 -0.12927216425418725 -0.061119890574946635
v -0.0016838692290407902 -0.15842188568434842 -0.08530443973523463
v -0.03291549583785275 -0.1400128042941207 -0.08188573276190067
v -0.0009597144460925586 -0.16393563861390767 -0.10540053004609055
v -0.03552531304850818 -0.14931831505707685 -0.10109540462830457
v -0.0164252942643756 -0.15265751581741213 0.08841136305650471
v -0.046546126698832235 -0.12869158938114758 0.10776089045874876
v 0.0368095509197511 -0.16848441058010066 0.14753406222811014
v 0.05528648758666758 -0.15009584664314796 0.1538508246587941
v 0.03550601468387288 -0.16118718824640596 0.11809577080102132
v 0.05735639809927987 -0.15092335905469972 0.13133151244828337
v 0.06169022130628276 -0.14378097765802697 0.07715368341468402
v 0.04195454655719278 -0.16397350193609386 0.06334382469638326
v 0.06299877814465007 -0.14016049394646243 0.05485640275861686
v 0.04343843868989258 -0.16180939099229855 0.04252231867877688
v 0.06377717077101133 -0.13744451108643282 0.03395712657175133
v 0.04466995407969745 -0.1593589799565856 0.02245247671094547
v 0.06499358717843277 -0.13427667704341337 0.014172913575752595
v 0.046738661556325715 -0.1569299153941687 0.0032694920721585523
v 0.06692401848344925 -0.13089852154531897 -0.005071824968744317
v 0.04824576148061341 -0.15476467991387632 -0.015537337036526896
v 0.06974166966690928 -0.12878313039234388 -0.024312073965096038
v 0.04844199409719846 -0.15287726997971904 -0.03405735672744199
v 0.07155400606075492 -0.12908305142776172 -0.04314778198178105
v 0.04875003681431498 -0.15066950356520223 -0.052625099109898744
v 0.07621190581080005 -0.13421986642034045 -0.06133061534081502
v 0.04901965714680102 -0.14669215037671612 -0.07284824347867667
v 0.08092215701425087 -0.13983504476270137 -0.08134266793720504
v 0.053960004670248744 -0.1490777773356295 -0.09321753918884022
v 0.0828968081664036 -0.1445029589943528 -0.10111089417206956
v 0.05899515980103842 -0.1563904797452961 -0.11111702522946584
v 0.059794091976171006 -0.14798631601565282 0.10331981285214213
v 0.03889031588256334 -0.16465739512334604 0.08786448616848172
v -0.03721424371802464 -0.15698088491959156 0.1487188885927489
v -0.034596965356568296 -0.15110669429842588 0.12611140078932243
v -0.01643329657363074 -0.1590557998094169 -0.10225564722827873
v -0.015380338013180435 -0.15099556516478804 -0.08286933252451921
v -0.012754322823599753 -0.14193873262607778 -0.06272040378059472
v -0.011062996107515162 -0.13473693560696162 -0.04346396056729376
v -0.010528835061282382 -0.12985137840698055 -0.02438895823628483
v -0.00888201751066147 -0.12556283991966427 -0.00531386507252842
v -0.007679096221861961 -0.12286765144165111 0.013846637105621416
v -0.010614916149176592 -0.12385688796115636 0.03298568117034908
v -0.017670825333636307 -0.13019873776214425 0.05077412189316736
v -0.024841932332535538 -0.1368389696948977 0.07125292194542496
v -0.03147548566939129 -0.14420490977822842 0.09758016899965231
v 0.10590268754237131 -0.14478963145636584 -0.19803960476825438
v 0.1194157702665296 -0.11452926989334283 -0.19803398206044087
v 0.12211453376142223 -0.07785759421743305 -0.19550032359648795
v 0.11493702365093414 -0.03712198019005964 -0.19328698983327958
v -0.05463411226848403 -0.13488758305400622 -0.19151224212360093
v -0.07045689075547248 -0.10650215909299293 -0.19225447038714336
v -0.07314328117565916 -0.0728911389541465 -0.19285403193071168
v -0.058662727491392376 -0.036646311412282 -0.19250903998790495
v 0.05164603507571937 -0.18388602245982405 -0.19297980026204223
v 0.028070597897939198 -0.18353522877611153 -0.19230100932364894
v -0.00021976878026161204 -0.17693101030536512 -0.19257324649657892
v -0.03627220237934286 -0.15408490811168488 -0.19187153703356666
v 0.08584150518881416 -0.16428870930224157 -0.19729417384887873
v 0.06577413891655697 -0.17966203867772293 -0.19449642072907006
v -0.01852418051842429 -0.16988364199775266 -0.19257774175970924
v 0.08779997744559248 -0.1322243487648247 -0.15390384040197713
v 0.10012892198183886 -0.14106626171632916 -0.18456068898277103
v 0.09067764820322323 -0.1319937620582912 -0.15850145494104376
v 0.08975237159244547 -0.13686819258386154 -0.1637250749142185
v 0.11737692210965292 -0.1141129253062538 -0.1835546425186472
v 0.1130102766888226 -0.11283775489276711 -0.14994849349488187
v 0.11423148186146127 -0.11309128147411333 -0.15973108665877375
v 0.11357158048040876 -0.11296824758858592 -0.15425283183663435
v 0.11869234472581773 -0.07882526262840482 -0.18139380576998995
v 0.11739933184177083 -0.07952899677304359 -0.14826382703178725
v 0.11617671890046546 -0.07855404191660435 -0.15795882379444606
v 0.11687545434592031 -0.07902938646539096 -0.15260159638054
v 0.10730674798970147 -0.0395646798018545 -0.1463736880267332
v 0.11059358275625451 -0.038834929805859675 -0.17929523449675458
v 0.10669028575553065 -0.03689518847883747 -0.15113191133726386
v 0.10808466843662397 -0.042898083787532904 -0.15711554813124975
v -0.053717540425352865 -0.13433740810718375 -0.17705614148620893
v -0.05707238295416379 -0.1331221478359044 -0.1429046782325435
v -0.05288167584016441 -0.13525602139358522 -0.1530216529053868
v -0.05415753180833837 -0.13561126505748447 -0.14739422697929572
v -0.06998736984265128 -0.10465075633984394 -0.1448355309467639
v -0.06832056620596463 -0.1067017373100377 -0.1780283577809283
v -0.06707818064608999 -0.10954778132959521 -0.14969015880197525
v -0.06736969521294867 -0.10468674427697294 -0.15580112066720586
v -0.06861941547759613 -0.06840618572971753 -0.14551123266693658
v -0.0711414759261046 -0.07285530773460118 -0.1788120986515282
v -0.07023640663108453 -0.07536992337896826 -0.15074903019211733
v -0.06905850793134388 -0.0706260393388681 -0.15663330957950403
v -0.05730739543333298 -0.036666712557074384 -0.17842602514555211
v -0.054477005205573074 -0.033189321521720175 -0.1459733570613615
v -0.056153414007744845 -0.037443304425592065 -0.15482723530953382
v -0.055526446491278116 -0.03637215388404144 -0.14949142785197883
v 0.05085298440220546 -0.18013471494279115 -0.17844594777519684
v 0.05199642650334848 -0.17783462387754706 -0.14674534407889858
v 0.05224414379167077 -0.17626985789969699 -0.15519246308318968
v 0.05089431335493131 -0.17714478555732813 -0.1509890857878274
v 0.02655410798424745 -0.17563475036842377 -0.1471413477590389
v 0.02758493575610503 -0.17859111707906555 -0.1781941478714071
v 0.0285564141004792 -0.17482778986543357 -0.1516359083534057
v 0.026560036547183405 -0.17378825433365802 -0.1561024375600489
v -0.0004337808415842528 -0.1737703328719862 -0.1780992231701894
v -0.0031106477812289698 -0.16980925730184238 -0.14512012033255284
v 0.001126895685649148 -0.16898674465501518 -0.1546925479115235
v 0.00022969348432548708 -0.16955952188552956 -0.1494799318890067
v -0.036259941590830326 -0.15431978895531331 -0.17737674492501804
v -0.03946042960934854 -0.15369348274222272 -0.14240587308995784
v -0.03615157739091678 -0.15524980427941196 -0.15310587511431803
v -0.03693964900031833 -0.15533677963035045 -0.14734391648495732
v 0.08195701443081148 -0.1612576229859298 -0.18331490173598122
v 0.08224994805973329 -0.16021794474215698 -0.1488211362368701
v 0.08194714450569512 -0.15869211511536097 -0.15947298634329402
v 0.08234856570259556 -0.15876996481835104 -0.15403460101151584
v 0.06565336412041216 -0.17594315490621565 -0.14759396141995137
v 0.06502972927773475 -0.17777211042149738 -0.17940646330700966
v 0.06694564216249098 -0.17452721377177474 -0.15137263270045168
v 0.06540281152696438 -0.17472096111505206 -0.15677023762487252
v -0.01866441976323561 -0.16529040751683144 -0.1438782759457134
v -0.01842686735072264 -0.16879512480781309 -0.17803116298927837
v -0.016359082791223698 -0.1653709384694242 -0.14949554321958955
v -0.01829045407746513 -0.1657695967724544 -0.15533736954507385
v 0.08437866865327043 -0.12550061618900202 -0.1261869432366682
v 0.08536637094721766 -0.12999899272169566 -0.14286882598621667
v 0.11023244133032029 -0.11119806540404788 -0.13943437966511668
v 0.10637948462748957 -0.10570768008459448 -0.12361963325508069
v 0.11645375650344496 -0.0788957983316856 -0.13762024173791007
v 0.11335187156227422 -0.07560836454322235 -0.12202490546015456
v 0.10573781705313 -0.039282124755558624 -0.12074198330115886
v 0.10687851944375483 -0.040459545729557005 -0.1360711223340174
v -0.048372541053794356 -0.14199472712282207 -0.13161953073538693
v -0.048701922122538696 -0.12950748579752575 -0.11927899280931512
v -0.06701209946401568 -0.1050000846906166 -0.11856612820210635
v -0.06543993430414939 -0.11753606665722928 -0.13289125057213208
v -0.0681271126631861 -0.0692220932569135 -0.11894229910843558
v -0.07309789260726128 -0.08473744183823692 -0.1342445572352449
v -0.05544944000005324 -0.03399509606418454 -0.12028870290361748
v -0.055932455504940075 -0.04229888055816117 -0.13533517239714174
v 0.0520440494058354 -0.17029742898966985 -0.13917045343340662
v 0.04360347199503405 -0.1634835368162622 -0.12578768734691312
v 0.019311694626156478 -0.1650379740367798 -0.1262355741441613
v 0.0326991150960413 -0.17042088673328126 -0.14037350583528743
v -0.03345585455976989 -0.159328738136362 -0.1312771500390089
v -0.039107843552063884 -0.15212564754495228 -0.11704930699613705
v 0.006209349849748055 -0.16873566920614122 -0.13687340217763194
v -0.0028890752286018354 -0.16243592279162303 -0.12215953505799843
v 0.060700958092138636 -0.1646225480361315 -0.12655941532596426
v 0.06608378123015039 -0.17362507333347837 -0.13773080944879784
v 0.08289331752908718 -0.15342007416114734 -0.1379915367812116
v 0.08212086008733252 -0.15247014181804933 -0.12107068892728297
v -0.018050570889259095 -0.16049653156167412 -0.11908048007015634
v -0.013179623538089734 -0.16645511159734036 -0.13364770811685142
v 0.1013408016966207 -0.14005144350631316 -0.19787180576147007
v 0.11403803759684601 -0.11179073351550037 -0.19696032662099175
v 0.11495219188718492 -0.07717608806994605 -0.20017803325389807
v 0.11131175729733951 -0.037705924985001596 -0.20189100355998985
v -0.05409300437279422 -0.13311681531515282 -0.2027414892225883
v -0.06665543186343892 -0.10473963036777172 -0.202770300923095
v -0.06846065097632033 -0.07202782231150662 -0.20290996369494899
v -0.05809426868628757 -0.0348599095603165 -0.20301122692909218
v 0.04964639655884299 -0.18018642944061453 -0.19342535102072944
v 0.027876204908245057 -0.17617153154597812 -0.1965253732126381
v -8.453943033256953e-05 -0.17056873750717622 -0.1963129440360385
v -0.03560454734782321 -0.1522435633797385 -0.20270084593955315
v 0.08265378164158296 -0.16031630738500408 -0.19735595184543334
v 0.062209092061474305 -0.17476432027692673 -0.1945032741253332
v -0.016278797955759948 -0.16345850994105499 -0.2001388466720857
v 0.0891690921467635 -0.13486804700144836 -0.17764957292044964
v 0.09221390886361429 -0.10609025511353276 -0.18982238449159938
v 0.09164657587178582 -0.07571618041533394 -0.20187057354080135
v 0.09060923376461531 -0.03695110650112294 -0.21287060090337578
v -0.04650682574818316 -0.12633870810832942 -0.22320818128288517
v -0.060246262628121376 -0.10476392579912247 -0.22470360031490327
v -0.06119604625342879 -0.07291203406000395 -0.22430566471626173
v -0.057067255444681574 -0.03432434673470935 -0.2262276528388711
v 0.04287903407586533 -0.16697924190641092 -0.17363076172564237
v 0.025672910746886362 -0.15841127179253614 -0.1812133831836629
v 0.001652578735146588 -0.14680604790366372 -0.19117267726252263
v -0.025339192880886048 -0.1343630048339078 -0.21116180386999628
v 0.07870265168806101 -0.1578395452011129 -0.1724452265958223
v 0.05599517403453193 -0.16543421199649025 -0.17225250011478854
v -0.00988769272206312 -0.14148803178905964 -0.2003475635551027
v 0.051475115633200896 -0.183698146435242 -0.19855413711906233
v 0.05194469788255564 -0.18458689091098396 -0.19695674305704275
v 0.06637283912909524 -0.17923441809101115 -0.19883794747419198
v 0.06362810834249555 -0.1781712690711761 -0.19910362454929356
v -0.03698130533663041 -0.15439019026745956 -0.19723501116461145
v -0.037093837544930244 -0.1548206242029534 -0.19551222333931453
v -0.01789084915351874 -0.1702699477821191 -0.19660987185106302
v -0.01932101952154275 -0.16796087963174391 -0.19835435815361704
v 0.10517523514948454 -0.1435395329287534 -0.20224401214054064
v 0.10658474114163775 -0.1449932016763816 -0.20179510572291473
v 0.12005895375309081 -0.11221516748551262 -0.2018578195169327
v 0.11674379803431652 -0.11589485267819333 -0.2018128364102619
v 0.027570197233516978 -0.18252927889385767 -0.19712966351486533
v 0.027961958811999185 -0.18425935836252316 -0.19622174534969583
v 0.1225634511538646 -0.07552294145950557 -0.19935190733696692
v 0.12091199425273558 -0.08107290987709632 -0.20028508842135626
v 0.000916638232649913 -0.17807432972579543 -0.1966051798840307
v -0.003047020060549427 -0.17536177900216962 -0.19843782017128286
v 0.11665602534823859 -0.03469279116659911 -0.1968340950166485
v 0.11645671235629966 -0.04112949158848149 -0.19856874633002689
v -0.05606539332695328 -0.13243939693008558 -0.1965519159316318
v -0.05410413925420933 -0.13707706511185364 -0.19500284911308396
v -0.0613100301444353 -0.037632049631306355 -0.19588029474289598
v -0.05881827172476816 -0.03190554358820737 -0.19783792150607726
v -0.06981884593310538 -0.1057128971537712 -0.19771459102421793
v -0.07072206154952988 -0.10654520379260222 -0.19613514901481435
v 0.08859276308548436 -0.16451400506384486 -0.2009699823644713
v 0.08440137738551237 -0.16506051284906806 -0.20104060014472813
v -0.07190171670419471 -0.07170397680360571 -0.19799717713393503
v -0.07315821084628993 -0.07233602873511867 -0.19660441200449913
v 0.007830260604788484 -0.4844822756151767 -0.020346403531078357
v 0.020239247043495927 -0.4844120401873406 -0.01989627478540624
v 0.03306567382383397 -0.4789676896188379 -0.023266214998412024
v -0.014515042556118851 -0.47411970849662455 -0.0275658628880406
v -0.010616320427847638 -0.4800782306083852 -0.02417406632407711
v 0.03795110738854319 -0.4698728036751696 -0.02868400599501035
v -0.015331363429213356 -0.467644809559499 -0.03169616418083962
v 0.03372319168898167 -0.45296175853100407 -0.05034272162317469
v 0.022340800180553944 -0.44669916494339373 -0.0496405103678821
v 0.04345644451011953 -0.4648624471172507 -0.03462236325019041
v -0.008988350914966796 -0.46294137377967337 -0.03599366712004911
v 0.041632395446080925 -0.4576913980140122 -0.04238974648719206
v -0.011442156222258016 -0.4558783295996552 -0.042115185688687794
v -0.002105555848641113 -0.4819898429217391 -0.020479951808155285
v -0.005511026192916138 -0.4484009980327722 -0.048631569647018286
v 0.00747177614653697 -0.4458992753940547 -0.04993357442452978
v -0.005599672517687271 -0.35854671831585183 0.12086261455847172
v 0.0004447168486802882 -0.3820798110300022 0.10140838780028255
v 0.011236762383650583 -0.3638104016565135 0.1197419873960892
v 0.014211281117276181 -0.38597008914458075 0.09938739760040707
v 0.03871440010000831 -0.3733485719945416 0.08471237399453514
v 0.03632865619155187 -0.35304862007358256 0.10471344793438211
v 0.038290820104141435 -0.34396619010130636 0.09208937282457129
v 0.04192248114111961 -0.36443170012949916 0.07256037380205603
v 0.03984780202145349 -0.3568619115355433 0.059389206507796534
v 0.03433212401902843 -0.33586046036241396 0.07824839511765405
v 0.03311288043696807 -0.35054718565497683 0.04582919474669691
v 0.027869783648973103 -0.3281218347202406 0.06318975628348308
v 0.02653967833631527 -0.3607968298221414 0.11477971178697466
v 0.029228268811035067 -0.38190040120732743 0.09464287600440979
v -0.01900773795371868 -0.35293289296922176 0.11470440286475149
v -0.01057097088555674 -0.3782285601359852 0.09405166787916887
v -0.038124039432517964 -0.33835765227669745 0.09803727123642104
v -0.035394100018395526 -0.36510085804195563 0.07995383149336438
v -0.031016747634359035 -0.35422422861472486 0.06711293227963308
v -0.03595371037299323 -0.3282793112274296 0.08185623730514721
v -0.03088382047092674 -0.32139515394368934 0.06661853243271033
v -0.02538166040488122 -0.3467480044676429 0.053416961155713226
v -0.00967115996488765 -0.311755645527261 0.04259958441655888
v -0.01153449766659066 -0.337697336102111 0.02599002311800826
v -0.021438381511261973 -0.37020727496610845 0.08709420546752748
v -0.033541555184781885 -0.34915269296330625 0.11084464056007642
v 0.005605667733009011 -0.33857772161689326 0.023694281963849713
v 0.009056140303676454 -0.3135838309603855 0.041004730297881424
v 0.022041353827484286 -0.3236649571240905 0.04801735248265793
v 0.022788055745405964 -0.3457264475564079 0.030996042490040846
v -0.019338359090299365 -0.3418806757715769 0.0397657129715748
v -0.022946150111724326 -0.3158497040604811 0.05305928189365447
v -0.010476121484021682 -0.2929941579516297 0.18755519713409774
v -0.00820686705419743 -0.3155067963974922 0.1638446647710147
v 0.007461359610509959 -0.29946136962520814 0.18464088337212758
v 0.005884209841053341 -0.3203918054732032 0.16023004708238892
v 0.030407114320318503 -0.3082836693684851 0.14390065340921945
v 0.029775418940259427 -0.28591317080358974 0.16736466809803682
v 0.036631031955997324 -0.27475564276097125 0.15473310298955154
v 0.03244924798861415 -0.2971642446912693 0.1303739876477849
v 0.0348739639092968 -0.2875084962584328 0.11546843965743102
v 0.04035786275713002 -0.263257103984655 0.13837253924632573
v 0.034940841790688154 -0.27835874604304606 0.0980875583393066
v 0.03230328636145283 -0.2536775360149676 0.11880107682387843
v 0.023739603243786128 -0.297066911595274 0.1797513019923831
v 0.02254312792263175 -0.3185768709203899 0.1557088536694747
v -0.025978200576706228 -0.2878808303006474 0.1824598501457193
v -0.02060998713397184 -0.3132497690407631 0.16030585855336385
v -0.045345573339760636 -0.2713654426851219 0.16096938740815747
v -0.04293463635310352 -0.2994658954729446 0.1472830226605258
v -0.04763740473276978 -0.2894457797366197 0.13038923176919764
v -0.05097186108647705 -0.26136295072417093 0.14096491807188313
v -0.05021907396376277 -0.25307195752977607 0.11825606320025837
v -0.05036075433313975 -0.28081094450262534 0.11026829715322152
v -0.02111314243052399 -0.25001663194426416 0.09556569772656501
v -0.02302637915782692 -0.27484010170982986 0.08443659358229777
v -0.03213396171892985 -0.30690111719269275 0.1562827734718119
v -0.03639490431975128 -0.2799851663242485 0.1747368954559389
v -0.005269318955151021 -0.2701221413418223 0.08242585729947859
v -0.0014315691373204048 -0.2514502045136734 0.09853692663447647
v 0.017663602720254044 -0.254733051588371 0.10402324883214699
v 0.016831411284504143 -0.27177554248000374 0.0851937421840885
v -0.03698963392821859 -0.27711555887187606 0.09593968801826895
v -0.03861033799841279 -0.24941940919536873 0.10111254392717281
v 0.007343974926355866 -0.4931343110486281 -0.03125570721896812
v 0.016992227405708413 -0.49226281944327555 -0.03275727181991735
v 0.025680495567866495 -0.48612231346818663 -0.03881256188802623
v -0.006818439765939685 -0.48297076972347774 -0.04131029834874313
v -0.003415072231627536 -0.48704217941934397 -0.037054566822140506
v 0.033194185053364494 -0.4819044054765599 -0.04308089913983571
v -0.009846737847931927 -0.47901893431040493 -0.04516630334622739
v 0.02660032360714941 -0.4634487825782357 -0.05911787344176656
v 0.016258176297578423 -0.45763844782359964 -0.06307490281223058
v 0.03598438250363435 -0.47636468747492755 -0.04876536622595519
v -0.00916770101580068 -0.47392163623673306 -0.04927006575803194
v 0.03395944279568333 -0.4695906957836013 -0.054561099523230176
v -0.00873778810802694 -0.46805410185401547 -0.05431125801662388
v -0.0006792459749284508 -0.49149579984056735 -0.03192714989484788
v -0.003767962322818271 -0.4615970395511365 -0.05978565891067065
v 0.004697717765375268 -0.4572401837106095 -0.06326621400971741
v 0.010484695778286923 -0.46807930333960557 -0.009489135028502344
v 0.01712255752871215 -0.4663925152366652 -0.01194626937752358
v 0.024547327530716995 -0.46119225608708525 -0.017708360720925964
v -0.0031791750119616233 -0.4601258559500846 -0.016507278747961016
v -0.0002368804024516781 -0.46349552319576715 -0.013118771184890268
v 0.03313646063335236 -0.45997807189402834 -0.019407189312415196
v -0.0053058603147366915 -0.457073651731972 -0.019850450776740015
v 0.026736731479733888 -0.44601831203009557 -0.03277866991816809
v 0.017675313134446747 -0.4412895706525832 -0.03559766190149881
v 0.035221033531798555 -0.4558089161667319 -0.024018376899358845
v -0.006436017010090648 -0.45285171551692033 -0.02328152612859566
v 0.03245003945809111 -0.4509147390825229 -0.028980078002442154
v -0.003492935455055256 -0.4486350688068901 -0.028094373273588963
v 0.004606363754307324 -0.46588520547534484 -0.011104907557699478
v 0.000631487590465359 -0.4429510304983329 -0.03328485099079273
v 0.007877644072339018 -0.4398988615724259 -0.03598009254946209
v -0.013599694903821206 -0.4739707285146476 -0.03888361399041874
v -0.01351797200754234 -0.47945969958219536 -0.03433157226477034
v -0.002127042833122465 -0.48616246973738775 -0.02778351589008213
v 0.007699894532649281 -0.4893791936633669 -0.025128279719103946
v 0.029078996863223152 -0.4838801764783107 -0.03175369962099157
v 0.034983226217059384 -0.4749421974856356 -0.036911607934061154
v -0.01134541865934414 -0.4619545009301002 -0.04849051567705974
v -0.010659590026643039 -0.4681608262807418 -0.041486029849739245
v -0.009697309041568503 -0.4850987544248114 -0.030949814234649514
v 0.03624451259854568 -0.46480180384221936 -0.0488889638619277
v 0.035645991758985154 -0.4632810191499467 -0.0478653304864091
v 0.029921529364977103 -0.4560077176503463 -0.055192532056992955
v 0.01776031745343287 -0.4873982812130295 -0.026309387389115788
v 0.03877356729432156 -0.47107353180101047 -0.043443684444128015
v 0.04038670703023079 -0.47038004948986856 -0.041875983555643245
v 0.0038196504562874 -0.45133194451152053 -0.05734862424718795
v -0.007313278670917673 -0.4542573872891629 -0.053704691279064076
v 0.016740067518611092 -0.4521847521949315 -0.05725110717833319
v 0.04000224230428947 0.46120912768287964 -0.03421692446839723
v -0.007427848789524356 0.4636913840276034 -0.033565195578638456
v 0.08831872334757872 0.00016524371479598502 0.1252074406458856
v 0.0363166116808207 0.45521166678464076 -0.03999251086264321
v -0.008736986969346347 0.4582520820129056 -0.03885200107037532
v 0.005384928431281771 0.47953264527644734 -0.017052465935355202
v -0.003685493260653739 0.4524236462340028 -0.04458938796320015
v 0.004903803335707498 0.4482328434180141 -0.048014622777906434
v 0.016284598803503057 0.45535982502300704 0.004356902021755748
v 0.023530875946199684 0.45544341074450084 0.0042692886197405085
v 0.027233407180218022 0.44829742277648815 -0.0029768462577012254
v 0.0023056297967542585 0.4477435034411925 -0.002643070689114067
v 0.005564408101526478 0.45084266596352207 0.0007282189772096695
v 0.03540880823427403 0.4456417818257343 -0.004677868710517999
v -0.00034537909145037563 0.4449971150528927 -0.005892696858407895
v 0.025483323060827952 0.4328402377815243 -0.0184277663499061
v 0.01606276474465796 0.4291207146583343 -0.021566443509430332
v 0.03557671185747585 0.4411028232133973 -0.009577425028840288
v -0.002776762260040422 0.44112199126121937 -0.009157306523347324
v 0.03176843999951925 0.43688635574505136 -0.014500115218709435
v -0.0033588211546436257 0.436502247968072 -0.014456425779993374
v 0.010623327129997256 0.4529156295042206 0.0025009047033312058
v -0.0014579739793388962 0.43056324726317957 -0.020323732710482843
v 0.006176054990829627 0.4281906821115574 -0.02247543116099667
v -0.010198540949172257 0.4640213899471496 -0.022672584827968776
v -0.009109475940650728 0.4697853982495632 -0.018515786421062354
v 0.003870894687325984 0.47425769748438273 -0.012889601174531055
v 0.014156280627083073 0.4767092078726708 -0.011620285034923279
v 0.034203872456865646 0.46929239203394973 -0.01687948723657798
v 0.041411415767381686 0.4608951270764544 -0.022182666192649716
v -0.010318796040272825 0.45201244324717976 -0.03294163541053966
v 0.09845375554220523 0.0026887752851189914 -0.09782220892741328
v 0.09702156382249962 0.0025041944081774896 -0.07845891044895514
v 0.08603643903048164 -0.00048369833970231084 0.16785604926514697
v 0.08466034105741267 -0.0008637524619537636 0.19144914835539054
v 0.08281746667368685 -0.0012890046961557202 0.21736368542303644
v 0.07999795946643562 -0.0017275383977149482 0.24361139731643636
v 0.08719986138328165 -0.00015370290718846213 0.1465863414482357
v 0.09433134097107898 0.0019439757309233994 -0.018843087884236637
v -0.059950516314882456 -0.0006254675002156121 -0.05262584861036737
v -0.06683255743036816 -0.0014123519622808174 0.1639709258463045
v -0.06797181795988938 -0.001529134391839862 0.17951253157734492
v -0.06963934875834102 -0.0016841320942997582 0.19932761300464225
v -0.07194312763687442 -0.0018991800579300968 0.22620696238465432
v 0.07041739466601671 -0.0024384089198416768 0.2865974015665162
v 0.0762442038839879 -0.0021052092936934765 0.2669448396783847
v 0.09040919050594627 0.0007903971546598147 0.08034900654242051
v -0.05923533429550124 -0.0005629396977480718 -0.0680853184708012
v 0.09330824980073175 0.0017157715754775702 0.001355067195772286
v 0.092365036409412 0.0014810608814206788 0.021536694375654798
v 0.09169391399181225 0.0012578589695839883 0.04115945374410241
v 0.0951443501242776 0.002144742598843133 -0.038660442359915705
v 0.09590062274799721 0.0023232715945354344 -0.058472122600484566
v 0.08943736059678628 0.0004929639750671784 0.10232946562888427
v 0.09113170293798777 0.0010373760789359901 0.06033860316662055
v -0.011888674849075373 0.45782546363124715 -0.026347557561698254
v -0.003997575094107894 0.4744623009969293 -0.015356673098540014
v 0.03910139959953086 0.44947515720898673 -0.03559389938009611
v 0.03939805460755243 0.44754895557403307 -0.03562024758909108
v 0.028415804060958175 0.44404412766962176 -0.0382948779251937
v 0.024803185851771166 0.476775533974401 -0.011444437664579907
v 0.041550187868193963 0.45540280058108995 -0.028912035113697443
v 0.043253402775172985 0.4545449690066489 -0.027540083535840452
v 0.0032064515828487943 0.4415262172915013 -0.04324994058697903
v -0.007779530288181989 0.44467925842098177 -0.03950478018032138
v 0.016156661640143736 0.44115411967146834 -0.042668031509539274
v -0.004569775534771406 0.19634172618562934 0.3035359415757493
v 0.020414509625670405 0.21662620150566642 0.2657330182706043
v 0.025065456933995627 0.20351081710322816 0.24631712602622202
v 0.029655545948729135 0.19660268299166403 0.22792938159749918
v 0.034576631710741344 0.1897546933964738 0.2115008109547456
v 0.054992599808637285 0.04467309341959615 0.31445806966649265
v 0.03268028282939967 0.0697862690902669 0.3322581056220942
v 0.004196053933107645 0.10684339330180467 0.3334554263015294
v 0.0004956103767283947 0.15299659886738126 0.32428990686964354
v 0.04324061638806452 0.17351156225946307 0.2694907755996684
v 0.04668880033109451 0.13673409553720908 0.2763076633401561
v 0.048546207316510166 0.10510549644234815 0.2764217488599664
v 0.06509252013941855 0.07867288860562657 0.27236100284222914
v 0.07544648198437913 0.047559331804665275 0.26658864214270356
v 0.04211507967954493 0.1705378485123929 0.24416790687549023
v 0.043095544354488445 0.13818153256900698 0.2474859446645189
v 0.05500318782204489 0.10952215930933298 0.2457224060769735
v 0.06536683373526524 0.07761950581497999 0.24204243114665466
v 0.08310685106611226 0.05024714471914345 0.24039883941223503
v 0.04065654628799555 0.16673490349771053 0.22264609811839361
v 0.0455738916120757 0.13888849131519757 0.22206336840898025
v 0.05621808793443012 0.1083760087786891 0.21774666765382808
v 0.06982034738478124 0.07753087150711517 0.21413293343929837
v 0.08788423460875067 0.0520180714908385 0.2130997042881117
v 0.04116333094126757 0.16207318803033471 0.20212900813771106
v 0.04858982192495927 0.13719972165832903 0.19835946320670375
v 0.0551968627604174 0.10513203664974068 0.19155420036345594
v 0.07638506585386255 0.0815011007928045 0.18862388601909344
v 0.09102183078519807 0.05356029780234233 0.18700650004999986
v 0.05640320744725591 0.09983620559323993 0.14810579584370276
v 0.08539683083924533 0.08632801492479318 0.14723101138974434
v 0.09447874794946647 0.05476710528695009 0.1439270272599102
v 0.059360452512962465 0.09886706519520952 0.12579739377635196
v 0.08976030893208012 0.08691247887293053 0.1258374191214424
v 0.09527272213628843 0.05405460495423448 0.12210164287177329
v 0.07204020024452493 0.09986283086266165 0.0772671974286831
v 0.09660710956054223 0.0821821064879729 0.0781959469428352
v 0.09568188544492054 0.050752783339501964 0.07619715434813593
v 0.07809572028788664 0.10109591283903516 0.05577872378772696
v 0.0970888051543721 0.08070807191203098 0.056718967677064545
v 0.09590405601517009 0.051934237929526464 0.05576392968480131
v 0.0826180567623027 0.10249096035724684 0.03552208049822432
v 0.09667906840720115 0.08111725271883426 0.03630740724291191
v 0.09611918390405028 0.05337878520244237 0.03591838443175947
v 0.08791797166388196 0.10296267638084632 0.016055444742442856
v 0.09720551941949496 0.07988481771755222 0.016003184322377913
v 0.09634990276073546 0.05235427642795214 0.015788002370316693
v 0.09277813671135536 0.10063438024620294 -0.004399553651067308
v 0.09800451623846429 0.07611152982389492 -0.004811396984432685
v 0.09706382049811516 0.04983246660378595 -0.004654125154938279
v 0.09402481593693328 0.09726693460717081 -0.025211092140876263
v 0.1000448036172621 0.0734268237951006 -0.02516173800372268
v 0.0982415488353955 0.04796369509175392 -0.0248832520735475
v 0.09613698635067275 0.09928355089278834 -0.044058418904024406
v 0.10318064769822367 0.07512744456071709 -0.04436435802671355
v 0.0997072765256719 0.048881627864830815 -0.044678642042427705
v 0.09860265273317206 0.10516089055197048 -0.06293992921407968
v 0.10636287203110575 0.07957425423010928 -0.06358384423595986
v 0.10138858263043257 0.05199874502692019 -0.06447075134150364
v 0.10084265901174426 0.11107204022998782 -0.082999605197489
v 0.10934500955783104 0.0850022817247156 -0.08358713736322605
v 0.10332453969963207 0.0561247414360417 -0.08448871662638371
v 0.10297958374785134 0.11734030371753741 -0.10263507021731902
v 0.11244691233153165 0.0909482332679595 -0.10303922423892357
v 0.10533188351069028 0.060407929107036705 -0.10339453847369919
v 0.10028328138342432 0.04145892754600641 -0.09417134980877451
v 0.1088723587900956 0.07342695340474352 -0.09407721313840214
v 0.1093635301834193 0.10208575531802935 -0.09278543425599532
v 0.09103107956680506 0.12284244748487275 -0.09402701484062133
v 0.09854816704238424 0.03834439572505496 -0.0745728768946834
v 0.10631978189421563 0.06823326281888782 -0.0741905278040936
v 0.10620637621845741 0.0958530317344345 -0.0728045886513978
v 0.08985079833506944 0.11792647491043294 -0.07353699641634898
v 0.0972089409589179 0.03559914871124522 -0.05459009599943204
v 0.10388672361999704 0.0638950652418718 -0.054320823517238916
v 0.10279764850638 0.0900328848434305 -0.05344480796385983
v 0.08980347629510113 0.11318413529573672 -0.05324222654862097
v 0.09621000785435577 0.033839441321379414 -0.034800616013299625
v 0.10133888712133898 0.061252675525767825 -0.03486252802941521
v 0.09921783385521431 0.08560641594222422 -0.03489731917480294
v 0.08928319967042683 0.10963284388099212 -0.03447950627110173
v 0.09526154334663912 0.03431088258278856 -0.014818163895151606
v 0.09921278074919081 0.061935649167534 -0.014960893204020878
v 0.0967443889078044 0.08631465868625722 -0.015199553863582264
v 0.08802848777289524 0.11047287824078576 -0.014446642242886297
v 0.0941364754370611 0.0362010539864612 0.005462476153635116
v 0.09797522429465992 0.06505133747382441 0.0055444958161543455
v 0.09544193122289286 0.09068082121722781 0.0058538709352842395
v 0.08236950592407732 0.11184959813353644 0.0056511656853434076
v 0.09242762997494401 0.037793857286060155 0.02566481510283237
v 0.09789828441500953 0.06755520764566869 0.026034279918435866
v 0.09256607315723409 0.09284233040249401 0.026299801120850005
v 0.07574620782726972 0.11187795363952667 0.02487298461032112
v 0.09014030138451296 0.037898017037731505 0.04520387100042238
v 0.09843747561228765 0.06730453642985051 0.046211413440721064
v 0.09057773101073202 0.09271306725601662 0.04633915471544055
v 0.07052195021052092 0.1112120259835237 0.044594172187946084
v 0.08752077681621098 0.03685566850009909 0.06465951706698557
v 0.09935768340289512 0.06621422098898092 0.06666364195511121
v 0.08822909027133541 0.0931601259122505 0.06736594877722374
v 0.06487447760911563 0.11057131783101554 0.06565393157189692
v 0.0855146886353002 0.03681299721615599 0.08529578989825926
v 0.09970978563026715 0.0677130074627109 0.08843562911981022
v 0.08322692840117925 0.09393434076311344 0.08974739205161981
v 0.05954385280734656 0.11178333020366038 0.08831362585999471
v 0.08353538873486731 0.039100872826591505 0.13099284195061275
v 0.09761679469068553 0.0726640226458999 0.13557838022529745
v 0.07095053881786999 0.08923812682953143 0.13676619971428253
v 0.05325969993374004 0.11512112032085874 0.1394844790895767
v 0.08253925972150611 0.039210295099277113 0.1520033590030382
v 0.09557119504671077 0.07308221897403205 0.1559780740490361
v 0.06662561904969933 0.08801775554151066 0.15633804533778808
v 0.05264193457336708 0.11744566535248037 0.16098268953683287
v 0.07994477476924916 0.03698591735975903 0.19761134254111656
v 0.0887371492802368 0.07085912090495385 0.20152774271673524
v 0.05949769177569625 0.08985662869469908 0.20205595240794832
v 0.05222381070424564 0.12330405920444018 0.20743011065367875
v 0.04331583332413269 0.15157425201144917 0.2120016893394836
v 0.07862968160691329 0.03472973734823761 0.2241913752259258
v 0.08283744050126181 0.0689171944434579 0.2285198235669642
v 0.05943511195188623 0.09280821216114464 0.22944925900627025
v 0.0492852832696506 0.12437563942521357 0.23323632762719235
v 0.040446224947486266 0.1539890842214694 0.23435426199807402
v 0.07672513173639005 0.032200906709745354 0.25083226373356826
v 0.07632542571423927 0.06588676090822677 0.2561332016730938
v 0.06052953673897874 0.09424248730268582 0.2588516697357436
v 0.04531381509120009 0.12044401198389555 0.26151970712543104
v 0.03821302818279413 0.15378009779563195 0.2597942034630751
v 0.07384938079031178 0.030153165926706423 0.2751536092547777
v 0.06706283383973034 0.06219206739137202 0.28399716529581037
v 0.05387647627003353 0.09102173909004457 0.29204750392793677
v 0.049346392625013044 0.11825554347320051 0.2930092684517905
v 0.036640568362834164 0.15732712336736374 0.2883122152563117
v 0.03535112893445012 0.1825967495983812 0.1918036166750558
v 0.08137025185429968 0.03856234331463685 0.17331407908661167
v 0.09284751321432148 0.07240084884271372 0.17679586154531116
v 0.06251913737993543 0.08810799392675 0.17693256007809752
v 0.05235622664065117 0.12040980501559718 0.18285260942271475
v 0.04589272249994547 0.14959577334615384 0.18917171215161047
v 0.05101116340379162 0.13494109940115315 0.1750589367594652
v 0.055090507933586975 0.10212307985061601 0.16822089021535916
v 0.08138780433535305 0.0846487330146329 0.16642999448068033
v 0.09315516780382208 0.054587556525756926 0.16433041027324655
v 0.04362660523775794 0.16067024618616138 0.17812001623428597
v -0.00037158692376264437 0.22265785991079642 0.2803959494506912
v 0.06498530457670225 0.029519100473986974 0.2966888113142176
v 0.053965892471606734 0.0599081850403015 0.3122487639823926
v 0.035745419914200535 0.08608704443376088 0.32699786518802426
v 0.029439840511746924 0.12106581126766859 0.32768873812485394
v 0.021724319122142795 0.17067747978942271 0.3153021561781449
v 0.04296159343788484 0.13845414926730834 0.3081577306342076
v 0.04448558053679454 0.10311534851729126 0.31260509437406114
v 0.05500082127043109 0.07538404006546158 0.3049562284047317
v 0.06560821225542106 0.04549264745669198 0.29148928605169466
v 0.03271802287790191 0.1856872300088091 0.29601815305260337
v 0.08444170337389874 0.03814752126130726 0.1081035525534045
v 0.09907779147639316 0.07083806463417805 0.11221674732553022
v 0.07698722120170888 0.09318167301778245 0.11389611222333221
v 0.055424807983898004 0.11366654334129718 0.11396724027896044
v 0.0651462579052995 0.09917216457342506 0.1005989741263627
v 0.09388411800837196 0.08518702716700878 0.10146606633219181
v 0.09556199656351502 0.05211805690792893 0.09842015117388858
v 0.023586864471253882 0.4494009473636538 0.03199710263013605
v 0.00753111534140944 0.2314994156816919 0.2556292988366865
v 0.04853302449061858 0.42766821897932916 0.02888152107224932
v 0.029865865126746365 0.20467686601372934 0.21157990995635834
v 0.006595231656359678 0.4422081829298602 0.03633432674912599
v 0.02102263216069074 0.18777026397401023 0.17198593266739226
v 0.02161522227548751 0.22283070002954683 0.2415681335363657
v -0.011980286401870328 0.22733627006177215 0.2694366475796473
v -0.01692715176485537 0.25243984522959784 0.2375549881423625
v 0.004209986834881852 0.39815622455719984 0.07854872966880978
v 0.0015395155338848983 0.41430669446152496 0.07116582641357955
v 0.05296030195123309 0.4198480466228686 0.013082069480629082
v 0.013874561205944092 0.4122972536562082 0.06560156506495095
v 0.01589217444137246 0.4022847254753109 0.08229213916656335
v -0.0011373114227990373 0.2505839651488565 0.22324134537923332
v 0.024730707126331915 0.21285407891077465 0.2261079684556969
v 0.02815556359351244 0.2395337462968397 0.20859600927945326
v 0.03776018989130616 0.3856909066052176 0.06987900749730763
v 0.03536345176317445 0.4003149782906075 0.05663478875816072
v 0.04978233517354676 0.41857467613038263 0.027525364305485956
v 0.03923434024002844 0.3921239898823748 0.04645442251123401
v 0.04212750219955243 0.37727979955046226 0.05941080874542832
v 0.026080553975493765 0.2295396851613474 0.19618595770719635
v 0.03095489503522314 0.19569808412581546 0.19549811071177034
v 0.0240177093696418 0.21927293098588138 0.18002530455404922
v 0.04009620375128644 0.3700844544751028 0.04866279345084505
v 0.03994680726138825 0.38536689970968663 0.036331552737970126
v 0.04227997440356921 0.44278809470597746 0.02163631823730083
v 0.03815846807708957 0.37921303056128913 0.026333006246425827
v 0.03196099720393131 0.36474289562071494 0.03880767325684027
v 0.029642622426529895 0.210928836156227 0.15695940217968304
v 0.026728292476892884 0.40775442771459053 0.062427393877257834
v 0.028862890765694087 0.39550685281632514 0.07760568833748942
v 0.013548775469981055 0.24460144046156712 0.21426743826838973
v 0.048722006094880865 0.415179574831624 0.0038907261626513483
v 0.023052826078990143 0.23068358340440295 0.22338036438014022
v 0.024873509304308362 0.25797869072962576 0.20462373494493558
v 0.028356341594493538 0.32830926424280493 0.1401850508278175
v 0.030854794956822307 0.38207709192689315 0.08066174373654623
v 0.03167669086105643 0.3962441390962884 0.06535726391297268
v 0.033716234057051646 0.4125167631088582 0.05568581405291712
v 0.028553155223146876 0.211902413910477 0.19716105011256174
v 0.024150951936202467 0.23744045302895536 0.17809659970042566
v 0.03467318128495505 0.309245232095801 0.11686743364129047
v 0.04259450646497527 0.36505677960730787 0.06064270660132779
v 0.04186285496585061 0.381331587775489 0.04747607574989763
v 0.04379374234421175 0.3956302236524959 0.036430652656180014
v 0.009853503167209014 0.23666927454114586 0.23271942891411423
v 0.012247540683481602 0.2644042324919398 0.21440964457651382
v 0.01567315914917178 0.3344017508442606 0.1475409917575543
v 0.024093788230529635 0.39326969083977287 0.0895806022944054
v 0.01985686818773417 0.4027211648201729 0.07078500007303586
v 0.02242758394094973 0.4196334244245289 0.062101519871172586
v 0.023383365674857787 0.2022048231567381 0.17830822081184397
v 0.035458294105728365 0.22644707611914922 0.16187283191758095
v 0.028168891295670764 0.29884828865058527 0.10450394458570486
v 0.0372677174922746 0.3583937813788069 0.0494863470883768
v 0.039124250802079895 0.37408939677650843 0.03733172418777758
v 0.04309739926688258 0.3895125099693544 0.026166221922989397
v 0.02903357473543014 0.221648976663912 0.21126797158686425
v 0.022883441752242613 0.24768777837015632 0.19236489050002473
v 0.032049069282689725 0.3188339336053003 0.12802803553129283
v 0.03665688513942699 0.37264612055080165 0.07068278225159517
v 0.04010631177356687 0.3891322407691793 0.05796552620960217
v 0.04144762895894539 0.4033269065582897 0.0468498809478733
v -0.007346273977707977 0.24007590874890622 0.24413706396439522
v -0.005965628009886716 0.26757222038384243 0.2172184631098561
v -0.0010918408585338002 0.33177862619969983 0.14848167084629932
v 0.010640880410710105 0.3925888558520309 0.08589819561475863
v 0.008261777740539027 0.4094842426126384 0.07587390726106613
v 0.009632494445595937 0.42217629863020095 0.06409550107155382
v 0.052263721569285715 0.4140280200072779 0.01012212358753099
v 0.04780380045483353 0.43388858652940687 0.023428332943323218
v 0.0061583991749480736 0.431362747008874 0.042754029631516026
v 0.0496779308677354 0.4240423817364804 0.009266876719557433
v 0.04362308266307016 0.4359673557074938 0.029578860250015077
v 0.030843117182308498 0.44434429401757763 0.03475715050394369
v 0.048978675158079917 0.40758646672792864 0.007513913293507124
v 0.030498553847650996 0.43649734241234817 0.04279538044814791
v 0.011623050228364323 0.4384934942884361 0.03491216324438609
v 0.01736008463907091 0.4452662067987719 0.03544684871811283
v 0.051795450508859066 0.4262935758500174 0.0221402351138386
v 0.01663931696356038 0.43752520698905606 0.041748258969918
v 0.011804569397759519 0.4490380957518754 0.032431651241136776
v 0.04814203841907272 0.41666782205431213 0.010191910137565159
v 0.04632561698161411 0.41717911323626344 0.002120236890447344
v -0.03365833183338664 0.16395355833736722 0.15019833381064812
v -0.0283433519865103 0.1727843746595744 0.14921984582308
v 0.029925766031662575 0.451588223457541 0.0256304229658746
v 0.03518691527905307 0.45321996457255337 0.01559083631285105
v 0.042877376668944915 0.42815198328818965 0.036420729530435486
v 0.03536240693879254 0.4261646153169185 0.04382020696286379
v 0.048801477099102056 0.43219751115709176 0.01580498638474266
v 0.048339421977854784 0.43396192096482333 0.005020311358644179
v 0.05117035340401581 0.41195835030514527 0.017778367076153993
v 0.046369441598328315 0.40995825088203536 0.02589980477496536
v 0.01697368627973265 0.45424253258758057 0.0262822090305267
v 0.0222060710896914 0.4591660632259441 0.017179895128564895
v 0.023041724165002248 0.43344382384683794 0.0491027721309175
v 0.04817154354982965 0.42703833264909774 -0.0018742118067000605
v 0.046702896656217255 0.40438747101853084 0.01601180248542116
v 0.04420248863618415 0.4426091944347527 0.010844325128375227
v 0.04597667129644291 0.41747930882394 0.03676409249669167
v 0.0068903951574884196 0.450695582224471 0.028049926607292545
v 0.010918007127979959 0.45890070419053486 0.017558307561208627
v 0.010217154313521352 0.43241477585651744 0.04949519422045219
v 0.016441312673677193 0.4286815726494943 0.05718501028614365
v 0.007239972932884455 0.42038387342106937 0.05625422527786251
v 0.04511909911491739 0.4064312011044157 0.03623285710892723
v 0.040170727325004756 0.4153202123665865 0.0463156665702053
v 0.02924831581163031 0.42395612589223913 0.05337817879467908
v 0.044916702744535374 0.3940431920501676 0.015567758339168881
v 0.045530063892562235 0.39999796339491805 0.025940324060663655
v 0.02397338946145575 0.4401735983544673 0.03620694699731104
v 0.04920086719052735 0.42373932291712 0.016966929401765068
v 0.052728321697348354 0.41914119831731905 0.019798469205050243
v 0.037431116138508254 0.4440716421043789 0.029350195960628996
v 0.03763929815761569 0.43741598796804054 0.035988533374051564
v -0.035674635417142185 0.20095787986329355 0.2609314790224672
v -0.054952452844613635 0.1980437819198273 0.24555052999908428
v -0.051017794638188306 0.19006251033925659 0.2214976874739322
v -0.04950514736132264 0.18071261804293778 0.19780986674550224
v -0.041633778493262864 0.04847932729141004 0.34828095322575087
v -0.05701261084442986 0.16243102614132757 0.27030082400821637
v -0.059857975681455504 0.12154437776717197 0.2808009382840834
v -0.05440924256932507 0.09677592761440001 0.2873379182030408
v -0.06682533969263865 0.07427168832863718 0.28905248086581287
v -0.07166218665238257 0.046429756071228394 0.2865419453460237
v -0.05435084741256038 0.1613342169465885 0.24419910298754666
v -0.04951173650512993 0.12851535328859548 0.25109492371191655
v -0.05926140177819173 0.10367084941823136 0.25222218841412736
v -0.07270588944229485 0.07753749162865753 0.2510790102491685
v -0.0717199864159745 0.049136178802355636 0.24732347815598615
v -0.05141241078355639 0.15916614991665773 0.21641000677297823
v -0.05189399100293921 0.1331373337211953 0.22168331770913155
v -0.06351082960633901 0.1070036222965113 0.22266285205696554
v -0.0737815409078491 0.07851778927606116 0.22042712608750414
v -0.06930804283446332 0.05001121902379281 0.21796307279857274
v -0.05208886278452729 0.15344242598929067 0.19362730883783646
v -0.05634118073324472 0.13153998919889595 0.19822925168251573
v -0.06495115209436275 0.10686575082564968 0.19843309182863417
v -0.0731996950295473 0.07935523941240673 0.19579266563579567
v -0.06787905148484595 0.05121714179667463 0.19364746670251737
v -0.05643360321180052 0.12534533145844162 0.16038573757712904
v -0.06437862394684311 0.10388881337216499 0.1591298011579021
v -0.07106039358885566 0.07847543173402635 0.15709934165323702
v -0.06586461419041689 0.052205533256886795 0.15776983662311322
v -0.0636041038513001 0.10174832863250814 0.13716926548760452
v -0.06991997423678177 0.0771866107367356 0.13564545194844593
v -0.06474227311007444 0.05099483451091154 0.13637536065004643
v -0.05738765699907324 0.09591691987437725 0.08637646659080203
v -0.06481348517124232 0.0722055455908168 0.0869450325842703
v -0.06254050634314007 0.04664646482143316 0.087885365438619
v -0.05225563724816539 0.09182199474394871 0.06385400869473377
v -0.06047377971249178 0.06787268048321475 0.06452980268531983
v -0.06166208091139305 0.0423326848616394 0.06508258739414673
v -0.04827148708433493 0.0869748780388594 0.04245261193603181
v -0.058582979174715034 0.06325856754557038 0.042437760194241836
v -0.06022322406447856 0.03791401238783117 0.04283299877112062
v -0.048117976871660605 0.08435888096198273 0.020897190658353056
v -0.05849032722031915 0.06084291917137131 0.020218039332161437
v -0.05928721050228759 0.03484336801630651 0.020247409289172996
v -0.05125024360126325 0.08732006538052053 -0.0013789084638134118
v -0.05868726215988314 0.06204186077845914 -0.0027403081540604717
v -0.05908143195177225 0.03621732995792672 -0.00351205457386411
v -0.048960869701375254 0.09045510925808715 -0.022917062513884808
v -0.055809891212637956 0.06565953387243027 -0.024344414842820693
v -0.05853036545066932 0.0381305738498931 -0.024015041574436232
v -0.04461174020882778 0.09529250709796094 -0.041942851329729275
v -0.053395436497107124 0.07114773086594449 -0.0427493304441669
v -0.05789526703610428 0.04217619753025739 -0.042522622296977085
v -0.04854022514988756 0.1050360910323052 -0.06156915588015789
v -0.05642033132362179 0.07854538917645493 -0.06192366528104625
v -0.059274530247786915 0.04556051458307958 -0.061437076874546005
v -0.05113623024365029 0.1136507798581088 -0.08314801028796807
v -0.05983614253647464 0.0851295731709916 -0.082311663168127
v -0.061394274503265595 0.05072990037669452 -0.08163975783766038
v -0.04996895002565768 0.11825612006565041 -0.10257816639941476
v -0.06491740332990173 0.09066427807712833 -0.1007957613323777
v -0.0665956263855639 0.05384328850780699 -0.09990679248388903
v -0.05812029838797488 0.03541520207043644 -0.09054037255843093
v -0.06630022003419965 0.07098334037006593 -0.09067500112466564
v -0.0534134292241395 0.10194309209828614 -0.09368298114340201
v -0.04783919171846798 0.12919344783880804 -0.09242669988997979
v -0.058437838569079574 0.031936097701887836 -0.07454933036579553
v -0.06171197691241837 0.06533961505557123 -0.07160004065528869
v -0.05058390854236545 0.09590008657771738 -0.07331068375186846
v -0.04547475457937758 0.12039165630607863 -0.0714126417174991
v -0.05867868398937456 0.02886346142127951 -0.050927855002308654
v -0.05750942703915508 0.059527915467526206 -0.05178716732262794
v -0.04994198780023289 0.08813728272526976 -0.052014218566705475
v -0.03993847995874318 0.10929129663703081 -0.05072169843794749
v -0.0589332905588896 0.026657317808741664 -0.034983639717638806
v -0.055789901390584366 0.054110362820135705 -0.03379709453987288
v -0.05121748374993251 0.08114075574185041 -0.03343532791453227
v -0.039376132240244714 0.10136631796461182 -0.031976667831431174
v -0.05890383635659648 0.02439405102016846 -0.013695326451939301
v -0.05559549838050691 0.05016402217332242 -0.014006670636540012
v -0.05621786259485767 0.07697881710637153 -0.013340384895552122
v -0.040919848599812556 0.09579246076495572 -0.011920385912279147
v -0.059110710920160146 0.02310315560492162 0.005096826310919609
v -0.057873956966777496 0.04794087215125674 0.008930304689347952
v -0.05670460706146852 0.07405079096950232 0.009244762851248867
v -0.03932080126919892 0.09273073687749897 0.00989318148987194
v -0.059719356041325625 0.022957568439018344 0.031377342068497065
v -0.05926490401511418 0.04903887164516462 0.03152112748419855
v -0.055384267895782595 0.07418812973773846 0.03150715443248045
v -0.039845825903320024 0.09474584112705577 0.03138197382078346
v -0.06120401340876466 0.026804287700325596 0.053693894208444705
v -0.060262507686451645 0.05294751252452252 0.05373655128993157
v -0.05537826894203055 0.07776841313361259 0.05351437949318264
v -0.04498930720023759 0.09989786863792967 0.05183454912279328
v -0.06392835798062428 0.029997583325229067 0.07610700573480986
v -0.061700359908157074 0.05767484319114818 0.07619740477983626
v -0.059343900629263716 0.08239891242545638 0.07548268122400796
v -0.050225542895616065 0.10409513681253754 0.07352721170153505
v -0.06669304449029034 0.034836065354748494 0.09891815812252919
v -0.06231933227206019 0.06184148017709779 0.0990469100622008
v -0.06448028307919526 0.08627609442871184 0.0983632243526932
v -0.05558237025933092 0.10788482388252384 0.09803155882183734
v -0.0708011707999871 0.03627016402865366 0.1480449621518855
v -0.06475304845068187 0.06598012583057679 0.14761159470679988
v -0.06820795792452237 0.0907834608351046 0.1476471339275542
v -0.0598869807441378 0.11395769564762216 0.14989102796531947
v -0.07150819145035729 0.0369865510558112 0.16611245492518825
v -0.0657975009733344 0.06656512868462022 0.1660701411032926
v -0.0690897247795574 0.09245358088027164 0.16724670209699574
v -0.06054955961471329 0.1164306666007526 0.1695287161992404
v -0.05353360596487097 0.13612445300413709 0.16868428265752286
v -0.07308938806889198 0.03506455132911357 0.2042757834949915
v -0.06731120482352104 0.06550711901723243 0.20639700203232342
v -0.07026513877351247 0.09350423763105407 0.20900503561229164
v -0.05927245685206359 0.12024753340494512 0.21020350342188818
v -0.05159863868129444 0.14482057494515505 0.20743709454128642
v -0.07373978172422638 0.03508733843550467 0.2311114734271749
v -0.06877887834381582 0.06414119764378304 0.2333131125203902
v -0.06868959451410735 0.0925457609706335 0.23595278358882307
v -0.05459656646750203 0.11879773480138171 0.23649675673723514
v -0.05015580188587104 0.14644719192707914 0.23356374893235407
v -0.07369736657453248 0.0337042324340191 0.26013326421284455
v -0.07219021896653072 0.06193768151122971 0.268456098023997
v -0.06397585503859968 0.08891621114643863 0.2695977343908248
v -0.051045970158988103 0.10937848359220177 0.2683515805851774
v -0.05938692798188762 0.13967327852699465 0.26062590858919255
v -0.06890244014484273 0.03032501347304747 0.3008933777230097
v -0.06557703040899966 0.05950010149142932 0.30814393733918405
v -0.05817445361921171 0.08560136431446581 0.30803864549721116
v -0.05685478542321326 0.10840047939124178 0.30164729986265304
v -0.04279864325094051 0.14496982042636977 0.2849418910562375
v -0.05100696378231274 0.1683143209401319 0.17365749503960587
v -0.07221250686006478 0.03630651663158501 0.1827512097755476
v -0.06657045406017785 0.06654446343798066 0.18413772032536807
v -0.06996229962367626 0.09356708284628834 0.18652757379494359
v -0.06063683149669369 0.1186094210366432 0.18840902781344568
v -0.05425689521409518 0.14058179776325397 0.18666389135181044
v -0.05712976931019095 0.12842005546950017 0.17865016329858974
v -0.06493845956445725 0.10579575695710923 0.17797935639384377
v -0.07219345725835462 0.07940990090646931 0.175309379710075
v -0.0668232073315681 0.05212809169482555 0.17428743293168752
v -0.051501796754757835 0.14707575430157097 0.17509831234961862
v -0.024486735907675743 0.16620131866731322 0.31800251707470345
v -0.05570284533791345 0.029835112559425003 0.337135156460647
v -0.04568157661327053 0.05952184718732397 0.3382585693260064
v -0.028834315905914554 0.08723376873699747 0.3429696085311549
v -0.02349069578766241 0.12131400396887247 0.3344405423816478
v -0.04095698666704847 0.1326087737160937 0.3115318239957513
v -0.04384242260728245 0.09835066317809045 0.3235612207630198
v -0.052450260292264975 0.07258496617316101 0.3255683380791784
v -0.06125674950365236 0.04457482756191051 0.32412870726943827
v -0.03994957603727933 0.1767616791606031 0.295712652743394
v -0.06873969382758775 0.03637008449482594 0.11936844935422126
v -0.06342457789838242 0.06452496812475175 0.12363967808970605
v -0.06720875596744434 0.08891966960754925 0.12341774052298331
v -0.058849257662591685 0.11122327983564963 0.12508981338008812
v -0.06174722998324103 0.09916745462895443 0.1112179028468166
v -0.06819222130759205 0.07521196034836765 0.11055121590961733
v -0.06329986036065305 0.05006401093046055 0.11048280266348373
v 0.0034522473150620354 0.4541707063426311 0.014638670480959385
v -0.0027497495076543215 0.4418250822245125 0.028438516939730197
v -0.0318563579642546 0.22132818664065768 0.2546210736780638
v -0.017542046620205837 0.42950346924926536 0.022448539562846422
v -0.048488512522523584 0.19615412759376336 0.1978638970689289
v -0.005802512430076476 0.17486819016351532 0.13612798381901445
v -0.04802134662919654 0.2152969737289991 0.24088218556358235
v -0.003652503670340313 0.3921706875029912 0.0836982947350275
v -0.013859445575572582 0.4245191555274641 0.00020291838487667465
v -0.008120954681710915 0.41540420759582164 0.06336549996985483
v -0.007803041297950835 0.39853128902395724 0.07102795425939726
v -0.033305954555334534 0.2487947619137441 0.2251535804136515
v -0.04567078885675987 0.2056623727787541 0.22025918936041905
v -0.05393383694443328 0.23058802363031833 0.20042751170679388
v -0.02638518290770345 0.3904410011325309 0.05674898039980468
v -0.021308897105242187 0.4082371389827159 0.04507068336583199
v -0.01925861582261578 0.4203431259111868 0.020505979697355493
v -0.023405798995860812 0.40084961301937483 0.03367606169714873
v -0.02139938104144946 0.3826411267173628 0.0458024959015603
v -0.05834579033575352 0.21940451162420524 0.17992021957365517
v -0.05531420741924475 0.1875426892560417 0.17504238358319213
v -0.0579521290102488 0.20767675641318975 0.1571435663057351
v -0.029795046487939996 0.376483330369581 0.03620328968806553
v -0.02243426578343892 0.39182588300358795 0.021903189592336583
v -0.011695057462268448 0.43891434211826796 0.01629752102153418
v -0.00255882514480118 0.37336851155147466 0.0091090267716289
v -0.003201014194978459 0.36567417502176885 0.026400186832103663
v -0.029628866896947815 0.19791300192206177 0.12409563725610893
v -0.01588672542174993 0.4130711261987406 0.055134373115573426
v -0.019659884314149688 0.39617433442304545 0.06618835614731539
v -0.045956236276194426 0.24037163517748508 0.21563504763792904
v 0.00680561567917348 0.4067629680577946 -0.01303793258232948
v -0.000485788066595022 0.40668679542767705 0.0662097038988506
v -0.04347288250479381 0.2226989978897683 0.21829787936972955
v -0.04957400246806001 0.2477551890101494 0.19798269957342124
v -0.03951570769718983 0.3175286379257885 0.1365085596370377
v -0.02670658957103412 0.38409572856782365 0.07070936348987977
v -0.022511578888041582 0.40297461108267796 0.05573928944797311
v -0.01495637490789512 0.40352700077699205 0.053623398380441153
v -0.05699887066337716 0.2015994960548918 0.17870194509652132
v -0.057358081100506844 0.22618290430009866 0.15701851574988837
v -0.04765660551174289 0.30049315334390886 0.10384916625775006
v -0.021837407210836705 0.36810730630270444 0.0473712964173872
v -0.02728282685845076 0.38912328037014726 0.03428428455092382
v -0.015484519753571057 0.39197900245968686 0.030966795981523392
v -0.041590018428639484 0.2330283871195704 0.23502386805146103
v -0.033414656788377205 0.24949628130497106 0.20457845089533674
v -0.027565928734043916 0.32378489758213613 0.1434828735287618
v -0.01624564717237958 0.38972230909969796 0.07842416343652449
v -0.011248654820377998 0.40448143206133996 0.060739056460559215
v -0.005394784129880785 0.40847732227153233 0.05687592910293078
v -0.044689389712855965 0.18280629432741777 0.1408459552347781
v -0.037908756795081294 0.21384257090997907 0.1169023348885288
v -0.02598178729368398 0.28490342595836265 0.08115171941653158
v -0.016797491685273305 0.3583520013411208 0.028708451288191435
v -0.008940209602316403 0.37627152365250954 0.021269769869394065
v -0.00733143353436648 0.3842221299607863 0.004290186383765707
v -0.049799160335854034 0.21333778694224223 0.19885823319493365
v -0.05454015242325655 0.23767371580809343 0.1798883512821024
v -0.0473307260169498 0.30821576763522474 0.12261825368983283
v -0.0284952156660284 0.37587280829927533 0.05842426427967023
v -0.021413095815227885 0.39590687966843335 0.04507494306829315
v -0.017696512304102473 0.39747138391116305 0.043436614624149564
v -0.014305949702652096 0.21189108118819447 0.2743449662977691
v -0.025820985698335505 0.2396861359950743 0.2462634151953041
v -0.019896769536267386 0.2561675263491851 0.21274555950934562
v -0.015533673438255477 0.07668270024706231 0.3535900773838949
v 0.0022513698657961752 0.4148564845427321 0.060962368081938126
v -0.01513195462930806 0.41834999693071245 -0.006646077530958427
v -0.01302713014540181 0.4306104811989324 0.0178727178965121
v -0.011864311649909436 0.42518739616640655 -0.000568289867074812
v -0.015179895761957586 0.436876409336267 0.024152008582538638
v -0.00950599198130144 0.4404230178462856 0.03148190256844163
v 0.005838885235984679 0.4044232019496374 -0.014764398965340405
v -0.01191077125421618 0.43014570000065244 0.04038393167787116
v -0.0024678544617683434 0.44345130872839966 0.03529358917525656
v -0.01832823704034552 0.43232509490394805 0.011956373691673005
v -0.0028006548881624434 0.4299441344334676 0.039036543710581136
v 0.0016364568781162129 0.4373099477433464 0.03622430349115722
v -0.010133528396026378 0.41569131424533934 5.96604346558751e-05
v 0.005601013645042379 0.40962105061246007 -0.012765248639351126
v -0.006488913594776632 0.4441490325968892 0.0207451616000152
v -0.00953001654812794 0.44737734330445617 0.009220008657328627
v -0.017068812932848634 0.4256441372127856 0.03323325706389573
v -0.016109267033774147 0.42057935676699393 0.043120597167569864
v -0.013495105891703132 0.4324886481711626 0.008299548759904034
v -0.012207810657819238 0.435735695434624 -0.004409723724482564
v -0.01887454884332283 0.41490168165957364 0.0052397728480997885
v -0.019609910401288365 0.4095234293327978 0.018881383581498896
v -0.0006913516181108862 0.44867452157960686 0.023067379071609752
v -0.003194989738478824 0.45099014247682917 0.011481684463033989
v -0.007909193556931399 0.42435584005480714 0.0465138406928266
v -0.0022501319205405204 0.419096293853812 -0.018503072083935167
v -0.01467450731976095 0.40457607096119025 0.004548730558169084
v -0.015192358484348072 0.44259712147727553 0.004185825425324757
v -0.01801264026429238 0.4149302833345547 0.03275168828404661
v 0.0024038418875925874 0.4474408197477808 0.03162341756033709
v 0.0005201293083923062 0.4281618480495914 0.048438128895557424
v -0.015464353582783212 0.32810803474337524 0.14763198800287158
v -0.0023896485427329518 0.41854982228591975 0.0523418397448334
v -0.018619360330451484 0.40335556418680013 0.031954057268786557
v -0.017936478990801114 0.4092462715157853 0.0440548984946471
v -0.01123354113828896 0.4141075659063188 0.050336664082675446
v 0.001444996754097918 0.3879991496519008 -0.006076301534305909
v -0.016609274476885257 0.3983256607272623 0.01800176748580637
v -0.006992387229339505 0.43748168838030993 0.03799109610909435
v -0.01803308807401696 0.4244573234178436 0.007479784064561444
v -0.019645366203520486 0.42439091151972014 0.008049907670183829
v -0.007974459035218151 0.43659898504355277 0.02498084739100158
v -0.01288536190405615 0.4336906753821571 0.032519938603764204
v 0.013402397609891923 0.15362733832663983 0.12655173786791254
v -0.022918623575690817 0.16439441539889738 0.1458321272889468
v 0.003863570016503182 0.18124087168434172 0.13850385306200422
v -0.0033610803294987757 0.16860103208458022 0.12353207030321178
v 0.008863571814907979 0.15020452227750566 0.11693591596795097
v 0.010389698160246473 0.17342882902951995 0.14609616710424933
v 0.013359875251006573 0.14208546162431435 0.09283758955262639
v 0.006257375620381162 0.13748640908267382 0.07913900923293751
v 0.016870801915004754 0.14387029654331165 0.06858564696843775
v 0.022122101128639816 0.14992728197073862 0.08490232355122411
v 0.009697399275814186 0.13755411398343964 0.05766123470681541
v 0.016035581162171138 0.1467597298126788 0.048442972424058976
v 0.02198712223826588 0.1536357046855003 0.062047116303277375
v 0.009685039560188218 0.14016939380231364 0.0384122806971127
v 0.014253571866677873 0.15005268733251617 0.029173482682969546
v 0.021499455403556703 0.15564585056347602 0.04203991598135755
v 0.008037045872955105 0.14458145775680217 0.019513758867924523
v 0.014606846200132143 0.15267201956718554 0.009846141417756245
v 0.022212282849222744 0.15680728389932 0.02215343623467989
v 0.007586349378448508 0.14717596473010114 0.00034370242553282126
v 0.016076250657146563 0.15217728882506804 -0.009388720420497862
v 0.0245897756874411 0.15607226666693358 0.0028517251107329296
v 0.008446869763269433 0.14740423551735318 -0.018523975199608987
v 0.017684705180110106 0.15147060638009732 -0.027643922261374416
v 0.026309648170494703 0.1539984584704129 -0.01592591135671554
v 0.01105151940617451 0.14782850802930306 -0.03673516846003207
v 0.021085477755200904 0.15171987438860995 -0.04574724401531397
v 0.02788510622295765 0.1540814718534337 -0.033844332679336855
v 0.01416455532776177 0.1502428611416303 -0.05586510357505846
v 0.023921127885747 0.1574151528124712 -0.06496177962537275
v 0.031018710500363346 0.1560577880541009 -0.052230810971601475
v 0.01545019473453799 0.15955881846520778 -0.0755143887377638
v 0.026779381577775856 0.15895389739569674 -0.08670526117628292
v 0.03450134573320626 0.15642886517609433 -0.07302682045133822
v 0.01832138043072673 0.16233739279899106 -0.09687151089938247
v 0.029809985804067258 0.15843206989999326 -0.10711139916289948
v 0.036166136343689856 0.15280089553173734 -0.09418420326355985
v -0.0005574612045935706 0.1465873754041726 0.10320567572204002
v 0.018127233744251493 0.14807128460951308 0.11064580355669582
v -0.0038931759075985614 0.19846476555208842 0.1502056742326138
v -0.008644218625237595 0.18443410503664315 0.1451970509880844
v 0.011749795194368317 0.19144982035884892 0.1455100117685161
v 0.03035103561553056 0.4065532321469155 -0.002617116084264624
v 0.02456276412550356 0.40638420617261556 -0.009370639508197342
v 0.03438405128108088 0.40689410356674255 -0.009776771459443436
v 0.03911267844656885 0.4081508453204242 -0.002338890381627326
v 0.02257783978183667 0.38485029176918945 0.010743983686558269
v 0.014376016349616686 0.372565479468438 0.008358420625230336
v 0.02128100232702504 0.36534249916560163 0.015571119936493528
v 0.03034197934009724 0.378021684945703 0.013353810318501629
v 0.010234926403706612 0.35914490018770107 0.02098272376510053
v 0.015185698937111363 0.34992350001534644 0.02849351152244938
v 0.025921838779389486 0.36130799783460243 0.024428692121111165
v -0.000507325100310186 0.28800579743374505 0.08083112370284568
v 0.002197896719982546 0.22148717262271977 0.12361745453841633
v -0.010115385413926021 0.20525420834862348 0.13135871292240978
v 0.0066243026160221485 0.21667696630957323 0.14170409988158839
v 0.027597175776708803 0.4192433464900625 -0.013547156769387838
v 0.021637718484091788 0.4098541791666806 -0.009024632205804095
v 0.03537645158284069 0.41507512409399716 -0.005731173601116287
v 0.024512914985411555 0.4018042608937797 -0.01114020279198951
v 0.029706836022237566 0.3979412132960444 -0.0020187906765952914
v 0.03999382285323637 0.40559696730660516 -0.0028909914506873528
v 0.018366688138526474 0.38924750345900766 -5.230995319890133e-05
v 0.03279566970936698 0.3971235809998703 0.007644204146455743
v 0.01664263180014259 0.17790339659493043 0.1598057584472154
v 0.021557855167205212 0.19854193187184657 0.15141570437462828
v -0.016090657023881887 0.17280725600937155 0.14431716504116876
v -0.02400724516054956 0.19191539045423064 0.14186604011955134
v -0.04869725826154342 0.1415248397602552 0.1577317098067694
v 0.03987440576596498 0.42277051965732915 -0.00839004157763701
v 0.012740555746009718 0.4159914705909533 -0.018445660839138577
v 0.006154658833033484 0.3716569391411855 0.018869892809632003
v 0.00649715461344428 0.38186006349901874 0.0040888093220809146
v 0.03221950661638012 0.3694083915715672 0.026013844375939874
v 0.03794396471370844 0.38523902601827714 0.014800051656599074
v 0.040973497383680765 0.4027696338189953 0.008256159350730137
v 0.01298948850250889 0.39546743029467063 -0.010019513353288222
v -0.00158555790566407 0.3520842704393409 0.026645725614076635
v 0.027764649509571717 0.3534868660034611 0.0383814486865932
v -0.009881702808508967 0.28300674601386233 0.07303185187023777
v 0.016564958897882398 0.2917922140726546 0.09009515330571279
v -0.017435997320485865 0.21676378040010394 0.11547457591311308
v 0.015568787994904163 0.22740454100831348 0.14291373460996246
v 0.014346061842062729 0.4043649276223144 -0.007529210666096631
v 0.01681356665955472 0.4084623398692726 -0.015569047363497478
v 0.04628901189769451 0.40974453382860054 -3.9029979933827824e-05
v 0.04220520456903658 0.41074031306093073 0.003255624225312684
v -0.00149466418199421 0.40670358614879193 -0.0076375140890194764
v -0.0012196736804432932 0.4129432302359114 -0.015249552265529827
v -0.01131946650193129 0.42696455617224754 -0.012377693788383203
v -0.03852122188103632 0.29232090796024474 0.0902632680234719
v -0.004200375894091389 0.3992870496828348 -0.007614334842534313
v -0.029322758569658696 0.36250382191164987 0.03597893490966392
v -0.022002786600442126 0.3802722248121928 0.024942385690225843
v -0.05572014724359837 0.1915378007368475 0.1603069869069505
v -0.010217449923938013 0.38850203497274355 0.018186890139854483
v -0.05317082932302347 0.21677767976301832 0.13316923708753936
v -0.007990591757777249 0.41260675032078503 -0.008353528658459236
v -0.049491599049407 0.19884012760457548 0.1354690360261729
v -0.015938846101201214 0.3812112362648656 0.012297592793476956
v -0.005757685363753988 0.41650839380776833 -0.008048673913406728
v -0.009436373423476545 0.40982035221845936 -0.007761995678532855
v -0.04760644513664208 0.17391495749049288 0.15734832529153298
v -0.005901192526687565 0.3964954721596488 0.006555110152272616
v -0.016522346093220494 0.37144768601543043 0.03238361700384689
v 0.003359533698525071 0.17019554411867913 0.1295233003819523
v -0.014313109258571634 0.16904824107827016 0.13397189380443367
v -0.03114788814353175 0.15366737213816176 0.12217452877525836
v -0.022941922673074582 0.16186722183003388 0.12882097878578436
v -0.02805078415485936 0.1505553897768529 -0.10079810782395071
v -0.02633494917513572 0.14129268690844937 -0.08156322459536287
v -0.03472501559840946 0.14387466328173515 -0.09092669956227695
v -0.0023350073356576215 0.16093721327550314 -0.09338034365610794
v -0.02405136433343987 0.13235087326818185 -0.06034475854867413
v -0.03156395278685344 0.13306856445178253 -0.07050421622762323
v -0.002759883973841063 0.15343336927380327 -0.07289101888983271
v -0.02272359441245553 0.12463719840874743 -0.04074789036020721
v -0.02829950493602524 0.12318040665516955 -0.050103505927319936
v -0.0018600695774370658 0.14429949260128175 -0.053413004915642166
v -0.022360047928804413 0.11883169213722898 -0.021425222492642674
v -0.02732995571087614 0.1157359445499141 -0.031132513409915175
v -0.002984467463447675 0.139903201199039 -0.03426818323103549
v -0.02099683459294927 0.11441713279253019 -0.0016708842845082825
v -0.026666655009511195 0.11008683279903947 -0.011328660696948283
v -0.004149747867227955 0.13724532048506743 -0.015455254940218176
v -0.021542167863738807 0.11334290923978159 0.018012363120069548
v -0.02523503149189909 0.10713321219656056 0.009101050959025627
v -0.0030882103172040014 0.1342992236402108 0.0033870414607636273
v -0.02600639449519478 0.11588664274905577 0.03720250903802239
v -0.03013551923745603 0.11094239986231047 0.02838008282987876
v -0.0013271223397117095 0.13050948122502792 0.02219859218965299
v -0.03300755098516678 0.12123011098348546 0.056214111696277595
v -0.03550010944749871 0.1147092064705373 0.047981485083995364
v -0.0030080330224635113 0.1281498712013884 0.04143491273876515
v -0.04021547469146912 0.12673202784309942 0.07848825119393525
v -0.04162514799544117 0.11894465204233665 0.06911999395889332
v -0.008376585615521133 0.13044280331250918 0.060303392316812296
v -0.04601527412846044 0.13245540047240315 0.10637709755841872
v -0.0478270076570738 0.1237492451884987 0.09469584620620171
v -0.015193463884570668 0.1403366365259868 0.07943275973394513
v -0.05141994016343268 0.1285583487821381 0.12355519821039594
v -0.02146627920863488 0.15356342252450478 0.10325682526476024
v -0.0556901284379302 0.12233072503258752 0.1382072609026988
v -0.05389124643398149 0.11867738151370458 0.11086218392643062
v -0.011823402909393786 0.16055156617962596 0.11212618079040472
v -0.008416703295441393 0.1420911808941259 0.0911019384220079
v -0.05200136288918677 0.1322575044302219 0.14937186508538455
v -0.04896590550939439 0.11447168148713933 0.08358171758429599
v -0.001471819097880533 0.1331759425289008 0.0691118637342416
v -0.0431696961265325 0.11036855642166896 0.06042809074939538
v 0.002629847075417065 0.13229220803682043 0.04922483913232439
v -0.05870794937472181 -0.0007908195109412016 0.012695095554410632
v -0.03783288503114323 0.1062848641828006 0.03972280555501637
v 0.003967263102766253 0.13486836307349107 0.030051294477441884
v -0.03236690804726702 0.10158867654864251 0.020161842939039377
v 0.002438971305648041 0.13914673858696297 0.01125026520839156
v -0.03192002898160369 0.1010251799261724 -0.0010523485036489236
v 0.0013272337102566726 0.14166841224182258 -0.007719647408126855
v -0.033375444223132704 0.10619122997918932 -0.021489662036823547
v 0.0023514329639286475 0.14317002649541338 -0.026363298422660816
v -0.03270419197369944 0.11244187590227034 -0.040893220983070196
v 0.00501860333247571 0.1448371356313227 -0.04511584012942333
v -0.03607890984325269 0.12226875315254389 -0.060147840265911974
v 0.00554679404626941 0.15268159994583688 -0.06413105644793475
v -0.04083153085794865 0.1335894978010494 -0.08120342817707195
v 0.006321950164149846 0.16105349660693608 -0.08458092004169174
v -0.04260156181098643 0.14188763604028126 -0.10057136983761118
v 0.008796327957901333 0.16527988058527618 -0.1049654703270504
v 0.04648618178250959 0.1545430394489213 0.15511511616705909
v 0.07532727125265225 0.1565931967248404 -0.09917877931191904
v 0.071847252331085 0.14910946963343122 -0.08091665165400642
v 0.05648347101691462 0.15319830384098754 -0.09889118627974834
v 0.08292641708275152 0.1458638429846239 -0.08746808653881065
v 0.0666548745379328 0.1393373634998252 -0.06282260877840547
v 0.05127351935961615 0.14588102988025886 -0.08038470326101961
v 0.07959196111992022 0.14000759172002508 -0.06744208393053125
v 0.06295884989368646 0.1365298268282702 -0.0434820217287033
v 0.04743946126995949 0.14618194281015998 -0.0595119745844401
v 0.07476345064892131 0.13293941173062213 -0.04854758670006899
v 0.0613380768113092 0.1364210473999717 -0.024809105370520567
v 0.04634868874023571 0.14888373445610087 -0.04020340571460742
v 0.07136602577548186 0.12870174558617237 -0.03052792539215498
v 0.05897778303456895 0.13750855636001952 -0.005826615992265872
v 0.04586084938610536 0.15083801635851518 -0.02181766472443206
v 0.06736473889078538 0.12783764234920028 -0.011585302729388795
v 0.0569117287445292 0.14006476213313349 0.013242650921992465
v 0.044842680305775075 0.15283570380131756 -0.0030859508791692847
v 0.0634359838397507 0.1294882796974544 0.007621539577332442
v 0.05516774446105418 0.14291947647623005 0.032779575083340715
v 0.042439619298750654 0.15496852762386015 0.015842541299440988
v 0.060953266283793925 0.13224509686220595 0.027026701633020733
v 0.053943910890049705 0.14560500186914502 0.053296888101239503
v 0.040332816484247115 0.15713180282029515 0.03549657741693726
v 0.059377846225228785 0.13456261676305542 0.04743635303059619
v 0.05238939810965523 0.14902255241772808 0.07509628548805948
v 0.03898645639741464 0.15951079136687596 0.05575076123235878
v 0.05791865097887467 0.13708623642319512 0.06882298747420466
v 0.05006124045515516 0.15336755353706902 0.10088129323866081
v 0.036693382271148045 0.16212676264850484 0.07789274652159439
v 0.05597720021505399 0.14074694643357039 0.09281359125679217
v 0.03088454621483458 0.1620936812669835 0.13672406165694473
v 0.047127030557424454 0.1566939492168731 0.12926836799899494
v 0.051258949353606476 0.1451578541250205 0.14708100003596752
v 0.03248457147214106 0.16313611165505706 0.10480952100853837
v 0.0536383527189111 0.14405537202504504 0.1207341182315733
v 0.029097807885110485 0.16664770182460215 0.162779354370877
v 0.05379912978708082 0.13200340441393607 0.15392249316859147
v 0.05609266155515022 0.13027776048284584 0.12995906283690292
v 0.022735413573541977 0.16050242996850636 0.14726553097589634
v 0.02222069035168871 0.15232178669486054 0.12036318262533283
v 0.05778971359007623 0.1281058145113065 0.10241163786632201
v 0.026285058381584316 0.15731223004623315 0.09457603537798959
v 0.05943296706583614 0.12513873623601796 0.07750464744719564
v 0.06205217106063244 0.12310012047210638 0.0554812173981437
v 0.028394868566780303 0.1599204305218512 0.06964452711572945
v 0.02999830335465863 0.15987370669565107 0.048636418820112055
v 0.06550192872146596 0.12222567050403002 0.0346610754624173
v 0.031379305829863535 0.15873102620047644 0.028510392289232557
v 0.06936644752585916 0.12060496625499696 0.015072108299153286
v 0.03378633290087979 0.15687090943045764 0.009133707875470609
v 0.0750908460375264 0.11954529384494067 -0.004178823997645134
v 0.035934967714857914 0.15498088242818073 -0.009687108304503625
v 0.08042454054451904 0.11994693297957892 -0.023562226420277825
v 0.037116372184476915 0.1541863026525647 -0.028049788506743025
v 0.0828124941688425 0.12233307115393569 -0.042456901841563956
v 0.03912131807272702 0.1537086962183869 -0.046296673524749345
v 0.08617157706101132 0.12809886349759836 -0.06128951971848118
v 0.0412931384498097 0.1515100959728144 -0.06632705839886811
v 0.0879263882653978 0.13319079936827127 -0.08192314087545263
v 0.043788464502550646 0.1489585097384212 -0.08748321182421698
v 0.08625614222602383 0.13747073440032231 -0.10174855824995153
v 0.04925482171461152 0.15546475495807516 -0.10613530444032686
v 0.048647928147618834 0.14694726933896865 0.16608501339134824
v -0.03120171967905677 0.15775396064494274 0.14519846864670868
v -0.04768743039182701 0.13733125481783423 0.13515070355178055
v -0.01010369503758845 0.16086326180266428 -0.10164169583692678
v -0.010407409722372715 0.1537973321075682 -0.08196965179973724
v -0.009056227438883707 0.14508437307416489 -0.06174617209007139
v -0.008279351079780612 0.13783342876592455 -0.042576569177848855
v -0.009016244584476897 0.1338533578545746 -0.023569564970685252
v -0.008399195104100482 0.13031540905893024 -0.004582641969249066
v -0.006443218507280047 0.12666653091479022 0.014279129075320139
v -0.007700299957497867 0.12464004544916375 0.03348395190095508
v -0.013250714687627684 0.12723135477426434 0.052162183528865064
v -0.02050377564301786 0.13329735647749272 0.07163257034015665
v -0.028127820849550924 0.14526426872658815 0.09451043212863294
v -0.03751328141682512 0.14564747442778844 0.11328746433274114
v -0.032656736972726016 0.13836937434422275 0.0848361514111375
v -0.02446331564743937 0.13031221631025783 0.06227527268441758
v -0.016572949940257965 0.1227400879972539 0.04442415004557321
v -0.011934910783364595 0.12118400955648516 0.025340734823058292
v -0.011394690423913483 0.12307601210849371 0.006078592630144725
v -0.01329273010237493 0.1270268057571502 -0.012980030904519721
v -0.013549958375553641 0.13123515628553 -0.032173080788059284
v -0.01396068951534079 0.13724078461807843 -0.051155219249415476
v -0.01572367369612915 0.14561933073307057 -0.07096914634463118
v -0.017070677998681776 0.15456664179935525 -0.09115605646619913
v -0.037682858450136095 0.1506157670743436 0.14008402134904102
v -0.04035820469374455 0.15621739925240388 0.15858388082894886
v 0.11682039699579581 0.1377621206473256 -0.1954183013675773
v 0.12206007106650368 0.1026881657924622 -0.19529495012151216
v 0.11226440033305045 0.06527388642666485 -0.1939182359693332
v -0.06391370757633733 0.12221688082744024 -0.1906440290252632
v -0.07546757870290392 0.09148701116714437 -0.19192010154125339
v -0.0722023391776708 0.05570118652106106 -0.19232087910096432
v 0.04047643952374606 0.1857455382798777 -0.19061221866613756
v -0.011253101109379856 0.173307100772681 -0.19115879139547587
v -0.04581384897721639 0.14693015925461803 -0.19013672682291421
v 0.013302147779779463 0.18157671067237677 -0.19102130534366926
v 0.07798964858520832 0.1748067549987572 -0.19273550324566152
v 0.09884098083518568 0.1619230759407307 -0.19384478677171738
v 0.05920177627992549 0.18373342886257407 -0.19085550769252896
v -0.02970560333948608 0.16201331511792802 -0.19066219180083535
v 0.1038338690203314 0.046601144767191904 -0.16240985548760536
v 0.1004020758407002 0.14502720046012788 -0.16436595019125394
v 0.11464985670083884 0.13609557373699904 -0.18083224761499042
v 0.11810472827867195 0.11875491909843375 -0.16460640801729087
v 0.10993125028319013 0.13469836267632457 -0.15639057415280666
v 0.11235496956612508 0.13066082912122542 -0.15089629113617756
v 0.11042055644784063 0.13233155476745082 -0.14735393745401246
v 0.11998039249303458 0.10294979281927301 -0.18093179300156126
v 0.11560373467119074 0.0843265495589016 -0.1638156076607799
v 0.11899666417471637 0.10176400516740988 -0.15719942292399802
v 0.11967468727419993 0.10201920757049383 -0.1517935823081167
v 0.12014541492078093 0.10218739633855915 -0.14741218775256998
v 0.1106088399011125 0.06627167954112684 -0.17940512910391956
v 0.10811664272250143 0.06625331260045461 -0.15617241088620196
v 0.10791977035453448 0.06627319606504417 -0.1506858270923356
v 0.10812415886289407 0.06712160470586372 -0.14626508238430794
v -0.06285877733789318 0.03693584167325666 -0.16189074069711262
v -0.06747109693482463 0.10722881100754164 -0.16087603943559248
v -0.06217611113503714 0.12175889094043432 -0.17628493497282283
v -0.05239709436997266 0.13484928775064095 -0.15920621797276122
v -0.06173301498237497 0.1210571506246059 -0.1520781503531142
v -0.061280506760594794 0.12508429917745692 -0.14615372717977576
v -0.06471303149961036 0.11997796600903103 -0.14272051052053072
v -0.0724843751052172 0.07362949084938501 -0.1621342181752576
v -0.07334691935716521 0.09155390721382858 -0.177807117781144
v -0.07176751451313905 0.09023018832737872 -0.15407746350155765
v -0.07218272645969198 0.09511300804755932 -0.14823525224553238
v -0.07377260495233784 0.08818524386008808 -0.1446291552477289
v -0.06958972921224134 0.05524201832335874 -0.17840847625643477
v -0.0684686156523977 0.055708025164202174 -0.15510786121086784
v -0.06840873857271887 0.05484020717522426 -0.14951660396907515
v -0.06673065887836911 0.04927800145468816 -0.1451987891839584
v 0.02708350955261549 0.17845244619679201 -0.15975616032631915
v 0.039520587185692006 0.18262054569564756 -0.17601744338557931
v 0.05059420004245855 0.18040535725011983 -0.15930589672446188
v 0.039379113171559815 0.17537454728550464 -0.15384621327043047
v 0.040954799473506616 0.17246556805241198 -0.1496618280918513
v 0.0395588867019439 0.169992304619046 -0.14726327949627346
v -0.018230635477065327 0.1680905445862721 -0.1598279183779159
v -0.011568671173475702 0.1723009447414329 -0.1765225692088652
v -0.0005040345042022872 0.1744943841437633 -0.15966069793396848
v -0.01166345151083388 0.1704589126597325 -0.15197549958429754
v -0.009739989009144554 0.16966492682216439 -0.14658811015523554
v -0.012768505490561261 0.1684167660766301 -0.1426765456718076
v -0.044912524140015175 0.14602454495091066 -0.17572179957234788
v -0.03592662060877518 0.15485580073481095 -0.159083952917692
v -0.044132863907138546 0.1464996868227139 -0.15161661139697444
v -0.04548333905427 0.1466858794476839 -0.14601134608515914
v -0.048747258746002275 0.14477610963158866 -0.14139023388749328
v 0.012261822368887286 0.17954589977264493 -0.1762430102572099
v 0.013527981719118322 0.1742364842560476 -0.15347891131692223
v 0.013379478445151425 0.1720844170696072 -0.14896158081425123
v 0.009441209384896064 0.1700008431908388 -0.14485882677466505
v 0.0641077302766463 0.17820245801549228 -0.15955257756648492
v 0.07531216405704168 0.17219949572949514 -0.17800313139154048
v 0.08180792263372884 0.16242382696591268 -0.16289027588828284
v 0.0759786484333777 0.17015797351434372 -0.1538309532330931
v 0.07595055874138396 0.17056933473272765 -0.14834931584719552
v 0.07415590898078994 0.1724677792076402 -0.14393777479337883
v 0.09317870585190291 0.1568975910580696 -0.1804487421827429
v 0.08663772776763567 0.15040570607223752 -0.15799796675619768
v 0.0854409823392902 0.1494177360285423 -0.15273785030483886
v 0.08401348045884388 0.14940553793076738 -0.14829397782059708
v 0.0579814500585649 0.18211434958697137 -0.1758959125203522
v 0.05870005569074588 0.17905873200188416 -0.15242791258000293
v 0.057723687536815636 0.17878726236188305 -0.1470171905005186
v 0.059059737750522055 0.17819600313476697 -0.1430343253221834
v -0.029582475311094675 0.16153011269993273 -0.17616793830602048
v -0.0291702969261117 0.1613447268482742 -0.1519266341656465
v -0.029770039659014896 0.16147259870652877 -0.14612564175653842
v -0.031871154302363654 0.16037435826921842 -0.14110916200854431
v 0.12007075338285737 0.12083587665640881 -0.18908700099416445
v 0.10728088470873459 0.15052757385837978 -0.18801939887582575
v 0.08488146209798139 0.1668758818239201 -0.1872210352264661
v 0.11889174049501351 0.084921776663798 -0.1878597525673634
v 0.1043946878705411 0.04643439193127153 -0.1867565742886587
v -0.054352129556146364 0.13479720552219465 -0.18365488033545516
v -0.07049107811961225 0.1075293933600428 -0.18471300467389937
v -0.036435297841953485 0.15488734567151524 -0.18379069529421938
v -0.07507272314157609 0.07384853268833563 -0.18581226720848273
v -0.06508639449812546 0.03624983044594414 -0.18576487140467082
v 0.050465079591041774 0.18460396221670125 -0.1837389809403785
v 0.02684652180618743 0.1834234374908692 -0.18403225331062104
v 0.06481498951811757 0.18181792101021924 -0.1841829879377288
v -0.0011337207809295616 0.17668318460403626 -0.184389860599402
v -0.018710759750047993 0.16961480677250224 -0.18439243429413324
v 0.10231368737990312 0.04634176772466976 -0.1281477739612221
v 0.09398728569898745 0.1356304922930373 -0.1300261349341051
v 0.10812247313917044 0.13035364140907854 -0.136525179795385
v 0.11537294054312916 0.11469656315781562 -0.12893181803629164
v 0.10534060897471581 0.12420218113161269 -0.1205540998512585
v 0.11912076093407023 0.10090713698683178 -0.13664489613245456
v 0.11520183511173085 0.08246411375323519 -0.12882599346689363
v 0.11592966731238956 0.09658700521794411 -0.12072510639295735
v 0.10781271209608677 0.06693476281855074 -0.13574545893870604
v 0.10687723346000333 0.0642138194090925 -0.12029622021879237
v -0.04737289987108077 0.13479765253728382 -0.12502180692143894
v -0.055655404561965965 0.1159667795424996 -0.11929005400836384
v -0.0662594444839542 0.11169221451800303 -0.12522000114005086
v -0.05390867337594485 0.1281566806793622 -0.13243530396856634
v -0.07346963623303533 0.08850870412066197 -0.11773073227454399
v -0.07494288141215454 0.0778657557185571 -0.12613675519683187
v -0.07243218369645203 0.1029067364635612 -0.13272147705601287
v -0.0667138689955229 0.049444096513599683 -0.11865338380600274
v -0.060309776364786606 0.0378959468596194 -0.1266748144351839
v -0.07173843448995229 0.06494553880007459 -0.13385647011535562
v 0.048317553978930866 0.16438326393491637 -0.13221163800795357
v 0.031184994442800255 0.16518527600162103 -0.12449850694210825
v 0.02571873613270249 0.16465814929253977 -0.13226631812274187
v 0.04401776346895944 0.16646217494367635 -0.1393309589009655
v -0.01575290391486689 0.1623460144389158 -0.12539376955018253
v -0.005005973881750697 0.16430559805895983 -0.13424318923067574
v 0.0010494795616169486 0.16372197309804867 -0.12858720113605682
v -0.011830884435836762 0.1631263336655509 -0.11847598102053396
v -0.036969652871655725 0.15629430877808345 -0.12284554924892503
v -0.04406861589517932 0.14129003198098575 -0.11683710841607937
v -0.04148862317643721 0.15237757017697023 -0.12982825823435093
v 0.00692481934623 0.16473315237212502 -0.12203552726402776
v 0.019296134752795978 0.16503305970028892 -0.13823535651508162
v 0.0611111115569111 0.17105837886777917 -0.12743315332996627
v 0.0784406325016461 0.16571637121708346 -0.1338710361002293
v 0.08243450355040974 0.15702674802404856 -0.12728646830119433
v 0.07331695564435146 0.1653163572240874 -0.1174698209835633
v 0.08414296016479005 0.14284333523635034 -0.12047412054925222
v 0.08327011897328106 0.14686724705260115 -0.13689044213896565
v 0.05397250150079192 0.16233693323942724 -0.1238534199451804
v 0.056129018283057344 0.17323801144137024 -0.1347541482472289
v -0.026526645785752985 0.1626978096057055 -0.13035325936980177
v -0.03201736384607395 0.15708204049832875 -0.11578257988620837
v 0.11767336113186681 0.11821728155580523 -0.1427217335778735
v 0.0966812470880202 0.14187846635885726 -0.14300586755476383
v 0.11232245494520861 0.10861886902909935 -0.11153541192210051
v 0.09241956902233668 0.1289570416537985 -0.11284154626689423
v 0.08313659484351112 0.1511656176129664 -0.10669741057120453
v 0.0824761133515084 0.1605318197833816 -0.13962637610688078
v 0.11702901534988921 0.08458484597247824 -0.14229192830126422
v 0.11194538322298159 0.07836917531441659 -0.11217980748105306
v 0.10290760475728186 0.04695421469870545 -0.14122656392080346
v 0.10157790035593854 0.04421477220029513 -0.1118174302332631
v -0.06904621824781104 0.11164726683673706 -0.1383367791176636
v -0.05109109261790589 0.13667815105645223 -0.1373496318430681
v -0.05952391861383164 0.10556039262304259 -0.11083668680209456
v -0.04674471043517919 0.13174936483394048 -0.11005877674911647
v -0.03681348448049657 0.15123303282038314 -0.1081258505043287
v -0.03641793574934141 0.15696933893010964 -0.1358602651248669
v -0.0739197180096453 0.07703792397289787 -0.13987909652640793
v -0.07226490536366822 0.07352941673379064 -0.10905147467626912
v -0.061281741291618244 0.0366892752450392 -0.14183762041732398
v -0.05892045255957308 0.03585081224749025 -0.11248395549138716
v 0.029445279911065353 0.16738525388183262 -0.14410552769908344
v 0.04993538211127587 0.1730798462101291 -0.14008599426394877
v 0.020928956386248188 0.16552402923821183 -0.11552022949157073
v 0.04167919442428788 0.1596151791270306 -0.11261492095541645
v 0.05995823169577286 0.16155132928598115 -0.11609960834717603
v 0.06384909589072277 0.17722008607365922 -0.14059702401516344
v -0.0014046643060929664 0.164315443838881 -0.11221244577400342
v 0.0014629873548975345 0.16735991371288003 -0.1401802087483298
v -0.017239737956040967 0.16102234964460502 -0.10928020660192743
v -0.016571451796719972 0.16629415076323187 -0.13748662331025835
v 0.10969371142534041 0.1338347689869889 -0.19843876020280699
v 0.11559780687402714 0.10200731838098005 -0.20325187557661709
v 0.11170893212906138 0.06496216705992132 -0.2049554332588564
v -0.06122542113156371 0.11981120726464806 -0.2011469665082422
v -0.07098248461160761 0.09032682741207954 -0.2019072224642367
v -0.06872302117658634 0.054153260166431454 -0.2019644672321706
v 0.03993788488573635 0.17883465603820134 -0.1944227890156818
v -0.009927055733776129 0.16645192192054192 -0.19773741946228066
v -0.04456672814574703 0.14473031145247636 -0.2014076454261914
v 0.013641707735235905 0.17483232952194985 -0.19886055664960933
v 0.07596839796096869 0.1707308073886608 -0.19224422427075075
v 0.09605712755516586 0.15808636347869223 -0.19290544630237275
v 0.05667166836330447 0.17881043185757498 -0.19128801527836675
v -0.028646988690785385 0.15923477189697835 -0.20108194349372033
v 0.09167130896943307 0.12419239726219054 -0.18633700697442465
v 0.09379408192226611 0.09729602831398063 -0.20340161060224798
v 0.0938907530276429 0.06445805273512668 -0.21792573034086427
v -0.05925719495383862 0.12046591805846363 -0.22465038030056192
v -0.06261626302647715 0.09024889618197199 -0.22290320830051896
v -0.06206395436038667 0.05447832556167101 -0.22405323510819924
v 0.0342880635422202 0.16339019825483178 -0.1762907187125511
v -0.00452747548657573 0.14320800032077177 -0.19985944575190132
v -0.03456307954621891 0.13389266811153877 -0.2193284244490375
v 0.014017666522743366 0.15265223573689607 -0.1883436789484019
v 0.06807734339240944 0.16306319072518452 -0.16923770571164293
v 0.08482634687989847 0.14837540955902656 -0.17286316762226558
v 0.04939130999956694 0.16612306700106 -0.1713050574241497
v -0.01860649955077485 0.1387207164850829 -0.20815580039338288
v 0.025935965285669747 0.1696721397222481 -0.1892134249326855
v 0.04590272870323729 0.1748480637185434 -0.1827392730275967
v 0.1032754094374644 0.11559804351386223 -0.20102144508872496
v 0.10702914700858673 0.08339962719059113 -0.21166354951144994
v -0.013296659895391338 0.15377336041222314 -0.19893861968138649
v 0.0032959614503967364 0.16011299670827342 -0.19992325933324773
v 0.1054341941750214 0.04411116124321984 -0.21542310836877748
v -0.05220920667845879 0.13301906024556148 -0.2117519267889984
v -0.031629945437827905 0.1478799486424365 -0.2093253127650122
v -0.06282898651057012 0.035628241962075397 -0.21247528486467654
v -0.06342330835152937 0.10542769167959487 -0.2110369813331634
v 0.059450383842198355 0.1716415168982041 -0.18223436898419268
v 0.08254686886292321 0.16202264035417005 -0.1822881114679102
v -0.06706438967530547 0.07295110957930788 -0.21131512912081982
v 0.09906599222017755 0.14226002578442948 -0.18609525276415712
v -0.07170331702141135 0.05216105125404784 -0.19677152952322483
v -0.0742117953925938 0.05815166094344058 -0.1955911442283437
v 0.09780962552007003 0.16269876651327878 -0.19802776808027633
v 0.10171253800138182 0.16156766607790424 -0.1973212036803295
v -0.07465103151848543 0.09090956175449877 -0.19710799169091198
v -0.07583114304043603 0.0913188253127737 -0.1957176217739299
v 0.07858789695013281 0.17471902439704323 -0.1968044538871896
v 0.07962377602053847 0.17620858762162453 -0.19623729024760958
v -0.06494528111236493 0.11869884005760359 -0.19629533954105788
v -0.06366227008460204 0.12365583289503683 -0.19457588167593357
v 0.011262384559346385 0.18017003988148336 -0.19586057615652666
v 0.015494669645532871 0.18289937243483226 -0.19464564838245407
v -0.046037915322766715 0.14590693815076677 -0.19567021649359972
v -0.046236678945854925 0.14675292501164702 -0.19397184755334287
v 0.11389881236860804 0.06727444631650832 -0.19877193017469005
v 0.11263257346144942 0.06139181092143834 -0.1972033420843206
v -0.012389922339206426 0.17218539109780331 -0.19613070369422667
v -0.009954302664504595 0.1744822385209487 -0.19480361970673482
v 0.12162860545564187 0.10449205051111089 -0.20035168064491443
v 0.12275459185457696 0.09942857452364794 -0.19872595821537004
v 0.04062670780012718 0.18508418516338654 -0.19582858653217436
v 0.04078926068890586 0.18643360893257746 -0.19455343829741423
v 0.11572367458903661 0.1362935160945633 -0.19982064535752866
v 0.11737577797063845 0.13738325193930767 -0.19920094039072495
v -0.030335448502707228 0.16219335938998375 -0.19601807309300331
v -0.030467157616025985 0.16277113983319816 -0.19430338878336348
v 0.059018663168733825 0.182771835330594 -0.19590419676117846
v 0.05976128511207129 0.1842804049792447 -0.194886710812407
v -0.0007208226223188416 0.4355933409110176 -0.03690169238593764
v 0.013362875770952635 0.433594357598334 -0.036822554395082814
v -0.010768052936959746 0.44155797491961296 -0.03200064975107701
v -0.0014776032484782814 0.47100200544687715 -0.007439460718209448
v 0.00935280963729651 0.4709236573773535 -0.007209486174766755
v -0.010716729512460861 0.44891673003512433 -0.023533556728828595
v 0.03744655483410956 0.43965699528922686 -0.031565477415926683
v 0.04495257675783154 0.44519413171932115 -0.02419099986912036
v -0.014665273026600163 0.45565800157047387 -0.018513698666363848
v 0.0458376220370453 0.45197431994606524 -0.017286233730465082
v 0.02765112307011751 0.4359463915106525 -0.03520630560439572
v -0.012860178215986002 0.46194308841884857 -0.013670625683153787
v 0.04214398452846022 0.4597027624889757 -0.011147861785264826
v -0.008150020270239365 0.46703281879996117 -0.01009351969568939
v 0.03135828602671158 0.46607298423852034 -0.00784582024507388
v 0.019835574760072933 0.47321348314019496 -0.0054473899395782385
v 0.005356373657242072 0.46272212250187755 0.008782156459088508
v 0.04766270693121316 0.4395235304861996 -0.009269649127671668
v 0.04601598759200029 0.4466451910459968 -0.0027804642570127304
v 0.027517444846329963 0.46430088472240644 0.005309964803943687
v 0.01548931218018625 0.4649356258601067 0.004046820116495036
v 0.0398589400691162 0.4562475002880868 0.0026680998665241126
v -0.00783562108312352 0.43091683305097567 -0.025499631616085244
v 0.033340991064894354 0.4320030057521017 -0.026329002126774748
v 0.019961569316225065 0.4255197587921581 -0.025933908899887854
v -0.014209619242268635 0.4387266391324969 -0.018522777166378197
v -0.015967716490696303 0.4463497905835232 -0.010667053438686225
v -0.00915319592737496 0.4580221548016308 -8.73532068211778e-05
v -0.014432170157377588 0.4532929871487617 -0.003999038449607031
v -0.0030538275682519644 0.4622052497599912 0.0023611594580924427
v 0.043709515967039654 0.43312307821715745 -0.01624728793735093
v 0.004540907062408596 0.42560633921426805 -0.028545328788318957
v 0.03010585227717611 0.36400940418672134 0.11529034112191527
v 0.03584858739451016 0.36830639700039486 0.0999405770050954
v 0.0360068097151492 0.3538530610672407 0.1044829184350599
v 0.031939541504638916 0.3492441304600682 0.12036165367312504
v 0.03671690666271117 0.34398757858833734 0.09208303870123787
v 0.03454271831314073 0.3487018346245653 0.0758529082600646
v 0.036693090226684794 0.3345821589768966 0.0787869835939029
v 0.03161421151220018 0.3298955690643907 0.0953780503325993
v 0.014237581952671101 0.3669561835587999 0.11802570271677458
v 0.024062670595346492 0.37535346600364256 0.10595740332759745
v 0.020141337040298937 0.35593996582845805 0.12788993937189644
v 0.03669488781623959 0.339890535321472 0.0627505145134767
v 0.030224573160058693 0.3266207549179627 0.06541028485535469
v 0.033890497163711335 0.319238244814054 0.08194446154197041
v 0.033963333412484926 0.3578203104445042 0.08822427516370145
v 0.03022127953673072 0.3398994759514346 0.10777130436968438
v -0.00032312290554621897 0.3629806970362603 0.11594117122440023
v 0.008230250594623175 0.37632257691780874 0.10770956419740772
v 0.0040082598209413905 0.3541044481155243 0.1274976694972439
v -0.013366055543444227 0.3507604711154741 0.12645754229434766
v -0.015224563689629697 0.3610361350703076 0.11433129764553335
v -0.0032648938243163375 0.37270753680291085 0.10462651765872755
v -0.024567506145151973 0.3523353693135814 0.10681865652581528
v -0.03734462764943281 0.33751561292461424 0.11215321554539891
v -0.0354013061001033 0.34446394111519507 0.09602470475048924
v -0.025308066719956283 0.3615343935920899 0.09244365699232715
v -0.039368220863390924 0.33504053724727834 0.08239076363362738
v -0.03186154081823285 0.3186831268368658 0.08501838644613649
v -0.03449735954985698 0.32707042838186606 0.06813297408993964
v -0.033774485231008074 0.3445221355720314 0.06699491871047711
v -0.02528736241450114 0.34439878426940307 0.12122343755158844
v -0.017488489234330586 0.37070555929311055 0.10157174986184843
v -0.02865206489302396 0.32184785173160624 0.05402747146560386
v -0.022040657463117647 0.30683246020198013 0.05611917858916479
v -0.014696242762909406 0.3220417299428681 0.04787853179570478
v -0.02358855648218637 0.3336325533790545 0.040272392882371576
v -0.0383735639953096 0.32797754454669836 0.09960342173884087
v -0.03284601436242044 0.3524661094746734 0.08004358357663134
v -0.003130929096296283 0.328771712380323 0.05923522242513645
v 0.005639341651837965 0.31803972385141976 0.0700215440686477
v 0.014824797223220866 0.32468091939424953 0.05794664296591861
v 0.006920177812051344 0.3381145141450326 0.04900282167380387
v -0.009862577267479553 0.31208491277132344 0.06175354480515217
v -0.010815833902370526 0.33957011295478373 0.04829450220226116
v 0.02046191894898711 0.3153894203605632 0.07117966292340108
v 0.024789736309196522 0.335250141212799 0.05164143777934538
v -0.029212371507225915 0.31181624949889736 0.070142149839467
v -0.025503168248568932 0.3379607824909227 0.055298082019160415
v -0.020358250633995205 0.33765189172240545 0.1354986057096612
v -0.0072793513032183305 0.33793600716743605 0.14111861162337283
v 0.016932735751985277 0.38240053456725726 0.0938332542298214
v 0.0019607542118695903 0.3823073104735292 0.0993308426362195
v 0.009434440437364838 0.34479116850459696 0.13807442534324574
v -0.0109573721922641 0.3821506555628999 0.09141672569899421
v 0.033069885799493284 0.3823648164251085 0.09506579866523389
v 0.025702088032676554 0.34342439210896075 0.13586224015884685
v 0.03396364049277169 0.3250830600631327 0.11222938279225762
v 0.02857322495844614 0.3341511550579112 0.1238912758866589
v 0.040886353751869775 0.36067878892265537 0.07426215979038338
v 0.03853312152411579 0.3709966301910003 0.08499451205112021
v 0.040774544694184275 0.35270726405750596 0.06198903755023763
v 0.033576596384778945 0.3143456227736387 0.09975161446413919
v 0.026786845170220064 0.3044752842347819 0.08612503646111547
v 0.028905940104797134 0.3489596026060782 0.0527490951992623
v 0.01796333431728657 0.3476795332666887 0.039405574943474006
v 0.009549331815374323 0.30988515684602896 0.0784143115370554
v -0.023554647042653434 0.37736811327173597 0.08593428147170826
v -0.032515265892905244 0.3315988969693126 0.12990218875566173
v -0.039088719692374936 0.3132008792541091 0.10593483298807523
v -0.044196604700029014 0.32411375064187553 0.11937002187376125
v -0.030430877410416956 0.3685982689684572 0.07469888394877539
v -0.031017912535422493 0.3600782324552579 0.06145038460767418
v -0.022967476370030604 0.3528733984576023 0.05040574091791471
v -0.030650768744586828 0.3047776245717982 0.0914816834148224
v -0.024511613064896166 0.29913985541140875 0.07670484192833235
v -0.027647258463983942 0.3478625987498478 0.036965041734812576
v -0.012339028182980358 0.3513792544823136 0.040175970291048295
v -0.006073776252686592 0.29914993831913 0.07056706036451922
v -0.017425188690390243 0.2941980485727417 0.06405242813225732
v 0.004009843259202804 0.3464050819531595 0.038103280037431464
v 0.02152852138366644 0.30169294448537326 0.1772147159197422
v 0.026009159767315715 0.30700406834988714 0.16020229576981138
v 0.028825464847288276 0.29051020075914386 0.16498355535677484
v 0.02482227970920194 0.28463556207856217 0.1827308931358246
v 0.036266397102645544 0.279449026968986 0.15218539940906578
v 0.03923828998360749 0.2870211697745593 0.13462102800398867
v 0.040114717258616775 0.2696434467343749 0.1362795710069241
v 0.03965778560834304 0.26228325697912475 0.15718311347840938
v 0.004825674470170496 0.30303850596364273 0.18065321408289595
v 0.013398221067697579 0.31407928601188123 0.16839398583384896
v 0.01362641843566723 0.29217476849002955 0.19195642783953729
v 0.03446456999212371 0.2788966611720251 0.11865635002582776
v 0.03376347277450538 0.2614229136663411 0.11768814635880276
v 0.03785920235280571 0.25232567630341285 0.1380986637988972
v 0.03252500011880339 0.2961842736001786 0.14773319820941502
v 0.03191607692463816 0.27349716818504904 0.17087524367851892
v -0.010959590568452459 0.29901752621042094 0.18124343653456113
v -0.003222372138066321 0.3114422034444539 0.16980217606922882
v -0.0038028886245606336 0.2895325588629137 0.19312021042140043
v -0.021867430814126065 0.2830282196225374 0.1908608272670584
v -0.024290515971869823 0.29312171900669426 0.1777527082627106
v -0.015313626386019248 0.30788825372933426 0.16922073631666082
v -0.035014242699719714 0.28619024447847485 0.17158399705494304
v -0.04146493272968364 0.2682960683577945 0.17382404679433724
v -0.04439892346823238 0.2783575489538005 0.15989643890021338
v -0.03789594965687659 0.2959250378765147 0.15860865173316796
v -0.046495274916190404 0.2685864022901853 0.14053884021610336
v -0.046368336582728965 0.24971694024225666 0.1330968601908096
v -0.047378079406358756 0.26090721165796127 0.11870660401008278
v -0.04372968069345678 0.2779264503784078 0.12541391410622657
v -0.034720119506822224 0.277416545408373 0.18565189998356535
v -0.027251255656508624 0.302787303007638 0.16536566713920925
v -0.038725552293461404 0.2587990914322033 0.10468891280423168
v -0.029302144609269817 0.24497795567951813 0.102519521472621
v -0.020906752066932197 0.2593567435290258 0.09907206756740249
v -0.02863259850684531 0.2725749854890584 0.10574789736059947
v -0.04575244012461056 0.2590249268498775 0.15600202061262877
v -0.04365952452344715 0.28724310107971185 0.14498237736633768
v -0.002478410142501882 0.256796431386737 0.0974578503327361
v 0.005808393992858707 0.25112717144957386 0.11454066522032552
v 0.017381213679626365 0.25616971213054035 0.10467227245517498
v 0.007678675576336653 0.2698076495568325 0.09667544317971843
v -0.012838481835326074 0.24764122471544278 0.1060606035098545
v -0.010975705795334176 0.2723988449796692 0.10183058023432524
v 0.02204514381066419 0.2510241531740663 0.1232868464576835
v 0.025655653614848572 0.27095548604171155 0.10149177434583889
v -0.04723650612496249 0.244599789969088 0.110860822360939
v -0.046994828634575256 0.27217232318279505 0.10534615159416713
v -0.026558821549755054 0.2656815443933459 0.19635472377837418
v -0.010373317021597378 0.26556131896175766 0.20300124901871522
v 0.005597106494453677 0.3234885096587749 0.15797382712269387
v -0.010062155260179608 0.3168132258294109 0.1619020611024308
v 0.006040349751532591 0.2762370785071618 0.20062622676501185
v -0.022538059210193938 0.3159553842889892 0.15608959803285152
v 0.022484165274232255 0.32249993048659725 0.1555410484830081
v 0.020910677667308277 0.27651906426375233 0.19999127316594287
v 0.028143523870934665 0.255515146985256 0.17473086927835726
v 0.022121642683407567 0.2661461158312212 0.18666813695646348
v 0.037550896341892265 0.30388205656603645 0.13269067863495615
v 0.028465405602778056 0.3122429645252393 0.14353454317932102
v 0.02780181696551044 0.2946184652718181 0.1225932974648087
v 0.038715113516710004 0.24432254473200785 0.1611656141588816
v 0.02600901934812164 0.23982965045159527 0.14137000901869828
v 0.018410883845089206 0.2849914547830286 0.10926346824826629
v 0.0063964223632285815 0.28082655992557115 0.09144746482378745
v 0.013676420378672937 0.24047454934578172 0.11999860773767704
v -0.03405187163153388 0.3100092087088609 0.15129224015971374
v -0.04151236998496992 0.2630411287722948 0.19321430463978895
v -0.052340175861770394 0.2437910155870416 0.15748875632980158
v -0.04441945110285816 0.2523400959653416 0.1782234925888712
v -0.044153737750379216 0.3024030131541645 0.141113007590122
v -0.043198912150738206 0.2928605843872403 0.12335097621503785
v -0.049064610395240536 0.2859852868709322 0.1053097082044818
v -0.05209708260216465 0.23451003958169647 0.13331635550360213
v -0.043837912854789975 0.22976664660596852 0.11322042413089857
v -0.03131684036614566 0.2856506964055639 0.10089370111400527
v -0.016102036163023154 0.2826716628517895 0.09237082178325405
v -0.005514825266338479 0.23374438972054684 0.11131899624172227
v -0.024810108157803795 0.2307412805682778 0.10647307942393804
v -0.0009587927929233778 0.27529154844892884 0.08449998990669617
v 0.00046732058120168386 0.45020714219094793 -0.04645991745174133
v 0.010391113227606445 0.44710090782775647 -0.04855997943576071
v -0.0075353053485004914 0.45493629909441846 -0.04215686151346079
v 0.004561959768671918 0.47698220046715917 -0.019918494330144476
v 0.009227260193490487 0.4794980896741549 -0.017599681124173393
v -0.007827121497820137 0.4611027467721321 -0.03602820364286083
v 0.03260348262291137 0.4526788815520059 -0.04235516527037423
v 0.03869449110997303 0.45816890235332713 -0.03717039020239593
v -0.007604648843252371 0.4662715956874821 -0.031345944087584496
v 0.03989508273973986 0.46430602209116356 -0.03119801498581714
v 0.022549206732585925 0.4483791918012261 -0.04658771669631986
v -0.004405849699033487 0.47024011439801555 -0.02763415506522668
v 0.03562397321956208 0.46947537174095016 -0.026620554940613342
v -0.00024059327169082518 0.4737139508894596 -0.024014333630213144
v 0.028340052672057647 0.4763607089361324 -0.021313515003754738
v 0.018346991985655307 0.48057612776163366 -0.017578877582908423
v 0.0020169370368880103 0.4289015503960676 -0.021923084454547794
v 0.010953919855518877 0.4282001792426284 -0.022380648118715842
v -0.0033150664620582096 0.4334459051013057 -0.01750197939644394
v 0.007797326980018354 0.4521396774559061 0.001979621881213607
v 0.013569260852809942 0.4538795104577261 0.0031419475158644544
v -0.003107527199984505 0.43899667227469136 -0.011593732163946947
v 0.028970954272955717 0.4348656495937386 -0.016579878202212288
v 0.03400305614646385 0.43895422430976 -0.012119342888853565
v -0.0017713169009978835 0.44316347890428925 -0.0073600884602752804
v 0.03624576908739296 0.4433088961398732 -0.007053713531376225
v 0.021080890818435453 0.43082718110615736 -0.020135415543409405
v 0.000981004991796112 0.4464440869048775 -0.004325736840861954
v 0.031909559690687934 0.44720039619867963 -0.003507368575128412
v 0.003858583858446551 0.44923819373215507 -0.000941069647620299
v 0.024957860497892656 0.4518866556411961 0.0005603084257160358
v 0.01952061597205706 0.45646218405517297 0.005276610612577678
v 0.008087061723114734 0.4674958644130845 -0.008719433489380056
v 0.01538385156751803 0.46855634020837206 -0.008530249036611799
v 0.029699586732864096 0.4616872839809088 -0.014769361025149313
v 0.03728313439288462 0.45745516905765315 -0.017900680197357834
v -0.006061820541557994 0.4484590633914213 -0.027794591291150732
v -0.005467711900265348 0.4536177895042786 -0.0225583951084709
v -0.0005319621222347688 0.4613180287877844 -0.015121986726946039
v 0.002965562217476199 0.4648158034881874 -0.01132224745393917
v 0.03364099321821187 0.4472831395612419 -0.028417112170252976
v 0.026171386631472244 0.4430459784319842 -0.032602179995868286
v 0.024100681538652132 0.4687679013143041 -0.008251295426137745
v 0.03791650895743649 0.4521704573161642 -0.02321820439641877
v 0.005444552209205838 0.43922935580107214 -0.03646656358643716
v -0.0029742629408135695 0.4425387605591937 -0.03364458784666889
v -0.003620853881055288 0.4579223987436559 -0.018683527439594026
v 0.016119545959977184 0.43936682063136706 -0.03597255102934212
v -0.001076274911742945 0.473493308365768 -0.014028903589386441
v 0.02378530655263734 0.4419791957861685 -0.04172121177360667
v -0.008752653582155105 0.44795462820058024 -0.03666868757407038
v 0.04070476728816885 0.4588445758978934 -0.025196491296462377
v 0.041507975057939205 0.45599308009193423 -0.024068723101490223
v 0.009373748818656522 0.4408456359430068 -0.043377834157186164
v -0.0035747627980548392 -0.19967702887788946 0.29940846904072854
v 0.016697236323918903 -0.2129789856013333 0.2539501312927411
v 0.03742444887426004 -0.21399258487302125 0.2420729007786912
v 0.03859796293483583 -0.20557207198495997 0.22386383835430257
v 0.03843735231951649 -0.19688731476165575 0.20754364714330134
v 0.05556886813503313 -0.05023590231690808 0.31211729616844286
v 0.034158929366623327 -0.07548752254603347 0.32998802067457794
v 0.005466358376410813 -0.11210947494580943 0.3297660189985458
v 0.0009469925801019187 -0.15828247191201436 0.32183172107074626
v 0.04429204386161995 -0.17912700547853186 0.2658175523682588
v 0.04370322570098032 -0.14138584630984805 0.2722509377273527
v 0.05010380707322351 -0.11098152360925433 0.272909730182846
v 0.06248743227688091 -0.08245944132735471 0.26813876704341544
v 0.07636883927293038 -0.051785045108320805 0.26460152489547323
v 0.04262798890790108 -0.17664333195752094 0.2404854409431048
v 0.04421910618252826 -0.14416217973846568 0.24379359308565024
v 0.055768562292326754 -0.11488929335662251 0.24201111816347617
v 0.0648896890550216 -0.08283920922759952 0.2383564477175338
v 0.0832154472607686 -0.0538102806687224 0.23823295896048524
v 0.04217265164239707 -0.17324915881325734 0.21896402339683665
v 0.049285050314230826 -0.1456223477260031 0.21872105520427315
v 0.05846147033048419 -0.1144878019542543 0.21421690948810335
v 0.06318014792596621 -0.08000344541804184 0.21053301716142767
v 0.08832125538814765 -0.05482057495144443 0.2109932950110574
v 0.04518424763845656 -0.16884110282093162 0.1986216874937477
v 0.051862783501214885 -0.1436718051713423 0.19502829745229153
v 0.05602576938079135 -0.11118012003536643 0.18817396854047364
v 0.06534279223934286 -0.0784082747751947 0.18407510906167796
v 0.09157557901510449 -0.055701163693700394 0.18489255536991414
v 0.05406628390630722 -0.10569368912854106 0.14482830127716972
v 0.07379067356162633 -0.08059613897377199 0.14256346497892483
v 0.09459635836190128 -0.05570950730453437 0.14177089974075366
v 0.055846928757525054 -0.10411515122270308 0.12247936901487727
v 0.0799057520792627 -0.08403552249053185 0.12212461994148002
v 0.0949133405357691 -0.05435181939477281 0.11997359977668673
v 0.06718998354587226 -0.10144697276938508 0.07375068766231925
v 0.09040541568233712 -0.08111072258315656 0.0752518039443498
v 0.09362530609623408 -0.04982751224096113 0.07424623634364297
v 0.07353502279438297 -0.10119004946452154 0.052330998298578534
v 0.09141545896529497 -0.07926406587408316 0.05385825358199621
v 0.09266719919521005 -0.050469131430964494 0.05385069247091009
v 0.07865073669449078 -0.1017960918630332 0.0322172526999548
v 0.09084531403633524 -0.07905236926497884 0.03346401228316991
v 0.0918646221267145 -0.051295364919571505 0.03403337874484864
v 0.0836810038623855 -0.1010372298130164 0.012723184958075902
v 0.09105170696763423 -0.07715217569176609 0.01321773501692636
v 0.09185497326685099 -0.049572723151908304 0.01399914243868069
v 0.08767059498679969 -0.0975393388784067 -0.0077272397157022695
v 0.09104290869487254 -0.07266993264986298 -0.007472195731220445
v 0.09340975352975807 -0.046445360052236165 -0.006254655640060391
v 0.0877658368149666 -0.09348020233149065 -0.02846544378430869
v 0.09325812712293327 -0.06945911265474893 -0.02770644807628353
v 0.09677486794721886 -0.04412919507164893 -0.026145234986542597
v 0.08848213200722163 -0.09449506081102611 -0.04758146310244438
v 0.09773658551696732 -0.07099197032198859 -0.0466450318661577
v 0.100160219224656 -0.04458279404599737 -0.04569098304128337
v 0.08861926719192102 -0.0986157771569006 -0.06713567872639671
v 0.10190213024796152 -0.0752533136198265 -0.06570607543744329
v 0.10316685781952428 -0.04721737472036526 -0.06538197077302672
v 0.09007468394101674 -0.10337118813201539 -0.08764052751220326
v 0.10559294505125454 -0.08041016668235552 -0.08563808435911947
v 0.10552292110809869 -0.05092440829029631 -0.08543016279368189
v 0.0924741988098507 -0.10911355467049734 -0.10748102634731274
v 0.10910944018918278 -0.08614829737211048 -0.105040174707037
v 0.10780530114242964 -0.054845215245305716 -0.10438202852978136
v 0.10349737656755752 -0.035882612006347445 -0.09478744764629363
v 0.10835373419996393 -0.0686054973516659 -0.09548985168574074
v 0.10093625156433332 -0.09590834027791387 -0.09631150856343536
v 0.08384521167316844 -0.11801114330515751 -0.09786612774157498
v 0.10183597245309367 -0.03310345386846041 -0.07514094905166352
v 0.10523784245370862 -0.06375708916931148 -0.07560127022917572
v 0.09791122983472725 -0.0901856254605349 -0.07623054599352334
v 0.08362152998792784 -0.11368159907769043 -0.0771864109032473
v 0.10006770364685245 -0.03078330340715767 -0.05515825758272961
v 0.1016757954087214 -0.05976169347992305 -0.0558380742723832
v 0.09523878222139832 -0.08510335938233682 -0.05659349287446658
v 0.08441498494321785 -0.10923843887949046 -0.05679619931672502
v 0.0978836409703679 -0.029536924276132484 -0.03545187792760192
v 0.09753866285004822 -0.05736155182067602 -0.03663783607947139
v 0.09196551499794078 -0.08126031072174049 -0.03787712780783221
v 0.0844619423556729 -0.10620044448347692 -0.03791086133591266
v 0.09553932679527377 -0.030523044869333372 -0.015636254544292995
v 0.0935098349698683 -0.05831543339375756 -0.017067604860062566
v 0.08977509040060158 -0.0825847548147063 -0.0181761940464278
v 0.08414802258356811 -0.10771593734799832 -0.01790414698291464
v 0.09284603839710706 -0.03290338453740663 0.0044100913786840595
v 0.09181181577261431 -0.06198680709298243 0.0032727455400666946
v 0.08951412398561716 -0.08766920085412741 0.002759620448020344
v 0.07980167620759812 -0.11072585570384458 0.0023010007342721835
v 0.09063017790714854 -0.034946198689338334 0.024490864919608925
v 0.09232934432936253 -0.06520362594053357 0.023637634970996087
v 0.08697300399903465 -0.09058239246011855 0.023143848849592433
v 0.07431394823961669 -0.11271835744054916 0.02171660647274021
v 0.08844761023471953 -0.03546251996467551 0.044006323976823275
v 0.09355466591115136 -0.06568221545292076 0.04375886843759559
v 0.08482693753187429 -0.0909420139884151 0.043155733886067346
v 0.06966310643618244 -0.1135237733722802 0.04149967437558252
v 0.08639864957783472 -0.034846470853188524 0.06351609878817684
v 0.09514275699410238 -0.06533305337968531 0.06417654652423772
v 0.08180487615736609 -0.09150136649405352 0.06403752073718216
v 0.06460171940536155 -0.1144630156221549 0.06260933701490477
v 0.0851409967885558 -0.035318477426940546 0.08415930262717687
v 0.09560781097386954 -0.06753391774161625 0.08585777913277472
v 0.07549390002532254 -0.09161596055811654 0.08596748497973647
v 0.0604036999928909 -0.11695019374667372 0.08531381576522247
v 0.08474382494724861 -0.038748474314270934 0.1296794539949795
v 0.09138383925284925 -0.07323868407878346 0.13264069331668904
v 0.061683040579864366 -0.08979187805165358 0.13285731481198962
v 0.0545998342231663 -0.12133862830582333 0.13630526633740175
v 0.08419702670137497 -0.039447619332411775 0.1506180224721073
v 0.08783302866110594 -0.07334072247260903 0.15275349262941193
v 0.058590537328343434 -0.09054808570616041 0.15269825660114603
v 0.05404234071635139 -0.12367565640812665 0.15774101600465557
v 0.08149914122294376 -0.038804562974137716 0.19609790506793504
v 0.07827334113797876 -0.06902454381025475 0.1973328651001312
v 0.05870936063137182 -0.09555057990736986 0.19865423266223298
v 0.05479297790127751 -0.12958170523806622 0.20404354920080986
v 0.04695708410725281 -0.15829441408294817 0.2085593542401366
v 0.07925199651732279 -0.037594314794896264 0.22260235249006627
v 0.07165967962748561 -0.06552171024136881 0.22348059025757155
v 0.06212938039082601 -0.09888876519563122 0.22573621984756065
v 0.05236792427252795 -0.13084906900074236 0.22988326650097624
v 0.04239957292963383 -0.1602824338396469 0.23064902851038693
v 0.07702951281144937 -0.03595298125387834 0.2492058050005661
v 0.0692317550727964 -0.06667152524445663 0.25156170305282977
v 0.05912226443207055 -0.09862316918169464 0.2548239504129115
v 0.04729629346705344 -0.1264284854385989 0.25788734547417397
v 0.03838494640921178 -0.15974582335255827 0.2558843965373005
v 0.0735534574943279 -0.034566652468849456 0.27339414743330037
v 0.06623697369285335 -0.06679735415448687 0.280578558965391
v 0.05304947452533817 -0.09584498719661864 0.28818823593651305
v 0.046697662194094484 -0.1229550486102467 0.28876070791118136
v 0.03681469223931557 -0.16306759424361164 0.28442159862750205
v 0.03864886008810035 -0.18901419499441222 0.18802425844945325
v 0.0831855181968699 -0.03948538528914522 0.17186608534530246
v 0.08369527214738912 -0.07194303328559232 0.17318269771463884
v 0.05736821938539998 -0.09252396823247369 0.17355726889905274
v 0.05413144344685743 -0.12662689991288864 0.17954843108116827
v 0.049927169523690265 -0.1561727472873916 0.18581098228111537
v 0.05439708465852714 -0.14122735816783227 0.17179402830441345
v 0.05434609816627533 -0.10813668494875199 0.16492893145025936
v 0.06944993718597045 -0.07894592626217385 0.16156357893602305
v 0.09355711823849938 -0.05611894080776438 0.16218480778159106
v 0.048293594337243846 -0.16723444805842622 0.174679978157985
v -0.00315795876834271 -0.21924599995000194 0.27048078489701494
v 0.06537864815947167 -0.03466979872978668 0.2950303049101414
v 0.054421486953008504 -0.06535153871798856 0.30933068529189245
v 0.037570021348941975 -0.09186591526074768 0.3250494723518236
v 0.030563110669701816 -0.12692537985794125 0.3253305660906881
v 0.02160808826110992 -0.17591563051943823 0.3115362560776466
v 0.04206338888940569 -0.14378675576315453 0.30413817376675095
v 0.04277947032782627 -0.10789750132604845 0.30827001331521137
v 0.05488412529010286 -0.08061848533071328 0.3014960096349265
v 0.06576398790203353 -0.05045258323823392 0.2890672218957387
v 0.03047074267164247 -0.18957422646437144 0.2901854198009856
v 0.08491112405722506 -0.03722001085056921 0.10688251989071508
v 0.09417731873504681 -0.07120643759922038 0.10948089911315949
v 0.06782996642077596 -0.09062574761215825 0.10964544159583905
v 0.05685148956326038 -0.11956808469607672 0.11089624713800719
v 0.060733750911214454 -0.10278911679863309 0.09716664044878803
v 0.0860685591762852 -0.08368656753470617 0.09825219022326448
v 0.0944661645142666 -0.05175924796530478 0.09637859719338779
v 0.019201607705808168 -0.4601640899388129 0.01538823840269401
v 0.010022323566898195 -0.2341444293292483 0.25159212658705754
v 0.04682273347719908 -0.44320989033478186 0.015298728374364148
v 0.035519187587651976 -0.21238844125787573 0.20719282578692028
v 0.00393042051705459 -0.45551714033021257 0.023406916308885826
v 0.02995966382156663 -0.19589464902818224 0.16585514406812027
v 0.025965981277061397 -0.22980064037598805 0.2372779564190352
v -0.010494325346591274 -0.23353030987539722 0.26658121831942855
v -0.01151278564767236 -0.2559931269550521 0.23211661935120856
v 0.0011605579977890708 -0.4078476829751953 0.07167515251122814
v 0.003163355984219764 -0.42158079746675364 0.05590691062238436
v 0.053678448376578536 -0.435305023175313 0.0005308751352325266
v 0.015568164940518972 -0.4273118913804756 0.05713501443936852
v 0.015516896765830618 -0.41257094985601406 0.07118109650210176
v 0.008194761317318602 -0.2634445840259778 0.22523349387789912
v 0.03211937347364121 -0.2213007292532617 0.22180873183576535
v 0.02857852304082921 -0.2468031632327553 0.20283779848543823
v 0.03868705940161325 -0.39973580350672977 0.05903226745371441
v 0.03936051201484082 -0.41570358958674614 0.04594748329052524
v 0.05070631899003565 -0.43482199749908834 0.015055936564992763
v 0.044825702241246025 -0.4075969974905737 0.0361663594200355
v 0.04333017129677912 -0.3916105091357603 0.04869845458337832
v 0.031766750536940065 -0.2368774085127246 0.1905713684274868
v 0.03603705680058486 -0.20277201593136854 0.19119776533517852
v 0.03507835521384169 -0.22650408693635798 0.174918776227694
v 0.04275419006410727 -0.38462204850338316 0.03757807797670542
v 0.04519327885224859 -0.40073667327494256 0.02569984310367014
v 0.039258347951397855 -0.45735913079816315 0.007124897742269685
v 0.043138023165830805 -0.3946810006176437 0.014778212337425104
v 0.03813926903131239 -0.37860741520716923 0.0260532526642753
v 0.025476758373750807 -0.22134242883501154 0.15844108557296407
v 0.028498079304643483 -0.4230864720807065 0.053293414900428465
v 0.029208671843019403 -0.40796044428276945 0.06749296990307936
v 0.02020567384662148 -0.25544014549071214 0.214209758038691
v 0.05375577358743873 -0.42968730105210634 -0.00880195724252458
v 0.023469613873847536 -0.23688153228810413 0.21811110061698022
v 0.026431721264710415 -0.26537914342390484 0.19764202790819999
v 0.02960370316266534 -0.33536595419442566 0.12997272067779916
v 0.03486207108285559 -0.3957486456602275 0.07154450448134941
v 0.03413983113255425 -0.4117709868107721 0.056373963189210875
v 0.03469068559033046 -0.4272771299582208 0.043794810040951884
v 0.03411369232110469 -0.21917365967298189 0.1923142294679777
v 0.03455598409980081 -0.2445536547499926 0.17256034292186645
v 0.031484250290498145 -0.3170694377326288 0.10472776286702642
v 0.04362524027127551 -0.3792802707044892 0.050003996353539214
v 0.0441964666436747 -0.39619452569417657 0.036858165095539956
v 0.04665735564755545 -0.41158348326797706 0.02523988774986333
v 0.014029278333981928 -0.2449995843466382 0.2310814083743975
v 0.015859823362862593 -0.27378306384577406 0.20809211075606934
v 0.015725317450854804 -0.34092635919878506 0.13748374339568412
v 0.022963103972980344 -0.4032721627104092 0.07864611673412693
v 0.02270825349740848 -0.4188256759073088 0.06298341790052235
v 0.021930328869006838 -0.433209019604806 0.04906355685701019
v 0.03401762507421406 -0.20961168630423563 0.17274446696204984
v 0.03190272287389284 -0.23732480081465257 0.15756145200195654
v 0.027219004263754037 -0.3082677703013594 0.09035499602392297
v 0.039621620502110697 -0.37279478646733205 0.038161638757090936
v 0.04309728602275998 -0.38948301623900206 0.025944133970145975
v 0.04634757618723685 -0.4056128024751346 0.014935169310710067
v 0.031564395477875026 -0.2290419606438767 0.20601519875902843
v 0.029514007812511327 -0.2550057220104818 0.1856819634941771
v 0.03417858339444747 -0.32586776849042365 0.11771780958661383
v 0.04145303371893748 -0.3869965844870973 0.06136802036845296
v 0.04196306149135723 -0.403698633242514 0.04733995582433872
v 0.04383789895076155 -0.41918635056155257 0.03534329379390785
v -0.0007038168838523182 -0.25002884794524355 0.2437564344206531
v -0.0013256434576324732 -0.2736587723474634 0.21281571968193969
v -0.0008911281199737973 -0.339553895041159 0.1407257097287095
v 0.007621307614543885 -0.40375830281272734 0.07974090423628442
v 0.008826257671350946 -0.4184695423213866 0.06285570938394325
v 0.009409358157716846 -0.43242121548206375 0.049347393929192775
v 0.0552334796606165 -0.4294072645063455 -0.001629303045579997
v 0.045322461470376205 -0.44896785405379525 0.009162653434689364
v 0.003135264395068947 -0.4526908227473171 0.034287783403974696
v 0.04696045113942687 -0.44058968711595586 -0.005015912258244882
v 0.040991027389263114 -0.4507161481244142 0.015501490646170825
v 0.0263479384788032 -0.45537254935387855 0.01867157928085693
v 0.05230159910728097 -0.4226149013061244 -0.003779954062930197
v 0.02848309091157599 -0.45092726075577694 0.029023905959245352
v 0.009719830289171793 -0.45341520810686065 0.024871673737720836
v 0.014003206992545791 -0.4599924543073567 0.021558492530602186
v 0.05008607488868462 -0.44191282865089415 0.008567748621245206
v 0.014944306807649398 -0.45440236018235974 0.03147879398795551
v 0.007879665088650038 -0.46104525900713916 0.017274282713376693
v 0.05183824305929159 -0.43509656585904427 -0.006029463399069454
v 0.047472890018849676 -0.4337195660934832 -0.012374391741860662
v -0.032431135019250316 -0.17060553853325838 0.15009663794295278
v -0.02723308834909381 -0.17497157255773862 0.1422843679690632
v 0.024879526958030924 -0.46099163389937386 0.008361562951141207
v 0.03125910109717585 -0.4667086687172995 0.0006384006998263828
v 0.04185125723191198 -0.4436885056088309 0.02333296346496972
v 0.0353522792814336 -0.4418062936598198 0.03189287187676908
v 0.04711717298419073 -0.4482653916538857 0.001470260019997324
v 0.046845932936357984 -0.4505294200857391 -0.00929635535761691
v 0.05464438457086774 -0.42804805999832163 0.006235067787785359
v 0.05179760191084042 -0.4254901901197386 0.015066886183205482
v 0.012247331748732888 -0.4640237575313124 0.0094302414884411
v 0.016857622743662443 -0.4667271056713993 -0.0010504860706555539
v 0.02106297351966824 -0.446353963310412 0.03518884047508664
v 0.047769464591030195 -0.4437985628631524 -0.01615992694607436
v 0.048926367103492005 -0.4212313622919229 0.005451285795730919
v 0.042774230210225056 -0.45887444209934797 -0.003314753037390836
v 0.045841915442612576 -0.43329499858460857 0.024008992726901254
v 0.0025691018201274363 -0.4618689456473399 0.01309955021936786
v 0.005802060771291347 -0.4688260090719172 0.0012268832078359115
v 0.008543387855425954 -0.4481668629592268 0.038221743844399164
v 0.014847753370120923 -0.44136729174080436 0.043439983693077805
v 0.003917639767628126 -0.4362301193828105 0.043616173104578874
v 0.04768684902454656 -0.4223979901758295 0.02480251097112336
v 0.040722642004867665 -0.43086368434321215 0.03405088947964068
v 0.028210953818288326 -0.43768700167229935 0.04013240966269927
v 0.04676975904038838 -0.4110381179625822 0.004327244043415396
v 0.047985488735619586 -0.41624893770603877 0.01491690140109647
v 0.021240711656070475 -0.45720412578260405 0.025394320810171876
v 0.04969820581235031 -0.44027378916597754 0.0022622766619976938
v 0.05370069400022328 -0.43548637451015787 0.007310181478199719
v 0.033401185009271854 -0.456979648124678 0.014139946105845392
v 0.03489252076098536 -0.4516699707444229 0.02187376248593191
v -0.036861818985618404 -0.20971412459388597 0.2615839998688912
v -0.045789120930615275 -0.19959604559984112 0.24075266459192346
v -0.05499593064559824 -0.19509645516561386 0.21812490024248748
v -0.05281008931387475 -0.18588401737304774 0.19471811526181657
v -0.03985992888006173 -0.05319026531710753 0.3463639944745402
v -0.04201411748399697 -0.16287662542402123 0.26291073443131513
v -0.06182069833885895 -0.12790597260564984 0.2799865247177967
v -0.05822420083717979 -0.10327504448159892 0.2859268358224762
v -0.06610660178741214 -0.07876992692885923 0.2872654995400869
v -0.0714643577692326 -0.051041513560498214 0.28558672792194345
v -0.054797601852855274 -0.16330190812866527 0.2382874475216945
v -0.06147459469177431 -0.1338423418032139 0.24827248893741813
v -0.057978200321457334 -0.10799125700853257 0.25017802531519984
v -0.07148089983280113 -0.08194179125992211 0.2493154487026279
v -0.07156901189167826 -0.05338678672719511 0.246315994373947
v -0.057839414884296024 -0.16421028913049032 0.21306094489722713
v -0.0536989600642407 -0.13865256003672718 0.21980712202796013
v -0.06356857915487002 -0.11199648275656386 0.22086569338301099
v -0.07323090307272316 -0.08318680538640566 0.21880550889673728
v -0.0696060430554132 -0.054179639595784965 0.21696001866112818
v -0.0528749214996384 -0.15839968064637253 0.19100152202808204
v -0.056821919019371094 -0.13653614889546944 0.19610509984329097
v -0.06488975546444926 -0.11164499835909121 0.1966463549820447
v -0.0726924437021657 -0.08383800435257023 0.1942680587236695
v -0.06840334548607507 -0.05515469758354039 0.1926550182479895
v -0.055464164130438386 -0.12941282407093982 0.1585205435602266
v -0.0631056866453905 -0.1078261499184226 0.15750857953518946
v -0.07017008311420309 -0.08239427474667399 0.1557366636899617
v -0.06631025436792527 -0.055804466162276634 0.1568278864449112
v -0.06208450582478343 -0.10537717673291337 0.13562960461330065
v -0.06910803445465509 -0.08088967868986167 0.134339333180557
v -0.06462295531920052 -0.05439266046298874 0.1355099490032756
v -0.054120216698350425 -0.09818707449786156 0.0853668213800779
v -0.06250938974488761 -0.07475480677084312 0.08612769805885076
v -0.06174609203373309 -0.04910660255802949 0.08723768808413142
v -0.048184413223461606 -0.09336120725126139 0.0632168513960509
v -0.05749839603561746 -0.06976529602888894 0.06399302351102278
v -0.06041430519786658 -0.04438475683296346 0.06458605852094262
v -0.04446160902317134 -0.08835802655802695 0.041826326448844535
v -0.055704568491448794 -0.06494260430954973 0.0419365933491596
v -0.058653589412687425 -0.039716788247557124 0.04245168109372967
v -0.04529196388082083 -0.0860999332703896 0.02018284574384256
v -0.05589503861563587 -0.06242423053272793 0.019746456935573767
v -0.05768087620140608 -0.036462834407939834 0.01992522928583626
v -0.04898157528859657 -0.0889530367686346 -0.0020323974044350497
v -0.056428617424548654 -0.06350587648132192 -0.0031900302777630434
v -0.057310444289722456 -0.03768165504842498 -0.0038230675407999602
v -0.04620537692381204 -0.09157288803809997 -0.023570926382941993
v -0.0536478209393102 -0.06694963480358454 -0.024821929726753553
v -0.05673994257801379 -0.03946185539232866 -0.02432368053275793
v -0.04230535830687571 -0.09635844086186617 -0.04270402853070275
v -0.05141233483526987 -0.07234040208937036 -0.043262386015400014
v -0.05604182175013278 -0.04337560955356647 -0.04284698909029351
v -0.042841441318271035 -0.10456405766054823 -0.06333864685404483
v -0.055422889926577006 -0.07978883301812381 -0.06226562038209925
v -0.05698346398929179 -0.046697829391962736 -0.06177771822128169
v -0.04446886603828108 -0.11266358796281213 -0.08519163054363503
v -0.05957421667842574 -0.0862923171650491 -0.08258144156409568
v -0.05745160722672206 -0.052071483220578106 -0.08201803343251915
v -0.048260397668408714 -0.11823807574729163 -0.10404747515160612
v -0.06463796140937547 -0.09138526170852193 -0.10124889496332606
v -0.057624586144924946 -0.05646980884017652 -0.10076060201394724
v -0.05868122356734004 -0.036397209643708954 -0.09089244990587693
v -0.06453460164220187 -0.07165755981490368 -0.09111050054341492
v -0.05471412553708217 -0.103789038460029 -0.09372271193432567
v -0.04544938659590113 -0.12880789176353882 -0.09394746997340926
v -0.05833473931103528 -0.03302525518705724 -0.07485057000584755
v -0.0600671604098897 -0.06635757130830779 -0.07194570015676179
v -0.052022944012281 -0.09805275425963292 -0.07325266944865548
v -0.04307766807566429 -0.12045643711077222 -0.07277822716428753
v -0.05779302596236224 -0.030082824454222425 -0.0511770806046954
v -0.05555029809238949 -0.060684595039591865 -0.05218979693571111
v -0.04864762448316601 -0.08947089792806232 -0.052510873965379457
v -0.038033643631456955 -0.11049013480533569 -0.051486612979388474
v -0.05773807306659474 -0.027957956152093153 -0.03521018634400581
v -0.053751384867079074 -0.05534000557457368 -0.034204913488595466
v -0.04890595702508492 -0.08231960409210225 -0.034016113513314135
v -0.037033664702343816 -0.10263694361252934 -0.032843291470663255
v -0.05767795415452 -0.025806650104068816 -0.013909128797989901
v -0.05358232726919772 -0.0515091135402727 -0.01440350207985576
v -0.053700805688005795 -0.0783248700960618 -0.013872114397743879
v -0.04121302345943203 -0.1002560478343285 -0.012174128474858223
v -0.057976949568644985 -0.024633233731493558 0.004885647229966585
v -0.055884708578515026 -0.049449482469435 0.008524681866665686
v -0.05373701171869367 -0.07550069083515536 0.008698838789212194
v -0.03802402054085245 -0.09590635182594012 0.00924601832140646
v -0.058655329732256456 -0.02467307392375539 0.031152382007297905
v -0.05723373326983377 -0.05072543177455933 0.031071506435802282
v -0.05195170650377175 -0.07564518943647905 0.030948202513143435
v -0.03618266349000827 -0.09606456482760278 0.030582333181446354
v -0.05991978491367746 -0.028718179201802193 0.05341929943727325
v -0.058440465331924006 -0.05484365202776521 0.05318911802973948
v -0.051704866451290986 -0.07930682816573434 0.052963054286512413
v -0.04045399040474726 -0.10107237605609713 0.051251759481805985
v -0.0619021446751539 -0.03212179496511245 0.0758392231982069
v -0.06164829085563665 -0.059913322672483484 0.07533357905749966
v -0.0559718963159575 -0.08440327935831636 0.07475976687513793
v -0.04584888510899223 -0.10567461857451296 0.07278592297491068
v -0.06381919507282631 -0.0371155793535349 0.09862681079484373
v -0.06594945810456133 -0.06408079613659397 0.09778105782921741
v -0.0620189693568816 -0.08907882502383418 0.09722943416232512
v -0.052471405837976735 -0.11041393151282577 0.09678439139148212
v -0.0657169495628687 -0.03887317321351527 0.14772073082914386
v -0.07073152683775509 -0.06850036021841 0.14613314922353515
v -0.06640123987690519 -0.09441012546104723 0.1462296094943062
v -0.05862597316799331 -0.11781047371671169 0.14818664977966636
v -0.06671597942823675 -0.03981367931004131 0.1657029955026696
v -0.07185188245133911 -0.0693495259938961 0.16454966349015065
v -0.0674813512846476 -0.09635577103129331 0.16574486022230753
v -0.05990188539479991 -0.12070357105085606 0.16770064420087996
v -0.05298038541651739 -0.14044104246028538 0.1666040560782747
v -0.06900211404122052 -0.038446933634930805 0.20377307806655126
v -0.07404222109505154 -0.06875894678008074 0.2047954367613113
v -0.06940701373750915 -0.09804784701646851 0.2073128507455317
v -0.05949282184592368 -0.12524954676084765 0.20825131582732195
v -0.05304356747380296 -0.15007793684149903 0.2051752018364644
v -0.07075603553483771 -0.038903764724388945 0.2305098585133757
v -0.07435063307596271 -0.06798875651634233 0.23173654374978658
v -0.0681961673633592 -0.09728893544581328 0.23423113722257707
v -0.054997737927954544 -0.12398964969972237 0.2347073996062374
v -0.061067276899705675 -0.15131030073883864 0.23010678075778387
v -0.07321452010850367 -0.03802111484120406 0.2594357686011034
v -0.07189233962908452 -0.06641835118613004 0.2669825985367194
v -0.06224165426858162 -0.09293474177827199 0.2675830651203919
v -0.06107135038103193 -0.11524748394821456 0.2663026006935389
v -0.06190155684694301 -0.1473572416597279 0.26028445171237446
v -0.06853259185099757 -0.03505359959582185 0.3002917754734561
v -0.06524735312698306 -0.06420120703069566 0.3067593280978558
v -0.05810613832772435 -0.09046464080470583 0.3062908758353965
v -0.057992212231687545 -0.11382994790675922 0.3006036719654513
v -0.049849914469657385 -0.1537680353545715 0.2869806408631355
v -0.051952925859277646 -0.17302344035459383 0.17062608202969523
v -0.06768746764236283 -0.039365510213591415 0.1822959140497255
v -0.072946515001126 -0.06952609798758096 0.1825719039806174
v -0.06865912598097353 -0.09777613453715905 0.184926017745504
v -0.06075396727121975 -0.12335952317142507 0.18647979082746163
v -0.05476612835412411 -0.14544274156410716 0.1843351442518928
v -0.05704191646176439 -0.13299515312759116 0.17659926807632997
v -0.0641785237779892 -0.11011594235717642 0.1762589810732552
v -0.07143604730959432 -0.08359455505202408 0.17387257735103012
v -0.06744813733415415 -0.05585732175162411 0.173309889220206
v -0.05159213119274126 -0.15167100806197048 0.1726822596807168
v -0.024077267726531043 -0.17165999710949761 0.31662794777867626
v -0.055402979103454424 -0.03474697942326442 0.3367421632061541
v -0.044724932828846084 -0.06426804346660209 0.3365144531118669
v -0.026854764940016727 -0.09171148087261921 0.33891070200081974
v -0.022523325922447615 -0.12612848028066104 0.33138641387199375
v -0.041928479126815764 -0.13798687710582486 0.31055764549754494
v -0.04375909242074238 -0.10325015677705404 0.321660303027165
v -0.051609832501741684 -0.07715446214787412 0.32349021674208117
v -0.061311588082742036 -0.049499012357959206 0.3234761593701728
v -0.02782597408064112 -0.178775692476893 0.2889013201455488
v -0.06430856576297309 -0.03869508678367532 0.11909193017707888
v -0.06902706049284733 -0.06675461277368831 0.12222078263406135
v -0.06534114089264054 -0.09227806063778418 0.12208081369336096
v -0.057083076115601795 -0.11464884815735678 0.12349537058720066
v -0.05973347486919832 -0.10233333700218566 0.1098011986847531
v -0.06709745111423471 -0.0785460430608136 0.10936189648509391
v -0.06318901733708451 -0.05303384542108576 0.10967026410326992
v -0.003436587709962534 -0.46800741074341673 0.0015776668447874686
v -0.008504082725084735 -0.4546780253220543 0.015529889711059055
v -0.029717130968320755 -0.2276026979195034 0.2515233312480742
v -0.01768611258374264 -0.43588757263730604 0.009772966318006865
v -0.051740737976551404 -0.20134851428960035 0.19463168705897085
v -0.0036080771876549618 -0.1786346139758297 0.13627776909371106
v -0.040359429931099665 -0.2172410943869852 0.23531732171000466
v -0.005323653899450744 -0.39949662416339343 0.07545887070748607
v -0.009239315109432428 -0.42623931337684257 -0.006854167642950076
v -0.007275952376193886 -0.42092648712921016 0.049425636851579184
v -0.008768979645948732 -0.4049717721283285 0.06231680139114574
v -0.024613113574033493 -0.24872865942560224 0.21745831176962607
v -0.05093959163298823 -0.21102391036434812 0.21634550076546036
v -0.04416507186684657 -0.23516576800347747 0.19532071684424718
v -0.028234027236821606 -0.3951423350252065 0.04699490171129045
v -0.020709527012668864 -0.4114212828799812 0.034668832564268545
v -0.020918533720935235 -0.4411224495514349 0.002455652112904912
v -0.024480146821079508 -0.4062421466869665 0.023093005558137807
v -0.028575112711081076 -0.3876678628420401 0.03486503079333985
v -0.04354822093110818 -0.22389514262724727 0.17482926694678588
v -0.04961034395434706 -0.1923561473467541 0.17144515176207276
v -0.05366447348398173 -0.2134723113694742 0.15495289822661126
v -0.02343184208604244 -0.38136778059769455 0.022941783606183146
v -0.020586563622412134 -0.40053849426672966 0.01088246751645948
v -0.01346208218455439 -0.44969410123414144 0.0017676720939978558
v 0.0018186735291351695 -0.3913938124354572 -0.005963642590124523
v -0.0017787216359680467 -0.3724427789744929 0.004920784328458676
v -0.02995202527909018 -0.2026516787668698 0.11969097383211784
v -0.016894661361640462 -0.4174573776162833 0.04446628165435004
v -0.018145225691593433 -0.3993622398834338 0.05526894966007567
v -0.038271968843304444 -0.24221484111006655 0.20766710086820928
v 0.013016078388671259 -0.42434158316624976 -0.016328878662329526
v -0.003309660893168376 -0.41514337899911835 0.05876925589329129
v -0.04719228795947519 -0.22784535242500256 0.21437408809231545
v -0.03949948044861778 -0.2520212026097129 0.19218827787797324
v -0.03929050083105931 -0.3245499617971192 0.12988910307494766
v -0.02605906664915745 -0.3881051952843082 0.06035696474873272
v -0.022240633636067868 -0.40675093000557455 0.04565180667973046
v -0.01834703207564795 -0.4227082747964562 0.034948091135873605
v -0.04570577462748737 -0.20614266270469586 0.17430058110416868
v -0.04822314062194229 -0.23111586671052786 0.1527385861203504
v -0.045642899630697585 -0.305153645368286 0.09698516348044343
v -0.027721009170690147 -0.37328859945494797 0.03668312172842113
v -0.024958030286333702 -0.3941919361268491 0.022416093650054047
v -0.021870485549660222 -0.4122298402985156 0.011601656603520416
v -0.03511611612263681 -0.23511730995278282 0.22855884916818614
v -0.03083068733707409 -0.2584166706641108 0.20062989702053088
v -0.027341809951795165 -0.3309462368715403 0.13636136700409862
v -0.015079028838468357 -0.39343125763209186 0.0677649672062282
v -0.01321038914215118 -0.4111816062012409 0.05289031200405282
v -0.010799152349818953 -0.4268160288706047 0.04146679664599317
v -0.04366772486707473 -0.1886877082671647 0.13865048271162123
v -0.038099862408608645 -0.2191348003689726 0.11352490290624244
v -0.022634055087762502 -0.2928247221911485 0.07335323908133921
v -0.01125113555417158 -0.36330268740816407 0.013790559571368724
v -0.007298282247281627 -0.3839539031350241 0.0019119185652597946
v -0.003934805671560697 -0.40249340279439194 -0.009484354430142658
v -0.05026579873098033 -0.21855116542888636 0.19496648515639614
v -0.045831242089093296 -0.2424103497959916 0.17493168812054716
v -0.04104273605517383 -0.3132299244194519 0.11524100797552428
v -0.031577040264769526 -0.38086453339011533 0.04920978072201662
v -0.02611756193292314 -0.4006084501482643 0.03457858059776693
v -0.021856429426671223 -0.4175421280046484 0.02431416675831223
v -0.0180572292035283 -0.2226939624866369 0.2765912611113833
v -0.021148306245496774 -0.243672096069146 0.24085411346351376
v -0.015492898285340052 -0.26282022378596226 0.20687660379482148
v -0.013795814545069082 -0.08065836996728369 0.34869391302191205
v -0.001234309312490567 -0.42908858764578056 0.04558754505612393
v -0.011846516548595688 -0.4259836569296857 -0.015595466245415255
v -0.011019781784059324 -0.4416342846135495 0.002773600362852215
v -0.006367166035729614 -0.43515714505765435 -0.01497603783081316
v -0.014992865025848233 -0.44316251345048646 0.011003292858217445
v -0.010683000593753201 -0.44798336417138224 0.018398361709028074
v 0.011726105533115034 -0.42639156252234905 -0.025161717418385833
v -0.012789399833143675 -0.4493861365254555 0.024070785440125766
v -0.0031874679345792857 -0.45148378969178243 0.019361826058338017
v -0.01357210942240914 -0.4343684386041631 0.003973671799118945
v -0.005128072834263997 -0.4519961712687972 0.028573189834190396
v 0.0017491763843519325 -0.4492711025639021 0.02488339408251221
v -0.010361443169036366 -0.42620758700736916 -0.014869121224447869
v 0.010410564474238458 -0.43040872357243615 -0.018788386342497677
v -0.010668858469298026 -0.45595025406500067 0.0069309958275142886
v -0.013501198004762297 -0.4589056332787895 -0.004852407557128205
v -0.01837035239813001 -0.44584433182998895 0.015595412247076093
v -0.01645186176373086 -0.43968189901685945 0.025183206720517454
v -0.01286869982954184 -0.442509258332715 -0.006370659290332645
v -0.00797071722598865 -0.44596496978844186 -0.01828009612320103
v -0.017098796548767826 -0.43557913795855935 -0.012601879328463047
v -0.02083863038164647 -0.4302236775324272 0.0002720077811204356
v -0.005940591344771774 -0.46096806668404716 0.009554199906467446
v -0.010034654788011991 -0.46472061557473854 -0.001268120675882456
v -0.009370929998688438 -0.44299855449324915 0.03133154198008987
v 0.0010260711525052518 -0.4344303042494553 -0.028111273003494936
v -0.014810455406770959 -0.4245877111636267 -0.01400593363399437
v -0.014592114457909007 -0.45217646282318863 -0.011073929959754203
v -0.020327005792821054 -0.43531106719291757 0.014472926710982536
v -0.001157185456751861 -0.45809258572032463 0.01710414340541745
v -0.0014488189226585348 -0.4456649597400259 0.03597337796344767
v -0.015159631844690638 -0.3354454886896083 0.14009657605469666
v -0.005118843470895857 -0.43586282316060193 0.0375970462310899
v -0.021532155653574366 -0.4238799377881327 0.013013834704005082
v -0.019652755194824578 -0.42884326546069007 0.02523012487001962
v -0.013790400009680662 -0.43299978937568395 0.03351295789116025
v 0.006185858454848072 -0.40968762411635595 -0.01708882940359877
v -0.01864604160222694 -0.41869778887936593 -0.0007162286134146362
v -0.005303792090219988 -0.44497697501012373 0.02326972314808152
v -0.009546873899096416 -0.4343492312238463 -0.004992676208316407
v -0.016177463574771764 -0.43118341893208945 -0.003698087974700026
v -0.009810411608165108 -0.44820873164091457 0.010789438916352985
v -0.012305336354941116 -0.4407196774661201 0.019490703377147384
v 0.016945842439342308 -0.1622315897054925 0.1218806636085901
v -0.02229777774771856 -0.16910901968546047 0.14435657749612357
v 0.005483243887563853 -0.1860964659471931 0.140421666912696
v -0.0011759522553015866 -0.1742831898143729 0.12281777148884661
v 0.012088767066422644 -0.1599483315315337 0.11215209432928845
v 0.018091110812447325 -0.1838580365439567 0.13987288082266852
v 0.014882928248357866 -0.14779308426442775 0.08945648863718261
v 0.007840174821841982 -0.14423079260818375 0.07548199182139144
v 0.021010226126426085 -0.14469048602137932 0.06593088277182454
v 0.026782498086623606 -0.15023508351009562 0.08213786928757079
v 0.013213365339606063 -0.1393262667325766 0.05509816673461798
v 0.021727857521546663 -0.1462333418073603 0.045652513521698454
v 0.02803234387915473 -0.15297255411771715 0.059167316582905256
v 0.014922033549102261 -0.13987223469897372 0.03581136032308511
v 0.019448069084383093 -0.14963931734264863 0.02648189550623822
v 0.026262867982829226 -0.15569622398957864 0.039340432516026
v 0.013638995411179338 -0.14379667957118678 0.016799570097608
v 0.01820629357890169 -0.15345641867585266 0.007423540686258237
v 0.025694716289731488 -0.15809656818453743 0.019581084236009978
v 0.011378082873693279 -0.1476275740321798 -0.001969026146172297
v 0.01891553826322926 -0.15371323191345893 -0.011853567276261981
v 0.02743349802087063 -0.1582028401626304 0.00020341076846830405
v 0.011342298033211943 -0.14854238436953374 -0.020817181595377647
v 0.020166356304564398 -0.15299525997116142 -0.030144205570245757
v 0.028801475083711496 -0.15635420016379237 -0.01863349145391747
v 0.01335950377896192 -0.1492626670631956 -0.039089818769549985
v 0.023231313581572342 -0.15315649575283846 -0.04827731130717559
v 0.030381746433441378 -0.15476924647742132 -0.036605908686440196
v 0.016017045219044353 -0.151847890282029 -0.058251259840620136
v 0.02533410248643169 -0.1594705288322264 -0.06746572079504953
v 0.03275008203624255 -0.15818971516324287 -0.05486469533071618
v 0.01666870081404146 -0.16105935007118047 -0.07803526430345863
v 0.028063219378639342 -0.16239068326207745 -0.08909253811596685
v 0.03586072425125882 -0.15940462360114718 -0.0756599856765709
v 0.019024528052906418 -0.16420827435382643 -0.09945022958763751
v 0.030390290116470414 -0.16017969469395102 -0.10980622409141118
v 0.036921485651476994 -0.15580922787644275 -0.09683025350001687
v 0.0029926760242926374 -0.15902183349013307 0.0968905458432698
v 0.0200819169914184 -0.1535841323919916 0.10705942957533288
v -0.004274262752125386 -0.2051217755776646 0.1455573629674361
v -0.008683176661832222 -0.18856416560281317 0.14365010252109503
v 0.011353345677426773 -0.19780164462374436 0.14930793628358335
v 0.03685316275365897 -0.4281678658145699 -0.012583149749227147
v 0.030262805681854642 -0.4280735659901293 -0.01627934647647841
v 0.039313552452492906 -0.4244695205802057 -0.017365134590088812
v 0.04397072744284737 -0.4235433044947146 -0.010312802621024788
v 0.027382577146432958 -0.40187795441766755 -0.0034704001000792767
v 0.017955871711542778 -0.390678978758665 -0.0031092670727809334
v 0.023495727919470175 -0.3832291973008658 0.005418968636425083
v 0.031680590880366205 -0.3971485203903746 0.005152154705483337
v 0.014539220138656467 -0.37199955139102914 0.00677925339774043
v 0.020692217968594048 -0.36403755750375805 0.015031193638615391
v 0.029144279034155462 -0.37798636304604377 0.013148291597453197
v 0.011902421935084201 -0.2900222164223212 0.060848890225676404
v 0.002090389344353428 -0.22594620800081866 0.11714397297397112
v -0.01006787699627964 -0.2101019387160596 0.12599624130462989
v 0.008644158629622275 -0.2207425340648952 0.13444055277162426
v 0.03269171759296791 -0.4329725267690484 -0.02796350459066731
v 0.027098922833438895 -0.4298775660296124 -0.01805865220126833
v 0.0415004923831585 -0.42949629944905166 -0.020861155782548876
v 0.03016214535717505 -0.421364284972215 -0.022635683429588365
v 0.035995778313754084 -0.4138529242806567 -0.01652914101657579
v 0.04708565782704337 -0.42017976174749155 -0.01691500933939429
v 0.023606155176922595 -0.4069784569991458 -0.014270673274734186
v 0.040782038803025555 -0.40870494681418507 -0.009060643993891624
v 0.025791167656164595 -0.18688584201690878 0.15311673114675978
v 0.019092738288712493 -0.20728278311722453 0.15510908765283918
v -0.014363174425034708 -0.17658710702524216 0.143690041610635
v -0.02290958985168402 -0.19560139466549223 0.1364633759339737
v -0.04752607529233835 -0.14551800944972787 0.15579320585366993
v 0.04516802222396445 -0.43716681058162404 -0.024730759737853367
v 0.016675129327377605 -0.43336966261107707 -0.02752578267906182
v 0.008128978879551094 -0.38120188299012453 -0.00046503407767435145
v 0.01224967156114739 -0.3989301397682998 -0.011810244397044686
v 0.036090351850605225 -0.3856198033286889 0.014723197653484902
v 0.041201808370022616 -0.40133989540904036 0.003969549277415121
v 0.045231720950244095 -0.416965226938854 -0.0061408243656447025
v 0.018064619335833615 -0.4163130661141002 -0.021500277954274453
v 0.0044897747814290285 -0.36145225452233765 0.010190009363120915
v 0.03258521871440597 -0.36795515390908795 0.02548724587425998
v -0.00701605658993052 -0.28929988549617286 0.06455619411897438
v 0.02400330403988798 -0.2995966503786226 0.07279430119271232
v -0.01794643720821154 -0.22127623308869124 0.11009510455877128
v 0.0188243581555112 -0.230445430949923 0.13431137562558762
v 0.02028149226637713 -0.4282659516071784 -0.012403020202850026
v 0.021776802668499528 -0.4281793625651237 -0.020324808044204196
v 0.05250980531687755 -0.4240595025540223 -0.012546112528247238
v 0.049718783438882926 -0.42643959999998404 -0.012287891732987062
v 0.003924686504630696 -0.4273056688650154 -0.013359528555202225
v 0.003706166387006269 -0.4275858996915656 -0.01779195447405013
v -0.011215721543279523 -0.4386779045226183 -0.02553422222203517
v -0.03585322638491313 -0.29672472703772035 0.0839435151828387
v 0.00015113572807051265 -0.4207095302247256 -0.020732033009123223
v -0.02111669764680238 -0.3677329557844951 0.024599893261233997
v -0.018131131956331765 -0.38867103634770545 0.011078289966734624
v -0.05488300103783387 -0.1970288515680916 0.15787017704911213
v -0.01588310796574525 -0.4070006264808736 -0.0007835481714553973
v -0.05240511091342843 -0.22267581750944687 0.13085341061011077
v -0.0027323055310409876 -0.42183791816665983 -0.013757638329441003
v -0.04876622232470131 -0.20463329306332748 0.13312651680794815
v -0.011871348717491084 -0.3955163942567245 0.00023782168969746059
v -0.004544487384461588 -0.43031137517229373 -0.01932141114056815
v -0.005446527644607348 -0.4308655985647327 -0.02233336670520134
v -0.04800785634542018 -0.17901701455442942 0.15446901973226485
v -0.009462098969256719 -0.4136977266602647 -0.012229027673220373
v -0.015083692923692193 -0.37625605160365305 0.011947278638273056
v 0.005508437694054567 -0.1778614060002985 0.12816966136979
v -0.011810619882217517 -0.17248699747740454 0.1335130883086328
v -0.02777586856518526 -0.15635007368826281 0.12097204367599616
v -0.01999663515277636 -0.16487973548666468 0.12784525510657524
v -0.02885348677995972 -0.15362965032260686 -0.10100346827107645
v -0.02666195446658333 -0.1442752067535371 -0.08182027916918974
v -0.03455407045733983 -0.1451373702420668 -0.09191976608668762
v -0.001520089372998067 -0.16181140647971703 -0.09552884872303676
v -0.02297332433582993 -0.13413773539215423 -0.06133937908288566
v -0.03068291002409914 -0.1345666226753286 -0.07144903705059824
v -0.0012410466525948568 -0.15422363636217865 -0.07507798175511493
v -0.020361055170968086 -0.12568141191590818 -0.04220939899173139
v -0.026395181372562054 -0.12439846941141093 -0.05131534389198862
v 0.00024012786182233008 -0.14530709173947967 -0.05552382953437442
v -0.019661258006469385 -0.11997269099398997 -0.022915382870809232
v -0.024917756497875785 -0.11696019657165259 -0.032431522890285815
v -0.00037353505171049595 -0.14091704825881815 -0.036308575389224086
v -0.017980596594807097 -0.11550803690683384 -0.0032194425106413667
v -0.024888477791578448 -0.11222978829810545 -0.012460930889377336
v -0.0007248621757170232 -0.1378105161494995 -0.017518804750090752
v -0.018853356237787555 -0.11550840849204072 0.016396384478370035
v -0.022449662095208385 -0.10862695760181619 0.007760114968661005
v 0.0012791553227629998 -0.1342864595113517 0.001134220977764881
v -0.02277989014846354 -0.11840147067242097 0.03557125012453981
v -0.026405494857428484 -0.1122179518570835 0.02732651900202755
v 0.002920760616672157 -0.13089135179616823 0.02000533924731339
v -0.028700249153931903 -0.12291751750648208 0.055165255951257666
v -0.03085482340229174 -0.11585323282648652 0.047208370704352506
v 8.238550018361709e-05 -0.13079658136052963 0.039157802722510786
v -0.03541019429552407 -0.1282332759458026 0.07761476744380343
v -0.03654366183262955 -0.12014640959304479 0.06843988942686445
v -0.006387140635201867 -0.1381727532126172 0.0561437821907462
v -0.04199936038741034 -0.13464436081255235 0.10512313544893745
v -0.0435187581317343 -0.12567891509571863 0.09361662195251928
v -0.013343642417630391 -0.1476985462427911 0.07605544908218521
v -0.04857580272576685 -0.13150532396802736 0.1219993363746924
v -0.018579848234164212 -0.15756228255945726 0.10182244532104673
v -0.053918114809995914 -0.1258818946378634 0.13650693384135704
v -0.05091229727284881 -0.12144179172056804 0.10943150285189479
v -0.009627611292639726 -0.16633586023191352 0.11064276428007686
v -0.005753191719277966 -0.15428722066281944 0.08522278408424293
v -0.0503629369145184 -0.13595022298882797 0.14759099545507667
v -0.044493823078517264 -0.1161744762927229 0.08269479622405032
v 0.00019954946293184887 -0.14095440151565874 0.06525642587571048
v -0.03807044041582743 -0.11142124880773786 0.05987702056949498
v 0.005823055445052522 -0.13484567439127826 0.0467751258915004
v -0.033194650160117835 -0.10725047336627345 0.039101590828837164
v 0.008671806460616138 -0.13495604828365929 0.02766755126980918
v -0.028890972553590286 -0.10284760252940248 0.01917285388255806
v 0.007491561636859975 -0.13867630358389052 0.008747983349952426
v -0.0314911221794575 -0.10490088755990856 -0.0016470879348925512
v 0.005026755902145938 -0.14210131220270208 -0.009918605692334981
v -0.03223283994685582 -0.10889093629170182 -0.02233178017960594
v 0.005148400214753132 -0.14419968088351198 -0.028523739028514322
v -0.030405770636253885 -0.11354539575935649 -0.042025589293146245
v 0.007235172364442722 -0.14610895672047894 -0.047338618585248134
v -0.03439317584111664 -0.12332664299968041 -0.06120534520763305
v 0.007251991144363797 -0.15372696241825412 -0.06649916035806622
v -0.03966932430158601 -0.1341259346969886 -0.08241952663117992
v 0.007333055251160383 -0.16217567605911073 -0.08694315289400341
v -0.04172483024471804 -0.14217128918038702 -0.10187651298098922
v 0.009233358208643225 -0.16638159158527527 -0.1074045702927031
v 0.05310113430991651 -0.16135901413767603 0.15187186612626047
v 0.07599524308096584 -0.15383337434478783 -0.1029329890326976
v 0.07195504637109203 -0.14697764836533686 -0.08459363084410745
v 0.05669521298262007 -0.1525788814963466 -0.1023075041075384
v 0.08229192915688908 -0.1421647691974567 -0.09138628729385503
v 0.06602061429799731 -0.13822513392247546 -0.06626740273774763
v 0.051204647487184486 -0.146841069211454 -0.08336227731137649
v 0.0788428032145734 -0.13719364592383015 -0.07119056626921995
v 0.0629404966899879 -0.13708293242550923 -0.046672479228813527
v 0.048556676793980236 -0.1485996097987949 -0.06243981796960416
v 0.07372217032650089 -0.1313888198000533 -0.05203257241225957
v 0.06286962729633393 -0.13839254303266552 -0.02798938953731879
v 0.04856307661824483 -0.1519138682339344 -0.0432267013350298
v 0.07067347491864709 -0.12849856174088142 -0.03383909224776818
v 0.06226825326803945 -0.14087690658031596 -0.008989078325559428
v 0.0484080642095853 -0.15379254464511996 -0.024859144392928283
v 0.06828317892565662 -0.12955566719596223 -0.0147065124142475
v 0.060694276337491894 -0.1438746741694324 0.010073887261059539
v 0.04768030463231755 -0.15580240677508778 -0.006152190507483066
v 0.06586862017486966 -0.1325405057436451 0.0045441838069013125
v 0.059311146917325676 -0.14706543991498425 0.029585137292180513
v 0.04564215253524712 -0.158124911712738 0.012771774956062597
v 0.06427983076708368 -0.13593878810907564 0.023924565350496863
v 0.058558459073029506 -0.15017113364180157 0.05006598681783223
v 0.04396555828504908 -0.16060228420101472 0.03242867854462246
v 0.06340129771636943 -0.13878541063903083 0.04432021341041485
v 0.05755063129500261 -0.1541000868320608 0.07182269552580617
v 0.042858097138152015 -0.16295541292357513 0.05270872919610444
v 0.062433641341845425 -0.14179733811343365 0.06569048054515665
v 0.0557935223278528 -0.15902927709639783 0.09757055961346715
v 0.040588991358910455 -0.16464289367964138 0.07493995210333904
v 0.06081164768967849 -0.14591976256763883 0.08964175781151631
v 0.03520448087590356 -0.1642827661848379 0.1336915161376238
v 0.05365829595291518 -0.1631244505059047 0.12596554898496415
v 0.05616175067271042 -0.15126373595623138 0.14383884503792094
v 0.03719092371415998 -0.16370572883417586 0.1019456821873387
v 0.058628257045398424 -0.14971199962172899 0.11752294329094289
v 0.032465268916857574 -0.17307468576364565 0.15872743631611438
v 0.05729501480059462 -0.1379619861016053 0.15076524544877992
v 0.05994213917328493 -0.13587702095206855 0.12688678877630857
v 0.025979603277573617 -0.16732768617825147 0.1430166478561994
v 0.0247210604896145 -0.1564514944305231 0.11704957810204063
v 0.06195687691415243 -0.13332720636056986 0.09940376620328528
v 0.032389839531313254 -0.15673948159574927 0.09171621933988613
v 0.06364716610810554 -0.12995287262702945 0.07456442074964838
v 0.06551565274323064 -0.12734448811253046 0.052550191056511514
v 0.03305359652739928 -0.16026544893477898 0.06685597762982928
v 0.033757174309043715 -0.16157679846700876 0.04586703738071314
v 0.06755236369362748 -0.12550336800771356 0.031651470390633735
v 0.0346959358720676 -0.16124999102603577 0.025689923332748693
v 0.07000349033354965 -0.12270874504748662 0.012009631757912066
v 0.03673958963487841 -0.1595165679726248 0.006257765274051042
v 0.07401675189817587 -0.11969549111938445 -0.007418509472681269
v 0.038526536550875505 -0.15740926724804183 -0.012558650880583272
v 0.07811186145295174 -0.1182535586998221 -0.02699410063989782
v 0.03942060202440648 -0.1568196668842193 -0.030896472032428887
v 0.08014473586166276 -0.11975800130049531 -0.04593967595915145
v 0.0412044107940098 -0.1567603756827819 -0.04914167793208955
v 0.08372107200158133 -0.12451286379150214 -0.06499594127031173
v 0.04287468664790251 -0.1544732216743559 -0.06919763811633885
v 0.08523856617493782 -0.12885559838506516 -0.08584641990873626
v 0.04405863414890922 -0.15096178534429885 -0.09026412335416571
v 0.08415373108414073 -0.13335346532170167 -0.10574368681193796
v 0.049832717827374196 -0.15775342289995636 -0.1083534017921418
v 0.05359843635147824 -0.1534369566408584 0.16281916831016646
v -0.030019850822013087 -0.16201370255022546 0.14353069448421835
v -0.04511420301879809 -0.14046232319850985 0.13353033678944248
v -0.00947266794618894 -0.16144245661974216 -0.1035915119218801
v -0.009127204271640611 -0.15447794040683804 -0.08392992256511984
v -0.007088552599853128 -0.145741575849044 -0.06378560237720589
v -0.005854236233714579 -0.13878247218680095 -0.04450404533925852
v -0.005921511907474707 -0.1345888344345758 -0.02549190884869343
v -0.004566040335502726 -0.13066419451970734 -0.006618834962430682
v -0.0025578347178471963 -0.1272407079657583 0.01225016103984369
v -0.004335246101123346 -0.12662051008436018 0.031458782756395326
v -0.010887010102430199 -0.13251195215764033 0.04905294853707259
v -0.018126718248327643 -0.14028622594655604 0.06808423364031543
v -0.024780331775918114 -0.1486165419875763 0.09300805852769957
v -0.033555733314470204 -0.1478716253989184 0.11206757404004536
v -0.028407020915382053 -0.1404610829311821 0.08368533333737364
v -0.021234082847713574 -0.1334384377843281 0.06040193662001979
v -0.01410845584431001 -0.12702493774388338 0.04177223776758162
v -0.008558474638444686 -0.12277874895552575 0.023496056363699412
v -0.007719817011693395 -0.12369665079285087 0.004182864194576439
v -0.00990092125441778 -0.1276574126964768 -0.014829359877101997
v -0.010787074304738459 -0.13211120137681087 -0.03395422630010834
v -0.011705907650652513 -0.13802225233851734 -0.052980338640606056
v -0.014097320389083349 -0.1463399798717078 -0.07275673442296979
v -0.01618590151310216 -0.15545727177331173 -0.09277688324464256
v -0.03538919636372848 -0.15392999243615813 0.13855373995420414
v -0.040855716329791264 -0.16111739166366534 0.15570171581543024
v 0.11375996869451545 -0.1310065642259072 -0.19831301510303373
v 0.12222975791658783 -0.0966211825708889 -0.19692635481924559
v 0.1181760509240693 -0.05801144321475353 -0.19437588586604845
v -0.06351382102515642 -0.1214070784221653 -0.191765715943914
v -0.07367866015215108 -0.09020103400893041 -0.19272210878168608
v -0.06669332439925213 -0.05510905717359581 -0.19279679084320214
v 0.040942351997866326 -0.18440705502755803 -0.19253824739857953
v -0.011051532083395358 -0.1730225873131925 -0.19263349779171915
v -0.04586573332807577 -0.14644324573842823 -0.19152687862352677
v 0.01370712567437429 -0.1806637214193341 -0.19243537636441144
v 0.07688634580189582 -0.17075663111552866 -0.19676559133272278
v 0.09619820045384674 -0.15565264069867057 -0.19768512608404398
v 0.059446932911342204 -0.18128462488707706 -0.19381096222737373
v -0.028886203386626567 -0.1605349491599779 -0.19221234785973798
v 0.10837978826694787 -0.03969657343414551 -0.16302701466493313
v 0.09364514467793457 -0.13695322217366365 -0.1692423378384125
v 0.11037132684889264 -0.12915694926515883 -0.18399648898399154
v 0.11531312463447334 -0.11302991056498166 -0.1670106613052793
v 0.10143587833219198 -0.12546020622416035 -0.1610531084786913
v 0.1042506891044199 -0.12263089781912523 -0.15504162739404334
v 0.10174041981182065 -0.12409450226335773 -0.1517975501219952
v 0.1193010502211693 -0.0970419858967959 -0.18271235235875322
v 0.11618315228515379 -0.0785157554123976 -0.1651577112886853
v 0.11741012554000882 -0.09641910546144877 -0.15901265370536455
v 0.11771956137391326 -0.09692176813743528 -0.1535920319622421
v 0.11782202827667804 -0.09728396209903181 -0.14919940799221346
v 0.11470085263237664 -0.05938890548286274 -0.18024580260658699
v 0.11199078828771075 -0.0595730839372787 -0.15708135436849271
v 0.11228125857071794 -0.05955611231095549 -0.15160235403997244
v 0.11287676265020402 -0.0603719445965528 -0.14721277938040553
v -0.05659164522565548 -0.037244266110251216 -0.16210014122979333
v -0.0666488158585396 -0.10670879169237778 -0.1618484844182215
v -0.06195095257505718 -0.12127698650143487 -0.17737892318896253
v -0.052566346987862375 -0.13482841526633355 -0.1604023598587241
v -0.06145339595265217 -0.12081010510520873 -0.15315590446008875
v -0.06104893860386339 -0.12486129132010439 -0.14724136722968484
v -0.06454819122844284 -0.11976475945022241 -0.14384043498732263
v -0.06972197190473929 -0.072911361134118 -0.16271614223091158
v -0.07162835824605673 -0.09055720107390633 -0.17860865838166326
v -0.07011634487883808 -0.08961320578162185 -0.15488269996871365
v -0.07089258464474697 -0.09454307756558446 -0.14912162222053213
v -0.07204106987998285 -0.08756279038850479 -0.14543156504145888
v -0.0643089500650307 -0.05498378820047158 -0.17885358423299547
v -0.06336932167265291 -0.05570027866154746 -0.155536965241947
v -0.06312326387117266 -0.05487824218956302 -0.14991683445891998
v -0.06059146495188566 -0.04964419585908055 -0.1455447177896421
v 0.028388028459998188 -0.17452591232047007 -0.16197151552816594
v 0.04041958850239776 -0.17994739962646486 -0.1782513357292781
v 0.0519737333724453 -0.1764373308629833 -0.1621696841227356
v 0.04026364504956385 -0.1757791182807051 -0.15462081021828283
v 0.041340269667538475 -0.1770039981726615 -0.1495304135115775
v 0.039651128182842346 -0.17699245762406352 -0.1462151689193542
v -0.01776266603087398 -0.16685626122731062 -0.16145731722036924
v -0.011163764959374798 -0.17126914523302372 -0.17807164690799288
v 0.000861530395317482 -0.1698789302791987 -0.16177235424750033
v -0.010449869060370471 -0.1666629182377598 -0.15390991680303134
v -0.008864889771674466 -0.1675488438495061 -0.14842725930571837
v -0.012116361666437214 -0.16732482099816692 -0.1444940431539403
v -0.045157255030313696 -0.1458588299071964 -0.17706826798506242
v -0.03606170115321419 -0.15478507417797047 -0.16054276668385578
v -0.044254708775914676 -0.14653286025909384 -0.1529265642666706
v -0.04536025546741437 -0.14658884162041894 -0.14725514135776802
v -0.04839163755891284 -0.14454017075564696 -0.14252661153932605
v 0.01325072009980339 -0.17623720580748783 -0.1781662762354537
v 0.014586626794751447 -0.17168964857914612 -0.15517003313918248
v 0.013950438259146141 -0.17258635095875616 -0.15028222895735416
v 0.009618503326469659 -0.17270274875541153 -0.14601307985902354
v 0.06561689013224058 -0.17521840899291447 -0.16285200019025547
v 0.07706001948585524 -0.17064552611716557 -0.18150882875548383
v 0.08127504256856384 -0.15930274694699773 -0.1666682760882518
v 0.07800308493854509 -0.16816532549858326 -0.1573801315790954
v 0.07789879476825491 -0.16833128560219215 -0.15188404937016614
v 0.07616056848954433 -0.17020318169864143 -0.1474348448763037
v 0.08937483577344293 -0.15075345357282038 -0.18483440481623414
v 0.08294577616154332 -0.14638087982704084 -0.16198912790414446
v 0.08182480982349481 -0.1456715778415848 -0.15668539245436852
v 0.0810040588324106 -0.14593096821351517 -0.1521116298787574
v 0.05880161282410974 -0.17895575497693653 -0.17891602146077404
v 0.06033879778434766 -0.17570222273120162 -0.15560722931352655
v 0.05975994180947554 -0.17674113417589102 -0.15024780487296227
v 0.061413379152096076 -0.17706712150684026 -0.1463516564330141
v -0.029275264242912883 -0.16080710408896537 -0.1777249007630996
v -0.02918827239932779 -0.16124170180484254 -0.15348926254366574
v -0.029663861984843942 -0.16135527660677632 -0.1476778749496249
v -0.03169487454252126 -0.16031539583451815 -0.14262236206003295
v 0.11842077863656843 -0.11467152813053814 -0.19138331553267868
v 0.10331651620861873 -0.1434438599112725 -0.19173843089941037
v 0.0824977293349033 -0.16176377479389523 -0.19152436847752846
v 0.1205368224912027 -0.07882384835970214 -0.18902181830937453
v 0.11232535416991929 -0.038542716199452376 -0.18704369501071227
v -0.05436046477369057 -0.134358458857835 -0.18488904141560997
v -0.06958307019458133 -0.10657793624121482 -0.1856799131768582
v -0.036239936619390685 -0.15416547030938962 -0.1852450661926842
v -0.07210131532413133 -0.07269381645224265 -0.18640792792186167
v -0.057734605646383955 -0.03652790800277508 -0.18603274264348724
v 0.05112680175606732 -0.1823702168537093 -0.1862064066589873
v 0.027543189872319004 -0.1812266980412839 -0.18582480746990312
v 0.06530019792157696 -0.17898265925680543 -0.1874672575846897
v -0.0006583128105953209 -0.1755134319505228 -0.18590900614266065
v -0.018616235683823572 -0.16944737320821598 -0.18590206709010657
v 0.10634888163493855 -0.04004881476922254 -0.1288030147285798
v 0.08471609725283709 -0.1278900379996757 -0.13497776648679388
v 0.09858410300327965 -0.12186450173635935 -0.14127967222438387
v 0.10838960828318878 -0.10877896082567344 -0.1319640586896892
v 0.09516839623765774 -0.11555178472429585 -0.1255358394227111
v 0.1162341345074649 -0.09614315286374199 -0.13848980928909216
v 0.11506674276793362 -0.07752184479529325 -0.13020070808392673
v 0.11276385036719672 -0.09177441084479213 -0.12265792473678526
v 0.11233413470259589 -0.060390435766554534 -0.13670546078311865
v 0.11025595775703632 -0.058200078039646705 -0.12127975369114173
v -0.048337015968403445 -0.13577556480650327 -0.12584094268351018
v -0.05660510226339546 -0.11702504680398189 -0.11982831180997379
v -0.06655155942965534 -0.11188258634911843 -0.12618168099694463
v -0.05524472407921216 -0.12924469961620713 -0.13300218569735844
v -0.07185689967540766 -0.08824742288655166 -0.11861772738357726
v -0.07143063753019213 -0.07750547837497192 -0.12700168380999152
v -0.07173744767291007 -0.10251669174363197 -0.13372265089343816
v -0.05649260114990199 -0.05207727225691063 -0.1194141147192341
v -0.0546990383097876 -0.03811080855170048 -0.12706297185254967
v -0.06453135792112027 -0.06600934798709913 -0.13465370503905347
v 0.04855099804504114 -0.1662010542303073 -0.13467676602165016
v 0.03148484471521228 -0.16595698667541225 -0.12716161601484144
v 0.025901153367287558 -0.16548453042125924 -0.13484135742995673
v 0.04407517768843472 -0.17061347091644333 -0.14047412712220148
v -0.015419730839451834 -0.1629175159343551 -0.12699359565809448
v -0.004840325816236981 -0.16772256769260688 -0.13497661830131671
v 0.0013075935699832387 -0.1641492396174164 -0.13065108540104237
v -0.011169589843926976 -0.16140285994213843 -0.1204282756233648
v -0.03677039876073349 -0.15674429614199858 -0.12420572845448662
v -0.04309016255772762 -0.14155486283394747 -0.118133714562081
v -0.041316529869204435 -0.15266814390022893 -0.13114778255348208
v 0.007411365807290979 -0.16376730945431756 -0.1242418167918521
v 0.019398787712494595 -0.16963867629273943 -0.1390306922962751
v 0.06309800840767306 -0.1690717473672915 -0.13136438716375715
v 0.07961995075066021 -0.16272571911972591 -0.1375595195062722
v 0.08259191420821378 -0.15352036210830197 -0.13111583777327007
v 0.07479664662267338 -0.16284082745511314 -0.12110083437091915
v 0.0824039998743628 -0.1391623318499232 -0.1244094723096674
v 0.08106081176983153 -0.14346262093572673 -0.14069382554004092
v 0.054186962363695745 -0.1629357384228525 -0.1267031406028844
v 0.05846277749936893 -0.17193216937570774 -0.13868122814296316
v -0.026089802703894514 -0.16270121297581017 -0.1318882615559374
v -0.031928213368102545 -0.15785107220854963 -0.11708491567016098
v 0.11176531497101783 -0.11259115059850813 -0.14543066228935647
v 0.08633525545823952 -0.13150918506282833 -0.14917083657492755
v 0.10442929768876942 -0.10239813768337376 -0.11491182114956691
v 0.08423561984961539 -0.12296309481456028 -0.11708315285037932
v 0.0828372866888431 -0.14740846692075563 -0.11059387585070735
v 0.0826861691865741 -0.15706141237691132 -0.14345301102516825
v 0.11726103180753941 -0.07955342707980949 -0.1436296494183054
v 0.11159581555410963 -0.07340844236478439 -0.11359803475481715
v 0.10728243880498292 -0.040379158418624335 -0.14186978441959663
v 0.10505339341504147 -0.03829313586827413 -0.11246405776024504
v -0.06868008053713101 -0.11133956071201073 -0.1394107409744949
v -0.05317677835005928 -0.13810642404262333 -0.13769803498464545
v -0.06066039520038005 -0.10697862022452821 -0.11098107790787065
v -0.045297895669277714 -0.131843231988149 -0.11143672615010272
v -0.03655862873864819 -0.15194109213851706 -0.10936956850569073
v -0.03622585042888173 -0.1570396881102198 -0.1372934531198222
v -0.07094261299785096 -0.07654715740407704 -0.14049959457898753
v -0.06897081034490052 -0.07353001123055283 -0.10993474311816868
v -0.0551679876797392 -0.03742168926338308 -0.14215772404197555
v -0.05690681501810841 -0.03672539454671484 -0.11276788416775703
v 0.02950391890635007 -0.17448290774951747 -0.14314195835951965
v 0.051884868940119795 -0.17393733206136788 -0.14310454328633024
v 0.021287895735108718 -0.16693308340690075 -0.11812778124062621
v 0.042373663275827346 -0.16236413067090058 -0.11477318863739028
v 0.060535782234712995 -0.16038030183514645 -0.11965296063543708
v 0.06615465727813372 -0.17561377557601338 -0.14403878881965163
v -0.0009403459365996771 -0.16433203467942561 -0.11446164124774214
v 0.0015211919195824283 -0.17094937028369647 -0.14102477178800765
v -0.016714403196184772 -0.1610620038180878 -0.11109983005260476
v -0.016216516625126406 -0.16664323586435034 -0.13911990174224348
v 0.10953231817967825 -0.12733511528360525 -0.1967494568242988
v 0.11491784180254623 -0.09515089410363992 -0.20025888838617573
v 0.1139578027466896 -0.05791469047731428 -0.20197856706732586
v -0.06100659069309083 -0.11909453383120291 -0.20244671472006828
v -0.06967576258534477 -0.08927616009198999 -0.2031026986641825
v -0.0638161266673309 -0.05360062017242876 -0.20266222166368994
v 0.040370645863446936 -0.1775093698370188 -0.1963123668058581
v -0.009499695538726972 -0.1668704105268828 -0.20049151354139344
v -0.04481160885435261 -0.1442761661871643 -0.20289522734116863
v 0.013640747621687415 -0.17367124286910632 -0.1963233264845088
v 0.0743621718786991 -0.16684541057059446 -0.19630481574251032
v 0.092145571533113 -0.1512686355473999 -0.1980802248912798
v 0.057102960396422646 -0.178224936498381 -0.19335019362516592
v -0.027936880379208297 -0.15765599089166882 -0.20229137888663198
v 0.09128363591846263 -0.12076217999748111 -0.1829986559421861
v 0.09219274595595657 -0.09135261646513972 -0.19611652055566697
v 0.09110603074274247 -0.05704073390707319 -0.20826166009618438
v -0.05954059537488325 -0.11991643786732413 -0.22598205121373843
v -0.061516994081118354 -0.0895712226514256 -0.22421160669910023
v -0.059236030887692505 -0.053774331837417616 -0.22526365118693661
v 0.034727644474822725 -0.16386083541644605 -0.1768435056549357
v -0.00570195625513797 -0.14355821306282646 -0.19700539908253806
v -0.03456020647736183 -0.1305863317499265 -0.21721834882878385
v 0.01368250593452305 -0.15200503375525545 -0.18629114639382255
v 0.06903985788258203 -0.16274633041091469 -0.17174291350216866
v 0.0855693386230616 -0.14744227039969088 -0.174151902820848
v 0.0503001954376521 -0.16628226288694878 -0.1727543572433213
v -0.018768014958558746 -0.13734887461243767 -0.20646427878263857
v 0.02778192458230448 -0.16620595539840577 -0.19194013178828673
v 0.04646224016466109 -0.17428647212644463 -0.18464364010414558
v 0.10428658412928773 -0.10854623108526724 -0.19331906322092574
v 0.10465689737606212 -0.07584642542472177 -0.20261459819942526
v -0.0119453521102783 -0.1543659698443777 -0.20349448873807874
v 0.001705563896228972 -0.16035013896198738 -0.19369159655260754
v 0.10360029971143997 -0.03712472269457606 -0.2094881983750941
v -0.052721138699682056 -0.1326742813540436 -0.21316873340668843
v -0.03140940248183182 -0.14629524509764025 -0.21035407429088035
v -0.05738510640150825 -0.03531145906343653 -0.2132744666636285
v -0.0631260951499397 -0.10474355329006334 -0.21240498081939235
v 0.05997222918488576 -0.17129778445972613 -0.18426459657751076
v 0.08148461886654328 -0.15875690945961765 -0.18624613641257276
v -0.0649498248876595 -0.07211690398350551 -0.21256074759938215
v 0.09799737045563398 -0.1380643862704072 -0.1873240552140526
v -0.06611433168587294 -0.05148090330588092 -0.19718657251995755
v -0.0692307351364341 -0.05716340779843515 -0.19597043311442025
v 0.09534406165860534 -0.1565240195433167 -0.20166212173350928
v 0.09917123935578091 -0.1551113328328472 -0.2010466605105036
v -0.07291535515389529 -0.08962992411307989 -0.19797611505122104
v -0.07403311496579763 -0.08996797163001737 -0.19651607558010178
v 0.07747589136803083 -0.17063313609445352 -0.20070026751114547
v 0.07869311410116311 -0.17201177830392442 -0.20022903707395864
v -0.06445362199021447 -0.11780053185876628 -0.19744192079052028
v -0.06324876972986028 -0.12277767603545135 -0.19571938206175882
v 0.011482009805945131 -0.17982437889837327 -0.19715220448883705
v 0.015806267937466652 -0.18238714116443197 -0.19594154147469503
v -0.0460660737272584 -0.14533560267694245 -0.19708124596464027
v -0.046227262797646905 -0.14616795185309756 -0.19536752016077896
v 0.11983188223132524 -0.060078151993598575 -0.19893619147975417
v 0.11986193173033866 -0.05408285009153967 -0.1971674699510006
v -0.012181291989812293 -0.17208022040504722 -0.1978216881308341
v -0.009723767962144103 -0.17421274865978592 -0.1962635698290621
v 0.12118103424167982 -0.09817974568420766 -0.20164222847794078
v 0.1232858085346141 -0.09335598077579463 -0.20025133441153226
v 0.040898276475146024 -0.18377430245303336 -0.1976873663716597
v 0.041137461811572455 -0.18517226583889934 -0.19647582638729283
v 0.11276167383910289 -0.1293185152743736 -0.20224787171708333
v 0.1144166608180626 -0.13055343695152757 -0.20207097232502533
v -0.029671671777154605 -0.1609289185207811 -0.19743870130968474
v -0.029818084788693695 -0.16155501470064282 -0.1957443022858568
v 0.05903066200581663 -0.1809276637804474 -0.19896704807885904
v 0.05992407933347212 -0.18221792868614514 -0.19778285403735113
v 0.0006124302773717848 -0.4465014339295992 -0.04974890464279456
v 0.014878899690988465 -0.44593841218546093 -0.049781188518193985
v -0.0103316130498709 -0.4516240026082418 -0.046035291729359586
v -0.0074357387000223325 -0.4824228781941037 -0.022593480803802333
v 0.003280257979364099 -0.4823896201607977 -0.022459799181889707
v -0.008287576393530525 -0.4592895282397005 -0.03941001926036713
v 0.03786499253805319 -0.45460040406768054 -0.04630798183237428
v 0.04350875171451135 -0.46144711591787274 -0.03842431371198995
v -0.012337919642447901 -0.4653004312159911 -0.03361511921058384
v 0.04008618281397429 -0.4665756590737424 -0.03176074950542051
v 0.02905405525999745 -0.4491208192465608 -0.04988275299045977
v -0.01557527833636473 -0.47093712985578184 -0.02954285513156517
v 0.03727086804808857 -0.4747123669557692 -0.02594845904971587
v -0.012829340337992181 -0.4771558800095218 -0.025711244797517057
v 0.027139123336028224 -0.48238714599496074 -0.021136849031258533
v 0.01355338028204386 -0.4849353023725058 -0.01982632290350644
v -0.00012892602280704493 -0.4736844647090932 -0.006695132918502042
v 0.04659362262255559 -0.45610669004029103 -0.023532909144625146
v 0.04347818122717694 -0.4628590618396381 -0.017176363244533158
v 0.022163634970728124 -0.47491855411825235 -0.011020649233499581
v 0.009464255957869585 -0.47409454836668585 -0.012921924745975243
v 0.03593087390468528 -0.471369764312631 -0.011907996747663342
v -0.006580633302079998 -0.44211051487022385 -0.03832696156322883
v 0.03588466958662348 -0.44580959442387313 -0.041608794510526334
v 0.02292479140792482 -0.43944218486954284 -0.03873907741624317
v -0.007993084333821635 -0.44954075414227274 -0.03264749338333686
v -0.010225714138434204 -0.4566334445250933 -0.025261978256800554
v -0.013331931848752308 -0.4686069166086598 -0.015230586847717704
v -0.015622864620308513 -0.4623306362461999 -0.01974666119528233
v -0.008911831913908763 -0.4742188402775477 -0.012218877399865475
v 0.04516982730074181 -0.4490875873554151 -0.031115793222870513
v 0.0071734157633091735 -0.43987569523902315 -0.03912250989309013
v 0.028147065544926273 -0.371707230540891 0.10475994908732668
v 0.03481534592921881 -0.3778750979057753 0.09011404909473461
v 0.03781194584586866 -0.3635573873742178 0.09468585421799543
v 0.0324256778628448 -0.3573422356027436 0.11025683367982701
v 0.040454929130568695 -0.35447021511508636 0.08215676531643606
v 0.04197069831556471 -0.3603619308698125 0.06606184172762107
v 0.037301927668510794 -0.3466103913432756 0.06845612226874105
v 0.036941253416262976 -0.33975927392320915 0.08530241861521308
v 0.01301545906656917 -0.3751831169723605 0.10971512300520778
v 0.02213511565977676 -0.3848096685578267 0.09780028441962871
v 0.019214198078887548 -0.3630060418605724 0.11793405896594768
v 0.036668310268641896 -0.35369037449849405 0.052668155550289
v 0.030982115352839054 -0.3395993396579397 0.05395056570281474
v 0.031159614654603658 -0.33199078265054266 0.07089116592167663
v 0.04095621457287555 -0.36877357493319424 0.07879068171242434
v 0.03818955427766942 -0.34845323079693674 0.09857691153298838
v -0.0020043744570662947 -0.37234354780834705 0.10964644459786442
v 0.006499400117244789 -0.3851038556735484 0.10026599848054017
v 0.003085312935802582 -0.36296744394532837 0.12054091851698105
v -0.0127495237763283 -0.35610993201670266 0.11698476975540133
v -0.014275769847762774 -0.3653320819811231 0.1040319719624325
v -0.005014377197651207 -0.38128020439555294 0.09767490480454963
v -0.02739621247748853 -0.3593537171360254 0.09886159423074758
v -0.038100709102039595 -0.3442895310278976 0.10527361784100285
v -0.03240098365456267 -0.3520408022687363 0.09044765785337172
v -0.028403673214083887 -0.3676655073984979 0.08393565280789748
v -0.026880649116428255 -0.34108545108507504 0.07694539674363135
v -0.03399421496398362 -0.32463228416300416 0.0738350609716205
v -0.02154706792058891 -0.3337416133206309 0.06261542436536194
v -0.028191277896883984 -0.3500737720892167 0.060282444776028704
v -0.026063513623587786 -0.35092974279188466 0.11307432417619111
v -0.016166581202653234 -0.37443762181862345 0.09082275983067058
v -0.016080831054653404 -0.3290252704185175 0.04826691612986394
v -0.01766863486825955 -0.31301669228678214 0.046724876280496076
v -0.010857051582081688 -0.32402995489568126 0.03287352703907778
v -0.01581752366675835 -0.3397851080974362 0.03285107348458607
v -0.03732298765124942 -0.3328758741700445 0.09009364461419946
v -0.03374021613481905 -0.3592260852526299 0.07372593995230257
v 0.007158533337729767 -0.32619260763321634 0.03197441910010207
v 0.01724496281145382 -0.3176615219310332 0.04397763968648918
v 0.022312605430412073 -0.3331444508538004 0.040338499941775574
v 0.01430530665623788 -0.3407119075021178 0.02608722511405841
v -0.00043355159945402343 -0.3120379754013425 0.04082384826850895
v -0.0032443975732815017 -0.3375734591915771 0.023509478155703794
v 0.024656616712808267 -0.32491335807686944 0.05524831992636076
v 0.02872768452163626 -0.3476269195749486 0.038963554942048687
v -0.027224057829510664 -0.31858611165428125 0.05974708917799643
v -0.022481409923819123 -0.34410412778116145 0.046593748711575955
v -0.020127036626787272 -0.34422542988342 0.12733524864208867
v -0.007325187352351123 -0.34553100358961875 0.13345231560812593
v 0.014887994409228455 -0.39582171795291554 0.08913944651475282
v 9.771457425324381e-05 -0.3906271238304454 0.09171131818851455
v 0.009197544274667733 -0.35236709613517897 0.12947540956300066
v -0.011170949108462351 -0.3877843371815183 0.08209495337970737
v 0.029658632091237203 -0.3912816334673681 0.0848175066199707
v 0.02485595355616377 -0.34973706162830653 0.12466024837164359
v 0.035821320166233565 -0.3328902864346373 0.10185067433608727
v 0.03466261982586031 -0.34199244506941534 0.11449208292928843
v 0.042610092914030145 -0.3739049234216512 0.06371146414099393
v 0.03898243472666291 -0.3825657897403834 0.07527430195134624
v 0.041067702561633126 -0.36674107600429423 0.05135984820199576
v 0.031188675019315094 -0.324774169414401 0.0883110375235778
v 0.024061290454975043 -0.3165971417031059 0.07326499774065245
v 0.03482424721622322 -0.36063428805196635 0.038585831963942205
v 0.026006973828735215 -0.3587619765048549 0.02386414854919466
v 0.017755469056358893 -0.31247252884922905 0.05517187996781668
v -0.021434936452658353 -0.38027326485290247 0.07462926412794589
v -0.03325835380140216 -0.33909001219618773 0.12324675933790101
v -0.03649683222518348 -0.3176721362473394 0.09538214512323999
v -0.038125003699609854 -0.3289471287967128 0.11160133630800075
v -0.03358967892099996 -0.3747672196301738 0.06626880502666611
v -0.031082102744644746 -0.36510326162802076 0.05341650780420883
v -0.025433832034514 -0.3584049549133413 0.0404198008649101
v -0.037628848664424584 -0.3103528608512354 0.07838483242909057
v -0.02767176287616511 -0.3047594035394494 0.06580680809870583
v -0.01843360461110283 -0.353646948460504 0.027663324391498916
v -0.006799531300924668 -0.3503149425987778 0.01744618748825683
v 0.004471049016581661 -0.29984181457848086 0.050326357856786616
v -0.013781891607262151 -0.3008662130048538 0.055634445252848275
v 0.010297682323132112 -0.3510189942923955 0.01743553614365036
v 0.02283560819327813 -0.3081314988697225 0.16728489057721918
v 0.02769719411531377 -0.3138047179834204 0.15028206949987835
v 0.029637381569500052 -0.29717680451160794 0.15504554530603765
v 0.02675550789269239 -0.29147746009748626 0.1735000879606942
v 0.03461369797582241 -0.28573080483102276 0.14173257569171976
v 0.03348461060577216 -0.29207769299433733 0.12319466095028149
v 0.038556941596098536 -0.27533698316572786 0.12595376569514322
v 0.04013034268704715 -0.2692326719119312 0.1472522309520174
v 0.006369420645557395 -0.31023408807116626 0.1721713459958292
v 0.014408278075621301 -0.32041622106653056 0.1585903342933993
v 0.016356223336540014 -0.30017780621917295 0.18382063997360773
v 0.03569965550924207 -0.28305876258360535 0.1070461864784236
v 0.03544246866092475 -0.2654367511383989 0.10749572826678246
v 0.03717082081060533 -0.2579011451866094 0.1288273233256491
v 0.03166751133694571 -0.30264826806544726 0.13722291950067328
v 0.033078224272087425 -0.28033774138531964 0.16125178425451947
v -0.009329065360898253 -0.30648603070550806 0.1736666003992154
v -0.0021271629799273317 -0.3188097469582396 0.16178163445381563
v -0.001266861311151811 -0.29781943381889725 0.18577373638562142
v -0.019255720612959878 -0.2909653374379176 0.18446011317561994
v -0.023016853998052395 -0.3007849929268569 0.1712463856172252
v -0.014273239453555875 -0.31524356064521813 0.16177128825544157
v -0.03423242339332195 -0.2937673929874892 0.16588024602472107
v -0.04154988966536548 -0.2760380739134215 0.16895884698095098
v -0.04385576476289202 -0.28570071587717843 0.15455133600396806
v -0.037573219519900614 -0.3033165135726103 0.15254057393671575
v -0.049429778255995434 -0.2757299858642407 0.13600227854230656
v -0.052160517674873466 -0.25672935499329147 0.1294178199140654
v -0.0500477297988846 -0.267202289556176 0.11452178074423895
v -0.04932798625701721 -0.2847688668473429 0.12044214210791143
v -0.031277510308563336 -0.2839015955790162 0.17912415693800368
v -0.02652304079813424 -0.310258445522535 0.15870272280172412
v -0.038528005247439934 -0.2633567942553653 0.09805035511411633
v -0.03060471927391556 -0.24877920992847297 0.09562593831623382
v -0.023640380855168 -0.263967514723875 0.09339181269381337
v -0.0301149200130984 -0.27601071739080263 0.0899511284221888
v -0.045315372818685105 -0.2660440889852919 0.1508978323239427
v -0.0452871155906905 -0.2944611510138683 0.1394641697199713
v -0.005326875736603645 -0.2660167003242693 0.09673713267700541
v 0.00874926617689658 -0.25244163936516234 0.10131369509092587
v 0.015012624425365871 -0.2671410080209276 0.10182801347747895
v 0.0046799074842771935 -0.2685729857601163 0.08368686858142299
v -0.011465136099248204 -0.2508902943680818 0.09656278943402709
v -0.014400428169811685 -0.27248774901320605 0.0825268296517881
v 0.025720338026229982 -0.2517618814726717 0.10915703535495361
v 0.02723702326659131 -0.2739513735257388 0.09194410851750041
v -0.04506492188630317 -0.2507940592407281 0.10885558702656754
v -0.043899964758347704 -0.2785792598326047 0.10249605827597122
v -0.024592179602165705 -0.27566864788250844 0.19405778094860288
v -0.007783833907099532 -0.27570317901453145 0.1993717714356649
v 0.0062403277369387925 -0.33061320351590057 0.14924686061856834
v -0.00925073360533445 -0.3241689713416784 0.15418092120519525
v 0.00793891036807504 -0.2883282478096687 0.19818116036595063
v -0.021924669914685394 -0.3232300464102119 0.14888965263175322
v 0.022745119086012934 -0.3286861131493192 0.14485868448163827
v 0.023925151452627955 -0.28421732726080523 0.19190304889685234
v 0.03498927756304803 -0.2627563612683154 0.16773493063588055
v 0.02827275362534355 -0.2733359531453876 0.179460375022448
v 0.03184139810801776 -0.30926439206811784 0.12053068018823421
v 0.03165814497658348 -0.31943319197296827 0.13374281815151767
v 0.03079172736642163 -0.299961121579675 0.10649763246538549
v 0.04113180194455654 -0.2516655948109814 0.1520517432300434
v 0.029833909686906322 -0.2422637140047396 0.13168705195747588
v 0.030869577751858522 -0.2910900463641425 0.08983582118532532
v 0.019313305254528783 -0.28517687172790906 0.0724312404762748
v 0.015122706114164853 -0.2427118436501109 0.10967697329304092
v -0.0336646422628821 -0.3172372655054276 0.14467537525986124
v -0.03487026915889961 -0.26850014119922705 0.1868392239974832
v -0.04563586233036855 -0.2493085243474318 0.15242900139267213
v -0.044915417811119046 -0.26015673204879225 0.1735832120146717
v -0.04377933652954905 -0.30937094216630195 0.13467481561088507
v -0.04865869817866069 -0.2995632594556319 0.11771896736725805
v -0.04179072201788783 -0.29260145225465645 0.10374095803287116
v -0.05337401934926832 -0.24050972912272603 0.13046087186094465
v -0.0431781602368904 -0.2355354865184844 0.11065553364576962
v -0.027398709844837485 -0.2895344000608771 0.09320328612798714
v -0.013216843962161714 -0.2872376195430794 0.08373839239000208
v -0.005507420462945029 -0.23720911620352603 0.1038193142524146
v -0.025577785250211937 -0.23529928539946668 0.10131910697749599
v 0.0023902684497306625 -0.28205518600247276 0.07579259751269528
v 0.0002977726577885669 -0.45924870787363986 -0.061675081352847924
v 0.010274755589988813 -0.4567087457896875 -0.06368433513132318
v -0.007257356121488772 -0.464563265906291 -0.05731404428264907
v -0.001163446562483721 -0.48884473092992087 -0.03478862072419259
v 0.0030627789720097743 -0.4924649943848617 -0.03130591776482982
v -0.008709390791913815 -0.4711630798052812 -0.05159071673582474
v 0.03078879295413731 -0.46643400706245614 -0.056977313482152334
v 0.03525789546558796 -0.47311403752878745 -0.05168595939851558
v -0.010198506276580085 -0.47650811895525175 -0.0472621138844037
v 0.035391449550965244 -0.47941396060276453 -0.04578246070531856
v 0.02180310575289097 -0.4602781336809926 -0.06135085694067186
v -0.008360267530282031 -0.4810006901255398 -0.04325324337322128
v 0.029154908822753928 -0.4832564698941012 -0.041523143322950276
v -0.005163962681253587 -0.48501841419768665 -0.03924178824913469
v 0.021445481643219584 -0.48930453684364267 -0.035805321163137865
v 0.012166033208817555 -0.4939721121571285 -0.030696736755113658
v 0.0038775266719196723 -0.44097698612189373 -0.03500919534584227
v 0.012648400985470638 -0.43990345221096416 -0.03624111366999967
v -0.0017491677536598433 -0.44577312825718257 -0.030813553314768923
v 0.0018873270020435165 -0.46492062031893105 -0.01182423154281116
v 0.007498934923608318 -0.4669229290731797 -0.01036095237523195
v -0.005216605784616897 -0.4508563311381027 -0.025532605234655472
v 0.029983776023808164 -0.4484779167089846 -0.031028031349005194
v 0.034231274640040533 -0.45336820571809405 -0.02658697005100415
v -0.006316400907381362 -0.4550543228859383 -0.021406520776320333
v 0.035123975849425636 -0.45811629038521134 -0.021500370453153693
v 0.022508807339338556 -0.4435495406495564 -0.03431249341897866
v -0.004263627063869635 -0.4586769702436789 -0.018230828496549674
v 0.029292305338621618 -0.46063800330213683 -0.018474770481864418
v -0.0018037095470232734 -0.46176075464536825 -0.014788835888336117
v 0.020153800636983764 -0.4634839391830883 -0.0152374742586705
v 0.014013311229031896 -0.46822937440040396 -0.00967671457837961
v 0.00214661966142489 -0.4799025545147178 -0.02305689683243065
v 0.009273182935809957 -0.48174169588258053 -0.02187648827945681
v 0.024577983137531092 -0.47456401823323485 -0.02975332756498474
v 0.0328859805785524 -0.4717560515759143 -0.0327829850101147
v -0.0058857883862715316 -0.45943491455156815 -0.04242201385448364
v -0.007998532073494165 -0.464552861050962 -0.03755374560287151
v -0.005525722466299274 -0.472919947408039 -0.029904233746462637
v -0.0025599476666264935 -0.4767598438058833 -0.026010890206591468
v 0.032665981900492164 -0.4613670792117136 -0.042985413833202826
v 0.02603070495321535 -0.455928804136249 -0.04716652910551767
v 0.017561900589203518 -0.4806249761791189 -0.023389423892582296
v 0.035668107391905284 -0.467063476669147 -0.03772006268281037
v 0.00606305992687899 -0.44942088481278347 -0.050955213407994186
v -0.0019622986189378367 -0.4532817581721042 -0.04775658378645564
v -0.007848277186387137 -0.4691335876102177 -0.033635124223016656
v 0.016500246459363835 -0.450966846488485 -0.050341577150345526
v -0.006800546049025763 -0.4846383868398788 -0.029325520225976273
v 0.024086279638712807 -0.45435256405094243 -0.05626724598082207
v -0.009402244653277983 -0.4577334225906896 -0.051866670925526555
v 0.03727108676746657 -0.4743600547126447 -0.03976196857240293
v 0.039437120283592496 -0.47251679465568086 -0.038427137505464865
v 0.010004546507390025 -0.4511095595333662 -0.05767436181498945
v -0.012966791150465963 -0.4706560997340827 -0.04096247781261574
v 0.012402202612347752 -0.48965298145020947 -0.02503321486638208
v -0.0015094436394319883 -0.45274541469167123 -0.05635939024518781
v 0.038959505394807525 -0.4677129352243213 -0.04714807428456886
v 0.04030346402949046 -0.4668429008515871 -0.04574234026308549
v 0.023467304267843034 -0.48565132754091644 -0.028766243872356295
v 0.03333362274810252 -0.46065480367547074 -0.051580498134956784
v -0.012049823493371697 -0.48255795639000004 -0.0335277335742816
v -0.010924446048526902 -0.4652759289568866 -0.045373522227852445
v 0.03277163002675582 -0.48047179003401996 -0.0346641991133361
v 0.0030885403884736364 -0.48793622411699217 -0.026058142323790463
v -0.013233319728072197 -0.47690436833460675 -0.0369623021103046
v -0.011452613475188517 -0.4683059032438837 -0.04389977775351992
v -0.014699155287343186 -0.4726544338936596 -0.03787220213191158
v -0.012338685103451737 -0.4797147566040754 -0.035960018514307995
v -0.008925429607239282 -0.48357639413262915 -0.03177944805239956
v 0.006691079540270128 -0.48810855882833537 -0.026143222488504658
v 0.01972826508461664 -0.48857865099543146 -0.02630100074752455
v 0.030574566190607 -0.4835769878637274 -0.030683986103816622
v 0.034285403037029885 -0.47760861093987 -0.03707845901671188
v -0.0051347454373074095 -0.45512335606844967 -0.05534516939452141
v -0.011895411556347785 -0.4610228883223273 -0.04684858652028717
v 0.02987617955073418 -0.45787924110718614 -0.055163102065957245
v 0.0180094575913798 -0.4512041573359319 -0.05617938251740121
v 0.004204138285759565 -0.4500722704032287 -0.05652093254202138
v 0.09411171288257622 -0.01553960775805508 -0.005971991325992981
v 0.07749827676771574 -0.018594859878805197 0.2595574843163692
v 0.07929965391458264 -0.0191955033904294 0.2344019429129419
v 0.08019404804853605 -0.01966667816482779 0.20781568284420396
v 0.08077774519323941 -0.019920960499861334 0.18243997622753771
v 0.0824553461843315 -0.01940746651709401 0.13893896024821878
v 0.08355149449936686 -0.018622165126751578 0.11709679710061328
v 0.09562163216311312 -0.014296120905198337 -0.0259816317562597
v 0.09799039498121523 -0.015337970211110281 -0.0656148712607633
v 0.09947098214599993 -0.016615441489884853 -0.0855531988620199
v 0.10098860626860053 -0.017823625540392646 -0.10426813636033412
v 0.06448034297298175 -0.018792367527876705 0.29926680494629526
v 0.08157538206255276 -0.019834972647729935 0.15988064066044955
v 0.08871280268482173 -0.017561663510485048 0.053256810552471424
v 0.07291409686603342 -0.0183566610761489 0.2809223162765077
v -0.07302518593429212 -0.026193737919073028 0.2468963265410359
v -0.07183691233506133 -0.02062725698298749 0.21539234179383113
v -0.07079203723216534 -0.02105525048491949 0.19151229219263605
v -0.06919591215024291 -0.021237282446455355 0.15754098103407524
v -0.06789010695499513 -0.014430519502232987 0.13701922336984548
v -0.05883555113288996 -0.01867740681237524 -0.040928170392770934
v -0.05918858043342599 -0.010401915496175364 -0.0606604847286864
v -0.06993391126375015 -0.021441691984962076 0.17331094497821486
v -0.06620308137727915 -0.02590599668079098 0.11038619395347253
v -0.06213463296786373 -0.01360423081013444 0.32480707478623344
v -0.050761712953159295 -0.022534388975822633 0.348218865099409
v -0.057891082743801635 -0.012346016388447744 -0.10060461993254073
v -0.05897292557430801 -0.02201639378349692 -0.08120249065796377
v -0.0581771426133199 -0.008995863100519728 -0.022100714281347047
v -0.05812819918197675 -0.016267293915065595 -0.0029308715803678283
v -0.0596865654106065 -0.013344444963270582 0.04150614646387016
v -0.06092247885229584 -0.01804767875282665 0.06241980610846682
v -0.06319966301856018 -0.01765147564095201 0.08651931221021418
v -0.05873794249998774 -0.008474514592351313 0.020055312648457054
v -0.05260123251220174 -0.01817317483814809 -0.19166914253425316
v 0.1112129702226391 -0.01612457431526384 -0.19352948164252695
v 0.1070029522479474 -0.01776113872524525 -0.17943394750269723
v 0.10440809367016828 -0.020524859418702166 -0.15483533439092045
v 0.1031847371247484 -0.014338442682469348 -0.14913340819728937
v 0.10354904956208194 -0.01765177928884472 -0.14586928055137424
v -0.05265965783989126 -0.018206247464124258 -0.17724788758214044
v -0.05283713291842568 -0.018388559893901556 -0.1536338887064493
v -0.052882474235677164 -0.01785479784182046 -0.1485661910641247
v -0.05299532833908096 -0.018126046487302906 -0.14460476777223058
v 0.1029821222093682 -0.019031234994080163 -0.13626730770976309
v 0.10205928858867139 -0.018719550239480583 -0.12115257074059907
v -0.05528914523325937 -0.018205726499224802 -0.11796651847487082
v -0.053419776620323337 -0.019523770937450963 -0.13371728360196936
v -0.053134988800981026 -0.01718562415041351 -0.20285786337019052
v 0.1098523665747601 -0.016739971992558375 -0.2037735161979909
v -0.05580339082550784 -0.016407771244843786 -0.22690770972895757
v 0.09054413276353876 -0.016793344293700854 -0.21596701080887354
v 0.09229383480963574 -0.016947675731698697 0.014212046477990905
v -0.07197185437346167 -0.019455182982617638 0.2888159256911361
v 0.09053082206375403 -0.017735254321612805 0.034029420233724655
v 0.11357374470181829 -0.018758510666051803 -0.19763959703477105
v 0.1132890105588531 -0.01263000052387052 -0.19594286839330466
v -0.05292553137537629 -0.01780351881152425 -0.1973667545374379
v -0.052866715190681375 -0.018422027552945072 -0.1958076786566601
v 0.08687849149752724 -0.017135114780944205 0.0728644308120917
v 0.09684980761091494 -0.014401841544584725 -0.045734420540962537
v 0.0850664354325431 -0.017562451160639984 0.09409778289108287
v -0.010993604773130102 0.4608301612798098 -0.02498205394906596
v 0.018863781810556274 0.47640690121774915 -0.011775129386052994
v -0.0021338291511105094 0.44305299199764864 -0.04245814034814987
v 0.04070333618539886 0.45200403419423724 -0.03246255339598224
v 0.04235778987551723 0.45111189128076157 -0.03141652179311328
v 0.029508078888713055 0.4730163984621515 -0.013955461562445091
v 0.03474570614757063 0.44629315975768585 -0.03748666527101887
v -0.006948541358359991 0.47245579610253224 -0.01775898951418402
v -0.009833564664195769 0.45533428507044643 -0.029805607258195095
v 0.03765402998955098 0.46551163736460144 -0.019727975833496295
v 0.009362678359836292 0.4756708313141571 -0.011824094637546852
v -0.009079663612207798 0.4668238096415897 -0.02079371021690241
v -0.010359725506380176 0.4583628406097238 -0.028216143756754124
v -0.01199386497409456 0.4635328199621066 -0.022020896227937063
v -0.007740524404596869 0.4695543971797303 -0.019989123572850268
v -0.003565883747303357 0.4728596837222534 -0.01627619828256807
v 0.012925848677375172 0.47542287579846304 -0.01230880512021489
v 0.0262020434263383 0.47523342011825653 -0.010535915080095225
v 0.035666093345046515 0.4687819645660465 -0.015822930362810957
v 0.03952092025515735 0.4629278941188994 -0.022292754948908453
v -0.00567624112872513 0.44547821198741155 -0.041284715062068864
v -0.011379387629530772 0.45104686334606786 -0.031607894460515686
v 0.029556199530512414 0.4449602515578016 -0.03944334086885859
v 0.01719334421412227 0.4401955151588391 -0.04135084611195862
v 0.0034406679951000294 0.44007908272045915 -0.04274013726336889
v 0.09352894384180477 0.019139647812414673 -0.005547386156448617
v 0.07744128046031452 0.014596650905739611 0.26037445261488995
v 0.07956124375354086 0.016037405619687417 0.2352365643076802
v 0.08062935331672974 0.017455147706852196 0.20863111956783154
v 0.08119827238295417 0.018563466126058213 0.18323430877255645
v 0.08281138370680581 0.01941083801407903 0.1396657346363837
v 0.08387016026075123 0.019262585098150976 0.11777329288089372
v 0.09448672904335008 0.018361102261602934 -0.025637389006424142
v 0.09616636632071578 0.020196999590069237 -0.06531587577946525
v 0.09751666417234665 0.02185295612078706 -0.08524528529317812
v 0.09888663924283775 0.02342100630909762 -0.1039476336514053
v 0.06433774223570177 0.013516088901138538 0.30020542598568556
v 0.08195356148144259 0.019196737059532853 0.1606455066874434
v 0.08851646609557794 0.019768246124049087 0.05379328767399265
v 0.07230277119248096 0.01365910601088536 0.28159895158034914
v -0.0735394220997306 0.022067742361961434 0.24733724645716118
v -0.07247253347008036 0.016963446796371993 0.2157153658531504
v -0.07162203029386618 0.017711691415701183 0.1918243489739817
v -0.07038004837874696 0.01830261067778202 0.15782259996782116
v -0.0684069531296826 0.011852458476746722 0.13720375192360218
v -0.05972674006656314 0.01738277536573927 -0.04078019675206984
v -0.05951821192626459 0.00922296986888072 -0.060582205896148746
v -0.07095422660939123 0.01832492141491727 0.17361118777528417
v -0.06823158595092148 0.023427918587867455 0.11060303011897751
v -0.0621070795241981 0.008690271000195182 0.3249259414881238
v -0.05267658765366041 0.017897855877796322 0.34908210745677754
v -0.058702459079011636 0.011415163817063775 -0.10059479481096355
v -0.05896070428906645 0.02098273689313944 -0.08102809822674183
v -0.05861746788851296 0.0076263686321102085 -0.022029098079913677
v -0.058884054068223564 0.014784287451442082 -0.0027943286460168975
v -0.06026956034537887 0.011531412244350846 0.041625296325535174
v -0.06197314791967645 0.016050865672557705 0.06257196554769567
v -0.0647944621050688 0.015441471426729088 0.08662722823976853
v -0.05908673710655468 0.006838945524032061 0.020126884275145505
v -0.061659640651253074 0.01755566246383115 -0.1915373249997339
v 0.10539546099911158 0.02418375935567215 -0.19380406531530808
v 0.102814229723721 0.024977819636292052 -0.1792405881602297
v 0.10148522022809228 0.02709495955967169 -0.15448317084134286
v 0.10100496250645835 0.02074243053137305 -0.1488741878619664
v 0.1010793251168263 0.024036985189528362 -0.14556326005219
v -0.05991111110638768 0.01784129430196329 -0.17724314066103303
v -0.05812326429644873 0.018329735117306994 -0.15374069450071765
v -0.05776352324768132 0.01787531327721946 -0.14869863995461707
v -0.057614454367296876 0.01763181934328796 -0.14465116431921488
v 0.10043244414911176 0.025236142537536255 -0.13594066887589798
v 0.09973155863034475 0.024634446010603713 -0.12082455885042305
v -0.05751694206707438 0.017532708111080538 -0.11805688479374357
v -0.057721722721906156 0.022690028533185056 -0.1326354035504965
v -0.06063356943331989 0.017056973159963046 -0.2021344159526865
v 0.10717436061904202 0.02464262611768629 -0.20516071716313258
v -0.05856598333900333 0.017231999442990423 -0.22624726694056546
v 0.09163270315080804 0.023583706883415902 -0.21949942155673602
v 0.09218280010734366 0.020067731230323006 0.01471993840362961
v -0.0720792757449367 0.014810294715090983 0.2891230101835819
v 0.09038645304108987 0.020394601340080743 0.03456377840874183
v 0.1069852045443586 0.0272788000225365 -0.19820850853223082
v 0.10820187398658289 0.021350831016486587 -0.19632782633301463
v -0.0627113131434655 0.01701483724214082 -0.19701406734196122
v -0.06306383828417922 0.017511463831066505 -0.19544882633304206
v 0.0867996759841234 0.01888612370911585 0.07341866934187391
v 0.09529568034153096 0.01888435064188402 -0.045426117678835976
v 0.08524256149827165 0.01881451890417142 0.09470834034683534
v 0.019016452143064036 0.1869134555380817 0.1573171337898299
v 0.04239509168847811 0.1784619931650571 0.28291814309631563
v 0.042883676284551364 0.17158770561287426 0.25639492955171916
v 0.041372729414769126 0.1689784445696391 0.23295108724390373
v 0.04049888173578319 0.16415599745525597 0.21263173887967268
v -0.01891278180977233 0.18001606519955018 0.1477929621191327
v 0.022162241451308663 0.15524649567314738 0.13330963932648143
v -0.04048357289344963 0.10838155740017033 0.04991280115148614
v 0.029324441770407425 0.16010490134191221 0.05883924809828179
v -0.03139855509227944 0.10042049604909647 0.009715138782296948
v -0.03245553200535981 0.10273257641610768 -0.011555876961036696
v -0.03284876102031575 0.10904058270707999 -0.03144069227785851
v -0.03386989833769549 0.11694903636262859 -0.0502352945645894
v -0.0386560584141892 0.127995714669114 -0.07061437226768007
v -0.0421474312374491 0.13844601280774374 -0.09134620467389729
v -0.04492491780120704 0.14905295121664186 -0.13606243962852974
v 0.03900391164287744 0.43140219561224025 -0.02023176476938132
v 0.10085050026350627 0.025050173852622485 -0.14143165282923054
v 0.10806973237889826 0.06738015242671712 -0.1416818656847474
v 0.08514841802566729 0.1401921255391815 -0.1111764459604251
v 0.057320725693637074 0.17655163021966222 -0.13967538030102405
v 0.09825778447211346 0.022678836724235336 -0.09486426371399245
v 0.10436125042374263 0.05831205598315412 -0.09421398865026005
v 0.1108583632345833 0.08797152985578839 -0.09352291905815328
v 0.10192626535670614 0.11412122802282304 -0.09301716234910935
v 0.046525958312224114 0.15168505892617776 -0.09714045753061307
v 0.09678319925650292 0.020995322094156065 -0.07532128311909034
v 0.10231517547078281 0.05397389994539636 -0.07449405293050725
v 0.10786519155192839 0.08217680607746773 -0.07352599985903328
v 0.09972152071625089 0.10814572394801775 -0.07287868423813629
v 0.041915569018085554 0.14950284269762137 -0.0769444458627091
v 0.09568915825353845 0.019487048947323973 -0.0553416539073729
v 0.1005329083009415 0.050270915823415044 -0.05453467293747229
v 0.10480167136175743 0.07719104724528013 -0.05387654626407866
v 0.0974604807044482 0.1020785854476118 -0.0533220388443102
v 0.04049211016339427 0.15313853412276285 -0.056014476115526915
v 0.09490823852877697 0.0184618545998138 -0.035548752251701045
v 0.09892265158846253 0.04803512744088577 -0.03482495512512349
v 0.10155455172235019 0.07373592937868034 -0.034862435940225235
v 0.09478181314119397 0.09744059804364755 -0.034898774490574866
v 0.03793724723834872 0.1539523730711635 -0.037080673027081415
v 0.09402969321593192 0.01863987412522301 -0.01564071254226165
v 0.09763829920786023 0.04865123182641788 -0.014818403618496226
v 0.09880931183750216 0.07432745858851413 -0.015133201423093738
v 0.09368456762103083 0.09863651764764127 -0.014933097060993645
v 0.0365367895961158 0.1544622706854662 -0.018948149722761327
v 0.09292705554488764 0.019648795776546945 0.004600336872716954
v 0.0966003897617348 0.05116244006820177 0.005559085298860927
v 0.09755667595778306 0.07814863137746177 0.005624197590070946
v 0.09075227096125245 0.10225737005355008 0.006010743126871284
v 0.035013280256920076 0.1558192376014862 -0.00031147621173477824
v 0.09131449838525872 0.020340184602196665 0.02474053434556124
v 0.09622583755354477 0.053173431102882175 0.02593634679139277
v 0.09685492242386363 0.08091744426005168 0.02623012048306482
v 0.08497909223566552 0.10288077054246683 0.02579275678351706
v 0.03247741119627691 0.157884952345601 0.018706467491764665
v 0.08944193977766063 0.020185385070546537 0.04423499725458682
v 0.09601225459379766 0.052868811483217155 0.04583762120412075
v 0.09682424195862178 0.08085729354674533 0.04644427600376698
v 0.08051239016715117 0.10188039569272891 0.04551907206421717
v 0.030598369200293112 0.15939723639277806 0.03856332163883674
v 0.08763286420801279 0.019274098341771812 0.06346143178788617
v 0.09578815104762062 0.05107540806830985 0.065836566514805
v 0.09711070048399845 0.08111228050256908 0.06726752709001226
v 0.07523972594696716 0.10038604273903562 0.06635062305124918
v 0.02729995408692607 0.15897587550753475 0.0815114223257545
v 0.08600779688928194 0.01872752472905262 0.08376821761171387
v 0.09560625247200162 0.051156536594956586 0.08699869619163034
v 0.09549958062992181 0.0836688117306207 0.08955497940850589
v 0.0686365630845814 0.099479761696676 0.08860172666399342
v 0.0605737745500529 0.123891262635807 0.06628999499946286
v 0.08330811821999509 0.01938308194956569 0.12894548060176692
v 0.09493110464132488 0.05453102682881483 0.13334613570247494
v 0.08750212569512565 0.08677887361225024 0.13706476307010687
v 0.05761199950378583 0.09912420850420536 0.1375317271291258
v 0.018403903435938933 0.16877655154996687 0.15538088019921859
v 0.08236491994371857 0.019347397100179815 0.15013634160288425
v 0.09389562411960059 0.05478196145608274 0.15409619469367333
v 0.08341246954434575 0.0856238461987168 0.15675087539008994
v 0.05560561763589991 0.1008578026146844 0.15804735052215285
v 0.05497473829384625 0.13117524383126852 0.1426117039606224
v 0.0808750819209435 0.018055372884040282 0.19565586919629038
v 0.08958764962033851 0.05280710148838346 0.19974344761881158
v 0.07275006440004529 0.07847559741284205 0.20082100194363497
v 0.05561986431800603 0.10677138694744932 0.20444267925979495
v 0.04743142878868412 0.13817015367553084 0.21020009364528053
v 0.08046963212534361 0.016792794684091693 0.22193307569640627
v 0.08578778120891352 0.051202640037593276 0.2267563983165856
v 0.06725015609488998 0.07733029293196787 0.2278886454101035
v 0.05651963354321753 0.10960404523917823 0.23146649443646333
v 0.0435372136112767 0.13898833615878398 0.23434776250586922
v 0.07853107066353351 0.015288911801827405 0.24820536889203212
v 0.07970438955376531 0.04902725111009236 0.2537632170987427
v 0.06434554359138453 0.07807684570945529 0.25678388798274554
v 0.0513778563153993 0.10723406864462434 0.26035269941226247
v 0.044901121072412974 0.13682759893204183 0.26146198180190605
v 0.07519228842315594 0.014022391419280399 0.27135603777694106
v 0.0708412684057972 0.046292046212604375 0.2790876895952443
v 0.06014215463882438 0.07685196361415406 0.2881264995090306
v 0.04649126148857166 0.1037801560057361 0.29376188496924877
v 0.04749717953560862 0.13763594905830565 0.29141121029717104
v -0.061301967261937505 0.12547489503892895 -0.13726903406355498
v 0.11147856041558958 0.0663224785438954 -0.1872387717764131
v 0.1199832164031359 0.10191740219342005 -0.142733258236808
v 0.05854562603281766 0.18329655848645252 -0.18390173924659917
v 0.04962928837186749 0.13616529390634632 0.18652675857663364
v 0.05491846773008421 0.10356098701258351 0.17936275528784676
v 0.07911729365960991 0.0833319285665137 0.17698746241235067
v 0.09221097616472525 0.054178273144391866 0.17518379505603185
v 0.08156449409247463 0.018944548838788666 0.17157473136305385
v 0.04274968036729971 0.16121649023995513 0.19052769332700978
v 0.026769064098387023 0.14549097655663473 0.32330095257716274
v 0.030472205341274382 0.10196244254435773 0.3301140916470753
v 0.0453917802724242 0.07302899656959133 0.3202682040915167
v 0.06044607481664686 0.04523344849275173 0.3038520148042882
v 0.06806180205253141 0.01352851075114016 0.29119530726564563
v 0.015122845230594237 0.19221250173472643 0.30465304768938023
v 0.025563865129587117 0.1548506159851299 0.10823845899793814
v 0.061850157574919615 0.09892657774976872 0.11316389360256376
v 0.0919354893284267 0.08637055842256791 0.11372161406841837
v 0.0954788180330785 0.053210888945462234 0.11026298229607899
v 0.08452171110641948 0.019043673268663408 0.10616354262664046
v 0.01170946879124581 0.42513419855569134 0.05525018996073934
v 0.03510356767424331 0.41991475164464775 0.050155892654411144
v 0.045349538674752186 0.40299340927423605 0.03096610487162304
v 0.010185476099674769 0.38786085973944073 -0.003933938267462349
v 0.0454429780445016 0.397073110328376 0.02092327946815992
v 0.043451800150624116 0.4106158146266106 0.04148425237913117
v 0.011585093492999016 0.45323463313567186 0.02658484964929546
v 0.015729188021008134 0.4060835714084221 -0.011762220314689986
v -0.019510972784002878 0.2016891826186068 0.12699797838708757
v -0.03454563805169528 0.23003820491885812 0.10865060815602737
v 0.008907318445389842 0.2749149652682279 0.0814697461021418
v -0.024861179072672077 0.29539840678329904 0.06891753170848995
v 0.011253500756019575 0.3414239136747278 0.035858689710376986
v 0.038921812697092176 0.3948945545864434 0.012367629396804669
v 0.022187942773755256 0.21724001413304903 0.23374422021569052
v 0.020688320805754667 0.24184721496995581 0.2107028928563215
v 0.031889504813270395 0.307429187078921 0.13753183665913918
v 0.032238124419731465 0.29931559017028475 0.12821458820633014
v 0.03992590557876185 0.3655603570986842 0.07976810222001364
v 0.04143942634713256 0.35633266958619847 0.06838279514179454
v 0.03361244306597504 0.3905743708784969 0.07390661312792551
v 0.0338420861147653 0.40531328173021675 0.06198308876894372
v 0.031667343223912535 0.20026984928946837 0.2040377403355414
v 0.02521550527294272 0.22435991337021838 0.1889776285002415
v 0.03501972134240856 0.24036073568221905 0.15053646715905164
v 0.032831003857267047 0.24992937847481858 0.1684054417885334
v 0.03191185672466142 0.3086153344301178 0.09298178106871978
v 0.034109168405247796 0.319848180901283 0.10614241911238255
v 0.042253081504415646 0.3734892080573714 0.05391920549082013
v 0.03982233564260958 0.3886453244787196 0.0414002447373458
v 0.0159050125351646 0.2279500202364768 0.24863023511947846
v 0.006259857065355405 0.24751729013596405 0.21838481049743266
v 0.024437403164540024 0.2608949037425385 0.18056225812151233
v 0.013637253649115945 0.2793216328684074 0.20397576500362605
v 0.031109636767607998 0.32952634901093686 0.1180292299769786
v 0.01777456969593405 0.3451402722077281 0.13790024233741469
v 0.0227926773126037 0.39967386138353245 0.08022049665283709
v 0.020595604785290902 0.41064726542382785 0.06514018117687212
v 0.028130757059308478 0.1912284292206701 0.1844086477935148
v 0.0243424332862171 0.21471196924137023 0.1688752642987251
v 0.023326605163494298 0.2898377462429146 0.11626884145839006
v 0.01285811183229251 0.28079861893022096 0.10117662149446822
v 0.03464250516026189 0.35101501773936905 0.05776732236273288
v 0.023014716300803748 0.347303420093352 0.047075848280588264
v 0.0357544624866504 0.3674873824602358 0.044161721800270226
v 0.041157811805217534 0.3817156597204746 0.031523383622443404
v 0.02753244373974151 0.20885839977542275 0.21884111943388176
v 0.02760146284218255 0.23465096218205406 0.20236669525847759
v 0.021208986107691504 0.2713636465518217 0.19318503457572406
v 0.02722660403501766 0.3177036404388285 0.15005600176012956
v 0.02978946839515791 0.33886669465827807 0.13032533332760773
v 0.03653341350203391 0.37685577223845196 0.09003948600476287
v 0.040237384521080666 0.3812682279520578 0.06471592557574427
v 0.03749049115610295 0.39598199091976 0.05145522227222551
v -0.0020498675012302196 0.23331083192195637 0.26316964287930156
v -0.006619175075706466 0.2546530928158138 0.23080531373490945
v -0.016461615251623492 0.3177006932862927 0.1581818925104116
v -0.002382009535296861 0.27275965520422935 0.19993902441685754
v -0.00454539949227892 0.38351050082059984 0.09454147629805841
v 0.0011174949772590525 0.34287436880313216 0.1382641899415443
v 0.011759068932285106 0.39976849647237916 0.0765782011987954
v 0.007446240220635452 0.413416861074524 0.06715895051986942
v 0.012230757874546729 0.4248520642076935 -0.027751229160365595
v 0.047215206014487 0.4428955828351996 -0.005912179231304042
v 0.022901974902930458 0.4269985107777779 0.05576907032590052
v 0.021090250806219294 0.4665600019090086 0.005695052342904755
v 0.04685878476039052 0.43610787942826523 -0.012836822777417486
v 0.04364131663527251 0.4511456475574055 9.009151570471906e-05
v 0.03388051375889053 0.4605291184677748 0.004175564304510427
v 0.044125440497825595 0.4126530263707905 0.00023736559351154524
v 0.03703856171817045 0.43274120472547245 0.03999401649465244
v 0.050740143237728866 0.4148522721251936 0.022604909500427397
v 0.02328002537771288 0.4384295961076413 0.042578973406394695
v 0.05115637678339147 0.40941960766108587 0.012796464535587849
v 0.047743736431586616 0.42332229411398375 0.03245849803913712
v 0.011265075382703955 0.43467986883961074 0.04113340007064888
v 0.010028988518508801 0.4643518784313461 0.004508224155898143
v 0.011726997245489364 0.444415685957739 0.035626007343975606
v 0.046511410470445144 0.4374203372314708 0.01876772390017728
v 0.048778515888816175 0.4310112617501032 0.026262227778302314
v 0.04883538973350173 0.42047542947732186 0.0056946427250331765
v 0.051596398302060545 0.4175376552601648 0.008388737963137492
v 0.023156913781226234 0.4536731508938034 0.026249388933817345
v 0.023730454985253044 0.4453513399659763 0.03525546699574657
v 0.04975317819927964 0.4278008111691687 0.012646901923364361
v 0.05304586472369126 0.42260233807269304 0.017680724605960225
v 0.03661926376494934 0.44784257446345604 0.024068805907891143
v 0.03767475038175047 0.4408155202543845 0.03264372930063953
v 0.015256072369982408 0.4026111806302279 -0.01406808956734605
v -0.04930997128340905 0.1675681314038611 0.2828909665493248
v -0.06037921316374085 0.16049293866980735 0.2572826596007629
v -0.05251261290982119 0.16086394162337403 0.2298111674280391
v -0.051134080547021565 0.1564625760032125 0.20436420220177712
v 0.05855105555988677 0.12663946739879273 0.08941217150928552
v -0.0502052523102032 0.14415753632999756 0.16661574006872595
v 0.06374304539992472 0.12265393594127684 0.044934314367746926
v -0.03507457600714526 0.10396179631633648 0.029902839944087472
v 0.06730734743986727 0.12152804656437348 0.024765381100436943
v 0.0719839159198918 0.11985289570102556 0.005440168977631629
v 0.07819687287346001 0.11968430349912454 -0.013825401055260735
v 0.08169152359187692 0.12062817213339612 -0.03319587034469423
v 0.08438907862918908 0.12508030180334617 -0.051567688544728825
v 0.08744760774103166 0.13081065101854397 -0.07155784086871544
v 0.0875533186419046 0.1353407219694671 -0.09206541585801067
v 0.08326443419601255 0.14870146984831722 -0.1432885418638587
v -0.05791138832087306 0.016569783130502513 -0.10929933188741567
v -0.06895724776944652 0.05672120499724037 -0.14030365683510534
v -0.0429450572516357 0.14328215586222162 -0.10891384273166993
v 0.015080760142614067 0.16734796256013423 -0.14234922024419355
v -0.05887584156868993 0.016380776094328208 -0.09086564702190461
v -0.06396124710829597 0.05293004860235054 -0.09040000469685545
v -0.06196193542072109 0.08804764864075296 -0.09190394348217992
v -0.05073625042768114 0.11657752561056119 -0.09329220689430205
v 0.0075084684994895816 0.16367208891841767 -0.09499121331452284
v -0.060222194437255135 0.047699476605450805 -0.07204979229425877
v -0.058130814036383455 0.08206494285054737 -0.07216062335862823
v -0.05035223101230126 0.10967314559799922 -0.07244243032365176
v 0.0056963149616939485 0.15727886645125647 -0.07418474515509416
v -0.05978343481501844 0.013263841152048463 -0.05033705530262341
v -0.05836510492762442 0.0441251180360261 -0.05152527314984596
v -0.0546006771382225 0.07470749202455157 -0.05196545509899129
v -0.04595847127073663 0.09993361742247961 -0.051329157287988314
v 0.005716035633947625 0.1474348192380868 -0.05483911557562606
v -0.059255628049039506 0.011975868954382076 -0.031151648631513294
v -0.05802890691661364 0.03972221144046767 -0.03351926622941068
v -0.053970893947339324 0.06818389698013479 -0.03384817564328774
v -0.04613865123033768 0.09227927488847112 -0.03271151643421444
v 0.0036036536565124794 0.1439441690615537 -0.03563979138727921
v -0.05868732390061463 0.011098225377221643 -0.01302346378754755
v -0.05896598997641715 0.03739827383011944 -0.014139199653025219
v -0.05770542350437895 0.06354687790945504 -0.013953745275438117
v -0.05127996782292301 0.08912783141862038 -0.012339666188046295
v 0.001557482380507053 0.1424235659489915 -0.017094154941692353
v -0.059125623765150834 0.03484822569048463 0.008284285796932078
v -0.0586013713584441 0.06105407334247804 0.008893719949375496
v -0.04984980488596009 0.08546915576148917 0.009906446368188928
v 0.0016429276558539677 0.14069279231744702 0.0017737862908129246
v -0.05968115278883092 0.03612169418781595 0.031715762505087196
v -0.05854839895797972 0.06162987672195169 0.031330263713120074
v -0.046994396785992515 0.08455577475146554 0.03178596980880053
v 0.0035182330255702173 0.1369800981265574 0.020597831416429072
v -0.06106017294886607 0.012897738959858929 0.0530123146363946
v -0.06089661414891621 0.040085546792666474 0.05391154376506463
v -0.05904662410802033 0.06544643604403347 0.05353663824739253
v -0.05008620072665103 0.08949262218706237 0.05309641179492291
v 0.0036890300372382904 0.13318929743844546 0.03965298643522334
v -0.06317866818860038 0.012939184021588942 0.07397307611167456
v -0.06224013144259554 0.044524733980615815 0.07647013745812996
v -0.06260300493672095 0.07019970148470786 0.07562979958973258
v -0.05474186886059417 0.09396605962701926 0.07491000702143034
v 0.0008544813863276613 0.13230897676666656 0.05889171480448431
v -0.06631162674213746 0.017293076359134647 0.0988994138488951
v -0.06279232398532088 0.04877536715477058 0.09901321932917453
v -0.06672764613680378 0.07385663184794378 0.09848467045652898
v -0.05986309261347402 0.09764535759995817 0.09841662372593217
v -0.005006037793964086 0.13684087391055377 0.07961353484573917
v -0.06978021558984435 0.017061444986905903 0.14783907616522787
v -0.06533717616179939 0.051888040822828614 0.14811734661222622
v -0.07050042530908324 0.07787682143427839 0.14710266676080205
v -0.06401764681588244 0.1028282263756079 0.14885300743074695
v -0.010278968767016903 0.1521986340562175 0.10067328444259593
v -0.07070347065931877 0.018461949804666495 0.16598485868665877
v -0.06635644689562648 0.05225687070654069 0.16608701714171525
v -0.07162835493586786 0.07901446389900019 0.16621515003540122
v -0.06469829719952132 0.10490528720950072 0.1685951883832914
v -0.05688422182999956 0.12686686321513715 0.16961762347198991
v -0.07203355515696672 0.017309861625610833 0.20296432992640173
v -0.06853812392985557 0.050535814526392414 0.2052330423875525
v -0.07358727819865234 0.07894493230460682 0.2075728577896185
v -0.06451075506749224 0.1070795774848295 0.20999334886543025
v -0.054445459540191074 0.1327021994398663 0.20935434952153242
v -0.07296273470477437 0.017328620300566144 0.2309978575354236
v -0.07026926297679915 0.04985707381873152 0.23165750273730445
v -0.07357563675909125 0.07813216386901851 0.2347342840805016
v -0.06166813283539724 0.10608325437760618 0.23666345521219642
v -0.050152840012241295 0.13212854571556484 0.23563297150485102
v -0.07379400337358386 0.016202772405935057 0.26749724055127305
v -0.07295059482516617 0.047692681786210965 0.26603921774167244
v -0.070642257578681 0.07621349995342117 0.26951691095312275
v -0.056515025271545914 0.09979551983665923 0.2692380857335024
v -0.05235644553510437 0.12362834268042291 0.2668545687324622
v -0.06677031868450713 0.013359756358377143 0.30867112154101634
v -0.0671451980464452 0.045110929138945745 0.30645762830396905
v -0.06244616752842946 0.07308289864565493 0.3085494394206286
v -0.05675138403397229 0.09743786916172795 0.30626769720542
v -0.05260554341359763 0.12521836915607676 0.29583929008006205
v -0.060621571050971906 0.017686283803517642 -0.18491284441697345
v -0.07050948385466821 0.05521701956753991 -0.18599591139108357
v -0.07368052575965298 0.09561292507161974 -0.13931050452825983
v 0.012432972290058344 0.1805527005487913 -0.184239447507
v -0.05704065559023742 0.13000145705866664 0.18806052552109687
v -0.06504956943963519 0.10645526469483114 0.18781907537636128
v -0.0727242074087072 0.07954571923059603 0.18505750954106767
v -0.06731724307754494 0.051784773604384944 0.18334862617323533
v -0.07125465905758223 0.01806027289404859 0.18205006988096134
v -0.05229854099094436 0.15023942089757658 0.18392992537440725
v -0.02482403739953164 0.14333347478990582 0.32776189689690344
v -0.02325520305762224 0.10228909884059555 0.3397877558342599
v -0.03611874999819612 0.07280085815131458 0.3393577194487122
v -0.05267784406519662 0.045329876111442326 0.3377835385586042
v -0.0561252668657648 0.013152708647665573 0.33731579152623786
v -0.022442250563948107 0.18554177247992298 0.3043727838939676
v -0.05597398175202549 0.123834201257896 0.1501452940389807
v -0.06293004715403114 0.10053379229442136 0.12437129289663441
v -0.0691997947365711 0.07631045874559138 0.1231333529742295
v -0.0640580814285077 0.050309562643694475 0.12319370487813107
v -0.046004632763550865 0.1123828603965041 0.07149691002462807
v 0.0021315038319370703 0.4203213340274319 0.05350624570638347
v -0.01608054799226077 0.4122328839310958 0.04880293402683301
v -0.018156254949370593 0.40066919626490743 0.025060817971497295
v 0.0023246774949315444 0.36184909119912123 0.021644345620676075
v -0.0018137207845798722 0.3928587827217049 0.00034609290230876757
v -0.01810490382362301 0.4062796570866371 0.038314943503440335
v 0.002830875973903717 0.45023916719822127 0.024784005862608118
v -0.013312888737729484 0.16656960723131503 0.12377596162992163
v 0.015439202292225946 0.2140384033426318 0.15504694555009718
v -0.02839052663926494 0.3131872814231109 0.15413302225242315
v 0.022231559231664977 0.2358885924625648 0.12922714866040372
v -0.017780882254553303 0.3806050688881131 0.08943526598123137
v 0.017492614813009205 0.3062783569341186 0.08349929713590826
v 0.02838848607802619 0.3624089508699854 0.03254904467131838
v 0.03398064134422618 0.3779561119866643 0.02073832603963381
v -0.04620839729693088 0.21000656193620396 0.2312421297451414
v -0.050962680200924496 0.23528692123186082 0.2092073378200373
v -0.043307973997807975 0.29746570274991646 0.13277633243936687
v -0.04235125280491592 0.25743233143332134 0.1864760633976264
v -0.03291921857843916 0.3645565801187614 0.0679980799628759
v -0.03855445746919609 0.32814527790490117 0.1253717218128673
v -0.02493142645916087 0.3941477050548699 0.062473037418928345
v -0.019130936883001482 0.4110768004857609 0.05038927773455635
v -0.052148977693596624 0.1906587040048649 0.1872186715749285
v -0.05899422259381588 0.21346411572626564 0.16850831109542483
v -0.05045763634020819 0.2313377158280535 0.12190217268095233
v -0.05262771245308677 0.23870967441814067 0.14540750497965516
v -0.02700154440083824 0.30190490287560773 0.08428966181378923
v -0.03481857618143107 0.3084221193597737 0.09864668053976816
v -0.024437023340136164 0.37929630972106765 0.040171501938482505
v -0.02336915747022624 0.3965573896044086 0.02776041696882674
v -0.04059967284293433 0.21792852338145524 0.24839196021110083
v -0.04025661441976052 0.24527975000171434 0.2206906469715245
v -0.04738807642666727 0.24749657354127802 0.16844467285862996
v -0.03440349282587794 0.2648745118740925 0.196664641105166
v -0.04556550746371172 0.3186310043763691 0.11134033216176634
v -0.026445346170979465 0.33472778067239845 0.13317465682974963
v -0.0137538135846524 0.39740410350837335 0.06877407072251095
v -0.012168928618974196 0.41435866784193215 0.05944912613677527
v 0.003929832778189835 0.15882103375505982 0.1254992695586925
v -0.040739977820252446 0.19706247626066886 0.1276124851976775
v -0.008359904103199332 0.2799086233589484 0.08838753151436764
v -0.014930689667847271 0.23189410813184047 0.10736616346116269
v -0.004081519879283843 0.34954696766423243 0.03914708374857787
v -0.008286594532385567 0.29494823045749113 0.062001879401549304
v -0.009807707103022936 0.36868445082120965 0.029758069278382517
v -0.010392491176972435 0.37603265877024117 0.010407255983348343
v -0.046257247632858406 0.20126951563333656 0.20884203069072785
v -0.05659130781850979 0.22537740717624002 0.19064328779745335
v -0.03972419372270184 0.3066445245205532 0.14724621772190283
v -0.0438534853379372 0.28888722058864763 0.11349356992914271
v -0.02732612185104914 0.37292442370456946 0.0807645196160114
v -0.026006334148921784 0.3562360721390185 0.056637982907035825
v -0.023713502407912524 0.38641107209065445 0.05150467419394188
v -0.022668678569019954 0.4047232694691441 0.03951297299623259
v -0.022455726263023206 0.22529576699589035 0.2613577308732792
v -0.02604866037840032 0.25218519713772075 0.23031168288234727
v -0.002645626069948511 0.3213984858566196 0.1588809252693647
v 0.014162567935930813 0.32406093547052084 0.15750990660531414
v 0.009193889086149586 0.383136271420271 0.0951898595443301
v 0.024988792036371537 0.38136915733194837 0.09365191224518978
v -0.0018710445302921363 0.39926702235995704 0.07385835006982319
v -0.00405023482162019 0.4157383568738156 0.0675617055802421
v 0.005777566431519113 0.37227938645176656 0.008315706004134402
v -0.015876528091344013 0.4425510879985781 -0.014597896982220419
v -0.006733416406539991 0.4162783132390621 0.05145591886575059
v -0.0061963397617561585 0.46013274838664625 0.001184463925492679
v -0.0023404144987694032 0.42770241325893765 -0.027770269100743195
v -0.015776414325372332 0.45003329165656164 -0.007092971752607592
v -0.012024174110476384 0.4558986560162132 -0.0017104923686986993
v 0.013730549612956581 0.4088803034770396 -0.011842385167492774
v -0.012818628243023348 0.42684308543288035 0.03677722132632506
v -0.019782693160313752 0.4176859678596439 0.01296608194267436
v -0.00738857225193283 0.4297570209608028 0.039283913506646645
v -0.014946269523724938 0.4122980134312863 -0.0016976703920855438
v -0.017490406161232364 0.42289493504525016 0.027269363175601503
v 0.0017935099439264676 0.430460384972537 0.03979818516021739
v 0.0006581555649109447 0.4635822786544257 0.00418923779373685
v 0.0019202394588236657 0.4436927879888963 0.036162103193361377
v -0.01479525863766618 0.4361140964240992 0.012939859189463707
v -0.017259304440261292 0.43471151850848877 0.018597708964851533
v -0.00933120160109557 0.4208527349972306 -0.004544367012554782
v -0.01045874003276631 0.41883882982844123 -0.003957614897479648
v -0.003786945665250779 0.44656474074077496 0.021998330435882424
v -0.006179433902249669 0.44212772711027754 0.03358788950895458
v -0.014886963915788275 0.4292846572130932 0.003182405446527599
v -0.01777865450432186 0.42940916124591727 0.004941757570241399
v -0.008951812114400892 0.4415523077464518 0.018870764311126678
v -0.01253711285104417 0.4387202508421453 0.028435391030859552
v 0.04145359379932703 0.41519694807975127 -0.0010254382759233192
v 0.04352841360066353 0.40780465759362183 0.0036215210565698906
v -0.057343985436550955 0.016690731956889162 -0.13915516777571008
v 0.10367803457418014 0.024944138452735028 -0.1871913235601552
v 0.04203414861801136 0.16880085056608585 -0.14420012240639887
v -0.06857777167163479 0.017512730153231498 0.12407174921227779
v -0.059174856229768584 0.014316221708088037 -0.07123928903707628
v 0.009187115882867001 0.16572587944386405 -0.11411654920763077
v 0.005294245970731416 0.17536809829621594 0.1352459123784885
v 0.015841133863468717 0.14251615462420925 0.08008195600049277
v 0.016708448281834213 0.14538357653083706 0.058197537560746665
v 0.015054190122808106 0.1482892718617438 0.038847637747869604
v 0.014101444920129285 0.1517075782402589 0.019516447889089874
v 0.015371803442834196 0.15272630134190715 0.00016720498905285587
v 0.01675290293838006 0.15163779266729205 -0.01864386413806802
v 0.01908920741503485 0.15167993958319523 -0.03660016868708201
v 0.02301690431539585 0.15259091637254027 -0.05546612737111468
v 0.025459887931641684 0.1591202981527368 -0.07580717696938608
v 0.02744095983742954 0.15691924613799577 -0.09717677375725911
v 0.051624815603889 0.15920410349993763 -0.11510278231469553
v 0.009848942473671112 0.14449870695040662 0.1059247666975129
v 0.0010090969784811135 0.18890856719780505 0.1415073823791965
v 0.03259820083578359 0.4072520251404075 -0.006275552271129949
v 0.022656041755209917 0.37427102284633107 0.010549927786476013
v 0.01849405567431373 0.35757264102726916 0.021764707480055278
v 0.0006105710098684403 0.3038044093767137 0.07653281405378255
v 0.00415936037380985 0.23589154007968516 0.11584499095942359
v -0.0008049248597190617 0.20913899586128157 0.13640409917979102
v 0.029094244385266435 0.41143556348955934 -0.0066598535277670535
v 0.03287019849299372 0.40269075211974276 -0.0070042221930064616
v 0.02525437411819111 0.392879787791697 0.0046442635669228915
v 0.02717003297562495 0.4276912602609436 -0.024747999729650503
v -0.05516500197181472 0.1206337223591483 0.12488334857910455
v -0.040551974828593094 0.17032523587792553 0.14772684480648007
v -0.05173830430057007 0.1165820892747828 0.09681409806280283
v -0.001595462935911925 0.4088260611186065 -0.012114218044290071
v -0.012122902067679863 0.4345342378663135 -0.02236393992920137
v -0.05500811105042105 0.2024360424156078 0.14593836857345288
v -0.023680436255862986 0.28455350497642223 0.09665205136953554
v -0.020369077394670237 0.3497575275746215 0.03941232734336098
v -0.020146525895029667 0.3864159918067151 0.01665445608506725
v -0.001359237955482988 0.4122400870780048 -0.011394084193399817
v -0.002943897756216639 0.4067037598289138 -0.012828127271217375
v -0.05279347242126884 0.17895507251679044 0.16709407954222227
v -0.011261825614788275 0.39780157173490677 0.012411853678846455
v -0.024245515369597306 0.35029029728924643 0.04338389582424987
v -0.023064540417472357 0.3740600186092586 0.03478383761768124
v -0.03954641738618647 0.2861578266207502 0.10446364625557883
v -0.014819372240849542 0.17030221517483374 0.14040732252433874
v -0.030951079047948287 0.1560168181091335 0.13475353165965187
v 0.07553169815609496 0.1603667586924758 -0.10837909389016472
v -0.01046475977344417 0.15775062842931104 -0.09202507312106314
v -0.00981796025346296 0.14943662721168952 -0.07178103889565955
v -0.00843815117797878 0.14100506790597664 -0.052087536929298045
v -0.008642079995334867 0.13565731206925327 -0.03307260115499318
v -0.00898685118815168 0.13210101672208224 -0.0140605234209044
v -0.007323993360502928 0.12844444785927503 0.0048309798379674385
v -0.00653835656542261 0.12534346824253265 0.023851367774035633
v -0.009896229806741664 0.1249326083444217 0.043088912598078837
v -0.016844656646059594 0.13096879248566892 0.06112837517986512
v -0.024597833381950793 0.1398277483941347 0.08187466576364205
v -0.00902289263957857 0.16700805517150547 -0.1385691301243711
v -0.03049097598295917 0.15008171502166917 0.10828453630618513
v -0.04550549476880218 0.14638741837978816 -0.1835536596995077
v 0.057020109222886924 0.1293069929733539 0.11622313492871275
v 0.07633622427959263 0.16970971229846132 -0.13967128795673658
v 0.07394623312169649 0.15304583298352328 -0.09007894891044607
v 0.0693797871124475 0.1447382985726908 -0.07162207292596434
v 0.06442256127168716 0.13733940321118396 -0.05299546926611046
v 0.06216046548185333 0.13634376384944927 -0.03417095846053362
v 0.060173603224337006 0.13672346113257022 -0.015343325311278773
v 0.05792706526737175 0.13868030279199314 0.0036944758718560626
v 0.05596414943324357 0.14150358737279475 0.022897269106045774
v 0.054529127110801955 0.14425538233757138 0.04296475961034921
v 0.05326432532883615 0.14714504653216165 0.06388306585298166
v 0.05132239183341721 0.15115681452306098 0.08736106314604157
v 0.0459872584596652 0.15675686273149952 0.14267359143365546
v 0.04860659461170973 0.15535604934673058 0.11511698896577593
v 0.09594092193825256 0.15979647494767696 -0.1877107678777947
v 0.04511002032389289 0.15923201662604003 0.16601627810523706
v 0.05254816556231987 0.13331074151044336 0.1643567161841896
v -0.04738821790763829 0.13511659491458092 0.121136315114905
v -0.02964888587473863 0.1617716063983162 -0.1840410388588755
v -0.04351903336468224 0.12960921852236837 0.09182710738832928
v -0.0365973792120657 0.1239256383021934 0.06668098414209855
v -0.029398108954398473 0.11850365531207532 0.04656514072978794
v -0.023599456456473097 0.11454148523168456 0.027601383377553815
v -0.020057955397326403 0.11279864668061079 0.008206307113449622
v -0.021820726381007977 0.11641073564675983 -0.011574339504196802
v -0.022518700685521625 0.12150876613912819 -0.03118674902262103
v -0.023312738045901102 0.12838693619677444 -0.0502735030041412
v -0.025120095144195685 0.1366341912121947 -0.0709376019844597
v -0.02731743446140727 0.14605817720411032 -0.09167780254094382
v -0.029300161418616022 0.16248227104771118 -0.1360958351120001
v -0.04772437284817972 0.13924293662284795 0.14747926593171673
v -0.03181895888238598 0.15981953488721695 0.15253283766936204
v -0.0596566343500381 0.010175056896285794 0.030294012316256985
v -0.058855301918922694 0.010378724985656389 0.009130470742483928
v -0.07458721329537431 0.09152866792335326 -0.1854085611970768
v -0.05121096835062394 0.118486755788757 -0.1110966170377933
v -0.06901845692601893 0.09177976178784698 -0.10920909688523078
v -0.011600132214258567 0.1727386619815225 -0.18445744238687609
v 0.03986200141863674 0.1843924959444916 -0.18386784559583313
v 0.10408681394702063 0.12072163472264215 -0.11176021411081358
v -0.06816769269864671 0.05361378161261973 -0.10973301763812769
v 0.11414121715972299 0.0938386557355677 -0.11204403361228644
v 0.10617686862963012 0.062377501335952774 -0.11199373986141295
v 0.12109227404821443 0.10333074595249979 -0.18869748732134986
v -0.02920162354010882 0.15441228744735672 -0.1087484575658075
v 0.0993635329943141 0.02407616806752396 -0.11251236127860798
v -0.010134916992610463 0.16275121046688376 -0.11052224687090573
v -0.06327455761635167 0.12188778667882133 -0.18401735984507095
v 0.07608689637713757 0.1732180378935487 -0.18611617806714503
v 0.03216733939056338 0.16311048275753162 -0.11551575398708883
v 0.10188304583775401 0.02498290880878364 -0.16242772794241678
v 0.11199678708790592 0.13412993916955385 -0.16414400599781703
v 0.11876079815194238 0.1018930697960725 -0.1644496616619261
v 0.10888482571394696 0.06646488496086449 -0.163228640629426
v -0.058712954645069926 0.01826317010865334 -0.16084251520319462
v -0.0606697105851032 0.12185434604563729 -0.1597777944497499
v -0.07165449109158131 0.09130077392703835 -0.16171452202979827
v -0.06856465065130846 0.055218836458379314 -0.16228231575782964
v 0.04013684255769015 0.18014619862773654 -0.1594249307016181
v -0.011148993067771895 0.1714274257946201 -0.1596670475939145
v -0.04388866601996479 0.14600107965470885 -0.1589895778358145
v 0.012843937438374113 0.17675879222668212 -0.15978991487290362
v 0.07566856036806709 0.17060071377980282 -0.1611255410637626
v 0.08814342578970025 0.15205776261783682 -0.16487285853380676
v 0.05824804476958647 0.17964562747373833 -0.1594275922544468
v -0.029182856970866217 0.1611164375687066 -0.15936682239001232
v 0.11581875844307842 0.13716082625938675 -0.18872373968886644
v 0.10006125115709126 0.025049261514164672 -0.12885398317473196
v 0.10675038233960277 0.12756726557534348 -0.1289801506419085
v 0.11768395791161912 0.09904614046705514 -0.12909948516948375
v 0.10742213108539267 0.06581137285252059 -0.12839172438751523
v -0.05466572341313017 0.12215042608401629 -0.12640240849547135
v -0.07358994384718541 0.09659449422111649 -0.12569652130398606
v -0.06941997859009576 0.05719554309756856 -0.1264756012239851
v -0.057357530312911485 0.01865301625842105 -0.12614468957662803
v 0.03794560782769979 0.16495918728259337 -0.13264890662574924
v -0.008391272851467969 0.16323638677330102 -0.12679327738416812
v -0.042707993348300374 0.14697974611306097 -0.1235270604106099
v 0.012819161111760277 0.16416092280088782 -0.130627632626442
v 0.0762222001359477 0.16587357354963578 -0.12611152349158888
v 0.08358892505483512 0.1448570072861375 -0.12920030695838408
v 0.05543419731491634 0.16778178267581212 -0.1300740787788519
v -0.029247955045313617 0.16038018084423197 -0.12329127709827756
v 0.10925289264063774 0.13204098589438526 -0.14264217418933658
v 0.0369801860991473 0.17278718283123012 -0.18573099565264722
v 0.10564968397684592 0.10025067101796911 -0.20699026681041768
v -0.00657160931858757 0.15665280363689724 -0.2001909760285796
v 0.10678677520306838 0.06443836106454201 -0.21446036970964738
v -0.04157138182127248 0.14183578497910962 -0.21106802660060447
v -0.05961982184942819 0.017627370819007507 -0.21267172191219935
v 0.10345501036162084 0.023588056203529776 -0.21560625345396572
v 0.01368758605811411 0.16527634004949926 -0.1936064357911215
v -0.06028921729087383 0.12043412580407077 -0.21148286193932556
v 0.07315819008734228 0.16699201358010185 -0.18206108175225405
v -0.06662336668142434 0.09001445795692567 -0.21116784683326564
v 0.0922229133409276 0.15391458332868393 -0.18307459253531577
v -0.06546584584906814 0.05441872458977688 -0.2117540903958644
v 0.05339913359276853 0.173438626903459 -0.1822610699238525
v -0.02397599559992805 0.15067873633758994 -0.2052863054958532
v 0.09991606290062621 0.1300663273857957 -0.19485529938702964
v 0.02566153053906417 -0.19633820410991865 0.15164571412148212
v 0.04342190966907734 -0.18401503990352686 0.27927603616611274
v 0.04368613618599802 -0.17743352965050443 0.2526975767666214
v 0.04161188257518884 -0.17529494176198102 0.22928909374731163
v 0.04374096964549521 -0.17090078138136444 0.20903339632447626
v -0.01902205667545164 -0.18362057729306988 0.14305330496329718
v 0.024880979594520288 -0.16067248098193376 0.12966828397363503
v -0.03551991636821483 -0.10934255872689648 0.04936189940481315
v 0.03343789411052965 -0.16118157003568703 0.05607329249571534
v -0.029169130904029 -0.1024756995075641 0.008614668615133846
v -0.03290043143184631 -0.10741055449599947 -0.011894884596197983
v -0.030662611559364204 -0.110448971342876 -0.03246884461260816
v -0.03188971383788649 -0.11809262063561768 -0.0513039716532983
v -0.0372593077487932 -0.12883555402881958 -0.07172303507115338
v -0.04116123717055185 -0.13877193137474025 -0.09263879043919587
v -0.04473633871595041 -0.14914601715364345 -0.1373226757003062
v 0.041564797970475555 -0.44627342143221715 -0.035573623724513496
v 0.10341864652411684 -0.018731916964371157 -0.14175226014941691
v 0.11287174107991065 -0.06067752351951647 -0.14263297188841073
v 0.08327818758763858 -0.1362881274501752 -0.11515864380179855
v 0.05968730695533824 -0.17628979527783342 -0.14269701402359486
v 0.10027833072324145 -0.017255340723485637 -0.09517899043460114
v 0.10664464470875183 -0.05293131877420922 -0.09518313782818535
v 0.1073542041212263 -0.08325481598163192 -0.09554987534069455
v 0.09123518802623695 -0.10611835491623604 -0.09777680569948037
v 0.04674089412044567 -0.1526891285120882 -0.10013816681031405
v 0.09867682958893846 -0.015948523690029994 -0.07562304128675171
v 0.10439651065606541 -0.048970076345577526 -0.07541055345968486
v 0.10379014979710088 -0.07772510608103696 -0.07560585993173062
v 0.08913925752301274 -0.10090992827434632 -0.07733924502453209
v 0.04264977590787399 -0.15194367399891917 -0.07970711446613532
v 0.0974080945093051 -0.014813325565533391 -0.055642614181465495
v 0.1017552591897518 -0.04573073395150992 -0.055475287557895304
v 0.09989745078174751 -0.07297692067108347 -0.05606139504682565
v 0.08852628019925671 -0.09640955184574934 -0.057183553921926894
v 0.04236669627913465 -0.15619727137650627 -0.05888016658461204
v 0.09625299322530044 -0.014182403687400426 -0.03587090741036764
v 0.09846915878753315 -0.043969137018613304 -0.03594702393415814
v 0.0954342465862803 -0.06966330939896817 -0.03727905899854033
v 0.08805548346209 -0.09329372749160307 -0.03820283594800121
v 0.04018150546248774 -0.15689602425618296 -0.03991660000113961
v 0.09492718758446442 -0.01480137085116716 -0.016018945243944926
v 0.09504341323238735 -0.04504091126890974 -0.016250967291063418
v 0.09165912822658356 -0.07056877039952239 -0.01774975562651873
v 0.08793508374467421 -0.0951450503705294 -0.018213883294915613
v 0.038966053023661656 -0.15691875261359084 -0.021810713850795634
v 0.09319330652174972 -0.016290988334895617 0.004126804223725721
v 0.09231031485140118 -0.04804860752893856 0.003845820910280291
v 0.09105011550646105 -0.07506086643066948 0.002899163958320885
v 0.08618086754898216 -0.09969805084225798 0.002667483754150934
v 0.03778228724305834 -0.15834888946069672 -0.003190575527169463
v 0.09142069738609152 -0.017452569221005913 0.024214647546354887
v 0.09175469162378576 -0.05074496462020058 0.02408884563487979
v 0.09088992187402577 -0.07852652305582813 0.023404872020460207
v 0.08096361256834526 -0.10164194137264912 0.022490353514339877
v 0.03561353869018903 -0.16055071963412718 0.015852814228881015
v 0.08962135498543855 -0.017752870818843396 0.043698272358809076
v 0.09219378089135909 -0.0511091218302436 0.043934815098031973
v 0.09111891927339606 -0.07911362172493117 0.04359304403938208
v 0.07624609501731612 -0.10151446724623481 0.04213788524737692
v 0.03411174445466967 -0.16158385228411423 0.035774237128239954
v 0.08780052570693574 -0.01729431664112306 0.06292113341887963
v 0.09316294767414063 -0.04988369609387745 0.06391007521636335
v 0.09128388727051134 -0.0799103561013733 0.06438060356099672
v 0.0704871254162304 -0.10114636196114277 0.06286148181072286
v 0.03260994150596156 -0.15884430597949953 0.07868929196672247
v 0.08595877944958003 -0.017213843557371572 0.08318949370780399
v 0.09405608551924421 -0.050503884728779654 0.08500820670184209
v 0.08867268463585017 -0.08254222208325362 0.0865129557297836
v 0.06387061974520952 -0.10203330937872884 0.08509856621523236
v 0.06458306670941277 -0.1284680908084031 0.06337144479367511
v 0.08296460008330644 -0.01906266034053047 0.12824192865954723
v 0.09483993886018664 -0.05515984410607169 0.1311982829780405
v 0.07704169311655937 -0.08315608452456434 0.1331071212729311
v 0.054588381994707766 -0.1047631087406739 0.13423767994404573
v 0.023838534844714904 -0.17742101483742087 0.14983284232868965
v 0.08199917092000318 -0.019661063212429764 0.14938939389336212
v 0.09417912501922371 -0.05601854433651627 0.15194194371754646
v 0.07148743775877991 -0.07956894352337074 0.15191431986288007
v 0.05404572728637346 -0.10682055477900064 0.15477029082807056
v 0.058642412062447594 -0.1369608460647592 0.13950003572397263
v 0.08043032046988831 -0.01982309760197078 0.19485033093376222
v 0.09013589344215507 -0.05527237261189005 0.19764191843735565
v 0.06340671685917584 -0.07872431653412826 0.19697966649781204
v 0.057436120752580394 -0.11288701672753482 0.2009662215729607
v 0.05085964907711606 -0.144739117987461 0.20685114544948405
v 0.08017806435629211 -0.019479238393932796 0.22110675386463108
v 0.08589012856122559 -0.05442055744171074 0.2245982077491311
v 0.06472918115863277 -0.08177782281562046 0.2242256953011721
v 0.05827795525089146 -0.11547559689239273 0.22792644660339598
v 0.04729564771923679 -0.14576928973220105 0.23101479976870432
v 0.078388025371676 -0.018885798056247897 0.24737312144395882
v 0.0801048909202474 -0.05293437816141377 0.25164980308686424
v 0.06614520393448972 -0.08354607479805962 0.25300966821498183
v 0.054196968042161335 -0.11359917422331055 0.2571577974115659
v 0.041416930898845364 -0.1417334993615793 0.2574985525082479
v 0.07529730577007812 -0.01836406750954178 0.27055091879259513
v 0.0712258040363856 -0.05087392364174157 0.27683727568796196
v 0.05980632730906207 -0.08177278336132177 0.28456066369853067
v 0.044898351327232834 -0.10826903039546544 0.28945263184762965
v 0.04572443010242793 -0.1423877807762957 0.28721610175153917
v -0.061781932832048046 -0.1256342363444006 -0.13841464270826123
v 0.11626060573841933 -0.05926049164505371 -0.18796863367636338
v 0.11735051041204128 -0.09711919032566536 -0.1445386549358757
v 0.0590332807465727 -0.18036857968630232 -0.18688927520716403
v 0.05290875951225622 -0.14256731062477238 0.183219055515296
v 0.05496973808088566 -0.10959445724984543 0.17603794498157416
v 0.06741834114318761 -0.07854003198810998 0.17219616174640792
v 0.09270450773742747 -0.05600962179717188 0.1730525646433408
v 0.08116840500283005 -0.019926957685013416 0.17079394175493798
v 0.04665844054480559 -0.16775543194849166 0.18702080792972273
v 0.027333631934794843 -0.15123708354689624 0.3205449809784093
v 0.03206615610447138 -0.10783199869947249 0.3278925861535726
v 0.04625958562995926 -0.07856024274224672 0.3174036590510067
v 0.0608652287881581 -0.050573205349892035 0.30146095172383824
v 0.06896368548932555 -0.01855408234581943 0.2906278362667858
v 0.010090668117745134 -0.18669474369111785 0.2923150084993108
v 0.030109634180407876 -0.15554656669842298 0.10540055566777864
v 0.05797953768324659 -0.10352849179390627 0.10981969219543156
v 0.08300660267730728 -0.08422963566598232 0.11026918580665841
v 0.09478308671638512 -0.05317129200872053 0.10817153677590399
v 0.08425409903582524 -0.018085541988829376 0.10551890765941788
v 0.008640959474059013 -0.44087450660725147 0.0444949396565747
v 0.03502667928323015 -0.4347742123070294 0.03771743302670867
v 0.049268555202159274 -0.4187887133739915 0.01997052758153892
v 0.014977421943102984 -0.40766933182772985 -0.01731716887820866
v 0.04686271464539222 -0.4137436876583728 0.009850223142500758
v 0.04468387137004202 -0.42648402351164355 0.029461505424157725
v 0.0070051387346962025 -0.4642027861950283 0.01081870757458482
v 0.021621688869423745 -0.4258770898008994 -0.01629201146950654
v -0.019564856837822366 -0.20632989607397575 0.12191336946562459
v -0.035160783370695586 -0.234795901122952 0.10413338031413552
v 0.010372372814972485 -0.2775411889598377 0.0712499171761299
v -0.021343127209004616 -0.30255359972029977 0.060289886536537
v 0.018571044425705247 -0.35331631871616326 0.020520397385224137
v 0.04429003436432247 -0.40901373564740695 -0.0017476737433963366
v 0.030066517467248026 -0.22588860574963748 0.22947119025748242
v 0.024647743132066833 -0.25114681923689325 0.2084464776067965
v 0.03243070835440657 -0.31422686895603513 0.1271629124955504
v 0.031101674360004175 -0.30452188429370314 0.11373859974012182
v 0.041343863711039285 -0.37808377708082547 0.06962456432928125
v 0.04324146444513269 -0.3700500440854408 0.05757729241203942
v 0.03444530300851527 -0.40393677680061674 0.0635607043437819
v 0.03421411813909373 -0.419501120054364 0.04985324822293881
v 0.036375086754172774 -0.20753056951443774 0.19972190148464627
v 0.03225477485068261 -0.23158205565975365 0.18344985764141247
v 0.036330314204352905 -0.24618796800965798 0.14228136539216016
v 0.039928564272785974 -0.25755317104949166 0.16115371718459057
v 0.027670364473483224 -0.32075544407831436 0.0810401669129476
v 0.034054429117215027 -0.32872274842323407 0.09521551829790059
v 0.0438044431442488 -0.387979550828443 0.04317656823508557
v 0.04545577908103191 -0.4039903876583602 0.030948224999243393
v 0.018842567632683705 -0.2319867817642293 0.24457299634073015
v 0.015020295469487235 -0.2597567015076278 0.21997421137863882
v 0.030994025251244384 -0.26799745853725937 0.17357529784388026
v 0.016370170059031332 -0.28697812047012106 0.1954992691789845
v 0.03617033011736814 -0.3373606061763726 0.10828660360045839
v 0.017336159827844033 -0.35177921350659414 0.12770780699094142
v 0.022917593557776297 -0.4113019434930545 0.07039743351593995
v 0.02243157909231153 -0.426210696047136 0.05613311081894488
v 0.033397527163154125 -0.1983108755312771 0.17996507848942556
v 0.037840914854969314 -0.22210519356830732 0.1640681599003617
v 0.03098724652542531 -0.2955544920210439 0.09855351619720021
v 0.02645238689150422 -0.2862381523800506 0.08152074917081249
v 0.038248957781304375 -0.3636214528211793 0.045035009093293714
v 0.030622919654570164 -0.35828439177368954 0.031773865120537606
v 0.04104646547254311 -0.38139700845885754 0.031877128827463644
v 0.044934137379195264 -0.39753022253150194 0.020366095442261107
v 0.03404268614863878 -0.21695964219930539 0.2144624337702248
v 0.030885685417076748 -0.24200028138440371 0.1968710821901496
v 0.026245751993082243 -0.2788023963710336 0.18556200789852295
v 0.0285907811529809 -0.32454957557611736 0.13991886087354052
v 0.03088859193702908 -0.34633944954756923 0.12014598210045857
v 0.03508406966393756 -0.38709031779310943 0.08044101214234914
v 0.041584315473420945 -0.39553628188065654 0.05400342922434852
v 0.04288079654392485 -0.41158028978631117 0.041247081418480144
v 0.0001046879885916356 -0.23547452199142815 0.25882733820778675
v -0.0015218662383352356 -0.26272129263519195 0.22833893901064517
v -0.015758424971711628 -0.32498493785409965 0.15069014697986455
v -0.00018650554105900945 -0.2838880705901521 0.19738352085373534
v -0.005788908452346781 -0.39055960516013866 0.0860996935892797
v 0.0008691745077875296 -0.35088290309546927 0.13063012052775458
v 0.0082105091154518 -0.4115334001882175 0.07078132597678152
v 0.009339400195561606 -0.42521319323612594 0.05574315472593888
v 0.01494528738900124 -0.43951488780482245 -0.038823958512450726
v 0.045173987822747355 -0.45927896841140103 -0.020253614232684562
v 0.021187426436261047 -0.4395860170347299 0.041609741372077576
v 0.01544286387040375 -0.4746116539138999 -0.012145829904411341
v 0.046617564492199934 -0.4526722297754791 -0.02717495865055133
v 0.04065009770656126 -0.46707521036222355 -0.014349903341926668
v 0.029586258919443546 -0.4749374160268948 -0.010119778595970762
v 0.05096667665161773 -0.4241155675174098 -0.009175573927464282
v 0.035651652254642854 -0.4478878018591011 0.02678736034920254
v 0.053485594815094954 -0.43122153334769653 0.010777850760081009
v 0.021629688803347008 -0.4534116651233136 0.030944500710697688
v 0.05380422787139215 -0.42520178975800565 0.0014738601999982413
v 0.046709353834138045 -0.43901950609725904 0.01921242806150092
v 0.008824055382332533 -0.4543753545519801 0.03208987156886458
v 0.00413405151380612 -0.4746187009329406 -0.01157632782265259
v 0.008506745455068264 -0.4585175445819091 0.022207337936599375
v 0.044210176281847605 -0.45283329243680276 0.004504481118133435
v 0.046294194730553205 -0.44618725207831134 0.01222968066114752
v 0.04683477292887424 -0.43727488317183133 -0.008587122160820096
v 0.054232398259973086 -0.4325250688459292 -0.003927055424812022
v 0.01807483604598987 -0.4623924013556832 0.008633625269722915
v 0.020188433082742447 -0.45876229438988525 0.020375875559875672
v 0.04713383908488509 -0.44405204498370265 -0.0016817643135054509
v 0.052410991523087695 -0.43830610352421295 0.004657113212387353
v 0.03248503942976121 -0.4607212342931276 0.008802682495598312
v 0.034184827101266725 -0.4544056108971017 0.01798702174115716
v 0.020931426296999536 -0.423718640482302 -0.024609072349030453
v -0.03534951634889291 -0.16864362806777544 0.27573716849984775
v -0.04837996108187388 -0.1611684260188778 0.2510582462943688
v -0.06195506504346399 -0.16580292301187358 0.22587599294152438
v -0.05392640404082655 -0.16161500101043272 0.20165118755063222
v 0.06278062610460787 -0.13166087116399003 0.08643788940070583
v -0.04963604440093295 -0.14846813058988534 0.16444089710127613
v 0.06646898832530793 -0.1264440123569315 0.04196308925400515
v -0.030797126302827597 -0.1049551070853873 0.02917726891004716
v 0.06871472343499274 -0.12427315374380025 0.021730159474584527
v 0.07174486270622916 -0.12108067711147177 0.0023134219303898042
v 0.07643574499078835 -0.11877068642619658 -0.01718999863331637
v 0.07900897598475663 -0.11841721549239972 -0.036654092361722665
v 0.08189163254289626 -0.12205649938847109 -0.05512743108194204
v 0.08489463524016681 -0.1267514077309039 -0.0753981567795962
v 0.08489092769942301 -0.13097251173603164 -0.09602671166708102
v 0.08076664734170978 -0.14533510083410475 -0.14705568874579822
v -0.05666765219785447 -0.017516244500698153 -0.10928962528040821
v -0.06282597619443102 -0.05722778025389928 -0.14080091589286356
v -0.04214121643068313 -0.14359299977984466 -0.11021502349885252
v 0.015141374755679645 -0.17307972985561734 -0.14220710808967804
v -0.05872551212511971 -0.017352222287172932 -0.09097612454212588
v -0.05761631969057316 -0.05482586324874393 -0.09099479988481417
v -0.061783158255751314 -0.08905694474971489 -0.09222315079943387
v -0.04610102953035385 -0.11587549819721013 -0.09512659104028755
v 0.008182963966192258 -0.16489672476926895 -0.09736928341266371
v -0.05731123027642456 -0.048869618063513996 -0.07241082443567659
v -0.057614508594153416 -0.08329242903686579 -0.07243615389234026
v -0.04338916709586937 -0.10875159518194569 -0.07449988931610502
v 0.007054239662751309 -0.15833899029159237 -0.0765493373215185
v -0.059101551845736955 -0.014504276367675359 -0.050447272207122126
v -0.05637754817997841 -0.04528002320932276 -0.051853771877223544
v -0.052977442664816396 -0.07592529523318456 -0.05243128115369264
v -0.04298260431433842 -0.10057156997086657 -0.05234090065688533
v 0.007691505457237938 -0.14870236540072465 -0.05708656715221228
v -0.05858670862028089 -0.013315460906706643 -0.031259470805973945
v -0.05621657527099392 -0.0409815099560511 -0.033834008754790645
v -0.05183290820321203 -0.06939854511638618 -0.03434479514224002
v -0.04359077685629822 -0.09337731630277776 -0.03341877380896578
v 0.006057187198618091 -0.14515936004066077 -0.03782731033529978
v -0.058090097620342625 -0.01251810770105782 -0.013125892806292342
v -0.05719160086126123 -0.03880201128581562 -0.014449789268166749
v -0.05551201812641252 -0.0649262848078052 -0.014413994908756998
v -0.04859326331386 -0.09040754194986786 -0.013014273261084935
v 0.004764714632441056 -0.14319248534630122 -0.019253324034288966
v -0.05743017131991175 -0.0363845559770331 0.007973797300672122
v -0.05618653674901856 -0.06258147057640133 0.008437668005616733
v -0.04741667974331519 -0.08724280929529399 0.009250330841859741
v 0.005973291333318109 -0.14069065226187058 -0.0005361085498613185
v -0.05809947689914104 -0.03782972158434285 0.031368269518234786
v -0.05580074745867509 -0.06326702529812565 0.030843217382460802
v -0.04384163329100698 -0.08623988831856828 0.031039766248896605
v 0.008567843615126374 -0.13659206406814461 0.018111252456455985
v -0.06033803533275241 -0.014809422497146115 0.052881479477021535
v -0.059412643373651486 -0.04200014568486714 0.05348254171000653
v -0.05609358393899347 -0.06720217613152343 0.05302271669632577
v -0.04601701083634031 -0.09087787574831717 0.05250453907040386
v 0.0077155127016214345 -0.13422434711660608 0.037332331593883585
v -0.061913283522791095 -0.015032106786717936 0.07388025059843438
v -0.06118499975114771 -0.04674883780606634 0.07590529756622845
v -0.05980001542040305 -0.07235085008369371 0.07500640744967572
v -0.050952341867129554 -0.09581101652698557 0.07412736650627978
v 0.0030906418729776453 -0.13731511132881835 0.055855615938673796
v -0.06462170926319667 -0.019621021701996796 0.09875984366865884
v -0.06244492973656934 -0.051503088607399806 0.09826448811136783
v -0.06509258437267607 -0.0768423430066017 0.09744492231797186
v -0.05725829337337792 -0.10039484539419655 0.0971642534112605
v -0.0027505660731206097 -0.14791751417306853 0.07414521978583274
v -0.06862994556297583 -0.019862108372011293 0.14758367121777705
v -0.06555046159001877 -0.055408599813129185 0.1472058467216315
v -0.06962912592716955 -0.08168409657342923 0.14576818411842735
v -0.06257936924252533 -0.10660144596159955 0.14727651554016574
v -0.008362094423807533 -0.16080021240492237 0.09746939831724744
v -0.06958989844852448 -0.021491860081378333 0.16569182788312645
v -0.06692517693582725 -0.05591539112918344 0.16512459514991817
v -0.07077839881256165 -0.083059392702467 0.16481856251836474
v -0.06366265142712906 -0.10902671507820225 0.16692340383793552
v -0.05635043262523361 -0.13118777180213823 0.1676538226898986
v -0.07128965422534163 -0.020800060051025162 0.20264758676912809
v -0.06893248720124681 -0.054595697295428985 0.2042382402208937
v -0.07315467423672174 -0.08355982383899754 0.20600217115761393
v -0.0647837708187771 -0.11207786713376797 0.20820650950881903
v -0.05480669650569663 -0.13775679318328354 0.20723746228287726
v -0.0724708173220656 -0.021209942611932986 0.23065462537546305
v -0.07050724126289944 -0.05408888466764682 0.23063738128825678
v -0.0726702393489502 -0.08271563604934594 0.2330454743220434
v -0.06082463213160312 -0.11065477201964737 0.23470220711811726
v -0.05677420240919107 -0.13791649677306428 0.23358950564208988
v -0.07390241303123461 -0.02061227962215261 0.26716218920967005
v -0.07272150037667273 -0.05210548900772381 0.26504070785536477
v -0.06975180123644763 -0.08067111859121687 0.2677515939840021
v -0.05693512149919092 -0.10504100503734763 0.2675816104896253
v -0.06458982592225218 -0.12912186716394952 0.26416617186262753
v -0.06668806405525629 -0.01816716662816707 0.3084291863415272
v -0.06697211755241865 -0.04986851963672996 0.30560491629152553
v -0.061562394234029545 -0.07757791403830659 0.30661289574975115
v -0.057708835269632476 -0.1026316343481143 0.3050628468931343
v -0.053479359942415525 -0.1306768080311192 0.2947134092180422
v -0.05257890148163701 -0.01813575083789941 -0.184958078529706
v -0.06498854043838041 -0.0548754748933042 -0.18646354552900973
v -0.07253595020937675 -0.09507755354619846 -0.14022993273810405
v 0.013111164895044816 -0.17853497730580375 -0.18588863927014332
v -0.057410139134663384 -0.1348393299907439 0.18594645663225765
v -0.06460393822003728 -0.11099230202554586 0.1860585065127906
v -0.0720862964978614 -0.08387749563641826 0.18357762623631413
v -0.06792763474936023 -0.05560793225129931 0.18236101967068205
v -0.07033346886253758 -0.02127924793911009 0.18174347649542283
v -0.052922630363933534 -0.15507856616575522 0.18135630017028745
v -0.024304799647839388 -0.14838104171942035 0.32554352596909514
v -0.02185267968226569 -0.10697219652377968 0.3361081661319971
v -0.03568860664826619 -0.07775871301262968 0.3373325223288532
v -0.05179624818569899 -0.050141306946962075 0.3366662993724081
v -0.05636526529597072 -0.01805623747452453 0.337290808190127
v -0.022333128972759124 -0.19213007131433857 0.3045490975536332
v -0.05458307275859459 -0.12764089800234604 0.14837266265987398
v -0.0612675443683844 -0.10398237643327855 0.12287488293469742
v -0.06836020186020193 -0.07987178564552597 0.12186852564704982
v -0.06382296525749932 -0.05350793763577418 0.12236463113934942
v -0.04108303718024985 -0.11368978463470109 0.07082891663487605
v -0.0007678763247647595 -0.43690756723918833 0.039959897147950126
v -0.017478036531049224 -0.4311774382783345 0.030097867843978988
v -0.02099382264998579 -0.42126844989516815 0.006109334179117603
v 0.0064110179336036785 -0.3717036297298839 0.004788087013127203
v -0.002049184636040892 -0.4117172222765768 -0.015355406395872745
v -0.02101416501046253 -0.4264082806109831 0.01947882011732251
v -0.002004965427295717 -0.46189700449195015 0.01063979545761803
v -0.01061510853218853 -0.17046330300708354 0.12320804170315601
v 0.013748650089547334 -0.22255875521861132 0.14972559194629562
v -0.02785610070688345 -0.3204246806084435 0.1472102736332655
v 0.02249585528830876 -0.24058735344122953 0.12065741360194703
v -0.0163881475570081 -0.384143598817397 0.07856892220400022
v 0.020694859785228142 -0.31308644522256357 0.0647602604640559
v 0.03451932392812145 -0.3767290480556676 0.019693824227764264
v 0.03712572835614616 -0.39508169086928696 0.010995419738026445
v -0.044069806756066775 -0.21352606268404753 0.22556021942855214
v -0.04676698461674374 -0.2412391309045484 0.20326028989077952
v -0.04624420904841337 -0.3043419997834668 0.12674135543556572
v -0.039149560549978986 -0.2641092236661817 0.1805760778251722
v -0.033228629351027286 -0.3695798293220152 0.05990214129307256
v -0.038601826497496446 -0.3349222446150084 0.11849945996846005
v -0.023202681094861326 -0.3971161457593789 0.05139154660136014
v -0.018891603397902072 -0.41432799601762105 0.0398310817287432
v -0.04882379974009661 -0.1953751510539067 0.1839992783658334
v -0.04548706030946726 -0.2180056520707143 0.1636628507331332
v -0.049438411100039714 -0.23734497517394615 0.11957599396108923
v -0.05312040637295794 -0.24487036919376443 0.14255306975724916
v -0.03304848806779819 -0.3072977953115194 0.07185129583069463
v -0.03643712933764371 -0.3133886217424101 0.08675876867149593
v -0.02651065203866138 -0.3843127353405638 0.02879564555278992
v -0.02330331492338725 -0.40330985904765154 0.01687290913834478
v -0.03462604643678527 -0.22142845735361735 0.24350174252441042
v -0.031515849981362684 -0.2452375363049759 0.21290693054497284
v -0.04647455128999375 -0.25478457579783864 0.16374221730509453
v -0.03206885837322019 -0.27365802949311324 0.19241846703811114
v -0.036706125275346675 -0.3230662675703707 0.10384522788412172
v -0.02653509594164839 -0.3416241999053698 0.12558245477763819
v -0.013320834327934619 -0.4020196275097621 0.05883494887023327
v -0.012325470137700927 -0.41939469514238037 0.047362537456097045
v 0.010090490264398963 -0.17040799858363617 0.11970841637464408
v -0.04047855226168388 -0.20265787155923312 0.12482930699838606
v -0.005597837347025519 -0.2851825306264317 0.07959104072328824
v -0.01564714723904257 -0.23635508395089544 0.10171434330938864
v 0.0016489512344991127 -0.3501725565843311 0.016247975278073323
v -0.005172548517150706 -0.29958886298253984 0.051977012504399955
v -0.009147484998736794 -0.3740728993048555 0.007530500464241191
v -0.005605541397998966 -0.3933002531008638 -0.003662990417577773
v -0.05418496076019109 -0.20705183515878944 0.2052837661927122
v -0.04467129575417727 -0.22994931262093726 0.18539214618256206
v -0.03926322126144234 -0.31368541383785864 0.14068971684901163
v -0.05051162386596054 -0.29528858540526426 0.10813917892377085
v -0.02801568403292959 -0.3779428489634687 0.07117463597514988
v -0.02839640380724155 -0.3614156365502753 0.046894850857638275
v -0.029181747413319047 -0.3913818994125137 0.04101972081626243
v -0.022492943577106454 -0.4087238504110173 0.029051218240069777
v -0.02145963970773197 -0.2326689082448069 0.25899417265934926
v -0.018351155333047403 -0.25311847894440453 0.22312166020435653
v -0.0019873012613230985 -0.3289357379028485 0.15097204730535266
v 0.01470705148479625 -0.3305341408095551 0.14765064485733723
v 0.0070807137256913635 -0.39489803360462716 0.08977711736455561
v 0.02275472938086522 -0.39448753031940376 0.0878599676715094
v -0.004274126864779307 -0.4075850242662961 0.06631482717401616
v -0.0021629703640250355 -0.42200816894064735 0.05188091719149346
v 0.010012324179830867 -0.39016051671957946 -0.00603737932481371
v -0.0072433444769500355 -0.4535860263168852 -0.028676890997191277
v -0.009424199400932738 -0.43437919914901874 0.03564916324287682
v -0.01141567480009068 -0.47152039691442055 -0.013618823633127896
v -4.218377182244477e-05 -0.4405496694230819 -0.039141151149884555
v -0.013944348895608699 -0.4590436714976863 -0.022643675321370984
v -0.014907860998827282 -0.4656275132784483 -0.017220267416040186
v 0.018709217445336337 -0.430541507256599 -0.018248516969365376
v -0.015905232331453547 -0.44776392650712676 0.020432610868600376
v -0.019576926911454372 -0.4384461060948887 -0.0051147966974479184
v -0.009139240905152583 -0.45077938986762645 0.02665570001308645
v -0.013280821914064588 -0.43266719686781635 -0.019509051569736466
v -0.02012783542488002 -0.44361057861905856 0.00954699893926107
v -0.0009345983761716069 -0.4528502873218337 0.030661843881300235
v -0.005162390480599432 -0.4756512629321018 -0.010517637054503844
v 0.0006590493634551307 -0.4534373699354288 0.02032424179921555
v -0.014891855267651863 -0.4461676174854458 -0.0020035763336037856
v -0.01634420188234266 -0.44054057901041316 0.0054744107416708045
v -0.01111420438536377 -0.43204777725696025 -0.018226772932245394
v -0.010216823556045775 -0.42147285991311306 -0.012494397391251407
v -0.009101739939029421 -0.45896669937077605 0.008628167205326135
v -0.007141788123381183 -0.4499938397277422 0.019550088493904633
v -0.009327171501961206 -0.4390383262807037 -0.010532795540540983
v -0.010603443509929047 -0.43032625125951823 -0.0011204305544208189
v -0.012033414018489301 -0.4528972199243489 0.004710338892853116
v -0.013056901321439404 -0.445593237337059 0.015307166415760479
v 0.04799113894691051 -0.430246074785088 -0.01709392357614523
v 0.05039470702327496 -0.4204162291594883 -0.00989213762119488
v -0.05312182344624933 -0.019742795018643258 -0.14002084161549364
v 0.10873228491147949 -0.01738470457923865 -0.187240370941749
v 0.04210457308000574 -0.1750819150958231 -0.14351898392396265
v -0.06722263044476603 -0.020073023746796977 0.1238745357197233
v -0.05912239254482553 -0.01542170102974344 -0.0713591704138697
v 0.009571098572832042 -0.1660562344097224 -0.11656781788567151
v 0.007033679326646575 -0.18202075213013783 0.13496251049501
v 0.018500460106429886 -0.14524447402559695 0.0772531114746608
v 0.021893452380597624 -0.14525268970623267 0.05548375668356873
v 0.020860866293246322 -0.14759891412411894 0.036017024905863004
v 0.018456406660291153 -0.15180568025880062 0.01699936277494175
v 0.01850168309213869 -0.154000414649047 -0.002263640085409722
v 0.019404111689921105 -0.153225921424677 -0.021132390574567422
v 0.021338898782394224 -0.15321066522776305 -0.03911905657012512
v 0.024796311186382338 -0.15451849608301757 -0.0580072640592063
v 0.02666455489355983 -0.1617564643806834 -0.07822847682558857
v 0.0293621621232258 -0.16186396757457755 -0.09967431408581393
v 0.05204193186245125 -0.1604666371049826 -0.11770443563564853
v 0.01176920837917394 -0.1541151225056201 0.10123788134768555
v 0.0016565850869574932 -0.19259435933240648 0.14509864349361232
v 0.03737517517691917 -0.42403373933533317 -0.013918543398878467
v 0.02454108321633476 -0.39308283511636866 0.0017673137830559887
v 0.022083112069484087 -0.37379135978986955 0.010080172675034657
v 0.014010898287030274 -0.30304538038204554 0.051033211710370785
v 0.004809805278637118 -0.23870657102587406 0.1070206141479752
v -0.0007331532921752572 -0.21439012171204516 0.13080222754634285
v 0.034740794057328404 -0.42806663597890177 -0.018776602716443474
v 0.038956963429618616 -0.41993364848068765 -0.019930156567690597
v 0.03212509073043836 -0.40705016293380175 -0.011175495092521429
v 0.03038190218702277 -0.4408704603069504 -0.03942803687738638
v -0.05288284437638774 -0.12385370961522914 0.12328008510617583
v -0.03908550027487528 -0.17654323002394126 0.14609723988777726
v -0.04795814328696292 -0.11879850167173411 0.0956457473924319
v 0.004852859759700656 -0.4229728569209536 -0.015599556522097822
v -0.011358030673238905 -0.44558027269441997 -0.035798103549088266
v -0.05449980895266956 -0.20810838861547448 0.14350878870919365
v -0.020440544915803285 -0.2885087281258911 0.08831163122730976
v -0.013877030226508002 -0.35155575444867054 0.021502735474482632
v -0.016816757974542632 -0.39795158106363654 0.0052391669657393895
v 0.002654111441583414 -0.43023179234401115 -0.019233482273379766
v 0.002752642106348096 -0.4288439575933143 -0.024656174319303052
v -0.05355270313345502 -0.18380804975607792 0.1641279472981788
v -0.015273539621456838 -0.4159920666738586 -0.007254540262703151
v -0.022168682792524735 -0.3558847610620814 0.03401216824685195
v -0.01968574358236739 -0.37871347685779827 0.01727196717549431
v -0.03438414038592521 -0.29074953931580544 0.09835337281800888
v -0.012975127795925854 -0.17403918444285152 0.13981903896480072
v -0.028456046880570404 -0.1592800013119135 0.13341707913449305
v 0.07656854484180851 -0.15761059775453387 -0.11209066028184313
v -0.009554299529226573 -0.158491853029573 -0.09393549454692071
v -0.008166571938865963 -0.15005318570064421 -0.0738083054448882
v -0.006208916825527647 -0.1417881452727103 -0.05408397725027015
v -0.005917708108636383 -0.13655505609870996 -0.034983375718935505
v -0.0055044536411781465 -0.13263372480619748 -0.016028051750843063
v -0.0032666629616901503 -0.12871078494279314 0.0027432659756006232
v -0.0028356000752325313 -0.1264174231129236 0.021863500454482696
v -0.007246113640786586 -0.1286604967410541 0.04063981875956089
v -0.014506134951982714 -0.1363674165342308 0.05798603187127563
v -0.02172538118985857 -0.14442165222105663 0.07973997602920574
v -0.008842686946813104 -0.1686595606772752 -0.1399897188779882
v -0.02682309080823597 -0.1527457195756528 0.10708707201711799
v -0.04567831400466815 -0.14607487273679232 -0.1849186878730234
v 0.061049951861895005 -0.13471938032913985 0.11318412613394346
v 0.0779635793115172 -0.16705451596758672 -0.14326357779762186
v 0.07431478784935211 -0.1504992952894413 -0.09382993469518079
v 0.06921251130998542 -0.14314197869772585 -0.07517373380264446
v 0.06399986670168084 -0.13716196284342164 -0.05625728853711652
v 0.06278118128633355 -0.13753094673489905 -0.03734685479870912
v 0.06275577895389851 -0.1395488542601509 -0.01851449766536716
v 0.06152767874910646 -0.1423124989638329 0.0005318762757677914
v 0.059918899139681486 -0.1454782611195646 0.01971753267873976
v 0.05889251707266328 -0.1485965277351584 0.03975306354596643
v 0.058148774365311254 -0.15195907468610084 0.060631421062821135
v 0.05676300548686635 -0.15651386921596902 0.08406680061165514
v 0.05326032230569169 -0.16366187674026092 0.13942154766802642
v 0.05467082426730917 -0.16136392346773162 0.11179911571103275
v 0.09261214953587545 -0.1534021766890532 -0.1919777225623445
v 0.050298763358516047 -0.16579315512263296 0.1626440199470511
v 0.05595035037418627 -0.13942934714951974 0.16114684894402875
v -0.04407018944684923 -0.1377834818783842 0.1196670199273556
v -0.029024572989024104 -0.16060314544235163 -0.18559189981008573
v -0.03893663292214818 -0.13135700857653754 0.09081235873948439
v -0.03191390330280288 -0.12540656003783657 0.06579736933884148
v -0.025696572867466752 -0.12065551007052784 0.045189325710502624
v -0.020266604258457083 -0.11634583144408395 0.02612967360655537
v -0.017142973238338154 -0.11417104787651851 0.006706711745996559
v -0.01896560222000279 -0.11752851465266245 -0.013095437649307123
v -0.019903768024656703 -0.12254861910424353 -0.032679367543964805
v -0.021426725409915165 -0.12962289361952126 -0.051602396040803036
v -0.02484535528224187 -0.13908546550849848 -0.07152331805322974
v -0.028027423864170953 -0.14931801565511627 -0.091773141295605
v -0.028788545518168087 -0.16208814811481528 -0.13764784890191925
v -0.045891276378047983 -0.14282987336351635 0.14573462902674492
v -0.032440356595076957 -0.16550693204017042 0.1498973050912432
v -0.05915944634331885 -0.011894467553559992 0.030188902809377235
v -0.05833397216852073 -0.011934116744428975 0.009029661110060328
v -0.07282026601198674 -0.09036969923137726 -0.18621110947494957
v -0.05134123696959562 -0.11919434505468711 -0.11203556326000211
v -0.06830714156868785 -0.092037707804892 -0.10991157610143394
v -0.011390140026291138 -0.17232899293935497 -0.18594380776518352
v 0.04052812547962915 -0.182482069001466 -0.18590903409037002
v 0.09374354998943943 -0.11225993033698098 -0.11669210833131584
v -0.05765508291288353 -0.05672111003955708 -0.11069036526830209
v 0.11090184143349571 -0.08900982225047699 -0.11401395999843657
v 0.10901522233439111 -0.05661027836363278 -0.11298532497566798
v 0.1207944335598548 -0.09732902741335882 -0.1904203368264882
v -0.029706267498111574 -0.1566186371990516 -0.10939718136569176
v 0.10156897890802266 -0.018316941574950805 -0.11283729150360462
v -0.009619889766445925 -0.1626948098955958 -0.11256425637116849
v -0.06297226075099832 -0.12123637362235018 -0.1851246212392126
v 0.07686572232377363 -0.17090362259328779 -0.18971273423882073
v 0.03270359052310409 -0.16526359958303383 -0.1179882918778439
v 0.10495526454473852 -0.018239244891878708 -0.1627195166308583
v 0.10524935599627465 -0.12611986571241354 -0.1680788990813505
v 0.11748920251200697 -0.09631115511680335 -0.16626548404603358
v 0.11236359086581414 -0.0598140661888889 -0.16416071043700284
v -0.05282918596789852 -0.018469038676717075 -0.1607802388133735
v -0.0604806327257769 -0.12161213986975727 -0.16086635988460607
v -0.0700300282976876 -0.09059618263051895 -0.16252324252944292
v -0.06347215200208212 -0.055143371662289345 -0.1627136576144643
v 0.041507580544715386 -0.17607110350542066 -0.16192060699145222
v -0.010047194804079302 -0.16807484351425594 -0.16153665522535698
v -0.044141660066798 -0.14604334552189494 -0.16031662631399626
v 0.01419809296562747 -0.17224355030434965 -0.1619698553223097
v 0.0776843553158238 -0.16882719791100698 -0.16465927129360314
v 0.08433437891192515 -0.14758797236302457 -0.16893486596443733
v 0.059639465921378726 -0.1760002314291779 -0.16257972011051947
v -0.02924231270700392 -0.1609549260974628 -0.1609225362131813
v 0.11236300641458091 -0.13041382696183837 -0.19168943728640728
v 0.10251417984523287 -0.018983446669640917 -0.12918305534002275
v 0.0968881695816457 -0.11897543217067799 -0.1338663073522687
v 0.11462098656455574 -0.09426785286142893 -0.13098954166469556
v 0.11142127091819855 -0.05951875069543111 -0.1293628569945733
v -0.055719397049959436 -0.12315963848036807 -0.12701052113830727
v -0.07261411052301801 -0.09623384720006002 -0.12663000218349935
v -0.06043300662888123 -0.05912976472301462 -0.12725914592566664
v -0.05417500488110047 -0.018108281541762392 -0.12613703657890654
v 0.03816101616278622 -0.16575719412626738 -0.1354142118766565
v -0.008073106193391785 -0.16361492740382688 -0.12857347322527812
v -0.042546984365974476 -0.1474929917340191 -0.1246910764392001
v 0.013027086012179468 -0.16483718123833624 -0.13296149153335687
v 0.0775718479492175 -0.16308029384124453 -0.12977444905443233
v 0.08162256115767642 -0.1413405392701242 -0.13306840553581684
v 0.0565412956800652 -0.16739195623665679 -0.13340743116692666
v -0.02876903643995848 -0.1602500186951942 -0.1248203090097091
v 0.10010208779613579 -0.12366494994876762 -0.14725592077589747
v 0.03843304902471836 -0.17031569626217907 -0.18822834996791868
v 0.10447659271819197 -0.09292879313421715 -0.19901241561977223
v -0.006004304535321885 -0.15685402970924806 -0.19984360216964925
v 0.10436559314378947 -0.057232605101543876 -0.20672560942766166
v -0.041652539023702334 -0.1409081529058893 -0.21235049361405398
v -0.054235908697063885 -0.01729186279320926 -0.21340363556213268
v 0.10235708756885432 -0.016754199119564665 -0.21204237968774697
v 0.014655549659354337 -0.1629732650500763 -0.1944100409048997
v -0.06038378121143441 -0.11983510452671461 -0.21279850632942268
v 0.07298479095936612 -0.16505882189418558 -0.1853343681034723
v -0.06555427395725104 -0.08917983446066906 -0.21248738684487
v 0.08970601974800228 -0.14918794914164735 -0.18717348621548083
v -0.06151031814249584 -0.05383695212112965 -0.2127129050001206
v 0.054022624165440465 -0.1733935027744047 -0.18394851445504937
v -0.02343399525260085 -0.14983805754541454 -0.20788996222223766
v 0.10282433619230506 -0.12387212580313611 -0.18863909619195188
v 0.03388759891427224 -0.3679780434595063 0.10019514419480738
v 0.0396935805608185 -0.35029087352238997 0.07540758217445472
v 0.020934015562877255 -0.3742289824720395 0.1079585730277546
v 0.034287814526155536 -0.3430749056548027 0.06129418222819172
v 0.039907861798665296 -0.3589383999484923 0.08860165488197712
v 0.005251735001648911 -0.3745411916056122 0.11047399493086249
v -0.008356696410245177 -0.36901668338268734 0.10696647755710523
v -0.03528294525304888 -0.3581195146524455 0.09625085842328424
v -0.024225855030505686 -0.33692908566059815 0.06975746172327581
v -0.020061518933938063 -0.36137250406742777 0.10107362362046873
v -0.013361479861062248 -0.32671082531610307 0.040740516213548204
v -0.029582341068936098 -0.3462243941558647 0.08395065385460802
v 0.015690286435481492 -0.3291825865040352 0.0350202260687223
v -0.0019745763308890323 -0.32476596433279614 0.03158161336333188
v 0.027285665435246406 -0.33643538649599736 0.046744467509942836
v -0.01882873187082794 -0.33124578094618495 0.05550877160745882
v -0.013750944891704428 -0.3463801560211064 0.1293608363005702
v 0.02686515833908259 -0.3028403792820285 0.161374035191549
v 0.037028430259987345 -0.28044178135593034 0.13426585772512176
v 0.014949761766568063 -0.31036328356647025 0.17063319406023672
v 0.0380082521212297 -0.27019332826114173 0.11690550172444587
v 0.03212697968498162 -0.2913974046501626 0.1485610448906964
v -0.001732267962413682 -0.3086957382450684 0.1731674160620537
v -0.016501231336169632 -0.30379246413934213 0.17277704088359078
v -0.039700168326902034 -0.290132797616912 0.16133416620781948
v -0.05058661310250568 -0.2710333969716923 0.1252619967923056
v -0.02879548958708544 -0.2973414981829493 0.16911772298019412
v -0.032339126782340494 -0.26216851298157157 0.09101039607789532
v -0.04574971429449837 -0.28059784258651116 0.1456764187722802
v 0.004696336706583216 -0.266735302310435 0.09893666021072813
v -0.014676981040660115 -0.2652202741384256 0.09499363252244819
v 0.024946863618947615 -0.26660776577305356 0.10540985065273
v -0.04474747332547133 -0.2648469888995593 0.10560643520131885
v -0.016572295354346605 -0.27712542944211116 0.19521525840508272
v -0.013927907834930434 -0.46971810776601963 -0.039114292512623716
v -0.006035809361614065 -0.4863374393456786 -0.02865924702338884
v 0.024874499371421624 -0.48663899875548333 -0.02838610817017797
v -0.011002729012305496 -0.45751489671150053 -0.04970009777684868
v 0.03420382828668905 -0.4794010436766948 -0.03359599539208524
v 0.032514897739895195 -0.45898471505709093 -0.05049171953907943
v 0.010949370453401407 -0.4501372563696088 -0.05665055259436618
v -0.01458503657492048 -0.4758690496693319 -0.03608058697588029
v -0.0018588140713044308 -0.45132930769556767 -0.05562519280958109
v -0.00949583006087963 -0.4644444414590427 -0.04420672012512645
v 0.005619440144097652 -0.48069069866777986 -0.022673549577051866
v 0.02874945185279707 -0.4725355255038919 -0.031811369420659985
v -0.00692421694493105 -0.4621879316373277 -0.039803903456701394
v -0.004170514038904831 -0.4748194759255412 -0.027953282419124505
v 0.029734234630184184 -0.45862996520383265 -0.04519109953740309
v 0.020905769122478365 -0.4775641936673857 -0.026666748808965975
v 0.03465063771443403 -0.464230031133149 -0.040447440092028636
v 0.001669521650832218 -0.4509747464361664 -0.04966842710569465
v 0.01348097375355748 -0.48248676212606356 -0.021264502098069446
v -0.008456791980901733 -0.46689407577395226 -0.035526407545519875
v 0.011250525826621102 -0.44926751052444686 -0.051284017679409606
v 0.03533310854130401 -0.46974125305078407 -0.03499070712934193
v -0.0045185027826791175 -0.4562735311805068 -0.04521634146803534
v 0.021546547570261365 -0.45330361771126804 -0.04891644112480867
v -0.000898513537130207 -0.4787233780551815 -0.02396166631374498
v -0.006737892453881514 -0.47108414696013867 -0.03180372362544591
v -0.012298261774891713 -0.48224124707319266 -0.03169906691294591
v 0.024138753430308132 -0.4524412982821257 -0.05539647734912007
v 0.03477973946417952 0.35925959635991594 0.11040608646969968
v 0.036816696394428514 0.3392880438497923 0.08558405960265858
v 0.022337677941962668 0.36622748997748233 0.11718908634051808
v 0.03533075942829237 0.3298513221695943 0.0717857417124873
v 0.036449755009436646 0.3488090828135575 0.09834333194731461
v 0.006493424285354505 0.3658393756258365 0.11783640855118802
v -0.007668039810351044 0.3613324850358842 0.11454758562445852
v -0.0292636658558155 0.3477152004944331 0.10157903193444054
v -0.037159909896870694 0.3304622819035936 0.07524690234992819
v -0.02159264412395142 0.35778343383429245 0.11175427444853828
v -0.0231684108637646 0.32010430799183043 0.04795188841927973
v -0.04062754599050922 0.3407393157802008 0.08942629645077158
v 0.006353155522835116 0.3282484562975478 0.05965163777469183
v -0.010847344725194559 0.32612201868963264 0.05491730263345364
v 0.023092878709689964 0.32509931989377977 0.060699575952643844
v -0.03181071668748226 0.32434772012180707 0.06104792558323301
v -0.013800107262471453 0.3393700460327549 0.13734512317443487
v 0.02523312973468003 0.29613998708158906 0.1711191570826609
v 0.04002854694827854 0.2745126802459329 0.14491960389038666
v 0.013553131459154877 0.3041999012604972 0.18047964982169085
v 0.03780447305418261 0.2652815510531269 0.12703788978757577
v 0.03248776587427979 0.28487858714341785 0.1587528790903362
v -0.0033517755412280337 0.3013879902511173 0.18124768194119156
v -0.018079014579062993 0.2963352492258939 0.17993048241440074
v -0.03995227496586188 0.2824608720615322 0.16664507719606247
v -0.04673699450111745 0.2642518866973506 0.12959141535825425
v -0.02987592376887359 0.2897095117833753 0.1752222322264518
v -0.029746650383116975 0.2591713253221881 0.10184531609149945
v -0.04604223105552332 0.27350350268164153 0.15086358856450113
v 0.00751692167600707 0.25489839076787085 0.10010120753915026
v -0.011918798193290059 0.2589431596182482 0.0966127292778347
v 0.026186973544542264 0.25838913551241843 0.11049427644570045
v -0.047886713458796824 0.25862344536535486 0.1083324386754741
v -0.018669592480869034 0.2671502832485003 0.19803857962261698
v -0.012590571467312671 0.46068959046566016 -0.02334279215408761
v -1.5021717583449938e-05 0.47503181266337696 -0.013375107402580506
v 0.031003701432460548 0.4729734082203477 -0.013056939169558206
v -0.010791750315869443 0.4478809626642423 -0.03491127835852233
v 0.039130111073899375 0.46448970902830444 -0.018671785223206634
v 0.03377124391144861 0.4455454737258667 -0.03572714028368144
v 0.010186813179435854 0.439514162871096 -0.04270891762371603
v -0.010868605510234018 0.46649124947202836 -0.020241770999819882
v -0.0025530033549047704 0.44161768659755163 -0.04180032778169229
v -0.009545800335508276 0.4541686582440208 -0.028201722668862103
v 0.011645722599812312 0.4676567992608719 -0.009133613595192927
v 0.03333722368585024 0.45891678307434625 -0.016948607145691116
v -0.005720933986490696 0.4512043778977247 -0.0249926260558083
v 0.0011280124001753584 0.4630368857724031 -0.013230696766616689
v 0.030252094512530137 0.44512016316129926 -0.03060623616282551
v 0.027523865301533734 0.46547338220131446 -0.011187269292831694
v 0.03623714599540915 0.449647810534734 -0.025922475855815204
v 0.0009251260562501977 0.4405864747518548 -0.03541524220206017
v 0.019342030442692552 0.46981702194059327 -0.007339508755974601
v -0.0048800640057696226 0.45588659213190214 -0.02048386269118821
v 0.010611459069810123 0.43868484179855777 -0.03673550057432645
v 0.03842569028465294 0.454804023721712 -0.020470602621642568
v -0.005537209771846078 0.4453339727582908 -0.030895724763888948
v 0.021396230221650277 0.4410551700163549 -0.03443494880087317
v 0.004872064899273693 0.46661206545865086 -0.00931495132394748
v -0.0020948268780276707 0.4596716694499246 -0.016944737639278652
v -0.007154965941542323 0.4721749098702922 -0.015931906537892438
v 0.023495539489033337 0.4401084607748061 -0.0407933506363598
v -0.00612979568870352 -0.21388440656526025 0.28594137478016113
v 0.04183022742580868 -0.1996772246094174 0.2592102281747799
v 0.04228721023930004 -0.1931346453077577 0.2367335360298719
v 0.04031217916348057 -0.18691594834074818 0.21747480098998326
v 0.042053098263195976 -0.18020973161078693 0.19886817516868374
v 0.04382301143851572 -0.17770386759609813 0.17336219888414753
v 0.015340334017185674 -0.1982167950173466 0.2719400173203029
v -0.045995251789933515 -0.18411616284903892 0.25863336460445085
v -0.05020717759138329 -0.17978525720739752 0.2329446966210161
v -0.057211326831419884 -0.17712025125063938 0.20892912434045643
v -0.05251757009887239 -0.16848582404025905 0.1865438692682468
v -0.049047617289527674 -0.15946962961911418 0.168072078419285
v -0.0329339767154536 -0.1991137331573241 0.28230988500848636
v -0.0428983039486827 -0.15167269093701094 0.15282682632103756
v -0.022617418420468143 -0.15662059473695525 -0.10139941039559869
v -0.021011188952782187 -0.14778052804161393 -0.08214541020569899
v -0.0179146162375558 -0.13821782955875875 -0.06189033833386706
v -0.015771061088013634 -0.13043427384779088 -0.042708397750942935
v -0.014962522471793076 -0.12504810114525047 -0.023541744271193977
v -0.01324692879965387 -0.12062322024066639 -0.0041914951994424165
v -0.012999530691575185 -0.1190121733731582 0.01524270411471654
v -0.01666902163759347 -0.12121150113371688 0.034329904769075485
v -0.02347647087266337 -0.12693707256375522 0.05288100030942978
v -0.030456549306024962 -0.1328351325407381 0.07450080096318829
v -0.03708098668178417 -0.13966448955949973 0.10168216553004432
v 0.0476870444160242 -0.17193870463424807 0.14924485370027782
v 0.06668893252980179 -0.15640409932028784 -0.10580136213851069
v 0.06238719500002111 -0.14747557763717134 -0.0885703762497737
v 0.05665560312066579 -0.14191945229664193 -0.06901765619906501
v 0.055184076582821186 -0.14404413737096528 -0.04898697212595418
v 0.05565297371877123 -0.14634473641319476 -0.030429843671390056
v 0.05592038384282299 -0.14901974866715806 -0.011663403572099731
v 0.05460934102933117 -0.15186798517553549 0.00725824376159123
v 0.052892955436706385 -0.15474765218852032 0.026606084344933403
v 0.05188603260734929 -0.15771540103459813 0.04682321154333526
v 0.05075415685756422 -0.16147337504356693 0.06808111791425138
v 0.04815752490392772 -0.1660399104080571 0.0933399346292407
v 0.04409081018090358 -0.16961716992009007 0.1221776117527997
v -0.04022594843495495 -0.14600050718513644 0.13036175892343121
v 0.071694591041506 -0.17690343881430717 -0.1953946477269314
v -0.023441922185753306 -0.16545123018450877 -0.192452035015138
v 0.07103188894910084 -0.17583121638237686 -0.18013877308220502
v 0.07157954925472475 -0.17327027675691697 -0.15563295807789881
v 0.07286123985101699 -0.17282344496696223 -0.15039150917914867
v 0.07036519200788392 -0.17413252777509156 -0.14715746133567997
v -0.023854023205327996 -0.16544799454698994 -0.17795547963055625
v -0.02317357201960319 -0.16449764750675153 -0.15411775414409
v -0.023182410978834698 -0.16436004691606418 -0.14828333867435456
v -0.02487843806587784 -0.16386205126413203 -0.1431264720930327
v 0.07353234309760906 -0.16951818387922662 -0.13702129899694457
v 0.0665176376924567 -0.16516730612589137 -0.12296283458434308
v -0.01976609563018331 -0.16494465086551294 -0.13266489362158623
v -0.024681097496914352 -0.15986310215681435 -0.11793233744278792
v 0.06780450238985221 -0.17139172460845498 -0.1954106162467195
v -0.021925785584811605 -0.1611028976573369 -0.2017965205551412
v 0.06172839287673744 -0.1644837181154247 -0.1718465863096936
v -0.01404343107357708 -0.13951650263941104 -0.20323769489514057
v 0.07018275272028458 -0.17577639168219625 -0.19985808662281782
v 0.0726740222678076 -0.17629092014445935 -0.19939920845417664
v -0.02389861456323021 -0.16531097486246524 -0.19772922334646068
v -0.02412642754720816 -0.16637145316291257 -0.196111665181008
v 0.031590260631499126 -0.20213466789427206 0.26861958232747524
v 0.043031358206189106 -0.19604370203437865 0.247707778036349
v 0.04115941625941604 -0.19023580224948128 0.22673646793914354
v 0.041020328052414595 -0.18338679559021115 0.2084846097473217
v 0.04361015109227273 -0.17852303591024074 0.18699522781637884
v 0.005753776342318513 -0.20521695574186588 0.2814766241146384
v -0.041300727977742764 -0.19010758000485717 0.2702627200553796
v -0.04875600951746195 -0.1812938271910821 0.2464311254373077
v -0.05844858276897064 -0.18024835711184783 0.2217687312835418
v -0.054066375584788995 -0.17306073195273272 0.19737162563660648
v -0.045904260345579005 -0.15529364540412985 0.16092639773660442
v -0.051620624449088694 -0.16391939012878273 0.1764833336470488
v -0.020635732591702146 -0.20864124015717567 0.29027524737188626
v 0.06753181460152538 -0.16074874098098138 -0.114423450703257
v 0.07170954135496467 -0.1726600212989968 -0.14293494264894913
v 0.0647827294300307 -0.152155415830117 -0.09717811109242945
v 0.05958312702770203 -0.1440589914576071 -0.07907943666281136
v 0.05540138911215174 -0.14266995971318927 -0.058704754644232554
v 0.055343633765116376 -0.1452122166469817 -0.03967148328801751
v 0.055953282388272255 -0.1476310447023949 -0.02108877127889751
v 0.0554269413665784 -0.15042463491790578 -0.002217870276408704
v 0.053693835967141945 -0.1533178614046842 0.016829036255636348
v 0.052310739661115394 -0.15618715674729527 0.036663684577437024
v 0.05143661351220303 -0.15944950729756138 0.057162189651880205
v 0.049690199102747516 -0.16373239210007 0.08006279533138956
v 0.04412417286643333 -0.17112542131668115 0.1360942893166186
v 0.04600134362223195 -0.16813205995988775 0.10761143720298767
v 0.04377272147265202 -0.17527388584251677 0.16054723721138042
v -0.03917718822308294 -0.143049656646001 0.11632592183885414
v -0.02377689744278423 -0.1655857157316738 -0.18583076815682822
v -0.03399743725789856 -0.13617116043528932 0.08744080166683027
v -0.026901915273441792 -0.12976518237114534 0.0630713225226068
v -0.02007303265358362 -0.12416340123118405 0.04340535748764079
v -0.014298769279795707 -0.11955031989519871 0.024903423628931467
v -0.01224436558125938 -0.11894804603520588 0.00548400482781377
v -0.014251196842383894 -0.12271248767328889 -0.013863906304573662
v -0.015319951489050854 -0.1275121057278699 -0.033192857720056056
v -0.01664303391250753 -0.13404511608205005 -0.05216358865615997
v -0.019490761191680722 -0.14286490238467395 -0.0719677240689549
v -0.022083604968709883 -0.15256867059392556 -0.0920552915745798
v -0.02225615429827166 -0.1646135601927105 -0.13832949958143506
v -0.041028617464886896 -0.14863190380734856 0.14272161020809981
v -0.023125728686429717 -0.15926051050441753 -0.11003457953667448
v 0.07126853544899463 -0.17669221004140587 -0.1882993075413337
v 0.071550083012337 -0.17354550149798273 -0.16335814341397795
v -0.02355868085217593 -0.16466386465435784 -0.16135612536731658
v 0.0704597880100333 -0.1687202134027112 -0.1296100302302928
v -0.021914078227429953 -0.16217228667316666 -0.1257111802068426
v 0.06589352887014666 -0.16881951305406456 -0.18468313268658587
v -0.017454043517669954 -0.15228283682495541 -0.2055960255537765
v 0.09775100704529381 0.002598463479970759 -0.0883259400636179
v 0.09902081021410108 0.002770590663930888 -0.10677149895397706
v -0.07358164323314904 -0.0020784374998650984 0.24898191964236732
v -0.05862889830459215 -0.0006716128267422342 -0.02803884698273396
v -0.06190334925963248 -0.002457175122841052 0.32574632822747596
v -0.05149475685733722 -0.00227329423809756 0.35227655869290797
v -0.057720186426314345 -0.0004571638403862 -0.18962200479611319
v 0.10931894731143424 0.004183154050242286 -0.19464040698659002
v 0.10450822656196365 0.003574759988638778 -0.18179486641878373
v 0.10184724085842291 0.003233658049689966 -0.15695797392604777
v 0.10133640927576192 0.0031660260798217735 -0.15077793547761426
v 0.10115564768275773 0.0031297484209217566 -0.1465095742252759
v -0.05756346606045922 -0.0004351190501751601 -0.174554235120315
v -0.0580431444285577 -0.0003592887282601863 -0.15171957114770662
v -0.05826336188301333 -0.00045185185834829145 -0.14716320676541955
v -0.058321220458410865 -0.0012222461621675905 -0.143129914949714
v 0.10047498980832953 0.0030402450796088885 -0.13796293409073068
v 0.0997568322995021 0.002912783740626154 -0.12356451060003046
v -0.05685432720447344 -0.00011363669343524618 -0.2001293725664991
v 0.10766728000000678 0.0038234223770844877 -0.20748097685409744
v -0.05697939444551908 0.0004389630115111063 -0.2268948874863646
v 0.09092462287938109 0.003407108823923065 -0.2176187812297416
v -0.07012897030339407 -0.002359112942878829 0.29697485586193373
v 0.11003964713160033 0.004239479590345019 -0.19944205540988466
v 0.11117369043501589 0.004440146827181824 -0.19644913573038655
v -0.058617145804627895 -0.0006446482320331253 -0.19663849344298542
v -0.058273551133332865 -0.0005702805072823244 -0.19466910408065943
v -0.06508498887426979 -0.0012326385134844102 0.13792648185791684
v -0.06340563840117575 -0.0010893162314924436 0.11176892043446714
v -0.05973197624686024 -0.000514531294782894 -0.10070217369870303
v -0.059330330973112765 -0.000517952374281795 -0.08058144395361419
v -0.05812318243498217 -0.0006779929497554744 -0.02168676156107548
v -0.05852195155329783 -0.000744514673816235 -0.0017716415108514811
v -0.06216242996225474 -0.001022262025003137 0.08320417579533243
v -0.05899814799353565 -0.0008206111699774521 0.02029816966629204
v -0.05932970525847626 -0.0005597268968847083 -0.11514552318167695
v -0.05879101612548583 0.0018195361331339718 -0.13252899389200357
v 0.10092766997424457 0.0030948720719530427 -0.14282898805886687
v -0.06051047586766077 -0.0009425193907930062 0.04960291571328887
v -0.07354434626019632 -0.002253328335587727 0.27573260601253863
v -0.06495850082953265 -0.0024257264225909948 0.31469274023846816
v -0.05752782849490415 -0.00042896740864293946 -0.18243765059786352
v -0.057347748058300924 -0.0024562716736925214 0.3347643394663832
v -0.05804202935477295 -0.00408245917736514 -0.13872978260187954
v 0.10624148292241396 0.0037810230941152097 -0.18940590893698261
v 0.09943669461315807 0.0028442289001978653 -0.11527885214217479
v 0.10261971554157691 0.003332136633855421 -0.16498118494001385
v -0.05792058927182897 -0.00041679295999520825 -0.15823867434626826
v 0.10006868745364644 0.002977946415208659 -0.13138528512188916
v -0.05633012512979584 0.00019017335429894014 -0.2094688833071399
v 0.09945380282828369 0.0033567667267232946 -0.21551982742270287
v -0.059721508047468834 -0.0005538703348335029 -0.10677968814182752
v -0.05944355604179433 -0.00048764119850120563 -0.09355389951772325
v -0.058355061037769246 -0.0007028480067835799 -0.01515250038963843
v -0.061873667366230914 -0.001014641204451719 0.07469537629669237
v -0.06262862819937065 -0.0010392390527441358 0.09537872236893498
v -0.06558755325811488 -0.0012801300446039637 0.14562969623041164
v -0.06447419337390671 -0.0011750537878408138 0.12870157675990246
v -0.05938917377830148 -0.0008512716020864593 0.02743635748457949
v -0.05890414192508336 -0.0001833064076937301 -0.1237173254323471
v -0.007096757188366678 0.2109910809060263 0.29033947919487874
v 0.036953324914571 0.19326410478924377 0.26290354511249353
v 0.03814344642552807 0.18654091646825788 0.24046155072931663
v 0.03802920785373152 0.1801435746514025 0.2211827029214267
v 0.037602931782065356 0.1732284144147312 0.2025269449706877
v 0.04051976215442845 0.17168246719663396 0.1771436100980199
v 0.02166181874304421 0.20599804542996253 0.28619505104356635
v -0.05594251215902847 0.1834262899167403 0.2640826149970576
v -0.05753076887698393 0.177850071805656 0.2383663503915538
v -0.05254790268769449 0.1719481724906927 0.2122719894466368
v -0.05158179034219243 0.16357322308466735 0.18945066688814083
v -0.04889101141840705 0.15492574929554706 0.17068131441555176
v -0.03456524738283455 0.19427039877177207 0.2835591141872848
v -0.04398001726692648 0.14759845425246185 0.15478487317781267
v -0.022933615993074287 0.1551786322365311 -0.10021430533979062
v -0.021657878718028097 0.14601000949825083 -0.08109380255103736
v -0.019635197917267935 0.13714036995946327 -0.060392999043413845
v -0.01821372368180887 0.12947925486652484 -0.04108451218262859
v -0.01793065729900656 0.12416073922122901 -0.02187564558188325
v -0.01655129452509588 0.11979369669229441 -0.002468981025732244
v -0.016022590958159125 0.11737001595110926 0.016955613829147304
v -0.019791924785355543 0.11858567577151373 0.03617408422692319
v -0.026937879273168694 0.12422648424618207 0.05452948943780515
v -0.0348819654000614 0.13101663223626975 0.07555759149235931
v -0.04137549411055201 0.13767416862993648 0.1028363277625548
v 0.04361720674458815 0.1661689966282058 0.15277795649964243
v 0.06585252500896166 0.15873562384084453 -0.10184770609520957
v 0.06236387795309636 0.14861222390032577 -0.08506929117178175
v 0.056949354727854715 0.1415157955259571 -0.06592504017812342
v 0.05418440450721123 0.14215404166491344 -0.04592129432724698
v 0.05368171218100737 0.14391830664275745 -0.027306777021445856
v 0.05310693031260374 0.14600103461554212 -0.008482151655003068
v 0.0512047945449132 0.14834197604434932 0.010450582626404577
v 0.049036196118944005 0.15083296230525262 0.029804377292808555
v 0.04757522274887936 0.15340146719932082 0.050047822332185535
v 0.046168892771381136 0.1568750387443672 0.07133156441309886
v 0.043863864973046056 0.16164249522861354 0.09657533554246944
v 0.04051466775007181 0.16615563679697262 0.1254016186631885
v -0.04316328998028307 0.14311075827967637 0.13187346675646344
v 0.0717050584313362 0.17991793557626953 -0.19171327161029428
v -0.024755210585325423 0.1674416853226461 -0.19078420312995162
v 0.06992960390838802 0.1780709741940575 -0.1766882544854778
v 0.06952799737933181 0.1752911913917572 -0.1522099863843969
v 0.07070795570185123 0.1748476826953197 -0.1469314534031005
v 0.0681903137989234 0.1761142295701877 -0.14369121253544243
v -0.024184638979726322 0.16617906903974533 -0.17634697776020897
v -0.023440019625182936 0.16511645459592017 -0.15249874174014752
v -0.02369919276027839 0.1652820553988865 -0.146646685559876
v -0.02543478821634334 0.16461073942220697 -0.1415023555438592
v 0.07163370940962502 0.1717859914218349 -0.13347989539958083
v 0.06496139670074705 0.16758904168612054 -0.11900488955993074
v -0.019960888154818328 0.1633512793355156 -0.13145656608580858
v -0.025225832402911274 0.1604177126990664 -0.1162800533954838
v 0.06867935668683985 0.17413825549319562 -0.19196048848443856
v -0.022804919306816884 0.16118404833518044 -0.19789185794810987
v 0.06077548871513321 0.16463917501582878 -0.16981795498418456
v -0.014171170363986083 0.13968035880197885 -0.20406669828144422
v 0.07069789837370517 0.17888270922602487 -0.19623740393324537
v 0.07308569087551928 0.17966411346187558 -0.19561579689911976
v -0.024771061102584226 0.16679829757935397 -0.19632331551077697
v -0.02485937653616629 0.1677071167852459 -0.1946062790561394
v 0.0325608875596843 0.19899608029784654 0.27505418264661824
v 0.037910528617384455 0.1895154328081277 0.251420727117017
v 0.03818871607609573 0.18356045504708465 0.2304398564114432
v 0.03764592765371586 0.17646400010799274 0.21221924432189532
v 0.06317220617796838 -0.0027046242483925232 0.30326732726542716
v 0.04077112214778425 -0.059752015517575356 0.32876609636992576
v 0.06095409815905589 -0.018496609513640305 0.30682343880315144
v 0.05726393449258865 -0.033749153860118654 0.31233045204759147
v 0.05073509264609815 -0.04775058303881675 0.3197931637693943
v 0.040694763518577586 0.17225429377798868 0.19080128705170868
v 0.00802356121932184 0.20893522712629906 0.2923521319939713
v -0.04797710022473575 0.1887216502999957 0.27424721170911215
v -0.058486934469803006 0.18015651671468733 0.25186203319782846
v -0.03619883289637894 -0.04638689803594074 0.35414024108968056
v -0.054908790182474396 0.17526825663680534 0.22491982784317027
v -0.05077692227095151 0.1679422057513623 0.20042633834647924
v -0.02497175837368355 -0.060776326647261875 0.3551164608326814
v 0.02747499633970886 -0.0704054858620196 0.3395529610810276
v 0.011326886982790293 -0.0783224306181262 0.351971499395686
v -0.010009355297394882 -0.07497147633948027 0.35835772889875284
v -0.04649275627274694 0.15097995423309588 0.16314479549699526
v -0.05103054585148328 0.15915206799379597 0.17931030917624743
v -0.020181051442837435 0.20178244692688546 0.29006804087799315
v 0.06635911002630193 0.16330689577309568 -0.11041399950950595
v -0.04302112429298623 -0.03157508546418658 0.3545814428617892
v -0.04696946101271166 -0.01662476249683814 0.3565057829254145
v -0.04911757286062782 -0.002339233041231256 0.36007086584186965
v -0.0434895750518906 -0.014762345508952605 0.3962733227276917
v -0.04370014852550093 -0.014961678879496667 0.3640769943870151
v -0.04067319806341341 -0.01448099538719659 0.3854232708744279
v -0.04051564955232255 -0.014298317173052815 0.37377186684215175
v -0.046134994192877275 -0.0023586574937691134 0.368154512114139
v -0.04671605250041401 -0.00375142286340716 0.4002637571689304
v -0.0419836391485987 -0.002459157066537288 0.37822480371612305
v -0.04310305238230657 -0.0030978631061701943 0.3899536888569304
v 0.06958433831780725 0.17469239760280983 -0.1394518506010105
v 0.06430248057009844 0.15397883144713995 -0.09339481578514501
v 0.059834837158757606 0.14441448941548943 -0.07581527268445283
v 0.055078980742597344 0.1413655182221293 -0.05567117304078448
v 0.05382125751441972 0.14301343054631183 -0.03657619810568163
v 0.05355243441020917 0.14494099510270303 -0.0179336915368233
v 0.05228327684029472 0.14712394006360877 0.0009728368761371125
v 0.05006036681698605 0.14959445924383322 0.020022498582882357
v 0.023752409699901156 -0.055440896827303306 0.38494630757908005
v 0.012855513644698934 -0.07048254035341141 0.3583268426464067
v 0.020000497803073482 -0.058678602763068154 0.375223084947104
v 0.015898310604058604 -0.06383658842134265 0.3659236875296836
v -0.00661423303048789 -0.0687852028512734 0.36456376743377045
v 0.0030202291116263632 -0.05201060656053912 0.39057175093106583
v -0.002993268545916616 -0.06331406018206083 0.372584812158414
v 0.0007241988095325798 -0.05778384946413597 0.38177019182750266
v 0.048223168423687506 0.15207274888775932 0.039872706928387174
v 0.04694314599977785 0.15496070768404385 0.060402928414022866
v 0.045163995788751944 0.15914684079362398 0.08331086619815484
v 0.04072992813451181 0.16733866807127254 0.13940325848798427
v 0.04209345600520479 0.1641836179256212 0.11083318911052455
v 0.04025175774893154 0.16971791676811412 0.16424567693601771
v -0.04289442930310834 0.14065685976209738 0.11767308610314726
v -0.024535771786873457 0.16688512050035914 -0.1841830139663244
v -0.021782260396601485 -0.05608986107438578 0.36247664750972336
v -0.01608600684461172 -0.04805542083645659 0.39340276084537595
v -0.019237587406205625 -0.05286851790868462 0.3719487361288402
v -0.0171715836950538 -0.050344541972693606 0.38282338751674194
v -0.03860147514952058 0.13444149348235024 0.08844178260954894
v -0.03087953119422651 0.12760176811416998 0.06436126620995816
v -0.022955895874500944 0.12064217222603267 0.04557521167828655
v -0.01754984009833725 0.11768439949753945 0.02660363947846598
v -0.015530340959173154 0.11795280042966529 0.007185130432471825
v -0.017431206428732565 0.12188647179912221 -0.012162247157757194
v -0.018044270117801582 0.12658348511786716 -0.031548844368417345
v -0.018782435021026358 0.13309036030403879 -0.0505650756784303
v -0.020641708997179518 0.14143164712774914 -0.07070211468954399
v -0.022464132383874697 0.1507530146881935 -0.09104221779606045
v -0.022826121730509418 0.16518864136603928 -0.13665996806353684
v -0.04307551730606323 0.1451736427333042 0.14438481067684578
v -0.03294227944422562 -0.042454639669426676 0.3617872124861917
v -0.02925338821505404 -0.03746690994112744 0.3938991087749519
v -0.030355569121162416 -0.04004876512821265 0.37144669859299345
v -0.028896686886892096 -0.038471206709347686 0.3826992429763346
v 0.07383482344518232 -0.024580590543060464 0.346860124343576
v 0.05441251356470989 -0.03067361306707815 0.3201613254020569
v 0.06623568174970812 -0.026331828127658056 0.33872321553021584
v 0.06048160540696441 -0.0294357468875684 0.32893140601809523
v 0.04859973845051604 -0.04351148642080873 0.32759282901835607
v 0.06499577080221428 -0.03405473342817064 0.35488406729432437
v 0.05332696943460126 -0.04062093641470594 0.3367725239648111
v 0.057795405802102115 -0.03590990788623404 0.3465329049938735
v -0.039542716488112216 -0.02837175741429407 0.36216311599255124
v -0.03882855297060545 -0.02632040180123703 0.39433705296891486
v -0.036824125465786596 -0.026828444290062817 0.37181416356725466
v -0.03659184499659503 -0.026402587532998102 0.3832886328291432
v 0.07823497604165397 -0.002851729326399266 0.3362567628804291
v 0.05985508127882712 -0.002855190294546624 0.3107269382234617
v 0.06790762018860276 -0.004129967827980604 0.3307611859572745
v 0.06395812132671816 -0.0033494494595090137 0.3198739154171438
v 0.05820224799995451 -0.017135836929102106 0.31478967255461926
v 0.0798582232335377 -0.014710455405346327 0.34037350791255017
v 0.06547254386534847 -0.01748036043527929 0.32253265824282146
v 0.07268810119973686 -0.016542701520508667 0.3317845807042532
v -0.023487643763378804 0.15861787562544072 -0.10856955361159273
v 0.070678891646888 0.1792045713368749 -0.18474773970627312
v 0.06968658754636432 0.17555654179171956 -0.15995373217966882
v 0.040259498093750866 -0.055074883070634593 0.33705701013631917
v 0.054287461482533106 -0.043177455220850224 0.36440597190158325
v 0.04296350446069444 -0.04962612040193805 0.3459934386852054
v 0.04797417146517814 -0.04530479268800688 0.3556367407054974
v -0.023657711250290456 0.16507283483633037 -0.15976447090833718
v 0.06855120080069353 0.17071001118849716 -0.126086119782923
v -0.022268411539680476 0.161596381759682 -0.12425569602966206
v 0.06560122020606682 0.16977257784052416 -0.1821164080893857
v -0.01897314256008833 0.15174412619613017 -0.20067860462698603
v 0.027850990540840444 -0.06380475268373073 0.34742445076388745
v 0.04111075760808179 -0.050707855806810614 0.3748248456840307
v 0.03115752725985812 -0.058152995892603164 0.3560576187069885
v 0.03589778279011657 -0.05357528756903964 0.3656091898733826
v -0.01419255530558985 -0.04460025081772017 0.4062571899745633
v 0.00957029342832356 -0.048855464912577355 0.4014899196479284
v 0.07312514099727795 -0.03413153894817558 0.36428742509893985
v 0.08122988136727362 -0.022371616076717823 0.3548649944859762
v -0.04285092160356255 -0.0033923207562869995 0.41091633788622756
v 0.08608117349674052 -0.008940321681883218 0.348522975706572
v 0.08716400953157688 -0.012200383493055557 0.35197101652516466
v 0.06145739716695478 -0.04226224457639699 0.3747500243916862
v 0.08942568715542813 -0.0022519697369012795 0.34400375420361823
v 0.0910158007945576 -0.0018052730868961143 0.34452865899518265
v -0.04226280506470387 -0.011745037897836147 0.40243330234679425
v -0.03487756088169277 -0.024336029591934122 0.40371924412397475
v 0.04641103779605679 -0.04816326365864952 0.386271837844889
v 0.028505228532817062 -0.050600197596410615 0.3963373648345739
v -0.029339177060155167 -0.03493828197891646 0.4070776195921209
v 0.08761420921545204 -0.002084559427108988 0.34103952873807253
v 0.09353105570243417 -0.0016906054631863712 0.3445234572179688
v 0.08222072076574194 -0.02346499612545173 0.3522562712439817
v 0.08167391479624274 -0.025795169990997874 0.3571145280182882
v 0.05989498658270806 -0.04330658737704115 0.37098960138646037
v 0.023821930935094087 -0.052989709210668076 0.39428291157932466
v -0.038394416646162964 -0.021668756525270047 0.40183294763368227
v -0.04283138043488061 -0.02475002345645195 0.40217242352271637
v -0.015666984190595205 -0.046263917802982925 0.40214596970284044
v 0.07141032110934717 -0.03497825329578058 0.36067525555728214
v 0.045079578697088486 -0.04965630011566641 0.38246910496964565
v -0.032435358273078654 -0.035954286788303924 0.4035713250982254
v 0.005429088873845966 -0.05066053323758053 0.4024677691861858
v 0.0005151194989095884 -0.051510902576988385 0.3988036230532427
v 0.08716461110279096 -0.013191283684855625 0.34644400781325446
v 0.09018790851202825 -0.010039224211932691 0.35003807629904177
v -0.04685161141193899 -0.014878845161184076 0.40482292018637756
v -0.04479510093677228 -0.01045453435081705 0.4030903481540054
v -0.04970375536642004 -0.00414278735470145 0.4079166751580158
v -0.04707972640904061 -0.0041889529687601235 0.4098376960078801
v 0.08357544679429021 -0.0031211532834313914 0.3413795249294738
v 0.08799162669413485 -0.0026419413795021533 0.3433851593589693
v 0.02502832111319898 -0.049951381964646324 0.38811009705907246
v 0.03116660204189374 -0.04944442915801062 0.3925689197147367
v 0.0657351596469164 -0.03316320161964008 0.35906585967408144
v 0.07095561365720843 -0.03330406125173198 0.3636536273359069
v -0.021863295747191012 -0.032005710072494364 0.40278228753572454
v -0.026338930108277616 -0.03677198024492176 0.40493864698963167
v -0.038947014791502754 -0.002945409604227134 0.40108530746215276
v 0.07472095946314512 -0.02444370197004885 0.35055320058151246
v 0.05953396516470675 -0.04125438157926506 0.3740778637533553
v 0.055217938514904766 -0.041056220797872835 0.36883682331503886
v -0.02817988608838204 -0.02031542475014009 0.40462241590297576
v -0.01427139149520083 -0.04596483244022983 0.39949615168979613
v -0.012799943194425583 -0.0429533509652158 0.40565701346706945
v 0.0396526419297629 0.05401066109246897 0.3310603004075453
v 0.06081856747190674 0.012957271835113882 0.307745959504772
v 0.057059620052867424 0.028102671068542022 0.3140769080164374
v 0.050115953625858675 0.04203054264026924 0.32201485513478795
v 0.04210944153756844 -0.047045261677977096 0.37878991804159245
v 0.04569884517909053 -0.04698629065158666 0.3846838799003788
v 0.004755007458314812 -0.04890247485941905 0.3952371773052728
v 0.07998973926820253 -0.01312396512932863 0.34533592675832997
v -0.0319995691352693 -0.009289022830291425 0.4053928358611431
v -0.03817559867458306 -0.013068835432499802 0.4030126190300202
v -0.03948160817479529 0.0420846163788821 0.35673683703190623
v -0.02730710284323049 0.05578439612626743 0.35796677777914326
v 0.026127123987243275 0.06480873543999101 0.3419306105209786
v 0.010199903495612062 0.07294460183752258 0.3548850184992631
v -0.010865934674606342 0.0681054534333925 0.3607011351898932
v -0.04640314779305673 0.027227632258413955 0.3565681959859147
v -0.05055136637553898 0.01227099327205962 0.3580421099645496
v -0.044254513096804865 0.007752131357936976 0.39768232670885284
v -0.04833492934450376 0.010812018982304132 0.3660509479786698
v -0.04306742342625342 0.008893437864498619 0.3866145345426339
v -0.04354041243631272 0.009719905443222362 0.3750440416211486
v 0.023009681439135475 0.04764763634807025 0.3865740539006345
v 0.012014870330893494 0.06477170080571948 0.36079532830211525
v 0.01952408208335908 0.05245016150129805 0.3774029100497576
v 0.10936318296207875 -0.03889148732183478 -0.17107502911670827
v 0.09697806631055739 -0.13869438809681459 -0.17685562748595354
v 0.11635106310392787 -0.11346219522360361 -0.1752668485877944
v 0.11710035735540855 -0.07864811102010431 -0.1732962554231406
v -0.056966447400407565 -0.03689144165086656 -0.17030110180953698
v -0.06717956997613587 -0.10687505228003241 -0.16990047732169436
v -0.05300565160489613 -0.1344776646952368 -0.1687317189627131
v -0.0703553295806258 -0.07310755313236077 -0.17073535784595997
v 0.02815322009243961 -0.1762018860096134 -0.170034782457888
v 0.05121631579065284 -0.1779159494288965 -0.1702890782502851
v -0.01804814672260502 -0.1679243151973874 -0.16966213250436582
v 0.00017634718773513832 -0.17175498228793562 -0.16987604806518572
v -0.03616925386645319 -0.15448358022854264 -0.16896353161978536
v 0.06519574420100614 -0.176378699939574 -0.17101866657760426
v 0.08033073564578311 -0.15989625617636372 -0.17499245978268943
v 0.015445616023745895 0.05842296876247308 0.3685311843970231
v -0.007469208264185575 0.06109835287683346 0.3660853363700914
v 0.0020098868732097187 0.04429349558091371 0.3916550091972539
v -0.003724870333684144 0.054382453695510695 0.3730541728939398
v 3.646134587495188e-05 0.04805616362115564 0.3817333794331405
v -0.024662779559734744 0.0509042209005913 0.3653919542070027
v -0.017050448698380155 0.039551804102991965 0.3944922910068212
v -0.021337043967265833 0.0462147992031129 0.3738772150750323
v -0.018394411321316168 0.04221591452256573 0.38408436013829084
v -0.03775174986647775 0.038715571813570604 0.36494827230681887
v -0.03186717061370692 0.031436267999307 0.39611456225968183
v -0.034773441870781525 0.03571771265106415 0.3741729632634523
v -0.03257816417260256 0.033303635229579756 0.3850842975937348
v 0.0724416328180195 0.019520568003782466 0.34779721983459316
v 0.05410274303036682 0.024730853894104735 0.321665318372185
v 0.06331944846551224 0.019697266747955102 0.3411991414903743
v 0.10586404952489242 -0.017836004194523646 -0.17111295634477108
v 0.10798573878792883 -0.12758253912779755 -0.17597920942949508
v 0.11814075260423326 -0.09659707067558156 -0.17449950743743417
v 0.11337392157557949 -0.059379123472687693 -0.1721043532536758
v -0.052760598391202194 -0.01833312414670115 -0.16903526247921946
v -0.06096170220314731 -0.12144107480039514 -0.1691508127244801
v -0.07060864935687168 -0.09078641057058072 -0.17053176809209308
v -0.06385641908042916 -0.055163555374501454 -0.17074339677378475
v 0.0409440519603301 -0.17760877237444375 -0.17009844451121112
v -0.01060393860988131 -0.1698174734508453 -0.16975320096895194
v -0.04454812782927592 -0.14580214226562074 -0.16869553709154278
v 0.01381258120136955 -0.1739946956407862 -0.16997554854972327
v 0.07726509603849738 -0.16979005137868672 -0.17299314354717676
v 0.0872511829297109 -0.1492952680252301 -0.1765779311279713
v 0.059047183192542395 -0.17729254218918966 -0.17062333702807972
v -0.029317427574472466 -0.16084534007687615 -0.1693173713479808
v 0.05686706326341612 0.02177910935146825 0.3315922750667343
v -0.023726932559150843 -0.16508815601818436 -0.16956684577053516
v 0.07114818829638975 -0.17464346119707924 -0.17168376943110547
v -0.05774367736041524 -0.00044509266731585883 -0.1662661562021789
v 0.10346539407761512 0.0034434215682271397 -0.17349960531754371
v 0.04711322484552349 0.03734270457263171 0.32914482210879703
v 0.0654584273962678 0.030841997358408334 0.3551200559915655
v 0.05045734246388212 0.03371617154177343 0.3387037608322306
v 0.056680967076026115 0.030956633312383398 0.34822280385843835
v -0.04458490744949907 0.02451709038349868 0.3647267879814699
v -0.04093787957510121 0.019859676667686788 0.39661060346609256
v -0.041601437665240326 0.022686311574410364 0.3741269045633245
v -0.04047696206605385 0.021359075966389952 0.3854529056616235
v 0.05892139715718028 0.011307924477104549 0.315893233094476
v 0.07722552157158888 0.008485263544320998 0.3422132187582553
v 0.060825835704848404 0.009186746252020534 0.32610413056035187
v 0.06801465823993601 0.008419883636278888 0.33545453306926615
v 0.03798936493891214 0.04856670114982538 0.3385922011188105
v 0.05479606869045981 0.0389286777930638 0.365575182151615
v 0.04173378497317366 0.04427923175596782 0.34779323102540866
v 0.04825320126627631 0.041616689205123264 0.35711390909446267
v 0.026509162630477073 0.05800085008661919 0.34953988727542373
v 0.04071600634182099 0.04406579156052916 0.3764339165106647
v 0.030515492256486147 0.05296600738004385 0.35826899102349574
v 0.03563666220597506 0.04823094456226102 0.3675941346091727
v -0.014675251113752988 0.036719738640165964 0.40716916677498266
v 0.009142963556385563 0.0403233895288832 0.4019510175660652
v 0.07136080775359256 0.026483238813532532 0.36286450802489817
v 0.07749987363551289 0.01709304441108883 0.34993075970114046
v 0.08493631081882633 0.004361042349522275 0.34644245812254715
v 0.0851361657276767 0.008332695509596613 0.34944826512657373
v 0.06076758038821346 0.0335392059272189 0.3752827073040337
v -0.0469064985145033 0.007538729687710958 0.4123259280109679
v -0.03851264927846871 0.019924194009035823 0.41074448891927956
v 0.04598440689572557 0.03936986082842865 0.3872404801329421
v 0.028201382987661474 0.0417227104603071 0.3972534230473152
v -0.03071185653559715 0.029620809035341773 0.40984677497010447
v 0.08209673883571642 0.020177701073008803 0.35051988397993833
v 0.07699188351418733 0.02098044689449715 0.3515298064647087
v 0.05960142226358276 0.03616221183603813 0.3722299158424159
v 0.023118399191880943 0.04435538027123576 0.395521929615505
v -0.04302520420650011 0.01721994206750943 0.41025208904652827
v -0.04325517095166676 0.01695598191375137 0.40475167662152906
v -0.016538221419912735 0.03824281139944135 0.4031865037347923
v 0.07179531523345244 0.030154370993353986 0.36109083939412584
v 0.04440435774640924 0.041343279830425246 0.3837862764032763
v -0.03355201048527426 0.028840410361384006 0.4058571629707965
v 0.004838258289515794 0.042150951426485395 0.4033673291378164
v -0.00034049720012991914 0.04307607068417261 0.3997923504772142
v 0.08629134867006405 0.009475431197646591 0.34531904847089007
v 0.08838853367337297 0.006109757571996819 0.34925981941225076
v -0.04688557972199635 0.006809419326228942 0.40643506665368345
v -0.048564497839523976 0.005026069987305899 0.410890801726786
v 0.0243206269391512 0.04144445020891394 0.3901983847390635
v 0.031286847970545706 0.03957593364439252 0.3941953651859138
v 0.06343955459896128 0.024610576045588858 0.35997907503318277
v 0.06963626747653676 0.024837114575798527 0.3629679721902997
v -0.029604321098362224 0.026439880278878503 0.40148037104902046
v -0.027368477864292834 0.030008939093030047 0.4072712971369704
v 0.07006120320395737 0.01434616664590952 0.35150597060078503
v 0.059296012839067457 0.03193835267185547 0.3750497399340724
v 0.05434347742031095 0.02809486081928698 0.37286953395693123
v -0.0400219669673868 0.01868319644115805 0.40315934845555035
v -0.014975004990846917 0.03250959154233423 0.39922850987813624
v -0.013540003762437861 0.03538698599201682 0.40569433458020304
v 0.0411476944892746 0.03553641879215994 0.3816040506752364
v 0.045787338349220795 0.037532396339659366 0.386149394220216
v 0.0038335149048560647 0.03734838041173276 0.3960570833022071
v 0.07748899418974926 0.006715475818352178 0.34308790406332496
v -0.03932238393998526 0.007238582501226717 0.40415289427570794
v -0.044191069630214755 0.009760568742422877 0.40945859210767677
v 0.10397655818237558 0.0460617988225676 -0.17052854316117128
v 0.1027976757387282 0.14646434432062577 -0.1723377514597733
v 0.1185309126599111 0.11933591142085427 -0.1729237220128405
v 0.11635195165711285 0.08458798645857392 -0.17196122677594022
v -0.06350560708170767 0.036598564703621175 -0.17007895896236153
v -0.06803490472515258 0.10751830466399272 -0.16892985956454298
v -0.05281667157058609 0.13458029253705125 -0.16752768971750193
v -0.073098734219676 0.07396326109330785 -0.17015305833727878
v 0.026926109548575747 0.18048788918718983 -0.16772464419502653
v 0.05008045807920069 0.18138635840104758 -0.16752564158608665
v -0.018273707534365732 0.16857472070434912 -0.1681016074360001
v -0.0009701598798073955 0.17546093144312722 -0.16794131056757064
v -0.036101496034759005 0.15472827090549202 -0.1675052500080076
v 0.06398655788714053 0.17933992164320162 -0.16773732721160814
v 0.0813558909680733 0.16289126271284593 -0.1712699936011915
v 0.1023183819414583 0.024799072415481814 -0.170863671853427
v 0.1134013132385472 0.13493570845517142 -0.17248690326500946
v 0.11912686921475536 0.10236854355015133 -0.1726916212358457
v 0.10972945068699053 0.06611555850409309 -0.17120196939693727
v -0.05932619239468563 0.018031359059570803 -0.16906049461185885
v -0.061144281240354245 0.12177620265423038 -0.1680627267629558
v -0.07227056481027504 0.09162461533219263 -0.16972636960924364
v -0.06899135629600812 0.05533251079117645 -0.17030602734945904
v 0.03979042325810644 0.1812531609937646 -0.167650786605481
v -0.01134348787350017 0.17189900012012982 -0.16807184468193062
v -0.04427060617061582 0.14584434582429898 -0.1673611087178808
v 0.012539173919584687 0.17847039200429152 -0.1678046216708672
v 0.07527256037349901 0.171330106773842 -0.16948513313790772
v 0.09062085295483732 0.15419512304664793 -0.17260804494499926
v 0.05792273507318138 0.18074650207322704 -0.1675327087333048
v -0.029376160294487152 0.16121737399937758 -0.16776457480380022
v -0.023823029333835684 0.16549705555890193 -0.16798447010002932
v 0.0696348924038991 0.17676114689146927 -0.16827663956763336
v 0.06020970438503934 -0.006217433363340615 0.31740122911034085
v 0.0522284318099084 -0.011458854562505326 0.3306461187734504
v 0.05165043137139104 -0.040296237386599376 0.3353330860297636
v 0.019819221933323822 -0.0558909242847932 0.34912433457779357
v -0.04668855129124669 -0.028182227353590706 0.34916564894425234
v -0.02465179968992677 -0.053267909893514175 0.3463464078605434
v 0.04306854393574454 -0.024726261125095402 0.3356089131818258
v 0.03731020239887469 -0.05054937299657941 0.34053262175568233
v -0.03985124814424169 -0.04297385743659778 0.34858775327262626
v -0.0027463760238384182 -0.05629335171485495 0.34515909152006047
v 0.05868885013661707 -0.020401678537585323 0.3195906398556096
v -0.04809166700496904 -0.014357061202822959 0.3502557478233775
v 0.048139765005773626 0.0159549210122166 0.3280148374049197
v 0.04732289753214259 0.03672602090619555 0.3498036572731883
v 0.018057380722954073 0.04557099519677571 0.37232454218616623
v -0.039705548596988896 0.018609211160634336 0.3599251638996503
v -0.025987079679788305 0.03599307864140573 0.376587805853906
v 0.04995486436427936 0.031142480362663608 0.3331438943147883
v 0.03632231504715181 0.04357926517561021 0.36323876567526003
v -0.03925491374039716 0.0333920201693504 0.36400604543479664
v -0.003856104323252404 0.03992706716100931 0.37826694678514095
v 0.05874845867218359 0.007054415200265701 0.32232079719589113
v -0.04972363866761804 0.010358704226813982 0.3560785740807832
v 0.06434934728371093 -0.007956193256985766 0.3387870315946023
v 0.062026406140130094 -0.006755039119483469 0.32464548517857866
v 0.061292824065668786 -0.008259206415247805 0.3298118461537021
v 0.06524247773828339 -0.02366905433849109 0.34244827663798966
v 0.05602577284677639 -0.014533408733482895 0.33512272397178355
v 0.05920762019521008 -0.01764146693246887 0.3385145047212349
v 0.05113155912051423 -0.03986937060209254 0.34195744207365697
v 0.04920562781036953 -0.039239570606532756 0.3570981557615187
v 0.0502540886291519 -0.03996473827712275 0.3475155350773184
v 0.018289154962277867 -0.04874878757619838 0.34835651993409716
v 0.016976461034344612 -0.03716589187406267 0.3566745685608729
v 0.01725691756856071 -0.04354177856308595 0.3497376465555412
v -0.04258902716488009 -0.02802231779574689 0.35446019187980354
v -0.03626383092160696 -0.02435260924263264 0.3664860217670084
v -0.03936152404551802 -0.026214336690343794 0.3584485833747364
v -0.016706502322498838 -0.03651209782804344 0.35959301341365346
v -0.019388884014787753 -0.04722301600972088 0.3501008831155703
v -0.017678239037245302 -0.04381548952436957 0.3543544566721172
v 0.04640077511110658 -0.02453128299371493 0.34112503154848733
v 0.05683537053103943 -0.030735124747318075 0.3487809834695606
v 0.04977066232022109 -0.025119308459166843 0.3456223323748141
v 0.03497245746207657 -0.044345113506487725 0.34326583612421474
v 0.033791366937976394 -0.03747346614971226 0.3566780585965923
v 0.03431793762293959 -0.041559108451533947 0.3480249940416938
v -0.03385060127595637 -0.03958860162690342 0.352529606793349
v -0.030317017890108502 -0.03537395300299686 0.36454611808339016
v -0.030640783756249658 -0.0360089923300019 0.35564057981150826
v -0.0008211314013582968 -0.049563257168755315 0.34859507328523126
v -0.00041169117517188004 -0.037998753289504916 0.3576567316531592
v -0.0006520258532763597 -0.044758881244398495 0.3513443494633003
v 0.07149962752059376 -0.016088466004389915 0.33656783347896624
v 0.06363233040356243 -0.01940030165444878 0.32455630291689974
v 0.06721638521064253 -0.018410714809825354 0.328572820711751
v -0.04580326797523413 -0.015225954390582299 0.35570270326164416
v -0.0393262426626775 -0.013480924359430432 0.36773103171046784
v -0.04385686752649342 -0.015014789948584335 0.36047785571912816
v -0.04820441166931987 -0.0032788878318881294 0.3581623998801351
v -0.03830244145792057 -0.0031023877570088444 0.3661849955310439
v -0.0461314611825179 -0.003966384491930282 0.3628270936205499
v 0.05483911720224964 0.01681195482597926 0.3290952639759704
v 0.052100554863023826 0.0068215315187884285 0.3393408410572268
v 0.05237472574718617 0.013150670202111275 0.33231181059434556
v 0.041233155973717184 0.0367755962199483 0.3469835929519618
v 0.04072979237729731 0.027279149632267723 0.34338138620482
v 0.0447780506386906 0.033392821129231774 0.3495065549188315
v 0.012799524421727462 0.038470737914558434 0.3516768157658771
v 0.015109232406998236 0.042002400839552305 0.36639380148856154
v 0.014567691186654493 0.04067421707166348 0.36081266001770346
v -0.043215840106576794 0.020255680224783794 0.36548564531667804
v -0.039315564662360865 0.017707217799442183 0.3616572723328382
v -0.04123828490440674 0.01797625487783858 0.36966741726198027
v -0.022345963501418438 0.04099594234223264 0.3705289435991728
v -0.020008154896271547 0.035669322379369386 0.3595954302924446
v -0.018797126066071097 0.036447936641735096 0.3686777692522048
v 0.05272467703555334 0.019423573736505873 0.34266090469717286
v 0.04614113119208812 0.026521315167246578 0.335986095703274
v 0.0445222063583597 0.022419612509819376 0.3392047255273256
v 0.03245385776859795 0.037716031045917475 0.36142475106744004
v 0.02871199043996241 0.036507568595993856 0.3468714287317396
v 0.030701951904482036 0.03645379327673219 0.35629655777121916
v -0.032796370683344504 0.02861636522829244 0.3622627464063781
v -0.03516576786509099 0.030903040290470137 0.37042458888646007
v -0.030984037148118468 0.027248328365032538 0.37076507400076547
v -0.003907566752048706 0.040282128527864725 0.370660417715864
v -0.004271451370499133 0.0409015686699746 0.35580385685877847
v -0.0030060773065171725 0.042311312926803187 0.36502844043515825
v 0.05484790526817008 0.0032929516136539307 0.3272157234091704
v 0.06357693046140452 0.0032738339007772894 0.3378092481651565
v 0.05993534875510249 0.0035259614613769377 0.3291219940381858
v -0.038928475843224966 0.0070486958467433965 0.36461432041721065
v -0.04759971321346969 0.008665320693394213 0.3612278046505715
v -0.0467062716383752 0.007249016025551844 0.3659898555596781
v 0.07162927215616434 -0.0032692233305005574 0.33510056740554556
v 0.07335954612403661 -0.0057386069530882145 0.35199394194450906
v 0.06595842036381382 -0.024672261080631048 0.34251984108268974
v 0.06949358795156342 -0.016785307937562742 0.35528377402164374
v 0.04822664206540785 -0.028573257662756344 0.3682653357582411
v 0.04831924493588823 -0.041182225562171326 0.35948497835569304
v 0.016313717497229128 -0.037513837912995306 0.3718359340366829
v 0.019585488568327276 -0.051366441828914894 0.3776500423712003
v -0.03085768311186264 -0.021462381141715052 0.37956304146594677
v -0.024903869013665883 -0.018334280006898688 0.39317631761353633
v -0.015136183615916819 -0.04395809733477947 0.3880944204889462
v -0.01638819416580608 -0.04199648379908985 0.3732485779026707
v 0.05921795398274897 -0.022160333545730666 0.36133069460588096
v 0.05784565863777161 -0.032926059335305936 0.35048759076790476
v 0.033159366095265784 -0.03273636160228137 0.3712544735386231
v 0.03581290850475528 -0.04777471393842521 0.36884915229225473
v -0.02663891772201532 -0.032980187929278655 0.3784591033184071
v -0.01956912883697217 -0.029682494202713593 0.39142149201007337
v 8.306086504202329e-05 -0.045830804186729676 0.3703352646112127
v 0.0010566187455788277 -0.05162272733456886 0.38435014741397383
v 0.0730318691431185 -0.01615267394977428 0.33592106134351346
v 0.07938822835275215 -0.014488959760060437 0.34998132136439386
v -0.03128352934051933 -0.010890553865868836 0.3789439296998925
v -0.028974893729815585 -0.00849971447744562 0.39336340065262604
v -0.0323650277994872 -0.0012046612996059864 0.3785680168655851
v -0.0329486952977383 -0.0016933094032471514 0.39106429609210314
v 0.05466778572307757 0.0037682431512231977 0.35423512612990266
v 0.05898172356333036 0.01737151837809769 0.3466972979281939
v 0.03636289970016187 0.019505738513043085 0.3562527297966493
v 0.0439515042093931 0.022365566002763872 0.3707436533501423
v 0.01448775073484229 0.04052943783757134 0.38117828112531876
v 0.01499236125868734 0.033791535450775616 0.36608058276499905
v -0.039841301756672574 0.017953607575331446 0.376382290973935
v -0.04076323461476768 0.01446748277531077 0.39184235361386105
v -0.016680898253523792 0.03028669787392027 0.3727608611142254
v -0.019726594113605066 0.02783182352855171 0.3885274769647372
v 0.053823434052794626 0.017401590671780803 0.3597929872952985
v 0.04364530697195385 0.008950563408312715 0.35004455061409523
v 0.03205357253287112 0.033716214948950766 0.36186130303446656
v 0.03022000210854699 0.030013835329314748 0.3779125753302461
v -0.03321944071063136 0.023460412942770733 0.39021411071379447
v -0.02861327007943357 0.022218044972779176 0.3747670079597671
v -0.002049831565378387 0.039019264893916134 0.3704512083133896
v -0.003372921949166571 0.03347480225381603 0.3857605674336992
v 0.06653861314084378 0.0028621540808391444 0.3534267463377481
v 0.06484576401867964 0.008165296010373317 0.3392906835608339
v -0.039115936122935686 0.004418801204812842 0.3920019744444576
v -0.035256376227851834 0.008276674265200954 0.37817980631332526
f 35 1645 4291
f 35 4291 1527
f 1645 40 1532
f 1645 1532 4291
f 5809 5749 26
f 5809 26 1519
f 5754 5809 1519
f 5754 1519 109
f 4209 2776 713
f 4209 713 4216
f 630 1479 4212
f 630 4212 2575
f 4209 4216 1477
f 5749 5810 1520
f 5749 1520 26
f 710 2796 5559
f 710 5559 2767
f 2796 1460 2783
f 2796 2783 5559
f 5810 5750 27
f 5810 27 1520
f 4210 2768 1456
f 4210 1456 1482
f 715 2798 5560
f 715 5560 2775
f 2798 1465 2791
f 2798 2791 5560
f 1640 45 1537
f 1640 1537 4292
f 1453 2800 5561
f 1453 5561 2768
f 2800 1470 2784
f 2800 2784 5561
f 40 1640 4292
f 40 4292 1532
f 5811 5751 28
f 5811 28 1521
f 5750 5811 1521
f 5750 1521 27
f 4211 2775 712
f 4211 712 1480
f 45 1635 4293
f 45 4293 1537
f 1635 50 1542
f 1635 1542 4293
f 4212 2767 1457
f 4212 1457 1478
f 345 2134 4294
f 345 4294 2107
f 2134 181 1767
f 2134 1767 4294
f 5812 5752 29
f 5812 29 1522
f 5751 5812 1522
f 5751 1522 28
f 401 2276 4295
f 401 4295 2067
f 2276 426 2268
f 2276 2268 4295
f 4294 1767 313
f 4294 313 2135
f 2107 4294 2135
f 2107 2135 381
f 230 2217 4296
f 230 4296 1891
f 2217 407 2200
f 2217 2200 4296
f 4295 2268 428
f 4295 428 2277
f 2067 4295 2277
f 2067 2277 347
f 431 2263 4297
f 431 4297 2282
f 2263 433 2283
f 2263 2283 4297
f 4296 2200 409
f 4296 409 2220
f 1891 4296 2220
f 1891 2220 234
f 238 2222 4298
f 238 4298 1883
f 2222 411 2194
f 2222 2194 4298
f 4297 2283 351
f 4297 351 2079
f 2282 4297 2079
f 2282 2079 349
f 242 2224 4299
f 242 4299 1879
f 2224 413 2191
f 2224 2191 4299
f 4298 2194 413
f 4298 413 2224
f 1883 4298 2224
f 1883 2224 242
f 246 2226 4300
f 246 4300 1875
f 2226 415 2188
f 2226 2188 4300
f 4299 2191 415
f 4299 415 2226
f 1879 4299 2226
f 1879 2226 246
f 250 2228 4301
f 250 4301 1871
f 2228 417 2185
f 2228 2185 4301
f 4300 2188 417
f 4300 417 2228
f 1875 4300 2228
f 1875 2228 250
f 254 2230 4302
f 254 4302 1867
f 2230 419 2182
f 2230 2182 4302
f 4301 2185 419
f 4301 419 2230
f 1871 4301 2230
f 1871 2230 254
f 258 2232 4303
f 258 4303 1863
f 2232 421 2179
f 2232 2179 4303
f 4302 2182 421
f 4302 421 2232
f 1867 4302 2232
f 1867 2232 258
f 548 2457 4304
f 548 4304 2481
f 2457 560 2485
f 2457 2485 4304
f 4303 2179 423
f 4303 423 2234
f 1863 4303 2234
f 1863 2234 262
f 388 2594 4305
f 388 4305 2137
f 2594 637 2577
f 2594 2577 4305
f 4304 2485 525
f 4304 525 2389
f 2481 4304 2389
f 2481 2389 497
f 5704 5725 4306
f 5704 4306 4271
f 5725 5699 4266
f 5725 4266 4306
f 4305 2577 641
f 4305 641 2601
f 2137 4305 2601
f 2137 2601 178
f 547 2478 4307
f 547 4307 2435
f 2478 492 2356
f 2478 2356 4307
f 4306 4266 492
f 4306 492 2478
f 4271 4306 2478
f 4271 2478 547
f 99 2473 4308
f 99 4308 2298
f 2473 540 2464
f 2473 2464 4308
f 4307 2356 489
f 4307 489 2476
f 2435 4307 2476
f 2435 2476 544
f 565 2495 4309
f 565 4309 2467
f 2495 532 2407
f 2495 2407 4309
f 4308 2464 567
f 4308 567 2474
f 2298 4308 2474
f 2298 2474 448
f 5688 1483 4310
f 5688 4310 4236
f 1483 5689 4237
f 1483 4237 4310
f 4309 2407 513
f 4309 513 2491
f 2467 4309 2491
f 2467 2491 556
f 98 1583 4311
f 98 4311 1579
f 1583 102 1582
f 1583 1582 4311
f 4310 4237 102
f 4310 102 1583
f 4236 4310 1583
f 4236 1583 98
f 97 1584 4312
f 97 4312 1578
f 1584 101 1581
f 1584 1581 4312
f 4311 1582 101
f 4311 101 1584
f 1579 4311 1584
f 1579 1584 97
f 96 1585 4313
f 96 4313 1577
f 1585 100 1580
f 1585 1580 4313
f 4312 1581 100
f 4312 100 1585
f 1578 4312 1585
f 1578 1585 96
f 447 2239 4314
f 447 4314 2297
f 2239 449 2299
f 2239 2299 4314
f 4313 1580 99
f 4313 99 1586
f 1577 4313 1586
f 1577 1586 95
f 1 1484 4315
f 1 4315 4235
f 1484 5688 4236
f 1484 4236 4315
f 4314 2299 367
f 4314 367 2103
f 2297 4314 2103
f 2297 2103 365
f 94 1587 4316
f 94 4316 1576
f 1587 98 1579
f 1587 1579 4316
f 4315 4236 98
f 4315 98 1587
f 4235 4315 1587
f 4235 1587 94
f 93 1588 4317
f 93 4317 1575
f 1588 97 1578
f 1588 1578 4317
f 4316 1579 97
f 4316 97 1588
f 1576 4316 1588
f 1576 1588 93
f 92 1589 4318
f 92 4318 1574
f 1589 96 1577
f 1589 1577 4318
f 4317 1578 96
f 4317 96 1589
f 1575 4317 1589
f 1575 1589 92
f 445 2242 4319
f 445 4319 2295
f 2242 447 2297
f 2242 2297 4319
f 4318 1577 95
f 4318 95 1590
f 1574 4318 1590
f 1574 1590 91
f 20 1504 4320
f 20 4320 4287
f 1504 1 4235
f 1504 4235 4320
f 4319 2297 365
f 4319 365 2100
f 2295 4319 2100
f 2295 2100 363
f 90 1591 4321
f 90 4321 1573
f 1591 94 1576
f 1591 1576 4321
f 4320 4235 94
f 4320 94 1591
f 4287 4320 1591
f 4287 1591 90
f 89 1592 4322
f 89 4322 1572
f 1592 93 1575
f 1592 1575 4322
f 4321 1576 93
f 4321 93 1592
f 1573 4321 1592
f 1573 1592 89
f 88 1593 4323
f 88 4323 1571
f 1593 92 1574
f 1593 1574 4323
f 4322 1575 92
f 4322 92 1593
f 1572 4322 1593
f 1572 1593 88
f 443 2245 4324
f 443 4324 2293
f 2245 445 2295
f 2245 2295 4324
f 4323 1574 91
f 4323 91 1594
f 1571 4323 1594
f 1571 1594 87
f 2 1503 4325
f 2 4325 4234
f 1503 20 4287
f 1503 4287 4325
f 4324 2295 363
f 4324 363 2097
f 2293 4324 2097
f 2293 2097 361
f 86 1595 4326
f 86 4326 1570
f 1595 90 1573
f 1595 1573 4326
f 4325 4287 90
f 4325 90 1595
f 4234 4325 1595
f 4234 1595 86
f 85 1596 4327
f 85 4327 1569
f 1596 89 1572
f 1596 1572 4327
f 4326 1573 89
f 4326 89 1596
f 1570 4326 1596
f 1570 1596 85
f 84 1597 4328
f 84 4328 1568
f 1597 88 1571
f 1597 1571 4328
f 4327 1572 88
f 4327 88 1597
f 1569 4327 1597
f 1569 1597 84
f 441 2248 4329
f 441 4329 2291
f 2248 443 2293
f 2248 2293 4329
f 4328 1571 87
f 4328 87 1598
f 1568 4328 1598
f 1568 1598 83
f 19 1490 4330
f 19 4330 4227
f 1490 2 4234
f 1490 4234 4330
f 4329 2293 361
f 4329 361 2094
f 2291 4329 2094
f 2291 2094 359
f 82 1599 4331
f 82 4331 1567
f 1599 86 1570
f 1599 1570 4331
f 4330 4234 86
f 4330 86 1599
f 4227 4330 1599
f 4227 1599 82
f 81 1600 4332
f 81 4332 1566
f 1600 85 1569
f 1600 1569 4332
f 4331 1570 85
f 4331 85 1600
f 1567 4331 1600
f 1567 1600 81
f 80 1601 4333
f 80 4333 1565
f 1601 84 1568
f 1601 1568 4333
f 4332 1569 84
f 4332 84 1601
f 1566 4332 1601
f 1566 1601 80
f 439 2251 4334
f 439 4334 2289
f 2251 441 2291
f 2251 2291 4334
f 4333 1568 83
f 4333 83 1602
f 1565 4333 1602
f 1565 1602 79
f 24 1500 4335
f 24 4335 4279
f 1500 19 4227
f 1500 4227 4335
f 4334 2291 359
f 4334 359 2091
f 2289 4334 2091
f 2289 2091 357
f 78 1603 4336
f 78 4336 1564
f 1603 82 1567
f 1603 1567 4336
f 4335 4227 82
f 4335 82 1603
f 4279 4335 1603
f 4279 1603 78
f 77 1604 4337
f 77 4337 1563
f 1604 81 1566
f 1604 1566 4337
f 4336 1567 81
f 4336 81 1604
f 1564 4336 1604
f 1564 1604 77
f 76 1605 4338
f 76 4338 1562
f 1605 80 1565
f 1605 1565 4338
f 4337 1566 80
f 4337 80 1605
f 1563 4337 1605
f 1563 1605 76
f 437 2254 4339
f 437 4339 2287
f 2254 439 2289
f 2254 2289 4339
f 4338 1565 79
f 4338 79 1606
f 1562 4338 1606
f 1562 1606 75
f 23 1501 4340
f 23 4340 4281
f 1501 24 4279
f 1501 4279 4340
f 4339 2289 357
f 4339 357 2088
f 2287 4339 2088
f 2287 2088 355
f 74 1607 4341
f 74 4341 1561
f 1607 78 1564
f 1607 1564 4341
f 4340 4279 78
f 4340 78 1607
f 4281 4340 1607
f 4281 1607 74
f 73 1608 4342
f 73 4342 1560
f 1608 77 1563
f 1608 1563 4342
f 4341 1564 77
f 4341 77 1608
f 1561 4341 1608
f 1561 1608 73
f 72 1609 4343
f 72 4343 1559
f 1609 76 1562
f 1609 1562 4343
f 4342 1563 76
f 4342 76 1609
f 1560 4342 1609
f 1560 1609 72
f 435 2257 4344
f 435 4344 2285
f 2257 437 2287
f 2257 2287 4344
f 4343 1562 75
f 4343 75 1610
f 1559 4343 1610
f 1559 1610 71
f 18 1502 4345
f 18 4345 4240
f 1502 23 4281
f 1502 4281 4345
f 4344 2287 355
f 4344 355 2085
f 2285 4344 2085
f 2285 2085 353
f 70 1611 4346
f 70 4346 1558
f 1611 74 1561
f 1611 1561 4346
f 4345 4281 74
f 4345 74 1611
f 4240 4345 1611
f 4240 1611 70
f 69 1612 4347
f 69 4347 1557
f 1612 73 1560
f 1612 1560 4347
f 4346 1561 73
f 4346 73 1612
f 1558 4346 1612
f 1558 1612 69
f 68 1613 4348
f 68 4348 1556
f 1613 72 1559
f 1613 1559 4348
f 4347 1560 72
f 4347 72 1613
f 1557 4347 1613
f 1557 1613 68
f 433 2260 4349
f 433 4349 2283
f 2260 435 2285
f 2260 2285 4349
f 4348 1559 71
f 4348 71 1614
f 1556 4348 1614
f 1556 1614 67
f 21 1506 4350
f 21 4350 4286
f 1506 18 4240
f 1506 4240 4350
f 4349 2285 353
f 4349 353 2082
f 2283 4349 2082
f 2283 2082 351
f 66 1615 4351
f 66 4351 1555
f 1615 70 1558
f 1615 1558 4351
f 4350 4240 70
f 4350 70 1615
f 4286 4350 1615
f 4286 1615 66
f 65 1616 4352
f 65 4352 1554
f 1616 69 1557
f 1616 1557 4352
f 4351 1558 69
f 4351 69 1616
f 1555 4351 1616
f 1555 1616 65
f 64 1617 4353
f 64 4353 1553
f 1617 68 1556
f 1617 1556 4353
f 4352 1557 68
f 4352 68 1617
f 1554 4352 1617
f 1554 1617 64
f 451 2266 4354
f 451 4354 2279
f 2266 431 2282
f 2266 2282 4354
f 4353 1556 67
f 4353 67 1618
f 1553 4353 1618
f 1553 1618 63
f 22 1498 4355
f 22 4355 4288
f 1498 21 4286
f 1498 4286 4355
f 4354 2282 349
f 4354 349 2076
f 2279 4354 2076
f 2279 2076 368
f 115 1619 4356
f 115 4356 1679
f 1619 66 1555
f 1619 1555 4356
f 4355 4286 66
f 4355 66 1619
f 4288 4355 1619
f 4288 1619 115
f 116 1620 4357
f 116 4357 1678
f 1620 65 1554
f 1620 1554 4357
f 4356 1555 65
f 4356 65 1620
f 1679 4356 1620
f 1679 1620 116
f 117 1621 4358
f 117 4358 1677
f 1621 64 1553
f 1621 1553 4358
f 4357 1554 64
f 4357 64 1621
f 1678 4357 1621
f 1678 1621 117
f 63 1618 4359
f 63 4359 2280
f 4359 2281 432
f 4359 432 2264
f 4358 1553 63
f 4358 63 1622
f 1677 4358 1622
f 1677 1622 118
f 1454 3 4233
f 1454 4233 4360
f 4360 4233 62
f 4360 62 1623
f 1618 67 2281
f 1618 2281 4359
f 2280 4359 2264
f 2280 2264 430
f 1623 62 1552
f 1623 1552 4361
f 4361 1552 61
f 4361 61 1624
f 4 1454 4360
f 4 4360 4232
f 4232 4360 1623
f 4232 1623 58
f 1624 61 1551
f 1624 1551 4362
f 4362 1551 60
f 4362 60 1625
f 58 1623 4361
f 58 4361 1549
f 1549 4361 1624
f 1549 1624 57
f 1625 60 1550
f 1625 1550 4363
f 4363 1550 59
f 4363 59 1626
f 57 1624 4362
f 57 4362 1548
f 1548 4362 1625
f 1548 1625 56
f 2273 426 2276
f 2273 2276 4364
f 4364 2276 401
f 4364 401 2072
f 56 1625 4363
f 56 4363 1547
f 1547 4363 1626
f 1547 1626 55
f 4365 4232 58
f 4365 58 1627
f 4239 4365 1627
f 4239 1627 104
f 103 2273 4364
f 103 4364 2132
f 2132 4364 2072
f 2132 2072 344
f 4366 1549 57
f 4366 57 1628
f 1660 4366 1628
f 1660 1628 105
f 1489 4 4232
f 1489 4232 4365
f 9 1489 4365
f 9 4365 4239
f 4367 1548 56
f 4367 56 1629
f 1659 4367 1629
f 1659 1629 106
f 1627 58 1549
f 1627 1549 4366
f 104 1627 4366
f 104 4366 1660
f 4368 1547 55
f 4368 55 1630
f 1658 4368 1630
f 1658 1630 107
f 1628 57 1548
f 1628 1548 4367
f 105 1628 4367
f 105 4367 1659
f 4369 2275 429
f 4369 429 2270
f 2274 4369 2270
f 2274 2270 427
f 1629 56 1547
f 1629 1547 4368
f 106 1629 4368
f 106 4368 1658
f 4370 4231 54
f 4370 54 1631
f 4230 4370 1631
f 4230 1631 49
f 1626 59 2275
f 1626 2275 4369
f 55 1626 4369
f 55 4369 2274
f 4371 1546 53
f 4371 53 1632
f 1541 4371 1632
f 1541 1632 48
f 1486 5 4231
f 1486 4231 4370
f 6 1486 4370
f 6 4370 4230
f 4372 1545 52
f 4372 52 1633
f 1540 4372 1633
f 1540 1633 47
f 1631 54 1546
f 1631 1546 4371
f 49 1631 4371
f 49 4371 1541
f 4373 1544 51
f 4373 51 1634
f 1539 4373 1634
f 1539 1634 46
f 1632 53 1545
f 1632 1545 4372
f 48 1632 4372
f 48 4372 1540
f 4374 1543 50
f 4374 50 1635
f 1538 4374 1635
f 1538 1635 45
f 1633 52 1544
f 1633 1544 4373
f 47 1633 4373
f 47 4373 1539
f 4375 4230 49
f 4375 49 1636
f 4229 4375 1636
f 4229 1636 44
f 1634 51 1543
f 1634 1543 4374
f 46 1634 4374
f 46 4374 1538
f 4376 1541 48
f 4376 48 1637
f 1536 4376 1637
f 1536 1637 43
f 1487 6 4230
f 1487 4230 4375
f 7 1487 4375
f 7 4375 4229
f 4377 1540 47
f 4377 47 1638
f 1535 4377 1638
f 1535 1638 42
f 1636 49 1541
f 1636 1541 4376
f 44 1636 4376
f 44 4376 1536
f 4378 1539 46
f 4378 46 1639
f 1534 4378 1639
f 1534 1639 41
f 1637 48 1540
f 1637 1540 4377
f 43 1637 4377
f 43 4377 1535
f 4379 1538 45
f 4379 45 1640
f 1533 4379 1640
f 1533 1640 40
f 1638 47 1539
f 1638 1539 4378
f 42 1638 4378
f 42 4378 1534
f 4380 4229 44
f 4380 44 1641
f 4228 4380 1641
f 4228 1641 39
f 1639 46 1538
f 1639 1538 4379
f 41 1639 4379
f 41 4379 1533
f 4381 1536 43
f 4381 43 1642
f 1531 4381 1642
f 1531 1642 38
f 1488 7 4229
f 1488 4229 4380
f 8 1488 4380
f 8 4380 4228
f 4382 1535 42
f 4382 42 1643
f 1530 4382 1643
f 1530 1643 37
f 1641 44 1536
f 1641 1536 4381
f 39 1641 4381
f 39 4381 1531
f 4383 1534 41
f 4383 41 1644
f 1529 4383 1644
f 1529 1644 36
f 1642 43 1535
f 1642 1535 4382
f 38 1642 4382
f 38 4382 1530
f 4384 1533 40
f 4384 40 1645
f 1528 4384 1645
f 1528 1645 35
f 1643 42 1534
f 1643 1534 4383
f 37 1643 4383
f 37 4383 1529
f 4385 4228 39
f 4385 39 1646
f 4241 4385 1646
f 4241 1646 110
f 1644 41 1533
f 1644 1533 4384
f 36 1644 4384
f 36 4384 1528
f 4386 1531 38
f 4386 38 1647
f 1671 4386 1647
f 1671 1647 111
f 1497 8 4228
f 1497 4228 4385
f 11 1497 4385
f 11 4385 4241
f 4387 1530 37
f 4387 37 1648
f 1670 4387 1648
f 1670 1648 112
f 1646 39 1531
f 1646 1531 4386
f 110 1646 4386
f 110 4386 1671
f 4388 1529 36
f 4388 36 1649
f 1669 4388 1649
f 1669 1649 113
f 1647 38 1530
f 1647 1530 4387
f 111 1647 4387
f 111 4387 1670
f 4389 1528 35
f 4389 35 1650
f 1668 4389 1650
f 1668 1650 114
f 1648 37 1529
f 1648 1529 4388
f 112 1648 4388
f 112 4388 1669
f 4390 2481 497
f 4390 497 2363
f 2480 4390 2363
f 2480 2363 500
f 1649 36 1528
f 1649 1528 4389
f 113 1649 4389
f 113 4389 1668
f 4391 2329 467
f 4391 467 2415
f 2353 4391 2415
f 2353 2415 488
f 2440 548 2481
f 2440 2481 4390
f 551 2440 4390
f 551 4390 2480
f 4392 2352 485
f 4392 485 2470
f 2432 4392 2470
f 2432 2470 542
f 2416 468 2329
f 2416 2329 4391
f 493 2416 4391
f 493 4391 2353
f 4393 2339 473
f 4393 473 2422
f 2404 4393 2422
f 2404 2422 512
f 2476 489 2352
f 2476 2352 4392
f 544 2476 4392
f 544 4392 2432
f 4394 1657 108
f 4394 108 1656
f 1543 4394 1656
f 1543 1656 50
f 2424 478 2339
f 2424 2339 4393
f 533 2424 4393
f 533 4393 2404
f 4395 1658 107
f 4395 107 1655
f 1544 4395 1655
f 1544 1655 51
f 1655 107 1657
f 1655 1657 4394
f 51 1655 4394
f 51 4394 1543
f 4396 1659 106
f 4396 106 1654
f 1545 4396 1654
f 1545 1654 52
f 1654 106 1658
f 1654 1658 4395
f 52 1654 4395
f 52 4395 1544
f 1653 105 1659
f 1653 1659 4396
f 714 2802 5562
f 714 5562 2776
f 2802 1464 2792
f 2802 2792 5562
f 53 1653 4396
f 53 4396 1545
f 54 1652 4397
f 54 4397 1546
f 1652 104 1660
f 1652 1660 4397
f 4397 1660 105
f 4397 105 1653
f 1546 4397 1653
f 1546 1653 53
f 4213 2774 716
f 4213 716 1476
f 5 1485 4398
f 5 4398 4231
f 1485 9 4239
f 1485 4239 4398
f 4398 4239 104
f 4398 104 1652
f 4231 4398 1652
f 4231 1652 54
f 50 1656 4399
f 50 4399 1542
f 1656 108 1661
f 1656 1661 4399
f 5818 5753 103
f 5818 103 1651
f 5752 5818 1651
f 5752 1651 29
f 33 1666 4400
f 33 4400 1526
f 1666 113 1668
f 1666 1668 4400
f 4400 1668 114
f 4400 114 1667
f 1526 4400 1667
f 1526 1667 34
f 32 1665 4401
f 32 4401 1525
f 1665 112 1669
f 1665 1669 4401
f 31 1664 4402
f 31 4402 1524
f 717 2804 5563
f 717 5563 2769
f 2804 1467 2785
f 2804 2785 5563
f 1664 111 1670
f 1664 1670 4402
f 30 1663 4403
f 30 4403 1523
f 1663 110 1671
f 1663 1671 4403
f 1525 4401 1666
f 1525 1666 33
f 4401 1669 113
f 4401 113 1666
f 4403 1671 111
f 4403 111 1664
f 1523 4403 1664
f 1523 1664 31
f 1524 4402 1665
f 1524 1665 32
f 4402 1670 112
f 4402 112 1665
f 4404 4241 110
f 4404 110 1663
f 4238 4404 1663
f 4238 1663 30
f 5819 5754 109
f 5819 109 1662
f 5748 5819 1662
f 5748 1662 25
f 1496 11 4241
f 1496 4241 4404
f 10 1496 4404
f 10 4404 4238
f 4406 2279 368
f 4406 368 2105
f 2277 4406 2105
f 2277 2105 347
f 1667 114 1672
f 1667 1672 4405
f 34 1667 4405
f 34 4405 1518
f 4407 1677 118
f 4407 118 1676
f 1550 4407 1676
f 1550 1676 59
f 2271 451 2279
f 2271 2279 4406
f 428 2271 4406
f 428 4406 2277
f 4408 1678 117
f 4408 117 1675
f 1551 4408 1675
f 1551 1675 60
f 1675 117 1677
f 1675 1677 4407
f 60 1675 4407
f 60 4407 1550
f 4409 1679 116
f 4409 116 1674
f 1552 4409 1674
f 1552 1674 61
f 1674 116 1678
f 1674 1678 4408
f 61 1674 4408
f 61 4408 1551
f 4410 4288 115
f 4410 115 1673
f 4233 4410 1673
f 4233 1673 62
f 1673 115 1679
f 1673 1679 4409
f 62 1673 4409
f 62 4409 1552
f 4411 1785 168
f 4411 168 1787
f 1750 4411 1787
f 1750 1787 124
f 1505 22 4288
f 1505 4288 4410
f 3 1505 4410
f 3 4410 4233
f 4412 1771 179
f 4412 179 1790
f 1720 4412 1790
f 1720 1790 155
f 1786 173 1785
f 1786 1785 4411
f 125 1786 4411
f 125 4411 1750
f 4413 1775 175
f 4413 175 1788
f 1726 4413 1788
f 1726 1788 137
f 1789 170 1771
f 1789 1771 4412
f 136 1789 4412
f 136 4412 1720
f 4414 2060 334
f 4414 334 2144
f 2130 4414 2144
f 2130 2144 386
f 1792 172 1775
f 1792 1775 4413
f 148 1792 4413
f 148 4413 1726
f 4415 1780 172
f 4415 172 1792
f 1738 4415 1792
f 1738 1792 148
f 2140 308 2060
f 2140 2060 4414
f 371 2140 4414
f 371 4414 2130
f 4416 1782 170
f 4416 170 1789
f 1744 4416 1789
f 1744 1789 136
f 1791 177 1780
f 1791 1780 4415
f 149 1791 4415
f 149 4415 1738
f 4417 1763 188
f 4417 188 1776
f 1784 4417 1776
f 1784 1776 174
f 1788 175 1782
f 1788 1782 4416
f 137 1788 4416
f 137 4416 1744
f 4418 2110 382
f 4418 382 2152
f 1988 4418 2152
f 1988 2152 325
f 1783 190 1763
f 1783 1763 4417
f 167 1783 4417
f 167 4417 1784
f 4419 1984 312
f 4419 312 2149
f 2122 4419 2149
f 2122 2149 378
f 2151 385 2110
f 2151 2110 4418
f 324 2151 4418
f 324 4418 1988
f 4420 2757 709
f 4420 709 2716
f 2761 4420 2716
f 2761 2716 700
f 2135 313 1984
f 2135 1984 4419
f 381 2135 4419
f 381 4419 2122
f 4421 2747 707
f 4421 707 2724
f 2762 4421 2724
f 2762 2724 704
f 2009 399 2757
f 2009 2757 4420
f 312 2009 4420
f 312 4420 2761
f 4422 2677 677
f 4422 677 2636
f 2681 4422 2636
f 2681 2636 668
f 2120 377 2747
f 2120 2747 4421
f 376 2120 4421
f 376 4421 2762
f 4423 2667 675
f 4423 675 2644
f 2682 4423 2644
f 2682 2644 672
f 2010 393 2677
f 2010 2677 4422
f 311 2010 4422
f 311 4422 2681
f 4424 2143 177
f 4424 177 1791
f 2142 4424 1791
f 2142 1791 149
f 2118 375 2667
f 2118 2667 4423
f 374 2118 4423
f 374 4423 2682
f 4425 1715 160
f 4425 160 1686
f 1520 4425 1686
f 1520 1686 26
f 2131 387 2143
f 2131 2143 4424
f 370 2131 4424
f 370 4424 2142
f 4426 1716 159
f 4426 159 1713
f 1715 4426 1713
f 1715 1713 160
f 1695 131 1715
f 1695 1715 4425
f 27 1695 4425
f 27 4425 1520
f 4427 1741 133
f 4427 133 2742
f 2697 4427 2742
f 2697 2742 682
f 1696 132 1716
f 1696 1716 4426
f 131 1696 4426
f 131 4426 1715
f 4428 1723 140
f 4428 140 2741
f 2688 4428 2741
f 2688 2741 685
f 2741 140 1741
f 2741 1741 4427
f 685 2741 4427
f 685 4427 2697
f 4429 1742 134
f 4429 134 2662
f 2617 4429 2662
f 2617 2662 650
f 2743 145 1723
f 2743 1723 4428
f 686 2743 4428
f 686 4428 2688
f 4430 1724 139
f 4430 139 2661
f 2608 4430 2661
f 2608 2661 653
f 2661 139 1742
f 2661 1742 4429
f 653 2661 4429
f 653 4429 2617
f 4431 1719 156
f 4431 156 1712
f 1718 4431 1712
f 1718 1712 157
f 2663 146 1724
f 2663 1724 4430
f 654 2663 4430
f 654 4430 2608
f 4432 1720 155
f 4432 155 1711
f 1719 4432 1711
f 1719 1711 156
f 1697 135 1719
f 1697 1719 4431
f 134 1697 4431
f 134 4431 1718
f 4433 1721 142
f 4433 142 1683
f 1522 4433 1683
f 1522 1683 28
f 1698 136 1720
f 1698 1720 4432
f 135 1698 4432
f 135 4432 1719
f 4434 1722 141
f 4434 141 1702
f 1721 4434 1702
f 1721 1702 142
f 1703 143 1721
f 1703 1721 4433
f 29 1703 4433
f 29 4433 1522
f 4435 2696 687
f 4435 687 2744
f 1734 4435 2744
f 1734 2744 144
f 1704 144 1722
f 1704 1722 4434
f 143 1704 4434
f 143 4434 1721
f 4436 2690 684
f 4436 684 2739
f 1722 4436 2739
f 1722 2739 141
f 2745 689 2696
f 2745 2696 4435
f 153 2745 4435
f 153 4435 1734
f 4437 2616 655
f 4437 655 2664
f 1735 4437 2664
f 1735 2664 145
f 2744 687 2690
f 2744 2690 4436
f 144 2744 4436
f 144 4436 1722
f 4438 2610 652
f 4438 652 2659
f 1723 4438 2659
f 1723 2659 140
f 2665 657 2616
f 2665 2616 4437
f 152 2665 4437
f 152 4437 1735
f 4439 1725 138
f 4439 138 1701
f 1724 4439 1701
f 1724 1701 139
f 2664 655 2610
f 2664 2610 4438
f 145 2664 4438
f 145 4438 1723
f 4440 1726 137
f 4440 137 1700
f 1725 4440 1700
f 1725 1700 138
f 1705 147 1725
f 1705 1725 4439
f 146 1705 4439
f 146 4439 1724
f 4441 1727 130
f 4441 130 1681
f 1519 4441 1681
f 1519 1681 109
f 1706 148 1726
f 1706 1726 4440
f 147 1706 4440
f 147 4440 1725
f 4442 1728 129
f 4442 129 1694
f 1727 4442 1694
f 1727 1694 130
f 1686 160 1727
f 1686 1727 4441
f 26 1686 4441
f 26 4441 1519
f 4443 2698 683
f 4443 683 2740
f 1740 4443 2740
f 1740 2740 132
f 1713 159 1728
f 1713 1728 4442
f 160 1713 4442
f 160 4442 1727
f 4444 2693 680
f 4444 680 2735
f 1728 4444 2735
f 1728 2735 129
f 2739 684 2698
f 2739 2698 4443
f 141 2739 4443
f 141 4443 1740
f 4445 2618 651
f 4445 651 2660
f 1741 4445 2660
f 1741 2660 133
f 2738 690 2693
f 2738 2693 4444
f 159 2738 4444
f 159 4444 1728
f 4446 2613 648
f 4446 648 2655
f 1729 4446 2655
f 1729 2655 128
f 2659 652 2618
f 2659 2618 4445
f 140 2659 4445
f 140 4445 1741
f 4447 1731 126
f 4447 126 1693
f 1730 4447 1693
f 1730 1693 127
f 2658 658 2613
f 2658 2613 4446
f 158 2658 4446
f 158 4446 1729
f 4448 1732 125
f 4448 125 1692
f 1731 4448 1692
f 1731 1692 126
f 1712 156 1731
f 1712 1731 4447
f 157 1712 4447
f 157 4447 1730
f 4449 1733 143
f 4449 143 1703
f 1651 4449 1703
f 1651 1703 29
f 1711 155 1732
f 1711 1732 4448
f 156 1711 4448
f 156 4448 1731
f 4450 1734 144
f 4450 144 1704
f 1733 4450 1704
f 1733 1704 143
f 1685 154 1733
f 1685 1733 4449
f 103 1685 4449
f 103 4449 1651
f 4451 1735 145
f 4451 145 2743
f 2694 4451 2743
f 2694 2743 686
f 1710 153 1734
f 1710 1734 4450
f 154 1710 4450
f 154 4450 1733
f 4452 2148 152
f 4452 152 2746
f 2728 4452 2746
f 2728 2746 688
f 2746 152 1735
f 2746 1735 4451
f 688 2746 4451
f 688 4451 2694
f 4453 1736 146
f 4453 146 2663
f 2614 4453 2663
f 2614 2663 654
f 2747 377 2148
f 2747 2148 4452
f 707 2747 4452
f 707 4452 2728
f 4454 2146 151
f 4454 151 2666
f 2648 4454 2666
f 2648 2666 656
f 2666 151 1736
f 2666 1736 4453
f 656 2666 4453
f 656 4453 2614
f 4455 1737 147
f 4455 147 1705
f 1736 4455 1705
f 1736 1705 146
f 2667 375 2146
f 2667 2146 4454
f 675 2667 4454
f 675 4454 2648
f 4456 1738 148
f 4456 148 1706
f 1737 4456 1706
f 1737 1706 147
f 1709 150 1737
f 1709 1737 4455
f 151 1709 4455
f 151 4455 1736
f 4457 1739 131
f 4457 131 1695
f 1521 4457 1695
f 1521 1695 27
f 1708 149 1738
f 1708 1738 4456
f 150 1708 4456
f 150 4456 1737
f 4458 1740 132
f 4458 132 1696
f 1739 4458 1696
f 1739 1696 131
f 1683 142 1739
f 1683 1739 4457
f 28 1683 4457
f 28 4457 1521
f 132 2740 4459
f 132 4459 1716
f 2740 683 2686
f 2740 2686 4459
f 1702 141 1740
f 1702 1740 4458
f 142 1702 4458
f 142 4458 1739
f 2742 133 1717
f 2742 1717 4460
f 4460 1717 158
f 4460 158 2737
f 4459 2686 690
f 4459 690 2738
f 1716 4459 2738
f 1716 2738 159
f 4461 2606 658
f 4461 658 2658
f 1717 4461 2658
f 1717 2658 158
f 682 2742 4460
f 682 4460 2684
f 2684 4460 2737
f 2684 2737 691
f 4462 1718 157
f 4462 157 2657
f 2604 4462 2657
f 2604 2657 659
f 2660 651 2606
f 2660 2606 4461
f 133 2660 4461
f 133 4461 1717
f 4463 1743 135
f 4463 135 1697
f 139 1701 4463
f 139 4463 1742
f 2662 134 1718
f 2662 1718 4462
f 650 2662 4462
f 650 4462 2604
f 4464 1744 136
f 4464 136 1698
f 138 1700 4464
f 138 4464 1743
f 1742 4463 1697
f 1742 1697 134
f 1701 138 1743
f 1701 1743 4463
f 4465 1745 119
f 4465 119 1687
f 109 1681 4465
f 109 4465 1662
f 1743 4464 1698
f 1743 1698 135
f 1700 137 1744
f 1700 1744 4464
f 4466 1746 120
f 4466 120 1688
f 130 1694 4466
f 130 4466 1745
f 1662 4465 1687
f 1662 1687 25
f 1681 130 1745
f 1681 1745 4465
f 4467 2734 121
f 4467 121 2055
f 693 2704 4467
f 693 4467 2736
f 1745 4466 1688
f 1745 1688 119
f 1694 129 1746
f 1694 1746 4466
f 4468 2701 678
f 4468 678 2732
f 129 2735 4468
f 129 4468 1746
f 2736 4467 2055
f 2736 2055 287
f 2704 679 2734
f 2704 2734 4467
f 4469 2654 122
f 4469 122 1964
f 661 2624 4469
f 661 4469 2656
f 1746 4468 2732
f 1746 2732 120
f 2735 680 2701
f 2735 2701 4468
f 4470 2621 646
f 4470 646 2652
f 128 2655 4470
f 128 4470 1747
f 2656 4469 1964
f 2656 1964 286
f 2624 647 2654
f 2624 2654 4469
f 4471 1749 123
f 4471 123 1689
f 127 1693 4471
f 127 4471 1748
f 1747 4470 2652
f 1747 2652 121
f 2655 648 2621
f 2655 2621 4470
f 4472 1750 124
f 4472 124 1690
f 126 1692 4472
f 126 4472 1749
f 1748 4471 1689
f 1748 1689 122
f 1693 126 1749
f 1693 1749 4471
f 4473 2602 645
f 4473 645 2572
f 389 2138 4473
f 389 4473 2595
f 1749 4472 1690
f 1749 1690 123
f 1692 125 1750
f 1692 1750 4472
f 4474 2580 635
f 4474 635 2589
f 171 2588 4474
f 171 4474 1773
f 2595 4473 2572
f 2595 2572 638
f 2138 335 2602
f 2138 2602 4473
f 4475 1778 173
f 4475 173 1786
f 155 1790 4475
f 155 4475 1732
f 1773 4474 2589
f 1773 2589 176
f 2588 639 2580
f 2588 2580 4474
f 4476 2586 630
f 4476 630 2591
f 180 2590 4476
f 180 4476 1777
f 1732 4475 1786
f 1732 1786 125
f 1790 179 1778
f 1790 1778 4475
f 4477 2578 639
f 4477 639 2588
f 178 2601 4477
f 178 4477 1779
f 1777 4476 2591
f 1777 2591 174
f 2590 631 2586
f 2590 2586 4476
f 4478 2583 632
f 4478 632 2592
f 176 2589 4478
f 176 4478 1781
f 1779 4477 2588
f 1779 2588 171
f 2601 641 2578
f 2601 2578 4477
f 4479 2585 631
f 4479 631 2590
f 169 2592 4479
f 169 4479 1769
f 1781 4478 2592
f 1781 2592 169
f 2589 635 2583
f 2589 2583 4478
f 4480 2153 383
f 4480 383 2112
f 165 1714 4480
f 165 4480 2154
f 1769 4479 2590
f 1769 2590 180
f 2592 632 2585
f 2592 2585 4479
f 4481 1771 170
f 4481 170 1770
f 164 1758 4481
f 164 4481 1797
f 2154 4480 2112
f 2154 2112 384
f 1714 166 2153
f 1714 2153 4480
f 4482 1775 172
f 4482 172 1774
f 183 1699 4482
f 183 4482 1795
f 1797 4481 1770
f 1797 1770 161
f 1758 179 1771
f 1758 1771 4481
f 4483 1778 179
f 4483 179 1758
f 187 1762 4483
f 187 4483 1793
f 1795 4482 1774
f 1795 1774 186
f 1699 175 1775
f 1699 1775 4482
f 4484 1780 177
f 4484 177 1757
f 186 1774 4484
f 186 4484 1751
f 1793 4483 1758
f 1793 1758 164
f 1762 173 1778
f 1762 1778 4483
f 4485 1782 175
f 4485 175 1699
f 161 1770 4485
f 161 4485 1682
f 1751 4484 1757
f 1751 1757 166
f 1774 172 1780
f 1774 1780 4484
f 4486 1785 173
f 4486 173 1762
f 189 1753 4486
f 189 4486 1759
f 1682 4485 1699
f 1682 1699 183
f 1770 170 1782
f 1770 1782 4485
f 4487 2575 643
f 4487 643 2587
f 174 2591 4487
f 174 4487 1784
f 1759 4486 1762
f 1759 1762 187
f 1753 168 1785
f 1753 1785 4486
f 4488 1759 187
f 4488 187 1760
f 190 1684 4488
f 190 4488 1763
f 1784 4487 2587
f 1784 2587 167
f 2591 630 2575
f 2591 2575 4487
f 4489 1752 184
f 4489 184 1772
f 169 1707 4489
f 169 4489 1781
f 1763 4488 1760
f 1763 1760 188
f 1684 189 1759
f 1684 1759 4488
f 4490 1682 183
f 4490 183 1761
f 162 1755 4490
f 162 4490 1752
f 1781 4489 1772
f 1781 1772 176
f 1707 162 1752
f 1707 1752 4489
f 4491 1764 165
f 4491 165 1765
f 171 1754 4491
f 171 4491 1779
f 1752 4490 1761
f 1752 1761 184
f 1755 161 1682
f 1755 1682 4490
f 4492 1751 166
f 4492 166 1714
f 185 1691 4492
f 185 4492 1764
f 1779 4491 1765
f 1779 1765 178
f 1754 185 1764
f 1754 1764 4491
f 4493 1680 163
f 4493 163 1768
f 174 1776 4493
f 174 4493 1777
f 1764 4492 1714
f 1764 1714 165
f 1691 186 1751
f 1691 1751 4492
f 4494 1793 164
f 4494 164 1756
f 188 1760 4494
f 188 4494 1680
f 1777 4493 1768
f 1777 1768 180
f 1776 188 1680
f 1776 1680 4493
f 4495 1794 185
f 4495 185 1754
f 176 1772 4495
f 176 4495 1773
f 1680 4494 1756
f 1680 1756 163
f 1760 187 1793
f 1760 1793 4494
f 1772 184 1794
f 1772 1794 4495
f 1773 4495 1754
f 1773 1754 171
f 5563 2785 1471
f 5563 1471 2803
f 2769 5563 2803
f 2769 2803 1455
f 4496 1795 186
f 4496 186 1691
f 184 1761 4496
f 184 4496 1794
f 5564 2793 1461
f 5564 1461 2805
f 2777 5564 2805
f 2777 2805 711
f 1761 183 1795
f 1761 1795 4496
f 1794 4496 1691
f 1794 1691 185
f 5565 2786 1469
f 5565 1469 2806
f 2770 5565 2806
f 2770 2806 1452
f 4497 1796 162
f 4497 162 1707
f 180 1768 4497
f 180 4497 1769
f 5566 2779 1475
f 5566 1475 2807
f 2763 5566 2807
f 2763 2807 1459
f 163 1756 4498
f 163 4498 1796
f 1769 4497 1707
f 1769 1707 169
f 1768 163 1796
f 1768 1796 4497
f 1756 164 1797
f 1756 1797 4498
f 5567 2794 1460
f 5567 1460 2796
f 2778 5567 2796
f 2778 2796 710
f 4498 1797 161
f 4498 161 1755
f 1796 4498 1755
f 1796 1755 162
f 325 2152 4499
f 325 4499 2030
f 2152 382 2127
f 2152 2127 4499
f 4499 2127 386
f 4499 386 2144
f 2030 4499 2144
f 2030 2144 334
f 5760 274 1798
f 5760 1798 5820
f 5820 1798 191
f 5820 191 5755
f 279 1949 4500
f 279 4500 1928
f 1928 4500 1803
f 1928 1803 197
f 197 1803 4501
f 197 4501 1923
f 5755 191 1799
f 5755 1799 5821
f 1923 4501 1808
f 1923 1808 202
f 202 1808 4502
f 202 4502 1918
f 5821 1799 192
f 5821 192 5756
f 5756 192 1800
f 5756 1800 5823
f 1918 4502 1813
f 1918 1813 207
f 207 1813 4503
f 207 4503 1913
f 5823 1800 193
f 5823 193 5757
f 5757 193 1801
f 5757 1801 5824
f 1913 4503 1818
f 1913 1818 212
f 118 1622 4504
f 118 4504 2278
f 5824 1801 194
f 5824 194 5758
f 1622 63 2280
f 1622 2280 4504
f 2278 4504 2267
f 2278 2267 450
f 273 1939 4505
f 273 4505 1908
f 4504 2280 430
f 4504 430 2267
f 5759 266 2326
f 5759 2326 5829
f 1908 4505 2136
f 1908 2136 217
f 67 1614 4506
f 67 4506 2281
f 5829 2326 452
f 5829 452 5761
f 1614 71 2284
f 1614 2284 4506
f 2281 4506 2261
f 2281 2261 432
f 234 2220 4507
f 234 4507 1887
f 4506 2284 434
f 4506 434 2261
f 2220 409 2197
f 2220 2197 4507
f 1887 4507 2222
f 1887 2222 238
f 71 1610 4508
f 71 4508 2284
f 4507 2197 411
f 4507 411 2222
f 1610 75 2286
f 1610 2286 4508
f 2284 4508 2258
f 2284 2258 434
f 75 1606 4509
f 75 4509 2286
f 4508 2286 436
f 4508 436 2258
f 1606 79 2288
f 1606 2288 4509
f 2286 4509 2255
f 2286 2255 436
f 79 1602 4510
f 79 4510 2288
f 4509 2288 438
f 4509 438 2255
f 1602 83 2290
f 1602 2290 4510
f 2288 4510 2252
f 2288 2252 438
f 83 1598 4511
f 83 4511 2290
f 4510 2290 440
f 4510 440 2252
f 1598 87 2292
f 1598 2292 4511
f 2290 4511 2249
f 2290 2249 440
f 87 1594 4512
f 87 4512 2292
f 4511 2292 442
f 4511 442 2249
f 1594 91 2294
f 1594 2294 4512
f 2292 4512 2246
f 2292 2246 442
f 91 1590 4513
f 91 4513 2294
f 4512 2294 444
f 4512 444 2246
f 1590 95 2296
f 1590 2296 4513
f 2294 4513 2243
f 2294 2243 444
f 95 1586 4514
f 95 4514 2296
f 4513 2296 446
f 4513 446 2243
f 1586 99 2298
f 1586 2298 4514
f 2296 4514 2240
f 2296 2240 446
f 541 2471 4515
f 541 4515 2465
f 4514 2298 448
f 4514 448 2240
f 2471 480 2403
f 2471 2403 4515
f 5723 5739 4516
f 5723 4516 4273
f 5739 5717 4253
f 5739 4253 4516
f 2465 4515 2475
f 2465 2475 566
f 4515 2403 529
f 4515 529 2475
f 4273 4516 2489
f 4273 2489 554
f 555 2446 4517
f 555 4517 2488
f 4516 4253 265
f 4516 265 2489
f 2446 553 2486
f 2446 2486 4517
f 2488 4517 2372
f 2488 2372 509
f 262 2234 4518
f 262 4518 2483
f 4517 2486 504
f 4517 504 2372
f 2234 423 2484
f 2234 2484 4518
f 2483 4518 2456
f 2483 2456 549
f 562 2459 4519
f 562 4519 2497
f 4518 2484 561
f 4518 561 2456
f 2459 559 2490
f 2459 2490 4519
f 5718 4254 4520
f 5718 4520 5740
f 2497 4519 2393
f 2497 2393 521
f 4519 2490 516
f 4519 516 2393
f 4254 261 1860
f 4254 1860 4520
f 5740 4520 4253
f 5740 4253 5717
f 261 1856 4521
f 261 4521 1860
f 4520 1860 265
f 4520 265 4253
f 1856 260 1861
f 1856 1861 4521
f 1860 4521 1859
f 1860 1859 265
f 260 1855 4522
f 260 4522 1861
f 4521 1861 264
f 4521 264 1859
f 1855 259 1862
f 1855 1862 4522
f 1861 4522 1858
f 1861 1858 264
f 259 1854 4523
f 259 4523 1862
f 4522 1862 263
f 4522 263 1858
f 1854 258 1863
f 1854 1863 4523
f 1862 4523 1857
f 1862 1857 263
f 420 2233 4524
f 420 4524 2180
f 4523 1863 262
f 4523 262 1857
f 2233 364 2101
f 2233 2101 4524
f 2180 4524 2235
f 2180 2235 422
f 257 1853 4525
f 257 4525 1864
f 4524 2101 366
f 4524 366 2235
f 1853 256 1865
f 1853 1865 4525
f 1864 4525 1856
f 1864 1856 261
f 256 1852 4526
f 256 4526 1865
f 4525 1865 260
f 4525 260 1856
f 1852 255 1866
f 1852 1866 4526
f 1865 4526 1855
f 1865 1855 260
f 255 1851 4527
f 255 4527 1866
f 4526 1866 259
f 4526 259 1855
f 1851 254 1867
f 1851 1867 4527
f 1866 4527 1854
f 1866 1854 259
f 418 2231 4528
f 418 4528 2183
f 4527 1867 258
f 4527 258 1854
f 2231 362 2098
f 2231 2098 4528
f 2183 4528 2233
f 2183 2233 420
f 15 4247 4529
f 15 4529 1491
f 4528 2098 364
f 4528 364 2233
f 4247 253 1868
f 4247 1868 4529
f 253 1850 4530
f 253 4530 1868
f 252 1849 4531
f 252 4531 1869
f 1491 4529 4248
f 1491 4248 16
f 4529 1868 257
f 4529 257 4248
f 1849 251 1870
f 1849 1870 4531
f 251 1848 4532
f 251 4532 1870
f 1868 4530 1853
f 1868 1853 257
f 4530 1869 256
f 4530 256 1853
f 1848 250 1871
f 1848 1871 4532
f 416 2229 4533
f 416 4533 2186
f 1869 4531 1852
f 1869 1852 256
f 4531 1870 255
f 4531 255 1852
f 2229 360 2095
f 2229 2095 4533
f 5691 5719 4255
f 5691 4255 4534
f 1870 4532 1851
f 1870 1851 255
f 4532 1871 254
f 4532 254 1851
f 4534 4255 249
f 4534 249 1872
f 4247 4534 1872
f 4247 1872 253
f 2186 4533 2231
f 2186 2231 418
f 4533 2095 362
f 4533 362 2231
f 1847 248 1873
f 1847 1873 4535
f 1846 247 1874
f 1846 1874 4536
f 4535 1873 252
f 4535 252 1850
f 249 1847 4535
f 249 4535 1872
f 4536 1874 251
f 4536 251 1849
f 1845 246 1875
f 1845 1875 4537
f 248 1846 4536
f 248 4536 1873
f 1872 4535 1850
f 1872 1850 253
f 4537 1875 250
f 4537 250 1848
f 2227 358 2092
f 2227 2092 4538
f 247 1845 4537
f 247 4537 1874
f 1873 4536 1849
f 1873 1849 252
f 4538 2092 360
f 4538 360 2229
f 4256 245 1876
f 4256 1876 4539
f 414 2227 4538
f 414 4538 2189
f 1874 4537 1848
f 1874 1848 251
f 4539 1876 249
f 4539 249 4255
f 1844 244 1877
f 1844 1877 4540
f 5720 4256 4539
f 5720 4539 5741
f 2189 4538 2229
f 2189 2229 416
f 4540 1877 248
f 4540 248 1847
f 1843 243 1878
f 1843 1878 4541
f 245 1844 4540
f 245 4540 1876
f 5741 4539 4255
f 5741 4255 5719
f 4541 1878 247
f 4541 247 1846
f 1842 242 1879
f 1842 1879 4542
f 244 1843 4541
f 244 4541 1877
f 1876 4540 1847
f 1876 1847 249
f 4542 1879 246
f 4542 246 1845
f 2225 356 2089
f 2225 2089 4543
f 243 1842 4542
f 243 4542 1878
f 1877 4541 1846
f 1877 1846 248
f 1841 240 1881
f 1841 1881 4544
f 4543 2089 358
f 4543 358 2227
f 412 2225 4543
f 412 4543 2192
f 1878 4542 1845
f 1878 1845 247
f 4544 1881 244
f 4544 244 1844
f 1840 239 1882
f 1840 1882 4545
f 241 1841 4544
f 241 4544 1880
f 2192 4543 2227
f 2192 2227 414
f 4545 1882 243
f 4545 243 1843
f 1839 238 1883
f 1839 1883 4546
f 240 1840 4545
f 240 4545 1881
f 1880 4544 1844
f 1880 1844 245
f 4546 1883 242
f 4546 242 1842
f 2223 354 2086
f 2223 2086 4547
f 239 1839 4546
f 239 4546 1882
f 1881 4545 1843
f 1881 1843 244
f 4547 2086 356
f 4547 356 2225
f 2195 4547 2225
f 2195 2225 412
f 410 2223 4547
f 410 4547 2195
f 1882 4546 1842
f 1882 1842 243
f 1838 236 1885
f 1838 1885 4548
f 1837 235 1886
f 1837 1886 4549
f 4548 1885 240
f 4548 240 1841
f 237 1838 4548
f 237 4548 1884
f 4549 1886 239
f 4549 239 1840
f 1836 234 1887
f 1836 1887 4550
f 236 1837 4549
f 236 4549 1885
f 1884 4548 1841
f 1884 1841 241
f 4550 1887 238
f 4550 238 1839
f 2221 352 2083
f 2221 2083 4551
f 235 1836 4550
f 235 4550 1886
f 1885 4549 1840
f 1885 1840 240
f 4551 2083 354
f 4551 354 2223
f 4258 233 1888
f 4258 1888 4552
f 408 2221 4551
f 408 4551 2198
f 1886 4550 1839
f 1886 1839 239
f 4552 1888 237
f 4552 237 4257
f 5726 4552 4257
f 5726 4257 268
f 269 4258 4552
f 269 4552 5726
f 2198 4551 2223
f 2198 2223 410
f 1835 232 1889
f 1835 1889 4553
f 1834 231 1890
f 1834 1890 4554
f 4553 1889 236
f 4553 236 1838
f 233 1835 4553
f 233 4553 1888
f 4554 1890 235
f 4554 235 1837
f 1833 230 1891
f 1833 1891 4555
f 232 1834 4554
f 232 4554 1889
f 1888 4553 1838
f 1888 1838 237
f 4555 1891 234
f 4555 234 1836
f 2218 350 2080
f 2218 2080 4556
f 231 1833 4555
f 231 4555 1890
f 1889 4554 1837
f 1889 1837 236
f 4556 2080 352
f 4556 352 2221
f 4259 229 1892
f 4259 1892 4557
f 406 2218 4556
f 406 4556 2201
f 1890 4555 1836
f 1890 1836 235
f 4557 1892 233
f 4557 233 4258
f 269 5742 4557
f 269 4557 4258
f 5721 4259 4557
f 5721 4557 5742
f 2201 4556 2221
f 2201 2221 408
f 1832 228 1893
f 1832 1893 4558
f 1831 227 1894
f 1831 1894 4559
f 4558 1893 232
f 4558 232 1835
f 229 1832 4558
f 229 4558 1892
f 4559 1894 231
f 4559 231 1834
f 1830 226 1895
f 1830 1895 4560
f 228 1831 4559
f 228 4559 1893
f 1892 4558 1835
f 1892 1835 233
f 4560 1895 230
f 4560 230 1833
f 1894 4560 1833
f 1894 1833 231
f 227 1830 4560
f 227 4560 1894
f 1893 4559 1834
f 1893 1834 232
f 2216 348 2077
f 2216 2077 4561
f 2204 4561 2218
f 2204 2218 406
f 4561 2077 350
f 4561 350 2218
f 404 2216 4561
f 404 4561 2204
f 4250 280 1896
f 4250 1896 4562
f 280 1956 4563
f 280 4563 1896
f 4562 1896 229
f 4562 229 4259
f 5716 4250 4562
f 5716 4562 5743
f 281 1955 4564
f 281 4564 1897
f 1896 4563 1832
f 1896 1832 229
f 1956 281 1897
f 1956 1897 4563
f 4563 1897 228
f 4563 228 1832
f 1897 4564 1831
f 1897 1831 228
f 282 1954 4565
f 282 4565 1898
f 1955 282 1898
f 1955 1898 4564
f 4564 1898 227
f 4564 227 1831
f 1898 4565 1830
f 1898 1830 227
f 424 2213 4566
f 424 4566 2207
f 1954 283 1899
f 1954 1899 4565
f 4565 1899 226
f 4565 226 1830
f 4245 221 1900
f 4245 1900 4567
f 4567 1900 225
f 4567 225 4246
f 2213 369 2074
f 2213 2074 4566
f 4566 2074 348
f 4566 348 2216
f 1826 220 1901
f 1826 1901 4568
f 4568 1901 224
f 4568 224 1829
f 2207 4566 2216
f 2207 2216 404
f 5744 4567 4246
f 5744 4246 5715
f 4569 1902 223
f 4569 223 1828
f 1825 219 1902
f 1825 1902 4569
f 221 1826 4568
f 221 4568 1900
f 1900 4568 1829
f 1900 1829 225
f 1824 218 1903
f 1824 1903 4570
f 4570 1903 222
f 4570 222 1827
f 220 1825 4569
f 220 4569 1901
f 1901 4569 1828
f 1901 1828 224
f 2212 346 2104
f 2212 2104 4571
f 4571 2104 369
f 4571 369 2213
f 219 1824 4570
f 219 4570 1902
f 1902 4570 1827
f 1902 1827 223
f 4249 267 1904
f 4249 1904 4572
f 4572 1904 221
f 4572 221 4245
f 403 2212 4571
f 403 4571 2209
f 2209 4571 2213
f 2209 2213 424
f 1938 270 1905
f 1938 1905 4573
f 4573 1905 220
f 4573 220 1826
f 17 4249 4572
f 17 4572 1492
f 1492 4572 4245
f 1492 4245 14
f 4574 1906 219
f 4574 219 1825
f 1937 271 1906
f 1937 1906 4574
f 267 1938 4573
f 267 4573 1904
f 1904 4573 1826
f 1904 1826 221
f 1936 272 1907
f 1936 1907 4575
f 4575 1907 218
f 4575 218 1824
f 270 1937 4574
f 270 4574 1905
f 1905 4574 1825
f 1905 1825 220
f 1935 273 1908
f 1935 1908 4576
f 4576 1908 217
f 4576 217 1823
f 271 1936 4575
f 271 4575 1906
f 1906 4575 1824
f 1906 1824 219
f 4243 211 1909
f 4243 1909 4577
f 4577 1909 216
f 4577 216 4244
f 272 1935 4576
f 272 4576 1907
f 1907 4576 1823
f 1907 1823 218
f 1817 210 1910
f 1817 1910 4578
f 4578 1910 215
f 4578 215 1822
f 12 4243 4577
f 12 4577 1494
f 1494 4577 4244
f 1494 4244 13
f 1816 209 1911
f 1816 1911 4579
f 4579 1911 214
f 4579 214 1821
f 211 1817 4578
f 211 4578 1909
f 1909 4578 1822
f 1909 1822 216
f 1815 208 1912
f 1815 1912 4580
f 4580 1912 213
f 4580 213 1820
f 210 1816 4579
f 210 4579 1910
f 1910 4579 1821
f 1910 1821 215
f 1814 207 1913
f 1814 1913 4581
f 4581 1913 212
f 4581 212 1819
f 209 1815 4580
f 209 4580 1911
f 1911 4580 1820
f 1911 1820 214
f 4242 206 1914
f 4242 1914 4582
f 4582 1914 211
f 4582 211 4243
f 208 1814 4581
f 208 4581 1912
f 1912 4581 1819
f 1912 1819 213
f 206 1812 4583
f 206 4583 1914
f 4583 1915 210
f 4583 210 1817
f 5690 4242 4582
f 5690 4582 1495
f 1495 4582 4243
f 1495 4243 12
f 1811 204 1916
f 1811 1916 4584
f 4584 1916 209
f 4584 209 1816
f 1812 205 1915
f 1812 1915 4583
f 1914 4583 1817
f 1914 1817 211
f 1810 203 1917
f 1810 1917 4585
f 4585 1917 208
f 4585 208 1815
f 205 1811 4584
f 205 4584 1915
f 1915 4584 1816
f 1915 1816 210
f 1809 202 1918
f 1809 1918 4586
f 4586 1918 207
f 4586 207 1814
f 204 1810 4585
f 204 4585 1916
f 1916 4585 1815
f 1916 1815 209
f 5727 5710 4280
f 5727 4280 4587
f 4587 4280 201
f 4587 201 1919
f 203 1809 4586
f 203 4586 1917
f 1917 4586 1814
f 1917 1814 208
f 201 1807 4588
f 201 4588 1919
f 4588 1920 205
f 4588 205 1812
f 5690 5727 4587
f 5690 4587 4242
f 4242 4587 1919
f 4242 1919 206
f 1806 199 1921
f 1806 1921 4589
f 1919 4588 1812
f 1919 1812 206
f 1805 198 1922
f 1805 1922 4590
f 4590 1922 203
f 4590 203 1810
f 200 1806 4589
f 200 4589 1920
f 4589 1921 204
f 4589 204 1811
f 1804 197 1923
f 1804 1923 4591
f 4591 1923 202
f 4591 202 1809
f 199 1805 4590
f 199 4590 1921
f 1921 4590 1810
f 1921 1810 204
f 5728 5692 4251
f 5728 4251 4592
f 4592 4251 275
f 4592 275 1924
f 198 1804 4591
f 198 4591 1922
f 1922 4591 1809
f 1922 1809 203
f 1948 276 1925
f 1948 1925 4593
f 4593 1925 200
f 4593 200 1807
f 5710 5728 4592
f 5710 4592 4280
f 4280 4592 1924
f 4280 1924 201
f 1947 277 1926
f 1947 1926 4594
f 4594 1926 199
f 4594 199 1806
f 275 1948 4593
f 275 4593 1924
f 1924 4593 1807
f 1924 1807 201
f 1946 278 1927
f 1946 1927 4595
f 4595 1927 198
f 4595 198 1805
f 276 1947 4594
f 276 4594 1925
f 1925 4594 1806
f 1925 1806 200
f 1945 279 1928
f 1945 1928 4596
f 4596 1928 197
f 4596 197 1804
f 277 1946 4595
f 277 4595 1926
f 1926 4595 1805
f 1926 1805 199
f 4597 4261 5694
f 4597 5694 5729
f 2421 472 4261
f 2421 4261 4597
f 278 1945 4596
f 278 4596 1927
f 1927 4596 1804
f 1927 1804 198
f 4267 4597 5729
f 4267 5729 5700
f 508 2421 4597
f 508 4597 4267
f 5568 2787 1470
f 5568 1470 2800
f 2771 5568 2800
f 2771 2800 1453
f 4598 2332 472
f 4598 472 2421
f 505 2420 4598
f 505 4598 2369
f 2369 4598 2421
f 2369 2421 508
f 2420 471 2332
f 2420 2332 4598
f 4599 2480 500
f 4599 500 2368
f 553 2443 4599
f 553 4599 2486
f 2486 4599 2368
f 2486 2368 504
f 2443 551 2480
f 2443 2480 4599
f 4600 2336 475
f 4600 475 2425
f 517 2423 4600
f 517 4600 2390
f 2390 4600 2425
f 2390 2425 520
f 2423 474 2336
f 2423 2336 4600
f 4601 1934 273
f 4601 273 1935
f 213 1819 4601
f 213 4601 1933
f 1933 4601 1935
f 1933 1935 272
f 1819 212 1934
f 1819 1934 4601
f 214 1820 4602
f 214 4602 1932
f 1820 213 1933
f 1820 1933 4602
f 1932 4602 1936
f 1932 1936 271
f 215 1821 4603
f 215 4603 1931
f 5569 2780 1468
f 5569 1468 2810
f 2764 5569 2810
f 2764 2810 718
f 1931 4603 1937
f 1931 1937 270
f 216 1822 4604
f 216 4604 1930
f 4602 1933 272
f 4602 272 1936
f 1821 214 1932
f 1821 1932 4603
f 1930 4604 1938
f 1930 1938 267
f 13 4244 4605
f 13 4605 1493
f 4603 1932 271
f 4603 271 1937
f 1822 215 1931
f 1822 1931 4604
f 1493 4605 4249
f 1493 4249 17
f 212 1818 4606
f 212 4606 1934
f 4604 1931 270
f 4604 270 1938
f 4244 216 1930
f 4244 1930 4605
f 1934 4606 1939
f 1934 1939 273
f 33 1526 4607
f 33 4607 1944
f 4605 1930 267
f 4605 267 4249
f 5758 194 1929
f 5758 1929 5830
f 1944 4607 1945
f 1944 1945 278
f 2814 2815 1514
f 2814 1514 1513
f 5830 1929 266
f 5830 266 5759
f 1526 34 1940
f 1526 1940 4607
f 1525 33 1944
f 1525 1944 4608
f 4608 1944 278
f 4608 278 1946
f 4607 1940 279
f 4607 279 1945
f 2023 32 1943
f 2023 1943 4609
f 4609 1943 277
f 4609 277 1947
f 32 1525 4608
f 32 4608 1943
f 1943 4608 1946
f 1943 1946 277
f 1802 196 1942
f 1802 1942 4610
f 4610 1942 276
f 4610 276 1948
f 196 2023 4609
f 196 4609 1942
f 1942 4609 1947
f 1942 1947 276
f 4252 195 1941
f 4252 1941 4611
f 4611 1941 275
f 4611 275 4251
f 195 1802 4610
f 195 4610 1941
f 1941 4610 1948
f 1941 1948 275
f 5748 25 2020
f 5748 2020 5831
f 5831 2020 274
f 5831 274 5760
f 5693 4252 4611
f 5693 4611 5730
f 5730 4611 4251
f 5730 4251 5692
f 1823 217 2214
f 1823 2214 4613
f 4613 2214 402
f 4613 402 2210
f 34 1518 4612
f 34 4612 1940
f 1940 4612 1949
f 1940 1949 279
f 1827 222 1953
f 1827 1953 4614
f 4614 1953 283
f 4614 283 1954
f 218 1823 4613
f 218 4613 1903
f 1903 4613 2210
f 1903 2210 222
f 1828 223 1952
f 1828 1952 4615
f 4615 1952 282
f 4615 282 1955
f 223 1827 4614
f 223 4614 1952
f 1952 4614 1954
f 1952 1954 282
f 1829 224 1951
f 1829 1951 4616
f 4616 1951 281
f 4616 281 1956
f 224 1828 4615
f 224 4615 1951
f 1951 4615 1955
f 1951 1955 281
f 2215 405 2203
f 2215 2203 4617
f 4617 2203 407
f 4617 407 2217
f 225 1829 4616
f 225 4616 1950
f 1950 4616 1956
f 1950 1956 280
f 2024 124 1787
f 2024 1787 4618
f 4618 1787 168
f 4618 168 2054
f 226 2215 4617
f 226 4617 1895
f 1895 4617 2217
f 1895 2217 230
f 1995 314 2059
f 1995 2059 4619
f 4619 2059 336
f 4619 336 2041
f 284 2024 4618
f 284 4618 2056
f 2056 4618 2054
f 2056 2054 330
f 2001 296 2057
f 2001 2057 4620
f 4620 2057 332
f 4620 332 2045
f 295 1995 4619
f 295 4619 2058
f 2058 4619 2041
f 2058 2041 327
f 2145 310 1983
f 2145 1983 4621
f 4621 1983 309
f 4621 309 2139
f 307 2001 4620
f 307 4620 2061
f 2061 4620 2045
f 2061 2045 329
f 2013 398 2171
f 2013 2171 4622
f 4622 2171 394
f 4622 394 2159
f 374 2145 4621
f 374 4621 2117
f 2117 4621 2139
f 2117 2139 372
f 2019 295 2058
f 2019 2058 4623
f 4623 2058 327
f 4623 327 2052
f 308 2013 4622
f 308 4622 2060
f 2060 4622 2159
f 2060 2159 334
f 1957 331 2046
f 1957 2046 4624
f 4624 2046 343
f 4624 343 2053
f 296 2019 4623
f 296 4623 2057
f 2057 4623 2052
f 2057 2052 332
f 2174 400 2070
f 2174 2070 4625
f 4625 2070 346
f 4625 346 2212
f 167 1957 4624
f 167 4624 1783
f 1783 4624 2053
f 1783 2053 190
f 2123 379 2150
f 2123 2150 4626
f 4626 2150 153
f 4626 153 1710
f 182 2174 4625
f 182 4625 2176
f 2176 4625 2212
f 2176 2212 403
f 2714 693 2736
f 2714 2736 4627
f 4627 2736 287
f 4627 287 2004
f 380 2123 4626
f 380 4626 2133
f 2133 4626 1710
f 2133 1710 154
f 2748 706 2727
f 2748 2727 4628
f 4628 2727 689
f 4628 689 2745
f 702 2714 4627
f 702 4627 2749
f 2749 4627 2004
f 2749 2004 317
f 2634 661 2656
f 2634 2656 4629
f 4629 2656 286
f 4629 286 2005
f 379 2748 4628
f 379 4628 2150
f 2150 4628 2745
f 2150 2745 153
f 2668 674 2647
f 2668 2647 4630
f 4630 2647 657
f 4630 657 2665
f 670 2634 4629
f 670 4629 2669
f 2669 4629 2005
f 2669 2005 316
f 2119 373 2141
f 2119 2141 4631
f 4631 2141 150
f 4631 150 1709
f 377 2668 4630
f 377 4630 2148
f 2148 4630 2665
f 2148 2665 152
f 2116 370 2142
f 2116 2142 4632
f 4632 2142 149
f 4632 149 1708
f 375 2119 4631
f 375 4631 2146
f 2146 4631 1709
f 2146 1709 151
f 1799 191 1963
f 1799 1963 4633
f 4633 1963 319
f 4633 319 1990
f 373 2116 4632
f 373 4632 2141
f 2141 4632 1708
f 2141 1708 150
f 1990 319 1987
f 1990 1987 4634
f 4634 1987 318
f 4634 318 1991
f 192 1799 4633
f 192 4633 1969
f 1969 4633 1990
f 1969 1990 290
f 2720 695 2753
f 2720 2753 4635
f 4635 2753 292
f 4635 292 2016
f 290 1990 4634
f 290 4634 1970
f 1970 4634 1991
f 1970 1991 291
f 1991 318 2750
f 1991 2750 4636
f 4636 2750 703
f 4636 703 2706
f 696 2720 4635
f 696 4635 2754
f 2754 4635 2016
f 2754 2016 299
f 2640 663 2673
f 2640 2673 4637
f 4637 2673 293
f 4637 293 2017
f 291 1991 4636
f 291 4636 2752
f 2752 4636 2706
f 2752 2706 694
f 1992 317 2670
f 1992 2670 4638
f 4638 2670 671
f 4638 671 2626
f 664 2640 4637
f 664 4637 2674
f 2674 4637 2017
f 2674 2017 298
f 1993 316 1986
f 1993 1986 4639
f 4639 1986 315
f 4639 315 1994
f 292 1992 4638
f 292 4638 2672
f 2672 4638 2626
f 2672 2626 662
f 1994 315 1985
f 1994 1985 4640
f 4640 1985 314
f 4640 314 1995
f 293 1993 4639
f 293 4639 1971
f 1971 4639 1994
f 1971 1994 294
f 1801 193 1961
f 1801 1961 4641
f 4641 1961 301
f 4641 301 1996
f 294 1994 4640
f 294 4640 1972
f 1972 4640 1995
f 1972 1995 295
f 1996 301 1976
f 1996 1976 4642
f 4642 1976 300
f 4642 300 1997
f 194 1801 4641
f 194 4641 1977
f 1977 4641 1996
f 1977 1996 302
f 2164 303 2756
f 2164 2756 4643
f 4643 2756 698
f 4643 698 2729
f 302 1996 4642
f 302 4642 1978
f 1978 4642 1997
f 1978 1997 303
f 1997 300 2751
f 1997 2751 4644
f 4644 2751 697
f 4644 697 2710
f 399 2164 4643
f 399 4643 2757
f 2757 4643 2729
f 2757 2729 709
f 2158 304 2676
f 2158 2676 4645
f 4645 2676 666
f 4645 666 2649
f 303 1997 4644
f 303 4644 2756
f 2756 4644 2710
f 2756 2710 698
f 1998 299 2671
f 1998 2671 4646
f 4646 2671 665
f 4646 665 2630
f 393 2158 4645
f 393 4645 2677
f 2677 4645 2649
f 2677 2649 677
f 1999 298 1975
f 1999 1975 4647
f 4647 1975 297
f 4647 297 2000
f 304 1998 4646
f 304 4646 2676
f 2676 4646 2630
f 2676 2630 666
f 2000 297 1974
f 2000 1974 4648
f 4648 1974 296
f 4648 296 2001
f 305 1999 4647
f 305 4647 1979
f 1979 4647 2000
f 1979 2000 306
f 1798 274 1959
f 1798 1959 4649
f 4649 1959 289
f 4649 289 2002
f 306 2000 4648
f 306 4648 1980
f 1980 4648 2001
f 1980 2001 307
f 2002 289 1968
f 2002 1968 4650
f 4650 1968 288
f 4650 288 2003
f 191 1798 4649
f 191 4649 1963
f 1963 4649 2002
f 1963 2002 319
f 2015 291 2752
f 2015 2752 4651
f 4651 2752 694
f 4651 694 2719
f 319 2002 4650
f 319 4650 1987
f 1987 4650 2003
f 1987 2003 318
f 2003 288 2731
f 2003 2731 4652
f 4652 2731 692
f 4652 692 2713
f 300 2015 4651
f 300 4651 2751
f 2751 4651 2719
f 2751 2719 697
f 2016 292 2672
f 2016 2672 4653
f 4653 2672 662
f 4653 662 2639
f 318 2003 4652
f 318 4652 2750
f 2750 4652 2713
f 2750 2713 703
f 2004 287 2651
f 2004 2651 4654
f 4654 2651 660
f 4654 660 2633
f 299 2016 4653
f 299 4653 2671
f 2671 4653 2639
f 2671 2639 665
f 2005 286 1967
f 2005 1967 4655
f 4655 1967 285
f 4655 285 2006
f 317 2004 4654
f 317 4654 2670
f 2670 4654 2633
f 2670 2633 671
f 2006 285 1966
f 2006 1966 4656
f 4656 1966 284
f 4656 284 2007
f 316 2005 4655
f 316 4655 1986
f 1986 4655 2006
f 1986 2006 315
f 2067 347 2071
f 2067 2071 4657
f 4657 2071 346
f 4657 346 2070
f 315 2006 4656
f 315 4656 1985
f 1985 4656 2007
f 1985 2007 314
f 2008 397 2166
f 2008 2166 4658
f 4658 2166 399
f 4658 399 2009
f 401 2067 4657
f 401 4657 2173
f 2173 4657 2070
f 2173 2070 400
f 2726 701 2759
f 2726 2759 4659
f 4659 2759 311
f 4659 311 2147
f 313 2008 4658
f 313 4658 1984
f 1984 4658 2009
f 1984 2009 312
f 2149 312 2761
f 2149 2761 4660
f 4660 2761 700
f 4660 700 2725
f 704 2726 4659
f 704 4659 2762
f 2762 4659 2147
f 2762 2147 376
f 2646 669 2679
f 2646 2679 4661
f 4661 2679 310
f 4661 310 2145
f 378 2149 4660
f 378 4660 2760
f 2760 4660 2725
f 2760 2725 705
f 2147 311 2681
f 2147 2681 4662
f 4662 2681 668
f 4662 668 2645
f 672 2646 4661
f 672 4661 2682
f 2682 4661 2145
f 2682 2145 374
f 2011 395 2172
f 2011 2172 4663
f 4663 2172 396
f 4663 396 2012
f 376 2147 4662
f 376 4662 2680
f 2680 4662 2645
f 2680 2645 673
f 2012 396 2167
f 2012 2167 4664
f 4664 2167 398
f 4664 398 2013
f 310 2011 4663
f 310 4663 1983
f 1983 4663 2012
f 1983 2012 309
f 1800 192 1969
f 1800 1969 4665
f 4665 1969 290
f 4665 290 2014
f 309 2012 4664
f 309 4664 1982
f 1982 4664 2013
f 1982 2013 308
f 2014 290 1970
f 2014 1970 4666
f 4666 1970 291
f 4666 291 2015
f 193 1800 4665
f 193 4665 1961
f 1961 4665 2014
f 1961 2014 301
f 2708 702 2749
f 2708 2749 4667
f 4667 2749 317
f 4667 317 1992
f 301 2014 4666
f 301 4666 1976
f 1976 4666 2015
f 1976 2015 300
f 2712 696 2754
f 2712 2754 4668
f 4668 2754 299
f 4668 299 1998
f 695 2708 4667
f 695 4667 2753
f 2753 4667 1992
f 2753 1992 292
f 2628 670 2669
f 2628 2669 4669
f 4669 2669 316
f 4669 316 1993
f 699 2712 4668
f 699 4668 2755
f 2755 4668 1998
f 2755 1998 304
f 2632 664 2674
f 2632 2674 4670
f 4670 2674 298
f 4670 298 1999
f 663 2628 4669
f 663 4669 2673
f 2673 4669 1993
f 2673 1993 293
f 2017 293 1971
f 2017 1971 4671
f 4671 1971 294
f 4671 294 2018
f 667 2632 4670
f 667 4670 2675
f 2675 4670 1999
f 2675 1999 305
f 2018 294 1972
f 2018 1972 4672
f 4672 1972 295
f 4672 295 2019
f 298 2017 4671
f 298 4671 1975
f 1975 4671 2018
f 1975 2018 297
f 2020 25 1687
f 2020 1687 4673
f 4673 1687 119
f 4673 119 2021
f 297 2018 4672
f 297 4672 1974
f 1974 4672 2019
f 1974 2019 296
f 2021 119 1688
f 2021 1688 4674
f 4674 1688 120
f 4674 120 2022
f 274 2020 4673
f 274 4673 1959
f 1959 4673 2021
f 1959 2021 289
f 2733 128 1747
f 2733 1747 4675
f 4675 1747 121
f 4675 121 2734
f 289 2021 4674
f 289 4674 1968
f 1968 4674 2022
f 1968 2022 288
f 2737 158 1729
f 2737 1729 4676
f 4676 1729 128
f 4676 128 2733
f 681 2733 4675
f 681 4675 2700
f 2700 4675 2734
f 2700 2734 679
f 2653 127 1748
f 2653 1748 4677
f 4677 1748 122
f 4677 122 2654
f 691 2737 4676
f 691 4676 2692
f 2692 4676 2733
f 2692 2733 681
f 2657 157 1730
f 2657 1730 4678
f 4678 1730 127
f 4678 127 2653
f 649 2653 4677
f 649 4677 2620
f 2620 4677 2654
f 2620 2654 647
f 1964 122 1689
f 1964 1689 4679
f 4679 1689 123
f 4679 123 1989
f 659 2657 4678
f 659 4678 2612
f 2612 4678 2653
f 2612 2653 649
f 1989 123 1690
f 1989 1690 4680
f 4680 1690 124
f 4680 124 2024
f 286 1964 4679
f 286 4679 1967
f 1967 4679 1989
f 1967 1989 285
f 2139 309 1982
f 2139 1982 4681
f 4681 1982 308
f 4681 308 2140
f 285 1989 4680
f 285 4680 1966
f 1966 4680 2024
f 1966 2024 284
f 2043 333 2597
f 2043 2597 4682
f 4682 2597 640
f 4682 640 2576
f 372 2139 4681
f 372 4681 2114
f 2114 4681 2140
f 2114 2140 371
f 2007 284 2056
f 2007 2056 4683
f 4683 2056 330
f 4683 330 2048
f 328 2043 4682
f 328 4682 2596
f 2596 4682 2576
f 2596 2576 642
f 2047 331 2600
f 2047 2600 4684
f 4684 2600 634
f 4684 634 2584
f 314 2007 4683
f 314 4683 2059
f 2059 4683 2048
f 2059 2048 336
f 2049 392 2593
f 2049 2593 4685
f 4685 2593 644
f 4685 644 2571
f 337 2047 4684
f 337 4684 2598
f 2598 4684 2584
f 2598 2584 633
f 2051 326 2599
f 2051 2599 4686
f 4686 2599 636
f 4686 636 2579
f 335 2049 4685
f 335 4685 2602
f 2602 4685 2571
f 2602 2571 645
f 2039 337 2598
f 2039 2598 4687
f 4687 2598 633
f 4687 633 2582
f 333 2051 4686
f 333 4686 2597
f 2597 4686 2579
f 2597 2579 640
f 2138 389 2125
f 2138 2125 4688
f 4688 2125 385
f 4688 385 2151
f 326 2039 4687
f 326 4687 2599
f 2599 4687 2582
f 2599 2582 636
f 2066 320 2040
f 2066 2040 4689
f 4689 2040 327
f 4689 327 2041
f 335 2138 4688
f 335 4688 2037
f 2037 4688 2151
f 2037 2151 324
f 2064 341 2044
f 2064 2044 4690
f 4690 2044 329
f 4690 329 2045
f 323 2066 4689
f 323 4689 2031
f 2031 4689 2041
f 2031 2041 336
f 2062 323 2031
f 2062 2031 4691
f 4691 2031 336
f 4691 336 2048
f 338 2064 4690
f 338 4690 1973
f 1973 4690 2045
f 1973 2045 332
f 2025 391 2169
f 2025 2169 4692
f 4692 2169 394
f 4692 394 2050
f 342 2062 4691
f 342 4691 2034
f 2034 4691 2048
f 2034 2048 330
f 1960 338 1973
f 1960 1973 4693
f 4693 1973 332
f 4693 332 2052
f 341 2025 4692
f 341 4692 2044
f 2044 4692 2050
f 2044 2050 329
f 2035 342 2034
f 2035 2034 4694
f 4694 2034 330
f 4694 330 2054
f 320 1960 4693
f 320 4693 2040
f 2040 4693 2052
f 2040 2052 327
f 1957 167 2587
f 1957 2587 4695
f 4695 2587 643
f 4695 643 2574
f 189 2035 4694
f 189 4694 1753
f 1753 4694 2054
f 1753 2054 168
f 2053 343 2032
f 2053 2032 4696
f 4696 2032 342
f 4696 342 2035
f 331 1957 4695
f 331 4695 2600
f 2600 4695 2574
f 2600 2574 634
f 2051 333 2042
f 2051 2042 4697
f 4697 2042 339
f 4697 339 2026
f 190 2053 4696
f 190 4696 1684
f 1684 4696 2035
f 1684 2035 189
f 2026 339 2033
f 2026 2033 4698
f 4698 2033 338
f 4698 338 1960
f 326 2051 4697
f 326 4697 1981
f 1981 4697 2026
f 1981 2026 321
f 2157 392 2168
f 2157 2168 4699
f 4699 2168 390
f 4699 390 2036
f 321 2026 4698
f 321 4698 2028
f 2028 4698 1960
f 2028 1960 320
f 2036 390 2165
f 2036 2165 4700
f 4700 2165 391
f 4700 391 2025
f 328 2157 4699
f 328 4699 2027
f 2027 4699 2036
f 2027 2036 340
f 2047 337 2038
f 2047 2038 4701
f 4701 2038 322
f 4701 322 1958
f 340 2036 4700
f 340 4700 1965
f 1965 4700 2025
f 1965 2025 341
f 1958 322 2029
f 1958 2029 4702
f 4702 2029 323
f 4702 323 2062
f 331 2047 4701
f 331 4701 2046
f 2046 4701 1958
f 2046 1958 343
f 2043 328 2027
f 2043 2027 4703
f 2032 4702 2062
f 2032 2062 342
f 339 2063 4704
f 339 4704 2033
f 4704 1965 341
f 4704 341 2064
f 333 2043 4703
f 333 4703 2042
f 4703 2027 340
f 4703 340 2063
f 4705 1981 321
f 4705 321 2065
f 2038 4705 2065
f 2038 2065 322
f 337 2039 4705
f 337 4705 2038
f 2063 340 1965
f 2063 1965 4704
f 4706 2028 320
f 4706 320 2066
f 2029 4706 2066
f 2029 2066 323
f 2065 321 2028
f 2065 2028 4706
f 2039 326 1981
f 2039 1981 4705
f 4707 2154 384
f 4707 384 2126
f 1757 177 2143
f 1757 2143 4708
f 1765 165 2154
f 1765 2154 4707
f 322 2065 4706
f 322 4706 2029
f 4709 4274 555
f 4709 555 2488
f 4270 4709 2488
f 4270 2488 509
f 166 1757 4708
f 166 4708 2153
f 4708 2143 387
f 4708 387 2129
f 4710 4262 468
f 4710 468 2416
f 4263 4710 2416
f 4263 2416 493
f 5703 5731 4709
f 5703 4709 4270
f 5696 5732 4710
f 5696 4710 4263
f 2490 4711 2378
f 2490 2378 516
f 225 1950 4712
f 225 4712 4246
f 5732 5695 4262
f 5732 4262 4710
f 559 2450 4711
f 559 4711 2490
f 1864 261 4254
f 1864 4254 4713
f 4248 4713 1499
f 4248 1499 16
f 4711 2491 513
f 4711 513 2378
f 2450 556 2491
f 2450 2491 4711
f 4714 2492 558
f 4714 558 2458
f 2496 4714 2458
f 2496 2458 563
f 257 1864 4713
f 257 4713 4248
f 1950 280 4250
f 1950 4250 4712
f 4715 2072 401
f 4715 401 2173
f 1962 4715 2173
f 1962 2173 400
f 2235 366 2492
f 2235 2492 4714
f 422 2235 4714
f 422 4714 2496
f 4716 2076 349
f 4716 349 2075
f 2074 4716 2075
f 2074 2075 348
f 2069 344 2072
f 2069 2072 4715
f 345 2069 4715
f 345 4715 1962
f 4717 2079 351
f 4717 351 2078
f 2077 4717 2078
f 2077 2078 350
f 2073 368 2076
f 2073 2076 4716
f 369 2073 4716
f 369 4716 2074
f 4718 2082 353
f 4718 353 2081
f 2080 4718 2081
f 2080 2081 352
f 2075 349 2079
f 2075 2079 4717
f 348 2075 4717
f 348 4717 2077
f 4719 2085 355
f 4719 355 2084
f 2083 4719 2084
f 2083 2084 354
f 2078 351 2082
f 2078 2082 4718
f 350 2078 4718
f 350 4718 2080
f 4720 2088 357
f 4720 357 2087
f 2086 4720 2087
f 2086 2087 356
f 2081 353 2085
f 2081 2085 4719
f 352 2081 4719
f 352 4719 2083
f 4721 2091 359
f 4721 359 2090
f 2089 4721 2090
f 2089 2090 358
f 2084 355 2088
f 2084 2088 4720
f 354 2084 4720
f 354 4720 2086
f 4722 2094 361
f 4722 361 2093
f 2092 4722 2093
f 2092 2093 360
f 2087 357 2091
f 2087 2091 4721
f 356 2087 4721
f 356 4721 2089
f 4723 2097 363
f 4723 363 2096
f 2095 4723 2096
f 2095 2096 362
f 2090 359 2094
f 2090 2094 4722
f 358 2090 4722
f 358 4722 2092
f 4724 2100 365
f 4724 365 2099
f 2098 4724 2099
f 2098 2099 364
f 2093 361 2097
f 2093 2097 4723
f 360 2093 4723
f 360 4723 2095
f 4725 2103 367
f 4725 367 2102
f 2101 4725 2102
f 2101 2102 366
f 2096 363 2100
f 2096 2100 4724
f 362 2096 4724
f 362 4724 2098
f 4726 2466 557
f 4726 557 2493
f 2299 4726 2493
f 2299 2493 367
f 2099 365 2103
f 2099 2103 4725
f 364 2099 4725
f 364 4725 2101
f 346 2071 4727
f 346 4727 2104
f 2071 347 2105
f 2071 2105 4727
f 2494 564 2466
f 2494 2466 4726
f 449 2494 4726
f 449 4726 2299
f 2106 380 2108
f 2106 2108 4728
f 4728 2108 344
f 4728 344 2069
f 4727 2105 368
f 4727 368 2073
f 2104 4727 2073
f 2104 2073 369
f 4729 2112 383
f 4729 383 2111
f 2110 4729 2111
f 2110 2111 382
f 381 2106 4728
f 381 4728 2107
f 2107 4728 2069
f 2107 2069 345
f 371 2113 4730
f 371 4730 2114
f 2113 370 2116
f 2113 2116 4730
f 2109 384 2112
f 2109 2112 4729
f 385 2109 4729
f 385 4729 2110
f 2115 373 2119
f 2115 2119 4731
f 4731 2119 375
f 4731 375 2118
f 4730 2116 373
f 4730 373 2115
f 2114 4730 2115
f 2114 2115 372
f 4732 2668 377
f 4732 377 2120
f 2680 4732 2120
f 2680 2120 376
f 372 2115 4731
f 372 4731 2117
f 2117 4731 2118
f 2117 2118 374
f 705 2722 4733
f 705 4733 2760
f 2722 706 2748
f 2722 2748 4733
f 2642 674 2668
f 2642 2668 4732
f 673 2642 4732
f 673 4732 2680
f 2121 379 2123
f 2121 2123 4734
f 4734 2123 380
f 4734 380 2106
f 4733 2748 379
f 4733 379 2121
f 2760 4733 2121
f 2760 2121 378
f 4735 2126 384
f 4735 384 2109
f 2125 4735 2109
f 2125 2109 385
f 378 2121 4734
f 378 4734 2122
f 2122 4734 2106
f 2122 2106 381
f 4736 2129 387
f 4736 387 2128
f 382 2111 4736
f 382 4736 2127
f 2124 388 2126
f 2124 2126 4735
f 389 2124 4735
f 389 4735 2125
f 386 2128 4737
f 386 4737 2130
f 2128 387 2131
f 2128 2131 4737
f 2127 4736 2128
f 2127 2128 386
f 2111 383 2129
f 2111 2129 4736
f 638 2581 4738
f 638 4738 2595
f 2581 637 2594
f 2581 2594 4738
f 4737 2131 370
f 4737 370 2113
f 2130 4737 2113
f 2130 2113 371
f 2210 402 2208
f 2210 2208 4739
f 4739 2208 425
f 4739 425 2211
f 4738 2594 388
f 4738 388 2124
f 2595 4738 2124
f 2595 2124 389
f 4740 1766 266
f 4740 266 2170
f 2008 4740 2170
f 2008 2170 397
f 222 2210 4739
f 222 4739 1953
f 1953 4739 2211
f 1953 2211 283
f 283 2211 4741
f 283 4741 1899
f 2211 425 2206
f 2211 2206 4741
f 1767 181 1766
f 1767 1766 4740
f 313 1767 4740
f 313 4740 2008
f 2155 324 1988
f 2155 1988 4742
f 4742 1988 325
f 4742 325 2156
f 4741 2206 405
f 4741 405 2215
f 1899 4741 2215
f 1899 2215 226
f 4743 2596 642
f 4743 642 2573
f 2593 4743 2573
f 2593 2573 644
f 390 2155 4742
f 390 4742 2165
f 2165 4742 2156
f 2165 2156 391
f 397 2162 4744
f 397 4744 2166
f 2162 302 1978
f 2162 1978 4744
f 2157 328 2596
f 2157 2596 4743
f 392 2157 4743
f 392 4743 2593
f 2718 708 2758
f 2718 2758 4745
f 4745 2758 393
f 4745 393 2010
f 4744 1978 303
f 4744 303 2164
f 2166 4744 2164
f 2166 2164 399
f 4746 2678 395
f 4746 395 2011
f 2679 4746 2011
f 2679 2011 310
f 701 2718 4745
f 701 4745 2759
f 2759 4745 2010
f 2759 2010 311
f 396 2161 4747
f 396 4747 2167
f 2161 306 1980
f 2161 1980 4747
f 2638 676 2678
f 2638 2678 4746
f 669 2638 4746
f 669 4746 2679
f 2049 335 2037
f 2049 2037 4748
f 4748 2037 324
f 4748 324 2155
f 4747 1980 307
f 4747 307 2163
f 2167 4747 2163
f 2167 2163 398
f 1456 2799 5571
f 1456 5571 2765
f 2799 1472 2781
f 2799 2781 5571
f 392 2049 4748
f 392 4748 2168
f 2168 4748 2155
f 2168 2155 390
f 391 2156 4749
f 391 4749 2169
f 2156 325 2030
f 2156 2030 4749
f 4749 2030 334
f 4749 334 2159
f 2169 4749 2159
f 2169 2159 394
f 397 2170 4750
f 397 4750 2162
f 2170 266 1929
f 2170 1929 4750
f 4750 1929 194
f 4750 194 1977
f 2162 4750 1977
f 2162 1977 302
f 398 2163 4751
f 398 4751 2171
f 2163 307 2061
f 2163 2061 4751
f 4751 2061 329
f 4751 329 2050
f 2171 4751 2050
f 2171 2050 394
f 676 2650 4752
f 676 4752 2678
f 2650 667 2675
f 2650 2675 4752
f 4752 2675 305
f 4752 305 2160
f 2678 4752 2160
f 2678 2160 395
f 395 2160 4753
f 395 4753 2172
f 2160 305 1979
f 2160 1979 4753
f 4753 1979 306
f 4753 306 2161
f 2172 4753 2161
f 2172 2161 396
f 708 2730 4754
f 708 4754 2758
f 2730 699 2755
f 2730 2755 4754
f 4754 2755 304
f 4754 304 2158
f 2758 4754 2158
f 2758 2158 393
f 181 2134 4755
f 181 4755 2068
f 2134 345 1962
f 2134 1962 4755
f 4755 1962 400
f 4755 400 2174
f 2068 4755 2174
f 2068 2174 182
f 452 2301 4756
f 452 4756 2325
f 2301 182 2176
f 2301 2176 4756
f 4756 2176 403
f 4756 403 2175
f 2325 4756 2175
f 2325 2175 453
f 5774 2237 4757
f 5774 4757 5832
f 2237 448 2474
f 2237 2474 4757
f 4757 2474 567
f 4757 567 2463
f 5832 4757 2463
f 5832 2463 5798
f 455 2304 4758
f 455 4758 2324
f 2304 420 2180
f 2304 2180 4758
f 4758 2180 422
f 4758 422 2303
f 2324 4758 2303
f 2324 2303 454
f 456 2305 4759
f 456 4759 2323
f 2305 418 2183
f 2305 2183 4759
f 4759 2183 420
f 4759 420 2304
f 2323 4759 2304
f 2323 2304 455
f 457 2306 4760
f 457 4760 2322
f 2306 416 2186
f 2306 2186 4760
f 4760 2186 418
f 4760 418 2305
f 2322 4760 2305
f 2322 2305 456
f 458 2307 4761
f 458 4761 2321
f 2307 414 2189
f 2307 2189 4761
f 4761 2189 416
f 4761 416 2306
f 2321 4761 2306
f 2321 2306 457
f 459 2308 4762
f 459 4762 2320
f 2308 412 2192
f 2308 2192 4762
f 718 2810 5572
f 718 5572 2773
f 2810 1468 2789
f 2810 2789 5572
f 4762 2192 414
f 4762 414 2307
f 460 2309 4763
f 460 4763 2319
f 1457 2795 5573
f 1457 5573 2766
f 2795 1473 2782
f 2795 2782 5573
f 2309 410 2195
f 2309 2195 4763
f 2320 4762 2307
f 2320 2307 458
f 713 2801 5574
f 713 5574 2774
f 2801 1463 2790
f 2801 2790 5574
f 4763 2195 412
f 4763 412 2308
f 461 2310 4764
f 461 4764 2318
f 631 4219 4203
f 631 4203 2586
f 4219 1512 4203
f 2310 408 2198
f 2310 2198 4764
f 2319 4763 2308
f 2319 2308 459
f 1517 718 2773
f 1517 2773 2812
f 4764 2198 410
f 4764 410 2309
f 462 2311 4765
f 462 4765 2317
f 1509 1455 2770
f 1509 2770 4205
f 2311 406 2201
f 2311 2201 4765
f 2318 4764 2309
f 2318 2309 460
f 1513 1452 2772
f 1513 2772 2814
f 2317 4765 2310
f 2317 2310 461
f 4765 2201 408
f 4765 408 2310
f 634 1508 5575
f 634 5575 2584
f 1508 4209 5575
f 463 2312 4766
f 463 4766 2316
f 2312 404 2204
f 2312 2204 4766
f 1512 711 2778
f 1512 2778 4203
f 2316 4766 2311
f 2316 2311 462
f 4766 2204 406
f 4766 406 2311
f 1516 4222 4204
f 4222 1458 2763
f 4222 2763 4204
f 464 2313 4767
f 464 4767 2315
f 2313 424 2207
f 2313 2207 4767
f 638 4225 5576
f 638 5576 2581
f 4225 1517 2812
f 4225 2812 5576
f 4767 2207 404
f 4767 404 2312
f 639 1514 2815
f 639 2815 2580
f 2315 4767 2312
f 2315 2312 463
f 1511 4224 4208
f 4224 717 2769
f 4224 2769 4208
f 569 2452 4768
f 569 4768 2499
f 4768 2497 521
f 4768 521 2384
f 2452 562 2497
f 2452 2497 4768
f 4208 2769 1455
f 4208 1455 1509
f 2499 4768 2384
f 2499 2384 536
f 2175 403 2209
f 2175 2209 4769
f 453 2175 4769
f 453 4769 2314
f 4769 2209 424
f 4769 424 2313
f 445 5776 5846
f 445 5846 2242
f 2239 5845 5774
f 2239 5774 449
f 2260 5860 5781
f 2260 5781 435
f 2314 4769 2313
f 2314 2313 464
f 433 5782 5860
f 433 5860 2260
f 524 2419 4770
f 524 4770 2385
f 2266 5862 5783
f 2266 5783 431
f 2263 5861 5782
f 2263 5782 433
f 2419 476 2335
f 2419 2335 4770
f 4788 5866 5772
f 4788 5772 2205
f 2302 5786 5866
f 2302 5866 4788
f 4770 2335 469
f 4770 469 2417
f 2199 5770 5874
f 2199 5874 4792
f 4791 5873 5770
f 4791 5770 2199
f 2385 4770 2417
f 2385 2417 496
f 4796 5878 5765
f 4796 5765 2184
f 2187 5766 5878
f 2187 5878 4796
f 59 1676 4771
f 59 4771 2275
f 4799 5881 5762
f 4799 5762 2177
f 2178 5763 5881
f 2178 5881 4799
f 1676 118 2278
f 1676 2278 4771
f 1513 1514 4206
f 1513 4206 4205
f 2359 6136 6122
f 2359 6122 496
f 2395 4819 5909
f 2395 5909 5789
f 4771 2278 450
f 4771 450 2272
f 6146 4836 5915
f 6146 5915 6147
f 4836 2409 5794
f 4836 5794 5915
f 2275 4771 2272
f 2275 2272 429
f 2460 564 5798
f 2460 5798 5916
f 565 2460 5916
f 565 5916 5797
f 5797 2461 4772
f 5797 4772 5844
f 2510 4864 5918
f 2510 5918 5801
f 4864 2524 5803
f 4864 5803 5918
f 2461 566 2475
f 2461 2475 4772
f 607 584 5802
f 607 5802 5807
f 4772 2475 529
f 4772 529 2399
f 2567 2568 5808
f 2567 5808 5807
f 5844 4772 2399
f 5844 2399 5792
f 2238 446 2240
f 2238 2240 4773
f 5775 2238 4773
f 5775 4773 5845
f 1509 1510 4208
f 5845 4773 2237
f 5845 2237 5774
f 4773 2240 448
f 4773 448 2237
f 4774 2243 446
f 4774 446 2238
f 5846 4774 2238
f 5846 2238 5775
f 2241 444 2243
f 2241 2243 4774
f 5776 2241 4774
f 5776 4774 5846
f 2244 442 2246
f 2244 2246 4775
f 5777 2244 4775
f 5777 4775 5847
f 5778 2247 4776
f 5778 4776 5848
f 2247 440 2249
f 2247 2249 4776
f 5847 4775 2241
f 5847 2241 5776
f 4775 2246 444
f 4775 444 2241
f 5848 4776 2244
f 5848 2244 5777
f 4776 2249 442
f 4776 442 2244
f 5779 2250 4777
f 5779 4777 5849
f 2250 438 2252
f 2250 2252 4777
f 5849 4777 2247
f 5849 2247 5778
f 4777 2252 440
f 4777 440 2247
f 2253 436 2255
f 2253 2255 4778
f 5780 2253 4778
f 5780 4778 5850
f 5850 4778 2250
f 5850 2250 5779
f 4778 2255 438
f 4778 438 2250
f 2256 434 2258
f 2256 2258 4779
f 5781 2256 4779
f 5781 4779 5851
f 5851 4779 2253
f 5851 2253 5780
f 4779 2258 436
f 4779 436 2253
f 2259 432 2261
f 2259 2261 4780
f 5782 2259 4780
f 5782 4780 5860
f 4780 2261 434
f 4780 434 2256
f 5783 2262 4781
f 5783 4781 5861
f 4202 2771 1453
f 4202 1453 4214
f 5860 4780 2256
f 5860 2256 5781
f 4781 2264 432
f 4781 432 2259
f 2262 430 2264
f 2262 2264 4781
f 4202 4214 1507
f 5784 2265 4782
f 5784 4782 5862
f 5861 4781 2259
f 5861 2259 5782
f 2265 450 2267
f 2265 2267 4782
f 603 602 5805
f 2337 2550 5806
f 2337 5806 5787
f 5862 4782 2262
f 5862 2262 5783
f 4782 2267 430
f 4782 430 2262
f 2532 599 5804
f 2532 5804 5919
f 5773 2236 4783
f 5773 4783 5863
f 5785 2269 4784
f 5785 4784 5864
f 4783 2270 429
f 4783 429 2269
f 4785 2338 477
f 4785 477 2414
f 4784 2272 450
f 4784 450 2265
f 5865 5773 426
f 5865 426 2273
f 5753 5865 2273
f 5753 2273 103
f 108 2300 4786
f 108 4786 1661
f 2300 427 2236
f 2300 2236 4786
f 4787 2274 427
f 4787 427 2300
f 1657 4787 2300
f 1657 2300 108
f 107 1630 4787
f 107 4787 1657
f 1630 55 2274
f 1630 2274 4787
f 5866 2314 464
f 5866 464 5772
f 2208 4788 2205
f 2208 2205 425
f 402 2302 4788
f 402 4788 2208
f 5786 453 2314
f 5786 2314 5866
f 2408 4789 2419
f 2408 2419 524
f 425 2205 4790
f 425 4790 2206
f 5793 5867 4789
f 5793 4789 2408
f 5867 5788 2340
f 5867 2340 4789
f 405 2202 4791
f 405 4791 2203
f 5771 463 2316
f 5771 2316 5873
f 4789 2340 476
f 4789 476 2419
f 5772 464 2315
f 5772 2315 5872
f 407 2199 4792
f 407 4792 2200
f 5873 2316 462
f 5873 462 5770
f 2206 4790 2202
f 2206 2202 405
f 5872 2315 463
f 5872 463 5771
f 409 2196 4793
f 409 4793 2197
f 5874 2317 461
f 5874 461 5769
f 5770 462 2317
f 5770 2317 5874
f 2203 4791 2199
f 2203 2199 407
f 411 2193 4794
f 411 4794 2194
f 5875 2318 460
f 5875 460 5768
f 5769 461 2318
f 5769 2318 5875
f 2200 4792 2196
f 2200 2196 409
f 413 2190 4795
f 413 4795 2191
f 5876 2319 459
f 5876 459 5767
f 5768 460 2319
f 5768 2319 5876
f 2197 4793 2193
f 2197 2193 411
f 415 2187 4796
f 415 4796 2188
f 5877 2320 458
f 5877 458 5766
f 5767 459 2320
f 5767 2320 5877
f 2194 4794 2190
f 2194 2190 413
f 5878 2321 457
f 5878 457 5765
f 5766 458 2321
f 5766 2321 5878
f 2191 4795 2187
f 2191 2187 415
f 417 2184 4797
f 417 4797 2185
f 5765 457 2322
f 5765 2322 5879
f 2188 4796 2184
f 2188 2184 417
f 479 606 5808
f 479 5808 5788
f 5764 456 2323
f 5764 2323 5880
f 5880 2323 455
f 5880 455 5763
f 5879 2322 456
f 5879 456 5764
f 2185 4797 2181
f 2185 2181 419
f 5881 2324 454
f 5881 454 5762
f 2179 4799 2177
f 2179 2177 423
f 419 2181 4798
f 419 4798 2182
f 2182 4798 2178
f 2182 2178 421
f 560 2468 4800
f 560 4800 2485
f 5799 569 2499
f 5799 2499 5882
f 5763 455 2324
f 5763 2324 5881
f 421 2178 4799
f 421 4799 2179
f 217 2136 4801
f 217 4801 2214
f 5761 452 2325
f 5761 2325 5883
f 2410 2411 5796
f 2410 5796 5795
f 6019 6088 6093
f 6019 6093 6015
f 2214 4801 2302
f 2214 2302 402
f 2485 4800 2411
f 2485 2411 525
f 5882 2499 536
f 5882 536 5796
f 4802 2068 182
f 4802 182 2301
f 2326 4802 2301
f 2326 2301 452
f 6083 6082 6089
f 6083 6089 6072
f 5883 2325 453
f 5883 453 5786
f 5720 2219 4804
f 5720 4804 4256
f 2219 5722 4260
f 2219 4260 4804
f 1766 181 2068
f 1766 2068 4802
f 266 1766 4802
f 266 4802 2326
f 4256 4804 1880
f 4256 1880 245
f 1884 4803 4257
f 1884 4257 237
f 241 4260 4803
f 241 4803 1884
f 4805 2331 471
f 4805 471 2420
f 2365 4805 2420
f 2365 2420 505
f 6076 6084 6090
f 6076 6090 6079
f 4804 4260 241
f 4804 241 1880
f 4806 2483 549
f 4806 549 2438
f 2482 4806 2438
f 2482 2438 550
f 2418 470 2331
f 2418 2331 4805
f 501 2418 4805
f 501 4805 2365
f 1858 263 2482
f 1858 2482 4807
f 1857 262 2483
f 1857 2483 4806
f 263 1857 4806
f 263 4806 2482
f 520 2425 4808
f 520 4808 2380
f 2425 475 2334
f 2425 2334 4808
f 6070 6088 6091
f 6070 6091 6081
f 264 1858 4807
f 264 4807 2487
f 512 2422 4809
f 512 4809 2374
f 2422 473 2333
f 2422 2333 4809
f 2487 4807 2441
f 2487 2441 552
f 4807 2482 550
f 4807 550 2441
f 6091 6087 6086
f 2374 4809 2423
f 2374 2423 517
f 2380 4808 2426
f 2380 2426 537
f 4808 2334 479
f 4808 479 2426
f 4810 2431 540
f 4810 540 2473
f 1580 4810 2473
f 1580 2473 99
f 6080 6085 6092
f 4809 2333 474
f 4809 474 2423
f 4811 2487 552
f 4811 552 2444
f 265 1859 4811
f 265 4811 2489
f 2472 543 2431
f 2472 2431 4810
f 100 2472 4810
f 100 4810 1580
f 6092 6093 6088
f 101 2477 4812
f 101 4812 1581
f 2489 4811 2444
f 2489 2444 554
f 1859 264 2487
f 1859 2487 4811
f 4812 2434 543
f 4812 543 2472
f 1581 4812 2472
f 1581 2472 100
f 6075 6095 6082
f 6075 6082 6083
f 2477 545 2434
f 2477 2434 4812
f 4813 2436 545
f 4813 545 2477
f 1582 4813 2477
f 1582 2477 101
f 102 2479 4813
f 102 4813 1582
f 2479 546 2436
f 2479 2436 4813
f 6086 6087 6096
f 6086 6096 6097
f 4814 2328 466
f 4814 466 2412
f 488 2415 4814
f 488 4814 2348
f 2415 467 2328
f 2415 2328 4814
f 423 2177 4815
f 423 4815 2484
f 5762 454 2498
f 5762 2498 5908
f 5933 5940 6095
f 5933 6095 6075
f 2348 4814 2412
f 2348 2412 484
f 5908 2498 568
f 5908 568 5800
f 2484 4815 2469
f 2484 2469 561
f 5733 5705 4272
f 5733 4272 4816
f 5689 5733 4816
f 5689 4816 4237
f 4816 4272 546
f 4816 546 2479
f 4237 4816 2479
f 4237 2479 102
f 2303 422 2496
f 2303 2496 4817
f 6097 6096 5957
f 6097 5957 5958
f 454 2303 4817
f 454 4817 2498
f 6106 6105 6111
f 6106 6111 6110
f 496 2417 4818
f 496 4818 2359
f 2417 469 2330
f 2417 2330 4818
f 2498 4817 2454
f 2498 2454 568
f 4817 2496 563
f 4817 563 2454
f 528 2414 4819
f 528 4819 2395
f 2414 477 2337
f 2414 2337 4819
f 2359 4818 2418
f 2359 2418 501
f 4818 2330 470
f 4818 470 2418
f 5789 5909 2424
f 5789 2424 533
f 6107 6078 6115
f 6107 6115 6114
f 5909 5787 478
f 5909 478 2424
f 6104 6073 6101
f 6104 6101 6100
f 4820 2493 557
f 4820 557 2448
f 2492 4820 2448
f 2492 2448 558
f 2102 367 2493
f 2102 2493 4820
f 366 2102 4820
f 366 4820 2492
f 4821 4264 5697
f 4821 5697 5734
f 6116 2341 4821
f 6116 4821 6131
f 6131 4821 5734
f 6131 5734 6049
f 2341 495 4264
f 2341 4264 4821
f 495 494 4264
f 6108 6109 6103
f 6108 6103 6102
f 6102 6103 6078
f 6102 6078 6107
f 494 4265 4264
f 6117 2342 4822
f 6117 4822 6132
f 4264 4265 5698
f 4264 5698 5697
f 494 492 4266
f 494 4266 4265
f 6114 6115 5928
f 6114 5928 5967
f 2342 483 2345
f 2342 2345 4822
f 482 2346 2345
f 2345 2346 487
f 2345 487 486
f 6074 5960 5932
f 4822 2345 486
f 4822 486 2344
f 482 480 2347
f 482 2347 2346
f 2346 2347 485
f 2346 485 487
f 483 482 2345
f 5793 6147 6126
f 5793 6126 537
f 6118 2344 4823
f 6118 4823 6133
f 6133 4823 2349
f 6133 2349 6119
f 524 6128 6146
f 524 6146 2408
f 2344 486 2350
f 2344 2350 4823
f 4823 2350 490
f 4823 490 2349
f 486 487 2351
f 486 2351 2350
f 2400 6144 6117
f 2400 6117 481
f 2351 2352 489
f 2351 489 491
f 2350 2351 491
f 2350 491 490
f 487 485 2352
f 487 2352 2351
f 2349 490 2354
f 2349 2354 4824
f 4824 2354 495
f 4824 495 2341
f 528 6130 6144
f 528 6144 2400
f 490 491 2355
f 490 2355 2354
f 2354 2355 494
f 6119 2349 4824
f 6119 4824 6134
f 6134 4824 2341
f 6134 2341 6116
f 2353 6134 6116
f 2353 6116 493
f 2409 2410 5795
f 2409 5795 5794
f 2354 494 495
f 534 532 5792
f 534 5792 5791
f 5789 6148 6143
f 5789 6143 2395
f 2394 535 5790
f 2394 5790 5910
f 6129 2394 5910
f 6129 5910 6148
f 491 489 2356
f 491 2356 2355
f 2355 2356 492
f 2355 492 494
f 6048 5735 4825
f 6048 4825 6135
f 5735 5701 4268
f 5735 4268 4825
f 2385 6141 6128
f 2385 6128 524
f 4825 4268 510
f 4825 510 2357
f 496 6122 6141
f 496 6141 2385
f 6135 4825 2357
f 6135 2357 6120
f 5701 5702 4269
f 5701 4269 4268
f 4268 4269 511
f 4268 511 510
f 5702 5703 4270
f 5702 4270 4269
f 4269 4270 509
f 4269 509 511
f 2374 6139 6125
f 2374 6125 512
f 6121 2358 4826
f 6121 4826 6136
f 6136 4826 2360
f 6136 2360 6122
f 503 502 2361
f 517 6124 6139
f 517 6139 2374
f 4826 2361 498
f 4826 498 2360
f 2358 503 2361
f 2358 2361 4826
f 508 6120 6138
f 508 6138 2369
f 502 500 2363
f 502 2363 2362
f 2361 2362 499
f 2361 499 498
f 502 2362 2361
f 2362 2363 497
f 2362 497 499
f 501 6121 6136
f 501 6136 2359
f 4819 2337 5787
f 4819 5787 5909
f 2364 507 2366
f 2364 2366 4827
f 6123 2364 4827
f 6123 4827 6137
f 4815 5908 5800
f 4815 5800 2469
f 2177 5762 5908
f 2177 5908 4815
f 4827 2366 503
f 4827 503 2358
f 6137 4827 2358
f 6137 2358 6121
f 4800 5882 5796
f 4800 5796 2411
f 2468 5799 5882
f 2468 5882 4800
f 2366 502 503
f 507 506 2366
f 506 2367 2366
f 2367 2368 500
f 2367 500 502
f 2366 2367 502
f 506 504 2368
f 506 2368 2367
f 6120 2357 4828
f 6120 4828 6138
f 2357 510 2370
f 2357 2370 4828
f 510 511 2371
f 510 2371 2370
f 6138 4828 2364
f 6138 2364 6123
f 4828 2370 507
f 4828 507 2364
f 2370 2371 506
f 6124 2373 4829
f 6124 4829 6139
f 2373 519 2376
f 2373 2376 4829
f 2371 2372 504
f 2371 504 506
f 519 518 2376
f 518 2377 2376
f 6139 4829 2375
f 6139 2375 6125
f 4829 2376 514
f 4829 514 2375
f 518 516 2377
f 516 2378 2377
f 2376 2377 515
f 2376 515 514
f 6140 4830 2381
f 6140 2381 6127
f 539 538 2382
f 6126 2379 4830
f 6126 4830 6140
f 2377 513 515
f 4830 2382 522
f 4830 522 2381
f 538 2383 2382
f 6122 2360 4831
f 6122 4831 6141
f 2360 498 2387
f 2360 2387 4831
f 2382 2383 523
f 2382 523 522
f 538 536 2384
f 538 2384 2383
f 498 499 2388
f 498 2388 2387
f 2383 2384 521
f 2383 521 523
f 4797 5879 5764
f 4797 5764 2181
f 2184 5765 5879
f 2184 5879 4797
f 6141 4831 2386
f 6141 2386 6128
f 4831 2387 526
f 4831 526 2386
f 2388 2389 525
f 2388 525 527
f 2387 2388 527
f 2387 527 526
f 4832 2391 519
f 4832 519 2373
f 6142 4832 2373
f 6142 2373 6124
f 499 497 2389
f 499 2389 2388
f 6127 2381 4832
f 6127 4832 6142
f 523 521 2393
f 523 2393 2392
f 4795 5877 5766
f 4795 5766 2187
f 2190 5767 5877
f 2190 5877 4795
f 6148 5910 4833
f 6148 4833 6143
f 5910 5790 2397
f 5910 2397 4833
f 2391 518 519
f 2391 2392 518
f 4833 2397 530
f 4833 530 2396
f 6143 4833 2396
f 6143 2396 6130
f 2392 516 518
f 2392 2393 516
f 1481 2815 2814
f 5790 5791 2398
f 5790 2398 2397
f 5791 5792 2399
f 5791 2399 2398
f 2397 2398 531
f 2397 531 530
f 6130 2396 4834
f 6130 4834 6144
f 2396 530 2401
f 2396 2401 4834
f 2398 2399 529
f 2398 529 531
f 530 531 2402
f 530 2402 2401
f 6144 4834 2342
f 6144 2342 6117
f 4834 2401 483
f 4834 483 2342
f 531 529 2403
f 531 2403 2402
f 2401 482 483
f 2401 2402 482
f 2402 2403 480
f 2402 480 482
f 4835 2405 535
f 4835 535 2394
f 6145 4835 2394
f 6145 2394 6129
f 6125 2375 4835
f 6125 4835 6145
f 2375 514 2405
f 2375 2405 4835
f 4793 5875 5768
f 4793 5768 2193
f 2196 5769 5875
f 2196 5875 4793
f 514 515 2406
f 514 2406 2405
f 515 513 2406
f 513 2407 2406
f 2405 2406 534
f 2405 534 535
f 2406 2407 532
f 2406 532 534
f 5915 5794 539
f 5915 539 2379
f 6128 2386 4836
f 6128 4836 6146
f 6147 5915 2379
f 6147 2379 6126
f 2386 526 2409
f 2386 2409 4836
f 5794 5795 538
f 5794 538 539
f 526 527 2410
f 526 2410 2409
f 5795 5796 536
f 5795 536 538
f 527 525 2411
f 527 2411 2410
f 4837 2327 465
f 4837 465 2413
f 484 2412 4837
f 484 4837 2343
f 4838 4272 5705
f 4838 5705 5736
f 4271 4838 5736
f 4271 5736 5704
f 2427 546 4272
f 2427 4272 4838
f 547 2427 4838
f 547 4838 4271
f 2428 540 2431
f 2428 2431 4839
f 2531 587 2515
f 2531 2515 4856
f 541 2428 4839
f 541 4839 2429
f 4856 2515 586
f 4856 586 2530
f 542 2430 4840
f 542 4840 2432
f 2430 543 2434
f 2430 2434 4840
f 2429 4839 2430
f 2429 2430 542
f 4839 2431 543
f 4839 543 2430
f 544 2433 4841
f 544 4841 2435
f 2433 545 2436
f 2433 2436 4841
f 2432 4840 2433
f 2432 2433 544
f 4840 2434 545
f 4840 545 2433
f 2435 4841 2427
f 2435 2427 547
f 4841 2436 546
f 4841 546 2427
f 4842 2440 551
f 4842 551 2439
f 2438 4842 2439
f 2438 2439 550
f 549 2437 4842
f 549 4842 2438
f 2437 548 2440
f 2437 2440 4842
f 1479 4218 4212
f 550 2439 4843
f 550 4843 2441
f 2439 551 2443
f 2439 2443 4843
f 4218 710 2767
f 4218 2767 4212
f 552 2442 4844
f 552 4844 2444
f 2442 553 2446
f 2442 2446 4844
f 2441 4843 2442
f 2441 2442 552
f 4843 2443 553
f 4843 553 2442
f 554 2445 4845
f 554 4845 4273
f 4844 2446 555
f 4844 555 2445
f 2445 555 4274
f 2445 4274 4845
f 2444 4844 2445
f 2444 2445 554
f 4846 2450 559
f 4846 559 2449
f 557 2447 4846
f 557 4846 2448
f 2448 4846 2449
f 2448 2449 558
f 2447 556 2450
f 2447 2450 4846
f 569 2451 4847
f 569 4847 2452
f 2451 568 2454
f 2451 2454 4847
f 4847 2454 563
f 4847 563 2453
f 2452 4847 2453
f 2452 2453 562
f 561 2455 4848
f 561 4848 2456
f 2455 560 2457
f 2455 2457 4848
f 4848 2457 548
f 4848 548 2437
f 2456 4848 2437
f 2456 2437 549
f 2202 5771 5873
f 2202 5873 4791
f 4792 5874 5769
f 4792 5769 2196
f 558 2449 4849
f 558 4849 2458
f 2449 559 2459
f 2449 2459 4849
f 4849 2459 562
f 4849 562 2453
f 2458 4849 2453
f 2458 2453 563
f 5797 5916 4850
f 5797 4850 2461
f 5916 5798 2463
f 5916 2463 4850
f 1507 4214 4210
f 540 2428 4851
f 540 4851 2464
f 2428 541 2465
f 2428 2465 4851
f 4214 1453 2768
f 4214 2768 4210
f 5864 4784 2265
f 5864 2265 5784
f 2461 4850 2462
f 2461 2462 566
f 4850 2463 567
f 4850 567 2462
f 2137 4707 2126
f 2137 2126 388
f 4851 2465 566
f 4851 566 2462
f 2464 4851 2462
f 2464 2462 567
f 564 2460 4852
f 564 4852 2466
f 2460 565 2467
f 2460 2467 4852
f 4852 2467 556
f 4852 556 2447
f 2466 4852 2447
f 2466 2447 557
f 560 2455 4853
f 560 4853 2468
f 2455 561 2469
f 2455 2469 4853
f 5917 5800 568
f 5917 568 2451
f 5799 5917 2451
f 5799 2451 569
f 2426 479 5788
f 2426 5788 5867
f 537 2426 5867
f 537 5867 5793
f 542 2470 4854
f 542 4854 2429
f 2470 485 2347
f 2470 2347 4854
f 4854 2347 480
f 4854 480 2471
f 2429 4854 2471
f 2429 2471 541
f 473 601 2564
f 473 2564 2333
f 476 605 2556
f 476 2556 2335
f 1661 4786 5865
f 1661 5865 5753
f 4786 2236 5773
f 4786 5773 5865
f 604 581 2508
f 604 2508 2555
f 2555 2508 574
f 2555 574 620
f 608 570 2511
f 608 2511 2545
f 2545 2511 582
f 2545 582 627
f 465 609 2546
f 465 2546 2338
f 2338 2546 626
f 2338 626 477
f 478 602 2570
f 478 2570 2339
f 2339 2570 601
f 2339 601 473
f 612 579 2509
f 612 2509 2553
f 2553 2509 580
f 2553 580 617
f 5695 5712 4283
f 5695 4283 4262
f 4262 4283 618
f 4262 618 468
f 5788 5808 2568
f 5788 2568 2340
f 2340 2568 605
f 2340 605 476
f 620 574 2503
f 620 2503 2551
f 2551 2503 575
f 2551 575 624
f 472 622 4285
f 472 4285 4261
f 428 5785 5864
f 428 5864 2271
f 2271 5864 5784
f 2271 5784 451
f 4261 4285 5714
f 4261 5714 5694
f 474 613 2554
f 474 2554 2336
f 2336 2554 616
f 2336 616 475
f 469 621 2552
f 469 2552 2330
f 4284 4275 5706
f 4284 5706 5713
f 451 5784 5862
f 451 5862 2266
f 431 5783 5861
f 431 5861 2263
f 2330 2552 625
f 2330 625 470
f 470 625 2548
f 470 2548 2331
f 2331 2548 629
f 2331 629 471
f 466 610 2566
f 466 2566 2327
f 2327 2566 609
f 2327 609 465
f 178 1765 4707
f 178 4707 2137
f 624 575 2504
f 624 2504 2547
f 2547 2504 576
f 2547 576 628
f 578 2529 4855
f 578 4855 2506
f 2529 593 2520
f 2529 2520 4855
f 4855 2520 594
f 4855 594 2528
f 2506 4855 2528
f 2506 2528 579
f 572 2531 4856
f 572 4856 2501
f 2501 4856 2530
f 2501 2530 571
f 580 2533 4857
f 580 4857 2507
f 2533 595 2521
f 2533 2521 4857
f 4857 2521 599
f 4857 599 2532
f 2507 4857 2532
f 2507 2532 584
f 573 2534 4858
f 573 4858 2502
f 2534 588 2516
f 2534 2516 4858
f 4858 2516 587
f 4858 587 2531
f 2502 4858 2531
f 2502 2531 572
f 2257 5851 5780
f 2257 5780 437
f 435 5781 5851
f 435 5851 2257
f 581 2536 4859
f 581 4859 2508
f 2536 596 2522
f 2536 2522 4859
f 2254 5850 5779
f 2254 5779 439
f 437 5780 5850
f 437 5850 2254
f 344 2108 4289
f 344 4289 2132
f 2108 380 2133
f 2108 2133 4289
f 4859 2522 589
f 4859 589 2535
f 2508 4859 2535
f 2508 2535 574
f 577 2537 4860
f 577 4860 4275
f 2537 592 4277
f 2537 4277 4860
f 4860 4277 5708
f 4860 5708 5737
f 4275 4860 5737
f 4275 5737 5706
f 5707 5738 4861
f 5707 4861 4276
f 5738 5709 4278
f 5738 4278 4861
f 4861 4278 588
f 4861 588 2534
f 4276 4861 2534
f 4276 2534 573
f 579 2528 4862
f 579 4862 2509
f 2528 594 2523
f 2528 2523 4862
f 4862 2523 595
f 4862 595 2533
f 2509 4862 2533
f 2509 2533 580
f 574 2535 4863
f 574 4863 2503
f 2535 589 2517
f 2535 2517 4863
f 4863 2517 590
f 4863 590 2538
f 2503 4863 2538
f 2503 2538 575
f 582 2540 4864
f 582 4864 2510
f 2540 597 2524
f 2540 2524 4864
f 5801 5918 2539
f 5801 2539 583
f 575 2538 4865
f 575 4865 2504
f 5918 5803 598
f 5918 598 2539
f 2538 590 2518
f 2538 2518 4865
f 2504 4865 2541
f 2504 2541 576
f 570 2542 4866
f 570 4866 2511
f 4865 2518 591
f 4865 591 2541
f 2542 585 2525
f 2542 2525 4866
f 4289 2133 154
f 4289 154 1685
f 2132 4289 1685
f 2132 1685 103
f 4866 2525 597
f 4866 597 2540
f 2511 4866 2540
f 2511 2540 582
f 576 2541 4867
f 576 4867 2505
f 2541 591 2519
f 2541 2519 4867
f 4867 2519 592
f 4867 592 2537
f 2505 4867 2537
f 2505 2537 577
f 583 2539 4868
f 583 4868 2512
f 2539 598 2526
f 2539 2526 4868
f 4868 2526 593
f 4868 593 2529
f 2512 4868 2529
f 2512 2529 578
f 5802 5919 4869
f 5802 4869 2513
f 5919 5804 2527
f 5919 2527 4869
f 4869 2527 596
f 4869 596 2536
f 2513 4869 2536
f 2513 2536 581
f 571 2530 4870
f 571 4870 2500
f 2530 586 2514
f 2530 2514 4870
f 4870 2514 585
f 4870 585 2542
f 2500 4870 2542
f 2500 2542 570
f 628 576 2505
f 628 2505 2543
f 2543 2505 577
f 2543 577 623
f 467 614 2562
f 467 2562 2328
f 2328 2562 610
f 2328 610 466
f 627 582 2510
f 627 2510 2549
f 5805 5801 583
f 5805 583 603
f 471 629 2544
f 471 2544 2332
f 2332 2544 622
f 2332 622 472
f 468 618 2558
f 468 2558 2329
f 2329 2558 614
f 2329 614 467
f 5711 5707 4276
f 5711 4276 4282
f 4282 4276 573
f 4282 573 619
f 623 577 4275
f 623 4275 4284
f 441 5778 5848
f 441 5848 2248
f 2248 5848 5777
f 2248 5777 443
f 447 5775 5845
f 447 5845 2239
f 2242 5846 5775
f 2242 5775 447
f 475 616 2560
f 475 2560 2334
f 2334 2560 606
f 2334 606 479
f 619 573 2502
f 619 2502 2557
f 2557 2502 572
f 2557 572 615
f 617 580 2507
f 617 2507 2559
f 2559 2507 584
f 2559 584 607
f 615 572 2501
f 615 2501 2561
f 2561 2501 571
f 2561 571 611
f 477 626 2550
f 477 2550 2337
f 5787 5806 602
f 5787 602 478
f 611 571 2500
f 611 2500 2565
f 2565 2500 570
f 2565 570 608
f 5807 5802 2513
f 5807 2513 2567
f 2567 2513 581
f 2567 581 604
f 603 583 2512
f 603 2512 2569
f 2569 2512 578
f 2569 578 600
f 623 622 2543
f 622 2544 2543
f 2543 2544 629
f 2543 629 628
f 627 626 2545
f 626 2546 2545
f 2545 2546 609
f 2545 609 608
f 628 629 2548
f 628 2548 2547
f 2547 2548 625
f 2547 625 624
f 2549 626 627
f 5805 5806 2550
f 5805 2550 2549
f 2549 2550 626
f 624 625 2552
f 624 2552 2551
f 2552 621 620
f 2551 2552 620
f 617 616 2553
f 616 2554 2553
f 2553 2554 613
f 2553 613 612
f 619 618 4282
f 618 4283 4282
f 4282 4283 5712
f 4282 5712 5711
f 4284 622 623
f 5713 5714 4285
f 5713 4285 4284
f 4284 4285 622
f 620 621 2556
f 620 2556 2555
f 2555 2556 605
f 2555 605 604
f 615 614 2557
f 2557 618 619
f 614 2558 2557
f 2557 2558 618
f 607 606 2559
f 2559 616 617
f 606 2560 2559
f 2559 2560 616
f 611 610 2561
f 2561 614 615
f 610 2562 2561
f 2561 2562 614
f 612 613 2564
f 612 2564 2563
f 2563 2564 601
f 2563 601 600
f 2565 610 611
f 608 609 2566
f 608 2566 2565
f 2565 2566 610
f 5807 606 607
f 604 605 2568
f 604 2568 2567
f 5807 5808 606
f 2569 602 603
f 600 601 2570
f 600 2570 2569
f 2569 2570 602
f 600 578 2506
f 600 2506 2563
f 2563 2506 579
f 2563 579 612
f 659 2603 5515
f 659 5515 2604
f 2603 658 2606
f 2603 2606 5515
f 5515 2606 651
f 5515 651 2605
f 2604 5515 2605
f 2604 2605 650
f 653 2607 5516
f 653 5516 2608
f 2607 652 2610
f 2607 2610 5516
f 5516 2610 655
f 5516 655 2609
f 2608 5516 2609
f 2608 2609 654
f 649 2611 5517
f 649 5517 2612
f 2611 648 2613
f 2611 2613 5517
f 5517 2613 658
f 5517 658 2603
f 2612 5517 2603
f 2612 2603 659
f 654 2609 5518
f 654 5518 2614
f 2609 655 2616
f 2609 2616 5518
f 5518 2616 657
f 5518 657 2615
f 2614 5518 2615
f 2614 2615 656
f 650 2605 5519
f 650 5519 2617
f 2605 651 2618
f 2605 2618 5519
f 5519 2618 652
f 5519 652 2607
f 2617 5519 2607
f 2617 2607 653
f 647 2619 5520
f 647 5520 2620
f 2619 646 2621
f 2619 2621 5520
f 5520 2621 648
f 5520 648 2611
f 2620 5520 2611
f 2620 2611 649
f 646 2619 5521
f 646 5521 2622
f 2619 647 2624
f 2619 2624 5521
f 5521 2624 661
f 5521 661 2623
f 2622 5521 2623
f 2622 2623 660
f 671 2625 5522
f 671 5522 2626
f 2625 670 2628
f 2625 2628 5522
f 5522 2628 663
f 5522 663 2627
f 2626 5522 2627
f 2626 2627 662
f 665 2629 5523
f 665 5523 2630
f 2629 664 2632
f 2629 2632 5523
f 5523 2632 667
f 5523 667 2631
f 2630 5523 2631
f 2630 2631 666
f 660 2623 5524
f 660 5524 2633
f 2623 661 2634
f 2623 2634 5524
f 5524 2634 670
f 5524 670 2625
f 2633 5524 2625
f 2633 2625 671
f 677 2635 5525
f 677 5525 2636
f 2635 676 2638
f 2635 2638 5525
f 5525 2638 669
f 5525 669 2637
f 2636 5525 2637
f 2636 2637 668
f 662 2627 5526
f 662 5526 2639
f 2627 663 2640
f 2627 2640 5526
f 5526 2640 664
f 5526 664 2629
f 2639 5526 2629
f 2639 2629 665
f 673 2641 5527
f 673 5527 2642
f 2641 672 2644
f 2641 2644 5527
f 5527 2644 675
f 5527 675 2643
f 2642 5527 2643
f 2642 2643 674
f 668 2637 5528
f 668 5528 2645
f 2637 669 2646
f 2637 2646 5528
f 5528 2646 672
f 5528 672 2641
f 2645 5528 2641
f 2645 2641 673
f 674 2643 5529
f 674 5529 2647
f 2643 675 2648
f 2643 2648 5529
f 5529 2648 656
f 5529 656 2615
f 2647 5529 2615
f 2647 2615 657
f 666 2631 5530
f 666 5530 2649
f 2631 667 2650
f 2631 2650 5530
f 5530 2650 676
f 5530 676 2635
f 2649 5530 2635
f 2649 2635 677
f 287 2055 5531
f 287 5531 2651
f 2055 121 2652
f 2055 2652 5531
f 5531 2652 646
f 5531 646 2622
f 2651 5531 2622
f 2651 2622 660
f 691 2683 5532
f 691 5532 2684
f 2683 690 2686
f 2683 2686 5532
f 5532 2686 683
f 5532 683 2685
f 2684 5532 2685
f 2684 2685 682
f 685 2687 5533
f 685 5533 2688
f 2687 684 2690
f 2687 2690 5533
f 5533 2690 687
f 5533 687 2689
f 2688 5533 2689
f 2688 2689 686
f 681 2691 5534
f 681 5534 2692
f 2691 680 2693
f 2691 2693 5534
f 5534 2693 690
f 5534 690 2683
f 2692 5534 2683
f 2692 2683 691
f 686 2689 5535
f 686 5535 2694
f 2689 687 2696
f 2689 2696 5535
f 5535 2696 689
f 5535 689 2695
f 2694 5535 2695
f 2694 2695 688
f 682 2685 5536
f 682 5536 2697
f 2685 683 2698
f 2685 2698 5536
f 5536 2698 684
f 5536 684 2687
f 2697 5536 2687
f 2697 2687 685
f 679 2699 5537
f 679 5537 2700
f 2699 678 2701
f 2699 2701 5537
f 678 2699 5538
f 678 5538 2702
f 2699 679 2704
f 2699 2704 5538
f 5537 2701 680
f 5537 680 2691
f 2700 5537 2691
f 2700 2691 681
f 5538 2704 693
f 5538 693 2703
f 2702 5538 2703
f 2702 2703 692
f 703 2705 5539
f 703 5539 2706
f 2705 702 2708
f 2705 2708 5539
f 5539 2708 695
f 5539 695 2707
f 2706 5539 2707
f 2706 2707 694
f 697 2709 5540
f 697 5540 2710
f 2709 696 2712
f 2709 2712 5540
f 5540 2712 699
f 5540 699 2711
f 2710 5540 2711
f 2710 2711 698
f 692 2703 5541
f 692 5541 2713
f 2703 693 2714
f 2703 2714 5541
f 5541 2714 702
f 5541 702 2705
f 2713 5541 2705
f 2713 2705 703
f 709 2715 5542
f 709 5542 2716
f 2715 708 2718
f 2715 2718 5542
f 5542 2718 701
f 5542 701 2717
f 2716 5542 2717
f 2716 2717 700
f 694 2707 5543
f 694 5543 2719
f 2707 695 2720
f 2707 2720 5543
f 5543 2720 696
f 5543 696 2709
f 2719 5543 2709
f 2719 2709 697
f 705 2721 5544
f 705 5544 2722
f 2721 704 2724
f 2721 2724 5544
f 5544 2724 707
f 5544 707 2723
f 2722 5544 2723
f 2722 2723 706
f 700 2717 5545
f 700 5545 2725
f 2717 701 2726
f 2717 2726 5545
f 5545 2726 704
f 5545 704 2721
f 2725 5545 2721
f 2725 2721 705
f 706 2723 5546
f 706 5546 2727
f 2723 707 2728
f 2723 2728 5546
f 5546 2728 688
f 5546 688 2695
f 2727 5546 2695
f 2727 2695 689
f 698 2711 5547
f 698 5547 2729
f 2711 699 2730
f 2711 2730 5547
f 5547 2730 708
f 5547 708 2715
f 2729 5547 2715
f 2729 2715 709
f 288 2022 5548
f 288 5548 2731
f 2022 120 2732
f 2022 2732 5548
f 5548 2732 678
f 5548 678 2702
f 2731 5548 2702
f 2731 2702 692
f 636 4215 5549
f 636 5549 2579
f 4215 1476 4202
f 4215 4202 5549
f 5549 4202 1507
f 2579 5549 1507
f 2579 1507 640
f 643 1478 5550
f 643 5550 2574
f 1478 2811 5550
f 5550 2811 1508
f 2574 5550 1508
f 2574 1508 634
f 632 4220 5551
f 632 5551 2585
f 4220 1480 4207
f 4220 4207 5551
f 5551 4207 1512
f 5551 1512 4219
f 2585 5551 4219
f 2585 4219 631
f 642 4223 5552
f 642 5552 2573
f 4223 1482 2813
f 4223 2813 5552
f 5552 2813 1516
f 2573 5552 1516
f 2573 1516 644
f 1478 1457 2766
f 1478 2766 2811
f 2811 2766 714
f 2811 714 4217
f 2811 4217 1508
f 641 1510 4206
f 641 4206 2578
f 2578 4206 1514
f 2578 1514 639
f 635 1481 5553
f 635 5553 2583
f 1481 4211 5553
f 5553 4211 1480
f 5553 1480 4220
f 2583 5553 4220
f 2583 4220 632
f 637 1511 5554
f 637 5554 2577
f 1511 4208 5554
f 5554 4208 1510
f 2577 5554 1510
f 2577 1510 641
f 645 4226 5555
f 645 5555 2572
f 4226 1515 2816
f 4226 2816 5555
f 5555 2816 1517
f 5555 1517 4225
f 2572 5555 4225
f 2572 4225 638
f 1480 712 2777
f 1480 2777 4207
f 4207 2777 711
f 4207 711 1512
f 633 1477 5556
f 633 5556 2582
f 1477 4213 5556
f 5556 4213 1476
f 5556 1476 4215
f 2582 5556 4215
f 2582 4215 636
f 644 1516 5557
f 644 5557 2571
f 1516 4204 5557
f 5557 4204 1515
f 5557 1515 4226
f 2571 5557 4226
f 2571 4226 645
f 1482 1456 2765
f 1482 2765 2813
f 2813 2765 1458
f 2813 1458 4222
f 2813 4222 1516
f 640 1507 5558
f 640 5558 2576
f 1507 4210 5558
f 5558 4210 1482
f 5558 1482 4223
f 2576 5558 4223
f 2576 4223 642
f 1515 1459 2764
f 1515 2764 2816
f 1036 3431 4871
f 1036 4871 3407
f 3407 4871 3432
f 3407 3432 1072
f 4871 2984 848
f 4871 848 3432
f 3431 797 2984
f 3431 2984 4871
f 808 2971 4872
f 808 4872 2949
f 2949 4872 2826
f 2949 2826 729
f 5638 2818 720
f 5638 720 5578
f 5583 803 2818
f 5583 2818 5638
f 729 2826 4873
f 729 4873 2944
f 2944 4873 2831
f 2944 2831 734
f 5639 2819 721
f 5639 721 5579
f 5578 720 2819
f 5578 2819 5639
f 734 2831 4874
f 734 4874 2939
f 2939 4874 2836
f 2939 2836 739
f 5640 2820 722
f 5640 722 5580
f 5579 721 2820
f 5579 2820 5640
f 739 2836 4875
f 739 4875 2934
f 2934 4875 2841
f 2934 2841 744
f 5641 2821 723
f 5641 723 5581
f 5580 722 2821
f 5580 2821 5641
f 1037 3406 4876
f 1037 4876 3433
f 3433 4876 3066
f 3433 3066 875
f 4876 3434 1005
f 4876 1005 3066
f 3406 1073 3434
f 3406 3434 4876
f 1093 3366 4877
f 1093 4877 3574
f 3574 4877 3566
f 3574 3566 1118
f 4877 3575 1120
f 4877 1120 3566
f 3366 1039 3575
f 3366 3575 4877
f 924 3190 4878
f 924 4878 3516
f 3516 4878 3499
f 3516 3499 1099
f 4878 3518 1101
f 4878 1101 3499
f 3190 928 3518
f 3190 3518 4878
f 1123 3580 4879
f 1123 4879 3561
f 3561 4879 3581
f 3561 3581 1125
f 4879 3378 1043
f 4879 1043 3581
f 3580 1041 3378
f 3580 3378 4879
f 932 3182 4880
f 932 4880 3520
f 3520 4880 3493
f 3520 3493 1103
f 4880 3522 1105
f 4880 1105 3493
f 3182 936 3522
f 3182 3522 4880
f 936 3178 4881
f 936 4881 3522
f 3522 4881 3490
f 3522 3490 1105
f 4881 3524 1107
f 4881 1107 3490
f 3178 940 3524
f 3178 3524 4881
f 940 3174 4882
f 940 4882 3524
f 3524 4882 3487
f 3524 3487 1107
f 4882 3526 1109
f 4882 1109 3487
f 3174 944 3526
f 3174 3526 4882
f 944 3170 4883
f 944 4883 3526
f 3526 4883 3484
f 3526 3484 1109
f 4883 3528 1111
f 4883 1111 3484
f 3170 948 3528
f 3170 3528 4883
f 948 3166 4884
f 948 4884 3528
f 3528 4884 3481
f 3528 3481 1111
f 4884 3530 1113
f 4884 1113 3481
f 3166 952 3530
f 3166 3530 4884
f 952 3162 4885
f 952 4885 3530
f 3530 4885 3478
f 3530 3478 1113
f 4885 3532 1115
f 4885 1115 3478
f 3162 956 3532
f 3162 3532 4885
f 1240 3779 4886
f 1240 4886 3755
f 3755 4886 3783
f 3755 3783 1252
f 4886 3687 1217
f 4886 1217 3783
f 3779 1189 3687
f 3779 3687 4886
f 1080 3436 4887
f 1080 4887 3892
f 3892 4887 3875
f 3892 3875 1329
f 4887 3899 1333
f 4887 1333 3875
f 3436 872 3899
f 3436 3899 4887
f 5704 4184 4888
f 5704 4888 5725
f 5725 4888 4179
f 5725 4179 5699
f 4888 3776 1184
f 4888 1184 4179
f 4184 1239 3776
f 4184 3776 4888
f 1239 3733 4889
f 1239 4889 3776
f 3776 4889 3654
f 3776 3654 1184
f 4889 3774 1181
f 4889 1181 3654
f 3733 1236 3774
f 3733 3774 4889
f 793 3596 4890
f 793 4890 3771
f 3771 4890 3762
f 3771 3762 1232
f 4890 3772 1259
f 4890 1259 3762
f 3596 1140 3772
f 3596 3772 4890
f 1257 3765 4891
f 1257 4891 3793
f 3793 4891 3705
f 3793 3705 1224
f 4891 3789 1205
f 4891 1205 3705
f 3765 1248 3789
f 3765 3789 4891
f 5688 4149 4892
f 5688 4892 1483
f 1483 4892 4150
f 1483 4150 5689
f 4892 2882 796
f 4892 796 4150
f 4149 792 2882
f 4149 2882 4892
f 792 2878 4893
f 792 4893 2882
f 2882 4893 2881
f 2882 2881 796
f 4893 2883 795
f 4893 795 2881
f 2878 791 2883
f 2878 2883 4893
f 791 2877 4894
f 791 4894 2883
f 2883 4894 2880
f 2883 2880 795
f 4894 2884 794
f 4894 794 2880
f 2877 790 2884
f 2877 2884 4894
f 790 2876 4895
f 790 4895 2884
f 2884 4895 2879
f 2884 2879 794
f 4895 2885 793
f 4895 793 2879
f 2876 789 2885
f 2876 2885 4895
f 1139 3595 4896
f 1139 4896 3537
f 3537 4896 3597
f 3537 3597 1141
f 4896 3402 1059
f 4896 1059 3597
f 3595 1057 3402
f 3595 3402 4896
f 1 4148 4897
f 1 4897 1484
f 1484 4897 4149
f 1484 4149 5688
f 4897 2886 792
f 4897 792 4149
f 4148 788 2886
f 4148 2886 4897
f 788 2875 4898
f 788 4898 2886
f 2886 4898 2878
f 2886 2878 792
f 4898 2887 791
f 4898 791 2878
f 2875 787 2887
f 2875 2887 4898
f 787 2874 4899
f 787 4899 2887
f 2887 4899 2877
f 2887 2877 791
f 4899 2888 790
f 4899 790 2877
f 2874 786 2888
f 2874 2888 4899
f 786 2873 4900
f 786 4900 2888
f 2888 4900 2876
f 2888 2876 790
f 4900 2889 789
f 4900 789 2876
f 2873 785 2889
f 2873 2889 4900
f 1137 3593 4901
f 1137 4901 3540
f 3540 4901 3595
f 3540 3595 1139
f 4901 3399 1057
f 4901 1057 3595
f 3593 1055 3399
f 3593 3399 4901
f 20 4200 4902
f 20 4902 1504
f 1504 4902 4148
f 1504 4148 1
f 4902 2890 788
f 4902 788 4148
f 4200 784 2890
f 4200 2890 4902
f 784 2872 4903
f 784 4903 2890
f 2890 4903 2875
f 2890 2875 788
f 4903 2891 787
f 4903 787 2875
f 2872 783 2891
f 2872 2891 4903
f 783 2871 4904
f 783 4904 2891
f 2891 4904 2874
f 2891 2874 787
f 4904 2892 786
f 4904 786 2874
f 2871 782 2892
f 2871 2892 4904
f 782 2870 4905
f 782 4905 2892
f 2892 4905 2873
f 2892 2873 786
f 4905 2893 785
f 4905 785 2873
f 2870 781 2893
f 2870 2893 4905
f 1135 3591 4906
f 1135 4906 3543
f 3543 4906 3593
f 3543 3593 1137
f 4906 3396 1055
f 4906 1055 3593
f 3591 1053 3396
f 3591 3396 4906
f 2 4147 4907
f 2 4907 1503
f 1503 4907 4200
f 1503 4200 20
f 4907 2894 784
f 4907 784 4200
f 4147 780 2894
f 4147 2894 4907
f 780 2869 4908
f 780 4908 2894
f 2894 4908 2872
f 2894 2872 784
f 4908 2895 783
f 4908 783 2872
f 2869 779 2895
f 2869 2895 4908
f 779 2868 4909
f 779 4909 2895
f 2895 4909 2871
f 2895 2871 783
f 4909 2896 782
f 4909 782 2871
f 2868 778 2896
f 2868 2896 4909
f 778 2867 4910
f 778 4910 2896
f 2896 4910 2870
f 2896 2870 782
f 4910 2897 781
f 4910 781 2870
f 2867 777 2897
f 2867 2897 4910
f 1133 3589 4911
f 1133 4911 3546
f 3546 4911 3591
f 3546 3591 1135
f 4911 3393 1053
f 4911 1053 3591
f 3589 1051 3393
f 3589 3393 4911
f 19 4140 4912
f 19 4912 1490
f 1490 4912 4147
f 1490 4147 2
f 4912 2898 780
f 4912 780 4147
f 4140 776 2898
f 4140 2898 4912
f 776 2866 4913
f 776 4913 2898
f 2898 4913 2869
f 2898 2869 780
f 4913 2899 779
f 4913 779 2869
f 2866 775 2899
f 2866 2899 4913
f 775 2865 4914
f 775 4914 2899
f 2899 4914 2868
f 2899 2868 779
f 4914 2900 778
f 4914 778 2868
f 2865 774 2900
f 2865 2900 4914
f 774 2864 4915
f 774 4915 2900
f 2900 4915 2867
f 2900 2867 778
f 4915 2901 777
f 4915 777 2867
f 2864 773 2901
f 2864 2901 4915
f 1131 3587 4916
f 1131 4916 3549
f 3549 4916 3589
f 3549 3589 1133
f 4916 3390 1051
f 4916 1051 3589
f 3587 1049 3390
f 3587 3390 4916
f 24 4192 4917
f 24 4917 1500
f 1500 4917 4140
f 1500 4140 19
f 4917 2902 776
f 4917 776 4140
f 4192 772 2902
f 4192 2902 4917
f 772 2863 4918
f 772 4918 2902
f 2902 4918 2866
f 2902 2866 776
f 4918 2903 775
f 4918 775 2866
f 2863 771 2903
f 2863 2903 4918
f 771 2862 4919
f 771 4919 2903
f 2903 4919 2865
f 2903 2865 775
f 4919 2904 774
f 4919 774 2865
f 2862 770 2904
f 2862 2904 4919
f 770 2861 4920
f 770 4920 2904
f 2904 4920 2864
f 2904 2864 774
f 4920 2905 773
f 4920 773 2864
f 2861 769 2905
f 2861 2905 4920
f 1129 3585 4921
f 1129 4921 3552
f 3552 4921 3587
f 3552 3587 1131
f 4921 3387 1049
f 4921 1049 3587
f 3585 1047 3387
f 3585 3387 4921
f 23 4194 4922
f 23 4922 1501
f 1501 4922 4192
f 1501 4192 24
f 4922 2906 772
f 4922 772 4192
f 4194 768 2906
f 4194 2906 4922
f 768 2860 4923
f 768 4923 2906
f 2906 4923 2863
f 2906 2863 772
f 4923 2907 771
f 4923 771 2863
f 2860 767 2907
f 2860 2907 4923
f 767 2859 4924
f 767 4924 2907
f 2907 4924 2862
f 2907 2862 771
f 4924 2908 770
f 4924 770 2862
f 2859 766 2908
f 2859 2908 4924
f 766 2858 4925
f 766 4925 2908
f 2908 4925 2861
f 2908 2861 770
f 4925 2909 769
f 4925 769 2861
f 2858 765 2909
f 2858 2909 4925
f 1127 3583 4926
f 1127 4926 3555
f 3555 4926 3585
f 3555 3585 1129
f 4926 3384 1047
f 4926 1047 3585
f 3583 1045 3384
f 3583 3384 4926
f 18 4153 4927
f 18 4927 1502
f 1502 4927 4194
f 1502 4194 23
f 4927 2910 768
f 4927 768 4194
f 4153 764 2910
f 4153 2910 4927
f 764 2857 4928
f 764 4928 2910
f 2910 4928 2860
f 2910 2860 768
f 4928 2911 767
f 4928 767 2860
f 2857 763 2911
f 2857 2911 4928
f 763 2856 4929
f 763 4929 2911
f 2911 4929 2859
f 2911 2859 767
f 4929 2912 766
f 4929 766 2859
f 2856 762 2912
f 2856 2912 4929
f 762 2855 4930
f 762 4930 2912
f 2912 4930 2858
f 2912 2858 766
f 4930 2913 765
f 4930 765 2858
f 2855 761 2913
f 2855 2913 4930
f 1125 3581 4931
f 1125 4931 3558
f 3558 4931 3583
f 3558 3583 1127
f 4931 3381 1045
f 4931 1045 3583
f 3581 1043 3381
f 3581 3381 4931
f 21 4199 4932
f 21 4932 1506
f 1506 4932 4153
f 1506 4153 18
f 4932 2914 764
f 4932 764 4153
f 4199 760 2914
f 4199 2914 4932
f 760 2854 4933
f 760 4933 2914
f 2914 4933 2857
f 2914 2857 764
f 4933 2915 763
f 4933 763 2857
f 2854 759 2915
f 2854 2915 4933
f 759 2853 4934
f 759 4934 2915
f 2915 4934 2856
f 2915 2856 763
f 4934 2916 762
f 4934 762 2856
f 2853 758 2916
f 2853 2916 4934
f 758 2852 4935
f 758 4935 2916
f 2916 4935 2855
f 2916 2855 762
f 4935 2917 761
f 4935 761 2855
f 2852 757 2917
f 2852 2917 4935
f 1143 3577 4936
f 1143 4936 3564
f 3564 4936 3580
f 3564 3580 1123
f 4936 3375 1041
f 4936 1041 3580
f 3577 1060 3375
f 3577 3375 4936
f 22 4201 4937
f 22 4937 1498
f 1498 4937 4199
f 1498 4199 21
f 4937 2918 760
f 4937 760 4199
f 4201 809 2918
f 4201 2918 4937
f 809 2978 4938
f 809 4938 2918
f 2918 4938 2854
f 2918 2854 760
f 4938 2919 759
f 4938 759 2854
f 2978 810 2919
f 2978 2919 4938
f 810 2977 4939
f 810 4939 2919
f 2919 4939 2853
f 2919 2853 759
f 4939 2920 758
f 4939 758 2853
f 2977 811 2920
f 2977 2920 4939
f 811 2976 4940
f 811 4940 2920
f 2920 4940 2852
f 2920 2852 758
f 4940 2921 757
f 4940 757 2852
f 2976 812 2921
f 2976 2921 4940
f 757 3578 4941
f 757 4941 2917
f 2917 4941 3579
f 2917 3579 761
f 4941 3562 1124
f 4941 1124 3579
f 3578 1122 3562
f 3578 3562 4941
f 4 4145 4942
f 4 4942 1454
f 1454 4942 4146
f 1454 4146 3
f 4942 2922 756
f 4942 756 4146
f 4145 752 2922
f 4145 2922 4942
f 752 2848 4943
f 752 4943 2922
f 2922 4943 2851
f 2922 2851 756
f 4943 2923 755
f 4943 755 2851
f 2848 751 2923
f 2848 2923 4943
f 751 2847 4944
f 751 4944 2923
f 2923 4944 2850
f 2923 2850 755
f 4944 2924 754
f 4944 754 2850
f 2847 750 2924
f 2847 2924 4944
f 750 2846 4945
f 750 4945 2924
f 2924 4945 2849
f 2924 2849 754
f 4945 2925 753
f 4945 753 2849
f 2846 749 2925
f 2846 2925 4945
f 797 3431 4946
f 797 4946 3571
f 3571 4946 3574
f 3571 3574 1118
f 4946 3371 1093
f 4946 1093 3574
f 3431 1036 3371
f 3431 3371 4946
f 9 4152 4947
f 9 4947 1489
f 1489 4947 4145
f 1489 4145 4
f 4947 2926 752
f 4947 752 4145
f 4152 798 2926
f 4152 2926 4947
f 798 2959 4948
f 798 4948 2926
f 2926 4948 2848
f 2926 2848 752
f 4948 2927 751
f 4948 751 2848
f 2959 799 2927
f 2959 2927 4948
f 799 2958 4949
f 799 4949 2927
f 2927 4949 2847
f 2927 2847 751
f 4949 2928 750
f 4949 750 2847
f 2958 800 2928
f 2958 2928 4949
f 800 2957 4950
f 800 4950 2928
f 2928 4950 2846
f 2928 2846 750
f 4950 2929 749
f 4950 749 2846
f 2957 801 2929
f 2957 2929 4950
f 749 3572 4951
f 749 4951 2925
f 2925 4951 3573
f 2925 3573 753
f 4951 3568 1121
f 4951 1121 3573
f 3572 1119 3568
f 3572 3568 4951
f 6 4143 4952
f 6 4952 1486
f 1486 4952 4144
f 1486 4144 5
f 4952 2930 748
f 4952 748 4144
f 4143 743 2930
f 4143 2930 4952
f 743 2840 4953
f 743 4953 2930
f 2930 4953 2845
f 2930 2845 748
f 4953 2931 747
f 4953 747 2845
f 2840 742 2931
f 2840 2931 4953
f 742 2839 4954
f 742 4954 2931
f 2931 4954 2844
f 2931 2844 747
f 4954 2932 746
f 4954 746 2844
f 2839 741 2932
f 2839 2932 4954
f 741 2838 4955
f 741 4955 2932
f 2932 4955 2843
f 2932 2843 746
f 4955 2933 745
f 4955 745 2843
f 2838 740 2933
f 2838 2933 4955
f 740 2837 4956
f 740 4956 2933
f 2933 4956 2842
f 2933 2842 745
f 4956 2934 744
f 4956 744 2842
f 2837 739 2934
f 2837 2934 4956
f 7 4142 4957
f 7 4957 1487
f 1487 4957 4143
f 1487 4143 6
f 4957 2935 743
f 4957 743 4143
f 4142 738 2935
f 4142 2935 4957
f 738 2835 4958
f 738 4958 2935
f 2935 4958 2840
f 2935 2840 743
f 4958 2936 742
f 4958 742 2840
f 2835 737 2936
f 2835 2936 4958
f 737 2834 4959
f 737 4959 2936
f 2936 4959 2839
f 2936 2839 742
f 4959 2937 741
f 4959 741 2839
f 2834 736 2937
f 2834 2937 4959
f 736 2833 4960
f 736 4960 2937
f 2937 4960 2838
f 2937 2838 741
f 4960 2938 740
f 4960 740 2838
f 2833 735 2938
f 2833 2938 4960
f 735 2832 4961
f 735 4961 2938
f 2938 4961 2837
f 2938 2837 740
f 4961 2939 739
f 4961 739 2837
f 2832 734 2939
f 2832 2939 4961
f 8 4141 4962
f 8 4962 1488
f 1488 4962 4142
f 1488 4142 7
f 4962 2940 738
f 4962 738 4142
f 4141 733 2940
f 4141 2940 4962
f 733 2830 4963
f 733 4963 2940
f 2940 4963 2835
f 2940 2835 738
f 4963 2941 737
f 4963 737 2835
f 2830 732 2941
f 2830 2941 4963
f 732 2829 4964
f 732 4964 2941
f 2941 4964 2834
f 2941 2834 737
f 4964 2942 736
f 4964 736 2834
f 2829 731 2942
f 2829 2942 4964
f 731 2828 4965
f 731 4965 2942
f 2942 4965 2833
f 2942 2833 736
f 4965 2943 735
f 4965 735 2833
f 2828 730 2943
f 2828 2943 4965
f 730 2827 4966
f 730 4966 2943
f 2943 4966 2832
f 2943 2832 735
f 4966 2944 734
f 4966 734 2832
f 2827 729 2944
f 2827 2944 4966
f 11 4154 4967
f 11 4967 1497
f 1497 4967 4141
f 1497 4141 8
f 4967 2945 733
f 4967 733 4141
f 4154 804 2945
f 4154 2945 4967
f 804 2970 4968
f 804 4968 2945
f 2945 4968 2830
f 2945 2830 733
f 4968 2946 732
f 4968 732 2830
f 2970 805 2946
f 2970 2946 4968
f 805 2969 4969
f 805 4969 2946
f 2946 4969 2829
f 2946 2829 732
f 4969 2947 731
f 4969 731 2829
f 2969 806 2947
f 2969 2947 4969
f 806 2968 4970
f 806 4970 2947
f 2947 4970 2828
f 2947 2828 731
f 4970 2948 730
f 4970 730 2828
f 2968 807 2948
f 2968 2948 4970
f 807 2967 4971
f 807 4971 2948
f 2948 4971 2827
f 2948 2827 730
f 4971 2949 729
f 4971 729 2827
f 2967 808 2949
f 2967 2949 4971
f 1243 3778 4972
f 1243 4972 3738
f 3738 4972 3779
f 3738 3779 1240
f 4972 3661 1189
f 4972 1189 3779
f 3778 1192 3661
f 3778 3661 4972
f 1185 3651 4973
f 1185 4973 3714
f 3714 4973 3627
f 3714 3627 1160
f 4973 3713 1159
f 4973 1159 3627
f 3651 1180 3713
f 3651 3713 4973
f 1236 3730 4974
f 1236 4974 3774
f 3774 4974 3650
f 3774 3650 1181
f 4974 3768 1177
f 4974 1177 3650
f 3730 1234 3768
f 3730 3768 4974
f 1225 3702 4975
f 1225 4975 3722
f 3722 4975 3637
f 3722 3637 1170
f 4975 3720 1165
f 4975 1165 3637
f 3702 1204 3720
f 3702 3720 4975
f 745 2842 4976
f 745 4976 2954
f 2954 4976 2956
f 2954 2956 801
f 4976 2955 802
f 4976 802 2956
f 2842 744 2955
f 2842 2955 4976
f 746 2843 4977
f 746 4977 2953
f 2953 4977 2957
f 2953 2957 800
f 4977 2954 801
f 4977 801 2957
f 2843 745 2954
f 2843 2954 4977
f 747 2844 4978
f 747 4978 2952
f 2952 4978 2958
f 2952 2958 799
f 4978 2953 800
f 4978 800 2958
f 2844 746 2953
f 2844 2953 4978
f 748 2845 4979
f 748 4979 2951
f 2951 4979 2959
f 2951 2959 798
f 4979 2952 799
f 4979 799 2959
f 2845 747 2952
f 2845 2952 4979
f 5 4144 4980
f 5 4980 1485
f 1485 4980 4152
f 1485 4152 9
f 4980 2951 798
f 4980 798 4152
f 4144 748 2951
f 4144 2951 4980
f 744 2841 4981
f 744 4981 2955
f 2955 4981 2960
f 2955 2960 802
f 5642 2950 797
f 5642 797 5582
f 5581 723 2950
f 5581 2950 5642
f 727 2825 4982
f 727 4982 2965
f 2965 4982 2967
f 2965 2967 807
f 4982 2966 808
f 4982 808 2967
f 2825 728 2966
f 2825 2966 4982
f 726 2824 4983
f 726 4983 2964
f 2964 4983 2968
f 2964 2968 806
f 4983 2965 807
f 4983 807 2968
f 2824 727 2965
f 2824 2965 4983
f 725 2823 4984
f 725 4984 2963
f 2963 4984 2969
f 2963 2969 805
f 4984 2964 806
f 4984 806 2969
f 2823 726 2964
f 2823 2964 4984
f 724 2822 4985
f 724 4985 2962
f 2962 4985 2970
f 2962 2970 804
f 4985 2963 805
f 4985 805 2970
f 2822 725 2963
f 2822 2963 4985
f 10 4151 4986
f 10 4986 1496
f 1496 4986 4154
f 1496 4154 11
f 4986 2962 804
f 4986 804 4154
f 4151 724 2962
f 4151 2962 4986
f 728 2817 4987
f 728 4987 2966
f 2966 4987 2971
f 2966 2971 808
f 5643 2961 803
f 5643 803 5583
f 5577 719 2961
f 5577 2961 5643
f 1120 3575 4988
f 1120 4988 3569
f 3569 4988 3577
f 3569 3577 1143
f 4988 3404 1060
f 4988 1060 3577
f 3575 1039 3404
f 3575 3404 4988
f 754 2849 4989
f 754 4989 2974
f 2974 4989 2976
f 2974 2976 811
f 4989 2975 812
f 4989 812 2976
f 2849 753 2975
f 2849 2975 4989
f 755 2850 4990
f 755 4990 2973
f 2973 4990 2977
f 2973 2977 810
f 4990 2974 811
f 4990 811 2977
f 2850 754 2974
f 2850 2974 4990
f 756 2851 4991
f 756 4991 2972
f 2972 4991 2978
f 2972 2978 809
f 4991 2973 810
f 4991 810 2978
f 2851 755 2973
f 2851 2973 4991
f 3 4146 4992
f 3 4992 1505
f 1505 4992 4201
f 1505 4201 22
f 4992 2972 809
f 4992 809 4201
f 4146 756 2972
f 4146 2972 4992
f 819 3049 4993
f 819 4993 3085
f 3085 4993 3084
f 3085 3084 867
f 4993 3086 862
f 4993 862 3084
f 3049 818 3086
f 3049 3086 4993
f 830 3019 4994
f 830 4994 3088
f 3088 4994 3070
f 3088 3070 864
f 4994 3089 873
f 4994 873 3070
f 3019 849 3089
f 3019 3089 4994
f 842 3025 4995
f 842 4995 3091
f 3091 4995 3074
f 3091 3074 866
f 4995 3087 869
f 4995 869 3074
f 3025 831 3087
f 3025 3087 4995
f 1063 3429 4996
f 1063 4996 3439
f 3439 4996 3359
f 3439 3359 1000
f 4996 3443 1026
f 4996 1026 3359
f 3429 1078 3443
f 3429 3443 4996
f 843 3037 4997
f 843 4997 3090
f 3090 4997 3079
f 3090 3079 871
f 4997 3091 866
f 4997 866 3079
f 3037 842 3091
f 3037 3091 4997
f 831 3043 4998
f 831 4998 3087
f 3087 4998 3081
f 3087 3081 869
f 4998 3088 864
f 4998 864 3081
f 3043 830 3088
f 3043 3088 4998
f 861 3083 4999
f 861 4999 3082
f 3082 4999 3062
f 3082 3062 884
f 4999 3075 882
f 4999 882 3062
f 3083 868 3075
f 3083 3075 4999
f 1016 3287 5000
f 1016 5000 3450
f 3450 5000 3409
f 3450 3409 1077
f 5000 3451 1074
f 5000 1074 3409
f 3287 1017 3451
f 3287 3451 5000
f 1073 3421 5001
f 1073 5001 3434
f 3434 5001 3283
f 3434 3283 1005
f 5001 3448 1004
f 5001 1004 3283
f 3421 1070 3448
f 3421 3448 5001
f 1004 4059 5002
f 1004 5002 3308
f 3308 5002 4055
f 3308 4055 1091
f 5002 4014 1401
f 5002 1401 4055
f 4059 1392 4014
f 4059 4014 5002
f 1068 4060 5003
f 1068 5003 3419
f 3419 5003 4045
f 3419 4045 1069
f 5003 4022 1399
f 5003 1399 4045
f 4060 1396 4022
f 4060 4022 5003
f 1003 3979 5004
f 1003 5004 3309
f 3309 5004 3975
f 3309 3975 1085
f 5004 3934 1369
f 5004 1369 3975
f 3979 1360 3934
f 3979 3934 5004
f 1066 3980 5005
f 1066 5005 3417
f 3417 5005 3965
f 3417 3965 1067
f 5005 3942 1367
f 5005 1367 3965
f 3980 1364 3942
f 3980 3942 5005
f 1062 3441 5006
f 1062 5006 3430
f 3430 5006 3442
f 3430 3442 1079
f 5006 3090 871
f 5006 871 3442
f 3441 843 3090
f 3441 3090 5006
f 721 2819 5007
f 721 5007 2994
f 2994 5007 3014
f 2994 3014 825
f 5007 2985 854
f 5007 854 3014
f 2819 720 2985
f 2819 2985 5007
f 825 3014 5008
f 825 5008 2995
f 2995 5008 3015
f 2995 3015 826
f 5008 3012 853
f 5008 853 3015
f 3014 854 3012
f 3014 3012 5008
f 1377 3995 5009
f 1377 5009 4039
f 4039 5009 3040
f 4039 3040 834
f 5009 4040 827
f 5009 827 3040
f 3995 1374 4040
f 3995 4040 5009
f 1378 3986 5010
f 1378 5010 4041
f 4041 5010 3022
f 4041 3022 839
f 5010 4039 834
f 5010 834 3022
f 3986 1377 4039
f 3986 4039 5010
f 1345 3915 5011
f 1345 5011 3959
f 3959 5011 3041
f 3959 3041 833
f 5011 3960 828
f 5011 828 3041
f 3915 1342 3960
f 3915 3960 5011
f 1346 3906 5012
f 1346 5012 3961
f 3961 5012 3023
f 3961 3023 840
f 5012 3959 833
f 5012 833 3023
f 3906 1345 3959
f 3906 3959 5012
f 828 3017 5013
f 828 5013 2996
f 2996 5013 3018
f 2996 3018 829
f 5013 3011 850
f 5013 850 3018
f 3017 851 3011
f 3017 3011 5013
f 829 3018 5014
f 829 5014 2997
f 2997 5014 3019
f 2997 3019 830
f 5014 3010 849
f 5014 849 3019
f 3018 850 3010
f 3018 3010 5014
f 723 2821 5015
f 723 5015 3002
f 3002 5015 3020
f 3002 3020 837
f 5015 2982 836
f 5015 836 3020
f 2821 722 2982
f 2821 2982 5015
f 837 3020 5016
f 837 5016 3003
f 3003 5016 3021
f 3003 3021 838
f 5016 3001 835
f 5016 835 3021
f 3020 836 3001
f 3020 3001 5016
f 847 3033 5017
f 847 5017 4043
f 4043 5017 3994
f 4043 3994 1381
f 5017 4042 1379
f 5017 1379 3994
f 3033 838 4042
f 3033 4042 5017
f 838 3021 5018
f 838 5018 4042
f 4042 5018 3988
f 4042 3988 1379
f 5018 4037 1376
f 5018 1376 3988
f 3021 835 4037
f 3021 4037 5018
f 846 3034 5019
f 846 5019 3963
f 3963 5019 3914
f 3963 3914 1349
f 5019 3962 1347
f 5019 1347 3914
f 3034 839 3962
f 3034 3962 5019
f 839 3022 5020
f 839 5020 3962
f 3962 5020 3908
f 3962 3908 1347
f 5020 3957 1344
f 5020 1344 3908
f 3022 834 3957
f 3022 3957 5020
f 840 3023 5021
f 840 5021 3004
f 3004 5021 3024
f 3004 3024 841
f 5021 3000 832
f 5021 832 3024
f 3023 833 3000
f 3023 3000 5021
f 841 3024 5022
f 841 5022 3005
f 3005 5022 3025
f 3005 3025 842
f 5022 2999 831
f 5022 831 3025
f 3024 832 2999
f 3024 2999 5022
f 720 2818 5023
f 720 5023 2985
f 2985 5023 3026
f 2985 3026 854
f 5023 2980 824
f 5023 824 3026
f 2818 803 2980
f 2818 2980 5023
f 854 3026 5024
f 854 5024 3012
f 3012 5024 3027
f 3012 3027 853
f 5024 2993 823
f 5024 823 3027
f 3026 824 2993
f 3026 2993 5024
f 835 3039 5025
f 835 5025 4037
f 4037 5025 3996
f 4037 3996 1376
f 5025 4038 1375
f 5025 1375 3996
f 3039 826 4038
f 3039 4038 5025
f 853 3027 5026
f 853 5026 4036
f 4036 5026 3991
f 4036 3991 1382
f 5026 4033 1372
f 5026 1372 3991
f 3027 823 4033
f 3027 4033 5026
f 834 3040 5027
f 834 5027 3957
f 3957 5027 3916
f 3957 3916 1344
f 5027 3958 1343
f 5027 1343 3916
f 3040 827 3958
f 3040 3958 5027
f 852 3028 5028
f 852 5028 3956
f 3956 5028 3911
f 3956 3911 1350
f 5028 3953 1340
f 5028 1340 3911
f 3028 822 3953
f 3028 3953 5028
f 851 3029 5029
f 851 5029 3011
f 3011 5029 3030
f 3011 3030 850
f 5029 2992 820
f 5029 820 3030
f 3029 821 2992
f 3029 2992 5029
f 850 3030 5030
f 850 5030 3010
f 3010 5030 3031
f 3010 3031 849
f 5030 2991 819
f 5030 819 3031
f 3030 820 2991
f 3030 2991 5030
f 797 2950 5031
f 797 5031 2984
f 2984 5031 3032
f 2984 3032 848
f 5031 3002 837
f 5031 837 3032
f 2950 723 3002
f 2950 3002 5031
f 848 3032 5032
f 848 5032 3009
f 3009 5032 3033
f 3009 3033 847
f 5032 3003 838
f 5032 838 3033
f 3032 837 3003
f 3032 3003 5032
f 1380 3992 5033
f 1380 5033 4044
f 4044 5033 3034
f 4044 3034 846
f 5033 4041 839
f 5033 839 3034
f 3992 1378 4041
f 3992 4041 5033
f 1399 4026 5034
f 1399 5034 4045
f 4045 5034 3447
f 4045 3447 1069
f 5034 4044 846
f 5034 846 3447
f 4026 1380 4044
f 4026 4044 5034
f 1348 3912 5035
f 1348 5035 3964
f 3964 5035 3035
f 3964 3035 845
f 5035 3961 840
f 5035 840 3035
f 3912 1346 3961
f 3912 3961 5035
f 1367 3946 5036
f 1367 5036 3965
f 3965 5036 3445
f 3965 3445 1067
f 5036 3964 845
f 5036 845 3445
f 3946 1348 3964
f 3946 3964 5036
f 845 3035 5037
f 845 5037 3008
f 3008 5037 3036
f 3008 3036 844
f 5037 3004 841
f 5037 841 3036
f 3035 840 3004
f 3035 3004 5037
f 844 3036 5038
f 844 5038 3007
f 3007 5038 3037
f 3007 3037 843
f 5038 3005 842
f 5038 842 3037
f 3036 841 3005
f 3036 3005 5038
f 722 2820 5039
f 722 5039 2982
f 2982 5039 3038
f 2982 3038 836
f 5039 2994 825
f 5039 825 3038
f 2820 721 2994
f 2820 2994 5039
f 836 3038 5040
f 836 5040 3001
f 3001 5040 3039
f 3001 3039 835
f 5040 2995 826
f 5040 826 3039
f 3038 825 2995
f 3038 2995 5040
f 826 3015 5041
f 826 5041 4038
f 4038 5041 3984
f 4038 3984 1375
f 5041 4036 1382
f 5041 1382 3984
f 3015 853 4036
f 3015 4036 5041
f 1374 3982 5042
f 1374 5042 4040
f 4040 5042 3016
f 4040 3016 827
f 5042 4035 852
f 5042 852 3016
f 3982 1383 4035
f 3982 4035 5042
f 827 3016 5043
f 827 5043 3958
f 3958 5043 3904
f 3958 3904 1343
f 5043 3956 1350
f 5043 1350 3904
f 3016 852 3956
f 3016 3956 5043
f 1342 3902 5044
f 1342 5044 3960
f 3960 5044 3017
f 3960 3017 828
f 5044 3955 851
f 5044 851 3017
f 3902 1351 3955
f 3902 3955 5044
f 833 3041 5045
f 833 5045 3000
f 3000 5045 3042
f 3000 3042 832
f 5045 2996 829
f 5045 829 3042
f 3041 828 2996
f 3041 2996 5045
f 832 3042 5046
f 832 5046 2999
f 2999 5046 3043
f 2999 3043 831
f 5046 2997 830
f 5046 830 3043
f 3042 829 2997
f 3042 2997 5046
f 803 2961 5047
f 803 5047 2980
f 2980 5047 3044
f 2980 3044 824
f 5047 2986 813
f 5047 813 3044
f 2961 719 2986
f 2961 2986 5047
f 824 3044 5048
f 824 5048 2993
f 2993 5048 3045
f 2993 3045 823
f 5048 2987 814
f 5048 814 3045
f 3044 813 2987
f 3044 2987 5048
f 1385 4034 5049
f 1385 5049 4002
f 4002 5049 4032
f 4002 4032 1371
f 5049 3354 815
f 5049 815 4032
f 4034 979 3354
f 4034 3354 5049
f 823 3045 5050
f 823 5050 4033
f 4033 5050 3999
f 4033 3999 1372
f 5050 4030 1370
f 5050 1370 3999
f 3045 814 4030
f 3045 4030 5050
f 1353 3954 5051
f 1353 5051 3922
f 3922 5051 3952
f 3922 3952 1339
f 5051 3263 816
f 5051 816 3952
f 3954 978 3263
f 3954 3263 5051
f 822 3046 5052
f 822 5052 3953
f 3953 5052 3919
f 3953 3919 1340
f 5052 3950 1338
f 5052 1338 3919
f 3046 815 3950
f 3046 3950 5052
f 821 3047 5053
f 821 5053 2992
f 2992 5053 3048
f 2992 3048 820
f 5053 2988 817
f 5053 817 3048
f 3047 816 2988
f 3047 2988 5053
f 820 3048 5054
f 820 5054 2991
f 2991 5054 3049
f 2991 3049 819
f 5054 2989 818
f 5054 818 3049
f 3048 817 2989
f 3048 2989 5054
f 1081 3893 5055
f 1081 5055 3437
f 3437 5055 3900
f 3437 3900 1027
f 5055 3870 1337
f 5055 1337 3900
f 3893 1330 3870
f 3893 3870 5055
f 865 3072 5056
f 865 5056 3886
f 3886 5056 3878
f 3886 3878 1331
f 5056 3887 1327
f 5056 1327 3878
f 3072 870 3887
f 3072 3887 5056
f 849 3031 5057
f 849 5057 3089
f 3089 5057 3077
f 3089 3077 873
f 5057 3085 867
f 5057 867 3077
f 3031 819 3085
f 3031 3085 5057
f 874 3076 5058
f 874 5058 3888
f 3888 5058 3884
f 3888 3884 1323
f 5058 3889 1322
f 5058 1322 3884
f 3076 868 3889
f 3076 3889 5058
f 872 3078 5059
f 872 5059 3899
f 3899 5059 3876
f 3899 3876 1333
f 5059 3886 1331
f 5059 1331 3876
f 3078 865 3886
f 3078 3886 5059
f 870 3080 5060
f 870 5060 3887
f 3887 5060 3881
f 3887 3881 1327
f 5060 3890 1324
f 5060 1324 3881
f 3080 863 3890
f 3080 3890 5060
f 863 3068 5061
f 863 5061 3890
f 3890 5061 3883
f 3890 3883 1324
f 5061 3888 1323
f 5061 1323 3883
f 3068 874 3888
f 3068 3888 5061
f 859 3453 5062
f 859 5062 3013
f 3013 5062 3452
f 3013 3452 860
f 5062 3411 1075
f 5062 1075 3452
f 3453 1076 3411
f 3453 3411 5062
f 858 3096 5063
f 858 5063 3057
f 3057 5063 3070
f 3057 3070 873
f 5063 3069 864
f 5063 864 3070
f 3096 855 3069
f 3096 3069 5063
f 877 3094 5064
f 877 5064 2998
f 2998 5064 3074
f 2998 3074 869
f 5064 3073 866
f 5064 866 3074
f 3094 880 3073
f 3094 3073 5064
f 881 3092 5065
f 881 5065 3061
f 3061 5065 3077
f 3061 3077 867
f 5065 3057 873
f 5065 873 3077
f 3092 858 3057
f 3092 3057 5065
f 880 3050 5066
f 880 5066 3073
f 3073 5066 3079
f 3073 3079 866
f 5066 3056 871
f 5066 871 3079
f 3050 860 3056
f 3050 3056 5066
f 855 2981 5067
f 855 5067 3069
f 3069 5067 3081
f 3069 3081 864
f 5067 2998 869
f 5067 869 3081
f 2981 877 2998
f 2981 2998 5067
f 883 3058 5068
f 883 5068 3052
f 3052 5068 3084
f 3052 3084 862
f 5068 3061 867
f 5068 867 3084
f 3058 881 3061
f 3058 3061 5068
f 868 3083 5069
f 868 5069 3889
f 3889 5069 3873
f 3889 3873 1322
f 5069 3885 1335
f 5069 1335 3873
f 3083 861 3885
f 3083 3885 5069
f 884 3062 5070
f 884 5070 2983
f 2983 5070 3058
f 2983 3058 883
f 5070 3059 881
f 5070 881 3058
f 3062 882 3059
f 3062 3059 5070
f 863 3080 5071
f 863 5071 3006
f 3006 5071 3051
f 3006 3051 856
f 5071 3071 878
f 5071 878 3051
f 3080 870 3071
f 3080 3071 5071
f 856 3051 5072
f 856 5072 3054
f 3054 5072 2981
f 3054 2981 855
f 5072 3060 877
f 5072 877 2981
f 3051 878 3060
f 3051 3060 5072
f 865 3078 5073
f 865 5073 3053
f 3053 5073 3063
f 3053 3063 879
f 5073 3064 859
f 5073 859 3063
f 3078 872 3064
f 3078 3064 5073
f 879 3063 5074
f 879 5074 2990
f 2990 5074 3050
f 2990 3050 880
f 5074 3013 860
f 5074 860 3050
f 3063 859 3013
f 3063 3013 5074
f 868 3076 5075
f 868 5075 3075
f 3075 5075 2979
f 3075 2979 882
f 5075 3067 857
f 5075 857 2979
f 3076 874 3067
f 3076 3067 5075
f 882 2979 5076
f 882 5076 3059
f 3059 5076 3092
f 3059 3092 881
f 5076 3055 858
f 5076 858 3092
f 2979 857 3055
f 2979 3055 5076
f 870 3072 5077
f 870 5077 3071
f 3071 5077 3093
f 3071 3093 878
f 5077 3053 879
f 5077 879 3093
f 3072 865 3053
f 3072 3053 5077
f 878 3093 5078
f 878 5078 3060
f 3060 5078 3094
f 3060 3094 877
f 5078 2990 880
f 5078 880 3094
f 3093 879 2990
f 3093 2990 5078
f 874 3068 5079
f 874 5079 3067
f 3067 5079 3095
f 3067 3095 857
f 5079 3006 856
f 5079 856 3095
f 3068 863 3006
f 3068 3006 5079
f 857 3095 5080
f 857 5080 3055
f 3055 5080 3096
f 3055 3096 858
f 5080 3054 855
f 5080 855 3096
f 3095 856 3054
f 3095 3054 5080
f 1017 3329 5081
f 1017 5081 3451
f 3451 5081 3426
f 3451 3426 1074
f 5081 3443 1078
f 5081 1078 3426
f 3329 1026 3443
f 3329 3443 5081
f 971 3227 5082
f 971 5082 3248
f 5589 5644 3097
f 5589 3097 966
f 5644 5584 885
f 5644 885 3097
f 3227 891 3102
f 3227 3102 5082
f 891 3222 5083
f 891 5083 3102
f 5584 5645 3098
f 5584 3098 885
f 5645 5585 886
f 5645 886 3098
f 3222 896 3107
f 3222 3107 5083
f 896 3217 5084
f 896 5084 3107
f 5585 5646 3099
f 5585 3099 886
f 5646 5586 887
f 5646 887 3099
f 3217 901 3112
f 3217 3112 5084
f 901 3212 5085
f 901 5085 3112
f 5586 5647 3100
f 5586 3100 887
f 5647 5587 888
f 5647 888 3100
f 3212 906 3117
f 3212 3117 5085
f 812 3576 5086
f 812 5086 2921
f 2921 5086 3578
f 2921 3578 757
f 5086 3565 1122
f 5086 1122 3578
f 3576 1142 3565
f 3576 3565 5086
f 965 3207 5087
f 965 5087 3238
f 5588 5648 3624
f 5588 3624 960
f 5648 5590 1144
f 5648 1144 3624
f 3207 911 3435
f 3207 3435 5087
f 761 3579 5088
f 761 5088 2913
f 2913 5088 3582
f 2913 3582 765
f 5088 3559 1126
f 5088 1126 3582
f 3579 1124 3559
f 3579 3559 5088
f 928 3186 5089
f 928 5089 3518
f 3518 5089 3496
f 3518 3496 1101
f 5089 3520 1103
f 5089 1103 3496
f 3186 932 3520
f 3186 3520 5089
f 765 3582 5090
f 765 5090 2909
f 2909 5090 3584
f 2909 3584 769
f 5090 3556 1128
f 5090 1128 3584
f 3582 1126 3556
f 3582 3556 5090
f 769 3584 5091
f 769 5091 2905
f 2905 5091 3586
f 2905 3586 773
f 5091 3553 1130
f 5091 1130 3586
f 3584 1128 3553
f 3584 3553 5091
f 773 3586 5092
f 773 5092 2901
f 2901 5092 3588
f 2901 3588 777
f 5092 3550 1132
f 5092 1132 3588
f 3586 1130 3550
f 3586 3550 5092
f 777 3588 5093
f 777 5093 2897
f 2897 5093 3590
f 2897 3590 781
f 5093 3547 1134
f 5093 1134 3590
f 3588 1132 3547
f 3588 3547 5093
f 781 3590 5094
f 781 5094 2893
f 2893 5094 3592
f 2893 3592 785
f 5094 3544 1136
f 5094 1136 3592
f 3590 1134 3544
f 3590 3544 5094
f 785 3592 5095
f 785 5095 2889
f 2889 5095 3594
f 2889 3594 789
f 5095 3541 1138
f 5095 1138 3594
f 3592 1136 3541
f 3592 3541 5095
f 789 3594 5096
f 789 5096 2885
f 2885 5096 3596
f 2885 3596 793
f 5096 3538 1140
f 5096 1140 3596
f 3594 1138 3538
f 3594 3538 5096
f 1233 3763 5097
f 1233 5097 3769
f 3769 5097 3701
f 3769 3701 1172
f 5097 3773 1221
f 5097 1221 3701
f 3763 1258 3773
f 3763 3773 5097
f 5723 4186 5098
f 5723 5098 5739
f 5739 5098 4166
f 5739 4166 5717
f 5098 3787 959
f 5098 959 4166
f 4186 1246 3787
f 4186 3787 5098
f 1247 3786 5099
f 1247 5099 3744
f 3744 5099 3784
f 3744 3784 1245
f 5099 3670 1196
f 5099 1196 3784
f 3786 1201 3670
f 3786 3670 5099
f 956 3781 5100
f 956 5100 3532
f 3532 5100 3782
f 3532 3782 1115
f 5100 3754 1253
f 5100 1253 3782
f 3781 1241 3754
f 3781 3754 5100
f 1254 3795 5101
f 1254 5101 3757
f 3757 5101 3788
f 3757 3788 1251
f 5101 3691 1208
f 5101 1208 3788
f 3795 1213 3691
f 3795 3691 5101
f 5718 5740 5102
f 5718 5102 4167
f 4167 5102 3159
f 4167 3159 955
f 5102 4166 959
f 5102 959 3159
f 5740 5717 4166
f 5740 4166 5102
f 955 3159 5103
f 955 5103 3155
f 3155 5103 3160
f 3155 3160 954
f 5103 3158 958
f 5103 958 3160
f 3159 959 3158
f 3159 3158 5103
f 954 3160 5104
f 954 5104 3154
f 3154 5104 3161
f 3154 3161 953
f 5104 3157 957
f 5104 957 3161
f 3160 958 3157
f 3160 3157 5104
f 953 3161 5105
f 953 5105 3153
f 3153 5105 3162
f 3153 3162 952
f 5105 3156 956
f 5105 956 3162
f 3161 957 3156
f 3161 3156 5105
f 1112 3479 5106
f 1112 5106 3531
f 3531 5106 3400
f 3531 3400 1056
f 5106 3533 1058
f 5106 1058 3400
f 3479 1114 3533
f 3479 3533 5106
f 951 3163 5107
f 951 5107 3152
f 3152 5107 3164
f 3152 3164 950
f 5107 3155 954
f 5107 954 3164
f 3163 955 3155
f 3163 3155 5107
f 950 3164 5108
f 950 5108 3151
f 3151 5108 3165
f 3151 3165 949
f 5108 3154 953
f 5108 953 3165
f 3164 954 3154
f 3164 3154 5108
f 949 3165 5109
f 949 5109 3150
f 3150 5109 3166
f 3150 3166 948
f 5109 3153 952
f 5109 952 3166
f 3165 953 3153
f 3165 3153 5109
f 1110 3482 5110
f 1110 5110 3529
f 3529 5110 3397
f 3529 3397 1054
f 5110 3531 1056
f 5110 1056 3397
f 3482 1112 3531
f 3482 3531 5110
f 15 1491 5111
f 15 5111 4160
f 4160 5111 3167
f 4160 3167 947
f 5111 4161 951
f 5111 951 3167
f 1491 16 4161
f 1491 4161 5111
f 947 3167 5112
f 947 5112 3149
f 3149 5112 3168
f 3149 3168 946
f 5112 3152 950
f 5112 950 3168
f 3167 951 3152
f 3167 3152 5112
f 946 3168 5113
f 946 5113 3148
f 3148 5113 3169
f 3148 3169 945
f 5113 3151 949
f 5113 949 3169
f 3168 950 3151
f 3168 3151 5113
f 945 3169 5114
f 945 5114 3147
f 3147 5114 3170
f 3147 3170 944
f 5114 3150 948
f 5114 948 3170
f 3169 949 3150
f 3169 3150 5114
f 1108 3485 5115
f 1108 5115 3527
f 3527 5115 3394
f 3527 3394 1052
f 5115 3529 1054
f 5115 1054 3394
f 3485 1110 3529
f 3485 3529 5115
f 5691 5116 4168
f 5691 4168 5719
f 5116 3171 943
f 5116 943 4168
f 4160 947 3171
f 4160 3171 5116
f 943 3171 5117
f 943 5117 3146
f 3146 5117 3172
f 3146 3172 942
f 5117 3149 946
f 5117 946 3172
f 3171 947 3149
f 3171 3149 5117
f 942 3172 5118
f 942 5118 3145
f 3145 5118 3173
f 3145 3173 941
f 5118 3148 945
f 5118 945 3173
f 3172 946 3148
f 3172 3148 5118
f 941 3173 5119
f 941 5119 3144
f 3144 5119 3174
f 3144 3174 940
f 5119 3147 944
f 5119 944 3174
f 3173 945 3147
f 3173 3147 5119
f 1106 3488 5120
f 1106 5120 3525
f 3525 5120 3391
f 3525 3391 1050
f 5120 3527 1052
f 5120 1052 3391
f 3488 1108 3527
f 3488 3527 5120
f 5720 5741 5121
f 5720 5121 4169
f 4169 5121 3175
f 4169 3175 939
f 5121 4168 943
f 5121 943 3175
f 5741 5719 4168
f 5741 4168 5121
f 939 3175 5122
f 939 5122 3143
f 3143 5122 3176
f 3143 3176 938
f 5122 3146 942
f 5122 942 3176
f 3175 943 3146
f 3175 3146 5122
f 938 3176 5123
f 938 5123 3142
f 3142 5123 3177
f 3142 3177 937
f 5123 3145 941
f 5123 941 3177
f 3176 942 3145
f 3176 3145 5123
f 937 3177 5124
f 937 5124 3141
f 3141 5124 3178
f 3141 3178 936
f 5124 3144 940
f 5124 940 3178
f 3177 941 3144
f 3177 3144 5124
f 1104 3491 5125
f 1104 5125 3523
f 3523 5125 3388
f 3523 3388 1048
f 5125 3525 1050
f 5125 1050 3388
f 3491 1106 3525
f 3491 3525 5125
f 935 3179 5126
f 935 5126 3140
f 3140 5126 3180
f 3140 3180 934
f 5126 3143 938
f 5126 938 3180
f 3179 939 3143
f 3179 3143 5126
f 934 3180 5127
f 934 5127 3139
f 3139 5127 3181
f 3139 3181 933
f 5127 3142 937
f 5127 937 3181
f 3180 938 3142
f 3180 3142 5127
f 933 3181 5128
f 933 5128 3138
f 3138 5128 3182
f 3138 3182 932
f 5128 3141 936
f 5128 936 3182
f 3181 937 3141
f 3181 3141 5128
f 1102 3494 5129
f 1102 5129 3521
f 3521 5129 3385
f 3521 3385 1046
f 5129 3523 1048
f 5129 1048 3385
f 3494 1104 3523
f 3494 3523 5129
f 931 3183 5130
f 931 5130 3137
f 3137 5130 3184
f 3137 3184 930
f 5130 3140 934
f 5130 934 3184
f 3183 935 3140
f 3183 3140 5130
f 930 3184 5131
f 930 5131 3136
f 3136 5131 3185
f 3136 3185 929
f 5131 3139 933
f 5131 933 3185
f 3184 934 3139
f 3184 3139 5131
f 929 3185 5132
f 929 5132 3135
f 3135 5132 3186
f 3135 3186 928
f 5132 3138 932
f 5132 932 3186
f 3185 933 3138
f 3185 3138 5132
f 1100 3497 5133
f 1100 5133 3519
f 3519 5133 3382
f 3519 3382 1044
f 5133 3521 1046
f 5133 1046 3382
f 3497 1102 3521
f 3497 3521 5133
f 269 5726 5134
f 269 5134 4171
f 4171 5134 3187
f 4171 3187 927
f 5134 4170 931
f 5134 931 3187
f 5726 268 4170
f 5726 4170 5134
f 927 3187 5135
f 927 5135 3134
f 3134 5135 3188
f 3134 3188 926
f 5135 3137 930
f 5135 930 3188
f 3187 931 3137
f 3187 3137 5135
f 926 3188 5136
f 926 5136 3133
f 3133 5136 3189
f 3133 3189 925
f 5136 3136 929
f 5136 929 3189
f 3188 930 3136
f 3188 3136 5136
f 925 3189 5137
f 925 5137 3132
f 3132 5137 3190
f 3132 3190 924
f 5137 3135 928
f 5137 928 3190
f 3189 929 3135
f 3189 3135 5137
f 1098 3500 5138
f 1098 5138 3517
f 3517 5138 3379
f 3517 3379 1042
f 5138 3519 1044
f 5138 1044 3379
f 3500 1100 3519
f 3500 3519 5138
f 5721 5742 5139
f 5721 5139 4172
f 4172 5139 3191
f 4172 3191 923
f 5139 4171 927
f 5139 927 3191
f 269 4171 5139
f 269 5139 5742
f 923 3191 5140
f 923 5140 3131
f 3131 5140 3192
f 3131 3192 922
f 5140 3134 926
f 5140 926 3192
f 3191 927 3134
f 3191 3134 5140
f 922 3192 5141
f 922 5141 3130
f 3130 5141 3193
f 3130 3193 921
f 5141 3133 925
f 5141 925 3193
f 3192 926 3133
f 3192 3133 5141
f 921 3193 5142
f 921 5142 3129
f 3129 5142 3194
f 3129 3194 920
f 5142 3132 924
f 5142 924 3194
f 3193 925 3132
f 3193 3132 5142
f 1096 3503 5143
f 1096 5143 3515
f 3515 5143 3376
f 3515 3376 1040
f 5143 3517 1042
f 5143 1042 3376
f 3503 1098 3517
f 3503 3517 5143
f 5716 5743 5144
f 5716 5144 4163
f 4163 5144 3195
f 4163 3195 972
f 5144 4172 923
f 5144 923 3195
f 5743 5721 4172
f 5743 4172 5144
f 972 3195 5145
f 972 5145 3255
f 3255 5145 3196
f 3255 3196 973
f 5145 3131 922
f 5145 922 3196
f 3195 923 3131
f 3195 3131 5145
f 973 3196 5146
f 973 5146 3254
f 3254 5146 3197
f 3254 3197 974
f 5146 3130 921
f 5146 921 3197
f 3196 922 3130
f 3196 3130 5146
f 974 3197 5147
f 974 5147 3253
f 3253 5147 3198
f 3253 3198 975
f 5147 3129 920
f 5147 920 3198
f 3197 921 3129
f 3197 3129 5147
f 1116 3506 5148
f 1116 5148 3512
f 3512 5148 3373
f 3512 3373 1061
f 5148 3515 1040
f 5148 1040 3373
f 3506 1096 3515
f 3506 3515 5148
f 4158 5149 3199
f 4158 3199 915
f 5149 4159 919
f 5149 919 3199
f 5744 5715 4159
f 5744 4159 5149
f 915 3199 5150
f 915 5150 3125
f 3125 5150 3200
f 3125 3200 914
f 5150 3128 918
f 5150 918 3200
f 3199 919 3128
f 3199 3128 5150
f 914 3200 5151
f 914 5151 3124
f 3124 5151 3201
f 3124 3201 913
f 5151 3127 917
f 5151 917 3201
f 3200 918 3127
f 3200 3127 5151
f 913 3201 5152
f 913 5152 3123
f 3123 5152 3202
f 3123 3202 912
f 5152 3126 916
f 5152 916 3202
f 3201 917 3126
f 3201 3126 5152
f 1095 3508 5153
f 1095 5153 3511
f 3511 5153 3403
f 3511 3403 1038
f 5153 3512 1061
f 5153 1061 3403
f 3508 1116 3512
f 3508 3512 5153
f 17 1492 5154
f 17 5154 4162
f 4162 5154 3203
f 4162 3203 961
f 5154 4158 915
f 5154 915 3203
f 1492 14 4158
f 1492 4158 5154
f 961 3203 5155
f 961 5155 3237
f 3237 5155 3204
f 3237 3204 962
f 5155 3125 914
f 5155 914 3204
f 3203 915 3125
f 3203 3125 5155
f 962 3204 5156
f 962 5156 3236
f 3236 5156 3205
f 3236 3205 963
f 5156 3124 913
f 5156 913 3205
f 3204 914 3124
f 3204 3124 5156
f 963 3205 5157
f 963 5157 3235
f 3235 5157 3206
f 3235 3206 964
f 5157 3123 912
f 5157 912 3206
f 3205 913 3123
f 3205 3123 5157
f 964 3206 5158
f 964 5158 3234
f 3234 5158 3207
f 3234 3207 965
f 5158 3122 911
f 5158 911 3207
f 3206 912 3122
f 3206 3122 5158
f 12 1494 5159
f 12 5159 4156
f 4156 5159 3208
f 4156 3208 905
f 5159 4157 910
f 5159 910 3208
f 1494 13 4157
f 1494 4157 5159
f 905 3208 5160
f 905 5160 3116
f 3116 5160 3209
f 3116 3209 904
f 5160 3121 909
f 5160 909 3209
f 3208 910 3121
f 3208 3121 5160
f 904 3209 5161
f 904 5161 3115
f 3115 5161 3210
f 3115 3210 903
f 5161 3120 908
f 5161 908 3210
f 3209 909 3120
f 3209 3120 5161
f 903 3210 5162
f 903 5162 3114
f 3114 5162 3211
f 3114 3211 902
f 5162 3119 907
f 5162 907 3211
f 3210 908 3119
f 3210 3119 5162
f 902 3211 5163
f 902 5163 3113
f 3113 5163 3212
f 3113 3212 901
f 5163 3118 906
f 5163 906 3212
f 3211 907 3118
f 3211 3118 5163
f 5690 1495 5164
f 5690 5164 4155
f 4155 5164 3213
f 4155 3213 900
f 5164 4156 905
f 5164 905 3213
f 1495 12 4156
f 1495 4156 5164
f 900 3213 5165
f 900 5165 3111
f 3111 5165 3214
f 3111 3214 899
f 5165 3116 904
f 5165 904 3214
f 3213 905 3116
f 3213 3116 5165
f 899 3214 5166
f 899 5166 3110
f 3110 5166 3215
f 3110 3215 898
f 5166 3115 903
f 5166 903 3215
f 3214 904 3115
f 3214 3115 5166
f 898 3215 5167
f 898 5167 3109
f 3109 5167 3216
f 3109 3216 897
f 5167 3114 902
f 5167 902 3216
f 3215 903 3114
f 3215 3114 5167
f 897 3216 5168
f 897 5168 3108
f 3108 5168 3217
f 3108 3217 896
f 5168 3113 901
f 5168 901 3217
f 3216 902 3113
f 3216 3113 5168
f 5690 4155 5169
f 5690 5169 5727
f 5727 5169 4193
f 5727 4193 5710
f 5169 3218 895
f 5169 895 4193
f 4155 900 3218
f 4155 3218 5169
f 895 3218 5170
f 895 5170 3106
f 3106 5170 3219
f 3106 3219 894
f 5170 3111 899
f 5170 899 3219
f 3218 900 3111
f 3218 3111 5170
f 894 3219 5171
f 894 5171 3105
f 3105 5171 3220
f 3105 3220 893
f 5171 3110 898
f 5171 898 3220
f 3219 899 3110
f 3219 3110 5171
f 893 3220 5172
f 893 5172 3104
f 3104 5172 3221
f 3104 3221 892
f 5172 3109 897
f 5172 897 3221
f 3220 898 3109
f 3220 3109 5172
f 892 3221 5173
f 892 5173 3103
f 3103 5173 3222
f 3103 3222 891
f 5173 3108 896
f 5173 896 3222
f 3221 897 3108
f 3221 3108 5173
f 5710 4193 5174
f 5710 5174 5728
f 5728 5174 4164
f 5728 4164 5692
f 5174 3223 967
f 5174 967 4164
f 4193 895 3223
f 4193 3223 5174
f 967 3223 5175
f 967 5175 3247
f 3247 5175 3224
f 3247 3224 968
f 5175 3106 894
f 5175 894 3224
f 3223 895 3106
f 3223 3106 5175
f 968 3224 5176
f 968 5176 3246
f 3246 5176 3225
f 3246 3225 969
f 5176 3105 893
f 5176 893 3225
f 3224 894 3105
f 3224 3105 5176
f 969 3225 5177
f 969 5177 3245
f 3245 5177 3226
f 3245 3226 970
f 5177 3104 892
f 5177 892 3226
f 3225 893 3104
f 3225 3104 5177
f 970 3226 5178
f 970 5178 3244
f 3244 5178 3227
f 3244 3227 971
f 5178 3103 891
f 5178 891 3227
f 3226 892 3103
f 3226 3103 5178
f 1200 4180 5179
f 1200 5179 3719
f 3719 5179 4174
f 3719 4174 1164
f 5179 5729 5694
f 5179 5694 4174
f 4180 5700 5729
f 4180 5729 5179
f 1197 3667 5180
f 1197 5180 3718
f 3718 5180 3630
f 3718 3630 1163
f 5180 3719 1164
f 5180 1164 3630
f 3667 1200 3719
f 3667 3719 5180
f 1245 3784 5181
f 1245 5181 3741
f 3741 5181 3778
f 3741 3778 1243
f 5181 3666 1192
f 5181 1192 3778
f 3784 1196 3666
f 3784 3666 5181
f 1209 3688 5182
f 1209 5182 3721
f 3721 5182 3634
f 3721 3634 1166
f 5182 3723 1167
f 5182 1167 3634
f 3688 1212 3723
f 3688 3723 5182
f 907 3232 5183
f 907 5183 3118
f 3118 5183 3233
f 3118 3233 906
f 5183 3234 965
f 5183 965 3233
f 3232 964 3234
f 3232 3234 5183
f 908 3231 5184
f 908 5184 3119
f 3119 5184 3232
f 3119 3232 907
f 5184 3235 964
f 5184 964 3232
f 3231 963 3235
f 3231 3235 5184
f 909 3230 5185
f 909 5185 3120
f 3120 5185 3231
f 3120 3231 908
f 5185 3236 963
f 5185 963 3231
f 3230 962 3236
f 3230 3236 5185
f 910 3229 5186
f 910 5186 3121
f 3121 5186 3230
f 3121 3230 909
f 5186 3237 962
f 5186 962 3230
f 3229 961 3237
f 3229 3237 5186
f 13 1493 5187
f 13 5187 4157
f 4157 5187 3229
f 4157 3229 910
f 5187 4162 961
f 5187 961 3229
f 1493 17 4162
f 1493 4162 5187
f 906 3233 5188
f 906 5188 3117
f 5587 5649 3228
f 5587 3228 888
f 5649 5588 960
f 5649 960 3228
f 3233 965 3238
f 3233 3238 5188
f 727 3243 5189
f 727 5189 2825
f 2825 5189 3239
f 2825 3239 728
f 5189 3244 971
f 5189 971 3239
f 3243 970 3244
f 3243 3244 5189
f 726 3242 5190
f 726 5190 2824
f 2824 5190 3243
f 2824 3243 727
f 5190 3245 970
f 5190 970 3243
f 3242 969 3245
f 3242 3245 5190
f 890 3241 5191
f 890 5191 3322
f 3322 5191 3242
f 3322 3242 726
f 5191 3246 969
f 5191 969 3242
f 3241 968 3246
f 3241 3246 5191
f 889 3240 5192
f 889 5192 3101
f 3101 5192 3241
f 3101 3241 890
f 5192 3247 968
f 5192 968 3241
f 3240 967 3247
f 3240 3247 5192
f 5693 5730 5193
f 5693 5193 4165
f 4165 5193 3240
f 4165 3240 889
f 5193 4164 967
f 5193 967 3240
f 5730 5692 4164
f 5730 4164 5193
f 728 3239 5194
f 728 5194 2817
f 5577 5650 3319
f 5577 3319 719
f 5650 5589 966
f 5650 966 3319
f 3239 971 3248
f 3239 3248 5194
f 912 3202 5195
f 912 5195 3122
f 3122 5195 3513
f 3122 3513 911
f 5195 3509 1094
f 5195 1094 3513
f 3202 916 3509
f 3202 3509 5195
f 917 3251 5196
f 917 5196 3126
f 3126 5196 3252
f 3126 3252 916
f 5196 3253 975
f 5196 975 3252
f 3251 974 3253
f 3251 3253 5196
f 918 3250 5197
f 918 5197 3127
f 3127 5197 3251
f 3127 3251 917
f 5197 3254 974
f 5197 974 3251
f 3250 973 3254
f 3250 3254 5197
f 919 3249 5198
f 919 5198 3128
f 3128 5198 3250
f 3128 3250 918
f 5198 3255 973
f 5198 973 3250
f 3249 972 3255
f 3249 3255 5198
f 920 3194 5199
f 920 5199 3514
f 3514 5199 3502
f 3514 3502 1097
f 5199 3516 1099
f 5199 1099 3502
f 3194 924 3516
f 3194 3516 5199
f 976 3355 5200
f 976 5200 3323
f 3323 5200 3086
f 3323 3086 818
f 5200 3353 862
f 5200 862 3086
f 3355 1022 3353
f 3355 3353 5200
f 987 3357 5201
f 987 5201 3294
f 3294 5201 3358
f 3294 3358 1006
f 5201 3340 1028
f 5201 1028 3358
f 3357 1019 3340
f 3357 3340 5201
f 999 3360 5202
f 999 5202 3300
f 3300 5202 3356
f 3300 3356 988
f 5202 3344 1024
f 5202 1024 3356
f 3360 1021 3344
f 3360 3344 5202
f 1066 3416 5203
f 1066 5203 3444
f 3444 5203 3282
f 3444 3282 1002
f 5203 3438 1001
f 5203 1001 3282
f 3416 1064 3438
f 3416 3438 5203
f 1000 3359 5204
f 1000 5204 3312
f 3312 5204 3470
f 3312 3470 1090
f 5204 3458 1086
f 5204 1086 3470
f 3359 1026 3458
f 3359 3458 5204
f 988 3356 5205
f 988 5205 3318
f 3318 5205 3357
f 3318 3357 987
f 5205 3351 1019
f 5205 1019 3357
f 3356 1024 3351
f 3356 3351 5205
f 861 3082 5206
f 861 5206 3256
f 3256 5206 3345
f 3256 3345 1023
f 5206 3352 1035
f 5206 1035 3345
f 3082 884 3352
f 3082 3352 5206
f 876 3475 5207
f 876 5207 3473
f 3473 5207 3369
f 3473 3369 1092
f 5207 3511 1038
f 5207 1038 3369
f 3475 1095 3511
f 3475 3511 5207
f 1072 3432 5208
f 1072 5208 3422
f 3422 5208 3449
f 3422 3449 1071
f 5208 3009 847
f 5208 847 3449
f 3432 848 3009
f 3432 3009 5208
f 1394 4047 5209
f 1394 5209 4012
f 4012 5209 4034
f 4012 4034 1385
f 5209 3303 979
f 5209 979 4034
f 4047 1009 3303
f 4047 3303 5209
f 1071 3449 5210
f 1071 5210 4046
f 4046 5210 4025
f 4046 4025 1398
f 5210 4043 1381
f 5210 1381 4025
f 3449 847 4043
f 3449 4043 5210
f 1362 3967 5211
f 1362 5211 3932
f 3932 5211 3954
f 3932 3954 1353
f 5211 3304 978
f 5211 978 3954
f 3967 1008 3304
f 3967 3304 5211
f 1069 3447 5212
f 1069 5212 3966
f 3966 5212 3945
f 3966 3945 1366
f 5212 3963 1349
f 5212 1349 3945
f 3447 846 3963
f 3447 3963 5212
f 1067 3445 5213
f 1067 5213 3418
f 3418 5213 3440
f 3418 3440 1065
f 5213 3008 844
f 5213 844 3440
f 3445 845 3008
f 3445 3008 5213
f 1065 3440 5214
f 1065 5214 3415
f 3415 5214 3441
f 3415 3441 1062
f 5214 3007 843
f 5214 843 3441
f 3440 844 3007
f 3440 3007 5214
f 886 3268 5215
f 886 5215 3098
f 3098 5215 3262
f 3098 3262 885
f 5215 3289 1011
f 5215 1011 3262
f 3268 982 3289
f 3268 3289 5215
f 982 3269 5216
f 982 5216 3289
f 3289 5216 3286
f 3289 3286 1011
f 5216 3290 1010
f 5216 1010 3286
f 3269 983 3290
f 3269 3290 5216
f 1388 4052 5217
f 1388 5217 4018
f 4018 5217 4051
f 4018 4051 1387
f 5217 3315 984
f 5217 984 4051
f 4052 991 3315
f 4052 3315 5217
f 983 4050 5218
f 983 5218 3290
f 3290 5218 4048
f 3290 4048 1010
f 5218 4004 1395
f 5218 1395 4048
f 4050 1386 4004
f 4050 4004 5218
f 1356 3972 5219
f 1356 5219 3938
f 3938 5219 3971
f 3938 3971 1355
f 5219 3316 985
f 5219 985 3971
f 3972 990 3316
f 3972 3316 5219
f 984 3970 5220
f 984 5220 3291
f 3291 5220 3968
f 3291 3968 1009
f 5220 3924 1363
f 5220 1363 3968
f 3970 1354 3924
f 3970 3924 5220
f 985 3270 5221
f 985 5221 3292
f 3292 5221 3285
f 3292 3285 1008
f 5221 3293 1007
f 5221 1007 3285
f 3270 986 3293
f 3270 3293 5221
f 986 3271 5222
f 986 5222 3293
f 3293 5222 3284
f 3293 3284 1007
f 5222 3294 1006
f 5222 1006 3284
f 3271 987 3294
f 3271 3294 5222
f 888 3276 5223
f 888 5223 3100
f 3100 5223 3260
f 3100 3260 887
f 5223 3295 993
f 5223 993 3260
f 3276 994 3295
f 3276 3295 5223
f 994 3277 5224
f 994 5224 3295
f 3295 5224 3275
f 3295 3275 993
f 5224 3296 992
f 5224 992 3275
f 3277 995 3296
f 3277 3296 5224
f 1091 4055 5225
f 1091 5225 3463
f 3463 5225 4054
f 3463 4054 995
f 5225 4027 1390
f 5225 1390 4054
f 4055 1401 4027
f 4055 4027 5225
f 995 4054 5226
f 995 5226 3296
f 3296 5226 4049
f 3296 4049 992
f 5226 4008 1389
f 5226 1389 4049
f 4054 1390 4008
f 4054 4008 5226
f 1085 3975 5227
f 1085 5227 3457
f 3457 5227 3974
f 3457 3974 996
f 5227 3947 1358
f 5227 1358 3974
f 3975 1369 3947
f 3975 3947 5227
f 996 3974 5228
f 996 5228 3297
f 3297 5228 3969
f 3297 3969 991
f 5228 3928 1357
f 5228 1357 3969
f 3974 1358 3928
f 3974 3928 5228
f 997 3278 5229
f 997 5229 3298
f 3298 5229 3274
f 3298 3274 990
f 5229 3299 989
f 5229 989 3274
f 3278 998 3299
f 3278 3299 5229
f 998 3279 5230
f 998 5230 3299
f 3299 5230 3273
f 3299 3273 989
f 5230 3300 988
f 5230 988 3273
f 3279 999 3300
f 3279 3300 5230
f 885 3262 5231
f 885 5231 3097
f 3097 5231 3258
f 3097 3258 966
f 5231 3301 981
f 5231 981 3258
f 3262 1011 3301
f 3262 3301 5231
f 1011 3286 5232
f 1011 5232 3301
f 3301 5232 3267
f 3301 3267 981
f 5232 3302 980
f 5232 980 3267
f 3286 1010 3302
f 3286 3302 5232
f 992 4049 5233
f 992 5233 3314
f 3314 5233 4050
f 3314 4050 983
f 5233 4017 1386
f 5233 1386 4050
f 4049 1389 4017
f 4049 4017 5233
f 1010 4048 5234
f 1010 5234 3302
f 3302 5234 4029
f 3302 4029 980
f 5234 4011 1384
f 5234 1384 4029
f 4048 1395 4011
f 4048 4011 5234
f 991 3969 5235
f 991 5235 3315
f 3315 5235 3970
f 3315 3970 984
f 5235 3937 1354
f 5235 1354 3970
f 3969 1357 3937
f 3969 3937 5235
f 1009 3968 5236
f 1009 5236 3303
f 3303 5236 3949
f 3303 3949 979
f 5236 3931 1352
f 5236 1352 3949
f 3968 1363 3931
f 3968 3931 5236
f 1008 3285 5237
f 1008 5237 3304
f 3304 5237 3266
f 3304 3266 978
f 5237 3305 977
f 5237 977 3266
f 3285 1007 3305
f 3285 3305 5237
f 1007 3284 5238
f 1007 5238 3305
f 3305 5238 3265
f 3305 3265 977
f 5238 3306 976
f 5238 976 3265
f 3284 1006 3306
f 3284 3306 5238
f 1093 3472 5239
f 1093 5239 3366
f 3366 5239 3370
f 3366 3370 1039
f 5239 3369 1038
f 5239 1038 3370
f 3472 1092 3369
f 3472 3369 5239
f 1005 3283 5240
f 1005 5240 3307
f 3307 5240 3465
f 3307 3465 1089
f 5240 3308 1091
f 5240 1091 3465
f 3283 1004 3308
f 3283 3308 5240
f 1396 4060 5241
f 1396 5241 4024
f 4024 5241 4057
f 4024 4057 1393
f 5241 3446 1003
f 5241 1003 4057
f 4060 1068 3446
f 4060 3446 5241
f 1070 4058 5242
f 1070 5242 3448
f 3448 5242 4059
f 3448 4059 1004
f 5242 4023 1392
f 5242 1392 4059
f 4058 1397 4023
f 4058 4023 5242
f 1364 3980 5243
f 1364 5243 3944
f 3944 5243 3977
f 3944 3977 1361
f 5243 3444 1002
f 5243 1002 3977
f 3980 1066 3444
f 3980 3444 5243
f 1068 3978 5244
f 1068 5244 3446
f 3446 5244 3979
f 3446 3979 1003
f 5244 3943 1360
f 5244 1360 3979
f 3978 1365 3943
f 3978 3943 5244
f 1002 3282 5245
f 1002 5245 3310
f 3310 5245 3471
f 3310 3471 1087
f 5245 3311 1088
f 5245 1088 3471
f 3282 1001 3311
f 3282 3311 5245
f 1001 3281 5246
f 1001 5246 3311
f 3311 5246 3466
f 3311 3466 1088
f 5246 3312 1090
f 5246 1090 3466
f 3281 1000 3312
f 3281 3312 5246
f 887 3260 5247
f 887 5247 3099
f 3099 5247 3268
f 3099 3268 886
f 5247 3313 982
f 5247 982 3268
f 3260 993 3313
f 3260 3313 5247
f 993 3275 5248
f 993 5248 3313
f 3313 5248 3269
f 3313 3269 982
f 5248 3314 983
f 5248 983 3269
f 3275 992 3314
f 3275 3314 5248
f 1387 4051 5249
f 1387 5249 4006
f 4006 5249 4047
f 4006 4047 1394
f 5249 3291 1009
f 5249 1009 4047
f 4051 984 3291
f 4051 3291 5249
f 1391 4053 5250
f 1391 5250 4010
f 4010 5250 4052
f 4010 4052 1388
f 5250 3297 991
f 5250 991 4052
f 4053 996 3297
f 4053 3297 5250
f 1355 3971 5251
f 1355 5251 3926
f 3926 5251 3967
f 3926 3967 1362
f 5251 3292 1008
f 5251 1008 3967
f 3971 985 3292
f 3971 3292 5251
f 1359 3973 5252
f 1359 5252 3930
f 3930 5252 3972
f 3930 3972 1356
f 5252 3298 990
f 5252 990 3972
f 3973 997 3298
f 3973 3298 5252
f 990 3274 5253
f 990 5253 3316
f 3316 5253 3270
f 3316 3270 985
f 5253 3317 986
f 5253 986 3270
f 3274 989 3317
f 3274 3317 5253
f 989 3273 5254
f 989 5254 3317
f 3317 5254 3271
f 3317 3271 986
f 5254 3318 987
f 5254 987 3271
f 3273 988 3318
f 3273 3318 5254
f 966 3258 5255
f 966 5255 3319
f 3319 5255 2986
f 3319 2986 719
f 5255 3320 813
f 5255 813 2986
f 3258 981 3320
f 3258 3320 5255
f 981 3267 5256
f 981 5256 3320
f 3320 5256 2987
f 3320 2987 813
f 5256 3321 814
f 5256 814 2987
f 3267 980 3321
f 3267 3321 5256
f 1373 3998 5257
f 1373 5257 4031
f 4031 5257 3046
f 4031 3046 822
f 5257 4032 815
f 5257 815 3046
f 3998 1371 4032
f 3998 4032 5257
f 1383 3990 5258
f 1383 5258 4035
f 4035 5258 3028
f 4035 3028 852
f 5258 4031 822
f 5258 822 3028
f 3990 1373 4031
f 3990 4031 5258
f 1341 3918 5259
f 1341 5259 3951
f 3951 5259 3047
f 3951 3047 821
f 5259 3952 816
f 5259 816 3047
f 3918 1339 3952
f 3918 3952 5259
f 1351 3910 5260
f 1351 5260 3955
f 3955 5260 3029
f 3955 3029 851
f 5260 3951 821
f 5260 821 3029
f 3910 1341 3951
f 3910 3951 5260
f 978 3266 5261
f 978 5261 3263
f 3263 5261 2988
f 3263 2988 816
f 5261 3288 817
f 5261 817 2988
f 3266 977 3288
f 3266 3288 5261
f 977 3265 5262
f 977 5262 3288
f 3288 5262 2989
f 3288 2989 817
f 5262 3323 818
f 5262 818 2989
f 3265 976 3323
f 3265 3323 5262
f 1064 3413 5263
f 1064 5263 3438
f 3438 5263 3281
f 3438 3281 1001
f 5263 3439 1000
f 5263 1000 3281
f 3413 1063 3439
f 3413 3439 5263
f 1020 3894 5264
f 1020 5264 3342
f 3342 5264 3895
f 3342 3895 1025
f 5264 3874 1332
f 5264 1332 3895
f 3894 1334 3874
f 3894 3874 5264
f 1006 3358 5265
f 1006 5265 3306
f 3306 5265 3355
f 3306 3355 976
f 5265 3347 1022
f 5265 1022 3355
f 3358 1028 3347
f 3358 3347 5265
f 1029 3896 5266
f 1029 5266 3346
f 3346 5266 3898
f 3346 3898 1023
f 5266 3882 1326
f 5266 1326 3898
f 3896 1325 3882
f 3896 3882 5266
f 1027 3900 5267
f 1027 5267 3348
f 3348 5267 3891
f 3348 3891 1084
f 5267 3869 1336
f 5267 1336 3891
f 3900 1337 3869
f 3900 3869 5267
f 1025 3895 5268
f 1025 5268 3350
f 3350 5268 3897
f 3350 3897 1018
f 5268 3877 1328
f 5268 1328 3897
f 3895 1332 3877
f 3895 3877 5268
f 1018 3897 5269
f 1018 5269 3338
f 3338 5269 3896
f 3338 3896 1029
f 5269 3880 1325
f 5269 1325 3896
f 3897 1328 3880
f 3897 3880 5269
f 1027 3336 5270
f 1027 5270 3437
f 3437 5270 3424
f 3437 3424 1081
f 5270 3450 1077
f 5270 1077 3424
f 3336 1016 3450
f 3336 3450 5270
f 1015 3330 5271
f 1015 5271 3365
f 3365 5271 3339
f 3365 3339 1012
f 5271 3340 1019
f 5271 1019 3339
f 3330 1028 3340
f 3330 3340 5271
f 1030 3272 5272
f 1030 5272 3363
f 3363 5272 3343
f 3363 3343 1033
f 5272 3344 1021
f 5272 1021 3343
f 3272 1024 3344
f 3272 3344 5272
f 1034 3333 5273
f 1034 5273 3361
f 3361 5273 3330
f 3361 3330 1015
f 5273 3347 1028
f 5273 1028 3330
f 3333 1022 3347
f 3333 3347 5273
f 1033 3343 5274
f 1033 5274 3324
f 3324 5274 3468
f 3324 3468 1083
f 5274 3349 1086
f 5274 1086 3468
f 3343 1021 3349
f 3343 3349 5274
f 1012 3339 5275
f 1012 5275 3259
f 3259 5275 3272
f 3259 3272 1030
f 5275 3351 1024
f 5275 1024 3272
f 3339 1019 3351
f 3339 3351 5275
f 883 3052 5276
f 883 5276 3334
f 3334 5276 3333
f 3334 3333 1034
f 5276 3353 1022
f 5276 1022 3333
f 3052 862 3353
f 3052 3353 5276
f 1023 3898 5277
f 1023 5277 3256
f 3256 5277 3885
f 3256 3885 861
f 5277 3872 1335
f 5277 1335 3885
f 3898 1326 3872
f 3898 3872 5277
f 884 2983 5278
f 884 5278 3352
f 3352 5278 3331
f 3352 3331 1035
f 5278 3334 1034
f 5278 1034 3331
f 2983 883 3334
f 2983 3334 5278
f 1018 3280 5279
f 1018 5279 3350
f 3350 5279 3341
f 3350 3341 1025
f 5279 3325 1031
f 5279 1031 3341
f 3280 1013 3325
f 3280 3325 5279
f 1013 3327 5280
f 1013 5280 3325
f 3325 5280 3332
f 3325 3332 1031
f 5280 3259 1030
f 5280 1030 3332
f 3327 1012 3259
f 3327 3259 5280
f 1020 3326 5281
f 1020 5281 3456
f 3456 5281 3467
f 3456 3467 1084
f 5281 3335 1082
f 5281 1082 3467
f 3326 1032 3335
f 3326 3335 5281
f 1032 3264 5282
f 1032 5282 3335
f 3335 5282 3464
f 3335 3464 1082
f 5282 3324 1083
f 5282 1083 3464
f 3264 1033 3324
f 3264 3324 5282
f 1023 3345 5283
f 1023 5283 3346
f 3346 5283 3337
f 3346 3337 1029
f 5283 3257 1014
f 5283 1014 3337
f 3345 1035 3257
f 3345 3257 5283
f 1035 3331 5284
f 1035 5284 3257
f 3257 5284 3328
f 3257 3328 1014
f 5284 3361 1015
f 5284 1015 3328
f 3331 1034 3361
f 3331 3361 5284
f 1025 3341 5285
f 1025 5285 3342
f 3342 5285 3326
f 3342 3326 1020
f 5285 3362 1032
f 5285 1032 3326
f 3341 1031 3362
f 3341 3362 5285
f 1031 3332 5286
f 1031 5286 3362
f 3362 5286 3264
f 3362 3264 1032
f 5286 3363 1033
f 5286 1033 3264
f 3332 1030 3363
f 3332 3363 5286
f 1029 3337 5287
f 1029 5287 3338
f 3338 5287 3280
f 3338 3280 1018
f 5287 3364 1013
f 5287 1013 3280
f 3337 1014 3364
f 3337 3364 5287
f 1014 3328 5288
f 1014 5288 3364
f 3364 5288 3327
f 3364 3327 1013
f 5288 3365 1012
f 5288 1012 3327
f 3328 1015 3365
f 3328 3365 5288
f 872 3436 5289
f 872 5289 3064
f 3064 5289 3453
f 3064 3453 859
f 5289 3425 1076
f 5289 1076 3453
f 3436 1080 3425
f 3436 3425 5289
f 860 3452 5290
f 860 5290 3056
f 3056 5290 3442
f 3056 3442 871
f 5290 3428 1079
f 5290 1079 3442
f 3452 1075 3428
f 3452 3428 5290
f 5703 4183 5291
f 5703 5291 5731
f 5291 3786 1247
f 5291 1247 4187
f 4183 1201 3786
f 4183 3786 5291
f 5696 4176 5292
f 5696 5292 5732
f 5732 5292 4175
f 5732 4175 5695
f 5292 3714 1160
f 5292 1160 4175
f 4176 1185 3714
f 4176 3714 5292
f 1251 3788 5293
f 1251 5293 3748
f 3748 5293 3789
f 3748 3789 1248
f 5293 3676 1205
f 5293 1205 3789
f 3788 1208 3676
f 3788 3676 5293
f 919 4159 5294
f 919 5294 3249
f 3249 5294 4163
f 3249 4163 972
f 951 4161 5295
f 951 5295 3163
f 3163 5295 4167
f 3163 4167 955
f 4161 16 1499
f 4161 1499 5295
f 1114 3794 5296
f 1114 5296 3533
f 3533 5296 3790
f 3533 3790 1058
f 5296 3756 1250
f 5296 1250 3790
f 3794 1255 3756
f 3794 3756 5296
f 1037 3261 5297
f 1037 5297 3368
f 3368 5297 3371
f 3368 3371 1036
f 5297 3472 1093
f 5297 1093 3371
f 3261 1092 3472
f 3261 3472 5297
f 1061 3373 5298
f 1061 5298 3372
f 3372 5298 3375
f 3372 3375 1060
f 5298 3374 1041
f 5298 1041 3375
f 3373 1040 3374
f 3373 3374 5298
f 1040 3376 5299
f 1040 5299 3374
f 3374 5299 3378
f 3374 3378 1041
f 5299 3377 1043
f 5299 1043 3378
f 3376 1042 3377
f 3376 3377 5299
f 1042 3379 5300
f 1042 5300 3377
f 3377 5300 3381
f 3377 3381 1043
f 5300 3380 1045
f 5300 1045 3381
f 3379 1044 3380
f 3379 3380 5300
f 1044 3382 5301
f 1044 5301 3380
f 3380 5301 3384
f 3380 3384 1045
f 5301 3383 1047
f 5301 1047 3384
f 3382 1046 3383
f 3382 3383 5301
f 1046 3385 5302
f 1046 5302 3383
f 3383 5302 3387
f 3383 3387 1047
f 5302 3386 1049
f 5302 1049 3387
f 3385 1048 3386
f 3385 3386 5302
f 1048 3388 5303
f 1048 5303 3386
f 3386 5303 3390
f 3386 3390 1049
f 5303 3389 1051
f 5303 1051 3390
f 3388 1050 3389
f 3388 3389 5303
f 1050 3391 5304
f 1050 5304 3389
f 3389 5304 3393
f 3389 3393 1051
f 5304 3392 1053
f 5304 1053 3393
f 3391 1052 3392
f 3391 3392 5304
f 1052 3394 5305
f 1052 5305 3392
f 3392 5305 3396
f 3392 3396 1053
f 5305 3395 1055
f 5305 1055 3396
f 3394 1054 3395
f 3394 3395 5305
f 1054 3397 5306
f 1054 5306 3395
f 3395 5306 3399
f 3395 3399 1055
f 5306 3398 1057
f 5306 1057 3399
f 3397 1056 3398
f 3397 3398 5306
f 1056 3400 5307
f 1056 5307 3398
f 3398 5307 3402
f 3398 3402 1057
f 5307 3401 1059
f 5307 1059 3402
f 3400 1058 3401
f 3400 3401 5307
f 1141 3597 5308
f 1141 5308 3792
f 3792 5308 3764
f 3792 3764 1256
f 5308 3791 1249
f 5308 1249 3764
f 3597 1059 3791
f 3597 3791 5308
f 1038 3403 5309
f 1038 5309 3370
f 3370 5309 3404
f 3370 3404 1039
f 5309 3372 1060
f 5309 1060 3404
f 3403 1061 3372
f 3403 3372 5309
f 1073 3406 5310
f 1073 5310 3405
f 3405 5310 3407
f 3405 3407 1072
f 5310 3368 1036
f 5310 1036 3407
f 3406 1037 3368
f 3406 3368 5310
f 1077 3409 5311
f 1077 5311 3408
f 3408 5311 3411
f 3408 3411 1076
f 5311 3410 1075
f 5311 1075 3411
f 3409 1074 3410
f 3409 3410 5311
f 1063 3413 5312
f 1063 5312 3412
f 3412 5312 3415
f 3412 3415 1062
f 5312 3414 1065
f 5312 1065 3415
f 3413 1064 3414
f 3413 3414 5312
f 1064 3416 5313
f 1064 5313 3414
f 3414 5313 3418
f 3414 3418 1065
f 5313 3417 1067
f 5313 1067 3418
f 3416 1066 3417
f 3416 3417 5313
f 1365 3978 5314
f 1365 5314 3940
f 3940 5314 3966
f 3940 3966 1366
f 5314 3419 1069
f 5314 1069 3966
f 3978 1068 3419
f 3978 3419 5314
f 1397 4058 5315
f 1397 5315 4020
f 4020 5315 4046
f 4020 4046 1398
f 5315 3420 1071
f 5315 1071 4046
f 4058 1070 3420
f 4058 3420 5315
f 1070 3421 5316
f 1070 5316 3420
f 3420 5316 3422
f 3420 3422 1071
f 5316 3405 1072
f 5316 1072 3422
f 3421 1073 3405
f 3421 3405 5316
f 1081 3424 5317
f 1081 5317 3423
f 3423 5317 3425
f 3423 3425 1080
f 5317 3408 1076
f 5317 1076 3425
f 3424 1077 3408
f 3424 3408 5317
f 1074 3426 5318
f 1074 5318 3410
f 3410 5318 3428
f 3410 3428 1075
f 5318 3427 1079
f 5318 1079 3428
f 3426 1078 3427
f 3426 3427 5318
f 1078 3429 5319
f 1078 5319 3427
f 3427 5319 3430
f 3427 3430 1079
f 5319 3412 1062
f 5319 1062 3430
f 3429 1063 3412
f 3429 3412 5319
f 1330 3893 5320
f 1330 5320 3879
f 3879 5320 3892
f 3879 3892 1329
f 5320 3423 1080
f 5320 1080 3892
f 3893 1081 3423
f 3893 3423 5320
f 916 3252 5321
f 916 5321 3509
f 3509 5321 3507
f 3509 3507 1094
f 5321 3510 1117
f 5321 1117 3507
f 3252 975 3510
f 3252 3510 5321
f 1005 3307 5322
f 1005 5322 3066
f 3066 5322 3065
f 3066 3065 875
f 5322 3469 960
f 5322 960 3065
f 3307 1089 3469
f 3307 3469 5322
f 975 3198 5323
f 975 5323 3510
f 3510 5323 3505
f 3510 3505 1117
f 5323 3514 1097
f 5323 1097 3505
f 3198 920 3514
f 3198 3514 5323
f 1082 3464 5324
f 1082 5324 3454
f 3454 5324 3287
f 3454 3287 1016
f 5324 3455 1017
f 5324 1017 3287
f 3464 1083 3455
f 3464 3455 5324
f 1084 3891 5325
f 1084 5325 3456
f 3456 5325 3894
f 3456 3894 1020
f 5325 3871 1334
f 5325 1334 3894
f 3891 1336 3871
f 3891 3871 5325
f 1089 3465 5326
f 1089 5326 3461
f 3461 5326 3277
f 3461 3277 994
f 5326 3463 995
f 5326 995 3277
f 3465 1091 3463
f 3465 3463 5326
f 1393 4057 5327
f 1393 5327 4016
f 4016 5327 4056
f 4016 4056 1400
f 5327 3309 1085
f 5327 1085 4056
f 4057 1003 3309
f 4057 3309 5327
f 1361 3977 5328
f 1361 5328 3936
f 3936 5328 3976
f 3936 3976 1368
f 5328 3310 1087
f 5328 1087 3976
f 3977 1002 3310
f 3977 3310 5328
f 1088 3466 5329
f 1088 5329 3460
f 3460 5329 3279
f 3460 3279 998
f 5329 3462 999
f 5329 999 3279
f 3466 1090 3462
f 3466 3462 5329
f 1084 3467 5330
f 1084 5330 3348
f 3348 5330 3336
f 3348 3336 1027
f 5330 3454 1016
f 5330 1016 3336
f 3467 1082 3454
f 3467 3454 5330
f 1083 3468 5331
f 1083 5331 3455
f 3455 5331 3329
f 3455 3329 1017
f 5331 3458 1026
f 5331 1026 3329
f 3468 1086 3458
f 3468 3458 5331
f 1089 3461 5332
f 1089 5332 3469
f 3469 5332 3228
f 3469 3228 960
f 5332 3276 888
f 5332 888 3228
f 3461 994 3276
f 3461 3276 5332
f 1090 3470 5333
f 1090 5333 3462
f 3462 5333 3360
f 3462 3360 999
f 5333 3349 1021
f 5333 1021 3360
f 3470 1086 3349
f 3470 3349 5333
f 1368 3976 5334
f 1368 5334 3948
f 3948 5334 3973
f 3948 3973 1359
f 5334 3459 997
f 5334 997 3973
f 3976 1087 3459
f 3976 3459 5334
f 1087 3471 5335
f 1087 5335 3459
f 3459 5335 3278
f 3459 3278 997
f 5335 3460 998
f 5335 998 3278
f 3471 1088 3460
f 3471 3460 5335
f 1400 4056 5336
f 1400 5336 4028
f 4028 5336 4053
f 4028 4053 1391
f 5336 3457 996
f 5336 996 4053
f 4056 1085 3457
f 4056 3457 5336
f 875 3367 5337
f 875 5337 3433
f 3433 5337 3261
f 3433 3261 1037
f 5337 3473 1092
f 5337 1092 3261
f 3367 876 3473
f 3367 3473 5337
f 1144 3623 5338
f 1144 5338 3599
f 3599 5338 3475
f 3599 3475 876
f 5338 3474 1095
f 5338 1095 3475
f 3623 1145 3474
f 3623 3474 5338
f 5603 5651 5339
f 5603 5339 3535
f 3535 5339 3772
f 3535 3772 1140
f 5339 3761 1259
f 5339 1259 3772
f 5651 5627 3761
f 5651 3761 5339
f 1147 3622 5340
f 1147 5340 3602
f 3602 5340 3479
f 3602 3479 1112
f 5340 3601 1114
f 5340 1114 3479
f 3622 1146 3601
f 3622 3601 5340
f 1148 3621 5341
f 1148 5341 3603
f 3603 5341 3482
f 3603 3482 1110
f 5341 3602 1112
f 5341 1112 3482
f 3621 1147 3602
f 3621 3602 5341
f 1149 3620 5342
f 1149 5342 3604
f 3604 5342 3485
f 3604 3485 1108
f 5342 3603 1110
f 5342 1110 3485
f 3620 1148 3603
f 3620 3603 5342
f 1150 3619 5343
f 1150 5343 3605
f 3605 5343 3488
f 3605 3488 1106
f 5343 3604 1108
f 5343 1108 3488
f 3619 1149 3604
f 3619 3604 5343
f 1151 3618 5344
f 1151 5344 3606
f 3606 5344 3491
f 3606 3491 1104
f 5344 3605 1106
f 5344 1106 3491
f 3618 1150 3605
f 3618 3605 5344
f 1152 3617 5345
f 1152 5345 3607
f 3607 5345 3494
f 3607 3494 1102
f 5345 3606 1104
f 5345 1104 3494
f 3617 1151 3606
f 3617 3606 5345
f 1153 3616 5346
f 1153 5346 3608
f 3608 5346 3497
f 3608 3497 1100
f 5346 3607 1102
f 5346 1102 3497
f 3616 1152 3607
f 3616 3607 5346
f 1154 3615 5347
f 1154 5347 3609
f 3609 5347 3500
f 3609 3500 1098
f 5347 3608 1100
f 5347 1100 3500
f 3615 1153 3608
f 3615 3608 5347
f 1155 3614 5348
f 1155 5348 3610
f 3610 5348 3503
f 3610 3503 1096
f 5348 3609 1098
f 5348 1098 3503
f 3614 1154 3609
f 3614 3609 5348
f 1156 3613 5349
f 1156 5349 3611
f 3611 5349 3506
f 3611 3506 1116
f 5349 3610 1096
f 5349 1096 3506
f 3613 1155 3610
f 3613 3610 5349
f 1261 3797 5350
f 1261 5350 3750
f 3750 5350 3795
f 3750 3795 1254
f 5350 3682 1213
f 5350 1213 3795
f 3797 1228 3682
f 3797 3682 5350
f 1145 3612 5351
f 1145 5351 3474
f 3474 5351 3508
f 3474 3508 1095
f 5351 3611 1116
f 5351 1116 3508
f 3612 1156 3611
f 3612 3611 5351
f 1216 3683 5352
f 1216 5352 3717
f 3717 5352 3633
f 3717 3633 1168
f 5352 3715 1161
f 5352 1161 3633
f 3683 1188 3715
f 3683 3715 5352
f 753 3573 5353
f 753 5353 2975
f 2975 5353 3576
f 2975 3576 812
f 5353 3570 1142
f 5353 1142 3576
f 3573 1121 3570
f 3573 3570 5353
f 5626 5652 5354
f 5626 5354 3759
f 3759 5354 3773
f 3759 3773 1258
f 5354 3697 1221
f 5354 1221 3773
f 5652 5621 3697
f 5652 3697 5354
f 5604 5653 5355
f 5604 5355 3536
f 3536 5355 3538
f 3536 3538 1138
f 5355 3535 1140
f 5355 1140 3538
f 5653 5603 3535
f 5653 3535 5355
f 5605 5654 5356
f 5605 5356 3539
f 3539 5356 3541
f 3539 3541 1136
f 5356 3536 1138
f 5356 1138 3541
f 5654 5604 3536
f 5654 3536 5356
f 5606 5655 5357
f 5606 5357 3542
f 3542 5357 3544
f 3542 3544 1134
f 5357 3539 1136
f 5357 1136 3544
f 5655 5605 3539
f 5655 3539 5357
f 5607 5656 5358
f 5607 5358 3545
f 3545 5358 3547
f 3545 3547 1132
f 5358 3542 1134
f 5358 1134 3547
f 5656 5606 3542
f 5656 3542 5358
f 5608 5657 5359
f 5608 5359 3548
f 3548 5359 3550
f 3548 3550 1130
f 5359 3545 1132
f 5359 1132 3550
f 5657 5607 3545
f 5657 3545 5359
f 5609 5658 5360
f 5609 5360 3551
f 3551 5360 3553
f 3551 3553 1128
f 5360 3548 1130
f 5360 1130 3553
f 5658 5608 3548
f 5658 3548 5360
f 5610 5659 5361
f 5610 5361 3554
f 3554 5361 3556
f 3554 3556 1126
f 5361 3551 1128
f 5361 1128 3556
f 5659 5609 3551
f 5659 3551 5361
f 5611 5660 5362
f 5611 5362 3557
f 3557 5362 3559
f 3557 3559 1124
f 5362 3554 1126
f 5362 1126 3559
f 5660 5610 3554
f 5660 3554 5362
f 5612 5661 5363
f 5612 5363 3560
f 3560 5363 3562
f 3560 3562 1122
f 5363 3557 1124
f 5363 1124 3562
f 5661 5611 3557
f 5661 3557 5363
f 5613 5662 5364
f 5613 5364 3563
f 3563 5364 3565
f 3563 3565 1142
f 5364 3560 1122
f 5364 1122 3565
f 5662 5612 3560
f 5662 3560 5364
f 5602 5663 5365
f 5602 5365 3534
f 3534 5365 3568
f 3534 3568 1119
f 5365 3567 1121
f 5365 1121 3568
f 5663 5614 3567
f 5663 3567 5365
f 5614 5664 5366
f 5614 5366 3567
f 3567 5366 3570
f 3567 3570 1121
f 5366 3563 1142
f 5366 1142 3570
f 5664 5613 3563
f 5664 3563 5366
f 1173 3698 5367
f 1173 5367 3711
f 3711 5367 3636
f 3711 3636 1157
f 5367 3712 1169
f 5367 1169 3636
f 3698 1220 3712
f 3698 3712 5367
f 802 2960 5368
f 802 5368 3598
f 3598 5368 3534
f 3598 3534 1119
f 5665 3571 1118
f 5665 1118 5602
f 5582 797 3571
f 5582 3571 5665
f 801 2956 5369
f 801 5369 2929
f 2929 5369 3572
f 2929 3572 749
f 5369 3598 1119
f 5369 1119 3572
f 2956 802 3598
f 2956 3598 5369
f 1094 3507 5370
f 1094 5370 3600
f 5615 5666 3612
f 5615 3612 1145
f 5666 5601 1156
f 5666 1156 3612
f 3507 1117 3504
f 3507 3504 5370
f 5622 3706 5371
f 5622 5371 5667
f 5667 5371 3638
f 5667 3638 5617
f 5371 3717 1168
f 5371 1168 3638
f 3706 1216 3717
f 3706 3717 5371
f 1117 3505 5372
f 1117 5372 3504
f 5601 5668 3613
f 5601 3613 1156
f 5668 5600 1155
f 5668 1155 3613
f 3505 1097 3501
f 3505 3501 5372
f 1097 3502 5373
f 1097 5373 3501
f 5600 5669 3614
f 5600 3614 1155
f 5669 5599 1154
f 5669 1154 3614
f 3502 1099 3498
f 3502 3498 5373
f 1099 3499 5374
f 1099 5374 3498
f 5599 5670 3615
f 5599 3615 1154
f 5670 5598 1153
f 5670 1153 3615
f 3499 1101 3495
f 3499 3495 5374
f 1101 3496 5375
f 1101 5375 3495
f 5598 5671 3616
f 5598 3616 1153
f 5671 5597 1152
f 5671 1152 3616
f 3496 1103 3492
f 3496 3492 5375
f 1103 3493 5376
f 1103 5376 3492
f 5597 5672 3617
f 5597 3617 1152
f 5672 5596 1151
f 5672 1151 3617
f 3493 1105 3489
f 3493 3489 5376
f 1105 3490 5377
f 1105 5377 3489
f 5596 5673 3618
f 5596 3618 1151
f 5673 5595 1150
f 5673 1150 3618
f 3490 1107 3486
f 3490 3486 5377
f 1107 3487 5378
f 1107 5378 3486
f 5595 5674 3619
f 5595 3619 1150
f 5674 5594 1149
f 5674 1149 3619
f 3487 1109 3483
f 3487 3483 5378
f 1109 3484 5379
f 1109 5379 3483
f 5594 5675 3620
f 5594 3620 1149
f 5675 5593 1148
f 5675 1148 3620
f 3484 1111 3480
f 3484 3480 5379
f 1111 3481 5380
f 1111 5380 3480
f 5593 5676 3621
f 5593 3621 1148
f 5676 5592 1147
f 5676 1147 3621
f 3481 1113 3477
f 3481 3477 5380
f 1113 3478 5381
f 1113 5381 3477
f 5592 5677 3622
f 5592 3622 1147
f 5677 5591 1146
f 5677 1146 3622
f 3478 1115 3476
f 3478 3476 5381
f 1252 3783 5382
f 1252 5382 3766
f 5628 5678 3797
f 5628 3797 1261
f 5678 5625 1228
f 5678 1228 3797
f 3783 1217 3709
f 3783 3709 5382
f 911 3513 5383
f 911 5383 3435
f 5590 5679 3623
f 5590 3623 1144
f 5679 5615 1145
f 5679 1145 3623
f 3513 1094 3600
f 3513 3600 5383
f 960 3624 5384
f 960 5384 3065
f 3065 5384 3367
f 3065 3367 875
f 5384 3599 876
f 5384 876 3367
f 3624 1144 3599
f 3624 3599 5384
f 935 3183 5385
f 935 5385 4173
f 3183 931 4170
f 3183 4170 5385
f 5720 4169 5386
f 5720 5386 2219
f 2219 5386 4173
f 2219 4173 5722
f 5386 3179 935
f 5386 935 4173
f 4169 939 3179
f 4169 3179 5386
f 1193 3663 5387
f 1193 5387 3716
f 3716 5387 3629
f 3716 3629 1162
f 5387 3718 1163
f 5387 1163 3629
f 3663 1197 3718
f 3663 3718 5387
f 957 3780 5388
f 957 5388 3156
f 3156 5388 3781
f 3156 3781 956
f 5388 3736 1241
f 5388 1241 3781
f 3780 1242 3736
f 3780 3736 5388
f 958 3785 5389
f 958 5389 3157
f 3157 5389 3780
f 3157 3780 957
f 5389 3739 1242
f 5389 1242 3780
f 3785 1244 3739
f 3785 3739 5389
f 1212 3678 5390
f 1212 5390 3723
f 3723 5390 3632
f 3723 3632 1167
f 5390 3724 1171
f 5390 1171 3632
f 3678 1229 3724
f 3678 3724 5390
f 1204 3672 5391
f 1204 5391 3720
f 3720 5391 3631
f 3720 3631 1165
f 5391 3721 1166
f 5391 1166 3631
f 3672 1209 3721
f 3672 3721 5391
f 794 2879 5392
f 794 5392 3770
f 3770 5392 3729
f 3770 3729 1235
f 5392 3771 1232
f 5392 1232 3729
f 2879 793 3771
f 2879 3771 5392
f 959 3787 5393
f 959 5393 3158
f 3158 5393 3785
f 3158 3785 958
f 5393 3742 1244
f 5393 1244 3785
f 3787 1246 3742
f 3787 3742 5393
f 795 2880 5394
f 795 5394 3775
f 3775 5394 3732
f 3775 3732 1237
f 5394 3770 1235
f 5394 1235 3732
f 2880 794 3770
f 2880 3770 5394
f 796 2881 5395
f 796 5395 3777
f 3777 5395 3734
f 3777 3734 1238
f 5395 3775 1237
f 5395 1237 3734
f 2881 795 3775
f 2881 3775 5395
f 1180 3646 5396
f 1180 5396 3713
f 3713 5396 3626
f 3713 3626 1159
f 5396 3710 1158
f 5396 1158 3626
f 3646 1176 3710
f 3646 3710 5396
f 1115 3782 5397
f 1115 5397 3476
f 5591 5680 3796
f 5591 3796 1146
f 5680 5629 1260
f 5680 1260 3796
f 3782 1253 3767
f 3782 3767 5397
f 5689 4150 5398
f 5689 5398 5733
f 5733 5398 4185
f 5733 4185 5705
f 5398 3777 1238
f 5398 1238 4185
f 4150 796 3777
f 4150 3777 5398
f 1146 3796 5399
f 1146 5399 3601
f 3601 5399 3794
f 3601 3794 1114
f 5399 3752 1255
f 5399 1255 3794
f 3796 1260 3752
f 3796 3752 5399
f 1188 3657 5400
f 1188 5400 3715
f 3715 5400 3628
f 3715 3628 1161
f 5400 3716 1162
f 5400 1162 3628
f 3657 1193 3716
f 3657 3716 5400
f 1220 3693 5401
f 1220 5401 3712
f 3712 5401 3635
f 3712 3635 1169
f 5681 3722 1170
f 5681 1170 5616
f 5618 1225 3722
f 5618 3722 5681
f 1058 3790 5402
f 1058 5402 3401
f 3401 5402 3791
f 3401 3791 1059
f 5402 3746 1249
f 5402 1249 3791
f 3790 1250 3746
f 3790 3746 5402
f 5998 6029 5403
f 5998 5403 3639
f 3639 5403 4177
f 3639 4177 1187
f 5403 5734 5697
f 5403 5697 4177
f 6029 6049 5734
f 6029 5734 5403
f 1187 4177 1186
f 1186 4177 4178
f 4177 5697 5698
f 4177 5698 4178
f 1186 4178 4179
f 1186 4179 1184
f 4178 5698 5699
f 4178 5699 4179
f 5999 6030 5404
f 5999 5404 3640
f 3640 5404 3643
f 3640 3643 1175
f 5404 3642 1178
f 5404 1178 3643
f 6030 6000 3642
f 6030 3642 5404
f 1175 3643 1174
f 1174 3643 3644
f 3643 1178 1179
f 3643 1179 3644
f 1174 3644 3645
f 1174 3645 1172
f 3644 1179 1177
f 3644 1177 3645
f 6000 6031 5405
f 6000 5405 3642
f 3642 5405 3648
f 3642 3648 1178
f 5405 3647 1182
f 5405 1182 3648
f 6031 6001 3647
f 6031 3647 5405
f 1178 3648 3649
f 1178 3649 1179
f 3648 1182 1183
f 3648 1183 3649
f 1179 3649 3650
f 1179 3650 1177
f 3649 1183 1181
f 3649 1181 3650
f 6001 6032 5406
f 6001 5406 3647
f 3647 5406 3652
f 3647 3652 1182
f 5406 3639 1187
f 5406 1187 3652
f 6032 5998 3639
f 6032 3639 5406
f 1182 3652 3653
f 1182 3653 1183
f 3652 1186 3653
f 3652 1187 1186
f 1183 3653 3654
f 1183 3654 1181
f 3653 1186 1184
f 3653 1184 3654
f 6048 6033 5407
f 6048 5407 5735
f 5735 5407 4181
f 5735 4181 5701
f 5407 3655 1202
f 5407 1202 4181
f 6033 6002 3655
f 6033 3655 5407
f 5701 4181 4182
f 5701 4182 5702
f 4181 1202 1203
f 4181 1203 4182
f 5702 4182 4183
f 5702 4183 5703
f 4182 1203 1201
f 4182 1201 4183
f 6003 6034 5408
f 6003 5408 3656
f 3656 5408 3659
f 3656 3659 1195
f 5408 3658 1190
f 5408 1190 3659
f 6034 6004 3658
f 6034 3658 5408
f 1195 3659 1194
f 1194 3659 3660
f 3659 1190 1191
f 3659 1191 3660
f 1194 3660 3661
f 1194 3661 1192
f 3660 1191 1189
f 3660 1189 3661
f 6005 6035 5409
f 6005 5409 3662
f 3662 5409 3664
f 3662 3664 1199
f 5409 3656 1195
f 5409 1195 3664
f 6035 6003 3656
f 6035 3656 5409
f 1199 3664 1198
f 1198 3664 3665
f 3664 1194 3665
f 3664 1195 1194
f 1198 3665 3666
f 1198 3666 1196
f 3665 1194 1192
f 3665 1192 3666
f 6002 6036 5410
f 6002 5410 3655
f 3655 5410 3668
f 3655 3668 1202
f 5410 3662 1199
f 5410 1199 3668
f 6036 6005 3662
f 6036 3662 5410
f 1202 3668 3669
f 1202 3669 1203
f 3668 1198 3669
f 3668 1199 1198
f 1203 3669 3670
f 1203 3670 1201
f 3669 1198 1196
f 3669 1196 3670
f 6006 6037 5411
f 6006 5411 3671
f 3671 5411 3674
f 3671 3674 1211
f 5411 3673 1206
f 5411 1206 3674
f 6037 6007 3673
f 6037 3673 5411
f 1211 3674 1210
f 1210 3674 3675
f 3674 1206 1207
f 3674 1207 3675
f 1210 3675 1208
f 1208 3675 3676
f 3675 1205 3676
f 3675 1207 1205
f 6008 6038 5412
f 6008 5412 3677
f 3677 5412 3680
f 3677 3680 1231
f 5412 3679 1214
f 5412 1214 3680
f 6038 6009 3679
f 6038 3679 5412
f 1231 3680 1230
f 1230 3680 3681
f 3680 1214 1215
f 3680 1215 3681
f 1230 3681 3682
f 1230 3682 1228
f 3681 1215 1213
f 3681 1213 3682
f 6004 6039 5413
f 6004 5413 3658
f 3658 5413 3685
f 3658 3685 1190
f 5413 3684 1218
f 5413 1218 3685
f 6039 6010 3684
f 6039 3684 5413
f 1190 3685 3686
f 1190 3686 1191
f 3685 1218 1219
f 3685 1219 3686
f 1191 3686 3687
f 1191 3687 1189
f 3686 1219 1217
f 3686 1217 3687
f 6009 6040 5414
f 6009 5414 3679
f 3679 5414 3689
f 3679 3689 1214
f 5414 3671 1211
f 5414 1211 3689
f 6040 6006 3671
f 6040 3671 5414
f 1214 3689 3690
f 1214 3690 1215
f 3689 1210 3690
f 3689 1211 1210
f 1215 3690 3691
f 1215 3691 1213
f 3690 1208 3691
f 3690 1210 1208
f 6047 6041 5415
f 6047 5415 5682
f 5682 5415 3695
f 5682 3695 5619
f 5415 3694 1222
f 5415 1222 3695
f 6041 6012 3694
f 6041 3694 5415
f 5619 3695 3696
f 5619 3696 5620
f 3695 1222 1223
f 3695 1223 3696
f 5620 3696 3697
f 5620 3697 5621
f 3696 1223 1221
f 3696 1221 3697
f 6012 6042 5416
f 6012 5416 3694
f 3694 5416 3699
f 3694 3699 1222
f 5416 3640 1175
f 5416 1175 3699
f 6042 5999 3640
f 6042 3640 5416
f 1222 3699 3700
f 1222 3700 1223
f 3699 1174 3700
f 3699 1175 1174
f 1223 3700 3701
f 1223 3701 1221
f 3700 1174 1172
f 3700 1172 3701
f 6007 6043 5417
f 6007 5417 3673
f 3673 5417 3703
f 3673 3703 1206
f 5417 3692 1227
f 5417 1227 3703
f 6043 6011 3692
f 6043 3692 5417
f 1206 3703 3704
f 1206 3704 1207
f 3703 1226 3704
f 3703 1227 1226
f 1207 3704 1205
f 1205 3704 3705
f 3704 1226 1224
f 3704 1224 3705
f 6010 6044 5418
f 6010 5418 3684
f 3684 5418 3707
f 3684 3707 1218
f 5683 3677 1231
f 5683 1231 5623
f 6046 6008 3677
f 6046 3677 5683
f 1218 3707 3708
f 1218 3708 1219
f 5623 1230 5624
f 5623 1231 1230
f 1219 3708 3709
f 1219 3709 1217
f 5624 1230 1228
f 5624 1228 5625
f 1176 3641 5419
f 1176 5419 3710
f 3710 5419 3625
f 3710 3625 1158
f 5419 3711 1157
f 5419 1157 3625
f 3641 1173 3711
f 3641 3711 5419
f 1239 4184 5420
f 1239 5420 3725
f 3725 5420 4185
f 3725 4185 1238
f 5420 5736 5705
f 5420 5705 4185
f 4184 5704 5736
f 4184 5736 5420
f 1233 3727 5421
f 1233 5421 3726
f 3726 5421 3729
f 3726 3729 1232
f 5421 3728 1235
f 5421 1235 3729
f 3727 1234 3728
f 3727 3728 5421
f 1234 3730 5422
f 1234 5422 3728
f 3728 5422 3732
f 3728 3732 1235
f 5422 3731 1237
f 5422 1237 3732
f 3730 1236 3731
f 3730 3731 5422
f 1236 3733 5423
f 1236 5423 3731
f 3731 5423 3734
f 3731 3734 1237
f 5423 3725 1238
f 5423 1238 3734
f 3733 1239 3725
f 3733 3725 5423
f 1241 3736 5424
f 1241 5424 3735
f 3735 5424 3738
f 3735 3738 1240
f 5424 3737 1243
f 5424 1243 3738
f 3736 1242 3737
f 3736 3737 5424
f 1242 3739 5425
f 1242 5425 3737
f 3737 5425 3741
f 3737 3741 1243
f 5425 3740 1245
f 5425 1245 3741
f 3739 1244 3740
f 3739 3740 5425
f 1244 3742 5426
f 1244 5426 3740
f 3740 5426 3744
f 3740 3744 1245
f 5426 3743 1247
f 5426 1247 3744
f 3742 1246 3743
f 3742 3743 5426
f 1246 4186 5427
f 1246 5427 3743
f 3743 5427 4187
f 3743 4187 1247
f 1249 3746 5428
f 1249 5428 3745
f 3745 5428 3748
f 3745 3748 1248
f 5428 3747 1251
f 5428 1251 3748
f 3746 1250 3747
f 3746 3747 5428
f 1261 3750 5429
f 1261 5429 3749
f 3749 5429 3752
f 3749 3752 1260
f 5429 3751 1255
f 5429 1255 3752
f 3750 1254 3751
f 3750 3751 5429
f 1253 3754 5430
f 1253 5430 3753
f 3753 5430 3755
f 3753 3755 1252
f 5430 3735 1240
f 5430 1240 3755
f 3754 1241 3735
f 3754 3735 5430
f 1250 3756 5431
f 1250 5431 3747
f 3747 5431 3757
f 3747 3757 1251
f 5431 3751 1254
f 5431 1254 3757
f 3756 1255 3751
f 3756 3751 5431
f 5626 3759 5432
f 5626 5432 5684
f 5684 5432 3761
f 5684 3761 5627
f 5432 3760 1259
f 5432 1259 3761
f 3759 1258 3760
f 3759 3760 5432
f 1232 3762 5433
f 1232 5433 3726
f 3726 5433 3763
f 3726 3763 1233
f 5433 3760 1258
f 5433 1258 3763
f 3762 1259 3760
f 3762 3760 5433
f 1256 3764 5434
f 1256 5434 3758
f 3758 5434 3765
f 3758 3765 1257
f 5434 3745 1248
f 5434 1248 3765
f 3764 1249 3745
f 3764 3745 5434
f 1252 3766 5435
f 1252 5435 3753
f 3753 5435 3767
f 3753 3767 1253
f 5685 3749 1260
f 5685 1260 5629
f 5628 1261 3749
f 5628 3749 5685
f 1234 3727 5436
f 1234 5436 3768
f 3768 5436 3645
f 3768 3645 1177
f 5436 3769 1172
f 5436 1172 3645
f 3727 1233 3769
f 3727 3769 5436
f 1165 3631 3862
f 1165 3862 1293
f 3631 1166 1305
f 3631 1305 3862
f 1168 3633 3854
f 1168 3854 1297
f 3633 1161 1313
f 3633 1313 3854
f 1296 3853 3806
f 1296 3806 1273
f 3853 1312 1266
f 3853 1266 3806
f 1300 3843 3809
f 1300 3809 1262
f 3843 1319 1274
f 3843 1274 3809
f 1157 3636 3844
f 1157 3844 1301
f 3636 1169 1318
f 3636 1318 3844
f 1170 3637 3868
f 1170 3868 1294
f 3637 1165 1293
f 3637 1293 3868
f 1304 3851 3807
f 1304 3807 1271
f 3851 1309 1272
f 3851 1272 3807
f 5695 4175 4196
f 5695 4196 5712
f 4175 1160 1310
f 4175 1310 4196
f 5617 3638 3866
f 5617 3866 5637
f 3638 1168 1297
f 3638 1297 3866
f 1312 3849 3801
f 1312 3801 1266
f 3849 1316 1267
f 3849 1267 3801
f 1164 4174 4198
f 1164 4198 1314
f 4174 5694 5714
f 4174 5714 4198
f 1166 3634 3852
f 1166 3852 1305
f 3634 1167 1308
f 3634 1308 3852
f 1161 3628 3850
f 1161 3850 1313
f 3628 1162 1317
f 3628 1317 3850
f 1162 3629 3846
f 1162 3846 1317
f 3629 1163 1321
f 3629 1321 3846
f 1158 3625 3864
f 1158 3864 1302
f 3625 1157 1301
f 3625 1301 3864
f 1316 3845 3802
f 1316 3802 1267
f 3845 1320 1268
f 3845 1268 3802
f 1270 3804 5437
f 1270 5437 3827
f 3827 5437 3818
f 3827 3818 1285
f 5437 3826 1286
f 5437 1286 3818
f 3804 1271 3826
f 3804 3826 5437
f 1264 3799 5438
f 1264 5438 3829
f 3829 5438 3813
f 3829 3813 1279
f 5438 3828 1278
f 5438 1278 3813
f 3799 1263 3828
f 3799 3828 5438
f 1272 3805 5439
f 1272 5439 3831
f 3831 5439 3819
f 3831 3819 1287
f 5439 3830 1291
f 5439 1291 3819
f 3805 1276 3830
f 3805 3830 5439
f 1265 3800 5440
f 1265 5440 3832
f 3832 5440 3814
f 3832 3814 1280
f 5440 3829 1279
f 5440 1279 3814
f 3800 1264 3829
f 3800 3829 5440
f 1273 3806 5441
f 1273 5441 3834
f 3834 5441 3820
f 3834 3820 1288
f 5441 3833 1281
f 5441 1281 3820
f 3806 1266 3833
f 3806 3833 5441
f 1269 4188 5442
f 1269 5442 3835
f 3835 5442 4190
f 3835 4190 1284
f 5442 5737 5708
f 5442 5708 4190
f 4188 5706 5737
f 4188 5737 5442
f 5707 4189 5443
f 5707 5443 5738
f 5738 5443 4191
f 5738 4191 5709
f 5443 3832 1280
f 5443 1280 4191
f 4189 1265 3832
f 4189 3832 5443
f 1271 3807 5444
f 1271 5444 3826
f 3826 5444 3821
f 3826 3821 1286
f 5444 3831 1287
f 5444 1287 3821
f 3807 1272 3831
f 3807 3831 5444
f 1266 3801 5445
f 1266 5445 3833
f 3833 5445 3815
f 3833 3815 1281
f 5445 3836 1282
f 5445 1282 3815
f 3801 1267 3836
f 3801 3836 5445
f 1274 3808 5446
f 1274 5446 3838
f 3838 5446 3822
f 3838 3822 1289
f 5686 3837 1290
f 5686 1290 5632
f 5630 1275 3837
f 5630 3837 5686
f 1267 3802 5447
f 1267 5447 3836
f 3836 5447 3816
f 3836 3816 1282
f 5447 3839 1283
f 5447 1283 3816
f 3802 1268 3839
f 3802 3839 5447
f 1262 3809 5448
f 1262 5448 3840
f 3840 5448 3823
f 3840 3823 1277
f 5448 3838 1289
f 5448 1289 3823
f 3809 1274 3838
f 3809 3838 5448
f 1268 3803 5449
f 1268 5449 3839
f 3839 5449 3817
f 3839 3817 1283
f 5449 3835 1284
f 5449 1284 3817
f 3803 1269 3835
f 3803 3835 5449
f 1275 3810 5450
f 1275 5450 3837
f 3837 5450 3824
f 3837 3824 1290
f 5450 3827 1285
f 5450 1285 3824
f 3810 1270 3827
f 3810 3827 5450
f 5631 3811 5451
f 5631 5451 5687
f 5687 5451 3825
f 5687 3825 5633
f 5451 3834 1288
f 5451 1288 3825
f 3811 1273 3834
f 3811 3834 5451
f 1263 3798 5452
f 1263 5452 3828
f 3828 5452 3812
f 3828 3812 1278
f 5452 3840 1277
f 5452 1277 3812
f 3798 1262 3840
f 3798 3840 5452
f 1320 3841 3803
f 1320 3803 1268
f 3841 1315 1269
f 3841 1269 3803
f 1159 3626 3860
f 1159 3860 1306
f 3626 1158 1302
f 3626 1302 3860
f 1319 3847 3808
f 1319 3808 1274
f 5634 1295 1275
f 5634 1275 5630
f 1163 3630 3842
f 1163 3842 1321
f 3630 1164 1314
f 3630 1314 3842
f 1160 3627 3856
f 1160 3856 1310
f 3627 1159 1306
f 3627 1306 3856
f 5711 4195 4189
f 5711 4189 5707
f 4195 1311 1265
f 4195 1265 4189
f 1315 4197 4188
f 1315 4188 1269
f 4197 5713 5706
f 4197 5706 4188
f 1167 3632 3858
f 1167 3858 1308
f 3632 1171 1298
f 3632 1298 3858
f 1311 3855 3800
f 1311 3800 1265
f 3855 1307 1264
f 3855 1264 3800
f 1309 3857 3805
f 1309 3805 1272
f 3857 1299 1276
f 3857 1276 3805
f 1307 3859 3799
f 1307 3799 1264
f 3859 1303 1263
f 3859 1263 3799
f 1169 3635 3848
f 1169 3848 1318
f 5616 1170 1294
f 5616 1294 5635
f 1303 3863 3798
f 1303 3798 1263
f 3863 1300 1262
f 3863 1262 3798
f 5636 3865 3811
f 5636 3811 5631
f 3865 1296 1273
f 3865 1273 3811
f 1295 3867 3810
f 1295 3810 1275
f 3867 1292 1270
f 3867 1270 3810
f 1315 3841 1314
f 1314 3841 3842
f 3841 1320 1321
f 3841 1321 3842
f 1319 3843 1318
f 1318 3843 3844
f 3843 1300 1301
f 3843 1301 3844
f 1320 3845 3846
f 1320 3846 1321
f 3845 1317 3846
f 3845 1316 1317
f 3847 1319 1318
f 5634 3847 3848
f 5634 3848 5635
f 3847 1318 3848
f 1316 3849 3850
f 1316 3850 1317
f 3850 1312 1313
f 3849 1312 3850
f 1309 3851 1308
f 1308 3851 3852
f 3851 1304 1305
f 3851 1305 3852
f 1311 4195 1310
f 1310 4195 4196
f 4195 5711 5712
f 4195 5712 4196
f 4197 1315 1314
f 5713 4197 4198
f 5713 4198 5714
f 4197 1314 4198
f 1312 3853 3854
f 1312 3854 1313
f 3853 1296 1297
f 3853 1297 3854
f 1307 3855 1306
f 3855 1311 1310
f 1306 3855 3856
f 3855 1310 3856
f 1299 3857 1298
f 3857 1309 1308
f 1298 3857 3858
f 3857 1308 3858
f 1303 3859 1302
f 3859 1307 1306
f 1302 3859 3860
f 3859 1306 3860
f 1304 3861 3862
f 1304 3862 1305
f 3861 1292 1293
f 3861 1293 3862
f 3863 1303 1302
f 1300 3863 3864
f 1300 3864 1301
f 3863 1302 3864
f 5636 1299 1298
f 1296 3865 3866
f 1296 3866 1297
f 5636 1298 5637
f 3867 1295 1294
f 1292 3867 3868
f 1292 3868 1293
f 3867 1294 3868
f 1292 3861 3804
f 1292 3804 1270
f 3861 1304 1271
f 3861 1271 3804
f 1351 3902 5453
f 1351 5453 3901
f 3901 5453 3904
f 3901 3904 1350
f 5453 3903 1343
f 5453 1343 3904
f 3902 1342 3903
f 3902 3903 5453
f 1345 3906 5454
f 1345 5454 3905
f 3905 5454 3908
f 3905 3908 1344
f 5454 3907 1347
f 5454 1347 3908
f 3906 1346 3907
f 3906 3907 5454
f 1341 3910 5455
f 1341 5455 3909
f 3909 5455 3911
f 3909 3911 1340
f 5455 3901 1350
f 5455 1350 3911
f 3910 1351 3901
f 3910 3901 5455
f 1346 3912 5456
f 1346 5456 3907
f 3907 5456 3914
f 3907 3914 1347
f 5456 3913 1349
f 5456 1349 3914
f 3912 1348 3913
f 3912 3913 5456
f 1342 3915 5457
f 1342 5457 3903
f 3903 5457 3916
f 3903 3916 1343
f 5457 3905 1344
f 5457 1344 3916
f 3915 1345 3905
f 3915 3905 5457
f 1339 3918 5458
f 1339 5458 3917
f 3917 5458 3919
f 3917 3919 1338
f 5458 3909 1340
f 5458 1340 3919
f 3918 1341 3909
f 3918 3909 5458
f 1338 3920 5459
f 1338 5459 3917
f 3917 5459 3922
f 3917 3922 1339
f 5459 3921 1353
f 5459 1353 3922
f 3920 1352 3921
f 3920 3921 5459
f 1363 3924 5460
f 1363 5460 3923
f 3923 5460 3926
f 3923 3926 1362
f 5460 3925 1355
f 5460 1355 3926
f 3924 1354 3925
f 3924 3925 5460
f 1357 3928 5461
f 1357 5461 3927
f 3927 5461 3930
f 3927 3930 1356
f 5461 3929 1359
f 5461 1359 3930
f 3928 1358 3929
f 3928 3929 5461
f 1352 3931 5462
f 1352 5462 3921
f 3921 5462 3932
f 3921 3932 1353
f 5462 3923 1362
f 5462 1362 3932
f 3931 1363 3923
f 3931 3923 5462
f 1369 3934 5463
f 1369 5463 3933
f 3933 5463 3936
f 3933 3936 1368
f 5463 3935 1361
f 5463 1361 3936
f 3934 1360 3935
f 3934 3935 5463
f 1354 3937 5464
f 1354 5464 3925
f 3925 5464 3938
f 3925 3938 1355
f 5464 3927 1356
f 5464 1356 3938
f 3937 1357 3927
f 3937 3927 5464
f 1365 3940 5465
f 1365 5465 3939
f 3939 5465 3942
f 3939 3942 1364
f 5465 3941 1367
f 5465 1367 3942
f 3940 1366 3941
f 3940 3941 5465
f 1360 3943 5466
f 1360 5466 3935
f 3935 5466 3944
f 3935 3944 1361
f 5466 3939 1364
f 5466 1364 3944
f 3943 1365 3939
f 3943 3939 5466
f 1366 3945 5467
f 1366 5467 3941
f 3941 5467 3946
f 3941 3946 1367
f 5467 3913 1348
f 5467 1348 3946
f 3945 1349 3913
f 3945 3913 5467
f 1358 3947 5468
f 1358 5468 3929
f 3929 5468 3948
f 3929 3948 1359
f 5468 3933 1368
f 5468 1368 3948
f 3947 1369 3933
f 3947 3933 5468
f 979 3949 5469
f 979 5469 3354
f 3354 5469 3950
f 3354 3950 815
f 5469 3920 1338
f 5469 1338 3950
f 3949 1352 3920
f 3949 3920 5469
f 1383 3982 5470
f 1383 5470 3981
f 3981 5470 3984
f 3981 3984 1382
f 5470 3983 1375
f 5470 1375 3984
f 3982 1374 3983
f 3982 3983 5470
f 1377 3986 5471
f 1377 5471 3985
f 3985 5471 3988
f 3985 3988 1376
f 5471 3987 1379
f 5471 1379 3988
f 3986 1378 3987
f 3986 3987 5471
f 1373 3990 5472
f 1373 5472 3989
f 3989 5472 3991
f 3989 3991 1372
f 5472 3981 1382
f 5472 1382 3991
f 3990 1383 3981
f 3990 3981 5472
f 1378 3992 5473
f 1378 5473 3987
f 3987 5473 3994
f 3987 3994 1379
f 5473 3993 1381
f 5473 1381 3994
f 3992 1380 3993
f 3992 3993 5473
f 1374 3995 5474
f 1374 5474 3983
f 3983 5474 3996
f 3983 3996 1375
f 5474 3985 1376
f 5474 1376 3996
f 3995 1377 3985
f 3995 3985 5474
f 1371 3998 5475
f 1371 5475 3997
f 3997 5475 3999
f 3997 3999 1370
f 5475 3989 1372
f 5475 1372 3999
f 3998 1373 3989
f 3998 3989 5475
f 1370 4000 5476
f 1370 5476 3997
f 3997 5476 4002
f 3997 4002 1371
f 5476 4001 1385
f 5476 1385 4002
f 4000 1384 4001
f 4000 4001 5476
f 1395 4004 5477
f 1395 5477 4003
f 4003 5477 4006
f 4003 4006 1394
f 5477 4005 1387
f 5477 1387 4006
f 4004 1386 4005
f 4004 4005 5477
f 1389 4008 5478
f 1389 5478 4007
f 4007 5478 4010
f 4007 4010 1388
f 5478 4009 1391
f 5478 1391 4010
f 4008 1390 4009
f 4008 4009 5478
f 1384 4011 5479
f 1384 5479 4001
f 4001 5479 4012
f 4001 4012 1385
f 5479 4003 1394
f 5479 1394 4012
f 4011 1395 4003
f 4011 4003 5479
f 1401 4014 5480
f 1401 5480 4013
f 4013 5480 4016
f 4013 4016 1400
f 5480 4015 1393
f 5480 1393 4016
f 4014 1392 4015
f 4014 4015 5480
f 1386 4017 5481
f 1386 5481 4005
f 4005 5481 4018
f 4005 4018 1387
f 5481 4007 1388
f 5481 1388 4018
f 4017 1389 4007
f 4017 4007 5481
f 1397 4020 5482
f 1397 5482 4019
f 4019 5482 4022
f 4019 4022 1396
f 5482 4021 1399
f 5482 1399 4022
f 4020 1398 4021
f 4020 4021 5482
f 1392 4023 5483
f 1392 5483 4015
f 4015 5483 4024
f 4015 4024 1393
f 5483 4019 1396
f 5483 1396 4024
f 4023 1397 4019
f 4023 4019 5483
f 1398 4025 5484
f 1398 5484 4021
f 4021 5484 4026
f 4021 4026 1399
f 5484 3993 1380
f 5484 1380 4026
f 4025 1381 3993
f 4025 3993 5484
f 1390 4027 5485
f 1390 5485 4009
f 4009 5485 4028
f 4009 4028 1391
f 5485 4013 1400
f 5485 1400 4028
f 4027 1401 4013
f 4027 4013 5485
f 980 4029 5486
f 980 5486 3321
f 3321 5486 4030
f 3321 4030 814
f 5486 4000 1370
f 5486 1370 4030
f 4029 1384 4000
f 4029 4000 5486
f 1328 3877 5487
f 1328 5487 4128
f 4128 5487 4115
f 4128 4115 1434
f 5487 1441 4115
f 3877 1332 1441
f 3877 1441 5487
f 1335 3872 5488
f 1335 5488 1436
f 1436 5488 4109
f 5488 1442 4109
f 3872 1326 1442
f 3872 1442 5488
f 1324 3883 5489
f 1324 5489 4133
f 4133 5489 4120
f 4133 4120 1438
f 5489 4132 1446
f 5489 1446 4120
f 3883 1323 4132
f 3883 4132 5489
f 1334 3871 5490
f 1334 5490 4136
f 4136 5490 4111
f 4136 4111 1440
f 5490 1450 4111
f 3871 1336 1450
f 3871 1450 5490
f 1436 4109 4064
f 1436 4064 1415
f 4109 4130 1406
f 4109 1406 4064
f 4109 1442 4130
f 1333 3876 4119
f 1333 4119 1444
f 3876 1331 1448
f 3876 1448 4119
f 1327 3881 5491
f 1327 5491 1439
f 1439 5491 4124
f 5491 4133 1438
f 5491 1438 4124
f 3881 1324 4133
f 3881 4133 5491
f 1329 3875 5492
f 1329 5492 1445
f 1445 5492 4121
f 5492 1444 4121
f 3875 1333 1444
f 3875 1444 5492
f 1337 3870 5493
f 1337 5493 4139
f 4139 5493 4114
f 4139 4114 1449
f 5493 4138 1451
f 5493 1451 4114
f 3870 1330 4138
f 3870 4138 5493
f 1438 4120 4075
f 1438 4075 1404
f 4120 1446 1403
f 4120 1403 4075
f 1325 3880 5494
f 1325 5494 1435
f 1435 5494 4126
f 5494 4128 1434
f 5494 1434 4126
f 3880 1328 4128
f 3880 4128 5494
f 1336 3869 5495
f 1336 5495 1450
f 1450 5495 4117
f 5495 4139 1449
f 5495 1449 4117
f 3869 1337 4139
f 3869 4139 5495
f 1440 4111 4063
f 1440 4063 1414
f 4111 4135 1416
f 4111 1416 4063
f 4111 1450 4135
f 1332 3874 5496
f 1332 5496 1441
f 1441 5496 4123
f 5496 4136 1440
f 5496 1440 4123
f 3874 1334 4136
f 3874 4136 5496
f 1449 4114 4062
f 1449 4062 1417
f 4114 1451 1410
f 4114 1410 4062
f 1322 3873 4125
f 1322 4125 1437
f 3873 1335 1436
f 3873 1436 4125
f 1402 4065 5497
f 1402 5497 4094
f 4094 5497 4081
f 4094 4081 1418
f 5497 4093 1431
f 5497 1431 4081
f 4065 1415 4093
f 4065 4093 5497
f 1407 4073 5498
f 1407 5498 4096
f 4096 5498 4089
f 4096 4089 1423
f 5498 4095 1420
f 5498 1420 4089
f 4073 1404 4095
f 4073 4095 5498
f 1412 4066 5499
f 1412 5499 4098
f 4098 5499 4082
f 4098 4082 1428
f 5499 4097 1430
f 5499 1430 4082
f 4066 1414 4097
f 4066 4097 5499
f 1406 4074 5500
f 1406 5500 4100
f 4100 5500 4090
f 4100 4090 1422
f 5500 4099 1421
f 5500 1421 4090
f 4074 1405 4099
f 4074 4099 5500
f 1409 4067 5501
f 1409 5501 4102
f 4102 5501 4083
f 4102 4083 1425
f 5501 4101 1429
f 5501 1429 4083
f 4067 1413 4101
f 4067 4101 5501
f 1404 4075 5502
f 1404 5502 4095
f 4095 5502 4091
f 4095 4091 1420
f 5502 4103 1419
f 5502 1419 4091
f 4075 1403 4103
f 4075 4103 5502
f 1413 4068 5503
f 1413 5503 4101
f 4101 5503 4084
f 4101 4084 1429
f 5503 4104 1427
f 5503 1427 4084
f 4068 1411 4104
f 4068 4104 5503
f 1416 4061 5504
f 1416 5504 4106
f 4106 5504 4077
f 4106 4077 1432
f 5504 4105 1433
f 5504 1433 4077
f 4061 1417 4105
f 4061 4105 5504
f 1403 4076 5505
f 1403 5505 4103
f 4103 5505 4092
f 4103 4092 1419
f 5505 4094 1418
f 5505 1418 4092
f 4076 1402 4094
f 4076 4094 5505
f 1408 4069 5506
f 1408 5506 4107
f 4107 5506 4085
f 4107 4085 1424
f 5506 4098 1428
f 5506 1428 4085
f 4069 1412 4098
f 4069 4098 5506
f 1417 4062 5507
f 1417 5507 4105
f 4105 5507 4078
f 4105 4078 1433
f 5507 4108 1426
f 5507 1426 4078
f 4062 1410 4108
f 4062 4108 5507
f 1411 4070 5508
f 1411 5508 4104
f 4104 5508 4086
f 4104 4086 1427
f 5508 4096 1423
f 5508 1423 4086
f 4070 1407 4096
f 4070 4096 5508
f 1414 4063 5509
f 1414 5509 4097
f 4097 5509 4079
f 4097 4079 1430
f 5509 4106 1432
f 5509 1432 4079
f 4063 1416 4106
f 4063 4106 5509
f 1410 4071 5510
f 1410 5510 4108
f 4108 5510 4087
f 4108 4087 1426
f 5510 4102 1425
f 5510 1425 4087
f 4071 1409 4102
f 4071 4102 5510
f 1415 4064 5511
f 1415 5511 4093
f 4093 5511 4080
f 4093 4080 1431
f 5511 4100 1422
f 5511 1422 4080
f 4064 1406 4100
f 4064 4100 5511
f 1405 4072 5512
f 1405 5512 4099
f 4099 5512 4088
f 4099 4088 1421
f 5512 4107 1424
f 5512 1424 4088
f 4072 1408 4107
f 4072 4107 5512
f 1323 3884 4116
f 1323 4116 4132
f 4132 4116 1446
f 3884 1322 1437
f 3884 1437 4116
f 1451 4110 4071
f 1451 4071 1410
f 4110 4137 1409
f 4110 1409 4071
f 4110 1445 4137
f 1443 4118 4068
f 1443 4068 1413
f 4118 1447 1411
f 4118 1411 4068
f 1447 4112 4070
f 1447 4070 1411
f 4112 4134 1407
f 4112 1407 4070
f 4112 1439 4134
f 1326 3882 5513
f 1326 5513 1442
f 1442 5513 4122
f 5513 1435 4122
f 3882 1325 1435
f 3882 1435 5513
f 1446 4116 4076
f 1446 4076 1403
f 4116 4131 1402
f 4116 1402 4076
f 4116 1437 4131
f 1450 4117 4135
f 4135 4117 4061
f 4135 4061 1416
f 4117 1449 1417
f 4117 1417 4061
f 1330 3879 5514
f 1330 5514 4138
f 4138 5514 4110
f 4138 4110 1451
f 5514 1445 4110
f 3879 1329 1445
f 3879 1445 5514
f 1331 3878 4113
f 1331 4113 1448
f 3878 1327 1439
f 3878 1439 4113
f 1445 4121 4137
f 4137 4121 4067
f 4137 4067 1409
f 4121 1443 1413
f 4121 1413 4067
f 1442 4122 4130
f 4130 4122 4074
f 4130 4074 1406
f 4122 4129 1405
f 4122 1405 4074
f 4122 1435 4129
f 1441 4123 4127
f 4127 4123 4066
f 4127 4066 1412
f 4123 1440 1414
f 4123 1414 4066
f 1439 4124 4134
f 4134 4124 4073
f 4134 4073 1407
f 4124 1438 1404
f 4124 1404 4073
f 1437 4125 4131
f 4131 4125 4065
f 4131 4065 1402
f 4125 1436 1415
f 4125 1415 4065
f 1435 4126 4129
f 4129 4126 4072
f 4129 4072 1405
f 4126 1434 1408
f 4126 1408 4072
f 1439 4112 4113
f 4112 1447 1448
f 4112 1448 4113
f 1447 4118 4119
f 1447 4119 1448
f 4118 1443 1444
f 4118 1444 4119
f 1443 4121 1444
f 1434 4115 4069
f 1434 4069 1408
f 4115 4127 1412
f 4115 1412 4069
f 4115 1441 4127
f 2379 539 2382
f 2379 2382 4830
f 2377 2378 513
f 1481 4221 4211
f 4221 715 2775
f 4221 2775 4211
f 1477 4216 4213
f 4216 713 2774
f 4216 2774 4213
f 4205 4206 1510
f 4205 1510 1509
f 1476 716 2771
f 1476 2771 4202
f 602 5806 5805
f 2549 2510 5801
f 2549 5801 5805
f 2468 4853 5917
f 2468 5917 5799
f 4853 2469 5800
f 4853 5800 5917
f 488 6119 6134
f 488 6134 2353
f 534 5791 5790
f 535 534 5790
f 4801 5883 5786
f 4801 5786 2302
f 2136 5761 5883
f 2136 5883 4801
f 4798 5880 5763
f 4798 5763 2178
f 2181 5764 5880
f 2181 5880 4798
f 4794 5876 5767
f 4794 5767 2190
f 2193 5768 5876
f 2193 5876 4794
f 4790 5872 5771
f 4790 5771 2202
f 2205 5772 5872
f 2205 5872 4790
f 2268 5863 5785
f 2268 5785 428
f 426 5773 5863
f 426 5863 2268
f 2251 5849 5778
f 2251 5778 441
f 439 5779 5849
f 439 5849 2251
f 2245 5847 5776
f 2245 5776 445
f 443 5777 5847
f 443 5847 2245
f 1508 4217 4209
f 4217 714 2776
f 4217 2776 4209
f 2580 2815 1481
f 2580 1481 635
f 5576 2812 1511
f 2581 5576 1511
f 2581 1511 637
f 4204 2763 1459
f 4204 1459 1515
f 4203 2778 710
f 4203 710 4218
f 4203 4218 1479
f 5575 4209 1477
f 2584 5575 1477
f 2584 1477 633
f 2814 2772 715
f 2814 715 4221
f 2814 4221 1481
f 4205 2770 1452
f 4205 1452 1513
f 2812 2773 717
f 2812 717 4224
f 2812 4224 1511
f 2586 4203 1479
f 2586 1479 630
f 5574 2790 1466
f 5574 1466 2809
f 2774 5574 2809
f 2774 2809 716
f 5573 2782 1464
f 5573 1464 2802
f 2766 5573 2802
f 2766 2802 714
f 5572 2789 1467
f 5572 1467 2804
f 2773 5572 2804
f 2773 2804 717
f 5571 2781 1474
f 5571 1474 2808
f 2765 5571 2808
f 2765 2808 1458
f 5570 2788 1465
f 5570 1465 2798
f 2772 5570 2798
f 2772 2798 715
f 1452 2806 5570
f 1452 5570 2772
f 2806 1469 2788
f 2806 2788 5570
f 1459 2807 5569
f 1459 5569 2764
f 2807 1475 2780
f 2807 2780 5569
f 716 2809 5568
f 716 5568 2771
f 2809 1466 2787
f 2809 2787 5568
f 711 2805 5567
f 711 5567 2778
f 2805 1461 2794
f 2805 2794 5567
f 1458 2808 5566
f 1458 5566 2763
f 2808 1474 2779
f 2808 2779 5566
f 1455 2803 5565
f 1455 5565 2770
f 2803 1471 2786
f 2803 2786 5565
f 712 2797 5564
f 712 5564 2777
f 2797 1462 2793
f 2797 2793 5564
f 5562 2792 1463
f 5562 1463 2801
f 2776 5562 2801
f 2776 2801 713
f 5561 2784 1472
f 5561 1472 2799
f 2768 5561 2799
f 2768 2799 1456
f 5560 2791 1462
f 5560 1462 2797
f 2775 5560 2797
f 2775 2797 712
f 5559 2783 1473
f 5559 1473 2795
f 2767 5559 2795
f 2767 2795 1457
f 2575 4212 1478
f 2575 1478 643
f 2816 2764 718
f 2816 718 1517
f 3865 5636 5637
f 3865 5637 3866
f 1294 5634 5635
f 1295 5634 1294
f 1299 5636 5631
f 1299 5631 1276
f 3635 5616 5635
f 3635 5635 3848
f 3847 5634 5630
f 3847 5630 3808
f 3830 5687 5633
f 3830 5633 1291
f 1276 5631 5687
f 1276 5687 3830
f 3808 5630 5686
f 3808 5686 5446
f 5446 5686 5632
f 5446 5632 3822
f 1171 5617 5637
f 1171 5637 1298
f 3766 5628 5685
f 3766 5685 5435
f 5435 5685 5629
f 5435 5629 3767
f 3758 5684 5627
f 3758 5627 1256
f 1257 5626 5684
f 1257 5684 3758
f 3708 5624 5625
f 3708 5625 3709
f 3707 5623 5624
f 3707 5624 3708
f 6044 6046 5683
f 6044 5683 5418
f 5418 5683 5623
f 5418 5623 3707
f 1226 5620 5621
f 1226 5621 1224
f 1226 5619 5620
f 1227 5619 1226
f 3692 5682 5619
f 3692 5619 1227
f 6011 6047 5682
f 6011 5682 3692
f 3693 5618 5681
f 3693 5681 5401
f 5401 5681 5616
f 5401 5616 3635
f 5397 3767 5629
f 5397 5629 5680
f 3476 5397 5680
f 3476 5680 5591
f 5383 3600 5615
f 5383 5615 5679
f 3435 5383 5679
f 3435 5679 5590
f 5382 3709 5625
f 5382 5625 5678
f 3766 5382 5678
f 3766 5678 5628
f 5381 3476 5591
f 5381 5591 5677
f 3477 5381 5677
f 3477 5677 5592
f 5380 3477 5592
f 5380 5592 5676
f 3480 5380 5676
f 3480 5676 5593
f 5379 3480 5593
f 5379 5593 5675
f 3483 5379 5675
f 3483 5675 5594
f 5378 3483 5594
f 5378 5594 5674
f 3486 5378 5674
f 3486 5674 5595
f 5377 3486 5595
f 5377 5595 5673
f 3489 5377 5673
f 3489 5673 5596
f 5376 3489 5596
f 5376 5596 5672
f 3492 5376 5672
f 3492 5672 5597
f 5375 3492 5597
f 5375 5597 5671
f 3495 5375 5671
f 3495 5671 5598
f 5374 3495 5598
f 5374 5598 5670
f 3498 5374 5670
f 3498 5670 5599
f 5373 3498 5599
f 5373 5599 5669
f 3501 5373 5669
f 3501 5669 5600
f 5372 3501 5600
f 5372 5600 5668
f 3504 5372 5668
f 3504 5668 5601
f 3724 5667 5617
f 3724 5617 1171
f 1229 5622 5667
f 1229 5667 3724
f 5370 3504 5601
f 5370 5601 5666
f 3600 5370 5666
f 3600 5666 5615
f 2960 5582 5665
f 2960 5665 5368
f 5368 5665 5602
f 5368 5602 3534
f 3569 1143 5613
f 3569 5613 5664
f 1120 3569 5664
f 1120 5664 5614
f 3566 1120 5614
f 3566 5614 5663
f 1118 3566 5663
f 1118 5663 5602
f 3564 1123 5612
f 3564 5612 5662
f 1143 3564 5662
f 1143 5662 5613
f 3561 1125 5611
f 3561 5611 5661
f 1123 3561 5661
f 1123 5661 5612
f 3558 1127 5610
f 3558 5610 5660
f 1125 3558 5660
f 1125 5660 5611
f 3555 1129 5609
f 3555 5609 5659
f 1127 3555 5659
f 1127 5659 5610
f 3552 1131 5608
f 3552 5608 5658
f 1129 3552 5658
f 1129 5658 5609
f 3549 1133 5607
f 3549 5607 5657
f 1131 3549 5657
f 1131 5657 5608
f 3546 1135 5606
f 3546 5606 5656
f 1133 3546 5656
f 1133 5656 5607
f 3543 1137 5605
f 3543 5605 5655
f 1135 3543 5655
f 1135 5655 5606
f 3540 1139 5604
f 3540 5604 5654
f 1137 3540 5654
f 1137 5654 5605
f 3537 1141 5603
f 3537 5603 5653
f 1139 3537 5653
f 1139 5653 5604
f 3793 1224 5621
f 3793 5621 5652
f 1257 3793 5652
f 1257 5652 5626
f 3792 1256 5627
f 3792 5627 5651
f 1141 3792 5651
f 1141 5651 5603
f 5194 3248 5589
f 5194 5589 5650
f 2817 5194 5650
f 2817 5650 5577
f 5188 3238 5588
f 5188 5588 5649
f 3117 5188 5649
f 3117 5649 5587
f 5087 3435 5590
f 5087 5590 5648
f 3238 5087 5648
f 3238 5648 5588
f 5085 3117 5587
f 5085 5587 5647
f 3112 5085 5647
f 3112 5647 5586
f 5084 3112 5586
f 5084 5586 5646
f 3107 5084 5646
f 3107 5646 5585
f 5083 3107 5585
f 5083 5585 5645
f 3102 5083 5645
f 3102 5645 5584
f 5082 3102 5584
f 5082 5584 5644
f 3248 5082 5644
f 3248 5644 5589
f 2817 5577 5643
f 2817 5643 4987
f 4987 5643 5583
f 4987 5583 2971
f 2841 5581 5642
f 2841 5642 4981
f 4981 5642 5582
f 4981 5582 2960
f 2836 5580 5641
f 2836 5641 4875
f 4875 5641 5581
f 4875 5581 2841
f 2831 5579 5640
f 2831 5640 4874
f 4874 5640 5580
f 4874 5580 2836
f 2826 5578 5639
f 2826 5639 4873
f 4873 5639 5579
f 4873 5579 2831
f 2971 5583 5638
f 2971 5638 4872
f 4872 5638 5578
f 4872 5578 2826
f 5427 5747 5724
f 5427 5724 4187
f 114 1650 4290
f 114 4290 1672
f 4186 5723 5747
f 4186 5747 5427
f 4173 5385 5746
f 4173 5746 5722
f 1650 35 1527
f 1650 1527 4290
f 5294 5745 5716
f 5294 5716 4163
f 4159 5715 5745
f 4159 5745 5294
f 2370 506 507
f 2343 4837 2413
f 2343 2413 481
f 2335 2556 621
f 2335 621 469
f 2333 2564 613
f 2333 613 474
f 2381 522 2391
f 2381 2391 4832
f 522 523 2392
f 522 2392 2391
f 2412 466 2327
f 2412 2327 4837
f 4265 4266 5699
f 4265 5699 5698
f 6132 4822 2344
f 6132 2344 6118
f 1920 4589 1811
f 1920 1811 205
f 481 2413 4785
f 481 4785 2400
f 5863 4783 2269
f 5863 2269 5785
f 2400 4785 2414
f 2400 2414 528
f 584 2532 5919
f 584 5919 5802
f 2269 429 2272
f 2269 2272 4784
f 2236 427 2270
f 2236 2270 4783
f 1807 200 1920
f 1807 1920 4588
f 511 509 2372
f 511 2372 2371
f 343 1958 4702
f 343 4702 2032
f 5295 1499 5718
f 5295 5718 4167
f 15 4160 5116
f 15 5116 5691
f 5385 4170 268
f 5385 268 5746
f 14 5744 5149
f 14 5149 4158
f 2042 4703 2063
f 2042 2063 339
f 2033 4704 2064
f 2033 2064 338
f 2153 4708 2129
f 2153 2129 383
f 1850 252 1869
f 1850 1869 4530
f 2413 465 2338
f 2413 2338 4785
f 5743 4562 4259
f 5743 4259 5721
f 5834 5833 5896
f 5834 5896 5837
f 1949 5760 5820
f 1949 5820 4500
f 5827 5826 5920
f 5827 5920 5853
f 1532 4292 5811
f 1532 5811 5750
f 5993 5994 5842
f 5993 5842 5843
f 4500 5820 5755
f 4500 5755 1803
f 4713 4254 5718
f 4713 5718 1499
f 6026 6082 6094
f 6026 6094 6059
f 5816 5815 5904
f 5816 5904 5889
f 5977 6050 6027
f 5977 6027 5976
f 4260 5722 5746
f 4260 5746 4803
f 5817 5816 5889
f 5817 5889 5892
f 5951 5937 5925
f 5833 5822 5884
f 5833 5884 5896
f 5815 5813 5901
f 5815 5901 5904
f 5988 6014 5996
f 5988 5996 5987
f 5826 5814 5911
f 5826 5911 5920
f 1672 4290 5809
f 1672 5809 5754
f 3101 890 5825
f 3101 5825 5822
f 5835 5834 5837
f 5835 5837 5840
f 4502 5823 5757
f 4502 5757 1813
f 6015 6017 6021
f 6015 6021 6019
f 5828 5827 5853
f 5828 5853 5856
f 5825 5828 5856
f 5825 5856 5868
f 6059 6061 6028
f 6059 6028 6026
f 15 5691 4534
f 15 4534 4247
f 5912 5893 5948
f 5912 5948 5943
f 6017 6016 6020
f 6017 6020 6021
f 6023 6025 6057
f 6023 6057 6055
f 6053 6052 6064
f 6053 6064 6065
f 6052 6050 6062
f 6052 6062 6064
f 5814 5817 5892
f 5814 5892 5911
f 5985 6018 6014
f 5985 6014 5988
f 4238 5975 5813
f 4238 5813 10
f 5934 5945 5935
f 5942 5930 5927
f 5924 5951 5925
f 195 5989 5984
f 195 5984 1802
f 5822 5825 5868
f 5822 5868 5884
f 5958 5934 5928
f 6020 6018 6022
f 6020 6022 6024
f 5852 5921 5949
f 5852 5949 5944
f 5991 5993 5843
f 5991 5843 5841
f 5921 5852 5854
f 5921 5854 5923
f 5923 5854 5855
f 5923 5855 5922
f 5922 5855 5853
f 5922 5853 5920
f 1537 4293 5812
f 1537 5812 5751
f 4399 1661 5753
f 4399 5753 5818
f 4405 1672 5754
f 4405 5754 5819
f 5897 5836 5838
f 5897 5838 5899
f 5899 5838 5839
f 5899 5839 5898
f 5898 5839 5837
f 5898 5837 5896
f 5912 5921 5923
f 5912 5923 5914
f 5914 5923 5922
f 5914 5922 5913
f 5913 5922 5920
f 5913 5920 5911
f 5976 6027 6058
f 5976 6058 5975
f 5987 5996 6066
f 5987 6066 5986
f 14 4245 4567
f 14 4567 5744
f 6063 6084 6089
f 6063 6089 6051
f 6083 6073 6075
f 6077 6078 6086
f 6070 6071 6092
f 5974 6062 6050
f 5974 6050 5977
f 1802 5984 5985
f 1802 5985 196
f 5986 6066 6062
f 5986 6062 5974
f 5989 6054 6022
f 5989 6022 5984
f 5835 5840 5992
f 5835 5992 5990
f 5975 6058 5901
f 5975 5901 5813
f 6092 6071 6080
f 5990 5992 6054
f 5990 6054 5989
f 4803 5746 268
f 4803 268 4257
f 5893 5912 5914
f 5893 5914 5895
f 5895 5914 5913
f 5895 5913 5894
f 5894 5913 5911
f 5894 5911 5892
f 5905 5888 5890
f 5905 5890 5907
f 5907 5890 5891
f 5907 5891 5906
f 5906 5891 5889
f 5906 5889 5904
f 5731 5291 4187
f 5731 4187 5724
f 4246 4712 5745
f 4246 5745 5715
f 4712 4250 5716
f 4712 5716 5745
f 5900 5905 5907
f 5900 5907 5902
f 5902 5907 5906
f 5902 5906 5903
f 5903 5906 5904
f 5903 5904 5901
f 5885 5897 5899
f 5885 5899 5887
f 5887 5899 5898
f 5887 5898 5886
f 5886 5898 5896
f 5886 5896 5884
f 5888 5893 5895
f 5888 5895 5890
f 5890 5895 5894
f 5890 5894 5891
f 5891 5894 5892
f 5891 5892 5889
f 5869 5885 5887
f 5869 5887 5871
f 5871 5887 5886
f 5871 5886 5870
f 5870 5886 5884
f 5870 5884 5868
f 4273 4845 5747
f 4273 5747 5723
f 4845 4274 5724
f 4845 5724 5747
f 4290 1527 5749
f 4290 5749 5809
f 4292 1537 5751
f 4292 5751 5811
f 4291 1532 5750
f 4291 5750 5810
f 1527 4291 5810
f 1527 5810 5749
f 5857 5869 5871
f 5857 5871 5859
f 5859 5871 5870
f 5859 5870 5858
f 5858 5870 5868
f 5858 5868 5856
f 4293 1542 5752
f 4293 5752 5812
f 1542 4399 5818
f 1542 5818 5752
f 1518 4405 5819
f 1518 5819 5748
f 5852 5857 5859
f 5852 5859 5854
f 5854 5859 5858
f 5854 5858 5855
f 5855 5858 5856
f 5855 5856 5853
f 1803 5755 5821
f 1803 5821 4501
f 4501 5821 5756
f 4501 5756 1808
f 1808 5756 5823
f 1808 5823 4502
f 5836 5841 5843
f 5836 5843 5838
f 5838 5843 5842
f 5838 5842 5839
f 5839 5842 5840
f 5839 5840 5837
f 5897 5885 5950
f 5897 5950 5946
f 4612 5831 5760
f 4612 5760 1949
f 725 2822 5817
f 725 5817 5814
f 2494 5832 5798
f 2494 5798 564
f 4503 5824 5758
f 4503 5758 1818
f 890 3322 5828
f 890 5828 5825
f 3322 726 5827
f 3322 5827 5828
f 1813 5757 5824
f 1813 5824 4503
f 5693 4165 5834
f 5693 5834 5835
f 449 5774 5832
f 449 5832 2494
f 2823 725 5814
f 2823 5814 5826
f 1518 5748 5831
f 1518 5831 4612
f 4151 10 5813
f 4151 5813 5815
f 889 3101 5822
f 889 5822 5833
f 2822 724 5816
f 2822 5816 5817
f 2495 5844 5792
f 2495 5792 532
f 565 5797 5844
f 565 5844 2495
f 724 4151 5815
f 724 5815 5816
f 1818 5758 5830
f 1818 5830 4606
f 4505 5829 5761
f 4505 5761 2136
f 4606 5830 5759
f 4606 5759 1939
f 726 2823 5826
f 726 5826 5827
f 1939 5759 5829
f 1939 5829 4505
f 4165 889 5833
f 4165 5833 5834
f 5961 5978 6259
f 5961 6259 6251
f 5936 5931 5969
f 5936 5969 5979
f 5932 5933 6075
f 5932 6075 6074
f 5888 5905 5953
f 5888 5953 5941
f 5921 5912 5943
f 5921 5943 5949
f 6079 6111 6105
f 6079 6105 6076
f 6281 6272 6215
f 6281 6215 6226
f 6266 6252 6185
f 6266 6185 6206
f 6110 6283 6273
f 6110 6273 6106
f 5841 5836 5955
f 5841 5955 5957
f 6025 6024 6056
f 6025 6056 6057
f 5905 5900 5939
f 5905 5939 5953
f 6275 6286 6236
f 6275 6236 6217
f 5903 5901 6058
f 5903 6058 6060
f 6024 6022 6054
f 6024 6054 6056
f 5885 5869 5947
f 5885 5947 5950
f 5931 5926 5964
f 5931 5964 5969
f 6067 6090 6084
f 6067 6084 6063
f 5836 5897 5946
f 5836 5946 5955
f 6021 6020 6024
f 6021 6024 6025
f 5945 5938 5935
f 5926 5942 5927
f 5994 5992 5840
f 5994 5840 5842
f 6051 6089 6082
f 6051 6082 6026
f 6077 6115 6078
f 6285 6276 6221
f 6285 6221 6232
f 6100 6280 6271
f 6100 6271 6104
f 6248 6256 6191
f 6248 6191 6179
f 5937 5936 5979
f 5937 5979 5962
f 5938 5924 5973
f 5938 5973 5966
f 5928 5934 5983
f 5926 5927 5964
f 6070 6109 6071
f 5924 5925 5973
f 5934 5935 5983
f 6078 6103 6081
f 5991 6096 6087
f 5991 6087 6055
f 5925 5937 5962
f 6086 6078 6081
f 6015 6093 6085
f 6015 6085 5995
f 5935 5938 5966
f 6055 6087 6091
f 6055 6091 6023
f 5928 6115 6077
f 5893 5888 5941
f 5893 5941 5948
f 6114 6290 6277
f 6114 6277 6107
f 5857 5852 5944
f 5857 5944 5952
f 5967 6269 6290
f 5967 6290 6114
f 6245 6288 6239
f 6245 6239 6172
f 6268 6266 6206
f 6268 6206 6209
f 6291 6268 6209
f 6291 6209 6241
f 6262 6250 6182
f 6262 6182 6200
f 6051 6053 6065
f 6051 6065 6063
f 6113 6289 6244
f 6113 6244 5959
f 1524 5986 5974
f 1524 5974 31
f 5970 5963 6257
f 5970 6257 6249
f 5971 5965 6261
f 5971 6261 6253
f 6080 6099 6111
f 6080 6111 6079
f 6247 6265 6202
f 6247 6202 6175
f 6286 6278 6224
f 6286 6224 6236
f 6258 6248 6179
f 6258 6179 6194
f 6255 6262 6200
f 6255 6200 6187
f 6065 6064 6068
f 6065 6068 6069
f 6064 6062 6066
f 6064 6066 6068
f 6056 6054 5992
f 6056 5992 5994
f 6063 6065 6069
f 6063 6069 6067
f 6057 6056 5994
f 6057 5994 5993
f 6055 6057 5993
f 6055 5993 5991
f 6067 6069 5997
f 6067 5997 5995
f 6068 6066 5996
f 6068 5996 6013
f 6069 6068 6013
f 6069 6013 5997
f 5958 5928 6077
f 5995 6085 6090
f 5995 6090 6067
f 5932 5929 5930
f 5932 5930 5933
f 5929 5927 5930
f 5984 6022 6018
f 5984 6018 5985
f 5869 5857 5952
f 5869 5952 5947
f 5900 5902 6061
f 5900 6061 6059
f 6060 6058 6027
f 6060 6027 6045
f 6045 6027 6050
f 6045 6050 6052
f 6028 6045 6052
f 6028 6052 6053
f 5902 5903 6060
f 5902 6060 6061
f 6061 6060 6045
f 6061 6045 6028
f 6019 6021 6025
f 6019 6025 6023
f 6026 6028 6053
f 6026 6053 6051
f 5997 6013 6016
f 5997 6016 6017
f 5995 5997 6017
f 5995 6017 6015
f 6013 5996 6014
f 6013 6014 6016
f 6016 6014 6018
f 6016 6018 6020
f 2023 5988 5987
f 2023 5987 32
f 196 5985 5988
f 196 5988 2023
f 5942 5926 5948
f 5942 5948 5941
f 5926 5931 5943
f 5926 5943 5948
f 5931 5936 5949
f 5931 5949 5943
f 5936 5937 5944
f 5936 5944 5949
f 5924 5938 5950
f 5924 5950 5947
f 5938 5945 5950
f 5950 5945 5946
f 5937 5951 5944
f 5944 5951 5952
f 5951 5924 5947
f 5951 5947 5952
f 5930 5942 5941
f 5930 5941 5954
f 5954 5941 5953
f 5945 5934 5956
f 5945 5956 5955
f 5945 5955 5946
f 4252 5990 5989
f 4252 5989 195
f 32 5987 5986
f 32 5986 1524
f 6276 6291 6241
f 6276 6241 6221
f 30 5976 5975
f 30 5975 4238
f 6023 6091 6088
f 6023 6088 6019
f 5841 5957 6096
f 5841 6096 5991
f 6076 6105 6101
f 6076 6101 6072
f 6059 6094 5939
f 6059 5939 5900
f 5693 5835 5990
f 5693 5990 4252
f 31 5974 5977
f 31 5977 1523
f 5933 5930 5954
f 5933 5954 5940
f 5940 5954 5953
f 5940 5953 5939
f 5934 5958 5956
f 5956 5958 5957
f 5956 5957 5955
f 1523 5977 5976
f 1523 5976 30
f 6072 6073 6083
f 6102 6284 6279
f 6102 6279 6108
f 5970 5978 5979
f 5970 5979 5969
f 5980 5972 5973
f 5980 5973 5925
f 5981 5968 5927
f 5981 5927 5929
f 5971 5982 5983
f 5971 5983 5935
f 6074 6075 6073
f 6081 6103 6109
f 6081 6109 6070
f 6071 6099 6080
f 6072 6101 6073
f 5968 5963 5964
f 5968 5964 5927
f 5963 5970 5969
f 5963 5969 5964
f 5978 5961 5962
f 5978 5962 5979
f 5972 5965 5966
f 5972 5966 5973
f 5965 5971 5935
f 5965 5935 5966
f 5961 5980 5925
f 5961 5925 5962
f 6288 6270 6212
f 6288 6212 6239
f 5959 5981 5929
f 5959 5929 5960
f 5982 5967 5928
f 5982 5928 5983
f 5929 5932 5960
f 1225 5618 6047
f 1225 6047 6011
f 3706 5622 6046
f 3706 6046 6044
f 4267 6135 6120
f 4267 6120 508
f 5622 1229 6008
f 5622 6008 6046
f 1216 3706 6044
f 1216 6044 6010
f 3702 1225 6011
f 3702 6011 6043
f 1204 3702 6043
f 1204 6043 6007
f 3698 1173 5999
f 3698 5999 6042
f 1220 3698 6042
f 1220 6042 6012
f 3693 1220 6012
f 3693 6012 6041
f 5618 3693 6041
f 5618 6041 6047
f 3688 1209 6006
f 3688 6006 6040
f 1212 3688 6040
f 1212 6040 6009
f 3683 1216 6010
f 3683 6010 6039
f 1188 3683 6039
f 1188 6039 6004
f 3678 1212 6009
f 3678 6009 6038
f 1229 3678 6038
f 1229 6038 6008
f 3672 1204 6007
f 3672 6007 6037
f 1209 3672 6037
f 1209 6037 6006
f 3667 1197 6005
f 3667 6005 6036
f 1200 3667 6036
f 1200 6036 6002
f 3663 1193 6003
f 3663 6003 6035
f 1197 3663 6035
f 1197 6035 6005
f 3657 1188 6004
f 3657 6004 6034
f 1193 3657 6034
f 1193 6034 6003
f 4180 1200 6002
f 4180 6002 6033
f 5700 4180 6033
f 5700 6033 6048
f 3651 1185 5998
f 3651 5998 6032
f 1180 3651 6032
f 1180 6032 6001
f 3646 1180 6001
f 3646 6001 6031
f 1176 3646 6031
f 1176 6031 6000
f 3641 1176 6000
f 3641 6000 6030
f 1173 3641 6030
f 1173 6030 5999
f 4176 5696 6049
f 4176 6049 6029
f 1185 4176 6029
f 1185 6029 5998
f 2365 6137 6121
f 2365 6121 501
f 2369 6138 6123
f 2369 6123 505
f 2380 6140 6127
f 2380 6127 520
f 537 6126 6140
f 537 6140 2380
f 2390 6142 6124
f 2390 6124 517
f 520 6127 6142
f 520 6142 2390
f 2395 6143 6130
f 2395 6130 528
f 5700 6048 6135
f 5700 6135 4267
f 2404 6145 6129
f 2404 6129 533
f 512 6125 6145
f 512 6145 2404
f 533 6129 6148
f 533 6148 5789
f 2408 6146 6147
f 2408 6147 5793
f 6098 6099 6071
f 6098 6071 6112
f 5959 5960 6074
f 5959 6074 6113
f 6100 6101 6105
f 6100 6105 6106
f 6110 6111 6099
f 6110 6099 6098
f 6112 6071 6109
f 6112 6109 6108
f 6113 6074 6073
f 6113 6073 6104
f 5940 5939 6094
f 5940 6094 6095
f 6077 6097 5958
f 6095 6094 6082
f 6086 6097 6077
f 6085 6093 6092
f 6092 6088 6070
f 6081 6091 6086
f 6079 6090 6085
f 6079 6085 6080
f 6072 6089 6084
f 6072 6084 6076
f 505 6123 6137
f 505 6137 2365
f 2348 6133 6119
f 2348 6119 488
f 484 6118 6133
f 484 6133 2348
f 2343 6132 6118
f 2343 6118 484
f 481 6117 6132
f 481 6132 2343
f 4263 6131 6049
f 4263 6049 5696
f 493 6116 6131
f 493 6131 4263
f 4709 5731 5724
f 4709 5724 4274
f 6107 6277 6284
f 6107 6284 6102
f 6190 6176 6150
f 6190 6150 6155
f 6238 6211 6161
f 6238 6161 6170
f 5982 5971 6253
f 5982 6253 6267
f 5978 5970 6249
f 5978 6249 6259
f 6106 6273 6280
f 6106 6280 6100
f 6173 6238 6170
f 6173 6170 6149
f 6199 6181 6152
f 6199 6152 6158
f 6233 6220 6164
f 6233 6164 6168
f 6108 6279 6287
f 6108 6287 6112
f 6242 6208 5693
f 6242 5693 6171
f 6188 6199 6158
f 6188 6158 6154
f 6220 6242 6171
f 6220 6171 6164
f 6205 6184 6153
f 6205 6153 6160
f 6227 6214 6162
f 6227 6162 6166
f 5980 5961 6251
f 5980 6251 6263
f 6208 6205 6160
f 6208 6160 5693
f 6235 6223 6165
f 6235 6165 6169
f 6176 6203 6159
f 6176 6159 6150
f 6104 6271 6289
f 6104 6289 6113
f 6211 6227 6166
f 6211 6166 6161
f 6218 6235 6169
f 6218 6169 6163
f 6178 6190 6155
f 6178 6155 6151
f 6193 6178 6151
f 6193 6151 6156
f 6184 6196 6157
f 6184 6157 6153
f 6223 6233 6168
f 6223 6168 6165
f 6272 6282 6230
f 6272 6230 6215
f 5972 5980 6263
f 5972 6263 6254
f 6270 6281 6226
f 6270 6226 6212
f 5963 5968 6246
f 5963 6246 6257
f 5968 5981 6264
f 5968 6264 6246
f 6256 6247 6175
f 6256 6175 6191
f 6250 6258 6194
f 6250 6194 6182
f 6282 6275 6217
f 6282 6217 6230
f 6196 6188 6154
f 6196 6154 6157
f 6181 6193 6156
f 6181 6156 6152
f 6229 6218 6163
f 6229 6163 6167
f 5981 5959 6244
f 5981 6244 6264
f 6252 6260 6197
f 6252 6197 6185
f 6278 6285 6232
f 6278 6232 6224
f 5967 5982 6267
f 5967 6267 6269
f 5965 5972 6254
f 5965 6254 6261
f 6112 6287 6274
f 6112 6274 6098
f 6260 6255 6187
f 6260 6187 6197
f 6214 6229 6167
f 6214 6167 6162
f 6098 6274 6283
f 6098 6283 6110
f 6176 6190 6192
f 6176 6192 6177
f 6177 6192 6191
f 6177 6191 6175
f 6190 6178 6180
f 6190 6180 6192
f 6192 6180 6179
f 6192 6179 6191
f 6178 6193 6195
f 6178 6195 6180
f 6180 6195 6194
f 6180 6194 6179
f 6193 6181 6183
f 6193 6183 6195
f 6195 6183 6182
f 6195 6182 6194
f 6188 6196 6198
f 6188 6198 6189
f 6189 6198 6197
f 6189 6197 6187
f 6196 6184 6186
f 6196 6186 6198
f 6198 6186 6185
f 6198 6185 6197
f 6181 6199 6201
f 6181 6201 6183
f 6183 6201 6200
f 6183 6200 6182
f 6199 6188 6189
f 6199 6189 6201
f 6201 6189 6187
f 6201 6187 6200
f 6203 6176 6177
f 6203 6177 6204
f 6204 6177 6175
f 6204 6175 6202
f 6184 6205 6207
f 6184 6207 6186
f 6186 6207 6206
f 6186 6206 6185
f 6173 6203 6204
f 6173 6204 6174
f 6174 6204 6202
f 6174 6202 6172
f 6205 6208 6210
f 6205 6210 6207
f 6207 6210 6209
f 6207 6209 6206
f 6224 6232 6234
f 6224 6234 6225
f 6225 6234 6233
f 6225 6233 6223
f 6230 6217 6219
f 6230 6219 6231
f 6231 6219 6218
f 6231 6218 6229
f 6212 6226 6228
f 6212 6228 6213
f 6213 6228 6227
f 6213 6227 6211
f 6236 6224 6225
f 6236 6225 6237
f 6237 6225 6223
f 6237 6223 6235
f 6215 6230 6231
f 6215 6231 6216
f 6216 6231 6229
f 6216 6229 6214
f 6226 6215 6216
f 6226 6216 6228
f 6228 6216 6214
f 6228 6214 6227
f 6221 6241 6243
f 6221 6243 6222
f 6222 6243 6242
f 6222 6242 6220
f 6217 6236 6237
f 6217 6237 6219
f 6219 6237 6235
f 6219 6235 6218
f 6239 6212 6213
f 6239 6213 6240
f 6240 6213 6211
f 6240 6211 6238
f 6232 6221 6222
f 6232 6222 6234
f 6234 6222 6220
f 6234 6220 6233
f 6241 6209 6210
f 6241 6210 6243
f 6243 6210 6208
f 6243 6208 6242
f 6172 6239 6240
f 6172 6240 6174
f 6174 6240 6238
f 6174 6238 6173
f 6203 6173 6149
f 6203 6149 6159
f 6247 6256 6257
f 6247 6257 6246
f 6256 6248 6249
f 6256 6249 6257
f 6248 6258 6259
f 6248 6259 6249
f 6258 6250 6251
f 6258 6251 6259
f 6255 6260 6261
f 6255 6261 6254
f 6260 6252 6253
f 6260 6253 6261
f 6250 6262 6263
f 6250 6263 6251
f 6262 6255 6254
f 6262 6254 6263
f 6265 6247 6246
f 6265 6246 6264
f 6252 6266 6267
f 6252 6267 6253
f 6245 6265 6264
f 6245 6264 6244
f 6266 6268 6269
f 6266 6269 6267
f 6279 6284 6285
f 6279 6285 6278
f 6283 6274 6275
f 6283 6275 6282
f 6271 6280 6281
f 6271 6281 6270
f 6287 6279 6278
f 6287 6278 6286
f 6273 6283 6282
f 6273 6282 6272
f 6280 6273 6272
f 6280 6272 6281
f 6277 6290 6291
f 6277 6291 6276
f 6274 6287 6286
f 6274 6286 6275
f 6289 6271 6270
f 6289 6270 6288
f 6284 6277 6276
f 6284 6276 6285
f 6290 6269 6268
f 6290 6268 6291
f 6244 6289 6288
f 6244 6288 6245
f 6265 6245 6172
f 6265 6172 6202
