# https://github.com/mikedh/trimesh

o OpenSCAD_Model
v 14.63220000 -58.70390000 0.00000000
v 14.06330000 -46.41630000 0.00000000
v 21.87440000 -56.40710000 0.00000000
v 42.54770000 6.06258000 0.00000000
v 42.64370000 6.09419000 0.00000000
v 42.92320000 2.91116000 0.00000000
v 34.44530000 -28.24570000 0.00000000
v 31.47260000 -30.89270000 0.00000000
v 34.01330000 -28.07100000 0.00000000
v 42.94600000 -3.00606000 0.00000000
v 42.92370000 -6.19671000 0.00000000
v 42.64370000 -6.09421000 0.00000000
v 37.20780000 -23.67410000 0.00000000
v 39.10630000 -20.38590000 0.00000000
v 37.50740000 -24.03100000 0.00000000
v 40.35430000 14.77440000 0.00000000
v 40.44480000 14.82720000 0.00000000
v 41.03680000 13.01450000 0.00000000
v 24.11650000 36.04490000 0.00000000
v 25.54970000 34.64980000 0.00000000
v 24.00540000 35.76830000 0.00000000
v 16.13000000 39.91520000 0.00000000
v 16.04410000 39.97770000 0.00000000
v 16.09530000 40.27140000 0.00000000
v -1.60331000 43.04720000 0.00000000
v -1.67601000 43.33630000 0.00000000
v 0.30353900 43.05000000 0.00000000
v -10.51830000 41.77310000 0.00000000
v -10.41210000 41.77300000 0.00000000
v -10.50500000 41.74360000 0.00000000
v 10.51830000 41.77310000 0.00000000
v 10.49530000 41.72200000 0.00000000
v 7.38171000 42.43980000 0.00000000
v -37.83350000 24.44870000 0.00000000
v -37.50740000 24.03100000 0.00000000
v -39.56520000 20.46690000 0.00000000
v -33.32660000 27.75210000 0.00000000
v -32.97710000 27.67500000 0.00000000
v -33.06310000 27.61270000 0.00000000
v -59.34700000 11.75530000 0.00000000
v -47.22930000 11.02890000 0.00000000
v -47.63200000 9.13449000 0.00000000
v -36.51100000 -22.81110000 0.00000000
v -36.47830000 -22.91210000 0.00000000
v -36.69230000 -23.11960000 0.00000000
v -43.53820000 -17.46750000 0.00000000
v -46.31580000 -11.27380000 0.00000000
v -45.49030000 -11.45950000 0.00000000
v -2.05777000 -44.49790000 0.00000000
v -1.89851000 -44.06000000 0.00000000
v -0.30353900 -43.05000000 0.00000000
v -16.04410000 -39.97770000 0.00000000
v -16.13000000 -39.91520000 0.00000000
v -16.03750000 -39.94590000 0.00000000
v 34.94330000 28.42670000 0.00000000
v 34.44530000 28.24570000 0.00000000
v 31.69150000 31.30410000 0.00000000
v -26.53340000 -33.82430000 0.00000000
v -25.54970000 -34.64980000 0.00000000
v -26.59960000 -33.88350000 0.00000000
v -16.09530000 -40.27140000 0.00000000
v -26.82830000 34.07460000 0.00000000
v -25.05860000 35.00660000 0.00000000
v -26.59960000 33.88350000 0.00000000
v -16.21910000 -41.48780000 0.00000000
v -16.23740000 -42.01740000 0.00000000
v -20.36000000 -40.18180000 0.00000000
v -7.37073000 -42.73770000 0.00000000
v -10.64950000 -42.04080000 0.00000000
v -7.38171000 -42.43980000 0.00000000
v -10.49530000 -41.72200000 0.00000000
v -7.38209000 -42.33870000 0.00000000
v -10.51830000 -41.77310000 0.00000000
v -11.56090000 -43.53690000 0.00000000
v -11.26440000 -43.09770000 0.00000000
v -7.23884000 -43.95340000 0.00000000
v -10.81440000 -42.35040000 0.00000000
v -16.05340000 -44.88360000 0.00000000
v -22.61320000 -41.96300000 0.00000000
v -16.15180000 -44.04320000 0.00000000
v -7.34603000 -43.08760000 0.00000000
v -7.30358000 -43.49190000 0.00000000
v -11.01760000 -42.70240000 0.00000000
v -7.14665000 -44.47510000 0.00000000
v -15.45850000 -58.49170000 0.00000000
v -6.03170000 -48.12350000 0.00000000
v -8.00564000 -59.96800000 0.00000000
v -12.33070000 -44.55010000 0.00000000
v -11.91370000 -44.02070000 0.00000000
v -6.85547000 -45.71390000 0.00000000
v 7.15928000 -60.07490000 0.00000000
v 4.10553000 -48.32590000 0.00000000
v 6.03168000 -48.12350000 0.00000000
v -4.10554000 -48.32590000 0.00000000
v -0.42655900 -60.49850000 0.00000000
v 24.23620000 -36.37460000 0.00000000
v 24.11650000 -36.04490000 0.00000000
v 25.05860000 -35.00660000 0.00000000
v 36.47830000 22.91210000 0.00000000
v 36.51100000 22.81110000 0.00000000
v 36.45430000 22.89030000 0.00000000
v 31.92360000 -31.78040000 0.00000000
v 31.69150000 -31.30410000 0.00000000
v -19.38320000 -39.17650000 0.00000000
v -16.14390000 -40.61870000 0.00000000
v -18.90810000 -38.58390000 0.00000000
v -18.97360000 -38.67340000 0.00000000
v -29.51920000 -52.80970000 0.00000000
v -25.08380000 -41.50970000 0.00000000
v -23.40650000 -42.47800000 0.00000000
v -1.58457000 -42.96040000 0.00000000
v -1.60336000 -43.04710000 0.00000000
v -35.90520000 -48.69360000 0.00000000
v -1.77294000 -43.67340000 0.00000000
v -27.43370000 -34.52940000 0.00000000
v -27.82000000 -34.79000000 0.00000000
v -2.25642000 -44.98910000 0.00000000
v 2.05774000 -44.49790000 0.00000000
v 2.25640000 -44.98910000 0.00000000
v -24.00540000 -35.76830000 0.00000000
v -24.11650000 -36.04490000 0.00000000
v 2.79877000 -46.14030000 0.00000000
v -2.79881000 -46.14020000 0.00000000
v -2.50096000 -45.53580000 0.00000000
v -41.72500000 -43.80950000 0.00000000
v -33.16600000 -35.38730000 0.00000000
v -31.72670000 -36.68330000 0.00000000
v 3.15857000 -46.80500000 0.00000000
v -3.59027000 -47.53270000 0.00000000
v -3.15860000 -46.80500000 0.00000000
v 1.89848000 -44.06000000 0.00000000
v -33.32660000 -27.75210000 0.00000000
v -30.91740000 -29.99570000 0.00000000
v -31.08360000 -30.24310000 0.00000000
v 1.60331000 -43.04720000 0.00000000
v 1.67601000 -43.33630000 0.00000000
v -34.94330000 -28.42670000 0.00000000
v -34.44530000 -28.24570000 0.00000000
v -31.69150000 -31.30410000 0.00000000
v -36.93580000 -23.37210000 0.00000000
v -38.70870000 -20.30130000 0.00000000
v -19.97880000 -39.81390000 0.00000000
v -16.18650000 -41.02300000 0.00000000
v -19.65520000 -39.47860000 0.00000000
v -7.02112000 -45.06070000 0.00000000
v -12.82090000 -45.12550000 0.00000000
v -6.64176000 -46.43890000 0.00000000
v -13.39440000 -45.74760000 0.00000000
v -6.37078000 -47.24050000 0.00000000
v -14.06330000 -46.41630000 0.00000000
v -15.90530000 -45.81780000 0.00000000
v -22.66760000 -56.09300000 0.00000000
v -16.21010000 -43.28960000 0.00000000
v -21.32380000 -41.01280000 0.00000000
v -16.23630000 -42.61620000 0.00000000
v -19.15760000 -38.90790000 0.00000000
v -24.23620000 -36.37460000 0.00000000
v -24.36190000 -36.76120000 0.00000000
v -51.30910000 -32.05660000 0.00000000
v -39.79870000 -27.71840000 0.00000000
v -46.88680000 -38.23450000 0.00000000
v -40.68560000 -20.60200000 0.00000000
v -40.08990000 -20.54040000 0.00000000
v -37.83350000 -24.44870000 0.00000000
v -42.95590000 -11.79360000 0.00000000
v -42.49020000 -11.80970000 0.00000000
v -41.03680000 -13.01450000 0.00000000
v -24.61850000 -37.72320000 0.00000000
v -28.26940000 -35.07070000 0.00000000
v -24.74200000 -38.30920000 0.00000000
v -24.85630000 -38.97330000 0.00000000
v -29.38480000 -35.68310000 0.00000000
v -27.10490000 -34.29040000 0.00000000
v -20.80580000 -40.58180000 0.00000000
v -21.92280000 -41.47380000 0.00000000
v -28.78860000 -35.36920000 0.00000000
v -26.82830000 -34.07460000 0.00000000
v -24.49040000 -37.20910000 0.00000000
v -23.96310000 -35.67250000 0.00000000
v -33.06310000 -27.61260000 0.00000000
v -33.01450000 -27.58480000 0.00000000
v -39.36940000 -26.87560000 0.00000000
v -42.95970000 -20.65710000 0.00000000
v -38.95510000 -26.13790000 0.00000000
v -36.45430000 -22.89030000 0.00000000
v -40.44480000 -14.82720000 0.00000000
v -40.69730000 -14.98560000 0.00000000
v -42.92370000 -6.19670000 0.00000000
v -43.27410000 -2.86303000 0.00000000
v -42.64370000 -6.09419000 0.00000000
v -43.61940000 -2.80190000 0.00000000
v -43.24880000 -6.32830000 0.00000000
v -34.01330000 -28.07100000 0.00000000
v -31.47260000 -30.89270000 0.00000000
v -35.51310000 -28.61080000 0.00000000
v -32.41610000 -32.95380000 0.00000000
v -36.16160000 -28.79390000 0.00000000
v -31.26930000 -30.54070000 0.00000000
v -33.64190000 -27.90560000 0.00000000
v -30.06670000 -36.00950000 0.00000000
v -24.95600000 -39.72260000 0.00000000
v -30.84360000 -36.34450000 0.00000000
v -25.03440000 -40.56510000 0.00000000
v -31.92360000 -31.78040000 0.00000000
v -30.85830000 -29.91360000 0.00000000
v -39.56520000 -20.46690000 0.00000000
v -38.08160000 -20.13500000 0.00000000
v -37.97600000 -20.10120000 0.00000000
v -57.66930000 -18.28940000 0.00000000
v -44.69200000 -18.83810000 0.00000000
v -54.92230000 -25.37300000 0.00000000
v -43.01710000 -16.91990000 0.00000000
v -43.24880000 6.32831000 0.00000000
v -42.94600000 3.00606000 0.00000000
v -43.61940000 2.80191000 0.00000000
v -37.20780000 -23.67410000 0.00000000
v -39.10630000 -20.38580000 0.00000000
v -32.16620000 -32.32790000 0.00000000
v -36.89640000 -28.97140000 0.00000000
v -32.66940000 -33.66600000 0.00000000
v -32.92130000 -34.47370000 0.00000000
v -37.72610000 -29.13750000 0.00000000
v -38.66030000 -29.28530000 0.00000000
v -38.55920000 -25.49390000 0.00000000
v -41.35800000 -20.64630000 0.00000000
v -38.36830000 -20.21670000 0.00000000
v -40.98800000 -15.18190000 0.00000000
v -41.31690000 -15.42080000 0.00000000
v -60.35230000 4.22444000 0.00000000
v -48.49030000 0.96838900 0.00000000
v -60.40590000 -3.37302000 0.00000000
v -43.27410000 2.86304000 0.00000000
v -42.97890000 2.90512000 0.00000000
v -40.36810000 14.78250000 0.00000000
v -40.84920000 13.59180000 0.00000000
v -40.44480000 14.82720000 0.00000000
v -41.68410000 -15.70760000 0.00000000
v -42.08990000 -16.04840000 0.00000000
v -43.48450000 -11.75640000 0.00000000
v -42.53430000 -16.44990000 0.00000000
v -44.74690000 -11.59630000 0.00000000
v -42.08370000 -11.80970000 0.00000000
v -41.43570000 -11.77740000 0.00000000
v -41.34740000 -11.76850000 0.00000000
v -37.50740000 -24.03100000 0.00000000
v -38.18470000 -24.93380000 0.00000000
v -42.11360000 -20.66710000 0.00000000
v -43.90420000 -20.60740000 0.00000000
v -44.07990000 -11.69280000 0.00000000
v -41.73320000 -11.79760000 0.00000000
v -40.35430000 -14.77440000 0.00000000
v -59.50680000 -10.91730000 0.00000000
v -47.63200000 -9.13447000 0.00000000
v -42.97890000 -2.90509000 0.00000000
v -42.92320000 -2.91116000 0.00000000
v -46.87880000 1.75119000 0.00000000
v -47.64760000 1.39792000 0.00000000
v -46.89700000 8.53913000 0.00000000
v -42.94670000 2.90863000 0.00000000
v -41.31690000 15.42080000 0.00000000
v -41.68410000 15.70760000 0.00000000
v -41.43570000 11.77750000 0.00000000
v -41.73320000 11.79770000 0.00000000
v -44.46920000 -2.60481000 0.00000000
v -44.01710000 -2.71742000 0.00000000
v -43.62020000 -6.49360000 0.00000000
v -45.54770000 -2.27253000 0.00000000
v -45.59490000 -7.60641000 0.00000000
v -46.18000000 -2.03950000 0.00000000
v -44.03900000 -6.69777000 0.00000000
v -44.09690000 -18.10300000 0.00000000
v -47.22940000 -11.02890000 0.00000000
v -44.50680000 -6.94668000 0.00000000
v -44.97850000 -2.45859000 0.00000000
v -42.54770000 -6.06258000 0.00000000
v -44.97850000 2.45859000 0.00000000
v -44.50680000 6.94670000 0.00000000
v -44.03900000 6.69778000 0.00000000
v -42.53840000 6.05954000 0.00000000
v -42.64370000 6.09421000 0.00000000
v -57.40570000 19.10070000 0.00000000
v -42.95590000 11.79360000 0.00000000
v -36.69230000 23.11960000 0.00000000
v -38.08160000 20.13510000 0.00000000
v -38.36830000 20.21670000 0.00000000
v -44.46920000 2.60482000 0.00000000
v -43.62020000 6.49361000 0.00000000
v -44.01710000 2.71744000 0.00000000
v -45.02490000 -7.24702000 0.00000000
v -46.87880000 -1.75118000 0.00000000
v -46.21850000 -8.03372000 0.00000000
v -47.64760000 -1.39791000 0.00000000
v -46.89700000 -8.53913000 0.00000000
v -48.49030000 -0.96837600 0.00000000
v -45.54780000 2.27255000 0.00000000
v -46.18010000 2.03952000 0.00000000
v -45.59490000 7.60642000 0.00000000
v -42.92370000 6.19671000 0.00000000
v -42.08990000 16.04840000 0.00000000
v -43.48440000 11.75640000 0.00000000
v -42.08370000 11.80970000 0.00000000
v -42.49020000 11.80970000 0.00000000
v -39.10630000 20.38590000 0.00000000
v -37.20780000 23.67410000 0.00000000
v -50.85200000 32.77680000 0.00000000
v -39.79870000 27.71850000 0.00000000
v -43.90420000 20.60750000 0.00000000
v -31.26930000 30.54070000 0.00000000
v -33.64190000 27.90570000 0.00000000
v -43.01710000 16.91990000 0.00000000
v -42.53430000 16.44990000 0.00000000
v -44.74690000 11.59630000 0.00000000
v -40.98800000 15.18200000 0.00000000
v -45.02490000 7.24703000 0.00000000
v -46.21850000 8.03373000 0.00000000
v -44.07990000 11.69280000 0.00000000
v -40.69730000 14.98560000 0.00000000
v -41.33150000 11.76690000 0.00000000
v -54.55900000 26.14500000 0.00000000
v -36.47820000 22.91210000 0.00000000
v -36.43680000 22.87450000 0.00000000
v -37.72610000 29.13750000 0.00000000
v -32.92130000 34.47370000 0.00000000
v -36.89640000 28.97140000 0.00000000
v -33.03500000 27.59660000 0.00000000
v -35.51310000 28.61080000 0.00000000
v -31.92360000 31.78040000 0.00000000
v -34.94320000 28.42670000 0.00000000
v -24.36190000 36.76120000 0.00000000
v -24.23620000 36.37460000 0.00000000
v -38.55920000 25.49400000 0.00000000
v -40.68560000 20.60200000 0.00000000
v -41.35800000 20.64630000 0.00000000
v -38.70870000 20.30130000 0.00000000
v -36.93580000 23.37210000 0.00000000
v -45.49030000 11.45960000 0.00000000
v -43.53820000 17.46750000 0.00000000
v -44.09680000 18.10300000 0.00000000
v -46.31580000 11.27390000 0.00000000
v -44.69200000 18.83810000 0.00000000
v -40.08990000 20.54040000 0.00000000
v -37.98530000 20.10420000 0.00000000
v -34.44530000 28.24570000 0.00000000
v -30.91740000 29.99570000 0.00000000
v -30.85260000 29.90570000 0.00000000
v -31.72670000 36.68330000 0.00000000
v -41.10310000 44.39350000 0.00000000
v -35.21500000 49.19500000 0.00000000
v -24.49040000 37.20910000 0.00000000
v -27.82000000 34.79000000 0.00000000
v -31.69150000 31.30410000 0.00000000
v -31.47260000 30.89270000 0.00000000
v -34.01330000 28.07100000 0.00000000
v -38.18470000 24.93380000 0.00000000
v -38.95510000 26.13790000 0.00000000
v -42.11360000 20.66710000 0.00000000
v -42.95970000 20.65710000 0.00000000
v -39.36940000 26.87560000 0.00000000
v -38.66030000 29.28530000 0.00000000
v -46.34300000 38.89180000 0.00000000
v -36.16160000 28.79390000 0.00000000
v -32.41610000 32.95380000 0.00000000
v -31.08370000 30.24310000 0.00000000
v -27.10490000 34.29040000 0.00000000
v -27.43370000 34.52940000 0.00000000
v -16.18640000 41.02300000 0.00000000
v -16.14390000 40.61870000 0.00000000
v -19.65510000 39.47860000 0.00000000
v -18.97360000 38.67340000 0.00000000
v -19.15760000 38.90800000 0.00000000
v -16.09530000 40.27140000 0.00000000
v -14.63220000 58.70390000 0.00000000
v -14.06330000 46.41630000 0.00000000
v -21.87440000 56.40710000 0.00000000
v -28.26940000 35.07070000 0.00000000
v -24.61850000 37.72320000 0.00000000
v -24.74190000 38.30920000 0.00000000
v -29.38480000 35.68320000 0.00000000
v -24.85630000 38.97330000 0.00000000
v -24.00530000 35.76830000 0.00000000
v -23.96950000 35.68700000 0.00000000
v -32.16620000 32.32790000 0.00000000
v -32.66940000 33.66600000 0.00000000
v -33.16600000 35.38740000 0.00000000
v -28.78860000 35.36920000 0.00000000
v -24.11650000 36.04490000 0.00000000
v -26.52150000 33.81370000 0.00000000
v -23.40650000 42.47800000 0.00000000
v -28.77160000 53.22070000 0.00000000
v -16.04410000 39.97770000 0.00000000
v -16.03270000 39.92280000 0.00000000
v -12.82090000 45.12550000 0.00000000
v -13.39440000 45.74760000 0.00000000
v -6.37077000 47.24050000 0.00000000
v -7.30357000 43.49190000 0.00000000
v -11.01760000 42.70240000 0.00000000
v -7.23883000 43.95330000 0.00000000
v -10.81440000 42.35040000 0.00000000
v -7.34602000 43.08760000 0.00000000
v -10.64950000 42.04080000 0.00000000
v -16.21910000 41.48780000 0.00000000
v -16.23630000 42.61620000 0.00000000
v -21.32370000 41.01290000 0.00000000
v -16.21010000 43.28960000 0.00000000
v -19.38320000 39.17650000 0.00000000
v -24.95600000 39.72260000 0.00000000
v -30.06660000 36.00950000 0.00000000
v -25.03440000 40.56510000 0.00000000
v -30.84360000 36.34450000 0.00000000
v -25.08380000 41.50970000 0.00000000
v -16.23740000 42.01740000 0.00000000
v -20.36000000 40.18180000 0.00000000
v -19.97880000 39.81390000 0.00000000
v -18.91380000 38.59180000 0.00000000
v -11.26440000 43.09770000 0.00000000
v -11.56090000 43.53680000 0.00000000
v -7.14665000 44.47510000 0.00000000
v -7.38168000 42.43980000 0.00000000
v -7.38210000 42.32890000 0.00000000
v -7.15928000 60.07490000 0.00000000
v -4.10553000 48.32590000 0.00000000
v -6.03168000 48.12350000 0.00000000
v 0.42655900 60.49850000 0.00000000
v 2.05777000 44.49790000 0.00000000
v 1.89851000 44.06000000 0.00000000
v -20.80580000 40.58180000 0.00000000
v -21.92280000 41.47380000 0.00000000
v -16.15180000 44.04320000 0.00000000
v -16.05340000 44.88360000 0.00000000
v -22.61320000 41.96300000 0.00000000
v -15.90530000 45.81780000 0.00000000
v -11.91370000 44.02070000 0.00000000
v -12.33070000 44.55010000 0.00000000
v -6.85546000 45.71390000 0.00000000
v -7.37071000 42.73770000 0.00000000
v 2.25642000 44.98910000 0.00000000
v -2.05774000 44.49790000 0.00000000
v -2.25640000 44.98910000 0.00000000
v -1.77290000 43.67340000 0.00000000
v -1.89848000 44.06000000 0.00000000
v -3.15857000 46.80500000 0.00000000
v 3.15860000 46.80500000 0.00000000
v -2.79877000 46.14030000 0.00000000
v 3.59027000 47.53270000 0.00000000
v 10.81440000 42.35040000 0.00000000
v 7.37073000 42.73770000 0.00000000
v 7.34603000 43.08760000 0.00000000
v 2.79881000 46.14020000 0.00000000
v 2.50096000 45.53580000 0.00000000
v 1.77294000 43.67340000 0.00000000
v 1.60336000 43.04710000 0.00000000
v 1.58457000 42.96040000 0.00000000
v -2.50093000 45.53580000 0.00000000
v -7.02110000 45.06070000 0.00000000
v -6.64174000 46.43890000 0.00000000
v 1.67603000 43.33630000 0.00000000
v -1.58115000 42.94480000 0.00000000
v 6.03170000 48.12350000 0.00000000
v 8.00564000 59.96800000 0.00000000
v 15.45850000 58.49170000 0.00000000
v 10.64950000 42.04080000 0.00000000
v 11.56090000 43.53690000 0.00000000
v 11.26440000 43.09770000 0.00000000
v 7.23884000 43.95340000 0.00000000
v 16.05340000 44.88360000 0.00000000
v 22.61320000 41.96300000 0.00000000
v 16.15180000 44.04320000 0.00000000
v 11.01760000 42.70240000 0.00000000
v 7.30358000 43.49190000 0.00000000
v 11.91370000 44.02070000 0.00000000
v 6.85547000 45.71390000 0.00000000
v 12.33070000 44.55010000 0.00000000
v -3.59027000 47.53270000 0.00000000
v 4.10554000 48.32590000 0.00000000
v 7.14665000 44.47510000 0.00000000
v 7.38209000 42.33870000 0.00000000
v 16.23740000 42.01740000 0.00000000
v 20.36000000 40.18180000 0.00000000
v 16.21910000 41.48780000 0.00000000
v 16.14390000 40.61870000 0.00000000
v 19.38320000 39.17650000 0.00000000
v 18.90810000 38.58390000 0.00000000
v 18.97360000 38.67340000 0.00000000
v 16.03750000 39.94590000 0.00000000
v 35.90520000 48.69360000 0.00000000
v 25.08380000 41.50970000 0.00000000
v 29.51920000 52.80970000 0.00000000
v 16.18650000 41.02300000 0.00000000
v 19.97880000 39.81390000 0.00000000
v 19.65520000 39.47860000 0.00000000
v 7.02112000 45.06070000 0.00000000
v 12.82090000 45.12550000 0.00000000
v 6.64176000 46.43890000 0.00000000
v 13.39440000 45.74760000 0.00000000
v 6.37078000 47.24050000 0.00000000
v 14.06330000 46.41630000 0.00000000
v 15.90530000 45.81780000 0.00000000
v 22.66760000 56.09300000 0.00000000
v 16.21010000 43.28960000 0.00000000
v 21.32380000 41.01280000 0.00000000
v 16.23630000 42.61620000 0.00000000
v 19.15760000 38.90790000 0.00000000
v 26.53340000 33.82430000 0.00000000
v 26.59960000 33.88350000 0.00000000
v 27.43370000 34.52940000 0.00000000
v 27.82000000 34.79000000 0.00000000
v 24.23620000 36.37460000 0.00000000
v 24.36190000 36.76120000 0.00000000
v 41.72500000 43.80950000 0.00000000
v 33.16600000 35.38730000 0.00000000
v 31.72670000 36.68330000 0.00000000
v 24.61850000 37.72320000 0.00000000
v 28.26940000 35.07070000 0.00000000
v 24.74200000 38.30920000 0.00000000
v 24.85630000 38.97330000 0.00000000
v 29.38480000 35.68310000 0.00000000
v 27.10490000 34.29040000 0.00000000
v 20.80580000 40.58180000 0.00000000
v 21.92280000 41.47380000 0.00000000
v 23.40650000 42.47800000 0.00000000
v 28.78860000 35.36920000 0.00000000
v 26.82830000 34.07460000 0.00000000
v 24.49040000 37.20910000 0.00000000
v 23.96310000 35.67250000 0.00000000
v 46.88680000 38.23450000 0.00000000
v 32.41610000 32.95380000 0.00000000
v 36.16160000 28.79390000 0.00000000
v 35.51310000 28.61080000 0.00000000
v 33.32660000 27.75210000 0.00000000
v 30.91740000 29.99570000 0.00000000
v 31.08360000 30.24310000 0.00000000
v 33.06310000 27.61260000 0.00000000
v 33.01450000 27.58480000 0.00000000
v 34.01330000 28.07100000 0.00000000
v 31.47260000 30.89270000 0.00000000
v 31.26930000 30.54070000 0.00000000
v 33.64190000 27.90560000 0.00000000
v 30.06670000 36.00950000 0.00000000
v 24.95600000 39.72260000 0.00000000
v 30.84360000 36.34450000 0.00000000
v 25.03440000 40.56510000 0.00000000
v 31.92360000 31.78040000 0.00000000
v 30.85830000 29.91360000 0.00000000
v 40.08990000 20.54040000 0.00000000
v 39.56520000 20.46690000 0.00000000
v 37.83350000 24.44870000 0.00000000
v 38.95510000 26.13790000 0.00000000
v 39.36940000 26.87560000 0.00000000
v 42.95970000 20.65710000 0.00000000
v 39.10630000 20.38580000 0.00000000
v 37.20780000 23.67410000 0.00000000
v 36.93580000 23.37210000 0.00000000
v 38.70870000 20.30130000 0.00000000
v 38.08160000 20.13500000 0.00000000
v 37.97600000 20.10120000 0.00000000
v 36.69230000 23.11960000 0.00000000
v 38.36830000 20.21670000 0.00000000
v 37.50740000 24.03100000 0.00000000
v 32.16620000 32.32790000 0.00000000
v 36.89640000 28.97140000 0.00000000
v 32.66940000 33.66600000 0.00000000
v 32.92130000 34.47370000 0.00000000
v 37.72610000 29.13750000 0.00000000
v 38.66030000 29.28530000 0.00000000
v 39.79870000 27.71840000 0.00000000
v 51.30910000 32.05660000 0.00000000
v 38.55920000 25.49390000 0.00000000
v 41.35800000 20.64630000 0.00000000
v 40.68560000 20.60200000 0.00000000
v 57.66930000 18.28940000 0.00000000
v 44.69200000 18.83810000 0.00000000
v 54.92230000 25.37300000 0.00000000
v 43.48450000 11.75640000 0.00000000
v 41.68410000 15.70760000 0.00000000
v 42.08990000 16.04840000 0.00000000
v 41.34740000 11.76850000 0.00000000
v 41.43570000 11.77740000 0.00000000
v 42.49020000 11.80970000 0.00000000
v 42.95590000 11.79360000 0.00000000
v 40.98800000 15.18190000 0.00000000
v 41.31690000 15.42080000 0.00000000
v 40.69730000 14.98560000 0.00000000
v 44.74690000 11.59630000 0.00000000
v 42.53430000 16.44990000 0.00000000
v 43.01710000 16.91990000 0.00000000
v 42.08370000 11.80970000 0.00000000
v 44.07990000 11.69280000 0.00000000
v 38.18470000 24.93380000 0.00000000
v 42.11360000 20.66710000 0.00000000
v 43.90420000 20.60740000 0.00000000
v 41.73320000 11.79760000 0.00000000
v 60.40590000 3.37302000 0.00000000
v 47.63200000 9.13447000 0.00000000
v 59.50680000 10.91730000 0.00000000
v 43.62020000 6.49360000 0.00000000
v 44.46920000 2.60481000 0.00000000
v 44.01710000 2.71742000 0.00000000
v 43.61940000 2.80190000 0.00000000
v 42.92370000 6.19670000 0.00000000
v 43.27410000 2.86303000 0.00000000
v 42.97890000 2.90509000 0.00000000
v 46.18000000 2.03950000 0.00000000
v 45.54770000 2.27253000 0.00000000
v 45.59490000 7.60641000 0.00000000
v 43.24880000 6.32830000 0.00000000
v 45.49030000 11.45950000 0.00000000
v 43.53820000 17.46750000 0.00000000
v 46.31580000 11.27380000 0.00000000
v 44.09690000 18.10300000 0.00000000
v 47.22940000 11.02890000 0.00000000
v 44.97850000 2.45859000 0.00000000
v 44.50680000 6.94668000 0.00000000
v 44.03900000 6.69777000 0.00000000
v 48.49030000 0.96837600 0.00000000
v 46.89700000 -8.53913000 0.00000000
v 46.87880000 -1.75119000 0.00000000
v 47.64760000 -1.39792000 0.00000000
v 44.97850000 -2.45859000 0.00000000
v 44.50680000 -6.94670000 0.00000000
v 44.03900000 -6.69778000 0.00000000
v 43.24880000 -6.32831000 0.00000000
v 43.61940000 -2.80191000 0.00000000
v 42.53840000 -6.05954000 0.00000000
v 44.46920000 -2.60482000 0.00000000
v 43.62020000 -6.49361000 0.00000000
v 44.01710000 -2.71744000 0.00000000
v 45.02490000 7.24702000 0.00000000
v 46.87880000 1.75118000 0.00000000
v 46.21850000 8.03372000 0.00000000
v 47.64760000 1.39791000 0.00000000
v 46.89700000 8.53913000 0.00000000
v 48.49030000 -0.96838900 0.00000000
v 60.35230000 -4.22444000 0.00000000
v 46.18010000 -2.03952000 0.00000000
v 45.59490000 -7.60642000 0.00000000
v 45.54780000 -2.27255000 0.00000000
v 43.27410000 -2.86304000 0.00000000
v 42.97890000 -2.90512000 0.00000000
v 42.94670000 -2.90863000 0.00000000
v 47.22930000 -11.02890000 0.00000000
v 59.34700000 -11.75530000 0.00000000
v 57.40570000 -19.10070000 0.00000000
v 40.84920000 -13.59180000 0.00000000
v 41.31690000 -15.42080000 0.00000000
v 40.98800000 -15.18200000 0.00000000
v 42.95590000 -11.79360000 0.00000000
v 42.49020000 -11.80970000 0.00000000
v 43.48440000 -11.75640000 0.00000000
v 42.08990000 -16.04840000 0.00000000
v 42.53430000 -16.44990000 0.00000000
v 44.74690000 -11.59630000 0.00000000
v 43.01710000 -16.91990000 0.00000000
v 40.44480000 -14.82720000 0.00000000
v 40.36810000 -14.78250000 0.00000000
v 45.02490000 -7.24703000 0.00000000
v 46.21850000 -8.03373000 0.00000000
v 47.63200000 -9.13449000 0.00000000
v 44.07990000 -11.69280000 0.00000000
v 40.69730000 -14.98560000 0.00000000
v 41.68410000 -15.70760000 0.00000000
v 42.08370000 -11.80970000 0.00000000
v 41.73320000 -11.79770000 0.00000000
v 41.43570000 -11.77750000 0.00000000
v 41.33150000 -11.76690000 0.00000000
v 54.55900000 -26.14500000 0.00000000
v 43.90420000 -20.60750000 0.00000000
v 44.69200000 -18.83810000 0.00000000
v 50.85200000 -32.77680000 0.00000000
v 41.35800000 -20.64630000 0.00000000
v 38.55920000 -25.49400000 0.00000000
v 40.68560000 -20.60200000 0.00000000
v 36.93580000 -23.37210000 0.00000000
v 38.70870000 -20.30130000 0.00000000
v 38.36830000 -20.21670000 0.00000000
v 43.53820000 -17.46750000 0.00000000
v 45.49030000 -11.45960000 0.00000000
v 44.09680000 -18.10300000 0.00000000
v 46.31580000 -11.27390000 0.00000000
v 40.08990000 -20.54040000 0.00000000
v 37.83350000 -24.44870000 0.00000000
v 39.56520000 -20.46690000 0.00000000
v 36.69230000 -23.11960000 0.00000000
v 38.08160000 -20.13510000 0.00000000
v 36.47820000 -22.91210000 0.00000000
v 36.43680000 -22.87450000 0.00000000
v 37.98530000 -20.10420000 0.00000000
v 37.72610000 -29.13750000 0.00000000
v 32.92130000 -34.47370000 0.00000000
v 36.89640000 -28.97140000 0.00000000
v 33.64190000 -27.90570000 0.00000000
v 31.26930000 -30.54070000 0.00000000
v 34.94320000 -28.42670000 0.00000000
v 38.18470000 -24.93380000 0.00000000
v 38.95510000 -26.13790000 0.00000000
v 42.11360000 -20.66710000 0.00000000
v 42.95970000 -20.65710000 0.00000000
v 39.36940000 -26.87560000 0.00000000
v 39.79870000 -27.71850000 0.00000000
v 38.66030000 -29.28530000 0.00000000
v 46.34300000 -38.89180000 0.00000000
v 36.16160000 -28.79390000 0.00000000
v 32.41610000 -32.95380000 0.00000000
v 35.51310000 -28.61080000 0.00000000
v 32.97710000 -27.67500000 0.00000000
v 31.08370000 -30.24310000 0.00000000
v 30.85260000 -29.90570000 0.00000000
v 30.91740000 -29.99570000 0.00000000
v 33.32660000 -27.75210000 0.00000000
v 33.06310000 -27.61270000 0.00000000
v 33.03500000 -27.59660000 0.00000000
v 41.10310000 -44.39350000 0.00000000
v 31.72670000 -36.68330000 0.00000000
v 33.16600000 -35.38740000 0.00000000
v 28.26940000 -35.07070000 0.00000000
v 24.61850000 -37.72320000 0.00000000
v 27.82000000 -34.79000000 0.00000000
v 24.00530000 -35.76830000 0.00000000
v 35.21500000 -49.19500000 0.00000000
v 29.38480000 -35.68320000 0.00000000
v 24.85630000 -38.97330000 0.00000000
v 24.74190000 -38.30920000 0.00000000
v 28.78860000 -35.36920000 0.00000000
v 32.16620000 -32.32790000 0.00000000
v 32.66940000 -33.66600000 0.00000000
v 23.96950000 -35.68700000 0.00000000
v 24.36190000 -36.76120000 0.00000000
v 27.43370000 -34.52940000 0.00000000
v 24.49040000 -37.20910000 0.00000000
v 27.10490000 -34.29040000 0.00000000
v 26.82830000 -34.07460000 0.00000000
v 26.59960000 -33.88350000 0.00000000
v 26.52150000 -33.81370000 0.00000000
v 16.18640000 -41.02300000 0.00000000
v 19.65510000 -39.47860000 0.00000000
v 16.21910000 -41.48780000 0.00000000
v 28.77160000 -53.22070000 0.00000000
v 23.40650000 -42.47800000 0.00000000
v 25.08380000 -41.50970000 0.00000000
v 24.95600000 -39.72260000 0.00000000
v 30.06660000 -36.00950000 0.00000000
v 25.03440000 -40.56510000 0.00000000
v 30.84360000 -36.34450000 0.00000000
v 16.23740000 -42.01740000 0.00000000
v 20.36000000 -40.18180000 0.00000000
v 21.32370000 -41.01290000 0.00000000
v 16.21010000 -43.28960000 0.00000000
v 16.23630000 -42.61620000 0.00000000
v 19.97880000 -39.81390000 0.00000000
v 16.14390000 -40.61870000 0.00000000
v 19.38320000 -39.17650000 0.00000000
v 19.15760000 -38.90800000 0.00000000
v 16.09530000 -40.27140000 0.00000000
v 18.97360000 -38.67340000 0.00000000
v 16.04410000 -39.97770000 0.00000000
v 15.90530000 -45.81780000 0.00000000
v 16.05340000 -44.88360000 0.00000000
v 16.03270000 -39.92280000 0.00000000
v 7.14665000 -44.47510000 0.00000000
v 11.26440000 -43.09770000 0.00000000
v 11.56090000 -43.53680000 0.00000000
v 18.91380000 -38.59180000 0.00000000
v 12.82090000 -45.12550000 0.00000000
v 13.39440000 -45.74760000 0.00000000
v 6.37077000 -47.24050000 0.00000000
v 7.23883000 -43.95330000 0.00000000
v 7.30357000 -43.49190000 0.00000000
v 11.01760000 -42.70240000 0.00000000
v 20.80580000 -40.58180000 0.00000000
v 21.92280000 -41.47380000 0.00000000
v 16.15180000 -44.04320000 0.00000000
v 22.61320000 -41.96300000 0.00000000
v 12.33070000 -44.55010000 0.00000000
v 6.85546000 -45.71390000 0.00000000
v 11.91370000 -44.02070000 0.00000000
v 7.34602000 -43.08760000 0.00000000
v 10.81440000 -42.35040000 0.00000000
v 10.41210000 -41.77300000 0.00000000
v 7.37071000 -42.73770000 0.00000000
v 7.38168000 -42.43980000 0.00000000
v 7.38210000 -42.32890000 0.00000000
v 10.64950000 -42.04080000 0.00000000
v 10.51830000 -41.77310000 0.00000000
v 10.50500000 -41.74360000 0.00000000
v 1.77290000 -43.67340000 0.00000000
v 7.02110000 -45.06070000 0.00000000
v 6.64174000 -46.43890000 0.00000000
v 3.59027000 -47.53270000 0.00000000
v -1.67603000 -43.33630000 0.00000000
v 1.58115000 -42.94480000 0.00000000
v 2.50093000 -45.53580000 0.00000000
v 21.87440000 -56.40710000 12.00000000
v 14.06330000 -46.41630000 12.00000000
v 14.63220000 -58.70390000 12.00000000
v 42.92320000 2.91116000 12.00000000
v 42.64370000 6.09419000 12.00000000
v 42.54770000 6.06258000 12.00000000
v 34.01330000 -28.07100000 12.00000000
v 31.47260000 -30.89270000 12.00000000
v 34.44530000 -28.24570000 12.00000000
v 42.64370000 -6.09421000 12.00000000
v 42.92370000 -6.19671000 12.00000000
v 42.94600000 -3.00606000 12.00000000
v 37.50740000 -24.03100000 12.00000000
v 39.10630000 -20.38590000 12.00000000
v 37.20780000 -23.67410000 12.00000000
v 41.03680000 13.01450000 12.00000000
v 40.44480000 14.82720000 12.00000000
v 40.35430000 14.77440000 12.00000000
v 24.00540000 35.76830000 12.00000000
v 25.54970000 34.64980000 12.00000000
v 24.11650000 36.04490000 12.00000000
v 16.09530000 40.27140000 12.00000000
v 16.04410000 39.97770000 12.00000000
v 16.13000000 39.91520000 12.00000000
v 0.30353900 43.05000000 12.00000000
v -1.67601000 43.33630000 12.00000000
v -1.60331000 43.04720000 12.00000000
v -10.50500000 41.74360000 12.00000000
v -10.41210000 41.77300000 12.00000000
v -10.51830000 41.77310000 12.00000000
v 7.38171000 42.43980000 12.00000000
v 10.49530000 41.72200000 12.00000000
v 10.51830000 41.77310000 12.00000000
v -39.56520000 20.46690000 12.00000000
v -37.50740000 24.03100000 12.00000000
v -37.83350000 24.44870000 12.00000000
v -33.06310000 27.61270000 12.00000000
v -32.97710000 27.67500000 12.00000000
v -33.32660000 27.75210000 12.00000000
v -47.63200000 9.13449000 12.00000000
v -47.22930000 11.02890000 12.00000000
v -59.34700000 11.75530000 12.00000000
v -36.69230000 -23.11960000 12.00000000
v -36.47830000 -22.91210000 12.00000000
v -36.51100000 -22.81110000 12.00000000
v -45.49030000 -11.45950000 12.00000000
v -46.31580000 -11.27380000 12.00000000
v -43.53820000 -17.46750000 12.00000000
v -0.30353900 -43.05000000 12.00000000
v -1.89851000 -44.06000000 12.00000000
v -2.05777000 -44.49790000 12.00000000
v -16.03750000 -39.94590000 12.00000000
v -16.13000000 -39.91520000 12.00000000
v -16.04410000 -39.97770000 12.00000000
v 31.69150000 31.30410000 12.00000000
v 34.44530000 28.24570000 12.00000000
v 34.94330000 28.42670000 12.00000000
v -26.59960000 -33.88350000 12.00000000
v -25.54970000 -34.64980000 12.00000000
v -26.53340000 -33.82430000 12.00000000
v -16.09530000 -40.27140000 12.00000000
v -26.59960000 33.88350000 12.00000000
v -25.05860000 35.00660000 12.00000000
v -26.82830000 34.07460000 12.00000000
v -20.36000000 -40.18180000 12.00000000
v -16.23740000 -42.01740000 12.00000000
v -16.21910000 -41.48780000 12.00000000
v -7.38171000 -42.43980000 12.00000000
v -10.64950000 -42.04080000 12.00000000
v -7.37073000 -42.73770000 12.00000000
v -7.38209000 -42.33870000 12.00000000
v -10.49530000 -41.72200000 12.00000000
v -10.51830000 -41.77310000 12.00000000
v -7.23884000 -43.95340000 12.00000000
v -11.26440000 -43.09770000 12.00000000
v -11.56090000 -43.53690000 12.00000000
v -10.81440000 -42.35040000 12.00000000
v -16.15180000 -44.04320000 12.00000000
v -22.61320000 -41.96300000 12.00000000
v -16.05340000 -44.88360000 12.00000000
v -7.34603000 -43.08760000 12.00000000
v -11.01760000 -42.70240000 12.00000000
v -7.30358000 -43.49190000 12.00000000
v -7.14665000 -44.47510000 12.00000000
v -8.00564000 -59.96800000 12.00000000
v -6.03170000 -48.12350000 12.00000000
v -15.45850000 -58.49170000 12.00000000
v -6.85547000 -45.71390000 12.00000000
v -11.91370000 -44.02070000 12.00000000
v -12.33070000 -44.55010000 12.00000000
v 6.03168000 -48.12350000 12.00000000
v 4.10553000 -48.32590000 12.00000000
v 7.15928000 -60.07490000 12.00000000
v -4.10554000 -48.32590000 12.00000000
v -0.42655900 -60.49850000 12.00000000
v 25.05860000 -35.00660000 12.00000000
v 24.11650000 -36.04490000 12.00000000
v 24.23620000 -36.37460000 12.00000000
v 36.45430000 22.89030000 12.00000000
v 36.51100000 22.81110000 12.00000000
v 36.47830000 22.91210000 12.00000000
v 31.69150000 -31.30410000 12.00000000
v 31.92360000 -31.78040000 12.00000000
v -16.14390000 -40.61870000 12.00000000
v -19.38320000 -39.17650000 12.00000000
v -18.97360000 -38.67340000 12.00000000
v -18.90810000 -38.58390000 12.00000000
v -23.40650000 -42.47800000 12.00000000
v -25.08380000 -41.50970000 12.00000000
v -29.51920000 -52.80970000 12.00000000
v -1.60336000 -43.04710000 12.00000000
v -1.58457000 -42.96040000 12.00000000
v -35.90520000 -48.69360000 12.00000000
v -1.77294000 -43.67340000 12.00000000
v -27.82000000 -34.79000000 12.00000000
v -27.43370000 -34.52940000 12.00000000
v 2.25640000 -44.98910000 12.00000000
v 2.05774000 -44.49790000 12.00000000
v -2.25642000 -44.98910000 12.00000000
v -24.11650000 -36.04490000 12.00000000
v -24.00540000 -35.76830000 12.00000000
v -2.50096000 -45.53580000 12.00000000
v -2.79881000 -46.14020000 12.00000000
v 2.79877000 -46.14030000 12.00000000
v -31.72670000 -36.68330000 12.00000000
v -33.16600000 -35.38730000 12.00000000
v -41.72500000 -43.80950000 12.00000000
v -3.15860000 -46.80500000 12.00000000
v -3.59027000 -47.53270000 12.00000000
v 3.15857000 -46.80500000 12.00000000
v 1.89848000 -44.06000000 12.00000000
v -31.08360000 -30.24310000 12.00000000
v -30.91740000 -29.99570000 12.00000000
v -33.32660000 -27.75210000 12.00000000
v 1.67601000 -43.33630000 12.00000000
v 1.60331000 -43.04720000 12.00000000
v -31.69150000 -31.30410000 12.00000000
v -34.44530000 -28.24570000 12.00000000
v -34.94330000 -28.42670000 12.00000000
v -38.70870000 -20.30130000 12.00000000
v -36.93580000 -23.37210000 12.00000000
v -16.18650000 -41.02300000 12.00000000
v -19.97880000 -39.81390000 12.00000000
v -19.65520000 -39.47860000 12.00000000
v -7.02112000 -45.06070000 12.00000000
v -12.82090000 -45.12550000 12.00000000
v -6.64176000 -46.43890000 12.00000000
v -13.39440000 -45.74760000 12.00000000
v -6.37078000 -47.24050000 12.00000000
v -14.06330000 -46.41630000 12.00000000
v -22.66760000 -56.09300000 12.00000000
v -15.90530000 -45.81780000 12.00000000
v -16.23630000 -42.61620000 12.00000000
v -21.32380000 -41.01280000 12.00000000
v -16.21010000 -43.28960000 12.00000000
v -19.15760000 -38.90790000 12.00000000
v -24.36190000 -36.76120000 12.00000000
v -24.23620000 -36.37460000 12.00000000
v -46.88680000 -38.23450000 12.00000000
v -39.79870000 -27.71840000 12.00000000
v -51.30910000 -32.05660000 12.00000000
v -37.83350000 -24.44870000 12.00000000
v -40.08990000 -20.54040000 12.00000000
v -40.68560000 -20.60200000 12.00000000
v -41.03680000 -13.01450000 12.00000000
v -42.49020000 -11.80970000 12.00000000
v -42.95590000 -11.79360000 12.00000000
v -28.26940000 -35.07070000 12.00000000
v -24.61850000 -37.72320000 12.00000000
v -29.38480000 -35.68310000 12.00000000
v -24.85630000 -38.97330000 12.00000000
v -24.74200000 -38.30920000 12.00000000
v -27.10490000 -34.29040000 12.00000000
v -20.80580000 -40.58180000 12.00000000
v -21.92280000 -41.47380000 12.00000000
v -28.78860000 -35.36920000 12.00000000
v -26.82830000 -34.07460000 12.00000000
v -24.49040000 -37.20910000 12.00000000
v -23.96310000 -35.67250000 12.00000000
v -33.01450000 -27.58480000 12.00000000
v -33.06310000 -27.61260000 12.00000000
v -38.95510000 -26.13790000 12.00000000
v -42.95970000 -20.65710000 12.00000000
v -39.36940000 -26.87560000 12.00000000
v -36.45430000 -22.89030000 12.00000000
v -40.69730000 -14.98560000 12.00000000
v -40.44480000 -14.82720000 12.00000000
v -42.64370000 -6.09419000 12.00000000
v -43.27410000 -2.86303000 12.00000000
v -42.92370000 -6.19670000 12.00000000
v -43.24880000 -6.32830000 12.00000000
v -43.61940000 -2.80190000 12.00000000
v -31.47260000 -30.89270000 12.00000000
v -34.01330000 -28.07100000 12.00000000
v -36.16160000 -28.79390000 12.00000000
v -32.41610000 -32.95380000 12.00000000
v -35.51310000 -28.61080000 12.00000000
v -33.64190000 -27.90560000 12.00000000
v -31.26930000 -30.54070000 12.00000000
v -24.95600000 -39.72260000 12.00000000
v -30.06670000 -36.00950000 12.00000000
v -30.84360000 -36.34450000 12.00000000
v -25.03440000 -40.56510000 12.00000000
v -31.92360000 -31.78040000 12.00000000
v -30.85830000 -29.91360000 12.00000000
v -39.56520000 -20.46690000 12.00000000
v -37.97600000 -20.10120000 12.00000000
v -38.08160000 -20.13500000 12.00000000
v -54.92230000 -25.37300000 12.00000000
v -44.69200000 -18.83810000 12.00000000
v -57.66930000 -18.28940000 12.00000000
v -43.01710000 -16.91990000 12.00000000
v -43.61940000 2.80191000 12.00000000
v -42.94600000 3.00606000 12.00000000
v -43.24880000 6.32831000 12.00000000
v -39.10630000 -20.38580000 12.00000000
v -37.20780000 -23.67410000 12.00000000
v -32.16620000 -32.32790000 12.00000000
v -36.89640000 -28.97140000 12.00000000
v -32.66940000 -33.66600000 12.00000000
v -32.92130000 -34.47370000 12.00000000
v -37.72610000 -29.13750000 12.00000000
v -38.66030000 -29.28530000 12.00000000
v -41.35800000 -20.64630000 12.00000000
v -38.55920000 -25.49390000 12.00000000
v -38.36830000 -20.21670000 12.00000000
v -41.31690000 -15.42080000 12.00000000
v -40.98800000 -15.18190000 12.00000000
v -60.40590000 -3.37302000 12.00000000
v -48.49030000 0.96838900 12.00000000
v -60.35230000 4.22444000 12.00000000
v -42.97890000 2.90512000 12.00000000
v -43.27410000 2.86304000 12.00000000
v -40.44480000 14.82720000 12.00000000
v -40.84920000 13.59180000 12.00000000
v -40.36810000 14.78250000 12.00000000
v -43.48450000 -11.75640000 12.00000000
v -42.08990000 -16.04840000 12.00000000
v -41.68410000 -15.70760000 12.00000000
v -44.74690000 -11.59630000 12.00000000
v -42.53430000 -16.44990000 12.00000000
v -42.08370000 -11.80970000 12.00000000
v -41.34740000 -11.76850000 12.00000000
v -41.43570000 -11.77740000 12.00000000
v -37.50740000 -24.03100000 12.00000000
v -38.18470000 -24.93380000 12.00000000
v -42.11360000 -20.66710000 12.00000000
v -43.90420000 -20.60740000 12.00000000
v -44.07990000 -11.69280000 12.00000000
v -41.73320000 -11.79760000 12.00000000
v -40.35430000 -14.77440000 12.00000000
v -47.63200000 -9.13447000 12.00000000
v -59.50680000 -10.91730000 12.00000000
v -42.92320000 -2.91116000 12.00000000
v -42.97890000 -2.90509000 12.00000000
v -46.89700000 8.53913000 12.00000000
v -47.64760000 1.39792000 12.00000000
v -46.87880000 1.75119000 12.00000000
v -42.94670000 2.90863000 12.00000000
v -41.68410000 15.70760000 12.00000000
v -41.31690000 15.42080000 12.00000000
v -41.73320000 11.79770000 12.00000000
v -41.43570000 11.77750000 12.00000000
v -43.62020000 -6.49360000 12.00000000
v -44.01710000 -2.71742000 12.00000000
v -44.46920000 -2.60481000 12.00000000
v -46.18000000 -2.03950000 12.00000000
v -45.59490000 -7.60641000 12.00000000
v -45.54770000 -2.27253000 12.00000000
v -44.03900000 -6.69777000 12.00000000
v -44.09690000 -18.10300000 12.00000000
v -47.22940000 -11.02890000 12.00000000
v -44.97850000 -2.45859000 12.00000000
v -44.50680000 -6.94668000 12.00000000
v -42.54770000 -6.06258000 12.00000000
v -44.03900000 6.69778000 12.00000000
v -44.50680000 6.94670000 12.00000000
v -44.97850000 2.45859000 12.00000000
v -42.64370000 6.09421000 12.00000000
v -42.53840000 6.05954000 12.00000000
v -57.40570000 19.10070000 12.00000000
v -42.95590000 11.79360000 12.00000000
v -38.36830000 20.21670000 12.00000000
v -38.08160000 20.13510000 12.00000000
v -36.69230000 23.11960000 12.00000000
v -43.62020000 6.49361000 12.00000000
v -44.46920000 2.60482000 12.00000000
v -44.01710000 2.71744000 12.00000000
v -45.02490000 -7.24702000 12.00000000
v -46.87880000 -1.75118000 12.00000000
v -46.21850000 -8.03372000 12.00000000
v -47.64760000 -1.39791000 12.00000000
v -46.89700000 -8.53913000 12.00000000
v -48.49030000 -0.96837600 12.00000000
v -45.59490000 7.60642000 12.00000000
v -46.18010000 2.03952000 12.00000000
v -45.54780000 2.27255000 12.00000000
v -42.92370000 6.19671000 12.00000000
v -43.48440000 11.75640000 12.00000000
v -42.08990000 16.04840000 12.00000000
v -42.49020000 11.80970000 12.00000000
v -42.08370000 11.80970000 12.00000000
v -37.20780000 23.67410000 12.00000000
v -39.10630000 20.38590000 12.00000000
v -43.90420000 20.60750000 12.00000000
v -39.79870000 27.71850000 12.00000000
v -50.85200000 32.77680000 12.00000000
v -33.64190000 27.90570000 12.00000000
v -31.26930000 30.54070000 12.00000000
v -44.74690000 11.59630000 12.00000000
v -42.53430000 16.44990000 12.00000000
v -43.01710000 16.91990000 12.00000000
v -40.98800000 15.18200000 12.00000000
v -45.02490000 7.24703000 12.00000000
v -46.21850000 8.03373000 12.00000000
v -44.07990000 11.69280000 12.00000000
v -40.69730000 14.98560000 12.00000000
v -41.33150000 11.76690000 12.00000000
v -54.55900000 26.14500000 12.00000000
v -36.43680000 22.87450000 12.00000000
v -36.47820000 22.91210000 12.00000000
v -36.89640000 28.97140000 12.00000000
v -32.92130000 34.47370000 12.00000000
v -37.72610000 29.13750000 12.00000000
v -33.03500000 27.59660000 12.00000000
v -34.94320000 28.42670000 12.00000000
v -31.92360000 31.78040000 12.00000000
v -35.51310000 28.61080000 12.00000000
v -24.23620000 36.37460000 12.00000000
v -24.36190000 36.76120000 12.00000000
v -41.35800000 20.64630000 12.00000000
v -40.68560000 20.60200000 12.00000000
v -38.55920000 25.49400000 12.00000000
v -36.93580000 23.37210000 12.00000000
v -38.70870000 20.30130000 12.00000000
v -45.49030000 11.45960000 12.00000000
v -43.53820000 17.46750000 12.00000000
v -44.09680000 18.10300000 12.00000000
v -46.31580000 11.27390000 12.00000000
v -44.69200000 18.83810000 12.00000000
v -40.08990000 20.54040000 12.00000000
v -37.98530000 20.10420000 12.00000000
v -34.44530000 28.24570000 12.00000000
v -30.85260000 29.90570000 12.00000000
v -30.91740000 29.99570000 12.00000000
v -35.21500000 49.19500000 12.00000000
v -41.10310000 44.39350000 12.00000000
v -31.72670000 36.68330000 12.00000000
v -24.49040000 37.20910000 12.00000000
v -27.82000000 34.79000000 12.00000000
v -31.47260000 30.89270000 12.00000000
v -31.69150000 31.30410000 12.00000000
v -34.01330000 28.07100000 12.00000000
v -38.18470000 24.93380000 12.00000000
v -38.95510000 26.13790000 12.00000000
v -42.11360000 20.66710000 12.00000000
v -42.95970000 20.65710000 12.00000000
v -39.36940000 26.87560000 12.00000000
v -38.66030000 29.28530000 12.00000000
v -46.34300000 38.89180000 12.00000000
v -32.41610000 32.95380000 12.00000000
v -36.16160000 28.79390000 12.00000000
v -31.08370000 30.24310000 12.00000000
v -27.43370000 34.52940000 12.00000000
v -27.10490000 34.29040000 12.00000000
v -19.65510000 39.47860000 12.00000000
v -16.14390000 40.61870000 12.00000000
v -16.18640000 41.02300000 12.00000000
v -16.09530000 40.27140000 12.00000000
v -19.15760000 38.90800000 12.00000000
v -18.97360000 38.67340000 12.00000000
v -21.87440000 56.40710000 12.00000000
v -14.06330000 46.41630000 12.00000000
v -14.63220000 58.70390000 12.00000000
v -24.61850000 37.72320000 12.00000000
v -28.26940000 35.07070000 12.00000000
v -24.85630000 38.97330000 12.00000000
v -29.38480000 35.68320000 12.00000000
v -24.74190000 38.30920000 12.00000000
v -23.96950000 35.68700000 12.00000000
v -24.00530000 35.76830000 12.00000000
v -32.16620000 32.32790000 12.00000000
v -32.66940000 33.66600000 12.00000000
v -33.16600000 35.38740000 12.00000000
v -28.78860000 35.36920000 12.00000000
v -24.11650000 36.04490000 12.00000000
v -26.52150000 33.81370000 12.00000000
v -28.77160000 53.22070000 12.00000000
v -23.40650000 42.47800000 12.00000000
v -16.03270000 39.92280000 12.00000000
v -16.04410000 39.97770000 12.00000000
v -6.37077000 47.24050000 12.00000000
v -13.39440000 45.74760000 12.00000000
v -12.82090000 45.12550000 12.00000000
v -7.23883000 43.95330000 12.00000000
v -11.01760000 42.70240000 12.00000000
v -7.30357000 43.49190000 12.00000000
v -7.34602000 43.08760000 12.00000000
v -10.81440000 42.35040000 12.00000000
v -10.64950000 42.04080000 12.00000000
v -16.21910000 41.48780000 12.00000000
v -16.21010000 43.28960000 12.00000000
v -21.32370000 41.01290000 12.00000000
v -16.23630000 42.61620000 12.00000000
v -19.38320000 39.17650000 12.00000000
v -24.95600000 39.72260000 12.00000000
v -30.06660000 36.00950000 12.00000000
v -25.03440000 40.56510000 12.00000000
v -30.84360000 36.34450000 12.00000000
v -25.08380000 41.50970000 12.00000000
v -20.36000000 40.18180000 12.00000000
v -16.23740000 42.01740000 12.00000000
v -19.97880000 39.81390000 12.00000000
v -18.91380000 38.59180000 12.00000000
v -7.14665000 44.47510000 12.00000000
v -11.56090000 43.53680000 12.00000000
v -11.26440000 43.09770000 12.00000000
v -7.38210000 42.32890000 12.00000000
v -7.38168000 42.43980000 12.00000000
v -6.03168000 48.12350000 12.00000000
v -4.10553000 48.32590000 12.00000000
v -7.15928000 60.07490000 12.00000000
v 0.42655900 60.49850000 12.00000000
v 1.89851000 44.06000000 12.00000000
v 2.05777000 44.49790000 12.00000000
v -20.80580000 40.58180000 12.00000000
v -21.92280000 41.47380000 12.00000000
v -16.15180000 44.04320000 12.00000000
v -16.05340000 44.88360000 12.00000000
v -22.61320000 41.96300000 12.00000000
v -15.90530000 45.81780000 12.00000000
v -6.85546000 45.71390000 12.00000000
v -12.33070000 44.55010000 12.00000000
v -11.91370000 44.02070000 12.00000000
v -7.37071000 42.73770000 12.00000000
v -2.25640000 44.98910000 12.00000000
v -2.05774000 44.49790000 12.00000000
v 2.25642000 44.98910000 12.00000000
v -1.89848000 44.06000000 12.00000000
v -1.77290000 43.67340000 12.00000000
v -2.79877000 46.14030000 12.00000000
v 3.15860000 46.80500000 12.00000000
v -3.15857000 46.80500000 12.00000000
v 3.59027000 47.53270000 12.00000000
v 7.34603000 43.08760000 12.00000000
v 7.37073000 42.73770000 12.00000000
v 10.81440000 42.35040000 12.00000000
v 2.50096000 45.53580000 12.00000000
v 2.79881000 46.14020000 12.00000000
v 1.77294000 43.67340000 12.00000000
v 1.58457000 42.96040000 12.00000000
v 1.60336000 43.04710000 12.00000000
v -2.50093000 45.53580000 12.00000000
v -7.02110000 45.06070000 12.00000000
v -6.64174000 46.43890000 12.00000000
v 1.67603000 43.33630000 12.00000000
v -1.58115000 42.94480000 12.00000000
v 15.45850000 58.49170000 12.00000000
v 8.00564000 59.96800000 12.00000000
v 6.03170000 48.12350000 12.00000000
v 10.64950000 42.04080000 12.00000000
v 7.23884000 43.95340000 12.00000000
v 11.26440000 43.09770000 12.00000000
v 11.56090000 43.53690000 12.00000000
v 16.15180000 44.04320000 12.00000000
v 22.61320000 41.96300000 12.00000000
v 16.05340000 44.88360000 12.00000000
v 7.30358000 43.49190000 12.00000000
v 11.01760000 42.70240000 12.00000000
v 12.33070000 44.55010000 12.00000000
v 6.85547000 45.71390000 12.00000000
v 11.91370000 44.02070000 12.00000000
v -3.59027000 47.53270000 12.00000000
v 4.10554000 48.32590000 12.00000000
v 7.14665000 44.47510000 12.00000000
v 7.38209000 42.33870000 12.00000000
v 16.21910000 41.48780000 12.00000000
v 20.36000000 40.18180000 12.00000000
v 16.23740000 42.01740000 12.00000000
v 19.38320000 39.17650000 12.00000000
v 16.14390000 40.61870000 12.00000000
v 18.97360000 38.67340000 12.00000000
v 18.90810000 38.58390000 12.00000000
v 16.03750000 39.94590000 12.00000000
v 29.51920000 52.80970000 12.00000000
v 25.08380000 41.50970000 12.00000000
v 35.90520000 48.69360000 12.00000000
v 19.65520000 39.47860000 12.00000000
v 19.97880000 39.81390000 12.00000000
v 16.18650000 41.02300000 12.00000000
v 7.02112000 45.06070000 12.00000000
v 12.82090000 45.12550000 12.00000000
v 6.64176000 46.43890000 12.00000000
v 13.39440000 45.74760000 12.00000000
v 6.37078000 47.24050000 12.00000000
v 14.06330000 46.41630000 12.00000000
v 22.66760000 56.09300000 12.00000000
v 15.90530000 45.81780000 12.00000000
v 16.23630000 42.61620000 12.00000000
v 21.32380000 41.01280000 12.00000000
v 16.21010000 43.28960000 12.00000000
v 19.15760000 38.90790000 12.00000000
v 26.59960000 33.88350000 12.00000000
v 26.53340000 33.82430000 12.00000000
v 27.82000000 34.79000000 12.00000000
v 27.43370000 34.52940000 12.00000000
v 24.36190000 36.76120000 12.00000000
v 24.23620000 36.37460000 12.00000000
v 31.72670000 36.68330000 12.00000000
v 33.16600000 35.38730000 12.00000000
v 41.72500000 43.80950000 12.00000000
v 28.26940000 35.07070000 12.00000000
v 24.61850000 37.72320000 12.00000000
v 29.38480000 35.68310000 12.00000000
v 24.85630000 38.97330000 12.00000000
v 24.74200000 38.30920000 12.00000000
v 27.10490000 34.29040000 12.00000000
v 20.80580000 40.58180000 12.00000000
v 21.92280000 41.47380000 12.00000000
v 23.40650000 42.47800000 12.00000000
v 28.78860000 35.36920000 12.00000000
v 26.82830000 34.07460000 12.00000000
v 24.49040000 37.20910000 12.00000000
v 23.96310000 35.67250000 12.00000000
v 46.88680000 38.23450000 12.00000000
v 35.51310000 28.61080000 12.00000000
v 36.16160000 28.79390000 12.00000000
v 32.41610000 32.95380000 12.00000000
v 31.08360000 30.24310000 12.00000000
v 30.91740000 29.99570000 12.00000000
v 33.32660000 27.75210000 12.00000000
v 33.01450000 27.58480000 12.00000000
v 33.06310000 27.61260000 12.00000000
v 31.47260000 30.89270000 12.00000000
v 34.01330000 28.07100000 12.00000000
v 33.64190000 27.90560000 12.00000000
v 31.26930000 30.54070000 12.00000000
v 24.95600000 39.72260000 12.00000000
v 30.06670000 36.00950000 12.00000000
v 30.84360000 36.34450000 12.00000000
v 25.03440000 40.56510000 12.00000000
v 31.92360000 31.78040000 12.00000000
v 30.85830000 29.91360000 12.00000000
v 37.83350000 24.44870000 12.00000000
v 39.56520000 20.46690000 12.00000000
v 40.08990000 20.54040000 12.00000000
v 42.95970000 20.65710000 12.00000000
v 39.36940000 26.87560000 12.00000000
v 38.95510000 26.13790000 12.00000000
v 37.20780000 23.67410000 12.00000000
v 39.10630000 20.38580000 12.00000000
v 38.70870000 20.30130000 12.00000000
v 36.93580000 23.37210000 12.00000000
v 37.97600000 20.10120000 12.00000000
v 38.08160000 20.13500000 12.00000000
v 36.69230000 23.11960000 12.00000000
v 38.36830000 20.21670000 12.00000000
v 37.50740000 24.03100000 12.00000000
v 32.16620000 32.32790000 12.00000000
v 36.89640000 28.97140000 12.00000000
v 32.66940000 33.66600000 12.00000000
v 32.92130000 34.47370000 12.00000000
v 37.72610000 29.13750000 12.00000000
v 38.66030000 29.28530000 12.00000000
v 51.30910000 32.05660000 12.00000000
v 39.79870000 27.71840000 12.00000000
v 40.68560000 20.60200000 12.00000000
v 41.35800000 20.64630000 12.00000000
v 38.55920000 25.49390000 12.00000000
v 54.92230000 25.37300000 12.00000000
v 44.69200000 18.83810000 12.00000000
v 57.66930000 18.28940000 12.00000000
v 42.08990000 16.04840000 12.00000000
v 41.68410000 15.70760000 12.00000000
v 43.48450000 11.75640000 12.00000000
v 41.43570000 11.77740000 12.00000000
v 41.34740000 11.76850000 12.00000000
v 42.95590000 11.79360000 12.00000000
v 42.49020000 11.80970000 12.00000000
v 41.31690000 15.42080000 12.00000000
v 40.98800000 15.18190000 12.00000000
v 40.69730000 14.98560000 12.00000000
v 43.01710000 16.91990000 12.00000000
v 42.53430000 16.44990000 12.00000000
v 44.74690000 11.59630000 12.00000000
v 42.08370000 11.80970000 12.00000000
v 44.07990000 11.69280000 12.00000000
v 38.18470000 24.93380000 12.00000000
v 42.11360000 20.66710000 12.00000000
v 43.90420000 20.60740000 12.00000000
v 41.73320000 11.79760000 12.00000000
v 59.50680000 10.91730000 12.00000000
v 47.63200000 9.13447000 12.00000000
v 60.40590000 3.37302000 12.00000000
v 44.01710000 2.71742000 12.00000000
v 44.46920000 2.60481000 12.00000000
v 43.62020000 6.49360000 12.00000000
v 43.61940000 2.80190000 12.00000000
v 43.27410000 2.86303000 12.00000000
v 42.92370000 6.19670000 12.00000000
v 42.97890000 2.90509000 12.00000000
v 45.59490000 7.60641000 12.00000000
v 45.54770000 2.27253000 12.00000000
v 46.18000000 2.03950000 12.00000000
v 43.24880000 6.32830000 12.00000000
v 45.49030000 11.45950000 12.00000000
v 43.53820000 17.46750000 12.00000000
v 46.31580000 11.27380000 12.00000000
v 44.09690000 18.10300000 12.00000000
v 47.22940000 11.02890000 12.00000000
v 44.50680000 6.94668000 12.00000000
v 44.97850000 2.45859000 12.00000000
v 44.03900000 6.69777000 12.00000000
v 48.49030000 0.96837600 12.00000000
v 47.64760000 -1.39792000 12.00000000
v 46.87880000 -1.75119000 12.00000000
v 46.89700000 -8.53913000 12.00000000
v 44.03900000 -6.69778000 12.00000000
v 44.50680000 -6.94670000 12.00000000
v 44.97850000 -2.45859000 12.00000000
v 43.61940000 -2.80191000 12.00000000
v 43.24880000 -6.32831000 12.00000000
v 42.53840000 -6.05954000 12.00000000
v 43.62020000 -6.49361000 12.00000000
v 44.46920000 -2.60482000 12.00000000
v 44.01710000 -2.71744000 12.00000000
v 45.02490000 7.24702000 12.00000000
v 46.87880000 1.75118000 12.00000000
v 46.21850000 8.03372000 12.00000000
v 47.64760000 1.39791000 12.00000000
v 46.89700000 8.53913000 12.00000000
v 48.49030000 -0.96838900 12.00000000
v 60.35230000 -4.22444000 12.00000000
v 45.54780000 -2.27255000 12.00000000
v 45.59490000 -7.60642000 12.00000000
v 46.18010000 -2.03952000 12.00000000
v 43.27410000 -2.86304000 12.00000000
v 42.97890000 -2.90512000 12.00000000
v 42.94670000 -2.90863000 12.00000000
v 57.40570000 -19.10070000 12.00000000
v 59.34700000 -11.75530000 12.00000000
v 47.22930000 -11.02890000 12.00000000
v 40.98800000 -15.18200000 12.00000000
v 41.31690000 -15.42080000 12.00000000
v 40.84920000 -13.59180000 12.00000000
v 42.49020000 -11.80970000 12.00000000
v 42.95590000 -11.79360000 12.00000000
v 42.08990000 -16.04840000 12.00000000
v 43.48440000 -11.75640000 12.00000000
v 43.01710000 -16.91990000 12.00000000
v 44.74690000 -11.59630000 12.00000000
v 42.53430000 -16.44990000 12.00000000
v 40.36810000 -14.78250000 12.00000000
v 40.44480000 -14.82720000 12.00000000
v 45.02490000 -7.24703000 12.00000000
v 46.21850000 -8.03373000 12.00000000
v 47.63200000 -9.13449000 12.00000000
v 44.07990000 -11.69280000 12.00000000
v 40.69730000 -14.98560000 12.00000000
v 41.68410000 -15.70760000 12.00000000
v 42.08370000 -11.80970000 12.00000000
v 41.73320000 -11.79770000 12.00000000
v 41.43570000 -11.77750000 12.00000000
v 41.33150000 -11.76690000 12.00000000
v 44.69200000 -18.83810000 12.00000000
v 43.90420000 -20.60750000 12.00000000
v 54.55900000 -26.14500000 12.00000000
v 50.85200000 -32.77680000 12.00000000
v 40.68560000 -20.60200000 12.00000000
v 38.55920000 -25.49400000 12.00000000
v 41.35800000 -20.64630000 12.00000000
v 36.93580000 -23.37210000 12.00000000
v 38.36830000 -20.21670000 12.00000000
v 38.70870000 -20.30130000 12.00000000
v 45.49030000 -11.45960000 12.00000000
v 43.53820000 -17.46750000 12.00000000
v 44.09680000 -18.10300000 12.00000000
v 46.31580000 -11.27390000 12.00000000
v 39.56520000 -20.46690000 12.00000000
v 37.83350000 -24.44870000 12.00000000
v 40.08990000 -20.54040000 12.00000000
v 36.69230000 -23.11960000 12.00000000
v 38.08160000 -20.13510000 12.00000000
v 36.47820000 -22.91210000 12.00000000
v 36.43680000 -22.87450000 12.00000000
v 37.98530000 -20.10420000 12.00000000
v 36.89640000 -28.97140000 12.00000000
v 32.92130000 -34.47370000 12.00000000
v 37.72610000 -29.13750000 12.00000000
v 31.26930000 -30.54070000 12.00000000
v 33.64190000 -27.90570000 12.00000000
v 34.94320000 -28.42670000 12.00000000
v 38.18470000 -24.93380000 12.00000000
v 38.95510000 -26.13790000 12.00000000
v 42.11360000 -20.66710000 12.00000000
v 42.95970000 -20.65710000 12.00000000
v 39.36940000 -26.87560000 12.00000000
v 39.79870000 -27.71850000 12.00000000
v 46.34300000 -38.89180000 12.00000000
v 38.66030000 -29.28530000 12.00000000
v 35.51310000 -28.61080000 12.00000000
v 32.41610000 -32.95380000 12.00000000
v 36.16160000 -28.79390000 12.00000000
v 32.97710000 -27.67500000 12.00000000
v 31.08370000 -30.24310000 12.00000000
v 30.91740000 -29.99570000 12.00000000
v 30.85260000 -29.90570000 12.00000000
v 33.32660000 -27.75210000 12.00000000
v 33.06310000 -27.61270000 12.00000000
v 33.03500000 -27.59660000 12.00000000
v 33.16600000 -35.38740000 12.00000000
v 31.72670000 -36.68330000 12.00000000
v 41.10310000 -44.39350000 12.00000000
v 27.82000000 -34.79000000 12.00000000
v 24.61850000 -37.72320000 12.00000000
v 28.26940000 -35.07070000 12.00000000
v 24.00530000 -35.76830000 12.00000000
v 35.21500000 -49.19500000 12.00000000
v 24.74190000 -38.30920000 12.00000000
v 24.85630000 -38.97330000 12.00000000
v 29.38480000 -35.68320000 12.00000000
v 28.78860000 -35.36920000 12.00000000
v 32.16620000 -32.32790000 12.00000000
v 32.66940000 -33.66600000 12.00000000
v 23.96950000 -35.68700000 12.00000000
v 24.36190000 -36.76120000 12.00000000
v 27.43370000 -34.52940000 12.00000000
v 24.49040000 -37.20910000 12.00000000
v 27.10490000 -34.29040000 12.00000000
v 26.82830000 -34.07460000 12.00000000
v 26.59960000 -33.88350000 12.00000000
v 26.52150000 -33.81370000 12.00000000
v 16.21910000 -41.48780000 12.00000000
v 19.65510000 -39.47860000 12.00000000
v 16.18640000 -41.02300000 12.00000000
v 25.08380000 -41.50970000 12.00000000
v 23.40650000 -42.47800000 12.00000000
v 28.77160000 -53.22070000 12.00000000
v 30.06660000 -36.00950000 12.00000000
v 24.95600000 -39.72260000 12.00000000
v 25.03440000 -40.56510000 12.00000000
v 30.84360000 -36.34450000 12.00000000
v 20.36000000 -40.18180000 12.00000000
v 16.23740000 -42.01740000 12.00000000
v 16.23630000 -42.61620000 12.00000000
v 16.21010000 -43.28960000 12.00000000
v 21.32370000 -41.01290000 12.00000000
v 19.97880000 -39.81390000 12.00000000
v 16.14390000 -40.61870000 12.00000000
v 19.38320000 -39.17650000 12.00000000
v 19.15760000 -38.90800000 12.00000000
v 16.09530000 -40.27140000 12.00000000
v 18.97360000 -38.67340000 12.00000000
v 16.04410000 -39.97770000 12.00000000
v 16.05340000 -44.88360000 12.00000000
v 15.90530000 -45.81780000 12.00000000
v 16.03270000 -39.92280000 12.00000000
v 11.56090000 -43.53680000 12.00000000
v 11.26440000 -43.09770000 12.00000000
v 7.14665000 -44.47510000 12.00000000
v 18.91380000 -38.59180000 12.00000000
v 6.37077000 -47.24050000 12.00000000
v 13.39440000 -45.74760000 12.00000000
v 12.82090000 -45.12550000 12.00000000
v 11.01760000 -42.70240000 12.00000000
v 7.30357000 -43.49190000 12.00000000
v 7.23883000 -43.95330000 12.00000000
v 20.80580000 -40.58180000 12.00000000
v 21.92280000 -41.47380000 12.00000000
v 16.15180000 -44.04320000 12.00000000
v 22.61320000 -41.96300000 12.00000000
v 11.91370000 -44.02070000 12.00000000
v 6.85546000 -45.71390000 12.00000000
v 12.33070000 -44.55010000 12.00000000
v 7.34602000 -43.08760000 12.00000000
v 10.81440000 -42.35040000 12.00000000
v 10.41210000 -41.77300000 12.00000000
v 7.37071000 -42.73770000 12.00000000
v 7.38210000 -42.32890000 12.00000000
v 7.38168000 -42.43980000 12.00000000
v 10.64950000 -42.04080000 12.00000000
v 10.51830000 -41.77310000 12.00000000
v 10.50500000 -41.74360000 12.00000000
v 1.77290000 -43.67340000 12.00000000
v 7.02110000 -45.06070000 12.00000000
v 6.64174000 -46.43890000 12.00000000
v 3.59027000 -47.53270000 12.00000000
v -1.67603000 -43.33630000 12.00000000
v 1.58115000 -42.94480000 12.00000000
v 2.50093000 -45.53580000 12.00000000
f 1 2 3
f 4 5 6
f 7 8 9
f 10 11 12
f 13 14 15
f 16 17 18
f 19 20 21
f 22 23 24
f 25 26 27
f 28 29 30
f 31 32 33
f 34 35 36
f 37 38 39
f 40 41 42
f 43 44 45
f 46 47 48
f 49 50 51
f 52 53 54
f 55 56 57
f 58 59 60
f 61 53 52
f 62 63 64
f 65 66 67
f 68 69 70
f 70 71 72
f 70 69 73
f 74 75 76
f 73 71 70
f 69 68 77
f 78 79 80
f 81 77 68
f 77 82 83
f 77 81 82
f 82 76 75
f 74 76 84
f 85 86 87
f 88 89 90
f 91 92 93
f 94 87 86
f 94 95 87
f 96 97 98
f 99 100 101
f 82 75 83
f 102 103 7
f 104 53 105
f 106 53 107
f 108 109 110
f 111 51 112
f 108 113 109
f 50 114 51
f 115 59 116
f 117 118 119
f 120 121 59
f 122 123 124
f 125 126 127
f 128 129 130
f 118 51 131
f 132 133 134
f 51 135 136
f 137 138 139
f 140 141 43
f 65 142 143
f 142 144 143
f 145 74 84
f 145 89 74
f 145 90 89
f 90 146 88
f 90 147 146
f 146 147 148
f 148 147 149
f 86 148 149
f 86 150 148
f 86 85 150
f 151 85 152
f 150 85 151
f 153 154 155
f 143 144 104
f 105 143 104
f 53 104 156
f 53 61 105
f 107 53 156
f 157 158 59
f 159 160 161
f 162 163 164
f 165 166 167
f 116 168 169
f 170 171 172
f 173 59 115
f 65 67 142
f 67 66 155
f 174 67 155
f 154 174 155
f 175 154 153
f 80 175 153
f 80 79 175
f 78 110 79
f 78 151 110
f 110 151 152
f 108 110 152
f 172 176 170
f 177 59 173
f 177 60 59
f 178 59 158
f 59 121 157
f 179 120 59
f 161 126 125
f 180 181 133
f 182 183 184
f 44 43 185
f 167 186 187
f 188 189 190
f 191 189 192
f 139 193 194
f 195 196 197
f 134 198 199
f 194 193 198
f 59 178 116
f 116 178 168
f 169 168 170
f 176 169 170
f 200 171 201
f 172 171 200
f 202 200 201
f 203 202 201
f 203 109 202
f 202 109 127
f 127 109 113
f 125 127 113
f 204 137 139
f 193 139 138
f 199 198 193
f 132 134 199
f 180 133 132
f 181 205 133
f 163 206 164
f 43 207 208
f 209 210 211
f 46 48 212
f 213 214 215
f 216 206 217
f 218 137 204
f 218 195 137
f 218 196 195
f 196 219 197
f 196 220 219
f 219 220 221
f 222 219 221
f 223 222 221
f 126 223 221
f 223 126 161
f 160 223 161
f 224 225 162
f 216 217 140
f 140 217 141
f 43 141 226
f 43 45 140
f 207 43 226
f 227 228 167
f 229 230 231
f 232 214 233
f 234 235 236
f 237 238 239
f 240 212 241
f 166 242 167
f 243 244 167
f 206 245 164
f 216 245 206
f 246 162 164
f 246 224 162
f 224 184 225
f 225 184 247
f 247 184 183
f 183 182 248
f 248 182 160
f 159 248 160
f 159 211 248
f 248 211 210
f 240 241 249
f 242 250 167
f 167 250 243
f 228 237 167
f 227 167 187
f 167 251 186
f 252 231 253
f 190 254 255
f 256 257 258
f 259 233 214
f 260 235 261
f 262 263 235
f 264 265 266
f 267 268 269
f 191 266 265
f 165 167 237
f 264 266 270
f 239 165 237
f 240 239 238
f 240 249 239
f 48 241 212
f 46 271 47
f 47 271 272
f 272 271 210
f 209 272 210
f 209 252 272
f 272 252 253
f 264 273 274
f 266 191 192
f 192 189 188
f 189 254 190
f 190 255 275
f 276 277 278
f 279 214 280
f 40 281 41
f 282 261 235
f 283 284 285
f 286 278 287
f 286 287 288
f 270 273 264
f 273 289 274
f 274 289 267
f 267 289 268
f 269 268 290
f 290 268 291
f 292 290 291
f 293 292 291
f 292 253 294
f 293 253 292
f 294 253 231
f 230 294 231
f 295 296 297
f 215 288 287
f 213 215 287
f 298 214 213
f 215 214 232
f 298 280 214
f 299 282 300
f 235 301 302
f 303 35 304
f 305 306 307
f 308 38 309
f 310 311 312
f 313 235 260
f 286 276 278
f 277 276 295
f 314 277 295
f 297 314 295
f 315 297 296
f 256 315 296
f 256 258 315
f 257 230 258
f 258 230 42
f 42 230 229
f 40 42 229
f 312 311 316
f 317 235 313
f 317 236 235
f 282 235 302
f 235 263 301
f 318 262 235
f 305 307 319
f 320 321 284
f 322 323 324
f 325 39 38
f 326 327 328
f 63 329 330
f 331 332 333
f 285 334 335
f 303 304 335
f 282 299 261
f 300 316 299
f 299 316 311
f 312 336 310
f 310 336 337
f 337 336 338
f 338 336 339
f 340 338 339
f 41 340 339
f 41 281 340
f 307 340 319
f 340 281 319
f 34 36 341
f 36 35 303
f 334 303 335
f 285 335 283
f 284 283 320
f 342 284 321
f 343 328 327
f 344 345 38
f 346 347 348
f 63 349 329
f 350 349 63
f 343 351 352
f 343 352 353
f 332 34 341
f 332 354 34
f 332 331 354
f 333 355 331
f 333 356 355
f 355 356 357
f 358 355 357
f 307 358 357
f 307 306 358
f 305 359 306
f 305 360 359
f 361 362 326
f 353 352 308
f 309 353 308
f 38 308 363
f 38 37 309
f 344 38 363
f 364 365 63
f 366 367 368
f 369 370 371
f 372 373 374
f 350 375 376
f 377 378 379
f 63 380 381
f 343 327 351
f 326 382 327
f 326 362 382
f 361 324 362
f 362 324 383
f 383 324 323
f 323 322 359
f 384 323 359
f 360 384 359
f 360 347 384
f 384 347 346
f 378 377 385
f 386 63 330
f 386 380 63
f 350 63 365
f 63 62 364
f 387 64 63
f 374 388 389
f 390 391 369
f 392 393 394
f 395 396 397
f 29 398 399
f 28 400 29
f 401 366 368
f 402 403 404
f 405 367 370
f 350 376 349
f 375 385 376
f 376 385 377
f 378 406 379
f 378 407 406
f 406 407 408
f 408 407 409
f 346 408 409
f 346 410 408
f 346 348 410
f 388 410 389
f 410 348 389
f 411 401 412
f 413 401 368
f 405 368 367
f 370 367 371
f 369 371 390
f 414 369 391
f 415 416 417
f 418 419 29
f 420 421 422
f 420 423 421
f 424 425 27
f 417 397 415
f 413 412 401
f 412 426 411
f 411 426 402
f 402 426 403
f 404 403 427
f 428 404 427
f 429 428 427
f 430 429 427
f 429 388 431
f 430 388 429
f 431 388 374
f 373 431 374
f 432 433 434
f 399 396 395
f 399 398 396
f 435 29 399
f 398 29 400
f 435 418 29
f 436 437 438
f 27 439 440
f 441 442 443
f 441 444 442
f 445 446 447
f 448 449 443
f 425 450 27
f 451 452 27
f 397 396 415
f 449 453 443
f 417 416 432
f 454 417 432
f 434 454 432
f 392 434 433
f 392 455 434
f 392 394 455
f 393 373 394
f 394 373 422
f 422 373 372
f 420 422 372
f 27 450 456
f 451 27 456
f 27 440 437
f 26 439 27
f 25 27 457
f 458 459 460
f 446 461 33
f 462 463 464
f 465 466 467
f 463 468 469
f 470 471 472
f 445 469 468
f 424 27 437
f 463 469 464
f 436 424 437
f 453 436 438
f 453 449 436
f 442 448 443
f 441 473 444
f 444 473 421
f 474 444 421
f 423 474 421
f 423 459 474
f 474 459 458
f 464 475 462
f 469 445 447
f 445 461 446
f 461 31 33
f 33 32 476
f 477 478 479
f 480 481 22
f 482 22 483
f 22 484 23
f 485 486 487
f 488 489 490
f 491 462 475
f 491 470 462
f 491 471 470
f 471 492 472
f 471 493 492
f 492 493 494
f 494 493 495
f 458 494 495
f 458 496 494
f 458 460 496
f 497 460 498
f 496 460 497
f 499 500 501
f 488 490 481
f 480 488 481
f 22 481 502
f 22 24 480
f 483 22 502
f 503 20 504
f 505 20 506
f 507 508 20
f 509 510 511
f 506 512 513
f 514 515 516
f 517 20 505
f 489 479 478
f 488 479 489
f 477 501 478
f 478 501 518
f 518 501 500
f 500 499 519
f 519 499 467
f 466 519 467
f 520 466 465
f 497 520 465
f 497 498 520
f 486 520 487
f 520 498 487
f 514 516 521
f 517 522 20
f 20 522 504
f 508 523 20
f 507 20 19
f 20 524 21
f 509 525 510
f 526 527 528
f 529 530 531
f 530 532 533
f 534 535 57
f 531 536 537
f 535 534 536
f 20 523 506
f 506 523 512
f 513 512 514
f 521 513 514
f 538 515 539
f 516 515 538
f 540 538 539
f 541 540 539
f 541 486 540
f 540 486 511
f 511 486 485
f 509 511 485
f 542 55 57
f 534 57 56
f 537 536 534
f 529 531 537
f 532 530 529
f 533 543 530
f 544 545 546
f 547 548 549
f 550 551 545
f 100 552 553
f 554 555 100
f 99 556 100
f 554 100 557
f 546 545 558
f 559 55 542
f 559 528 55
f 559 526 528
f 526 560 527
f 526 561 560
f 560 561 562
f 563 560 562
f 564 563 562
f 510 564 562
f 510 525 564
f 565 525 566
f 564 525 565
f 567 568 569
f 551 550 552
f 552 550 553
f 100 553 557
f 100 556 552
f 570 571 572
f 573 574 575
f 576 18 577
f 578 18 579
f 580 581 18
f 17 582 18
f 583 584 585
f 586 18 578
f 545 551 558
f 587 584 583
f 546 569 544
f 546 588 569
f 569 588 567
f 568 567 547
f 589 568 547
f 549 589 547
f 590 549 548
f 565 590 548
f 565 566 590
f 571 590 572
f 590 566 572
f 18 586 591
f 577 18 591
f 18 581 574
f 582 580 18
f 574 579 18
f 592 593 594
f 595 596 597
f 597 598 595
f 5 599 600
f 601 6 5
f 602 603 604
f 605 598 600
f 574 573 579
f 575 584 573
f 573 584 587
f 585 606 583
f 585 607 606
f 606 607 608
f 608 607 609
f 610 608 609
f 571 610 609
f 571 570 610
f 593 610 594
f 610 570 594
f 611 596 612
f 613 596 595
f 605 595 598
f 599 605 600
f 5 600 601
f 612 596 613
f 592 614 593
f 615 616 617
f 618 619 620
f 621 10 622
f 10 12 623
f 624 620 625
f 624 625 626
f 627 611 612
f 627 603 611
f 627 604 603
f 604 628 602
f 604 629 628
f 628 629 630
f 630 629 631
f 593 630 631
f 593 614 630
f 592 632 614
f 592 633 632
f 634 635 636
f 626 625 622
f 622 625 621
f 10 621 11
f 10 637 622
f 10 638 637
f 10 639 638
f 636 619 618
f 640 641 642
f 643 644 645
f 646 643 647
f 646 648 649
f 650 651 652
f 643 653 654
f 624 618 620
f 636 655 619
f 636 635 655
f 634 656 635
f 634 616 656
f 656 616 615
f 615 617 632
f 657 615 632
f 633 657 632
f 633 641 657
f 657 641 640
f 651 650 658
f 659 643 645
f 659 653 643
f 643 660 644
f 647 643 661
f 661 643 662
f 662 643 663
f 663 643 664
f 665 666 667
f 665 668 666
f 669 670 671
f 13 672 14
f 673 672 674
f 643 646 660
f 660 646 649
f 649 648 658
f 650 649 658
f 675 652 676
f 652 651 676
f 677 675 676
f 678 677 676
f 678 667 677
f 678 640 667
f 667 640 642
f 665 667 642
f 679 680 681
f 14 681 15
f 672 673 14
f 682 674 672
f 682 683 674
f 682 684 683
f 683 684 685
f 680 15 681
f 685 686 683
f 687 688 689
f 690 9 691
f 7 692 102
f 671 680 679
f 671 693 680
f 671 670 693
f 669 694 670
f 669 695 694
f 694 695 696
f 697 694 696
f 666 697 696
f 666 698 697
f 666 668 698
f 699 668 700
f 698 668 699
f 701 702 703
f 9 8 691
f 690 691 704
f 704 691 705
f 706 704 707
f 690 704 708
f 708 704 709
f 709 704 710
f 707 704 705
f 711 712 713
f 714 715 716
f 97 717 98
f 711 718 712
f 719 720 721
f 103 8 7
f 721 722 719
f 102 692 703
f 723 102 703
f 702 723 703
f 689 702 701
f 689 724 702
f 689 688 724
f 687 699 688
f 688 699 713
f 713 699 700
f 711 713 700
f 725 98 717
f 98 726 96
f 98 727 716
f 98 728 726
f 727 98 729
f 729 98 730
f 730 98 731
f 731 98 732
f 733 734 735
f 736 737 738
f 736 3 737
f 98 716 728
f 728 716 715
f 715 714 722
f 721 715 722
f 739 719 740
f 720 719 739
f 741 739 740
f 742 741 740
f 742 712 741
f 741 712 738
f 738 712 718
f 736 738 718
f 743 735 744
f 745 746 747
f 734 748 735
f 733 749 734
f 734 749 750
f 750 749 751
f 751 749 752
f 753 751 752
f 754 753 752
f 755 756 737
f 753 754 757
f 758 759 760
f 753 757 761
f 762 763 764
f 735 748 744
f 765 766 767
f 743 744 768
f 747 743 768
f 745 747 768
f 769 746 745
f 769 770 746
f 769 756 770
f 769 771 756
f 756 771 737
f 755 737 3
f 2 755 3
f 772 773 774
f 759 765 767
f 775 767 766
f 775 776 767
f 775 777 776
f 775 778 777
f 777 779 780
f 777 781 776
f 777 782 781
f 777 783 782
f 51 784 131
f 777 778 779
f 759 758 765
f 760 774 758
f 758 774 785
f 785 774 773
f 773 772 762
f 786 773 762
f 764 786 762
f 2 764 763
f 764 2 93
f 93 2 1
f 91 93 1
f 94 92 95
f 92 91 95
f 787 92 129
f 784 51 136
f 112 51 788
f 135 51 789
f 51 114 788
f 49 51 118
f 117 49 118
f 790 117 119
f 790 124 117
f 790 122 124
f 122 130 123
f 122 128 130
f 128 787 129
f 129 92 94
f 791 792 793
f 794 795 796
f 797 798 799
f 800 801 802
f 803 804 805
f 806 807 808
f 809 810 811
f 812 813 814
f 815 816 817
f 818 819 820
f 821 822 823
f 824 825 826
f 827 828 829
f 830 831 832
f 833 834 835
f 836 837 838
f 839 840 841
f 842 843 844
f 845 846 847
f 848 849 850
f 844 843 851
f 852 853 854
f 855 856 857
f 858 859 860
f 861 862 858
f 863 859 858
f 864 865 866
f 858 862 863
f 867 860 859
f 868 869 870
f 860 867 871
f 872 873 867
f 873 871 867
f 865 864 873
f 874 864 866
f 875 876 877
f 878 879 880
f 881 882 883
f 876 875 884
f 875 885 884
f 886 887 888
f 889 890 891
f 872 865 873
f 799 892 893
f 894 843 895
f 896 843 897
f 898 899 900
f 901 839 902
f 899 903 900
f 839 904 840
f 905 849 906
f 907 908 909
f 849 910 911
f 912 913 914
f 915 916 917
f 918 919 920
f 921 839 908
f 922 923 924
f 925 926 839
f 927 928 929
f 835 930 931
f 932 933 857
f 932 934 933
f 874 866 935
f 866 879 935
f 879 878 935
f 880 936 878
f 936 937 878
f 938 937 936
f 939 937 938
f 939 938 876
f 938 940 876
f 940 877 876
f 941 877 942
f 942 877 940
f 943 944 945
f 895 934 932
f 895 932 894
f 946 895 843
f 894 851 843
f 946 843 896
f 849 947 948
f 949 950 951
f 952 953 954
f 955 956 957
f 958 959 905
f 960 961 962
f 906 849 963
f 933 855 857
f 943 856 855
f 943 855 964
f 943 964 944
f 945 944 965
f 945 965 868
f 965 869 868
f 869 898 870
f 898 942 870
f 941 942 898
f 941 898 900
f 962 966 960
f 963 849 967
f 849 848 967
f 947 849 968
f 948 910 849
f 849 911 969
f 917 916 949
f 923 970 971
f 972 973 974
f 975 835 834
f 976 977 955
f 978 979 980
f 981 979 982
f 983 984 927
f 985 986 987
f 988 989 922
f 989 984 983
f 905 968 849
f 959 968 905
f 962 959 958
f 962 958 966
f 990 961 991
f 991 961 960
f 990 991 992
f 990 992 993
f 992 899 993
f 915 899 992
f 903 899 915
f 903 915 917
f 927 929 994
f 928 927 984
f 984 989 988
f 988 922 924
f 924 923 971
f 923 995 970
f 952 996 953
f 997 998 835
f 999 1000 1001
f 1002 836 838
f 1003 1004 1005
f 1006 996 1007
f 994 929 1008
f 929 987 1008
f 987 986 1008
f 985 1009 986
f 1009 1010 986
f 1011 1010 1009
f 1011 1009 1012
f 1011 1012 1013
f 1011 1013 916
f 949 916 1013
f 949 1013 950
f 954 1014 1015
f 931 1006 1007
f 930 1006 931
f 1016 930 835
f 931 833 835
f 1016 835 998
f 955 1017 1018
f 1019 1020 1021
f 1022 1004 1023
f 1024 1025 1026
f 1027 1028 1029
f 1030 1002 1031
f 955 1032 956
f 955 1033 1034
f 952 1035 996
f 996 1035 1007
f 952 954 1036
f 954 1015 1036
f 1014 972 1015
f 1037 972 1014
f 973 972 1037
f 1038 974 973
f 950 974 1038
f 950 1038 951
f 1038 999 951
f 1000 999 1038
f 1039 1030 1031
f 955 1040 1032
f 1034 1040 955
f 955 1029 1017
f 976 955 1018
f 977 1041 955
f 1042 1019 1043
f 1044 1045 978
f 1046 1047 1048
f 1004 1022 1049
f 1050 1025 1051
f 1025 1052 1053
f 1054 1055 1056
f 1057 1058 1059
f 1055 1054 982
f 1029 955 957
f 1060 1054 1056
f 1029 957 1027
f 1028 1027 1031
f 1027 1039 1031
f 1002 1030 836
f 837 1061 838
f 1062 1061 837
f 1000 1061 1062
f 1000 1062 1001
f 1062 1043 1001
f 1042 1043 1062
f 1063 1064 1056
f 981 982 1054
f 980 979 981
f 978 1045 979
f 1065 1044 978
f 1066 1067 1068
f 1069 1004 1070
f 831 1071 832
f 1025 1050 1072
f 1073 1074 1075
f 1076 1066 1077
f 1078 1076 1077
f 1056 1064 1060
f 1063 1079 1064
f 1059 1079 1063
f 1058 1079 1059
f 1080 1058 1057
f 1081 1058 1080
f 1081 1080 1082
f 1081 1082 1083
f 1084 1042 1082
f 1082 1042 1083
f 1019 1042 1084
f 1019 1084 1020
f 1085 1086 1087
f 1076 1078 1003
f 1076 1003 1005
f 1005 1004 1088
f 1023 1004 1003
f 1004 1069 1088
f 1089 1072 1090
f 1091 1092 1025
f 1093 825 1094
f 1095 1096 1097
f 1098 828 1099
f 1100 1101 1102
f 1051 1025 1103
f 1066 1068 1077
f 1087 1068 1067
f 1087 1067 1104
f 1087 1104 1085
f 1086 1085 1105
f 1086 1105 1048
f 1105 1046 1048
f 1046 1020 1047
f 830 1020 1046
f 1021 1020 830
f 1021 830 832
f 1106 1101 1100
f 1103 1025 1107
f 1025 1024 1107
f 1091 1025 1072
f 1092 1052 1025
f 1025 1053 1108
f 1109 1095 1097
f 1074 1110 1111
f 1112 1113 1114
f 828 827 1115
f 1116 1117 1118
f 1119 1120 853
f 1121 1122 1123
f 1124 1125 1073
f 1124 1093 1094
f 1050 1090 1072
f 1090 1106 1089
f 1101 1106 1090
f 1102 1126 1100
f 1127 1126 1102
f 1128 1126 1127
f 1129 1126 1128
f 1129 1128 1130
f 1129 1130 831
f 1130 1071 831
f 1109 1130 1095
f 1109 1071 1130
f 1131 824 826
f 1094 825 824
f 1124 1094 1125
f 1075 1124 1073
f 1111 1075 1074
f 1110 1074 1132
f 1117 1116 1133
f 828 1134 1135
f 1136 1137 1138
f 1120 1139 853
f 853 1139 1140
f 1141 1142 1133
f 1143 1141 1133
f 1131 826 1122
f 826 1144 1122
f 1144 1123 1122
f 1123 1145 1121
f 1145 1146 1121
f 1147 1146 1145
f 1147 1145 1148
f 1147 1148 1095
f 1148 1096 1095
f 1096 1149 1097
f 1149 1150 1097
f 1118 1151 1152
f 1099 1141 1143
f 1099 1143 1098
f 1153 1099 828
f 1098 829 828
f 1153 828 1135
f 853 1154 1155
f 1156 1157 1158
f 1159 1160 1161
f 1162 1163 1164
f 1165 1166 1140
f 1167 1168 1169
f 1170 1171 853
f 1142 1117 1133
f 1117 1172 1118
f 1172 1151 1118
f 1151 1112 1152
f 1173 1112 1151
f 1113 1112 1173
f 1149 1114 1113
f 1149 1113 1174
f 1149 1174 1150
f 1174 1137 1150
f 1138 1137 1174
f 1175 1169 1168
f 1119 853 1176
f 853 1171 1176
f 1154 853 1140
f 1155 854 853
f 853 852 1177
f 1178 1179 1162
f 1161 1180 1181
f 1182 1183 1184
f 1185 1186 1187
f 1188 1189 819
f 819 1190 820
f 1156 1158 1191
f 1192 1193 1194
f 1160 1157 1195
f 1139 1165 1140
f 1165 1175 1166
f 1169 1175 1165
f 1167 1196 1168
f 1196 1197 1168
f 1198 1197 1196
f 1199 1197 1198
f 1199 1198 1138
f 1198 1200 1138
f 1200 1136 1138
f 1178 1200 1179
f 1178 1136 1200
f 1201 1191 1202
f 1156 1191 1203
f 1157 1156 1195
f 1159 1157 1160
f 1181 1159 1161
f 1180 1161 1204
f 1205 1206 1207
f 819 1208 1209
f 1210 1211 1212
f 1211 1213 1212
f 815 1214 1215
f 1207 1185 1205
f 1191 1201 1203
f 1202 1216 1201
f 1194 1216 1202
f 1193 1216 1194
f 1217 1193 1192
f 1217 1192 1218
f 1217 1218 1219
f 1217 1219 1220
f 1221 1179 1219
f 1219 1179 1220
f 1162 1179 1221
f 1162 1221 1163
f 1222 1223 1224
f 1187 1186 1188
f 1186 1189 1188
f 1188 819 1225
f 1190 819 1189
f 819 1209 1225
f 1226 1227 1228
f 1229 1230 815
f 1231 1232 1233
f 1232 1234 1233
f 1235 1236 1237
f 1231 1238 1239
f 815 1240 1214
f 815 1241 1242
f 1207 1186 1185
f 1231 1243 1238
f 1224 1206 1205
f 1224 1205 1244
f 1224 1244 1222
f 1223 1222 1184
f 1222 1245 1184
f 1245 1182 1184
f 1182 1163 1183
f 1210 1163 1182
f 1164 1163 1210
f 1164 1210 1212
f 1246 1240 815
f 1246 815 1242
f 1227 1229 815
f 815 1230 816
f 1247 815 817
f 1248 1249 1250
f 821 1251 1236
f 1252 1253 1254
f 1255 1256 1257
f 1258 1259 1253
f 1260 1261 1262
f 1259 1258 1237
f 1227 815 1215
f 1252 1258 1253
f 1227 1215 1228
f 1226 1228 1243
f 1228 1238 1243
f 1231 1239 1232
f 1234 1263 1233
f 1211 1263 1234
f 1211 1234 1264
f 1211 1264 1213
f 1264 1249 1213
f 1250 1249 1264
f 1254 1265 1252
f 1235 1237 1258
f 1236 1251 1237
f 821 823 1251
f 1266 822 821
f 1267 1268 1269
f 814 1270 1271
f 1272 814 1273
f 813 1274 814
f 1275 1276 1277
f 1278 1279 1280
f 1265 1254 1281
f 1254 1262 1281
f 1262 1261 1281
f 1260 1282 1261
f 1282 1283 1261
f 1284 1283 1282
f 1285 1283 1284
f 1285 1284 1250
f 1284 1286 1250
f 1286 1248 1250
f 1287 1248 1288
f 1288 1248 1286
f 1289 1290 1291
f 1270 1278 1280
f 1270 1280 1271
f 1292 1270 814
f 1271 812 814
f 1292 814 1272
f 1293 810 1294
f 1295 810 1296
f 810 1297 1298
f 1299 1300 1301
f 1302 1303 1295
f 1304 1305 1306
f 1296 810 1307
f 1268 1267 1279
f 1279 1267 1280
f 1268 1289 1269
f 1308 1289 1268
f 1290 1289 1308
f 1309 1291 1290
f 1255 1291 1309
f 1255 1309 1256
f 1257 1256 1310
f 1257 1310 1288
f 1310 1287 1288
f 1275 1310 1276
f 1275 1287 1310
f 1311 1304 1306
f 810 1312 1307
f 1293 1312 810
f 810 1313 1297
f 811 810 1298
f 809 1314 810
f 1300 1315 1301
f 1316 1317 1318
f 1319 1320 1321
f 1322 1323 1320
f 845 1324 1325
f 1326 1327 1319
f 1327 1325 1324
f 1295 1313 810
f 1303 1313 1295
f 1306 1303 1302
f 1306 1302 1311
f 1328 1305 1329
f 1329 1305 1304
f 1328 1329 1330
f 1328 1330 1331
f 1330 1276 1331
f 1299 1276 1330
f 1277 1276 1299
f 1277 1299 1301
f 845 847 1332
f 846 845 1325
f 1325 1327 1326
f 1326 1319 1321
f 1321 1320 1323
f 1320 1333 1322
f 1334 1335 1336
f 1337 1338 1339
f 1335 1340 1341
f 1342 1343 890
f 890 1344 1345
f 890 1346 891
f 1347 890 1345
f 1348 1335 1334
f 1332 847 1349
f 847 1316 1349
f 1316 1318 1349
f 1317 1350 1318
f 1350 1351 1318
f 1352 1351 1350
f 1352 1350 1353
f 1352 1353 1354
f 1352 1354 1300
f 1354 1315 1300
f 1355 1315 1356
f 1356 1315 1354
f 1357 1358 1359
f 1343 1341 1340
f 1342 1341 1343
f 1347 1342 890
f 1343 1346 890
f 1360 1361 1362
f 1363 1364 1365
f 1366 806 1367
f 1368 806 1369
f 806 1370 1371
f 806 1372 807
f 1373 1374 1375
f 1369 806 1376
f 1348 1340 1335
f 1375 1374 1377
f 1336 1357 1334
f 1357 1378 1334
f 1359 1378 1357
f 1339 1359 1358
f 1339 1358 1379
f 1339 1379 1337
f 1338 1337 1380
f 1338 1380 1356
f 1380 1355 1356
f 1360 1380 1361
f 1360 1355 1380
f 1381 1376 806
f 1381 806 1366
f 1364 1370 806
f 806 1371 1372
f 806 1368 1364
f 1382 1383 1384
f 1385 1386 1387
f 1387 1388 1385
f 1389 1390 795
f 795 794 1391
f 1392 1393 1394
f 1389 1388 1395
f 1368 1365 1364
f 1365 1374 1363
f 1377 1374 1365
f 1375 1396 1373
f 1396 1397 1373
f 1398 1397 1396
f 1399 1397 1398
f 1399 1398 1400
f 1399 1400 1361
f 1400 1362 1361
f 1382 1400 1383
f 1382 1362 1400
f 1401 1386 1402
f 1387 1386 1403
f 1388 1387 1395
f 1389 1395 1390
f 1391 1389 795
f 1403 1386 1401
f 1383 1404 1384
f 1405 1406 1407
f 1408 1409 1410
f 1411 802 1412
f 1413 800 802
f 1414 1408 1415
f 1416 1414 1415
f 1401 1402 1417
f 1402 1393 1417
f 1393 1392 1417
f 1394 1418 1392
f 1418 1419 1392
f 1420 1419 1418
f 1421 1419 1420
f 1421 1420 1383
f 1420 1404 1383
f 1404 1422 1384
f 1422 1423 1384
f 1424 1425 1426
f 1411 1414 1416
f 1412 1414 1411
f 801 1412 802
f 1411 1427 802
f 1427 1428 802
f 1428 1429 802
f 1410 1409 1424
f 1430 1431 1432
f 1433 1434 1435
f 1436 1435 1437
f 1438 1439 1437
f 1440 1441 1442
f 1443 1444 1435
f 1408 1410 1415
f 1409 1445 1424
f 1445 1425 1424
f 1425 1446 1426
f 1446 1406 1426
f 1407 1406 1446
f 1422 1405 1407
f 1422 1407 1447
f 1422 1447 1423
f 1447 1431 1423
f 1432 1431 1447
f 1448 1442 1441
f 1433 1435 1449
f 1435 1444 1449
f 1434 1450 1435
f 1451 1435 1436
f 1452 1435 1451
f 1453 1435 1452
f 1454 1435 1453
f 1455 1456 1457
f 1456 1458 1457
f 1459 1460 1461
f 804 1462 805
f 1463 1462 1464
f 1450 1437 1435
f 1438 1437 1450
f 1448 1439 1438
f 1448 1438 1442
f 1465 1440 1466
f 1465 1441 1440
f 1465 1466 1467
f 1465 1467 1468
f 1467 1455 1468
f 1455 1432 1468
f 1430 1432 1455
f 1430 1455 1457
f 1469 1470 1471
f 803 1469 804
f 804 1464 1462
f 1462 1463 1472
f 1463 1473 1472
f 1473 1474 1472
f 1475 1474 1473
f 1469 803 1470
f 1473 1476 1475
f 1477 1478 1479
f 1480 797 1481
f 893 1482 799
f 1471 1470 1459
f 1470 1483 1459
f 1483 1460 1459
f 1460 1484 1461
f 1484 1485 1461
f 1486 1485 1484
f 1486 1484 1487
f 1486 1487 1456
f 1487 1488 1456
f 1488 1458 1456
f 1489 1458 1490
f 1490 1458 1488
f 1491 1492 1493
f 1480 798 797
f 1494 1480 1481
f 1495 1480 1494
f 1496 1494 1497
f 1498 1494 1481
f 1499 1494 1498
f 1500 1494 1499
f 1495 1494 1496
f 1501 1502 1503
f 1504 1505 1506
f 886 1507 887
f 1502 1508 1503
f 1509 1510 1511
f 799 798 892
f 1511 1512 1509
f 1491 1482 893
f 1491 893 1513
f 1491 1513 1492
f 1493 1492 1477
f 1492 1514 1477
f 1514 1478 1477
f 1478 1490 1479
f 1501 1490 1478
f 1489 1490 1501
f 1489 1501 1503
f 1507 886 1515
f 888 1516 886
f 1504 1517 886
f 1516 1518 886
f 1519 886 1517
f 1520 886 1519
f 1521 886 1520
f 1522 886 1521
f 1523 1524 1525
f 1526 1527 1528
f 1527 791 1528
f 1518 1504 886
f 1505 1504 1518
f 1512 1506 1505
f 1512 1505 1509
f 1529 1511 1530
f 1530 1511 1510
f 1529 1530 1531
f 1529 1531 1532
f 1531 1502 1532
f 1526 1502 1531
f 1508 1502 1526
f 1508 1526 1528
f 1533 1523 1534
f 1535 1536 1537
f 1523 1538 1524
f 1524 1539 1525
f 1540 1539 1524
f 1541 1539 1540
f 1542 1539 1541
f 1542 1541 1543
f 1542 1543 1544
f 1527 1545 1546
f 1547 1544 1543
f 1548 1549 1550
f 1551 1547 1543
f 1552 1553 1554
f 1533 1538 1523
f 1555 1556 1557
f 1558 1533 1534
f 1558 1534 1535
f 1558 1535 1537
f 1537 1536 1559
f 1536 1560 1559
f 1560 1545 1559
f 1545 1561 1559
f 1527 1561 1545
f 791 1527 1546
f 791 1546 792
f 1562 1563 1564
f 1555 1557 1549
f 1556 1555 1565
f 1555 1566 1565
f 1566 1567 1565
f 1567 1568 1565
f 1569 1570 1567
f 1566 1571 1567
f 1571 1572 1567
f 1572 1573 1567
f 921 1574 839
f 1570 1568 1567
f 1557 1550 1549
f 1550 1562 1548
f 1575 1562 1550
f 1563 1562 1575
f 1554 1564 1563
f 1554 1563 1576
f 1554 1576 1552
f 1553 1552 792
f 881 792 1552
f 793 792 881
f 793 881 883
f 885 882 884
f 885 883 882
f 919 882 1577
f 925 839 1574
f 1578 839 901
f 1579 839 926
f 1578 904 839
f 908 839 841
f 908 841 909
f 907 909 1580
f 909 912 1580
f 912 914 1580
f 913 918 914
f 918 920 914
f 919 1577 920
f 884 882 919
f 1 883 91
f 1 793 883
f 3 793 1
f 3 791 793
f 736 791 3
f 736 1528 791
f 718 1528 736
f 718 1508 1528
f 711 1508 718
f 711 1503 1508
f 700 1503 711
f 700 1489 1503
f 668 1489 700
f 668 1458 1489
f 665 1458 668
f 665 1457 1458
f 642 1457 665
f 642 1430 1457
f 641 1430 642
f 641 1431 1430
f 633 1431 641
f 633 1423 1431
f 592 1423 633
f 592 1384 1423
f 594 1384 592
f 594 1382 1384
f 570 1382 594
f 570 1362 1382
f 572 1362 570
f 572 1360 1362
f 566 1360 572
f 566 1355 1360
f 525 1355 566
f 525 1315 1355
f 509 1315 525
f 509 1301 1315
f 485 1301 509
f 485 1277 1301
f 487 1277 485
f 487 1275 1277
f 498 1275 487
f 498 1287 1275
f 460 1287 498
f 460 1248 1287
f 459 1248 460
f 459 1249 1248
f 423 1249 459
f 423 1213 1249
f 420 1213 423
f 420 1212 1213
f 372 1212 420
f 372 1164 1212
f 374 1164 372
f 374 1162 1164
f 389 1162 374
f 389 1178 1162
f 348 1178 389
f 348 1136 1178
f 347 1136 348
f 347 1137 1136
f 360 1137 347
f 360 1150 1137
f 305 1150 360
f 305 1097 1150
f 319 1097 305
f 319 1109 1097
f 281 1109 319
f 281 1071 1109
f 40 1071 281
f 40 832 1071
f 229 832 40
f 229 1021 832
f 231 1021 229
f 231 1019 1021
f 252 1019 231
f 252 1043 1019
f 209 1043 252
f 209 1001 1043
f 211 1001 209
f 211 999 1001
f 159 999 211
f 159 951 999
f 161 951 159
f 161 949 951
f 125 949 161
f 125 917 949
f 113 917 125
f 113 903 917
f 108 903 113
f 108 900 903
f 152 900 108
f 152 941 900
f 85 941 152
f 85 877 941
f 87 877 85
f 87 875 877
f 95 875 87
f 95 885 875
f 91 885 95
f 91 883 885
f 149 939 86
f 876 86 939
f 147 937 149
f 939 149 937
f 90 878 147
f 937 147 878
f 145 935 90
f 878 90 935
f 84 874 145
f 935 145 874
f 76 864 84
f 874 84 864
f 82 873 76
f 864 76 873
f 81 871 82
f 873 82 871
f 68 860 81
f 871 81 860
f 70 858 68
f 860 68 858
f 72 861 70
f 858 70 861
f 71 862 72
f 861 72 862
f 73 863 71
f 862 71 863
f 69 859 73
f 863 73 859
f 77 867 69
f 859 69 867
f 83 872 77
f 867 77 872
f 75 865 83
f 872 83 865
f 74 866 75
f 865 75 866
f 89 879 74
f 866 74 879
f 88 880 89
f 879 89 880
f 146 936 88
f 880 88 936
f 148 938 146
f 936 146 938
f 150 940 148
f 938 148 940
f 151 942 150
f 940 150 942
f 78 870 151
f 942 151 870
f 80 868 78
f 870 78 868
f 153 945 80
f 868 80 945
f 155 943 153
f 945 153 943
f 66 856 155
f 943 155 856
f 65 857 66
f 856 66 857
f 143 932 65
f 857 65 932
f 105 894 143
f 932 143 894
f 61 851 105
f 894 105 851
f 52 844 61
f 851 61 844
f 54 842 52
f 844 52 842
f 53 843 54
f 842 54 843
f 106 897 53
f 843 53 897
f 107 896 106
f 897 106 896
f 156 946 107
f 896 107 946
f 104 895 156
f 946 156 895
f 144 934 104
f 895 104 934
f 142 933 144
f 934 144 933
f 67 855 142
f 933 142 855
f 174 964 67
f 855 67 964
f 154 944 174
f 964 174 944
f 175 965 154
f 944 154 965
f 79 869 175
f 965 175 869
f 110 898 79
f 869 79 898
f 109 899 110
f 898 110 899
f 203 993 109
f 899 109 993
f 201 990 203
f 993 203 990
f 171 961 201
f 990 201 961
f 170 962 171
f 961 171 962
f 168 959 170
f 962 170 959
f 178 968 168
f 959 168 968
f 158 947 178
f 968 178 947
f 157 948 158
f 947 158 948
f 121 910 157
f 948 157 910
f 120 911 121
f 910 121 911
f 179 969 120
f 911 120 969
f 59 849 179
f 969 179 849
f 58 850 59
f 849 59 850
f 60 848 58
f 850 58 848
f 177 967 60
f 848 60 967
f 173 963 177
f 967 177 963
f 115 906 173
f 963 173 906
f 116 905 115
f 906 115 905
f 169 958 116
f 905 116 958
f 176 966 169
f 958 169 966
f 172 960 176
f 966 176 960
f 200 991 172
f 960 172 991
f 202 992 200
f 991 200 992
f 127 915 202
f 992 202 915
f 126 916 127
f 915 127 916
f 221 1011 126
f 916 126 1011
f 220 1010 221
f 1011 221 1010
f 196 986 220
f 1010 220 986
f 218 1008 196
f 986 196 1008
f 204 994 218
f 1008 218 994
f 139 927 204
f 994 204 927
f 194 983 139
f 927 139 983
f 198 989 194
f 983 194 989
f 134 922 198
f 989 198 922
f 133 923 134
f 922 134 923
f 205 995 133
f 923 133 995
f 181 970 205
f 995 205 970
f 180 971 181
f 970 181 971
f 132 924 180
f 971 180 924
f 199 988 132
f 924 132 988
f 193 984 199
f 988 199 984
f 138 928 193
f 984 193 928
f 137 929 138
f 928 138 929
f 195 987 137
f 929 137 987
f 197 985 195
f 987 195 985
f 219 1009 197
f 985 197 1009
f 222 1012 219
f 1009 219 1012
f 223 1013 222
f 1012 222 1013
f 160 950 223
f 1013 223 950
f 182 974 160
f 950 160 974
f 184 972 182
f 974 182 972
f 224 1015 184
f 972 184 1015
f 246 1036 224
f 1015 224 1036
f 164 952 246
f 1036 246 952
f 245 1035 164
f 952 164 1035
f 216 1007 245
f 1035 245 1007
f 140 931 216
f 1007 216 931
f 45 833 140
f 931 140 833
f 44 834 45
f 833 45 834
f 185 975 44
f 834 44 975
f 43 835 185
f 975 185 835
f 208 997 43
f 835 43 997
f 207 998 208
f 997 208 998
f 226 1016 207
f 998 207 1016
f 141 930 226
f 1016 226 930
f 217 1006 141
f 930 141 1006
f 206 996 217
f 1006 217 996
f 163 953 206
f 996 206 953
f 162 954 163
f 953 163 954
f 225 1014 162
f 954 162 1014
f 247 1037 225
f 1014 225 1037
f 183 973 247
f 1037 247 973
f 248 1038 183
f 973 183 1038
f 210 1000 248
f 1038 248 1000
f 271 1061 210
f 1000 210 1061
f 46 838 271
f 1061 271 838
f 212 1002 46
f 838 46 1002
f 240 1031 212
f 1002 212 1031
f 238 1028 240
f 1031 240 1028
f 237 1029 238
f 1028 238 1029
f 228 1017 237
f 1029 237 1017
f 227 1018 228
f 1017 228 1018
f 187 976 227
f 1018 227 976
f 186 977 187
f 976 187 977
f 251 1041 186
f 977 186 1041
f 167 955 251
f 1041 251 955
f 244 1033 167
f 955 167 1033
f 243 1034 244
f 1033 244 1034
f 250 1040 243
f 1034 243 1040
f 242 1032 250
f 1040 250 1032
f 166 956 242
f 1032 242 956
f 165 957 166
f 956 166 957
f 239 1027 165
f 957 165 1027
f 249 1039 239
f 1027 239 1039
f 241 1030 249
f 1039 249 1030
f 48 836 241
f 1030 241 836
f 47 837 48
f 836 48 837
f 272 1062 47
f 837 47 1062
f 253 1042 272
f 1062 272 1042
f 293 1083 253
f 1042 253 1083
f 291 1081 293
f 1083 293 1081
f 268 1058 291
f 1081 291 1058
f 289 1079 268
f 1058 268 1079
f 273 1064 289
f 1079 289 1064
f 270 1060 273
f 1064 273 1060
f 266 1054 270
f 1060 270 1054
f 192 981 266
f 1054 266 981
f 188 980 192
f 981 192 980
f 190 978 188
f 980 188 978
f 275 1065 190
f 978 190 1065
f 255 1044 275
f 1065 275 1044
f 254 1045 255
f 1044 255 1045
f 189 979 254
f 1045 254 979
f 191 982 189
f 979 189 982
f 265 1055 191
f 982 191 1055
f 264 1056 265
f 1055 265 1056
f 274 1063 264
f 1056 264 1063
f 267 1059 274
f 1063 274 1059
f 269 1057 267
f 1059 267 1057
f 290 1080 269
f 1057 269 1080
f 292 1082 290
f 1080 290 1082
f 294 1084 292
f 1082 292 1084
f 230 1020 294
f 1084 294 1020
f 257 1047 230
f 1020 230 1047
f 256 1048 257
f 1047 257 1048
f 296 1086 256
f 1048 256 1086
f 295 1087 296
f 1086 296 1087
f 276 1068 295
f 1087 295 1068
f 286 1077 276
f 1068 276 1077
f 288 1078 286
f 1077 286 1078
f 215 1003 288
f 1078 288 1003
f 232 1023 215
f 1003 215 1023
f 233 1022 232
f 1023 232 1022
f 259 1049 233
f 1022 233 1049
f 214 1004 259
f 1049 259 1004
f 279 1070 214
f 1004 214 1070
f 280 1069 279
f 1070 279 1069
f 298 1088 280
f 1069 280 1088
f 213 1005 298
f 1088 298 1005
f 287 1076 213
f 1005 213 1076
f 278 1066 287
f 1076 287 1066
f 277 1067 278
f 1066 278 1067
f 314 1104 277
f 1067 277 1104
f 297 1085 314
f 1104 314 1085
f 315 1105 297
f 1085 297 1105
f 258 1046 315
f 1105 315 1046
f 42 830 258
f 1046 258 830
f 41 831 42
f 830 42 831
f 339 1129 41
f 831 41 1129
f 336 1126 339
f 1129 339 1126
f 312 1100 336
f 1126 336 1100
f 316 1106 312
f 1100 312 1106
f 300 1089 316
f 1106 316 1089
f 282 1072 300
f 1089 300 1072
f 302 1091 282
f 1072 282 1091
f 301 1092 302
f 1091 302 1092
f 263 1052 301
f 1092 301 1052
f 262 1053 263
f 1052 263 1053
f 318 1108 262
f 1053 262 1108
f 235 1025 318
f 1108 318 1025
f 234 1026 235
f 1025 235 1026
f 236 1024 234
f 1026 234 1024
f 317 1107 236
f 1024 236 1107
f 313 1103 317
f 1107 317 1103
f 260 1051 313
f 1103 313 1051
f 261 1050 260
f 1051 260 1050
f 299 1090 261
f 1050 261 1090
f 311 1101 299
f 1090 299 1101
f 310 1102 311
f 1101 311 1102
f 337 1127 310
f 1102 310 1127
f 338 1128 337
f 1127 337 1128
f 340 1130 338
f 1128 338 1130
f 307 1095 340
f 1130 340 1095
f 357 1147 307
f 1095 307 1147
f 356 1146 357
f 1147 357 1146
f 333 1121 356
f 1146 356 1121
f 332 1122 333
f 1121 333 1122
f 341 1131 332
f 1122 332 1131
f 36 824 341
f 1131 341 824
f 303 1094 36
f 824 36 1094
f 334 1125 303
f 1094 303 1125
f 285 1073 334
f 1125 334 1073
f 284 1074 285
f 1073 285 1074
f 342 1132 284
f 1074 284 1132
f 321 1110 342
f 1132 342 1110
f 320 1111 321
f 1110 321 1111
f 283 1075 320
f 1111 320 1075
f 335 1124 283
f 1075 283 1124
f 304 1093 335
f 1124 335 1093
f 35 825 304
f 1093 304 825
f 34 826 35
f 825 35 826
f 354 1144 34
f 826 34 1144
f 331 1123 354
f 1144 354 1123
f 355 1145 331
f 1123 331 1145
f 358 1148 355
f 1145 355 1148
f 306 1096 358
f 1148 358 1096
f 359 1149 306
f 1096 306 1149
f 322 1114 359
f 1149 359 1114
f 324 1112 322
f 1114 322 1112
f 361 1152 324
f 1112 324 1152
f 326 1118 361
f 1152 361 1118
f 328 1116 326
f 1118 326 1116
f 343 1133 328
f 1116 328 1133
f 353 1143 343
f 1133 343 1143
f 309 1098 353
f 1143 353 1098
f 37 829 309
f 1098 309 829
f 39 827 37
f 829 37 827
f 325 1115 39
f 827 39 1115
f 38 828 325
f 1115 325 828
f 345 1134 38
f 828 38 1134
f 344 1135 345
f 1134 345 1135
f 363 1153 344
f 1135 344 1153
f 308 1099 363
f 1153 363 1099
f 352 1141 308
f 1099 308 1141
f 351 1142 352
f 1141 352 1142
f 327 1117 351
f 1142 351 1117
f 382 1172 327
f 1117 327 1172
f 362 1151 382
f 1172 382 1151
f 383 1173 362
f 1151 362 1173
f 323 1113 383
f 1173 383 1113
f 384 1174 323
f 1113 323 1174
f 346 1138 384
f 1174 384 1138
f 409 1199 346
f 1138 346 1199
f 407 1197 409
f 1199 409 1197
f 378 1168 407
f 1197 407 1168
f 385 1175 378
f 1168 378 1175
f 375 1166 385
f 1175 385 1166
f 350 1140 375
f 1166 375 1140
f 365 1154 350
f 1140 350 1154
f 364 1155 365
f 1154 365 1155
f 62 854 364
f 1155 364 854
f 64 852 62
f 854 62 852
f 387 1177 64
f 852 64 1177
f 63 853 387
f 1177 387 853
f 381 1170 63
f 853 63 1170
f 380 1171 381
f 1170 381 1171
f 386 1176 380
f 1171 380 1176
f 330 1119 386
f 1176 386 1119
f 329 1120 330
f 1119 330 1120
f 349 1139 329
f 1120 329 1139
f 376 1165 349
f 1139 349 1165
f 377 1169 376
f 1165 376 1169
f 379 1167 377
f 1169 377 1167
f 406 1196 379
f 1167 379 1196
f 408 1198 406
f 1196 406 1198
f 410 1200 408
f 1198 408 1200
f 388 1179 410
f 1200 410 1179
f 430 1220 388
f 1179 388 1220
f 427 1217 430
f 1220 430 1217
f 403 1193 427
f 1217 427 1193
f 426 1216 403
f 1193 403 1216
f 412 1201 426
f 1216 426 1201
f 413 1203 412
f 1201 412 1203
f 368 1156 413
f 1203 413 1156
f 405 1195 368
f 1156 368 1195
f 370 1160 405
f 1195 405 1160
f 369 1161 370
f 1160 370 1161
f 414 1204 369
f 1161 369 1204
f 391 1180 414
f 1204 414 1180
f 390 1181 391
f 1180 391 1181
f 371 1159 390
f 1181 390 1159
f 367 1157 371
f 1159 371 1157
f 366 1158 367
f 1157 367 1158
f 401 1191 366
f 1158 366 1191
f 411 1202 401
f 1191 401 1202
f 402 1194 411
f 1202 411 1194
f 404 1192 402
f 1194 402 1192
f 428 1218 404
f 1192 404 1218
f 429 1219 428
f 1218 428 1219
f 431 1221 429
f 1219 429 1221
f 373 1163 431
f 1221 431 1163
f 393 1183 373
f 1163 373 1183
f 392 1184 393
f 1183 393 1184
f 433 1223 392
f 1184 392 1223
f 432 1224 433
f 1223 433 1224
f 416 1206 432
f 1224 432 1206
f 415 1207 416
f 1206 416 1207
f 396 1186 415
f 1207 415 1186
f 398 1189 396
f 1186 396 1189
f 400 1190 398
f 1189 398 1190
f 28 820 400
f 1190 400 820
f 30 818 28
f 820 28 818
f 29 819 30
f 818 30 819
f 419 1208 29
f 819 29 1208
f 418 1209 419
f 1208 419 1209
f 435 1225 418
f 1209 418 1225
f 399 1188 435
f 1225 435 1188
f 395 1187 399
f 1188 399 1187
f 397 1185 395
f 1187 395 1185
f 417 1205 397
f 1185 397 1205
f 454 1244 417
f 1205 417 1244
f 434 1222 454
f 1244 454 1222
f 455 1245 434
f 1222 434 1245
f 394 1182 455
f 1245 455 1182
f 422 1210 394
f 1182 394 1210
f 421 1211 422
f 1210 422 1211
f 473 1263 421
f 1211 421 1263
f 441 1233 473
f 1263 473 1233
f 443 1231 441
f 1233 441 1231
f 453 1243 443
f 1231 443 1243
f 438 1226 453
f 1243 453 1226
f 437 1227 438
f 1226 438 1227
f 440 1229 437
f 1227 437 1229
f 439 1230 440
f 1229 440 1230
f 26 816 439
f 1230 439 816
f 25 817 26
f 816 26 817
f 457 1247 25
f 817 25 1247
f 27 815 457
f 1247 457 815
f 452 1241 27
f 815 27 1241
f 451 1242 452
f 1241 452 1242
f 456 1246 451
f 1242 451 1246
f 450 1240 456
f 1246 456 1240
f 425 1214 450
f 1240 450 1214
f 424 1215 425
f 1214 425 1215
f 436 1228 424
f 1215 424 1228
f 449 1238 436
f 1228 436 1238
f 448 1239 449
f 1238 449 1239
f 442 1232 448
f 1239 448 1232
f 444 1234 442
f 1232 442 1234
f 474 1264 444
f 1234 444 1264
f 458 1250 474
f 1264 474 1250
f 495 1285 458
f 1250 458 1285
f 493 1283 495
f 1285 495 1283
f 471 1261 493
f 1283 493 1261
f 491 1281 471
f 1261 471 1281
f 475 1265 491
f 1281 491 1265
f 464 1252 475
f 1265 475 1252
f 469 1258 464
f 1252 464 1258
f 447 1235 469
f 1258 469 1235
f 446 1236 447
f 1235 447 1236
f 33 821 446
f 1236 446 821
f 476 1266 33
f 821 33 1266
f 32 822 476
f 1266 476 822
f 31 823 32
f 822 32 823
f 461 1251 31
f 823 31 1251
f 445 1237 461
f 1251 461 1237
f 468 1259 445
f 1237 445 1259
f 463 1253 468
f 1259 468 1253
f 462 1254 463
f 1253 463 1254
f 470 1262 462
f 1254 462 1262
f 472 1260 470
f 1262 470 1260
f 492 1282 472
f 1260 472 1282
f 494 1284 492
f 1282 492 1284
f 496 1286 494
f 1284 494 1286
f 497 1288 496
f 1286 496 1288
f 465 1257 497
f 1288 497 1257
f 467 1255 465
f 1257 465 1255
f 499 1291 467
f 1255 467 1291
f 501 1289 499
f 1291 499 1289
f 477 1269 501
f 1289 501 1269
f 479 1267 477
f 1269 477 1267
f 488 1280 479
f 1267 479 1280
f 480 1271 488
f 1280 488 1271
f 24 812 480
f 1271 480 812
f 23 813 24
f 812 24 813
f 484 1274 23
f 813 23 1274
f 22 814 484
f 1274 484 814
f 482 1273 22
f 814 22 1273
f 483 1272 482
f 1273 482 1272
f 502 1292 483
f 1272 483 1292
f 481 1270 502
f 1292 502 1270
f 490 1278 481
f 1270 481 1278
f 489 1279 490
f 1278 490 1279
f 478 1268 489
f 1279 489 1268
f 518 1308 478
f 1268 478 1308
f 500 1290 518
f 1308 518 1290
f 519 1309 500
f 1290 500 1309
f 466 1256 519
f 1309 519 1256
f 520 1310 466
f 1256 466 1310
f 486 1276 520
f 1310 520 1276
f 541 1331 486
f 1276 486 1331
f 539 1328 541
f 1331 541 1328
f 515 1305 539
f 1328 539 1305
f 514 1306 515
f 1305 515 1306
f 512 1303 514
f 1306 514 1303
f 523 1313 512
f 1303 512 1313
f 508 1297 523
f 1313 523 1297
f 507 1298 508
f 1297 508 1298
f 19 811 507
f 1298 507 811
f 21 809 19
f 811 19 809
f 524 1314 21
f 809 21 1314
f 20 810 524
f 1314 524 810
f 503 1294 20
f 810 20 1294
f 504 1293 503
f 1294 503 1293
f 522 1312 504
f 1293 504 1312
f 517 1307 522
f 1312 522 1307
f 505 1296 517
f 1307 517 1296
f 506 1295 505
f 1296 505 1295
f 513 1302 506
f 1295 506 1302
f 521 1311 513
f 1302 513 1311
f 516 1304 521
f 1311 521 1304
f 538 1329 516
f 1304 516 1329
f 540 1330 538
f 1329 538 1330
f 511 1299 540
f 1330 540 1299
f 510 1300 511
f 1299 511 1300
f 562 1352 510
f 1300 510 1352
f 561 1351 562
f 1352 562 1351
f 526 1318 561
f 1351 561 1318
f 559 1349 526
f 1318 526 1349
f 542 1332 559
f 1349 559 1332
f 57 845 542
f 1332 542 845
f 535 1324 57
f 845 57 1324
f 536 1327 535
f 1324 535 1327
f 531 1319 536
f 1327 536 1319
f 530 1320 531
f 1319 531 1320
f 543 1333 530
f 1320 530 1333
f 533 1322 543
f 1333 543 1322
f 532 1323 533
f 1322 533 1323
f 529 1321 532
f 1323 532 1321
f 537 1326 529
f 1321 529 1326
f 534 1325 537
f 1326 537 1325
f 56 846 534
f 1325 534 846
f 55 847 56
f 846 56 847
f 528 1316 55
f 847 55 1316
f 527 1317 528
f 1316 528 1317
f 560 1350 527
f 1317 527 1350
f 563 1353 560
f 1350 560 1353
f 564 1354 563
f 1353 563 1354
f 565 1356 564
f 1354 564 1356
f 548 1338 565
f 1356 565 1338
f 547 1339 548
f 1338 548 1339
f 567 1359 547
f 1339 547 1359
f 588 1378 567
f 1359 567 1378
f 546 1334 588
f 1378 588 1334
f 558 1348 546
f 1334 546 1348
f 551 1340 558
f 1348 558 1340
f 552 1343 551
f 1340 551 1343
f 556 1346 552
f 1343 552 1346
f 99 891 556
f 1346 556 891
f 101 889 99
f 891 99 889
f 100 890 101
f 889 101 890
f 555 1344 100
f 890 100 1344
f 554 1345 555
f 1344 555 1345
f 557 1347 554
f 1345 554 1347
f 553 1342 557
f 1347 557 1342
f 550 1341 553
f 1342 553 1341
f 545 1335 550
f 1341 550 1335
f 544 1336 545
f 1335 545 1336
f 569 1357 544
f 1336 544 1357
f 568 1358 569
f 1357 569 1358
f 589 1379 568
f 1358 568 1379
f 549 1337 589
f 1379 589 1337
f 590 1380 549
f 1337 549 1380
f 571 1361 590
f 1380 590 1361
f 609 1399 571
f 1361 571 1399
f 607 1397 609
f 1399 609 1397
f 585 1373 607
f 1397 607 1373
f 584 1374 585
f 1373 585 1374
f 575 1363 584
f 1374 584 1363
f 574 1364 575
f 1363 575 1364
f 581 1370 574
f 1364 574 1370
f 580 1371 581
f 1370 581 1371
f 582 1372 580
f 1371 580 1372
f 17 807 582
f 1372 582 807
f 16 808 17
f 807 17 808
f 18 806 16
f 808 16 806
f 576 1367 18
f 806 18 1367
f 577 1366 576
f 1367 576 1366
f 591 1381 577
f 1366 577 1381
f 586 1376 591
f 1381 591 1376
f 578 1369 586
f 1376 586 1369
f 579 1368 578
f 1369 578 1368
f 573 1365 579
f 1368 579 1365
f 587 1377 573
f 1365 573 1377
f 583 1375 587
f 1377 587 1375
f 606 1396 583
f 1375 583 1396
f 608 1398 606
f 1396 606 1398
f 610 1400 608
f 1398 608 1400
f 593 1383 610
f 1400 610 1383
f 631 1421 593
f 1383 593 1421
f 629 1419 631
f 1421 631 1419
f 604 1392 629
f 1419 629 1392
f 627 1417 604
f 1392 604 1417
f 612 1401 627
f 1417 627 1401
f 613 1403 612
f 1401 612 1403
f 595 1387 613
f 1403 613 1387
f 605 1395 595
f 1387 595 1395
f 599 1390 605
f 1395 605 1390
f 5 795 599
f 1390 599 795
f 4 796 5
f 795 5 796
f 6 794 4
f 796 4 794
f 601 1391 6
f 794 6 1391
f 600 1389 601
f 1391 601 1389
f 598 1388 600
f 1389 600 1388
f 597 1385 598
f 1388 598 1385
f 596 1386 597
f 1385 597 1386
f 611 1402 596
f 1386 596 1402
f 603 1393 611
f 1402 611 1393
f 602 1394 603
f 1393 603 1394
f 628 1418 602
f 1394 602 1418
f 630 1420 628
f 1418 628 1420
f 614 1404 630
f 1420 630 1404
f 632 1422 614
f 1404 614 1422
f 617 1405 632
f 1422 632 1405
f 616 1406 617
f 1405 617 1406
f 634 1426 616
f 1406 616 1426
f 636 1424 634
f 1426 634 1424
f 618 1410 636
f 1424 636 1410
f 624 1415 618
f 1410 618 1415
f 626 1416 624
f 1415 624 1416
f 622 1411 626
f 1416 626 1411
f 637 1427 622
f 1411 622 1427
f 638 1428 637
f 1427 637 1428
f 639 1429 638
f 1428 638 1429
f 10 802 639
f 1429 639 802
f 623 1413 10
f 802 10 1413
f 12 800 623
f 1413 623 800
f 11 801 12
f 800 12 801
f 621 1412 11
f 801 11 1412
f 625 1414 621
f 1412 621 1414
f 620 1408 625
f 1414 625 1408
f 619 1409 620
f 1408 620 1409
f 655 1445 619
f 1409 619 1445
f 635 1425 655
f 1445 655 1425
f 656 1446 635
f 1425 635 1446
f 615 1407 656
f 1446 656 1407
f 657 1447 615
f 1407 615 1447
f 640 1432 657
f 1447 657 1432
f 678 1468 640
f 1432 640 1468
f 676 1465 678
f 1468 678 1465
f 651 1441 676
f 1465 676 1441
f 658 1448 651
f 1441 651 1448
f 648 1439 658
f 1448 658 1439
f 646 1437 648
f 1439 648 1437
f 647 1436 646
f 1437 646 1436
f 661 1451 647
f 1436 647 1451
f 662 1452 661
f 1451 661 1452
f 663 1453 662
f 1452 662 1453
f 664 1454 663
f 1453 663 1454
f 643 1435 664
f 1454 664 1435
f 654 1443 643
f 1435 643 1443
f 653 1444 654
f 1443 654 1444
f 659 1449 653
f 1444 653 1449
f 645 1433 659
f 1449 659 1433
f 644 1434 645
f 1433 645 1434
f 660 1450 644
f 1434 644 1450
f 649 1438 660
f 1450 660 1438
f 650 1442 649
f 1438 649 1442
f 652 1440 650
f 1442 650 1440
f 675 1466 652
f 1440 652 1466
f 677 1467 675
f 1466 675 1467
f 667 1455 677
f 1467 677 1455
f 666 1456 667
f 1455 667 1456
f 696 1486 666
f 1456 666 1486
f 695 1485 696
f 1486 696 1485
f 669 1461 695
f 1485 695 1461
f 671 1459 669
f 1461 669 1459
f 679 1471 671
f 1459 671 1471
f 681 1469 679
f 1471 679 1469
f 14 804 681
f 1469 681 804
f 673 1464 14
f 804 14 1464
f 674 1463 673
f 1464 673 1463
f 683 1473 674
f 1463 674 1473
f 686 1476 683
f 1473 683 1476
f 685 1475 686
f 1476 686 1475
f 684 1474 685
f 1475 685 1474
f 682 1472 684
f 1474 684 1472
f 672 1462 682
f 1472 682 1462
f 13 805 672
f 1462 672 805
f 15 803 13
f 805 13 803
f 680 1470 15
f 803 15 1470
f 693 1483 680
f 1470 680 1483
f 670 1460 693
f 1483 693 1460
f 694 1484 670
f 1460 670 1484
f 697 1487 694
f 1484 694 1487
f 698 1488 697
f 1487 697 1488
f 699 1490 698
f 1488 698 1490
f 687 1479 699
f 1490 699 1479
f 689 1477 687
f 1479 687 1477
f 701 1493 689
f 1477 689 1493
f 703 1491 701
f 1493 701 1491
f 692 1482 703
f 1491 703 1482
f 7 799 692
f 1482 692 799
f 9 797 7
f 799 7 797
f 690 1481 9
f 797 9 1481
f 708 1498 690
f 1481 690 1498
f 709 1499 708
f 1498 708 1499
f 710 1500 709
f 1499 709 1500
f 704 1494 710
f 1500 710 1494
f 706 1497 704
f 1494 704 1497
f 707 1496 706
f 1497 706 1496
f 705 1495 707
f 1496 707 1495
f 691 1480 705
f 1495 705 1480
f 8 798 691
f 1480 691 798
f 103 892 8
f 798 8 892
f 102 893 103
f 892 103 893
f 723 1513 102
f 893 102 1513
f 702 1492 723
f 1513 723 1492
f 724 1514 702
f 1492 702 1514
f 688 1478 724
f 1514 724 1478
f 713 1501 688
f 1478 688 1501
f 712 1502 713
f 1501 713 1502
f 742 1532 712
f 1502 712 1532
f 740 1529 742
f 1532 742 1529
f 719 1511 740
f 1529 740 1511
f 722 1512 719
f 1511 719 1512
f 714 1506 722
f 1512 722 1506
f 716 1504 714
f 1506 714 1504
f 727 1517 716
f 1504 716 1517
f 729 1519 727
f 1517 727 1519
f 730 1520 729
f 1519 729 1520
f 731 1521 730
f 1520 730 1521
f 732 1522 731
f 1521 731 1522
f 98 886 732
f 1522 732 886
f 725 1515 98
f 886 98 1515
f 717 1507 725
f 1515 725 1507
f 97 887 717
f 1507 717 887
f 96 888 97
f 887 97 888
f 726 1516 96
f 888 96 1516
f 728 1518 726
f 1516 726 1518
f 715 1505 728
f 1518 728 1505
f 721 1509 715
f 1505 715 1509
f 720 1510 721
f 1509 721 1510
f 739 1530 720
f 1510 720 1530
f 741 1531 739
f 1530 739 1531
f 738 1526 741
f 1531 741 1526
f 737 1527 738
f 1526 738 1527
f 771 1561 737
f 1527 737 1561
f 769 1559 771
f 1561 771 1559
f 745 1537 769
f 1559 769 1537
f 768 1558 745
f 1537 745 1558
f 744 1533 768
f 1558 768 1533
f 748 1538 744
f 1533 744 1538
f 734 1524 748
f 1538 748 1524
f 750 1540 734
f 1524 734 1540
f 751 1541 750
f 1540 750 1541
f 753 1543 751
f 1541 751 1543
f 761 1551 753
f 1543 753 1551
f 757 1547 761
f 1551 761 1547
f 754 1544 757
f 1547 757 1544
f 752 1542 754
f 1544 754 1542
f 749 1539 752
f 1542 752 1539
f 733 1525 749
f 1539 749 1525
f 735 1523 733
f 1525 733 1523
f 743 1534 735
f 1523 735 1534
f 747 1535 743
f 1534 743 1535
f 746 1536 747
f 1535 747 1536
f 770 1560 746
f 1536 746 1560
f 756 1545 770
f 1560 770 1545
f 755 1546 756
f 1545 756 1546
f 2 792 755
f 1546 755 792
f 763 1553 2
f 792 2 1553
f 762 1554 763
f 1553 763 1554
f 772 1564 762
f 1554 762 1564
f 774 1562 772
f 1564 772 1562
f 760 1548 774
f 1562 774 1548
f 759 1549 760
f 1548 760 1549
f 767 1555 759
f 1549 759 1555
f 776 1566 767
f 1555 767 1566
f 781 1571 776
f 1566 776 1571
f 782 1572 781
f 1571 781 1572
f 783 1573 782
f 1572 782 1573
f 777 1567 783
f 1573 783 1567
f 780 1569 777
f 1567 777 1569
f 779 1570 780
f 1569 780 1570
f 778 1568 779
f 1570 779 1568
f 775 1565 778
f 1568 778 1565
f 766 1556 775
f 1565 775 1556
f 765 1557 766
f 1556 766 1557
f 758 1550 765
f 1557 765 1550
f 785 1575 758
f 1550 758 1575
f 773 1563 785
f 1575 785 1563
f 786 1576 773
f 1563 773 1576
f 764 1552 786
f 1576 786 1552
f 93 881 764
f 1552 764 881
f 92 882 93
f 881 93 882
f 787 1577 92
f 882 92 1577
f 128 920 787
f 1577 787 920
f 122 914 128
f 920 128 914
f 790 1580 122
f 914 122 1580
f 119 907 790
f 1580 790 907
f 118 908 119
f 907 119 908
f 131 921 118
f 908 118 921
f 784 1574 131
f 921 131 1574
f 136 925 784
f 1574 784 925
f 135 926 136
f 925 136 926
f 789 1579 135
f 926 135 1579
f 51 839 789
f 1579 789 839
f 111 902 51
f 839 51 902
f 112 901 111
f 902 111 901
f 788 1578 112
f 901 112 1578
f 114 904 788
f 1578 788 904
f 50 840 114
f 904 114 840
f 49 841 50
f 840 50 841
f 117 909 49
f 841 49 909
f 124 912 117
f 909 117 912
f 123 913 124
f 912 124 913
f 130 918 123
f 913 123 918
f 129 919 130
f 918 130 919
f 94 884 129
f 919 129 884
f 86 876 94
f 884 94 876

