#
# File generated by Libuipc
# Vertices 6291
# Edges 0
# Faces 12432
#
v 0.123676412 -0.00191003084 -0.0171231031
v 0.118123591 -0.00191003084 0.0219583064
v 0.12441285 -0.00191003084 0.162696362
v 0.121856406 -0.00191003084 0.184494823
v 0.112563848 -0.00191003084 0.226339042
v 0.104470588 -0.00191003061 0.249683738
v 0.0934949443 -0.00191003154 0.273453236
v 0.0806042179 -0.00191003352 0.295051575
v 0.118006662 -0.00191003084 0.205006063
v 0.0548798554 -0.00191023597 0.327038407
v 0.0676680207 -0.00190998381 0.31207943
v -0.120228209 -0.00191003096 0.256931454
v -0.118287973 -0.00191003084 0.234375328
v -0.119653776 -0.00191003084 0.201233178
v -0.0980771333 -0.00190955482 0.0104417205
v -0.0948679745 -0.00190759846 -0.00946508348
v -0.118740976 -0.00191003084 0.217221856
v 0.117897391 -0.00191003084 0.100693464
v 0.116557769 -0.00191003084 0.0417873859
v 0.120675661 -0.00191003084 0.00248602033
v 0.121997334 -0.00191003084 0.119538546
v 0.124968804 -0.00191003084 0.140036821
v 0.115676917 -0.00191003084 0.0816457123
v 0.114783324 -0.00191003084 0.0618604273
v -0.0296899229 0.214968413 0.312974989
v 0.013650788 0.21128951 0.294171393
v 0.0251218062 0.204027876 0.2773121
v 0.0308626592 0.195457652 0.261399418
v 0.0323128253 0.18437615 0.246359646
v 0.0462096073 0.0287702382 0.334385693
v 0.0279761851 0.0548541509 0.347913265
v -0.010987157 0.0777822137 0.365009159
v -0.0167656019 0.124079213 0.359585553
v -0.0222228821 0.173246369 0.349037528
v 0.0420883 0.160071 0.318886489
v 0.0499886163 0.122924827 0.320019305
v 0.0572784506 0.0949714705 0.313422173
v 0.0685881525 0.0643666387 0.305910349
v 0.0761989132 0.0313370079 0.300666392
v 0.0471597388 0.160420135 0.292041034
v 0.0595958903 0.130609795 0.292272627
v 0.0732524693 0.101237409 0.28756085
v 0.0848485678 0.0688487664 0.282913744
v 0.0903376937 0.0335899703 0.279385954
v 0.0512486808 0.159488484 0.268897265
v 0.0674617887 0.133775532 0.266909897
v 0.0850982144 0.10459967 0.262290388
v 0.0975583717 0.0717921183 0.258337379
v 0.10225039 0.0355937295 0.255456597
v 0.0539465547 0.155924425 0.247153461
v 0.0739519894 0.134059116 0.242616683
v 0.0943037197 0.106397346 0.237306237
v 0.107120715 0.0740061626 0.233791322
v 0.111131988 0.0371855088 0.231549382
v 0.0818548128 0.13164483 0.199137866
v 0.104916088 0.107428126 0.195837349
v 0.117174044 0.0756480023 0.192541033
v 0.120784044 0.038021341 0.189595431
v 0.0833726451 0.12912713 0.176036835
v 0.106025092 0.10558442 0.174085021
v 0.118677638 0.074309431 0.170954973
v 0.123312213 0.0372277088 0.168081403
v 0.0829808265 0.117994584 0.126466632
v 0.102793038 0.0951881111 0.126289397
v 0.117093921 0.0671298206 0.124757558
v 0.122697487 0.034313187 0.123531699
v 0.0822151974 0.112665012 0.10484454
v 0.100491606 0.0908190459 0.104999363
v 0.112991944 0.065377824 0.104443252
v 0.117724955 0.0346029624 0.10424161
v 0.0816364363 0.109008215 0.0842738301
v 0.0987448022 0.0891328156 0.084776178
v 0.108514152 0.0648460016 0.0848313123
v 0.114172176 0.0348512642 0.0852025896
v 0.0844428092 0.107537046 0.0645871758
v 0.099643372 0.0876764432 0.0647735
v 0.106866658 0.0626209825 0.0648188144
v 0.112936631 0.03352274 0.0654175133
v 0.0885149166 0.10541141 0.0445406586
v 0.101113804 0.0833644196 0.0440025479
v 0.107984297 0.0591256693 0.044413045
v 0.11401011 0.0314029157 0.0452714711
v 0.0897847563 0.102423482 0.0242378265
v 0.102060139 0.0796050057 0.0235331655
v 0.110607326 0.0569319427 0.0243268013
v 0.116100907 0.0297967084 0.025347501
v 0.0893562511 0.103480361 0.00529052317
v 0.104073755 0.0818559676 0.00460521877
v 0.113205098 0.0582771897 0.00487925112
v 0.118192114 0.0303917266 0.00573439896
v 0.0920795128 0.111072078 -0.0128274709
v 0.106114626 0.087695919 -0.014233157
v 0.115236044 0.0620641261 -0.0146409124
v 0.120848358 0.0326479189 -0.013878122
v 0.0941711813 0.118425034 -0.032465674
v 0.107084386 0.0935712457 -0.0342881456
v 0.116473041 0.0668520257 -0.0347228795
v 0.122227013 0.0354689918 -0.0337770954
v 0.0947134942 0.124843135 -0.0519468486
v 0.108676814 0.100186624 -0.0538643375
v 0.11821337 0.0721945912 -0.053884007
v 0.123170577 0.0382628217 -0.052520223
v 0.0204011183 0.168850347 0.222567081
v 0.117026649 0.038017448 0.209850192
v 0.113585733 0.0754708648 0.212074399
v 0.100986473 0.107467949 0.21510461
v 0.0786895379 0.133349359 0.219696581
v 0.0537349582 0.151069149 0.22444737
v -0.00839990284 0.216408476 0.307650566
v 0.0607644916 0.0297123268 0.318139791
v 0.0481392182 0.0599803291 0.327522814
v 0.0338627361 0.0869174004 0.339965791
v 0.0307670031 0.116115466 0.346805245
v 0.0230043437 0.16309163 0.343247771
v 0.124623589 0.0355301835 0.14497304
v 0.118700579 0.0709372982 0.147144079
v 0.104764894 0.100943461 0.149429381
v 0.0830212906 0.123866335 0.150120258
v -0.0336719267 0.231639683 0.282702446
v -0.0352515578 0.25245887 0.24850744
v -0.0296260007 0.314491838 0.170664907
v -0.0135987718 0.377392173 0.107830405
v -0.0104078585 0.392660528 0.0902238935
v -0.00712924358 0.406306028 0.0767291933
v 0.00571543351 0.407487869 0.0746054947
v 0.00373955723 0.39320007 0.0880158991
v 0.00175772572 0.378738791 0.104459465
v -0.0130703254 0.317720562 0.164089262
v -0.0167255159 0.256317616 0.239107192
v -0.0130921705 0.235471979 0.270507812
v 0.0161572807 0.224427477 0.252892017
v 0.0127750551 0.245468587 0.22652024
v 0.0146070737 0.305006087 0.150626093
v 0.0271028318 0.36435926 0.0941403061
v 0.028281752 0.380081356 0.0790841132
v 0.03068096 0.395044774 0.0665235817
v 0.0389710516 0.387023121 0.0587054789
v 0.0353114456 0.372039348 0.0704646856
v 0.0332046971 0.35586229 0.0843294263
v 0.0218364801 0.295585394 0.13994056
v 0.0200583097 0.234281555 0.217357546
v 0.022733856 0.214061439 0.242002964
v 0.0211648401 0.200755775 0.229094356
v 0.019124886 0.22007145 0.203256905
v 0.022121666 0.285870403 0.126811117
v 0.0336986184 0.348369509 0.072721988
v 0.0369034223 0.364923686 0.0601023734
v 0.0417822972 0.380325109 0.0490791947
v 0.0383513756 0.375683457 0.0384228975
v 0.0326037817 0.359443605 0.0489611328
v 0.0285113435 0.342394024 0.0605290234
v 0.0146094291 0.277000368 0.112268746
v 0.00887096487 0.207709357 0.182882369
v 0.00883042254 0.188433647 0.211079746
v 0.0186871197 0.402570009 0.0719435513
v 0.0170017146 0.38770625 0.0851542354
v 0.0159607232 0.372654676 0.101131469
v 0.00225024601 0.312832922 0.158717901
v -0.000227455283 0.252620339 0.23352015
v 0.0038565849 0.231446922 0.262389481
v 0.0380341448 0.42045334 0.0486860275
v 0.0390356518 0.427129179 0.0428648293
v 0.0261459891 0.435707748 0.0450610518
v 0.0245021395 0.428850025 0.0521288514
v 0.0483375527 0.408784062 0.0202829093
v 0.0490232036 0.401501417 0.0233145952
v 0.00736505818 0.451720715 0.0329386443
v -0.0038681603 0.420962095 0.0645407587
v 0.0425594226 0.439984232 0.0335250944
v 0.0346383601 0.409583658 0.0561348945
v 0.053804744 0.426014513 0.0212149769
v 0.0480147824 0.394718647 0.0397075713
v 0.00839299522 0.422368616 0.0626061559
v 0.0183739141 0.453956515 0.0327481925
v 0.0442875102 0.401118219 0.0489742905
v 0.0511791967 0.431425989 0.0288829207
v 0.0451891534 0.390802115 0.0291379243
v 0.0508468449 0.422611326 0.0121911764
v 0.0216126889 0.417507112 0.0606968701
v 0.0301528703 0.448698044 0.0344573259
v -0.0481584109 0.156696156 0.20154807
v -0.0467457809 0.149693251 0.195252657
v 0.0481232479 0.41152972 0.0423100293
v 0.0483350828 0.418297142 0.0375281125
v 0.0513273589 0.412451267 0.0295005143
v 0.0518590622 0.405329943 0.0334924012
v 0.0114320805 0.433712631 0.0526853949
v 0.0139764613 0.440625221 0.0443871766
v -0.000187434489 0.433463335 0.0532626957
v 0.00329805422 0.440464199 0.0438885838
v -0.0751556084 0.204888031 0.297700047
v -0.0851327181 0.196838722 0.276896596
v -0.0885215104 0.18683663 0.253257275
v -0.0863560066 0.173828974 0.229785472
v -0.0734762624 0.0336397439 0.386086076
v -0.0521366261 0.0589587055 0.379719824
v -0.0941511467 0.147271827 0.324520737
v -0.100897513 0.111448564 0.331514835
v -0.099260591 0.0877799988 0.331703663
v -0.103887975 0.0604233034 0.330633372
v -0.108917825 0.0318374187 0.323914737
v -0.0987873226 0.148782045 0.295386702
v -0.105493329 0.11966677 0.298793197
v -0.110976376 0.0926914066 0.297024846
v -0.116136134 0.0635687262 0.293988764
v -0.118260458 0.0374913216 0.28875801
v -0.0966081992 0.14897655 0.266541779
v -0.105780415 0.123372078 0.269305199
v -0.11546766 0.0950790346 0.267481953
v -0.121094339 0.0655641407 0.264183968
v -0.121023215 0.0345670879 0.262424827
v -0.094643943 0.143490419 0.243788064
v -0.10477908 0.121423401 0.245442033
v -0.114783846 0.0955925807 0.243194789
v -0.11983677 0.0668514371 0.239908874
v -0.119420387 0.0356842652 0.238403916
v -0.0868177861 0.131879494 0.20863241
v -0.0985528454 0.115337446 0.207680821
v -0.109118126 0.0928510353 0.204431087
v -0.116214909 0.0670272931 0.203025699
v -0.119062997 0.0369002782 0.203825951
v -0.0950161368 0.112233773 0.186065108
v -0.106078006 0.090842627 0.18300581
v -0.11407838 0.066050522 0.182097465
v -0.117899708 0.0330661051 0.180676579
v -0.0808276013 0.102251925 0.135555685
v -0.0943608508 0.0831674859 0.135536671
v -0.102657475 0.059361387 0.135436743
v -0.106112242 0.0314260721 0.135590434
v -0.072346881 0.0961018801 0.114195228
v -0.0867178813 0.0770629421 0.114524305
v -0.0964510664 0.0540356301 0.113971949
v -0.0988239795 0.0274143405 0.113726765
v -0.0669365749 0.0911438987 0.0934420973
v -0.0838090926 0.0725022778 0.092849046
v -0.0938702449 0.0493624993 0.0921108574
v -0.0943656191 0.023502117 0.0923894495
v -0.0659035668 0.0892612487 0.0721432269
v -0.0841011107 0.0706328675 0.0708219409
v -0.0927697942 0.0466861129 0.0701581836
v -0.0924328491 0.0192721449 0.068380788
v -0.068831116 0.092941992 0.0504341424
v -0.0857545286 0.073303856 0.048423484
v -0.094153516 0.0478333794 0.0472091734
v -0.0960835069 0.0248855408 0.0450057536
v -0.0650729984 0.0937855691 0.029380694
v -0.0809244141 0.0753247365 0.0273040682
v -0.091476731 0.0504206084 0.0260789394
v -0.0964602157 0.0213992205 0.0260760486
v -0.0595296808 0.0961630866 0.0101378411
v -0.0752355084 0.0794177279 0.00902873278
v -0.0870513096 0.0540377162 0.00824637711
v -0.0949589014 0.0291431695 0.00729577243
v -0.061610043 0.107725643 -0.00860877335
v -0.0784386024 0.0902013481 -0.00928384066
v -0.0891334042 0.0607814118 -0.0103741884
v -0.0926983729 0.0256462339 -0.0117814839
v -0.0650043562 0.120941542 -0.0285039693
v -0.0806437954 0.0992951021 -0.0294653475
v -0.0900356695 0.0669821575 -0.0303973481
v -0.0927845836 0.0354716443 -0.0316405818
v -0.0648574308 0.127489015 -0.047744818
v -0.0821679011 0.10484048 -0.0484875366
v -0.096369274 0.0735308379 -0.0478295609
v -0.102645002 0.0319250487 -0.0479385778
v -0.0721867532 0.15799509 0.212662697
v -0.118555598 0.0366648585 0.219701171
v -0.0948438272 -0.00191003201 0.0876797289
v -0.099042654 -0.00191003107 0.112909406
v -0.117998779 0.0674108788 0.220183849
v -0.112248436 0.0948167443 0.22280553
v -0.101990812 0.118573986 0.225766003
v -0.0909137279 0.137222007 0.225679547
v -0.0527762771 0.211323783 0.309969425
v -0.0927451849 0.0274014827 0.362997383
v -0.0844151825 0.0582343005 0.362997144
v -0.0719198585 0.0833192021 0.360203475
v -0.0691616982 0.110650338 0.354827911
v -0.0662134886 0.155360028 0.344362736
v -0.112333834 0.0384866931 0.154930979
v -0.109545887 0.0636211932 0.157537639
v -0.10182257 0.0880985409 0.158099771
v -0.0893219635 0.107957028 0.160287648
v -0.0169457141 0.407773405 0.0710829645
v -0.0215390604 0.393621027 0.0835045129
v -0.0260424558 0.378011197 0.0998851657
v -0.0422151834 0.315124303 0.165545881
v -0.0528414249 0.254048288 0.241571814
v -0.0551003031 0.232726023 0.273268521
v -0.0821044967 0.218685791 0.24758625
v -0.0783392712 0.239864632 0.222112358
v -0.0609088838 0.298108518 0.149182171
v -0.0422381945 0.364349008 0.0813328773
v -0.0355602168 0.383145303 0.0664836466
v -0.0296744909 0.399276048 0.0557167828
v -0.0307049081 0.393531829 0.0439857394
v -0.0363974273 0.376500964 0.0546376109
v -0.0436160974 0.356441051 0.0684087425
v -0.0646609217 0.286198437 0.133537203
v -0.0840287805 0.226146638 0.203492731
v -0.0879243091 0.20563139 0.228678346
v -0.0871045664 0.193170235 0.20906806
v -0.0813914314 0.210586324 0.182188451
v -0.0614791438 0.276164442 0.116922379
v -0.0391908102 0.34943679 0.0560505986
v -0.032096941 0.369854897 0.0429676622
v -0.0269065108 0.387385041 0.0315745771
v -0.00277164904 0.376151055 0.0174161196
v -0.0083226813 0.359091431 0.0297922194
v -0.0144580826 0.33999911 0.0419480354
v -0.0363487788 0.267264634 0.0956380963
v -0.049674429 0.196755588 0.154663265
v -0.054445304 0.171365231 0.186141789
v -0.0248104371 0.40419355 0.0649446994
v -0.0303012468 0.389128089 0.0764820725
v -0.036001429 0.372045904 0.0922721475
v -0.0530048311 0.308134258 0.159965724
v -0.0673383549 0.248623222 0.234979749
v -0.0710284039 0.227126047 0.263530016
v -0.0210100058 0.429663092 0.035442546
v -0.0159116965 0.438006073 0.0275664777
v -0.0108987791 0.440305382 0.0347712189
v -0.0156078488 0.43260932 0.0437091738
v 0.0115416711 0.414387703 -0.00262467563
v 0.00894959643 0.404894739 -0.00241699815
v -0.0101628182 0.451950103 0.0158758461
v -0.0251557976 0.415883154 0.0455123633
v -0.00805965904 0.44250226 -0.00370036066
v -0.0231235176 0.404633284 0.0189095587
v -0.012661553 0.422594577 0.0595101416
v 0.000809697493 0.455411345 0.0263486207
v -0.0268432293 0.410695493 0.0329542011
v -0.0119841611 0.448051006 0.006194368
v 0.00343153602 0.392253608 0.00485576689
v 0.0146495579 0.429442555 -0.00848162174
v -0.0200573802 0.419835001 0.0542369485
v -0.00544938585 0.454202026 0.0222400576
v -0.0229220595 0.424905956 0.0225308686
v -0.0175269544 0.433994323 0.0161889195
v -0.0130255064 0.428139716 0.00437311828
v -0.0184804797 0.418792337 0.00853422284
v -0.00835955981 0.434369832 0.0484316796
v -0.00418871501 0.441518396 0.0389004946
v -0.00725466758 0.166230902 0.204626322
v -0.0279200971 0.15978165 0.197840482
v -0.0194369964 0.146510482 0.16966626
v -0.000292992452 0.145979166 0.168003201
v -0.0127244536 0.132155687 0.11842078
v 0.00755934138 0.135289595 0.12314263
v -0.00994900521 0.127833217 0.0990768075
v 0.00982025173 0.130971208 0.102634072
v -0.00781419594 0.127075166 0.0798639357
v 0.010986466 0.130060181 0.0828352273
v -0.00533752376 0.125835717 0.0607338548
v 0.0132283559 0.129849091 0.0633307248
v -0.00339137344 0.12257129 0.0419552028
v 0.0155726988 0.12688078 0.0444668382
v -0.0015288638 0.121750139 0.023654148
v 0.0168974344 0.124326929 0.0261765122
v 0.00112591602 0.125795931 0.00556100905
v 0.0189823806 0.126210019 0.00821307302
v 0.0037236677 0.135602579 -0.0126825869
v 0.0223311745 0.134071618 -0.00985179842
v 0.00656778365 0.147150502 -0.0314380303
v 0.0263314974 0.145357653 -0.0281282738
v 0.0101948511 0.155131564 -0.050583899
v 0.0305880886 0.154512629 -0.0465617329
v 0.00313203875 0.141554222 0.14737156
v -0.0171636287 0.139480039 0.141140342
v 0.0303726401 0.37646699 0.0258125216
v 0.0140724471 0.37308234 0.0199014843
v 0.00775509328 0.356238097 0.0314409137
v 0.0235337447 0.359734327 0.0364630073
v 0.00225883396 0.338073403 0.0429386348
v 0.0185540617 0.342327982 0.0474663079
v -0.0176219437 0.266511917 0.0934593976
v 0.0019463948 0.274864465 0.0956524909
v -0.0288223866 0.198091358 0.154556096
v -0.00785167422 0.205425784 0.158733606
v -0.00941638462 0.184676155 0.187723696
v -0.0302125104 0.175461829 0.183082491
v 0.026309384 0.400316328 0.0031760484
v 0.0406202413 0.400910169 0.0124049932
v 0.0399953052 0.409018457 0.0105638355
v 0.0270077866 0.409191519 0.00282600522
v 0.0213931147 0.38875708 0.00903834403
v 0.0375572406 0.391288608 0.0166596919
v 0.0434850119 0.425774038 0.000486150384
v 0.029294407 0.423903078 -0.00388902426
v -0.00252343086 0.421163261 -0.0025010705
v -0.00702786446 0.411719501 -0.000743374228
v 0.00168774696 0.435997725 -0.00886371732
v -0.0513574481 0.270366132 0.103997827
v -0.0125800772 0.398165733 0.00827546418
v -0.0291018989 0.343886822 0.046647802
v -0.0224253051 0.363875806 0.0339406878
v -0.0768795013 0.178300679 0.195607692
v -0.0173685979 0.381367415 0.0216660649
v -0.0686867908 0.20000571 0.164266467
v -0.026671594 0.151642486 0.192549556
v -0.00271512335 0.1521312 0.191397727
v -0.0831560418 0.127649575 0.186749458
v -0.0431700461 0.144312054 0.172984123
v -0.0332861505 0.129096046 0.121747017
v -0.0684254691 0.11476659 0.133161455
v -0.0280484259 0.123927027 0.102119178
v -0.0598532856 0.108420946 0.111302614
v -0.023957124 0.121644951 0.0831717402
v -0.0536413789 0.103930615 0.0913328975
v -0.0211288445 0.120030895 0.0641669333
v -0.0511619709 0.102348827 0.0712806731
v -0.0192800555 0.118204571 0.0452269763
v -0.0515437126 0.104081526 0.0508268028
v -0.0172337051 0.118436538 0.026399523
v -0.0494311564 0.105332129 0.0303503275
v -0.0150182396 0.122471713 0.00777086616
v -0.045322977 0.10734643 0.0106626153
v -0.0139397476 0.131284237 -0.0107993335
v -0.0453678668 0.11646843 -0.00850324333
v -0.0133428099 0.142349482 -0.0298314467
v -0.0476121977 0.129762575 -0.0279318169
v -0.011300941 0.150246248 -0.0490132645
v -0.0477400199 0.139419943 -0.0468960777
v -0.039264217 0.136801258 0.145710617
v -0.0772789493 0.121849179 0.159560651
v 0.0228130072 0.152326748 0.199505389
v 0.0571124218 0.145435557 0.204788625
v 0.0183941685 0.145007074 0.170424849
v 0.0548565276 0.142188683 0.18279171
v 0.0580146313 0.13131462 0.129638314
v 0.0274550226 0.133878842 0.117074549
v 0.059830308 0.126990944 0.107679188
v 0.0294011384 0.131060109 0.0964464545
v 0.0608991757 0.123655409 0.0870399624
v 0.0313294865 0.129876226 0.0763594955
v 0.0630674958 0.121279888 0.0673442036
v 0.0339956842 0.128749311 0.0571345836
v 0.0661675408 0.119709313 0.048102051
v 0.0359692983 0.126585811 0.0383830965
v 0.0685079321 0.1182843 0.0287979245
v 0.0368678048 0.124896809 0.01988931
v 0.0690355003 0.118812978 0.00990900397
v 0.0387178212 0.12789236 0.00161004066
v 0.0712148473 0.125229046 -0.0082808435
v 0.0424113907 0.13676469 -0.0165801048
v 0.0750076696 0.134303793 -0.0270969197
v 0.046634689 0.146723032 -0.0347934142
v 0.0768531784 0.141247675 -0.0460688546
v 0.0499408804 0.155178413 -0.0526018664
v 0.0558843389 0.136858284 0.155312389
v 0.0241729114 0.13881813 0.14100197
v -0.066765435 0.145921096 0.202661663
v -0.0627237558 0.139883503 0.180369079
v -0.0271944553 0.146060571 -0.0471919551
v -0.0281159561 0.136987135 -0.0283037722
v -0.0274240766 0.125646338 -0.0092600137
v -0.0279658567 0.117684022 0.00963094831
v -0.0302230753 0.114284456 0.0287760049
v -0.0322168879 0.113421552 0.04817608
v -0.0338062868 0.114030458 0.0674977899
v -0.0368661694 0.115611516 0.0866432339
v -0.0423006564 0.119113222 0.105765522
v -0.0494558625 0.125155002 0.126439691
v -0.0573163405 0.132819265 0.15230149
v 0.10047812 0.145265579 -0.144275889
v 0.11761421 0.116864704 -0.14518553
v 0.128708839 0.0816055015 -0.143419504
v 0.132211372 0.0401359983 -0.141308084
v -0.069787778 0.130494311 -0.137059435
v -0.0912651271 0.105930343 -0.138379917
v -0.104453303 0.0746716931 -0.138909742
v -0.110107176 0.0360176973 -0.137821063
v 0.0415305719 0.176684886 -0.137063488
v 0.0180105511 0.174887359 -0.136789978
v -0.00952557754 0.165780187 -0.137260407
v -0.048397623 0.146699488 -0.136938319
v 0.0794512853 0.163446009 -0.141310766
v 0.0560720749 0.17391862 -0.137996852
v -0.0276349522 0.158323169 -0.137440324
v 0.099112533 0.141881183 -0.0960646421
v 0.0976678282 0.142664209 -0.129662007
v 0.0992326736 0.139921397 -0.101108655
v 0.0952161402 0.142778188 -0.106332615
v 0.114738546 0.115328245 -0.130943701
v 0.11704202 0.115082778 -0.0976872668
v 0.114241377 0.114166372 -0.107075214
v 0.115877129 0.114714444 -0.101843342
v 0.125430942 0.0816324279 -0.12925832
v 0.126779005 0.082517229 -0.0964049995
v 0.124449126 0.0809580237 -0.105797477
v 0.125798345 0.0817668587 -0.100617096
v 0.129464731 0.0413109325 -0.094313018
v 0.128667846 0.0409774259 -0.126944035
v 0.12821959 0.0385057293 -0.0988699645
v 0.126722604 0.0445663743 -0.104722202
v -0.0686646476 0.128952309 -0.122738145
v -0.0725395381 0.128421634 -0.0889819562
v -0.0673227832 0.128787324 -0.0988242626
v -0.0687476173 0.129719511 -0.0933113992
v -0.0925233886 0.104357265 -0.0912370309
v -0.0892092139 0.105412081 -0.124162741
v -0.0880329236 0.108066835 -0.0958893746
v -0.0893001407 0.103300929 -0.101944759
v -0.103776574 0.0696090311 -0.091748476
v -0.102126576 0.0738344043 -0.124936335
v -0.101149261 0.0762585625 -0.0969258994
v -0.101291537 0.0712425932 -0.102707148
v -0.107790567 0.0355352201 -0.123866118
v -0.10838902 0.0318996534 -0.091636464
v -0.106452085 0.036138501 -0.100372225
v -0.107521549 0.0351696238 -0.0951381624
v 0.0406787097 0.173887357 -0.122350663
v 0.0415657423 0.172119662 -0.0904211849
v 0.0419917256 0.170936272 -0.0989269167
v 0.0405605361 0.171454519 -0.0946935639
v 0.0166122355 0.167042241 -0.0912463814
v 0.0175237786 0.171277389 -0.122288607
v 0.0187527165 0.166604653 -0.095718056
v 0.0168708973 0.16578041 -0.100284338
v -0.00937565137 0.162102938 -0.122932404
v -0.0120095387 0.157593086 -0.0900747329
v -0.00755383819 0.157394215 -0.0995535478
v -0.00862436928 0.157836244 -0.0943658203
v -0.0471308418 0.144609854 -0.122688532
v -0.0498599187 0.143384352 -0.0882559419
v -0.0456392132 0.143122032 -0.0986731648
v -0.0467135459 0.14392215 -0.0930574685
v 0.0773785487 0.160801128 -0.126286775
v 0.0768958554 0.161709294 -0.0917118192
v 0.0776687413 0.15920946 -0.102148123
v 0.078075543 0.160388216 -0.096832782
v 0.0553624332 0.171612263 -0.091342926
v 0.0548370667 0.171442732 -0.123070046
v 0.0568013452 0.170269206 -0.0951070338
v 0.0551310293 0.169555902 -0.100410357
v -0.0273682829 0.152611732 -0.0894228816
v -0.0267302543 0.155225798 -0.123220704
v -0.0247578472 0.152280867 -0.0948857889
v -0.0261018928 0.150912315 -0.100767046
v 0.0957771242 0.132220864 -0.0695150867
v 0.0981003419 0.13950482 -0.0849529058
v 0.115907148 0.1136382 -0.0869241655
v 0.112155847 0.107516423 -0.0713649541
v 0.125605285 0.0816651508 -0.0858735442
v 0.121590219 0.0775053427 -0.0707693696
v 0.125452191 0.04064174 -0.0691524595
v 0.128734931 0.0421165749 -0.0840927139
v -0.0626395121 0.1355059 -0.0774070695
v -0.0698612407 0.127256259 -0.0637447909
v -0.0910386518 0.105052136 -0.0650039837
v -0.0858875141 0.11644315 -0.0793082491
v -0.104656771 0.0709216371 -0.0647531077
v -0.101763859 0.086459361 -0.0805963352
v -0.105575167 0.0321211144 -0.0660475567
v -0.106372572 0.0409438722 -0.0808014572
v 0.0414308421 0.169488862 -0.0801148042
v 0.0334903486 0.162522852 -0.066096954
v 0.00919868331 0.158973917 -0.067889072
v 0.0222738814 0.167141929 -0.0819652155
v -0.0421755314 0.14624773 -0.0772687495
v -0.0495982952 0.141002312 -0.0631091595
v -0.0033044992 0.159372643 -0.0807678699
v -0.0127315102 0.153227583 -0.0657641068
v 0.0507075302 0.16330488 -0.0682235137
v 0.0558115207 0.168806106 -0.0816541016
v 0.0797376782 0.155584767 -0.0809112638
v 0.0754933283 0.150374547 -0.0653730407
v -0.0278074183 0.149603501 -0.0639104024
v -0.022013573 0.15342173 -0.0789322704
v 0.0973962992 0.140534118 -0.142007858
v 0.113337591 0.113498367 -0.142947733
v 0.124148212 0.0801034123 -0.141645044
v 0.127832338 0.0403095298 -0.139757708
v -0.0672912672 0.126101762 -0.135332063
v -0.0874336511 0.102442317 -0.136595175
v -0.100167073 0.0720667839 -0.1371416
v -0.105897389 0.0339253359 -0.136024937
v 0.0404882394 0.17149353 -0.135211349
v 0.0179340038 0.169552028 -0.135022849
v -0.00910044461 0.16061379 -0.13546674
v -0.0461833775 0.142442152 -0.135149807
v 0.0770961791 0.158978552 -0.139065653
v 0.0542504191 0.16912429 -0.135993585
v -0.0262982082 0.153430387 -0.135548994
v 0.0914080963 0.13481237 -0.118685104
v 0.107540093 0.108388364 -0.120542705
v 0.118336894 0.0781747699 -0.118882701
v 0.119821705 0.0382467695 -0.116951503
v -0.0637375042 0.123049162 -0.1119515
v -0.0833527073 0.100489974 -0.114188299
v -0.0951183066 0.0710763708 -0.115156308
v -0.1003711 0.0327667706 -0.113485098
v 0.0372737013 0.163033977 -0.112129904
v 0.0168360993 0.161113963 -0.112121902
v -0.00960790273 0.151091561 -0.112997904
v -0.0425095037 0.137485966 -0.112001106
v 0.0721497014 0.151513174 -0.115328304
v 0.0502385013 0.16082117 -0.112749904
v -0.0242791027 0.14581798 -0.1128387
v 0.0415118225 0.174609646 -0.140835702
v 0.0418186747 0.176456377 -0.141087368
v 0.0568137541 0.17328985 -0.142289937
v 0.0544777885 0.171799988 -0.141265973
v -0.0474824496 0.144906819 -0.140508786
v -0.0483259372 0.146461129 -0.140730694
v -0.0267342068 0.158241242 -0.141440794
v -0.027984241 0.155380771 -0.140659139
v 0.0993963182 0.143657133 -0.147698447
v 0.100624502 0.145287558 -0.148094475
v 0.118347488 0.11466042 -0.149053603
v 0.114571743 0.117763735 -0.148260027
v 0.0178862456 0.172716245 -0.140581399
v 0.0180612523 0.174695849 -0.140779004
v 0.128900006 0.0793478563 -0.147346541
v 0.126049906 0.0844528601 -0.146963313
v -0.00807651039 0.165965706 -0.141334563
v -0.0116171613 0.162318736 -0.140668198
v 0.132420287 0.0379966348 -0.145416915
v 0.13026844 0.0443410687 -0.144993573
v -0.0704618394 0.127178654 -0.140916646
v -0.0681234002 0.131878421 -0.140601143
v -0.109658897 0.037833821 -0.141807258
v -0.108340085 0.0314685069 -0.140930146
v -0.0896042511 0.10421212 -0.141963899
v -0.0909008682 0.10570699 -0.142248079
v 0.0807304978 0.162452877 -0.145633474
v 0.0767750964 0.162526444 -0.144236743
v -0.102906816 0.0728781596 -0.142435089
v -0.104450241 0.0740984306 -0.142657042
v 0.0251686182 0.473654747 0.0160813779
v 0.0365032405 0.469190508 0.018382147
v 0.0489400327 0.461915433 0.018066898
v 0.000493596366 0.473619014 0.00336048007
v 0.00650103576 0.475362241 0.0081769377
v 0.0574331097 0.454655886 0.0134561509
v -0.00377181172 0.470674127 -0.00248087943
v 0.049226284 0.447114646 -0.0137865245
v 0.0368069969 0.445310831 -0.0174109191
v 0.0596953593 0.449407727 0.00571663678
v -0.00447331229 0.466252804 -0.0101993531
v 0.0562315993 0.446048111 -0.00396518409
v 0.000594807731 0.460843593 -0.0173690319
v 0.0142414216 0.473628432 0.0140360445
v 0.0108212112 0.455296785 -0.0210372657
v 0.0229263101 0.449597925 -0.0208048671
v -0.0242708083 0.337911487 0.147781581
v -0.0153114032 0.359891653 0.127867103
v -0.00675112847 0.339439154 0.144848675
v -0.00119467429 0.361046225 0.124762416
v 0.0248768013 0.346978396 0.112387449
v 0.0198902432 0.327034235 0.131907016
v 0.0260141101 0.317920297 0.120669991
v 0.030560011 0.337956578 0.101270199
v 0.0303405654 0.329848319 0.0881458372
v 0.025737375 0.308834285 0.10691908
v 0.024256913 0.32328698 0.0745088458
v 0.0190811139 0.301007181 0.092124477
v 0.00828385539 0.334733248 0.140113801
v 0.0136388214 0.355484813 0.120480657
v -0.0389078781 0.334991843 0.142932862
v -0.0279803611 0.359400541 0.122413635
v -0.0568082593 0.315964848 0.122825682
v -0.0479010902 0.343206912 0.104826272
v -0.0515111573 0.333559811 0.0908676237
v -0.0588485003 0.305309832 0.107124895
v -0.0536984988 0.297803193 0.0923803002
v -0.048638206 0.325694472 0.0766769499
v -0.0260454416 0.291429907 0.0745739043
v -0.0249870773 0.3175942 0.0581509024
v -0.0396490842 0.352517933 0.115602553
v -0.0494851135 0.326669902 0.135291338
v -0.00762771536 0.316674918 0.0564296544
v -0.00717254635 0.292089373 0.0745120198
v 0.00917040091 0.298703134 0.0787960142
v 0.0115694478 0.320355684 0.0612171739
v -0.0393544249 0.32049489 0.0652913898
v -0.0422705971 0.293583542 0.0812357068
v -0.0354289562 0.276208043 0.216424406
v -0.030759789 0.296482623 0.191218853
v -0.0173550826 0.27775833 0.210470051
v -0.0166044962 0.297867179 0.185444444
v 0.0120744919 0.28407526 0.171381533
v 0.011897224 0.265145123 0.197240889
v 0.0200964641 0.253096968 0.18710044
v 0.0203007497 0.27295661 0.160541058
v 0.0210855305 0.261638701 0.146848887
v 0.0203623027 0.239304483 0.172377467
v 0.0126050655 0.252493531 0.131934196
v 0.0110694095 0.228628144 0.154172897
v -0.00136278779 0.27338621 0.204741478
v -0.00101345358 0.292788535 0.179549217
v -0.0519320257 0.27423352 0.213442087
v -0.0434414931 0.296225637 0.188777983
v -0.0724801868 0.257569939 0.194027752
v -0.0636008829 0.281176001 0.175436258
v -0.0686360821 0.269383937 0.160211533
v -0.0758334771 0.244018003 0.174923509
v -0.0713326707 0.231564969 0.154559612
v -0.0675708726 0.257440478 0.141937733
v -0.0415701568 0.221108526 0.131916374
v -0.0442403629 0.245036826 0.116542727
v -0.0549576283 0.29022482 0.184845775
v -0.0638798997 0.267639607 0.207061768
v -0.026304394 0.243597642 0.113191098
v -0.0217917934 0.221157491 0.132797807
v -0.00311272126 0.226125091 0.137982666
v -0.00461658696 0.248079792 0.117208153
v -0.058822345 0.24916479 0.126312822
v -0.0588964634 0.224179089 0.139394283
v 0.0251335818 0.471127987 0.0133643895
v 0.0351070724 0.468310595 0.0147415847
v 0.0459334999 0.462628156 0.0140132904
v 0.00533734309 0.470940977 0.00304329395
v 0.0105340704 0.472202003 0.00722914934
v 0.0530304685 0.457063854 0.0100829899
v 0.00176683813 0.468842447 -0.0017118305
v 0.0441058241 0.447853804 -0.0118863136
v 0.0324948281 0.449307948 -0.0162961185
v -0.0296899267 -0.218788475 0.312974989
v 0.0136507889 -0.215109572 0.294171393
v 0.0251218062 -0.207847938 0.2773121
v 0.0308626574 -0.199277714 0.261399418
v 0.0323128253 -0.188196212 0.246359646
v 0.0462094434 -0.0325911269 0.334385842
v 0.0279759802 -0.0586746149 0.347913384
v -0.0109871291 -0.0816020146 0.36500904
v -0.0167657025 -0.127899408 0.359585613
v -0.0222228728 -0.177066401 0.349037468
v 0.0420883112 -0.163891032 0.318886489
v 0.0499886088 -0.126744896 0.320019305
v 0.0572784506 -0.0987915024 0.313422173
v 0.0685881674 -0.0681866333 0.305910349
v 0.0761989206 -0.035157036 0.300666392
v 0.0471597463 -0.164240181 0.292041034
v 0.0595959015 -0.134429842 0.292272627
v 0.0732524842 -0.105057456 0.28756085
v 0.0848485678 -0.0726688355 0.282913744
v 0.0903376937 -0.0374100469 0.279385954
v 0.0512486808 -0.163308546 0.268897265
v 0.0674617887 -0.137595594 0.266909897
v 0.0850982144 -0.108419739 0.262290388
v 0.0975583717 -0.0756121874 0.258337379
v 0.10225039 -0.0394137911 0.255456597
v 0.0539465547 -0.159744486 0.247153461
v 0.0739519894 -0.137879178 0.242616683
v 0.0943037197 -0.110217392 0.237306237
v 0.107120715 -0.0778262243 0.233791322
v 0.111131988 -0.0410055704 0.231549382
v 0.0818548128 -0.135464892 0.199137866
v 0.104916088 -0.111248188 0.195837349
v 0.117174044 -0.079468064 0.192541033
v 0.120784044 -0.0418414026 0.189595431
v 0.0833726451 -0.132947192 0.176036835
v 0.106025092 -0.109404482 0.174085021
v 0.118677638 -0.0781294927 0.170954973
v 0.123312213 -0.0410477705 0.168081403
v 0.0829808265 -0.121814646 0.126466632
v 0.102793038 -0.0990081728 0.126289397
v 0.117093921 -0.0709498823 0.124757558
v 0.122697487 -0.0381332487 0.123531699
v 0.0822151974 -0.116485074 0.10484454
v 0.100491606 -0.0946391076 0.104999363
v 0.112991944 -0.0691978857 0.104443252
v 0.117724955 -0.0384230241 0.10424161
v 0.0816364363 -0.112828277 0.0842738301
v 0.0987448022 -0.0929528773 0.084776178
v 0.108514152 -0.0686660632 0.0848313123
v 0.114172176 -0.0386713259 0.0852025896
v 0.0844428092 -0.111357108 0.0645871758
v 0.099643372 -0.0914965048 0.0647735
v 0.106866658 -0.0664410442 0.0648188144
v 0.112936631 -0.0373428017 0.0654175133
v 0.0885149166 -0.109231472 0.0445406586
v 0.101113804 -0.0871844813 0.0440025479
v 0.107984297 -0.062945731 0.044413045
v 0.11401011 -0.0352229774 0.0452714711
v 0.0897847563 -0.106243543 0.0242378265
v 0.102060139 -0.0834250674 0.0235331655
v 0.110607326 -0.0607520044 0.0243268013
v 0.116100907 -0.0336167701 0.025347501
v 0.0893562511 -0.107300423 0.00529052317
v 0.104073755 -0.0856760293 0.00460521877
v 0.113205098 -0.0620972514 0.00487925112
v 0.118192114 -0.0342117883 0.00573439896
v 0.0920795128 -0.11489214 -0.0128274709
v 0.106114626 -0.0915159807 -0.014233157
v 0.115236044 -0.0658841878 -0.0146409124
v 0.120848358 -0.0364679806 -0.013878122
v 0.0941711813 -0.122245096 -0.032465674
v 0.107084386 -0.0973913074 -0.0342881456
v 0.116473041 -0.0706720874 -0.0347228795
v 0.122227013 -0.0392890535 -0.0337770954
v 0.0947134942 -0.128663197 -0.0519468486
v 0.108676814 -0.104006685 -0.0538643375
v 0.11821337 -0.0760146528 -0.053884007
v 0.123170577 -0.0420828834 -0.052520223
v 0.0204011183 -0.172670409 0.222567081
v 0.117026649 -0.0418375097 0.209850192
v 0.113585733 -0.0792909265 0.212074399
v 0.100986473 -0.111288011 0.21510461
v 0.0786895379 -0.137169421 0.219696581
v 0.0537349582 -0.154889211 0.22444737
v -0.00839990191 -0.220228538 0.307650566
v 0.0607644804 -0.0335323922 0.318139791
v 0.0481391065 -0.0638006628 0.327522904
v 0.0338625386 -0.0907378048 0.33996594
v 0.0307668932 -0.119935684 0.346805334
v 0.0230043437 -0.166911691 0.343247771
v 0.124623589 -0.0393502451 0.14497304
v 0.118700579 -0.0747573599 0.147144079
v 0.104764894 -0.104763523 0.149429381
v 0.0830212906 -0.127686396 0.150120258
v -0.0336719267 -0.235459745 0.282702446
v -0.0352515541 -0.256278932 0.24850744
v -0.0296260007 -0.3183119 0.170664907
v -0.0135987718 -0.381212234 0.107830405
v -0.0104078585 -0.39648059 0.0902238935
v -0.00712924358 -0.41012609 0.0767291933
v 0.00571543351 -0.411307931 0.0746054947
v 0.00373955723 -0.397020131 0.0880158991
v 0.00175772572 -0.382558852 0.104459465
v -0.0130703254 -0.321540624 0.164089262
v -0.0167255159 -0.260137677 0.239107192
v -0.0130921723 -0.23929204 0.270507812
v 0.0161572807 -0.228247538 0.252892017
v 0.0127750551 -0.249288648 0.22652024
v 0.0146070737 -0.308826149 0.150626093
v 0.0271028318 -0.368179321 0.0941403061
v 0.028281752 -0.383901417 0.0790841132
v 0.03068096 -0.398864836 0.0665235817
v 0.0389710516 -0.390843183 0.0587054789
v 0.0353114456 -0.37585941 0.0704646856
v 0.0332046971 -0.359682351 0.0843294263
v 0.0218364801 -0.299405456 0.13994056
v 0.0200583097 -0.238101617 0.217357546
v 0.022733856 -0.217881501 0.242002964
v 0.0211648401 -0.204575837 0.229094356
v 0.019124886 -0.223891512 0.203256905
v 0.022121666 -0.289690465 0.126811117
v 0.0336986184 -0.352189571 0.072721988
v 0.0369034223 -0.368743747 0.0601023734
v 0.0417822972 -0.38414517 0.0490791947
v 0.0383513756 -0.379503518 0.0384228975
v 0.0326037817 -0.363263667 0.0489611328
v 0.0285113435 -0.346214086 0.0605290234
v 0.0146094291 -0.280820429 0.112268746
v 0.00887096487 -0.211529419 0.182882369
v 0.00883042254 -0.192253709 0.211079746
v 0.0186871197 -0.406390071 0.0719435513
v 0.0170017146 -0.391526312 0.0851542354
v 0.0159607232 -0.376474738 0.101131469
v 0.00225024601 -0.316652983 0.158717901
v -0.00022745505 -0.256440401 0.23352015
v 0.0038565842 -0.235266984 0.262389481
v 0.0380341448 -0.424273401 0.0486860275
v 0.0390356518 -0.430949241 0.0428648293
v 0.0261459891 -0.43952781 0.0450610518
v 0.0245021395 -0.432670087 0.0521288514
v 0.0483375527 -0.412604123 0.0202829093
v 0.0490232036 -0.405321479 0.0233145952
v 0.00736505818 -0.455540776 0.0329386443
v -0.0038681603 -0.424782157 0.0645407587
v 0.0425594226 -0.443804294 0.0335250944
v 0.0346383601 -0.41340372 0.0561348945
v 0.053804744 -0.429834574 0.0212149769
v 0.0480147824 -0.398538709 0.0397075713
v 0.00839299522 -0.426188678 0.0626061559
v 0.0183739141 -0.457776576 0.0327481925
v 0.0442875102 -0.404938281 0.0489742905
v 0.0511791967 -0.43524605 0.0288829207
v 0.0451891534 -0.394622177 0.0291379243
v 0.0508468449 -0.426431388 0.0121911764
v 0.0216126889 -0.421327174 0.0606968701
v 0.0301528703 -0.452518106 0.0344573259
v -0.0481584109 -0.160516217 0.20154807
v -0.0467457809 -0.153513312 0.195252657
v 0.0481232479 -0.415349782 0.0423100293
v 0.0483350828 -0.422117203 0.0375281125
v 0.0513273589 -0.416271329 0.0295005143
v 0.0518590622 -0.409150004 0.0334924012
v 0.0114320805 -0.437532693 0.0526853949
v 0.0139764613 -0.444445282 0.0443871766
v -0.000187434489 -0.437283397 0.0532626957
v 0.00329805422 -0.44428426 0.0438885838
v -0.0751556084 -0.208708093 0.297700047
v -0.0851327255 -0.200658783 0.276896596
v -0.0885215104 -0.190656692 0.253257275
v -0.0863560066 -0.177649036 0.229785472
v -0.0734747574 -0.0374593176 0.386085302
v -0.052135814 -0.0627778918 0.379719347
v -0.0941511244 -0.151091859 0.324520737
v -0.100897543 -0.115268648 0.331514835
v -0.09926074 -0.0916001424 0.331703722
v -0.103888117 -0.0642433912 0.330633402
v -0.10891787 -0.0356574692 0.323914737
v -0.0987873003 -0.152602077 0.295386672
v -0.105493285 -0.123486795 0.298793137
v -0.110976331 -0.0965114385 0.297024786
v -0.116136111 -0.067388773 0.293988764
v -0.118260443 -0.0413113832 0.28875801
v -0.0966081992 -0.152796611 0.266541779
v -0.1057804 -0.12719214 0.269305199
v -0.115467645 -0.0988990963 0.267481953
v -0.121094339 -0.0693842024 0.264183968
v -0.121023215 -0.0383871496 0.262424827
v -0.0946439505 -0.14731048 0.243788064
v -0.10477908 -0.125243455 0.245442033
v -0.114783861 -0.0994126424 0.243194789
v -0.11983677 -0.0706714988 0.239908844
v -0.119420387 -0.0395043269 0.238403916
v -0.0868177861 -0.135699555 0.20863241
v -0.0985528454 -0.119157508 0.207680821
v -0.109118126 -0.096671097 0.204431087
v -0.116214909 -0.0708473548 0.203025699
v -0.119062997 -0.0407203399 0.203825951
v -0.0950161368 -0.116053835 0.186065108
v -0.106078006 -0.0946626887 0.18300581
v -0.11407838 -0.0698705837 0.182097465
v -0.117899708 -0.0368861668 0.180676579
v -0.0808276013 -0.106071986 0.135555685
v -0.0943608508 -0.0869875476 0.135536671
v -0.102657475 -0.063181445 0.135436743
v -0.106112242 -0.0352461338 0.135590434
v -0.072346881 -0.0999219418 0.114195228
v -0.0867178813 -0.0808830038 0.114524305
v -0.0964510664 -0.0578556918 0.113971949
v -0.0988239795 -0.0312344022 0.113726765
v -0.0669365749 -0.0949639603 0.0934420973
v -0.0838090926 -0.0763223395 0.092849046
v -0.0938702449 -0.053182561 0.0921108574
v -0.0943656191 -0.0273221824 0.0923894495
v -0.0659035668 -0.0930813104 0.0721432269
v -0.0841011107 -0.0744529292 0.0708219409
v -0.0927697942 -0.050506182 0.0701581836
v -0.0924328491 -0.0230921898 0.068380788
v -0.068831116 -0.0967620611 0.0504341424
v -0.0857545286 -0.0771239251 0.048423484
v -0.094153516 -0.051653415 0.0472091734
v -0.0960835069 -0.0287055913 0.0450057536
v -0.0650730059 -0.0976056308 0.029380694
v -0.0809244141 -0.0791447684 0.0273040682
v -0.091476731 -0.0542407148 0.0260789543
v -0.0964602157 -0.0252195131 0.0260760635
v -0.0595296808 -0.0999831185 0.0101378411
v -0.0752355084 -0.0832378715 0.00902876258
v -0.0870513171 -0.057858061 0.00824642181
v -0.0949589238 -0.0329629667 0.00729572773
v -0.061610043 -0.111545794 -0.00860874355
v -0.0784386173 -0.0940215588 -0.00928382576
v -0.0891334638 -0.0646005124 -0.0103744119
v -0.0926984176 -0.0294620674 -0.0117818564
v -0.0650043786 -0.124761678 -0.0285039693
v -0.0806438997 -0.103114031 -0.0294657871
v -0.0900356919 -0.0707982183 -0.0303982049
v -0.0927838311 -0.0392933339 -0.0316398814
v -0.0648575425 -0.131308302 -0.0477452949
v -0.082167767 -0.108658515 -0.0484884083
v -0.0963665918 -0.0773685798 -0.0478234962
v -0.102640823 -0.0358665213 -0.0479205027
v -0.0721867532 -0.161815152 0.212662697
v -0.118555598 -0.0404849201 0.219701171
v -0.117998779 -0.0712309405 0.220183849
v -0.112248436 -0.098636806 0.22280553
v -0.101990812 -0.122394048 0.225766003
v -0.0909137279 -0.141042069 0.225679547
v -0.0527762771 -0.215143844 0.309969425
v -0.0927454457 -0.0312215984 0.362997681
v -0.0844157711 -0.0620546639 0.362997621
v -0.0719203576 -0.0871396586 0.360203832
v -0.0691618547 -0.114470579 0.35482803
v -0.0662134886 -0.15918009 0.344362736
v -0.112333834 -0.0423067547 0.154930979
v -0.109545887 -0.0674412549 0.157537639
v -0.10182257 -0.0919186026 0.158099771
v -0.0893219635 -0.11177709 0.160287648
v -0.0169457141 -0.411593467 0.0710829645
v -0.0215390604 -0.397441089 0.0835045129
v -0.0260424558 -0.381831259 0.0998851657
v -0.0422151834 -0.318944365 0.165545881
v -0.0528414249 -0.25786835 0.241571814
v -0.0551003031 -0.236546084 0.273268521
v -0.0821044967 -0.222505853 0.24758625
v -0.0783392712 -0.243684694 0.222112358
v -0.0609088838 -0.30192858 0.149182171
v -0.0422381945 -0.368169069 0.0813328773
v -0.0355602168 -0.386965364 0.0664836466
v -0.0296744909 -0.40309611 0.0557167828
v -0.0307049081 -0.397351891 0.0439857394
v -0.0363974273 -0.380321026 0.0546376109
v -0.0436160974 -0.360261112 0.0684087425
v -0.0646609217 -0.290018499 0.133537203
v -0.0840287805 -0.2299667 0.203492731
v -0.0879243091 -0.209451452 0.228678346
v -0.0871045664 -0.196990296 0.20906806
v -0.0813914314 -0.214406386 0.182188451
v -0.0614791438 -0.279984504 0.116922379
v -0.0391908102 -0.353256851 0.0560505986
v -0.032096941 -0.373674959 0.0429676622
v -0.0269065108 -0.391205102 0.0315745771
v -0.00277164904 -0.379971117 0.0174161196
v -0.0083226813 -0.362911493 0.0297922194
v -0.0144580826 -0.343819171 0.0419480354
v -0.0363487788 -0.271084696 0.0956380963
v -0.049674429 -0.20057565 0.154663265
v -0.054445304 -0.175185293 0.186141789
v -0.0248104371 -0.408013612 0.0649446994
v -0.0303012468 -0.392948151 0.0764820725
v -0.036001429 -0.375865966 0.0922721475
v -0.0530048311 -0.311954319 0.159965724
v -0.0673383549 -0.252443284 0.234979749
v -0.0710284039 -0.230946109 0.263530016
v -0.0210100058 -0.433483154 0.035442546
v -0.0159116965 -0.441826135 0.0275664777
v -0.0108987791 -0.444125444 0.0347712189
v -0.0156078488 -0.436429381 0.0437091738
v 0.0115416711 -0.418207765 -0.00262467563
v 0.00894959643 -0.408714801 -0.00241699815
v -0.0101628182 -0.455770165 0.0158758461
v -0.0251557976 -0.419703215 0.0455123633
v -0.00805965904 -0.446322322 -0.00370036066
v -0.0231235176 -0.408453345 0.0189095587
v -0.012661553 -0.426414639 0.0595101416
v 0.000809697493 -0.459231406 0.0263486207
v -0.0268432293 -0.414515555 0.0329542011
v -0.0119841611 -0.451871067 0.006194368
v 0.00343153602 -0.396073669 0.00485576689
v 0.0146495579 -0.433262616 -0.00848162174
v -0.0200573802 -0.423655063 0.0542369485
v -0.00544938585 -0.458022088 0.0222400576
v -0.0229220595 -0.428726017 0.0225308686
v -0.0175269544 -0.437814385 0.0161889195
v -0.0130255064 -0.431959778 0.00437311828
v -0.0184804797 -0.422612399 0.00853422284
v -0.00835955981 -0.438189894 0.0484316796
v -0.00418871501 -0.445338458 0.0389004946
v -0.00725466758 -0.170050964 0.204626322
v -0.0279200971 -0.163601711 0.197840482
v -0.0194369964 -0.150330544 0.16966626
v -0.000292992452 -0.149799228 0.168003201
v -0.0127244536 -0.135975748 0.11842078
v 0.00755934138 -0.139109656 0.12314263
v -0.00994900521 -0.131653279 0.0990768075
v 0.00982025173 -0.13479127 0.102634072
v -0.00781419594 -0.130895227 0.0798639357
v 0.010986466 -0.133880243 0.0828352273
v -0.00533752376 -0.129655778 0.0607338548
v 0.0132283559 -0.133669153 0.0633307248
v -0.00339137344 -0.126391351 0.0419552028
v 0.0155726988 -0.130700842 0.0444668382
v -0.0015288638 -0.125570208 0.023654148
v 0.0168974344 -0.128146991 0.0261765122
v 0.00112591602 -0.129615992 0.00556100905
v 0.0189823806 -0.130030081 0.00821307302
v 0.0037236677 -0.13942264 -0.0126825869
v 0.0223311745 -0.13789168 -0.00985179842
v 0.00656778365 -0.150970563 -0.0314380303
v 0.0263314974 -0.149177715 -0.0281282738
v 0.0101948511 -0.158951625 -0.050583899
v 0.0305880886 -0.158332691 -0.0465617329
v 0.00313203875 -0.145374283 0.14737156
v -0.0171636287 -0.143300101 0.141140342
v 0.0303726401 -0.380287051 0.0258125216
v 0.0140724471 -0.376902401 0.0199014843
v 0.00775509328 -0.360058159 0.0314409137
v 0.0235337447 -0.363554388 0.0364630073
v 0.00225883396 -0.341893464 0.0429386348
v 0.0185540617 -0.346148044 0.0474663079
v -0.0176219437 -0.270331979 0.0934593976
v 0.0019463948 -0.278684527 0.0956524909
v -0.0288223866 -0.20191142 0.154556096
v -0.00785167422 -0.209245846 0.158733606
v -0.00941638462 -0.188496217 0.187723696
v -0.0302125104 -0.17928189 0.183082491
v 0.026309384 -0.404136389 0.0031760484
v 0.0406202413 -0.404730231 0.0124049932
v 0.0399953052 -0.412838519 0.0105638355
v 0.0270077866 -0.413011581 0.00282600522
v 0.0213931147 -0.392577142 0.00903834403
v 0.0375572406 -0.39510867 0.0166596919
v 0.0434850119 -0.4295941 0.000486150384
v 0.029294407 -0.42772314 -0.00388902426
v -0.00252343086 -0.424983323 -0.0025010705
v -0.00702786446 -0.415539563 -0.000743374228
v 0.00168774696 -0.439817786 -0.00886371732
v -0.0513574481 -0.274186194 0.103997827
v -0.0125800772 -0.401985794 0.00827546418
v -0.0291018989 -0.347706884 0.046647802
v -0.0224253051 -0.367695868 0.0339406878
v -0.0768795013 -0.18212074 0.195607692
v -0.0173685979 -0.385187477 0.0216660649
v -0.0686867908 -0.203825772 0.164266467
v -0.026671594 -0.155462548 0.192549556
v -0.00271512335 -0.155951262 0.191397727
v -0.0831560418 -0.131469637 0.186749458
v -0.0431700461 -0.148132116 0.172984123
v -0.0332861505 -0.132916108 0.121747017
v -0.0684254691 -0.118586652 0.133161455
v -0.0280484259 -0.127747089 0.102119178
v -0.0598532856 -0.112241007 0.111302614
v -0.023957124 -0.125465006 0.0831717402
v -0.0536413789 -0.107750677 0.0913328975
v -0.0211288445 -0.123850957 0.0641669333
v -0.0511619709 -0.106168889 0.0712806731
v -0.0192800555 -0.122024633 0.0452269763
v -0.0515437126 -0.107901588 0.0508268028
v -0.0172337051 -0.122256599 0.026399523
v -0.0494311564 -0.10915219 0.0303503275
v -0.0150182396 -0.126291782 0.00777086616
v -0.045322977 -0.111166492 0.0106626153
v -0.0139397476 -0.135104299 -0.0107993335
v -0.045367863 -0.120288484 -0.00850324333
v -0.0133428099 -0.146169558 -0.0298314467
v -0.047612194 -0.133582696 -0.0279317796
v -0.011300941 -0.154066309 -0.0490132645
v -0.0477400385 -0.143240035 -0.0468960702
v -0.039264217 -0.140621319 0.145710617
v -0.0772789493 -0.125669241 0.159560651
v 0.0228130072 -0.156146809 0.199505389
v 0.0571124218 -0.149255618 0.204788625
v 0.0183941685 -0.148827136 0.170424849
v 0.0548565276 -0.146008745 0.18279171
v 0.0580146313 -0.135134682 0.129638314
v 0.0274550226 -0.137698904 0.117074549
v 0.059830308 -0.130811006 0.107679188
v 0.0294011384 -0.13488017 0.0964464545
v 0.0608991757 -0.12747547 0.0870399624
v 0.0313294865 -0.133696288 0.0763594955
v 0.0630674958 -0.125099957 0.0673442036
v 0.0339956842 -0.132569373 0.0571345836
v 0.0661675408 -0.123529375 0.048102051
v 0.0359692983 -0.130405873 0.0383830965
v 0.0685079321 -0.122104362 0.0287979245
v 0.0368678048 -0.128716871 0.01988931
v 0.0690355003 -0.12263304 0.00990900397
v 0.0387178212 -0.131712422 0.00161004066
v 0.0712148473 -0.129049107 -0.0082808435
v 0.0424113907 -0.140584752 -0.0165801048
v 0.0750076696 -0.138123855 -0.0270969197
v 0.046634689 -0.150543094 -0.0347934142
v 0.0768531784 -0.145067737 -0.0460688546
v 0.0499408804 -0.158998474 -0.0526018664
v 0.0558843389 -0.140678346 0.155312389
v 0.0241729114 -0.142638192 0.14100197
v -0.066765435 -0.149741158 0.202661663
v -0.0627237558 -0.143703565 0.180369079
v -0.0271944534 -0.149880633 -0.0471919701
v -0.0281159561 -0.140807182 -0.0283037722
v -0.0274240803 -0.1294664 -0.0092600137
v -0.0279658567 -0.121504083 0.00963094831
v -0.0302230753 -0.118104517 0.0287760049
v -0.0322168879 -0.117241614 0.04817608
v -0.0338062868 -0.11785052 0.0674977899
v -0.0368661694 -0.119431578 0.0866432339
v -0.0423006564 -0.122933283 0.105765522
v -0.0494558625 -0.128975064 0.126439691
v -0.0573163405 -0.136639327 0.15230149
v 0.10047812 -0.149085641 -0.144275889
v 0.11761421 -0.120684765 -0.14518553
v 0.128708839 -0.0854255632 -0.143419504
v 0.132211372 -0.04395606 -0.141308084
v -0.0697877705 -0.134314388 -0.13705942
v -0.0912651345 -0.109750248 -0.138379857
v -0.104453325 -0.0784915313 -0.138909772
v -0.110107206 -0.0398387276 -0.137821257
v 0.0415305719 -0.180504948 -0.137063488
v 0.0180105511 -0.178707421 -0.136789978
v -0.00952557754 -0.169600248 -0.137260407
v -0.0483976193 -0.150519565 -0.136938319
v 0.0794512853 -0.167266071 -0.141310766
v 0.0560720749 -0.177738681 -0.137996852
v -0.0276349522 -0.16214323 -0.137440324
v 0.099112533 -0.145701244 -0.0960646421
v 0.0976678282 -0.146484271 -0.129662007
v 0.0992326736 -0.143741459 -0.101108655
v 0.0952161402 -0.14659825 -0.106332615
v 0.114738546 -0.119148307 -0.130943701
v 0.11704202 -0.11890284 -0.0976872668
v 0.114241377 -0.117986433 -0.107075214
v 0.115877129 -0.118534505 -0.101843342
v 0.125430942 -0.0854524896 -0.12925832
v 0.126779005 -0.0863372907 -0.0964049995
v 0.124449126 -0.0847780854 -0.105797477
v 0.125798345 -0.0855869204 -0.100617096
v 0.129464731 -0.0451309942 -0.094313018
v 0.128667846 -0.0447974876 -0.126944035
v 0.12821959 -0.042325791 -0.0988699645
v 0.126722604 -0.048386436 -0.104722202
v -0.0686646551 -0.132772252 -0.122738093
v -0.0725395381 -0.132242575 -0.0889831483
v -0.0673228949 -0.132607922 -0.0988249108
v -0.0687477514 -0.133540422 -0.0933124721
v -0.0925203785 -0.10817498 -0.0912289172
v -0.0892092586 -0.109232202 -0.12416292
v -0.0880319998 -0.11188785 -0.0958884954
v -0.0892998949 -0.107123211 -0.10194549
v -0.103770725 -0.0733595192 -0.0916991085
v -0.102126673 -0.0776564628 -0.124937028
v -0.101144515 -0.0800505579 -0.0969068855
v -0.101289466 -0.0750561133 -0.102701947
v -0.107790567 -0.0393607467 -0.123866782
v -0.108399801 -0.0355450399 -0.0915914178
v -0.106447533 -0.0398675352 -0.100350305
v -0.107517175 -0.0388005078 -0.0950908959
v 0.0406787097 -0.177707419 -0.122350663
v 0.0415657423 -0.175939724 -0.0904211849
v 0.0419917256 -0.174756333 -0.0989269167
v 0.0405605361 -0.175274581 -0.0946935639
v 0.0166122355 -0.170862302 -0.0912463814
v 0.0175237786 -0.175097451 -0.122288607
v 0.0187527146 -0.170424715 -0.095718056
v 0.0168708973 -0.169600472 -0.100284338
v -0.00937565137 -0.165922999 -0.122932404
v -0.0120095359 -0.161413163 -0.0900747329
v -0.00755383819 -0.161214277 -0.0995535553
v -0.00862436742 -0.161656305 -0.0943658203
v -0.047130838 -0.148429915 -0.122688517
v -0.0498600081 -0.147204414 -0.088256292
v -0.0456392355 -0.146942005 -0.0986731648
v -0.0467135943 -0.147742182 -0.0930575952
v 0.0773785487 -0.164621189 -0.126286775
v 0.0768958554 -0.165529355 -0.0917118192
v 0.0776687413 -0.163029522 -0.102148123
v 0.078075543 -0.164208278 -0.096832782
v 0.0553624332 -0.175432324 -0.091342926
v 0.0548370667 -0.175262794 -0.123070046
v 0.0568013452 -0.174089268 -0.0951070338
v 0.0551310293 -0.173375964 -0.100410357
v -0.027368281 -0.156431794 -0.089422822
v -0.0267302543 -0.15904586 -0.123220704
v -0.0247578453 -0.156100929 -0.0948857665
v -0.0261018872 -0.154732376 -0.100767046
v 0.0957771242 -0.136040926 -0.0695150867
v 0.0981003419 -0.143324882 -0.0849529058
v 0.115907148 -0.117458262 -0.0869241655
v 0.112155847 -0.111336485 -0.0713649541
v 0.125605285 -0.0854852125 -0.0858735442
v 0.121590219 -0.0813254043 -0.0707693696
v 0.125452191 -0.0444618016 -0.0691524595
v 0.128734931 -0.0459366366 -0.0840927139
v -0.0626396462 -0.139325693 -0.0774079934
v -0.0698612109 -0.131075338 -0.0637458265
v -0.0910353214 -0.108883895 -0.0649954453
v -0.0858860835 -0.120264947 -0.0793060735
v -0.104652129 -0.074838154 -0.0647081807
v -0.101757526 -0.0902877823 -0.0805577114
v -0.105601251 -0.0359872952 -0.0660387948
v -0.10648381 -0.044626683 -0.0809829235
v 0.0414308421 -0.173308924 -0.0801148117
v 0.0334903486 -0.166342914 -0.066096954
v 0.00919868238 -0.162793979 -0.067889072
v 0.0222738795 -0.170961991 -0.0819652155
v -0.0421755724 -0.150067732 -0.0772688165
v -0.0495983772 -0.144822046 -0.0631094649
v -0.00330449874 -0.163192704 -0.0807678774
v -0.0127315074 -0.157047644 -0.0657641068
v 0.0507075302 -0.167124942 -0.0682235137
v 0.0558115207 -0.172626168 -0.0816541016
v 0.0797376782 -0.159404829 -0.0809112638
v 0.0754933283 -0.154194608 -0.0653730407
v -0.0278074145 -0.153423607 -0.0639103577
v -0.0220135674 -0.157241791 -0.078932263
v 0.0973962992 -0.14435418 -0.142007858
v 0.113337591 -0.117318429 -0.142947733
v 0.124148212 -0.083923474 -0.141645044
v 0.127832338 -0.0441295914 -0.139757708
v -0.0672912672 -0.129921824 -0.135332063
v -0.0874336436 -0.106262401 -0.13659519
v -0.100167058 -0.075886853 -0.137141585
v -0.105897389 -0.037745215 -0.136024907
v 0.0404882394 -0.175313592 -0.135211349
v 0.0179340038 -0.17337209 -0.135022849
v -0.00910044461 -0.164433852 -0.13546674
v -0.0461833775 -0.146262214 -0.135149807
v 0.0770961791 -0.162798613 -0.139065653
v 0.0542504191 -0.172944352 -0.135993585
v -0.0262982082 -0.157250449 -0.135548994
v 0.0914080963 -0.138632432 -0.118685104
v 0.107540093 -0.112208426 -0.120542705
v 0.118336894 -0.0819948316 -0.118882701
v 0.119821705 -0.0420668311 -0.116951503
v -0.0637375042 -0.126869231 -0.1119515
v -0.0833527073 -0.104310036 -0.114188299
v -0.0951183066 -0.0748964325 -0.115156308
v -0.1003711 -0.0365868323 -0.113485098
v 0.0372737013 -0.166854039 -0.112129904
v 0.0168360993 -0.164934024 -0.112121902
v -0.00960790273 -0.154911622 -0.112997904
v -0.0425095037 -0.141306028 -0.112001106
v 0.0721497014 -0.155333236 -0.115328304
v 0.0502385013 -0.164641231 -0.112749904
v -0.0242791027 -0.149638042 -0.1128387
v 0.0415118225 -0.178429708 -0.140835702
v 0.0418186747 -0.180276439 -0.141087368
v 0.0568137541 -0.177109912 -0.142289937
v 0.0544777885 -0.175620049 -0.141265973
v -0.0474824533 -0.148726866 -0.140508786
v -0.0483259372 -0.150281191 -0.140730694
v -0.0267342068 -0.162061304 -0.141440794
v -0.027984241 -0.159200832 -0.140659139
v 0.0993963182 -0.147477195 -0.147698447
v 0.100624502 -0.14910762 -0.148094475
v 0.118347488 -0.118480481 -0.149053603
v 0.114571743 -0.121583797 -0.148260027
v 0.0178862456 -0.176536307 -0.140581399
v 0.0180612523 -0.178515911 -0.140779004
v 0.128900006 -0.083167918 -0.147346541
v 0.126049906 -0.0882729217 -0.146963313
v -0.00807651039 -0.169785768 -0.141334563
v -0.0116171613 -0.166138798 -0.140668198
v 0.132420287 -0.0418166965 -0.145416915
v 0.13026844 -0.0481611304 -0.144993573
v -0.0704618394 -0.130998731 -0.14091666
v -0.0681233928 -0.135698512 -0.140601158
v -0.109658912 -0.0416537449 -0.141807273
v -0.108340099 -0.0352882557 -0.140930116
v -0.0896042511 -0.108032204 -0.141963899
v -0.0909008607 -0.109527029 -0.142248049
v 0.0807304978 -0.166272938 -0.145633474
v 0.0767750964 -0.166346505 -0.144236743
v -0.102906816 -0.0766981021 -0.142435044
v -0.104450248 -0.0779181942 -0.142656982
v 0.0251686182 -0.477474809 0.0160813779
v 0.0365032405 -0.47301057 0.018382147
v 0.0489400327 -0.465735495 0.018066898
v 0.000493596366 -0.477439076 0.00336048007
v 0.00650103576 -0.479182303 0.0081769377
v 0.0574331097 -0.458475947 0.0134561509
v -0.00377181172 -0.474494189 -0.00248087943
v 0.049226284 -0.450934708 -0.0137865245
v 0.0368069969 -0.449130893 -0.0174109191
v 0.0596953593 -0.453227788 0.00571663678
v -0.00447331229 -0.470072865 -0.0101993531
v 0.0562315993 -0.449868172 -0.00396518409
v 0.000594807731 -0.464663655 -0.0173690319
v 0.0142414216 -0.477448493 0.0140360445
v 0.0108212112 -0.459116846 -0.0210372657
v 0.0229263101 -0.453417987 -0.0208048671
v -0.0242708083 -0.341731548 0.147781581
v -0.0153114032 -0.363711715 0.127867103
v -0.00675112847 -0.343259215 0.144848675
v -0.00119467429 -0.364866287 0.124762416
v 0.0248768013 -0.350798458 0.112387449
v 0.0198902432 -0.330854297 0.131907016
v 0.0260141101 -0.321740359 0.120669991
v 0.030560011 -0.341776639 0.101270199
v 0.0303405654 -0.333668381 0.0881458372
v 0.025737375 -0.312654346 0.10691908
v 0.024256913 -0.327107042 0.0745088458
v 0.0190811139 -0.304827243 0.092124477
v 0.00828385539 -0.338553309 0.140113801
v 0.0136388214 -0.359304875 0.120480657
v -0.0389078781 -0.338811904 0.142932862
v -0.0279803611 -0.363220602 0.122413635
v -0.0568082593 -0.319784909 0.122825682
v -0.0479010902 -0.347026974 0.104826272
v -0.0515111573 -0.337379873 0.0908676237
v -0.0588485003 -0.309129894 0.107124895
v -0.0536984988 -0.301623255 0.0923803002
v -0.048638206 -0.329514533 0.0766769499
v -0.0260454416 -0.295249969 0.0745739043
v -0.0249870773 -0.321414262 0.0581509024
v -0.0396490842 -0.356337994 0.115602553
v -0.0494851135 -0.330489963 0.135291338
v -0.00762771536 -0.32049498 0.0564296544
v -0.00717254635 -0.295909435 0.0745120198
v 0.00917040091 -0.302523196 0.0787960142
v 0.0115694478 -0.324175745 0.0612171739
v -0.0393544249 -0.324314952 0.0652913898
v -0.0422705971 -0.297403604 0.0812357068
v -0.0354289562 -0.280028105 0.216424406
v -0.030759789 -0.300302684 0.191218853
v -0.0173550826 -0.281578392 0.210470051
v -0.0166044962 -0.301687241 0.185444444
v 0.0120744919 -0.287895322 0.171381533
v 0.011897224 -0.268965185 0.197240889
v 0.0200964641 -0.25691703 0.18710044
v 0.0203007497 -0.276776671 0.160541058
v 0.0210855305 -0.265458763 0.146848887
v 0.0203623027 -0.243124545 0.172377467
v 0.0126050655 -0.256313592 0.131934196
v 0.0110694095 -0.232448205 0.154172897
v -0.00136278779 -0.277206272 0.204741478
v -0.00101345358 -0.296608597 0.179549217
v -0.0519320257 -0.278053582 0.213442087
v -0.0434414931 -0.300045699 0.188777983
v -0.0724801868 -0.261390001 0.194027752
v -0.0636008829 -0.284996063 0.175436258
v -0.0686360821 -0.273203999 0.160211533
v -0.0758334771 -0.247838065 0.174923509
v -0.0713326707 -0.235385031 0.154559612
v -0.0675708726 -0.261260539 0.141937733
v -0.0415701568 -0.224928588 0.131916374
v -0.0442403629 -0.248856887 0.116542727
v -0.0549576283 -0.294044882 0.184845775
v -0.0638798997 -0.271459669 0.207061768
v -0.026304394 -0.247417703 0.113191098
v -0.0217917934 -0.224977553 0.132797807
v -0.00311272126 -0.229945153 0.137982666
v -0.00461658696 -0.251899838 0.117208153
v -0.058822345 -0.252984852 0.126312822
v -0.0588964634 -0.227999151 0.139394283
v 0.0251335818 -0.474948049 0.0133643895
v 0.0351070724 -0.472130656 0.0147415847
v 0.0459334999 -0.466448218 0.0140132904
v 0.00533734309 -0.474761039 0.00304329395
v 0.0105340704 -0.476022065 0.00722914934
v 0.0530304685 -0.460883915 0.0100829899
v 0.00176683813 -0.472662508 -0.0017118305
v 0.0441058241 -0.451673865 -0.0118863136
v 0.0324948281 -0.45312801 -0.0162961185
v 0.0549046695 -0.456620604 0.00294387341
v 0.000422239595 -0.468775183 -0.00694040954
v 0.0519131087 -0.453307062 -0.00498174131
v 0.0038738728 -0.464669824 -0.0124376714
v 0.0172209553 -0.475907832 0.0110034049
v 0.0119667435 -0.460206628 -0.0162235349
v 0.0213120934 -0.456420064 -0.0174859017
v 0.0171400979 -0.446533233 0.0288117081
v 0.0245680977 -0.444274008 0.0294397026
v 0.0342152975 -0.43939963 0.0281852931
v 0.00123769767 -0.446595639 0.0215836912
v 0.00555129768 -0.447518021 0.0250013024
v 0.0407440998 -0.434785247 0.0245292932
v -0.00134150242 -0.445100427 0.0175845027
v 0.0345408991 -0.427742839 0.00644768775
v 0.0245264973 -0.429083645 0.00340929627
v 0.0424672998 -0.431558818 0.0188405067
v -0.00283990242 -0.442122847 0.0130877048
v 0.0405840985 -0.428978831 0.0120676905
v 0.000224097748 -0.438775659 0.0077996999
v 0.0109288981 -0.447342038 0.027195707
v 0.0072528976 -0.435084462 0.00414049625
v 0.014950498 -0.431922019 0.00287649035
v 0.00160322792 -0.479944199 -0.00681971014
v 0.0046937475 -0.483391017 -0.00139784813
v 0.0171659309 -0.482435256 0.00810016692
v 0.0275432598 -0.482360661 0.0112311989
v 0.0493710227 -0.473257214 0.011004582
v 0.0585818365 -0.466310769 0.00724638999
v 0.00400248077 -0.471205264 -0.0183816403
v -0.00118377875 -0.476592422 -0.0127632469
v 0.0106511889 -0.484824628 0.00324065983
v 0.0557782128 -0.458938509 -0.00858205557
v 0.0566234998 -0.457748204 -0.00988484919
v 0.0479123704 -0.456337512 -0.0178088397
v 0.0377383046 -0.479192942 0.0117686391
v 0.0589509979 -0.462509751 -0.00069513917
v 0.0606035478 -0.461155623 0.000296264887
v 0.0227013882 -0.462099701 -0.0235225111
v 0.011478629 -0.466635257 -0.0235414654
v 0.0349178463 -0.45831576 -0.0218903124
v 0.0549046695 0.452800542 0.00294387341
v 0.000422239595 0.464955121 -0.00694040954
v 0.123321287 -0.00191003084 0.173846751
v 0.0519131087 0.449487001 -0.00498174131
v 0.0038738728 0.460849762 -0.0124376714
v 0.0172209553 0.472087771 0.0110034049
v 0.0119667435 0.456386566 -0.0162235349
v 0.0213120934 0.452600002 -0.0174859017
v 0.0171400979 0.442713171 0.0288117081
v 0.0245680977 0.440453947 0.0294397026
v 0.0342152975 0.435579568 0.0281852931
v 0.00123769767 0.442775577 0.0215836912
v 0.00555129768 0.443697959 0.0250013024
v 0.0407440998 0.430965185 0.0245292932
v -0.00134150242 0.441280365 0.0175845027
v 0.0345408991 0.423922777 0.00644768775
v 0.0245264973 0.425263584 0.00340929627
v 0.0424672998 0.427738756 0.0188405067
v -0.00283990242 0.438302785 0.0130877048
v 0.0405840985 0.425158769 0.0120676905
v 0.000224097748 0.434955597 0.0077996999
v 0.0109288981 0.443521976 0.027195707
v 0.0072528976 0.4312644 0.00414049625
v 0.014950498 0.428101957 0.00287649035
v 0.00160322792 0.476124138 -0.00681971014
v 0.0046937475 0.479570955 -0.00139784813
v 0.0171659309 0.478615195 0.00810016692
v 0.0275432598 0.478540599 0.0112311989
v 0.0493710227 0.469437152 0.011004582
v 0.0585818365 0.462490708 0.00724638999
v 0.00400248077 0.467385203 -0.0183816403
v 0.124829344 -0.00191003084 -0.0464070216
v 0.124385081 -0.00191003084 -0.0270714313
v 0.115571298 -0.00191003084 0.21541664
v 0.108872488 -0.00191003096 0.237824023
v 0.0993229821 -0.00191002991 0.261666834
v 0.0871514529 -0.00191003631 0.284722388
v 0.120065488 -0.00191003084 0.194805235
v 0.117508069 -0.00191003084 0.0318312198
v -0.0970260203 -0.00190835143 -0.00218096375
v -0.119384967 -0.00191003084 0.209728807
v -0.118192635 -0.00191003084 0.225172281
v -0.11918664 -0.00191003084 0.244897127
v -0.120074168 -0.00191003107 0.271662474
v 0.06099784 -0.00191003399 0.319581807
v 0.0741437525 -0.00191001047 0.304103285
v 0.123886742 -0.00191003084 0.129459023
v -0.0923349634 -0.00190768077 -0.016860351
v 0.115397274 -0.00191003084 0.0518076569
v 0.114991583 -0.00191003084 0.0718493015
v 0.116572738 -0.00191003084 0.0912738591
v 0.119116366 -0.00191003084 0.0121883452
v 0.122364879 -0.00191003084 -0.00725804269
v 0.125078678 -0.00191003084 0.151215881
v 0.119793653 -0.00191003084 0.110030293
v -0.00118377875 0.47277236 -0.0127632469
v 0.0106511889 0.481004566 0.00324065983
v 0.0557782128 0.455118448 -0.00858205557
v 0.0566234998 0.453928143 -0.00988484919
v 0.0479123704 0.45251745 -0.0178088397
v 0.0377383046 0.475372881 0.0117686391
v 0.0589509979 0.45868969 -0.00069513917
v 0.0606035478 0.457335562 0.000296264887
v 0.0227013882 0.458279639 -0.0235225111
v 0.011478629 0.462815195 -0.0235414654
v 0.0349178463 0.454495698 -0.0218903124
v -0.02480793 0.19296886 0.337815642
v 0.00397521025 0.214627758 0.301686585
v 0.0204275753 0.207702219 0.285820246
v 0.028574625 0.200057477 0.269111603
v 0.0322290994 0.190159932 0.253989458
v 0.0381629132 0.0426710211 0.340240628
v 0.0145931141 0.0655495971 0.35648343
v -0.0147868898 0.101904333 0.36183843
v -0.0194047671 0.1485461 0.355903357
v 0.0361478776 0.178757057 0.313423544
v 0.0467365496 0.140337333 0.32084313
v 0.0525965281 0.109105967 0.317261696
v 0.0630403236 0.0800424591 0.309438705
v 0.0730908439 0.04800006 0.303005576
v 0.0408230536 0.175625131 0.28867951
v 0.0534266941 0.145154074 0.293130159
v 0.0661998913 0.116268113 0.29015705
v 0.0796974525 0.0854868814 0.285074592
v 0.0883726776 0.0513704382 0.281050444
v 0.0441595726 0.171262935 0.26761499
v 0.0589417629 0.147044167 0.26854077
v 0.076521121 0.119607531 0.264634371
v 0.0922739878 0.0887085125 0.260176241
v 0.100785404 0.0539591499 0.256789356
v 0.0456713289 0.164737627 0.247793198
v 0.0633196384 0.145805433 0.245368332
v 0.0847340971 0.120839439 0.239704967
v 0.101886511 0.0908135399 0.235380024
v 0.110012807 0.056026604 0.232554317
v 0.0946251377 0.120689325 0.197265506
v 0.112393796 0.0924034268 0.194282562
v 0.119712226 0.0573598333 0.190932602
v 0.0959381014 0.118546784 0.17505312
v 0.113560639 0.090830557 0.172658831
v 0.121747807 0.056273412 0.169383883
v 0.0935576037 0.107432835 0.126533449
v 0.110813431 0.0817760974 0.125623494
v 0.121056698 0.0512412377 0.124032766
v 0.0918293819 0.10223981 0.104999393
v 0.10776066 0.0786358565 0.104748577
v 0.116137147 0.0507384017 0.104302704
v 0.0908605382 0.099509716 0.0845753253
v 0.104515634 0.0776322186 0.0847908407
v 0.111680351 0.0506685786 0.0850378871
v 0.0934288055 0.0984308943 0.0647518784
v 0.103539698 0.0755514503 0.0647108853
v 0.110217325 0.048778493 0.0651429445
v 0.096309714 0.0950952098 0.0441959053
v 0.104610197 0.0713867843 0.0440858901
v 0.111259602 0.0459193997 0.0448895395
v 0.0966241434 0.0909921527 0.023607865
v 0.106812298 0.0686106011 0.023844704
v 0.113679826 0.0439966433 0.0248952508
v 0.0971465409 0.0926363617 0.00471946597
v 0.109416127 0.0705864355 0.00467394292
v 0.116043665 0.0448912345 0.00530265272
v 0.0997044519 0.0996964499 -0.013674587
v 0.111235179 0.0752101988 -0.0145893097
v 0.118384197 0.0479909629 -0.0143137425
v 0.101009585 0.106226884 -0.0335691869
v 0.112282209 0.0805706456 -0.0347039476
v 0.119743906 0.0519547947 -0.034306258
v 0.102070086 0.112906232 -0.0531312674
v 0.11411237 0.0867326036 -0.0541378558
v 0.121139124 0.0561384931 -0.0531960651
v 0.122624151 0.0369123779 -0.0434295014
v 0.117175184 0.0694993362 -0.0445752069
v 0.10767483 0.0967567712 -0.0443032682
v 0.0945060328 0.121580221 -0.0424134433
v 0.121714845 0.0340136625 -0.0238396376
v 0.11590872 0.0643515214 -0.0246549845
v 0.106664293 0.0906043127 -0.0241622031
v 0.093456775 0.115046315 -0.0224678814
v 0.119598798 0.0314149223 -0.00402504206
v 0.114329137 0.0600079894 -0.0048045069
v 0.105242126 0.0846942961 -0.00467149913
v 0.0904107541 0.106812716 -0.00368002057
v 0.116982102 0.029771544 0.0154972225
v 0.111936353 0.0571493618 0.014543429
v 0.102889694 0.079916656 0.0139038861
v 0.089350231 0.102051042 0.0145284683
v 0.115144625 0.030436933 0.0352781564
v 0.109265029 0.0576790981 0.0342913717
v 0.101580538 0.0809868276 0.0336075127
v 0.0896835029 0.103843801 0.0343287885
v 0.113088325 0.0324662626 0.0553257018
v 0.107111514 0.0608851239 0.0546201617
v 0.10044717 0.0858221129 0.0544635355
v 0.0865890309 0.106685393 0.0546578467
v 0.113393664 0.0343828835 0.0754142106
v 0.107291393 0.0640295073 0.0749110132
v 0.0989249051 0.0886756331 0.0748465359
v 0.0825909451 0.108139791 0.0743906349
v 0.115541756 0.0348719507 0.0948124528
v 0.110528469 0.0651536211 0.0946586877
v 0.0993512422 0.0896842629 0.0948095471
v 0.0816532895 0.110503733 0.0944440514
v 0.120339908 0.0343189649 0.113716781
v 0.115335599 0.0659510121 0.11439994
v 0.101712815 0.0926983058 0.115460008
v 0.0827638209 0.115251675 0.115494668
v 0.124186695 0.0347323269 0.133903772
v 0.118148826 0.0688778684 0.135637999
v 0.103782766 0.0980219692 0.137554139
v 0.0829786062 0.120849691 0.137901545
v 0.122195385 0.0377326831 0.17911914
v 0.118156128 0.0751865581 0.182178855
v 0.105867043 0.106799535 0.185544878
v 0.0828972384 0.130602673 0.18816939
v 0.11907611 0.0381083451 0.199729115
v 0.115668312 0.0757257566 0.202307254
v 0.103265598 0.107606828 0.205400825
v 0.0804381296 0.132516071 0.209368765
v 0.107059158 0.0364567898 0.243335277
v 0.102698885 0.0729450807 0.245875269
v 0.0899826139 0.105576754 0.249653339
v 0.0709521174 0.134076968 0.254711777
v 0.0530498438 0.157868743 0.258111298
v 0.0966569632 0.0346342772 0.267590433
v 0.0916195735 0.0704812557 0.270774096
v 0.0795452818 0.103241168 0.274937451
v 0.0635572076 0.132812247 0.279325455
v 0.04915604 0.160439417 0.280025691
v 0.0834388509 0.0324690342 0.290516436
v 0.0771972314 0.0667448193 0.294637799
v 0.0659765229 0.0984200835 0.300332844
v 0.0555926859 0.126769662 0.30586201
v 0.0453018807 0.159846559 0.305093437
v 0.0686939806 0.0303658508 0.309756041
v 0.0588920005 0.0620960519 0.316811085
v 0.0467190444 0.0911683813 0.326786965
v 0.0430552661 0.119515695 0.334115326
v 0.0363146439 0.161225736 0.332224607
v 0.0293673482 0.177894726 0.237110019
v 0.114441872 0.0377182849 0.220366955
v 0.110764325 0.0748822987 0.22247389
v 0.0980081633 0.107057445 0.225681484
v 0.0764973685 0.133804172 0.230819583
v 0.0539292283 0.153684437 0.235841066
v 0.0658085868 0.143255472 0.222502977
v 0.0907938331 0.121236503 0.217065006
v 0.10862539 0.0922354087 0.213515788
v 0.116119064 0.0572588854 0.210869044
v 0.0427110046 0.156918123 0.225306779
v -0.0206137188 0.215826005 0.311493695
v 0.0527430363 0.0293139722 0.326274991
v 0.0371411107 0.0576968789 0.338013858
v 0.0171728581 0.0822448805 0.352431864
v 0.0100454008 0.116937235 0.356053144
v 0.00162278686 0.167430699 0.349583536
v 0.028403854 0.138275176 0.346666306
v 0.0302743148 0.100632958 0.344522536
v 0.0405684747 0.0737158358 0.333822489
v 0.055187352 0.045226045 0.322155595
v 0.0146830501 0.185632318 0.335091949
v 0.124204814 0.0364512168 0.15651086
v 0.118868195 0.0728665665 0.159059405
v 0.105612241 0.103598773 0.161769301
v 0.0832302198 0.126784012 0.163035452
v 0.0948363543 0.113436818 0.149925828
v 0.112709224 0.0867624879 0.148424327
v 0.122644536 0.0536873452 0.145950019
v 0.0198103245 0.438737571 0.0449973345
v -0.00994730555 0.225932568 0.288279742
v 0.0437503532 0.4157812 0.045844242
v 0.0261883307 0.204330534 0.251606435
v 0.00159304927 0.437465042 0.048434332
v 0.0121776629 0.178852573 0.219121844
v 0.00821911264 0.221396253 0.277149886
v -0.031624034 0.221984878 0.300652146
v -0.0349051766 0.24184984 0.264872998
v -0.0120692644 0.385450155 0.0983548462
v -0.00874002371 0.399444491 0.0831589848
v 0.0518360324 0.408876568 0.031512782
v 0.00467507541 0.400191575 0.0810766071
v 0.00279578427 0.386189491 0.0957029611
v -0.015491033 0.245628655 0.254337698
v 0.0199858453 0.214147136 0.264483839
v 0.0138747813 0.234968722 0.240388602
v 0.0276519302 0.372394472 0.0862345099
v 0.0292549971 0.387579888 0.0725473911
v 0.0466813147 0.407001168 0.0452267528
v 0.0368857197 0.379616231 0.0643654913
v 0.0341640972 0.364154875 0.0770736784
v 0.0207837801 0.224245727 0.230844945
v 0.0257513672 0.191708267 0.238026947
v 0.0192630589 0.210490957 0.217507213
v 0.0351782292 0.356843472 0.066145435
v 0.0390866287 0.372712702 0.0544339716
v 0.0401693508 0.432045639 0.0391045213
v 0.035224881 0.367623359 0.0436047167
v 0.0304480921 0.351081252 0.0545519739
v 0.00824440084 0.198090568 0.198077917
v 0.01768074 0.395053416 0.0782894939
v 0.0165028311 0.380329579 0.092699483
v 0.00115092401 0.24190186 0.248094141
v 0.048896797 0.40507859 0.021789521
v 0.0106168492 0.228282258 0.257824779
v 0.00683866581 0.24950996 0.230206996
v 0.00893899053 0.309194595 0.155006707
v 0.0220631417 0.368640214 0.0980589986
v 0.0230345484 0.38405019 0.0824881345
v 0.0249710642 0.399001151 0.0695648938
v 0.0231568497 0.207636967 0.236030161
v 0.0207384881 0.227340519 0.211127847
v 0.0229407307 0.290696174 0.133641958
v 0.0341466479 0.351958603 0.0786818415
v 0.0368087478 0.368322283 0.0654415488
v 0.0411206484 0.383446038 0.0540715009
v -0.00404449878 0.233939424 0.266541213
v -0.00815418735 0.254929572 0.236444712
v -0.00516920118 0.315784097 0.161711842
v 0.0090920832 0.376149207 0.103235126
v 0.0104896529 0.390847117 0.0869817138
v 0.0121797882 0.405492306 0.0736012757
v 0.0162740611 0.194033429 0.220715165
v 0.0150732948 0.213253602 0.193680406
v 0.0192871336 0.281219929 0.119632691
v 0.0318294987 0.345119268 0.0666256994
v 0.0355080031 0.361890942 0.0545823723
v 0.0408336855 0.377686203 0.0438488871
v 0.0202723797 0.21971713 0.247626662
v 0.0172941685 0.240390986 0.222337008
v 0.0189856347 0.300410926 0.145606458
v 0.0308541339 0.360036045 0.08952187
v 0.0324439853 0.376009375 0.0750466436
v 0.0354379341 0.39095965 0.0628818572
v -0.0231342819 0.235189125 0.275215209
v -0.0257820729 0.256014258 0.242421359
v -0.0212885346 0.317776054 0.166539758
v -0.00583899906 0.379637033 0.10545364
v -0.00317345141 0.39418757 0.0887147784
v -0.000644644257 0.408067256 0.0753559023
v 0.0511835851 0.403188497 0.0285168886
v 0.0443941504 0.422458887 0.0405851156
v -0.00205765292 0.427854151 0.0586815476
v 0.0517674945 0.417652994 0.0264209658
v 0.0386794321 0.423866898 0.0458194762
v 0.0253801327 0.432414204 0.0486726463
v 0.0477970541 0.396893173 0.0256748348
v 0.0232041292 0.423911572 0.0560469478
v 0.00557201914 0.434475809 0.052562505
v 0.0127261858 0.437303632 0.0485736877
v 0.048462119 0.414933294 0.0399477035
v 0.00994292833 0.428762048 0.0573144555
v 0.00858409517 0.441238552 0.0437459052
v 0.0505262986 0.410428554 0.0249422193
v 0.0488182902 0.414131731 0.0174824446
v -0.0587176383 0.157400116 0.204402179
v -0.0516646467 0.161903605 0.19815284
v 0.0276154373 0.440748394 0.040654406
v 0.0365192294 0.444598228 0.03442505
v 0.0366322137 0.41574797 0.0520272553
v 0.0283338111 0.413796365 0.0587612242
v 0.0490157418 0.423285156 0.034173578
v 0.0532347634 0.428361356 0.0253193825
v 0.0505590849 0.400705963 0.0361362845
v 0.0469677895 0.397579759 0.0445574075
v 0.0157021955 0.445839077 0.0394522697
v 0.0240523499 0.451919317 0.0337895006
v 0.0148682669 0.420427501 0.0619371533
v 0.0529843457 0.424072683 0.0168081671
v 0.0473750792 0.392457992 0.0345550328
v 0.0475828685 0.435394764 0.0316683948
v 0.0400840156 0.405220896 0.0528567582
v 0.00504957326 0.44466266 0.0390928686
v 0.0129196467 0.454192162 0.0320939869
v 0.00223445194 0.422864825 0.0631703734
v 0.00695296563 0.415049165 0.0684392303
v -0.0055395104 0.41354394 0.0705863088
v 0.0415246598 0.3942779 0.0535271764
v 0.0325274691 0.402477264 0.0610148013
v 0.0200344026 0.410178751 0.0660506636
v 0.0418135189 0.383534193 0.0335110575
v 0.0448723808 0.38775003 0.0441063792
v 0.0177395139 0.431791633 0.0527017862
v 0.050642211 0.414980888 0.0337723792
v 0.050859306 0.408042192 0.038147226
v 0.0327387787 0.431724459 0.0443604439
v 0.031430088 0.424975306 0.0507943928
v -0.0650465116 0.208394393 0.305018306
v -0.0814143941 0.200950325 0.288179845
v -0.0873396322 0.192253277 0.264868885
v -0.0885363445 0.180596009 0.242264032
v -0.065216668 0.0474938564 0.383414477
v -0.0903354064 0.169705629 0.317462325
v -0.0981699005 0.126276985 0.329173148
v -0.0987428948 0.100116707 0.33208096
v -0.101520553 0.0742578134 0.331148356
v -0.106103025 0.0464158021 0.329140484
v -0.0941968188 0.165376976 0.290402383
v -0.102710605 0.133302465 0.29806906
v -0.107836321 0.10683658 0.298251927
v -0.113969304 0.0780712441 0.295547724
v -0.117411532 0.0494614653 0.29192102
v -0.0929217786 0.161135554 0.26274249
v -0.10097789 0.136468455 0.268673956
v -0.110782064 0.109544374 0.268784255
v -0.119077362 0.08031068 0.265800923
v -0.121513866 0.0506048463 0.263049245
v -0.0903926864 0.153189227 0.240873992
v -0.0995209366 0.132902309 0.245219111
v -0.110071659 0.109008811 0.244672149
v -0.118141189 0.0813723803 0.2414473
v -0.120056167 0.0518992729 0.238928765
v -0.0927267522 0.124373168 0.208609343
v -0.104125276 0.1047583 0.206104875
v -0.113215446 0.0801378861 0.203337789
v -0.118033111 0.0530013144 0.20332706
v -0.100734793 0.102143779 0.184549928
v -0.110626392 0.0787656009 0.182172239
v -0.116384797 0.0517636202 0.182121605
v -0.0876855999 0.0935443267 0.135749876
v -0.0993996486 0.0716097727 0.135389
v -0.104750514 0.0462330729 0.135594398
v -0.0795445666 0.0873849541 0.114711732
v -0.0925787315 0.0658781305 0.114131093
v -0.0983309597 0.0412257351 0.114050359
v -0.0753474683 0.082512781 0.093454197
v -0.0903541148 0.06137532 0.0922658294
v -0.0945671722 0.0366301425 0.0923456997
v -0.0752284527 0.0806154162 0.071602881
v -0.090197213 0.0591928624 0.070288077
v -0.0928590223 0.0335641056 0.0700156987
v -0.0780086443 0.0842122659 0.0494189113
v -0.0911739171 0.0609337837 0.0476682335
v -0.095448412 0.0350093506 0.046598956
v -0.0734231398 0.0854750872 0.0283425003
v -0.0869340822 0.0634435788 0.0264514536
v -0.0946078226 0.0366757512 0.0263261497
v -0.0676605552 0.0888034701 0.00962419808
v -0.0816125795 0.0676021129 0.00849027932
v -0.0917248204 0.0402761549 0.00812083483
v -0.0705669448 0.100629054 -0.00883540511
v -0.0846653506 0.0765036196 -0.00989623368
v -0.0916017815 0.04404011 -0.010655731
v -0.073510319 0.111940563 -0.0289130881
v -0.0863496661 0.0840553939 -0.0300307646
v -0.0915144607 0.0494724773 -0.0307440087
v -0.0735596567 0.1172048 -0.0481580272
v -0.0902379379 0.0904541165 -0.0484186709
v -0.100260012 0.05432228 -0.0471201017
v -0.0972748324 0.0340329073 -0.038146235
v -0.0924854204 0.0704029649 -0.0393805057
v -0.0810732022 0.102372788 -0.0393453315
v -0.0652661771 0.125264376 -0.0384982526
v -0.0909155011 0.0304067731 -0.0237131119
v -0.0893975496 0.0638816804 -0.0205291808
v -0.0800025985 0.0953262076 -0.0192488432
v -0.063661024 0.114796542 -0.0183910877
v -0.0946458429 0.0274846498 -0.000401780009
v -0.0879163295 0.0573128574 -0.00073890388
v -0.0761480406 0.0843594894 7.55935907e-05
v -0.05977837 0.101009451 0.000803157687
v -0.0960922539 0.0253205542 0.0154204518
v -0.0884939656 0.0517895706 0.0170077682
v -0.0771998391 0.0765685067 0.0179717094
v -0.0615074113 0.0938995406 0.0196121782
v -0.0964827612 0.0231327116 0.0365763009
v -0.0939815864 0.0492436886 0.0360785127
v -0.0844994485 0.0746350437 0.0374398977
v -0.0682776496 0.0941697285 0.0396451205
v -0.0940039679 0.0218905285 0.055061534
v -0.0929925963 0.0467089564 0.0588174015
v -0.0849379227 0.0715208873 0.0597008318
v -0.0672163591 0.0905698463 0.0613503754
v -0.0929929465 0.0217499416 0.0811262429
v -0.093288295 0.0476825163 0.0811728388
v -0.0838298276 0.0711307153 0.0818286538
v -0.0658596084 0.0896330401 0.0828545839
v -0.0962336585 0.0256522037 0.103114039
v -0.0947293714 0.0515400432 0.103084743
v -0.084570758 0.0744808465 0.103811771
v -0.0691216961 0.0933776572 0.103900343
v -0.102246277 0.0291207042 0.124670327
v -0.0992177725 0.0567031763 0.12476933
v -0.0901598036 0.080067955 0.125050455
v -0.0763628855 0.0991305932 0.124584794
v -0.109778941 0.0343431048 0.146096915
v -0.10623195 0.0617392585 0.146147996
v -0.0984900743 0.0859421417 0.14636457
v -0.0852906331 0.105231397 0.14747569
v -0.118836917 0.036179062 0.193976134
v -0.115248084 0.06665162 0.19337815
v -0.107574403 0.0918170884 0.194418907
v -0.0968296453 0.113774993 0.197642684
v -0.118839145 0.0369080082 0.211898476
v -0.117117584 0.0672943592 0.211630493
v -0.110712841 0.0939094722 0.2136271
v -0.100291289 0.116962947 0.216794491
v -0.0888076648 0.134365693 0.217354089
v -0.120506041 0.0350294858 0.249699026
v -0.120785058 0.0662276372 0.251502663
v -0.115542188 0.0954758674 0.254799604
v -0.105562203 0.122626089 0.256750464
v -0.0958230868 0.146538541 0.254440844
v -0.120201282 0.0351480804 0.27628237
v -0.119722486 0.0647609532 0.278148472
v -0.114030622 0.0942376405 0.281471223
v -0.105582334 0.122808151 0.283300221
v -0.097491473 0.149915516 0.28026548
v -0.114550255 0.0338667408 0.304498732
v -0.110700265 0.0620285496 0.311829537
v -0.106240511 0.090386726 0.314073861
v -0.105163194 0.114476167 0.315333486
v -0.098808147 0.146718308 0.310732365
v -0.101848066 0.0304688066 0.343430191
v -0.095344618 0.0590863414 0.348315358
v -0.0885096937 0.0854757056 0.347876519
v -0.0887429491 0.109374605 0.345180005
v -0.0838378593 0.151145652 0.335811853
v -0.0813308582 0.165053472 0.221260667
v -0.118662052 0.0362522453 0.228411257
v -0.118887797 0.067277424 0.229490191
v -0.113623701 0.095395267 0.232563376
v -0.10353519 0.120066606 0.235189617
v -0.0929463655 0.140314296 0.234317183
v -0.0964013711 0.128485918 0.226210326
v -0.107439034 0.10736084 0.224507511
v -0.115846276 0.0813060328 0.221243024
v -0.118730284 0.0528633408 0.219735146
v -0.0854970589 0.14478156 0.223980725
v -0.0442969836 0.161605105 0.349432558
v -0.0831168592 0.0300443992 0.377269179
v -0.0702822432 0.0581044629 0.373563439
v -0.0479072034 0.080936119 0.366849631
v -0.0429348014 0.115232408 0.35967049
v -0.0679720193 0.131332025 0.350461751
v -0.0686056837 0.0958889574 0.357963353
v -0.0781726763 0.0710474476 0.361765355
v -0.0890985355 0.0443122201 0.36383757
v -0.0634321794 0.178102061 0.33569333
v -0.115304388 0.0361469425 0.165682256
v -0.112232976 0.065034993 0.169752926
v -0.104250088 0.0896594152 0.170577973
v -0.0925918818 0.11032974 0.173367739
v -0.0956287608 0.0986803174 0.159257352
v -0.106556617 0.0763160884 0.157610178
v -0.111420214 0.0504181348 0.156884342
v 0.0041931821 0.454700857 0.0288619846
v -0.0077018654 0.441045284 0.0370212197
v -0.0553636849 0.222144544 0.291285574
v -0.022574909 0.427481413 0.0294744819
v -0.0880830362 0.195863187 0.240282536
v -0.0265178028 0.154640466 0.196681738
v -0.0730359331 0.216156974 0.279629052
v -0.0200005751 0.379148751 0.103182644
v -0.015750682 0.423652202 0.0059773922
v -0.0191894323 0.400646955 0.0770296603
v -0.0238904711 0.386222631 0.0909746289
v -0.0541066527 0.243352696 0.256723464
v -0.0832490996 0.207809314 0.260997891
v -0.0806652084 0.229461998 0.234915733
v -0.0388610028 0.374302179 0.0731042176
v -0.0324561335 0.391271919 0.0608578771
v -0.0250159185 0.418543756 0.0273624361
v -0.0332934111 0.385112524 0.0492071509
v -0.0398694873 0.367086977 0.0608162433
v -0.0867639184 0.215872571 0.216518819
v -0.0864816979 0.18379496 0.218080014
v -0.0850508735 0.200073585 0.196525872
v -0.0354511924 0.360230863 0.0489617884
v -0.0292148832 0.378730595 0.0373591036
v -0.0131412167 0.443659574 0.0228183419
v -0.00558159268 0.367746115 0.0237761438
v -0.0111876456 0.349924237 0.0356754214
v -0.05177176 0.18365252 0.16929853
v -0.0274696946 0.396668464 0.0704343617
v -0.0332027748 0.38105312 0.0835838616
v -0.0692940056 0.237987697 0.248854995
v 0.0105450004 0.409561813 -0.00288973749
v -0.0161646977 0.39434582 0.086399734
v -0.0771357343 0.223330662 0.25619328
v -0.0733523816 0.244776785 0.229331821
v -0.0573502071 0.303469807 0.155263156
v -0.0396429859 0.368302733 0.0871790051
v -0.0334198289 0.386251956 0.0718147159
v -0.0276622158 0.401849777 0.0607092679
v -0.0883264318 0.198232859 0.218708217
v -0.0839684606 0.218166932 0.192844629
v -0.0640253946 0.280691683 0.124983668
v -0.0421384163 0.352778226 0.0619948953
v -0.0349142291 0.373133808 0.0486356467
v -0.0294727273 0.390470982 0.0376955122
v -0.0637113079 0.230308041 0.269179881
v -0.0604694188 0.251709789 0.23898375
v -0.0479436815 0.312077254 0.163314581
v -0.0314263478 0.375391006 0.0964662135
v -0.0263038911 0.391670555 0.0803605616
v -0.0212042984 0.406242996 0.0683693439
v -0.0674983338 0.17407088 0.189226002
v -0.0596186221 0.197596952 0.158319354
v -0.0443803221 0.268599778 0.0992150605
v -0.0222173855 0.341730833 0.043630138
v -0.0157924742 0.361310661 0.0311678797
v -0.0105550233 0.378599018 0.0187107921
v -0.0857728645 0.212796539 0.238265395
v -0.0820118636 0.233601063 0.213418841
v -0.0634807572 0.29221049 0.141826302
v -0.0436196439 0.360342264 0.0749713778
v -0.0365894809 0.379868448 0.0606774837
v -0.0307309963 0.396490484 0.0500819236
v -0.0390735529 0.213483587 0.312514603
v -0.045115348 0.233618841 0.276926666
v -0.0444562398 0.254855275 0.243905544
v -0.0350415669 0.0677902028 0.374426693
v -0.0121876961 0.408176571 0.0735425502
v -0.0135046486 0.415317327 0.00305150449
v -0.0173285678 0.436242044 0.0222779661
v -0.0107008042 0.434137493 0.00146277249
v -0.0186511558 0.434050977 0.0313318819
v -0.0133760097 0.436642587 0.0391612649
v 0.00648892997 0.399209827 0.000126585364
v -0.0177991744 0.42697528 0.0488227159
v -0.00631633494 0.438071907 0.0435988903
v -0.0204096269 0.429686457 0.0189889818
v -0.0104795294 0.42920804 0.0537870228
v -0.00431020185 0.43462491 0.0504856706
v -0.00836980157 0.42471084 0.000102609396
v 0.0126283346 0.420708328 -0.00422269106
v -0.00832972024 0.445838362 0.0294964612
v -0.00803795364 0.453226268 0.0194756091
v -0.0231112968 0.423562318 0.0403012782
v -0.0229387153 0.417995304 0.0503727943
v -0.0148227662 0.439813763 0.0123242438
v -0.010859522 0.445449263 0.000914797187
v -0.0209843833 0.412423998 0.0129728317
v -0.0257888492 0.407733709 0.0258393437
v -0.0019371435 0.446970791 0.0335061252
v -0.00247449218 0.454991966 0.0243998915
v -0.0166032128 0.421408325 0.0572070628
v 0.00786666013 0.43269366 -0.00929769874
v -0.0186914019 0.401413709 0.0128636509
v -0.0116126454 0.450234562 0.0113701224
v -0.0265390873 0.413443357 0.0396484882
v -0.00047842809 0.441465616 0.0409741998
v -0.0083589321 0.422851413 0.0616473705
v -0.0359817334 0.316451073 0.16745019
v -0.0148037039 0.415196329 0.065303877
v -0.0286382027 0.402119875 0.0386011004
v -0.0272811297 0.407534301 0.0506732315
v -0.022367334 0.411992311 0.0596235394
v 0.000247959397 0.384397328 0.0109249502
v -0.0249963589 0.396080524 0.025355652
v -0.0121652773 0.43360725 0.0463427603
v -0.0161341969 0.431273609 0.00995829701
v -0.0216405224 0.422004372 0.0152687579
v -0.0136807356 0.439327508 0.031715557
v -0.0186011456 0.431346506 0.0401642174
v -0.00119798351 0.147736952 0.17663154
v -0.0484096259 0.1530485 0.200883657
v -0.017147271 0.161753461 0.199782163
v -0.02311836 0.149329573 0.184027076
v -0.00725779962 0.146078154 0.16747874
v -0.00488391006 0.1588507 0.202283472
v -0.00639477838 0.140438125 0.142182946
v -0.0147832781 0.135613412 0.12910533
v -0.00208609039 0.133649319 0.119040847
v 0.00553925801 0.138355553 0.134734869
v -0.0111420965 0.129474565 0.108579934
v 6.54910691e-05 0.129445672 0.0993543416
v 0.00896287896 0.132736161 0.112589389
v -0.00891961344 0.127196208 0.089531213
v 0.00143270369 0.128991812 0.0798615515
v 0.0103770876 0.130134568 0.0927849561
v -0.00657865219 0.126781717 0.0702604353
v 0.0037986578 0.128293797 0.0605839342
v 0.0119437566 0.13019073 0.0729929358
v -0.00426481059 0.124250948 0.0512876064
v 0.00587520422 0.124734655 0.0417921096
v 0.0145365717 0.128673807 0.0538274795
v -0.0025513866 0.121592484 0.0327510387
v 0.00743628573 0.123086028 0.0236021429
v 0.0162778422 0.125192657 0.0352531523
v -0.000265468261 0.123109415 0.0146079808
v 0.0100455284 0.126433343 0.00566919148
v 0.0177524425 0.124615043 0.0171887875
v 0.0024686188 0.130025491 -0.00352521241
v 0.0132989725 0.135805726 -0.0124468058
v 0.0205397923 0.129340768 -0.000798806548
v 0.00504557043 0.141612872 -0.0219716728
v 0.0169292502 0.147377253 -0.0309394896
v 0.0242863987 0.13976869 -0.0189484358
v 0.00836561993 0.151695237 -0.0410589725
v 0.0210376065 0.155926108 -0.0497421697
v 0.0284418855 0.150267437 -0.0373609588
v -0.0191551354 0.143212467 0.15454042
v 0.000926584238 0.144314215 0.15970993
v -0.0195841733 0.178796664 0.18563652
v -0.0294991173 0.166693315 0.193462849
v -0.00901945587 0.174959376 0.19941923
v 0.0339968167 0.408067167 0.00678494573
v 0.0269740261 0.404617012 0.0028783083
v 0.0341268554 0.399766713 0.00765585899
v 0.0402822495 0.404548973 0.0118104517
v 0.0223456919 0.373482794 0.0228867233
v 0.0107088322 0.364745468 0.0257297903
v 0.0157404114 0.356630355 0.0339613706
v 0.0267154966 0.368173122 0.0311045498
v 0.00507369637 0.34741506 0.0370870978
v 0.0105811618 0.338819534 0.0451948494
v 0.0208792146 0.351156622 0.0418798625
v -0.00768876169 0.2687172 0.0946791917
v -0.0182607546 0.200438559 0.157006621
v -0.0299110319 0.186260566 0.1688613
v -0.00896595139 0.194872499 0.172923118
v 0.0364844091 0.423049837 -0.0010497421
v 0.0275556128 0.415235758 0.000854492188
v 0.0410403796 0.415760845 0.00698265433
v 0.0244301613 0.395189196 0.00514531136
v 0.0298228264 0.388944775 0.012821272
v 0.0398409069 0.396772116 0.0137952119
v 0.0177551825 0.381209463 0.0141774565
v 0.0341719277 0.384355605 0.0208451748
v 0.00485713407 0.166651174 0.211760044
v -6.87397551e-06 0.184902221 0.20039466
v -0.0390375182 0.158346087 0.198999077
v -0.0414438769 0.17337963 0.182439029
v -0.0807680115 0.137912929 0.207656533
v 0.0475284271 0.422516525 0.00706610084
v 0.0219063722 0.426371276 -0.00658740103
v -0.000357991899 0.35730353 0.02990444
v 0.00558714336 0.374198943 0.017887786
v 0.0284102801 0.358279616 0.043096602
v 0.0346423201 0.374887198 0.0326039642
v 0.0417804345 0.390127301 0.023281768
v 0.0124449236 0.390035659 0.0061634481
v -0.0061827735 0.338715851 0.0417219996
v 0.0239158683 0.340962231 0.0543106198
v -0.027341146 0.26641506 0.0936247259
v 0.00853495393 0.274198651 0.104527861
v -0.0393412933 0.196996301 0.153457969
v 0.000947654829 0.204622999 0.171298712
v 0.019322833 0.411461502 -0.000460848212
v 0.0177144557 0.402157307 -0.000364437699
v 0.0455036275 0.400501668 0.0179037303
v 0.0447901003 0.407904863 0.0155802816
v 0.00417775102 0.417677104 -0.00337471068
v 0.000570933335 0.408174545 -0.00259587169
v -0.00374290487 0.439304978 -0.00702640414
v -0.0571635626 0.272773474 0.109874606
v -0.00507600745 0.395047575 0.00553366542
v -0.0348185115 0.346462429 0.0508534759
v -0.0279189628 0.366743803 0.0379596204
v -0.0835465118 0.184974059 0.203134447
v -0.0228782874 0.384329289 0.0260750949
v -0.0761685967 0.204344437 0.172379464
v -0.00457071327 0.416499943 -0.00210727751
v -0.0725720376 0.187520906 0.179095536
v -0.0197318625 0.372751951 0.0280111879
v -0.000755040441 0.427384704 -0.00447872281
v -0.00982447807 0.405623138 0.00272361934
v -0.074332267 0.167896315 0.205596566
v -0.0150794238 0.38990286 0.0149067789
v -0.025541231 0.354365259 0.0399149209
v -0.016647147 0.151395217 0.190261334
v -0.0354524069 0.150799081 0.192810416
v -0.0536866076 0.14229022 0.176758379
v -0.0446604975 0.14704977 0.185377151
v -0.0402800143 0.142227769 -0.0466846153
v -0.0404670238 0.132323727 -0.0278351083
v -0.0480098538 0.13549979 -0.0376550034
v -0.0124560837 0.146928921 -0.0395334512
v -0.038938351 0.119800761 -0.00859576464
v -0.0465671979 0.123082839 -0.0181483477
v -0.0137399007 0.136893436 -0.0202262253
v -0.0393461213 0.111486547 0.0105521828
v -0.0447435156 0.110962383 0.0010574162
v -0.0142986365 0.126306266 -0.00149531662
v -0.0425809585 0.108980648 0.0301372558
v -0.0471241735 0.10570778 0.0204041004
v -0.0160587747 0.119899563 0.0170588642
v -0.0445299409 0.107734323 0.0502056181
v -0.0511082523 0.105022825 0.0405234247
v -0.0183354877 0.117918767 0.0357942432
v -0.0451793633 0.106944792 0.0701746792
v -0.0512401164 0.102920391 0.0611030161
v -0.0201474708 0.119035363 0.0546864867
v -0.0480289422 0.108500533 0.0898118615
v -0.0519030765 0.102705814 0.0813484043
v -0.0223745834 0.120902278 0.0736591369
v -0.0541493967 0.112711206 0.109459639
v -0.0563617013 0.105884209 0.10131228
v -0.0258679222 0.122529618 0.0927032977
v -0.0624360219 0.119096413 0.131132841
v -0.0639264882 0.111423515 0.121706158
v -0.0305048339 0.126102284 0.111624658
v -0.0711430833 0.126580268 0.157763571
v -0.0730315372 0.118297413 0.145872474
v -0.0363144651 0.132746965 0.133030534
v -0.0806845948 0.125060365 0.173431695
v -0.041585207 0.140826806 0.159325033
v -0.0891356692 0.120764077 0.186891586
v -0.0832640156 0.11569076 0.160449207
v -0.0317587405 0.145716518 0.169955313
v -0.0284676906 0.13830547 0.142780781
v -0.0849937722 0.129721001 0.198644698
v -0.0744484887 0.109244041 0.134695143
v -0.0234576538 0.130672082 0.119700104
v -0.0658124015 0.103010155 0.112966299
v -0.0194782633 0.125993714 0.100348592
v -0.092280224 -0.00191002316 0.0625973791
v -0.0597764552 0.0982479006 0.0926410109
v -0.0163277406 0.124508485 0.0813198686
v -0.0579137094 0.0965519771 0.0720225722
v -0.0136857079 0.122972332 0.0622806698
v -0.0596725903 0.0993560925 0.0509606749
v -0.0117907925 0.120418765 0.043452099
v -0.0569740348 0.100408569 0.0301044583
v -0.00977280643 0.120209299 0.0249086767
v -0.051972013 0.102258563 0.0105152279
v -0.00733533408 0.124401584 0.00655788183
v -0.0529222898 0.112619817 -0.00851550698
v -0.00556809222 0.13384749 -0.011845395
v -0.0559514239 0.126381129 -0.0281763971
v -0.00388636347 0.145151585 -0.0307960287
v -0.0560995154 0.13486883 -0.0472939163
v -0.00100305304 0.152867869 -0.0500660092
v 0.0459655747 0.148685366 0.203234822
v 0.0671574026 0.147438005 -0.0483540595
v 0.0649000108 0.139876723 -0.0300320163
v 0.0484685488 0.150981918 -0.0437809974
v 0.076220043 0.137914389 -0.0367079452
v 0.0609127991 0.130604669 -0.011375308
v 0.044582542 0.141984925 -0.0256928951
v 0.0732285008 0.129961848 -0.0175471455
v 0.0580103584 0.123284847 0.00688239932
v 0.0403701924 0.131759241 -0.00748708844
v 0.0696800351 0.121197395 0.000783324242
v 0.0572020821 0.122062162 0.0254823267
v 0.0375743471 0.125620678 0.0107321441
v 0.0688965544 0.118044615 0.0192537308
v 0.0557539277 0.123631746 0.0444635451
v 0.0364337675 0.125401586 0.0291041434
v 0.0675638542 0.118955329 0.0384431332
v 0.0531304777 0.125008255 0.0635221601
v 0.0351678692 0.127784625 0.0477235317
v 0.0645987093 0.120434545 0.0577222705
v 0.0506509915 0.12686567 0.0830124766
v 0.0326274857 0.129407272 0.0666541904
v 0.0617857277 0.122327588 0.07707192
v 0.0489317738 0.129421189 0.103390515
v 0.0302681271 0.130356848 0.0863547623
v 0.060344547 0.125213742 0.0972895175
v 0.0467535183 0.133111134 0.124947429
v 0.0285405051 0.132187694 0.10658133
v 0.0590719767 0.12899743 0.118354321
v 0.043890629 0.138323054 0.150341332
v 0.0260075834 0.136115626 0.128421396
v 0.0568821914 0.133959845 0.141904265
v 0.0194534045 0.148378357 0.185931474
v 0.0419039279 0.14395462 0.178263307
v 0.0553116985 0.144212827 0.19504261
v 0.0219056476 0.141725346 0.154705167
v 0.0551775359 0.13969247 0.169237167
v 0.0201306771 0.158295095 0.210527867
v 0.0681662783 0.139983073 0.201737761
v 0.06907361 0.136738405 0.178130329
v 0.011575914 0.152710646 0.195970595
v 0.00661829067 0.145816788 0.169338703
v 0.069637306 0.131488249 0.151179731
v 0.0138276368 0.140245929 0.14431721
v 0.0708526149 0.125894293 0.126843363
v 0.071463339 0.121104501 0.105213821
v 0.0176741593 0.134635851 0.120151907
v 0.0196168646 0.131282777 0.0995316207
v 0.0716381446 0.117305376 0.0845818371
v 0.0211461093 0.130458876 0.0794771463
v 0.0740586445 0.115186214 0.0649520904
v 0.0236947052 0.129676014 0.0600760281
v 0.0778702423 0.113541856 0.045403406
v 0.0258904155 0.127022192 0.0413207412
v 0.0802083537 0.111870401 0.0256529897
v 0.0269930642 0.124992788 0.0229857564
v 0.0800719559 0.11283417 0.00670720637
v 0.0289334245 0.127314791 0.00485785306
v 0.0826237127 0.120204031 -0.0113760084
v 0.0324218571 0.135673881 -0.0132825077
v 0.0856230259 0.128404289 -0.0306527987
v 0.0366599858 0.146310434 -0.0315135494
v 0.0863614827 0.134754747 -0.0499366447
v 0.0407367013 0.155042991 -0.0496165231
v 0.0545524321 0.148178726 0.213577211
v -0.0576079004 0.148194239 0.198933423
v -0.0769859031 0.132970363 0.185579598
v -0.0200001057 0.147961706 -0.047968477
v -0.0213593114 0.139528558 -0.0289474428
v -0.0211663805 0.128470138 -0.00991001725
v -0.0218460821 0.120205797 0.00882381201
v -0.0239810925 0.116458617 0.0277183652
v -0.0260064658 0.115882412 0.046831578
v -0.0277666934 0.117075801 0.0659359097
v -0.0307490565 0.118680559 0.0849722773
v -0.0356000066 0.121649735 0.103951246
v -0.0419044606 0.127301991 0.12405166
v -0.0489302538 0.134974912 0.149034023
v -0.0604452901 0.136611626 0.166525662
v -0.0534679405 0.128883272 0.138686746
v -0.0456846952 0.121840753 0.115622312
v -0.0393293463 0.117049806 0.0962212384
v -0.0350394435 0.114667572 0.0770821124
v -0.0329649076 0.113598011 0.0578618348
v -0.0313282609 0.113618337 0.0384655893
v -0.0290086772 0.115546301 0.0191576034
v -0.027397275 0.121018432 0.000175133348
v -0.0278237555 0.13121599 -0.0187396556
v -0.0278882142 0.142141327 -0.0378753245
v -0.0645720139 0.142699301 0.192658693
v -0.0694116205 0.150371149 0.209865749
v 0.109471731 0.132244006 -0.145077482
v 0.124307871 0.0999448672 -0.144519031
v 0.130990699 0.0613984093 -0.142200887
v -0.0812348947 0.119033694 -0.137656912
v -0.0990134627 0.0911521539 -0.13888216
v -0.10794498 0.0560502596 -0.138502777
v 0.0307936128 0.176690087 -0.136831194
v -0.0201705676 0.161474392 -0.137412921
v -0.0584962554 0.139680222 -0.136829332
v 0.00394901354 0.170816228 -0.137006551
v 0.0698301196 0.168750942 -0.139702544
v 0.0903038606 0.155600607 -0.142973036
v 0.0497235619 0.175568759 -0.137454778
v -0.0401072986 0.151990086 -0.137115553
v 0.126624182 0.0414322838 -0.110674009
v 0.096238412 0.141100764 -0.1127529
v 0.106765114 0.129887328 -0.130700052
v 0.113589823 0.113777913 -0.114389747
v 0.105410933 0.129693672 -0.105946884
v 0.109560251 0.126582786 -0.100919187
v 0.108947694 0.128928527 -0.0972838849
v 0.121142782 0.0993676558 -0.130375952
v 0.123853326 0.0807925016 -0.112956196
v 0.120534144 0.0983988866 -0.106783345
v 0.121924356 0.0992611423 -0.10159947
v 0.122954033 0.0998877212 -0.0973721743
v 0.12762703 0.061917685 -0.127965078
v 0.126236111 0.0616562963 -0.104793862
v 0.127605483 0.0618399158 -0.0994918048
v 0.128659174 0.062883921 -0.0952391773
v -0.106213883 0.0359152816 -0.107629701
v -0.0879102647 0.104999982 -0.107966632
v -0.0796365663 0.118105821 -0.123318613
v -0.0670906678 0.128379628 -0.106185555
v -0.0794667825 0.117303848 -0.0991705805
v -0.0783557147 0.121359758 -0.093366079
v -0.0833359808 0.117566325 -0.0901313275
v -0.100642703 0.0734354183 -0.108830124
v -0.0967352986 0.0907373652 -0.1248006
v -0.0960571095 0.0895528793 -0.101049796
v -0.0958116427 0.0946920216 -0.095417887
v -0.0992622375 0.0885094255 -0.0917734057
v -0.105681516 0.0550147258 -0.124556273
v -0.104208075 0.0555663966 -0.101355024
v -0.10529156 0.0549957827 -0.0958366543
v -0.106724836 0.0494154356 -0.0914343596
v 0.0185312238 0.167314932 -0.106038973
v 0.0302364659 0.17357415 -0.122208849
v 0.0417618006 0.171190038 -0.10589236
v 0.030155018 0.169346049 -0.0985114276
v 0.0310744047 0.170358509 -0.0933469087
v 0.0292439498 0.170639768 -0.0901186019
v -0.0254883058 0.15174824 -0.106928259
v -0.0196200181 0.158076689 -0.123170905
v -0.00774967577 0.158142969 -0.106653228
v -0.0187247191 0.153586134 -0.0990675986
v -0.0174908061 0.154999971 -0.0935941041
v -0.0208320674 0.154642671 -0.089784354
v -0.0573755614 0.137821957 -0.122562714
v -0.0457497574 0.142901644 -0.106073454
v -0.0558775142 0.13709712 -0.0985829085
v -0.057263758 0.137847438 -0.0930463076
v -0.0609548092 0.136899292 -0.0884311199
v 0.0036354356 0.166999623 -0.122565195
v 0.00537217082 0.161930338 -0.0996668562
v 0.00464983517 0.162332609 -0.0947261006
v 0.000289582065 0.16180791 -0.0905580446
v 0.0552917905 0.16940473 -0.106501311
v 0.0681151673 0.166084826 -0.124751486
v 0.0770459399 0.158926353 -0.109381899
v 0.0687979758 0.164600626 -0.100647986
v 0.0689261109 0.165898785 -0.0953151137
v 0.0667301044 0.167635784 -0.0910175443
v 0.0876466185 0.15303795 -0.128068715
v 0.0873145759 0.151296005 -0.104050092
v 0.0883651301 0.152020037 -0.098742649
v 0.0884585604 0.152912259 -0.0941833481
v 0.048676163 0.172959566 -0.12265081
v 0.0500831753 0.170639083 -0.0992867798
v 0.049413573 0.171728492 -0.0939520895
v 0.0510209166 0.172320038 -0.0900875479
v -0.0389016643 0.149424881 -0.122924633
v -0.0373671651 0.147105202 -0.0990141779
v -0.0381450653 0.147973269 -0.0933426023
v -0.0406143852 0.147864386 -0.0884194523
v 0.11620041 0.116479337 -0.138628542
v 0.0990234688 0.144236624 -0.137576789
v 0.0783264339 0.162400991 -0.13434051
v 0.127111301 0.0821260735 -0.136899084
v 0.130541265 0.0410463922 -0.13466011
v -0.0695760623 0.129655823 -0.130486846
v -0.0904317647 0.105704449 -0.131809756
v -0.0478834771 0.145849317 -0.130400479
v -0.103439473 0.0740920231 -0.132483557
v -0.109116487 0.0355816782 -0.131365255
v 0.0409730002 0.175571218 -0.130232438
v 0.0174402259 0.173368454 -0.130087674
v 0.0553499162 0.172948435 -0.131039962
v -0.0098464014 0.164213628 -0.13063404
v -0.0274107307 0.157087445 -0.130868897
v 0.127151579 0.0415632427 -0.077011697
v 0.0969465077 0.136129543 -0.0776173845
v 0.10781344 0.127335846 -0.0862888768
v 0.114212327 0.110960223 -0.079530336
v 0.104649305 0.120548964 -0.0706797242
v 0.121854879 0.0985210687 -0.0867124572
v 0.123714924 0.0798845515 -0.0786846578
v 0.117784493 0.093222402 -0.0713809356
v 0.127632186 0.0627888814 -0.0848269835
v 0.123961784 0.0600093678 -0.069843702
v -0.0665349364 0.131895587 -0.0707818195
v -0.0808436647 0.117368512 -0.0644284263
v -0.0890882388 0.111707188 -0.072567679
v -0.0746472254 0.127202034 -0.0781591907
v -0.0994857475 0.0897077471 -0.0650646389
v -0.10388191 0.0795770213 -0.0731149688
v -0.0954277143 0.103176549 -0.080269888
v -0.106025651 0.0501785539 -0.0648537278
v -0.10565155 0.0368269794 -0.0726487786
v -0.104893781 0.066060625 -0.0804660469
v 0.0380038284 0.166710287 -0.0746631771
v 0.021179663 0.161609098 -0.0678955019
v 0.0157043748 0.163028568 -0.0755560324
v 0.0334636532 0.169180393 -0.0814655498
v -0.0246546753 0.15149571 -0.0717967525
v -0.0139411306 0.155895099 -0.0797875226
v -0.00817753375 0.155991346 -0.0737884715
v -0.0209742486 0.151276767 -0.0647015423
v -0.0456855707 0.143741235 -0.0703965202
v -0.0591922589 0.135145977 -0.0632985979
v -0.0514757 0.141767412 -0.0771481022
v -0.00251394324 0.155845046 -0.0669618919
v 0.00938782003 0.163540632 -0.0816365257
v 0.0531577468 0.165895626 -0.0742438585
v 0.0717618093 0.161408544 -0.0810508952
v 0.0775817484 0.153671637 -0.0746721104
v 0.0648844168 0.157289907 -0.0658925921
v 0.0862235501 0.142230451 -0.0679843351
v 0.0879376754 0.149428621 -0.0831174925
v 0.0440611914 0.163258076 -0.0671220571
v 0.0480424464 0.169674963 -0.0808034614
v -0.0347462706 0.149309933 -0.0776558071
v -0.0413438492 0.145007998 -0.0631352887
v 0.116877727 0.115067177 -0.0930096954
v 0.0988614261 0.141585261 -0.0910926312
v 0.110201217 0.103815667 -0.0628308281
v 0.0950319991 0.128387749 -0.0609543175
v 0.0768265575 0.144918755 -0.055220373
v 0.0784691051 0.159222692 -0.0862156972
v 0.126730502 0.0825539455 -0.0917813778
v 0.119689159 0.0748807415 -0.0625398606
v 0.129630908 0.0421338119 -0.0898211151
v 0.124080859 0.0395112522 -0.0610096753
v -0.0898754522 0.110723853 -0.0858836249
v -0.0678692162 0.132611468 -0.0836981237
v -0.0852342099 0.106441654 -0.0568758622
v -0.0656175837 0.128214896 -0.0560076982
v -0.0476525538 0.141211495 -0.0553537309
v -0.0457254276 0.145440966 -0.0831748173
v -0.102754377 0.0780205056 -0.086798884
v -0.100871384 0.0748091862 -0.0562986806
v -0.107751563 0.0357840396 -0.0876902491
v -0.105409823 0.034602996 -0.0583907291
v 0.0191934314 0.167855605 -0.0869093016
v 0.0412895344 0.171349555 -0.0851465762
v 0.0110811358 0.157504544 -0.0596592873
v 0.03249944 0.15835759 -0.0557959527
v 0.0507698953 0.159464821 -0.0610848665
v 0.0558417998 0.1712154 -0.087800093
v -0.0108883083 0.152263597 -0.0578538254
v -0.00761791784 0.159087703 -0.0858220831
v -0.0267735962 0.148497716 -0.0559252128
v -0.0248787459 0.153404266 -0.0845333561
v 0.105798714 0.1278712 -0.142767414
v 0.119702697 0.0976622924 -0.142510995
v 0.126606807 0.0608027875 -0.140666738
v -0.0782086998 0.114861451 -0.135868952
v -0.0947177187 0.0884838253 -0.137130529
v -0.10380923 0.0534112267 -0.136639327
v 0.0303822458 0.171443865 -0.135005847
v -0.019274544 0.156443745 -0.135575518
v -0.0561099164 0.135363221 -0.135092407
v 0.00405012816 0.165591702 -0.135251164
v 0.0678503439 0.164030716 -0.137652799
v 0.0875594839 0.151169568 -0.140699834
v 0.0481329337 0.170482248 -0.135512114
v -0.0382206626 0.147466943 -0.135314047
v 0.0995992944 0.122252367 -0.119957909
v 0.114259303 0.094093971 -0.120049104
v 0.119424902 0.0586555712 -0.117868304
v -0.0742647052 0.112620369 -0.112761103
v -0.090265505 0.0869635716 -0.1150451
v -0.0983255059 0.0521675721 -0.114311501
v 0.0280360971 0.162955567 -0.111997902
v -0.0189119037 0.147765175 -0.113046706
v -0.0524719022 0.131443575 -0.111767501
v 0.00326969777 0.156313971 -0.112464309
v 0.0625929013 0.156264365 -0.113919504
v 0.0822752938 0.144462764 -0.117083505
v 0.0446696989 0.16215238 -0.112420306
v -0.0348855034 0.141424373 -0.112310708
v 0.0173348282 0.16530703 -0.124909185
v 0.0388703495 0.167507142 -0.124998629
v 0.110393643 0.110442482 -0.132893324
v 0.121014379 0.0780847147 -0.131654322
v -0.0249853563 0.150096163 -0.125547856
v -0.00833416637 0.156764969 -0.125494078
v 0.124077551 0.0388623476 -0.129677325
v -0.0652293712 0.12435095 -0.125185505
v -0.0447352491 0.139784515 -0.125028342
v -0.102947615 0.0339905731 -0.126160696
v -0.0848309323 0.10131792 -0.126723617
v 0.0526226871 0.165283591 -0.125755474
v 0.0752231404 0.154939532 -0.128686607
v -0.0972746909 0.0710928962 -0.127327129
v 0.0945227891 0.137184039 -0.1316358
v -0.10688962 0.0522817075 -0.142011985
v -0.107730724 0.0588108115 -0.142111167
v 0.0882777497 0.155327857 -0.146447852
v 0.0922723636 0.154521748 -0.146900862
v -0.0972944871 0.089850381 -0.142458856
v -0.0988787562 0.0908171907 -0.142685562
v 0.0692239478 0.166931584 -0.14343439
v 0.0701579377 0.168551907 -0.143804908
v -0.0816256031 0.1146366 -0.141077489
v -0.0798379704 0.119678728 -0.141568899
v 0.00229238602 0.168388247 -0.140938506
v 0.00621541729 0.171716183 -0.140698582
v -0.0578548312 0.137464806 -0.140477568
v -0.0586006343 0.139214084 -0.140658334
v 0.129515201 0.0636545718 -0.146302402
v 0.131664932 0.0577761792 -0.145763204
v -0.0207533091 0.159243271 -0.141192257
v -0.0186382234 0.162145436 -0.141085327
v 0.122105576 0.101103835 -0.148264334
v 0.125525653 0.0968847424 -0.148001447
v 0.030993415 0.174634606 -0.140585348
v 0.0310714841 0.176486984 -0.140829235
v 0.108346663 0.13030839 -0.148436069
v 0.109777801 0.131745711 -0.14887403
v -0.0392907225 0.150181323 -0.140680999
v -0.0400032923 0.151837677 -0.140903234
v 0.0494123846 0.173414096 -0.14121069
v 0.0500096045 0.175258547 -0.141539723
v 0.016632149 0.452372819 -0.0213876218
v 0.0297772773 0.447079837 -0.0194022506
v 0.00529475277 0.458132774 -0.0196831077
v 0.0100848433 0.475441366 0.0104602277
v 0.0199466664 0.474306524 0.014723137
v -0.00272509782 0.463573605 -0.0141222924
v 0.0527898036 0.445699453 -0.00917057693
v 0.0586177297 0.447506189 0.00108449161
v -0.00472419569 0.468663067 -0.00611814857
v 0.0593328178 0.451774985 0.00982166827
v 0.0436468236 0.445329189 -0.015349254
v -0.00192755321 0.472319633 0.000595122576
v 0.0539514199 0.458010703 0.0163371563
v 0.00329718436 0.474612743 0.00594606996
v 0.0429413728 0.465795457 0.0187447518
v 0.0304885637 0.471944958 0.017348513
v 0.0106202709 0.461873293 0.0245187432
v 0.0569286905 0.437619388 0.0137040764
v 0.0544642769 0.442851394 0.0214488208
v 0.0334424786 0.459182918 0.0263931602
v 0.0218363758 0.464257151 0.0242667198
v 0.0458931886 0.450879276 0.0259415358
v 0.00555042364 0.446226269 -0.0150026232
v 0.0466380641 0.43773365 -0.00765116513
v 0.0324177667 0.434897184 -0.0108223855
v -0.00429318659 0.45234704 -0.0105568022
v -0.0085190786 0.457813919 -0.00191935897
v -0.00227023545 0.46444115 0.0129580647
v -0.00686324853 0.46194309 0.00677999854
v 0.00397178624 0.465884537 0.0173325986
v 0.0537924282 0.43425861 0.00434444845
v 0.0180727448 0.440013647 -0.0147250742
v 0.0113304611 0.345558941 0.130514592
v 0.0198648553 0.351429582 0.116879314
v 0.0226909537 0.337402195 0.122215509
v 0.0146711608 0.331164837 0.136415571
v 0.0284704696 0.328244925 0.110819221
v 0.0311759394 0.333744556 0.0948870927
v 0.0281320848 0.319636971 0.0971717387
v 0.0266876202 0.313312471 0.114039838
v -0.0036094361 0.350581318 0.135077029
v 0.00649150275 0.358826935 0.123073101
v 0.00102082174 0.337557703 0.142921299
v 0.0280313399 0.326328486 0.0812572539
v 0.0217488836 0.312559277 0.0828334391
v 0.0231688228 0.304624408 0.0995326638
v 0.0284670386 0.342413157 0.107144177
v 0.0237223096 0.322547972 0.12664786
v -0.0189755298 0.350792885 0.136284709
v -0.00888207182 0.36154902 0.126108259
v -0.014877392 0.34000352 0.146104574
v -0.0323933661 0.337663323 0.145236492
v -0.0332993455 0.347330838 0.132663399
v -0.0213116687 0.360748291 0.125093669
v -0.0445462279 0.339457989 0.125470012
v -0.0536131971 0.321523696 0.129623413
v -0.0523794852 0.329393566 0.113836169
v -0.0442419723 0.348028004 0.110717177
v -0.055333931 0.31922099 0.0990124494
v -0.0571529381 0.301081687 0.0993809551
v -0.0513878241 0.311521083 0.084471181
v -0.0509257317 0.329306632 0.0835760683
v -0.0445771776 0.331202358 0.139723718
v -0.0341954231 0.35644263 0.119426966
v -0.0409748517 0.306927085 0.0731931329
v -0.0346718282 0.292280227 0.0772316009
v -0.0256397929 0.304637849 0.066210106
v -0.032689333 0.318792909 0.0611398816
v -0.0586840697 0.31039387 0.115153223
v -0.0504259579 0.338286638 0.098103106
v -0.00751458388 0.304539114 0.0651396662
v 0.00185303995 0.294588804 0.0766438842
v 0.0100067593 0.308061153 0.0709322095
v 0.00147924921 0.317352831 0.0580175519
v -0.0167019572 0.291222304 0.0736379176
v -0.0165226739 0.316872388 0.0565080792
v 0.0139244441 0.298716486 0.0849501044
v 0.0189515129 0.320955902 0.068097651
v -0.0486674681 0.295370907 0.0863187164
v -0.0447346494 0.322770298 0.0705104619
v -0.040136259 0.325232178 0.154621482
v -0.0271420628 0.325011194 0.160096288
v 0.000502719718 0.370437115 0.11430043
v -0.014783863 0.36847955 0.11830467
v -0.0101166116 0.328338385 0.154381514
v -0.0276253559 0.368931442 0.11046505
v 0.015105485 0.36445266 0.110495687
v 0.0050698854 0.323644429 0.14937377
v 0.0236595627 0.306977451 0.130387813
v 0.0170226116 0.316087782 0.141275704
v 0.0320999101 0.347137839 0.0923861563
v 0.0262890998 0.355912596 0.102903843
v 0.0321667343 0.339406103 0.0800078213
v 0.0236062612 0.297569364 0.116943598
v 0.0165993609 0.289021641 0.1021097
v 0.0264953822 0.333184868 0.0671129078
v 0.0159522817 0.332795531 0.0535291582
v 0.00534660881 0.287407249 0.0861531347
v -0.0383481495 0.362239063 0.102939248
v -0.0509928726 0.317745 0.148278713
v -0.0621737242 0.295702249 0.121021003
v -0.0588820353 0.307310611 0.136802912
v -0.0454527065 0.353571117 0.0917786211
v -0.0476000495 0.344838679 0.0781782717
v -0.0435007475 0.337612659 0.0650161058
v -0.0582917742 0.28683126 0.105181873
v -0.0478314236 0.281814486 0.0929422677
v -0.0334509872 0.332437962 0.054873243
v -0.0187148526 0.329206973 0.0492401421
v -0.0133893043 0.278838068 0.0834767967
v -0.0323999785 0.279022843 0.0850051194
v -0.00154486275 0.327928871 0.049275741
v -0.00145729445 0.28320092 0.191588104
v 0.00596706057 0.288794577 0.175770521
v 0.0118103195 0.274523705 0.18363905
v 0.00573470769 0.269738644 0.201222152
v 0.0202066191 0.262651831 0.172939897
v 0.0217652526 0.267156243 0.154007465
v 0.0208621807 0.250010282 0.158601582
v 0.0213515703 0.24613969 0.180357337
v -0.0171991233 0.287978679 0.197459698
v -0.00862723868 0.29591012 0.182729959
v -0.00915549602 0.276066124 0.207823277
v 0.0179980341 0.256680965 0.139341474
v 0.0120035587 0.240290537 0.14225772
v 0.0168998875 0.233252183 0.163444191
v 0.0169713814 0.278713465 0.166330874
v 0.0168185569 0.259561986 0.192631364
v -0.0328227505 0.288113624 0.201409608
v -0.0244417377 0.298155457 0.188119709
v -0.0258227717 0.278191417 0.212884635
v -0.0447112173 0.276271194 0.214718342
v -0.0474252515 0.285362512 0.200856954
v -0.0368674621 0.297338545 0.18979457
v -0.0590245016 0.278986961 0.196034372
v -0.06866052 0.263120472 0.201397181
v -0.0675778612 0.269543856 0.184999764
v -0.0596433058 0.286054313 0.180892467
v -0.0719072148 0.256967247 0.167887509
v -0.0746596009 0.237297639 0.164449215
v -0.0693241581 0.244766369 0.148471385
v -0.0690334961 0.263149172 0.1511136
v -0.0582822524 0.271294832 0.211044431
v -0.049543675 0.293681145 0.18735972
v -0.0589136556 0.236827105 0.132898569
v -0.0506374128 0.2222469 0.134664178
v -0.0430270396 0.233074054 0.124043852
v -0.052044332 0.24671334 0.120699763
v -0.075003095 0.251036584 0.185052097
v -0.06669458 0.275559515 0.168485373
v -0.024188742 0.232263312 0.122667849
v -0.0117238313 0.222854599 0.135464519
v -0.00402949331 0.235273585 0.128900945
v -0.0163097475 0.244352207 0.114363849
v -0.0318825021 0.220706433 0.131356239
v -0.0356201306 0.243980378 0.113949507
v 0.00367596745 0.226077065 0.145301431
v 0.00516993459 0.249323815 0.124897182
v -0.065958716 0.227193609 0.146055967
v -0.064121969 0.252710968 0.133471161
v -0.0518178642 0.264565557 0.2273736
v -0.0351254903 0.263521463 0.233168662
v -0.0152673181 0.307650775 0.174343824
v -0.0309859551 0.304828852 0.181364179
v -0.0172316507 0.26714921 0.224442273
v -0.0437389091 0.305376947 0.176745683
v 0.0001893515 0.302548259 0.168638587
v -0.000937934034 0.263185203 0.218863845
v 0.0199611448 0.243812531 0.202320784
v 0.0122215319 0.255531341 0.211807519
v 0.0207343753 0.284077317 0.149758101
v 0.0129338196 0.294223338 0.160480827
v 0.0213550087 0.273778766 0.13656643
v 0.019658057 0.229496226 0.187674284
v 0.00992234703 0.217769608 0.1678662
v 0.0133018484 0.264844447 0.122190475
v -0.000993170543 0.262441248 0.105917156
v -0.005893711 0.216166392 0.146741301
v -0.0545857251 0.298711568 0.171785057
v -0.0652872026 0.258739382 0.221335649
v -0.0801155493 0.235802278 0.189810991
v -0.0753365383 0.249484122 0.208749264
v -0.062588729 0.28906858 0.161540389
v -0.0667100176 0.277169138 0.146033734
v -0.0642821267 0.26620391 0.128675014
v -0.076709576 0.221656665 0.168348432
v -0.0644368455 0.21273683 0.151261538
v -0.0545015633 0.259378672 0.114789128
v -0.0396206789 0.255995423 0.106136739
v -0.0264506191 0.209695563 0.142522871
v -0.0466353521 0.209464177 0.142348766
v -0.0213006344 0.254940182 0.103612751
v 0.0165437683 0.454369307 -0.0170693845
v 0.0266589615 0.450843006 -0.0172426999
v 0.0075211511 0.458665609 -0.0147430748
v 0.0136324698 0.4723517 0.00919444859
v 0.0210205447 0.47175321 0.0122253597
v 0.00150001375 0.462832838 -0.00969716907
v 0.04862082 0.448328048 -0.00866250694
v 0.0539530702 0.451015949 -0.00099915266
v 0.000604825618 0.467138797 -0.00428929925
v 0.0546994284 0.454827398 0.00676777959
v 0.0385477096 0.448234975 -0.0145490766
v 0.0033751661 0.469972372 0.00073543191
v 0.0500738844 0.459645182 0.0125034153
v 0.00775513379 0.471712857 0.0052318275
v 0.0406753346 0.465678155 0.0147384554
v 0.0298749488 0.470074803 0.0143143088
v 0.0109952977 0.429634005 0.00324930251
v 0.019482499 0.426600367 0.00289089978
v 0.00349129783 0.433090776 0.00566530228
v 0.0081400983 0.443738788 0.0262133032
v 0.0139416978 0.443193197 0.0280780941
v -0.0019647025 0.436667591 0.0104124993
v 0.0381481014 0.424277157 0.00899009407
v 0.0419744961 0.426354796 0.0154653043
v -0.00242870231 0.439915568 0.0154644996
v 0.0421304964 0.42922917 0.0219020993
v 0.0297856983 0.424289167 0.00458289683
v -0.000172702363 0.442176372 0.019612506
v 0.0380912982 0.433109194 0.0266453028
v 0.00318409782 0.443317175 0.0234300941
v 0.0293952972 0.438175589 0.0291021019
v 0.0205552988 0.44191879 0.0293013006
v 0.0146925645 0.459358931 0.0181287974
v 0.0218425635 0.458377868 0.0201979429
v 0.0405476466 0.450425088 0.0202586502
v 0.0473359749 0.445380121 0.0163454115
v 0.00248286314 0.4492383 -0.00308674574
v -0.000735574868 0.453089267 0.00217938423
v 0.00379468105 0.458296925 0.0115155131
v 0.00860903412 0.459377378 0.0153076202
v 0.04641537 0.43869251 0.00265386701
v 0.0393801033 0.437411696 -0.00358226895
v 0.0306352656 0.455597907 0.0212589502
v 0.0490544103 0.441606522 0.00997498631
v 0.0185111817 0.441728503 -0.0080755055
v 0.00976106711 0.445289403 -0.00680167973
v 0.000568395946 0.456375271 0.00710271299
v 0.0288619678 0.438754171 -0.00720636547
v 0.0135719543 0.479942828 0.00444503129
v 0.0421516672 0.453383207 -0.0197411627
v 0.00834399834 0.464897066 -0.0211771578
v 0.0587892309 0.461224973 0.00373026729
v 0.0606385544 0.458701789 0.00422924757
v 0.0285025239 0.456245661 -0.0231028497
v -0.0248079244 -0.196788907 0.337815642
v 0.00397521164 -0.218447819 0.301686585
v 0.0204275772 -0.211522281 0.285820246
v 0.028574625 -0.203877538 0.269111603
v 0.0322290994 -0.193979993 0.253989458
v 0.0381626748 -0.0464918427 0.340240836
v 0.014593062 -0.0693695769 0.35648337
v -0.0147871058 -0.105724633 0.361838549
v -0.019404782 -0.152366191 0.355903357
v 0.0361478887 -0.182577088 0.313423514
v 0.0467365496 -0.14415738 0.320843101
v 0.0525965169 -0.112926021 0.317261696
v 0.063040331 -0.0838624686 0.309438676
v 0.0730908588 -0.0518200584 0.303005517
v 0.040823061 -0.179445192 0.28867951
v 0.0534267016 -0.148974121 0.293130159
v 0.0661998987 -0.12008816 0.29015705
v 0.0796974599 -0.0893069431 0.285074592
v 0.0883726776 -0.055190511 0.281050444
v 0.0441595726 -0.175082996 0.26761499
v 0.0589417629 -0.150864244 0.26854077
v 0.076521121 -0.123427592 0.264634371
v 0.0922739878 -0.0925285742 0.260176241
v 0.100785404 -0.0577792116 0.256789356
v 0.0456713289 -0.168557689 0.247793198
v 0.0633196384 -0.149625495 0.245368332
v 0.0847340971 -0.124659501 0.239704967
v 0.101886511 -0.0946336016 0.235380024
v 0.110012807 -0.0598466657 0.232554317
v 0.0946251377 -0.124509387 0.197265506
v 0.112393796 -0.0962234885 0.194282562
v 0.119712226 -0.061179895 0.190932602
v 0.0959381014 -0.122366846 0.17505312
v 0.113560639 -0.0946506187 0.172658831
v 0.121747807 -0.0600934736 0.169383883
v 0.0935576037 -0.111252896 0.126533449
v 0.110813431 -0.0855961591 0.125623494
v 0.121056698 -0.0550612994 0.124032766
v 0.0918293819 -0.106059872 0.104999393
v 0.10776066 -0.0824559182 0.104748577
v 0.116137147 -0.0545584634 0.104302704
v 0.0908605382 -0.103329778 0.0845753253
v 0.104515634 -0.0814522803 0.0847908407
v 0.111680351 -0.0544886403 0.0850378871
v 0.0934288055 -0.102250956 0.0647518784
v 0.103539698 -0.0793715119 0.0647108853
v 0.110217325 -0.0525985546 0.0651429445
v 0.096309714 -0.0989152715 0.0441959053
v 0.104610197 -0.075206846 0.0440858901
v 0.111259602 -0.0497394614 0.0448895395
v 0.0966241434 -0.0948122144 0.023607865
v 0.106812298 -0.0724306628 0.023844704
v 0.113679826 -0.047816705 0.0248952508
v 0.0971465409 -0.0964564234 0.00471946597
v 0.109416127 -0.0744064972 0.00467394292
v 0.116043665 -0.0487112962 0.00530265272
v 0.0997044519 -0.103516512 -0.013674587
v 0.111235179 -0.0790302604 -0.0145893097
v 0.118384197 -0.0518110245 -0.0143137425
v 0.101009585 -0.110046946 -0.0335691869
v 0.112282209 -0.0843907073 -0.0347039476
v 0.119743906 -0.0557748564 -0.034306258
v 0.102070086 -0.116726294 -0.0531312674
v 0.11411237 -0.0905526653 -0.0541378558
v 0.121139124 -0.0599585548 -0.0531960651
v 0.122624151 -0.0407324396 -0.0434295014
v 0.117175184 -0.0733193979 -0.0445752069
v 0.10767483 -0.100576833 -0.0443032682
v 0.0945060328 -0.125400275 -0.0424134433
v 0.121714845 -0.0378337242 -0.0238396376
v 0.11590872 -0.0681715831 -0.0246549845
v 0.106664293 -0.0944243744 -0.0241622031
v 0.093456775 -0.118866377 -0.0224678814
v 0.119598798 -0.035234984 -0.00402504206
v 0.114329137 -0.0638280511 -0.0048045069
v 0.105242126 -0.0885143578 -0.00467149913
v 0.0904107541 -0.110632777 -0.00368002057
v 0.116982102 -0.0335916057 0.0154972225
v 0.111936353 -0.0609694235 0.014543429
v 0.102889694 -0.0837367177 0.0139038861
v 0.089350231 -0.105871104 0.0145284683
v 0.115144625 -0.0342569947 0.0352781564
v 0.109265029 -0.0614991598 0.0342913717
v 0.101580538 -0.0848068893 0.0336075127
v 0.0896835029 -0.107663862 0.0343287885
v 0.113088325 -0.0362863243 0.0553257018
v 0.107111514 -0.0647051856 0.0546201617
v 0.10044717 -0.0896421745 0.0544635355
v 0.0865890309 -0.110505454 0.0546578467
v 0.113393664 -0.0382029451 0.0754142106
v 0.107291393 -0.067849569 0.0749110132
v 0.0989249051 -0.0924956948 0.0748465359
v 0.0825909451 -0.111959852 0.0743906349
v 0.115541756 -0.0386920124 0.0948124528
v 0.110528469 -0.0689736828 0.0946586877
v 0.0993512422 -0.0935043246 0.0948095471
v 0.0816532895 -0.114323795 0.0944440514
v 0.120339908 -0.0381390266 0.113716781
v 0.115335599 -0.0697710738 0.11439994
v 0.101712815 -0.0965183675 0.115460008
v 0.0827638209 -0.119071737 0.115494668
v 0.124186695 -0.0385523885 0.133903772
v 0.118148826 -0.07269793 0.135637999
v 0.103782766 -0.101842031 0.137554139
v 0.0829786062 -0.124669753 0.137901545
v 0.122195385 -0.0415527448 0.17911914
v 0.118156128 -0.0790066198 0.182178855
v 0.105867043 -0.110619597 0.185544878
v 0.0828972384 -0.134422734 0.18816939
v 0.11907611 -0.0419284068 0.199729115
v 0.115668312 -0.0795458183 0.202307254
v 0.103265598 -0.11142689 0.205400825
v 0.0804381296 -0.136336133 0.209368765
v 0.107059158 -0.0402768515 0.243335277
v 0.102698885 -0.0767651424 0.245875269
v 0.0899826139 -0.109396815 0.249653339
v 0.0709521174 -0.13789703 0.254711777
v 0.0530498438 -0.161688805 0.258111298
v 0.0966569632 -0.0384543389 0.267590433
v 0.0916195735 -0.0743013248 0.270774096
v 0.0795452818 -0.10706123 0.274937451
v 0.063557215 -0.136632308 0.279325455
v 0.0491560437 -0.164259478 0.280025691
v 0.0834388584 -0.0362891033 0.290516436
v 0.0771972463 -0.0705648586 0.294637799
v 0.0659765452 -0.102240101 0.300332844
v 0.0555926971 -0.130589694 0.30586201
v 0.0453018956 -0.163666591 0.305093408
v 0.068693988 -0.0341858231 0.309756041
v 0.0588919818 -0.0659161061 0.316811085
v 0.0467189737 -0.0949885473 0.326786995
v 0.0430552103 -0.123335831 0.334115326
v 0.0363146439 -0.165045783 0.332224607
v 0.0293673482 -0.181714788 0.237110019
v 0.114441872 -0.0415383466 0.220366955
v 0.110764325 -0.0787023604 0.22247389
v 0.0980081633 -0.110877506 0.225681484
v 0.0764973685 -0.137624234 0.230819583
v 0.0539292283 -0.157504499 0.235841066
v 0.0658085868 -0.147075534 0.222502977
v 0.0907938331 -0.125056565 0.217065006
v 0.10862539 -0.0960554704 0.213515788
v 0.116119064 -0.0610789433 0.210869044
v 0.0427110046 -0.160738185 0.225306779
v -0.0206137206 -0.219646066 0.311493695
v 0.0527429581 -0.0331344083 0.32627508
v 0.0371408574 -0.0615175664 0.338014096
v 0.0171725843 -0.0860653147 0.352432102
v 0.0100452695 -0.120757461 0.356053203
v 0.00162279012 -0.171250761 0.349583536
v 0.028403813 -0.142095298 0.346666336
v 0.0302741379 -0.104453266 0.344522685
v 0.0405683033 -0.0775362477 0.333822638
v 0.0551872961 -0.049046237 0.322155625
v 0.0146830603 -0.189452365 0.335091949
v 0.124204814 -0.0402712785 0.15651086
v 0.118868195 -0.0766866282 0.159059405
v 0.105612241 -0.107418835 0.161769301
v 0.0832302198 -0.130604073 0.163035452
v 0.0948363543 -0.11725688 0.149925828
v 0.112709224 -0.0905825496 0.148424327
v 0.122644536 -0.0575074069 0.145950019
v 0.0198103245 -0.442557633 0.0449973345
v -0.00994730555 -0.22975263 0.288279742
v 0.0437503532 -0.419601262 0.045844242
v 0.0261883307 -0.208150595 0.251606435
v 0.00159304927 -0.441285104 0.048434332
v 0.0121776629 -0.182672635 0.219121844
v 0.00821911171 -0.225216314 0.277149886
v -0.031624034 -0.22580494 0.300652146
v -0.0349051766 -0.245669901 0.264872998
v -0.0120692644 -0.389270216 0.0983548462
v -0.00874002371 -0.403264552 0.0831589848
v 0.0518360324 -0.41269663 0.031512782
v 0.00467507541 -0.404011637 0.0810766071
v 0.00279578427 -0.390009552 0.0957029611
v -0.015491033 -0.249448717 0.254337698
v 0.0199858434 -0.217967197 0.264483839
v 0.0138747813 -0.238788784 0.240388572
v 0.0276519302 -0.376214534 0.0862345099
v 0.0292549971 -0.39139995 0.0725473911
v 0.0466813147 -0.410821229 0.0452267528
v 0.0368857197 -0.383436292 0.0643654913
v 0.0341640972 -0.367974937 0.0770736784
v 0.0207837801 -0.228065789 0.230844945
v 0.0257513672 -0.195528328 0.238026947
v 0.0192630589 -0.214311019 0.217507213
v 0.0351782292 -0.360663533 0.066145435
v 0.0390866287 -0.376532763 0.0544339716
v 0.0401693508 -0.4358657 0.0391045213
v 0.035224881 -0.371443421 0.0436047167
v 0.0304480921 -0.354901314 0.0545519739
v 0.00824440084 -0.20191063 0.198077917
v 0.01768074 -0.398873478 0.0782894939
v 0.0165028311 -0.384149641 0.092699483
v 0.0011509239 -0.245721921 0.248094141
v 0.048896797 -0.408898652 0.021789521
v 0.0106168492 -0.23210232 0.257824779
v 0.00683866581 -0.253330022 0.230206996
v 0.00893899053 -0.313014656 0.155006707
v 0.0220631417 -0.372460276 0.0980589986
v 0.0230345484 -0.387870252 0.0824881345
v 0.0249710642 -0.402821213 0.0695648938
v 0.0231568497 -0.211457029 0.236030161
v 0.0207384881 -0.231160581 0.211127847
v 0.0229407307 -0.294516236 0.133641958
v 0.0341466479 -0.355778664 0.0786818415
v 0.0368087478 -0.372142345 0.0654415488
v 0.0411206484 -0.387266099 0.0540715009
v -0.00404450018 -0.237759486 0.266541213
v -0.00815418735 -0.258749634 0.236444712
v -0.00516920118 -0.319604158 0.161711842
v 0.0090920832 -0.379969269 0.103235126
v 0.0104896529 -0.394667178 0.0869817138
v 0.0121797882 -0.409312367 0.0736012757
v 0.0162740611 -0.197853491 0.220715165
v 0.0150732948 -0.217073664 0.193680406
v 0.0192871336 -0.285039991 0.119632691
v 0.0318294987 -0.348939329 0.0666256994
v 0.0355080031 -0.365711004 0.0545823723
v 0.0408336855 -0.381506264 0.0438488871
v 0.0202723797 -0.223537192 0.247626662
v 0.0172941703 -0.244211048 0.222337008
v 0.0189856347 -0.304230988 0.145606458
v 0.0308541339 -0.363856107 0.08952187
v 0.0324439853 -0.379829437 0.0750466436
v 0.0354379341 -0.394779712 0.0628818572
v -0.0231342837 -0.239009187 0.275215209
v -0.0257820729 -0.259834319 0.242421359
v -0.0212885346 -0.321596116 0.166539758
v -0.00583899906 -0.383457094 0.10545364
v -0.00317345141 -0.398007631 0.0887147784
v -0.000644644257 -0.411887318 0.0753559023
v 0.0511835851 -0.407008559 0.0285168886
v 0.0443941504 -0.426278949 0.0405851156
v -0.00205765292 -0.431674212 0.0586815476
v 0.0517674945 -0.421473056 0.0264209658
v 0.0386794321 -0.42768696 0.0458194762
v 0.0253801327 -0.436234266 0.0486726463
v 0.0477970541 -0.400713235 0.0256748348
v 0.0232041292 -0.427731633 0.0560469478
v 0.00557201914 -0.438295871 0.052562505
v 0.0127261858 -0.441123694 0.0485736877
v 0.048462119 -0.418753356 0.0399477035
v 0.00994292833 -0.43258211 0.0573144555
v 0.00858409517 -0.445058614 0.0437459052
v 0.0505262986 -0.414248616 0.0249422193
v 0.0488182902 -0.417951792 0.0174824446
v -0.0587176383 -0.161220178 0.204402179
v -0.0516646467 -0.165723667 0.19815284
v 0.0276154373 -0.444568455 0.040654406
v 0.0365192294 -0.448418289 0.03442505
v 0.0366322137 -0.419568032 0.0520272553
v 0.0283338111 -0.417616427 0.0587612242
v 0.0490157418 -0.427105218 0.034173578
v 0.0532347634 -0.432181418 0.0253193825
v 0.0505590849 -0.404526025 0.0361362845
v 0.0469677895 -0.401399821 0.0445574075
v 0.0157021955 -0.449659139 0.0394522697
v 0.0240523499 -0.455739379 0.0337895006
v 0.0148682669 -0.424247563 0.0619371533
v 0.0529843457 -0.427892745 0.0168081671
v 0.0473750792 -0.396278054 0.0345550328
v 0.0475828685 -0.439214826 0.0316683948
v 0.0400840156 -0.409040958 0.0528567582
v 0.00504957326 -0.448482722 0.0390928686
v 0.0129196467 -0.458012223 0.0320939869
v 0.00223445194 -0.426684886 0.0631703734
v 0.00695296563 -0.418869227 0.0684392303
v -0.0055395104 -0.417364001 0.0705863088
v 0.0415246598 -0.398097962 0.0535271764
v 0.0325274691 -0.406297326 0.0610148013
v 0.0200344026 -0.413998812 0.0660506636
v 0.0418135189 -0.387354255 0.0335110575
v 0.0448723808 -0.391570091 0.0441063792
v 0.0177395139 -0.435611695 0.0527017862
v 0.050642211 -0.41880095 0.0337723792
v 0.050859306 -0.411862254 0.038147226
v 0.0327387787 -0.435544521 0.0443604439
v 0.031430088 -0.428795367 0.0507943928
v -0.0650465116 -0.212214455 0.305018306
v -0.0814143941 -0.204770386 0.288179845
v -0.0873396322 -0.196073338 0.264868885
v -0.0885363445 -0.184416071 0.242264032
v -0.0652154759 -0.0513131432 0.383413881
v -0.0903353915 -0.173525676 0.317462325
v -0.0981698856 -0.130097046 0.329173088
v -0.0987429842 -0.103936829 0.33208099
v -0.101520717 -0.0780779347 0.331148386
v -0.106103122 -0.0502358675 0.329140544
v -0.0941968113 -0.169197023 0.290402383
v -0.102710567 -0.137122497 0.298069
v -0.107836269 -0.110656612 0.298251867
v -0.113969266 -0.0818912834 0.295547694
v -0.117411509 -0.0532815233 0.29192102
v -0.092921786 -0.164955631 0.26274249
v -0.10097789 -0.140288517 0.268673956
v -0.11078205 -0.113364436 0.268784255
v -0.119077362 -0.0841307417 0.265800923
v -0.121513866 -0.0544249117 0.263049245
v -0.0903926864 -0.157009289 0.240873992
v -0.0995209441 -0.136722371 0.245219111
v -0.110071659 -0.112828873 0.244672149
v -0.118141189 -0.0851924419 0.2414473
v -0.120056167 -0.0557193346 0.238928765
v -0.0927267522 -0.128193229 0.208609343
v -0.104125276 -0.108578362 0.206104875
v -0.113215446 -0.0839579478 0.203337789
v -0.118033111 -0.0568213761 0.20332706
v -0.100734793 -0.105963841 0.184549928
v -0.110626392 -0.0825856626 0.182172239
v -0.116384797 -0.0555836819 0.182121605
v -0.0876855999 -0.0973643884 0.135749876
v -0.0993996486 -0.0754298344 0.135389
v -0.104750514 -0.0500531346 0.135594398
v -0.0795445666 -0.0912050158 0.114711732
v -0.0925787315 -0.0696981922 0.114131093
v -0.0983309597 -0.0450457968 0.114050359
v -0.0753474683 -0.0863328502 0.093454197
v -0.0903541148 -0.0651953816 0.0922658294
v -0.0945671722 -0.0404502042 0.0923456997
v -0.0752284527 -0.0844354779 0.071602881
v -0.090197213 -0.0630129278 0.070288077
v -0.0928590223 -0.0373841636 0.0700156987
v -0.0780086443 -0.0880323276 0.0494189113
v -0.0911739171 -0.0647538379 0.0476682335
v -0.095448412 -0.0388293751 0.046598956
v -0.0734231398 -0.0892951339 0.0283425003
v -0.0869340822 -0.0672636256 0.0264514536
v -0.0946078226 -0.0404959805 0.0263261795
v -0.0676605478 -0.0926235318 0.00962419808
v -0.0816125795 -0.0714223757 0.00849033892
v -0.0917248353 -0.0440963842 0.00812083483
v -0.0705669522 -0.104449287 -0.00883534551
v -0.0846653804 -0.0803235173 -0.00989632308
v -0.0916018635 -0.0478577614 -0.0106560886
v -0.0735103711 -0.115760349 -0.0289132372
v -0.0863497928 -0.087872915 -0.0300315171
v -0.0915141776 -0.0532889739 -0.0307444111
v -0.0735597759 -0.121023178 -0.0481589511
v -0.0902369097 -0.0942759067 -0.0484177247
v -0.100255691 -0.0581987575 -0.0471063554
v -0.0972726196 -0.0378840752 -0.0381406918
v -0.0924847648 -0.0742225051 -0.0393803269
v -0.0810733289 -0.106190681 -0.0393461883
v -0.0652662367 -0.129084185 -0.0384984165
v -0.090915367 -0.0342221409 -0.0237135142
v -0.0893976614 -0.0676990449 -0.0205297619
v -0.0800026432 -0.0991460308 -0.0192489624
v -0.0636610314 -0.118616752 -0.0183910429
v -0.0946458802 -0.0313031077 -0.000401958823
v -0.0879163519 -0.0611329265 -0.000738948584
v -0.0761480406 -0.0881797373 7.56531954e-05
v -0.0597783625 -0.104829527 0.000803172588
v -0.0960922614 -0.0291407742 0.0154204518
v -0.0884939656 -0.0556098334 0.017007798
v -0.0771998391 -0.0803885534 0.0179717094
v -0.0615074113 -0.0977195874 0.0196121633
v -0.0964827612 -0.0269528627 0.0365763158
v -0.0939815864 -0.0530637279 0.0360785127
v -0.0844994485 -0.0784550905 0.0374398977
v -0.0682776496 -0.0979897976 0.0396451354
v -0.0940039679 -0.0257105604 0.055061534
v -0.0929925963 -0.0505290143 0.0588174015
v -0.0849379227 -0.075340949 0.0597008318
v -0.0672163591 -0.094389908 0.0613503754
v -0.0929929465 -0.0255700033 0.0811262429
v -0.093288295 -0.0515025817 0.0811728388
v -0.0838298276 -0.074950777 0.0818286538
v -0.0658596158 -0.0934531018 0.0828545839
v -0.0962336585 -0.0294722654 0.103114039
v -0.0947293714 -0.0553601049 0.103084743
v -0.084570758 -0.0783009082 0.103811771
v -0.0691216961 -0.0971977189 0.103900343
v -0.102246277 -0.0329407677 0.124670327
v -0.0992177725 -0.060523238 0.12476933
v -0.0901598036 -0.0838880166 0.125050455
v -0.0763628855 -0.102950655 0.124584794
v -0.109778941 -0.0381631665 0.146096915
v -0.10623195 -0.0655593202 0.146147996
v -0.0984900743 -0.0897622034 0.14636457
v -0.0852906331 -0.109051459 0.14747569
v -0.118836917 -0.0399991237 0.193976134
v -0.115248084 -0.0704716817 0.19337815
v -0.107574403 -0.0956371501 0.194418907
v -0.0968296453 -0.117595054 0.197642684
v -0.118839145 -0.0407280698 0.211898476
v -0.117117584 -0.0711144209 0.211630493
v -0.110712841 -0.0977295339 0.2136271
v -0.100291289 -0.120783009 0.216794491
v -0.0888076648 -0.138185754 0.217354089
v -0.120506041 -0.0388495475 0.249699026
v -0.120785058 -0.0700476989 0.251502663
v -0.115542188 -0.0992959291 0.254799604
v -0.105562203 -0.126446158 0.256750464
v -0.0958231017 -0.150358602 0.254440844
v -0.120201267 -0.0389681458 0.27628237
v -0.119722478 -0.0685810149 0.278148472
v -0.114030592 -0.0980576873 0.281471163
v -0.105582297 -0.12662819 0.283300221
v -0.0974914655 -0.153735563 0.28026554
v -0.114550255 -0.037686795 0.304498732
v -0.110700272 -0.0658485889 0.311829537
v -0.106240526 -0.0942067653 0.314073801
v -0.105163172 -0.118296206 0.315333426
v -0.0988081098 -0.150538355 0.310732365
v -0.101848222 -0.0342888832 0.343430281
v -0.0953449905 -0.0629065707 0.348315597
v -0.088510029 -0.089296028 0.347876757
v -0.0887430608 -0.113194786 0.345180035
v -0.0838378519 -0.154965699 0.335811853
v -0.0813308582 -0.168873534 0.221260667
v -0.118662052 -0.040072307 0.228411257
v -0.118887797 -0.0710974857 0.229490191
v -0.113623701 -0.0992153287 0.232563376
v -0.10353519 -0.123886667 0.235189617
v -0.0929463655 -0.144134358 0.234317183
v -0.0964013711 -0.13230598 0.226210326
v -0.107439034 -0.111180902 0.224507511
v -0.115846276 -0.0851260945 0.221243024
v -0.118730284 -0.0566834025 0.219735146
v -0.0854970589 -0.148601621 0.223980725
v -0.0442969762 -0.165425152 0.349432558
v -0.0831169039 -0.0338644609 0.377269357
v -0.0702826604 -0.0619246662 0.373563856
v -0.0479076169 -0.0847564563 0.366849929
v -0.0429349542 -0.119052663 0.35967055
v -0.067972064 -0.135152146 0.350461751
v -0.0686060116 -0.099709332 0.357963592
v -0.0781732798 -0.0748678967 0.361765891
v -0.08909899 -0.0481324457 0.363838047
v -0.0634321645 -0.181922093 0.33569333
v -0.115304388 -0.0399670042 0.165682256
v -0.112232976 -0.0688550547 0.169752926
v -0.104250088 -0.0934794769 0.170577973
v -0.0925918818 -0.114149801 0.173367739
v -0.0956287608 -0.102500379 0.159257352
v -0.106556617 -0.0801361501 0.157610178
v -0.111420214 -0.0542381965 0.156884342
v 0.0041931821 -0.458520919 0.0288619846
v -0.0077018654 -0.444865346 0.0370212197
v -0.0553636923 -0.225964606 0.291285574
v -0.022574909 -0.431301475 0.0294744819
v -0.0880830362 -0.199683249 0.240282536
v -0.0265178028 -0.158460528 0.196681738
v -0.0730359405 -0.219977036 0.279629052
v -0.0200005751 -0.382968813 0.103182644
v -0.015750682 -0.427472264 0.0059773922
v -0.0191894323 -0.404467016 0.0770296603
v -0.0238904711 -0.390042692 0.0909746289
v -0.0541066602 -0.247172758 0.256723464
v -0.0832490996 -0.211629376 0.260997891
v -0.0806652084 -0.233282059 0.234915733
v -0.0388610028 -0.37812224 0.0731042176
v -0.0324561335 -0.395091981 0.0608578771
v -0.0250159185 -0.422363818 0.0273624361
v -0.0332934111 -0.388932586 0.0492071509
v -0.0398694873 -0.370907038 0.0608162433
v -0.0867639184 -0.219692633 0.216518819
v -0.0864816979 -0.187615022 0.218079984
v -0.0850508735 -0.203893647 0.196525872
v -0.0354511924 -0.364050925 0.0489617884
v -0.0292148832 -0.382550657 0.0373591036
v -0.0131412167 -0.447479635 0.0228183419
v -0.00558159268 -0.371566176 0.0237761438
v -0.0111876456 -0.353744298 0.0356754214
v -0.05177176 -0.187472582 0.16929853
v -0.0274696946 -0.400488526 0.0704343617
v -0.0332027748 -0.384873182 0.0835838616
v -0.0692940056 -0.241807759 0.248854995
v 0.0105450004 -0.413381875 -0.00288973749
v -0.0161646977 -0.398165882 0.086399734
v -0.0771357343 -0.227150723 0.25619328
v -0.0733523816 -0.248596847 0.229331821
v -0.0573502071 -0.307289869 0.155263156
v -0.0396429859 -0.372122794 0.0871790051
v -0.0334198289 -0.390072018 0.0718147159
v -0.0276622158 -0.405669838 0.0607092679
v -0.0883264318 -0.202052921 0.218708217
v -0.0839684606 -0.221986994 0.192844629
v -0.0640253946 -0.284511745 0.124983668
v -0.0421384163 -0.356598288 0.0619948953
v -0.0349142291 -0.37695387 0.0486356467
v -0.0294727273 -0.394291043 0.0376955122
v -0.0637113079 -0.234128103 0.269179881
v -0.0604694188 -0.255529851 0.23898375
v -0.0479436815 -0.315897316 0.163314581
v -0.0314263478 -0.379211068 0.0964662135
v -0.0263038911 -0.395490617 0.0803605616
v -0.0212042984 -0.410063058 0.0683693439
v -0.0674983338 -0.177890942 0.189226002
v -0.0596186221 -0.201417014 0.158319354
v -0.0443803221 -0.27241984 0.0992150605
v -0.0222173855 -0.345550895 0.043630138
v -0.0157924742 -0.365130723 0.0311678797
v -0.0105550233 -0.38241908 0.0187107921
v -0.0857728645 -0.216616601 0.238265395
v -0.0820118636 -0.237421125 0.213418841
v -0.0634807572 -0.296030551 0.141826302
v -0.0436196439 -0.364162326 0.0749713778
v -0.0365894809 -0.383688509 0.0606774837
v -0.0307309963 -0.400310546 0.0500819236
v -0.0390735529 -0.217303649 0.312514603
v -0.045115348 -0.237438902 0.276926666
v -0.0444562398 -0.258675307 0.243905544
v -0.035041105 -0.0716094747 0.374426335
v -0.0121876961 -0.411996633 0.0735425502
v -0.0135046486 -0.419137388 0.00305150449
v -0.0173285678 -0.440062106 0.0222779661
v -0.0107008042 -0.437957555 0.00146277249
v -0.0186511558 -0.437871039 0.0313318819
v -0.0133760097 -0.440462649 0.0391612649
v 0.00648892997 -0.403029889 0.000126585364
v -0.0177991744 -0.430795342 0.0488227159
v -0.00631633494 -0.441891968 0.0435988903
v -0.0204096269 -0.433506519 0.0189889818
v -0.0104795294 -0.433028102 0.0537870228
v -0.00431020185 -0.438444972 0.0504856706
v -0.00836980157 -0.428530902 0.000102609396
v 0.0126283346 -0.42452839 -0.00422269106
v -0.00832972024 -0.449658424 0.0294964612
v -0.00803795364 -0.45704633 0.0194756091
v -0.0231112968 -0.42738238 0.0403012782
v -0.0229387153 -0.421815366 0.0503727943
v -0.0148227662 -0.443633825 0.0123242438
v -0.010859522 -0.449269325 0.000914797187
v -0.0209843833 -0.41624406 0.0129728317
v -0.0257888492 -0.41155377 0.0258393437
v -0.0019371435 -0.450790852 0.0335061252
v -0.00247449218 -0.458812028 0.0243998915
v -0.0166032128 -0.425228387 0.0572070628
v 0.00786666013 -0.436513722 -0.00929769874
v -0.0186914019 -0.405233771 0.0128636509
v -0.0116126454 -0.454054624 0.0113701224
v -0.0265390873 -0.417263418 0.0396484882
v -0.00047842809 -0.445285678 0.0409741998
v -0.0083589321 -0.426671475 0.0616473705
v -0.0359817334 -0.320271134 0.16745019
v -0.0148037039 -0.419016391 0.065303877
v -0.0286382027 -0.405939937 0.0386011004
v -0.0272811297 -0.411354363 0.0506732315
v -0.022367334 -0.415812373 0.0596235394
v 0.000247959397 -0.38821739 0.0109249502
v -0.0249963589 -0.399900585 0.025355652
v -0.0121652773 -0.437427312 0.0463427603
v -0.0161341969 -0.435093671 0.00995829701
v -0.0216405224 -0.425824434 0.0152687579
v -0.0136807356 -0.44314757 0.031715557
v -0.0186011456 -0.435166568 0.0401642174
v -0.00119798351 -0.151557013 0.17663154
v -0.0484096259 -0.156868562 0.200883657
v -0.017147271 -0.165573522 0.199782163
v -0.02311836 -0.153149635 0.184027076
v -0.00725779962 -0.149898216 0.16747874
v -0.00488391006 -0.162670761 0.202283472
v -0.00639477838 -0.144258186 0.142182946
v -0.0147832781 -0.139433473 0.12910533
v -0.00208609039 -0.137469381 0.119040847
v 0.00553925801 -0.142175615 0.134734869
v -0.0111420965 -0.133294627 0.108579934
v 6.54910691e-05 -0.133265734 0.0993543416
v 0.00896287896 -0.136556223 0.112589389
v -0.00891961344 -0.131016269 0.089531213
v 0.00143270369 -0.132811874 0.0798615515
v 0.0103770876 -0.133954629 0.0927849561
v -0.00657865219 -0.130601779 0.0702604353
v 0.0037986578 -0.132113859 0.0605839342
v 0.0119437566 -0.134010792 0.0729929358
v -0.00426481059 -0.12807101 0.0512876064
v 0.00587520422 -0.128554717 0.0417921096
v 0.0145365717 -0.132493868 0.0538274795
v -0.0025513866 -0.125412554 0.0327510387
v 0.00743628573 -0.126906097 0.0236021429
v 0.0162778422 -0.129012719 0.0352531523
v -0.000265468261 -0.126929477 0.0146079808
v 0.0100455284 -0.130253404 0.00566919148
v 0.0177524425 -0.128435105 0.0171887875
v 0.0024686188 -0.133845553 -0.00352521241
v 0.0132989725 -0.139625788 -0.0124468058
v 0.0205397923 -0.13316083 -0.000798806548
v 0.00504557043 -0.145432934 -0.0219716728
v 0.0169292502 -0.151197314 -0.0309394896
v 0.0242863968 -0.143588752 -0.0189484358
v 0.00836561993 -0.155515298 -0.0410589725
v 0.0210376065 -0.15974617 -0.0497421697
v 0.0284418855 -0.154087499 -0.0373609588
v -0.0191551354 -0.147032529 0.15454042
v 0.000926584238 -0.148134276 0.15970993
v -0.0195841733 -0.182616726 0.18563652
v -0.0294991173 -0.170513377 0.193462849
v -0.00901945587 -0.178779438 0.19941923
v 0.0339968167 -0.411887228 0.00678494573
v 0.0269740261 -0.408437073 0.0028783083
v 0.0341268554 -0.403586775 0.00765585899
v 0.0402822495 -0.408369035 0.0118104517
v 0.0223456919 -0.377302855 0.0228867233
v 0.0107088322 -0.36856553 0.0257297903
v 0.0157404114 -0.360450417 0.0339613706
v 0.0267154966 -0.371993184 0.0311045498
v 0.00507369637 -0.351235121 0.0370870978
v 0.0105811618 -0.342639595 0.0451948494
v 0.0208792146 -0.354976684 0.0418798625
v -0.00768876169 -0.272537261 0.0946791917
v -0.0182607546 -0.204258621 0.157006621
v -0.0299110319 -0.190080628 0.1688613
v -0.00896595139 -0.19869256 0.172923118
v 0.0364844091 -0.426869899 -0.0010497421
v 0.0275556128 -0.41905582 0.000854492188
v 0.0410403796 -0.419580907 0.00698265433
v 0.0244301613 -0.399009258 0.00514531136
v 0.0298228264 -0.392764837 0.012821272
v 0.0398409069 -0.400592178 0.0137952119
v 0.0177551825 -0.385029525 0.0141774565
v 0.0341719277 -0.388175666 0.0208451748
v 0.00485713407 -0.170471236 0.211760044
v -6.87397551e-06 -0.188722283 0.20039466
v -0.0390375182 -0.162166148 0.198999077
v -0.0414438769 -0.177199692 0.182439029
v -0.0807680115 -0.141732991 0.207656533
v 0.0475284271 -0.426336586 0.00706610084
v 0.0219063722 -0.430191338 -0.00658740103
v -0.000357991899 -0.361123592 0.02990444
v 0.00558714336 -0.378019005 0.017887786
v 0.0284102801 -0.362099677 0.043096602
v 0.0346423201 -0.37870726 0.0326039642
v 0.0417804345 -0.393947363 0.023281768
v 0.0124449236 -0.393855721 0.0061634481
v -0.0061827735 -0.342535913 0.0417219996
v 0.0239158683 -0.344782293 0.0543106198
v -0.027341146 -0.270235121 0.0936247259
v 0.00853495393 -0.278018713 0.104527861
v -0.0393412933 -0.200816363 0.153457969
v 0.000947654829 -0.208443061 0.171298712
v 0.019322833 -0.415281564 -0.000460848212
v 0.0177144557 -0.405977368 -0.000364437699
v 0.0455036275 -0.40432173 0.0179037303
v 0.0447901003 -0.411724925 0.0155802816
v 0.00417775102 -0.421497166 -0.00337471068
v 0.000570933335 -0.411994606 -0.00259587169
v -0.00374290487 -0.443125039 -0.00702640414
v -0.0571635626 -0.276593536 0.109874606
v -0.00507600745 -0.398867637 0.00553366542
v -0.0348185115 -0.35028249 0.0508534759
v -0.0279189628 -0.370563865 0.0379596204
v -0.0835465044 -0.188794121 0.203134447
v -0.0228782874 -0.388149351 0.0260750949
v -0.0761685967 -0.208164498 0.172379464
v -0.00457071327 -0.420320004 -0.00210727751
v -0.0725720376 -0.191340968 0.179095536
v -0.0197318625 -0.376572013 0.0280111879
v -0.000755040441 -0.431204766 -0.00447872281
v -0.00982447807 -0.4094432 0.00272361934
v -0.074332267 -0.171716377 0.205596566
v -0.0150794238 -0.393722922 0.0149067789
v -0.025541231 -0.358185321 0.0399149209
v -0.016647147 -0.155215278 0.190261334
v -0.0354524069 -0.154619142 0.192810416
v -0.0536866076 -0.146110281 0.176758379
v -0.0446604975 -0.150869831 0.185377151
v -0.040280018 -0.146047905 -0.0466845557
v -0.0404670201 -0.136143789 -0.0278351009
v -0.0480098575 -0.139319941 -0.0376549512
v -0.0124560846 -0.150748983 -0.0395334512
v -0.0389383473 -0.123620808 -0.00859577954
v -0.0465671979 -0.126902938 -0.0181483477
v -0.0137399007 -0.140713498 -0.0202262253
v -0.039346125 -0.115306608 0.0105521828
v -0.0447435156 -0.11478243 0.0010574013
v -0.0142986365 -0.130126327 -0.00149531662
v -0.0425809585 -0.11280071 0.0301372558
v -0.0471241735 -0.109527849 0.0204041004
v -0.0160587747 -0.123719625 0.0170588642
v -0.0445299409 -0.111554384 0.0502056181
v -0.0511082523 -0.108842887 0.0405234247
v -0.0183354877 -0.121738829 0.0357942432
v -0.0451793633 -0.110764854 0.0701746792
v -0.0512401164 -0.106740452 0.0611030161
v -0.0201474708 -0.122855425 0.0546864867
v -0.0480289422 -0.112320594 0.0898118615
v -0.0519030765 -0.106525876 0.0813484043
v -0.0223745834 -0.124722339 0.0736591369
v -0.0541493967 -0.116531268 0.109459639
v -0.0563617013 -0.109704271 0.10131228
v -0.0258679222 -0.126349688 0.0927032977
v -0.0624360219 -0.122916475 0.131132841
v -0.0639264882 -0.115243576 0.121706158
v -0.0305048339 -0.129922345 0.111624658
v -0.0711430833 -0.13040033 0.157763571
v -0.0730315372 -0.122117475 0.145872474
v -0.0363144651 -0.136567026 0.133030534
v -0.0806845948 -0.128880426 0.173431695
v -0.041585207 -0.144646868 0.159325033
v -0.0891356692 -0.124584138 0.186891586
v -0.0832640156 -0.119510822 0.160449207
v -0.0317587405 -0.14953658 0.169955313
v -0.0284676906 -0.142125532 0.142780781
v -0.0849937722 -0.133541062 0.198644698
v -0.0744484887 -0.113064103 0.134695143
v -0.0234576538 -0.134492144 0.119700104
v -0.0658124015 -0.106830217 0.112966299
v -0.0194782633 -0.129813775 0.100348592
v -0.0597764552 -0.102067962 0.0926410109
v -0.0163277406 -0.128328547 0.0813198686
v -0.0579137094 -0.100372039 0.0720225871
v -0.0136857079 -0.126792401 0.0622806698
v -0.0596725903 -0.103176154 0.0509606749
v -0.0117907925 -0.124238826 0.043452099
v -0.0569740348 -0.104228631 0.0301044583
v -0.00977280643 -0.124029361 0.0249086767
v -0.051972013 -0.106078617 0.0105152279
v -0.00733533408 -0.128221646 0.00655788183
v -0.0529222898 -0.116439894 -0.00851549208
v -0.00556809222 -0.137667552 -0.011845395
v -0.0559514277 -0.13020131 -0.0281763449
v -0.00388636347 -0.148971647 -0.0307960287
v -0.0560995713 -0.138688684 -0.0472940579
v -0.00100305374 -0.15668793 -0.0500660092
v 0.0459655747 -0.152505428 0.203234822
v 0.0671574026 -0.151258066 -0.0483540595
v 0.0649000108 -0.143696785 -0.0300320163
v 0.0484685488 -0.15480198 -0.0437809974
v 0.076220043 -0.141734451 -0.0367079452
v 0.0609127991 -0.134424731 -0.011375308
v 0.044582542 -0.145804986 -0.0256928951
v 0.0732285008 -0.13378191 -0.0175471455
v 0.0580103584 -0.127104908 0.00688239932
v 0.0403701924 -0.135579303 -0.00748708844
v 0.0696800351 -0.125017464 0.000783324242
v 0.0572020821 -0.125882223 0.0254823267
v 0.0375743471 -0.12944074 0.0107321441
v 0.0688965544 -0.121864676 0.0192537308
v 0.0557539277 -0.127451807 0.0444635451
v 0.0364337675 -0.129221648 0.0291041434
v 0.0675638542 -0.122775391 0.0384431332
v 0.0531304777 -0.128828317 0.0635221601
v 0.0351678692 -0.131604686 0.0477235317
v 0.0645987093 -0.124254607 0.0577222705
v 0.0506509915 -0.130685732 0.0830124766
v 0.0326274857 -0.133227333 0.0666541904
v 0.0617857277 -0.126147658 0.07707192
v 0.0489317738 -0.133241251 0.103390515
v 0.0302681271 -0.13417691 0.0863547623
v 0.060344547 -0.129033804 0.0972895175
v 0.0467535183 -0.136931196 0.124947429
v 0.0285405051 -0.136007756 0.10658133
v 0.0590719767 -0.132817492 0.118354321
v 0.043890629 -0.142143115 0.150341332
v 0.0260075834 -0.139935687 0.128421396
v 0.0568821914 -0.137779906 0.141904265
v 0.0194534045 -0.152198419 0.185931474
v 0.0419039279 -0.147774681 0.178263307
v 0.0553116985 -0.148032889 0.19504261
v 0.0219056476 -0.145545408 0.154705167
v 0.0551775359 -0.143512532 0.169237167
v 0.0201306771 -0.162115157 0.210527867
v 0.0681662783 -0.143803135 0.201737761
v 0.06907361 -0.140558466 0.178130329
v 0.011575914 -0.156530708 0.195970595
v 0.00661829067 -0.14963685 0.169338703
v 0.069637306 -0.13530831 0.151179731
v 0.0138276368 -0.144065991 0.14431721
v 0.0708526149 -0.129714355 0.126843363
v 0.071463339 -0.124924563 0.105213821
v 0.0176741593 -0.138455912 0.120151907
v 0.0196168646 -0.135102838 0.0995316207
v 0.0716381446 -0.121125437 0.0845818371
v 0.0211461093 -0.134278938 0.0794771463
v 0.0740586445 -0.119006276 0.0649520904
v 0.0236947052 -0.133496076 0.0600760281
v 0.0778702423 -0.117361918 0.045403406
v 0.0258904155 -0.130842254 0.0413207412
v 0.0802083537 -0.115690462 0.0256529897
v 0.0269930642 -0.12881285 0.0229857564
v 0.0800719559 -0.116654232 0.00670720637
v 0.0289334245 -0.131134853 0.00485785306
v 0.0826237127 -0.124024093 -0.0113760084
v 0.0324218571 -0.139493942 -0.0132825077
v 0.0856230259 -0.132224351 -0.0306527987
v 0.0366599858 -0.150130495 -0.0315135494
v 0.0863614827 -0.138574809 -0.0499366447
v 0.0407367013 -0.158863053 -0.0496165231
v 0.0545524321 -0.151998788 0.213577211
v -0.0576079004 -0.1520143 0.198933423
v -0.0769859031 -0.136790425 0.185579598
v -0.0200001057 -0.151781753 -0.0479684845
v -0.0213593133 -0.143348619 -0.0289474428
v -0.0211663805 -0.132290199 -0.00991001725
v -0.0218460821 -0.124025859 0.00882381201
v -0.0239810925 -0.120278679 0.0277183652
v -0.0260064658 -0.119702473 0.046831578
v -0.0277666934 -0.120895863 0.0659359097
v -0.0307490565 -0.122500621 0.0849722773
v -0.0356000066 -0.125469804 0.103951246
v -0.0419044606 -0.131122053 0.12405166
v -0.0489302538 -0.138794973 0.149034023
v -0.0604452901 -0.140431687 0.166525662
v -0.0534679405 -0.132703334 0.138686746
v -0.0456846952 -0.125660807 0.115622312
v -0.0393293463 -0.120869868 0.0962212384
v -0.0350394435 -0.118487634 0.0770821124
v -0.0329649076 -0.117418073 0.0578618348
v -0.0313282609 -0.117438398 0.0384655893
v -0.0290086772 -0.119366363 0.0191576034
v -0.027397275 -0.124838494 0.000175133348
v -0.0278237555 -0.135036051 -0.0187396705
v -0.0278882124 -0.145961374 -0.0378753245
v -0.0645720139 -0.146519363 0.192658693
v -0.0694116205 -0.154191211 0.209865749
v 0.109471731 -0.136064067 -0.145077482
v 0.124307871 -0.103764929 -0.144519031
v 0.130990699 -0.065218471 -0.142200887
v -0.0812348947 -0.122853719 -0.137656868
v -0.099013485 -0.0949719548 -0.138882115
v -0.107945018 -0.0598704629 -0.138502911
v 0.0307936128 -0.180510148 -0.136831194
v -0.0201705676 -0.165294454 -0.137412921
v -0.058496248 -0.143500298 -0.136829346
v 0.00394901354 -0.174636289 -0.137006551
v 0.0698301196 -0.172571003 -0.139702544
v 0.0903038606 -0.159420669 -0.142973036
v 0.0497235619 -0.179388821 -0.137454778
v -0.0401072986 -0.155810148 -0.137115553
v 0.126624182 -0.0452523455 -0.110674009
v 0.096238412 -0.144920826 -0.1127529
v 0.106765114 -0.133707389 -0.130700052
v 0.113589823 -0.117597975 -0.114389747
v 0.105410933 -0.133513734 -0.105946884
v 0.109560251 -0.130402848 -0.100919187
v 0.108947694 -0.132748589 -0.0972838849
v 0.121142782 -0.103187717 -0.130375952
v 0.123853326 -0.0846125633 -0.112956196
v 0.120534144 -0.102218948 -0.106783345
v 0.121924356 -0.103081204 -0.10159947
v 0.122954033 -0.103707783 -0.0973721743
v 0.12762703 -0.0657377467 -0.127965078
v 0.126236111 -0.0654763579 -0.104793862
v 0.127605483 -0.0656599775 -0.0994918048
v 0.128659174 -0.0667039827 -0.0952391773
v -0.106211916 -0.0397123732 -0.107623726
v -0.0879103541 -0.108822003 -0.107967675
v -0.0796365961 -0.121925727 -0.123318627
v -0.0670907348 -0.132199809 -0.106185824
v -0.0794667974 -0.121125452 -0.0991716087
v -0.0783556104 -0.125181273 -0.0933671743
v -0.0833351463 -0.121387556 -0.0901308358
v -0.100642167 -0.0772584975 -0.108830109
v -0.0967353806 -0.0945581421 -0.12480104
v -0.0960556939 -0.0933715031 -0.101047039
v -0.0958085507 -0.0985055491 -0.0954091996
v -0.0992563143 -0.0923094302 -0.0917478353
v -0.105681598 -0.058838632 -0.124557093
v -0.104204372 -0.0593539737 -0.101341665
v -0.10528519 -0.058721669 -0.0957978591
v -0.106726803 -0.0531050675 -0.0913758874
v 0.0185312238 -0.171134993 -0.106038973
v 0.0302364659 -0.177394211 -0.122208849
v 0.0417618006 -0.1750101 -0.10589236
v 0.030155018 -0.173166111 -0.0985114276
v 0.0310744047 -0.174178571 -0.0933469087
v 0.0292439498 -0.17445983 -0.0901186019
v -0.0254883021 -0.155568302 -0.106928259
v -0.0196200199 -0.16189675 -0.123170905
v -0.0077496767 -0.161963031 -0.106653228
v -0.0187247153 -0.157406196 -0.0990676135
v -0.0174908023 -0.158820048 -0.0935941041
v -0.0208320618 -0.158462733 -0.0897843465
v -0.0573755614 -0.141641989 -0.122562669
v -0.0457497649 -0.146721631 -0.106073402
v -0.0558775775 -0.140917227 -0.0985831171
v -0.0572638623 -0.141667709 -0.0930468366
v -0.0609549545 -0.140719667 -0.0884320065
v 0.00363543583 -0.170819685 -0.122565195
v 0.00537216989 -0.165750399 -0.0996668562
v 0.00464983471 -0.166152671 -0.0947261006
v 0.000289582182 -0.165627971 -0.0905580521
v 0.0552917905 -0.173224792 -0.106501311
v 0.0681151673 -0.169904888 -0.124751486
v 0.0770459399 -0.162746415 -0.109381899
v 0.0687979758 -0.168420687 -0.100647986
v 0.0689261109 -0.169718847 -0.0953151137
v 0.0667301044 -0.171455845 -0.0910175443
v 0.0876466185 -0.156858012 -0.128068715
v 0.0873145759 -0.155116066 -0.104050092
v 0.0883651301 -0.155840099 -0.098742649
v 0.0884585604 -0.156732321 -0.0941833481
v 0.048676163 -0.176779628 -0.12265081
v 0.0500831753 -0.174459144 -0.0992867798
v 0.049413573 -0.175548553 -0.0939520895
v 0.0510209166 -0.1761401 -0.0900875479
v -0.0389016606 -0.153244957 -0.122924641
v -0.0373671725 -0.150925219 -0.0990141183
v -0.0381450839 -0.151793271 -0.093342565
v -0.0406144224 -0.151684389 -0.088419497
v 0.11620041 -0.120299399 -0.138628542
v 0.0990234688 -0.148056686 -0.137576789
v 0.0783264339 -0.166221052 -0.13434051
v 0.127111301 -0.0859461352 -0.136899084
v 0.130541265 -0.0448664539 -0.13466011
v -0.0695760623 -0.13347584 -0.130486801
v -0.0904317796 -0.10952431 -0.131809741
v -0.0478834771 -0.149669394 -0.130400479
v -0.103439525 -0.0779125318 -0.13248384
v -0.109116547 -0.0394049361 -0.131365731
v 0.0409730002 -0.17939128 -0.130232438
v 0.0174402259 -0.177188516 -0.130087674
v 0.0553499162 -0.176768497 -0.131039962
v -0.0098464014 -0.168033689 -0.13063404
v -0.0274107307 -0.160907507 -0.130868897
v 0.127151579 -0.0453833044 -0.077011697
v 0.0969465077 -0.139949605 -0.0776173845
v 0.10781344 -0.131155908 -0.0862888768
v 0.114212327 -0.114780284 -0.079530336
v 0.104649305 -0.124369025 -0.0706797242
v 0.121854879 -0.10234113 -0.0867124572
v 0.123714924 -0.0837046131 -0.0786846578
v 0.117784493 -0.0970424637 -0.0713809356
v 0.127632186 -0.066608943 -0.0848269835
v 0.123961784 -0.0638294294 -0.069843702
v -0.0665350184 -0.135715052 -0.070782885
v -0.0808426961 -0.121189706 -0.0644276664
v -0.0890856907 -0.11553251 -0.0725618824
v -0.0746470839 -0.131022185 -0.0781601444
v -0.0994793922 -0.0935698077 -0.0650387481
v -0.103877179 -0.0834413692 -0.0730683133
v -0.0954233184 -0.107002273 -0.0802556947
v -0.106035963 -0.054120589 -0.0648163632
v -0.10574808 -0.0402015112 -0.0727859586
v -0.104903631 -0.0698677674 -0.0804226995
v 0.0380038284 -0.170530349 -0.0746631771
v 0.021179663 -0.16542916 -0.0678955019
v 0.0157043729 -0.16684863 -0.0755560249
v 0.0334636532 -0.173000455 -0.0814655498
v -0.0246546697 -0.155315787 -0.0717967227
v -0.0139411269 -0.159715161 -0.0797875226
v -0.00817753188 -0.159811407 -0.073788479
v -0.0209742431 -0.155096829 -0.0647015423
v -0.045685634 -0.147561148 -0.070396699
v -0.0591923892 -0.138965264 -0.0632993877
v -0.0514758006 -0.14558728 -0.0771484971
v -0.00251394371 -0.159665108 -0.0669618994
v 0.0093878191 -0.167360693 -0.0816365331
v 0.0531577468 -0.169715688 -0.0742438585
v 0.0717618093 -0.165228605 -0.0810508952
v 0.0775817484 -0.157491699 -0.0746721104
v 0.0648844168 -0.161109969 -0.0658925921
v 0.0862235501 -0.146050513 -0.0679843351
v 0.0879376754 -0.153248683 -0.0831174925
v 0.0440611914 -0.167078137 -0.0671220571
v 0.0480424464 -0.173495024 -0.0808034614
v -0.0347462855 -0.15313001 -0.0776557475
v -0.0413438827 -0.148828015 -0.0631353259
v 0.116877727 -0.118887238 -0.0930096954
v 0.0988614261 -0.145405322 -0.0910926312
v 0.110201217 -0.107635729 -0.0628308281
v 0.0950319991 -0.132207811 -0.0609543175
v 0.0768265575 -0.148738816 -0.055220373
v 0.0784691051 -0.163042754 -0.0862156972
v 0.126730502 -0.0863740072 -0.0917813778
v 0.119689159 -0.0787008032 -0.0625398606
v 0.129630908 -0.0459538735 -0.0898211151
v 0.124080859 -0.0433313139 -0.0610096753
v -0.0898730382 -0.114545099 -0.0858780593
v -0.0678693056 -0.136431739 -0.0836992487
v -0.0852330476 -0.110263765 -0.0568746105
v -0.0656177178 -0.132033765 -0.0560085848
v -0.0476525985 -0.145031437 -0.0553538203
v -0.0457254909 -0.149260938 -0.083175011
v -0.102749042 -0.0818123743 -0.0867499784
v -0.100865506 -0.0786882937 -0.0562765822
v -0.107812226 -0.0397921093 -0.087755084
v -0.105409026 -0.0386353843 -0.0583545938
v 0.0191934314 -0.171675667 -0.0869093016
v 0.0412895344 -0.175169617 -0.0851465762
v 0.0110811358 -0.161324605 -0.0596592873
v 0.03249944 -0.162177652 -0.0557959527
v 0.0507698953 -0.163284883 -0.0610848665
v 0.0558417998 -0.175035462 -0.087800093
v -0.0108883074 -0.156083658 -0.0578538254
v -0.00761791598 -0.162907764 -0.0858220905
v -0.0267735906 -0.152317807 -0.0559251979
v -0.024878744 -0.157224342 -0.0845333114
v 0.105798714 -0.131691262 -0.142767414
v 0.119702697 -0.101482354 -0.142510995
v 0.126606807 -0.0646228492 -0.140666738
v -0.0782086998 -0.118681528 -0.135868967
v -0.0947177112 -0.0923039243 -0.137130544
v -0.10380923 -0.0572312139 -0.136639312
v 0.0303822458 -0.175263926 -0.135005847
v -0.019274544 -0.160263807 -0.135575518
v -0.0561099164 -0.139183283 -0.135092407
v 0.00405012816 -0.169411764 -0.135251164
v 0.0678503439 -0.167850778 -0.137652799
v 0.0875594839 -0.15498963 -0.140699834
v 0.0481329337 -0.17430231 -0.135512114
v -0.0382206626 -0.151287004 -0.135314047
v 0.0995992944 -0.126072437 -0.119957909
v 0.114259303 -0.0979140326 -0.120049104
v 0.119424902 -0.0624756329 -0.117868304
v -0.0742647052 -0.11644043 -0.112761103
v -0.090265505 -0.0907836333 -0.1150451
v -0.0983255059 -0.0559876338 -0.114311501
v 0.0280360971 -0.166775629 -0.111997902
v -0.0189119037 -0.151585236 -0.113046706
v -0.0524719022 -0.135263637 -0.111767501
v 0.00326969777 -0.160134032 -0.112464309
v 0.0625929013 -0.160084426 -0.113919504
v 0.0822752938 -0.148282826 -0.117083505
v 0.0446696989 -0.165972441 -0.112420306
v -0.0348855034 -0.145244434 -0.112310708
v 0.0173348282 -0.169127092 -0.124909185
v 0.0388703495 -0.171327204 -0.124998629
v 0.110393643 -0.114262544 -0.132893324
v 0.121014379 -0.0819047764 -0.131654322
v -0.0249853563 -0.153916225 -0.125547856
v -0.00833416637 -0.160585031 -0.125494078
v 0.124077551 -0.0426824093 -0.129677325
v -0.0652293712 -0.128171012 -0.125185505
v -0.0447352491 -0.143604577 -0.125028342
v -0.102947615 -0.0378105901 -0.126160681
v -0.0848309323 -0.105137996 -0.126723617
v 0.0526226871 -0.169103652 -0.125755474
v 0.0752231404 -0.158759594 -0.128686607
v -0.0972746909 -0.0749129876 -0.127327144
v 0.0945227891 -0.1410041 -0.1316358
v -0.10688962 -0.0561015122 -0.142011955
v -0.107730746 -0.0626305789 -0.142111152
v 0.0882777497 -0.159147918 -0.146447852
v 0.0922723636 -0.15834181 -0.146900862
v -0.0972944796 -0.0936704203 -0.142458826
v -0.0988787562 -0.0946371034 -0.142685503
v 0.0692239478 -0.170751646 -0.14343439
v 0.0701579377 -0.172371969 -0.143804908
v -0.0816256031 -0.118456684 -0.141077504
v -0.079837963 -0.123498797 -0.141568884
v 0.00229238602 -0.172208309 -0.140938506
v 0.00621541729 -0.175536245 -0.140698582
v -0.0578548312 -0.141284868 -0.140477568
v -0.0586006306 -0.143034145 -0.140658334
v 0.129515201 -0.0674746335 -0.146302402
v 0.131664932 -0.0615962408 -0.145763204
v -0.0207533091 -0.163063332 -0.141192257
v -0.0186382234 -0.165965497 -0.141085327
v 0.122105576 -0.104923896 -0.148264334
v 0.125525653 -0.100704804 -0.148001447
v 0.030993415 -0.178454667 -0.140585348
v 0.0310714841 -0.180307046 -0.140829235
v 0.108346663 -0.134128451 -0.148436069
v 0.109777801 -0.135565773 -0.14887403
v -0.0392907225 -0.154001385 -0.140680984
v -0.040003296 -0.155657738 -0.140903234
v 0.0494123846 -0.177234158 -0.14121069
v 0.0500096045 -0.179078609 -0.141539723
v 0.016632149 -0.456192881 -0.0213876218
v 0.0297772773 -0.450899899 -0.0194022506
v 0.00529475277 -0.461952835 -0.0196831077
v 0.0100848433 -0.479261428 0.0104602277
v 0.0199466664 -0.478126585 0.014723137
v -0.00272509782 -0.467393667 -0.0141222924
v 0.0527898036 -0.449519515 -0.00917057693
v 0.0586177297 -0.451326251 0.00108449161
v -0.00472419569 -0.472483128 -0.00611814857
v 0.0593328178 -0.455595046 0.00982166827
v 0.0436468236 -0.449149251 -0.015349254
v -0.00192755321 -0.476139694 0.000595122576
v 0.0539514199 -0.461830765 0.0163371563
v 0.00329718436 -0.478432804 0.00594606996
v 0.0429413728 -0.469615519 0.0187447518
v 0.0304885637 -0.47576502 0.017348513
v 0.0106202709 -0.465693355 0.0245187432
v 0.0569286905 -0.44143945 0.0137040764
v 0.0544642769 -0.446671456 0.0214488208
v 0.0334424786 -0.46300298 0.0263931602
v 0.0218363758 -0.468077213 0.0242667198
v 0.0458931886 -0.454699337 0.0259415358
v 0.00555042364 -0.450046331 -0.0150026232
v 0.0466380641 -0.441553712 -0.00765116513
v 0.0324177667 -0.438717246 -0.0108223855
v -0.00429318659 -0.456167102 -0.0105568022
v -0.0085190786 -0.46163398 -0.00191935897
v -0.00227023545 -0.468261212 0.0129580647
v -0.00686324853 -0.465763152 0.00677999854
v 0.00397178624 -0.469704598 0.0173325986
v 0.0537924282 -0.438078672 0.00434444845
v 0.0180727448 -0.443833709 -0.0147250742
v 0.0113304611 -0.349379003 0.130514592
v 0.0198648553 -0.355249643 0.116879314
v 0.0226909537 -0.341222256 0.122215509
v 0.0146711608 -0.334984899 0.136415571
v 0.0284704696 -0.332064986 0.110819221
v 0.0311759394 -0.337564617 0.0948870927
v 0.0281320848 -0.323457032 0.0971717387
v 0.0266876202 -0.317132533 0.114039838
v -0.0036094361 -0.35440138 0.135077029
v 0.00649150275 -0.362646997 0.123073101
v 0.00102082174 -0.341377765 0.142921299
v 0.0280313399 -0.330148548 0.0812572539
v 0.0217488836 -0.316379339 0.0828334391
v 0.0231688228 -0.30844447 0.0995326638
v 0.0284670386 -0.346233219 0.107144177
v 0.0237223096 -0.326368034 0.12664786
v -0.0189755298 -0.354612947 0.136284709
v -0.00888207182 -0.365369081 0.126108259
v -0.014877392 -0.343823582 0.146104574
v -0.0323933661 -0.341483384 0.145236492
v -0.0332993455 -0.3511509 0.132663399
v -0.0213116687 -0.364568353 0.125093669
v -0.0445462279 -0.34327805 0.125470012
v -0.0536131971 -0.325343758 0.129623413
v -0.0523794852 -0.333213627 0.113836169
v -0.0442419723 -0.351848066 0.110717177
v -0.055333931 -0.323041052 0.0990124494
v -0.0571529381 -0.304901749 0.0993809551
v -0.0513878241 -0.315341145 0.084471181
v -0.0509257317 -0.333126694 0.0835760683
v -0.0445771776 -0.33502242 0.139723718
v -0.0341954231 -0.360262692 0.119426966
v -0.0409748517 -0.310747147 0.0731931329
v -0.0346718282 -0.296100289 0.0772316009
v -0.0256397929 -0.308457911 0.066210106
v -0.032689333 -0.322612971 0.0611398816
v -0.0586840697 -0.314213932 0.115153223
v -0.0504259579 -0.3421067 0.098103106
v -0.00751458388 -0.308359176 0.0651396662
v 0.00185303995 -0.298408866 0.0766438842
v 0.0100067593 -0.311881214 0.0709322095
v 0.00147924921 -0.321172893 0.0580175519
v -0.0167019572 -0.295042366 0.0736379176
v -0.0165226739 -0.32069245 0.0565080792
v 0.0139244441 -0.302536547 0.0849501044
v 0.0189515129 -0.324775964 0.068097651
v -0.0486674681 -0.299190968 0.0863187164
v -0.0447346494 -0.326590359 0.0705104619
v -0.040136259 -0.32905224 0.154621482
v -0.0271420628 -0.328831255 0.160096288
v 0.000502719718 -0.374257177 0.11430043
v -0.014783863 -0.372299612 0.11830467
v -0.0101166116 -0.332158446 0.154381514
v -0.0276253559 -0.372751504 0.11046505
v 0.015105485 -0.368272722 0.110495687
v 0.0050698854 -0.327464491 0.14937377
v 0.0236595627 -0.310797513 0.130387813
v 0.0170226116 -0.319907844 0.141275704
v 0.0320999101 -0.3509579 0.0923861563
v 0.0262890998 -0.359732658 0.102903843
v 0.0321667343 -0.343226165 0.0800078213
v 0.0236062612 -0.301389426 0.116943598
v 0.0165993609 -0.292841703 0.1021097
v 0.0264953822 -0.33700493 0.0671129078
v 0.0159522817 -0.336615592 0.0535291582
v 0.00534660881 -0.291227311 0.0861531347
v -0.0383481495 -0.366059124 0.102939248
v -0.0509928726 -0.321565062 0.148278713
v -0.0621737242 -0.29952231 0.121021003
v -0.0588820353 -0.311130673 0.136802912
v -0.0454527065 -0.357391179 0.0917786211
v -0.0476000495 -0.348658741 0.0781782717
v -0.0435007475 -0.34143272 0.0650161058
v -0.0582917742 -0.290651321 0.105181873
v -0.0478314236 -0.285634547 0.0929422677
v -0.0334509872 -0.336258024 0.054873243
v -0.0187148526 -0.333027035 0.0492401421
v -0.0133893043 -0.28265813 0.0834767967
v -0.0323999785 -0.282842904 0.0850051194
v -0.00154486275 -0.331748933 0.049275741
v -0.00145729445 -0.287020981 0.191588104
v 0.00596706057 -0.292614639 0.175770521
v 0.0118103195 -0.278343767 0.18363905
v 0.00573470769 -0.273558706 0.201222152
v 0.0202066191 -0.266471893 0.172939897
v 0.0217652526 -0.270976305 0.154007465
v 0.0208621807 -0.253830343 0.158601582
v 0.0213515703 -0.249959752 0.180357337
v -0.0171991233 -0.291798741 0.197459698
v -0.00862723868 -0.299730182 0.182729959
v -0.00915549602 -0.279886186 0.207823277
v 0.0179980341 -0.260501027 0.139341474
v 0.0120035587 -0.244110599 0.14225772
v 0.0168998875 -0.237072244 0.163444191
v 0.0169713814 -0.282533526 0.166330874
v 0.0168185569 -0.263382047 0.192631364
v -0.0328227505 -0.291933686 0.201409608
v -0.0244417377 -0.301975518 0.188119709
v -0.0258227717 -0.282011479 0.212884635
v -0.0447112173 -0.280091256 0.214718342
v -0.0474252515 -0.289182574 0.200856954
v -0.0368674621 -0.301158607 0.18979457
v -0.0590245016 -0.282807022 0.196034372
v -0.06866052 -0.266940534 0.201397181
v -0.0675778612 -0.273363918 0.184999764
v -0.0596433058 -0.289874375 0.180892467
v -0.0719072148 -0.260787308 0.167887509
v -0.0746596009 -0.241117701 0.164449215
v -0.0693241581 -0.248586431 0.148471385
v -0.0690334961 -0.266969234 0.1511136
v -0.0582822524 -0.275114894 0.211044431
v -0.049543675 -0.297501206 0.18735972
v -0.0589136556 -0.240647167 0.132898569
v -0.0506374128 -0.226066962 0.134664178
v -0.0430270396 -0.236894116 0.124043852
v -0.052044332 -0.250533402 0.120699763
v -0.075003095 -0.254856646 0.185052097
v -0.06669458 -0.279379576 0.168485373
v -0.024188742 -0.236083373 0.122667849
v -0.0117238313 -0.226674661 0.135464519
v -0.00402949331 -0.239093646 0.128900945
v -0.0163097475 -0.248172268 0.114363849
v -0.0318825021 -0.224526495 0.131356239
v -0.0356201306 -0.24780044 0.113949507
v 0.00367596745 -0.229897127 0.145301431
v 0.00516993459 -0.253143877 0.124897182
v -0.065958716 -0.231013671 0.146055967
v -0.064121969 -0.25653103 0.133471161
v -0.0518178642 -0.268385619 0.2273736
v -0.0351254903 -0.267341524 0.233168662
v -0.0152673181 -0.311470836 0.174343824
v -0.0309859551 -0.308648914 0.181364179
v -0.0172316507 -0.270969272 0.224442273
v -0.0437389091 -0.309197009 0.176745683
v 0.0001893515 -0.306368321 0.168638587
v -0.000937933801 -0.267005265 0.218863845
v 0.0199611448 -0.247632593 0.202320784
v 0.0122215319 -0.259351403 0.211807519
v 0.0207343753 -0.287897378 0.149758101
v 0.0129338196 -0.2980434 0.160480827
v 0.0213550087 -0.277598828 0.13656643
v 0.019658057 -0.233316287 0.187674284
v 0.00992234703 -0.22158967 0.1678662
v 0.0133018484 -0.268664509 0.122190475
v -0.000993170543 -0.266261309 0.105917156
v -0.005893711 -0.219986454 0.146741301
v -0.0545857251 -0.30253163 0.171785057
v -0.0652872026 -0.262559444 0.221335649
v -0.0801155493 -0.23962234 0.189810991
v -0.0753365383 -0.253304183 0.208749264
v -0.062588729 -0.292888641 0.161540389
v -0.0667100176 -0.2809892 0.146033734
v -0.0642821267 -0.270023972 0.128675014
v -0.076709576 -0.225476727 0.168348432
v -0.0644368455 -0.216556892 0.151261538
v -0.0545015633 -0.263198733 0.114789128
v -0.0396206789 -0.259815484 0.106136739
v -0.0264506191 -0.213515624 0.142522871
v -0.0466353521 -0.213284239 0.142348766
v -0.0213006344 -0.258760244 0.103612751
v 0.0165437683 -0.458189368 -0.0170693845
v 0.0266589615 -0.454663068 -0.0172426999
v 0.0075211511 -0.462485671 -0.0147430748
v 0.0136324698 -0.476171762 0.00919444859
v 0.0210205447 -0.475573272 0.0122253597
v 0.00150001375 -0.4666529 -0.00969716907
v 0.04862082 -0.45214811 -0.00866250694
v 0.0539530702 -0.454836011 -0.00099915266
v 0.000604825618 -0.470958859 -0.00428929925
v 0.0546994284 -0.45864746 0.00676777959
v 0.0385477096 -0.452055037 -0.0145490766
v 0.0033751661 -0.473792434 0.00073543191
v 0.0500738844 -0.463465244 0.0125034153
v 0.00775513379 -0.475532919 0.0052318275
v 0.0406753346 -0.469498217 0.0147384554
v 0.0298749488 -0.473894864 0.0143143088
v 0.0109952977 -0.433454067 0.00324930251
v 0.019482499 -0.430420429 0.00289089978
v 0.00349129783 -0.436910838 0.00566530228
v 0.0081400983 -0.44755885 0.0262133032
v 0.0139416978 -0.447013259 0.0280780941
v -0.0019647025 -0.440487653 0.0104124993
v 0.0381481014 -0.428097218 0.00899009407
v 0.0419744961 -0.430174857 0.0154653043
v -0.00242870231 -0.443735629 0.0154644996
v 0.0421304964 -0.433049232 0.0219020993
v 0.0297856983 -0.428109229 0.00458289683
v -0.000172702363 -0.445996433 0.019612506
v 0.0380912982 -0.436929256 0.0266453028
v 0.00318409782 -0.447137237 0.0234300941
v 0.0293952972 -0.441995651 0.0291021019
v 0.0205552988 -0.445738852 0.0293013006
v 0.0146925645 -0.463178992 0.0181287974
v 0.0218425635 -0.46219793 0.0201979429
v 0.0405476466 -0.45424515 0.0202586502
v 0.0473359749 -0.449200183 0.0163454115
v 0.00248286314 -0.453058362 -0.00308674574
v -0.000735574868 -0.456909329 0.00217938423
v 0.00379468105 -0.462116987 0.0115155131
v 0.00860903412 -0.46319744 0.0153076202
v 0.04641537 -0.442512572 0.00265386701
v 0.0393801033 -0.441231757 -0.00358226895
v 0.0306352656 -0.459417969 0.0212589502
v 0.0490544103 -0.445426583 0.00997498631
v 0.0185111817 -0.445548564 -0.0080755055
v 0.00976106711 -0.449109465 -0.00680167973
v 0.000568395946 -0.460195333 0.00710271299
v 0.0288619678 -0.442574233 -0.00720636547
v 0.0135719543 -0.48376289 0.00444503129
v 0.0421516672 -0.457203269 -0.0197411627
v 0.00834399834 -0.468717128 -0.0211771578
v 0.0587892309 -0.465045035 0.00373026729
v 0.0606385544 -0.462521851 0.00422924757
v 0.0285025239 -0.460065722 -0.0231028497
v 0.000228935969 -0.478025705 -0.0099593997
v 0.0318778679 -0.480342209 0.0120728612
v 0.0175499003 -0.464214951 -0.0231486708
v 0.0578351319 -0.460533828 -0.00513124466
v 0.0594016425 -0.459212929 -0.00445888937
v 0.0436778925 -0.476561576 0.0117084086
v 0.0527077802 -0.457781911 -0.0132430941
v 0.0079188142 -0.483404368 0.000229820609
v 0.00145237602 -0.47347787 -0.0153666884
v 0.0538423061 -0.470015496 0.00933365524
v 0.0225009378 -0.481954306 0.00998564065
v 0.00349233695 -0.481282771 -0.00421407819
v 0.000599322899 -0.474822193 -0.0123734921
v -0.000320438296 -0.480370492 -0.0066305846
v 0.00544043863 -0.48153773 -0.00183190405
v 0.0107789952 -0.48303777 0.00260683894
v 0.026093198 -0.481757224 0.00997549295
v 0.0389942639 -0.478457123 0.0135423988
v 0.0503392629 -0.472772658 0.0125353485
v 0.0561054423 -0.467247784 0.00740511715
v 0.0135593889 -0.465648621 -0.02183716
v 0.00248534279 -0.471073508 -0.0196398199
v 0.0478441827 -0.456836015 -0.0160082281
v 0.0358406529 -0.456668437 -0.0222993493
v 0.0227771159 -0.460973859 -0.0246074051
v 0.115792982 -0.0192152411 0.0447623581
v 0.0782595798 -0.0185662787 0.298457921
v 0.0915235505 -0.019715013 0.277369887
v 0.102991141 -0.0208053011 0.253652543
v 0.111577086 -0.0216348153 0.230014235
v 0.121265344 -0.0219613593 0.187959611
v 0.123996787 -0.0215207171 0.166420102
v 0.117569856 -0.0182336699 0.0248829871
v 0.122666493 -0.0197485741 -0.014247641
v 0.123935513 -0.0211958196 -0.034095116
v 0.124531329 -0.0225495007 -0.0527780727
v 0.0517271459 -0.0175351705 0.330392569
v 0.117337048 -0.0220039543 0.208384871
v 0.118233457 -0.0207829773 0.103538722
v 0.0646370575 -0.0177590661 0.315160513
v -0.117443658 -0.0260137487 0.292298675
v -0.120577052 -0.0207418259 0.261126727
v -0.118717127 -0.0214474853 0.237456501
v -0.119626701 -0.0220066067 0.203706294
v -0.119136207 -0.0154461432 0.183168143
v -0.0974364504 -0.0199653525 0.00957728922
v -0.0942904204 -0.0116959019 -0.00978265703
v -0.118475214 -0.0220357254 0.219363719
v -0.11433547 -0.0269514918 0.157118499
v -0.0924014598 -0.012941232 0.366979331
v -0.0771216303 -0.0219780281 0.388143569
v -0.102485947 -0.0139713753 -0.0469302014
v -0.0930339172 -0.0233115815 -0.0298237875
v -0.0964516848 -0.0101933889 0.0282407403
v -0.0951857045 -0.0173865333 0.047358036
v -0.0947517157 -0.014256713 0.0912660956
v -0.0985010192 -0.0188681874 0.11179927
v -0.106582761 -0.0185689684 0.134487569
v -0.092332378 -0.00952870958 0.0699831992
v -0.111221768 -0.0204141308 -0.136822253
v 0.133168682 -0.0224766713 -0.141329437
v 0.129488215 -0.0234107878 -0.126988679
v 0.127622947 -0.0257764738 -0.102445185
v 0.129192933 -0.0195137821 -0.0969426334
v 0.130065873 -0.0228665937 -0.0938155055
v -0.108702257 -0.0203568861 -0.122653984
v -0.10766115 -0.0205657091 -0.0991768986
v -0.108694531 -0.0200969409 -0.0942284316
v -0.109158233 -0.0203782134 -0.0903086215
v 0.129632741 -0.0241443366 -0.084268108
v 0.126574546 -0.0236229915 -0.0694932789
v -0.105106927 -0.0201228913 -0.0640396625
v -0.106830157 -0.02165935 -0.079690367
v -0.107136384 -0.0194240864 -0.136352733
v 0.128379777 -0.0228648093 -0.138612315
v -0.101329505 -0.0187244322 -0.112871498
v 0.120619297 -0.0218908321 -0.116339505
v 0.114422061 -0.0203559734 0.0648479313
v -0.10670083 -0.018905852 0.332597315
v 0.115542524 -0.0210091397 0.0845702738
v 0.131775483 -0.0254405625 -0.14473027
v 0.13368611 -0.0193037912 -0.144829959
v -0.109723173 -0.020008266 -0.141215861
v -0.111250281 -0.0206561889 -0.140966743
v 0.12273705 -0.0203539412 0.122562706
v 0.119693421 -0.0185700338 0.00532637537
v 0.125122577 -0.0207080301 0.143563151
v 0.000228935969 0.474205643 -0.0099593997
v 0.0318778679 0.476522148 0.0120728612
v 0.0175499003 0.460394889 -0.0231486708
v 0.0578351319 0.456713766 -0.00513124466
v 0.0594016425 0.455392867 -0.00445888937
v 0.0436778925 0.472741514 0.0117084086
v 0.0527077802 0.453961849 -0.0132430941
v 0.0079188142 0.479584306 0.000229820609
v 0.00145237602 0.469657809 -0.0153666884
v 0.0538423061 0.466195434 0.00933365524
v 0.0225009378 0.478134245 0.00998564065
v 0.00349233695 0.477462709 -0.00421407819
v 0.000599322899 0.471002132 -0.0123734921
v -0.000320438296 0.47655043 -0.0066305846
v 0.00544043863 0.477717668 -0.00183190405
v 0.0107789952 0.479217708 0.00260683894
v 0.026093198 0.477937162 0.00997549295
v 0.0389942639 0.474637061 0.0135423988
v 0.0503392629 0.468952596 0.0125353485
v 0.0561054423 0.463427722 0.00740511715
v 0.0135593889 0.46182856 -0.02183716
v 0.00248534279 0.467253447 -0.0196398199
v 0.0478441827 0.453015953 -0.0160082281
v 0.0358406529 0.452848375 -0.0222993493
v 0.0227771159 0.457153797 -0.0246074051
v 0.115792982 0.0153951794 0.0447623581
v 0.0782595798 0.0147462301 0.298457921
v 0.0915235505 0.0158949476 0.277369887
v 0.102991141 0.0169852413 0.253652543
v 0.111577086 0.0178147536 0.230014235
v 0.121265344 0.0181412976 0.187959611
v 0.123996787 0.0177006554 0.166420102
v 0.117569856 0.0144136082 0.0248829871
v 0.122666493 0.0159285124 -0.014247641
v 0.123935513 0.0173757579 -0.034095116
v 0.124531329 0.018729439 -0.0527780727
v 0.0517272167 0.013714443 0.33039251
v 0.117337048 0.0181838926 0.208384871
v 0.118233457 0.0169629157 0.103538722
v 0.0646370575 0.013939077 0.315160573
v -0.117443673 0.0221936889 0.292298704
v -0.120577052 0.0169217624 0.261126727
v -0.118717127 0.0176274236 0.237456501
v -0.119626701 0.018186545 0.203706294
v -0.119136207 0.0116260815 0.183168143
v -0.0974364281 0.0161459204 0.00957733393
v -0.0942903981 0.00788050611 -0.00978252292
v -0.118475214 0.0182156637 0.219363719
v -0.11433547 0.0231314301 0.157118499
v -0.0924013481 0.00912116375 0.366979212
v -0.0771230236 0.0181579702 0.388144225
v -0.102487683 0.0100364396 -0.0469367802
v -0.0930345878 0.0194861498 -0.0298247859
v -0.0964516848 0.00637308415 0.0282407403
v -0.095185712 0.0135664511 0.047358036
v -0.0947517157 0.0104366476 0.0912660956
v -0.0985010192 0.0150481258 0.11179927
v -0.106582761 0.0147489067 0.134487569
v -0.092332378 0.00570866419 0.0699831992
v -0.111221746 0.0165918581 -0.13682206
v 0.133168682 0.0186566096 -0.141329437
v 0.129488215 0.0195907261 -0.126988679
v 0.127622947 0.0219564121 -0.102445185
v 0.129192933 0.0156937204 -0.0969426334
v 0.130065873 0.019046532 -0.0938155055
v -0.108702339 0.016531704 -0.122653782
v -0.107663944 0.0169217791 -0.0991970897
v -0.108691096 0.0165167097 -0.0942556411
v -0.109109282 0.0163081419 -0.0902354568
v 0.129632741 0.0203242749 -0.084268108
v 0.126574546 0.0198029298 -0.0694932789
v -0.105096102 0.0162062421 -0.0640486255
v -0.106396236 0.0213459861 -0.0785155818
v -0.107136384 0.0156043023 -0.136352748
v 0.128379777 0.0190447476 -0.138612315
v -0.101329505 0.0149043705 -0.112871498
v 0.120619297 0.0180707704 -0.116339505
v 0.114422061 0.0165359117 0.0648479313
v -0.106700771 0.015085794 0.332597256
v 0.115542524 0.017189078 0.0845702738
v 0.131775483 0.0216205008 -0.14473027
v 0.13368611 0.0154837295 -0.144829959
v -0.109723173 0.0161884762 -0.141215861
v -0.111250274 0.016835751 -0.140966684
v 0.12273705 0.0165338796 0.122562706
v 0.119693421 0.0147499721 0.00532637537
v 0.125122577 0.0168879684 0.143563151
v 0.00147798343 0.175434172 0.209587216
v 0.02909486 0.181676939 0.32548821
v 0.0392708145 0.177058741 0.300730348
v 0.0425181501 0.173792407 0.277674437
v 0.0454904959 0.168170258 0.257909447
v -0.0408804938 0.164749548 0.193746567
v 0.00846789964 0.148450732 0.182130188
v -0.0623571277 0.100367285 0.102832913
v 0.0188302752 0.13259621 0.109602481
v -0.0586406775 0.0975438952 0.0615473837
v -0.0593275614 0.100504577 0.0403888226
v -0.0539626963 0.10045822 0.0201821029
v -0.0517264716 0.106443845 0.000995710492
v -0.0546179675 0.11966949 -0.0182255954
v -0.0564239994 0.131710991 -0.0380508974
v -0.0560790002 0.140064865 -0.0832210407
v 0.0504517779 0.434379429 -0.00108374655
v 0.130353749 0.0201077219 -0.0897105634
v 0.12867707 0.0632249638 -0.0906665027
v 0.0861226991 0.138354585 -0.0591056645
v 0.0493695289 0.171667472 -0.0863674134
v 0.124161482 0.0180872958 -0.0437082574
v 0.12032672 0.0540696047 -0.0440369546
v 0.112988375 0.0835733563 -0.044666864
v 0.101422146 0.109448627 -0.0435690358
v 0.0387560986 0.150859252 -0.0406113937
v 0.123534635 0.0166318994 -0.0241894424
v 0.119173326 0.0498961583 -0.0243090689
v 0.111785702 0.0777873322 -0.0245865434
v 0.100563757 0.10309764 -0.0234773159
v 0.0345224477 0.141154006 -0.0223786682
v 0.121282659 0.0152892526 -0.00441090763
v 0.117305711 0.046289131 -0.00444963574
v 0.110462964 0.0727785453 -0.00484602153
v 0.0984072536 0.0959590003 -0.00434409082
v 0.0305069685 0.130790606 -0.00420923531
v 0.118372515 0.0144072957 0.0150613338
v 0.114800312 0.0440390781 0.0150513202
v 0.10813649 0.0690290257 0.0141614079
v 0.0965346918 0.0908107162 0.0139336884
v 0.0277674831 0.125446618 0.0139183998
v 0.116843775 0.0148036238 0.0347902328
v 0.112500906 0.0447164029 0.0348474532
v 0.105614066 0.0695148185 0.0338377357
v 0.096769169 0.0927509964 0.0337716043
v 0.0264698956 0.125660375 0.0321082622
v 0.114745438 0.0159922 0.0547914058
v 0.1103689 0.0473415069 0.0550025254
v 0.103875898 0.0735754892 0.0544286519
v 0.0951027349 0.0971388742 0.0545854419
v 0.0249609388 0.128511205 0.0506394506
v 0.114829719 0.0169656295 0.0748119503
v 0.110663891 0.0499694906 0.0751870424
v 0.103723586 0.0769426748 0.0748364329
v 0.0917375609 0.09901651 0.0746853203
v 0.0223197863 0.130270138 0.0696681142
v 0.116575234 0.0171662439 0.0941541046
v 0.113545313 0.0508361235 0.0947348028
v 0.105961017 0.0780164599 0.0947398096
v 0.0910282061 0.100503698 0.0946803689
v 0.0202934854 0.130657583 0.0895113349
v 0.120460667 0.0166967083 0.112913787
v 0.11886698 0.0507651046 0.113975346
v 0.109468713 0.0798629224 0.114990622
v 0.0927679315 0.104640283 0.11559388
v 0.0160090514 0.137261018 0.131657779
v 0.124415278 0.0165927075 0.132717341
v 0.122296289 0.0522643588 0.134655118
v 0.111838154 0.0841808021 0.136724502
v 0.0942049921 0.11040137 0.137901992
v 0.0713413581 0.123419836 0.115842432
v 0.122800946 0.0179748982 0.177438587
v 0.120897368 0.0569757111 0.180501193
v 0.113293186 0.0918713808 0.183994204
v 0.0956933126 0.119926803 0.186750293
v 0.00777693931 0.15879634 0.205970764
v 0.119447947 0.0182077195 0.198182046
v 0.118147515 0.0574477725 0.200907111
v 0.110842586 0.0925003216 0.203867495
v 0.0929517224 0.121053472 0.207084537
v 0.0686402693 0.138503388 0.19059515
v 0.107645653 0.0174460225 0.241675794
v 0.105775975 0.0550542884 0.244483203
v 0.0973983034 0.0898094624 0.247606277
v 0.0808824152 0.120343946 0.252061605
v 0.0614417568 0.146589965 0.256957918
v 0.0975930914 0.0164595712 0.26565972
v 0.0949802473 0.0527516901 0.269091964
v 0.0863995776 0.0873458162 0.272721916
v 0.0716193095 0.118370153 0.277289778
v 0.0560789183 0.146757111 0.280469477
v 0.0849786773 0.01531302 0.288437188
v 0.081040971 0.0497450344 0.292417407
v 0.0720027089 0.0829835981 0.297274739
v 0.0600904934 0.11304044 0.303459078
v 0.0507792979 0.142429203 0.306665778
v 0.0715413019 0.0142577272 0.307247221
v 0.0644987002 0.0464448333 0.312816918
v 0.0525594056 0.0769775063 0.321650892
v 0.043117974 0.104984537 0.331249058
v 0.0409960598 0.139007017 0.334763587
v -0.0795809478 0.122871391 -0.0846785456
v 0.129399046 0.0621813387 -0.135630697
v 0.12294016 0.0997381136 -0.0927015692
v 0.0491044149 0.174525067 -0.13057375
v 0.0646526515 0.144704282 0.233763307
v 0.0880623609 0.121167123 0.227913201
v 0.10565529 0.0916554406 0.223937422
v 0.113459088 0.0567856096 0.221321017
v 0.114776745 0.0180609021 0.21891126
v 0.0443797372 0.16098164 0.236831784
v 0.00682028662 0.141562507 0.354405731
v 0.0110387225 0.09767171 0.355841488
v 0.0275298506 0.0699408725 0.345565796
v 0.0457655825 0.0441342667 0.331305504
v 0.0576149411 0.0138153937 0.322767705
v -0.00505652139 0.189441785 0.339963168
v 0.0110327406 0.143219337 0.157598048
v 0.095468089 0.116280414 0.162486166
v 0.113354817 0.0891008526 0.160550952
v 0.122374773 0.0551391914 0.157670975
v 0.124874473 0.0173087921 0.154932886
v 0.000711122295 0.415503979 0.069166407
v 0.0265257657 0.406541854 0.0638640076
v 0.0439788289 0.390731514 0.0490131527
v 0.00897866115 0.382353097 0.0117705911
v 0.0441137329 0.385321438 0.0389279276
v 0.0376347825 0.398278803 0.0575510412
v 0.010331925 0.44620961 0.0387760997
v 0.0188386086 0.406692356 -0.000669792295
v -0.0407012738 0.184483826 0.167824864
v -0.0559715331 0.210559428 0.145719767
v -0.0111945439 0.256557137 0.104913116
v -0.0406813733 0.280213505 0.0883491635
v 0.00726674125 0.328805029 0.0514082015
v 0.0383059792 0.382867485 0.0276505053
v 0.0147865145 0.218021259 0.270954996
v 0.00809521787 0.23884587 0.24444294
v 0.017594371 0.289283305 0.155446321
v 0.0220702551 0.27884078 0.143426687
v 0.029920375 0.351447135 0.097941339
v 0.0328399502 0.343107373 0.0863600373
v 0.022539353 0.376501888 0.089864552
v 0.0238008704 0.391493171 0.0757634044
v 0.0270712432 0.198287234 0.245112181
v 0.0212379545 0.217573628 0.224888951
v 0.0159413256 0.222891346 0.178167939
v 0.0209564995 0.236726105 0.195788383
v 0.0209111292 0.29304412 0.109605372
v 0.0245214663 0.30225122 0.123937607
v 0.0353640281 0.360347569 0.0717643797
v 0.0387036316 0.375979245 0.0595657676
v 2.7667731e-05 0.224219546 0.282932103
v -0.00675896462 0.244224131 0.251319051
v 0.0169353522 0.250176638 0.20752129
v -0.00882179942 0.26562956 0.221820354
v 0.0211082455 0.311639637 0.1361745
v -0.00226535811 0.326456308 0.152258366
v 0.00983498059 0.383663952 0.0946248323
v 0.0112231653 0.398039758 0.0800443441
v 0.0210093576 0.184726983 0.22914204
v 0.0148425568 0.203717932 0.208527029
v 0.0183981955 0.269051939 0.129401267
v 0.00640815077 0.261836708 0.114771158
v 0.0300611947 0.336059839 0.0735244304
v 0.0214970242 0.331395537 0.060693875
v 0.033547733 0.353681564 0.0603737384
v 0.0379201733 0.369861633 0.0490932763
v 0.0238473676 0.209672347 0.258048892
v 0.018217789 0.230107754 0.235899895
v 0.00616596313 0.259845942 0.215530634
v 0.00703068823 0.298686177 0.16487655
v 0.0115971845 0.320142359 0.145688802
v 0.0212820787 0.360333502 0.107140809
v 0.0315798447 0.368213922 0.081934467
v 0.0336992219 0.383542687 0.0687228292
v -0.0209991746 0.225499377 0.293671042
v -0.024928024 0.24534139 0.258130372
v -0.0374604799 0.306610614 0.178389251
v -0.026074145 0.267108291 0.227374196
v -0.021266371 0.370230615 0.11372903
v -0.0184230041 0.328537256 0.15630126
v -0.00448547676 0.3872284 0.0964850783
v -0.00190794072 0.400993198 0.0817917436
v 0.0251088869 0.437111408 -0.0131064653
v 0.0564439483 0.439947754 0.0178548992
v 0.0134165706 0.413107485 0.0675426275
v 0.0274068173 0.462261856 0.0255029202
v 0.0560173355 0.435656399 0.00918959081
v 0.0509115346 0.446558744 0.0242057145
v 0.0398254879 0.45526123 0.0266272128
v 0.0453067906 0.404038042 0.016787082
v 0.0300982986 0.420124561 0.0544034839
v 0.0494699106 0.403478712 0.040915817
v 0.0163869374 0.426832467 0.0569672883
v 0.0499431901 0.39853397 0.0310369283
v 0.0423065238 0.411207229 0.0489531606
v 0.00389826787 0.429393381 0.0575669855
v 0.0164109096 0.464713901 0.0233312398
v 0.00711264508 0.438080579 0.0481206328
v 0.0453028157 0.427382469 0.0370600224
v 0.0442627184 0.419162035 0.0432460904
v 0.0509633645 0.415691137 0.0220086575
v 0.0510858595 0.40677914 0.0267310143
v 0.0214297846 0.443896294 0.040280655
v 0.0188031383 0.435398191 0.0489208251
v 0.0511554331 0.420080274 0.0305566937
v 0.0510029607 0.411514223 0.0359842926
v 0.0340524763 0.436679035 0.0402914435
v 0.0321825147 0.428463161 0.0476413369
v 0.0155312615 0.396729231 0.00186496973
v -0.0791507959 0.172947958 0.327845067
v -0.0941399187 0.166739926 0.304777026
v -0.0936075598 0.163839713 0.275976807
v -0.0919958651 0.157391712 0.251066834
v 0.0701871216 0.128577605 0.138493657
v -0.08300253 0.141040564 0.216169655
v 0.0714084357 0.119010165 0.0947989821
v -0.0582722835 0.0968753919 0.0823901743
v 0.0725185499 0.1160658 0.0746801645
v 0.0759436861 0.114394538 0.05522497
v 0.0794518292 0.112636246 0.0355035514
v 0.0801663399 0.111702219 0.016011253
v 0.0808669329 0.115822367 -0.00231179595
v 0.0844134614 0.124637738 -0.0208385736
v 0.0862179771 0.131599486 -0.0404693559
v 0.0882275403 0.15211156 -0.0891648754
v -0.104687691 0.015245147 -0.0553248897
v -0.105699204 0.0572571717 -0.0867256224
v -0.0562575534 0.1359521 -0.0556227639
v 0.00540015427 0.163541332 -0.0865547433
v -0.0980720744 0.0149651002 -0.0382768586
v -0.0952293798 0.0524090827 -0.0388247147
v -0.0877313092 0.0873871967 -0.0395705774
v -0.073547706 0.115237214 -0.0389186889
v -0.002511058 0.149647281 -0.0405194685
v -0.0906748325 0.0462454855 -0.0212127715
v -0.0857539102 0.0805968121 -0.0199404955
v -0.07254792 0.106963031 -0.0187033266
v -0.0048401868 0.139670834 -0.0212175101
v -0.0967162997 0.0120060965 8.36402178e-05
v -0.091821 0.042440366 -0.000782459974
v -0.0826330781 0.0717800185 -0.000432550907
v -0.0683536679 0.0940174758 0.000516533852
v -0.00633835793 0.128527388 -0.00261335075
v -0.0976379141 0.0107281869 0.0191955119
v -0.0928610712 0.0379683636 0.0170116574
v -0.0833677053 0.0649433136 0.0172923803
v -0.069616735 0.0860950798 0.0188175142
v -0.0085368501 0.12168137 0.0157204419
v -0.0960256085 0.00985933002 0.0372126549
v -0.0959286392 0.0361353196 0.0360578448
v -0.0902133584 0.0623132363 0.0365496427
v -0.0770233497 0.0854833275 0.0385271311
v -0.0108703161 0.119828545 0.0341466069
v -0.0936715677 0.0336046778 0.058169499
v -0.0904575363 0.0595787428 0.059113726
v -0.0765682086 0.0818904415 0.0605668575
v -0.0126655865 0.121652164 0.0528324246
v -0.0934193283 0.0348322876 0.0813814253
v -0.0903275162 0.0599158965 0.0812654644
v -0.0749014467 0.0810305551 0.0825542063
v -0.0149179548 0.123940349 0.0717770606
v -0.0964318514 0.0118443286 0.102497667
v -0.0961230025 0.0388403609 0.103213191
v -0.0908543617 0.0633845851 0.10328427
v -0.076811403 0.0846687481 0.104210436
v -0.0178514421 0.125014126 0.0908989757
v -0.102060936 0.012069325 0.12267819
v -0.101305835 0.0437082946 0.124892056
v -0.0955878422 0.0687091276 0.124816895
v -0.0833280459 0.0904427022 0.12512815
v -0.0213057417 0.12785165 0.109802753
v -0.110929452 0.0167980623 0.145950049
v -0.108159207 0.0487704985 0.14600873
v -0.103278197 0.0742323026 0.146123499
v -0.091961436 0.0963454023 0.147020936
v -0.0259223282 0.134265602 0.130552053
v -0.119601659 0.0169239752 0.193770647
v -0.117451005 0.0526923798 0.193746179
v -0.111914851 0.0794650689 0.193486512
v -0.102447584 0.103423238 0.196039587
v -0.0305359475 0.142289922 0.156135291
v -0.119137146 0.0183492675 0.211809337
v -0.118386827 0.0530223735 0.211590439
v -0.114547096 0.08079537 0.212299556
v -0.105815448 0.106118277 0.215339094
v -0.0945539102 0.126352295 0.217533082
v -0.119825684 0.0172363222 0.24847579
v -0.121050671 0.0511819981 0.250401556
v -0.119010106 0.0809387192 0.253088534
v -0.110792242 0.109440207 0.256156892
v -0.100453116 0.134991169 0.25626862
v -0.119813979 0.0173593983 0.276288629
v -0.120498553 0.050359942 0.276632547
v -0.117510714 0.0794100389 0.279833287
v -0.109800413 0.108878613 0.28276369
v -0.101543389 0.1362627 0.282629222
v -0.11288166 0.0164177865 0.311883599
v -0.112479284 0.0478320085 0.309829921
v -0.10861478 0.0762581751 0.312957734
v -0.104645424 0.103444815 0.315053284
v -0.103200309 0.128747866 0.314166903
v -0.0995006338 0.0137041211 0.351514012
v -0.0983161181 0.0450293683 0.347812057
v -0.0918380097 0.0725148246 0.348114967
v -0.0873044953 0.0976172164 0.347141236
v -0.0863571987 0.12724334 0.341504067
v -0.110049009 0.016506711 -0.13022843
v -0.106990717 0.0551969297 -0.132074207
v -0.0977792367 0.095960401 -0.0866690427
v 0.00334997964 0.169174239 -0.130321518
v -0.0981208608 0.130687296 0.235293537
v -0.108893432 0.108333126 0.234177649
v -0.117040627 0.0815207288 0.230851531
v -0.119251326 0.0524940565 0.228725344
v -0.118195474 0.0179638173 0.227751106
v -0.0880848244 0.148915157 0.231965244
v -0.0442791767 0.137722194 0.355573863
v -0.042581223 0.0958351493 0.362984449
v -0.0593517609 0.069641389 0.370720774
v -0.0783926472 0.0449215025 0.37575683
v -0.0849028677 0.013595528 0.378559381
v -0.0430441648 0.183128461 0.339876801
v -0.0909683928 0.122555815 0.198607296
v -0.0985350236 0.100602545 0.172016829
v -0.108943962 0.0777834579 0.169859529
v -0.114348948 0.0509314612 0.169180393
v -0.0699174628 0.106019475 0.123386532
v -0.0102975322 0.415500641 0.0675788522
v -0.0251967292 0.409881532 0.0555815995
v -0.0275387764 0.399140507 0.0319132209
v -0.00312163075 0.348331898 0.0356908143
v -0.00792216789 0.386984736 0.0119804442
v -0.0284870546 0.404940844 0.0449584872
v 0.00155774504 0.446540505 0.0357611775
v -0.0331664942 0.148355812 0.182817936
v 0.000160603668 0.194644496 0.186345577
v -0.049496837 0.302498639 0.174817026
v 0.00217835605 0.215108097 0.157370657
v -0.0333837681 0.36600104 0.107103944
v 0.0110510681 0.286492735 0.0944210887
v 0.02604606 0.349770993 0.048554793
v 0.0312701538 0.366641372 0.037797749
v -0.0788912326 0.212278336 0.270991683
v -0.0755057335 0.234224498 0.24258396
v -0.0652696639 0.283277452 0.154333383
v -0.0708126649 0.254647583 0.215884
v -0.0472579077 0.349099964 0.0851238519
v -0.0553427711 0.312846929 0.14319092
v -0.0365400948 0.377785683 0.0786839873
v -0.0304242112 0.394087523 0.0659908801
v -0.0881927684 0.188787758 0.229954273
v -0.0871071294 0.207984537 0.206370175
v -0.0715272799 0.216380104 0.158900112
v -0.0795847252 0.228350922 0.178958744
v -0.053760916 0.283934981 0.0985604674
v -0.0611571372 0.290745765 0.112777293
v -0.0383533612 0.363568515 0.0546854287
v -0.0319054648 0.381906837 0.0431574136
v -0.0651757345 0.219526753 0.286365628
v -0.0621458814 0.241048068 0.253499568
v -0.0785686672 0.24310717 0.199967057
v -0.0589229241 0.262014776 0.225109041
v -0.0613136217 0.301415741 0.129266858
v -0.0459201857 0.321916342 0.1520423
v -0.0289481971 0.383962125 0.0876578838
v -0.0236873422 0.398933649 0.0740908533
v -0.0116396341 0.148527727 0.179567337
v -0.0627871752 0.184456423 0.173100501
v -0.0308273546 0.255085886 0.103963345
v -0.0367245488 0.209180325 0.141330212
v -0.0102649545 0.328280628 0.0484909117
v -0.0231562462 0.278391331 0.0833117515
v -0.0187775847 0.351950794 0.0371121764
v -0.0131054763 0.370088041 0.0251473188
v -0.0863318369 0.202397317 0.250510335
v -0.0845098719 0.223323867 0.226131529
v -0.0589682646 0.294233948 0.167376071
v -0.06646391 0.27129519 0.137221277
v -0.0424141176 0.358022839 0.0977967381
v -0.0463438593 0.340976208 0.0713512003
v -0.0400155187 0.37070021 0.0670567155
v -0.033448942 0.38826111 0.0551936775
v -0.0438417569 0.223331138 0.29530713
v -0.0450981744 0.244121566 0.259665638
v -0.023360081 0.307777196 0.177057266
v -0.00732245762 0.305656344 0.171749681
v -0.00726369768 0.371066779 0.115574002
v 0.00806810521 0.367966443 0.11284557
v -0.0181817394 0.387148887 0.0940937549
v -0.0141356364 0.401195616 0.0797024518
v 0.00248284498 0.365858287 0.0240045339
v -0.00724869408 0.455205441 -0.00656287372
v -0.0188730694 0.41382733 0.0628117621
v 0.000665577711 0.465320379 0.0152719319
v 0.0115546761 0.443104267 -0.0154054463
v -0.00824904256 0.460087061 0.00269632041
v -0.0047959513 0.463361174 0.0101702064
v 0.0200946536 0.417680413 -0.00216221809
v -0.0207589138 0.425440401 0.0451193303
v -0.0238908119 0.415589333 0.019998312
v -0.0143446904 0.428244591 0.0516108423
v -0.0162238907 0.409061939 0.00704695284
v -0.0246371385 0.421240836 0.034310922
v -0.00632644584 0.429454952 0.0558574498
v 0.00750030158 0.465388715 0.0198500156
v -0.00239548646 0.438265115 0.0456448197
v -0.0145481601 0.441982538 0.0179456621
v -0.0201538317 0.432085663 0.0256101489
v -0.00630323449 0.430818498 -0.00231461227
v -0.0108227814 0.420144886 0.00108480453
v -0.0052814926 0.446575433 0.0316329896
v -0.0100143254 0.437463701 0.0416148752
v -0.0135897323 0.437174827 0.00656710565
v -0.0189969297 0.426862389 0.0121714175
v -0.0109880222 0.444899738 0.0266503692
v -0.0163028799 0.435551167 0.0358299017
v 0.0454098545 0.413595945 0.0127205551
v 0.0443693362 0.396064967 0.0199541003
v -0.108121514 0.0153606143 -0.0848355144
v 0.131476671 0.0195051841 -0.134727851
v 0.0315435603 0.170620263 -0.0866988152
v -0.117435299 0.0173079707 0.170208961
v -0.0915798172 0.0128517104 -0.0201578587
v -0.000426334329 0.154853627 -0.0589950383
v -0.01542712 0.155583903 0.197033048
v -0.00403264398 0.136901706 0.129961252
v -0.000759085407 0.131064907 0.109011024
v 0.000673742557 0.128886923 0.0896621048
v 0.00252393028 0.129002839 0.0701634735
v 0.00497226976 0.126709804 0.0511163622
v 0.00659953663 0.123332143 0.0326290727
v 0.00859066285 0.124092013 0.0146410018
v 0.0116433604 0.130367681 -0.00335724652
v 0.0150566222 0.141818807 -0.0216273367
v 0.0189670362 0.152080759 -0.0403549969
v 0.0423853695 0.159157202 -0.0586012155
v -0.0082277758 0.143692195 0.155368328
v -0.0188520961 0.169502586 0.195945144
v 0.034299504 0.403722435 0.00726443529
v 0.0187975094 0.36512354 0.0284373611
v 0.0131183462 0.347921789 0.0394836217
v -0.00372530567 0.281364053 0.0849548131
v -0.0160444584 0.211544603 0.144975543
v -0.0193023346 0.189335391 0.171287358
v 0.0345473252 0.414096296 0.00429709256
v 0.0326587223 0.395042181 0.00936554372
v 0.0261743795 0.381577551 0.0175382793
v 0.0396876782 0.434526592 -0.00856882334
v -0.0866567716 0.118510805 0.173917532
v -0.0638336241 0.16437982 0.199868053
v -0.0790503025 0.112511478 0.147129893
v 0.00263902592 0.412908792 -0.00342957675
v 0.000131119625 0.449325114 -0.0134096593
v -0.0801575109 0.192816719 0.187292337
v -0.0475393943 0.257409096 0.109830379
v -0.0265480876 0.330591887 0.0514239371
v -0.0251559205 0.375657052 0.0321829319
v 0.00561057869 0.423986226 -0.00506173074
v -0.00212297938 0.402268589 0.000360399485
v -0.0818460807 0.174188331 0.212688655
v -0.0208428074 0.392978042 0.0195024759
v -0.039163392 0.334770173 0.0594538748
v -0.0311609469 0.357142359 0.0439424515
v -0.060210526 0.262221605 0.121073633
v -0.0373277143 0.153866932 0.198331118
v -0.0554237254 0.145119473 0.189073682
v 0.0670942292 0.151704296 -0.0572661459
v -0.0208664779 0.144356683 -0.0385761335
v -0.0213367231 0.133977577 -0.0193651915
v -0.0212678257 0.123748109 -0.000538766384
v -0.0228266995 0.11784716 0.018234089
v -0.0250743777 0.115847729 0.0372633934
v -0.026837647 0.116374649 0.0563933998
v -0.0290218592 0.117826007 0.0754556805
v -0.0329740867 0.119877361 0.0945021063
v -0.0385731198 0.124133632 0.113600105
v -0.0454825275 0.130986765 0.135841191
v -0.0176299494 0.155705675 -0.0851377696
v -0.051692754 0.138894096 0.162992507
v -0.0581654087 0.138799876 -0.130301878
v 0.0693322346 0.134348735 0.164662361
v 0.0693070516 0.165397123 -0.0866885707
v 0.0663045794 0.143713906 -0.0393196046
v 0.0630226433 0.13547045 -0.0206457078
v 0.0591170006 0.126230761 -0.00223986804
v 0.0575233772 0.122016385 0.0161120892
v 0.0566726699 0.122789539 0.0349514931
v 0.0545225032 0.124311671 0.0539802909
v 0.0517924689 0.125839993 0.0731625855
v 0.0497466102 0.128048256 0.0931403488
v 0.0479836874 0.13107039 0.113870859
v 0.0453349911 0.135549977 0.137036502
v 0.0425027832 0.146595195 0.191359252
v 0.0426203869 0.141197279 0.164347172
v 0.0888253152 0.154649407 -0.136094332
v 0.0425410867 0.152737901 0.213866353
v 0.0671820343 0.141551659 0.211992264
v -0.0745351762 0.130088553 0.171954513
v -0.0396366492 0.150944293 -0.130600333
v -0.0669365749 0.122790493 0.143883169
v -0.0580834858 0.115684859 0.119745076
v -0.050745815 0.110291995 0.0996196866
v -0.0461847261 0.107387029 0.0800222903
v -0.044777479 0.107126318 0.0602330714
v -0.0438949279 0.108419716 0.0401424766
v -0.0408430099 0.109752737 0.0202690065
v -0.0386716947 0.114806451 0.000951692462
v -0.0397435091 0.125936568 -0.0181766301
v -0.0406518094 0.138022408 -0.0374441445
v -0.0374686904 0.149080977 -0.0834584609
v -0.0788366571 0.135336846 0.197647423
v -0.0597029328 0.15240331 0.204939902
v -0.0934371203 0.00905066077 0.0800510496
v -0.0928132385 0.00921925064 0.0590246469
v -0.0980302021 0.0909859315 -0.132386088
v -0.075436376 0.118284106 -0.0564841554
v -0.0941096693 0.0921102613 -0.056814082
v -0.0202277359 0.160057008 -0.130837902
v 0.0303472579 0.175456718 -0.130046308
v 0.103138641 0.116632856 -0.0621192157
v -0.104368232 0.0547240563 -0.056162037
v 0.115737639 0.0899800882 -0.0629810393
v 0.122333013 0.0581280366 -0.0617128909
v 0.122709014 0.100175835 -0.138019636
v -0.0400298461 0.144537047 -0.0552617982
v 0.125302792 0.0193052795 -0.0612957403
v -0.0196020361 0.150199935 -0.056750156
v -0.0807224959 0.118557215 -0.131031886
v 0.0688737258 0.16763407 -0.132785648
v 0.0224672388 0.159098089 -0.0590384975
v 0.127209231 0.0197500736 -0.110347152
v 0.105519406 0.128219292 -0.113855585
v 0.119844608 0.0981337801 -0.113974385
v 0.12576142 0.0618655458 -0.11185576
v -0.107298054 0.0168481674 -0.106300756
v -0.0781775936 0.117795996 -0.106840208
v -0.0953689143 0.0903340876 -0.10868974
v -0.104115866 0.0549266152 -0.108504951
v 0.0313592106 0.170276642 -0.105751455
v -0.0181367174 0.154376328 -0.106769204
v -0.0558847561 0.136719048 -0.105949119
v 0.00493162684 0.162816569 -0.106432326
v 0.0682346746 0.164231405 -0.107919633
v 0.0865936056 0.151335508 -0.111203343
v 0.0494026244 0.170644358 -0.106254056
v -0.0375646614 0.147053152 -0.106410101
v 0.108176135 0.131314993 -0.138480127
v 0.128179476 0.0201715566 -0.0773432925
v 0.106354192 0.124316081 -0.0788673833
v 0.119984023 0.0962202027 -0.0794235542
v 0.125875667 0.0616470948 -0.0776959583
v -0.0782616287 0.123056903 -0.0715832785
v -0.0981969833 0.097540684 -0.0731476471
v -0.105767027 0.058209151 -0.0728711709
v -0.105355501 0.0173267517 -0.0721043721
v 0.027685931 0.165572137 -0.0753022879
v -0.0173982009 0.153417572 -0.0726931989
v -0.0553455725 0.13871561 -0.0704114586
v 0.00322148576 0.159428179 -0.0748956278
v 0.0684881359 0.159592554 -0.0739240125
v 0.0871291086 0.145915166 -0.0760732368
v 0.0461594425 0.16682671 -0.0744301304
v -0.0377181023 0.147237495 -0.0706444085
v 0.108661465 0.129020318 -0.0924378186
v 0.0292133372 0.167330727 -0.124844089
v 0.116700761 0.0950321257 -0.132525086
v -0.0181038007 0.152928099 -0.12560147
v 0.123175517 0.0591339841 -0.130666122
v -0.0544797555 0.133119985 -0.124945335
v -0.104092754 0.0157430116 -0.126186728
v 0.124411248 0.0183567908 -0.128202438
v 0.00411677081 0.161344185 -0.125185117
v -0.0756966993 0.113639615 -0.125850171
v 0.0660493895 0.160096511 -0.12731117
v -0.0920303389 0.0873164013 -0.12731269
v 0.0851821527 0.147327319 -0.130259752
v -0.100810707 0.0528488457 -0.126801625
v 0.0464671701 0.166657701 -0.125315249
v -0.0368924439 0.144435152 -0.125226125
v 0.102862969 0.124677628 -0.132568672
v 0.00147798343 -0.179254234 0.209587216
v 0.029094873 -0.185496986 0.32548815
v 0.0392708257 -0.180878803 0.300730348
v 0.0425181501 -0.177612469 0.277674437
v 0.0454904959 -0.171990335 0.257909447
v -0.0408804938 -0.16856961 0.193746567
v 0.00846789964 -0.152270794 0.182130188
v -0.0623571277 -0.104187347 0.102832913
v 0.0188302752 -0.136416271 0.109602481
v -0.0586406775 -0.101363957 0.0615473837
v -0.0593275614 -0.104324639 0.0403888226
v -0.0539626963 -0.104278281 0.0201821029
v -0.0517264679 -0.110263884 0.000995710492
v -0.0546179675 -0.123489633 -0.0182255358
v -0.0564240217 -0.135531083 -0.0380508825
v -0.0560791269 -0.143884882 -0.0832216889
v 0.0504517779 -0.43819949 -0.00108374655
v 0.130353749 -0.0239277836 -0.0897105634
v 0.12867707 -0.0670450255 -0.0906665027
v 0.0861226991 -0.142174646 -0.0591056645
v 0.0493695289 -0.175487533 -0.0863674134
v 0.124161482 -0.0219073575 -0.0437082574
v 0.12032672 -0.0578896664 -0.0440369546
v 0.112988375 -0.087393418 -0.044666864
v 0.101422146 -0.113268688 -0.0435690358
v 0.0387560986 -0.154679313 -0.0406113937
v 0.123534635 -0.0204519611 -0.0241894424
v 0.119173326 -0.05371622 -0.0243090689
v 0.111785702 -0.0816073939 -0.0245865434
v 0.100563757 -0.106917702 -0.0234773159
v 0.0345224477 -0.144974068 -0.0223786682
v 0.121282659 -0.0191093143 -0.00441090763
v 0.117305711 -0.0501091927 -0.00444963574
v 0.110462964 -0.076598607 -0.00484602153
v 0.0984072536 -0.099779062 -0.00434409082
v 0.0305069685 -0.134610668 -0.00420923531
v 0.118372515 -0.0182273574 0.0150613338
v 0.114800312 -0.0478591397 0.0150513202
v 0.10813649 -0.0728490874 0.0141614079
v 0.0965346918 -0.0946307778 0.0139336884
v 0.0277674831 -0.129266679 0.0139183998
v 0.116843775 -0.0186236855 0.0347902328
v 0.112500906 -0.0485364646 0.0348474532
v 0.105614066 -0.0733348802 0.0338377357
v 0.096769169 -0.096571058 0.0337716043
v 0.0264698956 -0.129480436 0.0321082622
v 0.114745438 -0.0198122617 0.0547914058
v 0.1103689 -0.0511615686 0.0550025254
v 0.103875898 -0.0773955509 0.0544286519
v 0.0951027349 -0.100958936 0.0545854419
v 0.0249609388 -0.132331267 0.0506394506
v 0.114829719 -0.0207856912 0.0748119503
v 0.110663891 -0.0537895523 0.0751870424
v 0.103723586 -0.0807627365 0.0748364329
v 0.0917375609 -0.102836572 0.0746853203
v 0.0223197863 -0.1340902 0.0696681142
v 0.116575234 -0.0209863055 0.0941541046
v 0.113545313 -0.0546561852 0.0947348028
v 0.105961017 -0.0818365216 0.0947398096
v 0.0910282061 -0.10432376 0.0946803689
v 0.0202934854 -0.134477645 0.0895113349
v 0.120460667 -0.02051677 0.112913787
v 0.11886698 -0.0545851663 0.113975346
v 0.109468713 -0.0836829841 0.114990622
v 0.0927679315 -0.108460344 0.11559388
v 0.0160090514 -0.14108108 0.131657779
v 0.124415278 -0.0204127692 0.132717341
v 0.122296289 -0.0560844205 0.134655118
v 0.111838154 -0.0880008638 0.136724502
v 0.0942049921 -0.114221431 0.137901992
v 0.0713413581 -0.127239898 0.115842432
v 0.122800946 -0.0217949599 0.177438587
v 0.120897368 -0.0607957728 0.180501193
v 0.113293186 -0.0956914425 0.183994204
v 0.0956933126 -0.123746864 0.186750293
v 0.00777693931 -0.162616402 0.205970764
v 0.119447947 -0.0220277812 0.198182046
v 0.118147515 -0.0612678342 0.200907111
v 0.110842586 -0.0963203833 0.203867495
v 0.0929517224 -0.124873534 0.207084537
v 0.0686402693 -0.142323449 0.19059515
v 0.107645653 -0.0212660842 0.241675794
v 0.105775975 -0.05887435 0.244483203
v 0.0973983034 -0.0936295167 0.247606277
v 0.0808824152 -0.124164008 0.252061605
v 0.0614417493 -0.150410026 0.256957918
v 0.0975930914 -0.020279631 0.26565969
v 0.0949802473 -0.0565717518 0.269091964
v 0.0863995776 -0.0911658928 0.272721916
v 0.0716193169 -0.12219023 0.277289778
v 0.056078922 -0.150577173 0.280469477
v 0.0849786773 -0.0191330947 0.288437188
v 0.081040971 -0.0535650924 0.292417407
v 0.0720027238 -0.0868036151 0.297274739
v 0.0600905083 -0.116860449 0.303459078
v 0.0507793091 -0.14624922 0.306665719
v 0.0715413019 -0.0180777144 0.307247221
v 0.0644987077 -0.0502648316 0.312816918
v 0.0525593646 -0.080797635 0.321650892
v 0.0431178957 -0.108804718 0.331249118
v 0.0409960411 -0.142827109 0.334763587
v -0.0795804486 -0.126692325 -0.0846788734
v 0.129399046 -0.0660014004 -0.135630697
v 0.12294016 -0.103558175 -0.0927015692
v 0.0491044149 -0.178345129 -0.13057375
v 0.0646526515 -0.148524344 0.233763307
v 0.0880623609 -0.124987185 0.227913201
v 0.10565529 -0.0954755023 0.223937422
v 0.113459088 -0.0606056713 0.221321017
v 0.114776745 -0.0218809638 0.21891126
v 0.0443797372 -0.164801702 0.236831784
v 0.00682024797 -0.145382613 0.354405731
v 0.0110384999 -0.10149204 0.355841607
v 0.0275295582 -0.0737614706 0.345566034
v 0.0457654111 -0.0479548834 0.331305653
v 0.0576149188 -0.0176356211 0.322767705
v -0.00505651161 -0.193261832 0.339963168
v 0.0110327406 -0.147039399 0.157598048
v 0.095468089 -0.120100476 0.162486166
v 0.113354817 -0.0929209143 0.160550952
v 0.122374773 -0.0589592531 0.157670975
v 0.124874473 -0.0211288538 0.154932886
v 0.000711122295 -0.41932404 0.069166407
v 0.0265257657 -0.410361916 0.0638640076
v 0.0439788289 -0.394551575 0.0490131527
v 0.00897866115 -0.386173159 0.0117705911
v 0.0441137329 -0.3891415 0.0389279276
v 0.0376347825 -0.402098864 0.0575510412
v 0.010331925 -0.450029671 0.0387760997
v 0.0188386086 -0.410512418 -0.000669792295
v -0.0407012738 -0.188303888 0.167824864
v -0.0559715331 -0.214379489 0.145719767
v -0.0111945439 -0.260377198 0.104913116
v -0.0406813733 -0.284033567 0.0883491635
v 0.00726674125 -0.332625091 0.0514082015
v 0.0383059792 -0.386687547 0.0276505053
v 0.0147865135 -0.22184132 0.270954996
v 0.00809521787 -0.242665932 0.24444294
v 0.017594371 -0.293103367 0.155446321
v 0.0220702551 -0.282660842 0.143426687
v 0.029920375 -0.355267197 0.097941339
v 0.0328399502 -0.346927434 0.0863600373
v 0.022539353 -0.38032195 0.089864552
v 0.0238008704 -0.395313233 0.0757634044
v 0.0270712432 -0.202107295 0.245112181
v 0.0212379545 -0.22139369 0.224888951
v 0.0159413256 -0.226711407 0.178167939
v 0.0209564995 -0.240546167 0.195788383
v 0.0209111292 -0.296864182 0.109605372
v 0.0245214663 -0.306071281 0.123937607
v 0.0353640281 -0.364167631 0.0717643797
v 0.0387036316 -0.379799306 0.0595657676
v 2.76669161e-05 -0.228039607 0.282932103
v -0.00675896462 -0.248044193 0.251319051
v 0.0169353522 -0.2539967 0.20752129
v -0.00882179942 -0.269449621 0.221820354
v 0.0211082455 -0.315459698 0.1361745
v -0.00226535811 -0.33027637 0.152258366
v 0.00983498059 -0.387484014 0.0946248323
v 0.0112231653 -0.40185982 0.0800443441
v 0.0210093576 -0.188547045 0.22914204
v 0.0148425568 -0.207537994 0.208527029
v 0.0183981955 -0.272872001 0.129401267
v 0.00640815077 -0.265656769 0.114771158
v 0.0300611947 -0.3398799 0.0735244304
v 0.0214970242 -0.335215598 0.060693875
v 0.033547733 -0.357501626 0.0603737384
v 0.0379201733 -0.373681694 0.0490932763
v 0.0238473676 -0.213492408 0.258048892
v 0.018217789 -0.233927816 0.235899895
v 0.00616596313 -0.263666004 0.215530634
v 0.00703068823 -0.302506238 0.16487655
v 0.0115971845 -0.32396242 0.145688802
v 0.0212820787 -0.364153564 0.107140809
v 0.0315798447 -0.372033983 0.081934467
v 0.0336992219 -0.387362748 0.0687228292
v -0.0209991764 -0.229319438 0.293671042
v -0.024928024 -0.249161452 0.258130372
v -0.0374604799 -0.310430676 0.178389251
v -0.026074145 -0.270928353 0.227374196
v -0.021266371 -0.374050677 0.11372903
v -0.0184230041 -0.332357317 0.15630126
v -0.00448547676 -0.391048461 0.0964850783
v -0.00190794072 -0.40481326 0.0817917436
v 0.0251088869 -0.440931469 -0.0131064653
v 0.0564439483 -0.443767816 0.0178548992
v 0.0134165706 -0.416927546 0.0675426275
v 0.0274068173 -0.466081917 0.0255029202
v 0.0560173355 -0.43947646 0.00918959081
v 0.0509115346 -0.450378805 0.0242057145
v 0.0398254879 -0.459081292 0.0266272128
v 0.0453067906 -0.407858104 0.016787082
v 0.0300982986 -0.423944622 0.0544034839
v 0.0494699106 -0.407298774 0.040915817
v 0.0163869374 -0.430652529 0.0569672883
v 0.0499431901 -0.402354032 0.0310369283
v 0.0423065238 -0.415027291 0.0489531606
v 0.00389826787 -0.433213443 0.0575669855
v 0.0164109096 -0.468533963 0.0233312398
v 0.00711264508 -0.441900641 0.0481206328
v 0.0453028157 -0.431202531 0.0370600224
v 0.0442627184 -0.422982097 0.0432460904
v 0.0509633645 -0.419511199 0.0220086575
v 0.0510858595 -0.410599202 0.0267310143
v 0.0214297846 -0.447716355 0.040280655
v 0.0188031383 -0.439218253 0.0489208251
v 0.0511554331 -0.423900336 0.0305566937
v 0.0510029607 -0.415334284 0.0359842926
v 0.0340524763 -0.440499097 0.0402914435
v 0.0321825147 -0.432283223 0.0476413369
v 0.0155312615 -0.400549293 0.00186496973
v -0.0791507885 -0.17676799 0.327845007
v -0.0941398963 -0.170559958 0.304776967
v -0.0936075598 -0.167659774 0.275976807
v -0.0919958726 -0.161211789 0.251066834
v 0.0701871216 -0.132397667 0.138493657
v -0.08300253 -0.144860625 0.216169655
v 0.0714084357 -0.122830227 0.0947989821
v -0.0582722835 -0.100695454 0.0823901743
v 0.0725185499 -0.119885862 0.0746801645
v 0.0759436861 -0.1182146 0.05522497
v 0.0794518292 -0.116456307 0.0355035514
v 0.0801663399 -0.11552228 0.016011253
v 0.0808669329 -0.119642429 -0.00231179595
v 0.0844134614 -0.1284578 -0.0208385736
v 0.0862179771 -0.135419548 -0.0404693559
v 0.0882275403 -0.155931622 -0.0891648754
v -0.104685955 -0.0192798097 -0.0553086177
v -0.105714194 -0.0610085018 -0.0866822973
v -0.0562576614 -0.139771625 -0.0556231812
v 0.00540015288 -0.167361394 -0.0865547508
v -0.098070465 -0.0188297611 -0.0382722914
v -0.0952277854 -0.0562394261 -0.0388219431
v -0.0877312422 -0.0912042782 -0.0395714715
v -0.0735478178 -0.119056307 -0.0389191806
v -0.00251105847 -0.153467342 -0.0405194685
v -0.0906748995 -0.0500610285 -0.021213457
v -0.0857539922 -0.0844157413 -0.0199408382
v -0.0725479349 -0.110783197 -0.0187033266
v -0.0048401868 -0.143490896 -0.0212175101
v -0.0967163295 -0.015823666 8.35210085e-05
v -0.0918210372 -0.0462598018 -0.000782579184
v -0.082633093 -0.0756003037 -0.000432536006
v -0.0683536604 -0.0978376269 0.000516563654
v -0.00633835793 -0.13234745 -0.00261335075
v -0.0976379216 -0.0145482747 0.0191955119
v -0.0928610712 -0.0417887233 0.0170116723
v -0.0833676979 -0.0687634498 0.0172923952
v -0.069616735 -0.0899151117 0.0188175142
v -0.0085368501 -0.125501424 0.0157204419
v -0.0960256085 -0.0136795444 0.0372126698
v -0.0959286317 -0.0399553962 0.0360578448
v -0.0902133584 -0.0661332682 0.0365496427
v -0.0770233497 -0.0893033892 0.0385271311
v -0.0108703161 -0.123648606 0.0341466069
v -0.0936715677 -0.0374247208 0.058169499
v -0.0904575363 -0.0633988082 0.059113726
v -0.0765682086 -0.0857105032 0.0605668575
v -0.0126655865 -0.125472218 0.0528324246
v -0.0934193283 -0.038652353 0.0813814253
v -0.0903275162 -0.0637359619 0.0812654644
v -0.0749014467 -0.0848506093 0.0825542063
v -0.0149179548 -0.12776041 0.0717770606
v -0.0964318514 -0.0156643912 0.102497667
v -0.0961230025 -0.0426604226 0.103213191
v -0.0908543617 -0.0672046468 0.10328427
v -0.076811403 -0.0884888098 0.104210436
v -0.0178514421 -0.128834188 0.0908989757
v -0.102060936 -0.0158893876 0.12267819
v -0.101305835 -0.0475283563 0.124892056
v -0.0955878422 -0.0725291893 0.124816895
v -0.0833280459 -0.0942627639 0.12512815
v -0.0213057417 -0.131671712 0.109802753
v -0.110929452 -0.0206181239 0.145950049
v -0.108159207 -0.0525905602 0.14600873
v -0.103278197 -0.0780523643 0.146123499
v -0.091961436 -0.100165464 0.147020936
v -0.0259223282 -0.138085663 0.130552053
v -0.119601659 -0.0207440369 0.193770647
v -0.117451005 -0.0565124415 0.193746179
v -0.111914851 -0.0832851306 0.193486512
v -0.102447584 -0.107243299 0.196039587
v -0.0305359475 -0.146109983 0.156135291
v -0.119137146 -0.0221693292 0.211809337
v -0.118386827 -0.0568424352 0.211590439
v -0.114547096 -0.0846154317 0.212299556
v -0.105815448 -0.109938338 0.215339094
v -0.0945539102 -0.130172357 0.217533082
v -0.119825684 -0.0210563838 0.24847579
v -0.121050671 -0.0550020598 0.250401556
v -0.119010106 -0.0847587809 0.253088534
v -0.110792242 -0.113260284 0.256156892
v -0.100453131 -0.138811231 0.25626862
v -0.119813979 -0.0211794619 0.276288629
v -0.120498538 -0.0541800037 0.276632547
v -0.117510691 -0.0832301006 0.279833287
v -0.109800376 -0.112698667 0.28276369
v -0.101543367 -0.140082762 0.282629222
v -0.112881675 -0.0202378388 0.311883599
v -0.112479284 -0.0516520552 0.309829861
v -0.108614795 -0.0800782219 0.312957674
v -0.104645409 -0.107264854 0.315053225
v -0.103200272 -0.132567912 0.314166903
v -0.0995007381 -0.0175241865 0.351514131
v -0.0983163938 -0.0488495044 0.347812235
v -0.091838412 -0.0763351247 0.348115265
v -0.0873047262 -0.101437487 0.347141385
v -0.086357221 -0.131063446 0.341504067
v -0.110049047 -0.0203317534 -0.130228758
v -0.106990777 -0.0590185486 -0.132074624
v -0.0977735892 -0.0997766331 -0.0866465047
v 0.00334997987 -0.172994301 -0.130321518
v -0.0981208608 -0.134507358 0.235293537
v -0.108893432 -0.112153187 0.234177619
v -0.117040627 -0.0853407905 0.230851531
v -0.119251326 -0.0563141182 0.228725344
v -0.118195474 -0.0217838809 0.227751106
v -0.0880848244 -0.152735218 0.231965244
v -0.0442792177 -0.141542301 0.355573863
v -0.042581521 -0.0996555015 0.362984627
v -0.0593522303 -0.0734616742 0.370721191
v -0.0783928931 -0.0487416126 0.375757188
v -0.0849028751 -0.0174155869 0.37855944
v -0.0430441573 -0.186948523 0.339876801
v -0.0909683928 -0.126375884 0.198607266
v -0.0985350236 -0.104422607 0.172016829
v -0.108943962 -0.0816035196 0.169859529
v -0.114348948 -0.0547515228 0.169180393
v -0.0699174628 -0.109839536 0.123386532
v -0.0102975322 -0.419320703 0.0675788522
v -0.0251967292 -0.413701594 0.0555815995
v -0.0275387764 -0.402960569 0.0319132209
v -0.00312163075 -0.35215196 0.0356908143
v -0.00792216789 -0.390804797 0.0119804442
v -0.0284870546 -0.408760905 0.0449584872
v 0.00155774504 -0.450360566 0.0357611775
v -0.0331664942 -0.152175874 0.182817936
v 0.000160603668 -0.198464558 0.186345577
v -0.049496837 -0.3063187 0.174817026
v 0.00217835605 -0.218928158 0.157370657
v -0.0333837681 -0.369821101 0.107103944
v 0.0110510681 -0.290312797 0.0944210887
v 0.02604606 -0.353591055 0.048554793
v 0.0312701538 -0.370461434 0.037797749
v -0.0788912326 -0.216098398 0.270991683
v -0.0755057335 -0.23804456 0.24258396
v -0.0652696639 -0.287097514 0.154333383
v -0.0708126649 -0.258467644 0.215884
v -0.0472579077 -0.352920026 0.0851238519
v -0.0553427711 -0.316666991 0.14319092
v -0.0365400948 -0.381605744 0.0786839873
v -0.0304242112 -0.397907585 0.0659908801
v -0.0881927684 -0.19260782 0.229954273
v -0.0871071294 -0.211804599 0.206370175
v -0.0715272799 -0.220200166 0.158900112
v -0.0795847252 -0.232170984 0.178958744
v -0.053760916 -0.287755042 0.0985604674
v -0.0611571372 -0.294565827 0.112777293
v -0.0383533612 -0.367388576 0.0546854287
v -0.0319054648 -0.385726899 0.0431574136
v -0.0651757345 -0.223346815 0.286365628
v -0.0621458814 -0.244868129 0.253499568
v -0.0785686672 -0.246927232 0.199967057
v -0.0589229241 -0.265834838 0.225109041
v -0.0613136217 -0.305235803 0.129266858
v -0.0459201857 -0.325736403 0.1520423
v -0.0289481971 -0.387782186 0.0876578838
v -0.0236873422 -0.402753711 0.0740908533
v -0.0116396341 -0.152347788 0.179567337
v -0.0627871752 -0.188276485 0.173100501
v -0.0308273546 -0.258905947 0.103963345
v -0.0367245488 -0.213000387 0.141330212
v -0.0102649545 -0.332100689 0.0484909117
v -0.0231562462 -0.282211393 0.0833117515
v -0.0187775847 -0.355770856 0.0371121764
v -0.0131054763 -0.373908103 0.0251473188
v -0.0863318369 -0.206217378 0.250510335
v -0.0845098719 -0.227143928 0.226131529
v -0.0589682646 -0.29805401 0.167376071
v -0.06646391 -0.275115252 0.137221277
v -0.0424141176 -0.361842901 0.0977967381
v -0.0463438593 -0.34479627 0.0713512003
v -0.0400155187 -0.374520272 0.0670567155
v -0.033448942 -0.392081171 0.0551936775
v -0.0438417569 -0.227151215 0.29530713
v -0.0450981744 -0.247941628 0.259665638
v -0.023360081 -0.311597258 0.177057266
v -0.00732245762 -0.309476405 0.171749681
v -0.00726369768 -0.374886841 0.115574002
v 0.00806810521 -0.371786505 0.11284557
v -0.0181817394 -0.390968949 0.0940937549
v -0.0141356364 -0.405015677 0.0797024518
v 0.00248284498 -0.369678348 0.0240045339
v -0.00724869408 -0.459025502 -0.00656287372
v -0.0188730694 -0.417647392 0.0628117621
v 0.000665577711 -0.46914044 0.0152719319
v 0.0115546761 -0.446924329 -0.0154054463
v -0.00824904256 -0.463907123 0.00269632041
v -0.0047959513 -0.467181236 0.0101702064
v 0.0200946536 -0.421500474 -0.00216221809
v -0.0207589138 -0.429260463 0.0451193303
v -0.0238908119 -0.419409394 0.019998312
v -0.0143446904 -0.432064652 0.0516108423
v -0.0162238907 -0.412882 0.00704695284
v -0.0246371385 -0.425060898 0.034310922
v -0.00632644584 -0.433275014 0.0558574498
v 0.00750030158 -0.469208777 0.0198500156
v -0.00239548646 -0.442085177 0.0456448197
v -0.0145481601 -0.445802599 0.0179456621
v -0.0201538317 -0.435905725 0.0256101489
v -0.00630323449 -0.43463856 -0.00231461227
v -0.0108227814 -0.423964947 0.00108480453
v -0.0052814926 -0.450395495 0.0316329896
v -0.0100143254 -0.441283762 0.0416148752
v -0.0135897323 -0.440994889 0.00656710565
v -0.0189969297 -0.430682451 0.0121714175
v -0.0109880222 -0.4487198 0.0266503692
v -0.0163028799 -0.439371228 0.0358299017
v 0.0454098545 -0.417416006 0.0127205551
v 0.0443693362 -0.399885029 0.0199541003
v -0.108410917 -0.0219390355 -0.085775204
v 0.131476671 -0.0233252458 -0.134727851
v 0.0315435603 -0.174440324 -0.0866988078
v -0.117435299 -0.0211280324 0.170208961
v -0.0915797502 -0.0166676827 -0.0201580375
v -0.000426335493 -0.158673689 -0.0589950383
v -0.01542712 -0.159403965 0.197033048
v -0.00403264398 -0.140721768 0.129961252
v -0.000759085407 -0.134884968 0.109011024
v 0.000673742557 -0.132706985 0.0896621048
v 0.00252393028 -0.132822901 0.0701634735
v 0.00497226976 -0.130529866 0.0511163622
v 0.00659953663 -0.127152205 0.0326290727
v 0.00859066285 -0.127912074 0.0146410018
v 0.0116433604 -0.134187743 -0.00335724652
v 0.0150566222 -0.145638868 -0.0216273367
v 0.0189670362 -0.155900821 -0.0403549969
v 0.0423853695 -0.162977263 -0.0586012155
v -0.0082277758 -0.147512257 0.155368328
v -0.0188520961 -0.173322648 0.195945144
v 0.034299504 -0.407542497 0.00726443529
v 0.0187975094 -0.368943602 0.0284373611
v 0.0131183462 -0.35174185 0.0394836217
v -0.00372530567 -0.285184115 0.0849548131
v -0.0160444584 -0.215364665 0.144975543
v -0.0193023346 -0.193155453 0.171287358
v 0.0345473252 -0.417916358 0.00429709256
v 0.0326587223 -0.398862243 0.00936554372
v 0.0261743795 -0.385397613 0.0175382793
v 0.0396876782 -0.438346654 -0.00856882334
v -0.0866567716 -0.122330867 0.173917532
v -0.0638336241 -0.168199882 0.199868053
v -0.0790503025 -0.11633154 0.147129893
v 0.00263902592 -0.416728854 -0.00342957675
v 0.000131119625 -0.453145176 -0.0134096593
v -0.0801575109 -0.196636781 0.187292337
v -0.0475393943 -0.261229157 0.109830379
v -0.0265480876 -0.334411949 0.0514239371
v -0.0251559205 -0.379477113 0.0321829319
v 0.00561057869 -0.427806288 -0.00506173074
v -0.00212297938 -0.40608865 0.000360399485
v -0.0818460807 -0.178008392 0.212688655
v -0.0208428074 -0.396798104 0.0195024759
v -0.039163392 -0.338590235 0.0594538748
v -0.0311609469 -0.360962421 0.0439424515
v -0.060210526 -0.266041666 0.121073633
v -0.0373277143 -0.157686993 0.198331118
v -0.0554237254 -0.148939535 0.189073682
v 0.0670942292 -0.155524358 -0.0572661459
v -0.0208664779 -0.14817673 -0.038576141
v -0.0213367231 -0.137797639 -0.0193651766
v -0.0212678257 -0.12756817 -0.000538766384
v -0.0228266995 -0.121667221 0.018234089
v -0.0250743777 -0.119667791 0.0372633934
v -0.026837647 -0.120194711 0.0563933998
v -0.0290218592 -0.121646069 0.0754556805
v -0.0329740867 -0.123697422 0.0945021063
v -0.0385731198 -0.127953693 0.113600105
v -0.0454825275 -0.134806827 0.135841191
v -0.0176299457 -0.159525737 -0.0851377696
v -0.051692754 -0.142714158 0.162992507
v -0.0581654087 -0.142619938 -0.130301863
v 0.0693322346 -0.138168797 0.164662361
v 0.0693070516 -0.169217184 -0.0866885707
v 0.0663045794 -0.147533968 -0.0393196046
v 0.0630226433 -0.139290512 -0.0206457078
v 0.0591170006 -0.130050823 -0.00223986804
v 0.0575233772 -0.125836447 0.0161120892
v 0.0566726699 -0.126609594 0.0349514931
v 0.0545225032 -0.128131732 0.0539802909
v 0.0517924689 -0.129660055 0.0731625855
v 0.0497466102 -0.131868318 0.0931403488
v 0.0479836874 -0.134890452 0.113870859
v 0.0453349911 -0.139370039 0.137036502
v 0.0425027832 -0.150415257 0.191359252
v 0.0426203869 -0.145017341 0.164347172
v 0.0888253152 -0.158469468 -0.136094332
v 0.0425410867 -0.156557962 0.213866353
v 0.0671820343 -0.14537172 0.211992264
v -0.0745351762 -0.133908615 0.171954513
v -0.0396366455 -0.154764354 -0.130600348
v -0.0669365749 -0.126610547 0.143883169
v -0.0580834858 -0.119504921 0.119745076
v -0.050745815 -0.114112057 0.0996196866
v -0.0461847261 -0.11120709 0.0800222903
v -0.044777479 -0.11094638 0.0602330714
v -0.0438949279 -0.112239771 0.0401424766
v -0.0408430099 -0.113572799 0.0202690065
v -0.0386716947 -0.118626513 0.000951692462
v -0.0397435054 -0.129756615 -0.018176645
v -0.040651802 -0.141842529 -0.0374441072
v -0.0374687128 -0.152900994 -0.0834584311
v -0.0788366571 -0.139156908 0.197647423
v -0.0597029328 -0.156223372 0.204939902
v -0.0934371203 -0.0128707187 0.0800510496
v -0.0928132385 -0.0130392965 0.0590246469
v -0.0980302393 -0.0948059037 -0.132386208
v -0.0754362568 -0.122102775 -0.0564850867
v -0.0941062793 -0.0959479138 -0.056805484
v -0.0202277359 -0.16387707 -0.130837902
v 0.0303472579 -0.179276779 -0.130046308
v 0.103138641 -0.120452918 -0.0621192157
v -0.104362585 -0.0586775541 -0.0561269894
v 0.115737639 -0.0938001499 -0.0629810393
v 0.122333013 -0.0619480982 -0.0617128909
v 0.122709014 -0.103995897 -0.138019636
v -0.040029861 -0.148357138 -0.0552617535
v 0.125302792 -0.0231253412 -0.0612957403
v -0.0196020305 -0.154019982 -0.0567501634
v -0.0807225034 -0.122377135 -0.131031826
v 0.0688737258 -0.171454132 -0.132785648
v 0.0224672388 -0.16291815 -0.0590384975
v 0.127209231 -0.0235701352 -0.110347152
v 0.105519406 -0.132039353 -0.113855585
v 0.119844608 -0.101953842 -0.113974385
v 0.12576142 -0.0656856075 -0.11185576
v -0.107296221 -0.020603193 -0.106293358
v -0.078177698 -0.121616855 -0.106840886
v -0.0953687876 -0.0941571519 -0.10869059
v -0.104114667 -0.0587440319 -0.108502701
v 0.0313592106 -0.174096704 -0.105751455
v -0.0181367174 -0.15819639 -0.106769219
v -0.055884786 -0.140539035 -0.105949134
v 0.00493162591 -0.166636631 -0.106432319
v 0.0682346746 -0.168051466 -0.107919633
v 0.0865936056 -0.155155569 -0.111203343
v 0.0494026244 -0.174464419 -0.106254056
v -0.0375646614 -0.150873184 -0.106410071
v 0.108176135 -0.135135055 -0.138480127
v 0.128179476 -0.0239916183 -0.0773432925
v 0.106354192 -0.128136143 -0.0788673833
v 0.119984023 -0.100040264 -0.0794235542
v 0.125875667 -0.0654671565 -0.0776959583
v -0.0782610849 -0.126877263 -0.0715834871
v -0.0981911272 -0.101380609 -0.0731249824
v -0.105788425 -0.0620504133 -0.0728433281
v -0.105438881 -0.0201658774 -0.0722469091
v 0.027685931 -0.169392198 -0.0753022879
v -0.0173981953 -0.157237634 -0.0726932064
v -0.0553456955 -0.142535254 -0.070412077
v 0.00322148483 -0.163248226 -0.0748956278
v 0.0684881359 -0.163412616 -0.0739240125
v 0.0871291086 -0.149735227 -0.0760732368
v 0.0461594425 -0.170646772 -0.0744301304
v -0.0377181284 -0.151057541 -0.0706443861
v 0.108661465 -0.13284038 -0.0924378186
v 0.0292133372 -0.171150789 -0.124844089
v 0.116700761 -0.0988521874 -0.132525086
v -0.0181038007 -0.156748161 -0.12560147
v 0.123175517 -0.0629540458 -0.130666122
v -0.0544797555 -0.136940047 -0.124945335
v -0.104092754 -0.0195629597 -0.126186728
v 0.124411248 -0.0221768524 -0.128202438
v 0.00411677081 -0.165164247 -0.125185117
v -0.0756966993 -0.117459677 -0.125850171
v 0.0660493895 -0.163916573 -0.12731117
v -0.0920303389 -0.0911364853 -0.12731269
v 0.0851821527 -0.15114738 -0.130259752
v -0.100810707 -0.0566689186 -0.126801625
v 0.0464671701 -0.170477763 -0.125315249
v -0.0368924439 -0.148255214 -0.125226125
v 0.102862969 -0.12849769 -0.132568672
v 0.0176175162 -0.345555454 0.126801193
v 0.0290578492 -0.327637106 0.104201734
v 0.00411446858 -0.352423072 0.133252442
v 0.0256756619 -0.319634587 0.089947477
v 0.0263444427 -0.336645991 0.116859436
v -0.0113427015 -0.355035454 0.136197239
v -0.026444776 -0.353464842 0.134946436
v -0.0489200652 -0.338415414 0.120172679
v -0.0542384274 -0.318784863 0.0914600492
v -0.0393313132 -0.347605139 0.129615694
v -0.0338054821 -0.309361219 0.0691049248
v -0.0546411388 -0.327961832 0.106652737
v 0.00169212872 -0.309727967 0.0672146678
v -0.0167480782 -0.308066905 0.0648020357
v 0.0165965371 -0.31397298 0.0762789994
v -0.0469064713 -0.312698752 0.0783403069
v -0.0336467661 -0.330825925 0.156653553
v 0.00560955796 -0.283109248 0.187894225
v 0.0216343738 -0.260003716 0.166202784
v -0.00916822162 -0.289962441 0.194754332
v 0.0176108517 -0.248402655 0.150426865
v 0.0168128163 -0.272731781 0.178713381
v -0.0251072142 -0.292333096 0.199812561
v -0.0404182002 -0.29100737 0.201650888
v -0.0636977777 -0.278510422 0.19132778
v -0.0716030598 -0.254322708 0.158069402
v -0.0535976887 -0.286358535 0.199149668
v -0.0514268763 -0.238384828 0.127635717
v -0.0704397336 -0.267345965 0.177083313
v -0.0139875012 -0.237177938 0.124876946
v -0.0338983648 -0.236100361 0.122335643
v 0.00468082773 -0.241207615 0.134830713
v -0.0650243387 -0.243993744 0.139900208
v -0.0438573621 -0.269628376 0.22905308
v -0.00176056637 -0.478487164 -0.00891043246
v 0.0138306571 -0.484126627 0.00637224317
v 0.0444444232 -0.476262629 0.013269946
v 0.00570763648 -0.468580544 -0.0217755437
v 0.0552158318 -0.46925956 0.0107066929
v 0.0529065616 -0.45586732 -0.0142154694
v 0.0290862713 -0.458643973 -0.0238437951
v 0.00171718793 -0.481960028 -0.0039576143
v 0.0170642808 -0.463526458 -0.024553299
v -0.00025450706 -0.473685712 -0.0164394826
v 0.0181061756 -0.462816924 0.0192302912
v 0.044549942 -0.451562047 0.0186760873
v 0.00023119757 -0.454993635 -0.000501900911
v 0.00600054953 -0.462757409 0.0135197788
v 0.0434592441 -0.441569924 -0.000715255737
v 0.0356824324 -0.457006246 0.0210914016
v 0.0482558757 -0.443854868 0.00631316006
v 0.0139976563 -0.447256714 -0.00769986212
v 0.0259876605 -0.461143225 0.0209149569
v -0.000489601167 -0.458709985 0.00472694635
v 0.0234724339 -0.443959594 -0.00794489682
v 0.0488031618 -0.447183996 0.0133827925
v 0.00580251729 -0.451080531 -0.00525949895
v 0.0343531929 -0.441596299 -0.00576971471
v 0.0115262894 -0.46333167 0.0168479383
v 0.00201868336 -0.461297244 0.00935938954
v 0.00708309654 -0.484007895 0.00179369748
v 0.0416649245 -0.455233455 -0.0202836245
v 0.0176175162 0.341735393 0.126801193
v 0.0290578492 0.323817044 0.104201734
v 0.00411446858 0.34860301 0.133252442
v 0.0256756619 0.315814525 0.089947477
v 0.0263444427 0.332825929 0.116859436
v -0.0113427015 0.351215392 0.136197239
v -0.026444776 0.34964478 0.134946436
v -0.0489200652 0.334595352 0.120172679
v -0.0542384274 0.314964801 0.0914600492
v -0.0393313132 0.343785077 0.129615694
v -0.0338054821 0.305541158 0.0691049248
v -0.0546411388 0.324141771 0.106652737
v 0.00169212872 0.305907905 0.0672146678
v -0.0167480782 0.304246843 0.0648020357
v 0.0165965371 0.310152918 0.0762789994
v -0.0469064713 0.30887869 0.0783403069
v -0.0336467661 0.327005863 0.156653553
v 0.00560955796 0.279289186 0.187894225
v 0.0216343738 0.256183654 0.166202784
v -0.00916822162 0.286142379 0.194754332
v 0.0176108517 0.244582593 0.150426865
v 0.0168128163 0.268911719 0.178713381
v -0.0251072142 0.288513035 0.199812561
v -0.0404182002 0.287187308 0.201650888
v -0.0636977777 0.27469036 0.19132778
v -0.0716030598 0.250502646 0.158069402
v -0.0535976887 0.282538474 0.199149668
v -0.0514268763 0.234564766 0.127635717
v -0.0704397336 0.263525903 0.177083313
v -0.0139875012 0.233357877 0.124876946
v -0.0338983648 0.232280299 0.122335643
v 0.00468082773 0.237387553 0.134830713
v -0.0650243387 0.240173683 0.139900208
v -0.0438573621 0.265808314 0.22905308
v -0.00176056637 0.474667102 -0.00891043246
v 0.0138306571 0.480306566 0.00637224317
v 0.0444444232 0.472442567 0.013269946
v 0.00570763648 0.464760482 -0.0217755437
v 0.0552158318 0.465439498 0.0107066929
v 0.0529065616 0.452047259 -0.0142154694
v 0.0290862713 0.454823911 -0.0238437951
v 0.00171718793 0.478139967 -0.0039576143
v 0.0170642808 0.459706396 -0.024553299
v -0.00025450706 0.46986565 -0.0164394826
v 0.0181061756 0.458996862 0.0192302912
v 0.044549942 0.447741985 0.0186760873
v 0.00023119757 0.451173574 -0.000501900911
v 0.00600054953 0.458937347 0.0135197788
v 0.0434592441 0.437749863 -0.000715255737
v 0.0356824324 0.453186184 0.0210914016
v 0.0482558757 0.440034807 0.00631316006
v 0.0139976563 0.443436652 -0.00769986212
v 0.0259876605 0.457323164 0.0209149569
v -0.000489601167 0.454889923 0.00472694635
v 0.0234724339 0.440139532 -0.00794489682
v 0.0488031618 0.443363935 0.0133827925
v 0.00580251729 0.447260469 -0.00525949895
v 0.0343531929 0.437776238 -0.00576971471
v 0.0115262894 0.459511608 0.0168479383
v 0.00201868336 0.457477182 0.00935938954
v 0.00708309654 0.480187833 0.00179369748
v 0.0416649245 0.451413393 -0.0202836245
v -0.0273240488 -0.210636899 0.323797464
v 0.0264627244 -0.200099453 0.30471912
v 0.0337165557 -0.193872973 0.283401489
v 0.0374754332 -0.186742574 0.264827877
v 0.0385108702 -0.177445427 0.247335345
v 0.0323401131 -0.165709928 0.224735558
v 0.00256704632 -0.207753986 0.322441548
v -0.0835896656 -0.192419887 0.308291972
v -0.0898682177 -0.185286194 0.283744454
v -0.0902658328 -0.177231237 0.257817328
v -0.0873293281 -0.166340515 0.236263156
v -0.0797558576 -0.155092523 0.220479488
v -0.0583814941 -0.199857444 0.324038237
v -0.0742708072 -0.146366939 0.205662221
v -0.0336454622 -0.148090839 -0.0467687547
v -0.0342115238 -0.138470158 -0.02794303
v -0.0331581496 -0.126630083 -0.00883428752
v -0.0336788259 -0.118665591 0.0102030784
v -0.036287833 -0.115670361 0.0295853168
v -0.0382475033 -0.114576101 0.0492944717
v -0.0395107791 -0.114552878 0.0688967258
v -0.0425378792 -0.116116084 0.0882387757
v -0.0483914725 -0.120015554 0.107595086
v -0.0562019832 -0.126304477 0.128833711
v -0.0646085888 -0.133953691 0.15527603
v 0.0340459235 -0.154809982 0.201752067
v 0.0580695868 -0.155403718 -0.0496780574
v 0.0552790761 -0.147203833 -0.0317340568
v 0.0511318669 -0.137530908 -0.0133598894
v 0.0478361957 -0.129661024 0.00489349663
v 0.0466117412 -0.127898932 0.023335427
v 0.0456133038 -0.129797146 0.0420797169
v 0.0433222875 -0.131315649 0.0609884411
v 0.040748667 -0.132648334 0.0803606659
v 0.0388284139 -0.134576932 0.100579947
v 0.0365964584 -0.137860909 0.121748775
v 0.0333321355 -0.142894104 0.146752834
v 0.0301360469 -0.148618624 0.175283462
v -0.0703325123 -0.140738934 0.183399379
v 0.062311437 -0.175680205 -0.138664559
v -0.0336734615 -0.159387752 -0.137290627
v 0.0607977808 -0.173169717 -0.123709299
v 0.0612652786 -0.171846971 -0.0991936922
v 0.0627863258 -0.17268087 -0.0940702781
v 0.0602352917 -0.17408897 -0.0908996463
v -0.0325580053 -0.15649198 -0.12312448
v -0.0309549272 -0.153295487 -0.0996161103
v -0.0314185172 -0.154250398 -0.0938765556
v -0.033441145 -0.154518947 -0.0888374895
v 0.0637141317 -0.16954945 -0.0809102282
v 0.056925416 -0.164761871 -0.0665535703
v -0.0284532048 -0.15529196 -0.0782249272
v -0.0342696086 -0.151511893 -0.0633944869
v 0.0605220906 -0.171006516 -0.13672176
v -0.0320619158 -0.154544726 -0.135430127
v 0.0557136945 -0.162849233 -0.113173097
v -0.0293007027 -0.147659644 -0.112583503
v 0.0611908324 -0.174331099 -0.142516658
v 0.0635341555 -0.175421566 -0.142615825
v -0.0329373106 -0.157372713 -0.140846938
v -0.0334717594 -0.159227327 -0.141122311
v 0.0172093306 -0.203718796 0.314721972
v 0.0308390148 -0.196858168 0.293938071
v 0.0358897336 -0.190649256 0.273726374
v 0.0386626385 -0.182299227 0.256316662
v 0.0357409231 -0.171936467 0.236671537
v -0.0121896835 -0.208812878 0.326127291
v -0.0739923492 -0.196586236 0.317472696
v -0.0881964564 -0.188735992 0.296873569
v -0.0903088376 -0.181642756 0.270330548
v -0.0894473046 -0.172056168 0.2463561
v -0.0767957866 -0.150172129 0.213799417
v -0.0836198181 -0.160605147 0.227615982
v -0.0416423045 -0.204243168 0.326883763
v 0.0583094917 -0.159839436 -0.0583180636
v 0.0617109649 -0.17283389 -0.0866580382
v 0.0569145046 -0.151348189 -0.0408069789
v 0.0532932654 -0.142580301 -0.0225362629
v 0.0492094494 -0.132929265 -0.00423274934
v 0.0470432676 -0.128042862 0.0140720159
v 0.0462399088 -0.128717482 0.0326807052
v 0.0446115471 -0.130652055 0.0515104383
v 0.041967202 -0.13193886 0.0705710053
v 0.0397335701 -0.133504778 0.0904247165
v 0.0378404409 -0.135992303 0.11089322
v 0.0350659825 -0.140191168 0.133621275
v 0.0305368453 -0.151644289 0.188931793
v 0.0314150378 -0.145755574 0.160884261
v 0.031293653 -0.159777403 0.212978363
v -0.0679325908 -0.13763389 0.169593096
v -0.0332702175 -0.158225611 -0.130771413
v -0.0605119653 -0.13005349 0.141417593
v -0.0520946495 -0.122904539 0.117681503
v -0.0451640598 -0.11774417 0.0979111046
v -0.0406683534 -0.115090504 0.0785883069
v -0.03882448 -0.114401557 0.0591306239
v -0.0374510027 -0.115009844 0.0394243598
v -0.0348978862 -0.116738476 0.0198373944
v -0.0330481827 -0.121915877 0.000662818551
v -0.0337254629 -0.132410288 -0.0183558017
v -0.0341819786 -0.143938005 -0.037503846
v -0.0309248492 -0.155305669 -0.0839556456
v -0.0721997321 -0.143380508 0.195610672
v -0.0332682393 -0.150587216 -0.0554363206
v 0.0614141598 -0.174669906 -0.131719485
v 0.0611515306 -0.171293482 -0.106912598
v -0.0313024297 -0.153451532 -0.106851548
v 0.0603530407 -0.167409688 -0.0738977864
v -0.0310131088 -0.15346168 -0.0711164996
v 0.0587101281 -0.167098209 -0.126371056
v -0.0307400897 -0.151372015 -0.125410631
v 0.124652885 -0.00191003084 -0.0369219556
v 0.125247151 -0.00191003084 -0.0553328544
v -0.116923444 -0.00191002991 0.294136643
v -0.0970351249 -0.00191008346 0.0222987086
v -0.0923757479 -0.00191002828 0.36799559
v -0.0763439089 -0.00191003084 0.391617149
v -0.111243106 -0.00191188138 -0.134801462
v 0.133955583 -0.00191003084 -0.142724097
v 0.130474314 -0.00191003084 -0.129293993
v 0.127651587 -0.00191003084 -0.104613744
v 0.128893897 -0.00191003084 -0.0985509008
v 0.130241796 -0.00191003084 -0.0945050344
v -0.108606927 -0.00191023154 -0.119949967
v -0.108259261 -0.00178640895 -0.0971773565
v -0.109232686 -0.00185929728 -0.0927227437
v -0.109288767 -0.00262126094 -0.0886920094
v 0.130405694 -0.00191003084 -0.0860080346
v 0.127531692 -0.00191003084 -0.0719220191
v -0.108370878 -0.00190986495 -0.138432682
v 0.127567872 -0.00191003084 -0.135633171
v -0.101327099 -0.00191003084 -0.112635508
v 0.122288898 -0.00191003084 -0.116085902
v -0.104215287 -0.00191002653 0.340470135
v 0.131210327 -0.00191003084 -0.143181831
v 0.133614391 -0.00191003084 -0.145298406
v -0.110765398 -0.00191000546 -0.141564548
v -0.111790553 -0.00191063166 -0.139849976
v -0.118984498 -0.00191003084 0.183798671
v -0.114741981 -0.00191003084 0.158119351
v -0.102713548 -0.00196183636 -0.0469917953
v -0.0934732035 -0.00191454252 -0.0292337686
v -0.0958770439 -0.00191016623 0.0285533816
v -0.0943570063 -0.00191005564 0.0483404547
v -0.105355598 -0.00191003073 0.131296754
v -0.0925854072 -0.00191002281 0.0701690465
v -0.105024986 -0.00200866209 -0.0611153468
v -0.106588878 0.000389192021 -0.0783596635
v 0.130800009 -0.00191003084 -0.0908676386
v -0.0961989984 -0.00191003236 0.0991627723
v -0.110800646 -0.00191002502 0.320039809
v -0.0973124579 -0.00191003026 0.357604057
v -0.109878242 -0.00191301911 -0.127738312
v -0.0870135948 -0.00191003049 0.37659058
v -0.108312026 -0.00548215024 -0.0843918994
v 0.132511288 -0.00191003084 -0.13682054
v 0.126140475 -0.00191003084 -0.063774541
v 0.127647862 -0.00191003084 -0.112657472
v -0.107633136 -0.00184781465 -0.10366635
v 0.129141092 -0.00191003084 -0.0795581713
v -0.105306603 -0.00190993247 -0.12959832
v 0.123819865 -0.00191003084 -0.124748573
v -0.104414716 -0.00200068927 -0.0527955741
v -0.0994345918 -0.0019381243 -0.0406738073
v -0.0956567228 -0.00191013527 0.0350723416
v -0.102272525 -0.00191003061 0.12340337
v -0.109815083 -0.00191003084 0.142565876
v -0.119421139 -0.00191003084 0.191460282
v -0.11806687 -0.00191003084 0.174654454
v -0.0936252773 -0.00191002793 0.0772117674
v -0.105178311 -0.00162515102 -0.0696743578
v -0.0273240488 0.206816837 0.323797464
v 0.0264627188 0.196279392 0.30471912
v 0.0337165557 0.190052912 0.283401489
v 0.0374754332 0.182922512 0.264827877
v 0.0385108702 0.173625365 0.247335345
v 0.0323401131 0.161889866 0.224735558
v 0.00256704027 0.203933924 0.322441548
v -0.0835896656 0.18859984 0.308292031
v -0.0898682252 0.181466132 0.283744454
v -0.0902658254 0.173411176 0.257817328
v -0.0873293206 0.162520453 0.236263156
v -0.0797558576 0.151272461 0.220479488
v -0.0583814979 0.196037397 0.324038237
v -0.0742708072 0.142546877 0.205662221
v -0.0336454697 0.144270748 -0.0467687771
v -0.0342115276 0.134650096 -0.0279430225
v -0.0331581496 0.122810021 -0.00883427262
v -0.0336788259 0.114845529 0.0102030784
v -0.036287833 0.111850299 0.0295853168
v -0.0382475033 0.11075604 0.0492944717
v -0.0395107791 0.110732816 0.0688967258
v -0.0425378792 0.112296022 0.0882387757
v -0.0483914725 0.116195492 0.107595086
v -0.0562019832 0.122484423 0.128833711
v -0.0646085888 0.130133629 0.15527603
v 0.0340459235 0.15098992 0.201752067
v 0.0580695868 0.151583657 -0.0496780574
v 0.0552790761 0.143383771 -0.0317340568
v 0.0511318669 0.133710846 -0.0133598894
v 0.0478361957 0.125840962 0.00489349663
v 0.0466117412 0.12407887 0.023335427
v 0.0456133038 0.125977084 0.0420797169
v 0.0433222875 0.127495587 0.0609884411
v 0.040748667 0.128828272 0.0803606659
v 0.0388284139 0.13075687 0.100579947
v 0.0365964584 0.134040847 0.121748775
v 0.0333321355 0.139074042 0.146752834
v 0.0301360469 0.144798562 0.175283462
v -0.0703325123 0.136918873 0.183399379
v 0.062311437 0.171860144 -0.138664559
v -0.0336734615 0.155567691 -0.137290627
v 0.0607977808 0.169349656 -0.123709299
v 0.0612652786 0.168026909 -0.0991936922
v 0.0627863258 0.168860808 -0.0940702781
v 0.0602352917 0.170268908 -0.0908996463
v -0.0325580053 0.152671918 -0.123124473
v -0.0309549309 0.149475425 -0.099616155
v -0.0314185172 0.150430366 -0.0938766003
v -0.0334411375 0.1506989 -0.0888375565
v 0.0637141317 0.165729389 -0.0809102282
v 0.056925416 0.160941809 -0.0665535703
v -0.0284532066 0.151471883 -0.0782249793
v -0.0342696011 0.147691801 -0.0633945465
v 0.0605220906 0.167186454 -0.13672176
v -0.0320619158 0.150724664 -0.135430127
v 0.0557136945 0.159029171 -0.113173097
v -0.0293007027 0.143839583 -0.112583503
v 0.0611908324 0.170511037 -0.142516658
v 0.0635341555 0.171601504 -0.142615825
v -0.0329373106 0.153552651 -0.140846938
v -0.0334717594 0.155407265 -0.141122311
v 0.017209325 0.199898764 0.314722031
v 0.0308390092 0.193038106 0.293938071
v 0.0358897336 0.186829194 0.273726374
v 0.0386626385 0.17847915 0.256316662
v 0.0513557307 -0.00191047997 0.334659934
v 0.0238848068 -0.0551605113 0.356879026
v 0.0489836894 -0.0170788355 0.338264376
v 0.0433976576 -0.0313591063 0.342616916
v 0.0349605195 -0.0442310646 0.348841637
v 0.0357409231 0.168116406 0.236671537
v -0.0121896882 0.204992816 0.326127291
v -0.0739923567 0.19276619 0.317472696
v -0.0881964639 0.184915945 0.296873569
v -0.0610218458 -0.0448062234 0.390981764
v -0.0903088301 0.177822694 0.270330548
v -0.0894472972 0.168236107 0.2463561
v -0.0477463938 -0.0561016984 0.3872343
v 0.0087034665 -0.0637679994 0.365864903
v -0.010324561 -0.0667815432 0.374688596
v -0.0300614089 -0.0635029674 0.381988734
v -0.0767957941 0.146352068 0.213799417
v -0.0836198181 0.156785086 0.227615982
v -0.0416423045 0.200423107 0.326883763
v 0.0583094917 0.156019375 -0.0583180636
v -0.068887949 -0.0310969353 0.393605679
v -0.0719547495 -0.0162521005 0.395708174
v -0.0714284629 -0.0019120943 0.398254901
v -0.0583516918 -0.0132046826 0.434012502
v -0.0674975216 -0.0147173395 0.402710289
v -0.0594355464 -0.013591107 0.422899097
v -0.0629135892 -0.0139968451 0.411829323
v -0.0669747889 -0.00191597547 0.405726105
v -0.0593415312 -0.00189759035 0.438004047
v -0.0625393838 -0.00192123139 0.415655941
v -0.0597266518 -0.00192140019 0.427108854
v 0.0617109649 0.169013828 -0.0866580382
v 0.0569145046 0.147528127 -0.0408069789
v 0.0532932654 0.138760239 -0.0225362629
v 0.0492094494 0.129109204 -0.00423274934
v 0.0470432676 0.1242228 0.0140720159
v 0.0462399088 0.12489742 0.0326807052
v 0.0446115471 0.126831993 0.0515104383
v 0.041967202 0.128118798 0.0705710053
v 0.00551752141 -0.0546537414 0.41252026
v -0.00723027438 -0.0611180365 0.382806689
v 0.00154738373 -0.0553036518 0.402289897
v -0.00314999046 -0.0575832799 0.392001957
v -0.0262358841 -0.0589425638 0.389585286
v -0.0151489154 -0.052826304 0.419519871
v -0.0220105797 -0.0556112193 0.398605555
v -0.0177292433 -0.0534485169 0.409003466
v 0.0397335701 0.129684716 0.0904247165
v 0.0378404409 0.132172242 0.11089322
v 0.0350659825 0.136371106 0.133621275
v 0.0305368453 0.147824228 0.188931793
v 0.0314150378 0.141935512 0.160884261
v 0.031293653 0.155957341 0.212978363
v -0.0679325908 0.133813828 0.169593096
v -0.0332702175 0.154405549 -0.130771413
v -0.043789234 -0.0519990325 0.394618779
v -0.0333131365 -0.0466462933 0.424615234
v -0.0394266285 -0.0490039214 0.403526396
v -0.0354473479 -0.0471482165 0.414002389
v -0.0605119653 0.126233429 0.141417593
v -0.0520946495 0.119084477 0.117681503
v -0.0451640598 0.113924108 0.0979111046
v -0.0406683534 0.111270443 0.0785883069
v -0.03882448 0.110581495 0.0591306239
v -0.0374510027 0.111189783 0.0394243598
v -0.0348978862 0.112918414 0.0198373944
v -0.0330481827 0.118095815 0.000662818551
v -0.0337254629 0.128590226 -0.0183557868
v -0.0341819823 0.140117943 -0.0375038534
v -0.0309248455 0.151485607 -0.0839557126
v -0.0721997321 0.139560446 0.195610672
v -0.056826055 -0.0411163829 0.39817372
v -0.0465346687 -0.0367840119 0.42860803
v -0.0523113571 -0.0386970825 0.40700081
v -0.0484712981 -0.0373067185 0.417595118
v 0.0595482774 -0.025752306 0.3808029
v 0.0439004041 -0.0297314525 0.351492375
v 0.0523843765 -0.0265407246 0.372086555
v 0.0469827503 -0.0279653855 0.361701578
v 0.0355060324 -0.0417048335 0.357733637
v 0.0509056449 -0.0366138779 0.386889309
v 0.0387714021 -0.0392247736 0.367731899
v 0.0441871919 -0.0373787843 0.3779746
v -0.0644434094 -0.0280912798 0.400645822
v -0.0547300093 -0.0249272492 0.43138501
v -0.0598550849 -0.0264805406 0.409490138
v -0.0561500266 -0.0255919881 0.420265943
v 0.0636877194 -0.00190027175 0.373264045
v 0.0508039407 -0.0019102837 0.342862576
v 0.057094086 -0.00190495199 0.363542646
v 0.0527413785 -0.00190872804 0.352709264
v 0.0492426679 -0.0163339749 0.346937776
v 0.0642302632 -0.014123681 0.376759917
v 0.0519699939 -0.0154222492 0.357202142
v 0.0570969842 -0.0146085462 0.367850631
v -0.0332682393 0.146767095 -0.0554363728
v 0.0614141598 0.170849845 -0.131719485
v 0.0611515306 0.167473421 -0.106912598
v 0.0243589301 -0.0516463928 0.365707427
v 0.039070826 -0.0457917564 0.394882709
v 0.0278240629 -0.0485357866 0.375459999
v 0.0330906734 -0.0464308225 0.385653406
v -0.0313024335 0.14963147 -0.106851563
v 0.0603530407 0.163589627 -0.0738977864
v -0.0310131051 0.149641588 -0.0711165518
v 0.0587101281 0.163278148 -0.126371056
v -0.0307400897 0.147551954 -0.125410631
v 0.010108511 -0.0585095063 0.374508172
v 0.0241497159 -0.0520605855 0.403817326
v 0.0139003992 -0.0549808517 0.383972734
v 0.0189308561 -0.0527322367 0.394174427
v -0.0305137821 -0.046476163 0.437707871
v -0.00784760714 -0.0516976975 0.430193573
v 0.0583303533 -0.0372073613 0.397202164
v 0.0674212426 -0.0242783427 0.3904607
v -0.0565206371 -0.00145402213 0.446057707
v 0.0740161762 -0.0105674649 0.387041181
v 0.0750741288 -0.0152857397 0.387777597
v 0.0454722606 -0.0459443107 0.405905098
v 0.077450268 -0.00216811337 0.387327522
v 0.0788818523 -0.00201943354 0.386186451
v -0.0574593619 -0.013175616 0.448432297
v -0.0514690876 -0.0260518305 0.444010824
v 0.0292225275 -0.0520354919 0.415691704
v 0.0107921204 -0.054340709 0.424746484
v -0.0446956567 -0.0365654752 0.442513973
v 0.071694836 -0.00190290192 0.380035728
v 0.0774203241 -0.00193152914 0.383803576
v 0.0674787611 -0.0248711091 0.386972576
v 0.067344673 -0.028325418 0.391163975
v 0.0439990796 -0.0462880842 0.401988536
v 0.00581317348 -0.0551227592 0.422143966
v -0.0553036593 -0.023409212 0.445374101
v -0.0561262257 -0.0228535272 0.439974397
v -0.0323526263 -0.0469397716 0.433442444
v 0.0565421879 -0.037316788 0.393517584
v 0.0278330892 -0.0525510311 0.411660284
v -0.0474047512 -0.0353348814 0.438770145
v -0.0119685801 -0.0533252545 0.431452066
v -0.0170402136 -0.0528605357 0.427955478
v 0.071940586 -0.0137955472 0.382595092
v 0.0766157359 -0.0121519594 0.385384947
v -0.0591180436 -0.0128461346 0.443170279
v -0.0595646761 -0.0111185377 0.448020548
v -0.0602700189 -0.00181953935 0.446118444
v -0.0595464408 -0.00164824119 0.449270934
v 0.0713415667 -0.0021097844 0.383953124
v 0.0757580325 -0.00225958135 0.386752039
v 0.00791955832 -0.0502293073 0.417336375
v 0.0138080558 -0.0523652695 0.421630114
v 0.0512776189 -0.0343745463 0.392573208
v 0.0563280545 -0.0358409248 0.397142559
v -0.0432761796 -0.0338512026 0.433790296
v -0.0418214723 -0.0372356735 0.439647049
v -0.0546139069 -0.00191118626 0.435586303
v 0.060503453 -0.0244328193 0.386453301
v 0.0437868871 -0.0444338955 0.405644447
v 0.0396856926 -0.0424063131 0.400568277
v -0.0509187765 -0.0231450852 0.436731964
v -0.0302850865 -0.042685423 0.429731995
v -0.0294437762 -0.0450112261 0.436374635
v 0.0238841232 0.0513420962 0.356879681
v 0.0489837714 0.0132578826 0.338264346
v 0.0433977395 0.0275385771 0.342616916
v 0.0349603854 0.0404114388 0.348841816
v 0.0255231466 -0.0479112267 0.409102291
v 0.0288670044 -0.0502060167 0.414704055
v -0.0122244153 -0.0484556779 0.424458236
v 0.0671152174 -0.0130226864 0.383269161
v -0.0541645549 -0.011986319 0.43801716
v -0.0550572164 -0.0147406356 0.44511649
v -0.0610275976 0.0409882739 0.390984923
v -0.0477513745 0.0522847585 0.387237161
v 0.00870190933 0.0599506907 0.365866214
v -0.0103272377 0.0629649386 0.374690503
v -0.0300652906 0.0596864931 0.381991237
v -0.068893753 0.0272774138 0.393608838
v -0.0719591081 0.0124304984 0.395710498
v -0.0583249703 0.00938798767 0.434005827
v -0.0675058439 0.0108907688 0.40271464
v -0.0594351292 0.00975135993 0.42290166
v -0.0629230663 0.0101617603 0.411834866
v 0.00558218407 0.0507915579 0.412480623
v -0.00723897573 0.0573064163 0.382812053
v 0.00153879914 0.0514843352 0.402292103
v 0.127273664 -0.044615794 -0.11876069
v 0.0967871845 -0.145208985 -0.121180385
v 0.113789976 -0.118108988 -0.12269713
v 0.124257348 -0.084902972 -0.121118173
v -0.106758051 -0.0394561812 -0.115807429
v -0.0881992877 -0.109089151 -0.116023794
v -0.0677285418 -0.132293388 -0.114478834
v -0.101092629 -0.0775983557 -0.116871767
v 0.0181736778 -0.173012808 -0.114051268
v 0.0410245769 -0.176131889 -0.114058062
v -0.0259479731 -0.157135382 -0.115051359
v -0.00855064671 -0.163758427 -0.114766583
v -0.0463643633 -0.147338048 -0.114412412
v 0.0548896678 -0.17396827 -0.114694178
v 0.0769182369 -0.16336827 -0.117776886
v -0.00316619454 0.0537747517 0.392010599
v -0.0262471177 0.0551300421 0.389591724
v -0.0150894485 0.0489858687 0.419489235
v -0.0220297519 0.051800143 0.39861545
v -0.0177384745 0.0496289544 0.409007162
v -0.0438023917 0.0481845401 0.394625992
v -0.033260338 0.0428259522 0.42459473
v -0.0394479297 0.0451892652 0.403537601
v -0.0354590975 0.0433287099 0.414009422
v -0.0568399541 0.0372988805 0.39818123
v -0.0464639589 0.032978747 0.428584188
v -0.0523322783 0.0348773897 0.407012135
v -0.0484792963 0.0334847271 0.417602271
v 0.0595478825 0.0219315309 0.380801708
v 0.0438998267 0.0259137638 0.351492971
v 0.0523799621 0.0227364544 0.372089297
v 0.127952605 -0.0233012494 -0.118746951
v 0.105851725 -0.132485613 -0.122331128
v 0.120104901 -0.102371983 -0.122196712
v 0.126332968 -0.0654327571 -0.119837433
v -0.10772907 -0.0204616971 -0.114517137
v -0.0786400363 -0.121675365 -0.115109645
v -0.095716916 -0.0944610015 -0.116717026
v -0.104640603 -0.0588434041 -0.116510637
v 0.0307708718 -0.175571412 -0.113931939
v -0.0187765714 -0.159860298 -0.115000002
v -0.0565334074 -0.140870646 -0.114277035
v 0.00437197834 -0.168604061 -0.114378795
v 0.0679060221 -0.168665022 -0.116281509
v 0.0869146585 -0.155597478 -0.119545951
v 0.0488391556 -0.175378531 -0.114329785
v -0.0381658599 -0.151802823 -0.114699073
v 0.046980422 0.0241543949 0.361703366
v -0.0318186842 -0.154757544 -0.114948452
v 0.0607501082 -0.171927154 -0.115283884
v -0.107812457 -0.00189329463 -0.111693844
v 0.128714472 -0.00191003084 -0.121134497
v 0.0355043374 0.0378894098 0.357735008
v 0.0509117357 0.0327680074 0.386881799
v 0.0387664102 0.0354164951 0.367735296
v 0.0441799574 0.0335714109 0.377978414
v -0.0644560531 0.0242697205 0.400652498
v -0.054674156 0.0211200677 0.431368321
v -0.0598719418 0.022653969 0.409499615
v -0.0561520644 0.0217629001 0.420270771
v 0.0492425784 0.0125144739 0.346937895
v 0.0642283335 0.010321727 0.37676093
v 0.0519692861 0.0116078472 0.357202739
v 0.0570951663 0.0108030504 0.367851824
v 0.0243553948 0.0478330962 0.36570999
v 0.0390894674 0.041929137 0.394865364
v 0.0278154667 0.0447288565 0.375465304
v 0.0330810659 0.042618636 0.3856574
v 0.0101025235 0.054697603 0.374512106
v 0.024189515 0.0481905006 0.403787524
v 0.0138878003 0.0511738025 0.383979887
v 0.0189206488 0.0489156507 0.394177645
v -0.0298914015 0.0427778959 0.437427431
v -0.00707723387 0.0478629619 0.429792255
v 0.0585562102 0.0329760574 0.397046417
v 0.06761574 0.0198996048 0.390315861
v 0.0740863308 0.00611629896 0.386983365
v 0.0751402527 0.0111005781 0.387727112
v 0.0458567403 0.0417022072 0.405667335
v -0.0571698733 0.0100294333 0.44832775
v -0.0508581102 0.0228283331 0.443758458
v 0.0297905095 0.0478605293 0.415376753
v 0.0115579786 0.0502944477 0.424354404
v -0.0440155677 0.0330998041 0.442225546
v 0.0675097704 0.0209367648 0.386947721
v 0.0674612001 0.0241774414 0.391077191
v 0.0441313349 0.0422811173 0.401897341
v 0.00611989526 0.0511858948 0.421980947
v -0.0549791567 0.019907454 0.445252746
v -0.0560006313 0.0191144031 0.43993178
v -0.0321009047 0.0431465432 0.433334857
v 0.0566127189 0.0333396159 0.393464059
v 0.0280482452 0.0485532545 0.411528915
v -0.0471208729 0.0316325389 0.438659221
v -0.0114630656 0.0494663827 0.431208521
v -0.0168516319 0.0490163527 0.427866489
v 0.0719445497 0.00996112265 0.382591337
v 0.0766324922 0.00821675733 0.385371596
v -0.059034355 0.00913575944 0.443142503
v -0.0594342127 0.00762032997 0.447975129
v 0.00759928906 0.046486821 0.417452902
v 0.0146983955 0.0483223014 0.421195835
v 0.0513076596 0.030605644 0.392670065
v 0.0567292683 0.0314345583 0.396893352
v -0.0433920622 0.0299088806 0.433670193
v -0.0410750546 0.0338393971 0.439267427
v 0.0604690984 0.0206592623 0.386460632
v 0.0444169343 0.0400857888 0.405314296
v 0.0397704951 0.038669087 0.400745779
v -0.0507355519 0.0193656664 0.436670631
v -0.030738987 0.0387707949 0.429626375
v -0.0286958907 0.0414307192 0.435974807
v 0.0255041774 0.0441950262 0.409285754
v 0.0296994001 0.0459948517 0.414303333
v -0.0127821779 0.0446370505 0.424459606
v 0.0671128258 0.00917578116 0.383233637
v -0.0539616942 0.00843932852 0.438023478
v -0.0546157658 0.011796345 0.444969565
v 0.127273664 0.0407957323 -0.11876069
v 0.0967871845 0.141388923 -0.121180385
v 0.113789976 0.114288926 -0.12269713
v 0.124257348 0.0810829103 -0.121118173
v -0.106758513 0.0356342047 -0.115807787
v -0.0881991908 0.105268255 -0.116023198
v -0.0677285045 0.128473431 -0.114478812
v -0.101092592 0.0737744346 -0.116870731
v 0.0181736778 0.169192746 -0.114051268
v 0.0410245769 0.172311828 -0.114058062
v -0.0259479769 0.153315306 -0.115051344
v -0.00855064578 0.159938365 -0.114766583
v -0.0463643633 0.143518016 -0.114412457
v 0.0548896678 0.170148209 -0.114694178
v 0.0769182369 0.159548208 -0.117776886
v 0.127952605 0.0194811877 -0.118746951
v 0.105851725 0.128665552 -0.122331128
v 0.120104901 0.0985519215 -0.122196712
v 0.126332968 0.0616126955 -0.119837433
v -0.107729688 0.016651433 -0.114518568
v -0.0786399767 0.117855169 -0.115109399
v -0.0957168192 0.0906388015 -0.116716124
v -0.10464076 0.0550184846 -0.116509944
v 0.0307708718 0.17175135 -0.113931939
v -0.0187765695 0.156040236 -0.114999995
v -0.0565333962 0.137050673 -0.11427708
v 0.00437197834 0.164783999 -0.114378795
v 0.0679060221 0.16484496 -0.116281509
v 0.0869146585 0.151777416 -0.119545951
v 0.0488391556 0.17155847 -0.114329785
v -0.0381658636 0.147982761 -0.114699088
v -0.0318186879 0.150937468 -0.114948437
v 0.0607501082 0.168107092 -0.115283884
v 0.0486696996 -0.00191003084 0.329236507
v 0.039534498 -0.0304772314 0.333196521
v 0.0198520981 -0.0543068312 0.348850131
v -0.0113207027 -0.0654756352 0.368286937
v -0.0722167045 -0.0285492297 0.388394088
v -0.0532326996 -0.0558932312 0.380978912
v 0.030733699 -0.0434100293 0.339776486
v 0.00633689761 -0.0620612316 0.358898073
v -0.0658823028 -0.0432132296 0.385150105
v -0.0331847034 -0.0635076314 0.375598937
v 0.0460752957 -0.0164844319 0.329997301
v -0.0745743066 -0.0148228304 0.390749305
v 0.039534498 0.0266571697 0.333196521
v 0.0198520981 0.0504867695 0.348850131
v -0.0113207027 0.0616555735 0.368286937
v -0.0722167045 0.024729168 0.388394088
v -0.0532326996 0.0520731695 0.380978912
v 0.030733699 0.0395899676 0.339776486
v 0.00633689761 0.0582411699 0.358898073
v -0.0658823028 0.0393931679 0.385150105
v -0.0331847034 0.059687566 0.375598937
v 0.0460752957 0.0126643693 0.329997301
v -0.0745743066 0.0110027688 0.390749305
v 0.0430588014 -0.00193123508 0.346747071
v 0.0421250053 -0.00149257947 0.332807451
v 0.0400408469 -0.00164363079 0.337832272
v 0.0363987163 -0.0239614956 0.350967377
v 0.0351115763 -0.0273720026 0.337035418
v 0.033531867 -0.0253720563 0.3420192
v 0.0167217441 -0.0486443453 0.350448579
v 0.019188283 -0.0421674512 0.363393754
v 0.0161926933 -0.0449207239 0.354637474
v -0.0122516621 -0.0582450517 0.367302924
v -0.00848706439 -0.0502642468 0.378522247
v -0.0115783736 -0.0536191948 0.370216459
v -0.0659553036 -0.027043188 0.386479944
v -0.0571873486 -0.0231500398 0.395825237
v -0.0612698793 -0.0249183085 0.38823542
v -0.0400224365 -0.042805057 0.389522463
v -0.04684956 -0.0499427542 0.379490703
v -0.0435105711 -0.0457926914 0.381639391
v 0.02711129 -0.038968496 0.342723489
v 0.0289992969 -0.03388042 0.35632959
v 0.0260728057 -0.036035683 0.347434819
v 0.00368091604 -0.0554009043 0.359068483
v 0.00669574318 -0.0479261316 0.371162444
v 0.00365225249 -0.0510913767 0.362613887
v -0.0590188466 -0.0395358354 0.383501679
v -0.0508994944 -0.0338081494 0.393188089
v -0.0547054969 -0.0362698697 0.385448307
v -0.0301379077 -0.0564518981 0.374189407
v -0.0250284802 -0.0485622063 0.384696692
v -0.0282522924 -0.0518582165 0.376625568
v 0.0412610807 -0.013145362 0.347796559
v 0.0403973348 -0.0146762012 0.33382985
v 0.0383830369 -0.0137143675 0.338856816
v -0.0690679774 -0.0143373525 0.388433903
v -0.05997888 -0.0122806709 0.397467345
v -0.0642754659 -0.0132611142 0.390000314
v -0.0700477287 -0.00205134857 0.389153451
v -0.0606390946 -0.00167167978 0.398027867
v -0.0650944933 -0.00185493869 0.390581936
v 0.0345007889 0.024223825 0.337172478
v 0.0367449075 0.0200775862 0.35062924
v 0.0332862996 0.0218736622 0.341943979
v 0.016259376 0.0451658256 0.350899547
v 0.0201835614 0.0381190032 0.362852961
v 0.0162360631 0.0410515703 0.354548782
v -0.0068591116 0.0462974086 0.378042549
v -0.0131647708 0.0543795489 0.367607504
v -0.0111998115 0.049590975 0.370106667
v -0.0659065396 0.0226062108 0.386562198
v -0.0566576123 0.0196663644 0.395558447
v -0.0611147471 0.0210241992 0.388096184
v -0.0475328378 0.045517493 0.379558116
v -0.0387033969 0.0390329659 0.389102131
v -0.0431015268 0.0417345278 0.381486148
v 0.0296059549 0.0299056917 0.35584566
v 0.0265458226 0.0356691442 0.343074203
v 0.0259092636 0.0323420502 0.3473548
v 0.00316591142 0.0517395437 0.359506756
v 0.00808607042 0.0438854396 0.370633692
v 0.00391635578 0.0471108146 0.362516373
v -0.0499798767 0.0301687233 0.392794698
v -0.0591389202 0.0349335 0.383564979
v -0.0543712378 0.0322534665 0.385284871
v -0.0312766619 0.0523378067 0.374328524
v -0.0234315172 0.0446902476 0.384260625
v -0.0278453566 0.0478103869 0.376495332
v 0.0399512872 0.0116409212 0.33380124
v 0.0414442122 0.00928990543 0.34764716
v 0.0382058732 0.0103688287 0.33880192
v -0.0597534478 0.00890505314 0.39737913
v -0.0691995695 0.0101513481 0.38850674
v -0.0642687976 0.00949847326 0.389921576
v 0.0616977029 -0.000584695139 0.374668449
v 0.0511972122 -0.00204559206 0.360410661
v 0.0526512749 -0.0235891528 0.377503246
v 0.0438840166 -0.0232155919 0.364564985
v 0.0259303302 -0.040407341 0.377251655
v 0.0334742814 -0.0406651832 0.390810937
v -0.00291938661 -0.0480104163 0.392543405
v 0.00278764404 -0.0481378697 0.406851381
v -0.0532937348 -0.0218812302 0.409676224
v -0.0511440411 -0.0217204932 0.424725324
v -0.0323019698 -0.0407289229 0.418318123
v -0.0356840007 -0.0407502688 0.403515667
v 0.0361493006 -0.0325801894 0.370057136
v 0.0443219244 -0.0329287201 0.383270949
v 0.012911276 -0.0458418578 0.385125667
v 0.0196883585 -0.0460293628 0.399053544
v -0.0468969084 -0.0320950486 0.407143205
v -0.0442994051 -0.0320295319 0.422100514
v -0.0201358926 -0.0463149063 0.398720652
v -0.0156691987 -0.0463582464 0.413327128
v 0.0584460199 -0.0130499406 0.374297827
v 0.0490598381 -0.0129476888 0.361327738
v -0.0560532883 -0.0117306905 0.410935253
v -0.0540172234 -0.0115123792 0.425618738
v -0.0566784218 -0.0020417308 0.411504656
v -0.0547632575 -0.00354026631 0.423870057
v 0.0442830212 0.0196669456 0.364326507
v 0.0508175567 0.0227896348 0.378796607
v 0.0267686583 0.036848072 0.377072603
v 0.0302689131 0.0390139185 0.393270463
v -0.00253124651 0.044477243 0.408930153
v -0.00204714504 0.0443471111 0.392421573
v -0.0529916845 0.0179923959 0.409645706
v -0.0521543883 0.0149322841 0.425313801
v -0.0352900065 0.0367947556 0.403277963
v -0.0366162322 0.0345698707 0.41938898
v 0.0418768562 0.0318185389 0.385285527
v 0.0367337242 0.0290512647 0.369802862
v 0.0138836205 0.0422480665 0.385003
v 0.0154005261 0.0435286723 0.401518494
v -0.0468092002 0.0252294671 0.422887951
v -0.0465618335 0.028101353 0.406910688
v -0.0195297133 0.0425147228 0.398548037
v -0.0211290587 0.0413736366 0.414856762
v 0.0494697355 0.00911014248 0.361341804
v 0.0574037395 0.0123545034 0.374870569
v -0.0542767309 0.00494275382 0.425957114
v -0.055868715 0.00778229162 0.411305755
f 35 1645 4291
f 35 4291 1527
f 1645 40 1532
f 1645 1532 4291
f 5809 5749 26
f 5809 26 1519
f 5754 5809 1519
f 5754 1519 109
f 4209 2776 713
f 4209 713 4216
f 630 1479 4212
f 630 4212 2575
f 4209 4216 1477
f 5749 5810 1520
f 5749 1520 26
f 710 2796 5559
f 710 5559 2767
f 2796 1460 2783
f 2796 2783 5559
f 5810 5750 27
f 5810 27 1520
f 4210 2768 1456
f 4210 1456 1482
f 715 2798 5560
f 715 5560 2775
f 2798 1465 2791
f 2798 2791 5560
f 1640 45 1537
f 1640 1537 4292
f 1453 2800 5561
f 1453 5561 2768
f 2800 1470 2784
f 2800 2784 5561
f 40 1640 4292
f 40 4292 1532
f 5811 5751 28
f 5811 28 1521
f 5750 5811 1521
f 5750 1521 27
f 4211 2775 712
f 4211 712 1480
f 45 1635 4293
f 45 4293 1537
f 1635 50 1542
f 1635 1542 4293
f 4212 2767 1457
f 4212 1457 1478
f 345 2134 4294
f 345 4294 2107
f 2134 181 1767
f 2134 1767 4294
f 5812 5752 29
f 5812 29 1522
f 5751 5812 1522
f 5751 1522 28
f 401 2276 4295
f 401 4295 2067
f 2276 426 2268
f 2276 2268 4295
f 4294 1767 313
f 4294 313 2135
f 2107 4294 2135
f 2107 2135 381
f 230 2217 4296
f 230 4296 1891
f 2217 407 2200
f 2217 2200 4296
f 4295 2268 428
f 4295 428 2277
f 2067 4295 2277
f 2067 2277 347
f 431 2263 4297
f 431 4297 2282
f 2263 433 2283
f 2263 2283 4297
f 4296 2200 409
f 4296 409 2220
f 1891 4296 2220
f 1891 2220 234
f 238 2222 4298
f 238 4298 1883
f 2222 411 2194
f 2222 2194 4298
f 4297 2283 351
f 4297 351 2079
f 2282 4297 2079
f 2282 2079 349
f 242 2224 4299
f 242 4299 1879
f 2224 413 2191
f 2224 2191 4299
f 4298 2194 413
f 4298 413 2224
f 1883 4298 2224
f 1883 2224 242
f 246 2226 4300
f 246 4300 1875
f 2226 415 2188
f 2226 2188 4300
f 4299 2191 415
f 4299 415 2226
f 1879 4299 2226
f 1879 2226 246
f 250 2228 4301
f 250 4301 1871
f 2228 417 2185
f 2228 2185 4301
f 4300 2188 417
f 4300 417 2228
f 1875 4300 2228
f 1875 2228 250
f 254 2230 4302
f 254 4302 1867
f 2230 419 2182
f 2230 2182 4302
f 4301 2185 419
f 4301 419 2230
f 1871 4301 2230
f 1871 2230 254
f 258 2232 4303
f 258 4303 1863
f 2232 421 2179
f 2232 2179 4303
f 4302 2182 421
f 4302 421 2232
f 1867 4302 2232
f 1867 2232 258
f 548 2457 4304
f 548 4304 2481
f 2457 560 2485
f 2457 2485 4304
f 4303 2179 423
f 4303 423 2234
f 1863 4303 2234
f 1863 2234 262
f 388 2594 4305
f 388 4305 2137
f 2594 637 2577
f 2594 2577 4305
f 4304 2485 525
f 4304 525 2389
f 2481 4304 2389
f 2481 2389 497
f 5704 5725 4306
f 5704 4306 4271
f 5725 5699 4266
f 5725 4266 4306
f 4305 2577 641
f 4305 641 2601
f 2137 4305 2601
f 2137 2601 178
f 547 2478 4307
f 547 4307 2435
f 2478 492 2356
f 2478 2356 4307
f 4306 4266 492
f 4306 492 2478
f 4271 4306 2478
f 4271 2478 547
f 99 2473 4308
f 99 4308 2298
f 2473 540 2464
f 2473 2464 4308
f 4307 2356 489
f 4307 489 2476
f 2435 4307 2476
f 2435 2476 544
f 565 2495 4309
f 565 4309 2467
f 2495 532 2407
f 2495 2407 4309
f 4308 2464 567
f 4308 567 2474
f 2298 4308 2474
f 2298 2474 448
f 5688 1483 4310
f 5688 4310 4236
f 1483 5689 4237
f 1483 4237 4310
f 4309 2407 513
f 4309 513 2491
f 2467 4309 2491
f 2467 2491 556
f 98 1583 4311
f 98 4311 1579
f 1583 102 1582
f 1583 1582 4311
f 4310 4237 102
f 4310 102 1583
f 4236 4310 1583
f 4236 1583 98
f 97 1584 4312
f 97 4312 1578
f 1584 101 1581
f 1584 1581 4312
f 4311 1582 101
f 4311 101 1584
f 1579 4311 1584
f 1579 1584 97
f 96 1585 4313
f 96 4313 1577
f 1585 100 1580
f 1585 1580 4313
f 4312 1581 100
f 4312 100 1585
f 1578 4312 1585
f 1578 1585 96
f 447 2239 4314
f 447 4314 2297
f 2239 449 2299
f 2239 2299 4314
f 4313 1580 99
f 4313 99 1586
f 1577 4313 1586
f 1577 1586 95
f 1 1484 4315
f 1 4315 4235
f 1484 5688 4236
f 1484 4236 4315
f 4314 2299 367
f 4314 367 2103
f 2297 4314 2103
f 2297 2103 365
f 94 1587 4316
f 94 4316 1576
f 1587 98 1579
f 1587 1579 4316
f 4315 4236 98
f 4315 98 1587
f 4235 4315 1587
f 4235 1587 94
f 93 1588 4317
f 93 4317 1575
f 1588 97 1578
f 1588 1578 4317
f 4316 1579 97
f 4316 97 1588
f 1576 4316 1588
f 1576 1588 93
f 92 1589 4318
f 92 4318 1574
f 1589 96 1577
f 1589 1577 4318
f 4317 1578 96
f 4317 96 1589
f 1575 4317 1589
f 1575 1589 92
f 445 2242 4319
f 445 4319 2295
f 2242 447 2297
f 2242 2297 4319
f 4318 1577 95
f 4318 95 1590
f 1574 4318 1590
f 1574 1590 91
f 20 1504 4320
f 20 4320 4287
f 1504 1 4235
f 1504 4235 4320
f 4319 2297 365
f 4319 365 2100
f 2295 4319 2100
f 2295 2100 363
f 90 1591 4321
f 90 4321 1573
f 1591 94 1576
f 1591 1576 4321
f 4320 4235 94
f 4320 94 1591
f 4287 4320 1591
f 4287 1591 90
f 89 1592 4322
f 89 4322 1572
f 1592 93 1575
f 1592 1575 4322
f 4321 1576 93
f 4321 93 1592
f 1573 4321 1592
f 1573 1592 89
f 88 1593 4323
f 88 4323 1571
f 1593 92 1574
f 1593 1574 4323
f 4322 1575 92
f 4322 92 1593
f 1572 4322 1593
f 1572 1593 88
f 443 2245 4324
f 443 4324 2293
f 2245 445 2295
f 2245 2295 4324
f 4323 1574 91
f 4323 91 1594
f 1571 4323 1594
f 1571 1594 87
f 2 1503 4325
f 2 4325 4234
f 1503 20 4287
f 1503 4287 4325
f 4324 2295 363
f 4324 363 2097
f 2293 4324 2097
f 2293 2097 361
f 86 1595 4326
f 86 4326 1570
f 1595 90 1573
f 1595 1573 4326
f 4325 4287 90
f 4325 90 1595
f 4234 4325 1595
f 4234 1595 86
f 85 1596 4327
f 85 4327 1569
f 1596 89 1572
f 1596 1572 4327
f 4326 1573 89
f 4326 89 1596
f 1570 4326 1596
f 1570 1596 85
f 84 1597 4328
f 84 4328 1568
f 1597 88 1571
f 1597 1571 4328
f 4327 1572 88
f 4327 88 1597
f 1569 4327 1597
f 1569 1597 84
f 441 2248 4329
f 441 4329 2291
f 2248 443 2293
f 2248 2293 4329
f 4328 1571 87
f 4328 87 1598
f 1568 4328 1598
f 1568 1598 83
f 19 1490 4330
f 19 4330 4227
f 1490 2 4234
f 1490 4234 4330
f 4329 2293 361
f 4329 361 2094
f 2291 4329 2094
f 2291 2094 359
f 82 1599 4331
f 82 4331 1567
f 1599 86 1570
f 1599 1570 4331
f 4330 4234 86
f 4330 86 1599
f 4227 4330 1599
f 4227 1599 82
f 81 1600 4332
f 81 4332 1566
f 1600 85 1569
f 1600 1569 4332
f 4331 1570 85
f 4331 85 1600
f 1567 4331 1600
f 1567 1600 81
f 80 1601 4333
f 80 4333 1565
f 1601 84 1568
f 1601 1568 4333
f 4332 1569 84
f 4332 84 1601
f 1566 4332 1601
f 1566 1601 80
f 439 2251 4334
f 439 4334 2289
f 2251 441 2291
f 2251 2291 4334
f 4333 1568 83
f 4333 83 1602
f 1565 4333 1602
f 1565 1602 79
f 24 1500 4335
f 24 4335 4279
f 1500 19 4227
f 1500 4227 4335
f 4334 2291 359
f 4334 359 2091
f 2289 4334 2091
f 2289 2091 357
f 78 1603 4336
f 78 4336 1564
f 1603 82 1567
f 1603 1567 4336
f 4335 4227 82
f 4335 82 1603
f 4279 4335 1603
f 4279 1603 78
f 77 1604 4337
f 77 4337 1563
f 1604 81 1566
f 1604 1566 4337
f 4336 1567 81
f 4336 81 1604
f 1564 4336 1604
f 1564 1604 77
f 76 1605 4338
f 76 4338 1562
f 1605 80 1565
f 1605 1565 4338
f 4337 1566 80
f 4337 80 1605
f 1563 4337 1605
f 1563 1605 76
f 437 2254 4339
f 437 4339 2287
f 2254 439 2289
f 2254 2289 4339
f 4338 1565 79
f 4338 79 1606
f 1562 4338 1606
f 1562 1606 75
f 23 1501 4340
f 23 4340 4281
f 1501 24 4279
f 1501 4279 4340
f 4339 2289 357
f 4339 357 2088
f 2287 4339 2088
f 2287 2088 355
f 74 1607 4341
f 74 4341 1561
f 1607 78 1564
f 1607 1564 4341
f 4340 4279 78
f 4340 78 1607
f 4281 4340 1607
f 4281 1607 74
f 73 1608 4342
f 73 4342 1560
f 1608 77 1563
f 1608 1563 4342
f 4341 1564 77
f 4341 77 1608
f 1561 4341 1608
f 1561 1608 73
f 72 1609 4343
f 72 4343 1559
f 1609 76 1562
f 1609 1562 4343
f 4342 1563 76
f 4342 76 1609
f 1560 4342 1609
f 1560 1609 72
f 435 2257 4344
f 435 4344 2285
f 2257 437 2287
f 2257 2287 4344
f 4343 1562 75
f 4343 75 1610
f 1559 4343 1610
f 1559 1610 71
f 18 1502 4345
f 18 4345 4240
f 1502 23 4281
f 1502 4281 4345
f 4344 2287 355
f 4344 355 2085
f 2285 4344 2085
f 2285 2085 353
f 70 1611 4346
f 70 4346 1558
f 1611 74 1561
f 1611 1561 4346
f 4345 4281 74
f 4345 74 1611
f 4240 4345 1611
f 4240 1611 70
f 69 1612 4347
f 69 4347 1557
f 1612 73 1560
f 1612 1560 4347
f 4346 1561 73
f 4346 73 1612
f 1558 4346 1612
f 1558 1612 69
f 68 1613 4348
f 68 4348 1556
f 1613 72 1559
f 1613 1559 4348
f 4347 1560 72
f 4347 72 1613
f 1557 4347 1613
f 1557 1613 68
f 433 2260 4349
f 433 4349 2283
f 2260 435 2285
f 2260 2285 4349
f 4348 1559 71
f 4348 71 1614
f 1556 4348 1614
f 1556 1614 67
f 21 1506 4350
f 21 4350 4286
f 1506 18 4240
f 1506 4240 4350
f 4349 2285 353
f 4349 353 2082
f 2283 4349 2082
f 2283 2082 351
f 66 1615 4351
f 66 4351 1555
f 1615 70 1558
f 1615 1558 4351
f 4350 4240 70
f 4350 70 1615
f 4286 4350 1615
f 4286 1615 66
f 65 1616 4352
f 65 4352 1554
f 1616 69 1557
f 1616 1557 4352
f 4351 1558 69
f 4351 69 1616
f 1555 4351 1616
f 1555 1616 65
f 64 1617 4353
f 64 4353 1553
f 1617 68 1556
f 1617 1556 4353
f 4352 1557 68
f 4352 68 1617
f 1554 4352 1617
f 1554 1617 64
f 451 2266 4354
f 451 4354 2279
f 2266 431 2282
f 2266 2282 4354
f 4353 1556 67
f 4353 67 1618
f 1553 4353 1618
f 1553 1618 63
f 22 1498 4355
f 22 4355 4288
f 1498 21 4286
f 1498 4286 4355
f 4354 2282 349
f 4354 349 2076
f 2279 4354 2076
f 2279 2076 368
f 115 1619 4356
f 115 4356 1679
f 1619 66 1555
f 1619 1555 4356
f 4355 4286 66
f 4355 66 1619
f 4288 4355 1619
f 4288 1619 115
f 116 1620 4357
f 116 4357 1678
f 1620 65 1554
f 1620 1554 4357
f 4356 1555 65
f 4356 65 1620
f 1679 4356 1620
f 1679 1620 116
f 117 1621 4358
f 117 4358 1677
f 1621 64 1553
f 1621 1553 4358
f 4357 1554 64
f 4357 64 1621
f 1678 4357 1621
f 1678 1621 117
f 63 1618 4359
f 63 4359 2280
f 4359 2281 432
f 4359 432 2264
f 4358 1553 63
f 4358 63 1622
f 1677 4358 1622
f 1677 1622 118
f 1454 3 4233
f 1454 4233 4360
f 4360 4233 62
f 4360 62 1623
f 1618 67 2281
f 1618 2281 4359
f 2280 4359 2264
f 2280 2264 430
f 1623 62 1552
f 1623 1552 4361
f 4361 1552 61
f 4361 61 1624
f 4 1454 4360
f 4 4360 4232
f 4232 4360 1623
f 4232 1623 58
f 1624 61 1551
f 1624 1551 4362
f 4362 1551 60
f 4362 60 1625
f 58 1623 4361
f 58 4361 1549
f 1549 4361 1624
f 1549 1624 57
f 1625 60 1550
f 1625 1550 4363
f 4363 1550 59
f 4363 59 1626
f 57 1624 4362
f 57 4362 1548
f 1548 4362 1625
f 1548 1625 56
f 2273 426 2276
f 2273 2276 4364
f 4364 2276 401
f 4364 401 2072
f 56 1625 4363
f 56 4363 1547
f 1547 4363 1626
f 1547 1626 55
f 4365 4232 58
f 4365 58 1627
f 4239 4365 1627
f 4239 1627 104
f 103 2273 4364
f 103 4364 2132
f 2132 4364 2072
f 2132 2072 344
f 4366 1549 57
f 4366 57 1628
f 1660 4366 1628
f 1660 1628 105
f 1489 4 4232
f 1489 4232 4365
f 9 1489 4365
f 9 4365 4239
f 4367 1548 56
f 4367 56 1629
f 1659 4367 1629
f 1659 1629 106
f 1627 58 1549
f 1627 1549 4366
f 104 1627 4366
f 104 4366 1660
f 4368 1547 55
f 4368 55 1630
f 1658 4368 1630
f 1658 1630 107
f 1628 57 1548
f 1628 1548 4367
f 105 1628 4367
f 105 4367 1659
f 4369 2275 429
f 4369 429 2270
f 2274 4369 2270
f 2274 2270 427
f 1629 56 1547
f 1629 1547 4368
f 106 1629 4368
f 106 4368 1658
f 4370 4231 54
f 4370 54 1631
f 4230 4370 1631
f 4230 1631 49
f 1626 59 2275
f 1626 2275 4369
f 55 1626 4369
f 55 4369 2274
f 4371 1546 53
f 4371 53 1632
f 1541 4371 1632
f 1541 1632 48
f 1486 5 4231
f 1486 4231 4370
f 6 1486 4370
f 6 4370 4230
f 4372 1545 52
f 4372 52 1633
f 1540 4372 1633
f 1540 1633 47
f 1631 54 1546
f 1631 1546 4371
f 49 1631 4371
f 49 4371 1541
f 4373 1544 51
f 4373 51 1634
f 1539 4373 1634
f 1539 1634 46
f 1632 53 1545
f 1632 1545 4372
f 48 1632 4372
f 48 4372 1540
f 4374 1543 50
f 4374 50 1635
f 1538 4374 1635
f 1538 1635 45
f 1633 52 1544
f 1633 1544 4373
f 47 1633 4373
f 47 4373 1539
f 4375 4230 49
f 4375 49 1636
f 4229 4375 1636
f 4229 1636 44
f 1634 51 1543
f 1634 1543 4374
f 46 1634 4374
f 46 4374 1538
f 4376 1541 48
f 4376 48 1637
f 1536 4376 1637
f 1536 1637 43
f 1487 6 4230
f 1487 4230 4375
f 7 1487 4375
f 7 4375 4229
f 4377 1540 47
f 4377 47 1638
f 1535 4377 1638
f 1535 1638 42
f 1636 49 1541
f 1636 1541 4376
f 44 1636 4376
f 44 4376 1536
f 4378 1539 46
f 4378 46 1639
f 1534 4378 1639
f 1534 1639 41
f 1637 48 1540
f 1637 1540 4377
f 43 1637 4377
f 43 4377 1535
f 4379 1538 45
f 4379 45 1640
f 1533 4379 1640
f 1533 1640 40
f 1638 47 1539
f 1638 1539 4378
f 42 1638 4378
f 42 4378 1534
f 4380 4229 44
f 4380 44 1641
f 4228 4380 1641
f 4228 1641 39
f 1639 46 1538
f 1639 1538 4379
f 41 1639 4379
f 41 4379 1533
f 4381 1536 43
f 4381 43 1642
f 1531 4381 1642
f 1531 1642 38
f 1488 7 4229
f 1488 4229 4380
f 8 1488 4380
f 8 4380 4228
f 4382 1535 42
f 4382 42 1643
f 1530 4382 1643
f 1530 1643 37
f 1641 44 1536
f 1641 1536 4381
f 39 1641 4381
f 39 4381 1531
f 4383 1534 41
f 4383 41 1644
f 1529 4383 1644
f 1529 1644 36
f 1642 43 1535
f 1642 1535 4382
f 38 1642 4382
f 38 4382 1530
f 4384 1533 40
f 4384 40 1645
f 1528 4384 1645
f 1528 1645 35
f 1643 42 1534
f 1643 1534 4383
f 37 1643 4383
f 37 4383 1529
f 4385 4228 39
f 4385 39 1646
f 4241 4385 1646
f 4241 1646 110
f 1644 41 1533
f 1644 1533 4384
f 36 1644 4384
f 36 4384 1528
f 4386 1531 38
f 4386 38 1647
f 1671 4386 1647
f 1671 1647 111
f 1497 8 4228
f 1497 4228 4385
f 11 1497 4385
f 11 4385 4241
f 4387 1530 37
f 4387 37 1648
f 1670 4387 1648
f 1670 1648 112
f 1646 39 1531
f 1646 1531 4386
f 110 1646 4386
f 110 4386 1671
f 4388 1529 36
f 4388 36 1649
f 1669 4388 1649
f 1669 1649 113
f 1647 38 1530
f 1647 1530 4387
f 111 1647 4387
f 111 4387 1670
f 4389 1528 35
f 4389 35 1650
f 1668 4389 1650
f 1668 1650 114
f 1648 37 1529
f 1648 1529 4388
f 112 1648 4388
f 112 4388 1669
f 4390 2481 497
f 4390 497 2363
f 2480 4390 2363
f 2480 2363 500
f 1649 36 1528
f 1649 1528 4389
f 113 1649 4389
f 113 4389 1668
f 4391 2329 467
f 4391 467 2415
f 2353 4391 2415
f 2353 2415 488
f 2440 548 2481
f 2440 2481 4390
f 551 2440 4390
f 551 4390 2480
f 4392 2352 485
f 4392 485 2470
f 2432 4392 2470
f 2432 2470 542
f 2416 468 2329
f 2416 2329 4391
f 493 2416 4391
f 493 4391 2353
f 4393 2339 473
f 4393 473 2422
f 2404 4393 2422
f 2404 2422 512
f 2476 489 2352
f 2476 2352 4392
f 544 2476 4392
f 544 4392 2432
f 4394 1657 108
f 4394 108 1656
f 1543 4394 1656
f 1543 1656 50
f 2424 478 2339
f 2424 2339 4393
f 533 2424 4393
f 533 4393 2404
f 4395 1658 107
f 4395 107 1655
f 1544 4395 1655
f 1544 1655 51
f 1655 107 1657
f 1655 1657 4394
f 51 1655 4394
f 51 4394 1543
f 4396 1659 106
f 4396 106 1654
f 1545 4396 1654
f 1545 1654 52
f 1654 106 1658
f 1654 1658 4395
f 52 1654 4395
f 52 4395 1544
f 1653 105 1659
f 1653 1659 4396
f 714 2802 5562
f 714 5562 2776
f 2802 1464 2792
f 2802 2792 5562
f 53 1653 4396
f 53 4396 1545
f 54 1652 4397
f 54 4397 1546
f 1652 104 1660
f 1652 1660 4397
f 4397 1660 105
f 4397 105 1653
f 1546 4397 1653
f 1546 1653 53
f 4213 2774 716
f 4213 716 1476
f 5 1485 4398
f 5 4398 4231
f 1485 9 4239
f 1485 4239 4398
f 4398 4239 104
f 4398 104 1652
f 4231 4398 1652
f 4231 1652 54
f 50 1656 4399
f 50 4399 1542
f 1656 108 1661
f 1656 1661 4399
f 5818 5753 103
f 5818 103 1651
f 5752 5818 1651
f 5752 1651 29
f 33 1666 4400
f 33 4400 1526
f 1666 113 1668
f 1666 1668 4400
f 4400 1668 114
f 4400 114 1667
f 1526 4400 1667
f 1526 1667 34
f 32 1665 4401
f 32 4401 1525
f 1665 112 1669
f 1665 1669 4401
f 31 1664 4402
f 31 4402 1524
f 717 2804 5563
f 717 5563 2769
f 2804 1467 2785
f 2804 2785 5563
f 1664 111 1670
f 1664 1670 4402
f 30 1663 4403
f 30 4403 1523
f 1663 110 1671
f 1663 1671 4403
f 1525 4401 1666
f 1525 1666 33
f 4401 1669 113
f 4401 113 1666
f 4403 1671 111
f 4403 111 1664
f 1523 4403 1664
f 1523 1664 31
f 1524 4402 1665
f 1524 1665 32
f 4402 1670 112
f 4402 112 1665
f 4404 4241 110
f 4404 110 1663
f 4238 4404 1663
f 4238 1663 30
f 5819 5754 109
f 5819 109 1662
f 5748 5819 1662
f 5748 1662 25
f 1496 11 4241
f 1496 4241 4404
f 10 1496 4404
f 10 4404 4238
f 4406 2279 368
f 4406 368 2105
f 2277 4406 2105
f 2277 2105 347
f 1667 114 1672
f 1667 1672 4405
f 34 1667 4405
f 34 4405 1518
f 4407 1677 118
f 4407 118 1676
f 1550 4407 1676
f 1550 1676 59
f 2271 451 2279
f 2271 2279 4406
f 428 2271 4406
f 428 4406 2277
f 4408 1678 117
f 4408 117 1675
f 1551 4408 1675
f 1551 1675 60
f 1675 117 1677
f 1675 1677 4407
f 60 1675 4407
f 60 4407 1550
f 4409 1679 116
f 4409 116 1674
f 1552 4409 1674
f 1552 1674 61
f 1674 116 1678
f 1674 1678 4408
f 61 1674 4408
f 61 4408 1551
f 4410 4288 115
f 4410 115 1673
f 4233 4410 1673
f 4233 1673 62
f 1673 115 1679
f 1673 1679 4409
f 62 1673 4409
f 62 4409 1552
f 4411 1785 168
f 4411 168 1787
f 1750 4411 1787
f 1750 1787 124
f 1505 22 4288
f 1505 4288 4410
f 3 1505 4410
f 3 4410 4233
f 4412 1771 179
f 4412 179 1790
f 1720 4412 1790
f 1720 1790 155
f 1786 173 1785
f 1786 1785 4411
f 125 1786 4411
f 125 4411 1750
f 4413 1775 175
f 4413 175 1788
f 1726 4413 1788
f 1726 1788 137
f 1789 170 1771
f 1789 1771 4412
f 136 1789 4412
f 136 4412 1720
f 4414 2060 334
f 4414 334 2144
f 2130 4414 2144
f 2130 2144 386
f 1792 172 1775
f 1792 1775 4413
f 148 1792 4413
f 148 4413 1726
f 4415 1780 172
f 4415 172 1792
f 1738 4415 1792
f 1738 1792 148
f 2140 308 2060
f 2140 2060 4414
f 371 2140 4414
f 371 4414 2130
f 4416 1782 170
f 4416 170 1789
f 1744 4416 1789
f 1744 1789 136
f 1791 177 1780
f 1791 1780 4415
f 149 1791 4415
f 149 4415 1738
f 4417 1763 188
f 4417 188 1776
f 1784 4417 1776
f 1784 1776 174
f 1788 175 1782
f 1788 1782 4416
f 137 1788 4416
f 137 4416 1744
f 4418 2110 382
f 4418 382 2152
f 1988 4418 2152
f 1988 2152 325
f 1783 190 1763
f 1783 1763 4417
f 167 1783 4417
f 167 4417 1784
f 4419 1984 312
f 4419 312 2149
f 2122 4419 2149
f 2122 2149 378
f 2151 385 2110
f 2151 2110 4418
f 324 2151 4418
f 324 4418 1988
f 4420 2757 709
f 4420 709 2716
f 2761 4420 2716
f 2761 2716 700
f 2135 313 1984
f 2135 1984 4419
f 381 2135 4419
f 381 4419 2122
f 4421 2747 707
f 4421 707 2724
f 2762 4421 2724
f 2762 2724 704
f 2009 399 2757
f 2009 2757 4420
f 312 2009 4420
f 312 4420 2761
f 4422 2677 677
f 4422 677 2636
f 2681 4422 2636
f 2681 2636 668
f 2120 377 2747
f 2120 2747 4421
f 376 2120 4421
f 376 4421 2762
f 4423 2667 675
f 4423 675 2644
f 2682 4423 2644
f 2682 2644 672
f 2010 393 2677
f 2010 2677 4422
f 311 2010 4422
f 311 4422 2681
f 4424 2143 177
f 4424 177 1791
f 2142 4424 1791
f 2142 1791 149
f 2118 375 2667
f 2118 2667 4423
f 374 2118 4423
f 374 4423 2682
f 4425 1715 160
f 4425 160 1686
f 1520 4425 1686
f 1520 1686 26
f 2131 387 2143
f 2131 2143 4424
f 370 2131 4424
f 370 4424 2142
f 4426 1716 159
f 4426 159 1713
f 1715 4426 1713
f 1715 1713 160
f 1695 131 1715
f 1695 1715 4425
f 27 1695 4425
f 27 4425 1520
f 4427 1741 133
f 4427 133 2742
f 2697 4427 2742
f 2697 2742 682
f 1696 132 1716
f 1696 1716 4426
f 131 1696 4426
f 131 4426 1715
f 4428 1723 140
f 4428 140 2741
f 2688 4428 2741
f 2688 2741 685
f 2741 140 1741
f 2741 1741 4427
f 685 2741 4427
f 685 4427 2697
f 4429 1742 134
f 4429 134 2662
f 2617 4429 2662
f 2617 2662 650
f 2743 145 1723
f 2743 1723 4428
f 686 2743 4428
f 686 4428 2688
f 4430 1724 139
f 4430 139 2661
f 2608 4430 2661
f 2608 2661 653
f 2661 139 1742
f 2661 1742 4429
f 653 2661 4429
f 653 4429 2617
f 4431 1719 156
f 4431 156 1712
f 1718 4431 1712
f 1718 1712 157
f 2663 146 1724
f 2663 1724 4430
f 654 2663 4430
f 654 4430 2608
f 4432 1720 155
f 4432 155 1711
f 1719 4432 1711
f 1719 1711 156
f 1697 135 1719
f 1697 1719 4431
f 134 1697 4431
f 134 4431 1718
f 4433 1721 142
f 4433 142 1683
f 1522 4433 1683
f 1522 1683 28
f 1698 136 1720
f 1698 1720 4432
f 135 1698 4432
f 135 4432 1719
f 4434 1722 141
f 4434 141 1702
f 1721 4434 1702
f 1721 1702 142
f 1703 143 1721
f 1703 1721 4433
f 29 1703 4433
f 29 4433 1522
f 4435 2696 687
f 4435 687 2744
f 1734 4435 2744
f 1734 2744 144
f 1704 144 1722
f 1704 1722 4434
f 143 1704 4434
f 143 4434 1721
f 4436 2690 684
f 4436 684 2739
f 1722 4436 2739
f 1722 2739 141
f 2745 689 2696
f 2745 2696 4435
f 153 2745 4435
f 153 4435 1734
f 4437 2616 655
f 4437 655 2664
f 1735 4437 2664
f 1735 2664 145
f 2744 687 2690
f 2744 2690 4436
f 144 2744 4436
f 144 4436 1722
f 4438 2610 652
f 4438 652 2659
f 1723 4438 2659
f 1723 2659 140
f 2665 657 2616
f 2665 2616 4437
f 152 2665 4437
f 152 4437 1735
f 4439 1725 138
f 4439 138 1701
f 1724 4439 1701
f 1724 1701 139
f 2664 655 2610
f 2664 2610 4438
f 145 2664 4438
f 145 4438 1723
f 4440 1726 137
f 4440 137 1700
f 1725 4440 1700
f 1725 1700 138
f 1705 147 1725
f 1705 1725 4439
f 146 1705 4439
f 146 4439 1724
f 4441 1727 130
f 4441 130 1681
f 1519 4441 1681
f 1519 1681 109
f 1706 148 1726
f 1706 1726 4440
f 147 1706 4440
f 147 4440 1725
f 4442 1728 129
f 4442 129 1694
f 1727 4442 1694
f 1727 1694 130
f 1686 160 1727
f 1686 1727 4441
f 26 1686 4441
f 26 4441 1519
f 4443 2698 683
f 4443 683 2740
f 1740 4443 2740
f 1740 2740 132
f 1713 159 1728
f 1713 1728 4442
f 160 1713 4442
f 160 4442 1727
f 4444 2693 680
f 4444 680 2735
f 1728 4444 2735
f 1728 2735 129
f 2739 684 2698
f 2739 2698 4443
f 141 2739 4443
f 141 4443 1740
f 4445 2618 651
f 4445 651 2660
f 1741 4445 2660
f 1741 2660 133
f 2738 690 2693
f 2738 2693 4444
f 159 2738 4444
f 159 4444 1728
f 4446 2613 648
f 4446 648 2655
f 1729 4446 2655
f 1729 2655 128
f 2659 652 2618
f 2659 2618 4445
f 140 2659 4445
f 140 4445 1741
f 4447 1731 126
f 4447 126 1693
f 1730 4447 1693
f 1730 1693 127
f 2658 658 2613
f 2658 2613 4446
f 158 2658 4446
f 158 4446 1729
f 4448 1732 125
f 4448 125 1692
f 1731 4448 1692
f 1731 1692 126
f 1712 156 1731
f 1712 1731 4447
f 157 1712 4447
f 157 4447 1730
f 4449 1733 143
f 4449 143 1703
f 1651 4449 1703
f 1651 1703 29
f 1711 155 1732
f 1711 1732 4448
f 156 1711 4448
f 156 4448 1731
f 4450 1734 144
f 4450 144 1704
f 1733 4450 1704
f 1733 1704 143
f 1685 154 1733
f 1685 1733 4449
f 103 1685 4449
f 103 4449 1651
f 4451 1735 145
f 4451 145 2743
f 2694 4451 2743
f 2694 2743 686
f 1710 153 1734
f 1710 1734 4450
f 154 1710 4450
f 154 4450 1733
f 4452 2148 152
f 4452 152 2746
f 2728 4452 2746
f 2728 2746 688
f 2746 152 1735
f 2746 1735 4451
f 688 2746 4451
f 688 4451 2694
f 4453 1736 146
f 4453 146 2663
f 2614 4453 2663
f 2614 2663 654
f 2747 377 2148
f 2747 2148 4452
f 707 2747 4452
f 707 4452 2728
f 4454 2146 151
f 4454 151 2666
f 2648 4454 2666
f 2648 2666 656
f 2666 151 1736
f 2666 1736 4453
f 656 2666 4453
f 656 4453 2614
f 4455 1737 147
f 4455 147 1705
f 1736 4455 1705
f 1736 1705 146
f 2667 375 2146
f 2667 2146 4454
f 675 2667 4454
f 675 4454 2648
f 4456 1738 148
f 4456 148 1706
f 1737 4456 1706
f 1737 1706 147
f 1709 150 1737
f 1709 1737 4455
f 151 1709 4455
f 151 4455 1736
f 4457 1739 131
f 4457 131 1695
f 1521 4457 1695
f 1521 1695 27
f 1708 149 1738
f 1708 1738 4456
f 150 1708 4456
f 150 4456 1737
f 4458 1740 132
f 4458 132 1696
f 1739 4458 1696
f 1739 1696 131
f 1683 142 1739
f 1683 1739 4457
f 28 1683 4457
f 28 4457 1521
f 132 2740 4459
f 132 4459 1716
f 2740 683 2686
f 2740 2686 4459
f 1702 141 1740
f 1702 1740 4458
f 142 1702 4458
f 142 4458 1739
f 2742 133 1717
f 2742 1717 4460
f 4460 1717 158
f 4460 158 2737
f 4459 2686 690
f 4459 690 2738
f 1716 4459 2738
f 1716 2738 159
f 4461 2606 658
f 4461 658 2658
f 1717 4461 2658
f 1717 2658 158
f 682 2742 4460
f 682 4460 2684
f 2684 4460 2737
f 2684 2737 691
f 4462 1718 157
f 4462 157 2657
f 2604 4462 2657
f 2604 2657 659
f 2660 651 2606
f 2660 2606 4461
f 133 2660 4461
f 133 4461 1717
f 4463 1743 135
f 4463 135 1697
f 139 1701 4463
f 139 4463 1742
f 2662 134 1718
f 2662 1718 4462
f 650 2662 4462
f 650 4462 2604
f 4464 1744 136
f 4464 136 1698
f 138 1700 4464
f 138 4464 1743
f 1742 4463 1697
f 1742 1697 134
f 1701 138 1743
f 1701 1743 4463
f 4465 1745 119
f 4465 119 1687
f 109 1681 4465
f 109 4465 1662
f 1743 4464 1698
f 1743 1698 135
f 1700 137 1744
f 1700 1744 4464
f 4466 1746 120
f 4466 120 1688
f 130 1694 4466
f 130 4466 1745
f 1662 4465 1687
f 1662 1687 25
f 1681 130 1745
f 1681 1745 4465
f 4467 2734 121
f 4467 121 2055
f 693 2704 4467
f 693 4467 2736
f 1745 4466 1688
f 1745 1688 119
f 1694 129 1746
f 1694 1746 4466
f 4468 2701 678
f 4468 678 2732
f 129 2735 4468
f 129 4468 1746
f 2736 4467 2055
f 2736 2055 287
f 2704 679 2734
f 2704 2734 4467
f 4469 2654 122
f 4469 122 1964
f 661 2624 4469
f 661 4469 2656
f 1746 4468 2732
f 1746 2732 120
f 2735 680 2701
f 2735 2701 4468
f 4470 2621 646
f 4470 646 2652
f 128 2655 4470
f 128 4470 1747
f 2656 4469 1964
f 2656 1964 286
f 2624 647 2654
f 2624 2654 4469
f 4471 1749 123
f 4471 123 1689
f 127 1693 4471
f 127 4471 1748
f 1747 4470 2652
f 1747 2652 121
f 2655 648 2621
f 2655 2621 4470
f 4472 1750 124
f 4472 124 1690
f 126 1692 4472
f 126 4472 1749
f 1748 4471 1689
f 1748 1689 122
f 1693 126 1749
f 1693 1749 4471
f 4473 2602 645
f 4473 645 2572
f 389 2138 4473
f 389 4473 2595
f 1749 4472 1690
f 1749 1690 123
f 1692 125 1750
f 1692 1750 4472
f 4474 2580 635
f 4474 635 2589
f 171 2588 4474
f 171 4474 1773
f 2595 4473 2572
f 2595 2572 638
f 2138 335 2602
f 2138 2602 4473
f 4475 1778 173
f 4475 173 1786
f 155 1790 4475
f 155 4475 1732
f 1773 4474 2589
f 1773 2589 176
f 2588 639 2580
f 2588 2580 4474
f 4476 2586 630
f 4476 630 2591
f 180 2590 4476
f 180 4476 1777
f 1732 4475 1786
f 1732 1786 125
f 1790 179 1778
f 1790 1778 4475
f 4477 2578 639
f 4477 639 2588
f 178 2601 4477
f 178 4477 1779
f 1777 4476 2591
f 1777 2591 174
f 2590 631 2586
f 2590 2586 4476
f 4478 2583 632
f 4478 632 2592
f 176 2589 4478
f 176 4478 1781
f 1779 4477 2588
f 1779 2588 171
f 2601 641 2578
f 2601 2578 4477
f 4479 2585 631
f 4479 631 2590
f 169 2592 4479
f 169 4479 1769
f 1781 4478 2592
f 1781 2592 169
f 2589 635 2583
f 2589 2583 4478
f 4480 2153 383
f 4480 383 2112
f 165 1714 4480
f 165 4480 2154
f 1769 4479 2590
f 1769 2590 180
f 2592 632 2585
f 2592 2585 4479
f 4481 1771 170
f 4481 170 1770
f 164 1758 4481
f 164 4481 1797
f 2154 4480 2112
f 2154 2112 384
f 1714 166 2153
f 1714 2153 4480
f 4482 1775 172
f 4482 172 1774
f 183 1699 4482
f 183 4482 1795
f 1797 4481 1770
f 1797 1770 161
f 1758 179 1771
f 1758 1771 4481
f 4483 1778 179
f 4483 179 1758
f 187 1762 4483
f 187 4483 1793
f 1795 4482 1774
f 1795 1774 186
f 1699 175 1775
f 1699 1775 4482
f 4484 1780 177
f 4484 177 1757
f 186 1774 4484
f 186 4484 1751
f 1793 4483 1758
f 1793 1758 164
f 1762 173 1778
f 1762 1778 4483
f 4485 1782 175
f 4485 175 1699
f 161 1770 4485
f 161 4485 1682
f 1751 4484 1757
f 1751 1757 166
f 1774 172 1780
f 1774 1780 4484
f 4486 1785 173
f 4486 173 1762
f 189 1753 4486
f 189 4486 1759
f 1682 4485 1699
f 1682 1699 183
f 1770 170 1782
f 1770 1782 4485
f 4487 2575 643
f 4487 643 2587
f 174 2591 4487
f 174 4487 1784
f 1759 4486 1762
f 1759 1762 187
f 1753 168 1785
f 1753 1785 4486
f 4488 1759 187
f 4488 187 1760
f 190 1684 4488
f 190 4488 1763
f 1784 4487 2587
f 1784 2587 167
f 2591 630 2575
f 2591 2575 4487
f 4489 1752 184
f 4489 184 1772
f 169 1707 4489
f 169 4489 1781
f 1763 4488 1760
f 1763 1760 188
f 1684 189 1759
f 1684 1759 4488
f 4490 1682 183
f 4490 183 1761
f 162 1755 4490
f 162 4490 1752
f 1781 4489 1772
f 1781 1772 176
f 1707 162 1752
f 1707 1752 4489
f 4491 1764 165
f 4491 165 1765
f 171 1754 4491
f 171 4491 1779
f 1752 4490 1761
f 1752 1761 184
f 1755 161 1682
f 1755 1682 4490
f 4492 1751 166
f 4492 166 1714
f 185 1691 4492
f 185 4492 1764
f 1779 4491 1765
f 1779 1765 178
f 1754 185 1764
f 1754 1764 4491
f 4493 1680 163
f 4493 163 1768
f 174 1776 4493
f 174 4493 1777
f 1764 4492 1714
f 1764 1714 165
f 1691 186 1751
f 1691 1751 4492
f 4494 1793 164
f 4494 164 1756
f 188 1760 4494
f 188 4494 1680
f 1777 4493 1768
f 1777 1768 180
f 1776 188 1680
f 1776 1680 4493
f 4495 1794 185
f 4495 185 1754
f 176 1772 4495
f 176 4495 1773
f 1680 4494 1756
f 1680 1756 163
f 1760 187 1793
f 1760 1793 4494
f 1772 184 1794
f 1772 1794 4495
f 1773 4495 1754
f 1773 1754 171
f 5563 2785 1471
f 5563 1471 2803
f 2769 5563 2803
f 2769 2803 1455
f 4496 1795 186
f 4496 186 1691
f 184 1761 4496
f 184 4496 1794
f 5564 2793 1461
f 5564 1461 2805
f 2777 5564 2805
f 2777 2805 711
f 1761 183 1795
f 1761 1795 4496
f 1794 4496 1691
f 1794 1691 185
f 5565 2786 1469
f 5565 1469 2806
f 2770 5565 2806
f 2770 2806 1452
f 4497 1796 162
f 4497 162 1707
f 180 1768 4497
f 180 4497 1769
f 5566 2779 1475
f 5566 1475 2807
f 2763 5566 2807
f 2763 2807 1459
f 163 1756 4498
f 163 4498 1796
f 1769 4497 1707
f 1769 1707 169
f 1768 163 1796
f 1768 1796 4497
f 1756 164 1797
f 1756 1797 4498
f 5567 2794 1460
f 5567 1460 2796
f 2778 5567 2796
f 2778 2796 710
f 4498 1797 161
f 4498 161 1755
f 1796 4498 1755
f 1796 1755 162
f 325 2152 4499
f 325 4499 2030
f 2152 382 2127
f 2152 2127 4499
f 4499 2127 386
f 4499 386 2144
f 2030 4499 2144
f 2030 2144 334
f 5760 274 1798
f 5760 1798 5820
f 5820 1798 191
f 5820 191 5755
f 279 1949 4500
f 279 4500 1928
f 1928 4500 1803
f 1928 1803 197
f 197 1803 4501
f 197 4501 1923
f 5755 191 1799
f 5755 1799 5821
f 1923 4501 1808
f 1923 1808 202
f 202 1808 4502
f 202 4502 1918
f 5821 1799 192
f 5821 192 5756
f 5756 192 1800
f 5756 1800 5823
f 1918 4502 1813
f 1918 1813 207
f 207 1813 4503
f 207 4503 1913
f 5823 1800 193
f 5823 193 5757
f 5757 193 1801
f 5757 1801 5824
f 1913 4503 1818
f 1913 1818 212
f 118 1622 4504
f 118 4504 2278
f 5824 1801 194
f 5824 194 5758
f 1622 63 2280
f 1622 2280 4504
f 2278 4504 2267
f 2278 2267 450
f 273 1939 4505
f 273 4505 1908
f 4504 2280 430
f 4504 430 2267
f 5759 266 2326
f 5759 2326 5829
f 1908 4505 2136
f 1908 2136 217
f 67 1614 4506
f 67 4506 2281
f 5829 2326 452
f 5829 452 5761
f 1614 71 2284
f 1614 2284 4506
f 2281 4506 2261
f 2281 2261 432
f 234 2220 4507
f 234 4507 1887
f 4506 2284 434
f 4506 434 2261
f 2220 409 2197
f 2220 2197 4507
f 1887 4507 2222
f 1887 2222 238
f 71 1610 4508
f 71 4508 2284
f 4507 2197 411
f 4507 411 2222
f 1610 75 2286
f 1610 2286 4508
f 2284 4508 2258
f 2284 2258 434
f 75 1606 4509
f 75 4509 2286
f 4508 2286 436
f 4508 436 2258
f 1606 79 2288
f 1606 2288 4509
f 2286 4509 2255
f 2286 2255 436
f 79 1602 4510
f 79 4510 2288
f 4509 2288 438
f 4509 438 2255
f 1602 83 2290
f 1602 2290 4510
f 2288 4510 2252
f 2288 2252 438
f 83 1598 4511
f 83 4511 2290
f 4510 2290 440
f 4510 440 2252
f 1598 87 2292
f 1598 2292 4511
f 2290 4511 2249
f 2290 2249 440
f 87 1594 4512
f 87 4512 2292
f 4511 2292 442
f 4511 442 2249
f 1594 91 2294
f 1594 2294 4512
f 2292 4512 2246
f 2292 2246 442
f 91 1590 4513
f 91 4513 2294
f 4512 2294 444
f 4512 444 2246
f 1590 95 2296
f 1590 2296 4513
f 2294 4513 2243
f 2294 2243 444
f 95 1586 4514
f 95 4514 2296
f 4513 2296 446
f 4513 446 2243
f 1586 99 2298
f 1586 2298 4514
f 2296 4514 2240
f 2296 2240 446
f 541 2471 4515
f 541 4515 2465
f 4514 2298 448
f 4514 448 2240
f 2471 480 2403
f 2471 2403 4515
f 5723 5739 4516
f 5723 4516 4273
f 5739 5717 4253
f 5739 4253 4516
f 2465 4515 2475
f 2465 2475 566
f 4515 2403 529
f 4515 529 2475
f 4273 4516 2489
f 4273 2489 554
f 555 2446 4517
f 555 4517 2488
f 4516 4253 265
f 4516 265 2489
f 2446 553 2486
f 2446 2486 4517
f 2488 4517 2372
f 2488 2372 509
f 262 2234 4518
f 262 4518 2483
f 4517 2486 504
f 4517 504 2372
f 2234 423 2484
f 2234 2484 4518
f 2483 4518 2456
f 2483 2456 549
f 562 2459 4519
f 562 4519 2497
f 4518 2484 561
f 4518 561 2456
f 2459 559 2490
f 2459 2490 4519
f 5718 4254 4520
f 5718 4520 5740
f 2497 4519 2393
f 2497 2393 521
f 4519 2490 516
f 4519 516 2393
f 4254 261 1860
f 4254 1860 4520
f 5740 4520 4253
f 5740 4253 5717
f 261 1856 4521
f 261 4521 1860
f 4520 1860 265
f 4520 265 4253
f 1856 260 1861
f 1856 1861 4521
f 1860 4521 1859
f 1860 1859 265
f 260 1855 4522
f 260 4522 1861
f 4521 1861 264
f 4521 264 1859
f 1855 259 1862
f 1855 1862 4522
f 1861 4522 1858
f 1861 1858 264
f 259 1854 4523
f 259 4523 1862
f 4522 1862 263
f 4522 263 1858
f 1854 258 1863
f 1854 1863 4523
f 1862 4523 1857
f 1862 1857 263
f 420 2233 4524
f 420 4524 2180
f 4523 1863 262
f 4523 262 1857
f 2233 364 2101
f 2233 2101 4524
f 2180 4524 2235
f 2180 2235 422
f 257 1853 4525
f 257 4525 1864
f 4524 2101 366
f 4524 366 2235
f 1853 256 1865
f 1853 1865 4525
f 1864 4525 1856
f 1864 1856 261
f 256 1852 4526
f 256 4526 1865
f 4525 1865 260
f 4525 260 1856
f 1852 255 1866
f 1852 1866 4526
f 1865 4526 1855
f 1865 1855 260
f 255 1851 4527
f 255 4527 1866
f 4526 1866 259
f 4526 259 1855
f 1851 254 1867
f 1851 1867 4527
f 1866 4527 1854
f 1866 1854 259
f 418 2231 4528
f 418 4528 2183
f 4527 1867 258
f 4527 258 1854
f 2231 362 2098
f 2231 2098 4528
f 2183 4528 2233
f 2183 2233 420
f 15 4247 4529
f 15 4529 1491
f 4528 2098 364
f 4528 364 2233
f 4247 253 1868
f 4247 1868 4529
f 253 1850 4530
f 253 4530 1868
f 252 1849 4531
f 252 4531 1869
f 1491 4529 4248
f 1491 4248 16
f 4529 1868 257
f 4529 257 4248
f 1849 251 1870
f 1849 1870 4531
f 251 1848 4532
f 251 4532 1870
f 1868 4530 1853
f 1868 1853 257
f 4530 1869 256
f 4530 256 1853
f 1848 250 1871
f 1848 1871 4532
f 416 2229 4533
f 416 4533 2186
f 1869 4531 1852
f 1869 1852 256
f 4531 1870 255
f 4531 255 1852
f 2229 360 2095
f 2229 2095 4533
f 5691 5719 4255
f 5691 4255 4534
f 1870 4532 1851
f 1870 1851 255
f 4532 1871 254
f 4532 254 1851
f 4534 4255 249
f 4534 249 1872
f 4247 4534 1872
f 4247 1872 253
f 2186 4533 2231
f 2186 2231 418
f 4533 2095 362
f 4533 362 2231
f 1847 248 1873
f 1847 1873 4535
f 1846 247 1874
f 1846 1874 4536
f 4535 1873 252
f 4535 252 1850
f 249 1847 4535
f 249 4535 1872
f 4536 1874 251
f 4536 251 1849
f 1845 246 1875
f 1845 1875 4537
f 248 1846 4536
f 248 4536 1873
f 1872 4535 1850
f 1872 1850 253
f 4537 1875 250
f 4537 250 1848
f 2227 358 2092
f 2227 2092 4538
f 247 1845 4537
f 247 4537 1874
f 1873 4536 1849
f 1873 1849 252
f 4538 2092 360
f 4538 360 2229
f 4256 245 1876
f 4256 1876 4539
f 414 2227 4538
f 414 4538 2189
f 1874 4537 1848
f 1874 1848 251
f 4539 1876 249
f 4539 249 4255
f 1844 244 1877
f 1844 1877 4540
f 5720 4256 4539
f 5720 4539 5741
f 2189 4538 2229
f 2189 2229 416
f 4540 1877 248
f 4540 248 1847
f 1843 243 1878
f 1843 1878 4541
f 245 1844 4540
f 245 4540 1876
f 5741 4539 4255
f 5741 4255 5719
f 4541 1878 247
f 4541 247 1846
f 1842 242 1879
f 1842 1879 4542
f 244 1843 4541
f 244 4541 1877
f 1876 4540 1847
f 1876 1847 249
f 4542 1879 246
f 4542 246 1845
f 2225 356 2089
f 2225 2089 4543
f 243 1842 4542
f 243 4542 1878
f 1877 4541 1846
f 1877 1846 248
f 1841 240 1881
f 1841 1881 4544
f 4543 2089 358
f 4543 358 2227
f 412 2225 4543
f 412 4543 2192
f 1878 4542 1845
f 1878 1845 247
f 4544 1881 244
f 4544 244 1844
f 1840 239 1882
f 1840 1882 4545
f 241 1841 4544
f 241 4544 1880
f 2192 4543 2227
f 2192 2227 414
f 4545 1882 243
f 4545 243 1843
f 1839 238 1883
f 1839 1883 4546
f 240 1840 4545
f 240 4545 1881
f 1880 4544 1844
f 1880 1844 245
f 4546 1883 242
f 4546 242 1842
f 2223 354 2086
f 2223 2086 4547
f 239 1839 4546
f 239 4546 1882
f 1881 4545 1843
f 1881 1843 244
f 4547 2086 356
f 4547 356 2225
f 2195 4547 2225
f 2195 2225 412
f 410 2223 4547
f 410 4547 2195
f 1882 4546 1842
f 1882 1842 243
f 1838 236 1885
f 1838 1885 4548
f 1837 235 1886
f 1837 1886 4549
f 4548 1885 240
f 4548 240 1841
f 237 1838 4548
f 237 4548 1884
f 4549 1886 239
f 4549 239 1840
f 1836 234 1887
f 1836 1887 4550
f 236 1837 4549
f 236 4549 1885
f 1884 4548 1841
f 1884 1841 241
f 4550 1887 238
f 4550 238 1839
f 2221 352 2083
f 2221 2083 4551
f 235 1836 4550
f 235 4550 1886
f 1885 4549 1840
f 1885 1840 240
f 4551 2083 354
f 4551 354 2223
f 4258 233 1888
f 4258 1888 4552
f 408 2221 4551
f 408 4551 2198
f 1886 4550 1839
f 1886 1839 239
f 4552 1888 237
f 4552 237 4257
f 5726 4552 4257
f 5726 4257 268
f 269 4258 4552
f 269 4552 5726
f 2198 4551 2223
f 2198 2223 410
f 1835 232 1889
f 1835 1889 4553
f 1834 231 1890
f 1834 1890 4554
f 4553 1889 236
f 4553 236 1838
f 233 1835 4553
f 233 4553 1888
f 4554 1890 235
f 4554 235 1837
f 1833 230 1891
f 1833 1891 4555
f 232 1834 4554
f 232 4554 1889
f 1888 4553 1838
f 1888 1838 237
f 4555 1891 234
f 4555 234 1836
f 2218 350 2080
f 2218 2080 4556
f 231 1833 4555
f 231 4555 1890
f 1889 4554 1837
f 1889 1837 236
f 4556 2080 352
f 4556 352 2221
f 4259 229 1892
f 4259 1892 4557
f 406 2218 4556
f 406 4556 2201
f 1890 4555 1836
f 1890 1836 235
f 4557 1892 233
f 4557 233 4258
f 269 5742 4557
f 269 4557 4258
f 5721 4259 4557
f 5721 4557 5742
f 2201 4556 2221
f 2201 2221 408
f 1832 228 1893
f 1832 1893 4558
f 1831 227 1894
f 1831 1894 4559
f 4558 1893 232
f 4558 232 1835
f 229 1832 4558
f 229 4558 1892
f 4559 1894 231
f 4559 231 1834
f 1830 226 1895
f 1830 1895 4560
f 228 1831 4559
f 228 4559 1893
f 1892 4558 1835
f 1892 1835 233
f 4560 1895 230
f 4560 230 1833
f 1894 4560 1833
f 1894 1833 231
f 227 1830 4560
f 227 4560 1894
f 1893 4559 1834
f 1893 1834 232
f 2216 348 2077
f 2216 2077 4561
f 2204 4561 2218
f 2204 2218 406
f 4561 2077 350
f 4561 350 2218
f 404 2216 4561
f 404 4561 2204
f 4250 280 1896
f 4250 1896 4562
f 280 1956 4563
f 280 4563 1896
f 4562 1896 229
f 4562 229 4259
f 5716 4250 4562
f 5716 4562 5743
f 281 1955 4564
f 281 4564 1897
f 1896 4563 1832
f 1896 1832 229
f 1956 281 1897
f 1956 1897 4563
f 4563 1897 228
f 4563 228 1832
f 1897 4564 1831
f 1897 1831 228
f 282 1954 4565
f 282 4565 1898
f 1955 282 1898
f 1955 1898 4564
f 4564 1898 227
f 4564 227 1831
f 1898 4565 1830
f 1898 1830 227
f 424 2213 4566
f 424 4566 2207
f 1954 283 1899
f 1954 1899 4565
f 4565 1899 226
f 4565 226 1830
f 4245 221 1900
f 4245 1900 4567
f 4567 1900 225
f 4567 225 4246
f 2213 369 2074
f 2213 2074 4566
f 4566 2074 348
f 4566 348 2216
f 1826 220 1901
f 1826 1901 4568
f 4568 1901 224
f 4568 224 1829
f 2207 4566 2216
f 2207 2216 404
f 5744 4567 4246
f 5744 4246 5715
f 4569 1902 223
f 4569 223 1828
f 1825 219 1902
f 1825 1902 4569
f 221 1826 4568
f 221 4568 1900
f 1900 4568 1829
f 1900 1829 225
f 1824 218 1903
f 1824 1903 4570
f 4570 1903 222
f 4570 222 1827
f 220 1825 4569
f 220 4569 1901
f 1901 4569 1828
f 1901 1828 224
f 2212 346 2104
f 2212 2104 4571
f 4571 2104 369
f 4571 369 2213
f 219 1824 4570
f 219 4570 1902
f 1902 4570 1827
f 1902 1827 223
f 4249 267 1904
f 4249 1904 4572
f 4572 1904 221
f 4572 221 4245
f 403 2212 4571
f 403 4571 2209
f 2209 4571 2213
f 2209 2213 424
f 1938 270 1905
f 1938 1905 4573
f 4573 1905 220
f 4573 220 1826
f 17 4249 4572
f 17 4572 1492
f 1492 4572 4245
f 1492 4245 14
f 4574 1906 219
f 4574 219 1825
f 1937 271 1906
f 1937 1906 4574
f 267 1938 4573
f 267 4573 1904
f 1904 4573 1826
f 1904 1826 221
f 1936 272 1907
f 1936 1907 4575
f 4575 1907 218
f 4575 218 1824
f 270 1937 4574
f 270 4574 1905
f 1905 4574 1825
f 1905 1825 220
f 1935 273 1908
f 1935 1908 4576
f 4576 1908 217
f 4576 217 1823
f 271 1936 4575
f 271 4575 1906
f 1906 4575 1824
f 1906 1824 219
f 4243 211 1909
f 4243 1909 4577
f 4577 1909 216
f 4577 216 4244
f 272 1935 4576
f 272 4576 1907
f 1907 4576 1823
f 1907 1823 218
f 1817 210 1910
f 1817 1910 4578
f 4578 1910 215
f 4578 215 1822
f 12 4243 4577
f 12 4577 1494
f 1494 4577 4244
f 1494 4244 13
f 1816 209 1911
f 1816 1911 4579
f 4579 1911 214
f 4579 214 1821
f 211 1817 4578
f 211 4578 1909
f 1909 4578 1822
f 1909 1822 216
f 1815 208 1912
f 1815 1912 4580
f 4580 1912 213
f 4580 213 1820
f 210 1816 4579
f 210 4579 1910
f 1910 4579 1821
f 1910 1821 215
f 1814 207 1913
f 1814 1913 4581
f 4581 1913 212
f 4581 212 1819
f 209 1815 4580
f 209 4580 1911
f 1911 4580 1820
f 1911 1820 214
f 4242 206 1914
f 4242 1914 4582
f 4582 1914 211
f 4582 211 4243
f 208 1814 4581
f 208 4581 1912
f 1912 4581 1819
f 1912 1819 213
f 206 1812 4583
f 206 4583 1914
f 4583 1915 210
f 4583 210 1817
f 5690 4242 4582
f 5690 4582 1495
f 1495 4582 4243
f 1495 4243 12
f 1811 204 1916
f 1811 1916 4584
f 4584 1916 209
f 4584 209 1816
f 1812 205 1915
f 1812 1915 4583
f 1914 4583 1817
f 1914 1817 211
f 1810 203 1917
f 1810 1917 4585
f 4585 1917 208
f 4585 208 1815
f 205 1811 4584
f 205 4584 1915
f 1915 4584 1816
f 1915 1816 210
f 1809 202 1918
f 1809 1918 4586
f 4586 1918 207
f 4586 207 1814
f 204 1810 4585
f 204 4585 1916
f 1916 4585 1815
f 1916 1815 209
f 5727 5710 4280
f 5727 4280 4587
f 4587 4280 201
f 4587 201 1919
f 203 1809 4586
f 203 4586 1917
f 1917 4586 1814
f 1917 1814 208
f 201 1807 4588
f 201 4588 1919
f 4588 1920 205
f 4588 205 1812
f 5690 5727 4587
f 5690 4587 4242
f 4242 4587 1919
f 4242 1919 206
f 1806 199 1921
f 1806 1921 4589
f 1919 4588 1812
f 1919 1812 206
f 1805 198 1922
f 1805 1922 4590
f 4590 1922 203
f 4590 203 1810
f 200 1806 4589
f 200 4589 1920
f 4589 1921 204
f 4589 204 1811
f 1804 197 1923
f 1804 1923 4591
f 4591 1923 202
f 4591 202 1809
f 199 1805 4590
f 199 4590 1921
f 1921 4590 1810
f 1921 1810 204
f 5728 5692 4251
f 5728 4251 4592
f 4592 4251 275
f 4592 275 1924
f 198 1804 4591
f 198 4591 1922
f 1922 4591 1809
f 1922 1809 203
f 1948 276 1925
f 1948 1925 4593
f 4593 1925 200
f 4593 200 1807
f 5710 5728 4592
f 5710 4592 4280
f 4280 4592 1924
f 4280 1924 201
f 1947 277 1926
f 1947 1926 4594
f 4594 1926 199
f 4594 199 1806
f 275 1948 4593
f 275 4593 1924
f 1924 4593 1807
f 1924 1807 201
f 1946 278 1927
f 1946 1927 4595
f 4595 1927 198
f 4595 198 1805
f 276 1947 4594
f 276 4594 1925
f 1925 4594 1806
f 1925 1806 200
f 1945 279 1928
f 1945 1928 4596
f 4596 1928 197
f 4596 197 1804
f 277 1946 4595
f 277 4595 1926
f 1926 4595 1805
f 1926 1805 199
f 4597 4261 5694
f 4597 5694 5729
f 2421 472 4261
f 2421 4261 4597
f 278 1945 4596
f 278 4596 1927
f 1927 4596 1804
f 1927 1804 198
f 4267 4597 5729
f 4267 5729 5700
f 508 2421 4597
f 508 4597 4267
f 5568 2787 1470
f 5568 1470 2800
f 2771 5568 2800
f 2771 2800 1453
f 4598 2332 472
f 4598 472 2421
f 505 2420 4598
f 505 4598 2369
f 2369 4598 2421
f 2369 2421 508
f 2420 471 2332
f 2420 2332 4598
f 4599 2480 500
f 4599 500 2368
f 553 2443 4599
f 553 4599 2486
f 2486 4599 2368
f 2486 2368 504
f 2443 551 2480
f 2443 2480 4599
f 4600 2336 475
f 4600 475 2425
f 517 2423 4600
f 517 4600 2390
f 2390 4600 2425
f 2390 2425 520
f 2423 474 2336
f 2423 2336 4600
f 4601 1934 273
f 4601 273 1935
f 213 1819 4601
f 213 4601 1933
f 1933 4601 1935
f 1933 1935 272
f 1819 212 1934
f 1819 1934 4601
f 214 1820 4602
f 214 4602 1932
f 1820 213 1933
f 1820 1933 4602
f 1932 4602 1936
f 1932 1936 271
f 215 1821 4603
f 215 4603 1931
f 5569 2780 1468
f 5569 1468 2810
f 2764 5569 2810
f 2764 2810 718
f 1931 4603 1937
f 1931 1937 270
f 216 1822 4604
f 216 4604 1930
f 4602 1933 272
f 4602 272 1936
f 1821 214 1932
f 1821 1932 4603
f 1930 4604 1938
f 1930 1938 267
f 13 4244 4605
f 13 4605 1493
f 4603 1932 271
f 4603 271 1937
f 1822 215 1931
f 1822 1931 4604
f 1493 4605 4249
f 1493 4249 17
f 212 1818 4606
f 212 4606 1934
f 4604 1931 270
f 4604 270 1938
f 4244 216 1930
f 4244 1930 4605
f 1934 4606 1939
f 1934 1939 273
f 33 1526 4607
f 33 4607 1944
f 4605 1930 267
f 4605 267 4249
f 5758 194 1929
f 5758 1929 5830
f 1944 4607 1945
f 1944 1945 278
f 2814 2815 1514
f 2814 1514 1513
f 5830 1929 266
f 5830 266 5759
f 1526 34 1940
f 1526 1940 4607
f 1525 33 1944
f 1525 1944 4608
f 4608 1944 278
f 4608 278 1946
f 4607 1940 279
f 4607 279 1945
f 2023 32 1943
f 2023 1943 4609
f 4609 1943 277
f 4609 277 1947
f 32 1525 4608
f 32 4608 1943
f 1943 4608 1946
f 1943 1946 277
f 1802 196 1942
f 1802 1942 4610
f 4610 1942 276
f 4610 276 1948
f 196 2023 4609
f 196 4609 1942
f 1942 4609 1947
f 1942 1947 276
f 4252 195 1941
f 4252 1941 4611
f 4611 1941 275
f 4611 275 4251
f 195 1802 4610
f 195 4610 1941
f 1941 4610 1948
f 1941 1948 275
f 5748 25 2020
f 5748 2020 5831
f 5831 2020 274
f 5831 274 5760
f 5693 4252 4611
f 5693 4611 5730
f 5730 4611 4251
f 5730 4251 5692
f 1823 217 2214
f 1823 2214 4613
f 4613 2214 402
f 4613 402 2210
f 34 1518 4612
f 34 4612 1940
f 1940 4612 1949
f 1940 1949 279
f 1827 222 1953
f 1827 1953 4614
f 4614 1953 283
f 4614 283 1954
f 218 1823 4613
f 218 4613 1903
f 1903 4613 2210
f 1903 2210 222
f 1828 223 1952
f 1828 1952 4615
f 4615 1952 282
f 4615 282 1955
f 223 1827 4614
f 223 4614 1952
f 1952 4614 1954
f 1952 1954 282
f 1829 224 1951
f 1829 1951 4616
f 4616 1951 281
f 4616 281 1956
f 224 1828 4615
f 224 4615 1951
f 1951 4615 1955
f 1951 1955 281
f 2215 405 2203
f 2215 2203 4617
f 4617 2203 407
f 4617 407 2217
f 225 1829 4616
f 225 4616 1950
f 1950 4616 1956
f 1950 1956 280
f 2024 124 1787
f 2024 1787 4618
f 4618 1787 168
f 4618 168 2054
f 226 2215 4617
f 226 4617 1895
f 1895 4617 2217
f 1895 2217 230
f 1995 314 2059
f 1995 2059 4619
f 4619 2059 336
f 4619 336 2041
f 284 2024 4618
f 284 4618 2056
f 2056 4618 2054
f 2056 2054 330
f 2001 296 2057
f 2001 2057 4620
f 4620 2057 332
f 4620 332 2045
f 295 1995 4619
f 295 4619 2058
f 2058 4619 2041
f 2058 2041 327
f 2145 310 1983
f 2145 1983 4621
f 4621 1983 309
f 4621 309 2139
f 307 2001 4620
f 307 4620 2061
f 2061 4620 2045
f 2061 2045 329
f 2013 398 2171
f 2013 2171 4622
f 4622 2171 394
f 4622 394 2159
f 374 2145 4621
f 374 4621 2117
f 2117 4621 2139
f 2117 2139 372
f 2019 295 2058
f 2019 2058 4623
f 4623 2058 327
f 4623 327 2052
f 308 2013 4622
f 308 4622 2060
f 2060 4622 2159
f 2060 2159 334
f 1957 331 2046
f 1957 2046 4624
f 4624 2046 343
f 4624 343 2053
f 296 2019 4623
f 296 4623 2057
f 2057 4623 2052
f 2057 2052 332
f 2174 400 2070
f 2174 2070 4625
f 4625 2070 346
f 4625 346 2212
f 167 1957 4624
f 167 4624 1783
f 1783 4624 2053
f 1783 2053 190
f 2123 379 2150
f 2123 2150 4626
f 4626 2150 153
f 4626 153 1710
f 182 2174 4625
f 182 4625 2176
f 2176 4625 2212
f 2176 2212 403
f 2714 693 2736
f 2714 2736 4627
f 4627 2736 287
f 4627 287 2004
f 380 2123 4626
f 380 4626 2133
f 2133 4626 1710
f 2133 1710 154
f 2748 706 2727
f 2748 2727 4628
f 4628 2727 689
f 4628 689 2745
f 702 2714 4627
f 702 4627 2749
f 2749 4627 2004
f 2749 2004 317
f 2634 661 2656
f 2634 2656 4629
f 4629 2656 286
f 4629 286 2005
f 379 2748 4628
f 379 4628 2150
f 2150 4628 2745
f 2150 2745 153
f 2668 674 2647
f 2668 2647 4630
f 4630 2647 657
f 4630 657 2665
f 670 2634 4629
f 670 4629 2669
f 2669 4629 2005
f 2669 2005 316
f 2119 373 2141
f 2119 2141 4631
f 4631 2141 150
f 4631 150 1709
f 377 2668 4630
f 377 4630 2148
f 2148 4630 2665
f 2148 2665 152
f 2116 370 2142
f 2116 2142 4632
f 4632 2142 149
f 4632 149 1708
f 375 2119 4631
f 375 4631 2146
f 2146 4631 1709
f 2146 1709 151
f 1799 191 1963
f 1799 1963 4633
f 4633 1963 319
f 4633 319 1990
f 373 2116 4632
f 373 4632 2141
f 2141 4632 1708
f 2141 1708 150
f 1990 319 1987
f 1990 1987 4634
f 4634 1987 318
f 4634 318 1991
f 192 1799 4633
f 192 4633 1969
f 1969 4633 1990
f 1969 1990 290
f 2720 695 2753
f 2720 2753 4635
f 4635 2753 292
f 4635 292 2016
f 290 1990 4634
f 290 4634 1970
f 1970 4634 1991
f 1970 1991 291
f 1991 318 2750
f 1991 2750 4636
f 4636 2750 703
f 4636 703 2706
f 696 2720 4635
f 696 4635 2754
f 2754 4635 2016
f 2754 2016 299
f 2640 663 2673
f 2640 2673 4637
f 4637 2673 293
f 4637 293 2017
f 291 1991 4636
f 291 4636 2752
f 2752 4636 2706
f 2752 2706 694
f 1992 317 2670
f 1992 2670 4638
f 4638 2670 671
f 4638 671 2626
f 664 2640 4637
f 664 4637 2674
f 2674 4637 2017
f 2674 2017 298
f 1993 316 1986
f 1993 1986 4639
f 4639 1986 315
f 4639 315 1994
f 292 1992 4638
f 292 4638 2672
f 2672 4638 2626
f 2672 2626 662
f 1994 315 1985
f 1994 1985 4640
f 4640 1985 314
f 4640 314 1995
f 293 1993 4639
f 293 4639 1971
f 1971 4639 1994
f 1971 1994 294
f 1801 193 1961
f 1801 1961 4641
f 4641 1961 301
f 4641 301 1996
f 294 1994 4640
f 294 4640 1972
f 1972 4640 1995
f 1972 1995 295
f 1996 301 1976
f 1996 1976 4642
f 4642 1976 300
f 4642 300 1997
f 194 1801 4641
f 194 4641 1977
f 1977 4641 1996
f 1977 1996 302
f 2164 303 2756
f 2164 2756 4643
f 4643 2756 698
f 4643 698 2729
f 302 1996 4642
f 302 4642 1978
f 1978 4642 1997
f 1978 1997 303
f 1997 300 2751
f 1997 2751 4644
f 4644 2751 697
f 4644 697 2710
f 399 2164 4643
f 399 4643 2757
f 2757 4643 2729
f 2757 2729 709
f 2158 304 2676
f 2158 2676 4645
f 4645 2676 666
f 4645 666 2649
f 303 1997 4644
f 303 4644 2756
f 2756 4644 2710
f 2756 2710 698
f 1998 299 2671
f 1998 2671 4646
f 4646 2671 665
f 4646 665 2630
f 393 2158 4645
f 393 4645 2677
f 2677 4645 2649
f 2677 2649 677
f 1999 298 1975
f 1999 1975 4647
f 4647 1975 297
f 4647 297 2000
f 304 1998 4646
f 304 4646 2676
f 2676 4646 2630
f 2676 2630 666
f 2000 297 1974
f 2000 1974 4648
f 4648 1974 296
f 4648 296 2001
f 305 1999 4647
f 305 4647 1979
f 1979 4647 2000
f 1979 2000 306
f 1798 274 1959
f 1798 1959 4649
f 4649 1959 289
f 4649 289 2002
f 306 2000 4648
f 306 4648 1980
f 1980 4648 2001
f 1980 2001 307
f 2002 289 1968
f 2002 1968 4650
f 4650 1968 288
f 4650 288 2003
f 191 1798 4649
f 191 4649 1963
f 1963 4649 2002
f 1963 2002 319
f 2015 291 2752
f 2015 2752 4651
f 4651 2752 694
f 4651 694 2719
f 319 2002 4650
f 319 4650 1987
f 1987 4650 2003
f 1987 2003 318
f 2003 288 2731
f 2003 2731 4652
f 4652 2731 692
f 4652 692 2713
f 300 2015 4651
f 300 4651 2751
f 2751 4651 2719
f 2751 2719 697
f 2016 292 2672
f 2016 2672 4653
f 4653 2672 662
f 4653 662 2639
f 318 2003 4652
f 318 4652 2750
f 2750 4652 2713
f 2750 2713 703
f 2004 287 2651
f 2004 2651 4654
f 4654 2651 660
f 4654 660 2633
f 299 2016 4653
f 299 4653 2671
f 2671 4653 2639
f 2671 2639 665
f 2005 286 1967
f 2005 1967 4655
f 4655 1967 285
f 4655 285 2006
f 317 2004 4654
f 317 4654 2670
f 2670 4654 2633
f 2670 2633 671
f 2006 285 1966
f 2006 1966 4656
f 4656 1966 284
f 4656 284 2007
f 316 2005 4655
f 316 4655 1986
f 1986 4655 2006
f 1986 2006 315
f 2067 347 2071
f 2067 2071 4657
f 4657 2071 346
f 4657 346 2070
f 315 2006 4656
f 315 4656 1985
f 1985 4656 2007
f 1985 2007 314
f 2008 397 2166
f 2008 2166 4658
f 4658 2166 399
f 4658 399 2009
f 401 2067 4657
f 401 4657 2173
f 2173 4657 2070
f 2173 2070 400
f 2726 701 2759
f 2726 2759 4659
f 4659 2759 311
f 4659 311 2147
f 313 2008 4658
f 313 4658 1984
f 1984 4658 2009
f 1984 2009 312
f 2149 312 2761
f 2149 2761 4660
f 4660 2761 700
f 4660 700 2725
f 704 2726 4659
f 704 4659 2762
f 2762 4659 2147
f 2762 2147 376
f 2646 669 2679
f 2646 2679 4661
f 4661 2679 310
f 4661 310 2145
f 378 2149 4660
f 378 4660 2760
f 2760 4660 2725
f 2760 2725 705
f 2147 311 2681
f 2147 2681 4662
f 4662 2681 668
f 4662 668 2645
f 672 2646 4661
f 672 4661 2682
f 2682 4661 2145
f 2682 2145 374
f 2011 395 2172
f 2011 2172 4663
f 4663 2172 396
f 4663 396 2012
f 376 2147 4662
f 376 4662 2680
f 2680 4662 2645
f 2680 2645 673
f 2012 396 2167
f 2012 2167 4664
f 4664 2167 398
f 4664 398 2013
f 310 2011 4663
f 310 4663 1983
f 1983 4663 2012
f 1983 2012 309
f 1800 192 1969
f 1800 1969 4665
f 4665 1969 290
f 4665 290 2014
f 309 2012 4664
f 309 4664 1982
f 1982 4664 2013
f 1982 2013 308
f 2014 290 1970
f 2014 1970 4666
f 4666 1970 291
f 4666 291 2015
f 193 1800 4665
f 193 4665 1961
f 1961 4665 2014
f 1961 2014 301
f 2708 702 2749
f 2708 2749 4667
f 4667 2749 317
f 4667 317 1992
f 301 2014 4666
f 301 4666 1976
f 1976 4666 2015
f 1976 2015 300
f 2712 696 2754
f 2712 2754 4668
f 4668 2754 299
f 4668 299 1998
f 695 2708 4667
f 695 4667 2753
f 2753 4667 1992
f 2753 1992 292
f 2628 670 2669
f 2628 2669 4669
f 4669 2669 316
f 4669 316 1993
f 699 2712 4668
f 699 4668 2755
f 2755 4668 1998
f 2755 1998 304
f 2632 664 2674
f 2632 2674 4670
f 4670 2674 298
f 4670 298 1999
f 663 2628 4669
f 663 4669 2673
f 2673 4669 1993
f 2673 1993 293
f 2017 293 1971
f 2017 1971 4671
f 4671 1971 294
f 4671 294 2018
f 667 2632 4670
f 667 4670 2675
f 2675 4670 1999
f 2675 1999 305
f 2018 294 1972
f 2018 1972 4672
f 4672 1972 295
f 4672 295 2019
f 298 2017 4671
f 298 4671 1975
f 1975 4671 2018
f 1975 2018 297
f 2020 25 1687
f 2020 1687 4673
f 4673 1687 119
f 4673 119 2021
f 297 2018 4672
f 297 4672 1974
f 1974 4672 2019
f 1974 2019 296
f 2021 119 1688
f 2021 1688 4674
f 4674 1688 120
f 4674 120 2022
f 274 2020 4673
f 274 4673 1959
f 1959 4673 2021
f 1959 2021 289
f 2733 128 1747
f 2733 1747 4675
f 4675 1747 121
f 4675 121 2734
f 289 2021 4674
f 289 4674 1968
f 1968 4674 2022
f 1968 2022 288
f 2737 158 1729
f 2737 1729 4676
f 4676 1729 128
f 4676 128 2733
f 681 2733 4675
f 681 4675 2700
f 2700 4675 2734
f 2700 2734 679
f 2653 127 1748
f 2653 1748 4677
f 4677 1748 122
f 4677 122 2654
f 691 2737 4676
f 691 4676 2692
f 2692 4676 2733
f 2692 2733 681
f 2657 157 1730
f 2657 1730 4678
f 4678 1730 127
f 4678 127 2653
f 649 2653 4677
f 649 4677 2620
f 2620 4677 2654
f 2620 2654 647
f 1964 122 1689
f 1964 1689 4679
f 4679 1689 123
f 4679 123 1989
f 659 2657 4678
f 659 4678 2612
f 2612 4678 2653
f 2612 2653 649
f 1989 123 1690
f 1989 1690 4680
f 4680 1690 124
f 4680 124 2024
f 286 1964 4679
f 286 4679 1967
f 1967 4679 1989
f 1967 1989 285
f 2139 309 1982
f 2139 1982 4681
f 4681 1982 308
f 4681 308 2140
f 285 1989 4680
f 285 4680 1966
f 1966 4680 2024
f 1966 2024 284
f 2043 333 2597
f 2043 2597 4682
f 4682 2597 640
f 4682 640 2576
f 372 2139 4681
f 372 4681 2114
f 2114 4681 2140
f 2114 2140 371
f 2007 284 2056
f 2007 2056 4683
f 4683 2056 330
f 4683 330 2048
f 328 2043 4682
f 328 4682 2596
f 2596 4682 2576
f 2596 2576 642
f 2047 331 2600
f 2047 2600 4684
f 4684 2600 634
f 4684 634 2584
f 314 2007 4683
f 314 4683 2059
f 2059 4683 2048
f 2059 2048 336
f 2049 392 2593
f 2049 2593 4685
f 4685 2593 644
f 4685 644 2571
f 337 2047 4684
f 337 4684 2598
f 2598 4684 2584
f 2598 2584 633
f 2051 326 2599
f 2051 2599 4686
f 4686 2599 636
f 4686 636 2579
f 335 2049 4685
f 335 4685 2602
f 2602 4685 2571
f 2602 2571 645
f 2039 337 2598
f 2039 2598 4687
f 4687 2598 633
f 4687 633 2582
f 333 2051 4686
f 333 4686 2597
f 2597 4686 2579
f 2597 2579 640
f 2138 389 2125
f 2138 2125 4688
f 4688 2125 385
f 4688 385 2151
f 326 2039 4687
f 326 4687 2599
f 2599 4687 2582
f 2599 2582 636
f 2066 320 2040
f 2066 2040 4689
f 4689 2040 327
f 4689 327 2041
f 335 2138 4688
f 335 4688 2037
f 2037 4688 2151
f 2037 2151 324
f 2064 341 2044
f 2064 2044 4690
f 4690 2044 329
f 4690 329 2045
f 323 2066 4689
f 323 4689 2031
f 2031 4689 2041
f 2031 2041 336
f 2062 323 2031
f 2062 2031 4691
f 4691 2031 336
f 4691 336 2048
f 338 2064 4690
f 338 4690 1973
f 1973 4690 2045
f 1973 2045 332
f 2025 391 2169
f 2025 2169 4692
f 4692 2169 394
f 4692 394 2050
f 342 2062 4691
f 342 4691 2034
f 2034 4691 2048
f 2034 2048 330
f 1960 338 1973
f 1960 1973 4693
f 4693 1973 332
f 4693 332 2052
f 341 2025 4692
f 341 4692 2044
f 2044 4692 2050
f 2044 2050 329
f 2035 342 2034
f 2035 2034 4694
f 4694 2034 330
f 4694 330 2054
f 320 1960 4693
f 320 4693 2040
f 2040 4693 2052
f 2040 2052 327
f 1957 167 2587
f 1957 2587 4695
f 4695 2587 643
f 4695 643 2574
f 189 2035 4694
f 189 4694 1753
f 1753 4694 2054
f 1753 2054 168
f 2053 343 2032
f 2053 2032 4696
f 4696 2032 342
f 4696 342 2035
f 331 1957 4695
f 331 4695 2600
f 2600 4695 2574
f 2600 2574 634
f 2051 333 2042
f 2051 2042 4697
f 4697 2042 339
f 4697 339 2026
f 190 2053 4696
f 190 4696 1684
f 1684 4696 2035
f 1684 2035 189
f 2026 339 2033
f 2026 2033 4698
f 4698 2033 338
f 4698 338 1960
f 326 2051 4697
f 326 4697 1981
f 1981 4697 2026
f 1981 2026 321
f 2157 392 2168
f 2157 2168 4699
f 4699 2168 390
f 4699 390 2036
f 321 2026 4698
f 321 4698 2028
f 2028 4698 1960
f 2028 1960 320
f 2036 390 2165
f 2036 2165 4700
f 4700 2165 391
f 4700 391 2025
f 328 2157 4699
f 328 4699 2027
f 2027 4699 2036
f 2027 2036 340
f 2047 337 2038
f 2047 2038 4701
f 4701 2038 322
f 4701 322 1958
f 340 2036 4700
f 340 4700 1965
f 1965 4700 2025
f 1965 2025 341
f 1958 322 2029
f 1958 2029 4702
f 4702 2029 323
f 4702 323 2062
f 331 2047 4701
f 331 4701 2046
f 2046 4701 1958
f 2046 1958 343
f 2043 328 2027
f 2043 2027 4703
f 2032 4702 2062
f 2032 2062 342
f 339 2063 4704
f 339 4704 2033
f 4704 1965 341
f 4704 341 2064
f 333 2043 4703
f 333 4703 2042
f 4703 2027 340
f 4703 340 2063
f 4705 1981 321
f 4705 321 2065
f 2038 4705 2065
f 2038 2065 322
f 337 2039 4705
f 337 4705 2038
f 2063 340 1965
f 2063 1965 4704
f 4706 2028 320
f 4706 320 2066
f 2029 4706 2066
f 2029 2066 323
f 2065 321 2028
f 2065 2028 4706
f 2039 326 1981
f 2039 1981 4705
f 4707 2154 384
f 4707 384 2126
f 1757 177 2143
f 1757 2143 4708
f 1765 165 2154
f 1765 2154 4707
f 322 2065 4706
f 322 4706 2029
f 4709 4274 555
f 4709 555 2488
f 4270 4709 2488
f 4270 2488 509
f 166 1757 4708
f 166 4708 2153
f 4708 2143 387
f 4708 387 2129
f 4710 4262 468
f 4710 468 2416
f 4263 4710 2416
f 4263 2416 493
f 5703 5731 4709
f 5703 4709 4270
f 5696 5732 4710
f 5696 4710 4263
f 2490 4711 2378
f 2490 2378 516
f 225 1950 4712
f 225 4712 4246
f 5732 5695 4262
f 5732 4262 4710
f 559 2450 4711
f 559 4711 2490
f 1864 261 4254
f 1864 4254 4713
f 4248 4713 1499
f 4248 1499 16
f 4711 2491 513
f 4711 513 2378
f 2450 556 2491
f 2450 2491 4711
f 4714 2492 558
f 4714 558 2458
f 2496 4714 2458
f 2496 2458 563
f 257 1864 4713
f 257 4713 4248
f 1950 280 4250
f 1950 4250 4712
f 4715 2072 401
f 4715 401 2173
f 1962 4715 2173
f 1962 2173 400
f 2235 366 2492
f 2235 2492 4714
f 422 2235 4714
f 422 4714 2496
f 4716 2076 349
f 4716 349 2075
f 2074 4716 2075
f 2074 2075 348
f 2069 344 2072
f 2069 2072 4715
f 345 2069 4715
f 345 4715 1962
f 4717 2079 351
f 4717 351 2078
f 2077 4717 2078
f 2077 2078 350
f 2073 368 2076
f 2073 2076 4716
f 369 2073 4716
f 369 4716 2074
f 4718 2082 353
f 4718 353 2081
f 2080 4718 2081
f 2080 2081 352
f 2075 349 2079
f 2075 2079 4717
f 348 2075 4717
f 348 4717 2077
f 4719 2085 355
f 4719 355 2084
f 2083 4719 2084
f 2083 2084 354
f 2078 351 2082
f 2078 2082 4718
f 350 2078 4718
f 350 4718 2080
f 4720 2088 357
f 4720 357 2087
f 2086 4720 2087
f 2086 2087 356
f 2081 353 2085
f 2081 2085 4719
f 352 2081 4719
f 352 4719 2083
f 4721 2091 359
f 4721 359 2090
f 2089 4721 2090
f 2089 2090 358
f 2084 355 2088
f 2084 2088 4720
f 354 2084 4720
f 354 4720 2086
f 4722 2094 361
f 4722 361 2093
f 2092 4722 2093
f 2092 2093 360
f 2087 357 2091
f 2087 2091 4721
f 356 2087 4721
f 356 4721 2089
f 4723 2097 363
f 4723 363 2096
f 2095 4723 2096
f 2095 2096 362
f 2090 359 2094
f 2090 2094 4722
f 358 2090 4722
f 358 4722 2092
f 4724 2100 365
f 4724 365 2099
f 2098 4724 2099
f 2098 2099 364
f 2093 361 2097
f 2093 2097 4723
f 360 2093 4723
f 360 4723 2095
f 4725 2103 367
f 4725 367 2102
f 2101 4725 2102
f 2101 2102 366
f 2096 363 2100
f 2096 2100 4724
f 362 2096 4724
f 362 4724 2098
f 4726 2466 557
f 4726 557 2493
f 2299 4726 2493
f 2299 2493 367
f 2099 365 2103
f 2099 2103 4725
f 364 2099 4725
f 364 4725 2101
f 346 2071 4727
f 346 4727 2104
f 2071 347 2105
f 2071 2105 4727
f 2494 564 2466
f 2494 2466 4726
f 449 2494 4726
f 449 4726 2299
f 2106 380 2108
f 2106 2108 4728
f 4728 2108 344
f 4728 344 2069
f 4727 2105 368
f 4727 368 2073
f 2104 4727 2073
f 2104 2073 369
f 4729 2112 383
f 4729 383 2111
f 2110 4729 2111
f 2110 2111 382
f 381 2106 4728
f 381 4728 2107
f 2107 4728 2069
f 2107 2069 345
f 371 2113 4730
f 371 4730 2114
f 2113 370 2116
f 2113 2116 4730
f 2109 384 2112
f 2109 2112 4729
f 385 2109 4729
f 385 4729 2110
f 2115 373 2119
f 2115 2119 4731
f 4731 2119 375
f 4731 375 2118
f 4730 2116 373
f 4730 373 2115
f 2114 4730 2115
f 2114 2115 372
f 4732 2668 377
f 4732 377 2120
f 2680 4732 2120
f 2680 2120 376
f 372 2115 4731
f 372 4731 2117
f 2117 4731 2118
f 2117 2118 374
f 705 2722 4733
f 705 4733 2760
f 2722 706 2748
f 2722 2748 4733
f 2642 674 2668
f 2642 2668 4732
f 673 2642 4732
f 673 4732 2680
f 2121 379 2123
f 2121 2123 4734
f 4734 2123 380
f 4734 380 2106
f 4733 2748 379
f 4733 379 2121
f 2760 4733 2121
f 2760 2121 378
f 4735 2126 384
f 4735 384 2109
f 2125 4735 2109
f 2125 2109 385
f 378 2121 4734
f 378 4734 2122
f 2122 4734 2106
f 2122 2106 381
f 4736 2129 387
f 4736 387 2128
f 382 2111 4736
f 382 4736 2127
f 2124 388 2126
f 2124 2126 4735
f 389 2124 4735
f 389 4735 2125
f 386 2128 4737
f 386 4737 2130
f 2128 387 2131
f 2128 2131 4737
f 2127 4736 2128
f 2127 2128 386
f 2111 383 2129
f 2111 2129 4736
f 638 2581 4738
f 638 4738 2595
f 2581 637 2594
f 2581 2594 4738
f 4737 2131 370
f 4737 370 2113
f 2130 4737 2113
f 2130 2113 371
f 2210 402 2208
f 2210 2208 4739
f 4739 2208 425
f 4739 425 2211
f 4738 2594 388
f 4738 388 2124
f 2595 4738 2124
f 2595 2124 389
f 4740 1766 266
f 4740 266 2170
f 2008 4740 2170
f 2008 2170 397
f 222 2210 4739
f 222 4739 1953
f 1953 4739 2211
f 1953 2211 283
f 283 2211 4741
f 283 4741 1899
f 2211 425 2206
f 2211 2206 4741
f 1767 181 1766
f 1767 1766 4740
f 313 1767 4740
f 313 4740 2008
f 2155 324 1988
f 2155 1988 4742
f 4742 1988 325
f 4742 325 2156
f 4741 2206 405
f 4741 405 2215
f 1899 4741 2215
f 1899 2215 226
f 4743 2596 642
f 4743 642 2573
f 2593 4743 2573
f 2593 2573 644
f 390 2155 4742
f 390 4742 2165
f 2165 4742 2156
f 2165 2156 391
f 397 2162 4744
f 397 4744 2166
f 2162 302 1978
f 2162 1978 4744
f 2157 328 2596
f 2157 2596 4743
f 392 2157 4743
f 392 4743 2593
f 2718 708 2758
f 2718 2758 4745
f 4745 2758 393
f 4745 393 2010
f 4744 1978 303
f 4744 303 2164
f 2166 4744 2164
f 2166 2164 399
f 4746 2678 395
f 4746 395 2011
f 2679 4746 2011
f 2679 2011 310
f 701 2718 4745
f 701 4745 2759
f 2759 4745 2010
f 2759 2010 311
f 396 2161 4747
f 396 4747 2167
f 2161 306 1980
f 2161 1980 4747
f 2638 676 2678
f 2638 2678 4746
f 669 2638 4746
f 669 4746 2679
f 2049 335 2037
f 2049 2037 4748
f 4748 2037 324
f 4748 324 2155
f 4747 1980 307
f 4747 307 2163
f 2167 4747 2163
f 2167 2163 398
f 1456 2799 5571
f 1456 5571 2765
f 2799 1472 2781
f 2799 2781 5571
f 392 2049 4748
f 392 4748 2168
f 2168 4748 2155
f 2168 2155 390
f 391 2156 4749
f 391 4749 2169
f 2156 325 2030
f 2156 2030 4749
f 4749 2030 334
f 4749 334 2159
f 2169 4749 2159
f 2169 2159 394
f 397 2170 4750
f 397 4750 2162
f 2170 266 1929
f 2170 1929 4750
f 4750 1929 194
f 4750 194 1977
f 2162 4750 1977
f 2162 1977 302
f 398 2163 4751
f 398 4751 2171
f 2163 307 2061
f 2163 2061 4751
f 4751 2061 329
f 4751 329 2050
f 2171 4751 2050
f 2171 2050 394
f 676 2650 4752
f 676 4752 2678
f 2650 667 2675
f 2650 2675 4752
f 4752 2675 305
f 4752 305 2160
f 2678 4752 2160
f 2678 2160 395
f 395 2160 4753
f 395 4753 2172
f 2160 305 1979
f 2160 1979 4753
f 4753 1979 306
f 4753 306 2161
f 2172 4753 2161
f 2172 2161 396
f 708 2730 4754
f 708 4754 2758
f 2730 699 2755
f 2730 2755 4754
f 4754 2755 304
f 4754 304 2158
f 2758 4754 2158
f 2758 2158 393
f 181 2134 4755
f 181 4755 2068
f 2134 345 1962
f 2134 1962 4755
f 4755 1962 400
f 4755 400 2174
f 2068 4755 2174
f 2068 2174 182
f 452 2301 4756
f 452 4756 2325
f 2301 182 2176
f 2301 2176 4756
f 4756 2176 403
f 4756 403 2175
f 2325 4756 2175
f 2325 2175 453
f 5774 2237 4757
f 5774 4757 5832
f 2237 448 2474
f 2237 2474 4757
f 4757 2474 567
f 4757 567 2463
f 5832 4757 2463
f 5832 2463 5798
f 455 2304 4758
f 455 4758 2324
f 2304 420 2180
f 2304 2180 4758
f 4758 2180 422
f 4758 422 2303
f 2324 4758 2303
f 2324 2303 454
f 456 2305 4759
f 456 4759 2323
f 2305 418 2183
f 2305 2183 4759
f 4759 2183 420
f 4759 420 2304
f 2323 4759 2304
f 2323 2304 455
f 457 2306 4760
f 457 4760 2322
f 2306 416 2186
f 2306 2186 4760
f 4760 2186 418
f 4760 418 2305
f 2322 4760 2305
f 2322 2305 456
f 458 2307 4761
f 458 4761 2321
f 2307 414 2189
f 2307 2189 4761
f 4761 2189 416
f 4761 416 2306
f 2321 4761 2306
f 2321 2306 457
f 459 2308 4762
f 459 4762 2320
f 2308 412 2192
f 2308 2192 4762
f 718 2810 5572
f 718 5572 2773
f 2810 1468 2789
f 2810 2789 5572
f 4762 2192 414
f 4762 414 2307
f 460 2309 4763
f 460 4763 2319
f 1457 2795 5573
f 1457 5573 2766
f 2795 1473 2782
f 2795 2782 5573
f 2309 410 2195
f 2309 2195 4763
f 2320 4762 2307
f 2320 2307 458
f 713 2801 5574
f 713 5574 2774
f 2801 1463 2790
f 2801 2790 5574
f 4763 2195 412
f 4763 412 2308
f 461 2310 4764
f 461 4764 2318
f 631 4219 4203
f 631 4203 2586
f 4219 1512 4203
f 2310 408 2198
f 2310 2198 4764
f 2319 4763 2308
f 2319 2308 459
f 1517 718 2773
f 1517 2773 2812
f 4764 2198 410
f 4764 410 2309
f 462 2311 4765
f 462 4765 2317
f 1509 1455 2770
f 1509 2770 4205
f 2311 406 2201
f 2311 2201 4765
f 2318 4764 2309
f 2318 2309 460
f 1513 1452 2772
f 1513 2772 2814
f 2317 4765 2310
f 2317 2310 461
f 4765 2201 408
f 4765 408 2310
f 634 1508 5575
f 634 5575 2584
f 1508 4209 5575
f 463 2312 4766
f 463 4766 2316
f 2312 404 2204
f 2312 2204 4766
f 1512 711 2778
f 1512 2778 4203
f 2316 4766 2311
f 2316 2311 462
f 4766 2204 406
f 4766 406 2311
f 1516 4222 4204
f 4222 1458 2763
f 4222 2763 4204
f 464 2313 4767
f 464 4767 2315
f 2313 424 2207
f 2313 2207 4767
f 638 4225 5576
f 638 5576 2581
f 4225 1517 2812
f 4225 2812 5576
f 4767 2207 404
f 4767 404 2312
f 639 1514 2815
f 639 2815 2580
f 2315 4767 2312
f 2315 2312 463
f 1511 4224 4208
f 4224 717 2769
f 4224 2769 4208
f 569 2452 4768
f 569 4768 2499
f 4768 2497 521
f 4768 521 2384
f 2452 562 2497
f 2452 2497 4768
f 4208 2769 1455
f 4208 1455 1509
f 2499 4768 2384
f 2499 2384 536
f 2175 403 2209
f 2175 2209 4769
f 453 2175 4769
f 453 4769 2314
f 4769 2209 424
f 4769 424 2313
f 445 5776 5846
f 445 5846 2242
f 2239 5845 5774
f 2239 5774 449
f 2260 5860 5781
f 2260 5781 435
f 2314 4769 2313
f 2314 2313 464
f 433 5782 5860
f 433 5860 2260
f 524 2419 4770
f 524 4770 2385
f 2266 5862 5783
f 2266 5783 431
f 2263 5861 5782
f 2263 5782 433
f 2419 476 2335
f 2419 2335 4770
f 4788 5866 5772
f 4788 5772 2205
f 2302 5786 5866
f 2302 5866 4788
f 4770 2335 469
f 4770 469 2417
f 2199 5770 5874
f 2199 5874 4792
f 4791 5873 5770
f 4791 5770 2199
f 2385 4770 2417
f 2385 2417 496
f 4796 5878 5765
f 4796 5765 2184
f 2187 5766 5878
f 2187 5878 4796
f 59 1676 4771
f 59 4771 2275
f 4799 5881 5762
f 4799 5762 2177
f 2178 5763 5881
f 2178 5881 4799
f 1676 118 2278
f 1676 2278 4771
f 1513 1514 4206
f 1513 4206 4205
f 2359 6136 6122
f 2359 6122 496
f 2395 4819 5909
f 2395 5909 5789
f 4771 2278 450
f 4771 450 2272
f 6146 4836 5915
f 6146 5915 6147
f 4836 2409 5794
f 4836 5794 5915
f 2275 4771 2272
f 2275 2272 429
f 2460 564 5798
f 2460 5798 5916
f 565 2460 5916
f 565 5916 5797
f 5797 2461 4772
f 5797 4772 5844
f 2510 4864 5918
f 2510 5918 5801
f 4864 2524 5803
f 4864 5803 5918
f 2461 566 2475
f 2461 2475 4772
f 607 584 5802
f 607 5802 5807
f 4772 2475 529
f 4772 529 2399
f 2567 2568 5808
f 2567 5808 5807
f 5844 4772 2399
f 5844 2399 5792
f 2238 446 2240
f 2238 2240 4773
f 5775 2238 4773
f 5775 4773 5845
f 1509 1510 4208
f 5845 4773 2237
f 5845 2237 5774
f 4773 2240 448
f 4773 448 2237
f 4774 2243 446
f 4774 446 2238
f 5846 4774 2238
f 5846 2238 5775
f 2241 444 2243
f 2241 2243 4774
f 5776 2241 4774
f 5776 4774 5846
f 2244 442 2246
f 2244 2246 4775
f 5777 2244 4775
f 5777 4775 5847
f 5778 2247 4776
f 5778 4776 5848
f 2247 440 2249
f 2247 2249 4776
f 5847 4775 2241
f 5847 2241 5776
f 4775 2246 444
f 4775 444 2241
f 5848 4776 2244
f 5848 2244 5777
f 4776 2249 442
f 4776 442 2244
f 5779 2250 4777
f 5779 4777 5849
f 2250 438 2252
f 2250 2252 4777
f 5849 4777 2247
f 5849 2247 5778
f 4777 2252 440
f 4777 440 2247
f 2253 436 2255
f 2253 2255 4778
f 5780 2253 4778
f 5780 4778 5850
f 5850 4778 2250
f 5850 2250 5779
f 4778 2255 438
f 4778 438 2250
f 2256 434 2258
f 2256 2258 4779
f 5781 2256 4779
f 5781 4779 5851
f 5851 4779 2253
f 5851 2253 5780
f 4779 2258 436
f 4779 436 2253
f 2259 432 2261
f 2259 2261 4780
f 5782 2259 4780
f 5782 4780 5860
f 4780 2261 434
f 4780 434 2256
f 5783 2262 4781
f 5783 4781 5861
f 4202 2771 1453
f 4202 1453 4214
f 5860 4780 2256
f 5860 2256 5781
f 4781 2264 432
f 4781 432 2259
f 2262 430 2264
f 2262 2264 4781
f 4202 4214 1507
f 5784 2265 4782
f 5784 4782 5862
f 5861 4781 2259
f 5861 2259 5782
f 2265 450 2267
f 2265 2267 4782
f 603 602 5805
f 2337 2550 5806
f 2337 5806 5787
f 5862 4782 2262
f 5862 2262 5783
f 4782 2267 430
f 4782 430 2262
f 2532 599 5804
f 2532 5804 5919
f 5773 2236 4783
f 5773 4783 5863
f 5785 2269 4784
f 5785 4784 5864
f 4783 2270 429
f 4783 429 2269
f 4785 2338 477
f 4785 477 2414
f 4784 2272 450
f 4784 450 2265
f 5865 5773 426
f 5865 426 2273
f 5753 5865 2273
f 5753 2273 103
f 108 2300 4786
f 108 4786 1661
f 2300 427 2236
f 2300 2236 4786
f 4787 2274 427
f 4787 427 2300
f 1657 4787 2300
f 1657 2300 108
f 107 1630 4787
f 107 4787 1657
f 1630 55 2274
f 1630 2274 4787
f 5866 2314 464
f 5866 464 5772
f 2208 4788 2205
f 2208 2205 425
f 402 2302 4788
f 402 4788 2208
f 5786 453 2314
f 5786 2314 5866
f 2408 4789 2419
f 2408 2419 524
f 425 2205 4790
f 425 4790 2206
f 5793 5867 4789
f 5793 4789 2408
f 5867 5788 2340
f 5867 2340 4789
f 405 2202 4791
f 405 4791 2203
f 5771 463 2316
f 5771 2316 5873
f 4789 2340 476
f 4789 476 2419
f 5772 464 2315
f 5772 2315 5872
f 407 2199 4792
f 407 4792 2200
f 5873 2316 462
f 5873 462 5770
f 2206 4790 2202
f 2206 2202 405
f 5872 2315 463
f 5872 463 5771
f 409 2196 4793
f 409 4793 2197
f 5874 2317 461
f 5874 461 5769
f 5770 462 2317
f 5770 2317 5874
f 2203 4791 2199
f 2203 2199 407
f 411 2193 4794
f 411 4794 2194
f 5875 2318 460
f 5875 460 5768
f 5769 461 2318
f 5769 2318 5875
f 2200 4792 2196
f 2200 2196 409
f 413 2190 4795
f 413 4795 2191
f 5876 2319 459
f 5876 459 5767
f 5768 460 2319
f 5768 2319 5876
f 2197 4793 2193
f 2197 2193 411
f 415 2187 4796
f 415 4796 2188
f 5877 2320 458
f 5877 458 5766
f 5767 459 2320
f 5767 2320 5877
f 2194 4794 2190
f 2194 2190 413
f 5878 2321 457
f 5878 457 5765
f 5766 458 2321
f 5766 2321 5878
f 2191 4795 2187
f 2191 2187 415
f 417 2184 4797
f 417 4797 2185
f 5765 457 2322
f 5765 2322 5879
f 2188 4796 2184
f 2188 2184 417
f 479 606 5808
f 479 5808 5788
f 5764 456 2323
f 5764 2323 5880
f 5880 2323 455
f 5880 455 5763
f 5879 2322 456
f 5879 456 5764
f 2185 4797 2181
f 2185 2181 419
f 5881 2324 454
f 5881 454 5762
f 2179 4799 2177
f 2179 2177 423
f 419 2181 4798
f 419 4798 2182
f 2182 4798 2178
f 2182 2178 421
f 560 2468 4800
f 560 4800 2485
f 5799 569 2499
f 5799 2499 5882
f 5763 455 2324
f 5763 2324 5881
f 421 2178 4799
f 421 4799 2179
f 217 2136 4801
f 217 4801 2214
f 5761 452 2325
f 5761 2325 5883
f 2410 2411 5796
f 2410 5796 5795
f 6019 6088 6093
f 6019 6093 6015
f 2214 4801 2302
f 2214 2302 402
f 2485 4800 2411
f 2485 2411 525
f 5882 2499 536
f 5882 536 5796
f 4802 2068 182
f 4802 182 2301
f 2326 4802 2301
f 2326 2301 452
f 6083 6082 6089
f 6083 6089 6072
f 5883 2325 453
f 5883 453 5786
f 5720 2219 4804
f 5720 4804 4256
f 2219 5722 4260
f 2219 4260 4804
f 1766 181 2068
f 1766 2068 4802
f 266 1766 4802
f 266 4802 2326
f 4256 4804 1880
f 4256 1880 245
f 1884 4803 4257
f 1884 4257 237
f 241 4260 4803
f 241 4803 1884
f 4805 2331 471
f 4805 471 2420
f 2365 4805 2420
f 2365 2420 505
f 6076 6084 6090
f 6076 6090 6079
f 4804 4260 241
f 4804 241 1880
f 4806 2483 549
f 4806 549 2438
f 2482 4806 2438
f 2482 2438 550
f 2418 470 2331
f 2418 2331 4805
f 501 2418 4805
f 501 4805 2365
f 1858 263 2482
f 1858 2482 4807
f 1857 262 2483
f 1857 2483 4806
f 263 1857 4806
f 263 4806 2482
f 520 2425 4808
f 520 4808 2380
f 2425 475 2334
f 2425 2334 4808
f 6070 6088 6091
f 6070 6091 6081
f 264 1858 4807
f 264 4807 2487
f 512 2422 4809
f 512 4809 2374
f 2422 473 2333
f 2422 2333 4809
f 2487 4807 2441
f 2487 2441 552
f 4807 2482 550
f 4807 550 2441
f 6091 6087 6086
f 2374 4809 2423
f 2374 2423 517
f 2380 4808 2426
f 2380 2426 537
f 4808 2334 479
f 4808 479 2426
f 4810 2431 540
f 4810 540 2473
f 1580 4810 2473
f 1580 2473 99
f 6080 6085 6092
f 4809 2333 474
f 4809 474 2423
f 4811 2487 552
f 4811 552 2444
f 265 1859 4811
f 265 4811 2489
f 2472 543 2431
f 2472 2431 4810
f 100 2472 4810
f 100 4810 1580
f 6092 6093 6088
f 101 2477 4812
f 101 4812 1581
f 2489 4811 2444
f 2489 2444 554
f 1859 264 2487
f 1859 2487 4811
f 4812 2434 543
f 4812 543 2472
f 1581 4812 2472
f 1581 2472 100
f 6075 6095 6082
f 6075 6082 6083
f 2477 545 2434
f 2477 2434 4812
f 4813 2436 545
f 4813 545 2477
f 1582 4813 2477
f 1582 2477 101
f 102 2479 4813
f 102 4813 1582
f 2479 546 2436
f 2479 2436 4813
f 6086 6087 6096
f 6086 6096 6097
f 4814 2328 466
f 4814 466 2412
f 488 2415 4814
f 488 4814 2348
f 2415 467 2328
f 2415 2328 4814
f 423 2177 4815
f 423 4815 2484
f 5762 454 2498
f 5762 2498 5908
f 5933 5940 6095
f 5933 6095 6075
f 2348 4814 2412
f 2348 2412 484
f 5908 2498 568
f 5908 568 5800
f 2484 4815 2469
f 2484 2469 561
f 5733 5705 4272
f 5733 4272 4816
f 5689 5733 4816
f 5689 4816 4237
f 4816 4272 546
f 4816 546 2479
f 4237 4816 2479
f 4237 2479 102
f 2303 422 2496
f 2303 2496 4817
f 6097 6096 5957
f 6097 5957 5958
f 454 2303 4817
f 454 4817 2498
f 6106 6105 6111
f 6106 6111 6110
f 496 2417 4818
f 496 4818 2359
f 2417 469 2330
f 2417 2330 4818
f 2498 4817 2454
f 2498 2454 568
f 4817 2496 563
f 4817 563 2454
f 528 2414 4819
f 528 4819 2395
f 2414 477 2337
f 2414 2337 4819
f 2359 4818 2418
f 2359 2418 501
f 4818 2330 470
f 4818 470 2418
f 5789 5909 2424
f 5789 2424 533
f 6107 6078 6115
f 6107 6115 6114
f 5909 5787 478
f 5909 478 2424
f 6104 6073 6101
f 6104 6101 6100
f 4820 2493 557
f 4820 557 2448
f 2492 4820 2448
f 2492 2448 558
f 2102 367 2493
f 2102 2493 4820
f 366 2102 4820
f 366 4820 2492
f 4821 4264 5697
f 4821 5697 5734
f 6116 2341 4821
f 6116 4821 6131
f 6131 4821 5734
f 6131 5734 6049
f 2341 495 4264
f 2341 4264 4821
f 495 494 4264
f 6108 6109 6103
f 6108 6103 6102
f 6102 6103 6078
f 6102 6078 6107
f 494 4265 4264
f 6117 2342 4822
f 6117 4822 6132
f 4264 4265 5698
f 4264 5698 5697
f 494 492 4266
f 494 4266 4265
f 6114 6115 5928
f 6114 5928 5967
f 2342 483 2345
f 2342 2345 4822
f 482 2346 2345
f 2345 2346 487
f 2345 487 486
f 6074 5960 5932
f 4822 2345 486
f 4822 486 2344
f 482 480 2347
f 482 2347 2346
f 2346 2347 485
f 2346 485 487
f 483 482 2345
f 5793 6147 6126
f 5793 6126 537
f 6118 2344 4823
f 6118 4823 6133
f 6133 4823 2349
f 6133 2349 6119
f 524 6128 6146
f 524 6146 2408
f 2344 486 2350
f 2344 2350 4823
f 4823 2350 490
f 4823 490 2349
f 486 487 2351
f 486 2351 2350
f 2400 6144 6117
f 2400 6117 481
f 2351 2352 489
f 2351 489 491
f 2350 2351 491
f 2350 491 490
f 487 485 2352
f 487 2352 2351
f 2349 490 2354
f 2349 2354 4824
f 4824 2354 495
f 4824 495 2341
f 528 6130 6144
f 528 6144 2400
f 490 491 2355
f 490 2355 2354
f 2354 2355 494
f 6119 2349 4824
f 6119 4824 6134
f 6134 4824 2341
f 6134 2341 6116
f 2353 6134 6116
f 2353 6116 493
f 2409 2410 5795
f 2409 5795 5794
f 2354 494 495
f 534 532 5792
f 534 5792 5791
f 5789 6148 6143
f 5789 6143 2395
f 2394 535 5790
f 2394 5790 5910
f 6129 2394 5910
f 6129 5910 6148
f 491 489 2356
f 491 2356 2355
f 2355 2356 492
f 2355 492 494
f 6048 5735 4825
f 6048 4825 6135
f 5735 5701 4268
f 5735 4268 4825
f 2385 6141 6128
f 2385 6128 524
f 4825 4268 510
f 4825 510 2357
f 496 6122 6141
f 496 6141 2385
f 6135 4825 2357
f 6135 2357 6120
f 5701 5702 4269
f 5701 4269 4268
f 4268 4269 511
f 4268 511 510
f 5702 5703 4270
f 5702 4270 4269
f 4269 4270 509
f 4269 509 511
f 2374 6139 6125
f 2374 6125 512
f 6121 2358 4826
f 6121 4826 6136
f 6136 4826 2360
f 6136 2360 6122
f 503 502 2361
f 517 6124 6139
f 517 6139 2374
f 4826 2361 498
f 4826 498 2360
f 2358 503 2361
f 2358 2361 4826
f 508 6120 6138
f 508 6138 2369
f 502 500 2363
f 502 2363 2362
f 2361 2362 499
f 2361 499 498
f 502 2362 2361
f 2362 2363 497
f 2362 497 499
f 501 6121 6136
f 501 6136 2359
f 4819 2337 5787
f 4819 5787 5909
f 2364 507 2366
f 2364 2366 4827
f 6123 2364 4827
f 6123 4827 6137
f 4815 5908 5800
f 4815 5800 2469
f 2177 5762 5908
f 2177 5908 4815
f 4827 2366 503
f 4827 503 2358
f 6137 4827 2358
f 6137 2358 6121
f 4800 5882 5796
f 4800 5796 2411
f 2468 5799 5882
f 2468 5882 4800
f 2366 502 503
f 507 506 2366
f 506 2367 2366
f 2367 2368 500
f 2367 500 502
f 2366 2367 502
f 506 504 2368
f 506 2368 2367
f 6120 2357 4828
f 6120 4828 6138
f 2357 510 2370
f 2357 2370 4828
f 510 511 2371
f 510 2371 2370
f 6138 4828 2364
f 6138 2364 6123
f 4828 2370 507
f 4828 507 2364
f 2370 2371 506
f 6124 2373 4829
f 6124 4829 6139
f 2373 519 2376
f 2373 2376 4829
f 2371 2372 504
f 2371 504 506
f 519 518 2376
f 518 2377 2376
f 6139 4829 2375
f 6139 2375 6125
f 4829 2376 514
f 4829 514 2375
f 518 516 2377
f 516 2378 2377
f 2376 2377 515
f 2376 515 514
f 6140 4830 2381
f 6140 2381 6127
f 539 538 2382
f 6126 2379 4830
f 6126 4830 6140
f 2377 513 515
f 4830 2382 522
f 4830 522 2381
f 538 2383 2382
f 6122 2360 4831
f 6122 4831 6141
f 2360 498 2387
f 2360 2387 4831
f 2382 2383 523
f 2382 523 522
f 538 536 2384
f 538 2384 2383
f 498 499 2388
f 498 2388 2387
f 2383 2384 521
f 2383 521 523
f 4797 5879 5764
f 4797 5764 2181
f 2184 5765 5879
f 2184 5879 4797
f 6141 4831 2386
f 6141 2386 6128
f 4831 2387 526
f 4831 526 2386
f 2388 2389 525
f 2388 525 527
f 2387 2388 527
f 2387 527 526
f 4832 2391 519
f 4832 519 2373
f 6142 4832 2373
f 6142 2373 6124
f 499 497 2389
f 499 2389 2388
f 6127 2381 4832
f 6127 4832 6142
f 523 521 2393
f 523 2393 2392
f 4795 5877 5766
f 4795 5766 2187
f 2190 5767 5877
f 2190 5877 4795
f 6148 5910 4833
f 6148 4833 6143
f 5910 5790 2397
f 5910 2397 4833
f 2391 518 519
f 2391 2392 518
f 4833 2397 530
f 4833 530 2396
f 6143 4833 2396
f 6143 2396 6130
f 2392 516 518
f 2392 2393 516
f 1481 2815 2814
f 5790 5791 2398
f 5790 2398 2397
f 5791 5792 2399
f 5791 2399 2398
f 2397 2398 531
f 2397 531 530
f 6130 2396 4834
f 6130 4834 6144
f 2396 530 2401
f 2396 2401 4834
f 2398 2399 529
f 2398 529 531
f 530 531 2402
f 530 2402 2401
f 6144 4834 2342
f 6144 2342 6117
f 4834 2401 483
f 4834 483 2342
f 531 529 2403
f 531 2403 2402
f 2401 482 483
f 2401 2402 482
f 2402 2403 480
f 2402 480 482
f 4835 2405 535
f 4835 535 2394
f 6145 4835 2394
f 6145 2394 6129
f 6125 2375 4835
f 6125 4835 6145
f 2375 514 2405
f 2375 2405 4835
f 4793 5875 5768
f 4793 5768 2193
f 2196 5769 5875
f 2196 5875 4793
f 514 515 2406
f 514 2406 2405
f 515 513 2406
f 513 2407 2406
f 2405 2406 534
f 2405 534 535
f 2406 2407 532
f 2406 532 534
f 5915 5794 539
f 5915 539 2379
f 6128 2386 4836
f 6128 4836 6146
f 6147 5915 2379
f 6147 2379 6126
f 2386 526 2409
f 2386 2409 4836
f 5794 5795 538
f 5794 538 539
f 526 527 2410
f 526 2410 2409
f 5795 5796 536
f 5795 536 538
f 527 525 2411
f 527 2411 2410
f 4837 2327 465
f 4837 465 2413
f 484 2412 4837
f 484 4837 2343
f 4838 4272 5705
f 4838 5705 5736
f 4271 4838 5736
f 4271 5736 5704
f 2427 546 4272
f 2427 4272 4838
f 547 2427 4838
f 547 4838 4271
f 2428 540 2431
f 2428 2431 4839
f 2531 587 2515
f 2531 2515 4856
f 541 2428 4839
f 541 4839 2429
f 4856 2515 586
f 4856 586 2530
f 542 2430 4840
f 542 4840 2432
f 2430 543 2434
f 2430 2434 4840
f 2429 4839 2430
f 2429 2430 542
f 4839 2431 543
f 4839 543 2430
f 544 2433 4841
f 544 4841 2435
f 2433 545 2436
f 2433 2436 4841
f 2432 4840 2433
f 2432 2433 544
f 4840 2434 545
f 4840 545 2433
f 2435 4841 2427
f 2435 2427 547
f 4841 2436 546
f 4841 546 2427
f 4842 2440 551
f 4842 551 2439
f 2438 4842 2439
f 2438 2439 550
f 549 2437 4842
f 549 4842 2438
f 2437 548 2440
f 2437 2440 4842
f 1479 4218 4212
f 550 2439 4843
f 550 4843 2441
f 2439 551 2443
f 2439 2443 4843
f 4218 710 2767
f 4218 2767 4212
f 552 2442 4844
f 552 4844 2444
f 2442 553 2446
f 2442 2446 4844
f 2441 4843 2442
f 2441 2442 552
f 4843 2443 553
f 4843 553 2442
f 554 2445 4845
f 554 4845 4273
f 4844 2446 555
f 4844 555 2445
f 2445 555 4274
f 2445 4274 4845
f 2444 4844 2445
f 2444 2445 554
f 4846 2450 559
f 4846 559 2449
f 557 2447 4846
f 557 4846 2448
f 2448 4846 2449
f 2448 2449 558
f 2447 556 2450
f 2447 2450 4846
f 569 2451 4847
f 569 4847 2452
f 2451 568 2454
f 2451 2454 4847
f 4847 2454 563
f 4847 563 2453
f 2452 4847 2453
f 2452 2453 562
f 561 2455 4848
f 561 4848 2456
f 2455 560 2457
f 2455 2457 4848
f 4848 2457 548
f 4848 548 2437
f 2456 4848 2437
f 2456 2437 549
f 2202 5771 5873
f 2202 5873 4791
f 4792 5874 5769
f 4792 5769 2196
f 558 2449 4849
f 558 4849 2458
f 2449 559 2459
f 2449 2459 4849
f 4849 2459 562
f 4849 562 2453
f 2458 4849 2453
f 2458 2453 563
f 5797 5916 4850
f 5797 4850 2461
f 5916 5798 2463
f 5916 2463 4850
f 1507 4214 4210
f 540 2428 4851
f 540 4851 2464
f 2428 541 2465
f 2428 2465 4851
f 4214 1453 2768
f 4214 2768 4210
f 5864 4784 2265
f 5864 2265 5784
f 2461 4850 2462
f 2461 2462 566
f 4850 2463 567
f 4850 567 2462
f 2137 4707 2126
f 2137 2126 388
f 4851 2465 566
f 4851 566 2462
f 2464 4851 2462
f 2464 2462 567
f 564 2460 4852
f 564 4852 2466
f 2460 565 2467
f 2460 2467 4852
f 4852 2467 556
f 4852 556 2447
f 2466 4852 2447
f 2466 2447 557
f 560 2455 4853
f 560 4853 2468
f 2455 561 2469
f 2455 2469 4853
f 5917 5800 568
f 5917 568 2451
f 5799 5917 2451
f 5799 2451 569
f 2426 479 5788
f 2426 5788 5867
f 537 2426 5867
f 537 5867 5793
f 542 2470 4854
f 542 4854 2429
f 2470 485 2347
f 2470 2347 4854
f 4854 2347 480
f 4854 480 2471
f 2429 4854 2471
f 2429 2471 541
f 473 601 2564
f 473 2564 2333
f 476 605 2556
f 476 2556 2335
f 1661 4786 5865
f 1661 5865 5753
f 4786 2236 5773
f 4786 5773 5865
f 604 581 2508
f 604 2508 2555
f 2555 2508 574
f 2555 574 620
f 608 570 2511
f 608 2511 2545
f 2545 2511 582
f 2545 582 627
f 465 609 2546
f 465 2546 2338
f 2338 2546 626
f 2338 626 477
f 478 602 2570
f 478 2570 2339
f 2339 2570 601
f 2339 601 473
f 612 579 2509
f 612 2509 2553
f 2553 2509 580
f 2553 580 617
f 5695 5712 4283
f 5695 4283 4262
f 4262 4283 618
f 4262 618 468
f 5788 5808 2568
f 5788 2568 2340
f 2340 2568 605
f 2340 605 476
f 620 574 2503
f 620 2503 2551
f 2551 2503 575
f 2551 575 624
f 472 622 4285
f 472 4285 4261
f 428 5785 5864
f 428 5864 2271
f 2271 5864 5784
f 2271 5784 451
f 4261 4285 5714
f 4261 5714 5694
f 474 613 2554
f 474 2554 2336
f 2336 2554 616
f 2336 616 475
f 469 621 2552
f 469 2552 2330
f 4284 4275 5706
f 4284 5706 5713
f 451 5784 5862
f 451 5862 2266
f 431 5783 5861
f 431 5861 2263
f 2330 2552 625
f 2330 625 470
f 470 625 2548
f 470 2548 2331
f 2331 2548 629
f 2331 629 471
f 466 610 2566
f 466 2566 2327
f 2327 2566 609
f 2327 609 465
f 178 1765 4707
f 178 4707 2137
f 624 575 2504
f 624 2504 2547
f 2547 2504 576
f 2547 576 628
f 578 2529 4855
f 578 4855 2506
f 2529 593 2520
f 2529 2520 4855
f 4855 2520 594
f 4855 594 2528
f 2506 4855 2528
f 2506 2528 579
f 572 2531 4856
f 572 4856 2501
f 2501 4856 2530
f 2501 2530 571
f 580 2533 4857
f 580 4857 2507
f 2533 595 2521
f 2533 2521 4857
f 4857 2521 599
f 4857 599 2532
f 2507 4857 2532
f 2507 2532 584
f 573 2534 4858
f 573 4858 2502
f 2534 588 2516
f 2534 2516 4858
f 4858 2516 587
f 4858 587 2531
f 2502 4858 2531
f 2502 2531 572
f 2257 5851 5780
f 2257 5780 437
f 435 5781 5851
f 435 5851 2257
f 581 2536 4859
f 581 4859 2508
f 2536 596 2522
f 2536 2522 4859
f 2254 5850 5779
f 2254 5779 439
f 437 5780 5850
f 437 5850 2254
f 344 2108 4289
f 344 4289 2132
f 2108 380 2133
f 2108 2133 4289
f 4859 2522 589
f 4859 589 2535
f 2508 4859 2535
f 2508 2535 574
f 577 2537 4860
f 577 4860 4275
f 2537 592 4277
f 2537 4277 4860
f 4860 4277 5708
f 4860 5708 5737
f 4275 4860 5737
f 4275 5737 5706
f 5707 5738 4861
f 5707 4861 4276
f 5738 5709 4278
f 5738 4278 4861
f 4861 4278 588
f 4861 588 2534
f 4276 4861 2534
f 4276 2534 573
f 579 2528 4862
f 579 4862 2509
f 2528 594 2523
f 2528 2523 4862
f 4862 2523 595
f 4862 595 2533
f 2509 4862 2533
f 2509 2533 580
f 574 2535 4863
f 574 4863 2503
f 2535 589 2517
f 2535 2517 4863
f 4863 2517 590
f 4863 590 2538
f 2503 4863 2538
f 2503 2538 575
f 582 2540 4864
f 582 4864 2510
f 2540 597 2524
f 2540 2524 4864
f 5801 5918 2539
f 5801 2539 583
f 575 2538 4865
f 575 4865 2504
f 5918 5803 598
f 5918 598 2539
f 2538 590 2518
f 2538 2518 4865
f 2504 4865 2541
f 2504 2541 576
f 570 2542 4866
f 570 4866 2511
f 4865 2518 591
f 4865 591 2541
f 2542 585 2525
f 2542 2525 4866
f 4289 2133 154
f 4289 154 1685
f 2132 4289 1685
f 2132 1685 103
f 4866 2525 597
f 4866 597 2540
f 2511 4866 2540
f 2511 2540 582
f 576 2541 4867
f 576 4867 2505
f 2541 591 2519
f 2541 2519 4867
f 4867 2519 592
f 4867 592 2537
f 2505 4867 2537
f 2505 2537 577
f 583 2539 4868
f 583 4868 2512
f 2539 598 2526
f 2539 2526 4868
f 4868 2526 593
f 4868 593 2529
f 2512 4868 2529
f 2512 2529 578
f 5802 5919 4869
f 5802 4869 2513
f 5919 5804 2527
f 5919 2527 4869
f 4869 2527 596
f 4869 596 2536
f 2513 4869 2536
f 2513 2536 581
f 571 2530 4870
f 571 4870 2500
f 2530 586 2514
f 2530 2514 4870
f 4870 2514 585
f 4870 585 2542
f 2500 4870 2542
f 2500 2542 570
f 628 576 2505
f 628 2505 2543
f 2543 2505 577
f 2543 577 623
f 467 614 2562
f 467 2562 2328
f 2328 2562 610
f 2328 610 466
f 627 582 2510
f 627 2510 2549
f 5805 5801 583
f 5805 583 603
f 471 629 2544
f 471 2544 2332
f 2332 2544 622
f 2332 622 472
f 468 618 2558
f 468 2558 2329
f 2329 2558 614
f 2329 614 467
f 5711 5707 4276
f 5711 4276 4282
f 4282 4276 573
f 4282 573 619
f 623 577 4275
f 623 4275 4284
f 441 5778 5848
f 441 5848 2248
f 2248 5848 5777
f 2248 5777 443
f 447 5775 5845
f 447 5845 2239
f 2242 5846 5775
f 2242 5775 447
f 475 616 2560
f 475 2560 2334
f 2334 2560 606
f 2334 606 479
f 619 573 2502
f 619 2502 2557
f 2557 2502 572
f 2557 572 615
f 617 580 2507
f 617 2507 2559
f 2559 2507 584
f 2559 584 607
f 615 572 2501
f 615 2501 2561
f 2561 2501 571
f 2561 571 611
f 477 626 2550
f 477 2550 2337
f 5787 5806 602
f 5787 602 478
f 611 571 2500
f 611 2500 2565
f 2565 2500 570
f 2565 570 608
f 5807 5802 2513
f 5807 2513 2567
f 2567 2513 581
f 2567 581 604
f 603 583 2512
f 603 2512 2569
f 2569 2512 578
f 2569 578 600
f 623 622 2543
f 622 2544 2543
f 2543 2544 629
f 2543 629 628
f 627 626 2545
f 626 2546 2545
f 2545 2546 609
f 2545 609 608
f 628 629 2548
f 628 2548 2547
f 2547 2548 625
f 2547 625 624
f 2549 626 627
f 5805 5806 2550
f 5805 2550 2549
f 2549 2550 626
f 624 625 2552
f 624 2552 2551
f 2552 621 620
f 2551 2552 620
f 617 616 2553
f 616 2554 2553
f 2553 2554 613
f 2553 613 612
f 619 618 4282
f 618 4283 4282
f 4282 4283 5712
f 4282 5712 5711
f 4284 622 623
f 5713 5714 4285
f 5713 4285 4284
f 4284 4285 622
f 620 621 2556
f 620 2556 2555
f 2555 2556 605
f 2555 605 604
f 615 614 2557
f 2557 618 619
f 614 2558 2557
f 2557 2558 618
f 607 606 2559
f 2559 616 617
f 606 2560 2559
f 2559 2560 616
f 611 610 2561
f 2561 614 615
f 610 2562 2561
f 2561 2562 614
f 612 613 2564
f 612 2564 2563
f 2563 2564 601
f 2563 601 600
f 2565 610 611
f 608 609 2566
f 608 2566 2565
f 2565 2566 610
f 5807 606 607
f 604 605 2568
f 604 2568 2567
f 5807 5808 606
f 2569 602 603
f 600 601 2570
f 600 2570 2569
f 2569 2570 602
f 600 578 2506
f 600 2506 2563
f 2563 2506 579
f 2563 579 612
f 659 2603 5515
f 659 5515 2604
f 2603 658 2606
f 2603 2606 5515
f 5515 2606 651
f 5515 651 2605
f 2604 5515 2605
f 2604 2605 650
f 653 2607 5516
f 653 5516 2608
f 2607 652 2610
f 2607 2610 5516
f 5516 2610 655
f 5516 655 2609
f 2608 5516 2609
f 2608 2609 654
f 649 2611 5517
f 649 5517 2612
f 2611 648 2613
f 2611 2613 5517
f 5517 2613 658
f 5517 658 2603
f 2612 5517 2603
f 2612 2603 659
f 654 2609 5518
f 654 5518 2614
f 2609 655 2616
f 2609 2616 5518
f 5518 2616 657
f 5518 657 2615
f 2614 5518 2615
f 2614 2615 656
f 650 2605 5519
f 650 5519 2617
f 2605 651 2618
f 2605 2618 5519
f 5519 2618 652
f 5519 652 2607
f 2617 5519 2607
f 2617 2607 653
f 647 2619 5520
f 647 5520 2620
f 2619 646 2621
f 2619 2621 5520
f 5520 2621 648
f 5520 648 2611
f 2620 5520 2611
f 2620 2611 649
f 646 2619 5521
f 646 5521 2622
f 2619 647 2624
f 2619 2624 5521
f 5521 2624 661
f 5521 661 2623
f 2622 5521 2623
f 2622 2623 660
f 671 2625 5522
f 671 5522 2626
f 2625 670 2628
f 2625 2628 5522
f 5522 2628 663
f 5522 663 2627
f 2626 5522 2627
f 2626 2627 662
f 665 2629 5523
f 665 5523 2630
f 2629 664 2632
f 2629 2632 5523
f 5523 2632 667
f 5523 667 2631
f 2630 5523 2631
f 2630 2631 666
f 660 2623 5524
f 660 5524 2633
f 2623 661 2634
f 2623 2634 5524
f 5524 2634 670
f 5524 670 2625
f 2633 5524 2625
f 2633 2625 671
f 677 2635 5525
f 677 5525 2636
f 2635 676 2638
f 2635 2638 5525
f 5525 2638 669
f 5525 669 2637
f 2636 5525 2637
f 2636 2637 668
f 662 2627 5526
f 662 5526 2639
f 2627 663 2640
f 2627 2640 5526
f 5526 2640 664
f 5526 664 2629
f 2639 5526 2629
f 2639 2629 665
f 673 2641 5527
f 673 5527 2642
f 2641 672 2644
f 2641 2644 5527
f 5527 2644 675
f 5527 675 2643
f 2642 5527 2643
f 2642 2643 674
f 668 2637 5528
f 668 5528 2645
f 2637 669 2646
f 2637 2646 5528
f 5528 2646 672
f 5528 672 2641
f 2645 5528 2641
f 2645 2641 673
f 674 2643 5529
f 674 5529 2647
f 2643 675 2648
f 2643 2648 5529
f 5529 2648 656
f 5529 656 2615
f 2647 5529 2615
f 2647 2615 657
f 666 2631 5530
f 666 5530 2649
f 2631 667 2650
f 2631 2650 5530
f 5530 2650 676
f 5530 676 2635
f 2649 5530 2635
f 2649 2635 677
f 287 2055 5531
f 287 5531 2651
f 2055 121 2652
f 2055 2652 5531
f 5531 2652 646
f 5531 646 2622
f 2651 5531 2622
f 2651 2622 660
f 691 2683 5532
f 691 5532 2684
f 2683 690 2686
f 2683 2686 5532
f 5532 2686 683
f 5532 683 2685
f 2684 5532 2685
f 2684 2685 682
f 685 2687 5533
f 685 5533 2688
f 2687 684 2690
f 2687 2690 5533
f 5533 2690 687
f 5533 687 2689
f 2688 5533 2689
f 2688 2689 686
f 681 2691 5534
f 681 5534 2692
f 2691 680 2693
f 2691 2693 5534
f 5534 2693 690
f 5534 690 2683
f 2692 5534 2683
f 2692 2683 691
f 686 2689 5535
f 686 5535 2694
f 2689 687 2696
f 2689 2696 5535
f 5535 2696 689
f 5535 689 2695
f 2694 5535 2695
f 2694 2695 688
f 682 2685 5536
f 682 5536 2697
f 2685 683 2698
f 2685 2698 5536
f 5536 2698 684
f 5536 684 2687
f 2697 5536 2687
f 2697 2687 685
f 679 2699 5537
f 679 5537 2700
f 2699 678 2701
f 2699 2701 5537
f 678 2699 5538
f 678 5538 2702
f 2699 679 2704
f 2699 2704 5538
f 5537 2701 680
f 5537 680 2691
f 2700 5537 2691
f 2700 2691 681
f 5538 2704 693
f 5538 693 2703
f 2702 5538 2703
f 2702 2703 692
f 703 2705 5539
f 703 5539 2706
f 2705 702 2708
f 2705 2708 5539
f 5539 2708 695
f 5539 695 2707
f 2706 5539 2707
f 2706 2707 694
f 697 2709 5540
f 697 5540 2710
f 2709 696 2712
f 2709 2712 5540
f 5540 2712 699
f 5540 699 2711
f 2710 5540 2711
f 2710 2711 698
f 692 2703 5541
f 692 5541 2713
f 2703 693 2714
f 2703 2714 5541
f 5541 2714 702
f 5541 702 2705
f 2713 5541 2705
f 2713 2705 703
f 709 2715 5542
f 709 5542 2716
f 2715 708 2718
f 2715 2718 5542
f 5542 2718 701
f 5542 701 2717
f 2716 5542 2717
f 2716 2717 700
f 694 2707 5543
f 694 5543 2719
f 2707 695 2720
f 2707 2720 5543
f 5543 2720 696
f 5543 696 2709
f 2719 5543 2709
f 2719 2709 697
f 705 2721 5544
f 705 5544 2722
f 2721 704 2724
f 2721 2724 5544
f 5544 2724 707
f 5544 707 2723
f 2722 5544 2723
f 2722 2723 706
f 700 2717 5545
f 700 5545 2725
f 2717 701 2726
f 2717 2726 5545
f 5545 2726 704
f 5545 704 2721
f 2725 5545 2721
f 2725 2721 705
f 706 2723 5546
f 706 5546 2727
f 2723 707 2728
f 2723 2728 5546
f 5546 2728 688
f 5546 688 2695
f 2727 5546 2695
f 2727 2695 689
f 698 2711 5547
f 698 5547 2729
f 2711 699 2730
f 2711 2730 5547
f 5547 2730 708
f 5547 708 2715
f 2729 5547 2715
f 2729 2715 709
f 288 2022 5548
f 288 5548 2731
f 2022 120 2732
f 2022 2732 5548
f 5548 2732 678
f 5548 678 2702
f 2731 5548 2702
f 2731 2702 692
f 636 4215 5549
f 636 5549 2579
f 4215 1476 4202
f 4215 4202 5549
f 5549 4202 1507
f 2579 5549 1507
f 2579 1507 640
f 643 1478 5550
f 643 5550 2574
f 1478 2811 5550
f 5550 2811 1508
f 2574 5550 1508
f 2574 1508 634
f 632 4220 5551
f 632 5551 2585
f 4220 1480 4207
f 4220 4207 5551
f 5551 4207 1512
f 5551 1512 4219
f 2585 5551 4219
f 2585 4219 631
f 642 4223 5552
f 642 5552 2573
f 4223 1482 2813
f 4223 2813 5552
f 5552 2813 1516
f 2573 5552 1516
f 2573 1516 644
f 1478 1457 2766
f 1478 2766 2811
f 2811 2766 714
f 2811 714 4217
f 2811 4217 1508
f 641 1510 4206
f 641 4206 2578
f 2578 4206 1514
f 2578 1514 639
f 635 1481 5553
f 635 5553 2583
f 1481 4211 5553
f 5553 4211 1480
f 5553 1480 4220
f 2583 5553 4220
f 2583 4220 632
f 637 1511 5554
f 637 5554 2577
f 1511 4208 5554
f 5554 4208 1510
f 2577 5554 1510
f 2577 1510 641
f 645 4226 5555
f 645 5555 2572
f 4226 1515 2816
f 4226 2816 5555
f 5555 2816 1517
f 5555 1517 4225
f 2572 5555 4225
f 2572 4225 638
f 1480 712 2777
f 1480 2777 4207
f 4207 2777 711
f 4207 711 1512
f 633 1477 5556
f 633 5556 2582
f 1477 4213 5556
f 5556 4213 1476
f 5556 1476 4215
f 2582 5556 4215
f 2582 4215 636
f 644 1516 5557
f 644 5557 2571
f 1516 4204 5557
f 5557 4204 1515
f 5557 1515 4226
f 2571 5557 4226
f 2571 4226 645
f 1482 1456 2765
f 1482 2765 2813
f 2813 2765 1458
f 2813 1458 4222
f 2813 4222 1516
f 640 1507 5558
f 640 5558 2576
f 1507 4210 5558
f 5558 4210 1482
f 5558 1482 4223
f 2576 5558 4223
f 2576 4223 642
f 1515 1459 2764
f 1515 2764 2816
f 1036 3431 4871
f 1036 4871 3407
f 3407 4871 3432
f 3407 3432 1072
f 4871 2984 848
f 4871 848 3432
f 3431 797 2984
f 3431 2984 4871
f 808 2971 4872
f 808 4872 2949
f 2949 4872 2826
f 2949 2826 729
f 5638 2818 720
f 5638 720 5578
f 5583 803 2818
f 5583 2818 5638
f 729 2826 4873
f 729 4873 2944
f 2944 4873 2831
f 2944 2831 734
f 5639 2819 721
f 5639 721 5579
f 5578 720 2819
f 5578 2819 5639
f 734 2831 4874
f 734 4874 2939
f 2939 4874 2836
f 2939 2836 739
f 5640 2820 722
f 5640 722 5580
f 5579 721 2820
f 5579 2820 5640
f 739 2836 4875
f 739 4875 2934
f 2934 4875 2841
f 2934 2841 744
f 5641 2821 723
f 5641 723 5581
f 5580 722 2821
f 5580 2821 5641
f 1037 3406 4876
f 1037 4876 3433
f 3433 4876 3066
f 3433 3066 875
f 4876 3434 1005
f 4876 1005 3066
f 3406 1073 3434
f 3406 3434 4876
f 1093 3366 4877
f 1093 4877 3574
f 3574 4877 3566
f 3574 3566 1118
f 4877 3575 1120
f 4877 1120 3566
f 3366 1039 3575
f 3366 3575 4877
f 924 3190 4878
f 924 4878 3516
f 3516 4878 3499
f 3516 3499 1099
f 4878 3518 1101
f 4878 1101 3499
f 3190 928 3518
f 3190 3518 4878
f 1123 3580 4879
f 1123 4879 3561
f 3561 4879 3581
f 3561 3581 1125
f 4879 3378 1043
f 4879 1043 3581
f 3580 1041 3378
f 3580 3378 4879
f 932 3182 4880
f 932 4880 3520
f 3520 4880 3493
f 3520 3493 1103
f 4880 3522 1105
f 4880 1105 3493
f 3182 936 3522
f 3182 3522 4880
f 936 3178 4881
f 936 4881 3522
f 3522 4881 3490
f 3522 3490 1105
f 4881 3524 1107
f 4881 1107 3490
f 3178 940 3524
f 3178 3524 4881
f 940 3174 4882
f 940 4882 3524
f 3524 4882 3487
f 3524 3487 1107
f 4882 3526 1109
f 4882 1109 3487
f 3174 944 3526
f 3174 3526 4882
f 944 3170 4883
f 944 4883 3526
f 3526 4883 3484
f 3526 3484 1109
f 4883 3528 1111
f 4883 1111 3484
f 3170 948 3528
f 3170 3528 4883
f 948 3166 4884
f 948 4884 3528
f 3528 4884 3481
f 3528 3481 1111
f 4884 3530 1113
f 4884 1113 3481
f 3166 952 3530
f 3166 3530 4884
f 952 3162 4885
f 952 4885 3530
f 3530 4885 3478
f 3530 3478 1113
f 4885 3532 1115
f 4885 1115 3478
f 3162 956 3532
f 3162 3532 4885
f 1240 3779 4886
f 1240 4886 3755
f 3755 4886 3783
f 3755 3783 1252
f 4886 3687 1217
f 4886 1217 3783
f 3779 1189 3687
f 3779 3687 4886
f 1080 3436 4887
f 1080 4887 3892
f 3892 4887 3875
f 3892 3875 1329
f 4887 3899 1333
f 4887 1333 3875
f 3436 872 3899
f 3436 3899 4887
f 5704 4184 4888
f 5704 4888 5725
f 5725 4888 4179
f 5725 4179 5699
f 4888 3776 1184
f 4888 1184 4179
f 4184 1239 3776
f 4184 3776 4888
f 1239 3733 4889
f 1239 4889 3776
f 3776 4889 3654
f 3776 3654 1184
f 4889 3774 1181
f 4889 1181 3654
f 3733 1236 3774
f 3733 3774 4889
f 793 3596 4890
f 793 4890 3771
f 3771 4890 3762
f 3771 3762 1232
f 4890 3772 1259
f 4890 1259 3762
f 3596 1140 3772
f 3596 3772 4890
f 1257 3765 4891
f 1257 4891 3793
f 3793 4891 3705
f 3793 3705 1224
f 4891 3789 1205
f 4891 1205 3705
f 3765 1248 3789
f 3765 3789 4891
f 5688 4149 4892
f 5688 4892 1483
f 1483 4892 4150
f 1483 4150 5689
f 4892 2882 796
f 4892 796 4150
f 4149 792 2882
f 4149 2882 4892
f 792 2878 4893
f 792 4893 2882
f 2882 4893 2881
f 2882 2881 796
f 4893 2883 795
f 4893 795 2881
f 2878 791 2883
f 2878 2883 4893
f 791 2877 4894
f 791 4894 2883
f 2883 4894 2880
f 2883 2880 795
f 4894 2884 794
f 4894 794 2880
f 2877 790 2884
f 2877 2884 4894
f 790 2876 4895
f 790 4895 2884
f 2884 4895 2879
f 2884 2879 794
f 4895 2885 793
f 4895 793 2879
f 2876 789 2885
f 2876 2885 4895
f 1139 3595 4896
f 1139 4896 3537
f 3537 4896 3597
f 3537 3597 1141
f 4896 3402 1059
f 4896 1059 3597
f 3595 1057 3402
f 3595 3402 4896
f 1 4148 4897
f 1 4897 1484
f 1484 4897 4149
f 1484 4149 5688
f 4897 2886 792
f 4897 792 4149
f 4148 788 2886
f 4148 2886 4897
f 788 2875 4898
f 788 4898 2886
f 2886 4898 2878
f 2886 2878 792
f 4898 2887 791
f 4898 791 2878
f 2875 787 2887
f 2875 2887 4898
f 787 2874 4899
f 787 4899 2887
f 2887 4899 2877
f 2887 2877 791
f 4899 2888 790
f 4899 790 2877
f 2874 786 2888
f 2874 2888 4899
f 786 2873 4900
f 786 4900 2888
f 2888 4900 2876
f 2888 2876 790
f 4900 2889 789
f 4900 789 2876
f 2873 785 2889
f 2873 2889 4900
f 1137 3593 4901
f 1137 4901 3540
f 3540 4901 3595
f 3540 3595 1139
f 4901 3399 1057
f 4901 1057 3595
f 3593 1055 3399
f 3593 3399 4901
f 20 4200 4902
f 20 4902 1504
f 1504 4902 4148
f 1504 4148 1
f 4902 2890 788
f 4902 788 4148
f 4200 784 2890
f 4200 2890 4902
f 784 2872 4903
f 784 4903 2890
f 2890 4903 2875
f 2890 2875 788
f 4903 2891 787
f 4903 787 2875
f 2872 783 2891
f 2872 2891 4903
f 783 2871 4904
f 783 4904 2891
f 2891 4904 2874
f 2891 2874 787
f 4904 2892 786
f 4904 786 2874
f 2871 782 2892
f 2871 2892 4904
f 782 2870 4905
f 782 4905 2892
f 2892 4905 2873
f 2892 2873 786
f 4905 2893 785
f 4905 785 2873
f 2870 781 2893
f 2870 2893 4905
f 1135 3591 4906
f 1135 4906 3543
f 3543 4906 3593
f 3543 3593 1137
f 4906 3396 1055
f 4906 1055 3593
f 3591 1053 3396
f 3591 3396 4906
f 2 4147 4907
f 2 4907 1503
f 1503 4907 4200
f 1503 4200 20
f 4907 2894 784
f 4907 784 4200
f 4147 780 2894
f 4147 2894 4907
f 780 2869 4908
f 780 4908 2894
f 2894 4908 2872
f 2894 2872 784
f 4908 2895 783
f 4908 783 2872
f 2869 779 2895
f 2869 2895 4908
f 779 2868 4909
f 779 4909 2895
f 2895 4909 2871
f 2895 2871 783
f 4909 2896 782
f 4909 782 2871
f 2868 778 2896
f 2868 2896 4909
f 778 2867 4910
f 778 4910 2896
f 2896 4910 2870
f 2896 2870 782
f 4910 2897 781
f 4910 781 2870
f 2867 777 2897
f 2867 2897 4910
f 1133 3589 4911
f 1133 4911 3546
f 3546 4911 3591
f 3546 3591 1135
f 4911 3393 1053
f 4911 1053 3591
f 3589 1051 3393
f 3589 3393 4911
f 19 4140 4912
f 19 4912 1490
f 1490 4912 4147
f 1490 4147 2
f 4912 2898 780
f 4912 780 4147
f 4140 776 2898
f 4140 2898 4912
f 776 2866 4913
f 776 4913 2898
f 2898 4913 2869
f 2898 2869 780
f 4913 2899 779
f 4913 779 2869
f 2866 775 2899
f 2866 2899 4913
f 775 2865 4914
f 775 4914 2899
f 2899 4914 2868
f 2899 2868 779
f 4914 2900 778
f 4914 778 2868
f 2865 774 2900
f 2865 2900 4914
f 774 2864 4915
f 774 4915 2900
f 2900 4915 2867
f 2900 2867 778
f 4915 2901 777
f 4915 777 2867
f 2864 773 2901
f 2864 2901 4915
f 1131 3587 4916
f 1131 4916 3549
f 3549 4916 3589
f 3549 3589 1133
f 4916 3390 1051
f 4916 1051 3589
f 3587 1049 3390
f 3587 3390 4916
f 24 4192 4917
f 24 4917 1500
f 1500 4917 4140
f 1500 4140 19
f 4917 2902 776
f 4917 776 4140
f 4192 772 2902
f 4192 2902 4917
f 772 2863 4918
f 772 4918 2902
f 2902 4918 2866
f 2902 2866 776
f 4918 2903 775
f 4918 775 2866
f 2863 771 2903
f 2863 2903 4918
f 771 2862 4919
f 771 4919 2903
f 2903 4919 2865
f 2903 2865 775
f 4919 2904 774
f 4919 774 2865
f 2862 770 2904
f 2862 2904 4919
f 770 2861 4920
f 770 4920 2904
f 2904 4920 2864
f 2904 2864 774
f 4920 2905 773
f 4920 773 2864
f 2861 769 2905
f 2861 2905 4920
f 1129 3585 4921
f 1129 4921 3552
f 3552 4921 3587
f 3552 3587 1131
f 4921 3387 1049
f 4921 1049 3587
f 3585 1047 3387
f 3585 3387 4921
f 23 4194 4922
f 23 4922 1501
f 1501 4922 4192
f 1501 4192 24
f 4922 2906 772
f 4922 772 4192
f 4194 768 2906
f 4194 2906 4922
f 768 2860 4923
f 768 4923 2906
f 2906 4923 2863
f 2906 2863 772
f 4923 2907 771
f 4923 771 2863
f 2860 767 2907
f 2860 2907 4923
f 767 2859 4924
f 767 4924 2907
f 2907 4924 2862
f 2907 2862 771
f 4924 2908 770
f 4924 770 2862
f 2859 766 2908
f 2859 2908 4924
f 766 2858 4925
f 766 4925 2908
f 2908 4925 2861
f 2908 2861 770
f 4925 2909 769
f 4925 769 2861
f 2858 765 2909
f 2858 2909 4925
f 1127 3583 4926
f 1127 4926 3555
f 3555 4926 3585
f 3555 3585 1129
f 4926 3384 1047
f 4926 1047 3585
f 3583 1045 3384
f 3583 3384 4926
f 18 4153 4927
f 18 4927 1502
f 1502 4927 4194
f 1502 4194 23
f 4927 2910 768
f 4927 768 4194
f 4153 764 2910
f 4153 2910 4927
f 764 2857 4928
f 764 4928 2910
f 2910 4928 2860
f 2910 2860 768
f 4928 2911 767
f 4928 767 2860
f 2857 763 2911
f 2857 2911 4928
f 763 2856 4929
f 763 4929 2911
f 2911 4929 2859
f 2911 2859 767
f 4929 2912 766
f 4929 766 2859
f 2856 762 2912
f 2856 2912 4929
f 762 2855 4930
f 762 4930 2912
f 2912 4930 2858
f 2912 2858 766
f 4930 2913 765
f 4930 765 2858
f 2855 761 2913
f 2855 2913 4930
f 1125 3581 4931
f 1125 4931 3558
f 3558 4931 3583
f 3558 3583 1127
f 4931 3381 1045
f 4931 1045 3583
f 3581 1043 3381
f 3581 3381 4931
f 21 4199 4932
f 21 4932 1506
f 1506 4932 4153
f 1506 4153 18
f 4932 2914 764
f 4932 764 4153
f 4199 760 2914
f 4199 2914 4932
f 760 2854 4933
f 760 4933 2914
f 2914 4933 2857
f 2914 2857 764
f 4933 2915 763
f 4933 763 2857
f 2854 759 2915
f 2854 2915 4933
f 759 2853 4934
f 759 4934 2915
f 2915 4934 2856
f 2915 2856 763
f 4934 2916 762
f 4934 762 2856
f 2853 758 2916
f 2853 2916 4934
f 758 2852 4935
f 758 4935 2916
f 2916 4935 2855
f 2916 2855 762
f 4935 2917 761
f 4935 761 2855
f 2852 757 2917
f 2852 2917 4935
f 1143 3577 4936
f 1143 4936 3564
f 3564 4936 3580
f 3564 3580 1123
f 4936 3375 1041
f 4936 1041 3580
f 3577 1060 3375
f 3577 3375 4936
f 22 4201 4937
f 22 4937 1498
f 1498 4937 4199
f 1498 4199 21
f 4937 2918 760
f 4937 760 4199
f 4201 809 2918
f 4201 2918 4937
f 809 2978 4938
f 809 4938 2918
f 2918 4938 2854
f 2918 2854 760
f 4938 2919 759
f 4938 759 2854
f 2978 810 2919
f 2978 2919 4938
f 810 2977 4939
f 810 4939 2919
f 2919 4939 2853
f 2919 2853 759
f 4939 2920 758
f 4939 758 2853
f 2977 811 2920
f 2977 2920 4939
f 811 2976 4940
f 811 4940 2920
f 2920 4940 2852
f 2920 2852 758
f 4940 2921 757
f 4940 757 2852
f 2976 812 2921
f 2976 2921 4940
f 757 3578 4941
f 757 4941 2917
f 2917 4941 3579
f 2917 3579 761
f 4941 3562 1124
f 4941 1124 3579
f 3578 1122 3562
f 3578 3562 4941
f 4 4145 4942
f 4 4942 1454
f 1454 4942 4146
f 1454 4146 3
f 4942 2922 756
f 4942 756 4146
f 4145 752 2922
f 4145 2922 4942
f 752 2848 4943
f 752 4943 2922
f 2922 4943 2851
f 2922 2851 756
f 4943 2923 755
f 4943 755 2851
f 2848 751 2923
f 2848 2923 4943
f 751 2847 4944
f 751 4944 2923
f 2923 4944 2850
f 2923 2850 755
f 4944 2924 754
f 4944 754 2850
f 2847 750 2924
f 2847 2924 4944
f 750 2846 4945
f 750 4945 2924
f 2924 4945 2849
f 2924 2849 754
f 4945 2925 753
f 4945 753 2849
f 2846 749 2925
f 2846 2925 4945
f 797 3431 4946
f 797 4946 3571
f 3571 4946 3574
f 3571 3574 1118
f 4946 3371 1093
f 4946 1093 3574
f 3431 1036 3371
f 3431 3371 4946
f 9 4152 4947
f 9 4947 1489
f 1489 4947 4145
f 1489 4145 4
f 4947 2926 752
f 4947 752 4145
f 4152 798 2926
f 4152 2926 4947
f 798 2959 4948
f 798 4948 2926
f 2926 4948 2848
f 2926 2848 752
f 4948 2927 751
f 4948 751 2848
f 2959 799 2927
f 2959 2927 4948
f 799 2958 4949
f 799 4949 2927
f 2927 4949 2847
f 2927 2847 751
f 4949 2928 750
f 4949 750 2847
f 2958 800 2928
f 2958 2928 4949
f 800 2957 4950
f 800 4950 2928
f 2928 4950 2846
f 2928 2846 750
f 4950 2929 749
f 4950 749 2846
f 2957 801 2929
f 2957 2929 4950
f 749 3572 4951
f 749 4951 2925
f 2925 4951 3573
f 2925 3573 753
f 4951 3568 1121
f 4951 1121 3573
f 3572 1119 3568
f 3572 3568 4951
f 6 4143 4952
f 6 4952 1486
f 1486 4952 4144
f 1486 4144 5
f 4952 2930 748
f 4952 748 4144
f 4143 743 2930
f 4143 2930 4952
f 743 2840 4953
f 743 4953 2930
f 2930 4953 2845
f 2930 2845 748
f 4953 2931 747
f 4953 747 2845
f 2840 742 2931
f 2840 2931 4953
f 742 2839 4954
f 742 4954 2931
f 2931 4954 2844
f 2931 2844 747
f 4954 2932 746
f 4954 746 2844
f 2839 741 2932
f 2839 2932 4954
f 741 2838 4955
f 741 4955 2932
f 2932 4955 2843
f 2932 2843 746
f 4955 2933 745
f 4955 745 2843
f 2838 740 2933
f 2838 2933 4955
f 740 2837 4956
f 740 4956 2933
f 2933 4956 2842
f 2933 2842 745
f 4956 2934 744
f 4956 744 2842
f 2837 739 2934
f 2837 2934 4956
f 7 4142 4957
f 7 4957 1487
f 1487 4957 4143
f 1487 4143 6
f 4957 2935 743
f 4957 743 4143
f 4142 738 2935
f 4142 2935 4957
f 738 2835 4958
f 738 4958 2935
f 2935 4958 2840
f 2935 2840 743
f 4958 2936 742
f 4958 742 2840
f 2835 737 2936
f 2835 2936 4958
f 737 2834 4959
f 737 4959 2936
f 2936 4959 2839
f 2936 2839 742
f 4959 2937 741
f 4959 741 2839
f 2834 736 2937
f 2834 2937 4959
f 736 2833 4960
f 736 4960 2937
f 2937 4960 2838
f 2937 2838 741
f 4960 2938 740
f 4960 740 2838
f 2833 735 2938
f 2833 2938 4960
f 735 2832 4961
f 735 4961 2938
f 2938 4961 2837
f 2938 2837 740
f 4961 2939 739
f 4961 739 2837
f 2832 734 2939
f 2832 2939 4961
f 8 4141 4962
f 8 4962 1488
f 1488 4962 4142
f 1488 4142 7
f 4962 2940 738
f 4962 738 4142
f 4141 733 2940
f 4141 2940 4962
f 733 2830 4963
f 733 4963 2940
f 2940 4963 2835
f 2940 2835 738
f 4963 2941 737
f 4963 737 2835
f 2830 732 2941
f 2830 2941 4963
f 732 2829 4964
f 732 4964 2941
f 2941 4964 2834
f 2941 2834 737
f 4964 2942 736
f 4964 736 2834
f 2829 731 2942
f 2829 2942 4964
f 731 2828 4965
f 731 4965 2942
f 2942 4965 2833
f 2942 2833 736
f 4965 2943 735
f 4965 735 2833
f 2828 730 2943
f 2828 2943 4965
f 730 2827 4966
f 730 4966 2943
f 2943 4966 2832
f 2943 2832 735
f 4966 2944 734
f 4966 734 2832
f 2827 729 2944
f 2827 2944 4966
f 11 4154 4967
f 11 4967 1497
f 1497 4967 4141
f 1497 4141 8
f 4967 2945 733
f 4967 733 4141
f 4154 804 2945
f 4154 2945 4967
f 804 2970 4968
f 804 4968 2945
f 2945 4968 2830
f 2945 2830 733
f 4968 2946 732
f 4968 732 2830
f 2970 805 2946
f 2970 2946 4968
f 805 2969 4969
f 805 4969 2946
f 2946 4969 2829
f 2946 2829 732
f 4969 2947 731
f 4969 731 2829
f 2969 806 2947
f 2969 2947 4969
f 806 2968 4970
f 806 4970 2947
f 2947 4970 2828
f 2947 2828 731
f 4970 2948 730
f 4970 730 2828
f 2968 807 2948
f 2968 2948 4970
f 807 2967 4971
f 807 4971 2948
f 2948 4971 2827
f 2948 2827 730
f 4971 2949 729
f 4971 729 2827
f 2967 808 2949
f 2967 2949 4971
f 1243 3778 4972
f 1243 4972 3738
f 3738 4972 3779
f 3738 3779 1240
f 4972 3661 1189
f 4972 1189 3779
f 3778 1192 3661
f 3778 3661 4972
f 1185 3651 4973
f 1185 4973 3714
f 3714 4973 3627
f 3714 3627 1160
f 4973 3713 1159
f 4973 1159 3627
f 3651 1180 3713
f 3651 3713 4973
f 1236 3730 4974
f 1236 4974 3774
f 3774 4974 3650
f 3774 3650 1181
f 4974 3768 1177
f 4974 1177 3650
f 3730 1234 3768
f 3730 3768 4974
f 1225 3702 4975
f 1225 4975 3722
f 3722 4975 3637
f 3722 3637 1170
f 4975 3720 1165
f 4975 1165 3637
f 3702 1204 3720
f 3702 3720 4975
f 745 2842 4976
f 745 4976 2954
f 2954 4976 2956
f 2954 2956 801
f 4976 2955 802
f 4976 802 2956
f 2842 744 2955
f 2842 2955 4976
f 746 2843 4977
f 746 4977 2953
f 2953 4977 2957
f 2953 2957 800
f 4977 2954 801
f 4977 801 2957
f 2843 745 2954
f 2843 2954 4977
f 747 2844 4978
f 747 4978 2952
f 2952 4978 2958
f 2952 2958 799
f 4978 2953 800
f 4978 800 2958
f 2844 746 2953
f 2844 2953 4978
f 748 2845 4979
f 748 4979 2951
f 2951 4979 2959
f 2951 2959 798
f 4979 2952 799
f 4979 799 2959
f 2845 747 2952
f 2845 2952 4979
f 5 4144 4980
f 5 4980 1485
f 1485 4980 4152
f 1485 4152 9
f 4980 2951 798
f 4980 798 4152
f 4144 748 2951
f 4144 2951 4980
f 744 2841 4981
f 744 4981 2955
f 2955 4981 2960
f 2955 2960 802
f 5642 2950 797
f 5642 797 5582
f 5581 723 2950
f 5581 2950 5642
f 727 2825 4982
f 727 4982 2965
f 2965 4982 2967
f 2965 2967 807
f 4982 2966 808
f 4982 808 2967
f 2825 728 2966
f 2825 2966 4982
f 726 2824 4983
f 726 4983 2964
f 2964 4983 2968
f 2964 2968 806
f 4983 2965 807
f 4983 807 2968
f 2824 727 2965
f 2824 2965 4983
f 725 2823 4984
f 725 4984 2963
f 2963 4984 2969
f 2963 2969 805
f 4984 2964 806
f 4984 806 2969
f 2823 726 2964
f 2823 2964 4984
f 724 2822 4985
f 724 4985 2962
f 2962 4985 2970
f 2962 2970 804
f 4985 2963 805
f 4985 805 2970
f 2822 725 2963
f 2822 2963 4985
f 10 4151 4986
f 10 4986 1496
f 1496 4986 4154
f 1496 4154 11
f 4986 2962 804
f 4986 804 4154
f 4151 724 2962
f 4151 2962 4986
f 728 2817 4987
f 728 4987 2966
f 2966 4987 2971
f 2966 2971 808
f 5643 2961 803
f 5643 803 5583
f 5577 719 2961
f 5577 2961 5643
f 1120 3575 4988
f 1120 4988 3569
f 3569 4988 3577
f 3569 3577 1143
f 4988 3404 1060
f 4988 1060 3577
f 3575 1039 3404
f 3575 3404 4988
f 754 2849 4989
f 754 4989 2974
f 2974 4989 2976
f 2974 2976 811
f 4989 2975 812
f 4989 812 2976
f 2849 753 2975
f 2849 2975 4989
f 755 2850 4990
f 755 4990 2973
f 2973 4990 2977
f 2973 2977 810
f 4990 2974 811
f 4990 811 2977
f 2850 754 2974
f 2850 2974 4990
f 756 2851 4991
f 756 4991 2972
f 2972 4991 2978
f 2972 2978 809
f 4991 2973 810
f 4991 810 2978
f 2851 755 2973
f 2851 2973 4991
f 3 4146 4992
f 3 4992 1505
f 1505 4992 4201
f 1505 4201 22
f 4992 2972 809
f 4992 809 4201
f 4146 756 2972
f 4146 2972 4992
f 819 3049 4993
f 819 4993 3085
f 3085 4993 3084
f 3085 3084 867
f 4993 3086 862
f 4993 862 3084
f 3049 818 3086
f 3049 3086 4993
f 830 3019 4994
f 830 4994 3088
f 3088 4994 3070
f 3088 3070 864
f 4994 3089 873
f 4994 873 3070
f 3019 849 3089
f 3019 3089 4994
f 842 3025 4995
f 842 4995 3091
f 3091 4995 3074
f 3091 3074 866
f 4995 3087 869
f 4995 869 3074
f 3025 831 3087
f 3025 3087 4995
f 1063 3429 4996
f 1063 4996 3439
f 3439 4996 3359
f 3439 3359 1000
f 4996 3443 1026
f 4996 1026 3359
f 3429 1078 3443
f 3429 3443 4996
f 843 3037 4997
f 843 4997 3090
f 3090 4997 3079
f 3090 3079 871
f 4997 3091 866
f 4997 866 3079
f 3037 842 3091
f 3037 3091 4997
f 831 3043 4998
f 831 4998 3087
f 3087 4998 3081
f 3087 3081 869
f 4998 3088 864
f 4998 864 3081
f 3043 830 3088
f 3043 3088 4998
f 861 3083 4999
f 861 4999 3082
f 3082 4999 3062
f 3082 3062 884
f 4999 3075 882
f 4999 882 3062
f 3083 868 3075
f 3083 3075 4999
f 1016 3287 5000
f 1016 5000 3450
f 3450 5000 3409
f 3450 3409 1077
f 5000 3451 1074
f 5000 1074 3409
f 3287 1017 3451
f 3287 3451 5000
f 1073 3421 5001
f 1073 5001 3434
f 3434 5001 3283
f 3434 3283 1005
f 5001 3448 1004
f 5001 1004 3283
f 3421 1070 3448
f 3421 3448 5001
f 1004 4059 5002
f 1004 5002 3308
f 3308 5002 4055
f 3308 4055 1091
f 5002 4014 1401
f 5002 1401 4055
f 4059 1392 4014
f 4059 4014 5002
f 1068 4060 5003
f 1068 5003 3419
f 3419 5003 4045
f 3419 4045 1069
f 5003 4022 1399
f 5003 1399 4045
f 4060 1396 4022
f 4060 4022 5003
f 1003 3979 5004
f 1003 5004 3309
f 3309 5004 3975
f 3309 3975 1085
f 5004 3934 1369
f 5004 1369 3975
f 3979 1360 3934
f 3979 3934 5004
f 1066 3980 5005
f 1066 5005 3417
f 3417 5005 3965
f 3417 3965 1067
f 5005 3942 1367
f 5005 1367 3965
f 3980 1364 3942
f 3980 3942 5005
f 1062 3441 5006
f 1062 5006 3430
f 3430 5006 3442
f 3430 3442 1079
f 5006 3090 871
f 5006 871 3442
f 3441 843 3090
f 3441 3090 5006
f 721 2819 5007
f 721 5007 2994
f 2994 5007 3014
f 2994 3014 825
f 5007 2985 854
f 5007 854 3014
f 2819 720 2985
f 2819 2985 5007
f 825 3014 5008
f 825 5008 2995
f 2995 5008 3015
f 2995 3015 826
f 5008 3012 853
f 5008 853 3015
f 3014 854 3012
f 3014 3012 5008
f 1377 3995 5009
f 1377 5009 4039
f 4039 5009 3040
f 4039 3040 834
f 5009 4040 827
f 5009 827 3040
f 3995 1374 4040
f 3995 4040 5009
f 1378 3986 5010
f 1378 5010 4041
f 4041 5010 3022
f 4041 3022 839
f 5010 4039 834
f 5010 834 3022
f 3986 1377 4039
f 3986 4039 5010
f 1345 3915 5011
f 1345 5011 3959
f 3959 5011 3041
f 3959 3041 833
f 5011 3960 828
f 5011 828 3041
f 3915 1342 3960
f 3915 3960 5011
f 1346 3906 5012
f 1346 5012 3961
f 3961 5012 3023
f 3961 3023 840
f 5012 3959 833
f 5012 833 3023
f 3906 1345 3959
f 3906 3959 5012
f 828 3017 5013
f 828 5013 2996
f 2996 5013 3018
f 2996 3018 829
f 5013 3011 850
f 5013 850 3018
f 3017 851 3011
f 3017 3011 5013
f 829 3018 5014
f 829 5014 2997
f 2997 5014 3019
f 2997 3019 830
f 5014 3010 849
f 5014 849 3019
f 3018 850 3010
f 3018 3010 5014
f 723 2821 5015
f 723 5015 3002
f 3002 5015 3020
f 3002 3020 837
f 5015 2982 836
f 5015 836 3020
f 2821 722 2982
f 2821 2982 5015
f 837 3020 5016
f 837 5016 3003
f 3003 5016 3021
f 3003 3021 838
f 5016 3001 835
f 5016 835 3021
f 3020 836 3001
f 3020 3001 5016
f 847 3033 5017
f 847 5017 4043
f 4043 5017 3994
f 4043 3994 1381
f 5017 4042 1379
f 5017 1379 3994
f 3033 838 4042
f 3033 4042 5017
f 838 3021 5018
f 838 5018 4042
f 4042 5018 3988
f 4042 3988 1379
f 5018 4037 1376
f 5018 1376 3988
f 3021 835 4037
f 3021 4037 5018
f 846 3034 5019
f 846 5019 3963
f 3963 5019 3914
f 3963 3914 1349
f 5019 3962 1347
f 5019 1347 3914
f 3034 839 3962
f 3034 3962 5019
f 839 3022 5020
f 839 5020 3962
f 3962 5020 3908
f 3962 3908 1347
f 5020 3957 1344
f 5020 1344 3908
f 3022 834 3957
f 3022 3957 5020
f 840 3023 5021
f 840 5021 3004
f 3004 5021 3024
f 3004 3024 841
f 5021 3000 832
f 5021 832 3024
f 3023 833 3000
f 3023 3000 5021
f 841 3024 5022
f 841 5022 3005
f 3005 5022 3025
f 3005 3025 842
f 5022 2999 831
f 5022 831 3025
f 3024 832 2999
f 3024 2999 5022
f 720 2818 5023
f 720 5023 2985
f 2985 5023 3026
f 2985 3026 854
f 5023 2980 824
f 5023 824 3026
f 2818 803 2980
f 2818 2980 5023
f 854 3026 5024
f 854 5024 3012
f 3012 5024 3027
f 3012 3027 853
f 5024 2993 823
f 5024 823 3027
f 3026 824 2993
f 3026 2993 5024
f 835 3039 5025
f 835 5025 4037
f 4037 5025 3996
f 4037 3996 1376
f 5025 4038 1375
f 5025 1375 3996
f 3039 826 4038
f 3039 4038 5025
f 853 3027 5026
f 853 5026 4036
f 4036 5026 3991
f 4036 3991 1382
f 5026 4033 1372
f 5026 1372 3991
f 3027 823 4033
f 3027 4033 5026
f 834 3040 5027
f 834 5027 3957
f 3957 5027 3916
f 3957 3916 1344
f 5027 3958 1343
f 5027 1343 3916
f 3040 827 3958
f 3040 3958 5027
f 852 3028 5028
f 852 5028 3956
f 3956 5028 3911
f 3956 3911 1350
f 5028 3953 1340
f 5028 1340 3911
f 3028 822 3953
f 3028 3953 5028
f 851 3029 5029
f 851 5029 3011
f 3011 5029 3030
f 3011 3030 850
f 5029 2992 820
f 5029 820 3030
f 3029 821 2992
f 3029 2992 5029
f 850 3030 5030
f 850 5030 3010
f 3010 5030 3031
f 3010 3031 849
f 5030 2991 819
f 5030 819 3031
f 3030 820 2991
f 3030 2991 5030
f 797 2950 5031
f 797 5031 2984
f 2984 5031 3032
f 2984 3032 848
f 5031 3002 837
f 5031 837 3032
f 2950 723 3002
f 2950 3002 5031
f 848 3032 5032
f 848 5032 3009
f 3009 5032 3033
f 3009 3033 847
f 5032 3003 838
f 5032 838 3033
f 3032 837 3003
f 3032 3003 5032
f 1380 3992 5033
f 1380 5033 4044
f 4044 5033 3034
f 4044 3034 846
f 5033 4041 839
f 5033 839 3034
f 3992 1378 4041
f 3992 4041 5033
f 1399 4026 5034
f 1399 5034 4045
f 4045 5034 3447
f 4045 3447 1069
f 5034 4044 846
f 5034 846 3447
f 4026 1380 4044
f 4026 4044 5034
f 1348 3912 5035
f 1348 5035 3964
f 3964 5035 3035
f 3964 3035 845
f 5035 3961 840
f 5035 840 3035
f 3912 1346 3961
f 3912 3961 5035
f 1367 3946 5036
f 1367 5036 3965
f 3965 5036 3445
f 3965 3445 1067
f 5036 3964 845
f 5036 845 3445
f 3946 1348 3964
f 3946 3964 5036
f 845 3035 5037
f 845 5037 3008
f 3008 5037 3036
f 3008 3036 844
f 5037 3004 841
f 5037 841 3036
f 3035 840 3004
f 3035 3004 5037
f 844 3036 5038
f 844 5038 3007
f 3007 5038 3037
f 3007 3037 843
f 5038 3005 842
f 5038 842 3037
f 3036 841 3005
f 3036 3005 5038
f 722 2820 5039
f 722 5039 2982
f 2982 5039 3038
f 2982 3038 836
f 5039 2994 825
f 5039 825 3038
f 2820 721 2994
f 2820 2994 5039
f 836 3038 5040
f 836 5040 3001
f 3001 5040 3039
f 3001 3039 835
f 5040 2995 826
f 5040 826 3039
f 3038 825 2995
f 3038 2995 5040
f 826 3015 5041
f 826 5041 4038
f 4038 5041 3984
f 4038 3984 1375
f 5041 4036 1382
f 5041 1382 3984
f 3015 853 4036
f 3015 4036 5041
f 1374 3982 5042
f 1374 5042 4040
f 4040 5042 3016
f 4040 3016 827
f 5042 4035 852
f 5042 852 3016
f 3982 1383 4035
f 3982 4035 5042
f 827 3016 5043
f 827 5043 3958
f 3958 5043 3904
f 3958 3904 1343
f 5043 3956 1350
f 5043 1350 3904
f 3016 852 3956
f 3016 3956 5043
f 1342 3902 5044
f 1342 5044 3960
f 3960 5044 3017
f 3960 3017 828
f 5044 3955 851
f 5044 851 3017
f 3902 1351 3955
f 3902 3955 5044
f 833 3041 5045
f 833 5045 3000
f 3000 5045 3042
f 3000 3042 832
f 5045 2996 829
f 5045 829 3042
f 3041 828 2996
f 3041 2996 5045
f 832 3042 5046
f 832 5046 2999
f 2999 5046 3043
f 2999 3043 831
f 5046 2997 830
f 5046 830 3043
f 3042 829 2997
f 3042 2997 5046
f 803 2961 5047
f 803 5047 2980
f 2980 5047 3044
f 2980 3044 824
f 5047 2986 813
f 5047 813 3044
f 2961 719 2986
f 2961 2986 5047
f 824 3044 5048
f 824 5048 2993
f 2993 5048 3045
f 2993 3045 823
f 5048 2987 814
f 5048 814 3045
f 3044 813 2987
f 3044 2987 5048
f 1385 4034 5049
f 1385 5049 4002
f 4002 5049 4032
f 4002 4032 1371
f 5049 3354 815
f 5049 815 4032
f 4034 979 3354
f 4034 3354 5049
f 823 3045 5050
f 823 5050 4033
f 4033 5050 3999
f 4033 3999 1372
f 5050 4030 1370
f 5050 1370 3999
f 3045 814 4030
f 3045 4030 5050
f 1353 3954 5051
f 1353 5051 3922
f 3922 5051 3952
f 3922 3952 1339
f 5051 3263 816
f 5051 816 3952
f 3954 978 3263
f 3954 3263 5051
f 822 3046 5052
f 822 5052 3953
f 3953 5052 3919
f 3953 3919 1340
f 5052 3950 1338
f 5052 1338 3919
f 3046 815 3950
f 3046 3950 5052
f 821 3047 5053
f 821 5053 2992
f 2992 5053 3048
f 2992 3048 820
f 5053 2988 817
f 5053 817 3048
f 3047 816 2988
f 3047 2988 5053
f 820 3048 5054
f 820 5054 2991
f 2991 5054 3049
f 2991 3049 819
f 5054 2989 818
f 5054 818 3049
f 3048 817 2989
f 3048 2989 5054
f 1081 3893 5055
f 1081 5055 3437
f 3437 5055 3900
f 3437 3900 1027
f 5055 3870 1337
f 5055 1337 3900
f 3893 1330 3870
f 3893 3870 5055
f 865 3072 5056
f 865 5056 3886
f 3886 5056 3878
f 3886 3878 1331
f 5056 3887 1327
f 5056 1327 3878
f 3072 870 3887
f 3072 3887 5056
f 849 3031 5057
f 849 5057 3089
f 3089 5057 3077
f 3089 3077 873
f 5057 3085 867
f 5057 867 3077
f 3031 819 3085
f 3031 3085 5057
f 874 3076 5058
f 874 5058 3888
f 3888 5058 3884
f 3888 3884 1323
f 5058 3889 1322
f 5058 1322 3884
f 3076 868 3889
f 3076 3889 5058
f 872 3078 5059
f 872 5059 3899
f 3899 5059 3876
f 3899 3876 1333
f 5059 3886 1331
f 5059 1331 3876
f 3078 865 3886
f 3078 3886 5059
f 870 3080 5060
f 870 5060 3887
f 3887 5060 3881
f 3887 3881 1327
f 5060 3890 1324
f 5060 1324 3881
f 3080 863 3890
f 3080 3890 5060
f 863 3068 5061
f 863 5061 3890
f 3890 5061 3883
f 3890 3883 1324
f 5061 3888 1323
f 5061 1323 3883
f 3068 874 3888
f 3068 3888 5061
f 859 3453 5062
f 859 5062 3013
f 3013 5062 3452
f 3013 3452 860
f 5062 3411 1075
f 5062 1075 3452
f 3453 1076 3411
f 3453 3411 5062
f 858 3096 5063
f 858 5063 3057
f 3057 5063 3070
f 3057 3070 873
f 5063 3069 864
f 5063 864 3070
f 3096 855 3069
f 3096 3069 5063
f 877 3094 5064
f 877 5064 2998
f 2998 5064 3074
f 2998 3074 869
f 5064 3073 866
f 5064 866 3074
f 3094 880 3073
f 3094 3073 5064
f 881 3092 5065
f 881 5065 3061
f 3061 5065 3077
f 3061 3077 867
f 5065 3057 873
f 5065 873 3077
f 3092 858 3057
f 3092 3057 5065
f 880 3050 5066
f 880 5066 3073
f 3073 5066 3079
f 3073 3079 866
f 5066 3056 871
f 5066 871 3079
f 3050 860 3056
f 3050 3056 5066
f 855 2981 5067
f 855 5067 3069
f 3069 5067 3081
f 3069 3081 864
f 5067 2998 869
f 5067 869 3081
f 2981 877 2998
f 2981 2998 5067
f 883 3058 5068
f 883 5068 3052
f 3052 5068 3084
f 3052 3084 862
f 5068 3061 867
f 5068 867 3084
f 3058 881 3061
f 3058 3061 5068
f 868 3083 5069
f 868 5069 3889
f 3889 5069 3873
f 3889 3873 1322
f 5069 3885 1335
f 5069 1335 3873
f 3083 861 3885
f 3083 3885 5069
f 884 3062 5070
f 884 5070 2983
f 2983 5070 3058
f 2983 3058 883
f 5070 3059 881
f 5070 881 3058
f 3062 882 3059
f 3062 3059 5070
f 863 3080 5071
f 863 5071 3006
f 3006 5071 3051
f 3006 3051 856
f 5071 3071 878
f 5071 878 3051
f 3080 870 3071
f 3080 3071 5071
f 856 3051 5072
f 856 5072 3054
f 3054 5072 2981
f 3054 2981 855
f 5072 3060 877
f 5072 877 2981
f 3051 878 3060
f 3051 3060 5072
f 865 3078 5073
f 865 5073 3053
f 3053 5073 3063
f 3053 3063 879
f 5073 3064 859
f 5073 859 3063
f 3078 872 3064
f 3078 3064 5073
f 879 3063 5074
f 879 5074 2990
f 2990 5074 3050
f 2990 3050 880
f 5074 3013 860
f 5074 860 3050
f 3063 859 3013
f 3063 3013 5074
f 868 3076 5075
f 868 5075 3075
f 3075 5075 2979
f 3075 2979 882
f 5075 3067 857
f 5075 857 2979
f 3076 874 3067
f 3076 3067 5075
f 882 2979 5076
f 882 5076 3059
f 3059 5076 3092
f 3059 3092 881
f 5076 3055 858
f 5076 858 3092
f 2979 857 3055
f 2979 3055 5076
f 870 3072 5077
f 870 5077 3071
f 3071 5077 3093
f 3071 3093 878
f 5077 3053 879
f 5077 879 3093
f 3072 865 3053
f 3072 3053 5077
f 878 3093 5078
f 878 5078 3060
f 3060 5078 3094
f 3060 3094 877
f 5078 2990 880
f 5078 880 3094
f 3093 879 2990
f 3093 2990 5078
f 874 3068 5079
f 874 5079 3067
f 3067 5079 3095
f 3067 3095 857
f 5079 3006 856
f 5079 856 3095
f 3068 863 3006
f 3068 3006 5079
f 857 3095 5080
f 857 5080 3055
f 3055 5080 3096
f 3055 3096 858
f 5080 3054 855
f 5080 855 3096
f 3095 856 3054
f 3095 3054 5080
f 1017 3329 5081
f 1017 5081 3451
f 3451 5081 3426
f 3451 3426 1074
f 5081 3443 1078
f 5081 1078 3426
f 3329 1026 3443
f 3329 3443 5081
f 971 3227 5082
f 971 5082 3248
f 5589 5644 3097
f 5589 3097 966
f 5644 5584 885
f 5644 885 3097
f 3227 891 3102
f 3227 3102 5082
f 891 3222 5083
f 891 5083 3102
f 5584 5645 3098
f 5584 3098 885
f 5645 5585 886
f 5645 886 3098
f 3222 896 3107
f 3222 3107 5083
f 896 3217 5084
f 896 5084 3107
f 5585 5646 3099
f 5585 3099 886
f 5646 5586 887
f 5646 887 3099
f 3217 901 3112
f 3217 3112 5084
f 901 3212 5085
f 901 5085 3112
f 5586 5647 3100
f 5586 3100 887
f 5647 5587 888
f 5647 888 3100
f 3212 906 3117
f 3212 3117 5085
f 812 3576 5086
f 812 5086 2921
f 2921 5086 3578
f 2921 3578 757
f 5086 3565 1122
f 5086 1122 3578
f 3576 1142 3565
f 3576 3565 5086
f 965 3207 5087
f 965 5087 3238
f 5588 5648 3624
f 5588 3624 960
f 5648 5590 1144
f 5648 1144 3624
f 3207 911 3435
f 3207 3435 5087
f 761 3579 5088
f 761 5088 2913
f 2913 5088 3582
f 2913 3582 765
f 5088 3559 1126
f 5088 1126 3582
f 3579 1124 3559
f 3579 3559 5088
f 928 3186 5089
f 928 5089 3518
f 3518 5089 3496
f 3518 3496 1101
f 5089 3520 1103
f 5089 1103 3496
f 3186 932 3520
f 3186 3520 5089
f 765 3582 5090
f 765 5090 2909
f 2909 5090 3584
f 2909 3584 769
f 5090 3556 1128
f 5090 1128 3584
f 3582 1126 3556
f 3582 3556 5090
f 769 3584 5091
f 769 5091 2905
f 2905 5091 3586
f 2905 3586 773
f 5091 3553 1130
f 5091 1130 3586
f 3584 1128 3553
f 3584 3553 5091
f 773 3586 5092
f 773 5092 2901
f 2901 5092 3588
f 2901 3588 777
f 5092 3550 1132
f 5092 1132 3588
f 3586 1130 3550
f 3586 3550 5092
f 777 3588 5093
f 777 5093 2897
f 2897 5093 3590
f 2897 3590 781
f 5093 3547 1134
f 5093 1134 3590
f 3588 1132 3547
f 3588 3547 5093
f 781 3590 5094
f 781 5094 2893
f 2893 5094 3592
f 2893 3592 785
f 5094 3544 1136
f 5094 1136 3592
f 3590 1134 3544
f 3590 3544 5094
f 785 3592 5095
f 785 5095 2889
f 2889 5095 3594
f 2889 3594 789
f 5095 3541 1138
f 5095 1138 3594
f 3592 1136 3541
f 3592 3541 5095
f 789 3594 5096
f 789 5096 2885
f 2885 5096 3596
f 2885 3596 793
f 5096 3538 1140
f 5096 1140 3596
f 3594 1138 3538
f 3594 3538 5096
f 1233 3763 5097
f 1233 5097 3769
f 3769 5097 3701
f 3769 3701 1172
f 5097 3773 1221
f 5097 1221 3701
f 3763 1258 3773
f 3763 3773 5097
f 5723 4186 5098
f 5723 5098 5739
f 5739 5098 4166
f 5739 4166 5717
f 5098 3787 959
f 5098 959 4166
f 4186 1246 3787
f 4186 3787 5098
f 1247 3786 5099
f 1247 5099 3744
f 3744 5099 3784
f 3744 3784 1245
f 5099 3670 1196
f 5099 1196 3784
f 3786 1201 3670
f 3786 3670 5099
f 956 3781 5100
f 956 5100 3532
f 3532 5100 3782
f 3532 3782 1115
f 5100 3754 1253
f 5100 1253 3782
f 3781 1241 3754
f 3781 3754 5100
f 1254 3795 5101
f 1254 5101 3757
f 3757 5101 3788
f 3757 3788 1251
f 5101 3691 1208
f 5101 1208 3788
f 3795 1213 3691
f 3795 3691 5101
f 5718 5740 5102
f 5718 5102 4167
f 4167 5102 3159
f 4167 3159 955
f 5102 4166 959
f 5102 959 3159
f 5740 5717 4166
f 5740 4166 5102
f 955 3159 5103
f 955 5103 3155
f 3155 5103 3160
f 3155 3160 954
f 5103 3158 958
f 5103 958 3160
f 3159 959 3158
f 3159 3158 5103
f 954 3160 5104
f 954 5104 3154
f 3154 5104 3161
f 3154 3161 953
f 5104 3157 957
f 5104 957 3161
f 3160 958 3157
f 3160 3157 5104
f 953 3161 5105
f 953 5105 3153
f 3153 5105 3162
f 3153 3162 952
f 5105 3156 956
f 5105 956 3162
f 3161 957 3156
f 3161 3156 5105
f 1112 3479 5106
f 1112 5106 3531
f 3531 5106 3400
f 3531 3400 1056
f 5106 3533 1058
f 5106 1058 3400
f 3479 1114 3533
f 3479 3533 5106
f 951 3163 5107
f 951 5107 3152
f 3152 5107 3164
f 3152 3164 950
f 5107 3155 954
f 5107 954 3164
f 3163 955 3155
f 3163 3155 5107
f 950 3164 5108
f 950 5108 3151
f 3151 5108 3165
f 3151 3165 949
f 5108 3154 953
f 5108 953 3165
f 3164 954 3154
f 3164 3154 5108
f 949 3165 5109
f 949 5109 3150
f 3150 5109 3166
f 3150 3166 948
f 5109 3153 952
f 5109 952 3166
f 3165 953 3153
f 3165 3153 5109
f 1110 3482 5110
f 1110 5110 3529
f 3529 5110 3397
f 3529 3397 1054
f 5110 3531 1056
f 5110 1056 3397
f 3482 1112 3531
f 3482 3531 5110
f 15 1491 5111
f 15 5111 4160
f 4160 5111 3167
f 4160 3167 947
f 5111 4161 951
f 5111 951 3167
f 1491 16 4161
f 1491 4161 5111
f 947 3167 5112
f 947 5112 3149
f 3149 5112 3168
f 3149 3168 946
f 5112 3152 950
f 5112 950 3168
f 3167 951 3152
f 3167 3152 5112
f 946 3168 5113
f 946 5113 3148
f 3148 5113 3169
f 3148 3169 945
f 5113 3151 949
f 5113 949 3169
f 3168 950 3151
f 3168 3151 5113
f 945 3169 5114
f 945 5114 3147
f 3147 5114 3170
f 3147 3170 944
f 5114 3150 948
f 5114 948 3170
f 3169 949 3150
f 3169 3150 5114
f 1108 3485 5115
f 1108 5115 3527
f 3527 5115 3394
f 3527 3394 1052
f 5115 3529 1054
f 5115 1054 3394
f 3485 1110 3529
f 3485 3529 5115
f 5691 5116 4168
f 5691 4168 5719
f 5116 3171 943
f 5116 943 4168
f 4160 947 3171
f 4160 3171 5116
f 943 3171 5117
f 943 5117 3146
f 3146 5117 3172
f 3146 3172 942
f 5117 3149 946
f 5117 946 3172
f 3171 947 3149
f 3171 3149 5117
f 942 3172 5118
f 942 5118 3145
f 3145 5118 3173
f 3145 3173 941
f 5118 3148 945
f 5118 945 3173
f 3172 946 3148
f 3172 3148 5118
f 941 3173 5119
f 941 5119 3144
f 3144 5119 3174
f 3144 3174 940
f 5119 3147 944
f 5119 944 3174
f 3173 945 3147
f 3173 3147 5119
f 1106 3488 5120
f 1106 5120 3525
f 3525 5120 3391
f 3525 3391 1050
f 5120 3527 1052
f 5120 1052 3391
f 3488 1108 3527
f 3488 3527 5120
f 5720 5741 5121
f 5720 5121 4169
f 4169 5121 3175
f 4169 3175 939
f 5121 4168 943
f 5121 943 3175
f 5741 5719 4168
f 5741 4168 5121
f 939 3175 5122
f 939 5122 3143
f 3143 5122 3176
f 3143 3176 938
f 5122 3146 942
f 5122 942 3176
f 3175 943 3146
f 3175 3146 5122
f 938 3176 5123
f 938 5123 3142
f 3142 5123 3177
f 3142 3177 937
f 5123 3145 941
f 5123 941 3177
f 3176 942 3145
f 3176 3145 5123
f 937 3177 5124
f 937 5124 3141
f 3141 5124 3178
f 3141 3178 936
f 5124 3144 940
f 5124 940 3178
f 3177 941 3144
f 3177 3144 5124
f 1104 3491 5125
f 1104 5125 3523
f 3523 5125 3388
f 3523 3388 1048
f 5125 3525 1050
f 5125 1050 3388
f 3491 1106 3525
f 3491 3525 5125
f 935 3179 5126
f 935 5126 3140
f 3140 5126 3180
f 3140 3180 934
f 5126 3143 938
f 5126 938 3180
f 3179 939 3143
f 3179 3143 5126
f 934 3180 5127
f 934 5127 3139
f 3139 5127 3181
f 3139 3181 933
f 5127 3142 937
f 5127 937 3181
f 3180 938 3142
f 3180 3142 5127
f 933 3181 5128
f 933 5128 3138
f 3138 5128 3182
f 3138 3182 932
f 5128 3141 936
f 5128 936 3182
f 3181 937 3141
f 3181 3141 5128
f 1102 3494 5129
f 1102 5129 3521
f 3521 5129 3385
f 3521 3385 1046
f 5129 3523 1048
f 5129 1048 3385
f 3494 1104 3523
f 3494 3523 5129
f 931 3183 5130
f 931 5130 3137
f 3137 5130 3184
f 3137 3184 930
f 5130 3140 934
f 5130 934 3184
f 3183 935 3140
f 3183 3140 5130
f 930 3184 5131
f 930 5131 3136
f 3136 5131 3185
f 3136 3185 929
f 5131 3139 933
f 5131 933 3185
f 3184 934 3139
f 3184 3139 5131
f 929 3185 5132
f 929 5132 3135
f 3135 5132 3186
f 3135 3186 928
f 5132 3138 932
f 5132 932 3186
f 3185 933 3138
f 3185 3138 5132
f 1100 3497 5133
f 1100 5133 3519
f 3519 5133 3382
f 3519 3382 1044
f 5133 3521 1046
f 5133 1046 3382
f 3497 1102 3521
f 3497 3521 5133
f 269 5726 5134
f 269 5134 4171
f 4171 5134 3187
f 4171 3187 927
f 5134 4170 931
f 5134 931 3187
f 5726 268 4170
f 5726 4170 5134
f 927 3187 5135
f 927 5135 3134
f 3134 5135 3188
f 3134 3188 926
f 5135 3137 930
f 5135 930 3188
f 3187 931 3137
f 3187 3137 5135
f 926 3188 5136
f 926 5136 3133
f 3133 5136 3189
f 3133 3189 925
f 5136 3136 929
f 5136 929 3189
f 3188 930 3136
f 3188 3136 5136
f 925 3189 5137
f 925 5137 3132
f 3132 5137 3190
f 3132 3190 924
f 5137 3135 928
f 5137 928 3190
f 3189 929 3135
f 3189 3135 5137
f 1098 3500 5138
f 1098 5138 3517
f 3517 5138 3379
f 3517 3379 1042
f 5138 3519 1044
f 5138 1044 3379
f 3500 1100 3519
f 3500 3519 5138
f 5721 5742 5139
f 5721 5139 4172
f 4172 5139 3191
f 4172 3191 923
f 5139 4171 927
f 5139 927 3191
f 269 4171 5139
f 269 5139 5742
f 923 3191 5140
f 923 5140 3131
f 3131 5140 3192
f 3131 3192 922
f 5140 3134 926
f 5140 926 3192
f 3191 927 3134
f 3191 3134 5140
f 922 3192 5141
f 922 5141 3130
f 3130 5141 3193
f 3130 3193 921
f 5141 3133 925
f 5141 925 3193
f 3192 926 3133
f 3192 3133 5141
f 921 3193 5142
f 921 5142 3129
f 3129 5142 3194
f 3129 3194 920
f 5142 3132 924
f 5142 924 3194
f 3193 925 3132
f 3193 3132 5142
f 1096 3503 5143
f 1096 5143 3515
f 3515 5143 3376
f 3515 3376 1040
f 5143 3517 1042
f 5143 1042 3376
f 3503 1098 3517
f 3503 3517 5143
f 5716 5743 5144
f 5716 5144 4163
f 4163 5144 3195
f 4163 3195 972
f 5144 4172 923
f 5144 923 3195
f 5743 5721 4172
f 5743 4172 5144
f 972 3195 5145
f 972 5145 3255
f 3255 5145 3196
f 3255 3196 973
f 5145 3131 922
f 5145 922 3196
f 3195 923 3131
f 3195 3131 5145
f 973 3196 5146
f 973 5146 3254
f 3254 5146 3197
f 3254 3197 974
f 5146 3130 921
f 5146 921 3197
f 3196 922 3130
f 3196 3130 5146
f 974 3197 5147
f 974 5147 3253
f 3253 5147 3198
f 3253 3198 975
f 5147 3129 920
f 5147 920 3198
f 3197 921 3129
f 3197 3129 5147
f 1116 3506 5148
f 1116 5148 3512
f 3512 5148 3373
f 3512 3373 1061
f 5148 3515 1040
f 5148 1040 3373
f 3506 1096 3515
f 3506 3515 5148
f 4158 5149 3199
f 4158 3199 915
f 5149 4159 919
f 5149 919 3199
f 5744 5715 4159
f 5744 4159 5149
f 915 3199 5150
f 915 5150 3125
f 3125 5150 3200
f 3125 3200 914
f 5150 3128 918
f 5150 918 3200
f 3199 919 3128
f 3199 3128 5150
f 914 3200 5151
f 914 5151 3124
f 3124 5151 3201
f 3124 3201 913
f 5151 3127 917
f 5151 917 3201
f 3200 918 3127
f 3200 3127 5151
f 913 3201 5152
f 913 5152 3123
f 3123 5152 3202
f 3123 3202 912
f 5152 3126 916
f 5152 916 3202
f 3201 917 3126
f 3201 3126 5152
f 1095 3508 5153
f 1095 5153 3511
f 3511 5153 3403
f 3511 3403 1038
f 5153 3512 1061
f 5153 1061 3403
f 3508 1116 3512
f 3508 3512 5153
f 17 1492 5154
f 17 5154 4162
f 4162 5154 3203
f 4162 3203 961
f 5154 4158 915
f 5154 915 3203
f 1492 14 4158
f 1492 4158 5154
f 961 3203 5155
f 961 5155 3237
f 3237 5155 3204
f 3237 3204 962
f 5155 3125 914
f 5155 914 3204
f 3203 915 3125
f 3203 3125 5155
f 962 3204 5156
f 962 5156 3236
f 3236 5156 3205
f 3236 3205 963
f 5156 3124 913
f 5156 913 3205
f 3204 914 3124
f 3204 3124 5156
f 963 3205 5157
f 963 5157 3235
f 3235 5157 3206
f 3235 3206 964
f 5157 3123 912
f 5157 912 3206
f 3205 913 3123
f 3205 3123 5157
f 964 3206 5158
f 964 5158 3234
f 3234 5158 3207
f 3234 3207 965
f 5158 3122 911
f 5158 911 3207
f 3206 912 3122
f 3206 3122 5158
f 12 1494 5159
f 12 5159 4156
f 4156 5159 3208
f 4156 3208 905
f 5159 4157 910
f 5159 910 3208
f 1494 13 4157
f 1494 4157 5159
f 905 3208 5160
f 905 5160 3116
f 3116 5160 3209
f 3116 3209 904
f 5160 3121 909
f 5160 909 3209
f 3208 910 3121
f 3208 3121 5160
f 904 3209 5161
f 904 5161 3115
f 3115 5161 3210
f 3115 3210 903
f 5161 3120 908
f 5161 908 3210
f 3209 909 3120
f 3209 3120 5161
f 903 3210 5162
f 903 5162 3114
f 3114 5162 3211
f 3114 3211 902
f 5162 3119 907
f 5162 907 3211
f 3210 908 3119
f 3210 3119 5162
f 902 3211 5163
f 902 5163 3113
f 3113 5163 3212
f 3113 3212 901
f 5163 3118 906
f 5163 906 3212
f 3211 907 3118
f 3211 3118 5163
f 5690 1495 5164
f 5690 5164 4155
f 4155 5164 3213
f 4155 3213 900
f 5164 4156 905
f 5164 905 3213
f 1495 12 4156
f 1495 4156 5164
f 900 3213 5165
f 900 5165 3111
f 3111 5165 3214
f 3111 3214 899
f 5165 3116 904
f 5165 904 3214
f 3213 905 3116
f 3213 3116 5165
f 899 3214 5166
f 899 5166 3110
f 3110 5166 3215
f 3110 3215 898
f 5166 3115 903
f 5166 903 3215
f 3214 904 3115
f 3214 3115 5166
f 898 3215 5167
f 898 5167 3109
f 3109 5167 3216
f 3109 3216 897
f 5167 3114 902
f 5167 902 3216
f 3215 903 3114
f 3215 3114 5167
f 897 3216 5168
f 897 5168 3108
f 3108 5168 3217
f 3108 3217 896
f 5168 3113 901
f 5168 901 3217
f 3216 902 3113
f 3216 3113 5168
f 5690 4155 5169
f 5690 5169 5727
f 5727 5169 4193
f 5727 4193 5710
f 5169 3218 895
f 5169 895 4193
f 4155 900 3218
f 4155 3218 5169
f 895 3218 5170
f 895 5170 3106
f 3106 5170 3219
f 3106 3219 894
f 5170 3111 899
f 5170 899 3219
f 3218 900 3111
f 3218 3111 5170
f 894 3219 5171
f 894 5171 3105
f 3105 5171 3220
f 3105 3220 893
f 5171 3110 898
f 5171 898 3220
f 3219 899 3110
f 3219 3110 5171
f 893 3220 5172
f 893 5172 3104
f 3104 5172 3221
f 3104 3221 892
f 5172 3109 897
f 5172 897 3221
f 3220 898 3109
f 3220 3109 5172
f 892 3221 5173
f 892 5173 3103
f 3103 5173 3222
f 3103 3222 891
f 5173 3108 896
f 5173 896 3222
f 3221 897 3108
f 3221 3108 5173
f 5710 4193 5174
f 5710 5174 5728
f 5728 5174 4164
f 5728 4164 5692
f 5174 3223 967
f 5174 967 4164
f 4193 895 3223
f 4193 3223 5174
f 967 3223 5175
f 967 5175 3247
f 3247 5175 3224
f 3247 3224 968
f 5175 3106 894
f 5175 894 3224
f 3223 895 3106
f 3223 3106 5175
f 968 3224 5176
f 968 5176 3246
f 3246 5176 3225
f 3246 3225 969
f 5176 3105 893
f 5176 893 3225
f 3224 894 3105
f 3224 3105 5176
f 969 3225 5177
f 969 5177 3245
f 3245 5177 3226
f 3245 3226 970
f 5177 3104 892
f 5177 892 3226
f 3225 893 3104
f 3225 3104 5177
f 970 3226 5178
f 970 5178 3244
f 3244 5178 3227
f 3244 3227 971
f 5178 3103 891
f 5178 891 3227
f 3226 892 3103
f 3226 3103 5178
f 1200 4180 5179
f 1200 5179 3719
f 3719 5179 4174
f 3719 4174 1164
f 5179 5729 5694
f 5179 5694 4174
f 4180 5700 5729
f 4180 5729 5179
f 1197 3667 5180
f 1197 5180 3718
f 3718 5180 3630
f 3718 3630 1163
f 5180 3719 1164
f 5180 1164 3630
f 3667 1200 3719
f 3667 3719 5180
f 1245 3784 5181
f 1245 5181 3741
f 3741 5181 3778
f 3741 3778 1243
f 5181 3666 1192
f 5181 1192 3778
f 3784 1196 3666
f 3784 3666 5181
f 1209 3688 5182
f 1209 5182 3721
f 3721 5182 3634
f 3721 3634 1166
f 5182 3723 1167
f 5182 1167 3634
f 3688 1212 3723
f 3688 3723 5182
f 907 3232 5183
f 907 5183 3118
f 3118 5183 3233
f 3118 3233 906
f 5183 3234 965
f 5183 965 3233
f 3232 964 3234
f 3232 3234 5183
f 908 3231 5184
f 908 5184 3119
f 3119 5184 3232
f 3119 3232 907
f 5184 3235 964
f 5184 964 3232
f 3231 963 3235
f 3231 3235 5184
f 909 3230 5185
f 909 5185 3120
f 3120 5185 3231
f 3120 3231 908
f 5185 3236 963
f 5185 963 3231
f 3230 962 3236
f 3230 3236 5185
f 910 3229 5186
f 910 5186 3121
f 3121 5186 3230
f 3121 3230 909
f 5186 3237 962
f 5186 962 3230
f 3229 961 3237
f 3229 3237 5186
f 13 1493 5187
f 13 5187 4157
f 4157 5187 3229
f 4157 3229 910
f 5187 4162 961
f 5187 961 3229
f 1493 17 4162
f 1493 4162 5187
f 906 3233 5188
f 906 5188 3117
f 5587 5649 3228
f 5587 3228 888
f 5649 5588 960
f 5649 960 3228
f 3233 965 3238
f 3233 3238 5188
f 727 3243 5189
f 727 5189 2825
f 2825 5189 3239
f 2825 3239 728
f 5189 3244 971
f 5189 971 3239
f 3243 970 3244
f 3243 3244 5189
f 726 3242 5190
f 726 5190 2824
f 2824 5190 3243
f 2824 3243 727
f 5190 3245 970
f 5190 970 3243
f 3242 969 3245
f 3242 3245 5190
f 890 3241 5191
f 890 5191 3322
f 3322 5191 3242
f 3322 3242 726
f 5191 3246 969
f 5191 969 3242
f 3241 968 3246
f 3241 3246 5191
f 889 3240 5192
f 889 5192 3101
f 3101 5192 3241
f 3101 3241 890
f 5192 3247 968
f 5192 968 3241
f 3240 967 3247
f 3240 3247 5192
f 5693 5730 5193
f 5693 5193 4165
f 4165 5193 3240
f 4165 3240 889
f 5193 4164 967
f 5193 967 3240
f 5730 5692 4164
f 5730 4164 5193
f 728 3239 5194
f 728 5194 2817
f 5577 5650 3319
f 5577 3319 719
f 5650 5589 966
f 5650 966 3319
f 3239 971 3248
f 3239 3248 5194
f 912 3202 5195
f 912 5195 3122
f 3122 5195 3513
f 3122 3513 911
f 5195 3509 1094
f 5195 1094 3513
f 3202 916 3509
f 3202 3509 5195
f 917 3251 5196
f 917 5196 3126
f 3126 5196 3252
f 3126 3252 916
f 5196 3253 975
f 5196 975 3252
f 3251 974 3253
f 3251 3253 5196
f 918 3250 5197
f 918 5197 3127
f 3127 5197 3251
f 3127 3251 917
f 5197 3254 974
f 5197 974 3251
f 3250 973 3254
f 3250 3254 5197
f 919 3249 5198
f 919 5198 3128
f 3128 5198 3250
f 3128 3250 918
f 5198 3255 973
f 5198 973 3250
f 3249 972 3255
f 3249 3255 5198
f 920 3194 5199
f 920 5199 3514
f 3514 5199 3502
f 3514 3502 1097
f 5199 3516 1099
f 5199 1099 3502
f 3194 924 3516
f 3194 3516 5199
f 976 3355 5200
f 976 5200 3323
f 3323 5200 3086
f 3323 3086 818
f 5200 3353 862
f 5200 862 3086
f 3355 1022 3353
f 3355 3353 5200
f 987 3357 5201
f 987 5201 3294
f 3294 5201 3358
f 3294 3358 1006
f 5201 3340 1028
f 5201 1028 3358
f 3357 1019 3340
f 3357 3340 5201
f 999 3360 5202
f 999 5202 3300
f 3300 5202 3356
f 3300 3356 988
f 5202 3344 1024
f 5202 1024 3356
f 3360 1021 3344
f 3360 3344 5202
f 1066 3416 5203
f 1066 5203 3444
f 3444 5203 3282
f 3444 3282 1002
f 5203 3438 1001
f 5203 1001 3282
f 3416 1064 3438
f 3416 3438 5203
f 1000 3359 5204
f 1000 5204 3312
f 3312 5204 3470
f 3312 3470 1090
f 5204 3458 1086
f 5204 1086 3470
f 3359 1026 3458
f 3359 3458 5204
f 988 3356 5205
f 988 5205 3318
f 3318 5205 3357
f 3318 3357 987
f 5205 3351 1019
f 5205 1019 3357
f 3356 1024 3351
f 3356 3351 5205
f 861 3082 5206
f 861 5206 3256
f 3256 5206 3345
f 3256 3345 1023
f 5206 3352 1035
f 5206 1035 3345
f 3082 884 3352
f 3082 3352 5206
f 876 3475 5207
f 876 5207 3473
f 3473 5207 3369
f 3473 3369 1092
f 5207 3511 1038
f 5207 1038 3369
f 3475 1095 3511
f 3475 3511 5207
f 1072 3432 5208
f 1072 5208 3422
f 3422 5208 3449
f 3422 3449 1071
f 5208 3009 847
f 5208 847 3449
f 3432 848 3009
f 3432 3009 5208
f 1394 4047 5209
f 1394 5209 4012
f 4012 5209 4034
f 4012 4034 1385
f 5209 3303 979
f 5209 979 4034
f 4047 1009 3303
f 4047 3303 5209
f 1071 3449 5210
f 1071 5210 4046
f 4046 5210 4025
f 4046 4025 1398
f 5210 4043 1381
f 5210 1381 4025
f 3449 847 4043
f 3449 4043 5210
f 1362 3967 5211
f 1362 5211 3932
f 3932 5211 3954
f 3932 3954 1353
f 5211 3304 978
f 5211 978 3954
f 3967 1008 3304
f 3967 3304 5211
f 1069 3447 5212
f 1069 5212 3966
f 3966 5212 3945
f 3966 3945 1366
f 5212 3963 1349
f 5212 1349 3945
f 3447 846 3963
f 3447 3963 5212
f 1067 3445 5213
f 1067 5213 3418
f 3418 5213 3440
f 3418 3440 1065
f 5213 3008 844
f 5213 844 3440
f 3445 845 3008
f 3445 3008 5213
f 1065 3440 5214
f 1065 5214 3415
f 3415 5214 3441
f 3415 3441 1062
f 5214 3007 843
f 5214 843 3441
f 3440 844 3007
f 3440 3007 5214
f 886 3268 5215
f 886 5215 3098
f 3098 5215 3262
f 3098 3262 885
f 5215 3289 1011
f 5215 1011 3262
f 3268 982 3289
f 3268 3289 5215
f 982 3269 5216
f 982 5216 3289
f 3289 5216 3286
f 3289 3286 1011
f 5216 3290 1010
f 5216 1010 3286
f 3269 983 3290
f 3269 3290 5216
f 1388 4052 5217
f 1388 5217 4018
f 4018 5217 4051
f 4018 4051 1387
f 5217 3315 984
f 5217 984 4051
f 4052 991 3315
f 4052 3315 5217
f 983 4050 5218
f 983 5218 3290
f 3290 5218 4048
f 3290 4048 1010
f 5218 4004 1395
f 5218 1395 4048
f 4050 1386 4004
f 4050 4004 5218
f 1356 3972 5219
f 1356 5219 3938
f 3938 5219 3971
f 3938 3971 1355
f 5219 3316 985
f 5219 985 3971
f 3972 990 3316
f 3972 3316 5219
f 984 3970 5220
f 984 5220 3291
f 3291 5220 3968
f 3291 3968 1009
f 5220 3924 1363
f 5220 1363 3968
f 3970 1354 3924
f 3970 3924 5220
f 985 3270 5221
f 985 5221 3292
f 3292 5221 3285
f 3292 3285 1008
f 5221 3293 1007
f 5221 1007 3285
f 3270 986 3293
f 3270 3293 5221
f 986 3271 5222
f 986 5222 3293
f 3293 5222 3284
f 3293 3284 1007
f 5222 3294 1006
f 5222 1006 3284
f 3271 987 3294
f 3271 3294 5222
f 888 3276 5223
f 888 5223 3100
f 3100 5223 3260
f 3100 3260 887
f 5223 3295 993
f 5223 993 3260
f 3276 994 3295
f 3276 3295 5223
f 994 3277 5224
f 994 5224 3295
f 3295 5224 3275
f 3295 3275 993
f 5224 3296 992
f 5224 992 3275
f 3277 995 3296
f 3277 3296 5224
f 1091 4055 5225
f 1091 5225 3463
f 3463 5225 4054
f 3463 4054 995
f 5225 4027 1390
f 5225 1390 4054
f 4055 1401 4027
f 4055 4027 5225
f 995 4054 5226
f 995 5226 3296
f 3296 5226 4049
f 3296 4049 992
f 5226 4008 1389
f 5226 1389 4049
f 4054 1390 4008
f 4054 4008 5226
f 1085 3975 5227
f 1085 5227 3457
f 3457 5227 3974
f 3457 3974 996
f 5227 3947 1358
f 5227 1358 3974
f 3975 1369 3947
f 3975 3947 5227
f 996 3974 5228
f 996 5228 3297
f 3297 5228 3969
f 3297 3969 991
f 5228 3928 1357
f 5228 1357 3969
f 3974 1358 3928
f 3974 3928 5228
f 997 3278 5229
f 997 5229 3298
f 3298 5229 3274
f 3298 3274 990
f 5229 3299 989
f 5229 989 3274
f 3278 998 3299
f 3278 3299 5229
f 998 3279 5230
f 998 5230 3299
f 3299 5230 3273
f 3299 3273 989
f 5230 3300 988
f 5230 988 3273
f 3279 999 3300
f 3279 3300 5230
f 885 3262 5231
f 885 5231 3097
f 3097 5231 3258
f 3097 3258 966
f 5231 3301 981
f 5231 981 3258
f 3262 1011 3301
f 3262 3301 5231
f 1011 3286 5232
f 1011 5232 3301
f 3301 5232 3267
f 3301 3267 981
f 5232 3302 980
f 5232 980 3267
f 3286 1010 3302
f 3286 3302 5232
f 992 4049 5233
f 992 5233 3314
f 3314 5233 4050
f 3314 4050 983
f 5233 4017 1386
f 5233 1386 4050
f 4049 1389 4017
f 4049 4017 5233
f 1010 4048 5234
f 1010 5234 3302
f 3302 5234 4029
f 3302 4029 980
f 5234 4011 1384
f 5234 1384 4029
f 4048 1395 4011
f 4048 4011 5234
f 991 3969 5235
f 991 5235 3315
f 3315 5235 3970
f 3315 3970 984
f 5235 3937 1354
f 5235 1354 3970
f 3969 1357 3937
f 3969 3937 5235
f 1009 3968 5236
f 1009 5236 3303
f 3303 5236 3949
f 3303 3949 979
f 5236 3931 1352
f 5236 1352 3949
f 3968 1363 3931
f 3968 3931 5236
f 1008 3285 5237
f 1008 5237 3304
f 3304 5237 3266
f 3304 3266 978
f 5237 3305 977
f 5237 977 3266
f 3285 1007 3305
f 3285 3305 5237
f 1007 3284 5238
f 1007 5238 3305
f 3305 5238 3265
f 3305 3265 977
f 5238 3306 976
f 5238 976 3265
f 3284 1006 3306
f 3284 3306 5238
f 1093 3472 5239
f 1093 5239 3366
f 3366 5239 3370
f 3366 3370 1039
f 5239 3369 1038
f 5239 1038 3370
f 3472 1092 3369
f 3472 3369 5239
f 1005 3283 5240
f 1005 5240 3307
f 3307 5240 3465
f 3307 3465 1089
f 5240 3308 1091
f 5240 1091 3465
f 3283 1004 3308
f 3283 3308 5240
f 1396 4060 5241
f 1396 5241 4024
f 4024 5241 4057
f 4024 4057 1393
f 5241 3446 1003
f 5241 1003 4057
f 4060 1068 3446
f 4060 3446 5241
f 1070 4058 5242
f 1070 5242 3448
f 3448 5242 4059
f 3448 4059 1004
f 5242 4023 1392
f 5242 1392 4059
f 4058 1397 4023
f 4058 4023 5242
f 1364 3980 5243
f 1364 5243 3944
f 3944 5243 3977
f 3944 3977 1361
f 5243 3444 1002
f 5243 1002 3977
f 3980 1066 3444
f 3980 3444 5243
f 1068 3978 5244
f 1068 5244 3446
f 3446 5244 3979
f 3446 3979 1003
f 5244 3943 1360
f 5244 1360 3979
f 3978 1365 3943
f 3978 3943 5244
f 1002 3282 5245
f 1002 5245 3310
f 3310 5245 3471
f 3310 3471 1087
f 5245 3311 1088
f 5245 1088 3471
f 3282 1001 3311
f 3282 3311 5245
f 1001 3281 5246
f 1001 5246 3311
f 3311 5246 3466
f 3311 3466 1088
f 5246 3312 1090
f 5246 1090 3466
f 3281 1000 3312
f 3281 3312 5246
f 887 3260 5247
f 887 5247 3099
f 3099 5247 3268
f 3099 3268 886
f 5247 3313 982
f 5247 982 3268
f 3260 993 3313
f 3260 3313 5247
f 993 3275 5248
f 993 5248 3313
f 3313 5248 3269
f 3313 3269 982
f 5248 3314 983
f 5248 983 3269
f 3275 992 3314
f 3275 3314 5248
f 1387 4051 5249
f 1387 5249 4006
f 4006 5249 4047
f 4006 4047 1394
f 5249 3291 1009
f 5249 1009 4047
f 4051 984 3291
f 4051 3291 5249
f 1391 4053 5250
f 1391 5250 4010
f 4010 5250 4052
f 4010 4052 1388
f 5250 3297 991
f 5250 991 4052
f 4053 996 3297
f 4053 3297 5250
f 1355 3971 5251
f 1355 5251 3926
f 3926 5251 3967
f 3926 3967 1362
f 5251 3292 1008
f 5251 1008 3967
f 3971 985 3292
f 3971 3292 5251
f 1359 3973 5252
f 1359 5252 3930
f 3930 5252 3972
f 3930 3972 1356
f 5252 3298 990
f 5252 990 3972
f 3973 997 3298
f 3973 3298 5252
f 990 3274 5253
f 990 5253 3316
f 3316 5253 3270
f 3316 3270 985
f 5253 3317 986
f 5253 986 3270
f 3274 989 3317
f 3274 3317 5253
f 989 3273 5254
f 989 5254 3317
f 3317 5254 3271
f 3317 3271 986
f 5254 3318 987
f 5254 987 3271
f 3273 988 3318
f 3273 3318 5254
f 966 3258 5255
f 966 5255 3319
f 3319 5255 2986
f 3319 2986 719
f 5255 3320 813
f 5255 813 2986
f 3258 981 3320
f 3258 3320 5255
f 981 3267 5256
f 981 5256 3320
f 3320 5256 2987
f 3320 2987 813
f 5256 3321 814
f 5256 814 2987
f 3267 980 3321
f 3267 3321 5256
f 1373 3998 5257
f 1373 5257 4031
f 4031 5257 3046
f 4031 3046 822
f 5257 4032 815
f 5257 815 3046
f 3998 1371 4032
f 3998 4032 5257
f 1383 3990 5258
f 1383 5258 4035
f 4035 5258 3028
f 4035 3028 852
f 5258 4031 822
f 5258 822 3028
f 3990 1373 4031
f 3990 4031 5258
f 1341 3918 5259
f 1341 5259 3951
f 3951 5259 3047
f 3951 3047 821
f 5259 3952 816
f 5259 816 3047
f 3918 1339 3952
f 3918 3952 5259
f 1351 3910 5260
f 1351 5260 3955
f 3955 5260 3029
f 3955 3029 851
f 5260 3951 821
f 5260 821 3029
f 3910 1341 3951
f 3910 3951 5260
f 978 3266 5261
f 978 5261 3263
f 3263 5261 2988
f 3263 2988 816
f 5261 3288 817
f 5261 817 2988
f 3266 977 3288
f 3266 3288 5261
f 977 3265 5262
f 977 5262 3288
f 3288 5262 2989
f 3288 2989 817
f 5262 3323 818
f 5262 818 2989
f 3265 976 3323
f 3265 3323 5262
f 1064 3413 5263
f 1064 5263 3438
f 3438 5263 3281
f 3438 3281 1001
f 5263 3439 1000
f 5263 1000 3281
f 3413 1063 3439
f 3413 3439 5263
f 1020 3894 5264
f 1020 5264 3342
f 3342 5264 3895
f 3342 3895 1025
f 5264 3874 1332
f 5264 1332 3895
f 3894 1334 3874
f 3894 3874 5264
f 1006 3358 5265
f 1006 5265 3306
f 3306 5265 3355
f 3306 3355 976
f 5265 3347 1022
f 5265 1022 3355
f 3358 1028 3347
f 3358 3347 5265
f 1029 3896 5266
f 1029 5266 3346
f 3346 5266 3898
f 3346 3898 1023
f 5266 3882 1326
f 5266 1326 3898
f 3896 1325 3882
f 3896 3882 5266
f 1027 3900 5267
f 1027 5267 3348
f 3348 5267 3891
f 3348 3891 1084
f 5267 3869 1336
f 5267 1336 3891
f 3900 1337 3869
f 3900 3869 5267
f 1025 3895 5268
f 1025 5268 3350
f 3350 5268 3897
f 3350 3897 1018
f 5268 3877 1328
f 5268 1328 3897
f 3895 1332 3877
f 3895 3877 5268
f 1018 3897 5269
f 1018 5269 3338
f 3338 5269 3896
f 3338 3896 1029
f 5269 3880 1325
f 5269 1325 3896
f 3897 1328 3880
f 3897 3880 5269
f 1027 3336 5270
f 1027 5270 3437
f 3437 5270 3424
f 3437 3424 1081
f 5270 3450 1077
f 5270 1077 3424
f 3336 1016 3450
f 3336 3450 5270
f 1015 3330 5271
f 1015 5271 3365
f 3365 5271 3339
f 3365 3339 1012
f 5271 3340 1019
f 5271 1019 3339
f 3330 1028 3340
f 3330 3340 5271
f 1030 3272 5272
f 1030 5272 3363
f 3363 5272 3343
f 3363 3343 1033
f 5272 3344 1021
f 5272 1021 3343
f 3272 1024 3344
f 3272 3344 5272
f 1034 3333 5273
f 1034 5273 3361
f 3361 5273 3330
f 3361 3330 1015
f 5273 3347 1028
f 5273 1028 3330
f 3333 1022 3347
f 3333 3347 5273
f 1033 3343 5274
f 1033 5274 3324
f 3324 5274 3468
f 3324 3468 1083
f 5274 3349 1086
f 5274 1086 3468
f 3343 1021 3349
f 3343 3349 5274
f 1012 3339 5275
f 1012 5275 3259
f 3259 5275 3272
f 3259 3272 1030
f 5275 3351 1024
f 5275 1024 3272
f 3339 1019 3351
f 3339 3351 5275
f 883 3052 5276
f 883 5276 3334
f 3334 5276 3333
f 3334 3333 1034
f 5276 3353 1022
f 5276 1022 3333
f 3052 862 3353
f 3052 3353 5276
f 1023 3898 5277
f 1023 5277 3256
f 3256 5277 3885
f 3256 3885 861
f 5277 3872 1335
f 5277 1335 3885
f 3898 1326 3872
f 3898 3872 5277
f 884 2983 5278
f 884 5278 3352
f 3352 5278 3331
f 3352 3331 1035
f 5278 3334 1034
f 5278 1034 3331
f 2983 883 3334
f 2983 3334 5278
f 1018 3280 5279
f 1018 5279 3350
f 3350 5279 3341
f 3350 3341 1025
f 5279 3325 1031
f 5279 1031 3341
f 3280 1013 3325
f 3280 3325 5279
f 1013 3327 5280
f 1013 5280 3325
f 3325 5280 3332
f 3325 3332 1031
f 5280 3259 1030
f 5280 1030 3332
f 3327 1012 3259
f 3327 3259 5280
f 1020 3326 5281
f 1020 5281 3456
f 3456 5281 3467
f 3456 3467 1084
f 5281 3335 1082
f 5281 1082 3467
f 3326 1032 3335
f 3326 3335 5281
f 1032 3264 5282
f 1032 5282 3335
f 3335 5282 3464
f 3335 3464 1082
f 5282 3324 1083
f 5282 1083 3464
f 3264 1033 3324
f 3264 3324 5282
f 1023 3345 5283
f 1023 5283 3346
f 3346 5283 3337
f 3346 3337 1029
f 5283 3257 1014
f 5283 1014 3337
f 3345 1035 3257
f 3345 3257 5283
f 1035 3331 5284
f 1035 5284 3257
f 3257 5284 3328
f 3257 3328 1014
f 5284 3361 1015
f 5284 1015 3328
f 3331 1034 3361
f 3331 3361 5284
f 1025 3341 5285
f 1025 5285 3342
f 3342 5285 3326
f 3342 3326 1020
f 5285 3362 1032
f 5285 1032 3326
f 3341 1031 3362
f 3341 3362 5285
f 1031 3332 5286
f 1031 5286 3362
f 3362 5286 3264
f 3362 3264 1032
f 5286 3363 1033
f 5286 1033 3264
f 3332 1030 3363
f 3332 3363 5286
f 1029 3337 5287
f 1029 5287 3338
f 3338 5287 3280
f 3338 3280 1018
f 5287 3364 1013
f 5287 1013 3280
f 3337 1014 3364
f 3337 3364 5287
f 1014 3328 5288
f 1014 5288 3364
f 3364 5288 3327
f 3364 3327 1013
f 5288 3365 1012
f 5288 1012 3327
f 3328 1015 3365
f 3328 3365 5288
f 872 3436 5289
f 872 5289 3064
f 3064 5289 3453
f 3064 3453 859
f 5289 3425 1076
f 5289 1076 3453
f 3436 1080 3425
f 3436 3425 5289
f 860 3452 5290
f 860 5290 3056
f 3056 5290 3442
f 3056 3442 871
f 5290 3428 1079
f 5290 1079 3442
f 3452 1075 3428
f 3452 3428 5290
f 5703 4183 5291
f 5703 5291 5731
f 5291 3786 1247
f 5291 1247 4187
f 4183 1201 3786
f 4183 3786 5291
f 5696 4176 5292
f 5696 5292 5732
f 5732 5292 4175
f 5732 4175 5695
f 5292 3714 1160
f 5292 1160 4175
f 4176 1185 3714
f 4176 3714 5292
f 1251 3788 5293
f 1251 5293 3748
f 3748 5293 3789
f 3748 3789 1248
f 5293 3676 1205
f 5293 1205 3789
f 3788 1208 3676
f 3788 3676 5293
f 919 4159 5294
f 919 5294 3249
f 3249 5294 4163
f 3249 4163 972
f 951 4161 5295
f 951 5295 3163
f 3163 5295 4167
f 3163 4167 955
f 4161 16 1499
f 4161 1499 5295
f 1114 3794 5296
f 1114 5296 3533
f 3533 5296 3790
f 3533 3790 1058
f 5296 3756 1250
f 5296 1250 3790
f 3794 1255 3756
f 3794 3756 5296
f 1037 3261 5297
f 1037 5297 3368
f 3368 5297 3371
f 3368 3371 1036
f 5297 3472 1093
f 5297 1093 3371
f 3261 1092 3472
f 3261 3472 5297
f 1061 3373 5298
f 1061 5298 3372
f 3372 5298 3375
f 3372 3375 1060
f 5298 3374 1041
f 5298 1041 3375
f 3373 1040 3374
f 3373 3374 5298
f 1040 3376 5299
f 1040 5299 3374
f 3374 5299 3378
f 3374 3378 1041
f 5299 3377 1043
f 5299 1043 3378
f 3376 1042 3377
f 3376 3377 5299
f 1042 3379 5300
f 1042 5300 3377
f 3377 5300 3381
f 3377 3381 1043
f 5300 3380 1045
f 5300 1045 3381
f 3379 1044 3380
f 3379 3380 5300
f 1044 3382 5301
f 1044 5301 3380
f 3380 5301 3384
f 3380 3384 1045
f 5301 3383 1047
f 5301 1047 3384
f 3382 1046 3383
f 3382 3383 5301
f 1046 3385 5302
f 1046 5302 3383
f 3383 5302 3387
f 3383 3387 1047
f 5302 3386 1049
f 5302 1049 3387
f 3385 1048 3386
f 3385 3386 5302
f 1048 3388 5303
f 1048 5303 3386
f 3386 5303 3390
f 3386 3390 1049
f 5303 3389 1051
f 5303 1051 3390
f 3388 1050 3389
f 3388 3389 5303
f 1050 3391 5304
f 1050 5304 3389
f 3389 5304 3393
f 3389 3393 1051
f 5304 3392 1053
f 5304 1053 3393
f 3391 1052 3392
f 3391 3392 5304
f 1052 3394 5305
f 1052 5305 3392
f 3392 5305 3396
f 3392 3396 1053
f 5305 3395 1055
f 5305 1055 3396
f 3394 1054 3395
f 3394 3395 5305
f 1054 3397 5306
f 1054 5306 3395
f 3395 5306 3399
f 3395 3399 1055
f 5306 3398 1057
f 5306 1057 3399
f 3397 1056 3398
f 3397 3398 5306
f 1056 3400 5307
f 1056 5307 3398
f 3398 5307 3402
f 3398 3402 1057
f 5307 3401 1059
f 5307 1059 3402
f 3400 1058 3401
f 3400 3401 5307
f 1141 3597 5308
f 1141 5308 3792
f 3792 5308 3764
f 3792 3764 1256
f 5308 3791 1249
f 5308 1249 3764
f 3597 1059 3791
f 3597 3791 5308
f 1038 3403 5309
f 1038 5309 3370
f 3370 5309 3404
f 3370 3404 1039
f 5309 3372 1060
f 5309 1060 3404
f 3403 1061 3372
f 3403 3372 5309
f 1073 3406 5310
f 1073 5310 3405
f 3405 5310 3407
f 3405 3407 1072
f 5310 3368 1036
f 5310 1036 3407
f 3406 1037 3368
f 3406 3368 5310
f 1077 3409 5311
f 1077 5311 3408
f 3408 5311 3411
f 3408 3411 1076
f 5311 3410 1075
f 5311 1075 3411
f 3409 1074 3410
f 3409 3410 5311
f 1063 3413 5312
f 1063 5312 3412
f 3412 5312 3415
f 3412 3415 1062
f 5312 3414 1065
f 5312 1065 3415
f 3413 1064 3414
f 3413 3414 5312
f 1064 3416 5313
f 1064 5313 3414
f 3414 5313 3418
f 3414 3418 1065
f 5313 3417 1067
f 5313 1067 3418
f 3416 1066 3417
f 3416 3417 5313
f 1365 3978 5314
f 1365 5314 3940
f 3940 5314 3966
f 3940 3966 1366
f 5314 3419 1069
f 5314 1069 3966
f 3978 1068 3419
f 3978 3419 5314
f 1397 4058 5315
f 1397 5315 4020
f 4020 5315 4046
f 4020 4046 1398
f 5315 3420 1071
f 5315 1071 4046
f 4058 1070 3420
f 4058 3420 5315
f 1070 3421 5316
f 1070 5316 3420
f 3420 5316 3422
f 3420 3422 1071
f 5316 3405 1072
f 5316 1072 3422
f 3421 1073 3405
f 3421 3405 5316
f 1081 3424 5317
f 1081 5317 3423
f 3423 5317 3425
f 3423 3425 1080
f 5317 3408 1076
f 5317 1076 3425
f 3424 1077 3408
f 3424 3408 5317
f 1074 3426 5318
f 1074 5318 3410
f 3410 5318 3428
f 3410 3428 1075
f 5318 3427 1079
f 5318 1079 3428
f 3426 1078 3427
f 3426 3427 5318
f 1078 3429 5319
f 1078 5319 3427
f 3427 5319 3430
f 3427 3430 1079
f 5319 3412 1062
f 5319 1062 3430
f 3429 1063 3412
f 3429 3412 5319
f 1330 3893 5320
f 1330 5320 3879
f 3879 5320 3892
f 3879 3892 1329
f 5320 3423 1080
f 5320 1080 3892
f 3893 1081 3423
f 3893 3423 5320
f 916 3252 5321
f 916 5321 3509
f 3509 5321 3507
f 3509 3507 1094
f 5321 3510 1117
f 5321 1117 3507
f 3252 975 3510
f 3252 3510 5321
f 1005 3307 5322
f 1005 5322 3066
f 3066 5322 3065
f 3066 3065 875
f 5322 3469 960
f 5322 960 3065
f 3307 1089 3469
f 3307 3469 5322
f 975 3198 5323
f 975 5323 3510
f 3510 5323 3505
f 3510 3505 1117
f 5323 3514 1097
f 5323 1097 3505
f 3198 920 3514
f 3198 3514 5323
f 1082 3464 5324
f 1082 5324 3454
f 3454 5324 3287
f 3454 3287 1016
f 5324 3455 1017
f 5324 1017 3287
f 3464 1083 3455
f 3464 3455 5324
f 1084 3891 5325
f 1084 5325 3456
f 3456 5325 3894
f 3456 3894 1020
f 5325 3871 1334
f 5325 1334 3894
f 3891 1336 3871
f 3891 3871 5325
f 1089 3465 5326
f 1089 5326 3461
f 3461 5326 3277
f 3461 3277 994
f 5326 3463 995
f 5326 995 3277
f 3465 1091 3463
f 3465 3463 5326
f 1393 4057 5327
f 1393 5327 4016
f 4016 5327 4056
f 4016 4056 1400
f 5327 3309 1085
f 5327 1085 4056
f 4057 1003 3309
f 4057 3309 5327
f 1361 3977 5328
f 1361 5328 3936
f 3936 5328 3976
f 3936 3976 1368
f 5328 3310 1087
f 5328 1087 3976
f 3977 1002 3310
f 3977 3310 5328
f 1088 3466 5329
f 1088 5329 3460
f 3460 5329 3279
f 3460 3279 998
f 5329 3462 999
f 5329 999 3279
f 3466 1090 3462
f 3466 3462 5329
f 1084 3467 5330
f 1084 5330 3348
f 3348 5330 3336
f 3348 3336 1027
f 5330 3454 1016
f 5330 1016 3336
f 3467 1082 3454
f 3467 3454 5330
f 1083 3468 5331
f 1083 5331 3455
f 3455 5331 3329
f 3455 3329 1017
f 5331 3458 1026
f 5331 1026 3329
f 3468 1086 3458
f 3468 3458 5331
f 1089 3461 5332
f 1089 5332 3469
f 3469 5332 3228
f 3469 3228 960
f 5332 3276 888
f 5332 888 3228
f 3461 994 3276
f 3461 3276 5332
f 1090 3470 5333
f 1090 5333 3462
f 3462 5333 3360
f 3462 3360 999
f 5333 3349 1021
f 5333 1021 3360
f 3470 1086 3349
f 3470 3349 5333
f 1368 3976 5334
f 1368 5334 3948
f 3948 5334 3973
f 3948 3973 1359
f 5334 3459 997
f 5334 997 3973
f 3976 1087 3459
f 3976 3459 5334
f 1087 3471 5335
f 1087 5335 3459
f 3459 5335 3278
f 3459 3278 997
f 5335 3460 998
f 5335 998 3278
f 3471 1088 3460
f 3471 3460 5335
f 1400 4056 5336
f 1400 5336 4028
f 4028 5336 4053
f 4028 4053 1391
f 5336 3457 996
f 5336 996 4053
f 4056 1085 3457
f 4056 3457 5336
f 875 3367 5337
f 875 5337 3433
f 3433 5337 3261
f 3433 3261 1037
f 5337 3473 1092
f 5337 1092 3261
f 3367 876 3473
f 3367 3473 5337
f 1144 3623 5338
f 1144 5338 3599
f 3599 5338 3475
f 3599 3475 876
f 5338 3474 1095
f 5338 1095 3475
f 3623 1145 3474
f 3623 3474 5338
f 5603 5651 5339
f 5603 5339 3535
f 3535 5339 3772
f 3535 3772 1140
f 5339 3761 1259
f 5339 1259 3772
f 5651 5627 3761
f 5651 3761 5339
f 1147 3622 5340
f 1147 5340 3602
f 3602 5340 3479
f 3602 3479 1112
f 5340 3601 1114
f 5340 1114 3479
f 3622 1146 3601
f 3622 3601 5340
f 1148 3621 5341
f 1148 5341 3603
f 3603 5341 3482
f 3603 3482 1110
f 5341 3602 1112
f 5341 1112 3482
f 3621 1147 3602
f 3621 3602 5341
f 1149 3620 5342
f 1149 5342 3604
f 3604 5342 3485
f 3604 3485 1108
f 5342 3603 1110
f 5342 1110 3485
f 3620 1148 3603
f 3620 3603 5342
f 1150 3619 5343
f 1150 5343 3605
f 3605 5343 3488
f 3605 3488 1106
f 5343 3604 1108
f 5343 1108 3488
f 3619 1149 3604
f 3619 3604 5343
f 1151 3618 5344
f 1151 5344 3606
f 3606 5344 3491
f 3606 3491 1104
f 5344 3605 1106
f 5344 1106 3491
f 3618 1150 3605
f 3618 3605 5344
f 1152 3617 5345
f 1152 5345 3607
f 3607 5345 3494
f 3607 3494 1102
f 5345 3606 1104
f 5345 1104 3494
f 3617 1151 3606
f 3617 3606 5345
f 1153 3616 5346
f 1153 5346 3608
f 3608 5346 3497
f 3608 3497 1100
f 5346 3607 1102
f 5346 1102 3497
f 3616 1152 3607
f 3616 3607 5346
f 1154 3615 5347
f 1154 5347 3609
f 3609 5347 3500
f 3609 3500 1098
f 5347 3608 1100
f 5347 1100 3500
f 3615 1153 3608
f 3615 3608 5347
f 1155 3614 5348
f 1155 5348 3610
f 3610 5348 3503
f 3610 3503 1096
f 5348 3609 1098
f 5348 1098 3503
f 3614 1154 3609
f 3614 3609 5348
f 1156 3613 5349
f 1156 5349 3611
f 3611 5349 3506
f 3611 3506 1116
f 5349 3610 1096
f 5349 1096 3506
f 3613 1155 3610
f 3613 3610 5349
f 1261 3797 5350
f 1261 5350 3750
f 3750 5350 3795
f 3750 3795 1254
f 5350 3682 1213
f 5350 1213 3795
f 3797 1228 3682
f 3797 3682 5350
f 1145 3612 5351
f 1145 5351 3474
f 3474 5351 3508
f 3474 3508 1095
f 5351 3611 1116
f 5351 1116 3508
f 3612 1156 3611
f 3612 3611 5351
f 1216 3683 5352
f 1216 5352 3717
f 3717 5352 3633
f 3717 3633 1168
f 5352 3715 1161
f 5352 1161 3633
f 3683 1188 3715
f 3683 3715 5352
f 753 3573 5353
f 753 5353 2975
f 2975 5353 3576
f 2975 3576 812
f 5353 3570 1142
f 5353 1142 3576
f 3573 1121 3570
f 3573 3570 5353
f 5626 5652 5354
f 5626 5354 3759
f 3759 5354 3773
f 3759 3773 1258
f 5354 3697 1221
f 5354 1221 3773
f 5652 5621 3697
f 5652 3697 5354
f 5604 5653 5355
f 5604 5355 3536
f 3536 5355 3538
f 3536 3538 1138
f 5355 3535 1140
f 5355 1140 3538
f 5653 5603 3535
f 5653 3535 5355
f 5605 5654 5356
f 5605 5356 3539
f 3539 5356 3541
f 3539 3541 1136
f 5356 3536 1138
f 5356 1138 3541
f 5654 5604 3536
f 5654 3536 5356
f 5606 5655 5357
f 5606 5357 3542
f 3542 5357 3544
f 3542 3544 1134
f 5357 3539 1136
f 5357 1136 3544
f 5655 5605 3539
f 5655 3539 5357
f 5607 5656 5358
f 5607 5358 3545
f 3545 5358 3547
f 3545 3547 1132
f 5358 3542 1134
f 5358 1134 3547
f 5656 5606 3542
f 5656 3542 5358
f 5608 5657 5359
f 5608 5359 3548
f 3548 5359 3550
f 3548 3550 1130
f 5359 3545 1132
f 5359 1132 3550
f 5657 5607 3545
f 5657 3545 5359
f 5609 5658 5360
f 5609 5360 3551
f 3551 5360 3553
f 3551 3553 1128
f 5360 3548 1130
f 5360 1130 3553
f 5658 5608 3548
f 5658 3548 5360
f 5610 5659 5361
f 5610 5361 3554
f 3554 5361 3556
f 3554 3556 1126
f 5361 3551 1128
f 5361 1128 3556
f 5659 5609 3551
f 5659 3551 5361
f 5611 5660 5362
f 5611 5362 3557
f 3557 5362 3559
f 3557 3559 1124
f 5362 3554 1126
f 5362 1126 3559
f 5660 5610 3554
f 5660 3554 5362
f 5612 5661 5363
f 5612 5363 3560
f 3560 5363 3562
f 3560 3562 1122
f 5363 3557 1124
f 5363 1124 3562
f 5661 5611 3557
f 5661 3557 5363
f 5613 5662 5364
f 5613 5364 3563
f 3563 5364 3565
f 3563 3565 1142
f 5364 3560 1122
f 5364 1122 3565
f 5662 5612 3560
f 5662 3560 5364
f 5602 5663 5365
f 5602 5365 3534
f 3534 5365 3568
f 3534 3568 1119
f 5365 3567 1121
f 5365 1121 3568
f 5663 5614 3567
f 5663 3567 5365
f 5614 5664 5366
f 5614 5366 3567
f 3567 5366 3570
f 3567 3570 1121
f 5366 3563 1142
f 5366 1142 3570
f 5664 5613 3563
f 5664 3563 5366
f 1173 3698 5367
f 1173 5367 3711
f 3711 5367 3636
f 3711 3636 1157
f 5367 3712 1169
f 5367 1169 3636
f 3698 1220 3712
f 3698 3712 5367
f 802 2960 5368
f 802 5368 3598
f 3598 5368 3534
f 3598 3534 1119
f 5665 3571 1118
f 5665 1118 5602
f 5582 797 3571
f 5582 3571 5665
f 801 2956 5369
f 801 5369 2929
f 2929 5369 3572
f 2929 3572 749
f 5369 3598 1119
f 5369 1119 3572
f 2956 802 3598
f 2956 3598 5369
f 1094 3507 5370
f 1094 5370 3600
f 5615 5666 3612
f 5615 3612 1145
f 5666 5601 1156
f 5666 1156 3612
f 3507 1117 3504
f 3507 3504 5370
f 5622 3706 5371
f 5622 5371 5667
f 5667 5371 3638
f 5667 3638 5617
f 5371 3717 1168
f 5371 1168 3638
f 3706 1216 3717
f 3706 3717 5371
f 1117 3505 5372
f 1117 5372 3504
f 5601 5668 3613
f 5601 3613 1156
f 5668 5600 1155
f 5668 1155 3613
f 3505 1097 3501
f 3505 3501 5372
f 1097 3502 5373
f 1097 5373 3501
f 5600 5669 3614
f 5600 3614 1155
f 5669 5599 1154
f 5669 1154 3614
f 3502 1099 3498
f 3502 3498 5373
f 1099 3499 5374
f 1099 5374 3498
f 5599 5670 3615
f 5599 3615 1154
f 5670 5598 1153
f 5670 1153 3615
f 3499 1101 3495
f 3499 3495 5374
f 1101 3496 5375
f 1101 5375 3495
f 5598 5671 3616
f 5598 3616 1153
f 5671 5597 1152
f 5671 1152 3616
f 3496 1103 3492
f 3496 3492 5375
f 1103 3493 5376
f 1103 5376 3492
f 5597 5672 3617
f 5597 3617 1152
f 5672 5596 1151
f 5672 1151 3617
f 3493 1105 3489
f 3493 3489 5376
f 1105 3490 5377
f 1105 5377 3489
f 5596 5673 3618
f 5596 3618 1151
f 5673 5595 1150
f 5673 1150 3618
f 3490 1107 3486
f 3490 3486 5377
f 1107 3487 5378
f 1107 5378 3486
f 5595 5674 3619
f 5595 3619 1150
f 5674 5594 1149
f 5674 1149 3619
f 3487 1109 3483
f 3487 3483 5378
f 1109 3484 5379
f 1109 5379 3483
f 5594 5675 3620
f 5594 3620 1149
f 5675 5593 1148
f 5675 1148 3620
f 3484 1111 3480
f 3484 3480 5379
f 1111 3481 5380
f 1111 5380 3480
f 5593 5676 3621
f 5593 3621 1148
f 5676 5592 1147
f 5676 1147 3621
f 3481 1113 3477
f 3481 3477 5380
f 1113 3478 5381
f 1113 5381 3477
f 5592 5677 3622
f 5592 3622 1147
f 5677 5591 1146
f 5677 1146 3622
f 3478 1115 3476
f 3478 3476 5381
f 1252 3783 5382
f 1252 5382 3766
f 5628 5678 3797
f 5628 3797 1261
f 5678 5625 1228
f 5678 1228 3797
f 3783 1217 3709
f 3783 3709 5382
f 911 3513 5383
f 911 5383 3435
f 5590 5679 3623
f 5590 3623 1144
f 5679 5615 1145
f 5679 1145 3623
f 3513 1094 3600
f 3513 3600 5383
f 960 3624 5384
f 960 5384 3065
f 3065 5384 3367
f 3065 3367 875
f 5384 3599 876
f 5384 876 3367
f 3624 1144 3599
f 3624 3599 5384
f 935 3183 5385
f 935 5385 4173
f 3183 931 4170
f 3183 4170 5385
f 5720 4169 5386
f 5720 5386 2219
f 2219 5386 4173
f 2219 4173 5722
f 5386 3179 935
f 5386 935 4173
f 4169 939 3179
f 4169 3179 5386
f 1193 3663 5387
f 1193 5387 3716
f 3716 5387 3629
f 3716 3629 1162
f 5387 3718 1163
f 5387 1163 3629
f 3663 1197 3718
f 3663 3718 5387
f 957 3780 5388
f 957 5388 3156
f 3156 5388 3781
f 3156 3781 956
f 5388 3736 1241
f 5388 1241 3781
f 3780 1242 3736
f 3780 3736 5388
f 958 3785 5389
f 958 5389 3157
f 3157 5389 3780
f 3157 3780 957
f 5389 3739 1242
f 5389 1242 3780
f 3785 1244 3739
f 3785 3739 5389
f 1212 3678 5390
f 1212 5390 3723
f 3723 5390 3632
f 3723 3632 1167
f 5390 3724 1171
f 5390 1171 3632
f 3678 1229 3724
f 3678 3724 5390
f 1204 3672 5391
f 1204 5391 3720
f 3720 5391 3631
f 3720 3631 1165
f 5391 3721 1166
f 5391 1166 3631
f 3672 1209 3721
f 3672 3721 5391
f 794 2879 5392
f 794 5392 3770
f 3770 5392 3729
f 3770 3729 1235
f 5392 3771 1232
f 5392 1232 3729
f 2879 793 3771
f 2879 3771 5392
f 959 3787 5393
f 959 5393 3158
f 3158 5393 3785
f 3158 3785 958
f 5393 3742 1244
f 5393 1244 3785
f 3787 1246 3742
f 3787 3742 5393
f 795 2880 5394
f 795 5394 3775
f 3775 5394 3732
f 3775 3732 1237
f 5394 3770 1235
f 5394 1235 3732
f 2880 794 3770
f 2880 3770 5394
f 796 2881 5395
f 796 5395 3777
f 3777 5395 3734
f 3777 3734 1238
f 5395 3775 1237
f 5395 1237 3734
f 2881 795 3775
f 2881 3775 5395
f 1180 3646 5396
f 1180 5396 3713
f 3713 5396 3626
f 3713 3626 1159
f 5396 3710 1158
f 5396 1158 3626
f 3646 1176 3710
f 3646 3710 5396
f 1115 3782 5397
f 1115 5397 3476
f 5591 5680 3796
f 5591 3796 1146
f 5680 5629 1260
f 5680 1260 3796
f 3782 1253 3767
f 3782 3767 5397
f 5689 4150 5398
f 5689 5398 5733
f 5733 5398 4185
f 5733 4185 5705
f 5398 3777 1238
f 5398 1238 4185
f 4150 796 3777
f 4150 3777 5398
f 1146 3796 5399
f 1146 5399 3601
f 3601 5399 3794
f 3601 3794 1114
f 5399 3752 1255
f 5399 1255 3794
f 3796 1260 3752
f 3796 3752 5399
f 1188 3657 5400
f 1188 5400 3715
f 3715 5400 3628
f 3715 3628 1161
f 5400 3716 1162
f 5400 1162 3628
f 3657 1193 3716
f 3657 3716 5400
f 1220 3693 5401
f 1220 5401 3712
f 3712 5401 3635
f 3712 3635 1169
f 5681 3722 1170
f 5681 1170 5616
f 5618 1225 3722
f 5618 3722 5681
f 1058 3790 5402
f 1058 5402 3401
f 3401 5402 3791
f 3401 3791 1059
f 5402 3746 1249
f 5402 1249 3791
f 3790 1250 3746
f 3790 3746 5402
f 5998 6029 5403
f 5998 5403 3639
f 3639 5403 4177
f 3639 4177 1187
f 5403 5734 5697
f 5403 5697 4177
f 6029 6049 5734
f 6029 5734 5403
f 1187 4177 1186
f 1186 4177 4178
f 4177 5697 5698
f 4177 5698 4178
f 1186 4178 4179
f 1186 4179 1184
f 4178 5698 5699
f 4178 5699 4179
f 5999 6030 5404
f 5999 5404 3640
f 3640 5404 3643
f 3640 3643 1175
f 5404 3642 1178
f 5404 1178 3643
f 6030 6000 3642
f 6030 3642 5404
f 1175 3643 1174
f 1174 3643 3644
f 3643 1178 1179
f 3643 1179 3644
f 1174 3644 3645
f 1174 3645 1172
f 3644 1179 1177
f 3644 1177 3645
f 6000 6031 5405
f 6000 5405 3642
f 3642 5405 3648
f 3642 3648 1178
f 5405 3647 1182
f 5405 1182 3648
f 6031 6001 3647
f 6031 3647 5405
f 1178 3648 3649
f 1178 3649 1179
f 3648 1182 1183
f 3648 1183 3649
f 1179 3649 3650
f 1179 3650 1177
f 3649 1183 1181
f 3649 1181 3650
f 6001 6032 5406
f 6001 5406 3647
f 3647 5406 3652
f 3647 3652 1182
f 5406 3639 1187
f 5406 1187 3652
f 6032 5998 3639
f 6032 3639 5406
f 1182 3652 3653
f 1182 3653 1183
f 3652 1186 3653
f 3652 1187 1186
f 1183 3653 3654
f 1183 3654 1181
f 3653 1186 1184
f 3653 1184 3654
f 6048 6033 5407
f 6048 5407 5735
f 5735 5407 4181
f 5735 4181 5701
f 5407 3655 1202
f 5407 1202 4181
f 6033 6002 3655
f 6033 3655 5407
f 5701 4181 4182
f 5701 4182 5702
f 4181 1202 1203
f 4181 1203 4182
f 5702 4182 4183
f 5702 4183 5703
f 4182 1203 1201
f 4182 1201 4183
f 6003 6034 5408
f 6003 5408 3656
f 3656 5408 3659
f 3656 3659 1195
f 5408 3658 1190
f 5408 1190 3659
f 6034 6004 3658
f 6034 3658 5408
f 1195 3659 1194
f 1194 3659 3660
f 3659 1190 1191
f 3659 1191 3660
f 1194 3660 3661
f 1194 3661 1192
f 3660 1191 1189
f 3660 1189 3661
f 6005 6035 5409
f 6005 5409 3662
f 3662 5409 3664
f 3662 3664 1199
f 5409 3656 1195
f 5409 1195 3664
f 6035 6003 3656
f 6035 3656 5409
f 1199 3664 1198
f 1198 3664 3665
f 3664 1194 3665
f 3664 1195 1194
f 1198 3665 3666
f 1198 3666 1196
f 3665 1194 1192
f 3665 1192 3666
f 6002 6036 5410
f 6002 5410 3655
f 3655 5410 3668
f 3655 3668 1202
f 5410 3662 1199
f 5410 1199 3668
f 6036 6005 3662
f 6036 3662 5410
f 1202 3668 3669
f 1202 3669 1203
f 3668 1198 3669
f 3668 1199 1198
f 1203 3669 3670
f 1203 3670 1201
f 3669 1198 1196
f 3669 1196 3670
f 6006 6037 5411
f 6006 5411 3671
f 3671 5411 3674
f 3671 3674 1211
f 5411 3673 1206
f 5411 1206 3674
f 6037 6007 3673
f 6037 3673 5411
f 1211 3674 1210
f 1210 3674 3675
f 3674 1206 1207
f 3674 1207 3675
f 1210 3675 1208
f 1208 3675 3676
f 3675 1205 3676
f 3675 1207 1205
f 6008 6038 5412
f 6008 5412 3677
f 3677 5412 3680
f 3677 3680 1231
f 5412 3679 1214
f 5412 1214 3680
f 6038 6009 3679
f 6038 3679 5412
f 1231 3680 1230
f 1230 3680 3681
f 3680 1214 1215
f 3680 1215 3681
f 1230 3681 3682
f 1230 3682 1228
f 3681 1215 1213
f 3681 1213 3682
f 6004 6039 5413
f 6004 5413 3658
f 3658 5413 3685
f 3658 3685 1190
f 5413 3684 1218
f 5413 1218 3685
f 6039 6010 3684
f 6039 3684 5413
f 1190 3685 3686
f 1190 3686 1191
f 3685 1218 1219
f 3685 1219 3686
f 1191 3686 3687
f 1191 3687 1189
f 3686 1219 1217
f 3686 1217 3687
f 6009 6040 5414
f 6009 5414 3679
f 3679 5414 3689
f 3679 3689 1214
f 5414 3671 1211
f 5414 1211 3689
f 6040 6006 3671
f 6040 3671 5414
f 1214 3689 3690
f 1214 3690 1215
f 3689 1210 3690
f 3689 1211 1210
f 1215 3690 3691
f 1215 3691 1213
f 3690 1208 3691
f 3690 1210 1208
f 6047 6041 5415
f 6047 5415 5682
f 5682 5415 3695
f 5682 3695 5619
f 5415 3694 1222
f 5415 1222 3695
f 6041 6012 3694
f 6041 3694 5415
f 5619 3695 3696
f 5619 3696 5620
f 3695 1222 1223
f 3695 1223 3696
f 5620 3696 3697
f 5620 3697 5621
f 3696 1223 1221
f 3696 1221 3697
f 6012 6042 5416
f 6012 5416 3694
f 3694 5416 3699
f 3694 3699 1222
f 5416 3640 1175
f 5416 1175 3699
f 6042 5999 3640
f 6042 3640 5416
f 1222 3699 3700
f 1222 3700 1223
f 3699 1174 3700
f 3699 1175 1174
f 1223 3700 3701
f 1223 3701 1221
f 3700 1174 1172
f 3700 1172 3701
f 6007 6043 5417
f 6007 5417 3673
f 3673 5417 3703
f 3673 3703 1206
f 5417 3692 1227
f 5417 1227 3703
f 6043 6011 3692
f 6043 3692 5417
f 1206 3703 3704
f 1206 3704 1207
f 3703 1226 3704
f 3703 1227 1226
f 1207 3704 1205
f 1205 3704 3705
f 3704 1226 1224
f 3704 1224 3705
f 6010 6044 5418
f 6010 5418 3684
f 3684 5418 3707
f 3684 3707 1218
f 5683 3677 1231
f 5683 1231 5623
f 6046 6008 3677
f 6046 3677 5683
f 1218 3707 3708
f 1218 3708 1219
f 5623 1230 5624
f 5623 1231 1230
f 1219 3708 3709
f 1219 3709 1217
f 5624 1230 1228
f 5624 1228 5625
f 1176 3641 5419
f 1176 5419 3710
f 3710 5419 3625
f 3710 3625 1158
f 5419 3711 1157
f 5419 1157 3625
f 3641 1173 3711
f 3641 3711 5419
f 1239 4184 5420
f 1239 5420 3725
f 3725 5420 4185
f 3725 4185 1238
f 5420 5736 5705
f 5420 5705 4185
f 4184 5704 5736
f 4184 5736 5420
f 1233 3727 5421
f 1233 5421 3726
f 3726 5421 3729
f 3726 3729 1232
f 5421 3728 1235
f 5421 1235 3729
f 3727 1234 3728
f 3727 3728 5421
f 1234 3730 5422
f 1234 5422 3728
f 3728 5422 3732
f 3728 3732 1235
f 5422 3731 1237
f 5422 1237 3732
f 3730 1236 3731
f 3730 3731 5422
f 1236 3733 5423
f 1236 5423 3731
f 3731 5423 3734
f 3731 3734 1237
f 5423 3725 1238
f 5423 1238 3734
f 3733 1239 3725
f 3733 3725 5423
f 1241 3736 5424
f 1241 5424 3735
f 3735 5424 3738
f 3735 3738 1240
f 5424 3737 1243
f 5424 1243 3738
f 3736 1242 3737
f 3736 3737 5424
f 1242 3739 5425
f 1242 5425 3737
f 3737 5425 3741
f 3737 3741 1243
f 5425 3740 1245
f 5425 1245 3741
f 3739 1244 3740
f 3739 3740 5425
f 1244 3742 5426
f 1244 5426 3740
f 3740 5426 3744
f 3740 3744 1245
f 5426 3743 1247
f 5426 1247 3744
f 3742 1246 3743
f 3742 3743 5426
f 1246 4186 5427
f 1246 5427 3743
f 3743 5427 4187
f 3743 4187 1247
f 1249 3746 5428
f 1249 5428 3745
f 3745 5428 3748
f 3745 3748 1248
f 5428 3747 1251
f 5428 1251 3748
f 3746 1250 3747
f 3746 3747 5428
f 1261 3750 5429
f 1261 5429 3749
f 3749 5429 3752
f 3749 3752 1260
f 5429 3751 1255
f 5429 1255 3752
f 3750 1254 3751
f 3750 3751 5429
f 1253 3754 5430
f 1253 5430 3753
f 3753 5430 3755
f 3753 3755 1252
f 5430 3735 1240
f 5430 1240 3755
f 3754 1241 3735
f 3754 3735 5430
f 1250 3756 5431
f 1250 5431 3747
f 3747 5431 3757
f 3747 3757 1251
f 5431 3751 1254
f 5431 1254 3757
f 3756 1255 3751
f 3756 3751 5431
f 5626 3759 5432
f 5626 5432 5684
f 5684 5432 3761
f 5684 3761 5627
f 5432 3760 1259
f 5432 1259 3761
f 3759 1258 3760
f 3759 3760 5432
f 1232 3762 5433
f 1232 5433 3726
f 3726 5433 3763
f 3726 3763 1233
f 5433 3760 1258
f 5433 1258 3763
f 3762 1259 3760
f 3762 3760 5433
f 1256 3764 5434
f 1256 5434 3758
f 3758 5434 3765
f 3758 3765 1257
f 5434 3745 1248
f 5434 1248 3765
f 3764 1249 3745
f 3764 3745 5434
f 1252 3766 5435
f 1252 5435 3753
f 3753 5435 3767
f 3753 3767 1253
f 5685 3749 1260
f 5685 1260 5629
f 5628 1261 3749
f 5628 3749 5685
f 1234 3727 5436
f 1234 5436 3768
f 3768 5436 3645
f 3768 3645 1177
f 5436 3769 1172
f 5436 1172 3645
f 3727 1233 3769
f 3727 3769 5436
f 1165 3631 3862
f 1165 3862 1293
f 3631 1166 1305
f 3631 1305 3862
f 1168 3633 3854
f 1168 3854 1297
f 3633 1161 1313
f 3633 1313 3854
f 1296 3853 3806
f 1296 3806 1273
f 3853 1312 1266
f 3853 1266 3806
f 1300 3843 3809
f 1300 3809 1262
f 3843 1319 1274
f 3843 1274 3809
f 1157 3636 3844
f 1157 3844 1301
f 3636 1169 1318
f 3636 1318 3844
f 1170 3637 3868
f 1170 3868 1294
f 3637 1165 1293
f 3637 1293 3868
f 1304 3851 3807
f 1304 3807 1271
f 3851 1309 1272
f 3851 1272 3807
f 5695 4175 4196
f 5695 4196 5712
f 4175 1160 1310
f 4175 1310 4196
f 5617 3638 3866
f 5617 3866 5637
f 3638 1168 1297
f 3638 1297 3866
f 1312 3849 3801
f 1312 3801 1266
f 3849 1316 1267
f 3849 1267 3801
f 1164 4174 4198
f 1164 4198 1314
f 4174 5694 5714
f 4174 5714 4198
f 1166 3634 3852
f 1166 3852 1305
f 3634 1167 1308
f 3634 1308 3852
f 1161 3628 3850
f 1161 3850 1313
f 3628 1162 1317
f 3628 1317 3850
f 1162 3629 3846
f 1162 3846 1317
f 3629 1163 1321
f 3629 1321 3846
f 1158 3625 3864
f 1158 3864 1302
f 3625 1157 1301
f 3625 1301 3864
f 1316 3845 3802
f 1316 3802 1267
f 3845 1320 1268
f 3845 1268 3802
f 1270 3804 5437
f 1270 5437 3827
f 3827 5437 3818
f 3827 3818 1285
f 5437 3826 1286
f 5437 1286 3818
f 3804 1271 3826
f 3804 3826 5437
f 1264 3799 5438
f 1264 5438 3829
f 3829 5438 3813
f 3829 3813 1279
f 5438 3828 1278
f 5438 1278 3813
f 3799 1263 3828
f 3799 3828 5438
f 1272 3805 5439
f 1272 5439 3831
f 3831 5439 3819
f 3831 3819 1287
f 5439 3830 1291
f 5439 1291 3819
f 3805 1276 3830
f 3805 3830 5439
f 1265 3800 5440
f 1265 5440 3832
f 3832 5440 3814
f 3832 3814 1280
f 5440 3829 1279
f 5440 1279 3814
f 3800 1264 3829
f 3800 3829 5440
f 1273 3806 5441
f 1273 5441 3834
f 3834 5441 3820
f 3834 3820 1288
f 5441 3833 1281
f 5441 1281 3820
f 3806 1266 3833
f 3806 3833 5441
f 1269 4188 5442
f 1269 5442 3835
f 3835 5442 4190
f 3835 4190 1284
f 5442 5737 5708
f 5442 5708 4190
f 4188 5706 5737
f 4188 5737 5442
f 5707 4189 5443
f 5707 5443 5738
f 5738 5443 4191
f 5738 4191 5709
f 5443 3832 1280
f 5443 1280 4191
f 4189 1265 3832
f 4189 3832 5443
f 1271 3807 5444
f 1271 5444 3826
f 3826 5444 3821
f 3826 3821 1286
f 5444 3831 1287
f 5444 1287 3821
f 3807 1272 3831
f 3807 3831 5444
f 1266 3801 5445
f 1266 5445 3833
f 3833 5445 3815
f 3833 3815 1281
f 5445 3836 1282
f 5445 1282 3815
f 3801 1267 3836
f 3801 3836 5445
f 1274 3808 5446
f 1274 5446 3838
f 3838 5446 3822
f 3838 3822 1289
f 5686 3837 1290
f 5686 1290 5632
f 5630 1275 3837
f 5630 3837 5686
f 1267 3802 5447
f 1267 5447 3836
f 3836 5447 3816
f 3836 3816 1282
f 5447 3839 1283
f 5447 1283 3816
f 3802 1268 3839
f 3802 3839 5447
f 1262 3809 5448
f 1262 5448 3840
f 3840 5448 3823
f 3840 3823 1277
f 5448 3838 1289
f 5448 1289 3823
f 3809 1274 3838
f 3809 3838 5448
f 1268 3803 5449
f 1268 5449 3839
f 3839 5449 3817
f 3839 3817 1283
f 5449 3835 1284
f 5449 1284 3817
f 3803 1269 3835
f 3803 3835 5449
f 1275 3810 5450
f 1275 5450 3837
f 3837 5450 3824
f 3837 3824 1290
f 5450 3827 1285
f 5450 1285 3824
f 3810 1270 3827
f 3810 3827 5450
f 5631 3811 5451
f 5631 5451 5687
f 5687 5451 3825
f 5687 3825 5633
f 5451 3834 1288
f 5451 1288 3825
f 3811 1273 3834
f 3811 3834 5451
f 1263 3798 5452
f 1263 5452 3828
f 3828 5452 3812
f 3828 3812 1278
f 5452 3840 1277
f 5452 1277 3812
f 3798 1262 3840
f 3798 3840 5452
f 1320 3841 3803
f 1320 3803 1268
f 3841 1315 1269
f 3841 1269 3803
f 1159 3626 3860
f 1159 3860 1306
f 3626 1158 1302
f 3626 1302 3860
f 1319 3847 3808
f 1319 3808 1274
f 5634 1295 1275
f 5634 1275 5630
f 1163 3630 3842
f 1163 3842 1321
f 3630 1164 1314
f 3630 1314 3842
f 1160 3627 3856
f 1160 3856 1310
f 3627 1159 1306
f 3627 1306 3856
f 5711 4195 4189
f 5711 4189 5707
f 4195 1311 1265
f 4195 1265 4189
f 1315 4197 4188
f 1315 4188 1269
f 4197 5713 5706
f 4197 5706 4188
f 1167 3632 3858
f 1167 3858 1308
f 3632 1171 1298
f 3632 1298 3858
f 1311 3855 3800
f 1311 3800 1265
f 3855 1307 1264
f 3855 1264 3800
f 1309 3857 3805
f 1309 3805 1272
f 3857 1299 1276
f 3857 1276 3805
f 1307 3859 3799
f 1307 3799 1264
f 3859 1303 1263
f 3859 1263 3799
f 1169 3635 3848
f 1169 3848 1318
f 5616 1170 1294
f 5616 1294 5635
f 1303 3863 3798
f 1303 3798 1263
f 3863 1300 1262
f 3863 1262 3798
f 5636 3865 3811
f 5636 3811 5631
f 3865 1296 1273
f 3865 1273 3811
f 1295 3867 3810
f 1295 3810 1275
f 3867 1292 1270
f 3867 1270 3810
f 1315 3841 1314
f 1314 3841 3842
f 3841 1320 1321
f 3841 1321 3842
f 1319 3843 1318
f 1318 3843 3844
f 3843 1300 1301
f 3843 1301 3844
f 1320 3845 3846
f 1320 3846 1321
f 3845 1317 3846
f 3845 1316 1317
f 3847 1319 1318
f 5634 3847 3848
f 5634 3848 5635
f 3847 1318 3848
f 1316 3849 3850
f 1316 3850 1317
f 3850 1312 1313
f 3849 1312 3850
f 1309 3851 1308
f 1308 3851 3852
f 3851 1304 1305
f 3851 1305 3852
f 1311 4195 1310
f 1310 4195 4196
f 4195 5711 5712
f 4195 5712 4196
f 4197 1315 1314
f 5713 4197 4198
f 5713 4198 5714
f 4197 1314 4198
f 1312 3853 3854
f 1312 3854 1313
f 3853 1296 1297
f 3853 1297 3854
f 1307 3855 1306
f 3855 1311 1310
f 1306 3855 3856
f 3855 1310 3856
f 1299 3857 1298
f 3857 1309 1308
f 1298 3857 3858
f 3857 1308 3858
f 1303 3859 1302
f 3859 1307 1306
f 1302 3859 3860
f 3859 1306 3860
f 1304 3861 3862
f 1304 3862 1305
f 3861 1292 1293
f 3861 1293 3862
f 3863 1303 1302
f 1300 3863 3864
f 1300 3864 1301
f 3863 1302 3864
f 5636 1299 1298
f 1296 3865 3866
f 1296 3866 1297
f 5636 1298 5637
f 3867 1295 1294
f 1292 3867 3868
f 1292 3868 1293
f 3867 1294 3868
f 1292 3861 3804
f 1292 3804 1270
f 3861 1304 1271
f 3861 1271 3804
f 1351 3902 5453
f 1351 5453 3901
f 3901 5453 3904
f 3901 3904 1350
f 5453 3903 1343
f 5453 1343 3904
f 3902 1342 3903
f 3902 3903 5453
f 1345 3906 5454
f 1345 5454 3905
f 3905 5454 3908
f 3905 3908 1344
f 5454 3907 1347
f 5454 1347 3908
f 3906 1346 3907
f 3906 3907 5454
f 1341 3910 5455
f 1341 5455 3909
f 3909 5455 3911
f 3909 3911 1340
f 5455 3901 1350
f 5455 1350 3911
f 3910 1351 3901
f 3910 3901 5455
f 1346 3912 5456
f 1346 5456 3907
f 3907 5456 3914
f 3907 3914 1347
f 5456 3913 1349
f 5456 1349 3914
f 3912 1348 3913
f 3912 3913 5456
f 1342 3915 5457
f 1342 5457 3903
f 3903 5457 3916
f 3903 3916 1343
f 5457 3905 1344
f 5457 1344 3916
f 3915 1345 3905
f 3915 3905 5457
f 1339 3918 5458
f 1339 5458 3917
f 3917 5458 3919
f 3917 3919 1338
f 5458 3909 1340
f 5458 1340 3919
f 3918 1341 3909
f 3918 3909 5458
f 1338 3920 5459
f 1338 5459 3917
f 3917 5459 3922
f 3917 3922 1339
f 5459 3921 1353
f 5459 1353 3922
f 3920 1352 3921
f 3920 3921 5459
f 1363 3924 5460
f 1363 5460 3923
f 3923 5460 3926
f 3923 3926 1362
f 5460 3925 1355
f 5460 1355 3926
f 3924 1354 3925
f 3924 3925 5460
f 1357 3928 5461
f 1357 5461 3927
f 3927 5461 3930
f 3927 3930 1356
f 5461 3929 1359
f 5461 1359 3930
f 3928 1358 3929
f 3928 3929 5461
f 1352 3931 5462
f 1352 5462 3921
f 3921 5462 3932
f 3921 3932 1353
f 5462 3923 1362
f 5462 1362 3932
f 3931 1363 3923
f 3931 3923 5462
f 1369 3934 5463
f 1369 5463 3933
f 3933 5463 3936
f 3933 3936 1368
f 5463 3935 1361
f 5463 1361 3936
f 3934 1360 3935
f 3934 3935 5463
f 1354 3937 5464
f 1354 5464 3925
f 3925 5464 3938
f 3925 3938 1355
f 5464 3927 1356
f 5464 1356 3938
f 3937 1357 3927
f 3937 3927 5464
f 1365 3940 5465
f 1365 5465 3939
f 3939 5465 3942
f 3939 3942 1364
f 5465 3941 1367
f 5465 1367 3942
f 3940 1366 3941
f 3940 3941 5465
f 1360 3943 5466
f 1360 5466 3935
f 3935 5466 3944
f 3935 3944 1361
f 5466 3939 1364
f 5466 1364 3944
f 3943 1365 3939
f 3943 3939 5466
f 1366 3945 5467
f 1366 5467 3941
f 3941 5467 3946
f 3941 3946 1367
f 5467 3913 1348
f 5467 1348 3946
f 3945 1349 3913
f 3945 3913 5467
f 1358 3947 5468
f 1358 5468 3929
f 3929 5468 3948
f 3929 3948 1359
f 5468 3933 1368
f 5468 1368 3948
f 3947 1369 3933
f 3947 3933 5468
f 979 3949 5469
f 979 5469 3354
f 3354 5469 3950
f 3354 3950 815
f 5469 3920 1338
f 5469 1338 3950
f 3949 1352 3920
f 3949 3920 5469
f 1383 3982 5470
f 1383 5470 3981
f 3981 5470 3984
f 3981 3984 1382
f 5470 3983 1375
f 5470 1375 3984
f 3982 1374 3983
f 3982 3983 5470
f 1377 3986 5471
f 1377 5471 3985
f 3985 5471 3988
f 3985 3988 1376
f 5471 3987 1379
f 5471 1379 3988
f 3986 1378 3987
f 3986 3987 5471
f 1373 3990 5472
f 1373 5472 3989
f 3989 5472 3991
f 3989 3991 1372
f 5472 3981 1382
f 5472 1382 3991
f 3990 1383 3981
f 3990 3981 5472
f 1378 3992 5473
f 1378 5473 3987
f 3987 5473 3994
f 3987 3994 1379
f 5473 3993 1381
f 5473 1381 3994
f 3992 1380 3993
f 3992 3993 5473
f 1374 3995 5474
f 1374 5474 3983
f 3983 5474 3996
f 3983 3996 1375
f 5474 3985 1376
f 5474 1376 3996
f 3995 1377 3985
f 3995 3985 5474
f 1371 3998 5475
f 1371 5475 3997
f 3997 5475 3999
f 3997 3999 1370
f 5475 3989 1372
f 5475 1372 3999
f 3998 1373 3989
f 3998 3989 5475
f 1370 4000 5476
f 1370 5476 3997
f 3997 5476 4002
f 3997 4002 1371
f 5476 4001 1385
f 5476 1385 4002
f 4000 1384 4001
f 4000 4001 5476
f 1395 4004 5477
f 1395 5477 4003
f 4003 5477 4006
f 4003 4006 1394
f 5477 4005 1387
f 5477 1387 4006
f 4004 1386 4005
f 4004 4005 5477
f 1389 4008 5478
f 1389 5478 4007
f 4007 5478 4010
f 4007 4010 1388
f 5478 4009 1391
f 5478 1391 4010
f 4008 1390 4009
f 4008 4009 5478
f 1384 4011 5479
f 1384 5479 4001
f 4001 5479 4012
f 4001 4012 1385
f 5479 4003 1394
f 5479 1394 4012
f 4011 1395 4003
f 4011 4003 5479
f 1401 4014 5480
f 1401 5480 4013
f 4013 5480 4016
f 4013 4016 1400
f 5480 4015 1393
f 5480 1393 4016
f 4014 1392 4015
f 4014 4015 5480
f 1386 4017 5481
f 1386 5481 4005
f 4005 5481 4018
f 4005 4018 1387
f 5481 4007 1388
f 5481 1388 4018
f 4017 1389 4007
f 4017 4007 5481
f 1397 4020 5482
f 1397 5482 4019
f 4019 5482 4022
f 4019 4022 1396
f 5482 4021 1399
f 5482 1399 4022
f 4020 1398 4021
f 4020 4021 5482
f 1392 4023 5483
f 1392 5483 4015
f 4015 5483 4024
f 4015 4024 1393
f 5483 4019 1396
f 5483 1396 4024
f 4023 1397 4019
f 4023 4019 5483
f 1398 4025 5484
f 1398 5484 4021
f 4021 5484 4026
f 4021 4026 1399
f 5484 3993 1380
f 5484 1380 4026
f 4025 1381 3993
f 4025 3993 5484
f 1390 4027 5485
f 1390 5485 4009
f 4009 5485 4028
f 4009 4028 1391
f 5485 4013 1400
f 5485 1400 4028
f 4027 1401 4013
f 4027 4013 5485
f 980 4029 5486
f 980 5486 3321
f 3321 5486 4030
f 3321 4030 814
f 5486 4000 1370
f 5486 1370 4030
f 4029 1384 4000
f 4029 4000 5486
f 1328 3877 5487
f 1328 5487 4128
f 4128 5487 4115
f 4128 4115 1434
f 5487 1441 4115
f 3877 1332 1441
f 3877 1441 5487
f 1335 3872 5488
f 1335 5488 1436
f 1436 5488 4109
f 5488 1442 4109
f 3872 1326 1442
f 3872 1442 5488
f 1324 3883 5489
f 1324 5489 4133
f 4133 5489 4120
f 4133 4120 1438
f 5489 4132 1446
f 5489 1446 4120
f 3883 1323 4132
f 3883 4132 5489
f 1334 3871 5490
f 1334 5490 4136
f 4136 5490 4111
f 4136 4111 1440
f 5490 1450 4111
f 3871 1336 1450
f 3871 1450 5490
f 1436 4109 4064
f 1436 4064 1415
f 4109 4130 1406
f 4109 1406 4064
f 4109 1442 4130
f 1333 3876 4119
f 1333 4119 1444
f 3876 1331 1448
f 3876 1448 4119
f 1327 3881 5491
f 1327 5491 1439
f 1439 5491 4124
f 5491 4133 1438
f 5491 1438 4124
f 3881 1324 4133
f 3881 4133 5491
f 1329 3875 5492
f 1329 5492 1445
f 1445 5492 4121
f 5492 1444 4121
f 3875 1333 1444
f 3875 1444 5492
f 1337 3870 5493
f 1337 5493 4139
f 4139 5493 4114
f 4139 4114 1449
f 5493 4138 1451
f 5493 1451 4114
f 3870 1330 4138
f 3870 4138 5493
f 1438 4120 4075
f 1438 4075 1404
f 4120 1446 1403
f 4120 1403 4075
f 1325 3880 5494
f 1325 5494 1435
f 1435 5494 4126
f 5494 4128 1434
f 5494 1434 4126
f 3880 1328 4128
f 3880 4128 5494
f 1336 3869 5495
f 1336 5495 1450
f 1450 5495 4117
f 5495 4139 1449
f 5495 1449 4117
f 3869 1337 4139
f 3869 4139 5495
f 1440 4111 4063
f 1440 4063 1414
f 4111 4135 1416
f 4111 1416 4063
f 4111 1450 4135
f 1332 3874 5496
f 1332 5496 1441
f 1441 5496 4123
f 5496 4136 1440
f 5496 1440 4123
f 3874 1334 4136
f 3874 4136 5496
f 1449 4114 4062
f 1449 4062 1417
f 4114 1451 1410
f 4114 1410 4062
f 1322 3873 4125
f 1322 4125 1437
f 3873 1335 1436
f 3873 1436 4125
f 1402 4065 5497
f 1402 5497 4094
f 4094 5497 4081
f 4094 4081 1418
f 5497 4093 1431
f 5497 1431 4081
f 4065 1415 4093
f 4065 4093 5497
f 1407 4073 5498
f 1407 5498 4096
f 4096 5498 4089
f 4096 4089 1423
f 5498 4095 1420
f 5498 1420 4089
f 4073 1404 4095
f 4073 4095 5498
f 1412 4066 5499
f 1412 5499 4098
f 4098 5499 4082
f 4098 4082 1428
f 5499 4097 1430
f 5499 1430 4082
f 4066 1414 4097
f 4066 4097 5499
f 1406 4074 5500
f 1406 5500 4100
f 4100 5500 4090
f 4100 4090 1422
f 5500 4099 1421
f 5500 1421 4090
f 4074 1405 4099
f 4074 4099 5500
f 1409 4067 5501
f 1409 5501 4102
f 4102 5501 4083
f 4102 4083 1425
f 5501 4101 1429
f 5501 1429 4083
f 4067 1413 4101
f 4067 4101 5501
f 1404 4075 5502
f 1404 5502 4095
f 4095 5502 4091
f 4095 4091 1420
f 5502 4103 1419
f 5502 1419 4091
f 4075 1403 4103
f 4075 4103 5502
f 1413 4068 5503
f 1413 5503 4101
f 4101 5503 4084
f 4101 4084 1429
f 5503 4104 1427
f 5503 1427 4084
f 4068 1411 4104
f 4068 4104 5503
f 1416 4061 5504
f 1416 5504 4106
f 4106 5504 4077
f 4106 4077 1432
f 5504 4105 1433
f 5504 1433 4077
f 4061 1417 4105
f 4061 4105 5504
f 1403 4076 5505
f 1403 5505 4103
f 4103 5505 4092
f 4103 4092 1419
f 5505 4094 1418
f 5505 1418 4092
f 4076 1402 4094
f 4076 4094 5505
f 1408 4069 5506
f 1408 5506 4107
f 4107 5506 4085
f 4107 4085 1424
f 5506 4098 1428
f 5506 1428 4085
f 4069 1412 4098
f 4069 4098 5506
f 1417 4062 5507
f 1417 5507 4105
f 4105 5507 4078
f 4105 4078 1433
f 5507 4108 1426
f 5507 1426 4078
f 4062 1410 4108
f 4062 4108 5507
f 1411 4070 5508
f 1411 5508 4104
f 4104 5508 4086
f 4104 4086 1427
f 5508 4096 1423
f 5508 1423 4086
f 4070 1407 4096
f 4070 4096 5508
f 1414 4063 5509
f 1414 5509 4097
f 4097 5509 4079
f 4097 4079 1430
f 5509 4106 1432
f 5509 1432 4079
f 4063 1416 4106
f 4063 4106 5509
f 1410 4071 5510
f 1410 5510 4108
f 4108 5510 4087
f 4108 4087 1426
f 5510 4102 1425
f 5510 1425 4087
f 4071 1409 4102
f 4071 4102 5510
f 1415 4064 5511
f 1415 5511 4093
f 4093 5511 4080
f 4093 4080 1431
f 5511 4100 1422
f 5511 1422 4080
f 4064 1406 4100
f 4064 4100 5511
f 1405 4072 5512
f 1405 5512 4099
f 4099 5512 4088
f 4099 4088 1421
f 5512 4107 1424
f 5512 1424 4088
f 4072 1408 4107
f 4072 4107 5512
f 1323 3884 4116
f 1323 4116 4132
f 4132 4116 1446
f 3884 1322 1437
f 3884 1437 4116
f 1451 4110 4071
f 1451 4071 1410
f 4110 4137 1409
f 4110 1409 4071
f 4110 1445 4137
f 1443 4118 4068
f 1443 4068 1413
f 4118 1447 1411
f 4118 1411 4068
f 1447 4112 4070
f 1447 4070 1411
f 4112 4134 1407
f 4112 1407 4070
f 4112 1439 4134
f 1326 3882 5513
f 1326 5513 1442
f 1442 5513 4122
f 5513 1435 4122
f 3882 1325 1435
f 3882 1435 5513
f 1446 4116 4076
f 1446 4076 1403
f 4116 4131 1402
f 4116 1402 4076
f 4116 1437 4131
f 1450 4117 4135
f 4135 4117 4061
f 4135 4061 1416
f 4117 1449 1417
f 4117 1417 4061
f 1330 3879 5514
f 1330 5514 4138
f 4138 5514 4110
f 4138 4110 1451
f 5514 1445 4110
f 3879 1329 1445
f 3879 1445 5514
f 1331 3878 4113
f 1331 4113 1448
f 3878 1327 1439
f 3878 1439 4113
f 1445 4121 4137
f 4137 4121 4067
f 4137 4067 1409
f 4121 1443 1413
f 4121 1413 4067
f 1442 4122 4130
f 4130 4122 4074
f 4130 4074 1406
f 4122 4129 1405
f 4122 1405 4074
f 4122 1435 4129
f 1441 4123 4127
f 4127 4123 4066
f 4127 4066 1412
f 4123 1440 1414
f 4123 1414 4066
f 1439 4124 4134
f 4134 4124 4073
f 4134 4073 1407
f 4124 1438 1404
f 4124 1404 4073
f 1437 4125 4131
f 4131 4125 4065
f 4131 4065 1402
f 4125 1436 1415
f 4125 1415 4065
f 1435 4126 4129
f 4129 4126 4072
f 4129 4072 1405
f 4126 1434 1408
f 4126 1408 4072
f 1439 4112 4113
f 4112 1447 1448
f 4112 1448 4113
f 1447 4118 4119
f 1447 4119 1448
f 4118 1443 1444
f 4118 1444 4119
f 1443 4121 1444
f 1434 4115 4069
f 1434 4069 1408
f 4115 4127 1412
f 4115 1412 4069
f 4115 1441 4127
f 2379 539 2382
f 2379 2382 4830
f 2377 2378 513
f 1481 4221 4211
f 4221 715 2775
f 4221 2775 4211
f 1477 4216 4213
f 4216 713 2774
f 4216 2774 4213
f 4205 4206 1510
f 4205 1510 1509
f 1476 716 2771
f 1476 2771 4202
f 602 5806 5805
f 2549 2510 5801
f 2549 5801 5805
f 2468 4853 5917
f 2468 5917 5799
f 4853 2469 5800
f 4853 5800 5917
f 488 6119 6134
f 488 6134 2353
f 534 5791 5790
f 535 534 5790
f 4801 5883 5786
f 4801 5786 2302
f 2136 5761 5883
f 2136 5883 4801
f 4798 5880 5763
f 4798 5763 2178
f 2181 5764 5880
f 2181 5880 4798
f 4794 5876 5767
f 4794 5767 2190
f 2193 5768 5876
f 2193 5876 4794
f 4790 5872 5771
f 4790 5771 2202
f 2205 5772 5872
f 2205 5872 4790
f 2268 5863 5785
f 2268 5785 428
f 426 5773 5863
f 426 5863 2268
f 2251 5849 5778
f 2251 5778 441
f 439 5779 5849
f 439 5849 2251
f 2245 5847 5776
f 2245 5776 445
f 443 5777 5847
f 443 5847 2245
f 1508 4217 4209
f 4217 714 2776
f 4217 2776 4209
f 2580 2815 1481
f 2580 1481 635
f 5576 2812 1511
f 2581 5576 1511
f 2581 1511 637
f 4204 2763 1459
f 4204 1459 1515
f 4203 2778 710
f 4203 710 4218
f 4203 4218 1479
f 5575 4209 1477
f 2584 5575 1477
f 2584 1477 633
f 2814 2772 715
f 2814 715 4221
f 2814 4221 1481
f 4205 2770 1452
f 4205 1452 1513
f 2812 2773 717
f 2812 717 4224
f 2812 4224 1511
f 2586 4203 1479
f 2586 1479 630
f 5574 2790 1466
f 5574 1466 2809
f 2774 5574 2809
f 2774 2809 716
f 5573 2782 1464
f 5573 1464 2802
f 2766 5573 2802
f 2766 2802 714
f 5572 2789 1467
f 5572 1467 2804
f 2773 5572 2804
f 2773 2804 717
f 5571 2781 1474
f 5571 1474 2808
f 2765 5571 2808
f 2765 2808 1458
f 5570 2788 1465
f 5570 1465 2798
f 2772 5570 2798
f 2772 2798 715
f 1452 2806 5570
f 1452 5570 2772
f 2806 1469 2788
f 2806 2788 5570
f 1459 2807 5569
f 1459 5569 2764
f 2807 1475 2780
f 2807 2780 5569
f 716 2809 5568
f 716 5568 2771
f 2809 1466 2787
f 2809 2787 5568
f 711 2805 5567
f 711 5567 2778
f 2805 1461 2794
f 2805 2794 5567
f 1458 2808 5566
f 1458 5566 2763
f 2808 1474 2779
f 2808 2779 5566
f 1455 2803 5565
f 1455 5565 2770
f 2803 1471 2786
f 2803 2786 5565
f 712 2797 5564
f 712 5564 2777
f 2797 1462 2793
f 2797 2793 5564
f 5562 2792 1463
f 5562 1463 2801
f 2776 5562 2801
f 2776 2801 713
f 5561 2784 1472
f 5561 1472 2799
f 2768 5561 2799
f 2768 2799 1456
f 5560 2791 1462
f 5560 1462 2797
f 2775 5560 2797
f 2775 2797 712
f 5559 2783 1473
f 5559 1473 2795
f 2767 5559 2795
f 2767 2795 1457
f 2575 4212 1478
f 2575 1478 643
f 2816 2764 718
f 2816 718 1517
f 3865 5636 5637
f 3865 5637 3866
f 1294 5634 5635
f 1295 5634 1294
f 1299 5636 5631
f 1299 5631 1276
f 3635 5616 5635
f 3635 5635 3848
f 3847 5634 5630
f 3847 5630 3808
f 3830 5687 5633
f 3830 5633 1291
f 1276 5631 5687
f 1276 5687 3830
f 3808 5630 5686
f 3808 5686 5446
f 5446 5686 5632
f 5446 5632 3822
f 1171 5617 5637
f 1171 5637 1298
f 3766 5628 5685
f 3766 5685 5435
f 5435 5685 5629
f 5435 5629 3767
f 3758 5684 5627
f 3758 5627 1256
f 1257 5626 5684
f 1257 5684 3758
f 3708 5624 5625
f 3708 5625 3709
f 3707 5623 5624
f 3707 5624 3708
f 6044 6046 5683
f 6044 5683 5418
f 5418 5683 5623
f 5418 5623 3707
f 1226 5620 5621
f 1226 5621 1224
f 1226 5619 5620
f 1227 5619 1226
f 3692 5682 5619
f 3692 5619 1227
f 6011 6047 5682
f 6011 5682 3692
f 3693 5618 5681
f 3693 5681 5401
f 5401 5681 5616
f 5401 5616 3635
f 5397 3767 5629
f 5397 5629 5680
f 3476 5397 5680
f 3476 5680 5591
f 5383 3600 5615
f 5383 5615 5679
f 3435 5383 5679
f 3435 5679 5590
f 5382 3709 5625
f 5382 5625 5678
f 3766 5382 5678
f 3766 5678 5628
f 5381 3476 5591
f 5381 5591 5677
f 3477 5381 5677
f 3477 5677 5592
f 5380 3477 5592
f 5380 5592 5676
f 3480 5380 5676
f 3480 5676 5593
f 5379 3480 5593
f 5379 5593 5675
f 3483 5379 5675
f 3483 5675 5594
f 5378 3483 5594
f 5378 5594 5674
f 3486 5378 5674
f 3486 5674 5595
f 5377 3486 5595
f 5377 5595 5673
f 3489 5377 5673
f 3489 5673 5596
f 5376 3489 5596
f 5376 5596 5672
f 3492 5376 5672
f 3492 5672 5597
f 5375 3492 5597
f 5375 5597 5671
f 3495 5375 5671
f 3495 5671 5598
f 5374 3495 5598
f 5374 5598 5670
f 3498 5374 5670
f 3498 5670 5599
f 5373 3498 5599
f 5373 5599 5669
f 3501 5373 5669
f 3501 5669 5600
f 5372 3501 5600
f 5372 5600 5668
f 3504 5372 5668
f 3504 5668 5601
f 3724 5667 5617
f 3724 5617 1171
f 1229 5622 5667
f 1229 5667 3724
f 5370 3504 5601
f 5370 5601 5666
f 3600 5370 5666
f 3600 5666 5615
f 2960 5582 5665
f 2960 5665 5368
f 5368 5665 5602
f 5368 5602 3534
f 3569 1143 5613
f 3569 5613 5664
f 1120 3569 5664
f 1120 5664 5614
f 3566 1120 5614
f 3566 5614 5663
f 1118 3566 5663
f 1118 5663 5602
f 3564 1123 5612
f 3564 5612 5662
f 1143 3564 5662
f 1143 5662 5613
f 3561 1125 5611
f 3561 5611 5661
f 1123 3561 5661
f 1123 5661 5612
f 3558 1127 5610
f 3558 5610 5660
f 1125 3558 5660
f 1125 5660 5611
f 3555 1129 5609
f 3555 5609 5659
f 1127 3555 5659
f 1127 5659 5610
f 3552 1131 5608
f 3552 5608 5658
f 1129 3552 5658
f 1129 5658 5609
f 3549 1133 5607
f 3549 5607 5657
f 1131 3549 5657
f 1131 5657 5608
f 3546 1135 5606
f 3546 5606 5656
f 1133 3546 5656
f 1133 5656 5607
f 3543 1137 5605
f 3543 5605 5655
f 1135 3543 5655
f 1135 5655 5606
f 3540 1139 5604
f 3540 5604 5654
f 1137 3540 5654
f 1137 5654 5605
f 3537 1141 5603
f 3537 5603 5653
f 1139 3537 5653
f 1139 5653 5604
f 3793 1224 5621
f 3793 5621 5652
f 1257 3793 5652
f 1257 5652 5626
f 3792 1256 5627
f 3792 5627 5651
f 1141 3792 5651
f 1141 5651 5603
f 5194 3248 5589
f 5194 5589 5650
f 2817 5194 5650
f 2817 5650 5577
f 5188 3238 5588
f 5188 5588 5649
f 3117 5188 5649
f 3117 5649 5587
f 5087 3435 5590
f 5087 5590 5648
f 3238 5087 5648
f 3238 5648 5588
f 5085 3117 5587
f 5085 5587 5647
f 3112 5085 5647
f 3112 5647 5586
f 5084 3112 5586
f 5084 5586 5646
f 3107 5084 5646
f 3107 5646 5585
f 5083 3107 5585
f 5083 5585 5645
f 3102 5083 5645
f 3102 5645 5584
f 5082 3102 5584
f 5082 5584 5644
f 3248 5082 5644
f 3248 5644 5589
f 2817 5577 5643
f 2817 5643 4987
f 4987 5643 5583
f 4987 5583 2971
f 2841 5581 5642
f 2841 5642 4981
f 4981 5642 5582
f 4981 5582 2960
f 2836 5580 5641
f 2836 5641 4875
f 4875 5641 5581
f 4875 5581 2841
f 2831 5579 5640
f 2831 5640 4874
f 4874 5640 5580
f 4874 5580 2836
f 2826 5578 5639
f 2826 5639 4873
f 4873 5639 5579
f 4873 5579 2831
f 2971 5583 5638
f 2971 5638 4872
f 4872 5638 5578
f 4872 5578 2826
f 5427 5747 5724
f 5427 5724 4187
f 114 1650 4290
f 114 4290 1672
f 4186 5723 5747
f 4186 5747 5427
f 4173 5385 5746
f 4173 5746 5722
f 1650 35 1527
f 1650 1527 4290
f 5294 5745 5716
f 5294 5716 4163
f 4159 5715 5745
f 4159 5745 5294
f 2370 506 507
f 2343 4837 2413
f 2343 2413 481
f 2335 2556 621
f 2335 621 469
f 2333 2564 613
f 2333 613 474
f 2381 522 2391
f 2381 2391 4832
f 522 523 2392
f 522 2392 2391
f 2412 466 2327
f 2412 2327 4837
f 4265 4266 5699
f 4265 5699 5698
f 6132 4822 2344
f 6132 2344 6118
f 1920 4589 1811
f 1920 1811 205
f 481 2413 4785
f 481 4785 2400
f 5863 4783 2269
f 5863 2269 5785
f 2400 4785 2414
f 2400 2414 528
f 584 2532 5919
f 584 5919 5802
f 2269 429 2272
f 2269 2272 4784
f 2236 427 2270
f 2236 2270 4783
f 1807 200 1920
f 1807 1920 4588
f 511 509 2372
f 511 2372 2371
f 343 1958 4702
f 343 4702 2032
f 5295 1499 5718
f 5295 5718 4167
f 15 4160 5116
f 15 5116 5691
f 5385 4170 268
f 5385 268 5746
f 14 5744 5149
f 14 5149 4158
f 2042 4703 2063
f 2042 2063 339
f 2033 4704 2064
f 2033 2064 338
f 2153 4708 2129
f 2153 2129 383
f 1850 252 1869
f 1850 1869 4530
f 2413 465 2338
f 2413 2338 4785
f 5743 4562 4259
f 5743 4259 5721
f 5834 5833 5896
f 5834 5896 5837
f 1949 5760 5820
f 1949 5820 4500
f 5827 5826 5920
f 5827 5920 5853
f 1532 4292 5811
f 1532 5811 5750
f 5993 5994 5842
f 5993 5842 5843
f 4500 5820 5755
f 4500 5755 1803
f 4713 4254 5718
f 4713 5718 1499
f 6026 6082 6094
f 6026 6094 6059
f 5816 5815 5904
f 5816 5904 5889
f 5977 6050 6027
f 5977 6027 5976
f 4260 5722 5746
f 4260 5746 4803
f 5817 5816 5889
f 5817 5889 5892
f 5951 5937 5925
f 5833 5822 5884
f 5833 5884 5896
f 5815 5813 5901
f 5815 5901 5904
f 5988 6014 5996
f 5988 5996 5987
f 5826 5814 5911
f 5826 5911 5920
f 1672 4290 5809
f 1672 5809 5754
f 3101 890 5825
f 3101 5825 5822
f 5835 5834 5837
f 5835 5837 5840
f 4502 5823 5757
f 4502 5757 1813
f 6015 6017 6021
f 6015 6021 6019
f 5828 5827 5853
f 5828 5853 5856
f 5825 5828 5856
f 5825 5856 5868
f 6059 6061 6028
f 6059 6028 6026
f 15 5691 4534
f 15 4534 4247
f 5912 5893 5948
f 5912 5948 5943
f 6017 6016 6020
f 6017 6020 6021
f 6023 6025 6057
f 6023 6057 6055
f 6053 6052 6064
f 6053 6064 6065
f 6052 6050 6062
f 6052 6062 6064
f 5814 5817 5892
f 5814 5892 5911
f 5985 6018 6014
f 5985 6014 5988
f 4238 5975 5813
f 4238 5813 10
f 5934 5945 5935
f 5942 5930 5927
f 5924 5951 5925
f 195 5989 5984
f 195 5984 1802
f 5822 5825 5868
f 5822 5868 5884
f 5958 5934 5928
f 6020 6018 6022
f 6020 6022 6024
f 5852 5921 5949
f 5852 5949 5944
f 5991 5993 5843
f 5991 5843 5841
f 5921 5852 5854
f 5921 5854 5923
f 5923 5854 5855
f 5923 5855 5922
f 5922 5855 5853
f 5922 5853 5920
f 1537 4293 5812
f 1537 5812 5751
f 4399 1661 5753
f 4399 5753 5818
f 4405 1672 5754
f 4405 5754 5819
f 5897 5836 5838
f 5897 5838 5899
f 5899 5838 5839
f 5899 5839 5898
f 5898 5839 5837
f 5898 5837 5896
f 5912 5921 5923
f 5912 5923 5914
f 5914 5923 5922
f 5914 5922 5913
f 5913 5922 5920
f 5913 5920 5911
f 5976 6027 6058
f 5976 6058 5975
f 5987 5996 6066
f 5987 6066 5986
f 14 4245 4567
f 14 4567 5744
f 6063 6084 6089
f 6063 6089 6051
f 6083 6073 6075
f 6077 6078 6086
f 6070 6071 6092
f 5974 6062 6050
f 5974 6050 5977
f 1802 5984 5985
f 1802 5985 196
f 5986 6066 6062
f 5986 6062 5974
f 5989 6054 6022
f 5989 6022 5984
f 5835 5840 5992
f 5835 5992 5990
f 5975 6058 5901
f 5975 5901 5813
f 6092 6071 6080
f 5990 5992 6054
f 5990 6054 5989
f 4803 5746 268
f 4803 268 4257
f 5893 5912 5914
f 5893 5914 5895
f 5895 5914 5913
f 5895 5913 5894
f 5894 5913 5911
f 5894 5911 5892
f 5905 5888 5890
f 5905 5890 5907
f 5907 5890 5891
f 5907 5891 5906
f 5906 5891 5889
f 5906 5889 5904
f 5731 5291 4187
f 5731 4187 5724
f 4246 4712 5745
f 4246 5745 5715
f 4712 4250 5716
f 4712 5716 5745
f 5900 5905 5907
f 5900 5907 5902
f 5902 5907 5906
f 5902 5906 5903
f 5903 5906 5904
f 5903 5904 5901
f 5885 5897 5899
f 5885 5899 5887
f 5887 5899 5898
f 5887 5898 5886
f 5886 5898 5896
f 5886 5896 5884
f 5888 5893 5895
f 5888 5895 5890
f 5890 5895 5894
f 5890 5894 5891
f 5891 5894 5892
f 5891 5892 5889
f 5869 5885 5887
f 5869 5887 5871
f 5871 5887 5886
f 5871 5886 5870
f 5870 5886 5884
f 5870 5884 5868
f 4273 4845 5747
f 4273 5747 5723
f 4845 4274 5724
f 4845 5724 5747
f 4290 1527 5749
f 4290 5749 5809
f 4292 1537 5751
f 4292 5751 5811
f 4291 1532 5750
f 4291 5750 5810
f 1527 4291 5810
f 1527 5810 5749
f 5857 5869 5871
f 5857 5871 5859
f 5859 5871 5870
f 5859 5870 5858
f 5858 5870 5868
f 5858 5868 5856
f 4293 1542 5752
f 4293 5752 5812
f 1542 4399 5818
f 1542 5818 5752
f 1518 4405 5819
f 1518 5819 5748
f 5852 5857 5859
f 5852 5859 5854
f 5854 5859 5858
f 5854 5858 5855
f 5855 5858 5856
f 5855 5856 5853
f 1803 5755 5821
f 1803 5821 4501
f 4501 5821 5756
f 4501 5756 1808
f 1808 5756 5823
f 1808 5823 4502
f 5836 5841 5843
f 5836 5843 5838
f 5838 5843 5842
f 5838 5842 5839
f 5839 5842 5840
f 5839 5840 5837
f 5897 5885 5950
f 5897 5950 5946
f 4612 5831 5760
f 4612 5760 1949
f 725 2822 5817
f 725 5817 5814
f 2494 5832 5798
f 2494 5798 564
f 4503 5824 5758
f 4503 5758 1818
f 890 3322 5828
f 890 5828 5825
f 3322 726 5827
f 3322 5827 5828
f 1813 5757 5824
f 1813 5824 4503
f 5693 4165 5834
f 5693 5834 5835
f 449 5774 5832
f 449 5832 2494
f 2823 725 5814
f 2823 5814 5826
f 1518 5748 5831
f 1518 5831 4612
f 4151 10 5813
f 4151 5813 5815
f 889 3101 5822
f 889 5822 5833
f 2822 724 5816
f 2822 5816 5817
f 2495 5844 5792
f 2495 5792 532
f 565 5797 5844
f 565 5844 2495
f 724 4151 5815
f 724 5815 5816
f 1818 5758 5830
f 1818 5830 4606
f 4505 5829 5761
f 4505 5761 2136
f 4606 5830 5759
f 4606 5759 1939
f 726 2823 5826
f 726 5826 5827
f 1939 5759 5829
f 1939 5829 4505
f 4165 889 5833
f 4165 5833 5834
f 5961 5978 6259
f 5961 6259 6251
f 5936 5931 5969
f 5936 5969 5979
f 5932 5933 6075
f 5932 6075 6074
f 5888 5905 5953
f 5888 5953 5941
f 5921 5912 5943
f 5921 5943 5949
f 6079 6111 6105
f 6079 6105 6076
f 6281 6272 6215
f 6281 6215 6226
f 6266 6252 6185
f 6266 6185 6206
f 6110 6283 6273
f 6110 6273 6106
f 5841 5836 5955
f 5841 5955 5957
f 6025 6024 6056
f 6025 6056 6057
f 5905 5900 5939
f 5905 5939 5953
f 6275 6286 6236
f 6275 6236 6217
f 5903 5901 6058
f 5903 6058 6060
f 6024 6022 6054
f 6024 6054 6056
f 5885 5869 5947
f 5885 5947 5950
f 5931 5926 5964
f 5931 5964 5969
f 6067 6090 6084
f 6067 6084 6063
f 5836 5897 5946
f 5836 5946 5955
f 6021 6020 6024
f 6021 6024 6025
f 5945 5938 5935
f 5926 5942 5927
f 5994 5992 5840
f 5994 5840 5842
f 6051 6089 6082
f 6051 6082 6026
f 6077 6115 6078
f 6285 6276 6221
f 6285 6221 6232
f 6100 6280 6271
f 6100 6271 6104
f 6248 6256 6191
f 6248 6191 6179
f 5937 5936 5979
f 5937 5979 5962
f 5938 5924 5973
f 5938 5973 5966
f 5928 5934 5983
f 5926 5927 5964
f 6070 6109 6071
f 5924 5925 5973
f 5934 5935 5983
f 6078 6103 6081
f 5991 6096 6087
f 5991 6087 6055
f 5925 5937 5962
f 6086 6078 6081
f 6015 6093 6085
f 6015 6085 5995
f 5935 5938 5966
f 6055 6087 6091
f 6055 6091 6023
f 5928 6115 6077
f 5893 5888 5941
f 5893 5941 5948
f 6114 6290 6277
f 6114 6277 6107
f 5857 5852 5944
f 5857 5944 5952
f 5967 6269 6290
f 5967 6290 6114
f 6245 6288 6239
f 6245 6239 6172
f 6268 6266 6206
f 6268 6206 6209
f 6291 6268 6209
f 6291 6209 6241
f 6262 6250 6182
f 6262 6182 6200
f 6051 6053 6065
f 6051 6065 6063
f 6113 6289 6244
f 6113 6244 5959
f 1524 5986 5974
f 1524 5974 31
f 5970 5963 6257
f 5970 6257 6249
f 5971 5965 6261
f 5971 6261 6253
f 6080 6099 6111
f 6080 6111 6079
f 6247 6265 6202
f 6247 6202 6175
f 6286 6278 6224
f 6286 6224 6236
f 6258 6248 6179
f 6258 6179 6194
f 6255 6262 6200
f 6255 6200 6187
f 6065 6064 6068
f 6065 6068 6069
f 6064 6062 6066
f 6064 6066 6068
f 6056 6054 5992
f 6056 5992 5994
f 6063 6065 6069
f 6063 6069 6067
f 6057 6056 5994
f 6057 5994 5993
f 6055 6057 5993
f 6055 5993 5991
f 6067 6069 5997
f 6067 5997 5995
f 6068 6066 5996
f 6068 5996 6013
f 6069 6068 6013
f 6069 6013 5997
f 5958 5928 6077
f 5995 6085 6090
f 5995 6090 6067
f 5932 5929 5930
f 5932 5930 5933
f 5929 5927 5930
f 5984 6022 6018
f 5984 6018 5985
f 5869 5857 5952
f 5869 5952 5947
f 5900 5902 6061
f 5900 6061 6059
f 6060 6058 6027
f 6060 6027 6045
f 6045 6027 6050
f 6045 6050 6052
f 6028 6045 6052
f 6028 6052 6053
f 5902 5903 6060
f 5902 6060 6061
f 6061 6060 6045
f 6061 6045 6028
f 6019 6021 6025
f 6019 6025 6023
f 6026 6028 6053
f 6026 6053 6051
f 5997 6013 6016
f 5997 6016 6017
f 5995 5997 6017
f 5995 6017 6015
f 6013 5996 6014
f 6013 6014 6016
f 6016 6014 6018
f 6016 6018 6020
f 2023 5988 5987
f 2023 5987 32
f 196 5985 5988
f 196 5988 2023
f 5942 5926 5948
f 5942 5948 5941
f 5926 5931 5943
f 5926 5943 5948
f 5931 5936 5949
f 5931 5949 5943
f 5936 5937 5944
f 5936 5944 5949
f 5924 5938 5950
f 5924 5950 5947
f 5938 5945 5950
f 5950 5945 5946
f 5937 5951 5944
f 5944 5951 5952
f 5951 5924 5947
f 5951 5947 5952
f 5930 5942 5941
f 5930 5941 5954
f 5954 5941 5953
f 5945 5934 5956
f 5945 5956 5955
f 5945 5955 5946
f 4252 5990 5989
f 4252 5989 195
f 32 5987 5986
f 32 5986 1524
f 6276 6291 6241
f 6276 6241 6221
f 30 5976 5975
f 30 5975 4238
f 6023 6091 6088
f 6023 6088 6019
f 5841 5957 6096
f 5841 6096 5991
f 6076 6105 6101
f 6076 6101 6072
f 6059 6094 5939
f 6059 5939 5900
f 5693 5835 5990
f 5693 5990 4252
f 31 5974 5977
f 31 5977 1523
f 5933 5930 5954
f 5933 5954 5940
f 5940 5954 5953
f 5940 5953 5939
f 5934 5958 5956
f 5956 5958 5957
f 5956 5957 5955
f 1523 5977 5976
f 1523 5976 30
f 6072 6073 6083
f 6102 6284 6279
f 6102 6279 6108
f 5970 5978 5979
f 5970 5979 5969
f 5980 5972 5973
f 5980 5973 5925
f 5981 5968 5927
f 5981 5927 5929
f 5971 5982 5983
f 5971 5983 5935
f 6074 6075 6073
f 6081 6103 6109
f 6081 6109 6070
f 6071 6099 6080
f 6072 6101 6073
f 5968 5963 5964
f 5968 5964 5927
f 5963 5970 5969
f 5963 5969 5964
f 5978 5961 5962
f 5978 5962 5979
f 5972 5965 5966
f 5972 5966 5973
f 5965 5971 5935
f 5965 5935 5966
f 5961 5980 5925
f 5961 5925 5962
f 6288 6270 6212
f 6288 6212 6239
f 5959 5981 5929
f 5959 5929 5960
f 5982 5967 5928
f 5982 5928 5983
f 5929 5932 5960
f 1225 5618 6047
f 1225 6047 6011
f 3706 5622 6046
f 3706 6046 6044
f 4267 6135 6120
f 4267 6120 508
f 5622 1229 6008
f 5622 6008 6046
f 1216 3706 6044
f 1216 6044 6010
f 3702 1225 6011
f 3702 6011 6043
f 1204 3702 6043
f 1204 6043 6007
f 3698 1173 5999
f 3698 5999 6042
f 1220 3698 6042
f 1220 6042 6012
f 3693 1220 6012
f 3693 6012 6041
f 5618 3693 6041
f 5618 6041 6047
f 3688 1209 6006
f 3688 6006 6040
f 1212 3688 6040
f 1212 6040 6009
f 3683 1216 6010
f 3683 6010 6039
f 1188 3683 6039
f 1188 6039 6004
f 3678 1212 6009
f 3678 6009 6038
f 1229 3678 6038
f 1229 6038 6008
f 3672 1204 6007
f 3672 6007 6037
f 1209 3672 6037
f 1209 6037 6006
f 3667 1197 6005
f 3667 6005 6036
f 1200 3667 6036
f 1200 6036 6002
f 3663 1193 6003
f 3663 6003 6035
f 1197 3663 6035
f 1197 6035 6005
f 3657 1188 6004
f 3657 6004 6034
f 1193 3657 6034
f 1193 6034 6003
f 4180 1200 6002
f 4180 6002 6033
f 5700 4180 6033
f 5700 6033 6048
f 3651 1185 5998
f 3651 5998 6032
f 1180 3651 6032
f 1180 6032 6001
f 3646 1180 6001
f 3646 6001 6031
f 1176 3646 6031
f 1176 6031 6000
f 3641 1176 6000
f 3641 6000 6030
f 1173 3641 6030
f 1173 6030 5999
f 4176 5696 6049
f 4176 6049 6029
f 1185 4176 6029
f 1185 6029 5998
f 2365 6137 6121
f 2365 6121 501
f 2369 6138 6123
f 2369 6123 505
f 2380 6140 6127
f 2380 6127 520
f 537 6126 6140
f 537 6140 2380
f 2390 6142 6124
f 2390 6124 517
f 520 6127 6142
f 520 6142 2390
f 2395 6143 6130
f 2395 6130 528
f 5700 6048 6135
f 5700 6135 4267
f 2404 6145 6129
f 2404 6129 533
f 512 6125 6145
f 512 6145 2404
f 533 6129 6148
f 533 6148 5789
f 2408 6146 6147
f 2408 6147 5793
f 6098 6099 6071
f 6098 6071 6112
f 5959 5960 6074
f 5959 6074 6113
f 6100 6101 6105
f 6100 6105 6106
f 6110 6111 6099
f 6110 6099 6098
f 6112 6071 6109
f 6112 6109 6108
f 6113 6074 6073
f 6113 6073 6104
f 5940 5939 6094
f 5940 6094 6095
f 6077 6097 5958
f 6095 6094 6082
f 6086 6097 6077
f 6085 6093 6092
f 6092 6088 6070
f 6081 6091 6086
f 6079 6090 6085
f 6079 6085 6080
f 6072 6089 6084
f 6072 6084 6076
f 505 6123 6137
f 505 6137 2365
f 2348 6133 6119
f 2348 6119 488
f 484 6118 6133
f 484 6133 2348
f 2343 6132 6118
f 2343 6118 484
f 481 6117 6132
f 481 6132 2343
f 4263 6131 6049
f 4263 6049 5696
f 493 6116 6131
f 493 6131 4263
f 4709 5731 5724
f 4709 5724 4274
f 6107 6277 6284
f 6107 6284 6102
f 6190 6176 6150
f 6190 6150 6155
f 6238 6211 6161
f 6238 6161 6170
f 5982 5971 6253
f 5982 6253 6267
f 5978 5970 6249
f 5978 6249 6259
f 6106 6273 6280
f 6106 6280 6100
f 6173 6238 6170
f 6173 6170 6149
f 6199 6181 6152
f 6199 6152 6158
f 6233 6220 6164
f 6233 6164 6168
f 6108 6279 6287
f 6108 6287 6112
f 6242 6208 5693
f 6242 5693 6171
f 6188 6199 6158
f 6188 6158 6154
f 6220 6242 6171
f 6220 6171 6164
f 6205 6184 6153
f 6205 6153 6160
f 6227 6214 6162
f 6227 6162 6166
f 5980 5961 6251
f 5980 6251 6263
f 6208 6205 6160
f 6208 6160 5693
f 6235 6223 6165
f 6235 6165 6169
f 6176 6203 6159
f 6176 6159 6150
f 6104 6271 6289
f 6104 6289 6113
f 6211 6227 6166
f 6211 6166 6161
f 6218 6235 6169
f 6218 6169 6163
f 6178 6190 6155
f 6178 6155 6151
f 6193 6178 6151
f 6193 6151 6156
f 6184 6196 6157
f 6184 6157 6153
f 6223 6233 6168
f 6223 6168 6165
f 6272 6282 6230
f 6272 6230 6215
f 5972 5980 6263
f 5972 6263 6254
f 6270 6281 6226
f 6270 6226 6212
f 5963 5968 6246
f 5963 6246 6257
f 5968 5981 6264
f 5968 6264 6246
f 6256 6247 6175
f 6256 6175 6191
f 6250 6258 6194
f 6250 6194 6182
f 6282 6275 6217
f 6282 6217 6230
f 6196 6188 6154
f 6196 6154 6157
f 6181 6193 6156
f 6181 6156 6152
f 6229 6218 6163
f 6229 6163 6167
f 5981 5959 6244
f 5981 6244 6264
f 6252 6260 6197
f 6252 6197 6185
f 6278 6285 6232
f 6278 6232 6224
f 5967 5982 6267
f 5967 6267 6269
f 5965 5972 6254
f 5965 6254 6261
f 6112 6287 6274
f 6112 6274 6098
f 6260 6255 6187
f 6260 6187 6197
f 6214 6229 6167
f 6214 6167 6162
f 6098 6274 6283
f 6098 6283 6110
f 6176 6190 6192
f 6176 6192 6177
f 6177 6192 6191
f 6177 6191 6175
f 6190 6178 6180
f 6190 6180 6192
f 6192 6180 6179
f 6192 6179 6191
f 6178 6193 6195
f 6178 6195 6180
f 6180 6195 6194
f 6180 6194 6179
f 6193 6181 6183
f 6193 6183 6195
f 6195 6183 6182
f 6195 6182 6194
f 6188 6196 6198
f 6188 6198 6189
f 6189 6198 6197
f 6189 6197 6187
f 6196 6184 6186
f 6196 6186 6198
f 6198 6186 6185
f 6198 6185 6197
f 6181 6199 6201
f 6181 6201 6183
f 6183 6201 6200
f 6183 6200 6182
f 6199 6188 6189
f 6199 6189 6201
f 6201 6189 6187
f 6201 6187 6200
f 6203 6176 6177
f 6203 6177 6204
f 6204 6177 6175
f 6204 6175 6202
f 6184 6205 6207
f 6184 6207 6186
f 6186 6207 6206
f 6186 6206 6185
f 6173 6203 6204
f 6173 6204 6174
f 6174 6204 6202
f 6174 6202 6172
f 6205 6208 6210
f 6205 6210 6207
f 6207 6210 6209
f 6207 6209 6206
f 6224 6232 6234
f 6224 6234 6225
f 6225 6234 6233
f 6225 6233 6223
f 6230 6217 6219
f 6230 6219 6231
f 6231 6219 6218
f 6231 6218 6229
f 6212 6226 6228
f 6212 6228 6213
f 6213 6228 6227
f 6213 6227 6211
f 6236 6224 6225
f 6236 6225 6237
f 6237 6225 6223
f 6237 6223 6235
f 6215 6230 6231
f 6215 6231 6216
f 6216 6231 6229
f 6216 6229 6214
f 6226 6215 6216
f 6226 6216 6228
f 6228 6216 6214
f 6228 6214 6227
f 6221 6241 6243
f 6221 6243 6222
f 6222 6243 6242
f 6222 6242 6220
f 6217 6236 6237
f 6217 6237 6219
f 6219 6237 6235
f 6219 6235 6218
f 6239 6212 6213
f 6239 6213 6240
f 6240 6213 6211
f 6240 6211 6238
f 6232 6221 6222
f 6232 6222 6234
f 6234 6222 6220
f 6234 6220 6233
f 6241 6209 6210
f 6241 6210 6243
f 6243 6210 6208
f 6243 6208 6242
f 6172 6239 6240
f 6172 6240 6174
f 6174 6240 6238
f 6174 6238 6173
f 6203 6173 6149
f 6203 6149 6159
f 6247 6256 6257
f 6247 6257 6246
f 6256 6248 6249
f 6256 6249 6257
f 6248 6258 6259
f 6248 6259 6249
f 6258 6250 6251
f 6258 6251 6259
f 6255 6260 6261
f 6255 6261 6254
f 6260 6252 6253
f 6260 6253 6261
f 6250 6262 6263
f 6250 6263 6251
f 6262 6255 6254
f 6262 6254 6263
f 6265 6247 6246
f 6265 6246 6264
f 6252 6266 6267
f 6252 6267 6253
f 6245 6265 6264
f 6245 6264 6244
f 6266 6268 6269
f 6266 6269 6267
f 6279 6284 6285
f 6279 6285 6278
f 6283 6274 6275
f 6283 6275 6282
f 6271 6280 6281
f 6271 6281 6270
f 6287 6279 6278
f 6287 6278 6286
f 6273 6283 6282
f 6273 6282 6272
f 6280 6273 6272
f 6280 6272 6281
f 6277 6290 6291
f 6277 6291 6276
f 6274 6287 6286
f 6274 6286 6275
f 6289 6271 6270
f 6289 6270 6288
f 6284 6277 6276
f 6284 6276 6285
f 6290 6269 6268
f 6290 6268 6291
f 6244 6289 6288
f 6244 6288 6245
f 6265 6245 6172
f 6265 6172 6202
