# https://github.com/mikedh/trimesh
v 0.01398962 0.07598463 0.28090578
v 0.01398963 0.07587227 0.27980903
v 0.01398953 0.07636026 0.27969655
v 0.01398971 0.07537132 0.27882692
v 0.01398985 0.07454941 0.27809209
v 0.01398980 0.07481842 0.27767047
v 0.01399046 0.07139096 0.27812266
v 0.01399062 0.07058344 0.27887326
v 0.01399061 0.07059674 0.27810863
v 0.01398970 0.07533976 0.27805954
v 0.01398963 0.07578010 0.27853835
v 0.01398957 0.07612423 0.27909037
v 0.01399076 0.07001050 0.28096363
v 0.01399072 0.07032247 0.28202108
v 0.01399084 0.06965206 0.28169498
v 0.01399060 0.07099535 0.28289440
v 0.01399074 0.07025821 0.28283980
v 0.01399080 0.06990170 0.28229567
v 0.01399023 0.07302393 0.28365776
v 0.01399046 0.07187337 0.28477547
v 0.01399043 0.07193829 0.28346568
v 0.01399055 0.07136060 0.28398702
v 0.01399066 0.07070924 0.28330854
v 0.01398983 0.07503734 0.28285527
v 0.01398969 0.07569319 0.28196907
v 0.01398961 0.07612129 0.28223133
v 0.01399050 0.07110992 0.27770886
v 0.01399039 0.07168821 0.27741098
v 0.01399025 0.07241511 0.27771446
v 0.01399073 0.07010159 0.27986491
v 0.01399077 0.06983377 0.27915546
v 0.01399070 0.07016640 0.27859643
v 0.01399085 0.06951788 0.28105846
v 0.01399085 0.06950381 0.28040811
v 0.01399082 0.06961033 0.27976638
v 0.01399002 0.07410564 0.28344470
v 0.01399004 0.07405861 0.28421068
v 0.01398952 0.07648004 0.28033593
v 0.01398953 0.07647943 0.28098643
v 0.01398956 0.07635845 0.28162560
v 0.01399027 0.07231164 0.27722526
v 0.01399014 0.07295867 0.27715808
v 0.01399004 0.07351755 0.27770379
v 0.01399002 0.07360695 0.27721184
v 0.01398990 0.07423409 0.27738464
v 0.01399041 0.07222943 0.28564599
v 0.01399027 0.07292844 0.28570396
v 0.01399038 0.07241615 0.28656781
v 0.01399035 0.07259247 0.28658241
v 0.01399039 0.07242694 0.28750828
v 0.01399017 0.07342299 0.28490394
v 0.01398969 0.07577612 0.28278270
v 0.01398978 0.07533488 0.28326067
v 0.01398988 0.07481281 0.28364876
v 0.00899073 0.07010064 0.27986497
v 0.00899062 0.07058249 0.27887335
v 0.00899070 0.07016545 0.27859649
v 0.00899077 0.06983282 0.27915552
v 0.00899082 0.06960938 0.27976647
v 0.00899075 0.07000419 0.28041011
v 0.00899085 0.06950285 0.28040817
v 0.00899076 0.07000954 0.28096369
v 0.00899085 0.06951693 0.28105855
v 0.00899072 0.07032152 0.28202114
v 0.00899046 0.07139001 0.27812275
v 0.00899025 0.07241415 0.27771455
v 0.00899027 0.07231069 0.27722532
v 0.00899039 0.07168726 0.27741104
v 0.00899050 0.07110897 0.27770892
v 0.00899061 0.07059579 0.27810869
v 0.00898971 0.07537036 0.27882698
v 0.00898963 0.07577915 0.27853841
v 0.00898970 0.07533881 0.27805960
v 0.00898985 0.07454845 0.27809215
v 0.00898957 0.07612327 0.27909043
v 0.00898963 0.07587132 0.27980909
v 0.00898953 0.07635931 0.27969661
v 0.00898952 0.07647908 0.28033599
v 0.00898962 0.07598367 0.28090584
v 0.00898953 0.07647847 0.28098652
v 0.00898980 0.07481747 0.27767056
v 0.00898990 0.07423314 0.27738470
v 0.00899004 0.07351660 0.27770385
v 0.00899002 0.07360600 0.27721190
v 0.00899014 0.07295772 0.27715817
v 0.00898956 0.07635750 0.28162566
v 0.00898969 0.07569224 0.28196913
v 0.00898961 0.07612033 0.28223139
v 0.00898969 0.07577517 0.28278276
v 0.00898983 0.07503639 0.28285533
v 0.00898978 0.07533393 0.28326076
v 0.00899043 0.07193734 0.28346577
v 0.00899060 0.07099441 0.28289446
v 0.00899066 0.07070829 0.28330863
v 0.00898988 0.07481186 0.28364882
v 0.00899002 0.07410469 0.28344476
v 0.00899004 0.07405766 0.28421077
v 0.00899084 0.06965110 0.28169504
v 0.00899080 0.06990076 0.28229573
v 0.00899074 0.07025725 0.28283986
v 0.00899017 0.07342204 0.28490400
v 0.00899023 0.07302298 0.28365785
v 0.00899027 0.07292749 0.28570402
v 0.00899055 0.07135965 0.28398708
v 0.00899046 0.07187243 0.28477553
v 0.00899041 0.07222848 0.28564608
v 0.00899035 0.07259151 0.28658250
v 0.00899038 0.07241520 0.28656787
v 0.00899039 0.07242599 0.28750834
v -0.00301023 0.07499117 0.27842167
v -0.00301006 0.07404823 0.27785039
v -0.00301010 0.07423085 0.27738488
v -0.00300946 0.07094918 0.27846080
v -0.00300932 0.07029333 0.27934700
v -0.00300930 0.07016316 0.27859667
v -0.00301039 0.07597603 0.28035244
v -0.00301034 0.07566406 0.27929500
v -0.00301043 0.07612099 0.27909061
v -0.00301020 0.07481518 0.27767074
v -0.00301030 0.07533652 0.27805978
v -0.00301037 0.07577686 0.27853858
v -0.00300925 0.07000190 0.28041029
v -0.00300918 0.06960709 0.27976662
v -0.00300923 0.06983053 0.27915570
v -0.00301047 0.07635702 0.27969679
v -0.00301048 0.07647680 0.28033617
v -0.00301038 0.07598139 0.28090602
v -0.00301047 0.07647619 0.28098667
v -0.00301035 0.07588494 0.28145117
v -0.00301044 0.07635521 0.28162584
v -0.00301025 0.07540309 0.28244281
v -0.00300964 0.07188088 0.27787137
v -0.00300973 0.07230840 0.27722549
v -0.00300985 0.07296260 0.27765828
v -0.00300986 0.07295543 0.27715835
v -0.00300998 0.07360371 0.27721208
v -0.00300939 0.07059350 0.27810887
v -0.00300950 0.07110668 0.27770910
v -0.00300961 0.07168497 0.27741122
v -0.00300925 0.07011425 0.28150705
v -0.00300914 0.06951464 0.28105870
v -0.00300915 0.06950057 0.28040835
v -0.00300933 0.07061521 0.28248915
v -0.00300920 0.06989847 0.28229591
v -0.00300916 0.06964882 0.28169522
v -0.00300948 0.07143712 0.28322399
v -0.00300934 0.07070600 0.28330877
v -0.00300926 0.07025497 0.28284004
v -0.00300967 0.07246897 0.28361228
v -0.00300954 0.07187014 0.28477570
v -0.00300945 0.07135736 0.28398725
v -0.00300983 0.07341976 0.28490418
v -0.00300973 0.07292521 0.28570420
v -0.00300959 0.07222619 0.28564623
v -0.00300988 0.07357142 0.28360161
v -0.00301008 0.07459556 0.28319341
v -0.00301012 0.07480957 0.28364900
v -0.00300962 0.07241292 0.28656805
v -0.00300965 0.07258923 0.28658268
v -0.00300960 0.07242370 0.28750852
v -0.00300996 0.07405537 0.28421095
v -0.00301039 0.07611804 0.28223157
v -0.00301031 0.07577288 0.28278294
v -0.00301022 0.07533164 0.28326091
v -0.00800925 0.07000095 0.28041035
v -0.00800932 0.07029238 0.27934709
v -0.00800923 0.06982958 0.27915579
v -0.00800946 0.07094824 0.27846089
v -0.00800964 0.07187993 0.27787143
v -0.00800961 0.07168402 0.27741128
v -0.00801005 0.07404728 0.27785045
v -0.00801023 0.07499022 0.27842173
v -0.00801020 0.07481423 0.27767080
v -0.00800950 0.07110573 0.27770919
v -0.00800939 0.07059255 0.27810892
v -0.00800930 0.07016221 0.27859676
v -0.00801034 0.07566310 0.27929509
v -0.00801037 0.07577591 0.27853867
v -0.00801030 0.07533557 0.27805987
v -0.00800933 0.07061426 0.28248924
v -0.00800925 0.07011330 0.28150710
v -0.00800916 0.06964786 0.28169531
v -0.00801010 0.07422990 0.27738494
v -0.00800998 0.07360276 0.27721217
v -0.00800985 0.07296164 0.27765837
v -0.00800986 0.07295448 0.27715841
v -0.00800973 0.07230745 0.27722555
v -0.00801039 0.07597508 0.28035250
v -0.00801047 0.07635607 0.27969685
v -0.00801043 0.07612004 0.27909070
v -0.00801025 0.07540213 0.28244287
v -0.00801008 0.07459461 0.28319347
v -0.00801022 0.07533069 0.28326100
v -0.00800918 0.06960614 0.27976671
v -0.00800915 0.06949962 0.28040844
v -0.00800914 0.06951369 0.28105879
v -0.00801031 0.07577193 0.28278303
v -0.00801039 0.07611709 0.28223163
v -0.00801035 0.07588398 0.28145126
v -0.00801044 0.07635426 0.28162590
v -0.00801038 0.07598043 0.28090611
v -0.00801047 0.07647524 0.28098676
v -0.00801048 0.07647585 0.28033626
v -0.00800967 0.07246802 0.28361234
v -0.00800983 0.07341880 0.28490427
v -0.00800988 0.07357047 0.28360167
v -0.00800996 0.07405442 0.28421101
v -0.00801012 0.07480862 0.28364906
v -0.00800948 0.07143617 0.28322405
v -0.00800945 0.07135641 0.28398734
v -0.00800973 0.07292426 0.28570426
v -0.00800959 0.07222524 0.28564632
v -0.00800965 0.07258827 0.28658274
v -0.00800962 0.07241196 0.28656814
v -0.00800960 0.07242276 0.28750858
v -0.00800954 0.07186919 0.28477579
v -0.00800920 0.06989752 0.28229600
v -0.00800926 0.07025402 0.28284010
v -0.00800934 0.07070505 0.28330886
v -0.00792499 0.07514472 0.28420198
v -0.00792511 0.07576330 0.28374216
v -0.00767529 0.07545795 0.28471723
v -0.00767543 0.07616647 0.28419057
v -0.00727804 0.07572695 0.28515968
v -0.00727819 0.07651271 0.28457558
v -0.00676030 0.07593341 0.28549916
v -0.00676047 0.07677843 0.28487104
v -0.00615737 0.07606325 0.28571257
v -0.00615755 0.07694551 0.28505674
v -0.00551033 0.07610761 0.28578535
v -0.00551051 0.07700259 0.28512007
v -0.00551067 0.07775900 0.28430068
v -0.00615770 0.07769118 0.28424898
v -0.00551079 0.07835072 0.28335547
v -0.00615783 0.07827450 0.28331718
v -0.00551089 0.07875729 0.28231707
v -0.00615792 0.07867530 0.28229353
v -0.00551094 0.07896468 0.28122139
v -0.00615797 0.07887974 0.28121340
v -0.00551096 0.07896572 0.28010622
v -0.00615799 0.07888078 0.28011408
v -0.00551094 0.07876039 0.27901015
v -0.00615797 0.07867835 0.27903354
v -0.00551087 0.07835577 0.27797097
v -0.00615791 0.07827948 0.27800915
v -0.00551078 0.07776583 0.27702466
v -0.00615781 0.07769792 0.27707624
v -0.00551064 0.07701096 0.27620384
v -0.00615768 0.07695377 0.27626708
v -0.00551048 0.07611723 0.27553689
v -0.00615752 0.07607273 0.27560961
v -0.00551030 0.07511552 0.27504686
v -0.00615734 0.07508524 0.27512652
v -0.00551010 0.07404043 0.27475065
v -0.00615714 0.07402541 0.27483454
v -0.00550989 0.07292909 0.27465850
v -0.00615694 0.07292984 0.27474371
v -0.00550968 0.07181989 0.27477363
v -0.00615673 0.07183640 0.27485719
v -0.00550947 0.07075116 0.27509201
v -0.00615652 0.07078284 0.27517104
v -0.00550927 0.06975980 0.27560267
v -0.00615633 0.06980556 0.27567446
v -0.00550909 0.06888007 0.27628797
v -0.00615615 0.06893831 0.27635002
v -0.00550894 0.06814234 0.27712423
v -0.00615600 0.06821106 0.27717441
v -0.00550882 0.06757212 0.27808255
v -0.00615588 0.06764893 0.27811915
v -0.00550873 0.06718908 0.27912986
v -0.00615579 0.06727133 0.27915159
v -0.00550868 0.06700647 0.28022996
v -0.00615574 0.06709132 0.28023607
v -0.00550867 0.06703059 0.28134486
v -0.00615573 0.06711509 0.28133512
v -0.00550870 0.06726061 0.28243604
v -0.00615576 0.06734185 0.28241080
v -0.00550876 0.06768858 0.28346580
v -0.00615582 0.06776375 0.28342593
v -0.00550887 0.06829973 0.28439856
v -0.00615593 0.06836621 0.28434548
v -0.00550900 0.06907292 0.28520215
v -0.00615606 0.06912843 0.28513762
v -0.00676062 0.07749261 0.28409737
v -0.00676074 0.07805129 0.28320491
v -0.00676083 0.07843517 0.28222448
v -0.00676088 0.07863098 0.28118995
v -0.00676090 0.07863197 0.28013706
v -0.00676087 0.07843810 0.27910215
v -0.00676081 0.07805606 0.27812102
v -0.00676072 0.07749905 0.27722752
v -0.00676060 0.07678632 0.27645251
v -0.00676045 0.07594249 0.27582279
v -0.00676027 0.07499669 0.27536011
v -0.00676008 0.07398162 0.27508044
v -0.00675988 0.07293232 0.27499345
v -0.00675968 0.07188504 0.27510214
v -0.00675949 0.07087597 0.27540275
v -0.00675930 0.06993995 0.27588490
v -0.00675913 0.06910932 0.27653193
v -0.00675899 0.06841278 0.27732152
v -0.00675887 0.06787439 0.27822635
v -0.00675879 0.06751273 0.27921519
v -0.00675874 0.06734031 0.28025389
v -0.00675873 0.06736309 0.28130654
v -0.00675876 0.06758027 0.28233680
v -0.00675882 0.06798435 0.28330907
v -0.00675892 0.06856138 0.28418979
v -0.00675905 0.06929141 0.28494850
v -0.00727833 0.07717680 0.28385618
v -0.00727844 0.07769630 0.28302631
v -0.00727852 0.07805326 0.28211465
v -0.00727857 0.07823534 0.28115267
v -0.00727859 0.07823626 0.28017360
v -0.00727857 0.07805599 0.27921128
v -0.00727851 0.07770074 0.27829894
v -0.00727842 0.07718280 0.27746812
v -0.00727831 0.07652006 0.27674747
v -0.00727817 0.07573540 0.27616191
v -0.00727801 0.07485593 0.27573168
v -0.00727783 0.07391204 0.27547163
v -0.00727765 0.07293633 0.27539074
v -0.00727746 0.07196250 0.27549180
v -0.00727728 0.07102419 0.27577132
v -0.00727710 0.07015382 0.27621967
v -0.00727695 0.06938145 0.27682135
v -0.00727681 0.06873375 0.27755553
v -0.00727671 0.06823311 0.27839690
v -0.00727663 0.06789682 0.27931640
v -0.00727658 0.06773650 0.28028226
v -0.00727657 0.06775767 0.28126109
v -0.00727660 0.06795962 0.28221908
v -0.00727666 0.06833537 0.28312317
v -0.00727675 0.06887193 0.28394210
v -0.00727687 0.06955077 0.28464761
v -0.00767555 0.07676529 0.28354186
v -0.00767565 0.07723372 0.28279355
v -0.00767573 0.07755560 0.28197151
v -0.00767577 0.07771979 0.28110409
v -0.00767578 0.07772061 0.28022125
v -0.00767577 0.07755806 0.27935353
v -0.00767572 0.07723773 0.27853084
v -0.00767564 0.07677069 0.27778167
v -0.00767553 0.07617309 0.27713186
v -0.00767541 0.07546556 0.27660385
v -0.00767526 0.07467254 0.27621591
v -0.00767510 0.07382142 0.27598143
v -0.00767494 0.07294161 0.27590847
v -0.00767477 0.07206350 0.27599961
v -0.00767460 0.07121742 0.27625167
v -0.00767445 0.07043259 0.27665594
v -0.00767431 0.06973613 0.27719846
v -0.00767419 0.06915210 0.27786049
v -0.00767409 0.06870067 0.27861917
v -0.00767402 0.06839743 0.27944830
v -0.00767398 0.06825287 0.28031921
v -0.00767397 0.06827196 0.28120184
v -0.00767399 0.06845406 0.28206569
v -0.00767404 0.06879287 0.28288090
v -0.00767413 0.06927670 0.28361934
v -0.00767423 0.06988882 0.28425550
v -0.00792522 0.07628611 0.28317583
v -0.00792531 0.07669509 0.28252253
v -0.00792537 0.07697610 0.28180480
v -0.00792541 0.07711945 0.28104749
v -0.00792542 0.07712017 0.28027672
v -0.00792540 0.07697824 0.27951914
v -0.00792536 0.07669858 0.27880090
v -0.00792529 0.07629083 0.27814683
v -0.00792520 0.07576909 0.27757949
v -0.00792509 0.07515136 0.27711850
v -0.00792496 0.07445901 0.27677980
v -0.00792482 0.07371593 0.27657509
v -0.00792468 0.07294780 0.27651140
v -0.00792453 0.07218115 0.27659097
v -0.00792439 0.07144247 0.27681103
v -0.00792425 0.07075727 0.27716398
v -0.00792413 0.07014922 0.27763763
v -0.00792402 0.06963933 0.27821565
v -0.00792394 0.06924520 0.27887800
v -0.00792388 0.06898046 0.27960190
v -0.00792384 0.06885424 0.28036225
v -0.00792384 0.06887091 0.28113285
v -0.00792386 0.06902989 0.28188702
v -0.00792390 0.06932569 0.28259876
v -0.00792397 0.06974810 0.28324348
v -0.00792407 0.07028252 0.28379887
v -0.00792430 0.07177793 0.28745514
v -0.00792431 0.07176854 0.28663635
v -0.00675920 0.07025921 0.28679645
v -0.00675920 0.07026533 0.28732970
v -0.00727705 0.07065419 0.28675455
v -0.00727704 0.07066117 0.28736252
v -0.00767444 0.07116900 0.28669995
v -0.00767443 0.07117710 0.28740531
v -0.00781912 0.07146935 0.28742954
v -0.00550914 0.06992638 0.28683177
v -0.00550913 0.06993178 0.28730199
v -0.00615620 0.07001097 0.28682280
v -0.00615620 0.07001655 0.28730905
v -0.00646588 0.07012124 0.28731772
v -0.00792429 0.07160598 0.28583384
v -0.00767442 0.07102896 0.28600860
v -0.00727703 0.07053348 0.28615865
v -0.00675919 0.07015334 0.28627381
v -0.00615619 0.06991442 0.28634617
v -0.00550913 0.06983302 0.28637087
v -0.00792424 0.07129601 0.28507596
v -0.00767438 0.07076192 0.28535572
v -0.00727700 0.07030332 0.28559592
v -0.00675916 0.06995147 0.28578022
v -0.00615616 0.06973033 0.28589609
v -0.00550910 0.06965499 0.28593558
v -0.00792417 0.07084959 0.28438956
v -0.00767432 0.07037733 0.28476438
v -0.00727694 0.06997184 0.28508621
v -0.00675911 0.06966073 0.28533319
v -0.00615612 0.06946521 0.28548843
v -0.00550906 0.06939860 0.28554136
v -0.00615729 0.07567330 0.28600311
v -0.00792458 0.07321171 0.28675601
v -0.00792485 0.07448812 0.28469121
v -0.00767517 0.07489230 0.28513870
v -0.00727794 0.07523941 0.28552294
v -0.00676022 0.07550579 0.28581777
v -0.00792474 0.07393476 0.28529474
v -0.00767507 0.07441558 0.28565863
v -0.00727785 0.07482851 0.28597108
v -0.00676014 0.07514540 0.28621083
v -0.00792465 0.07350421 0.28599122
v -0.00767500 0.07404467 0.28625861
v -0.00727778 0.07450881 0.28648823
v -0.00676008 0.07486500 0.28666443
v -0.00767494 0.07379269 0.28691748
v -0.00727773 0.07429162 0.28705612
v -0.00676004 0.07467450 0.28716251
v -0.00792454 0.07306761 0.28756204
v -0.00781948 0.07337623 0.28758764
v -0.00767490 0.07366855 0.28761187
v -0.00727771 0.07418462 0.28765464
v -0.00676001 0.07458065 0.28768745
v -0.00646675 0.07472485 0.28769940
v -0.00615723 0.07534466 0.28636155
v -0.00615717 0.07508896 0.28677517
v -0.00615713 0.07491525 0.28722939
v -0.00615711 0.07482967 0.28770807
v -0.00551026 0.07573052 0.28606632
v -0.00551019 0.07541271 0.28641295
v -0.00551014 0.07516544 0.28681296
v -0.00551010 0.07499745 0.28725219
v -0.00551008 0.07491469 0.28771511
v -0.00486328 0.07606349 0.28571254
v -0.00486345 0.07694576 0.28505674
v -0.00426030 0.07593388 0.28549913
v -0.00426047 0.07677890 0.28487098
v -0.00374250 0.07572763 0.28515962
v -0.00374266 0.07651338 0.28457552
v -0.00334516 0.07545877 0.28471717
v -0.00334530 0.07616729 0.28419051
v -0.00309536 0.07514564 0.28420192
v -0.00309548 0.07576422 0.28374210
v -0.00309559 0.07628703 0.28317577
v -0.00309568 0.07669601 0.28252244
v -0.00309574 0.07697702 0.28180474
v -0.00309578 0.07712036 0.28104740
v -0.00309579 0.07712109 0.28027666
v -0.00309577 0.07697917 0.27951905
v -0.00309573 0.07669950 0.27880082
v -0.00309566 0.07629175 0.27814674
v -0.00309557 0.07577001 0.27757943
v -0.00309546 0.07515229 0.27711844
v -0.00309533 0.07445993 0.27677974
v -0.00309520 0.07371685 0.27657503
v -0.00309505 0.07294872 0.27651134
v -0.00309490 0.07218207 0.27659088
v -0.00309476 0.07144339 0.27681094
v -0.00309462 0.07075819 0.27716392
v -0.00309450 0.07015014 0.27763757
v -0.00309440 0.06964024 0.27821556
v -0.00309431 0.06924611 0.27887794
v -0.00309425 0.06898137 0.27960181
v -0.00309421 0.06885516 0.28036219
v -0.00309421 0.06887183 0.28113276
v -0.00309423 0.06903081 0.28188697
v -0.00309427 0.06932662 0.28259870
v -0.00309434 0.06974902 0.28324342
v -0.00309444 0.07028344 0.28379881
v -0.00334543 0.07676611 0.28354180
v -0.00334553 0.07723455 0.28279349
v -0.00334560 0.07755642 0.28197145
v -0.00334564 0.07772061 0.28110403
v -0.00334566 0.07772144 0.28022119
v -0.00334564 0.07755888 0.27935344
v -0.00334559 0.07723855 0.27853078
v -0.00334551 0.07677152 0.27778161
v -0.00334541 0.07617392 0.27713180
v -0.00334528 0.07546638 0.27660379
v -0.00334513 0.07467336 0.27621585
v -0.00334498 0.07382225 0.27598137
v -0.00334481 0.07294244 0.27590841
v -0.00334464 0.07206433 0.27599955
v -0.00334448 0.07121824 0.27625161
v -0.00334432 0.07043342 0.27665588
v -0.00334418 0.06973696 0.27719840
v -0.00334406 0.06915293 0.27786043
v -0.00334396 0.06870150 0.27861911
v -0.00334389 0.06839826 0.27944824
v -0.00334385 0.06825370 0.28031915
v -0.00334384 0.06827279 0.28120178
v -0.00334386 0.06845489 0.28206563
v -0.00334392 0.06879370 0.28288084
v -0.00334400 0.06927752 0.28361928
v -0.00334411 0.06988964 0.28425545
v -0.00374280 0.07717748 0.28385612
v -0.00374291 0.07769698 0.28302628
v -0.00374299 0.07805393 0.28211460
v -0.00374304 0.07823601 0.28115261
v -0.00374305 0.07823693 0.28017357
v -0.00374303 0.07805666 0.27921125
v -0.00374298 0.07770141 0.27829891
v -0.00374289 0.07718347 0.27746806
v -0.00374277 0.07652073 0.27674741
v -0.00374263 0.07573607 0.27616188
v -0.00374247 0.07485660 0.27573162
v -0.00374230 0.07391272 0.27547157
v -0.00374211 0.07293700 0.27539068
v -0.00374193 0.07196317 0.27549174
v -0.00374174 0.07102486 0.27577129
v -0.00374157 0.07015449 0.27621961
v -0.00374141 0.06938212 0.27682129
v -0.00374128 0.06873442 0.27755550
v -0.00374117 0.06823379 0.27839687
v -0.00374109 0.06789750 0.27931637
v -0.00374105 0.06773717 0.28028220
v -0.00374104 0.06775835 0.28126103
v -0.00374106 0.06796030 0.28221905
v -0.00374112 0.06833604 0.28312314
v -0.00374121 0.06887260 0.28394207
v -0.00374133 0.06955144 0.28464758
v -0.00426062 0.07749309 0.28409734
v -0.00426074 0.07805177 0.28320488
v -0.00426083 0.07843564 0.28222445
v -0.00426088 0.07863146 0.28118992
v -0.00426089 0.07863244 0.28013703
v -0.00426087 0.07843857 0.27910212
v -0.00426081 0.07805654 0.27812096
v -0.00426072 0.07749953 0.27722746
v -0.00426060 0.07678680 0.27645248
v -0.00426045 0.07594296 0.27582276
v -0.00426027 0.07499717 0.27536008
v -0.00426008 0.07398210 0.27508041
v -0.00425988 0.07293279 0.27499342
v -0.00425968 0.07188552 0.27510211
v -0.00425949 0.07087644 0.27540272
v -0.00425930 0.06994043 0.27588487
v -0.00425913 0.06910980 0.27653190
v -0.00425899 0.06841326 0.27732149
v -0.00425887 0.06787486 0.27822632
v -0.00425879 0.06751321 0.27921516
v -0.00425874 0.06734079 0.28025386
v -0.00425873 0.06736356 0.28130651
v -0.00425876 0.06758074 0.28233677
v -0.00425882 0.06798483 0.28330904
v -0.00425892 0.06856185 0.28418976
v -0.00425905 0.06929189 0.28494847
v -0.00486361 0.07769143 0.28424898
v -0.00486373 0.07827474 0.28331715
v -0.00486382 0.07867555 0.28229350
v -0.00486388 0.07887999 0.28121337
v -0.00486389 0.07888103 0.28011405
v -0.00486387 0.07867860 0.27903354
v -0.00486381 0.07827973 0.27800912
v -0.00486371 0.07769816 0.27707624
v -0.00486358 0.07695401 0.27626708
v -0.00486343 0.07607298 0.27560958
v -0.00486324 0.07508548 0.27512652
v -0.00486305 0.07402565 0.27483451
v -0.00486284 0.07293009 0.27474368
v -0.00486263 0.07183664 0.27485716
v -0.00486242 0.07078309 0.27517104
v -0.00486223 0.06980580 0.27567443
v -0.00486206 0.06893856 0.27635002
v -0.00486191 0.06821131 0.27717438
v -0.00486178 0.06764918 0.27811912
v -0.00486170 0.06727158 0.27915156
v -0.00486165 0.06709156 0.28023604
v -0.00486164 0.06711534 0.28133509
v -0.00486166 0.06734210 0.28241077
v -0.00486173 0.06776399 0.28342593
v -0.00486183 0.06836645 0.28434545
v -0.00486196 0.06912868 0.28513762
v -0.00486210 0.07001679 0.28730902
v -0.00486211 0.07001121 0.28682277
v -0.00455246 0.07012161 0.28731769
v -0.00425920 0.07025969 0.28679642
v -0.00309468 0.07176946 0.28663629
v -0.00319973 0.07147023 0.28742948
v -0.00334431 0.07116982 0.28669989
v -0.00334431 0.07117791 0.28740525
v -0.00374151 0.07065487 0.28675452
v -0.00374150 0.07066184 0.28736246
v -0.00425920 0.07026581 0.28732964
v -0.00309467 0.07177886 0.28745505
v -0.00486210 0.06991467 0.28634617
v -0.00425919 0.07015382 0.28627378
v -0.00374150 0.07053416 0.28615862
v -0.00334430 0.07102978 0.28600854
v -0.00309466 0.07160690 0.28583378
v -0.00486207 0.06973058 0.28589606
v -0.00425916 0.06995194 0.28578019
v -0.00374146 0.07030399 0.28559586
v -0.00334426 0.07076274 0.28535563
v -0.00309461 0.07129692 0.28507590
v -0.00486202 0.06946546 0.28548840
v -0.00425911 0.06966121 0.28533316
v -0.00374141 0.06997251 0.28508615
v -0.00334419 0.07037816 0.28476429
v -0.00309454 0.07085051 0.28438950
v -0.00550874 0.06884726 0.30038324
v -0.00615580 0.06893203 0.30039030
v -0.00646548 0.06903673 0.30039901
v -0.00675880 0.06918082 0.30041096
v -0.00727664 0.06957666 0.30044377
v -0.00767404 0.07009257 0.30048656
v -0.00781873 0.07038484 0.30051079
v -0.00792390 0.07069342 0.30053639
v -0.00800921 0.07133824 0.30058986
v -0.00792414 0.07198309 0.30064330
v -0.00781909 0.07229171 0.30066890
v -0.00767451 0.07258403 0.30069312
v -0.00727731 0.07310010 0.30073589
v -0.00675962 0.07349614 0.30076870
v -0.00646635 0.07364033 0.30078065
v -0.00615671 0.07374515 0.30078933
v -0.00550968 0.07383016 0.30079636
v -0.00309522 0.07448904 0.28469115
v -0.00320009 0.07337711 0.28758755
v -0.00309491 0.07306853 0.28756198
v -0.00309495 0.07321263 0.28675595
v -0.00334505 0.07489312 0.28513861
v -0.00374240 0.07524008 0.28552288
v -0.00426022 0.07550626 0.28581774
v -0.00455333 0.07472522 0.28769937
v -0.00426001 0.07458113 0.28768742
v -0.00426004 0.07467498 0.28716248
v -0.00486320 0.07567354 0.28600308
v -0.00486313 0.07534491 0.28636152
v -0.00486308 0.07508921 0.28677517
v -0.00486304 0.07491549 0.28722936
v -0.00486301 0.07482991 0.28770807
v -0.00426014 0.07514588 0.28621081
v -0.00426008 0.07486548 0.28666440
v -0.00374232 0.07482918 0.28597102
v -0.00374225 0.07450949 0.28648818
v -0.00374220 0.07429229 0.28705606
v -0.00374217 0.07418529 0.28765458
v -0.00334495 0.07441641 0.28565854
v -0.00334487 0.07404549 0.28625855
v -0.00334481 0.07379351 0.28691742
v -0.00334478 0.07366937 0.28761181
v -0.00309511 0.07393568 0.28529468
v -0.00309502 0.07350513 0.28599116
v -0.00486170 0.06893228 0.30039027
v -0.00455206 0.06903709 0.30039898
v -0.00425880 0.06918129 0.30041090
v -0.00374111 0.06957733 0.30044374
v -0.00334391 0.07009340 0.30048651
v -0.00319933 0.07038572 0.30051073
v -0.00309427 0.07069434 0.30053630
v -0.00300921 0.07133919 0.30058977
v 0.01080681 0.06854258 0.30512646
v 0.01132194 0.06876570 0.30545929
v 0.01055457 0.06867573 0.30654275
v 0.01176427 0.06913950 0.30576023
v 0.01095614 0.06904475 0.30690122
v 0.01210363 0.06963850 0.30600873
v 0.01126424 0.06954008 0.30719388
v 0.01231692 0.07022871 0.30618787
v 0.01145787 0.07012799 0.30740076
v -0.00782219 0.07057064 0.30201754
v -0.00790671 0.07121450 0.30208257
v -0.00751906 0.07045019 0.30347109
v -0.00760121 0.07109311 0.30354747
v -0.00702015 0.07033431 0.30486998
v -0.00709840 0.07097632 0.30495727
v -0.00633474 0.07022516 0.30618814
v -0.00640765 0.07086632 0.30628571
v -0.00547562 0.07012476 0.30740100
v -0.00554182 0.07076515 0.30750805
v -0.00445878 0.07003500 0.30848601
v -0.00451705 0.07067468 0.30860150
v -0.00330317 0.06995755 0.30942291
v -0.00335242 0.07059662 0.30954573
v -0.00203032 0.06989384 0.31019425
v -0.00206963 0.07053242 0.31032309
v -0.00066392 0.06984506 0.31078571
v -0.00069257 0.07048326 0.31091917
v 0.00077055 0.06981213 0.31118625
v 0.00075310 0.07045007 0.31132281
v 0.00224639 0.06979565 0.31138837
v 0.00224046 0.07043346 0.31152654
v 0.00373610 0.06979593 0.31138834
v 0.00374179 0.07043374 0.31152651
v 0.00521192 0.06981298 0.31118616
v 0.00522913 0.07045092 0.31132275
v 0.00664637 0.06984645 0.31078562
v 0.00667478 0.07048466 0.31091908
v 0.00801273 0.06989575 0.31019413
v 0.00805180 0.07053434 0.31032297
v 0.00928554 0.06995995 0.30942273
v 0.00933455 0.07059904 0.30954555
v 0.01044110 0.07003784 0.30848578
v 0.01049912 0.07067754 0.30860129
v 0.01152383 0.07076839 0.30750778
v 0.01238958 0.07086990 0.30628544
v 0.01399079 0.07134243 0.30058953
v 0.01388838 0.07121865 0.30208224
v 0.01390573 0.07069758 0.30053607
v 0.01380411 0.07057476 0.30201721
v 0.01380067 0.07038896 0.30051050
v 0.01355680 0.06997664 0.30193353
v 0.01027074 0.06945200 0.30825406
v 0.00914162 0.06937589 0.30916956
v 0.00789794 0.06931316 0.30992332
v 0.00656284 0.06926499 0.31050128
v 0.00516122 0.06923228 0.31089267
v 0.00371916 0.06921563 0.31109023
v 0.00226354 0.06921535 0.31109023
v 0.00082147 0.06923145 0.31089273
v -0.00058018 0.06926363 0.31050137
v -0.00191531 0.06931129 0.30992347
v -0.00315904 0.06937354 0.30916974
v -0.00428821 0.06944922 0.30825427
v -0.00528178 0.06953693 0.30719411
v -0.00612124 0.06963503 0.30600899
v -0.00679096 0.06974168 0.30472100
v -0.00727846 0.06985492 0.30335411
v -0.00757466 0.06997260 0.30193383
v 0.00999965 0.06895994 0.30792192
v 0.00891260 0.06888666 0.30880332
v 0.00771524 0.06882627 0.30952898
v 0.00642988 0.06877990 0.31008542
v 0.00508047 0.06874840 0.31046224
v 0.00369213 0.06873237 0.31065243
v 0.00229074 0.06873211 0.31065243
v 0.00090239 0.06874761 0.31046230
v -0.00044705 0.06877859 0.31008551
v -0.00173244 0.06882447 0.30952913
v -0.00292984 0.06888440 0.30880350
v -0.00401694 0.06895727 0.30792212
v -0.00497350 0.06904171 0.30690145
v -0.00578169 0.06913615 0.30576047
v -0.00642646 0.06923883 0.30452046
v -0.00689580 0.06934784 0.30320451
v -0.00718096 0.06946116 0.30183712
v 0.00964631 0.06859520 0.30751199
v 0.00861408 0.06852562 0.30834895
v 0.00747710 0.06846827 0.30903801
v 0.00625656 0.06842424 0.30956638
v 0.00497519 0.06839433 0.30992422
v 0.00365686 0.06837910 0.31010482
v 0.00232613 0.06837885 0.31010482
v 0.00100779 0.06839357 0.30992427
v -0.00027360 0.06842300 0.30956650
v -0.00149417 0.06846657 0.30903816
v -0.00263119 0.06852347 0.30834910
v -0.00366348 0.06859267 0.30751219
v -0.00457180 0.06867284 0.30654299
v -0.00533924 0.06876253 0.30545956
v -0.00595149 0.06886003 0.30428207
v -0.00639716 0.06896354 0.30303246
v -0.00666795 0.06907114 0.30173403
v 0.01205314 0.06883259 0.30163130
v 0.01244794 0.06904034 0.30039871
v 0.01265043 0.06907482 0.30173376
v 0.01274120 0.06918453 0.30041066
v 0.01316330 0.06946503 0.30183682
v 0.01325889 0.06958057 0.30044347
v 0.01365609 0.07009664 0.30048627
v 0.01008689 0.06845818 0.30614293
v 0.00923480 0.06838264 0.30705222
v 0.00826640 0.06831735 0.30783740
v 0.00719973 0.06826355 0.30848387
v 0.00605467 0.06822224 0.30897957
v 0.00485254 0.06819418 0.30931526
v 0.00361574 0.06817991 0.30948469
v 0.00236731 0.06817967 0.30948469
v 0.00113050 0.06819347 0.30931529
v -0.00007165 0.06822108 0.30897966
v -0.00121674 0.06826195 0.30848399
v -0.00228345 0.06831534 0.30783755
v -0.00325190 0.06838025 0.30705240
v -0.00410405 0.06845548 0.30614313
v -0.00482402 0.06853961 0.30512670
v -0.00539842 0.06863108 0.30402201
v -0.00581653 0.06872820 0.30284971
v -0.00607057 0.06882914 0.30163157
v 0.01141213 0.06875486 0.30153647
v 0.01149126 0.06885050 0.30038300
v 0.01213830 0.06893552 0.30039003
v 0.01358297 0.07109714 0.30354714
v 0.01350107 0.07045420 0.30347079
v 0.01326069 0.06985883 0.30335382
v 0.01287822 0.06935161 0.30320424
v 0.01237972 0.06896712 0.30303219
v 0.01179917 0.06873155 0.30284944
v 0.01117613 0.06866097 0.30266845
v 0.01308025 0.07098017 0.30495697
v 0.01300224 0.07033812 0.30486968
v 0.01277327 0.06974541 0.30472070
v 0.01240896 0.06924242 0.30452019
v 0.01193413 0.06886344 0.30428180
v 0.01138113 0.06863428 0.30402178
v 0.01078766 0.06857057 0.30375785
v 0.01025396 0.06848536 0.30478439
v 0.00986806 0.06843740 0.30536214
v 0.00958497 0.06840693 0.30572894
v 0.00879315 0.06833673 0.30657390
v 0.00789326 0.06827606 0.30730355
v 0.00690205 0.06822607 0.30790430
v 0.00583798 0.06818768 0.30836493
v 0.00472089 0.06816161 0.30867687
v 0.00357158 0.06814834 0.30883431
v 0.00299152 0.06814659 0.30885407
v 0.00241146 0.06814811 0.30883434
v 0.00126214 0.06816095 0.30867693
v 0.00014503 0.06818660 0.30836502
v -0.00091906 0.06822458 0.30790442
v -0.00191031 0.06827419 0.30730370
v -0.00281025 0.06833451 0.30657408
v -0.00360212 0.06840441 0.30572912
v -0.00427117 0.06848260 0.30478460
v -0.00458217 0.06852861 0.30422896
v -0.00480493 0.06856760 0.30375808
v -0.00519346 0.06865785 0.30266869
v -0.00542953 0.06875165 0.30153671
v 0.01380031 0.07229583 0.30066857
v 0.01365562 0.07258809 0.30069280
v 0.01355633 0.07246809 0.30214006
v 0.01325823 0.07310401 0.30073559
v 0.01316263 0.07298848 0.30212894
v 0.01244707 0.07364394 0.30078039
v 0.01213739 0.07374863 0.30078906
v 0.01205223 0.07364571 0.30203032
v 0.01149032 0.07383341 0.30079612
v 0.01141119 0.07373776 0.30194959
v 0.01117519 0.07364387 0.30308154
v 0.01179826 0.07354467 0.30324849
v 0.01078672 0.07355347 0.30417097
v 0.01138022 0.07344740 0.30442083
v 0.01056399 0.07351439 0.30464187
v 0.01080590 0.07335570 0.30552551
v 0.00357064 0.07313124 0.30924743
v 0.00485163 0.07300730 0.30971429
v 0.00471995 0.07314451 0.30908999
v 0.00605376 0.07303536 0.30937859
v 0.00583704 0.07317059 0.30877805
v 0.00719882 0.07307667 0.30888289
v 0.00690110 0.07320897 0.30831739
v 0.00826549 0.07313047 0.30823645
v 0.00789231 0.07325897 0.30771667
v 0.00923389 0.07319575 0.30745125
v 0.00879221 0.07331963 0.30698702
v 0.01008598 0.07327130 0.30654195
v 0.00958403 0.07338984 0.30614206
v 0.01025302 0.07346827 0.30519751
v 0.00299058 0.07312949 0.30926719
v 0.00236640 0.07299278 0.30988374
v 0.00361483 0.07299302 0.30988371
v 0.00241052 0.07313102 0.30924743
v 0.00126120 0.07314385 0.30909002
v 0.00112959 0.07300659 0.30971435
v 0.00014409 0.07316950 0.30877811
v -0.00007256 0.07303419 0.30937868
v -0.00092000 0.07320748 0.30831751
v -0.00121765 0.07307507 0.30888304
v -0.00191125 0.07325710 0.30771682
v -0.00228436 0.07312846 0.30823660
v -0.00281119 0.07331742 0.30698720
v -0.00325281 0.07319337 0.30745143
v -0.00360306 0.07338732 0.30614224
v -0.00410496 0.07326859 0.30654216
v -0.00388617 0.07341768 0.30577543
v -0.00482493 0.07335272 0.30552572
v -0.00607148 0.07364225 0.30203059
v -0.00543047 0.07373455 0.30194983
v -0.00581744 0.07354131 0.30324873
v -0.00519441 0.07364075 0.30308178
v -0.00539933 0.07344420 0.30442107
v -0.00480587 0.07355051 0.30417117
v -0.00427211 0.07346550 0.30519772
v 0.01274038 0.07349985 0.30076844
v 0.01264961 0.07339014 0.30209151
v 0.01237891 0.07328244 0.30338997
v 0.01193331 0.07317876 0.30463958
v 0.01132113 0.07308102 0.30581707
v 0.01055375 0.07299105 0.30690053
v 0.00964549 0.07291052 0.30786976
v 0.00861326 0.07284094 0.30870670
v 0.00747628 0.07278360 0.30939579
v 0.00625574 0.07273956 0.30992416
v 0.00497437 0.07270965 0.31028196
v 0.00365604 0.07269443 0.31046256
v 0.00232531 0.07269417 0.31046259
v 0.00100698 0.07270890 0.31028202
v -0.00027441 0.07273831 0.30992424
v -0.00149499 0.07278188 0.30939591
v -0.00263201 0.07283880 0.30870688
v -0.00366429 0.07290798 0.30786994
v -0.00457261 0.07298817 0.30690074
v -0.00534005 0.07307784 0.30581731
v -0.00595231 0.07317535 0.30463982
v -0.00639798 0.07327887 0.30339023
v -0.00666876 0.07338646 0.30209181
v 0.01287755 0.07287506 0.30349633
v 0.01240829 0.07276586 0.30481231
v 0.01176360 0.07266293 0.30605236
v 0.01095548 0.07256819 0.30719334
v 0.00999898 0.07248338 0.30821404
v 0.00891193 0.07241011 0.30909544
v 0.00771458 0.07234972 0.30982110
v 0.00642922 0.07230335 0.31037754
v 0.00507980 0.07227185 0.31075436
v 0.00369147 0.07225582 0.31094453
v 0.00229007 0.07225555 0.31094456
v 0.00090172 0.07227105 0.31075442
v -0.00044771 0.07230204 0.31037763
v -0.00173311 0.07234792 0.30982125
v -0.00293051 0.07240785 0.30909562
v -0.00401761 0.07248072 0.30821425
v -0.00497417 0.07256515 0.30719358
v -0.00578236 0.07265960 0.30605260
v -0.00642713 0.07276228 0.30481258
v -0.00689647 0.07287129 0.30349663
v -0.00718163 0.07298460 0.30212924
v 0.01326022 0.07235028 0.30356038
v 0.01277280 0.07223686 0.30492726
v 0.01210316 0.07212995 0.30621529
v 0.01126377 0.07203154 0.30740044
v 0.01027026 0.07194345 0.30846062
v 0.00914115 0.07186734 0.30937612
v 0.00789747 0.07180461 0.31012988
v 0.00656237 0.07175644 0.31070784
v 0.00516074 0.07172373 0.31109923
v 0.00371869 0.07170708 0.31129679
v 0.00226307 0.07170680 0.31129679
v 0.00082100 0.07172290 0.31109929
v -0.00058065 0.07175508 0.31070793
v -0.00191578 0.07180274 0.31013000
v -0.00315951 0.07186499 0.30937630
v -0.00428868 0.07194068 0.30846083
v -0.00528225 0.07202838 0.30740067
v -0.00612171 0.07212648 0.30621555
v -0.00679143 0.07223313 0.30492756
v -0.00727893 0.07234637 0.30356067
v -0.00757513 0.07246406 0.30214038
v 0.01390549 0.07198725 0.30064300
v 0.01380387 0.07186443 0.30212414
v 0.01350082 0.07174387 0.30357772
v 0.01300199 0.07162780 0.30497661
v 0.01231667 0.07151838 0.30629477
v 0.01145762 0.07141766 0.30750769
v 0.01044085 0.07132751 0.30859271
v 0.00928530 0.07124961 0.30952963
v 0.00801249 0.07118542 0.31030104
v 0.00664613 0.07113612 0.31089252
v 0.00521168 0.07110264 0.31129310
v 0.00373585 0.07108560 0.31149527
v 0.00224615 0.07108532 0.31149530
v 0.00077031 0.07110180 0.31129315
v -0.00066417 0.07113473 0.31089264
v -0.00203056 0.07118351 0.31030118
v -0.00330342 0.07124722 0.30952981
v -0.00445903 0.07132468 0.30859292
v -0.00547587 0.07141443 0.30750793
v -0.00633499 0.07151482 0.30629507
v -0.00702039 0.07162398 0.30497691
v -0.00751930 0.07173986 0.30357802
v -0.00782244 0.07186031 0.30212447
v -0.00486261 0.07374539 0.30078933
v -0.00455293 0.07364070 0.30078062
v -0.00425962 0.07349661 0.30076867
v -0.00374177 0.07310078 0.30073583
v -0.00334438 0.07258485 0.30069306
v -0.00319969 0.07229259 0.30066884
v -0.00309451 0.07198401 0.30064324
v 0.00899079 0.07134148 0.30058959
v 0.00907610 0.07069666 0.30053613
v 0.00900121 0.07061799 0.30148482
v 0.00924800 0.07001392 0.30147395
v 0.00964051 0.06949286 0.30149308
v 0.00939392 0.06940795 0.30251679
v 0.01015198 0.06909033 0.30154097
v 0.00988643 0.06899888 0.30264342
v 0.01074755 0.06883375 0.30161431
v 0.01045992 0.06873470 0.30280846
v 0.01084420 0.06893527 0.30039006
v 0.00998839 0.06864055 0.30394304
v 0.00934456 0.06855361 0.30499014
v 0.00854429 0.06847604 0.30592397
v 0.00760729 0.06840974 0.30672154
v 0.00655663 0.06835634 0.30736321
v 0.00541817 0.06831716 0.30783319
v 0.00421996 0.06829317 0.30811989
v 0.00299149 0.06828494 0.30821627
v 0.00176301 0.06829270 0.30811992
v 0.00056478 0.06831624 0.30783325
v -0.00057371 0.06835498 0.30736333
v -0.00162441 0.06840798 0.30672169
v -0.00256146 0.06847393 0.30592415
v -0.00336178 0.06855119 0.30499032
v -0.00400568 0.06863788 0.30394325
v -0.00476498 0.06883080 0.30161455
v -0.00447728 0.06873185 0.30280867
v 0.00945110 0.06891195 0.30369088
v 0.00885670 0.06883170 0.30465758
v 0.00811788 0.06876008 0.30551973
v 0.00725282 0.06869887 0.30625606
v 0.00628283 0.06864958 0.30684847
v 0.00523178 0.06861340 0.30728236
v 0.00412557 0.06859125 0.30754703
v 0.00299142 0.06858366 0.30763602
v 0.00185727 0.06859082 0.30754709
v 0.00075104 0.06861255 0.30728242
v -0.00030003 0.06864832 0.30684856
v -0.00127006 0.06869725 0.30625618
v -0.00213517 0.06875813 0.30551988
v -0.00287404 0.06882946 0.30465776
v -0.00346850 0.06890950 0.30369109
v -0.00390389 0.06899625 0.30264363
v -0.00416951 0.06908760 0.30154118
v 0.00898968 0.06932723 0.30348945
v 0.00843774 0.06925270 0.30438712
v 0.00775168 0.06918620 0.30518770
v 0.00694840 0.06912936 0.30587143
v 0.00604768 0.06908359 0.30642155
v 0.00507169 0.06905000 0.30682445
v 0.00404448 0.06902943 0.30707023
v 0.00299133 0.06902237 0.30715284
v 0.00193817 0.06902903 0.30707026
v 0.00091095 0.06904920 0.30682451
v -0.00006506 0.06908242 0.30642164
v -0.00096582 0.06912785 0.30587155
v -0.00176914 0.06918439 0.30518782
v -0.00245525 0.06925063 0.30438727
v -0.00300725 0.06932494 0.30348963
v -0.00341155 0.06940550 0.30251700
v -0.00365819 0.06949033 0.30149329
v 0.00901597 0.06993401 0.30243722
v 0.00863558 0.06985806 0.30335250
v 0.00811621 0.06978793 0.30419719
v 0.00747064 0.06972536 0.30495051
v 0.00671477 0.06967187 0.30559391
v 0.00586720 0.06962880 0.30611154
v 0.00494881 0.06959719 0.30649066
v 0.00398222 0.06957783 0.30672196
v 0.00299122 0.06957120 0.30679968
v 0.00200022 0.06957746 0.30672199
v 0.00103361 0.06959644 0.30649072
v 0.00011520 0.06962769 0.30611163
v -0.00073240 0.06967045 0.30559400
v -0.00148831 0.06972365 0.30495062
v -0.00213393 0.06978598 0.30419734
v -0.00265335 0.06985591 0.30335265
v -0.00303380 0.06993172 0.30243739
v -0.00326588 0.07001153 0.30147412
v 0.00918127 0.07038808 0.30051056
v 0.00932596 0.07009581 0.30048633
v 0.00972336 0.06957989 0.30044353
v 0.01024120 0.06918405 0.30041069
v 0.01053452 0.06903997 0.30039874
v 0.00877833 0.07054123 0.30241013
v 0.00841294 0.07046828 0.30328932
v 0.00791404 0.07040092 0.30410072
v 0.00729392 0.07034080 0.30482432
v 0.00656785 0.07028943 0.30544236
v 0.00575370 0.07024805 0.30593958
v 0.00487152 0.07021769 0.30630377
v 0.00394303 0.07019909 0.30652592
v 0.00299110 0.07019272 0.30660060
v 0.00203916 0.07019873 0.30652595
v 0.00111066 0.07021698 0.30630383
v 0.00022846 0.07024699 0.30593967
v -0.00058572 0.07028806 0.30544245
v -0.00131183 0.07033917 0.30482444
v -0.00193200 0.07039904 0.30410084
v -0.00243094 0.07046621 0.30328947
v -0.00279638 0.07053903 0.30241030
v -0.00301932 0.07061570 0.30148500
v 0.00891695 0.07126391 0.30152500
v 0.00869719 0.07118823 0.30243737
v 0.00833691 0.07111629 0.30330423
v 0.00784500 0.07104987 0.30410427
v 0.00723356 0.07099060 0.30481777
v 0.00651765 0.07093994 0.30542713
v 0.00571490 0.07089915 0.30591741
v 0.00484507 0.07086921 0.30627650
v 0.00392958 0.07085088 0.30649555
v 0.00299097 0.07084460 0.30656916
v 0.00205236 0.07085052 0.30649558
v 0.00113686 0.07086851 0.30627653
v 0.00026701 0.07089811 0.30591750
v -0.00053577 0.07093860 0.30542725
v -0.00125172 0.07098899 0.30481789
v -0.00186320 0.07104802 0.30410442
v -0.00235516 0.07111426 0.30330440
v -0.00271549 0.07118606 0.30243754
v -0.00293531 0.07126165 0.30152518
v 0.01390533 0.07178210 0.28745481
v 0.01380027 0.07147347 0.28742921
v 0.01365569 0.07118116 0.28740498
v 0.01325850 0.07066508 0.28736222
v 0.01274080 0.07026905 0.28732941
v 0.01244754 0.07012485 0.28731745
v 0.01213790 0.07002003 0.28730878
v 0.01149087 0.06993502 0.28730175
v 0.01390509 0.07307176 0.28756174
v 0.01379991 0.07338034 0.28758731
v 0.01365522 0.07367261 0.28761154
v 0.01325783 0.07418853 0.28765434
v 0.01273999 0.07458436 0.28768718
v 0.01244667 0.07472845 0.28769913
v 0.01213699 0.07483315 0.28770781
v 0.01148992 0.07491792 0.28771487
v -0.00476590 0.07364392 0.30201358
v 0.00575345 0.07153772 0.30604652
v 0.00656760 0.07157910 0.30554929
v 0.00729368 0.07163047 0.30493125
v 0.00791380 0.07169058 0.30420762
v 0.00811574 0.07227939 0.30440375
v 0.00487127 0.07150736 0.30641070
v 0.00394278 0.07148877 0.30663285
v 0.00299085 0.07148240 0.30670753
v 0.00203892 0.07148840 0.30663288
v 0.00111042 0.07150664 0.30641073
v 0.00022822 0.07153667 0.30604658
v -0.00058596 0.07157774 0.30554938
v -0.00131208 0.07162883 0.30493137
v -0.00193224 0.07168870 0.30420777
v -0.00243119 0.07175588 0.30339640
v 0.00907586 0.07198633 0.30064306
v 0.00900097 0.07190766 0.30159172
v 0.00918091 0.07229495 0.30066866
v 0.00924753 0.07250537 0.30168048
v 0.00932549 0.07258727 0.30069289
v 0.00841269 0.07175795 0.30339625
v 0.00863511 0.07234951 0.30355906
v 0.00898901 0.07285067 0.30378157
v 0.00671429 0.07216332 0.30580047
v 0.00586673 0.07212025 0.30631810
v 0.00494834 0.07208864 0.30669722
v 0.00398175 0.07206928 0.30692852
v 0.00299075 0.07206265 0.30700624
v 0.00199974 0.07206891 0.30692852
v 0.00103314 0.07208789 0.30669728
v 0.00011473 0.07211915 0.30631816
v -0.00073287 0.07216191 0.30580056
v -0.00148878 0.07221510 0.30515718
v -0.00213440 0.07227743 0.30440390
v -0.00265383 0.07234736 0.30355921
v -0.00301957 0.07190537 0.30159190
v -0.00326636 0.07250299 0.30168068
v 0.00877808 0.07183091 0.30251706
v 0.00901550 0.07242546 0.30264378
v 0.00939326 0.07293139 0.30280891
v 0.00988561 0.07331420 0.30300120
v 0.00775101 0.07270964 0.30547979
v 0.00694773 0.07265281 0.30616355
v 0.00604701 0.07260703 0.30671364
v 0.00507103 0.07257344 0.30711657
v 0.00404381 0.07255287 0.30736235
v 0.00299066 0.07254582 0.30744496
v 0.00193751 0.07255246 0.30736238
v 0.00091028 0.07257265 0.30711663
v -0.00006573 0.07260586 0.30671373
v -0.00096648 0.07265130 0.30616367
v -0.00176980 0.07270783 0.30547994
v -0.00245591 0.07277407 0.30467939
v -0.00300791 0.07284839 0.30378175
v 0.00963984 0.07301631 0.30178520
v 0.01015116 0.07340565 0.30189875
v 0.01074664 0.07364687 0.30201337
v 0.00885589 0.07314702 0.30501536
v 0.00811706 0.07307541 0.30587748
v 0.00725200 0.07301419 0.30661383
v 0.00628201 0.07296489 0.30720624
v 0.00523097 0.07292873 0.30764014
v 0.00412475 0.07290657 0.30790481
v 0.00299060 0.07289898 0.30799377
v 0.00185645 0.07290614 0.30790484
v 0.00075022 0.07292787 0.30764019
v -0.00030085 0.07296364 0.30720633
v -0.00127088 0.07301257 0.30661395
v -0.00213599 0.07307345 0.30587766
v -0.00287486 0.07314479 0.30501553
v -0.00346931 0.07322482 0.30404884
v 0.00998748 0.07345366 0.30434209
v 0.00934365 0.07336673 0.30538920
v 0.00854338 0.07328916 0.30632302
v 0.00760638 0.07322285 0.30712059
v 0.00655571 0.07316945 0.30776227
v 0.00541726 0.07313028 0.30823225
v 0.00421904 0.07310628 0.30851895
v 0.00299057 0.07309806 0.30861530
v 0.00176210 0.07310581 0.30851898
v 0.00056387 0.07312936 0.30823231
v -0.00057462 0.07316810 0.30776235
v -0.00162532 0.07322109 0.30712071
v -0.00256237 0.07328704 0.30632317
v -0.00336270 0.07336431 0.30538937
v -0.00400659 0.07345100 0.30434227
v -0.00365886 0.07301378 0.30178541
v -0.00417032 0.07340293 0.30189896
v 0.00972269 0.07310334 0.30073565
v 0.01024038 0.07349937 0.30076846
v 0.01053365 0.07364357 0.30078042
v 0.01084329 0.07374839 0.30078909
v 0.00747017 0.07221681 0.30515707
v 0.00843707 0.07277615 0.30467924
v 0.00945028 0.07322728 0.30404866
v 0.01045901 0.07354781 0.30320749
v -0.00279663 0.07182870 0.30251724
v -0.00303427 0.07242317 0.30264395
v -0.00341221 0.07292895 0.30280909
v -0.00390471 0.07331157 0.30300137
v -0.00447819 0.07354497 0.30320773
v 0.01084380 0.07001979 0.28730881
v 0.01053412 0.07012448 0.28731748
v 0.01024080 0.07026857 0.28732944
v 0.00972296 0.07066441 0.28736228
v 0.00932557 0.07118033 0.28740507
v 0.00918088 0.07147259 0.28742930
v 0.00907570 0.07178117 0.28745487
v 0.01149100 0.06907617 0.28520188
v 0.01213804 0.06913192 0.28513736
v 0.01213798 0.06946869 0.28548816
v 0.01390532 0.07177269 0.28663605
v 0.01390556 0.07028668 0.28379858
v 0.01390546 0.07085375 0.28438923
v 0.01365589 0.06989288 0.28425521
v 0.01365581 0.07038140 0.28476405
v 0.01325867 0.06955468 0.28464732
v 0.01325859 0.06997575 0.28508592
v 0.01274095 0.06929513 0.28494820
v 0.01274089 0.06966444 0.28533289
v 0.01390539 0.07130016 0.28507566
v 0.01365574 0.07076598 0.28535539
v 0.01325854 0.07030723 0.28559560
v 0.01274084 0.06995518 0.28577995
v 0.01390534 0.07161014 0.28583354
v 0.01365570 0.07103302 0.28600830
v 0.01325850 0.07053740 0.28615835
v 0.01274081 0.07015706 0.28627351
v 0.01365569 0.07117306 0.28669965
v 0.01325849 0.07065810 0.28675425
v 0.01274080 0.07026292 0.28679618
v 0.01213793 0.06973382 0.28589582
v 0.01213790 0.06991791 0.28634590
v 0.01213789 0.07001445 0.28682253
v 0.01149094 0.06940185 0.28554112
v 0.01149090 0.06965823 0.28593534
v 0.01149087 0.06983626 0.28637061
v 0.01149086 0.06992962 0.28683153
v 0.01390505 0.07321586 0.28675568
v 0.01273996 0.07467822 0.28716221
v 0.01325780 0.07429553 0.28705582
v 0.01365519 0.07379675 0.28691718
v 0.01148990 0.07500068 0.28725195
v 0.01213696 0.07491873 0.28722912
v 0.01390498 0.07350837 0.28599089
v 0.01365513 0.07404874 0.28625831
v 0.01325775 0.07451272 0.28648794
v 0.01273992 0.07486871 0.28666416
v 0.01213692 0.07509244 0.28677490
v 0.01148986 0.07516867 0.28681269
v 0.01390489 0.07393891 0.28529441
v 0.01365505 0.07441965 0.28565830
v 0.01325768 0.07483242 0.28597078
v 0.01273986 0.07514911 0.28621054
v 0.01213687 0.07534815 0.28636128
v 0.01148981 0.07541595 0.28641269
v 0.01390478 0.07449228 0.28469089
v 0.01365495 0.07489636 0.28513837
v 0.01325760 0.07524332 0.28552264
v 0.01273978 0.07550950 0.28581747
v 0.01213680 0.07567678 0.28600284
v 0.01148974 0.07573375 0.28606609
v 0.01390464 0.07514887 0.28420168
v 0.01365484 0.07546201 0.28471690
v 0.01325750 0.07573086 0.28515938
v 0.01273970 0.07593712 0.28549889
v 0.01213672 0.07606673 0.28571230
v 0.01148967 0.07611085 0.28578511
v 0.00907546 0.07307085 0.28756180
v 0.00918052 0.07337946 0.28758737
v 0.00932510 0.07367178 0.28761160
v 0.00972229 0.07418785 0.28765440
v 0.01023999 0.07458389 0.28768721
v 0.01053325 0.07472809 0.28769916
v 0.01084289 0.07483290 0.28770784
v 0.00907593 0.07028576 0.28379864
v 0.00907583 0.07085282 0.28438932
v 0.00907569 0.07177178 0.28663611
v 0.00932577 0.06989206 0.28425527
v 0.00932568 0.07038058 0.28476411
v 0.00972313 0.06955401 0.28464738
v 0.00972306 0.06997508 0.28508598
v 0.01024095 0.06929465 0.28494826
v 0.01024089 0.06966396 0.28533295
v 0.01024080 0.07026245 0.28679621
v 0.01084394 0.06913167 0.28513739
v 0.01084388 0.06946845 0.28548819
v 0.01084384 0.06973357 0.28589582
v 0.01084381 0.06991766 0.28634593
v 0.01084380 0.07001421 0.28682253
v 0.01024084 0.06995470 0.28577998
v 0.01024081 0.07015658 0.28627357
v 0.00972300 0.07030655 0.28559566
v 0.00972297 0.07053673 0.28615841
v 0.00972295 0.07065743 0.28675431
v 0.00932562 0.07076515 0.28535545
v 0.00932558 0.07103219 0.28600836
v 0.00932556 0.07117224 0.28669971
v 0.00907576 0.07129924 0.28507572
v 0.00907571 0.07160921 0.28583360
v 0.01390566 0.06975226 0.28324315
v 0.01365600 0.06928076 0.28361905
v 0.01325879 0.06887584 0.28394181
v 0.01274108 0.06856509 0.28418949
v 0.01213817 0.06836969 0.28434521
v 0.01149114 0.06830297 0.28439832
v 0.01149124 0.06769182 0.28346553
v 0.01213827 0.06776723 0.28342566
v 0.01149131 0.06726385 0.28243577
v 0.01213834 0.06734533 0.28241053
v 0.01149133 0.06703383 0.28134462
v 0.01213836 0.06711858 0.28133485
v 0.01149132 0.06700971 0.28022972
v 0.01213835 0.06709480 0.28023580
v 0.01149127 0.06719232 0.27912962
v 0.01213830 0.06727482 0.27915132
v 0.01149118 0.06757535 0.27808231
v 0.01213822 0.06765241 0.27811888
v 0.01149106 0.06814558 0.27712399
v 0.01213809 0.06821454 0.27717414
v 0.01149091 0.06888331 0.27628773
v 0.01213794 0.06894179 0.27634975
v 0.01149073 0.06976304 0.27560243
v 0.01213777 0.06980904 0.27567419
v 0.01149053 0.07075439 0.27509177
v 0.01213758 0.07078632 0.27517077
v 0.01149032 0.07182314 0.27477339
v 0.01213737 0.07183988 0.27485693
v 0.01149011 0.07293233 0.27465826
v 0.01213716 0.07293333 0.27474344
v 0.01148990 0.07404367 0.27475041
v 0.01213695 0.07402889 0.27483428
v 0.01148970 0.07511876 0.27504662
v 0.01213676 0.07508872 0.27512628
v 0.01148952 0.07612047 0.27553666
v 0.01213657 0.07607621 0.27560934
v 0.01148936 0.07701420 0.27620360
v 0.01213642 0.07695725 0.27626681
v 0.01148922 0.07776907 0.27702442
v 0.01213629 0.07770140 0.27707598
v 0.01148913 0.07835900 0.27797073
v 0.01213619 0.07828296 0.27800888
v 0.01148906 0.07876363 0.27900988
v 0.01213613 0.07868184 0.27903327
v 0.01148904 0.07896896 0.28010598
v 0.01213611 0.07888426 0.28011382
v 0.01148906 0.07896791 0.28122112
v 0.01213612 0.07888323 0.28121313
v 0.01148911 0.07876053 0.28231683
v 0.01213618 0.07867878 0.28229326
v 0.01148921 0.07835395 0.28335521
v 0.01213627 0.07827798 0.28331691
v 0.01148933 0.07776224 0.28430045
v 0.01213639 0.07769467 0.28424871
v 0.01148949 0.07700583 0.28511983
v 0.01213655 0.07694900 0.28505647
v 0.01274118 0.06798806 0.28330880
v 0.01274124 0.06758398 0.28233653
v 0.01274127 0.06736680 0.28130627
v 0.01274126 0.06734402 0.28025362
v 0.01274121 0.06751645 0.27921492
v 0.01274113 0.06787810 0.27822608
v 0.01274101 0.06841649 0.27732125
v 0.01274087 0.06911304 0.27653167
v 0.01274070 0.06994366 0.27588463
v 0.01274051 0.07087968 0.27540246
v 0.01274032 0.07188875 0.27510184
v 0.01274012 0.07293603 0.27499318
v 0.01273992 0.07398533 0.27508017
v 0.01273973 0.07500041 0.27535984
v 0.01273955 0.07594620 0.27582252
v 0.01273940 0.07679004 0.27645221
v 0.01273928 0.07750277 0.27722722
v 0.01273919 0.07805978 0.27812073
v 0.01273913 0.07844181 0.27910188
v 0.01273911 0.07863569 0.28013676
v 0.01273912 0.07863469 0.28118968
v 0.01273917 0.07843888 0.28222421
v 0.01273926 0.07805500 0.28320464
v 0.01273938 0.07749632 0.28409708
v 0.01273953 0.07678214 0.28487074
v 0.01325888 0.06833928 0.28312287
v 0.01325893 0.06796353 0.28221878
v 0.01325896 0.06776159 0.28126079
v 0.01325895 0.06774041 0.28028196
v 0.01325891 0.06790073 0.27931610
v 0.01325883 0.06823702 0.27839661
v 0.01325872 0.06873766 0.27755523
v 0.01325859 0.06938536 0.27682105
v 0.01325843 0.07015773 0.27621937
v 0.01325826 0.07102810 0.27577102
v 0.01325807 0.07196641 0.27549151
v 0.01325789 0.07294024 0.27539045
v 0.01325770 0.07391595 0.27547133
v 0.01325753 0.07485984 0.27573138
v 0.01325737 0.07573931 0.27616161
v 0.01325723 0.07652397 0.27674717
v 0.01325711 0.07718671 0.27746782
v 0.01325702 0.07770465 0.27829865
v 0.01325697 0.07805990 0.27921098
v 0.01325695 0.07824017 0.28017330
v 0.01325696 0.07823925 0.28115237
v 0.01325701 0.07805717 0.28211436
v 0.01325709 0.07770021 0.28302601
v 0.01325720 0.07718071 0.28385589
v 0.01325734 0.07651662 0.28457528
v 0.01365608 0.06879694 0.28288060
v 0.01365614 0.06845812 0.28206536
v 0.01365616 0.06827603 0.28120151
v 0.01365615 0.06825693 0.28031892
v 0.01365611 0.06840150 0.27944800
v 0.01365604 0.06870473 0.27861887
v 0.01365594 0.06915616 0.27786019
v 0.01365582 0.06974020 0.27719817
v 0.01365568 0.07043666 0.27665561
v 0.01365552 0.07122148 0.27625135
v 0.01365536 0.07206756 0.27599931
v 0.01365519 0.07294567 0.27590817
v 0.01365502 0.07382549 0.27598110
v 0.01365487 0.07467660 0.27621561
v 0.01365472 0.07546962 0.27660355
v 0.01365459 0.07617716 0.27713156
v 0.01365449 0.07677476 0.27778137
v 0.01365441 0.07724179 0.27853054
v 0.01365436 0.07756212 0.27935320
v 0.01365434 0.07772467 0.28022093
v 0.01365436 0.07772385 0.28110376
v 0.01365440 0.07755966 0.28197119
v 0.01365447 0.07723779 0.28279325
v 0.01365457 0.07676935 0.28354156
v 0.01365470 0.07617053 0.28419024
v 0.01390573 0.06932985 0.28259844
v 0.01390577 0.06903405 0.28188670
v 0.01390579 0.06887507 0.28113252
v 0.01390579 0.06885839 0.28036192
v 0.01390575 0.06898461 0.27960157
v 0.01390569 0.06924935 0.27887771
v 0.01390560 0.06964348 0.27821532
v 0.01390550 0.07015338 0.27763733
v 0.01390538 0.07076143 0.27716365
v 0.01390524 0.07144663 0.27681071
v 0.01390510 0.07218531 0.27659065
v 0.01390495 0.07295196 0.27651107
v 0.01390480 0.07372009 0.27657476
v 0.01390467 0.07446317 0.27677950
v 0.01390454 0.07515553 0.27711821
v 0.01390443 0.07577325 0.27757919
v 0.01390434 0.07629499 0.27814651
v 0.01390427 0.07670274 0.27880058
v 0.01390423 0.07698241 0.27951881
v 0.01390421 0.07712433 0.28027642
v 0.01390422 0.07712360 0.28104717
v 0.01390426 0.07698026 0.28180447
v 0.01390432 0.07669925 0.28252220
v 0.01390441 0.07629027 0.28317550
v 0.01390452 0.07576746 0.28374186
v 0.01084287 0.07491849 0.28722912
v 0.01023996 0.07467774 0.28716227
v 0.00907542 0.07321495 0.28675577
v 0.00932506 0.07379592 0.28691724
v 0.00972227 0.07429486 0.28705588
v 0.01084283 0.07509220 0.28677493
v 0.01023992 0.07486824 0.28666419
v 0.00972222 0.07451205 0.28648800
v 0.00932500 0.07404791 0.28625837
v 0.00907535 0.07350744 0.28599098
v 0.01084277 0.07534790 0.28636131
v 0.01023986 0.07514864 0.28621060
v 0.00972215 0.07483175 0.28597084
v 0.00932493 0.07441882 0.28565836
v 0.00907526 0.07393800 0.28529450
v 0.01084271 0.07567654 0.28600287
v 0.01023978 0.07550903 0.28581753
v 0.00972206 0.07524264 0.28552267
v 0.00932483 0.07489553 0.28513843
v 0.00907515 0.07449136 0.28469098
v 0.01084263 0.07606649 0.28571233
v 0.01023970 0.07593665 0.28549892
v 0.00972196 0.07573019 0.28515941
v 0.00932471 0.07546118 0.28471696
v 0.00907501 0.07514796 0.28420174
v 0.01084407 0.06836945 0.28434521
v 0.01024108 0.06856462 0.28418952
v 0.00972325 0.06887516 0.28394186
v 0.00932587 0.06927993 0.28361911
v 0.00907603 0.06975134 0.28324324
v 0.00907610 0.06932893 0.28259853
v 0.00907614 0.06903313 0.28188679
v 0.00907616 0.06887414 0.28113258
v 0.00907616 0.06885748 0.28036201
v 0.00907612 0.06898369 0.27960163
v 0.00907606 0.06924844 0.27887776
v 0.00907598 0.06964256 0.27821541
v 0.00907587 0.07015245 0.27763739
v 0.00907575 0.07076051 0.27716374
v 0.00907561 0.07144571 0.27681077
v 0.00907547 0.07218439 0.27659070
v 0.00907532 0.07295104 0.27651116
v 0.00907518 0.07371917 0.27657485
v 0.00907504 0.07446224 0.27677956
v 0.00907491 0.07515460 0.27711827
v 0.00907480 0.07577232 0.27757925
v 0.00907471 0.07629407 0.27814656
v 0.00907464 0.07670182 0.27880064
v 0.00907460 0.07698148 0.27951890
v 0.00907458 0.07712341 0.28027648
v 0.00907459 0.07712268 0.28104722
v 0.00907463 0.07697934 0.28180456
v 0.00907469 0.07669833 0.28252226
v 0.00907478 0.07628935 0.28317559
v 0.00907489 0.07576654 0.28374192
v 0.00932596 0.06879611 0.28288066
v 0.00932601 0.06845730 0.28206542
v 0.00932603 0.06827521 0.28120160
v 0.00932602 0.06825611 0.28031898
v 0.00932598 0.06840067 0.27944806
v 0.00932591 0.06870391 0.27861893
v 0.00932581 0.06915534 0.27786025
v 0.00932569 0.06973937 0.27719823
v 0.00932555 0.07043583 0.27665570
v 0.00932540 0.07122065 0.27625141
v 0.00932523 0.07206673 0.27599937
v 0.00932506 0.07294485 0.27590823
v 0.00932490 0.07382466 0.27598116
v 0.00932474 0.07467578 0.27621567
v 0.00932459 0.07546879 0.27660361
v 0.00932447 0.07617633 0.27713162
v 0.00932436 0.07677393 0.27778143
v 0.00932428 0.07724097 0.27853060
v 0.00932423 0.07756130 0.27935326
v 0.00932422 0.07772385 0.28022102
v 0.00932423 0.07772302 0.28110382
v 0.00932427 0.07755884 0.28197125
v 0.00932435 0.07723697 0.28279331
v 0.00932445 0.07676852 0.28354162
v 0.00932457 0.07616971 0.28419030
v 0.00972334 0.06833860 0.28312293
v 0.00972340 0.06796286 0.28221884
v 0.00972343 0.06776091 0.28126085
v 0.00972342 0.06773973 0.28028199
v 0.00972337 0.06790006 0.27931616
v 0.00972329 0.06823635 0.27839667
v 0.00972319 0.06873699 0.27755529
v 0.00972305 0.06938468 0.27682108
v 0.00972290 0.07015706 0.27621943
v 0.00972272 0.07102743 0.27577108
v 0.00972254 0.07196574 0.27549154
v 0.00972235 0.07293957 0.27539048
v 0.00972217 0.07391528 0.27547139
v 0.00972199 0.07485917 0.27573144
v 0.00972183 0.07573863 0.27616167
v 0.00972169 0.07652329 0.27674723
v 0.00972157 0.07718604 0.27746788
v 0.00972149 0.07770398 0.27829871
v 0.00972143 0.07805922 0.27921104
v 0.00972141 0.07823950 0.28017336
v 0.00972143 0.07823858 0.28115243
v 0.00972148 0.07805650 0.28211442
v 0.00972156 0.07769954 0.28302607
v 0.00972167 0.07718004 0.28385594
v 0.00972181 0.07651594 0.28457534
v 0.01024118 0.06798759 0.28330883
v 0.01024124 0.06758351 0.28233656
v 0.01024127 0.06736632 0.28130630
v 0.01024126 0.06734355 0.28025365
v 0.01024121 0.06751597 0.27921495
v 0.01024113 0.06787762 0.27822611
v 0.01024101 0.06841602 0.27732128
v 0.01024087 0.06911256 0.27653170
v 0.01024070 0.06994318 0.27588466
v 0.01024051 0.07087921 0.27540252
v 0.01024032 0.07188828 0.27510190
v 0.01024012 0.07293555 0.27499321
v 0.01023992 0.07398485 0.27508020
v 0.01023973 0.07499994 0.27535987
v 0.01023955 0.07594573 0.27582255
v 0.01023940 0.07678957 0.27645227
v 0.01023928 0.07750230 0.27722725
v 0.01023918 0.07805930 0.27812076
v 0.01023913 0.07844134 0.27910191
v 0.01023910 0.07863521 0.28013679
v 0.01023912 0.07863422 0.28118971
v 0.01023917 0.07843841 0.28222424
v 0.01023926 0.07805452 0.28320467
v 0.01023938 0.07749585 0.28409714
v 0.01023953 0.07678166 0.28487077
v 0.01084417 0.06776698 0.28342569
v 0.01084424 0.06734508 0.28241056
v 0.01084427 0.06711833 0.28133488
v 0.01084426 0.06709455 0.28023580
v 0.01084421 0.06727457 0.27915132
v 0.01084412 0.06765217 0.27811888
v 0.01084400 0.06821430 0.27717417
v 0.01084385 0.06894155 0.27634978
v 0.01084367 0.06980880 0.27567422
v 0.01084348 0.07078607 0.27517080
v 0.01084327 0.07183964 0.27485693
v 0.01084306 0.07293309 0.27474347
v 0.01084286 0.07402865 0.27483428
v 0.01084266 0.07508848 0.27512628
v 0.01084248 0.07607596 0.27560937
v 0.01084232 0.07695700 0.27626684
v 0.01084219 0.07770116 0.27707601
v 0.01084209 0.07828271 0.27800891
v 0.01084203 0.07868160 0.27903330
v 0.01084201 0.07888401 0.28011382
v 0.01084203 0.07888298 0.28121313
v 0.01084208 0.07867853 0.28229329
v 0.01084217 0.07827774 0.28331694
v 0.01084230 0.07769442 0.28424874
v 0.01084245 0.07694875 0.28505650
f 1 2 3
f 2 12 3
f 12 1475 3
f 3 1475 1476
f 3 1476 38
f 38 1476 1477
f 1476 1452 1477
f 1477 1452 1453
f 1477 1453 1478
f 1478 1453 1454
f 1453 1429 1454
f 1454 1429 1430
f 1454 1430 1455
f 1455 1430 1431
f 1455 1431 1456
f 1480 1455 1456
f 1480 1456 1481
f 1481 1456 1289
f 1481 1289 1288
f 53 1481 1288
f 53 1288 54
f 1282 54 1288
f 37 54 1282
f 36 54 37
f 19 36 37
f 51 19 37
f 51 37 1276
f 1270 51 1276
f 47 51 1270
f 1264 47 1270
f 1264 1270 1267
f 1267 1270 1271
f 1267 1271 1266
f 1266 1271 1272
f 1271 1277 1272
f 1272 1277 1278
f 1277 1283 1278
f 1278 1283 1284
f 1283 1289 1284
f 1284 1289 1290
f 1284 1290 1285
f 1285 1290 1291
f 1285 1291 1286
f 1286 1291 1292
f 1406 1292 1291
f 1406 1381 1292
f 1405 1381 1406
f 1405 1379 1381
f 1404 1379 1405
f 1429 1404 1405
f 1428 1404 1429
f 1428 1403 1404
f 1427 1403 1428
f 1427 1402 1403
f 1402 1375 1403
f 1402 1373 1375
f 1401 1373 1402
f 1401 1371 1373
f 1400 1371 1401
f 1425 1400 1401
f 1424 1400 1425
f 1424 1399 1400
f 1423 1399 1424
f 1423 1398 1399
f 1398 1367 1399
f 1398 1365 1367
f 1397 1365 1398
f 1397 1363 1365
f 1396 1363 1397
f 1421 1396 1397
f 1420 1396 1421
f 1420 1395 1396
f 1419 1395 1420
f 1419 1394 1395
f 1394 1359 1395
f 1394 1357 1359
f 1393 1357 1394
f 1393 1355 1357
f 1392 1355 1393
f 1417 1392 1393
f 1416 1392 1417
f 1416 1391 1392
f 1415 1391 1416
f 1415 1390 1391
f 1390 1351 1391
f 1390 1349 1351
f 1389 1349 1390
f 1389 1347 1349
f 1388 1347 1389
f 1413 1388 1389
f 1412 1388 1413
f 1412 1387 1388
f 1411 1387 1412
f 1411 1386 1387
f 1386 1343 1387
f 1386 1341 1343
f 1385 1341 1386
f 1385 1339 1341
f 1384 1339 1385
f 1409 1384 1385
f 1408 1384 1409
f 1408 1383 1384
f 1407 1383 1408
f 1407 1382 1383
f 1382 1335 1383
f 1382 1333 1335
f 1329 1333 1382
f 1329 1330 1333
f 1244 1330 1329
f 1244 1235 1330
f 1235 1331 1330
f 1330 1331 1332
f 1331 1612 1332
f 1332 1612 1613
f 1332 1613 1334
f 1334 1613 1614
f 1334 1614 1336
f 1335 1334 1336
f 1335 1336 1337
f 1337 1336 1338
f 1337 1338 1339
f 1339 1338 1340
f 1338 1616 1340
f 1340 1616 1617
f 1340 1617 1342
f 1342 1617 1618
f 1342 1618 1344
f 1343 1342 1344
f 1343 1344 1345
f 1345 1344 1346
f 1345 1346 1347
f 1347 1346 1348
f 1346 1620 1348
f 1348 1620 1621
f 1348 1621 1350
f 1350 1621 1622
f 1350 1622 1352
f 1351 1350 1352
f 1351 1352 1353
f 1353 1352 1354
f 1353 1354 1355
f 1355 1354 1356
f 1354 1624 1356
f 1356 1624 1625
f 1356 1625 1358
f 1358 1625 1626
f 1358 1626 1360
f 1359 1358 1360
f 1359 1360 1361
f 1361 1360 1362
f 1361 1362 1363
f 1363 1362 1364
f 1362 1628 1364
f 1364 1628 1629
f 1364 1629 1366
f 1366 1629 1630
f 1366 1630 1368
f 1367 1366 1368
f 1367 1368 1369
f 1369 1368 1370
f 1369 1370 1371
f 1371 1370 1372
f 1370 1632 1372
f 1372 1632 1633
f 1372 1633 1374
f 1374 1633 1634
f 1374 1634 1376
f 1375 1374 1376
f 1375 1376 1377
f 1377 1376 1378
f 1377 1378 1379
f 1379 1378 1380
f 1378 1636 1380
f 1380 1636 1502
f 1380 1502 1293
f 1497 1293 1502
f 1287 1293 1497
f 1492 1287 1497
f 1492 1497 1493
f 1493 1497 1498
f 1493 1498 1494
f 1494 1498 1499
f 1498 1503 1499
f 1499 1503 1504
f 1499 1504 1500
f 1500 1504 1505
f 1500 1505 1501
f 1501 1505 1506
f 1561 1506 1505
f 1586 1561 1505
f 1585 1561 1586
f 1585 1560 1561
f 1560 1536 1561
f 1560 1535 1536
f 1559 1535 1560
f 1559 1534 1535
f 1558 1534 1559
f 1583 1558 1559
f 1582 1558 1583
f 1582 1557 1558
f 1581 1557 1582
f 1581 1556 1557
f 1556 1532 1557
f 1556 1531 1532
f 1555 1531 1556
f 1555 1530 1531
f 1554 1530 1555
f 1579 1554 1555
f 1578 1554 1579
f 1578 1553 1554
f 1577 1553 1578
f 1577 1552 1553
f 1552 1528 1553
f 1552 1527 1528
f 1551 1527 1552
f 1551 1526 1527
f 1550 1526 1551
f 1575 1550 1551
f 1574 1550 1575
f 1574 1549 1550
f 1573 1549 1574
f 1573 1548 1549
f 1548 1524 1549
f 1548 1523 1524
f 1547 1523 1548
f 1547 1522 1523
f 1546 1522 1547
f 1571 1546 1547
f 1570 1546 1571
f 1570 1545 1546
f 1569 1545 1570
f 1569 1544 1545
f 1544 1520 1545
f 1544 1519 1520
f 1543 1519 1544
f 1543 1518 1519
f 1542 1518 1543
f 1567 1542 1543
f 1566 1542 1567
f 1566 1541 1542
f 1565 1541 1566
f 1565 1540 1541
f 1540 1516 1541
f 1540 1515 1516
f 1539 1515 1540
f 1539 1514 1515
f 1538 1514 1539
f 1563 1538 1539
f 1562 1538 1563
f 1562 1537 1538
f 1509 1537 1562
f 1509 1510 1537
f 1510 1512 1537
f 1510 1511 1512
f 1304 1511 1510
f 1304 1301 1511
f 1301 1304 1305
f 1304 1307 1305
f 1305 1307 1318
f 1305 1318 1321
f 1302 1305 1321
f 1302 1321 1324
f 1324 1321 1322
f 1324 1322 1325
f 1325 1322 1323
f 1325 1323 1303
f 1303 1323 1231
f 1303 1231 1232
f 1232 1233 1303
f 108 1303 1233
f 108 1233 109
f 107 108 109
f 107 109 1484
f 1484 1491 107
f 107 1491 103
f 103 106 107
f 103 105 106
f 105 1325 106
f 102 105 103
f 101 102 103
f 101 96 102
f 97 96 101
f 95 96 97
f 95 90 96
f 91 90 95
f 1536 91 95
f 1536 95 1506
f 89 90 91
f 1535 89 91
f 89 87 90
f 88 87 89
f 86 87 88
f 86 79 87
f 80 79 86
f 78 79 80
f 78 76 79
f 77 76 78
f 1530 77 78
f 1529 77 1530
f 1529 75 77
f 1528 75 1529
f 1528 72 75
f 72 71 75
f 71 72 73
f 71 73 74
f 73 81 74
f 1526 81 73
f 1525 81 1526
f 1525 82 81
f 1524 82 1525
f 1524 84 82
f 83 82 84
f 83 84 66
f 66 84 85
f 66 85 67
f 1522 67 85
f 1521 67 1522
f 1521 68 67
f 1520 68 1521
f 1520 69 68
f 65 68 69
f 65 69 56
f 56 69 70
f 56 70 57
f 1518 57 70
f 1517 57 1518
f 1517 58 57
f 1516 58 1517
f 1516 59 58
f 55 58 59
f 55 59 60
f 60 59 61
f 60 61 62
f 62 61 63
f 1514 63 61
f 1513 63 1514
f 1513 98 63
f 63 98 64
f 64 98 99
f 1512 99 98
f 64 99 93
f 93 99 100
f 1511 100 99
f 93 100 94
f 1301 94 100
f 94 1301 1302
f 94 1302 104
f 94 104 92
f 92 104 105
f 104 1324 105
f 92 93 94
f 1512 98 1513
f 62 63 64
f 1515 61 59
f 57 58 55
f 55 56 57
f 1519 70 69
f 67 68 65
f 65 66 67
f 1523 85 84
f 74 82 83
f 74 81 82
f 1527 73 72
f 75 71 76
f 75 76 77
f 1531 78 80
f 1532 80 86
f 1532 86 1533
f 1533 86 88
f 1533 88 1534
f 1534 88 89
f 97 1506 95
f 101 1501 97
f 1496 1501 101
f 103 1496 101
f 92 105 102
f 1491 1496 103
f 1491 1495 1496
f 1490 1495 1491
f 1490 1494 1495
f 1489 1494 1490
f 1485 1489 1490
f 1485 1490 1484
f 1484 1295 1485
f 1485 1295 1296
f 1295 1143 1296
f 1296 1143 1145
f 1143 1144 1145
f 1145 1144 1214
f 1214 1144 1180
f 1214 1180 1215
f 1215 1180 1181
f 1180 1165 1181
f 1181 1165 1166
f 1181 1166 1182
f 1166 1221 1182
f 1166 1220 1221
f 1148 1220 1166
f 1148 1219 1220
f 1130 1219 1148
f 1147 1130 1148
f 1147 1129 1130
f 1146 1129 1147
f 1146 1093 1129
f 1092 1093 1146
f 1092 1074 1093
f 1093 1074 1075
f 1074 1052 1075
f 1075 1052 1053
f 1052 1035 1053
f 1053 1035 1036
f 1053 1036 1054
f 1054 1036 1037
f 1054 1037 1055
f 1055 1037 1038
f 1055 1038 1056
f 1078 1055 1056
f 1078 1056 1079
f 1079 1056 1057
f 1056 1039 1057
f 1057 1039 1040
f 1057 1040 1058
f 1058 1040 1041
f 1058 1041 1059
f 1059 1041 1042
f 1059 1042 1060
f 1082 1059 1060
f 1082 1060 1083
f 1083 1060 1061
f 1060 1043 1061
f 1061 1043 1044
f 1061 1044 1062
f 1062 1044 1045
f 1062 1045 1063
f 1063 1045 1046
f 1063 1046 1064
f 1086 1063 1064
f 1086 1064 1087
f 1087 1064 1065
f 1064 1047 1065
f 1065 1047 1048
f 1065 1048 1066
f 1048 666 1066
f 1066 666 667
f 1066 667 668
f 667 599 668
f 668 599 597
f 598 597 599
f 598 599 600
f 600 599 601
f 600 601 595
f 595 605 600
f 600 605 606
f 605 610 606
f 606 610 611
f 610 615 611
f 611 615 616
f 615 565 616
f 616 565 539
f 564 539 565
f 564 538 539
f 563 538 564
f 589 563 564
f 588 563 589
f 588 562 563
f 587 562 588
f 587 561 562
f 561 536 562
f 561 535 536
f 560 535 561
f 560 534 535
f 559 534 560
f 585 559 560
f 584 559 585
f 584 558 559
f 583 558 584
f 583 557 558
f 557 532 558
f 557 531 532
f 556 531 557
f 556 530 531
f 555 530 556
f 581 555 556
f 580 555 581
f 580 554 555
f 579 554 580
f 579 553 554
f 553 528 554
f 553 527 528
f 552 527 553
f 552 526 527
f 551 526 552
f 577 551 552
f 576 551 577
f 576 550 551
f 575 550 576
f 575 549 550
f 549 524 550
f 549 523 524
f 548 523 549
f 548 522 523
f 547 522 548
f 573 547 548
f 572 547 573
f 572 546 547
f 571 546 572
f 571 545 546
f 545 520 546
f 545 519 520
f 544 519 545
f 544 518 519
f 543 518 544
f 569 543 544
f 568 543 569
f 568 542 543
f 567 542 568
f 567 541 542
f 541 516 542
f 541 515 516
f 540 515 541
f 540 514 515
f 455 514 540
f 453 455 540
f 452 455 453
f 452 454 455
f 454 452 646
f 454 646 642
f 456 454 642
f 454 456 457
f 456 459 457
f 456 458 459
f 458 461 459
f 459 461 462
f 461 163 462
f 462 163 162
f 462 162 463
f 463 162 130
f 130 162 131
f 129 130 131
f 129 128 130
f 127 128 129
f 127 126 128
f 116 126 127
f 116 125 126
f 466 126 125
f 466 125 467
f 467 125 118
f 467 118 468
f 493 467 468
f 493 468 494
f 494 468 469
f 494 469 495
f 520 494 495
f 520 495 521
f 521 495 496
f 521 496 522
f 522 496 497
f 496 471 497
f 497 471 472
f 497 472 498
f 498 472 473
f 498 473 499
f 524 498 499
f 524 499 525
f 525 499 500
f 525 500 526
f 526 500 501
f 500 475 501
f 501 475 476
f 501 476 502
f 502 476 477
f 502 477 503
f 528 502 503
f 528 503 529
f 529 503 504
f 529 504 530
f 530 504 505
f 504 479 505
f 505 479 480
f 505 480 506
f 506 480 481
f 506 481 507
f 532 506 507
f 532 507 533
f 533 507 508
f 533 508 534
f 534 508 509
f 508 483 509
f 509 483 484
f 509 484 510
f 510 484 485
f 510 485 511
f 536 510 511
f 536 511 537
f 537 511 512
f 537 512 538
f 538 512 513
f 512 487 513
f 618 513 487
f 618 487 151
f 151 487 147
f 146 151 147
f 146 150 151
f 149 150 146
f 149 154 150
f 149 152 154
f 152 153 154
f 152 662 153
f 152 661 662
f 661 658 662
f 662 658 659
f 658 655 659
f 658 654 655
f 654 645 655
f 655 645 644
f 643 644 645
f 645 650 643
f 645 649 650
f 649 451 650
f 649 450 451
f 648 450 649
f 652 648 649
f 651 648 652
f 653 651 652
f 653 652 654
f 657 653 654
f 640 653 657
f 636 640 657
f 636 657 661
f 161 636 661
f 157 636 161
f 157 460 636
f 460 157 164
f 156 164 157
f 156 163 164
f 131 163 156
f 155 156 157
f 460 164 461
f 157 161 155
f 155 161 152
f 460 640 636
f 460 458 640
f 458 641 640
f 640 641 653
f 641 651 653
f 641 642 651
f 642 647 651
f 651 647 648
f 647 449 648
f 647 448 449
f 448 444 449
f 448 443 444
f 443 433 444
f 444 433 436
f 444 436 445
f 445 436 442
f 445 442 446
f 450 445 446
f 449 445 450
f 442 633 446
f 446 633 634
f 446 634 451
f 451 634 635
f 635 634 885
f 635 885 886
f 886 1125 635
f 1226 1125 886
f 1226 1213 1125
f 1225 1213 1226
f 1211 1225 1226
f 1196 1225 1211
f 1196 1224 1225
f 1179 1224 1196
f 1195 1179 1196
f 1195 1178 1179
f 1178 1160 1179
f 1178 1159 1160
f 1159 1140 1160
f 1159 1139 1140
f 1139 1106 1140
f 1106 1107 1140
f 1106 1088 1107
f 1106 1087 1088
f 1105 1087 1106
f 1107 1088 1089
f 1088 1066 1089
f 1107 1089 1108
f 1107 1108 1222
f 1222 1108 1161
f 1108 670 1161
f 1161 670 986
f 1161 986 1162
f 1223 1161 1162
f 1223 1162 1224
f 1224 1162 1212
f 1162 984 1212
f 1212 984 983
f 1212 983 1213
f 1213 983 982
f 656 982 983
f 656 983 660
f 659 656 660
f 639 659 660
f 639 660 637
f 637 638 639
f 637 985 638
f 637 984 985
f 638 985 986
f 638 986 160
f 159 638 160
f 158 159 160
f 158 160 596
f 596 160 603
f 596 603 597
f 669 597 603
f 669 603 670
f 670 603 160
f 596 608 158
f 596 607 608
f 598 607 596
f 598 606 607
f 607 612 608
f 608 612 613
f 612 617 613
f 613 617 618
f 613 618 150
f 612 616 617
f 608 613 154
f 607 611 612
f 158 608 154
f 158 153 159
f 153 639 159
f 159 639 638
f 660 984 637
f 644 982 656
f 644 981 982
f 1125 982 981
f 1125 981 980
f 643 980 981
f 660 983 984
f 1162 985 984
f 986 985 1162
f 160 986 670
f 1108 669 670
f 1222 1161 1223
f 1160 1222 1223
f 1108 1089 669
f 1089 668 669
f 1140 1107 1222
f 1139 1105 1106
f 1138 1105 1139
f 1138 1104 1105
f 1104 1086 1105
f 1104 1085 1086
f 1103 1085 1104
f 1137 1103 1104
f 1136 1103 1137
f 1136 1102 1103
f 1102 1084 1103
f 1102 1083 1084
f 1101 1083 1102
f 1135 1101 1102
f 1134 1101 1135
f 1134 1100 1101
f 1100 1082 1101
f 1100 1081 1082
f 1099 1081 1100
f 1133 1099 1100
f 1132 1099 1133
f 1132 1098 1099
f 1098 1080 1099
f 1098 1079 1080
f 1097 1079 1098
f 1131 1097 1098
f 1126 1097 1131
f 1126 1096 1097
f 1096 1078 1097
f 1096 1077 1078
f 1095 1077 1096
f 1127 1095 1096
f 1095 1127 1128
f 1128 1094 1095
f 1094 1076 1095
f 1094 1075 1076
f 1129 1094 1128
f 1128 1127 1218
f 1128 1218 1130
f 1127 1149 1218
f 1218 1149 1167
f 1167 1149 1168
f 1184 1167 1168
f 1183 1167 1184
f 1219 1167 1183
f 1198 1183 1184
f 1198 1184 1199
f 1199 1184 1185
f 1199 1185 1200
f 1200 1185 1186
f 1200 1186 1201
f 1201 1186 1187
f 1186 1170 1187
f 1187 1170 1171
f 1187 1171 1188
f 1202 1187 1188
f 1202 1188 1203
f 1203 1188 1189
f 1203 1189 1204
f 1204 1189 1190
f 1204 1190 1205
f 1205 1190 1191
f 1190 1174 1191
f 1191 1174 1175
f 1191 1175 1192
f 1206 1191 1192
f 1206 1192 1207
f 1207 1192 1193
f 1207 1193 1208
f 1208 1193 1194
f 1208 1194 1209
f 1209 1194 1195
f 1209 1195 1210
f 1210 881 1209
f 1210 883 881
f 1210 891 883
f 1211 891 1210
f 1211 890 891
f 888 890 1211
f 888 889 890
f 890 889 884
f 911 884 889
f 911 889 912
f 932 911 912
f 932 912 933
f 953 932 933
f 952 932 953
f 952 931 932
f 951 931 952
f 951 930 931
f 950 930 951
f 973 950 951
f 972 950 973
f 972 949 950
f 971 949 972
f 971 948 949
f 948 928 949
f 949 928 929
f 928 908 929
f 929 908 909
f 929 909 930
f 930 909 910
f 909 882 910
f 910 882 884
f 882 883 884
f 909 880 882
f 880 881 882
f 880 879 881
f 878 879 880
f 878 877 879
f 1208 879 877
f 876 877 878
f 876 875 877
f 1207 877 875
f 874 875 876
f 906 874 876
f 905 874 906
f 905 872 874
f 872 873 874
f 872 871 873
f 1205 873 871
f 1206 873 1205
f 1206 875 873
f 868 871 872
f 868 870 871
f 1204 871 870
f 1204 870 867
f 853 1204 867
f 867 868 853
f 853 868 869
f 853 869 854
f 902 854 869
f 901 854 902
f 901 856 854
f 900 856 901
f 921 900 901
f 921 901 922
f 942 921 922
f 942 922 943
f 965 942 943
f 964 942 965
f 964 941 942
f 963 941 964
f 963 940 941
f 940 920 941
f 941 920 921
f 940 919 920
f 939 919 940
f 939 918 919
f 938 918 939
f 961 938 939
f 960 938 961
f 960 937 938
f 959 937 960
f 959 936 937
f 936 916 937
f 937 916 917
f 916 896 917
f 917 896 897
f 917 897 918
f 918 897 898
f 897 862 898
f 898 862 860
f 861 860 862
f 861 862 863
f 863 862 864
f 863 864 865
f 865 1198 863
f 865 1197 1198
f 866 1197 865
f 865 852 866
f 866 852 851
f 850 851 852
f 895 850 852
f 895 852 896
f 896 852 864
f 894 850 895
f 894 848 850
f 848 849 850
f 848 847 849
f 844 847 848
f 893 844 848
f 842 844 893
f 893 892 842
f 892 1121 842
f 842 1121 1122
f 1265 1122 1121
f 1265 1121 1266
f 1266 1121 1120
f 1265 1123 1122
f 1269 1123 1265
f 1269 1124 1123
f 1268 1124 1269
f 1269 1274 1268
f 1269 1273 1274
f 1273 1279 1274
f 1274 1279 1280
f 1279 1285 1280
f 1274 1280 1275
f 1275 1280 1281
f 1275 1281 1487
f 1487 1281 1492
f 1487 1492 1488
f 1483 1487 1488
f 1483 1488 1486
f 1486 1488 1489
f 1488 1493 1489
f 1486 1297 1483
f 1483 1297 1298
f 1483 1298 1299
f 1299 1482 1483
f 1300 1482 1299
f 1299 1216 1300
f 1300 1216 1217
f 1216 1182 1217
f 1217 1182 846
f 1182 847 846
f 1217 846 845
f 843 845 846
f 843 846 844
f 843 1123 845
f 1124 1217 845
f 1300 1217 1124
f 1299 1215 1216
f 1300 1268 1482
f 1268 1275 1482
f 1298 1215 1299
f 1297 1214 1298
f 1486 1296 1297
f 1482 1487 1483
f 1482 1275 1487
f 1280 1286 1281
f 1281 1286 1287
f 1273 1278 1279
f 1268 1274 1275
f 1124 1268 1300
f 845 1123 1124
f 1265 1273 1269
f 1265 1272 1273
f 843 1122 1123
f 842 1122 843
f 892 1120 1121
f 840 1120 892
f 840 1119 1120
f 838 1119 840
f 838 1118 1119
f 1264 1119 1118
f 1264 1118 1117
f 837 1117 1118
f 957 1117 837
f 958 957 837
f 716 957 958
f 716 958 717
f 717 958 959
f 717 959 801
f 717 801 719
f 718 717 719
f 718 719 720
f 1110 718 720
f 1109 718 1110
f 1109 716 718
f 50 716 1109
f 50 1109 1237
f 1237 48 50
f 48 49 50
f 48 47 49
f 46 47 48
f 46 20 47
f 20 46 1246
f 1239 20 1246
f 1239 1246 1241
f 1241 1246 1247
f 1246 1250 1247
f 1247 1250 1251
f 1250 1237 1251
f 1251 1237 1254
f 1237 1110 1254
f 1254 1110 1111
f 1254 1111 1255
f 1255 1111 1112
f 1255 1112 1256
f 1253 1255 1256
f 1252 1255 1253
f 1249 1252 1253
f 1248 1252 1249
f 1248 1251 1252
f 1245 1248 1249
f 1243 1248 1245
f 1244 1243 1245
f 1242 1243 1244
f 1242 1241 1243
f 1240 1241 1242
f 1240 1242 1328
f 1240 1328 1327
f 1327 1328 1407
f 1327 1407 1432
f 1326 1327 1432
f 1326 1432 1457
f 1457 1432 1433
f 1457 1433 1458
f 1458 1433 1434
f 1433 1409 1434
f 1434 1409 1410
f 1434 1410 1435
f 1435 1410 1411
f 1435 1411 1436
f 1460 1435 1436
f 1460 1436 1461
f 1461 1436 1437
f 1461 1437 1462
f 1462 1437 1438
f 1437 1413 1438
f 1438 1413 1414
f 1438 1414 1439
f 1439 1414 1415
f 1439 1415 1440
f 1464 1439 1440
f 1464 1440 1465
f 1465 1440 1441
f 1465 1441 1466
f 1466 1441 1442
f 1441 1417 1442
f 1442 1417 1418
f 1442 1418 1443
f 1443 1418 1419
f 1443 1419 1444
f 1468 1443 1444
f 1468 1444 1469
f 1469 1444 1445
f 1469 1445 1470
f 1470 1445 1446
f 1445 1421 1446
f 1446 1421 1422
f 1446 1422 1447
f 1447 1422 1423
f 1447 1423 1448
f 1472 1447 1448
f 1472 1448 1473
f 1473 1448 1449
f 1473 1449 1474
f 1474 1449 1450
f 1449 1425 1450
f 1450 1425 1426
f 1450 1426 1451
f 1451 1426 1427
f 1451 1427 1452
f 1475 1450 1451
f 1474 1450 1475
f 11 1473 1474
f 11 1474 12
f 10 1473 11
f 4 10 11
f 4 11 2
f 6 10 4
f 6 1472 10
f 6 1471 1472
f 45 1471 6
f 45 1470 1471
f 44 1470 45
f 5 44 45
f 43 44 5
f 43 42 44
f 29 42 43
f 29 41 42
f 28 41 29
f 7 28 29
f 7 27 28
f 9 27 7
f 7 8 9
f 8 32 9
f 32 1464 9
f 32 1463 1464
f 31 1463 32
f 31 1462 1463
f 35 1462 31
f 30 35 31
f 30 31 8
f 30 34 35
f 13 34 30
f 13 33 34
f 33 1460 34
f 33 1459 1460
f 15 1459 33
f 15 1458 1459
f 18 1458 15
f 14 18 15
f 14 17 18
f 16 17 14
f 16 23 17
f 23 1326 17
f 23 1238 1326
f 23 22 1238
f 1238 22 1239
f 1238 1239 1240
f 16 22 23
f 21 22 16
f 21 20 22
f 19 20 21
f 17 1457 18
f 13 14 15
f 15 33 13
f 34 1461 35
f 8 31 32
f 9 1465 27
f 27 1466 28
f 28 1466 1467
f 28 1467 41
f 41 1467 1468
f 41 1468 42
f 42 1469 44
f 5 45 6
f 4 5 6
f 1448 1424 1449
f 10 1472 1473
f 1471 1447 1472
f 1471 1446 1447
f 1470 1446 1471
f 44 1469 1470
f 1444 1420 1445
f 42 1468 1469
f 1467 1443 1468
f 1467 1442 1443
f 1466 1442 1467
f 27 1465 1466
f 1440 1416 1441
f 9 1464 1465
f 1463 1439 1464
f 1463 1438 1439
f 1462 1438 1463
f 35 1461 1462
f 1436 1412 1437
f 34 1460 1461
f 1459 1435 1460
f 1459 1434 1435
f 1458 1434 1459
f 18 1457 1458
f 1432 1408 1433
f 17 1326 1457
f 1238 1327 1326
f 1238 1240 1327
f 1242 1329 1328
f 1243 1247 1248
f 1236 1245 1249
f 1236 1249 1257
f 1260 1236 1257
f 1260 1257 1261
f 1261 1257 1258
f 1261 1258 1262
f 1313 1261 1262
f 1313 1262 1314
f 1314 1262 1263
f 1262 1259 1263
f 1263 1259 1115
f 1263 1115 1116
f 1115 800 1116
f 1116 800 799
f 1116 799 1227
f 1227 799 997
f 997 799 995
f 995 1071 997
f 995 1070 1071
f 1229 1071 1070
f 1229 1070 1230
f 1230 1070 1069
f 1230 1069 1231
f 1231 1069 1068
f 991 1068 1069
f 990 1068 991
f 990 1067 1068
f 988 1067 990
f 988 990 989
f 989 990 1049
f 990 992 1049
f 1049 992 1032
f 1049 1032 1050
f 1050 1032 1033
f 1050 1033 1051
f 1051 1033 1034
f 1051 1034 1052
f 1033 1017 1034
f 1034 1017 1018
f 1034 1018 1035
f 1035 1018 1019
f 1018 1002 1019
f 1019 1002 1003
f 1002 820 1003
f 1002 819 820
f 819 783 820
f 820 783 784
f 783 759 784
f 784 759 760
f 784 760 785
f 785 760 761
f 785 761 786
f 786 761 762
f 761 745 762
f 762 745 746
f 762 746 763
f 787 762 763
f 787 763 788
f 788 763 764
f 788 764 789
f 789 764 765
f 789 765 790
f 790 765 766
f 765 749 766
f 766 749 750
f 766 750 767
f 791 766 767
f 791 767 792
f 792 767 768
f 792 768 793
f 793 768 769
f 793 769 794
f 794 769 770
f 769 753 770
f 770 753 754
f 770 754 771
f 795 770 771
f 795 771 796
f 834 795 796
f 834 796 835
f 835 1014 834
f 835 1013 1014
f 836 1013 835
f 836 663 1013
f 836 619 663
f 836 620 619
f 400 619 620
f 398 619 400
f 399 398 400
f 399 400 390
f 390 405 399
f 399 405 406
f 405 411 406
f 406 411 412
f 411 417 412
f 412 417 418
f 417 309 418
f 418 309 283
f 418 283 419
f 419 283 282
f 281 282 283
f 281 280 282
f 280 591 282
f 280 590 591
f 278 590 280
f 278 589 590
f 276 589 278
f 277 276 278
f 277 278 279
f 306 277 279
f 306 279 307
f 332 306 307
f 332 307 333
f 333 307 308
f 333 308 334
f 334 308 309
f 334 309 335
f 360 334 335
f 360 335 361
f 416 361 335
f 415 361 416
f 415 387 361
f 414 387 415
f 414 219 387
f 218 387 219
f 218 386 387
f 217 386 218
f 217 385 386
f 182 385 217
f 182 384 385
f 384 359 385
f 385 359 360
f 384 358 359
f 383 358 384
f 383 357 358
f 357 332 358
f 357 331 332
f 356 331 357
f 356 330 331
f 355 330 356
f 381 355 356
f 380 355 381
f 380 354 355
f 379 354 380
f 379 353 354
f 353 328 354
f 353 327 328
f 352 327 353
f 352 326 327
f 351 326 352
f 377 351 352
f 376 351 377
f 376 350 351
f 375 350 376
f 375 349 350
f 349 324 350
f 349 323 324
f 348 323 349
f 348 322 323
f 347 322 348
f 373 347 348
f 372 347 373
f 372 346 347
f 371 346 372
f 371 345 346
f 345 320 346
f 345 319 320
f 344 319 345
f 344 318 319
f 343 318 344
f 369 343 344
f 368 343 369
f 368 342 343
f 367 342 368
f 367 341 342
f 341 316 342
f 341 315 316
f 340 315 341
f 340 314 315
f 339 314 340
f 365 339 340
f 364 339 365
f 364 338 339
f 363 338 364
f 363 337 338
f 337 312 338
f 337 311 312
f 336 311 337
f 336 310 311
f 223 310 336
f 221 223 336
f 220 223 221
f 220 222 223
f 220 422 222
f 222 422 423
f 222 423 224
f 222 224 225
f 224 227 225
f 224 226 227
f 226 229 227
f 227 229 233
f 229 232 233
f 233 232 234
f 232 567 234
f 232 566 567
f 231 566 232
f 231 453 566
f 230 453 231
f 228 230 231
f 230 228 420
f 230 420 447
f 452 230 447
f 447 420 443
f 420 429 443
f 420 425 429
f 425 428 429
f 424 428 425
f 226 424 425
f 226 425 228
f 424 427 428
f 423 427 424
f 423 426 427
f 426 430 427
f 427 430 431
f 430 421 431
f 431 421 434
f 431 434 432
f 428 431 432
f 432 434 435
f 432 435 433
f 429 432 433
f 434 439 435
f 434 438 439
f 438 629 439
f 439 629 630
f 956 630 629
f 956 631 630
f 440 630 631
f 440 631 441
f 441 631 632
f 935 632 631
f 914 632 935
f 914 633 632
f 885 633 914
f 913 885 914
f 913 887 885
f 912 887 913
f 934 913 914
f 933 913 934
f 954 933 934
f 954 934 955
f 977 954 955
f 976 954 977
f 976 953 954
f 975 953 976
f 689 975 976
f 691 975 689
f 691 974 975
f 693 974 691
f 691 692 693
f 693 692 694
f 731 694 692
f 731 692 732
f 748 731 732
f 748 732 749
f 749 732 733
f 732 690 733
f 733 690 688
f 733 688 734
f 750 733 734
f 750 734 751
f 751 734 735
f 734 686 735
f 735 686 684
f 735 684 736
f 752 735 736
f 752 736 753
f 753 736 737
f 736 682 737
f 737 682 680
f 737 680 738
f 754 737 738
f 754 738 755
f 738 624 755
f 755 624 623
f 395 623 624
f 393 623 395
f 394 393 395
f 394 395 389
f 389 395 396
f 389 396 388
f 396 625 388
f 388 625 626
f 680 626 625
f 627 626 680
f 215 626 627
f 215 627 437
f 437 627 628
f 681 628 627
f 681 979 628
f 683 979 681
f 683 978 979
f 685 978 683
f 683 684 685
f 683 682 684
f 685 977 978
f 687 977 685
f 685 686 687
f 687 686 688
f 687 688 689
f 978 956 979
f 978 955 956
f 955 935 956
f 681 682 683
f 979 629 628
f 437 628 438
f 421 437 438
f 215 437 421
f 421 213 215
f 213 214 215
f 213 212 214
f 214 212 389
f 389 212 402
f 212 216 402
f 212 204 216
f 216 204 210
f 216 210 408
f 408 210 414
f 408 414 409
f 403 408 409
f 403 409 404
f 404 409 410
f 409 415 410
f 404 410 405
f 392 403 404
f 392 404 390
f 390 391 392
f 390 401 391
f 401 621 391
f 391 621 622
f 391 622 393
f 772 622 621
f 797 772 621
f 797 621 620
f 796 772 797
f 772 623 622
f 401 620 621
f 392 391 393
f 394 403 392
f 394 402 403
f 402 408 403
f 204 209 210
f 209 219 210
f 212 205 204
f 211 205 212
f 205 211 426
f 422 205 426
f 207 205 422
f 206 205 207
f 206 207 192
f 192 207 208
f 192 208 193
f 191 192 193
f 193 197 191
f 193 362 197
f 197 362 363
f 197 363 198
f 193 221 362
f 191 197 198
f 191 198 199
f 199 198 200
f 199 200 201
f 201 200 202
f 200 365 202
f 202 365 366
f 202 366 203
f 203 366 367
f 203 367 189
f 188 203 189
f 188 189 177
f 177 189 190
f 177 190 178
f 177 178 172
f 172 178 179
f 178 370 179
f 179 370 371
f 179 371 173
f 178 369 370
f 172 179 173
f 171 172 173
f 173 183 171
f 171 183 184
f 171 184 185
f 185 184 186
f 185 186 169
f 169 186 187
f 186 375 187
f 186 374 375
f 169 187 170
f 168 169 170
f 170 174 168
f 170 377 174
f 174 377 378
f 174 378 175
f 175 378 379
f 175 379 176
f 166 175 176
f 166 176 167
f 165 166 167
f 167 194 165
f 167 381 194
f 194 381 382
f 194 382 195
f 195 382 383
f 195 383 196
f 181 195 196
f 165 195 181
f 181 196 182
f 180 181 182
f 165 194 195
f 176 380 167
f 168 175 166
f 168 174 175
f 187 376 170
f 184 374 186
f 184 373 374
f 183 373 184
f 173 372 183
f 190 369 178
f 189 368 190
f 188 202 203
f 201 202 188
f 198 364 200
f 208 221 193
f 208 207 220
f 204 205 206
f 402 216 408
f 211 212 213
f 211 213 430
f 215 214 388
f 627 680 681
f 388 626 215
f 396 624 625
f 388 214 389
f 389 402 394
f 392 393 394
f 393 622 623
f 395 624 396
f 755 623 772
f 771 755 772
f 738 625 624
f 680 625 738
f 681 680 682
f 736 684 682
f 685 684 686
f 751 735 752
f 768 751 752
f 734 688 686
f 689 688 690
f 747 731 748
f 747 730 731
f 746 730 747
f 746 729 730
f 729 696 730
f 730 696 694
f 695 694 696
f 695 696 697
f 697 696 698
f 697 698 699
f 699 971 697
f 699 970 971
f 701 970 699
f 699 700 701
f 701 700 702
f 727 702 700
f 727 700 728
f 744 727 728
f 744 728 745
f 745 728 729
f 728 698 729
f 743 727 744
f 743 726 727
f 742 726 743
f 742 725 726
f 741 725 742
f 758 741 742
f 758 742 759
f 757 741 758
f 782 757 758
f 781 757 782
f 781 756 757
f 780 756 781
f 780 673 756
f 671 673 780
f 816 671 780
f 815 671 816
f 814 671 815
f 998 814 815
f 998 815 999
f 1015 998 999
f 1015 999 1016
f 1032 1015 1016
f 1016 999 1000
f 1016 1000 1017
f 1017 1000 1001
f 1000 818 1001
f 1001 818 819
f 818 782 819
f 1000 817 818
f 817 781 818
f 999 817 1000
f 999 816 817
f 994 998 1015
f 992 994 1015
f 991 994 992
f 991 993 994
f 993 996 994
f 993 995 996
f 995 798 996
f 996 798 807
f 798 806 807
f 773 806 798
f 798 799 773
f 773 805 806
f 805 812 806
f 806 812 813
f 812 672 813
f 813 672 671
f 812 674 672
f 672 674 675
f 672 675 673
f 673 675 739
f 675 722 739
f 739 722 723
f 722 710 723
f 723 710 708
f 723 708 724
f 740 723 724
f 740 724 741
f 724 708 706
f 707 706 708
f 707 708 709
f 709 966 707
f 707 966 967
f 707 967 705
f 705 967 968
f 967 945 968
f 968 945 946
f 968 946 969
f 969 946 947
f 946 926 947
f 947 926 927
f 947 927 948
f 970 947 948
f 926 906 927
f 927 906 907
f 927 907 928
f 946 925 926
f 925 905 926
f 925 904 905
f 924 904 925
f 945 924 925
f 944 924 945
f 944 923 924
f 943 923 944
f 966 943 944
f 923 903 924
f 923 902 903
f 922 902 923
f 924 903 904
f 903 868 904
f 969 947 970
f 703 968 969
f 703 969 701
f 945 925 946
f 967 944 945
f 705 968 703
f 703 704 705
f 703 702 704
f 726 704 702
f 705 704 706
f 725 706 704
f 966 944 967
f 709 965 966
f 711 965 709
f 709 710 711
f 711 710 712
f 711 712 713
f 713 712 679
f 713 679 714
f 714 963 713
f 714 962 963
f 715 962 714
f 715 961 962
f 808 961 715
f 808 715 809
f 802 808 809
f 801 808 802
f 801 960 808
f 802 809 803
f 721 802 803
f 721 803 777
f 777 803 804
f 803 810 804
f 804 810 811
f 810 676 811
f 811 676 674
f 674 676 677
f 676 679 677
f 676 678 679
f 810 678 676
f 809 678 810
f 804 811 805
f 775 804 805
f 777 804 775
f 775 776 777
f 777 776 778
f 1113 778 776
f 1113 776 1114
f 1114 776 774
f 1114 774 1115
f 1256 1113 1114
f 1259 1256 1114
f 1258 1256 1259
f 1112 778 1113
f 1112 779 778
f 721 778 779
f 721 779 720
f 1111 720 779
f 775 774 776
f 773 774 775
f 773 800 774
f 777 778 721
f 719 802 721
f 803 809 810
f 809 715 678
f 714 678 715
f 714 679 678
f 677 679 712
f 677 712 722
f 713 964 711
f 705 706 707
f 724 706 725
f 709 708 710
f 722 712 710
f 739 723 740
f 756 739 740
f 675 677 722
f 674 677 675
f 811 674 812
f 805 811 812
f 775 805 773
f 806 813 807
f 807 813 814
f 996 807 998
f 994 996 998
f 807 814 998
f 813 671 814
f 815 816 999
f 816 780 817
f 671 672 673
f 673 739 756
f 817 780 781
f 756 740 757
f 818 781 782
f 782 758 783
f 757 740 741
f 741 724 725
f 725 704 726
f 759 742 743
f 760 743 744
f 728 700 698
f 726 702 727
f 701 702 703
f 701 969 970
f 699 698 700
f 697 972 695
f 729 698 696
f 764 747 748
f 732 692 690
f 730 694 731
f 693 694 695
f 695 973 693
f 691 690 692
f 693 973 974
f 974 952 975
f 689 690 691
f 689 976 687
f 687 976 977
f 977 955 978
f 955 934 935
f 934 914 935
f 441 632 442
f 436 440 441
f 435 440 436
f 935 631 956
f 979 956 629
f 439 630 440
f 438 628 629
f 435 439 440
f 421 438 434
f 430 213 421
f 426 211 430
f 427 431 428
f 428 432 429
f 228 425 420
f 228 231 229
f 233 234 235
f 235 234 236
f 234 568 236
f 235 236 237
f 285 235 237
f 285 237 286
f 286 237 239
f 286 239 287
f 312 286 287
f 312 287 313
f 313 287 288
f 313 288 314
f 314 288 289
f 288 243 289
f 289 243 245
f 289 245 290
f 290 245 247
f 290 247 291
f 316 290 291
f 316 291 317
f 317 291 292
f 317 292 318
f 318 292 293
f 292 251 293
f 293 251 253
f 293 253 294
f 294 253 255
f 294 255 295
f 320 294 295
f 320 295 321
f 321 295 296
f 321 296 322
f 322 296 297
f 296 259 297
f 297 259 261
f 297 261 298
f 298 261 263
f 298 263 299
f 324 298 299
f 324 299 325
f 325 299 300
f 325 300 326
f 326 300 301
f 300 267 301
f 301 267 269
f 301 269 302
f 302 269 271
f 302 271 303
f 328 302 303
f 328 303 329
f 329 303 304
f 329 304 330
f 330 304 305
f 304 275 305
f 305 275 277
f 304 273 275
f 273 274 275
f 275 274 276
f 274 588 276
f 273 272 274
f 272 587 274
f 272 586 587
f 270 586 272
f 270 585 586
f 268 585 270
f 269 268 270
f 271 270 272
f 271 272 273
f 303 273 304
f 303 271 273
f 269 270 271
f 327 301 302
f 267 268 269
f 267 266 268
f 265 266 267
f 265 264 266
f 264 583 266
f 264 582 583
f 262 582 264
f 262 581 582
f 260 581 262
f 261 260 262
f 263 262 264
f 263 264 265
f 266 584 268
f 300 265 267
f 299 265 300
f 299 263 265
f 261 262 263
f 323 297 298
f 259 260 261
f 259 258 260
f 257 258 259
f 257 256 258
f 256 579 258
f 256 578 579
f 254 578 256
f 254 577 578
f 252 577 254
f 253 252 254
f 255 254 256
f 255 256 257
f 258 580 260
f 296 257 259
f 295 257 296
f 295 255 257
f 253 254 255
f 319 293 294
f 251 252 253
f 251 250 252
f 249 250 251
f 249 248 250
f 248 575 250
f 248 574 575
f 246 574 248
f 246 573 574
f 244 573 246
f 245 244 246
f 247 246 248
f 247 248 249
f 250 576 252
f 292 249 251
f 291 249 292
f 291 247 249
f 245 246 247
f 315 289 290
f 243 244 245
f 243 242 244
f 241 242 243
f 241 240 242
f 240 571 242
f 240 570 571
f 238 570 240
f 238 569 570
f 236 569 238
f 239 238 240
f 239 240 241
f 242 572 244
f 288 241 243
f 287 241 288
f 287 239 241
f 237 238 239
f 311 285 286
f 284 235 285
f 310 284 285
f 225 284 310
f 237 236 238
f 284 233 235
f 229 231 232
f 227 233 284
f 226 228 229
f 224 424 226
f 225 227 284
f 224 423 424
f 422 426 423
f 220 207 422
f 222 225 223
f 208 220 221
f 221 336 362
f 223 225 310
f 310 285 311
f 362 336 337
f 311 286 312
f 338 312 313
f 362 337 363
f 198 363 364
f 338 313 339
f 200 364 365
f 365 340 366
f 339 313 314
f 314 289 315
f 366 340 341
f 315 290 316
f 342 316 317
f 366 341 367
f 189 367 368
f 342 317 343
f 190 368 369
f 369 344 370
f 343 317 318
f 318 293 319
f 370 344 345
f 319 294 320
f 346 320 321
f 370 345 371
f 173 371 372
f 346 321 347
f 183 372 373
f 373 348 374
f 347 321 322
f 322 297 323
f 374 348 349
f 323 298 324
f 350 324 325
f 374 349 375
f 187 375 376
f 350 325 351
f 170 376 377
f 377 352 378
f 351 325 326
f 326 301 327
f 378 352 353
f 327 302 328
f 354 328 329
f 378 353 379
f 176 379 380
f 354 329 355
f 167 380 381
f 381 356 382
f 355 329 330
f 330 305 331
f 331 305 306
f 382 356 357
f 382 357 383
f 196 383 384
f 358 333 359
f 196 384 182
f 182 217 180
f 385 360 386
f 180 217 218
f 180 218 209
f 209 218 219
f 210 219 414
f 409 414 415
f 386 361 387
f 410 415 416
f 410 416 411
f 416 335 417
f 386 360 361
f 359 334 360
f 359 333 334
f 307 281 308
f 358 332 333
f 331 306 332
f 307 279 281
f 305 277 306
f 275 276 277
f 279 278 280
f 590 565 591
f 614 282 591
f 614 591 615
f 279 280 281
f 308 281 283
f 419 282 614
f 609 419 614
f 413 419 609
f 604 413 609
f 604 609 605
f 407 413 604
f 593 407 604
f 397 407 593
f 592 397 593
f 592 593 594
f 664 592 594
f 663 592 664
f 663 398 592
f 664 594 665
f 665 594 602
f 665 602 666
f 666 602 601
f 595 602 594
f 1031 664 665
f 1013 664 1031
f 1030 1013 1031
f 1047 1030 1031
f 1046 1030 1047
f 1046 1029 1030
f 1029 1014 1030
f 1029 1012 1014
f 1028 1012 1029
f 1045 1028 1029
f 1028 1011 1012
f 1027 1011 1028
f 1027 1010 1011
f 1026 1010 1027
f 1043 1026 1027
f 1042 1026 1043
f 1042 1025 1026
f 1025 1009 1026
f 1025 1008 1009
f 1008 828 1009
f 1009 828 829
f 828 791 829
f 828 790 791
f 827 790 828
f 1009 829 1010
f 1010 829 830
f 829 792 830
f 1008 827 828
f 1007 827 1008
f 1007 826 827
f 826 789 827
f 1006 826 1007
f 1023 1006 1007
f 1023 1007 1024
f 1040 1023 1024
f 1022 1006 1023
f 1039 1022 1023
f 1038 1022 1039
f 1038 1021 1022
f 1021 1005 1022
f 1021 1004 1005
f 1004 822 1005
f 1005 822 823
f 823 824 1005
f 1005 824 825
f 824 787 825
f 824 786 787
f 1005 825 1006
f 823 786 824
f 822 786 823
f 1004 821 822
f 821 785 822
f 1003 821 1004
f 1020 1003 1004
f 1020 1004 1021
f 1037 1020 1021
f 1022 1005 1006
f 1006 825 826
f 825 788 826
f 1024 1007 1008
f 1024 1008 1025
f 1041 1024 1025
f 1026 1009 1010
f 1010 830 1011
f 1011 830 831
f 830 793 831
f 1044 1027 1028
f 1011 831 1012
f 1012 831 832
f 831 794 832
f 832 794 833
f 833 794 795
f 833 1012 832
f 834 1012 833
f 1031 665 1048
f 594 593 595
f 398 397 592
f 397 406 407
f 593 604 595
f 407 412 413
f 609 614 610
f 413 418 419
f 308 283 309
f 417 335 309
f 412 418 413
f 411 416 417
f 406 412 407
f 405 410 411
f 399 406 397
f 390 404 405
f 390 400 401
f 397 398 399
f 400 620 401
f 836 797 620
f 619 398 663
f 1013 663 664
f 835 797 836
f 1030 1014 1013
f 834 1014 1012
f 835 796 797
f 833 795 834
f 796 771 772
f 771 754 755
f 753 737 754
f 769 752 753
f 794 770 795
f 831 793 794
f 768 752 769
f 830 792 793
f 767 751 768
f 829 791 792
f 767 750 751
f 749 733 750
f 765 748 749
f 790 766 791
f 827 789 790
f 764 748 765
f 826 788 789
f 763 747 764
f 825 787 788
f 763 746 747
f 745 729 746
f 761 744 745
f 786 762 787
f 822 785 786
f 760 744 761
f 821 784 785
f 759 743 760
f 783 758 759
f 820 784 821
f 819 782 783
f 1001 819 1002
f 1003 820 821
f 1019 1003 1020
f 1036 1019 1020
f 1018 1001 1002
f 1017 1001 1018
f 1033 1016 1017
f 1073 1050 1051
f 1073 1051 1074
f 1072 1050 1073
f 1091 1072 1073
f 1090 1072 1091
f 1090 1091 1142
f 1142 1091 1163
f 1142 1163 1144
f 1144 1163 1164
f 1163 1146 1164
f 1091 1092 1163
f 1141 1090 1142
f 987 1090 1141
f 987 989 1090
f 1294 987 1141
f 1294 1141 1295
f 109 987 1294
f 109 988 987
f 1141 1142 1143
f 1090 989 1072
f 1091 1073 1092
f 1032 1016 1033
f 1072 1049 1050
f 992 1015 1032
f 989 1049 1072
f 987 988 989
f 1233 1067 988
f 1232 1068 1067
f 990 991 992
f 991 1069 993
f 993 1069 1070
f 1320 1229 1230
f 1320 1310 1229
f 1228 1229 1310
f 1310 1227 1228
f 1310 1315 1227
f 1317 1315 1310
f 1319 1317 1310
f 1318 1317 1319
f 1318 1316 1317
f 1316 1314 1317
f 1317 1314 1315
f 1319 1310 1320
f 1322 1319 1320
f 1323 1320 1230
f 1228 1071 1229
f 993 1070 995
f 1228 997 1071
f 995 799 798
f 1227 997 1228
f 1315 1116 1227
f 773 799 800
f 1115 774 800
f 1315 1263 1116
f 1259 1114 1115
f 1314 1263 1315
f 1316 1313 1314
f 1309 1313 1316
f 1307 1309 1316
f 1306 1309 1307
f 1306 1308 1309
f 1308 1306 1509
f 1308 1509 1508
f 1311 1308 1508
f 1311 1508 1507
f 1507 1508 1587
f 1507 1587 1612
f 1612 1587 1588
f 1587 1563 1588
f 1588 1563 1564
f 1588 1564 1589
f 1589 1564 1565
f 1589 1565 1590
f 1614 1589 1590
f 1614 1590 1615
f 1615 1590 1591
f 1615 1591 1616
f 1616 1591 1592
f 1591 1567 1592
f 1592 1567 1568
f 1592 1568 1593
f 1593 1568 1569
f 1593 1569 1594
f 1618 1593 1594
f 1618 1594 1619
f 1619 1594 1595
f 1619 1595 1620
f 1620 1595 1596
f 1595 1571 1596
f 1596 1571 1572
f 1596 1572 1597
f 1597 1572 1573
f 1597 1573 1598
f 1622 1597 1598
f 1622 1598 1623
f 1623 1598 1599
f 1623 1599 1624
f 1624 1599 1600
f 1599 1575 1600
f 1600 1575 1576
f 1600 1576 1601
f 1601 1576 1577
f 1601 1577 1602
f 1626 1601 1602
f 1626 1602 1627
f 1627 1602 1603
f 1627 1603 1628
f 1628 1603 1604
f 1603 1579 1604
f 1604 1579 1580
f 1604 1580 1605
f 1605 1580 1581
f 1605 1581 1606
f 1630 1605 1606
f 1630 1606 1631
f 1631 1606 1607
f 1631 1607 1632
f 1632 1607 1608
f 1607 1583 1608
f 1608 1583 1584
f 1608 1584 1609
f 1609 1584 1585
f 1609 1585 1610
f 1634 1609 1610
f 1634 1610 1635
f 1635 1610 1611
f 1635 1611 1636
f 1636 1611 1503
f 1610 1586 1611
f 1611 1586 1504
f 1633 1608 1609
f 1606 1582 1607
f 1629 1604 1605
f 1602 1578 1603
f 1625 1600 1601
f 1598 1574 1599
f 1621 1596 1597
f 1594 1570 1595
f 1617 1592 1593
f 1590 1566 1591
f 1613 1588 1589
f 1508 1562 1587
f 1234 1311 1507
f 1234 1507 1331
f 1311 1234 1260
f 1311 1260 1312
f 1308 1311 1312
f 1308 1312 1309
f 1309 1312 1313
f 1312 1261 1313
f 1262 1258 1259
f 1257 1253 1258
f 1312 1260 1261
f 1234 1236 1260
f 1234 1235 1236
f 1235 1245 1236
f 1257 1249 1253
f 1258 1253 1256
f 1256 1112 1113
f 1111 779 1112
f 1252 1254 1255
f 1251 1254 1252
f 1247 1251 1248
f 1241 1247 1243
f 1240 1239 1241
f 22 20 1239
f 1246 46 1250
f 47 20 19
f 46 48 1250
f 50 49 1117
f 1250 48 1237
f 1237 1109 1110
f 1110 720 1111
f 720 719 721
f 719 801 802
f 716 717 718
f 716 50 957
f 837 839 958
f 837 838 839
f 838 841 839
f 839 841 915
f 839 915 936
f 841 894 915
f 841 893 894
f 840 893 841
f 958 839 936
f 957 50 1117
f 1117 49 1264
f 837 1118 838
f 838 840 841
f 1267 1120 1119
f 840 892 893
f 842 843 844
f 844 846 847
f 1221 849 847
f 1221 1197 849
f 1197 851 849
f 893 848 894
f 915 894 895
f 915 895 916
f 850 849 851
f 866 851 1197
f 865 864 852
f 863 1199 861
f 859 860 861
f 859 858 860
f 857 858 859
f 857 856 858
f 855 856 857
f 857 1202 855
f 857 1201 1202
f 859 1201 857
f 899 860 858
f 899 858 900
f 920 899 900
f 861 1200 859
f 898 860 899
f 919 898 899
f 897 864 862
f 896 864 897
f 916 895 896
f 936 915 916
f 958 936 959
f 801 959 960
f 937 917 938
f 808 960 961
f 961 939 962
f 938 917 918
f 918 898 919
f 962 939 940
f 919 899 920
f 962 940 963
f 713 963 964
f 711 964 965
f 965 943 966
f 943 922 923
f 941 921 942
f 920 900 921
f 900 858 856
f 855 854 856
f 922 901 902
f 902 869 903
f 853 854 855
f 855 1203 853
f 903 869 868
f 867 870 868
f 904 868 872
f 904 872 905
f 926 905 906
f 906 876 907
f 874 873 875
f 907 876 878
f 907 878 908
f 908 878 880
f 908 880 909
f 928 907 908
f 948 927 928
f 970 948 971
f 697 971 972
f 949 929 950
f 695 972 973
f 973 951 974
f 950 929 930
f 930 910 931
f 931 910 911
f 974 951 952
f 975 952 953
f 953 933 954
f 933 912 913
f 931 911 932
f 912 889 887
f 910 884 911
f 888 887 889
f 886 887 888
f 890 884 891
f 891 884 883
f 882 881 883
f 1209 881 879
f 1209 879 1208
f 1193 1177 1194
f 1194 1177 1178
f 1193 1176 1177
f 1176 1158 1177
f 1177 1158 1159
f 1176 1157 1158
f 1175 1157 1176
f 1175 1156 1157
f 1156 1137 1157
f 1157 1137 1138
f 1157 1138 1158
f 1208 877 1207
f 1192 1176 1193
f 1207 875 1206
f 1192 1175 1176
f 1174 1156 1175
f 1174 1155 1156
f 1155 1136 1156
f 1155 1135 1136
f 1154 1135 1155
f 1173 1154 1155
f 1172 1154 1173
f 1189 1172 1173
f 1172 1153 1154
f 1171 1153 1172
f 1171 1152 1153
f 1152 1133 1153
f 1153 1133 1134
f 1153 1134 1154
f 1173 1155 1174
f 1190 1173 1174
f 1205 1191 1206
f 1205 871 1204
f 1189 1173 1190
f 853 1203 1204
f 1188 1172 1189
f 855 1202 1203
f 1188 1171 1172
f 1170 1152 1171
f 1170 1151 1152
f 1151 1132 1152
f 1151 1131 1132
f 1150 1131 1151
f 1169 1150 1151
f 1168 1150 1169
f 1185 1168 1169
f 1169 1151 1170
f 1186 1169 1170
f 1201 1187 1202
f 859 1200 1201
f 1185 1169 1186
f 861 1199 1200
f 863 1198 1199
f 1197 1183 1198
f 1220 1183 1197
f 1184 1168 1185
f 1168 1149 1150
f 1149 1126 1150
f 1218 1167 1219
f 1127 1126 1149
f 1095 1076 1077
f 1076 1054 1077
f 1096 1126 1127
f 1150 1126 1131
f 1131 1098 1132
f 1152 1132 1133
f 1099 1080 1081
f 1080 1058 1081
f 1133 1100 1134
f 1154 1134 1135
f 1135 1102 1136
f 1156 1136 1137
f 1103 1084 1085
f 1084 1062 1085
f 1137 1104 1138
f 1158 1138 1139
f 1158 1139 1159
f 1140 1222 1160
f 1177 1159 1178
f 1160 1223 1179
f 1194 1178 1195
f 1210 1195 1196
f 1179 1223 1224
f 1224 1212 1225
f 1210 1196 1211
f 1211 1226 888
f 1225 1212 1213
f 1213 982 1125
f 888 1226 886
f 1125 980 635
f 650 635 980
f 886 885 887
f 885 634 633
f 442 632 633
f 436 441 442
f 433 435 436
f 443 429 433
f 447 443 448
f 646 447 448
f 449 444 445
f 646 448 647
f 648 449 450
f 450 446 451
f 451 635 650
f 652 649 645
f 650 980 643
f 643 981 644
f 655 644 656
f 654 652 645
f 657 654 658
f 659 655 656
f 662 659 639
f 661 657 658
f 161 661 152
f 153 662 639
f 154 153 158
f 155 152 149
f 154 613 150
f 146 147 143
f 143 147 148
f 486 148 147
f 485 148 486
f 485 144 148
f 143 148 144
f 143 144 140
f 140 144 145
f 484 145 144
f 140 145 141
f 140 141 122
f 122 141 142
f 482 142 141
f 482 141 483
f 481 142 482
f 481 123 142
f 122 142 123
f 122 123 114
f 114 123 124
f 480 124 123
f 114 124 115
f 479 115 124
f 478 115 479
f 478 137 115
f 115 137 113
f 113 137 138
f 477 138 137
f 113 138 132
f 132 138 139
f 132 139 133
f 475 133 139
f 474 133 475
f 474 135 133
f 473 135 474
f 473 136 135
f 111 135 136
f 111 136 112
f 110 111 112
f 112 119 110
f 471 119 112
f 470 119 471
f 470 120 119
f 469 120 470
f 469 121 120
f 117 120 121
f 117 121 118
f 116 117 118
f 110 120 117
f 110 119 120
f 472 112 136
f 134 135 111
f 134 133 135
f 132 133 134
f 476 139 138
f 477 137 478
f 113 114 115
f 483 141 145
f 486 147 487
f 150 618 151
f 617 513 618
f 617 539 513
f 512 486 487
f 511 486 512
f 511 485 486
f 484 144 485
f 535 509 510
f 483 145 484
f 508 482 483
f 507 482 508
f 507 481 482
f 480 123 481
f 531 505 506
f 479 124 480
f 504 478 479
f 503 478 504
f 503 477 478
f 476 138 477
f 527 501 502
f 475 139 476
f 500 474 475
f 499 474 500
f 499 473 474
f 472 136 473
f 523 497 498
f 471 112 472
f 496 470 471
f 495 470 496
f 495 469 470
f 468 121 469
f 519 493 494
f 492 467 493
f 518 492 493
f 517 492 518
f 517 491 492
f 516 491 517
f 516 490 491
f 490 465 491
f 490 464 465
f 489 464 490
f 489 463 464
f 488 463 489
f 514 488 489
f 457 488 514
f 515 489 490
f 464 128 465
f 491 465 466
f 491 466 492
f 468 118 121
f 492 466 467
f 465 126 466
f 118 125 116
f 465 128 126
f 464 130 128
f 463 130 464
f 488 462 463
f 131 162 163
f 461 164 163
f 459 462 488
f 458 460 461
f 458 456 641
f 457 459 488
f 456 642 641
f 642 646 647
f 452 447 646
f 454 457 455
f 230 452 453
f 453 540 566
f 455 457 514
f 514 489 515
f 566 540 541
f 515 490 516
f 542 516 517
f 566 541 567
f 234 567 568
f 542 517 543
f 236 568 569
f 569 544 570
f 543 517 518
f 518 493 519
f 570 544 545
f 519 494 520
f 546 520 521
f 570 545 571
f 242 571 572
f 546 521 547
f 244 572 573
f 573 548 574
f 547 521 522
f 522 497 523
f 574 548 549
f 523 498 524
f 550 524 525
f 574 549 575
f 250 575 576
f 550 525 551
f 252 576 577
f 577 552 578
f 551 525 526
f 526 501 527
f 578 552 553
f 527 502 528
f 554 528 529
f 578 553 579
f 258 579 580
f 554 529 555
f 260 580 581
f 581 556 582
f 555 529 530
f 530 505 531
f 582 556 557
f 531 506 532
f 558 532 533
f 582 557 583
f 266 583 584
f 558 533 559
f 268 584 585
f 585 560 586
f 559 533 534
f 534 509 535
f 586 560 561
f 535 510 536
f 562 536 537
f 586 561 587
f 274 587 588
f 562 537 563
f 276 588 589
f 589 564 590
f 563 537 538
f 538 513 539
f 590 564 565
f 616 539 617
f 615 591 565
f 611 616 612
f 610 614 615
f 606 611 607
f 605 609 610
f 595 604 605
f 595 601 602
f 600 606 598
f 596 597 598
f 668 597 669
f 667 601 599
f 1089 1066 668
f 666 601 667
f 1048 665 666
f 1088 1065 1066
f 1047 1031 1048
f 1087 1065 1088
f 1105 1086 1087
f 1085 1063 1086
f 1064 1046 1047
f 1045 1029 1046
f 1085 1062 1063
f 1044 1028 1045
f 1084 1061 1062
f 1043 1027 1044
f 1083 1061 1084
f 1101 1082 1083
f 1081 1059 1082
f 1060 1042 1043
f 1041 1025 1042
f 1081 1058 1059
f 1040 1024 1041
f 1080 1057 1058
f 1039 1023 1040
f 1079 1057 1080
f 1097 1078 1079
f 1077 1055 1078
f 1056 1038 1039
f 1037 1021 1038
f 1077 1054 1055
f 1036 1020 1037
f 1076 1053 1054
f 1035 1019 1036
f 1052 1034 1035
f 1075 1053 1076
f 1074 1051 1052
f 1093 1075 1094
f 1092 1073 1074
f 1163 1092 1146
f 1093 1094 1129
f 1164 1146 1147
f 1164 1147 1165
f 1129 1128 1130
f 1165 1147 1148
f 1130 1218 1219
f 1219 1183 1220
f 1220 1197 1221
f 1182 1221 847
f 1216 1181 1182
f 1165 1148 1166
f 1180 1164 1165
f 1215 1181 1216
f 1298 1214 1215
f 1144 1164 1180
f 1297 1145 1214
f 1143 1142 1144
f 1296 1145 1297
f 1295 1141 1143
f 1485 1296 1486
f 1484 1294 1295
f 1486 1489 1485
f 1495 1500 1496
f 1484 1490 1491
f 1484 109 1294
f 107 106 108
f 1233 988 109
f 106 1303 108
f 1232 1067 1233
f 1231 1068 1232
f 1323 1230 1231
f 106 1325 1303
f 1322 1320 1323
f 105 1324 1325
f 1321 1319 1322
f 104 1302 1324
f 1321 1318 1319
f 1307 1316 1318
f 1304 1306 1307
f 1301 1305 1302
f 1301 100 1511
f 1306 1304 1510
f 1511 99 1512
f 1537 1512 1513
f 1306 1510 1509
f 1508 1509 1562
f 1537 1513 1538
f 1587 1562 1563
f 1563 1539 1564
f 1538 1513 1514
f 1514 61 1515
f 1564 1539 1540
f 1515 59 1516
f 1541 1516 1517
f 1564 1540 1565
f 1590 1565 1566
f 1541 1517 1542
f 1591 1566 1567
f 1567 1543 1568
f 1542 1517 1518
f 1518 70 1519
f 1568 1543 1544
f 1519 69 1520
f 1545 1520 1521
f 1568 1544 1569
f 1594 1569 1570
f 1545 1521 1546
f 1595 1570 1571
f 1571 1547 1572
f 1546 1521 1522
f 1522 85 1523
f 1572 1547 1548
f 1523 84 1524
f 1549 1524 1525
f 1572 1548 1573
f 1598 1573 1574
f 1549 1525 1550
f 1599 1574 1575
f 1575 1551 1576
f 1550 1525 1526
f 1526 73 1527
f 1576 1551 1552
f 1527 72 1528
f 1553 1528 1529
f 1576 1552 1577
f 1602 1577 1578
f 1553 1529 1554
f 1603 1578 1579
f 1579 1555 1580
f 1554 1529 1530
f 1530 78 1531
f 1580 1555 1556
f 1531 80 1532
f 1557 1532 1533
f 1580 1556 1581
f 1606 1581 1582
f 1557 1533 1558
f 1607 1582 1583
f 1583 1559 1584
f 1558 1533 1534
f 1534 89 1535
f 1584 1559 1560
f 1535 91 1536
f 1584 1560 1585
f 1610 1585 1586
f 1561 1536 1506
f 1501 1506 97
f 1496 1500 1501
f 1586 1505 1504
f 1495 1499 1500
f 1611 1504 1503
f 1498 1502 1503
f 1494 1499 1495
f 1489 1493 1494
f 1488 1492 1493
f 1281 1287 1492
f 1287 1292 1293
f 1497 1502 1498
f 1381 1380 1293
f 1636 1503 1502
f 1378 1635 1636
f 1376 1635 1378
f 1376 1634 1635
f 1633 1609 1634
f 1373 1372 1374
f 1632 1608 1633
f 1370 1631 1632
f 1368 1631 1370
f 1368 1630 1631
f 1629 1605 1630
f 1365 1364 1366
f 1628 1604 1629
f 1362 1627 1628
f 1360 1627 1362
f 1360 1626 1627
f 1625 1601 1626
f 1357 1356 1358
f 1624 1600 1625
f 1354 1623 1624
f 1352 1623 1354
f 1352 1622 1623
f 1621 1597 1622
f 1349 1348 1350
f 1620 1596 1621
f 1346 1619 1620
f 1344 1619 1346
f 1344 1618 1619
f 1617 1593 1618
f 1341 1340 1342
f 1616 1592 1617
f 1338 1615 1616
f 1336 1615 1338
f 1336 1614 1615
f 1613 1589 1614
f 1333 1332 1334
f 1612 1588 1613
f 1331 1507 1612
f 1235 1234 1331
f 1244 1245 1235
f 1242 1244 1329
f 1330 1332 1333
f 1328 1329 1382
f 1333 1334 1335
f 1383 1335 1337
f 1328 1382 1407
f 1432 1407 1408
f 1383 1337 1384
f 1433 1408 1409
f 1409 1385 1410
f 1384 1337 1339
f 1339 1340 1341
f 1410 1385 1386
f 1341 1342 1343
f 1387 1343 1345
f 1410 1386 1411
f 1436 1411 1412
f 1387 1345 1388
f 1437 1412 1413
f 1413 1389 1414
f 1388 1345 1347
f 1347 1348 1349
f 1414 1389 1390
f 1349 1350 1351
f 1391 1351 1353
f 1414 1390 1415
f 1440 1415 1416
f 1391 1353 1392
f 1441 1416 1417
f 1417 1393 1418
f 1392 1353 1355
f 1355 1356 1357
f 1418 1393 1394
f 1357 1358 1359
f 1395 1359 1361
f 1418 1394 1419
f 1444 1419 1420
f 1395 1361 1396
f 1445 1420 1421
f 1421 1397 1422
f 1396 1361 1363
f 1363 1364 1365
f 1422 1397 1398
f 1365 1366 1367
f 1399 1367 1369
f 1422 1398 1423
f 1448 1423 1424
f 1399 1369 1400
f 1449 1424 1425
f 1425 1401 1426
f 1400 1369 1371
f 1371 1372 1373
f 1426 1401 1402
f 1373 1374 1375
f 1403 1375 1377
f 1426 1402 1427
f 1452 1427 1428
f 1403 1377 1404
f 1404 1377 1379
f 1379 1380 1381
f 1430 1405 1406
f 1381 1293 1292
f 1431 1406 1291
f 1286 1292 1287
f 1280 1285 1286
f 1431 1291 1290
f 1279 1284 1285
f 1278 1284 1279
f 1277 1282 1283
f 1276 1282 1277
f 1272 1278 1273
f 1271 1276 1277
f 1266 1272 1265
f 1266 1120 1267
f 1267 1119 1264
f 49 47 1264
f 1270 1276 1271
f 47 19 51
f 1276 37 1282
f 1282 1288 1283
f 36 53 54
f 24 53 36
f 24 52 53
f 26 52 24
f 26 1480 52
f 26 1479 1480
f 40 1479 26
f 25 40 26
f 25 39 40
f 39 1478 40
f 1 39 25
f 1 38 39
f 40 1478 1479
f 24 25 26
f 52 1481 53
f 1283 1288 1289
f 1456 1290 1289
f 52 1480 1481
f 1479 1455 1480
f 1456 1431 1290
f 1430 1406 1431
f 1479 1454 1455
f 1429 1405 1430
f 1453 1428 1429
f 1478 1454 1479
f 39 1477 1478
f 1452 1428 1453
f 1476 1451 1452
f 38 1477 39
f 1475 1451 1476
f 12 1474 1475
f 2 11 12
f 3 38 1

