solid stdin
  facet normal 0.000000000e+00 0.000000000e+00 -1.000000000e+00
    outer loop
      vertex 1.634999923e-02 1.300000027e-02 1.400000043e-02
      vertex 1.634999923e-02 -1.000000047e-03 1.400000043e-02
      vertex 1.785000041e-02 -1.000000047e-03 1.400000043e-02
    endloop
  endfacet
  facet normal 0.000000000e+00 0.000000000e+00 1.000000000e+00
    outer loop
      vertex 1.785000041e-02 1.300000027e-02 8.673617380e-19
      vertex 1.785000041e-02 -1.000000047e-03 8.673617380e-19
      vertex 1.634999923e-02 -1.000000047e-03 8.673617380e-19
    endloop
  endfacet
  facet normal 0.000000000e+00 -1.000000000e+00 0.000000000e+00
    outer loop
      vertex 1.785000041e-02 1.300000027e-02 1.400000043e-02
      vertex 1.785000041e-02 1.300000027e-02 8.673617380e-19
      vertex 1.634999923e-02 1.300000027e-02 8.673617380e-19
    endloop
  endfacet
  facet normal 0.000000000e+00 1.000000000e+00 0.000000000e+00
    outer loop
      vertex 1.634999923e-02 -1.000000047e-03 1.400000043e-02
      vertex 1.634999923e-02 -1.000000047e-03 8.673617380e-19
      vertex 1.785000041e-02 -1.000000047e-03 8.673617380e-19
    endloop
  endfacet
  facet normal -1.000000000e+00 0.000000000e+00 0.000000000e+00
    outer loop
      vertex 1.785000041e-02 1.300000027e-02 1.400000043e-02
      vertex 1.785000041e-02 -1.000000047e-03 1.400000043e-02
      vertex 1.785000041e-02 -1.000000047e-03 8.673617380e-19
    endloop
  endfacet
  facet normal 1.000000000e+00 0.000000000e+00 0.000000000e+00
    outer loop
      vertex 1.634999923e-02 1.300000027e-02 8.673617380e-19
      vertex 1.634999923e-02 -1.000000047e-03 8.673617380e-19
      vertex 1.634999923e-02 -1.000000047e-03 1.400000043e-02
    endloop
  endfacet
  facet normal 1.000000000e+00 0.000000000e+00 0.000000000e+00
    outer loop
      vertex 1.634999923e-02 -1.000000047e-03 1.400000043e-02
      vertex 1.634999923e-02 1.300000027e-02 1.400000043e-02
      vertex 1.634999923e-02 1.300000027e-02 8.673617380e-19
    endloop
  endfacet
  facet normal -1.000000000e+00 0.000000000e+00 0.000000000e+00
    outer loop
      vertex 1.785000041e-02 -1.000000047e-03 8.673617380e-19
      vertex 1.785000041e-02 1.300000027e-02 8.673617380e-19
      vertex 1.785000041e-02 1.300000027e-02 1.400000043e-02
    endloop
  endfacet
  facet normal 0.000000000e+00 1.000000000e+00 0.000000000e+00
    outer loop
      vertex 1.785000041e-02 -1.000000047e-03 8.673617380e-19
      vertex 1.785000041e-02 -1.000000047e-03 1.400000043e-02
      vertex 1.634999923e-02 -1.000000047e-03 1.400000043e-02
    endloop
  endfacet
  facet normal 0.000000000e+00 -1.000000000e+00 0.000000000e+00
    outer loop
      vertex 1.634999923e-02 1.300000027e-02 8.673617380e-19
      vertex 1.634999923e-02 1.300000027e-02 1.400000043e-02
      vertex 1.785000041e-02 1.300000027e-02 1.400000043e-02
    endloop
  endfacet
  facet normal 0.000000000e+00 0.000000000e+00 1.000000000e+00
    outer loop
      vertex 1.634999923e-02 -1.000000047e-03 8.673617380e-19
      vertex 1.634999923e-02 1.300000027e-02 8.673617380e-19
      vertex 1.785000041e-02 1.300000027e-02 8.673617380e-19
    endloop
  endfacet
  facet normal 0.000000000e+00 0.000000000e+00 -1.000000000e+00
    outer loop
      vertex 1.785000041e-02 -1.000000047e-03 1.400000043e-02
      vertex 1.785000041e-02 1.300000027e-02 1.400000043e-02
      vertex 1.634999923e-02 1.300000027e-02 1.400000043e-02
    endloop
  endfacet
  facet normal -1.791072893e-03 -2.519578114e-02 9.996809363e-01
    outer loop
      vertex 1.349988766e-02 2.078193007e-03 -1.114528254e-02
      vertex 1.330053154e-02 2.120388439e-03 -1.114457473e-02
      vertex 1.349983830e-02 2.821739065e-03 -1.112654246e-02
    endloop
  endfacet
  facet normal -1.783942571e-03 -2.519542910e-02 9.996809959e-01
    outer loop
      vertex 1.349988766e-02 2.078193007e-03 -1.114528254e-02
      vertex 1.349995565e-02 1.045339857e-03 -1.117131393e-02
      vertex 1.330053154e-02 2.120388439e-03 -1.114457473e-02
    endloop
  endfacet
  facet normal -2.326365095e-03 -2.519548684e-02 9.996799231e-01
    outer loop
      vertex 1.349988766e-02 2.078193007e-03 -1.114528254e-02
      vertex 1.756851934e-02 9.992415471e-06 -1.118794084e-02
      vertex 1.349995565e-02 1.045339857e-03 -1.117131393e-02
    endloop
  endfacet
  facet normal -2.327473834e-03 -2.519571781e-02 9.996798038e-01
    outer loop
      vertex 1.349988766e-02 2.078193007e-03 -1.114528254e-02
      vertex 1.349983830e-02 2.821739065e-03 -1.112654246e-02
      vertex 1.756851934e-02 9.992415471e-06 -1.118794084e-02
    endloop
  endfacet
  facet normal 1.019105315e-02 2.277372628e-01 -9.736692309e-01
    outer loop
      vertex 1.353355590e-02 -4.669629037e-03 1.065784879e-02
      vertex 1.334829349e-02 -4.570787307e-03 1.067902986e-02
      vertex 1.333378442e-02 -4.749018233e-03 1.063719019e-02
    endloop
  endfacet
  facet normal -9.480537847e-03 1.925039887e-01 -9.812504649e-01
    outer loop
      vertex 1.353355590e-02 -4.669629037e-03 1.065784879e-02
      vertex 2.133454010e-02 -4.613841884e-03 1.059342269e-02
      vertex 1.334829349e-02 -4.570787307e-03 1.067902986e-02
    endloop
  endfacet
  facet normal -9.721568786e-03 2.377468944e-01 -9.712784290e-01
    outer loop
      vertex 1.353355590e-02 -4.669629037e-03 1.065784879e-02
      vertex 1.330527477e-02 -5.099239759e-03 1.055497490e-02
      vertex 2.133454010e-02 -4.613841884e-03 1.059342269e-02
    endloop
  endfacet
  facet normal 1.017645374e-02 2.277439237e-01 -9.736678600e-01
    outer loop
      vertex 1.353355590e-02 -4.669629037e-03 1.065784879e-02
      vertex 1.333378442e-02 -4.749018233e-03 1.063719019e-02
      vertex 1.330527477e-02 -5.099239759e-03 1.055497490e-02
    endloop
  endfacet
  facet normal 7.891734131e-03 -2.794068679e-02 9.995784163e-01
    outer loop
      vertex 1.330007706e-02 3.161487635e-03 -1.111546997e-02
      vertex 1.349983830e-02 2.821739065e-03 -1.112654246e-02
      vertex 1.330053154e-02 2.120388439e-03 -1.114457473e-02
    endloop
  endfacet
  facet normal 7.829032838e-03 -2.795155160e-02 9.995786548e-01
    outer loop
      vertex 1.330007706e-02 3.161487635e-03 -1.111546997e-02
      vertex 1.330004912e-02 3.227222012e-03 -1.111363154e-02
      vertex 1.349983830e-02 2.821739065e-03 -1.112654246e-02
    endloop
  endfacet
  facet normal 2.393806167e-02 -2.793874405e-02 9.993230104e-01
    outer loop
      vertex 1.330007706e-02 3.161487635e-03 -1.111546997e-02
      vertex 1.305799279e-02 3.158341395e-03 -1.110975817e-02
      vertex 1.330004912e-02 3.227222012e-03 -1.111363154e-02
    endloop
  endfacet
  facet normal 2.394489944e-02 -2.792632580e-02 9.993231893e-01
    outer loop
      vertex 1.330007706e-02 3.161487635e-03 -1.111546997e-02
      vertex 1.330053154e-02 2.120388439e-03 -1.114457473e-02
      vertex 1.305799279e-02 3.158341395e-03 -1.110975817e-02
    endloop
  endfacet
  facet normal -1.779271639e-03 -2.519552037e-02 9.996809959e-01
    outer loop
      vertex 1.349995565e-02 1.045339857e-03 -1.117131393e-02
      vertex 1.350002363e-02 9.776244951e-06 -1.119741332e-02
      vertex 1.330053154e-02 2.120388439e-03 -1.114457473e-02
    endloop
  endfacet
  facet normal -2.326190472e-03 -2.519514225e-02 9.996798635e-01
    outer loop
      vertex 1.349995565e-02 1.045339857e-03 -1.117131393e-02
      vertex 1.756851934e-02 9.992415471e-06 -1.118794084e-02
      vertex 1.350002363e-02 9.776244951e-06 -1.119741332e-02
    endloop
  endfacet
  facet normal 4.551162571e-02 2.247898430e-01 -9.733437896e-01
    outer loop
      vertex 1.333378442e-02 -4.749018233e-03 1.063719019e-02
      vertex 1.284579094e-02 -4.744205158e-03 1.061548386e-02
      vertex 1.330527477e-02 -5.099239759e-03 1.055497490e-02
    endloop
  endfacet
  facet normal 4.551071301e-02 2.247873247e-01 -9.733444452e-01
    outer loop
      vertex 1.333378442e-02 -4.749018233e-03 1.063719019e-02
      vertex 1.334829349e-02 -4.570787307e-03 1.067902986e-02
      vertex 1.284579094e-02 -4.744205158e-03 1.061548386e-02
    endloop
  endfacet
  facet normal -3.578263568e-03 8.087990284e-01 5.880742073e-01
    outer loop
      vertex 1.349973679e-02 -6.557517219e-03 -8.758251555e-03
      vertex 4.699999839e-02 -8.633012883e-03 -5.700000096e-03
      vertex 1.349973213e-02 -6.582155824e-03 -8.724366315e-03
    endloop
  endfacet
  facet normal -3.578772536e-03 8.087877035e-01 5.880898237e-01
    outer loop
      vertex 1.349973679e-02 -6.557517219e-03 -8.758251555e-03
      vertex 1.349981129e-02 -6.110358518e-03 -9.373221546e-03
      vertex 4.699999839e-02 -8.633012883e-03 -5.700000096e-03
    endloop
  endfacet
  facet normal -2.617235994e-03 8.087915778e-01 5.880895853e-01
    outer loop
      vertex 1.349973679e-02 -6.557517219e-03 -8.758251555e-03
      vertex 1.329999417e-02 -6.096059922e-03 -9.393774904e-03
      vertex 1.349981129e-02 -6.110358518e-03 -9.373221546e-03
    endloop
  endfacet
  facet normal -2.498385496e-03 8.088251352e-01 5.880439281e-01
    outer loop
      vertex 1.349973679e-02 -6.557517219e-03 -8.758251555e-03
      vertex 1.349973213e-02 -6.582155824e-03 -8.724366315e-03
      vertex 1.329999417e-02 -6.096059922e-03 -9.393774904e-03
    endloop
  endfacet
  facet normal -9.274115413e-02 2.320775539e-01 9.682660103e-01
    outer loop
      vertex 2.898280323e-02 -3.379962174e-03 -1.014199108e-02
      vertex 2.379954606e-02 -3.754365956e-03 -1.054870803e-02
      vertex 2.876289748e-02 -3.275986062e-03 -1.018797513e-02
    endloop
  endfacet
  facet normal -9.318042547e-02 2.404184937e-01 9.661864638e-01
    outer loop
      vertex 2.898280323e-02 -3.379962174e-03 -1.014199108e-02
      vertex 2.888380550e-02 -3.806247376e-03 -1.004546508e-02
      vertex 2.379954606e-02 -3.754365956e-03 -1.054870803e-02
    endloop
  endfacet
  facet normal -1.085371971e-01 2.010060102e-01 9.735585451e-01
    outer loop
      vertex 2.898280323e-02 -3.379962174e-03 -1.014199108e-02
      vertex 2.876289748e-02 -3.275986062e-03 -1.018797513e-02
      vertex 2.900519781e-02 -2.991119865e-03 -1.021977700e-02
    endloop
  endfacet
  facet normal -9.836168587e-02 2.414477319e-01 9.654159546e-01
    outer loop
      vertex 2.898280323e-02 -3.379962174e-03 -1.014199108e-02
      vertex 2.916560508e-02 -3.468008945e-03 -1.010134351e-02
      vertex 2.888380550e-02 -3.806247376e-03 -1.004546508e-02
    endloop
  endfacet
  facet normal -1.091291010e-01 2.208691537e-01 9.691789150e-01
    outer loop
      vertex 2.898280323e-02 -3.379962174e-03 -1.014199108e-02
      vertex 4.812625051e-02 -7.222405635e-03 -7.110859733e-03
      vertex 2.916560508e-02 -3.468008945e-03 -1.010134351e-02
    endloop
  endfacet
  facet normal -1.136725172e-01 2.011773586e-01 9.729369879e-01
    outer loop
      vertex 2.898280323e-02 -3.379962174e-03 -1.014199108e-02
      vertex 2.900519781e-02 -2.991119865e-03 -1.021977700e-02
      vertex 4.812625051e-02 -7.222405635e-03 -7.110859733e-03
    endloop
  endfacet
  facet normal -8.582956158e-03 -1.234455630e-01 -9.923142195e-01
    outer loop
      vertex 1.406085119e-02 4.008570220e-03 1.076178811e-02
      vertex 1.525163744e-02 3.943047952e-03 1.075963862e-02
      vertex 1.382621285e-02 4.100049380e-03 1.075243764e-02
    endloop
  endfacet
  facet normal -8.226274513e-03 -1.168866977e-01 -9.931111932e-01
    outer loop
      vertex 1.406085119e-02 4.008570220e-03 1.076178811e-02
      vertex 1.449757442e-02 3.952234983e-03 1.076480187e-02
      vertex 1.525163744e-02 3.943047952e-03 1.075963862e-02
    endloop
  endfacet
  facet normal -7.598023396e-03 -1.120687872e-01 -9.936712980e-01
    outer loop
      vertex 1.406085119e-02 4.008570220e-03 1.076178811e-02
      vertex 1.372165885e-02 3.942413721e-03 1.077184360e-02
      vertex 1.449757442e-02 3.952234983e-03 1.076480187e-02
    endloop
  endfacet
  facet normal -6.592485588e-03 -1.171378940e-01 -9.930937886e-01
    outer loop
      vertex 1.406085119e-02 4.008570220e-03 1.076178811e-02
      vertex 1.354021952e-02 4.104642663e-03 1.075391285e-02
      vertex 1.372165885e-02 3.942413721e-03 1.077184360e-02
    endloop
  endfacet
  facet normal -7.037898526e-03 -1.195409223e-01 -9.928043485e-01
    outer loop
      vertex 1.406085119e-02 4.008570220e-03 1.076178811e-02
      vertex 1.382621285e-02 4.100049380e-03 1.075243764e-02
      vertex 1.354021952e-02 4.104642663e-03 1.075391285e-02
    endloop
  endfacet
  facet normal 3.808675334e-02 -1.685430259e-01 -9.849582314e-01
    outer loop
      vertex 1.338297874e-02 4.464174155e-03 1.069950871e-02
      vertex 1.332523022e-02 4.221765324e-03 1.073875558e-02
      vertex 1.341045741e-02 4.335554317e-03 1.072258037e-02
    endloop
  endfacet
  facet normal 3.810411319e-02 -1.685360819e-01 -9.849587083e-01
    outer loop
      vertex 1.338297874e-02 4.464174155e-03 1.069950871e-02
      vertex 1.333322842e-02 4.697047174e-03 1.065773610e-02
      vertex 1.332523022e-02 4.221765324e-03 1.073875558e-02
    endloop
  endfacet
  facet normal 5.510827526e-03 -1.754146516e-01 -9.844793081e-01
    outer loop
      vertex 1.338297874e-02 4.464174155e-03 1.069950871e-02
      vertex 1.356801670e-02 4.496146925e-03 1.069485024e-02
      vertex 1.333322842e-02 4.697047174e-03 1.065773610e-02
    endloop
  endfacet
  facet normal 5.533025600e-03 -1.754127741e-01 -9.844794273e-01
    outer loop
      vertex 1.338297874e-02 4.464174155e-03 1.069950871e-02
      vertex 1.341045741e-02 4.335554317e-03 1.072258037e-02
      vertex 1.356801670e-02 4.496146925e-03 1.069485024e-02
    endloop
  endfacet
  facet normal -8.637247607e-03 -8.963115215e-01 -4.433408678e-01
    outer loop
      vertex 1.350000408e-02 8.681900799e-03 7.627321873e-03
      vertex 1.330006868e-02 8.681999519e-03 7.631018292e-03
      vertex 1.350001339e-02 8.626404218e-03 7.739522494e-03
    endloop
  endfacet
  facet normal -9.911793284e-03 -8.963068724e-01 -4.433234334e-01
    outer loop
      vertex 1.350000408e-02 8.681900799e-03 7.627321873e-03
      vertex 1.350001339e-02 8.626404218e-03 7.739522494e-03
      vertex 4.207747430e-02 8.274944499e-03 7.811170537e-03
    endloop
  endfacet
  facet normal -8.071796969e-03 -9.110287428e-01 -4.122640193e-01
    outer loop
      vertex 1.350000408e-02 8.681900799e-03 7.627321873e-03
      vertex 1.350001805e-02 8.798650466e-03 7.369329222e-03
      vertex 1.330006868e-02 8.681999519e-03 7.631018292e-03
    endloop
  endfacet
  facet normal -1.029879600e-02 -9.110087156e-01 -4.122586846e-01
    outer loop
      vertex 1.350000408e-02 8.681900799e-03 7.627321873e-03
      vertex 4.150912166e-02 8.296611719e-03 7.779020816e-03
      vertex 1.350001805e-02 8.798650466e-03 7.369329222e-03
    endloop
  endfacet
  facet normal -1.008898299e-02 -9.027407169e-01 -4.300666749e-01
    outer loop
      vertex 1.350000408e-02 8.681900799e-03 7.627321873e-03
      vertex 4.207747430e-02 8.274944499e-03 7.811170537e-03
      vertex 4.150912166e-02 8.296611719e-03 7.779020816e-03
    endloop
  endfacet
  facet normal 2.744487114e-02 -5.837209225e-01 8.114903569e-01
    outer loop
      vertex 1.349996403e-02 5.048864521e-03 -1.041762158e-02
      vertex 1.329945493e-02 4.782104865e-03 -1.060272660e-02
      vertex 1.329965331e-02 5.115854554e-03 -1.036266051e-02
    endloop
  endfacet
  facet normal -2.404657006e-02 -5.576669574e-01 8.297164440e-01
    outer loop
      vertex 1.349996403e-02 5.048864521e-03 -1.041762158e-02
      vertex 1.864549704e-02 5.192625336e-03 -1.017187349e-02
      vertex 1.329945493e-02 4.782104865e-03 -1.060272660e-02
    endloop
  endfacet
  facet normal -2.064449154e-02 -6.122375131e-01 7.904042602e-01
    outer loop
      vertex 1.349996403e-02 5.048864521e-03 -1.041762158e-02
      vertex 1.329974178e-02 5.266014021e-03 -1.025465038e-02
      vertex 1.864549704e-02 5.192625336e-03 -1.017187349e-02
    endloop
  endfacet
  facet normal 2.745818719e-02 -5.837118626e-01 8.114964366e-01
    outer loop
      vertex 1.349996403e-02 5.048864521e-03 -1.041762158e-02
      vertex 1.329965331e-02 5.115854554e-03 -1.036266051e-02
      vertex 1.329974178e-02 5.266014021e-03 -1.025465038e-02
    endloop
  endfacet
  facet normal 3.546478227e-03 -2.469254844e-02 9.996888638e-01
    outer loop
      vertex 1.330053154e-02 2.120388439e-03 -1.114457473e-02
      vertex 1.350002363e-02 9.776244951e-06 -1.119741332e-02
      vertex 1.330002490e-02 9.764607967e-06 -1.119670644e-02
    endloop
  endfacet
  facet normal 3.775878623e-02 -2.468390204e-02 9.989819527e-01
    outer loop
      vertex 1.330053154e-02 2.120388439e-03 -1.114457473e-02
      vertex 1.330002490e-02 9.764607967e-06 -1.119670644e-02
      vertex 1.305799279e-02 3.158341395e-03 -1.110975817e-02
    endloop
  endfacet
  facet normal -8.013583720e-03 -3.342015669e-02 9.994092584e-01
    outer loop
      vertex 1.349983830e-02 2.821739065e-03 -1.112654246e-02
      vertex 1.818647049e-02 1.075983862e-03 -1.114733890e-02
      vertex 1.756851934e-02 9.992415471e-06 -1.118794084e-02
    endloop
  endfacet
  facet normal -9.081741795e-03 -3.629511595e-02 9.992997646e-01
    outer loop
      vertex 1.349983830e-02 2.821739065e-03 -1.112654246e-02
      vertex 1.330004912e-02 3.227222012e-03 -1.111363154e-02
      vertex 1.818647049e-02 1.075983862e-03 -1.114733890e-02
    endloop
  endfacet
  facet normal 2.889995649e-02 -1.362707466e-01 9.902499318e-01
    outer loop
      vertex 1.330001093e-02 3.635277040e-03 -1.105747744e-02
      vertex 1.349992305e-02 3.521505278e-03 -1.107896864e-02
      vertex 1.330004912e-02 3.227222012e-03 -1.111363154e-02
    endloop
  endfacet
  facet normal 2.889663167e-02 -1.362690032e-01 9.902503490e-01
    outer loop
      vertex 1.330001093e-02 3.635277040e-03 -1.105747744e-02
      vertex 1.329999790e-02 3.776923753e-03 -1.103798486e-02
      vertex 1.349992305e-02 3.521505278e-03 -1.107896864e-02
    endloop
  endfacet
  facet normal 5.455077440e-02 -1.361243874e-01 9.891887307e-01
    outer loop
      vertex 1.330001093e-02 3.635277040e-03 -1.105747744e-02
      vertex 1.305799279e-02 3.158341395e-03 -1.110975817e-02
      vertex 1.329999790e-02 3.776923753e-03 -1.103798486e-02
    endloop
  endfacet
  facet normal 5.457064882e-02 -1.361204982e-01 9.891881943e-01
    outer loop
      vertex 1.330001093e-02 3.635277040e-03 -1.105747744e-02
      vertex 1.330004912e-02 3.227222012e-03 -1.111363154e-02
      vertex 1.305799279e-02 3.158341395e-03 -1.110975817e-02
    endloop
  endfacet
  facet normal -9.603441693e-03 1.759086102e-01 -9.843595624e-01
    outer loop
      vertex 1.334829349e-02 -4.570787307e-03 1.067902986e-02
      vertex 2.133454010e-02 -4.613841884e-03 1.059342269e-02
      vertex 1.360485610e-02 -4.356663208e-03 1.071479172e-02
    endloop
  endfacet
  facet normal -3.481164749e-04 1.651310027e-01 -9.862716198e-01
    outer loop
      vertex 1.334829349e-02 -4.570787307e-03 1.067902986e-02
      vertex 1.360485610e-02 -4.356663208e-03 1.071479172e-02
      vertex 1.342893019e-02 -4.268724937e-03 1.072957553e-02
    endloop
  endfacet
  facet normal 6.795945019e-02 1.637047976e-01 -9.841657281e-01
    outer loop
      vertex 1.334829349e-02 -4.570787307e-03 1.067902986e-02
      vertex 1.332523022e-02 -4.202149343e-03 1.073875558e-02
      vertex 1.284579094e-02 -4.744205158e-03 1.061548386e-02
    endloop
  endfacet
  facet normal 1.592411660e-02 1.608785242e-01 -9.868457913e-01
    outer loop
      vertex 1.334829349e-02 -4.570787307e-03 1.067902986e-02
      vertex 1.342893019e-02 -4.268724937e-03 1.072957553e-02
      vertex 1.332523022e-02 -4.202149343e-03 1.073875558e-02
    endloop
  endfacet
  facet normal -8.415433578e-03 1.493843198e-01 -9.887434840e-01
    outer loop
      vertex 1.360485610e-02 -4.356663208e-03 1.071479172e-02
      vertex 1.424284838e-02 -4.182661418e-03 1.073564962e-02
      vertex 1.342893019e-02 -4.268724937e-03 1.072957553e-02
    endloop
  endfacet
  facet normal -1.031180564e-02 1.562018543e-01 -9.876713157e-01
    outer loop
      vertex 1.360485610e-02 -4.356663208e-03 1.071479172e-02
      vertex 2.133454010e-02 -4.613841884e-03 1.059342269e-02
      vertex 1.424284838e-02 -4.182661418e-03 1.073564962e-02
    endloop
  endfacet
  facet normal -3.624229226e-03 1.310428381e-01 -9.913700819e-01
    outer loop
      vertex 1.347277593e-02 -4.202111624e-03 1.073822007e-02
      vertex 1.332523022e-02 -4.202149343e-03 1.073875558e-02
      vertex 1.342893019e-02 -4.268724937e-03 1.072957553e-02
    endloop
  endfacet
  facet normal -3.635913832e-03 1.310411990e-01 -9.913702011e-01
    outer loop
      vertex 1.347277593e-02 -4.202111624e-03 1.073822007e-02
      vertex 1.357789058e-02 -4.042415414e-03 1.075894386e-02
      vertex 1.332523022e-02 -4.202149343e-03 1.073875558e-02
    endloop
  endfacet
  facet normal -3.903400153e-03 1.312177479e-01 -9.913458824e-01
    outer loop
      vertex 1.347277593e-02 -4.202111624e-03 1.073822007e-02
      vertex 1.373264939e-02 -4.153396469e-03 1.074364409e-02
      vertex 1.357789058e-02 -4.042415414e-03 1.075894386e-02
    endloop
  endfacet
  facet normal -3.906503320e-03 1.312187761e-01 -9.913457632e-01
    outer loop
      vertex 1.347277593e-02 -4.202111624e-03 1.073822007e-02
      vertex 1.342893019e-02 -4.268724937e-03 1.072957553e-02
      vertex 1.373264939e-02 -4.153396469e-03 1.074364409e-02
    endloop
  endfacet
  facet normal -6.961140782e-03 1.133590788e-01 -9.935297370e-01
    outer loop
      vertex 1.427755319e-02 -3.951586783e-03 1.076441631e-02
      vertex 1.380015071e-02 -3.878065152e-03 1.077615004e-02
      vertex 1.393200736e-02 -4.028205760e-03 1.075809542e-02
    endloop
  endfacet
  facet normal -7.850550115e-03 1.077037305e-01 -9.941521287e-01
    outer loop
      vertex 1.427755319e-02 -3.951586783e-03 1.076441631e-02
      vertex 1.490509231e-02 -3.922415897e-03 1.076262258e-02
      vertex 1.380015071e-02 -3.878065152e-03 1.077615004e-02
    endloop
  endfacet
  facet normal -8.399129845e-03 1.198171675e-01 -9.927604795e-01
    outer loop
      vertex 1.427755319e-02 -3.951586783e-03 1.076441631e-02
      vertex 1.393200736e-02 -4.028205760e-03 1.075809542e-02
      vertex 1.490509231e-02 -3.922415897e-03 1.076262258e-02
    endloop
  endfacet
  facet normal -1.266000792e-02 -9.846775532e-01 -1.739252657e-01
    outer loop
      vertex 3.958142921e-02 8.914286271e-03 5.923718214e-03
      vertex 1.874808967e-02 9.181740694e-03 5.925976206e-03
      vertex 3.986582160e-02 8.904348128e-03 5.959277973e-03
    endloop
  endfacet
  facet normal -1.272775512e-02 -9.902659059e-01 -1.386056095e-01
    outer loop
      vertex 3.958142921e-02 8.914286271e-03 5.923718214e-03
      vertex 3.985158354e-02 8.930297568e-03 5.784517620e-03
      vertex 1.874808967e-02 9.181740694e-03 5.925976206e-03
    endloop
  endfacet
  facet normal -1.636861637e-02 -9.892151356e-01 -1.455527246e-01
    outer loop
      vertex 3.958142921e-02 8.914286271e-03 5.923718214e-03
      vertex 3.986582160e-02 8.904348128e-03 5.959277973e-03
      vertex 3.985158354e-02 8.930297568e-03 5.784517620e-03
    endloop
  endfacet
  facet normal -8.254129440e-03 -8.201715946e-01 -5.720580220e-01
    outer loop
      vertex 4.236337915e-02 7.978721522e-03 8.346260525e-03
      vertex 1.350014005e-02 8.264230564e-03 8.353382349e-03
      vertex 4.312785342e-02 7.840615697e-03 8.533232845e-03
    endloop
  endfacet
  facet normal -1.259517111e-02 -8.282206059e-01 -5.602606535e-01
    outer loop
      vertex 4.236337915e-02 7.978721522e-03 8.346260525e-03
      vertex 4.312785342e-02 7.840615697e-03 8.533232845e-03
      vertex 4.291382059e-02 7.982834242e-03 8.327805437e-03
    endloop
  endfacet
  facet normal -8.360208943e-03 -8.313873410e-01 -5.556303859e-01
    outer loop
      vertex 4.236337915e-02 7.978721522e-03 8.346260525e-03
      vertex 1.320467610e-02 8.279013447e-03 8.335707709e-03
      vertex 1.350014005e-02 8.264230564e-03 8.353382349e-03
    endloop
  endfacet
  facet normal -8.791567758e-03 -8.564290404e-01 -5.161898136e-01
    outer loop
      vertex 4.236337915e-02 7.978721522e-03 8.346260525e-03
      vertex 4.237351194e-02 8.102450520e-03 8.140806109e-03
      vertex 1.330005284e-02 8.512982167e-03 7.954850793e-03
    endloop
  endfacet
  facet normal -1.091161277e-02 -8.563590050e-01 -5.162657499e-01
    outer loop
      vertex 4.236337915e-02 7.978721522e-03 8.346260525e-03
      vertex 4.291382059e-02 7.982834242e-03 8.327805437e-03
      vertex 4.237351194e-02 8.102450520e-03 8.140806109e-03
    endloop
  endfacet
  facet normal -8.574830368e-03 -8.510733247e-01 -5.249768496e-01
    outer loop
      vertex 4.236337915e-02 7.978721522e-03 8.346260525e-03
      vertex 1.330005284e-02 8.512982167e-03 7.954850793e-03
      vertex 1.320467610e-02 8.279013447e-03 8.335707709e-03
    endloop
  endfacet
  facet normal -1.162505760e-05 8.275936842e-01 5.613275170e-01
    outer loop
      vertex 1.349973213e-02 -6.582155824e-03 -8.724366315e-03
      vertex 4.699999839e-02 -8.633012883e-03 -5.700000096e-03
      vertex 1.330003701e-02 -6.611879915e-03 -8.680546656e-03
    endloop
  endfacet
  facet normal 7.978392765e-03 8.102673292e-01 5.860061646e-01
    outer loop
      vertex 1.349973213e-02 -6.582155824e-03 -8.724366315e-03
      vertex 1.330003701e-02 -6.611879915e-03 -8.680546656e-03
      vertex 1.329999417e-02 -6.096059922e-03 -9.393774904e-03
    endloop
  endfacet
  facet normal -1.566384733e-02 7.047976255e-01 7.092354894e-01
    outer loop
      vertex 1.349999290e-02 -5.589684937e-03 -9.944759309e-03
      vertex 1.873521693e-02 -5.597488955e-03 -9.821379557e-03
      vertex 1.330004726e-02 -5.648724269e-03 -9.890504181e-03
    endloop
  endfacet
  facet normal -1.703466102e-02 6.454265714e-01 7.636324167e-01
    outer loop
      vertex 1.349999290e-02 -5.589684937e-03 -9.944759309e-03
      vertex 1.306136046e-02 -5.294728559e-03 -1.020384207e-02
      vertex 1.873521693e-02 -5.597488955e-03 -9.821379557e-03
    endloop
  endfacet
  facet normal 6.221354939e-03 6.651288271e-01 7.467026114e-01
    outer loop
      vertex 1.349999290e-02 -5.589684937e-03 -9.944759309e-03
      vertex 1.330004726e-02 -5.648724269e-03 -9.890504181e-03
      vertex 1.306136046e-02 -5.294728559e-03 -1.020384207e-02
    endloop
  endfacet
  facet normal -9.254332632e-02 1.878788471e-01 9.778227210e-01
    outer loop
      vertex 2.875942923e-02 -2.646146342e-03 -1.030932087e-02
      vertex 2.900519781e-02 -2.991119865e-03 -1.021977700e-02
      vertex 2.876289748e-02 -3.275986062e-03 -1.018797513e-02
    endloop
  endfacet
  facet normal -9.032759815e-02 1.879294962e-01 9.780201912e-01
    outer loop
      vertex 2.875942923e-02 -2.646146342e-03 -1.030932087e-02
      vertex 2.876289748e-02 -3.275986062e-03 -1.018797513e-02
      vertex 2.370962687e-02 -3.221868305e-03 -1.066508144e-02
    endloop
  endfacet
  facet normal -1.173184812e-01 1.703729182e-01 9.783707857e-01
    outer loop
      vertex 2.875942923e-02 -2.646146342e-03 -1.030932087e-02
      vertex 2.873285115e-02 -2.002913971e-03 -1.042451710e-02
      vertex 2.900519781e-02 -2.991119865e-03 -1.021977700e-02
    endloop
  endfacet
  facet normal -9.858413041e-02 1.714751273e-01 9.802435040e-01
    outer loop
      vertex 2.875942923e-02 -2.646146342e-03 -1.030932087e-02
      vertex 2.855602838e-02 -2.208407503e-03 -1.040635072e-02
      vertex 2.873285115e-02 -2.002913971e-03 -1.042451710e-02
    endloop
  endfacet
  facet normal -8.912084252e-02 1.758976728e-01 9.803660512e-01
    outer loop
      vertex 2.875942923e-02 -2.646146342e-03 -1.030932087e-02
      vertex 2.370962687e-02 -3.221868305e-03 -1.066508144e-02
      vertex 2.855602838e-02 -2.208407503e-03 -1.040635072e-02
    endloop
  endfacet
  facet normal 1.487882994e-02 -3.223912716e-01 9.464895725e-01
    outer loop
      vertex 1.305810921e-02 3.920545802e-03 -1.099486277e-02
      vertex 1.329962257e-02 4.238685127e-03 -1.089029387e-02
      vertex 1.350001246e-02 4.055763595e-03 -1.095575001e-02
    endloop
  endfacet
  facet normal 6.981614977e-02 -3.589788973e-01 9.307308197e-01
    outer loop
      vertex 1.305810921e-02 3.920545802e-03 -1.099486277e-02
      vertex 1.304913592e-02 3.920323681e-03 -1.099427603e-02
      vertex 1.329962257e-02 4.238685127e-03 -1.089029387e-02
    endloop
  endfacet
  facet normal 6.865355372e-02 -1.791142821e-01 9.814299345e-01
    outer loop
      vertex 1.305810921e-02 3.920545802e-03 -1.099486277e-02
      vertex 1.329999790e-02 3.776923753e-03 -1.103798486e-02
      vertex 1.304913592e-02 3.920323681e-03 -1.099427603e-02
    endloop
  endfacet
  facet normal 2.121567493e-03 -2.842764556e-01 9.587399960e-01
    outer loop
      vertex 1.305810921e-02 3.920545802e-03 -1.099486277e-02
      vertex 1.350001246e-02 4.055763595e-03 -1.095575001e-02
      vertex 1.329999790e-02 3.776923753e-03 -1.103798486e-02
    endloop
  endfacet
  facet normal -9.003108740e-02 1.981029958e-01 9.760377407e-01
    outer loop
      vertex 2.876289748e-02 -3.275986062e-03 -1.018797513e-02
      vertex 2.379954606e-02 -3.754365956e-03 -1.054870803e-02
      vertex 2.370962687e-02 -3.221868305e-03 -1.066508144e-02
    endloop
  endfacet
  facet normal -1.034310833e-01 2.454087585e-01 9.638861418e-01
    outer loop
      vertex 2.916560508e-02 -3.468008945e-03 -1.010134351e-02
      vertex 4.812625051e-02 -7.222405635e-03 -7.110859733e-03
      vertex 2.888380550e-02 -3.806247376e-03 -1.004546508e-02
    endloop
  endfacet
  facet normal -8.229163475e-03 9.075435996e-01 -4.198774397e-01
    outer loop
      vertex 1.347317360e-02 -8.662298322e-03 7.627817802e-03
      vertex 1.330004912e-02 -8.727910928e-03 7.489433046e-03
      vertex 1.350000408e-02 -8.662284352e-03 7.627321873e-03
    endloop
  endfacet
  facet normal -8.216811344e-03 9.074862003e-01 -4.200015962e-01
    outer loop
      vertex 1.347317360e-02 -8.662298322e-03 7.627817802e-03
      vertex 1.330006868e-02 -8.662384003e-03 7.631018292e-03
      vertex 1.330004912e-02 -8.727910928e-03 7.489433046e-03
    endloop
  endfacet
  facet normal -8.877503686e-03 8.898197412e-01 -4.562258422e-01
    outer loop
      vertex 1.347317360e-02 -8.662298322e-03 7.627817802e-03
      vertex 1.320735458e-02 -8.602774702e-03 7.749082521e-03
      vertex 1.330006868e-02 -8.662384003e-03 7.631018292e-03
    endloop
  endfacet
  facet normal -8.895364590e-03 8.897957206e-01 -4.562722445e-01
    outer loop
      vertex 1.347317360e-02 -8.662298322e-03 7.627817802e-03
      vertex 1.350000408e-02 -8.662284352e-03 7.627321873e-03
      vertex 1.320735458e-02 -8.602774702e-03 7.749082521e-03
    endloop
  endfacet
  facet normal 1.415836508e-03 3.229092658e-01 -9.464288354e-01
    outer loop
      vertex 1.330431271e-02 -5.232171156e-03 1.050961856e-02
      vertex 1.350425556e-02 -5.134026520e-03 1.054340601e-02
      vertex 1.330527477e-02 -5.099239759e-03 1.055497490e-02
    endloop
  endfacet
  facet normal 1.433345373e-03 3.229155540e-01 -9.464266300e-01
    outer loop
      vertex 1.330431271e-02 -5.232171156e-03 1.050961856e-02
      vertex 1.330029778e-02 -5.786788184e-03 1.032038033e-02
      vertex 1.350425556e-02 -5.134026520e-03 1.054340601e-02
    endloop
  endfacet
  facet normal 7.902238518e-02 3.214022517e-01 -9.436397552e-01
    outer loop
      vertex 1.330431271e-02 -5.232171156e-03 1.050961856e-02
      vertex 1.286102645e-02 -5.278524943e-03 1.045670640e-02
      vertex 1.330029778e-02 -5.786788184e-03 1.032038033e-02
    endloop
  endfacet
  facet normal 7.903198898e-02 3.214006424e-01 -9.436395168e-01
    outer loop
      vertex 1.330431271e-02 -5.232171156e-03 1.050961856e-02
      vertex 1.330527477e-02 -5.099239759e-03 1.055497490e-02
      vertex 1.286102645e-02 -5.278524943e-03 1.045670640e-02
    endloop
  endfacet
  facet normal -3.162853792e-02 -1.001397800e-02 -9.994495511e-01
    outer loop
      vertex 3.672406450e-02 3.879428608e-03 1.033206470e-02
      vertex 4.319631308e-02 3.922204021e-03 1.012680400e-02
      vertex 3.554766253e-02 3.878862364e-03 1.036930084e-02
    endloop
  endfacet
  facet normal -3.163174540e-02 -9.983311407e-03 -9.994497299e-01
    outer loop
      vertex 3.672406450e-02 3.879428608e-03 1.033206470e-02
      vertex 4.279127344e-02 3.905244404e-03 1.013979223e-02
      vertex 4.319631308e-02 3.922204021e-03 1.012680400e-02
    endloop
  endfacet
  facet normal -3.162936121e-02 -9.983371943e-03 -9.994497895e-01
    outer loop
      vertex 3.672406450e-02 3.879428608e-03 1.033206470e-02
      vertex 3.936455399e-02 3.880699165e-03 1.024848595e-02
      vertex 4.279127344e-02 3.905244404e-03 1.013979223e-02
    endloop
  endfacet
  facet normal -3.163773566e-02 -2.316696919e-05 -9.994993806e-01
    outer loop
      vertex 3.672406450e-02 3.879428608e-03 1.033206470e-02
      vertex 4.292418435e-02 -3.874689806e-03 1.013599429e-02
      vertex 3.936455399e-02 3.880699165e-03 1.024848595e-02
    endloop
  endfacet
  facet normal -3.163632751e-02 -2.311082608e-05 -9.994994402e-01
    outer loop
      vertex 3.672406450e-02 3.879428608e-03 1.033206470e-02
      vertex 3.554766253e-02 3.878862364e-03 1.036930084e-02
      vertex 4.292418435e-02 -3.874689806e-03 1.013599429e-02
    endloop
  endfacet
  facet normal -3.285345063e-02 4.464112967e-02 -9.984627962e-01
    outer loop
      vertex 4.356088862e-02 -4.293901846e-03 1.010093000e-02
      vertex 4.383803904e-02 -4.485640209e-03 1.008324046e-02
      vertex 4.368282482e-02 -4.140149336e-03 1.010379288e-02
    endloop
  endfacet
  facet normal -3.029886447e-02 4.831263423e-02 -9.983725548e-01
    outer loop
      vertex 4.356088862e-02 -4.293901846e-03 1.010093000e-02
      vertex 3.744518384e-02 -4.060554318e-03 1.029782090e-02
      vertex 4.383803904e-02 -4.485640209e-03 1.008324046e-02
    endloop
  endfacet
  facet normal -3.051643446e-02 4.279613495e-02 -9.986177683e-01
    outer loop
      vertex 4.356088862e-02 -4.293901846e-03 1.010093000e-02
      vertex 4.368282482e-02 -4.140149336e-03 1.010379288e-02
      vertex 3.744518384e-02 -4.060554318e-03 1.029782090e-02
    endloop
  endfacet
  facet normal -3.068304807e-02 3.519187868e-02 -9.989095330e-01
    outer loop
      vertex 4.355723783e-02 -4.049002193e-03 1.011086162e-02
      vertex 4.139254615e-02 -3.860965837e-03 1.018397883e-02
      vertex 4.368282482e-02 -4.140149336e-03 1.010379288e-02
    endloop
  endfacet
  facet normal -3.068664670e-02 3.519035876e-02 -9.989094138e-01
    outer loop
      vertex 4.355723783e-02 -4.049002193e-03 1.011086162e-02
      vertex 4.346096888e-02 -3.979135770e-03 1.011628006e-02
      vertex 4.139254615e-02 -3.860965837e-03 1.018397883e-02
    endloop
  endfacet
  facet normal -5.614268407e-02 9.878283890e-05 -9.984226823e-01
    outer loop
      vertex 4.355723783e-02 -4.049002193e-03 1.011086162e-02
      vertex 4.356402531e-02 4.053563811e-03 1.011128165e-02
      vertex 4.346096888e-02 -3.979135770e-03 1.011628006e-02
    endloop
  endfacet
  facet normal -5.612132326e-02 9.877060802e-05 -9.984238744e-01
    outer loop
      vertex 4.355723783e-02 -4.049002193e-03 1.011086162e-02
      vertex 4.368282482e-02 -4.140149336e-03 1.010379288e-02
      vertex 4.356402531e-02 4.053563811e-03 1.011128165e-02
    endloop
  endfacet
  facet normal -6.352009252e-03 8.324567229e-02 -9.965087771e-01
    outer loop
      vertex 1.430942211e-02 -3.763617948e-03 1.078398060e-02
      vertex 1.430924237e-02 -3.654241329e-03 1.079311874e-02
      vertex 1.410138793e-02 -3.784444649e-03 1.078356523e-02
    endloop
  endfacet
  facet normal -6.340168417e-03 8.324517310e-02 -9.965089560e-01
    outer loop
      vertex 1.430942211e-02 -3.763617948e-03 1.078398060e-02
      vertex 1.457713731e-02 -3.736816812e-03 1.078451425e-02
      vertex 1.430924237e-02 -3.654241329e-03 1.079311874e-02
    endloop
  endfacet
  facet normal -7.948313840e-03 9.922489524e-02 -9.950332642e-01
    outer loop
      vertex 1.430942211e-02 -3.763617948e-03 1.078398060e-02
      vertex 1.529543474e-02 -3.731529461e-03 1.077930257e-02
      vertex 1.457713731e-02 -3.736816812e-03 1.078451425e-02
    endloop
  endfacet
  facet normal -7.957296446e-03 9.926421195e-02 -9.950293303e-01
    outer loop
      vertex 1.430942211e-02 -3.763617948e-03 1.078398060e-02
      vertex 1.410138793e-02 -3.784444649e-03 1.078356523e-02
      vertex 1.529543474e-02 -3.731529461e-03 1.077930257e-02
    endloop
  endfacet
  facet normal -8.084416389e-03 -1.047440320e-01 -9.944663644e-01
    outer loop
      vertex 1.449757442e-02 3.952234983e-03 1.076480187e-02
      vertex 1.397595461e-02 3.832369111e-03 1.078166813e-02
      vertex 1.525163744e-02 3.943047952e-03 1.075963862e-02
    endloop
  endfacet
  facet normal -7.676208392e-03 -1.065044999e-01 -9.942825437e-01
    outer loop
      vertex 1.449757442e-02 3.952234983e-03 1.076480187e-02
      vertex 1.372165885e-02 3.942413721e-03 1.077184360e-02
      vertex 1.397595461e-02 3.832369111e-03 1.078166813e-02
    endloop
  endfacet
  facet normal -8.853145875e-03 -1.258624643e-01 -9.920082688e-01
    outer loop
      vertex 1.382621285e-02 4.100049380e-03 1.075243764e-02
      vertex 1.525163744e-02 3.943047952e-03 1.075963862e-02
      vertex 1.441326085e-02 4.202686716e-03 1.073417719e-02
    endloop
  endfacet
  facet normal -7.486413699e-03 -1.335035414e-01 -9.910200238e-01
    outer loop
      vertex 1.382621285e-02 4.100049380e-03 1.075243764e-02
      vertex 1.441326085e-02 4.202686716e-03 1.073417719e-02
      vertex 1.366714947e-02 4.252330400e-03 1.073312480e-02
    endloop
  endfacet
  facet normal -7.251562551e-03 -1.332645714e-01 -9.910539389e-01
    outer loop
      vertex 1.382621285e-02 4.100049380e-03 1.075243764e-02
      vertex 1.366714947e-02 4.252330400e-03 1.073312480e-02
      vertex 1.354021952e-02 4.104642663e-03 1.075391285e-02
    endloop
  endfacet
  facet normal -9.882470593e-03 -1.607245505e-01 -9.869497418e-01
    outer loop
      vertex 1.341045741e-02 4.335554317e-03 1.072258037e-02
      vertex 1.441326085e-02 4.202686716e-03 1.073417719e-02
      vertex 1.356801670e-02 4.496146925e-03 1.069485024e-02
    endloop
  endfacet
  facet normal -8.726867847e-03 -1.521464437e-01 -9.883195162e-01
    outer loop
      vertex 1.341045741e-02 4.335554317e-03 1.072258037e-02
      vertex 1.366714947e-02 4.252330400e-03 1.073312480e-02
      vertex 1.441326085e-02 4.202686716e-03 1.073417719e-02
    endloop
  endfacet
  facet normal -3.992030863e-03 -1.378029883e-01 -9.904516935e-01
    outer loop
      vertex 1.341045741e-02 4.335554317e-03 1.072258037e-02
      vertex 1.332523022e-02 4.221765324e-03 1.073875558e-02
      vertex 1.366714947e-02 4.252330400e-03 1.073312480e-02
    endloop
  endfacet
  facet normal -1.082793437e-02 -8.401496708e-02 -9.964056611e-01
    outer loop
      vertex 2.122822963e-02 3.805829911e-03 1.071023755e-02
      vertex 1.529445779e-02 3.680887166e-03 1.078523789e-02
      vertex 2.226808108e-02 3.815414617e-03 1.069813222e-02
    endloop
  endfacet
  facet normal -1.082452387e-02 -8.402409405e-02 -9.964048266e-01
    outer loop
      vertex 2.122822963e-02 3.805829911e-03 1.071023755e-02
      vertex 1.529543474e-02 3.751145443e-03 1.077930257e-02
      vertex 1.529445779e-02 3.680887166e-03 1.078523789e-02
    endloop
  endfacet
  facet normal -1.077220775e-02 -8.918117732e-02 -9.959571958e-01
    outer loop
      vertex 2.122822963e-02 3.805829911e-03 1.071023755e-02
      vertex 2.093268372e-02 3.997976892e-03 1.069622859e-02
      vertex 1.529543474e-02 3.751145443e-03 1.077930257e-02
    endloop
  endfacet
  facet normal -1.077304780e-02 -8.918185532e-02 -9.959570765e-01
    outer loop
      vertex 2.122822963e-02 3.805829911e-03 1.071023755e-02
      vertex 2.226808108e-02 3.815414617e-03 1.069813222e-02
      vertex 2.093268372e-02 3.997976892e-03 1.069622859e-02
    endloop
  endfacet
  facet normal -8.883927017e-03 -6.757918000e-01 -7.370389700e-01
    outer loop
      vertex 4.387044162e-02 7.391661406e-03 9.021067992e-03
      vertex 4.347465560e-02 7.492109202e-03 8.933736011e-03
      vertex 4.350531846e-02 7.450498641e-03 8.971519768e-03
    endloop
  endfacet
  facet normal -8.883007802e-03 -6.757990718e-01 -7.370324135e-01
    outer loop
      vertex 4.387044162e-02 7.391661406e-03 9.021067992e-03
      vertex 4.350531846e-02 7.450498641e-03 8.971519768e-03
      vertex 4.362095147e-02 7.293600589e-03 9.113987908e-03
    endloop
  endfacet
  facet normal -2.123996988e-02 -6.586728096e-01 -7.521296740e-01
    outer loop
      vertex 4.387044162e-02 7.391661406e-03 9.021067992e-03
      vertex 4.362095147e-02 7.293600589e-03 9.113987908e-03
      vertex 4.384607822e-02 7.248656359e-03 9.146990255e-03
    endloop
  endfacet
  facet normal -2.340842783e-02 -7.068818808e-01 -7.069441676e-01
    outer loop
      vertex 4.387044162e-02 7.391661406e-03 9.021067992e-03
      vertex 4.374452680e-02 7.567151915e-03 8.849766105e-03
      vertex 4.347465560e-02 7.492109202e-03 8.933736011e-03
    endloop
  endfacet
  facet normal -7.333292812e-02 -7.230724692e-01 -6.868686676e-01
    outer loop
      vertex 4.387044162e-02 7.391661406e-03 9.021067992e-03
      vertex 4.404106364e-02 7.405878045e-03 8.987885900e-03
      vertex 4.374452680e-02 7.567151915e-03 8.849766105e-03
    endloop
  endfacet
  facet normal -5.330245197e-02 -6.547463536e-01 -7.539668679e-01
    outer loop
      vertex 4.387044162e-02 7.391661406e-03 9.021067992e-03
      vertex 4.384607822e-02 7.248656359e-03 9.146990255e-03
      vertex 4.394277558e-02 7.189719006e-03 9.191338904e-03
    endloop
  endfacet
  facet normal -8.888041973e-02 -6.647293568e-01 -7.417783737e-01
    outer loop
      vertex 4.387044162e-02 7.391661406e-03 9.021067992e-03
      vertex 4.411037266e-02 7.196680643e-03 9.167045355e-03
      vertex 4.404106364e-02 7.405878045e-03 8.987885900e-03
    endloop
  endfacet
  facet normal -8.097416908e-02 -6.593028903e-01 -7.475045323e-01
    outer loop
      vertex 4.387044162e-02 7.391661406e-03 9.021067992e-03
      vertex 4.394277558e-02 7.189719006e-03 9.191338904e-03
      vertex 4.411037266e-02 7.196680643e-03 9.167045355e-03
    endloop
  endfacet
  facet normal -5.716628581e-02 9.117920995e-01 -4.066536725e-01
    outer loop
      vertex 4.700003192e-02 -8.072895929e-03 7.549917325e-03
      vertex 4.289089143e-02 -8.093136363e-03 8.082184009e-03
      vertex 4.699998721e-02 -8.304467425e-03 7.030698005e-03
    endloop
  endfacet
  facet normal -5.716647953e-02 9.117922783e-01 -4.066532552e-01
    outer loop
      vertex 4.700003192e-02 -8.072895929e-03 7.549917325e-03
      vertex 4.700004682e-02 -7.982932031e-03 7.751628291e-03
      vertex 4.289089143e-02 -8.093136363e-03 8.082184009e-03
    endloop
  endfacet
  facet normal -1.874594241e-01 8.970984817e-01 -4.000916779e-01
    outer loop
      vertex 4.700003192e-02 -8.072895929e-03 7.549917325e-03
      vertex 4.934783652e-02 -8.633012883e-03 5.194002297e-03
      vertex 4.700004682e-02 -7.982932031e-03 7.751628291e-03
    endloop
  endfacet
  facet normal -1.874506176e-01 8.971006274e-01 -4.000909626e-01
    outer loop
      vertex 4.700003192e-02 -8.072895929e-03 7.549917325e-03
      vertex 4.699998721e-02 -8.304467425e-03 7.030698005e-03
      vertex 4.934783652e-02 -8.633012883e-03 5.194002297e-03
    endloop
  endfacet
  facet normal -1.273133792e-02 7.837013602e-01 -6.210073829e-01
    outer loop
      vertex 4.353839532e-02 -7.714897860e-03 8.661574684e-03
      vertex 4.308634996e-02 -7.694312371e-03 8.696818724e-03
      vertex 4.322853684e-02 -7.785665803e-03 8.578618057e-03
    endloop
  endfacet
  facet normal -1.457675360e-02 7.706234455e-01 -6.371240616e-01
    outer loop
      vertex 4.353839532e-02 -7.714897860e-03 8.661574684e-03
      vertex 4.315233976e-02 -7.669590414e-03 8.725211024e-03
      vertex 4.308634996e-02 -7.694312371e-03 8.696818724e-03
    endloop
  endfacet
  facet normal -1.766510494e-02 7.607585788e-01 -6.487945914e-01
    outer loop
      vertex 4.353839532e-02 -7.714897860e-03 8.661574684e-03
      vertex 4.371563345e-02 -7.576794829e-03 8.818685077e-03
      vertex 4.315233976e-02 -7.669590414e-03 8.725211024e-03
    endloop
  endfacet
  facet normal -7.090815902e-02 7.946484089e-01 -6.029145122e-01
    outer loop
      vertex 4.353839532e-02 -7.714897860e-03 8.661574684e-03
      vertex 4.372027889e-02 -7.746536285e-03 8.598485962e-03
      vertex 4.389170930e-02 -7.600663695e-03 8.770584129e-03
    endloop
  endfacet
  facet normal -6.263550371e-02 7.835711837e-01 -6.181367040e-01
    outer loop
      vertex 4.353839532e-02 -7.714897860e-03 8.661574684e-03
      vertex 4.389170930e-02 -7.600663695e-03 8.770584129e-03
      vertex 4.371563345e-02 -7.576794829e-03 8.818685077e-03
    endloop
  endfacet
  facet normal -4.698440060e-02 8.320472836e-01 -5.527113080e-01
    outer loop
      vertex 4.353839532e-02 -7.714897860e-03 8.661574684e-03
      vertex 4.309814796e-02 -7.901214063e-03 8.418514393e-03
      vertex 4.372027889e-02 -7.746536285e-03 8.598485962e-03
    endloop
  endfacet
  facet normal -3.707640246e-02 8.244075775e-01 -5.647809505e-01
    outer loop
      vertex 4.353839532e-02 -7.714897860e-03 8.661574684e-03
      vertex 4.322853684e-02 -7.785665803e-03 8.578618057e-03
      vertex 4.309814796e-02 -7.901214063e-03 8.418514393e-03
    endloop
  endfacet
  facet normal 1.051400527e-01 -9.935763478e-01 -4.185226560e-02
    outer loop
      vertex 1.255704183e-02 9.257847443e-03 4.733807407e-03
      vertex 1.304393727e-02 9.290639311e-03 5.178565159e-03
      vertex 1.321659051e-02 9.311498143e-03 5.117100198e-03
    endloop
  endfacet
  facet normal 1.089497432e-01 -9.929797053e-01 -4.605724290e-02
    outer loop
      vertex 1.255704183e-02 9.257847443e-03 4.733807407e-03
      vertex 1.140002441e-02 9.131724015e-03 4.716030322e-03
      vertex 1.304393727e-02 9.290639311e-03 5.178565159e-03
    endloop
  endfacet
  facet normal 1.086522266e-01 -9.938713908e-01 -2.035458013e-02
    outer loop
      vertex 1.255704183e-02 9.257847443e-03 4.733807407e-03
      vertex 1.255996153e-02 9.272870608e-03 4.015722312e-03
      vertex 1.140002441e-02 9.131724015e-03 4.716030322e-03
    endloop
  endfacet
  facet normal 1.029388607e-01 -9.944788218e-01 -2.038480900e-02
    outer loop
      vertex 1.255704183e-02 9.257847443e-03 4.733807407e-03
      vertex 1.305023022e-02 9.328156710e-03 3.794361604e-03
      vertex 1.255996153e-02 9.272870608e-03 4.015722312e-03
    endloop
  endfacet
  facet normal 9.519205987e-02 -9.951573014e-01 -2.450503968e-02
    outer loop
      vertex 1.255704183e-02 9.257847443e-03 4.733807407e-03
      vertex 1.321659051e-02 9.311498143e-03 5.117100198e-03
      vertex 1.305023022e-02 9.328156710e-03 3.794361604e-03
    endloop
  endfacet
  facet normal 3.543063253e-02 -9.983245134e-01 -4.574918747e-02
    outer loop
      vertex 1.330003515e-02 9.317103773e-03 5.059412215e-03
      vertex 1.340418961e-02 9.337946773e-03 4.685302731e-03
      vertex 1.321659051e-02 9.311498143e-03 5.117100198e-03
    endloop
  endfacet
  facet normal 1.027862262e-02 -9.985537529e-01 -5.277131498e-02
    outer loop
      vertex 1.330003515e-02 9.317103773e-03 5.059412215e-03
      vertex 1.349993981e-02 9.323891252e-03 4.969913512e-03
      vertex 1.340418961e-02 9.337946773e-03 4.685302731e-03
    endloop
  endfacet
  facet normal -5.571236368e-03 -9.961060882e-01 -8.798623085e-02
    outer loop
      vertex 1.330003515e-02 9.317103773e-03 5.059412215e-03
      vertex 1.341976505e-02 9.282085113e-03 5.448275711e-03
      vertex 1.349993981e-02 9.323891252e-03 4.969913512e-03
    endloop
  endfacet
  facet normal 4.040344618e-03 -9.958493710e-01 -9.092717618e-02
    outer loop
      vertex 1.330003515e-02 9.317103773e-03 5.059412215e-03
      vertex 1.321659051e-02 9.311498143e-03 5.117100198e-03
      vertex 1.341976505e-02 9.282085113e-03 5.448275711e-03
    endloop
  endfacet
  facet normal -2.016819641e-02 -8.317418694e-01 -5.547960401e-01
    outer loop
      vertex 4.312785342e-02 7.840615697e-03 8.533232845e-03
      vertex 4.336054996e-02 7.824162953e-03 8.549439721e-03
      vertex 4.291382059e-02 7.982834242e-03 8.327805437e-03
    endloop
  endfacet
  facet normal -1.370209549e-02 -7.933336496e-01 -6.086329222e-01
    outer loop
      vertex 4.312785342e-02 7.840615697e-03 8.533232845e-03
      vertex 4.296455160e-02 7.757891901e-03 8.644736372e-03
      vertex 4.336054996e-02 7.824162953e-03 8.549439721e-03
    endloop
  endfacet
  facet normal -7.743543945e-03 -7.976291776e-01 -6.030983925e-01
    outer loop
      vertex 4.312785342e-02 7.840615697e-03 8.533232845e-03
      vertex 1.350014005e-02 8.264230564e-03 8.353382349e-03
      vertex 4.296455160e-02 7.757891901e-03 8.644736372e-03
    endloop
  endfacet
  facet normal -1.069286000e-02 -9.251787663e-01 -3.793810010e-01
    outer loop
      vertex 4.105775803e-02 8.556997404e-03 7.181952242e-03
      vertex 1.350001805e-02 8.798650466e-03 7.369329222e-03
      vertex 4.127210006e-02 8.538261056e-03 7.221596781e-03
    endloop
  endfacet
  facet normal -1.066566166e-02 -9.285172224e-01 -3.711361289e-01
    outer loop
      vertex 4.105775803e-02 8.556997404e-03 7.181952242e-03
      vertex 1.345986687e-02 8.890768513e-03 7.140017580e-03
      vertex 1.350001805e-02 8.798650466e-03 7.369329222e-03
    endloop
  endfacet
  facet normal -1.069639437e-02 -9.304493666e-01 -3.662641644e-01
    outer loop
      vertex 4.105775803e-02 8.556997404e-03 7.181952242e-03
      vertex 1.876389049e-02 8.971969597e-03 6.778838579e-03
      vertex 1.345986687e-02 8.890768513e-03 7.140017580e-03
    endloop
  endfacet
  facet normal -1.109361183e-02 -9.364891052e-01 -3.505212963e-01
    outer loop
      vertex 4.105775803e-02 8.556997404e-03 7.181952242e-03
      vertex 4.085560888e-02 8.626366965e-03 7.003013510e-03
      vertex 1.876389049e-02 8.971969597e-03 6.778838579e-03
    endloop
  endfacet
  facet normal -1.865147240e-02 -9.391332865e-01 -3.430463076e-01
    outer loop
      vertex 4.105775803e-02 8.556997404e-03 7.181952242e-03
      vertex 4.127210006e-02 8.538261056e-03 7.221596781e-03
      vertex 4.085560888e-02 8.626366965e-03 7.003013510e-03
    endloop
  endfacet
  facet normal -4.762751237e-02 -9.197550416e-01 -3.895925879e-01
    outer loop
      vertex 4.230174422e-02 8.309111930e-03 7.703091018e-03
      vertex 4.207747430e-02 8.274944499e-03 7.811170537e-03
      vertex 4.272012413e-02 8.173620328e-03 7.971813902e-03
    endloop
  endfacet
  facet normal -5.203055590e-02 -9.219330549e-01 -3.838389516e-01
    outer loop
      vertex 4.230174422e-02 8.309111930e-03 7.703091018e-03
      vertex 4.272012413e-02 8.173620328e-03 7.971813902e-03
      vertex 4.699998721e-02 8.628117852e-03 6.300005596e-03
    endloop
  endfacet
  facet normal -4.232018068e-02 -9.342417121e-01 -3.541204929e-01
    outer loop
      vertex 4.230174422e-02 8.309111930e-03 7.703091018e-03
      vertex 4.699998721e-02 8.628117852e-03 6.300005596e-03
      vertex 4.127210006e-02 8.538261056e-03 7.221596781e-03
    endloop
  endfacet
  facet normal -3.524745256e-02 -9.295580983e-01 -3.669868410e-01
    outer loop
      vertex 4.230174422e-02 8.309111930e-03 7.703091018e-03
      vertex 4.127210006e-02 8.538261056e-03 7.221596781e-03
      vertex 4.207747430e-02 8.274944499e-03 7.811170537e-03
    endloop
  endfacet
  facet normal -3.174495883e-03 -8.835417628e-01 -4.683416486e-01
    outer loop
      vertex 1.350001339e-02 8.626404218e-03 7.739522494e-03
      vertex 1.320735551e-02 8.622458205e-03 7.748950273e-03
      vertex 1.330005284e-02 8.512982167e-03 7.954850793e-03
    endloop
  endfacet
  facet normal -9.417001158e-03 -8.810855150e-01 -4.728632569e-01
    outer loop
      vertex 1.350001339e-02 8.626404218e-03 7.739522494e-03
      vertex 1.330005284e-02 8.512982167e-03 7.954850793e-03
      vertex 4.237351194e-02 8.102450520e-03 8.140806109e-03
    endloop
  endfacet
  facet normal -9.795309976e-03 -8.895685673e-01 -4.566966891e-01
    outer loop
      vertex 1.350001339e-02 8.626404218e-03 7.739522494e-03
      vertex 4.237351194e-02 8.102450520e-03 8.140806109e-03
      vertex 4.207747430e-02 8.274944499e-03 7.811170537e-03
    endloop
  endfacet
  facet normal -2.545434283e-03 -8.918695450e-01 -4.522855580e-01
    outer loop
      vertex 1.350001339e-02 8.626404218e-03 7.739522494e-03
      vertex 1.330006868e-02 8.681999519e-03 7.631018292e-03
      vertex 1.320735551e-02 8.622458205e-03 7.748950273e-03
    endloop
  endfacet
  facet normal -1.281221583e-02 -9.193964601e-01 -3.931233883e-01
    outer loop
      vertex 4.150912166e-02 8.296611719e-03 7.779020816e-03
      vertex 4.207747430e-02 8.274944499e-03 7.811170537e-03
      vertex 4.127210006e-02 8.538261056e-03 7.221596781e-03
    endloop
  endfacet
  facet normal -1.071267109e-02 -9.190973639e-01 -3.938848972e-01
    outer loop
      vertex 4.150912166e-02 8.296611719e-03 7.779020816e-03
      vertex 4.127210006e-02 8.538261056e-03 7.221596781e-03
      vertex 1.350001805e-02 8.798650466e-03 7.369329222e-03
    endloop
  endfacet
  facet normal 8.173348010e-02 -9.519777298e-01 -2.950560749e-01
    outer loop
      vertex 1.303618774e-02 9.062602185e-03 6.540401839e-03
      vertex 1.320988592e-02 8.896450512e-03 7.124600001e-03
      vertex 1.321228594e-02 9.099222720e-03 6.471026689e-03
    endloop
  endfacet
  facet normal 1.078989804e-01 -9.473370910e-01 -3.015134931e-01
    outer loop
      vertex 1.303618774e-02 9.062602185e-03 6.540401839e-03
      vertex 1.140002441e-02 8.614917286e-03 7.361485623e-03
      vertex 1.320988592e-02 8.896450512e-03 7.124600001e-03
    endloop
  endfacet
  facet normal 1.171493381e-01 -9.512729049e-01 -2.852295041e-01
    outer loop
      vertex 1.303618774e-02 9.062602185e-03 6.540401839e-03
      vertex 1.140002441e-02 8.750196546e-03 6.910308264e-03
      vertex 1.140002441e-02 8.614917286e-03 7.361485623e-03
    endloop
  endfacet
  facet normal 1.171500012e-01 -9.512749314e-01 -2.852225602e-01
    outer loop
      vertex 1.303618774e-02 9.062602185e-03 6.540401839e-03
      vertex 1.140002441e-02 8.964562789e-03 6.195363123e-03
      vertex 1.140002441e-02 8.750196546e-03 6.910308264e-03
    endloop
  endfacet
  facet normal 1.077066436e-01 -9.656763673e-01 -2.363648415e-01
    outer loop
      vertex 1.303618774e-02 9.062602185e-03 6.540401839e-03
      vertex 1.321228594e-02 9.099222720e-03 6.471026689e-03
      vertex 1.140002441e-02 8.964562789e-03 6.195363123e-03
    endloop
  endfacet
  facet normal 9.084708290e-04 -9.683403373e-01 -2.496319860e-01
    outer loop
      vertex 1.344593428e-02 9.068137966e-03 6.592453923e-03
      vertex 1.330003794e-02 9.122144431e-03 6.382433232e-03
      vertex 1.321228594e-02 9.099222720e-03 6.471026689e-03
    endloop
  endfacet
  facet normal -8.752005175e-03 -9.699084759e-01 -2.433129102e-01
    outer loop
      vertex 1.344593428e-02 9.068137966e-03 6.592453923e-03
      vertex 1.349999197e-02 9.064007550e-03 6.606973242e-03
      vertex 1.330003794e-02 9.122144431e-03 6.382433232e-03
    endloop
  endfacet
  facet normal 8.727622218e-03 -9.527844191e-01 -3.035220504e-01
    outer loop
      vertex 1.344593428e-02 9.068137966e-03 6.592453923e-03
      vertex 1.320988592e-02 8.896450512e-03 7.124600001e-03
      vertex 1.349999197e-02 9.064007550e-03 6.606973242e-03
    endloop
  endfacet
  facet normal 2.687001042e-02 -9.547714591e-01 -2.961240411e-01
    outer loop
      vertex 1.344593428e-02 9.068137966e-03 6.592453923e-03
      vertex 1.321228594e-02 9.099222720e-03 6.471026689e-03
      vertex 1.320988592e-02 8.896450512e-03 7.124600001e-03
    endloop
  endfacet
  facet normal -1.593000814e-02 -9.567913413e-01 -2.903385460e-01
    outer loop
      vertex 4.014338553e-02 8.767729625e-03 6.576238200e-03
      vertex 4.085560888e-02 8.626366965e-03 7.003013510e-03
      vertex 4.052972421e-02 8.770744316e-03 6.545106415e-03
    endloop
  endfacet
  facet normal -1.193196513e-02 -9.549866319e-01 -2.964087725e-01
    outer loop
      vertex 4.014338553e-02 8.767729625e-03 6.576238200e-03
      vertex 1.876389049e-02 8.971969597e-03 6.778838579e-03
      vertex 4.085560888e-02 8.626366965e-03 7.003013510e-03
    endloop
  endfacet
  facet normal -1.153776236e-02 -9.710429907e-01 -2.386258692e-01
    outer loop
      vertex 4.014338553e-02 8.767729625e-03 6.576238200e-03
      vertex 1.874808967e-02 9.181740694e-03 5.925976206e-03
      vertex 1.876389049e-02 8.971969597e-03 6.778838579e-03
    endloop
  endfacet
  facet normal -1.157157682e-02 -9.712728262e-01 -2.376872748e-01
    outer loop
      vertex 4.014338553e-02 8.767729625e-03 6.576238200e-03
      vertex 4.052972421e-02 8.770744316e-03 6.545106415e-03
      vertex 1.874808967e-02 9.181740694e-03 5.925976206e-03
    endloop
  endfacet
  facet normal 1.917826943e-03 -9.278115630e-01 -3.730443120e-01
    outer loop
      vertex 1.345986687e-02 8.890768513e-03 7.140017580e-03
      vertex 1.320988592e-02 8.896450512e-03 7.124600001e-03
      vertex 1.350001805e-02 8.798650466e-03 7.369329222e-03
    endloop
  endfacet
  facet normal -2.540698042e-03 -9.509737492e-01 -3.092609346e-01
    outer loop
      vertex 1.345986687e-02 8.890768513e-03 7.140017580e-03
      vertex 1.349999197e-02 9.064007550e-03 6.606973242e-03
      vertex 1.320988592e-02 8.896450512e-03 7.124600001e-03
    endloop
  endfacet
  facet normal -6.519843824e-03 -9.508681297e-01 -3.095274568e-01
    outer loop
      vertex 1.345986687e-02 8.890768513e-03 7.140017580e-03
      vertex 1.876389049e-02 8.971969597e-03 6.778838579e-03
      vertex 1.349999197e-02 9.064007550e-03 6.606973242e-03
    endloop
  endfacet
  facet normal -2.718812786e-02 -7.736992091e-02 9.966316223e-01
    outer loop
      vertex 1.827001572e-02 2.127772430e-03 -1.106340811e-02
      vertex 1.818647049e-02 1.075983862e-03 -1.114733890e-02
      vertex 1.330004912e-02 3.227222012e-03 -1.111363154e-02
    endloop
  endfacet
  facet normal -2.751203813e-02 -7.884340733e-02 9.965072274e-01
    outer loop
      vertex 1.827001572e-02 2.127772430e-03 -1.106340811e-02
      vertex 1.330004912e-02 3.227222012e-03 -1.111363154e-02
      vertex 1.837065443e-02 3.170694690e-03 -1.097811386e-02
    endloop
  endfacet
  facet normal -3.518734127e-02 -7.671831548e-02 9.964317083e-01
    outer loop
      vertex 1.827001572e-02 2.127772430e-03 -1.106340811e-02
      vertex 2.338513546e-02 5.631389213e-04 -1.100324094e-02
      vertex 1.818647049e-02 1.075983862e-03 -1.114733890e-02
    endloop
  endfacet
  facet normal -3.527336195e-02 -7.699909806e-02 9.964069724e-01
    outer loop
      vertex 1.827001572e-02 2.127772430e-03 -1.106340811e-02
      vertex 2.342702262e-02 1.110830577e-03 -1.095943432e-02
      vertex 2.338513546e-02 5.631389213e-04 -1.100324094e-02
    endloop
  endfacet
  facet normal -3.547997028e-02 -7.805895060e-02 9.963172674e-01
    outer loop
      vertex 1.827001572e-02 2.127772430e-03 -1.106340811e-02
      vertex 1.837065443e-02 3.170694690e-03 -1.097811386e-02
      vertex 2.342702262e-02 1.110830577e-03 -1.095943432e-02
    endloop
  endfacet
  facet normal -5.617035180e-02 -1.369344443e-01 9.889863133e-01
    outer loop
      vertex 2.355526760e-02 2.183927922e-03 -1.082027704e-02
      vertex 1.837065443e-02 3.170694690e-03 -1.097811386e-02
      vertex 2.370962687e-02 3.241484286e-03 -1.066508144e-02
    endloop
  endfacet
  facet normal -5.341789126e-02 -1.221368983e-01 9.910748005e-01
    outer loop
      vertex 2.355526760e-02 2.183927922e-03 -1.082027704e-02
      vertex 2.342702262e-02 1.110830577e-03 -1.095943432e-02
      vertex 1.837065443e-02 3.170694690e-03 -1.097811386e-02
    endloop
  endfacet
  facet normal -7.221157104e-02 -1.197738871e-01 9.901715517e-01
    outer loop
      vertex 2.355526760e-02 2.183927922e-03 -1.082027704e-02
      vertex 2.832634747e-02 8.617091225e-04 -1.063226908e-02
      vertex 2.342702262e-02 1.110830577e-03 -1.095943432e-02
    endloop
  endfacet
  facet normal -7.604409754e-02 -1.338997036e-01 9.880728722e-01
    outer loop
      vertex 2.355526760e-02 2.183927922e-03 -1.082027704e-02
      vertex 2.370962687e-02 3.241484286e-03 -1.066508144e-02
      vertex 2.832634747e-02 8.617091225e-04 -1.063226908e-02
    endloop
  endfacet
  facet normal -8.401385695e-02 -1.295267977e-02 9.963803887e-01
    outer loop
      vertex 2.826193720e-02 2.341297368e-04 -1.067981869e-02
      vertex 2.839985304e-02 1.331031526e-04 -1.066950336e-02
      vertex 2.825755440e-02 1.080600396e-05 -1.068309136e-02
    endloop
  endfacet
  facet normal -7.297827303e-02 -1.317996439e-02 9.972463846e-01
    outer loop
      vertex 2.826193720e-02 2.341297368e-04 -1.067981869e-02
      vertex 2.825755440e-02 1.080600396e-05 -1.068309136e-02
      vertex 2.461004816e-02 1.042872918e-05 -1.095002238e-02
    endloop
  endfacet
  facet normal -7.025271654e-02 -6.268089265e-02 9.955579042e-01
    outer loop
      vertex 2.826193720e-02 2.341297368e-04 -1.067981869e-02
      vertex 2.338513546e-02 5.631389213e-04 -1.100324094e-02
      vertex 2.843834087e-02 6.448166096e-04 -1.064151339e-02
    endloop
  endfacet
  facet normal -7.004243881e-02 -5.934778601e-02 9.957770109e-01
    outer loop
      vertex 2.826193720e-02 2.341297368e-04 -1.067981869e-02
      vertex 2.461004816e-02 1.042872918e-05 -1.095002238e-02
      vertex 2.338513546e-02 5.631389213e-04 -1.100324094e-02
    endloop
  endfacet
  facet normal -1.081227958e-01 -4.618477449e-02 9.930641651e-01
    outer loop
      vertex 2.826193720e-02 2.341297368e-04 -1.067981869e-02
      vertex 2.843834087e-02 6.448166096e-04 -1.064151339e-02
      vertex 2.839985304e-02 1.331031526e-04 -1.066950336e-02
    endloop
  endfacet
  facet normal -3.243255988e-02 2.841632068e-01 9.582272172e-01
    outer loop
      vertex 1.330006775e-02 -3.953746054e-03 -1.098695304e-02
      vertex 1.842914522e-02 -3.683573334e-03 -1.089347154e-02
      vertex 1.350001246e-02 -4.036180209e-03 -1.095573977e-02
    endloop
  endfacet
  facet normal -2.895802259e-02 2.117444724e-01 9.768959284e-01
    outer loop
      vertex 1.330006775e-02 -3.953746054e-03 -1.098695304e-02
      vertex 1.349992305e-02 -3.501902800e-03 -1.107896678e-02
      vertex 1.842914522e-02 -3.683573334e-03 -1.089347154e-02
    endloop
  endfacet
  facet normal 2.222383395e-02 1.900478750e-01 9.815232754e-01
    outer loop
      vertex 1.330006775e-02 -3.953746054e-03 -1.098695304e-02
      vertex 1.306139678e-02 -3.936612979e-03 -1.098486595e-02
      vertex 1.349992305e-02 -3.501902800e-03 -1.107896678e-02
    endloop
  endfacet
  facet normal 3.395992145e-02 3.596693873e-01 9.324616194e-01
    outer loop
      vertex 1.330006775e-02 -3.953746054e-03 -1.098695304e-02
      vertex 1.306138560e-02 -4.321239423e-03 -1.083650626e-02
      vertex 1.306139678e-02 -3.936612979e-03 -1.098486595e-02
    endloop
  endfacet
  facet normal 9.281991981e-03 3.736862242e-01 9.275087714e-01
    outer loop
      vertex 1.330006775e-02 -3.953746054e-03 -1.098695304e-02
      vertex 1.350001246e-02 -4.036180209e-03 -1.095573977e-02
      vertex 1.306138560e-02 -4.321239423e-03 -1.083650626e-02
    endloop
  endfacet
  facet normal -4.567364603e-02 -5.463508964e-01 8.363101482e-01
    outer loop
      vertex 2.413463034e-02 5.265264772e-03 -9.824641049e-03
      vertex 1.856497861e-02 4.731917754e-03 -1.047724485e-02
      vertex 1.864549704e-02 5.192625336e-03 -1.017187349e-02
    endloop
  endfacet
  facet normal -4.507575557e-02 -5.572249889e-01 8.291372061e-01
    outer loop
      vertex 2.413463034e-02 5.265264772e-03 -9.824641049e-03
      vertex 1.864549704e-02 5.192625336e-03 -1.017187349e-02
      vertex 4.769523814e-02 7.424999960e-03 -7.092319429e-03
    endloop
  endfacet
  facet normal -4.910682142e-02 -5.260567069e-01 8.490305543e-01
    outer loop
      vertex 2.413463034e-02 5.265264772e-03 -9.824641049e-03
      vertex 2.400976233e-02 4.800093826e-03 -1.012008172e-02
      vertex 1.856497861e-02 4.731917754e-03 -1.047724485e-02
    endloop
  endfacet
  facet normal -5.027361214e-02 -5.257992744e-01 8.491216898e-01
    outer loop
      vertex 2.413463034e-02 5.265264772e-03 -9.824641049e-03
      vertex 4.769523814e-02 7.424999960e-03 -7.092319429e-03
      vertex 2.400976233e-02 4.800093826e-03 -1.012008172e-02
    endloop
  endfacet
  facet normal -2.514027804e-02 -5.492536426e-01 8.352774382e-01
    outer loop
      vertex 1.864549704e-02 5.192625336e-03 -1.017187349e-02
      vertex 1.856497861e-02 4.731917754e-03 -1.047724485e-02
      vertex 1.329945493e-02 4.782104865e-03 -1.060272660e-02
    endloop
  endfacet
  facet normal -2.067406662e-02 -6.339670420e-01 7.730837464e-01
    outer loop
      vertex 1.864549704e-02 5.192625336e-03 -1.017187349e-02
      vertex 1.329974178e-02 5.266014021e-03 -1.025465038e-02
      vertex 1.873521693e-02 5.617104936e-03 -9.821379557e-03
    endloop
  endfacet
  facet normal -3.348889574e-02 -6.321287155e-01 7.741394043e-01
    outer loop
      vertex 1.864549704e-02 5.192625336e-03 -1.017187349e-02
      vertex 1.873521693e-02 5.617104936e-03 -9.821379557e-03
      vertex 4.769523814e-02 7.424999960e-03 -7.092319429e-03
    endloop
  endfacet
  facet normal 7.995614409e-02 -5.820939541e-01 8.091807961e-01
    outer loop
      vertex 1.329965331e-02 5.115854554e-03 -1.036266051e-02
      vertex 1.140002441e-02 4.761971999e-03 -1.042952668e-02
      vertex 1.329974178e-02 5.266014021e-03 -1.025465038e-02
    endloop
  endfacet
  facet normal 7.995484024e-02 -5.820910931e-01 8.091830611e-01
    outer loop
      vertex 1.329965331e-02 5.115854554e-03 -1.036266051e-02
      vertex 1.329945493e-02 4.782104865e-03 -1.060272660e-02
      vertex 1.140002441e-02 4.761971999e-03 -1.042952668e-02
    endloop
  endfacet
  facet normal 2.523392625e-02 -6.929969788e-01 7.204987407e-01
    outer loop
      vertex 1.349999290e-02 5.609317683e-03 -9.944740683e-03
      vertex 1.305806916e-02 5.409458186e-03 -1.012149546e-02
      vertex 1.330004539e-02 5.806416273e-03 -9.748161770e-03
    endloop
  endfacet
  facet normal 8.333305828e-03 -6.727325916e-01 7.398387790e-01
    outer loop
      vertex 1.349999290e-02 5.609317683e-03 -9.944740683e-03
      vertex 1.329974178e-02 5.266014021e-03 -1.025465038e-02
      vertex 1.305806916e-02 5.409458186e-03 -1.012149546e-02
    endloop
  endfacet
  facet normal -1.661339030e-02 -6.646332145e-01 7.469850779e-01
    outer loop
      vertex 1.349999290e-02 5.609317683e-03 -9.944740683e-03
      vertex 1.873521693e-02 5.617104936e-03 -9.821379557e-03
      vertex 1.329974178e-02 5.266014021e-03 -1.025465038e-02
    endloop
  endfacet
  facet normal -1.566137373e-02 -7.049000859e-01 7.091336846e-01
    outer loop
      vertex 1.349999290e-02 5.609317683e-03 -9.944740683e-03
      vertex 1.883458160e-02 6.004350726e-03 -9.434251115e-03
      vertex 1.873521693e-02 5.617104936e-03 -9.821379557e-03
    endloop
  endfacet
  facet normal -1.423294935e-02 -7.133041024e-01 7.007101774e-01
    outer loop
      vertex 1.349999290e-02 5.609317683e-03 -9.944740683e-03
      vertex 1.330004539e-02 5.806416273e-03 -9.748161770e-03
      vertex 1.883458160e-02 6.004350726e-03 -9.434251115e-03
    endloop
  endfacet
  facet normal -2.768317424e-02 -9.836932272e-02 9.947649240e-01
    outer loop
      vertex 1.330004912e-02 3.227222012e-03 -1.111363154e-02
      vertex 1.349992305e-02 3.521505278e-03 -1.107896864e-02
      vertex 1.837065443e-02 3.170694690e-03 -1.097811386e-02
    endloop
  endfacet
  facet normal 1.141322218e-02 -3.346805274e-01 -9.422625899e-01
    outer loop
      vertex 1.350027043e-02 5.649434403e-03 1.037965622e-02
      vertex 1.324580051e-02 5.805301014e-03 1.032121293e-02
      vertex 1.330146380e-02 5.295255221e-03 1.050304901e-02
    endloop
  endfacet
  facet normal -6.912183482e-03 -3.609946966e-01 -9.325422049e-01
    outer loop
      vertex 1.350027043e-02 5.649434403e-03 1.037965622e-02
      vertex 1.330029778e-02 5.806404166e-03 1.032038033e-02
      vertex 1.324580051e-02 5.805301014e-03 1.032121293e-02
    endloop
  endfacet
  facet normal -1.066920906e-02 -3.651233613e-01 -9.308980107e-01
    outer loop
      vertex 1.350027043e-02 5.649434403e-03 1.037965622e-02
      vertex 2.135062218e-02 5.394783802e-03 1.038955990e-02
      vertex 1.330029778e-02 5.806404166e-03 1.032038033e-02
    endloop
  endfacet
  facet normal -9.326859377e-03 -3.243098259e-01 -9.459049702e-01
    outer loop
      vertex 1.350027043e-02 5.649434403e-03 1.037965622e-02
      vertex 1.330146380e-02 5.295255221e-03 1.050304901e-02
      vertex 2.135062218e-02 5.394783802e-03 1.038955990e-02
    endloop
  endfacet
  facet normal -7.977757603e-03 -1.005971581e-01 -9.948952198e-01
    outer loop
      vertex 1.430942304e-02 3.781143809e-03 1.078417525e-02
      vertex 1.440957095e-02 3.765759757e-03 1.078492776e-02
      vertex 1.529543474e-02 3.751145443e-03 1.077930257e-02
    endloop
  endfacet
  facet normal -7.974864915e-03 -1.006266549e-01 -9.948923588e-01
    outer loop
      vertex 1.430942304e-02 3.781143809e-03 1.078417525e-02
      vertex 1.529543474e-02 3.751145443e-03 1.077930257e-02
      vertex 1.397595461e-02 3.832369111e-03 1.078166813e-02
    endloop
  endfacet
  facet normal -5.249641370e-03 -8.306265622e-02 -9.965305328e-01
    outer loop
      vertex 1.430942304e-02 3.781143809e-03 1.078417525e-02
      vertex 1.430924237e-02 3.673857311e-03 1.079311874e-02
      vertex 1.440957095e-02 3.765759757e-03 1.078492776e-02
    endloop
  endfacet
  facet normal -5.274289288e-03 -8.306214213e-02 -9.965304136e-01
    outer loop
      vertex 1.430942304e-02 3.781143809e-03 1.078417525e-02
      vertex 1.397595461e-02 3.832369111e-03 1.078166813e-02
      vertex 1.430924237e-02 3.673857311e-03 1.079311874e-02
    endloop
  endfacet
  facet normal -7.460148074e-03 1.404180974e-01 -9.900642037e-01
    outer loop
      vertex 1.342893019e-02 -4.268724937e-03 1.072957553e-02
      vertex 1.424284838e-02 -4.182661418e-03 1.073564962e-02
      vertex 1.373264939e-02 -4.153396469e-03 1.074364409e-02
    endloop
  endfacet
  facet normal -8.699667640e-03 1.224879920e-01 -9.924318790e-01
    outer loop
      vertex 1.393200736e-02 -4.028205760e-03 1.075809542e-02
      vertex 1.778232493e-02 -3.946166951e-03 1.073447056e-02
      vertex 1.490509231e-02 -3.922415897e-03 1.076262258e-02
    endloop
  endfacet
  facet normal -8.780754171e-03 1.264772862e-01 -9.919306636e-01
    outer loop
      vertex 1.393200736e-02 -4.028205760e-03 1.075809542e-02
      vertex 1.424284838e-02 -4.182661418e-03 1.073564962e-02
      vertex 1.778232493e-02 -3.946166951e-03 1.073447056e-02
    endloop
  endfacet
  facet normal -6.932069547e-03 1.133859232e-01 -9.935268760e-01
    outer loop
      vertex 1.393200736e-02 -4.028205760e-03 1.075809542e-02
      vertex 1.380015071e-02 -3.878065152e-03 1.077615004e-02
      vertex 1.357789058e-02 -4.042415414e-03 1.075894386e-02
    endloop
  endfacet
  facet normal -7.451284211e-03 1.263667941e-01 -9.919556379e-01
    outer loop
      vertex 1.393200736e-02 -4.028205760e-03 1.075809542e-02
      vertex 1.357789058e-02 -4.042415414e-03 1.075894386e-02
      vertex 1.373264939e-02 -4.153396469e-03 1.074364409e-02
    endloop
  endfacet
  facet normal -8.223649114e-03 1.275808066e-01 -9.917941093e-01
    outer loop
      vertex 1.393200736e-02 -4.028205760e-03 1.075809542e-02
      vertex 1.373264939e-02 -4.153396469e-03 1.074364409e-02
      vertex 1.424284838e-02 -4.182661418e-03 1.073564962e-02
    endloop
  endfacet
  facet normal 5.354064982e-03 -9.946878552e-01 1.027972028e-01
    outer loop
      vertex 1.330004074e-02 9.088261053e-03 2.622955653e-04
      vertex 4.699999839e-02 8.700000122e-03 -5.249999929e-03
      vertex 1.330003701e-02 8.980243467e-03 -7.829400711e-04
    endloop
  endfacet
  facet normal 3.245809348e-03 -9.959373474e-01 8.999031782e-02
    outer loop
      vertex 1.330004074e-02 9.088261053e-03 2.622955653e-04
      vertex 1.322470699e-02 9.155071341e-03 1.004391699e-03
      vertex 4.699999839e-02 8.700000122e-03 -5.249999929e-03
    endloop
  endfacet
  facet normal 5.292666331e-02 -9.940819740e-01 9.486769140e-02
    outer loop
      vertex 1.330004074e-02 9.088261053e-03 2.622955653e-04
      vertex 1.306071412e-02 9.017171338e-03 -3.490952076e-04
      vertex 1.322470699e-02 9.155071341e-03 1.004391699e-03
    endloop
  endfacet
  facet normal 3.284546733e-02 -9.941657186e-01 1.027405336e-01
    outer loop
      vertex 1.330004074e-02 9.088261053e-03 2.622955653e-04
      vertex 1.330003701e-02 8.980243467e-03 -7.829400711e-04
      vertex 1.306071412e-02 9.017171338e-03 -3.490952076e-04
    endloop
  endfacet
  facet normal -1.251554489e-02 -9.778719544e-01 -2.088292241e-01
    outer loop
      vertex 3.986582160e-02 8.904348128e-03 5.959277973e-03
      vertex 1.874808967e-02 9.181740694e-03 5.925976206e-03
      vertex 4.052972421e-02 8.770744316e-03 6.545106415e-03
    endloop
  endfacet
  facet normal -3.140326962e-02 -9.890366197e-01 -1.442928761e-01
    outer loop
      vertex 3.986582160e-02 8.904348128e-03 5.959277973e-03
      vertex 4.699998721e-02 8.628117852e-03 6.300005596e-03
      vertex 3.985158354e-02 8.930297568e-03 5.784517620e-03
    endloop
  endfacet
  facet normal -2.886512130e-02 -9.811558723e-01 -1.910496503e-01
    outer loop
      vertex 3.986582160e-02 8.904348128e-03 5.959277973e-03
      vertex 4.052972421e-02 8.770744316e-03 6.545106415e-03
      vertex 4.699998721e-02 8.628117852e-03 6.300005596e-03
    endloop
  endfacet
  facet normal -8.801446296e-03 -6.757653952e-01 -7.370642424e-01
    outer loop
      vertex 4.350531846e-02 7.450498641e-03 8.971519768e-03
      vertex 3.653404489e-02 7.470901124e-03 9.036059491e-03
      vertex 4.362095147e-02 7.293600589e-03 9.113987908e-03
    endloop
  endfacet
  facet normal -8.801381104e-03 -6.757668257e-01 -7.370628715e-01
    outer loop
      vertex 4.350531846e-02 7.450498641e-03 8.971519768e-03
      vertex 4.347465560e-02 7.492109202e-03 8.933736011e-03
      vertex 3.653404489e-02 7.470901124e-03 9.036059491e-03
    endloop
  endfacet
  facet normal -3.529290482e-02 -8.850538731e-01 -4.641487002e-01
    outer loop
      vertex 4.291382059e-02 7.982834242e-03 8.327805437e-03
      vertex 4.312248155e-02 8.029000834e-03 8.223908022e-03
      vertex 4.237351194e-02 8.102450520e-03 8.140806109e-03
    endloop
  endfacet
  facet normal -5.293470249e-02 -8.687814474e-01 -4.923582673e-01
    outer loop
      vertex 4.291382059e-02 7.982834242e-03 8.327805437e-03
      vertex 4.354525357e-02 7.862964645e-03 8.471436799e-03
      vertex 4.312248155e-02 8.029000834e-03 8.223908022e-03
    endloop
  endfacet
  facet normal -4.240660369e-02 -8.508661985e-01 -5.236681104e-01
    outer loop
      vertex 4.291382059e-02 7.982834242e-03 8.327805437e-03
      vertex 4.336054996e-02 7.824162953e-03 8.549439721e-03
      vertex 4.354525357e-02 7.862964645e-03 8.471436799e-03
    endloop
  endfacet
  facet normal -5.695774034e-02 -7.935853601e-01 -6.057872176e-01
    outer loop
      vertex 4.358262569e-02 7.617774885e-03 8.798928000e-03
      vertex 4.391952604e-02 7.589565590e-03 8.804204874e-03
      vertex 4.336054996e-02 7.824162953e-03 8.549439721e-03
    endloop
  endfacet
  facet normal -5.679669231e-02 -7.920384407e-01 -6.078233719e-01
    outer loop
      vertex 4.358262569e-02 7.617774885e-03 8.798928000e-03
      vertex 4.374452680e-02 7.567151915e-03 8.849766105e-03
      vertex 4.391952604e-02 7.589565590e-03 8.804204874e-03
    endloop
  endfacet
  facet normal -9.317554533e-03 -7.277020216e-01 -6.858300567e-01
    outer loop
      vertex 4.358262569e-02 7.617774885e-03 8.798928000e-03
      vertex 4.324896634e-02 7.647485007e-03 8.771937340e-03
      vertex 4.347465560e-02 7.492109202e-03 8.933736011e-03
    endloop
  endfacet
  facet normal -1.160063222e-02 -7.267712951e-01 -6.867815852e-01
    outer loop
      vertex 4.358262569e-02 7.617774885e-03 8.798928000e-03
      vertex 4.347465560e-02 7.492109202e-03 8.933736011e-03
      vertex 4.374452680e-02 7.567151915e-03 8.849766105e-03
    endloop
  endfacet
  facet normal -1.780317724e-02 -7.744660974e-01 -6.323648095e-01
    outer loop
      vertex 4.358262569e-02 7.617774885e-03 8.798928000e-03
      vertex 4.296455160e-02 7.757891901e-03 8.644736372e-03
      vertex 4.324896634e-02 7.647485007e-03 8.771937340e-03
    endloop
  endfacet
  facet normal -2.035875246e-02 -7.791885734e-01 -6.264588237e-01
    outer loop
      vertex 4.358262569e-02 7.617774885e-03 8.798928000e-03
      vertex 4.336054996e-02 7.824162953e-03 8.549439721e-03
      vertex 4.296455160e-02 7.757891901e-03 8.644736372e-03
    endloop
  endfacet
  facet normal -6.900671124e-01 7.217046618e-01 5.431078747e-02
    outer loop
      vertex 5.385801569e-02 -7.636699826e-03 -1.086203032e-03
      vertex 5.412534997e-02 -7.462826557e-03 -1.734723476e-18
      vertex 5.394350365e-02 -7.636699826e-03 -1.734723476e-18
    endloop
  endfacet
  facet normal -6.900666356e-01 7.217050791e-01 5.431149527e-02
    outer loop
      vertex 5.385801569e-02 -7.636699826e-03 -1.086203032e-03
      vertex 5.403762311e-02 -7.462826557e-03 -1.114650164e-03
      vertex 5.412534997e-02 -7.462826557e-03 -1.734723476e-18
    endloop
  endfacet
  facet normal -6.287796497e-01 7.760072351e-01 4.948585108e-02
    outer loop
      vertex 5.385801569e-02 -7.636699826e-03 -1.086203032e-03
      vertex 5.394350365e-02 -7.636699826e-03 -1.734723476e-18
      vertex 5.269486457e-02 -8.633012883e-03 -2.419148514e-04
    endloop
  endfacet
  facet normal -6.149322391e-01 7.846382856e-01 7.874682546e-02
    outer loop
      vertex 5.385801569e-02 -7.636699826e-03 -1.086203032e-03
      vertex 5.269486457e-02 -8.633012883e-03 -2.419148514e-04
      vertex 5.257206410e-02 -8.633012883e-03 -1.200871891e-03
    endloop
  endfacet
  facet normal -6.139484644e-01 7.754623294e-01 1.473953575e-01
    outer loop
      vertex 5.385801569e-02 -7.636699826e-03 -1.086203032e-03
      vertex 5.257206410e-02 -8.633012883e-03 -1.200871891e-03
      vertex 5.360366404e-02 -7.636699826e-03 -2.145660110e-03
    endloop
  endfacet
  facet normal -6.730626225e-01 7.217175961e-01 1.615875810e-01
    outer loop
      vertex 5.385801569e-02 -7.636699826e-03 -1.086203032e-03
      vertex 5.377661064e-02 -7.462826557e-03 -2.201854018e-03
      vertex 5.403762311e-02 -7.462826557e-03 -1.114650164e-03
    endloop
  endfacet
  facet normal -6.730722785e-01 7.217079401e-01 1.615898907e-01
    outer loop
      vertex 5.385801569e-02 -7.636699826e-03 -1.086203032e-03
      vertex 5.360366404e-02 -7.636699826e-03 -2.145660110e-03
      vertex 5.377661064e-02 -7.462826557e-03 -2.201854018e-03
    endloop
  endfacet
  facet normal -5.702028424e-02 3.844601214e-01 -9.213788509e-01
    outer loop
      vertex 4.389673099e-02 -6.516280118e-03 9.597742930e-03
      vertex 4.397384822e-02 -6.547507364e-03 9.579945356e-03
      vertex 4.397367686e-02 -6.070057396e-03 9.779159911e-03
    endloop
  endfacet
  facet normal -1.367787365e-02 4.694056809e-01 -8.828765750e-01
    outer loop
      vertex 4.389673099e-02 -6.516280118e-03 9.597742930e-03
      vertex 3.656662256e-02 -6.271876395e-03 9.841264226e-03
      vertex 4.397384822e-02 -6.547507364e-03 9.579945356e-03
    endloop
  endfacet
  facet normal -1.667550579e-02 4.089764357e-01 -9.123926163e-01
    outer loop
      vertex 4.389673099e-02 -6.516280118e-03 9.597742930e-03
      vertex 4.369678348e-02 -6.288099103e-03 9.703678079e-03
      vertex 3.656662256e-02 -6.271876395e-03 9.841264226e-03
    endloop
  endfacet
  facet normal -5.072507635e-02 3.836287558e-01 -9.220932722e-01
    outer loop
      vertex 4.389673099e-02 -6.516280118e-03 9.597742930e-03
      vertex 4.397367686e-02 -6.070057396e-03 9.779159911e-03
      vertex 4.369678348e-02 -6.288099103e-03 9.703678079e-03
    endloop
  endfacet
  facet normal -1.091114525e-02 7.720663548e-01 6.354482770e-01
    outer loop
      vertex 1.349981129e-02 -6.110358518e-03 -9.373221546e-03
      vertex 1.883457974e-02 -5.984734744e-03 -9.434251115e-03
      vertex 4.699999839e-02 -7.636699826e-03 -6.943501998e-03
    endloop
  endfacet
  facet normal -1.078349538e-02 7.686252594e-01 6.396084428e-01
    outer loop
      vertex 1.349981129e-02 -6.110358518e-03 -9.373221546e-03
      vertex 1.329999417e-02 -6.096059922e-03 -9.393774904e-03
      vertex 1.883457974e-02 -5.984734744e-03 -9.434251115e-03
    endloop
  endfacet
  facet normal -9.792670608e-03 7.803686857e-01 6.252430677e-01
    outer loop
      vertex 1.349981129e-02 -6.110358518e-03 -9.373221546e-03
      vertex 4.699999839e-02 -7.636699826e-03 -6.943501998e-03
      vertex 4.699999839e-02 -8.633012883e-03 -5.700000096e-03
    endloop
  endfacet
  facet normal 7.154288888e-02 6.877123713e-01 7.224495411e-01
    outer loop
      vertex 1.330004726e-02 -5.648724269e-03 -9.890504181e-03
      vertex 1.308107749e-02 -5.782436114e-03 -9.741538204e-03
      vertex 1.306136046e-02 -5.294728559e-03 -1.020384207e-02
    endloop
  endfacet
  facet normal 3.534054756e-02 7.173343301e-01 6.958322525e-01
    outer loop
      vertex 1.330004726e-02 -5.648724269e-03 -9.890504181e-03
      vertex 1.330004539e-02 -5.786800291e-03 -9.748161770e-03
      vertex 1.308107749e-02 -5.782436114e-03 -9.741538204e-03
    endloop
  endfacet
  facet normal -1.381950732e-02 7.177137136e-01 6.962012053e-01
    outer loop
      vertex 1.330004726e-02 -5.648724269e-03 -9.890504181e-03
      vertex 1.883457974e-02 -5.984734744e-03 -9.434251115e-03
      vertex 1.330004539e-02 -5.786800291e-03 -9.748161770e-03
    endloop
  endfacet
  facet normal -1.566364989e-02 7.049005032e-01 7.091332078e-01
    outer loop
      vertex 1.330004726e-02 -5.648724269e-03 -9.890504181e-03
      vertex 1.873521693e-02 -5.597488955e-03 -9.821379557e-03
      vertex 1.883457974e-02 -5.984734744e-03 -9.434251115e-03
    endloop
  endfacet
  facet normal 1.798393577e-02 9.337746501e-01 3.574092686e-01
    outer loop
      vertex 1.330004632e-02 -7.533033378e-03 -6.878131535e-03
      vertex 4.699999839e-02 -8.633012883e-03 -5.700000096e-03
      vertex 1.330005284e-02 -7.847962901e-03 -6.055343896e-03
    endloop
  endfacet
  facet normal 1.798380911e-02 9.337707162e-01 3.574196398e-01
    outer loop
      vertex 1.330004632e-02 -7.533033378e-03 -6.878131535e-03
      vertex 1.330004446e-02 -7.452157792e-03 -7.089427207e-03
      vertex 4.699999839e-02 -8.633012883e-03 -5.700000096e-03
    endloop
  endfacet
  facet normal 2.444994450e-02 9.336444139e-01 3.573657572e-01
    outer loop
      vertex 1.330004632e-02 -7.533033378e-03 -6.878131535e-03
      vertex 1.306139026e-02 -7.843729109e-03 -6.050078198e-03
      vertex 1.330004446e-02 -7.452157792e-03 -7.089427207e-03
    endloop
  endfacet
  facet normal 2.444701456e-02 9.336469769e-01 3.573594987e-01
    outer loop
      vertex 1.330004632e-02 -7.533033378e-03 -6.878131535e-03
      vertex 1.330005284e-02 -7.847962901e-03 -6.055343896e-03
      vertex 1.306139026e-02 -7.843729109e-03 -6.050078198e-03
    endloop
  endfacet
  facet normal -5.387601256e-01 7.750717998e-01 3.301534355e-01
    outer loop
      vertex 5.261741206e-02 -7.636699826e-03 -4.081288353e-03
      vertex 5.318670720e-02 -7.636699826e-03 -3.152284073e-03
      vertex 5.185371637e-02 -8.633012883e-03 -2.988551510e-03
    endloop
  endfacet
  facet normal -5.901871324e-01 7.217170596e-01 3.616676927e-01
    outer loop
      vertex 5.261741206e-02 -7.636699826e-03 -4.081288353e-03
      vertex 5.276452750e-02 -7.462826557e-03 -4.188175313e-03
      vertex 5.318670720e-02 -7.636699826e-03 -3.152284073e-03
    endloop
  endfacet
  facet normal -4.977546334e-01 7.853123546e-01 3.681370914e-01
    outer loop
      vertex 5.261741206e-02 -7.636699826e-03 -4.081288353e-03
      vertex 5.185371637e-02 -8.633012883e-03 -2.988551510e-03
      vertex 5.127883330e-02 -8.633012883e-03 -3.765845904e-03
    endloop
  endfacet
  facet normal -5.263410211e-01 7.217196822e-01 4.495395422e-01
    outer loop
      vertex 5.261741206e-02 -7.636699826e-03 -4.081288353e-03
      vertex 5.190979689e-02 -7.636699826e-03 -4.909797572e-03
      vertex 5.203838274e-02 -7.462826557e-03 -5.038382951e-03
    endloop
  endfacet
  facet normal -5.263633728e-01 7.216933966e-01 4.495557547e-01
    outer loop
      vertex 5.261741206e-02 -7.636699826e-03 -4.081288353e-03
      vertex 5.203838274e-02 -7.462826557e-03 -5.038382951e-03
      vertex 5.276452750e-02 -7.462826557e-03 -4.188175313e-03
    endloop
  endfacet
  facet normal -4.803344905e-01 7.752273083e-01 4.102454484e-01
    outer loop
      vertex 5.261741206e-02 -7.636699826e-03 -4.081288353e-03
      vertex 5.127883330e-02 -8.633012883e-03 -3.765845904e-03
      vertex 5.190979689e-02 -7.636699826e-03 -4.909797572e-03
    endloop
  endfacet
  facet normal -5.527600050e-01 7.853569388e-01 2.786948383e-01
    outer loop
      vertex 5.185371637e-02 -8.633012883e-03 -2.988551510e-03
      vertex 5.318670720e-02 -7.636699826e-03 -3.152284073e-03
      vertex 5.228896812e-02 -8.633012883e-03 -2.125281841e-03
    endloop
  endfacet
  facet normal -2.087965012e-01 9.656901360e-01 1.544231176e-01
    outer loop
      vertex 5.185371637e-02 -8.633012883e-03 -2.988551510e-03
      vertex 5.164083466e-02 -8.700000122e-03 -2.857474610e-03
      vertex 5.127883330e-02 -8.633012883e-03 -3.765845904e-03
    endloop
  endfacet
  facet normal -2.318914235e-01 9.656900167e-01 1.169146374e-01
    outer loop
      vertex 5.185371637e-02 -8.633012883e-03 -2.988551510e-03
      vertex 5.228896812e-02 -8.633012883e-03 -2.125281841e-03
      vertex 5.164083466e-02 -8.700000122e-03 -2.857474610e-03
    endloop
  endfacet
  facet normal -8.633004129e-02 1.618706882e-01 9.830285311e-01
    outer loop
      vertex 2.855602838e-02 -2.208407503e-03 -1.040635072e-02
      vertex 2.370962687e-02 -3.221868305e-03 -1.066508144e-02
      vertex 2.841216512e-02 -1.298775082e-03 -1.056876965e-02
    endloop
  endfacet
  facet normal -8.699516952e-02 1.617542952e-01 9.829889536e-01
    outer loop
      vertex 2.855602838e-02 -2.208407503e-03 -1.040635072e-02
      vertex 2.841216512e-02 -1.298775082e-03 -1.056876965e-02
      vertex 2.873285115e-02 -2.002913971e-03 -1.042451710e-02
    endloop
  endfacet
  facet normal -1.408987939e-01 1.269119978e-01 9.818557501e-01
    outer loop
      vertex 3.455252945e-02 -9.786378359e-04 -9.865733795e-03
      vertex 4.812625051e-02 -7.222405635e-03 -7.110859733e-03
      vertex 3.461195901e-02 -1.277090283e-03 -9.818629362e-03
    endloop
  endfacet
  facet normal -1.408980042e-01 1.269049346e-01 9.818568826e-01
    outer loop
      vertex 3.455252945e-02 -9.786378359e-04 -9.865733795e-03
      vertex 3.449300677e-02 -6.797368405e-04 -9.912909009e-03
      vertex 4.812625051e-02 -7.222405635e-03 -7.110859733e-03
    endloop
  endfacet
  facet normal -1.196808219e-01 1.314819306e-01 9.840675592e-01
    outer loop
      vertex 3.455252945e-02 -9.786378359e-04 -9.865733795e-03
      vertex 2.849724144e-02 -1.004858292e-03 -1.059866603e-02
      vertex 3.449300677e-02 -6.797368405e-04 -9.912909009e-03
    endloop
  endfacet
  facet normal -1.196808666e-01 1.314836442e-01 9.840673804e-01
    outer loop
      vertex 3.455252945e-02 -9.786378359e-04 -9.865733795e-03
      vertex 3.461195901e-02 -1.277090283e-03 -9.818629362e-03
      vertex 2.849724144e-02 -1.004858292e-03 -1.059866603e-02
    endloop
  endfacet
  facet normal -1.689318269e-01 6.907376647e-02 9.832043648e-01
    outer loop
      vertex 3.445353732e-02 -3.309343301e-04 -9.944193996e-03
      vertex 4.812625051e-02 -7.222405635e-03 -7.110859733e-03
      vertex 3.449300677e-02 -6.797368405e-04 -9.912909009e-03
    endloop
  endfacet
  facet normal -1.845286041e-01 3.766844422e-02 9.821049571e-01
    outer loop
      vertex 3.445353732e-02 -3.309343301e-04 -9.944193996e-03
      vertex 3.450518101e-02 2.291790224e-05 -9.948063642e-03
      vertex 4.812625051e-02 -7.222405635e-03 -7.110859733e-03
    endloop
  endfacet
  facet normal -1.183109879e-01 7.541621476e-02 9.901084900e-01
    outer loop
      vertex 3.445353732e-02 -3.309343301e-04 -9.944193996e-03
      vertex 3.449300677e-02 -6.797368405e-04 -9.912909009e-03
      vertex 2.842417918e-02 -4.998531076e-04 -1.065179147e-02
    endloop
  endfacet
  facet normal -1.173089370e-01 2.891904302e-02 9.926742911e-01
    outer loop
      vertex 3.445353732e-02 -3.309343301e-04 -9.944193996e-03
      vertex 2.842417918e-02 -4.998531076e-04 -1.065179147e-02
      vertex 2.860357799e-02 1.004317255e-05 -1.064544544e-02
    endloop
  endfacet
  facet normal -1.173662320e-01 2.798466757e-02 9.926944375e-01
    outer loop
      vertex 3.445353732e-02 -3.309343301e-04 -9.944193996e-03
      vertex 2.860357799e-02 1.004317255e-05 -1.064544544e-02
      vertex 3.450518101e-02 2.291790224e-05 -9.948063642e-03
    endloop
  endfacet
  facet normal -7.293955982e-02 3.728731349e-02 9.966390729e-01
    outer loop
      vertex 2.825755440e-02 1.080600396e-05 -1.068309136e-02
      vertex 2.842417918e-02 -4.998531076e-04 -1.065179147e-02
      vertex 2.461004816e-02 1.042872918e-05 -1.095002238e-02
    endloop
  endfacet
  facet normal -1.081159115e-01 1.535038184e-02 9.940198064e-01
    outer loop
      vertex 2.825755440e-02 1.080600396e-05 -1.068309136e-02
      vertex 2.839985304e-02 1.331031526e-04 -1.066950336e-02
      vertex 2.860357799e-02 1.004317255e-05 -1.064544544e-02
    endloop
  endfacet
  facet normal -1.080710962e-01 2.565245703e-02 9.938121438e-01
    outer loop
      vertex 2.825755440e-02 1.080600396e-05 -1.068309136e-02
      vertex 2.860357799e-02 1.004317255e-05 -1.064544544e-02
      vertex 2.842417918e-02 -4.998531076e-04 -1.065179147e-02
    endloop
  endfacet
  facet normal -7.820861787e-02 -1.381111741e-01 9.873239994e-01
    outer loop
      vertex 2.840060368e-02 1.211957657e-03 -1.057739276e-02
      vertex 2.370962687e-02 3.241484286e-03 -1.066508144e-02
      vertex 2.851283550e-02 1.741321175e-03 -1.049445290e-02
    endloop
  endfacet
  facet normal -7.820864767e-02 -1.381109804e-01 9.873240590e-01
    outer loop
      vertex 2.840060368e-02 1.211957657e-03 -1.057739276e-02
      vertex 2.832634747e-02 8.617091225e-04 -1.063226908e-02
      vertex 2.370962687e-02 3.241484286e-03 -1.066508144e-02
    endloop
  endfacet
  facet normal -8.125498891e-02 -1.374404132e-01 9.871715903e-01
    outer loop
      vertex 2.840060368e-02 1.211957657e-03 -1.057739276e-02
      vertex 2.863645181e-02 1.654486870e-03 -1.049636956e-02
      vertex 2.832634747e-02 8.617091225e-04 -1.063226908e-02
    endloop
  endfacet
  facet normal -8.123278618e-02 -1.374439001e-01 9.871730208e-01
    outer loop
      vertex 2.840060368e-02 1.211957657e-03 -1.057739276e-02
      vertex 2.851283550e-02 1.741321175e-03 -1.049445290e-02
      vertex 2.863645181e-02 1.654486870e-03 -1.049636956e-02
    endloop
  endfacet
  facet normal -2.928786166e-02 -3.650605381e-01 9.305229783e-01
    outer loop
      vertex 1.350001246e-02 4.055763595e-03 -1.095575001e-02
      vertex 1.329962257e-02 4.238685127e-03 -1.089029387e-02
      vertex 1.849341765e-02 4.233453423e-03 -1.072887331e-02
    endloop
  endfacet
  facet normal -3.300687671e-02 -2.926411033e-01 9.556525946e-01
    outer loop
      vertex 1.350001246e-02 4.055763595e-03 -1.095575001e-02
      vertex 1.849341765e-02 4.233453423e-03 -1.072887331e-02
      vertex 1.842914522e-02 3.703189315e-03 -1.089347154e-02
    endloop
  endfacet
  facet normal -3.094442748e-02 -2.622523010e-01 9.645031691e-01
    outer loop
      vertex 1.350001246e-02 4.055763595e-03 -1.095575001e-02
      vertex 1.842914522e-02 3.703189315e-03 -1.089347154e-02
      vertex 1.329999790e-02 3.776923753e-03 -1.103798486e-02
    endloop
  endfacet
  facet normal -1.215989590e-01 1.691272408e-01 9.780642390e-01
    outer loop
      vertex 2.900519781e-02 -2.991119865e-03 -1.021977700e-02
      vertex 2.873285115e-02 -2.002913971e-03 -1.042451710e-02
      vertex 4.812625051e-02 -7.222405635e-03 -7.110859733e-03
    endloop
  endfacet
  facet normal -5.902088284e-01 7.216923237e-01 3.616816700e-01
    outer loop
      vertex 5.318670720e-02 -7.636699826e-03 -3.152284073e-03
      vertex 5.276452750e-02 -7.462826557e-03 -4.188175313e-03
      vertex 5.334873125e-02 -7.462826557e-03 -3.234840930e-03
    endloop
  endfacet
  facet normal -5.836847425e-01 7.751510143e-01 2.417706251e-01
    outer loop
      vertex 5.318670720e-02 -7.636699826e-03 -3.152284073e-03
      vertex 5.360366404e-02 -7.636699826e-03 -2.145660110e-03
      vertex 5.228896812e-02 -8.633012883e-03 -2.125281841e-03
    endloop
  endfacet
  facet normal -6.395014524e-01 7.217146158e-01 2.648882270e-01
    outer loop
      vertex 5.318670720e-02 -7.636699826e-03 -3.152284073e-03
      vertex 5.377661064e-02 -7.462826557e-03 -2.201854018e-03
      vertex 5.360366404e-02 -7.636699826e-03 -2.145660110e-03
    endloop
  endfacet
  facet normal -6.395093799e-01 7.217047811e-01 2.648961544e-01
    outer loop
      vertex 5.318670720e-02 -7.636699826e-03 -3.152284073e-03
      vertex 5.334873125e-02 -7.462826557e-03 -3.234840930e-03
      vertex 5.377661064e-02 -7.462826557e-03 -2.201854018e-03
    endloop
  endfacet
  facet normal -6.207662821e-01 2.938973010e-01 7.268243432e-01
    outer loop
      vertex 5.203838274e-02 -7.462826557e-03 -5.038382951e-03
      vertex 5.118817464e-02 -7.462826557e-03 -5.764528643e-03
      vertex 5.123175681e-02 -7.222405635e-03 -5.824516062e-03
    endloop
  endfacet
  facet normal -6.207721829e-01 2.938722670e-01 7.268294096e-01
    outer loop
      vertex 5.203838274e-02 -7.462826557e-03 -5.038382951e-03
      vertex 5.123175681e-02 -7.222405635e-03 -5.824516062e-03
      vertex 5.209081247e-02 -7.222405635e-03 -5.090813618e-03
    endloop
  endfacet
  facet normal -4.495479465e-01 7.217054367e-01 5.263532400e-01
    outer loop
      vertex 5.203838274e-02 -7.462826557e-03 -5.038382951e-03
      vertex 5.108128861e-02 -7.636699826e-03 -5.617411342e-03
      vertex 5.118817464e-02 -7.462826557e-03 -5.764528643e-03
    endloop
  endfacet
  facet normal -4.495483041e-01 7.217044830e-01 5.263541937e-01
    outer loop
      vertex 5.203838274e-02 -7.462826557e-03 -5.038382951e-03
      vertex 5.190979689e-02 -7.636699826e-03 -4.909797572e-03
      vertex 5.108128861e-02 -7.636699826e-03 -5.617411342e-03
    endloop
  endfacet
  facet normal -7.268301845e-01 2.938719094e-01 6.207714677e-01
    outer loop
      vertex 5.203838274e-02 -7.462826557e-03 -5.038382951e-03
      vertex 5.209081247e-02 -7.222405635e-03 -5.090813618e-03
      vertex 5.282451585e-02 -7.222405635e-03 -4.231758416e-03
    endloop
  endfacet
  facet normal -7.268236876e-01 2.939023077e-01 6.207645535e-01
    outer loop
      vertex 5.203838274e-02 -7.462826557e-03 -5.038382951e-03
      vertex 5.282451585e-02 -7.222405635e-03 -4.231758416e-03
      vertex 5.276452750e-02 -7.462826557e-03 -4.188175313e-03
    endloop
  endfacet
  facet normal -9.381500073e-03 8.893072009e-01 -4.572139978e-01
    outer loop
      vertex 1.350000408e-02 -8.662284352e-03 7.627321873e-03
      vertex 1.566985995e-02 -8.664211258e-03 7.579048164e-03
      vertex 1.320735458e-02 -8.602774702e-03 7.749082521e-03
    endloop
  endfacet
  facet normal -8.529434912e-03 9.076656699e-01 -4.196071625e-01
    outer loop
      vertex 1.350000408e-02 -8.662284352e-03 7.627321873e-03
      vertex 1.330004912e-02 -8.727910928e-03 7.489433046e-03
      vertex 1.566985995e-02 -8.664211258e-03 7.579048164e-03
    endloop
  endfacet
  facet normal -1.099429931e-02 2.583686709e-01 -9.659838676e-01
    outer loop
      vertex 1.330527477e-02 -5.099239759e-03 1.055497490e-02
      vertex 1.350425556e-02 -5.134026520e-03 1.054340601e-02
      vertex 2.133454010e-02 -4.613841884e-03 1.059342269e-02
    endloop
  endfacet
  facet normal 9.546566010e-02 2.860466540e-01 -9.534482956e-01
    outer loop
      vertex 1.330527477e-02 -5.099239759e-03 1.055497490e-02
      vertex 1.284579094e-02 -4.744205158e-03 1.061548386e-02
      vertex 1.286102645e-02 -5.278524943e-03 1.045670640e-02
    endloop
  endfacet
  facet normal -8.595488966e-03 3.951044083e-01 -9.185959101e-01
    outer loop
      vertex 1.350037847e-02 -5.806215573e-03 1.031015161e-02
      vertex 1.330029778e-02 -5.786788184e-03 1.032038033e-02
      vertex 1.330027543e-02 -6.007820833e-03 1.022531092e-02
    endloop
  endfacet
  facet normal -1.099838316e-02 3.748143613e-01 -9.270347357e-01
    outer loop
      vertex 1.350037847e-02 -5.806215573e-03 1.031015161e-02
      vertex 2.906825952e-02 -6.164189894e-03 9.980712086e-03
      vertex 1.330029778e-02 -5.786788184e-03 1.032038033e-02
    endloop
  endfacet
  facet normal -1.030743215e-02 3.965332806e-01 -9.179624915e-01
    outer loop
      vertex 1.350037847e-02 -5.806215573e-03 1.031015161e-02
      vertex 1.330027543e-02 -6.007820833e-03 1.022531092e-02
      vertex 2.906825952e-02 -6.164189894e-03 9.980712086e-03
    endloop
  endfacet
  facet normal 7.228454109e-03 8.637011051e-01 5.039523840e-01
    outer loop
      vertex 1.330003701e-02 -6.611879915e-03 -8.680546656e-03
      vertex 4.699999839e-02 -8.633012883e-03 -5.700000096e-03
      vertex 1.329993829e-02 -7.044238970e-03 -7.939546369e-03
    endloop
  endfacet
  facet normal 5.175537989e-02 8.625615835e-01 5.032980442e-01
    outer loop
      vertex 1.330003701e-02 -6.611879915e-03 -8.680546656e-03
      vertex 1.329993829e-02 -7.044238970e-03 -7.939546369e-03
      vertex 1.306136977e-02 -6.585877854e-03 -8.700565435e-03
    endloop
  endfacet
  facet normal 1.726143248e-02 8.101772666e-01 5.859307051e-01
    outer loop
      vertex 1.330003701e-02 -6.611879915e-03 -8.680546656e-03
      vertex 1.306139585e-02 -6.161679048e-03 -9.296013974e-03
      vertex 1.329999417e-02 -6.096059922e-03 -9.393774904e-03
    endloop
  endfacet
  facet normal 4.002978280e-02 8.138034940e-01 5.797599554e-01
    outer loop
      vertex 1.330003701e-02 -6.611879915e-03 -8.680546656e-03
      vertex 1.306136977e-02 -6.585877854e-03 -8.700565435e-03
      vertex 1.306139585e-02 -6.161679048e-03 -9.296013974e-03
    endloop
  endfacet
  facet normal 1.374698617e-02 9.014554620e-01 4.326534569e-01
    outer loop
      vertex 1.329993829e-02 -7.044238970e-03 -7.939546369e-03
      vertex 4.699999839e-02 -8.633012883e-03 -5.700000096e-03
      vertex 1.306136139e-02 -7.292217109e-03 -7.415283937e-03
    endloop
  endfacet
  facet normal 9.159594029e-02 8.654521704e-01 4.925472140e-01
    outer loop
      vertex 1.329993829e-02 -7.044238970e-03 -7.939546369e-03
      vertex 1.140002441e-02 -6.627917755e-03 -8.317747153e-03
      vertex 1.306136977e-02 -6.585877854e-03 -8.700565435e-03
    endloop
  endfacet
  facet normal 1.009324789e-01 8.808219433e-01 4.625638723e-01
    outer loop
      vertex 1.329993829e-02 -7.044238970e-03 -7.939546369e-03
      vertex 1.306136139e-02 -7.292217109e-03 -7.415283937e-03
      vertex 1.140002441e-02 -6.627917755e-03 -8.317747153e-03
    endloop
  endfacet
  facet normal -4.214021936e-02 -8.093336510e-05 -9.991117120e-01
    outer loop
      vertex 4.338300973e-02 3.988898359e-03 1.011892315e-02
      vertex 4.346096888e-02 -3.979135770e-03 1.011628006e-02
      vertex 4.352540150e-02 4.039765336e-03 1.011291239e-02
    endloop
  endfacet
  facet normal -4.214227945e-02 -8.099660772e-05 -9.991116524e-01
    outer loop
      vertex 4.338300973e-02 3.988898359e-03 1.011892315e-02
      vertex 4.319631308e-02 3.922204021e-03 1.012680400e-02
      vertex 4.346096888e-02 -3.979135770e-03 1.011628006e-02
    endloop
  endfacet
  facet normal -3.150526807e-02 -2.985972911e-02 -9.990575314e-01
    outer loop
      vertex 4.338300973e-02 3.988898359e-03 1.011892315e-02
      vertex 3.554766253e-02 3.878862364e-03 1.036930084e-02
      vertex 4.319631308e-02 3.922204021e-03 1.012680400e-02
    endloop
  endfacet
  facet normal -3.150472045e-02 -2.986312658e-02 -9.990573525e-01
    outer loop
      vertex 4.338300973e-02 3.988898359e-03 1.011892315e-02
      vertex 4.352540150e-02 4.039765336e-03 1.011291239e-02
      vertex 3.554766253e-02 3.878862364e-03 1.036930084e-02
    endloop
  endfacet
  facet normal -3.205053881e-02 -5.958092515e-05 -9.994862676e-01
    outer loop
      vertex 4.279127344e-02 3.905244404e-03 1.013979223e-02
      vertex 4.292418435e-02 -3.874689806e-03 1.013599429e-02
      vertex 4.319631308e-02 3.922204021e-03 1.012680400e-02
    endloop
  endfacet
  facet normal -3.163167462e-02 -9.940619580e-03 -9.994502068e-01
    outer loop
      vertex 4.279127344e-02 3.905244404e-03 1.013979223e-02
      vertex 3.936455399e-02 3.880699165e-03 1.024848595e-02
      vertex 4.223807901e-02 3.882081714e-03 1.015753020e-02
    endloop
  endfacet
  facet normal -3.204448149e-02 -5.957263056e-05 -9.994865060e-01
    outer loop
      vertex 4.279127344e-02 3.905244404e-03 1.013979223e-02
      vertex 4.223807901e-02 3.882081714e-03 1.015753020e-02
      vertex 4.292418435e-02 -3.874689806e-03 1.013599429e-02
    endloop
  endfacet
  facet normal -3.163702413e-02 -2.337826663e-05 -9.994993806e-01
    outer loop
      vertex 3.936455399e-02 3.880699165e-03 1.024848595e-02
      vertex 4.292418435e-02 -3.874689806e-03 1.013599429e-02
      vertex 4.223807901e-02 3.882081714e-03 1.015753020e-02
    endloop
  endfacet
  facet normal -2.782560326e-02 8.008094877e-02 -9.963999987e-01
    outer loop
      vertex 2.907968499e-02 -4.036759492e-03 1.053335145e-02
      vertex 4.386458918e-02 -4.632102326e-03 1.007261593e-02
      vertex 3.672102094e-02 -4.058494698e-03 1.031821035e-02
    endloop
  endfacet
  facet normal -2.782617323e-02 8.008576185e-02 -9.963994622e-01
    outer loop
      vertex 2.907968499e-02 -4.036759492e-03 1.053335145e-02
      vertex 2.767196111e-02 -4.032755271e-03 1.057298575e-02
      vertex 4.386458918e-02 -4.632102326e-03 1.007261593e-02
    endloop
  endfacet
  facet normal -2.791153453e-02 6.269547343e-02 -9.976423979e-01
    outer loop
      vertex 2.907968499e-02 -4.036759492e-03 1.053335145e-02
      vertex 2.637598850e-02 -3.827424021e-03 1.062214561e-02
      vertex 2.767196111e-02 -4.032755271e-03 1.057298575e-02
    endloop
  endfacet
  facet normal -2.791015059e-02 6.269361079e-02 -9.976424575e-01
    outer loop
      vertex 2.907968499e-02 -4.036759492e-03 1.053335145e-02
      vertex 3.672102094e-02 -4.058494698e-03 1.031821035e-02
      vertex 2.637598850e-02 -3.827424021e-03 1.062214561e-02
    endloop
  endfacet
  facet normal -2.901524678e-02 6.708446145e-02 -9.973252416e-01
    outer loop
      vertex 4.384929314e-02 -4.547714721e-03 1.007873751e-02
      vertex 3.744518384e-02 -4.060554318e-03 1.029782090e-02
      vertex 4.386458918e-02 -4.632102326e-03 1.007261593e-02
    endloop
  endfacet
  facet normal -2.901529893e-02 6.709079444e-02 -9.973248243e-01
    outer loop
      vertex 4.384929314e-02 -4.547714721e-03 1.007873751e-02
      vertex 4.383803904e-02 -4.485640209e-03 1.008324046e-02
      vertex 3.744518384e-02 -4.060554318e-03 1.029782090e-02
    endloop
  endfacet
  facet normal -7.966044545e-02 5.773856491e-02 -9.951484799e-01
    outer loop
      vertex 4.384929314e-02 -4.547714721e-03 1.007873751e-02
      vertex 4.411116615e-02 -4.460490309e-03 1.006283797e-02
      vertex 4.383803904e-02 -4.485640209e-03 1.008324046e-02
    endloop
  endfacet
  facet normal -7.965241373e-02 5.775259063e-02 -9.951482415e-01
    outer loop
      vertex 4.384929314e-02 -4.547714721e-03 1.007873751e-02
      vertex 4.386458918e-02 -4.632102326e-03 1.007261593e-02
      vertex 4.411116615e-02 -4.460490309e-03 1.006283797e-02
    endloop
  endfacet
  facet normal -3.103577904e-02 2.907194942e-02 -9.990953803e-01
    outer loop
      vertex 4.328479245e-02 -3.944855649e-03 1.012275089e-02
      vertex 4.139254615e-02 -3.860965837e-03 1.018397883e-02
      vertex 4.346096888e-02 -3.979135770e-03 1.011628006e-02
    endloop
  endfacet
  facet normal -3.104005195e-02 2.904524095e-02 -9.990960360e-01
    outer loop
      vertex 4.328479245e-02 -3.944855649e-03 1.012275089e-02
      vertex 4.292418435e-02 -3.874689806e-03 1.013599429e-02
      vertex 4.139254615e-02 -3.860965837e-03 1.018397883e-02
    endloop
  endfacet
  facet normal -3.668002039e-02 1.023438017e-04 -9.993271232e-01
    outer loop
      vertex 4.328479245e-02 -3.944855649e-03 1.012275089e-02
      vertex 4.319631308e-02 3.922204021e-03 1.012680400e-02
      vertex 4.292418435e-02 -3.874689806e-03 1.013599429e-02
    endloop
  endfacet
  facet normal -3.667714819e-02 1.023181903e-04 -9.993271828e-01
    outer loop
      vertex 4.328479245e-02 -3.944855649e-03 1.012275089e-02
      vertex 4.346096888e-02 -3.979135770e-03 1.011628006e-02
      vertex 4.319631308e-02 3.922204021e-03 1.012680400e-02
    endloop
  endfacet
  facet normal -3.061557375e-02 3.574463353e-02 -9.988919497e-01
    outer loop
      vertex 4.368282482e-02 -4.140149336e-03 1.010379288e-02
      vertex 4.139254615e-02 -3.860965837e-03 1.018397883e-02
      vertex 3.744518384e-02 -4.060554318e-03 1.029782090e-02
    endloop
  endfacet
  facet normal -7.008908689e-02 2.783023380e-02 -9.971524477e-01
    outer loop
      vertex 4.368282482e-02 -4.140149336e-03 1.010379288e-02
      vertex 4.383803904e-02 -4.485640209e-03 1.008324046e-02
      vertex 4.403038323e-02 -4.103061743e-03 1.008039806e-02
    endloop
  endfacet
  facet normal -6.849385798e-02 1.255748980e-02 -9.975724816e-01
    outer loop
      vertex 4.368282482e-02 -4.140149336e-03 1.010379288e-02
      vertex 4.403038323e-02 -4.103061743e-03 1.008039806e-02
      vertex 4.394331947e-02 -3.920075018e-03 1.008867938e-02
    endloop
  endfacet
  facet normal -5.844810605e-02 6.341352127e-04 -9.982903004e-01
    outer loop
      vertex 4.368282482e-02 -4.140149336e-03 1.010379288e-02
      vertex 4.394331947e-02 -3.920075018e-03 1.008867938e-02
      vertex 4.380472004e-02 -3.762006061e-03 1.009689551e-02
    endloop
  endfacet
  facet normal -5.678033084e-02 8.928477473e-05 -9.983866811e-01
    outer loop
      vertex 4.368282482e-02 -4.140149336e-03 1.010379288e-02
      vertex 4.380472004e-02 -3.762006061e-03 1.009689551e-02
      vertex 4.356402531e-02 4.053563811e-03 1.011128165e-02
    endloop
  endfacet
  facet normal -7.811748888e-03 7.853597403e-02 -9.968807101e-01
    outer loop
      vertex 1.457713731e-02 -3.736816812e-03 1.078451425e-02
      vertex 1.529543474e-02 -3.731529461e-03 1.077930257e-02
      vertex 1.430924237e-02 -3.654241329e-03 1.079311874e-02
    endloop
  endfacet
  facet normal -4.380230978e-02 2.785464525e-01 -9.594233632e-01
    outer loop
      vertex 4.369686171e-02 -5.683028605e-03 9.904160164e-03
      vertex 4.397367686e-02 -6.070057396e-03 9.779159911e-03
      vertex 4.397378862e-02 -5.568902474e-03 9.924651124e-03
    endloop
  endfacet
  facet normal -3.237497807e-02 2.522234917e-01 -9.671273232e-01
    outer loop
      vertex 4.369686171e-02 -5.683028605e-03 9.904160164e-03
      vertex 4.397378862e-02 -5.568902474e-03 9.924651124e-03
      vertex 4.389671609e-02 -5.565569270e-03 9.928100742e-03
    endloop
  endfacet
  facet normal -2.063981257e-02 2.938788235e-01 -9.556197524e-01
    outer loop
      vertex 4.369686171e-02 -5.683028605e-03 9.904160164e-03
      vertex 3.658226132e-02 -5.559299141e-03 1.009587385e-02
      vertex 4.397367686e-02 -6.070057396e-03 9.779159911e-03
    endloop
  endfacet
  facet normal -2.208345756e-02 2.356036007e-01 -9.715983868e-01
    outer loop
      vertex 4.369686171e-02 -5.683028605e-03 9.904160164e-03
      vertex 4.389671609e-02 -5.565569270e-03 9.928100742e-03
      vertex 3.658226132e-02 -5.559299141e-03 1.009587385e-02
    endloop
  endfacet
  facet normal -3.653448075e-02 1.737079173e-01 -9.841193557e-01
    outer loop
      vertex 4.397378862e-02 -5.568902474e-03 9.924651124e-03
      vertex 4.368859902e-02 -4.938630387e-03 1.004649792e-02
      vertex 4.389671609e-02 -5.565569270e-03 9.928100742e-03
    endloop
  endfacet
  facet normal -7.062549889e-02 1.584359556e-01 -9.848401546e-01
    outer loop
      vertex 4.397378862e-02 -5.568902474e-03 9.924651124e-03
      vertex 4.413117841e-02 -4.804544151e-03 1.003633067e-02
      vertex 4.368859902e-02 -4.938630387e-03 1.004649792e-02
    endloop
  endfacet
  facet normal -9.632713348e-02 1.632975638e-01 -9.818630219e-01
    outer loop
      vertex 4.397378862e-02 -5.568902474e-03 9.924651124e-03
      vertex 4.413945600e-02 -5.571058020e-03 9.908039123e-03
      vertex 4.413117841e-02 -4.804544151e-03 1.003633067e-02
    endloop
  endfacet
  facet normal -9.228625894e-02 2.776234746e-01 -9.562469721e-01
    outer loop
      vertex 4.397378862e-02 -5.568902474e-03 9.924651124e-03
      vertex 4.397367686e-02 -6.070057396e-03 9.779159911e-03
      vertex 4.413945600e-02 -5.571058020e-03 9.908039123e-03
    endloop
  endfacet
  facet normal -1.535823569e-02 2.398457378e-01 -9.706894159e-01
    outer loop
      vertex 2.133454010e-02 -4.613841884e-03 1.059342269e-02
      vertex 2.906727791e-02 -5.451576784e-03 1.026408002e-02
      vertex 2.906665951e-02 -4.685347434e-03 1.045341603e-02
    endloop
  endfacet
  facet normal -1.314892340e-02 2.583793104e-01 -9.659540653e-01
    outer loop
      vertex 2.133454010e-02 -4.613841884e-03 1.059342269e-02
      vertex 2.135062218e-02 -5.375167821e-03 1.038955990e-02
      vertex 2.906727791e-02 -5.451576784e-03 1.026408002e-02
    endloop
  endfacet
  facet normal -1.099774428e-02 2.584281862e-01 -9.659678340e-01
    outer loop
      vertex 2.133454010e-02 -4.613841884e-03 1.059342269e-02
      vertex 1.350425556e-02 -5.134026520e-03 1.054340601e-02
      vertex 2.135062218e-02 -5.375167821e-03 1.038955990e-02
    endloop
  endfacet
  facet normal -1.040249970e-02 1.547672153e-01 -9.878962040e-01
    outer loop
      vertex 2.133454010e-02 -4.613841884e-03 1.059342269e-02
      vertex 2.005540952e-02 -3.969651647e-03 1.070781332e-02
      vertex 1.424284838e-02 -4.182661418e-03 1.073564962e-02
    endloop
  endfacet
  facet normal -1.632966101e-02 1.432915479e-01 -9.895458221e-01
    outer loop
      vertex 2.133454010e-02 -4.613841884e-03 1.059342269e-02
      vertex 2.767196111e-02 -4.032755271e-03 1.057298575e-02
      vertex 2.005540952e-02 -3.969651647e-03 1.070781332e-02
    endloop
  endfacet
  facet normal -1.656238548e-02 1.458419859e-01 -9.891692400e-01
    outer loop
      vertex 2.133454010e-02 -4.613841884e-03 1.059342269e-02
      vertex 2.906665951e-02 -4.685347434e-03 1.045341603e-02
      vertex 2.767196111e-02 -4.032755271e-03 1.057298575e-02
    endloop
  endfacet
  facet normal -8.171300404e-03 -1.037768051e-01 -9.945670962e-01
    outer loop
      vertex 1.525163744e-02 3.943047952e-03 1.075963862e-02
      vertex 1.397595461e-02 3.832369111e-03 1.078166813e-02
      vertex 1.529543474e-02 3.751145443e-03 1.077930257e-02
    endloop
  endfacet
  facet normal -1.009251177e-02 -1.042091325e-01 -9.945042133e-01
    outer loop
      vertex 1.525163744e-02 3.943047952e-03 1.075963862e-02
      vertex 1.529543474e-02 3.751145443e-03 1.077930257e-02
      vertex 2.093268372e-02 3.997976892e-03 1.069622859e-02
    endloop
  endfacet
  facet normal -9.820895270e-03 -1.289531291e-01 -9.916021228e-01
    outer loop
      vertex 1.525163744e-02 3.943047952e-03 1.075963862e-02
      vertex 2.093268372e-02 3.997976892e-03 1.069622859e-02
      vertex 1.441326085e-02 4.202686716e-03 1.073417719e-02
    endloop
  endfacet
  facet normal -4.165311344e-03 -1.358667016e-01 -9.907183051e-01
    outer loop
      vertex 1.366714947e-02 4.252330400e-03 1.073312480e-02
      vertex 1.332523022e-02 4.221765324e-03 1.073875558e-02
      vertex 1.354021952e-02 4.104642663e-03 1.075391285e-02
    endloop
  endfacet
  facet normal -9.415582754e-03 -1.922868043e-01 -9.812935591e-01
    outer loop
      vertex 1.356801670e-02 4.496146925e-03 1.069485024e-02
      vertex 2.133454010e-02 4.633457866e-03 1.059342269e-02
      vertex 1.333322842e-02 4.697047174e-03 1.065773610e-02
    endloop
  endfacet
  facet normal -1.003897749e-02 -1.611669958e-01 -9.868760705e-01
    outer loop
      vertex 1.356801670e-02 4.496146925e-03 1.069485024e-02
      vertex 1.441326085e-02 4.202686716e-03 1.073417719e-02
      vertex 2.133454010e-02 4.633457866e-03 1.059342269e-02
    endloop
  endfacet
  facet normal -7.713585626e-03 -8.406960219e-02 -9.964300394e-01
    outer loop
      vertex 1.529543474e-02 3.751145443e-03 1.077930257e-02
      vertex 1.440957095e-02 3.765759757e-03 1.078492776e-02
      vertex 1.529445779e-02 3.680887166e-03 1.078523789e-02
    endloop
  endfacet
  facet normal -2.561436966e-02 -2.977272272e-01 -9.543071985e-01
    outer loop
      vertex 4.389696941e-02 5.771532655e-03 9.881104343e-03
      vertex 4.397402331e-02 5.786981434e-03 9.874215350e-03
      vertex 4.369682074e-02 6.067155860e-03 9.794251993e-03
    endloop
  endfacet
  facet normal -2.030005306e-02 -2.944502831e-01 -9.554512501e-01
    outer loop
      vertex 4.389696941e-02 5.771532655e-03 9.881104343e-03
      vertex 4.369682074e-02 6.067155860e-03 9.794251993e-03
      vertex 3.658226132e-02 5.578915589e-03 1.009587385e-02
    endloop
  endfacet
  facet normal -4.244333506e-02 -2.225202918e-01 -9.740036726e-01
    outer loop
      vertex 4.389696941e-02 5.771532655e-03 9.881104343e-03
      vertex 4.369634017e-02 5.427259486e-03 9.968497790e-03
      vertex 4.397402331e-02 5.786981434e-03 9.874215350e-03
    endloop
  endfacet
  facet normal -2.238637954e-02 -2.337077707e-01 -9.720491767e-01
    outer loop
      vertex 4.389696941e-02 5.771532655e-03 9.881104343e-03
      vertex 3.658226132e-02 5.578915589e-03 1.009587385e-02
      vertex 4.369634017e-02 5.427259486e-03 9.968497790e-03
    endloop
  endfacet
  facet normal -4.967621341e-02 -3.192439377e-01 -9.463697076e-01
    outer loop
      vertex 4.369682074e-02 6.067155860e-03 9.794251993e-03
      vertex 4.397402331e-02 5.786981434e-03 9.874215350e-03
      vertex 4.397371784e-02 6.277516950e-03 9.708754718e-03
    endloop
  endfacet
  facet normal -1.680278406e-02 -3.367535174e-01 -9.414429069e-01
    outer loop
      vertex 4.369682074e-02 6.067155860e-03 9.794251993e-03
      vertex 3.656662256e-02 6.291492376e-03 9.841264226e-03
      vertex 3.658226132e-02 5.578915589e-03 1.009587385e-02
    endloop
  endfacet
  facet normal -1.738273911e-02 -3.567430675e-01 -9.340408444e-01
    outer loop
      vertex 4.369682074e-02 6.067155860e-03 9.794251993e-03
      vertex 4.397371784e-02 6.277516950e-03 9.708754718e-03
      vertex 3.656662256e-02 6.291492376e-03 9.841264226e-03
    endloop
  endfacet
  facet normal -9.989007376e-03 -6.116439700e-01 -7.910701036e-01
    outer loop
      vertex 4.384607822e-02 7.248656359e-03 9.146990255e-03
      vertex 3.655038401e-02 6.926434115e-03 9.488253854e-03
      vertex 4.394277558e-02 7.189719006e-03 9.191338904e-03
    endloop
  endfacet
  facet normal -9.202212095e-03 -6.213837266e-01 -7.834522724e-01
    outer loop
      vertex 4.384607822e-02 7.248656359e-03 9.146990255e-03
      vertex 4.362095147e-02 7.293600589e-03 9.113987908e-03
      vertex 3.655038401e-02 6.926434115e-03 9.488253854e-03
    endloop
  endfacet
  facet normal -8.612459153e-02 -7.323864102e-01 -6.754203439e-01
    outer loop
      vertex 4.404106364e-02 7.405878045e-03 8.987885900e-03
      vertex 4.699998721e-02 7.322419900e-03 8.701082319e-03
      vertex 4.391952604e-02 7.589565590e-03 8.804204874e-03
    endloop
  endfacet
  facet normal -8.253445476e-02 -7.314680815e-01 -6.768622398e-01
    outer loop
      vertex 4.404106364e-02 7.405878045e-03 8.987885900e-03
      vertex 4.391952604e-02 7.589565590e-03 8.804204874e-03
      vertex 4.374452680e-02 7.567151915e-03 8.849766105e-03
    endloop
  endfacet
  facet normal -9.061509371e-02 -6.649453640e-01 -7.413747907e-01
    outer loop
      vertex 4.404106364e-02 7.405878045e-03 8.987885900e-03
      vertex 4.411037266e-02 7.196680643e-03 9.167045355e-03
      vertex 4.699998721e-02 7.322419900e-03 8.701082319e-03
    endloop
  endfacet
  facet normal -3.042679653e-02 9.958208799e-01 -8.611001074e-02
    outer loop
      vertex 4.924486205e-02 -8.700000122e-03 4.966195207e-03
      vertex 4.837328196e-02 -8.700000122e-03 5.274144467e-03
      vertex 3.953644633e-02 -8.947602473e-03 5.533195566e-03
    endloop
  endfacet
  facet normal -2.998557128e-02 9.964805841e-01 -7.827659696e-02
    outer loop
      vertex 4.924486205e-02 -8.700000122e-03 4.966195207e-03
      vertex 3.953644633e-02 -8.947602473e-03 5.533195566e-03
      vertex 3.938763961e-02 -8.981878869e-03 5.153837614e-03
    endloop
  endfacet
  facet normal -2.955047786e-02 9.981628656e-01 -5.289438739e-02
    outer loop
      vertex 4.924486205e-02 -8.700000122e-03 4.966195207e-03
      vertex 3.938763961e-02 -8.981878869e-03 5.153837614e-03
      vertex 5.005186424e-02 -8.700000122e-03 4.515377805e-03
    endloop
  endfacet
  facet normal -1.266506910e-01 9.656906724e-01 -2.267185152e-01
    outer loop
      vertex 4.924486205e-02 -8.700000122e-03 4.966195207e-03
      vertex 5.005186424e-02 -8.700000122e-03 4.515377805e-03
      vertex 4.934783652e-02 -8.633012883e-03 5.194002297e-03
    endloop
  endfacet
  facet normal -5.837254599e-02 9.845303893e-01 -1.652044803e-01
    outer loop
      vertex 4.924486205e-02 -8.700000122e-03 4.966195207e-03
      vertex 4.699998721e-02 -8.609277196e-03 6.300006062e-03
      vertex 4.837328196e-02 -8.700000122e-03 5.274144467e-03
    endloop
  endfacet
  facet normal -1.022586748e-01 9.659141898e-01 -2.378088236e-01
    outer loop
      vertex 4.924486205e-02 -8.700000122e-03 4.966195207e-03
      vertex 4.934783652e-02 -8.633012883e-03 5.194002297e-03
      vertex 4.699998721e-02 -8.609277196e-03 6.300006062e-03
    endloop
  endfacet
  facet normal -5.531944335e-02 9.148215055e-01 -4.000518024e-01
    outer loop
      vertex 4.699998721e-02 -8.304467425e-03 7.030698005e-03
      vertex 4.289089143e-02 -8.093136363e-03 8.082184009e-03
      vertex 4.248126969e-02 -8.233540691e-03 7.817753591e-03
    endloop
  endfacet
  facet normal -5.249897763e-02 9.216451645e-01 -3.844659626e-01
    outer loop
      vertex 4.699998721e-02 -8.304467425e-03 7.030698005e-03
      vertex 4.248126969e-02 -8.233540691e-03 7.817753591e-03
      vertex 4.699998721e-02 -8.609277196e-03 6.300006062e-03
    endloop
  endfacet
  facet normal -1.695398837e-01 9.095560312e-01 -3.794259429e-01
    outer loop
      vertex 4.699998721e-02 -8.304467425e-03 7.030698005e-03
      vertex 4.699998721e-02 -8.609277196e-03 6.300006062e-03
      vertex 4.934783652e-02 -8.633012883e-03 5.194002297e-03
    endloop
  endfacet
  facet normal -1.403320115e-02 9.963235855e-01 -8.451244235e-02
    outer loop
      vertex 3.953644633e-02 -8.947602473e-03 5.533195566e-03
      vertex 3.930615634e-02 -8.948908187e-03 5.556041375e-03
      vertex 3.938763961e-02 -8.981878869e-03 5.153837614e-03
    endloop
  endfacet
  facet normal -1.879787259e-02 9.909558296e-01 -1.328647733e-01
    outer loop
      vertex 3.953644633e-02 -8.947602473e-03 5.533195566e-03
      vertex 4.000214860e-02 -8.880537003e-03 5.967522506e-03
      vertex 3.930615634e-02 -8.948908187e-03 5.556041375e-03
    endloop
  endfacet
  facet normal -3.131179884e-02 9.923220873e-01 -1.196516305e-01
    outer loop
      vertex 3.953644633e-02 -8.947602473e-03 5.533195566e-03
      vertex 4.837328196e-02 -8.700000122e-03 5.274144467e-03
      vertex 4.000214860e-02 -8.880537003e-03 5.967522506e-03
    endloop
  endfacet
  facet normal -4.203158990e-02 7.240518928e-01 -6.884636283e-01
    outer loop
      vertex 4.366289824e-02 -7.526732050e-03 8.874556050e-03
      vertex 4.371563345e-02 -7.576794829e-03 8.818685077e-03
      vertex 4.385060817e-02 -7.408239413e-03 8.987712674e-03
    endloop
  endfacet
  facet normal -1.406941283e-02 7.380405664e-01 -6.746097207e-01
    outer loop
      vertex 4.366289824e-02 -7.526732050e-03 8.874556050e-03
      vertex 4.340019077e-02 -7.535133511e-03 8.870842867e-03
      vertex 4.371563345e-02 -7.576794829e-03 8.818685077e-03
    endloop
  endfacet
  facet normal -1.232701261e-02 7.007187605e-01 -7.133311629e-01
    outer loop
      vertex 4.366289824e-02 -7.526732050e-03 8.874556050e-03
      vertex 4.385060817e-02 -7.408239413e-03 8.987712674e-03
      vertex 4.340019077e-02 -7.535133511e-03 8.870842867e-03
    endloop
  endfacet
  facet normal -8.071050793e-02 7.431617975e-01 -6.642260551e-01
    outer loop
      vertex 4.389170930e-02 -7.600663695e-03 8.770584129e-03
      vertex 4.402194545e-02 -7.424031384e-03 8.952376433e-03
      vertex 4.371563345e-02 -7.576794829e-03 8.818685077e-03
    endloop
  endfacet
  facet normal -8.509966731e-02 7.443933487e-01 -6.622963548e-01
    outer loop
      vertex 4.389170930e-02 -7.600663695e-03 8.770584129e-03
      vertex 4.700009525e-02 -7.332820445e-03 8.672226220e-03
      vertex 4.402194545e-02 -7.424031384e-03 8.952376433e-03
    endloop
  endfacet
  facet normal -8.607187867e-02 7.641173601e-01 -6.393091679e-01
    outer loop
      vertex 4.389170930e-02 -7.600663695e-03 8.770584129e-03
      vertex 4.700010270e-02 -7.497026119e-03 8.475963026e-03
      vertex 4.700009525e-02 -7.332820445e-03 8.672226220e-03
    endloop
  endfacet
  facet normal -8.607209474e-02 7.641184330e-01 -6.393079162e-01
    outer loop
      vertex 4.389170930e-02 -7.600663695e-03 8.770584129e-03
      vertex 4.700010642e-02 -7.682409603e-03 8.254386485e-03
      vertex 4.700010270e-02 -7.497026119e-03 8.475963026e-03
    endloop
  endfacet
  facet normal -7.833784074e-02 7.976252437e-01 -5.980443954e-01
    outer loop
      vertex 4.389170930e-02 -7.600663695e-03 8.770584129e-03
      vertex 4.372027889e-02 -7.746536285e-03 8.598485962e-03
      vertex 4.700010642e-02 -7.682409603e-03 8.254386485e-03
    endloop
  endfacet
  facet normal -1.389421523e-02 8.161355257e-01 -5.776935220e-01
    outer loop
      vertex 4.322853684e-02 -7.785665803e-03 8.578618057e-03
      vertex 4.258599877e-02 -7.872809656e-03 8.470959030e-03
      vertex 4.309814796e-02 -7.901214063e-03 8.418514393e-03
    endloop
  endfacet
  facet normal -7.978587411e-03 8.000038266e-01 -5.999419093e-01
    outer loop
      vertex 4.322853684e-02 -7.785665803e-03 8.578618057e-03
      vertex 1.330004912e-02 -7.972440682e-03 8.727580309e-03
      vertex 4.258599877e-02 -7.872809656e-03 8.470959030e-03
    endloop
  endfacet
  facet normal -7.982010022e-03 7.865356207e-01 -6.174932718e-01
    outer loop
      vertex 4.322853684e-02 -7.785665803e-03 8.578618057e-03
      vertex 4.308634996e-02 -7.694312371e-03 8.696818724e-03
      vertex 1.330004912e-02 -7.972440682e-03 8.727580309e-03
    endloop
  endfacet
  facet normal 1.261091791e-02 -9.150164723e-01 4.032192528e-01
    outer loop
      vertex 1.350028068e-02 7.502200082e-03 -7.018403616e-03
      vertex 4.699999839e-02 8.633012883e-03 -5.499999970e-03
      vertex 1.330002956e-02 7.321417797e-03 -7.422387134e-03
    endloop
  endfacet
  facet normal 1.429479942e-02 -9.269351959e-01 3.749488890e-01
    outer loop
      vertex 1.350028068e-02 7.502200082e-03 -7.018403616e-03
      vertex 1.330003329e-02 7.753517944e-03 -6.389465649e-03
      vertex 4.699999839e-02 8.633012883e-03 -5.499999970e-03
    endloop
  endfacet
  facet normal 5.186097324e-02 -9.215591550e-01 3.847585022e-01
    outer loop
      vertex 1.350028068e-02 7.502200082e-03 -7.018403616e-03
      vertex 1.306136139e-02 7.311508525e-03 -7.415978704e-03
      vertex 1.330003329e-02 7.753517944e-03 -6.389465649e-03
    endloop
  endfacet
  facet normal 4.862951487e-02 -9.204589725e-01 3.878022730e-01
    outer loop
      vertex 1.350028068e-02 7.502200082e-03 -7.018403616e-03
      vertex 1.330002956e-02 7.321417797e-03 -7.422387134e-03
      vertex 1.306136139e-02 7.311508525e-03 -7.415978704e-03
    endloop
  endfacet
  facet normal 1.598181762e-02 -9.444301724e-01 3.283233643e-01
    outer loop
      vertex 1.350000873e-02 7.926650345e-03 -5.901182070e-03
      vertex 4.699999839e-02 8.633012883e-03 -5.499999970e-03
      vertex 1.330003329e-02 7.753517944e-03 -6.389465649e-03
    endloop
  endfacet
  facet normal 2.632335015e-02 -9.455264211e-01 3.244792521e-01
    outer loop
      vertex 1.350000873e-02 7.926650345e-03 -5.901182070e-03
      vertex 1.330003329e-02 7.753517944e-03 -6.389465649e-03
      vertex 1.306139026e-02 7.863110863e-03 -6.050752942e-03
    endloop
  endfacet
  facet normal 3.213646263e-02 -9.503617287e-01 3.094830811e-01
    outer loop
      vertex 1.350000873e-02 7.926650345e-03 -5.901182070e-03
      vertex 1.306139026e-02 7.863110863e-03 -6.050752942e-03
      vertex 1.330039743e-02 8.134664968e-03 -5.241685081e-03
    endloop
  endfacet
  facet normal 1.642000489e-02 -9.521211982e-01 3.052797019e-01
    outer loop
      vertex 1.350000873e-02 7.926650345e-03 -5.901182070e-03
      vertex 1.330039743e-02 8.134664968e-03 -5.241685081e-03
      vertex 4.699999839e-02 8.633012883e-03 -5.499999970e-03
    endloop
  endfacet
  facet normal 2.900691517e-02 -9.797101021e-01 1.983094811e-01
    outer loop
      vertex 1.330039930e-02 8.437375538e-03 -4.073913209e-03
      vertex 1.306149829e-02 8.608378470e-03 -3.194171470e-03
      vertex 1.350004971e-02 8.584183641e-03 -3.377846908e-03
    endloop
  endfacet
  facet normal 9.762093425e-02 -9.716396332e-01 2.153752148e-01
    outer loop
      vertex 1.330039930e-02 8.437375538e-03 -4.073913209e-03
      vertex 1.306143031e-02 8.288509212e-03 -4.637189675e-03
      vertex 1.306149829e-02 8.608378470e-03 -3.194171470e-03
    endloop
  endfacet
  facet normal 2.661144920e-02 -9.691941738e-01 2.448558509e-01
    outer loop
      vertex 1.330039930e-02 8.437375538e-03 -4.073913209e-03
      vertex 1.350021176e-02 8.284398355e-03 -4.701149650e-03
      vertex 1.306143031e-02 8.288509212e-03 -4.637189675e-03
    endloop
  endfacet
  facet normal 1.599689387e-02 -9.702144861e-01 2.417186052e-01
    outer loop
      vertex 1.330039930e-02 8.437375538e-03 -4.073913209e-03
      vertex 4.699999839e-02 8.700000122e-03 -5.249999929e-03
      vertex 1.350021176e-02 8.284398355e-03 -4.701149650e-03
    endloop
  endfacet
  facet normal 1.469162013e-02 -9.792101383e-01 2.023160309e-01
    outer loop
      vertex 1.330039930e-02 8.437375538e-03 -4.073913209e-03
      vertex 1.350004971e-02 8.584183641e-03 -3.377846908e-03
      vertex 4.699999839e-02 8.700000122e-03 -5.249999929e-03
    endloop
  endfacet
  facet normal 8.650533110e-02 -9.959759712e-01 -2.342320606e-02
    outer loop
      vertex 1.321659051e-02 9.311498143e-03 5.117100198e-03
      vertex 1.340418961e-02 9.337946773e-03 4.685302731e-03
      vertex 1.305023022e-02 9.328156710e-03 3.794361604e-03
    endloop
  endfacet
  facet normal 3.898042068e-02 -9.929322004e-01 -1.120989695e-01
    outer loop
      vertex 1.321659051e-02 9.311498143e-03 5.117100198e-03
      vertex 1.321453135e-02 9.234442376e-03 5.798905157e-03
      vertex 1.341976505e-02 9.282085113e-03 5.448275711e-03
    endloop
  endfacet
  facet normal 7.990261912e-02 -9.905241132e-01 -1.117030680e-01
    outer loop
      vertex 1.321659051e-02 9.311498143e-03 5.117100198e-03
      vertex 1.304393727e-02 9.290639311e-03 5.178565159e-03
      vertex 1.321453135e-02 9.234442376e-03 5.798905157e-03
    endloop
  endfacet
  facet normal 1.004956961e-01 -9.937087893e-01 4.943191633e-02
    outer loop
      vertex 1.256474014e-02 9.218648076e-03 2.579965396e-03
      vertex 1.305023022e-02 9.328156710e-03 3.794361604e-03
      vertex 1.305507403e-02 9.259833023e-03 2.411036287e-03
    endloop
  endfacet
  facet normal 1.035712585e-01 -9.934544563e-01 4.817821831e-02
    outer loop
      vertex 1.256474014e-02 9.218648076e-03 2.579965396e-03
      vertex 1.140002441e-02 9.116032161e-03 2.967825625e-03
      vertex 1.305023022e-02 9.328156710e-03 3.794361604e-03
    endloop
  endfacet
  facet normal 1.110965759e-01 -9.912441969e-01 7.136132568e-02
    outer loop
      vertex 1.256474014e-02 9.218648076e-03 2.579965396e-03
      vertex 1.140002441e-02 8.975922130e-03 1.021642704e-03
      vertex 1.140002441e-02 9.116032161e-03 2.967825625e-03
    endloop
  endfacet
  facet normal 1.085251421e-01 -9.913869500e-01 7.330921292e-02
    outer loop
      vertex 1.256474014e-02 9.218648076e-03 2.579965396e-03
      vertex 1.305507403e-02 9.259833023e-03 2.411036287e-03
      vertex 1.140002441e-02 8.975922130e-03 1.021642704e-03
    endloop
  endfacet
  facet normal -5.568650961e-01 -8.179703951e-01 -1.443114728e-01
    outer loop
      vertex 5.378986895e-02 7.626314182e-03 1.361352042e-03
      vertex 5.241644382e-02 8.633012883e-03 9.550649556e-04
      vertex 5.359644815e-02 7.626314182e-03 2.107722219e-03
    endloop
  endfacet
  facet normal -5.732804537e-01 -8.152393699e-01 -8.206246048e-02
    outer loop
      vertex 5.378986895e-02 7.626314182e-03 1.361352042e-03
      vertex 5.389912426e-02 7.626314182e-03 5.981060094e-04
      vertex 5.241644382e-02 8.633012883e-03 9.550649556e-04
    endloop
  endfacet
  facet normal -7.004981637e-01 -7.065746784e-01 -1.002727151e-01
    outer loop
      vertex 5.378986895e-02 7.626314182e-03 1.361352042e-03
      vertex 5.398725718e-02 7.424999960e-03 1.400927431e-03
      vertex 5.389912426e-02 7.626314182e-03 5.981060094e-04
    endloop
  endfacet
  facet normal -6.850422025e-01 -7.065418959e-01 -1.775269806e-01
    outer loop
      vertex 5.378986895e-02 7.626314182e-03 1.361352042e-03
      vertex 5.359644815e-02 7.626314182e-03 2.107722219e-03
      vertex 5.398725718e-02 7.424999960e-03 1.400927431e-03
    endloop
  endfacet
  facet normal -4.800336659e-01 -8.168595433e-01 -3.198566139e-01
    outer loop
      vertex 5.296769738e-02 7.626314182e-03 3.513148753e-03
      vertex 5.176313967e-02 8.633012883e-03 2.749999985e-03
      vertex 5.254016444e-02 7.626314182e-03 4.154783208e-03
    endloop
  endfacet
  facet normal -5.138633847e-01 -8.158660531e-01 -2.651545703e-01
    outer loop
      vertex 5.296769738e-02 7.626314182e-03 3.513148753e-03
      vertex 5.332125351e-02 7.626314182e-03 2.827963792e-03
      vertex 5.176313967e-02 8.633012883e-03 2.749999985e-03
    endloop
  endfacet
  facet normal -6.288697124e-01 -7.065584660e-01 -3.244965374e-01
    outer loop
      vertex 5.296769738e-02 7.626314182e-03 3.513148753e-03
      vertex 5.314118043e-02 7.424999960e-03 3.615278285e-03
      vertex 5.332125351e-02 7.626314182e-03 2.827963792e-03
    endloop
  endfacet
  facet normal -5.889145732e-01 -7.065391541e-01 -3.924055696e-01
    outer loop
      vertex 5.296769738e-02 7.626314182e-03 3.513148753e-03
      vertex 5.270121992e-02 7.424999960e-03 4.275565036e-03
      vertex 5.314118043e-02 7.424999960e-03 3.615278285e-03
    endloop
  endfacet
  facet normal -5.889059901e-01 -7.065505981e-01 -3.923977315e-01
    outer loop
      vertex 5.296769738e-02 7.626314182e-03 3.513148753e-03
      vertex 5.254016444e-02 7.626314182e-03 4.154783208e-03
      vertex 5.270121992e-02 7.424999960e-03 4.275565036e-03
    endloop
  endfacet
  facet normal 9.562723339e-02 -8.586572409e-01 -5.035505891e-01
    outer loop
      vertex 1.330005284e-02 8.512982167e-03 7.954850793e-03
      vertex 1.302730758e-02 8.562533185e-03 7.818559185e-03
      vertex 1.320467610e-02 8.279013447e-03 8.335707709e-03
    endloop
  endfacet
  facet normal 9.333920479e-02 -8.610687852e-01 -4.998483062e-01
    outer loop
      vertex 1.330005284e-02 8.512982167e-03 7.954850793e-03
      vertex 1.320735551e-02 8.622458205e-03 7.748950273e-03
      vertex 1.302730758e-02 8.562533185e-03 7.818559185e-03
    endloop
  endfacet
  facet normal -7.646301761e-03 -7.944109440e-01 -6.073323488e-01
    outer loop
      vertex 1.350014005e-02 8.264230564e-03 8.353382349e-03
      vertex 1.320181787e-02 7.868929766e-03 8.874206804e-03
      vertex 4.296455160e-02 7.757891901e-03 8.644736372e-03
    endloop
  endfacet
  facet normal -3.557376098e-03 -7.955611348e-01 -6.058629155e-01
    outer loop
      vertex 1.350014005e-02 8.264230564e-03 8.353382349e-03
      vertex 1.320467610e-02 8.279013447e-03 8.335707709e-03
      vertex 1.320181787e-02 7.868929766e-03 8.874206804e-03
    endloop
  endfacet
  facet normal -5.837861821e-02 -9.101059437e-01 -4.102427959e-01
    outer loop
      vertex 4.272012413e-02 8.173620328e-03 7.971813902e-03
      vertex 4.699998721e-02 7.976243272e-03 7.800653577e-03
      vertex 4.699998721e-02 8.089694194e-03 7.548967376e-03
    endloop
  endfacet
  facet normal -5.864837393e-02 -9.034442902e-01 -4.246748984e-01
    outer loop
      vertex 4.272012413e-02 8.173620328e-03 7.971813902e-03
      vertex 4.312248155e-02 8.029000834e-03 8.223908022e-03
      vertex 4.699998721e-02 7.976243272e-03 7.800653577e-03
    endloop
  endfacet
  facet normal -5.837803334e-02 -9.101065993e-01 -4.102414846e-01
    outer loop
      vertex 4.272012413e-02 8.173620328e-03 7.971813902e-03
      vertex 4.699998721e-02 8.089694194e-03 7.548967376e-03
      vertex 4.699998721e-02 8.323301561e-03 7.030715700e-03
    endloop
  endfacet
  facet normal -3.106062673e-02 -8.967801929e-01 -4.413848519e-01
    outer loop
      vertex 4.272012413e-02 8.173620328e-03 7.971813902e-03
      vertex 4.207747430e-02 8.274944499e-03 7.811170537e-03
      vertex 4.237351194e-02 8.102450520e-03 8.140806109e-03
    endloop
  endfacet
  facet normal -3.727633134e-02 -8.913241029e-01 -4.518316388e-01
    outer loop
      vertex 4.272012413e-02 8.173620328e-03 7.971813902e-03
      vertex 4.237351194e-02 8.102450520e-03 8.140806109e-03
      vertex 4.312248155e-02 8.029000834e-03 8.223908022e-03
    endloop
  endfacet
  facet normal -5.230746791e-02 -9.216554761e-01 -3.844673634e-01
    outer loop
      vertex 4.272012413e-02 8.173620328e-03 7.971813902e-03
      vertex 4.699998721e-02 8.323301561e-03 7.030715700e-03
      vertex 4.699998721e-02 8.628117852e-03 6.300005596e-03
    endloop
  endfacet
  facet normal -3.569660336e-02 -9.486362338e-01 -3.143485188e-01
    outer loop
      vertex 4.127210006e-02 8.538261056e-03 7.221596781e-03
      vertex 4.699998721e-02 8.628117852e-03 6.300005596e-03
      vertex 4.085560888e-02 8.626366965e-03 7.003013510e-03
    endloop
  endfacet
  facet normal 8.485680073e-02 -9.125284553e-01 -4.001137614e-01
    outer loop
      vertex 1.303186361e-02 8.848892525e-03 7.195307873e-03
      vertex 1.320735551e-02 8.622458205e-03 7.748950273e-03
      vertex 1.320988592e-02 8.896450512e-03 7.124600001e-03
    endloop
  endfacet
  facet normal 8.983283490e-02 -9.115381241e-01 -4.012835026e-01
    outer loop
      vertex 1.303186361e-02 8.848892525e-03 7.195307873e-03
      vertex 1.140002441e-02 8.614917286e-03 7.361485623e-03
      vertex 1.320735551e-02 8.622458205e-03 7.748950273e-03
    endloop
  endfacet
  facet normal 9.248760343e-02 -9.183441997e-01 -3.848247528e-01
    outer loop
      vertex 1.303186361e-02 8.848892525e-03 7.195307873e-03
      vertex 1.320988592e-02 8.896450512e-03 7.124600001e-03
      vertex 1.140002441e-02 8.614917286e-03 7.361485623e-03
    endloop
  endfacet
  facet normal 2.175326832e-02 -9.192216396e-01 -3.931390643e-01
    outer loop
      vertex 1.330006868e-02 8.681999519e-03 7.631018292e-03
      vertex 1.350001805e-02 8.798650466e-03 7.369329222e-03
      vertex 1.320988592e-02 8.896450512e-03 7.124600001e-03
    endloop
  endfacet
  facet normal 7.709358633e-02 -9.130960703e-01 -4.003897905e-01
    outer loop
      vertex 1.330006868e-02 8.681999519e-03 7.631018292e-03
      vertex 1.320988592e-02 8.896450512e-03 7.124600001e-03
      vertex 1.320735551e-02 8.622458205e-03 7.748950273e-03
    endloop
  endfacet
  facet normal 1.031195745e-01 -9.739037752e-01 -2.021820843e-01
    outer loop
      vertex 1.321228594e-02 9.099222720e-03 6.471026689e-03
      vertex 1.304023247e-02 9.206810035e-03 5.865026731e-03
      vertex 1.140002441e-02 8.964562789e-03 6.195363123e-03
    endloop
  endfacet
  facet normal 8.044411987e-02 -9.772310257e-01 -1.963370591e-01
    outer loop
      vertex 1.321228594e-02 9.099222720e-03 6.471026689e-03
      vertex 1.321453135e-02 9.234442376e-03 5.798905157e-03
      vertex 1.304023247e-02 9.206810035e-03 5.865026731e-03
    endloop
  endfacet
  facet normal 5.705750734e-02 -9.787972569e-01 -1.967245042e-01
    outer loop
      vertex 1.321228594e-02 9.099222720e-03 6.471026689e-03
      vertex 1.330003794e-02 9.122144431e-03 6.382433232e-03
      vertex 1.321453135e-02 9.234442376e-03 5.798905157e-03
    endloop
  endfacet
  facet normal -9.374090470e-03 -9.710557461e-01 -2.386689186e-01
    outer loop
      vertex 1.876389049e-02 8.971969597e-03 6.778838579e-03
      vertex 1.874808967e-02 9.181740694e-03 5.925976206e-03
      vertex 1.330003794e-02 9.122144431e-03 6.382433232e-03
    endloop
  endfacet
  facet normal -9.022252634e-03 -9.699597359e-01 -2.430980951e-01
    outer loop
      vertex 1.876389049e-02 8.971969597e-03 6.778838579e-03
      vertex 1.330003794e-02 9.122144431e-03 6.382433232e-03
      vertex 1.349999197e-02 9.064007550e-03 6.606973242e-03
    endloop
  endfacet
  facet normal -7.040712982e-02 -7.873728871e-02 9.944059253e-01
    outer loop
      vertex 2.342702262e-02 1.110830577e-03 -1.095943432e-02
      vertex 2.832634747e-02 8.617091225e-04 -1.063226908e-02
      vertex 2.843834087e-02 6.448166096e-04 -1.064151339e-02
    endloop
  endfacet
  facet normal -7.001095265e-02 -7.421217114e-02 9.947818518e-01
    outer loop
      vertex 2.342702262e-02 1.110830577e-03 -1.095943432e-02
      vertex 2.843834087e-02 6.448166096e-04 -1.064151339e-02
      vertex 2.338513546e-02 5.631389213e-04 -1.100324094e-02
    endloop
  endfacet
  facet normal -3.364581242e-02 -6.076251715e-02 9.975849986e-01
    outer loop
      vertex 1.818647049e-02 1.075983862e-03 -1.114733890e-02
      vertex 2.338513546e-02 5.631389213e-04 -1.100324094e-02
      vertex 2.126485854e-02 1.019395040e-05 -1.110843103e-02
    endloop
  endfacet
  facet normal -2.149683423e-02 -2.560544573e-02 9.994409680e-01
    outer loop
      vertex 1.818647049e-02 1.075983862e-03 -1.114733890e-02
      vertex 2.126485854e-02 1.019395040e-05 -1.110843103e-02
      vertex 1.756851934e-02 9.992415471e-06 -1.118794084e-02
    endloop
  endfacet
  facet normal 3.517867299e-03 2.454050817e-02 9.996926785e-01
    outer loop
      vertex 1.350002363e-02 9.776244951e-06 -1.119741332e-02
      vertex 1.330004539e-02 -3.081393195e-03 -1.112082414e-02
      vertex 1.330002490e-02 9.764607967e-06 -1.119670644e-02
    endloop
  endfacet
  facet normal -2.328480827e-03 2.491966262e-02 9.996867180e-01
    outer loop
      vertex 1.350002363e-02 9.776244951e-06 -1.119741332e-02
      vertex 1.756851934e-02 9.992415471e-06 -1.118794084e-02
      vertex 1.330004539e-02 -3.081393195e-03 -1.112082414e-02
    endloop
  endfacet
  facet normal -4.729904607e-02 -8.648148738e-03 9.988433719e-01
    outer loop
      vertex 2.461004816e-02 1.042872918e-05 -1.095002238e-02
      vertex 2.126485854e-02 1.019395040e-05 -1.110843103e-02
      vertex 2.338513546e-02 5.631389213e-04 -1.100324094e-02
    endloop
  endfacet
  facet normal -4.730086774e-02 8.631694131e-03 9.988434315e-01
    outer loop
      vertex 2.461004816e-02 1.042872918e-05 -1.095002238e-02
      vertex 2.338513359e-02 -5.435229978e-04 -1.100324094e-02
      vertex 2.126485854e-02 1.019395040e-05 -1.110843103e-02
    endloop
  endfacet
  facet normal -7.135137171e-02 4.893512279e-02 9.962501526e-01
    outer loop
      vertex 2.461004816e-02 1.042872918e-05 -1.095002238e-02
      vertex 2.842417918e-02 -4.998531076e-04 -1.065179147e-02
      vertex 2.829523198e-02 -6.167304236e-04 -1.065528579e-02
    endloop
  endfacet
  facet normal -6.969969720e-02 5.844978616e-02 9.958542585e-01
    outer loop
      vertex 2.461004816e-02 1.042872918e-05 -1.095002238e-02
      vertex 2.829523198e-02 -6.167304236e-04 -1.065528579e-02
      vertex 2.338513359e-02 -5.435229978e-04 -1.100324094e-02
    endloop
  endfacet
  facet normal -1.553620957e-02 4.060827196e-01 9.137042165e-01
    outer loop
      vertex 1.349994075e-02 -4.500960931e-03 -1.074917614e-02
      vertex 1.306138560e-02 -4.321239423e-03 -1.083650626e-02
      vertex 1.350001246e-02 -4.036180209e-03 -1.095573977e-02
    endloop
  endfacet
  facet normal -2.705800347e-02 4.059838951e-01 9.134795070e-01
    outer loop
      vertex 1.349994075e-02 -4.500960931e-03 -1.074917614e-02
      vertex 1.350001246e-02 -4.036180209e-03 -1.095573977e-02
      vertex 1.849341765e-02 -4.213837441e-03 -1.072887331e-02
    endloop
  endfacet
  facet normal -2.934232727e-02 4.470894039e-01 8.940079212e-01
    outer loop
      vertex 1.349994075e-02 -4.500960931e-03 -1.074917614e-02
      vertex 1.849341765e-02 -4.213837441e-03 -1.072887331e-02
      vertex 1.856497861e-02 -4.712301772e-03 -1.047724485e-02
    endloop
  endfacet
  facet normal 1.699383184e-02 4.702244997e-01 8.823832273e-01
    outer loop
      vertex 1.349994075e-02 -4.500960931e-03 -1.074917614e-02
      vertex 1.330005657e-02 -4.725079052e-03 -1.062589325e-02
      vertex 1.306138560e-02 -4.321239423e-03 -1.083650626e-02
    endloop
  endfacet
  facet normal -2.566370927e-02 4.992898703e-01 8.660549521e-01
    outer loop
      vertex 1.349994075e-02 -4.500960931e-03 -1.074917614e-02
      vertex 1.856497861e-02 -4.712301772e-03 -1.047724485e-02
      vertex 1.330005657e-02 -4.725079052e-03 -1.062589325e-02
    endloop
  endfacet
  facet normal -3.300686926e-02 2.926411927e-01 9.556524754e-01
    outer loop
      vertex 1.350001246e-02 -4.036180209e-03 -1.095573977e-02
      vertex 1.842914522e-02 -3.683573334e-03 -1.089347154e-02
      vertex 1.849341765e-02 -4.213837441e-03 -1.072887331e-02
    endloop
  endfacet
  facet normal -4.922344908e-02 5.260316730e-01 8.490393162e-01
    outer loop
      vertex 2.413463034e-02 -5.245649256e-03 -9.824641049e-03
      vertex 2.400976233e-02 -4.780477844e-03 -1.012008172e-02
      vertex 4.699999839e-02 -7.462826557e-03 -7.125349250e-03
    endloop
  endfacet
  facet normal -4.910707846e-02 5.260561705e-01 8.490309119e-01
    outer loop
      vertex 2.413463034e-02 -5.245649256e-03 -9.824641049e-03
      vertex 1.856497861e-02 -4.712301772e-03 -1.047724485e-02
      vertex 2.400976233e-02 -4.780477844e-03 -1.012008172e-02
    endloop
  endfacet
  facet normal -4.567320272e-02 5.463501215e-01 8.363107443e-01
    outer loop
      vertex 2.413463034e-02 -5.245649256e-03 -9.824641049e-03
      vertex 1.864549518e-02 -5.173009355e-03 -1.017187349e-02
      vertex 1.856497861e-02 -4.712301772e-03 -1.047724485e-02
    endloop
  endfacet
  facet normal -4.563849419e-02 5.469917655e-01 8.358929157e-01
    outer loop
      vertex 2.413463034e-02 -5.245649256e-03 -9.824641049e-03
      vertex 4.699999839e-02 -7.462826557e-03 -7.125349250e-03
      vertex 1.864549518e-02 -5.173009355e-03 -1.017187349e-02
    endloop
  endfacet
  facet normal -5.311794207e-02 -4.439189732e-01 8.944911957e-01
    outer loop
      vertex 1.856497861e-02 4.731917754e-03 -1.047724485e-02
      vertex 2.400976233e-02 4.800093826e-03 -1.012008172e-02
      vertex 1.849341765e-02 4.233453423e-03 -1.072887331e-02
    endloop
  endfacet
  facet normal -2.538142353e-02 -5.031650066e-01 8.638175130e-01
    outer loop
      vertex 1.856497861e-02 4.731917754e-03 -1.047724485e-02
      vertex 1.349994075e-02 4.520544317e-03 -1.074919198e-02
      vertex 1.329945493e-02 4.782104865e-03 -1.060272660e-02
    endloop
  endfacet
  facet normal -2.934204787e-02 -4.470897913e-01 8.940077424e-01
    outer loop
      vertex 1.856497861e-02 4.731917754e-03 -1.047724485e-02
      vertex 1.849341765e-02 4.233453423e-03 -1.072887331e-02
      vertex 1.349994075e-02 4.520544317e-03 -1.074919198e-02
    endloop
  endfacet
  facet normal 1.355000772e-02 -4.552994072e-01 8.902352452e-01
    outer loop
      vertex 1.305810641e-02 4.606263712e-03 -1.069862302e-02
      vertex 1.349994075e-02 4.520544317e-03 -1.074919198e-02
      vertex 1.329962257e-02 4.238685127e-03 -1.089029387e-02
    endloop
  endfacet
  facet normal 7.106461376e-02 -4.240677059e-01 9.028380513e-01
    outer loop
      vertex 1.305810641e-02 4.606263712e-03 -1.069862302e-02
      vertex 1.329962257e-02 4.238685127e-03 -1.089029387e-02
      vertex 1.304913312e-02 4.606000148e-03 -1.069804095e-02
    endloop
  endfacet
  facet normal 7.023040205e-02 -5.500964522e-01 8.321427703e-01
    outer loop
      vertex 1.305810641e-02 4.606263712e-03 -1.069862302e-02
      vertex 1.304913312e-02 4.606000148e-03 -1.069804095e-02
      vertex 1.329945493e-02 4.782104865e-03 -1.060272660e-02
    endloop
  endfacet
  facet normal 5.974020343e-03 -4.850839674e-01 8.744472265e-01
    outer loop
      vertex 1.305810641e-02 4.606263712e-03 -1.069862302e-02
      vertex 1.329945493e-02 4.782104865e-03 -1.060272660e-02
      vertex 1.349994075e-02 4.520544317e-03 -1.074919198e-02
    endloop
  endfacet
  facet normal 8.501757681e-02 -5.971586704e-01 7.976047993e-01
    outer loop
      vertex 1.329974178e-02 5.266014021e-03 -1.025465038e-02
      vertex 1.140002441e-02 4.761971999e-03 -1.042952668e-02
      vertex 1.305806916e-02 5.409458186e-03 -1.012149546e-02
    endloop
  endfacet
  facet normal -9.077546000e-02 -3.037392795e-01 9.484208226e-01
    outer loop
      vertex 2.888380550e-02 3.825863125e-03 -1.004546508e-02
      vertex 2.379954606e-02 3.773981705e-03 -1.054870803e-02
      vertex 4.769523814e-02 7.424999960e-03 -7.092319429e-03
    endloop
  endfacet
  facet normal -9.307090193e-02 -2.435944825e-01 9.654012322e-01
    outer loop
      vertex 2.888380550e-02 3.825863125e-03 -1.004546508e-02
      vertex 2.909729443e-02 3.700684290e-03 -1.005646866e-02
      vertex 2.379954606e-02 3.773981705e-03 -1.054870803e-02
    endloop
  endfacet
  facet normal -1.015367284e-01 -2.576347888e-01 9.608926177e-01
    outer loop
      vertex 2.888380550e-02 3.825863125e-03 -1.004546508e-02
      vertex 4.770242795e-02 7.149999961e-03 -7.165654097e-03
      vertex 2.909729443e-02 3.700684290e-03 -1.005646866e-02
    endloop
  endfacet
  facet normal -1.012842134e-01 -2.588151097e-01 9.606019855e-01
    outer loop
      vertex 2.888380550e-02 3.825863125e-03 -1.004546508e-02
      vertex 4.769523814e-02 7.424999960e-03 -7.092319429e-03
      vertex 4.770242795e-02 7.149999961e-03 -7.165654097e-03
    endloop
  endfacet
  facet normal -2.238889970e-02 -7.067445517e-01 7.071144581e-01
    outer loop
      vertex 4.690250009e-02 7.424999960e-03 -7.125646807e-03
      vertex 1.883458160e-02 6.004350726e-03 -9.434251115e-03
      vertex 4.690525308e-02 7.626314182e-03 -6.924351677e-03
    endloop
  endfacet
  facet normal -2.276642434e-02 -7.038888931e-01 7.099450827e-01
    outer loop
      vertex 4.690250009e-02 7.424999960e-03 -7.125646807e-03
      vertex 1.873521693e-02 5.617104936e-03 -9.821379557e-03
      vertex 1.883458160e-02 6.004350726e-03 -9.434251115e-03
    endloop
  endfacet
  facet normal -3.223807365e-02 -6.410944462e-01 7.667846084e-01
    outer loop
      vertex 4.690250009e-02 7.424999960e-03 -7.125646807e-03
      vertex 4.769523814e-02 7.424999960e-03 -7.092319429e-03
      vertex 1.873521693e-02 5.617104936e-03 -9.821379557e-03
    endloop
  endfacet
  facet normal -2.972352318e-02 -7.065549493e-01 7.070335746e-01
    outer loop
      vertex 4.690250009e-02 7.424999960e-03 -7.125646807e-03
      vertex 4.767559841e-02 7.626314182e-03 -6.891965866e-03
      vertex 4.769523814e-02 7.424999960e-03 -7.092319429e-03
    endloop
  endfacet
  facet normal -2.972416580e-02 -7.065569162e-01 7.070316672e-01
    outer loop
      vertex 4.690250009e-02 7.424999960e-03 -7.125646807e-03
      vertex 4.690525308e-02 7.626314182e-03 -6.924351677e-03
      vertex 4.767559841e-02 7.626314182e-03 -6.891965866e-03
    endloop
  endfacet
  facet normal 2.197319642e-02 -8.436521888e-01 5.364402533e-01
    outer loop
      vertex 1.306136977e-02 6.605048198e-03 -8.701251820e-03
      vertex 1.329990197e-02 6.839839276e-03 -8.341769688e-03
      vertex 1.349973213e-02 6.601779256e-03 -8.724349551e-03
    endloop
  endfacet
  facet normal 2.325982042e-02 -8.290297985e-01 5.587206483e-01
    outer loop
      vertex 1.306136977e-02 6.605048198e-03 -8.701251820e-03
      vertex 1.349973213e-02 6.601779256e-03 -8.724349551e-03
      vertex 1.329999976e-02 6.344513502e-03 -9.097766131e-03
    endloop
  endfacet
  facet normal 9.362820536e-02 -8.608698845e-01 5.001366735e-01
    outer loop
      vertex 1.306136977e-02 6.605048198e-03 -8.701251820e-03
      vertex 1.140002441e-02 6.631909870e-03 -8.344004862e-03
      vertex 1.329990197e-02 6.839839276e-03 -8.341769688e-03
    endloop
  endfacet
  facet normal 1.109299511e-01 -8.093701005e-01 5.767273903e-01
    outer loop
      vertex 1.306136977e-02 6.605048198e-03 -8.701251820e-03
      vertex 1.306139585e-02 6.180773955e-03 -9.296677075e-03
      vertex 1.140002441e-02 6.631909870e-03 -8.344004862e-03
    endloop
  endfacet
  facet normal 7.489147782e-02 -8.121078610e-01 5.786813498e-01
    outer loop
      vertex 1.306136977e-02 6.605048198e-03 -8.701251820e-03
      vertex 1.329999976e-02 6.344513502e-03 -9.097766131e-03
      vertex 1.306139585e-02 6.180773955e-03 -9.296677075e-03
    endloop
  endfacet
  facet normal -6.688515842e-02 -4.332188070e-01 8.988035321e-01
    outer loop
      vertex 2.389885671e-02 4.300802480e-03 -1.036898978e-02
      vertex 2.400976233e-02 4.800093826e-03 -1.012008172e-02
      vertex 4.769523814e-02 7.424999960e-03 -7.092319429e-03
    endloop
  endfacet
  facet normal -9.028056264e-02 -3.062620461e-01 9.476565719e-01
    outer loop
      vertex 2.389885671e-02 4.300802480e-03 -1.036898978e-02
      vertex 4.769523814e-02 7.424999960e-03 -7.092319429e-03
      vertex 2.379954606e-02 3.773981705e-03 -1.054870803e-02
    endloop
  endfacet
  facet normal -5.923434719e-02 -3.122797310e-01 9.481416941e-01
    outer loop
      vertex 2.389885671e-02 4.300802480e-03 -1.036898978e-02
      vertex 2.379954606e-02 3.773981705e-03 -1.054870803e-02
      vertex 1.849341765e-02 4.233453423e-03 -1.072887331e-02
    endloop
  endfacet
  facet normal -5.438436195e-02 -4.357937872e-01 8.984019756e-01
    outer loop
      vertex 2.389885671e-02 4.300802480e-03 -1.036898978e-02
      vertex 1.849341765e-02 4.233453423e-03 -1.072887331e-02
      vertex 2.400976233e-02 4.800093826e-03 -1.012008172e-02
    endloop
  endfacet
  facet normal -3.030255623e-02 -1.814381629e-01 9.829354286e-01
    outer loop
      vertex 1.349992305e-02 3.521505278e-03 -1.107896864e-02
      vertex 1.329999790e-02 3.776923753e-03 -1.103798486e-02
      vertex 1.842914522e-02 3.703189315e-03 -1.089347154e-02
    endloop
  endfacet
  facet normal -3.150812164e-02 -1.535288543e-01 9.876416326e-01
    outer loop
      vertex 1.349992305e-02 3.521505278e-03 -1.107896864e-02
      vertex 1.842914522e-02 3.703189315e-03 -1.089347154e-02
      vertex 1.837065443e-02 3.170694690e-03 -1.097811386e-02
    endloop
  endfacet
  facet normal 7.529440522e-02 -1.438457221e-01 9.867315292e-01
    outer loop
      vertex 1.304901764e-02 3.158153733e-03 -1.110910252e-02
      vertex 1.329999790e-02 3.776923753e-03 -1.103798486e-02
      vertex 1.305799279e-02 3.158341395e-03 -1.110975817e-02
    endloop
  endfacet
  facet normal 8.679468930e-02 -1.484263390e-01 9.851073027e-01
    outer loop
      vertex 1.304901764e-02 3.158153733e-03 -1.110910252e-02
      vertex 1.304913592e-02 3.920323681e-03 -1.099427603e-02
      vertex 1.329999790e-02 3.776923753e-03 -1.103798486e-02
    endloop
  endfacet
  facet normal 9.516865015e-02 -1.483144462e-01 9.843503833e-01
    outer loop
      vertex 1.304901764e-02 3.158153733e-03 -1.110910252e-02
      vertex 1.140002441e-02 3.120528534e-03 -1.095534302e-02
      vertex 1.304913592e-02 3.920323681e-03 -1.099427603e-02
    endloop
  endfacet
  facet normal 9.200417995e-02 -2.036609501e-02 9.955503345e-01
    outer loop
      vertex 1.304901764e-02 3.158153733e-03 -1.110910252e-02
      vertex 1.330002490e-02 9.764607967e-06 -1.119670644e-02
      vertex 1.257959008e-02 9.561174011e-06 -1.113013085e-02
    endloop
  endfacet
  facet normal 7.330401242e-02 -2.189829201e-02 9.970691800e-01
    outer loop
      vertex 1.304901764e-02 3.158153733e-03 -1.110910252e-02
      vertex 1.305799279e-02 3.158341395e-03 -1.110975817e-02
      vertex 1.330002490e-02 9.764607967e-06 -1.119670644e-02
    endloop
  endfacet
  facet normal 9.328778088e-02 -2.055634186e-02 9.954270124e-01
    outer loop
      vertex 1.304901764e-02 3.158153733e-03 -1.110910252e-02
      vertex 1.257959008e-02 9.561174011e-06 -1.113013085e-02
      vertex 1.140002441e-02 3.120528534e-03 -1.095534302e-02
    endloop
  endfacet
  facet normal -2.846171707e-02 -4.312216640e-01 9.017969966e-01
    outer loop
      vertex 1.329962257e-02 4.238685127e-03 -1.089029387e-02
      vertex 1.349994075e-02 4.520544317e-03 -1.074919198e-02
      vertex 1.849341765e-02 4.233453423e-03 -1.072887331e-02
    endloop
  endfacet
  facet normal 8.590149134e-02 -4.153969884e-01 9.055750370e-01
    outer loop
      vertex 1.329962257e-02 4.238685127e-03 -1.089029387e-02
      vertex 1.140002441e-02 4.026255570e-03 -1.080754399e-02
      vertex 1.304913312e-02 4.606000148e-03 -1.069804095e-02
    endloop
  endfacet
  facet normal 8.138143271e-02 -3.667280078e-01 9.267618656e-01
    outer loop
      vertex 1.329962257e-02 4.238685127e-03 -1.089029387e-02
      vertex 1.304913592e-02 3.920323681e-03 -1.099427603e-02
      vertex 1.140002441e-02 4.026255570e-03 -1.080754399e-02
    endloop
  endfacet
  facet normal -9.665200487e-03 -4.150009453e-01 -9.097695947e-01
    outer loop
      vertex 1.330029778e-02 5.806404166e-03 1.032038033e-02
      vertex 2.906825952e-02 6.183806341e-03 9.980712086e-03
      vertex 1.350019313e-02 6.255113520e-03 1.011357363e-02
    endloop
  endfacet
  facet normal -5.390849896e-03 -4.165796340e-01 -9.090833068e-01
    outer loop
      vertex 1.330029778e-02 5.806404166e-03 1.032038033e-02
      vertex 1.350019313e-02 6.255113520e-03 1.011357363e-02
      vertex 1.324580051e-02 5.805301014e-03 1.032121293e-02
    endloop
  endfacet
  facet normal -1.107346360e-02 -3.725270927e-01 -9.279552698e-01
    outer loop
      vertex 1.330029778e-02 5.806404166e-03 1.032038033e-02
      vertex 2.135062218e-02 5.394783802e-03 1.038955990e-02
      vertex 2.906825952e-02 6.183806341e-03 9.980712086e-03
    endloop
  endfacet
  facet normal -7.399549242e-03 -8.075903356e-02 -9.967061877e-01
    outer loop
      vertex 1.440957095e-02 3.765759757e-03 1.078492776e-02
      vertex 1.430924237e-02 3.673857311e-03 1.079311874e-02
      vertex 1.529445779e-02 3.680887166e-03 1.078523789e-02
    endloop
  endfacet
  facet normal -8.141399361e-03 1.035538167e-01 -9.945905805e-01
    outer loop
      vertex 1.490509231e-02 -3.922415897e-03 1.076262258e-02
      vertex 1.529543474e-02 -3.731529461e-03 1.077930257e-02
      vertex 1.410138793e-02 -3.784444649e-03 1.078356523e-02
    endloop
  endfacet
  facet normal -7.981643081e-03 1.044539213e-01 -9.944976568e-01
    outer loop
      vertex 1.490509231e-02 -3.922415897e-03 1.076262258e-02
      vertex 1.410138793e-02 -3.784444649e-03 1.078356523e-02
      vertex 1.380015071e-02 -3.878065152e-03 1.077615004e-02
    endloop
  endfacet
  facet normal -8.862189949e-03 1.050191745e-01 -9.944307804e-01
    outer loop
      vertex 1.490509231e-02 -3.922415897e-03 1.076262258e-02
      vertex 1.778232493e-02 -3.946166951e-03 1.073447056e-02
      vertex 1.529543474e-02 -3.731529461e-03 1.077930257e-02
    endloop
  endfacet
  facet normal 9.009523317e-03 -9.914513230e-01 1.301660538e-01
    outer loop
      vertex 1.330003701e-02 8.980243467e-03 -7.829400711e-04
      vertex 4.699999839e-02 8.700000122e-03 -5.249999929e-03
      vertex 1.350000128e-02 8.852580562e-03 -1.769151655e-03
    endloop
  endfacet
  facet normal 6.727969646e-02 -9.903199077e-01 1.214077920e-01
    outer loop
      vertex 1.330003701e-02 8.980243467e-03 -7.829400711e-04
      vertex 1.306158211e-02 8.848051541e-03 -1.729090698e-03
      vertex 1.306071412e-02 9.017171338e-03 -3.490952076e-04
    endloop
  endfacet
  facet normal 2.237123251e-02 -9.908899665e-01 1.328032315e-01
    outer loop
      vertex 1.330003701e-02 8.980243467e-03 -7.829400711e-04
      vertex 1.350000128e-02 8.852580562e-03 -1.769151655e-03
      vertex 1.306158211e-02 8.848051541e-03 -1.729090698e-03
    endloop
  endfacet
  facet normal -3.175450861e-02 -9.594954848e-01 -2.799288630e-01
    outer loop
      vertex 4.052972421e-02 8.770744316e-03 6.545106415e-03
      vertex 4.085560888e-02 8.626366965e-03 7.003013510e-03
      vertex 4.699998721e-02 8.628117852e-03 6.300005596e-03
    endloop
  endfacet
  facet normal -2.298510820e-01 -8.872545362e-01 -3.999349177e-01
    outer loop
      vertex 4.699998721e-02 8.089694194e-03 7.548967376e-03
      vertex 4.975000024e-02 8.633012883e-03 4.763139877e-03
      vertex 4.699998721e-02 8.323301561e-03 7.030715700e-03
    endloop
  endfacet
  facet normal -2.298616022e-01 -8.872441053e-01 -3.999519348e-01
    outer loop
      vertex 4.699998721e-02 8.089694194e-03 7.548967376e-03
      vertex 4.699998721e-02 7.976243272e-03 7.800653577e-03
      vertex 4.975000024e-02 8.633012883e-03 4.763139877e-03
    endloop
  endfacet
  facet normal -7.905701175e-03 -7.267408371e-01 -6.868662834e-01
    outer loop
      vertex 4.347465560e-02 7.492109202e-03 8.933736011e-03
      vertex 4.324896634e-02 7.647485007e-03 8.771937340e-03
      vertex 3.653404489e-02 7.470901124e-03 9.036059491e-03
    endloop
  endfacet
  facet normal -7.443175465e-02 -8.113335967e-01 -5.798255801e-01
    outer loop
      vertex 4.336054996e-02 7.824162953e-03 8.549439721e-03
      vertex 4.699998721e-02 7.677109912e-03 8.288022131e-03
      vertex 4.354525357e-02 7.862964645e-03 8.471436799e-03
    endloop
  endfacet
  facet normal -7.452701032e-02 -8.097034097e-01 -5.820876956e-01
    outer loop
      vertex 4.336054996e-02 7.824162953e-03 8.549439721e-03
      vertex 4.391952604e-02 7.589565590e-03 8.804204874e-03
      vertex 4.699998721e-02 7.677109912e-03 8.288022131e-03
    endloop
  endfacet
  facet normal -7.837193087e-03 -7.277470231e-01 -6.858008504e-01
    outer loop
      vertex 1.330003701e-02 7.810193580e-03 8.941530250e-03
      vertex 3.653404489e-02 7.470901124e-03 9.036059491e-03
      vertex 4.324896634e-02 7.647485007e-03 8.771937340e-03
    endloop
  endfacet
  facet normal -7.810014766e-03 -7.591209412e-01 -6.509028077e-01
    outer loop
      vertex 1.330003701e-02 7.810193580e-03 8.941530250e-03
      vertex 4.324896634e-02 7.647485007e-03 8.771937340e-03
      vertex 1.320181787e-02 7.868929766e-03 8.874206804e-03
    endloop
  endfacet
  facet normal -7.356512826e-03 -7.021292448e-01 -7.120114565e-01
    outer loop
      vertex 1.330003701e-02 7.810193580e-03 8.941530250e-03
      vertex 1.319886465e-02 7.394891698e-03 9.352112189e-03
      vertex 3.653404489e-02 7.470901124e-03 9.036059491e-03
    endloop
  endfacet
  facet normal 5.780713260e-02 -7.089649439e-01 -7.028705478e-01
    outer loop
      vertex 1.330003701e-02 7.810193580e-03 8.941530250e-03
      vertex 1.320181787e-02 7.868929766e-03 8.874206804e-03
      vertex 1.319886465e-02 7.394891698e-03 9.352112189e-03
    endloop
  endfacet
  facet normal -8.134676144e-03 -5.592768192e-01 -8.289411068e-01
    outer loop
      vertex 1.350002643e-02 6.859217305e-03 9.759805165e-03
      vertex 3.655038401e-02 6.926434115e-03 9.488253854e-03
      vertex 1.330004446e-02 6.953690667e-03 9.698027745e-03
    endloop
  endfacet
  facet normal -6.209256593e-03 -5.564490557e-01 -8.308584690e-01
    outer loop
      vertex 1.350002643e-02 6.859217305e-03 9.759805165e-03
      vertex 1.330004446e-02 6.953690667e-03 9.698027745e-03
      vertex 1.319574751e-02 6.862690207e-03 9.759753011e-03
    endloop
  endfacet
  facet normal -8.679899387e-03 -5.065490603e-01 -8.621673584e-01
    outer loop
      vertex 1.350002643e-02 6.859217305e-03 9.759805165e-03
      vertex 1.319269836e-02 6.287862081e-03 1.009858679e-02
      vertex 3.655038401e-02 6.926434115e-03 9.488253854e-03
    endloop
  endfacet
  facet normal -5.652826745e-03 -5.077689886e-01 -8.614747524e-01
    outer loop
      vertex 1.350002643e-02 6.859217305e-03 9.759805165e-03
      vertex 1.319574751e-02 6.862690207e-03 9.759753011e-03
      vertex 1.319269836e-02 6.287862081e-03 1.009858679e-02
    endloop
  endfacet
  facet normal 6.090626121e-02 -6.071707010e-01 -7.922336459e-01
    outer loop
      vertex 1.330004446e-02 6.953690667e-03 9.698027745e-03
      vertex 1.319886465e-02 7.394891698e-03 9.352112189e-03
      vertex 1.319574751e-02 6.862690207e-03 9.759753011e-03
    endloop
  endfacet
  facet normal -7.816839032e-03 -6.180920601e-01 -7.860668898e-01
    outer loop
      vertex 1.330004446e-02 6.953690667e-03 9.698027745e-03
      vertex 3.655038401e-02 6.926434115e-03 9.488253854e-03
      vertex 1.319886465e-02 7.394891698e-03 9.352112189e-03
    endloop
  endfacet
  facet normal -2.587536871e-01 -9.656780362e-01 -2.263789624e-02
    outer loop
      vertex 5.217023939e-02 8.700000122e-03 9.116529254e-04
      vertex 5.241644382e-02 8.633012883e-03 9.550649556e-04
      vertex 5.225000158e-02 8.700000122e-03 3.035766083e-18
    endloop
  endfacet
  facet normal -2.508916855e-01 -9.656780362e-01 -6.722582132e-02
    outer loop
      vertex 5.217023939e-02 8.700000122e-03 9.116529254e-04
      vertex 5.193338543e-02 8.700000122e-03 1.795605756e-03
      vertex 5.241644382e-02 8.633012883e-03 9.550649556e-04
    endloop
  endfacet
  facet normal -2.688242123e-02 -9.996126294e-01 -7.202074863e-03
    outer loop
      vertex 5.217023939e-02 8.700000122e-03 9.116529254e-04
      vertex 3.863803670e-02 9.038266726e-03 4.471672699e-03
      vertex 5.193338543e-02 8.700000122e-03 1.795605756e-03
    endloop
  endfacet
  facet normal -2.557764947e-02 -9.996703267e-01 -2.238907386e-03
    outer loop
      vertex 5.217023939e-02 8.700000122e-03 9.116529254e-04
      vertex 5.225000158e-02 8.700000122e-03 3.035766083e-18
      vertex 3.863803670e-02 9.038266726e-03 4.471672699e-03
    endloop
  endfacet
  facet normal -3.038522974e-02 -9.991695881e-01 -2.714427188e-02
    outer loop
      vertex 5.102173239e-02 8.700000122e-03 3.374635009e-03
      vertex 3.909983486e-02 9.021707810e-03 4.879062995e-03
      vertex 3.925357014e-02 9.015127085e-03 4.949248862e-03
    endloop
  endfacet
  facet normal -3.088486381e-02 -9.990457892e-01 -3.088451922e-02
    outer loop
      vertex 5.102173239e-02 8.700000122e-03 3.374635009e-03
      vertex 3.925357014e-02 9.015127085e-03 4.949248862e-03
      vertex 5.037463456e-02 8.700000122e-03 4.021733534e-03
    endloop
  endfacet
  facet normal -2.958079800e-02 -9.993477464e-01 -2.071398869e-02
    outer loop
      vertex 5.102173239e-02 8.700000122e-03 3.374635009e-03
      vertex 5.154663324e-02 8.700000122e-03 2.624999965e-03
      vertex 3.909983486e-02 9.021707810e-03 4.879062995e-03
    endloop
  endfacet
  facet normal -2.127618790e-01 -9.656795859e-01 -1.489809304e-01
    outer loop
      vertex 5.102173239e-02 8.700000122e-03 3.374635009e-03
      vertex 5.121324584e-02 8.633012883e-03 3.535331925e-03
      vertex 5.154663324e-02 8.700000122e-03 2.624999965e-03
    endloop
  endfacet
  facet normal -1.836651713e-01 -9.656772017e-01 -1.836695075e-01
    outer loop
      vertex 5.102173239e-02 8.700000122e-03 3.374635009e-03
      vertex 5.037463456e-02 8.700000122e-03 4.021733534e-03
      vertex 5.121324584e-02 8.633012883e-03 3.535331925e-03
    endloop
  endfacet
  facet normal -6.900584698e-01 7.217131257e-01 -5.431011319e-02
    outer loop
      vertex 5.394350365e-02 -7.636699826e-03 -1.734723476e-18
      vertex 5.403762311e-02 -7.462826557e-03 1.114650164e-03
      vertex 5.385801569e-02 -7.636699826e-03 1.086203032e-03
    endloop
  endfacet
  facet normal -6.900795698e-01 7.216926217e-01 -5.431210250e-02
    outer loop
      vertex 5.394350365e-02 -7.636699826e-03 -1.734723476e-18
      vertex 5.412534997e-02 -7.462826557e-03 -1.734723476e-18
      vertex 5.403762311e-02 -7.462826557e-03 1.114650164e-03
    endloop
  endfacet
  facet normal -6.278287172e-01 7.767816186e-01 -4.941206425e-02
    outer loop
      vertex 5.394350365e-02 -7.636699826e-03 -1.734723476e-18
      vertex 5.385801569e-02 -7.636699826e-03 1.086203032e-03
      vertex 5.265383422e-02 -8.633012883e-03 7.240015548e-04
    endloop
  endfacet
  facet normal -6.203634739e-01 7.838717699e-01 -2.635141090e-02
    outer loop
      vertex 5.394350365e-02 -7.636699826e-03 -1.734723476e-18
      vertex 5.265383422e-02 -8.633012883e-03 7.240015548e-04
      vertex 5.269486457e-02 -8.633012883e-03 -2.419148514e-04
    endloop
  endfacet
  facet normal -9.294350743e-01 2.938721180e-01 2.231358588e-01
    outer loop
      vertex 5.403762311e-02 -7.462826557e-03 -1.114650164e-03
      vertex 5.384713039e-02 -7.222405635e-03 -2.224767115e-03
      vertex 5.411085859e-02 -7.222405635e-03 -1.126249554e-03
    endloop
  endfacet
  facet normal -9.294373989e-01 2.938643694e-01 2.231364548e-01
    outer loop
      vertex 5.403762311e-02 -7.462826557e-03 -1.114650164e-03
      vertex 5.377661064e-02 -7.462826557e-03 -2.201854018e-03
      vertex 5.384713039e-02 -7.222405635e-03 -2.224767115e-03
    endloop
  endfacet
  facet normal -9.528894424e-01 2.939003706e-01 7.499539852e-02
    outer loop
      vertex 5.403762311e-02 -7.462826557e-03 -1.114650164e-03
      vertex 5.411085859e-02 -7.222405635e-03 -1.126249554e-03
      vertex 5.412534997e-02 -7.462826557e-03 -1.734723476e-18
    endloop
  endfacet
  facet normal -1.266485155e-01 9.656940699e-01 -2.267044783e-01
    outer loop
      vertex 5.005186424e-02 -8.700000122e-03 4.515377805e-03
      vertex 5.019185692e-02 -8.633012883e-03 4.722504877e-03
      vertex 4.934783652e-02 -8.633012883e-03 5.194002297e-03
    endloop
  endfacet
  facet normal -2.851950936e-02 9.989689589e-01 -3.532228991e-02
    outer loop
      vertex 5.005186424e-02 -8.700000122e-03 4.515377805e-03
      vertex 3.938763961e-02 -8.981878869e-03 5.153837614e-03
      vertex 5.077106506e-02 -8.700000122e-03 3.934660926e-03
    endloop
  endfacet
  facet normal -1.631432772e-01 9.656922817e-01 -2.020463347e-01
    outer loop
      vertex 5.005186424e-02 -8.700000122e-03 4.515377805e-03
      vertex 5.077106506e-02 -8.700000122e-03 3.934660926e-03
      vertex 5.094405264e-02 -8.633012883e-03 4.115149844e-03
    endloop
  endfacet
  facet normal -1.631429344e-01 9.656915665e-01 -2.020500749e-01
    outer loop
      vertex 5.005186424e-02 -8.700000122e-03 4.515377805e-03
      vertex 5.094405264e-02 -8.633012883e-03 4.115149844e-03
      vertex 5.019185692e-02 -8.633012883e-03 4.722504877e-03
    endloop
  endfacet
  facet normal -4.771933258e-01 7.785747051e-01 -4.075633585e-01
    outer loop
      vertex 5.190979689e-02 -7.636699826e-03 4.909797572e-03
      vertex 5.158278346e-02 -8.633012883e-03 3.389409045e-03
      vertex 5.261741206e-02 -7.636699826e-03 4.081288353e-03
    endloop
  endfacet
  facet normal -4.678955078e-01 7.819824219e-01 -4.117976427e-01
    outer loop
      vertex 5.190979689e-02 -7.636699826e-03 4.909797572e-03
      vertex 5.094405264e-02 -8.633012883e-03 4.115149844e-03
      vertex 5.158278346e-02 -8.633012883e-03 3.389409045e-03
    endloop
  endfacet
  facet normal -5.263437629e-01 7.217167616e-01 -4.495410621e-01
    outer loop
      vertex 5.190979689e-02 -7.636699826e-03 4.909797572e-03
      vertex 5.261741206e-02 -7.636699826e-03 4.081288353e-03
      vertex 5.203838274e-02 -7.462826557e-03 5.038382951e-03
    endloop
  endfacet
  facet normal -4.084883332e-01 7.774232030e-01 -4.782786965e-01
    outer loop
      vertex 5.190979689e-02 -7.636699826e-03 4.909797572e-03
      vertex 5.108128861e-02 -7.636699826e-03 5.617411342e-03
      vertex 5.094405264e-02 -8.633012883e-03 4.115149844e-03
    endloop
  endfacet
  facet normal -4.495440423e-01 7.217109203e-01 -5.263491869e-01
    outer loop
      vertex 5.190979689e-02 -7.636699826e-03 4.909797572e-03
      vertex 5.203838274e-02 -7.462826557e-03 5.038382951e-03
      vertex 5.108128861e-02 -7.636699826e-03 5.617411342e-03
    endloop
  endfacet
  facet normal -1.949426979e-01 9.656922221e-01 -1.715687215e-01
    outer loop
      vertex 5.138178542e-02 -8.700000122e-03 3.240750870e-03
      vertex 5.158278346e-02 -8.633012883e-03 3.389409045e-03
      vertex 5.094405264e-02 -8.633012883e-03 4.115149844e-03
    endloop
  endfacet
  facet normal -1.949401051e-01 9.656922817e-01 -1.715713143e-01
    outer loop
      vertex 5.138178542e-02 -8.700000122e-03 3.240750870e-03
      vertex 5.094405264e-02 -8.633012883e-03 4.115149844e-03
      vertex 5.077106506e-02 -8.700000122e-03 3.934660926e-03
    endloop
  endfacet
  facet normal -2.211401761e-01 9.656896591e-01 -1.361637264e-01
    outer loop
      vertex 5.138178542e-02 -8.700000122e-03 3.240750870e-03
      vertex 5.186644569e-02 -8.700000122e-03 2.453610301e-03
      vertex 5.208967626e-02 -8.633012883e-03 2.566161333e-03
    endloop
  endfacet
  facet normal -2.211343944e-01 9.656920433e-01 -1.361564845e-01
    outer loop
      vertex 5.138178542e-02 -8.700000122e-03 3.240750870e-03
      vertex 5.208967626e-02 -8.633012883e-03 2.566161333e-03
      vertex 5.158278346e-02 -8.633012883e-03 3.389409045e-03
    endloop
  endfacet
  facet normal -2.669000998e-02 9.995085597e-01 -1.643362455e-02
    outer loop
      vertex 5.138178542e-02 -8.700000122e-03 3.240750870e-03
      vertex 3.881825507e-02 -9.009888396e-03 4.797600675e-03
      vertex 5.186644569e-02 -8.700000122e-03 2.453610301e-03
    endloop
  endfacet
  facet normal -2.766624279e-02 9.993205667e-01 -2.435038425e-02
    outer loop
      vertex 5.138178542e-02 -8.700000122e-03 3.240750870e-03
      vertex 5.077106506e-02 -8.700000122e-03 3.934660926e-03
      vertex 3.881825507e-02 -9.009888396e-03 4.797600675e-03
    endloop
  endfacet
  facet normal -2.594495118e-01 9.656937718e-01 -1.102109905e-02
    outer loop
      vertex 5.244508758e-02 -8.700000122e-03 -2.313045552e-04
      vertex 5.269486457e-02 -8.633012883e-03 -2.419148514e-04
      vertex 5.265383422e-02 -8.633012883e-03 7.240015548e-04
    endloop
  endfacet
  facet normal -2.594636381e-01 9.656900764e-01 -1.102163643e-02
    outer loop
      vertex 5.244508758e-02 -8.700000122e-03 -2.313045552e-04
      vertex 5.265383422e-02 -8.633012883e-03 7.240015548e-04
      vertex 5.240585655e-02 -8.700000122e-03 6.922471221e-04
    endloop
  endfacet
  facet normal -2.575896978e-01 9.656912684e-01 3.298422694e-02
    outer loop
      vertex 5.244508758e-02 -8.700000122e-03 -2.313045552e-04
      vertex 5.232767761e-02 -8.700000122e-03 -1.148201991e-03
      vertex 5.269486457e-02 -8.633012883e-03 -2.419148514e-04
    endloop
  endfacet
  facet normal -2.211326733e-02 9.997514486e-01 2.832475118e-03
    outer loop
      vertex 5.244508758e-02 -8.700000122e-03 -2.313045552e-04
      vertex 3.873718530e-02 -9.015832096e-03 4.227757454e-03
      vertex 5.232767761e-02 -8.700000122e-03 -1.148201991e-03
    endloop
  endfacet
  facet normal -2.335663885e-02 9.997267127e-01 -9.927796200e-04
    outer loop
      vertex 5.244508758e-02 -8.700000122e-03 -2.313045552e-04
      vertex 5.240585655e-02 -8.700000122e-03 6.922471221e-04
      vertex 3.873718530e-02 -9.015832096e-03 4.227757454e-03
    endloop
  endfacet
  facet normal -6.111664772e-01 7.777832150e-01 -1.467274725e-01
    outer loop
      vertex 5.360366404e-02 -7.636699826e-03 2.145660110e-03
      vertex 5.245015025e-02 -8.633012883e-03 1.669089776e-03
      vertex 5.385801569e-02 -7.636699826e-03 1.086203032e-03
    endloop
  endfacet
  facet normal -6.730755568e-01 7.217047811e-01 -1.615902632e-01
    outer loop
      vertex 5.360366404e-02 -7.636699826e-03 2.145660110e-03
      vertex 5.385801569e-02 -7.636699826e-03 1.086203032e-03
      vertex 5.377661064e-02 -7.462826557e-03 2.201854018e-03
    endloop
  endfacet
  facet normal -5.792863965e-01 7.790069580e-01 -2.399488688e-01
    outer loop
      vertex 5.360366404e-02 -7.636699826e-03 2.145660110e-03
      vertex 5.318670720e-02 -7.636699826e-03 3.152284073e-03
      vertex 5.208967626e-02 -8.633012883e-03 2.566161333e-03
    endloop
  endfacet
  facet normal -5.789017677e-01 7.815108895e-01 -2.326229662e-01
    outer loop
      vertex 5.360366404e-02 -7.636699826e-03 2.145660110e-03
      vertex 5.208967626e-02 -8.633012883e-03 2.566161333e-03
      vertex 5.245015025e-02 -8.633012883e-03 1.669089776e-03
    endloop
  endfacet
  facet normal -6.394987106e-01 7.217181325e-01 -2.648854256e-01
    outer loop
      vertex 5.360366404e-02 -7.636699826e-03 2.145660110e-03
      vertex 5.377661064e-02 -7.462826557e-03 2.201854018e-03
      vertex 5.318670720e-02 -7.636699826e-03 3.152284073e-03
    endloop
  endfacet
  facet normal -1.730819792e-02 3.466412723e-01 -9.378381371e-01
    outer loop
      vertex 4.369678348e-02 -6.288099103e-03 9.703678079e-03
      vertex 4.397367686e-02 -6.070057396e-03 9.779159911e-03
      vertex 3.656662256e-02 -6.271876395e-03 9.841264226e-03
    endloop
  endfacet
  facet normal -9.404446930e-02 3.844745457e-01 -9.183326364e-01
    outer loop
      vertex 4.413937777e-02 -6.071218755e-03 9.762397967e-03
      vertex 4.397384822e-02 -6.547507364e-03 9.579945356e-03
      vertex 4.413959756e-02 -6.547763012e-03 9.562866762e-03
    endloop
  endfacet
  facet normal -9.027869999e-02 3.834731579e-01 -9.191288948e-01
    outer loop
      vertex 4.413937777e-02 -6.071218755e-03 9.762397967e-03
      vertex 4.397367686e-02 -6.070057396e-03 9.779159911e-03
      vertex 4.397384822e-02 -6.547507364e-03 9.579945356e-03
    endloop
  endfacet
  facet normal -9.694445878e-02 3.843590319e-01 -9.180794954e-01
    outer loop
      vertex 4.413937777e-02 -6.071218755e-03 9.762397967e-03
      vertex 4.413959756e-02 -6.547763012e-03 9.562866762e-03
      vertex 4.699986801e-02 -6.421595812e-03 9.313656949e-03
    endloop
  endfacet
  facet normal -1.015967280e-01 3.588787317e-01 -9.278384447e-01
    outer loop
      vertex 4.413937777e-02 -6.071218755e-03 9.762397967e-03
      vertex 4.699986801e-02 -6.421595812e-03 9.313656949e-03
      vertex 4.699989781e-02 -5.849868525e-03 9.534792043e-03
    endloop
  endfacet
  facet normal -9.472582489e-02 2.783351243e-01 -9.558015466e-01
    outer loop
      vertex 4.413937777e-02 -6.071218755e-03 9.762397967e-03
      vertex 4.413945600e-02 -5.571058020e-03 9.908039123e-03
      vertex 4.397367686e-02 -6.070057396e-03 9.779159911e-03
    endloop
  endfacet
  facet normal -9.756235033e-02 2.782572210e-01 -9.555388093e-01
    outer loop
      vertex 4.413937777e-02 -6.071218755e-03 9.762397967e-03
      vertex 4.699989781e-02 -5.849868525e-03 9.534792043e-03
      vertex 4.413945600e-02 -5.571058020e-03 9.908039123e-03
    endloop
  endfacet
  facet normal -3.885672987e-01 7.066987753e-01 -5.912631750e-01
    outer loop
      vertex 4.700010270e-02 -7.497026119e-03 8.475963026e-03
      vertex 4.700010642e-02 -7.682409603e-03 8.254386485e-03
      vertex 5.118817464e-02 -7.462826557e-03 5.764528643e-03
    endloop
  endfacet
  facet normal -3.885693550e-01 7.066897750e-01 -5.912727714e-01
    outer loop
      vertex 4.700010270e-02 -7.497026119e-03 8.475963026e-03
      vertex 5.118817464e-02 -7.462826557e-03 5.764528643e-03
      vertex 4.700009525e-02 -7.332820445e-03 8.672226220e-03
    endloop
  endfacet
  facet normal -5.430965126e-02 7.217072845e-01 6.900645494e-01
    outer loop
      vertex 4.699999839e-02 -7.636699826e-03 -6.943501998e-03
      vertex 4.699999839e-02 -7.462826557e-03 -7.125349250e-03
      vertex 4.808620363e-02 -7.636699826e-03 -6.858016364e-03
    endloop
  endfacet
  facet normal -4.915041104e-02 7.794617414e-01 6.245187521e-01
    outer loop
      vertex 4.699999839e-02 -7.636699826e-03 -6.943501998e-03
      vertex 4.808620363e-02 -7.636699826e-03 -6.858016364e-03
      vertex 4.699999839e-02 -8.633012883e-03 -5.700000096e-03
    endloop
  endfacet
  facet normal -1.871848106e-02 7.226496339e-01 6.909610629e-01
    outer loop
      vertex 4.699999839e-02 -7.636699826e-03 -6.943501998e-03
      vertex 1.883457974e-02 -5.984734744e-03 -9.434251115e-03
      vertex 4.699999839e-02 -7.462826557e-03 -7.125349250e-03
    endloop
  endfacet
  facet normal 3.488225490e-02 7.529889345e-01 6.571079493e-01
    outer loop
      vertex 1.330004539e-02 -5.786800291e-03 -9.748161770e-03
      vertex 1.329999417e-02 -6.096059922e-03 -9.393774904e-03
      vertex 1.308107749e-02 -5.782436114e-03 -9.741538204e-03
    endloop
  endfacet
  facet normal -1.034604758e-02 7.534111142e-01 6.574684381e-01
    outer loop
      vertex 1.330004539e-02 -5.786800291e-03 -9.748161770e-03
      vertex 1.883457974e-02 -5.984734744e-03 -9.434251115e-03
      vertex 1.329999417e-02 -6.096059922e-03 -9.393774904e-03
    endloop
  endfacet
  facet normal 9.164340049e-02 7.562703490e-01 6.478090286e-01
    outer loop
      vertex 1.306107081e-02 -5.782403518e-03 -9.738746099e-03
      vertex 1.306139585e-02 -6.161679048e-03 -9.296013974e-03
      vertex 1.140002534e-02 -5.779725499e-03 -9.506889619e-03
    endloop
  endfacet
  facet normal 9.161681682e-02 7.563046217e-01 6.477729082e-01
    outer loop
      vertex 1.306107081e-02 -5.782403518e-03 -9.738746099e-03
      vertex 1.308107749e-02 -5.782436114e-03 -9.741538204e-03
      vertex 1.306139585e-02 -6.161679048e-03 -9.296013974e-03
    endloop
  endfacet
  facet normal 1.015448719e-01 6.865184903e-01 7.199867964e-01
    outer loop
      vertex 1.306107081e-02 -5.782403518e-03 -9.738746099e-03
      vertex 1.306136046e-02 -5.294728559e-03 -1.020384207e-02
      vertex 1.308107749e-02 -5.782436114e-03 -9.741538204e-03
    endloop
  endfacet
  facet normal 1.016010568e-01 6.865526438e-01 7.199462652e-01
    outer loop
      vertex 1.306107081e-02 -5.782403518e-03 -9.738746099e-03
      vertex 1.140002534e-02 -5.779725499e-03 -9.506889619e-03
      vertex 1.306136046e-02 -5.294728559e-03 -1.020384207e-02
    endloop
  endfacet
  facet normal 1.799205691e-02 9.339380860e-01 3.569817841e-01
    outer loop
      vertex 1.330005284e-02 -7.847962901e-03 -6.055343896e-03
      vertex 4.699999839e-02 -8.633012883e-03 -5.700000096e-03
      vertex 1.330005378e-02 -7.907695137e-03 -5.899070296e-03
    endloop
  endfacet
  facet normal 2.444029599e-02 9.338120222e-01 3.569282293e-01
    outer loop
      vertex 1.330005284e-02 -7.847962901e-03 -6.055343896e-03
      vertex 1.330005378e-02 -7.907695137e-03 -5.899070296e-03
      vertex 1.306139026e-02 -7.843729109e-03 -6.050078198e-03
    endloop
  endfacet
  facet normal 1.406608615e-02 9.862712026e-01 1.645332426e-01
    outer loop
      vertex 1.330026053e-02 -8.595066145e-03 -3.198336344e-03
      vertex 4.607894644e-02 -8.700000122e-03 -5.371606909e-03
      vertex 1.329999231e-02 -8.835529909e-03 -1.756884274e-03
    endloop
  endfacet
  facet normal 1.406614855e-02 9.862698317e-01 1.645417064e-01
    outer loop
      vertex 1.330026053e-02 -8.595066145e-03 -3.198336344e-03
      vertex 1.330029219e-02 -8.566085249e-03 -3.372060601e-03
      vertex 4.607894644e-02 -8.700000122e-03 -5.371606909e-03
    endloop
  endfacet
  facet normal 2.884656005e-02 9.859573841e-01 1.644865721e-01
    outer loop
      vertex 1.330026053e-02 -8.595066145e-03 -3.198336344e-03
      vertex 1.306149829e-02 -8.588874713e-03 -3.193575190e-03
      vertex 1.330029219e-02 -8.566085249e-03 -3.372060601e-03
    endloop
  endfacet
  facet normal 2.884724922e-02 9.859576225e-01 1.644852012e-01
    outer loop
      vertex 1.330026053e-02 -8.595066145e-03 -3.198336344e-03
      vertex 1.329999231e-02 -8.835529909e-03 -1.756884274e-03
      vertex 1.306149829e-02 -8.588874713e-03 -3.193575190e-03
    endloop
  endfacet
  facet normal -4.286561310e-01 7.849968076e-01 4.472514987e-01
    outer loop
      vertex 5.127883330e-02 -8.633012883e-03 -3.765845904e-03
      vertex 5.058085546e-02 -8.633012883e-03 -4.434803966e-03
      vertex 5.190979689e-02 -7.636699826e-03 -4.909797572e-03
    endloop
  endfacet
  facet normal -1.796952486e-01 9.656906724e-01 1.874858737e-01
    outer loop
      vertex 5.127883330e-02 -8.633012883e-03 -3.765845904e-03
      vertex 5.109116435e-02 -8.700000122e-03 -3.600677243e-03
      vertex 5.058085546e-02 -8.633012883e-03 -4.434803966e-03
    endloop
  endfacet
  facet normal -2.087924778e-01 9.656906724e-01 1.544259787e-01
    outer loop
      vertex 5.127883330e-02 -8.633012883e-03 -3.765845904e-03
      vertex 5.164083466e-02 -8.700000122e-03 -2.857474610e-03
      vertex 5.109116435e-02 -8.700000122e-03 -3.600677243e-03
    endloop
  endfacet
  facet normal -3.150846064e-02 1.535287499e-01 9.876416326e-01
    outer loop
      vertex 1.842914522e-02 -3.683573334e-03 -1.089347154e-02
      vertex 1.349992305e-02 -3.501902800e-03 -1.107896678e-02
      vertex 1.837065443e-02 -3.151078708e-03 -1.097811386e-02
    endloop
  endfacet
  facet normal -5.751781538e-02 2.895982563e-01 9.554185867e-01
    outer loop
      vertex 1.842914522e-02 -3.683573334e-03 -1.089347154e-02
      vertex 2.379954606e-02 -3.754365956e-03 -1.054870803e-02
      vertex 1.849341765e-02 -4.213837441e-03 -1.072887331e-02
    endloop
  endfacet
  facet normal -5.587028712e-02 1.507503986e-01 9.869918227e-01
    outer loop
      vertex 1.842914522e-02 -3.683573334e-03 -1.089347154e-02
      vertex 1.837065443e-02 -3.151078708e-03 -1.097811386e-02
      vertex 2.370962687e-02 -3.221868305e-03 -1.066508144e-02
    endloop
  endfacet
  facet normal -6.005481258e-02 2.034284174e-01 9.772463441e-01
    outer loop
      vertex 1.842914522e-02 -3.683573334e-03 -1.089347154e-02
      vertex 2.370962687e-02 -3.221868305e-03 -1.066508144e-02
      vertex 2.379954606e-02 -3.754365956e-03 -1.054870803e-02
    endloop
  endfacet
  facet normal -7.296694815e-02 1.218066067e-01 9.898681641e-01
    outer loop
      vertex 2.355526760e-02 -2.164311940e-03 -1.082027704e-02
      vertex 2.849724144e-02 -1.004858292e-03 -1.059866603e-02
      vertex 2.841216512e-02 -1.298775082e-03 -1.056876965e-02
    endloop
  endfacet
  facet normal -7.249327749e-02 1.197378784e-01 9.901553392e-01
    outer loop
      vertex 2.355526760e-02 -2.164311940e-03 -1.082027704e-02
      vertex 2.342702262e-02 -1.091214712e-03 -1.095943432e-02
      vertex 2.849724144e-02 -1.004858292e-03 -1.059866603e-02
    endloop
  endfacet
  facet normal -7.505740970e-02 1.340517253e-01 9.881277084e-01
    outer loop
      vertex 2.355526760e-02 -2.164311940e-03 -1.082027704e-02
      vertex 2.841216512e-02 -1.298775082e-03 -1.056876965e-02
      vertex 2.370962687e-02 -3.221868305e-03 -1.066508144e-02
    endloop
  endfacet
  facet normal -5.341662467e-02 1.221368983e-01 9.910748005e-01
    outer loop
      vertex 2.355526760e-02 -2.164311940e-03 -1.082027704e-02
      vertex 1.837065443e-02 -3.151078708e-03 -1.097811386e-02
      vertex 2.342702262e-02 -1.091214712e-03 -1.095943432e-02
    endloop
  endfacet
  facet normal -5.617033690e-02 1.369343996e-01 9.889863729e-01
    outer loop
      vertex 2.355526760e-02 -2.164311940e-03 -1.082027704e-02
      vertex 2.370962687e-02 -3.221868305e-03 -1.066508144e-02
      vertex 1.837065443e-02 -3.151078708e-03 -1.097811386e-02
    endloop
  endfacet
  facet normal -1.194884256e-01 1.346432120e-01 9.836633801e-01
    outer loop
      vertex 2.841216512e-02 -1.298775082e-03 -1.056876965e-02
      vertex 2.849724144e-02 -1.004858292e-03 -1.059866603e-02
      vertex 3.461195901e-02 -1.277090283e-03 -9.818629362e-03
    endloop
  endfacet
  facet normal -1.193227917e-01 1.468217373e-01 9.819395542e-01
    outer loop
      vertex 2.841216512e-02 -1.298775082e-03 -1.056876965e-02
      vertex 3.461195901e-02 -1.277090283e-03 -9.818629362e-03
      vertex 2.873285115e-02 -2.002913971e-03 -1.042451710e-02
    endloop
  endfacet
  facet normal -6.939162314e-02 7.426256686e-02 9.948215485e-01
    outer loop
      vertex 2.829523198e-02 -6.167304236e-04 -1.065528579e-02
      vertex 2.342702262e-02 -1.091214712e-03 -1.095943432e-02
      vertex 2.338513359e-02 -5.435229978e-04 -1.100324094e-02
    endloop
  endfacet
  facet normal -7.238022238e-02 1.069855615e-01 9.916225076e-01
    outer loop
      vertex 2.829523198e-02 -6.167304236e-04 -1.065528579e-02
      vertex 2.849724144e-02 -1.004858292e-03 -1.059866603e-02
      vertex 2.342702262e-02 -1.091214712e-03 -1.095943432e-02
    endloop
  endfacet
  facet normal -1.071977466e-01 8.866710216e-02 9.902761579e-01
    outer loop
      vertex 2.829523198e-02 -6.167304236e-04 -1.065528579e-02
      vertex 2.842417918e-02 -4.998531076e-04 -1.065179147e-02
      vertex 2.849724144e-02 -1.004858292e-03 -1.059866603e-02
    endloop
  endfacet
  facet normal -1.178575680e-01 8.701158315e-02 9.892110825e-01
    outer loop
      vertex 3.449300677e-02 -6.797368405e-04 -9.912909009e-03
      vertex 2.849724144e-02 -1.004858292e-03 -1.059866603e-02
      vertex 2.842417918e-02 -4.998531076e-04 -1.065179147e-02
    endloop
  endfacet
  facet normal -1.173512191e-01 -1.239185949e-04 9.930904508e-01
    outer loop
      vertex 2.860357799e-02 1.004317255e-05 -1.064544544e-02
      vertex 2.839985304e-02 1.331031526e-04 -1.066950336e-02
      vertex 3.450518101e-02 2.291790224e-05 -9.948063642e-03
    endloop
  endfacet
  facet normal -9.014923126e-02 -1.941089630e-01 9.768289924e-01
    outer loop
      vertex 2.887576446e-02 3.072659718e-03 -1.022186037e-02
      vertex 2.370962687e-02 3.241484286e-03 -1.066508144e-02
      vertex 2.876289748e-02 3.295602044e-03 -1.018797513e-02
    endloop
  endfacet
  facet normal -8.992239088e-02 -1.800911725e-01 9.795310497e-01
    outer loop
      vertex 2.887576446e-02 3.072659718e-03 -1.022186037e-02
      vertex 2.890259773e-02 2.653260250e-03 -1.029650588e-02
      vertex 2.370962687e-02 3.241484286e-03 -1.066508144e-02
    endloop
  endfacet
  facet normal -1.191868559e-01 -1.813621223e-01 9.761671424e-01
    outer loop
      vertex 2.887576446e-02 3.072659718e-03 -1.022186037e-02
      vertex 4.770242795e-02 7.149999961e-03 -7.165654097e-03
      vertex 2.890259773e-02 2.653260250e-03 -1.029650588e-02
    endloop
  endfacet
  facet normal -1.133776456e-01 -2.051595449e-01 9.721394777e-01
    outer loop
      vertex 2.887576446e-02 3.072659718e-03 -1.022186037e-02
      vertex 2.876289748e-02 3.295602044e-03 -1.018797513e-02
      vertex 4.770242795e-02 7.149999961e-03 -7.165654097e-03
    endloop
  endfacet
  facet normal -1.104899049e-01 -2.175116688e-01 9.697837830e-01
    outer loop
      vertex 2.921666577e-02 3.618910210e-03 -1.006376185e-02
      vertex 4.770242795e-02 7.149999961e-03 -7.165654097e-03
      vertex 2.876289748e-02 3.295602044e-03 -1.018797513e-02
    endloop
  endfacet
  facet normal -1.054492444e-01 -2.399953157e-01 9.650298953e-01
    outer loop
      vertex 2.921666577e-02 3.618910210e-03 -1.006376185e-02
      vertex 2.909729443e-02 3.700684290e-03 -1.005646866e-02
      vertex 4.770242795e-02 7.149999961e-03 -7.165654097e-03
    endloop
  endfacet
  facet normal -9.970039874e-02 -2.318359911e-01 9.676321745e-01
    outer loop
      vertex 2.921666577e-02 3.618910210e-03 -1.006376185e-02
      vertex 2.876289748e-02 3.295602044e-03 -1.018797513e-02
      vertex 2.909729443e-02 3.700684290e-03 -1.005646866e-02
    endloop
  endfacet
  facet normal -8.792334795e-02 -1.698737442e-01 9.815357327e-01
    outer loop
      vertex 2.851283550e-02 1.741321175e-03 -1.049445290e-02
      vertex 2.370962687e-02 3.241484286e-03 -1.066508144e-02
      vertex 2.855602652e-02 2.228023484e-03 -1.040635072e-02
    endloop
  endfacet
  facet normal -1.030481234e-01 -1.683128625e-01 9.803325534e-01
    outer loop
      vertex 2.851283550e-02 1.741321175e-03 -1.049445290e-02
      vertex 2.855602652e-02 2.228023484e-03 -1.040635072e-02
      vertex 2.863645181e-02 1.654486870e-03 -1.049636956e-02
    endloop
  endfacet
  facet normal -1.040080115e-01 -1.684332788e-01 9.802104235e-01
    outer loop
      vertex 2.855602652e-02 2.228023484e-03 -1.040635072e-02
      vertex 2.890259773e-02 2.653260250e-03 -1.029650588e-02
      vertex 2.863645181e-02 1.654486870e-03 -1.049636956e-02
    endloop
  endfacet
  facet normal -8.989163488e-02 -1.797803193e-01 9.795910120e-01
    outer loop
      vertex 2.855602652e-02 2.228023484e-03 -1.040635072e-02
      vertex 2.370962687e-02 3.241484286e-03 -1.066508144e-02
      vertex 2.890259773e-02 2.653260250e-03 -1.029650588e-02
    endloop
  endfacet
  facet normal -5.751744285e-02 -2.895979285e-01 9.554186463e-01
    outer loop
      vertex 1.842914522e-02 3.703189315e-03 -1.089347154e-02
      vertex 1.849341765e-02 4.233453423e-03 -1.072887331e-02
      vertex 2.379954606e-02 3.773981705e-03 -1.054870803e-02
    endloop
  endfacet
  facet normal -6.005462259e-02 -2.034288198e-01 9.772462249e-01
    outer loop
      vertex 1.842914522e-02 3.703189315e-03 -1.089347154e-02
      vertex 2.379954606e-02 3.773981705e-03 -1.054870803e-02
      vertex 2.370962687e-02 3.241484286e-03 -1.066508144e-02
    endloop
  endfacet
  facet normal -5.587021634e-02 -1.507502049e-01 9.869918227e-01
    outer loop
      vertex 1.842914522e-02 3.703189315e-03 -1.089347154e-02
      vertex 2.370962687e-02 3.241484286e-03 -1.066508144e-02
      vertex 1.837065443e-02 3.170694690e-03 -1.097811386e-02
    endloop
  endfacet
  facet normal -1.216283515e-01 -1.596174091e-01 9.796575904e-01
    outer loop
      vertex 3.472096473e-02 1.708009979e-03 -9.732232429e-03
      vertex 3.453586251e-02 9.486217750e-04 -9.878941812e-03
      vertex 2.863645181e-02 1.654486870e-03 -1.049636956e-02
    endloop
  endfacet
  facet normal -1.215147749e-01 -1.635311991e-01 9.790259004e-01
    outer loop
      vertex 3.472096473e-02 1.708009979e-03 -9.732232429e-03
      vertex 2.863645181e-02 1.654486870e-03 -1.049636956e-02
      vertex 2.890259773e-02 2.653260250e-03 -1.029650588e-02
    endloop
  endfacet
  facet normal -1.223539785e-01 -1.693510264e-01 9.779313207e-01
    outer loop
      vertex 3.472096473e-02 1.708009979e-03 -9.732232429e-03
      vertex 2.890259773e-02 2.653260250e-03 -1.029650588e-02
      vertex 4.770242795e-02 7.149999961e-03 -7.165654097e-03
    endloop
  endfacet
  facet normal -1.272993684e-01 -1.581415385e-01 9.791762829e-01
    outer loop
      vertex 3.472096473e-02 1.708009979e-03 -9.732232429e-03
      vertex 4.770242795e-02 7.149999961e-03 -7.165654097e-03
      vertex 3.453586251e-02 9.486217750e-04 -9.878941812e-03
    endloop
  endfacet
  facet normal -1.190937981e-01 -9.135689586e-02 9.886711240e-01
    outer loop
      vertex 2.843834087e-02 6.448166096e-04 -1.064151339e-02
      vertex 3.453586251e-02 9.486217750e-04 -9.878941812e-03
      vertex 3.450492769e-02 7.235930534e-04 -9.903461672e-03
    endloop
  endfacet
  facet normal -1.183678284e-01 -1.032112613e-01 9.875912070e-01
    outer loop
      vertex 2.843834087e-02 6.448166096e-04 -1.064151339e-02
      vertex 2.832634747e-02 8.617091225e-04 -1.063226908e-02
      vertex 3.453586251e-02 9.486217750e-04 -9.878941812e-03
    endloop
  endfacet
  facet normal -1.190939620e-01 -9.135678411e-02 9.886710644e-01
    outer loop
      vertex 2.843834087e-02 6.448166096e-04 -1.064151339e-02
      vertex 3.450492769e-02 7.235930534e-04 -9.903461672e-03
      vertex 3.445353732e-02 3.497750731e-04 -9.944193996e-03
    endloop
  endfacet
  facet normal -1.172351688e-01 -4.544717073e-02 9.920637012e-01
    outer loop
      vertex 2.843834087e-02 6.448166096e-04 -1.064151339e-02
      vertex 3.445353732e-02 3.497750731e-04 -9.944193996e-03
      vertex 2.839985304e-02 1.331031526e-04 -1.066950336e-02
    endloop
  endfacet
  facet normal -1.176890880e-01 -3.411454335e-02 9.924643040e-01
    outer loop
      vertex 3.450501710e-02 5.994888852e-05 -9.948051535e-03
      vertex 2.839985304e-02 1.331031526e-04 -1.066950336e-02
      vertex 3.445353732e-02 3.497750731e-04 -9.944193996e-03
    endloop
  endfacet
  facet normal -1.173637137e-01 -8.470020257e-04 9.930886030e-01
    outer loop
      vertex 3.450501710e-02 5.994888852e-05 -9.948051535e-03
      vertex 3.450518101e-02 2.291790224e-05 -9.948063642e-03
      vertex 2.839985304e-02 1.331031526e-04 -1.066950336e-02
    endloop
  endfacet
  facet normal -2.027352303e-01 -1.235018950e-03 9.792328477e-01
    outer loop
      vertex 3.450501710e-02 5.994888852e-05 -9.948051535e-03
      vertex 4.849465564e-02 7.149999961e-03 -7.043153048e-03
      vertex 3.450518101e-02 2.291790224e-05 -9.948063642e-03
    endloop
  endfacet
  facet normal -1.810677052e-01 -4.524145275e-02 9.824295044e-01
    outer loop
      vertex 3.450501710e-02 5.994888852e-05 -9.948051535e-03
      vertex 3.445353732e-02 3.497750731e-04 -9.944193996e-03
      vertex 4.849465564e-02 7.149999961e-03 -7.043153048e-03
    endloop
  endfacet
  facet normal -1.620316207e-01 -8.484547585e-02 9.831311703e-01
    outer loop
      vertex 3.450492769e-02 7.235930534e-04 -9.903461672e-03
      vertex 4.849465564e-02 7.149999961e-03 -7.043153048e-03
      vertex 3.445353732e-02 3.497750731e-04 -9.944193996e-03
    endloop
  endfacet
  facet normal -1.620284319e-01 -8.485482633e-02 9.831309915e-01
    outer loop
      vertex 3.450492769e-02 7.235930534e-04 -9.903461672e-03
      vertex 3.453586251e-02 9.486217750e-04 -9.878941812e-03
      vertex 4.849465564e-02 7.149999961e-03 -7.043153048e-03
    endloop
  endfacet
  facet normal -1.216558293e-01 1.689313948e-01 9.780909419e-01
    outer loop
      vertex 3.461195901e-02 -1.277090283e-03 -9.818629362e-03
      vertex 4.812625051e-02 -7.222405635e-03 -7.110859733e-03
      vertex 2.873285115e-02 -2.002913971e-03 -1.042451710e-02
    endloop
  endfacet
  facet normal -9.081555158e-02 3.027825952e-01 9.487229586e-01
    outer loop
      vertex 2.888380550e-02 -3.806247376e-03 -1.004546508e-02
      vertex 4.811464995e-02 -7.462826557e-03 -7.037624717e-03
      vertex 2.379954606e-02 -3.754365956e-03 -1.054870803e-02
    endloop
  endfacet
  facet normal -9.283061326e-02 2.942296565e-01 9.512157440e-01
    outer loop
      vertex 2.888380550e-02 -3.806247376e-03 -1.004546508e-02
      vertex 4.812625051e-02 -7.222405635e-03 -7.110859733e-03
      vertex 4.811464995e-02 -7.462826557e-03 -7.037624717e-03
    endloop
  endfacet
  facet normal -5.430800840e-02 7.217082977e-01 6.900635362e-01
    outer loop
      vertex 4.808620363e-02 -7.636699826e-03 -6.858016364e-03
      vertex 4.699999839e-02 -7.462826557e-03 -7.125349250e-03
      vertex 4.811464995e-02 -7.462826557e-03 -7.037624717e-03
    endloop
  endfacet
  facet normal -5.296298489e-02 7.810088396e-01 6.222702265e-01
    outer loop
      vertex 4.808620363e-02 -7.636699826e-03 -6.858016364e-03
      vertex 4.796330631e-02 -8.633012883e-03 -5.618010648e-03
      vertex 4.699999839e-02 -8.633012883e-03 -5.700000096e-03
    endloop
  endfacet
  facet normal -1.615893692e-01 7.217085361e-01 6.730718017e-01
    outer loop
      vertex 4.808620363e-02 -7.636699826e-03 -6.858016364e-03
      vertex 4.811464995e-02 -7.462826557e-03 -7.037624717e-03
      vertex 4.914566129e-02 -7.636699826e-03 -6.603662856e-03
    endloop
  endfacet
  facet normal -1.466179043e-01 7.781650424e-01 6.107063890e-01
    outer loop
      vertex 4.808620363e-02 -7.636699826e-03 -6.858016364e-03
      vertex 4.914566129e-02 -7.636699826e-03 -6.603662856e-03
      vertex 4.796330631e-02 -8.633012883e-03 -5.618010648e-03
    endloop
  endfacet
  facet normal -6.492703557e-01 2.241456695e-02 7.602273822e-01
    outer loop
      vertex 5.123175681e-02 -7.222405635e-03 -5.824516062e-03
      vertex 5.123205483e-02 -7.199999876e-03 -5.824922584e-03
      vertex 5.209081247e-02 -7.222405635e-03 -5.090813618e-03
    endloop
  endfacet
  facet normal -4.994289279e-01 2.938729227e-01 8.149904013e-01
    outer loop
      vertex 5.123175681e-02 -7.222405635e-03 -5.824516062e-03
      vertex 5.118817464e-02 -7.462826557e-03 -5.764528643e-03
      vertex 5.026850477e-02 -7.222405635e-03 -6.414799485e-03
    endloop
  endfacet
  facet normal -5.223702192e-01 2.241519839e-02 8.524241447e-01
    outer loop
      vertex 5.123175681e-02 -7.222405635e-03 -5.824516062e-03
      vertex 5.026850477e-02 -7.222405635e-03 -6.414799485e-03
      vertex 5.123205483e-02 -7.199999876e-03 -5.824922584e-03
    endloop
  endfacet
  facet normal -4.099337757e-01 7.756176591e-01 4.799703062e-01
    outer loop
      vertex 5.190979689e-02 -7.636699826e-03 -4.909797572e-03
      vertex 5.058085546e-02 -8.633012883e-03 -4.434803966e-03
      vertex 5.108128861e-02 -7.636699826e-03 -5.617411342e-03
    endloop
  endfacet
  facet normal -8.830835223e-01 2.938766181e-01 3.657869995e-01
    outer loop
      vertex 5.334873125e-02 -7.462826557e-03 -3.234840930e-03
      vertex 5.341479927e-02 -7.222405635e-03 -3.268503584e-03
      vertex 5.377661064e-02 -7.462826557e-03 -2.201854018e-03
    endloop
  endfacet
  facet normal -8.149851561e-01 2.939007580e-01 4.994210601e-01
    outer loop
      vertex 5.334873125e-02 -7.462826557e-03 -3.234840930e-03
      vertex 5.276452750e-02 -7.462826557e-03 -4.188175313e-03
      vertex 5.341479927e-02 -7.222405635e-03 -3.268503584e-03
    endloop
  endfacet
  facet normal -7.602204680e-01 2.241368406e-02 6.492784619e-01
    outer loop
      vertex 5.282451585e-02 -7.222405635e-03 -4.231758416e-03
      vertex 5.209117010e-02 -7.199999876e-03 -5.091168918e-03
      vertex 5.282492191e-02 -7.199999876e-03 -4.232053645e-03
    endloop
  endfacet
  facet normal -7.601971626e-01 2.258280851e-02 6.492997408e-01
    outer loop
      vertex 5.282451585e-02 -7.222405635e-03 -4.231758416e-03
      vertex 5.209081247e-02 -7.222405635e-03 -5.090813618e-03
      vertex 5.209117010e-02 -7.199999876e-03 -5.091168918e-03
    endloop
  endfacet
  facet normal -8.149853349e-01 2.938952744e-01 4.994241595e-01
    outer loop
      vertex 5.282451585e-02 -7.222405635e-03 -4.231758416e-03
      vertex 5.341479927e-02 -7.222405635e-03 -3.268503584e-03
      vertex 5.276452750e-02 -7.462826557e-03 -4.188175313e-03
    endloop
  endfacet
  facet normal -8.524093032e-01 2.262382768e-02 5.223853588e-01
    outer loop
      vertex 5.282451585e-02 -7.222405635e-03 -4.231758416e-03
      vertex 5.282492191e-02 -7.199999876e-03 -4.232053645e-03
      vertex 5.299924687e-02 -7.199999876e-03 -3.947584424e-03
    endloop
  endfacet
  facet normal -8.524236679e-01 2.241504006e-02 5.223709941e-01
    outer loop
      vertex 5.282451585e-02 -7.222405635e-03 -4.231758416e-03
      vertex 5.299924687e-02 -7.199999876e-03 -3.947584424e-03
      vertex 5.341479927e-02 -7.222405635e-03 -3.268503584e-03
    endloop
  endfacet
  facet normal -9.528908730e-01 2.938953042e-01 7.499572635e-02
    outer loop
      vertex 5.411085859e-02 -7.222405635e-03 -1.126249554e-03
      vertex 5.419949815e-02 -7.222405635e-03 -1.734723476e-18
      vertex 5.412534997e-02 -7.462826557e-03 -1.734723476e-18
    endloop
  endfacet
  facet normal -9.966669083e-01 2.241508849e-02 7.843934000e-02
    outer loop
      vertex 5.411085859e-02 -7.222405635e-03 -1.126249554e-03
      vertex 5.411135778e-02 -7.199999876e-03 -1.126328134e-03
      vertex 5.419949815e-02 -7.222405635e-03 -1.734723476e-18
    endloop
  endfacet
  facet normal -9.721202254e-01 2.270234562e-02 2.333815396e-01
    outer loop
      vertex 5.411085859e-02 -7.222405635e-03 -1.126249554e-03
      vertex 5.384713039e-02 -7.222405635e-03 -2.224767115e-03
      vertex 5.411135778e-02 -7.199999876e-03 -1.126328134e-03
    endloop
  endfacet
  facet normal -6.753334403e-01 -7.065546513e-01 2.114361227e-01
    outer loop
      vertex 5.367172137e-02 7.424999960e-03 -2.504488453e-03
      vertex 5.348325148e-02 7.626314182e-03 -2.433738206e-03
      vertex 5.390878767e-02 7.424999960e-03 -1.747290953e-03
    endloop
  endfacet
  facet normal -6.476438046e-01 -7.065549493e-01 2.851975560e-01
    outer loop
      vertex 5.367172137e-02 7.424999960e-03 -2.504488453e-03
      vertex 5.335195363e-02 7.424999960e-03 -3.230638802e-03
      vertex 5.348325148e-02 7.626314182e-03 -2.433738206e-03
    endloop
  endfacet
  facet normal -8.840927482e-01 -2.584757805e-01 3.893202543e-01
    outer loop
      vertex 5.367172137e-02 7.424999960e-03 -2.504488453e-03
      vertex 5.374071002e-02 7.149999961e-03 -2.530384809e-03
      vertex 5.335195363e-02 7.424999960e-03 -3.230638802e-03
    endloop
  endfacet
  facet normal -9.218989611e-01 -2.584452331e-01 2.886318564e-01
    outer loop
      vertex 5.367172137e-02 7.424999960e-03 -2.504488453e-03
      vertex 5.390878767e-02 7.424999960e-03 -1.747290953e-03
      vertex 5.374071002e-02 7.149999961e-03 -2.530384809e-03
    endloop
  endfacet
  facet normal 4.856244102e-02 9.064465165e-01 -4.195191860e-01
    outer loop
      vertex 1.330006868e-02 -8.662384003e-03 7.631018292e-03
      vertex 1.320735458e-02 -8.602774702e-03 7.749082521e-03
      vertex 1.330004912e-02 -8.727910928e-03 7.489433046e-03
    endloop
  endfacet
  facet normal -8.528403006e-03 3.256882429e-01 -9.454386830e-01
    outer loop
      vertex 2.135062218e-02 -5.375167821e-03 1.038955990e-02
      vertex 1.350425556e-02 -5.134026520e-03 1.054340601e-02
      vertex 1.330029778e-02 -5.786788184e-03 1.032038033e-02
    endloop
  endfacet
  facet normal -1.107337512e-02 3.725271821e-01 -9.279552698e-01
    outer loop
      vertex 2.135062218e-02 -5.375167821e-03 1.038955990e-02
      vertex 1.330029778e-02 -5.786788184e-03 1.032038033e-02
      vertex 2.906825952e-02 -6.164189894e-03 9.980712086e-03
    endloop
  endfacet
  facet normal -1.145075541e-02 3.694661260e-01 -9.291735291e-01
    outer loop
      vertex 2.135062218e-02 -5.375167821e-03 1.038955990e-02
      vertex 2.906825952e-02 -6.164189894e-03 9.980712086e-03
      vertex 2.906727791e-02 -5.451576784e-03 1.026408002e-02
    endloop
  endfacet
  facet normal -9.553201497e-03 4.407168627e-01 -8.975952268e-01
    outer loop
      vertex 1.330027543e-02 -6.007820833e-03 1.022531092e-02
      vertex 1.319269836e-02 -6.268228404e-03 1.009859610e-02
      vertex 2.906825952e-02 -6.164189894e-03 9.980712086e-03
    endloop
  endfacet
  facet normal 9.619663656e-02 4.031066895e-01 -9.100831151e-01
    outer loop
      vertex 1.330027543e-02 -6.007820833e-03 1.022531092e-02
      vertex 1.140002348e-02 -5.779724568e-03 1.012548432e-02
      vertex 1.319269836e-02 -6.268228404e-03 1.009859610e-02
    endloop
  endfacet
  facet normal 9.525033832e-02 3.933117390e-01 -9.144578576e-01
    outer loop
      vertex 1.330027543e-02 -6.007820833e-03 1.022531092e-02
      vertex 1.330029778e-02 -5.786788184e-03 1.032038033e-02
      vertex 1.140002348e-02 -5.779724568e-03 1.012548432e-02
    endloop
  endfacet
  facet normal 1.123740077e-01 8.092970252e-01 5.765503645e-01
    outer loop
      vertex 1.306136977e-02 -6.585877854e-03 -8.700565435e-03
      vertex 1.140002441e-02 -6.627917755e-03 -8.317747153e-03
      vertex 1.306139585e-02 -6.161679048e-03 -9.296013974e-03
    endloop
  endfacet
  facet normal -4.232174158e-02 -5.659317598e-02 -9.974998832e-01
    outer loop
      vertex 4.363233969e-02 4.476933740e-03 1.009063050e-02
      vertex 4.375236481e-02 4.267946817e-03 1.009739377e-02
      vertex 4.385596141e-02 4.663007800e-03 1.007058192e-02
    endloop
  endfacet
  facet normal -3.071465530e-02 -4.994778708e-02 -9.982793927e-01
    outer loop
      vertex 4.363233969e-02 4.476933740e-03 1.009063050e-02
      vertex 3.554766253e-02 3.878862364e-03 1.036930084e-02
      vertex 4.375236481e-02 4.267946817e-03 1.009739377e-02
    endloop
  endfacet
  facet normal -2.926180698e-02 -6.908024848e-02 -9.971818924e-01
    outer loop
      vertex 4.363233969e-02 4.476933740e-03 1.009063050e-02
      vertex 4.387313500e-02 4.728506319e-03 1.006613672e-02
      vertex 3.554766253e-02 3.878862364e-03 1.036930084e-02
    endloop
  endfacet
  facet normal -4.235580936e-02 -5.659902841e-02 -9.974980950e-01
    outer loop
      vertex 4.363233969e-02 4.476933740e-03 1.009063050e-02
      vertex 4.385596141e-02 4.663007800e-03 1.007058192e-02
      vertex 4.387313500e-02 4.728506319e-03 1.006613672e-02
    endloop
  endfacet
  facet normal -3.128431365e-02 3.059470619e-04 -9.995104671e-01
    outer loop
      vertex 4.213393107e-02 -3.862099024e-03 1.016077213e-02
      vertex 3.554766253e-02 3.878862364e-03 1.036930084e-02
      vertex 4.139254615e-02 -3.860965837e-03 1.018397883e-02
    endloop
  endfacet
  facet normal -3.133404627e-02 2.645316708e-04 -9.995089173e-01
    outer loop
      vertex 4.213393107e-02 -3.862099024e-03 1.016077213e-02
      vertex 4.292418435e-02 -3.874689806e-03 1.013599429e-02
      vertex 3.554766253e-02 3.878862364e-03 1.036930084e-02
    endloop
  endfacet
  facet normal -3.128163144e-02 3.662765259e-03 -9.995039701e-01
    outer loop
      vertex 4.213393107e-02 -3.862099024e-03 1.016077213e-02
      vertex 4.139254615e-02 -3.860965837e-03 1.018397883e-02
      vertex 4.292418435e-02 -3.874689806e-03 1.013599429e-02
    endloop
  endfacet
  facet normal -4.213429987e-02 -8.082238492e-05 -9.991119504e-01
    outer loop
      vertex 4.352540150e-02 4.039765336e-03 1.011291239e-02
      vertex 4.346096888e-02 -3.979135770e-03 1.011628006e-02
      vertex 4.356402531e-02 4.053563811e-03 1.011128165e-02
    endloop
  endfacet
  facet normal -3.150701150e-02 -2.990169637e-02 -9.990561008e-01
    outer loop
      vertex 4.352540150e-02 4.039765336e-03 1.011291239e-02
      vertex 4.356402531e-02 4.053563811e-03 1.011128165e-02
      vertex 3.554766253e-02 3.878862364e-03 1.036930084e-02
    endloop
  endfacet
  facet normal -2.782607824e-02 8.006528765e-02 -9.964011312e-01
    outer loop
      vertex 3.672102094e-02 -4.058494698e-03 1.031821035e-02
      vertex 4.386458918e-02 -4.632102326e-03 1.007261593e-02
      vertex 3.744518384e-02 -4.060554318e-03 1.029782090e-02
    endloop
  endfacet
  facet normal -2.791118622e-02 6.265725940e-02 -9.976447225e-01
    outer loop
      vertex 3.672102094e-02 -4.058494698e-03 1.031821035e-02
      vertex 3.744518384e-02 -4.060554318e-03 1.029782090e-02
      vertex 2.637598850e-02 -3.827424021e-03 1.062214561e-02
    endloop
  endfacet
  facet normal -2.713343874e-02 1.003233790e-01 -9.945847988e-01
    outer loop
      vertex 4.386458918e-02 -4.632102326e-03 1.007261593e-02
      vertex 3.659688309e-02 -4.786950070e-03 1.025526971e-02
      vertex 4.368859902e-02 -4.938630387e-03 1.004649792e-02
    endloop
  endfacet
  facet normal -2.709754184e-02 9.840051830e-02 -9.947778583e-01
    outer loop
      vertex 4.386458918e-02 -4.632102326e-03 1.007261593e-02
      vertex 2.767196111e-02 -4.032755271e-03 1.057298575e-02
      vertex 3.659688309e-02 -4.786950070e-03 1.025526971e-02
    endloop
  endfacet
  facet normal -5.854726955e-02 1.180760264e-01 -9.912770391e-01
    outer loop
      vertex 4.386458918e-02 -4.632102326e-03 1.007261593e-02
      vertex 4.368859902e-02 -4.938630387e-03 1.004649792e-02
      vertex 4.413117841e-02 -4.804544151e-03 1.003633067e-02
    endloop
  endfacet
  facet normal -8.906018734e-02 7.136177272e-02 -9.934665561e-01
    outer loop
      vertex 4.386458918e-02 -4.632102326e-03 1.007261593e-02
      vertex 4.413117841e-02 -4.804544151e-03 1.003633067e-02
      vertex 4.411116615e-02 -4.460490309e-03 1.006283797e-02
    endloop
  endfacet
  facet normal -5.911772698e-02 4.686043030e-05 -9.982510805e-01
    outer loop
      vertex 4.394331947e-02 -3.920075018e-03 1.008867938e-02
      vertex 4.390723631e-02 3.888090141e-03 1.009118278e-02
      vertex 4.380472004e-02 -3.762006061e-03 1.009689551e-02
    endloop
  endfacet
  facet normal -9.493840486e-02 -1.194429569e-04 -9.954831600e-01
    outer loop
      vertex 4.394331947e-02 -3.920075018e-03 1.008867938e-02
      vertex 4.403038323e-02 -4.103061743e-03 1.008039806e-02
      vertex 4.390723631e-02 3.888090141e-03 1.009118278e-02
    endloop
  endfacet
  facet normal 3.581468249e-03 6.747680902e-02 -9.977144003e-01
    outer loop
      vertex 1.410138793e-02 -3.784444649e-03 1.078356523e-02
      vertex 1.430924237e-02 -3.654241329e-03 1.079311874e-02
      vertex 1.380015071e-02 -3.878065152e-03 1.077615004e-02
    endloop
  endfacet
  facet normal -2.317500673e-02 1.947606504e-01 -9.805769324e-01
    outer loop
      vertex 4.389671609e-02 -5.565569270e-03 9.928100742e-03
      vertex 3.659688309e-02 -4.786950070e-03 1.025526971e-02
      vertex 2.906665951e-02 -4.685347434e-03 1.045341603e-02
    endloop
  endfacet
  facet normal -2.224702202e-02 2.086795568e-01 -9.777310491e-01
    outer loop
      vertex 4.389671609e-02 -5.565569270e-03 9.928100742e-03
      vertex 2.906665951e-02 -4.685347434e-03 1.045341603e-02
      vertex 3.658226132e-02 -5.559299141e-03 1.009587385e-02
    endloop
  endfacet
  facet normal -2.516699024e-02 1.774377078e-01 -9.838102460e-01
    outer loop
      vertex 4.389671609e-02 -5.565569270e-03 9.928100742e-03
      vertex 4.368859902e-02 -4.938630387e-03 1.004649792e-02
      vertex 3.659688309e-02 -4.786950070e-03 1.025526971e-02
    endloop
  endfacet
  facet normal -1.828791760e-02 2.398319393e-01 -9.706422091e-01
    outer loop
      vertex 2.906665951e-02 -4.685347434e-03 1.045341603e-02
      vertex 2.906727791e-02 -5.451576784e-03 1.026408002e-02
      vertex 3.658226132e-02 -5.559299141e-03 1.009587385e-02
    endloop
  endfacet
  facet normal -2.433499135e-02 1.296147108e-01 -9.912657142e-01
    outer loop
      vertex 2.906665951e-02 -4.685347434e-03 1.045341603e-02
      vertex 3.659688309e-02 -4.786950070e-03 1.025526971e-02
      vertex 2.767196111e-02 -4.032755271e-03 1.057298575e-02
    endloop
  endfacet
  facet normal -1.056188159e-02 -1.531797200e-01 -9.881418943e-01
    outer loop
      vertex 1.441326085e-02 4.202686716e-03 1.073417719e-02
      vertex 2.093268372e-02 3.997976892e-03 1.069622859e-02
      vertex 2.133454010e-02 4.633457866e-03 1.059342269e-02
    endloop
  endfacet
  facet normal -1.212854963e-02 -1.860659570e-02 -9.997532368e-01
    outer loop
      vertex 2.226808108e-02 3.815414617e-03 1.069813222e-02
      vertex 1.529445779e-02 3.680887166e-03 1.078523789e-02
      vertex 2.259043232e-02 3.522271523e-03 1.069967728e-02
    endloop
  endfacet
  facet normal -2.215052955e-02 -2.962405980e-02 -9.993156195e-01
    outer loop
      vertex 2.226808108e-02 3.815414617e-03 1.069813222e-02
      vertex 2.259043232e-02 3.522271523e-03 1.069967728e-02
      vertex 2.871722914e-02 4.058178980e-03 1.054798998e-02
    endloop
  endfacet
  facet normal -1.752186194e-02 -1.384924203e-01 -9.902084470e-01
    outer loop
      vertex 2.226808108e-02 3.815414617e-03 1.069813222e-02
      vertex 2.906665951e-02 4.704963882e-03 1.045341603e-02
      vertex 2.093268372e-02 3.997976892e-03 1.069622859e-02
    endloop
  endfacet
  facet normal -1.797647588e-02 -1.351447105e-01 -9.906628728e-01
    outer loop
      vertex 2.226808108e-02 3.815414617e-03 1.069813222e-02
      vertex 2.871722914e-02 4.058178980e-03 1.054798998e-02
      vertex 2.906665951e-02 4.704963882e-03 1.045341603e-02
    endloop
  endfacet
  facet normal 4.996030778e-02 -2.475503385e-01 -9.675859809e-01
    outer loop
      vertex 1.330146380e-02 5.295255221e-03 1.050304901e-02
      vertex 1.284579094e-02 4.763821140e-03 1.061548386e-02
      vertex 1.333322842e-02 4.697047174e-03 1.065773610e-02
    endloop
  endfacet
  facet normal 2.697981521e-02 -2.489125729e-01 -9.681500793e-01
    outer loop
      vertex 1.330146380e-02 5.295255221e-03 1.050304901e-02
      vertex 1.333322842e-02 4.697047174e-03 1.065773610e-02
      vertex 1.351360977e-02 4.915601574e-03 1.060657203e-02
    endloop
  endfacet
  facet normal 9.841939062e-02 -2.860434353e-01 -9.531489015e-01
    outer loop
      vertex 1.330146380e-02 5.295255221e-03 1.050304901e-02
      vertex 1.286102645e-02 5.298140459e-03 1.045670640e-02
      vertex 1.284579094e-02 4.763821140e-03 1.061548386e-02
    endloop
  endfacet
  facet normal 9.686175734e-02 -3.248330057e-01 -9.407982230e-01
    outer loop
      vertex 1.330146380e-02 5.295255221e-03 1.050304901e-02
      vertex 1.324580051e-02 5.805301014e-03 1.032121293e-02
      vertex 1.286102645e-02 5.298140459e-03 1.045670640e-02
    endloop
  endfacet
  facet normal -1.026260480e-02 -2.683925331e-01 -9.632549882e-01
    outer loop
      vertex 1.330146380e-02 5.295255221e-03 1.050304901e-02
      vertex 1.351360977e-02 4.915601574e-03 1.060657203e-02
      vertex 2.135062218e-02 5.394783802e-03 1.038955990e-02
    endloop
  endfacet
  facet normal -9.591585957e-03 -2.204181701e-01 -9.753583074e-01
    outer loop
      vertex 1.333322842e-02 4.697047174e-03 1.065773610e-02
      vertex 2.133454010e-02 4.633457866e-03 1.059342269e-02
      vertex 1.351360977e-02 4.915601574e-03 1.060657203e-02
    endloop
  endfacet
  facet normal 6.215190887e-02 -1.687340885e-01 -9.837000966e-01
    outer loop
      vertex 1.333322842e-02 4.697047174e-03 1.065773610e-02
      vertex 1.284579094e-02 4.763821140e-03 1.061548386e-02
      vertex 1.332523022e-02 4.221765324e-03 1.073875558e-02
    endloop
  endfacet
  facet normal -2.199016511e-02 -2.107153982e-01 -9.773001075e-01
    outer loop
      vertex 3.658226132e-02 5.578915589e-03 1.009587385e-02
      vertex 2.906665951e-02 4.704963882e-03 1.045341603e-02
      vertex 4.369634017e-02 5.427259486e-03 9.968497790e-03
    endloop
  endfacet
  facet normal -1.828803681e-02 -2.398319691e-01 -9.706422091e-01
    outer loop
      vertex 3.658226132e-02 5.578915589e-03 1.009587385e-02
      vertex 2.906727791e-02 5.471192766e-03 1.026408002e-02
      vertex 2.906665951e-02 4.704963882e-03 1.045341603e-02
    endloop
  endfacet
  facet normal -1.624522544e-02 -3.367466033e-01 -9.414551258e-01
    outer loop
      vertex 3.658226132e-02 5.578915589e-03 1.009587385e-02
      vertex 3.656662256e-02 6.291492376e-03 9.841264226e-03
      vertex 2.906727791e-02 5.471192766e-03 1.026408002e-02
    endloop
  endfacet
  facet normal -9.196820110e-02 -3.183140755e-01 -9.435135722e-01
    outer loop
      vertex 4.397402331e-02 5.786981434e-03 9.874215350e-03
      vertex 4.413967952e-02 5.788275506e-03 9.857631288e-03
      vertex 4.397371784e-02 6.277516950e-03 9.708754718e-03
    endloop
  endfacet
  facet normal -8.665280789e-02 -1.894595921e-01 -9.780574441e-01
    outer loop
      vertex 4.397402331e-02 5.786981434e-03 9.874215350e-03
      vertex 4.369634017e-02 5.427259486e-03 9.968497790e-03
      vertex 4.413327202e-02 4.947511479e-03 1.002272125e-02
    endloop
  endfacet
  facet normal -9.630069882e-02 -1.910703778e-01 -9.768409133e-01
    outer loop
      vertex 4.397402331e-02 5.786981434e-03 9.874215350e-03
      vertex 4.413327202e-02 4.947511479e-03 1.002272125e-02
      vertex 4.413967952e-02 5.788275506e-03 9.857631288e-03
    endloop
  endfacet
  facet normal -4.266832769e-02 -1.452727020e-01 -9.884711504e-01
    outer loop
      vertex 4.367939755e-02 4.786153324e-03 1.006602775e-02
      vertex 4.387313500e-02 4.728506319e-03 1.006613672e-02
      vertex 4.413327202e-02 4.947511479e-03 1.002272125e-02
    endloop
  endfacet
  facet normal -4.122211784e-02 -1.492041796e-01 -9.879468083e-01
    outer loop
      vertex 4.367939755e-02 4.786153324e-03 1.006602775e-02
      vertex 4.413327202e-02 4.947511479e-03 1.002272125e-02
      vertex 4.369634017e-02 5.427259486e-03 9.968497790e-03
    endloop
  endfacet
  facet normal -2.683997527e-02 -1.496498138e-01 -9.883746505e-01
    outer loop
      vertex 4.367939755e-02 4.786153324e-03 1.006602775e-02
      vertex 4.369634017e-02 5.427259486e-03 9.968497790e-03
      vertex 3.659687936e-02 4.806566518e-03 1.025526971e-02
    endloop
  endfacet
  facet normal -2.747135051e-02 -9.420707077e-02 -9.951735735e-01
    outer loop
      vertex 4.367939755e-02 4.786153324e-03 1.006602775e-02
      vertex 2.871722914e-02 4.058178980e-03 1.054798998e-02
      vertex 4.387313500e-02 4.728506319e-03 1.006613672e-02
    endloop
  endfacet
  facet normal -2.686499804e-02 -1.059367210e-01 -9.940099120e-01
    outer loop
      vertex 4.367939755e-02 4.786153324e-03 1.006602775e-02
      vertex 3.659687936e-02 4.806566518e-03 1.025526971e-02
      vertex 2.871722914e-02 4.058178980e-03 1.054798998e-02
    endloop
  endfacet
  facet normal -2.300163731e-02 -4.676999748e-01 -8.835879564e-01
    outer loop
      vertex 4.369678348e-02 6.593353581e-03 9.573703632e-03
      vertex 4.397390783e-02 6.746686064e-03 9.485334158e-03
      vertex 4.389675707e-02 6.761534140e-03 9.479483590e-03
    endloop
  endfacet
  facet normal -1.277658995e-02 -4.771138728e-01 -8.787486553e-01
    outer loop
      vertex 4.369678348e-02 6.593353581e-03 9.573703632e-03
      vertex 4.389675707e-02 6.761534140e-03 9.479483590e-03
      vertex 3.656662256e-02 6.291492376e-03 9.841264226e-03
    endloop
  endfacet
  facet normal -4.996236414e-02 -4.293898940e-01 -9.017361403e-01
    outer loop
      vertex 4.369678348e-02 6.593353581e-03 9.573703632e-03
      vertex 4.397371784e-02 6.277516950e-03 9.708754718e-03
      vertex 4.397390783e-02 6.746686064e-03 9.485334158e-03
    endloop
  endfacet
  facet normal -1.711360738e-02 -4.057529271e-01 -9.138225913e-01
    outer loop
      vertex 4.369678348e-02 6.593353581e-03 9.573703632e-03
      vertex 3.656662256e-02 6.291492376e-03 9.841264226e-03
      vertex 4.397371784e-02 6.277516950e-03 9.708754718e-03
    endloop
  endfacet
  facet normal -4.135419801e-02 -5.448495746e-01 -8.375133872e-01
    outer loop
      vertex 4.389675707e-02 6.761534140e-03 9.479483590e-03
      vertex 4.397390783e-02 6.746686064e-03 9.485334158e-03
      vertex 4.368881881e-02 7.032542955e-03 9.313441813e-03
    endloop
  endfacet
  facet normal -1.289925259e-02 -5.295575857e-01 -8.481759429e-01
    outer loop
      vertex 4.389675707e-02 6.761534140e-03 9.479483590e-03
      vertex 4.368881881e-02 7.032542955e-03 9.313441813e-03
      vertex 3.655038401e-02 6.926434115e-03 9.488253854e-03
    endloop
  endfacet
  facet normal -1.195469126e-02 -4.861205220e-01 -8.738099337e-01
    outer loop
      vertex 4.389675707e-02 6.761534140e-03 9.479483590e-03
      vertex 3.655038401e-02 6.926434115e-03 9.488253854e-03
      vertex 3.656662256e-02 6.291492376e-03 9.841264226e-03
    endloop
  endfacet
  facet normal -1.057960000e-02 -6.027356982e-01 -7.978708148e-01
    outer loop
      vertex 4.368881881e-02 7.032542955e-03 9.313441813e-03
      vertex 4.394277558e-02 7.189719006e-03 9.191338904e-03
      vertex 3.655038401e-02 6.926434115e-03 9.488253854e-03
    endloop
  endfacet
  facet normal -5.576722324e-02 -5.547783971e-01 -8.301270604e-01
    outer loop
      vertex 4.368881881e-02 7.032542955e-03 9.313441813e-03
      vertex 4.397390783e-02 6.746686064e-03 9.485334158e-03
      vertex 4.394277558e-02 7.189719006e-03 9.191338904e-03
    endloop
  endfacet
  facet normal -8.662588894e-02 -5.550655723e-01 -8.272835016e-01
    outer loop
      vertex 4.413968697e-02 6.746151950e-03 9.468332864e-03
      vertex 4.394277558e-02 7.189719006e-03 9.191338904e-03
      vertex 4.397390783e-02 6.746686064e-03 9.485334158e-03
    endloop
  endfacet
  facet normal -9.109795094e-02 -5.562534928e-01 -8.260043263e-01
    outer loop
      vertex 4.413968697e-02 6.746151950e-03 9.468332864e-03
      vertex 4.699998721e-02 6.889823359e-03 9.056122974e-03
      vertex 4.394277558e-02 7.189719006e-03 9.191338904e-03
    endloop
  endfacet
  facet normal -1.002769768e-01 -4.892704785e-01 -8.663480282e-01
    outer loop
      vertex 4.413968697e-02 6.746151950e-03 9.468332864e-03
      vertex 4.699998721e-02 6.401108112e-03 9.332125075e-03
      vertex 4.699998721e-02 6.889823359e-03 9.056122974e-03
    endloop
  endfacet
  facet normal -9.455329925e-02 -4.292307496e-01 -8.982319236e-01
    outer loop
      vertex 4.413968697e-02 6.746151950e-03 9.468332864e-03
      vertex 4.413943365e-02 6.278319750e-03 9.691919200e-03
      vertex 4.699998721e-02 6.401108112e-03 9.332125075e-03
    endloop
  endfacet
  facet normal -9.350367635e-02 -4.292783737e-01 -8.983190060e-01
    outer loop
      vertex 4.413968697e-02 6.746151950e-03 9.468332864e-03
      vertex 4.397390783e-02 6.746686064e-03 9.485334158e-03
      vertex 4.413943365e-02 6.278319750e-03 9.691919200e-03
    endloop
  endfacet
  facet normal -8.093536831e-03 -6.554396152e-01 -7.552042007e-01
    outer loop
      vertex 4.362095147e-02 7.293600589e-03 9.113987908e-03
      vertex 3.653404489e-02 7.470901124e-03 9.036059491e-03
      vertex 1.319886465e-02 7.394891698e-03 9.352112189e-03
    endloop
  endfacet
  facet normal -8.168873377e-03 -6.323278546e-01 -7.746577859e-01
    outer loop
      vertex 4.362095147e-02 7.293600589e-03 9.113987908e-03
      vertex 1.319886465e-02 7.394891698e-03 9.352112189e-03
      vertex 3.655038401e-02 6.926434115e-03 9.488253854e-03
    endloop
  endfacet
  facet normal -3.660450166e-04 -4.189441502e-01 -9.080119133e-01
    outer loop
      vertex 1.350019313e-02 6.255113520e-03 1.011357363e-02
      vertex 1.319269836e-02 6.287862081e-03 1.009858679e-02
      vertex 1.324580051e-02 5.805301014e-03 1.032121293e-02
    endloop
  endfacet
  facet normal -9.685099125e-03 -4.691348374e-01 -8.830733895e-01
    outer loop
      vertex 1.350019313e-02 6.255113520e-03 1.011357363e-02
      vertex 2.906825952e-02 6.183806341e-03 9.980712086e-03
      vertex 3.656662256e-02 6.291492376e-03 9.841264226e-03
    endloop
  endfacet
  facet normal -9.549666196e-03 -4.860862792e-01 -8.738586903e-01
    outer loop
      vertex 1.350019313e-02 6.255113520e-03 1.011357363e-02
      vertex 3.656662256e-02 6.291492376e-03 9.841264226e-03
      vertex 3.655038401e-02 6.926434115e-03 9.488253854e-03
    endloop
  endfacet
  facet normal -9.457197972e-03 -4.881694317e-01 -8.726977706e-01
    outer loop
      vertex 1.350019313e-02 6.255113520e-03 1.011357363e-02
      vertex 3.655038401e-02 6.926434115e-03 9.488253854e-03
      vertex 1.319269836e-02 6.287862081e-03 1.009858679e-02
    endloop
  endfacet
  facet normal -8.726915717e-02 -7.557815313e-01 -6.489827037e-01
    outer loop
      vertex 4.391952604e-02 7.589565590e-03 8.804204874e-03
      vertex 4.699998721e-02 7.322419900e-03 8.701082319e-03
      vertex 4.699998721e-02 7.677109912e-03 8.288022131e-03
    endloop
  endfacet
  facet normal -9.658862650e-02 -6.314447522e-01 -7.693816423e-01
    outer loop
      vertex 4.411037266e-02 7.196680643e-03 9.167045355e-03
      vertex 4.699998721e-02 6.889823359e-03 9.056122974e-03
      vertex 4.699998721e-02 7.322419900e-03 8.701082319e-03
    endloop
  endfacet
  facet normal -9.286325425e-02 -5.825151801e-01 -8.074976206e-01
    outer loop
      vertex 4.411037266e-02 7.196680643e-03 9.167045355e-03
      vertex 4.394277558e-02 7.189719006e-03 9.191338904e-03
      vertex 4.699998721e-02 6.889823359e-03 9.056122974e-03
    endloop
  endfacet
  facet normal -8.337247185e-03 9.424278736e-01 -3.343055248e-01
    outer loop
      vertex 1.350002643e-02 -8.951959200e-03 6.911221892e-03
      vertex 1.876389049e-02 -8.952353150e-03 6.778838579e-03
      vertex 1.345986687e-02 -8.871152997e-03 7.140017580e-03
    endloop
  endfacet
  facet normal -7.191286888e-03 9.573658705e-01 -2.887887657e-01
    outer loop
      vertex 1.350002643e-02 -8.951959200e-03 6.911221892e-03
      vertex 1.344593428e-02 -9.048522450e-03 6.592453923e-03
      vertex 1.876389049e-02 -8.952353150e-03 6.778838579e-03
    endloop
  endfacet
  facet normal -8.722126950e-04 9.428709745e-01 -3.331569731e-01
    outer loop
      vertex 1.350002643e-02 -8.951959200e-03 6.911221892e-03
      vertex 1.345986687e-02 -8.871152997e-03 7.140017580e-03
      vertex 1.320988499e-02 -8.876774460e-03 7.124763913e-03
    endloop
  endfacet
  facet normal 2.551172115e-02 9.555318356e-01 -2.937824428e-01
    outer loop
      vertex 1.350002643e-02 -8.951959200e-03 6.911221892e-03
      vertex 1.321228500e-02 -9.079557844e-03 6.471221335e-03
      vertex 1.344593428e-02 -9.048522450e-03 6.592453923e-03
    endloop
  endfacet
  facet normal 2.945002541e-02 9.546969533e-01 -2.961188853e-01
    outer loop
      vertex 1.350002643e-02 -8.951959200e-03 6.911221892e-03
      vertex 1.320988499e-02 -8.876774460e-03 7.124763913e-03
      vertex 1.321228500e-02 -9.079557844e-03 6.471221335e-03
    endloop
  endfacet
  facet normal -1.054523699e-02 9.093449116e-01 -4.159093797e-01
    outer loop
      vertex 4.113514721e-02 -8.407377638e-03 7.494925521e-03
      vertex 4.225518927e-02 -8.195728995e-03 7.929277606e-03
      vertex 1.566985995e-02 -8.664211258e-03 7.579048164e-03
    endloop
  endfacet
  facet normal -1.783849299e-02 9.161560535e-01 -4.004245996e-01
    outer loop
      vertex 4.113514721e-02 -8.407377638e-03 7.494925521e-03
      vertex 4.144372791e-02 -8.461394347e-03 7.357588504e-03
      vertex 4.225518927e-02 -8.195728995e-03 7.929277606e-03
    endloop
  endfacet
  facet normal -1.057802513e-02 9.222301245e-01 -3.864967227e-01
    outer loop
      vertex 4.113514721e-02 -8.407377638e-03 7.494925521e-03
      vertex 1.566985995e-02 -8.664211258e-03 7.579048164e-03
      vertex 4.144372791e-02 -8.461394347e-03 7.357588504e-03
    endloop
  endfacet
  facet normal -4.892088473e-02 9.115678668e-01 -4.082288742e-01
    outer loop
      vertex 4.248126969e-02 -8.233540691e-03 7.817753591e-03
      vertex 4.289089143e-02 -8.093136363e-03 8.082184009e-03
      vertex 4.225518927e-02 -8.195728995e-03 7.929277606e-03
    endloop
  endfacet
  facet normal -4.406917468e-02 9.312351346e-01 -3.617445230e-01
    outer loop
      vertex 4.248126969e-02 -8.233540691e-03 7.817753591e-03
      vertex 4.144372791e-02 -8.461394347e-03 7.357588504e-03
      vertex 4.699998721e-02 -8.609277196e-03 6.300006062e-03
    endloop
  endfacet
  facet normal -3.367988393e-02 9.237670898e-01 -3.814708591e-01
    outer loop
      vertex 4.248126969e-02 -8.233540691e-03 7.817753591e-03
      vertex 4.225518927e-02 -8.195728995e-03 7.929277606e-03
      vertex 4.144372791e-02 -8.461394347e-03 7.357588504e-03
    endloop
  endfacet
  facet normal -2.501769364e-01 8.584018946e-01 -4.478365779e-01
    outer loop
      vertex 4.934783652e-02 -8.633012883e-03 5.194002297e-03
      vertex 5.019185692e-02 -8.633012883e-03 4.722504877e-03
      vertex 4.700004682e-02 -7.982932031e-03 7.751628291e-03
    endloop
  endfacet
  facet normal -3.219887614e-02 9.908943772e-01 -1.307345182e-01
    outer loop
      vertex 4.837328196e-02 -8.700000122e-03 5.274144467e-03
      vertex 4.699998721e-02 -8.609277196e-03 6.300006062e-03
      vertex 4.000214860e-02 -8.880537003e-03 5.967522506e-03
    endloop
  endfacet
  facet normal -3.015573882e-02 9.851464629e-01 -1.690476537e-01
    outer loop
      vertex 3.998046741e-02 -8.859045804e-03 6.096632686e-03
      vertex 4.000214860e-02 -8.880537003e-03 5.967522506e-03
      vertex 4.699998721e-02 -8.609277196e-03 6.300006062e-03
    endloop
  endfacet
  facet normal -2.874865569e-02 9.776270390e-01 -2.083717734e-01
    outer loop
      vertex 3.998046741e-02 -8.859045804e-03 6.096632686e-03
      vertex 4.699998721e-02 -8.609277196e-03 6.300006062e-03
      vertex 3.985057026e-02 -8.829995058e-03 6.250853185e-03
    endloop
  endfacet
  facet normal -1.273824368e-02 9.859979749e-01 -1.662703902e-01
    outer loop
      vertex 3.998046741e-02 -8.859045804e-03 6.096632686e-03
      vertex 1.874808967e-02 -9.162125178e-03 5.925976206e-03
      vertex 4.000214860e-02 -8.880537003e-03 5.967522506e-03
    endloop
  endfacet
  facet normal -1.242979709e-02 9.806848764e-01 -1.951993406e-01
    outer loop
      vertex 3.998046741e-02 -8.859045804e-03 6.096632686e-03
      vertex 3.985057026e-02 -8.829995058e-03 6.250853185e-03
      vertex 1.874808967e-02 -9.162125178e-03 5.925976206e-03
    endloop
  endfacet
  facet normal -9.066045284e-03 6.946706772e-01 -7.192708850e-01
    outer loop
      vertex 4.347015172e-02 -7.461194880e-03 8.941366337e-03
      vertex 4.340019077e-02 -7.535133511e-03 8.870842867e-03
      vertex 4.385060817e-02 -7.408239413e-03 8.987712674e-03
    endloop
  endfacet
  facet normal -9.063978679e-03 6.946328878e-01 -7.193073034e-01
    outer loop
      vertex 4.347015172e-02 -7.461194880e-03 8.941366337e-03
      vertex 4.385060817e-02 -7.408239413e-03 8.987712674e-03
      vertex 4.358606786e-02 -7.338682655e-03 9.058219381e-03
    endloop
  endfacet
  facet normal -8.829178289e-03 6.945301890e-01 -7.194093466e-01
    outer loop
      vertex 4.347015172e-02 -7.461194880e-03 8.941366337e-03
      vertex 4.358606786e-02 -7.338682655e-03 9.058219381e-03
      vertex 3.653404489e-02 -7.451285142e-03 9.036059491e-03
    endloop
  endfacet
  facet normal -8.829168044e-03 6.945340037e-01 -7.194056511e-01
    outer loop
      vertex 4.347015172e-02 -7.461194880e-03 8.941366337e-03
      vertex 3.653404489e-02 -7.451285142e-03 9.036059491e-03
      vertex 4.340019077e-02 -7.535133511e-03 8.870842867e-03
    endloop
  endfacet
  facet normal -3.422149271e-02 6.442783475e-01 -7.640250921e-01
    outer loop
      vertex 4.385060817e-02 -7.408239413e-03 8.987712674e-03
      vertex 4.387928545e-02 -7.092863787e-03 9.252373129e-03
      vertex 4.358606786e-02 -7.338682655e-03 9.058219381e-03
    endloop
  endfacet
  facet normal -9.144454449e-02 6.450027227e-01 -7.586893439e-01
    outer loop
      vertex 4.385060817e-02 -7.408239413e-03 8.987712674e-03
      vertex 4.700009525e-02 -7.332820445e-03 8.672226220e-03
      vertex 4.387928545e-02 -7.092863787e-03 9.252373129e-03
    endloop
  endfacet
  facet normal -7.155329734e-02 7.342627645e-01 -6.750838161e-01
    outer loop
      vertex 4.385060817e-02 -7.408239413e-03 8.987712674e-03
      vertex 4.371563345e-02 -7.576794829e-03 8.818685077e-03
      vertex 4.402194545e-02 -7.424031384e-03 8.952376433e-03
    endloop
  endfacet
  facet normal -8.974555135e-02 6.717054248e-01 -7.353622317e-01
    outer loop
      vertex 4.385060817e-02 -7.408239413e-03 8.987712674e-03
      vertex 4.402194545e-02 -7.424031384e-03 8.952376433e-03
      vertex 4.700009525e-02 -7.332820445e-03 8.672226220e-03
    endloop
  endfacet
  facet normal -1.196691673e-02 7.447449565e-01 -6.672418714e-01
    outer loop
      vertex 4.371563345e-02 -7.576794829e-03 8.818685077e-03
      vertex 4.340019077e-02 -7.535133511e-03 8.870842867e-03
      vertex 4.315233976e-02 -7.669590414e-03 8.725211024e-03
    endloop
  endfacet
  facet normal -7.793603931e-03 7.632028461e-01 -6.461119652e-01
    outer loop
      vertex 4.308634996e-02 -7.694312371e-03 8.696818724e-03
      vertex 1.320181694e-02 -7.849250920e-03 8.874279447e-03
      vertex 1.330004912e-02 -7.972440682e-03 8.727580309e-03
    endloop
  endfacet
  facet normal -7.793632336e-03 7.630466223e-01 -6.462964416e-01
    outer loop
      vertex 4.308634996e-02 -7.694312371e-03 8.696818724e-03
      vertex 4.315233976e-02 -7.669590414e-03 8.725211024e-03
      vertex 1.320181694e-02 -7.849250920e-03 8.874279447e-03
    endloop
  endfacet
  facet normal -7.913719863e-03 8.076992631e-01 -5.895415545e-01
    outer loop
      vertex 4.258599877e-02 -7.872809656e-03 8.470959030e-03
      vertex 1.330004912e-02 -7.972440682e-03 8.727580309e-03
      vertex 1.320467517e-02 -8.259329014e-03 8.335810155e-03
    endloop
  endfacet
  facet normal -8.635235950e-03 8.415395617e-01 -5.401264429e-01
    outer loop
      vertex 4.258599877e-02 -7.872809656e-03 8.470959030e-03
      vertex 1.350012608e-02 -8.329752833e-03 8.224011399e-03
      vertex 4.309814796e-02 -7.901214063e-03 8.418514393e-03
    endloop
  endfacet
  facet normal -8.471022360e-03 8.358495831e-01 -5.488933325e-01
    outer loop
      vertex 4.258599877e-02 -7.872809656e-03 8.470959030e-03
      vertex 1.320467517e-02 -8.259329014e-03 8.335810155e-03
      vertex 1.350012608e-02 -8.329752833e-03 8.224011399e-03
    endloop
  endfacet
  facet normal -9.576689452e-02 5.046640635e-01 -8.579876423e-01
    outer loop
      vertex 4.413463548e-02 -7.000655401e-03 9.297032841e-03
      vertex 4.699994996e-02 -6.897650659e-03 9.037801065e-03
      vertex 4.413959756e-02 -6.547763012e-03 9.562866762e-03
    endloop
  endfacet
  facet normal -9.495849162e-02 5.046964288e-01 -8.580585718e-01
    outer loop
      vertex 4.413463548e-02 -7.000655401e-03 9.297032841e-03
      vertex 4.413959756e-02 -6.547763012e-03 9.562866762e-03
      vertex 4.396848008e-02 -6.998040248e-03 9.316961281e-03
    endloop
  endfacet
  facet normal -9.242466092e-02 6.295729280e-01 -7.714244723e-01
    outer loop
      vertex 4.413463548e-02 -7.000655401e-03 9.297032841e-03
      vertex 4.387928545e-02 -7.092863787e-03 9.252373129e-03
      vertex 4.699994996e-02 -6.897650659e-03 9.037801065e-03
    endloop
  endfacet
  facet normal -8.446726203e-02 6.139765978e-01 -7.847916484e-01
    outer loop
      vertex 4.413463548e-02 -7.000655401e-03 9.297032841e-03
      vertex 4.396848008e-02 -6.998040248e-03 9.316961281e-03
      vertex 4.387928545e-02 -7.092863787e-03 9.252373129e-03
    endloop
  endfacet
  facet normal 9.415992349e-02 -9.258722663e-01 3.659158647e-01
    outer loop
      vertex 1.330003329e-02 7.753517944e-03 -6.389465649e-03
      vertex 1.140002441e-02 7.421106566e-03 -6.741640158e-03
      vertex 1.306139026e-02 7.863110863e-03 -6.050752942e-03
    endloop
  endfacet
  facet normal 9.168668836e-02 -9.221694469e-01 3.757619262e-01
    outer loop
      vertex 1.330003329e-02 7.753517944e-03 -6.389465649e-03
      vertex 1.306136139e-02 7.311508525e-03 -7.415978704e-03
      vertex 1.140002441e-02 7.421106566e-03 -6.741640158e-03
    endloop
  endfacet
  facet normal 1.627518050e-02 -9.651126266e-01 2.613285482e-01
    outer loop
      vertex 1.330039743e-02 8.134664968e-03 -5.241685081e-03
      vertex 1.350021176e-02 8.284398355e-03 -4.701149650e-03
      vertex 4.699999839e-02 8.633012883e-03 -5.499999970e-03
    endloop
  endfacet
  facet normal 2.842352539e-02 -9.659727216e-01 2.570773363e-01
    outer loop
      vertex 1.330039743e-02 8.134664968e-03 -5.241685081e-03
      vertex 1.306143031e-02 8.288509212e-03 -4.637189675e-03
      vertex 1.350021176e-02 8.284398355e-03 -4.701149650e-03
    endloop
  endfacet
  facet normal 9.609533101e-02 -9.548835158e-01 2.810039520e-01
    outer loop
      vertex 1.330039743e-02 8.134664968e-03 -5.241685081e-03
      vertex 1.140002441e-02 8.006481454e-03 -5.027396139e-03
      vertex 1.306143031e-02 8.288509212e-03 -4.637189675e-03
    endloop
  endfacet
  facet normal 9.699723125e-02 -9.518469572e-01 2.908244133e-01
    outer loop
      vertex 1.330039743e-02 8.134664968e-03 -5.241685081e-03
      vertex 1.306139026e-02 7.863110863e-03 -6.050752942e-03
      vertex 1.140002441e-02 8.006481454e-03 -5.027396139e-03
    endloop
  endfacet
  facet normal 1.357905101e-02 -9.831757545e-01 1.821567863e-01
    outer loop
      vertex 1.350004971e-02 8.584183641e-03 -3.377846908e-03
      vertex 1.329972502e-02 8.722576313e-03 -2.615960082e-03
      vertex 4.699999839e-02 8.700000122e-03 -5.249999929e-03
    endloop
  endfacet
  facet normal 2.308437042e-02 -9.825528264e-01 1.845457256e-01
    outer loop
      vertex 1.350004971e-02 8.584183641e-03 -3.377846908e-03
      vertex 1.306149829e-02 8.608378470e-03 -3.194171470e-03
      vertex 1.329972502e-02 8.722576313e-03 -2.615960082e-03
    endloop
  endfacet
  facet normal -6.051672157e-03 -9.988627434e-01 -4.729431495e-02
    outer loop
      vertex 1.349993981e-02 9.323891252e-03 4.969913512e-03
      vertex 1.873116940e-02 9.289479814e-03 5.027313251e-03
      vertex 1.340418961e-02 9.337946773e-03 4.685302731e-03
    endloop
  endfacet
  facet normal -5.586994346e-03 -9.961053133e-01 -8.799396455e-02
    outer loop
      vertex 1.349993981e-02 9.323891252e-03 4.969913512e-03
      vertex 1.341976505e-02 9.282085113e-03 5.448275711e-03
      vertex 1.873116940e-02 9.289479814e-03 5.027313251e-03
    endloop
  endfacet
  facet normal 6.215800066e-03 -9.997407794e-01 2.190338820e-02
    outer loop
      vertex 1.338950358e-02 9.345645085e-03 3.909911029e-03
      vertex 1.350002084e-02 9.344259277e-03 3.815269331e-03
      vertex 1.322009042e-02 9.340961464e-03 3.744166344e-03
    endloop
  endfacet
  facet normal 3.803537786e-02 -9.992198348e-01 -1.064379606e-02
    outer loop
      vertex 1.338950358e-02 9.345645085e-03 3.909911029e-03
      vertex 1.322009042e-02 9.340961464e-03 3.744166344e-03
      vertex 1.340418961e-02 9.337946773e-03 4.685302731e-03
    endloop
  endfacet
  facet normal -5.711526144e-03 -9.999519587e-01 7.970469072e-03
    outer loop
      vertex 1.338950358e-02 9.345645085e-03 3.909911029e-03
      vertex 1.871319488e-02 9.316688403e-03 4.091922194e-03
      vertex 1.350002084e-02 9.344259277e-03 3.815269331e-03
    endloop
  endfacet
  facet normal -5.102768540e-03 -9.999387264e-01 -9.830549359e-03
    outer loop
      vertex 1.338950358e-02 9.345645085e-03 3.909911029e-03
      vertex 1.340418961e-02 9.337946773e-03 4.685302731e-03
      vertex 1.871319488e-02 9.316688403e-03 4.091922194e-03
    endloop
  endfacet
  facet normal 1.246294975e-01 -9.867455959e-01 -1.039254591e-01
    outer loop
      vertex 1.304393727e-02 9.290639311e-03 5.178565159e-03
      vertex 1.140002441e-02 9.131724015e-03 4.716030322e-03
      vertex 1.255375426e-02 9.200204164e-03 5.449380260e-03
    endloop
  endfacet
  facet normal 1.157348678e-01 -9.860304594e-01 -1.197888255e-01
    outer loop
      vertex 1.304393727e-02 9.290639311e-03 5.178565159e-03
      vertex 1.255375426e-02 9.200204164e-03 5.449380260e-03
      vertex 1.304023247e-02 9.206810035e-03 5.865026731e-03
    endloop
  endfacet
  facet normal 1.109285802e-01 -9.865717292e-01 -1.198787168e-01
    outer loop
      vertex 1.304393727e-02 9.290639311e-03 5.178565159e-03
      vertex 1.304023247e-02 9.206810035e-03 5.865026731e-03
      vertex 1.321453135e-02 9.234442376e-03 5.798905157e-03
    endloop
  endfacet
  facet normal 9.751938283e-03 -9.816686511e-01 -1.903457791e-01
    outer loop
      vertex 1.349991001e-02 9.228943847e-03 5.841883365e-03
      vertex 1.321453135e-02 9.234442376e-03 5.798905157e-03
      vertex 1.330003794e-02 9.122144431e-03 6.382433232e-03
    endloop
  endfacet
  facet normal -5.681757350e-03 -9.806187749e-01 -1.958431602e-01
    outer loop
      vertex 1.349991001e-02 9.228943847e-03 5.841883365e-03
      vertex 1.330003794e-02 9.122144431e-03 6.382433232e-03
      vertex 1.874808967e-02 9.181740694e-03 5.925976206e-03
    endloop
  endfacet
  facet normal -6.792704575e-03 -9.911684394e-01 -1.324349493e-01
    outer loop
      vertex 1.349991001e-02 9.228943847e-03 5.841883365e-03
      vertex 1.874808967e-02 9.181740694e-03 5.925976206e-03
      vertex 1.341976505e-02 9.282085113e-03 5.448275711e-03
    endloop
  endfacet
  facet normal 1.089031459e-03 -9.909783006e-01 -1.340176165e-01
    outer loop
      vertex 1.349991001e-02 9.228943847e-03 5.841883365e-03
      vertex 1.341976505e-02 9.282085113e-03 5.448275711e-03
      vertex 1.321453135e-02 9.234442376e-03 5.798905157e-03
    endloop
  endfacet
  facet normal -1.747238077e-02 -9.983150363e-01 -5.533298850e-02
    outer loop
      vertex 3.925357014e-02 9.015127085e-03 4.949248862e-03
      vertex 3.909983486e-02 9.021707810e-03 4.879062995e-03
      vertex 3.907979652e-02 9.002964012e-03 5.223577842e-03
    endloop
  endfacet
  facet normal -3.282725438e-02 -9.973446131e-01 -6.500913948e-02
    outer loop
      vertex 3.925357014e-02 9.015127085e-03 4.949248862e-03
      vertex 3.907979652e-02 9.002964012e-03 5.223577842e-03
      vertex 4.962500185e-02 8.700000122e-03 4.546633456e-03
    endloop
  endfacet
  facet normal -3.211700544e-02 -9.984310865e-01 -4.586895928e-02
    outer loop
      vertex 3.925357014e-02 9.015127085e-03 4.949248862e-03
      vertex 4.962500185e-02 8.700000122e-03 4.546633456e-03
      vertex 5.037463456e-02 8.700000122e-03 4.021733534e-03
    endloop
  endfacet
  facet normal -1.296923496e-02 -9.942023754e-01 -1.067397594e-01
    outer loop
      vertex 3.907979652e-02 9.002964012e-03 5.223577842e-03
      vertex 1.873116940e-02 9.289479814e-03 5.027313251e-03
      vertex 3.718985990e-02 8.990126662e-03 5.572791677e-03
    endloop
  endfacet
  facet normal -1.352619287e-02 -9.983888268e-01 -5.510777608e-02
    outer loop
      vertex 3.907979652e-02 9.002964012e-03 5.223577842e-03
      vertex 3.909983486e-02 9.021707810e-03 4.879062995e-03
      vertex 1.873116940e-02 9.289479814e-03 5.027313251e-03
    endloop
  endfacet
  facet normal -3.321355581e-02 -9.969068766e-01 -7.122755796e-02
    outer loop
      vertex 3.907979652e-02 9.002964012e-03 5.223577842e-03
      vertex 4.879560694e-02 8.700000122e-03 4.933386110e-03
      vertex 4.962500185e-02 8.700000122e-03 4.546633456e-03
    endloop
  endfacet
  facet normal -1.358477771e-02 -9.938325882e-01 -1.100551337e-01
    outer loop
      vertex 3.907979652e-02 9.002964012e-03 5.223577842e-03
      vertex 3.718985990e-02 8.990126662e-03 5.572791677e-03
      vertex 3.985158354e-02 8.930297568e-03 5.784517620e-03
    endloop
  endfacet
  facet normal -3.353333101e-02 -9.959947467e-01 -8.288568258e-02
    outer loop
      vertex 3.907979652e-02 9.002964012e-03 5.223577842e-03
      vertex 3.985158354e-02 8.930297568e-03 5.784517620e-03
      vertex 4.879560694e-02 8.700000122e-03 4.933386110e-03
    endloop
  endfacet
  facet normal -1.334937196e-02 -9.994956255e-01 -2.881416492e-02
    outer loop
      vertex 3.718668595e-02 9.052255191e-03 4.705835599e-03
      vertex 1.873116940e-02 9.289479814e-03 5.027313251e-03
      vertex 3.909983486e-02 9.021707810e-03 4.879062995e-03
    endloop
  endfacet
  facet normal -1.334934495e-02 -9.994955063e-01 -2.881782688e-02
    outer loop
      vertex 3.718668595e-02 9.052255191e-03 4.705835599e-03
      vertex 1.871319488e-02 9.316688403e-03 4.091922194e-03
      vertex 1.873116940e-02 9.289479814e-03 5.027313251e-03
    endloop
  endfacet
  facet normal -1.351043023e-02 -9.996200800e-01 -2.402458340e-02
    outer loop
      vertex 3.718668595e-02 9.052255191e-03 4.705835599e-03
      vertex 3.863803670e-02 9.038266726e-03 4.471672699e-03
      vertex 1.871319488e-02 9.316688403e-03 4.091922194e-03
    endloop
  endfacet
  facet normal -1.368642878e-02 -9.995908141e-01 -2.511845715e-02
    outer loop
      vertex 3.718668595e-02 9.052255191e-03 4.705835599e-03
      vertex 3.909983486e-02 9.021707810e-03 4.879062995e-03
      vertex 3.863803670e-02 9.038266726e-03 4.471672699e-03
    endloop
  endfacet
  facet normal 7.018537819e-02 -9.973903298e-01 -1.692428626e-02
    outer loop
      vertex 1.322009042e-02 9.340961464e-03 3.744166344e-03
      vertex 1.305023022e-02 9.328156710e-03 3.794361604e-03
      vertex 1.340418961e-02 9.337946773e-03 4.685302731e-03
    endloop
  endfacet
  facet normal 8.927187324e-02 -9.948348999e-01 4.831277579e-02
    outer loop
      vertex 1.322009042e-02 9.340961464e-03 3.744166344e-03
      vertex 1.330004074e-02 9.317335673e-03 3.109947545e-03
      vertex 1.305023022e-02 9.328156710e-03 3.794361604e-03
    endloop
  endfacet
  facet normal 2.245259471e-03 -9.992938042e-01 3.750774637e-02
    outer loop
      vertex 1.322009042e-02 9.340961464e-03 3.744166344e-03
      vertex 1.350002084e-02 9.344259277e-03 3.815269331e-03
      vertex 1.330004074e-02 9.317335673e-03 3.109947545e-03
    endloop
  endfacet
  facet normal 1.260826737e-01 -9.919796586e-01 8.917529136e-03
    outer loop
      vertex 1.255996153e-02 9.272870608e-03 4.015722312e-03
      vertex 1.140002441e-02 9.130645543e-03 4.595839884e-03
      vertex 1.140002441e-02 9.131724015e-03 4.716030322e-03
    endloop
  endfacet
  facet normal 1.260839403e-01 -9.919795990e-01 8.903915063e-03
    outer loop
      vertex 1.255996153e-02 9.272870608e-03 4.015722312e-03
      vertex 1.140002441e-02 9.116525762e-03 3.022753866e-03
      vertex 1.140002441e-02 9.130645543e-03 4.595839884e-03
    endloop
  endfacet
  facet normal 1.260743588e-01 -9.919810295e-01 8.892579935e-03
    outer loop
      vertex 1.255996153e-02 9.272870608e-03 4.015722312e-03
      vertex 1.140002441e-02 9.116032161e-03 2.967825625e-03
      vertex 1.140002441e-02 9.116525762e-03 3.022753866e-03
    endloop
  endfacet
  facet normal 1.193710268e-01 -9.927134514e-01 1.644703001e-02
    outer loop
      vertex 1.255996153e-02 9.272870608e-03 4.015722312e-03
      vertex 1.305023022e-02 9.328156710e-03 3.794361604e-03
      vertex 1.140002441e-02 9.116032161e-03 2.967825625e-03
    endloop
  endfacet
  facet normal 9.860914201e-02 -9.917566776e-01 8.182203770e-02
    outer loop
      vertex 1.305507403e-02 9.259833023e-03 2.411036287e-03
      vertex 1.305853855e-02 9.146301076e-03 1.030755928e-03
      vertex 1.256815903e-02 9.107162245e-03 1.147347852e-03
    endloop
  endfacet
  facet normal 7.433075458e-02 -9.938618541e-01 8.193620294e-02
    outer loop
      vertex 1.305507403e-02 9.259833023e-03 2.411036287e-03
      vertex 1.322278287e-02 9.269221686e-03 2.372777089e-03
      vertex 1.305853855e-02 9.146301076e-03 1.030755928e-03
    endloop
  endfacet
  facet normal 1.027626172e-01 -9.914685488e-01 8.018659800e-02
    outer loop
      vertex 1.305507403e-02 9.259833023e-03 2.411036287e-03
      vertex 1.256815903e-02 9.107162245e-03 1.147347852e-03
      vertex 1.140002441e-02 8.975922130e-03 1.021642704e-03
    endloop
  endfacet
  facet normal 9.238082170e-02 -9.944955111e-01 4.944041744e-02
    outer loop
      vertex 1.305507403e-02 9.259833023e-03 2.411036287e-03
      vertex 1.305023022e-02 9.328156710e-03 3.794361604e-03
      vertex 1.330004074e-02 9.317335673e-03 3.109947545e-03
    endloop
  endfacet
  facet normal 6.893611699e-02 -9.959462881e-01 5.778237432e-02
    outer loop
      vertex 1.305507403e-02 9.259833023e-03 2.411036287e-03
      vertex 1.330004074e-02 9.317335673e-03 3.109947545e-03
      vertex 1.322278287e-02 9.269221686e-03 2.372777089e-03
    endloop
  endfacet
  facet normal 2.494898625e-02 -9.962256551e-01 8.313819766e-02
    outer loop
      vertex 1.335011236e-02 9.212101810e-03 1.650127466e-03
      vertex 1.322470699e-02 9.155071341e-03 1.004391699e-03
      vertex 1.322278287e-02 9.269221686e-03 2.372777089e-03
    endloop
  endfacet
  facet normal 2.770361025e-03 -9.961661100e-01 8.743767440e-02
    outer loop
      vertex 1.335011236e-02 9.212101810e-03 1.650127466e-03
      vertex 4.699999839e-02 8.700000122e-03 -5.249999929e-03
      vertex 1.322470699e-02 9.155071341e-03 1.004391699e-03
    endloop
  endfacet
  facet normal 1.023493824e-03 -9.968757629e-01 7.897864282e-02
    outer loop
      vertex 1.335011236e-02 9.212101810e-03 1.650127466e-03
      vertex 1.322278287e-02 9.269221686e-03 2.372777089e-03
      vertex 4.699999839e-02 8.700000122e-03 -5.249999929e-03
    endloop
  endfacet
  facet normal -2.293197904e-04 -9.972983003e-01 7.345637679e-02
    outer loop
      vertex 1.350001153e-02 9.291260503e-03 2.672859933e-03
      vertex 4.699999839e-02 8.700000122e-03 -5.249999929e-03
      vertex 1.322278287e-02 9.269221686e-03 2.372777089e-03
    endloop
  endfacet
  facet normal -3.963514231e-03 -9.983232021e-01 5.774927139e-02
    outer loop
      vertex 1.350001153e-02 9.291260503e-03 2.672859933e-03
      vertex 1.330004074e-02 9.317335673e-03 3.109947545e-03
      vertex 4.699999839e-02 8.700000122e-03 -5.249999929e-03
    endloop
  endfacet
  facet normal 9.958934039e-03 -9.978946447e-01 6.408657134e-02
    outer loop
      vertex 1.350001153e-02 9.291260503e-03 2.672859933e-03
      vertex 1.322278287e-02 9.269221686e-03 2.372777089e-03
      vertex 1.330004074e-02 9.317335673e-03 3.109947545e-03
    endloop
  endfacet
  facet normal -6.610451341e-01 -7.065583467e-01 -2.525759339e-01
    outer loop
      vertex 5.359644815e-02 7.626314182e-03 2.107722219e-03
      vertex 5.332125351e-02 7.626314182e-03 2.827963792e-03
      vertex 5.378821120e-02 7.424999960e-03 2.168994863e-03
    endloop
  endfacet
  facet normal -5.415354967e-01 -8.148167133e-01 -2.069131136e-01
    outer loop
      vertex 5.359644815e-02 7.626314182e-03 2.107722219e-03
      vertex 5.216830969e-02 8.633012883e-03 1.881110831e-03
      vertex 5.332125351e-02 7.626314182e-03 2.827963792e-03
    endloop
  endfacet
  facet normal -6.850286126e-01 -7.065549493e-01 -1.775272042e-01
    outer loop
      vertex 5.359644815e-02 7.626314182e-03 2.107722219e-03
      vertex 5.378821120e-02 7.424999960e-03 2.168994863e-03
      vertex 5.398725718e-02 7.424999960e-03 1.400927431e-03
    endloop
  endfacet
  facet normal -5.539280176e-01 -8.192275763e-01 -1.484245509e-01
    outer loop
      vertex 5.359644815e-02 7.626314182e-03 2.107722219e-03
      vertex 5.241644382e-02 8.633012883e-03 9.550649556e-04
      vertex 5.216830969e-02 8.633012883e-03 1.881110831e-03
    endloop
  endfacet
  facet normal -7.005290985e-01 -7.065441012e-01 -1.002720371e-01
    outer loop
      vertex 5.398725718e-02 7.424999960e-03 1.400927431e-03
      vertex 5.409968272e-02 7.424999960e-03 6.154933362e-04
      vertex 5.389912426e-02 7.626314182e-03 5.981060094e-04
    endloop
  endfacet
  facet normal -9.351422191e-01 -2.584171891e-01 -2.423418462e-01
    outer loop
      vertex 5.398725718e-02 7.424999960e-03 1.400927431e-03
      vertex 5.385840312e-02 7.149999961e-03 2.191422274e-03
      vertex 5.405950546e-02 7.149999961e-03 1.415412989e-03
    endloop
  endfacet
  facet normal -9.351263046e-01 -2.584774494e-01 -2.423388511e-01
    outer loop
      vertex 5.398725718e-02 7.424999960e-03 1.400927431e-03
      vertex 5.378821120e-02 7.424999960e-03 2.168994863e-03
      vertex 5.385840312e-02 7.149999961e-03 2.191422274e-03
    endloop
  endfacet
  facet normal -9.562790990e-01 -2.584455609e-01 -1.368799359e-01
    outer loop
      vertex 5.398725718e-02 7.424999960e-03 1.400927431e-03
      vertex 5.405950546e-02 7.149999961e-03 1.415412989e-03
      vertex 5.409968272e-02 7.424999960e-03 6.154933362e-04
    endloop
  endfacet
  facet normal -6.288722754e-01 -7.065551877e-01 -3.244989514e-01
    outer loop
      vertex 5.350501463e-02 7.424999960e-03 2.910174429e-03
      vertex 5.332125351e-02 7.626314182e-03 2.827963792e-03
      vertex 5.314118043e-02 7.424999960e-03 3.615278285e-03
    endloop
  endfacet
  facet normal -6.610473394e-01 -7.065542936e-01 -2.525817156e-01
    outer loop
      vertex 5.350501463e-02 7.424999960e-03 2.910174429e-03
      vertex 5.378821120e-02 7.424999960e-03 2.168994863e-03
      vertex 5.332125351e-02 7.626314182e-03 2.827963792e-03
    endloop
  endfacet
  facet normal -9.023978114e-01 -2.584455907e-01 -3.447957933e-01
    outer loop
      vertex 5.350501463e-02 7.424999960e-03 2.910174429e-03
      vertex 5.357227847e-02 7.149999961e-03 2.940265695e-03
      vertex 5.378821120e-02 7.424999960e-03 2.168994863e-03
    endloop
  endfacet
  facet normal -8.584755063e-01 -2.584453523e-01 -4.429738522e-01
    outer loop
      vertex 5.350501463e-02 7.424999960e-03 2.910174429e-03
      vertex 5.314118043e-02 7.424999960e-03 3.615278285e-03
      vertex 5.357227847e-02 7.149999961e-03 2.940265695e-03
    endloop
  endfacet
  facet normal -8.072968125e-01 -4.106367752e-02 -5.887152553e-01
    outer loop
      vertex 5.299513787e-02 3.500000108e-03 4.252155777e-03
      vertex 5.347499996e-02 2.000000095e-03 3.698754124e-03
      vertex 5.276016891e-02 7.149999961e-03 4.319774453e-03
    endloop
  endfacet
  facet normal -7.764008045e-01 -1.593084820e-02 -6.300380826e-01
    outer loop
      vertex 5.299513787e-02 3.500000108e-03 4.252155777e-03
      vertex 5.239546299e-02 3.500000108e-03 4.991139751e-03
      vertex 5.347499996e-02 2.000000095e-03 3.698754124e-03
    endloop
  endfacet
  facet normal -7.759297490e-01 -3.828446567e-02 -6.296565533e-01
    outer loop
      vertex 5.299513787e-02 3.500000108e-03 4.252155777e-03
      vertex 5.276016891e-02 7.149999961e-03 4.319774453e-03
      vertex 5.239546299e-02 3.500000108e-03 4.991139751e-03
    endloop
  endfacet
  facet normal -4.438461661e-01 -8.146861196e-01 -3.732120693e-01
    outer loop
      vertex 5.254016444e-02 7.626314182e-03 4.154783208e-03
      vertex 5.121324584e-02 8.633012883e-03 3.535331925e-03
      vertex 5.204394832e-02 7.626314182e-03 4.744912963e-03
    endloop
  endfacet
  facet normal -4.688543379e-01 -8.199991584e-01 -3.282939494e-01
    outer loop
      vertex 5.254016444e-02 7.626314182e-03 4.154783208e-03
      vertex 5.176313967e-02 8.633012883e-03 2.749999985e-03
      vertex 5.121324584e-02 8.633012883e-03 3.535331925e-03
    endloop
  endfacet
  facet normal -5.416153073e-01 -7.065692544e-01 -4.554260969e-01
    outer loop
      vertex 5.254016444e-02 7.626314182e-03 4.154783208e-03
      vertex 5.219057947e-02 7.424999960e-03 4.882850219e-03
      vertex 5.270121992e-02 7.424999960e-03 4.275565036e-03
    endloop
  endfacet
  facet normal -5.416297913e-01 -7.065532207e-01 -4.554336369e-01
    outer loop
      vertex 5.254016444e-02 7.626314182e-03 4.154783208e-03
      vertex 5.204394832e-02 7.626314182e-03 4.744912963e-03
      vertex 5.219057947e-02 7.424999960e-03 4.882850219e-03
    endloop
  endfacet
  facet normal 8.568701148e-02 -7.928680778e-01 -6.033388972e-01
    outer loop
      vertex 1.320467610e-02 8.279013447e-03 8.335707709e-03
      vertex 1.140002441e-02 8.048509248e-03 8.382320404e-03
      vertex 1.320181787e-02 7.868929766e-03 8.874206804e-03
    endloop
  endfacet
  facet normal 9.663286805e-02 -8.584203124e-01 -5.037626028e-01
    outer loop
      vertex 1.320467610e-02 8.279013447e-03 8.335707709e-03
      vertex 1.302730758e-02 8.562533185e-03 7.818559185e-03
      vertex 1.140002441e-02 8.048509248e-03 8.382320404e-03
    endloop
  endfacet
  facet normal 1.075003445e-01 -8.693539500e-01 -4.823561013e-01
    outer loop
      vertex 1.302730758e-02 8.562533185e-03 7.818559185e-03
      vertex 1.140002441e-02 8.465039544e-03 7.631609682e-03
      vertex 1.140002441e-02 8.048509248e-03 8.382320404e-03
    endloop
  endfacet
  facet normal 1.074993089e-01 -8.693497181e-01 -4.823638797e-01
    outer loop
      vertex 1.302730758e-02 8.562533185e-03 7.818559185e-03
      vertex 1.140002441e-02 8.614917286e-03 7.361485623e-03
      vertex 1.140002441e-02 8.465039544e-03 7.631609682e-03
    endloop
  endfacet
  facet normal 1.059231162e-01 -8.724455833e-01 -4.770943820e-01
    outer loop
      vertex 1.302730758e-02 8.562533185e-03 7.818559185e-03
      vertex 1.320735551e-02 8.622458205e-03 7.748950273e-03
      vertex 1.140002441e-02 8.614917286e-03 7.361485623e-03
    endloop
  endfacet
  facet normal 7.827009074e-03 2.454032004e-02 9.996681213e-01
    outer loop
      vertex 1.306103636e-02 -1.573861926e-03 -1.115596201e-02
      vertex 1.330002490e-02 9.764607967e-06 -1.119670644e-02
      vertex 1.330004539e-02 -3.081393195e-03 -1.112082414e-02
    endloop
  endfacet
  facet normal 4.019734636e-02 2.965200506e-02 9.987516999e-01
    outer loop
      vertex 1.306103636e-02 -1.573861926e-03 -1.115596201e-02
      vertex 1.330004539e-02 -3.081393195e-03 -1.112082414e-02
      vertex 1.306127943e-02 -3.157892264e-03 -1.110894326e-02
    endloop
  endfacet
  facet normal 9.200908989e-02 1.173252333e-02 9.956890345e-01
    outer loop
      vertex 1.306103636e-02 -1.573861926e-03 -1.115596201e-02
      vertex 1.257959008e-02 9.561174011e-06 -1.113013085e-02
      vertex 1.330002490e-02 9.764607967e-06 -1.119670644e-02
    endloop
  endfacet
  facet normal 1.073065400e-01 1.640935056e-02 9.940906167e-01
    outer loop
      vertex 1.306103636e-02 -1.573861926e-03 -1.115596201e-02
      vertex 1.140002441e-02 -3.238049336e-03 -1.094919629e-02
      vertex 1.257959008e-02 9.561174011e-06 -1.113013085e-02
    endloop
  endfacet
  facet normal 9.426382184e-02 2.955219522e-02 9.951085448e-01
    outer loop
      vertex 1.306103636e-02 -1.573861926e-03 -1.115596201e-02
      vertex 1.306127943e-02 -3.157892264e-03 -1.110894326e-02
      vertex 1.140002441e-02 -3.238049336e-03 -1.094919629e-02
    endloop
  endfacet
  facet normal -8.343465626e-03 3.321808949e-02 9.994133115e-01
    outer loop
      vertex 1.756851934e-02 9.992415471e-06 -1.118794084e-02
      vertex 1.818647049e-02 -1.056367881e-03 -1.114733890e-02
      vertex 1.330004539e-02 -3.081393195e-03 -1.112082414e-02
    endloop
  endfacet
  facet normal -2.149926126e-02 2.559494227e-02 9.994411469e-01
    outer loop
      vertex 1.756851934e-02 9.992415471e-06 -1.118794084e-02
      vertex 2.126485854e-02 1.019395040e-05 -1.110843103e-02
      vertex 1.818647049e-02 -1.056367881e-03 -1.114733890e-02
    endloop
  endfacet
  facet normal -3.527174518e-02 7.699886709e-02 9.964070916e-01
    outer loop
      vertex 2.338513359e-02 -5.435229978e-04 -1.100324094e-02
      vertex 2.342702262e-02 -1.091214712e-03 -1.095943432e-02
      vertex 1.827001385e-02 -2.108156448e-03 -1.106340811e-02
    endloop
  endfacet
  facet normal -3.518769145e-02 7.671844214e-02 9.964317679e-01
    outer loop
      vertex 2.338513359e-02 -5.435229978e-04 -1.100324094e-02
      vertex 1.827001385e-02 -2.108156448e-03 -1.106340811e-02
      vertex 1.818647049e-02 -1.056367881e-03 -1.114733890e-02
    endloop
  endfacet
  facet normal -3.363914043e-02 6.070130691e-02 9.975889921e-01
    outer loop
      vertex 2.338513359e-02 -5.435229978e-04 -1.100324094e-02
      vertex 1.818647049e-02 -1.056367881e-03 -1.114733890e-02
      vertex 2.126485854e-02 1.019395040e-05 -1.110843103e-02
    endloop
  endfacet
  facet normal -2.696231194e-02 7.889714837e-02 9.965180159e-01
    outer loop
      vertex 1.827001385e-02 -2.108156448e-03 -1.106340811e-02
      vertex 1.837065443e-02 -3.151078708e-03 -1.097811386e-02
      vertex 1.330004539e-02 -3.081393195e-03 -1.112082414e-02
    endloop
  endfacet
  facet normal -2.667280100e-02 7.741159201e-02 9.966422915e-01
    outer loop
      vertex 1.827001385e-02 -2.108156448e-03 -1.106340811e-02
      vertex 1.330004539e-02 -3.081393195e-03 -1.112082414e-02
      vertex 1.818647049e-02 -1.056367881e-03 -1.114733890e-02
    endloop
  endfacet
  facet normal -3.548060358e-02 7.805889100e-02 9.963171482e-01
    outer loop
      vertex 1.827001385e-02 -2.108156448e-03 -1.106340811e-02
      vertex 2.342702262e-02 -1.091214712e-03 -1.095943432e-02
      vertex 1.837065443e-02 -3.151078708e-03 -1.097811386e-02
    endloop
  endfacet
  facet normal 1.541267894e-02 1.062923819e-01 9.942154884e-01
    outer loop
      vertex 1.330004539e-02 -3.081393195e-03 -1.112082414e-02
      vertex 1.349992305e-02 -3.501902800e-03 -1.107896678e-02
      vertex 1.306127943e-02 -3.157892264e-03 -1.110894326e-02
    endloop
  endfacet
  facet normal -2.684237808e-02 8.637314290e-02 9.959011674e-01
    outer loop
      vertex 1.330004539e-02 -3.081393195e-03 -1.112082414e-02
      vertex 1.837065443e-02 -3.151078708e-03 -1.097811386e-02
      vertex 1.349992305e-02 -3.501902800e-03 -1.107896678e-02
    endloop
  endfacet
  facet normal 8.347883821e-02 3.586227000e-01 9.297425151e-01
    outer loop
      vertex 1.306138560e-02 -4.321239423e-03 -1.083650626e-02
      vertex 1.140002441e-02 -4.054372199e-03 -1.079027541e-02
      vertex 1.306139678e-02 -3.936612979e-03 -1.098486595e-02
    endloop
  endfacet
  facet normal 9.992643446e-02 4.701842368e-01 8.768931031e-01
    outer loop
      vertex 1.306138560e-02 -4.321239423e-03 -1.083650626e-02
      vertex 1.306139119e-02 -4.686030094e-03 -1.064090803e-02
      vertex 1.140002441e-02 -4.054372199e-03 -1.079027541e-02
    endloop
  endfacet
  facet normal 2.186473086e-02 4.724390805e-01 8.810920119e-01
    outer loop
      vertex 1.306138560e-02 -4.321239423e-03 -1.083650626e-02
      vertex 1.330005657e-02 -4.725079052e-03 -1.062589325e-02
      vertex 1.306139119e-02 -4.686030094e-03 -1.064090803e-02
    endloop
  endfacet
  facet normal -2.491549402e-02 5.492835641e-01 8.352645040e-01
    outer loop
      vertex 1.856497861e-02 -4.712301772e-03 -1.047724485e-02
      vertex 1.864549518e-02 -5.173009355e-03 -1.017187349e-02
      vertex 1.330005657e-02 -4.725079052e-03 -1.062589325e-02
    endloop
  endfacet
  facet normal -5.311794207e-02 4.439189732e-01 8.944911957e-01
    outer loop
      vertex 1.856497861e-02 -4.712301772e-03 -1.047724485e-02
      vertex 1.849341765e-02 -4.213837441e-03 -1.072887331e-02
      vertex 2.400976233e-02 -4.780477844e-03 -1.012008172e-02
    endloop
  endfacet
  facet normal -5.923411250e-02 3.122800887e-01 9.481416941e-01
    outer loop
      vertex 1.849341765e-02 -4.213837441e-03 -1.072887331e-02
      vertex 2.379954606e-02 -3.754365956e-03 -1.054870803e-02
      vertex 2.389885671e-02 -4.281186499e-03 -1.036898978e-02
    endloop
  endfacet
  facet normal -5.438444391e-02 4.357944429e-01 8.984016180e-01
    outer loop
      vertex 1.849341765e-02 -4.213837441e-03 -1.072887331e-02
      vertex 2.389885671e-02 -4.281186499e-03 -1.036898978e-02
      vertex 2.400976233e-02 -4.780477844e-03 -1.012008172e-02
    endloop
  endfacet
  facet normal 8.106344193e-02 -5.610873699e-01 8.237776160e-01
    outer loop
      vertex 1.329945493e-02 4.782104865e-03 -1.060272660e-02
      vertex 1.304913312e-02 4.606000148e-03 -1.069804095e-02
      vertex 1.140002441e-02 4.761971999e-03 -1.042952668e-02
    endloop
  endfacet
  facet normal -1.476197690e-01 -2.584523559e-01 9.546784163e-01
    outer loop
      vertex 4.769523814e-02 7.424999960e-03 -7.092319429e-03
      vertex 4.847935960e-02 7.424999960e-03 -6.971071940e-03
      vertex 4.770242795e-02 7.149999961e-03 -7.165654097e-03
    endloop
  endfacet
  facet normal -1.081381738e-01 -7.065563798e-01 6.993456483e-01
    outer loop
      vertex 4.769523814e-02 7.424999960e-03 -7.092319429e-03
      vertex 4.767559841e-02 7.626314182e-03 -6.891965866e-03
      vertex 4.843756929e-02 7.626314182e-03 -6.774143782e-03
    endloop
  endfacet
  facet normal -1.081395447e-01 -7.065535784e-01 6.993480921e-01
    outer loop
      vertex 4.769523814e-02 7.424999960e-03 -7.092319429e-03
      vertex 4.843756929e-02 7.626314182e-03 -6.774143782e-03
      vertex 4.847935960e-02 7.424999960e-03 -6.971071940e-03
    endloop
  endfacet
  facet normal -4.293078091e-03 -8.224007487e-01 5.688924193e-01
    outer loop
      vertex 1.349973213e-02 6.601779256e-03 -8.724349551e-03
      vertex 1.905989647e-02 6.668992806e-03 -8.585224859e-03
      vertex 1.329999976e-02 6.344513502e-03 -9.097766131e-03
    endloop
  endfacet
  facet normal -4.102876876e-03 -8.263216019e-01 5.631836653e-01
    outer loop
      vertex 1.349973213e-02 6.601779256e-03 -8.724349551e-03
      vertex 4.699999839e-02 8.633012883e-03 -5.499999970e-03
      vertex 1.905989647e-02 6.668992806e-03 -8.585224859e-03
    endloop
  endfacet
  facet normal 6.004142342e-04 -8.489053845e-01 5.285443664e-01
    outer loop
      vertex 1.349973213e-02 6.601779256e-03 -8.724349551e-03
      vertex 1.329990197e-02 6.839839276e-03 -8.341769688e-03
      vertex 4.699999839e-02 8.633012883e-03 -5.499999970e-03
    endloop
  endfacet
  facet normal -9.253820404e-03 -7.921446562e-01 6.102632880e-01
    outer loop
      vertex 1.329999976e-02 6.344513502e-03 -9.097766131e-03
      vertex 4.690525308e-02 7.626314182e-03 -6.924351677e-03
      vertex 1.349981129e-02 6.129978690e-03 -9.373212233e-03
    endloop
  endfacet
  facet normal -8.210045286e-03 -8.006222248e-01 5.991132259e-01
    outer loop
      vertex 1.329999976e-02 6.344513502e-03 -9.097766131e-03
      vertex 1.905989647e-02 6.668992806e-03 -8.585224859e-03
      vertex 4.690525308e-02 7.626314182e-03 -6.924351677e-03
    endloop
  endfacet
  facet normal 1.801400073e-02 -7.824326754e-01 6.224746704e-01
    outer loop
      vertex 1.329999976e-02 6.344513502e-03 -9.097766131e-03
      vertex 1.349981129e-02 6.129978690e-03 -9.373212233e-03
      vertex 1.306139585e-02 6.180773955e-03 -9.296677075e-03
    endloop
  endfacet
  facet normal 3.561482206e-02 -6.961030364e-01 7.170580626e-01
    outer loop
      vertex 1.330004539e-02 5.806416273e-03 -9.748161770e-03
      vertex 1.305806916e-02 5.409458186e-03 -1.012149546e-02
      vertex 1.308107842e-02 5.802043714e-03 -9.741530754e-03
    endloop
  endfacet
  facet normal -1.025326177e-02 -7.543317080e-01 6.564132571e-01
    outer loop
      vertex 1.330004539e-02 5.806416273e-03 -9.748161770e-03
      vertex 1.349981129e-02 6.129978690e-03 -9.373212233e-03
      vertex 1.883458160e-02 6.004350726e-03 -9.434251115e-03
    endloop
  endfacet
  facet normal 3.482699394e-02 -7.602022290e-01 6.487523913e-01
    outer loop
      vertex 1.330004539e-02 5.806416273e-03 -9.748161770e-03
      vertex 1.308107842e-02 5.802043714e-03 -9.741530754e-03
      vertex 1.306139585e-02 6.180773955e-03 -9.296677075e-03
    endloop
  endfacet
  facet normal 2.429079264e-02 -7.632233500e-01 6.456779242e-01
    outer loop
      vertex 1.330004539e-02 5.806416273e-03 -9.748161770e-03
      vertex 1.306139585e-02 6.180773955e-03 -9.296677075e-03
      vertex 1.349981129e-02 6.129978690e-03 -9.373212233e-03
    endloop
  endfacet
  facet normal 1.008914411e-01 -1.602296978e-01 9.819099903e-01
    outer loop
      vertex 1.304913592e-02 3.920323681e-03 -1.099427603e-02
      vertex 1.140002441e-02 3.120528534e-03 -1.095534302e-02
      vertex 1.140002441e-02 3.870703978e-03 -1.083292812e-02
    endloop
  endfacet
  facet normal 1.008913890e-01 -1.602358520e-01 9.819090366e-01
    outer loop
      vertex 1.304913592e-02 3.920323681e-03 -1.099427603e-02
      vertex 1.140002441e-02 3.870703978e-03 -1.083292812e-02
      vertex 1.140002441e-02 4.026255570e-03 -1.080754399e-02
    endloop
  endfacet
  facet normal -1.145080663e-02 -3.694665432e-01 -9.291735291e-01
    outer loop
      vertex 2.906825952e-02 6.183806341e-03 9.980712086e-03
      vertex 2.135062218e-02 5.394783802e-03 1.038955990e-02
      vertex 2.906727791e-02 5.471192766e-03 1.026408002e-02
    endloop
  endfacet
  facet normal -1.197391283e-02 -3.694636226e-01 -9.291680455e-01
    outer loop
      vertex 2.906825952e-02 6.183806341e-03 9.980712086e-03
      vertex 2.906727791e-02 5.471192766e-03 1.026408002e-02
      vertex 3.656662256e-02 6.291492376e-03 9.841264226e-03
    endloop
  endfacet
  facet normal 9.925062954e-02 -2.860402763e-01 -9.530636072e-01
    outer loop
      vertex 1.286102645e-02 5.298140459e-03 1.045670640e-02
      vertex 1.140026003e-02 5.100249313e-03 1.036397647e-02
      vertex 1.284579094e-02 4.763821140e-03 1.061548386e-02
    endloop
  endfacet
  facet normal 1.032621935e-01 -3.211171627e-01 -9.413928986e-01
    outer loop
      vertex 1.286102645e-02 5.298140459e-03 1.045670640e-02
      vertex 1.140002348e-02 5.799340550e-03 1.012548432e-02
      vertex 1.140026003e-02 5.100249313e-03 1.036397647e-02
    endloop
  endfacet
  facet normal 1.006829739e-01 -3.273882866e-01 -9.395104647e-01
    outer loop
      vertex 1.286102645e-02 5.298140459e-03 1.045670640e-02
      vertex 1.324580051e-02 5.805301014e-03 1.032121293e-02
      vertex 1.140002348e-02 5.799340550e-03 1.012548432e-02
    endloop
  endfacet
  facet normal 1.768240146e-02 -9.027609974e-02 -9.957597852e-01
    outer loop
      vertex 1.354021952e-02 4.104642663e-03 1.075391285e-02
      vertex 1.332189795e-02 3.669091035e-03 1.078952197e-02
      vertex 1.372165885e-02 3.942413721e-03 1.077184360e-02
    endloop
  endfacet
  facet normal 2.031106129e-02 -9.157447517e-02 -9.955911040e-01
    outer loop
      vertex 1.354021952e-02 4.104642663e-03 1.075391285e-02
      vertex 1.332523022e-02 4.221765324e-03 1.073875558e-02
      vertex 1.332189795e-02 3.669091035e-03 1.078952197e-02
    endloop
  endfacet
  facet normal 3.945390228e-03 -6.379916519e-02 -9.979549646e-01
    outer loop
      vertex 1.397595461e-02 3.832369111e-03 1.078166813e-02
      vertex 1.332189795e-02 3.669091035e-03 1.078952197e-02
      vertex 1.430924237e-02 3.673857311e-03 1.079311874e-02
    endloop
  endfacet
  facet normal 6.500910502e-03 -7.400829345e-02 -9.972364902e-01
    outer loop
      vertex 1.397595461e-02 3.832369111e-03 1.078166813e-02
      vertex 1.372165885e-02 3.942413721e-03 1.077184360e-02
      vertex 1.332189795e-02 3.669091035e-03 1.078952197e-02
    endloop
  endfacet
  facet normal -1.083193626e-02 8.263175935e-02 -9.965212345e-01
    outer loop
      vertex 1.778232493e-02 -3.946166951e-03 1.073447056e-02
      vertex 2.005540952e-02 -3.969651647e-03 1.070781332e-02
      vertex 1.529543474e-02 -3.731529461e-03 1.077930257e-02
    endloop
  endfacet
  facet normal -1.009134110e-02 1.461014152e-01 -9.892181754e-01
    outer loop
      vertex 1.778232493e-02 -3.946166951e-03 1.073447056e-02
      vertex 1.424284838e-02 -4.182661418e-03 1.073564962e-02
      vertex 2.005540952e-02 -3.969651647e-03 1.070781332e-02
    endloop
  endfacet
  facet normal 6.719700992e-02 -9.933894873e-01 9.306887537e-02
    outer loop
      vertex 1.306071412e-02 9.017171338e-03 -3.490952076e-04
      vertex 1.305853855e-02 9.146301076e-03 1.030755928e-03
      vertex 1.322470699e-02 9.155071341e-03 1.004391699e-03
    endloop
  endfacet
  facet normal 9.806570411e-02 -9.908362031e-01 9.287965298e-02
    outer loop
      vertex 1.306071412e-02 9.017171338e-03 -3.490952076e-04
      vertex 1.140002441e-02 8.899581619e-03 1.498797938e-04
      vertex 1.305853855e-02 9.146301076e-03 1.030755928e-03
    endloop
  endfacet
  facet normal 1.062451527e-01 -9.869480133e-01 1.210191622e-01
    outer loop
      vertex 1.306071412e-02 9.017171338e-03 -3.490952076e-04
      vertex 1.306158211e-02 8.848051541e-03 -1.729090698e-03
      vertex 1.140002441e-02 8.899581619e-03 1.498797938e-04
    endloop
  endfacet
  facet normal 1.019996703e-01 -9.909919500e-01 8.678160608e-02
    outer loop
      vertex 1.256815903e-02 9.107162245e-03 1.147347852e-03
      vertex 1.140002441e-02 8.899581619e-03 1.498797938e-04
      vertex 1.140002441e-02 8.975922130e-03 1.021642704e-03
    endloop
  endfacet
  facet normal 1.002214327e-01 -9.909892082e-01 8.885931224e-02
    outer loop
      vertex 1.256815903e-02 9.107162245e-03 1.147347852e-03
      vertex 1.305853855e-02 9.146301076e-03 1.030755928e-03
      vertex 1.140002441e-02 8.899581619e-03 1.498797938e-04
    endloop
  endfacet
  facet normal 2.358001284e-02 -9.889664054e-01 1.462511867e-01
    outer loop
      vertex 1.350000128e-02 8.852580562e-03 -1.769151655e-03
      vertex 1.329972502e-02 8.722576313e-03 -2.615960082e-03
      vertex 1.306158211e-02 8.848051541e-03 -1.729090698e-03
    endloop
  endfacet
  facet normal 1.099872217e-02 -9.887467027e-01 1.491941214e-01
    outer loop
      vertex 1.350000128e-02 8.852580562e-03 -1.769151655e-03
      vertex 4.699999839e-02 8.700000122e-03 -5.249999929e-03
      vertex 1.329972502e-02 8.722576313e-03 -2.615960082e-03
    endloop
  endfacet
  facet normal 4.916287214e-02 -8.860591650e-01 4.609578252e-01
    outer loop
      vertex 1.350001898e-02 7.075231057e-03 -7.916943170e-03
      vertex 1.306136139e-02 7.311508525e-03 -7.415978704e-03
      vertex 1.330002956e-02 7.321417797e-03 -7.422387134e-03
    endloop
  endfacet
  facet normal 5.411789566e-02 -8.840084076e-01 4.643278420e-01
    outer loop
      vertex 1.350001898e-02 7.075231057e-03 -7.916943170e-03
      vertex 1.329990197e-02 6.839839276e-03 -8.341769688e-03
      vertex 1.306136139e-02 7.311508525e-03 -7.415978704e-03
    endloop
  endfacet
  facet normal 5.915934220e-03 -8.758651614e-01 4.825195968e-01
    outer loop
      vertex 1.350001898e-02 7.075231057e-03 -7.916943170e-03
      vertex 4.699999839e-02 8.633012883e-03 -5.499999970e-03
      vertex 1.329990197e-02 6.839839276e-03 -8.341769688e-03
    endloop
  endfacet
  facet normal 9.192719124e-03 -8.936899900e-01 4.485908151e-01
    outer loop
      vertex 1.350001898e-02 7.075231057e-03 -7.916943170e-03
      vertex 1.330002956e-02 7.321417797e-03 -7.422387134e-03
      vertex 4.699999839e-02 8.633012883e-03 -5.499999970e-03
    endloop
  endfacet
  facet normal -1.264022570e-02 -9.925042987e-01 -1.215543970e-01
    outer loop
      vertex 3.718985990e-02 8.990126662e-03 5.572791677e-03
      vertex 1.874808967e-02 9.181740694e-03 5.925976206e-03
      vertex 3.985158354e-02 8.930297568e-03 5.784517620e-03
    endloop
  endfacet
  facet normal -1.259086654e-02 -9.928393960e-01 -1.187915057e-01
    outer loop
      vertex 3.718985990e-02 8.990126662e-03 5.572791677e-03
      vertex 1.873116940e-02 9.289479814e-03 5.027313251e-03
      vertex 1.874808967e-02 9.181740694e-03 5.925976206e-03
    endloop
  endfacet
  facet normal -3.494117782e-02 -9.945663214e-01 -9.806516767e-02
    outer loop
      vertex 4.497850686e-02 8.732196875e-03 5.966877099e-03
      vertex 4.879560694e-02 8.700000122e-03 4.933386110e-03
      vertex 3.985158354e-02 8.930297568e-03 5.784517620e-03
    endloop
  endfacet
  facet normal -3.500513360e-02 -9.945403337e-01 -9.830705076e-02
    outer loop
      vertex 4.497850686e-02 8.732196875e-03 5.966877099e-03
      vertex 4.699998721e-02 8.628117852e-03 6.300005596e-03
      vertex 4.879560694e-02 8.700000122e-03 4.933386110e-03
    endloop
  endfacet
  facet normal -3.490978479e-02 -9.944866300e-01 -9.888137132e-02
    outer loop
      vertex 4.497850686e-02 8.732196875e-03 5.966877099e-03
      vertex 3.985158354e-02 8.930297568e-03 5.784517620e-03
      vertex 4.699998721e-02 8.628117852e-03 6.300005596e-03
    endloop
  endfacet
  facet normal -7.342257351e-02 -8.499709368e-01 -5.216882229e-01
    outer loop
      vertex 4.699998721e-02 7.830428891e-03 8.038224652e-03
      vertex 4.699998721e-02 7.976243272e-03 7.800653577e-03
      vertex 4.354525357e-02 7.862964645e-03 8.471436799e-03
    endloop
  endfacet
  facet normal -7.342258096e-02 -8.499712348e-01 -5.216877460e-01
    outer loop
      vertex 4.699998721e-02 7.830428891e-03 8.038224652e-03
      vertex 4.354525357e-02 7.862964645e-03 8.471436799e-03
      vertex 4.699998721e-02 7.677109912e-03 8.288022131e-03
    endloop
  endfacet
  facet normal -3.347347081e-01 -8.031110764e-01 -4.929151833e-01
    outer loop
      vertex 4.699998721e-02 7.830428891e-03 8.038224652e-03
      vertex 5.087086931e-02 7.626314182e-03 5.742125213e-03
      vertex 4.699998721e-02 7.976243272e-03 7.800653577e-03
    endloop
  endfacet
  facet normal -3.347408473e-01 -8.030968308e-01 -4.929341376e-01
    outer loop
      vertex 4.699998721e-02 7.830428891e-03 8.038224652e-03
      vertex 4.699998721e-02 7.677109912e-03 8.288022131e-03
      vertex 5.087086931e-02 7.626314182e-03 5.742125213e-03
    endloop
  endfacet
  facet normal -2.088087797e-01 -9.025737643e-01 -3.765097857e-01
    outer loop
      vertex 4.699998721e-02 8.323301561e-03 7.030715700e-03
      vertex 4.975000024e-02 8.633012883e-03 4.763139877e-03
      vertex 4.699998721e-02 8.628117852e-03 6.300005596e-03
    endloop
  endfacet
  facet normal -6.410483271e-02 -8.759679198e-01 -4.780907333e-01
    outer loop
      vertex 4.354525357e-02 7.862964645e-03 8.471436799e-03
      vertex 4.699998721e-02 7.976243272e-03 7.800653577e-03
      vertex 4.312248155e-02 8.029000834e-03 8.223908022e-03
    endloop
  endfacet
  facet normal -7.825758308e-03 -7.637748122e-01 -6.454352140e-01
    outer loop
      vertex 4.324896634e-02 7.647485007e-03 8.771937340e-03
      vertex 4.296455160e-02 7.757891901e-03 8.644736372e-03
      vertex 1.320181787e-02 7.868929766e-03 8.874206804e-03
    endloop
  endfacet
  facet normal 9.470593184e-02 -5.058892369e-01 -8.573837876e-01
    outer loop
      vertex 1.319574751e-02 6.862690207e-03 9.759753011e-03
      vertex 1.140002441e-02 6.762981880e-03 9.620229714e-03
      vertex 1.319269836e-02 6.287862081e-03 1.009858679e-02
    endloop
  endfacet
  facet normal 9.501329809e-02 -6.056742668e-01 -7.900196314e-01
    outer loop
      vertex 1.319574751e-02 6.862690207e-03 9.759753011e-03
      vertex 1.319886465e-02 7.394891698e-03 9.352112189e-03
      vertex 1.140002441e-02 6.762981880e-03 9.620229714e-03
    endloop
  endfacet
  facet normal 1.202574968e-01 -9.848296642e-01 -1.250948310e-01
    outer loop
      vertex 1.304023247e-02 9.206810035e-03 5.865026731e-03
      vertex 1.255375426e-02 9.200204164e-03 5.449380260e-03
      vertex 1.140002441e-02 8.964562789e-03 6.195363123e-03
    endloop
  endfacet
  facet normal -2.258300409e-02 -9.997266531e-01 6.050216965e-03
    outer loop
      vertex 5.193338543e-02 8.700000122e-03 -1.795605756e-03
      vertex 3.863803670e-02 9.038266726e-03 4.471672699e-03
      vertex 5.217023939e-02 8.700000122e-03 -9.116529254e-04
    endloop
  endfacet
  facet normal -2.085226402e-02 -9.997353554e-01 9.723284282e-03
    outer loop
      vertex 5.193338543e-02 8.700000122e-03 -1.795605756e-03
      vertex 5.154663324e-02 8.700000122e-03 -2.624999965e-03
      vertex 3.863803670e-02 9.038266726e-03 4.471672699e-03
    endloop
  endfacet
  facet normal -2.353990823e-01 -9.656795859e-01 1.097737998e-01
    outer loop
      vertex 5.193338543e-02 8.700000122e-03 -1.795605756e-03
      vertex 5.216830969e-02 8.633012883e-03 -1.881110831e-03
      vertex 5.154663324e-02 8.700000122e-03 -2.624999965e-03
    endloop
  endfacet
  facet normal -2.508888841e-01 -9.656787515e-01 6.722614169e-02
    outer loop
      vertex 5.193338543e-02 8.700000122e-03 -1.795605756e-03
      vertex 5.241644382e-02 8.633012883e-03 -9.550649556e-04
      vertex 5.216830969e-02 8.633012883e-03 -1.881110831e-03
    endloop
  endfacet
  facet normal -2.508926094e-01 -9.656776786e-01 6.722606719e-02
    outer loop
      vertex 5.193338543e-02 8.700000122e-03 -1.795605756e-03
      vertex 5.217023939e-02 8.700000122e-03 -9.116529254e-04
      vertex 5.241644382e-02 8.633012883e-03 -9.550649556e-04
    endloop
  endfacet
  facet normal -2.587527037e-01 -9.656782150e-01 2.263781056e-02
    outer loop
      vertex 5.225000158e-02 8.700000122e-03 3.035766083e-18
      vertex 5.241644382e-02 8.633012883e-03 -9.550649556e-04
      vertex 5.217023939e-02 8.700000122e-03 -9.116529254e-04
    endloop
  endfacet
  facet normal -2.587582469e-01 -9.656768441e-01 2.263649926e-02
    outer loop
      vertex 5.225000158e-02 8.700000122e-03 3.035766083e-18
      vertex 5.249999836e-02 8.633012883e-03 3.035766083e-18
      vertex 5.241644382e-02 8.633012883e-03 -9.550649556e-04
    endloop
  endfacet
  facet normal -2.587582469e-01 -9.656768441e-01 -2.263649926e-02
    outer loop
      vertex 5.225000158e-02 8.700000122e-03 3.035766083e-18
      vertex 5.241644382e-02 8.633012883e-03 9.550649556e-04
      vertex 5.249999836e-02 8.633012883e-03 3.035766083e-18
    endloop
  endfacet
  facet normal -2.414930612e-02 -9.997060895e-01 2.113878261e-03
    outer loop
      vertex 5.225000158e-02 8.700000122e-03 3.035766083e-18
      vertex 5.217023939e-02 8.700000122e-03 -9.116529254e-04
      vertex 3.863803670e-02 9.038266726e-03 4.471672699e-03
    endloop
  endfacet
  facet normal -2.127635032e-01 -9.656792879e-01 1.489811093e-01
    outer loop
      vertex 5.154663324e-02 8.700000122e-03 -2.624999965e-03
      vertex 5.121324584e-02 8.633012883e-03 -3.535331925e-03
      vertex 5.102173239e-02 8.700000122e-03 -3.374635009e-03
    endloop
  endfacet
  facet normal -2.127721161e-01 -9.656770825e-01 1.489825100e-01
    outer loop
      vertex 5.154663324e-02 8.700000122e-03 -2.624999965e-03
      vertex 5.176313967e-02 8.633012883e-03 -2.749999985e-03
      vertex 5.121324584e-02 8.633012883e-03 -3.535331925e-03
    endloop
  endfacet
  facet normal -2.354104519e-01 -9.656770825e-01 1.097716466e-01
    outer loop
      vertex 5.154663324e-02 8.700000122e-03 -2.624999965e-03
      vertex 5.216830969e-02 8.633012883e-03 -1.881110831e-03
      vertex 5.176313967e-02 8.633012883e-03 -2.749999985e-03
    endloop
  endfacet
  facet normal -1.891604811e-02 -9.997333288e-01 1.324562728e-02
    outer loop
      vertex 5.154663324e-02 8.700000122e-03 -2.624999965e-03
      vertex 5.102173239e-02 8.700000122e-03 -3.374635009e-03
      vertex 3.863803670e-02 9.038266726e-03 4.471672699e-03
    endloop
  endfacet
  facet normal -2.354008853e-01 -9.656792879e-01 -1.097727120e-01
    outer loop
      vertex 5.154663324e-02 8.700000122e-03 2.624999965e-03
      vertex 5.216830969e-02 8.633012883e-03 1.881110831e-03
      vertex 5.193338543e-02 8.700000122e-03 1.795605756e-03
    endloop
  endfacet
  facet normal -2.354104519e-01 -9.656770825e-01 -1.097716466e-01
    outer loop
      vertex 5.154663324e-02 8.700000122e-03 2.624999965e-03
      vertex 5.176313967e-02 8.633012883e-03 2.749999985e-03
      vertex 5.216830969e-02 8.633012883e-03 1.881110831e-03
    endloop
  endfacet
  facet normal -2.821685560e-02 -9.995152354e-01 -1.315746922e-02
    outer loop
      vertex 5.154663324e-02 8.700000122e-03 2.624999965e-03
      vertex 5.193338543e-02 8.700000122e-03 1.795605756e-03
      vertex 3.909983486e-02 9.021707810e-03 4.879062995e-03
    endloop
  endfacet
  facet normal -2.127721161e-01 -9.656770825e-01 -1.489825100e-01
    outer loop
      vertex 5.154663324e-02 8.700000122e-03 2.624999965e-03
      vertex 5.121324584e-02 8.633012883e-03 3.535331925e-03
      vertex 5.176313967e-02 8.633012883e-03 2.749999985e-03
    endloop
  endfacet
  facet normal -9.528907537e-01 2.938959301e-01 -7.499555498e-02
    outer loop
      vertex 5.412534997e-02 -7.462826557e-03 -1.734723476e-18
      vertex 5.411085859e-02 -7.222405635e-03 1.126249554e-03
      vertex 5.403762311e-02 -7.462826557e-03 1.114650164e-03
    endloop
  endfacet
  facet normal -9.528908730e-01 2.938953042e-01 -7.499572635e-02
    outer loop
      vertex 5.412534997e-02 -7.462826557e-03 -1.734723476e-18
      vertex 5.419949815e-02 -7.222405635e-03 -1.734723476e-18
      vertex 5.411085859e-02 -7.222405635e-03 1.126249554e-03
    endloop
  endfacet
  facet normal -5.336274505e-01 7.799409032e-01 -3.270075917e-01
    outer loop
      vertex 5.208967626e-02 -8.633012883e-03 2.566161333e-03
      vertex 5.318670720e-02 -7.636699826e-03 3.152284073e-03
      vertex 5.261741206e-02 -7.636699826e-03 4.081288353e-03
    endloop
  endfacet
  facet normal -5.323685408e-01 7.804721594e-01 -3.277909756e-01
    outer loop
      vertex 5.208967626e-02 -8.633012883e-03 2.566161333e-03
      vertex 5.261741206e-02 -7.636699826e-03 4.081288353e-03
      vertex 5.158278346e-02 -8.633012883e-03 3.389409045e-03
    endloop
  endfacet
  facet normal -2.409664094e-01 9.656912684e-01 -9.682811797e-02
    outer loop
      vertex 5.208967626e-02 -8.633012883e-03 2.566161333e-03
      vertex 5.186644569e-02 -8.700000122e-03 2.453610301e-03
      vertex 5.221110955e-02 -8.700000122e-03 1.595884096e-03
    endloop
  endfacet
  facet normal -2.409608811e-01 9.656929970e-01 -9.682422131e-02
    outer loop
      vertex 5.208967626e-02 -8.633012883e-03 2.566161333e-03
      vertex 5.221110955e-02 -8.700000122e-03 1.595884096e-03
      vertex 5.245015025e-02 -8.633012883e-03 1.669089776e-03
    endloop
  endfacet
  facet normal -5.901871324e-01 7.217170596e-01 -3.616676927e-01
    outer loop
      vertex 5.261741206e-02 -7.636699826e-03 4.081288353e-03
      vertex 5.318670720e-02 -7.636699826e-03 3.152284073e-03
      vertex 5.276452750e-02 -7.462826557e-03 4.188175313e-03
    endloop
  endfacet
  facet normal -5.263633728e-01 7.216933966e-01 -4.495557547e-01
    outer loop
      vertex 5.261741206e-02 -7.636699826e-03 4.081288353e-03
      vertex 5.276452750e-02 -7.462826557e-03 4.188175313e-03
      vertex 5.203838274e-02 -7.462826557e-03 5.038382951e-03
    endloop
  endfacet
  facet normal -3.905996382e-01 7.832105756e-01 -4.837491512e-01
    outer loop
      vertex 5.094405264e-02 -8.633012883e-03 4.115149844e-03
      vertex 5.108128861e-02 -7.636699826e-03 5.617411342e-03
      vertex 5.019185692e-02 -8.633012883e-03 4.722504877e-03
    endloop
  endfacet
  facet normal -2.830605023e-02 9.990441799e-01 -3.330908716e-02
    outer loop
      vertex 5.077106506e-02 -8.700000122e-03 3.934660926e-03
      vertex 3.938763961e-02 -8.981878869e-03 5.153837614e-03
      vertex 3.881825507e-02 -9.009888396e-03 4.797600675e-03
    endloop
  endfacet
  facet normal -2.538585961e-01 9.656927586e-01 -5.471125990e-02
    outer loop
      vertex 5.265383422e-02 -8.633012883e-03 7.240015548e-04
      vertex 5.245015025e-02 -8.633012883e-03 1.669089776e-03
      vertex 5.221110955e-02 -8.700000122e-03 1.595884096e-03
    endloop
  endfacet
  facet normal -2.538642883e-01 9.656912684e-01 -5.471147969e-02
    outer loop
      vertex 5.265383422e-02 -8.633012883e-03 7.240015548e-04
      vertex 5.221110955e-02 -8.700000122e-03 1.595884096e-03
      vertex 5.240585655e-02 -8.700000122e-03 6.922471221e-04
    endloop
  endfacet
  facet normal -6.082668304e-01 7.828322649e-01 -1.310920715e-01
    outer loop
      vertex 5.265383422e-02 -8.633012883e-03 7.240015548e-04
      vertex 5.385801569e-02 -7.636699826e-03 1.086203032e-03
      vertex 5.245015025e-02 -8.633012883e-03 1.669089776e-03
    endloop
  endfacet
  facet normal -2.558750845e-02 9.996196628e-01 -1.028230879e-02
    outer loop
      vertex 5.221110955e-02 -8.700000122e-03 1.595884096e-03
      vertex 5.186644569e-02 -8.700000122e-03 2.453610301e-03
      vertex 3.881825507e-02 -9.009888396e-03 4.797600675e-03
    endloop
  endfacet
  facet normal -2.446270920e-02 9.996868372e-01 -5.271133501e-03
    outer loop
      vertex 5.221110955e-02 -8.700000122e-03 1.595884096e-03
      vertex 3.873718530e-02 -9.015832096e-03 4.227757454e-03
      vertex 5.240585655e-02 -8.700000122e-03 6.922471221e-04
    endloop
  endfacet
  facet normal -2.478066832e-02 9.996691346e-01 -6.902534049e-03
    outer loop
      vertex 5.221110955e-02 -8.700000122e-03 1.595884096e-03
      vertex 3.881825507e-02 -9.009888396e-03 4.797600675e-03
      vertex 3.873718530e-02 -9.015832096e-03 4.227757454e-03
    endloop
  endfacet
  facet normal -2.483125031e-01 9.656903744e-01 7.604669034e-02
    outer loop
      vertex 5.232767761e-02 -8.700000122e-03 -1.148201991e-03
      vertex 5.205699429e-02 -8.700000122e-03 -2.032067860e-03
      vertex 5.228896812e-02 -8.633012883e-03 -2.125281841e-03
    endloop
  endfacet
  facet normal -2.483077198e-01 9.656920433e-01 7.604143023e-02
    outer loop
      vertex 5.232767761e-02 -8.700000122e-03 -1.148201991e-03
      vertex 5.228896812e-02 -8.633012883e-03 -2.125281841e-03
      vertex 5.257206410e-02 -8.633012883e-03 -1.200871891e-03
    endloop
  endfacet
  facet normal -2.575875223e-01 9.656918049e-01 3.298604488e-02
    outer loop
      vertex 5.232767761e-02 -8.700000122e-03 -1.148201991e-03
      vertex 5.257206410e-02 -8.633012883e-03 -1.200871891e-03
      vertex 5.269486457e-02 -8.633012883e-03 -2.419148514e-04
    endloop
  endfacet
  facet normal -2.072320692e-02 9.997650385e-01 6.346620619e-03
    outer loop
      vertex 5.232767761e-02 -8.700000122e-03 -1.148201991e-03
      vertex 3.873718530e-02 -9.015832096e-03 4.227757454e-03
      vertex 5.205699429e-02 -8.700000122e-03 -2.032067860e-03
    endloop
  endfacet
  facet normal -6.730626225e-01 7.217175961e-01 -1.615875810e-01
    outer loop
      vertex 5.385801569e-02 -7.636699826e-03 1.086203032e-03
      vertex 5.403762311e-02 -7.462826557e-03 1.114650164e-03
      vertex 5.377661064e-02 -7.462826557e-03 2.201854018e-03
    endloop
  endfacet
  facet normal -5.902088284e-01 7.216923237e-01 -3.616816700e-01
    outer loop
      vertex 5.318670720e-02 -7.636699826e-03 3.152284073e-03
      vertex 5.334873125e-02 -7.462826557e-03 3.234840930e-03
      vertex 5.276452750e-02 -7.462826557e-03 4.188175313e-03
    endloop
  endfacet
  facet normal -6.395093799e-01 7.217047811e-01 -2.648961544e-01
    outer loop
      vertex 5.318670720e-02 -7.636699826e-03 3.152284073e-03
      vertex 5.377661064e-02 -7.462826557e-03 2.201854018e-03
      vertex 5.334873125e-02 -7.462826557e-03 3.234840930e-03
    endloop
  endfacet
  facet normal -7.431612015e-01 3.452375313e-05 -6.691123247e-01
    outer loop
      vertex 5.253639445e-02 -1.750000054e-03 4.834338557e-03
      vertex 5.355873331e-02 -3.812500043e-03 3.698754124e-03
      vertex 5.239546299e-02 3.500000108e-03 4.991139751e-03
    endloop
  endfacet
  facet normal -7.314322591e-01 1.283071376e-02 -6.817934513e-01
    outer loop
      vertex 5.253639445e-02 -1.750000054e-03 4.834338557e-03
      vertex 5.160701275e-02 -2.150158398e-03 5.823854823e-03
      vertex 5.355873331e-02 -3.812500043e-03 3.698754124e-03
    endloop
  endfacet
  facet normal -7.290832400e-01 8.697183221e-04 -6.844243407e-01
    outer loop
      vertex 5.253639445e-02 -1.750000054e-03 4.834338557e-03
      vertex 5.239546299e-02 3.500000108e-03 4.991139751e-03
      vertex 5.160701275e-02 -2.150158398e-03 5.823854823e-03
    endloop
  endfacet
  facet normal -1.706914976e-02 3.367574811e-01 -9.414367080e-01
    outer loop
      vertex 4.397367686e-02 -6.070057396e-03 9.779159911e-03
      vertex 3.658226132e-02 -5.559299141e-03 1.009587385e-02
      vertex 3.656662256e-02 -6.271876395e-03 9.841264226e-03
    endloop
  endfacet
  facet normal -6.151309013e-01 1.790273935e-01 -7.678301334e-01
    outer loop
      vertex 4.699992016e-02 -5.627474282e-03 9.586625732e-03
      vertex 5.123175681e-02 -7.222405635e-03 5.824516062e-03
      vertex 4.699996486e-02 -5.189472344e-03 9.688710794e-03
    endloop
  endfacet
  facet normal -6.151368618e-01 1.789808422e-01 -7.678362727e-01
    outer loop
      vertex 4.699992016e-02 -5.627474282e-03 9.586625732e-03
      vertex 4.699989781e-02 -5.849868525e-03 9.534792043e-03
      vertex 5.123175681e-02 -7.222405635e-03 5.824516062e-03
    endloop
  endfacet
  facet normal -1.043801755e-01 2.257540822e-01 -9.685762525e-01
    outer loop
      vertex 4.699992016e-02 -5.627474282e-03 9.586625732e-03
      vertex 4.413945600e-02 -5.571058020e-03 9.908039123e-03
      vertex 4.699989781e-02 -5.849868525e-03 9.534792043e-03
    endloop
  endfacet
  facet normal -1.043798998e-01 2.257559597e-01 -9.685758352e-01
    outer loop
      vertex 4.699992016e-02 -5.627474282e-03 9.586625732e-03
      vertex 4.699996486e-02 -5.189472344e-03 9.688710794e-03
      vertex 4.413945600e-02 -5.571058020e-03 9.908039123e-03
    endloop
  endfacet
  facet normal -3.809419572e-01 7.224198580e-01 -5.770553350e-01
    outer loop
      vertex 5.118817464e-02 -7.462826557e-03 5.764528643e-03
      vertex 4.700010642e-02 -7.682409603e-03 8.254386485e-03
      vertex 5.108128861e-02 -7.636699826e-03 5.617411342e-03
    endloop
  endfacet
  facet normal -4.555182159e-01 5.725269914e-01 -6.817008257e-01
    outer loop
      vertex 5.118817464e-02 -7.462826557e-03 5.764528643e-03
      vertex 4.700002447e-02 -7.121036761e-03 8.850140497e-03
      vertex 4.700009525e-02 -7.332820445e-03 8.672226220e-03
    endloop
  endfacet
  facet normal -4.555195272e-01 5.725274086e-01 -6.816996336e-01
    outer loop
      vertex 5.118817464e-02 -7.462826557e-03 5.764528643e-03
      vertex 4.699994996e-02 -6.897650659e-03 9.037801065e-03
      vertex 4.700002447e-02 -7.121036761e-03 8.850140497e-03
    endloop
  endfacet
  facet normal -6.207653880e-01 2.939001322e-01 -7.268239260e-01
    outer loop
      vertex 5.118817464e-02 -7.462826557e-03 5.764528643e-03
      vertex 5.203838274e-02 -7.462826557e-03 5.038382951e-03
      vertex 5.123175681e-02 -7.222405635e-03 5.824516062e-03
    endloop
  endfacet
  facet normal -4.495478570e-01 7.217053175e-01 -5.263535380e-01
    outer loop
      vertex 5.118817464e-02 -7.462826557e-03 5.764528643e-03
      vertex 5.108128861e-02 -7.636699826e-03 5.617411342e-03
      vertex 5.203838274e-02 -7.462826557e-03 5.038382951e-03
    endloop
  endfacet
  facet normal -5.741535425e-01 2.946842909e-01 -7.638775706e-01
    outer loop
      vertex 5.118817464e-02 -7.462826557e-03 5.764528643e-03
      vertex 5.123175681e-02 -7.222405635e-03 5.824516062e-03
      vertex 4.699989781e-02 -5.849868525e-03 9.534792043e-03
    endloop
  endfacet
  facet normal -5.738093853e-01 2.954706848e-01 -7.638322711e-01
    outer loop
      vertex 5.118817464e-02 -7.462826557e-03 5.764528643e-03
      vertex 4.699989781e-02 -5.849868525e-03 9.534792043e-03
      vertex 4.699986801e-02 -6.421595812e-03 9.313656949e-03
    endloop
  endfacet
  facet normal -5.198902488e-01 4.282190800e-01 -7.391498685e-01
    outer loop
      vertex 5.118817464e-02 -7.462826557e-03 5.764528643e-03
      vertex 4.699986801e-02 -6.421595812e-03 9.313656949e-03
      vertex 4.699994996e-02 -6.897650659e-03 9.037801065e-03
    endloop
  endfacet
  facet normal -3.464961946e-01 7.788836360e-01 -5.227625370e-01
    outer loop
      vertex 5.108128861e-02 -7.636699826e-03 5.617411342e-03
      vertex 4.700010642e-02 -7.682409603e-03 8.254386485e-03
      vertex 5.019185692e-02 -8.633012883e-03 4.722504877e-03
    endloop
  endfacet
  facet normal 1.893376000e-02 9.581255913e-01 2.857218683e-01
    outer loop
      vertex 4.699999839e-02 -8.633012883e-03 -5.700000096e-03
      vertex 1.330027357e-02 -8.263450116e-03 -4.706109874e-03
      vertex 1.330005378e-02 -7.907695137e-03 -5.899070296e-03
    endloop
  endfacet
  facet normal 1.822295599e-02 9.657667279e-01 2.587713003e-01
    outer loop
      vertex 4.699999839e-02 -8.633012883e-03 -5.700000096e-03
      vertex 4.699999839e-02 -8.700000122e-03 -5.450000055e-03
      vertex 1.330027357e-02 -8.263450116e-03 -4.706109874e-03
    endloop
  endfacet
  facet normal 1.376206987e-02 9.015650153e-01 4.324247837e-01
    outer loop
      vertex 4.699999839e-02 -8.633012883e-03 -5.700000096e-03
      vertex 1.330004446e-02 -7.452157792e-03 -7.089427207e-03
      vertex 1.306136139e-02 -7.292217109e-03 -7.415283937e-03
    endloop
  endfacet
  facet normal -2.202298306e-02 9.656909704e-01 2.587584853e-01
    outer loop
      vertex 4.699999839e-02 -8.633012883e-03 -5.700000096e-03
      vertex 4.792105407e-02 -8.700000122e-03 -5.371606909e-03
      vertex 4.699999839e-02 -8.700000122e-03 -5.450000055e-03
    endloop
  endfacet
  facet normal -2.202397585e-02 9.656905532e-01 2.587599456e-01
    outer loop
      vertex 4.699999839e-02 -8.633012883e-03 -5.700000096e-03
      vertex 4.796330631e-02 -8.633012883e-03 -5.618010648e-03
      vertex 4.792105407e-02 -8.700000122e-03 -5.371606909e-03
    endloop
  endfacet
  facet normal -3.209985048e-02 6.323352456e-01 7.740295529e-01
    outer loop
      vertex 1.873521693e-02 -5.597488955e-03 -9.821379557e-03
      vertex 1.864549518e-02 -5.173009355e-03 -1.017187349e-02
      vertex 4.699999839e-02 -7.462826557e-03 -7.125349250e-03
    endloop
  endfacet
  facet normal -2.123364620e-02 7.041085958e-01 7.097748518e-01
    outer loop
      vertex 1.873521693e-02 -5.597488955e-03 -9.821379557e-03
      vertex 4.699999839e-02 -7.462826557e-03 -7.125349250e-03
      vertex 1.883457974e-02 -5.984734744e-03 -9.434251115e-03
    endloop
  endfacet
  facet normal -1.717326604e-02 6.441645622e-01 7.646942139e-01
    outer loop
      vertex 1.873521693e-02 -5.597488955e-03 -9.821379557e-03
      vertex 1.306136046e-02 -5.294728559e-03 -1.020384207e-02
      vertex 1.349996403e-02 -5.029282067e-03 -1.041759923e-02
    endloop
  endfacet
  facet normal -1.919877902e-02 6.341722608e-01 7.729534507e-01
    outer loop
      vertex 1.873521693e-02 -5.597488955e-03 -9.821379557e-03
      vertex 1.349996403e-02 -5.029282067e-03 -1.041759923e-02
      vertex 1.864549518e-02 -5.173009355e-03 -1.017187349e-02
    endloop
  endfacet
  facet normal -2.427199855e-02 5.538959503e-01 8.322320580e-01
    outer loop
      vertex 1.349996403e-02 -5.029282067e-03 -1.041759923e-02
      vertex 1.330005657e-02 -4.725079052e-03 -1.062589325e-02
      vertex 1.864549518e-02 -5.173009355e-03 -1.017187349e-02
    endloop
  endfacet
  facet normal 4.234578460e-02 5.832593441e-01 8.111814857e-01
    outer loop
      vertex 1.349996403e-02 -5.029282067e-03 -1.041759923e-02
      vertex 1.306136046e-02 -5.294728559e-03 -1.020384207e-02
      vertex 1.330005657e-02 -4.725079052e-03 -1.062589325e-02
    endloop
  endfacet
  facet normal 5.701104924e-02 7.589943409e-01 6.485964656e-01
    outer loop
      vertex 1.308107749e-02 -5.782436114e-03 -9.741538204e-03
      vertex 1.329999417e-02 -6.096059922e-03 -9.393774904e-03
      vertex 1.306139585e-02 -6.161679048e-03 -9.296013974e-03
    endloop
  endfacet
  facet normal 7.413490862e-02 9.549553394e-01 2.873401344e-01
    outer loop
      vertex 1.330005378e-02 -7.907695137e-03 -5.899070296e-03
      vertex 1.306143031e-02 -8.269057609e-03 -4.636552185e-03
      vertex 1.306139026e-02 -7.843729109e-03 -6.050078198e-03
    endloop
  endfacet
  facet normal 6.061361358e-02 9.565371275e-01 2.852413356e-01
    outer loop
      vertex 1.330005378e-02 -7.907695137e-03 -5.899070296e-03
      vertex 1.330027357e-02 -8.263450116e-03 -4.706109874e-03
      vertex 1.306143031e-02 -8.269057609e-03 -4.636552185e-03
    endloop
  endfacet
  facet normal 1.404767856e-02 9.863448739e-01 1.640926898e-01
    outer loop
      vertex 1.329999231e-02 -8.835529909e-03 -1.756884274e-03
      vertex 4.607894644e-02 -8.700000122e-03 -5.371606909e-03
      vertex 1.329999138e-02 -8.836141787e-03 -1.753212651e-03
    endloop
  endfacet
  facet normal 2.979920059e-02 9.861752391e-01 1.630041748e-01
    outer loop
      vertex 1.329999231e-02 -8.835529909e-03 -1.756884274e-03
      vertex 1.329999138e-02 -8.836141787e-03 -1.753212651e-03
      vertex 1.306149829e-02 -8.588874713e-03 -3.193575190e-03
    endloop
  endfacet
  facet normal 9.464073181e-02 9.824559093e-01 1.606964916e-01
    outer loop
      vertex 1.306158211e-02 -8.828510530e-03 -1.728557399e-03
      vertex 1.140002441e-02 -8.502110839e-03 -2.745517995e-03
      vertex 1.306149829e-02 -8.588874713e-03 -3.193575190e-03
    endloop
  endfacet
  facet normal 4.822681099e-02 9.857367873e-01 1.612366736e-01
    outer loop
      vertex 1.306158211e-02 -8.828510530e-03 -1.728557399e-03
      vertex 1.306149829e-02 -8.588874713e-03 -3.193575190e-03
      vertex 1.329999138e-02 -8.836141787e-03 -1.753212651e-03
    endloop
  endfacet
  facet normal 4.430844262e-02 9.915975928e-01 1.215358377e-01
    outer loop
      vertex 1.306158211e-02 -8.828510530e-03 -1.728557399e-03
      vertex 1.329999138e-02 -8.836141787e-03 -1.753212651e-03
      vertex 1.306071319e-02 -8.997603320e-03 -3.486354835e-04
    endloop
  endfacet
  facet normal 1.149098873e-01 9.850413203e-01 1.284112632e-01
    outer loop
      vertex 1.306158211e-02 -8.828510530e-03 -1.728557399e-03
      vertex 1.140002441e-02 -8.643044159e-03 -1.664408832e-03
      vertex 1.140002441e-02 -8.502110839e-03 -2.745517995e-03
    endloop
  endfacet
  facet normal 1.149098277e-01 9.850415587e-01 1.284088045e-01
    outer loop
      vertex 1.306158211e-02 -8.828510530e-03 -1.728557399e-03
      vertex 1.140002441e-02 -8.880928159e-03 1.604197896e-04
      vertex 1.140002441e-02 -8.643044159e-03 -1.664408832e-03
    endloop
  endfacet
  facet normal 1.064303219e-01 9.869298339e-01 1.210042238e-01
    outer loop
      vertex 1.306158211e-02 -8.828510530e-03 -1.728557399e-03
      vertex 1.306071319e-02 -8.997603320e-03 -3.486354835e-04
      vertex 1.140002441e-02 -8.880928159e-03 1.604197896e-04
    endloop
  endfacet
  facet normal 1.421753690e-02 9.858469367e-01 1.670439392e-01
    outer loop
      vertex 4.607894644e-02 -8.700000122e-03 -5.371606909e-03
      vertex 1.330029219e-02 -8.566085249e-03 -3.372060601e-03
      vertex 4.699999839e-02 -8.700000122e-03 -5.450000055e-03
    endloop
  endfacet
  facet normal 1.379993744e-02 9.866747260e-01 1.621188670e-01
    outer loop
      vertex 4.607894644e-02 -8.700000122e-03 -5.371606909e-03
      vertex 4.699999839e-02 -8.700000122e-03 -5.450000055e-03
      vertex 1.329999138e-02 -8.836141787e-03 -1.753212651e-03
    endloop
  endfacet
  facet normal 9.808235615e-02 9.908351302e-01 9.287449718e-02
    outer loop
      vertex 1.305853762e-02 -9.126721881e-03 1.031164546e-03
      vertex 1.140002441e-02 -8.880928159e-03 1.604197896e-04
      vertex 1.306071319e-02 -8.997603320e-03 -3.486354835e-04
    endloop
  endfacet
  facet normal 1.002212465e-01 9.909908175e-01 8.884172142e-02
    outer loop
      vertex 1.305853762e-02 -9.126721881e-03 1.031164546e-03
      vertex 1.256815810e-02 -9.087583050e-03 1.147772069e-03
      vertex 1.140002441e-02 -8.880928159e-03 1.604197896e-04
    endloop
  endfacet
  facet normal 9.861042351e-02 9.917570949e-01 8.181701601e-02
    outer loop
      vertex 1.305853762e-02 -9.126721881e-03 1.031164546e-03
      vertex 1.305507310e-02 -9.240242653e-03 2.411394147e-03
      vertex 1.256815810e-02 -9.087583050e-03 1.147772069e-03
    endloop
  endfacet
  facet normal 5.738247558e-02 9.940012097e-01 9.310615808e-02
    outer loop
      vertex 1.305853762e-02 -9.126721881e-03 1.031164546e-03
      vertex 1.306071319e-02 -8.997603320e-03 -3.486354835e-04
      vertex 1.330004074e-02 -9.068644606e-03 2.622955653e-04
    endloop
  endfacet
  facet normal 3.893728182e-02 9.954104424e-01 8.741910756e-02
    outer loop
      vertex 1.305853762e-02 -9.126721881e-03 1.031164546e-03
      vertex 1.330004074e-02 -9.068644606e-03 2.622955653e-04
      vertex 1.335011236e-02 -9.192486294e-03 1.650127466e-03
    endloop
  endfacet
  facet normal 5.044599250e-02 9.953553081e-01 8.199346066e-02
    outer loop
      vertex 1.305853762e-02 -9.126721881e-03 1.031164546e-03
      vertex 1.335011236e-02 -9.192486294e-03 1.650127466e-03
      vertex 1.305507310e-02 -9.240242653e-03 2.411394147e-03
    endloop
  endfacet
  facet normal -5.921847820e-01 7.851293087e-01 1.813538969e-01
    outer loop
      vertex 5.228896812e-02 -8.633012883e-03 -2.125281841e-03
      vertex 5.360366404e-02 -7.636699826e-03 -2.145660110e-03
      vertex 5.257206410e-02 -8.633012883e-03 -1.200871891e-03
    endloop
  endfacet
  facet normal -2.318866253e-01 9.656910300e-01 1.169161424e-01
    outer loop
      vertex 5.228896812e-02 -8.633012883e-03 -2.125281841e-03
      vertex 5.205699429e-02 -8.700000122e-03 -2.032067860e-03
      vertex 5.164083466e-02 -8.700000122e-03 -2.857474610e-03
    endloop
  endfacet
  facet normal -1.796889603e-01 9.656912088e-01 1.874893308e-01
    outer loop
      vertex 5.109116435e-02 -8.700000122e-03 -3.600677243e-03
      vertex 5.042379722e-02 -8.700000122e-03 -4.240294918e-03
      vertex 5.058085546e-02 -8.633012883e-03 -4.434803966e-03
    endloop
  endfacet
  facet normal -1.538604591e-02 9.997527599e-01 1.605421863e-02
    outer loop
      vertex 5.109116435e-02 -8.700000122e-03 -3.600677243e-03
      vertex 3.873718530e-02 -9.015832096e-03 4.227757454e-03
      vertex 5.042379722e-02 -8.700000122e-03 -4.240294918e-03
    endloop
  endfacet
  facet normal -1.740302518e-02 9.997656941e-01 1.287128776e-02
    outer loop
      vertex 5.109116435e-02 -8.700000122e-03 -3.600677243e-03
      vertex 5.164083466e-02 -8.700000122e-03 -2.857474610e-03
      vertex 3.873718530e-02 -9.015832096e-03 4.227757454e-03
    endloop
  endfacet
  facet normal -1.181303430e-02 9.995886683e-01 2.613256313e-02
    outer loop
      vertex 4.965793714e-02 -8.700000122e-03 -4.757926799e-03
      vertex 1.871319488e-02 -9.297072887e-03 4.091922194e-03
      vertex 4.881561175e-02 -8.700000122e-03 -5.138682202e-03
    endloop
  endfacet
  facet normal -1.355395466e-02 9.997069836e-01 2.005392313e-02
    outer loop
      vertex 4.965793714e-02 -8.700000122e-03 -4.757926799e-03
      vertex 5.042379722e-02 -8.700000122e-03 -4.240294918e-03
      vertex 1.871319488e-02 -9.297072887e-03 4.091922194e-03
    endloop
  endfacet
  facet normal -1.454203278e-01 9.656923413e-01 2.151538581e-01
    outer loop
      vertex 4.965793714e-02 -8.700000122e-03 -4.757926799e-03
      vertex 4.977986217e-02 -8.633012883e-03 -4.976180382e-03
      vertex 5.058085546e-02 -8.633012883e-03 -4.434803966e-03
    endloop
  endfacet
  facet normal -1.454195529e-01 9.656923413e-01 2.151543349e-01
    outer loop
      vertex 4.965793714e-02 -8.700000122e-03 -4.757926799e-03
      vertex 5.058085546e-02 -8.633012883e-03 -4.434803966e-03
      vertex 5.042379722e-02 -8.700000122e-03 -4.240294918e-03
    endloop
  endfacet
  facet normal -1.069679782e-01 9.656912684e-01 2.366396636e-01
    outer loop
      vertex 4.965793714e-02 -8.700000122e-03 -4.757926799e-03
      vertex 4.881561175e-02 -8.700000122e-03 -5.138682202e-03
      vertex 4.977986217e-02 -8.633012883e-03 -4.976180382e-03
    endloop
  endfacet
  facet normal -9.003099799e-02 -1.981028020e-01 9.760377407e-01
    outer loop
      vertex 2.876289748e-02 3.295602044e-03 -1.018797513e-02
      vertex 2.370962687e-02 3.241484286e-03 -1.066508144e-02
      vertex 2.379954606e-02 3.773981705e-03 -1.054870803e-02
    endloop
  endfacet
  facet normal -9.313074499e-02 -2.370551676e-01 9.670220017e-01
    outer loop
      vertex 2.876289748e-02 3.295602044e-03 -1.018797513e-02
      vertex 2.379954606e-02 3.773981705e-03 -1.054870803e-02
      vertex 2.909729443e-02 3.700684290e-03 -1.005646866e-02
    endloop
  endfacet
  facet normal -1.178288832e-01 -1.228312328e-01 9.854080081e-01
    outer loop
      vertex 2.863645181e-02 1.654486870e-03 -1.049636956e-02
      vertex 3.453586251e-02 9.486217750e-04 -9.878941812e-03
      vertex 2.832634747e-02 8.617091225e-04 -1.063226908e-02
    endloop
  endfacet
  facet normal -1.476207972e-01 -2.584440112e-01 9.546805024e-01
    outer loop
      vertex 4.770242795e-02 7.149999961e-03 -7.165654097e-03
      vertex 4.847935960e-02 7.424999960e-03 -6.971071940e-03
      vertex 4.849465564e-02 7.149999961e-03 -7.043153048e-03
    endloop
  endfacet
  facet normal -1.519313753e-01 -1.073254496e-01 9.825467467e-01
    outer loop
      vertex 4.770242795e-02 7.149999961e-03 -7.165654097e-03
      vertex 4.849465564e-02 7.149999961e-03 -7.043153048e-03
      vertex 3.453586251e-02 9.486217750e-04 -9.878941812e-03
    endloop
  endfacet
  facet normal -1.924604625e-01 2.241169848e-02 9.810487628e-01
    outer loop
      vertex 4.812625051e-02 -7.222405635e-03 -7.110859733e-03
      vertex 3.450518101e-02 2.291790224e-05 -9.948063642e-03
      vertex 4.812632874e-02 -7.199999876e-03 -7.111356128e-03
    endloop
  endfacet
  facet normal -2.231379002e-01 2.938780487e-01 9.294327497e-01
    outer loop
      vertex 4.812625051e-02 -7.222405635e-03 -7.110859733e-03
      vertex 4.922476783e-02 -7.222405635e-03 -6.847129203e-03
      vertex 4.811464995e-02 -7.462826557e-03 -7.037624717e-03
    endloop
  endfacet
  facet normal -2.333735824e-01 2.234204672e-02 9.721304774e-01
    outer loop
      vertex 4.812625051e-02 -7.222405635e-03 -7.110859733e-03
      vertex 4.812632874e-02 -7.199999876e-03 -7.111356128e-03
      vertex 4.922476783e-02 -7.222405635e-03 -6.847129203e-03
    endloop
  endfacet
  facet normal -6.493004560e-01 2.212669700e-02 7.602100968e-01
    outer loop
      vertex 5.209081247e-02 -7.222405635e-03 -5.090813618e-03
      vertex 5.123205483e-02 -7.199999876e-03 -5.824922584e-03
      vertex 5.209117010e-02 -7.199999876e-03 -5.091168918e-03
    endloop
  endfacet
  facet normal -2.408575565e-01 7.770880461e-01 5.814824700e-01
    outer loop
      vertex 5.015228316e-02 -7.636699826e-03 -6.186705548e-03
      vertex 4.889889807e-02 -8.633012883e-03 -5.374401342e-03
      vertex 4.914566129e-02 -7.636699826e-03 -6.603662856e-03
    endloop
  endfacet
  facet normal -2.648930848e-01 7.217078209e-01 6.395071745e-01
    outer loop
      vertex 5.015228316e-02 -7.636699826e-03 -6.186705548e-03
      vertex 4.914566129e-02 -7.636699826e-03 -6.603662856e-03
      vertex 5.023483932e-02 -7.462826557e-03 -6.348732859e-03
    endloop
  endfacet
  facet normal -3.616732955e-01 7.217049599e-01 5.901985765e-01
    outer loop
      vertex 5.015228316e-02 -7.636699826e-03 -6.186705548e-03
      vertex 5.023483932e-02 -7.462826557e-03 -6.348732859e-03
      vertex 5.108128861e-02 -7.636699826e-03 -5.617411342e-03
    endloop
  endfacet
  facet normal -3.294041157e-01 7.762379646e-01 5.375384688e-01
    outer loop
      vertex 5.015228316e-02 -7.636699826e-03 -6.186705548e-03
      vertex 5.108128861e-02 -7.636699826e-03 -5.617411342e-03
      vertex 4.977986217e-02 -8.633012883e-03 -4.976180382e-03
    endloop
  endfacet
  facet normal -2.559212148e-01 7.835600376e-01 5.661607385e-01
    outer loop
      vertex 5.015228316e-02 -7.636699826e-03 -6.186705548e-03
      vertex 4.977986217e-02 -8.633012883e-03 -4.976180382e-03
      vertex 4.889889807e-02 -8.633012883e-03 -5.374401342e-03
    endloop
  endfacet
  facet normal -1.615909636e-01 7.217096686e-01 6.730701923e-01
    outer loop
      vertex 4.914566129e-02 -7.636699826e-03 -6.603662856e-03
      vertex 4.811464995e-02 -7.462826557e-03 -7.037624717e-03
      vertex 4.920185357e-02 -7.462826557e-03 -6.776609924e-03
    endloop
  endfacet
  facet normal -1.569185555e-01 7.824242115e-01 6.026514769e-01
    outer loop
      vertex 4.914566129e-02 -7.636699826e-03 -6.603662856e-03
      vertex 4.889889807e-02 -8.633012883e-03 -5.374401342e-03
      vertex 4.796330631e-02 -8.633012883e-03 -5.618010648e-03
    endloop
  endfacet
  facet normal -2.648938298e-01 7.217050791e-01 6.395100355e-01
    outer loop
      vertex 4.914566129e-02 -7.636699826e-03 -6.603662856e-03
      vertex 4.920185357e-02 -7.462826557e-03 -6.776609924e-03
      vertex 5.023483932e-02 -7.462826557e-03 -6.348732859e-03
    endloop
  endfacet
  facet normal -4.994206727e-01 2.939120233e-01 8.149814010e-01
    outer loop
      vertex 5.026850477e-02 -7.222405635e-03 -6.414799485e-03
      vertex 5.118817464e-02 -7.462826557e-03 -5.764528643e-03
      vertex 5.023483932e-02 -7.462826557e-03 -6.348732859e-03
    endloop
  endfacet
  facet normal -5.223803520e-01 2.241409197e-02 8.524180055e-01
    outer loop
      vertex 5.026850477e-02 -7.222405635e-03 -6.414799485e-03
      vertex 5.026873201e-02 -7.199999876e-03 -6.415246986e-03
      vertex 5.123205483e-02 -7.199999876e-03 -5.824922584e-03
    endloop
  endfacet
  facet normal -3.657849729e-01 2.938765585e-01 8.830842972e-01
    outer loop
      vertex 5.026850477e-02 -7.222405635e-03 -6.414799485e-03
      vertex 4.920185357e-02 -7.462826557e-03 -6.776609924e-03
      vertex 4.922476783e-02 -7.222405635e-03 -6.847129203e-03
    endloop
  endfacet
  facet normal -3.657836914e-01 2.938881814e-01 8.830810189e-01
    outer loop
      vertex 5.026850477e-02 -7.222405635e-03 -6.414799485e-03
      vertex 5.023483932e-02 -7.462826557e-03 -6.348732859e-03
      vertex 4.920185357e-02 -7.462826557e-03 -6.776609924e-03
    endloop
  endfacet
  facet normal -3.825848401e-01 2.241498977e-02 9.236484170e-01
    outer loop
      vertex 5.026850477e-02 -7.222405635e-03 -6.414799485e-03
      vertex 4.922476783e-02 -7.222405635e-03 -6.847129203e-03
      vertex 5.026873201e-02 -7.199999876e-03 -6.415246986e-03
    endloop
  endfacet
  facet normal -3.473166227e-01 7.844143510e-01 5.138728619e-01
    outer loop
      vertex 5.108128861e-02 -7.636699826e-03 -5.617411342e-03
      vertex 5.058085546e-02 -8.633012883e-03 -4.434803966e-03
      vertex 4.977986217e-02 -8.633012883e-03 -4.976180382e-03
    endloop
  endfacet
  facet normal -3.616737723e-01 7.217040658e-01 5.901992917e-01
    outer loop
      vertex 5.108128861e-02 -7.636699826e-03 -5.617411342e-03
      vertex 5.023483932e-02 -7.462826557e-03 -6.348732859e-03
      vertex 5.118817464e-02 -7.462826557e-03 -5.764528643e-03
    endloop
  endfacet
  facet normal -8.524264693e-01 2.233410068e-02 5.223698616e-01
    outer loop
      vertex 5.299924687e-02 -7.199999876e-03 -3.947584424e-03
      vertex 5.341524631e-02 -7.199999876e-03 -3.268731525e-03
      vertex 5.341479927e-02 -7.222405635e-03 -3.268503584e-03
    endloop
  endfacet
  facet normal -8.526404500e-01 1.287686056e-03 5.224964619e-01
    outer loop
      vertex 5.299924687e-02 -7.199999876e-03 -3.947584424e-03
      vertex 5.301500112e-02 7.149999961e-03 -3.957239911e-03
      vertex 5.341524631e-02 -7.199999876e-03 -3.268731525e-03
    endloop
  endfacet
  facet normal -8.526371717e-01 1.287591527e-03 5.225018263e-01
    outer loop
      vertex 5.299924687e-02 -7.199999876e-03 -3.947584424e-03
      vertex 5.282492191e-02 -7.199999876e-03 -4.232053645e-03
      vertex 5.301500112e-02 7.149999961e-03 -3.957239911e-03
    endloop
  endfacet
  facet normal -9.721303582e-01 2.212627046e-02 2.333944440e-01
    outer loop
      vertex 5.384713039e-02 -7.222405635e-03 -2.224767115e-03
      vertex 5.384760723e-02 -7.199999876e-03 -2.224922413e-03
      vertex 5.411135778e-02 -7.199999876e-03 -1.126328134e-03
    endloop
  endfacet
  facet normal -8.830850124e-01 2.938717008e-01 3.657872975e-01
    outer loop
      vertex 5.384713039e-02 -7.222405635e-03 -2.224767115e-03
      vertex 5.377661064e-02 -7.462826557e-03 -2.201854018e-03
      vertex 5.341479927e-02 -7.222405635e-03 -3.268503584e-03
    endloop
  endfacet
  facet normal -9.236462712e-01 2.248064429e-02 3.825860322e-01
    outer loop
      vertex 5.384713039e-02 -7.222405635e-03 -2.224767115e-03
      vertex 5.341479927e-02 -7.222405635e-03 -3.268503584e-03
      vertex 5.341524631e-02 -7.199999876e-03 -3.268731525e-03
    endloop
  endfacet
  facet normal -9.236455560e-01 2.241349593e-02 3.825919032e-01
    outer loop
      vertex 5.384713039e-02 -7.222405635e-03 -2.224767115e-03
      vertex 5.341524631e-02 -7.199999876e-03 -3.268731525e-03
      vertex 5.384760723e-02 -7.199999876e-03 -2.224922413e-03
    endloop
  endfacet
  facet normal -5.277816057e-01 -8.169634938e-01 2.324161232e-01
    outer loop
      vertex 5.317251384e-02 7.626314182e-03 -3.139375243e-03
      vertex 5.216830969e-02 8.633012883e-03 -1.881110831e-03
      vertex 5.348325148e-02 7.626314182e-03 -2.433738206e-03
    endloop
  endfacet
  facet normal -5.188250542e-01 -8.199325204e-01 2.419322133e-01
    outer loop
      vertex 5.317251384e-02 7.626314182e-03 -3.139375243e-03
      vertex 5.176313967e-02 8.633012883e-03 -2.749999985e-03
      vertex 5.216830969e-02 8.633012883e-03 -1.881110831e-03
    endloop
  endfacet
  facet normal -5.014517307e-01 -8.146868348e-01 2.912585437e-01
    outer loop
      vertex 5.317251384e-02 7.626314182e-03 -3.139375243e-03
      vertex 5.278526247e-02 7.626314182e-03 -3.806095337e-03
      vertex 5.176313967e-02 8.633012883e-03 -2.749999985e-03
    endloop
  endfacet
  facet normal -6.476404667e-01 -7.065581679e-01 2.851971984e-01
    outer loop
      vertex 5.317251384e-02 7.626314182e-03 -3.139375243e-03
      vertex 5.348325148e-02 7.626314182e-03 -2.433738206e-03
      vertex 5.335195363e-02 7.424999960e-03 -3.230638802e-03
    endloop
  endfacet
  facet normal -6.119226813e-01 -7.065586448e-01 3.554230630e-01
    outer loop
      vertex 5.317251384e-02 7.626314182e-03 -3.139375243e-03
      vertex 5.335195363e-02 7.424999960e-03 -3.230638802e-03
      vertex 5.278526247e-02 7.626314182e-03 -3.806095337e-03
    endloop
  endfacet
  facet normal -9.218996763e-01 -2.584466040e-01 2.886281908e-01
    outer loop
      vertex 5.390878767e-02 7.424999960e-03 -1.747290953e-03
      vertex 5.398022383e-02 7.149999961e-03 -1.765358029e-03
      vertex 5.374071002e-02 7.149999961e-03 -2.530384809e-03
    endloop
  endfacet
  facet normal -6.753314734e-01 -7.065585852e-01 2.114295661e-01
    outer loop
      vertex 5.390878767e-02 7.424999960e-03 -1.747290953e-03
      vertex 5.348325148e-02 7.626314182e-03 -2.433738206e-03
      vertex 5.371361598e-02 7.626314182e-03 -1.697931089e-03
    endloop
  endfacet
  facet normal -6.946329474e-01 -7.065749764e-01 1.350442320e-01
    outer loop
      vertex 5.390878767e-02 7.424999960e-03 -1.747290953e-03
      vertex 5.371361598e-02 7.626314182e-03 -1.697931089e-03
      vertex 5.386075750e-02 7.626314182e-03 -9.410757921e-04
    endloop
  endfacet
  facet normal -6.946554184e-01 -7.065518498e-01 1.350493431e-01
    outer loop
      vertex 5.390878767e-02 7.424999960e-03 -1.747290953e-03
      vertex 5.386075750e-02 7.626314182e-03 -9.410757921e-04
      vertex 5.406020582e-02 7.424999960e-03 -9.684333927e-04
    endloop
  endfacet
  facet normal -9.482719898e-01 -2.584456503e-01 1.843535304e-01
    outer loop
      vertex 5.390878767e-02 7.424999960e-03 -1.747290953e-03
      vertex 5.406020582e-02 7.424999960e-03 -9.684333927e-04
      vertex 5.398022383e-02 7.149999961e-03 -1.765358029e-03
    endloop
  endfacet
  facet normal -5.714259148e-01 -8.191296458e-01 4.999114573e-02
    outer loop
      vertex 5.386075750e-02 7.626314182e-03 -9.410757921e-04
      vertex 5.241644382e-02 8.633012883e-03 -9.550649556e-04
      vertex 5.249999836e-02 8.633012883e-03 3.035766083e-18
    endloop
  endfacet
  facet normal -5.732073188e-01 -8.181004524e-01 4.631298780e-02
    outer loop
      vertex 5.386075750e-02 7.626314182e-03 -9.410757921e-04
      vertex 5.249999836e-02 8.633012883e-03 3.035766083e-18
      vertex 5.392285064e-02 7.626314182e-03 -1.725543989e-04
    endloop
  endfacet
  facet normal -5.690242052e-01 -8.148457408e-01 1.106252894e-01
    outer loop
      vertex 5.386075750e-02 7.626314182e-03 -9.410757921e-04
      vertex 5.371361598e-02 7.626314182e-03 -1.697931089e-03
      vertex 5.241644382e-02 8.633012883e-03 -9.550649556e-04
    endloop
  endfacet
  facet normal -7.053564191e-01 -7.065582871e-01 5.698906630e-02
    outer loop
      vertex 5.386075750e-02 7.626314182e-03 -9.410757921e-04
      vertex 5.392285064e-02 7.626314182e-03 -1.725543989e-04
      vertex 5.406020582e-02 7.424999960e-03 -9.684333927e-04
    endloop
  endfacet
  facet normal -7.072998881e-01 -7.065781355e-01 -2.177560702e-02
    outer loop
      vertex 5.389912426e-02 7.626314182e-03 5.981060094e-04
      vertex 5.412410200e-02 7.424999960e-03 -1.775706623e-04
      vertex 5.392285064e-02 7.626314182e-03 -1.725543989e-04
    endloop
  endfacet
  facet normal -7.073228955e-01 -7.065549493e-01 -2.177940309e-02
    outer loop
      vertex 5.389912426e-02 7.626314182e-03 5.981060094e-04
      vertex 5.409968272e-02 7.424999960e-03 6.154933362e-04
      vertex 5.412410200e-02 7.424999960e-03 -1.775706623e-04
    endloop
  endfacet
  facet normal -5.789265037e-01 -8.151848912e-01 -1.782333106e-02
    outer loop
      vertex 5.389912426e-02 7.626314182e-03 5.981060094e-04
      vertex 5.392285064e-02 7.626314182e-03 -1.725543989e-04
      vertex 5.249999836e-02 8.633012883e-03 3.035766083e-18
    endloop
  endfacet
  facet normal -5.692098737e-01 -8.206827044e-01 -4.979835451e-02
    outer loop
      vertex 5.389912426e-02 7.626314182e-03 5.981060094e-04
      vertex 5.249999836e-02 8.633012883e-03 3.035766083e-18
      vertex 5.241644382e-02 8.633012883e-03 9.550649556e-04
    endloop
  endfacet
  facet normal -1.032917667e-02 9.235517979e-01 -3.833344877e-01
    outer loop
      vertex 1.330004912e-02 -8.727910928e-03 7.489433046e-03
      vertex 1.345986687e-02 -8.871152997e-03 7.140017580e-03
      vertex 1.566985995e-02 -8.664211258e-03 7.579048164e-03
    endloop
  endfacet
  facet normal 2.277720720e-03 9.256330729e-01 -3.784154654e-01
    outer loop
      vertex 1.330004912e-02 -8.727910928e-03 7.489433046e-03
      vertex 1.320988499e-02 -8.876774460e-03 7.124763913e-03
      vertex 1.345986687e-02 -8.871152997e-03 7.140017580e-03
    endloop
  endfacet
  facet normal 8.746375889e-02 9.145286083e-01 -3.949522972e-01
    outer loop
      vertex 1.330004912e-02 -8.727910928e-03 7.489433046e-03
      vertex 1.303186268e-02 -8.829212748e-03 7.195471320e-03
      vertex 1.320988499e-02 -8.876774460e-03 7.124763913e-03
    endloop
  endfacet
  facet normal 9.588119388e-02 9.108818173e-01 -4.013739228e-01
    outer loop
      vertex 1.330004912e-02 -8.727910928e-03 7.489433046e-03
      vertex 1.140002441e-02 -8.406798355e-03 7.764284499e-03
      vertex 1.303186268e-02 -8.829212748e-03 7.195471320e-03
    endloop
  endfacet
  facet normal 9.523167461e-02 9.096161723e-01 -4.043875933e-01
    outer loop
      vertex 1.330004912e-02 -8.727910928e-03 7.489433046e-03
      vertex 1.320735458e-02 -8.602774702e-03 7.749082521e-03
      vertex 1.140002441e-02 -8.406798355e-03 7.764284499e-03
    endloop
  endfacet
  facet normal -1.197392680e-02 3.694640696e-01 -9.291678667e-01
    outer loop
      vertex 2.906825952e-02 -6.164189894e-03 9.980712086e-03
      vertex 3.656662256e-02 -6.271876395e-03 9.841264226e-03
      vertex 2.906727791e-02 -5.451576784e-03 1.026408002e-02
    endloop
  endfacet
  facet normal -9.699602611e-03 4.685450792e-01 -8.833864331e-01
    outer loop
      vertex 2.906825952e-02 -6.164189894e-03 9.980712086e-03
      vertex 1.350011304e-02 -6.419107784e-03 1.001644321e-02
      vertex 3.656662256e-02 -6.271876395e-03 9.841264226e-03
    endloop
  endfacet
  facet normal -9.615395218e-03 4.629987180e-01 -8.863067627e-01
    outer loop
      vertex 2.906825952e-02 -6.164189894e-03 9.980712086e-03
      vertex 1.319269836e-02 -6.268228404e-03 1.009859610e-02
      vertex 1.350011304e-02 -6.419107784e-03 1.001644321e-02
    endloop
  endfacet
  facet normal 9.734988213e-02 3.354594707e-01 -9.370111823e-01
    outer loop
      vertex 1.330029778e-02 -5.786788184e-03 1.032038033e-02
      vertex 1.286102645e-02 -5.278524943e-03 1.045670640e-02
      vertex 1.140002348e-02 -5.779724568e-03 1.012548432e-02
    endloop
  endfacet
  facet normal 1.086849794e-01 1.590103656e-02 9.939491153e-01
    outer loop
      vertex 1.140002441e-02 -1.554855146e-03 -1.097612455e-02
      vertex 1.140002441e-02 -9.779414395e-04 -1.098535396e-02
      vertex 1.257959008e-02 9.561174011e-06 -1.113013085e-02
    endloop
  endfacet
  facet normal 1.086863503e-01 1.590126939e-02 9.939489365e-01
    outer loop
      vertex 1.140002441e-02 -1.554855146e-03 -1.097612455e-02
      vertex 1.257959008e-02 9.561174011e-06 -1.113013085e-02
      vertex 1.140002441e-02 -3.119728528e-03 -1.095108967e-02
    endloop
  endfacet
  facet normal 9.821699262e-01 3.010029905e-03 1.879712492e-01
    outer loop
      vertex 1.140002441e-02 -1.554855146e-03 -1.097612455e-02
      vertex 9.650000371e-03 2.000000095e-03 -1.888934290e-03
      vertex 1.140002441e-02 -9.779414395e-04 -1.098535396e-02
    endloop
  endfacet
  facet normal 9.821699262e-01 3.007455263e-03 1.879712641e-01
    outer loop
      vertex 1.140002441e-02 -1.554855146e-03 -1.097612455e-02
      vertex 1.140002441e-02 -3.119728528e-03 -1.095108967e-02
      vertex 9.650000371e-03 2.000000095e-03 -1.888934290e-03
    endloop
  endfacet
  facet normal 1.127383113e-01 8.089311123e-01 5.769927502e-01
    outer loop
      vertex 1.306139585e-02 -6.161679048e-03 -9.296013974e-03
      vertex 1.140002441e-02 -6.043698173e-03 -9.136807173e-03
      vertex 1.140002534e-02 -5.779725499e-03 -9.506889619e-03
    endloop
  endfacet
  facet normal 1.127379984e-01 8.089299798e-01 5.769941211e-01
    outer loop
      vertex 1.306139585e-02 -6.161679048e-03 -9.296013974e-03
      vertex 1.140002441e-02 -6.627917755e-03 -8.317747153e-03
      vertex 1.140002441e-02 -6.043698173e-03 -9.136807173e-03
    endloop
  endfacet
  facet normal -7.008960098e-02 -4.924218729e-02 -9.963245392e-01
    outer loop
      vertex 4.385596141e-02 4.663007800e-03 1.007058192e-02
      vertex 4.412299395e-02 4.608310293e-03 1.005449425e-02
      vertex 4.387313500e-02 4.728506319e-03 1.006613672e-02
    endloop
  endfacet
  facet normal -7.011698186e-02 -4.923432320e-02 -9.963230491e-01
    outer loop
      vertex 4.385596141e-02 4.663007800e-03 1.007058192e-02
      vertex 4.375236481e-02 4.267946817e-03 1.009739377e-02
      vertex 4.412299395e-02 4.608310293e-03 1.005449425e-02
    endloop
  endfacet
  facet normal -3.133868799e-02 -3.716575727e-02 -9.988175631e-01
    outer loop
      vertex 4.363471270e-02 4.134026356e-03 1.010606997e-02
      vertex 3.554766253e-02 3.878862364e-03 1.036930084e-02
      vertex 4.356402531e-02 4.053563811e-03 1.011128165e-02
    endloop
  endfacet
  facet normal -3.133812919e-02 -3.717510030e-02 -9.988172054e-01
    outer loop
      vertex 4.363471270e-02 4.134026356e-03 1.010606997e-02
      vertex 4.375236481e-02 4.267946817e-03 1.009739377e-02
      vertex 3.554766253e-02 3.878862364e-03 1.036930084e-02
    endloop
  endfacet
  facet normal -6.296399236e-02 -9.350444190e-03 -9.979720712e-01
    outer loop
      vertex 4.363471270e-02 4.134026356e-03 1.010606997e-02
      vertex 4.390723631e-02 3.888090141e-03 1.009118278e-02
      vertex 4.375236481e-02 4.267946817e-03 1.009739377e-02
    endloop
  endfacet
  facet normal -6.293829530e-02 -9.339156561e-03 -9.979737401e-01
    outer loop
      vertex 4.363471270e-02 4.134026356e-03 1.010606997e-02
      vertex 4.356402531e-02 4.053563811e-03 1.011128165e-02
      vertex 4.390723631e-02 3.888090141e-03 1.009118278e-02
    endloop
  endfacet
  facet normal -3.029836155e-02 2.935052849e-02 -9.991098642e-01
    outer loop
      vertex 4.139254615e-02 -3.860965837e-03 1.018397883e-02
      vertex 3.087313846e-02 -3.551548580e-03 1.051207352e-02
      vertex 3.744518384e-02 -4.060554318e-03 1.029782090e-02
    endloop
  endfacet
  facet normal -3.116265684e-02 3.992826096e-04 -9.995142817e-01
    outer loop
      vertex 4.139254615e-02 -3.860965837e-03 1.018397883e-02
      vertex 3.554766253e-02 3.878862364e-03 1.036930084e-02
      vertex 3.087313846e-02 -3.551548580e-03 1.051207352e-02
    endloop
  endfacet
  facet normal -2.800803445e-02 5.841382593e-02 -9.978995323e-01
    outer loop
      vertex 3.744518384e-02 -4.060554318e-03 1.029782090e-02
      vertex 3.087313846e-02 -3.551548580e-03 1.051207352e-02
      vertex 2.637598850e-02 -3.827424021e-03 1.062214561e-02
    endloop
  endfacet
  facet normal -6.884236932e-01 -4.410013556e-02 -7.239668965e-01
    outer loop
      vertex 5.208274722e-02 3.500000108e-03 5.309255794e-03
      vertex 5.224424973e-02 7.149999961e-03 4.933339078e-03
      vertex 5.166332051e-02 7.149999961e-03 5.485747475e-03
    endloop
  endfacet
  facet normal -7.125452757e-01 -4.061420262e-02 -7.004495859e-01
    outer loop
      vertex 5.208274722e-02 3.500000108e-03 5.309255794e-03
      vertex 5.239546299e-02 3.500000108e-03 4.991139751e-03
      vertex 5.224424973e-02 7.149999961e-03 4.933339078e-03
    endloop
  endfacet
  facet normal -6.629328728e-01 -4.002840072e-02 -7.476080656e-01
    outer loop
      vertex 5.208274722e-02 3.500000108e-03 5.309255794e-03
      vertex 5.166332051e-02 7.149999961e-03 5.485747475e-03
      vertex 4.699998721e-02 4.525149241e-03 9.761445224e-03
    endloop
  endfacet
  facet normal -7.131292820e-01 -3.801870393e-03 -7.010222673e-01
    outer loop
      vertex 5.208274722e-02 3.500000108e-03 5.309255794e-03
      vertex 5.160701275e-02 -2.150158398e-03 5.823854823e-03
      vertex 5.239546299e-02 3.500000108e-03 4.991139751e-03
    endloop
  endfacet
  facet normal -6.604408026e-01 -1.404093392e-02 -7.507469058e-01
    outer loop
      vertex 5.208274722e-02 3.500000108e-03 5.309255794e-03
      vertex 4.699998721e-02 4.525149241e-03 9.761445224e-03
      vertex 4.699998721e-02 3.113089828e-03 9.787854739e-03
    endloop
  endfacet
  facet normal -6.605070233e-01 -1.275876351e-02 -7.507113814e-01
    outer loop
      vertex 5.208274722e-02 3.500000108e-03 5.309255794e-03
      vertex 4.699998721e-02 3.113089828e-03 9.787854739e-03
      vertex 5.160701275e-02 -2.150158398e-03 5.823854823e-03
    endloop
  endfacet
  facet normal -1.028205156e-01 7.046390325e-02 -9.922009110e-01
    outer loop
      vertex 4.411116615e-02 -4.460490309e-03 1.006283797e-02
      vertex 4.413117841e-02 -4.804544151e-03 1.003633067e-02
      vertex 4.699999467e-02 -4.435979761e-03 9.765210561e-03
    endloop
  endfacet
  facet normal -1.026666760e-01 2.564907633e-02 -9.943851233e-01
    outer loop
      vertex 4.411116615e-02 -4.460490309e-03 1.006283797e-02
      vertex 4.699999467e-02 -4.435979761e-03 9.765210561e-03
      vertex 4.403038323e-02 -4.103061743e-03 1.008039806e-02
    endloop
  endfacet
  facet normal -7.733098418e-02 3.147852048e-02 -9.965083599e-01
    outer loop
      vertex 4.411116615e-02 -4.460490309e-03 1.006283797e-02
      vertex 4.403038323e-02 -4.103061743e-03 1.008039806e-02
      vertex 4.383803904e-02 -4.485640209e-03 1.008324046e-02
    endloop
  endfacet
  facet normal -5.843908712e-02 3.770829062e-05 -9.982908964e-01
    outer loop
      vertex 4.380472004e-02 -3.762006061e-03 1.009689551e-02
      vertex 4.390723631e-02 3.888090141e-03 1.009118278e-02
      vertex 4.356402531e-02 4.053563811e-03 1.011128165e-02
    endloop
  endfacet
  facet normal -1.177448966e-02 2.843634412e-02 -9.995262623e-01
    outer loop
      vertex 1.529543474e-02 -3.731529461e-03 1.077930257e-02
      vertex 2.254051715e-02 -3.502226667e-03 1.070047915e-02
      vertex 1.430924237e-02 -3.654241329e-03 1.079311874e-02
    endloop
  endfacet
  facet normal -1.246646605e-02 5.061047524e-02 -9.986406565e-01
    outer loop
      vertex 1.529543474e-02 -3.731529461e-03 1.077930257e-02
      vertex 2.005540952e-02 -3.969651647e-03 1.070781332e-02
      vertex 2.254051715e-02 -3.502226667e-03 1.070047915e-02
    endloop
  endfacet
  facet normal -1.624518633e-02 3.367457688e-01 -9.414554238e-01
    outer loop
      vertex 3.658226132e-02 -5.559299141e-03 1.009587385e-02
      vertex 2.906727791e-02 -5.451576784e-03 1.026408002e-02
      vertex 3.656662256e-02 -6.271876395e-03 9.841264226e-03
    endloop
  endfacet
  facet normal -1.643452421e-02 1.335107684e-01 -9.909110665e-01
    outer loop
      vertex 2.767196111e-02 -4.032755271e-03 1.057298575e-02
      vertex 2.637598850e-02 -3.827424021e-03 1.062214561e-02
      vertex 2.005540952e-02 -3.969651647e-03 1.070781332e-02
    endloop
  endfacet
  facet normal -2.256692201e-02 -2.488731779e-02 -9.994354844e-01
    outer loop
      vertex 2.259043232e-02 3.522271523e-03 1.069967728e-02
      vertex 3.097285144e-02 3.571468173e-03 1.050917804e-02
      vertex 2.871722914e-02 4.058178980e-03 1.054798998e-02
    endloop
  endfacet
  facet normal -1.172680780e-02 -3.081356408e-05 -9.999312758e-01
    outer loop
      vertex 2.259043232e-02 3.522271523e-03 1.069967728e-02
      vertex 1.529445779e-02 3.680887166e-03 1.078523789e-02
      vertex 2.254051715e-02 -3.502226667e-03 1.070047915e-02
    endloop
  endfacet
  facet normal -2.271339670e-02 -1.152604469e-03 -9.997413754e-01
    outer loop
      vertex 2.259043232e-02 3.522271523e-03 1.069967728e-02
      vertex 2.637598850e-02 -3.827424021e-03 1.062214561e-02
      vertex 3.097285144e-02 3.571468173e-03 1.050917804e-02
    endloop
  endfacet
  facet normal -2.041709796e-02 3.096397268e-05 -9.997915626e-01
    outer loop
      vertex 2.259043232e-02 3.522271523e-03 1.069967728e-02
      vertex 2.254051715e-02 -3.502226667e-03 1.070047915e-02
      vertex 2.637598850e-02 -3.827424021e-03 1.062214561e-02
    endloop
  endfacet
  facet normal -1.126191579e-02 4.383184423e-04 -9.999365211e-01
    outer loop
      vertex 1.529445779e-02 3.680887166e-03 1.078523789e-02
      vertex 1.430924237e-02 -3.654241329e-03 1.079311874e-02
      vertex 2.254051715e-02 -3.502226667e-03 1.070047915e-02
    endloop
  endfacet
  facet normal -7.997521199e-03 0.000000000e+00 -9.999679923e-01
    outer loop
      vertex 1.529445779e-02 3.680887166e-03 1.078523789e-02
      vertex 1.430924237e-02 3.673857311e-03 1.079311874e-02
      vertex 1.430924237e-02 -3.654241329e-03 1.079311874e-02
    endloop
  endfacet
  facet normal -1.651852205e-02 -1.494908184e-01 -9.886251092e-01
    outer loop
      vertex 2.093268372e-02 3.997976892e-03 1.069622859e-02
      vertex 2.906665951e-02 4.704963882e-03 1.045341603e-02
      vertex 2.133454010e-02 4.633457866e-03 1.059342269e-02
    endloop
  endfacet
  facet normal -1.094681304e-02 -2.584291399e-01 -9.659681916e-01
    outer loop
      vertex 1.351360977e-02 4.915601574e-03 1.060657203e-02
      vertex 2.133454010e-02 4.633457866e-03 1.059342269e-02
      vertex 2.135062218e-02 5.394783802e-03 1.038955990e-02
    endloop
  endfacet
  facet normal -1.314879023e-02 -2.583788931e-01 -9.659541845e-01
    outer loop
      vertex 2.906727791e-02 5.471192766e-03 1.026408002e-02
      vertex 2.135062218e-02 5.394783802e-03 1.038955990e-02
      vertex 2.133454010e-02 4.633457866e-03 1.059342269e-02
    endloop
  endfacet
  facet normal -1.535822451e-02 -2.398460805e-01 -9.706893563e-01
    outer loop
      vertex 2.906727791e-02 5.471192766e-03 1.026408002e-02
      vertex 2.133454010e-02 4.633457866e-03 1.059342269e-02
      vertex 2.906665951e-02 4.704963882e-03 1.045341603e-02
    endloop
  endfacet
  facet normal -1.055227146e-01 -1.044637635e-01 -9.889147878e-01
    outer loop
      vertex 4.413327202e-02 4.947511479e-03 1.002272125e-02
      vertex 4.699998721e-02 4.525149241e-03 9.761445224e-03
      vertex 4.699998721e-02 5.199774634e-03 9.690181352e-03
    endloop
  endfacet
  facet normal -1.034912914e-01 -8.965256810e-02 -9.905816913e-01
    outer loop
      vertex 4.413327202e-02 4.947511479e-03 1.002272125e-02
      vertex 4.412299395e-02 4.608310293e-03 1.005449425e-02
      vertex 4.699998721e-02 4.525149241e-03 9.761445224e-03
    endloop
  endfacet
  facet normal -9.649783373e-02 -1.910710186e-01 -9.768213630e-01
    outer loop
      vertex 4.413327202e-02 4.947511479e-03 1.002272125e-02
      vertex 4.699998721e-02 5.199774634e-03 9.690181352e-03
      vertex 4.413967952e-02 5.788275506e-03 9.857631288e-03
    endloop
  endfacet
  facet normal -8.961027116e-02 -9.019515663e-02 -9.918844104e-01
    outer loop
      vertex 4.413327202e-02 4.947511479e-03 1.002272125e-02
      vertex 4.387313500e-02 4.728506319e-03 1.006613672e-02
      vertex 4.412299395e-02 4.608310293e-03 1.005449425e-02
    endloop
  endfacet
  facet normal -2.331886068e-02 -1.870236248e-01 -9.820785522e-01
    outer loop
      vertex 3.659687936e-02 4.806566518e-03 1.025526971e-02
      vertex 4.369634017e-02 5.427259486e-03 9.968497790e-03
      vertex 2.906665951e-02 4.704963882e-03 1.045341603e-02
    endloop
  endfacet
  facet normal -2.429833449e-02 -1.317754090e-01 -9.909816980e-01
    outer loop
      vertex 3.659687936e-02 4.806566518e-03 1.025526971e-02
      vertex 2.906665951e-02 4.704963882e-03 1.045341603e-02
      vertex 2.871722914e-02 4.058178980e-03 1.054798998e-02
    endloop
  endfacet
  facet normal -8.928143233e-02 -4.281962514e-01 -8.992645741e-01
    outer loop
      vertex 4.397390783e-02 6.746686064e-03 9.485334158e-03
      vertex 4.397371784e-02 6.277516950e-03 9.708754718e-03
      vertex 4.413943365e-02 6.278319750e-03 9.691919200e-03
    endloop
  endfacet
  facet normal -1.021481678e-01 -2.204634696e-01 -9.700317383e-01
    outer loop
      vertex 4.413967952e-02 5.788275506e-03 9.857631288e-03
      vertex 4.699998721e-02 5.199774634e-03 9.690181352e-03
      vertex 4.699998721e-02 5.823444575e-03 9.548436850e-03
    endloop
  endfacet
  facet normal -9.798692167e-02 -3.188416660e-01 -9.427292943e-01
    outer loop
      vertex 4.413967952e-02 5.788275506e-03 9.857631288e-03
      vertex 4.699998721e-02 5.823444575e-03 9.548436850e-03
      vertex 4.413943365e-02 6.278319750e-03 9.691919200e-03
    endloop
  endfacet
  facet normal -9.427353740e-02 -3.189494312e-01 -9.430715442e-01
    outer loop
      vertex 4.413967952e-02 5.788275506e-03 9.857631288e-03
      vertex 4.413943365e-02 6.278319750e-03 9.691919200e-03
      vertex 4.397371784e-02 6.277516950e-03 9.708754718e-03
    endloop
  endfacet
  facet normal -4.005004466e-01 -6.951727867e-01 -5.969374180e-01
    outer loop
      vertex 4.699998721e-02 7.322419900e-03 8.701082319e-03
      vertex 5.098339543e-02 7.424999960e-03 5.909052677e-03
      vertex 4.699998721e-02 7.677109912e-03 8.288022131e-03
    endloop
  endfacet
  facet normal -4.651598930e-01 -5.615910888e-01 -6.842820048e-01
    outer loop
      vertex 4.699998721e-02 7.322419900e-03 8.701082319e-03
      vertex 4.699998721e-02 6.889823359e-03 9.056122974e-03
      vertex 5.098339543e-02 7.424999960e-03 5.909052677e-03
    endloop
  endfacet
  facet normal -6.181986332e-01 -1.741986275e-01 -7.664759159e-01
    outer loop
      vertex 5.166332051e-02 7.149999961e-03 5.485747475e-03
      vertex 4.699998721e-02 5.823444575e-03 9.548436850e-03
      vertex 4.699998721e-02 5.199774634e-03 9.690181352e-03
    endloop
  endfacet
  facet normal -5.916764140e-01 -2.585741580e-01 -7.635827065e-01
    outer loop
      vertex 5.166332051e-02 7.149999961e-03 5.485747475e-03
      vertex 5.161559582e-02 7.424999960e-03 5.429605488e-03
      vertex 4.699998721e-02 5.823444575e-03 9.548436850e-03
    endloop
  endfacet
  facet normal -6.656823754e-01 -2.584467828e-01 -7.000516653e-01
    outer loop
      vertex 5.166332051e-02 7.149999961e-03 5.485747475e-03
      vertex 5.224424973e-02 7.149999961e-03 4.933339078e-03
      vertex 5.161559582e-02 7.424999960e-03 5.429605488e-03
    endloop
  endfacet
  facet normal -6.488279104e-01 -7.993790507e-02 -7.567246556e-01
    outer loop
      vertex 5.166332051e-02 7.149999961e-03 5.485747475e-03
      vertex 4.699998721e-02 5.199774634e-03 9.690181352e-03
      vertex 4.699998721e-02 4.525149241e-03 9.761445224e-03
    endloop
  endfacet
  facet normal -1.356996316e-02 9.982931614e-01 -5.680397898e-02
    outer loop
      vertex 3.938763961e-02 -8.981878869e-03 5.153837614e-03
      vertex 1.873116940e-02 -9.269864298e-03 5.027313251e-03
      vertex 3.881825507e-02 -9.009888396e-03 4.797600675e-03
    endloop
  endfacet
  facet normal -1.337376144e-02 9.963434935e-01 -8.438385278e-02
    outer loop
      vertex 3.938763961e-02 -8.981878869e-03 5.153837614e-03
      vertex 3.930615634e-02 -8.948908187e-03 5.556041375e-03
      vertex 1.873116940e-02 -9.269864298e-03 5.027313251e-03
    endloop
  endfacet
  facet normal -3.710698336e-02 9.442975521e-01 -3.269940615e-01
    outer loop
      vertex 4.105775803e-02 -8.537380956e-03 7.181952242e-03
      vertex 4.699998721e-02 -8.609277196e-03 6.300006062e-03
      vertex 4.144372791e-02 -8.461394347e-03 7.357588504e-03
    endloop
  endfacet
  facet normal -3.415563703e-02 9.508880973e-01 -3.076444268e-01
    outer loop
      vertex 4.105775803e-02 -8.537380956e-03 7.181952242e-03
      vertex 4.069201276e-02 -8.704622276e-03 6.705637556e-03
      vertex 4.699998721e-02 -8.609277196e-03 6.300006062e-03
    endloop
  endfacet
  facet normal -1.062626857e-02 9.260330200e-01 -3.772929013e-01
    outer loop
      vertex 4.105775803e-02 -8.537380956e-03 7.181952242e-03
      vertex 4.144372791e-02 -8.461394347e-03 7.357588504e-03
      vertex 1.345986687e-02 -8.871152997e-03 7.140017580e-03
    endloop
  endfacet
  facet normal -1.069646236e-02 9.304498434e-01 -3.662630320e-01
    outer loop
      vertex 4.105775803e-02 -8.537380956e-03 7.181952242e-03
      vertex 1.345986687e-02 -8.871152997e-03 7.140017580e-03
      vertex 1.876389049e-02 -8.952353150e-03 6.778838579e-03
    endloop
  endfacet
  facet normal -1.134777721e-02 9.402420521e-01 -3.403177857e-01
    outer loop
      vertex 4.105775803e-02 -8.537380956e-03 7.181952242e-03
      vertex 1.876389049e-02 -8.952353150e-03 6.778838579e-03
      vertex 4.045436531e-02 -8.649558760e-03 6.892147474e-03
    endloop
  endfacet
  facet normal -2.597879060e-02 9.492785335e-01 -3.133612573e-01
    outer loop
      vertex 4.105775803e-02 -8.537380956e-03 7.181952242e-03
      vertex 4.045436531e-02 -8.649558760e-03 6.892147474e-03
      vertex 4.069201276e-02 -8.704622276e-03 6.705637556e-03
    endloop
  endfacet
  facet normal -1.055614464e-02 9.239481091e-01 -3.823722005e-01
    outer loop
      vertex 1.345986687e-02 -8.871152997e-03 7.140017580e-03
      vertex 4.144372791e-02 -8.461394347e-03 7.357588504e-03
      vertex 1.566985995e-02 -8.664211258e-03 7.579048164e-03
    endloop
  endfacet
  facet normal -2.864466235e-02 9.759615064e-01 -2.160522044e-01
    outer loop
      vertex 4.069201276e-02 -8.704622276e-03 6.705637556e-03
      vertex 3.985057026e-02 -8.829995058e-03 6.250853185e-03
      vertex 4.699998721e-02 -8.609277196e-03 6.300006062e-03
    endloop
  endfacet
  facet normal -1.177830622e-02 9.548347592e-01 -2.969035506e-01
    outer loop
      vertex 4.069201276e-02 -8.704622276e-03 6.705637556e-03
      vertex 4.045436531e-02 -8.649558760e-03 6.892147474e-03
      vertex 1.876389049e-02 -8.952353150e-03 6.778838579e-03
    endloop
  endfacet
  facet normal -1.177036576e-02 9.693383574e-01 -2.454475909e-01
    outer loop
      vertex 4.069201276e-02 -8.704622276e-03 6.705637556e-03
      vertex 1.876389049e-02 -8.952353150e-03 6.778838579e-03
      vertex 3.985057026e-02 -8.829995058e-03 6.250853185e-03
    endloop
  endfacet
  facet normal -4.595141858e-03 9.708431959e-01 -2.396715134e-01
    outer loop
      vertex 1.344593428e-02 -9.048522450e-03 6.592453923e-03
      vertex 1.321228500e-02 -9.079557844e-03 6.471221335e-03
      vertex 1.330003701e-02 -9.124267846e-03 6.288435776e-03
    endloop
  endfacet
  facet normal -9.195365012e-03 9.710561037e-01 -2.386743128e-01
    outer loop
      vertex 1.344593428e-02 -9.048522450e-03 6.592453923e-03
      vertex 1.874808967e-02 -9.162125178e-03 5.925976206e-03
      vertex 1.876389049e-02 -8.952353150e-03 6.778838579e-03
    endloop
  endfacet
  facet normal -9.061522782e-03 9.713087082e-01 -2.376492172e-01
    outer loop
      vertex 1.344593428e-02 -9.048522450e-03 6.592453923e-03
      vertex 1.330003701e-02 -9.124267846e-03 6.288435776e-03
      vertex 1.874808967e-02 -9.162125178e-03 5.925976206e-03
    endloop
  endfacet
  facet normal 6.401509792e-02 9.906282425e-01 -1.206557602e-01
    outer loop
      vertex 1.304393541e-02 -9.271001443e-03 5.178818945e-03
      vertex 1.341976505e-02 -9.262468666e-03 5.448275711e-03
      vertex 1.304023154e-02 -9.187156335e-03 5.865251645e-03
    endloop
  endfacet
  facet normal 4.497599974e-02 9.945347309e-01 -9.422192723e-02
    outer loop
      vertex 1.304393541e-02 -9.271001443e-03 5.178818945e-03
      vertex 1.330003608e-02 -9.305488318e-03 4.937057849e-03
      vertex 1.341976505e-02 -9.262468666e-03 5.448275711e-03
    endloop
  endfacet
  facet normal 1.151974648e-01 9.919278622e-01 -5.299616233e-02
    outer loop
      vertex 1.304393541e-02 -9.271001443e-03 5.178818945e-03
      vertex 1.140002441e-02 -9.074811824e-03 5.277527031e-03
      vertex 1.255703997e-02 -9.238217957e-03 4.734097980e-03
    endloop
  endfacet
  facet normal 9.987379611e-02 9.943471551e-01 -3.604051098e-02
    outer loop
      vertex 1.304393541e-02 -9.271001443e-03 5.178818945e-03
      vertex 1.255703997e-02 -9.238217957e-03 4.734097980e-03
      vertex 1.330003608e-02 -9.305488318e-03 4.937057849e-03
    endloop
  endfacet
  facet normal 1.105452850e-01 9.866104722e-01 -1.199150383e-01
    outer loop
      vertex 1.304393541e-02 -9.271001443e-03 5.178818945e-03
      vertex 1.304023154e-02 -9.187156335e-03 5.865251645e-03
      vertex 1.140002441e-02 -9.074811824e-03 5.277527031e-03
    endloop
  endfacet
  facet normal -7.490271237e-03 9.936854839e-01 -1.119503900e-01
    outer loop
      vertex 1.349991094e-02 -9.275075048e-03 5.331031978e-03
      vertex 1.873116940e-02 -9.269864298e-03 5.027313251e-03
      vertex 1.341976505e-02 -9.262468666e-03 5.448275711e-03
    endloop
  endfacet
  facet normal -5.306464154e-03 9.972224832e-01 -7.429178059e-02
    outer loop
      vertex 1.349991094e-02 -9.275075048e-03 5.331031978e-03
      vertex 1.330003608e-02 -9.305488318e-03 4.937057849e-03
      vertex 1.873116940e-02 -9.269864298e-03 5.027313251e-03
    endloop
  endfacet
  facet normal 2.535489947e-02 9.956438541e-01 -8.972366899e-02
    outer loop
      vertex 1.349991094e-02 -9.275075048e-03 5.331031978e-03
      vertex 1.341976505e-02 -9.262468666e-03 5.448275711e-03
      vertex 1.330003608e-02 -9.305488318e-03 4.937057849e-03
    endloop
  endfacet
  facet normal 3.011278622e-02 9.858345985e-01 -1.649949104e-01
    outer loop
      vertex 1.349993329e-02 -9.153686464e-03 6.149139255e-03
      vertex 1.330003701e-02 -9.124267846e-03 6.288435776e-03
      vertex 1.304023154e-02 -9.187156335e-03 5.865251645e-03
    endloop
  endfacet
  facet normal 2.448273823e-02 9.874435663e-01 -1.560629755e-01
    outer loop
      vertex 1.349993329e-02 -9.153686464e-03 6.149139255e-03
      vertex 1.304023154e-02 -9.187156335e-03 5.865251645e-03
      vertex 1.341976505e-02 -9.262468666e-03 5.448275711e-03
    endloop
  endfacet
  facet normal -7.664020173e-03 9.761085510e-01 -2.171481103e-01
    outer loop
      vertex 1.349993329e-02 -9.153686464e-03 6.149139255e-03
      vertex 1.874808967e-02 -9.162125178e-03 5.925976206e-03
      vertex 1.330003701e-02 -9.124267846e-03 6.288435776e-03
    endloop
  endfacet
  facet normal -4.909451585e-03 9.882412553e-01 -1.528235823e-01
    outer loop
      vertex 1.349993329e-02 -9.153686464e-03 6.149139255e-03
      vertex 1.341976505e-02 -9.262468666e-03 5.448275711e-03
      vertex 1.874808967e-02 -9.162125178e-03 5.925976206e-03
    endloop
  endfacet
  facet normal 1.086541489e-01 9.730016589e-01 -2.036221921e-01
    outer loop
      vertex 1.321228500e-02 -9.079557844e-03 6.471221335e-03
      vertex 1.140002441e-02 -8.845326491e-03 6.623456720e-03
      vertex 1.304023154e-02 -9.187156335e-03 5.865251645e-03
    endloop
  endfacet
  facet normal 8.568350226e-02 9.765068889e-01 -1.977183521e-01
    outer loop
      vertex 1.321228500e-02 -9.079557844e-03 6.471221335e-03
      vertex 1.304023154e-02 -9.187156335e-03 5.865251645e-03
      vertex 1.330003701e-02 -9.124267846e-03 6.288435776e-03
    endloop
  endfacet
  facet normal 1.040259674e-01 9.639729261e-01 -2.448159754e-01
    outer loop
      vertex 1.321228500e-02 -9.079557844e-03 6.471221335e-03
      vertex 1.303618681e-02 -9.042934515e-03 6.540597416e-03
      vertex 1.140002441e-02 -8.845326491e-03 6.623456720e-03
    endloop
  endfacet
  facet normal 8.173283190e-02 9.519688487e-01 -2.950850427e-01
    outer loop
      vertex 1.321228500e-02 -9.079557844e-03 6.471221335e-03
      vertex 1.320988499e-02 -8.876774460e-03 7.124763913e-03
      vertex 1.303618681e-02 -9.042934515e-03 6.540597416e-03
    endloop
  endfacet
  facet normal 5.168317631e-02 9.986041188e-01 -1.089297328e-02
    outer loop
      vertex 1.338950358e-02 -9.326029569e-03 3.909911029e-03
      vertex 1.350000035e-02 -9.326362051e-03 4.403621424e-03
      vertex 1.340418961e-02 -9.318330325e-03 4.685302731e-03
    endloop
  endfacet
  facet normal 5.517042428e-02 9.984167814e-01 -1.096073259e-02
    outer loop
      vertex 1.338950358e-02 -9.326029569e-03 3.909911029e-03
      vertex 1.340418961e-02 -9.318330325e-03 4.685302731e-03
      vertex 1.305022929e-02 -9.308546782e-03 3.794668242e-03
    endloop
  endfacet
  facet normal 4.128831998e-02 9.986981750e-01 2.995567396e-02
    outer loop
      vertex 1.338950358e-02 -9.326029569e-03 3.909911029e-03
      vertex 1.305022929e-02 -9.308546782e-03 3.794668242e-03
      vertex 1.330004074e-02 -9.299181402e-03 3.138084663e-03
    endloop
  endfacet
  facet normal 2.189621096e-03 9.994019866e-01 3.450961411e-02
    outer loop
      vertex 1.338950358e-02 -9.326029569e-03 3.909911029e-03
      vertex 1.330004074e-02 -9.299181402e-03 3.138084663e-03
      vertex 1.350000128e-02 -9.300008416e-03 3.149347380e-03
    endloop
  endfacet
  facet normal -5.504251458e-03 9.999829531e-01 1.905259094e-03
    outer loop
      vertex 1.338950358e-02 -9.326029569e-03 3.909911029e-03
      vertex 1.871319488e-02 -9.297072887e-03 4.091922194e-03
      vertex 1.350000035e-02 -9.326362051e-03 4.403621424e-03
    endloop
  endfacet
  facet normal -6.572471000e-03 9.994258285e-01 3.323761746e-02
    outer loop
      vertex 1.338950358e-02 -9.326029569e-03 3.909911029e-03
      vertex 1.350000128e-02 -9.300008416e-03 3.149347380e-03
      vertex 1.871319488e-02 -9.297072887e-03 4.091922194e-03
    endloop
  endfacet
  facet normal 4.965844564e-04 9.974377155e-01 7.153893262e-02
    outer loop
      vertex 1.330004074e-02 -9.299181402e-03 3.138084663e-03
      vertex 1.335011236e-02 -9.192486294e-03 1.650127466e-03
      vertex 4.699999839e-02 -8.700000122e-03 -5.450000055e-03
    endloop
  endfacet
  facet normal 1.684743620e-04 9.975292087e-01 7.025321573e-02
    outer loop
      vertex 1.330004074e-02 -9.299181402e-03 3.138084663e-03
      vertex 4.699999839e-02 -8.700000122e-03 -5.450000055e-03
      vertex 1.350000128e-02 -9.300008416e-03 3.149347380e-03
    endloop
  endfacet
  facet normal 2.527933009e-02 9.970591664e-01 7.234581560e-02
    outer loop
      vertex 1.330004074e-02 -9.299181402e-03 3.138084663e-03
      vertex 1.305507310e-02 -9.240242653e-03 2.411394147e-03
      vertex 1.335011236e-02 -9.192486294e-03 1.650127466e-03
    endloop
  endfacet
  facet normal 9.263525903e-02 9.944725037e-01 4.942908883e-02
    outer loop
      vertex 1.330004074e-02 -9.299181402e-03 3.138084663e-03
      vertex 1.305022929e-02 -9.308546782e-03 3.794668242e-03
      vertex 1.305507310e-02 -9.240242653e-03 2.411394147e-03
    endloop
  endfacet
  facet normal -5.664357916e-03 9.985635281e-01 -5.328079313e-02
    outer loop
      vertex 1.340418961e-02 -9.318330325e-03 4.685302731e-03
      vertex 1.873116940e-02 -9.269864298e-03 5.027313251e-03
      vertex 1.330003608e-02 -9.305488318e-03 4.937057849e-03
    endloop
  endfacet
  facet normal -7.108673453e-03 9.994966388e-01 -3.091941774e-02
    outer loop
      vertex 1.340418961e-02 -9.318330325e-03 4.685302731e-03
      vertex 1.350000035e-02 -9.326362051e-03 4.403621424e-03
      vertex 1.873116940e-02 -9.269864298e-03 5.027313251e-03
    endloop
  endfacet
  facet normal 7.619344443e-02 9.969056249e-01 -1.933021471e-02
    outer loop
      vertex 1.340418961e-02 -9.318330325e-03 4.685302731e-03
      vertex 1.330003608e-02 -9.305488318e-03 4.937057849e-03
      vertex 1.305022929e-02 -9.308546782e-03 3.794668242e-03
    endloop
  endfacet
  facet normal 1.304931343e-01 9.912428856e-01 -2.022634074e-02
    outer loop
      vertex 1.255703997e-02 -9.238217957e-03 4.734097980e-03
      vertex 1.140002441e-02 -9.074811824e-03 5.277527031e-03
      vertex 1.255996060e-02 -9.253255092e-03 4.016040359e-03
    endloop
  endfacet
  facet normal 9.658711404e-02 9.950402975e-01 -2.378482372e-02
    outer loop
      vertex 1.255703997e-02 -9.238217957e-03 4.734097980e-03
      vertex 1.305022929e-02 -9.308546782e-03 3.794668242e-03
      vertex 1.330003608e-02 -9.305488318e-03 4.937057849e-03
    endloop
  endfacet
  facet normal 1.029417440e-01 9.944779873e-01 -2.041153423e-02
    outer loop
      vertex 1.255703997e-02 -9.238217957e-03 4.734097980e-03
      vertex 1.255996060e-02 -9.253255092e-03 4.016040359e-03
      vertex 1.305022929e-02 -9.308546782e-03 3.794668242e-03
    endloop
  endfacet
  facet normal 1.098929271e-01 9.909273982e-01 7.737118006e-02
    outer loop
      vertex 1.256815810e-02 -9.087583050e-03 1.147772069e-03
      vertex 1.305507310e-02 -9.240242653e-03 2.411394147e-03
      vertex 1.256473921e-02 -9.199055843e-03 2.580336761e-03
    endloop
  endfacet
  facet normal 1.099087000e-01 9.909257889e-01 7.737045735e-02
    outer loop
      vertex 1.256815810e-02 -9.087583050e-03 1.147772069e-03
      vertex 1.256473921e-02 -9.199055843e-03 2.580336761e-03
      vertex 1.140002441e-02 -8.880928159e-03 1.604197896e-04
    endloop
  endfacet
  facet normal -9.559070691e-03 8.881988525e-01 -4.593596756e-01
    outer loop
      vertex 4.218441620e-02 -8.151982911e-03 8.017711341e-03
      vertex 1.320735458e-02 -8.602774702e-03 7.749082521e-03
      vertex 1.566985995e-02 -8.664211258e-03 7.579048164e-03
    endloop
  endfacet
  facet normal -9.814876132e-03 8.931394815e-01 -4.496725202e-01
    outer loop
      vertex 4.218441620e-02 -8.151982911e-03 8.017711341e-03
      vertex 1.566985995e-02 -8.664211258e-03 7.579048164e-03
      vertex 4.225518927e-02 -8.195728995e-03 7.929277606e-03
    endloop
  endfacet
  facet normal -9.309004992e-03 8.806531429e-01 -4.736701846e-01
    outer loop
      vertex 4.218441620e-02 -8.151982911e-03 8.017711341e-03
      vertex 4.195293784e-02 -8.117728867e-03 8.085945621e-03
      vertex 1.320735458e-02 -8.602774702e-03 7.749082521e-03
    endloop
  endfacet
  facet normal -3.148845211e-02 8.856416941e-01 -4.633004963e-01
    outer loop
      vertex 4.218441620e-02 -8.151982911e-03 8.017711341e-03
      vertex 4.225518927e-02 -8.195728995e-03 7.929277606e-03
      vertex 4.289089143e-02 -8.093136363e-03 8.082184009e-03
    endloop
  endfacet
  facet normal -1.888618246e-02 8.663870692e-01 -4.990158081e-01
    outer loop
      vertex 4.218441620e-02 -8.151982911e-03 8.017711341e-03
      vertex 4.309814796e-02 -7.901214063e-03 8.418514393e-03
      vertex 4.195293784e-02 -8.117728867e-03 8.085945621e-03
    endloop
  endfacet
  facet normal -2.897055633e-02 8.757550716e-01 -4.818856716e-01
    outer loop
      vertex 4.218441620e-02 -8.151982911e-03 8.017711341e-03
      vertex 4.289089143e-02 -8.093136363e-03 8.082184009e-03
      vertex 4.309814796e-02 -7.901214063e-03 8.418514393e-03
    endloop
  endfacet
  facet normal -1.283290051e-02 9.896770716e-01 -1.427393556e-01
    outer loop
      vertex 4.000214860e-02 -8.880537003e-03 5.967522506e-03
      vertex 1.874808967e-02 -9.162125178e-03 5.925976206e-03
      vertex 3.930615634e-02 -8.948908187e-03 5.556041375e-03
    endloop
  endfacet
  facet normal -8.093146607e-03 6.554698944e-01 -7.551779151e-01
    outer loop
      vertex 3.653404489e-02 -7.451285142e-03 9.036059491e-03
      vertex 4.358606786e-02 -7.338682655e-03 9.058219381e-03
      vertex 1.319886465e-02 -7.375222165e-03 9.352158755e-03
    endloop
  endfacet
  facet normal -7.640807424e-03 7.270632386e-01 -6.865279675e-01
    outer loop
      vertex 3.653404489e-02 -7.451285142e-03 9.036059491e-03
      vertex 1.320181694e-02 -7.849250920e-03 8.874279447e-03
      vertex 4.340019077e-02 -7.535133511e-03 8.870842867e-03
    endloop
  endfacet
  facet normal -7.534554694e-03 7.226939201e-01 -6.911272407e-01
    outer loop
      vertex 3.653404489e-02 -7.451285142e-03 9.036059491e-03
      vertex 1.350010559e-02 -7.519776002e-03 9.215551428e-03
      vertex 1.320181694e-02 -7.849250920e-03 8.874279447e-03
    endloop
  endfacet
  facet normal -7.742650807e-03 6.782598495e-01 -7.347814441e-01
    outer loop
      vertex 3.653404489e-02 -7.451285142e-03 9.036059491e-03
      vertex 1.319886465e-02 -7.375222165e-03 9.352158755e-03
      vertex 1.350010559e-02 -7.519776002e-03 9.215551428e-03
    endloop
  endfacet
  facet normal 9.031324089e-02 6.085815430e-01 -7.883349061e-01
    outer loop
      vertex 1.330010220e-02 -7.059884723e-03 9.607192129e-03
      vertex 1.140002441e-02 -6.902753841e-03 9.510817006e-03
      vertex 1.319886465e-02 -7.375222165e-03 9.352158755e-03
    endloop
  endfacet
  facet normal 9.001548588e-02 6.017412543e-01 -7.936023474e-01
    outer loop
      vertex 1.330010220e-02 -7.059884723e-03 9.607192129e-03
      vertex 1.319574751e-02 -6.843036972e-03 9.759778157e-03
      vertex 1.140002441e-02 -6.902753841e-03 9.510817006e-03
    endloop
  endfacet
  facet normal -7.964244112e-03 5.728819370e-01 -8.195992708e-01
    outer loop
      vertex 1.330010220e-02 -7.059884723e-03 9.607192129e-03
      vertex 3.655038401e-02 -6.906818133e-03 9.488253854e-03
      vertex 1.319574751e-02 -6.843036972e-03 9.759778157e-03
    endloop
  endfacet
  facet normal -8.121043444e-03 6.303941607e-01 -7.762327790e-01
    outer loop
      vertex 1.330010220e-02 -7.059884723e-03 9.607192129e-03
      vertex 1.319886465e-02 -7.375222165e-03 9.352158755e-03
      vertex 3.655038401e-02 -6.906818133e-03 9.488253854e-03
    endloop
  endfacet
  facet normal -8.454209194e-03 6.330524087e-01 -7.740628123e-01
    outer loop
      vertex 4.367209598e-02 -7.117532659e-03 9.238142520e-03
      vertex 3.655038401e-02 -6.906818133e-03 9.488253854e-03
      vertex 4.358606786e-02 -7.338682655e-03 9.058219381e-03
    endloop
  endfacet
  facet normal -1.185426768e-02 5.724789500e-01 -8.198336363e-01
    outer loop
      vertex 4.367209598e-02 -7.117532659e-03 9.238142520e-03
      vertex 4.387928545e-02 -7.092863787e-03 9.252373129e-03
      vertex 3.655038401e-02 -6.906818133e-03 9.488253854e-03
    endloop
  endfacet
  facet normal -2.279061265e-02 6.362754107e-01 -7.711251974e-01
    outer loop
      vertex 4.367209598e-02 -7.117532659e-03 9.238142520e-03
      vertex 4.358606786e-02 -7.338682655e-03 9.058219381e-03
      vertex 4.387928545e-02 -7.092863787e-03 9.252373129e-03
    endloop
  endfacet
  facet normal -7.787073031e-03 7.412813306e-01 -6.711492538e-01
    outer loop
      vertex 4.315233976e-02 -7.669590414e-03 8.725211024e-03
      vertex 4.340019077e-02 -7.535133511e-03 8.870842867e-03
      vertex 1.320181694e-02 -7.849250920e-03 8.874279447e-03
    endloop
  endfacet
  facet normal 8.899894357e-02 8.597694635e-01 -5.028675199e-01
    outer loop
      vertex 1.320467517e-02 -8.259329014e-03 8.335810155e-03
      vertex 1.140002441e-02 -8.406798355e-03 7.764284499e-03
      vertex 1.320735458e-02 -8.602774702e-03 7.749082521e-03
    endloop
  endfacet
  facet normal 1.457678527e-02 8.629556894e-01 -5.050693154e-01
    outer loop
      vertex 1.320467517e-02 -8.259329014e-03 8.335810155e-03
      vertex 1.320735458e-02 -8.602774702e-03 7.749082521e-03
      vertex 1.350012608e-02 -8.329752833e-03 8.224011399e-03
    endloop
  endfacet
  facet normal 1.095986292e-01 8.223894238e-01 -5.582685471e-01
    outer loop
      vertex 1.320467517e-02 -8.259329014e-03 8.335810155e-03
      vertex 1.140002441e-02 -7.729665376e-03 8.761772886e-03
      vertex 1.140002441e-02 -8.406798355e-03 7.764284499e-03
    endloop
  endfacet
  facet normal 9.046456963e-02 7.928738594e-01 -6.026335359e-01
    outer loop
      vertex 1.320467517e-02 -8.259329014e-03 8.335810155e-03
      vertex 1.330004912e-02 -7.972440682e-03 8.727580309e-03
      vertex 1.140002441e-02 -7.729665376e-03 8.761772886e-03
    endloop
  endfacet
  facet normal -7.046574354e-02 8.562142253e-01 -5.117926598e-01
    outer loop
      vertex 4.700008035e-02 -7.811547257e-03 8.038346656e-03
      vertex 4.700010642e-02 -7.682409603e-03 8.254386485e-03
      vertex 4.329628497e-02 -7.945660502e-03 8.323929273e-03
    endloop
  endfacet
  facet normal -7.046491653e-02 8.562148213e-01 -5.117918253e-01
    outer loop
      vertex 4.700008035e-02 -7.811547257e-03 8.038346656e-03
      vertex 4.329628497e-02 -7.945660502e-03 8.323929273e-03
      vertex 4.700004682e-02 -7.982932031e-03 7.751628291e-03
    endloop
  endfacet
  facet normal -2.979103625e-01 8.193801641e-01 -4.897607565e-01
    outer loop
      vertex 4.700008035e-02 -7.811547257e-03 8.038346656e-03
      vertex 5.019185692e-02 -8.633012883e-03 4.722504877e-03
      vertex 4.700010642e-02 -7.682409603e-03 8.254386485e-03
    endloop
  endfacet
  facet normal -2.979010344e-01 8.193898201e-01 -4.897500873e-01
    outer loop
      vertex 4.700008035e-02 -7.811547257e-03 8.038346656e-03
      vertex 4.700004682e-02 -7.982932031e-03 7.751628291e-03
      vertex 5.019185692e-02 -8.633012883e-03 4.722504877e-03
    endloop
  endfacet
  facet normal -5.961130187e-02 8.495775461e-01 -5.240843892e-01
    outer loop
      vertex 4.372027889e-02 -7.746536285e-03 8.598485962e-03
      vertex 4.309814796e-02 -7.901214063e-03 8.418514393e-03
      vertex 4.329628497e-02 -7.945660502e-03 8.323929273e-03
    endloop
  endfacet
  facet normal -7.045885921e-02 8.560585976e-01 -5.120538473e-01
    outer loop
      vertex 4.372027889e-02 -7.746536285e-03 8.598485962e-03
      vertex 4.329628497e-02 -7.945660502e-03 8.323929273e-03
      vertex 4.700010642e-02 -7.682409603e-03 8.254386485e-03
    endloop
  endfacet
  facet normal -3.256775811e-02 8.765838742e-01 -4.801456332e-01
    outer loop
      vertex 4.329628497e-02 -7.945660502e-03 8.323929273e-03
      vertex 4.309814796e-02 -7.901214063e-03 8.418514393e-03
      vertex 4.289089143e-02 -8.093136363e-03 8.082184009e-03
    endloop
  endfacet
  facet normal -5.975588784e-02 8.935736418e-01 -4.449218810e-01
    outer loop
      vertex 4.329628497e-02 -7.945660502e-03 8.323929273e-03
      vertex 4.289089143e-02 -8.093136363e-03 8.082184009e-03
      vertex 4.700004682e-02 -7.982932031e-03 7.751628291e-03
    endloop
  endfacet
  facet normal -8.783001453e-02 5.029360056e-01 -8.598495126e-01
    outer loop
      vertex 4.413959756e-02 -6.547763012e-03 9.562866762e-03
      vertex 4.397384822e-02 -6.547507364e-03 9.579945356e-03
      vertex 4.396848008e-02 -6.998040248e-03 9.316961281e-03
    endloop
  endfacet
  facet normal -9.704168886e-02 4.989918470e-01 -8.611562252e-01
    outer loop
      vertex 4.413959756e-02 -6.547763012e-03 9.562866762e-03
      vertex 4.699994996e-02 -6.897650659e-03 9.037801065e-03
      vertex 4.699986801e-02 -6.421595812e-03 9.313656949e-03
    endloop
  endfacet
  facet normal -1.194536779e-02 5.705646873e-01 -8.211658001e-01
    outer loop
      vertex 4.396848008e-02 -6.998040248e-03 9.316961281e-03
      vertex 3.655038401e-02 -6.906818133e-03 9.488253854e-03
      vertex 4.387928545e-02 -7.092863787e-03 9.252373129e-03
    endloop
  endfacet
  facet normal -1.261701528e-02 5.464341640e-01 -8.374069929e-01
    outer loop
      vertex 4.396848008e-02 -6.998040248e-03 9.316961281e-03
      vertex 4.369677603e-02 -6.804801524e-03 9.447149001e-03
      vertex 3.655038401e-02 -6.906818133e-03 9.488253854e-03
    endloop
  endfacet
  facet normal -5.471131206e-02 5.038560033e-01 -8.620532751e-01
    outer loop
      vertex 4.396848008e-02 -6.998040248e-03 9.316961281e-03
      vertex 4.397384822e-02 -6.547507364e-03 9.579945356e-03
      vertex 4.369677603e-02 -6.804801524e-03 9.447149001e-03
    endloop
  endfacet
  facet normal -9.248550981e-02 6.404489279e-01 -7.624116540e-01
    outer loop
      vertex 4.700002447e-02 -7.121036761e-03 8.850140497e-03
      vertex 4.387928545e-02 -7.092863787e-03 9.252373129e-03
      vertex 4.700009525e-02 -7.332820445e-03 8.672226220e-03
    endloop
  endfacet
  facet normal -9.248486906e-02 6.404486299e-01 -7.624120116e-01
    outer loop
      vertex 4.700002447e-02 -7.121036761e-03 8.850140497e-03
      vertex 4.699994996e-02 -6.897650659e-03 9.037801065e-03
      vertex 4.387928545e-02 -7.092863787e-03 9.252373129e-03
    endloop
  endfacet
  facet normal 1.165879071e-01 -9.398924708e-01 3.209505677e-01
    outer loop
      vertex 1.306139026e-02 7.863110863e-03 -6.050752942e-03
      vertex 1.140002441e-02 7.421106566e-03 -6.741640158e-03
      vertex 1.140002441e-02 8.006481454e-03 -5.027396139e-03
    endloop
  endfacet
  facet normal 1.622159034e-02 -9.657981396e-01 2.587871552e-01
    outer loop
      vertex 1.350021176e-02 8.284398355e-03 -4.701149650e-03
      vertex 4.699999839e-02 8.700000122e-03 -5.249999929e-03
      vertex 4.699999839e-02 8.633012883e-03 -5.499999970e-03
    endloop
  endfacet
  facet normal 9.640341252e-02 -9.822859764e-01 1.606878340e-01
    outer loop
      vertex 1.306149829e-02 8.608378470e-03 -3.194171470e-03
      vertex 1.140002441e-02 8.488242514e-03 -2.931774594e-03
      vertex 1.306158211e-02 8.848051541e-03 -1.729090698e-03
    endloop
  endfacet
  facet normal 8.097283542e-02 -9.836419821e-01 1.609093398e-01
    outer loop
      vertex 1.306149829e-02 8.608378470e-03 -3.194171470e-03
      vertex 1.306158211e-02 8.848051541e-03 -1.729090698e-03
      vertex 1.329972502e-02 8.722576313e-03 -2.615960082e-03
    endloop
  endfacet
  facet normal 1.042007059e-01 -9.709882140e-01 2.152300179e-01
    outer loop
      vertex 1.306149829e-02 8.608378470e-03 -3.194171470e-03
      vertex 1.306143031e-02 8.288509212e-03 -4.637189675e-03
      vertex 1.140002441e-02 8.488242514e-03 -2.931774594e-03
    endloop
  endfacet
  facet normal -7.236557081e-03 -9.995551109e-01 -2.893456630e-02
    outer loop
      vertex 1.340418961e-02 9.337946773e-03 4.685302731e-03
      vertex 1.873116940e-02 9.289479814e-03 5.027313251e-03
      vertex 1.871319488e-02 9.316688403e-03 4.091922194e-03
    endloop
  endfacet
  facet normal -8.039897308e-03 -9.928757548e-01 -1.188824400e-01
    outer loop
      vertex 1.341976505e-02 9.282085113e-03 5.448275711e-03
      vertex 1.874808967e-02 9.181740694e-03 5.925976206e-03
      vertex 1.873116940e-02 9.289479814e-03 5.027313251e-03
    endloop
  endfacet
  facet normal -2.736570500e-02 -9.995793700e-01 -9.607954882e-03
    outer loop
      vertex 3.909983486e-02 9.021707810e-03 4.879062995e-03
      vertex 5.193338543e-02 8.700000122e-03 1.795605756e-03
      vertex 3.863803670e-02 9.038266726e-03 4.471672699e-03
    endloop
  endfacet
  facet normal 6.565802544e-02 -9.943806529e-01 8.304367959e-02
    outer loop
      vertex 1.322278287e-02 9.269221686e-03 2.372777089e-03
      vertex 1.322470699e-02 9.155071341e-03 1.004391699e-03
      vertex 1.305853855e-02 9.146301076e-03 1.030755928e-03
    endloop
  endfacet
  facet normal -2.712360024e-01 -8.153740764e-01 5.114647746e-01
    outer loop
      vertex 4.975000024e-02 8.633012883e-03 -4.763139877e-03
      vertex 5.057999119e-02 7.626314182e-03 -5.927840713e-03
      vertex 4.989882186e-02 7.626314182e-03 -6.289074197e-03
    endloop
  endfacet
  facet normal -2.414864004e-01 -8.206683993e-01 5.178683996e-01
    outer loop
      vertex 4.975000024e-02 8.633012883e-03 -4.763139877e-03
      vertex 4.989882186e-02 7.626314182e-03 -6.289074197e-03
      vertex 4.888110980e-02 8.633012883e-03 -5.168309435e-03
    endloop
  endfacet
  facet normal -3.245763481e-01 -8.176777363e-01 4.754506052e-01
    outer loop
      vertex 4.975000024e-02 8.633012883e-03 -4.763139877e-03
      vertex 5.121678114e-02 7.626314182e-03 -5.493122619e-03
      vertex 5.057999119e-02 7.626314182e-03 -5.927840713e-03
    endloop
  endfacet
  facet normal -3.287501633e-01 -8.194451332e-01 4.695030451e-01
    outer loop
      vertex 4.975000024e-02 8.633012883e-03 -4.763139877e-03
      vertex 5.053533241e-02 8.633012883e-03 -4.213244654e-03
      vertex 5.121678114e-02 7.626314182e-03 -5.493122619e-03
    endloop
  endfacet
  facet normal -1.489782184e-01 -9.656800032e-01 2.127621174e-01
    outer loop
      vertex 4.975000024e-02 8.633012883e-03 -4.763139877e-03
      vertex 4.962500185e-02 8.700000122e-03 -4.546633456e-03
      vertex 5.053533241e-02 8.633012883e-03 -4.213244654e-03
    endloop
  endfacet
  facet normal -1.097712219e-01 -9.656792879e-01 2.354014665e-01
    outer loop
      vertex 4.975000024e-02 8.633012883e-03 -4.763139877e-03
      vertex 4.888110980e-02 8.633012883e-03 -5.168309435e-03
      vertex 4.879560694e-02 8.700000122e-03 -4.933386110e-03
    endloop
  endfacet
  facet normal -1.097700521e-01 -9.656777978e-01 2.354079634e-01
    outer loop
      vertex 4.975000024e-02 8.633012883e-03 -4.763139877e-03
      vertex 4.879560694e-02 8.700000122e-03 -4.933386110e-03
      vertex 4.962500185e-02 8.700000122e-03 -4.546633456e-03
    endloop
  endfacet
  facet normal -3.315411210e-01 -7.065618038e-01 6.251806617e-01
    outer loop
      vertex 4.989882186e-02 7.626314182e-03 -6.289074197e-03
      vertex 5.057999119e-02 7.626314182e-03 -5.927840713e-03
      vertex 5.068406463e-02 7.424999960e-03 -6.100166589e-03
    endloop
  endfacet
  facet normal -3.315460980e-01 -7.065547705e-01 6.251860857e-01
    outer loop
      vertex 4.989882186e-02 7.626314182e-03 -6.289074197e-03
      vertex 5.068406463e-02 7.424999960e-03 -6.100166589e-03
      vertex 4.998309165e-02 7.424999960e-03 -6.471901666e-03
    endloop
  endfacet
  facet normal -2.128529251e-01 -8.150738478e-01 5.388397574e-01
    outer loop
      vertex 4.989882186e-02 7.626314182e-03 -6.289074197e-03
      vertex 4.918171838e-02 7.626314182e-03 -6.572345737e-03
      vertex 4.888110980e-02 8.633012883e-03 -5.168309435e-03
    endloop
  endfacet
  facet normal -2.599880695e-01 -7.065604925e-01 6.581630111e-01
    outer loop
      vertex 4.989882186e-02 7.626314182e-03 -6.289074197e-03
      vertex 4.998309165e-02 7.424999960e-03 -6.471901666e-03
      vertex 4.918171838e-02 7.626314182e-03 -6.572345737e-03
    endloop
  endfacet
  facet normal -1.852139533e-01 -7.065602541e-01 6.829849482e-01
    outer loop
      vertex 4.843756929e-02 7.626314182e-03 -6.774143782e-03
      vertex 4.918171838e-02 7.626314182e-03 -6.572345737e-03
      vertex 4.924514145e-02 7.424999960e-03 -6.763407961e-03
    endloop
  endfacet
  facet normal -1.852121502e-01 -7.065547705e-01 6.829911470e-01
    outer loop
      vertex 4.843756929e-02 7.626314182e-03 -6.774143782e-03
      vertex 4.924514145e-02 7.424999960e-03 -6.763407961e-03
      vertex 4.847935960e-02 7.424999960e-03 -6.971071940e-03
    endloop
  endfacet
  facet normal -8.856602758e-02 -8.149201870e-01 5.727661848e-01
    outer loop
      vertex 4.843756929e-02 7.626314182e-03 -6.774143782e-03
      vertex 4.767559841e-02 7.626314182e-03 -6.891965866e-03
      vertex 4.795506597e-02 8.633012883e-03 -5.416442640e-03
    endloop
  endfacet
  facet normal -1.503967196e-01 -8.184120059e-01 5.546013117e-01
    outer loop
      vertex 4.843756929e-02 7.626314182e-03 -6.774143782e-03
      vertex 4.888110980e-02 8.633012883e-03 -5.168309435e-03
      vertex 4.918171838e-02 7.626314182e-03 -6.572345737e-03
    endloop
  endfacet
  facet normal -1.485490948e-01 -8.188903332e-01 5.543931723e-01
    outer loop
      vertex 4.843756929e-02 7.626314182e-03 -6.774143782e-03
      vertex 4.795506597e-02 8.633012883e-03 -5.416442640e-03
      vertex 4.888110980e-02 8.633012883e-03 -5.168309435e-03
    endloop
  endfacet
  facet normal -3.549121916e-01 -2.584444880e-01 8.984674811e-01
    outer loop
      vertex 4.924514145e-02 7.424999960e-03 -6.763407961e-03
      vertex 4.998309165e-02 7.424999960e-03 -6.471901666e-03
      vertex 4.926835746e-02 7.149999961e-03 -6.833341438e-03
    endloop
  endfacet
  facet normal -2.528344095e-01 -2.584495246e-01 9.323511124e-01
    outer loop
      vertex 4.924514145e-02 7.424999960e-03 -6.763407961e-03
      vertex 4.926835746e-02 7.149999961e-03 -6.833341438e-03
      vertex 4.847935960e-02 7.424999960e-03 -6.971071940e-03
    endloop
  endfacet
  facet normal -2.599887848e-01 -7.065558434e-01 6.581676006e-01
    outer loop
      vertex 4.924514145e-02 7.424999960e-03 -6.763407961e-03
      vertex 4.918171838e-02 7.626314182e-03 -6.572345737e-03
      vertex 4.998309165e-02 7.424999960e-03 -6.471901666e-03
    endloop
  endfacet
  facet normal -6.494475007e-01 8.647966897e-04 7.604058981e-01
    outer loop
      vertex 5.138423294e-02 7.149999961e-03 -5.711260717e-03
      vertex 5.209117010e-02 -7.199999876e-03 -5.091168918e-03
      vertex 5.123205483e-02 -7.199999876e-03 -5.824922584e-03
    endloop
  endfacet
  facet normal -6.521351933e-01 6.320984103e-04 7.581023574e-01
    outer loop
      vertex 5.138423294e-02 7.149999961e-03 -5.711260717e-03
      vertex 5.199196190e-02 7.149999961e-03 -5.188480020e-03
      vertex 5.209117010e-02 -7.199999876e-03 -5.091168918e-03
    endloop
  endfacet
  facet normal -5.446631908e-01 -2.584408820e-01 7.978410721e-01
    outer loop
      vertex 5.138423294e-02 7.149999961e-03 -5.711260717e-03
      vertex 5.072215572e-02 7.149999961e-03 -6.163242273e-03
      vertex 5.068406463e-02 7.424999960e-03 -6.100166589e-03
    endloop
  endfacet
  facet normal -5.446638465e-01 -2.584460378e-01 7.978389859e-01
    outer loop
      vertex 5.138423294e-02 7.149999961e-03 -5.711260717e-03
      vertex 5.068406463e-02 7.424999960e-03 -6.100166589e-03
      vertex 5.133936554e-02 7.424999960e-03 -5.652810913e-03
    endloop
  endfacet
  facet normal -5.638188124e-01 -5.622869357e-04 8.258983493e-01
    outer loop
      vertex 5.138423294e-02 7.149999961e-03 -5.711260717e-03
      vertex 5.123205483e-02 -7.199999876e-03 -5.824922584e-03
      vertex 5.072215572e-02 7.149999961e-03 -6.163242273e-03
    endloop
  endfacet
  facet normal -6.299782991e-01 -2.584460974e-01 7.323476076e-01
    outer loop
      vertex 5.138423294e-02 7.149999961e-03 -5.711260717e-03
      vertex 5.133936554e-02 7.424999960e-03 -5.652810913e-03
      vertex 5.199196190e-02 7.149999961e-03 -5.188480020e-03
    endloop
  endfacet
  facet normal -5.686202645e-01 -7.065566778e-01 4.212464690e-01
    outer loop
      vertex 5.232629180e-02 7.626314182e-03 -4.425633233e-03
      vertex 5.278526247e-02 7.626314182e-03 -3.806095337e-03
      vertex 5.295344442e-02 7.424999960e-03 -3.916740883e-03
    endloop
  endfacet
  facet normal -5.686189532e-01 -7.065534592e-01 4.212537706e-01
    outer loop
      vertex 5.232629180e-02 7.626314182e-03 -4.425633233e-03
      vertex 5.295344442e-02 7.424999960e-03 -3.916740883e-03
      vertex 5.248112977e-02 7.424999960e-03 -4.554289393e-03
    endloop
  endfacet
  facet normal -4.637754261e-01 -8.166190386e-01 3.435778916e-01
    outer loop
      vertex 5.232629180e-02 7.626314182e-03 -4.425633233e-03
      vertex 5.121324584e-02 8.633012883e-03 -3.535331925e-03
      vertex 5.278526247e-02 7.626314182e-03 -3.806095337e-03
    endloop
  endfacet
  facet normal -4.232914746e-01 -8.160544634e-01 3.935472071e-01
    outer loop
      vertex 5.232629180e-02 7.626314182e-03 -4.425633233e-03
      vertex 5.180129409e-02 7.626314182e-03 -4.990309011e-03
      vertex 5.121324584e-02 8.633012883e-03 -3.535331925e-03
    endloop
  endfacet
  facet normal -5.182601810e-01 -7.065640092e-01 4.818441272e-01
    outer loop
      vertex 5.232629180e-02 7.626314182e-03 -4.425633233e-03
      vertex 5.194087327e-02 7.424999960e-03 -5.135380197e-03
      vertex 5.180129409e-02 7.626314182e-03 -4.990309011e-03
    endloop
  endfacet
  facet normal -5.182682872e-01 -7.065562010e-01 4.818468988e-01
    outer loop
      vertex 5.232629180e-02 7.626314182e-03 -4.425633233e-03
      vertex 5.248112977e-02 7.424999960e-03 -4.554289393e-03
      vertex 5.194087327e-02 7.424999960e-03 -5.135380197e-03
    endloop
  endfacet
  facet normal -3.989869356e-01 -7.065629959e-01 5.844468474e-01
    outer loop
      vertex 5.068406463e-02 7.424999960e-03 -6.100166589e-03
      vertex 5.121678114e-02 7.626314182e-03 -5.493122619e-03
      vertex 5.133936554e-02 7.424999960e-03 -5.652810913e-03
    endloop
  endfacet
  facet normal -3.989921510e-01 -7.065495253e-01 5.844595432e-01
    outer loop
      vertex 5.068406463e-02 7.424999960e-03 -6.100166589e-03
      vertex 5.057999119e-02 7.626314182e-03 -5.927840713e-03
      vertex 5.121678114e-02 7.626314182e-03 -5.493122619e-03
    endloop
  endfacet
  facet normal -4.525952041e-01 -2.584476173e-01 8.534415364e-01
    outer loop
      vertex 5.068406463e-02 7.424999960e-03 -6.100166589e-03
      vertex 5.072215572e-02 7.149999961e-03 -6.163242273e-03
      vertex 5.001393706e-02 7.149999961e-03 -6.538820919e-03
    endloop
  endfacet
  facet normal -4.525906146e-01 -2.584483325e-01 8.534437418e-01
    outer loop
      vertex 5.068406463e-02 7.424999960e-03 -6.100166589e-03
      vertex 5.001393706e-02 7.149999961e-03 -6.538820919e-03
      vertex 4.998309165e-02 7.424999960e-03 -6.471901666e-03
    endloop
  endfacet
  facet normal -6.119250059e-01 -7.065554261e-01 3.554253578e-01
    outer loop
      vertex 5.295344442e-02 7.424999960e-03 -3.916740883e-03
      vertex 5.278526247e-02 7.626314182e-03 -3.806095337e-03
      vertex 5.335195363e-02 7.424999960e-03 -3.230638802e-03
    endloop
  endfacet
  facet normal -8.353387117e-01 -2.584467232e-01 4.851953685e-01
    outer loop
      vertex 5.295344442e-02 7.424999960e-03 -3.916740883e-03
      vertex 5.341763422e-02 7.149999961e-03 -3.264043713e-03
      vertex 5.301500112e-02 7.149999961e-03 -3.957239911e-03
    endloop
  endfacet
  facet normal -8.353438377e-01 -2.584373653e-01 4.851915240e-01
    outer loop
      vertex 5.295344442e-02 7.424999960e-03 -3.916740883e-03
      vertex 5.335195363e-02 7.424999960e-03 -3.230638802e-03
      vertex 5.341763422e-02 7.149999961e-03 -3.264043713e-03
    endloop
  endfacet
  facet normal -7.762238979e-01 -2.584450245e-01 5.750501156e-01
    outer loop
      vertex 5.295344442e-02 7.424999960e-03 -3.916740883e-03
      vertex 5.253780633e-02 7.149999961e-03 -4.601380322e-03
      vertex 5.248112977e-02 7.424999960e-03 -4.554289393e-03
    endloop
  endfacet
  facet normal -7.762266994e-01 -2.584469914e-01 5.750453472e-01
    outer loop
      vertex 5.295344442e-02 7.424999960e-03 -3.916740883e-03
      vertex 5.301500112e-02 7.149999961e-03 -3.957239911e-03
      vertex 5.253780633e-02 7.149999961e-03 -4.601380322e-03
    endloop
  endfacet
  facet normal -4.686841667e-01 -8.201441169e-01 3.281749487e-01
    outer loop
      vertex 5.176313967e-02 8.633012883e-03 -2.749999985e-03
      vertex 5.278526247e-02 7.626314182e-03 -3.806095337e-03
      vertex 5.121324584e-02 8.633012883e-03 -3.535331925e-03
    endloop
  endfacet
  facet normal -9.023972750e-01 -2.584463954e-01 -3.447964489e-01
    outer loop
      vertex 5.378821120e-02 7.424999960e-03 2.168994863e-03
      vertex 5.357227847e-02 7.149999961e-03 2.940265695e-03
      vertex 5.385840312e-02 7.149999961e-03 2.191422274e-03
    endloop
  endfacet
  facet normal -8.039047122e-01 -2.584761679e-01 -5.356559753e-01
    outer loop
      vertex 5.314118043e-02 7.424999960e-03 3.615278285e-03
      vertex 5.270121992e-02 7.424999960e-03 4.275565036e-03
      vertex 5.320468172e-02 7.149999961e-03 3.652660176e-03
    endloop
  endfacet
  facet normal -8.584740758e-01 -2.584467232e-01 -4.429757893e-01
    outer loop
      vertex 5.314118043e-02 7.424999960e-03 3.615278285e-03
      vertex 5.320468172e-02 7.149999961e-03 3.652660176e-03
      vertex 5.357227847e-02 7.149999961e-03 2.940265695e-03
    endloop
  endfacet
  facet normal -7.647112608e-01 -4.186448082e-02 -6.430116892e-01
    outer loop
      vertex 5.276016891e-02 7.149999961e-03 4.319774453e-03
      vertex 5.224424973e-02 7.149999961e-03 4.933339078e-03
      vertex 5.239546299e-02 3.500000108e-03 4.991139751e-03
    endloop
  endfacet
  facet normal -8.312001228e-01 -4.858595505e-02 -5.538462400e-01
    outer loop
      vertex 5.276016891e-02 7.149999961e-03 4.319774453e-03
      vertex 5.347499996e-02 2.000000095e-03 3.698754124e-03
      vertex 5.320468172e-02 7.149999961e-03 3.652660176e-03
    endloop
  endfacet
  facet normal -7.393789887e-01 -2.584468424e-01 -6.217103601e-01
    outer loop
      vertex 5.276016891e-02 7.149999961e-03 4.319774453e-03
      vertex 5.270121992e-02 7.424999960e-03 4.275565036e-03
      vertex 5.224424973e-02 7.149999961e-03 4.933339078e-03
    endloop
  endfacet
  facet normal -8.039098978e-01 -2.584464848e-01 -5.356622934e-01
    outer loop
      vertex 5.276016891e-02 7.149999961e-03 4.319774453e-03
      vertex 5.320468172e-02 7.149999961e-03 3.652660176e-03
      vertex 5.270121992e-02 7.424999960e-03 4.275565036e-03
    endloop
  endfacet
  facet normal -4.046368599e-01 -8.200836182e-01 -4.046379626e-01
    outer loop
      vertex 5.204394832e-02 7.626314182e-03 4.744912963e-03
      vertex 5.121324584e-02 8.633012883e-03 3.535331925e-03
      vertex 5.053533241e-02 8.633012883e-03 4.213244654e-03
    endloop
  endfacet
  facet normal -3.976330459e-01 -8.167199492e-01 -4.181585610e-01
    outer loop
      vertex 5.204394832e-02 7.626314182e-03 4.744912963e-03
      vertex 5.053533241e-02 8.633012883e-03 4.213244654e-03
      vertex 5.148521066e-02 7.626314182e-03 5.276222248e-03
    endloop
  endfacet
  facet normal -4.876354635e-01 -7.065678835e-01 -5.128094554e-01
    outer loop
      vertex 5.204394832e-02 7.626314182e-03 4.744912963e-03
      vertex 5.148521066e-02 7.626314182e-03 5.276222248e-03
      vertex 5.219057947e-02 7.424999960e-03 4.882850219e-03
    endloop
  endfacet
  facet normal -5.180531740e-01 -8.205264211e-01 -2.415726930e-01
    outer loop
      vertex 5.176313967e-02 8.633012883e-03 2.749999985e-03
      vertex 5.332125351e-02 7.626314182e-03 2.827963792e-03
      vertex 5.216830969e-02 8.633012883e-03 1.881110831e-03
    endloop
  endfacet
  facet normal -1.489842832e-01 -9.656769633e-01 -2.127712518e-01
    outer loop
      vertex 5.053533241e-02 8.633012883e-03 4.213244654e-03
      vertex 5.037463456e-02 8.700000122e-03 4.021733534e-03
      vertex 4.962500185e-02 8.700000122e-03 4.546633456e-03
    endloop
  endfacet
  facet normal -1.489782333e-01 -9.656801224e-01 -2.127612233e-01
    outer loop
      vertex 5.053533241e-02 8.633012883e-03 4.213244654e-03
      vertex 4.962500185e-02 8.700000122e-03 4.546633456e-03
      vertex 4.975000024e-02 8.633012883e-03 4.763139877e-03
    endloop
  endfacet
  facet normal -1.836635917e-01 -9.656790495e-01 -1.836617589e-01
    outer loop
      vertex 5.053533241e-02 8.633012883e-03 4.213244654e-03
      vertex 5.121324584e-02 8.633012883e-03 3.535331925e-03
      vertex 5.037463456e-02 8.700000122e-03 4.021733534e-03
    endloop
  endfacet
  facet normal -3.278991878e-01 -8.204800487e-01 -4.682890177e-01
    outer loop
      vertex 5.053533241e-02 8.633012883e-03 4.213244654e-03
      vertex 4.975000024e-02 8.633012883e-03 4.763139877e-03
      vertex 5.087086931e-02 7.626314182e-03 5.742125213e-03
    endloop
  endfacet
  facet normal -3.493192494e-01 -8.159717321e-01 -4.606150389e-01
    outer loop
      vertex 5.053533241e-02 8.633012883e-03 4.213244654e-03
      vertex 5.087086931e-02 7.626314182e-03 5.742125213e-03
      vertex 5.148521066e-02 7.626314182e-03 5.276222248e-03
    endloop
  endfacet
  facet normal 1.086107790e-01 1.590817794e-02 9.939571023e-01
    outer loop
      vertex 1.257959008e-02 9.561174011e-06 -1.113013085e-02
      vertex 1.140002441e-02 -3.238049336e-03 -1.094919629e-02
      vertex 1.140002441e-02 -3.119728528e-03 -1.095108967e-02
    endloop
  endfacet
  facet normal 1.198510155e-01 2.389428904e-03 9.927890301e-01
    outer loop
      vertex 1.257959008e-02 9.561174011e-06 -1.113013085e-02
      vertex 1.140002441e-02 -9.779414395e-04 -1.098535396e-02
      vertex 1.140002441e-02 9.595546544e-06 -1.098773070e-02
    endloop
  endfacet
  facet normal 1.198477000e-01 -1.033538114e-02 9.927386045e-01
    outer loop
      vertex 1.257959008e-02 9.561174011e-06 -1.113013085e-02
      vertex 1.140002441e-02 9.595546544e-06 -1.098773070e-02
      vertex 1.140002441e-02 3.120528534e-03 -1.095534302e-02
    endloop
  endfacet
  facet normal 5.583424866e-02 1.571130902e-01 9.860009551e-01
    outer loop
      vertex 1.306127943e-02 -3.157892264e-03 -1.110894326e-02
      vertex 1.349992305e-02 -3.501902800e-03 -1.107896678e-02
      vertex 1.306139678e-02 -3.936612979e-03 -1.098486595e-02
    endloop
  endfacet
  facet normal 8.703786880e-02 1.567657143e-01 9.837931395e-01
    outer loop
      vertex 1.306127943e-02 -3.157892264e-03 -1.110894326e-02
      vertex 1.306139678e-02 -3.936612979e-03 -1.098486595e-02
      vertex 1.140002441e-02 -3.238049336e-03 -1.094919629e-02
    endloop
  endfacet
  facet normal 1.085199416e-01 4.899572730e-01 8.649654388e-01
    outer loop
      vertex 1.306139119e-02 -4.686030094e-03 -1.064090803e-02
      vertex 1.140002441e-02 -4.256582819e-03 -1.067573391e-02
      vertex 1.140002441e-02 -4.054372199e-03 -1.079027541e-02
    endloop
  endfacet
  facet normal 4.428026453e-02 5.826746225e-01 8.114983439e-01
    outer loop
      vertex 1.306139119e-02 -4.686030094e-03 -1.064090803e-02
      vertex 1.330005657e-02 -4.725079052e-03 -1.062589325e-02
      vertex 1.306136046e-02 -5.294728559e-03 -1.020384207e-02
    endloop
  endfacet
  facet normal 8.165247738e-02 5.813019276e-01 8.095808029e-01
    outer loop
      vertex 1.306139119e-02 -4.686030094e-03 -1.064090803e-02
      vertex 1.306136046e-02 -5.294728559e-03 -1.020384207e-02
      vertex 1.140002441e-02 -4.955675453e-03 -1.027973462e-02
    endloop
  endfacet
  facet normal 1.085168496e-01 4.899578393e-01 8.649655581e-01
    outer loop
      vertex 1.306139119e-02 -4.686030094e-03 -1.064090803e-02
      vertex 1.140002441e-02 -4.955675453e-03 -1.027973462e-02
      vertex 1.140002441e-02 -4.256582819e-03 -1.067573391e-02
    endloop
  endfacet
  facet normal -7.163706422e-02 4.078329206e-01 9.102419615e-01
    outer loop
      vertex 4.699999839e-02 -7.462826557e-03 -7.125349250e-03
      vertex 2.389885671e-02 -4.281186499e-03 -1.036898978e-02
      vertex 4.811464995e-02 -7.462826557e-03 -7.037624717e-03
    endloop
  endfacet
  facet normal -6.652410328e-02 4.332924187e-01 8.987948298e-01
    outer loop
      vertex 4.699999839e-02 -7.462826557e-03 -7.125349250e-03
      vertex 2.400976233e-02 -4.780477844e-03 -1.012008172e-02
      vertex 2.389885671e-02 -4.281186499e-03 -1.036898978e-02
    endloop
  endfacet
  facet normal -9.012668580e-02 3.062939644e-01 9.476608634e-01
    outer loop
      vertex 2.389885671e-02 -4.281186499e-03 -1.036898978e-02
      vertex 2.379954606e-02 -3.754365956e-03 -1.054870803e-02
      vertex 4.811464995e-02 -7.462826557e-03 -7.037624717e-03
    endloop
  endfacet
  facet normal -1.114817150e-02 -7.783819437e-01 6.276919842e-01
    outer loop
      vertex 1.883458160e-02 6.004350726e-03 -9.434251115e-03
      vertex 1.349981129e-02 6.129978690e-03 -9.373212233e-03
      vertex 4.690525308e-02 7.626314182e-03 -6.924351677e-03
    endloop
  endfacet
  facet normal 9.242318571e-02 -6.952771544e-01 7.127745748e-01
    outer loop
      vertex 1.305806916e-02 5.409458186e-03 -1.012149546e-02
      vertex 1.140002441e-02 5.648638122e-03 -9.673194028e-03
      vertex 1.308107842e-02 5.802043714e-03 -9.741530754e-03
    endloop
  endfacet
  facet normal 1.113922894e-01 -6.449366212e-01 7.560744286e-01
    outer loop
      vertex 1.305806916e-02 5.409458186e-03 -1.012149546e-02
      vertex 1.140002441e-02 4.761971999e-03 -1.042952668e-02
      vertex 1.140002441e-02 5.648638122e-03 -9.673194028e-03
    endloop
  endfacet
  facet normal -4.980815202e-02 -8.206130862e-01 5.693094134e-01
    outer loop
      vertex 4.767559841e-02 7.626314182e-03 -6.891965866e-03
      vertex 4.699999839e-02 8.633012883e-03 -5.499999970e-03
      vertex 4.795506597e-02 8.633012883e-03 -5.416442640e-03
    endloop
  endfacet
  facet normal -2.430269495e-02 -8.156192303e-01 5.780783892e-01
    outer loop
      vertex 4.767559841e-02 7.626314182e-03 -6.891965866e-03
      vertex 4.690525308e-02 7.626314182e-03 -6.924351677e-03
      vertex 4.699999839e-02 8.633012883e-03 -5.499999970e-03
    endloop
  endfacet
  facet normal -6.374239456e-03 -8.164070249e-01 5.774417520e-01
    outer loop
      vertex 1.905989647e-02 6.668992806e-03 -8.585224859e-03
      vertex 4.699999839e-02 8.633012883e-03 -5.499999970e-03
      vertex 4.690525308e-02 7.626314182e-03 -6.924351677e-03
    endloop
  endfacet
  facet normal 9.164464474e-02 -7.562187910e-01 6.478690505e-01
    outer loop
      vertex 1.306139585e-02 6.180773955e-03 -9.296677075e-03
      vertex 1.308107842e-02 5.802043714e-03 -9.741530754e-03
      vertex 1.140002534e-02 5.799341481e-03 -9.506889619e-03
    endloop
  endfacet
  facet normal 1.123032272e-01 -8.079496622e-01 5.784508586e-01
    outer loop
      vertex 1.306139585e-02 6.180773955e-03 -9.296677075e-03
      vertex 1.140002441e-02 6.484172307e-03 -8.550357074e-03
      vertex 1.140002441e-02 6.631909870e-03 -8.344004862e-03
    endloop
  endfacet
  facet normal 1.123047620e-01 -8.079482913e-01 5.784524083e-01
    outer loop
      vertex 1.306139585e-02 6.180773955e-03 -9.296677075e-03
      vertex 1.140002441e-02 6.063512992e-03 -9.137909859e-03
      vertex 1.140002441e-02 6.484172307e-03 -8.550357074e-03
    endloop
  endfacet
  facet normal 1.123056188e-01 -8.079493642e-01 5.784507394e-01
    outer loop
      vertex 1.306139585e-02 6.180773955e-03 -9.296677075e-03
      vertex 1.140002534e-02 5.799341481e-03 -9.506889619e-03
      vertex 1.140002441e-02 6.063512992e-03 -9.137909859e-03
    endloop
  endfacet
  facet normal 1.010803953e-01 -4.546717405e-01 8.849047422e-01
    outer loop
      vertex 1.304913312e-02 4.606000148e-03 -1.069804095e-02
      vertex 1.140002441e-02 4.541108850e-03 -1.054300833e-02
      vertex 1.140002441e-02 4.761971999e-03 -1.042952668e-02
    endloop
  endfacet
  facet normal 1.010814980e-01 -4.546709955e-01 8.849050403e-01
    outer loop
      vertex 1.304913312e-02 4.606000148e-03 -1.069804095e-02
      vertex 1.140002441e-02 4.026255570e-03 -1.080754399e-02
      vertex 1.140002441e-02 4.541108850e-03 -1.054300833e-02
    endloop
  endfacet
  facet normal 9.757426381e-02 -4.080400765e-01 -9.077349305e-01
    outer loop
      vertex 1.324580051e-02 5.805301014e-03 1.032121293e-02
      vertex 1.319269836e-02 6.287862081e-03 1.009858679e-02
      vertex 1.140002348e-02 5.799340550e-03 1.012548432e-02
    endloop
  endfacet
  facet normal 1.244885921e-01 -1.042917445e-01 -9.867247939e-01
    outer loop
      vertex 1.234506443e-02 4.210598767e-03 1.065989770e-02
      vertex 1.139991824e-02 4.314702936e-03 1.052965317e-02
      vertex 1.233820803e-02 3.661025316e-03 1.071712002e-02
    endloop
  endfacet
  facet normal 1.145256013e-01 -1.820610464e-01 -9.765948653e-01
    outer loop
      vertex 1.234506443e-02 4.210598767e-03 1.065989770e-02
      vertex 1.284579094e-02 4.763821140e-03 1.061548386e-02
      vertex 1.139991824e-02 4.314702936e-03 1.052965317e-02
    endloop
  endfacet
  facet normal 8.098346740e-02 -1.523754746e-01 -9.849992394e-01
    outer loop
      vertex 1.234506443e-02 4.210598767e-03 1.065989770e-02
      vertex 1.332523022e-02 4.221765324e-03 1.073875558e-02
      vertex 1.284579094e-02 4.763821140e-03 1.061548386e-02
    endloop
  endfacet
  facet normal 8.093827218e-02 -1.042203233e-01 -9.912552834e-01
    outer loop
      vertex 1.234506443e-02 4.210598767e-03 1.065989770e-02
      vertex 1.233820803e-02 3.661025316e-03 1.071712002e-02
      vertex 1.332523022e-02 4.221765324e-03 1.073875558e-02
    endloop
  endfacet
  facet normal 1.048646346e-01 -1.610371470e-02 -9.943561554e-01
    outer loop
      vertex 1.140008308e-02 2.552996390e-03 1.063613221e-02
      vertex 1.140008401e-02 1.991568599e-03 1.064522471e-02
      vertex 1.233820803e-02 3.661025316e-03 1.071712002e-02
    endloop
  endfacet
  facet normal 0.000000000e+00 0.000000000e+00 -1.000000000e+00
    outer loop
      vertex 1.140008308e-02 2.552996390e-03 1.063613221e-02
      vertex 1.140008122e-02 3.370083170e-03 1.062289812e-02
      vertex 1.140008401e-02 1.991568599e-03 1.064522471e-02
    endloop
  endfacet
  facet normal 1.048644483e-01 -1.610528864e-02 -9.943560958e-01
    outer loop
      vertex 1.140008308e-02 2.552996390e-03 1.063613221e-02
      vertex 1.233820803e-02 3.661025316e-03 1.071712002e-02
      vertex 1.140008122e-02 3.370083170e-03 1.062289812e-02
    endloop
  endfacet
  facet normal 3.956017550e-03 6.664465368e-02 -9.977689385e-01
    outer loop
      vertex 1.380015071e-02 -3.878065152e-03 1.077615004e-02
      vertex 1.430924237e-02 -3.654241329e-03 1.079311874e-02
      vertex 1.332189795e-02 -3.649475053e-03 1.078952197e-02
    endloop
  endfacet
  facet normal 1.335856318e-02 8.622547984e-02 -9.961861372e-01
    outer loop
      vertex 1.380015071e-02 -3.878065152e-03 1.077615004e-02
      vertex 1.332189795e-02 -3.649475053e-03 1.078952197e-02
      vertex 1.357789058e-02 -4.042415414e-03 1.075894386e-02
    endloop
  endfacet
  facet normal 8.098340034e-02 1.523753405e-01 -9.849992394e-01
    outer loop
      vertex 1.234506443e-02 -4.190982785e-03 1.065989770e-02
      vertex 1.284579094e-02 -4.744205158e-03 1.061548386e-02
      vertex 1.332523022e-02 -4.202149343e-03 1.073875558e-02
    endloop
  endfacet
  facet normal 8.093675226e-02 1.042205244e-01 -9.912555218e-01
    outer loop
      vertex 1.234506443e-02 -4.190982785e-03 1.065989770e-02
      vertex 1.332523022e-02 -4.202149343e-03 1.073875558e-02
      vertex 1.233820803e-02 -3.641409567e-03 1.071712002e-02
    endloop
  endfacet
  facet normal 1.142318994e-01 1.818022430e-01 -9.766774178e-01
    outer loop
      vertex 1.234506443e-02 -4.190982785e-03 1.065989770e-02
      vertex 1.140002441e-02 -4.303501919e-03 1.052842103e-02
      vertex 1.284579094e-02 -4.744205158e-03 1.061548386e-02
    endloop
  endfacet
  facet normal 1.248521060e-01 1.042921469e-01 -9.866787791e-01
    outer loop
      vertex 1.234506443e-02 -4.190982785e-03 1.065989770e-02
      vertex 1.233820803e-02 -3.641409567e-03 1.071712002e-02
      vertex 1.140002441e-02 -4.303501919e-03 1.052842103e-02
    endloop
  endfacet
  facet normal 2.165280655e-02 9.157911688e-02 -9.955624342e-01
    outer loop
      vertex 1.332523022e-02 -4.202149343e-03 1.073875558e-02
      vertex 1.357789058e-02 -4.042415414e-03 1.075894386e-02
      vertex 1.332189795e-02 -3.649475053e-03 1.078952197e-02
    endloop
  endfacet
  facet normal 7.384095341e-02 9.166248888e-02 -9.930485487e-01
    outer loop
      vertex 1.332523022e-02 -4.202149343e-03 1.073875558e-02
      vertex 1.332189795e-02 -3.649475053e-03 1.078952197e-02
      vertex 1.233820803e-02 -3.641409567e-03 1.071712002e-02
    endloop
  endfacet
  facet normal 7.552208751e-02 0.000000000e+00 -9.971441627e-01
    outer loop
      vertex 1.233392302e-02 -2.534968313e-03 1.071875729e-02
      vertex 1.332035474e-02 3.115039784e-03 1.079346798e-02
      vertex 1.233392302e-02 2.554584295e-03 1.071875729e-02
    endloop
  endfacet
  facet normal 7.552199811e-02 0.000000000e+00 -9.971441031e-01
    outer loop
      vertex 1.233392302e-02 -2.534968313e-03 1.071875729e-02
      vertex 1.332035474e-02 -3.095423803e-03 1.079346798e-02
      vertex 1.332035474e-02 3.115039784e-03 1.079346798e-02
    endloop
  endfacet
  facet normal 7.734152675e-02 1.774833305e-03 -9.970030189e-01
    outer loop
      vertex 1.233392302e-02 -2.534968313e-03 1.071875729e-02
      vertex 1.140002441e-02 -2.266332507e-03 1.064679120e-02
      vertex 1.233820803e-02 -3.641409567e-03 1.071712002e-02
    endloop
  endfacet
  facet normal 7.652288675e-02 1.771764131e-03 -9.970661998e-01
    outer loop
      vertex 1.233392302e-02 -2.534968313e-03 1.071875729e-02
      vertex 1.233820803e-02 -3.641409567e-03 1.071712002e-02
      vertex 1.332035474e-02 -3.095423803e-03 1.079346798e-02
    endloop
  endfacet
  facet normal 7.683134079e-02 0.000000000e+00 -9.970441461e-01
    outer loop
      vertex 1.233392302e-02 -2.534968313e-03 1.071875729e-02
      vertex 1.233392302e-02 2.554584295e-03 1.071875729e-02
      vertex 1.140002441e-02 -2.266332507e-03 1.064679120e-02
    endloop
  endfacet
  facet normal 9.707262516e-01 -2.401790023e-01 2.156177070e-03
    outer loop
      vertex 1.140002441e-02 9.130645543e-03 4.595839884e-03
      vertex 9.650000371e-03 2.000000095e-03 -1.888934290e-03
      vertex 1.140002441e-02 9.131724015e-03 4.716030322e-03
    endloop
  endfacet
  facet normal 9.707213640e-01 -2.401986569e-01 2.155910479e-03
    outer loop
      vertex 1.140002441e-02 9.130645543e-03 4.595839884e-03
      vertex 1.140002441e-02 9.116525762e-03 3.022753866e-03
      vertex 9.650000371e-03 2.000000095e-03 -1.888934290e-03
    endloop
  endfacet
  facet normal 1.180470064e-01 -9.842784405e-01 1.313808411e-01
    outer loop
      vertex 1.306158211e-02 8.848051541e-03 -1.729090698e-03
      vertex 1.140002441e-02 8.657440543e-03 -1.664183335e-03
      vertex 1.140002441e-02 8.899581619e-03 1.498797938e-04
    endloop
  endfacet
  facet normal 1.180469245e-01 -9.842782021e-01 1.313821226e-01
    outer loop
      vertex 1.306158211e-02 8.848051541e-03 -1.729090698e-03
      vertex 1.140002441e-02 8.488242514e-03 -2.931774594e-03
      vertex 1.140002441e-02 8.657440543e-03 -1.664183335e-03
    endloop
  endfacet
  facet normal 9.540580958e-02 -8.768010139e-01 4.712936878e-01
    outer loop
      vertex 1.329990197e-02 6.839839276e-03 -8.341769688e-03
      vertex 1.140002441e-02 6.631909870e-03 -8.344004862e-03
      vertex 1.306136139e-02 7.311508525e-03 -7.415978704e-03
    endloop
  endfacet
  facet normal 1.193029881e-01 -8.906883001e-01 4.386812449e-01
    outer loop
      vertex 1.306136139e-02 7.311508525e-03 -7.415978704e-03
      vertex 1.140002441e-02 6.631909870e-03 -8.344004862e-03
      vertex 1.140002441e-02 7.160129491e-03 -7.271522190e-03
    endloop
  endfacet
  facet normal 1.193029061e-01 -8.906881809e-01 4.386812747e-01
    outer loop
      vertex 1.306136139e-02 7.311508525e-03 -7.415978704e-03
      vertex 1.140002441e-02 7.160129491e-03 -7.271522190e-03
      vertex 1.140002441e-02 7.421106566e-03 -6.741640158e-03
    endloop
  endfacet
  facet normal -3.247821331e-01 -8.199746609e-01 -4.713364840e-01
    outer loop
      vertex 4.699998721e-02 7.976243272e-03 7.800653577e-03
      vertex 5.087086931e-02 7.626314182e-03 5.742125213e-03
      vertex 4.975000024e-02 8.633012883e-03 4.763139877e-03
    endloop
  endfacet
  facet normal -6.262970716e-02 -9.889581203e-01 -1.343110502e-01
    outer loop
      vertex 4.962500185e-02 8.700000122e-03 4.546633456e-03
      vertex 4.879560694e-02 8.700000122e-03 4.933386110e-03
      vertex 4.699998721e-02 8.628117852e-03 6.300005596e-03
    endloop
  endfacet
  facet normal -1.249714792e-01 -9.659147263e-01 -2.266958207e-01
    outer loop
      vertex 4.962500185e-02 8.700000122e-03 4.546633456e-03
      vertex 4.699998721e-02 8.628117852e-03 6.300005596e-03
      vertex 4.975000024e-02 8.633012883e-03 4.763139877e-03
    endloop
  endfacet
  facet normal 1.127533093e-01 -6.425506473e-01 -7.579019666e-01
    outer loop
      vertex 1.319886465e-02 7.394891698e-03 9.352112189e-03
      vertex 1.140002441e-02 7.666834630e-03 8.853942156e-03
      vertex 1.140002441e-02 6.762981880e-03 9.620229714e-03
    endloop
  endfacet
  facet normal 8.724637330e-02 -7.075359225e-01 -7.012708783e-01
    outer loop
      vertex 1.319886465e-02 7.394891698e-03 9.352112189e-03
      vertex 1.320181787e-02 7.868929766e-03 8.874206804e-03
      vertex 1.140002441e-02 7.666834630e-03 8.853942156e-03
    endloop
  endfacet
  facet normal 1.292571872e-01 -9.853401184e-01 -1.113438383e-01
    outer loop
      vertex 1.255375426e-02 9.200204164e-03 5.449380260e-03
      vertex 1.140002441e-02 9.131724015e-03 4.716030322e-03
      vertex 1.140002441e-02 9.056978859e-03 5.377508700e-03
    endloop
  endfacet
  facet normal 1.292573214e-01 -9.853404760e-01 -1.113403961e-01
    outer loop
      vertex 1.255375426e-02 9.200204164e-03 5.449380260e-03
      vertex 1.140002441e-02 9.056978859e-03 5.377508700e-03
      vertex 1.140002441e-02 8.964562789e-03 6.195363123e-03
    endloop
  endfacet
  facet normal -9.966821074e-01 2.173946612e-02 -7.843591273e-02
    outer loop
      vertex 5.415119603e-02 -7.199999876e-03 6.201338838e-04
      vertex 5.411135778e-02 -7.199999876e-03 1.126328134e-03
      vertex 5.419949815e-02 -7.222405635e-03 -1.734723476e-18
    endloop
  endfacet
  facet normal -9.966546297e-01 2.296372876e-02 -7.843716443e-02
    outer loop
      vertex 5.415119603e-02 -7.199999876e-03 6.201338838e-04
      vertex 5.419949815e-02 -7.222405635e-03 -1.734723476e-18
      vertex 5.420000106e-02 -7.199999876e-03 -1.734723476e-18
    endloop
  endfacet
  facet normal -9.967764020e-01 1.681971550e-02 -7.844784856e-02
    outer loop
      vertex 5.415119603e-02 -7.199999876e-03 6.201338838e-04
      vertex 5.409083888e-02 -1.750000054e-03 2.555860672e-03
      vertex 5.411135778e-02 -7.199999876e-03 1.126328134e-03
    endloop
  endfacet
  facet normal -9.967763424e-01 1.682371832e-02 -7.844709605e-02
    outer loop
      vertex 5.415119603e-02 -7.199999876e-03 6.201338838e-04
      vertex 5.420000106e-02 -7.199999876e-03 -1.734723476e-18
      vertex 5.409083888e-02 -1.750000054e-03 2.555860672e-03
    endloop
  endfacet
  facet normal -9.966733456e-01 2.212631702e-02 7.843887806e-02
    outer loop
      vertex 5.419949815e-02 -7.222405635e-03 -1.734723476e-18
      vertex 5.411135778e-02 -7.199999876e-03 -1.126328134e-03
      vertex 5.420000106e-02 -7.199999876e-03 -1.734723476e-18
    endloop
  endfacet
  facet normal -9.966653585e-01 2.247255109e-02 -7.844141871e-02
    outer loop
      vertex 5.419949815e-02 -7.222405635e-03 -1.734723476e-18
      vertex 5.411135778e-02 -7.199999876e-03 1.126328134e-03
      vertex 5.411085859e-02 -7.222405635e-03 1.126249554e-03
    endloop
  endfacet
  facet normal -9.294373989e-01 2.938643694e-01 -2.231364548e-01
    outer loop
      vertex 5.403762311e-02 -7.462826557e-03 1.114650164e-03
      vertex 5.384713039e-02 -7.222405635e-03 2.224767115e-03
      vertex 5.377661064e-02 -7.462826557e-03 2.201854018e-03
    endloop
  endfacet
  facet normal -9.294350743e-01 2.938721180e-01 -2.231358588e-01
    outer loop
      vertex 5.403762311e-02 -7.462826557e-03 1.114650164e-03
      vertex 5.411085859e-02 -7.222405635e-03 1.126249554e-03
      vertex 5.384713039e-02 -7.222405635e-03 2.224767115e-03
    endloop
  endfacet
  facet normal -8.149851561e-01 2.939007580e-01 -4.994210601e-01
    outer loop
      vertex 5.334873125e-02 -7.462826557e-03 3.234840930e-03
      vertex 5.341479927e-02 -7.222405635e-03 3.268503584e-03
      vertex 5.276452750e-02 -7.462826557e-03 4.188175313e-03
    endloop
  endfacet
  facet normal -8.830835223e-01 2.938766181e-01 -3.657869995e-01
    outer loop
      vertex 5.334873125e-02 -7.462826557e-03 3.234840930e-03
      vertex 5.377661064e-02 -7.462826557e-03 2.201854018e-03
      vertex 5.341479927e-02 -7.222405635e-03 3.268503584e-03
    endloop
  endfacet
  facet normal -1.363784075e-02 4.701557755e-01 -8.824779987e-01
    outer loop
      vertex 4.369677603e-02 -6.804801524e-03 9.447149001e-03
      vertex 4.397384822e-02 -6.547507364e-03 9.579945356e-03
      vertex 3.656662256e-02 -6.271876395e-03 9.841264226e-03
    endloop
  endfacet
  facet normal -1.196550392e-02 4.861204922e-01 -8.738098741e-01
    outer loop
      vertex 4.369677603e-02 -6.804801524e-03 9.447149001e-03
      vertex 3.656662256e-02 -6.271876395e-03 9.841264226e-03
      vertex 3.655038401e-02 -6.906818133e-03 9.488253854e-03
    endloop
  endfacet
  facet normal -1.039726958e-01 1.408309676e-02 -9.944804311e-01
    outer loop
      vertex 4.700003564e-02 -3.747769631e-03 9.774954058e-03
      vertex 4.700008407e-02 -2.891731681e-03 9.787072428e-03
      vertex 4.403038323e-02 -4.103061743e-03 1.008039806e-02
    endloop
  endfacet
  facet normal -1.039726064e-01 1.408582926e-02 -9.944804311e-01
    outer loop
      vertex 4.700003564e-02 -3.747769631e-03 9.774954058e-03
      vertex 4.403038323e-02 -4.103061743e-03 1.008039806e-02
      vertex 4.699999467e-02 -4.435979761e-03 9.765210561e-03
    endloop
  endfacet
  facet normal -6.531156898e-01 1.075952780e-02 -7.571818233e-01
    outer loop
      vertex 4.700003564e-02 -3.747769631e-03 9.774954058e-03
      vertex 4.699999467e-02 -4.435979761e-03 9.765210561e-03
      vertex 5.160701275e-02 -2.150158398e-03 5.823854823e-03
    endloop
  endfacet
  facet normal -6.531148553e-01 1.075674314e-02 -7.571825385e-01
    outer loop
      vertex 4.700003564e-02 -3.747769631e-03 9.774954058e-03
      vertex 5.160701275e-02 -2.150158398e-03 5.823854823e-03
      vertex 4.700008407e-02 -2.891731681e-03 9.787072428e-03
    endloop
  endfacet
  facet normal -7.432578802e-01 0.000000000e+00 -6.690050364e-01
    outer loop
      vertex 5.239546299e-02 3.500000108e-03 4.991139751e-03
      vertex 5.355873331e-02 -3.812500043e-03 3.698754124e-03
      vertex 5.355873331e-02 -3.187499940e-03 3.698754124e-03
    endloop
  endfacet
  facet normal -7.745075822e-01 -1.250240859e-02 -6.324410439e-01
    outer loop
      vertex 5.239546299e-02 3.500000108e-03 4.991139751e-03
      vertex 5.355873331e-02 -3.187499940e-03 3.698754124e-03
      vertex 5.347499996e-02 2.000000095e-03 3.698754124e-03
    endloop
  endfacet
  facet normal -1.063928902e-01 1.004384905e-01 -9.892384410e-01
    outer loop
      vertex 4.413117841e-02 -4.804544151e-03 1.003633067e-02
      vertex 4.699997231e-02 -5.026620347e-03 9.705244564e-03
      vertex 4.699999467e-02 -4.435979761e-03 9.765210561e-03
    endloop
  endfacet
  facet normal -1.063917577e-01 1.004399136e-01 -9.892383814e-01
    outer loop
      vertex 4.413117841e-02 -4.804544151e-03 1.003633067e-02
      vertex 4.699996486e-02 -5.189472344e-03 9.688710794e-03
      vertex 4.699997231e-02 -5.026620347e-03 9.705244564e-03
    endloop
  endfacet
  facet normal -9.705937654e-02 1.632743329e-01 -9.817948341e-01
    outer loop
      vertex 4.413117841e-02 -4.804544151e-03 1.003633067e-02
      vertex 4.413945600e-02 -5.571058020e-03 9.908039123e-03
      vertex 4.699996486e-02 -5.189472344e-03 9.688710794e-03
    endloop
  endfacet
  facet normal -6.207737327e-01 2.938633859e-01 -7.268316150e-01
    outer loop
      vertex 5.123175681e-02 -7.222405635e-03 5.824516062e-03
      vertex 5.203838274e-02 -7.462826557e-03 5.038382951e-03
      vertex 5.209081247e-02 -7.222405635e-03 5.090813618e-03
    endloop
  endfacet
  facet normal -6.466276050e-01 9.307686239e-02 -7.571058869e-01
    outer loop
      vertex 5.123175681e-02 -7.222405635e-03 5.824516062e-03
      vertex 5.209081247e-02 -7.222405635e-03 5.090813618e-03
      vertex 4.699996486e-02 -5.189472344e-03 9.688710794e-03
    endloop
  endfacet
  facet normal -6.512529254e-01 7.667666674e-02 -7.549770474e-01
    outer loop
      vertex 4.699997231e-02 -5.026620347e-03 9.705244564e-03
      vertex 5.209081247e-02 -7.222405635e-03 5.090813618e-03
      vertex 4.699999467e-02 -4.435979761e-03 9.765210561e-03
    endloop
  endfacet
  facet normal -6.512548327e-01 7.667297870e-02 -7.549757361e-01
    outer loop
      vertex 4.699997231e-02 -5.026620347e-03 9.705244564e-03
      vertex 4.699996486e-02 -5.189472344e-03 9.688710794e-03
      vertex 5.209081247e-02 -7.222405635e-03 5.090813618e-03
    endloop
  endfacet
  facet normal -7.268236876e-01 2.939023077e-01 -6.207645535e-01
    outer loop
      vertex 5.203838274e-02 -7.462826557e-03 5.038382951e-03
      vertex 5.276452750e-02 -7.462826557e-03 4.188175313e-03
      vertex 5.282451585e-02 -7.222405635e-03 4.231758416e-03
    endloop
  endfacet
  facet normal -7.268301845e-01 2.938719094e-01 -6.207714677e-01
    outer loop
      vertex 5.203838274e-02 -7.462826557e-03 5.038382951e-03
      vertex 5.282451585e-02 -7.222405635e-03 4.231758416e-03
      vertex 5.209081247e-02 -7.222405635e-03 5.090813618e-03
    endloop
  endfacet
  facet normal -6.543584168e-02 9.656936526e-01 2.513048351e-01
    outer loop
      vertex 4.796330631e-02 -8.633012883e-03 -5.618010648e-03
      vertex 4.889889807e-02 -8.633012883e-03 -5.374401342e-03
      vertex 4.881561175e-02 -8.700000122e-03 -5.138682202e-03
    endloop
  endfacet
  facet normal -6.543677300e-02 9.656903148e-01 2.513168752e-01
    outer loop
      vertex 4.796330631e-02 -8.633012883e-03 -5.618010648e-03
      vertex 4.881561175e-02 -8.700000122e-03 -5.138682202e-03
      vertex 4.792105407e-02 -8.700000122e-03 -5.371606909e-03
    endloop
  endfacet
  facet normal 1.056941897e-01 6.802500486e-01 7.253195643e-01
    outer loop
      vertex 1.306136046e-02 -5.294728559e-03 -1.020384207e-02
      vertex 1.140002441e-02 -5.206336733e-03 -1.004464924e-02
      vertex 1.140002441e-02 -4.955675453e-03 -1.027973462e-02
    endloop
  endfacet
  facet normal 1.056950316e-01 6.802495122e-01 7.253199816e-01
    outer loop
      vertex 1.306136046e-02 -5.294728559e-03 -1.020384207e-02
      vertex 1.140002534e-02 -5.779725499e-03 -9.506889619e-03
      vertex 1.140002441e-02 -5.206336733e-03 -1.004464924e-02
    endloop
  endfacet
  facet normal 1.161111668e-01 8.898370862e-01 4.412574768e-01
    outer loop
      vertex 1.306136139e-02 -7.292217109e-03 -7.415283937e-03
      vertex 1.140002441e-02 -7.362432312e-03 -6.836529821e-03
      vertex 1.140002441e-02 -6.627917755e-03 -8.317747153e-03
    endloop
  endfacet
  facet normal 9.427706897e-02 9.192770720e-01 3.821536899e-01
    outer loop
      vertex 1.306136139e-02 -7.292217109e-03 -7.415283937e-03
      vertex 1.330004446e-02 -7.452157792e-03 -7.089427207e-03
      vertex 1.140002441e-02 -7.362432312e-03 -6.836529821e-03
    endloop
  endfacet
  facet normal 9.285838902e-02 9.245257378e-01 3.696340919e-01
    outer loop
      vertex 1.306139026e-02 -7.843729109e-03 -6.050078198e-03
      vertex 1.140002441e-02 -7.362432312e-03 -6.836529821e-03
      vertex 1.330004446e-02 -7.452157792e-03 -7.089427207e-03
    endloop
  endfacet
  facet normal 1.193004474e-01 9.389793277e-01 3.226222098e-01
    outer loop
      vertex 1.306139026e-02 -7.843729109e-03 -6.050078198e-03
      vertex 1.140002441e-02 -7.676726207e-03 -5.921788979e-03
      vertex 1.140002441e-02 -7.362432312e-03 -6.836529821e-03
    endloop
  endfacet
  facet normal 1.193000451e-01 9.389801025e-01 3.226203918e-01
    outer loop
      vertex 1.306139026e-02 -7.843729109e-03 -6.050078198e-03
      vertex 1.140002441e-02 -7.999942638e-03 -4.981078673e-03
      vertex 1.140002441e-02 -7.676726207e-03 -5.921788979e-03
    endloop
  endfacet
  facet normal 9.492936730e-02 9.532651305e-01 2.868345678e-01
    outer loop
      vertex 1.306139026e-02 -7.843729109e-03 -6.050078198e-03
      vertex 1.306143031e-02 -8.269057609e-03 -4.636552185e-03
      vertex 1.140002441e-02 -7.999942638e-03 -4.981078673e-03
    endloop
  endfacet
  facet normal 6.839856505e-02 9.740227461e-01 2.158734947e-01
    outer loop
      vertex 1.306149829e-02 -8.588874713e-03 -3.193575190e-03
      vertex 1.306143031e-02 -8.269057609e-03 -4.636552185e-03
      vertex 1.330029219e-02 -8.566085249e-03 -3.372060601e-03
    endloop
  endfacet
  facet normal 1.086887941e-01 9.705250263e-01 2.151001692e-01
    outer loop
      vertex 1.306149829e-02 -8.588874713e-03 -3.193575190e-03
      vertex 1.140002441e-02 -8.502110839e-03 -2.745517995e-03
      vertex 1.306143031e-02 -8.269057609e-03 -4.636552185e-03
    endloop
  endfacet
  facet normal 1.751396060e-02 9.750715494e-01 2.211986631e-01
    outer loop
      vertex 1.330028567e-02 -8.458109573e-03 -3.848029999e-03
      vertex 1.330027357e-02 -8.263450116e-03 -4.706109874e-03
      vertex 4.699999839e-02 -8.700000122e-03 -5.450000055e-03
    endloop
  endfacet
  facet normal 1.751393266e-02 9.750714898e-01 2.211980969e-01
    outer loop
      vertex 1.330028567e-02 -8.458109573e-03 -3.848029999e-03
      vertex 4.699999839e-02 -8.700000122e-03 -5.450000055e-03
      vertex 1.330029219e-02 -8.566085249e-03 -3.372060601e-03
    endloop
  endfacet
  facet normal 4.149790853e-02 9.743798971e-01 2.210468948e-01
    outer loop
      vertex 1.330028567e-02 -8.458109573e-03 -3.848029999e-03
      vertex 1.306143031e-02 -8.269057609e-03 -4.636552185e-03
      vertex 1.330027357e-02 -8.263450116e-03 -4.706109874e-03
    endloop
  endfacet
  facet normal 4.149954766e-02 9.743798971e-01 2.210463881e-01
    outer loop
      vertex 1.330028567e-02 -8.458109573e-03 -3.848029999e-03
      vertex 1.330029219e-02 -8.566085249e-03 -3.372060601e-03
      vertex 1.306143031e-02 -8.269057609e-03 -4.636552185e-03
    endloop
  endfacet
  facet normal 8.674545214e-03 9.932512641e-01 1.156578660e-01
    outer loop
      vertex 1.306071319e-02 -8.997603320e-03 -3.486354835e-04
      vertex 1.329999138e-02 -8.836141787e-03 -1.753212651e-03
      vertex 4.699999839e-02 -8.700000122e-03 -5.450000055e-03
    endloop
  endfacet
  facet normal 8.173049428e-03 9.936363101e-01 1.123396531e-01
    outer loop
      vertex 1.306071319e-02 -8.997603320e-03 -3.486354835e-04
      vertex 4.699999839e-02 -8.700000122e-03 -5.450000055e-03
      vertex 1.330004074e-02 -9.068644606e-03 2.622955653e-04
    endloop
  endfacet
  facet normal -4.453706089e-03 9.986201525e-01 5.232573301e-02
    outer loop
      vertex 4.699999839e-02 -8.700000122e-03 -5.450000055e-03
      vertex 4.792105407e-02 -8.700000122e-03 -5.371606909e-03
      vertex 1.350000128e-02 -9.300008416e-03 3.149347380e-03
    endloop
  endfacet
  facet normal 4.144634120e-03 9.960470200e-01 8.873163164e-02
    outer loop
      vertex 4.699999839e-02 -8.700000122e-03 -5.450000055e-03
      vertex 1.335011236e-02 -9.192486294e-03 1.650127466e-03
      vertex 1.330004074e-02 -9.068644606e-03 2.622955653e-04
    endloop
  endfacet
  facet normal -1.415262651e-02 9.997417927e-01 1.777828112e-02
    outer loop
      vertex 3.839379176e-02 -9.016396478e-03 3.975382540e-03
      vertex 1.871319488e-02 -9.297072887e-03 4.091922194e-03
      vertex 5.042379722e-02 -8.700000122e-03 -4.240294918e-03
    endloop
  endfacet
  facet normal -1.415730827e-02 9.997547865e-01 1.702714339e-02
    outer loop
      vertex 3.839379176e-02 -9.016396478e-03 3.975382540e-03
      vertex 3.873718530e-02 -9.015832096e-03 4.227757454e-03
      vertex 1.871319488e-02 -9.297072887e-03 4.091922194e-03
    endloop
  endfacet
  facet normal -1.442068256e-02 9.997448921e-01 1.738403924e-02
    outer loop
      vertex 3.839379176e-02 -9.016396478e-03 3.975382540e-03
      vertex 5.042379722e-02 -8.700000122e-03 -4.240294918e-03
      vertex 3.873718530e-02 -9.015832096e-03 4.227757454e-03
    endloop
  endfacet
  facet normal -1.916487515e-02 9.997696877e-01 9.662422352e-03
    outer loop
      vertex 5.164083466e-02 -8.700000122e-03 -2.857474610e-03
      vertex 5.205699429e-02 -8.700000122e-03 -2.032067860e-03
      vertex 3.873718530e-02 -9.015832096e-03 4.227757454e-03
    endloop
  endfacet
  facet normal -1.069657132e-01 9.656935334e-01 2.366313040e-01
    outer loop
      vertex 4.881561175e-02 -8.700000122e-03 -5.138682202e-03
      vertex 4.889889807e-02 -8.633012883e-03 -5.374401342e-03
      vertex 4.977986217e-02 -8.633012883e-03 -4.976180382e-03
    endloop
  endfacet
  facet normal -9.102332406e-03 9.993473291e-01 3.495774791e-02
    outer loop
      vertex 4.881561175e-02 -8.700000122e-03 -5.138682202e-03
      vertex 1.871319488e-02 -9.297072887e-03 4.091922194e-03
      vertex 4.792105407e-02 -8.700000122e-03 -5.371606909e-03
    endloop
  endfacet
  facet normal -2.617269158e-01 -1.671363134e-04 9.651418924e-01
    outer loop
      vertex 4.926835746e-02 7.149999961e-03 -6.833341438e-03
      vertex 4.922492057e-02 -7.199999876e-03 -6.847606972e-03
      vertex 4.849465564e-02 7.149999961e-03 -7.043153048e-03
    endloop
  endfacet
  facet normal -3.673951924e-01 1.875349408e-04 9.300649166e-01
    outer loop
      vertex 4.926835746e-02 7.149999961e-03 -6.833341438e-03
      vertex 5.001393706e-02 7.149999961e-03 -6.538820919e-03
      vertex 4.922492057e-02 -7.199999876e-03 -6.847606972e-03
    endloop
  endfacet
  facet normal -3.549142480e-01 -2.584437430e-01 8.984668255e-01
    outer loop
      vertex 4.926835746e-02 7.149999961e-03 -6.833341438e-03
      vertex 4.998309165e-02 7.424999960e-03 -6.471901666e-03
      vertex 5.001393706e-02 7.149999961e-03 -6.538820919e-03
    endloop
  endfacet
  facet normal -2.528343797e-01 -2.584498227e-01 9.323510528e-01
    outer loop
      vertex 4.926835746e-02 7.149999961e-03 -6.833341438e-03
      vertex 4.849465564e-02 7.149999961e-03 -7.043153048e-03
      vertex 4.847935960e-02 7.424999960e-03 -6.971071940e-03
    endloop
  endfacet
  facet normal -2.035922110e-01 5.724055227e-04 9.790556431e-01
    outer loop
      vertex 4.812632874e-02 -7.199999876e-03 -7.111356128e-03
      vertex 3.450518101e-02 2.291790224e-05 -9.948063642e-03
      vertex 4.849465564e-02 7.149999961e-03 -7.043153048e-03
    endloop
  endfacet
  facet normal -2.334451973e-01 1.370460261e-03 9.723689556e-01
    outer loop
      vertex 4.812632874e-02 -7.199999876e-03 -7.111356128e-03
      vertex 4.849465564e-02 7.149999961e-03 -7.043153048e-03
      vertex 4.922492057e-02 -7.199999876e-03 -6.847606972e-03
    endloop
  endfacet
  facet normal -2.333900779e-01 2.237080969e-02 9.721258283e-01
    outer loop
      vertex 4.812632874e-02 -7.199999876e-03 -7.111356128e-03
      vertex 4.922492057e-02 -7.199999876e-03 -6.847606972e-03
      vertex 4.922476783e-02 -7.222405635e-03 -6.847129203e-03
    endloop
  endfacet
  facet normal -3.826864064e-01 1.162250875e-03 9.238775969e-01
    outer loop
      vertex 4.926703870e-02 -7.199999876e-03 -6.830161437e-03
      vertex 4.922492057e-02 -7.199999876e-03 -6.847606972e-03
      vertex 5.001393706e-02 7.149999961e-03 -6.538820919e-03
    endloop
  endfacet
  facet normal -3.826833367e-01 1.161051565e-03 9.238788486e-01
    outer loop
      vertex 4.926703870e-02 -7.199999876e-03 -6.830161437e-03
      vertex 5.001393706e-02 7.149999961e-03 -6.538820919e-03
      vertex 5.026873201e-02 -7.199999876e-03 -6.415246986e-03
    endloop
  endfacet
  facet normal -3.825886548e-01 2.230802178e-02 9.236494303e-01
    outer loop
      vertex 4.926703870e-02 -7.199999876e-03 -6.830161437e-03
      vertex 5.026873201e-02 -7.199999876e-03 -6.415246986e-03
      vertex 4.922476783e-02 -7.222405635e-03 -6.847129203e-03
    endloop
  endfacet
  facet normal -3.825870752e-01 2.242862061e-02 9.236471653e-01
    outer loop
      vertex 4.926703870e-02 -7.199999876e-03 -6.830161437e-03
      vertex 4.922476783e-02 -7.222405635e-03 -6.847129203e-03
      vertex 4.922492057e-02 -7.199999876e-03 -6.847606972e-03
    endloop
  endfacet
  facet normal -5.224973559e-01 1.536055934e-03 8.526394963e-01
    outer loop
      vertex 5.123205483e-02 -7.199999876e-03 -5.824922584e-03
      vertex 5.026873201e-02 -7.199999876e-03 -6.415246986e-03
      vertex 5.072215572e-02 7.149999961e-03 -6.163242273e-03
    endloop
  endfacet
  facet normal -8.035250902e-01 -7.564636762e-04 5.952704549e-01
    outer loop
      vertex 5.282492191e-02 -7.199999876e-03 -4.232053645e-03
      vertex 5.253780633e-02 7.149999961e-03 -4.601380322e-03
      vertex 5.301500112e-02 7.149999961e-03 -3.957239911e-03
    endloop
  endfacet
  facet normal -7.604060769e-01 1.500491402e-03 6.494460702e-01
    outer loop
      vertex 5.282492191e-02 -7.199999876e-03 -4.232053645e-03
      vertex 5.209117010e-02 -7.199999876e-03 -5.091168918e-03
      vertex 5.253780633e-02 7.149999961e-03 -4.601380322e-03
    endloop
  endfacet
  facet normal -9.238785505e-01 1.263983781e-03 3.826836646e-01
    outer loop
      vertex 5.341524631e-02 -7.199999876e-03 -3.268731525e-03
      vertex 5.374071002e-02 7.149999961e-03 -2.530384809e-03
      vertex 5.384760723e-02 -7.199999876e-03 -2.224922413e-03
    endloop
  endfacet
  facet normal -9.151926637e-01 2.087232679e-05 4.030167162e-01
    outer loop
      vertex 5.341524631e-02 -7.199999876e-03 -3.268731525e-03
      vertex 5.341763422e-02 7.149999961e-03 -3.264043713e-03
      vertex 5.374071002e-02 7.149999961e-03 -2.530384809e-03
    endloop
  endfacet
  facet normal -8.647174239e-01 -2.023979505e-05 5.022585988e-01
    outer loop
      vertex 5.341524631e-02 -7.199999876e-03 -3.268731525e-03
      vertex 5.301500112e-02 7.149999961e-03 -3.957239911e-03
      vertex 5.341763422e-02 7.149999961e-03 -3.264043713e-03
    endloop
  endfacet
  facet normal -9.889417291e-01 -4.423232004e-02 -1.415549964e-01
    outer loop
      vertex 5.405950546e-02 7.149999961e-03 1.415412989e-03
      vertex 5.409083888e-02 2.799999900e-03 2.555860672e-03
      vertex 5.417309329e-02 7.149999961e-03 6.218575290e-04
    endloop
  endfacet
  facet normal -9.654718041e-01 -7.255019248e-02 -2.502015829e-01
    outer loop
      vertex 5.405950546e-02 7.149999961e-03 1.415412989e-03
      vertex 5.385840312e-02 7.149999961e-03 2.191422274e-03
      vertex 5.409083888e-02 2.799999900e-03 2.555860672e-03
    endloop
  endfacet
  facet normal -9.562717676e-01 -2.584736645e-01 -1.368784606e-01
    outer loop
      vertex 5.405950546e-02 7.149999961e-03 1.415412989e-03
      vertex 5.417309329e-02 7.149999961e-03 6.218575290e-04
      vertex 5.409968272e-02 7.424999960e-03 6.154933362e-04
    endloop
  endfacet
  facet normal -9.065605998e-01 0.000000000e+00 -4.220756888e-01
    outer loop
      vertex 5.355873331e-02 -3.187499940e-03 3.698754124e-03
      vertex 5.355873331e-02 -3.812500043e-03 3.698754124e-03
      vertex 5.409083888e-02 2.799999900e-03 2.555860672e-03
    endloop
  endfacet
  facet normal -8.760762811e-01 -1.414249744e-02 -4.819651246e-01
    outer loop
      vertex 5.355873331e-02 -3.187499940e-03 3.698754124e-03
      vertex 5.409083888e-02 2.799999900e-03 2.555860672e-03
      vertex 5.347499996e-02 2.000000095e-03 3.698754124e-03
    endloop
  endfacet
  facet normal -8.840976357e-01 -2.584551871e-01 3.893227577e-01
    outer loop
      vertex 5.374071002e-02 7.149999961e-03 -2.530384809e-03
      vertex 5.341763422e-02 7.149999961e-03 -3.264043713e-03
      vertex 5.335195363e-02 7.424999960e-03 -3.230638802e-03
    endloop
  endfacet
  facet normal -9.543222785e-01 -7.488737465e-04 2.987784147e-01
    outer loop
      vertex 5.374071002e-02 7.149999961e-03 -2.530384809e-03
      vertex 5.398022383e-02 7.149999961e-03 -1.765358029e-03
      vertex 5.384760723e-02 -7.199999876e-03 -2.224922413e-03
    endloop
  endfacet
  facet normal -5.519331694e-01 -8.157883286e-01 1.727983057e-01
    outer loop
      vertex 5.371361598e-02 7.626314182e-03 -1.697931089e-03
      vertex 5.348325148e-02 7.626314182e-03 -2.433738206e-03
      vertex 5.216830969e-02 8.633012883e-03 -1.881110831e-03
    endloop
  endfacet
  facet normal -5.520903468e-01 -8.205558658e-01 1.479332298e-01
    outer loop
      vertex 5.371361598e-02 7.626314182e-03 -1.697931089e-03
      vertex 5.216830969e-02 8.633012883e-03 -1.881110831e-03
      vertex 5.241644382e-02 8.633012883e-03 -9.550649556e-04
    endloop
  endfacet
  facet normal -7.053437233e-01 -7.065712214e-01 5.698709935e-02
    outer loop
      vertex 5.392285064e-02 7.626314182e-03 -1.725543989e-04
      vertex 5.412410200e-02 7.424999960e-03 -1.775706623e-04
      vertex 5.406020582e-02 7.424999960e-03 -9.684333927e-04
    endloop
  endfacet
  facet normal 1.157733202e-01 9.271360040e-01 -3.563920259e-01
    outer loop
      vertex 1.303186268e-02 -8.829212748e-03 7.195471320e-03
      vertex 1.140002441e-02 -8.406798355e-03 7.764284499e-03
      vertex 1.140002441e-02 -8.454863913e-03 7.639242336e-03
    endloop
  endfacet
  facet normal 1.118232235e-01 9.318200946e-01 -3.452636302e-01
    outer loop
      vertex 1.303186268e-02 -8.829212748e-03 7.195471320e-03
      vertex 1.140002441e-02 -8.845326491e-03 6.623456720e-03
      vertex 1.320988499e-02 -8.876774460e-03 7.124763913e-03
    endloop
  endfacet
  facet normal 1.157704964e-01 9.271386862e-01 -3.563862741e-01
    outer loop
      vertex 1.303186268e-02 -8.829212748e-03 7.195471320e-03
      vertex 1.140002441e-02 -8.454863913e-03 7.639242336e-03
      vertex 1.140002441e-02 -8.845326491e-03 6.623456720e-03
    endloop
  endfacet
  facet normal -9.739153087e-03 4.860886335e-01 -8.738553524e-01
    outer loop
      vertex 3.656662256e-02 -6.271876395e-03 9.841264226e-03
      vertex 1.350011304e-02 -6.419107784e-03 1.001644321e-02
      vertex 3.655038401e-02 -6.906818133e-03 9.488253854e-03
    endloop
  endfacet
  facet normal 1.168690249e-01 4.768303931e-01 -8.711912632e-01
    outer loop
      vertex 1.140002441e-02 -6.354086567e-03 9.811119176e-03
      vertex 1.140002441e-02 -6.902753841e-03 9.510817006e-03
      vertex 1.319269836e-02 -6.268228404e-03 1.009859610e-02
    endloop
  endfacet
  facet normal 0.000000000e+00 0.000000000e+00 -1.000000000e+00
    outer loop
      vertex 1.140002441e-02 -6.354086567e-03 9.811119176e-03
      vertex 1.140002348e-02 -5.779724568e-03 1.012548432e-02
      vertex 1.140002441e-02 -6.902753841e-03 9.510817006e-03
    endloop
  endfacet
  facet normal 1.168697625e-01 4.768299460e-01 -8.711915612e-01
    outer loop
      vertex 1.140002441e-02 -6.354086567e-03 9.811119176e-03
      vertex 1.319269836e-02 -6.268228404e-03 1.009859610e-02
      vertex 1.140002348e-02 -5.779724568e-03 1.012548432e-02
    endloop
  endfacet
  facet normal 1.042802036e-01 3.186323941e-01 -9.421247244e-01
    outer loop
      vertex 1.286102645e-02 -5.278524943e-03 1.045670640e-02
      vertex 1.140002441e-02 -5.044464022e-03 1.037415396e-02
      vertex 1.140002348e-02 -5.779724568e-03 1.012548432e-02
    endloop
  endfacet
  facet normal 9.967462718e-02 2.860398293e-01 -9.530195594e-01
    outer loop
      vertex 1.286102645e-02 -5.278524943e-03 1.045670640e-02
      vertex 1.284579094e-02 -4.744205158e-03 1.061548386e-02
      vertex 1.140002441e-02 -5.044464022e-03 1.037415396e-02
    endloop
  endfacet
  facet normal 9.821698666e-01 3.011899535e-03 1.879710555e-01
    outer loop
      vertex 1.140002441e-02 -3.119728528e-03 -1.095108967e-02
      vertex 1.140002441e-02 -3.238049336e-03 -1.094919629e-02
      vertex 9.650000371e-03 2.000000095e-03 -1.888934290e-03
    endloop
  endfacet
  facet normal 9.809839725e-01 1.580106765e-01 1.127081141e-01
    outer loop
      vertex 1.140002441e-02 -6.043698173e-03 -9.136807173e-03
      vertex 9.899999946e-03 -2.000000095e-03 -1.750000054e-03
      vertex 1.140002534e-02 -5.779725499e-03 -9.506889619e-03
    endloop
  endfacet
  facet normal 9.809839129e-01 1.580115557e-01 1.127071455e-01
    outer loop
      vertex 1.140002441e-02 -6.043698173e-03 -9.136807173e-03
      vertex 1.140002441e-02 -6.627917755e-03 -8.317747153e-03
      vertex 9.899999946e-03 -2.000000095e-03 -1.750000054e-03
    endloop
  endfacet
  facet normal 9.749588370e-01 2.205195427e-01 2.874686755e-02
    outer loop
      vertex 1.140002441e-02 -8.643044159e-03 -1.664408832e-03
      vertex 9.899999946e-03 -2.000000095e-03 -1.750000054e-03
      vertex 1.140002441e-02 -8.502110839e-03 -2.745517995e-03
    endloop
  endfacet
  facet normal 9.749588370e-01 2.205195427e-01 2.874697372e-02
    outer loop
      vertex 1.140002441e-02 -8.643044159e-03 -1.664408832e-03
      vertex 1.140002441e-02 -8.880928159e-03 1.604197896e-04
      vertex 9.899999946e-03 -2.000000095e-03 -1.750000054e-03
    endloop
  endfacet
  facet normal -7.393566519e-02 -4.505144060e-02 -9.962449074e-01
    outer loop
      vertex 4.375236481e-02 4.267946817e-03 1.009739377e-02
      vertex 4.406930506e-02 4.251398146e-03 1.007461920e-02
      vertex 4.412299395e-02 4.608310293e-03 1.005449425e-02
    endloop
  endfacet
  facet normal -7.235604525e-02 -1.319220942e-02 -9.972916245e-01
    outer loop
      vertex 4.375236481e-02 4.267946817e-03 1.009739377e-02
      vertex 4.390723631e-02 3.888090141e-03 1.009118278e-02
      vertex 4.406930506e-02 4.251398146e-03 1.007461920e-02
    endloop
  endfacet
  facet normal -3.056253120e-02 2.152547677e-05 -9.995328784e-01
    outer loop
      vertex 3.554766253e-02 3.878862364e-03 1.036930084e-02
      vertex 3.097285144e-02 3.571468173e-03 1.050917804e-02
      vertex 3.087313846e-02 -3.551548580e-03 1.051207352e-02
    endloop
  endfacet
  facet normal -2.815759927e-02 -7.962705195e-02 -9.964269400e-01
    outer loop
      vertex 3.554766253e-02 3.878862364e-03 1.036930084e-02
      vertex 4.387313500e-02 4.728506319e-03 1.006613672e-02
      vertex 2.871722914e-02 4.058178980e-03 1.054798998e-02
    endloop
  endfacet
  facet normal -2.736020461e-02 -4.717405513e-02 -9.985119104e-01
    outer loop
      vertex 3.554766253e-02 3.878862364e-03 1.036930084e-02
      vertex 2.871722914e-02 4.058178980e-03 1.054798998e-02
      vertex 3.097285144e-02 3.571468173e-03 1.050917804e-02
    endloop
  endfacet
  facet normal -2.446458675e-02 -6.390398630e-05 -9.997006655e-01
    outer loop
      vertex 3.087313846e-02 -3.551548580e-03 1.051207352e-02
      vertex 3.097285144e-02 3.571468173e-03 1.050917804e-02
      vertex 2.637598850e-02 -3.827424021e-03 1.062214561e-02
    endloop
  endfacet
  facet normal -6.521664858e-01 8.852644532e-05 -7.580757737e-01
    outer loop
      vertex 4.699998721e-02 3.113089828e-03 9.787854739e-03
      vertex 4.700008407e-02 -2.891731681e-03 9.787072428e-03
      vertex 5.160701275e-02 -2.150158398e-03 5.823854823e-03
    endloop
  endfacet
  facet normal -9.764914960e-02 -1.617448434e-04 -9.952208996e-01
    outer loop
      vertex 4.699998721e-02 3.113089828e-03 9.787854739e-03
      vertex 4.390723631e-02 3.888090141e-03 1.009118278e-02
      vertex 4.403038323e-02 -4.103061743e-03 1.008039806e-02
    endloop
  endfacet
  facet normal -9.834598750e-02 1.283072488e-04 -9.951523542e-01
    outer loop
      vertex 4.699998721e-02 3.113089828e-03 9.787854739e-03
      vertex 4.403038323e-02 -4.103061743e-03 1.008039806e-02
      vertex 4.700008407e-02 -2.891731681e-03 9.787072428e-03
    endloop
  endfacet
  facet normal -1.045194194e-01 -1.859717816e-02 -9.943489432e-01
    outer loop
      vertex 4.699998721e-02 3.113089828e-03 9.787854739e-03
      vertex 4.699998721e-02 4.525149241e-03 9.761445224e-03
      vertex 4.406930506e-02 4.251398146e-03 1.007461920e-02
    endloop
  endfacet
  facet normal -9.801758826e-02 -1.645611599e-03 -9.951833487e-01
    outer loop
      vertex 4.699998721e-02 3.113089828e-03 9.787854739e-03
      vertex 4.406930506e-02 4.251398146e-03 1.007461920e-02
      vertex 4.390723631e-02 3.888090141e-03 1.009118278e-02
    endloop
  endfacet
  facet normal -1.024141982e-01 -4.063558206e-02 -9.939116240e-01
    outer loop
      vertex 4.412299395e-02 4.608310293e-03 1.005449425e-02
      vertex 4.406930506e-02 4.251398146e-03 1.007461920e-02
      vertex 4.699998721e-02 4.525149241e-03 9.761445224e-03
    endloop
  endfacet
  facet normal -1.496241894e-02 6.389144808e-02 -9.978446960e-01
    outer loop
      vertex 2.005540952e-02 -3.969651647e-03 1.070781332e-02
      vertex 2.637598850e-02 -3.827424021e-03 1.062214561e-02
      vertex 2.254051715e-02 -3.502226667e-03 1.070047915e-02
    endloop
  endfacet
  facet normal -1.022000536e-01 -3.488440812e-01 -9.315915704e-01
    outer loop
      vertex 4.413943365e-02 6.278319750e-03 9.691919200e-03
      vertex 4.699998721e-02 5.823444575e-03 9.548436850e-03
      vertex 4.699998721e-02 6.401108112e-03 9.332125075e-03
    endloop
  endfacet
  facet normal -4.276122153e-01 -7.065536976e-01 -5.638524294e-01
    outer loop
      vertex 5.161559582e-02 7.424999960e-03 5.429605488e-03
      vertex 5.148521066e-02 7.626314182e-03 5.276222248e-03
      vertex 5.098339543e-02 7.424999960e-03 5.909052677e-03
    endloop
  endfacet
  facet normal -4.876478314e-01 -7.065454721e-01 -5.128285289e-01
    outer loop
      vertex 5.161559582e-02 7.424999960e-03 5.429605488e-03
      vertex 5.219057947e-02 7.424999960e-03 4.882850219e-03
      vertex 5.148521066e-02 7.626314182e-03 5.276222248e-03
    endloop
  endfacet
  facet normal -6.656828523e-01 -2.584453523e-01 -7.000516653e-01
    outer loop
      vertex 5.161559582e-02 7.424999960e-03 5.429605488e-03
      vertex 5.224424973e-02 7.149999961e-03 4.933339078e-03
      vertex 5.219057947e-02 7.424999960e-03 4.882850219e-03
    endloop
  endfacet
  facet normal -5.810950398e-01 -2.853955030e-01 -7.621535063e-01
    outer loop
      vertex 5.161559582e-02 7.424999960e-03 5.429605488e-03
      vertex 4.699998721e-02 6.401108112e-03 9.332125075e-03
      vertex 4.699998721e-02 5.823444575e-03 9.548436850e-03
    endloop
  endfacet
  facet normal -5.766826868e-01 -2.986794114e-01 -7.604127526e-01
    outer loop
      vertex 5.161559582e-02 7.424999960e-03 5.429605488e-03
      vertex 5.098339543e-02 7.424999960e-03 5.909052677e-03
      vertex 4.699998721e-02 6.401108112e-03 9.332125075e-03
    endloop
  endfacet
  facet normal -5.280768275e-01 -4.175908864e-01 -7.394272089e-01
    outer loop
      vertex 4.699998721e-02 6.889823359e-03 9.056122974e-03
      vertex 4.699998721e-02 6.401108112e-03 9.332125075e-03
      vertex 5.098339543e-02 7.424999960e-03 5.909052677e-03
    endloop
  endfacet
  facet normal -1.398604549e-02 9.998665452e-01 -8.439335972e-03
    outer loop
      vertex 3.881825507e-02 -9.009888396e-03 4.797600675e-03
      vertex 1.871319488e-02 -9.297072887e-03 4.091922194e-03
      vertex 3.873718530e-02 -9.015832096e-03 4.227757454e-03
    endloop
  endfacet
  facet normal -1.326549519e-02 9.994966388e-01 -2.881777473e-02
    outer loop
      vertex 3.881825507e-02 -9.009888396e-03 4.797600675e-03
      vertex 1.873116940e-02 -9.269864298e-03 5.027313251e-03
      vertex 1.871319488e-02 -9.297072887e-03 4.091922194e-03
    endloop
  endfacet
  facet normal -1.160946954e-02 9.710429311e-01 -2.386228740e-01
    outer loop
      vertex 1.876389049e-02 -8.952353150e-03 6.778838579e-03
      vertex 1.874808967e-02 -9.162125178e-03 5.925976206e-03
      vertex 3.985057026e-02 -8.829995058e-03 6.250853185e-03
    endloop
  endfacet
  facet normal 1.267160624e-01 9.778274298e-01 -1.667228341e-01
    outer loop
      vertex 1.304023154e-02 -9.187156335e-03 5.865251645e-03
      vertex 1.140002441e-02 -8.845326491e-03 6.623456720e-03
      vertex 1.140002441e-02 -9.074811824e-03 5.277527031e-03
    endloop
  endfacet
  facet normal -8.039707318e-03 9.928756952e-01 -1.188835874e-01
    outer loop
      vertex 1.341976505e-02 -9.262468666e-03 5.448275711e-03
      vertex 1.873116940e-02 -9.269864298e-03 5.027313251e-03
      vertex 1.874808967e-02 -9.162125178e-03 5.925976206e-03
    endloop
  endfacet
  facet normal 9.943826497e-02 9.489080906e-01 -2.994754016e-01
    outer loop
      vertex 1.303618681e-02 -9.042934515e-03 6.540597416e-03
      vertex 1.320988499e-02 -8.876774460e-03 7.124763913e-03
      vertex 1.140002441e-02 -8.845326491e-03 6.623456720e-03
    endloop
  endfacet
  facet normal -7.676901761e-03 9.991961718e-01 3.934830055e-02
    outer loop
      vertex 1.350000128e-02 -9.300008416e-03 3.149347380e-03
      vertex 4.792105407e-02 -8.700000122e-03 -5.371606909e-03
      vertex 1.871319488e-02 -9.297072887e-03 4.091922194e-03
    endloop
  endfacet
  facet normal -7.345743477e-03 9.995543957e-01 -2.893272042e-02
    outer loop
      vertex 1.350000035e-02 -9.326362051e-03 4.403621424e-03
      vertex 1.871319488e-02 -9.297072887e-03 4.091922194e-03
      vertex 1.873116940e-02 -9.269864298e-03 5.027313251e-03
    endloop
  endfacet
  facet normal 1.158428043e-01 9.932314157e-01 8.475509472e-03
    outer loop
      vertex 1.255996060e-02 -9.253255092e-03 4.016040359e-03
      vertex 1.140002441e-02 -9.112167172e-03 3.336288966e-03
      vertex 1.305022929e-02 -9.308546782e-03 3.794668242e-03
    endloop
  endfacet
  facet normal 1.317287236e-01 9.911022782e-01 -1.907200739e-02
    outer loop
      vertex 1.255996060e-02 -9.253255092e-03 4.016040359e-03
      vertex 1.140002441e-02 -9.074811824e-03 5.277527031e-03
      vertex 1.140002441e-02 -9.112167172e-03 3.336288966e-03
    endloop
  endfacet
  facet normal 1.206493378e-01 9.900743365e-01 7.208854705e-02
    outer loop
      vertex 1.256473921e-02 -9.199055843e-03 2.580336761e-03
      vertex 1.140002441e-02 -9.112167172e-03 3.336288966e-03
      vertex 1.140002441e-02 -8.880928159e-03 1.604197896e-04
    endloop
  endfacet
  facet normal 1.004966870e-01 9.937092662e-01 4.941944033e-02
    outer loop
      vertex 1.256473921e-02 -9.199055843e-03 2.580336761e-03
      vertex 1.305507310e-02 -9.240242653e-03 2.411394147e-03
      vertex 1.305022929e-02 -9.308546782e-03 3.794668242e-03
    endloop
  endfacet
  facet normal 1.049908623e-01 9.933338165e-01 4.758974910e-02
    outer loop
      vertex 1.256473921e-02 -9.199055843e-03 2.580336761e-03
      vertex 1.305022929e-02 -9.308546782e-03 3.794668242e-03
      vertex 1.140002441e-02 -9.112167172e-03 3.336288966e-03
    endloop
  endfacet
  facet normal -8.875957690e-03 8.692743778e-01 -4.942501485e-01
    outer loop
      vertex 4.195293784e-02 -8.117728867e-03 8.085945621e-03
      vertex 1.350012608e-02 -8.329752833e-03 8.224011399e-03
      vertex 1.320735458e-02 -8.602774702e-03 7.749082521e-03
    endloop
  endfacet
  facet normal -8.889099583e-03 8.517338634e-01 -5.238990784e-01
    outer loop
      vertex 4.195293784e-02 -8.117728867e-03 8.085945621e-03
      vertex 4.309814796e-02 -7.901214063e-03 8.418514393e-03
      vertex 1.350012608e-02 -8.329752833e-03 8.224011399e-03
    endloop
  endfacet
  facet normal 2.138513140e-02 7.098649740e-01 -7.040132284e-01
    outer loop
      vertex 1.350010559e-02 -7.519776002e-03 9.215551428e-03
      vertex 1.319886465e-02 -7.375222165e-03 9.352158755e-03
      vertex 1.320181694e-02 -7.849250920e-03 8.874279447e-03
    endloop
  endfacet
  facet normal 1.019689068e-01 5.055476427e-01 -8.567519784e-01
    outer loop
      vertex 1.319574751e-02 -6.843036972e-03 9.759778157e-03
      vertex 1.319269836e-02 -6.268228404e-03 1.009859610e-02
      vertex 1.140002441e-02 -6.902753841e-03 9.510817006e-03
    endloop
  endfacet
  facet normal -8.486954495e-03 5.223483443e-01 -8.526899219e-01
    outer loop
      vertex 1.319574751e-02 -6.843036972e-03 9.759778157e-03
      vertex 3.655038401e-02 -6.906818133e-03 9.488253854e-03
      vertex 1.350011304e-02 -6.419107784e-03 1.001644321e-02
    endloop
  endfacet
  facet normal 1.904932037e-02 5.077781677e-01 -8.612772822e-01
    outer loop
      vertex 1.319574751e-02 -6.843036972e-03 9.759778157e-03
      vertex 1.350011304e-02 -6.419107784e-03 1.001644321e-02
      vertex 1.319269836e-02 -6.268228404e-03 1.009859610e-02
    endloop
  endfacet
  facet normal -8.235649206e-03 6.350128055e-01 -7.724577188e-01
    outer loop
      vertex 4.358606786e-02 -7.338682655e-03 9.058219381e-03
      vertex 3.655038401e-02 -6.906818133e-03 9.488253854e-03
      vertex 1.319886465e-02 -7.375222165e-03 9.352158755e-03
    endloop
  endfacet
  facet normal 9.027343988e-02 7.916198373e-01 -6.043084860e-01
    outer loop
      vertex 1.330004912e-02 -7.972440682e-03 8.727580309e-03
      vertex 1.320181694e-02 -7.849250920e-03 8.874279447e-03
      vertex 1.140002441e-02 -7.729665376e-03 8.761772886e-03
    endloop
  endfacet
  facet normal 1.121056825e-01 -9.684351087e-01 2.226335406e-01
    outer loop
      vertex 1.306143031e-02 8.288509212e-03 -4.637189675e-03
      vertex 1.140002441e-02 8.006481454e-03 -5.027396139e-03
      vertex 1.140002441e-02 8.488242514e-03 -2.931774594e-03
    endloop
  endfacet
  facet normal -1.836635917e-01 -9.656790495e-01 1.836617589e-01
    outer loop
      vertex 5.037463456e-02 8.700000122e-03 -4.021733534e-03
      vertex 5.121324584e-02 8.633012883e-03 -3.535331925e-03
      vertex 5.053533241e-02 8.633012883e-03 -4.213244654e-03
    endloop
  endfacet
  facet normal -1.836637855e-01 -9.656776190e-01 1.836690754e-01
    outer loop
      vertex 5.037463456e-02 8.700000122e-03 -4.021733534e-03
      vertex 5.102173239e-02 8.700000122e-03 -3.374635009e-03
      vertex 5.121324584e-02 8.633012883e-03 -3.535331925e-03
    endloop
  endfacet
  facet normal -1.489841640e-01 -9.656761885e-01 2.127749324e-01
    outer loop
      vertex 5.037463456e-02 8.700000122e-03 -4.021733534e-03
      vertex 5.053533241e-02 8.633012883e-03 -4.213244654e-03
      vertex 4.962500185e-02 8.700000122e-03 -4.546633456e-03
    endloop
  endfacet
  facet normal -1.671638526e-02 -9.997204542e-01 1.671623997e-02
    outer loop
      vertex 5.037463456e-02 8.700000122e-03 -4.021733534e-03
      vertex 3.863803670e-02 9.038266726e-03 4.471672699e-03
      vertex 5.102173239e-02 8.700000122e-03 -3.374635009e-03
    endloop
  endfacet
  facet normal -1.435026620e-02 -9.996972680e-01 1.998513378e-02
    outer loop
      vertex 5.037463456e-02 8.700000122e-03 -4.021733534e-03
      vertex 1.871319488e-02 9.316688403e-03 4.091922194e-03
      vertex 3.863803670e-02 9.038266726e-03 4.471672699e-03
    endloop
  endfacet
  facet normal -1.425461378e-02 -9.996910691e-01 2.036000974e-02
    outer loop
      vertex 5.037463456e-02 8.700000122e-03 -4.021733534e-03
      vertex 4.962500185e-02 8.700000122e-03 -4.546633456e-03
      vertex 1.871319488e-02 9.316688403e-03 4.091922194e-03
    endloop
  endfacet
  facet normal -4.042725861e-01 -8.204433322e-01 4.042725861e-01
    outer loop
      vertex 5.053533241e-02 8.633012883e-03 -4.213244654e-03
      vertex 5.121324584e-02 8.633012883e-03 -3.535331925e-03
      vertex 5.180129409e-02 7.626314182e-03 -4.990309011e-03
    endloop
  endfacet
  facet normal -3.781074882e-01 -8.147608042e-01 4.395447373e-01
    outer loop
      vertex 5.053533241e-02 8.633012883e-03 -4.213244654e-03
      vertex 5.180129409e-02 7.626314182e-03 -4.990309011e-03
      vertex 5.121678114e-02 7.626314182e-03 -5.493122619e-03
    endloop
  endfacet
  facet normal -4.768958315e-03 -9.985018969e-01 5.450965464e-02
    outer loop
      vertex 1.330004074e-02 9.317335673e-03 3.109947545e-03
      vertex 4.791165143e-02 8.700000122e-03 -5.170240533e-03
      vertex 4.699999839e-02 8.700000122e-03 -5.249999929e-03
    endloop
  endfacet
  facet normal -7.419927511e-03 -9.991623759e-01 4.024316743e-02
    outer loop
      vertex 1.330004074e-02 9.317335673e-03 3.109947545e-03
      vertex 1.350002084e-02 9.344259277e-03 3.815269331e-03
      vertex 1.871319488e-02 9.316688403e-03 4.091922194e-03
    endloop
  endfacet
  facet normal -7.752946578e-03 -9.990841746e-01 4.207924753e-02
    outer loop
      vertex 1.330004074e-02 9.317335673e-03 3.109947545e-03
      vertex 1.871319488e-02 9.316688403e-03 4.091922194e-03
      vertex 4.791165143e-02 8.700000122e-03 -5.170240533e-03
    endloop
  endfacet
  facet normal -2.263817750e-02 -9.656772017e-01 2.587566674e-01
    outer loop
      vertex 4.699999839e-02 8.700000122e-03 -5.249999929e-03
      vertex 4.791165143e-02 8.700000122e-03 -5.170240533e-03
      vertex 4.795506597e-02 8.633012883e-03 -5.416442640e-03
    endloop
  endfacet
  facet normal -2.263749950e-02 -9.656803012e-01 2.587452829e-01
    outer loop
      vertex 4.699999839e-02 8.700000122e-03 -5.249999929e-03
      vertex 4.795506597e-02 8.633012883e-03 -5.416442640e-03
      vertex 4.699999839e-02 8.633012883e-03 -5.499999970e-03
    endloop
  endfacet
  facet normal -1.246873103e-02 -9.995647669e-01 2.673892677e-02
    outer loop
      vertex 4.879560694e-02 8.700000122e-03 -4.933386110e-03
      vertex 1.871319488e-02 9.316688403e-03 4.091922194e-03
      vertex 4.962500185e-02 8.700000122e-03 -4.546633456e-03
    endloop
  endfacet
  facet normal -9.664479643e-03 -9.993026257e-01 3.606777266e-02
    outer loop
      vertex 4.879560694e-02 8.700000122e-03 -4.933386110e-03
      vertex 4.791165143e-02 8.700000122e-03 -5.170240533e-03
      vertex 1.871319488e-02 9.316688403e-03 4.091922194e-03
    endloop
  endfacet
  facet normal -6.722702831e-02 -9.656792879e-01 2.508863509e-01
    outer loop
      vertex 4.879560694e-02 8.700000122e-03 -4.933386110e-03
      vertex 4.888110980e-02 8.633012883e-03 -5.168309435e-03
      vertex 4.795506597e-02 8.633012883e-03 -5.416442640e-03
    endloop
  endfacet
  facet normal -6.722390652e-02 -9.656778574e-01 2.508929670e-01
    outer loop
      vertex 4.879560694e-02 8.700000122e-03 -4.933386110e-03
      vertex 4.795506597e-02 8.633012883e-03 -5.416442640e-03
      vertex 4.791165143e-02 8.700000122e-03 -5.170240533e-03
    endloop
  endfacet
  facet normal -4.685101509e-01 -7.107656565e-04 8.834577799e-01
    outer loop
      vertex 5.001393706e-02 7.149999961e-03 -6.538820919e-03
      vertex 5.072215572e-02 7.149999961e-03 -6.163242273e-03
      vertex 5.026873201e-02 -7.199999876e-03 -6.415246986e-03
    endloop
  endfacet
  facet normal -6.299816370e-01 -2.584457397e-01 7.323448062e-01
    outer loop
      vertex 5.199196190e-02 7.149999961e-03 -5.188480020e-03
      vertex 5.133936554e-02 7.424999960e-03 -5.652810913e-03
      vertex 5.194087327e-02 7.424999960e-03 -5.135380197e-03
    endloop
  endfacet
  facet normal -7.323692441e-01 -4.465419333e-04 6.809075475e-01
    outer loop
      vertex 5.199196190e-02 7.149999961e-03 -5.188480020e-03
      vertex 5.253780633e-02 7.149999961e-03 -4.601380322e-03
      vertex 5.209117010e-02 -7.199999876e-03 -5.091168918e-03
    endloop
  endfacet
  facet normal -7.074921727e-01 -2.584325373e-01 6.577746868e-01
    outer loop
      vertex 5.199196190e-02 7.149999961e-03 -5.188480020e-03
      vertex 5.194087327e-02 7.424999960e-03 -5.135380197e-03
      vertex 5.253780633e-02 7.149999961e-03 -4.601380322e-03
    endloop
  endfacet
  facet normal -4.614885151e-01 -7.065598965e-01 5.364713669e-01
    outer loop
      vertex 5.180129409e-02 7.626314182e-03 -4.990309011e-03
      vertex 5.194087327e-02 7.424999960e-03 -5.135380197e-03
      vertex 5.121678114e-02 7.626314182e-03 -5.493122619e-03
    endloop
  endfacet
  facet normal -4.614881873e-01 -7.065540552e-01 5.364793539e-01
    outer loop
      vertex 5.133936554e-02 7.424999960e-03 -5.652810913e-03
      vertex 5.121678114e-02 7.626314182e-03 -5.493122619e-03
      vertex 5.194087327e-02 7.424999960e-03 -5.135380197e-03
    endloop
  endfacet
  facet normal -7.074869871e-01 -2.584455907e-01 6.577751637e-01
    outer loop
      vertex 5.248112977e-02 7.424999960e-03 -4.554289393e-03
      vertex 5.253780633e-02 7.149999961e-03 -4.601380322e-03
      vertex 5.194087327e-02 7.424999960e-03 -5.135380197e-03
    endloop
  endfacet
  facet normal -8.642513752e-01 -4.984356835e-02 -5.005849004e-01
    outer loop
      vertex 5.320468172e-02 7.149999961e-03 3.652660176e-03
      vertex 5.347499996e-02 2.000000095e-03 3.698754124e-03
      vertex 5.409083888e-02 2.799999900e-03 2.555860672e-03
    endloop
  endfacet
  facet normal -8.867714405e-01 -6.527657062e-02 -4.575755596e-01
    outer loop
      vertex 5.320468172e-02 7.149999961e-03 3.652660176e-03
      vertex 5.409083888e-02 2.799999900e-03 2.555860672e-03
      vertex 5.357227847e-02 7.149999961e-03 2.940265695e-03
    endloop
  endfacet
  facet normal -7.393848896e-01 -2.584151030e-01 -6.217167377e-01
    outer loop
      vertex 5.219057947e-02 7.424999960e-03 4.882850219e-03
      vertex 5.224424973e-02 7.149999961e-03 4.933339078e-03
      vertex 5.270121992e-02 7.424999960e-03 4.275565036e-03
    endloop
  endfacet
  facet normal -3.950127661e-01 -7.071098089e-01 -5.864815712e-01
    outer loop
      vertex 5.087086931e-02 7.626314182e-03 5.742125213e-03
      vertex 4.699998721e-02 7.677109912e-03 8.288022131e-03
      vertex 5.098339543e-02 7.424999960e-03 5.909052677e-03
    endloop
  endfacet
  facet normal -4.276006222e-01 -7.065763474e-01 -5.638330579e-01
    outer loop
      vertex 5.087086931e-02 7.626314182e-03 5.742125213e-03
      vertex 5.098339543e-02 7.424999960e-03 5.909052677e-03
      vertex 5.148521066e-02 7.626314182e-03 5.276222248e-03
    endloop
  endfacet
  facet normal 1.009060666e-01 1.901162118e-01 9.765622020e-01
    outer loop
      vertex 1.306139678e-02 -3.936612979e-03 -1.098486595e-02
      vertex 1.140002441e-02 -4.054372199e-03 -1.079027541e-02
      vertex 1.140002441e-02 -3.238049336e-03 -1.094919629e-02
    endloop
  endfacet
  facet normal 9.449326992e-02 -7.376949787e-01 6.684886813e-01
    outer loop
      vertex 1.308107842e-02 5.802043714e-03 -9.741530754e-03
      vertex 1.140002441e-02 5.648638122e-03 -9.673194028e-03
      vertex 1.140002534e-02 5.799341481e-03 -9.506889619e-03
    endloop
  endfacet
  facet normal 9.740001559e-01 -1.842043400e-01 1.318809837e-01
    outer loop
      vertex 1.140002441e-02 6.484172307e-03 -8.550357074e-03
      vertex 9.650000371e-03 2.000000095e-03 -1.888934290e-03
      vertex 1.140002441e-02 6.631909870e-03 -8.344004862e-03
    endloop
  endfacet
  facet normal 9.739996791e-01 -1.842056364e-01 1.318816245e-01
    outer loop
      vertex 1.140002441e-02 6.484172307e-03 -8.550357074e-03
      vertex 1.140002441e-02 6.063512992e-03 -9.137909859e-03
      vertex 9.650000371e-03 2.000000095e-03 -1.888934290e-03
    endloop
  endfacet
  facet normal 1.213005856e-01 -2.048936784e-01 -9.712387323e-01
    outer loop
      vertex 1.284579094e-02 4.763821140e-03 1.061548386e-02
      vertex 1.140026003e-02 5.100249313e-03 1.036397647e-02
      vertex 1.139991824e-02 4.314702936e-03 1.052965317e-02
    endloop
  endfacet
  facet normal 7.346279919e-02 -7.307123393e-03 -9.972711802e-01
    outer loop
      vertex 1.233820803e-02 3.661025316e-03 1.071712002e-02
      vertex 1.332035474e-02 3.115039784e-03 1.079346798e-02
      vertex 1.332189795e-02 3.669091035e-03 1.078952197e-02
    endloop
  endfacet
  facet normal 7.652291656e-02 -1.771764830e-03 -9.970661998e-01
    outer loop
      vertex 1.233820803e-02 3.661025316e-03 1.071712002e-02
      vertex 1.233392302e-02 2.554584295e-03 1.071875729e-02
      vertex 1.332035474e-02 3.115039784e-03 1.079346798e-02
    endloop
  endfacet
  facet normal 7.956650853e-02 -1.783184009e-03 -9.968280196e-01
    outer loop
      vertex 1.233820803e-02 3.661025316e-03 1.071712002e-02
      vertex 1.140008401e-02 1.991568599e-03 1.064522471e-02
      vertex 1.233392302e-02 2.554584295e-03 1.071875729e-02
    endloop
  endfacet
  facet normal 7.383932173e-02 -9.166264534e-02 -9.930486679e-01
    outer loop
      vertex 1.233820803e-02 3.661025316e-03 1.071712002e-02
      vertex 1.332189795e-02 3.669091035e-03 1.078952197e-02
      vertex 1.332523022e-02 4.221765324e-03 1.073875558e-02
    endloop
  endfacet
  facet normal 1.293150634e-01 -9.738631546e-02 -9.868097305e-01
    outer loop
      vertex 1.233820803e-02 3.661025316e-03 1.071712002e-02
      vertex 1.140003093e-02 3.659601323e-03 1.059431955e-02
      vertex 1.140008122e-02 3.370083170e-03 1.062289812e-02
    endloop
  endfacet
  facet normal 1.293133497e-01 -9.738805145e-02 -9.868098497e-01
    outer loop
      vertex 1.233820803e-02 3.661025316e-03 1.071712002e-02
      vertex 1.139991824e-02 4.314702936e-03 1.052965317e-02
      vertex 1.140003093e-02 3.659601323e-03 1.059431955e-02
    endloop
  endfacet
  facet normal 3.677550238e-03 -7.132124621e-03 -9.999678135e-01
    outer loop
      vertex 1.332189795e-02 3.669091035e-03 1.078952197e-02
      vertex 1.332035474e-02 3.115039784e-03 1.079346798e-02
      vertex 1.430924237e-02 3.673857311e-03 1.079311874e-02
    endloop
  endfacet
  facet normal 0.000000000e+00 8.360478878e-01 -5.486564040e-01
    outer loop
      vertex 1.140011102e-02 4.758213181e-03 1.043611392e-02
      vertex 1.139991824e-02 4.314702936e-03 1.052965317e-02
      vertex 1.140026003e-02 5.100249313e-03 1.036397647e-02
    endloop
  endfacet
  facet normal 9.813498855e-01 -4.007528722e-02 -1.880063415e-01
    outer loop
      vertex 1.140011102e-02 4.758213181e-03 1.043611392e-02
      vertex 9.650000371e-03 2.000000095e-03 1.888934290e-03
      vertex 1.139991824e-02 4.314702936e-03 1.052965317e-02
    endloop
  endfacet
  facet normal 9.813495278e-01 -4.008252546e-02 -1.880063266e-01
    outer loop
      vertex 1.140011102e-02 4.758213181e-03 1.043611392e-02
      vertex 1.140026003e-02 5.100249313e-03 1.036397647e-02
      vertex 9.650000371e-03 2.000000095e-03 1.888934290e-03
    endloop
  endfacet
  facet normal 7.346106321e-02 7.307246327e-03 -9.972712398e-01
    outer loop
      vertex 1.332189795e-02 -3.649475053e-03 1.078952197e-02
      vertex 1.332035474e-02 -3.095423803e-03 1.079346798e-02
      vertex 1.233820803e-02 -3.641409567e-03 1.071712002e-02
    endloop
  endfacet
  facet normal 3.677550238e-03 7.132124621e-03 -9.999678135e-01
    outer loop
      vertex 1.332189795e-02 -3.649475053e-03 1.078952197e-02
      vertex 1.430924237e-02 -3.654241329e-03 1.079311874e-02
      vertex 1.332035474e-02 -3.095423803e-03 1.079346798e-02
    endloop
  endfacet
  facet normal 1.256885827e-01 1.031259969e-01 -9.866951704e-01
    outer loop
      vertex 1.233820803e-02 -3.641409567e-03 1.071712002e-02
      vertex 1.140002441e-02 -4.192766733e-03 1.053999458e-02
      vertex 1.140002441e-02 -4.303501919e-03 1.052842103e-02
    endloop
  endfacet
  facet normal 1.256812215e-01 1.031214520e-01 -9.866966605e-01
    outer loop
      vertex 1.233820803e-02 -3.641409567e-03 1.071712002e-02
      vertex 1.140002441e-02 -3.465471789e-03 1.061600540e-02
      vertex 1.140002441e-02 -4.192766733e-03 1.053999458e-02
    endloop
  endfacet
  facet normal 1.118468344e-01 2.550369129e-02 -9.933981895e-01
    outer loop
      vertex 1.233820803e-02 -3.641409567e-03 1.071712002e-02
      vertex 1.140002441e-02 -2.266332507e-03 1.064679120e-02
      vertex 1.140002441e-02 -3.465471789e-03 1.061600540e-02
    endloop
  endfacet
  facet normal 9.825616479e-01 1.934392378e-02 -1.849281043e-01
    outer loop
      vertex 1.140002441e-02 -4.192766733e-03 1.053999458e-02
      vertex 9.650000371e-03 2.000000095e-03 1.888934290e-03
      vertex 1.140002441e-02 -4.303501919e-03 1.052842103e-02
    endloop
  endfacet
  facet normal 9.825620651e-01 1.932684332e-02 -1.849275529e-01
    outer loop
      vertex 1.140002441e-02 -4.192766733e-03 1.053999458e-02
      vertex 1.140002441e-02 -3.465471789e-03 1.061600540e-02
      vertex 9.650000371e-03 2.000000095e-03 1.888934290e-03
    endloop
  endfacet
  facet normal 7.872042060e-02 -3.678816138e-04 -9.968966246e-01
    outer loop
      vertex 1.233392302e-02 2.554584295e-03 1.071875729e-02
      vertex 1.140008401e-02 1.991568599e-03 1.064522471e-02
      vertex 1.140002441e-02 -2.266332507e-03 1.064679120e-02
    endloop
  endfacet
  facet normal 9.707229733e-01 -2.401921898e-01 2.159020631e-03
    outer loop
      vertex 1.140002441e-02 9.116525762e-03 3.022753866e-03
      vertex 1.140002441e-02 9.116032161e-03 2.967825625e-03
      vertex 9.650000371e-03 2.000000095e-03 -1.888934290e-03
    endloop
  endfacet
  facet normal 9.662992358e-01 -2.551585734e-01 3.405860066e-02
    outer loop
      vertex 1.140002441e-02 8.657440543e-03 -1.664183335e-03
      vertex 9.650000371e-03 2.000000095e-03 -1.888934290e-03
      vertex 1.140002441e-02 8.899581619e-03 1.498797938e-04
    endloop
  endfacet
  facet normal 9.662992358e-01 -2.551582158e-01 3.405851871e-02
    outer loop
      vertex 1.140002441e-02 8.657440543e-03 -1.664183335e-03
      vertex 1.140002441e-02 8.488242514e-03 -2.931774594e-03
      vertex 9.650000371e-03 2.000000095e-03 -1.888934290e-03
    endloop
  endfacet
  facet normal 9.384809434e-02 -7.739068270e-01 -6.263071895e-01
    outer loop
      vertex 1.320181787e-02 7.868929766e-03 8.874206804e-03
      vertex 1.140002441e-02 8.048509248e-03 8.382320404e-03
      vertex 1.140002441e-02 7.666834630e-03 8.853942156e-03
    endloop
  endfacet
  facet normal -2.508888841e-01 -9.656787515e-01 -6.722614169e-02
    outer loop
      vertex 5.193338543e-02 8.700000122e-03 1.795605756e-03
      vertex 5.216830969e-02 8.633012883e-03 1.881110831e-03
      vertex 5.241644382e-02 8.633012883e-03 9.550649556e-04
    endloop
  endfacet
  facet normal -9.947234392e-01 2.244468965e-02 -1.001082510e-01
    outer loop
      vertex 5.411135778e-02 -7.199999876e-03 1.126328134e-03
      vertex 5.409083888e-02 -1.750000054e-03 2.555860672e-03
      vertex 5.411085859e-02 -7.222405635e-03 1.126249554e-03
    endloop
  endfacet
  facet normal -8.830850124e-01 2.938717008e-01 -3.657872975e-01
    outer loop
      vertex 5.377661064e-02 -7.462826557e-03 2.201854018e-03
      vertex 5.384713039e-02 -7.222405635e-03 2.224767115e-03
      vertex 5.341479927e-02 -7.222405635e-03 3.268503584e-03
    endloop
  endfacet
  facet normal -6.621997356e-01 4.493580014e-02 -7.479787469e-01
    outer loop
      vertex 5.160701275e-02 -2.150158398e-03 5.823854823e-03
      vertex 4.699999467e-02 -4.435979761e-03 9.765210561e-03
      vertex 5.209081247e-02 -7.222405635e-03 5.090813618e-03
    endloop
  endfacet
  facet normal -7.241734862e-01 3.049397469e-02 -6.889432669e-01
    outer loop
      vertex 5.160701275e-02 -2.150158398e-03 5.823854823e-03
      vertex 5.209081247e-02 -7.222405635e-03 5.090813618e-03
      vertex 5.355873331e-02 -3.812500043e-03 3.698754124e-03
    endloop
  endfacet
  facet normal -8.149853349e-01 2.938952744e-01 -4.994241595e-01
    outer loop
      vertex 5.282451585e-02 -7.222405635e-03 4.231758416e-03
      vertex 5.276452750e-02 -7.462826557e-03 4.188175313e-03
      vertex 5.341479927e-02 -7.222405635e-03 3.268503584e-03
    endloop
  endfacet
  facet normal -8.482460380e-01 1.013912559e-01 -5.198060274e-01
    outer loop
      vertex 5.282451585e-02 -7.222405635e-03 4.231758416e-03
      vertex 5.341479927e-02 -7.222405635e-03 3.268503584e-03
      vertex 5.355873331e-02 -3.812500043e-03 3.698754124e-03
    endloop
  endfacet
  facet normal -7.589379549e-01 6.209503859e-02 -6.481956244e-01
    outer loop
      vertex 5.282451585e-02 -7.222405635e-03 4.231758416e-03
      vertex 5.355873331e-02 -3.812500043e-03 3.698754124e-03
      vertex 5.209081247e-02 -7.222405635e-03 5.090813618e-03
    endloop
  endfacet
  facet normal -2.231366634e-01 2.938881516e-01 9.294298291e-01
    outer loop
      vertex 4.922476783e-02 -7.222405635e-03 -6.847129203e-03
      vertex 4.920185357e-02 -7.462826557e-03 -6.776609924e-03
      vertex 4.811464995e-02 -7.462826557e-03 -7.037624717e-03
    endloop
  endfacet
  facet normal -9.311727881e-01 -7.956400514e-02 -3.557903171e-01
    outer loop
      vertex 5.385840312e-02 7.149999961e-03 2.191422274e-03
      vertex 5.357227847e-02 7.149999961e-03 2.940265695e-03
      vertex 5.409083888e-02 2.799999900e-03 2.555860672e-03
    endloop
  endfacet
  facet normal -9.065612555e-01 0.000000000e+00 -4.220743775e-01
    outer loop
      vertex 5.409083888e-02 2.799999900e-03 2.555860672e-03
      vertex 5.355873331e-02 -3.812500043e-03 3.698754124e-03
      vertex 5.409083888e-02 -1.750000054e-03 2.555860672e-03
    endloop
  endfacet
  facet normal -9.990940094e-01 -2.935620432e-05 -4.255772382e-02
    outer loop
      vertex 5.409083888e-02 2.799999900e-03 2.555860672e-03
      vertex 5.420000106e-02 -7.199999876e-03 -1.734723476e-18
      vertex 5.417309329e-02 7.149999961e-03 6.218575290e-04
    endloop
  endfacet
  facet normal -9.990891218e-01 0.000000000e+00 -4.267162830e-02
    outer loop
      vertex 5.409083888e-02 2.799999900e-03 2.555860672e-03
      vertex 5.409083888e-02 -1.750000054e-03 2.555860672e-03
      vertex 5.420000106e-02 -7.199999876e-03 -1.734723476e-18
    endloop
  endfacet
  facet normal -9.723684788e-01 1.509690308e-03 2.334462851e-01
    outer loop
      vertex 5.384760723e-02 -7.199999876e-03 -2.224922413e-03
      vertex 5.398022383e-02 7.149999961e-03 -1.765358029e-03
      vertex 5.411135778e-02 -7.199999876e-03 -1.126328134e-03
    endloop
  endfacet
  facet normal -9.628883600e-01 -2.584455311e-01 7.779458910e-02
    outer loop
      vertex 5.412410200e-02 7.424999960e-03 -1.775706623e-04
      vertex 5.419776589e-02 7.149999961e-03 -1.794067357e-04
      vertex 5.406020582e-02 7.424999960e-03 -9.684333927e-04
    endloop
  endfacet
  facet normal -9.655683041e-01 -2.584455013e-01 -2.973065525e-02
    outer loop
      vertex 5.412410200e-02 7.424999960e-03 -1.775706623e-04
      vertex 5.409968272e-02 7.424999960e-03 6.154933362e-04
      vertex 5.419776589e-02 7.149999961e-03 -1.794067357e-04
    endloop
  endfacet
  facet normal -9.967516661e-01 6.881537847e-04 8.053358644e-02
    outer loop
      vertex 5.413320661e-02 7.149999961e-03 -9.784470312e-04
      vertex 5.419776589e-02 7.149999961e-03 -1.794067357e-04
      vertex 5.411135778e-02 -7.199999876e-03 -1.126328134e-03
    endloop
  endfacet
  facet normal -9.816218019e-01 -4.718408163e-04 1.908362806e-01
    outer loop
      vertex 5.413320661e-02 7.149999961e-03 -9.784470312e-04
      vertex 5.411135778e-02 -7.199999876e-03 -1.126328134e-03
      vertex 5.398022383e-02 7.149999961e-03 -1.765358029e-03
    endloop
  endfacet
  facet normal -9.482715726e-01 -2.584468424e-01 1.843533069e-01
    outer loop
      vertex 5.413320661e-02 7.149999961e-03 -9.784470312e-04
      vertex 5.398022383e-02 7.149999961e-03 -1.765358029e-03
      vertex 5.406020582e-02 7.424999960e-03 -9.684333927e-04
    endloop
  endfacet
  facet normal -9.628877044e-01 -2.584467232e-01 7.779844850e-02
    outer loop
      vertex 5.413320661e-02 7.149999961e-03 -9.784470312e-04
      vertex 5.406020582e-02 7.424999960e-03 -9.684333927e-04
      vertex 5.419776589e-02 7.149999961e-03 -1.794067357e-04
    endloop
  endfacet
  facet normal 9.834340215e-01 1.691965908e-01 -6.503866613e-02
    outer loop
      vertex 1.140002441e-02 -8.454863913e-03 7.639242336e-03
      vertex 9.899999946e-03 -2.000000095e-03 1.750000054e-03
      vertex 1.140002441e-02 -8.845326491e-03 6.623456720e-03
    endloop
  endfacet
  facet normal 9.834326506e-01 1.692042798e-01 -6.503830850e-02
    outer loop
      vertex 1.140002441e-02 -8.454863913e-03 7.639242336e-03
      vertex 1.140002441e-02 -8.406798355e-03 7.764284499e-03
      vertex 9.899999946e-03 -2.000000095e-03 1.750000054e-03
    endloop
  endfacet
  facet normal 9.071896970e-02 7.073140144e-01 -7.010542154e-01
    outer loop
      vertex 1.140002441e-02 -7.729665376e-03 8.761772886e-03
      vertex 1.320181694e-02 -7.849250920e-03 8.874279447e-03
      vertex 1.319886465e-02 -7.375222165e-03 9.352158755e-03
    endloop
  endfacet
  facet normal 1.102850288e-01 6.672546864e-01 -7.366195321e-01
    outer loop
      vertex 1.140002441e-02 -7.729665376e-03 8.761772886e-03
      vertex 1.319886465e-02 -7.375222165e-03 9.352158755e-03
      vertex 1.140002441e-02 -6.902753841e-03 9.510817006e-03
    endloop
  endfacet
  facet normal 9.853900671e-01 1.409116089e-01 -9.565702081e-02
    outer loop
      vertex 1.140002441e-02 -7.729665376e-03 8.761772886e-03
      vertex 9.899999946e-03 -2.000000095e-03 1.750000054e-03
      vertex 1.140002441e-02 -8.406798355e-03 7.764284499e-03
    endloop
  endfacet
  facet normal 9.865207672e-01 1.098576635e-01 -1.212767735e-01
    outer loop
      vertex 1.140002441e-02 -7.729665376e-03 8.761772886e-03
      vertex 1.140002441e-02 -6.902753841e-03 9.510817006e-03
      vertex 9.899999946e-03 -2.000000095e-03 1.750000054e-03
    endloop
  endfacet
  facet normal 1.202105954e-01 2.023495585e-01 -9.719074965e-01
    outer loop
      vertex 1.284579094e-02 -4.744205158e-03 1.061548386e-02
      vertex 1.140002441e-02 -4.303501919e-03 1.052842103e-02
      vertex 1.140002441e-02 -5.044464022e-03 1.037415396e-02
    endloop
  endfacet
  facet normal 9.820196629e-01 4.546116979e-04 1.887782216e-01
    outer loop
      vertex 1.140002441e-02 -9.779414395e-04 -1.098535396e-02
      vertex 9.650000371e-03 2.000000095e-03 -1.888934290e-03
      vertex 1.140002441e-02 9.595546544e-06 -1.098773070e-02
    endloop
  endfacet
  facet normal 9.781888127e-01 1.860935837e-01 9.228122979e-02
    outer loop
      vertex 1.140002441e-02 -6.627917755e-03 -8.317747153e-03
      vertex 1.140002441e-02 -7.362432312e-03 -6.836529821e-03
      vertex 9.899999946e-03 -2.000000095e-03 -1.750000054e-03
    endloop
  endfacet
  facet normal 9.760103226e-01 2.059090436e-01 7.074820250e-02
    outer loop
      vertex 1.140002441e-02 -7.676726207e-03 -5.921788979e-03
      vertex 9.899999946e-03 -2.000000095e-03 -1.750000054e-03
      vertex 1.140002441e-02 -7.362432312e-03 -6.836529821e-03
    endloop
  endfacet
  facet normal 9.760101438e-01 2.059102803e-01 7.074805349e-02
    outer loop
      vertex 1.140002441e-02 -7.676726207e-03 -5.921788979e-03
      vertex 1.140002441e-02 -7.999942638e-03 -4.981078673e-03
      vertex 9.899999946e-03 -2.000000095e-03 -1.750000054e-03
    endloop
  endfacet
  facet normal 1.118863970e-01 9.695613980e-01 2.177891582e-01
    outer loop
      vertex 1.306143031e-02 -8.269057609e-03 -4.636552185e-03
      vertex 1.140002441e-02 -8.502110839e-03 -2.745517995e-03
      vertex 1.140002441e-02 -7.999942638e-03 -4.981078673e-03
    endloop
  endfacet
  facet normal 9.760085344e-01 2.171575874e-01 1.581143960e-02
    outer loop
      vertex 1.140002441e-02 -8.880928159e-03 1.604197896e-04
      vertex 1.140002441e-02 -9.112167172e-03 3.336288966e-03
      vertex 9.899999946e-03 -2.000000095e-03 -1.750000054e-03
    endloop
  endfacet
  facet normal -1.243490167e-02 9.928410053e-01 -1.187947541e-01
    outer loop
      vertex 1.873116940e-02 -9.269864298e-03 5.027313251e-03
      vertex 3.930615634e-02 -8.948908187e-03 5.556041375e-03
      vertex 1.874808967e-02 -9.162125178e-03 5.925976206e-03
    endloop
  endfacet
  facet normal 9.740003347e-01 -1.842016131e-01 1.318828911e-01
    outer loop
      vertex 1.140002441e-02 6.063512992e-03 -9.137909859e-03
      vertex 1.140002534e-02 5.799341481e-03 -9.506889619e-03
      vertex 9.650000371e-03 2.000000095e-03 -1.888934290e-03
    endloop
  endfacet
  facet normal 9.765086174e-01 -1.596730798e-01 1.446907520e-01
    outer loop
      vertex 1.140002441e-02 5.648638122e-03 -9.673194028e-03
      vertex 9.650000371e-03 2.000000095e-03 -1.888934290e-03
      vertex 1.140002534e-02 5.799341481e-03 -9.506889619e-03
    endloop
  endfacet
  facet normal 9.784371853e-01 -1.340429187e-01 1.571401656e-01
    outer loop
      vertex 1.140002441e-02 5.648638122e-03 -9.673194028e-03
      vertex 1.140002441e-02 4.761971999e-03 -1.042952668e-02
      vertex 9.650000371e-03 2.000000095e-03 -1.888934290e-03
    endloop
  endfacet
  facet normal 9.810410142e-01 -8.856738359e-02 1.723784953e-01
    outer loop
      vertex 1.140002441e-02 4.541108850e-03 -1.054300833e-02
      vertex 9.650000371e-03 2.000000095e-03 -1.888934290e-03
      vertex 1.140002441e-02 4.761971999e-03 -1.042952668e-02
    endloop
  endfacet
  facet normal 9.810407758e-01 -8.856898546e-02 1.723788083e-01
    outer loop
      vertex 1.140002441e-02 4.541108850e-03 -1.054300833e-02
      vertex 1.140002441e-02 4.026255570e-03 -1.080754399e-02
      vertex 9.650000371e-03 2.000000095e-03 -1.888934290e-03
    endloop
  endfacet
  facet normal 9.821150303e-01 -3.032689355e-02 1.858236194e-01
    outer loop
      vertex 1.140002441e-02 3.870703978e-03 -1.083292812e-02
      vertex 9.650000371e-03 2.000000095e-03 -1.888934290e-03
      vertex 1.140002441e-02 4.026255570e-03 -1.080754399e-02
    endloop
  endfacet
  facet normal 9.821152091e-01 -3.032352217e-02 1.858229637e-01
    outer loop
      vertex 1.140002441e-02 3.870703978e-03 -1.083292812e-02
      vertex 1.140002441e-02 3.120528534e-03 -1.095534302e-02
      vertex 9.650000371e-03 2.000000095e-03 -1.888934290e-03
    endloop
  endfacet
  facet normal 1.125345156e-01 -4.614109695e-01 -8.800204396e-01
    outer loop
      vertex 1.319269836e-02 6.287862081e-03 1.009858679e-02
      vertex 1.140002441e-02 6.762981880e-03 9.620229714e-03
      vertex 1.140002348e-02 5.799340550e-03 1.012548432e-02
    endloop
  endfacet
  facet normal 9.809018373e-01 -1.893900894e-02 -1.935790330e-01
    outer loop
      vertex 1.140003093e-02 3.659601323e-03 1.059431955e-02
      vertex 9.650000371e-03 2.000000095e-03 1.888934290e-03
      vertex 1.140008122e-02 3.370083170e-03 1.062289812e-02
    endloop
  endfacet
  facet normal 9.809020162e-01 -1.893871278e-02 -1.935787201e-01
    outer loop
      vertex 1.140003093e-02 3.659601323e-03 1.059431955e-02
      vertex 1.139991824e-02 4.314702936e-03 1.052965317e-02
      vertex 9.650000371e-03 2.000000095e-03 1.888934290e-03
    endloop
  endfacet
  facet normal 9.816963077e-01 -6.119615212e-02 -1.803535968e-01
    outer loop
      vertex 1.140026003e-02 5.100249313e-03 1.036397647e-02
      vertex 1.140002348e-02 5.799340550e-03 1.012548432e-02
      vertex 9.650000371e-03 2.000000095e-03 1.888934290e-03
    endloop
  endfacet
  facet normal -3.530493996e-04 0.000000000e+00 -1.000000000e+00
    outer loop
      vertex 1.332035474e-02 -3.095423803e-03 1.079346798e-02
      vertex 1.430924237e-02 -3.654241329e-03 1.079311874e-02
      vertex 1.332035474e-02 3.115039784e-03 1.079346798e-02
    endloop
  endfacet
  facet normal 9.810644388e-01 4.969027825e-03 -1.936180443e-01
    outer loop
      vertex 1.140002441e-02 -3.465471789e-03 1.061600540e-02
      vertex 1.140002441e-02 -2.266332507e-03 1.064679120e-02
      vertex 9.650000371e-03 2.000000095e-03 1.888934290e-03
    endloop
  endfacet
  facet normal 9.806059599e-01 -8.535008965e-05 -1.959897578e-01
    outer loop
      vertex 1.140008401e-02 1.991568599e-03 1.064522471e-02
      vertex 9.650000371e-03 2.000000095e-03 1.888934290e-03
      vertex 1.140002441e-02 -2.266332507e-03 1.064679120e-02
    endloop
  endfacet
  facet normal 9.806004167e-01 -3.172999714e-03 -1.959916651e-01
    outer loop
      vertex 1.140008401e-02 1.991568599e-03 1.064522471e-02
      vertex 1.140008122e-02 3.370083170e-03 1.062289812e-02
      vertex 9.650000371e-03 2.000000095e-03 1.888934290e-03
    endloop
  endfacet
  facet normal 9.679862261e-01 -2.503555715e-01 1.802364178e-02
    outer loop
      vertex 1.140002441e-02 9.116032161e-03 2.967825625e-03
      vertex 1.140002441e-02 8.975922130e-03 1.021642704e-03
      vertex 9.650000371e-03 2.000000095e-03 -1.888934290e-03
    endloop
  endfacet
  facet normal 9.674972892e-01 -2.519172132e-01 2.206038684e-02
    outer loop
      vertex 1.140002441e-02 8.899581619e-03 1.498797938e-04
      vertex 9.650000371e-03 2.000000095e-03 -1.888934290e-03
      vertex 1.140002441e-02 8.975922130e-03 1.021642704e-03
    endloop
  endfacet
  facet normal 9.661796093e-01 -2.513145506e-01 5.777441338e-02
    outer loop
      vertex 1.140002441e-02 8.006481454e-03 -5.027396139e-03
      vertex 9.650000371e-03 2.000000095e-03 -1.888934290e-03
      vertex 1.140002441e-02 8.488242514e-03 -2.931774594e-03
    endloop
  endfacet
  facet normal 9.675251245e-01 -2.392126322e-01 8.168552071e-02
    outer loop
      vertex 1.140002441e-02 8.006481454e-03 -5.027396139e-03
      vertex 1.140002441e-02 7.421106566e-03 -6.741640158e-03
      vertex 9.650000371e-03 2.000000095e-03 -1.888934290e-03
    endloop
  endfacet
  facet normal 9.702019095e-01 -2.173639387e-01 1.070570275e-01
    outer loop
      vertex 1.140002441e-02 7.160129491e-03 -7.271522190e-03
      vertex 9.650000371e-03 2.000000095e-03 -1.888934290e-03
      vertex 1.140002441e-02 7.421106566e-03 -6.741640158e-03
    endloop
  endfacet
  facet normal 9.702014327e-01 -2.173660398e-01 1.070567146e-01
    outer loop
      vertex 1.140002441e-02 7.160129491e-03 -7.271522190e-03
      vertex 1.140002441e-02 6.631909870e-03 -8.344004862e-03
      vertex 9.650000371e-03 2.000000095e-03 -1.888934290e-03
    endloop
  endfacet
  facet normal 9.791689515e-01 -1.775489002e-01 -9.851159900e-02
    outer loop
      vertex 1.140002441e-02 8.465039544e-03 7.631609682e-03
      vertex 9.650000371e-03 2.000000095e-03 1.888934290e-03
      vertex 1.140002441e-02 8.048509248e-03 8.382320404e-03
    endloop
  endfacet
  facet normal 9.791699648e-01 -1.775432229e-01 -9.851177037e-02
    outer loop
      vertex 1.140002441e-02 8.465039544e-03 7.631609682e-03
      vertex 1.140002441e-02 8.614917286e-03 7.361485623e-03
      vertex 9.650000371e-03 2.000000095e-03 1.888934290e-03
    endloop
  endfacet
  facet normal 9.763775468e-01 -2.069683373e-01 -6.205683947e-02
    outer loop
      vertex 1.140002441e-02 8.750196546e-03 6.910308264e-03
      vertex 9.650000371e-03 2.000000095e-03 1.888934290e-03
      vertex 1.140002441e-02 8.614917286e-03 7.361485623e-03
    endloop
  endfacet
  facet normal 9.763772488e-01 -2.069697231e-01 -6.205625460e-02
    outer loop
      vertex 1.140002441e-02 8.750196546e-03 6.910308264e-03
      vertex 1.140002441e-02 8.964562789e-03 6.195363123e-03
      vertex 9.650000371e-03 2.000000095e-03 1.888934290e-03
    endloop
  endfacet
  facet normal 9.731853008e-01 -2.285681218e-01 -2.582795732e-02
    outer loop
      vertex 1.140002441e-02 9.056978859e-03 5.377508700e-03
      vertex 9.650000371e-03 2.000000095e-03 1.888934290e-03
      vertex 1.140002441e-02 8.964562789e-03 6.195363123e-03
    endloop
  endfacet
  facet normal 9.731854200e-01 -2.285671234e-01 -2.582737617e-02
    outer loop
      vertex 1.140002441e-02 9.056978859e-03 5.377508700e-03
      vertex 1.140002441e-02 9.131724015e-03 4.716030322e-03
      vertex 9.650000371e-03 2.000000095e-03 1.888934290e-03
    endloop
  endfacet
  facet normal -9.707709551e-01 5.733373761e-02 -2.330591977e-01
    outer loop
      vertex 5.411085859e-02 -7.222405635e-03 1.126249554e-03
      vertex 5.409083888e-02 -1.750000054e-03 2.555860672e-03
      vertex 5.384713039e-02 -7.222405635e-03 2.224767115e-03
    endloop
  endfacet
  facet normal -9.203796983e-01 8.695556968e-02 -3.812348247e-01
    outer loop
      vertex 5.341479927e-02 -7.222405635e-03 3.268503584e-03
      vertex 5.384713039e-02 -7.222405635e-03 2.224767115e-03
      vertex 5.355873331e-02 -3.812500043e-03 3.698754124e-03
    endloop
  endfacet
  facet normal -9.655758142e-01 -2.584170103e-01 -2.973250300e-02
    outer loop
      vertex 5.417309329e-02 7.149999961e-03 6.218575290e-04
      vertex 5.419776589e-02 7.149999961e-03 -1.794067357e-04
      vertex 5.409968272e-02 7.424999960e-03 6.154933362e-04
    endloop
  endfacet
  facet normal -9.995261431e-01 -5.401501548e-04 -3.077749535e-02
    outer loop
      vertex 5.417309329e-02 7.149999961e-03 6.218575290e-04
      vertex 5.420000106e-02 -7.199999876e-03 -1.734723476e-18
      vertex 5.419776589e-02 7.149999961e-03 -1.794067357e-04
    endloop
  endfacet
  facet normal -9.969170094e-01 8.257529698e-04 7.845847309e-02
    outer loop
      vertex 5.411135778e-02 -7.199999876e-03 -1.126328134e-03
      vertex 5.419776589e-02 7.149999961e-03 -1.794067357e-04
      vertex 5.420000106e-02 -7.199999876e-03 -1.734723476e-18
    endloop
  endfacet
  facet normal 9.786441922e-01 2.055232823e-01 -3.954899032e-03
    outer loop
      vertex 1.140002441e-02 -9.074811824e-03 5.277527031e-03
      vertex 9.899999946e-03 -2.000000095e-03 1.750000054e-03
      vertex 1.140002441e-02 -9.112167172e-03 3.336288966e-03
    endloop
  endfacet
  facet normal 9.809129834e-01 1.916813850e-01 -3.268213198e-02
    outer loop
      vertex 1.140002441e-02 -9.074811824e-03 5.277527031e-03
      vertex 1.140002441e-02 -8.845326491e-03 6.623456720e-03
      vertex 9.899999946e-03 -2.000000095e-03 1.750000054e-03
    endloop
  endfacet
  facet normal 9.858573675e-01 5.369068310e-02 -1.587532163e-01
    outer loop
      vertex 1.140002441e-02 -5.044464022e-03 1.037415396e-02
      vertex 9.650000371e-03 2.000000095e-03 1.888934290e-03
      vertex 1.140002348e-02 -5.779724568e-03 1.012548432e-02
    endloop
  endfacet
  facet normal 9.842485189e-01 3.603424504e-02 -1.730790883e-01
    outer loop
      vertex 1.140002441e-02 -5.044464022e-03 1.037415396e-02
      vertex 1.140002441e-02 -4.303501919e-03 1.052842103e-02
      vertex 9.650000371e-03 2.000000095e-03 1.888934290e-03
    endloop
  endfacet
  facet normal 9.819194078e-01 -1.970693702e-03 1.892893612e-01
    outer loop
      vertex 1.140002441e-02 9.595546544e-06 -1.098773070e-02
      vertex 9.650000371e-03 2.000000095e-03 -1.888934290e-03
      vertex 1.140002441e-02 3.120528534e-03 -1.095534302e-02
    endloop
  endfacet
  facet normal 9.860269427e-01 8.209915459e-02 1.449500173e-01
    outer loop
      vertex 1.140002441e-02 -4.256582819e-03 -1.067573391e-02
      vertex 9.899999946e-03 -2.000000095e-03 -1.750000054e-03
      vertex 1.140002441e-02 -4.054372199e-03 -1.079027541e-02
    endloop
  endfacet
  facet normal 9.860263467e-01 8.210855722e-02 1.449498832e-01
    outer loop
      vertex 1.140002441e-02 -4.256582819e-03 -1.067573391e-02
      vertex 1.140002441e-02 -4.955675453e-03 -1.027973462e-02
      vertex 9.899999946e-03 -2.000000095e-03 -1.750000054e-03
    endloop
  endfacet
  facet normal 9.838453531e-01 1.224626601e-01 1.305805743e-01
    outer loop
      vertex 1.140002441e-02 -5.206336733e-03 -1.004464924e-02
      vertex 9.899999946e-03 -2.000000095e-03 -1.750000054e-03
      vertex 1.140002441e-02 -4.955675453e-03 -1.027973462e-02
    endloop
  endfacet
  facet normal 9.838446975e-01 1.224673465e-01 1.305805296e-01
    outer loop
      vertex 1.140002441e-02 -5.206336733e-03 -1.004464924e-02
      vertex 1.140002534e-02 -5.779725499e-03 -9.506889619e-03
      vertex 9.899999946e-03 -2.000000095e-03 -1.750000054e-03
    endloop
  endfacet
  facet normal 9.748555422e-01 2.174196988e-01 4.883843660e-02
    outer loop
      vertex 1.140002441e-02 -8.502110839e-03 -2.745517995e-03
      vertex 9.899999946e-03 -2.000000095e-03 -1.750000054e-03
      vertex 1.140002441e-02 -7.999942638e-03 -4.981078673e-03
    endloop
  endfacet
  facet normal -3.524187196e-04 0.000000000e+00 -9.999998808e-01
    outer loop
      vertex 1.430924237e-02 -3.654241329e-03 1.079311874e-02
      vertex 1.430924237e-02 3.673857311e-03 1.079311874e-02
      vertex 1.332035474e-02 3.115039784e-03 1.079346798e-02
    endloop
  endfacet
  facet normal 9.818469286e-01 -8.807726949e-02 -1.679848135e-01
    outer loop
      vertex 1.140002441e-02 6.762981880e-03 9.620229714e-03
      vertex 9.650000371e-03 2.000000095e-03 1.888934290e-03
      vertex 1.140002348e-02 5.799340550e-03 1.012548432e-02
    endloop
  endfacet
  facet normal 9.815242290e-01 -1.237340793e-01 -1.459459215e-01
    outer loop
      vertex 1.140002441e-02 6.762981880e-03 9.620229714e-03
      vertex 1.140002441e-02 7.666834630e-03 8.853942156e-03
      vertex 9.650000371e-03 2.000000095e-03 1.888934290e-03
    endloop
  endfacet
  facet normal 9.807372093e-01 -1.518378705e-01 -1.228808612e-01
    outer loop
      vertex 1.140002441e-02 8.048509248e-03 8.382320404e-03
      vertex 9.650000371e-03 2.000000095e-03 1.888934290e-03
      vertex 1.140002441e-02 7.666834630e-03 8.853942156e-03
    endloop
  endfacet
  facet normal -9.428477883e-01 6.179913506e-02 -3.274428844e-01
    outer loop
      vertex 5.384713039e-02 -7.222405635e-03 2.224767115e-03
      vertex 5.409083888e-02 -1.750000054e-03 2.555860672e-03
      vertex 5.355873331e-02 -3.812500043e-03 3.698754124e-03
    endloop
  endfacet
  facet normal 9.869360924e-01 6.677596271e-02 -1.466221958e-01
    outer loop
      vertex 1.140002348e-02 -5.779724568e-03 1.012548432e-02
      vertex 9.650000371e-03 2.000000095e-03 1.888934290e-03
      vertex 9.899999946e-03 -2.000000095e-03 1.750000054e-03
    endloop
  endfacet
  facet normal 9.868603349e-01 7.757646590e-02 -1.417346001e-01
    outer loop
      vertex 1.140002348e-02 -5.779724568e-03 1.012548432e-02
      vertex 9.899999946e-03 -2.000000095e-03 1.750000054e-03
      vertex 1.140002441e-02 -6.902753841e-03 9.510817006e-03
    endloop
  endfacet
  facet normal 9.847157001e-01 3.328066692e-02 1.709599495e-01
    outer loop
      vertex 1.140002441e-02 -3.238049336e-03 -1.094919629e-02
      vertex 1.140002441e-02 -4.054372199e-03 -1.079027541e-02
      vertex 9.650000371e-03 2.000000095e-03 -1.888934290e-03
    endloop
  endfacet
  facet normal 9.980525374e-01 6.237864122e-02 0.000000000e+00
    outer loop
      vertex 9.899999946e-03 -2.000000095e-03 1.750000054e-03
      vertex 9.650000371e-03 2.000000095e-03 -1.888934290e-03
      vertex 9.899999946e-03 -2.000000095e-03 -1.750000054e-03
    endloop
  endfacet
  facet normal 9.980525970e-01 6.237800792e-02 0.000000000e+00
    outer loop
      vertex 9.899999946e-03 -2.000000095e-03 1.750000054e-03
      vertex 9.650000371e-03 2.000000095e-03 1.888934290e-03
      vertex 9.650000371e-03 2.000000095e-03 -1.888934290e-03
    endloop
  endfacet
  facet normal 9.784741402e-01 2.063695490e-01 0.000000000e+00
    outer loop
      vertex 9.899999946e-03 -2.000000095e-03 1.750000054e-03
      vertex 9.899999946e-03 -2.000000095e-03 -1.750000054e-03
      vertex 1.140002441e-02 -9.112167172e-03 3.336288966e-03
    endloop
  endfacet
  facet normal 9.866480827e-01 6.682486832e-02 1.485258043e-01
    outer loop
      vertex 1.140002441e-02 -4.054372199e-03 -1.079027541e-02
      vertex 9.899999946e-03 -2.000000095e-03 -1.750000054e-03
      vertex 9.650000371e-03 2.000000095e-03 -1.888934290e-03
    endloop
  endfacet
  facet normal 9.711877108e-01 -2.383158505e-01 0.000000000e+00
    outer loop
      vertex 1.140002441e-02 9.131724015e-03 4.716030322e-03
      vertex 9.650000371e-03 2.000000095e-03 -1.888934290e-03
      vertex 9.650000371e-03 2.000000095e-03 1.888934290e-03
    endloop
  endfacet
endsolid
