v -0.00000000 0.00000000 -0.03825540
v 0.09700581 0.01019573 -0.00370010
v 0.09754006 0.00000000 -0.00370010
v 0.09700572 -0.01019571 -0.00370010
v 0.09540858 -0.02027971 -0.00370010
v 0.09276612 -0.03014154 -0.00370010
v 0.08910728 -0.03967311 -0.00370009
v 0.08447217 -0.04877003 -0.00370009
v 0.07891157 -0.05733262 -0.00370009
v 0.07248640 -0.06526704 -0.00370009
v 0.06526705 -0.07248639 -0.00370009
v 0.05733262 -0.07891156 -0.00370009
v 0.04877004 -0.08447217 -0.00370009
v 0.03967313 -0.08910728 -0.00370009
v 0.03014155 -0.09276611 -0.00370009
v 0.02027973 -0.09540858 -0.00370009
v 0.01019572 -0.09700572 -0.00370009
v 0.00000001 -0.09754007 -0.00370009
v -0.01019570 -0.09700573 -0.00370009
v -0.02027971 -0.09540858 -0.00370009
v -0.03014153 -0.09276611 -0.00370009
v -0.03967312 -0.08910728 -0.00370009
v -0.04877003 -0.08447218 -0.00370009
v -0.05733262 -0.07891158 -0.00370009
v -0.06526705 -0.07248642 -0.00370009
v -0.07248640 -0.06526708 -0.00370009
v -0.07891159 -0.05733263 -0.00370009
v -0.08447219 -0.04877004 -0.00370009
v -0.08910730 -0.03967313 -0.00370009
v -0.09276614 -0.03014155 -0.00370010
v -0.09540860 -0.02027973 -0.00370010
v -0.09700575 -0.01019572 -0.00370010
v -0.09754009 -0.00000000 -0.00370010
v -0.09700576 0.01019572 -0.00370010
v -0.09540861 0.02027973 -0.00370010
v -0.09276615 0.03014155 -0.00370010
v -0.08910731 0.03967313 -0.00370010
v -0.08447221 0.04877005 -0.00370010
v -0.07891160 0.05733262 -0.00370010
v -0.07248644 0.06526706 -0.00370010
v -0.06526709 0.07248643 -0.00370010
v -0.05733265 0.07891161 -0.00370010
v -0.04877006 0.08447222 -0.00370010
v -0.03967315 0.08910733 -0.00370011
v -0.03014156 0.09276617 -0.00370011
v -0.02027974 0.09540865 -0.00370011
v -0.01019573 0.09700579 -0.00370011
v -0.00000001 0.09754013 -0.00370011
v 0.01019571 0.09700579 -0.00370011
v 0.02027972 0.09540865 -0.00370011
v 0.03014155 0.09276617 -0.00370011
v 0.03967314 0.08910734 -0.00370011
v 0.04877006 0.08447223 -0.00370010
v 0.05733265 0.07891162 -0.00370010
v 0.06526708 0.07248645 -0.00370010
v 0.07248644 0.06526709 -0.00370010
v 0.07891162 0.05733264 -0.00370010
v 0.08447223 0.04877008 -0.00370010
v 0.08910736 0.03967316 -0.00370010
v 0.09276618 0.03014158 -0.00370010
v 0.09540865 0.02027975 -0.00370010
v 0.07881443 0.01675254 -0.02426175
v 0.08013378 0.00842243 -0.02426175
v 0.07663156 0.02489912 -0.02426175
v 0.07360910 0.03277289 -0.02426176
v 0.06978014 0.04028761 -0.02426176
v 0.06518667 0.04736092 -0.02426176
v 0.05987902 0.05391534 -0.02426176
v 0.05391532 0.05987903 -0.02426176
v 0.04736090 0.06518667 -0.02426176
v 0.04028757 0.06978015 -0.02426176
v 0.03277286 0.07360909 -0.02426176
v 0.02489909 0.07663155 -0.02426176
v 0.01675251 0.07881442 -0.02426176
v 0.00842239 0.08013377 -0.02426176
v -0.00000001 0.08057517 -0.02426176
v -0.00842241 0.08013377 -0.02426176
v -0.01675253 0.07881442 -0.02426176
v -0.02489911 0.07663155 -0.02426176
v -0.03277288 0.07360908 -0.02426176
v -0.04028759 0.06978014 -0.02426176
v -0.04736090 0.06518667 -0.02426176
v -0.05391532 0.05987900 -0.02426176
v -0.05987902 0.05391532 -0.02426176
v -0.06518666 0.04736089 -0.02426176
v -0.06978013 0.04028758 -0.02426176
v -0.07360908 0.03277288 -0.02426176
v -0.07663152 0.02489910 -0.02426175
v -0.07881440 0.01675252 -0.02426175
v -0.08013375 0.00842240 -0.02426175
v -0.08057515 0.00000000 -0.02426175
v -0.08013374 -0.00842239 -0.02426175
v -0.07881439 -0.01675251 -0.02426175
v -0.07663152 -0.02489908 -0.02426175
v -0.07360905 -0.03277286 -0.02426175
v -0.06978010 -0.04028756 -0.02426175
v -0.06518665 -0.04736088 -0.02426175
v -0.05987899 -0.05391530 -0.02426175
v -0.05391531 -0.05987900 -0.02426175
v -0.04736088 -0.06518665 -0.02426175
v -0.04028757 -0.06978010 -0.02426175
v -0.03277286 -0.07360904 -0.02426175
v -0.02489908 -0.07663149 -0.02426175
v -0.01675250 -0.07881436 -0.02426175
v -0.00842239 -0.08013372 -0.02426175
v 0.00000001 -0.08057512 -0.02426175
v 0.00842240 -0.08013371 -0.02426175
v 0.01675251 -0.07881436 -0.02426175
v 0.02489909 -0.07663149 -0.02426175
v 0.03277285 -0.07360903 -0.02426175
v 0.04028756 -0.06978009 -0.02426175
v 0.04736087 -0.06518665 -0.02426175
v 0.05391529 -0.05987898 -0.02426175
v 0.05987899 -0.05391528 -0.02426175
v 0.06518664 -0.04736087 -0.02426175
v 0.06978008 -0.04028755 -0.02426175
v 0.07360903 -0.03277284 -0.02426175
v 0.07663149 -0.02489907 -0.02426175
v 0.07881436 -0.01675250 -0.02426175
v 0.08013372 -0.00842239 -0.02426175
v 0.08057512 0.00000001 -0.02426175
v 0.00000000 0.00000000 -0.03496533
v 0.08962091 0.00941956 -0.01349996
v 0.09011448 0.00000002 -0.01349996
v 0.09389424 0.00986871 -0.00268239
v 0.09441134 0.00000002 -0.00268239
v 0.08962084 -0.00941953 -0.01349996
v 0.09389415 -0.00986867 -0.00268239
v 0.08814527 -0.01873586 -0.01349996
v 0.09234823 -0.01962922 -0.00268239
v 0.08570398 -0.02784691 -0.01349996
v 0.08979053 -0.02917471 -0.00268239
v 0.08232369 -0.03665286 -0.01349996
v 0.08624905 -0.03840055 -0.00268239
v 0.07804143 -0.04505724 -0.01349996
v 0.08176263 -0.04720567 -0.00268239
v 0.07290415 -0.05296797 -0.01349996
v 0.07638039 -0.05549360 -0.00268239
v 0.06696813 -0.06029836 -0.01349996
v 0.07016131 -0.06317352 -0.00268238
v 0.06029837 -0.06696811 -0.01349996
v 0.06317353 -0.07016130 -0.00268238
v 0.05296798 -0.07290416 -0.01349996
v 0.05549361 -0.07638036 -0.00268238
v 0.04505725 -0.07804143 -0.01349996
v 0.04720569 -0.08176263 -0.00268238
v 0.03665288 -0.08232369 -0.01349996
v 0.03840056 -0.08624905 -0.00268238
v 0.02784692 -0.08570398 -0.01349996
v 0.02917472 -0.08979053 -0.00268238
v 0.01873587 -0.08814528 -0.01349996
v 0.01962923 -0.09234823 -0.00268238
v 0.00941954 -0.08962084 -0.01349996
v 0.00986868 -0.09389415 -0.00268238
v 0.00000001 -0.09011450 -0.01349996
v 0.00000001 -0.09441135 -0.00268238
v -0.00941952 -0.08962084 -0.01349996
v -0.00986866 -0.09389415 -0.00268238
v -0.01873585 -0.08814529 -0.01349996
v -0.01962922 -0.09234824 -0.00268238
v -0.02784690 -0.08570398 -0.01349996
v -0.02917470 -0.08979053 -0.00268238
v -0.03665287 -0.08232369 -0.01349996
v -0.03840055 -0.08624905 -0.00268238
v -0.04505725 -0.07804145 -0.01349996
v -0.04720568 -0.08176263 -0.00268238
v -0.05296798 -0.07290418 -0.01349996
v -0.05549360 -0.07638039 -0.00268238
v -0.06029837 -0.06696814 -0.01349996
v -0.06317353 -0.07016132 -0.00268238
v -0.06696813 -0.06029839 -0.01349996
v -0.07016131 -0.06317355 -0.00268238
v -0.07290416 -0.05296799 -0.01349996
v -0.07638040 -0.05549363 -0.00268238
v -0.07804146 -0.04505726 -0.01349996
v -0.08176264 -0.04720569 -0.00268239
v -0.08232370 -0.03665287 -0.01349996
v -0.08624907 -0.03840056 -0.00268239
v -0.08570401 -0.02784692 -0.01349996
v -0.08979056 -0.02917472 -0.00268239
v -0.08814530 -0.01873586 -0.01349996
v -0.09234826 -0.01962923 -0.00268239
v -0.08962086 -0.00941953 -0.01349996
v -0.09389418 -0.00986868 -0.00268239
v -0.09011451 0.00000000 -0.01349996
v -0.09441137 0.00000000 -0.00268239
v -0.08962087 0.00941953 -0.01349996
v -0.09389418 0.00986868 -0.00268239
v -0.08814531 0.01873586 -0.01349996
v -0.09234826 0.01962923 -0.00268239
v -0.08570401 0.02784692 -0.01349997
v -0.08979057 0.02917472 -0.00268239
v -0.08232372 0.03665289 -0.01349997
v -0.08624909 0.03840057 -0.00268239
v -0.07804147 0.04505726 -0.01349997
v -0.08176266 0.04720569 -0.00268239
v -0.07290418 0.05296798 -0.01349997
v -0.07638042 0.05549363 -0.00268239
v -0.06696816 0.06029839 -0.01349997
v -0.07016134 0.06317354 -0.00268239
v -0.06029841 0.06696814 -0.01349997
v -0.06317357 0.07016134 -0.00268239
v -0.05296801 0.07290419 -0.01349997
v -0.05549363 0.07638043 -0.00268239
v -0.04505728 0.07804149 -0.01349997
v -0.04720571 0.08176268 -0.00268240
v -0.03665290 0.08232373 -0.01349997
v -0.03840059 0.08624910 -0.00268240
v -0.02784693 0.08570404 -0.01349997
v -0.02917473 0.08979059 -0.00268240
v -0.01873588 0.08814533 -0.01349997
v -0.01962925 0.09234830 -0.00268240
v -0.00941955 0.08962089 -0.01349997
v -0.00986869 0.09389421 -0.00268240
v -0.00000001 0.09011455 -0.01349997
v -0.00000001 0.09441140 -0.00268240
v 0.00941953 0.08962089 -0.01349997
v 0.00986867 0.09389421 -0.00268240
v 0.01873586 0.08814533 -0.01349997
v 0.01962923 0.09234830 -0.00268240
v 0.02784692 0.08570404 -0.01349997
v 0.02917472 0.08979059 -0.00268240
v 0.03665289 0.08232374 -0.01349997
v 0.03840058 0.08624911 -0.00268240
v 0.04505727 0.07804150 -0.01349997
v 0.04720570 0.08176269 -0.00268239
v 0.05296799 0.07290421 -0.01349997
v 0.05549363 0.07638045 -0.00268239
v 0.06029839 0.06696815 -0.01349997
v 0.06317355 0.07016136 -0.00268239
v 0.06696816 0.06029841 -0.01349997
v 0.07016134 0.06317358 -0.00268239
v 0.07290420 0.05296802 -0.01349997
v 0.07638045 0.05549364 -0.00268239
v 0.07804149 0.04505729 -0.01349997
v 0.08176269 0.04720571 -0.00268239
v 0.08232376 0.03665291 -0.01349996
v 0.08624913 0.03840059 -0.00268239
v 0.08570404 0.02784695 -0.01349997
v 0.08979060 0.02917475 -0.00268239
v 0.08814535 0.01873589 -0.01349996
v 0.09234830 0.01962925 -0.00268239
v 0.07529623 0.00791398 -0.02751812
v 0.06956885 0.00731201 -0.03078401
v 0.06342439 0.00666621 -0.03316456
v 0.05699703 0.00599068 -0.03460784
v 0.05042771 0.00530025 -0.03508226
v 0.07405653 0.01574122 -0.02751812
v 0.06842345 0.01454387 -0.03078401
v 0.06238016 0.01325933 -0.03316456
v 0.05605862 0.01191564 -0.03460784
v 0.04959747 0.01054228 -0.03508226
v 0.07200543 0.02339599 -0.02751812
v 0.06652837 0.02161639 -0.03078401
v 0.06065246 0.01970719 -0.03316456
v 0.05450600 0.01771008 -0.03460784
v 0.04822380 0.01566887 -0.03508226
v 0.06916542 0.03079444 -0.02751813
v 0.06390439 0.02845207 -0.03078401
v 0.05826023 0.02593913 -0.03316456
v 0.05235621 0.02331048 -0.03460785
v 0.04632179 0.02062378 -0.03508226
v 0.06556762 0.03785550 -0.02751813
v 0.06058025 0.03497604 -0.03078401
v 0.05522968 0.03188689 -0.03316456
v 0.04963277 0.02865550 -0.03460785
v 0.04391224 0.02535275 -0.03508226
v 0.06125145 0.04450181 -0.02751813
v 0.05659239 0.04111680 -0.03078401
v 0.05159404 0.03748529 -0.03316456
v 0.04636556 0.03368657 -0.03460785
v 0.04102159 0.02980396 -0.03508226
v 0.05626421 0.05066054 -0.02751813
v 0.05198450 0.04680707 -0.03078401
v 0.04739312 0.04267299 -0.03316456
v 0.04259035 0.03834856 -0.03460785
v 0.03768152 0.03392862 -0.03508226
v 0.05066054 0.05626421 -0.02751813
v 0.04680707 0.05198450 -0.03078401
v 0.04267297 0.04739314 -0.03316456
v 0.03834854 0.04259037 -0.03460785
v 0.03392860 0.03768153 -0.03508226
v 0.04450180 0.06125147 -0.02751813
v 0.04111679 0.05659241 -0.03078401
v 0.03748528 0.05159406 -0.03316456
v 0.03368656 0.04636556 -0.03460785
v 0.02980395 0.04102160 -0.03508226
v 0.03785548 0.06556761 -0.02751813
v 0.03497601 0.06058026 -0.03078401
v 0.03188686 0.05522969 -0.03316456
v 0.02865548 0.04963277 -0.03460785
v 0.02535274 0.04391225 -0.03508226
v 0.03079441 0.06916542 -0.02751813
v 0.02845205 0.06390437 -0.03078402
v 0.02593911 0.05826022 -0.03316456
v 0.02331047 0.05235620 -0.03460785
v 0.02062377 0.04632177 -0.03508226
v 0.02339596 0.07200541 -0.02751813
v 0.02161636 0.06652834 -0.03078402
v 0.01970716 0.06065243 -0.03316456
v 0.01771005 0.05450598 -0.03460785
v 0.01566884 0.04822379 -0.03508226
v 0.01574119 0.07405652 -0.02751812
v 0.01454384 0.06842343 -0.03078401
v 0.01325929 0.06238013 -0.03316456
v 0.01191561 0.05605862 -0.03460785
v 0.01054225 0.04959747 -0.03508226
v 0.00791394 0.07529622 -0.02751813
v 0.00731197 0.06956885 -0.03078402
v 0.00666617 0.06342435 -0.03316456
v 0.00599063 0.05699701 -0.03460785
v 0.00530017 0.05042770 -0.03508226
v -0.00000001 0.07571097 -0.02751813
v -0.00000001 0.06995206 -0.03078402
v -0.00000001 0.06377371 -0.03316456
v -0.00000001 0.05731097 -0.03460785
v -0.00000001 0.05070545 -0.03508226
v -0.00791396 0.07529622 -0.02751813
v -0.00731200 0.06956885 -0.03078401
v -0.00666619 0.06342435 -0.03316456
v -0.00599065 0.05699701 -0.03460785
v -0.00530020 0.05042770 -0.03508226
v -0.01574121 0.07405652 -0.02751812
v -0.01454386 0.06842343 -0.03078401
v -0.01325932 0.06238013 -0.03316456
v -0.01191563 0.05605862 -0.03460785
v -0.01054227 0.04959747 -0.03508226
v -0.02339599 0.07200541 -0.02751813
v -0.02161638 0.06652834 -0.03078402
v -0.01970718 0.06065243 -0.03316456
v -0.01771007 0.05450598 -0.03460785
v -0.01566886 0.04822379 -0.03508226
v -0.03079443 0.06916542 -0.02751813
v -0.02845207 0.06390437 -0.03078401
v -0.02593912 0.05826022 -0.03316456
v -0.02331048 0.05235620 -0.03460785
v -0.02062378 0.04632178 -0.03508226
v -0.03785549 0.06556761 -0.02751813
v -0.03497604 0.06058023 -0.03078401
v -0.03188688 0.05522968 -0.03316456
v -0.02865550 0.04963276 -0.03460785
v -0.02535275 0.04391224 -0.03508226
v -0.04450180 0.06125147 -0.02751812
v -0.04111680 0.05659238 -0.03078401
v -0.03748528 0.05159404 -0.03316456
v -0.03368657 0.04636556 -0.03460785
v -0.02980395 0.04102160 -0.03508226
v -0.05066054 0.05626420 -0.02751812
v -0.04680708 0.05198447 -0.03078401
v -0.04267298 0.04739312 -0.03316456
v -0.03834855 0.04259036 -0.03460785
v -0.03392861 0.03768152 -0.03508226
v -0.05626421 0.05066054 -0.02751812
v -0.05198450 0.04680707 -0.03078401
v -0.04739312 0.04267298 -0.03316456
v -0.04259036 0.03834855 -0.03460785
v -0.03768152 0.03392861 -0.03508226
v -0.06125145 0.04450179 -0.02751812
v -0.05659240 0.04111679 -0.03078401
v -0.05159405 0.03748527 -0.03316456
v -0.04636556 0.03368655 -0.03460785
v -0.04102160 0.02980395 -0.03508226
v -0.06556762 0.03785549 -0.02751812
v -0.06058024 0.03497604 -0.03078401
v -0.05522968 0.03188688 -0.03316456
v -0.04963276 0.02865550 -0.03460785
v -0.04391223 0.02535276 -0.03508226
v -0.06916542 0.03079443 -0.02751812
v -0.06390438 0.02845207 -0.03078401
v -0.05826021 0.02593913 -0.03316456
v -0.05235619 0.02331048 -0.03460785
v -0.04632177 0.02062379 -0.03508226
v -0.07200540 0.02339598 -0.02751812
v -0.06652834 0.02161638 -0.03078401
v -0.06065243 0.01970718 -0.03316456
v -0.05450598 0.01771007 -0.03460784
v -0.04822377 0.01566886 -0.03508226
v -0.07405650 0.01574120 -0.02751812
v -0.06842343 0.01454385 -0.03078401
v -0.06238013 0.01325931 -0.03316456
v -0.05605860 0.01191563 -0.03460784
v -0.04959745 0.01054227 -0.03508226
v -0.07529621 0.00791395 -0.02751812
v -0.06956883 0.00731198 -0.03078401
v -0.06342438 0.00666618 -0.03316456
v -0.05699702 0.00599064 -0.03460784
v -0.05042771 0.00530017 -0.03508226
v -0.07571097 0.00000001 -0.02751812
v -0.06995204 0.00000001 -0.03078401
v -0.06377374 0.00000001 -0.03316456
v -0.05731098 0.00000001 -0.03460784
v -0.05070549 0.00000002 -0.03508226
v -0.07529619 -0.00791394 -0.02751812
v -0.06956881 -0.00731197 -0.03078401
v -0.06342437 -0.00666616 -0.03316456
v -0.05699701 -0.00599062 -0.03460784
v -0.05042770 -0.00530016 -0.03508226
v -0.07405650 -0.01574119 -0.02751811
v -0.06842343 -0.01454384 -0.03078400
v -0.06238013 -0.01325930 -0.03316456
v -0.05605860 -0.01191561 -0.03460784
v -0.04959745 -0.01054225 -0.03508226
v -0.07200539 -0.02339596 -0.02751812
v -0.06652833 -0.02161635 -0.03078401
v -0.06065242 -0.01970715 -0.03316456
v -0.05450597 -0.01771004 -0.03460784
v -0.04822377 -0.01566883 -0.03508226
v -0.06916541 -0.03079441 -0.02751812
v -0.06390437 -0.02845205 -0.03078400
v -0.05826021 -0.02593910 -0.03316456
v -0.05235618 -0.02331045 -0.03460784
v -0.04632176 -0.02062375 -0.03508226
v -0.06556760 -0.03785547 -0.02751812
v -0.06058023 -0.03497601 -0.03078401
v -0.05522966 -0.03188685 -0.03316456
v -0.04963274 -0.02865547 -0.03460784
v -0.04391222 -0.02535272 -0.03508226
v -0.06125145 -0.04450179 -0.02751811
v -0.05659238 -0.04111679 -0.03078400
v -0.05159403 -0.03748527 -0.03316455
v -0.04636554 -0.03368655 -0.03460784
v -0.04102158 -0.02980394 -0.03508225
v -0.05626420 -0.05066053 -0.02751812
v -0.05198448 -0.04680706 -0.03078401
v -0.04739311 -0.04267297 -0.03316456
v -0.04259034 -0.03834853 -0.03460784
v -0.03768150 -0.03392859 -0.03508225
v -0.05066052 -0.05626420 -0.02751812
v -0.04680705 -0.05198448 -0.03078401
v -0.04267297 -0.04739311 -0.03316456
v -0.03834853 -0.04259034 -0.03460784
v -0.03392859 -0.03768150 -0.03508225
v -0.04450179 -0.06125146 -0.02751811
v -0.04111677 -0.05659238 -0.03078400
v -0.03748526 -0.05159403 -0.03316455
v -0.03368654 -0.04636554 -0.03460784
v -0.02980394 -0.04102157 -0.03508225
v -0.03785548 -0.06556760 -0.02751811
v -0.03497602 -0.06058022 -0.03078401
v -0.03188687 -0.05522965 -0.03316456
v -0.02865549 -0.04963273 -0.03460784
v -0.02535274 -0.04391220 -0.03508225
v -0.03079442 -0.06916540 -0.02751811
v -0.02845206 -0.06390435 -0.03078400
v -0.02593912 -0.05826020 -0.03316455
v -0.02331048 -0.05235617 -0.03460784
v -0.02062378 -0.04632174 -0.03508225
v -0.02339596 -0.07200538 -0.02751811
v -0.02161636 -0.06652833 -0.03078401
v -0.01970716 -0.06065240 -0.03316456
v -0.01771006 -0.05450596 -0.03460784
v -0.01566885 -0.04822375 -0.03508225
v -0.01574118 -0.07405648 -0.02751811
v -0.01454384 -0.06842341 -0.03078400
v -0.01325930 -0.06238012 -0.03316455
v -0.01191561 -0.05605858 -0.03460784
v -0.01054225 -0.04959743 -0.03508225
v -0.00791395 -0.07529619 -0.02751811
v -0.00731198 -0.06956881 -0.03078400
v -0.00666617 -0.06342436 -0.03316455
v -0.00599063 -0.05699699 -0.03460784
v -0.00530018 -0.05042768 -0.03508225
v 0.00000000 -0.07571093 -0.02751811
v 0.00000000 -0.06995202 -0.03078400
v 0.00000000 -0.06377371 -0.03316455
v 0.00000000 -0.05731095 -0.03460784
v 0.00000000 -0.05070546 -0.03508225
v 0.00791395 -0.07529618 -0.02751811
v 0.00731198 -0.06956881 -0.03078400
v 0.00666617 -0.06342436 -0.03316455
v 0.00599063 -0.05699699 -0.03460784
v 0.00530017 -0.05042768 -0.03508225
v 0.01574119 -0.07405648 -0.02751811
v 0.01454384 -0.06842341 -0.03078400
v 0.01325930 -0.06238012 -0.03316455
v 0.01191561 -0.05605858 -0.03460784
v 0.01054225 -0.04959743 -0.03508225
v 0.02339596 -0.07200538 -0.02751812
v 0.02161636 -0.06652831 -0.03078401
v 0.01970715 -0.06065240 -0.03316456
v 0.01771004 -0.05450594 -0.03460784
v 0.01566883 -0.04822375 -0.03508225
v 0.03079441 -0.06916539 -0.02751811
v 0.02845204 -0.06390435 -0.03078400
v 0.02593910 -0.05826019 -0.03316455
v 0.02331045 -0.05235616 -0.03460784
v 0.02062375 -0.04632173 -0.03508225
v 0.03785546 -0.06556758 -0.02751812
v 0.03497600 -0.06058022 -0.03078401
v 0.03188685 -0.05522965 -0.03316456
v 0.02865547 -0.04963272 -0.03460784
v 0.02535272 -0.04391220 -0.03508225
v 0.04450177 -0.06125144 -0.02751811
v 0.04111677 -0.05659237 -0.03078401
v 0.03748525 -0.05159402 -0.03316456
v 0.03368654 -0.04636553 -0.03460784
v 0.02980393 -0.04102156 -0.03508225
v 0.05066051 -0.05626417 -0.02751812
v 0.04680704 -0.05198446 -0.03078401
v 0.04267295 -0.04739309 -0.03316456
v 0.03834852 -0.04259032 -0.03460784
v 0.03392858 -0.03768148 -0.03508225
v 0.05626418 -0.05066050 -0.02751812
v 0.05198447 -0.04680703 -0.03078401
v 0.04739310 -0.04267294 -0.03316456
v 0.04259032 -0.03834851 -0.03460784
v 0.03768149 -0.03392857 -0.03508225
v 0.06125143 -0.04450177 -0.02751812
v 0.05659236 -0.04111676 -0.03078401
v 0.05159402 -0.03748525 -0.03316456
v 0.04636552 -0.03368653 -0.03460784
v 0.04102156 -0.02980393 -0.03508225
v 0.06556757 -0.03785545 -0.02751812
v 0.06058019 -0.03497599 -0.03078401
v 0.05522963 -0.03188684 -0.03316456
v 0.04963271 -0.02865546 -0.03460784
v 0.04391219 -0.02535271 -0.03508226
v 0.06916538 -0.03079439 -0.02751812
v 0.06390435 -0.02845203 -0.03078400
v 0.05826018 -0.02593909 -0.03316456
v 0.05235616 -0.02331044 -0.03460784
v 0.04632173 -0.02062374 -0.03508226
v 0.07200536 -0.02339595 -0.02751812
v 0.06652830 -0.02161634 -0.03078401
v 0.06065239 -0.01970715 -0.03316456
v 0.05450594 -0.01771004 -0.03460784
v 0.04822374 -0.01566883 -0.03508226
v 0.07405647 -0.01574118 -0.02751812
v 0.06842339 -0.01454383 -0.03078401
v 0.06238010 -0.01325929 -0.03316456
v 0.05605856 -0.01191560 -0.03460784
v 0.04959741 -0.01054224 -0.03508226
v 0.07529618 -0.00791394 -0.02751812
v 0.06956881 -0.00731197 -0.03078401
v 0.06342434 -0.00666616 -0.03316456
v 0.05699699 -0.00599062 -0.03460784
v 0.05042768 -0.00530015 -0.03508226
v 0.07571093 0.00000001 -0.02751812
v 0.06995200 0.00000002 -0.03078401
v 0.06377371 0.00000003 -0.03316456
v 0.05731095 0.00000005 -0.03460784
v 0.05070545 0.00000007 -0.03508226
v 0.09972243 0.01048127 0.00704779
v 0.09970231 0.01047915 0.00741652
v 0.09947649 0.01045542 0.00770805
v 0.09912549 0.01041853 0.00781834
v 0.09749344 0.02072288 0.00781834
v 0.09783866 0.02079626 0.00770805
v 0.09806076 0.02084347 0.00741652
v 0.09808056 0.02084768 0.00704779
v 0.09479322 0.03080020 0.00781833
v 0.09512889 0.03090926 0.00770805
v 0.09534483 0.03097943 0.00741652
v 0.09536408 0.03098569 0.00704779
v 0.09105443 0.04054006 0.00781833
v 0.09137686 0.04068361 0.00770805
v 0.09158430 0.04077597 0.00741652
v 0.09160278 0.04078420 0.00704779
v 0.08631804 0.04983575 0.00781833
v 0.08662369 0.05001222 0.00770805
v 0.08682033 0.05012575 0.00741652
v 0.08683786 0.05013587 0.00704779
v 0.08063592 0.05858544 0.00781833
v 0.08092145 0.05879287 0.00770805
v 0.08110516 0.05892634 0.00741652
v 0.08112153 0.05893824 0.00704779
v 0.07407033 0.06669324 0.00781833
v 0.07433262 0.06692939 0.00770805
v 0.07450136 0.06708132 0.00741652
v 0.07451639 0.06709483 0.00704779
v 0.06669323 0.07407036 0.00781833
v 0.06692939 0.07433264 0.00770805
v 0.06708132 0.07450138 0.00741652
v 0.06709486 0.07451642 0.00704779
v 0.05858542 0.08063594 0.00781833
v 0.05879287 0.08092146 0.00770805
v 0.05892634 0.08110517 0.00741652
v 0.05893823 0.08112154 0.00704779
v 0.04983574 0.08631804 0.00781833
v 0.05001220 0.08662370 0.00770805
v 0.05012574 0.08682033 0.00741652
v 0.05013585 0.08683786 0.00704779
v 0.04054004 0.09105443 0.00781833
v 0.04068359 0.09137686 0.00770805
v 0.04077595 0.09158430 0.00741652
v 0.04078417 0.09160277 0.00704778
v 0.03080017 0.09479321 0.00781833
v 0.03090923 0.09512887 0.00770804
v 0.03097940 0.09534482 0.00741652
v 0.03098566 0.09536406 0.00704778
v 0.02072286 0.09749342 0.00781833
v 0.02079623 0.09783864 0.00770805
v 0.02084345 0.09806075 0.00741652
v 0.02084765 0.09808055 0.00704778
v 0.01041850 0.09912546 0.00781833
v 0.01045539 0.09947647 0.00770804
v 0.01047912 0.09970230 0.00741652
v 0.01048124 0.09972242 0.00704778
v -0.00000001 0.09967148 0.00781833
v -0.00000001 0.10002441 0.00770805
v -0.00000001 0.10025148 0.00741652
v -0.00000001 0.10027172 0.00704778
v -0.01041852 0.09912546 0.00781833
v -0.01045541 0.09947647 0.00770804
v -0.01047914 0.09970230 0.00741652
v -0.01048126 0.09972242 0.00704778
v -0.02072287 0.09749342 0.00781833
v -0.02079625 0.09783864 0.00770805
v -0.02084346 0.09806075 0.00741652
v -0.02084767 0.09808055 0.00704778
v -0.03080019 0.09479321 0.00781833
v -0.03090925 0.09512887 0.00770804
v -0.03097942 0.09534482 0.00741652
v -0.03098567 0.09536406 0.00704778
v -0.04054005 0.09105442 0.00781833
v -0.04068360 0.09137684 0.00770804
v -0.04077596 0.09158428 0.00741652
v -0.04078418 0.09160277 0.00704778
v -0.04983575 0.08631802 0.00781833
v -0.05001221 0.08662368 0.00770805
v -0.05012574 0.08682032 0.00741652
v -0.05013586 0.08683784 0.00704779
v -0.05858542 0.08063591 0.00781833
v -0.05879287 0.08092143 0.00770805
v -0.05892634 0.08110514 0.00741652
v -0.05893823 0.08112151 0.00704779
v -0.06669324 0.07407032 0.00781833
v -0.06692940 0.07433260 0.00770805
v -0.06708133 0.07450135 0.00741652
v -0.06709488 0.07451639 0.00704779
v -0.07407033 0.06669319 0.00781833
v -0.07433262 0.06692934 0.00770805
v -0.07450136 0.06708127 0.00741652
v -0.07451639 0.06709483 0.00704779
v -0.08063591 0.05858539 0.00781833
v -0.08092143 0.05879283 0.00770805
v -0.08110514 0.05892632 0.00741652
v -0.08112150 0.05893821 0.00704779
v -0.08631802 0.04983570 0.00781833
v -0.08662368 0.05001218 0.00770805
v -0.08682032 0.05012571 0.00741652
v -0.08683784 0.05013583 0.00704779
v -0.09105442 0.04054004 0.00781833
v -0.09137683 0.04068359 0.00770805
v -0.09158427 0.04077594 0.00741652
v -0.09160276 0.04078417 0.00704779
v -0.09479319 0.03080017 0.00781833
v -0.09512886 0.03090923 0.00770805
v -0.09534480 0.03097941 0.00741652
v -0.09536404 0.03098566 0.00704779
v -0.09749340 0.02072286 0.00781834
v -0.09783862 0.02079624 0.00770805
v -0.09806072 0.02084345 0.00741652
v -0.09808051 0.02084766 0.00704779
v -0.09912544 0.01041851 0.00781834
v -0.09947645 0.01045540 0.00770805
v -0.09970226 0.01047913 0.00741652
v -0.09972239 0.01048125 0.00704779
v -0.09967145 0.00000000 0.00781834
v -0.10002439 0.00000000 0.00770805
v -0.10025146 -0.00000000 0.00741652
v -0.10027168 -0.00000000 0.00704779
v -0.09912543 -0.01041850 0.00781834
v -0.09947643 -0.01045540 0.00770805
v -0.09970225 -0.01047913 0.00741652
v -0.09972238 -0.01048124 0.00704779
v -0.09749338 -0.02072286 0.00781834
v -0.09783861 -0.02079624 0.00770805
v -0.09806071 -0.02084345 0.00741652
v -0.09808050 -0.02084766 0.00704779
v -0.09479318 -0.03080017 0.00781834
v -0.09512884 -0.03090923 0.00770805
v -0.09534479 -0.03097940 0.00741653
v -0.09536403 -0.03098566 0.00704779
v -0.09105439 -0.04054003 0.00781834
v -0.09137681 -0.04068358 0.00770805
v -0.09158426 -0.04077594 0.00741653
v -0.09160274 -0.04078417 0.00704779
v -0.08631801 -0.04983572 0.00781834
v -0.08662365 -0.05001219 0.00770806
v -0.08682030 -0.05012573 0.00741653
v -0.08683783 -0.05013584 0.00704780
v -0.08063590 -0.05858541 0.00781834
v -0.08092142 -0.05879286 0.00770806
v -0.08110513 -0.05892632 0.00741653
v -0.08112149 -0.05893822 0.00704780
v -0.07407030 -0.06669323 0.00781834
v -0.07433259 -0.06692938 0.00770806
v -0.07450133 -0.06708132 0.00741653
v -0.07451636 -0.06709486 0.00704780
v -0.06669320 -0.07407033 0.00781834
v -0.06692936 -0.07433260 0.00770806
v -0.06708129 -0.07450135 0.00741653
v -0.06709483 -0.07451639 0.00704780
v -0.05858539 -0.08063588 0.00781834
v -0.05879284 -0.08092140 0.00770806
v -0.05892631 -0.08110512 0.00741653
v -0.05893820 -0.08112148 0.00704780
v -0.04983571 -0.08631799 0.00781834
v -0.05001217 -0.08662365 0.00770806
v -0.05012571 -0.08682029 0.00741653
v -0.05013582 -0.08683781 0.00704780
v -0.04054002 -0.09105438 0.00781834
v -0.04068357 -0.09137680 0.00770806
v -0.04077592 -0.09158424 0.00741653
v -0.04078415 -0.09160272 0.00704780
v -0.03080015 -0.09479316 0.00781834
v -0.03090922 -0.09512882 0.00770806
v -0.03097939 -0.09534477 0.00741653
v -0.03098564 -0.09536402 0.00704780
v -0.02072284 -0.09749337 0.00781834
v -0.02079622 -0.09783859 0.00770806
v -0.02084343 -0.09806069 0.00741653
v -0.02084764 -0.09808049 0.00704780
v -0.01041849 -0.09912542 0.00781834
v -0.01045538 -0.09947641 0.00770806
v -0.01047912 -0.09970223 0.00741653
v -0.01048123 -0.09972236 0.00704780
v 0.00000001 -0.09967142 0.00781834
v 0.00000001 -0.10002434 0.00770806
v 0.00000001 -0.10025141 0.00741653
v 0.00000001 -0.10027165 0.00704780
v 0.01041851 -0.09912539 0.00781834
v 0.01045540 -0.09947640 0.00770806
v 0.01047914 -0.09970222 0.00741653
v 0.01048125 -0.09972235 0.00704780
v 0.02072286 -0.09749335 0.00781834
v 0.02079624 -0.09783857 0.00770806
v 0.02084345 -0.09806067 0.00741653
v 0.02084766 -0.09808048 0.00704780
v 0.03080017 -0.09479316 0.00781834
v 0.03090923 -0.09512881 0.00770806
v 0.03097940 -0.09534475 0.00741653
v 0.03098566 -0.09536401 0.00704780
v 0.04054003 -0.09105437 0.00781834
v 0.04068358 -0.09137679 0.00770806
v 0.04077594 -0.09158423 0.00741653
v 0.04078417 -0.09160271 0.00704780
v 0.04983572 -0.08631797 0.00781834
v 0.05001219 -0.08662363 0.00770806
v 0.05012573 -0.08682027 0.00741653
v 0.05013584 -0.08683779 0.00704780
v 0.05858540 -0.08063587 0.00781834
v 0.05879285 -0.08092140 0.00770806
v 0.05892631 -0.08110511 0.00741653
v 0.05893820 -0.08112147 0.00704780
v 0.06669321 -0.07407031 0.00781834
v 0.06692936 -0.07433258 0.00770806
v 0.06708131 -0.07450132 0.00741653
v 0.06709483 -0.07451636 0.00704780
v 0.07407030 -0.06669320 0.00781834
v 0.07433259 -0.06692936 0.00770806
v 0.07450133 -0.06708129 0.00741653
v 0.07451636 -0.06709483 0.00704780
v 0.08063587 -0.05858539 0.00781834
v 0.08092140 -0.05879284 0.00770806
v 0.08110511 -0.05892631 0.00741653
v 0.08112147 -0.05893820 0.00704780
v 0.08631798 -0.04983571 0.00781834
v 0.08662363 -0.05001217 0.00770806
v 0.08682027 -0.05012571 0.00741653
v 0.08683780 -0.05013582 0.00704779
v 0.09105437 -0.04054001 0.00781834
v 0.09137679 -0.04068356 0.00770805
v 0.09158423 -0.04077592 0.00741653
v 0.09160271 -0.04078415 0.00704779
v 0.09479316 -0.03080015 0.00781834
v 0.09512882 -0.03090921 0.00770805
v 0.09534477 -0.03097938 0.00741652
v 0.09536401 -0.03098563 0.00704779
v 0.09749337 -0.02072285 0.00781834
v 0.09783858 -0.02079623 0.00770805
v 0.09806068 -0.02084344 0.00741652
v 0.09808048 -0.02084765 0.00704779
v 0.09912541 -0.01041850 0.00781834
v 0.09947641 -0.01045539 0.00770805
v 0.09970222 -0.01047912 0.00741652
v 0.09972235 -0.01048124 0.00704779
v 0.09967142 0.00000001 0.00781834
v 0.10002435 0.00000001 0.00770805
v 0.10025142 0.00000000 0.00741652
v 0.10027165 0.00000000 0.00704779
v 0.09658892 0.01015193 0.00722590
v 0.09674968 0.01016883 0.00753300
v 0.09702428 0.01019769 0.00774352
v 0.09736165 0.01023315 0.00781833
v 0.09789786 0.00000001 0.00781833
v 0.09755863 0.00000002 0.00774352
v 0.09728251 0.00000002 0.00753300
v 0.09712088 0.00000002 0.00722590
v 0.09736157 -0.01023311 0.00781834
v 0.09702420 -0.01019765 0.00774352
v 0.09674960 -0.01016879 0.00753300
v 0.09658885 -0.01015189 0.00722590
v 0.09575856 -0.02035410 0.00781834
v 0.09542675 -0.02028357 0.00774352
v 0.09515666 -0.02022617 0.00753300
v 0.09499857 -0.02019256 0.00722590
v 0.09310640 -0.03025210 0.00781834
v 0.09278377 -0.03014727 0.00774352
v 0.09252117 -0.03006194 0.00753300
v 0.09236745 -0.03001199 0.00722590
v 0.08943413 -0.03981864 0.00781834
v 0.08912423 -0.03968066 0.00774352
v 0.08887199 -0.03956836 0.00753300
v 0.08872432 -0.03950262 0.00722590
v 0.08478203 -0.04894892 0.00781834
v 0.08448824 -0.04877931 0.00774352
v 0.08424912 -0.04864125 0.00753300
v 0.08410913 -0.04856044 0.00722590
v 0.07920104 -0.05754292 0.00781834
v 0.07892659 -0.05734352 0.00774353
v 0.07870320 -0.05718124 0.00753300
v 0.07857244 -0.05708623 0.00722590
v 0.07275230 -0.06550647 0.00781834
v 0.07250020 -0.06527947 0.00774353
v 0.07229500 -0.06509472 0.00753300
v 0.07217488 -0.06498656 0.00722590
v 0.06550647 -0.07275230 0.00781834
v 0.06527948 -0.07250021 0.00774353
v 0.06509472 -0.07229501 0.00753301
v 0.06498657 -0.07217488 0.00722591
v 0.05754293 -0.07920104 0.00781834
v 0.05734352 -0.07892658 0.00774353
v 0.05718124 -0.07870320 0.00753301
v 0.05708623 -0.07857244 0.00722590
v 0.04894894 -0.08478203 0.00781834
v 0.04877932 -0.08448824 0.00774353
v 0.04864127 -0.08424912 0.00753301
v 0.04856045 -0.08410913 0.00722590
v 0.03981866 -0.08943412 0.00781834
v 0.03968068 -0.08912422 0.00774353
v 0.03956837 -0.08887199 0.00753301
v 0.03950263 -0.08872432 0.00722590
v 0.03025212 -0.09310640 0.00781834
v 0.03014728 -0.09278377 0.00774353
v 0.03006196 -0.09252117 0.00753301
v 0.03001202 -0.09236744 0.00722591
v 0.02035412 -0.09575855 0.00781834
v 0.02028359 -0.09542675 0.00774353
v 0.02022619 -0.09515666 0.00753301
v 0.02019258 -0.09499856 0.00722591
v 0.01023312 -0.09736156 0.00781834
v 0.01019766 -0.09702419 0.00774353
v 0.01016880 -0.09674960 0.00753301
v 0.01015191 -0.09658884 0.00722591
v 0.00000001 -0.09789786 0.00781834
v 0.00000001 -0.09755863 0.00774353
v 0.00000001 -0.09728252 0.00753301
v 0.00000001 -0.09712088 0.00722591
v -0.01023310 -0.09736158 0.00781834
v -0.01019764 -0.09702421 0.00774353
v -0.01016878 -0.09674960 0.00753301
v -0.01015189 -0.09658886 0.00722591
v -0.02035410 -0.09575857 0.00781834
v -0.02028357 -0.09542675 0.00774353
v -0.02022617 -0.09515667 0.00753301
v -0.02019256 -0.09499857 0.00722591
v -0.03025210 -0.09310640 0.00781835
v -0.03014727 -0.09278378 0.00774353
v -0.03006194 -0.09252118 0.00753301
v -0.03001200 -0.09236745 0.00722591
v -0.03981865 -0.08943415 0.00781835
v -0.03968066 -0.08912424 0.00774353
v -0.03956836 -0.08887200 0.00753301
v -0.03950262 -0.08872434 0.00722591
v -0.04894892 -0.08478203 0.00781834
v -0.04877931 -0.08448824 0.00774353
v -0.04864125 -0.08424913 0.00753301
v -0.04856044 -0.08410915 0.00722590
v -0.05754293 -0.07920105 0.00781834
v -0.05734352 -0.07892660 0.00774353
v -0.05718124 -0.07870322 0.00753301
v -0.05708623 -0.07857245 0.00722590
v -0.06550647 -0.07275233 0.00781834
v -0.06527947 -0.07250022 0.00774353
v -0.06509471 -0.07229503 0.00753301
v -0.06498656 -0.07217491 0.00722590
v -0.07275230 -0.06550648 0.00781834
v -0.07250020 -0.06527949 0.00774353
v -0.07229500 -0.06509475 0.00753300
v -0.07217488 -0.06498659 0.00722590
v -0.07920106 -0.05754294 0.00781834
v -0.07892660 -0.05734356 0.00774353
v -0.07870322 -0.05718125 0.00753300
v -0.07857246 -0.05708625 0.00722590
v -0.08478205 -0.04894894 0.00781834
v -0.08448827 -0.04877932 0.00774353
v -0.08424915 -0.04864127 0.00753300
v -0.08410916 -0.04856045 0.00722590
v -0.08943417 -0.03981866 0.00781834
v -0.08912426 -0.03968068 0.00774352
v -0.08887202 -0.03956838 0.00753300
v -0.08872436 -0.03950264 0.00722590
v -0.09310643 -0.03025211 0.00781834
v -0.09278380 -0.03014728 0.00774353
v -0.09252120 -0.03006195 0.00753300
v -0.09236748 -0.03001201 0.00722590
v -0.09575859 -0.02035412 0.00781834
v -0.09542678 -0.02028359 0.00774353
v -0.09515669 -0.02022617 0.00753300
v -0.09499859 -0.02019257 0.00722590
v -0.09736160 -0.01023312 0.00781834
v -0.09702422 -0.01019766 0.00774352
v -0.09674963 -0.01016879 0.00753300
v -0.09658888 -0.01015190 0.00722590
v -0.09789790 0.00000000 0.00781834
v -0.09755866 0.00000000 0.00774352
v -0.09728255 0.00000000 0.00753300
v -0.09712091 0.00000000 0.00722590
v -0.09736161 0.01023312 0.00781834
v -0.09702423 0.01019766 0.00774352
v -0.09674964 0.01016880 0.00753300
v -0.09658889 0.01015190 0.00722590
v -0.09575860 0.02035412 0.00781834
v -0.09542678 0.02028359 0.00774352
v -0.09515670 0.02022619 0.00753300
v -0.09499860 0.02019257 0.00722590
v -0.09310643 0.03025212 0.00781833
v -0.09278380 0.03014729 0.00774352
v -0.09252120 0.03006196 0.00753300
v -0.09236748 0.03001202 0.00722590
v -0.08943418 0.03981866 0.00781833
v -0.08912427 0.03968068 0.00774352
v -0.08887204 0.03956838 0.00753300
v -0.08872437 0.03950264 0.00722590
v -0.08478207 0.04894895 0.00781833
v -0.08448829 0.04877932 0.00774352
v -0.08424917 0.04864127 0.00753300
v -0.08410919 0.04856046 0.00722589
v -0.07920107 0.05754290 0.00781833
v -0.07892662 0.05734352 0.00774352
v -0.07870324 0.05718124 0.00753300
v -0.07857247 0.05708621 0.00722589
v -0.07275233 0.06550645 0.00781833
v -0.07250023 0.06527945 0.00774352
v -0.07229504 0.06509472 0.00753300
v -0.07217491 0.06498656 0.00722589
v -0.06550649 0.07275232 0.00781833
v -0.06527950 0.07250022 0.00774352
v -0.06509475 0.07229503 0.00753299
v -0.06498659 0.07217491 0.00722589
v -0.05754295 0.07920107 0.00781833
v -0.05734356 0.07892662 0.00774352
v -0.05718126 0.07870324 0.00753299
v -0.05708626 0.07857247 0.00722589
v -0.04894896 0.08478207 0.00781833
v -0.04877934 0.08448829 0.00774352
v -0.04864129 0.08424917 0.00753299
v -0.04856047 0.08410919 0.00722589
v -0.03981868 0.08943419 0.00781833
v -0.03968070 0.08912429 0.00774352
v -0.03956839 0.08887205 0.00753299
v -0.03950265 0.08872439 0.00722589
v -0.03025213 0.09310646 0.00781833
v -0.03014730 0.09278384 0.00774351
v -0.03006198 0.09252124 0.00753299
v -0.03001202 0.09236751 0.00722589
v -0.02035413 0.09575862 0.00781833
v -0.02028360 0.09542681 0.00774351
v -0.02022619 0.09515673 0.00753299
v -0.02019259 0.09499863 0.00722589
v -0.01023313 0.09736163 0.00781833
v -0.01019767 0.09702425 0.00774351
v -0.01016881 0.09674966 0.00753299
v -0.01015191 0.09658891 0.00722589
v -0.00000001 0.09789792 0.00781833
v -0.00000001 0.09755868 0.00774351
v -0.00000001 0.09728257 0.00753299
v -0.00000001 0.09712094 0.00722589
v 0.01023311 0.09736163 0.00781833
v 0.01019765 0.09702425 0.00774351
v 0.01016879 0.09674966 0.00753299
v 0.01015189 0.09658891 0.00722589
v 0.02035411 0.09575862 0.00781833
v 0.02028358 0.09542681 0.00774351
v 0.02022618 0.09515673 0.00753299
v 0.02019257 0.09499863 0.00722589
v 0.03025211 0.09310645 0.00781833
v 0.03014728 0.09278383 0.00774351
v 0.03006196 0.09252122 0.00753299
v 0.03001201 0.09236750 0.00722589
v 0.03981867 0.08943421 0.00781833
v 0.03968069 0.08912430 0.00774352
v 0.03956838 0.08887205 0.00753299
v 0.03950264 0.08872439 0.00722589
v 0.04894895 0.08478209 0.00781833
v 0.04877934 0.08448830 0.00774352
v 0.04864129 0.08424919 0.00753299
v 0.04856047 0.08410920 0.00722589
v 0.05754295 0.07920110 0.00781833
v 0.05734356 0.07892665 0.00774352
v 0.05718126 0.07870327 0.00753300
v 0.05708625 0.07857250 0.00722590
v 0.06550649 0.07275235 0.00781833
v 0.06527950 0.07250024 0.00774352
v 0.06509475 0.07229505 0.00753300
v 0.06498659 0.07217494 0.00722590
v 0.07275233 0.06550645 0.00781833
v 0.07250023 0.06527950 0.00774352
v 0.07229504 0.06509472 0.00753300
v 0.07217491 0.06498656 0.00722589
v 0.07920109 0.05754295 0.00781833
v 0.07892665 0.05734355 0.00774352
v 0.07870325 0.05718125 0.00753300
v 0.07857249 0.05708625 0.00722589
v 0.08478209 0.04894897 0.00781833
v 0.08448830 0.04877935 0.00774352
v 0.08424918 0.04864130 0.00753300
v 0.08410919 0.04856048 0.00722589
v 0.08943420 0.03981869 0.00781833
v 0.08912430 0.03968071 0.00774352
v 0.08887206 0.03956841 0.00753300
v 0.08872440 0.03950266 0.00722590
v 0.09310646 0.03025214 0.00781834
v 0.09278385 0.03014732 0.00774352
v 0.09252124 0.03006199 0.00753300
v 0.09236751 0.03001204 0.00722590
v 0.09575864 0.02035414 0.00781834
v 0.09542683 0.02028361 0.00774352
v 0.09515674 0.02022620 0.00753300
v 0.09499864 0.02019260 0.00722590
v 0.09383304 0.00986226 -0.01165390
v 0.08988092 0.00944688 -0.01809785
v 0.09434980 0.00000000 -0.01165390
v 0.09037593 0.00000000 -0.01809785
v 0.09383295 -0.00986224 -0.01165390
v 0.08988085 -0.00944685 -0.01809785
v 0.09228803 -0.01961642 -0.01165390
v 0.08840100 -0.01879021 -0.01809785
v 0.08973201 -0.02915569 -0.01165390
v 0.08595263 -0.02792770 -0.01809785
v 0.08619284 -0.03837552 -0.01165390
v 0.08256254 -0.03675920 -0.01809785
v 0.08170933 -0.04717490 -0.01165390
v 0.07826785 -0.04518797 -0.01809785
v 0.07633060 -0.05545743 -0.01165389
v 0.07311567 -0.05312164 -0.01809785
v 0.07011558 -0.06313234 -0.01165390
v 0.06716242 -0.06047331 -0.01809785
v 0.06313235 -0.07011557 -0.01165389
v 0.06047331 -0.06716240 -0.01809785
v 0.05545744 -0.07633059 -0.01165389
v 0.05312165 -0.07311568 -0.01809785
v 0.04717492 -0.08170933 -0.01165389
v 0.04518798 -0.07826785 -0.01809785
v 0.03837553 -0.08619282 -0.01165389
v 0.03675921 -0.08256253 -0.01809785
v 0.02915571 -0.08973201 -0.01165389
v 0.02792771 -0.08595262 -0.01809784
v 0.01961644 -0.09228803 -0.01165389
v 0.01879022 -0.08840100 -0.01809785
v 0.00986225 -0.09383296 -0.01165389
v 0.00944686 -0.08988085 -0.01809784
v 0.00000001 -0.09434981 -0.01165389
v 0.00000001 -0.09037594 -0.01809784
v -0.00986223 -0.09383296 -0.01165389
v -0.00944685 -0.08988085 -0.01809784
v -0.01961642 -0.09228804 -0.01165389
v -0.01879021 -0.08840101 -0.01809784
v -0.02915569 -0.08973201 -0.01165389
v -0.02792769 -0.08595262 -0.01809784
v -0.03837553 -0.08619285 -0.01165389
v -0.03675921 -0.08256253 -0.01809785
v -0.04717491 -0.08170935 -0.01165389
v -0.04518797 -0.07826786 -0.01809785
v -0.05545743 -0.07633062 -0.01165389
v -0.05312165 -0.07311570 -0.01809785
v -0.06313235 -0.07011560 -0.01165389
v -0.06047331 -0.06716245 -0.01809785
v -0.07011558 -0.06313238 -0.01165390
v -0.06716242 -0.06047334 -0.01809785
v -0.07633061 -0.05545745 -0.01165390
v -0.07311568 -0.05312166 -0.01809785
v -0.08170936 -0.04717492 -0.01165390
v -0.07826787 -0.04518798 -0.01809785
v -0.08619285 -0.03837553 -0.01165390
v -0.08256255 -0.03675921 -0.01809785
v -0.08973204 -0.02915571 -0.01165390
v -0.08595265 -0.02792771 -0.01809785
v -0.09228807 -0.01961643 -0.01165390
v -0.08840103 -0.01879022 -0.01809785
v -0.09383298 -0.00986224 -0.01165390
v -0.08988088 -0.00944686 -0.01809785
v -0.09434985 0.00000000 -0.01165390
v -0.09037596 0.00000000 -0.01809785
v -0.09383298 0.00986225 -0.01165390
v -0.08988088 0.00944686 -0.01809785
v -0.09228808 0.01961643 -0.01165390
v -0.08840103 0.01879022 -0.01809785
v -0.08973204 0.02915571 -0.01165390
v -0.08595266 0.02792771 -0.01809785
v -0.08619288 0.03837554 -0.01165390
v -0.08256257 0.03675922 -0.01809786
v -0.08170937 0.04717492 -0.01165390
v -0.07826788 0.04518798 -0.01809786
v -0.07633063 0.05545743 -0.01165390
v -0.07311569 0.05312165 -0.01809786
v -0.07011560 0.06313234 -0.01165391
v -0.06716245 0.06047329 -0.01809786
v -0.06313238 0.07011560 -0.01165391
v -0.06047335 0.06716241 -0.01809786
v -0.05545746 0.07633063 -0.01165391
v -0.05312168 0.07311570 -0.01809786
v -0.04717494 0.08170938 -0.01165391
v -0.04518801 0.07826789 -0.01809786
v -0.03837556 0.08619289 -0.01165391
v -0.03675923 0.08256257 -0.01809786
v -0.02915571 0.08973207 -0.01165391
v -0.02792773 0.08595268 -0.01809786
v -0.01961645 0.09228810 -0.01165391
v -0.01879024 0.08840106 -0.01809786
v -0.00986226 0.09383301 -0.01165391
v -0.00944687 0.08988090 -0.01809786
v -0.00000001 0.09434987 -0.01165391
v -0.00000001 0.09037598 -0.01809786
v 0.00986224 0.09383301 -0.01165391
v 0.00944685 0.08988090 -0.01809786
v 0.01961643 0.09228810 -0.01165391
v 0.01879022 0.08840106 -0.01809786
v 0.02915571 0.08973207 -0.01165391
v 0.02792771 0.08595268 -0.01809786
v 0.03837554 0.08619290 -0.01165391
v 0.03675922 0.08256259 -0.01809786
v 0.04717493 0.08170939 -0.01165391
v 0.04518799 0.07826792 -0.01809786
v 0.05545746 0.07633065 -0.01165391
v 0.05312166 0.07311572 -0.01809786
v 0.06313238 0.07011563 -0.01165390
v 0.06047334 0.06716244 -0.01809786
v 0.07011561 0.06313237 -0.01165390
v 0.06716245 0.06047333 -0.01809786
v 0.07633064 0.05545746 -0.01165390
v 0.07311571 0.05312169 -0.01809786
v 0.08170938 0.04717495 -0.01165390
v 0.07826790 0.04518802 -0.01809786
v 0.08619291 0.03837557 -0.01165390
v 0.08256259 0.03675925 -0.01809786
v 0.08973207 0.02915573 -0.01165390
v 0.08595269 0.02792774 -0.01809785
v 0.09228811 0.01961646 -0.01165390
v 0.08840107 0.01879025 -0.01809785
v 0.08109792 0.02635033 -0.02387504
v 0.07566318 0.02458447 -0.02884575
v 0.07781847 0.01654084 -0.02884575
v 0.08340801 0.01772894 -0.02387504
v 0.07912116 0.00831598 -0.02884575
v 0.08480427 0.00891330 -0.02387504
v 0.07955690 0.00000001 -0.02884574
v 0.08527131 0.00000001 -0.02387504
v 0.07912109 -0.00831595 -0.02884574
v 0.08480419 -0.00891327 -0.02387504
v 0.07781840 -0.01654080 -0.02884575
v 0.08340794 -0.01772890 -0.02387504
v 0.07566311 -0.02458443 -0.02884574
v 0.08109785 -0.02635028 -0.02387504
v 0.07267886 -0.03235870 -0.02884574
v 0.07789923 -0.03468296 -0.02387504
v 0.06889829 -0.03977845 -0.02884574
v 0.07384712 -0.04263565 -0.02387504
v 0.06436290 -0.04676238 -0.02884574
v 0.06898595 -0.05012123 -0.02387504
v 0.05912231 -0.05323397 -0.02884574
v 0.06336895 -0.05705765 -0.02387504
v 0.05323398 -0.05912231 -0.02884574
v 0.05705766 -0.06336894 -0.02387504
v 0.04676239 -0.06436291 -0.02884574
v 0.05012124 -0.06898596 -0.02387504
v 0.03977846 -0.06889829 -0.02884574
v 0.04263567 -0.07384712 -0.02387504
v 0.03235872 -0.07267886 -0.02884574
v 0.03468298 -0.07789923 -0.02387504
v 0.02458444 -0.07566313 -0.02884574
v 0.02635029 -0.08109784 -0.02387504
v 0.01654082 -0.07781841 -0.02884574
v 0.01772891 -0.08340794 -0.02387503
v 0.00831597 -0.07912109 -0.02884574
v 0.00891329 -0.08480420 -0.02387504
v 0.00000000 -0.07955691 -0.02884574
v 0.00000001 -0.08527132 -0.02387503
v -0.00831596 -0.07912109 -0.02884574
v -0.00891327 -0.08480420 -0.02387504
v -0.01654081 -0.07781841 -0.02884574
v -0.01772890 -0.08340794 -0.02387503
v -0.02458444 -0.07566313 -0.02884574
v -0.02635029 -0.08109785 -0.02387504
v -0.03235872 -0.07267887 -0.02884574
v -0.03468298 -0.07789923 -0.02387504
v -0.03977847 -0.06889831 -0.02884574
v -0.04263567 -0.07384714 -0.02387504
v -0.04676239 -0.06436292 -0.02884574
v -0.05012124 -0.06898597 -0.02387504
v -0.05323398 -0.05912235 -0.02884574
v -0.05705768 -0.06336898 -0.02387504
v -0.05912231 -0.05323400 -0.02884574
v -0.06336895 -0.05705768 -0.02387504
v -0.06436291 -0.04676240 -0.02884575
v -0.06898597 -0.05012124 -0.02387504
v -0.06889832 -0.03977846 -0.02884574
v -0.07384714 -0.04263566 -0.02387504
v -0.07267888 -0.03235872 -0.02884574
v -0.07789925 -0.03468297 -0.02387504
v -0.07566315 -0.02458444 -0.02884574
v -0.08109787 -0.02635029 -0.02387504
v -0.07781844 -0.01654081 -0.02884575
v -0.08340798 -0.01772891 -0.02387504
v -0.07912112 -0.00831596 -0.02884574
v -0.08480422 -0.00891328 -0.02387504
v -0.07955695 0.00000000 -0.02884575
v -0.08527135 0.00000000 -0.02387504
v -0.07912114 0.00831597 -0.02884575
v -0.08480424 0.00891329 -0.02387504
v -0.07781844 0.01654082 -0.02884575
v -0.08340798 0.01772892 -0.02387504
v -0.07566315 0.02458445 -0.02884575
v -0.08109789 0.02635030 -0.02387504
v -0.07267889 0.03235873 -0.02884575
v -0.07789927 0.03468299 -0.02387504
v -0.06889834 0.03977848 -0.02884575
v -0.07384717 0.04263568 -0.02387504
v -0.06436293 0.04676240 -0.02884575
v -0.06898598 0.05012125 -0.02387504
v -0.05912235 0.05323398 -0.02884575
v -0.06336898 0.05705768 -0.02387504
v -0.05323401 0.05912231 -0.02884576
v -0.05705769 0.06336895 -0.02387504
v -0.04676242 0.06436290 -0.02884576
v -0.05012126 0.06898597 -0.02387505
v -0.03977849 0.06889834 -0.02884575
v -0.04263569 0.07384717 -0.02387505
v -0.03235874 0.07267890 -0.02884575
v -0.03468300 0.07789928 -0.02387505
v -0.02458446 0.07566317 -0.02884575
v -0.02635031 0.08109790 -0.02387505
v -0.01654083 0.07781845 -0.02884575
v -0.01772893 0.08340800 -0.02387505
v -0.00831598 0.07912114 -0.02884575
v -0.00891330 0.08480424 -0.02387505
v -0.00000001 0.07955696 -0.02884575
v -0.00000001 0.08527138 -0.02387505
v 0.00831596 0.07912114 -0.02884575
v 0.00891327 0.08480424 -0.02387505
v 0.01654081 0.07781845 -0.02884575
v 0.01772891 0.08340800 -0.02387505
v 0.02458444 0.07566318 -0.02884575
v 0.02635029 0.08109790 -0.02387505
v 0.03235872 0.07267890 -0.02884575
v 0.03468298 0.07789929 -0.02387505
v 0.03977847 0.06889836 -0.02884575
v 0.04263568 0.07384718 -0.02387505
v 0.04676241 0.06436294 -0.02884575
v 0.05012126 0.06898601 -0.02387504
v 0.05323401 0.05912232 -0.02884575
v 0.05705769 0.06336897 -0.02387505
v 0.05912235 0.05323401 -0.02884575
v 0.06336898 0.05705770 -0.02387504
v 0.06436293 0.04676243 -0.02884575
v 0.06898598 0.05012127 -0.02387505
v 0.06889835 0.03977850 -0.02884575
v 0.07384717 0.04263571 -0.02387505
v 0.07267892 0.03235875 -0.02884575
v 0.07789930 0.03468302 -0.02387504
v 0.05650461 0.00593893 -0.03825540
v 0.06060798 0.00637019 -0.03795339
v 0.06462356 0.00679224 -0.03705382
v 0.06846547 0.00719603 -0.03557590
v 0.07205193 0.00757298 -0.03355106
v 0.05557429 0.01181270 -0.03825540
v 0.05961012 0.01267054 -0.03795339
v 0.06355958 0.01351002 -0.03705382
v 0.06733823 0.01431320 -0.03557590
v 0.07086564 0.01506298 -0.03355106
v 0.05403509 0.01755707 -0.03825540
v 0.05795913 0.01883207 -0.03795339
v 0.06179919 0.02007979 -0.03705382
v 0.06547320 0.02127354 -0.03557590
v 0.06890291 0.02238793 -0.03355106
v 0.05190387 0.02310909 -0.03825540
v 0.05567314 0.02478728 -0.03795339
v 0.05936176 0.02642956 -0.03705382
v 0.06289085 0.02800082 -0.03557590
v 0.06618529 0.02946760 -0.03355106
v 0.04920396 0.02840793 -0.03825540
v 0.05277716 0.03047092 -0.03795339
v 0.05627390 0.03248977 -0.03705382
v 0.05961942 0.03442130 -0.03557590
v 0.06274249 0.03622441 -0.03355106
v 0.04596497 0.03339554 -0.03825540
v 0.04930296 0.03582073 -0.03795339
v 0.05256953 0.03819403 -0.03705382
v 0.05569482 0.04046468 -0.03557590
v 0.05861230 0.04258436 -0.03355106
v 0.04222239 0.03801724 -0.03825540
v 0.04528859 0.04077807 -0.03795339
v 0.04828918 0.04347980 -0.03705382
v 0.05116000 0.04606471 -0.03557590
v 0.05383995 0.04847773 -0.03355106
v 0.03801723 0.04222240 -0.03825540
v 0.04077804 0.04528861 -0.03795339
v 0.04347979 0.04828919 -0.03705382
v 0.04606469 0.05116002 -0.03557590
v 0.04847772 0.05383994 -0.03355106
v 0.03339553 0.04596498 -0.03825540
v 0.03582071 0.04930297 -0.03795339
v 0.03819400 0.05256953 -0.03705382
v 0.04046466 0.05569483 -0.03557590
v 0.04258434 0.05861231 -0.03355106
v 0.02840791 0.04920396 -0.03825540
v 0.03047090 0.05277717 -0.03795339
v 0.03248974 0.05627391 -0.03705382
v 0.03442128 0.05961942 -0.03557590
v 0.03622439 0.06274251 -0.03355106
v 0.02310907 0.05190386 -0.03825540
v 0.02478726 0.05567313 -0.03795339
v 0.02642954 0.05936174 -0.03705382
v 0.02800079 0.06289084 -0.03557590
v 0.02946757 0.06618527 -0.03355106
v 0.01755705 0.05403508 -0.03825540
v 0.01883204 0.05795911 -0.03795339
v 0.02007976 0.06179918 -0.03705382
v 0.02127351 0.06547318 -0.03557590
v 0.02238790 0.06890289 -0.03355106
v 0.01181267 0.05557428 -0.03825540
v 0.01267050 0.05961009 -0.03795339
v 0.01350999 0.06355955 -0.03705382
v 0.01431317 0.06733822 -0.03557590
v 0.01506294 0.07086563 -0.03355106
v 0.00593887 0.05650461 -0.03825540
v 0.00637015 0.06060798 -0.03795339
v 0.00679220 0.06462354 -0.03705382
v 0.00719600 0.06846546 -0.03557590
v 0.00757295 0.07205192 -0.03355106
v -0.00000001 0.05681583 -0.03825540
v -0.00000001 0.06094182 -0.03795339
v -0.00000001 0.06497951 -0.03705382
v -0.00000001 0.06884257 -0.03557590
v -0.00000001 0.07244880 -0.03355106
v -0.00593889 0.05650461 -0.03825540
v -0.00637017 0.06060798 -0.03795339
v -0.00679222 0.06462354 -0.03705382
v -0.00719602 0.06846546 -0.03557590
v -0.00757297 0.07205192 -0.03355106
v -0.01181269 0.05557428 -0.03825540
v -0.01267053 0.05961009 -0.03795339
v -0.01351001 0.06355955 -0.03705382
v -0.01431319 0.06733822 -0.03557590
v -0.01506297 0.07086563 -0.03355106
v -0.01755707 0.05403508 -0.03825540
v -0.01883207 0.05795911 -0.03795339
v -0.02007978 0.06179918 -0.03705382
v -0.02127354 0.06547318 -0.03557590
v -0.02238792 0.06890289 -0.03355106
v -0.02310908 0.05190386 -0.03825540
v -0.02478727 0.05567313 -0.03795339
v -0.02642955 0.05936174 -0.03705382
v -0.02800081 0.06289084 -0.03557590
v -0.02946759 0.06618527 -0.03355106
v -0.02840793 0.04920395 -0.03825540
v -0.03047092 0.05277715 -0.03795339
v -0.03248976 0.05627390 -0.03705382
v -0.03442130 0.05961940 -0.03557590
v -0.03622441 0.06274248 -0.03355106
v -0.03339553 0.04596498 -0.03825540
v -0.03582072 0.04930297 -0.03795339
v -0.03819402 0.05256953 -0.03705382
v -0.04046467 0.05569482 -0.03557590
v -0.04258436 0.05861231 -0.03355105
v -0.03801723 0.04222239 -0.03825540
v -0.04077805 0.04528859 -0.03795339
v -0.04347980 0.04828918 -0.03705382
v -0.04606470 0.05116000 -0.03557590
v -0.04847773 0.05383994 -0.03355106
v -0.04222239 0.03801723 -0.03825540
v -0.04528859 0.04077805 -0.03795339
v -0.04828918 0.04347979 -0.03705382
v -0.05116001 0.04606469 -0.03557590
v -0.05383995 0.04847771 -0.03355106
v -0.04596498 0.03339552 -0.03825540
v -0.04930297 0.03582071 -0.03795339
v -0.05256953 0.03819400 -0.03705382
v -0.05569483 0.04046466 -0.03557590
v -0.05861232 0.04258434 -0.03355105
v -0.04920395 0.02840793 -0.03825540
v -0.05277715 0.03047092 -0.03795339
v -0.05627390 0.03248977 -0.03705382
v -0.05961942 0.03442130 -0.03557590
v -0.06274249 0.03622440 -0.03355106
v -0.05190385 0.02310909 -0.03825540
v -0.05567313 0.02478728 -0.03795339
v -0.05936174 0.02642956 -0.03705382
v -0.06289083 0.02800081 -0.03557590
v -0.06618527 0.02946758 -0.03355106
v -0.05403506 0.01755706 -0.03825540
v -0.05795910 0.01883206 -0.03795339
v -0.06179918 0.02007978 -0.03705382
v -0.06547318 0.02127353 -0.03557590
v -0.06890289 0.02238791 -0.03355106
v -0.05557428 0.01181268 -0.03825540
v -0.05961010 0.01267052 -0.03795339
v -0.06355955 0.01351000 -0.03705382
v -0.06733821 0.01431318 -0.03557590
v -0.07086562 0.01506296 -0.03355105
v -0.05650459 0.00593888 -0.03825540
v -0.06060797 0.00637016 -0.03795339
v -0.06462353 0.00679221 -0.03705382
v -0.06846544 0.00719601 -0.03557590
v -0.07205191 0.00757297 -0.03355106
v -0.05681583 0.00000001 -0.03825540
v -0.06094182 0.00000001 -0.03795339
v -0.06497951 0.00000001 -0.03705382
v -0.06884259 0.00000001 -0.03557590
v -0.07244880 0.00000000 -0.03355106
v -0.05650457 -0.00593886 -0.03825540
v -0.06060795 -0.00637014 -0.03795339
v -0.06462353 -0.00679220 -0.03705382
v -0.06846543 -0.00719600 -0.03557590
v -0.07205189 -0.00757295 -0.03355106
v -0.05557428 -0.01181267 -0.03825540
v -0.05961009 -0.01267051 -0.03795339
v -0.06355955 -0.01350999 -0.03705382
v -0.06733821 -0.01431317 -0.03557590
v -0.07086562 -0.01506294 -0.03355106
v -0.05403505 -0.01755704 -0.03825540
v -0.05795910 -0.01883204 -0.03795339
v -0.06179917 -0.02007975 -0.03705382
v -0.06547317 -0.02127351 -0.03557590
v -0.06890289 -0.02238789 -0.03355106
v -0.05190384 -0.02310906 -0.03825540
v -0.05567311 -0.02478725 -0.03795339
v -0.05936173 -0.02642953 -0.03705382
v -0.06289082 -0.02800078 -0.03557590
v -0.06618526 -0.02946756 -0.03355104
v -0.04920393 -0.02840790 -0.03825540
v -0.05277713 -0.03047089 -0.03795338
v -0.05627388 -0.03248973 -0.03705382
v -0.05961940 -0.03442127 -0.03557590
v -0.06274247 -0.03622438 -0.03355105
v -0.04596496 -0.03339551 -0.03825540
v -0.04930296 -0.03582070 -0.03795338
v -0.05256952 -0.03819400 -0.03705382
v -0.05569481 -0.04046465 -0.03557590
v -0.05861230 -0.04258433 -0.03355104
v -0.04222238 -0.03801721 -0.03825540
v -0.04528858 -0.04077803 -0.03795338
v -0.04828916 -0.04347978 -0.03705382
v -0.05115999 -0.04606468 -0.03557590
v -0.05383993 -0.04847771 -0.03355105
v -0.03801722 -0.04222237 -0.03825540
v -0.04077804 -0.04528857 -0.03795338
v -0.04347978 -0.04828916 -0.03705382
v -0.04606468 -0.05115999 -0.03557590
v -0.04847771 -0.05383994 -0.03355106
v -0.03339551 -0.04596495 -0.03825540
v -0.03582070 -0.04930294 -0.03795338
v -0.03819399 -0.05256951 -0.03705382
v -0.04046464 -0.05569480 -0.03557590
v -0.04258432 -0.05861229 -0.03355105
v -0.02840792 -0.04920392 -0.03825540
v -0.03047091 -0.05277713 -0.03795338
v -0.03248975 -0.05627387 -0.03705382
v -0.03442129 -0.05961940 -0.03557590
v -0.03622440 -0.06274246 -0.03355105
v -0.02310909 -0.05190383 -0.03825540
v -0.02478727 -0.05567310 -0.03795338
v -0.02642955 -0.05936172 -0.03705382
v -0.02800080 -0.06289081 -0.03557590
v -0.02946758 -0.06618526 -0.03355105
v -0.01755705 -0.05403504 -0.03825540
v -0.01883205 -0.05795909 -0.03795338
v -0.02007977 -0.06179915 -0.03705382
v -0.02127352 -0.06547315 -0.03557590
v -0.02238790 -0.06890287 -0.03355105
v -0.01181267 -0.05557426 -0.03825540
v -0.01267051 -0.05961008 -0.03795338
v -0.01350999 -0.06355954 -0.03705382
v -0.01431317 -0.06733819 -0.03557590
v -0.01506294 -0.07086560 -0.03355104
v -0.00593888 -0.05650456 -0.03825540
v -0.00637015 -0.06060794 -0.03795338
v -0.00679221 -0.06462351 -0.03705382
v -0.00719601 -0.06846543 -0.03557590
v -0.00757296 -0.07205188 -0.03355105
v 0.00000000 -0.05681580 -0.03825540
v 0.00000000 -0.06094179 -0.03795338
v 0.00000000 -0.06497947 -0.03705382
v 0.00000000 -0.06884255 -0.03557590
v 0.00000000 -0.07244877 -0.03355105
v 0.00593887 -0.05650456 -0.03825540
v 0.00637015 -0.06060794 -0.03795338
v 0.00679221 -0.06462351 -0.03705382
v 0.00719601 -0.06846543 -0.03557590
v 0.00757296 -0.07205188 -0.03355105
v 0.01181267 -0.05557426 -0.03825540
v 0.01267051 -0.05961008 -0.03795338
v 0.01351000 -0.06355954 -0.03705382
v 0.01431317 -0.06733819 -0.03557590
v 0.01506295 -0.07086560 -0.03355104
v 0.01755704 -0.05403504 -0.03825540
v 0.01883204 -0.05795909 -0.03795338
v 0.02007976 -0.06179915 -0.03705382
v 0.02127351 -0.06547315 -0.03557590
v 0.02238790 -0.06890287 -0.03355106
v 0.02310906 -0.05190383 -0.03825540
v 0.02478725 -0.05567310 -0.03795338
v 0.02642953 -0.05936172 -0.03705382
v 0.02800078 -0.06289081 -0.03557590
v 0.02946757 -0.06618524 -0.03355105
v 0.02840789 -0.04920391 -0.03825540
v 0.03047088 -0.05277712 -0.03795338
v 0.03248973 -0.05627386 -0.03705382
v 0.03442127 -0.05961937 -0.03557590
v 0.03622438 -0.06274245 -0.03355105
v 0.03339550 -0.04596494 -0.03825540
v 0.03582069 -0.04930293 -0.03795338
v 0.03819399 -0.05256950 -0.03705382
v 0.04046464 -0.05569479 -0.03557590
v 0.04258432 -0.05861229 -0.03355105
v 0.03801720 -0.04222235 -0.03825540
v 0.04077802 -0.04528856 -0.03795338
v 0.04347977 -0.04828914 -0.03705382
v 0.04606467 -0.05115997 -0.03557590
v 0.04847770 -0.05383991 -0.03355105
v 0.04222236 -0.03801719 -0.03825540
v 0.04528856 -0.04077801 -0.03795338
v 0.04828915 -0.04347975 -0.03705382
v 0.05115998 -0.04606465 -0.03557590
v 0.05383992 -0.04847768 -0.03355105
v 0.04596494 -0.03339550 -0.03825540
v 0.04930293 -0.03582068 -0.03795338
v 0.05256950 -0.03819398 -0.03705382
v 0.05569479 -0.04046463 -0.03557590
v 0.05861228 -0.04258431 -0.03355105
v 0.04920391 -0.02840789 -0.03825540
v 0.05277712 -0.03047088 -0.03795338
v 0.05627386 -0.03248972 -0.03705382
v 0.05961937 -0.03442126 -0.03557590
v 0.06274244 -0.03622437 -0.03355105
v 0.05190381 -0.02310904 -0.03825540
v 0.05567309 -0.02478724 -0.03795339
v 0.05936170 -0.02642952 -0.03705382
v 0.06289079 -0.02800077 -0.03557590
v 0.06618524 -0.02946755 -0.03355104
v 0.05403503 -0.01755703 -0.03825540
v 0.05795907 -0.01883203 -0.03795339
v 0.06179915 -0.02007975 -0.03705382
v 0.06547314 -0.02127350 -0.03557590
v 0.06890285 -0.02238788 -0.03355106
v 0.05557425 -0.01181266 -0.03825540
v 0.05961006 -0.01267050 -0.03795339
v 0.06355952 -0.01350999 -0.03705382
v 0.06733818 -0.01431316 -0.03557590
v 0.07086559 -0.01506294 -0.03355105
v 0.05650455 -0.00593886 -0.03825540
v 0.06060794 -0.00637014 -0.03795339
v 0.06462350 -0.00679220 -0.03705382
v 0.06846541 -0.00719600 -0.03557590
v 0.07205188 -0.00757295 -0.03355106
v 0.05681580 0.00000004 -0.03825540
v 0.06094178 0.00000003 -0.03795339
v 0.06497947 0.00000002 -0.03705382
v 0.06884255 0.00000001 -0.03557590
v 0.07244875 0.00000001 -0.03355106
v -0.00028154 -0.08944920 -0.01806271
v 0.00479976 -0.09204324 -0.01987932
v 0.00481163 -0.08964563 -0.01754368
v 0.00969529 -0.09258125 -0.01845198
v 0.00970715 -0.09018366 -0.01605146
v 0.01312225 -0.09294072 -0.01637586
v 0.01303444 -0.09088516 -0.01429973
v 0.01664630 -0.09347194 -0.01429973
v 0.01646053 -0.09141587 -0.01254800
v 0.02017121 -0.09383189 -0.01222361
v 0.01988836 -0.09160411 -0.01079627
v 0.02261517 -0.09487156 -0.00956357
v 0.02243194 -0.09230173 -0.00820111
v 0.02427541 -0.09590735 -0.00651426
v 0.02399426 -0.09333703 -0.00508693
v 0.02485811 -0.09693780 -0.00320544
v 0.02467405 -0.09453923 -0.00177810
v 0.02446032 -0.09813462 0.00010339
v 0.02417914 -0.09556434 0.00146585
v 0.02298583 -0.09915494 0.00328245
v 0.02270549 -0.09641335 0.00432052
v 0.02062965 -0.10017084 0.00600737
v 0.02035020 -0.09725802 0.00704543
v -0.00029422 -0.09201803 -0.02039835
v -0.00547432 -0.08959474 -0.01754368
v -0.00548618 -0.09199235 -0.01987932
v -0.01037492 -0.09008428 -0.01605146
v -0.01038678 -0.09248190 -0.01845198
v -0.01420897 -0.09280549 -0.01637586
v -0.01410085 -0.09075090 -0.01429973
v -0.01812996 -0.09329988 -0.01429973
v -0.01792388 -0.09124576 -0.01254800
v -0.02205011 -0.09362300 -0.01222361
v -0.02174521 -0.09139813 -0.01079627
v -0.02429560 -0.09207054 -0.00820111
v -0.02460218 -0.09463794 -0.00956357
v -0.02586805 -0.09309033 -0.00508693
v -0.02617465 -0.09565774 -0.00651426
v -0.02655973 -0.09428576 -0.00177810
v -0.02686547 -0.09668189 -0.00320544
v -0.02607498 -0.09531572 0.00146585
v -0.02638158 -0.09788311 0.00010339
v -0.02460982 -0.09617928 0.00432052
v -0.02501524 -0.09891744 0.00328245
v -0.02226298 -0.09704718 0.00704543
v -0.02257126 -0.09995710 0.00600737
v 0.01655962 -0.10109263 0.00594249
v 0.01659151 -0.09801919 0.00649396
v -0.01764144 -0.09792689 0.00649396
v -0.01761900 -0.10090642 0.00594249
v 0.01788338 -0.10084229 0.00600737
v 0.01770185 -0.09792997 0.00704543
v -0.01953786 -0.10065717 0.00600737
v -0.01922956 -0.09774724 0.00704543
v -0.00648782 -0.09644019 -0.01131530
v -0.00032644 -0.09852579 -0.00729281
v -0.00727999 -0.09814888 -0.00696841
v -0.00033406 -0.10006713 -0.00294592
v 0.00653258 -0.09821723 -0.00696841
v 0.00575735 -0.09650077 -0.01131530
v -0.00031710 -0.09664198 -0.01170457
v 0.00537737 -0.09410124 -0.01618122
v -0.00030523 -0.09424438 -0.01657049
v -0.00608411 -0.09404453 -0.01618122
v -0.01147284 -0.09418914 -0.01494852
v -0.01578398 -0.09433906 -0.01313191
v -0.01216958 -0.09641208 -0.01014748
v -0.01276581 -0.09812173 -0.00618987
v -0.00885413 -0.09951119 -0.00255665
v -0.00034083 -0.10143718 0.00140097
v 0.00809317 -0.09959504 -0.00255665
v 0.01043744 -0.10097672 0.00172537
v 0.01230634 -0.09944463 -0.00216737
v 0.01249550 -0.10081565 0.00179024
v 0.01201837 -0.09824435 -0.00618987
v 0.01143912 -0.09652887 -0.01014748
v 0.01076437 -0.09429912 -0.01494852
v 0.01468198 -0.09448978 -0.01313191
v 0.01869756 -0.09468091 -0.01138018
v 0.01996342 -0.09622854 -0.00774696
v 0.02064238 -0.09760199 -0.00417862
v 0.02044138 -0.09862857 -0.00067516
v 0.01955379 -0.09982299 0.00276343
v 0.01690714 -0.10015241 0.00243903
v 0.01494365 -0.10099901 0.00373661
v 0.01642240 -0.09912244 -0.00145371
v 0.01633125 -0.09775192 -0.00521668
v 0.01575024 -0.09637895 -0.00897966
v -0.01121199 -0.10086962 0.00172537
v -0.01306562 -0.09931909 -0.00216737
v -0.01326834 -0.10068817 0.00179024
v -0.01746541 -0.09758470 -0.00521668
v -0.01687087 -0.09621757 -0.00897966
v -0.02019309 -0.09448850 -0.01138018
v -0.02157217 -0.09602305 -0.00774696
v -0.02216671 -0.09739018 -0.00417862
v -0.02197588 -0.09841871 -0.00067516
v -0.02110015 -0.09962186 0.00276343
v -0.01767405 -0.10015258 0.00237415
v -0.01571820 -0.10084732 0.00373661
v -0.01757015 -0.09895428 -0.00145371
v 0.00684619 -0.23668627 0.03534817
v 0.00801917 -0.23676307 0.03376992
v 0.00636998 -0.23368885 0.03487834
v 0.00744584 -0.23358259 0.03328642
v 0.00599335 -0.23030838 0.03431845
v 0.00706752 -0.23054898 0.03269197
v 0.00738189 -0.16628206 0.02243806
v 0.00738019 -0.16662173 0.02098452
v 0.00712566 -0.23990199 0.03595660
v 0.00829785 -0.24014311 0.03432998
v 0.00701332 -0.24309756 0.03650332
v 0.00818544 -0.24333866 0.03487672
v 0.00660704 -0.24629174 0.03705049
v 0.00787713 -0.24653330 0.03542374
v 0.00590693 -0.24948452 0.03759803
v 0.00698110 -0.24974351 0.03603381
v 0.00521187 -0.25154495 0.03793804
v 0.00618895 -0.25162086 0.03636010
v 0.00442396 -0.25249100 0.03813285
v 0.00697858 -0.24983303 0.03451945
v 0.00777666 -0.24662241 0.03390954
v 0.00818292 -0.24342822 0.03336239
v 0.00829527 -0.24023268 0.03281565
v 0.00801666 -0.23685265 0.03225562
v 0.00744244 -0.23381810 0.03166144
v 0.00706498 -0.23062018 0.03111539
v 0.00551724 -0.16695507 0.01916791
v 0.00520205 -0.23046331 0.02940309
v 0.00547981 -0.23400760 0.02991476
v 0.00595606 -0.23704173 0.03050907
v 0.00623471 -0.24042177 0.03106910
v 0.00612236 -0.24361730 0.03161582
v 0.00542264 -0.24671878 0.03215646
v 0.00501596 -0.25000426 0.03271054
v 0.00618555 -0.25187466 0.03479736
v 0.00530305 -0.25256637 0.03655503
v 0.00295027 -0.25295010 0.03820825
v 0.00363264 -0.25367245 0.03670270
v -0.00107119 -0.25405204 0.03686144
v -0.00106867 -0.25347885 0.03825540
v -0.00518052 -0.25291148 0.03821962
v -0.00586960 -0.25362733 0.03671598
v -0.00664567 -0.25243840 0.03814834
v -0.00752987 -0.25250548 0.03657298
v -0.00742512 -0.25148502 0.03795571
v -0.00840728 -0.25155154 0.03638050
v -0.00810154 -0.24941805 0.03761763
v -0.00918250 -0.24966677 0.03605642
v -0.01004974 -0.24644822 0.03544881
v -0.00877286 -0.24621877 0.03707198
v -0.01032923 -0.24325080 0.03490261
v -0.00915029 -0.24302086 0.03652594
v -0.01041276 -0.24005432 0.03435614
v -0.00923389 -0.23982438 0.03597946
v -0.00892559 -0.23661143 0.03537023
v -0.01010364 -0.23667704 0.03379527
v -0.00842221 -0.23361865 0.03489903
v -0.00950147 -0.23350218 0.03331012
v -0.00801513 -0.23024185 0.03433803
v -0.00909611 -0.23047225 0.03271458
v -0.00878175 -0.16620205 0.02243806
v -0.00770164 -0.16569647 0.02389167
v -0.00918936 -0.14922419 0.01926785
v -0.00801042 -0.14854741 0.02098602
v -0.00970595 -0.13449365 0.01616377
v -0.00852618 -0.13364315 0.01804524
v -0.01015253 -0.12553753 0.01345987
v -0.00887311 -0.12433606 0.01513974
v -0.01031372 -0.11833209 0.01051383
v -0.00903343 -0.11695369 0.01201200
v -0.01047830 -0.11181609 0.00653392
v -0.00919631 -0.11009125 0.00808605
v -0.01280224 -0.10540910 0.00226673
v -0.01112759 -0.10419194 0.00396159
v -0.01492776 -0.09925035 -0.00061116
v -0.01738440 -0.09835317 -0.00245313
v -0.01280821 -0.10620421 0.00099945
v -0.01326832 -0.09687117 -0.00706214
v -0.00997239 -0.10710297 -0.00051550
v -0.01121200 -0.09682588 -0.00732922
v 0.00432175 -0.25190040 0.03309890
v -0.01048424 -0.11303248 0.00525537
v -0.01032049 -0.11971939 0.00898027
v -0.01015847 -0.12674876 0.01179748
v -0.00970847 -0.13500418 0.01439147
v -0.00919188 -0.14973544 0.01755046
v -0.00878345 -0.16654176 0.02098452
v -0.00909864 -0.23054348 0.03113800
v -0.00950486 -0.23373766 0.03168513
v -0.01010620 -0.23676665 0.03228093
v -0.01041533 -0.24014387 0.03284181
v -0.01033178 -0.24334033 0.03338827
v -0.00995433 -0.24653828 0.03393433
v -0.00918505 -0.24975631 0.03454206
v -0.00841068 -0.25180537 0.03481776
v -0.00753324 -0.25275934 0.03501026
v -0.00587215 -0.25371692 0.03520163
v -0.00107458 -0.25428754 0.03523647
v 0.00363009 -0.25376201 0.03518836
v 0.00529967 -0.25282019 0.03499231
v 0.00343504 -0.25301021 0.03324546
v 0.00245201 -0.25336170 0.03332873
v -0.00107626 -0.25372848 0.03342360
v -0.00489593 -0.25350946 0.03335285
v -0.00567536 -0.25296700 0.03325821
v -0.00655197 -0.25184879 0.03311412
v -0.00722921 -0.24994613 0.03272767
v -0.00760623 -0.24665692 0.03217467
v -0.00827797 -0.24354897 0.03163596
v -0.00836152 -0.24035247 0.03108949
v -0.00805240 -0.23697521 0.03052863
v -0.00754905 -0.23394583 0.02993297
v -0.00723907 -0.23040429 0.02942050
v -0.00692387 -0.16689348 0.01916791
v -0.00723436 -0.15008406 0.01552361
v -0.00765386 -0.13552627 0.01221082
v -0.00790959 -0.12762423 0.00980587
v -0.00817045 -0.12077131 0.00717024
v -0.00823622 -0.11408857 0.00371930
v -0.00065434 -0.16692451 0.01916791
v -0.00096950 -0.23043402 0.02941171
v 0.00599042 -0.15014949 0.01552361
v -0.00057299 -0.15011704 0.01552308
v 0.00655056 -0.13559656 0.01221082
v -0.00050268 -0.13556352 0.01218561
v -0.00046455 -0.12766105 0.00980588
v 0.00688257 -0.12769741 0.00980588
v 0.00720950 -0.12084743 0.00717024
v -0.00043149 -0.12081066 0.00715610
v 0.00733966 -0.11416566 0.00371930
v -0.00039929 -0.11412735 0.00371929
v -0.00037218 -0.10703938 -0.00062273
v -0.00034083 -0.09740095 -0.00775624
v 0.00913006 -0.10719744 -0.00051550
v 0.01043746 -0.09693300 -0.00732923
v -0.00098564 -0.23397692 0.02992379
v 0.00194389 -0.23607296 0.03032095
v 0.00350111 -0.23834500 0.03073389
v 0.00456684 -0.24096170 0.03111295
v 0.00514272 -0.24361268 0.03161721
v 0.00443076 -0.24945368 0.03266982
v 0.00285491 -0.25130898 0.03293497
v 0.00128411 -0.25205028 0.03305477
v -0.00107292 -0.25337240 0.03334171
v -0.00106950 -0.25262365 0.03322409
v -0.00351598 -0.25202754 0.03306149
v -0.00508001 -0.25127134 0.03294606
v -0.00663889 -0.24940112 0.03268528
v -0.00729835 -0.24355361 0.03163459
v -0.00669872 -0.24090819 0.03112872
v -0.00560930 -0.23830181 0.03074662
v -0.00403174 -0.23604456 0.03032929
v -0.00098986 -0.23492664 0.03011751
v -0.00096276 -0.23045796 0.03434202
v -0.00097715 -0.23365398 0.03488860
v 0.00630686 -0.16576576 0.02389166
v -0.00064842 -0.16572854 0.02393027
v -0.00056537 -0.14858182 0.02101956
v 0.00678174 -0.14862061 0.02098602
v -0.00049334 -0.13368291 0.01804524
v 0.00744153 -0.13372530 0.01800235
v -0.00044845 -0.12437601 0.01516286
v 0.00787826 -0.12442202 0.01509701
v -0.00041285 -0.11699633 0.01201201
v 0.00810981 -0.11704424 0.01193340
v -0.00037980 -0.11013371 0.00810188
v 0.00833875 -0.11018728 0.00795877
v -0.00035184 -0.10432574 0.00395028
v 0.01032594 -0.10428242 0.00378010
v -0.00033491 -0.10078126 -0.00051519
v 0.01416677 -0.09938841 -0.00074694
v 0.00795135 -0.14982276 0.01751610
v 0.00795386 -0.14931144 0.01923428
v 0.00861284 -0.13459055 0.01607799
v 0.00861026 -0.13509962 0.01432505
v 0.00913993 -0.12685047 0.01171218
v 0.00936974 -0.11982498 0.00886851
v 0.00914583 -0.12564039 0.01335829
v 0.00937649 -0.11844128 0.01035251
v 0.00959783 -0.11314236 0.00511107
v 0.01197604 -0.10629114 0.00084627
v 0.01249549 -0.09699862 -0.00706214
v 0.01641223 -0.09852433 -0.00260249
v 0.01198195 -0.10545827 0.00197123
v 0.00960377 -0.11193303 0.00629344
v -0.00106021 -0.25208747 0.03807133
v 0.00139225 -0.25134420 0.03792955
v 0.00315893 -0.25060382 0.03780944
v 0.00463682 -0.24872971 0.03748220
v 0.00513934 -0.24591953 0.03702484
v 0.00505323 -0.24327092 0.03651993
v 0.00447732 -0.24063823 0.03607791
v 0.00360754 -0.23800418 0.03563634
v 0.00205033 -0.23575044 0.03528562
v -0.00098056 -0.23440276 0.03500624
v -0.00412124 -0.23572114 0.03529426
v -0.00569876 -0.23796004 0.03564935
v -0.00659227 -0.24058571 0.03609341
v -0.00719195 -0.24321273 0.03653704
v -0.00730176 -0.24586047 0.03704225
v -0.00682467 -0.24867530 0.03749822
v -0.00536369 -0.25056338 0.03782135
v -0.00360377 -0.25132054 0.03793653
v 0.00047362 -0.23687188 0.03245288
v -0.00099411 -0.23648125 0.03236499
v 0.00047533 -0.23679994 0.03342094
v -0.00099240 -0.23642769 0.03339529
v -0.00256318 -0.23685740 0.03245711
v -0.00256147 -0.23678549 0.03342517
v 0.00193543 -0.23888889 0.03382015
v 0.00193285 -0.23912512 0.03280370
v 0.00280688 -0.24115773 0.03423403
v 0.00280436 -0.24137563 0.03315536
v 0.00328654 -0.24340636 0.03458624
v 0.00328402 -0.24364258 0.03356980
v 0.00347228 -0.24567193 0.03500111
v 0.00346975 -0.24588983 0.03392241
v 0.00316824 -0.24793521 0.03541662
v 0.00316653 -0.24798878 0.03438633
v 0.00247572 -0.24941118 0.03559063
v 0.00247406 -0.24948306 0.03462254
v 0.00080618 -0.25033465 0.03572441
v 0.00080447 -0.25038821 0.03469411
v -0.00105594 -0.25052673 0.03580309
v -0.00105767 -0.25059867 0.03483505
v -0.00301433 -0.25031650 0.03572977
v -0.00301601 -0.25037014 0.03469944
v -0.00467542 -0.24937721 0.03560061
v -0.00467714 -0.24944912 0.03463252
v -0.00535435 -0.24789478 0.03542855
v -0.00535608 -0.24794836 0.03439824
v -0.00563812 -0.24562874 0.03501383
v -0.00564067 -0.24584658 0.03393515
v -0.00543202 -0.24336497 0.03459844
v -0.00543457 -0.24360119 0.03358197
v -0.00493203 -0.24112101 0.03424486
v -0.00493456 -0.24133888 0.03316616
v -0.00404023 -0.23886052 0.03382849
v -0.00404275 -0.23909675 0.03281206
v 0.01043743 -0.09782657 0.00172537
v -0.00034084 -0.09828704 0.00140097
v 0.01249549 -0.09766549 0.00179024
v 0.01494365 -0.09784885 0.00373661
v -0.01121199 -0.09771948 0.00172537
v -0.01326834 -0.09753802 0.00179024
v -0.01571821 -0.09769718 0.00373661
f 126 123 124
f 127 126 124
f 130 127 129
f 131 130 129
f 134 131 133
f 135 134 133
f 138 135 137
f 139 138 137
f 141 140 139
f 144 141 143
f 146 143 145
f 148 145 147
f 149 148 147
f 152 149 151
f 154 151 153
f 156 153 155
f 158 155 157
f 159 158 157
f 162 159 161
f 164 161 163
f 165 164 163
f 167 166 165
f 169 168 167
f 171 170 169
f 174 171 173
f 176 173 175
f 178 175 177
f 179 178 177
f 182 179 181
f 184 181 183
f 186 183 185
f 187 186 185
f 189 188 187
f 191 190 189
f 194 191 193
f 195 194 193
f 198 195 197
f 199 198 197
f 201 200 199
f 203 202 201
f 205 204 203
f 207 206 205
f 209 208 207
f 212 209 211
f 214 211 213
f 216 213 215
f 217 216 215
f 219 218 217
f 222 219 221
f 223 222 221
f 225 224 223
f 227 226 225
f 230 227 229
f 232 229 231
f 233 232 231
f 235 234 233
f 237 236 235
f 240 237 239
f 242 239 241
f 123 242 241
f 62 239 64
f 123 62 63
f 124 63 121
f 120 124 121
f 119 127 120
f 118 129 119
f 117 131 118
f 135 117 116
f 115 135 116
f 139 115 114
f 141 114 113
f 112 141 113
f 145 112 111
f 147 111 110
f 149 110 109
f 151 109 108
f 153 108 107
f 106 153 107
f 157 106 105
f 104 157 105
f 161 104 103
f 163 103 102
f 165 102 101
f 167 101 100
f 169 100 99
f 171 99 98
f 173 98 97
f 175 97 96
f 95 175 96
f 94 177 95
f 181 94 93
f 183 93 92
f 91 183 92
f 90 185 91
f 89 187 90
f 191 89 88
f 193 88 87
f 195 87 86
f 197 86 85
f 84 197 85
f 201 84 83
f 82 201 83
f 81 203 82
f 207 81 80
f 79 207 80
f 78 209 79
f 213 78 77
f 76 213 77
f 217 76 75
f 74 217 75
f 73 219 74
f 72 221 73
f 71 223 72
f 227 71 70
f 229 70 69
f 68 229 69
f 67 231 68
f 66 233 67
f 65 235 66
f 239 65 64
f 63 248 243
f 248 64 253
f 64 258 253
f 258 66 263
f 263 67 268
f 67 273 268
f 68 278 273
f 278 70 283
f 283 71 288
f 71 293 288
f 293 73 298
f 73 303 298
f 303 75 308
f 75 313 308
f 76 318 313
f 77 323 318
f 323 79 328
f 79 333 328
f 333 81 338
f 81 343 338
f 343 83 348
f 83 353 348
f 353 85 358
f 358 86 363
f 86 368 363
f 368 88 373
f 88 378 373
f 378 90 383
f 90 388 383
f 388 92 393
f 92 398 393
f 398 94 403
f 94 408 403
f 408 96 413
f 96 418 413
f 418 98 423
f 98 428 423
f 428 100 433
f 433 101 438
f 101 443 438
f 443 103 448
f 103 453 448
f 453 105 458
f 458 106 463
f 463 107 468
f 107 473 468
f 473 109 478
f 109 483 478
f 483 111 488
f 111 493 488
f 493 113 498
f 113 503 498
f 114 508 503
f 508 116 513
f 116 518 513
f 518 118 523
f 118 528 523
f 528 120 533
f 120 538 533
f 121 243 538
f 252 122 247
f 257 122 252
f 262 122 257
f 267 122 262
f 272 122 267
f 277 122 272
f 282 122 277
f 287 122 282
f 292 122 287
f 297 122 292
f 302 122 297
f 307 122 302
f 312 122 307
f 317 122 312
f 322 122 317
f 327 122 322
f 332 122 327
f 337 122 332
f 342 122 337
f 347 122 342
f 352 122 347
f 357 122 352
f 362 122 357
f 367 122 362
f 372 122 367
f 377 122 372
f 382 122 377
f 387 122 382
f 392 122 387
f 397 122 392
f 402 122 397
f 407 122 402
f 412 122 407
f 417 122 412
f 422 122 417
f 427 122 422
f 432 122 427
f 437 122 432
f 442 122 437
f 447 122 442
f 452 122 447
f 457 122 452
f 462 122 457
f 467 122 462
f 472 122 467
f 477 122 472
f 482 122 477
f 487 122 482
f 492 122 487
f 497 122 492
f 502 122 497
f 507 122 502
f 512 122 507
f 517 122 512
f 522 122 517
f 527 122 522
f 532 122 527
f 537 122 532
f 542 122 537
f 247 122 542
f 247 541 246
f 246 540 245
f 244 538 243
f 245 539 244
f 246 252 247
f 245 251 246
f 244 250 245
f 243 249 244
f 252 256 257
f 251 255 256
f 250 254 255
f 249 253 254
f 256 262 257
f 255 261 256
f 255 259 260
f 254 258 259
f 262 266 267
f 261 265 266
f 260 264 265
f 259 263 264
f 266 272 267
f 266 270 271
f 264 270 265
f 263 269 264
f 272 276 277
f 271 275 276
f 270 274 275
f 269 273 274
f 277 281 282
f 276 280 281
f 275 279 280
f 274 278 279
f 281 287 282
f 280 286 281
f 279 285 280
f 278 284 279
f 287 291 292
f 286 290 291
f 285 289 290
f 284 288 289
f 291 297 292
f 290 296 291
f 290 294 295
f 288 294 289
f 297 301 302
f 296 300 301
f 295 299 300
f 294 298 299
f 301 307 302
f 300 306 301
f 299 305 300
f 298 304 299
f 307 311 312
f 306 310 311
f 305 309 310
f 304 308 309
f 312 316 317
f 310 316 311
f 309 315 310
f 308 314 309
f 316 322 317
f 316 320 321
f 315 319 320
f 313 319 314
f 321 327 322
f 320 326 321
f 319 325 320
f 318 324 319
f 327 331 332
f 326 330 331
f 325 329 330
f 324 328 329
f 331 337 332
f 330 336 331
f 329 335 330
f 328 334 329
f 337 341 342
f 336 340 341
f 335 339 340
f 334 338 339
f 341 347 342
f 340 346 341
f 339 345 340
f 338 344 339
f 347 351 352
f 345 351 346
f 344 350 345
f 344 348 349
f 351 357 352
f 351 355 356
f 349 355 350
f 348 354 349
f 356 362 357
f 355 361 356
f 355 359 360
f 354 358 359
f 362 366 367
f 361 365 366
f 360 364 365
f 359 363 364
f 366 372 367
f 365 371 366
f 364 370 365
f 363 369 364
f 372 376 377
f 371 375 376
f 370 374 375
f 369 373 374
f 376 382 377
f 375 381 376
f 374 380 375
f 373 379 374
f 382 386 387
f 381 385 386
f 380 384 385
f 379 383 384
f 386 392 387
f 385 391 386
f 384 390 385
f 383 389 384
f 392 396 397
f 391 395 396
f 390 394 395
f 389 393 394
f 396 402 397
f 395 401 396
f 394 400 395
f 393 399 394
f 402 406 407
f 401 405 406
f 400 404 405
f 399 403 404
f 406 412 407
f 405 411 406
f 404 410 405
f 403 409 404
f 412 416 417
f 411 415 416
f 410 414 415
f 409 413 414
f 416 422 417
f 415 421 416
f 414 420 415
f 413 419 414
f 422 426 427
f 421 425 426
f 420 424 425
f 419 423 424
f 426 432 427
f 425 431 426
f 424 430 425
f 424 428 429
f 431 437 432
f 430 436 431
f 429 435 430
f 428 434 429
f 437 441 442
f 436 440 441
f 435 439 440
f 434 438 439
f 441 447 442
f 440 446 441
f 439 445 440
f 438 444 439
f 447 451 452
f 446 450 451
f 445 449 450
f 444 448 449
f 451 457 452
f 450 456 451
f 449 455 450
f 448 454 449
f 457 461 462
f 456 460 461
f 455 459 460
f 454 458 459
f 461 467 462
f 461 465 466
f 459 465 460
f 459 463 464
f 467 471 472
f 465 471 466
f 464 470 465
f 463 469 464
f 471 477 472
f 470 476 471
f 469 475 470
f 468 474 469
f 477 481 482
f 476 480 481
f 475 479 480
f 474 478 479
f 481 487 482
f 480 486 481
f 479 485 480
f 478 484 479
f 487 491 492
f 486 490 491
f 485 489 490
f 484 488 489
f 491 497 492
f 490 496 491
f 489 495 490
f 488 494 489
f 497 501 502
f 496 500 501
f 495 499 500
f 494 498 499
f 502 506 507
f 500 506 501
f 500 504 505
f 498 504 499
f 506 512 507
f 505 511 506
f 504 510 505
f 503 509 504
f 512 516 517
f 511 515 516
f 510 514 515
f 509 513 514
f 516 522 517
f 515 521 516
f 514 520 515
f 513 519 514
f 522 526 527
f 521 525 526
f 520 524 525
f 519 523 524
f 526 532 527
f 525 531 526
f 524 530 525
f 523 529 524
f 532 536 537
f 531 535 536
f 530 534 535
f 529 533 534
f 537 541 542
f 536 540 541
f 535 539 540
f 533 539 534
f 546 548 547
f 545 549 548
f 544 550 549
f 785 787 786
f 784 788 785
f 783 789 784
f 125 790 783
f 128 790 126
f 128 798 794
f 130 802 798
f 132 806 802
f 136 806 134
f 138 810 136
f 140 814 138
f 142 818 140
f 144 822 142
f 146 826 144
f 146 834 830
f 148 838 834
f 150 842 838
f 154 842 152
f 156 846 154
f 158 850 156
f 158 858 854
f 160 862 858
f 162 866 862
f 164 870 866
f 168 870 166
f 168 878 874
f 170 882 878
f 174 882 172
f 174 890 886
f 176 894 890
f 180 894 178
f 180 902 898
f 184 902 182
f 186 906 184
f 188 910 186
f 188 918 914
f 192 918 190
f 194 922 192
f 196 926 194
f 196 934 930
f 198 938 934
f 202 938 200
f 202 946 942
f 204 950 946
f 206 954 950
f 210 954 208
f 212 958 210
f 214 962 212
f 214 970 966
f 218 970 216
f 220 974 218
f 220 982 978
f 224 982 222
f 226 986 224
f 228 990 226
f 230 994 228
f 232 998 230
f 234 1002 232
f 234 1010 1006
f 236 1014 1010
f 240 1014 238
f 242 1018 240
f 242 783 1022
f 2 782 3
f 4 782 778
f 5 778 774
f 5 770 6
f 6 766 7
f 8 766 762
f 8 758 9
f 9 754 10
f 11 754 750
f 12 750 746
f 13 746 742
f 13 738 14
f 15 738 734
f 16 734 730
f 16 726 17
f 17 722 18
f 18 718 19
f 19 714 20
f 20 710 21
f 21 706 22
f 22 702 23
f 23 698 24
f 24 694 25
f 26 694 690
f 27 690 686
f 28 686 682
f 28 678 29
f 29 674 30
f 30 670 31
f 31 666 32
f 32 662 33
f 34 662 658
f 35 658 654
f 36 654 650
f 36 646 37
f 37 642 38
f 38 638 39
f 39 634 40
f 40 630 41
f 41 626 42
f 42 622 43
f 43 618 44
f 45 618 614
f 46 614 610
f 46 606 47
f 48 606 602
f 49 602 598
f 50 598 594
f 50 590 51
f 51 586 52
f 52 582 53
f 53 578 54
f 54 574 55
f 56 574 570
f 57 570 566
f 58 566 562
f 59 562 558
f 59 554 60
f 61 554 550
f 2 550 543
f 786 779 546
f 779 791 775
f 775 795 771
f 771 799 767
f 799 763 767
f 803 759 763
f 759 811 755
f 755 815 751
f 751 819 747
f 747 823 743
f 823 739 743
f 739 831 735
f 735 835 731
f 731 839 727
f 839 723 727
f 843 719 723
f 719 851 715
f 715 855 711
f 855 707 711
f 859 703 707
f 863 699 703
f 867 695 699
f 695 875 691
f 875 687 691
f 879 683 687
f 883 679 683
f 679 891 675
f 675 895 671
f 895 667 671
f 899 663 667
f 663 907 659
f 907 655 659
f 911 651 655
f 915 647 651
f 919 643 647
f 923 639 643
f 927 635 639
f 635 935 631
f 631 939 627
f 939 623 627
f 943 619 623
f 619 951 615
f 615 955 611
f 955 607 611
f 959 603 607
f 603 967 599
f 967 595 599
f 595 975 591
f 591 979 587
f 587 983 583
f 983 579 583
f 579 991 575
f 575 995 571
f 995 567 571
f 999 563 567
f 1003 559 563
f 559 1011 555
f 555 1015 551
f 551 1019 547
f 547 786 546
f 549 554 553
f 547 552 551
f 549 552 548
f 553 558 557
f 551 556 555
f 553 556 552
f 557 562 561
f 556 559 555
f 556 561 560
f 562 565 561
f 559 564 563
f 560 565 564
f 565 570 569
f 563 568 567
f 564 569 568
f 569 574 573
f 567 572 571
f 568 573 572
f 574 577 573
f 572 575 571
f 573 576 572
f 577 582 581
f 576 579 575
f 577 580 576
f 582 585 581
f 580 583 579
f 580 585 584
f 586 589 585
f 583 588 587
f 584 589 588
f 590 593 589
f 588 591 587
f 588 593 592
f 594 597 593
f 592 595 591
f 592 597 596
f 598 601 597
f 596 599 595
f 596 601 600
f 601 606 605
f 599 604 603
f 601 604 600
f 605 610 609
f 603 608 607
f 605 608 604
f 609 614 613
f 607 612 611
f 609 612 608
f 613 618 617
f 612 615 611
f 612 617 616
f 617 622 621
f 616 619 615
f 617 620 616
f 621 626 625
f 619 624 623
f 621 624 620
f 626 629 625
f 624 627 623
f 624 629 628
f 629 634 633
f 628 631 627
f 628 633 632
f 633 638 637
f 632 635 631
f 632 637 636
f 638 641 637
f 635 640 639
f 636 641 640
f 642 645 641
f 639 644 643
f 640 645 644
f 646 649 645
f 644 647 643
f 644 649 648
f 650 653 649
f 648 651 647
f 648 653 652
f 654 657 653
f 652 655 651
f 652 657 656
f 658 661 657
f 656 659 655
f 656 661 660
f 662 665 661
f 659 664 663
f 660 665 664
f 666 669 665
f 664 667 663
f 664 669 668
f 670 673 669
f 668 671 667
f 669 672 668
f 674 677 673
f 672 675 671
f 673 676 672
f 678 681 677
f 676 679 675
f 677 680 676
f 682 685 681
f 679 684 683
f 681 684 680
f 686 689 685
f 683 688 687
f 685 688 684
f 689 694 693
f 687 692 691
f 689 692 688
f 693 698 697
f 691 696 695
f 693 696 692
f 698 701 697
f 695 700 699
f 697 700 696
f 702 705 701
f 699 704 703
f 701 704 700
f 706 709 705
f 703 708 707
f 705 708 704
f 710 713 709
f 707 712 711
f 708 713 712
f 714 717 713
f 712 715 711
f 712 717 716
f 718 721 717
f 715 720 719
f 716 721 720
f 721 726 725
f 719 724 723
f 721 724 720
f 725 730 729
f 723 728 727
f 725 728 724
f 729 734 733
f 728 731 727
f 729 732 728
f 733 738 737
f 732 735 731
f 733 736 732
f 737 742 741
f 736 739 735
f 737 740 736
f 741 746 745
f 739 744 743
f 740 745 744
f 745 750 749
f 744 747 743
f 744 749 748
f 749 754 753
f 748 751 747
f 749 752 748
f 753 758 757
f 751 756 755
f 753 756 752
f 758 761 757
f 756 759 755
f 757 760 756
f 762 765 761
f 759 764 763
f 761 764 760
f 765 770 769
f 764 767 763
f 765 768 764
f 769 774 773
f 768 771 767
f 769 772 768
f 773 778 777
f 772 775 771
f 773 776 772
f 777 782 781
f 775 780 779
f 777 780 776
f 543 781 782
f 544 780 781
f 546 780 545
f 789 794 793
f 787 792 791
f 788 793 792
f 794 797 793
f 791 796 795
f 793 796 792
f 797 802 801
f 795 800 799
f 797 800 796
f 801 806 805
f 799 804 803
f 800 805 804
f 806 809 805
f 803 808 807
f 804 809 808
f 809 814 813
f 807 812 811
f 809 812 808
f 813 818 817
f 811 816 815
f 813 816 812
f 817 822 821
f 816 819 815
f 817 820 816
f 821 826 825
f 820 823 819
f 820 825 824
f 825 830 829
f 823 828 827
f 824 829 828
f 829 834 833
f 827 832 831
f 829 832 828
f 833 838 837
f 832 835 831
f 833 836 832
f 837 842 841
f 836 839 835
f 836 841 840
f 842 845 841
f 840 843 839
f 841 844 840
f 845 850 849
f 844 847 843
f 844 849 848
f 849 854 853
f 847 852 851
f 849 852 848
f 853 858 857
f 852 855 851
f 853 856 852
f 857 862 861
f 856 859 855
f 857 860 856
f 862 865 861
f 859 864 863
f 860 865 864
f 866 869 865
f 863 868 867
f 864 869 868
f 870 873 869
f 867 872 871
f 869 872 868
f 874 877 873
f 871 876 875
f 873 876 872
f 878 881 877
f 876 879 875
f 876 881 880
f 882 885 881
f 879 884 883
f 880 885 884
f 885 890 889
f 883 888 887
f 885 888 884
f 889 894 893
f 888 891 887
f 889 892 888
f 893 898 897
f 892 895 891
f 893 896 892
f 897 902 901
f 896 899 895
f 897 900 896
f 901 906 905
f 900 903 899
f 901 904 900
f 906 909 905
f 903 908 907
f 905 908 904
f 910 913 909
f 907 912 911
f 908 913 912
f 913 918 917
f 911 916 915
f 913 916 912
f 917 922 921
f 915 920 919
f 917 920 916
f 922 925 921
f 920 923 919
f 920 925 924
f 926 929 925
f 923 928 927
f 924 929 928
f 929 934 933
f 928 931 927
f 929 932 928
f 933 938 937
f 932 935 931
f 933 936 932
f 938 941 937
f 935 940 939
f 937 940 936
f 942 945 941
f 939 944 943
f 940 945 944
f 945 950 949
f 943 948 947
f 945 948 944
f 949 954 953
f 947 952 951
f 949 952 948
f 953 958 957
f 952 955 951
f 952 957 956
f 958 961 957
f 955 960 959
f 956 961 960
f 962 965 961
f 960 963 959
f 961 964 960
f 966 969 965
f 964 967 963
f 965 968 964
f 969 974 973
f 968 971 967
f 969 972 968
f 973 978 977
f 971 976 975
f 973 976 972
f 977 982 981
f 976 979 975
f 977 980 976
f 981 986 985
f 980 983 979
f 981 984 980
f 986 989 985
f 984 987 983
f 984 989 988
f 990 993 989
f 988 991 987
f 988 993 992
f 993 998 997
f 992 995 991
f 993 996 992
f 997 1002 1001
f 995 1000 999
f 997 1000 996
f 1001 1006 1005
f 999 1004 1003
f 1001 1004 1000
f 1005 1010 1009
f 1003 1008 1007
f 1004 1009 1008
f 1010 1013 1009
f 1007 1012 1011
f 1009 1012 1008
f 1014 1017 1013
f 1012 1015 1011
f 1013 1016 1012
f 1017 1022 1021
f 1016 1019 1015
f 1017 1020 1016
f 783 1021 1022
f 785 1021 784
f 786 1020 785
f 1024 1141 1023
f 1024 1025 1026
f 1025 1028 1026
f 1028 1029 1030
f 1029 1032 1030
f 1032 1033 1034
f 1034 1035 1036
f 1035 1038 1036
f 1038 1039 1040
f 1040 1041 1042
f 1042 1043 1044
f 1044 1045 1046
f 1046 1047 1048
f 1048 1049 1050
f 1050 1051 1052
f 1051 1054 1052
f 1054 1055 1056
f 1055 1058 1056
f 1058 1059 1060
f 1059 1062 1060
f 1062 1063 1064
f 1064 1065 1066
f 1065 1068 1066
f 1067 1070 1068
f 1069 1072 1070
f 1072 1073 1074
f 1073 1076 1074
f 1076 1077 1078
f 1077 1080 1078
f 1080 1081 1082
f 1081 1084 1082
f 1083 1086 1084
f 1085 1088 1086
f 1087 1090 1088
f 1089 1092 1090
f 1091 1094 1092
f 1094 1095 1096
f 1096 1097 1098
f 1098 1099 1100
f 1099 1102 1100
f 1101 1104 1102
f 1103 1106 1104
f 1105 1108 1106
f 1107 1110 1108
f 1110 1111 1112
f 1112 1113 1114
f 1114 1115 1116
f 1115 1118 1116
f 1117 1120 1118
f 1119 1122 1120
f 1121 1124 1122
f 1123 1126 1124
f 1125 1128 1126
f 1128 1129 1130
f 1130 1131 1132
f 1131 1134 1132
f 1133 1136 1134
f 1135 1138 1136
f 1137 1140 1138
f 1139 1142 1140
f 1144 1262 1143
f 1143 1145 1144
f 1146 1147 1145
f 1147 1150 1149
f 1150 1151 1149
f 1152 1153 1151
f 1154 1155 1153
f 1155 1158 1157
f 1157 1160 1159
f 1160 1161 1159
f 1161 1164 1163
f 1163 1166 1165
f 1166 1167 1165
f 1167 1170 1169
f 1170 1171 1169
f 1172 1173 1171
f 1173 1176 1175
f 1175 1178 1177
f 1178 1179 1177
f 1179 1182 1181
f 1181 1184 1183
f 1184 1185 1183
f 1186 1187 1185
f 1187 1190 1189
f 1190 1191 1189
f 1192 1193 1191
f 1193 1196 1195
f 1196 1197 1195
f 1197 1200 1199
f 1200 1201 1199
f 1202 1203 1201
f 1204 1205 1203
f 1205 1208 1207
f 1208 1209 1207
f 1210 1211 1209
f 1211 1214 1213
f 1213 1216 1215
f 1216 1217 1215
f 1217 1220 1219
f 1220 1221 1219
f 1222 1223 1221
f 1223 1226 1225
f 1226 1227 1225
f 1228 1229 1227
f 1230 1231 1229
f 1232 1233 1231
f 1234 1235 1233
f 1235 1238 1237
f 1238 1239 1237
f 1239 1242 1241
f 1242 1243 1241
f 1244 1245 1243
f 1245 1248 1247
f 1248 1249 1247
f 1250 1251 1249
f 1251 1254 1253
f 1254 1255 1253
f 1255 1258 1257
f 1258 1259 1257
f 1260 1261 1259
f 1023 3 1025
f 1027 3 4
f 1027 5 1029
f 1031 5 6
f 1031 7 1033
f 1035 7 8
f 1037 8 9
f 1039 9 10
f 1041 10 11
f 1041 12 1043
f 1043 13 1045
f 1047 13 14
f 1049 14 15
f 1049 16 1051
f 1053 16 17
f 1053 18 1055
f 1057 18 19
f 1057 20 1059
f 1059 21 1061
f 1061 22 1063
f 1065 22 23
f 1067 23 24
f 1069 24 25
f 1071 25 26
f 1073 26 27
f 1075 27 28
f 1075 29 1077
f 1079 29 30
f 1079 31 1081
f 1081 32 1083
f 1083 33 1085
f 1087 33 34
f 1087 35 1089
f 1089 36 1091
f 1091 37 1093
f 1095 37 38
f 1097 38 39
f 1099 39 40
f 1101 40 41
f 1101 42 1103
f 1105 42 43
f 1105 44 1107
f 1109 44 45
f 1109 46 1111
f 1111 47 1113
f 1115 47 48
f 1115 49 1117
f 1117 50 1119
f 1121 50 51
f 1123 51 52
f 1125 52 53
f 1127 53 54
f 1129 54 55
f 1129 56 1131
f 1133 56 57
f 1135 57 58
f 1137 58 59
f 1137 60 1139
f 1139 61 1141
f 1023 61 2
f 1143 1142 1146
f 1146 1024 1148
f 1148 1026 1150
f 1152 1026 1028
f 1154 1028 1030
f 1156 1030 1032
f 1156 1034 1158
f 1158 1036 1160
f 1162 1036 1038
f 1164 1038 1040
f 1166 1040 1042
f 1168 1042 1044
f 1168 1046 1170
f 1172 1046 1048
f 1174 1048 1050
f 1174 1052 1176
f 1178 1052 1054
f 1178 1056 1180
f 1182 1056 1058
f 1182 1060 1184
f 1184 1062 1186
f 1186 1064 1188
f 1188 1066 1190
f 1192 1066 1068
f 1192 1070 1194
f 1194 1072 1196
f 1196 1074 1198
f 1198 1076 1200
f 1202 1076 1078
f 1204 1078 1080
f 1206 1080 1082
f 1206 1084 1208
f 1210 1084 1086
f 1212 1086 1088
f 1212 1090 1214
f 1214 1092 1216
f 1216 1094 1218
f 1218 1096 1220
f 1220 1098 1222
f 1222 1100 1224
f 1224 1102 1226
f 1228 1102 1104
f 1230 1104 1106
f 1232 1106 1108
f 1234 1108 1110
f 1234 1112 1236
f 1236 1114 1238
f 1238 1116 1240
f 1242 1116 1118
f 1244 1118 1120
f 1246 1120 1122
f 1248 1122 1124
f 1250 1124 1126
f 1252 1126 1128
f 1252 1130 1254
f 1256 1130 1132
f 1258 1132 1134
f 1260 1134 1136
f 1262 1136 1138
f 1143 1138 1140
f 1268 1263 1
f 1273 1268 1
f 1278 1273 1
f 1283 1278 1
f 1288 1283 1
f 1293 1288 1
f 1298 1293 1
f 1303 1298 1
f 1308 1303 1
f 1313 1308 1
f 1318 1313 1
f 1323 1318 1
f 1328 1323 1
f 1333 1328 1
f 1338 1333 1
f 1343 1338 1
f 1348 1343 1
f 1353 1348 1
f 1358 1353 1
f 1363 1358 1
f 1368 1363 1
f 1373 1368 1
f 1378 1373 1
f 1383 1378 1
f 1388 1383 1
f 1393 1388 1
f 1398 1393 1
f 1403 1398 1
f 1408 1403 1
f 1413 1408 1
f 1418 1413 1
f 1423 1418 1
f 1428 1423 1
f 1433 1428 1
f 1438 1433 1
f 1443 1438 1
f 1448 1443 1
f 1453 1448 1
f 1458 1453 1
f 1463 1458 1
f 1468 1463 1
f 1473 1468 1
f 1478 1473 1
f 1483 1478 1
f 1488 1483 1
f 1493 1488 1
f 1498 1493 1
f 1503 1498 1
f 1508 1503 1
f 1513 1508 1
f 1518 1513 1
f 1523 1518 1
f 1528 1523 1
f 1533 1528 1
f 1538 1533 1
f 1543 1538 1
f 1548 1543 1
f 1553 1548 1
f 1558 1553 1
f 1263 1558 1
f 1267 1145 1147
f 1272 1144 1145
f 1282 1144 1277
f 1282 1259 1261
f 1287 1257 1259
f 1292 1255 1257
f 1297 1253 1255
f 1307 1253 1302
f 1307 1249 1251
f 1312 1247 1249
f 1322 1247 1317
f 1327 1245 1322
f 1327 1241 1243
f 1337 1241 1332
f 1337 1237 1239
f 1347 1237 1342
f 1347 1233 1235
f 1352 1231 1233
f 1357 1229 1231
f 1367 1229 1362
f 1372 1227 1367
f 1377 1225 1372
f 1382 1223 1377
f 1382 1219 1221
f 1392 1219 1387
f 1392 1215 1217
f 1402 1215 1397
f 1407 1213 1402
f 1412 1211 1407
f 1412 1207 1209
f 1422 1207 1417
f 1422 1203 1205
f 1432 1203 1427
f 1432 1199 1201
f 1442 1199 1437
f 1447 1197 1442
f 1452 1195 1447
f 1452 1191 1193
f 1457 1189 1191
f 1467 1189 1462
f 1467 1185 1187
f 1477 1185 1472
f 1477 1181 1183
f 1487 1181 1482
f 1487 1177 1179
f 1497 1177 1492
f 1497 1173 1175
f 1507 1173 1502
f 1507 1169 1171
f 1517 1169 1512
f 1517 1165 1167
f 1522 1163 1165
f 1532 1163 1527
f 1532 1159 1161
f 1542 1159 1537
f 1542 1155 1157
f 1552 1155 1547
f 1552 1151 1153
f 1557 1149 1151
f 1267 1149 1562
f 1266 1562 1561
f 1265 1561 1560
f 1263 1559 1558
f 1264 1560 1559
f 1267 1271 1272
f 1266 1270 1271
f 1265 1269 1270
f 1263 1269 1264
f 1271 1277 1272
f 1270 1276 1271
f 1269 1275 1270
f 1268 1274 1269
f 1277 1281 1282
f 1276 1280 1281
f 1275 1279 1280
f 1274 1278 1279
f 1281 1287 1282
f 1280 1286 1281
f 1279 1285 1280
f 1278 1284 1279
f 1287 1291 1292
f 1286 1290 1291
f 1285 1289 1290
f 1284 1288 1289
f 1291 1297 1292
f 1290 1296 1291
f 1289 1295 1290
f 1288 1294 1289
f 1296 1302 1297
f 1296 1300 1301
f 1294 1300 1295
f 1294 1298 1299
f 1301 1307 1302
f 1301 1305 1306
f 1299 1305 1300
f 1299 1303 1304
f 1306 1312 1307
f 1305 1311 1306
f 1304 1310 1305
f 1303 1309 1304
f 1311 1317 1312
f 1310 1316 1311
f 1310 1314 1315
f 1309 1313 1314
f 1316 1322 1317
f 1315 1321 1316
f 1314 1320 1315
f 1313 1319 1314
f 1322 1326 1327
f 1321 1325 1326
f 1320 1324 1325
f 1318 1324 1319
f 1326 1332 1327
f 1326 1330 1331
f 1325 1329 1330
f 1324 1328 1329
f 1331 1337 1332
f 1330 1336 1331
f 1329 1335 1330
f 1328 1334 1329
f 1337 1341 1342
f 1336 1340 1341
f 1335 1339 1340
f 1334 1338 1339
f 1342 1346 1347
f 1340 1346 1341
f 1339 1345 1340
f 1338 1344 1339
f 1346 1352 1347
f 1345 1351 1346
f 1344 1350 1345
f 1344 1348 1349
f 1352 1356 1357
f 1351 1355 1356
f 1350 1354 1355
f 1349 1353 1354
f 1356 1362 1357
f 1355 1361 1356
f 1354 1360 1355
f 1353 1359 1354
f 1362 1366 1367
f 1361 1365 1366
f 1360 1364 1365
f 1359 1363 1364
f 1366 1372 1367
f 1365 1371 1366
f 1364 1370 1365
f 1363 1369 1364
f 1371 1377 1372
f 1371 1375 1376
f 1370 1374 1375
f 1369 1373 1374
f 1377 1381 1382
f 1375 1381 1376
f 1375 1379 1380
f 1374 1378 1379
f 1381 1387 1382
f 1380 1386 1381
f 1379 1385 1380
f 1378 1384 1379
f 1387 1391 1392
f 1386 1390 1391
f 1385 1389 1390
f 1384 1388 1389
f 1391 1397 1392
f 1390 1396 1391
f 1389 1395 1390
f 1388 1394 1389
f 1397 1401 1402
f 1396 1400 1401
f 1395 1399 1400
f 1394 1398 1399
f 1401 1407 1402
f 1400 1406 1401
f 1399 1405 1400
f 1398 1404 1399
f 1407 1411 1412
f 1406 1410 1411
f 1405 1409 1410
f 1404 1408 1409
f 1411 1417 1412
f 1410 1416 1411
f 1409 1415 1410
f 1408 1414 1409
f 1417 1421 1422
f 1416 1420 1421
f 1415 1419 1420
f 1414 1418 1419
f 1421 1427 1422
f 1420 1426 1421
f 1419 1425 1420
f 1418 1424 1419
f 1427 1431 1432
f 1426 1430 1431
f 1425 1429 1430
f 1424 1428 1429
f 1431 1437 1432
f 1430 1436 1431
f 1429 1435 1430
f 1428 1434 1429
f 1437 1441 1442
f 1436 1440 1441
f 1435 1439 1440
f 1434 1438 1439
f 1441 1447 1442
f 1440 1446 1441
f 1439 1445 1440
f 1438 1444 1439
f 1447 1451 1452
f 1446 1450 1451
f 1445 1449 1450
f 1444 1448 1449
f 1452 1456 1457
f 1451 1455 1456
f 1450 1454 1455
f 1449 1453 1454
f 1456 1462 1457
f 1456 1460 1461
f 1454 1460 1455
f 1453 1459 1454
f 1462 1466 1467
f 1461 1465 1466
f 1460 1464 1465
f 1459 1463 1464
f 1466 1472 1467
f 1465 1471 1466
f 1464 1470 1465
f 1463 1469 1464
f 1472 1476 1477
f 1471 1475 1476
f 1470 1474 1475
f 1469 1473 1474
f 1476 1482 1477
f 1475 1481 1476
f 1474 1480 1475
f 1473 1479 1474
f 1482 1486 1487
f 1480 1486 1481
f 1479 1485 1480
f 1479 1483 1484
f 1487 1491 1492
f 1486 1490 1491
f 1485 1489 1490
f 1483 1489 1484
f 1492 1496 1497
f 1491 1495 1496
f 1490 1494 1495
f 1489 1493 1494
f 1496 1502 1497
f 1495 1501 1496
f 1494 1500 1495
f 1493 1499 1494
f 1502 1506 1507
f 1501 1505 1506
f 1500 1504 1505
f 1499 1503 1504
f 1506 1512 1507
f 1505 1511 1506
f 1504 1510 1505
f 1503 1509 1504
f 1512 1516 1517
f 1511 1515 1516
f 1510 1514 1515
f 1509 1513 1514
f 1516 1522 1517
f 1515 1521 1516
f 1514 1520 1515
f 1513 1519 1514
f 1521 1527 1522
f 1520 1526 1521
f 1520 1524 1525
f 1519 1523 1524
f 1526 1532 1527
f 1526 1530 1531
f 1525 1529 1530
f 1524 1528 1529
f 1531 1537 1532
f 1530 1536 1531
f 1529 1535 1530
f 1528 1534 1529
f 1537 1541 1542
f 1536 1540 1541
f 1535 1539 1540
f 1534 1538 1539
f 1541 1547 1542
f 1540 1546 1541
f 1539 1545 1540
f 1538 1544 1539
f 1547 1551 1552
f 1546 1550 1551
f 1545 1549 1550
f 1544 1548 1549
f 1551 1557 1552
f 1550 1556 1551
f 1549 1555 1550
f 1548 1554 1549
f 1557 1561 1562
f 1555 1561 1556
f 1554 1560 1555
f 1553 1559 1554
f 1563 1565 1564
f 1564 1565 1566
f 1565 1567 1566
f 1566 1567 1568
f 1567 1569 1568
f 1568 1569 1570
f 1569 1571 1570
f 1570 1571 1572
f 1571 1573 1572
f 1572 1573 1574
f 1573 1575 1574
f 1574 1575 1576
f 1575 1577 1576
f 1576 1577 1578
f 1577 1579 1578
f 1578 1579 1580
f 1579 1581 1580
f 1580 1581 1582
f 1581 1583 1582
f 1582 1583 1584
f 1583 1585 1584
f 1564 1586 1563
f 1563 1586 1587
f 1586 1588 1587
f 1587 1588 1589
f 1588 1590 1589
f 1590 1591 1589
f 1589 1591 1592
f 1591 1593 1592
f 1592 1593 1594
f 1593 1595 1594
f 1594 1595 1596
f 1596 1595 1597
f 1595 1598 1597
f 1597 1598 1599
f 1598 1600 1599
f 1599 1600 1601
f 1600 1602 1601
f 1601 1602 1603
f 1602 1604 1603
f 1603 1604 1605
f 1604 1606 1605
f 1605 1606 1607
f 1606 1608 1607
f 1609 1613 1610
f 1610 1613 1614
f 1613 1584 1614
f 1614 1584 1585
f 1612 1611 1615
f 1611 1616 1615
f 1615 1616 1608
f 1616 1607 1608
f 1617 1618 1619
f 1619 1618 1620
f 1620 1618 1621
f 1621 1618 1622
f 1618 1623 1622
f 1622 1623 1624
f 1623 1625 1624
f 1624 1625 1564
f 1564 1625 1586
f 1586 1625 1588
f 1625 1626 1588
f 1588 1626 1590
f 1626 1627 1590
f 1590 1627 1591
f 1627 1628 1591
f 1591 1628 1593
f 1618 1617 1623
f 1623 1617 1626
f 1626 1617 1627
f 1617 1629 1627
f 1627 1629 1628
f 1626 1625 1623
f 1617 1619 1629
f 1629 1619 1630
f 1630 1619 1631
f 1619 1620 1631
f 1631 1620 1632
f 1620 1633 1632
f 1632 1633 1634
f 1633 1635 1634
f 1634 1635 1636
f 1620 1621 1633
f 1633 1621 1637
f 1637 1621 1638
f 1621 1622 1638
f 1638 1622 1639
f 1622 1624 1639
f 1639 1624 1566
f 1624 1564 1566
f 1633 1637 1635
f 1566 1568 1639
f 1639 1568 1640
f 1568 1570 1640
f 1640 1570 1641
f 1570 1572 1641
f 1572 1574 1641
f 1641 1574 1642
f 1574 1576 1642
f 1642 1576 1643
f 1576 1578 1643
f 1643 1578 1644
f 1578 1580 1644
f 1580 1582 1644
f 1644 1582 1645
f 1582 1584 1645
f 1584 1613 1645
f 1645 1613 1646
f 1613 1609 1646
f 1646 1609 1647
f 1647 1636 1646
f 1636 1648 1646
f 1646 1648 1645
f 1645 1648 1644
f 1644 1648 1643
f 1648 1649 1643
f 1643 1649 1642
f 1649 1650 1642
f 1642 1650 1641
f 1641 1650 1640
f 1650 1638 1640
f 1640 1638 1639
f 1638 1650 1637
f 1650 1649 1637
f 1637 1649 1635
f 1649 1648 1635
f 1635 1648 1636
f 1632 1651 1631
f 1631 1651 1652
f 1651 1653 1652
f 1631 1652 1630
f 1652 1654 1630
f 1654 1655 1630
f 1630 1655 1629
f 1629 1655 1628
f 1655 1656 1628
f 1628 1656 1593
f 1593 1656 1595
f 1595 1656 1598
f 1656 1657 1598
f 1598 1657 1600
f 1657 1658 1600
f 1600 1658 1602
f 1658 1659 1602
f 1602 1659 1604
f 1604 1659 1606
f 1659 1660 1606
f 1606 1660 1608
f 1608 1660 1615
f 1660 1661 1615
f 1615 1661 1612
f 1661 1662 1612
f 1662 1661 1653
f 1653 1661 1663
f 1661 1660 1663
f 1660 1659 1663
f 1659 1658 1663
f 1663 1658 1654
f 1658 1657 1654
f 1654 1657 1655
f 1657 1656 1655
f 1654 1652 1663
f 1652 1653 1663
f 1664 1665 1666
f 1665 1667 1666
f 1666 1667 1668
f 1667 1669 1668
f 1668 1669 1670
f 1669 1671 1670
f 1664 1672 1665
f 1665 1672 1673
f 1672 1674 1673
f 1673 1674 1675
f 1674 1676 1675
f 1675 1676 1677
f 1676 1678 1677
f 1677 1678 1679
f 1678 1680 1679
f 1679 1680 1681
f 1680 1682 1681
f 1681 1683 1679
f 1679 1683 1677
f 1683 1684 1677
f 1677 1684 1675
f 1684 1685 1675
f 1675 1685 1673
f 1685 1686 1673
f 1673 1686 1665
f 1686 1687 1665
f 1665 1687 1667
f 1687 1688 1667
f 1667 1688 1669
f 1688 1689 1669
f 1669 1689 1671
f 1671 1689 1690
f 1690 1689 1691
f 1691 1689 1692
f 1689 1688 1692
f 1692 1688 1693
f 1688 1687 1693
f 1693 1687 1694
f 1687 1686 1694
f 1694 1686 1695
f 1686 1685 1695
f 1695 1685 1696
f 1685 1684 1696
f 1696 1684 1697
f 1684 1683 1697
f 1697 1683 1698
f 1683 1681 1698
f 1698 1681 1699
f 1681 1682 1699
f 1682 1700 1699
f 1699 1700 1701
f 1701 1700 1702
f 1700 1703 1702
f 1703 1704 1702
f 1702 1704 1705
f 1704 1706 1705
f 1705 1706 1707
f 1706 1708 1707
f 1707 1708 1709
f 1708 1710 1709
f 1709 1710 1711
f 1711 1710 1712
f 1710 1713 1712
f 1712 1713 1714
f 1713 1715 1714
f 1714 1715 1716
f 1715 1717 1716
f 1717 1718 1716
f 1716 1718 1719
f 1718 1720 1719
f 1719 1720 1721
f 1720 1722 1721
f 1721 1722 1723
f 1723 1722 1724
f 1722 1725 1724
f 1724 1725 1726
f 1725 1727 1726
f 1726 1727 1728
f 1727 1729 1728
f 1728 1729 1730
f 1729 1731 1730
f 1730 1731 1732
f 1731 1733 1732
f 1732 1733 1734
f 1733 1735 1734
f 1734 1735 1736
f 1735 1737 1736
f 1737 1738 1736
f 1738 1739 1736
f 1736 1739 1740
f 1739 1741 1740
f 1740 1741 1742
f 1741 1743 1742
f 1697 1698 1744
f 1736 1740 1734
f 1734 1740 1745
f 1740 1742 1745
f 1734 1745 1732
f 1745 1746 1732
f 1732 1746 1730
f 1746 1747 1730
f 1730 1747 1728
f 1747 1748 1728
f 1728 1748 1726
f 1748 1749 1726
f 1726 1749 1724
f 1749 1750 1724
f 1724 1750 1723
f 1750 1751 1723
f 1751 1752 1723
f 1723 1752 1721
f 1752 1753 1721
f 1721 1753 1719
f 1753 1754 1719
f 1719 1754 1716
f 1754 1755 1716
f 1716 1755 1714
f 1755 1756 1714
f 1714 1756 1712
f 1756 1757 1712
f 1712 1757 1711
f 1757 1758 1711
f 1711 1758 1709
f 1758 1759 1709
f 1709 1759 1707
f 1759 1760 1707
f 1707 1760 1705
f 1760 1761 1705
f 1705 1761 1702
f 1702 1761 1701
f 1761 1762 1701
f 1701 1762 1763
f 1762 1764 1763
f 1764 1744 1763
f 1744 1698 1763
f 1698 1699 1763
f 1763 1699 1701
f 1764 1762 1765
f 1762 1761 1765
f 1765 1761 1766
f 1766 1761 1767
f 1761 1760 1767
f 1760 1759 1767
f 1767 1759 1768
f 1759 1758 1768
f 1768 1758 1769
f 1758 1757 1769
f 1769 1757 1770
f 1757 1756 1770
f 1770 1756 1771
f 1756 1755 1771
f 1771 1755 1772
f 1755 1754 1772
f 1772 1754 1773
f 1754 1753 1773
f 1773 1753 1774
f 1753 1752 1774
f 1774 1752 1775
f 1752 1751 1775
f 1775 1751 1776
f 1776 1751 1777
f 1751 1750 1777
f 1777 1750 1778
f 1750 1749 1778
f 1778 1749 1779
f 1749 1748 1779
f 1779 1748 1780
f 1748 1747 1780
f 1780 1747 1781
f 1747 1746 1781
f 1781 1746 1782
f 1746 1745 1782
f 1782 1745 1742
f 1690 1691 1783
f 1783 1691 1784
f 1690 1783 1785
f 1783 1786 1785
f 1785 1786 1787
f 1786 1788 1787
f 1788 1789 1787
f 1787 1789 1790
f 1790 1789 1791
f 1789 1792 1791
f 1791 1792 1793
f 1792 1794 1793
f 1793 1794 1795
f 1794 1782 1795
f 1782 1742 1795
f 1795 1742 1796
f 1742 1743 1796
f 1793 1795 1797
f 1795 1796 1797
f 1797 1796 1798
f 1782 1794 1781
f 1794 1792 1781
f 1781 1792 1780
f 1792 1789 1780
f 1780 1789 1779
f 1789 1788 1779
f 1779 1788 1778
f 1788 1786 1778
f 1778 1786 1777
f 1786 1783 1777
f 1777 1783 1776
f 1783 1784 1776
f 1776 1784 1799
f 1784 1692 1799
f 1799 1692 1800
f 1800 1692 1801
f 1692 1693 1801
f 1801 1693 1802
f 1693 1694 1802
f 1802 1694 1803
f 1694 1695 1803
f 1803 1695 1696
f 1696 1697 1804
f 1804 1697 1805
f 1697 1744 1805
f 1805 1744 1806
f 1744 1764 1806
f 1806 1764 1807
f 1764 1765 1807
f 1765 1766 1807
f 1807 1766 1768
f 1766 1767 1768
f 1776 1799 1775
f 1784 1691 1692
f 1806 1807 1808
f 1808 1807 1809
f 1807 1768 1809
f 1809 1768 1810
f 1768 1769 1810
f 1810 1769 1811
f 1769 1770 1811
f 1811 1770 1771
f 1771 1772 1812
f 1812 1772 1813
f 1772 1773 1813
f 1813 1773 1814
f 1773 1774 1814
f 1814 1774 1815
f 1774 1775 1815
f 1815 1775 1816
f 1775 1799 1816
f 1816 1799 1800
f 1722 1720 1817
f 1720 1818 1817
f 1817 1818 1668
f 1818 1666 1668
f 1668 1819 1817
f 1819 1820 1817
f 1817 1820 1725
f 1725 1820 1727
f 1727 1820 1821
f 1820 1819 1821
f 1819 1822 1821
f 1821 1822 1823
f 1822 1824 1823
f 1823 1824 1825
f 1824 1826 1825
f 1825 1826 1827
f 1826 1828 1827
f 1827 1828 1829
f 1828 1830 1829
f 1829 1830 1831
f 1830 1832 1831
f 1831 1832 1833
f 1832 1834 1833
f 1725 1722 1817
f 1738 1737 1833
f 1833 1737 1831
f 1737 1735 1831
f 1831 1735 1829
f 1829 1735 1827
f 1735 1733 1827
f 1827 1733 1825
f 1733 1731 1825
f 1825 1731 1823
f 1731 1729 1823
f 1823 1729 1821
f 1729 1727 1821
f 1690 1785 1671
f 1785 1835 1671
f 1671 1835 1670
f 1835 1836 1670
f 1670 1836 1819
f 1819 1836 1822
f 1836 1837 1822
f 1822 1837 1824
f 1785 1787 1835
f 1835 1787 1838
f 1787 1790 1838
f 1838 1790 1839
f 1790 1791 1839
f 1839 1791 1840
f 1791 1793 1840
f 1835 1838 1836
f 1836 1838 1837
f 1838 1839 1837
f 1837 1839 1841
f 1839 1840 1841
f 1841 1840 1842
f 1842 1840 1843
f 1840 1793 1843
f 1793 1797 1843
f 1843 1797 1844
f 1797 1845 1844
f 1845 1846 1844
f 1844 1846 1847
f 1846 1834 1847
f 1834 1832 1847
f 1832 1830 1847
f 1830 1848 1847
f 1847 1848 1844
f 1844 1848 1843
f 1843 1848 1842
f 1848 1828 1842
f 1828 1826 1842
f 1842 1826 1841
f 1826 1824 1841
f 1841 1824 1837
f 1670 1819 1668
f 1797 1798 1845
f 1848 1830 1828
f 1700 1682 1703
f 1682 1849 1703
f 1703 1849 1704
f 1704 1849 1706
f 1849 1682 1850
f 1850 1682 1851
f 1682 1680 1851
f 1851 1680 1852
f 1680 1678 1852
f 1852 1678 1853
f 1678 1676 1853
f 1853 1676 1854
f 1676 1674 1854
f 1854 1674 1855
f 1674 1672 1855
f 1855 1672 1856
f 1672 1664 1856
f 1856 1664 1857
f 1664 1666 1857
f 1857 1666 1858
f 1666 1818 1858
f 1858 1818 1859
f 1818 1720 1859
f 1859 1720 1860
f 1720 1718 1860
f 1860 1718 1861
f 1718 1717 1861
f 1861 1717 1862
f 1717 1715 1862
f 1862 1715 1863
f 1715 1713 1863
f 1863 1713 1864
f 1713 1710 1864
f 1864 1710 1865
f 1710 1708 1865
f 1865 1708 1866
f 1708 1706 1866
f 1866 1706 1849
f 1867 1869 1868
f 1869 1870 1868
f 1868 1870 1871
f 1870 1872 1871
f 1869 1867 1873
f 1867 1874 1873
f 1873 1874 1875
f 1874 1876 1875
f 1875 1876 1877
f 1876 1878 1877
f 1877 1878 1879
f 1878 1880 1879
f 1879 1880 1881
f 1880 1882 1881
f 1881 1882 1883
f 1882 1884 1883
f 1883 1884 1885
f 1884 1886 1885
f 1885 1886 1887
f 1886 1888 1887
f 1887 1888 1889
f 1888 1890 1889
f 1889 1890 1891
f 1890 1892 1891
f 1891 1892 1893
f 1892 1894 1893
f 1893 1894 1895
f 1894 1896 1895
f 1895 1896 1897
f 1896 1898 1897
f 1897 1898 1899
f 1898 1900 1899
f 1899 1900 1901
f 1900 1902 1901
f 1901 1902 1872
f 1902 1871 1872
f 1902 1815 1871
f 1815 1816 1871
f 1871 1816 1868
f 1816 1800 1868
f 1868 1800 1867
f 1800 1801 1867
f 1867 1801 1874
f 1801 1802 1874
f 1874 1802 1876
f 1802 1803 1876
f 1876 1803 1878
f 1803 1696 1878
f 1878 1696 1880
f 1696 1804 1880
f 1880 1804 1882
f 1815 1902 1814
f 1902 1900 1814
f 1814 1900 1813
f 1900 1898 1813
f 1813 1898 1812
f 1898 1896 1812
f 1812 1896 1771
f 1896 1894 1771
f 1771 1894 1811
f 1894 1892 1811
f 1811 1892 1810
f 1892 1890 1810
f 1810 1890 1809
f 1890 1888 1809
f 1809 1888 1808
f 1888 1886 1808
f 1808 1886 1806
f 1886 1884 1806
f 1806 1884 1805
f 1884 1882 1805
f 1805 1882 1804
f 1873 1857 1869
f 1857 1858 1869
f 1869 1858 1870
f 1858 1859 1870
f 1870 1859 1872
f 1859 1860 1872
f 1872 1860 1901
f 1860 1861 1901
f 1901 1861 1899
f 1861 1862 1899
f 1899 1862 1897
f 1862 1863 1897
f 1897 1863 1895
f 1863 1864 1895
f 1895 1864 1893
f 1864 1865 1893
f 1893 1865 1891
f 1865 1866 1891
f 1891 1866 1889
f 1866 1849 1889
f 1889 1849 1887
f 1849 1850 1887
f 1887 1850 1885
f 1850 1851 1885
f 1885 1851 1883
f 1851 1852 1883
f 1883 1852 1881
f 1852 1853 1881
f 1881 1853 1879
f 1853 1854 1879
f 1879 1854 1877
f 1854 1855 1877
f 1877 1855 1875
f 1855 1856 1875
f 1875 1856 1873
f 1856 1857 1873
f 1634 1904 1632
f 1636 1903 1634
f 1609 1906 1647
f 1636 1906 1905
f 1651 1904 1907
f 1653 1907 1908
f 1612 1909 1611
f 1653 1909 1662
f 126 125 123
f 127 128 126
f 130 128 127
f 131 132 130
f 134 132 131
f 135 136 134
f 138 136 135
f 139 140 138
f 141 142 140
f 144 142 141
f 146 144 143
f 148 146 145
f 149 150 148
f 152 150 149
f 154 152 151
f 156 154 153
f 158 156 155
f 159 160 158
f 162 160 159
f 164 162 161
f 165 166 164
f 167 168 166
f 169 170 168
f 171 172 170
f 174 172 171
f 176 174 173
f 178 176 175
f 179 180 178
f 182 180 179
f 184 182 181
f 186 184 183
f 187 188 186
f 189 190 188
f 191 192 190
f 194 192 191
f 195 196 194
f 198 196 195
f 199 200 198
f 201 202 200
f 203 204 202
f 205 206 204
f 207 208 206
f 209 210 208
f 212 210 209
f 214 212 211
f 216 214 213
f 217 218 216
f 219 220 218
f 222 220 219
f 223 224 222
f 225 226 224
f 227 228 226
f 230 228 227
f 232 230 229
f 233 234 232
f 235 236 234
f 237 238 236
f 240 238 237
f 242 240 239
f 123 125 242
f 62 241 239
f 123 241 62
f 124 123 63
f 120 127 124
f 119 129 127
f 118 131 129
f 117 133 131
f 135 133 117
f 115 137 135
f 139 137 115
f 141 139 114
f 112 143 141
f 145 143 112
f 147 145 111
f 149 147 110
f 151 149 109
f 153 151 108
f 106 155 153
f 157 155 106
f 104 159 157
f 161 159 104
f 163 161 103
f 165 163 102
f 167 165 101
f 169 167 100
f 171 169 99
f 173 171 98
f 175 173 97
f 95 177 175
f 94 179 177
f 181 179 94
f 183 181 93
f 91 185 183
f 90 187 185
f 89 189 187
f 191 189 89
f 193 191 88
f 195 193 87
f 197 195 86
f 84 199 197
f 201 199 84
f 82 203 201
f 81 205 203
f 207 205 81
f 79 209 207
f 78 211 209
f 213 211 78
f 76 215 213
f 217 215 76
f 74 219 217
f 73 221 219
f 72 223 221
f 71 225 223
f 227 225 71
f 229 227 70
f 68 231 229
f 67 233 231
f 66 235 233
f 65 237 235
f 239 237 65
f 63 62 248
f 248 62 64
f 64 65 258
f 258 65 66
f 263 66 67
f 67 68 273
f 68 69 278
f 278 69 70
f 283 70 71
f 71 72 293
f 293 72 73
f 73 74 303
f 303 74 75
f 75 76 313
f 76 77 318
f 77 78 323
f 323 78 79
f 79 80 333
f 333 80 81
f 81 82 343
f 343 82 83
f 83 84 353
f 353 84 85
f 358 85 86
f 86 87 368
f 368 87 88
f 88 89 378
f 378 89 90
f 90 91 388
f 388 91 92
f 92 93 398
f 398 93 94
f 94 95 408
f 408 95 96
f 96 97 418
f 418 97 98
f 98 99 428
f 428 99 100
f 433 100 101
f 101 102 443
f 443 102 103
f 103 104 453
f 453 104 105
f 458 105 106
f 463 106 107
f 107 108 473
f 473 108 109
f 109 110 483
f 483 110 111
f 111 112 493
f 493 112 113
f 113 114 503
f 114 115 508
f 508 115 116
f 116 117 518
f 518 117 118
f 118 119 528
f 528 119 120
f 120 121 538
f 121 63 243
f 247 542 541
f 246 541 540
f 244 539 538
f 245 540 539
f 246 251 252
f 245 250 251
f 244 249 250
f 243 248 249
f 252 251 256
f 251 250 255
f 250 249 254
f 249 248 253
f 256 261 262
f 255 260 261
f 255 254 259
f 254 253 258
f 262 261 266
f 261 260 265
f 260 259 264
f 259 258 263
f 266 271 272
f 266 265 270
f 264 269 270
f 263 268 269
f 272 271 276
f 271 270 275
f 270 269 274
f 269 268 273
f 277 276 281
f 276 275 280
f 275 274 279
f 274 273 278
f 281 286 287
f 280 285 286
f 279 284 285
f 278 283 284
f 287 286 291
f 286 285 290
f 285 284 289
f 284 283 288
f 291 296 297
f 290 295 296
f 290 289 294
f 288 293 294
f 297 296 301
f 296 295 300
f 295 294 299
f 294 293 298
f 301 306 307
f 300 305 306
f 299 304 305
f 298 303 304
f 307 306 311
f 306 305 310
f 305 304 309
f 304 303 308
f 312 311 316
f 310 315 316
f 309 314 315
f 308 313 314
f 316 321 322
f 316 315 320
f 315 314 319
f 313 318 319
f 321 326 327
f 320 325 326
f 319 324 325
f 318 323 324
f 327 326 331
f 326 325 330
f 325 324 329
f 324 323 328
f 331 336 337
f 330 335 336
f 329 334 335
f 328 333 334
f 337 336 341
f 336 335 340
f 335 334 339
f 334 333 338
f 341 346 347
f 340 345 346
f 339 344 345
f 338 343 344
f 347 346 351
f 345 350 351
f 344 349 350
f 344 343 348
f 351 356 357
f 351 350 355
f 349 354 355
f 348 353 354
f 356 361 362
f 355 360 361
f 355 354 359
f 354 353 358
f 362 361 366
f 361 360 365
f 360 359 364
f 359 358 363
f 366 371 372
f 365 370 371
f 364 369 370
f 363 368 369
f 372 371 376
f 371 370 375
f 370 369 374
f 369 368 373
f 376 381 382
f 375 380 381
f 374 379 380
f 373 378 379
f 382 381 386
f 381 380 385
f 380 379 384
f 379 378 383
f 386 391 392
f 385 390 391
f 384 389 390
f 383 388 389
f 392 391 396
f 391 390 395
f 390 389 394
f 389 388 393
f 396 401 402
f 395 400 401
f 394 399 400
f 393 398 399
f 402 401 406
f 401 400 405
f 400 399 404
f 399 398 403
f 406 411 412
f 405 410 411
f 404 409 410
f 403 408 409
f 412 411 416
f 411 410 415
f 410 409 414
f 409 408 413
f 416 421 422
f 415 420 421
f 414 419 420
f 413 418 419
f 422 421 426
f 421 420 425
f 420 419 424
f 419 418 423
f 426 431 432
f 425 430 431
f 424 429 430
f 424 423 428
f 431 436 437
f 430 435 436
f 429 434 435
f 428 433 434
f 437 436 441
f 436 435 440
f 435 434 439
f 434 433 438
f 441 446 447
f 440 445 446
f 439 444 445
f 438 443 444
f 447 446 451
f 446 445 450
f 445 444 449
f 444 443 448
f 451 456 457
f 450 455 456
f 449 454 455
f 448 453 454
f 457 456 461
f 456 455 460
f 455 454 459
f 454 453 458
f 461 466 467
f 461 460 465
f 459 464 465
f 459 458 463
f 467 466 471
f 465 470 471
f 464 469 470
f 463 468 469
f 471 476 477
f 470 475 476
f 469 474 475
f 468 473 474
f 477 476 481
f 476 475 480
f 475 474 479
f 474 473 478
f 481 486 487
f 480 485 486
f 479 484 485
f 478 483 484
f 487 486 491
f 486 485 490
f 485 484 489
f 484 483 488
f 491 496 497
f 490 495 496
f 489 494 495
f 488 493 494
f 497 496 501
f 496 495 500
f 495 494 499
f 494 493 498
f 502 501 506
f 500 505 506
f 500 499 504
f 498 503 504
f 506 511 512
f 505 510 511
f 504 509 510
f 503 508 509
f 512 511 516
f 511 510 515
f 510 509 514
f 509 508 513
f 516 521 522
f 515 520 521
f 514 519 520
f 513 518 519
f 522 521 526
f 521 520 525
f 520 519 524
f 519 518 523
f 526 531 532
f 525 530 531
f 524 529 530
f 523 528 529
f 532 531 536
f 531 530 535
f 530 529 534
f 529 528 533
f 537 536 541
f 536 535 540
f 535 534 539
f 533 538 539
f 546 545 548
f 545 544 549
f 544 543 550
f 785 788 787
f 784 789 788
f 783 790 789
f 125 126 790
f 128 794 790
f 128 130 798
f 130 132 802
f 132 134 806
f 136 810 806
f 138 814 810
f 140 818 814
f 142 822 818
f 144 826 822
f 146 830 826
f 146 148 834
f 148 150 838
f 150 152 842
f 154 846 842
f 156 850 846
f 158 854 850
f 158 160 858
f 160 162 862
f 162 164 866
f 164 166 870
f 168 874 870
f 168 170 878
f 170 172 882
f 174 886 882
f 174 176 890
f 176 178 894
f 180 898 894
f 180 182 902
f 184 906 902
f 186 910 906
f 188 914 910
f 188 190 918
f 192 922 918
f 194 926 922
f 196 930 926
f 196 198 934
f 198 200 938
f 202 942 938
f 202 204 946
f 204 206 950
f 206 208 954
f 210 958 954
f 212 962 958
f 214 966 962
f 214 216 970
f 218 974 970
f 220 978 974
f 220 222 982
f 224 986 982
f 226 990 986
f 228 994 990
f 230 998 994
f 232 1002 998
f 234 1006 1002
f 234 236 1010
f 236 238 1014
f 240 1018 1014
f 242 1022 1018
f 242 125 783
f 2 543 782
f 4 3 782
f 5 4 778
f 5 774 770
f 6 770 766
f 8 7 766
f 8 762 758
f 9 758 754
f 11 10 754
f 12 11 750
f 13 12 746
f 13 742 738
f 15 14 738
f 16 15 734
f 16 730 726
f 17 726 722
f 18 722 718
f 19 718 714
f 20 714 710
f 21 710 706
f 22 706 702
f 23 702 698
f 24 698 694
f 26 25 694
f 27 26 690
f 28 27 686
f 28 682 678
f 29 678 674
f 30 674 670
f 31 670 666
f 32 666 662
f 34 33 662
f 35 34 658
f 36 35 654
f 36 650 646
f 37 646 642
f 38 642 638
f 39 638 634
f 40 634 630
f 41 630 626
f 42 626 622
f 43 622 618
f 45 44 618
f 46 45 614
f 46 610 606
f 48 47 606
f 49 48 602
f 50 49 598
f 50 594 590
f 51 590 586
f 52 586 582
f 53 582 578
f 54 578 574
f 56 55 574
f 57 56 570
f 58 57 566
f 59 58 562
f 59 558 554
f 61 60 554
f 2 61 550
f 786 787 779
f 779 787 791
f 775 791 795
f 771 795 799
f 799 803 763
f 803 807 759
f 759 807 811
f 755 811 815
f 751 815 819
f 747 819 823
f 823 827 739
f 739 827 831
f 735 831 835
f 731 835 839
f 839 843 723
f 843 847 719
f 719 847 851
f 715 851 855
f 855 859 707
f 859 863 703
f 863 867 699
f 867 871 695
f 695 871 875
f 875 879 687
f 879 883 683
f 883 887 679
f 679 887 891
f 675 891 895
f 895 899 667
f 899 903 663
f 663 903 907
f 907 911 655
f 911 915 651
f 915 919 647
f 919 923 643
f 923 927 639
f 927 931 635
f 635 931 935
f 631 935 939
f 939 943 623
f 943 947 619
f 619 947 951
f 615 951 955
f 955 959 607
f 959 963 603
f 603 963 967
f 967 971 595
f 595 971 975
f 591 975 979
f 587 979 983
f 983 987 579
f 579 987 991
f 575 991 995
f 995 999 567
f 999 1003 563
f 1003 1007 559
f 559 1007 1011
f 555 1011 1015
f 551 1015 1019
f 547 1019 786
f 549 550 554
f 547 548 552
f 549 553 552
f 553 554 558
f 551 552 556
f 553 557 556
f 557 558 562
f 556 560 559
f 556 557 561
f 562 566 565
f 559 560 564
f 560 561 565
f 565 566 570
f 563 564 568
f 564 565 569
f 569 570 574
f 567 568 572
f 568 569 573
f 574 578 577
f 572 576 575
f 573 577 576
f 577 578 582
f 576 580 579
f 577 581 580
f 582 586 585
f 580 584 583
f 580 581 585
f 586 590 589
f 583 584 588
f 584 585 589
f 590 594 593
f 588 592 591
f 588 589 593
f 594 598 597
f 592 596 595
f 592 593 597
f 598 602 601
f 596 600 599
f 596 597 601
f 601 602 606
f 599 600 604
f 601 605 604
f 605 606 610
f 603 604 608
f 605 609 608
f 609 610 614
f 607 608 612
f 609 613 612
f 613 614 618
f 612 616 615
f 612 613 617
f 617 618 622
f 616 620 619
f 617 621 620
f 621 622 626
f 619 620 624
f 621 625 624
f 626 630 629
f 624 628 627
f 624 625 629
f 629 630 634
f 628 632 631
f 628 629 633
f 633 634 638
f 632 636 635
f 632 633 637
f 638 642 641
f 635 636 640
f 636 637 641
f 642 646 645
f 639 640 644
f 640 641 645
f 646 650 649
f 644 648 647
f 644 645 649
f 650 654 653
f 648 652 651
f 648 649 653
f 654 658 657
f 652 656 655
f 652 653 657
f 658 662 661
f 656 660 659
f 656 657 661
f 662 666 665
f 659 660 664
f 660 661 665
f 666 670 669
f 664 668 667
f 664 665 669
f 670 674 673
f 668 672 671
f 669 673 672
f 674 678 677
f 672 676 675
f 673 677 676
f 678 682 681
f 676 680 679
f 677 681 680
f 682 686 685
f 679 680 684
f 681 685 684
f 686 690 689
f 683 684 688
f 685 689 688
f 689 690 694
f 687 688 692
f 689 693 692
f 693 694 698
f 691 692 696
f 693 697 696
f 698 702 701
f 695 696 700
f 697 701 700
f 702 706 705
f 699 700 704
f 701 705 704
f 706 710 709
f 703 704 708
f 705 709 708
f 710 714 713
f 707 708 712
f 708 709 713
f 714 718 717
f 712 716 715
f 712 713 717
f 718 722 721
f 715 716 720
f 716 717 721
f 721 722 726
f 719 720 724
f 721 725 724
f 725 726 730
f 723 724 728
f 725 729 728
f 729 730 734
f 728 732 731
f 729 733 732
f 733 734 738
f 732 736 735
f 733 737 736
f 737 738 742
f 736 740 739
f 737 741 740
f 741 742 746
f 739 740 744
f 740 741 745
f 745 746 750
f 744 748 747
f 744 745 749
f 749 750 754
f 748 752 751
f 749 753 752
f 753 754 758
f 751 752 756
f 753 757 756
f 758 762 761
f 756 760 759
f 757 761 760
f 762 766 765
f 759 760 764
f 761 765 764
f 765 766 770
f 764 768 767
f 765 769 768
f 769 770 774
f 768 772 771
f 769 773 772
f 773 774 778
f 772 776 775
f 773 777 776
f 777 778 782
f 775 776 780
f 777 781 780
f 543 544 781
f 544 545 780
f 546 779 780
f 789 790 794
f 787 788 792
f 788 789 793
f 794 798 797
f 791 792 796
f 793 797 796
f 797 798 802
f 795 796 800
f 797 801 800
f 801 802 806
f 799 800 804
f 800 801 805
f 806 810 809
f 803 804 808
f 804 805 809
f 809 810 814
f 807 808 812
f 809 813 812
f 813 814 818
f 811 812 816
f 813 817 816
f 817 818 822
f 816 820 819
f 817 821 820
f 821 822 826
f 820 824 823
f 820 821 825
f 825 826 830
f 823 824 828
f 824 825 829
f 829 830 834
f 827 828 832
f 829 833 832
f 833 834 838
f 832 836 835
f 833 837 836
f 837 838 842
f 836 840 839
f 836 837 841
f 842 846 845
f 840 844 843
f 841 845 844
f 845 846 850
f 844 848 847
f 844 845 849
f 849 850 854
f 847 848 852
f 849 853 852
f 853 854 858
f 852 856 855
f 853 857 856
f 857 858 862
f 856 860 859
f 857 861 860
f 862 866 865
f 859 860 864
f 860 861 865
f 866 870 869
f 863 864 868
f 864 865 869
f 870 874 873
f 867 868 872
f 869 873 872
f 874 878 877
f 871 872 876
f 873 877 876
f 878 882 881
f 876 880 879
f 876 877 881
f 882 886 885
f 879 880 884
f 880 881 885
f 885 886 890
f 883 884 888
f 885 889 888
f 889 890 894
f 888 892 891
f 889 893 892
f 893 894 898
f 892 896 895
f 893 897 896
f 897 898 902
f 896 900 899
f 897 901 900
f 901 902 906
f 900 904 903
f 901 905 904
f 906 910 909
f 903 904 908
f 905 909 908
f 910 914 913
f 907 908 912
f 908 909 913
f 913 914 918
f 911 912 916
f 913 917 916
f 917 918 922
f 915 916 920
f 917 921 920
f 922 926 925
f 920 924 923
f 920 921 925
f 926 930 929
f 923 924 928
f 924 925 929
f 929 930 934
f 928 932 931
f 929 933 932
f 933 934 938
f 932 936 935
f 933 937 936
f 938 942 941
f 935 936 940
f 937 941 940
f 942 946 945
f 939 940 944
f 940 941 945
f 945 946 950
f 943 944 948
f 945 949 948
f 949 950 954
f 947 948 952
f 949 953 952
f 953 954 958
f 952 956 955
f 952 953 957
f 958 962 961
f 955 956 960
f 956 957 961
f 962 966 965
f 960 964 963
f 961 965 964
f 966 970 969
f 964 968 967
f 965 969 968
f 969 970 974
f 968 972 971
f 969 973 972
f 973 974 978
f 971 972 976
f 973 977 976
f 977 978 982
f 976 980 979
f 977 981 980
f 981 982 986
f 980 984 983
f 981 985 984
f 986 990 989
f 984 988 987
f 984 985 989
f 990 994 993
f 988 992 991
f 988 989 993
f 993 994 998
f 992 996 995
f 993 997 996
f 997 998 1002
f 995 996 1000
f 997 1001 1000
f 1001 1002 1006
f 999 1000 1004
f 1001 1005 1004
f 1005 1006 1010
f 1003 1004 1008
f 1004 1005 1009
f 1010 1014 1013
f 1007 1008 1012
f 1009 1013 1012
f 1014 1018 1017
f 1012 1016 1015
f 1013 1017 1016
f 1017 1018 1022
f 1016 1020 1019
f 1017 1021 1020
f 783 784 1021
f 785 1020 1021
f 786 1019 1020
f 1024 1142 1141
f 1024 1023 1025
f 1025 1027 1028
f 1028 1027 1029
f 1029 1031 1032
f 1032 1031 1033
f 1034 1033 1035
f 1035 1037 1038
f 1038 1037 1039
f 1040 1039 1041
f 1042 1041 1043
f 1044 1043 1045
f 1046 1045 1047
f 1048 1047 1049
f 1050 1049 1051
f 1051 1053 1054
f 1054 1053 1055
f 1055 1057 1058
f 1058 1057 1059
f 1059 1061 1062
f 1062 1061 1063
f 1064 1063 1065
f 1065 1067 1068
f 1067 1069 1070
f 1069 1071 1072
f 1072 1071 1073
f 1073 1075 1076
f 1076 1075 1077
f 1077 1079 1080
f 1080 1079 1081
f 1081 1083 1084
f 1083 1085 1086
f 1085 1087 1088
f 1087 1089 1090
f 1089 1091 1092
f 1091 1093 1094
f 1094 1093 1095
f 1096 1095 1097
f 1098 1097 1099
f 1099 1101 1102
f 1101 1103 1104
f 1103 1105 1106
f 1105 1107 1108
f 1107 1109 1110
f 1110 1109 1111
f 1112 1111 1113
f 1114 1113 1115
f 1115 1117 1118
f 1117 1119 1120
f 1119 1121 1122
f 1121 1123 1124
f 1123 1125 1126
f 1125 1127 1128
f 1128 1127 1129
f 1130 1129 1131
f 1131 1133 1134
f 1133 1135 1136
f 1135 1137 1138
f 1137 1139 1140
f 1139 1141 1142
f 1144 1261 1262
f 1143 1146 1145
f 1146 1148 1147
f 1147 1148 1150
f 1150 1152 1151
f 1152 1154 1153
f 1154 1156 1155
f 1155 1156 1158
f 1157 1158 1160
f 1160 1162 1161
f 1161 1162 1164
f 1163 1164 1166
f 1166 1168 1167
f 1167 1168 1170
f 1170 1172 1171
f 1172 1174 1173
f 1173 1174 1176
f 1175 1176 1178
f 1178 1180 1179
f 1179 1180 1182
f 1181 1182 1184
f 1184 1186 1185
f 1186 1188 1187
f 1187 1188 1190
f 1190 1192 1191
f 1192 1194 1193
f 1193 1194 1196
f 1196 1198 1197
f 1197 1198 1200
f 1200 1202 1201
f 1202 1204 1203
f 1204 1206 1205
f 1205 1206 1208
f 1208 1210 1209
f 1210 1212 1211
f 1211 1212 1214
f 1213 1214 1216
f 1216 1218 1217
f 1217 1218 1220
f 1220 1222 1221
f 1222 1224 1223
f 1223 1224 1226
f 1226 1228 1227
f 1228 1230 1229
f 1230 1232 1231
f 1232 1234 1233
f 1234 1236 1235
f 1235 1236 1238
f 1238 1240 1239
f 1239 1240 1242
f 1242 1244 1243
f 1244 1246 1245
f 1245 1246 1248
f 1248 1250 1249
f 1250 1252 1251
f 1251 1252 1254
f 1254 1256 1255
f 1255 1256 1258
f 1258 1260 1259
f 1260 1262 1261
f 1023 2 3
f 1027 1025 3
f 1027 4 5
f 1031 1029 5
f 1031 6 7
f 1035 1033 7
f 1037 1035 8
f 1039 1037 9
f 1041 1039 10
f 1041 11 12
f 1043 12 13
f 1047 1045 13
f 1049 1047 14
f 1049 15 16
f 1053 1051 16
f 1053 17 18
f 1057 1055 18
f 1057 19 20
f 1059 20 21
f 1061 21 22
f 1065 1063 22
f 1067 1065 23
f 1069 1067 24
f 1071 1069 25
f 1073 1071 26
f 1075 1073 27
f 1075 28 29
f 1079 1077 29
f 1079 30 31
f 1081 31 32
f 1083 32 33
f 1087 1085 33
f 1087 34 35
f 1089 35 36
f 1091 36 37
f 1095 1093 37
f 1097 1095 38
f 1099 1097 39
f 1101 1099 40
f 1101 41 42
f 1105 1103 42
f 1105 43 44
f 1109 1107 44
f 1109 45 46
f 1111 46 47
f 1115 1113 47
f 1115 48 49
f 1117 49 50
f 1121 1119 50
f 1123 1121 51
f 1125 1123 52
f 1127 1125 53
f 1129 1127 54
f 1129 55 56
f 1133 1131 56
f 1135 1133 57
f 1137 1135 58
f 1137 59 60
f 1139 60 61
f 1023 1141 61
f 1143 1140 1142
f 1146 1142 1024
f 1148 1024 1026
f 1152 1150 1026
f 1154 1152 1028
f 1156 1154 1030
f 1156 1032 1034
f 1158 1034 1036
f 1162 1160 1036
f 1164 1162 1038
f 1166 1164 1040
f 1168 1166 1042
f 1168 1044 1046
f 1172 1170 1046
f 1174 1172 1048
f 1174 1050 1052
f 1178 1176 1052
f 1178 1054 1056
f 1182 1180 1056
f 1182 1058 1060
f 1184 1060 1062
f 1186 1062 1064
f 1188 1064 1066
f 1192 1190 1066
f 1192 1068 1070
f 1194 1070 1072
f 1196 1072 1074
f 1198 1074 1076
f 1202 1200 1076
f 1204 1202 1078
f 1206 1204 1080
f 1206 1082 1084
f 1210 1208 1084
f 1212 1210 1086
f 1212 1088 1090
f 1214 1090 1092
f 1216 1092 1094
f 1218 1094 1096
f 1220 1096 1098
f 1222 1098 1100
f 1224 1100 1102
f 1228 1226 1102
f 1230 1228 1104
f 1232 1230 1106
f 1234 1232 1108
f 1234 1110 1112
f 1236 1112 1114
f 1238 1114 1116
f 1242 1240 1116
f 1244 1242 1118
f 1246 1244 1120
f 1248 1246 1122
f 1250 1248 1124
f 1252 1250 1126
f 1252 1128 1130
f 1256 1254 1130
f 1258 1256 1132
f 1260 1258 1134
f 1262 1260 1136
f 1143 1262 1138
f 1267 1272 1145
f 1272 1277 1144
f 1282 1261 1144
f 1282 1287 1259
f 1287 1292 1257
f 1292 1297 1255
f 1297 1302 1253
f 1307 1251 1253
f 1307 1312 1249
f 1312 1317 1247
f 1322 1245 1247
f 1327 1243 1245
f 1327 1332 1241
f 1337 1239 1241
f 1337 1342 1237
f 1347 1235 1237
f 1347 1352 1233
f 1352 1357 1231
f 1357 1362 1229
f 1367 1227 1229
f 1372 1225 1227
f 1377 1223 1225
f 1382 1221 1223
f 1382 1387 1219
f 1392 1217 1219
f 1392 1397 1215
f 1402 1213 1215
f 1407 1211 1213
f 1412 1209 1211
f 1412 1417 1207
f 1422 1205 1207
f 1422 1427 1203
f 1432 1201 1203
f 1432 1437 1199
f 1442 1197 1199
f 1447 1195 1197
f 1452 1193 1195
f 1452 1457 1191
f 1457 1462 1189
f 1467 1187 1189
f 1467 1472 1185
f 1477 1183 1185
f 1477 1482 1181
f 1487 1179 1181
f 1487 1492 1177
f 1497 1175 1177
f 1497 1502 1173
f 1507 1171 1173
f 1507 1512 1169
f 1517 1167 1169
f 1517 1522 1165
f 1522 1527 1163
f 1532 1161 1163
f 1532 1537 1159
f 1542 1157 1159
f 1542 1547 1155
f 1552 1153 1155
f 1552 1557 1151
f 1557 1562 1149
f 1267 1147 1149
f 1266 1267 1562
f 1265 1266 1561
f 1263 1264 1559
f 1264 1265 1560
f 1267 1266 1271
f 1266 1265 1270
f 1265 1264 1269
f 1263 1268 1269
f 1271 1276 1277
f 1270 1275 1276
f 1269 1274 1275
f 1268 1273 1274
f 1277 1276 1281
f 1276 1275 1280
f 1275 1274 1279
f 1274 1273 1278
f 1281 1286 1287
f 1280 1285 1286
f 1279 1284 1285
f 1278 1283 1284
f 1287 1286 1291
f 1286 1285 1290
f 1285 1284 1289
f 1284 1283 1288
f 1291 1296 1297
f 1290 1295 1296
f 1289 1294 1295
f 1288 1293 1294
f 1296 1301 1302
f 1296 1295 1300
f 1294 1299 1300
f 1294 1293 1298
f 1301 1306 1307
f 1301 1300 1305
f 1299 1304 1305
f 1299 1298 1303
f 1306 1311 1312
f 1305 1310 1311
f 1304 1309 1310
f 1303 1308 1309
f 1311 1316 1317
f 1310 1315 1316
f 1310 1309 1314
f 1309 1308 1313
f 1316 1321 1322
f 1315 1320 1321
f 1314 1319 1320
f 1313 1318 1319
f 1322 1321 1326
f 1321 1320 1325
f 1320 1319 1324
f 1318 1323 1324
f 1326 1331 1332
f 1326 1325 1330
f 1325 1324 1329
f 1324 1323 1328
f 1331 1336 1337
f 1330 1335 1336
f 1329 1334 1335
f 1328 1333 1334
f 1337 1336 1341
f 1336 1335 1340
f 1335 1334 1339
f 1334 1333 1338
f 1342 1341 1346
f 1340 1345 1346
f 1339 1344 1345
f 1338 1343 1344
f 1346 1351 1352
f 1345 1350 1351
f 1344 1349 1350
f 1344 1343 1348
f 1352 1351 1356
f 1351 1350 1355
f 1350 1349 1354
f 1349 1348 1353
f 1356 1361 1362
f 1355 1360 1361
f 1354 1359 1360
f 1353 1358 1359
f 1362 1361 1366
f 1361 1360 1365
f 1360 1359 1364
f 1359 1358 1363
f 1366 1371 1372
f 1365 1370 1371
f 1364 1369 1370
f 1363 1368 1369
f 1371 1376 1377
f 1371 1370 1375
f 1370 1369 1374
f 1369 1368 1373
f 1377 1376 1381
f 1375 1380 1381
f 1375 1374 1379
f 1374 1373 1378
f 1381 1386 1387
f 1380 1385 1386
f 1379 1384 1385
f 1378 1383 1384
f 1387 1386 1391
f 1386 1385 1390
f 1385 1384 1389
f 1384 1383 1388
f 1391 1396 1397
f 1390 1395 1396
f 1389 1394 1395
f 1388 1393 1394
f 1397 1396 1401
f 1396 1395 1400
f 1395 1394 1399
f 1394 1393 1398
f 1401 1406 1407
f 1400 1405 1406
f 1399 1404 1405
f 1398 1403 1404
f 1407 1406 1411
f 1406 1405 1410
f 1405 1404 1409
f 1404 1403 1408
f 1411 1416 1417
f 1410 1415 1416
f 1409 1414 1415
f 1408 1413 1414
f 1417 1416 1421
f 1416 1415 1420
f 1415 1414 1419
f 1414 1413 1418
f 1421 1426 1427
f 1420 1425 1426
f 1419 1424 1425
f 1418 1423 1424
f 1427 1426 1431
f 1426 1425 1430
f 1425 1424 1429
f 1424 1423 1428
f 1431 1436 1437
f 1430 1435 1436
f 1429 1434 1435
f 1428 1433 1434
f 1437 1436 1441
f 1436 1435 1440
f 1435 1434 1439
f 1434 1433 1438
f 1441 1446 1447
f 1440 1445 1446
f 1439 1444 1445
f 1438 1443 1444
f 1447 1446 1451
f 1446 1445 1450
f 1445 1444 1449
f 1444 1443 1448
f 1452 1451 1456
f 1451 1450 1455
f 1450 1449 1454
f 1449 1448 1453
f 1456 1461 1462
f 1456 1455 1460
f 1454 1459 1460
f 1453 1458 1459
f 1462 1461 1466
f 1461 1460 1465
f 1460 1459 1464
f 1459 1458 1463
f 1466 1471 1472
f 1465 1470 1471
f 1464 1469 1470
f 1463 1468 1469
f 1472 1471 1476
f 1471 1470 1475
f 1470 1469 1474
f 1469 1468 1473
f 1476 1481 1482
f 1475 1480 1481
f 1474 1479 1480
f 1473 1478 1479
f 1482 1481 1486
f 1480 1485 1486
f 1479 1484 1485
f 1479 1478 1483
f 1487 1486 1491
f 1486 1485 1490
f 1485 1484 1489
f 1483 1488 1489
f 1492 1491 1496
f 1491 1490 1495
f 1490 1489 1494
f 1489 1488 1493
f 1496 1501 1502
f 1495 1500 1501
f 1494 1499 1500
f 1493 1498 1499
f 1502 1501 1506
f 1501 1500 1505
f 1500 1499 1504
f 1499 1498 1503
f 1506 1511 1512
f 1505 1510 1511
f 1504 1509 1510
f 1503 1508 1509
f 1512 1511 1516
f 1511 1510 1515
f 1510 1509 1514
f 1509 1508 1513
f 1516 1521 1522
f 1515 1520 1521
f 1514 1519 1520
f 1513 1518 1519
f 1521 1526 1527
f 1520 1525 1526
f 1520 1519 1524
f 1519 1518 1523
f 1526 1531 1532
f 1526 1525 1530
f 1525 1524 1529
f 1524 1523 1528
f 1531 1536 1537
f 1530 1535 1536
f 1529 1534 1535
f 1528 1533 1534
f 1537 1536 1541
f 1536 1535 1540
f 1535 1534 1539
f 1534 1533 1538
f 1541 1546 1547
f 1540 1545 1546
f 1539 1544 1545
f 1538 1543 1544
f 1547 1546 1551
f 1546 1545 1550
f 1545 1544 1549
f 1544 1543 1548
f 1551 1556 1557
f 1550 1555 1556
f 1549 1554 1555
f 1548 1553 1554
f 1557 1556 1561
f 1555 1560 1561
f 1554 1559 1560
f 1553 1558 1559
f 1634 1903 1904
f 1636 1905 1903
f 1609 1610 1906
f 1636 1647 1906
f 1651 1632 1904
f 1653 1651 1907
f 1612 1662 1909
f 1653 1908 1909
