[Quadrants] version 1.3.3, llvm 22.1.0, commit 00423caa, linux, python 3.10.12
[38;5;226m[Genesis] [05:20:56] [WARNING] (MJCF) Approximating tendon by joint actuator for `finger_joint1`[0m
[38;5;226m[Genesis] [05:20:56] [WARNING] (MJCF) Approximating tendon by joint actuator for `finger_joint2`[0m
[38;5;226m[Genesis] [05:20:57] [WARNING] Neutral robot position (qpos0) exceeds joint limits.[0m
[38;5;226m[Genesis] [05:20:57] [WARNING] Constraint solver time constant should be greater than 2*substep_dt. timeconst is changed from `0.005` to `0.02`). Decrease simulation timestep or increase timeconst to avoid altering the original value.[0m
[38;5;226m[Genesis] [05:20:58] [WARNING] Filtered out geometry pairs causing self-collision for the neutral configuration (qpos0): (6, 11), (7, 11), (14, 21), (15, 20), (16, 23), (17, 22). Consider tuning Morph option 'decompose_robot_error_threshold' or specify dedicated collision meshes. This behavior can be disabled by setting Morph option 'enable_neutral_collision=True'.[0m
{
  "scope": "live",
  "envs": 8,
  "level": 1,
  "precision": "64",
  "quadrature": 10,
  "dt": 0.01,
  "substeps": 1,
  "varied": true,
  "seed": 510000,
  "cooperative_solve": true,
  "host": "rtx-210-023",
  "gpu": "NVIDIA RTX PRO 6000 Blackwell Server Edition",
  "gpu_total_bytes": 101975851008,
  "quadrants": [
    1,
    3,
    3
  ],
  "torch": "2.8.0",
  "setup_seconds": 32.844178586034104,
  "warmup_steps": 900,
  "warmup_quality": [
    {
      "tick": 0,
      "phase": [
        0.0,
        0.0,
        0.0,
        0.0,
        0.0,
        0.0,
        0.0,
        0.0
      ],
      "height_m": [
        0.031850890355476,
        0.03237932180439681,
        0.03167648072745669,
        0.03073176727215903,
        0.031204674226994262,
        0.03179886850065307,
        0.032090971443686625,
        0.031884388609004354
      ],
      "contacts": [
        0,
        0,
        0,
        0,
        0,
        0,
        0,
        0
      ],
      "maximum_stress_Pa": [
        0.0,
        0.0,
        0.0,
        0.0,
        0.0,
        0.0,
        0.0,
        0.0
      ],
      "residual_N": [
        0.0,
        0.0,
        0.0,
        0.0,
        0.0,
        0.0,
        0.0,
        0.0
      ],
      "rhs_N": [
        0.0,
        0.0,
        0.0,
        0.0,
        0.0,
        0.0,
        0.0,
        0.0
      ]
    },
    {
      "tick": 10,
      "phase": [
        0.01669449081803005,
        0.0,
        0.0,
        0.0,
        0.0,
        0.0,
        0.0,
        0.0
      ],
      "height_m": [
        0.02955680720401711,
        0.029586163604489343,
        0.02954600807035073,
        0.02962402659097198,
        0.029631838817646316,
        0.02955362850927998,
        0.02957077659285115,
        0.02955882581169295
      ],
      "contacts": [
        1,
        1,
        1,
        1,
        1,
        1,
        1,
        1
      ],
      "maximum_stress_Pa": [
        14373.896569410828,
        13680.504658818347,
        14204.392752291975,
        13481.618829755005,
        13796.889445793993,
        13122.026967336466,
        14618.67334996083,
        13391.00497436802
      ],
      "residual_N": [
        1.2306455594558668e-12,
        1.2098472042590693e-12,
        1.1689119632431865e-12,
        1.2379466446073802e-12,
        1.2642675401682337e-12,
        1.1963442118675085e-12,
        1.1963025957495584e-12,
        1.1841232215756381e-12
      ],
      "rhs_N": [
        0.03997424069946895,
        0.03833552183456266,
        0.03953954991229685,
        0.037940116258395704,
        0.0386940692555176,
        0.03695596086986383,
        0.04060547269825591,
        0.03759556815941005
      ]
    },
    {
      "tick": 20,
      "phase": [
        0.0333889816360601,
        0.0,
        0.0,
        0.0,
        0.0,
        0.0,
        0.0,
        0.0
      ],
      "height_m": [
        0.02963161055452225,
        0.029632064407004347,
        0.029631447256794476,
        0.029632672458529186,
        0.029632801258294504,
        0.029631562288057366,
        0.029631824680957874,
        0.029631641293235134
      ],
      "contacts": [
        1,
        1,
        1,
        1,
        1,
        1,
        1,
        1
      ],
      "maximum_stress_Pa": [
        14611.922833501458,
        13872.758615341285,
        14590.979738343842,
        13513.069056984892,
        13800.377038273678,
        13450.149828781818,
        14903.409246688592,
        13704.509157970147
      ],
      "residual_N": [
        1.2790619734624784e-12,
        1.1716750737394063e-12,
        1.2572955810810544e-12,
        1.1850189113624519e-12,
        1.2437820387464854e-12,
        1.1920488189032284e-12,
        1.2427278507885112e-12,
        1.2500707362710564e-12
      ],
      "rhs_N": [
        0.04066775865973198,
        0.03887425603566564,
        0.04061565895102839,
        0.03802862382506808,
        0.03870385038375465,
        0.03788006319477427,
        0.04139636769973859,
        0.03847573868622522
      ]
    },
    {
      "tick": 30,
      "phase": [
        0.05008347245409015,
        0.0,
        0.0,
        0.0,
        0.0,
        0.0,
        0.0,
        0.0
      ],
      "height_m": [
        0.029632797478265114,
        0.029632804995037003,
        0.029632794774678804,
        0.02963281507192634,
        0.02963281720737034,
        0.029632796679103224,
        0.029632801024162166,
        0.029632797987238405
      ],
      "contacts": [
        1,
        1,
        1,
        1,
        1,
        1,
        1,
        1
      ],
      "maximum_stress_Pa": [
        14510.999607116613,
        13875.454940025118,
        14596.150770614264,
        13513.573758830791,
        13800.434655695617,
        13454.51464167561,
        14907.231155824682,
        13708.675445426374
      ],
      "residual_N": [
        1.218804997562609e-12,
        1.21190153594594e-12,
        1.2811579146359108e-12,
        1.265843757086113e-12,
        1.2363617444602313e-12,
        1.2441632149671442e-12,
        1.3008305007560432e-12,
        1.2004475250945868e-12
      ],
      "rhs_N": [
        0.04041964785166794,
        0.038881811678996625,
        0.04063005311008214,
        0.038030044162415684,
        0.03870401197470854,
        0.03789235594915885,
        0.0414069836033408,
        0.038487435638345155
      ]
    },
    {
      "tick": 40,
      "phase": [
        0.0667779632721202,
        0.005008347245409015,
        0.0,
        0.0,
        0.0,
        0.0,
        0.0,
        0.0
      ],
      "height_m": [
        0.02963281714469452,
        0.0296328172693287,
        0.02963281709986713,
        0.02963281743641343,
        0.02963281747182144,
        0.02963281713144383,
        0.029632817203488235,
        0.029632817153133675
      ],
      "contacts": [
        1,
        1,
        1,
        1,
        1,
        1,
        1,
        1
      ],
      "maximum_stress_Pa": [
        14409.067527826493,
        13839.527059435373,
        14596.236074839979,
        13513.582122826905,
        13800.435611000303,
        13454.58667696041,
        14907.29429299527,
        13708.744224585513
      ],
      "residual_N": [
        1.2267728237358792e-12,
        1.2594845548543878e-12,
        1.1878299431351606e-12,
        1.233084679983404e-12,
        1.2046358550738003e-12,
        1.2210560110857132e-12,
        1.2767074730920896e-12,
        1.2414029363530515e-12
      ],
      "rhs_N": [
        0.0401691623621511,
        0.038796575271061014,
        0.04063029056414087,
        0.038030067700461447,
        0.03870401465390643,
        0.03789255882430424,
        0.041407158975933556,
        0.0384876287374867
      ]
    },
    {
      "tick": 50,
      "phase": [
        0.08347245409015025,
        0.021702838063439065,
        0.0,
        0.0,
        0.0,
        0.0,
        0.0,
        0.0
      ],
      "height_m": [
        0.029632817470782207,
        0.02963281747284878,
        0.029632817470038916,
        0.029632817475619234,
        0.029632817476206337,
        0.029632817470562494,
        0.02963281747175707,
        0.029632817470922137
      ],
      "contacts": [
        1,
        1,
        1,
        1,
        1,
        1,
        1,
        1
      ],
      "maximum_stress_Pa": [
        14311.88675090493,
        13721.110656277615,
        14596.237489160318,
        13513.582261509819,
        13800.435626840386,
        13454.587871293192,
        14907.295339816243,
        13708.74536493846
      ],
      "residual_N": [
        1.2550943829233518e-12,
        1.2171410426499913e-12,
        1.2692036491177795e-12,
        1.173432439910897e-12,
        1.2147469818145357e-12,
        1.1881960757739778e-12,
        1.2638597973108018e-12,
        1.226124345594335e-12
      ],
      "rhs_N": [
        0.039931720731218076,
        0.03851675918597449,
        0.04063029450106297,
        0.03803006809074522,
        0.038704014698330486,
        0.037892562187941584,
        0.04140716188363018,
        0.038487631939055085
      ]
    },
    {
      "tick": 60,
      "phase": [
        0.1001669449081803,
        0.038397328881469114,
        0.0,
        0.0,
        0.0,
        0.0,
        0.0,
        0.0
      ],
      "height_m": [
        0.029632817476189104,
        0.029632817476223372,
        0.02963281747617678,
        0.029632817476269308,
        0.029632817476279046,
        0.02963281747618546,
        0.02963281747620527,
        0.029632817476191425
      ],
      "contacts": [
        1,
        1,
        1,
        1,
        1,
        1,
        1,
        1
      ],
      "maximum_stress_Pa": [
        14220.749910851766,
        13605.60192835396,
        14596.237512611593,
        13513.5822638095,
        13800.435627102255,
        13454.587891097113,
        14907.29535717307,
        13708.745383846574
      ],
      "residual_N": [
        1.2321413090759513e-12,
        1.2271475085126902e-12,
        1.1876638222842328e-12,
        1.1896256741613479e-12,
        1.2400267902001173e-12,
        1.1740601773268444e-12,
        1.2179546395488294e-12,
        1.1909231051287766e-12
      ],
      "rhs_N": [
        0.039710286282162804,
        0.038245302443018624,
        0.04063029456634152,
        0.038030068097216596,
        0.038704014699067105,
        0.037892562243714435,
        0.04140716193184302,
        0.03848763199214067
      ]
    },
    {
      "tick": 70,
      "phase": [
        0.11686143572621036,
        0.05509181969949917,
        0.0,
        0.0,
        0.0,
        0.0,
        0.0,
        0.0
      ],
      "height_m": [
        0.02963281747627876,
        0.029632817476279327,
        0.029632817476278554,
        0.029632817476280066,
        0.02963281747628025,
        0.0296328174762787,
        0.02963281747627903,
        0.029632817476278796
      ],
      "contacts": [
        1,
        1,
        1,
        1,
        1,
        1,
        1,
        1
      ],
      "maximum_stress_Pa": [
        14136.718443595159,
        13494.271638028762,
        14596.23751300019,
        13513.582263850867,
        13800.435627107734,
        13454.587891425548,
        14907.295357461018,
        13708.745384159765
      ],
      "residual_N": [
        1.197380213026663e-12,
        1.1599369879071278e-12,
        1.2668574645901853e-12,
        1.2465384946130172e-12,
        1.299666558104398e-12,
        1.2058090290152318e-12,
        1.2759051981906085e-12,
        1.1866439876253281e-12
      ],
      "rhs_N": [
        0.03950716833139132,
        0.037985016602339675,
        0.04063029456742393,
        0.03803006809733341,
        0.038704014699080656,
        0.037892562244639195,
        0.04140716193264241,
        0.03848763199302091
      ]
    },
    {
      "tick": 80,
      "phase": [
        0.1335559265442404,
        0.07178631051752922,
        0.01001669449081803,
        0.0,
        0.0,
        0.0,
        0.0,
        0.0
      ],
      "height_m": [
        0.029632817476280247,
        0.029632817476280243,
        0.029632817476280247,
        0.029632817476280278,
        0.029632817476280254,
        0.029632817476280243,
        0.029632817476280247,
        0.029632817476280247
      ],
      "contacts": [
        1,
        1,
        1,
        1,
        1,
        1,
        1,
        1
      ],
      "maximum_stress_Pa": [
        14060.682720155204,
        13388.413094239908,
        14528.476313897989,
        13513.582263848395,
        13800.435627108867,
        13454.587891431844,
        14907.29535746658,
        13708.745384165659
      ],
      "residual_N": [
        1.1460801819661163e-12,
        1.1769039557028158e-12,
        1.2099996978242031e-12,
        1.1953879338736352e-12,
        1.2465034392829579e-12,
        1.2003990566437348e-12,
        1.2795169908862034e-12,
        1.232794119314127e-12
      ],
      "rhs_N": [
        0.03932420846327056,
        0.03773877340203766,
        0.04046277253266143,
        0.03803006809732429,
        0.03870401469908419,
        0.03789256224465653,
        0.04140716193265758,
        0.038487631993037404
      ]
    },
    {
      "tick": 90,
      "phase": [
        0.15025041736227046,
        0.08848080133555927,
        0.02671118530884808,
        0.0,
        0.0,
        0.0,
        0.0,
        0.0
      ],
      "height_m": [
        0.029632817476280243,
        0.029632817476280243,
        0.02963281747628026,
        0.029632817476280247,
        0.029632817476280247,
        0.02963281747628024,
        0.029632817476280243,
        0.029632817476280243
      ],
      "contacts": [
        1,
        1,
        1,
        1,
        1,
        1,
        1,
        1
      ],
      "maximum_stress_Pa": [
        13993.42687602827,
        13289.068462104318,
        14416.200838693334,
        13513.582263847824,
        13800.435627108947,
        13454.587891433548,
        14907.295357469406,
        13708.745384167447
      ],
      "residual_N": [
        1.1981532780834387e-12,
        1.1721696180754138e-12,
        1.2514269002135621e-12,
        1.2046664245497059e-12,
        1.2480745468808628e-12,
        1.1796595167204976e-12,
        1.2641915883324573e-12,
        1.2818781547081213e-12
      ],
      "rhs_N": [
        0.03916303477301792,
        0.03750884275011934,
        0.040186645188267756,
        0.03803006809732554,
        0.0387040146990842,
        0.03789256224466167,
        0.04140716193266399,
        0.03848763199304309
      ]
    },
    {
      "tick": 100,
      "phase": [
        0.1669449081803005,
        0.10517529215358933,
        0.04340567612687813,
        0.0,
        0.0,
        0.0,
        0.0,
        0.0
      ],
      "height_m": [
        0.02963281747628023,
        0.02963281747628026,
        0.029632817476280254,
        0.02963281747628026,
        0.029632817476280236,
        0.029632817476280226,
        0.029632817476280226,
        0.02963281747628023
      ],
      "contacts": [
        1,
        1,
        1,
        1,
        1,
        1,
        1,
        1
      ],
      "maximum_stress_Pa": [
        13935.594229546392,
        13196.818278240098,
        14306.086374603703,
        13513.582263848353,
        13800.435627109588,
        13454.587891434538,
        14907.295357469768,
        13708.74538416818
      ],
      "residual_N": [
        1.1987660854874386e-12,
        1.1561927907549993e-12,
        1.1954914706911605e-12,
        1.1783912274359222e-12,
        1.2323996365755654e-12,
        1.1878429848970828e-12,
        1.2705803091200108e-12,
        1.2714817826504509e-12
      ],
      "rhs_N": [
        0.039024941182152016,
        0.03729649577927653,
        0.03991759175862002,
        0.03803006809732592,
        0.0387040146990867,
        0.03789256224466463,
        0.04140716193266629,
        0.0384876319930461
      ]
    },
    {
      "tick": 110,
      "phase": [
        0.18363939899833057,
        0.12186978297161936,
        0.06010016694490818,
        0.0,
        0.0,
        0.0,
        0.0,
        0.0
      ],
      "height_m": [
        0.0295007632373234,
        0.029632817476280264,
        0.029632817476280257,
        0.02963281747628026,
        0.029632817476280222,
        0.02963281747628024,
        0.02963281747628024,
        0.029632817476280243
      ],
      "contacts": [
        4,
        1,
        1,
        1,
        1,
        1,
        1,
        1
      ],
      "maximum_stress_Pa": [
        77864.3009160847,
        13112.32960484301,
        14199.59968628284,
        13513.582263848755,
        13800.435627110399,
        13454.58789143134,
        14907.295357466835,
        13708.745384165204
      ],
      "residual_N": [
        6.693489253091139e-12,
        1.2125576102826716e-12,
        1.1708259412663408e-12,
        1.2187765256067554e-12,
        1.1879640309264539e-12,
        1.2084990705704214e-12,
        1.2915030700409004e-12,
        1.2585564349575249e-12
      ],
      "rhs_N": [
        0.2592272508665611,
        0.037103056216581415,
        0.03965907016868147,
        0.038030068097326876,
        0.03870401469908967,
        0.03789256224465583,
        0.04140716193265704,
        0.03848763199303679
      ]
    },
    {
      "tick": 120,
      "phase": [
        0.2003338898163606,
        0.13856427378964942,
        0.07679465776293823,
        0.015025041736227046,
        0.0,
        0.0,
        0.0,
        0.0
      ],
      "height_m": [
        0.02950222263211836,
        0.029632817476280257,
        0.02963281747628025,
        0.029632817476280257,
        0.029632817476280236,
        0.02963281747628025,
        0.02963281747628025,
        0.029632817476280254
      ],
      "contacts": [
        5,
        1,
        1,
        1,
        1,
        1,
        1,
        1
      ],
      "maximum_stress_Pa": [
        68313.20279286565,
        13036.159591301408,
        14098.051867741362,
        13405.087912161545,
        13800.435627107296,
        13454.587891431303,
        14907.295357465955,
        13708.745384164991
      ],
      "residual_N": [
        6.057307009183165e-12,
        1.2553464614935452e-12,
        1.203308145254684e-12,
        1.2088337142291853e-12,
        1.2534323799491296e-12,
        1.2263455098312178e-12,
        1.3254993114672852e-12,
        1.167627897978945e-12
      ],
      "rhs_N": [
        0.22539731944217173,
        0.03692949132689178,
        0.039414028810766936,
        0.03777747988783662,
        0.0387040146990806,
        0.03789256224465467,
        0.04140716193265574,
        0.03848763199303559
      ]
    },
    {
      "tick": 130,
      "phase": [
        0.21702838063439064,
        0.15525876460767948,
        0.09348914858096828,
        0.03171953255425709,
        0.0,
        0.0,
        0.0,
        0.0
      ],
      "height_m": [
        0.029503673889906108,
        0.02963281747628026,
        0.02963281747628024,
        0.02963281747628025,
        0.02963281747628025,
        0.029632817476280257,
        0.029632817476280257,
        0.02963281747628026
      ],
      "contacts": [
        5,
        1,
        1,
        1,
        1,
        1,
        1,
        1
      ],
      "maximum_stress_Pa": [
        67430.9121036876,
        12969.115389386916,
        14002.614736089161,
        13287.364823927468,
        13800.435627107083,
        13454.587891431058,
        14907.29535746593,
        13708.745384164811
      ],
      "residual_N": [
        6.497662290841345e-12,
        1.16483553793744e-12,
        1.2157125557371593e-12,
        1.1944752883448912e-12,
        1.2815582181233077e-12,
        1.217723909204018e-12,
        1.2782965732508173e-12,
        1.1876390691969938e-12
      ],
      "rhs_N": [
        0.22376458733332577,
        0.03677736836853173,
        0.03918501614326933,
        0.03750491076129613,
        0.03870401469907942,
        0.03789256224465461,
        0.04140716193265569,
        0.03848763199303561
      ]
    },
    {
      "tick": 140,
      "phase": [
        0.2337228714524207,
        0.17195325542570952,
        0.11018363939899833,
        0.048414023372287146,
        0.0,
        0.0,
        0.0,
        0.0
      ],
      "height_m": [
        0.02950496994618421,
        0.029632817476280243,
        0.029632817476280226,
        0.02963281747628024,
        0.029632817476280257,
        0.02963281747628026,
        0.02963281747628026,
        0.029632817476280264
      ],
      "contacts": [
        5,
        1,
        1,
        1,
        1,
        1,
        1,
        1
      ],
      "maximum_stress_Pa": [
        66607.92072246564,
        12911.871215871426,
        13914.353809229478,
        13173.352700573956,
        13800.435627107196,
        13454.58789143131,
        14907.295357466168,
        13708.745384165186
      ],
      "residual_N": [
        6.357109991079491e-12,
        1.1304780487380361e-12,
        1.2644275294852203e-12,
        1.1604173856324965e-12,
        1.2918838233888983e-12,
        1.2592366172328977e-12,
        1.2483435019028847e-12,
        1.2200831516464483e-12
      ],
      "rhs_N": [
        0.22271157893579874,
        0.036647974168607864,
        0.03897433916927237,
        0.03724266851687065,
        0.03870401469907934,
        0.03789256224465503,
        0.041407161932656165,
        0.03848763199303615
      ]
    },
    {
      "tick": 150,
      "phase": [
        0.25041736227045075,
        0.18864774624373956,
        0.12687813021702837,
        0.0651085141903172,
        0.00333889816360601,
        0.0,
        0.0,
        0.0
      ],
      "height_m": [
        0.02950618492370879,
        0.029274185015914136,
        0.02963281747628024,
        0.029632817476280226,
        0.02963281747628026,
        0.02963281747628026,
        0.02963281747628026,
        0.029632817476280264
      ],
      "contacts": [
        5,
        9,
        1,
        1,
        1,
        1,
        1,
        1
      ],
      "maximum_stress_Pa": [
        65980.86446020711,
        71182.17732833917,
        13834.1748921341,
        13063.739694201107,
        13776.406426828333,
        13454.587891431733,
        14907.29535746639,
        13708.74538416555
      ],
      "residual_N": [
        6.219904951320159e-12,
        5.960924106360347e-12,
        1.3062418803292082e-12,
        1.209070177132991e-12,
        1.2132225171339516e-12,
        1.2252315892767277e-12,
        1.272400061324864e-12,
        1.2170156837436738e-12
      ],
      "rhs_N": [
        0.22203733880515347,
        0.23983179359847911,
        0.038783890541085615,
        0.03699224687525724,
        0.03864721285623889,
        0.037892562244656,
        0.041407161932657234,
        0.03848763199303715
      ]
    },
    {
      "tick": 160,
      "phase": [
        0.2671118530884808,
        0.20534223706176963,
        0.14357262103505844,
        0.08180300500834725,
        0.02003338898163606,
        0.0,
        0.0,
        0.0
      ],
      "height_m": [
        0.029507364663637455,
        0.029282510514423814,
        0.02963281747628025,
        0.02963281747628024,
        0.02963281747628026,
        0.029632817476280257,
        0.029632817476280257,
        0.02963281747628026
      ],
      "contacts": [
        5,
        9,
        1,
        1,
        1,
        1,
        1,
        1
      ],
      "maximum_stress_Pa": [
        65476.45394011781,
        69861.98948764836,
        13762.800474712756,
        12959.409518426804,
        13657.42928286047,
        13454.587891432275,
        14907.295357467277,
        13708.745384166104
      ],
      "residual_N": [
        5.9757394739708785e-12,
        6.362926712150871e-12,
        1.1886662192429955e-12,
        1.237308093581207e-12,
        1.2135521766020974e-12,
        1.2100588355590148e-12,
        1.308856604262683e-12,
        1.2027248881148672e-12
      ],
      "rhs_N": [
        0.22162628551934915,
        0.23214840139076184,
        0.038615081475994836,
        0.03675539679979743,
        0.038366926453561226,
        0.03789256224465743,
        0.041407161932658774,
        0.038487631993038604
      ]
    },
    {
      "tick": 170,
      "phase": [
        0.2838063439065109,
        0.22203672787979967,
        0.16026711185308848,
        0.0984974958263773,
        0.03672787979966611,
        0.0,
        0.0,
        0.0
      ],
      "height_m": [
        0.029508524452616647,
        0.02928662831605899,
        0.029632817476280257,
        0.02963281747628025,
        0.029632817476280257,
        0.02963281747628025,
        0.02963281747628025,
        0.029632817476280254
      ],
      "contacts": [
        5,
        9,
        1,
        1,
        1,
        1,
        1,
        1
      ],
      "maximum_stress_Pa": [
        65067.6408744403,
        68858.87976650192,
        13700.732423651452,
        12861.519704064924,
        13541.24703833972,
        13454.587891432833,
        14907.295357467921,
        13708.745384166878
      ],
      "residual_N": [
        6.368188346139915e-12,
        5.984438089437692e-12,
        1.2327478170467783e-12,
        1.1714934769346172e-12,
        1.1526794979210778e-12,
        1.1989127093117248e-12,
        1.2308674362501193e-12,
        1.2718967375699531e-12
      ],
      "rhs_N": [
        0.22142781426569824,
        0.22908765651230487,
        0.03846876556883194,
        0.03653454373296278,
        0.0380946801581583,
        0.03789256224465934,
        0.04140716193266085,
        0.03848763199304067
      ]
    },
    {
      "tick": 180,
      "phase": [
        0.3005008347245409,
        0.23873121869782973,
        0.17696160267111855,
        0.11519198664440734,
        0.05342237061769616,
        0.0,
        0.0,
        0.0
      ],
      "height_m": [
        0.02950980175738069,
        0.02928946168996465,
        0.02963281747628026,
        0.029632817476280257,
        0.02963281747628025,
        0.02963281747628024,
        0.02963281747628024,
        0.029632817476280243
      ],
      "contacts": [
        5,
        9,
        1,
        1,
        1,
        1,
        1,
        1
      ],
      "maximum_stress_Pa": [
        64732.37771621097,
        67902.67547544155,
        13648.424054894063,
        12771.056592966024,
        13429.28031001192,
        13454.587891433477,
        14907.295357468674,
        13708.745384167742
      ],
      "residual_N": [
        6.157272362498559e-12,
        6.1870149102153986e-12,
        1.2266658477556174e-12,
        1.1728184370389548e-12,
        1.2101062886748053e-12,
        1.2210177659726259e-12,
        1.2689980353584595e-12,
        1.270888724145879e-12
      ],
      "rhs_N": [
        0.2213885111571781,
        0.22698062593621096,
        0.03834577320751254,
        0.036331658931863124,
        0.03783369109140804,
        0.03789256224466178,
        0.04140716193266345,
        0.038487631993043135
      ]
    },
    {
      "tick": 190,
      "phase": [
        0.31719532554257096,
        0.2554257095158598,
        0.19365609348914858,
        0.1318864774624374,
        0.07011686143572621,
        0.008347245409015025,
        0.0,
        0.0
      ],
      "height_m": [
        0.030229398024282542,
        0.029291886519958153,
        0.029508939798276516,
        0.02963281747628026,
        0.02963281747628024,
        0.029632817476280226,
        0.029632817476280226,
        0.02963281747628023
      ],
      "contacts": [
        4,
        9,
        6,
        1,
        1,
        1,
        1,
        1
      ],
      "maximum_stress_Pa": [
        61601.34936218585,
        67027.55157830929,
        66465.15895356104,
        12688.813942455137,
        13322.798038408673,
        13394.048922665179,
        14907.295357470091,
        13708.745384168722
      ],
      "residual_N": [
        6.132171633906688e-12,
        5.905943440983589e-12,
        6.409323880378861e-12,
        1.1856029458068254e-12,
        1.23588118982103e-12,
        1.1910617256449074e-12,
        1.2401387049002832e-12,
        1.2627801549663567e-12
      ],
      "rhs_N": [
        0.2142873546831166,
        0.22532851731735942,
        0.22046904710606022,
        0.03614823100668231,
        0.0375867697847253,
        0.037751852154037216,
        0.04140716193266663,
        0.038487631993046126
      ]
    },
    {
      "tick": 200,
      "phase": [
        0.333889816360601,
        0.27212020033388984,
        0.21035058430717865,
        0.14858096828046746,
        0.08681135225375626,
        0.025041736227045076,
        0.0,
        0.0
      ],
      "height_m": [
        0.03382624268519927,
        0.02929430179317741,
        0.029509491806177398,
        0.02963281747628026,
        0.029632817476280226,
        0.02963281747628024,
        0.02963281747628024,
        0.029632817476280243
      ],
      "contacts": [
        4,
        7,
        7,
        1,
        1,
        1,
        1,
        1
      ],
      "maximum_stress_Pa": [
        61800.20446483864,
        74161.9624648147,
        66689.69777156366,
        12615.591922371006,
        13222.52301347783,
        13274.942694096197,
        14907.295357466384,
        13708.745384165517
      ],
      "residual_N": [
        6.693032135143374e-12,
        6.052405815376647e-12,
        6.238102960705242e-12,
        1.1808956371335932e-12,
        1.2063645016282928e-12,
        1.1957088943821846e-12,
        1.2653543898117591e-12,
        1.1960586422946402e-12
      ],
      "rhs_N": [
        0.2148577081234852,
        0.23289047586014286,
        0.21527739776958954,
        0.03598578511716204,
        0.03735554800300961,
        0.03747625231451942,
        0.04140716193265704,
        0.03848763199303681
      ]
    },
    {
      "tick": 210,
      "phase": [
        0.35058430717863104,
        0.2888146911519199,
        0.2270450751252087,
        0.1652754590984975,
        0.10350584307178631,
        0.041736227045075125,
        0.0,
        0.0
      ],
      "height_m": [
        0.04087030647824215,
        0.029296674979186976,
        0.029510549151829917,
        0.029632817476280257,
        0.02963281747628024,
        0.02963281747628025,
        0.02963281747628025,
        0.029632817476280254
      ],
      "contacts": [
        4,
        7,
        7,
        1,
        1,
        1,
        1,
        1
      ],
      "maximum_stress_Pa": [
        62006.22725288023,
        71747.43064836637,
        66016.27180218797,
        12552.177415096043,
        13129.166679835002,
        13159.043368467514,
        14907.295357465955,
        13708.7453841648
      ],
      "residual_N": [
        6.017547860678028e-12,
        5.8711560033325006e-12,
        6.4777593690208725e-12,
        1.1553348408071794e-12,
        1.1765993061248048e-12,
        1.1795473885645231e-12,
        1.325594746807016e-12,
        1.2026701791042827e-12
      ],
      "rhs_N": [
        0.2153883497676352,
        0.22687985670622,
        0.2140350486365727,
        0.03584576898412156,
        0.037141526700131065,
        0.03720988395177067,
        0.04140716193265574,
        0.0384876319930356
      ]
    },
    {
      "tick": 220,
      "phase": [
        0.36727879799666113,
        0.3055091819699499,
        0.24373956594323873,
        0.18196994991652754,
        0.12020033388981637,
        0.05843071786310518,
        0.0,
        0.0
      ],
      "height_m": [
        0.05096387839409426,
        0.0293290346084338,
        0.029511635585320297,
        0.029313127874906437,
        0.02963281747628025,
        0.029632817476280257,
        0.029632817476280257,
        0.02963281747628026
      ],
      "contacts": [
        4,
        7,
        7,
        3,
        1,
        1,
        1,
        1
      ],
      "maximum_stress_Pa": [
        62243.94276728671,
        69974.25419002639,
        65285.30950134632,
        67493.27031113947,
        13043.266131307753,
        13047.01665647383,
        14907.29535746639,
        13708.745384164993
      ],
      "residual_N": [
        6.2773305146203246e-12,
        5.6200358640333045e-12,
        6.792176897703867e-12,
        6.265280487903798e-12,
        1.1929877806209442e-12,
        1.1843858171323728e-12,
        1.2395338739831417e-12,
        1.1784460918186703e-12
      ],
      "rhs_N": [
        0.21598017831155522,
        0.21833988284454256,
        0.21293948357075015,
        0.23376993987925634,
        0.03694565169642717,
        0.03695418318608512,
        0.04140716193265569,
        0.03848763199303559
      ]
    },
    {
      "tick": 230,
      "phase": [
        0.38397328881469117,
        0.32220367278797996,
        0.2604340567612688,
        0.1986644407345576,
        0.13689482470784642,
        0.07512520868113523,
        0.01335559265442404,
        0.0
      ],
      "height_m": [
        0.06340011391257332,
        0.030732423967606892,
        0.029512653463346923,
        0.029327476758695282,
        0.029632817476280257,
        0.02963281747628026,
        0.02963281747628026,
        0.029632817476280264
      ],
      "contacts": [
        4,
        6,
        7,
        6,
        1,
        1,
        1,
        1
      ],
      "maximum_stress_Pa": [
        62516.28020733709,
        59950.85963997792,
        64647.917385198416,
        72602.65359993059,
        12965.702144578656,
        12939.86863958789,
        14821.574898925419,
        13708.745384165346
      ],
      "residual_N": [
        6.116750425128067e-12,
        5.37950861729516e-12,
        6.24329768751455e-12,
        5.990953681420695e-12,
        1.2253328307392222e-12,
        1.160584511525009e-12,
        1.2976981252734575e-12,
        1.2493280135015216e-12
      ],
      "rhs_N": [
        0.21663718401297283,
        0.18762317890954863,
        0.21212938705912887,
        0.23182589645032145,
        0.036769640160581034,
        0.036711201536513305,
        0.041191908655044025,
        0.03848763199303613
      ]
    },
    {
      "tick": 240,
      "phase": [
        0.4006677796327212,
        0.33889816360601005,
        0.27712854757929883,
        0.21535893155258765,
        0.15358931552587646,
        0.09181969949916528,
        0.03005008347245409,
        0.0
      ],
      "height_m": [
        0.07736962738288637,
        0.03536525190231391,
        0.029513620596823435,
        0.029331137606972073,
        0.02963281747628026,
        0.02963281747628026,
        0.02963281747628026,
        0.029632817476280264
      ],
      "contacts": [
        4,
        6,
        7,
        6,
        1,
        1,
        1,
        1
      ],
      "maximum_stress_Pa": [
        62821.76503925109,
        58579.24197423114,
        64129.77475612976,
        70375.91149497675,
        12897.272189860203,
        12838.787259316701,
        14715.121103584575,
        13708.745384165442
      ],
      "residual_N": [
        6.6512576255533425e-12,
        5.115581354768574e-12,
        6.329202035279136e-12,
        6.123486877623281e-12,
        1.186567968415404e-12,
        1.1430837823587134e-12,
        1.2260588967942455e-12,
        1.1854779615554857e-12
      ],
      "rhs_N": [
        0.2173517457634452,
        0.18449761203258308,
        0.21160423416825208,
        0.22589668227007426,
        0.03661504880134523,
        0.036483451195931625,
        0.0409257738655028,
        0.038487631993037154
      ]
    },
    {
      "tick": 250,
      "phase": [
        0.41736227045075125,
        0.3555926544240401,
        0.2938230383973289,
        0.2320534223706177,
        0.17028380634390652,
        0.10851419031719532,
        0.04674457429048414,
        0.0
      ],
      "height_m": [
        0.09202901580182526,
        0.04338523241393748,
        0.029514552327293032,
        0.029333939381743262,
        0.02963281747628026,
        0.029632817476280257,
        0.029632817476280257,
        0.02963281747628026
      ],
      "contacts": [
        4,
        6,
        7,
        6,
        1,
        1,
        1,
        1
      ],
      "maximum_stress_Pa": [
        63157.108107697095,
        57733.42535147109,
        63715.623676275995,
        69099.3966239702,
        12838.66316616191,
        12744.74001689471,
        14610.51171786453,
        13708.74538416646
      ],
      "residual_N": [
        6.202744509516006e-12,
        5.331655562289524e-12,
        6.04836956552927e-12,
        6.089709423379675e-12,
        1.1900966834468153e-12,
        1.1693358529022417e-12,
        1.2253280367203523e-12,
        1.20826207007797e-12
      ],
      "rhs_N": [
        0.21811621861040043,
        0.18287346662345474,
        0.21131808954539497,
        0.22330924768292104,
        0.03648317249212012,
        0.03627285722920644,
        0.040665667280540614,
        0.038487631993038625
      ]
    },
    {
      "tick": 260,
      "phase": [
        0.4340567612687813,
        0.3722871452420701,
        0.31051752921535897,
        0.24874791318864775,
        0.18697829716193656,
        0.12520868113522537,
        0.06343906510851419,
        0.001669449081803005
      ],
      "height_m": [
        0.10652789073432188,
        0.054261980356420846,
        0.029697895145729007,
        0.029336489478089277,
        0.02950271621405747,
        0.02963281747628025,
        0.02963281747628025,
        0.029632817476280254
      ],
      "contacts": [
        4,
        6,
        7,
        6,
        4,
        1,
        1,
        1
      ],
      "maximum_stress_Pa": [
        63518.65427636359,
        57126.1036684211,
        61494.350558077575,
        68233.48763551404,
        65340.05211637397,
        12658.582352856312,
        14508.879391007513,
        13696.679930709633
      ],
      "residual_N": [
        6.1469754448690576e-12,
        4.95334773701473e-12,
        5.85573340337045e-12,
        6.718067064600328e-12,
        6.929577354586867e-12,
        1.1237917343332792e-12,
        1.188064596303887e-12,
        1.207908144798342e-12
      ],
      "rhs_N": [
        0.21892892845410994,
        0.1820540207875711,
        0.20476577669061102,
        0.22136309033928547,
        0.23698283598498832,
        0.03608106080540622,
        0.04041444638107335,
        0.038459226604785214
      ]
    },
    {
      "tick": 270,
      "phase": [
        0.4507512520868114,
        0.38898163606010017,
        0.327212020033389,
        0.2654424040066778,
        0.20367278797996663,
        0.14190317195325544,
        0.08013355592654424,
        0.018363939899833055
      ],
      "height_m": [
        0.12002297543301287,
        0.06724518943264643,
        0.03197577389029048,
        0.029338934843050345,
        0.029504713304560327,
        0.02963281747628024,
        0.02963281747628024,
        0.029632817476280243
      ],
      "contacts": [
        4,
        6,
        6,
        6,
        4,
        1,
        1,
        1
      ],
      "maximum_stress_Pa": [
        63901.58806464637,
        56682.157835295955,
        59923.00058485535,
        67415.61369464027,
        63446.48424909248,
        12581.16916534806,
        14411.585284210056,
        13577.013937964006
      ],
      "residual_N": [
        6.051974077810178e-12,
        5.344969162702145e-12,
        6.390376484070237e-12,
        6.081139951788687e-12,
        6.923659853881788e-12,
        1.1707073372409085e-12,
        1.2310618441626337e-12,
        1.2139351063929281e-12
      ],
      "rhs_N": [
        0.2197910340061039,
        0.1817557622900411,
        0.20322437555214476,
        0.2198174022503135,
        0.23115317414420947,
        0.035909703662198776,
        0.04017533249686461,
        0.038178337459638105
      ]
    },
    {
      "tick": 280,
      "phase": [
        0.4674457429048414,
        0.4056761268781302,
        0.34390651085141904,
        0.28213689482470783,
        0.22036727879799667,
        0.15859766277128548,
        0.09682804674457429,
        0.035058430717863104
      ],
      "height_m": [
        0.13168607108780161,
        0.08151088798883006,
        0.03765638866942512,
        0.02934132787980877,
        0.0295058217039265,
        0.029632817476280226,
        0.029632817476280226,
        0.02963281747628023
      ],
      "contacts": [
        4,
        6,
        6,
        6,
        4,
        1,
        1,
        1
      ],
      "maximum_stress_Pa": [
        64301.235616409074,
        56400.27690767491,
        60043.224229692125,
        66697.01772767665,
        63649.49822055825,
        12513.359089295169,
        14319.895135477498,
        13460.211041394223
      ],
      "residual_N": [
        6.446665387162759e-12,
        4.759275037947153e-12,
        6.739429944763072e-12,
        6.1832784865417995e-12,
        6.596599509385808e-12,
        1.17609678301059e-12,
        1.2087824684201095e-12,
        1.1920422009944071e-12
      ],
      "rhs_N": [
        0.22070661734897504,
        0.18185917204743146,
        0.20368361271468288,
        0.21863641614515023,
        0.23107552128861192,
        0.03576036986341986,
        0.039951236138819055,
        0.03790565248771308
      ]
    },
    {
      "tick": 290,
      "phase": [
        0.48414023372287146,
        0.4223706176961603,
        0.3606010016694491,
        0.2988313856427379,
        0.2370617696160267,
        0.17529215358931552,
        0.11352253756260434,
        0.05175292153589316
      ],
      "height_m": [
        0.14070609501406678,
        0.09621165845196451,
        0.04660350618270061,
        0.029343688767066115,
        0.029506877739248392,
        0.02963281747628024,
        0.02963281747628024,
        0.029632817476280243
      ],
      "contacts": [
        4,
        6,
        6,
        6,
        4,
        1,
        1,
        1
      ],
      "maximum_stress_Pa": [
        64710.76342371465,
        56299.75967050966,
        60317.87739492505,
        66086.98722014636,
        63792.143670759746,
        12455.872066387832,
        14234.937378626075,
        13347.692664503229
      ],
      "residual_N": [
        6.3614224440453545e-12,
        4.921979630311931e-12,
        6.162653668176899e-12,
        5.847176139415209e-12,
        6.838311865838429e-12,
        1.1714275239339154e-12,
        1.1828321096750943e-12,
        1.206152207428139e-12
      ],
      "rhs_N": [
        0.22167342162539827,
        0.1822706483194984,
        0.2043291810198697,
        0.21777951278205518,
        0.2308396972102722,
        0.035634335444557054,
        0.039744678263717324,
        0.03764438059371002
      ]
    },
    {
      "tick": 300,
      "phase": [
        0.5008347245409015,
        0.43906510851419034,
        0.3772954924874791,
        0.31552587646076796,
        0.25375626043405675,
        0.19198664440734559,
        0.1302170283806344,
        0.06844741235392321
      ],
      "height_m": [
        0.14628447252208324,
        0.11049813115825526,
        0.058195033676559725,
        0.029884690326431613,
        0.029507950438447218,
        0.02924801109065835,
        0.02963281747628025,
        0.029632817476280254
      ],
      "contacts": [
        4,
        6,
        6,
        6,
        4,
        3,
        1,
        1
      ],
      "maximum_stress_Pa": [
        65123.27571822833,
        56395.26731406119,
        60605.870531402565,
        61095.34151264709,
        63958.250504836185,
        86876.01709633716,
        14157.685943312908,
        13240.40629819029
      ],
      "residual_N": [
        6.093550270148478e-12,
        5.02459732480882e-12,
        5.9267655427903435e-12,
        5.146833270209828e-12,
        6.854852038385043e-12,
        7.764452777125895e-12,
        1.2183771868078109e-12,
        1.1916429031463412e-12
      ],
      "rhs_N": [
        0.22268091869749623,
        0.18290475844096274,
        0.20503152303295155,
        0.193308214432516,
        0.23068974700101139,
        0.28782373916855186,
        0.0395577596867782,
        0.037396685013772815
      ]
    },
    {
      "tick": 310,
      "phase": [
        0.5175292153589316,
        0.4557595993322204,
        0.3939899833055092,
        0.332220367278798,
        0.27045075125208684,
        0.20868113522537562,
        0.14691151919866444,
        0.08514190317195326
      ],
      "height_m": [
        0.1484404909835366,
        0.12353092774185888,
        0.0716503641431032,
        0.033135799871199106,
        0.02950903296793485,
        0.029257414620631247,
        0.029632817476280257,
        0.02963281747628026
      ],
      "contacts": [
        4,
        6,
        6,
        5,
        4,
        3,
        1,
        1
      ],
      "maximum_stress_Pa": [
        65555.42025038977,
        56686.09756338338,
        60854.61579510775,
        59451.62737134264,
        64153.35282823939,
        83943.98982448525,
        14088.941852846865,
        13139.05287882065
      ],
      "residual_N": [
        6.2618191591756564e-12,
        4.876303280053304e-12,
        6.55589274870075e-12,
        5.046081476029438e-12,
        6.826849998310777e-12,
        7.560276421443159e-12,
        1.1820329462671143e-12,
        1.1754980708447809e-12
      ],
      "rhs_N": [
        0.22380796063809097,
        0.183707803567133,
        0.2057742966037385,
        0.1933511958311139,
        0.2306865358317129,
        0.28143417363076,
        0.03939211441710473,
        0.03716413291376732
      ]
    },
    {
      "tick": 320,
      "phase": [
        0.5342237061769616,
        0.4724540901502504,
        0.41068447412353926,
        0.34891485809682804,
        0.2871452420701169,
        0.2253756260434057,
        0.1636060100166945,
        0.10183639398998331
      ],
      "height_m": [
        0.1491245598646849,
        0.1344869249365485,
        0.08613554832295602,
        0.03984168690980395,
        0.029510116554188497,
        0.029263753753873526,
        0.02963281747628026,
        0.029632817476280264
      ],
      "contacts": [
        4,
        6,
        6,
        5,
        4,
        3,
        1,
        1
      ],
      "maximum_stress_Pa": [
        65971.06216651112,
        57151.423519367825,
        61059.50977963889,
        59070.79780684877,
        64379.04681432676,
        81985.91720374004,
        14029.398181372217,
        13044.201705672867
      ],
      "residual_N": [
        6.019235876780674e-12,
        5.499585313417929e-12,
        6.082534389487795e-12,
        5.957061177631641e-12,
        6.846718830415642e-12,
        8.151238724876048e-12,
        1.2147672159605904e-12,
        1.1371144631631155e-12
      ],
      "rhs_N": [
        0.22488040448390959,
        0.18467081608038385,
        0.20657250983021838,
        0.1933472654196733,
        0.23083987812747322,
        0.27729813625937766,
        0.039249160094808284,
        0.036947779712468466
      ]
    },
    {
      "tick": 330,
      "phase": [
        0.5509181969949917,
        0.48914858096828046,
        0.4273789649415693,
        0.36560934891485813,
        0.3038397328881469,
        0.24207011686143573,
        0.18030050083472454,
        0.11853088480801335
      ],
      "height_m": [
        0.1493405293459795,
        0.1425593058914528,
        0.10080115430531392,
        0.04965730672108802,
        0.02952245931004134,
        0.029269124333400093,
        0.029454938356013656,
        0.029632817476280264
      ],
      "contacts": [
        4,
        6,
        6,
        5,
        4,
        3,
        3,
        1
      ],
      "maximum_stress_Pa": [
        66373.14311639902,
        57744.89146660432,
        61216.508903511174,
        58725.71506350741,
        64835.37372632204,
        80291.2057453896,
        61190.10612391391,
        12956.791049811169
      ],
      "residual_N": [
        6.154605928533043e-12,
        5.572437570040602e-12,
        6.100751559214222e-12,
        6.052426261779005e-12,
        6.43055729022152e-12,
        7.557349703353798e-12,
        5.436400125545012e-12,
        1.1952247513052813e-12
      ],
      "rhs_N": [
        0.22591032523283386,
        0.1858022201540309,
        0.20742357700961753,
        0.19349199710781584,
        0.2299632539951451,
        0.27401619618454087,
        0.21808483809853854,
        0.036749471535862735
      ]
    },
    {
      "tick": 340,
      "phase": [
        0.5676126878130218,
        0.5058430717863105,
        0.44407345575959933,
        0.3823038397328882,
        0.32053422370617696,
        0.2587646076794658,
        0.1969949916527546,
        0.13522537562604342
      ],
      "height_m": [
        0.1494078980936291,
        0.1469863973220678,
        0.11479990082788051,
        0.06189316945117805,
        0.03067672303051982,
        0.029274152127417134,
        0.029459045436726713,
        0.02963281747628026
      ],
      "contacts": [
        4,
        6,
        6,
        5,
        3,
        3,
        3,
        1
      ],
      "maximum_stress_Pa": [
        66759.65728690781,
        58393.04422321761,
        61325.235110005335,
        58404.5630414786,
        66863.530652218,
        78798.14605564333,
        76776.9797979003,
        12877.73676692397
      ],
      "residual_N": [
        6.240779840959403e-12,
        5.1787498897636325e-12,
        6.1203167411977466e-12,
        5.65061892067462e-12,
        6.718559084525914e-12,
        8.015850023142273e-12,
        7.461782192775282e-12,
        1.196260291743938e-12
      ],
      "rhs_N": [
        0.22690115927477492,
        0.18708793870974494,
        0.20831612558114518,
        0.19377337784147794,
        0.22673180300600837,
        0.27139365288524886,
        0.2689371054484187,
        0.03657103767592136
      ]
    },
    {
      "tick": 350,
      "phase": [
        0.5843071786310517,
        0.5225375626043406,
        0.4607679465776294,
        0.3989983305509182,
        0.337228714524207,
        0.27545909849749584,
        0.21368948247078465,
        0.15191986644407346
      ],
      "height_m": [
        0.14942809684086766,
        0.1485160970228217,
        0.1272967780755613,
        0.075746074480093,
        0.034962702061104085,
        0.029279024807775493,
        0.029461809780576973,
        0.029632817476280254
      ],
      "contacts": [
        4,
        6,
        6,
        5,
        3,
        3,
        3,
        1
      ],
      "maximum_stress_Pa": [
        67128.36895487967,
        58974.317339605106,
        61392.17860042521,
        58152.42594777217,
        67084.25176999354,
        77480.34813136295,
        75860.2711476092,
        12807.840498095755
      ],
      "residual_N": [
        6.695898409305274e-12,
        5.7856765196758274e-12,
        6.2602416652295706e-12,
        5.387329535213775e-12,
        6.464061322112113e-12,
        8.192954736962295e-12,
        6.684920443757789e-12,
        1.1606410074623105e-12
      ],
      "rhs_N": [
        0.22784922110360264,
        0.18840037012525335,
        0.20923472385239117,
        0.19421655104017105,
        0.22729878037051968,
        0.2693266181445767,
        0.2680659327266625,
        0.03641401487128292
      ]
    },
    {
      "tick": 360,
      "phase": [
        0.6010016694490818,
        0.5392320534223707,
        0.47746243739565947,
        0.41569282136894825,
        0.3539232053422371,
        0.2921535893155259,
        0.2303839732888147,
        0.1686143572621035
      ],
      "height_m": [
        0.14943332382065688,
        0.1490005660070009,
        0.13747356670533536,
        0.09037479999346186,
        0.04266115729014153,
        0.029283798559916335,
        0.029464004651213224,
        0.029632817476280243
      ],
      "contacts": [
        4,
        6,
        6,
        5,
        3,
        3,
        3,
        1
      ],
      "maximum_stress_Pa": [
        67474.79882000847,
        59428.5778347256,
        61429.97949489046,
        58026.407077336815,
        67356.11587561524,
        76319.50431739182,
        75363.55301142971,
        12747.705839505748
      ],
      "residual_N": [
        6.07223374588339e-12,
        4.8491042723044054e-12,
        6.348898973128693e-12,
        5.3123960158269976e-12,
        7.116060087948481e-12,
        7.238860865932777e-12,
        7.696471648332296e-12,
        1.1991113726841581e-12
      ],
      "rhs_N": [
        0.2287463106768981,
        0.18953940966195165,
        0.2101621484658524,
        0.19483388714600544,
        0.228065107820505,
        0.2677439035545101,
        0.26722655997859324,
        0.036279479087014184
      ]
    },
    {
      "tick": 370,
      "phase": [
        0.6176961602671118,
        0.5559265442404007,
        0.4941569282136895,
        0.4323873121869783,
        0.37061769616026713,
        0.3088480801335559,
        0.24707846410684475,
        0.18530884808013356
      ],
      "height_m": [
        0.14943221671366988,
        0.14915337206631876,
        0.144526845275282,
        0.10492914117301852,
        0.05328228207954082,
        0.029399991747056976,
        0.029466010218791878,
        0.02945924690507878
      ],
      "contacts": [
        4,
        6,
        6,
        5,
        3,
        3,
        3,
        3
      ],
      "maximum_stress_Pa": [
        67728.60511577636,
        59795.573668280216,
        61457.71249034682,
        58065.88503422315,
        67673.80314869291,
        74039.76628038239,
        74975.02864116419,
        72291.57157451546
      ],
      "residual_N": [
        6.181520421184696e-12,
        4.754373329577233e-12,
        6.1183731275996785e-12,
        5.320474887979447e-12,
        6.2070518037962934e-12,
        6.458474909064153e-12,
        6.7726216777421046e-12,
        6.91359864984564e-12
      ],
      "rhs_N": [
        0.22958099303845425,
        0.1905379613279081,
        0.21107940837730219,
        0.19563010215727653,
        0.22898850680429386,
        0.2502541012873826,
        0.26664406491645043,
        0.25467270734843345
      ]
    },
    {
      "tick": 380,
      "phase": [
        0.6343906510851419,
        0.5726210350584308,
        0.5108514190317196,
        0.4490818030050084,
        0.38731218697829717,
        0.325542570951586,
        0.2637729549248748,
        0.2020033388981636
      ],
      "height_m": [
        0.14942897543082398,
        0.1492009375178557,
        0.1478674997742076,
        0.11856463485708393,
        0.06608919403106808,
        0.031364849433743444,
        0.029467939109836777,
        0.02946312757882556
      ],
      "contacts": [
        4,
        6,
        6,
        5,
        3,
        2,
        3,
        3
      ],
      "maximum_stress_Pa": [
        68012.48827870948,
        60105.19085136725,
        61501.47654093098,
        58347.16741030654,
        68038.47929612391,
        67463.26016904583,
        74679.65671206919,
        69754.18646355177
      ],
      "residual_N": [
        6.278472792560283e-12,
        5.238654698621017e-12,
        5.8299351337231524e-12,
        5.393253736967411e-12,
        7.000939115515582e-12,
        6.92804337154039e-12,
        6.6803161823353324e-12,
        6.774863181732574e-12
      ],
      "rhs_N": [
        0.23033610753284664,
        0.19143364610205965,
        0.21203522766308447,
        0.19658724350031823,
        0.2300611452835234,
        0.23665990015743674,
        0.266310983808191,
        0.24862876965644584
      ]
    },
    {
      "tick": 390,
      "phase": [
        0.651085141903172,
        0.5893155258764607,
        0.5275459098497496,
        0.4657762938230384,
        0.4040066777963272,
        0.34223706176961605,
        0.28046744574290483,
        0.21869782971619367
      ],
      "height_m": [
        0.14942583666552464,
        0.14921511548009653,
        0.14895096368998076,
        0.13045111547517202,
        0.08026249608948073,
        0.03669373883482582,
        0.029469824738253794,
        0.02946565228174666
      ],
      "contacts": [
        4,
        6,
        6,
        5,
        3,
        2,
        3,
        3
      ],
      "maximum_stress_Pa": [
        68287.43350093288,
        60374.82434783648,
        61610.330768168766,
        58772.30997618526,
        68447.85798179482,
        67669.45144006133,
        74469.65142322861,
        69400.49885530655
      ],
      "residual_N": [
        6.194027387614354e-12,
        5.259058263892637e-12,
        6.104091460123522e-12,
        5.24609472089014e-12,
        6.162020504060606e-12,
        6.868792920846441e-12,
        6.796817714318002e-12,
        6.643787978397451e-12
      ],
      "rhs_N": [
        0.23101131430522912,
        0.19224791526940865,
        0.2130030466152564,
        0.19760471383931585,
        0.2312652018523817,
        0.23727354590154437,
        0.2662105355651364,
        0.24801389999983114
      ]
    },
    {
      "tick": 400,
      "phase": [
        0.667779632721202,
        0.6060100166944908,
        0.5442404006677797,
        0.48247078464106846,
        0.4207011686143573,
        0.3589315525876461,
        0.2971619365609349,
        0.2353923205342237
      ],
      "height_m": [
        0.1494227816841182,
        0.14921851869674216,
        0.1492935994178237,
        0.1397752247306851,
        0.09495602248795311,
        0.045335949918911114,
        0.029471677303672127,
        0.029467747205538384
      ],
      "contacts": [
        4,
        6,
        6,
        5,
        3,
        2,
        3,
        3
      ],
      "maximum_stress_Pa": [
        68533.73908153088,
        60600.33961454812,
        61740.701029678276,
        59300.46995090753,
        68897.55562545534,
        67962.45758602308,
        74339.92670848776,
        69053.00124030747
      ],
      "residual_N": [
        6.112351297088689e-12,
        5.2267965223359525e-12,
        6.345946807165351e-12,
        5.8648021277269926e-12,
        7.0855384884094165e-12,
        6.676514517062789e-12,
        6.579188188876921e-12,
        6.721790224090509e-12
      ],
      "rhs_N": [
        0.23159576065300255,
        0.19298659384778993,
        0.2139406826138138,
        0.1987546575436395,
        0.23257659667075853,
        0.23822117721871872,
        0.26632996790402713,
        0.24741927905813457
      ]
    },
    {
      "tick": 410,
      "phase": [
        0.6844741235392321,
        0.6227045075125209,
        0.5609348914858097,
        0.4991652754590985,
        0.43739565943238734,
        0.3756260434056761,
        0.31385642737896496,
        0.25208681135225375
      ],
      "height_m": [
        0.14941964624715767,
        0.14921661699628916,
        0.14940133605705644,
        0.14573636165779227,
        0.10932000713904218,
        0.056695525111894365,
        0.029867178612684557,
        0.029469693336009628
      ],
      "contacts": [
        4,
        6,
        6,
        5,
        3,
        2,
        3,
        3
      ],
      "maximum_stress_Pa": [
        68742.89642300952,
        60777.80592389594,
        61870.22931057598,
        59904.960375025476,
        69382.338359121,
        68305.1524258358,
        74238.20739167402,
        68773.2988827171
      ],
      "residual_N": [
        5.6799361841164225e-12,
        5.8480274333708955e-12,
        6.1150094776815155e-12,
        5.485107844056232e-12,
        6.364442454268642e-12,
        6.55472068722465e-12,
        6.744403397130515e-12,
        6.590937131418568e-12
      ],
      "rhs_N": [
        0.2320802023205217,
        0.19365708079102525,
        0.21484682037889344,
        0.20001061709163057,
        0.23396906685594493,
        0.23931974863709718,
        0.2583781016539384,
        0.24702923371895394
      ]
    },
    {
      "tick": 420,
      "phase": [
        0.7011686143572621,
        0.6393989983305509,
        0.5776293823038398,
        0.5158597662771286,
        0.4540901502504174,
        0.39232053422370616,
        0.330550918196995,
        0.2687813021702838
      ],
      "height_m": [
        0.14941549970853807,
        0.14921372539475225,
        0.14943459030450248,
        0.14815198280575817,
        0.12251370816569646,
        0.07000052113654344,
        0.03278645701686373,
        0.02947157439028271
      ],
      "contacts": [
        4,
        6,
        6,
        5,
        3,
        2,
        2,
        3
      ],
      "maximum_stress_Pa": [
        50459.690726831075,
        60951.89417176263,
        61993.43821857041,
        60439.114673986514,
        69896.31922815219,
        68696.44121798134,
        74454.49487120344,
        68571.08664866496
      ],
      "residual_N": [
        4.1582207779787804e-12,
        4.808949917926934e-12,
        6.295992368387499e-12,
        5.482488176598428e-12,
        7.585376571471721e-12,
        6.6697070796029275e-12,
        6.864121514745664e-12,
        6.5354547183557185e-12
      ],
      "rhs_N": [
        0.1673728600322347,
        0.19423783054580998,
        0.21571470852488503,
        0.2013631098887842,
        0.23541814588563104,
        0.24055298068542924,
        0.2591099857319423,
        0.24685382789441998
      ]
    },
    {
      "tick": 430,
      "phase": [
        0.7178631051752922,
        0.656093489148581,
        0.5943238731218699,
        0.5325542570951586,
        0.4707846410684474,
        0.40901502504173626,
        0.34724540901502504,
        0.2854757929883139
      ],
      "height_m": [
        0.14916292454746286,
        0.14921099110037672,
        0.1494442356105172,
        0.14891911517352197,
        0.13371224810399177,
        0.08441980914963722,
        0.03915329267462656,
        0.029473415493364807
      ],
      "contacts": [
        2,
        6,
        6,
        5,
        3,
        2,
        2,
        3
      ],
      "maximum_stress_Pa": [
        11584.604331864495,
        61115.525185997045,
        62108.346394001244,
        60844.50165128543,
        70431.53287548854,
        69133.91552167494,
        74703.21441728371,
        68446.15289091956
      ],
      "residual_N": [
        7.733901248520312e-13,
        5.993693160342417e-12,
        6.48761442321884e-12,
        5.694916585473491e-12,
        6.523050234950761e-12,
        7.259532428312555e-12,
        7.195873208799931e-12,
        6.442573511560251e-12
      ],
      "rhs_N": [
        0.0453479067045005,
        0.19474951914724914,
        0.21653447353589841,
        0.20260125248788446,
        0.2369002212135531,
        0.24191260889313035,
        0.25998962992164365,
        0.24688676050307254
      ]
    },
    {
      "tick": 440,
      "phase": [
        0.7345575959933223,
        0.672787979966611,
        0.6110183639398998,
        0.5492487479131887,
        0.48747913188647746,
        0.4257095158597663,
        0.3639398998330551,
        0.3021702838063439
      ],
      "height_m": [
        0.14776411682064428,
        0.1492082559067872,
        0.14944572572998957,
        0.1491613970998584,
        0.14210735009434788,
        0.09910440988550231,
        0.048685387388373975,
        0.02947788312724974
      ],
      "contacts": [
        1,
        6,
        6,
        5,
        3,
        2,
        2,
        3
      ],
      "maximum_stress_Pa": [
        6846.546224100579,
        61263.817556019276,
        62242.05997798782,
        61148.94418709331,
        70979.81801081309,
        69612.60280510585,
        74995.79868193873,
        68386.12466843723
      ],
      "residual_N": [
        3.558703714701763e-13,
        5.537210020887633e-12,
        5.932871077400836e-12,
        5.819084092252304e-12,
        7.11301943018721e-12,
        6.526543684341287e-12,
        6.638036978830017e-12,
        7.460569439885143e-12
      ],
      "rhs_N": [
        0.019754321505007073,
        0.19519422549830068,
        0.21730234599937476,
        0.20372041431139343,
        0.23839709805507378,
        0.24339059425244616,
        0.26100925972045924,
        0.24673833016169464
      ]
    },
    {
      "tick": 450,
      "phase": [
        0.7512520868113522,
        0.6894824707846411,
        0.6277128547579299,
        0.5659432387312188,
        0.5041736227045075,
        0.44240400667779634,
        0.3806343906510852,
        0.31886477462437396
      ],
      "height_m": [
        0.14563421766993487,
        0.14920540935092935,
        0.14944317515607577,
        0.1492372833363654,
        0.14691520891871582,
        0.11320623072614924,
        0.06071352606619757,
        0.03040062476907592
      ],
      "contacts": [
        3,
        6,
        6,
        5,
        3,
        2,
        2,
        2
      ],
      "maximum_stress_Pa": [
        13550.400405748731,
        61393.71721507997,
        62381.43131800921,
        61388.643369885365,
        71537.80450519918,
        70125.37583583704,
        75327.29279141342,
        68572.3439828676
      ],
      "residual_N": [
        9.438796361923611e-13,
        5.452062042750326e-12,
        6.367299663638015e-12,
        5.694284572641903e-12,
        6.6333288094154226e-12,
        6.606996987723699e-12,
        6.668758375795108e-12,
        6.978100779987703e-12
      ],
      "rhs_N": [
        0.05436954639933231,
        0.19556723119091043,
        0.2180134016391048,
        0.20475469777352856,
        0.23992618297539228,
        0.24497714244188235,
        0.26216578173052096,
        0.24021840788006174
      ]
    },
    {
      "tick": 460,
      "phase": [
        0.7679465776293823,
        0.7061769616026712,
        0.6444073455759599,
        0.5826377295492488,
        0.5208681135225376,
        0.4590984974958264,
        0.3973288814691152,
        0.335559265442404
      ],
      "height_m": [
        0.14161226146140804,
        0.14920042434531983,
        0.14944025439412803,
        0.1492604211118086,
        0.14862944412606666,
        0.1258887562022751,
        0.074441277100311,
        0.034338881222235634
      ],
      "contacts": [
        5,
        6,
        6,
        5,
        3,
        2,
        2,
        2
      ],
      "maximum_stress_Pa": [
        58652.82961783992,
        14909.530007488023,
        62471.2040959863,
        61586.33979735557,
        72108.39752350071,
        70664.6224719851,
        75693.28310255041,
        68813.00669115578
      ],
      "residual_N": [
        4.665500206263981e-12,
        1.0951536224469088e-12,
        6.137828915019336e-12,
        5.701848837439977e-12,
        6.89461402526357e-12,
        6.567621498306195e-12,
        6.9766522421964325e-12,
        6.74813160063242e-12
      ],
      "rhs_N": [
        0.21145357452653904,
        0.05275026456967169,
        0.21864471972561925,
        0.2057187978075157,
        0.24155239489247785,
        0.24666047011043943,
        0.2634498880359658,
        0.24098587882832043
      ]
    },
    {
      "tick": 470,
      "phase": [
        0.7846410684474123,
        0.7228714524207012,
        0.66110183639399,
        0.5993322203672788,
        0.5375626043405676,
        0.47579298831385647,
        0.41402337228714525,
        0.3522537562604341
      ],
      "height_m": [
        0.14160547180553465,
        0.14900832040698833,
        0.14943740460315644,
        0.14926684349830205,
        0.14917155425362422,
        0.1363321518882976,
        0.08902951264548968,
        0.04171127427288376
      ],
      "contacts": [
        5,
        2,
        6,
        5,
        3,
        2,
        2,
        2
      ],
      "maximum_stress_Pa": [
        59909.53906730842,
        14767.656005460709,
        62529.23953266665,
        61754.57785196008,
        72664.59703602424,
        71222.13010764429,
        76107.71262570754,
        69088.07787473075
      ],
      "residual_N": [
        4.775941120446415e-12,
        1.0820300942135958e-12,
        6.311243320567991e-12,
        5.760866428875573e-12,
        6.478154023926769e-12,
        6.863203068454719e-12,
        7.366892761648563e-12,
        6.808065298022553e-12
      ],
      "rhs_N": [
        0.22150604731417453,
        0.055991719723902225,
        0.21918701276023067,
        0.2066152901400144,
        0.24312698202152203,
        0.24842393942077887,
        0.2648509464163962,
        0.2418909654317403
      ]
    },
    {
      "tick": 480,
      "phase": [
        0.8013355592654424,
        0.7395659432387313,
        0.6777963272120201,
        0.6160267111853088,
        0.5542570951585977,
        0.4924874791318865,
        0.4307178631051753,
        0.36894824707846413
      ],
      "height_m": [
        0.14160435539713007,
        0.14878400638244285,
        0.14943444004410966,
        0.14926661326017093,
        0.1493416211017871,
        0.14373195727142238,
        0.10362810899509435,
        0.05207115266245791
      ],
      "contacts": [
        5,
        3,
        6,
        5,
        3,
        2,
        2,
        2
      ],
      "maximum_stress_Pa": [
        60245.225262531996,
        15719.264412338985,
        62567.80054043415,
        61869.02866385589,
        73206.57199045214,
        71791.51802104303,
        76558.36550344386,
        69406.41832035055
      ],
      "residual_N": [
        4.768275397666614e-12,
        1.243146005157631e-12,
        6.1133713091346086e-12,
        5.378091064142785e-12,
        6.363360447826026e-12,
        6.830348083579902e-12,
        6.921962265396889e-12,
        6.6185153114838895e-12
      ],
      "rhs_N": [
        0.2212169628861834,
        0.060218295451499336,
        0.21963741247670257,
        0.20745521533281563,
        0.24465976530784725,
        0.25025238031070063,
        0.2663564932593952,
        0.24293712766633963
      ]
    },
    {
      "tick": 490,
      "phase": [
        0.8180300500834725,
        0.7562604340567612,
        0.6944908180300501,
        0.6327212020033389,
        0.5709515859766278,
        0.5091819699499165,
        0.44741235392320533,
        0.38564273789649417
      ],
      "height_m": [
        0.14160278292921494,
        0.14873462236501195,
        0.14943132657085972,
        0.14926373964084466,
        0.14939362096828132,
        0.14741998183087865,
        0.11739159127052787,
        0.06469582256192598
      ],
      "contacts": [
        5,
        4,
        6,
        5,
        3,
        2,
        2,
        2
      ],
      "maximum_stress_Pa": [
        60294.302019728726,
        15356.415817488498,
        62591.22972574391,
        61972.56826695174,
        73728.73624203596,
        72376.63898447607,
        77037.39606144594,
        69772.45899052464
      ],
      "residual_N": [
        4.835032551249145e-12,
        1.3203565090256906e-12,
        6.3285023670261595e-12,
        5.8652468964803975e-12,
        6.6556557931434255e-12,
        6.667267835625519e-12,
        7.291973041191967e-12,
        6.332772638997144e-12
      ],
      "rhs_N": [
        0.22211285153523128,
        0.059912328264240554,
        0.21999111374831035,
        0.20819824385072472,
        0.2461390832747896,
        0.25218545863999425,
        0.26795473193246755,
        0.24412231632813958
      ]
    },
    {
      "tick": 500,
      "phase": [
        0.8347245409015025,
        0.7729549248747913,
        0.7111853088480802,
        0.649415692821369,
        0.5876460767946577,
        0.5258764607679466,
        0.4641068447412354,
        0.4023372287145242
      ],
      "height_m": [
        0.14160088706509194,
        0.1487236816459624,
        0.14935644442808577,
        0.14926082527168202,
        0.14940815807305963,
        0.148634363282996,
        0.1294881383912815,
        0.07877074249300994
      ],
      "contacts": [
        5,
        6,
        3,
        5,
        3,
        2,
        2,
        2
      ],
      "maximum_stress_Pa": [
        60230.06130124129,
        53573.372792174705,
        12514.474537208289,
        62075.3810060578,
        74225.93164004544,
        72983.2160129584,
        77536.22213375248,
        70186.72094133709
      ],
      "residual_N": [
        4.703713079493478e-12,
        5.034876995513216e-12,
        9.321691769492943e-13,
        5.476221038076886e-12,
        6.26235964684791e-12,
        6.451070626271604e-12,
        6.913343250795174e-12,
        6.722098369839777e-12
      ],
      "rhs_N": [
        0.22280329876240823,
        0.18759393900243188,
        0.046696675721454285,
        0.20884931334539492,
        0.24754985716751385,
        0.2541636369149782,
        0.2696294535739382,
        0.24544200293299887
      ]
    },
    {
      "tick": 510,
      "phase": [
        0.8514190317195326,
        0.7896494156928214,
        0.7278797996661102,
        0.666110183639399,
        0.6043405676126878,
        0.5425709515859767,
        0.48080133555926546,
        0.41903171953255425
      ],
      "height_m": [
        0.1415986992547334,
        0.14872037357856857,
        0.14878598189855707,
        0.1492579242885135,
        0.14941072225861746,
        0.14901776988801022,
        0.1391028948986735,
        0.09345116174358865
      ],
      "contacts": [
        5,
        6,
        3,
        5,
        3,
        2,
        2,
        2
      ],
      "maximum_stress_Pa": [
        60147.34330061257,
        57618.28762033554,
        19553.86971804153,
        62174.66491340926,
        74675.76297013294,
        73577.26154145131,
        78045.48205800002,
        70645.6929696301
      ],
      "residual_N": [
        4.7364679116337164e-12,
        4.98901029675872e-12,
        1.5917463071297048e-12,
        6.4548950993262334e-12,
        7.189871499329039e-12,
        6.348610039502626e-12,
        6.461038311722476e-12,
        6.616443736126842e-12
      ],
      "rhs_N": [
        0.22313416772146444,
        0.1885946539306226,
        0.07133462950823671,
        0.20941639756894512,
        0.2488710082146299,
        0.2561067094445332,
        0.27135921362995746,
        0.24688757706913442
      ]
    },
    {
      "tick": 520,
      "phase": [
        0.8681135225375626,
        0.8063439065108514,
        0.7445742904841403,
        0.6828046744574291,
        0.6210350584307179,
        0.5592654424040067,
        0.4974958263772955,
        0.43572621035058434
      ],
      "height_m": [
        0.14159622064272537,
        0.14871827630838994,
        0.14538115380540814,
        0.14925487146619823,
        0.1494075155052954,
        0.14913763896032559,
        0.14543454989726673,
        0.10788703032799524
      ],
      "contacts": [
        5,
        6,
        2,
        5,
        3,
        2,
        2,
        2
      ],
      "maximum_stress_Pa": [
        60030.781690987016,
        58670.22662510685,
        7658.230356521756,
        62266.84435347364,
        75038.88742929198,
        74147.99517920734,
        78556.60057697956,
        71142.81465759332
      ],
      "residual_N": [
        4.939377806504784e-12,
        5.18007748151481e-12,
        3.2381345199640256e-13,
        5.842120263610271e-12,
        6.880512080505054e-12,
        6.6916959649013566e-12,
        6.59941062067346e-12,
        6.9210695719041755e-12
      ],
      "rhs_N": [
        0.2231083945939078,
        0.18931642284389466,
        0.023430364928762278,
        0.2098943970793912,
        0.2500697943573253,
        0.25801721571706027,
        0.27312133563847935,
        0.2484473950796178
      ]
    },
    {
      "tick": 530,
      "phase": [
        0.8848080133555927,
        0.8230383973288815,
        0.7612687813021703,
        0.6994991652754591,
        0.6377295492487479,
        0.5759599332220368,
        0.5141903171953256,
        0.4524207011686144
      ],
      "height_m": [
        0.14159355376464267,
        0.14871663887967024,
        0.14343406042426385,
        0.14925169513918354,
        0.14940271489904397,
        0.14917392339604102,
        0.1481340826614971,
        0.12123628182923124
      ],
      "contacts": [
        5,
        6,
        4,
        5,
        3,
        2,
        2,
        2
      ],
      "maximum_stress_Pa": [
        59884.31080496206,
        59259.68790563894,
        32124.774160764853,
        62348.795583585845,
        75429.58869211651,
        74714.74261517942,
        79086.3129430586,
        71670.55107419357
      ],
      "residual_N": [
        4.777924618182549e-12,
        5.607843239344612e-12,
        2.6485979039842065e-12,
        5.7681944633465895e-12,
        6.565624019125448e-12,
        6.8245575836873105e-12,
        7.533577177843755e-12,
        6.4388998332360175e-12
      ],
      "rhs_N": [
        0.22281689447335232,
        0.18976068520753567,
        0.13308017530618285,
        0.21027550386969013,
        0.2511727598816635,
        0.25987552503873856,
        0.2749903014964993,
        0.25010968382806165
      ]
    },
    {
      "tick": 540,
      "phase": [
        0.9015025041736228,
        0.8397328881469115,
        0.7779632721202003,
        0.7161936560934892,
        0.654424040066778,
        0.5926544240400667,
        0.5308848080133556,
        0.4691151919866444
      ],
      "height_m": [
        0.14094618786109336,
        0.14871522216047514,
        0.14342522676180564,
        0.14906882128453597,
        0.14939774865503397,
        0.14918370463374603,
        0.1489937121999823,
        0.13267221305003504
      ],
      "contacts": [
        5,
        6,
        6,
        2,
        3,
        2,
        2,
        2
      ],
      "maximum_stress_Pa": [
        3216.9198675387865,
        59561.504955041724,
        56309.78880490787,
        10643.869116374794,
        75798.77367416768,
        75264.39274777967,
        79618.63888905536,
        72221.22491034899
      ],
      "residual_N": [
        2.1915700682337196e-13,
        5.184121564242321e-12,
        4.791786815335795e-12,
        7.76543274636609e-13,
        7.187321661550124e-12,
        6.533342129495397e-12,
        6.505194708100437e-12,
        6.732579427980626e-12
      ],
      "rhs_N": [
        0.014754559421715684,
        0.18986025203637946,
        0.20527522212506777,
        0.04385965219641441,
        0.252152502469182,
        0.2616557383799214,
        0.2768281932162514,
        0.2518618042010942
      ]
    },
    {
      "tick": 550,
      "phase": [
        0.9181969949916527,
        0.8564273789649416,
        0.7946577629382304,
        0.7328881469115193,
        0.671118530884808,
        0.6093489148580968,
        0.5475792988313857,
        0.48580968280467446
      ],
      "height_m": [
        0.08544773421891229,
        0.14871390178924343,
        0.1434226975480692,
        0.14844098686648802,
        0.14939252200471095,
        0.1491846022364056,
        0.14926456627263981,
        0.14138488856194098
      ],
      "contacts": [
        0,
        6,
        6,
        2,
        3,
        2,
        2,
        2
      ],
      "maximum_stress_Pa": [
        0.18305479453938006,
        59689.28929448448,
        57749.68125677932,
        11413.127920084484,
        76125.71757933166,
        75724.58401218339,
        80125.82081410609,
        72785.91298119965
      ],
      "residual_N": [
        4.2552487677180863e-17,
        5.468835732863873e-12,
        4.86373109068645e-12,
        8.535831428142963e-13,
        6.547112389067437e-12,
        7.002795308998329e-12,
        6.53622528306694e-12,
        7.012334089799575e-12
      ],
      "rhs_N": [
        9.1973587815829e-07,
        0.18968387437292894,
        0.20684209625729527,
        0.0445379139769722,
        0.25298823360100803,
        0.26333182834838176,
        0.278610547272317,
        0.2536839222019328
      ]
    },
    {
      "tick": 560,
      "phase": [
        0.9348914858096828,
        0.8731218697829717,
        0.8113522537562604,
        0.7495826377295493,
        0.6878130217028381,
        0.6260434056761269,
        0.5642737896494157,
        0.5025041736227045
      ],
      "height_m": [
        0.018771992769496672,
        0.14871262150795264,
        0.14342081265648218,
        0.14426026623947466,
        0.14938697860697822,
        0.1491810758556274,
        0.14934871914374656,
        0.14657931543661487
      ],
      "contacts": [
        1,
        6,
        6,
        2,
        3,
        2,
        2,
        2
      ],
      "maximum_stress_Pa": [
        48388.12980737158,
        59712.02149505713,
        58499.947403400336,
        22580.765659902685,
        76401.45819230251,
        76142.12208864746,
        80606.47611726068,
        73357.82775056397
      ],
      "residual_N": [
        2.1716013062315253e-12,
        5.407159039339566e-12,
        4.706242856056883e-12,
        9.492284946732589e-13,
        6.477613549263452e-12,
        6.704626698997429e-12,
        6.6723485086016136e-12,
        7.265286316067905e-12
      ],
      "rhs_N": [
        0.11861524025335894,
        0.18931040910950853,
        0.20738806762967563,
        0.06853050489957832,
        0.2536641833672082,
        0.2648793179911573,
        0.28033878526844414,
        0.2555650909130703
      ]
    },
    {
      "tick": 570,
      "phase": [
        0.9515859766277129,
        0.8898163606010017,
        0.8280467445742905,
        0.7662771285475793,
        0.7045075125208682,
        0.6427378964941569,
        0.5809682804674458,
        0.5191986644407346
      ],
      "height_m": [
        0.02444281287345516,
        0.1487113575432536,
        0.14341924335368286,
        0.14093869570407908,
        0.1493781031116901,
        0.14917713881664216,
        0.14937367091611245,
        0.14850213530100395
      ],
      "contacts": [
        1,
        6,
        6,
        4,
        3,
        2,
        2,
        2
      ],
      "maximum_stress_Pa": [
        11091.90642769593,
        59670.463054390544,
        58815.97793332755,
        62657.93923256042,
        22690.58455587573,
        76554.9149179763,
        81081.457123298,
        73947.62733100403
      ],
      "residual_N": [
        6.511662938610486e-13,
        4.882162288263461e-12,
        4.8311882995511224e-12,
        4.260194729395583e-12,
        1.8250703066043334e-12,
        7.166088369674964e-12,
        7.183666476632137e-12,
        6.881874275827043e-12
      ],
      "rhs_N": [
        0.025967384035108284,
        0.18879930415483057,
        0.20745839948736153,
        0.19892263292296106,
        0.07950204466583252,
        0.26627955129514086,
        0.28200277081293446,
        0.257572162603853
      ]
    },
    {
      "tick": 580,
      "phase": [
        0.9682804674457429,
        0.9065108514190318,
        0.8447412353923206,
        0.7829716193656093,
        0.7212020033388982,
        0.659432387312187,
        0.5976627712854758,
        0.5358931552587646
      ],
      "height_m": [
        0.021392467093435622,
        0.14157424032067858,
        0.1434178171330725,
        0.14093522114966392,
        0.1492044877041444,
        0.14917342990833082,
        0.14937985674471888,
        0.14911067881335835
      ],
      "contacts": [
        1,
        0,
        6,
        4,
        3,
        2,
        2,
        2
      ],
      "maximum_stress_Pa": [
        9945.57604752928,
        0.030013911990542392,
        58895.37570105169,
        64990.99102855015,
        12083.14237183615,
        76926.55448637228,
        81543.87590559984,
        74544.60134840182
      ],
      "residual_N": [
        5.491274078328543e-13,
        4.5107648754204635e-18,
        4.4717282296061336e-12,
        4.1612696928129996e-12,
        9.351110800199645e-13,
        6.924247869702604e-12,
        6.6256775872845044e-12,
        7.102535671535548e-12
      ],
      "rhs_N": [
        0.02339557482580768,
        1.636409192019573e-07,
        0.20720055948731778,
        0.20692426156083585,
        0.04507851036850228,
        0.26751462315703345,
        0.28358438979121503,
        0.2595359658844384
      ]
    },
    {
      "tick": 590,
      "phase": [
        0.984974958263773,
        0.9232053422370617,
        0.8614357262103506,
        0.7996661101836394,
        0.7378964941569283,
        0.6761268781302171,
        0.6143572621035058,
        0.5525876460767947
      ],
      "height_m": [
        0.024014175067017262,
        0.056289571352077336,
        0.14341644934629513,
        0.14093265509101768,
        0.14907374516632094,
        0.14916974591190102,
        0.14937898134565716,
        0.14930199310740386
      ],
      "contacts": [
        1,
        0,
        6,
        4,
        2,
        2,
        2,
        2
      ],
      "maximum_stress_Pa": [
        21960.438566059693,
        0.030010841359649147,
        58842.470922958855,
        65559.86610295273,
        17703.593890272216,
        77252.1484178398,
        81892.2012682262,
        75118.18063800865
      ],
      "residual_N": [
        9.105698320405158e-13,
        4.590821964524191e-18,
        4.7696261405969056e-12,
        4.169041869964402e-12,
        1.4274142603055071e-12,
        7.141372064317559e-12,
        6.612456208994774e-12,
        6.872694636497701e-12
      ],
      "rhs_N": [
        0.059667446928006115,
        1.636409386608729e-07,
        0.20672599286771087,
        0.20735992337510717,
        0.06186750426402926,
        0.2685695945284,
        0.28506509850749345,
        0.26146042842980105
      ]
    },
    {
      "tick": 600,
      "phase": [
        0.0,
        0.9398998330550918,
        0.8781302170283807,
        0.8163606010016695,
        0.7545909849749582,
        0.6928213689482471,
        0.6310517529215359,
        0.5692821368948248
      ],
      "height_m": [
        0.031850890355476,
        0.0259195011421996,
        0.1434151038601187,
        0.1409304587895482,
        0.1488888586027359,
        0.14916599360201255,
        0.1493750282538694,
        0.14936094882102507
      ],
      "contacts": [
        0,
        1,
        6,
        4,
        2,
        2,
        2,
        2
      ],
      "maximum_stress_Pa": [
        0.0,
        10499.117290436645,
        58712.02513592772,
        65856.36032059249,
        16044.386026223923,
        77547.78886332562,
        82251.30878320965,
        75669.98015529937
      ],
      "residual_N": [
        0.0,
        5.353984728829799e-13,
        4.858927370760531e-12,
        4.365842564515492e-12,
        1.2605406807600035e-12,
        7.083678365602387e-12,
        7.052578068555484e-12,
        6.870071272744341e-12
      ],
      "rhs_N": [
        0.0,
        0.029139153634484032,
        0.20610500530986206,
        0.20739823361494047,
        0.05604300489982369,
        0.26942939519328846,
        0.2864272452753449,
        0.2633301916819899
      ]
    },
    {
      "tick": 610,
      "phase": [
        0.01669449081803005,
        0.9565943238731219,
        0.8948247078464107,
        0.8330550918196995,
        0.7712854757929883,
        0.7095158597662772,
        0.6477462437395659,
        0.5859766277128547
      ],
      "height_m": [
        0.02955680720401711,
        0.02048382878270068,
        0.14341376643552112,
        0.14092845863873193,
        0.14869633680947208,
        0.14914736638179002,
        0.14937101165208014,
        0.1493779219601289
      ],
      "contacts": [
        1,
        1,
        6,
        4,
        4,
        2,
        2,
        2
      ],
      "maximum_stress_Pa": [
        14373.89656941113,
        10142.516418836783,
        58533.310755538965,
        65949.39378308154,
        75628.15083362986,
        10369.083794120188,
        82599.88015768415,
        76216.14276010945
      ],
      "residual_N": [
        1.1999729509873827e-12,
        7.329377324265195e-13,
        4.657928144468369e-12,
        4.4436731172755075e-12,
        6.596433537757698e-12,
        7.466796022737987e-13,
        7.0786039816317106e-12,
        7.135737675911773e-12
      ],
      "rhs_N": [
        0.039974240699468956,
        0.024126197401402327,
        0.20538075778665274,
        0.20715044056915197,
        0.24927395427081406,
        0.040576010177834604,
        0.2876526234274286,
        0.2651222908727628
      ]
    },
    {
      "tick": 620,
      "phase": [
        0.0333889816360601,
        0.9732888146911519,
        0.9115191986644408,
        0.8497495826377296,
        0.7879799666110184,
        0.7262103505843072,
        0.664440734557596,
        0.6026711185308848
      ],
      "height_m": [
        0.02963161055452225,
        0.0219887973968647,
        0.12093209394295938,
        0.14092653616282222,
        0.1486921672671679,
        0.14892992387273116,
        0.149367086629322,
        0.1493815543706121
      ],
      "contacts": [
        1,
        1,
        0,
        4,
        4,
        2,
        2,
        2
      ],
      "maximum_stress_Pa": [
        14611.92283350176,
        12697.545029658222,
        0.011648041292258209,
        65911.41426097936,
        76085.2797360669,
        12588.845165859317,
        82911.13444495654,
        76721.26219242108
      ],
      "residual_N": [
        1.259282112530717e-12,
        5.510038688335483e-13,
        2.1002813856137614e-18,
        4.1287458807386295e-12,
        6.305055911127951e-12,
        9.78998337512441e-13,
        6.49945167381854e-12,
        7.31260039564578e-12
      ],
      "rhs_N": [
        0.04066775865973199,
        0.027920641103205187,
        4.6771136438663844e-08,
        0.20669034160209332,
        0.2514425481219832,
        0.047098354792234315,
        0.2887248337882171,
        0.26681796196575
      ]
    },
    {
      "tick": 630,
      "phase": [
        0.05008347245409015,
        0.989983305509182,
        0.9282136894824708,
        0.8664440734557596,
        0.8046744574290484,
        0.7429048414023373,
        0.6811352253756261,
        0.6193656093489148
      ],
      "height_m": [
        0.029632797478265114,
        0.021841426795407817,
        0.02295241249864312,
        0.14092463834510777,
        0.14868886306607282,
        0.14892472772018112,
        0.14936306671793476,
        0.14937912886316038
      ],
      "contacts": [
        1,
        1,
        1,
        4,
        4,
        2,
        2,
        2
      ],
      "maximum_stress_Pa": [
        14510.999607116508,
        29297.718317835097,
        267055.10946215986,
        65785.97753973788,
        75982.52336561246,
        17033.722491853216,
        83197.09534839363,
        77113.03251489457
      ],
      "residual_N": [
        1.1820271507601268e-12,
        1.8391197418470136e-12,
        1.0978018745075051e-11,
        4.4961592597005305e-12,
        6.370130410271603e-12,
        1.2664896791232359e-12,
        7.1315581102934526e-12,
        6.708359198240542e-12
      ],
      "rhs_N": [
        0.04041964785166795,
        0.07751401336650063,
        0.7396889712847587,
        0.2060709488466914,
        0.25126732239283245,
        0.06133284517477174,
        0.28962921299558764,
        0.26839860090430123
      ]
    },
    {
      "tick": 640,
      "phase": [
        0.0667779632721202,
        0.005008347245409015,
        0.9449081803005008,
        0.8831385642737897,
        0.8213689482470785,
        0.7595993322203674,
        0.6978297161936561,
        0.6360601001669449
      ],
      "height_m": [
        0.02963281714469452,
        0.028792441182982714,
        0.021921826168874548,
        0.14092274546188346,
        0.14868602505942896,
        0.14891989406829184,
        0.14935894250032325,
        0.14937480540092185
      ],
      "contacts": [
        1,
        1,
        1,
        4,
        4,
        2,
        2,
        2
      ],
      "maximum_stress_Pa": [
        14409.067527826852,
        60114.047031628674,
        11078.617042490221,
        65599.90559822335,
        75753.85822235288,
        15490.157430492538,
        83442.79387663034,
        77527.13906593312
      ],
      "residual_N": [
        1.2524487389321403e-12,
        5.434532499802107e-12,
        5.568432675867884e-13,
        4.23229654391808e-12,
        6.6171838384394385e-12,
        1.246577497957404e-12,
        7.096787703430399e-12,
        6.8150405507010125e-12
      ],
      "rhs_N": [
        0.040169162362151116,
        0.16851870302321115,
        0.02875603197130304,
        0.20532990271050902,
        0.25062621257464174,
        0.056242748925589246,
        0.2903528466241244,
        0.2698453260997162
      ]
    },
    {
      "tick": 650,
      "phase": [
        0.08347245409015025,
        0.021702838063439065,
        0.9616026711185309,
        0.8998330550918198,
        0.8380634390651085,
        0.7762938230383973,
        0.7145242070116862,
        0.652754590984975
      ],
      "height_m": [
        0.029632817470782207,
        0.029619440772582672,
        0.02257154464736922,
        0.14092085153978,
        0.1486834170430372,
        0.14891512793675565,
        0.1492531893315048,
        0.14937037227284453
      ],
      "contacts": [
        1,
        1,
        1,
        4,
        4,
        2,
        2,
        2
      ],
      "maximum_stress_Pa": [
        14311.886750904954,
        13671.016987552057,
        13298.534654965126,
        65370.43282106071,
        75467.19506765468,
        77371.02991869903,
        11219.652142923798,
        77911.79280243088
      ],
      "residual_N": [
        1.2344977219903404e-12,
        1.228691016271041e-12,
        6.537106394850982e-13,
        4.2782079654582905e-12,
        6.458898167564412e-12,
        6.6169832246766715e-12,
        6.987935247559684e-13,
        7.2224581772355744e-12
      ],
      "rhs_N": [
        0.039931720731218076,
        0.03837614041076391,
        0.02956147144885453,
        0.2044950099376119,
        0.2498189365195247,
        0.26835857031881144,
        0.04428446820458913,
        0.27113696423962225
      ]
    },
    {
      "tick": 660,
      "phase": [
        0.1001669449081803,
        0.038397328881469114,
        0.9782971619365609,
        0.9165275459098498,
        0.8547579298831386,
        0.7929883138564274,
        0.7312186978297163,
        0.669449081803005
      ],
      "height_m": [
        0.029632817476189104,
        0.029632597395760987,
        0.020715289376197224,
        0.09442975694329765,
        0.14868090835233885,
        0.1489113225000924,
        0.14914182297873743,
        0.14936576461661713
      ],
      "contacts": [
        1,
        1,
        2,
        0,
        4,
        2,
        2,
        2
      ],
      "maximum_stress_Pa": [
        14220.749910851655,
        13604.817591872552,
        25886.617264769277,
        0.20802304778846456,
        75128.61254284442,
        77675.72362003493,
        17236.296907765027,
        78248.72033652171
      ],
      "residual_N": [
        1.2413109102255704e-12,
        1.1934136686251056e-12,
        1.9418965983852712e-12,
        4.2635976846792754e-17,
        6.336376601070124e-12,
        7.036144750589797e-12,
        1.2880414953768493e-12,
        6.64875910353439e-12
      ],
      "rhs_N": [
        0.039710286282162784,
        0.0382430976757395,
        0.05705800469067133,
        1.0984245023162775e-06,
        0.2488700011986425,
        0.2694862077730372,
        0.06277875046599043,
        0.27225440740735957
      ]
    },
    {
      "tick": 670,
      "phase": [
        0.11686143572621036,
        0.05509181969949917,
        0.994991652754591,
        0.9332220367278798,
        0.8714524207011687,
        0.8096828046744574,
        0.7479131886477463,
        0.6861435726210351
      ],
      "height_m": [
        0.02963281747627876,
        0.02963281382756662,
        0.022243878692526566,
        0.019861917012428124,
        0.1486784402600362,
        0.1489081548602256,
        0.14913668312973874,
        0.14936088637567066
      ],
      "contacts": [
        1,
        1,
        1,
        1,
        4,
        2,
        2,
        2
      ],
      "maximum_stress_Pa": [
        14136.718443595108,
        13494.258749685168,
        12379.53621260349,
        554.8077385877338,
        74742.16405550322,
        77494.35076331845,
        17330.203298944813,
        78548.74635912017
      ],
      "residual_N": [
        1.1829310189024636e-12,
        1.1798219028935067e-12,
        6.728360069804904e-13,
        1.0537365438897552e-13,
        6.295888503882995e-12,
        6.643315834871206e-12,
        1.1664340314717702e-12,
        7.628346634591539e-12
      ],
      "rhs_N": [
        0.03950716833139131,
        0.03798498032294894,
        0.033744235855105005,
        0.002143794398020255,
        0.24779218390140018,
        0.26891713247779137,
        0.06298104759435974,
        0.2731817721551995
      ]
    },
    {
      "tick": 680,
      "phase": [
        0.1335559265442404,
        0.07178631051752922,
        0.01001669449081803,
        0.9499165275459098,
        0.8881469115191987,
        0.8263772954924875,
        0.7646076794657763,
        0.7028380634390651
      ],
      "height_m": [
        0.029632817476280247,
        0.029632817415780614,
        0.029154749295717066,
        0.024016820297596383,
        0.1486759885979759,
        0.1489053543949339,
        0.14913142295490883,
        0.1493558535471713
      ],
      "contacts": [
        1,
        1,
        1,
        0,
        4,
        2,
        2,
        2
      ],
      "maximum_stress_Pa": [
        14060.682720154764,
        13388.412882214083,
        13460.438270402354,
        138.73608146257683,
        74312.92763840409,
        77218.03659457198,
        64851.3540145489,
        37556.7265664746
      ],
      "residual_N": [
        1.162218100541714e-12,
        1.1980676496738873e-12,
        1.1952742350557041e-12,
        3.305864240425925e-14,
        6.315630418524911e-12,
        6.990783243735433e-12,
        5.711930553938883e-12,
        3.207526193644716e-12
      ],
      "rhs_N": [
        0.03932420846327056,
        0.03773877280438727,
        0.037488215567669826,
        0.0006667117563022647,
        0.24660053225211204,
        0.26803307002365045,
        0.22511373230543996,
        0.13088438766571478
      ]
    },
    {
      "tick": 690,
      "phase": [
        0.15025041736227046,
        0.08848080133555927,
        0.02671118530884808,
        0.9666110183639399,
        0.9048414023372288,
        0.8430717863105176,
        0.7813021702838063,
        0.7195325542570952
      ],
      "height_m": [
        0.029632817476280243,
        0.02963281747527712,
        0.029625731232595334,
        0.021115397921950052,
        0.14500224136093667,
        0.14890272418189612,
        0.14912706642384282,
        0.14916038847252727
      ],
      "contacts": [
        1,
        1,
        1,
        1,
        0,
        2,
        2,
        2
      ],
      "maximum_stress_Pa": [
        13993.426876028527,
        13289.068458613803,
        14388.860265226795,
        44262.09813844217,
        0.08187025084313797,
        76888.14097952469,
        83395.69664234617,
        10737.506169309583
      ],
      "residual_N": [
        1.2476568112406942e-12,
        1.1847205795154487e-12,
        1.2187025002418571e-12,
        2.324922331590566e-12,
        1.6827138163676126e-17,
        6.4674050386851396e-12,
        6.481324725829796e-12,
        7.192650933441072e-13
      ],
      "rhs_N": [
        0.03916303477301792,
        0.03750884274026913,
        0.04011043052273504,
        0.10647898372202275,
        4.254816907345198e-07,
        0.26694906914754934,
        0.2898717172725679,
        0.04256384440719765
      ]
    },
    {
      "tick": 700,
      "phase": [
        0.1669449081803005,
        0.10517529215358933,
        0.04340567612687813,
        0.98330550918197,
        0.9215358931552587,
        0.8597662771285476,
        0.7979966611018364,
        0.7362270450751253
      ],
      "height_m": [
        0.02963281747628023,
        0.029632817476263635,
        0.029632700462981797,
        0.025807477914216583,
        0.07335773383846483,
        0.1489001655099048,
        0.14912345768584767,
        0.14913156577203085
      ],
      "contacts": [
        1,
        1,
        1,
        1,
        0,
        2,
        2,
        2
      ],
      "maximum_stress_Pa": [
        13935.59422954609,
        13196.818278183158,
        14305.648026962885,
        10907.206280168362,
        0.08187013047905985,
        76526.8641675907,
        83473.33361099777,
        17555.546316081385
      ],
      "residual_N": [
        1.1880040443398853e-12,
        1.2455248983780575e-12,
        1.228676973753507e-12,
        6.712051858847019e-13,
        1.6663147927561652e-17,
        7.151313868049153e-12,
        6.513259762612551e-12,
        1.4403606421383481e-12
      ],
      "rhs_N": [
        0.03902494118215201,
        0.03729649577911421,
        0.03991636865806483,
        0.03038134484942543,
        4.2548211096023837e-07,
        0.2656870433313328,
        0.29018367257726074,
        0.06347490640691045
      ]
    },
    {
      "tick": 710,
      "phase": [
        0.18363939899833057,
        0.12186978297161936,
        0.06010016694490818,
        1.0,
        0.9382303839732888,
        0.8764607679465777,
        0.8146911519198665,
        0.7529215358931552
      ],
      "height_m": [
        0.0295007632373234,
        0.029632817476279993,
        0.02963281553620061,
        0.025423982186266528,
        0.02007015158499363,
        0.14889763529134742,
        0.1491204203021729,
        0.1491262039234455
      ],
      "contacts": [
        4,
        1,
        1,
        1,
        1,
        2,
        2,
        2
      ],
      "maximum_stress_Pa": [
        77864.30091608495,
        13112.329604841752,
        14199.592475184621,
        11463.16325637082,
        591.5236781459184,
        76106.18491749887,
        83280.26899101456,
        15810.97851256984
      ],
      "residual_N": [
        6.522435368797676e-12,
        1.1659171246437617e-12,
        1.2572958094638173e-12,
        4.259367012905113e-13,
        1.2860163383263459e-13,
        6.629114565550096e-12,
        6.8326360641816525e-12,
        1.2147338467652365e-12
      ],
      "rhs_N": [
        0.25922725086656107,
        0.03710305621657855,
        0.03965905002829318,
        0.03318579110589631,
        0.0024747175037815672,
        0.2642628402030874,
        0.28955142715699844,
        0.057517249907837
      ]
    },
    {
      "tick": 720,
      "phase": [
        0.2003338898163606,
        0.13856427378964942,
        0.07679465776293823,
        0.015025041736227046,
        0.9549248747913189,
        0.8931552587646077,
        0.8313856427378965,
        0.7696160267111853
      ],
      "height_m": [
        0.02950222263211836,
        0.029632817476280254,
        0.0296328174441116,
        0.02961953674230479,
        0.026045837152685113,
        0.14889511601979885,
        0.149117682521642,
        0.1491207253531914
      ],
      "contacts": [
        5,
        1,
        1,
        1,
        1,
        2,
        2,
        2
      ],
      "maximum_stress_Pa": [
        68313.20279286568,
        13036.159591301312,
        14098.051749027267,
        13356.513564545165,
        9048.97968315639,
        75631.04615587177,
        83019.10586904538,
        77220.50589953146
      ],
      "residual_N": [
        5.911562252226772e-12,
        1.2493425379876115e-12,
        1.2046336805176196e-12,
        1.2070565094593904e-12,
        3.113107816062414e-13,
        6.97070719771762e-12,
        7.248431570265449e-12,
        6.520365334115849e-12
      ],
      "rhs_N": [
        0.22539731944217165,
        0.03692949132689146,
        0.03941402847887829,
        0.037640590338723,
        0.021746241330238565,
        0.26269484441800317,
        0.2886855691779826,
        0.26805035049456555
      ]
    },
    {
      "tick": 730,
      "phase": [
        0.21702838063439064,
        0.15525876460767948,
        0.09348914858096828,
        0.03171953255425709,
        0.9716193656093489,
        0.9098497495826378,
        0.8480801335559266,
        0.7863105175292154
      ],
      "height_m": [
        0.029503673889906108,
        0.029632817476280264,
        0.029632817475746878,
        0.02963259896254991,
        0.020343215137769363,
        0.1341880814615357,
        0.14911507831180856,
        0.14911652003076095
      ],
      "contacts": [
        5,
        1,
        1,
        1,
        1,
        0,
        2,
        2
      ],
      "maximum_stress_Pa": [
        67430.9121036877,
        12969.11538938599,
        14002.614734131444,
        13286.604289951792,
        37037.40270686936,
        0.02727611610798409,
        82736.31714341647,
        78811.53040841373
      ],
      "residual_N": [
        6.129152381329879e-12,
        1.144789880804557e-12,
        1.2130515409803277e-12,
        1.2259669958486133e-12,
        2.608118778747973e-12,
        5.534564011175818e-18,
        7.095899997970993e-12,
        6.985039255889809e-12
      ],
      "rhs_N": [
        0.2237645873333258,
        0.03677736836853073,
        0.0391850161377912,
        0.03750276407839398,
        0.08399520647053339,
        1.0626113722210776e-07,
        0.28764557086438863,
        0.2736834511081423
      ]
    },
    {
      "tick": 740,
      "phase": [
        0.2337228714524207,
        0.17195325542570952,
        0.11018363939899833,
        0.048414023372287146,
        0.988313856427379,
        0.9265442404006679,
        0.8647746243739566,
        0.8030050083472454
      ],
      "height_m": [
        0.02950496994618421,
        0.029632817476280257,
        0.029632817476271427,
        0.029632813853539088,
        0.027045510851045642,
        0.03339795500745412,
        0.14911252904117114,
        0.14911308411955135
      ],
      "contacts": [
        5,
        1,
        1,
        1,
        1,
        0,
        2,
        2
      ],
      "maximum_stress_Pa": [
        66607.92072246573,
        12911.871215870238,
        13914.353809193384,
        13173.3402082956,
        11523.20947401268,
        0.027274465853228135,
        82409.4396929417,
        78730.20886225067
      ],
      "residual_N": [
        5.895431589565199e-12,
        1.2135322365805571e-12,
        1.2589284126410852e-12,
        1.159725000905529e-12,
        7.366430754240846e-13,
        5.3990384982233774e-18,
        6.929375313090937e-12,
        7.34974141516983e-12
      ],
      "rhs_N": [
        0.22271157893579865,
        0.03664797416860496,
        0.03897433916917195,
        0.037242633199680394,
        0.032525384092442614,
        1.0626119833701681e-07,
        0.28644907167062866,
        0.2734459056742965
      ]
    },
    {
      "tick": 750,
      "phase": [
        0.25041736227045075,
        0.18864774624373956,
        0.12687813021702837,
        0.0651085141903172,
        0.00333889816360601,
        0.9432387312186978,
        0.8814691151919867,
        0.8196994991652755
      ],
      "height_m": [
        0.02950618492370879,
        0.02927417450834963,
        0.029632817476280104,
        0.029632817416211266,
        0.029614319427745988,
        0.02693270973757658,
        0.14911000132842359,
        0.14911015153810905
      ],
      "contacts": [
        5,
        9,
        1,
        1,
        1,
        1,
        2,
        2
      ],
      "maximum_stress_Pa": [
        65980.864460207,
        71183.56473016136,
        13834.174892136696,
        13063.73948878744,
        39660.11426496721,
        10991.806089823798,
        82030.73182346535,
        78491.49086836465
      ],
      "residual_N": [
        6.3811343271641e-12,
        6.5915601075569014e-12,
        1.2628668460891053e-12,
        1.2258971652189641e-12,
        3.400538618301583e-12,
        9.386634652798749e-13,
        7.198041235478808e-12,
        6.2996120888002646e-12
      ],
      "rhs_N": [
        0.22203733880515336,
        0.23983541987180754,
        0.038783890541091395,
        0.03699224629359424,
        0.1112592667791811,
        0.030825619606861008,
        0.2851127952470946,
        0.27267170235660415
      ]
    },
    {
      "tick": 760,
      "phase": [
        0.2671118530884808,
        0.20534223706176963,
        0.14357262103505844,
        0.08180300500834725,
        0.02003338898163606,
        0.9599332220367279,
        0.8981636060100168,
        0.8363939899833055
      ],
      "height_m": [
        0.029507364663637455,
        0.029282489916333285,
        0.02963281747628026,
        0.02963281747528426,
        0.029632386540338063,
        0.024814244709032787,
        0.14910748183550068,
        0.14910746439917355
      ],
      "contacts": [
        5,
        9,
        1,
        1,
        1,
        1,
        2,
        2
      ],
      "maximum_stress_Pa": [
        65476.45394011791,
        69863.15698281571,
        13762.800474712305,
        12959.409515048184,
        13655.886615258369,
        10817.713450443729,
        81606.84034903985,
        78186.68182422989
      ],
      "residual_N": [
        5.971443954508347e-12,
        5.9556316470403695e-12,
        1.2043908113601574e-12,
        1.1689124128209165e-12,
        1.1887604139116032e-12,
        5.198283617708919e-13,
        6.954370249858102e-12,
        7.0536664738310655e-12
      ],
      "rhs_N": [
        0.22162628551934907,
        0.23215304764818046,
        0.03861508147599444,
        0.03675539679021371,
        0.038362592737955274,
        0.030460720084027365,
        0.28365458931040377,
        0.2716768372079619
      ]
    },
    {
      "tick": 770,
      "phase": [
        0.2838063439065109,
        0.22203672787979967,
        0.16026711185308848,
        0.0984974958263773,
        0.03672787979966611,
        0.9766277128547579,
        0.9148580968280468,
        0.8530884808013356
      ],
      "height_m": [
        0.029508524452616647,
        0.029286604771667564,
        0.029632817476280247,
        0.029632817476263753,
        0.029632810332676115,
        0.02092860956208516,
        0.11444088144512313,
        0.149104883074695
      ],
      "contacts": [
        5,
        9,
        1,
        1,
        1,
        1,
        0,
        2
      ],
      "maximum_stress_Pa": [
        65067.6408744401,
        68859.97426541556,
        13700.732423651136,
        12861.519704009326,
        13541.221716875067,
        32402.33929443339,
        0.0372798965758407,
        77843.00596172396
      ],
      "residual_N": [
        6.292950759807701e-12,
        6.1963866267959344e-12,
        1.2142297008652168e-12,
        1.1687972617989746e-12,
        1.2090339098890975e-12,
        1.7297723554628986e-12,
        9.0676756452223e-18,
        7.268852888487782e-12
      ],
      "rhs_N": [
        0.22142781426569821,
        0.2290923146146879,
        0.038468765568831984,
        0.036534543732804944,
        0.03809460892298394,
        0.07460070518856754,
        1.8578919683383108e-07,
        0.27049572214085765
      ]
    },
    {
      "tick": 780,
      "phase": [
        0.3005008347245409,
        0.23873121869782973,
        0.17696160267111855,
        0.11519198664440734,
        0.05342237061769616,
        0.993322203672788,
        0.9315525876460768,
        0.8697829716193657
      ],
      "height_m": [
        0.02950980175738069,
        0.029289437383898217,
        0.029632817476280278,
        0.029632817476279997,
        0.029632817357831756,
        0.02353978033541092,
        0.02315045491531556,
        0.1491023444710833
      ],
      "contacts": [
        5,
        9,
        1,
        1,
        1,
        1,
        1,
        2
      ],
      "maximum_stress_Pa": [
        64732.37771621086,
        67903.71178181648,
        13648.424054893592,
        12771.056592964725,
        13429.279893634619,
        13621.35940937502,
        3650.2939829432617,
        77455.00255881467
      ],
      "residual_N": [
        5.982793154843197e-12,
        6.199371762446721e-12,
        1.2547125233606529e-12,
        1.1896834935152742e-12,
        1.2310372033224357e-12,
        7.657988446560787e-13,
        3.05618718298456e-13,
        7.048473421356187e-12
      ],
      "rhs_N": [
        0.22138851115717806,
        0.22698515490965387,
        0.0383457732075109,
        0.036331658931860696,
        0.03783368991836708,
        0.031374106201932726,
        0.010116362313789033,
        0.2691468862795141
      ]
    },
    {
      "tick": 790,
      "phase": [
        0.31719532554257096,
        0.2554257095158598,
        0.19365609348914858,
        0.1318864774624374,
        0.07011686143572621,
        0.008347245409015025,
        0.9482470784641068,
        0.8864774624373957
      ],
      "height_m": [
        0.030229398024282542,
        0.029291862129136516,
        0.02950892147156532,
        0.029632817476280278,
        0.02963281747431626,
        0.02899003162985983,
        0.027644966981963465,
        0.1490998224512222
      ],
      "contacts": [
        4,
        9,
        6,
        1,
        1,
        1,
        1,
        2
      ],
      "maximum_stress_Pa": [
        61601.34936218519,
        67028.53026961662,
        66465.2654144963,
        12688.813942451225,
        13322.79803155753,
        12159.521316301934,
        23686.01667376164,
        77012.61234433475
      ],
      "residual_N": [
        6.126218973555286e-12,
        6.1475493538737305e-12,
        7.220422243872052e-12,
        1.1762904582998476e-12,
        1.2894660790013446e-12,
        1.0572088097928867e-12,
        8.346961896143939e-13,
        6.83614968457165e-12
      ],
      "rhs_N": [
        0.21428735468311644,
        0.2253328889213248,
        0.2204705659338301,
        0.03614823100667211,
        0.03758676976539505,
        0.03427226924788338,
        0.06481702161150467,
        0.2676507848917708
      ]
    },
    {
      "tick": 800,
      "phase": [
        0.333889816360601,
        0.27212020033388984,
        0.21035058430717865,
        0.14858096828046746,
        0.08681135225375626,
        0.025041736227045076,
        0.9649415692821369,
        0.9031719532554258
      ],
      "height_m": [
        0.03382624268519927,
        0.029294277545771113,
        0.02950946626293686,
        0.029632817476280233,
        0.029632817476247703,
        0.029623020341174085,
        0.02435317555195999,
        0.14724150175875458
      ],
      "contacts": [
        4,
        7,
        7,
        1,
        1,
        1,
        1,
        2
      ],
      "maximum_stress_Pa": [
        61800.20446484121,
        74162.92833893403,
        66689.94058145092,
        12615.591922370373,
        13222.523013362244,
        13239.839735646816,
        11542.8530955094,
        3535.861520094917
      ],
      "residual_N": [
        5.9721322959613444e-12,
        6.11984069691591e-12,
        6.225134344943236e-12,
        1.2387546922322662e-12,
        1.1813857214632023e-12,
        1.1621235896314305e-12,
        5.368008675845777e-13,
        2.5049064667242683e-13
      ],
      "rhs_N": [
        0.21485770812348537,
        0.23289528068983462,
        0.21527933132867486,
        0.03598578511716194,
        0.037355548002681364,
        0.037377153782937184,
        0.03200343115264228,
        0.014063589832673013
      ]
    },
    {
      "tick": 810,
      "phase": [
        0.35058430717863104,
        0.2888146911519199,
        0.2270450751252087,
        0.1652754590984975,
        0.10350584307178631,
        0.041736227045075125,
        0.981636060100167,
        0.9198664440734557
      ],
      "height_m": [
        0.04087030647824215,
        0.02929665091904474,
        0.029510521514634992,
        0.029632817476280257,
        0.029632817476279733,
        0.02963265595353357,
        0.02102966877667379,
        0.08570162105144022
      ],
      "contacts": [
        4,
        7,
        7,
        1,
        1,
        1,
        1,
        0
      ],
      "maximum_stress_Pa": [
        62006.227252879595,
        71748.3686644685,
        66016.58812763658,
        12552.177415095,
        13129.166679832702,
        13158.486719614766,
        35534.86972127968,
        0.01909680688054869
      ],
      "residual_N": [
        6.1416677738745545e-12,
        5.7122599248609574e-12,
        5.943433968278807e-12,
        1.1742768819783216e-12,
        1.1711307695679493e-12,
        1.2240921235196748e-12,
        1.921349760764006e-12,
        3.870086545332567e-18
      ],
      "rhs_N": [
        0.2153883497676352,
        0.22688450094607118,
        0.21403707376034445,
        0.03584576898411888,
        0.0371415267001248,
        0.037208309913397464,
        0.08110213442351004,
        7.688875885702214e-08
      ]
    },
    {
      "tick": 820,
      "phase": [
        0.36727879799666113,
        0.3055091819699499,
        0.24373956594323873,
        0.18196994991652754,
        0.12020033388981637,
        0.05843071786310518,
        0.998330550918197,
        0.9365609348914858
      ],
      "height_m": [
        0.05096387839409426,
        0.029329010748619565,
        0.029511607435246928,
        0.02931312349462486,
        0.029632817476280236,
        0.029632814798303944,
        0.022513408555047743,
        0.026785407645573116
      ],
      "contacts": [
        4,
        7,
        7,
        3,
        1,
        1,
        1,
        1
      ],
      "maximum_stress_Pa": [
        62243.942767289154,
        69975.12925507514,
        65285.64102215511,
        67494.31305163185,
        13043.266131310154,
        13047.007510612648,
        14710.393408337142,
        9425.376766140336
      ],
      "residual_N": [
        6.161639749396781e-12,
        5.7909333457843735e-12,
        5.964180858193487e-12,
        5.843383695421336e-12,
        1.1735541845232221e-12,
        1.1550763295245625e-12,
        7.185808516907185e-13,
        7.637299009782882e-13
      ],
      "rhs_N": [
        0.21598017831155517,
        0.21834383384550446,
        0.2129414854115053,
        0.23377350979948694,
        0.03694565169643449,
        0.036954157281478016,
        0.032699365281105675,
        0.02646318197267726
      ]
    },
    {
      "tick": 830,
      "phase": [
        0.38397328881469117,
        0.32220367278797996,
        0.2604340567612688,
        0.1986644407345576,
        0.13689482470784642,
        0.07512520868113523,
        0.01335559265442404,
        0.9532554257095159
      ],
      "height_m": [
        0.06340011391257332,
        0.03073239950345786,
        0.02951262529208023,
        0.029327455510038427,
        0.029632817476280233,
        0.02963281743187647,
        0.029485398410360644,
        0.02785427274745839
      ],
      "contacts": [
        4,
        6,
        7,
        6,
        1,
        1,
        1,
        1
      ],
      "maximum_stress_Pa": [
        62516.280207337324,
        59951.04190830678,
        64648.242839444225,
        72603.94376084527,
        12965.702144581895,
        12939.868489185625,
        14222.366386137697,
        12352.958323074454
      ],
      "residual_N": [
        6.2271370576849465e-12,
        4.996983699107563e-12,
        6.035386277775671e-12,
        5.745654221023886e-12,
        1.1957394217663464e-12,
        1.1333019706833834e-12,
        1.1885030332267118e-12,
        4.886673728306755e-13
      ],
      "rhs_N": [
        0.21663718401297288,
        0.18762367752912026,
        0.2121313366554004,
        0.2318305420618021,
        0.03676964016058901,
        0.036711201109813976,
        0.039526596939359636,
        0.03456895918731009
      ]
    },
    {
      "tick": 840,
      "phase": [
        0.4006677796327212,
        0.33889816360601005,
        0.27712854757929883,
        0.21535893155258765,
        0.15358931552587646,
        0.09181969949916528,
        0.03005008347245409,
        0.9699499165275459
      ],
      "height_m": [
        0.07736962738288637,
        0.0353652269744556,
        0.029513592556110958,
        0.029331111487051507,
        0.029632817476280222,
        0.029632817475544006,
        0.029630561873851897,
        0.02445565328592128
      ],
      "contacts": [
        4,
        6,
        7,
        6,
        1,
        1,
        1,
        1
      ],
      "maximum_stress_Pa": [
        62821.765039251586,
        58579.35197529287,
        64130.08727575524,
        70377.1170506166,
        12897.272189863932,
        12838.787256841944,
        14706.371201267726,
        12228.042746714336
      ],
      "residual_N": [
        6.564935493248001e-12,
        5.168396351449323e-12,
        6.037609442743447e-12,
        5.961892028643833e-12,
        1.2156916272128196e-12,
        1.1523396086483313e-12,
        1.2728985424582164e-12,
        7.398651592220139e-13
      ],
      "rhs_N": [
        0.2173517457634453,
        0.18449785124350038,
        0.2116061288664801,
        0.22590143439955007,
        0.036615048801354584,
        0.036483451188899216,
        0.040901438590173256,
        0.03277603752266822
      ]
    },
    {
      "tick": 850,
      "phase": [
        0.41736227045075125,
        0.3555926544240401,
        0.2938230383973289,
        0.2320534223706177,
        0.17028380634390652,
        0.10851419031719532,
        0.04674457429048414,
        0.986644407345576
      ],
      "height_m": [
        0.09202901580182526,
        0.04338520733813388,
        0.02951452446290568,
        0.029333912000176467,
        0.029632817476280236,
        0.029632817476268062,
        0.029632780125093572,
        0.021267518093568222
      ],
      "contacts": [
        4,
        6,
        7,
        6,
        1,
        1,
        1,
        1
      ],
      "maximum_stress_Pa": [
        63157.10810769488,
        57733.4894578399,
        63715.92163941796,
        69100.11559690456,
        12838.663166161996,
        12744.740016853073,
        14610.368853539278,
        12134.501607298558
      ],
      "residual_N": [
        5.921657002794609e-12,
        5.286639939269075e-12,
        6.104314574538994e-12,
        6.209212672702713e-12,
        1.2015814773105425e-12,
        1.175918734864809e-12,
        1.200649514859974e-12,
        7.327998982454755e-13
      ],
      "rhs_N": [
        0.21811621861040043,
        0.18287358089722783,
        0.21131993402843893,
        0.22331389981105,
        0.036483172492119915,
        0.03627285722908799,
        0.04066526964401281,
        0.02799620872081231
      ]
    },
    {
      "tick": 860,
      "phase": [
        0.4340567612687813,
        0.3722871452420701,
        0.31051752921535897,
        0.24874791318864775,
        0.18697829716193656,
        0.12520868113522537,
        0.06343906510851419,
        0.001669449081803005
      ],
      "height_m": [
        0.10652789073432188,
        0.0542619552325429,
        0.029697867370753004,
        0.029336461918330406,
        0.029502701250013974,
        0.029632817476280042,
        0.029632816856969023,
        0.030412888609004353
      ],
      "contacts": [
        4,
        6,
        7,
        6,
        4,
        1,
        1,
        0
      ],
      "maximum_stress_Pa": [
        63518.65427636333,
        57126.14097573027,
        61494.80648627008,
        68234.15021447741,
        65339.697304409005,
        12658.58235285756,
        14508.877038953644,
        0.0
      ],
      "residual_N": [
        6.285025033959165e-12,
        4.9738376991267505e-12,
        5.50083590958637e-12,
        5.8702620292988415e-12,
        6.909215891412986e-12,
        1.1760911447519336e-12,
        1.2200139354946791e-12,
        0.0
      ],
      "rhs_N": [
        0.2189289284541099,
        0.18205407329311615,
        0.20476718476659164,
        0.22136755392263063,
        0.2369835996447541,
        0.03608106080540994,
        0.040414439829436995,
        0.0
      ]
    },
    {
      "tick": 870,
      "phase": [
        0.4507512520868114,
        0.38898163606010017,
        0.327212020033389,
        0.2654424040066778,
        0.20367278797996663,
        0.14190317195325544,
        0.08013355592654424,
        0.018363939899833055
      ],
      "height_m": [
        0.12002297543301287,
        0.06724516429235354,
        0.0319757454571976,
        0.02933890743033815,
        0.02950468676707305,
        0.029632817476280257,
        0.029632817466011395,
        0.02958442078443405
      ],
      "contacts": [
        4,
        6,
        6,
        6,
        4,
        1,
        1,
        1
      ],
      "maximum_stress_Pa": [
        63901.58806464862,
        56682.17917840913,
        59923.04063889475,
        67416.2261144511,
        63446.46515620796,
        12581.16916534563,
        14411.585245469576,
        13378.174840658723
      ],
      "residual_N": [
        5.965575596043579e-12,
        5.265803321244676e-12,
        6.230195646945023e-12,
        6.091397466493374e-12,
        6.831865360044446e-12,
        1.1660929203109534e-12,
        1.2593086613543014e-12,
        1.227042247722554e-12
      ],
      "rhs_N": [
        0.21979103400610395,
        0.18175578422271427,
        0.2032243819276064,
        0.2198216806001581,
        0.2311544777569108,
        0.03590970366219201,
        0.04017533238886679,
        0.03761920522394903
      ]
    },
    {
      "tick": 880,
      "phase": [
        0.4674457429048414,
        0.4056761268781302,
        0.34390651085141904,
        0.28213689482470783,
        0.22036727879799667,
        0.15859766277128548,
        0.09682804674457429,
        0.035058430717863104
      ],
      "height_m": [
        0.13168607108780161,
        0.08151086284232421,
        0.03765636002223155,
        0.029341300711469242,
        0.02950579187733121,
        0.02963281747628026,
        0.02963281747611,
        0.029632037045796297
      ],
      "contacts": [
        4,
        6,
        6,
        6,
        4,
        1,
        1,
        1
      ],
      "maximum_stress_Pa": [
        64301.23561640804,
        56400.28877195338,
        60043.260108121816,
        66697.58642473217,
        63649.45195763199,
        12513.359089292491,
        14319.895134835093,
        13457.454571585311
      ],
      "residual_N": [
        6.502522373486349e-12,
        5.242773639347816e-12,
        6.0264221122517575e-12,
        6.0626755715426965e-12,
        7.315902211628458e-12,
        1.2096585496446808e-12,
        1.2171558802755617e-12,
        1.2487588098389658e-12
      ],
      "rhs_N": [
        0.22070661734897506,
        0.18185917960171202,
        0.20368361609389785,
        0.21864052876496004,
        0.23107691340221986,
        0.03576036986341074,
        0.03995123613702797,
        0.037897889920962366
      ]
    },
    {
      "tick": 890,
      "phase": [
        0.48414023372287146,
        0.4223706176961603,
        0.3606010016694491,
        0.2988313856427379,
        0.2370617696160267,
        0.17529215358931552,
        0.11352253756260434,
        0.05175292153589316
      ],
      "height_m": [
        0.14070609501406678,
        0.09621163330277419,
        0.046603477474873076,
        0.029343661870713272,
        0.029506847147149382,
        0.02963281747628026,
        0.029632817476277447,
        0.029632804541763716
      ],
      "contacts": [
        4,
        6,
        6,
        6,
        4,
        1,
        1,
        1
      ],
      "maximum_stress_Pa": [
        64710.76342371325,
        56299.766063997675,
        60317.91646926675,
        66087.5165936639,
        63792.07907695207,
        12455.87206638836,
        14234.937378614923,
        13347.64747088963
      ],
      "residual_N": [
        6.248085482233606e-12,
        4.920986038456268e-12,
        6.521560261223567e-12,
        5.701144962289595e-12,
        7.01075265977494e-12,
        1.1794211919903038e-12,
        1.1433908769446682e-12,
        1.2634129735046772e-12
      ],
      "rhs_N": [
        0.22167342162539827,
        0.1822706496371191,
        0.20432919035396008,
        0.21778347933784697,
        0.230841142089938,
        0.03563433544455723,
        0.03974467826368691,
        0.03764425313455919
      ]
    }
  ],
  "policy": {
    "layers": [
      26,
      128,
      128,
      7
    ],
    "seed": 99173,
    "dtype": "float64",
    "residual_scale_rad": 0.0001
  },
  "repeats": [
    {
      "steps": 1200,
      "seconds": 26.249211639980786,
      "transitions_per_second": 365.7252694544935,
      "batch_steps_per_second": 45.71565868181169,
      "resets": 8
    }
  ],
  "egg_position_m": [
    [
      0.5888444583064696,
      -0.055303770247385295,
      0.024179755559429177
    ],
    [
      0.6355068362795067,
      0.020185792591243885,
      0.026625699969395705
    ],
    [
      0.6509195704131456,
      0.024152610207768804,
      0.1434151986254231
    ],
    [
      0.6516031483086998,
      0.02424207363780527,
      0.1409306242343741
    ],
    [
      0.6491062839519584,
      0.027188781353893934,
      0.14891021480831967
    ],
    [
      0.6514447336627657,
      0.008780962453106798,
      0.14916634107059887
    ],
    [
      0.651936405423067,
      -0.0010083047250614488,
      0.14937540971310043
    ],
    [
      0.6506823738965041,
      0.002084914604570314,
      0.14935769612857266
    ]
  ],
  "dofs": 2430,
  "tetrahedra": 480,
  "maximum_stress_Pa": [
    13951.882227675933,
    10691.57721043983,
    58727.637792593545,
    65837.51016073384,
    16134.172745802733,
    77521.32647795956,
    82215.08882477185,
    75613.99894616196
  ],
  "native_buffers": [
    {
      "name": "stress.0.info.vertices",
      "shape": [
        810,
        3
      ],
      "dtype": "torch.float64",
      "bytes": 19440,
      "kind": 1
    },
    {
      "name": "stress.0.info.elements",
      "shape": [
        480,
        10
      ],
      "dtype": "torch.int32",
      "bytes": 19200,
      "kind": 1
    },
    {
      "name": "stress.0.info.surface_nodes",
      "shape": [
        80,
        6
      ],
      "dtype": "torch.int32",
      "bytes": 1920,
      "kind": 1
    },
    {
      "name": "stress.0.info.edges",
      "shape": [
        6,
        2
      ],
      "dtype": "torch.int32",
      "bytes": 48,
      "kind": 1
    },
    {
      "name": "stress.0.info.gradients",
      "shape": [
        480,
        4,
        3
      ],
      "dtype": "torch.float64",
      "bytes": 46080,
      "kind": 1
    },
    {
      "name": "stress.0.info.volumes",
      "shape": [
        480
      ],
      "dtype": "torch.float64",
      "bytes": 3840,
      "kind": 1
    },
    {
      "name": "stress.0.info.row_start",
      "shape": [
        811
      ],
      "dtype": "torch.int32",
      "bytes": 3244,
      "kind": 1
    },
    {
      "name": "stress.0.info.columns",
      "shape": [
        20274
      ],
      "dtype": "torch.int32",
      "bytes": 81096,
      "kind": 1
    },
    {
      "name": "stress.0.info.element_entries",
      "shape": [
        480,
        10,
        10
      ],
      "dtype": "torch.int32",
      "bytes": 192000,
      "kind": 1
    },
    {
      "name": "stress.0.info.stiffness",
      "shape": [
        20274,
        3,
        3
      ],
      "dtype": "torch.float64",
      "bytes": 1459728,
      "kind": 1
    },
    {
      "name": "stress.0.info.mass",
      "shape": [
        20274
      ],
      "dtype": "torch.float64",
      "bytes": 162192,
      "kind": 1
    },
    {
      "name": "stress.0.info.modes",
      "shape": [
        810,
        3,
        6
      ],
      "dtype": "torch.float64",
      "bytes": 116640,
      "kind": 1
    },
    {
      "name": "stress.0.info.mass_modes",
      "shape": [
        810,
        3,
        6
      ],
      "dtype": "torch.float64",
      "bytes": 116640,
      "kind": 1
    },
    {
      "name": "stress.0.info.centrifugal",
      "shape": [
        810,
        3,
        6
      ],
      "dtype": "torch.float64",
      "bytes": 116640,
      "kind": 1
    },
    {
      "name": "stress.0.info.gram",
      "shape": [
        6,
        6
      ],
      "dtype": "torch.float64",
      "bytes": 288,
      "kind": 1
    },
    {
      "name": "stress.0.info.gram_inverse",
      "shape": [
        6,
        6
      ],
      "dtype": "torch.float64",
      "bytes": 288,
      "kind": 1
    },
    {
      "name": "stress.0.info.pins",
      "shape": [
        6
      ],
      "dtype": "torch.int32",
      "bytes": 24,
      "kind": 1
    },
    {
      "name": "stress.0.info.is_free",
      "shape": [
        810,
        3
      ],
      "dtype": "torch.int32",
      "bytes": 9720,
      "kind": 1
    },
    {
      "name": "stress.0.info.diagonal_inverse",
      "shape": [
        810,
        3,
        3
      ],
      "dtype": "torch.float64",
      "bytes": 58320,
      "kind": 1
    },
    {
      "name": "stress.0.info.scalar_diagonal_inverse",
      "shape": [
        810,
        3
      ],
      "dtype": "torch.float64",
      "bytes": 19440,
      "kind": 1
    },
    {
      "name": "stress.0.info.mass_properties",
      "shape": [
        4
      ],
      "dtype": "torch.float64",
      "bytes": 32,
      "kind": 1
    },
    {
      "name": "stress.0.factor.order",
      "shape": [
        810
      ],
      "dtype": "torch.int32",
      "bytes": 3240,
      "kind": 1
    },
    {
      "name": "stress.0.factor.row_start",
      "shape": [
        811
      ],
      "dtype": "torch.int32",
      "bytes": 3244,
      "kind": 1
    },
    {
      "name": "stress.0.factor.columns",
      "shape": [
        66669
      ],
      "dtype": "torch.int32",
      "bytes": 266676,
      "kind": 1
    },
    {
      "name": "stress.0.factor.sources",
      "shape": [
        66669
      ],
      "dtype": "torch.int32",
      "bytes": 266676,
      "kind": 1
    },
    {
      "name": "stress.0.factor.column_start",
      "shape": [
        811
      ],
      "dtype": "torch.int32",
      "bytes": 3244,
      "kind": 1
    },
    {
      "name": "stress.0.factor.rows",
      "shape": [
        66669
      ],
      "dtype": "torch.int32",
      "bytes": 266676,
      "kind": 1
    },
    {
      "name": "stress.0.factor.transpose_entries",
      "shape": [
        66669
      ],
      "dtype": "torch.int32",
      "bytes": 266676,
      "kind": 1
    },
    {
      "name": "stress.0.factor.lower",
      "shape": [
        66669,
        3,
        3
      ],
      "dtype": "torch.float64",
      "bytes": 4800168,
      "kind": 1
    },
    {
      "name": "stress.0.factor.diagonal",
      "shape": [
        810,
        3,
        3
      ],
      "dtype": "torch.float64",
      "bytes": 58320,
      "kind": 1
    },
    {
      "name": "stress.0.factor.diagonal_inverse",
      "shape": [
        810,
        3,
        3
      ],
      "dtype": "torch.float64",
      "bytes": 58320,
      "kind": 1
    },
    {
      "name": "stress.0.factor.valid",
      "shape": [],
      "dtype": "torch.bool",
      "bytes": 1,
      "kind": 1
    },
    {
      "name": "stress.0.surface.gauss",
      "shape": [
        10
      ],
      "dtype": "torch.float64",
      "bytes": 80,
      "kind": 1
    },
    {
      "name": "stress.0.surface.gauss_weights",
      "shape": [
        10
      ],
      "dtype": "torch.float64",
      "bytes": 80,
      "kind": 1
    },
    {
      "name": "stress.0.surface.positions",
      "shape": [
        8000,
        3
      ],
      "dtype": "torch.float64",
      "bytes": 192000,
      "kind": 1
    },
    {
      "name": "stress.0.surface.weights",
      "shape": [
        8000
      ],
      "dtype": "torch.float64",
      "bytes": 64000,
      "kind": 1
    },
    {
      "name": "stress.0.surface.shape",
      "shape": [
        100,
        6
      ],
      "dtype": "torch.float64",
      "bytes": 4800,
      "kind": 1
    },
    {
      "name": "stress.0.surface.face_origin",
      "shape": [
        80,
        3
      ],
      "dtype": "torch.float64",
      "bytes": 1920,
      "kind": 1
    },
    {
      "name": "stress.0.surface.face_dual",
      "shape": [
        80,
        2,
        3
      ],
      "dtype": "torch.float64",
      "bytes": 3840,
      "kind": 1
    },
    {
      "name": "stress.0.surface.face_normal",
      "shape": [
        80,
        3
      ],
      "dtype": "torch.float64",
      "bytes": 1920,
      "kind": 1
    },
    {
      "name": "stress.0.surface.grid.bounds",
      "shape": [
        2,
        3
      ],
      "dtype": "torch.float64",
      "bytes": 48,
      "kind": 1
    },
    {
      "name": "stress.0.surface.grid.cell_size",
      "shape": [],
      "dtype": "torch.float64",
      "bytes": 8,
      "kind": 1
    },
    {
      "name": "stress.0.surface.grid.starts",
      "shape": [
        4097
      ],
      "dtype": "torch.int32",
      "bytes": 16388,
      "kind": 1
    },
    {
      "name": "stress.0.surface.grid.samples",
      "shape": [
        8000
      ],
      "dtype": "torch.int32",
      "bytes": 32000,
      "kind": 1
    },
    {
      "name": "stress.0.state.force",
      "shape": [
        810,
        8,
        3
      ],
      "dtype": "torch.float64",
      "bytes": 155520,
      "kind": 6
    },
    {
      "name": "stress.0.state.rhs",
      "shape": [
        810,
        8,
        3
      ],
      "dtype": "torch.float64",
      "bytes": 155520,
      "kind": 6
    },
    {
      "name": "stress.0.state.displacement",
      "shape": [
        810,
        8,
        3
      ],
      "dtype": "torch.float64",
      "bytes": 155520,
      "kind": 4
    },
    {
      "name": "stress.0.state.residual",
      "shape": [
        810,
        8,
        3
      ],
      "dtype": "torch.float64",
      "bytes": 155520,
      "kind": 6
    },
    {
      "name": "stress.0.state.direction",
      "shape": [
        810,
        8,
        3
      ],
      "dtype": "torch.float64",
      "bytes": 155520,
      "kind": 6
    },
    {
      "name": "stress.0.state.product",
      "shape": [
        810,
        8,
        3
      ],
      "dtype": "torch.float64",
      "bytes": 155520,
      "kind": 6
    },
    {
      "name": "stress.0.state.preconditioned",
      "shape": [
        810,
        8,
        3
      ],
      "dtype": "torch.float64",
      "bytes": 155520,
      "kind": 6
    },
    {
      "name": "stress.0.state.wrench",
      "shape": [
        8,
        6
      ],
      "dtype": "torch.float64",
      "bytes": 384,
      "kind": 6
    },
    {
      "name": "stress.0.state.rhs_norm_squared",
      "shape": [
        8
      ],
      "dtype": "torch.float64",
      "bytes": 64,
      "kind": 6
    },
    {
      "name": "stress.0.state.residual_norm_squared",
      "shape": [
        8
      ],
      "dtype": "torch.float64",
      "bytes": 64,
      "kind": 6
    },
    {
      "name": "stress.0.state.residual_preconditioned",
      "shape": [
        8
      ],
      "dtype": "torch.float64",
      "bytes": 64,
      "kind": 6
    },
    {
      "name": "stress.0.state.next_residual_preconditioned",
      "shape": [
        8
      ],
      "dtype": "torch.float64",
      "bytes": 64,
      "kind": 6
    },
    {
      "name": "stress.0.state.direction_product",
      "shape": [
        8
      ],
      "dtype": "torch.float64",
      "bytes": 64,
      "kind": 6
    },
    {
      "name": "stress.0.state.active",
      "shape": [
        8
      ],
      "dtype": "torch.int32",
      "bytes": 32,
      "kind": 6
    },
    {
      "name": "stress.0.state.iterations",
      "shape": [
        8
      ],
      "dtype": "torch.int32",
      "bytes": 32,
      "kind": 6
    },
    {
      "name": "stress.0.state.peak",
      "shape": [
        8
      ],
      "dtype": "torch.float64",
      "bytes": 64,
      "kind": 6
    },
    {
      "name": "stress.0.state.step_peak",
      "shape": [
        8
      ],
      "dtype": "torch.float64",
      "bytes": 64,
      "kind": 5
    },
    {
      "name": "stress.0.state.step_valid",
      "shape": [
        8
      ],
      "dtype": "torch.bool",
      "bytes": 8,
      "kind": 5
    },
    {
      "name": "stress.0.state.valid",
      "shape": [
        8
      ],
      "dtype": "torch.bool",
      "bytes": 8,
      "kind": 6
    },
    {
      "name": "stress.0.contacts.position",
      "shape": [
        750,
        8,
        3
      ],
      "dtype": "torch.float64",
      "bytes": 144000,
      "kind": 6
    },
    {
      "name": "stress.0.contacts.center",
      "shape": [
        750,
        8,
        3
      ],
      "dtype": "torch.float64",
      "bytes": 144000,
      "kind": 6
    },
    {
      "name": "stress.0.contacts.force",
      "shape": [
        750,
        8,
        3
      ],
      "dtype": "torch.float64",
      "bytes": 144000,
      "kind": 6
    },
    {
      "name": "stress.0.contacts.normal",
      "shape": [
        750,
        8,
        3
      ],
      "dtype": "torch.float64",
      "bytes": 144000,
      "kind": 6
    },
    {
      "name": "stress.0.contacts.friction",
      "shape": [
        750,
        8
      ],
      "dtype": "torch.float64",
      "bytes": 48000,
      "kind": 6
    },
    {
      "name": "stress.0.contacts.radius",
      "shape": [
        750,
        8
      ],
      "dtype": "torch.float64",
      "bytes": 48000,
      "kind": 2
    },
    {
      "name": "stress.0.contacts.valid",
      "shape": [
        750,
        8
      ],
      "dtype": "torch.bool",
      "bytes": 6000,
      "kind": 6
    },
    {
      "name": "stress.0.contacts.coefficient",
      "shape": [
        750,
        8,
        3
      ],
      "dtype": "torch.float64",
      "bytes": 144000,
      "kind": 6
    },
    {
      "name": "stress.0.contacts.status",
      "shape": [
        750,
        8
      ],
      "dtype": "torch.int32",
      "bytes": 24000,
      "kind": 6
    },
    {
      "name": "stress.0.contacts.force_error",
      "shape": [
        750,
        8
      ],
      "dtype": "torch.float64",
      "bytes": 48000,
      "kind": 6
    },
    {
      "name": "stress.0.contacts.moment_error",
      "shape": [
        750,
        8
      ],
      "dtype": "torch.float64",
      "bytes": 48000,
      "kind": 6
    },
    {
      "name": "stress.0.contacts.candidate_count",
      "shape": [
        750,
        8
      ],
      "dtype": "torch.int32",
      "bytes": 24000,
      "kind": 6
    },
    {
      "name": "stress.0.contacts.evaluations",
      "shape": [
        750,
        8
      ],
      "dtype": "torch.int32",
      "bytes": 24000,
      "kind": 6
    },
    {
      "name": "stress.0.contacts.frame_position",
      "shape": [
        8,
        3
      ],
      "dtype": "torch.float64",
      "bytes": 192,
      "kind": 6
    },
    {
      "name": "stress.0.contacts.frame_quaternion",
      "shape": [
        8,
        4
      ],
      "dtype": "torch.float64",
      "bytes": 256,
      "kind": 6
    },
    {
      "name": "stress.0.omega",
      "shape": [
        8,
        3
      ],
      "dtype": "torch.float64",
      "bytes": 192,
      "kind": 6
    }
  ],
  "native_buffer_bytes": 10817337,
  "native_allocation_count": 79,
  "torch_peak_allocated_bytes": 1286144,
  "device_free_bytes": 99507240960
}
