[Quadrants] version 1.3.3, llvm 22.1.0, commit 00423caa, linux, python 3.10.12
[38;5;226m[Genesis] [05:36:30] [WARNING] (MJCF) Approximating tendon by joint actuator for `finger_joint1`[0m
[38;5;226m[Genesis] [05:36:30] [WARNING] (MJCF) Approximating tendon by joint actuator for `finger_joint2`[0m
[38;5;226m[Genesis] [05:36:30] [WARNING] Neutral robot position (qpos0) exceeds joint limits.[0m
[38;5;226m[Genesis] [05:36:30] [WARNING] Constraint solver time constant should be greater than 2*substep_dt. timeconst is changed from `0.005` to `0.02`). Decrease simulation timestep or increase timeconst to avoid altering the original value.[0m
[38;5;226m[Genesis] [05:36:32] [WARNING] Filtered out geometry pairs causing self-collision for the neutral configuration (qpos0): (6, 11), (7, 11), (14, 21), (15, 20), (16, 23), (17, 22). Consider tuning Morph option 'decompose_robot_error_threshold' or specify dedicated collision meshes. This behavior can be disabled by setting Morph option 'enable_neutral_collision=True'.[0m
{
  "scope": "live",
  "envs": 32,
  "level": 1,
  "precision": "64",
  "quadrature": 10,
  "dt": 0.01,
  "substeps": 1,
  "varied": true,
  "seed": 510000,
  "cooperative_solve": true,
  "method": "inverse",
  "inverse_precision": "64",
  "host": "rtx-210-029",
  "gpu": "NVIDIA RTX PRO 6000 Blackwell Server Edition",
  "gpu_total_bytes": 101975851008,
  "quadrants": [
    1,
    3,
    3
  ],
  "torch": "2.8.0",
  "setup_seconds": 21.47476973803714,
  "warmup_steps": 900,
  "warmup_quality": [
    {
      "tick": 0,
      "phase": [
        0.0,
        0.0,
        0.0,
        0.0,
        0.0,
        0.0,
        0.0,
        0.0,
        0.0,
        0.0,
        0.0,
        0.0,
        0.0,
        0.0,
        0.0,
        0.0,
        0.0,
        0.0,
        0.0,
        0.0,
        0.0,
        0.0,
        0.0,
        0.0,
        0.0,
        0.0,
        0.0,
        0.0,
        0.0,
        0.0,
        0.0,
        0.0
      ],
      "height_m": [
        0.031850890355476,
        0.03237932180439681,
        0.03167648072745669,
        0.03073176727215903,
        0.031204674226994262,
        0.03179886850065307,
        0.032090971443686625,
        0.031884388609004354,
        0.031871017155710175,
        0.032266360317896925,
        0.03156643847272703,
        0.0315587053905269,
        0.03120680439726362,
        0.030582144738624372,
        0.031242621811817407,
        0.03219664267632868,
        0.03114043340287578,
        0.0319013479823807,
        0.03130236066434339,
        0.03164612556046179,
        0.03226789862639261,
        0.03175765435277544,
        0.03235929747001398,
        0.03144546200910122,
        0.032366354080453706,
        0.031038368115008128,
        0.031058366967629803,
        0.031799533052407625,
        0.03177713511332371,
        0.032376706075446494,
        0.0319990613675468,
        0.03176520585041332
      ],
      "contacts": [
        0,
        0,
        0,
        0,
        0,
        0,
        0,
        0,
        0,
        0,
        0,
        0,
        0,
        0,
        0,
        0,
        0,
        0,
        0,
        0,
        0,
        0,
        0,
        0,
        0,
        0,
        0,
        0,
        0,
        0,
        0,
        0
      ],
      "maximum_stress_Pa": [
        0.0,
        0.0,
        0.0,
        0.0,
        0.0,
        0.0,
        0.0,
        0.0,
        0.0,
        0.0,
        0.0,
        0.0,
        0.0,
        0.0,
        0.0,
        0.0,
        0.0,
        0.0,
        0.0,
        0.0,
        0.0,
        0.0,
        0.0,
        0.0,
        0.0,
        0.0,
        0.0,
        0.0,
        0.0,
        0.0,
        0.0,
        0.0
      ],
      "residual_N": [
        0.0,
        0.0,
        0.0,
        0.0,
        0.0,
        0.0,
        0.0,
        0.0,
        0.0,
        0.0,
        0.0,
        0.0,
        0.0,
        0.0,
        0.0,
        0.0,
        0.0,
        0.0,
        0.0,
        0.0,
        0.0,
        0.0,
        0.0,
        0.0,
        0.0,
        0.0,
        0.0,
        0.0,
        0.0,
        0.0,
        0.0,
        0.0
      ],
      "rhs_N": [
        0.0,
        0.0,
        0.0,
        0.0,
        0.0,
        0.0,
        0.0,
        0.0,
        0.0,
        0.0,
        0.0,
        0.0,
        0.0,
        0.0,
        0.0,
        0.0,
        0.0,
        0.0,
        0.0,
        0.0,
        0.0,
        0.0,
        0.0,
        0.0,
        0.0,
        0.0,
        0.0,
        0.0,
        0.0,
        0.0,
        0.0,
        0.0
      ]
    },
    {
      "tick": 10,
      "phase": [
        0.01669449081803005,
        0.0,
        0.0,
        0.0,
        0.0,
        0.0,
        0.0,
        0.0,
        0.0,
        0.0,
        0.0,
        0.0,
        0.0,
        0.0,
        0.0,
        0.0,
        0.0,
        0.0,
        0.0,
        0.0,
        0.0,
        0.0,
        0.0,
        0.0,
        0.0,
        0.0,
        0.0,
        0.0,
        0.0,
        0.0,
        0.0,
        0.0
      ],
      "height_m": [
        0.02955680720401711,
        0.029586163604489343,
        0.02954600807035073,
        0.02962402659097198,
        0.029631838817646316,
        0.02955362850927998,
        0.02957077659285115,
        0.02955882581169295,
        0.029558022819481482,
        0.029580293755939912,
        0.029538958792132298,
        0.02953845534414126,
        0.029631884700359393,
        0.029620966768141493,
        0.029632684658655997,
        0.0295765713002866,
        0.029630539941307613,
        0.029559839000747743,
        0.02963414476724175,
        0.029544084772665066,
        0.029580375194023095,
        0.029551083512763015,
        0.029585142660528765,
        0.029638372340004094,
        0.029585503437040958,
        0.029628788206510326,
        0.029629103246875146,
        0.02955366937158629,
        0.029552289112318768,
        0.029586030735083098,
        0.029565563593142385,
        0.029551551414956072
      ],
      "contacts": [
        1,
        1,
        1,
        1,
        1,
        1,
        1,
        1,
        1,
        1,
        1,
        1,
        1,
        1,
        1,
        1,
        1,
        1,
        1,
        1,
        1,
        1,
        1,
        1,
        1,
        1,
        1,
        1,
        1,
        1,
        1,
        1
      ],
      "maximum_stress_Pa": [
        14373.896569446842,
        13680.504658849,
        14204.392752327816,
        13481.618829791807,
        13796.889445821384,
        13122.02696736434,
        14618.673349993938,
        13391.004974396345,
        14098.365909168962,
        14359.1032834478,
        12719.71397596813,
        14996.897547076307,
        13044.291974811282,
        15342.855044358686,
        14265.118387422835,
        14273.95777899652,
        13978.922211727544,
        14577.327315364128,
        15361.265446956646,
        12620.868723782954,
        15109.986265342883,
        13533.6329297505,
        13716.59969759331,
        14933.954498083342,
        13535.600188119357,
        14276.477526970402,
        13120.50543651737,
        12885.679886058211,
        13141.00146472112,
        13739.5100260591,
        14287.190526658525,
        13512.485573070637
      ],
      "residual_N": [
        4.333835350699115e-12,
        3.5403528103809284e-12,
        4.499276143384781e-12,
        4.9853647251675986e-12,
        4.43525254970889e-12,
        4.515595434251087e-12,
        4.438304385213005e-12,
        3.6039554413430958e-12,
        4.160783593321357e-12,
        4.310644487429306e-12,
        3.979839359771426e-12,
        4.264297246045298e-12,
        4.177808954144397e-12,
        4.0030385885533845e-12,
        5.2187392077668115e-12,
        3.7639522278953175e-12,
        4.241990580169875e-12,
        4.038492591169283e-12,
        4.142762516037071e-12,
        3.524199776649119e-12,
        4.428132907997529e-12,
        3.918204814108896e-12,
        4.071712949053551e-12,
        4.578463764020958e-12,
        3.3927611815956026e-12,
        4.3494913889387586e-12,
        4.38863861406311e-12,
        3.694538858128829e-12,
        3.555433120510997e-12,
        4.50469183685715e-12,
        4.588190658335565e-12,
        3.6924924597676225e-12
      ],
      "rhs_N": [
        0.039974240699468935,
        0.03833552183456269,
        0.03953954991229685,
        0.0379401162583957,
        0.038694069255517625,
        0.03695596086986383,
        0.040605472698255936,
        0.037595568159410064,
        0.039294018286800195,
        0.039971015759083774,
        0.0360009608680959,
        0.04153506732141262,
        0.036946203734559285,
        0.04250283516299169,
        0.039817758120130525,
        0.03975461811647247,
        0.03912492640629705,
        0.04048776144962563,
        0.042561138316937454,
        0.03578604846914061,
        0.04186486465906908,
        0.03791918998301181,
        0.038419332205616594,
        0.04147980746673385,
        0.03799133259330938,
        0.03984007415106168,
        0.03711471670743838,
        0.03640927690272215,
        0.036997626767745026,
        0.03847567171358531,
        0.039770469693327405,
        0.037869740555987054
      ]
    },
    {
      "tick": 20,
      "phase": [
        0.0333889816360601,
        0.0,
        0.0,
        0.0,
        0.0,
        0.0,
        0.0,
        0.0,
        0.0,
        0.0,
        0.0,
        0.0,
        0.0,
        0.0,
        0.0,
        0.0,
        0.0,
        0.0,
        0.0,
        0.0,
        0.0,
        0.0,
        0.0,
        0.0,
        0.0,
        0.0,
        0.0,
        0.0,
        0.0,
        0.0,
        0.0,
        0.0
      ],
      "height_m": [
        0.02963161055452225,
        0.029632064407004347,
        0.029631447256794476,
        0.029632672458529186,
        0.029632801258294504,
        0.029631562288057366,
        0.029631824680957874,
        0.029631641293235134,
        0.029631629057370604,
        0.029631972468000596,
        0.029631341651180195,
        0.02963133413728847,
        0.029632802018232318,
        0.02963262232962271,
        0.029632815274185327,
        0.029631914477372186,
        0.0296327797623889,
        0.029631656747446125,
        0.029632839501348176,
        0.029631418370316097,
        0.02963197373940505,
        0.029631523764757594,
        0.02963204837227812,
        0.02963290988224254,
        0.029632054036444384,
        0.02963275082341501,
        0.02963275602357818,
        0.02963156290746018,
        0.029631542000407324,
        0.02963206231913933,
        0.029631744389089148,
        0.029631530839296528
      ],
      "contacts": [
        1,
        1,
        1,
        1,
        1,
        1,
        1,
        1,
        1,
        1,
        1,
        1,
        1,
        1,
        1,
        1,
        1,
        1,
        1,
        1,
        1,
        1,
        1,
        1,
        1,
        1,
        1,
        1,
        1,
        1,
        1,
        1
      ],
      "maximum_stress_Pa": [
        14611.922833533268,
        13872.758615379566,
        14590.979738367645,
        13513.069057023891,
        13800.377038304105,
        13450.14982881725,
        14903.409246721541,
        13704.509158007546,
        14431.9673822998,
        14590.31250242394,
        13090.566969281816,
        15436.17516511964,
        13047.434234810493,
        15391.617579866854,
        14265.606330159988,
        14522.802373715287,
        13987.182697762039,
        14913.955746224687,
        15356.041029411184,
        12971.139383368676,
        15352.850289599186,
        13882.264470363149,
        13914.18921348471,
        14913.00724090604,
        13728.8959154138,
        14291.493290067307,
        13133.212518896416,
        13207.734823224584,
        13474.847042140747,
        13933.221224440866,
        14590.649331970368,
        13858.714054402506
      ],
      "residual_N": [
        4.1294285669746994e-12,
        3.874981489267099e-12,
        5.218527420512255e-12,
        5.003182387421911e-12,
        4.414461690960225e-12,
        4.9471131758583175e-12,
        4.4334491358626006e-12,
        4.565396847073972e-12,
        4.492994654229186e-12,
        4.4268206618623874e-12,
        3.966980756818512e-12,
        4.126408907750936e-12,
        4.314646987559046e-12,
        5.071598428434094e-12,
        4.476573288878112e-12,
        4.975422741563961e-12,
        4.254860638978262e-12,
        4.2859796473293655e-12,
        4.195663101199558e-12,
        4.4342202072067264e-12,
        4.49860343406704e-12,
        4.484994725526701e-12,
        4.437342608734974e-12,
        4.348662622437501e-12,
        4.154082637347458e-12,
        4.347833160535096e-12,
        4.553060922911963e-12,
        4.424592682759974e-12,
        4.702722094741924e-12,
        4.082323262513019e-12,
        5.346252652425602e-12,
        4.164547089582288e-12
      ],
      "rhs_N": [
        0.040667758659731996,
        0.03887425603566561,
        0.04061565895102838,
        0.038028623825068074,
        0.038703850383754665,
        0.037880063194774265,
        0.041396367699738625,
        0.038475738686225246,
        0.04022380990025018,
        0.040614626098323676,
        0.03705059642790513,
        0.04275168064964817,
        0.03695510376366522,
        0.04263791732358538,
        0.03981912009874352,
        0.04044767900306042,
        0.03914804627945225,
        0.04142272924659908,
        0.04254666313200836,
        0.0367792291348847,
        0.04253776199514383,
        0.03889600276425612,
        0.038972768000114115,
        0.0414216254095472,
        0.03853386947104385,
        0.03988197728257907,
        0.03715066195090335,
        0.037319262831971914,
        0.03793754707022049,
        0.03901813417857134,
        0.04061519134785789,
        0.038840071491054076
      ]
    },
    {
      "tick": 30,
      "phase": [
        0.05008347245409015,
        0.0,
        0.0,
        0.0,
        0.0,
        0.0,
        0.0,
        0.0,
        0.0,
        0.0,
        0.0,
        0.0,
        0.0,
        0.0,
        0.0,
        0.0,
        0.0,
        0.001669449081803005,
        0.0,
        0.0,
        0.0,
        0.0,
        0.0,
        0.0,
        0.0,
        0.0,
        0.0,
        0.0,
        0.0,
        0.0,
        0.0,
        0.0
      ],
      "height_m": [
        0.029632797478265114,
        0.029632804995037003,
        0.029632794774678804,
        0.02963281507192634,
        0.02963281720737034,
        0.029632796679103224,
        0.029632801024162166,
        0.029632797987238405,
        0.0296327977846341,
        0.029632803472007686,
        0.02963279302652798,
        0.029632792902154398,
        0.02963281721997073,
        0.029632814240897823,
        0.029632817439767103,
        0.029632802511439398,
        0.029632816850955236,
        0.02963279824313698,
        0.029632817841485415,
        0.029632794296482794,
        0.02963280349306821,
        0.029632796041294086,
        0.029632804729399567,
        0.02963281900855802,
        0.029632804823233754,
        0.02963281637114371,
        0.029632816457361818,
        0.029632796689358573,
        0.029632796343208156,
        0.029632804960448345,
        0.029632799694438647,
        0.029632796158421196
      ],
      "contacts": [
        1,
        1,
        1,
        1,
        1,
        1,
        1,
        1,
        1,
        1,
        1,
        1,
        1,
        1,
        1,
        1,
        1,
        1,
        1,
        1,
        1,
        1,
        1,
        1,
        1,
        1,
        1,
        1,
        1,
        1,
        1,
        1
      ],
      "maximum_stress_Pa": [
        14510.99960715242,
        13875.454940057967,
        14596.15077064808,
        13513.573758863879,
        13800.434655722755,
        13454.514641699798,
        14907.231155856101,
        13708.675445458806,
        14436.400653773253,
        14593.495514437463,
        13095.565643381327,
        15442.099681237642,
        13047.486155993334,
        15392.391294002395,
        14265.61441686608,
        14526.188768584556,
        13987.318507177873,
        14907.721839044818,
        15355.953972155437,
        12975.833726505683,
        15356.194602098876,
        13886.9083970095,
        13916.951327007753,
        14912.652617204134,
        13731.60112212455,
        14291.738556591745,
        13133.420319094188,
        13212.018843845288,
        13479.29086007869,
        13935.936828417725,
        14594.694768614641,
        13863.324638166374
      ],
      "residual_N": [
        4.3587360706722256e-12,
        4.373176158049812e-12,
        3.816369277643744e-12,
        3.7815655093430376e-12,
        4.203767309783784e-12,
        4.382002105693297e-12,
        4.5478388812601314e-12,
        4.3929198335481355e-12,
        4.6939879379299e-12,
        4.4112683513951285e-12,
        4.2802722165799104e-12,
        4.8007841767509726e-12,
        3.881246868417272e-12,
        4.272587910272519e-12,
        4.210656746565762e-12,
        5.098022112051165e-12,
        4.294860400512223e-12,
        4.120063074804305e-12,
        4.6346291310948545e-12,
        3.902690850528177e-12,
        4.2432252480939016e-12,
        4.369193065409899e-12,
        4.761942164001027e-12,
        4.55381019997447e-12,
        4.07076478532659e-12,
        4.194873869098072e-12,
        4.569169824325119e-12,
        3.698668584121393e-12,
        4.7147112725464076e-12,
        4.777994709215515e-12,
        4.6112625925801125e-12,
        3.886633970111128e-12
      ],
      "rhs_N": [
        0.040419647851667954,
        0.03888181167899663,
        0.040630053110082116,
        0.03803004416241565,
        0.03870401197470851,
        0.03789235594915884,
        0.04140698360334084,
        0.038487435638345106,
        0.0402361660166467,
        0.04062348655575659,
        0.037064744314503496,
        0.04276808905512213,
        0.03695525082343799,
        0.042640060669398384,
        0.0398191426708749,
        0.04045711050321282,
        0.03914842638983861,
        0.04140821502121032,
        0.04254642192430032,
        0.036792539786833965,
        0.042547027998955926,
        0.03890901434346579,
        0.03898050450619165,
        0.04142064042444256,
        0.03854146236731761,
        0.03988266172566527,
        0.03715124976710516,
        0.0373313675943494,
        0.03795005834783245,
        0.03902573886656422,
        0.04062645240823068,
        0.038852992993166045
      ]
    },
    {
      "tick": 40,
      "phase": [
        0.0667779632721202,
        0.005008347245409015,
        0.0,
        0.0,
        0.0,
        0.0,
        0.0,
        0.0,
        0.0,
        0.0,
        0.0,
        0.0,
        0.0,
        0.0,
        0.0,
        0.0,
        0.0,
        0.018363939899833055,
        0.0,
        0.0,
        0.0,
        0.0,
        0.0,
        0.0,
        0.0,
        0.0,
        0.0,
        0.0,
        0.0,
        0.0,
        0.0,
        0.0
      ],
      "height_m": [
        0.02963281714469452,
        0.0296328172693287,
        0.02963281709986713,
        0.02963281743641343,
        0.02963281747182144,
        0.02963281713144383,
        0.029632817203488235,
        0.029632817153133675,
        0.029632817149774345,
        0.02963281724407555,
        0.02963281707088162,
        0.029632817068819425,
        0.02963281747203037,
        0.029632817422634083,
        0.02963281747567484,
        0.029632817228148513,
        0.029632817465911683,
        0.029632817157376663,
        0.029632817482335785,
        0.029632817091938313,
        0.02963281724442475,
        0.029632817120868498,
        0.029632817264924196,
        0.029632817501687184,
        0.029632817266480052,
        0.029632817457955873,
        0.029632817459385462,
        0.029632817131613868,
        0.029632817125874445,
        0.02963281726875519,
        0.02963281718144036,
        0.02963281712281055
      ],
      "contacts": [
        1,
        1,
        1,
        1,
        1,
        1,
        1,
        1,
        1,
        1,
        1,
        1,
        1,
        1,
        1,
        1,
        1,
        1,
        1,
        1,
        1,
        1,
        1,
        1,
        1,
        1,
        1,
        1,
        1,
        1,
        1,
        1
      ],
      "maximum_stress_Pa": [
        14409.067527862067,
        13839.527059466749,
        14596.236074873685,
        13513.582122855823,
        13800.435611030178,
        13454.586676992147,
        14907.2942930252,
        13708.74422462075,
        14436.473837098392,
        14593.548126157486,
        13095.648071821632,
        15442.197374128526,
        13047.487016859768,
        15392.4041137136,
        14265.61455095445,
        14526.244729906219,
        13987.320758732865,
        14800.940064238586,
        15355.95252852883,
        12975.911158657702,
        15356.249880208608,
        13886.98502768143,
        13916.99699466899,
        14912.64673511196,
        13731.645849858627,
        14291.74262237928,
        13133.423763868233,
        13212.089545928979,
        13479.364193689582,
        13935.981729441126,
        14594.761578399402,
        13863.400720634949
      ],
      "residual_N": [
        4.598140970685023e-12,
        4.634891717396905e-12,
        4.293815398140802e-12,
        4.484940744766182e-12,
        4.059276284225355e-12,
        3.610890196923034e-12,
        4.614441882029231e-12,
        3.824833761330909e-12,
        4.694853213554237e-12,
        4.406873222434445e-12,
        3.926608892054647e-12,
        4.295694361730016e-12,
        4.66482223923585e-12,
        4.348659922510373e-12,
        4.590444323522293e-12,
        4.798953685936729e-12,
        4.464986549842523e-12,
        4.251191139309864e-12,
        3.8294971520346585e-12,
        4.40044988623796e-12,
        4.779692244827034e-12,
        4.717399268452774e-12,
        4.119540692599596e-12,
        4.539458716070666e-12,
        4.093707604833813e-12,
        4.2210262002936706e-12,
        4.23980822515133e-12,
        4.100886959283028e-12,
        3.714776899685283e-12,
        3.866773351017273e-12,
        4.761767984869962e-12,
        3.6059906533631827e-12
      ],
      "rhs_N": [
        0.04016916236215112,
        0.03879657527106103,
        0.04063029056414087,
        0.03803006770046142,
        0.038704014653906445,
        0.03789255882430426,
        0.041407158975933576,
        0.03848762873748669,
        0.04023636998829183,
        0.040623633009466295,
        0.03706497761400678,
        0.04276835962313581,
        0.03695525326171398,
        0.04264009618260306,
        0.03981914304514325,
        0.04045726636190834,
        0.03914843269160971,
        0.04114021198806532,
        0.04254641792447574,
        0.03679275934310029,
        0.04254718115663217,
        0.038909229050979884,
        0.03898063241843401,
        0.04142062408664321,
        0.038541587907827385,
        0.03988267307167892,
        0.037151259511524114,
        0.037331567367404714,
        0.03795026481378073,
        0.03902586460592393,
        0.0406266383829658,
        0.038853206219920736
      ]
    },
    {
      "tick": 50,
      "phase": [
        0.08347245409015025,
        0.021702838063439065,
        0.0,
        0.0,
        0.0,
        0.0,
        0.0,
        0.0,
        0.0,
        0.0,
        0.0,
        0.0,
        0.0,
        0.0,
        0.0,
        0.0,
        0.0,
        0.035058430717863104,
        0.0,
        0.0,
        0.0,
        0.0,
        0.0,
        0.0,
        0.0,
        0.0,
        0.0,
        0.0,
        0.0,
        0.0,
        0.0,
        0.0
      ],
      "height_m": [
        0.029632817470782207,
        0.02963281747284878,
        0.029632817470038916,
        0.029632817475619234,
        0.029632817476206337,
        0.029632817470562494,
        0.02963281747175707,
        0.029632817470922137,
        0.029632817470866435,
        0.029632817472430056,
        0.029632817469558308,
        0.029632817469524113,
        0.029632817476209803,
        0.029632817475390757,
        0.02963281747627023,
        0.029632817472165965,
        0.029632817476108346,
        0.029632817470992487,
        0.029632817476380677,
        0.02963281746990745,
        0.029632817472435846,
        0.029632817470387145,
        0.029632817472775748,
        0.029632817476701545,
        0.029632817472801547,
        0.02963281747597643,
        0.029632817476000134,
        0.029632817470565315,
        0.029632817470470148,
        0.02963281747283927,
        0.029632817471391494,
        0.029632817470419345
      ],
      "contacts": [
        1,
        1,
        1,
        1,
        1,
        1,
        1,
        1,
        1,
        1,
        1,
        1,
        1,
        1,
        1,
        1,
        1,
        1,
        1,
        1,
        1,
        1,
        1,
        1,
        1,
        1,
        1,
        1,
        1,
        1,
        1,
        1
      ],
      "maximum_stress_Pa": [
        14311.886750932164,
        13721.110656303545,
        14596.237489200323,
        13513.582261546064,
        13800.435626870683,
        13454.587871329011,
        14907.2953398555,
        13708.745364970833,
        14436.475050466,
        14593.548998482744,
        13095.649438455328,
        15442.198993831244,
        13047.487031132438,
        15392.404326270296,
        14265.6145531687,
        14526.245657752143,
        13987.32079607672,
        14695.120655150964,
        15355.952504587722,
        12975.912442458743,
        15356.250796733273,
        13886.986298195847,
        13916.997751853409,
        14912.646637584061,
        13731.646591470997,
        14291.74268978884,
        13133.423820984746,
        13212.090718158604,
        13479.365409547168,
        13935.98247392177,
        14594.762686103611,
        13863.40198206861
      ],
      "residual_N": [
        4.56271664324235e-12,
        4.2236228609949156e-12,
        5.100934945135461e-12,
        4.1891128510394265e-12,
        4.054319603484364e-12,
        4.099420607930877e-12,
        4.789281117909202e-12,
        4.020767789345028e-12,
        4.0742245304225245e-12,
        4.471833406154612e-12,
        3.960925903697911e-12,
        4.225001229332936e-12,
        4.197323689845095e-12,
        4.514563313887133e-12,
        3.868656678299123e-12,
        4.338812186441445e-12,
        5.548046246108531e-12,
        4.059295027073437e-12,
        4.714105560308457e-12,
        4.139491997756758e-12,
        4.939381877057878e-12,
        5.041748317031767e-12,
        3.4962097383765052e-12,
        4.750017281633128e-12,
        4.179130533267342e-12,
        4.499510113755084e-12,
        4.2237203196193435e-12,
        4.6756860525055345e-12,
        3.5928829367279032e-12,
        4.430136411409518e-12,
        4.270667584990974e-12,
        3.916490220138071e-12
      ],
      "rhs_N": [
        0.03993172073121805,
        0.03851675918597451,
        0.04063029450106296,
        0.03803006809074519,
        0.03870401469833049,
        0.03789256218794159,
        0.041407161883630264,
        0.03848763193905505,
        0.0402363733701229,
        0.040623635437706855,
        0.03706498148202229,
        0.042768364109046775,
        0.03695525330214329,
        0.04264009677144488,
        0.039819143051349065,
        0.04045726894607677,
        0.0391484327961,
        0.0408759291964954,
        0.042546417858154044,
        0.03679276298327557,
        0.04254718369602638,
        0.038909232610787534,
        0.03898063453926222,
        0.04142062381574254,
        0.0385415899893322,
        0.039882673259807884,
        0.037151259673096945,
        0.03733157067961003,
        0.03795026823694867,
        0.03902586669072675,
        0.04062664146643171,
        0.03885320975517929
      ]
    },
    {
      "tick": 60,
      "phase": [
        0.1001669449081803,
        0.038397328881469114,
        0.0,
        0.0,
        0.0,
        0.0,
        0.0,
        0.0,
        0.0,
        0.0,
        0.0,
        0.0,
        0.0,
        0.0,
        0.0,
        0.0,
        0.0,
        0.05175292153589316,
        0.0,
        0.0,
        0.0,
        0.0,
        0.0,
        0.0,
        0.0,
        0.0,
        0.0,
        0.0,
        0.0,
        0.0,
        0.0,
        0.0
      ],
      "height_m": [
        0.029632817476189104,
        0.029632817476223372,
        0.02963281747617678,
        0.029632817476269308,
        0.029632817476279046,
        0.02963281747618546,
        0.02963281747620527,
        0.029632817476191425,
        0.0296328174761905,
        0.02963281747621643,
        0.02963281747616881,
        0.029632817476168246,
        0.029632817476279102,
        0.029632817476265522,
        0.02963281747628008,
        0.02963281747621205,
        0.02963281747627742,
        0.02963281747619259,
        0.029632817476281936,
        0.029632817476174602,
        0.029632817476216523,
        0.029632817476182554,
        0.029632817476222158,
        0.02963281747628726,
        0.02963281747622259,
        0.029632817476275233,
        0.029632817476275625,
        0.02963281747618551,
        0.02963281747618393,
        0.029632817476223212,
        0.029632817476199207,
        0.02963281747618309
      ],
      "contacts": [
        1,
        1,
        1,
        1,
        1,
        1,
        1,
        1,
        1,
        1,
        1,
        1,
        1,
        1,
        1,
        1,
        1,
        1,
        1,
        1,
        1,
        1,
        1,
        1,
        1,
        1,
        1,
        1,
        1,
        1,
        1,
        1
      ],
      "maximum_stress_Pa": [
        14220.749910887844,
        13605.601928386763,
        14596.237512648795,
        13513.58226384583,
        13800.435627136829,
        13454.587891129566,
        14907.295357206716,
        13708.745383876585,
        14436.475070587852,
        14593.549012940091,
        13095.649461105791,
        15442.199020689308,
        13047.48703137099,
        15392.404329799097,
        14265.614553212685,
        14526.245673131907,
        13987.320796693868,
        14591.479458527867,
        15355.952504196499,
        12975.912463750084,
        15356.250811927623,
        13886.986319269321,
        13916.997764399317,
        14912.646635966485,
        13731.646603763349,
        14291.742690909825,
        13133.423821924252,
        13212.090737598883,
        13479.365429709014,
        13935.982486258492,
        14594.762704473287,
        13863.402002982519
      ],
      "residual_N": [
        4.0331009051794516e-12,
        4.105562898281745e-12,
        4.910925267076355e-12,
        4.104675306663888e-12,
        3.815888590559267e-12,
        4.086345885854604e-12,
        4.31737096738168e-12,
        3.747970144088481e-12,
        4.065157975254393e-12,
        4.28722462984005e-12,
        4.637610031003773e-12,
        4.071571371764661e-12,
        4.0620429715933205e-12,
        4.411525401245818e-12,
        4.207052942381726e-12,
        4.23145312266642e-12,
        4.555103505506557e-12,
        4.777125541725479e-12,
        3.902513862258521e-12,
        4.670538663874291e-12,
        4.924581887696768e-12,
        4.777987054995192e-12,
        4.860837398695063e-12,
        3.826441292156173e-12,
        4.779341837967324e-12,
        4.437213139183236e-12,
        4.442324047082567e-12,
        3.78218552028877e-12,
        4.202012682293053e-12,
        4.408245899619501e-12,
        4.379577924232614e-12,
        4.710082969014545e-12
      ],
      "rhs_N": [
        0.03971028628216277,
        0.03824530244301862,
        0.04063029456634151,
        0.0380300680972166,
        0.03870401469906711,
        0.037892562243714414,
        0.04140716193184304,
        0.038487631992140656,
        0.040236373426197396,
        0.040623635477969815,
        0.03706498154615822,
        0.04276836418342808,
        0.03695525330281366,
        0.04264009678120855,
        0.03981914305146104,
        0.040457268988925175,
        0.03914843279783254,
        0.04061851014322943,
        0.04254641785705437,
        0.03679276304363367,
        0.04254718373813236,
        0.038909232669813075,
        0.03898063457442781,
        0.04142062381125067,
        0.03854159002384577,
        0.03988267326292723,
        0.03715125967577602,
        0.037331570734530035,
        0.0379502682937086,
        0.03902586672529503,
        0.040626641517559015,
        0.038853209813797716
      ]
    },
    {
      "tick": 70,
      "phase": [
        0.11686143572621036,
        0.05509181969949917,
        0.0,
        0.0,
        0.0,
        0.0,
        0.0,
        0.0,
        0.0,
        0.0,
        0.0,
        0.0,
        0.0,
        0.0,
        0.0,
        0.0,
        0.0,
        0.06844741235392321,
        0.00667779632721202,
        0.0,
        0.0,
        0.0,
        0.0,
        0.0,
        0.0,
        0.0,
        0.0,
        0.0,
        0.0,
        0.0,
        0.0,
        0.0
      ],
      "height_m": [
        0.02963281747627876,
        0.029632817476279327,
        0.029632817476278554,
        0.029632817476280066,
        0.02963281747628025,
        0.0296328174762787,
        0.02963281747627903,
        0.029632817476278796,
        0.02963281747627878,
        0.029632817476279213,
        0.029632817476278422,
        0.02963281747627841,
        0.02963281747628025,
        0.029632817476280025,
        0.02963281747628026,
        0.029632817476279136,
        0.02963281747628023,
        0.029632817476278814,
        0.02963281747628032,
        0.02963281747627852,
        0.029632817476279213,
        0.02963281747627865,
        0.029632817476279306,
        0.029632817476280403,
        0.029632817476279313,
        0.029632817476280195,
        0.0296328174762802,
        0.0296328174762787,
        0.02963281747627867,
        0.029632817476279324,
        0.02963281747627893,
        0.029632817476278658
      ],
      "contacts": [
        1,
        1,
        1,
        1,
        1,
        1,
        1,
        1,
        1,
        1,
        1,
        1,
        1,
        1,
        1,
        1,
        1,
        1,
        1,
        1,
        1,
        1,
        1,
        1,
        1,
        1,
        1,
        1,
        1,
        1,
        1,
        1
      ],
      "maximum_stress_Pa": [
        14136.718443629601,
        13494.271638062977,
        14596.237513039438,
        13513.582263887674,
        13800.435627137096,
        13454.58789145798,
        14907.295357497542,
        13708.745384194743,
        14436.475070924971,
        14593.54901317991,
        13095.64946148768,
        15442.19902113446,
        13047.487031370392,
        15392.404329854884,
        14265.614553202799,
        14526.245673395179,
        13987.320796701028,
        14491.18753929165,
        15315.454623900405,
        12975.912464102163,
        15356.250812178885,
        13886.986319612424,
        13916.99776461744,
        14912.64663593416,
        13731.646603965492,
        14291.742690924968,
        13133.423821940678,
        13212.090737917471,
        13479.365430038817,
        13935.982486467969,
        14594.762704775969,
        13863.402003329147
      ],
      "residual_N": [
        4.442456351257391e-12,
        3.9696123573437105e-12,
        4.5202837946115944e-12,
        4.529946743155817e-12,
        3.867868574153512e-12,
        3.6487923460494734e-12,
        3.8933003434160674e-12,
        4.218013123268679e-12,
        4.014431386636108e-12,
        4.280179009313321e-12,
        4.232810476737366e-12,
        3.978111002896261e-12,
        4.016430923163193e-12,
        5.08959374992695e-12,
        4.137803574850014e-12,
        4.1599338480796354e-12,
        4.070667476876205e-12,
        4.21595296766219e-12,
        4.606176177189461e-12,
        4.5449090194044904e-12,
        4.243993560587827e-12,
        4.212593217146544e-12,
        3.873893944984962e-12,
        4.553130442165796e-12,
        3.859486963932504e-12,
        4.309988241615918e-12,
        4.066029348306533e-12,
        3.670638576704976e-12,
        3.900616881968683e-12,
        4.1088054116034904e-12,
        4.6769218701684636e-12,
        4.400967272272704e-12
      ],
      "rhs_N": [
        0.03950716833139132,
        0.037985016602339695,
        0.040630294567423945,
        0.03803006809733343,
        0.03870401469908067,
        0.037892562244639216,
        0.041407161932642454,
        0.03848763199302093,
        0.040236373427127194,
        0.040623635478637475,
        0.03706498154722175,
        0.042768364184661456,
        0.03695525330282602,
        0.04264009678137045,
        0.039819143051453586,
        0.04045726898963566,
        0.03914843279786038,
        0.04037086530697514,
        0.04244255820583771,
        0.0367927630446345,
        0.04254718373883059,
        0.038909232670791785,
        0.03898063457501098,
        0.04142062381117501,
        0.03854159002441817,
        0.039882673262969744,
        0.037151259675812495,
        0.037331570735440675,
        0.03795026829464978,
        0.03902586672586834,
        0.04062664151840679,
        0.03885320981476969
      ]
    },
    {
      "tick": 80,
      "phase": [
        0.1335559265442404,
        0.07178631051752922,
        0.01001669449081803,
        0.0,
        0.0,
        0.0,
        0.0,
        0.0,
        0.0,
        0.0,
        0.0,
        0.0,
        0.0,
        0.0,
        0.0,
        0.0,
        0.0,
        0.08514190317195326,
        0.02337228714524207,
        0.0,
        0.0,
        0.0,
        0.0,
        0.0,
        0.0,
        0.0,
        0.0,
        0.0,
        0.0,
        0.0,
        0.0,
        0.0
      ],
      "height_m": [
        0.029632817476280247,
        0.029632817476280243,
        0.029632817476280247,
        0.029632817476280278,
        0.029632817476280254,
        0.029632817476280243,
        0.029632817476280247,
        0.029632817476280247,
        0.029632817476280247,
        0.02963281747628024,
        0.029632817476280243,
        0.029632817476280243,
        0.029632817476280254,
        0.029632817476280254,
        0.02963281747628026,
        0.029632817476280233,
        0.029632817476280236,
        0.029632817476280247,
        0.029632817476280313,
        0.029632817476280247,
        0.02963281747628024,
        0.029632817476280222,
        0.029632817476280243,
        0.029632817476280278,
        0.029632817476280243,
        0.029632817476280264,
        0.029632817476280264,
        0.029632817476280243,
        0.029632817476280226,
        0.029632817476280243,
        0.029632817476280247,
        0.029632817476280247
      ],
      "contacts": [
        1,
        1,
        1,
        1,
        1,
        1,
        1,
        1,
        1,
        1,
        1,
        1,
        1,
        1,
        1,
        1,
        1,
        1,
        1,
        1,
        1,
        1,
        1,
        1,
        1,
        1,
        1,
        1,
        1,
        1,
        1,
        1
      ],
      "maximum_stress_Pa": [
        14060.682720190149,
        13388.413094266343,
        14528.476313928091,
        13513.582263878914,
        13800.435627144312,
        13454.587891465511,
        14907.295357503148,
        13708.74538419975,
        14436.475070928655,
        14593.549013183994,
        13095.649461490357,
        15442.19902113974,
        13047.487031376433,
        15392.404329853034,
        14265.614553201776,
        14526.245673394633,
        13987.320796700842,
        14395.593033265463,
        15214.995324551406,
        12975.912464102254,
        15356.250812183353,
        13886.986319620539,
        13916.997764621954,
        14912.646635932875,
        13731.646603973964,
        14291.74269092627,
        13133.423821948243,
        13212.090737924846,
        13479.36543005172,
        13935.982486466179,
        14594.76270478564,
        13863.402003331232
      ],
      "residual_N": [
        3.7429765961725335e-12,
        4.22001323861249e-12,
        4.4430457435609726e-12,
        3.8115001172420444e-12,
        4.026776138189398e-12,
        3.703479825859228e-12,
        3.870913462184635e-12,
        3.794977931377222e-12,
        3.970103628774689e-12,
        4.414343171205389e-12,
        4.2835101430771694e-12,
        4.461823584707306e-12,
        4.023024553986149e-12,
        4.3305365869092075e-12,
        4.017795458856214e-12,
        4.055459002842307e-12,
        4.138528680562797e-12,
        4.383877186717164e-12,
        3.981457994906136e-12,
        3.884735527889377e-12,
        4.405196955887426e-12,
        4.005229749704407e-12,
        4.343700822439188e-12,
        4.365653103519341e-12,
        3.956512126617892e-12,
        3.5980976143452336e-12,
        3.7631860965344945e-12,
        3.9082281045005265e-12,
        4.100746107425308e-12,
        4.580890448034967e-12,
        4.06998893672687e-12,
        4.162397483602977e-12
      ],
      "rhs_N": [
        0.03932420846327058,
        0.03773877340203768,
        0.04046277253266146,
        0.03803006809732432,
        0.0387040146990842,
        0.03789256224465656,
        0.04140716193265762,
        0.038487631993037424,
        0.04023637342714466,
        0.04062363547864974,
        0.037064981547239396,
        0.04276836418468191,
        0.03695525330282937,
        0.04264009678137306,
        0.03981914305145385,
        0.04045726898964879,
        0.03914843279786291,
        0.040136159288309325,
        0.04218591734489567,
        0.036792763044651094,
        0.04254718373884348,
        0.03890923267081854,
        0.038980634575026124,
        0.04142062381117552,
        0.03854159002443209,
        0.039882673262981304,
        0.037151259675822654,
        0.03733157073545777,
        0.037950268294674745,
        0.03902586672588288,
        0.040626641518422865,
        0.03885320981478585
      ]
    },
    {
      "tick": 90,
      "phase": [
        0.15025041736227046,
        0.08848080133555927,
        0.02671118530884808,
        0.0,
        0.0,
        0.0,
        0.0,
        0.0,
        0.0,
        0.0,
        0.0,
        0.0,
        0.0,
        0.0,
        0.0,
        0.0,
        0.0,
        0.10183639398998331,
        0.04006677796327212,
        0.0,
        0.0,
        0.0,
        0.0,
        0.0,
        0.0,
        0.0,
        0.0,
        0.0,
        0.0,
        0.0,
        0.0,
        0.0
      ],
      "height_m": [
        0.029632817476280243,
        0.029632817476280243,
        0.02963281747628026,
        0.029632817476280247,
        0.029632817476280247,
        0.02963281747628024,
        0.029632817476280243,
        0.029632817476280243,
        0.029632817476280243,
        0.02963281747628025,
        0.02963281747628026,
        0.02963281747628026,
        0.029632817476280247,
        0.029632817476280257,
        0.02963281747628026,
        0.029632817476280243,
        0.029632817476280278,
        0.029632817476280243,
        0.0296328174762803,
        0.02963281747628026,
        0.02963281747628025,
        0.029632817476280243,
        0.02963281747628023,
        0.02963281747628028,
        0.02963281747628024,
        0.02963281747628026,
        0.029632817476280257,
        0.02963281747628024,
        0.02963281747628024,
        0.029632817476280222,
        0.029632817476280233,
        0.029632817476280257
      ],
      "contacts": [
        1,
        1,
        1,
        1,
        1,
        1,
        1,
        1,
        1,
        1,
        1,
        1,
        1,
        1,
        1,
        1,
        1,
        1,
        1,
        1,
        1,
        1,
        1,
        1,
        1,
        1,
        1,
        1,
        1,
        1,
        1,
        1
      ],
      "maximum_stress_Pa": [
        13993.42687606809,
        13289.068462133931,
        14416.20083872869,
        13513.582263877455,
        13800.435627144556,
        13454.58789146576,
        14907.295357509369,
        13708.74538420438,
        14436.47507093653,
        14593.549013181635,
        13095.649461493189,
        15442.199021140508,
        13047.487031373134,
        15392.404329854984,
        14265.614553207351,
        14526.245673393883,
        13987.32079669435,
        14305.925096106364,
        15116.522197631952,
        12975.912464102244,
        15356.250812181963,
        13886.98631961289,
        13916.99776462499,
        14912.646635932184,
        13731.646603970994,
        14291.742690925774,
        13133.423821948107,
        13212.090737924984,
        13479.365430045225,
        13935.982486474619,
        14594.762704790239,
        13863.40200333838
      ],
      "residual_N": [
        4.956556970736663e-12,
        4.5074198148490416e-12,
        3.82801009598538e-12,
        3.76895512524837e-12,
        3.937473507994572e-12,
        3.973656978093263e-12,
        5.044232185421578e-12,
        4.4476578224186755e-12,
        5.335693590283949e-12,
        4.216351262503961e-12,
        4.312611611270131e-12,
        5.024743535364048e-12,
        4.1900386308137406e-12,
        4.0473365750517485e-12,
        4.1002209708858135e-12,
        4.376014130317469e-12,
        4.654861871866301e-12,
        4.941708176721913e-12,
        4.364653686095311e-12,
        4.654164359725111e-12,
        4.089500224148823e-12,
        4.259635649071847e-12,
        4.693060323199868e-12,
        4.508145727670605e-12,
        4.040694564100912e-12,
        4.702729683118503e-12,
        3.919545882319473e-12,
        4.088713066367873e-12,
        4.148730717259718e-12,
        4.862822191120761e-12,
        3.684392616981749e-12,
        3.795570839092648e-12
      ],
      "rhs_N": [
        0.039163034773017934,
        0.03750884275011937,
        0.04018664518826778,
        0.038030068097325544,
        0.038704014699084216,
        0.037892562244661684,
        0.04140716193266403,
        0.0384876319930431,
        0.040236373427150564,
        0.040623635478648557,
        0.03706498154724261,
        0.04276836418468561,
        0.03695525330282949,
        0.04264009678137238,
        0.039819143051454994,
        0.04045726898964866,
        0.039148432797851,
        0.039917198974107046,
        0.04193562620075519,
        0.03679276304465437,
        0.04254718373884222,
        0.038909232670809195,
        0.03898063457503133,
        0.04142062381117549,
        0.03854159002443464,
        0.03988267326298292,
        0.03715125967582361,
        0.03733157073546267,
        0.0379502682946667,
        0.039025866725889244,
        0.04062664151843015,
        0.038853209814788674
      ]
    },
    {
      "tick": 100,
      "phase": [
        0.1669449081803005,
        0.10517529215358933,
        0.04340567612687813,
        0.0,
        0.0,
        0.0,
        0.0,
        0.0,
        0.0,
        0.0,
        0.0,
        0.0,
        0.0,
        0.0,
        0.0,
        0.0,
        0.0,
        0.11853088480801335,
        0.05676126878130217,
        0.0,
        0.0,
        0.0,
        0.0,
        0.0,
        0.0,
        0.0,
        0.0,
        0.0,
        0.0,
        0.0,
        0.0,
        0.0
      ],
      "height_m": [
        0.02963281747628023,
        0.02963281747628026,
        0.029632817476280254,
        0.02963281747628026,
        0.029632817476280236,
        0.029632817476280226,
        0.029632817476280226,
        0.02963281747628023,
        0.02963281747628023,
        0.029632817476280257,
        0.029632817476280254,
        0.029632817476280257,
        0.029632817476280236,
        0.02963281747628026,
        0.029632817476280257,
        0.029632817476280222,
        0.029632817476280233,
        0.02963281747628023,
        0.02963281747628029,
        0.029632817476280254,
        0.029632817476280257,
        0.029632817476280215,
        0.029632817476280243,
        0.02963281747628029,
        0.029632817476280222,
        0.029632817476280254,
        0.029632817476280257,
        0.029632817476280226,
        0.02963281747628025,
        0.029632817476280222,
        0.029632817476280236,
        0.02963281747628025
      ],
      "contacts": [
        1,
        1,
        1,
        1,
        1,
        1,
        1,
        1,
        1,
        1,
        1,
        1,
        1,
        1,
        1,
        1,
        1,
        1,
        1,
        1,
        1,
        1,
        1,
        1,
        1,
        1,
        1,
        1,
        1,
        1,
        1,
        1
      ],
      "maximum_stress_Pa": [
        13935.594229581247,
        13196.818278265882,
        14306.086374638144,
        13513.582263874,
        13800.435627145502,
        13454.587891465886,
        14907.295357501303,
        13708.745384202344,
        14436.47507093155,
        14593.5490131817,
        13095.649461490806,
        15442.199021143471,
        13047.487031378403,
        15392.404329857975,
        14265.614553206893,
        14526.245673398787,
        13987.320796700298,
        14223.271913640796,
        15020.892622425477,
        12975.91246410672,
        15356.250812183222,
        13886.986319622973,
        13916.997764619435,
        14912.646635932913,
        13731.646603971814,
        14291.742690925703,
        13133.4238219475,
        13212.090737925655,
        13479.365430042672,
        13935.982486472964,
        14594.762704789775,
        13863.402003338935
      ],
      "residual_N": [
        4.698791029768896e-12,
        4.024474087951916e-12,
        4.099062885286965e-12,
        3.63849741949069e-12,
        4.217981967717314e-12,
        3.884479842604372e-12,
        3.752987508151537e-12,
        4.341478483487271e-12,
        4.710249235108351e-12,
        4.1802402383563756e-12,
        4.51848484008347e-12,
        3.975537506663022e-12,
        4.259441956769995e-12,
        3.660196309175438e-12,
        4.415183091576591e-12,
        4.321734546973131e-12,
        3.923025610869388e-12,
        4.822869218958792e-12,
        4.248956106752359e-12,
        4.045956200815802e-12,
        4.129663091520126e-12,
        4.744793309239031e-12,
        4.048633762256141e-12,
        4.2685685649775415e-12,
        4.445668896565396e-12,
        4.168383997220787e-12,
        3.844239066733521e-12,
        4.1351675154995134e-12,
        3.6305018525224863e-12,
        4.631978603994035e-12,
        4.1422907486187664e-12,
        3.994345733875639e-12
      ],
      "rhs_N": [
        0.039024941182152044,
        0.037296495779276566,
        0.03991759175862005,
        0.03803006809732595,
        0.0387040146990867,
        0.03789256224466465,
        0.04140716193266634,
        0.03848763199304612,
        0.040236373427153686,
        0.040623635478648515,
        0.03706498154724234,
        0.042768364184683855,
        0.036955253302831746,
        0.0426400967813726,
        0.03981914305145643,
        0.040457268989658374,
        0.039148432797862925,
        0.039716397755722714,
        0.04169353366755189,
        0.03679276304465397,
        0.04254718373884219,
        0.03890923267081959,
        0.03898063457502191,
        0.041420623811175186,
        0.038541590024439076,
        0.039882673262984954,
        0.03715125967582363,
        0.037331570735465815,
        0.037950268294665544,
        0.03902586672588909,
        0.04062664151842951,
        0.03885320981479078
      ]
    },
    {
      "tick": 110,
      "phase": [
        0.18363939899833057,
        0.12186978297161936,
        0.06010016694490818,
        0.0,
        0.0,
        0.0,
        0.0,
        0.0,
        0.0,
        0.0,
        0.0,
        0.0,
        0.0,
        0.0,
        0.0,
        0.0,
        0.0,
        0.13522537562604342,
        0.07345575959933222,
        0.011686143572621035,
        0.0,
        0.0,
        0.0,
        0.0,
        0.0,
        0.0,
        0.0,
        0.0,
        0.0,
        0.0,
        0.0,
        0.0
      ],
      "height_m": [
        0.0295007632373234,
        0.029632817476280264,
        0.029632817476280257,
        0.02963281747628026,
        0.029632817476280222,
        0.02963281747628024,
        0.02963281747628024,
        0.029632817476280243,
        0.029632817476280243,
        0.02963281747628026,
        0.029632817476280247,
        0.029632817476280257,
        0.029632817476280226,
        0.029632817476280247,
        0.02963281747628025,
        0.029632817476280243,
        0.029632817476280257,
        0.029632817476280243,
        0.02963281747628028,
        0.029632817476280247,
        0.02963281747628026,
        0.02963281747628025,
        0.029632817476280254,
        0.02963281747628028,
        0.029632817476280222,
        0.029632817476280243,
        0.029632817476280257,
        0.02963281747628024,
        0.029632817476280257,
        0.029632817476280243,
        0.02963281747628023,
        0.02963281747628024
      ],
      "contacts": [
        4,
        1,
        1,
        1,
        1,
        1,
        1,
        1,
        1,
        1,
        1,
        1,
        1,
        1,
        1,
        1,
        1,
        1,
        1,
        1,
        1,
        1,
        1,
        1,
        1,
        1,
        1,
        1,
        1,
        1,
        1,
        1
      ],
      "maximum_stress_Pa": [
        77864.30091679622,
        13112.329604867891,
        14199.59968631772,
        13513.582263879327,
        13800.435627141944,
        13454.587891461886,
        14907.295357500274,
        13708.745384197455,
        14436.475070925197,
        14593.54901317855,
        13095.6494614985,
        15442.199021144748,
        13047.487031374752,
        15392.404329853207,
        14265.61455321315,
        14526.245673394113,
        13987.320796699403,
        14148.563113226777,
        14929.076755138794,
        12888.851076813691,
        15356.250812179042,
        13886.986319613534,
        13916.997764615211,
        14912.646635933932,
        13731.64660397334,
        14291.742690937925,
        13133.423821948107,
        13212.090737920253,
        13479.36543004248,
        13935.982486465817,
        14594.762704789344,
        13863.402003340874
      ],
      "residual_N": [
        3.460315357235157e-11,
        3.848147744440485e-12,
        4.15490031047108e-12,
        4.259608620631966e-12,
        3.943836701495684e-12,
        4.329214528098227e-12,
        4.18495517067195e-12,
        4.001421333913038e-12,
        4.017829728272311e-12,
        4.271890218778748e-12,
        3.6177432281418268e-12,
        4.374173799595383e-12,
        3.835206374588666e-12,
        4.352090937085556e-12,
        4.3538670269668604e-12,
        4.6198671370112014e-12,
        3.950986630584305e-12,
        4.259420416171023e-12,
        4.351758185434146e-12,
        4.064201413286645e-12,
        4.289519166718788e-12,
        4.033072897645186e-12,
        4.2039180448418905e-12,
        4.297375271836799e-12,
        4.515004097280264e-12,
        5.171445451598756e-12,
        3.919488697103682e-12,
        4.331515804724153e-12,
        3.675310850325551e-12,
        4.119147690235338e-12,
        3.938806168922465e-12,
        3.936149567019196e-12
      ],
      "rhs_N": [
        0.259227250866561,
        0.03710305621658144,
        0.039659070168681504,
        0.03803006809732691,
        0.03870401469908968,
        0.03789256224465586,
        0.04140716193265708,
        0.03848763199303682,
        0.04023637342714401,
        0.040623635478648945,
        0.0370649815472441,
        0.042768364184686464,
        0.036955253302834744,
        0.04264009678137307,
        0.039819143051458415,
        0.04045726898964865,
        0.03914843279786157,
        0.03953574035223452,
        0.04146197363377401,
        0.0365960703189865,
        0.04254718373884265,
        0.03890923267080817,
        0.038980634575020684,
        0.04142062381117509,
        0.038541590024438924,
        0.03988267326298755,
        0.037151259675823625,
        0.037331570735457065,
        0.0379502682946655,
        0.0390258667258789,
        0.04062664151843104,
        0.03885320981479324
      ]
    },
    {
      "tick": 120,
      "phase": [
        0.2003338898163606,
        0.13856427378964942,
        0.07679465776293823,
        0.015025041736227046,
        0.0,
        0.0,
        0.0,
        0.0,
        0.0,
        0.0,
        0.0,
        0.0,
        0.0,
        0.0,
        0.0,
        0.0,
        0.0,
        0.15191986644407346,
        0.09015025041736227,
        0.028380634390651086,
        0.0,
        0.0,
        0.0,
        0.0,
        0.0,
        0.0,
        0.0,
        0.0,
        0.0,
        0.0,
        0.0,
        0.0
      ],
      "height_m": [
        0.02950222263211836,
        0.029632817476280257,
        0.02963281747628025,
        0.029632817476280257,
        0.029632817476280236,
        0.02963281747628025,
        0.02963281747628025,
        0.029632817476280254,
        0.029632817476280254,
        0.02963281747628026,
        0.02963281747628023,
        0.02963281747628025,
        0.02963281747628024,
        0.029632817476280257,
        0.02963281747628024,
        0.02963281747628026,
        0.02963281747628026,
        0.029632817476280254,
        0.029632817476280278,
        0.02963281747628024,
        0.02963281747628026,
        0.029632817476280257,
        0.02963281747628026,
        0.029632817476280278,
        0.029632817476280243,
        0.02963281747628023,
        0.029632817476280257,
        0.02963281747628025,
        0.02963281747628026,
        0.029632817476280215,
        0.02963281747628025,
        0.029632817476280226
      ],
      "contacts": [
        5,
        1,
        1,
        1,
        1,
        1,
        1,
        1,
        1,
        1,
        1,
        1,
        1,
        1,
        1,
        1,
        1,
        1,
        1,
        1,
        1,
        1,
        1,
        1,
        1,
        1,
        1,
        1,
        1,
        1,
        1,
        1
      ],
      "maximum_stress_Pa": [
        68313.20279395104,
        13036.1595913265,
        14098.051867775554,
        13405.08791219098,
        13800.435627138082,
        13454.587891457757,
        14907.295357495801,
        13708.745384192278,
        14436.475070923034,
        14593.549013184522,
        13095.649461499619,
        15442.199021146824,
        13047.487031369208,
        15392.404329853538,
        14265.614553214646,
        14526.24567338951,
        13987.320796695425,
        14082.563356077562,
        14841.835883899746,
        12765.97443546874,
        15356.25081218411,
        13886.986319614354,
        13916.997764615211,
        14912.646635938147,
        13731.646603963802,
        14291.742690934005,
        13133.423821948712,
        13212.09073791884,
        13479.365430039763,
        13935.98248647478,
        14594.762704779441,
        13863.402003339166
      ],
      "residual_N": [
        3.772828872775846e-11,
        3.6356447881022456e-12,
        4.025204124603949e-12,
        4.312433258169189e-12,
        4.320413094996137e-12,
        3.909793511438603e-12,
        4.333373053968014e-12,
        4.02681197982144e-12,
        4.0297920467516746e-12,
        3.9845639120720055e-12,
        4.161789249449096e-12,
        4.161499372150899e-12,
        4.13534692796778e-12,
        4.0540827857541634e-12,
        4.527331109069306e-12,
        4.410221263426115e-12,
        3.846668671593659e-12,
        3.9311424596514206e-12,
        3.871904381899225e-12,
        3.878837001901266e-12,
        4.090375170408741e-12,
        4.051623061757732e-12,
        4.203894594921651e-12,
        3.841251638880489e-12,
        4.394570433530738e-12,
        4.900384671335828e-12,
        4.026087806130405e-12,
        3.7428387645439915e-12,
        3.905352184460592e-12,
        4.68678244679603e-12,
        4.077001803227457e-12,
        4.059265375730831e-12
      ],
      "rhs_N": [
        0.2253973194421717,
        0.036929491326891835,
        0.03941402881076697,
        0.037777479887836654,
        0.03870401469908063,
        0.03789256224465472,
        0.04140716193265578,
        0.038487631993035634,
        0.04023637342714275,
        0.04062363547865002,
        0.03706498154724853,
        0.04276836418468679,
        0.03695525330282598,
        0.04264009678137303,
        0.03981914305146109,
        0.04045726898964754,
        0.03914843279786203,
        0.03937677751406475,
        0.041242718695292974,
        0.03632029563230282,
        0.04254718373884374,
        0.03890923267080812,
        0.038980634575020684,
        0.04142062381117459,
        0.038541590024428696,
        0.039882673262990546,
        0.037151259675823604,
        0.03733157073545593,
        0.03795026829466592,
        0.03902586672588928,
        0.04062664151842097,
        0.0388532098147962
      ]
    },
    {
      "tick": 130,
      "phase": [
        0.21702838063439064,
        0.15525876460767948,
        0.09348914858096828,
        0.03171953255425709,
        0.0,
        0.0,
        0.0,
        0.0,
        0.0,
        0.0,
        0.0,
        0.0,
        0.0,
        0.0,
        0.0,
        0.0,
        0.0,
        0.1686143572621035,
        0.10684474123539232,
        0.045075125208681135,
        0.0,
        0.0,
        0.0,
        0.0,
        0.0,
        0.0,
        0.0,
        0.0,
        0.0,
        0.0,
        0.0,
        0.0
      ],
      "height_m": [
        0.029503673889906108,
        0.02963281747628026,
        0.02963281747628024,
        0.02963281747628025,
        0.02963281747628025,
        0.029632817476280257,
        0.029632817476280257,
        0.02963281747628026,
        0.02963281747628026,
        0.029632817476280257,
        0.029632817476280254,
        0.02963281747628024,
        0.02963281747628025,
        0.02963281747628026,
        0.029632817476280226,
        0.029632817476280264,
        0.02963281747628026,
        0.02963281747628026,
        0.029632817476280278,
        0.029632817476280226,
        0.029632817476280257,
        0.02963281747628026,
        0.029632817476280264,
        0.029632817476280278,
        0.029632817476280215,
        0.029632817476280243,
        0.029632817476280254,
        0.029632817476280257,
        0.02963281747628026,
        0.02963281747628025,
        0.029632817476280257,
        0.02963281747628024
      ],
      "contacts": [
        5,
        1,
        1,
        1,
        1,
        1,
        1,
        1,
        1,
        1,
        1,
        1,
        1,
        1,
        1,
        1,
        1,
        1,
        1,
        1,
        1,
        1,
        1,
        1,
        1,
        1,
        1,
        1,
        1,
        1,
        1,
        1
      ],
      "maximum_stress_Pa": [
        67430.91210471024,
        12969.115389420978,
        14002.614736122134,
        13287.364823962032,
        13800.435627135572,
        13454.587891458119,
        14907.295357497189,
        13708.745384193036,
        14436.47507092196,
        14593.5490131845,
        13095.649461489822,
        15442.199021146987,
        13047.487031366292,
        15392.40432985169,
        14265.614553212541,
        14526.245673389089,
        13987.320796701017,
        14025.930956238777,
        14760.134069816597,
        12645.809299020148,
        15356.250812186532,
        13886.98631961037,
        13916.997764613725,
        14912.646635937015,
        13731.646603973037,
        14291.742690926958,
        13133.423821947463,
        13212.090737917193,
        13479.365430045014,
        13935.982486464654,
        14594.762704780098,
        13863.402003333757
      ],
      "residual_N": [
        3.537598602296369e-11,
        3.892557761750077e-12,
        4.25804737561136e-12,
        3.81016609487532e-12,
        3.8856196517511e-12,
        4.2247069580109994e-12,
        4.33502173766598e-12,
        3.949144745959255e-12,
        4.168408111749903e-12,
        4.238916157219103e-12,
        3.862579108408444e-12,
        4.7531400446409946e-12,
        3.804872704099553e-12,
        4.248232032797574e-12,
        4.070193648050711e-12,
        4.044482774034363e-12,
        4.099811166308427e-12,
        4.096548914904854e-12,
        4.3862730029977875e-12,
        3.7054710750334925e-12,
        4.210996663054818e-12,
        4.0095264466621434e-12,
        3.9446900307648966e-12,
        4.549640823013694e-12,
        4.497180011869079e-12,
        4.377609886163179e-12,
        4.114293532382782e-12,
        4.324278647684872e-12,
        3.8198644959212374e-12,
        4.052572862250823e-12,
        4.007327643647148e-12,
        4.040187931174302e-12
      ],
      "rhs_N": [
        0.22376458733332608,
        0.036777368368531745,
        0.039185016143269344,
        0.03750491076129614,
        0.03870401469907944,
        0.03789256224465464,
        0.04140716193265572,
        0.03848763199303564,
        0.04023637342714275,
        0.04062363547865154,
        0.037064981547239605,
        0.04276836418469,
        0.03695525330282486,
        0.04264009678137351,
        0.03981914305146406,
        0.04045726898964784,
        0.03914843279786297,
        0.03924085084627207,
        0.04103813565123008,
        0.03605272324941088,
        0.04254718373884537,
        0.038909232670808536,
        0.03898063457502124,
        0.04142062381117347,
        0.03854159002443901,
        0.03988267326298098,
        0.03715125967582365,
        0.03733157073545587,
        0.0379502682946669,
        0.03902586672587788,
        0.040626641518420915,
        0.038853209814787175
      ]
    },
    {
      "tick": 140,
      "phase": [
        0.2337228714524207,
        0.17195325542570952,
        0.11018363939899833,
        0.048414023372287146,
        0.0,
        0.0,
        0.0,
        0.0,
        0.0,
        0.0,
        0.0,
        0.0,
        0.0,
        0.0,
        0.0,
        0.0,
        0.0,
        0.18530884808013356,
        0.12353923205342238,
        0.06176961602671119,
        0.0,
        0.0,
        0.0,
        0.0,
        0.0,
        0.0,
        0.0,
        0.0,
        0.0,
        0.0,
        0.0,
        0.0
      ],
      "height_m": [
        0.02950496994618421,
        0.029632817476280243,
        0.029632817476280226,
        0.02963281747628024,
        0.029632817476280257,
        0.02963281747628026,
        0.02963281747628026,
        0.029632817476280264,
        0.029632817476280264,
        0.02963281747628025,
        0.029632817476280236,
        0.029632817476280226,
        0.029632817476280257,
        0.02963281747628026,
        0.02963281747628024,
        0.029632817476280257,
        0.029632817476280257,
        0.029286317483132242,
        0.02963281747628028,
        0.02963281747628024,
        0.02963281747628025,
        0.02963281747628026,
        0.029632817476280264,
        0.02963281747628028,
        0.02963281747628025,
        0.029632817476280254,
        0.029632817476280257,
        0.02963281747628026,
        0.029632817476280257,
        0.029632817476280257,
        0.02963281747628026,
        0.02963281747628025
      ],
      "contacts": [
        5,
        1,
        1,
        1,
        1,
        1,
        1,
        1,
        1,
        1,
        1,
        1,
        1,
        1,
        1,
        1,
        1,
        7,
        1,
        1,
        1,
        1,
        1,
        1,
        1,
        1,
        1,
        1,
        1,
        1,
        1,
        1
      ],
      "maximum_stress_Pa": [
        66607.92072351262,
        12911.871215900592,
        13914.3538092605,
        13173.352700609808,
        13800.435627135641,
        13454.587891456162,
        14907.295357493858,
        13708.74538419196,
        14436.475070921018,
        14593.549013189351,
        13095.649461492636,
        15442.199021144019,
        13047.487031367677,
        15392.404329857109,
        14265.614553206953,
        14526.245673388485,
        13987.320796703221,
        66976.6437577295,
        14684.82307986802,
        12529.579958223843,
        15356.25081218934,
        13886.986319617721,
        13916.997764621146,
        14912.646635938354,
        13731.646603963532,
        14291.742690921865,
        13133.423821947517,
        13212.090737916109,
        13479.365430045827,
        13935.98248646424,
        14594.762704777006,
        13863.402003331115
      ],
      "residual_N": [
        4.206662482801069e-11,
        4.181900873961656e-12,
        4.109631392744677e-12,
        4.051848999488833e-12,
        3.939126660063497e-12,
        3.930752946225681e-12,
        4.364002042301428e-12,
        3.834129931153701e-12,
        4.159854377935852e-12,
        4.331661851619963e-12,
        3.948213105242415e-12,
        4.54690247498999e-12,
        3.824884945891218e-12,
        4.482008393834151e-12,
        4.210167833758379e-12,
        3.992567501497075e-12,
        3.964804445447887e-12,
        4.841061255262357e-11,
        4.083985824775338e-12,
        4.268074755253818e-12,
        4.171753420681174e-12,
        4.108859804165391e-12,
        3.472327356943544e-12,
        4.077203567684422e-12,
        4.049267035727494e-12,
        4.187646338117435e-12,
        3.77897992659324e-12,
        3.655439712863482e-12,
        4.368092522882379e-12,
        4.024058828061006e-12,
        4.085664685598472e-12,
        3.8222163540833385e-12
      ],
      "rhs_N": [
        0.22271157893579893,
        0.03664797416860787,
        0.038974339169272385,
        0.03724266851687065,
        0.03870401469907933,
        0.03789256224465502,
        0.04140716193265618,
        0.03848763199303615,
        0.04023637342714327,
        0.04062363547865345,
        0.037064981547240694,
        0.04276836418469348,
        0.03695525330282477,
        0.04264009678137451,
        0.039819143051454765,
        0.040457268989647834,
        0.039148432797864424,
        0.2793210499860045,
        0.04085028522110381,
        0.035796026549639724,
        0.04254718373884742,
        0.03890923267080951,
        0.038980634575022224,
        0.04142062381117179,
        0.03854159002442763,
        0.03988267326297967,
        0.037151259675824735,
        0.03733157073545627,
        0.037950268294668264,
        0.039025866725877816,
        0.04062664151842134,
        0.038853209814785954
      ]
    },
    {
      "tick": 150,
      "phase": [
        0.25041736227045075,
        0.18864774624373956,
        0.12687813021702837,
        0.0651085141903172,
        0.00333889816360601,
        0.0,
        0.0,
        0.0,
        0.0,
        0.0,
        0.0,
        0.0,
        0.0,
        0.0,
        0.0,
        0.0,
        0.0,
        0.2020033388981636,
        0.14023372287145242,
        0.07846410684474124,
        0.01669449081803005,
        0.0,
        0.0,
        0.0,
        0.0,
        0.0,
        0.0,
        0.0,
        0.0,
        0.0,
        0.0,
        0.0
      ],
      "height_m": [
        0.02950618492370879,
        0.029274185015914136,
        0.02963281747628024,
        0.029632817476280226,
        0.02963281747628026,
        0.02963281747628026,
        0.02963281747628026,
        0.029632817476280264,
        0.029632817476280264,
        0.02963281747628024,
        0.029632817476280278,
        0.02963281747628024,
        0.02963281747628026,
        0.029632817476280257,
        0.02963281747628025,
        0.02963281747628027,
        0.02963281747628025,
        0.029296239997684458,
        0.02963281747628029,
        0.02963281747628025,
        0.02963281747628024,
        0.029632817476280257,
        0.02963281747628026,
        0.02963281747628029,
        0.029632817476280257,
        0.02963281747628026,
        0.029632817476280247,
        0.02963281747628026,
        0.02963281747628025,
        0.02963281747628026,
        0.02963281747628026,
        0.029632817476280257
      ],
      "contacts": [
        5,
        9,
        1,
        1,
        1,
        1,
        1,
        1,
        1,
        1,
        1,
        1,
        1,
        1,
        1,
        1,
        1,
        7,
        1,
        1,
        1,
        1,
        1,
        1,
        1,
        1,
        1,
        1,
        1,
        1,
        1,
        1
      ],
      "maximum_stress_Pa": [
        65980.86446116748,
        71182.17732929805,
        13834.17489216458,
        13063.739694233596,
        13776.406426854237,
        13454.587891461559,
        14907.295357500103,
        13708.745384198399,
        14436.475070926715,
        14593.54901319181,
        13095.649461487968,
        15442.19902114258,
        13047.487031364282,
        15392.404329858102,
        14265.614553202873,
        14526.245673393843,
        13987.32079670537,
        52228.55101743978,
        14616.765095725841,
        12418.717952126717,
        15255.293088135179,
        13886.986319617903,
        13916.997764617052,
        14912.646635942929,
        13731.646603963592,
        14291.742690921163,
        13133.423821944209,
        13212.090737921642,
        13479.365430050237,
        13935.98248646276,
        14594.762704784198,
        13863.40200333042
      ],
      "residual_N": [
        3.892082725383542e-11,
        3.154169875749145e-11,
        4.072707787132896e-12,
        4.062497285242933e-12,
        3.873839840845888e-12,
        4.179684360718334e-12,
        4.095617488132771e-12,
        3.6913907941840945e-12,
        3.5166955521788915e-12,
        4.4782575531781436e-12,
        4.487439977076744e-12,
        4.552948889187006e-12,
        3.831953515301858e-12,
        4.688313181458926e-12,
        4.1854688986727504e-12,
        4.062228732029789e-12,
        4.14020307069988e-12,
        3.247009925328442e-11,
        4.895396908463656e-12,
        3.7503430708236104e-12,
        4.552347913571889e-12,
        4.486596816053137e-12,
        4.708417188653332e-12,
        5.370093422381747e-12,
        4.1507052611236905e-12,
        4.323506185496046e-12,
        4.263067344351477e-12,
        4.0639518898432425e-12,
        3.919292624045302e-12,
        3.821346200684813e-12,
        4.2090371145651795e-12,
        4.284660386146259e-12
      ],
      "rhs_N": [
        0.2220373388051535,
        0.23983179359847764,
        0.0387838905410856,
        0.036992246875257234,
        0.03864721285623888,
        0.037892562244656,
        0.04140716193265723,
        0.03848763199303715,
        0.040236373427144305,
        0.04062363547865623,
        0.037064981547229404,
        0.04276836418468338,
        0.036955253302825196,
        0.04264009678137611,
        0.03981914305145353,
        0.040457268989648736,
        0.039148432797866395,
        0.21553047076991486,
        0.04068117282534388,
        0.03555315691281437,
        0.04228869425381685,
        0.03890923267081093,
        0.038980634575023744,
        0.04142062381116964,
        0.038541590024427565,
        0.0398826732629797,
        0.03715125967582592,
        0.03733157073545719,
        0.03795026829467018,
        0.039025866725878176,
        0.040626641518422345,
        0.03885320981478588
      ]
    },
    {
      "tick": 160,
      "phase": [
        0.2671118530884808,
        0.20534223706176963,
        0.14357262103505844,
        0.08180300500834725,
        0.02003338898163606,
        0.0,
        0.0,
        0.0,
        0.0,
        0.0,
        0.0,
        0.0,
        0.0,
        0.0,
        0.0,
        0.0,
        0.0,
        0.21869782971619367,
        0.15692821368948248,
        0.0951585976627713,
        0.0333889816360601,
        0.0,
        0.0,
        0.0,
        0.0,
        0.0,
        0.0,
        0.0,
        0.0,
        0.0,
        0.0,
        0.0
      ],
      "height_m": [
        0.029507364663637455,
        0.029282510514423814,
        0.02963281747628025,
        0.02963281747628024,
        0.02963281747628026,
        0.029632817476280257,
        0.029632817476280257,
        0.02963281747628026,
        0.02963281747628026,
        0.029632817476280226,
        0.029632817476280233,
        0.02963281747628025,
        0.02963281747628026,
        0.02963281747628025,
        0.029632817476280257,
        0.029632817476280257,
        0.02963281747628024,
        0.02930101255721069,
        0.0296328174762803,
        0.029632817476280257,
        0.029632817476280226,
        0.02963281747628025,
        0.029632817476280254,
        0.0296328174762803,
        0.02963281747628026,
        0.029632817476280264,
        0.029632817476280247,
        0.029632817476280257,
        0.02963281747628024,
        0.02963281747628026,
        0.029632817476280257,
        0.02963281747628026
      ],
      "contacts": [
        5,
        9,
        1,
        1,
        1,
        1,
        1,
        1,
        1,
        1,
        1,
        1,
        1,
        1,
        1,
        1,
        1,
        7,
        1,
        1,
        1,
        1,
        1,
        1,
        1,
        1,
        1,
        1,
        1,
        1,
        1,
        1
      ],
      "maximum_stress_Pa": [
        65476.45394111833,
        69861.9894885797,
        13762.800474740574,
        12959.409518455888,
        13657.429282892192,
        13454.587891462028,
        14907.295357501303,
        13708.745384192795,
        14436.475070926113,
        14593.549013190068,
        13095.649461493336,
        15442.199021139126,
        13047.487031371349,
        15392.404329861864,
        14265.61455320392,
        14526.245673389347,
        13987.32079670683,
        51012.75624910201,
        14556.730588077478,
        12314.498803751912,
        15155.941528349158,
        13886.986319622774,
        13916.997764619162,
        14912.646635933006,
        13731.64660396188,
        14291.742690922118,
        13133.423821947159,
        13212.090737922805,
        13479.365430053238,
        13935.982486468689,
        14594.762704783494,
        13863.402003329082
      ],
      "residual_N": [
        3.937507725596754e-11,
        3.0138706082011334e-11,
        3.988159296016639e-12,
        4.491465115106396e-12,
        3.955046536390754e-12,
        4.3856468852057316e-12,
        4.431496172302623e-12,
        4.967416418931291e-12,
        4.701854491246165e-12,
        4.3648735765296765e-12,
        3.976794447653642e-12,
        4.36382382993306e-12,
        3.889483389803682e-12,
        4.265017409165402e-12,
        4.085343732259196e-12,
        4.570276998370408e-12,
        3.913880959670784e-12,
        3.4174227902019256e-11,
        4.4361499871041664e-12,
        3.6804732544774404e-12,
        4.2488611158995536e-12,
        4.124244319421308e-12,
        4.355702539558491e-12,
        4.365060954384959e-12,
        3.9192925811968565e-12,
        3.8243186883757e-12,
        4.259078514811493e-12,
        4.0350043891546676e-12,
        4.234673582568267e-12,
        3.991908833265658e-12,
        4.592557570988291e-12,
        3.948838536882736e-12
      ],
      "rhs_N": [
        0.22162628551934918,
        0.23214840139076207,
        0.03861508147599484,
        0.03675539679979742,
        0.03836692645356122,
        0.03789256224465743,
        0.04140716193265878,
        0.038487631993038604,
        0.040236373427145894,
        0.040623635478659256,
        0.037064981547240756,
        0.042768364184682106,
        0.036955253302826126,
        0.0426400967813782,
        0.039819143051453475,
        0.04045726898964833,
        0.039148432797868934,
        0.2128597689541504,
        0.04053254431746729,
        0.03532663706098892,
        0.04203569498808591,
        0.03890923267081293,
        0.03898063457502574,
        0.04142062381116684,
        0.038541590024428016,
        0.03988267326298026,
        0.03715125967582674,
        0.03733157073545862,
        0.037950268294672566,
        0.0390258667258792,
        0.04062664151842383,
        0.038853209814786335
      ]
    },
    {
      "tick": 170,
      "phase": [
        0.2838063439065109,
        0.22203672787979967,
        0.16026711185308848,
        0.0984974958263773,
        0.03672787979966611,
        0.0,
        0.0,
        0.0,
        0.0,
        0.0,
        0.0,
        0.0,
        0.0,
        0.0,
        0.0,
        0.0,
        0.0,
        0.2353923205342237,
        0.17362270450751252,
        0.11185308848080133,
        0.05008347245409015,
        0.0,
        0.0,
        0.0,
        0.0,
        0.0,
        0.0,
        0.0,
        0.0,
        0.0,
        0.0,
        0.0
      ],
      "height_m": [
        0.029508524452616647,
        0.02928662831605899,
        0.029632817476280257,
        0.02963281747628025,
        0.029632817476280257,
        0.02963281747628025,
        0.02963281747628025,
        0.029632817476280254,
        0.029632817476280254,
        0.02963281747628024,
        0.029632817476280257,
        0.029632817476280257,
        0.029632817476280257,
        0.02963281747628024,
        0.02963281747628026,
        0.029632817476280257,
        0.029632817476280226,
        0.02930404919244758,
        0.029632817476280313,
        0.02963281747628026,
        0.02963281747628024,
        0.02963281747628024,
        0.029632817476280243,
        0.029632817476280313,
        0.02963281747628026,
        0.029632817476280264,
        0.029632817476280247,
        0.02963281747628025,
        0.029632817476280226,
        0.029632817476280257,
        0.02963281747628025,
        0.02963281747628026
      ],
      "contacts": [
        5,
        9,
        1,
        1,
        1,
        1,
        1,
        1,
        1,
        1,
        1,
        1,
        1,
        1,
        1,
        1,
        1,
        7,
        1,
        1,
        1,
        1,
        1,
        1,
        1,
        1,
        1,
        1,
        1,
        1,
        1,
        1
      ],
      "maximum_stress_Pa": [
        65067.640875459765,
        68858.87976742756,
        13700.732423679901,
        12861.519704091723,
        13541.247038371388,
        13454.58789146729,
        14907.295357504463,
        13708.745384197717,
        14436.475070926237,
        14593.549013184771,
        13095.649461490368,
        15442.199021139666,
        13047.48703137083,
        15392.404329864812,
        14265.614553200561,
        14526.24567339695,
        13987.320796704867,
        49982.853237524185,
        14505.467851275534,
        12218.00242369871,
        15059.034066944081,
        13886.986319623964,
        13916.997764626953,
        14912.646635937355,
        13731.6466039682,
        14291.742690926543,
        13133.42382194726,
        13212.090737925431,
        13479.365430048814,
        13935.982486469327,
        14594.762704788118,
        13863.402003335053
      ],
      "residual_N": [
        2.7869678944760367e-11,
        3.3188507862402107e-11,
        4.028344522570539e-12,
        3.727826226801489e-12,
        4.156737890318799e-12,
        3.9569797552539885e-12,
        4.3826527273817576e-12,
        4.296903041930898e-12,
        4.280008958798092e-12,
        4.272415552716966e-12,
        4.070762550125347e-12,
        4.2733688295513954e-12,
        4.114924136063959e-12,
        4.599745237824646e-12,
        4.124647621024191e-12,
        4.109457571472519e-12,
        4.2274480351730054e-12,
        3.5994142084529054e-11,
        3.8267465816699625e-12,
        3.729201505504548e-12,
        4.329723295330543e-12,
        3.977849809922451e-12,
        4.721198213988705e-12,
        4.047636018974605e-12,
        4.217485613228421e-12,
        3.7555492726207625e-12,
        4.1208783105321296e-12,
        3.764283614743354e-12,
        3.980608333635744e-12,
        4.266387134918312e-12,
        4.153698206956601e-12,
        3.956225779512928e-12
      ],
      "rhs_N": [
        0.22142781426569835,
        0.22908765651230484,
        0.038468765568831984,
        0.036534543732962804,
        0.03809468015815833,
        0.03789256224465936,
        0.041407161932660905,
        0.03848763199304067,
        0.04023637342714798,
        0.04062363547864981,
        0.037064981547239494,
        0.04276836418468207,
        0.03695525330282756,
        0.04264009678138105,
        0.03981914305145394,
        0.040457268989650366,
        0.03914843279787193,
        0.21109902856977525,
        0.040406039109440024,
        0.0351185052210812,
        0.04178997700314203,
        0.03890923267081544,
        0.03898063457502818,
        0.04142062381116384,
        0.038541590024428966,
        0.039882673262981304,
        0.03715125967582675,
        0.03733157073546056,
        0.03795026829467558,
        0.03902586672588068,
        0.04062664151842592,
        0.03885320981478736
      ]
    },
    {
      "tick": 180,
      "phase": [
        0.3005008347245409,
        0.23873121869782973,
        0.17696160267111855,
        0.11519198664440734,
        0.05342237061769616,
        0.0,
        0.0,
        0.0,
        0.0,
        0.0,
        0.0,
        0.0,
        0.0,
        0.0,
        0.0,
        0.0,
        0.0,
        0.25208681135225375,
        0.1903171953255426,
        0.1285475792988314,
        0.0667779632721202,
        0.005008347245409015,
        0.0,
        0.0,
        0.0,
        0.0,
        0.0,
        0.0,
        0.0,
        0.0,
        0.0,
        0.0
      ],
      "height_m": [
        0.02950980175738069,
        0.02928946168996465,
        0.02963281747628026,
        0.029632817476280257,
        0.02963281747628025,
        0.02963281747628024,
        0.02963281747628024,
        0.029632817476280243,
        0.029632817476280243,
        0.02963281747628025,
        0.02963281747628026,
        0.02963281747628026,
        0.02963281747628025,
        0.029632817476280226,
        0.02963281747628026,
        0.02963281747628025,
        0.02963281747628024,
        0.029306561930854926,
        0.029287226295835567,
        0.02963281747628026,
        0.02963281747628025,
        0.029632817476280226,
        0.02963281747628023,
        0.0296328174762803,
        0.029632817476280257,
        0.02963281747628026,
        0.029632817476280243,
        0.02963281747628024,
        0.02963281747628024,
        0.02963281747628025,
        0.02963281747628024,
        0.029632817476280257
      ],
      "contacts": [
        5,
        9,
        1,
        1,
        1,
        1,
        1,
        1,
        1,
        1,
        1,
        1,
        1,
        1,
        1,
        1,
        1,
        7,
        7,
        1,
        1,
        1,
        1,
        1,
        1,
        1,
        1,
        1,
        1,
        1,
        1,
        1
      ],
      "maximum_stress_Pa": [
        64732.377717220814,
        67902.67547635885,
        13648.424054919633,
        12771.056592992352,
        13429.280310047336,
        13454.587891468384,
        14907.295357507599,
        13708.745384206833,
        14436.475070935912,
        14593.549013181635,
        13095.649461487334,
        15442.199021137463,
        13047.487031374116,
        15392.404329861785,
        14265.614553207228,
        14526.245673400817,
        13987.32079669985,
        50456.581547448965,
        82192.22646050972,
        12130.169312598757,
        14965.630746746387,
        13851.02014203901,
        13916.99776462483,
        14912.646635941443,
        13731.646603968684,
        14291.742690923113,
        13133.42382194702,
        13212.090737929062,
        13479.36543004499,
        13935.982486472421,
        14594.762704788902,
        13863.402003335812
      ],
      "residual_N": [
        4.20377024383224e-11,
        3.2415471971978365e-11,
        3.847004084948224e-12,
        4.0692780005470365e-12,
        3.786049604895364e-12,
        4.020596458462484e-12,
        4.517555986268923e-12,
        4.854829404145272e-12,
        5.006724774538986e-12,
        4.21615331720946e-12,
        3.7778376198879384e-12,
        4.241934704130865e-12,
        3.77143678089499e-12,
        4.395789121310654e-12,
        4.380191675355045e-12,
        4.11516008506943e-12,
        4.058466353613516e-12,
        2.940502962969744e-11,
        3.632250514312437e-11,
        4.229688476862993e-12,
        4.2012459934710685e-12,
        4.1641775820381514e-12,
        4.547916532979949e-12,
        4.158530864267071e-12,
        4.090142091511631e-12,
        4.8750177986180186e-12,
        4.3746557238646415e-12,
        4.09338814496688e-12,
        4.191806439745083e-12,
        3.873013282215674e-12,
        4.045657579823103e-12,
        4.2024016646288936e-12
      ],
      "rhs_N": [
        0.22138851115717811,
        0.22698062593621096,
        0.038345773207512576,
        0.03633165893186315,
        0.03783369109140806,
        0.0378925622446618,
        0.04140716193266347,
        0.03848763199304314,
        0.04023637342715052,
        0.04062363547864857,
        0.03706498154723995,
        0.042768364184682564,
        0.036955253302829415,
        0.042640096781384265,
        0.03981914305145494,
        0.040457268989652434,
        0.039148432797862794,
        0.20982137114432406,
        0.264799443397766,
        0.03493035589272392,
        0.04155406425807729,
        0.038823828626760516,
        0.03898063457503131,
        0.04142062381117381,
        0.03854159002443049,
        0.03988267326298288,
        0.03715125967582737,
        0.03733157073546287,
        0.03795026829466669,
        0.039025866725882624,
        0.04062664151842855,
        0.038853209814788806
      ]
    },
    {
      "tick": 190,
      "phase": [
        0.31719532554257096,
        0.2554257095158598,
        0.19365609348914858,
        0.1318864774624374,
        0.07011686143572621,
        0.008347245409015025,
        0.0,
        0.0,
        0.0,
        0.0,
        0.0,
        0.0,
        0.0,
        0.0,
        0.0,
        0.0,
        0.0,
        0.2687813021702838,
        0.20701168614357263,
        0.14524207011686144,
        0.08347245409015025,
        0.021702838063439065,
        0.0,
        0.0,
        0.0,
        0.0,
        0.0,
        0.0,
        0.0,
        0.0,
        0.0,
        0.0
      ],
      "height_m": [
        0.030229398024282542,
        0.029291886519958153,
        0.029508939798276516,
        0.02963281747628026,
        0.02963281747628024,
        0.029632817476280226,
        0.029632817476280226,
        0.02963281747628023,
        0.02963281747628023,
        0.029632817476280257,
        0.02963281747628026,
        0.02963281747628026,
        0.02963281747628024,
        0.02963281747628024,
        0.029632817476280257,
        0.02963281747628024,
        0.02963281747628025,
        0.029308914505321675,
        0.029294226981189428,
        0.029632817476280257,
        0.029632817476280257,
        0.02963281747628024,
        0.029632817476280243,
        0.02963281747628029,
        0.02963281747628025,
        0.029632817476280254,
        0.02963281747628024,
        0.029632817476280226,
        0.02963281747628025,
        0.02963281747628024,
        0.029632817476280226,
        0.02963281747628025
      ],
      "contacts": [
        4,
        9,
        6,
        1,
        1,
        1,
        1,
        1,
        1,
        1,
        1,
        1,
        1,
        1,
        1,
        1,
        1,
        7,
        7,
        1,
        1,
        1,
        1,
        1,
        1,
        1,
        1,
        1,
        1,
        1,
        1,
        1
      ],
      "maximum_stress_Pa": [
        61601.34936339781,
        67027.55157922143,
        66465.1589546081,
        12688.813942478715,
        13322.798038444891,
        13394.048922697944,
        14907.295357504683,
        13708.745384204718,
        14436.475070932594,
        14593.549013181944,
        13095.649461493389,
        15442.199021142333,
        13047.48703137776,
        15392.40432985699,
        14265.614553207806,
        14526.245673400472,
        13987.320796696678,
        51454.009791103024,
        77297.69449032049,
        12051.74581074871,
        14876.427327454006,
        13732.63841164356,
        13916.997764619506,
        14912.646635933015,
        13731.646603973184,
        14291.742690925696,
        13133.423821948827,
        13212.09073792637,
        13479.365430041715,
        13935.98248647528,
        14594.762704786153,
        13863.402003339153
      ],
      "residual_N": [
        3.035865930875719e-11,
        3.677888208831108e-11,
        3.79817638872534e-11,
        3.812669704846667e-12,
        3.991294027257252e-12,
        3.8344744921949145e-12,
        4.457496198806615e-12,
        4.844043635480632e-12,
        4.965089748222756e-12,
        4.121263816169132e-12,
        3.647290786857039e-12,
        4.117246988483075e-12,
        3.98052272598387e-12,
        4.482502160332389e-12,
        4.3304646079524525e-12,
        3.995675434542227e-12,
        4.217498395775155e-12,
        3.8437091178970186e-11,
        3.2505686341322583e-11,
        3.773784355197871e-12,
        4.6411592563627306e-12,
        4.12415513363634e-12,
        3.9811543067115346e-12,
        4.386094394046186e-12,
        4.1025132044998875e-12,
        4.2508910867229164e-12,
        4.2451965736843524e-12,
        4.1547298646233e-12,
        3.771773593891995e-12,
        4.174837808589666e-12,
        4.139258585235709e-12,
        3.933870228973197e-12
      ],
      "rhs_N": [
        0.21428735468311644,
        0.22532851731735948,
        0.22046904710606025,
        0.03614823100668231,
        0.03758676978472529,
        0.037751852154037244,
        0.041407161932666664,
        0.03848763199304614,
        0.04023637342715375,
        0.04062363547864849,
        0.03706498154724086,
        0.04276836418468359,
        0.03695525330283177,
        0.042640096781374315,
        0.03981914305145641,
        0.040457268989655105,
        0.039148432797861565,
        0.20890403808500896,
        0.250251275708227,
        0.03476335212832459,
        0.04132956428729769,
        0.03854392809210476,
        0.038980634575021864,
        0.041420623811175124,
        0.03854159002443233,
        0.03988267326298492,
        0.037151259675827886,
        0.037331570735465766,
        0.03795026829466551,
        0.03902586672588516,
        0.04062664151843168,
        0.03885320981479075
      ]
    },
    {
      "tick": 200,
      "phase": [
        0.333889816360601,
        0.27212020033388984,
        0.21035058430717865,
        0.14858096828046746,
        0.08681135225375626,
        0.025041736227045076,
        0.0,
        0.0,
        0.0,
        0.0,
        0.0,
        0.0,
        0.0,
        0.0,
        0.0,
        0.0,
        0.0,
        0.2854757929883139,
        0.22370617696160267,
        0.16193656093489148,
        0.1001669449081803,
        0.038397328881469114,
        0.0,
        0.0,
        0.0,
        0.0,
        0.0,
        0.0,
        0.0,
        0.0,
        0.0,
        0.0
      ],
      "height_m": [
        0.03382624268519927,
        0.02929430179317741,
        0.029509491806177398,
        0.02963281747628026,
        0.029632817476280226,
        0.02963281747628024,
        0.02963281747628024,
        0.029632817476280243,
        0.029632817476280243,
        0.02963281747628026,
        0.029632817476280257,
        0.029632817476280257,
        0.029632817476280226,
        0.02963281747628025,
        0.02963281747628025,
        0.029632817476280226,
        0.029632817476280257,
        0.02931121532341392,
        0.02929798793079344,
        0.02963281747628025,
        0.02963281747628026,
        0.02963281747628025,
        0.029632817476280254,
        0.02963281747628028,
        0.02963281747628024,
        0.029632817476280243,
        0.029632817476280226,
        0.02963281747628024,
        0.029632817476280257,
        0.029632817476280226,
        0.02963281747628024,
        0.02963281747628024
      ],
      "contacts": [
        4,
        7,
        7,
        1,
        1,
        1,
        1,
        1,
        1,
        1,
        1,
        1,
        1,
        1,
        1,
        1,
        1,
        7,
        7,
        1,
        1,
        1,
        1,
        1,
        1,
        1,
        1,
        1,
        1,
        1,
        1,
        1
      ],
      "maximum_stress_Pa": [
        61800.20446602923,
        74161.96246578364,
        66689.69777263611,
        12615.591922401129,
        13222.523013508015,
        13274.94269412565,
        14907.295357500274,
        13708.74538419642,
        14436.475070925797,
        14593.549013178765,
        13095.649461494671,
        15442.199021143771,
        13047.487031375098,
        15392.404329853034,
        14265.614553211515,
        14526.245673398404,
        13987.32079669955,
        52343.4099117176,
        74989.58011477948,
        11983.492587805353,
        14792.427032838083,
        13617.18768309482,
        13916.997764615211,
        14912.646635932835,
        13731.646603974608,
        14291.742690935325,
        13133.423821950195,
        13212.090737920253,
        13479.365430041606,
        13935.982486473067,
        14594.76270478243,
        13863.402003341405
      ],
      "residual_N": [
        3.748174507572203e-11,
        3.111435398634698e-11,
        3.4988745813656597e-11,
        3.7452798368513946e-12,
        3.892111426980494e-12,
        4.472362073374026e-12,
        4.184969490268915e-12,
        3.944115797254324e-12,
        3.963901624035365e-12,
        4.275711368430763e-12,
        4.444954720214263e-12,
        4.4100673793846874e-12,
        4.0363644707291855e-12,
        4.33053658998992e-12,
        4.181171935281322e-12,
        4.347810462712207e-12,
        3.964764393808287e-12,
        3.3374134818977636e-11,
        4.031750841986511e-11,
        3.6755243004364195e-12,
        4.1622425861424465e-12,
        3.955817062551449e-12,
        4.203945695896004e-12,
        4.531440035912008e-12,
        4.010244930700777e-12,
        4.770547264722061e-12,
        4.705141010048584e-12,
        4.331608949054887e-12,
        3.779000784010602e-12,
        3.972145581322805e-12,
        4.375036894232809e-12,
        4.040693062187162e-12
      ],
      "rhs_N": [
        0.21485770812348529,
        0.23289047586014275,
        0.21527739776958948,
        0.03598578511716209,
        0.03735554800300963,
        0.03747625231451944,
        0.04140716193265708,
        0.03848763199303685,
        0.04023637342714402,
        0.04062363547864895,
        0.03706498154724222,
        0.04276836418468523,
        0.03695525330283461,
        0.042640096781373066,
        0.0398191430514585,
        0.04045726898965821,
        0.03914843279786157,
        0.2082819960812858,
        0.2439440657312965,
        0.034618755950765634,
        0.04111889993994386,
        0.038272466028740654,
        0.038980634575020684,
        0.04142062381117507,
        0.03854159002443483,
        0.03988267326298747,
        0.03715125967583126,
        0.037331570735457065,
        0.037950268294665496,
        0.03902586672588815,
        0.04062664151842219,
        0.038853209814793274
      ]
    },
    {
      "tick": 210,
      "phase": [
        0.35058430717863104,
        0.2888146911519199,
        0.2270450751252087,
        0.1652754590984975,
        0.10350584307178631,
        0.041736227045075125,
        0.0,
        0.0,
        0.0,
        0.0,
        0.0,
        0.0,
        0.0,
        0.0,
        0.0,
        0.0,
        0.0,
        0.3021702838063439,
        0.24040066777963273,
        0.17863105175292154,
        0.11686143572621036,
        0.05509181969949917,
        0.0,
        0.0,
        0.0,
        0.0,
        0.0,
        0.0,
        0.0,
        0.0,
        0.0,
        0.0
      ],
      "height_m": [
        0.04087030647824215,
        0.029296674979186976,
        0.029510549151829917,
        0.029632817476280257,
        0.02963281747628024,
        0.02963281747628025,
        0.02963281747628025,
        0.029632817476280254,
        0.029632817476280254,
        0.02963281747628026,
        0.02963281747628025,
        0.02963281747628025,
        0.02963281747628024,
        0.029632817476280257,
        0.02963281747628024,
        0.02963281747628024,
        0.02963281747628026,
        0.029316185135152203,
        0.029300762150013458,
        0.02963281747628024,
        0.02963281747628026,
        0.029632817476280257,
        0.02963281747628026,
        0.029632817476280278,
        0.029632817476280226,
        0.02963281747628023,
        0.02963281747628024,
        0.02963281747628025,
        0.02963281747628026,
        0.02963281747628024,
        0.02963281747628025,
        0.029632817476280226
      ],
      "contacts": [
        4,
        7,
        7,
        1,
        1,
        1,
        1,
        1,
        1,
        1,
        1,
        1,
        1,
        1,
        1,
        1,
        1,
        7,
        7,
        1,
        1,
        1,
        1,
        1,
        1,
        1,
        1,
        1,
        1,
        1,
        1,
        1
      ],
      "maximum_stress_Pa": [
        62006.227254174024,
        71747.43064931194,
        66016.27180320147,
        12552.177415124164,
        13129.166679864218,
        13159.04336849602,
        14907.295357496716,
        13708.745384193036,
        14436.47507092196,
        14593.549013184498,
        13095.649461497667,
        15442.19902114877,
        13047.487031369692,
        15392.404329853984,
        14265.614553214395,
        14526.24567339423,
        13987.320796695147,
        52795.804910574996,
        73290.06639833897,
        11926.109836369953,
        14714.44240729446,
        13505.888431658354,
        13916.997764615759,
        14912.646635937612,
        13731.646603971207,
        14291.742690932646,
        13133.423821943623,
        13212.090737919403,
        13479.365430038899,
        13935.982486468434,
        14594.762704778797,
        13863.402003338995
      ],
      "residual_N": [
        3.171554818814969e-11,
        2.928101814797923e-11,
        3.647475786412122e-11,
        3.7927589137551285e-12,
        4.082562159013373e-12,
        3.79594566476649e-12,
        4.132182809603849e-12,
        3.949135723278909e-12,
        4.168312032827847e-12,
        4.0365567429552194e-12,
        4.097973626725494e-12,
        4.418588844826727e-12,
        4.242461389830722e-12,
        4.2424749573122324e-12,
        4.172590230948279e-12,
        4.420809888333724e-12,
        3.922477170967214e-12,
        3.55626863261417e-11,
        3.4849304235552895e-11,
        3.966201681925079e-12,
        4.3196266587390666e-12,
        3.936746432800754e-12,
        4.062340369838794e-12,
        3.873205816347611e-12,
        3.989308114171127e-12,
        4.695265832447773e-12,
        4.0177871994726925e-12,
        3.68851683161889e-12,
        3.970486793783532e-12,
        4.0451929683319175e-12,
        4.140994026005027e-12,
        4.0422176504030005e-12
      ],
      "rhs_N": [
        0.2153883497676353,
        0.2268798567062199,
        0.2140350486365727,
        0.03584576898412159,
        0.037141526700131086,
        0.037209883951770696,
        0.04140716193265577,
        0.03848763199303563,
        0.040236373427142744,
        0.04062363547864998,
        0.0370649815472442,
        0.042768364184687345,
        0.03695525330282597,
        0.042640096781373,
        0.03981914305146097,
        0.04045726898964875,
        0.039148432797862016,
        0.2072920397612188,
        0.23950463076020023,
        0.03449773429048823,
        0.04092408161933785,
        0.03801211361263449,
        0.038980634575020684,
        0.04142062381117458,
        0.038541590024437876,
        0.03988267326299068,
        0.037151259675822196,
        0.0373315707354559,
        0.037950268294665905,
        0.03902586672587905,
        0.040626641518420964,
        0.038853209814796244
      ]
    },
    {
      "tick": 220,
      "phase": [
        0.36727879799666113,
        0.3055091819699499,
        0.24373956594323873,
        0.18196994991652754,
        0.12020033388981637,
        0.05843071786310518,
        0.0,
        0.0,
        0.0,
        0.0,
        0.0,
        0.0,
        0.0,
        0.0,
        0.0,
        0.0,
        0.0,
        0.31886477462437396,
        0.2570951585976628,
        0.19532554257095158,
        0.1335559265442404,
        0.07178631051752922,
        0.01001669449081803,
        0.0,
        0.0,
        0.0,
        0.0,
        0.0,
        0.0,
        0.0,
        0.0,
        0.0
      ],
      "height_m": [
        0.05096387839409426,
        0.0293290346084338,
        0.029511635585320297,
        0.029313127874906437,
        0.02963281747628025,
        0.029632817476280257,
        0.029632817476280257,
        0.02963281747628026,
        0.02963281747628026,
        0.029632817476280257,
        0.02963281747628024,
        0.02963281747628024,
        0.02963281747628025,
        0.02963281747628026,
        0.029632817476280226,
        0.02963281747628025,
        0.02963281747628026,
        0.030236837115252435,
        0.02930323106647917,
        0.029505916040463605,
        0.029632817476280257,
        0.02963281747628026,
        0.029632817476280264,
        0.029632817476280278,
        0.02963281747628024,
        0.029632817476280243,
        0.02963281747628025,
        0.029632817476280257,
        0.02963281747628026,
        0.02963281747628025,
        0.029632817476280257,
        0.02963281747628024
      ],
      "contacts": [
        4,
        7,
        7,
        3,
        1,
        1,
        1,
        1,
        1,
        1,
        1,
        1,
        1,
        1,
        1,
        1,
        1,
        6,
        7,
        6,
        1,
        1,
        1,
        1,
        1,
        1,
        1,
        1,
        1,
        1,
        1,
        1
      ],
      "maximum_stress_Pa": [
        62243.94276858727,
        69974.25419097756,
        65285.309502358316,
        67493.27031176913,
        13043.266131334914,
        13047.016656500808,
        14907.295357497327,
        13708.745384192525,
        14436.47507092101,
        14593.549013183718,
        13095.649461499755,
        15442.199021149218,
        13047.487031366476,
        15392.404329851073,
        14265.614553212541,
        14526.245673390498,
        13987.320796700433,
        53603.18378448336,
        71861.03636153453,
        63608.61337968143,
        14643.40180983205,
        13400.037424191825,
        13845.286546633602,
        14912.646635937992,
        13731.646603967736,
        14291.742690926958,
        13133.423821939634,
        13212.090737917828,
        13479.365430046166,
        13935.982486464181,
        14594.762704778748,
        13863.402003334288
      ],
      "residual_N": [
        4.287625588677188e-11,
        3.6700288693344765e-11,
        3.1064677384090906e-11,
        2.7907556076521714e-11,
        3.632228596601675e-12,
        4.205689450104617e-12,
        4.3527457560096715e-12,
        4.024920367035662e-12,
        4.20854480936189e-12,
        4.281730257020937e-12,
        3.900963108051658e-12,
        4.696422959919372e-12,
        3.692134425460571e-12,
        4.4243890721395236e-12,
        4.070298075063687e-12,
        4.184097708539395e-12,
        3.851132914981362e-12,
        2.998921163108908e-11,
        3.147268640959507e-11,
        2.9709175014358895e-11,
        4.206300309319521e-12,
        3.845552061714618e-12,
        3.857187071403322e-12,
        4.2807574975814634e-12,
        4.329350659541509e-12,
        4.377594018341312e-12,
        3.90054675658321e-12,
        4.139408238493064e-12,
        4.080396723020149e-12,
        4.0908432741598125e-12,
        4.4291068800937e-12,
        4.125592827207046e-12
      ],
      "rhs_N": [
        0.21598017831155508,
        0.21833988284454256,
        0.21293948357075015,
        0.23376993987925637,
        0.03694565169642719,
        0.03695418318608517,
        0.04140716193265571,
        0.03848763199303562,
        0.04023637342714275,
        0.04062363547865155,
        0.037064981547246474,
        0.04276836418469016,
        0.03695525330282485,
        0.04264009678137342,
        0.03981914305146407,
        0.040457268989647494,
        0.039148432797863,
        0.1734187663716416,
        0.23605390914719096,
        0.20519212781076024,
        0.04074728210945873,
        0.03776575318109558,
        0.03881023050260761,
        0.041420623811173486,
        0.03854159002442883,
        0.03988267326298097,
        0.03715125967582108,
        0.03733157073545585,
        0.037950268294666814,
        0.03902586672587786,
        0.04062664151842088,
        0.03885320981478716
      ]
    },
    {
      "tick": 230,
      "phase": [
        0.38397328881469117,
        0.32220367278797996,
        0.2604340567612688,
        0.1986644407345576,
        0.13689482470784642,
        0.07512520868113523,
        0.01335559265442404,
        0.0,
        0.0,
        0.0,
        0.0,
        0.0,
        0.0,
        0.0,
        0.0,
        0.0,
        0.0,
        0.335559265442404,
        0.27378964941569284,
        0.21202003338898165,
        0.15025041736227046,
        0.08848080133555927,
        0.02671118530884808,
        0.0,
        0.0,
        0.0,
        0.0,
        0.0,
        0.0,
        0.0,
        0.0,
        0.0
      ],
      "height_m": [
        0.06340011391257332,
        0.030732423967606892,
        0.029512653463346923,
        0.029327476758695282,
        0.029632817476280257,
        0.02963281747628026,
        0.02963281747628026,
        0.029632817476280264,
        0.029632817476280264,
        0.02963281747628025,
        0.029632817476280226,
        0.029632817476280226,
        0.029632817476280257,
        0.02963281747628026,
        0.02963281747628024,
        0.029632817476280257,
        0.029632817476280257,
        0.034173554251372584,
        0.02930560365460527,
        0.029507208132197815,
        0.02963281747628025,
        0.02963281747628026,
        0.029632817476280264,
        0.02963281747628028,
        0.02963281747628025,
        0.029632817476280254,
        0.029632817476280257,
        0.02963281747628026,
        0.029632817476280257,
        0.029632817476280257,
        0.02963281747628026,
        0.02963281747628025
      ],
      "contacts": [
        4,
        6,
        7,
        6,
        1,
        1,
        1,
        1,
        1,
        1,
        1,
        1,
        1,
        1,
        1,
        1,
        1,
        6,
        7,
        6,
        1,
        1,
        1,
        1,
        1,
        1,
        1,
        1,
        1,
        1,
        1,
        1
      ],
      "maximum_stress_Pa": [
        62516.28020864954,
        59950.85964100174,
        64647.91738615956,
        72602.65360094437,
        12965.702144606481,
        12939.86863961201,
        14821.574898951829,
        13708.745384192443,
        14436.47507092115,
        14593.549013189657,
        13095.649461497665,
        15442.199021147193,
        13047.487031366785,
        15392.404329857822,
        14265.614553207328,
        14526.245673390855,
        13987.320796702794,
        54516.121710566666,
        70621.66328322768,
        63695.83550596571,
        14580.063872703233,
        13300.714709020998,
        13727.805824043277,
        14912.646635937792,
        13731.64660396415,
        14291.742690921865,
        13133.423821940616,
        13212.09073791638,
        13479.365430046295,
        13935.982486465346,
        14594.762704777677,
        13863.402003330984
      ],
      "residual_N": [
        4.088659353595126e-11,
        2.911444826406893e-11,
        3.1158540729536545e-11,
        3.813321524065327e-11,
        3.854764301600361e-12,
        3.90754967013644e-12,
        4.413753888031252e-12,
        3.730436844098948e-12,
        4.047569595757807e-12,
        4.402303975116048e-12,
        3.949807228394162e-12,
        4.246090090734243e-12,
        4.017086712741478e-12,
        4.2109997495567584e-12,
        4.345057950494026e-12,
        4.255947358243459e-12,
        3.975045141609007e-12,
        2.551651218440114e-11,
        3.6213164526979224e-11,
        2.957617078615617e-11,
        3.958952416400375e-12,
        4.1071945248865666e-12,
        3.3112008292097127e-12,
        4.124207340241321e-12,
        3.8319726989049246e-12,
        4.1876463381174355e-12,
        3.968348938112618e-12,
        3.530005589678161e-12,
        4.2098453324031255e-12,
        4.100555811123946e-12,
        4.1169072998674356e-12,
        3.881216674985018e-12
      ],
      "rhs_N": [
        0.21663718401297274,
        0.1876231789095487,
        0.21212938705912868,
        0.23182589645032123,
        0.03676964016058102,
        0.03671120153651332,
        0.041191908655044025,
        0.038487631993036134,
        0.040236373427143285,
        0.04062363547865356,
        0.03706498154724935,
        0.04276836418469338,
        0.03695525330282476,
        0.04264009678137456,
        0.039819143051454765,
        0.04045726898964742,
        0.03914843279786443,
        0.17432293910721616,
        0.2333076101720309,
        0.20376527596945887,
        0.04059024994948111,
        0.037535732565824216,
        0.03853253682414151,
        0.04142062381117178,
        0.03854159002442761,
        0.03988267326297967,
        0.03715125967582098,
        0.03733157073545626,
        0.03795026829466827,
        0.039025866725877795,
        0.04062664151842132,
        0.03885320981478595
      ]
    },
    {
      "tick": 240,
      "phase": [
        0.4006677796327212,
        0.33889816360601005,
        0.27712854757929883,
        0.21535893155258765,
        0.15358931552587646,
        0.09181969949916528,
        0.03005008347245409,
        0.0,
        0.0,
        0.0,
        0.0,
        0.0,
        0.0,
        0.0,
        0.0,
        0.0,
        0.0,
        0.3522537562604341,
        0.2904841402337229,
        0.2287145242070117,
        0.1669449081803005,
        0.10517529215358933,
        0.04340567612687813,
        0.0,
        0.0,
        0.0,
        0.0,
        0.0,
        0.0,
        0.0,
        0.0,
        0.0
      ],
      "height_m": [
        0.07736962738288637,
        0.03536525190231391,
        0.029513620596823435,
        0.029331137606972073,
        0.02963281747628026,
        0.02963281747628026,
        0.02963281747628026,
        0.029632817476280264,
        0.029632817476280264,
        0.02963281747628024,
        0.02963281747628024,
        0.02963281747628024,
        0.02963281747628026,
        0.029632817476280257,
        0.02963281747628025,
        0.02963281747628026,
        0.02963281747628025,
        0.04154687040570509,
        0.029307943370071123,
        0.029508462152993038,
        0.02963281747628024,
        0.029632817476280257,
        0.02963281747628026,
        0.02963281747628029,
        0.029632817476280257,
        0.02963281747628026,
        0.02963281747628026,
        0.02963281747628026,
        0.02963281747628025,
        0.02963281747628026,
        0.02963281747628026,
        0.029632817476280257
      ],
      "contacts": [
        4,
        6,
        7,
        6,
        1,
        1,
        1,
        1,
        1,
        1,
        1,
        1,
        1,
        1,
        1,
        1,
        1,
        6,
        7,
        6,
        1,
        1,
        1,
        1,
        1,
        1,
        1,
        1,
        1,
        1,
        1,
        1
      ],
      "maximum_stress_Pa": [
        62821.76504047373,
        58579.241975035184,
        64129.774757088984,
        70375.9114959724,
        12897.272189884261,
        12838.78725934741,
        14715.121103618116,
        13708.745384198488,
        14436.47507092666,
        14593.549013191725,
        13095.649461493003,
        15442.19902114258,
        13047.487031363973,
        15392.404329858611,
        14265.614553202133,
        14526.245673389134,
        13987.320796706326,
        55251.23797275667,
        69540.55086913958,
        62952.634041042205,
        14525.214346503006,
        13208.507167376429,
        13613.597549250608,
        14912.6466359416,
        13731.646603964638,
        14291.742690921865,
        13133.423821938082,
        13212.090737921933,
        13479.365430050713,
        13935.982486462197,
        14594.76270478366,
        13863.40200333151
      ],
      "residual_N": [
        3.439468488187514e-11,
        3.245688787894917e-11,
        2.8540324031582288e-11,
        3.529534458439646e-11,
        3.9629385161044925e-12,
        3.711054323434009e-12,
        4.016334831763599e-12,
        3.451321283112993e-12,
        3.4412634002756113e-12,
        4.288504828707382e-12,
        4.445668827881043e-12,
        4.552975023430377e-12,
        3.9282943250334795e-12,
        4.427479246861649e-12,
        4.2121313551939375e-12,
        3.965596870296862e-12,
        4.1411909824568416e-12,
        3.50191003252347e-11,
        3.371781550090955e-11,
        3.679353050549596e-11,
        4.144651865216569e-12,
        4.139504357086405e-12,
        4.58593800113245e-12,
        4.710403350440993e-12,
        4.008350776107594e-12,
        4.187647572807948e-12,
        3.679692701641632e-12,
        3.959750664835042e-12,
        4.1369972695355494e-12,
        4.029261760449623e-12,
        4.164230870199073e-12,
        4.080812861285455e-12
      ],
      "rhs_N": [
        0.2173517457634453,
        0.18449761203258305,
        0.2116042341682522,
        0.2258966822700742,
        0.03661504880134528,
        0.03648345119593167,
        0.04092577386550282,
        0.038487631993037195,
        0.04023637342714434,
        0.040623635478656175,
        0.03706498154724068,
        0.04276836418468342,
        0.03695525330282521,
        0.04264009678137619,
        0.03981914305145355,
        0.040457268989647924,
        0.039148432797866436,
        0.1758379135056857,
        0.2311171135173274,
        0.20265638386945997,
        0.0404547246908891,
        0.03732333778338519,
        0.03826404718264531,
        0.041420623811169725,
        0.038541590024427586,
        0.0398826732629797,
        0.037151259675821405,
        0.037331570735457245,
        0.03795026829467025,
        0.03902586672587822,
        0.04062664151842239,
        0.0388532098147859
      ]
    },
    {
      "tick": 250,
      "phase": [
        0.41736227045075125,
        0.3555926544240401,
        0.2938230383973289,
        0.2320534223706177,
        0.17028380634390652,
        0.10851419031719532,
        0.04674457429048414,
        0.0,
        0.0,
        0.0,
        0.0,
        0.0,
        0.0,
        0.0,
        0.0,
        0.0,
        0.0,
        0.36894824707846413,
        0.3071786310517529,
        0.24540901502504175,
        0.18363939899833057,
        0.12186978297161936,
        0.06010016694490818,
        0.0,
        0.0,
        0.0,
        0.0,
        0.0,
        0.0,
        0.0,
        0.0,
        0.0
      ],
      "height_m": [
        0.09202901580182526,
        0.04338523241393748,
        0.029514552327293032,
        0.029333939381743262,
        0.02963281747628026,
        0.029632817476280257,
        0.029632817476280257,
        0.02963281747628026,
        0.02963281747628026,
        0.029632817476280226,
        0.02963281747628025,
        0.02963281747628025,
        0.02963281747628026,
        0.02963281747628025,
        0.029632817476280257,
        0.02963281747628026,
        0.02963281747628024,
        0.05190848560461293,
        0.02937265953290049,
        0.02950963329834782,
        0.029279827804015567,
        0.02963281747628025,
        0.029632817476280254,
        0.0296328174762803,
        0.02963281747628026,
        0.029632817476280264,
        0.02963281747628026,
        0.029632817476280257,
        0.02963281747628024,
        0.02963281747628026,
        0.029632817476280257,
        0.02963281747628026
      ],
      "contacts": [
        4,
        6,
        7,
        6,
        1,
        1,
        1,
        1,
        1,
        1,
        1,
        1,
        1,
        1,
        1,
        1,
        1,
        6,
        7,
        6,
        5,
        1,
        1,
        1,
        1,
        1,
        1,
        1,
        1,
        1,
        1,
        1
      ],
      "maximum_stress_Pa": [
        63157.108108895656,
        57733.42535218148,
        63715.62367727816,
        69099.39662511091,
        12838.663166192486,
        12744.740016924912,
        14610.511717898908,
        13708.745384193897,
        14436.47507092682,
        14593.549013188136,
        13095.649461491179,
        15442.199021139286,
        13047.48703137115,
        15392.40432986177,
        14265.61455320392,
        14526.24567339436,
        13987.320796707556,
        55906.34005289678,
        68094.92034260822,
        62316.44509012586,
        90702.82191730001,
        13124.101392756591,
        13503.876810920263,
        14912.646635932866,
        13731.64660396188,
        14291.742690921117,
        13133.42382194348,
        13212.090737922545,
        13479.365430051785,
        13935.982486469566,
        14594.762704784283,
        13863.40200332852
      ],
      "residual_N": [
        3.098228260862653e-11,
        2.7706285245754415e-11,
        3.143299953442589e-11,
        3.9221794180947087e-11,
        3.672477453298615e-12,
        3.939665256525056e-12,
        4.105116500220851e-12,
        4.742657019233317e-12,
        4.5290707219170795e-12,
        4.426920403595827e-12,
        3.639551994384415e-12,
        4.338518116997076e-12,
        3.780001663594523e-12,
        4.242387503797741e-12,
        4.085332651204336e-12,
        4.124434058989927e-12,
        4.116591097379854e-12,
        3.270680204578501e-11,
        2.998843111667389e-11,
        3.262728745416044e-11,
        4.596234663434439e-11,
        4.0937310028506275e-12,
        4.079486727790726e-12,
        4.306194631052321e-12,
        3.91925060099874e-12,
        3.7675919402712594e-12,
        3.771599049138306e-12,
        4.301179487547044e-12,
        3.985153087425575e-12,
        4.01684042950506e-12,
        4.067532872831455e-12,
        3.990854438105956e-12
      ],
      "rhs_N": [
        0.21811621861040043,
        0.18287346662345486,
        0.2113180895453949,
        0.22330924768292104,
        0.03648317249212015,
        0.036272857229206465,
        0.04066566728054064,
        0.03848763199303865,
        0.040236373427145936,
        0.04062363547865931,
        0.03706498154723957,
        0.04276836418468214,
        0.03695525330282616,
        0.042640096781378256,
        0.0398191430514535,
        0.04045726898964897,
        0.03914843279786898,
        0.17742427593640203,
        0.21640570135800788,
        0.2018924030132513,
        0.3267111166518906,
        0.03712994922437818,
        0.038007420312532916,
        0.04142062381116693,
        0.03854159002442806,
        0.03988267326298026,
        0.037151259675822404,
        0.03733157073545863,
        0.03795026829467268,
        0.03902586672587923,
        0.040626641518423934,
        0.0388532098147864
      ]
    },
    {
      "tick": 260,
      "phase": [
        0.4340567612687813,
        0.3722871452420701,
        0.31051752921535897,
        0.24874791318864775,
        0.18697829716193656,
        0.12520868113522537,
        0.06343906510851419,
        0.001669449081803005,
        0.0,
        0.0,
        0.0,
        0.0,
        0.0,
        0.0,
        0.0,
        0.0,
        0.0,
        0.38564273789649417,
        0.32387312186978295,
        0.2621035058430718,
        0.2003338898163606,
        0.13856427378964942,
        0.07679465776293823,
        0.015025041736227046,
        0.0,
        0.0,
        0.0,
        0.0,
        0.0,
        0.0,
        0.0,
        0.0
      ],
      "height_m": [
        0.10652789073432188,
        0.054261980356420846,
        0.029697895145729007,
        0.029336489478089277,
        0.02950271621405747,
        0.02963281747628025,
        0.02963281747628025,
        0.029632817476280254,
        0.029632817476280254,
        0.02963281747628024,
        0.029632817476280257,
        0.029632817476280257,
        0.029632817476280257,
        0.02963281747628024,
        0.02963281747628026,
        0.029632817476280257,
        0.029632817476280226,
        0.06453504967570207,
        0.031049029549403154,
        0.029510770688415813,
        0.02928844242102064,
        0.02963281747628024,
        0.029632817476280243,
        0.029632817476280313,
        0.02963281747628026,
        0.029632817476280264,
        0.029632817476280257,
        0.02963281747628025,
        0.029632817476280226,
        0.029632817476280257,
        0.02963281747628025,
        0.02963281747628026
      ],
      "contacts": [
        4,
        6,
        7,
        6,
        4,
        1,
        1,
        1,
        1,
        1,
        1,
        1,
        1,
        1,
        1,
        1,
        1,
        6,
        6,
        6,
        6,
        1,
        1,
        1,
        1,
        1,
        1,
        1,
        1,
        1,
        1,
        1
      ],
      "maximum_stress_Pa": [
        63518.65427761769,
        57126.10366922194,
        61494.35055900929,
        68233.48763672411,
        65340.05211735921,
        12658.582352888876,
        14508.879391041628,
        13696.679930739087,
        14436.475070927945,
        14593.549013184589,
        13095.6494614908,
        15442.19902114001,
        13047.487031370505,
        15392.404329864326,
        14265.614553200832,
        14526.245673395424,
        13987.320796704475,
        56525.90729810664,
        62389.230143833694,
        61805.84053444213,
        78753.57398986122,
        13048.015559790749,
        13399.903752445316,
        14816.314848813825,
        13731.646603969164,
        14291.742690927147,
        13133.423821945536,
        13212.090737926572,
        13479.365430049711,
        13935.982486469555,
        14594.762704787703,
        13863.40200333575
      ],
      "residual_N": [
        4.37756249953046e-11,
        2.890031346009743e-11,
        2.995222737475869e-11,
        3.445737359862471e-11,
        4.303121574644809e-11,
        3.9736602162748755e-12,
        4.141587660861773e-12,
        4.148891192077773e-12,
        4.143003857681185e-12,
        4.212042660669594e-12,
        3.89329274875195e-12,
        4.182081846503627e-12,
        4.1449342653019655e-12,
        4.628690192951158e-12,
        4.066116909766345e-12,
        4.2231057967959835e-12,
        4.075830268971622e-12,
        2.946808444710919e-11,
        2.8022584530852935e-11,
        3.112481437108105e-11,
        4.523261004458746e-11,
        4.077093826243542e-12,
        4.763396138120227e-12,
        4.015885135321071e-12,
        4.000601245780249e-12,
        3.5438881011046123e-12,
        4.063815130014943e-12,
        3.664661168390203e-12,
        4.07967384803372e-12,
        4.111717310226918e-12,
        4.686060338592573e-12,
        4.0510165986943975e-12
      ],
      "rhs_N": [
        0.21892892845410997,
        0.18205402078757105,
        0.20476577669061102,
        0.22136309033928528,
        0.23698283598498826,
        0.03608106080540622,
        0.04041444638107335,
        0.038459226604785214,
        0.040236373427148,
        0.040623635478649785,
        0.03706498154723948,
        0.04276836418468206,
        0.03695525330282753,
        0.04264009678138103,
        0.039819143051453926,
        0.04045726898965044,
        0.03914843279787193,
        0.17909392644416255,
        0.1932841310297165,
        0.201412642616315,
        0.26779334601417953,
        0.03695645575616022,
        0.037765442847447143,
        0.04117872571466849,
        0.038541590024428994,
        0.0398826732629813,
        0.03715125967582375,
        0.037331570735460486,
        0.03795026829467554,
        0.03902586672588067,
        0.04062664151842599,
        0.03885320981478725
      ]
    },
    {
      "tick": 270,
      "phase": [
        0.4507512520868114,
        0.38898163606010017,
        0.327212020033389,
        0.2654424040066778,
        0.20367278797996663,
        0.14190317195325544,
        0.08013355592654424,
        0.018363939899833055,
        0.0,
        0.0,
        0.0,
        0.0,
        0.0,
        0.0,
        0.0,
        0.0,
        0.0,
        0.4023372287145242,
        0.34056761268781305,
        0.27879799666110183,
        0.21702838063439064,
        0.15525876460767948,
        0.09348914858096828,
        0.03171953255425709,
        0.0,
        0.0,
        0.0,
        0.0,
        0.0,
        0.0,
        0.0,
        0.0
      ],
      "height_m": [
        0.12002297543301287,
        0.06724518943264643,
        0.03197577389029048,
        0.029338934843050345,
        0.029504713304560327,
        0.02963281747628024,
        0.02963281747628024,
        0.029632817476280243,
        0.029632817476280243,
        0.02963281747628025,
        0.02963281747628026,
        0.02963281747628026,
        0.02963281747628025,
        0.029632817476280226,
        0.02963281747628026,
        0.02963281747628025,
        0.02963281747628024,
        0.07861168093064139,
        0.03603086890475219,
        0.02951189051738365,
        0.029293661956707084,
        0.029632817476280226,
        0.02963281747628023,
        0.0296328174762803,
        0.029632817476280257,
        0.02963281747628026,
        0.02963281747628025,
        0.02963281747628024,
        0.02963281747628024,
        0.02963281747628025,
        0.02963281747628024,
        0.029632817476280257
      ],
      "contacts": [
        4,
        6,
        6,
        6,
        4,
        1,
        1,
        1,
        1,
        1,
        1,
        1,
        1,
        1,
        1,
        1,
        1,
        6,
        6,
        6,
        6,
        1,
        1,
        1,
        1,
        1,
        1,
        1,
        1,
        1,
        1,
        1
      ],
      "maximum_stress_Pa": [
        63901.588065872995,
        56682.157836070546,
        59923.00058579905,
        67415.6136957874,
        63446.484250385285,
        12581.169165383464,
        14411.585284246175,
        13577.013938005312,
        14436.475070937104,
        14593.549013181635,
        13095.649461487166,
        15442.19902113741,
        13047.487031374567,
        15392.404329861565,
        14265.614553207228,
        14526.245673399724,
        13987.32079670088,
        57094.01003307142,
        61281.52425270681,
        61400.12036175619,
        77275.86100393107,
        12981.036934775479,
        13302.725208645687,
        14710.088985120994,
        13731.646603968793,
        14291.742690925774,
        13133.423821949182,
        13212.09073792742,
        13479.365430044658,
        13935.982486472692,
        14594.762704789111,
        13863.402003335077
      ],
      "residual_N": [
        3.1389653372402044e-11,
        2.8945120950881875e-11,
        3.6365681724964096e-11,
        3.6317274148127427e-11,
        5.103182127441817e-11,
        4.115337006169956e-12,
        4.1390600271364435e-12,
        4.9738850733447465e-12,
        5.445102728405952e-12,
        4.21596083104935e-12,
        3.8690463568797265e-12,
        4.382929801105605e-12,
        3.8577363394113e-12,
        4.307774398043669e-12,
        4.380191675355046e-12,
        4.191739403658655e-12,
        4.155017511388683e-12,
        2.832655713025552e-11,
        3.307067064845264e-11,
        3.789929394614792e-11,
        3.9255035535704394e-11,
        3.8726433183951715e-12,
        4.271090279210469e-12,
        4.415826913517539e-12,
        4.0353467419684e-12,
        4.7026964583922e-12,
        3.8698153952980884e-12,
        3.704756000837176e-12,
        4.273097740429316e-12,
        4.138036349941613e-12,
        4.214828356902674e-12,
        4.143186016832084e-12
      ],
      "rhs_N": [
        0.21979103400610395,
        0.18175576229004112,
        0.20322437555214495,
        0.21981740225031346,
        0.23115317414420947,
        0.03590970366219879,
        0.04017533249686464,
        0.03817833745963811,
        0.040236373427150564,
        0.04062363547864854,
        0.03706498154723991,
        0.042768364184682536,
        0.0369552533028294,
        0.04264009678138429,
        0.039819143051454925,
        0.040457268989652455,
        0.03914843279786279,
        0.18075973893312455,
        0.1905797406117626,
        0.2011637668618391,
        0.26217158088248144,
        0.03680437363724164,
        0.03754037639648232,
        0.04091322825440587,
        0.038541590024430465,
        0.03988267326298291,
        0.03715125967582566,
        0.03733157073546293,
        0.037950268294666675,
        0.039025866725882645,
        0.04062664151842856,
        0.03885320981478882
      ]
    },
    {
      "tick": 280,
      "phase": [
        0.4674457429048414,
        0.4056761268781302,
        0.34390651085141904,
        0.28213689482470783,
        0.22036727879799667,
        0.15859766277128548,
        0.09682804674457429,
        0.035058430717863104,
        0.0,
        0.0,
        0.0,
        0.0,
        0.0,
        0.0,
        0.0,
        0.0,
        0.0,
        0.41903171953255425,
        0.3572621035058431,
        0.29549248747913187,
        0.2337228714524207,
        0.17195325542570952,
        0.11018363939899833,
        0.048414023372287146,
        0.0,
        0.0,
        0.0,
        0.0,
        0.0,
        0.0,
        0.0,
        0.0
      ],
      "height_m": [
        0.13168607108780161,
        0.08151088798883006,
        0.03765638866942512,
        0.02934132787980877,
        0.0295058217039265,
        0.029632817476280226,
        0.029632817476280226,
        0.02963281747628023,
        0.02963281747628023,
        0.029632817476280257,
        0.02963281747628026,
        0.02963281747628026,
        0.02963281747628024,
        0.02963281747628024,
        0.029632817476280257,
        0.02963281747628024,
        0.02963281747628025,
        0.09329342223096426,
        0.04436518868948102,
        0.029512996800236363,
        0.029297361440740948,
        0.02963281747628024,
        0.029632817476280243,
        0.02963281747628029,
        0.02963281747628025,
        0.029632817476280254,
        0.02963281747628024,
        0.029632817476280226,
        0.02963281747628025,
        0.02963281747628024,
        0.029632817476280226,
        0.02963281747628025
      ],
      "contacts": [
        4,
        6,
        6,
        6,
        4,
        1,
        1,
        1,
        1,
        1,
        1,
        1,
        1,
        1,
        1,
        1,
        1,
        6,
        6,
        6,
        6,
        1,
        1,
        1,
        1,
        1,
        1,
        1,
        1,
        1,
        1,
        1
      ],
      "maximum_stress_Pa": [
        64301.23561765955,
        56400.27690840873,
        60043.22423065291,
        66697.017728827,
        63649.49822188986,
        12513.359089327509,
        14319.895135509983,
        13460.211041429331,
        14436.475070932667,
        14593.549013182153,
        13095.649461494238,
        15442.199021142333,
        13047.487031377894,
        15392.40432985699,
        14265.614553207308,
        14526.245673401694,
        13987.320796696797,
        57567.05391116684,
        60507.58174062743,
        61085.430966751235,
        75804.39989316989,
        12923.850258632514,
        13212.911990033668,
        14605.821780296314,
        13731.64660397279,
        14291.742690925703,
        13133.423821951577,
        13212.090737925562,
        13479.365430042672,
        13935.982486475532,
        14594.762704786684,
        13863.402003339374
      ],
      "residual_N": [
        3.690070987090704e-11,
        3.252098605771715e-11,
        4.301604769301478e-11,
        3.976971373210873e-11,
        4.177696795267089e-11,
        3.919200704108339e-12,
        4.24816457973288e-12,
        4.38747995227758e-12,
        5.093996196242995e-12,
        4.004105196791914e-12,
        3.989426983177692e-12,
        4.117257290068462e-12,
        3.960778520877981e-12,
        4.6472636886314585e-12,
        4.3317905028491525e-12,
        4.098102956889504e-12,
        4.217669214062639e-12,
        2.9052503761001304e-11,
        2.8388547123717976e-11,
        3.1252094073376054e-11,
        3.830372068872478e-11,
        4.539075297269292e-12,
        4.15335492479867e-12,
        4.215476520309912e-12,
        4.022360870424148e-12,
        4.168426209286697e-12,
        4.343028948593087e-12,
        3.9257161241040165e-12,
        3.630503682033573e-12,
        4.0753387417547044e-12,
        4.2864143324342964e-12,
        3.884988411597806e-12
      ],
      "rhs_N": [
        0.22070661734897515,
        0.1818591720474314,
        0.20368361271468294,
        0.2186364161451503,
        0.23107552128861214,
        0.03576036986341988,
        0.039951236138819075,
        0.037905652487713104,
        0.040236373427153756,
        0.04062363547864852,
        0.037064981547240874,
        0.042768364184683626,
        0.03695525330283178,
        0.04264009678137435,
        0.03981914305145646,
        0.04045726898965502,
        0.039148432797861614,
        0.18225692746073335,
        0.18906304144301161,
        0.2011117582709456,
        0.25809726425554286,
        0.03667501321210721,
        0.037333457740473634,
        0.04065404201091929,
        0.03854159002443239,
        0.039882673262984954,
        0.03715125967582812,
        0.03733157073546579,
        0.037950268294665544,
        0.039025866725885185,
        0.04062664151843163,
        0.038853209814790776
      ]
    },
    {
      "tick": 290,
      "phase": [
        0.48414023372287146,
        0.4223706176961603,
        0.3606010016694491,
        0.2988313856427379,
        0.2370617696160267,
        0.17529215358931552,
        0.11352253756260434,
        0.05175292153589316,
        0.0,
        0.0,
        0.0,
        0.0,
        0.0,
        0.0,
        0.0,
        0.0,
        0.0,
        0.43572621035058434,
        0.3739565943238731,
        0.31218697829716197,
        0.25041736227045075,
        0.18864774624373956,
        0.12687813021702837,
        0.0651085141903172,
        0.00333889816360601,
        0.0,
        0.0,
        0.0,
        0.0,
        0.0,
        0.0,
        0.0
      ],
      "height_m": [
        0.14070609501406678,
        0.09621165845196451,
        0.04660350618270061,
        0.029343688767066115,
        0.029506877739248392,
        0.02963281747628024,
        0.02963281747628024,
        0.029632817476280243,
        0.029632817476280243,
        0.02963281747628026,
        0.029632817476280257,
        0.029632817476280257,
        0.029632817476280226,
        0.02963281747628025,
        0.02963281747628025,
        0.029632817476280226,
        0.029632817476280257,
        0.1077301252321272,
        0.05548727968193127,
        0.029790077272943607,
        0.029300566307628405,
        0.02932047467242017,
        0.029632817476280254,
        0.02963281747628028,
        0.02963281747628024,
        0.029632817476280243,
        0.029632817476280226,
        0.02963281747628024,
        0.029632817476280257,
        0.029632817476280226,
        0.02963281747628024,
        0.02963281747628024
      ],
      "contacts": [
        4,
        6,
        6,
        6,
        4,
        1,
        1,
        1,
        1,
        1,
        1,
        1,
        1,
        1,
        1,
        1,
        1,
        6,
        6,
        6,
        6,
        6,
        1,
        1,
        1,
        1,
        1,
        1,
        1,
        1,
        1,
        1
      ],
      "maximum_stress_Pa": [
        64710.763425014935,
        56299.75967123275,
        60317.877395895404,
        66086.98722132032,
        63792.143672112776,
        12455.872066416894,
        14234.93737865854,
        13347.692664531838,
        14436.475070925197,
        14593.549013179021,
        13095.649461492183,
        15442.19902114373,
        13047.487031372919,
        15392.404329853603,
        14265.614553212443,
        14526.245673397283,
        13987.320796699403,
        57901.1973640209,
        59896.57191112507,
        57942.18625014924,
        74558.55919190763,
        77723.23047290988,
        13131.14517279339,
        14504.651302601449,
        13707.556734101352,
        14291.742690935256,
        13133.423821948763,
        13212.090737920473,
        13479.365430042335,
        13935.982486473067,
        14594.76270478287,
        13863.402003341285
      ],
      "residual_N": [
        4.435185909722937e-11,
        3.1931174962313606e-11,
        3.451401195874255e-11,
        3.636230187382776e-11,
        4.307326015775726e-11,
        4.086783292127052e-12,
        4.2770796895455094e-12,
        3.986051802544088e-12,
        4.017829664242433e-12,
        4.1561000883131295e-12,
        4.3310412902421466e-12,
        4.510328222292814e-12,
        3.941677289573033e-12,
        4.214811714659757e-12,
        4.403965588649292e-12,
        4.039554369433655e-12,
        3.9508544895465305e-12,
        2.864332324356392e-11,
        3.601484544929062e-11,
        3.981649421120634e-11,
        3.489700916601223e-11,
        3.867872787731197e-11,
        3.792387179292683e-12,
        4.34781042615152e-12,
        4.073178788807004e-12,
        4.856156552280923e-12,
        3.904769882883277e-12,
        4.389525228020707e-12,
        3.713961236701932e-12,
        3.972145581272151e-12,
        4.391046135778006e-12,
        3.908971105015617e-12
      ],
      "rhs_N": [
        0.22167342162539838,
        0.18227064831949819,
        0.20432918101986966,
        0.21777951278205532,
        0.23083969721027223,
        0.0356343354445571,
        0.03974467826371737,
        0.03764438059371006,
        0.04023637342714401,
        0.040623635478648966,
        0.03706498154724229,
        0.04276836418468523,
        0.03695525330283467,
        0.04264009678137307,
        0.03981914305145848,
        0.04045726898965824,
        0.039148432797861565,
        0.18341704129372774,
        0.18819318941376237,
        0.19492024433407898,
        0.2549855666946123,
        0.25334826816103145,
        0.0371460497694793,
        0.040404027084123904,
        0.038484832901352885,
        0.039882673262987445,
        0.03715125967583082,
        0.03733157073545706,
        0.03795026829466548,
        0.03902586672588815,
        0.040626641518422185,
        0.03885320981479328
      ]
    },
    {
      "tick": 300,
      "phase": [
        0.5008347245409015,
        0.43906510851419034,
        0.3772954924874791,
        0.31552587646076796,
        0.25375626043405675,
        0.19198664440734559,
        0.1302170283806344,
        0.06844741235392321,
        0.00667779632721202,
        0.0,
        0.0,
        0.0,
        0.0,
        0.0,
        0.0,
        0.0,
        0.0,
        0.4524207011686144,
        0.39065108514190316,
        0.328881469115192,
        0.2671118530884808,
        0.20534223706176963,
        0.14357262103505844,
        0.08180300500834725,
        0.02003338898163606,
        0.0,
        0.0,
        0.0,
        0.0,
        0.0,
        0.0,
        0.0
      ],
      "height_m": [
        0.14628447252208324,
        0.11049813115825526,
        0.058195033676559725,
        0.029884690326431613,
        0.029507950438447218,
        0.02924801109065835,
        0.02963281747628025,
        0.029632817476280254,
        0.029632817476280254,
        0.02963281747628026,
        0.02963281747628025,
        0.02963281747628025,
        0.02963281747628024,
        0.029632817476280257,
        0.02963281747628024,
        0.02963281747628024,
        0.02963281747628026,
        0.12107974493233087,
        0.06863559614960024,
        0.03238595006773784,
        0.029303613639066074,
        0.02932596875270399,
        0.02963281747628026,
        0.029632817476280278,
        0.029632817476280226,
        0.02963281747628023,
        0.02963281747628024,
        0.02963281747628025,
        0.02963281747628026,
        0.02963281747628024,
        0.02963281747628025,
        0.029632817476280226
      ],
      "contacts": [
        4,
        6,
        6,
        6,
        4,
        3,
        1,
        1,
        1,
        1,
        1,
        1,
        1,
        1,
        1,
        1,
        1,
        6,
        6,
        5,
        6,
        6,
        1,
        1,
        1,
        1,
        1,
        1,
        1,
        1,
        1,
        1
      ],
      "maximum_stress_Pa": [
        65123.27571948999,
        56395.267314874174,
        60605.87053235902,
        61095.341513617845,
        63958.25050621058,
        86876.01709751444,
        14157.685943341685,
        13240.406298217893,
        14390.271892638391,
        14593.549013184345,
        13095.649461498619,
        15442.19902114861,
        13047.487031369348,
        15392.404329853674,
        14265.61455321332,
        14526.24567339413,
        13987.320796695836,
        58071.944178804864,
        59415.925374326995,
        57724.565166746914,
        73502.11015993524,
        72869.39204683043,
        13057.92142307484,
        14407.93491890562,
        13588.21293532318,
        14291.742690934361,
        13133.423821944067,
        13212.090737918512,
        13479.365430039365,
        13935.982486467825,
        14594.762704779845,
        13863.40200333915
      ],
      "residual_N": [
        4.104952368750612e-11,
        3.286454630233522e-11,
        3.845003340795577e-11,
        3.2399461640428244e-11,
        3.9315684509558867e-11,
        5.431103854359443e-11,
        4.046068985413555e-12,
        3.7667581017175886e-12,
        3.969278485384058e-12,
        3.9963709630175695e-12,
        4.104877010961652e-12,
        4.2976106898852115e-12,
        4.192675695249286e-12,
        4.457882753362085e-12,
        4.1274259692425055e-12,
        4.422769904666523e-12,
        3.837313023179909e-12,
        3.514622485809717e-11,
        3.136881788513039e-11,
        3.836859725003041e-11,
        3.6012585045248026e-11,
        3.379038255460367e-11,
        3.7778705456107445e-12,
        3.902898784279493e-12,
        4.039750263156812e-12,
        4.971314838960848e-12,
        4.042421780784631e-12,
        3.83788145973628e-12,
        3.9617899154420655e-12,
        4.081789873396493e-12,
        4.009652531003774e-12,
        4.072041590730838e-12
      ],
      "rhs_N": [
        0.22268091869749634,
        0.18290475844096268,
        0.20503152303295166,
        0.19330821443251625,
        0.23068974700101127,
        0.28782373916855236,
        0.03955775968677822,
        0.03739668501377285,
        0.04012313324596999,
        0.040623635478650014,
        0.037064981547244163,
        0.04276836418468738,
        0.03695525330282599,
        0.042640096781373,
        0.03981914305146104,
        0.04045726898964874,
        0.039148432797861996,
        0.18414067486451424,
        0.18780107210052474,
        0.1955076448628794,
        0.25257116688083703,
        0.23457395790572175,
        0.036978999509425736,
        0.04016638764528318,
        0.038204559736215726,
        0.03988267326299062,
        0.03715125967582221,
        0.037331570735455906,
        0.03795026829466592,
        0.03902586672587906,
        0.04062664151842097,
        0.03885320981479621
      ]
    },
    {
      "tick": 310,
      "phase": [
        0.5175292153589316,
        0.4557595993322204,
        0.3939899833055092,
        0.332220367278798,
        0.27045075125208684,
        0.20868113522537562,
        0.14691151919866444,
        0.08514190317195326,
        0.02337228714524207,
        0.0,
        0.0,
        0.0,
        0.0,
        0.0,
        0.0,
        0.0,
        0.0,
        0.4691151919866444,
        0.40734557595993326,
        0.34557595993322204,
        0.2838063439065109,
        0.22203672787979967,
        0.16026711185308848,
        0.0984974958263773,
        0.03672787979966611,
        0.0,
        0.0,
        0.0,
        0.0,
        0.0,
        0.0,
        0.0
      ],
      "height_m": [
        0.1484404909835366,
        0.12353092774185888,
        0.0716503641431032,
        0.033135799871199106,
        0.02950903296793485,
        0.029257414620631247,
        0.029632817476280257,
        0.02963281747628026,
        0.02963281747628026,
        0.029632817476280257,
        0.02963281747628024,
        0.02963281747628024,
        0.02963281747628025,
        0.02963281747628026,
        0.029632817476280226,
        0.02963281747628025,
        0.02963281747628026,
        0.13251572540959347,
        0.08298249204763658,
        0.03841282050876891,
        0.029306603938929737,
        0.0293292607846766,
        0.029632817476280264,
        0.029632817476280278,
        0.02963281747628024,
        0.029632817476280243,
        0.02963281747628025,
        0.029632817476280257,
        0.02963281747628026,
        0.02963281747628025,
        0.029632817476280257,
        0.02963281747628024
      ],
      "contacts": [
        4,
        6,
        6,
        5,
        4,
        3,
        1,
        1,
        1,
        1,
        1,
        1,
        1,
        1,
        1,
        1,
        1,
        6,
        6,
        5,
        6,
        6,
        1,
        1,
        1,
        1,
        1,
        1,
        1,
        1,
        1,
        1
      ],
      "maximum_stress_Pa": [
        65555.42025170499,
        56686.09756415758,
        60854.615796119746,
        59451.62737234703,
        64153.35282963474,
        83943.98982568085,
        14088.941852875289,
        13139.052878847107,
        14275.53332127162,
        14593.549013185768,
        13095.649461499872,
        15442.199021149925,
        13047.48703136602,
        15392.404329851583,
        14265.61455321111,
        14526.245673390498,
        13987.320796701017,
        58084.803231958715,
        59089.96937608372,
        57920.276039565026,
        72606.3311951263,
        71202.61170329062,
        12993.98164623319,
        14316.92667930111,
        13471.824712554133,
        14291.742690926463,
        13133.423821940132,
        13212.090737917193,
        13479.365430046033,
        13935.982486464181,
        14594.762704780438,
        13863.402003334277
      ],
      "residual_N": [
        3.768544821658729e-11,
        2.6927157275943014e-11,
        3.227793344381746e-11,
        3.7261395187671784e-11,
        3.95312361352255e-11,
        4.807510599483722e-11,
        4.248422143542465e-12,
        3.9467057857042695e-12,
        4.037131041530786e-12,
        4.234619727983231e-12,
        4.104479908324492e-12,
        4.556466449379429e-12,
        3.877910727611928e-12,
        4.33032130566458e-12,
        4.3615716581229e-12,
        4.184100245865378e-12,
        4.099854287245823e-12,
        3.023562043380142e-11,
        2.928806514825444e-11,
        3.746574624673441e-11,
        3.955726806015536e-11,
        3.686880965067179e-11,
        3.530445243957372e-12,
        4.396612065344478e-12,
        4.115214917740587e-12,
        4.235430880345733e-12,
        3.6172948467179786e-12,
        4.324231443568724e-12,
        4.029423933811018e-12,
        4.090825516495073e-12,
        4.15622425824683e-12,
        4.0753640831374366e-12
      ],
      "rhs_N": [
        0.22380796063809089,
        0.18370780356713307,
        0.2057742966037384,
        0.1933511958311139,
        0.23068653583171284,
        0.2814341736307599,
        0.039392114417104725,
        0.03716413291376732,
        0.03984324875473933,
        0.04062363547865148,
        0.0370649815472464,
        0.04276836418469006,
        0.03695525330282481,
        0.042640096781373454,
        0.039819143051464084,
        0.040457268989647466,
        0.03914843279786292,
        0.18444018102449794,
        0.18781237743070997,
        0.19607218739003882,
        0.25070104569145896,
        0.230656186724093,
        0.03683371858496207,
        0.03994400131283047,
        0.037932699123207216,
        0.03988267326298095,
        0.03715125967582103,
        0.03733157073545582,
        0.03795026829466682,
        0.03902586672587782,
        0.040626641518420846,
        0.03885320981478713
      ]
    },
    {
      "tick": 320,
      "phase": [
        0.5342237061769616,
        0.4724540901502504,
        0.41068447412353926,
        0.34891485809682804,
        0.2871452420701169,
        0.2253756260434057,
        0.1636060100166945,
        0.10183639398998331,
        0.04006677796327212,
        0.0,
        0.0,
        0.0,
        0.0,
        0.0,
        0.0,
        0.0,
        0.0,
        0.48580968280467446,
        0.4240400667779633,
        0.3622704507512521,
        0.3005008347245409,
        0.23873121869782973,
        0.17696160267111855,
        0.11519198664440734,
        0.05342237061769616,
        0.0,
        0.0,
        0.0,
        0.0,
        0.0,
        0.0,
        0.0
      ],
      "height_m": [
        0.1491245598646849,
        0.1344869249365485,
        0.08613554832295602,
        0.03984168690980395,
        0.029510116554188497,
        0.029263753753873526,
        0.02963281747628026,
        0.029632817476280264,
        0.029632817476280264,
        0.02963281747628025,
        0.029632817476280226,
        0.029632817476280226,
        0.029632817476280257,
        0.02963281747628026,
        0.02963281747628024,
        0.029632817476280257,
        0.029632817476280257,
        0.14122838571568233,
        0.09767974521680708,
        0.04765738226110985,
        0.029309697306773474,
        0.029332011192885424,
        0.029632817476280264,
        0.02963281747628028,
        0.02963281747628025,
        0.029632817476280254,
        0.029632817476280257,
        0.02963281747628026,
        0.029632817476280257,
        0.029632817476280257,
        0.02963281747628026,
        0.02963281747628025
      ],
      "contacts": [
        4,
        6,
        6,
        5,
        4,
        3,
        1,
        1,
        1,
        1,
        1,
        1,
        1,
        1,
        1,
        1,
        1,
        6,
        6,
        5,
        6,
        6,
        1,
        1,
        1,
        1,
        1,
        1,
        1,
        1,
        1,
        1
      ],
      "maximum_stress_Pa": [
        65971.06216781648,
        57151.42352017288,
        61059.50978056629,
        59070.797807906165,
        64379.046815636255,
        81985.91720486029,
        14029.398181398115,
        13044.20170569913,
        14163.128853651042,
        14593.549013188627,
        13095.649461497476,
        15442.199021146,
        13047.487031367455,
        15392.40432985781,
        14265.614553207328,
        14526.245673391928,
        13987.320796701295,
        57978.216393192015,
        58950.93806346284,
        58176.77295761438,
        71845.9710200847,
        70159.33559800194,
        12939.985132862948,
        14232.742164680365,
        13359.80596418341,
        14291.742690921865,
        13133.42382194013,
        13212.090737916305,
        13479.365430046906,
        13935.982486464274,
        14594.762704777815,
        13863.40200333162
      ],
      "residual_N": [
        3.713944218115952e-11,
        3.410078677405529e-11,
        3.0879810172748885e-11,
        3.709423244449746e-11,
        4.3004665337007914e-11,
        4.488507337833177e-11,
        3.846579212335069e-12,
        3.7578834230905405e-12,
        3.816112268635576e-12,
        4.252145366193978e-12,
        3.879904560431158e-12,
        4.347436757689429e-12,
        3.956274861306722e-12,
        4.601757134824865e-12,
        4.3451714325696115e-12,
        4.119301784266939e-12,
        4.177356833624692e-12,
        3.1853494640158016e-11,
        2.9807255852727585e-11,
        3.690503371729679e-11,
        3.360749890698671e-11,
        4.1633870935209425e-11,
        3.66753888467865e-12,
        4.228640220503909e-12,
        3.798227033284743e-12,
        4.187632496833954e-12,
        3.955612073276526e-12,
        3.729049629958635e-12,
        4.387860724541097e-12,
        4.199140846296076e-12,
        4.10696729145473e-12,
        3.89536840699792e-12
      ],
      "rhs_N": [
        0.22488040448390959,
        0.1846708160803839,
        0.20657250983021821,
        0.1933472654196733,
        0.2308398781274731,
        0.2772981362593776,
        0.03924916009480828,
        0.03694777971246846,
        0.03957090236343189,
        0.040623635478653566,
        0.037064981547249354,
        0.04276836418469345,
        0.03695525330282477,
        0.0426400967813745,
        0.039819143051454765,
        0.040457268989647396,
        0.039148432797864445,
        0.18444001975158583,
        0.18813965382311712,
        0.19673040625960095,
        0.2492244342790069,
        0.22818635584537106,
        0.03671146484780647,
        0.039739354910616656,
        0.03767244068390181,
        0.03988267326297967,
        0.037151259675820975,
        0.03733157073545628,
        0.037950268294668216,
        0.03902586672587776,
        0.04062664151842133,
        0.03885320981478593
      ]
    },
    {
      "tick": 330,
      "phase": [
        0.5509181969949917,
        0.48914858096828046,
        0.4273789649415693,
        0.36560934891485813,
        0.3038397328881469,
        0.24207011686143573,
        0.18030050083472454,
        0.11853088480801335,
        0.05676126878130217,
        0.0,
        0.0,
        0.0,
        0.0,
        0.0,
        0.0,
        0.0,
        0.0,
        0.5025041736227045,
        0.44073455759599334,
        0.3789649415692821,
        0.31719532554257096,
        0.2554257095158598,
        0.19365609348914858,
        0.1318864774624374,
        0.07011686143572621,
        0.008347245409015025,
        0.0,
        0.0,
        0.0,
        0.0,
        0.0,
        0.0
      ],
      "height_m": [
        0.1493405293459795,
        0.1425593058914528,
        0.10080115430531392,
        0.04965730672108802,
        0.02952245931004134,
        0.029269124333400093,
        0.029454938356013656,
        0.029632817476280264,
        0.029632817476280264,
        0.02963281747628024,
        0.02963281747628024,
        0.02963281747628024,
        0.02963281747628026,
        0.029632817476280257,
        0.02963281747628025,
        0.02963281747628026,
        0.02963281747628025,
        0.14642304689913377,
        0.11187859689124163,
        0.0594726600678506,
        0.030026379452856355,
        0.029334581053887816,
        0.029495068571872198,
        0.02963281747628029,
        0.029632817476280257,
        0.02963281747628026,
        0.02963281747628026,
        0.02963281747628026,
        0.02963281747628025,
        0.02963281747628026,
        0.02963281747628026,
        0.029632817476280257
      ],
      "contacts": [
        4,
        6,
        6,
        5,
        4,
        3,
        3,
        1,
        1,
        1,
        1,
        1,
        1,
        1,
        1,
        1,
        1,
        6,
        6,
        4,
        6,
        6,
        4,
        1,
        1,
        1,
        1,
        1,
        1,
        1,
        1,
        1
      ],
      "maximum_stress_Pa": [
        66373.14311765482,
        57744.891467401816,
        61216.508904411596,
        58725.71506458868,
        64835.37372770453,
        80291.20574647993,
        61190.10612479032,
        12956.791049844041,
        14054.455748877006,
        14593.549013191725,
        13095.649461493078,
        15442.199021142793,
        13047.487031364815,
        15392.404329858484,
        14265.614553202873,
        14526.245673388903,
        13987.32079670561,
        57818.184040182045,
        59018.232997127845,
        58461.535983178364,
        66119.11269757291,
        69235.15447718013,
        66105.05496756364,
        14156.341728938878,
        13253.170196815494,
        14233.140902198282,
        13133.423821939043,
        13212.090737921111,
        13479.365430049631,
        13935.98248646235,
        14594.762704784198,
        13863.402003331244
      ],
      "residual_N": [
        2.991180456391921e-11,
        2.8014315416409766e-11,
        3.8992503107191275e-11,
        2.8305872957237928e-11,
        4.892558017053984e-11,
        5.179866884791998e-11,
        3.240645644023059e-11,
        3.6349859584158173e-12,
        3.678372537149087e-12,
        4.288504826223383e-12,
        4.18639755617749e-12,
        4.688191619689967e-12,
        3.7758993209168645e-12,
        4.655049111691785e-12,
        4.185644600820906e-12,
        3.91507664919729e-12,
        4.0808913106014104e-12,
        3.158135886312624e-11,
        3.4856763822626985e-11,
        3.494519355836747e-11,
        3.7454655423624514e-11,
        3.659048340764025e-11,
        4.835473360583345e-11,
        4.544562262735879e-12,
        3.9788112601046e-12,
        4.324224785899469e-12,
        3.758175696153477e-12,
        4.223667797664925e-12,
        4.2870459621547604e-12,
        4.054263589489345e-12,
        4.209023227021274e-12,
        4.1074107443536496e-12
      ],
      "rhs_N": [
        0.2259103252328336,
        0.18580222015403092,
        0.2074235770096175,
        0.19349199710781587,
        0.2299632539951452,
        0.2740161961845409,
        0.21808483809853857,
        0.03674947153586277,
        0.039309259909171036,
        0.04062363547865619,
        0.037064981547240694,
        0.04276836418468342,
        0.03695525330282522,
        0.04264009678137615,
        0.03981914305145356,
        0.04045726898964794,
        0.03914843279786643,
        0.18434707605038902,
        0.1886926276869174,
        0.19747313222994503,
        0.21471925912761344,
        0.22620005375890925,
        0.23836514827829602,
        0.03955451451077672,
        0.037426072495644114,
        0.039740321789662574,
        0.03715125967582143,
        0.037331570735457204,
        0.03795026829467027,
        0.03902586672587824,
        0.04062664151842238,
        0.038853209814785905
      ]
    },
    {
      "tick": 340,
      "phase": [
        0.5676126878130218,
        0.5058430717863105,
        0.44407345575959933,
        0.3823038397328882,
        0.32053422370617696,
        0.2587646076794658,
        0.1969949916527546,
        0.13522537562604342,
        0.07345575959933222,
        0.011686143572621035,
        0.0,
        0.0,
        0.0,
        0.0,
        0.0,
        0.0,
        0.0,
        0.5191986644407346,
        0.4574290484140234,
        0.3956594323873122,
        0.333889816360601,
        0.27212020033388984,
        0.21035058430717865,
        0.14858096828046746,
        0.08681135225375626,
        0.025041736227045076,
        0.0,
        0.0,
        0.0,
        0.0,
        0.0,
        0.0
      ],
      "height_m": [
        0.1494078980936291,
        0.1469863973220678,
        0.11479990082788051,
        0.06189316945117805,
        0.03067672303051982,
        0.029274152127417134,
        0.029459045436726713,
        0.02963281747628026,
        0.02963281747628026,
        0.029632817476280226,
        0.02963281747628025,
        0.02963281747628025,
        0.02963281747628026,
        0.02963281747628025,
        0.029632817476280257,
        0.02963281747628026,
        0.02963281747628024,
        0.1483468464310092,
        0.12474105325298507,
        0.07306950229868425,
        0.03361764153331639,
        0.029337071924060206,
        0.029496635712323895,
        0.0296328174762803,
        0.02963281747628026,
        0.029632817476280264,
        0.02963281747628026,
        0.029632817476280257,
        0.02963281747628024,
        0.02963281747628026,
        0.029632817476280257,
        0.02963281747628026
      ],
      "contacts": [
        4,
        6,
        6,
        5,
        3,
        3,
        3,
        1,
        1,
        1,
        1,
        1,
        1,
        1,
        1,
        1,
        1,
        6,
        6,
        4,
        5,
        6,
        4,
        1,
        1,
        1,
        1,
        1,
        1,
        1,
        1,
        1
      ],
      "maximum_stress_Pa": [
        66759.65728812717,
        58393.04422401959,
        61325.23511098761,
        58404.56304251988,
        66863.53065359069,
        78798.14605674271,
        76776.97979886628,
        12877.736766949707,
        13950.835983507743,
        14514.47357149627,
        13095.649461490122,
        15442.199021140006,
        13047.487031370614,
        15392.404329860785,
        14265.61455320326,
        14526.245673394898,
        13987.32079670833,
        57693.805567908355,
        59291.32896778074,
        58716.81978370206,
        65244.86628060866,
        68386.24430816944,
        64987.76666846954,
        14088.51446861714,
        13152.587241087085,
        14117.13769237029,
        13133.423821945074,
        13212.090737922628,
        13479.365430052232,
        13935.98248646931,
        14594.762704784061,
        13863.402003328523
      ],
      "residual_N": [
        3.391255497920394e-11,
        2.8296441130066147e-11,
        2.662685884616449e-11,
        3.0199574002512745e-11,
        3.5029973270659136e-11,
        4.378453474072247e-11,
        4.0544071441946285e-11,
        4.421292895790743e-12,
        4.9501032152682075e-12,
        3.860700403326206e-12,
        3.702036628594862e-12,
        4.1417630601392056e-12,
        3.8332898843231136e-12,
        4.539206458266821e-12,
        4.179606443476414e-12,
        4.3731144780318115e-12,
        4.115830289293915e-12,
        3.116074020955958e-11,
        3.264548880620265e-11,
        3.382638738330399e-11,
        3.523730393666261e-11,
        3.483666867768914e-11,
        5.842738218096207e-11,
        4.352134600715737e-12,
        3.635604826889102e-12,
        3.93877581319964e-12,
        3.926978307173774e-12,
        3.965676475719612e-12,
        4.200220804812321e-12,
        3.929693237852759e-12,
        4.284274141638294e-12,
        4.005925371475616e-12
      ],
      "rhs_N": [
        0.22690115927477492,
        0.18708793870974513,
        0.20831612558114515,
        0.19377337784147777,
        0.2267318030060084,
        0.27139365288524886,
        0.2689371054484189,
        0.036571037675921375,
        0.03906129080790316,
        0.040428236072505445,
        0.03706498154723953,
        0.042768364184682106,
        0.03695525330282611,
        0.042640096781378305,
        0.03981914305145349,
        0.04045726898964892,
        0.03914843279786896,
        0.18448038979478668,
        0.18941826652085172,
        0.198237723539924,
        0.21500676822921852,
        0.2246354039331495,
        0.23819051879970288,
        0.03939108661077934,
        0.03719510220016347,
        0.03945997701465209,
        0.03715125967582235,
        0.03733157073545864,
        0.03795026829467254,
        0.03902586672587925,
        0.04062664151842386,
        0.03885320981478632
      ]
    },
    {
      "tick": 350,
      "phase": [
        0.5843071786310517,
        0.5225375626043406,
        0.4607679465776294,
        0.3989983305509182,
        0.337228714524207,
        0.27545909849749584,
        0.21368948247078465,
        0.15191986644407346,
        0.09015025041736227,
        0.028380634390651086,
        0.0,
        0.0,
        0.0,
        0.0,
        0.0,
        0.0,
        0.0,
        0.5358931552587646,
        0.4741235392320534,
        0.41235392320534225,
        0.35058430717863104,
        0.2888146911519199,
        0.2270450751252087,
        0.1652754590984975,
        0.10350584307178631,
        0.041736227045075125,
        0.0,
        0.0,
        0.0,
        0.0,
        0.0,
        0.0
      ],
      "height_m": [
        0.14942809684086766,
        0.1485160970228217,
        0.1272967780755613,
        0.075746074480093,
        0.034962702061104085,
        0.029279024807775493,
        0.029461809780576973,
        0.029632817476280254,
        0.029632817476280254,
        0.02963281747628024,
        0.029632817476280257,
        0.029632817476280257,
        0.029632817476280257,
        0.02963281747628024,
        0.02963281747628026,
        0.029632817476280257,
        0.029632817476280226,
        0.14895666499785568,
        0.13544557635237325,
        0.0876109301601487,
        0.040659281396674886,
        0.029339522139644903,
        0.029497996363809075,
        0.029632817476280313,
        0.02963281747628026,
        0.029632817476280264,
        0.029632817476280257,
        0.02963281747628025,
        0.029632817476280226,
        0.029632817476280257,
        0.02963281747628025,
        0.02963281747628026
      ],
      "contacts": [
        4,
        6,
        6,
        5,
        3,
        3,
        3,
        1,
        1,
        1,
        1,
        1,
        1,
        1,
        1,
        1,
        1,
        6,
        6,
        4,
        5,
        6,
        4,
        1,
        1,
        1,
        1,
        1,
        1,
        1,
        1,
        1
      ],
      "maximum_stress_Pa": [
        67128.36895618541,
        58974.31734034004,
        61392.17860147175,
        58152.42594884659,
        67084.2517712473,
        77480.34813244695,
        75860.27114878756,
        12807.840498123767,
        13853.466471253218,
        14402.305245873666,
        13095.649461491026,
        15442.199021140004,
        13047.487031370958,
        15392.404329863992,
        14265.614553201318,
        14526.245673395902,
        13987.3207967039,
        57672.94705934103,
        59747.02339775013,
        58938.87020401762,
        65237.77139653013,
        67650.16578270313,
        64638.31284218147,
        14029.942007995929,
        13058.64386273925,
        14003.943226604366,
        13133.423821944854,
        13212.090737926423,
        13479.365430046724,
        13935.982486469555,
        14594.7627047878,
        13863.402003334948
      ],
      "residual_N": [
        3.5276777244676245e-11,
        2.7971408420452855e-11,
        3.570480421591112e-11,
        3.495662625742849e-11,
        5.665524319493545e-11,
        4.613816819065075e-11,
        6.06806325813306e-11,
        3.999989927484005e-12,
        4.337135227057412e-12,
        4.491127182401398e-12,
        3.743414494763095e-12,
        4.435695620834817e-12,
        4.3858767767434924e-12,
        4.729564344811459e-12,
        4.002638565534423e-12,
        4.303775945165207e-12,
        4.174207138110267e-12,
        3.1943035984904015e-11,
        3.0628998243136485e-11,
        3.2409143664150833e-11,
        3.009666775070892e-11,
        3.5825090453427334e-11,
        4.636545493237436e-11,
        3.686508175237998e-12,
        3.789939325085654e-12,
        3.702629417303034e-12,
        4.222264385461582e-12,
        3.663702018131145e-12,
        3.859636442483788e-12,
        4.1117939524721755e-12,
        4.12202954429724e-12,
        4.096149229402223e-12
      ],
      "rhs_N": [
        0.22784922110360253,
        0.18840037012525337,
        0.20923472385239117,
        0.19421655104017144,
        0.22729878037051968,
        0.2693266181445768,
        0.26806593272666257,
        0.03641401487128294,
        0.03882963187869747,
        0.04015259645489923,
        0.037064981547239514,
        0.04276836418468208,
        0.03695525330282755,
        0.04264009678138095,
        0.03981914305145398,
        0.040457268989650456,
        0.03914843279787197,
        0.18481339778260117,
        0.19031635010420575,
        0.19906015230767032,
        0.21536348437845235,
        0.2234543192872093,
        0.23775049145201718,
        0.0392504635318082,
        0.036980644153182196,
        0.039188195433791144,
        0.03715125967582378,
        0.03733157073546052,
        0.037950268294675626,
        0.0390258667258807,
        0.04062664151842596,
        0.03885320981478734
      ]
    },
    {
      "tick": 360,
      "phase": [
        0.6010016694490818,
        0.5392320534223707,
        0.47746243739565947,
        0.41569282136894825,
        0.3539232053422371,
        0.2921535893155259,
        0.2303839732888147,
        0.1686143572621035,
        0.10684474123539232,
        0.045075125208681135,
        0.0,
        0.0,
        0.0,
        0.0,
        0.0,
        0.0,
        0.0,
        0.5525876460767947,
        0.4908180300500835,
        0.4290484140233723,
        0.36727879799666113,
        0.3055091819699499,
        0.24373956594323873,
        0.18196994991652754,
        0.12020033388981637,
        0.05843071786310518,
        0.0,
        0.0,
        0.0,
        0.0,
        0.0,
        0.0
      ],
      "height_m": [
        0.14943332382065688,
        0.1490005660070009,
        0.13747356670533536,
        0.09037479999346186,
        0.04266115729014153,
        0.029283798559916335,
        0.029464004651213224,
        0.029632817476280243,
        0.029632817476280243,
        0.02963281747628025,
        0.02963281747628026,
        0.02963281747628026,
        0.02963281747628025,
        0.029632817476280226,
        0.02963281747628026,
        0.02963281747628025,
        0.02963281747628024,
        0.14914920272061474,
        0.1431864721498503,
        0.10224687203576018,
        0.050751460742012325,
        0.029371795042138542,
        0.029499318217719863,
        0.029281372172661285,
        0.029632817476280257,
        0.02963281747628026,
        0.02963281747628025,
        0.02963281747628024,
        0.02963281747628024,
        0.02963281747628025,
        0.02963281747628024,
        0.029632817476280257
      ],
      "contacts": [
        4,
        6,
        6,
        5,
        3,
        3,
        3,
        1,
        1,
        1,
        1,
        1,
        1,
        1,
        1,
        1,
        1,
        6,
        6,
        4,
        5,
        6,
        4,
        3,
        1,
        1,
        1,
        1,
        1,
        1,
        1,
        1
      ],
      "maximum_stress_Pa": [
        67474.79882132789,
        59428.57783560292,
        61429.97949585519,
        58026.40707836086,
        67356.11587694797,
        76319.50431846883,
        75363.55301251248,
        12747.705839542063,
        13763.353399826423,
        14292.4571183671,
        13095.649461487334,
        15442.1990211369,
        13047.487031376433,
        15392.404329862758,
        14265.614553207026,
        14526.245673399906,
        13987.32079669985,
        57714.709183958286,
        60333.64638981114,
        59120.85728503169,
        65235.621836430946,
        66939.09043182178,
        64828.415679082456,
        78837.47224140301,
        12972.201006455327,
        13894.984364646562,
        13133.423821949329,
        13212.090737929324,
        13479.36543004499,
        13935.982486472643,
        14594.762704789593,
        13863.40200333362
      ],
      "residual_N": [
        4.52867977783729e-11,
        2.8492108785998888e-11,
        4.305392033641845e-11,
        3.2912200903229e-11,
        6.737070255741926e-11,
        5.2345385736826347e-11,
        4.762028574191061e-11,
        4.551571927969402e-12,
        5.1111851218105884e-12,
        4.181193167163465e-12,
        3.777837619887764e-12,
        4.413681842369079e-12,
        4.022996341616565e-12,
        4.6980349518548285e-12,
        4.247648255887744e-12,
        4.2262848558343856e-12,
        4.058466353613516e-12,
        3.0291377043810735e-11,
        2.677348891502168e-11,
        3.3704267259435666e-11,
        3.1477121122378376e-11,
        3.786875393080165e-11,
        3.741053969216898e-11,
        3.57054286118413e-11,
        4.161017971950498e-12,
        4.7306296325635224e-12,
        3.9029786711778e-12,
        4.025884404756022e-12,
        4.191806439748003e-12,
        4.049257304742682e-12,
        4.197675444088711e-12,
        4.237651853139713e-12
      ],
      "rhs_N": [
        0.22874631067689824,
        0.1895394096619515,
        0.21016214846585235,
        0.19483388714600555,
        0.228065107820505,
        0.26774390355451017,
        0.26722655997859324,
        0.03627947908701419,
        0.03861638680464027,
        0.039884411772241266,
        0.03706498154723992,
        0.04276836418468253,
        0.03695525330282936,
        0.04264009678138432,
        0.03981914305145493,
        0.04045726898965239,
        0.03914843279786276,
        0.18527843671653313,
        0.19140286209705115,
        0.19993662640793602,
        0.21580472016816965,
        0.2172121606237049,
        0.23739174795602783,
        0.2779962607679124,
        0.03678435617547022,
        0.038928249034227175,
        0.03715125967582563,
        0.03733157073546287,
        0.03795026829466666,
        0.03902586672588265,
        0.04062664151842853,
        0.038853209814788826
      ]
    },
    {
      "tick": 370,
      "phase": [
        0.6176961602671118,
        0.5559265442404007,
        0.4941569282136895,
        0.4323873121869783,
        0.37061769616026713,
        0.3088480801335559,
        0.24707846410684475,
        0.18530884808013356,
        0.12353923205342238,
        0.06176961602671119,
        0.0,
        0.0,
        0.0,
        0.0,
        0.0,
        0.0,
        0.0,
        0.5692821368948248,
        0.5075125208681135,
        0.44574290484140233,
        0.38397328881469117,
        0.32220367278797996,
        0.2604340567612688,
        0.1986644407345576,
        0.13689482470784642,
        0.07512520868113523,
        0.01335559265442404,
        0.0,
        0.0,
        0.0,
        0.0,
        0.0
      ],
      "height_m": [
        0.14943221671366988,
        0.14915337206631876,
        0.144526845275282,
        0.10492914117301852,
        0.05328228207954082,
        0.029399991747056976,
        0.029466010218791878,
        0.02945924690507878,
        0.02963281747628023,
        0.029632817476280257,
        0.02963281747628026,
        0.02963281747628026,
        0.02963281747628024,
        0.02963281747628024,
        0.029632817476280257,
        0.02963281747628024,
        0.02963281747628025,
        0.14920931660730483,
        0.14723913351920148,
        0.11613085871356142,
        0.06318671554389088,
        0.030775687396546642,
        0.029500622346386028,
        0.029297837688986316,
        0.02963281747628025,
        0.029632817476280254,
        0.02963281747628024,
        0.029632817476280226,
        0.02963281747628025,
        0.02963281747628024,
        0.029632817476280226,
        0.02963281747628025
      ],
      "contacts": [
        4,
        6,
        6,
        5,
        3,
        3,
        3,
        3,
        1,
        1,
        1,
        1,
        1,
        1,
        1,
        1,
        1,
        6,
        6,
        4,
        5,
        5,
        4,
        6,
        1,
        1,
        1,
        1,
        1,
        1,
        1,
        1
      ],
      "maximum_stress_Pa": [
        67728.60511713225,
        59795.57366911961,
        61457.712491302205,
        58065.88503527703,
        67673.80315000933,
        74039.76628189608,
        74975.02864229889,
        72291.57157541529,
        13681.159656206031,
        14186.384986954741,
        13095.649461495046,
        15442.199021142465,
        13047.487031377734,
        15392.404329855979,
        14265.614553206893,
        14526.245673400472,
        13987.320796696855,
        57787.536202436495,
        60970.71251902528,
        59263.88027037987,
        65240.87502114194,
        60671.068647136904,
        65052.55742357277,
        76024.90841830708,
        12894.178104278668,
        13791.541682368574,
        13035.31411705535,
        13212.090737926244,
        13479.36543004185,
        13935.982486475605,
        14594.762704786488,
        13863.402003339575
      ],
      "residual_N": [
        4.716036522962166e-11,
        2.8703769063141698e-11,
        3.5184554629119686e-11,
        3.05989887442689e-11,
        5.1593749423275666e-11,
        4.795351684836076e-11,
        4.3284035510718624e-11,
        4.413262288448106e-11,
        4.748207885004963e-12,
        4.06814045267949e-12,
        3.913544867749173e-12,
        4.157008504073624e-12,
        3.9874314909229264e-12,
        4.5298967151405165e-12,
        4.415183091590262e-12,
        3.9956919561022215e-12,
        4.206203206615047e-12,
        3.241533977283195e-11,
        2.7947456163660918e-11,
        3.319073354418704e-11,
        3.158249877597787e-11,
        3.500391439778418e-11,
        5.247221657952778e-11,
        3.800359024746782e-11,
        4.063424772263508e-12,
        4.3629084867914075e-12,
        4.091455721426389e-12,
        4.080513515687778e-12,
        3.762149407125309e-12,
        4.085766553313954e-12,
        4.169217063746376e-12,
        4.047836798204914e-12
      ],
      "rhs_N": [
        0.22958099303845417,
        0.19053796132790832,
        0.21107940837730219,
        0.1956301021572765,
        0.2289885068042939,
        0.2502541012873826,
        0.2666440649164503,
        0.2546727073484336,
        0.03842271026665025,
        0.039627102893058624,
        0.037064981547240895,
        0.04276836418468359,
        0.0369552533028317,
        0.04264009678137432,
        0.039819143051456396,
        0.0404572689896551,
        0.039148432797861565,
        0.18580515023583943,
        0.19266550629150642,
        0.20086487055612398,
        0.21634534821247042,
        0.1972989031943489,
        0.23721716474592003,
        0.25883377607725333,
        0.03660807455578289,
        0.038682982375832314,
        0.03692756916011037,
        0.037331570735465766,
        0.037950268294665496,
        0.03902586672588512,
        0.04062664151843169,
        0.03885320981479066
      ]
    },
    {
      "tick": 380,
      "phase": [
        0.6343906510851419,
        0.5726210350584308,
        0.5108514190317196,
        0.4490818030050084,
        0.38731218697829717,
        0.325542570951586,
        0.2637729549248748,
        0.2020033388981636,
        0.14023372287145242,
        0.07846410684474124,
        0.01669449081803005,
        0.0,
        0.0,
        0.0,
        0.0,
        0.0,
        0.0,
        0.5859766277128547,
        0.5242070116861436,
        0.4624373956594324,
        0.4006677796327212,
        0.33889816360601005,
        0.27712854757929883,
        0.21535893155258765,
        0.15358931552587646,
        0.09181969949916528,
        0.03005008347245409,
        0.0,
        0.0,
        0.0,
        0.0,
        0.0
      ],
      "height_m": [
        0.14942897543082398,
        0.1492009375178557,
        0.1478674997742076,
        0.11856463485708393,
        0.06608919403106808,
        0.031364849433743444,
        0.029467939109836777,
        0.02946312757882556,
        0.029632817476280243,
        0.02963281747628026,
        0.029632817476280257,
        0.029632817476280257,
        0.029632817476280226,
        0.02963281747628025,
        0.02963281747628025,
        0.029632817476280226,
        0.029632817476280257,
        0.1492274114984131,
        0.14860281503162898,
        0.12842964433295725,
        0.07715559267916304,
        0.035408452750714296,
        0.029501911317800236,
        0.029302850522854893,
        0.02963281747628024,
        0.029632817476280243,
        0.029632817476280226,
        0.02963281747628024,
        0.029632817476280257,
        0.029632817476280226,
        0.02963281747628024,
        0.02963281747628024
      ],
      "contacts": [
        4,
        6,
        6,
        5,
        3,
        2,
        3,
        3,
        1,
        1,
        1,
        1,
        1,
        1,
        1,
        1,
        1,
        6,
        6,
        4,
        5,
        5,
        4,
        6,
        1,
        1,
        1,
        1,
        1,
        1,
        1,
        1
      ],
      "maximum_stress_Pa": [
        68012.4882800067,
        60105.190852097716,
        61501.47654192051,
        58347.167411447204,
        68038.47929743875,
        67463.2601705007,
        74679.65671321227,
        69754.18646442701,
        13607.508969044313,
        14085.37640144488,
        12972.732099533405,
        15442.199021142878,
        13047.487031372875,
        15392.404329852818,
        14265.61455321268,
        14526.24567339918,
        13987.32079669955,
        57873.411473523396,
        61517.47472879106,
        59377.56637363777,
        65329.38534226366,
        60146.72687862645,
        65300.19441510771,
        75125.75390498967,
        12825.368396091779,
        13694.541051506014,
        12914.258628081088,
        13212.090737920253,
        13479.365430042115,
        13935.98248647288,
        14594.762704781919,
        13863.40200334203
      ],
      "residual_N": [
        3.310884850528214e-11,
        2.8372358876943403e-11,
        3.2456325702415185e-11,
        2.951488675896856e-11,
        4.361915742745308e-11,
        5.1890340370237884e-11,
        4.230850107979454e-11,
        4.4483608629582234e-11,
        4.0581334927638565e-12,
        3.851592962060279e-12,
        4.093933091283617e-12,
        4.713451914466857e-12,
        3.823891521870931e-12,
        4.3381459884286445e-12,
        4.0807221323912526e-12,
        4.272132295516284e-12,
        3.964770735649983e-12,
        2.9313776953244375e-11,
        3.57767395054501e-11,
        3.3014284016981994e-11,
        3.219669010600129e-11,
        3.1963497321855305e-11,
        4.3223569686570784e-11,
        4.3347090312444107e-11,
        4.038963658367273e-12,
        4.467885938258615e-12,
        3.958577580313295e-12,
        4.26478208171242e-12,
        3.802786762386266e-12,
        4.0339708919038116e-12,
        4.2869417014164265e-12,
        4.0984747618175206e-12
      ],
      "rhs_N": [
        0.23033610753284667,
        0.19143364610205973,
        0.21203522766308447,
        0.19658724350031814,
        0.2300611452835233,
        0.2366599001574366,
        0.2663109838081911,
        0.24862876965644587,
        0.03824977264201695,
        0.03938354071143718,
        0.03678555904408027,
        0.04276836418468519,
        0.03695525330283466,
        0.04264009678137304,
        0.0398191430514584,
        0.04045726898965814,
        0.03914843279786154,
        0.18634937673495397,
        0.1939117266315716,
        0.20184547982958928,
        0.21702771189913558,
        0.19729662411385954,
        0.2372257519063696,
        0.25337559227009065,
        0.03645332612463668,
        0.038454192702355255,
        0.03665336140407462,
        0.03733157073545702,
        0.03795026829466545,
        0.03902586672588811,
        0.04062664151842215,
        0.03885320981479315
      ]
    },
    {
      "tick": 390,
      "phase": [
        0.651085141903172,
        0.5893155258764607,
        0.5275459098497496,
        0.4657762938230384,
        0.4040066777963272,
        0.34223706176961605,
        0.28046744574290483,
        0.21869782971619367,
        0.15692821368948248,
        0.0951585976627713,
        0.0333889816360601,
        0.0,
        0.0,
        0.0,
        0.0,
        0.0,
        0.0,
        0.6026711185308848,
        0.5409015025041737,
        0.47913188647746247,
        0.41736227045075125,
        0.3555926544240401,
        0.2938230383973289,
        0.2320534223706177,
        0.17028380634390652,
        0.10851419031719532,
        0.04674457429048414,
        0.0,
        0.0,
        0.0,
        0.0,
        0.0
      ],
      "height_m": [
        0.14942583666552464,
        0.14921511548009653,
        0.14895096368998076,
        0.13045111547517202,
        0.08026249608948073,
        0.03669373883482582,
        0.029469824738253794,
        0.02946565228174666,
        0.029632817476280254,
        0.02963281747628026,
        0.02963281747628025,
        0.02963281747628025,
        0.02963281747628024,
        0.029632817476280257,
        0.02963281747628024,
        0.02963281747628024,
        0.02963281747628026,
        0.14923214950358232,
        0.14903445378058353,
        0.13832713379783088,
        0.09181481458560796,
        0.0434278148976464,
        0.02950318492029288,
        0.029306393063926472,
        0.029632817476280226,
        0.02963281747628023,
        0.02963281747628024,
        0.02963281747628025,
        0.02963281747628026,
        0.02963281747628024,
        0.02963281747628025,
        0.029632817476280226
      ],
      "contacts": [
        4,
        6,
        6,
        5,
        3,
        2,
        3,
        3,
        1,
        1,
        1,
        1,
        1,
        1,
        1,
        1,
        1,
        6,
        6,
        4,
        5,
        5,
        4,
        6,
        1,
        1,
        1,
        1,
        1,
        1,
        1,
        1
      ],
      "maximum_stress_Pa": [
        68287.43350222702,
        60374.824348681104,
        61610.33076914234,
        58772.30997730391,
        68447.85798311153,
        67669.45144152021,
        74469.65142432586,
        69400.49885628275,
        13543.102865129542,
        13990.598526703849,
        12851.806969595882,
        15442.19902114755,
        13047.487031368588,
        15392.404329853576,
        14265.614553213842,
        14526.24567339413,
        13987.320796694989,
        57966.59974183587,
        61927.07782105926,
        59478.93871706657,
        65537.09217417701,
        59810.356023222,
        65573.62085555615,
        73900.10525665582,
        12766.383043477168,
        13604.66745747119,
        12796.246166577157,
        13212.090737918295,
        13479.365430039821,
        13935.982486468647,
        14594.762704779827,
        13863.402003339552
      ],
      "residual_N": [
        3.264582794394168e-11,
        3.0813626118848814e-11,
        3.481862410731884e-11,
        2.7262537622123303e-11,
        3.951534399308169e-11,
        4.20036481512731e-11,
        4.8146150964633755e-11,
        4.399368235034985e-11,
        3.992614679094577e-12,
        4.251591942089303e-12,
        3.741128464264594e-12,
        4.481744817860148e-12,
        4.119669454824073e-12,
        4.2030051520111446e-12,
        4.203986179840138e-12,
        4.422794113170932e-12,
        3.9203558782003195e-12,
        3.226811655047267e-11,
        2.714905551167148e-11,
        3.5922412946778205e-11,
        3.2673863944028064e-11,
        2.929226892555758e-11,
        4.40213460939819e-11,
        4.910080560616587e-11,
        3.992470056430737e-12,
        4.449185842001128e-12,
        4.1167921549415704e-12,
        3.761642539652646e-12,
        3.918814484214315e-12,
        4.073378287260577e-12,
        3.948873166950937e-12,
        4.150507624918082e-12
      ],
      "rhs_N": [
        0.23101131430522914,
        0.19224791526940863,
        0.2130030466152565,
        0.19760471383931585,
        0.2312652018523818,
        0.23727354590154426,
        0.2662105355651363,
        0.2480138999998312,
        0.038099017468825595,
        0.03915627046744502,
        0.03651270473270043,
        0.04276836418468739,
        0.03695525330282593,
        0.04264009678137298,
        0.03981914305146099,
        0.0404572689896487,
        0.03914843279786197,
        0.1868825885436951,
        0.19495136887430725,
        0.20287904910174337,
        0.21783108434139964,
        0.1973967724265322,
        0.23740971814609654,
        0.24981795013742916,
        0.036321209110521994,
        0.038243112138502074,
        0.036388035339707685,
        0.03733157073545589,
        0.03795026829466587,
        0.039025866725879016,
        0.040626641518420915,
        0.03885320981479624
      ]
    },
    {
      "tick": 400,
      "phase": [
        0.667779632721202,
        0.6060100166944908,
        0.5442404006677797,
        0.48247078464106846,
        0.4207011686143573,
        0.3589315525876461,
        0.2971619365609349,
        0.2353923205342237,
        0.17362270450751252,
        0.11185308848080133,
        0.05008347245409015,
        0.0,
        0.0,
        0.0,
        0.0,
        0.0,
        0.0,
        0.6193656093489148,
        0.5575959933222037,
        0.4958263772954925,
        0.4340567612687813,
        0.3722871452420701,
        0.31051752921535897,
        0.24874791318864775,
        0.18697829716193656,
        0.12520868113522537,
        0.06343906510851419,
        0.001669449081803005,
        0.0,
        0.0,
        0.0,
        0.0
      ],
      "height_m": [
        0.1494227816841182,
        0.14921851869674216,
        0.1492935994178237,
        0.1397752247306851,
        0.09495602248795311,
        0.045335949918911114,
        0.029471677303672127,
        0.029467747205538384,
        0.02963281747628026,
        0.029632817476280257,
        0.02963281747628024,
        0.02963281747628024,
        0.02963281747628025,
        0.02963281747628026,
        0.029632817476280226,
        0.02963281747628025,
        0.02963281747628026,
        0.14923089824912641,
        0.14917044058740203,
        0.14502161250914025,
        0.10631409939008427,
        0.05430377925737082,
        0.02968659751208926,
        0.02930942778635724,
        0.02929000962903686,
        0.029632817476280243,
        0.02963281747628025,
        0.029632817476280257,
        0.02963281747628026,
        0.02963281747628025,
        0.029632817476280257,
        0.02963281747628024
      ],
      "contacts": [
        4,
        6,
        6,
        5,
        3,
        2,
        3,
        3,
        1,
        1,
        1,
        1,
        1,
        1,
        1,
        1,
        1,
        6,
        6,
        4,
        4,
        5,
        4,
        6,
        6,
        1,
        1,
        1,
        1,
        1,
        1,
        1
      ],
      "maximum_stress_Pa": [
        68533.73908284007,
        60600.3396153532,
        61740.70103064457,
        59300.46995195257,
        68897.55562684045,
        67962.45758745144,
        74339.9267096142,
        69053.00124121424,
        13488.509513064502,
        13903.099930928773,
        12734.123397111662,
        15442.199021149838,
        13047.487031366858,
        15392.40432985182,
        14265.614553212166,
        14526.245673391042,
        13987.320796700144,
        58095.63165491434,
        62244.51503328674,
        59591.29011103799,
        65866.72784659924,
        59474.784694442395,
        68377.41379159354,
        72751.33568398004,
        78366.78614593405,
        13522.824325030484,
        12682.341361963143,
        13199.873320211813,
        13479.36543004574,
        13935.982486463996,
        14594.762704779221,
        13863.402003334288
      ],
      "residual_N": [
        3.951079291361983e-11,
        3.8226971439213876e-11,
        3.7027767395938735e-11,
        3.478496093966778e-11,
        4.927762925295128e-11,
        4.294541612510866e-11,
        4.2549290407758394e-11,
        3.755202997316348e-11,
        3.8876647231729785e-12,
        4.255267713116167e-12,
        3.879962847712995e-12,
        4.671885484640073e-12,
        3.805487979137298e-12,
        4.05585186173183e-12,
        4.034773200546925e-12,
        4.12123983350237e-12,
        3.862537736033677e-12,
        3.146388145732013e-11,
        3.81297406014729e-11,
        3.332884332449175e-11,
        3.5231578245193075e-11,
        3.259387449499902e-11,
        4.050892930811757e-11,
        3.5211488610534035e-11,
        3.8983086999624585e-11,
        4.190175161233477e-12,
        3.5688246479245966e-12,
        3.965571346300696e-12,
        4.0486110682023e-12,
        4.165691890450318e-12,
        4.170797117830856e-12,
        4.125592815284628e-12
      ],
      "rhs_N": [
        0.23159576065300252,
        0.1929865938477901,
        0.2139406826138139,
        0.19875465754363952,
        0.23257659667075845,
        0.23822117721871863,
        0.26632996790402697,
        0.24741927905813454,
        0.03797158147251669,
        0.03894755390862345,
        0.03624916363536158,
        0.042768364184690065,
        0.03695525330282486,
        0.04264009678137352,
        0.03981914305146405,
        0.04045726898964751,
        0.03914843279786298,
        0.18738074994001327,
        0.1958310806956561,
        0.20396035506323718,
        0.2187317811605139,
        0.1976117868364772,
        0.23182895575347384,
        0.24700818612168737,
        0.27244566306961704,
        0.0380516440453701,
        0.036133838044998756,
        0.03730350946246585,
        0.03795026829466687,
        0.03902586672587786,
        0.04062664151842093,
        0.03885320981478717
      ]
    },
    {
      "tick": 410,
      "phase": [
        0.6844741235392321,
        0.6227045075125209,
        0.5609348914858097,
        0.4991652754590985,
        0.43739565943238734,
        0.3756260434056761,
        0.31385642737896496,
        0.25208681135225375,
        0.1903171953255426,
        0.1285475792988314,
        0.0667779632721202,
        0.005008347245409015,
        0.0,
        0.0,
        0.0,
        0.0,
        0.0,
        0.6360601001669449,
        0.5742904841402338,
        0.5125208681135226,
        0.4507512520868114,
        0.38898163606010017,
        0.327212020033389,
        0.2654424040066778,
        0.20367278797996663,
        0.14190317195325544,
        0.08013355592654424,
        0.018363939899833055,
        0.0,
        0.0,
        0.0,
        0.0
      ],
      "height_m": [
        0.14941964624715767,
        0.14921661699628916,
        0.14940133605705644,
        0.14573636165779227,
        0.10932000713904218,
        0.056695525111894365,
        0.029867178612684557,
        0.029469693336009628,
        0.029461206981845445,
        0.02963281747628025,
        0.029632817476280226,
        0.029632817476280226,
        0.029632817476280257,
        0.02963281747628026,
        0.02963281747628024,
        0.029632817476280257,
        0.029632817476280257,
        0.1492279894355377,
        0.14921263798845724,
        0.14803036035434938,
        0.11981021887855489,
        0.06728627637990753,
        0.031962475731118344,
        0.029312291775706937,
        0.029297934239635795,
        0.029632817476280254,
        0.029632817476280257,
        0.02963281747628026,
        0.029632817476280257,
        0.029632817476280257,
        0.02963281747628026,
        0.02963281747628025
      ],
      "contacts": [
        4,
        6,
        6,
        5,
        3,
        2,
        3,
        3,
        3,
        1,
        1,
        1,
        1,
        1,
        1,
        1,
        1,
        6,
        6,
        4,
        4,
        5,
        3,
        6,
        6,
        1,
        1,
        1,
        1,
        1,
        1,
        1
      ],
      "maximum_stress_Pa": [
        68742.89642432223,
        60777.805924739965,
        61870.22931159751,
        59904.96037610677,
        69382.33836054325,
        68305.15242731973,
        74238.20739313455,
        68773.29888361481,
        74450.17006884514,
        13823.769468956976,
        12620.717802745168,
        15412.159369067163,
        13047.487031367455,
        15392.40432985781,
        14265.614553207215,
        14526.245673391928,
        13987.320796702728,
        58190.767636931996,
        62502.62664779938,
        59741.552479187354,
        66077.44691999629,
        59166.39853444061,
        68117.56956075263,
        71762.99936438276,
        72044.26013634332,
        13449.793371618218,
        12573.628131889132,
        13078.40027371151,
        13479.365430046071,
        13935.982486465346,
        14594.76270477685,
        13863.402003330986
      ],
      "residual_N": [
        3.80698980735074e-11,
        2.6597106813078557e-11,
        3.567393353080863e-11,
        3.198487507416926e-11,
        3.773694183548043e-11,
        4.7284741007122775e-11,
        4.7673231650901166e-11,
        4.5618564405639587e-11,
        3.78342862636377e-11,
        3.8471251968707625e-12,
        3.820175673717875e-12,
        4.470673757495106e-12,
        3.956253064561882e-12,
        4.601729278561099e-12,
        4.189319380984587e-12,
        4.1192713861571895e-12,
        4.404228622617186e-12,
        3.5667736386470657e-11,
        4.046978885312663e-11,
        3.175676009217094e-11,
        3.2715023770860464e-11,
        3.501135280321108e-11,
        3.673877465775049e-11,
        3.496479498186309e-11,
        3.3237831282265414e-11,
        3.7907775673919945e-12,
        3.79677993322513e-12,
        4.073554325375118e-12,
        4.142087886222372e-12,
        4.086969890006899e-12,
        4.140565467226684e-12,
        3.900539167838095e-12
      ],
      "rhs_N": [
        0.23208020232052157,
        0.19365708079102525,
        0.21484682037889338,
        0.20001061709163068,
        0.2339690668559451,
        0.23931974863709726,
        0.25837810165393826,
        0.24702923371895383,
        0.2609447570254673,
        0.03875924034281254,
        0.035997130113913714,
        0.042690943178169634,
        0.03695525330282481,
        0.04264009678137453,
        0.03981914305145479,
        0.04045726898964743,
        0.03914843279786438,
        0.18786946028872833,
        0.19659734395314066,
        0.20515055578393018,
        0.21936118255978077,
        0.1979613319714669,
        0.2332059021599665,
        0.24481674948955628,
        0.24304978658334825,
        0.03788140371869967,
        0.03589306102117487,
        0.037025647054740415,
        0.03795026829466831,
        0.039025866725877795,
        0.04062664151842134,
        0.03885320981478599
      ]
    },
    {
      "tick": 420,
      "phase": [
        0.7011686143572621,
        0.6393989983305509,
        0.5776293823038398,
        0.5158597662771286,
        0.4540901502504174,
        0.39232053422370616,
        0.330550918196995,
        0.2687813021702838,
        0.20701168614357263,
        0.14524207011686144,
        0.08347245409015025,
        0.021702838063439065,
        0.0,
        0.0,
        0.0,
        0.0,
        0.0,
        0.652754590984975,
        0.5909849749582637,
        0.5292153589315526,
        0.4674457429048414,
        0.4056761268781302,
        0.34390651085141904,
        0.28213689482470783,
        0.22036727879799667,
        0.15859766277128548,
        0.09682804674457429,
        0.035058430717863104,
        0.0,
        0.0,
        0.0,
        0.0
      ],
      "height_m": [
        0.14941549970853807,
        0.14921372539475225,
        0.14943459030450248,
        0.14815198280575817,
        0.12251370816569646,
        0.07000052113654344,
        0.03278645701686373,
        0.02947157439028271,
        0.02946428910921938,
        0.02963281747628024,
        0.02963281747628024,
        0.02963281747628024,
        0.02963281747628026,
        0.029632817476280257,
        0.02963281747628025,
        0.02963281747628026,
        0.02963281747628025,
        0.14922526791243743,
        0.14922508953077412,
        0.14899616113930134,
        0.13147478820623826,
        0.08155154657449151,
        0.037641134593115695,
        0.02931509342741059,
        0.029302462245293905,
        0.02963281747628026,
        0.02963281747628026,
        0.02963281747628026,
        0.02963281747628025,
        0.02963281747628026,
        0.02963281747628026,
        0.029632817476280257
      ],
      "contacts": [
        4,
        6,
        6,
        5,
        3,
        2,
        2,
        3,
        3,
        1,
        1,
        1,
        1,
        1,
        1,
        1,
        1,
        6,
        6,
        4,
        4,
        5,
        3,
        6,
        6,
        1,
        1,
        1,
        1,
        1,
        1,
        1
      ],
      "maximum_stress_Pa": [
        50459.690727703535,
        60951.894172525506,
        61993.43821954004,
        60439.11467506515,
        69896.31922951597,
        68696.4412193768,
        74454.49487260355,
        68571.08664957309,
        73555.5746561231,
        13753.303246682857,
        12512.80162985318,
        15312.558603003163,
        13047.487031364111,
        15392.404329857824,
        14265.614553202877,
        14526.245673389352,
        13987.320796706075,
        58258.94563047685,
        62720.84936830187,
        59947.88298526168,
        66310.00028247523,
        58945.739430269095,
        68364.63476135377,
        70926.20713089334,
        70708.56462916748,
        13386.21358711056,
        12471.368711397705,
        12958.91634635583,
        13479.36543005083,
        13935.982486461813,
        14594.762704783256,
        13863.40200333151
      ],
      "residual_N": [
        2.263718127542003e-11,
        3.741019655393694e-11,
        3.27638217861837e-11,
        3.6399248554291096e-11,
        4.6875416822432784e-11,
        4.426594966470437e-11,
        3.745675886391379e-11,
        4.515540180852708e-11,
        5.66976067541615e-11,
        4.225458882602248e-12,
        4.366288904287545e-12,
        4.2925149326019965e-12,
        3.783063480934872e-12,
        4.706840714213203e-12,
        4.104335852607008e-12,
        4.085944337004485e-12,
        4.108062718244373e-12,
        3.371320124514451e-11,
        3.5313743681154775e-11,
        4.154181038354914e-11,
        3.439675608049581e-11,
        3.427303679809511e-11,
        4.6161378438664586e-11,
        3.552143676329646e-11,
        3.5374209542374595e-11,
        3.949553582554923e-12,
        3.860563876220134e-12,
        3.793492060653521e-12,
        3.798966265143949e-12,
        4.113817579362996e-12,
        3.997966455676379e-12,
        4.080799442736152e-12
      ],
      "rhs_N": [
        0.16737286003223467,
        0.19423783054581004,
        0.21571470852488497,
        0.20136310988878428,
        0.235418145885631,
        0.2405529806854292,
        0.25910998573194205,
        0.2468538278944201,
        0.25993085413405986,
        0.03859266651901318,
        0.0357591451912045,
        0.04243513994918474,
        0.03695525330282519,
        0.04264009678137616,
        0.03981914305145355,
        0.04045726898964792,
        0.039148432797866436,
        0.1883026382292575,
        0.19727903059443105,
        0.2063429580431264,
        0.22003699968502982,
        0.19847558930444228,
        0.23390502950205525,
        0.24312516649630544,
        0.2385763211005131,
        0.037733670081705944,
        0.03566825891525723,
        0.03675428073987461,
        0.037950268294670186,
        0.03902586672587822,
        0.04062664151842242,
        0.0388532098147859
      ]
    },
    {
      "tick": 430,
      "phase": [
        0.7178631051752922,
        0.656093489148581,
        0.5943238731218699,
        0.5325542570951586,
        0.4707846410684474,
        0.40901502504173626,
        0.34724540901502504,
        0.2854757929883139,
        0.22370617696160267,
        0.16193656093489148,
        0.1001669449081803,
        0.038397328881469114,
        0.0,
        0.0,
        0.0,
        0.0,
        0.0,
        0.669449081803005,
        0.6076794657762938,
        0.5459098497495827,
        0.48414023372287146,
        0.4223706176961603,
        0.3606010016694491,
        0.2988313856427379,
        0.2370617696160267,
        0.17529215358931552,
        0.11352253756260434,
        0.05175292153589316,
        0.0,
        0.0,
        0.0,
        0.0
      ],
      "height_m": [
        0.14916292454746286,
        0.14921099110037672,
        0.1494442356105172,
        0.14891911517352197,
        0.13371224810399177,
        0.08441980914963722,
        0.03915329267462656,
        0.029473415493364807,
        0.029466556809818103,
        0.029632817476280226,
        0.02963281747628025,
        0.02963281747628025,
        0.02963281747628026,
        0.02963281747628025,
        0.029632817476280257,
        0.02963281747628026,
        0.02963281747628024,
        0.14922264789836512,
        0.14922778422060481,
        0.14930150597136163,
        0.14049639895470123,
        0.09625233352360621,
        0.04658637828860037,
        0.029317864000842575,
        0.029305818741049046,
        0.029632817476280264,
        0.02963281747628026,
        0.029632817476280257,
        0.02963281747628024,
        0.02963281747628026,
        0.029632817476280257,
        0.02963281747628026
      ],
      "contacts": [
        2,
        6,
        6,
        5,
        3,
        2,
        2,
        3,
        3,
        1,
        1,
        1,
        1,
        1,
        1,
        1,
        1,
        6,
        6,
        4,
        4,
        5,
        3,
        6,
        6,
        1,
        1,
        1,
        1,
        1,
        1,
        1
      ],
      "maximum_stress_Pa": [
        11584.604331994748,
        61115.52518676136,
        62108.34639499985,
        60844.50165231264,
        70431.53287683213,
        69133.9155231151,
        74703.21441875146,
        68446.15289182327,
        73106.51287036567,
        13692.17848517958,
        12411.677765878483,
        15214.776491740393,
        13047.487031372062,
        15392.404329862942,
        14265.614553203857,
        14526.245673394538,
        13987.320796709622,
        58306.803971236055,
        62892.08338512257,
        60155.481182831005,
        66559.73231328581,
        58862.85880206838,
        68655.90362532665,
        70224.80587124932,
        69477.02265993407,
        13332.587116553888,
        12376.756506640188,
        12842.812377331931,
        13479.365430052012,
        13935.982486469324,
        14594.762704784061,
        13863.402003328523
      ],
      "residual_N": [
        6.681110364197825e-12,
        3.214544018485673e-11,
        3.5017005196767186e-11,
        3.741484302613531e-11,
        4.110087754724958e-11,
        4.188384183713154e-11,
        4.393513942672949e-11,
        4.554547975253705e-11,
        4.6260371624943145e-11,
        3.810091611636606e-12,
        3.8751005620971144e-12,
        4.048735424618428e-12,
        3.784755340578841e-12,
        4.23019791816853e-12,
        3.994451827245855e-12,
        4.194912180420169e-12,
        4.290621436470645e-12,
        3.0854810932144255e-11,
        3.253816020845246e-11,
        3.523344065284776e-11,
        3.341714208197822e-11,
        3.819273252488744e-11,
        4.95054408262335e-11,
        3.8078754344420226e-11,
        3.693942838071134e-11,
        3.71951822919335e-12,
        4.13609461762297e-12,
        4.223844557073157e-12,
        3.966296846513262e-12,
        3.9469027958140344e-12,
        4.28430806259765e-12,
        4.005722202146005e-12
      ],
      "rhs_N": [
        0.045347906704500514,
        0.1947495191472493,
        0.2165344735358984,
        0.20260125248788433,
        0.23690022121355303,
        0.24191260889313046,
        0.2599896299216436,
        0.2468867605030725,
        0.2591437367279275,
        0.038448632909759986,
        0.03553779942772312,
        0.04218535985228564,
        0.03695525330282618,
        0.04264009678137828,
        0.03981914305145352,
        0.04045726898964897,
        0.0391484327978689,
        0.18866577708840115,
        0.19789300110056748,
        0.20749505620566205,
        0.2207667856105057,
        0.19918402436909513,
        0.23477821457614476,
        0.24184298625789824,
        0.23553176976619225,
        0.037609414156820294,
        0.03546173963880564,
        0.03649249250218229,
        0.037950268294672594,
        0.03902586672587927,
        0.040626641518423885,
        0.03885320981478635
      ]
    },
    {
      "tick": 440,
      "phase": [
        0.7345575959933223,
        0.672787979966611,
        0.6110183639398998,
        0.5492487479131887,
        0.48747913188647746,
        0.4257095158597663,
        0.3639398998330551,
        0.3021702838063439,
        0.24040066777963273,
        0.17863105175292154,
        0.11686143572621036,
        0.05509181969949917,
        0.0,
        0.0,
        0.0,
        0.0,
        0.0,
        0.6861435726210351,
        0.6243739565943239,
        0.5626043405676127,
        0.5008347245409015,
        0.43906510851419034,
        0.3772954924874791,
        0.31552587646076796,
        0.25375626043405675,
        0.19198664440734559,
        0.1302170283806344,
        0.06844741235392321,
        0.00667779632721202,
        0.0,
        0.0,
        0.0
      ],
      "height_m": [
        0.14776411682064428,
        0.1492082559067872,
        0.14944572572998957,
        0.1491613970998584,
        0.14210735009434788,
        0.09910440988550231,
        0.048685387388373975,
        0.02947788312724974,
        0.029468568485040033,
        0.02944887508453226,
        0.029632817476280257,
        0.029632817476280257,
        0.029632817476280257,
        0.02963281747628024,
        0.02963281747628026,
        0.029632817476280257,
        0.029632817476280226,
        0.1492199693249717,
        0.14922545687440178,
        0.14939723210810907,
        0.14607605730525006,
        0.11053929240310055,
        0.058176112766286564,
        0.029859268562449696,
        0.029308792492227283,
        0.02930527142792061,
        0.029632817476280257,
        0.02963281747628025,
        0.029632817476280226,
        0.029632817476280257,
        0.02963281747628025,
        0.02963281747628026
      ],
      "contacts": [
        1,
        6,
        6,
        5,
        3,
        2,
        2,
        3,
        3,
        2,
        1,
        1,
        1,
        1,
        1,
        1,
        1,
        6,
        6,
        4,
        4,
        5,
        3,
        6,
        6,
        6,
        1,
        1,
        1,
        1,
        1,
        1
      ],
      "maximum_stress_Pa": [
        6846.546224173518,
        61263.81755684889,
        62242.05997899082,
        61148.94418813886,
        70979.81801218883,
        69612.60280642517,
        74995.79868303996,
        68386.12466933926,
        72713.08001213877,
        49788.86872221316,
        12318.457344967363,
        15119.900488975694,
        13047.487031370512,
        15392.404329864437,
        14265.614553201109,
        14526.245673395902,
        13987.320796704838,
        58338.719573576025,
        63024.53732759368,
        60354.71924671972,
        66807.4991077296,
        59040.47756452399,
        68994.40552418199,
        65176.11927827498,
        68477.29230038567,
        77605.57513775039,
        12290.757161265205,
        12731.245238493688,
        13430.895305966995,
        13935.982486466788,
        14594.762704788336,
        13863.402003335468
      ],
      "residual_N": [
        2.1966476471502616e-12,
        2.6313053600294766e-11,
        2.9816198543142e-11,
        3.370560536510229e-11,
        4.762688711853985e-11,
        5.05102523899555e-11,
        4.6411955624431525e-11,
        4.193087058015388e-11,
        4.750341011596609e-11,
        2.0026284822834697e-11,
        3.8891601326280476e-12,
        4.436911607806609e-12,
        4.308383230614988e-12,
        4.622955984641615e-12,
        4.0751666652332e-12,
        4.303791863186307e-12,
        4.064883059266388e-12,
        3.504623591085234e-11,
        3.2376321302946994e-11,
        4.179952060117906e-11,
        3.0434048202866054e-11,
        3.382575658707887e-11,
        4.5309530840805864e-11,
        3.431323840106e-11,
        3.23882130392118e-11,
        3.727565340412036e-11,
        3.683156561180733e-12,
        4.056297357991683e-12,
        3.9188130078483705e-12,
        4.337879942589864e-12,
        4.07224966428334e-12,
        3.933712830469269e-12
      ],
      "rhs_N": [
        0.019754321505007076,
        0.19519422549830082,
        0.21730234599937484,
        0.2037204143113934,
        0.23839709805507364,
        0.24339059425244633,
        0.261009259720459,
        0.24673833016169447,
        0.2585087275485096,
        0.17822015963834062,
        0.03533520823839211,
        0.04194419594517586,
        0.03695525330282747,
        0.04264009678138097,
        0.039819143051453926,
        0.04045726898965042,
        0.0391484327978719,
        0.18895780172558277,
        0.19843770019546894,
        0.20861702422216535,
        0.22154682886840568,
        0.2001043270259932,
        0.2358211924871292,
        0.2098293750437807,
        0.23327815371171146,
        0.2538657546872949,
        0.035275285324906314,
        0.03624274311278902,
        0.037837445837989474,
        0.0390258667258807,
        0.040626641518425884,
        0.038853209814787334
      ]
    },
    {
      "tick": 450,
      "phase": [
        0.7512520868113522,
        0.6894824707846411,
        0.6277128547579299,
        0.5659432387312188,
        0.5041736227045075,
        0.44240400667779634,
        0.3806343906510852,
        0.31886477462437396,
        0.2570951585976628,
        0.19532554257095158,
        0.1335559265442404,
        0.07178631051752922,
        0.01001669449081803,
        0.0,
        0.0,
        0.0,
        0.0,
        0.7028380634390651,
        0.6410684474123539,
        0.5792988313856428,
        0.5175292153589316,
        0.4557595993322204,
        0.3939899833055092,
        0.332220367278798,
        0.27045075125208684,
        0.20868113522537562,
        0.14691151919866444,
        0.08514190317195326,
        0.02337228714524207,
        0.0,
        0.0,
        0.0
      ],
      "height_m": [
        0.14563421766993487,
        0.14920540935092935,
        0.14944317515607577,
        0.1492372833363654,
        0.14691520891871582,
        0.11320623072614924,
        0.06071352606619757,
        0.03040062476907592,
        0.02947048657934352,
        0.02946269457043582,
        0.02963281747628026,
        0.02963281747628026,
        0.02963281747628025,
        0.029632817476280226,
        0.02963281747628026,
        0.02963281747628025,
        0.02963281747628024,
        0.14921736739810687,
        0.14922216170212502,
        0.14942642673346768,
        0.14823226514269683,
        0.12357307118231443,
        0.07162975984190526,
        0.03311052326593455,
        0.0293116447198776,
        0.02931073683559647,
        0.02963281747628025,
        0.02963281747628024,
        0.02963281747628024,
        0.02963281747628025,
        0.02963281747628024,
        0.029632817476280257
      ],
      "contacts": [
        3,
        6,
        6,
        5,
        3,
        2,
        2,
        2,
        3,
        3,
        1,
        1,
        1,
        1,
        1,
        1,
        1,
        6,
        6,
        4,
        4,
        5,
        3,
        5,
        6,
        6,
        1,
        1,
        1,
        1,
        1,
        1
      ],
      "maximum_stress_Pa": [
        13550.400405761256,
        61393.71721590529,
        62381.4313189689,
        61388.643370925034,
        71537.80450657585,
        70125.37583722398,
        75327.29279257447,
        68572.34398423453,
        72400.48956640119,
        74886.53287670869,
        12234.074712900634,
        15028.745027050309,
        12973.266630056765,
        15392.404329862073,
        14265.614553207142,
        14526.245673400505,
        13987.320796699956,
        25756.297162268613,
        63156.79656961857,
        60543.40452613593,
        66998.26286092646,
        59409.087504022566,
        69379.60057106228,
        64040.35743441213,
        67654.40568970962,
        73968.28627445693,
        12214.242861740302,
        12625.207476950141,
        13311.551502949967,
        13935.98248647272,
        14594.762704789926,
        13863.402003335772
      ],
      "residual_N": [
        6.267635376375299e-12,
        2.7583415960451843e-11,
        3.394629299273512e-11,
        4.1230580631515893e-11,
        4.0962194842967955e-11,
        4.3157511331479144e-11,
        4.038881878142119e-11,
        4.3756318709875067e-11,
        4.650015828968707e-11,
        4.917172929802432e-11,
        3.8620970375091105e-12,
        4.085177464616355e-12,
        4.007805913911211e-12,
        4.411929589782665e-12,
        4.206859964404236e-12,
        4.231213973226405e-12,
        4.019830775151635e-12,
        1.1882010017232901e-11,
        2.8128930735715895e-11,
        3.0270635103860075e-11,
        2.886148034500477e-11,
        4.434964510802837e-11,
        3.72510764109094e-11,
        3.0205981303434934e-11,
        3.848782579653966e-11,
        3.869410827509913e-11,
        3.7390810057079485e-12,
        4.1609858012650205e-12,
        4.39706708049278e-12,
        3.973688003804572e-12,
        4.346842687203657e-12,
        4.325182866013941e-12
      ],
      "rhs_N": [
        0.05436954639933226,
        0.1955672311909104,
        0.21801340163910476,
        0.20475469777352864,
        0.23992618297539237,
        0.24497714244188235,
        0.26216578173052085,
        0.24021840788006169,
        0.2581054980564312,
        0.2629142540000667,
        0.03515306389236745,
        0.04171337658826029,
        0.03678676973809251,
        0.0426400967813843,
        0.039819143051454946,
        0.0404572689896524,
        0.03914843279786276,
        0.08526081849586303,
        0.19889955015274746,
        0.20970207881188152,
        0.22245547842590963,
        0.20109485406605376,
        0.23702065578259957,
        0.2101384518752511,
        0.23156647602128544,
        0.2428914111778917,
        0.03511042724893703,
        0.03600707035422668,
        0.03756076962065811,
        0.039025866725882596,
        0.04062664151842861,
        0.038853209814788736
      ]
    },
    {
      "tick": 460,
      "phase": [
        0.7679465776293823,
        0.7061769616026712,
        0.6444073455759599,
        0.5826377295492488,
        0.5208681135225376,
        0.4590984974958264,
        0.3973288814691152,
        0.335559265442404,
        0.27378964941569284,
        0.21202003338898165,
        0.15025041736227046,
        0.08848080133555927,
        0.02671118530884808,
        0.0,
        0.0,
        0.0,
        0.0,
        0.7195325542570952,
        0.657762938230384,
        0.5959933222036728,
        0.5342237061769616,
        0.4724540901502504,
        0.41068447412353926,
        0.34891485809682804,
        0.2871452420701169,
        0.2253756260434057,
        0.1636060100166945,
        0.10183639398998331,
        0.04006677796327212,
        0.0,
        0.0,
        0.0
      ],
      "height_m": [
        0.14161226146140804,
        0.14920042434531983,
        0.14944025439412803,
        0.1492604211118086,
        0.14862944412606666,
        0.1258887562022751,
        0.074441277100311,
        0.034338881222235634,
        0.029472356831487034,
        0.02946532895183714,
        0.02963281747628026,
        0.02963281747628026,
        0.02963281747628024,
        0.02963281747628024,
        0.029632817476280257,
        0.02963281747628024,
        0.02963281747628025,
        0.14920761418555356,
        0.14921874647864547,
        0.1494345107524216,
        0.14891597425270828,
        0.13453040463797397,
        0.08611340916391513,
        0.0398170950801348,
        0.029314450538224287,
        0.02931457174983343,
        0.02963281747628024,
        0.029632817476280226,
        0.02963281747628025,
        0.02963281747628024,
        0.029632817476280226,
        0.02963281747628025
      ],
      "contacts": [
        5,
        6,
        6,
        5,
        3,
        2,
        2,
        2,
        3,
        3,
        1,
        1,
        1,
        1,
        1,
        1,
        1,
        4,
        6,
        4,
        4,
        5,
        3,
        5,
        6,
        6,
        1,
        1,
        1,
        1,
        1,
        1
      ],
      "maximum_stress_Pa": [
        58652.829617764975,
        14909.530007637068,
        62471.20409696102,
        61586.33979843532,
        72108.39752486351,
        70664.62247340291,
        75693.28310382245,
        68813.00669257298,
        72170.86456505214,
        74331.63733892211,
        12159.353250610686,
        14942.27285125244,
        12850.897194497153,
        15392.40432985699,
        14265.614553208028,
        14526.245673400932,
        13987.320796696678,
        13049.55740596557,
        63282.75611687557,
        60719.825122454364,
        67174.89815845218,
        59869.90488590061,
        69808.3194795485,
        63992.00686034574,
        66975.34766315947,
        72408.9251047069,
        12147.915143171074,
        12525.816383139758,
        13195.415848112887,
        13935.982486474495,
        14594.762704786726,
        13863.402003340063
      ],
      "residual_N": [
        3.187104378640083e-11,
        8.087090711847426e-12,
        2.973227495521394e-11,
        3.045042571286053e-11,
        3.649822810754888e-11,
        3.952713206741704e-11,
        5.5615030672702156e-11,
        4.765846675514417e-11,
        4.160712740473338e-11,
        4.79830645242503e-11,
        4.07059570374627e-12,
        4.041087373645302e-12,
        3.93855535238264e-12,
        4.480791133914895e-12,
        4.282949535946979e-12,
        4.203364933251568e-12,
        4.21742715156723e-12,
        7.587109079285688e-12,
        3.3075401683441274e-11,
        3.537097456981312e-11,
        3.577461165562329e-11,
        3.7099401159117144e-11,
        4.0607255889893215e-11,
        3.385652436894385e-11,
        3.5193678742070966e-11,
        3.7279755462462244e-11,
        4.007202783237821e-12,
        4.0202431007704024e-12,
        3.7702944996880534e-12,
        4.105189301301611e-12,
        4.204446024053152e-12,
        3.921501487400448e-12
      ],
      "rhs_N": [
        0.211453574526539,
        0.052750264569671655,
        0.21864471972561905,
        0.20571879780751542,
        0.24155239489247787,
        0.24666047011043937,
        0.2634498880359655,
        0.24098587882832065,
        0.25793144507827365,
        0.26232929222696877,
        0.034992738482386584,
        0.041495203541215116,
        0.036510659802001494,
        0.04264009678137434,
        0.03981914305145643,
        0.040457268989655126,
        0.0391484327978616,
        0.048540630774128145,
        0.19930521562977394,
        0.2107373671584595,
        0.2233264280134758,
        0.20213098590125433,
        0.23835476888554988,
        0.21040231718858407,
        0.23027392136115948,
        0.23924219210181,
        0.034968273052460266,
        0.03578774978695778,
        0.03729327656298716,
        0.03902586672588522,
        0.04062664151843168,
        0.03885320981479075
      ]
    },
    {
      "tick": 470,
      "phase": [
        0.7846410684474123,
        0.7228714524207012,
        0.66110183639399,
        0.5993322203672788,
        0.5375626043405676,
        0.47579298831385647,
        0.41402337228714525,
        0.3522537562604341,
        0.2904841402337229,
        0.2287145242070117,
        0.1669449081803005,
        0.10517529215358933,
        0.04340567612687813,
        0.0,
        0.0,
        0.0,
        0.0,
        0.7362270450751253,
        0.674457429048414,
        0.6126878130217028,
        0.5509181969949917,
        0.48914858096828046,
        0.4273789649415693,
        0.36560934891485813,
        0.3038397328881469,
        0.24207011686143573,
        0.18030050083472454,
        0.11853088480801335,
        0.05676126878130217,
        0.0,
        0.0,
        0.0
      ],
      "height_m": [
        0.14160547180553465,
        0.14900832040698833,
        0.14943740460315644,
        0.14926684349830205,
        0.14917155425362422,
        0.1363321518882976,
        0.08902951264548968,
        0.04171127427288376,
        0.029474192226812912,
        0.0294674491607456,
        0.029632817476280257,
        0.029632817476280257,
        0.029632817476280226,
        0.02963281747628025,
        0.02963281747628025,
        0.029632817476280226,
        0.029632817476280257,
        0.14920419651359848,
        0.1492150671192133,
        0.14943499825869203,
        0.1491316986161806,
        0.14260413520578297,
        0.10077765198716734,
        0.04963361733569028,
        0.02932847959088941,
        0.029317772577820825,
        0.0294532555709931,
        0.02963281747628024,
        0.029632817476280257,
        0.029632817476280226,
        0.02963281747628024,
        0.02963281747628024
      ],
      "contacts": [
        5,
        2,
        6,
        5,
        3,
        2,
        2,
        2,
        3,
        3,
        1,
        1,
        1,
        1,
        1,
        1,
        1,
        4,
        6,
        4,
        4,
        5,
        3,
        5,
        6,
        6,
        3,
        1,
        1,
        1,
        1,
        1
      ],
      "maximum_stress_Pa": [
        59909.53906727718,
        14767.656005581219,
        62529.23953365357,
        61754.57785304909,
        72664.5970373916,
        71222.13010913871,
        76107.71262719075,
        69088.07787615419,
        72021.87410146667,
        73876.89219582613,
        12094.946955769241,
        14861.168639815836,
        12731.268205018563,
        15392.404329853034,
        14265.614553213172,
        14526.245673399348,
        13987.320796697913,
        14253.573940402663,
        63398.38467543634,
        60926.6519269497,
        67349.44955670382,
        60403.2714081035,
        70276.36619051483,
        63941.07762543788,
        66326.15025623505,
        71195.15519274364,
        54103.518824967214,
        12434.23956959201,
        13083.234596685075,
        13935.982486473822,
        14594.762704782224,
        13863.402003341453
      ],
      "residual_N": [
        3.321695898037507e-11,
        8.09369868111649e-12,
        4.249760344622593e-11,
        3.5956953789292784e-11,
        4.288895982760644e-11,
        3.916200782171941e-11,
        3.272253051155999e-11,
        4.0419255432771356e-11,
        7.266365542730127e-11,
        4.904834564158326e-11,
        3.7647742595016265e-12,
        4.435990223077277e-12,
        3.940232020764111e-12,
        4.330536598378713e-12,
        4.159185420783994e-12,
        4.19967317482138e-12,
        4.1656368825241886e-12,
        7.82032469470303e-12,
        3.467796346328966e-11,
        2.926639129395953e-11,
        3.211432094507758e-11,
        3.308016708075624e-11,
        3.910455501714759e-11,
        3.331903947174677e-11,
        3.696510963025768e-11,
        3.342480671646291e-11,
        3.561440081637653e-11,
        4.192230808759949e-12,
        3.944647635046875e-12,
        4.268637497439811e-12,
        4.371847049904807e-12,
        4.0897936629028e-12
      ],
      "rhs_N": [
        0.22150604731417442,
        0.05599171972390221,
        0.21918701276023056,
        0.20661529014001415,
        0.2431269820215221,
        0.2484239394207789,
        0.26485094641639617,
        0.2418909654317402,
        0.2579768820963353,
        0.2615322780257094,
        0.03485523607763617,
        0.04129124103365367,
        0.03624279434120959,
        0.04264009678137303,
        0.039819143051458415,
        0.04045726898965814,
        0.03914843279786151,
        0.05221426595246144,
        0.19965853933952005,
        0.21172088852037688,
        0.22416593346448152,
        0.20330265702255615,
        0.23979721346957752,
        0.21074195712862984,
        0.22661070046785556,
        0.23659567499625647,
        0.19617474882840133,
        0.03558704366242274,
        0.03703666707351334,
        0.03902586672588807,
        0.04062664151842215,
        0.03885320981479314
      ]
    },
    {
      "tick": 480,
      "phase": [
        0.8013355592654424,
        0.7395659432387313,
        0.6777963272120201,
        0.6160267111853088,
        0.5542570951585977,
        0.4924874791318865,
        0.4307178631051753,
        0.36894824707846413,
        0.3071786310517529,
        0.24540901502504175,
        0.18363939899833057,
        0.12186978297161936,
        0.06010016694490818,
        0.0,
        0.0,
        0.0,
        0.0,
        0.7529215358931552,
        0.6911519198664441,
        0.6293823038397329,
        0.5676126878130218,
        0.5058430717863105,
        0.44407345575959933,
        0.3823038397328882,
        0.32053422370617696,
        0.2587646076794658,
        0.1969949916527546,
        0.13522537562604342,
        0.07345575959933222,
        0.011686143572621035,
        0.0,
        0.0
      ],
      "height_m": [
        0.14160435539713007,
        0.14878400638244285,
        0.14943444004410966,
        0.14926661326017093,
        0.1493416211017871,
        0.14373195727142238,
        0.10362810899509435,
        0.05207115266245791,
        0.02953825862009761,
        0.029469408390686586,
        0.029266721202691075,
        0.02963281747628025,
        0.02963281747628024,
        0.029632817476280257,
        0.02963281747628024,
        0.02963281747628024,
        0.02963281747628026,
        0.1492015039446805,
        0.14921110284883682,
        0.1494318608249977,
        0.14919895867322716,
        0.1470321309455356,
        0.11477519962161672,
        0.0618703504562627,
        0.03047974985625859,
        0.029320740096995635,
        0.02945805594156844,
        0.02963281747628025,
        0.02963281747628026,
        0.02963281747628024,
        0.02963281747628025,
        0.029632817476280226
      ],
      "contacts": [
        5,
        3,
        6,
        5,
        3,
        2,
        2,
        2,
        3,
        3,
        6,
        1,
        1,
        1,
        1,
        1,
        1,
        4,
        6,
        4,
        4,
        5,
        3,
        5,
        5,
        6,
        3,
        1,
        1,
        1,
        1,
        1
      ],
      "maximum_stress_Pa": [
        60245.22526244492,
        15719.264412517463,
        62567.800541397155,
        61869.02866494786,
        73206.5719918738,
        71791.51802247815,
        76558.3655048996,
        69406.41832177187,
        71732.8431657998,
        73489.08193409929,
        72355.92801150947,
        14786.377345600471,
        12615.435130288704,
        15392.404329853978,
        14265.614553213842,
        14526.245673394355,
        13987.320796695425,
        14111.383060328439,
        63501.576973119736,
        61113.64344645086,
        67518.39620915867,
        60976.392459169474,
        70777.47423782853,
        63842.85804472775,
        61427.381419832,
        70176.00983223191,
        67261.48430769531,
        12351.478157051639,
        12975.77275721512,
        13852.427082796075,
        14594.762704779223,
        13863.402003338973
      ],
      "residual_N": [
        3.0197425944674784e-11,
        8.737947570700057e-12,
        3.500006366359453e-11,
        3.369498643722382e-11,
        4.8021659022423135e-11,
        3.9736219156943574e-11,
        4.349807238003379e-11,
        4.45871407332299e-11,
        4.2138137945548627e-11,
        5.6837773309547466e-11,
        2.956945212972345e-11,
        4.142410647745814e-12,
        4.174433825216852e-12,
        3.987684987968255e-12,
        4.203990063908052e-12,
        4.699734484364743e-12,
        3.846677913656193e-12,
        8.970549476244279e-12,
        3.640925026135555e-11,
        2.980214571093262e-11,
        3.064696155970114e-11,
        3.825924530690717e-11,
        4.8833280602236937e-11,
        3.449459607511724e-11,
        3.158012599644498e-11,
        3.782737323298247e-11,
        4.4550518982675497e-11,
        3.6348809573966637e-12,
        3.943794711875781e-12,
        4.0345536808479364e-12,
        4.138672772934587e-12,
        3.986671322017618e-12
      ],
      "rhs_N": [
        0.22121696288618328,
        0.06021829545149932,
        0.21963741247670265,
        0.20745521533281563,
        0.2446597653078473,
        0.2502523803107008,
        0.2663564932593952,
        0.24293712766633974,
        0.2526224316312019,
        0.26093652255259037,
        0.2630038337557718,
        0.041103759961364776,
        0.03598543815686863,
        0.04264009678137298,
        0.03981914305146099,
        0.04045726898964869,
        0.03914843279786199,
        0.0518168308944542,
        0.19995690597104604,
        0.2126174452282691,
        0.22497728020646868,
        0.20458843353675127,
        0.2413174731244199,
        0.2111351062718932,
        0.2006021478468433,
        0.2345885342118218,
        0.24011922145875117,
        0.03540680710922556,
        0.03679244655868992,
        0.0388271661096801,
        0.04062664151842092,
        0.03885320981479627
      ]
    },
    {
      "tick": 490,
      "phase": [
        0.8180300500834725,
        0.7562604340567612,
        0.6944908180300501,
        0.6327212020033389,
        0.5709515859766278,
        0.5091819699499165,
        0.44741235392320533,
        0.38564273789649417,
        0.32387312186978295,
        0.2621035058430718,
        0.2003338898163606,
        0.13856427378964942,
        0.07679465776293823,
        0.015025041736227046,
        0.0,
        0.0,
        0.0,
        0.7696160267111853,
        0.7078464106844742,
        0.6460767946577629,
        0.5843071786310517,
        0.5225375626043406,
        0.4607679465776294,
        0.3989983305509182,
        0.337228714524207,
        0.27545909849749584,
        0.21368948247078465,
        0.15191986644407346,
        0.09015025041736227,
        0.028380634390651086,
        0.0,
        0.0
      ],
      "height_m": [
        0.14160278292921494,
        0.14873462236501195,
        0.14943132657085972,
        0.14926373964084466,
        0.14939362096828132,
        0.14741998183087865,
        0.11739159127052787,
        0.06469582256192598,
        0.031218129295155276,
        0.02947130332285974,
        0.02928730330832211,
        0.02963281747628024,
        0.02963281747628025,
        0.02963281747628026,
        0.029632817476280226,
        0.02963281747628025,
        0.02963281747628026,
        0.14919675592161746,
        0.14920171539719929,
        0.1494284590383763,
        0.1492191240684826,
        0.14856171889459657,
        0.12727099716660287,
        0.07572378482661389,
        0.034764173649027334,
        0.02932361873118589,
        0.02946110997024553,
        0.029632817476280257,
        0.02963281747628026,
        0.02963281747628025,
        0.029632817476280257,
        0.02963281747628024
      ],
      "contacts": [
        5,
        4,
        6,
        5,
        3,
        2,
        2,
        2,
        2,
        3,
        12,
        1,
        1,
        1,
        1,
        1,
        1,
        6,
        6,
        4,
        4,
        5,
        3,
        5,
        5,
        6,
        3,
        1,
        1,
        1,
        1,
        1
      ],
      "maximum_stress_Pa": [
        60294.30201975697,
        15356.41581765323,
        62591.22972671747,
        61972.56826800451,
        73728.73624344538,
        72376.63898597864,
        77037.39606294554,
        69772.45899205099,
        72000.79618234087,
        73184.4839680949,
        53484.36604273545,
        14718.634098802988,
        12504.65174341875,
        15301.877755559193,
        14265.614553212428,
        14526.245673390498,
        13987.320796701017,
        52259.80928067946,
        13321.817009931245,
        61238.2392050391,
        67678.54438484281,
        61442.49927390225,
        71303.84555820152,
        63757.74706155849,
        61209.558551885624,
        69317.88745761389,
        66779.57343544447,
        12278.332447725534,
        12874.238893470094,
        13735.296379478745,
        14594.762704779852,
        13863.40200333474
      ],
      "residual_N": [
        3.157700205842953e-11,
        8.66187205506544e-12,
        4.210894548845995e-11,
        3.2973972329831156e-11,
        4.219933009222789e-11,
        4.2425451176079384e-11,
        4.6987949271604653e-11,
        5.896729571714553e-11,
        4.186764938525048e-11,
        5.1033100443426934e-11,
        3.047554630855158e-11,
        4.218843793723689e-12,
        3.797581941252543e-12,
        4.32149013118618e-12,
        4.145098178220751e-12,
        4.1841109814987495e-12,
        4.0998513935255044e-12,
        3.222910935671079e-11,
        7.491928289775634e-12,
        3.421401719267736e-11,
        2.8215621940181274e-11,
        3.407901123286957e-11,
        4.6480346825023516e-11,
        3.190985825350067e-11,
        3.159921481894213e-11,
        3.9477025434293975e-11,
        4.1423090528767346e-11,
        4.170095326597982e-12,
        3.9919146110731905e-12,
        3.944056558986608e-12,
        3.965372234527768e-12,
        3.9715056596750205e-12
      ],
      "rhs_N": [
        0.22211285153523116,
        0.05991232826424052,
        0.21999111374831046,
        0.20819824385072477,
        0.2461390832747897,
        0.2521854586399943,
        0.26795473193246727,
        0.24412231632813974,
        0.25100511353214267,
        0.2605779663359054,
        0.20205709840390712,
        0.040934534002731074,
        0.03574124643602397,
        0.04240779075748048,
        0.03981914305146404,
        0.04045726898964746,
        0.03914843279786292,
        0.18255426817193876,
        0.049639326555576235,
        0.21342129217826705,
        0.22575426585916322,
        0.20590077808573362,
        0.24288382312337395,
        0.2116543452091167,
        0.20081139985230562,
        0.2330629106389368,
        0.23943881067316292,
        0.035248448741254816,
        0.036563163091160915,
        0.03855019444353654,
        0.04062664151842087,
        0.03885320981478713
      ]
    },
    {
      "tick": 500,
      "phase": [
        0.8347245409015025,
        0.7729549248747913,
        0.7111853088480802,
        0.649415692821369,
        0.5876460767946577,
        0.5258764607679466,
        0.4641068447412354,
        0.4023372287145242,
        0.34056761268781305,
        0.27879799666110183,
        0.21702838063439064,
        0.15525876460767948,
        0.09348914858096828,
        0.03171953255425709,
        0.0,
        0.0,
        0.0,
        0.7863105175292154,
        0.7245409015025042,
        0.662771285475793,
        0.6010016694490818,
        0.5392320534223707,
        0.47746243739565947,
        0.41569282136894825,
        0.3539232053422371,
        0.2921535893155259,
        0.2303839732888147,
        0.1686143572621035,
        0.10684474123539232,
        0.045075125208681135,
        0.0,
        0.0
      ],
      "height_m": [
        0.14160088706509194,
        0.1487236816459624,
        0.14935644442808577,
        0.14926082527168202,
        0.14940815807305963,
        0.148634363282996,
        0.1294881383912815,
        0.07877074249300994,
        0.03620083391984839,
        0.029473159436351974,
        0.029291668968100135,
        0.029632817476280226,
        0.029632817476280257,
        0.02963281747628026,
        0.02963281747628024,
        0.029632817476280257,
        0.029632817476280257,
        0.14919323434380025,
        0.14912860535025202,
        0.14942508393657475,
        0.1492243517101466,
        0.1490458833650669,
        0.13744674562469925,
        0.09035241443826306,
        0.042463641022372406,
        0.02932645456794125,
        0.02946342606791732,
        0.02963281747628026,
        0.029632817476280257,
        0.029632817476280257,
        0.02963281747628026,
        0.02963281747628025
      ],
      "contacts": [
        5,
        6,
        3,
        5,
        3,
        2,
        2,
        2,
        2,
        3,
        12,
        1,
        1,
        1,
        1,
        1,
        1,
        6,
        4,
        4,
        4,
        5,
        3,
        5,
        5,
        6,
        3,
        1,
        1,
        1,
        1,
        1
      ],
      "maximum_stress_Pa": [
        60230.0613011629,
        53573.37279297328,
        12514.47453735419,
        62075.38100715863,
        74225.9316414672,
        72983.21601402457,
        77536.2221351944,
        70186.72094279961,
        72243.31696581222,
        72963.73320237662,
        53140.11220993967,
        14658.763249948464,
        12400.269215756149,
        15202.687924947737,
        14265.614553206953,
        14526.245673391439,
        13987.320796700573,
        56171.13336554523,
        16247.948908865694,
        61330.03968934415,
        67827.44107311903,
        61788.7450036356,
        71847.71321517439,
        63824.36054105948,
        61212.31953702719,
        68593.66993167462,
        66372.08676291499,
        12215.532389840655,
        12779.679753867393,
        13621.570325411816,
        14594.762704777677,
        13863.402003330986
      ],
      "residual_N": [
        3.1939346641222196e-11,
        2.7756343055378716e-11,
        6.725640701566751e-12,
        3.424866765516137e-11,
        4.7865934132839155e-11,
        4.924983689075701e-11,
        4.3500857236603856e-11,
        3.6460736383521426e-11,
        5.771283941998772e-11,
        4.0784147608248674e-11,
        3.219681548238864e-11,
        4.093937381887111e-12,
        4.14879558218486e-12,
        4.270525295490234e-12,
        4.210177185764155e-12,
        3.98022570648538e-12,
        4.2297655539685936e-12,
        4.347540804645582e-11,
        8.462991656996197e-12,
        4.212114559350522e-11,
        2.8555138900515664e-11,
        4.044872560776463e-11,
        3.9231288487083905e-11,
        2.6791249701699853e-11,
        3.088197060387569e-11,
        3.095165470836542e-11,
        4.9345105635510775e-11,
        3.749907494413427e-12,
        3.841416787110527e-12,
        4.1388234249189394e-12,
        4.116855613527105e-12,
        3.900538785608548e-12
      ],
      "rhs_N": [
        0.2228032987624083,
        0.18759393900243185,
        0.04669667572145427,
        0.20884931334539483,
        0.2475498571675139,
        0.25416363691497795,
        0.26962945357393825,
        0.24544200293299884,
        0.2518264842221457,
        0.26045103188147667,
        0.19617743459527182,
        0.040785453294943,
        0.035512929538635725,
        0.04215457387639463,
        0.039819143051454765,
        0.04045726898964743,
        0.039148432797864445,
        0.18538749755307546,
        0.05832120020966573,
        0.21412400701919726,
        0.2264880058851512,
        0.20707246175847485,
        0.2444707865239274,
        0.21236007261109863,
        0.20115766837782434,
        0.23192483937271463,
        0.2387248569031358,
        0.03511319774342912,
        0.03635094809116204,
        0.03828274516976015,
        0.040626641518421325,
        0.038853209814785954
      ]
    },
    {
      "tick": 510,
      "phase": [
        0.8514190317195326,
        0.7896494156928214,
        0.7278797996661102,
        0.666110183639399,
        0.6043405676126878,
        0.5425709515859767,
        0.48080133555926546,
        0.41903171953255425,
        0.3572621035058431,
        0.29549248747913187,
        0.2337228714524207,
        0.17195325542570952,
        0.11018363939899833,
        0.048414023372287146,
        0.0,
        0.0,
        0.0,
        0.8030050083472454,
        0.7412353923205343,
        0.6794657762938231,
        0.6176961602671118,
        0.5559265442404007,
        0.4941569282136895,
        0.4323873121869783,
        0.37061769616026713,
        0.3088480801335559,
        0.24707846410684475,
        0.18530884808013356,
        0.12353923205342238,
        0.06176961602671119,
        0.0,
        0.0
      ],
      "height_m": [
        0.1415986992547334,
        0.14872037357856857,
        0.14878598189855707,
        0.1492579242885135,
        0.14941072225861746,
        0.14901776988801022,
        0.1391028948986735,
        0.09345116174358865,
        0.0445344321912107,
        0.029474983514352588,
        0.029294097784674074,
        0.02963281747628024,
        0.02963281747628026,
        0.029632817476280257,
        0.02963281747628025,
        0.02963281747628026,
        0.02963281747628025,
        0.1491909713720695,
        0.14911576256231138,
        0.14942156241709145,
        0.14922326686697057,
        0.14919850673147433,
        0.14449892039224368,
        0.10490591866705852,
        0.05308663935070143,
        0.029440989923936838,
        0.029465484882519797,
        0.02929232710512191,
        0.02963281747628025,
        0.02963281747628026,
        0.02963281747628026,
        0.029632817476280257
      ],
      "contacts": [
        5,
        6,
        3,
        5,
        3,
        2,
        2,
        2,
        2,
        3,
        12,
        1,
        1,
        1,
        1,
        1,
        1,
        6,
        4,
        4,
        4,
        5,
        3,
        5,
        5,
        6,
        3,
        7,
        1,
        1,
        1,
        1
      ],
      "maximum_stress_Pa": [
        60147.343300552246,
        57618.28762136335,
        19553.86971835116,
        62174.664914417095,
        74675.76297154518,
        73577.26154263243,
        78045.4820595781,
        70645.69297114134,
        72522.1735509515,
        72824.02440186388,
        52660.363935113666,
        14607.407398741736,
        12303.429327397382,
        15105.969380196133,
        14265.614553202877,
        14526.245673389134,
        13987.320796705733,
        57077.24695619037,
        17067.44488881304,
        61398.07487595649,
        67897.43005490793,
        62050.64149088407,
        72401.44328409154,
        64073.758006642376,
        61190.809805653,
        68394.57339024317,
        66052.74913657682,
        99610.62894829606,
        12692.918892138592,
        13512.421155403437,
        14594.762704783776,
        13863.40200333183
      ],
      "residual_N": [
        3.163286555837002e-11,
        3.180445543521547e-11,
        1.0336601294984466e-11,
        3.315436596969288e-11,
        4.090941093162666e-11,
        3.9442859233044616e-11,
        5.3117169968581924e-11,
        5.029215291380987e-11,
        3.8753553282593155e-11,
        5.3861083513696635e-11,
        3.38119108082059e-11,
        4.300657845634023e-12,
        3.707153900011241e-12,
        4.562530396604537e-12,
        4.104368278090953e-12,
        3.9656136772516105e-12,
        4.146580741339545e-12,
        2.809935314164919e-11,
        9.549067480419498e-12,
        3.7861008072409186e-11,
        3.300419684143329e-11,
        3.3733096588393454e-11,
        4.642252184844471e-11,
        3.267519204167493e-11,
        3.0180465127437794e-11,
        3.1410241647997396e-11,
        4.303326918845328e-11,
        5.214918625407106e-11,
        3.818050375126271e-12,
        3.990205735385535e-12,
        4.195944541922531e-12,
        4.068077647234388e-12
      ],
      "rhs_N": [
        0.22313416772146435,
        0.18859465393062264,
        0.07133462950823667,
        0.20941639756894506,
        0.24887100821462987,
        0.2561067094445329,
        0.27135921362995735,
        0.24688757706913425,
        0.25279042463649387,
        0.26054520982862933,
        0.1939053138331009,
        0.04065797204172681,
        0.03530268281507815,
        0.04190886437669856,
        0.03981914305145356,
        0.04045726898964793,
        0.039148432797866346,
        0.18636916251713018,
        0.06034242277033129,
        0.2147152118221833,
        0.22714890909212912,
        0.20813787239883097,
        0.24606409267045418,
        0.21319771984131086,
        0.20156307392061107,
        0.21687698293793342,
        0.23823478216713234,
        0.33220317910748903,
        0.03615736244456495,
        0.038027358099400325,
        0.04062664151842238,
        0.03885320981478592
      ]
    },
    {
      "tick": 520,
      "phase": [
        0.8681135225375626,
        0.8063439065108514,
        0.7445742904841403,
        0.6828046744574291,
        0.6210350584307179,
        0.5592654424040067,
        0.4974958263772955,
        0.43572621035058434,
        0.3739565943238731,
        0.31218697829716197,
        0.25041736227045075,
        0.18864774624373956,
        0.12687813021702837,
        0.0651085141903172,
        0.00333889816360601,
        0.0,
        0.0,
        0.8196994991652755,
        0.7579298831385642,
        0.6961602671118531,
        0.6343906510851419,
        0.5726210350584308,
        0.5108514190317196,
        0.4490818030050084,
        0.38731218697829717,
        0.325542570951586,
        0.2637729549248748,
        0.2020033388981636,
        0.14023372287145242,
        0.07846410684474124,
        0.01669449081803005,
        0.0
      ],
      "height_m": [
        0.14159622064272537,
        0.14871827630838994,
        0.14538115380540814,
        0.14925487146619823,
        0.1494075155052954,
        0.14913763896032559,
        0.14543454989726673,
        0.10788703032799524,
        0.055655346596197114,
        0.029751681276127265,
        0.029295914397671548,
        0.029508310265861776,
        0.02963281747628026,
        0.02963281747628025,
        0.029632817476280257,
        0.02963281747628026,
        0.02963281747628024,
        0.14918917141228127,
        0.14910499313493808,
        0.1494178928750013,
        0.14922006954428782,
        0.14924598883086101,
        0.14783828663591383,
        0.11853990559915543,
        0.06589562619007236,
        0.03140784152655959,
        0.029467440438100484,
        0.02929993608136045,
        0.02963281747628024,
        0.02963281747628026,
        0.029632817476280257,
        0.02963281747628026
      ],
      "contacts": [
        5,
        6,
        2,
        5,
        3,
        2,
        2,
        2,
        2,
        3,
        12,
        6,
        1,
        1,
        1,
        1,
        1,
        6,
        5,
        4,
        4,
        5,
        3,
        5,
        5,
        5,
        3,
        7,
        1,
        1,
        1,
        1
      ],
      "maximum_stress_Pa": [
        60030.78169096903,
        58670.22662621878,
        7658.230356521586,
        62266.84435459984,
        75038.88743072438,
        74147.99518032593,
        78556.60057842018,
        71142.81465899468,
        72845.25807662406,
        72585.92678470392,
        52253.837261871464,
        69896.8120863833,
        12215.122781646,
        15012.606057220293,
        14242.091842249907,
        14526.245673394773,
        13987.320796708362,
        57602.002538490386,
        16842.751180988515,
        61540.914247733075,
        68001.22274711812,
        62258.81920215748,
        72969.83447941669,
        64422.104239430264,
        61132.32040670778,
        61557.12030192118,
        65819.2573420272,
        70928.42074265121,
        12614.79612486496,
        13409.099542683372,
        14481.904408891043,
        13863.40200332852
      ],
      "residual_N": [
        2.9991921189752766e-11,
        4.001803433682943e-11,
        2.0025807866932673e-12,
        3.2355024144970804e-11,
        4.135073217984748e-11,
        4.467193031798264e-11,
        5.180065292275717e-11,
        4.242926544526062e-11,
        3.9863267438898024e-11,
        3.713349932205155e-11,
        3.024407447068519e-11,
        3.323294801099558e-11,
        3.82914016998083e-12,
        4.554833546825928e-12,
        4.2306826302668046e-12,
        4.28325343559086e-12,
        4.107743048955915e-12,
        3.653158079623428e-11,
        9.896417810866817e-12,
        3.0703801762159096e-11,
        3.26001140179193e-11,
        3.3645498468670965e-11,
        3.939348429095545e-11,
        3.0072394507801704e-11,
        2.4203190390844902e-11,
        2.969703785157949e-11,
        4.9408648542736156e-11,
        3.60641046215346e-11,
        3.906168829126229e-12,
        4.033775930762998e-12,
        4.46241362583691e-12,
        3.990759414384607e-12
      ],
      "rhs_N": [
        0.22310839459390785,
        0.18931642284389472,
        0.023430364928762288,
        0.20989439707939114,
        0.2500697943573254,
        0.2580172157170605,
        0.2731213356384796,
        0.24844739507961774,
        0.25389767303341165,
        0.2529040640032474,
        0.19276286840181986,
        0.2436124515200244,
        0.03511231769031935,
        0.0416726006377851,
        0.039762032563709804,
        0.04045726898964891,
        0.03914843279786891,
        0.187126824846826,
        0.059795895810417575,
        0.21518664890943762,
        0.22777058339718428,
        0.20912359129563732,
        0.2477364626007331,
        0.21409144256163717,
        0.2020321550023103,
        0.20378612420168613,
        0.2379728799782059,
        0.22545854456283165,
        0.03598402416143587,
        0.03778679648087366,
        0.040348015700197505,
        0.03885320981478636
      ]
    },
    {
      "tick": 530,
      "phase": [
        0.8848080133555927,
        0.8230383973288815,
        0.7612687813021703,
        0.6994991652754591,
        0.6377295492487479,
        0.5759599332220368,
        0.5141903171953256,
        0.4524207011686144,
        0.39065108514190316,
        0.328881469115192,
        0.2671118530884808,
        0.20534223706176963,
        0.14357262103505844,
        0.08180300500834725,
        0.02003338898163606,
        0.0,
        0.0,
        0.8363939899833055,
        0.7746243739565943,
        0.7128547579298832,
        0.651085141903172,
        0.5893155258764607,
        0.5275459098497496,
        0.4657762938230384,
        0.4040066777963272,
        0.34223706176961605,
        0.28046744574290483,
        0.21869782971619367,
        0.15692821368948248,
        0.0951585976627713,
        0.0333889816360601,
        0.0
      ],
      "height_m": [
        0.14159355376464267,
        0.14871663887967024,
        0.14343406042426385,
        0.14925169513918354,
        0.14940271489904397,
        0.14917392339604102,
        0.1481340826614971,
        0.12123628182923124,
        0.06880243381132473,
        0.03234412156337082,
        0.029297544668448004,
        0.029508549619109467,
        0.029632817476280257,
        0.02963281747628024,
        0.02963281747628026,
        0.029632817476280257,
        0.029632817476280226,
        0.14918759664930212,
        0.14909640507408373,
        0.1492997196571889,
        0.1492169930731751,
        0.14926013497768775,
        0.14892027124447393,
        0.1304243518890928,
        0.08007082863569766,
        0.03673831970866351,
        0.029469342331329213,
        0.029304031610184973,
        0.029632817476280226,
        0.029632817476280257,
        0.02963281747628025,
        0.02963281747628026
      ],
      "contacts": [
        5,
        6,
        4,
        5,
        3,
        2,
        2,
        2,
        2,
        2,
        12,
        6,
        1,
        1,
        1,
        1,
        1,
        6,
        6,
        3,
        4,
        5,
        3,
        5,
        5,
        5,
        3,
        7,
        1,
        1,
        1,
        1
      ],
      "maximum_stress_Pa": [
        59884.310804866655,
        59259.68790668233,
        32124.7741607829,
        62348.795584617816,
        75429.58869355802,
        74714.74261668025,
        79086.31294426283,
        71670.5510756377,
        73215.90096662393,
        72808.60907698999,
        51925.63141413537,
        68617.06605865552,
        12136.187253389455,
        14923.502140511835,
        14125.295444529025,
        14526.245673394647,
        13987.320796705528,
        57875.49038732661,
        58417.43972990868,
        11480.19971348904,
        68124.76980011923,
        62431.33178795825,
        73533.25277760872,
        64819.06930162943,
        61112.30116449859,
        61204.912676769185,
        65667.97726285491,
        68670.60562962988,
        12546.151397498415,
        13312.664170002408,
        14370.290452260906,
        13863.40200333549
      ],
      "residual_N": [
        3.1155823528611966e-11,
        3.3085565332680266e-11,
        2.134841598008387e-11,
        3.6219786973897985e-11,
        4.884882076844484e-11,
        4.2461332422293824e-11,
        3.8385895942159084e-11,
        4.4728980497977227e-11,
        4.064844727525817e-11,
        3.925261765230864e-11,
        2.739895312088779e-11,
        3.963809599822643e-11,
        3.72497669930345e-12,
        4.671256646141644e-12,
        3.8964285660728356e-12,
        4.287316496234711e-12,
        3.961203392056941e-12,
        3.106783654758966e-11,
        4.065623669372365e-11,
        6.47542583685032e-12,
        2.854191546223786e-11,
        3.968542972982627e-11,
        3.382192470153434e-11,
        3.635073235820054e-11,
        2.8855547723404587e-11,
        2.8985311809270142e-11,
        4.6910243509509835e-11,
        3.2333346515051866e-11,
        4.0187538121697475e-12,
        3.99968631279265e-12,
        4.126963695347255e-12,
        4.074252667826207e-12
      ],
      "rhs_N": [
        0.2228168944733524,
        0.1897606852075356,
        0.13308017530618266,
        0.21027550386969016,
        0.2511727598816637,
        0.25987552503873856,
        0.2749903014964989,
        0.25010968382806165,
        0.2551443546363329,
        0.25362965723745773,
        0.19211009335637305,
        0.22719491458286703,
        0.03494320896658043,
        0.041447940981047204,
        0.03947963156176988,
        0.04045726898965042,
        0.0391484327978719,
        0.18747896065050113,
        0.19389112124528626,
        0.043251024909530256,
        0.22833293437612162,
        0.21004018022828636,
        0.2494242419462528,
        0.21501411572440157,
        0.20263750940784275,
        0.20401529357141804,
        0.23792817223371918,
        0.21962503342770448,
        0.03583249645621397,
        0.03756334117977661,
        0.040074255474655464,
        0.038853209814787334
      ]
    },
    {
      "tick": 540,
      "phase": [
        0.9015025041736228,
        0.8397328881469115,
        0.7779632721202003,
        0.7161936560934892,
        0.654424040066778,
        0.5926544240400667,
        0.5308848080133556,
        0.4691151919866444,
        0.40734557595993326,
        0.34557595993322204,
        0.2838063439065109,
        0.22203672787979967,
        0.16026711185308848,
        0.0984974958263773,
        0.03672787979966611,
        0.0,
        0.0,
        0.8530884808013356,
        0.7913188647746244,
        0.7295492487479132,
        0.667779632721202,
        0.6060100166944908,
        0.5442404006677797,
        0.48247078464106846,
        0.4207011686143573,
        0.3589315525876461,
        0.2971619365609349,
        0.2353923205342237,
        0.17362270450751252,
        0.11185308848080133,
        0.05008347245409015,
        0.0
      ],
      "height_m": [
        0.14094618786109336,
        0.14871522216047514,
        0.14342522676180564,
        0.14906882128453597,
        0.14939774865503397,
        0.14918370463374603,
        0.1489937121999823,
        0.13267221305003504,
        0.08314823745539836,
        0.038368052521711,
        0.029299117362762736,
        0.029509580370881024,
        0.02963281747628025,
        0.029632817476280226,
        0.02963281747628026,
        0.02963281747628025,
        0.02963281747628024,
        0.14918611833403408,
        0.1490933320047782,
        0.1487261857234351,
        0.1492140132705731,
        0.14926352926243155,
        0.14926139238332728,
        0.13974628718644058,
        0.09476586147270108,
        0.04538144379569174,
        0.02947120692564169,
        0.029306937653403465,
        0.02963281747628024,
        0.02963281747628025,
        0.02963281747628024,
        0.029632817476280257
      ],
      "contacts": [
        5,
        6,
        6,
        2,
        3,
        2,
        2,
        2,
        2,
        2,
        12,
        6,
        1,
        1,
        1,
        1,
        1,
        6,
        6,
        2,
        4,
        5,
        3,
        5,
        5,
        5,
        3,
        7,
        1,
        1,
        1,
        1
      ],
      "maximum_stress_Pa": [
        3216.91986753295,
        59561.50495613341,
        56309.788804980395,
        10643.869116453374,
        75798.77367560602,
        75264.39274924973,
        79618.63889015575,
        72221.22491181799,
        73633.1130994288,
        73058.91909626346,
        51662.02509234167,
        68081.5660558622,
        12067.30293770824,
        14839.440357112131,
        14010.931975197784,
        14526.245673398722,
        13987.320796699498,
        57995.86602527607,
        59785.62044447038,
        12676.93258859172,
        68243.55505681272,
        62570.05125549494,
        74082.04466512446,
        65237.83615651341,
        61257.51517653852,
        61071.147154247075,
        65595.36048412228,
        66982.6861088318,
        12487.725594918733,
        13223.69727608471,
        14261.440637184447,
        13863.402003335812
      ],
      "residual_N": [
        2.0040110765916864e-12,
        3.248250825758317e-11,
        3.2197246172137354e-11,
        6.791955555829787e-12,
        5.4357562962851935e-11,
        3.9911355839542014e-11,
        4.611715897083428e-11,
        4.8273163056931974e-11,
        3.998121754576958e-11,
        4.2108669459746776e-11,
        3.329561991203493e-11,
        3.4184553191051376e-11,
        3.936658371479678e-12,
        4.610174932847077e-12,
        4.267279476728674e-12,
        4.08062603958726e-12,
        4.008939083609329e-12,
        2.9441263273031327e-11,
        2.9642742114904486e-11,
        7.570265464845206e-12,
        2.8748338639078553e-11,
        3.212370117502051e-11,
        4.944245149679775e-11,
        3.396674511254134e-11,
        2.795973085525762e-11,
        2.942138222133408e-11,
        5.208873291391269e-11,
        3.435292063450442e-11,
        4.250656517652467e-12,
        3.9328382210101515e-12,
        4.46785705465762e-12,
        4.202401664628893e-12
      ],
      "rhs_N": [
        0.014754559421715682,
        0.18986025203637935,
        0.20527522212506774,
        0.04385965219641444,
        0.25215250246918214,
        0.26165573837992134,
        0.27682819321625124,
        0.2518618042010939,
        0.2565234408063123,
        0.25449468299562267,
        0.19172469725292324,
        0.22621633153644238,
        0.03479640823783128,
        0.04123670887143732,
        0.039204924627459836,
        0.04045726898965244,
        0.039148432797862745,
        0.1874998423423099,
        0.19530997542330736,
        0.04772813682029115,
        0.22882299806260276,
        0.2108916132659742,
        0.2510646651520678,
        0.21596984672039196,
        0.20341962020072957,
        0.20441589346488986,
        0.23809078576851472,
        0.21567111086513535,
        0.035704106674034945,
        0.03735824782770492,
        0.0398090033960512,
        0.03885320981478877
      ]
    },
    {
      "tick": 550,
      "phase": [
        0.9181969949916527,
        0.8564273789649416,
        0.7946577629382304,
        0.7328881469115193,
        0.671118530884808,
        0.6093489148580968,
        0.5475792988313857,
        0.48580968280467446,
        0.4240400667779633,
        0.3622704507512521,
        0.3005008347245409,
        0.23873121869782973,
        0.17696160267111855,
        0.11519198664440734,
        0.05342237061769616,
        0.0,
        0.0,
        0.8697829716193657,
        0.8080133555926544,
        0.7462437395659433,
        0.6844741235392321,
        0.6227045075125209,
        0.5609348914858097,
        0.4991652754590985,
        0.43739565943238734,
        0.3756260434056761,
        0.31385642737896496,
        0.25208681135225375,
        0.1903171953255426,
        0.1285475792988314,
        0.0667779632721202,
        0.005008347245409015
      ],
      "height_m": [
        0.08544773421891229,
        0.14871390178924343,
        0.1434226975480692,
        0.14844098686648802,
        0.14939252200471095,
        0.1491846022364056,
        0.14926456627263981,
        0.14138488856194098,
        0.09784464161010788,
        0.04760992025590483,
        0.029300804454689706,
        0.029510712662980967,
        0.02963281747628024,
        0.02963281747628024,
        0.029632817476280257,
        0.02963281747628024,
        0.02963281747628025,
        0.14918467821062384,
        0.14909121845688064,
        0.1452185115364451,
        0.14921095991723152,
        0.14926163444556212,
        0.14936761582681957,
        0.14570560644783728,
        0.10913090607321776,
        0.056741733988572546,
        0.029867148355029228,
        0.02930943140846097,
        0.02929902853275843,
        0.02963281747628024,
        0.029632817476280226,
        0.02963281747628025
      ],
      "contacts": [
        0,
        6,
        6,
        2,
        3,
        2,
        2,
        2,
        2,
        2,
        12,
        6,
        1,
        1,
        1,
        1,
        1,
        6,
        6,
        2,
        4,
        5,
        3,
        5,
        5,
        5,
        3,
        7,
        7,
        1,
        1,
        1
      ],
      "maximum_stress_Pa": [
        0.18305479453968315,
        59689.28929553772,
        57749.681256841104,
        11413.127920199779,
        76125.71758079226,
        75724.58401358401,
        80125.8208152417,
        72785.91298254019,
        74091.71590982891,
        73347.95472608485,
        51448.714913874304,
        67322.41252026547,
        12009.118896886848,
        14761.344190526359,
        13900.4576095847,
        14526.245673401767,
        13987.320796696855,
        58025.09942038737,
        60827.80705622884,
        8084.732020803288,
        68348.90187960265,
        62651.03478892465,
        74613.69996058384,
        65624.87398355856,
        61568.327576512864,
        60917.625593245815,
        65585.52215554939,
        65553.42459879811,
        73297.75185862221,
        13142.874433139457,
        14156.772232057165,
        13827.423844882906
      ],
      "residual_N": [
        1.1603210935851766e-16,
        2.723038682950989e-11,
        3.1762782939498206e-11,
        6.886499469678962e-12,
        4.475833015986779e-11,
        4.4063668162578496e-11,
        4.96963826362136e-11,
        5.1059214784834175e-11,
        3.939974487728949e-11,
        4.8031763334347836e-11,
        2.858490706523168e-11,
        3.718657240264947e-11,
        3.931482493266114e-12,
        4.496455225070033e-12,
        4.067345858491897e-12,
        4.197918150213986e-12,
        4.206204970547354e-12,
        3.329459111719607e-11,
        3.3907342983061015e-11,
        3.2848785883893097e-12,
        3.1141247709146965e-11,
        2.827332030562192e-11,
        4.113568968410806e-11,
        3.11466978751005e-11,
        3.057083343743357e-11,
        3.3041686618026153e-11,
        3.833362610945357e-11,
        2.948613922610849e-11,
        3.659764274405786e-11,
        4.044334376267192e-12,
        3.9802631858153635e-12,
        4.001881674821527e-12
      ],
      "rhs_N": [
        9.197358781582902e-07,
        0.18968387437292902,
        0.20684209625729508,
        0.0445379139769722,
        0.25298823360100803,
        0.26333182834838165,
        0.2786105472723168,
        0.2536839222019327,
        0.2580232262159446,
        0.2555031137829739,
        0.19147146969817014,
        0.2252212388778045,
        0.0346729636550165,
        0.041041159826719534,
        0.03894126749136589,
        0.04045726898965506,
        0.03914843279786156,
        0.1872915840273269,
        0.19596442777897136,
        0.025108722286613552,
        0.2292327188737311,
        0.2116716453645437,
        0.25265622466044496,
        0.21692846409316596,
        0.20431618275422136,
        0.20490546765418147,
        0.23111474721398298,
        0.21257942412340483,
        0.2340751132398456,
        0.03717287492259719,
        0.03955555379622459,
        0.03876789574567865
      ]
    },
    {
      "tick": 560,
      "phase": [
        0.9348914858096828,
        0.8731218697829717,
        0.8113522537562604,
        0.7495826377295493,
        0.6878130217028381,
        0.6260434056761269,
        0.5642737896494157,
        0.5025041736227045,
        0.44073455759599334,
        0.3789649415692821,
        0.31719532554257096,
        0.2554257095158598,
        0.19365609348914858,
        0.1318864774624374,
        0.07011686143572621,
        0.008347245409015025,
        0.0,
        0.8864774624373957,
        0.8247078464106845,
        0.7629382303839733,
        0.7011686143572621,
        0.6393989983305509,
        0.5776293823038398,
        0.5158597662771286,
        0.4540901502504174,
        0.39232053422370616,
        0.330550918196995,
        0.2687813021702838,
        0.20701168614357263,
        0.14524207011686144,
        0.08347245409015025,
        0.021702838063439065
      ],
      "height_m": [
        0.018771992769496672,
        0.14871262150795264,
        0.14342081265648218,
        0.14426026623947466,
        0.14938697860697822,
        0.1491810758556274,
        0.14934871914374656,
        0.14657931543661487,
        0.11204292708151073,
        0.059422751996330854,
        0.030017318197509833,
        0.029511793797202007,
        0.029458948303784798,
        0.02963281747628025,
        0.02963281747628025,
        0.029632817476280226,
        0.029632817476280257,
        0.14918325237588137,
        0.14908953267428232,
        0.14264534555319885,
        0.14920814961003465,
        0.14925877511699362,
        0.14939935931605475,
        0.14812055837091678,
        0.12232527418424154,
        0.07004743286694125,
        0.032787515921916886,
        0.02931177808235972,
        0.029306502299707025,
        0.029632817476280226,
        0.02963281747628024,
        0.02963281747628024
      ],
      "contacts": [
        1,
        6,
        6,
        2,
        3,
        2,
        2,
        2,
        2,
        2,
        12,
        6,
        3,
        1,
        1,
        1,
        1,
        6,
        6,
        6,
        4,
        5,
        3,
        5,
        5,
        5,
        2,
        7,
        7,
        1,
        1,
        1
      ],
      "maximum_stress_Pa": [
        48388.12980727628,
        59712.02149608699,
        58499.947403540995,
        22580.765659910547,
        76401.45819369378,
        76142.12209014021,
        80606.47611847975,
        73357.82775206286,
        74583.56824010429,
        73682.47458367657,
        45036.692098817126,
        66636.6357683136,
        66902.30955211968,
        14690.034939484049,
        13795.192141553249,
        14469.176779915091,
        13987.320796698872,
        57999.74615119912,
        61431.56234812384,
        42051.949312376506,
        47181.81850402656,
        62739.02215906728,
        75124.1168742124,
        65886.48370368002,
        61966.29600791188,
        60773.71395582741,
        65823.72268722225,
        64315.46691392611,
        69638.09871750312,
        13070.681066265402,
        14057.521107110784,
        13708.963410683366
      ],
      "residual_N": [
        1.5621140294750026e-11,
        3.394243542531712e-11,
        2.925695889481903e-11,
        9.773640609053253e-12,
        4.5071018246053066e-11,
        5.015035895985949e-11,
        4.694487350559081e-11,
        3.794079917359141e-11,
        4.3993109006065385e-11,
        4.034965953807953e-11,
        2.8712842864251965e-11,
        3.554245656797931e-11,
        4.545332478062022e-11,
        4.307867466362465e-12,
        4.0251005253652085e-12,
        4.0819658224553e-12,
        4.0208799185617295e-12,
        2.9938937166579696e-11,
        3.527149326919175e-11,
        2.8206131081454977e-11,
        2.1255634008397566e-11,
        3.3079013831692175e-11,
        3.664666782116305e-11,
        2.831403853118144e-11,
        2.9086908757792727e-11,
        3.716368790715944e-11,
        5.255706849470428e-11,
        3.3069902040487386e-11,
        3.624552843860554e-11,
        3.921034729324302e-12,
        4.409196333692252e-12,
        4.297094560782077e-12
      ],
      "rhs_N": [
        0.11861524025335891,
        0.18931040910950842,
        0.2073880676296755,
        0.06853050489957839,
        0.2536641833672084,
        0.2648793179911573,
        0.2803387852684441,
        0.2555650909130704,
        0.25962785920441805,
        0.25665440710449605,
        0.16094160635850727,
        0.2244865362206585,
        0.23796936460511076,
        0.040863262629688674,
        0.03869161378217069,
        0.040316707818849065,
        0.03914843279786157,
        0.18693057706967717,
        0.19655417974291442,
        0.1692353897595405,
        0.15814461584097572,
        0.21235355654004748,
        0.2541862871059022,
        0.21789865016616863,
        0.20526697143362807,
        0.20553875549666403,
        0.23183714694332863,
        0.21011021319418038,
        0.22324264900579938,
        0.037008057327066864,
        0.03931661798711638,
        0.038488145428710506
      ]
    },
    {
      "tick": 570,
      "phase": [
        0.9515859766277129,
        0.8898163606010017,
        0.8280467445742905,
        0.7662771285475793,
        0.7045075125208682,
        0.6427378964941569,
        0.5809682804674458,
        0.5191986644407346,
        0.4574290484140234,
        0.3956594323873122,
        0.333889816360601,
        0.27212020033388984,
        0.21035058430717865,
        0.14858096828046746,
        0.08681135225375626,
        0.025041736227045076,
        0.0,
        0.9031719532554258,
        0.8414023372287146,
        0.7796327212020033,
        0.7178631051752922,
        0.656093489148581,
        0.5943238731218699,
        0.5325542570951586,
        0.4707846410684474,
        0.40901502504173626,
        0.34724540901502504,
        0.2854757929883139,
        0.22370617696160267,
        0.16193656093489148,
        0.1001669449081803,
        0.038397328881469114
      ],
      "height_m": [
        0.02444281287345516,
        0.1487113575432536,
        0.14341924335368286,
        0.14093869570407908,
        0.1493781031116901,
        0.14917713881664216,
        0.14937367091611245,
        0.14850213530100395,
        0.12490506292460356,
        0.07301765663777754,
        0.03361015158578234,
        0.02951285335731144,
        0.029461904555769993,
        0.029632817476280257,
        0.02963281747628024,
        0.02963281747628024,
        0.02963281747628026,
        0.14729399086797698,
        0.14908804662596462,
        0.1426388916340361,
        0.14908639574682472,
        0.14925609473220203,
        0.1494074932707134,
        0.14888775647935878,
        0.13352422852748622,
        0.08446752293478652,
        0.039155439749303564,
        0.02931406903484609,
        0.029310142562758986,
        0.02963281747628024,
        0.02963281747628025,
        0.029632817476280226
      ],
      "contacts": [
        1,
        6,
        6,
        4,
        3,
        2,
        2,
        2,
        2,
        2,
        11,
        7,
        3,
        1,
        1,
        1,
        1,
        0,
        6,
        6,
        2,
        5,
        3,
        5,
        5,
        5,
        2,
        7,
        7,
        1,
        1,
        1
      ],
      "maximum_stress_Pa": [
        11091.906427723537,
        59670.46305544279,
        58815.97793349542,
        62657.93923244337,
        22690.584556276353,
        76554.91491951795,
        81081.45712475883,
        73947.6273321339,
        75099.00861645598,
        74063.98890192495,
        44760.95267740548,
        66033.10977143103,
        66208.77849667394,
        14626.341591090708,
        13696.103686399369,
        14355.738730625502,
        13987.320796695836,
        0.0900231492747207,
        61747.045696648995,
        52636.447772503125,
        11975.774438547467,
        62837.211332140614,
        75608.84953585963,
        66082.03490650129,
        62411.74943852051,
        60763.15104795181,
        66099.75449785237,
        63242.72224612089,
        67580.42702851174,
        13007.814144731861,
        13964.829314763349,
        13593.396432271504
      ],
      "residual_N": [
        4.875069848527555e-12,
        3.211609057022217e-11,
        3.5054441528750717e-11,
        3.3792231122041765e-11,
        1.5346710904711985e-11,
        5.494944535821184e-11,
        3.968549512938398e-11,
        4.418683128011671e-11,
        4.240063387448741e-11,
        5.968975785109051e-11,
        3.085728418906349e-11,
        3.0752169828148836e-11,
        4.7612191918820155e-11,
        4.316627181159776e-12,
        4.025967809617168e-12,
        4.314816560684588e-12,
        3.838775043293105e-12,
        6.396926078435512e-17,
        3.271803305056161e-11,
        3.0253708995736686e-11,
        6.606097051061831e-12,
        3.076868735529054e-11,
        4.292934688122119e-11,
        3.864530068883467e-11,
        2.6872135463542475e-11,
        3.636494351548214e-11,
        3.662892615437467e-11,
        3.540773192264511e-11,
        3.528449274302765e-11,
        4.092361903896564e-12,
        4.029339597110755e-12,
        4.117930528433749e-12
      ],
      "rhs_N": [
        0.025967384035108305,
        0.1887993041548305,
        0.20745839948736144,
        0.19892263292296117,
        0.07950204466583254,
        0.2662795512951409,
        0.28200277081293457,
        0.2575721626038529,
        0.2613194820098217,
        0.257941802310493,
        0.16045184792812492,
        0.2237984022759341,
        0.23710212126129596,
        0.04070492897892287,
        0.03845787035257777,
        0.04003869584578303,
        0.039148432797861954,
        4.7415634765174425e-07,
        0.19683973616921763,
        0.19231525722293583,
        0.04686058800287865,
        0.21296063318088984,
        0.25563716916431783,
        0.2187790660334744,
        0.20625607082320724,
        0.20636292807130086,
        0.2327043785299417,
        0.2081498103297746,
        0.2181665413203262,
        0.0368651012540614,
        0.0390946913913782,
        0.03821670136839282
      ]
    },
    {
      "tick": 580,
      "phase": [
        0.9682804674457429,
        0.9065108514190318,
        0.8447412353923206,
        0.7829716193656093,
        0.7212020033388982,
        0.659432387312187,
        0.5976627712854758,
        0.5358931552587646,
        0.4741235392320534,
        0.41235392320534225,
        0.35058430717863104,
        0.2888146911519199,
        0.2270450751252087,
        0.1652754590984975,
        0.10350584307178631,
        0.041736227045075125,
        0.0,
        0.9198664440734557,
        0.8580968280467446,
        0.7963272120200334,
        0.7345575959933223,
        0.672787979966611,
        0.6110183639398998,
        0.5492487479131887,
        0.48747913188647746,
        0.4257095158597663,
        0.3639398998330551,
        0.3021702838063439,
        0.24040066777963273,
        0.17863105175292154,
        0.11686143572621036,
        0.05509181969949917
      ],
      "height_m": [
        0.021392467093435622,
        0.14157424032067858,
        0.1434178171330725,
        0.14093522114966392,
        0.1492044877041444,
        0.14917342990833082,
        0.14937985674471888,
        0.14911067881335835,
        0.13560939197615637,
        0.08755800096142569,
        0.040653344084154434,
        0.0295138903681993,
        0.02946416642272257,
        0.02963281747628026,
        0.029632817476280226,
        0.02963281747628025,
        0.02963281747628026,
        0.08144577974333057,
        0.14908664550551437,
        0.1426363502906393,
        0.148794358749151,
        0.14925342569259747,
        0.14940746030562882,
        0.14913002525706054,
        0.14191970391868972,
        0.09915314672776619,
        0.04868859995839482,
        0.029319011464950983,
        0.029312719128888904,
        0.02944549872954998,
        0.029632817476280257,
        0.02963281747628024
      ],
      "contacts": [
        1,
        0,
        6,
        4,
        3,
        2,
        2,
        2,
        2,
        2,
        11,
        7,
        3,
        1,
        1,
        1,
        1,
        0,
        6,
        6,
        3,
        5,
        3,
        5,
        5,
        5,
        2,
        7,
        7,
        2,
        1,
        1
      ],
      "maximum_stress_Pa": [
        9945.576047470879,
        0.030013911990668087,
        58895.375701144236,
        64990.99102846129,
        12083.142371988492,
        76926.55448790042,
        81543.87590711092,
        74544.60134967296,
        75628.10733511673,
        74489.51176017053,
        44487.764498032295,
        65544.9663857683,
        65771.70615057676,
        14570.972517354696,
        13603.890718843779,
        14244.52274387461,
        13987.320796700165,
        0.08998411580196548,
        61879.63086243426,
        53065.64992063931,
        17552.530730663973,
        62931.018198841346,
        76004.97937446217,
        66266.0443230169,
        62877.00678282528,
        60948.39100453166,
        66418.57254729365,
        62284.35569679318,
        66221.19838610876,
        47899.08173552309,
        13879.697859614731,
        13482.036152519093
      ],
      "residual_N": [
        3.4398288336450787e-12,
        1.8471238627740784e-17,
        2.944901073465497e-11,
        3.0664615859898245e-11,
        8.984821436228799e-12,
        5.167057588526836e-11,
        4.212916226290349e-11,
        4.9248167537408006e-11,
        6.180859743857536e-11,
        4.1629108350464914e-11,
        2.8047937530367485e-11,
        3.274751718643716e-11,
        4.300749833755892e-11,
        4.373043919764721e-12,
        3.9822846856653624e-12,
        4.0211052243576976e-12,
        3.902716802720465e-12,
        6.103150852145001e-17,
        3.340329920908075e-11,
        2.9948885250141084e-11,
        9.327593296291116e-12,
        3.297689170878299e-11,
        4.458095095149433e-11,
        3.543920897316519e-11,
        2.923498571782018e-11,
        3.28332416957633e-11,
        4.2466628461045647e-11,
        2.8109921288975902e-11,
        3.652904242466407e-11,
        1.583260360847385e-11,
        4.2359337750493415e-12,
        4.035657741451656e-12
      ],
      "rhs_N": [
        0.023395574825807692,
        1.636409192019573e-07,
        0.20720055948731797,
        0.20692426156083574,
        0.04507851036850226,
        0.2675146231570335,
        0.2835843897912151,
        0.25953596588443845,
        0.2630768708521579,
        0.2593544188221045,
        0.15995013978258632,
        0.2233999061043212,
        0.23629964799591852,
        0.04056775685589186,
        0.03824129161342615,
        0.03976793079788929,
        0.039148432797862946,
        4.741566946131005e-07,
        0.19684142684605,
        0.1926596067451107,
        0.06460863244069202,
        0.21348261894610693,
        0.25697306462667974,
        0.21961659444278844,
        0.2072903083140791,
        0.20732302097310643,
        0.23371300470545725,
        0.20612097215139683,
        0.21451260636129757,
        0.173813472621363,
        0.038891911185409495,
        0.037956492316591706
      ]
    },
    {
      "tick": 590,
      "phase": [
        0.984974958263773,
        0.9232053422370617,
        0.8614357262103506,
        0.7996661101836394,
        0.7378964941569283,
        0.6761268781302171,
        0.6143572621035058,
        0.5525876460767947,
        0.4908180300500835,
        0.4290484140233723,
        0.36727879799666113,
        0.3055091819699499,
        0.24373956594323873,
        0.18196994991652754,
        0.12020033388981637,
        0.05843071786310518,
        0.0,
        0.9365609348914858,
        0.8747913188647747,
        0.8130217028380634,
        0.7512520868113522,
        0.6894824707846411,
        0.6277128547579299,
        0.5659432387312188,
        0.5041736227045075,
        0.44240400667779634,
        0.3806343906510852,
        0.31886477462437396,
        0.2570951585976628,
        0.19532554257095158,
        0.1335559265442404,
        0.07178631051752922
      ],
      "height_m": [
        0.024014175067017262,
        0.056289571352077336,
        0.14341644934629513,
        0.14093265509101768,
        0.14907374516632094,
        0.14916974591190102,
        0.14937898134565716,
        0.14930199310740386,
        0.14335003221284476,
        0.10219396608640913,
        0.05074705204468696,
        0.029544848089707185,
        0.02946620028754469,
        0.029506157943208596,
        0.02963281747628024,
        0.029632817476280257,
        0.029632817476280257,
        0.02908581552776016,
        0.14908527872213828,
        0.14263446395176005,
        0.148706883368789,
        0.14925065119646388,
        0.14940331134006263,
        0.14920575893083454,
        0.14672815353487256,
        0.11325627248914386,
        0.0607177018256036,
        0.03023869792658426,
        0.029315010257025875,
        0.029460922613827937,
        0.02963281747628026,
        0.02963281747628025
      ],
      "contacts": [
        1,
        0,
        6,
        4,
        2,
        2,
        2,
        2,
        2,
        2,
        11,
        7,
        3,
        4,
        1,
        1,
        1,
        1,
        6,
        6,
        3,
        5,
        3,
        5,
        5,
        5,
        2,
        6,
        7,
        3,
        1,
        1
      ],
      "maximum_stress_Pa": [
        21960.43856579597,
        0.030010841359788334,
        58842.470923122724,
        65559.86610289777,
        17703.593890552194,
        77252.14841902124,
        81892.20126968357,
        75118.18063922555,
        76162.54691033272,
        74952.45772188077,
        44154.37779814173,
        64464.82091503952,
        65444.02757528996,
        71278.65899066476,
        13519.487486494905,
        14136.982660584437,
        13987.320796702794,
        14256.562010767298,
        61897.23208091732,
        53002.75847912063,
        16566.552336121596,
        63016.21793154829,
        76384.6247741956,
        66443.82264768868,
        63292.720878127184,
        61265.22641993907,
        66787.85950058186,
        57726.448736104045,
        65071.33560585232,
        71661.88672901806,
        13802.96648066202,
        13376.172171303597
      ],
      "residual_N": [
        6.675784680290688e-12,
        1.8466702934780565e-17,
        3.386193648503167e-11,
        3.0385752340726985e-11,
        9.616719908333964e-12,
        3.995619034634653e-11,
        4.808573863896789e-11,
        5.034891378808521e-11,
        5.514061181345727e-11,
        3.559569652410985e-11,
        3.001683750541046e-11,
        3.2643164389843425e-11,
        4.179849250580706e-11,
        2.943195751552669e-11,
        4.110616193316484e-12,
        3.843488040039255e-12,
        3.975067162611136e-12,
        6.781184545798208e-12,
        3.046010572385784e-11,
        3.525605265443347e-11,
        8.706787663805989e-12,
        2.9071749771384754e-11,
        3.6546965883495894e-11,
        3.195850580910076e-11,
        2.9399637578369363e-11,
        3.15072034194471e-11,
        4.5492926605503497e-11,
        3.399297067422253e-11,
        3.147013915952828e-11,
        4.155436817838439e-11,
        4.097323351346462e-12,
        3.659662791940496e-12
      ],
      "rhs_N": [
        0.05966744692800613,
        1.6364093866087294e-07,
        0.20672599286771082,
        0.20735992337510728,
        0.06186750426402931,
        0.26856959452840024,
        0.2850650985074935,
        0.2614604284298012,
        0.2648796678185129,
        0.26087811757845986,
        0.15941286922559414,
        0.21955202776513627,
        0.2357307555136941,
        0.24100329997595898,
        0.03804385299977145,
        0.03950780547428127,
        0.03914843279786447,
        0.03931264851556222,
        0.1966298976547338,
        0.19239943046898708,
        0.05911798632611843,
        0.21391289562003363,
        0.2581925473455466,
        0.22042588502772945,
        0.20833711625227685,
        0.20835325193948528,
        0.23486153120083528,
        0.17648554604148223,
        0.21164946642049356,
        0.25235231793027557,
        0.03871000140312914,
        0.037710378683737444
      ]
    },
    {
      "tick": 600,
      "phase": [
        0.0,
        0.9398998330550918,
        0.8781302170283807,
        0.8163606010016695,
        0.7545909849749582,
        0.6928213689482471,
        0.6310517529215359,
        0.5692821368948248,
        0.5075125208681135,
        0.44574290484140233,
        0.38397328881469117,
        0.32220367278797996,
        0.2604340567612688,
        0.1986644407345576,
        0.13689482470784642,
        0.07512520868113523,
        0.01335559265442404,
        0.9532554257095159,
        0.8914858096828047,
        0.8297161936560935,
        0.7679465776293823,
        0.7061769616026712,
        0.6444073455759599,
        0.5826377295492488,
        0.5208681135225376,
        0.4590984974958264,
        0.3973288814691152,
        0.335559265442404,
        0.27378964941569284,
        0.21202003338898165,
        0.15025041736227046,
        0.08848080133555927
      ],
      "height_m": [
        0.031850890355476,
        0.0259195011421996,
        0.1434151038601187,
        0.1409304587895482,
        0.1488888586027359,
        0.14916599360201255,
        0.1493750282538694,
        0.14936094882102507,
        0.14740210488539804,
        0.11607911645497307,
        0.0631837593304017,
        0.03095308134304574,
        0.029468147021380186,
        0.029505274275919403,
        0.02963281747628025,
        0.02963281747628026,
        0.02963281747628025,
        0.027588835208117873,
        0.1490839254391885,
        0.142632898573656,
        0.14869534624748038,
        0.1492320120085029,
        0.14939867230363593,
        0.1492286632014411,
        0.14844361386454252,
        0.12594034781353675,
        0.07444612147396498,
        0.034173945152231384,
        0.02931722808790619,
        0.029464210755227687,
        0.02963281747628026,
        0.029632817476280257
      ],
      "contacts": [
        0,
        1,
        6,
        4,
        2,
        2,
        2,
        2,
        2,
        2,
        11,
        6,
        3,
        6,
        1,
        1,
        1,
        1,
        6,
        6,
        4,
        4,
        3,
        5,
        5,
        5,
        2,
        6,
        7,
        3,
        1,
        1
      ],
      "maximum_stress_Pa": [
        0.0,
        10499.117290458853,
        58712.02513603658,
        65856.36032049985,
        16044.386026465032,
        77547.78886443061,
        82251.3087846258,
        75669.98015674026,
        76704.13673443373,
        75443.83215374303,
        43803.2482429741,
        61452.48010954589,
        65207.529306490804,
        64727.02816718612,
        13443.710975826516,
        14034.40104320947,
        13892.039651237727,
        13701.966009003347,
        61842.01868505781,
        52909.42327998526,
        62535.20870386985,
        14665.819719823327,
        76768.47230534139,
        66613.50811318902,
        63582.59755354449,
        61655.97585658424,
        67200.23636486098,
        56403.471664952536,
        64082.22442832588,
        71012.92511887926,
        13735.262453386642,
        13276.797863852791
      ],
      "residual_N": [
        0.0,
        3.3919609777005643e-12,
        3.343181251849883e-11,
        2.4930224984581288e-11,
        8.719669363830548e-12,
        5.0561140183549055e-11,
        4.4272692000757286e-11,
        5.078128734817496e-11,
        5.5977418683234254e-11,
        4.129262262789589e-11,
        3.3621375166763096e-11,
        3.583129590538484e-11,
        4.476829911787452e-11,
        2.8988144895596863e-11,
        3.7230175123505325e-12,
        3.9145753275595074e-12,
        4.052779206478218e-12,
        4.551451550062842e-12,
        3.156745414785966e-11,
        3.142281956944843e-11,
        3.181239829502003e-11,
        9.249990939515054e-12,
        3.822634889265312e-11,
        3.033116475200986e-11,
        3.011615943670949e-11,
        3.487940805445856e-11,
        5.2454365326115746e-11,
        2.858464936967946e-11,
        2.993271595680231e-11,
        4.173247371580147e-11,
        4.206185884707549e-12,
        4.249522894630537e-12
      ],
      "rhs_N": [
        0.0,
        0.02913915363448404,
        0.20610500530986192,
        0.2073982336149406,
        0.05604300489982367,
        0.2694293951932882,
        0.2864272452753449,
        0.26333019168198984,
        0.26675888864773867,
        0.2624957010910083,
        0.15896291676835075,
        0.21478795880821291,
        0.23539075207858998,
        0.22435985348740484,
        0.03786725147706686,
        0.039261152424820776,
        0.03892124657106324,
        0.03725153169243392,
        0.19626799863775438,
        0.19205925929775958,
        0.25195663349476666,
        0.05352590643513786,
        0.25929435753967833,
        0.22120362419368453,
        0.20937053626537963,
        0.20941582160818195,
        0.2361423647646702,
        0.1744183410708495,
        0.20937725520318337,
        0.2515977012486124,
        0.03855011445562314,
        0.03748053095588313
      ]
    },
    {
      "tick": 610,
      "phase": [
        0.01669449081803005,
        0.9565943238731219,
        0.8948247078464107,
        0.8330550918196995,
        0.7712854757929883,
        0.7095158597662772,
        0.6477462437395659,
        0.5859766277128547,
        0.5242070116861436,
        0.4624373956594324,
        0.4006677796327212,
        0.33889816360601005,
        0.27712854757929883,
        0.21535893155258765,
        0.15358931552587646,
        0.09181969949916528,
        0.03005008347245409,
        0.9699499165275459,
        0.9081803005008348,
        0.8464106844741236,
        0.7846410684474123,
        0.7228714524207012,
        0.66110183639399,
        0.5993322203672788,
        0.5375626043405676,
        0.47579298831385647,
        0.41402337228714525,
        0.3522537562604341,
        0.2904841402337229,
        0.2287145242070117,
        0.1669449081803005,
        0.10517529215358933
      ],
      "height_m": [
        0.02955680720401711,
        0.02048382878270068,
        0.14341376643552112,
        0.14092845863873193,
        0.14869633680947208,
        0.14914736638179002,
        0.14937101165208014,
        0.1493779219601289,
        0.14876454206376813,
        0.1283799477656064,
        0.07715390344754766,
        0.035588540264071905,
        0.029470048147606922,
        0.02950640529403307,
        0.029632817476280257,
        0.02963281747628026,
        0.02963281747628024,
        0.024061582521123268,
        0.13777513264664676,
        0.14263147826566605,
        0.14869071071255413,
        0.14884003599103984,
        0.14939397907093147,
        0.1492348151966533,
        0.14898713840626734,
        0.13638541166987594,
        0.08903450980702268,
        0.041545646892371904,
        0.02931942639681932,
        0.02946660119244363,
        0.029632817476280257,
        0.02963281747628026
      ],
      "contacts": [
        1,
        1,
        6,
        4,
        4,
        2,
        2,
        2,
        2,
        2,
        11,
        6,
        3,
        6,
        1,
        1,
        1,
        1,
        0,
        6,
        4,
        3,
        3,
        5,
        5,
        5,
        2,
        6,
        7,
        3,
        1,
        1
      ],
      "maximum_stress_Pa": [
        14373.896569446842,
        10142.516418862617,
        58533.310755676626,
        65949.39378303384,
        75628.15083502913,
        10369.083794233757,
        82599.88015903127,
        76216.14276160173,
        77256.07444284727,
        75954.08940988607,
        43512.6650500143,
        61499.26229966949,
        65054.10922048351,
        64285.9977837313,
        13377.232484082553,
        13937.98124788443,
        13775.332774907472,
        12383.824823861578,
        0.06295856948269944,
        52795.19549481255,
        66084.94351136111,
        21858.456464329956,
        77120.12586771975,
        66773.1776281879,
        63826.65253218373,
        62078.707665694055,
        67659.54931461117,
        55557.467665771204,
        63246.357982928545,
        70548.32602430879,
        13677.030613609242,
        13184.50048368237
      ],
      "residual_N": [
        4.333840763934914e-12,
        4.203014191965342e-12,
        3.549514546292149e-11,
        3.222297706784556e-11,
        3.663468097445007e-11,
        6.663768555109634e-12,
        6.00514344636328e-11,
        5.5851391872963064e-11,
        3.974564339450942e-11,
        4.280883779231355e-11,
        3.2889741393169655e-11,
        3.298069026138578e-11,
        5.435452199561195e-11,
        3.60738502999421e-11,
        4.095169998891793e-12,
        4.134594254286653e-12,
        3.969677212543473e-12,
        3.2042942122781256e-12,
        3.961615395022633e-17,
        2.828371940474164e-11,
        3.3671735207304915e-11,
        1.332749451100388e-11,
        4.014923381467517e-11,
        3.059935517023587e-11,
        3.2961997389633415e-11,
        3.6339295786415124e-11,
        3.132310345197055e-11,
        2.7739187786133932e-11,
        3.183419683670494e-11,
        4.6161019380043214e-11,
        4.432464089071607e-12,
        3.917774331738838e-12
      ],
      "rhs_N": [
        0.039974240699468935,
        0.024126197401402313,
        0.20538075778665266,
        0.20715044056915202,
        0.2492739542708142,
        0.040576010177834625,
        0.28765262342742876,
        0.26512229087276284,
        0.26869078997772755,
        0.2641887184791509,
        0.15874119958565472,
        0.21519334045222782,
        0.23526498448920724,
        0.22247623122087212,
        0.03771283758705197,
        0.039030631790927174,
        0.0386446765314625,
        0.03318723137370261,
        3.2938566600960373e-07,
        0.19165079765197615,
        0.2319020367717327,
        0.0814981297621188,
        0.26025505029054263,
        0.22194207237223262,
        0.21031287136467966,
        0.21048962903296367,
        0.23754402514220616,
        0.17329862960032785,
        0.20758629107470486,
        0.2507825525262504,
        0.03841299968941849,
        0.037268230413193604
      ]
    },
    {
      "tick": 620,
      "phase": [
        0.0333889816360601,
        0.9732888146911519,
        0.9115191986644408,
        0.8497495826377296,
        0.7879799666110184,
        0.7262103505843072,
        0.664440734557596,
        0.6026711185308848,
        0.5409015025041737,
        0.47913188647746247,
        0.41736227045075125,
        0.3555926544240401,
        0.2938230383973289,
        0.2320534223706177,
        0.17028380634390652,
        0.10851419031719532,
        0.04674457429048414,
        0.986644407345576,
        0.9248747913188649,
        0.8631051752921536,
        0.8013355592654424,
        0.7395659432387313,
        0.6777963272120201,
        0.6160267111853088,
        0.5542570951585977,
        0.4924874791318865,
        0.4307178631051753,
        0.36894824707846413,
        0.3071786310517529,
        0.24540901502504175,
        0.18363939899833057,
        0.12186978297161936
      ],
      "height_m": [
        0.02963161055452225,
        0.0219887973968647,
        0.12093209394295938,
        0.14092653616282222,
        0.1486921672671679,
        0.14892992387273116,
        0.149367086629322,
        0.1493815543706121,
        0.14919484021229001,
        0.13827981207856269,
        0.09181405951216771,
        0.04360865701695874,
        0.029471916062751447,
        0.02950752104291215,
        0.02963281747628026,
        0.029632817476280257,
        0.029632817476280226,
        0.020702173372446148,
        0.042564814464206804,
        0.1426301181202816,
        0.14868804463620142,
        0.14736544122289166,
        0.1493890642756867,
        0.149234303752554,
        0.14915856568160749,
        0.14378680862749382,
        0.10363258514260949,
        0.0519056239105028,
        0.029384133410560856,
        0.029468670413364012,
        0.029486001101571836,
        0.02963281747628026
      ],
      "contacts": [
        1,
        1,
        0,
        4,
        4,
        2,
        2,
        2,
        2,
        2,
        11,
        6,
        3,
        6,
        1,
        1,
        1,
        1,
        0,
        6,
        4,
        1,
        3,
        5,
        5,
        5,
        2,
        6,
        7,
        3,
        3,
        1
      ],
      "maximum_stress_Pa": [
        14611.922833533265,
        12697.54502965419,
        0.011648041292225379,
        65911.41426085189,
        76085.27973749259,
        12588.845166014582,
        82911.13444649497,
        76721.26219388064,
        77806.90107814257,
        76475.4739062013,
        43348.682324485904,
        61717.98163418076,
        64978.9932682497,
        63787.64580567822,
        13320.570694875587,
        13848.77740552841,
        13662.27362392506,
        12452.717180176678,
        0.06296159426412007,
        52661.79817379104,
        66157.24795716231,
        6062.064775360084,
        77425.50681338039,
        66864.04767289122,
        64060.25348713062,
        62488.041311427754,
        68157.11710034052,
        54912.45426606829,
        62902.63219294352,
        70172.1539286816,
        71027.44748149592,
        13099.918089603063
      ],
      "residual_N": [
        4.1553797157417546e-12,
        3.6449217624182905e-12,
        6.793346780394954e-18,
        2.7526480004555844e-11,
        3.986315985052165e-11,
        8.595180335397281e-12,
        4.4530112038335996e-11,
        5.343302759268343e-11,
        4.4217741258431345e-11,
        4.311044873470688e-11,
        2.9022766890705154e-11,
        3.208868244226845e-11,
        3.650835707074997e-11,
        2.987250300600459e-11,
        3.842165918027421e-12,
        4.3225237912766056e-12,
        4.04721391158527e-12,
        3.5990273205270886e-12,
        3.593827055790647e-17,
        3.228580762137549e-11,
        2.6645447374401483e-11,
        2.957754459028646e-12,
        4.570219905961445e-11,
        3.255290892161607e-11,
        3.6721009226447024e-11,
        3.5341712526793486e-11,
        3.836837278818217e-11,
        3.0028760878632946e-11,
        3.659824086072519e-11,
        4.322367042161061e-11,
        3.757782209913416e-11,
        4.0211660769987516e-12
      ],
      "rhs_N": [
        0.04066775865973199,
        0.027920641103205177,
        4.6771136438663844e-08,
        0.20669034160209335,
        0.2514425481219829,
        0.04709835479223433,
        0.2887248337882173,
        0.2668179619657499,
        0.27056898539576074,
        0.26594139657738747,
        0.1587974816958729,
        0.21574299899701735,
        0.23534315734909636,
        0.2217167534470141,
        0.037581619198747515,
        0.038818509077367516,
        0.03837830935813398,
        0.02848635191927696,
        3.293856708560077e-07,
        0.19117854347293708,
        0.2319361288564776,
        0.017830530993597965,
        0.26105671416200604,
        0.22262543169437185,
        0.21121948113052086,
        0.2115511971718139,
        0.23905425235706115,
        0.1727129700831208,
        0.19554135354476693,
        0.2501988417286801,
        0.2526350352946517,
        0.03707472172949762
      ]
    },
    {
      "tick": 630,
      "phase": [
        0.05008347245409015,
        0.989983305509182,
        0.9282136894824708,
        0.8664440734557596,
        0.8046744574290484,
        0.7429048414023373,
        0.6811352253756261,
        0.6193656093489148,
        0.5575959933222037,
        0.4958263772954925,
        0.4340567612687813,
        0.3722871452420701,
        0.31051752921535897,
        0.24874791318864775,
        0.18697829716193656,
        0.12520868113522537,
        0.06343906510851419,
        0.001669449081803005,
        0.9415692821368948,
        0.8797996661101837,
        0.8180300500834725,
        0.7562604340567612,
        0.6944908180300501,
        0.6327212020033389,
        0.5709515859766278,
        0.5091819699499165,
        0.44741235392320533,
        0.38564273789649417,
        0.32387312186978295,
        0.2621035058430718,
        0.2003338898163606,
        0.13856427378964942
      ],
      "height_m": [
        0.029632797478265114,
        0.021841426795407817,
        0.02295241249864312,
        0.14092463834510777,
        0.14868886306607282,
        0.14892472772018112,
        0.14936306671793476,
        0.14937912886316038,
        0.14932955857893626,
        0.14497623298771053,
        0.10631368273206941,
        0.054484719627646054,
        0.029655608939860863,
        0.029508526622262308,
        0.02922674501765088,
        0.02963281747628025,
        0.02963281747628024,
        0.0304298479823807,
        0.02898632346571494,
        0.1426287816351909,
        0.14868591159957137,
        0.1407907570160949,
        0.14938392814033427,
        0.14923120693001568,
        0.14921187219844995,
        0.14747610151096854,
        0.1173948536576383,
        0.06453078658862593,
        0.031062228857210338,
        0.029470611839381756,
        0.029488444142006756,
        0.029632817476280257
      ],
      "contacts": [
        1,
        1,
        1,
        4,
        4,
        2,
        2,
        2,
        2,
        2,
        10,
        6,
        3,
        6,
        4,
        1,
        1,
        0,
        1,
        6,
        4,
        3,
        3,
        5,
        5,
        5,
        2,
        6,
        6,
        3,
        4,
        1
      ],
      "maximum_stress_Pa": [
        14510.99960715242,
        29297.718318163894,
        267055.10945860966,
        65785.9775396486,
        75982.52336706729,
        17033.72249208616,
        83197.09534959674,
        77113.03251639691,
        78330.52462499829,
        77001.6366919537,
        44000.696198846825,
        61973.172877097495,
        64458.733316498896,
        63279.15817878675,
        91490.0588888324,
        13767.658181242623,
        13553.81402478169,
        0.0,
        15090.111454051386,
        52510.62829838091,
        65987.84117346707,
        22923.043476472918,
        77677.94705136387,
        66970.99847056747,
        64284.7795670104,
        62799.485459305324,
        68685.92326393897,
        54398.75583288656,
        58041.66571696718,
        69883.53518113449,
        70718.69248674605,
        13023.661084771109
      ],
      "residual_N": [
        4.3587660030722766e-12,
        9.365111460929623e-12,
        1.0104849914976044e-10,
        3.21344859424599e-11,
        4.088468983973397e-11,
        1.0044690707645661e-11,
        4.835468774654902e-11,
        4.206117182405609e-11,
        4.160325038764908e-11,
        3.7782305390227925e-11,
        3.20454526792879e-11,
        3.323371540100696e-11,
        3.857588372880861e-11,
        2.8577096264555505e-11,
        4.094461386699831e-11,
        4.045337827490977e-12,
        4.0893692084117765e-12,
        0.0,
        7.232117648717998e-12,
        3.0205959642342476e-11,
        3.131380716747513e-11,
        1.0733057833962461e-11,
        3.938616495778288e-11,
        2.942596038435347e-11,
        2.9480695793914683e-11,
        3.4733856181591466e-11,
        4.0367748764976324e-11,
        2.7377683130114183e-11,
        2.965155510165168e-11,
        4.164783085256407e-11,
        4.200688933107378e-11,
        3.963554029927124e-12
      ],
      "rhs_N": [
        0.040419647851667954,
        0.0775140133665006,
        0.7396889712847592,
        0.20607094884669153,
        0.25126732239283245,
        0.06133284517477176,
        0.28962921299558775,
        0.26839860090430134,
        0.27239616604553313,
        0.2677381738028035,
        0.1613378558200472,
        0.2163721837760245,
        0.22780080214626866,
        0.2210858938100948,
        0.3156548709570896,
        0.03862655068077253,
        0.03812405811659936,
        0.0,
        0.04117542775756499,
        0.19064736769686946,
        0.23160549235640596,
        0.07165272025266417,
        0.2616844931666849,
        0.2232472697218935,
        0.21209623257082447,
        0.2126169310964166,
        0.2406621614935007,
        0.17249470839391332,
        0.17595334993758396,
        0.24985543905142144,
        0.2538694443111733,
        0.036901086084347404
      ]
    },
    {
      "tick": 640,
      "phase": [
        0.0667779632721202,
        0.005008347245409015,
        0.9449081803005008,
        0.8831385642737897,
        0.8213689482470785,
        0.7595993322203674,
        0.6978297161936561,
        0.6360601001669449,
        0.5742904841402338,
        0.5125208681135226,
        0.4507512520868114,
        0.38898163606010017,
        0.327212020033389,
        0.2654424040066778,
        0.20367278797996663,
        0.14190317195325544,
        0.08013355592654424,
        0.018363939899833055,
        0.9582637729549249,
        0.8964941569282138,
        0.8347245409015025,
        0.7729549248747913,
        0.7111853088480802,
        0.649415692821369,
        0.5876460767946577,
        0.5258764607679466,
        0.4641068447412354,
        0.4023372287145242,
        0.34056761268781305,
        0.27879799666110183,
        0.21702838063439064,
        0.15525876460767948
      ],
      "height_m": [
        0.02963281714469452,
        0.028792441182982714,
        0.021921826168874548,
        0.14092274546188346,
        0.14868602505942896,
        0.14891989406829184,
        0.14935894250032325,
        0.14937480540092185,
        0.14937054386177095,
        0.1479853296988014,
        0.119809756452134,
        0.06746708207988251,
        0.031930601196240985,
        0.0295094720913021,
        0.02923745773768217,
        0.02963281747628024,
        0.02963281747628025,
        0.029585074200497333,
        0.02753354334964683,
        0.14262745411120986,
        0.14868403494665802,
        0.1407885212202061,
        0.14934510019370698,
        0.14922816436511002,
        0.14922768862334201,
        0.1486913368035346,
        0.1294896595128677,
        0.07860662107117537,
        0.036045931245557015,
        0.029472490061786545,
        0.02949015347254419,
        0.02963281747628025
      ],
      "contacts": [
        1,
        1,
        1,
        4,
        4,
        2,
        2,
        2,
        2,
        2,
        10,
        6,
        2,
        6,
        5,
        1,
        1,
        1,
        1,
        6,
        4,
        4,
        3,
        5,
        5,
        5,
        2,
        6,
        6,
        3,
        4,
        1
      ],
      "maximum_stress_Pa": [
        14409.067527862067,
        60114.047031762995,
        11078.617042487844,
        65599.9055980544,
        75753.85822378162,
        15490.157430698211,
        83442.79387783768,
        77527.13906741334,
        78841.7578273353,
        77540.06746931271,
        44342.27094362156,
        62205.83992600928,
        65007.65670720078,
        62819.530023584455,
        80317.77117308768,
        13695.215260793808,
        13451.196119146778,
        14587.470391554005,
        14855.617750707379,
        52343.09333935793,
        65770.01754118275,
        60791.1738356372,
        11077.820466557785,
        67099.12587402268,
        64497.146820265174,
        62982.463885455305,
        69238.22464135103,
        54037.5528892085,
        56893.91816152284,
        69678.8452777827,
        70339.4380835489,
        12956.547782208801
      ],
      "residual_N": [
        4.598134581535119e-12,
        1.978248778544953e-11,
        3.31280771075309e-12,
        2.840719623663194e-11,
        4.1848479993060405e-11,
        9.347004329971046e-12,
        4.256731721010897e-11,
        4.72850043237748e-11,
        4.57815972687198e-11,
        3.662944710620277e-11,
        2.750955302029886e-11,
        3.287871627821303e-11,
        3.941046327635676e-11,
        2.4013017193798333e-11,
        4.9642435750467895e-11,
        4.033730894138945e-12,
        3.671086314948417e-12,
        4.235426594195472e-12,
        4.650935789811894e-12,
        3.079334885151417e-11,
        3.3006675609866447e-11,
        3.266472598377957e-11,
        7.248218783868361e-12,
        3.4432051393364234e-11,
        3.514086800702214e-11,
        3.4442502596308645e-11,
        3.490810980628075e-11,
        3.174235781275073e-11,
        2.70793531243439e-11,
        4.230746582306203e-11,
        5.218084254180235e-11,
        4.1358008588093426e-12
      ],
      "rhs_N": [
        0.040169162362151116,
        0.1685187030232112,
        0.02875603197130305,
        0.20532990271050924,
        0.25062621257464185,
        0.05624274892558925,
        0.2903528466241243,
        0.26984532609971634,
        0.2741577088684958,
        0.26964429350458496,
        0.16201250735206252,
        0.21706023770284613,
        0.2289383401892816,
        0.22060745576330865,
        0.2810178697206075,
        0.03845577941748699,
        0.03788466814280647,
        0.040546858623397394,
        0.040467038879717546,
        0.19006270693855704,
        0.23118357411903148,
        0.20828133822587927,
        0.04270210156009512,
        0.22381388006886224,
        0.2129355342078605,
        0.213661121320524,
        0.24235524307755882,
        0.17260207441116002,
        0.1740956473381014,
        0.24973926390402348,
        0.2534917254576154,
        0.03674892110087574
      ]
    },
    {
      "tick": 650,
      "phase": [
        0.08347245409015025,
        0.021702838063439065,
        0.9616026711185309,
        0.8998330550918198,
        0.8380634390651085,
        0.7762938230383973,
        0.7145242070116862,
        0.652754590984975,
        0.5909849749582637,
        0.5292153589315526,
        0.4674457429048414,
        0.4056761268781302,
        0.34390651085141904,
        0.28213689482470783,
        0.22036727879799667,
        0.15859766277128548,
        0.09682804674457429,
        0.035058430717863104,
        0.9749582637729549,
        0.9131886477462438,
        0.8514190317195326,
        0.7896494156928214,
        0.7278797996661102,
        0.666110183639399,
        0.6043405676126878,
        0.5425709515859767,
        0.48080133555926546,
        0.41903171953255425,
        0.3572621035058431,
        0.29549248747913187,
        0.2337228714524207,
        0.17195325542570952
      ],
      "height_m": [
        0.029632817470782207,
        0.029619440772582672,
        0.02257154464736922,
        0.14092085153978,
        0.1486834170430372,
        0.14891512793675565,
        0.1492531893315048,
        0.14937037227284453,
        0.14938181191580527,
        0.1489498609219897,
        0.13147396622550447,
        0.08173213001628486,
        0.03760834294350635,
        0.029510391144333063,
        0.02924355838796718,
        0.029632817476280226,
        0.029632817476280257,
        0.029632047297720766,
        0.023783838115855774,
        0.11280969196669596,
        0.14868227023863914,
        0.14078555497989825,
        0.149194831901474,
        0.1492252308129192,
        0.1492315207352155,
        0.1490755518739787,
        0.13910249655369827,
        0.09328851655619379,
        0.04438210594827201,
        0.029474327047611965,
        0.02949171479331066,
        0.02963281747628024
      ],
      "contacts": [
        1,
        1,
        1,
        4,
        4,
        2,
        2,
        2,
        2,
        2,
        10,
        6,
        2,
        6,
        5,
        1,
        1,
        1,
        1,
        0,
        4,
        4,
        2,
        5,
        5,
        5,
        2,
        6,
        6,
        3,
        4,
        1
      ],
      "maximum_stress_Pa": [
        14311.886750932164,
        13671.016987586547,
        13298.534654966414,
        65370.43282103421,
        75467.19506901859,
        77371.02992008314,
        11219.652143040053,
        77911.79280387842,
        79340.49586013054,
        78087.1052627693,
        44399.23907971961,
        62398.6074206724,
        65291.08042472507,
        62428.56161523629,
        78086.26433860493,
        13631.97273002721,
        13355.513049632433,
        14692.150940109024,
        11992.272053672064,
        0.011731441428430536,
        65511.934809241466,
        60984.601021788854,
        12969.540176020888,
        67224.49863768216,
        64685.33472527487,
        63131.47225671734,
        69806.81910248195,
        53871.62274145219,
        56078.72387466407,
        69554.28263746388,
        69978.49504269213,
        12899.243975546055
      ],
      "residual_N": [
        4.5627161585844416e-12,
        3.959123760692961e-12,
        4.2444045411797386e-12,
        2.9391733700237443e-11,
        3.8255324560697775e-11,
        5.374617309183013e-11,
        7.419892884876527e-12,
        4.317927498057453e-11,
        4.1646010511725686e-11,
        4.550483561982452e-11,
        3.221928539505652e-11,
        3.402078227092415e-11,
        4.221418869629986e-11,
        3.10274803246309e-11,
        4.161380364401012e-11,
        4.087385911336912e-12,
        3.681695282101771e-12,
        4.4903949866409926e-12,
        3.996369509667552e-12,
        7.715387163358484e-18,
        3.661851842310679e-11,
        2.6971272523444515e-11,
        7.72976904924913e-12,
        3.105511855968953e-11,
        3.0626097376953874e-11,
        3.4699186037855076e-11,
        4.203701371243179e-11,
        2.616124834294778e-11,
        3.1268417071822086e-11,
        4.626653573351827e-11,
        4.178686693171697e-11,
        3.901641851795375e-12
      ],
      "rhs_N": [
        0.039931720731218076,
        0.03837614041076393,
        0.02956147144885453,
        0.20449500993761172,
        0.24981893651952486,
        0.26835857031881166,
        0.04428446820458912,
        0.2711369642396225,
        0.2758361030059478,
        0.2715393735790314,
        0.16269590197456946,
        0.21781141064282267,
        0.22973653628194568,
        0.22029755370036788,
        0.27415783658518306,
        0.03830715139613893,
        0.03766249433684361,
        0.04086766864087447,
        0.03211912699641833,
        5.821681397015789e-08,
        0.23068243695233756,
        0.20932055945257336,
        0.048460860343223056,
        0.22431309857283652,
        0.2137239080185189,
        0.21464573051985703,
        0.24412094216969274,
        0.1729926445839453,
        0.17308092688820012,
        0.24983808362168777,
        0.2529667879157697,
        0.03661949402802293
      ]
    },
    {
      "tick": 660,
      "phase": [
        0.1001669449081803,
        0.038397328881469114,
        0.9782971619365609,
        0.9165275459098498,
        0.8547579298831386,
        0.7929883138564274,
        0.7312186978297163,
        0.669449081803005,
        0.6076794657762938,
        0.5459098497495827,
        0.48414023372287146,
        0.4223706176961603,
        0.3606010016694491,
        0.2988313856427379,
        0.2370617696160267,
        0.17529215358931552,
        0.11352253756260434,
        0.05175292153589316,
        0.991652754590985,
        0.9298831385642738,
        0.8681135225375626,
        0.8063439065108514,
        0.7445742904841403,
        0.6828046744574291,
        0.6210350584307179,
        0.5592654424040067,
        0.4974958263772955,
        0.43572621035058434,
        0.3739565943238731,
        0.31218697829716197,
        0.25041736227045075,
        0.18864774624373956
      ],
      "height_m": [
        0.029632817476189104,
        0.029632597395760987,
        0.020715289376197224,
        0.09442975694329765,
        0.14868090835233885,
        0.1489113225000924,
        0.14914182297873743,
        0.14936576461661713,
        0.14938333915802518,
        0.1492539268584245,
        0.14049513147254153,
        0.09643267120921635,
        0.04655263294699093,
        0.02951129889621182,
        0.02924820520700768,
        0.02963281747628024,
        0.02963281747628026,
        0.029632804711598217,
        0.021436649303400654,
        0.02087724257683999,
        0.14868055102405667,
        0.1407832418388765,
        0.1491256427077611,
        0.14922222504455077,
        0.14922958481108742,
        0.14919627112192466,
        0.14543253048489835,
        0.10772651607186465,
        0.05550605265439848,
        0.029751637340129804,
        0.029493230459426062,
        0.02920952317303414
      ],
      "contacts": [
        1,
        1,
        2,
        0,
        4,
        2,
        2,
        2,
        2,
        2,
        10,
        6,
        2,
        6,
        5,
        1,
        1,
        1,
        1,
        1,
        4,
        4,
        2,
        5,
        5,
        5,
        2,
        6,
        6,
        3,
        4,
        4
      ],
      "maximum_stress_Pa": [
        14220.749910887605,
        13604.817591896903,
        25886.61726453549,
        0.20802304778936193,
        75128.61254427853,
        77675.72362147464,
        17236.29690797936,
        78248.72033797893,
        79761.35380279379,
        78619.63285164857,
        44444.56905514106,
        62542.20066197288,
        65634.56104976886,
        62108.55785936653,
        76213.00993258225,
        13578.510862521061,
        13267.51893248643,
        14591.430702671754,
        14703.710917811242,
        30647.00911860279,
        65217.6137313341,
        60915.25587887631,
        17284.901632659825,
        67336.71336332723,
        64807.120670233904,
        63272.332486246,
        70385.17013748329,
        53933.05700638061,
        55400.03573391237,
        69339.87412126685,
        69686.87959493524,
        90564.75839160157
      ],
      "residual_N": [
        4.070571884118261e-12,
        5.082533219648375e-12,
        8.087496685436263e-12,
        1.340343853572857e-16,
        3.988711438984427e-11,
        4.4109031708500286e-11,
        9.808059355609456e-12,
        3.93206090193227e-11,
        4.4611720903937105e-11,
        4.4592591969047284e-11,
        3.3230744896025195e-11,
        3.4891239275067474e-11,
        4.156994575113099e-11,
        3.274818846564153e-11,
        4.220837574642737e-11,
        4.1033696070454615e-12,
        3.908296837281399e-12,
        3.539203434045266e-12,
        6.7064791558267404e-12,
        1.195045042318198e-11,
        3.346078910517708e-11,
        2.9350111986325096e-11,
        1.0699071867026414e-11,
        3.174789559272744e-11,
        3.2433829567556476e-11,
        3.916882117738318e-11,
        4.6173592971326237e-11,
        2.57701775531358e-11,
        3.453519301610443e-11,
        5.992233291428174e-11,
        4.779541925554477e-11,
        5.1897458514701435e-11
      ],
      "rhs_N": [
        0.0397102862821628,
        0.038243097675739544,
        0.057058004690671335,
        1.0984245023162771e-06,
        0.24887000119864278,
        0.26948620777303717,
        0.06277875046599037,
        0.2722544074073595,
        0.2774134435681749,
        0.27337800102780135,
        0.16360343872418057,
        0.21862029570077315,
        0.23072388591377738,
        0.22015042419260725,
        0.2690324111125096,
        0.038181841705311026,
        0.03745913530023349,
        0.040618374420858465,
        0.03374323746791647,
        0.08574086622321409,
        0.23010937784937877,
        0.20900349852595865,
        0.060918468148521705,
        0.22473398196639482,
        0.21444697041122218,
        0.2155956191019341,
        0.2459456514875856,
        0.1736080890334232,
        0.1725239650111461,
        0.2424803013772868,
        0.2526311875782596,
        0.3065740852868678
      ]
    },
    {
      "tick": 670,
      "phase": [
        0.11686143572621036,
        0.05509181969949917,
        0.994991652754591,
        0.9332220367278798,
        0.8714524207011687,
        0.8096828046744574,
        0.7479131886477463,
        0.6861435726210351,
        0.6243739565943239,
        0.5626043405676127,
        0.5008347245409015,
        0.43906510851419034,
        0.3772954924874791,
        0.31552587646076796,
        0.25375626043405675,
        0.19198664440734559,
        0.1302170283806344,
        0.06844741235392321,
        0.00667779632721202,
        0.9465776293823038,
        0.8848080133555927,
        0.8230383973288815,
        0.7612687813021703,
        0.6994991652754591,
        0.6377295492487479,
        0.5759599332220368,
        0.5141903171953256,
        0.4524207011686144,
        0.39065108514190316,
        0.328881469115192,
        0.2671118530884808,
        0.20534223706176963
      ],
      "height_m": [
        0.02963281747627876,
        0.02963281382756662,
        0.022243878692526566,
        0.019861917012428124,
        0.1486784402600362,
        0.1489081548602256,
        0.14913668312973874,
        0.14936088637567066,
        0.14937989917033434,
        0.14934859577174917,
        0.1460745774489701,
        0.11071944287516586,
        0.058141741669786154,
        0.03005376318746832,
        0.029252353916181043,
        0.029303176421980284,
        0.02963281747628026,
        0.029632817264629033,
        0.02964825045978595,
        0.025955922489526065,
        0.14867884946882626,
        0.1407813241506765,
        0.149032507108887,
        0.14921914711203793,
        0.1492261100650637,
        0.14923343860487068,
        0.14813152681110228,
        0.12107850800664664,
        0.06865599762253123,
        0.03234605214933985,
        0.029494721146380312,
        0.029221050076335728
      ],
      "contacts": [
        1,
        1,
        1,
        1,
        4,
        2,
        2,
        2,
        2,
        2,
        10,
        6,
        2,
        6,
        5,
        6,
        1,
        1,
        1,
        1,
        4,
        4,
        2,
        5,
        5,
        5,
        2,
        6,
        6,
        2,
        4,
        4
      ],
      "maximum_stress_Pa": [
        14136.718443630305,
        13494.258749716835,
        12379.536212763056,
        554.8077385896435,
        74742.16405702116,
        77494.35076474487,
        17330.203299155804,
        78548.7463603442,
        80125.73708874758,
        79123.47159039007,
        44732.055148240266,
        62634.04539718982,
        66030.1181460219,
        60107.435561867445,
        74600.97662262566,
        78511.24159142456,
        13187.76338439616,
        14491.186736460322,
        15498.76547986726,
        9061.469743988659,
        64890.39564395841,
        60825.64474292522,
        33282.65129902499,
        67431.61750553017,
        64956.769454222514,
        63405.899044886864,
        70983.88160473864,
        54231.720930309406,
        54839.25763030233,
        69563.69750099443,
        69469.09452310186,
        85379.15197947112
      ],
      "residual_N": [
        4.39716725481578e-12,
        4.047415893922853e-12,
        3.3714186891733115e-12,
        3.6294247840752634e-13,
        4.507987940433408e-11,
        4.773790084383256e-11,
        9.3161885919872e-12,
        4.011472704703251e-11,
        4.439909238943386e-11,
        5.1357968391803824e-11,
        3.6291691178744746e-11,
        2.991960438456316e-11,
        4.1358829635841545e-11,
        3.674356519549346e-11,
        4.1929243087987486e-11,
        5.104363365850014e-11,
        4.0765264573424996e-12,
        4.8420882174568485e-12,
        4.348316303206924e-12,
        3.1324952961173345e-12,
        4.0677383892717826e-11,
        2.784724319565334e-11,
        1.8258754195881576e-11,
        3.358909592132388e-11,
        3.5227259425086177e-11,
        4.2362066809783415e-11,
        5.27136781674168e-11,
        3.1559852116384006e-11,
        2.994615797705554e-11,
        5.042194309559508e-11,
        4.4716311079505406e-11,
        5.979143899607781e-11
      ],
      "rhs_N": [
        0.03950716833139131,
        0.037984980322948954,
        0.03374423585510499,
        0.002143794398020254,
        0.24779218390140006,
        0.2689171324777915,
        0.06298104759435968,
        0.2731817721551992,
        0.2788696322632757,
        0.2751599803511278,
        0.16472293091878887,
        0.2194746290525391,
        0.23189512124639947,
        0.21160660768503942,
        0.2650602352579798,
        0.25817081471282666,
        0.03727571561082163,
        0.040370863070370695,
        0.042950553682647004,
        0.021691241975043025,
        0.22947164130401806,
        0.20858327008256333,
        0.1123912863498181,
        0.22506884926693635,
        0.2151044035838077,
        0.21650763663302214,
        0.24789592961639345,
        0.17440367699165982,
        0.17233391023325956,
        0.24318901319431455,
        0.25249295791863735,
        0.28889724808469713
      ]
    },
    {
      "tick": 680,
      "phase": [
        0.1335559265442404,
        0.07178631051752922,
        0.01001669449081803,
        0.9499165275459098,
        0.8881469115191987,
        0.8263772954924875,
        0.7646076794657763,
        0.7028380634390651,
        0.6410684474123539,
        0.5792988313856428,
        0.5175292153589316,
        0.4557595993322204,
        0.3939899833055092,
        0.332220367278798,
        0.27045075125208684,
        0.20868113522537562,
        0.14691151919866444,
        0.08514190317195326,
        0.02337228714524207,
        0.9632721202003339,
        0.9015025041736228,
        0.8397328881469115,
        0.7779632721202003,
        0.7161936560934892,
        0.654424040066778,
        0.5926544240400667,
        0.5308848080133556,
        0.4691151919866444,
        0.40734557595993326,
        0.34557595993322204,
        0.2838063439065109,
        0.22203672787979967
      ],
      "height_m": [
        0.029632817476280247,
        0.029632817415780614,
        0.029154749295717066,
        0.024016820297596383,
        0.1486759885979759,
        0.1489053543949339,
        0.14913142295490883,
        0.1493558535471713,
        0.14937558380716037,
        0.14937687644526448,
        0.14823141120132877,
        0.12375303483400177,
        0.07159543315397683,
        0.033309161881960196,
        0.0292563119228526,
        0.02930914889834462,
        0.029632817476280257,
        0.029632817472770853,
        0.0296330751606005,
        0.02430338725851187,
        0.14802657743709474,
        0.14077959905887613,
        0.14897765613554118,
        0.1491157317730901,
        0.14922253451404668,
        0.1492441210480113,
        0.14899152118901937,
        0.13251756410334858,
        0.08300397380596111,
        0.038372068391229544,
        0.029496190004336485,
        0.029228027187954524
      ],
      "contacts": [
        1,
        1,
        1,
        0,
        4,
        2,
        2,
        2,
        2,
        2,
        10,
        6,
        2,
        5,
        5,
        6,
        1,
        1,
        1,
        1,
        4,
        4,
        3,
        2,
        5,
        5,
        2,
        6,
        6,
        2,
        4,
        4
      ],
      "maximum_stress_Pa": [
        14060.682720190138,
        13388.412882245635,
        13460.438270429846,
        138.7360814626094,
        74312.92763990418,
        77218.03659598666,
        64851.35401575247,
        37556.726567019956,
        80500.10007309033,
        79625.05780033111,
        45210.409124670245,
        62764.663821951806,
        66465.69536583216,
        60415.899861218655,
        73202.73866062467,
        74844.04854315794,
        13116.831283828706,
        14395.593020040933,
        15216.020767123278,
        9719.674872935617,
        3995.9855449673482,
        60717.825156270934,
        77033.5059176353,
        11383.19792041078,
        65113.25479887726,
        63530.57156701983,
        71594.7864212724,
        54751.201428187764,
        54444.493959432366,
        69818.65299501475,
        69322.78695091487,
        82337.87671661489
      ],
      "residual_N": [
        3.7996822898176384e-12,
        4.696387537584542e-12,
        4.2705927233996824e-12,
        9.040326058749701e-14,
        4.027713518578415e-11,
        4.1925182683150905e-11,
        3.873183993030913e-11,
        1.98413395805384e-11,
        4.7199956543274626e-11,
        4.029186635860644e-11,
        2.9104131235459716e-11,
        3.4301293196304814e-11,
        4.0619600821241714e-11,
        3.628120639432763e-11,
        4.8621414342847996e-11,
        3.1992824474877636e-11,
        4.292351531445179e-12,
        4.476820339520746e-12,
        4.485746499806523e-12,
        4.110878626758828e-12,
        2.2060493591045237e-12,
        3.315877391844834e-11,
        3.5459014892880757e-11,
        6.366396036200221e-12,
        3.3702992351344544e-11,
        3.2894660649312267e-11,
        3.9040085624286584e-11,
        3.87348794908019e-11,
        2.6120541513854253e-11,
        4.635275270968708e-11,
        3.8050230022735044e-11,
        3.8063378099953326e-11
      ],
      "rhs_N": [
        0.03932420846327059,
        0.03773877280438727,
        0.03748821556766985,
        0.0006667117563022646,
        0.24660053225211204,
        0.26803307002365057,
        0.22511373230544002,
        0.1308843876657148,
        0.280188041556463,
        0.2768734908673757,
        0.16594708296293476,
        0.22035909466543038,
        0.23323416428630206,
        0.2119119319867117,
        0.2619619807077122,
        0.24691182577915813,
        0.037113338260717964,
        0.04013615925143751,
        0.04218876054232639,
        0.022963171870624,
        0.01580076676919356,
        0.20808449215379737,
        0.258441136701015,
        0.04530743025743286,
        0.21569729840489044,
        0.21737219158172413,
        0.24984238006532297,
        0.1753697591134612,
        0.1724814634868465,
        0.24403678000127446,
        0.2525436175381639,
        0.28186767187394285
      ]
    },
    {
      "tick": 690,
      "phase": [
        0.15025041736227046,
        0.08848080133555927,
        0.02671118530884808,
        0.9666110183639399,
        0.9048414023372288,
        0.8430717863105176,
        0.7813021702838063,
        0.7195325542570952,
        0.657762938230384,
        0.5959933222036728,
        0.5342237061769616,
        0.4724540901502504,
        0.41068447412353926,
        0.34891485809682804,
        0.2871452420701169,
        0.2253756260434057,
        0.1636060100166945,
        0.10183639398998331,
        0.04006677796327212,
        0.979966611018364,
        0.9181969949916527,
        0.8564273789649416,
        0.7946577629382304,
        0.7328881469115193,
        0.671118530884808,
        0.6093489148580968,
        0.5475792988313857,
        0.48580968280467446,
        0.4240400667779633,
        0.3622704507512521,
        0.3005008347245409,
        0.23873121869782973
      ],
      "height_m": [
        0.029632817476280243,
        0.02963281747527712,
        0.029625731232595334,
        0.021115397921950052,
        0.14500224136093667,
        0.14890272418189612,
        0.14912706642384282,
        0.14916038847252727,
        0.14937124531722204,
        0.14938411561332843,
        0.1489161831649905,
        0.13471014177537838,
        0.08607982505342357,
        0.0400164600983611,
        0.029260174068730684,
        0.029313026979375902,
        0.02963281747628025,
        0.029632817476222078,
        0.029632821749620345,
        0.023573339688924645,
        0.09246907341049392,
        0.14077795647676764,
        0.14897366637116533,
        0.14879836261759052,
        0.1492187579240388,
        0.1492459197342939,
        0.1492626897197141,
        0.14123335587002264,
        0.09770148180490647,
        0.04761603231126187,
        0.029497769357332084,
        0.02923359891019679
      ],
      "contacts": [
        1,
        1,
        1,
        1,
        0,
        2,
        2,
        2,
        2,
        2,
        10,
        6,
        2,
        5,
        5,
        6,
        1,
        1,
        1,
        1,
        0,
        4,
        3,
        2,
        5,
        5,
        2,
        6,
        6,
        2,
        4,
        4
      ],
      "maximum_stress_Pa": [
        13993.42687606834,
        13289.068458640933,
        14388.86026525795,
        44262.09813835971,
        0.0818702508429698,
        76888.14098063996,
        83395.69664386768,
        10737.506169434859,
        80841.00322721819,
        80105.18476800805,
        45566.28729478669,
        63117.659219426765,
        66929.50524433034,
        60581.5518061234,
        71990.26133939288,
        73353.4831184974,
        13055.23090584361,
        14305.92509587806,
        15116.539106573144,
        10006.628498359394,
        0.02949320733679155,
        60591.80632636117,
        77282.5305621434,
        12311.217890384407,
        65258.28891641258,
        63629.47296234761,
        72188.63220554244,
        55443.4108506523,
        54270.31532942207,
        70113.53349202269,
        69554.0356975143,
        80009.96554493661
      ],
      "residual_N": [
        5.0070159265484145e-12,
        4.408087514986413e-12,
        4.430833123600975e-12,
        1.4346697945318666e-11,
        4.729146635723012e-17,
        4.5928458691185494e-11,
        4.674527571433904e-11,
        6.9581668691207405e-12,
        4.439528897208725e-11,
        5.413102992105266e-11,
        3.207158977189177e-11,
        3.08378189988449e-11,
        4.408833151493991e-11,
        3.3264119496032835e-11,
        4.741895286606612e-11,
        4.423053082664689e-11,
        3.8352684943699054e-12,
        4.234918922952818e-12,
        4.811467314118119e-12,
        3.156191072875079e-12,
        2.0770997680607623e-17,
        2.955852339180897e-11,
        4.212300706027281e-11,
        7.546645005906542e-12,
        3.3072837638328446e-11,
        3.141204186918437e-11,
        5.067397333741066e-11,
        2.893994211982628e-11,
        2.797747482060718e-11,
        3.3039440996707715e-11,
        4.129498785264208e-11,
        3.8567194993378185e-11
      ],
      "rhs_N": [
        0.03916303477301791,
        0.03750884274026913,
        0.04011043052273504,
        0.10647898372202269,
        4.254816907345198e-07,
        0.26694906914754923,
        0.2898717172725678,
        0.04256384440719764,
        0.2813535815677191,
        0.27849852293187344,
        0.166931032923618,
        0.22125722488916283,
        0.23471465959419796,
        0.2124199753109626,
        0.25956718068188406,
        0.24317948600965558,
        0.036972875127430756,
        0.039917198973491386,
        0.04193567310884954,
        0.026757308984694736,
        1.5710517948025208e-07,
        0.207511404337885,
        0.2594586957939293,
        0.04827596919147078,
        0.2162132714019956,
        0.21817891433743516,
        0.2517644047894876,
        0.17651382823312445,
        0.17291101120493851,
        0.24502653763416538,
        0.2527570211171372,
        0.27678179841093065
      ]
    },
    {
      "tick": 700,
      "phase": [
        0.1669449081803005,
        0.10517529215358933,
        0.04340567612687813,
        0.98330550918197,
        0.9215358931552587,
        0.8597662771285476,
        0.7979966611018364,
        0.7362270450751253,
        0.674457429048414,
        0.6126878130217028,
        0.5509181969949917,
        0.48914858096828046,
        0.4273789649415693,
        0.36560934891485813,
        0.3038397328881469,
        0.24207011686143573,
        0.18030050083472454,
        0.11853088480801335,
        0.05676126878130217,
        0.996661101836394,
        0.9348914858096828,
        0.8731218697829717,
        0.8113522537562604,
        0.7495826377295493,
        0.6878130217028381,
        0.6260434056761269,
        0.5642737896494157,
        0.5025041736227045,
        0.44073455759599334,
        0.3789649415692821,
        0.31719532554257096,
        0.2554257095158598
      ],
      "height_m": [
        0.02963281747628023,
        0.029632817476263635,
        0.029632700462981797,
        0.025807477914216583,
        0.07335773383846483,
        0.1489001655099048,
        0.14912345768584767,
        0.14913156577203085,
        0.1493667250725786,
        0.1493837860264095,
        0.1491329019676162,
        0.14278363709378236,
        0.10074521645457665,
        0.049832505460089695,
        0.02927522094866153,
        0.029316203086753808,
        0.029504422525038484,
        0.029632817476279303,
        0.02963281754713724,
        0.02573689419836938,
        0.026676341952617626,
        0.14077634669026312,
        0.14897019828838937,
        0.14866683378905418,
        0.1492147108515714,
        0.14924315748399292,
        0.1493470077033576,
        0.14643039242502842,
        0.1118996379883453,
        0.05943081075832394,
        0.030215416362255554,
        0.02923871540311398
      ],
      "contacts": [
        1,
        1,
        1,
        1,
        0,
        2,
        2,
        2,
        2,
        2,
        10,
        6,
        2,
        5,
        5,
        6,
        2,
        1,
        1,
        1,
        1,
        4,
        3,
        3,
        5,
        5,
        2,
        6,
        6,
        2,
        3,
        4
      ],
      "maximum_stress_Pa": [
        13935.594229581877,
        13196.818278210367,
        14305.648026995048,
        10907.206280164404,
        0.081870130478897,
        76526.86416880501,
        83473.33361253876,
        17555.546316317814,
        81137.31424251133,
        80476.52193302302,
        45826.230504762694,
        63474.17538853522,
        67413.52188892217,
        60790.12132741716,
        70751.82954238607,
        72149.812919903,
        37402.578981627456,
        14223.271913631706,
        15020.89290103022,
        11254.076753817846,
        9125.702545950759,
        60448.31420966804,
        77100.87101117325,
        15736.736821008595,
        65384.23468664251,
        63676.50893728817,
        72760.19965675536,
        56216.244037723234,
        54352.06778687749,
        70455.02936198814,
        71818.46186793696,
        78027.30812890151
      ],
      "residual_N": [
        4.784278185899241e-12,
        3.9377044132504295e-12,
        3.854404619371025e-12,
        3.872111334451923e-12,
        5.0633402262716365e-17,
        4.0541406206537273e-11,
        5.631089430781313e-11,
        1.048904149553886e-11,
        3.858548576347658e-11,
        4.115267078262921e-11,
        2.6832831111252308e-11,
        3.1335062925669174e-11,
        4.2382523691207005e-11,
        2.9242786678122924e-11,
        5.549801884278686e-11,
        2.976888673594647e-11,
        1.526450160549143e-11,
        4.011804577437594e-12,
        4.285579082871431e-12,
        4.431933441561273e-12,
        3.3830255900043602e-12,
        3.124014208078995e-11,
        3.953734215146141e-11,
        7.579103872682098e-12,
        3.124850500156363e-11,
        3.268351642813884e-11,
        4.492779443931105e-11,
        3.744857781144591e-11,
        3.2083844549277986e-11,
        4.3636920796506064e-11,
        4.6325304063548894e-11,
        3.8089139992322254e-11
      ],
      "rhs_N": [
        0.03902494118215203,
        0.037296495779114196,
        0.03991636865806483,
        0.030381344849425427,
        4.2548211096023816e-07,
        0.26568704333133275,
        0.29018367257726085,
        0.06347490640691043,
        0.2823515623871078,
        0.2800186422230046,
        0.1677051450300059,
        0.22215368714603725,
        0.23630410279829078,
        0.2130617779076905,
        0.2550290825130271,
        0.2403848806565268,
        0.13345375058425218,
        0.03971639775570202,
        0.04169353444086272,
        0.031188768476491446,
        0.025136315503340754,
        0.20686936542210127,
        0.25889283113341444,
        0.05693900555992012,
        0.2166421520770676,
        0.21891610759464508,
        0.25365272588214227,
        0.17781022434224972,
        0.1735545243091307,
        0.24615805949569655,
        0.2475000727548742,
        0.2728039921597772
      ]
    },
    {
      "tick": 710,
      "phase": [
        0.18363939899833057,
        0.12186978297161936,
        0.06010016694490818,
        1.0,
        0.9382303839732888,
        0.8764607679465777,
        0.8146911519198665,
        0.7529215358931552,
        0.6911519198664441,
        0.6293823038397329,
        0.5676126878130218,
        0.5058430717863105,
        0.44407345575959933,
        0.3823038397328882,
        0.32053422370617696,
        0.2587646076794658,
        0.1969949916527546,
        0.13522537562604342,
        0.07345575959933222,
        0.011686143572621035,
        0.9515859766277129,
        0.8898163606010017,
        0.8280467445742905,
        0.7662771285475793,
        0.7045075125208682,
        0.6427378964941569,
        0.5809682804674458,
        0.5191986644407346,
        0.4574290484140234,
        0.3956594323873122,
        0.333889816360601,
        0.27212020033388984
      ],
      "height_m": [
        0.0295007632373234,
        0.029632817476279993,
        0.02963281553620061,
        0.025423982186266528,
        0.02007015158499363,
        0.14889763529134742,
        0.1491204203021729,
        0.1491262039234455,
        0.14936197602503318,
        0.14937979692891332,
        0.149201063541252,
        0.14721143205064194,
        0.11474391188116687,
        0.06206841118811889,
        0.030424730282525552,
        0.029319144980626016,
        0.02927453147093043,
        0.029632817476280243,
        0.029632817477455158,
        0.02930728175253917,
        0.021567690782800634,
        0.14077474912312554,
        0.14896708089681773,
        0.14865605006269852,
        0.14920828029837535,
        0.14923972135535332,
        0.14937203401268473,
        0.1483544837591227,
        0.12476054786539144,
        0.07302714074591211,
        0.03380833617056274,
        0.029243668414186207
      ],
      "contacts": [
        4,
        1,
        1,
        1,
        1,
        2,
        2,
        2,
        2,
        2,
        10,
        6,
        2,
        5,
        4,
        6,
        7,
        1,
        1,
        1,
        1,
        4,
        3,
        4,
        4,
        5,
        2,
        6,
        6,
        2,
        3,
        4
      ],
      "maximum_stress_Pa": [
        77864.30091679438,
        13112.329604874554,
        14199.592475220337,
        11463.163256320755,
        591.5236781446666,
        76106.1849187145,
        83280.26899250198,
        15810.978512776148,
        81411.18106688392,
        80844.24228701637,
        46025.62590959607,
        63833.49154317692,
        67915.19442035715,
        61031.24381104761,
        62060.98533824215,
        71094.41702676422,
        61950.81708583522,
        14148.563113229877,
        14929.076759733134,
        12134.511585609516,
        26899.589064234053,
        60288.4513103624,
        76847.75686697166,
        57058.26743330532,
        18915.748956125546,
        63786.94130126232,
        73324.39111688493,
        56891.96492110323,
        54697.1634263285,
        70845.08576716972,
        72037.68583274615,
        76289.51794007176
      ],
      "residual_N": [
        3.430198289914716e-11,
        4.54081527097982e-12,
        4.8214351626476285e-12,
        5.5805779762387434e-12,
        3.7043060516532914e-13,
        3.979434685866664e-11,
        5.2358827018025114e-11,
        1.0689414827852337e-11,
        4.6732743628535214e-11,
        4.9456036075732084e-11,
        3.1984318446730555e-11,
        3.216998099403518e-11,
        5.976062569148356e-11,
        3.5722247797155125e-11,
        3.6097076556247673e-11,
        3.5356489937677186e-11,
        3.048945526469085e-11,
        4.240752799594884e-12,
        4.478501621080824e-12,
        3.795791781830692e-12,
        8.42729071412049e-12,
        2.714445694312878e-11,
        4.198582217023158e-11,
        2.75951070228666e-11,
        9.897169248720976e-12,
        2.961641113899593e-11,
        4.8268274580811895e-11,
        2.7153141493489535e-11,
        3.1935771591607565e-11,
        4.206830894569869e-11,
        4.713579541602955e-11,
        4.8289833932965674e-11
      ],
      "rhs_N": [
        0.25922725086656095,
        0.037103056216578584,
        0.0396590500282932,
        0.03318579110589631,
        0.002474717503781568,
        0.26426284020308743,
        0.2895514271569987,
        0.05751724990783701,
        0.28316745777697316,
        0.28141766460046613,
        0.16834270131020185,
        0.2230628500958694,
        0.23797094526798213,
        0.21371595697420132,
        0.22100033508287897,
        0.23824617510905438,
        0.23465718092563004,
        0.03953574035223878,
        0.04146197364652501,
        0.034454229987377315,
        0.0577450014912501,
        0.20616478153268755,
        0.25809112003874063,
        0.23614341759691776,
        0.06528435747009888,
        0.2195814090717014,
        0.25548710514516926,
        0.17917225746263615,
        0.1743726681944334,
        0.24742618226975224,
        0.24811743956283264,
        0.269658115493977
      ]
    },
    {
      "tick": 720,
      "phase": [
        0.2003338898163606,
        0.13856427378964942,
        0.07679465776293823,
        0.015025041736227046,
        0.9549248747913189,
        0.8931552587646077,
        0.8313856427378965,
        0.7696160267111853,
        0.7078464106844742,
        0.6460767946577629,
        0.5843071786310517,
        0.5225375626043406,
        0.4607679465776294,
        0.3989983305509182,
        0.337228714524207,
        0.27545909849749584,
        0.21368948247078465,
        0.15191986644407346,
        0.09015025041736227,
        0.028380634390651086,
        0.9682804674457429,
        0.9065108514190318,
        0.8447412353923206,
        0.7829716193656093,
        0.7212020033388982,
        0.659432387312187,
        0.5976627712854758,
        0.5358931552587646,
        0.4741235392320534,
        0.41235392320534225,
        0.35058430717863104,
        0.2888146911519199
      ],
      "height_m": [
        0.02950222263211836,
        0.029632817476280254,
        0.0296328174441116,
        0.02961953674230479,
        0.026045837152685113,
        0.14889511601979885,
        0.149117682521642,
        0.1491207253531914,
        0.14935695115627604,
        0.14937546086573958,
        0.14922207861796147,
        0.14874087132809605,
        0.12724055757650293,
        0.07592117682836896,
        0.034707675030922536,
        0.029322006387853088,
        0.029280682438091718,
        0.02963281747628023,
        0.029632817476299752,
        0.02962802189309962,
        0.027493611178162954,
        0.13362428094945422,
        0.14896412449228583,
        0.1486506916522294,
        0.14901020829252798,
        0.1492362342217803,
        0.14937825168982652,
        0.1489638090728388,
        0.1354630173520548,
        0.08756795635544472,
        0.04084862746033186,
        0.029248544265904102
      ],
      "contacts": [
        5,
        1,
        1,
        1,
        1,
        2,
        2,
        2,
        2,
        2,
        10,
        6,
        2,
        5,
        4,
        6,
        7,
        1,
        1,
        1,
        1,
        0,
        3,
        4,
        3,
        5,
        2,
        6,
        6,
        2,
        3,
        4
      ],
      "maximum_stress_Pa": [
        68313.20279395461,
        13036.159591328218,
        14098.051749059585,
        13356.513564585037,
        9048.97968314072,
        75631.0461570828,
        83019.10587053474,
        77220.50590106755,
        11176.930500185592,
        81205.43928940855,
        46187.24048833743,
        64190.61925652153,
        68437.18628292196,
        61312.480990912576,
        62334.36046118993,
        70193.85388801435,
        58365.95153120897,
        14082.563356086772,
        14841.835883973545,
        12749.706707327412,
        14687.72708262097,
        0.18961237041196052,
        76540.94769238666,
        63962.42716532952,
        17680.2325088198,
        63939.59272060959,
        73873.0233180713,
        57419.04489943383,
        55280.824953391646,
        71281.7863849371,
        72298.39624522354,
        74755.8685770373
      ],
      "residual_N": [
        3.776891508511431e-11,
        3.920758132280365e-12,
        4.445880366863545e-12,
        5.782092863696895e-12,
        3.496211958064024e-12,
        4.73530605349122e-11,
        4.124684101186233e-11,
        4.7204358860997104e-11,
        6.68000254443123e-12,
        3.867627091561211e-11,
        2.579732633938319e-11,
        3.988617034315514e-11,
        4.237806591430737e-11,
        3.706947296509369e-11,
        3.7447907254883586e-11,
        4.0235619681761866e-11,
        3.378170076030608e-11,
        4.606647989549089e-12,
        3.968009208478576e-12,
        4.5389244024109075e-12,
        5.30172413837384e-12,
        1.2383117881606059e-16,
        4.9464678122675327e-11,
        3.3902715067155735e-11,
        9.358430014025631e-12,
        3.7448429909327165e-11,
        4.5753456634648045e-11,
        2.757299093335839e-11,
        3.639123043821277e-11,
        4.2060205675218425e-11,
        4.7510051228165186e-11,
        4.6868945980804273e-11
      ],
      "rhs_N": [
        0.22539731944217176,
        0.0369294913268915,
        0.0394140284788783,
        0.037640590338723016,
        0.02174624133023856,
        0.26269484441800306,
        0.2886855691779825,
        0.26805035049456555,
        0.043718704580452794,
        0.2826785630368304,
        0.1688911751941932,
        0.22401232782969757,
        0.23968789611823946,
        0.21439938044784274,
        0.22130556827120013,
        0.23661698967682024,
        0.22673770797702056,
        0.03937677751407545,
        0.04124271869550366,
        0.03627401254609628,
        0.032921786748239056,
        1.019649838640379e-06,
        0.2571283488771217,
        0.22803292859434826,
        0.06554685615266048,
        0.2201699251856104,
        0.25724609617170313,
        0.18034360028565555,
        0.17536958111755893,
        0.24882327740898985,
        0.2489191913598609,
        0.26719462857178833
      ]
    },
    {
      "tick": 730,
      "phase": [
        0.21702838063439064,
        0.15525876460767948,
        0.09348914858096828,
        0.03171953255425709,
        0.9716193656093489,
        0.9098497495826378,
        0.8480801335559266,
        0.7863105175292154,
        0.7245409015025042,
        0.662771285475793,
        0.6010016694490818,
        0.5392320534223707,
        0.47746243739565947,
        0.41569282136894825,
        0.3539232053422371,
        0.2921535893155259,
        0.2303839732888147,
        0.1686143572621035,
        0.10684474123539232,
        0.045075125208681135,
        0.984974958263773,
        0.9232053422370617,
        0.8614357262103506,
        0.7996661101836394,
        0.7378964941569283,
        0.6761268781302171,
        0.6143572621035058,
        0.5525876460767947,
        0.4908180300500835,
        0.4290484140233723,
        0.36727879799666113,
        0.3055091819699499
      ],
      "height_m": [
        0.029503673889906108,
        0.029632817476280264,
        0.029632817475746878,
        0.02963259896254991,
        0.020343215137769363,
        0.1341880814615357,
        0.14911507831180856,
        0.14911652003076095,
        0.1491439502083795,
        0.14937105888453667,
        0.14922813274557367,
        0.14922488384717975,
        0.13741674684154587,
        0.09054964066675415,
        0.04240685199812747,
        0.02932483126859027,
        0.02928416661581944,
        0.029632817476280243,
        0.029632817476280594,
        0.02963273818235656,
        0.025730988593013166,
        0.04830669562953083,
        0.14896123446241233,
        0.14864793954618194,
        0.14873523446723552,
        0.1492325316403936,
        0.14937737180463523,
        0.1491560390432284,
        0.14320189458724839,
        0.1022031187126379,
        0.050938525430278485,
        0.029283112677814888
      ],
      "contacts": [
        5,
        1,
        1,
        1,
        1,
        0,
        2,
        2,
        2,
        2,
        10,
        6,
        2,
        5,
        4,
        6,
        7,
        1,
        1,
        1,
        1,
        0,
        3,
        4,
        3,
        5,
        2,
        6,
        6,
        2,
        3,
        5
      ],
      "maximum_stress_Pa": [
        67430.91210470792,
        12969.115389410248,
        14002.614734163679,
        13286.604289982542,
        37037.4027065326,
        0.027276116107989735,
        82736.31714463329,
        78811.53040984276,
        12041.015619384849,
        81528.64286064246,
        46323.32372910487,
        64529.63288201174,
        68982.77997331212,
        61638.73137758623,
        62557.11603528978,
        69429.55912232537,
        56890.65022158823,
        14025.930956242091,
        14760.134069818045,
        12645.54675767134,
        14961.07556865304,
        0.18965050101261677,
        76183.94821785821,
        64093.858419554286,
        14379.97938866559,
        64077.49419433485,
        74312.08892366571,
        57832.269464656056,
        56038.628154617225,
        71760.23926693904,
        72603.63511867601,
        72232.05024524959
      ],
      "residual_N": [
        3.497076120521907e-11,
        4.457151719363181e-12,
        4.2024725234380825e-12,
        3.991304914819789e-12,
        1.1125296477948608e-11,
        1.7476989146214452e-17,
        5.861518477407564e-11,
        4.340679366671713e-11,
        7.985950442001926e-12,
        3.901979331905534e-11,
        2.986315778670974e-11,
        3.3154326990534094e-11,
        5.1527405569899056e-11,
        3.361990671535078e-11,
        3.987890458735366e-11,
        4.031801950403382e-11,
        3.121254385218868e-11,
        4.018336397458397e-12,
        5.065982876412971e-12,
        4.29273609274986e-12,
        4.526314751872144e-12,
        1.2591247547299718e-16,
        4.9614813354347834e-11,
        3.540191321162074e-11,
        8.077695449283294e-12,
        4.294152391401695e-11,
        4.2306070175944153e-11,
        3.5672511028395643e-11,
        2.85261698799635e-11,
        4.947243468932771e-11,
        4.937800353997893e-11,
        4.3422336590103115e-11
      ],
      "rhs_N": [
        0.22376458733332596,
        0.03677736836853072,
        0.0391850161377912,
        0.03750276407839399,
        0.08399520647053348,
        1.062611372221078e-07,
        0.2876455708643888,
        0.27368345110814246,
        0.04637567187867565,
        0.2837835791035386,
        0.169376643097786,
        0.22490555313652721,
        0.2414320404890627,
        0.21511799731929757,
        0.2219582385774288,
        0.2353988094465748,
        0.22319632074382229,
        0.03924085084627326,
        0.04103813565123504,
        0.03605197475397751,
        0.035362350463169843,
        1.0196493928431569e-06,
        0.25601986814454014,
        0.22813034236786578,
        0.053212391214103726,
        0.2206715922185368,
        0.25890466250426714,
        0.1813532822273368,
        0.17655765423548403,
        0.25034152054832953,
        0.24990867758567506,
        0.2577329958147165
      ]
    },
    {
      "tick": 740,
      "phase": [
        0.2337228714524207,
        0.17195325542570952,
        0.11018363939899833,
        0.048414023372287146,
        0.988313856427379,
        0.9265442404006679,
        0.8647746243739566,
        0.8030050083472454,
        0.7412353923205343,
        0.6794657762938231,
        0.6176961602671118,
        0.5559265442404007,
        0.4941569282136895,
        0.4323873121869783,
        0.37061769616026713,
        0.3088480801335559,
        0.24707846410684475,
        0.18530884808013356,
        0.12353923205342238,
        0.06176961602671119,
        0.0,
        0.9398998330550918,
        0.8781302170283807,
        0.8163606010016695,
        0.7545909849749582,
        0.6928213689482471,
        0.6310517529215359,
        0.5692821368948248,
        0.5075125208681135,
        0.44574290484140233,
        0.38397328881469117,
        0.32220367278797996
      ],
      "height_m": [
        0.02950496994618421,
        0.029632817476280257,
        0.029632817476271427,
        0.029632813853539088,
        0.027045510851045642,
        0.03339795500745412,
        0.14911252904117114,
        0.14911308411955135,
        0.1491378156904243,
        0.1493664273264834,
        0.14922784686413648,
        0.1493773392421984,
        0.14446898201968073,
        0.10510362920522723,
        0.0530299723818585,
        0.029439627642164047,
        0.029286896073523246,
        0.029286311095875116,
        0.02963281747628028,
        0.029632816161558592,
        0.03226789862639261,
        0.021277961980942395,
        0.14895837003870796,
        0.14864575928164928,
        0.14870016140516656,
        0.149228594690493,
        0.1493733394318745,
        0.14921605073512048,
        0.14725330182101157,
        0.11608612911976983,
        0.06337143366591903,
        0.03068501595933558
      ],
      "contacts": [
        5,
        1,
        1,
        1,
        1,
        0,
        2,
        2,
        2,
        2,
        10,
        6,
        2,
        5,
        4,
        6,
        7,
        7,
        1,
        1,
        0,
        1,
        3,
        4,
        3,
        5,
        2,
        6,
        6,
        2,
        3,
        4
      ],
      "maximum_stress_Pa": [
        66607.92072350573,
        12911.871215898445,
        13914.353809218974,
        13173.340208325248,
        11523.20947401001,
        0.02727446585323045,
        82409.43969425593,
        78730.20886368689,
        17991.296313031868,
        81814.093512795,
        46413.955605599425,
        64857.941786822215,
        69552.44010184638,
        62010.44668161395,
        62807.34497332648,
        69211.15028831604,
        55779.733360064565,
        66975.51999020544,
        14684.823079864946,
        12529.575646264237,
        0.0,
        2429.694993202181,
        75780.70151928285,
        63924.48722356795,
        15879.41303447992,
        64195.149118807836,
        74751.48771639548,
        58170.64437340446,
        56859.42149498545,
        72272.20987450758,
        72955.75349785041,
        64590.628265606334
      ],
      "residual_N": [
        4.2169329249951365e-11,
        4.6143766298505205e-12,
        5.151192016777357e-12,
        3.74230218936615e-12,
        5.147123641385571e-12,
        1.7239342667749437e-17,
        5.137769206990551e-11,
        4.1130849975984346e-11,
        1.098152258345421e-11,
        4.3518162938012786e-11,
        3.9052045297537843e-11,
        3.498691177768833e-11,
        3.8311481913628234e-11,
        3.2656454278471576e-11,
        3.0593873039637126e-11,
        3.370497462301114e-11,
        2.713133595091925e-11,
        5.004991409239234e-11,
        4.5084435584153985e-12,
        3.8151106395409695e-12,
        0.0,
        8.301325576234979e-13,
        5.028760420685421e-11,
        3.439706846223415e-11,
        9.574690908508277e-12,
        3.80975795890848e-11,
        4.842481302886954e-11,
        2.8884206191746802e-11,
        3.4482450947330353e-11,
        5.928784709334794e-11,
        4.8035227573028355e-11,
        4.6737062099094094e-11
      ],
      "rhs_N": [
        0.22271157893579896,
        0.03664797416860502,
        0.03897433916917198,
        0.0372426331996804,
        0.032525384092442614,
        1.0626119833701679e-07,
        0.2864490716706289,
        0.2734459056742963,
        0.06512502290662295,
        0.2847183209388856,
        0.16985472519318667,
        0.2257660144645612,
        0.2431905894811601,
        0.21587376102534941,
        0.2227207615313512,
        0.2201810743042028,
        0.22081131781786068,
        0.2793232217670687,
        0.04085028522110667,
        0.03579601423069546,
        0.0,
        0.005892535760838119,
        0.2547803528506115,
        0.22780072300034948,
        0.05688746895923619,
        0.2210775558455168,
        0.2604355889804676,
        0.18224878137423547,
        0.17791359957545905,
        0.2519674322733084,
        0.2510817988224769,
        0.22579141330254876
      ]
    },
    {
      "tick": 750,
      "phase": [
        0.25041736227045075,
        0.18864774624373956,
        0.12687813021702837,
        0.0651085141903172,
        0.00333889816360601,
        0.9432387312186978,
        0.8814691151919867,
        0.8196994991652755,
        0.7579298831385642,
        0.6961602671118531,
        0.6343906510851419,
        0.5726210350584308,
        0.5108514190317196,
        0.4490818030050084,
        0.38731218697829717,
        0.325542570951586,
        0.2637729549248748,
        0.2020033388981636,
        0.14023372287145242,
        0.07846410684474124,
        0.01669449081803005,
        0.9565943238731219,
        0.8948247078464107,
        0.8330550918196995,
        0.7712854757929883,
        0.7095158597662772,
        0.6477462437395659,
        0.5859766277128547,
        0.5242070116861436,
        0.4624373956594324,
        0.4006677796327212,
        0.33889816360601005
      ],
      "height_m": [
        0.02950618492370879,
        0.02927417450834963,
        0.029632817476280104,
        0.029632817416211266,
        0.029614319427745988,
        0.02693270973757658,
        0.14911000132842359,
        0.14911015153810905,
        0.14913259878180612,
        0.14936158805231778,
        0.14922540274415555,
        0.14942464533108876,
        0.14780811112106734,
        0.1187387342259233,
        0.06583927211749127,
        0.031408115566685234,
        0.029289422983766397,
        0.02929622134685712,
        0.029632817476280278,
        0.02963281745448072,
        0.029580375194023095,
        0.024729244733493482,
        0.14895551480892882,
        0.1486438564761969,
        0.14869189134679323,
        0.14916947243504522,
        0.14936915486265637,
        0.14923415612118654,
        0.14861720995378147,
        0.12838376582413677,
        0.07733845832143983,
        0.03531598259861348
      ],
      "contacts": [
        5,
        9,
        1,
        1,
        1,
        1,
        2,
        2,
        2,
        2,
        10,
        6,
        2,
        5,
        4,
        5,
        7,
        7,
        1,
        1,
        1,
        1,
        3,
        4,
        4,
        3,
        2,
        6,
        6,
        2,
        3,
        4
      ],
      "maximum_stress_Pa": [
        65980.86446117071,
        71183.56473111661,
        13834.174892169978,
        13063.739488820265,
        39660.11426506872,
        10991.806089852967,
        82030.73182464878,
        78491.49086980187,
        16230.902720940465,
        82071.41988704677,
        46500.22189757188,
        65173.934277783665,
        70149.94138403118,
        62422.654918847686,
        63084.02531201377,
        62126.72760226367,
        54826.42861272565,
        52230.00326349272,
        14616.76509572311,
        12418.717881268209,
        15010.6475763287,
        9130.599797727285,
        75336.21891784668,
        63703.8645130683,
        60189.029550080726,
        11395.088544325055,
        75169.52629000554,
        58458.3397120691,
        57555.867126175806,
        72808.35013893043,
        73352.54074666149,
        64911.599880116075
      ],
      "residual_N": [
        3.871025252557121e-11,
        3.677954652716101e-11,
        4.2422427530311115e-12,
        4.159997548096758e-12,
        1.0629568356918192e-11,
        5.415332152306077e-12,
        4.056276983047083e-11,
        4.210850894770177e-11,
        9.116660776446497e-12,
        4.1248748847176024e-11,
        2.916572629374554e-11,
        4.080057822527296e-11,
        4.755108062923088e-11,
        3.429753876212585e-11,
        3.4750953561987384e-11,
        3.4258137754132186e-11,
        3.117762580662983e-11,
        3.415571799133644e-11,
        4.081915040019883e-12,
        3.374573240261854e-12,
        4.404413321628894e-12,
        3.527877969892618e-12,
        3.7222701032489926e-11,
        3.3316948054120796e-11,
        3.2236890181770495e-11,
        7.587833837046612e-12,
        4.600619719314292e-11,
        3.3038167609456605e-11,
        2.8872574080991305e-11,
        5.386828989769034e-11,
        4.972748610537326e-11,
        3.9655355568043075e-11
      ],
      "rhs_N": [
        0.22203733880515344,
        0.23983541987180748,
        0.03878389054109141,
        0.03699224629359427,
        0.11125926677918113,
        0.030825619606861,
        0.2851127952470945,
        0.27267170235660404,
        0.05922142171405959,
        0.2854701088128097,
        0.17022030631130008,
        0.22659361923579371,
        0.24502922000076058,
        0.21665835618674198,
        0.22359787798131694,
        0.2065174172429336,
        0.21905281920169942,
        0.2155351919658801,
        0.04068117282534869,
        0.03555315670993943,
        0.0416105205085106,
        0.02164397211327141,
        0.2534266424559289,
        0.2273772924453782,
        0.2198637384445319,
        0.0448646099144091,
        0.26181456057413854,
        0.18305740988583816,
        0.1792372491659563,
        0.2536848959630804,
        0.25241814939246704,
        0.22645340487467058
      ]
    },
    {
      "tick": 760,
      "phase": [
        0.2671118530884808,
        0.20534223706176963,
        0.14357262103505844,
        0.08180300500834725,
        0.02003338898163606,
        0.9599332220367279,
        0.8981636060100168,
        0.8363939899833055,
        0.7746243739565943,
        0.7128547579298832,
        0.651085141903172,
        0.5893155258764607,
        0.5275459098497496,
        0.4657762938230384,
        0.4040066777963272,
        0.34223706176961605,
        0.28046744574290483,
        0.21869782971619367,
        0.15692821368948248,
        0.0951585976627713,
        0.0333889816360601,
        0.9732888146911519,
        0.9115191986644408,
        0.8497495826377296,
        0.7879799666110184,
        0.7262103505843072,
        0.664440734557596,
        0.6026711185308848,
        0.5409015025041737,
        0.47913188647746247,
        0.41736227045075125,
        0.3555926544240401
      ],
      "height_m": [
        0.029507364663637455,
        0.029282489916333285,
        0.02963281747628026,
        0.02963281747528426,
        0.029632386540338063,
        0.024814244709032787,
        0.14910748183550068,
        0.14910746439917355,
        0.1491274829013943,
        0.14928767363643053,
        0.14922302661689285,
        0.14943861400500066,
        0.14888958731545887,
        0.1306247643707684,
        0.08001492693771484,
        0.036740470661530696,
        0.029291886939978553,
        0.029300990227289582,
        0.029632817476280278,
        0.029632817475918807,
        0.02963197373940505,
        0.022635656640932044,
        0.12842945878980522,
        0.14864207595865356,
        0.14868811695373033,
        0.14866952680448225,
        0.14936497979416308,
        0.14923895592007916,
        0.1490492810427944,
        0.13828001569165072,
        0.09199670181303754,
        0.043334925338296616
      ],
      "contacts": [
        5,
        9,
        1,
        1,
        1,
        1,
        2,
        2,
        2,
        2,
        10,
        6,
        2,
        5,
        4,
        5,
        7,
        7,
        1,
        1,
        1,
        1,
        0,
        4,
        4,
        3,
        2,
        6,
        6,
        2,
        3,
        4
      ],
      "maximum_stress_Pa": [
        65476.453941117914,
        69863.15698374902,
        13762.800474746771,
        12959.409515084353,
        13655.886615294481,
        10817.713450474841,
        81606.8403502857,
        78186.6818256836,
        81105.9603460453,
        11001.476865786395,
        46584.713688036834,
        65474.2592690062,
        70764.40552608826,
        62866.18936867464,
        63385.4957421871,
        61737.73456100895,
        53984.411327856644,
        51014.165098973295,
        14556.730588080018,
        12314.498802585556,
        15152.585362695589,
        7222.141297021938,
        0.14666065175032,
        63440.822973242255,
        61846.95867660711,
        19224.078093630633,
        75539.84259312447,
        58706.645822856604,
        58079.158695626415,
        73360.25483540418,
        73789.04586706347,
        65172.789660245675
      ],
      "residual_N": [
        3.902548070215194e-11,
        3.283410942973178e-11,
        3.608796109427847e-12,
        3.884087820843787e-12,
        4.301697439946251e-12,
        3.741190775725299e-12,
        5.20275552891751e-11,
        3.821071700650386e-11,
        4.8568546942250956e-11,
        6.8906198997479594e-12,
        2.7571588070035373e-11,
        3.8397056556200035e-11,
        4.0052465691979713e-11,
        3.031258926753655e-11,
        4.531642755295619e-11,
        3.3505085521168217e-11,
        2.7958217961872737e-11,
        4.1690029850163694e-11,
        4.13194225891401e-12,
        3.970632132398081e-12,
        4.176020221974755e-12,
        2.7873165214531068e-12,
        8.765613148392811e-17,
        3.342387531363392e-11,
        3.083308420932509e-11,
        9.611182446162945e-12,
        4.3149008188504927e-11,
        3.4844640252346596e-11,
        3.222614351826694e-11,
        5.904688412151773e-11,
        4.162982016680607e-11,
        4.53341926093561e-11
      ],
      "rhs_N": [
        0.22162628551934926,
        0.23215304764818046,
        0.038615081475994455,
        0.036755396790213724,
        0.03836259273795534,
        0.03046072008402736,
        0.28365458931040355,
        0.27167683720796193,
        0.2817130370094917,
        0.04340112684472117,
        0.1705272488329982,
        0.2273809517069736,
        0.24689912055257568,
        0.2174614123925087,
        0.22457544287233855,
        0.2067188420842331,
        0.2177571963923164,
        0.21286455767829912,
        0.040532544317473676,
        0.03532663705764662,
        0.04202638650959143,
        0.0190685436269195,
        7.782045145116227e-07,
        0.22687246793882723,
        0.2199990525576879,
        0.06731826993995786,
        0.26302053805039816,
        0.18379019507768507,
        0.18035268538361607,
        0.2554781165772885,
        0.25388655547477135,
        0.22720663913699984
      ]
    },
    {
      "tick": 770,
      "phase": [
        0.2838063439065109,
        0.22203672787979967,
        0.16026711185308848,
        0.0984974958263773,
        0.03672787979966611,
        0.9766277128547579,
        0.9148580968280468,
        0.8530884808013356,
        0.7913188647746244,
        0.7295492487479132,
        0.667779632721202,
        0.6060100166944908,
        0.5442404006677797,
        0.48247078464106846,
        0.4207011686143573,
        0.3589315525876461,
        0.2971619365609349,
        0.2353923205342237,
        0.17362270450751252,
        0.11185308848080133,
        0.05008347245409015,
        0.989983305509182,
        0.9282136894824708,
        0.8664440734557596,
        0.8046744574290484,
        0.7429048414023373,
        0.6811352253756261,
        0.6193656093489148,
        0.5575959933222037,
        0.4958263772954925,
        0.4340567612687813,
        0.3722871452420701
      ],
      "height_m": [
        0.029508524452616647,
        0.029286604771667564,
        0.029632817476280247,
        0.029632817476263753,
        0.029632810332676115,
        0.02092860956208516,
        0.11444088144512313,
        0.149104883074695,
        0.14912353190078056,
        0.14914413545315058,
        0.1492206991781554,
        0.14944183473515524,
        0.14923005260684052,
        0.13994843730375453,
        0.09471051734074404,
        0.04538551331330099,
        0.029294327837848914,
        0.029304025853842623,
        0.02963281747628028,
        0.029632817476274276,
        0.02963280349306821,
        0.027707903101855353,
        0.01759341715416142,
        0.14864034541164511,
        0.14868551193879825,
        0.14706907203543398,
        0.14936064715635528,
        0.14923777414475514,
        0.14918552967699475,
        0.14497329178857532,
        0.10649608196378117,
        0.054210898422622146
      ],
      "contacts": [
        5,
        9,
        1,
        1,
        1,
        1,
        0,
        2,
        2,
        2,
        10,
        6,
        2,
        5,
        4,
        5,
        7,
        7,
        1,
        1,
        1,
        1,
        0,
        4,
        4,
        3,
        2,
        6,
        6,
        2,
        3,
        4
      ],
      "maximum_stress_Pa": [
        65067.64087545408,
        68859.97426634659,
        13700.732423679798,
        12861.519704033315,
        13541.221716911237,
        32402.3392943458,
        0.03727989657561075,
        77843.005962943,
        81577.59374181557,
        16067.456581844772,
        46664.4369512775,
        65737.13874001494,
        71376.91613461226,
        63328.16817103009,
        63711.144781992916,
        61581.360700396224,
        53286.704540816354,
        49984.22398607664,
        14505.467851278083,
        12218.002423685357,
        15058.978944790644,
        12376.862873443719,
        0.1466447416709228,
        63275.92123237971,
        61805.21507938897,
        24302.30109043025,
        75868.49070438933,
        58895.43309485523,
        58487.43414146598,
        73920.28824329925,
        74258.75716035461,
        65474.09556735112
      ],
      "residual_N": [
        2.8436193790479494e-11,
        3.9995715670366716e-11,
        3.897647436324221e-12,
        4.550594969442116e-12,
        4.08671561048837e-12,
        1.2656809273470676e-11,
        2.222303907679494e-17,
        4.2941562818129065e-11,
        4.4976526655525456e-11,
        8.969473325362093e-12,
        2.8474213993609648e-11,
        2.75750748847059e-11,
        4.301128669937719e-11,
        3.1661748932199086e-11,
        3.8994361551374844e-11,
        3.0163086594654876e-11,
        2.7325455369267666e-11,
        3.370818367081566e-11,
        4.0092496972217644e-12,
        4.173917100416886e-12,
        4.4347779692679145e-12,
        4.440851523668758e-12,
        8.495291255908704e-17,
        3.089986317494809e-11,
        3.7150765651936866e-11,
        1.247146516414982e-11,
        4.39708887520889e-11,
        2.98670377376309e-11,
        2.6822192911696237e-11,
        4.4541580164959146e-11,
        4.755963659341088e-11,
        4.425804210457226e-11
      ],
      "rhs_N": [
        0.22142781426569835,
        0.2290923146146879,
        0.038468765568832025,
        0.03653454373280496,
        0.03809460892298395,
        0.07460070518856743,
        1.8578919683383098e-07,
        0.2704957221408576,
        0.28340774871716373,
        0.05877498124106666,
        0.17079364386124196,
        0.22812515117187943,
        0.24874296242834726,
        0.2182687442018391,
        0.2256349786272874,
        0.2070980731928727,
        0.21685107020516453,
        0.2111037297344947,
        0.04040603910944778,
        0.03511850522102586,
        0.04178982403493708,
        0.03384916433122618,
        7.782052710849014e-07,
        0.22629217585250985,
        0.21974279614516687,
        0.08872714184314191,
        0.26403578698065644,
        0.1844503217943209,
        0.18131041668278383,
        0.2573290978503413,
        0.2554499237676759,
        0.22811821662792747
      ]
    },
    {
      "tick": 780,
      "phase": [
        0.3005008347245409,
        0.23873121869782973,
        0.17696160267111855,
        0.11519198664440734,
        0.05342237061769616,
        0.993322203672788,
        0.9315525876460768,
        0.8697829716193657,
        0.8080133555926544,
        0.7462437395659433,
        0.6844741235392321,
        0.6227045075125209,
        0.5609348914858097,
        0.4991652754590985,
        0.43739565943238734,
        0.3756260434056761,
        0.31385642737896496,
        0.25208681135225375,
        0.1903171953255426,
        0.1285475792988314,
        0.0667779632721202,
        0.005008347245409015,
        0.9449081803005008,
        0.8831385642737897,
        0.8213689482470785,
        0.7595993322203674,
        0.6978297161936561,
        0.6360601001669449,
        0.5742904841402338,
        0.5125208681135226,
        0.4507512520868114,
        0.38898163606010017
      ],
      "height_m": [
        0.02950980175738069,
        0.029289437383898217,
        0.029632817476280278,
        0.029632817476279997,
        0.029632817357831756,
        0.02353978033541092,
        0.02315045491531556,
        0.1491023444710833,
        0.14912028494326482,
        0.1491383735103432,
        0.1492182628879609,
        0.14943974779674915,
        0.14933580199368718,
        0.14590924542393038,
        0.10907613873330393,
        0.05674765551808558,
        0.029689068529970105,
        0.029306538424171347,
        0.029287213820142755,
        0.029632817476280156,
        0.02963281724442475,
        0.028326190594266686,
        0.021724883748835463,
        0.14863863432784435,
        0.1486833866465009,
        0.14336421924658527,
        0.14935617561977285,
        0.14923485997415456,
        0.1492278578259703,
        0.1479810885117021,
        0.11999326832257493,
        0.06719340155750539
      ],
      "contacts": [
        5,
        9,
        1,
        1,
        1,
        1,
        1,
        2,
        2,
        2,
        10,
        6,
        2,
        5,
        4,
        5,
        7,
        7,
        7,
        1,
        1,
        1,
        0,
        4,
        4,
        5,
        2,
        6,
        6,
        2,
        3,
        4
      ],
      "maximum_stress_Pa": [
        64732.37771722105,
        67903.711782733,
        13648.424054925106,
        12771.056592996581,
        13429.279893664194,
        13621.359409389528,
        3650.293982952671,
        77455.00256005937,
        81436.06776126458,
        17304.10328278169,
        46737.867209036485,
        65954.95092351026,
        71970.40580502448,
        63792.040938372746,
        64061.19922060856,
        61400.63148622081,
        51210.836618235415,
        50456.29389248063,
        82193.4896204044,
        12130.169312592601,
        14965.629838480854,
        62358.34091634436,
        289.4582090516032,
        63166.79123095401,
        61733.09456087024,
        14789.748183871166,
        76149.26744118037,
        59073.2098423799,
        58822.0907072744,
        74493.4653626068,
        74753.59011310473,
        65811.5315805243
      ],
      "residual_N": [
        4.230476115554964e-11,
        3.9282059568693675e-11,
        4.105393427223636e-12,
        4.336488110901773e-12,
        4.513272330239753e-12,
        5.561544991587547e-12,
        2.0960488002668286e-12,
        5.075797782799385e-11,
        5.188623760960997e-11,
        1.0993833113291023e-11,
        3.57163074729298e-11,
        3.862460587884941e-11,
        3.9516670366426116e-11,
        3.355898947595681e-11,
        3.894299220205073e-11,
        4.068382318956175e-11,
        2.605497114332091e-11,
        3.534331518766629e-11,
        3.6015701565371004e-11,
        3.844086478171206e-12,
        4.984934206447197e-12,
        1.763616827230591e-11,
        1.8009917399370877e-13,
        2.8762630692883752e-11,
        2.9660665668564995e-11,
        7.233940558332888e-12,
        3.8381066502165784e-11,
        2.8920652464232155e-11,
        2.941312782414871e-11,
        4.060247234064871e-11,
        4.7422968905393587e-11,
        4.6810485676380843e-11
      ],
      "rhs_N": [
        0.22138851115717811,
        0.22698515490965385,
        0.038345773207510946,
        0.036331658931860744,
        0.037833689918367074,
        0.03137410620193275,
        0.010116362313789035,
        0.26914688627951433,
        0.28294513492802337,
        0.0628024318795572,
        0.17102207584073648,
        0.2288193957388027,
        0.25055875459488036,
        0.21906640852691286,
        0.2267594449523484,
        0.20756553015750753,
        0.18646588742577555,
        0.20982593702470903,
        0.26480485421232397,
        0.034930355892722774,
        0.04155406173614016,
        0.17478781464168075,
        0.0012278314579916222,
        0.22564337782210245,
        0.21934717817899899,
        0.05587947416927385,
        0.2648463470652718,
        0.1850259174871263,
        0.18215592717496149,
        0.25929502615546185,
        0.2570697856660518,
        0.22918236157304123
      ]
    },
    {
      "tick": 790,
      "phase": [
        0.31719532554257096,
        0.2554257095158598,
        0.19365609348914858,
        0.1318864774624374,
        0.07011686143572621,
        0.008347245409015025,
        0.9482470784641068,
        0.8864774624373957,
        0.8247078464106845,
        0.7629382303839733,
        0.7011686143572621,
        0.6393989983305509,
        0.5776293823038398,
        0.5158597662771286,
        0.4540901502504174,
        0.39232053422370616,
        0.330550918196995,
        0.2687813021702838,
        0.20701168614357263,
        0.14524207011686144,
        0.08347245409015025,
        0.021702838063439065,
        0.9616026711185309,
        0.8998330550918198,
        0.8380634390651085,
        0.7762938230383973,
        0.7145242070116862,
        0.652754590984975,
        0.5909849749582637,
        0.5292153589315526,
        0.4674457429048414,
        0.4056761268781302
      ],
      "height_m": [
        0.030229398024282542,
        0.029291862129136516,
        0.02950892147156532,
        0.029632817476280278,
        0.02963281747431626,
        0.02899003162985983,
        0.027644966981963465,
        0.1490998224512222,
        0.14911744780283456,
        0.14913289973177685,
        0.1492157584353197,
        0.1494366053411451,
        0.1493675896589683,
        0.1483247392443562,
        0.12227102550413341,
        0.07005483206750811,
        0.032603932960948975,
        0.029308891094230637,
        0.02929420563716326,
        0.029632817476280274,
        0.029632817472435846,
        0.029609713115358642,
        0.0209654432080067,
        0.14863693056448923,
        0.1486814884615618,
        0.14335981251136126,
        0.14924823175875435,
        0.14923202605705574,
        0.14924037369493903,
        0.14894621233551497,
        0.13165956792617406,
        0.08145835047053988
      ],
      "contacts": [
        4,
        9,
        6,
        1,
        1,
        1,
        1,
        2,
        2,
        2,
        10,
        6,
        2,
        5,
        4,
        5,
        6,
        7,
        7,
        1,
        1,
        1,
        1,
        4,
        4,
        5,
        2,
        6,
        6,
        2,
        3,
        4
      ],
      "maximum_stress_Pa": [
        61601.349363391826,
        67028.5302705289,
        66465.2654155394,
        12688.813942478948,
        13322.79803158489,
        12159.521316329448,
        23686.016673868024,
        77012.61234552135,
        81194.36449054598,
        49721.18587209048,
        30779.875561295088,
        66189.82441483797,
        72526.46459650843,
        64228.72543987942,
        64434.79027327036,
        61220.42054790431,
        52126.66392053578,
        51453.765373399554,
        77298.91983669298,
        12051.745810744083,
        14876.427312489672,
        13643.40652450107,
        13204.333597617253,
        63046.23846777626,
        61643.73135346689,
        62914.8185221467,
        10178.593749771699,
        59241.35500022836,
        59107.14434732433,
        75069.5770100516,
        75265.51241095523,
        66181.34264690547
      ],
      "residual_N": [
        3.076689253716143e-11,
        3.49808352844799e-11,
        3.284854170178844e-11,
        4.2153734832040064e-12,
        4.141773474573107e-12,
        3.4112952347699355e-12,
        8.627344017921427e-12,
        4.504085010556304e-11,
        4.267726753291337e-11,
        2.466742658214305e-11,
        1.6258655713306347e-11,
        3.216859157316483e-11,
        4.6426820348607373e-11,
        3.1098503940279386e-11,
        3.5751295837362983e-11,
        3.2891933552272965e-11,
        2.7076887845096538e-11,
        3.782540165633199e-11,
        3.179904626640526e-11,
        3.884510163369318e-12,
        4.725040421537803e-12,
        4.40749952720592e-12,
        4.090380290942269e-12,
        3.173812880000286e-11,
        2.962429387819965e-11,
        2.7852935790264395e-11,
        7.333457077169441e-12,
        2.945713004875893e-11,
        2.9059963140148425e-11,
        4.634837865330766e-11,
        6.197942365731277e-11,
        4.44414054423412e-11
      ],
      "rhs_N": [
        0.2142873546831165,
        0.22533288892132486,
        0.2204705659338302,
        0.03614823100667214,
        0.037586769765395,
        0.034272269247883375,
        0.06481702161150465,
        0.2676507848917705,
        0.28214307579257386,
        0.17253967362217032,
        0.11290912228590988,
        0.2294373944527335,
        0.25232437876670244,
        0.21994752694744157,
        0.22793214127553352,
        0.20817357184390514,
        0.18332376092618258,
        0.2089084656462779,
        0.250257163855842,
        0.034763352128322184,
        0.04132956424570727,
        0.03829347749851554,
        0.031042655311297133,
        0.22493414632329126,
        0.21885713258153056,
        0.22307173028053862,
        0.04044596838539584,
        0.1855367038618288,
        0.18291665075667404,
        0.26125715048518505,
        0.25871044920340097,
        0.23038298191590714
      ]
    },
    {
      "tick": 800,
      "phase": [
        0.333889816360601,
        0.27212020033388984,
        0.21035058430717865,
        0.14858096828046746,
        0.08681135225375626,
        0.025041736227045076,
        0.9649415692821369,
        0.9031719532554258,
        0.8414023372287146,
        0.7796327212020033,
        0.7178631051752922,
        0.656093489148581,
        0.5943238731218699,
        0.5325542570951586,
        0.4707846410684474,
        0.40901502504173626,
        0.34724540901502504,
        0.2854757929883139,
        0.22370617696160267,
        0.16193656093489148,
        0.1001669449081803,
        0.038397328881469114,
        0.9782971619365609,
        0.9165275459098498,
        0.8547579298831386,
        0.7929883138564274,
        0.7312186978297163,
        0.669449081803005,
        0.6076794657762938,
        0.5459098497495827,
        0.48414023372287146,
        0.4223706176961603
      ],
      "height_m": [
        0.03382624268519927,
        0.029294277545771113,
        0.02950946626293686,
        0.029632817476280233,
        0.029632817476247703,
        0.029623020341174085,
        0.02435317555195999,
        0.14724150175875458,
        0.14911480159742926,
        0.14912832706447574,
        0.14920478973371115,
        0.1494335436680009,
        0.14937645199239405,
        0.14909185143421894,
        0.13347039312428052,
        0.0844756300550854,
        0.03896993143779686,
        0.029311192089756355,
        0.02929796396510667,
        0.029632817476280254,
        0.029632817476216523,
        0.029632439481845213,
        0.021034350768861662,
        0.10235440356755152,
        0.14867968695409944,
        0.14335628149708296,
        0.1491326308418382,
        0.14922918813020883,
        0.14924310629507373,
        0.14925086531578585,
        0.14068299434026313,
        0.09615824743247128
      ],
      "contacts": [
        4,
        7,
        7,
        1,
        1,
        1,
        1,
        2,
        2,
        2,
        8,
        6,
        2,
        5,
        4,
        5,
        6,
        7,
        7,
        1,
        1,
        1,
        1,
        0,
        4,
        5,
        2,
        6,
        6,
        2,
        3,
        4
      ],
      "maximum_stress_Pa": [
        61800.2044660314,
        74162.92833990512,
        66689.94058246232,
        12615.591922400525,
        13222.52301339301,
        13239.839735680962,
        11542.853095530385,
        3535.861520134691,
        80897.15125727613,
        81992.10836125039,
        10544.029546251435,
        66410.39677992619,
        73033.9446989739,
        64648.86396690016,
        64829.55362152317,
        61169.50620441207,
        53063.79973482992,
        52343.20225206237,
        74990.75770114269,
        11983.492587798282,
        14792.427032596384,
        13615.838747151667,
        14230.96382262222,
        0.03310915605886835,
        61537.293071019485,
        63369.024232969234,
        15673.203969778262,
        59392.926459172995,
        59345.663638839746,
        75638.96794118432,
        75787.13137336142,
        66580.95875334152
      ],
      "residual_N": [
        3.722120919927606e-11,
        3.82215984497268e-11,
        3.471138927444724e-11,
        3.866732860213325e-12,
        4.0774119967384955e-12,
        4.187892711094283e-12,
        3.387189740158726e-12,
        2.84030363342447e-12,
        4.165198387937344e-11,
        4.331156380799502e-11,
        9.009619747294244e-12,
        3.148297638926852e-11,
        4.247946816802749e-11,
        3.156135100798225e-11,
        4.583862332124904e-11,
        3.527220433758538e-11,
        2.857954046763465e-11,
        3.356973423160709e-11,
        3.088917096030786e-11,
        3.752084944635556e-12,
        4.787255372592293e-12,
        4.007180125918889e-12,
        6.070480547224122e-12,
        2.29950542314911e-17,
        3.312076236613296e-11,
        2.8174728547996642e-11,
        9.393278547978763e-12,
        3.362830993159009e-11,
        3.2294591248451225e-11,
        3.99930716869184e-11,
        4.637427963519258e-11,
        4.117218172297012e-11
      ],
      "rhs_N": [
        0.21485770812348529,
        0.2328952806898345,
        0.21527933132867483,
        0.03598578511716199,
        0.03735554800268138,
        0.03737715378293714,
        0.03200343115264225,
        0.01406358983267301,
        0.28114935616968373,
        0.2848740328497192,
        0.04129908629833846,
        0.22997723351764407,
        0.254016182768521,
        0.22082696186516773,
        0.22913758720216437,
        0.20897999560140093,
        0.1845252096888808,
        0.20828629683963293,
        0.2439498891887811,
        0.034618755950761346,
        0.041118899939257374,
        0.03826867470954107,
        0.031564667952711005,
        1.7651095302200292e-07,
        0.21827993766573028,
        0.2235555425636475,
        0.05702472208303224,
        0.18598642859409778,
        0.1836044053520061,
        0.2631681722077176,
        0.26034491712360075,
        0.23169685233689555
      ]
    },
    {
      "tick": 810,
      "phase": [
        0.35058430717863104,
        0.2888146911519199,
        0.2270450751252087,
        0.1652754590984975,
        0.10350584307178631,
        0.041736227045075125,
        0.981636060100167,
        0.9198664440734557,
        0.8580968280467446,
        0.7963272120200334,
        0.7345575959933223,
        0.672787979966611,
        0.6110183639398998,
        0.5492487479131887,
        0.48747913188647746,
        0.4257095158597663,
        0.3639398998330551,
        0.3021702838063439,
        0.24040066777963273,
        0.17863105175292154,
        0.11686143572621036,
        0.05509181969949917,
        0.994991652754591,
        0.9332220367278798,
        0.8714524207011687,
        0.8096828046744574,
        0.7479131886477463,
        0.6861435726210351,
        0.6243739565943239,
        0.5626043405676127,
        0.5008347245409015,
        0.43906510851419034
      ],
      "height_m": [
        0.04087030647824215,
        0.02929665091904474,
        0.029510521514634992,
        0.029632817476280257,
        0.029632817476279733,
        0.02963265595353357,
        0.02102966877667379,
        0.08570162105144022,
        0.14911223581379918,
        0.14912460949536804,
        0.1492021869810283,
        0.14943041148391847,
        0.14937773459047107,
        0.14933409636240094,
        0.1418661573579695,
        0.0991608768732038,
        0.04850241720012158,
        0.029316162102826997,
        0.029300737517799186,
        0.029632817476280257,
        0.029632817476279213,
        0.029632811210091047,
        0.0212321367203859,
        0.027720764836473157,
        0.14867792382701192,
        0.14335326101549134,
        0.14912727257825162,
        0.14922620554430663,
        0.14924091068793646,
        0.1493458499164209,
        0.14626382174926073,
        0.11044367941474431
      ],
      "contacts": [
        4,
        7,
        7,
        1,
        1,
        1,
        1,
        0,
        2,
        2,
        8,
        6,
        2,
        5,
        4,
        5,
        6,
        7,
        7,
        1,
        1,
        1,
        1,
        1,
        4,
        6,
        2,
        6,
        6,
        2,
        3,
        4
      ],
      "maximum_stress_Pa": [
        62006.2272541776,
        71748.36866541753,
        66016.58812865628,
        12552.177415120996,
        13129.166679866534,
        13158.486719643897,
        35534.86972122292,
        0.019096806880580408,
        80572.55660338058,
        82139.10428657089,
        10380.472663112143,
        66602.7899482313,
        73433.29052332138,
        65063.90649497493,
        65241.58882238243,
        61331.629734661736,
        53793.59341745238,
        52795.62824756323,
        73291.19446070313,
        11926.109836354668,
        14714.442407287717,
        13505.866278370417,
        14933.340514054253,
        10429.645563274928,
        61414.324054945224,
        64452.74183584846,
        15814.896468527237,
        59526.009522443564,
        59534.11100070261,
        76179.34710642669,
        76312.10516876788,
        67008.33756230795
      ],
      "residual_N": [
        3.186442021468426e-11,
        3.243730215756041e-11,
        3.5066251081418285e-11,
        3.9077911931661364e-12,
        3.979109063707766e-12,
        4.275884968516232e-12,
        1.232549067691013e-11,
        1.2500776423179112e-17,
        5.132573322327535e-11,
        4.9998876195900725e-11,
        7.539576731032209e-12,
        3.581034519896806e-11,
        4.227197402179123e-11,
        2.7944199943547263e-11,
        4.2549175632550313e-11,
        3.330224769606001e-11,
        2.4962053082923353e-11,
        3.108170227988733e-11,
        4.366669334410263e-11,
        3.896857352355423e-12,
        4.29993614961634e-12,
        3.7955159869793044e-12,
        6.378225874059968e-12,
        4.026738359600681e-12,
        3.577338290547548e-11,
        3.67739899734291e-11,
        8.906188336911914e-12,
        2.6200440429010536e-11,
        3.0731281863993054e-11,
        4.4235835783438565e-11,
        4.0471255105730566e-11,
        4.050677426823458e-11
      ],
      "rhs_N": [
        0.2153883497676353,
        0.2268845009460709,
        0.2140370737603445,
        0.03584576898411886,
        0.03714152670012479,
        0.03720830991339747,
        0.08110213442351,
        7.688875885702216e-08,
        0.27998695978074595,
        0.2854214799016971,
        0.041531688151930486,
        0.23043390271730121,
        0.2556093187438396,
        0.22169127103751787,
        0.2303610328763905,
        0.20992961508575927,
        0.18577568206482728,
        0.207296173587483,
        0.23951026538071926,
        0.03449773429048212,
        0.040924081619325224,
        0.03801205126254396,
        0.03530096391643149,
        0.028459331064163547,
        0.21762296468448455,
        0.22825727257645967,
        0.057386048516398024,
        0.1863712378488172,
        0.18421492998663183,
        0.26502545875401523,
        0.2619618134975028,
        0.23309616272005848
      ]
    },
    {
      "tick": 820,
      "phase": [
        0.36727879799666113,
        0.3055091819699499,
        0.24373956594323873,
        0.18196994991652754,
        0.12020033388981637,
        0.05843071786310518,
        0.998330550918197,
        0.9365609348914858,
        0.8747913188647747,
        0.8130217028380634,
        0.7512520868113522,
        0.6894824707846411,
        0.6277128547579299,
        0.5659432387312188,
        0.5041736227045075,
        0.44240400667779634,
        0.3806343906510852,
        0.31886477462437396,
        0.2570951585976628,
        0.19532554257095158,
        0.1335559265442404,
        0.07178631051752922,
        0.01001669449081803,
        0.9499165275459098,
        0.8881469115191987,
        0.8263772954924875,
        0.7646076794657763,
        0.7028380634390651,
        0.6410684474123539,
        0.5792988313856428,
        0.5175292153589316,
        0.4557595993322204
      ],
      "height_m": [
        0.05096387839409426,
        0.029329010748619565,
        0.029511607435246928,
        0.02931312349462486,
        0.029632817476280236,
        0.029632814798303944,
        0.022513408555047743,
        0.026785407645573116,
        0.14910970205336183,
        0.14912151513882618,
        0.14920033284508305,
        0.14942711541464476,
        0.14937522273273718,
        0.14940992223450172,
        0.1466747715999163,
        0.1132624372215057,
        0.060531344757056904,
        0.03023681364793177,
        0.02930320638025589,
        0.029505896677477352,
        0.02963281747628024,
        0.02963281737238017,
        0.029364622846562688,
        0.020009917236789,
        0.1486761750636262,
        0.14335091127721586,
        0.14912190486520926,
        0.14922314410933413,
        0.1492379847291006,
        0.1493742727136028,
        0.14841939500637813,
        0.12347527607173199
      ],
      "contacts": [
        4,
        7,
        7,
        3,
        1,
        1,
        1,
        1,
        2,
        2,
        8,
        6,
        2,
        5,
        4,
        5,
        6,
        6,
        7,
        6,
        1,
        1,
        1,
        1,
        4,
        5,
        2,
        6,
        6,
        2,
        3,
        4
      ],
      "maximum_stress_Pa": [
        62243.94276858653,
        69975.12925602857,
        65285.64102314016,
        67494.3130522641,
        13043.266131348795,
        13047.00751064399,
        14710.39340833545,
        9425.376766177538,
        80201.04355294908,
        81957.14383733933,
        10346.3432066899,
        66760.44396208136,
        73811.21334746818,
        65468.65480865786,
        65672.19508912873,
        61640.85933720686,
        54442.25817024991,
        53603.079346574945,
        71862.11450626628,
        63608.71407807932,
        14643.401809830992,
        13400.03705975726,
        13083.11642841359,
        9029.613866215223,
        61275.871719032555,
        62873.43960161931,
        59290.535214023286,
        28913.781252432706,
        59706.035592366214,
        76720.15762457463,
        76853.32246435362,
        67459.68056483993
      ],
      "residual_N": [
        4.2815943081820937e-11,
        2.5369269057542632e-11,
        3.267366933543531e-11,
        2.5653590919355543e-11,
        4.585884781269227e-12,
        3.6208161182948737e-12,
        4.7953172535302496e-12,
        6.235892613784471e-12,
        4.922856838135088e-11,
        5.889590153164068e-11,
        7.851037582565663e-12,
        3.587435329861183e-11,
        4.520537038400064e-11,
        3.103241347305676e-11,
        3.220843038604524e-11,
        3.475673889306513e-11,
        3.286081950895296e-11,
        3.1975157603134994e-11,
        3.680682692977249e-11,
        3.77186631338523e-11,
        4.657510897900698e-12,
        4.35369919494101e-12,
        3.942438845328768e-12,
        3.432305127797843e-12,
        3.1992291981744915e-11,
        3.23911946995951e-11,
        3.859195709640274e-11,
        1.2195464308952923e-11,
        3.182741057730046e-11,
        4.3320427767870677e-11,
        4.009089323305681e-11,
        3.753686679053616e-11
      ],
      "rhs_N": [
        0.21598017831155508,
        0.21834383384550465,
        0.21294148541150518,
        0.23377350979948688,
        0.036945651696434476,
        0.03695415728147802,
        0.03269936528110567,
        0.02646318197267727,
        0.2786706989542233,
        0.28481738091019027,
        0.04140226351115213,
        0.2307999310616803,
        0.2570867658552757,
        0.22253111170885892,
        0.2316065143520716,
        0.21094948545977432,
        0.1870661347827162,
        0.1734187228560401,
        0.2360593418341643,
        0.20519373315077413,
        0.04074728210945693,
        0.03776575215398464,
        0.036673763491177944,
        0.02121120557944422,
        0.2168940367706948,
        0.2221288321141344,
        0.2056807059870683,
        0.09067830961477075,
        0.18474572994674562,
        0.26681608617966496,
        0.26368378930448527,
        0.23454994986899
      ]
    },
    {
      "tick": 830,
      "phase": [
        0.38397328881469117,
        0.32220367278797996,
        0.2604340567612688,
        0.1986644407345576,
        0.13689482470784642,
        0.07512520868113523,
        0.01335559265442404,
        0.9532554257095159,
        0.8914858096828047,
        0.8297161936560935,
        0.7679465776293823,
        0.7061769616026712,
        0.6444073455759599,
        0.5826377295492488,
        0.5208681135225376,
        0.4590984974958264,
        0.3973288814691152,
        0.335559265442404,
        0.27378964941569284,
        0.21202003338898165,
        0.15025041736227046,
        0.08848080133555927,
        0.02671118530884808,
        0.9666110183639399,
        0.9048414023372288,
        0.8430717863105176,
        0.7813021702838063,
        0.7195325542570952,
        0.657762938230384,
        0.5959933222036728,
        0.5342237061769616,
        0.4724540901502504
      ],
      "height_m": [
        0.06340011391257332,
        0.03073239950345786,
        0.02951262529208023,
        0.029327455510038427,
        0.029632817476280233,
        0.02963281743187647,
        0.029485398410360644,
        0.02785427274745839,
        0.14910718061735737,
        0.14911875197403412,
        0.14919716605890404,
        0.14941567498047006,
        0.14937210374495574,
        0.1494329867164915,
        0.1483902199966784,
        0.1259439451573728,
        0.07426005760721675,
        0.034173530250798674,
        0.029305579105702275,
        0.029507182377289276,
        0.02963281747628025,
        0.02963281747455749,
        0.029628845881875455,
        0.02586957556636346,
        0.14462478249245495,
        0.1433485800607932,
        0.14911750569705243,
        0.14917948334005193,
        0.1492352024870861,
        0.1493815706618881,
        0.14910157137893115,
        0.13442998051472563
      ],
      "contacts": [
        4,
        6,
        7,
        6,
        1,
        1,
        1,
        1,
        2,
        2,
        10,
        3,
        2,
        5,
        4,
        5,
        6,
        6,
        7,
        6,
        1,
        1,
        1,
        1,
        0,
        5,
        2,
        4,
        6,
        2,
        3,
        4
      ],
      "maximum_stress_Pa": [
        62516.28020865544,
        59951.04190935055,
        64648.242840436935,
        72603.94376185992,
        12965.70214461489,
        12939.868489221351,
        14222.366386170863,
        12352.958323123246,
        79779.14704186791,
        81700.46721090397,
        44061.30700582128,
        15696.476064678294,
        74196.81843391371,
        65856.77939163796,
        66143.19139226219,
        62031.76738218784,
        55030.08177929366,
        54516.051740827315,
        70622.69301543052,
        63696.02126530972,
        14580.063872696168,
        13300.714703024278,
        13713.355499853416,
        15369.474355947112,
        0.0949425681272027,
        62960.76073582874,
        76154.44947889604,
        12578.17400181862,
        59863.010004636424,
        77236.39197125308,
        77377.18736670255,
        67929.84936277116
      ],
      "residual_N": [
        4.117078125981919e-11,
        3.0897418776275046e-11,
        3.502983290597158e-11,
        4.3736130857927095e-11,
        4.226697238882126e-12,
        4.772142462238637e-12,
        4.053855978343792e-12,
        4.883976690224979e-12,
        4.901573163249511e-11,
        4.519497159605302e-11,
        3.1291612876691976e-11,
        9.506544244419937e-12,
        4.669404408732549e-11,
        3.370901498463695e-11,
        4.065446991191172e-11,
        4.2622530825148977e-11,
        3.141364632886863e-11,
        3.29990113652852e-11,
        3.7942779263242955e-11,
        3.368523896214521e-11,
        3.915434303689543e-12,
        5.5644082634285445e-12,
        4.356862728904376e-12,
        5.5693539436666724e-12,
        6.224378087147478e-17,
        2.968345683547181e-11,
        4.721662941904236e-11,
        7.796748427477304e-12,
        3.157082858457324e-11,
        3.9671396060463143e-11,
        6.255821339906209e-11,
        5.311593328998284e-11
      ],
      "rhs_N": [
        0.21663718401297294,
        0.18762367752912018,
        0.2121313366554005,
        0.231830542061802,
        0.036769640160589014,
        0.03671120110981398,
        0.03952659693935964,
        0.03456895918731011,
        0.2772158784243369,
        0.28396149422345857,
        0.16760434095096421,
        0.057352271760791225,
        0.258424101283717,
        0.22333747714058078,
        0.23293413963801507,
        0.21199853716550143,
        0.18838470951347588,
        0.17432280931371796,
        0.23331285491971784,
        0.2037669441756721,
        0.04059024994947608,
        0.03753573254889613,
        0.03849197625270682,
        0.03610513850564433,
        5.186742792807265e-07,
        0.222136423121066,
        0.26454152544647447,
        0.04834463068382132,
        0.18521715578849737,
        0.26852447767674403,
        0.2653407830216464,
        0.23603087691845415
      ]
    },
    {
      "tick": 840,
      "phase": [
        0.4006677796327212,
        0.33889816360601005,
        0.27712854757929883,
        0.21535893155258765,
        0.15358931552587646,
        0.09181969949916528,
        0.03005008347245409,
        0.9699499165275459,
        0.9081803005008348,
        0.8464106844741236,
        0.7846410684474123,
        0.7228714524207012,
        0.66110183639399,
        0.5993322203672788,
        0.5375626043405676,
        0.47579298831385647,
        0.41402337228714525,
        0.3522537562604341,
        0.2904841402337229,
        0.2287145242070117,
        0.1669449081803005,
        0.10517529215358933,
        0.04340567612687813,
        0.98330550918197,
        0.9215358931552587,
        0.8597662771285476,
        0.7979966611018364,
        0.7362270450751253,
        0.674457429048414,
        0.6126878130217028,
        0.5509181969949917,
        0.48914858096828046
      ],
      "height_m": [
        0.07736962738288637,
        0.0353652269744556,
        0.029513592556110958,
        0.029331111487051507,
        0.029632817476280222,
        0.029632817475544006,
        0.029630561873851897,
        0.02445565328592128,
        0.1390741130964507,
        0.14911614507033047,
        0.14919377742031087,
        0.14900409565403247,
        0.14936836247398477,
        0.14943933041529397,
        0.1489336847055656,
        0.1363859378650507,
        0.0888493952253904,
        0.04154684623291938,
        0.029307919017593016,
        0.029508434588488293,
        0.029632817476280257,
        0.029632817476251704,
        0.029632751775281314,
        0.024891560024633278,
        0.0689941439786333,
        0.14334631517330737,
        0.14911388006243398,
        0.14917415102306114,
        0.14923239001141206,
        0.1493812570339915,
        0.14931586944846212,
        0.1425010940891351
      ],
      "contacts": [
        4,
        6,
        7,
        6,
        1,
        1,
        1,
        1,
        0,
        3,
        10,
        3,
        2,
        5,
        4,
        5,
        6,
        6,
        7,
        6,
        1,
        1,
        1,
        1,
        0,
        5,
        2,
        5,
        6,
        2,
        3,
        4
      ],
      "maximum_stress_Pa": [
        62821.7650404755,
        58579.35197610184,
        64130.08727669127,
        70377.11705161506,
        12897.272189895439,
        12838.787256872281,
        14706.371201304224,
        12228.042746741814,
        0.028125479447560123,
        81401.34909153824,
        45994.06990879893,
        17645.780594818934,
        74565.86669989102,
        66223.47589768894,
        66591.63766914618,
        62462.873429142186,
        55526.893524034465,
        55251.194702455236,
        69541.53448404872,
        62952.88085008948,
        14525.214346493327,
        13208.507167280522,
        13613.363375877845,
        15086.929975112607,
        0.09495916850160123,
        62764.77985137159,
        76196.13315356786,
        14407.398090430419,
        60002.879665058565,
        77645.9224429933,
        77885.70200734389,
        68413.65586769515
      ],
      "residual_N": [
        3.446887899883586e-11,
        2.7595094456493197e-11,
        3.442624713586552e-11,
        3.299236496262053e-11,
        4.14540372590803e-12,
        3.902524053293235e-12,
        4.437937276625562e-12,
        3.5825185500748832e-12,
        1.8478657870961926e-17,
        3.887094842316261e-11,
        3.392439604315487e-11,
        8.898641303442075e-12,
        4.305784908473419e-11,
        3.3397364483476404e-11,
        4.898891228127869e-11,
        3.5213952782661384e-11,
        2.9965298494140955e-11,
        3.2093657106148476e-11,
        2.954745600414384e-11,
        3.88283824115596e-11,
        4.131489486602136e-12,
        5.432925203526422e-12,
        3.927985363058784e-12,
        5.177623509258873e-12,
        6.040696410624433e-17,
        3.054425272106648e-11,
        4.944090057038617e-11,
        7.731379574786076e-12,
        2.994345725664355e-11,
        3.755836880423286e-11,
        3.6262499604637706e-11,
        4.346407722680937e-11
      ],
      "rhs_N": [
        0.21735174576344524,
        0.1844978512435003,
        0.2116061288664802,
        0.22590143439955004,
        0.036615048801354605,
        0.03648345118889923,
        0.04090143859017325,
        0.032776037522668215,
        1.443065008849137e-07,
        0.2828606019095586,
        0.16808849490688893,
        0.06187769034855423,
        0.259597486822136,
        0.22410173540495218,
        0.23421160261263843,
        0.2130620251592641,
        0.18964157597896045,
        0.17583780851235842,
        0.23112218950256305,
        0.20265809535568186,
        0.04045472469088141,
        0.03732333778310351,
        0.0382633889862406,
        0.03504616486151389,
        5.186742275580919e-07,
        0.22148462185213186,
        0.2647488290936719,
        0.05159566309076965,
        0.18563016727073936,
        0.27012879247805993,
        0.2669415432928778,
        0.2375170031028261
      ]
    },
    {
      "tick": 850,
      "phase": [
        0.41736227045075125,
        0.3555926544240401,
        0.2938230383973289,
        0.2320534223706177,
        0.17028380634390652,
        0.10851419031719532,
        0.04674457429048414,
        0.986644407345576,
        0.9248747913188649,
        0.8631051752921536,
        0.8013355592654424,
        0.7395659432387313,
        0.6777963272120201,
        0.6160267111853088,
        0.5542570951585977,
        0.4924874791318865,
        0.4307178631051753,
        0.36894824707846413,
        0.3071786310517529,
        0.24540901502504175,
        0.18363939899833057,
        0.12186978297161936,
        0.06010016694490818,
        1.0,
        0.9382303839732888,
        0.8764607679465777,
        0.8146911519198665,
        0.7529215358931552,
        0.6911519198664441,
        0.6293823038397329,
        0.5676126878130218,
        0.5058430717863105
      ],
      "height_m": [
        0.09202901580182526,
        0.04338520733813388,
        0.02951452446290568,
        0.029333912000176467,
        0.029632817476280236,
        0.029632817476268062,
        0.029632780125093572,
        0.021267518093568222,
        0.04807424331053825,
        0.14911359939401148,
        0.14919182854723928,
        0.14731252552184745,
        0.14936361857087735,
        0.14943903396756755,
        0.14910506609523738,
        0.14378450087360334,
        0.10344924575964776,
        0.05190846137594461,
        0.029372635372355776,
        0.02950960533920656,
        0.02927982056995123,
        0.029632817476279796,
        0.0296328163869255,
        0.021408226616689792,
        0.02450532083736526,
        0.14334407911953245,
        0.14911083716719684,
        0.14917068864813637,
        0.14922946184036198,
        0.1493772914239097,
        0.14938187326138722,
        0.14692710812164503
      ],
      "contacts": [
        4,
        6,
        7,
        6,
        1,
        1,
        1,
        1,
        0,
        3,
        10,
        3,
        2,
        5,
        4,
        5,
        6,
        6,
        7,
        6,
        5,
        1,
        1,
        1,
        1,
        5,
        2,
        5,
        6,
        2,
        3,
        4
      ],
      "maximum_stress_Pa": [
        63157.10810889545,
        57733.48945863118,
        63715.92164041988,
        69100.1155981049,
        12838.663166191767,
        12744.740016884352,
        14610.368853572554,
        12134.501607250233,
        0.028107908034797284,
        81069.61543841209,
        45933.66328044094,
        21307.987419737914,
        74908.3583243222,
        66499.8899697345,
        67023.76488864678,
        62895.940419430844,
        55893.03164490891,
        55906.313394302146,
        68095.79346671274,
        62316.70681726198,
        90704.40777102574,
        13124.101392757437,
        13503.872960286351,
        15120.717346761203,
        7486.155187064415,
        62540.326318919535,
        75972.07888792318,
        14563.206247343287,
        60124.61036384656,
        78047.28055343531,
        78376.10861755235,
        68915.8888278696
      ],
      "residual_N": [
        3.166012935917599e-11,
        2.9331794547342056e-11,
        2.9516965957665625e-11,
        3.135677199974499e-11,
        3.941101347429398e-12,
        4.396756902241124e-12,
        4.520874096014697e-12,
        4.536209917437892e-12,
        1.8435145862160513e-17,
        3.8585896634766985e-11,
        3.791713684549404e-11,
        1.2277859042232036e-11,
        4.0093311050073074e-11,
        2.8612655092192824e-11,
        3.66790184776854e-11,
        4.0651568588542305e-11,
        2.9453332515697026e-11,
        3.94875444578341e-11,
        3.051736367589922e-11,
        3.657103693298356e-11,
        5.900513483254048e-11,
        4.396872602772764e-12,
        3.8922470291678816e-12,
        5.254177308166424e-12,
        2.7357962996527356e-12,
        3.161480540017341e-11,
        4.53180683580055e-11,
        8.153917948647675e-12,
        3.017074882871172e-11,
        4.307774256658297e-11,
        4.643262136844314e-11,
        3.4826531616790595e-11
      ],
      "rhs_N": [
        0.21811621861040037,
        0.18287358089722805,
        0.21131993402843893,
        0.22331389981104996,
        0.036483172492119915,
        0.03627285722908798,
        0.040665269644012826,
        0.02799620872081231,
        1.4430661708335872e-07,
        0.28165667910973186,
        0.16876176364761095,
        0.08221858025823402,
        0.26058796989792865,
        0.22480184615998977,
        0.23545021133730404,
        0.2141330689708564,
        0.19072558997377353,
        0.1774241974702283,
        0.21640940826447372,
        0.2018940995668447,
        0.3267152729400012,
        0.037129949224369053,
        0.03800740947470048,
        0.03635959061820299,
        0.020892988669405786,
        0.2207491002252716,
        0.26404116082871265,
        0.05126290730220264,
        0.18598089700612958,
        0.2716050360931085,
        0.26848419482394675,
        0.2390271218103269
      ]
    },
    {
      "tick": 860,
      "phase": [
        0.4340567612687813,
        0.3722871452420701,
        0.31051752921535897,
        0.24874791318864775,
        0.18697829716193656,
        0.12520868113522537,
        0.06343906510851419,
        0.001669449081803005,
        0.9415692821368948,
        0.8797996661101837,
        0.8180300500834725,
        0.7562604340567612,
        0.6944908180300501,
        0.6327212020033389,
        0.5709515859766278,
        0.5091819699499165,
        0.44741235392320533,
        0.38564273789649417,
        0.32387312186978295,
        0.2621035058430718,
        0.2003338898163606,
        0.13856427378964942,
        0.07679465776293823,
        0.015025041736227046,
        0.9549248747913189,
        0.8931552587646077,
        0.8313856427378965,
        0.7696160267111853,
        0.7078464106844742,
        0.6460767946577629,
        0.5843071786310517,
        0.5225375626043406
      ],
      "height_m": [
        0.10652789073432188,
        0.0542619552325429,
        0.029697867370753004,
        0.029336461918330406,
        0.029502701250013974,
        0.029632817476280042,
        0.029632816856969023,
        0.030412888609004353,
        0.027971397485786986,
        0.14911108018029337,
        0.14919044467947828,
        0.14129715709494606,
        0.14935801478323152,
        0.14943609545830755,
        0.14915833973986084,
        0.14747223857272307,
        0.11721413368501439,
        0.06453502542815316,
        0.031049004656987154,
        0.02951074277259625,
        0.029288420360101167,
        0.029632817476280254,
        0.029632817458217553,
        0.029641173234322082,
        0.022790729442201528,
        0.1433418541508985,
        0.14910809857873933,
        0.1491646588599843,
        0.14922206837859697,
        0.14937303154243683,
        0.14940088021375444,
        0.1484561606752186
      ],
      "contacts": [
        4,
        6,
        7,
        6,
        4,
        1,
        1,
        0,
        1,
        3,
        10,
        4,
        2,
        5,
        4,
        5,
        6,
        6,
        6,
        6,
        6,
        1,
        1,
        1,
        1,
        5,
        2,
        6,
        6,
        2,
        3,
        4
      ],
      "maximum_stress_Pa": [
        63518.654277618974,
        57126.14097658542,
        61494.80648721251,
        68234.1502155553,
        65339.697305455215,
        12658.582352891906,
        14508.877038983295,
        0.0,
        12283.506667300913,
        80691.3326719731,
        45983.16343740131,
        21343.05002459976,
        75211.39069488793,
        66790.49644182483,
        67438.39214431377,
        63237.037060719056,
        56104.35786510669,
        56525.890549978605,
        62389.4054342542,
        61806.10193139586,
        78754.36738840325,
        13048.015559779004,
        13399.903689082856,
        14847.87949410464,
        26454.680698454733,
        62292.58869695152,
        75669.70626102397,
        51720.50197670009,
        13113.541272371134,
        78435.84207143655,
        78843.8907406741,
        69443.96996163085
      ],
      "residual_N": [
        4.408482881229072e-11,
        3.160367232543184e-11,
        3.431134137844754e-11,
        3.526199526665793e-11,
        4.7426657667956365e-11,
        3.5668638364967473e-12,
        4.621668077012399e-12,
        0.0,
        6.239162130323854e-12,
        5.085368289659821e-11,
        3.4044266885161896e-11,
        8.472032181417219e-12,
        4.35241722709293e-11,
        2.8817752022207326e-11,
        4.5318412415812824e-11,
        3.4227886276535664e-11,
        2.923344055638626e-11,
        3.559098058547076e-11,
        3.2806276536849145e-11,
        3.0327518984429956e-11,
        4.2933972347007294e-11,
        4.1126612179573656e-12,
        3.981857811981059e-12,
        4.477109996237449e-12,
        8.487727104190162e-12,
        2.993436802220818e-11,
        6.002036807933625e-11,
        3.1120775054365864e-11,
        7.96809282819847e-12,
        4.214932681211231e-11,
        4.523810920434145e-11,
        4.0925414431748876e-11
      ],
      "rhs_N": [
        0.21892892845410974,
        0.18205407329311615,
        0.20476718476659164,
        0.2213675539226306,
        0.23698359964475407,
        0.03608106080540994,
        0.04041443982943699,
        0.0,
        0.03421925803362093,
        0.2802928061312805,
        0.16960656928821782,
        0.07435096681732845,
        0.26137980346441925,
        0.22546710568963965,
        0.23664377907598788,
        0.21521651471671802,
        0.19156213397059565,
        0.1790938680861278,
        0.19328456101989294,
        0.20141430512011568,
        0.2677992400553499,
        0.03695645575615323,
        0.03776544266888131,
        0.04126645278339095,
        0.0592709645399526,
        0.21994287373436647,
        0.26307805739012097,
        0.18007557325622323,
        0.04684824547169962,
        0.27293212793643923,
        0.26995528061035684,
        0.240588003927336
      ]
    },
    {
      "tick": 870,
      "phase": [
        0.4507512520868114,
        0.38898163606010017,
        0.327212020033389,
        0.2654424040066778,
        0.20367278797996663,
        0.14190317195325544,
        0.08013355592654424,
        0.018363939899833055,
        0.9582637729549249,
        0.8964941569282138,
        0.8347245409015025,
        0.7729549248747913,
        0.7111853088480802,
        0.649415692821369,
        0.5876460767946577,
        0.5258764607679466,
        0.4641068447412354,
        0.4023372287145242,
        0.34056761268781305,
        0.27879799666110183,
        0.21702838063439064,
        0.15525876460767948,
        0.09348914858096828,
        0.03171953255425709,
        0.9716193656093489,
        0.9098497495826378,
        0.8480801335559266,
        0.7863105175292154,
        0.7245409015025042,
        0.662771285475793,
        0.6010016694490818,
        0.5392320534223707
      ],
      "height_m": [
        0.12002297543301287,
        0.06724516429235354,
        0.0319757454571976,
        0.02933890743033815,
        0.02950468676707305,
        0.029632817476280257,
        0.029632817466011395,
        0.02958442078443405,
        0.027275378088369728,
        0.14910857259369642,
        0.1491893441173342,
        0.14128572695335703,
        0.14929774823262712,
        0.14943311700162784,
        0.14917412942998734,
        0.14868788017483145,
        0.12931220229606602,
        0.078611656676185,
        0.0360308436149771,
        0.029511862779436814,
        0.029293635635527702,
        0.029632817476280274,
        0.02963281747598077,
        0.029632956704253907,
        0.026863888119407174,
        0.12669143347035441,
        0.14910549547174548,
        0.1491609254481992,
        0.14920309218022262,
        0.14936876772367333,
        0.1494049943278251,
        0.14894005784220857
      ],
      "contacts": [
        4,
        6,
        6,
        6,
        4,
        1,
        1,
        1,
        1,
        3,
        10,
        7,
        2,
        5,
        4,
        5,
        6,
        6,
        6,
        6,
        6,
        1,
        1,
        1,
        1,
        0,
        2,
        6,
        5,
        2,
        3,
        4
      ],
      "maximum_stress_Pa": [
        63901.58806587244,
        56682.17917924254,
        59923.04063981893,
        67416.22611547887,
        63446.46515745721,
        12581.169165372728,
        14411.58524550247,
        13378.174840691343,
        13067.362801091722,
        80275.31400093947,
        46331.23632624803,
        57326.58338244961,
        10493.183221783556,
        67081.29082252599,
        67831.00936656284,
        63428.0263114278,
        56164.6396220444,
        57093.99914616303,
        61281.62668598304,
        61400.37591280365,
        77276.59385912915,
        12981.036934766065,
        13302.725207597314,
        14710.624849531165,
        13045.006415154501,
        0.03581097838773844,
        75324.96843358917,
        55051.94423674881,
        13881.231872461627,
        78781.24088261527,
        79282.24484644156,
        69952.97488660384
      ],
      "residual_N": [
        3.178682214719067e-11,
        3.0472253147532923e-11,
        3.610706681574156e-11,
        3.9044393896037244e-11,
        4.69615186256964e-11,
        3.748611704666747e-12,
        4.000414894105514e-12,
        4.519829138584241e-12,
        4.819803409349214e-12,
        5.147452564539781e-11,
        3.533589036859827e-11,
        3.068944263818964e-11,
        7.100828716826114e-12,
        3.364241533327934e-11,
        5.14886229849242e-11,
        2.934843154377748e-11,
        2.5695765868604635e-11,
        3.4132720363420014e-11,
        3.173495536772916e-11,
        3.86127772811084e-11,
        3.8163843067286e-11,
        3.848909087493739e-12,
        4.087902018791155e-12,
        5.283399454191375e-12,
        5.122192670550174e-12,
        2.5088992542241444e-17,
        4.54177557301858e-11,
        2.905771754639253e-11,
        8.012227452948474e-12,
        5.396626928791097e-11,
        3.7850376376620265e-11,
        4.9354519415169414e-11
      ],
      "rhs_N": [
        0.2197910340061039,
        0.1817557842227143,
        0.2032243819276063,
        0.2198216806001583,
        0.23115447775691078,
        0.03590970366219201,
        0.040175332388866766,
        0.03761920522394903,
        0.03575638608545392,
        0.27880045689808336,
        0.17010435528744589,
        0.2015188615486075,
        0.04099066585041494,
        0.22606258893805725,
        0.2377787832303442,
        0.21625949020858973,
        0.19214601450498822,
        0.18075969496612165,
        0.1905799355864518,
        0.2011653916967805,
        0.2621776142552695,
        0.03680437363723195,
        0.037540376393529154,
        0.04091471865620325,
        0.03049743862291034,
        1.5546718819370017e-07,
        0.26191726312766755,
        0.1825983228807632,
        0.04894390722866042,
        0.27409285213510015,
        0.2713345737556671,
        0.24210363842158922
      ]
    },
    {
      "tick": 880,
      "phase": [
        0.4674457429048414,
        0.4056761268781302,
        0.34390651085141904,
        0.28213689482470783,
        0.22036727879799667,
        0.15859766277128548,
        0.09682804674457429,
        0.035058430717863104,
        0.9749582637729549,
        0.9131886477462438,
        0.8514190317195326,
        0.7896494156928214,
        0.7278797996661102,
        0.666110183639399,
        0.6043405676126878,
        0.5425709515859767,
        0.48080133555926546,
        0.41903171953255425,
        0.3572621035058431,
        0.29549248747913187,
        0.2337228714524207,
        0.17195325542570952,
        0.11018363939899833,
        0.048414023372287146,
        0.988313856427379,
        0.9265442404006679,
        0.8647746243739566,
        0.8030050083472454,
        0.7412353923205343,
        0.6794657762938231,
        0.6176961602671118,
        0.5559265442404007
      ],
      "height_m": [
        0.13168607108780161,
        0.08151086284232421,
        0.03765636002223155,
        0.029341300711469242,
        0.02950579187733121,
        0.02963281747628026,
        0.02963281747611,
        0.029632037045796297,
        0.02254910269864027,
        0.12207114231435902,
        0.14918836997365045,
        0.1412827159192964,
        0.1424196906052683,
        0.149430158000439,
        0.14917793808003676,
        0.1490726763502103,
        0.13892852138119127,
        0.09329339797373656,
        0.04436516327236657,
        0.02951296928034988,
        0.029297334038671834,
        0.029632817476280254,
        0.029632817476275303,
        0.02963281978502486,
        0.025291193889274085,
        0.021279694375057764,
        0.14910294807411947,
        0.14915863990280118,
        0.14919965257486542,
        0.14936433297688453,
        0.14940279584953006,
        0.1490922372949044
      ],
      "contacts": [
        4,
        6,
        6,
        6,
        4,
        1,
        1,
        1,
        1,
        0,
        10,
        7,
        1,
        5,
        4,
        5,
        6,
        6,
        6,
        6,
        6,
        1,
        1,
        1,
        1,
        0,
        2,
        6,
        5,
        2,
        3,
        4
      ],
      "maximum_stress_Pa": [
        64301.23561765691,
        56400.28877273516,
        60043.260109164934,
        66697.58642584989,
        63649.45195905533,
        12513.359089316347,
        14319.895134867475,
        13457.454571612265,
        11155.18186388612,
        0.021324445137765567,
        46489.88675564064,
        56995.94151266226,
        25201.29348516085,
        67345.42756008256,
        68212.89873880726,
        63572.06414355347,
        56108.354175324064,
        57567.04653594042,
        60507.64223854933,
        61085.67859745922,
        75805.07225572273,
        12923.850258630386,
        13212.91199001838,
        14605.830607068363,
        13728.915348467983,
        0.03580983998246991,
        74932.76758867556,
        56801.528567472815,
        14073.177566890206,
        79077.03918705971,
        79606.07075949386,
        70445.00987150069
      ],
      "residual_N": [
        3.521027491127822e-11,
        2.938316687152337e-11,
        3.3090900848096587e-11,
        4.8544599903410075e-11,
        4.784198586046488e-11,
        3.727116526510714e-12,
        4.168082884952815e-12,
        4.559767691752464e-12,
        3.057854105553203e-12,
        1.3249079548433998e-17,
        2.8319524556711266e-11,
        2.801034256200617e-11,
        1.1639451235374739e-11,
        2.991549099930082e-11,
        4.753464229878546e-11,
        3.590823401362293e-11,
        2.7278214660637236e-11,
        2.856698293583073e-11,
        3.738564794990957e-11,
        3.2007447846198736e-11,
        3.458141584816966e-11,
        4.0418434562308915e-12,
        3.621914579317277e-12,
        5.007446115010788e-12,
        4.701559161725342e-12,
        2.3964901004176592e-17,
        3.6927888011231036e-11,
        2.907320590487167e-11,
        7.379280715493563e-12,
        4.2708872728172265e-11,
        4.757524685284695e-11,
        3.5667612219621425e-11
      ],
      "rhs_N": [
        0.22070661734897512,
        0.18185917960171202,
        0.20368361609389782,
        0.2186405287649601,
        0.23107691340221995,
        0.03576036986341075,
        0.03995123613702799,
        0.03789788992096239,
        0.029598267031027272,
        1.1379909475665041e-07,
        0.17026970395572222,
        0.2034877296595385,
        0.07549223692017988,
        0.22657651593267317,
        0.23883949014406294,
        0.21723176623651655,
        0.19254214083338045,
        0.18225689380395002,
        0.18906312089104993,
        0.20111334692313335,
        0.25810314783118204,
        0.036675013212105964,
        0.03733345774042402,
        0.04065406657946722,
        0.032417287302427475,
        1.554671578638221e-07,
        0.26057874354992483,
        0.1830714709802925,
        0.048638324271034934,
        0.2750727353581153,
        0.27258039298631126,
        0.2435773687001957
      ]
    },
    {
      "tick": 890,
      "phase": [
        0.48414023372287146,
        0.4223706176961603,
        0.3606010016694491,
        0.2988313856427379,
        0.2370617696160267,
        0.17529215358931552,
        0.11352253756260434,
        0.05175292153589316,
        0.991652754590985,
        0.9298831385642738,
        0.8681135225375626,
        0.8063439065108514,
        0.7445742904841403,
        0.6828046744574291,
        0.6210350584307179,
        0.5592654424040067,
        0.4974958263772955,
        0.43572621035058434,
        0.3739565943238731,
        0.31218697829716197,
        0.25041736227045075,
        0.18864774624373956,
        0.12687813021702837,
        0.0651085141903172,
        0.00333889816360601,
        0.9432387312186978,
        0.8814691151919867,
        0.8196994991652755,
        0.7579298831385642,
        0.6961602671118531,
        0.6343906510851419,
        0.5726210350584308
      ],
      "height_m": [
        0.14070609501406678,
        0.09621163330277419,
        0.046603477474873076,
        0.029343661870713272,
        0.029506847147149382,
        0.02963281747628026,
        0.029632817476277447,
        0.029632804541763716,
        0.02315360189838358,
        0.021000160851414415,
        0.14918744905174453,
        0.14128079944692903,
        0.1387233237306156,
        0.14942705353248056,
        0.14917607913969416,
        0.1491937411425273,
        0.14526167614530583,
        0.10773010097380602,
        0.055487254222965854,
        0.029790049766560737,
        0.029300538790575228,
        0.029320460986498043,
        0.029632817476280195,
        0.02963281751456191,
        0.028442354080453706,
        0.021218398634701638,
        0.14910042254640002,
        0.1491568717217408,
        0.14919697835809154,
        0.14935973595177987,
        0.1493983709724158,
        0.14913913621886005
      ],
      "contacts": [
        4,
        6,
        6,
        6,
        4,
        1,
        1,
        1,
        1,
        1,
        10,
        7,
        2,
        5,
        4,
        5,
        6,
        6,
        6,
        6,
        6,
        6,
        1,
        1,
        0,
        1,
        2,
        6,
        5,
        2,
        3,
        4
      ],
      "maximum_stress_Pa": [
        64710.763425018566,
        56299.7660648149,
        60317.916470163655,
        66087.51659485276,
        63792.079078292976,
        12455.872066417254,
        14234.937378649884,
        13347.647470924645,
        13168.852455227763,
        304038.33895715827,
        46535.582657292274,
        56821.2635608192,
        18749.73934328723,
        67572.02301647249,
        68603.5486560666,
        63705.33724036835,
        55998.44684968415,
        57901.19208844645,
        59896.60745137243,
        57942.25053243276,
        74559.18271285607,
        77724.67212284726,
        13131.145172795646,
        14504.651447951253,
        0.0,
        14637.837405420905,
        74482.00467562582,
        57814.670548779606,
        14234.620404977955,
        79346.48417463982,
        79965.32861816787,
        70917.0465623688
      ],
      "residual_N": [
        4.3967283119741605e-11,
        3.1058251921625625e-11,
        2.8779009108515314e-11,
        3.124246785665157e-11,
        4.311734101629528e-11,
        3.889470039566251e-12,
        4.119198023631897e-12,
        3.732449400802141e-12,
        4.330600847999507e-12,
        1.4160951231129373e-10,
        3.325226944961049e-11,
        2.7348456978763927e-11,
        9.877660938449123e-12,
        3.485504715756735e-11,
        4.0122534249021045e-11,
        3.398345491272059e-11,
        3.1520343998549406e-11,
        2.6773897651266628e-11,
        2.8481805744169338e-11,
        3.527893249392625e-11,
        3.49426259919629e-11,
        3.2787979700441286e-11,
        3.696215871850575e-12,
        4.155532499339479e-12,
        0.0,
        5.6869464598365436e-12,
        3.434563348537697e-11,
        3.100233499897185e-11,
        7.617174035125631e-12,
        4.131292646500919e-11,
        3.945134381756127e-11,
        4.95472280922402e-11
      ],
      "rhs_N": [
        0.22167342162539855,
        0.1822706496371189,
        0.2043291903539602,
        0.217783479337847,
        0.23084114208993792,
        0.035634335444557276,
        0.03974467826368695,
        0.03764425313455916,
        0.02897277764969949,
        0.8438841681455971,
        0.17020095949269493,
        0.20353535832138506,
        0.07175556319223257,
        0.22700388865136756,
        0.23981435129147236,
        0.21816447779696413,
        0.19286342153557284,
        0.18341701491285306,
        0.18819321007403114,
        0.19492026503313337,
        0.2549912376018647,
        0.25335298212945223,
        0.03714604976946991,
        0.04040402748899619,
        0.0,
        0.033735075765480654,
        0.25908309661994283,
        0.18375804519605005,
        0.04864727371661472,
        0.27585938676469446,
        0.27372192481766167,
        0.24499749943274887
      ]
    }
  ],
  "policy": {
    "layers": [
      26,
      128,
      128,
      7
    ],
    "seed": 99173,
    "dtype": "float64",
    "residual_scale_rad": 0.0001
  },
  "repeats": [
    {
      "steps": 1200,
      "seconds": 13.865145613905042,
      "transitions_per_second": 2769.534563091029,
      "batch_steps_per_second": 86.54795509659466,
      "resets": 32
    }
  ],
  "egg_position_m": [
    [
      0.5888444583064696,
      -0.055303770247385295,
      0.024179755559429177
    ],
    [
      0.6355068362795067,
      0.020185792591243885,
      0.026625699969395705
    ],
    [
      0.6509195704131456,
      0.024152610207768804,
      0.1434151986254231
    ],
    [
      0.6516031483086998,
      0.02424207363780527,
      0.1409306242343741
    ],
    [
      0.6491062839519584,
      0.027188781353893934,
      0.14891021480831967
    ],
    [
      0.6514447336627657,
      0.008780962453106798,
      0.14916634107059887
    ],
    [
      0.651936405423067,
      -0.0010083047250614488,
      0.14937540971310043
    ],
    [
      0.6506823738965041,
      0.002084914604570314,
      0.14935769612857266
    ],
    [
      0.6521829356577588,
      0.0012312909721473536,
      0.14715914744203196
    ],
    [
      0.6549439458105559,
      0.0003242464410110956,
      0.11474824138260752
    ],
    [
      0.6507777244330439,
      -0.003608203478262626,
      0.06185730912498769
    ],
    [
      0.6506477009627397,
      -0.00018554706153792947,
      0.030680542082903276
    ],
    [
      0.6511567455910218,
      -0.001523786515617768,
      0.029467924454859202
    ],
    [
      0.6512924471912183,
      -0.00031558250149262327,
      0.029505168421548995
    ],
    [
      0.6477783951495311,
      -0.003998654991425018,
      0.02963281747628026
    ],
    [
      0.6474062601021848,
      -0.00043225268259932217,
      0.02963281742813785
    ],
    [
      0.6512712504251259,
      -4.928407134767854e-05,
      0.02962500109312328
    ],
    [
      0.65935669932339,
      0.031425725976642754,
      0.02782690758240865
    ],
    [
      0.6506433744539434,
      0.027985346651292948,
      0.1490840398256836
    ],
    [
      0.6475712947971592,
      0.023965195013509893,
      0.14263300920755487
    ],
    [
      0.6503420448014195,
      0.021222582653524547,
      0.14869640450957697
    ],
    [
      0.6517366972312248,
      0.013343573758535399,
      0.14924106799013231
    ],
    [
      0.6522942632715587,
      0.004357087653204598,
      0.1493991051749772
    ],
    [
      0.6503156613060523,
      -0.0030062136305564,
      0.1492274116863543
    ],
    [
      0.6485639923744061,
      0.0019182147279660428,
      0.14834663508566126
    ],
    [
      0.6540158434109428,
      0.0008732728518607207,
      0.12475927377899998
    ],
    [
      0.6519991378168963,
      -0.0022095509732336736,
      0.07302054847026944
    ],
    [
      0.6524301385653162,
      -0.0006320398969142344,
      0.033622679277865566
    ],
    [
      0.6469727019391085,
      -0.0019923562141283403,
      0.029316982957305903
    ],
    [
      0.6472179087890982,
      0.00018101510647157212,
      0.029463909414680446
    ],
    [
      0.6525235755369219,
      0.000951006082414543,
      0.029632817476280247
    ],
    [
      0.648107545740287,
      -0.0003751385234925928,
      0.02963281747369867
    ]
  ],
  "dofs": 2430,
  "tetrahedra": 480,
  "maximum_stress_Pa": [
    13951.882227846074,
    10691.577210458323,
    58727.63779268233,
    65837.51016062494,
    16134.172746052784,
    77521.32647912831,
    82215.08882619248,
    75613.99894767514,
    76648.7209408112,
    75393.69848509846,
    43836.946629014754,
    61469.61267835219,
    65227.26995840284,
    64827.53984627009,
    13450.880201648417,
    14044.400542433741,
    13874.737754726897,
    13773.044691398807,
    61850.074510225306,
    52919.76523659018,
    59481.32099991828,
    20004.01808834694,
    76731.17080064976,
    66596.98560839161,
    63556.909129311505,
    61614.77700268034,
    67156.65720362612,
    56507.63050378672,
    64174.64688047487,
    71063.59353922626,
    13741.613794829627,
    13286.430327600989
  ],
  "native_buffers": [
    {
      "name": "stress.0.info.vertices",
      "shape": [
        810,
        3
      ],
      "dtype": "torch.float64",
      "bytes": 19440,
      "kind": 1
    },
    {
      "name": "stress.0.info.elements",
      "shape": [
        480,
        10
      ],
      "dtype": "torch.int32",
      "bytes": 19200,
      "kind": 1
    },
    {
      "name": "stress.0.info.surface_nodes",
      "shape": [
        80,
        6
      ],
      "dtype": "torch.int32",
      "bytes": 1920,
      "kind": 1
    },
    {
      "name": "stress.0.info.edges",
      "shape": [
        6,
        2
      ],
      "dtype": "torch.int32",
      "bytes": 48,
      "kind": 1
    },
    {
      "name": "stress.0.info.gradients",
      "shape": [
        480,
        4,
        3
      ],
      "dtype": "torch.float64",
      "bytes": 46080,
      "kind": 1
    },
    {
      "name": "stress.0.info.volumes",
      "shape": [
        480
      ],
      "dtype": "torch.float64",
      "bytes": 3840,
      "kind": 1
    },
    {
      "name": "stress.0.info.row_start",
      "shape": [
        811
      ],
      "dtype": "torch.int32",
      "bytes": 3244,
      "kind": 1
    },
    {
      "name": "stress.0.info.columns",
      "shape": [
        20274
      ],
      "dtype": "torch.int32",
      "bytes": 81096,
      "kind": 1
    },
    {
      "name": "stress.0.info.element_entries",
      "shape": [
        480,
        10,
        10
      ],
      "dtype": "torch.int32",
      "bytes": 192000,
      "kind": 1
    },
    {
      "name": "stress.0.info.stiffness",
      "shape": [
        20274,
        3,
        3
      ],
      "dtype": "torch.float64",
      "bytes": 1459728,
      "kind": 1
    },
    {
      "name": "stress.0.info.mass",
      "shape": [
        20274
      ],
      "dtype": "torch.float64",
      "bytes": 162192,
      "kind": 1
    },
    {
      "name": "stress.0.info.modes",
      "shape": [
        810,
        3,
        6
      ],
      "dtype": "torch.float64",
      "bytes": 116640,
      "kind": 1
    },
    {
      "name": "stress.0.info.mass_modes",
      "shape": [
        810,
        3,
        6
      ],
      "dtype": "torch.float64",
      "bytes": 116640,
      "kind": 1
    },
    {
      "name": "stress.0.info.centrifugal",
      "shape": [
        810,
        3,
        6
      ],
      "dtype": "torch.float64",
      "bytes": 116640,
      "kind": 1
    },
    {
      "name": "stress.0.info.gram",
      "shape": [
        6,
        6
      ],
      "dtype": "torch.float64",
      "bytes": 288,
      "kind": 1
    },
    {
      "name": "stress.0.info.gram_inverse",
      "shape": [
        6,
        6
      ],
      "dtype": "torch.float64",
      "bytes": 288,
      "kind": 1
    },
    {
      "name": "stress.0.info.pins",
      "shape": [
        6
      ],
      "dtype": "torch.int32",
      "bytes": 24,
      "kind": 1
    },
    {
      "name": "stress.0.info.is_free",
      "shape": [
        810,
        3
      ],
      "dtype": "torch.int32",
      "bytes": 9720,
      "kind": 1
    },
    {
      "name": "stress.0.info.diagonal_inverse",
      "shape": [
        810,
        3,
        3
      ],
      "dtype": "torch.float64",
      "bytes": 58320,
      "kind": 1
    },
    {
      "name": "stress.0.info.scalar_diagonal_inverse",
      "shape": [
        810,
        3
      ],
      "dtype": "torch.float64",
      "bytes": 19440,
      "kind": 1
    },
    {
      "name": "stress.0.info.mass_properties",
      "shape": [
        4
      ],
      "dtype": "torch.float64",
      "bytes": 32,
      "kind": 1
    },
    {
      "name": "stress.0.factor.order",
      "shape": [
        810
      ],
      "dtype": "torch.int32",
      "bytes": 3240,
      "kind": 1
    },
    {
      "name": "stress.0.factor.row_start",
      "shape": [
        811
      ],
      "dtype": "torch.int32",
      "bytes": 3244,
      "kind": 1
    },
    {
      "name": "stress.0.factor.columns",
      "shape": [
        66669
      ],
      "dtype": "torch.int32",
      "bytes": 266676,
      "kind": 1
    },
    {
      "name": "stress.0.factor.sources",
      "shape": [
        66669
      ],
      "dtype": "torch.int32",
      "bytes": 266676,
      "kind": 1
    },
    {
      "name": "stress.0.factor.column_start",
      "shape": [
        811
      ],
      "dtype": "torch.int32",
      "bytes": 3244,
      "kind": 1
    },
    {
      "name": "stress.0.factor.rows",
      "shape": [
        66669
      ],
      "dtype": "torch.int32",
      "bytes": 266676,
      "kind": 1
    },
    {
      "name": "stress.0.factor.transpose_entries",
      "shape": [
        66669
      ],
      "dtype": "torch.int32",
      "bytes": 266676,
      "kind": 1
    },
    {
      "name": "stress.0.factor.lower",
      "shape": [
        66669,
        3,
        3
      ],
      "dtype": "torch.float64",
      "bytes": 4800168,
      "kind": 1
    },
    {
      "name": "stress.0.factor.diagonal",
      "shape": [
        810,
        3,
        3
      ],
      "dtype": "torch.float64",
      "bytes": 58320,
      "kind": 1
    },
    {
      "name": "stress.0.factor.diagonal_inverse",
      "shape": [
        810,
        3,
        3
      ],
      "dtype": "torch.float64",
      "bytes": 58320,
      "kind": 1
    },
    {
      "name": "stress.0.factor.valid",
      "shape": [],
      "dtype": "torch.bool",
      "bytes": 1,
      "kind": 1
    },
    {
      "name": "stress.0.inverse.blocks",
      "shape": [
        810,
        810,
        3,
        3
      ],
      "dtype": "torch.float64",
      "bytes": 47239200,
      "kind": 1
    },
    {
      "name": "stress.0.surface.gauss",
      "shape": [
        10
      ],
      "dtype": "torch.float64",
      "bytes": 80,
      "kind": 1
    },
    {
      "name": "stress.0.surface.gauss_weights",
      "shape": [
        10
      ],
      "dtype": "torch.float64",
      "bytes": 80,
      "kind": 1
    },
    {
      "name": "stress.0.surface.positions",
      "shape": [
        8000,
        3
      ],
      "dtype": "torch.float64",
      "bytes": 192000,
      "kind": 1
    },
    {
      "name": "stress.0.surface.weights",
      "shape": [
        8000
      ],
      "dtype": "torch.float64",
      "bytes": 64000,
      "kind": 1
    },
    {
      "name": "stress.0.surface.shape",
      "shape": [
        100,
        6
      ],
      "dtype": "torch.float64",
      "bytes": 4800,
      "kind": 1
    },
    {
      "name": "stress.0.surface.face_origin",
      "shape": [
        80,
        3
      ],
      "dtype": "torch.float64",
      "bytes": 1920,
      "kind": 1
    },
    {
      "name": "stress.0.surface.face_dual",
      "shape": [
        80,
        2,
        3
      ],
      "dtype": "torch.float64",
      "bytes": 3840,
      "kind": 1
    },
    {
      "name": "stress.0.surface.face_normal",
      "shape": [
        80,
        3
      ],
      "dtype": "torch.float64",
      "bytes": 1920,
      "kind": 1
    },
    {
      "name": "stress.0.surface.grid.bounds",
      "shape": [
        2,
        3
      ],
      "dtype": "torch.float64",
      "bytes": 48,
      "kind": 1
    },
    {
      "name": "stress.0.surface.grid.cell_size",
      "shape": [],
      "dtype": "torch.float64",
      "bytes": 8,
      "kind": 1
    },
    {
      "name": "stress.0.surface.grid.starts",
      "shape": [
        4097
      ],
      "dtype": "torch.int32",
      "bytes": 16388,
      "kind": 1
    },
    {
      "name": "stress.0.surface.grid.samples",
      "shape": [
        8000
      ],
      "dtype": "torch.int32",
      "bytes": 32000,
      "kind": 1
    },
    {
      "name": "stress.0.state.force",
      "shape": [
        810,
        32,
        3
      ],
      "dtype": "torch.float64",
      "bytes": 622080,
      "kind": 6
    },
    {
      "name": "stress.0.state.rhs",
      "shape": [
        810,
        32,
        3
      ],
      "dtype": "torch.float64",
      "bytes": 622080,
      "kind": 6
    },
    {
      "name": "stress.0.state.displacement",
      "shape": [
        810,
        32,
        3
      ],
      "dtype": "torch.float64",
      "bytes": 622080,
      "kind": 4
    },
    {
      "name": "stress.0.state.residual",
      "shape": [
        810,
        32,
        3
      ],
      "dtype": "torch.float64",
      "bytes": 622080,
      "kind": 6
    },
    {
      "name": "stress.0.state.direction",
      "shape": [
        810,
        32,
        3
      ],
      "dtype": "torch.float64",
      "bytes": 622080,
      "kind": 6
    },
    {
      "name": "stress.0.state.product",
      "shape": [
        810,
        32,
        3
      ],
      "dtype": "torch.float64",
      "bytes": 622080,
      "kind": 6
    },
    {
      "name": "stress.0.state.preconditioned",
      "shape": [
        810,
        32,
        3
      ],
      "dtype": "torch.float64",
      "bytes": 622080,
      "kind": 6
    },
    {
      "name": "stress.0.state.wrench",
      "shape": [
        32,
        6
      ],
      "dtype": "torch.float64",
      "bytes": 1536,
      "kind": 6
    },
    {
      "name": "stress.0.state.rhs_norm_squared",
      "shape": [
        32
      ],
      "dtype": "torch.float64",
      "bytes": 256,
      "kind": 6
    },
    {
      "name": "stress.0.state.residual_norm_squared",
      "shape": [
        32
      ],
      "dtype": "torch.float64",
      "bytes": 256,
      "kind": 6
    },
    {
      "name": "stress.0.state.residual_preconditioned",
      "shape": [
        32
      ],
      "dtype": "torch.float64",
      "bytes": 256,
      "kind": 6
    },
    {
      "name": "stress.0.state.next_residual_preconditioned",
      "shape": [
        32
      ],
      "dtype": "torch.float64",
      "bytes": 256,
      "kind": 6
    },
    {
      "name": "stress.0.state.direction_product",
      "shape": [
        32
      ],
      "dtype": "torch.float64",
      "bytes": 256,
      "kind": 6
    },
    {
      "name": "stress.0.state.active",
      "shape": [
        32
      ],
      "dtype": "torch.int32",
      "bytes": 128,
      "kind": 6
    },
    {
      "name": "stress.0.state.iterations",
      "shape": [
        32
      ],
      "dtype": "torch.int32",
      "bytes": 128,
      "kind": 6
    },
    {
      "name": "stress.0.state.peak",
      "shape": [
        32
      ],
      "dtype": "torch.float64",
      "bytes": 256,
      "kind": 6
    },
    {
      "name": "stress.0.state.step_peak",
      "shape": [
        32
      ],
      "dtype": "torch.float64",
      "bytes": 256,
      "kind": 5
    },
    {
      "name": "stress.0.state.step_valid",
      "shape": [
        32
      ],
      "dtype": "torch.bool",
      "bytes": 32,
      "kind": 5
    },
    {
      "name": "stress.0.state.valid",
      "shape": [
        32
      ],
      "dtype": "torch.bool",
      "bytes": 32,
      "kind": 6
    },
    {
      "name": "stress.0.contacts.position",
      "shape": [
        750,
        32,
        3
      ],
      "dtype": "torch.float64",
      "bytes": 576000,
      "kind": 6
    },
    {
      "name": "stress.0.contacts.center",
      "shape": [
        750,
        32,
        3
      ],
      "dtype": "torch.float64",
      "bytes": 576000,
      "kind": 6
    },
    {
      "name": "stress.0.contacts.force",
      "shape": [
        750,
        32,
        3
      ],
      "dtype": "torch.float64",
      "bytes": 576000,
      "kind": 6
    },
    {
      "name": "stress.0.contacts.normal",
      "shape": [
        750,
        32,
        3
      ],
      "dtype": "torch.float64",
      "bytes": 576000,
      "kind": 6
    },
    {
      "name": "stress.0.contacts.friction",
      "shape": [
        750,
        32
      ],
      "dtype": "torch.float64",
      "bytes": 192000,
      "kind": 6
    },
    {
      "name": "stress.0.contacts.radius",
      "shape": [
        750,
        32
      ],
      "dtype": "torch.float64",
      "bytes": 192000,
      "kind": 2
    },
    {
      "name": "stress.0.contacts.valid",
      "shape": [
        750,
        32
      ],
      "dtype": "torch.bool",
      "bytes": 24000,
      "kind": 6
    },
    {
      "name": "stress.0.contacts.coefficient",
      "shape": [
        750,
        32,
        3
      ],
      "dtype": "torch.float64",
      "bytes": 576000,
      "kind": 6
    },
    {
      "name": "stress.0.contacts.status",
      "shape": [
        750,
        32
      ],
      "dtype": "torch.int32",
      "bytes": 96000,
      "kind": 6
    },
    {
      "name": "stress.0.contacts.force_error",
      "shape": [
        750,
        32
      ],
      "dtype": "torch.float64",
      "bytes": 192000,
      "kind": 6
    },
    {
      "name": "stress.0.contacts.moment_error",
      "shape": [
        750,
        32
      ],
      "dtype": "torch.float64",
      "bytes": 192000,
      "kind": 6
    },
    {
      "name": "stress.0.contacts.candidate_count",
      "shape": [
        750,
        32
      ],
      "dtype": "torch.int32",
      "bytes": 96000,
      "kind": 6
    },
    {
      "name": "stress.0.contacts.evaluations",
      "shape": [
        750,
        32
      ],
      "dtype": "torch.int32",
      "bytes": 96000,
      "kind": 6
    },
    {
      "name": "stress.0.contacts.frame_position",
      "shape": [
        32,
        3
      ],
      "dtype": "torch.float64",
      "bytes": 768,
      "kind": 6
    },
    {
      "name": "stress.0.contacts.frame_quaternion",
      "shape": [
        32,
        4
      ],
      "dtype": "torch.float64",
      "bytes": 1024,
      "kind": 6
    },
    {
      "name": "stress.0.omega",
      "shape": [
        32,
        3
      ],
      "dtype": "torch.float64",
      "bytes": 768,
      "kind": 6
    }
  ],
  "native_buffer_bytes": 64297113,
  "native_allocation_count": 80,
  "torch_peak_allocated_bytes": 1286144,
  "device_free_bytes": 99406577664
}
