[Quadrants] version 1.3.3, llvm 22.1.0, commit 00423caa, linux, python 3.10.12
[38;5;226m[Genesis] [07:22:30] [WARNING] (MJCF) Approximating tendon by joint actuator for `finger_joint1`[0m
[38;5;226m[Genesis] [07:22:30] [WARNING] (MJCF) Approximating tendon by joint actuator for `finger_joint2`[0m
[38;5;226m[Genesis] [07:22:31] [WARNING] Neutral robot position (qpos0) exceeds joint limits.[0m
[38;5;226m[Genesis] [07:22:31] [WARNING] Constraint solver time constant should be greater than 2*substep_dt. timeconst is changed from `0.005` to `0.02`). Decrease simulation timestep or increase timeconst to avoid altering the original value.[0m
[38;5;226m[Genesis] [07:22:32] [WARNING] Filtered out geometry pairs causing self-collision for the neutral configuration (qpos0): (6, 11), (7, 11), (14, 21), (15, 20), (16, 23), (17, 22). Consider tuning Morph option 'decompose_robot_error_threshold' or specify dedicated collision meshes. This behavior can be disabled by setting Morph option 'enable_neutral_collision=True'.[0m
{
  "scope": "live",
  "envs": 8,
  "level": 1,
  "precision": "64",
  "quadrature": 10,
  "dt": 0.01,
  "substeps": 1,
  "varied": true,
  "seed": 510000,
  "cooperative_solve": true,
  "cooperative_pressure": true,
  "method": "auto",
  "inverse_precision": "64",
  "history": 0,
  "host": "rtx-209-067",
  "gpu": "NVIDIA RTX PRO 6000 Blackwell Server Edition",
  "gpu_total_bytes": 101975851008,
  "quadrants": [
    1,
    3,
    3
  ],
  "torch": "2.8.0",
  "setup_seconds": 21.565118269994855,
  "warmup_steps": 900,
  "warmup_quality": [
    {
      "tick": 0,
      "phase": [
        0.0,
        0.0,
        0.0,
        0.0,
        0.0,
        0.0,
        0.0,
        0.0
      ],
      "height_m": [
        0.031850890355476,
        0.03237932180439681,
        0.03167648072745669,
        0.03073176727215903,
        0.031204674226994262,
        0.03179886850065307,
        0.032090971443686625,
        0.031884388609004354
      ],
      "finger_contacts": [
        [
          0,
          0
        ],
        [
          0,
          0
        ],
        [
          0,
          0
        ],
        [
          0,
          0
        ],
        [
          0,
          0
        ],
        [
          0,
          0
        ],
        [
          0,
          0
        ],
        [
          0,
          0
        ]
      ],
      "nonzero_egg_contacts": [
        0,
        0,
        0,
        0,
        0,
        0,
        0,
        0
      ],
      "tangential_force_N": [
        0.0,
        0.0,
        0.0,
        0.0,
        0.0,
        0.0,
        0.0,
        0.0
      ],
      "contacts": [
        0,
        0,
        0,
        0,
        0,
        0,
        0,
        0
      ],
      "maximum_stress_Pa": [
        0.0,
        0.0,
        0.0,
        0.0,
        0.0,
        0.0,
        0.0,
        0.0
      ],
      "residual_N": [
        0.0,
        0.0,
        0.0,
        0.0,
        0.0,
        0.0,
        0.0,
        0.0
      ],
      "rhs_N": [
        0.0,
        0.0,
        0.0,
        0.0,
        0.0,
        0.0,
        0.0,
        0.0
      ],
      "corrections": [
        0,
        0,
        0,
        0,
        0,
        0,
        0,
        0
      ],
      "fallbacks": [
        0,
        0,
        0,
        0,
        0,
        0,
        0,
        0
      ],
      "contact_radius_range_m": [],
      "contact_friction_range": []
    },
    {
      "tick": 10,
      "phase": [
        0.01669449081803005,
        0.0,
        0.0,
        0.0,
        0.0,
        0.0,
        0.0,
        0.0
      ],
      "height_m": [
        0.02955680720401711,
        0.029586163604489343,
        0.02954600807035073,
        0.02962402659097198,
        0.029631838817646316,
        0.02955362850927998,
        0.02957077659285115,
        0.02955882581169295
      ],
      "finger_contacts": [
        [
          0,
          0
        ],
        [
          0,
          0
        ],
        [
          0,
          0
        ],
        [
          0,
          0
        ],
        [
          0,
          0
        ],
        [
          0,
          0
        ],
        [
          0,
          0
        ],
        [
          0,
          0
        ]
      ],
      "nonzero_egg_contacts": [
        1,
        1,
        1,
        1,
        1,
        1,
        1,
        1
      ],
      "tangential_force_N": [
        6.4461092516815e-19,
        6.498088795205156e-19,
        8.037900684366939e-19,
        4.920395592775784e-19,
        6.571619088334798e-19,
        6.4412587692856605e-19,
        6.469498752943794e-19,
        6.4492803795736445e-19
      ],
      "contacts": [
        1,
        1,
        1,
        1,
        1,
        1,
        1,
        1
      ],
      "maximum_stress_Pa": [
        14373.896569423772,
        13680.504658839329,
        14204.392752308584,
        13481.618829770305,
        13796.889445814708,
        13122.026967345384,
        14618.673349976896,
        13391.004974378104
      ],
      "residual_N": [
        4.651634502055779e-12,
        4.936549708918349e-12,
        4.351448572980079e-12,
        3.8503670133329335e-12,
        4.288330132504163e-12,
        4.23282288151643e-12,
        4.857069840702033e-12,
        4.715221795689221e-12
      ],
      "rhs_N": [
        0.03997424069946896,
        0.03833552183456265,
        0.039539549912296836,
        0.03794011625839572,
        0.03869406925551763,
        0.03695596086986384,
        0.04060547269825591,
        0.037595568159410064
      ],
      "corrections": [
        0,
        0,
        0,
        0,
        0,
        0,
        0,
        0
      ],
      "fallbacks": [
        0,
        0,
        0,
        0,
        0,
        0,
        0,
        0
      ],
      "contact_radius_range_m": [
        0.0054869429917403295,
        0.0066736805074863485
      ],
      "contact_friction_range": [
        1.0,
        1.0
      ]
    },
    {
      "tick": 20,
      "phase": [
        0.0333889816360601,
        0.0,
        0.0,
        0.0,
        0.0,
        0.0,
        0.0,
        0.0
      ],
      "height_m": [
        0.02963161055452225,
        0.029632064407004347,
        0.029631447256794476,
        0.029632672458529186,
        0.029632801258294504,
        0.029631562288057366,
        0.029631824680957874,
        0.029631641293235134
      ],
      "finger_contacts": [
        [
          0,
          0
        ],
        [
          0,
          0
        ],
        [
          0,
          0
        ],
        [
          0,
          0
        ],
        [
          0,
          0
        ],
        [
          0,
          0
        ],
        [
          0,
          0
        ],
        [
          0,
          0
        ]
      ],
      "nonzero_egg_contacts": [
        1,
        1,
        1,
        1,
        1,
        1,
        1,
        1
      ],
      "tangential_force_N": [
        6.571657926370239e-19,
        6.572149901210747e-19,
        8.214350426010555e-19,
        4.929606693574051e-19,
        6.57294907533676e-19,
        6.571606331561177e-19,
        6.571891101011801e-19,
        6.571692115499723e-19
      ],
      "contacts": [
        1,
        1,
        1,
        1,
        1,
        1,
        1,
        1
      ],
      "maximum_stress_Pa": [
        14611.922833522582,
        13872.75861536336,
        14590.979738356436,
        13513.069056998638,
        13800.377038290233,
        13450.149828797368,
        14903.409246707713,
        13704.509157986844
      ],
      "residual_N": [
        4.797356097288956e-12,
        4.335560230760032e-12,
        4.577784284826823e-12,
        3.608343378798173e-12,
        4.0661966785338475e-12,
        4.714169831001406e-12,
        4.060014535419771e-12,
        4.151514142998463e-12
      ],
      "rhs_N": [
        0.040667758659732,
        0.03887425603566563,
        0.040615658951028345,
        0.03802862382506808,
        0.03870385038375465,
        0.03788006319477429,
        0.0413963676997386,
        0.03847573868622521
      ],
      "corrections": [
        0,
        0,
        0,
        0,
        0,
        0,
        0,
        0
      ],
      "fallbacks": [
        0,
        0,
        0,
        0,
        0,
        0,
        0,
        0
      ],
      "contact_radius_range_m": [
        0.0054869429917403295,
        0.0066736805074863485
      ],
      "contact_friction_range": [
        1.0,
        1.0
      ]
    },
    {
      "tick": 30,
      "phase": [
        0.05008347245409015,
        0.0,
        0.0,
        0.0,
        0.0,
        0.0,
        0.0,
        0.0
      ],
      "height_m": [
        0.029632797478265114,
        0.029632804995037003,
        0.029632794774678804,
        0.02963281507192634,
        0.02963281720737034,
        0.029632796679103224,
        0.029632801024162166,
        0.029632797987238405
      ],
      "finger_contacts": [
        [
          0,
          0
        ],
        [
          0,
          0
        ],
        [
          0,
          0
        ],
        [
          0,
          0
        ],
        [
          0,
          0
        ],
        [
          0,
          0
        ],
        [
          0,
          0
        ],
        [
          0,
          0
        ]
      ],
      "nonzero_egg_contacts": [
        1,
        1,
        1,
        1,
        1,
        1,
        1,
        1
      ],
      "tangential_force_N": [
        6.572950236482717e-19,
        6.572955724932544e-19,
        8.216184853658146e-19,
        4.929722998094646e-19,
        6.572966422026336e-19,
        6.572950425593949e-19,
        6.572953793409543e-19,
        6.572951452163356e-19
      ],
      "contacts": [
        1,
        1,
        1,
        1,
        1,
        1,
        1,
        1
      ],
      "maximum_stress_Pa": [
        14510.999607135038,
        13875.454940045622,
        14596.150770632767,
        13513.573758852952,
        13800.434655715837,
        13454.514641684224,
        14907.23115583646,
        13708.675445444187
      ],
      "residual_N": [
        4.149033588457028e-12,
        5.106739896018197e-12,
        4.401545845166114e-12,
        5.6174777512937875e-12,
        4.724119024439137e-12,
        5.610814206005452e-12,
        4.475170643389931e-12,
        3.8092467286643744e-12
      ],
      "rhs_N": [
        0.04041964785166797,
        0.03888181167899663,
        0.040630053110082096,
        0.03803004416241565,
        0.03870401197470855,
        0.037892355949158865,
        0.04140698360334081,
        0.03848743563834512
      ],
      "corrections": [
        0,
        0,
        0,
        0,
        0,
        0,
        0,
        0
      ],
      "fallbacks": [
        0,
        0,
        0,
        0,
        0,
        0,
        0,
        0
      ],
      "contact_radius_range_m": [
        0.0054869429917403295,
        0.0066736805074863485
      ],
      "contact_friction_range": [
        1.0,
        1.0
      ]
    },
    {
      "tick": 40,
      "phase": [
        0.0667779632721202,
        0.005008347245409015,
        0.0,
        0.0,
        0.0,
        0.0,
        0.0,
        0.0
      ],
      "height_m": [
        0.02963281714469452,
        0.0296328172693287,
        0.02963281709986713,
        0.02963281743641343,
        0.02963281747182144,
        0.02963281713144383,
        0.029632817203488235,
        0.029632817153133675
      ],
      "finger_contacts": [
        [
          0,
          0
        ],
        [
          0,
          0
        ],
        [
          0,
          0
        ],
        [
          0,
          0
        ],
        [
          0,
          0
        ],
        [
          0,
          0
        ],
        [
          0,
          0
        ],
        [
          0,
          0
        ]
      ],
      "nonzero_egg_contacts": [
        1,
        1,
        1,
        1,
        1,
        1,
        1,
        1
      ],
      "tangential_force_N": [
        6.572965851128588e-19,
        6.572965486551633e-19,
        8.216206998273998e-19,
        4.929724411947538e-19,
        6.572966633087296e-19,
        6.572966661533891e-19,
        6.572966649160907e-19,
        6.572966671031154e-19
      ],
      "contacts": [
        1,
        1,
        1,
        1,
        1,
        1,
        1,
        1
      ],
      "maximum_stress_Pa": [
        14409.067527845711,
        13839.527059453087,
        14596.236074861212,
        13513.582122842326,
        13800.435611011382,
        13454.586676971086,
        14907.294293007591,
        13708.744224607906
      ],
      "residual_N": [
        4.16218896301038e-12,
        3.787090483840442e-12,
        4.33545900902214e-12,
        4.14741333034699e-12,
        4.429017708285533e-12,
        4.405000176589636e-12,
        5.201649141924487e-12,
        4.998843685853798e-12
      ],
      "rhs_N": [
        0.04016916236215111,
        0.03879657527106102,
        0.040630290564140845,
        0.03803006770046141,
        0.038704014653906445,
        0.03789255882430427,
        0.04140715897593357,
        0.03848762873748668
      ],
      "corrections": [
        0,
        0,
        0,
        0,
        0,
        0,
        0,
        0
      ],
      "fallbacks": [
        0,
        0,
        0,
        0,
        0,
        0,
        0,
        0
      ],
      "contact_radius_range_m": [
        0.0054869429917403295,
        0.0066736805074863485
      ],
      "contact_friction_range": [
        1.0,
        1.0
      ]
    },
    {
      "tick": 50,
      "phase": [
        0.08347245409015025,
        0.021702838063439065,
        0.0,
        0.0,
        0.0,
        0.0,
        0.0,
        0.0
      ],
      "height_m": [
        0.029632817470782207,
        0.02963281747284878,
        0.029632817470038916,
        0.029632817475619234,
        0.029632817476206337,
        0.029632817470562494,
        0.02963281747175707,
        0.029632817470922137
      ],
      "finger_contacts": [
        [
          0,
          0
        ],
        [
          0,
          0
        ],
        [
          0,
          0
        ],
        [
          0,
          0
        ],
        [
          0,
          0
        ],
        [
          0,
          0
        ],
        [
          0,
          0
        ],
        [
          0,
          0
        ]
      ],
      "nonzero_egg_contacts": [
        1,
        1,
        1,
        1,
        1,
        1,
        1,
        1
      ],
      "tangential_force_N": [
        6.572966015622723e-19,
        6.572965589490467e-19,
        8.216207231478182e-19,
        4.929724426879754e-19,
        6.572966635317358e-19,
        6.572966832555483e-19,
        6.57296678465431e-19,
        6.572966831366164e-19
      ],
      "contacts": [
        1,
        1,
        1,
        1,
        1,
        1,
        1,
        1
      ],
      "maximum_stress_Pa": [
        14311.886750924126,
        13721.11065628665,
        14596.237489173858,
        13513.5822615268,
        13800.435626857423,
        13454.587871306161,
        14907.295339827951,
        13708.74536495342
      ],
      "residual_N": [
        3.889949758821678e-12,
        4.1471228679417735e-12,
        4.597589585045864e-12,
        4.711202425969912e-12,
        4.0349443362420524e-12,
        3.799076725371219e-12,
        4.6960819000576585e-12,
        4.107503624825954e-12
      ],
      "rhs_N": [
        0.039931720731218104,
        0.0385167591859745,
        0.04063029450106297,
        0.038030068090745196,
        0.038704014698330486,
        0.0378925621879416,
        0.04140716188363018,
        0.03848763193905509
      ],
      "corrections": [
        0,
        0,
        0,
        0,
        0,
        0,
        0,
        0
      ],
      "fallbacks": [
        0,
        0,
        0,
        0,
        0,
        0,
        0,
        0
      ],
      "contact_radius_range_m": [
        0.0054869429917403295,
        0.0066736805074863485
      ],
      "contact_friction_range": [
        1.0,
        1.0
      ]
    },
    {
      "tick": 60,
      "phase": [
        0.1001669449081803,
        0.038397328881469114,
        0.0,
        0.0,
        0.0,
        0.0,
        0.0,
        0.0
      ],
      "height_m": [
        0.029632817476189104,
        0.029632817476223372,
        0.02963281747617678,
        0.029632817476269308,
        0.029632817476279046,
        0.02963281747618546,
        0.02963281747620527,
        0.029632817476191425
      ],
      "finger_contacts": [
        [
          0,
          0
        ],
        [
          0,
          0
        ],
        [
          0,
          0
        ],
        [
          0,
          0
        ],
        [
          0,
          0
        ],
        [
          0,
          0
        ],
        [
          0,
          0
        ],
        [
          0,
          0
        ]
      ],
      "nonzero_egg_contacts": [
        1,
        1,
        1,
        1,
        1,
        1,
        1,
        1
      ],
      "tangential_force_N": [
        6.572966016784976e-19,
        6.572965590220419e-19,
        8.216207233123925e-19,
        4.929724426985594e-19,
        6.572966635333329e-19,
        6.572966833763724e-19,
        6.572966785613308e-19,
        6.572966832499705e-19
      ],
      "contacts": [
        1,
        1,
        1,
        1,
        1,
        1,
        1,
        1
      ],
      "maximum_stress_Pa": [
        14220.749910872408,
        13605.601928372442,
        14596.23751262449,
        13513.582263826924,
        13800.435627118055,
        13454.587891113,
        14907.29535718444,
        13708.745383871861
      ],
      "residual_N": [
        4.30944928525605e-12,
        3.776012150751242e-12,
        4.33956452079729e-12,
        4.090429552457247e-12,
        4.537078273735544e-12,
        4.058291013123965e-12,
        4.3374627217817895e-12,
        5.542575417149529e-12
      ],
      "rhs_N": [
        0.03971028628216276,
        0.03824530244301863,
        0.040630294566341485,
        0.03803006809721658,
        0.03870401469906711,
        0.03789256224371445,
        0.041407161931842996,
        0.0384876319921407
      ],
      "corrections": [
        0,
        0,
        0,
        0,
        0,
        0,
        0,
        0
      ],
      "fallbacks": [
        0,
        0,
        0,
        0,
        0,
        0,
        0,
        0
      ],
      "contact_radius_range_m": [
        0.0054869429917403295,
        0.0066736805074863485
      ],
      "contact_friction_range": [
        1.0,
        1.0
      ]
    },
    {
      "tick": 70,
      "phase": [
        0.11686143572621036,
        0.05509181969949917,
        0.0,
        0.0,
        0.0,
        0.0,
        0.0,
        0.0
      ],
      "height_m": [
        0.02963281747627876,
        0.029632817476279327,
        0.029632817476278554,
        0.029632817476280066,
        0.02963281747628025,
        0.0296328174762787,
        0.02963281747627903,
        0.029632817476278796
      ],
      "finger_contacts": [
        [
          0,
          0
        ],
        [
          0,
          0
        ],
        [
          0,
          0
        ],
        [
          0,
          0
        ],
        [
          0,
          0
        ],
        [
          0,
          0
        ],
        [
          0,
          0
        ],
        [
          0,
          0
        ]
      ],
      "nonzero_egg_contacts": [
        1,
        1,
        1,
        1,
        1,
        1,
        1,
        1
      ],
      "tangential_force_N": [
        6.572966016778764e-19,
        6.5729655902161385e-19,
        8.216207233114088e-19,
        4.929724426640618e-19,
        6.572966635156509e-19,
        6.572966833757041e-19,
        6.5729667856081e-19,
        6.57296683249263e-19
      ],
      "contacts": [
        1,
        1,
        1,
        1,
        1,
        1,
        1,
        1
      ],
      "maximum_stress_Pa": [
        14136.71844361157,
        13494.271638038264,
        14596.23751301671,
        13513.582263868468,
        13800.435627121387,
        13454.587891441242,
        14907.295357476834,
        13708.745384177564
      ],
      "residual_N": [
        3.5874858479059544e-12,
        4.84076798542813e-12,
        4.009147521419996e-12,
        4.713924703494991e-12,
        3.822227152236266e-12,
        4.1719577433830166e-12,
        3.786718696190679e-12,
        3.906367784496752e-12
      ],
      "rhs_N": [
        0.03950716833139133,
        0.03798501660233966,
        0.040630294567423904,
        0.038030068097333385,
        0.03870401469908063,
        0.0378925622446392,
        0.041407161932642406,
        0.03848763199302091
      ],
      "corrections": [
        0,
        0,
        0,
        0,
        0,
        0,
        0,
        0
      ],
      "fallbacks": [
        0,
        0,
        0,
        0,
        0,
        0,
        0,
        0
      ],
      "contact_radius_range_m": [
        0.0054869429917403295,
        0.0066736805074863485
      ],
      "contact_friction_range": [
        1.0,
        1.0
      ]
    },
    {
      "tick": 80,
      "phase": [
        0.1335559265442404,
        0.07178631051752922,
        0.01001669449081803,
        0.0,
        0.0,
        0.0,
        0.0,
        0.0
      ],
      "height_m": [
        0.029632817476280247,
        0.029632817476280243,
        0.029632817476280247,
        0.029632817476280278,
        0.029632817476280254,
        0.029632817476280243,
        0.029632817476280247,
        0.029632817476280247
      ],
      "finger_contacts": [
        [
          0,
          0
        ],
        [
          0,
          0
        ],
        [
          0,
          0
        ],
        [
          0,
          0
        ],
        [
          0,
          0
        ],
        [
          0,
          0
        ],
        [
          0,
          0
        ],
        [
          0,
          0
        ]
      ],
      "nonzero_egg_contacts": [
        1,
        1,
        1,
        1,
        1,
        1,
        1,
        1
      ],
      "tangential_force_N": [
        6.572966016601076e-19,
        6.572965590487409e-19,
        8.216207233113552e-19,
        4.929724426985304e-19,
        6.572966635330619e-19,
        6.572966833757784e-19,
        6.572966785608817e-19,
        6.572966832314802e-19
      ],
      "contacts": [
        1,
        1,
        1,
        1,
        1,
        1,
        1,
        1
      ],
      "maximum_stress_Pa": [
        14060.68272017032,
        13388.413094254443,
        14528.47631392172,
        13513.582263870801,
        13800.435627122932,
        13454.587891445335,
        14907.295357484087,
        13708.745384181202
      ],
      "residual_N": [
        4.269680909291167e-12,
        4.0047764920678244e-12,
        4.9724173994854254e-12,
        4.6280536720287765e-12,
        4.043437330544894e-12,
        4.084436440394369e-12,
        4.233980546225424e-12,
        4.087745546001805e-12
      ],
      "rhs_N": [
        0.03932420846327056,
        0.03773877340203765,
        0.04046277253266143,
        0.038030068097324295,
        0.03870401469908419,
        0.037892562244656536,
        0.04140716193265759,
        0.03848763199303742
      ],
      "corrections": [
        0,
        0,
        0,
        0,
        0,
        0,
        0,
        0
      ],
      "fallbacks": [
        0,
        0,
        0,
        0,
        0,
        0,
        0,
        0
      ],
      "contact_radius_range_m": [
        0.0054869429917403295,
        0.006731065210937808
      ],
      "contact_friction_range": [
        1.0,
        1.0
      ]
    },
    {
      "tick": 90,
      "phase": [
        0.15025041736227046,
        0.08848080133555927,
        0.02671118530884808,
        0.0,
        0.0,
        0.0,
        0.0,
        0.0
      ],
      "height_m": [
        0.029632817476280243,
        0.029632817476280243,
        0.02963281747628026,
        0.029632817476280247,
        0.029632817476280247,
        0.02963281747628024,
        0.029632817476280243,
        0.029632817476280243
      ],
      "finger_contacts": [
        [
          0,
          0
        ],
        [
          0,
          0
        ],
        [
          0,
          0
        ],
        [
          0,
          0
        ],
        [
          0,
          0
        ],
        [
          0,
          0
        ],
        [
          0,
          0
        ],
        [
          0,
          0
        ]
      ],
      "nonzero_egg_contacts": [
        1,
        1,
        1,
        1,
        1,
        1,
        1,
        1
      ],
      "tangential_force_N": [
        6.572966016242366e-19,
        6.572965590216333e-19,
        8.216207233476481e-19,
        4.929724426985159e-19,
        6.572966634708599e-19,
        6.572966832774479e-19,
        6.572966784623831e-19,
        6.572966831330638e-19
      ],
      "contacts": [
        1,
        1,
        1,
        1,
        1,
        1,
        1,
        1
      ],
      "maximum_stress_Pa": [
        13993.426876047832,
        13289.068462117828,
        14416.200838704879,
        13513.582263868828,
        13800.435627122932,
        13454.587891455922,
        14907.295357492085,
        13708.745384186315
      ],
      "residual_N": [
        4.707887576225548e-12,
        3.6169828149935588e-12,
        4.405906852766744e-12,
        4.229353163566458e-12,
        4.043437773385942e-12,
        4.877358205860247e-12,
        5.2297973399704685e-12,
        4.487699409193242e-12
      ],
      "rhs_N": [
        0.0391630347730179,
        0.03750884275011935,
        0.04018664518826778,
        0.03803006809732554,
        0.0387040146990842,
        0.03789256224466168,
        0.04140716193266399,
        0.03848763199304309
      ],
      "corrections": [
        0,
        0,
        0,
        0,
        0,
        0,
        0,
        0
      ],
      "fallbacks": [
        0,
        0,
        0,
        0,
        0,
        0,
        0,
        0
      ],
      "contact_radius_range_m": [
        0.0054869429917403295,
        0.006818096917036991
      ],
      "contact_friction_range": [
        1.0,
        1.0
      ]
    },
    {
      "tick": 100,
      "phase": [
        0.1669449081803005,
        0.10517529215358933,
        0.04340567612687813,
        0.0,
        0.0,
        0.0,
        0.0,
        0.0
      ],
      "height_m": [
        0.02963281747628023,
        0.02963281747628026,
        0.029632817476280254,
        0.02963281747628026,
        0.029632817476280236,
        0.029632817476280226,
        0.029632817476280226,
        0.02963281747628023
      ],
      "finger_contacts": [
        [
          0,
          0
        ],
        [
          0,
          0
        ],
        [
          0,
          0
        ],
        [
          0,
          0
        ],
        [
          0,
          0
        ],
        [
          0,
          0
        ],
        [
          0,
          0
        ],
        [
          0,
          0
        ]
      ],
      "nonzero_egg_contacts": [
        1,
        1,
        1,
        1,
        1,
        1,
        1,
        1
      ],
      "tangential_force_N": [
        6.572966015436815e-19,
        6.572965590217125e-19,
        8.216207232759293e-19,
        4.929724426718461e-19,
        6.572966633546115e-19,
        6.572966832413377e-19,
        6.572966784176928e-19,
        6.572966830971234e-19
      ],
      "contacts": [
        1,
        1,
        1,
        1,
        1,
        1,
        1,
        1
      ],
      "maximum_stress_Pa": [
        13935.594229563456,
        13196.818278260751,
        14306.08637461579,
        13513.582263868395,
        13800.435627128449,
        13454.587891454654,
        14907.29535748848,
        13708.745384185042
      ],
      "residual_N": [
        4.301142925691736e-12,
        4.1225420572143614e-12,
        4.4007322506399454e-12,
        4.253013617751426e-12,
        4.697827948829738e-12,
        5.327524908091905e-12,
        4.394617428914371e-12,
        4.052596828119047e-12
      ],
      "rhs_N": [
        0.039024941182152,
        0.03729649577927651,
        0.03991759175862,
        0.038030068097325904,
        0.038704014699086686,
        0.037892562244664627,
        0.04140716193266628,
        0.03848763199304609
      ],
      "corrections": [
        0,
        0,
        0,
        0,
        0,
        0,
        0,
        0
      ],
      "fallbacks": [
        0,
        0,
        0,
        0,
        0,
        0,
        0,
        0
      ],
      "contact_radius_range_m": [
        0.0054869429917403295,
        0.006899630703636476
      ],
      "contact_friction_range": [
        1.0,
        1.0
      ]
    },
    {
      "tick": 110,
      "phase": [
        0.18363939899833057,
        0.12186978297161936,
        0.06010016694490818,
        0.0,
        0.0,
        0.0,
        0.0,
        0.0
      ],
      "height_m": [
        0.0295007632373234,
        0.029632817476280264,
        0.029632817476280257,
        0.02963281747628026,
        0.029632817476280222,
        0.02963281747628024,
        0.02963281747628024,
        0.029632817476280243
      ],
      "finger_contacts": [
        [
          2,
          1
        ],
        [
          0,
          0
        ],
        [
          0,
          0
        ],
        [
          0,
          0
        ],
        [
          0,
          0
        ],
        [
          0,
          0
        ],
        [
          0,
          0
        ],
        [
          0,
          0
        ]
      ],
      "nonzero_egg_contacts": [
        4,
        1,
        1,
        1,
        1,
        1,
        1,
        1
      ],
      "tangential_force_N": [
        0.4112328120450838,
        6.572965589682544e-19,
        8.216207232752449e-19,
        4.929724426539987e-19,
        6.572966633095785e-19,
        6.572966833757338e-19,
        6.572966785607696e-19,
        6.572966832492028e-19
      ],
      "contacts": [
        4,
        1,
        1,
        1,
        1,
        1,
        1,
        1
      ],
      "maximum_stress_Pa": [
        77864.30091665259,
        13112.329604860208,
        14199.59968629212,
        13513.582263863318,
        13800.435627132918,
        13454.587891445966,
        14907.295357482668,
        13708.745384179552
      ],
      "residual_N": [
        4.012685421301426e-11,
        4.45639583089492e-12,
        4.48949629622011e-12,
        3.815779152523523e-12,
        5.2912927818566634e-12,
        3.83159507601272e-12,
        4.327901468751825e-12,
        3.747256435132523e-12
      ],
      "rhs_N": [
        0.25922725086656107,
        0.03710305621658138,
        0.039659070168681455,
        0.03803006809732687,
        0.03870401469908966,
        0.03789256224465583,
        0.04140716193265703,
        0.03848763199303679
      ],
      "corrections": [
        0,
        0,
        0,
        0,
        0,
        0,
        0,
        0
      ],
      "fallbacks": [
        0,
        0,
        0,
        0,
        0,
        0,
        0,
        0
      ],
      "contact_radius_range_m": [
        0.0054869429917403295,
        0.0069747702871143045
      ],
      "contact_friction_range": [
        1.0,
        1.0
      ]
    },
    {
      "tick": 120,
      "phase": [
        0.2003338898163606,
        0.13856427378964942,
        0.07679465776293823,
        0.015025041736227046,
        0.0,
        0.0,
        0.0,
        0.0
      ],
      "height_m": [
        0.02950222263211836,
        0.029632817476280257,
        0.02963281747628025,
        0.029632817476280257,
        0.029632817476280236,
        0.02963281747628025,
        0.02963281747628025,
        0.029632817476280254
      ],
      "finger_contacts": [
        [
          2,
          2
        ],
        [
          0,
          0
        ],
        [
          0,
          0
        ],
        [
          0,
          0
        ],
        [
          0,
          0
        ],
        [
          0,
          0
        ],
        [
          0,
          0
        ],
        [
          0,
          0
        ]
      ],
      "nonzero_egg_contacts": [
        5,
        1,
        1,
        1,
        1,
        1,
        1,
        1
      ],
      "tangential_force_N": [
        0.15131774582673213,
        6.572965589859358e-19,
        8.216207230791148e-19,
        4.929724426363228e-19,
        6.572966635333258e-19,
        6.572966833755084e-19,
        6.5729667856064675e-19,
        6.572966832492408e-19
      ],
      "contacts": [
        5,
        1,
        1,
        1,
        1,
        1,
        1,
        1
      ],
      "maximum_stress_Pa": [
        68313.20279353151,
        13036.159591321766,
        14098.051867751801,
        13405.087912172125,
        13800.435627121007,
        13454.587891452225,
        14907.295357488912,
        13708.745384186936
      ],
      "residual_N": [
        3.585643624737843e-11,
        4.3676464772242025e-12,
        4.734456149896181e-12,
        3.974601374094065e-12,
        3.818185699886099e-12,
        4.18782598190521e-12,
        4.660528301105624e-12,
        4.0623779923295214e-12
      ],
      "rhs_N": [
        0.2253973194421716,
        0.03692949132689177,
        0.03941402881076693,
        0.03777747988783659,
        0.03870401469908061,
        0.03789256224465469,
        0.041407161932655735,
        0.0384876319930356
      ],
      "corrections": [
        0,
        0,
        0,
        0,
        0,
        0,
        0,
        0
      ],
      "fallbacks": [
        0,
        0,
        0,
        0,
        0,
        0,
        0,
        0
      ],
      "contact_radius_range_m": [
        0.0054869429917403295,
        0.007042689673967162
      ],
      "contact_friction_range": [
        1.0,
        1.0
      ]
    },
    {
      "tick": 130,
      "phase": [
        0.21702838063439064,
        0.15525876460767948,
        0.09348914858096828,
        0.03171953255425709,
        0.0,
        0.0,
        0.0,
        0.0
      ],
      "height_m": [
        0.029503673889906108,
        0.02963281747628026,
        0.02963281747628024,
        0.02963281747628025,
        0.02963281747628025,
        0.029632817476280257,
        0.029632817476280257,
        0.02963281747628026
      ],
      "finger_contacts": [
        [
          2,
          2
        ],
        [
          0,
          0
        ],
        [
          0,
          0
        ],
        [
          0,
          0
        ],
        [
          0,
          0
        ],
        [
          0,
          0
        ],
        [
          0,
          0
        ],
        [
          0,
          0
        ]
      ],
      "nonzero_egg_contacts": [
        5,
        1,
        1,
        1,
        1,
        1,
        1,
        1
      ],
      "tangential_force_N": [
        0.13059977371213483,
        6.572965589860153e-19,
        8.21620723025753e-19,
        4.929724426002076e-19,
        6.5729666353345e-19,
        6.5729668339378595e-19,
        6.572966785611332e-19,
        6.57296683231471e-19
      ],
      "contacts": [
        5,
        1,
        1,
        1,
        1,
        1,
        1,
        1
      ],
      "maximum_stress_Pa": [
        67430.91210439082,
        12969.115389403016,
        14002.614736111242,
        13287.364823940672,
        13800.43562712853,
        13454.587891452777,
        14907.29535748905,
        13708.745384186568
      ],
      "residual_N": [
        4.2480176318195544e-11,
        4.01194605102192e-12,
        4.908260687426402e-12,
        3.875760117003341e-12,
        4.0078351573986855e-12,
        4.424891858293807e-12,
        4.811491164635141e-12,
        4.0306152628714176e-12
      ],
      "rhs_N": [
        0.22376458733332585,
        0.03677736836853169,
        0.03918501614326931,
        0.03750491076129609,
        0.038704014699079387,
        0.03789256224465459,
        0.04140716193265566,
        0.03848763199303558
      ],
      "corrections": [
        0,
        0,
        0,
        0,
        0,
        0,
        0,
        0
      ],
      "fallbacks": [
        0,
        0,
        0,
        0,
        0,
        0,
        0,
        0
      ],
      "contact_radius_range_m": [
        0.0054869429917403295,
        0.007102642240781754
      ],
      "contact_friction_range": [
        1.0,
        1.0
      ]
    },
    {
      "tick": 140,
      "phase": [
        0.2337228714524207,
        0.17195325542570952,
        0.11018363939899833,
        0.048414023372287146,
        0.0,
        0.0,
        0.0,
        0.0
      ],
      "height_m": [
        0.02950496994618421,
        0.029632817476280243,
        0.029632817476280226,
        0.02963281747628024,
        0.029632817476280257,
        0.02963281747628026,
        0.02963281747628026,
        0.029632817476280264
      ],
      "finger_contacts": [
        [
          2,
          2
        ],
        [
          0,
          0
        ],
        [
          0,
          0
        ],
        [
          0,
          0
        ],
        [
          0,
          0
        ],
        [
          0,
          0
        ],
        [
          0,
          0
        ],
        [
          0,
          0
        ]
      ],
      "nonzero_egg_contacts": [
        5,
        1,
        1,
        1,
        1,
        1,
        1,
        1
      ],
      "tangential_force_N": [
        0.12166027058025161,
        6.572965588963665e-19,
        8.216207228282667e-19,
        4.929724424840429e-19,
        6.572966635156475e-19,
        6.572966833937813e-19,
        6.572966784894053e-19,
        6.572966832313823e-19
      ],
      "contacts": [
        5,
        1,
        1,
        1,
        1,
        1,
        1,
        1
      ],
      "maximum_stress_Pa": [
        66607.92072316,
        12911.871215892228,
        13914.353809250437,
        13173.35270059376,
        13800.435627130426,
        13454.587891449404,
        14907.295357486064,
        13708.745384183716
      ],
      "residual_N": [
        3.943607401845394e-11,
        4.67461873400729e-12,
        5.136662883748407e-12,
        4.6902982153558064e-12,
        4.681970784786111e-12,
        4.112383954427336e-12,
        4.753104424622634e-12,
        4.1872029003551156e-12
      ],
      "rhs_N": [
        0.2227115789357988,
        0.036647974168607864,
        0.03897433916927234,
        0.03724266851687065,
        0.038704014699079324,
        0.03789256224465503,
        0.04140716193265616,
        0.03848763199303615
      ],
      "corrections": [
        0,
        0,
        0,
        0,
        0,
        0,
        0,
        0
      ],
      "fallbacks": [
        0,
        0,
        0,
        0,
        0,
        0,
        0,
        0
      ],
      "contact_radius_range_m": [
        0.0054869429917403295,
        0.007153968941707627
      ],
      "contact_friction_range": [
        1.0,
        1.0
      ]
    },
    {
      "tick": 150,
      "phase": [
        0.25041736227045075,
        0.18864774624373956,
        0.12687813021702837,
        0.0651085141903172,
        0.00333889816360601,
        0.0,
        0.0,
        0.0
      ],
      "height_m": [
        0.02950618492370879,
        0.029274185015914136,
        0.02963281747628024,
        0.029632817476280226,
        0.02963281747628026,
        0.02963281747628026,
        0.02963281747628026,
        0.029632817476280264
      ],
      "finger_contacts": [
        [
          2,
          2
        ],
        [
          5,
          3
        ],
        [
          0,
          0
        ],
        [
          0,
          0
        ],
        [
          0,
          0
        ],
        [
          0,
          0
        ],
        [
          0,
          0
        ],
        [
          0,
          0
        ]
      ],
      "nonzero_egg_contacts": [
        5,
        9,
        1,
        1,
        1,
        1,
        1,
        1
      ],
      "tangential_force_N": [
        0.11542849424438607,
        0.23422172624715146,
        8.216207233114987e-19,
        4.929724423944785e-19,
        6.572966634798661e-19,
        6.572966833044653e-19,
        6.5729667850741915e-19,
        6.572966832137047e-19
      ],
      "contacts": [
        5,
        9,
        1,
        1,
        1,
        1,
        1,
        1
      ],
      "maximum_stress_Pa": [
        65980.86446087876,
        71182.17732920773,
        13834.174892148347,
        13063.739694220665,
        13776.4064268491,
        13454.587891447281,
        14907.295357482471,
        13708.745384183325
      ],
      "residual_N": [
        3.1532489257841434e-11,
        3.82832180516312e-11,
        4.031702579987527e-12,
        5.007846547376857e-12,
        4.279144252892494e-12,
        3.782960928990674e-12,
        4.237634088301828e-12,
        3.955733276819968e-12
      ],
      "rhs_N": [
        0.22203733880515353,
        0.2398317935984775,
        0.038783890541085594,
        0.03699224687525724,
        0.03864721285623887,
        0.037892562244656,
        0.04140716193265722,
        0.03848763199303714
      ],
      "corrections": [
        0,
        0,
        0,
        0,
        0,
        0,
        0,
        0
      ],
      "fallbacks": [
        0,
        0,
        0,
        0,
        0,
        0,
        0,
        0
      ],
      "contact_radius_range_m": [
        0.0054869429917403295,
        0.007196105553208408
      ],
      "contact_friction_range": [
        1.0,
        1.0
      ]
    },
    {
      "tick": 160,
      "phase": [
        0.2671118530884808,
        0.20534223706176963,
        0.14357262103505844,
        0.08180300500834725,
        0.02003338898163606,
        0.0,
        0.0,
        0.0
      ],
      "height_m": [
        0.029507364663637455,
        0.029282510514423814,
        0.02963281747628025,
        0.02963281747628024,
        0.02963281747628026,
        0.029632817476280257,
        0.029632817476280257,
        0.02963281747628026
      ],
      "finger_contacts": [
        [
          2,
          2
        ],
        [
          5,
          3
        ],
        [
          0,
          0
        ],
        [
          0,
          0
        ],
        [
          0,
          0
        ],
        [
          0,
          0
        ],
        [
          0,
          0
        ],
        [
          0,
          0
        ]
      ],
      "nonzero_egg_contacts": [
        5,
        9,
        1,
        1,
        1,
        1,
        1,
        1
      ],
      "tangential_force_N": [
        0.11059993173601428,
        0.21807013007289308,
        8.216207233111075e-19,
        4.929724426985913e-19,
        6.572966634442574e-19,
        6.572966831792891e-19,
        6.57296678400089e-19,
        6.572966831780129e-19
      ],
      "contacts": [
        5,
        9,
        1,
        1,
        1,
        1,
        1,
        1
      ],
      "maximum_stress_Pa": [
        65476.45394079214,
        69861.98948850378,
        13762.800474733565,
        12959.40951843991,
        13657.429282875917,
        13454.587891440375,
        14907.295357477446,
        13708.745384175261
      ],
      "residual_N": [
        3.7725706645495656e-11,
        3.500243588107698e-11,
        4.0103746042817104e-12,
        3.740400780013819e-12,
        4.068584012067301e-12,
        4.27700907754855e-12,
        4.2479149709299764e-12,
        4.888108884404857e-12
      ],
      "rhs_N": [
        0.22162628551934924,
        0.23214840139076176,
        0.03861508147599483,
        0.036755396799797425,
        0.03836692645356122,
        0.037892562244657445,
        0.041407161932658774,
        0.038487631993038604
      ],
      "corrections": [
        0,
        0,
        0,
        0,
        0,
        0,
        0,
        0
      ],
      "fallbacks": [
        0,
        0,
        0,
        0,
        0,
        0,
        0,
        0
      ],
      "contact_radius_range_m": [
        0.0054869429917403295,
        0.007228588876451466
      ],
      "contact_friction_range": [
        1.0,
        1.0
      ]
    },
    {
      "tick": 170,
      "phase": [
        0.2838063439065109,
        0.22203672787979967,
        0.16026711185308848,
        0.0984974958263773,
        0.03672787979966611,
        0.0,
        0.0,
        0.0
      ],
      "height_m": [
        0.029508524452616647,
        0.02928662831605899,
        0.029632817476280257,
        0.02963281747628025,
        0.029632817476280257,
        0.02963281747628025,
        0.02963281747628025,
        0.029632817476280254
      ],
      "finger_contacts": [
        [
          2,
          2
        ],
        [
          5,
          3
        ],
        [
          0,
          0
        ],
        [
          0,
          0
        ],
        [
          0,
          0
        ],
        [
          0,
          0
        ],
        [
          0,
          0
        ],
        [
          0,
          0
        ]
      ],
      "nonzero_egg_contacts": [
        5,
        9,
        1,
        1,
        1,
        1,
        1,
        1
      ],
      "tangential_force_N": [
        0.10671523707668977,
        0.2029040812685288,
        8.216207233114569e-19,
        4.929724426986325e-19,
        6.572966634084807e-19,
        6.572966831254135e-19,
        6.572966783282824e-19,
        6.572966829810303e-19
      ],
      "contacts": [
        5,
        9,
        1,
        1,
        1,
        1,
        1,
        1
      ],
      "maximum_stress_Pa": [
        65067.640875145175,
        68858.87976734959,
        13700.732423671965,
        12861.519704085018,
        13541.247038350188,
        13454.587891447009,
        14907.295357482943,
        13708.745384181066
      ],
      "residual_N": [
        3.988668149824434e-11,
        4.452674533799881e-11,
        3.941584133869981e-12,
        3.720509275779585e-12,
        3.87078645990273e-12,
        4.031021878918719e-12,
        4.203555168311e-12,
        4.287427495868814e-12
      ],
      "rhs_N": [
        0.2214278142656983,
        0.22908765651230484,
        0.03846876556883196,
        0.0365345437329628,
        0.03809468015815832,
        0.03789256224465934,
        0.04140716193266085,
        0.038487631993040665
      ],
      "corrections": [
        0,
        0,
        0,
        0,
        0,
        0,
        0,
        0
      ],
      "fallbacks": [
        0,
        0,
        0,
        0,
        0,
        0,
        0,
        0
      ],
      "contact_radius_range_m": [
        0.0054869429917403295,
        0.007251061829154427
      ],
      "contact_friction_range": [
        1.0,
        1.0
      ]
    },
    {
      "tick": 180,
      "phase": [
        0.3005008347245409,
        0.23873121869782973,
        0.17696160267111855,
        0.11519198664440734,
        0.05342237061769616,
        0.0,
        0.0,
        0.0
      ],
      "height_m": [
        0.02950980175738069,
        0.02928946168996465,
        0.02963281747628026,
        0.029632817476280257,
        0.02963281747628025,
        0.02963281747628024,
        0.02963281747628024,
        0.029632817476280243
      ],
      "finger_contacts": [
        [
          2,
          2
        ],
        [
          5,
          3
        ],
        [
          0,
          0
        ],
        [
          0,
          0
        ],
        [
          0,
          0
        ],
        [
          0,
          0
        ],
        [
          0,
          0
        ],
        [
          0,
          0
        ]
      ],
      "nonzero_egg_contacts": [
        5,
        9,
        1,
        1,
        1,
        1,
        1,
        1
      ],
      "tangential_force_N": [
        0.10346979907321854,
        0.19266386390858276,
        8.216207232400676e-19,
        4.929724426809425e-19,
        6.57296663247275e-19,
        6.572966830358488e-19,
        6.572966782568187e-19,
        6.572966828914646e-19
      ],
      "contacts": [
        5,
        9,
        1,
        1,
        1,
        1,
        1,
        1
      ],
      "maximum_stress_Pa": [
        64732.3777168799,
        67902.6754762795,
        13648.424054914356,
        12771.05659298881,
        13429.280310025644,
        13454.58789145129,
        14907.29535749035,
        13708.745384187732
      ],
      "residual_N": [
        3.9793494577000696e-11,
        3.460827707584485e-11,
        4.372705295357666e-12,
        4.332940575343913e-12,
        4.182601176756343e-12,
        4.556092067120869e-12,
        5.385401863240747e-12,
        4.9713960218521235e-12
      ],
      "rhs_N": [
        0.22138851115717814,
        0.226980625936211,
        0.03834577320751254,
        0.036331658931863124,
        0.03783369109140804,
        0.0378925622446618,
        0.04140716193266345,
        0.03848763199304313
      ],
      "corrections": [
        0,
        0,
        0,
        0,
        0,
        0,
        0,
        0
      ],
      "fallbacks": [
        0,
        0,
        0,
        0,
        0,
        0,
        0,
        0
      ],
      "contact_radius_range_m": [
        0.0054869429917403295,
        0.007280783180583899
      ],
      "contact_friction_range": [
        1.0,
        1.0
      ]
    },
    {
      "tick": 190,
      "phase": [
        0.31719532554257096,
        0.2554257095158598,
        0.19365609348914858,
        0.1318864774624374,
        0.07011686143572621,
        0.008347245409015025,
        0.0,
        0.0
      ],
      "height_m": [
        0.030229398024282542,
        0.029291886519958153,
        0.029508939798276516,
        0.02963281747628026,
        0.02963281747628024,
        0.029632817476280226,
        0.029632817476280226,
        0.02963281747628023
      ],
      "finger_contacts": [
        [
          2,
          2
        ],
        [
          5,
          3
        ],
        [
          3,
          2
        ],
        [
          0,
          0
        ],
        [
          0,
          0
        ],
        [
          0,
          0
        ],
        [
          0,
          0
        ],
        [
          0,
          0
        ]
      ],
      "nonzero_egg_contacts": [
        4,
        9,
        6,
        1,
        1,
        1,
        1,
        1
      ],
      "tangential_force_N": [
        0.09506904691895882,
        0.18422257303412817,
        0.2402232516718526,
        4.929724426631781e-19,
        6.572966631577953e-19,
        6.57296682946031e-19,
        6.5729667831044765e-19,
        6.572966828016468e-19
      ],
      "contacts": [
        4,
        9,
        6,
        1,
        1,
        1,
        1,
        1
      ],
      "maximum_stress_Pa": [
        61601.34936375112,
        67027.55157914228,
        66465.158954362,
        12688.813942475788,
        13322.798038428893,
        13394.048922685844,
        14907.295357489893,
        13708.745384185342
      ],
      "residual_N": [
        2.962681040078485e-11,
        4.078281261220779e-11,
        3.978103102287874e-11,
        4.1146382984730405e-12,
        4.591780738733467e-12,
        5.1398326068410145e-12,
        5.126788918302464e-12,
        4.0737498556197245e-12
      ],
      "rhs_N": [
        0.2142873546831166,
        0.2253285173173595,
        0.2204690471060603,
        0.03614823100668231,
        0.03758676978472527,
        0.037751852154037216,
        0.041407161932666615,
        0.03848763199304612
      ],
      "corrections": [
        0,
        0,
        0,
        0,
        0,
        0,
        0,
        0
      ],
      "fallbacks": [
        0,
        0,
        0,
        0,
        0,
        0,
        0,
        0
      ],
      "contact_radius_range_m": [
        0.0054869429917403295,
        0.007355107159713577
      ],
      "contact_friction_range": [
        1.0,
        1.0
      ]
    },
    {
      "tick": 200,
      "phase": [
        0.333889816360601,
        0.27212020033388984,
        0.21035058430717865,
        0.14858096828046746,
        0.08681135225375626,
        0.025041736227045076,
        0.0,
        0.0
      ],
      "height_m": [
        0.03382624268519927,
        0.02929430179317741,
        0.029509491806177398,
        0.02963281747628026,
        0.029632817476280226,
        0.02963281747628024,
        0.02963281747628024,
        0.029632817476280243
      ],
      "finger_contacts": [
        [
          2,
          2
        ],
        [
          3,
          3
        ],
        [
          3,
          3
        ],
        [
          0,
          0
        ],
        [
          0,
          0
        ],
        [
          0,
          0
        ],
        [
          0,
          0
        ],
        [
          0,
          0
        ]
      ],
      "nonzero_egg_contacts": [
        4,
        7,
        7,
        1,
        1,
        1,
        1,
        1
      ],
      "tangential_force_N": [
        0.09473256354912948,
        0.28172077385888394,
        0.14437554994869223,
        4.929724426273149e-19,
        6.572966630682324e-19,
        6.57296683375569e-19,
        6.572966785604704e-19,
        6.572966832489417e-19
      ],
      "contacts": [
        4,
        7,
        7,
        1,
        1,
        1,
        1,
        1
      ],
      "maximum_stress_Pa": [
        61800.20446640115,
        74161.96246571357,
        66689.69777231783,
        12615.591922386067,
        13222.523013500442,
        13274.94269411083,
        14907.295357482668,
        13708.745384179232
      ],
      "residual_N": [
        2.98423515842749e-11,
        3.183520130198622e-11,
        3.5073071005521815e-11,
        4.092119087453208e-12,
        5.352267366967293e-12,
        3.955268436414869e-12,
        4.328066167211274e-12,
        3.811425933083264e-12
      ],
      "rhs_N": [
        0.21485770812348534,
        0.23289047586014286,
        0.2152773977695897,
        0.03598578511716201,
        0.03735554800300955,
        0.037476252314519405,
        0.041407161932657026,
        0.03848763199303681
      ],
      "corrections": [
        0,
        0,
        0,
        0,
        0,
        0,
        0,
        0
      ],
      "fallbacks": [
        0,
        0,
        0,
        0,
        0,
        0,
        0,
        0
      ],
      "contact_radius_range_m": [
        0.0054869429917403295,
        0.007421382284802667
      ],
      "contact_friction_range": [
        1.0,
        1.0
      ]
    },
    {
      "tick": 210,
      "phase": [
        0.35058430717863104,
        0.2888146911519199,
        0.2270450751252087,
        0.1652754590984975,
        0.10350584307178631,
        0.041736227045075125,
        0.0,
        0.0
      ],
      "height_m": [
        0.04087030647824215,
        0.029296674979186976,
        0.029510549151829917,
        0.029632817476280257,
        0.02963281747628024,
        0.02963281747628025,
        0.02963281747628025,
        0.029632817476280254
      ],
      "finger_contacts": [
        [
          2,
          2
        ],
        [
          3,
          3
        ],
        [
          3,
          3
        ],
        [
          0,
          0
        ],
        [
          0,
          0
        ],
        [
          0,
          0
        ],
        [
          0,
          0
        ],
        [
          0,
          0
        ]
      ],
      "nonzero_egg_contacts": [
        4,
        7,
        7,
        1,
        1,
        1,
        1,
        1
      ],
      "tangential_force_N": [
        0.0947882825976845,
        0.2305329664990699,
        0.12837693265867772,
        4.929724425916231e-19,
        6.5729666353357595e-19,
        6.57296683375632e-19,
        6.572966785607633e-19,
        6.572966832493111e-19
      ],
      "contacts": [
        4,
        7,
        7,
        1,
        1,
        1,
        1,
        1
      ],
      "maximum_stress_Pa": [
        62006.22725451762,
        71747.4306492339,
        66016.27180289761,
        12552.177415103719,
        13129.166679849264,
        13159.043368489269,
        14907.295357488429,
        13708.745384186568
      ],
      "residual_N": [
        3.4228807128041805e-11,
        3.2760508343128924e-11,
        3.486642755858603e-11,
        4.3501299054253966e-12,
        3.684787997547897e-12,
        3.98729724451688e-12,
        4.517114767267713e-12,
        4.030524604873157e-12
      ],
      "rhs_N": [
        0.21538834976763535,
        0.22687985670621988,
        0.21403504863657274,
        0.03584576898412152,
        0.037141526700131045,
        0.03720988395177067,
        0.04140716193265573,
        0.03848763199303559
      ],
      "corrections": [
        0,
        0,
        0,
        0,
        0,
        0,
        0,
        0
      ],
      "fallbacks": [
        0,
        0,
        0,
        0,
        0,
        0,
        0,
        0
      ],
      "contact_radius_range_m": [
        0.0054869429917403295,
        0.007478880007458683
      ],
      "contact_friction_range": [
        1.0,
        1.0
      ]
    },
    {
      "tick": 220,
      "phase": [
        0.36727879799666113,
        0.3055091819699499,
        0.24373956594323873,
        0.18196994991652754,
        0.12020033388981637,
        0.05843071786310518,
        0.0,
        0.0
      ],
      "height_m": [
        0.05096387839409426,
        0.0293290346084338,
        0.029511635585320297,
        0.029313127874906437,
        0.02963281747628025,
        0.029632817476280257,
        0.029632817476280257,
        0.02963281747628026
      ],
      "finger_contacts": [
        [
          2,
          2
        ],
        [
          3,
          3
        ],
        [
          3,
          3
        ],
        [
          0,
          2
        ],
        [
          0,
          0
        ],
        [
          0,
          0
        ],
        [
          0,
          0
        ],
        [
          0,
          0
        ]
      ],
      "nonzero_egg_contacts": [
        4,
        7,
        7,
        3,
        1,
        1,
        1,
        1
      ],
      "tangential_force_N": [
        0.09491769046053425,
        0.21244317697527537,
        0.11951292144931588,
        0.3753738636677814,
        6.572966635336028e-19,
        6.572966833044716e-19,
        6.572966784892398e-19,
        6.572966831780183e-19
      ],
      "contacts": [
        4,
        7,
        7,
        3,
        1,
        1,
        1,
        1
      ],
      "maximum_stress_Pa": [
        62243.94276893265,
        69974.25419089617,
        65285.309502102056,
        67493.2703115608,
        13043.26613132918,
        13047.016656496386,
        14907.295357489564,
        13708.745384186568
      ],
      "residual_N": [
        4.174065989887788e-11,
        3.8782835065066404e-11,
        3.950046340266362e-11,
        3.002168362724792e-11,
        4.044638828141854e-12,
        4.037783301140585e-12,
        4.902385187930005e-12,
        4.03064230925353e-12
      ],
      "rhs_N": [
        0.21598017831155497,
        0.2183398828445427,
        0.21293948357075015,
        0.23376993987925637,
        0.036945651696427134,
        0.03695418318608514,
        0.04140716193265567,
        0.038487631993035586
      ],
      "corrections": [
        0,
        0,
        0,
        0,
        0,
        0,
        0,
        0
      ],
      "fallbacks": [
        0,
        0,
        0,
        0,
        0,
        0,
        0,
        0
      ],
      "contact_radius_range_m": [
        0.0054869429917403295,
        0.007526968267412307
      ],
      "contact_friction_range": [
        1.0,
        1.0
      ]
    },
    {
      "tick": 230,
      "phase": [
        0.38397328881469117,
        0.32220367278797996,
        0.2604340567612688,
        0.1986644407345576,
        0.13689482470784642,
        0.07512520868113523,
        0.01335559265442404,
        0.0
      ],
      "height_m": [
        0.06340011391257332,
        0.030732423967606892,
        0.029512653463346923,
        0.029327476758695282,
        0.029632817476280257,
        0.02963281747628026,
        0.02963281747628026,
        0.029632817476280264
      ],
      "finger_contacts": [
        [
          2,
          2
        ],
        [
          3,
          3
        ],
        [
          3,
          3
        ],
        [
          2,
          3
        ],
        [
          0,
          0
        ],
        [
          0,
          0
        ],
        [
          0,
          0
        ],
        [
          0,
          0
        ]
      ],
      "nonzero_egg_contacts": [
        4,
        6,
        7,
        6,
        1,
        1,
        1,
        1
      ],
      "tangential_force_N": [
        0.09511900714071525,
        0.1445998061854668,
        0.1124631713103473,
        0.28072417341268263,
        6.572966634977166e-19,
        6.572966832333385e-19,
        6.5729667841836155e-19,
        6.57296683142068e-19
      ],
      "contacts": [
        4,
        6,
        7,
        6,
        1,
        1,
        1,
        1
      ],
      "maximum_stress_Pa": [
        62516.280208994685,
        59950.859640857336,
        64647.91738589637,
        72602.65360085267,
        12965.702144601462,
        12939.868639608223,
        14821.574898946159,
        13708.745384184645
      ],
      "residual_N": [
        3.240062325060991e-11,
        2.962999196442243e-11,
        2.8464625484413444e-11,
        3.6142673438800686e-11,
        4.198520680786754e-12,
        4.294917144285968e-12,
        4.5618587241515415e-12,
        4.2797959465724314e-12
      ],
      "rhs_N": [
        0.21663718401297286,
        0.18762317890954863,
        0.2121293870591288,
        0.23182589645032126,
        0.03676964016058104,
        0.0367112015365133,
        0.04119190865504405,
        0.038487631993036134
      ],
      "corrections": [
        0,
        0,
        0,
        0,
        0,
        0,
        0,
        0
      ],
      "fallbacks": [
        0,
        0,
        0,
        0,
        0,
        0,
        0,
        0
      ],
      "contact_radius_range_m": [
        0.005555928030879915,
        0.007565118440621867
      ],
      "contact_friction_range": [
        1.0,
        1.0
      ]
    },
    {
      "tick": 240,
      "phase": [
        0.4006677796327212,
        0.33889816360601005,
        0.27712854757929883,
        0.21535893155258765,
        0.15358931552587646,
        0.09181969949916528,
        0.03005008347245409,
        0.0
      ],
      "height_m": [
        0.07736962738288637,
        0.03536525190231391,
        0.029513620596823435,
        0.029331137606972073,
        0.02963281747628026,
        0.02963281747628026,
        0.02963281747628026,
        0.029632817476280264
      ],
      "finger_contacts": [
        [
          2,
          2
        ],
        [
          3,
          3
        ],
        [
          3,
          3
        ],
        [
          2,
          3
        ],
        [
          0,
          0
        ],
        [
          0,
          0
        ],
        [
          0,
          0
        ],
        [
          0,
          0
        ]
      ],
      "nonzero_egg_contacts": [
        4,
        6,
        7,
        6,
        1,
        1,
        1,
        1
      ],
      "tangential_force_N": [
        0.09526756454896812,
        0.10828892778861166,
        0.10685255577848166,
        0.2207481549278951,
        6.572966634264984e-19,
        6.572966831256666e-19,
        6.572966782027647e-19,
        6.572966830708527e-19
      ],
      "contacts": [
        4,
        6,
        7,
        6,
        1,
        1,
        1,
        1
      ],
      "maximum_stress_Pa": [
        62821.76504083822,
        58579.24197502559,
        64129.774756767896,
        70375.91149587384,
        12897.27218988178,
        12838.787259332645,
        14715.121103601665,
        13708.745384182579
      ],
      "residual_N": [
        3.393970267583214e-11,
        3.4142374227660976e-11,
        3.092618840293823e-11,
        3.60918426222982e-11,
        4.25309278336558e-12,
        4.127555762974555e-12,
        4.327806945872824e-12,
        4.32848627558123e-12
      ],
      "rhs_N": [
        0.2173517457634452,
        0.18449761203258305,
        0.21160423416825208,
        0.22589668227007423,
        0.03661504880134523,
        0.03648345119593162,
        0.040925773865502786,
        0.03848763199303717
      ],
      "corrections": [
        0,
        0,
        0,
        0,
        0,
        0,
        0,
        0
      ],
      "fallbacks": [
        0,
        0,
        0,
        0,
        0,
        0,
        0,
        0
      ],
      "contact_radius_range_m": [
        0.0056414199829249575,
        0.007592911150325308
      ],
      "contact_friction_range": [
        1.0,
        1.0
      ]
    },
    {
      "tick": 250,
      "phase": [
        0.41736227045075125,
        0.3555926544240401,
        0.2938230383973289,
        0.2320534223706177,
        0.17028380634390652,
        0.10851419031719532,
        0.04674457429048414,
        0.0
      ],
      "height_m": [
        0.09202901580182526,
        0.04338523241393748,
        0.029514552327293032,
        0.029333939381743262,
        0.02963281747628026,
        0.029632817476280257,
        0.029632817476280257,
        0.02963281747628026
      ],
      "finger_contacts": [
        [
          2,
          2
        ],
        [
          3,
          3
        ],
        [
          3,
          3
        ],
        [
          2,
          3
        ],
        [
          0,
          0
        ],
        [
          0,
          0
        ],
        [
          0,
          0
        ],
        [
          0,
          0
        ]
      ],
      "nonzero_egg_contacts": [
        4,
        6,
        7,
        6,
        1,
        1,
        1,
        1
      ],
      "tangential_force_N": [
        0.09522363278905246,
        0.08739361592570158,
        0.1023588501737411,
        0.20429814775094074,
        6.57296663390635e-19,
        6.572966830179964e-19,
        6.572966780962842e-19,
        6.572966828556825e-19
      ],
      "contacts": [
        4,
        6,
        7,
        6,
        1,
        1,
        1,
        1
      ],
      "maximum_stress_Pa": [
        63157.10810926576,
        57733.42535221535,
        63715.62367694483,
        69099.3966249947,
        12838.66316617804,
        12744.740016903195,
        14610.5117178746,
        13708.745384175521
      ],
      "residual_N": [
        3.388954246590566e-11,
        3.165324260282459e-11,
        3.31459717503789e-11,
        3.397422789433114e-11,
        4.2321095634839075e-12,
        4.223237939030102e-12,
        4.164724198976959e-12,
        4.700930199022332e-12
      ],
      "rhs_N": [
        0.21811621861040031,
        0.18287346662345474,
        0.21131808954539494,
        0.22330924768292107,
        0.03648317249212008,
        0.03627285722920643,
        0.04066566728054061,
        0.03848763199303861
      ],
      "corrections": [
        0,
        0,
        0,
        0,
        0,
        0,
        0,
        0
      ],
      "fallbacks": [
        0,
        0,
        0,
        0,
        0,
        0,
        0,
        0
      ],
      "contact_radius_range_m": [
        0.0057252138021720205,
        0.007610040877159967
      ],
      "contact_friction_range": [
        1.0,
        1.0
      ]
    },
    {
      "tick": 260,
      "phase": [
        0.4340567612687813,
        0.3722871452420701,
        0.31051752921535897,
        0.24874791318864775,
        0.18697829716193656,
        0.12520868113522537,
        0.06343906510851419,
        0.001669449081803005
      ],
      "height_m": [
        0.10652789073432188,
        0.054261980356420846,
        0.029697895145729007,
        0.029336489478089277,
        0.02950271621405747,
        0.02963281747628025,
        0.02963281747628025,
        0.029632817476280254
      ],
      "finger_contacts": [
        [
          2,
          2
        ],
        [
          3,
          3
        ],
        [
          3,
          3
        ],
        [
          2,
          3
        ],
        [
          2,
          1
        ],
        [
          0,
          0
        ],
        [
          0,
          0
        ],
        [
          0,
          0
        ]
      ],
      "nonzero_egg_contacts": [
        4,
        6,
        7,
        6,
        4,
        1,
        1,
        1
      ],
      "tangential_force_N": [
        0.09491523694930186,
        0.0794596526866957,
        0.14049710688080497,
        0.19383146602047854,
        0.18486753829758404,
        6.572966826960928e-19,
        6.5729667809518145e-19,
        6.572966827124074e-19
      ],
      "contacts": [
        4,
        6,
        7,
        6,
        4,
        1,
        1,
        1
      ],
      "maximum_stress_Pa": [
        63518.65427796216,
        57126.10366916209,
        61494.350558722246,
        68233.48763651897,
        65340.05211658254,
        12658.5823528698,
        14508.879391021133,
        13696.679930724129
      ],
      "residual_N": [
        3.514315735009665e-11,
        3.061648586886315e-11,
        3.413682244074182e-11,
        3.4651451382420055e-11,
        5.363163074194845e-11,
        4.053710987543031e-12,
        4.113913579258705e-12,
        4.144964642233288e-12
      ],
      "rhs_N": [
        0.2189289284541099,
        0.18205402078757094,
        0.204765776690611,
        0.2213630903392854,
        0.23698283598498823,
        0.03608106080540621,
        0.040414446381073305,
        0.038459226604785214
      ],
      "corrections": [
        0,
        0,
        0,
        0,
        0,
        0,
        0,
        0
      ],
      "fallbacks": [
        0,
        0,
        0,
        0,
        0,
        0,
        0,
        0
      ],
      "contact_radius_range_m": [
        0.0058063883609396245,
        0.007616319317672138
      ],
      "contact_friction_range": [
        1.0,
        1.0
      ]
    },
    {
      "tick": 270,
      "phase": [
        0.4507512520868114,
        0.38898163606010017,
        0.327212020033389,
        0.2654424040066778,
        0.20367278797996663,
        0.14190317195325544,
        0.08013355592654424,
        0.018363939899833055
      ],
      "height_m": [
        0.12002297543301287,
        0.06724518943264643,
        0.03197577389029048,
        0.029338934843050345,
        0.029504713304560327,
        0.02963281747628024,
        0.02963281747628024,
        0.029632817476280243
      ],
      "finger_contacts": [
        [
          2,
          2
        ],
        [
          3,
          3
        ],
        [
          3,
          3
        ],
        [
          2,
          3
        ],
        [
          2,
          1
        ],
        [
          0,
          0
        ],
        [
          0,
          0
        ],
        [
          0,
          0
        ]
      ],
      "nonzero_egg_contacts": [
        4,
        6,
        6,
        6,
        4,
        1,
        1,
        1
      ],
      "tangential_force_N": [
        0.09437076294766354,
        0.0873918311677243,
        0.0907704360340884,
        0.18493998609942877,
        0.12103207294174802,
        6.572966827318742e-19,
        6.572966779883657e-19,
        6.572966825687093e-19
      ],
      "contacts": [
        4,
        6,
        6,
        6,
        4,
        1,
        1,
        1
      ],
      "maximum_stress_Pa": [
        63901.58806625741,
        56682.15783597463,
        59923.00058555218,
        67415.61369567133,
        63446.48425076696,
        12581.169165367759,
        14411.585284230652,
        13577.013937987182
      ],
      "residual_N": [
        3.0727598402181944e-11,
        2.869683074932352e-11,
        3.298722271749985e-11,
        3.320721861946936e-11,
        4.56618166287198e-11,
        4.651347732392652e-12,
        5.138856282781264e-12,
        5.161234092336616e-12
      ],
      "rhs_N": [
        0.21979103400610397,
        0.18175576229004112,
        0.20322437555214493,
        0.2198174022503135,
        0.23115317414420958,
        0.03590970366219878,
        0.040175332496864585,
        0.03817833745963812
      ],
      "corrections": [
        0,
        0,
        0,
        0,
        0,
        0,
        0,
        0
      ],
      "fallbacks": [
        0,
        0,
        0,
        0,
        0,
        0,
        0,
        0
      ],
      "contact_radius_range_m": [
        0.005800482257425115,
        0.007611677454296992
      ],
      "contact_friction_range": [
        1.0,
        1.0
      ]
    },
    {
      "tick": 280,
      "phase": [
        0.4674457429048414,
        0.4056761268781302,
        0.34390651085141904,
        0.28213689482470783,
        0.22036727879799667,
        0.15859766277128548,
        0.09682804674457429,
        0.035058430717863104
      ],
      "height_m": [
        0.13168607108780161,
        0.08151088798883006,
        0.03765638866942512,
        0.02934132787980877,
        0.0295058217039265,
        0.029632817476280226,
        0.029632817476280226,
        0.02963281747628023
      ],
      "finger_contacts": [
        [
          2,
          2
        ],
        [
          3,
          3
        ],
        [
          3,
          3
        ],
        [
          2,
          3
        ],
        [
          2,
          1
        ],
        [
          0,
          0
        ],
        [
          0,
          0
        ],
        [
          0,
          0
        ]
      ],
      "nonzero_egg_contacts": [
        4,
        6,
        6,
        6,
        4,
        1,
        1,
        1
      ],
      "tangential_force_N": [
        0.09370062371120078,
        0.0983327647591121,
        0.09080321343367144,
        0.177162393275913,
        0.11447748665149907,
        6.572966825891987e-19,
        6.572966775588815e-19,
        6.5729668242671355e-19
      ],
      "contacts": [
        4,
        6,
        6,
        6,
        4,
        1,
        1,
        1
      ],
      "maximum_stress_Pa": [
        64301.23561800146,
        56400.27690835141,
        60043.224230374646,
        66697.01772870983,
        63649.49822222463,
        12513.359089315327,
        14319.895135496316,
        13460.211041414821
      ],
      "residual_N": [
        3.971470077648519e-11,
        2.8434502054954516e-11,
        3.723754052362479e-11,
        3.8343451426769454e-11,
        4.2135278733931615e-11,
        4.556621138123168e-12,
        4.814021822613618e-12,
        4.378204923764502e-12
      ],
      "rhs_N": [
        0.22070661734897518,
        0.1818591720474314,
        0.20368361271468266,
        0.21863641614515025,
        0.23107552128861206,
        0.03576036986341984,
        0.039951236138819034,
        0.03790565248771305
      ],
      "corrections": [
        0,
        0,
        0,
        0,
        0,
        0,
        0,
        0
      ],
      "fallbacks": [
        0,
        0,
        0,
        0,
        0,
        0,
        0,
        0
      ],
      "contact_radius_range_m": [
        0.0057161082045629795,
        0.007596166314054026
      ],
      "contact_friction_range": [
        1.0,
        1.0
      ]
    },
    {
      "tick": 290,
      "phase": [
        0.48414023372287146,
        0.4223706176961603,
        0.3606010016694491,
        0.2988313856427379,
        0.2370617696160267,
        0.17529215358931552,
        0.11352253756260434,
        0.05175292153589316
      ],
      "height_m": [
        0.14070609501406678,
        0.09621165845196451,
        0.04660350618270061,
        0.029343688767066115,
        0.029506877739248392,
        0.02963281747628024,
        0.02963281747628024,
        0.029632817476280243
      ],
      "finger_contacts": [
        [
          2,
          2
        ],
        [
          3,
          3
        ],
        [
          3,
          3
        ],
        [
          2,
          3
        ],
        [
          2,
          1
        ],
        [
          0,
          0
        ],
        [
          0,
          0
        ],
        [
          0,
          0
        ]
      ],
      "nonzero_egg_contacts": [
        4,
        6,
        6,
        6,
        4,
        1,
        1,
        1
      ],
      "tangential_force_N": [
        0.09304117650040454,
        0.10652631230556552,
        0.09119725695540336,
        0.17035797506682437,
        0.11206821222891952,
        6.572966833753394e-19,
        6.57296678561297e-19,
        6.572966832486261e-19
      ],
      "contacts": [
        4,
        6,
        6,
        6,
        4,
        1,
        1,
        1
      ],
      "maximum_stress_Pa": [
        64710.76342533837,
        56299.759671229775,
        60317.87739560309,
        66086.98722115564,
        63792.14367248391,
        12455.872066402202,
        14234.937378640478,
        13347.69266451683
      ],
      "residual_N": [
        4.329148642643265e-11,
        3.7049048886816597e-11,
        3.101761697784273e-11,
        3.74053948058587e-11,
        4.2623823350079696e-11,
        4.0484161066825636e-12,
        4.1483921299104784e-12,
        3.801831268932425e-12
      ],
      "rhs_N": [
        0.22167342162539838,
        0.18227064831949835,
        0.20432918101986972,
        0.21777951278205523,
        0.23083969721027223,
        0.03563433544455703,
        0.039744678263717324,
        0.03764438059371
      ],
      "corrections": [
        0,
        0,
        0,
        0,
        0,
        0,
        0,
        0
      ],
      "fallbacks": [
        0,
        0,
        0,
        0,
        0,
        0,
        0,
        0
      ],
      "contact_radius_range_m": [
        0.005629876261580703,
        0.007569956407617862
      ],
      "contact_friction_range": [
        1.0,
        1.0
      ]
    },
    {
      "tick": 300,
      "phase": [
        0.5008347245409015,
        0.43906510851419034,
        0.3772954924874791,
        0.31552587646076796,
        0.25375626043405675,
        0.19198664440734559,
        0.1302170283806344,
        0.06844741235392321
      ],
      "height_m": [
        0.14628447252208324,
        0.11049813115825526,
        0.058195033676559725,
        0.029884690326431613,
        0.029507950438447218,
        0.02924801109065835,
        0.02963281747628025,
        0.029632817476280254
      ],
      "finger_contacts": [
        [
          2,
          2
        ],
        [
          3,
          3
        ],
        [
          3,
          3
        ],
        [
          2,
          3
        ],
        [
          2,
          1
        ],
        [
          1,
          1
        ],
        [
          0,
          0
        ],
        [
          0,
          0
        ]
      ],
      "nonzero_egg_contacts": [
        4,
        6,
        6,
        5,
        4,
        3,
        1,
        1
      ],
      "tangential_force_N": [
        0.09250262354965721,
        0.11014193616779439,
        0.09168640272584509,
        0.10271408808013756,
        0.10999099873290563,
        0.29207214733849496,
        6.572966785608999e-19,
        6.572966832491726e-19
      ],
      "contacts": [
        4,
        6,
        6,
        6,
        4,
        3,
        1,
        1
      ],
      "maximum_stress_Pa": [
        65123.27571981125,
        56395.26731480131,
        60605.87053206329,
        61095.34151355432,
        63958.25050646489,
        86876.01709773982,
        14157.685943334123,
        13240.406298211408
      ],
      "residual_N": [
        4.7606333776779245e-11,
        3.2033318657307494e-11,
        3.4005545614635586e-11,
        3.042255106983318e-11,
        5.3115381724574715e-11,
        4.308166625370681e-11,
        4.297676378554928e-12,
        3.990442656696903e-12
      ],
      "rhs_N": [
        0.22268091869749626,
        0.1829047584409628,
        0.20503152303295155,
        0.19330821443251608,
        0.2306897470010114,
        0.28782373916855175,
        0.0395577596867782,
        0.03739668501377281
      ],
      "corrections": [
        0,
        0,
        0,
        0,
        0,
        0,
        0,
        0
      ],
      "fallbacks": [
        0,
        0,
        0,
        0,
        0,
        0,
        0,
        0
      ],
      "contact_radius_range_m": [
        0.005542734357936834,
        0.007608962491815825
      ],
      "contact_friction_range": [
        1.0,
        1.0
      ]
    },
    {
      "tick": 310,
      "phase": [
        0.5175292153589316,
        0.4557595993322204,
        0.3939899833055092,
        0.332220367278798,
        0.27045075125208684,
        0.20868113522537562,
        0.14691151919866444,
        0.08514190317195326
      ],
      "height_m": [
        0.1484404909835366,
        0.12353092774185888,
        0.0716503641431032,
        0.033135799871199106,
        0.02950903296793485,
        0.029257414620631247,
        0.029632817476280257,
        0.02963281747628026
      ],
      "finger_contacts": [
        [
          2,
          2
        ],
        [
          3,
          3
        ],
        [
          3,
          3
        ],
        [
          2,
          3
        ],
        [
          2,
          1
        ],
        [
          1,
          1
        ],
        [
          0,
          0
        ],
        [
          0,
          0
        ]
      ],
      "nonzero_egg_contacts": [
        4,
        6,
        6,
        5,
        4,
        3,
        1,
        1
      ],
      "tangential_force_N": [
        0.0934481102365418,
        0.10868424387548367,
        0.09198945323053341,
        0.08950885118711169,
        0.10818957863569117,
        0.2583230903897689,
        6.572966784529532e-19,
        6.572966831419867e-19
      ],
      "contacts": [
        4,
        6,
        6,
        5,
        4,
        3,
        1,
        1
      ],
      "maximum_stress_Pa": [
        65555.42025202831,
        56686.09756410981,
        60854.61579577953,
        59451.62737227714,
        64153.3528299028,
        83943.98982590274,
        14088.941852868084,
        13139.05287884285
      ],
      "residual_N": [
        3.001394338500983e-11,
        2.6134983106120638e-11,
        3.19862532801663e-11,
        3.183450690347511e-11,
        4.509741161286852e-11,
        4.2760634405033265e-11,
        4.153281755375207e-12,
        4.11955972486227e-12
      ],
      "rhs_N": [
        0.22380796063809089,
        0.18370780356713312,
        0.20577429660373855,
        0.1933511958311138,
        0.23068653583171286,
        0.28143417363075984,
        0.03939211441710472,
        0.0371641329137673
      ],
      "corrections": [
        0,
        0,
        0,
        0,
        0,
        0,
        0,
        0
      ],
      "fallbacks": [
        0,
        0,
        0,
        0,
        0,
        0,
        0,
        0
      ],
      "contact_radius_range_m": [
        0.005455640426094462,
        0.007641186445261923
      ],
      "contact_friction_range": [
        1.0,
        1.0
      ]
    },
    {
      "tick": 320,
      "phase": [
        0.5342237061769616,
        0.4724540901502504,
        0.41068447412353926,
        0.34891485809682804,
        0.2871452420701169,
        0.2253756260434057,
        0.1636060100166945,
        0.10183639398998331
      ],
      "height_m": [
        0.1491245598646849,
        0.1344869249365485,
        0.08613554832295602,
        0.03984168690980395,
        0.029510116554188497,
        0.029263753753873526,
        0.02963281747628026,
        0.029632817476280264
      ],
      "finger_contacts": [
        [
          2,
          2
        ],
        [
          3,
          3
        ],
        [
          3,
          3
        ],
        [
          2,
          3
        ],
        [
          2,
          1
        ],
        [
          1,
          1
        ],
        [
          0,
          0
        ],
        [
          0,
          0
        ]
      ],
      "nonzero_egg_contacts": [
        4,
        6,
        6,
        5,
        4,
        3,
        1,
        1
      ],
      "tangential_force_N": [
        0.09383208819016198,
        0.10273934519421865,
        0.09206253314878243,
        0.08798599199860654,
        0.10664767740646727,
        0.24441429786071456,
        6.572966783819049e-19,
        6.5729668310637625e-19
      ],
      "contacts": [
        4,
        6,
        6,
        5,
        4,
        3,
        1,
        1
      ],
      "maximum_stress_Pa": [
        65971.06216813937,
        57151.423520153454,
        61059.5097803231,
        59070.79780773431,
        64379.0468159985,
        81985.91720501904,
        14029.398181393863,
        13044.201705691672
      ],
      "residual_N": [
        3.8326865619939665e-11,
        3.122607640240101e-11,
        3.171426084768265e-11,
        2.546633057060216e-11,
        4.883574579803108e-11,
        3.8133991720129694e-11,
        4.48048807699461e-12,
        3.774800888800477e-12
      ],
      "rhs_N": [
        0.2248804044839096,
        0.1846708160803838,
        0.20657250983021833,
        0.19334726541967334,
        0.23083987812747317,
        0.2772981362593775,
        0.0392491600948083,
        0.03694777971246844
      ],
      "corrections": [
        0,
        0,
        0,
        0,
        0,
        0,
        0,
        0
      ],
      "fallbacks": [
        0,
        0,
        0,
        0,
        0,
        0,
        0,
        0
      ],
      "contact_radius_range_m": [
        0.005369551871172838,
        0.007662774811151727
      ],
      "contact_friction_range": [
        1.0,
        1.0
      ]
    },
    {
      "tick": 330,
      "phase": [
        0.5509181969949917,
        0.48914858096828046,
        0.4273789649415693,
        0.36560934891485813,
        0.3038397328881469,
        0.24207011686143573,
        0.18030050083472454,
        0.11853088480801335
      ],
      "height_m": [
        0.1493405293459795,
        0.1425593058914528,
        0.10080115430531392,
        0.04965730672108802,
        0.02952245931004134,
        0.029269124333400093,
        0.029454938356013656,
        0.029632817476280264
      ],
      "finger_contacts": [
        [
          2,
          2
        ],
        [
          3,
          3
        ],
        [
          3,
          3
        ],
        [
          2,
          3
        ],
        [
          2,
          1
        ],
        [
          1,
          1
        ],
        [
          1,
          1
        ],
        [
          0,
          0
        ]
      ],
      "nonzero_egg_contacts": [
        4,
        6,
        6,
        5,
        4,
        3,
        3,
        1
      ],
      "tangential_force_N": [
        0.09394696151021101,
        0.0939436390659166,
        0.09190155624738999,
        0.0882447522781248,
        0.10088893284979555,
        0.2325672530709248,
        0.17024010607509327,
        6.572966829989593e-19
      ],
      "contacts": [
        4,
        6,
        6,
        5,
        4,
        3,
        3,
        1
      ],
      "maximum_stress_Pa": [
        66373.14311800817,
        57744.891467383226,
        61216.50890415196,
        58725.71506440276,
        64835.37372805258,
        80291.20574669997,
        61190.106124061276,
        12956.791049826343
      ],
      "residual_N": [
        3.735205580004136e-11,
        2.8172507120317156e-11,
        2.962095045969197e-11,
        3.397897138758224e-11,
        4.14769408227938e-11,
        5.18396861245582e-11,
        3.2567552421971106e-11,
        4.695925223362715e-12
      ],
      "rhs_N": [
        0.22591032523283372,
        0.18580222015403092,
        0.20742357700961753,
        0.19349199710781573,
        0.22996325399514522,
        0.27401619618454076,
        0.2180848380985385,
        0.03674947153586274
      ],
      "corrections": [
        0,
        0,
        0,
        0,
        0,
        0,
        0,
        0
      ],
      "fallbacks": [
        0,
        0,
        0,
        0,
        0,
        0,
        0,
        0
      ],
      "contact_radius_range_m": [
        0.005285415046395971,
        0.007673490273158118
      ],
      "contact_friction_range": [
        1.0,
        1.0
      ]
    },
    {
      "tick": 340,
      "phase": [
        0.5676126878130218,
        0.5058430717863105,
        0.44407345575959933,
        0.3823038397328882,
        0.32053422370617696,
        0.2587646076794658,
        0.1969949916527546,
        0.13522537562604342
      ],
      "height_m": [
        0.1494078980936291,
        0.1469863973220678,
        0.11479990082788051,
        0.06189316945117805,
        0.03067672303051982,
        0.029274152127417134,
        0.029459045436726713,
        0.02963281747628026
      ],
      "finger_contacts": [
        [
          2,
          2
        ],
        [
          3,
          3
        ],
        [
          3,
          3
        ],
        [
          2,
          3
        ],
        [
          2,
          1
        ],
        [
          1,
          1
        ],
        [
          1,
          1
        ],
        [
          0,
          0
        ]
      ],
      "nonzero_egg_contacts": [
        4,
        6,
        6,
        5,
        3,
        3,
        3,
        1
      ],
      "tangential_force_N": [
        0.09397361475504641,
        0.08543839796371223,
        0.09152469323970062,
        0.0919065053519349,
        0.11932536220497694,
        0.22183495701755052,
        0.11252105328296062,
        6.572966828560224e-19
      ],
      "contacts": [
        4,
        6,
        6,
        5,
        3,
        3,
        3,
        1
      ],
      "maximum_stress_Pa": [
        66759.65728850939,
        58393.04422391501,
        61325.23511060995,
        58404.56304239317,
        66863.53065401071,
        78798.14605695082,
        76776.97979811113,
        12877.736766933856
      ],
      "residual_N": [
        3.8813187047913174e-11,
        3.041633886947862e-11,
        3.014495260647187e-11,
        3.3702096614410545e-11,
        4.6003606110186116e-11,
        4.12445687606241e-11,
        4.099168432584685e-11,
        4.3448339638538835e-12
      ],
      "rhs_N": [
        0.2269011592747749,
        0.18708793870974502,
        0.20831612558114515,
        0.19377337784147802,
        0.2267318030060084,
        0.27139365288524875,
        0.26893710544841876,
        0.03657103767592134
      ],
      "corrections": [
        0,
        0,
        0,
        0,
        0,
        0,
        0,
        0
      ],
      "fallbacks": [
        0,
        0,
        0,
        0,
        0,
        0,
        0,
        0
      ],
      "contact_radius_range_m": [
        0.005204154850032374,
        0.007673215038480118
      ],
      "contact_friction_range": [
        1.0,
        1.0
      ]
    },
    {
      "tick": 350,
      "phase": [
        0.5843071786310517,
        0.5225375626043406,
        0.4607679465776294,
        0.3989983305509182,
        0.337228714524207,
        0.27545909849749584,
        0.21368948247078465,
        0.15191986644407346
      ],
      "height_m": [
        0.14942809684086766,
        0.1485160970228217,
        0.1272967780755613,
        0.075746074480093,
        0.034962702061104085,
        0.029279024807775493,
        0.029461809780576973,
        0.029632817476280254
      ],
      "finger_contacts": [
        [
          2,
          2
        ],
        [
          3,
          3
        ],
        [
          3,
          3
        ],
        [
          2,
          3
        ],
        [
          2,
          1
        ],
        [
          1,
          1
        ],
        [
          1,
          1
        ],
        [
          0,
          0
        ]
      ],
      "nonzero_egg_contacts": [
        4,
        6,
        6,
        5,
        3,
        3,
        3,
        1
      ],
      "tangential_force_N": [
        0.09397200298175715,
        0.08095840855563477,
        0.09098531296422019,
        0.09882261982608988,
        0.11928331330885657,
        0.21198203323400766,
        0.10086814518377518,
        6.572966827488639e-19
      ],
      "contacts": [
        4,
        6,
        6,
        5,
        3,
        3,
        3,
        1
      ],
      "maximum_stress_Pa": [
        67128.36895653409,
        58974.31734031383,
        61392.17860108861,
        58152.42594872467,
        67084.25177162125,
        77480.34813261442,
        75860.27114778727,
        12807.840498110128
      ],
      "residual_N": [
        3.445072022819929e-11,
        3.222059142453222e-11,
        4.076485930752242e-11,
        3.603257787222581e-11,
        4.5048801915512336e-11,
        4.50707566307155e-11,
        4.0068835284126346e-11,
        3.922753722482922e-12
      ],
      "rhs_N": [
        0.22784922110360256,
        0.18840037012525343,
        0.20923472385239128,
        0.19421655104017135,
        0.22729878037051943,
        0.26932661814457665,
        0.2680659327266626,
        0.03641401487128292
      ],
      "corrections": [
        0,
        0,
        0,
        0,
        0,
        0,
        0,
        0
      ],
      "fallbacks": [
        0,
        0,
        0,
        0,
        0,
        0,
        0,
        0
      ],
      "contact_radius_range_m": [
        0.005126664558184574,
        0.0076619521327141605
      ],
      "contact_friction_range": [
        1.0,
        1.0
      ]
    },
    {
      "tick": 360,
      "phase": [
        0.6010016694490818,
        0.5392320534223707,
        0.47746243739565947,
        0.41569282136894825,
        0.3539232053422371,
        0.2921535893155259,
        0.2303839732888147,
        0.1686143572621035
      ],
      "height_m": [
        0.14943332382065688,
        0.1490005660070009,
        0.13747356670533536,
        0.09037479999346186,
        0.04266115729014153,
        0.029283798559916335,
        0.029464004651213224,
        0.029632817476280243
      ],
      "finger_contacts": [
        [
          2,
          2
        ],
        [
          3,
          3
        ],
        [
          3,
          3
        ],
        [
          2,
          3
        ],
        [
          2,
          1
        ],
        [
          1,
          1
        ],
        [
          1,
          1
        ],
        [
          0,
          0
        ]
      ],
      "nonzero_egg_contacts": [
        4,
        6,
        6,
        5,
        3,
        3,
        3,
        1
      ],
      "tangential_force_N": [
        0.09395894546797455,
        0.0789983333152304,
        0.09036621726700073,
        0.10552389744427107,
        0.1191215153992001,
        0.20289107250349958,
        0.09395631416956683,
        6.57296682570239e-19
      ],
      "contacts": [
        4,
        6,
        6,
        5,
        3,
        3,
        3,
        1
      ],
      "maximum_stress_Pa": [
        67474.79882164874,
        59428.57783547748,
        61429.97949556242,
        58026.40707824335,
        67356.11587736037,
        76319.50431868574,
        75363.55301154581,
        12747.705839522501
      ],
      "residual_N": [
        3.648984946550639e-11,
        2.469167876487563e-11,
        3.978228891727004e-11,
        3.622955230562945e-11,
        4.563922037607921e-11,
        4.496979396727339e-11,
        5.1858746298259656e-11,
        4.200234529888101e-12
      ],
      "rhs_N": [
        0.22874631067689807,
        0.1895394096619517,
        0.2101621484658522,
        0.1948338871460054,
        0.22806510782050504,
        0.26774390355451033,
        0.26722655997859335,
        0.036279479087014184
      ],
      "corrections": [
        0,
        0,
        0,
        0,
        0,
        0,
        0,
        0
      ],
      "fallbacks": [
        0,
        0,
        0,
        0,
        0,
        0,
        0,
        0
      ],
      "contact_radius_range_m": [
        0.005053796005194383,
        0.0076398253665943576
      ],
      "contact_friction_range": [
        1.0,
        1.0
      ]
    },
    {
      "tick": 370,
      "phase": [
        0.6176961602671118,
        0.5559265442404007,
        0.4941569282136895,
        0.4323873121869783,
        0.37061769616026713,
        0.3088480801335559,
        0.24707846410684475,
        0.18530884808013356
      ],
      "height_m": [
        0.14943221671366988,
        0.14915337206631876,
        0.144526845275282,
        0.10492914117301852,
        0.05328228207954082,
        0.029399991747056976,
        0.029466010218791878,
        0.02945924690507878
      ],
      "finger_contacts": [
        [
          2,
          2
        ],
        [
          3,
          3
        ],
        [
          3,
          3
        ],
        [
          2,
          3
        ],
        [
          2,
          1
        ],
        [
          1,
          1
        ],
        [
          1,
          1
        ],
        [
          1,
          1
        ]
      ],
      "nonzero_egg_contacts": [
        4,
        6,
        6,
        5,
        3,
        3,
        3,
        3
      ],
      "tangential_force_N": [
        0.09390714064206288,
        0.07830072540019775,
        0.08976800759413431,
        0.10849484913938065,
        0.11893656317462231,
        0.1623605873629681,
        0.08838930092409704,
        0.10727680887239999
      ],
      "contacts": [
        4,
        6,
        6,
        5,
        3,
        3,
        3,
        3
      ],
      "maximum_stress_Pa": [
        67728.60511748386,
        59795.57366904475,
        61457.71249102596,
        58065.885035163556,
        67673.80315036386,
        74039.7662823229,
        74975.02864137922,
        72291.57157463388
      ],
      "residual_N": [
        4.384077736156446e-11,
        3.419442828337666e-11,
        3.308975299352718e-11,
        3.00091132578195e-11,
        5.1938019590814435e-11,
        4.3552192985549e-11,
        4.747564328031751e-11,
        4.803769604833847e-11
      ],
      "rhs_N": [
        0.2295809930384541,
        0.19053796132790826,
        0.21107940837730227,
        0.19563010215727658,
        0.22898850680429383,
        0.25025410128738274,
        0.26664406491645004,
        0.2546727073484336
      ],
      "corrections": [
        0,
        0,
        0,
        0,
        0,
        0,
        0,
        0
      ],
      "fallbacks": [
        0,
        0,
        0,
        0,
        0,
        0,
        0,
        0
      ],
      "contact_radius_range_m": [
        0.004986350219608682,
        0.007607077974967355
      ],
      "contact_friction_range": [
        1.0,
        1.0
      ]
    },
    {
      "tick": 380,
      "phase": [
        0.6343906510851419,
        0.5726210350584308,
        0.5108514190317196,
        0.4490818030050084,
        0.38731218697829717,
        0.325542570951586,
        0.2637729549248748,
        0.2020033388981636
      ],
      "height_m": [
        0.14942897543082398,
        0.1492009375178557,
        0.1478674997742076,
        0.11856463485708393,
        0.06608919403106808,
        0.031364849433743444,
        0.029467939109836777,
        0.02946312757882556
      ],
      "finger_contacts": [
        [
          2,
          2
        ],
        [
          3,
          3
        ],
        [
          3,
          3
        ],
        [
          2,
          3
        ],
        [
          2,
          1
        ],
        [
          1,
          1
        ],
        [
          1,
          1
        ],
        [
          1,
          1
        ]
      ],
      "nonzero_egg_contacts": [
        4,
        6,
        6,
        5,
        3,
        2,
        3,
        3
      ],
      "tangential_force_N": [
        0.09391758283406587,
        0.07806937083155134,
        0.09019516671545784,
        0.1070868749949477,
        0.11874160525066992,
        0.06655993218188981,
        0.08363401946927901,
        0.08342605023424261
      ],
      "contacts": [
        4,
        6,
        6,
        5,
        3,
        2,
        3,
        3
      ],
      "maximum_stress_Pa": [
        68012.48828034867,
        60105.19085213392,
        61501.47654159579,
        58347.167411318056,
        68038.47929780874,
        67463.26017085288,
        74679.656712264,
        69754.18646360174
      ],
      "residual_N": [
        4.105495807069525e-11,
        3.081607800241261e-11,
        3.202477911547067e-11,
        3.542588304900715e-11,
        4.535624938889968e-11,
        5.3484310985641185e-11,
        4.1826201912088476e-11,
        3.795252980488079e-11
      ],
      "rhs_N": [
        0.23033610753284675,
        0.19143364610205968,
        0.2120352276630845,
        0.19658724350031814,
        0.23006114528352342,
        0.23665990015743657,
        0.26631098380819124,
        0.24862876965644568
      ],
      "corrections": [
        0,
        0,
        0,
        0,
        0,
        0,
        0,
        0
      ],
      "fallbacks": [
        0,
        0,
        0,
        0,
        0,
        0,
        0,
        0
      ],
      "contact_radius_range_m": [
        0.004925068618642484,
        0.007564069942963261
      ],
      "contact_friction_range": [
        1.0,
        1.0
      ]
    },
    {
      "tick": 390,
      "phase": [
        0.651085141903172,
        0.5893155258764607,
        0.5275459098497496,
        0.4657762938230384,
        0.4040066777963272,
        0.34223706176961605,
        0.28046744574290483,
        0.21869782971619367
      ],
      "height_m": [
        0.14942583666552464,
        0.14921511548009653,
        0.14895096368998076,
        0.13045111547517202,
        0.08026249608948073,
        0.03669373883482582,
        0.029469824738253794,
        0.02946565228174666
      ],
      "finger_contacts": [
        [
          2,
          2
        ],
        [
          3,
          3
        ],
        [
          3,
          3
        ],
        [
          2,
          3
        ],
        [
          2,
          1
        ],
        [
          1,
          1
        ],
        [
          1,
          1
        ],
        [
          1,
          1
        ]
      ],
      "nonzero_egg_contacts": [
        4,
        6,
        6,
        5,
        3,
        2,
        3,
        3
      ],
      "tangential_force_N": [
        0.09392070543117495,
        0.07798823939691801,
        0.09077868460232247,
        0.10405972100701502,
        0.11848611823052488,
        0.06652692144192149,
        0.07948780863504863,
        0.07838222098364744
      ],
      "contacts": [
        4,
        6,
        6,
        5,
        3,
        2,
        3,
        3
      ],
      "maximum_stress_Pa": [
        68287.43350253528,
        60374.824348557755,
        61610.330768857566,
        58772.30997711122,
        68447.85798349029,
        67669.45144188152,
        74469.6514233729,
        69400.4988554443
      ],
      "residual_N": [
        4.009545112089672e-11,
        2.948728007699937e-11,
        3.643878328027784e-11,
        3.454988848054591e-11,
        4.002747000044514e-11,
        4.3830153087726385e-11,
        3.8318080151799255e-11,
        3.868513656291634e-11
      ],
      "rhs_N": [
        0.23101131430522917,
        0.19224791526940865,
        0.21300304661525649,
        0.1976047138393157,
        0.23126520185238178,
        0.2372735459015443,
        0.2662105355651364,
        0.24801389999983117
      ],
      "corrections": [
        0,
        0,
        0,
        0,
        0,
        0,
        0,
        0
      ],
      "fallbacks": [
        0,
        0,
        0,
        0,
        0,
        0,
        0,
        0
      ],
      "contact_radius_range_m": [
        0.004870624857936774,
        0.007511274048755461
      ],
      "contact_friction_range": [
        1.0,
        1.0
      ]
    },
    {
      "tick": 400,
      "phase": [
        0.667779632721202,
        0.6060100166944908,
        0.5442404006677797,
        0.48247078464106846,
        0.4207011686143573,
        0.3589315525876461,
        0.2971619365609349,
        0.2353923205342237
      ],
      "height_m": [
        0.1494227816841182,
        0.14921851869674216,
        0.1492935994178237,
        0.1397752247306851,
        0.09495602248795311,
        0.045335949918911114,
        0.029471677303672127,
        0.029467747205538384
      ],
      "finger_contacts": [
        [
          2,
          2
        ],
        [
          3,
          3
        ],
        [
          3,
          3
        ],
        [
          2,
          3
        ],
        [
          2,
          1
        ],
        [
          1,
          1
        ],
        [
          1,
          1
        ],
        [
          1,
          1
        ]
      ],
      "nonzero_egg_contacts": [
        4,
        6,
        6,
        5,
        3,
        2,
        3,
        3
      ],
      "tangential_force_N": [
        0.09392284452483918,
        0.07793937005656279,
        0.09094207361007263,
        0.09793419968958601,
        0.11812435321020728,
        0.06613942468611739,
        0.07583250438539516,
        0.07415644610996369
      ],
      "contacts": [
        4,
        6,
        6,
        5,
        3,
        2,
        3,
        3
      ],
      "maximum_stress_Pa": [
        68533.73908316529,
        60600.339615280354,
        61740.701030289994,
        59300.46995176248,
        68897.55562725746,
        67962.45758771872,
        74339.92670871905,
        69053.00124037803
      ],
      "residual_N": [
        3.9929737463289186e-11,
        3.3267107675999264e-11,
        3.521035625940214e-11,
        3.421545705030464e-11,
        4.463593026091178e-11,
        4.288828775353158e-11,
        4.346706909989949e-11,
        4.1446204927182854e-11
      ],
      "rhs_N": [
        0.23159576065300258,
        0.19298659384779002,
        0.21394068261381388,
        0.19875465754363938,
        0.23257659667075853,
        0.23822117721871844,
        0.2663299679040271,
        0.24741927905813446
      ],
      "corrections": [
        0,
        0,
        0,
        0,
        0,
        0,
        0,
        0
      ],
      "fallbacks": [
        0,
        0,
        0,
        0,
        0,
        0,
        0,
        0
      ],
      "contact_radius_range_m": [
        0.004823617426204923,
        0.007449270666410446
      ],
      "contact_friction_range": [
        1.0,
        1.0
      ]
    },
    {
      "tick": 410,
      "phase": [
        0.6844741235392321,
        0.6227045075125209,
        0.5609348914858097,
        0.4991652754590985,
        0.43739565943238734,
        0.3756260434056761,
        0.31385642737896496,
        0.25208681135225375
      ],
      "height_m": [
        0.14941964624715767,
        0.14921661699628916,
        0.14940133605705644,
        0.14573636165779227,
        0.10932000713904218,
        0.056695525111894365,
        0.029867178612684557,
        0.029469693336009628
      ],
      "finger_contacts": [
        [
          2,
          2
        ],
        [
          3,
          3
        ],
        [
          3,
          3
        ],
        [
          2,
          3
        ],
        [
          2,
          1
        ],
        [
          1,
          1
        ],
        [
          1,
          1
        ],
        [
          1,
          1
        ]
      ],
      "nonzero_egg_contacts": [
        4,
        6,
        6,
        5,
        3,
        2,
        2,
        3
      ],
      "tangential_force_N": [
        0.0939257750599107,
        0.0779510828361238,
        0.09096551656107353,
        0.09169790161740629,
        0.11764539249661932,
        0.06563716675012304,
        0.07176528117237022,
        0.07042256016535621
      ],
      "contacts": [
        4,
        6,
        6,
        5,
        3,
        2,
        3,
        3
      ],
      "maximum_stress_Pa": [
        68742.89642473582,
        60777.80592461101,
        61870.229311289375,
        59904.96037598708,
        69382.33836091295,
        68305.15242764787,
        74238.20739350199,
        68773.29888276532
      ],
      "residual_N": [
        4.334856467816531e-11,
        3.009676459047352e-11,
        3.6890924033028894e-11,
        2.9503054054993804e-11,
        3.514517410109412e-11,
        4.768296653694385e-11,
        4.517913365840253e-11,
        4.215592420655931e-11
      ],
      "rhs_N": [
        0.23208020232052168,
        0.1936570807910253,
        0.2148468203788934,
        0.20001061709163057,
        0.23396906685594496,
        0.23931974863709712,
        0.2583781016539383,
        0.24702923371895413
      ],
      "corrections": [
        0,
        0,
        0,
        0,
        0,
        0,
        0,
        0
      ],
      "fallbacks": [
        0,
        0,
        0,
        0,
        0,
        0,
        0,
        0
      ],
      "contact_radius_range_m": [
        0.004784563066173213,
        0.007425685602757596
      ],
      "contact_friction_range": [
        1.0,
        1.0
      ]
    },
    {
      "tick": 420,
      "phase": [
        0.7011686143572621,
        0.6393989983305509,
        0.5776293823038398,
        0.5158597662771286,
        0.4540901502504174,
        0.39232053422370616,
        0.330550918196995,
        0.2687813021702838
      ],
      "height_m": [
        0.14941549970853807,
        0.14921372539475225,
        0.14943459030450248,
        0.14815198280575817,
        0.12251370816569646,
        0.07000052113654344,
        0.03278645701686373,
        0.02947157439028271
      ],
      "finger_contacts": [
        [
          2,
          1
        ],
        [
          3,
          3
        ],
        [
          3,
          3
        ],
        [
          2,
          3
        ],
        [
          2,
          1
        ],
        [
          1,
          1
        ],
        [
          1,
          1
        ],
        [
          1,
          1
        ]
      ],
      "nonzero_egg_contacts": [
        3,
        6,
        6,
        5,
        3,
        2,
        2,
        3
      ],
      "tangential_force_N": [
        0.13188202028096202,
        0.07792750664470634,
        0.0909450036212518,
        0.08946783232807129,
        0.11707853423984854,
        0.06509679397694225,
        0.07234438448069588,
        0.06707881305091117
      ],
      "contacts": [
        4,
        6,
        6,
        5,
        3,
        2,
        2,
        3
      ],
      "maximum_stress_Pa": [
        50459.690727985704,
        60951.894172508175,
        61993.43821930568,
        60439.114674927674,
        69896.31922988723,
        68696.4412198155,
        74454.4948730724,
        68571.08664872388
      ],
      "residual_N": [
        2.5184748153970105e-11,
        3.28606283346329e-11,
        3.379402053972802e-11,
        4.0577509860575044e-11,
        4.121857960676926e-11,
        4.286705311201876e-11,
        3.6220115414916316e-11,
        4.803537882720556e-11
      ],
      "rhs_N": [
        0.1673728600322346,
        0.19423783054581006,
        0.21571470852488495,
        0.2013631098887843,
        0.23541814588563095,
        0.24055298068542913,
        0.25910998573194227,
        0.2468538278944201
      ],
      "corrections": [
        0,
        0,
        0,
        0,
        0,
        0,
        0,
        0
      ],
      "fallbacks": [
        0,
        0,
        0,
        0,
        0,
        0,
        0,
        0
      ],
      "contact_radius_range_m": [
        0.004753891094137653,
        0.007419032707453281
      ],
      "contact_friction_range": [
        1.0,
        1.0
      ]
    },
    {
      "tick": 430,
      "phase": [
        0.7178631051752922,
        0.656093489148581,
        0.5943238731218699,
        0.5325542570951586,
        0.4707846410684474,
        0.40901502504173626,
        0.34724540901502504,
        0.2854757929883139
      ],
      "height_m": [
        0.14916292454746286,
        0.14921099110037672,
        0.1494442356105172,
        0.14891911517352197,
        0.13371224810399177,
        0.08441980914963722,
        0.03915329267462656,
        0.029473415493364807
      ],
      "finger_contacts": [
        [
          1,
          1
        ],
        [
          3,
          3
        ],
        [
          3,
          3
        ],
        [
          2,
          3
        ],
        [
          2,
          1
        ],
        [
          1,
          1
        ],
        [
          1,
          1
        ],
        [
          1,
          1
        ]
      ],
      "nonzero_egg_contacts": [
        2,
        6,
        6,
        5,
        3,
        2,
        2,
        3
      ],
      "tangential_force_N": [
        0.06518609139692559,
        0.0778972948604936,
        0.0909107884326312,
        0.08895057493877048,
        0.11648234146461106,
        0.0645452655332783,
        0.07219370843149672,
        0.06405660453891161
      ],
      "contacts": [
        2,
        6,
        6,
        5,
        3,
        2,
        2,
        3
      ],
      "maximum_stress_Pa": [
        11584.604332020359,
        61115.52518669575,
        62108.346394659144,
        60844.501652205654,
        70431.5328772241,
        69133.91552349894,
        74703.21441917491,
        68446.15289107148
      ],
      "residual_N": [
        8.188695814679063e-12,
        2.9474264152695475e-11,
        3.626731932075209e-11,
        3.4578230332027465e-11,
        3.938026495431488e-11,
        4.1989460161659126e-11,
        4.3972158176968264e-11,
        4.571729514422916e-11
      ],
      "rhs_N": [
        0.04534790670450052,
        0.19474951914724936,
        0.21653447353589836,
        0.20260125248788452,
        0.23690022121355303,
        0.2419126088931304,
        0.25998962992164354,
        0.24688676050307257
      ],
      "corrections": [
        0,
        0,
        0,
        0,
        0,
        0,
        0,
        0
      ],
      "fallbacks": [
        0,
        0,
        0,
        0,
        0,
        0,
        0,
        0
      ],
      "contact_radius_range_m": [
        0.004731938680581,
        0.00740180648272859
      ],
      "contact_friction_range": [
        1.0,
        1.0
      ]
    },
    {
      "tick": 440,
      "phase": [
        0.7345575959933223,
        0.672787979966611,
        0.6110183639398998,
        0.5492487479131887,
        0.48747913188647746,
        0.4257095158597663,
        0.3639398998330551,
        0.3021702838063439
      ],
      "height_m": [
        0.14776411682064428,
        0.1492082559067872,
        0.14944572572998957,
        0.1491613970998584,
        0.14210735009434788,
        0.09910440988550231,
        0.048685387388373975,
        0.02947788312724974
      ],
      "finger_contacts": [
        [
          0,
          1
        ],
        [
          3,
          3
        ],
        [
          3,
          3
        ],
        [
          2,
          3
        ],
        [
          2,
          1
        ],
        [
          1,
          1
        ],
        [
          1,
          1
        ],
        [
          1,
          1
        ]
      ],
      "nonzero_egg_contacts": [
        1,
        6,
        6,
        5,
        3,
        2,
        2,
        3
      ],
      "tangential_force_N": [
        0.02016366321465026,
        0.07787327576798472,
        0.09087161132727484,
        0.08880703319024938,
        0.11591572330073754,
        0.06399483563529682,
        0.07181142925519514,
        0.05881063953427329
      ],
      "contacts": [
        1,
        6,
        6,
        5,
        3,
        2,
        2,
        3
      ],
      "maximum_stress_Pa": [
        6846.546224197278,
        61263.81755676408,
        62242.05997867549,
        61148.9441879646,
        70979.81801257735,
        69612.60280688554,
        74995.79868346374,
        68386.12466849886
      ],
      "residual_N": [
        2.5281018568727997e-12,
        2.7038995699847608e-11,
        2.8723222065122838e-11,
        3.445570407388599e-11,
        4.410102042413545e-11,
        3.7437998570820025e-11,
        5.50985352349824e-11,
        4.78234537977415e-11
      ],
      "rhs_N": [
        0.019754321505007073,
        0.1951942254983007,
        0.21730234599937487,
        0.20372041431139337,
        0.23839709805507373,
        0.24339059425244614,
        0.261009259720459,
        0.2467383301616946
      ],
      "corrections": [
        0,
        0,
        0,
        0,
        0,
        0,
        0,
        0
      ],
      "fallbacks": [
        0,
        0,
        0,
        0,
        0,
        0,
        0,
        0
      ],
      "contact_radius_range_m": [
        0.004718947143729154,
        0.007374196292818067
      ],
      "contact_friction_range": [
        1.0,
        1.0
      ]
    },
    {
      "tick": 450,
      "phase": [
        0.7512520868113522,
        0.6894824707846411,
        0.6277128547579299,
        0.5659432387312188,
        0.5041736227045075,
        0.44240400667779634,
        0.3806343906510852,
        0.31886477462437396
      ],
      "height_m": [
        0.14563421766993487,
        0.14920540935092935,
        0.14944317515607577,
        0.1492372833363654,
        0.14691520891871582,
        0.11320623072614924,
        0.06071352606619757,
        0.03040062476907592
      ],
      "finger_contacts": [
        [
          1,
          2
        ],
        [
          3,
          3
        ],
        [
          3,
          3
        ],
        [
          2,
          3
        ],
        [
          2,
          1
        ],
        [
          1,
          1
        ],
        [
          1,
          1
        ],
        [
          1,
          1
        ]
      ],
      "nonzero_egg_contacts": [
        3,
        6,
        6,
        5,
        3,
        2,
        2,
        2
      ],
      "tangential_force_N": [
        0.08854262124368573,
        0.0778530209878023,
        0.09081609761053883,
        0.08875501380604015,
        0.11576708404783195,
        0.06345277154236448,
        0.07135172936827852,
        0.06646165085323355
      ],
      "contacts": [
        3,
        6,
        6,
        5,
        3,
        2,
        2,
        2
      ],
      "maximum_stress_Pa": [
        13550.400405760995,
        61393.717215838056,
        62381.43131866039,
        61388.643370786456,
        71537.80450695913,
        70125.37583761508,
        75327.29279299905,
        68572.34398463953
      ],
      "residual_N": [
        7.847785044842256e-12,
        2.6210720839045848e-11,
        3.5068821218738484e-11,
        3.751140106090291e-11,
        4.1733413329739983e-11,
        4.5088860351216155e-11,
        3.760577130671313e-11,
        4.878967353103362e-11
      ],
      "rhs_N": [
        0.05436954639933234,
        0.1955672311909104,
        0.2180134016391048,
        0.20475469777352862,
        0.2399261829753922,
        0.24497714244188246,
        0.26216578173052085,
        0.2402184078800618
      ],
      "corrections": [
        0,
        0,
        0,
        0,
        0,
        0,
        0,
        0
      ],
      "fallbacks": [
        0,
        0,
        0,
        0,
        0,
        0,
        0,
        0
      ],
      "contact_radius_range_m": [
        0.004715059296791094,
        0.007336505650683001
      ],
      "contact_friction_range": [
        1.0,
        1.0
      ]
    },
    {
      "tick": 460,
      "phase": [
        0.7679465776293823,
        0.7061769616026712,
        0.6444073455759599,
        0.5826377295492488,
        0.5208681135225376,
        0.4590984974958264,
        0.3973288814691152,
        0.335559265442404
      ],
      "height_m": [
        0.14161226146140804,
        0.14920042434531983,
        0.14944025439412803,
        0.1492604211118086,
        0.14862944412606666,
        0.1258887562022751,
        0.074441277100311,
        0.034338881222235634
      ],
      "finger_contacts": [
        [
          2,
          3
        ],
        [
          2,
          2
        ],
        [
          3,
          3
        ],
        [
          2,
          3
        ],
        [
          2,
          1
        ],
        [
          1,
          1
        ],
        [
          1,
          1
        ],
        [
          1,
          1
        ]
      ],
      "nonzero_egg_contacts": [
        5,
        4,
        6,
        5,
        3,
        2,
        2,
        2
      ],
      "tangential_force_N": [
        0.2488706736338627,
        0.07673262762511754,
        0.09077607168707905,
        0.08872812565162966,
        0.11679652499762845,
        0.06292287622837507,
        0.07086439842342904,
        0.06673646561716771
      ],
      "contacts": [
        5,
        6,
        6,
        5,
        3,
        2,
        2,
        2
      ],
      "maximum_stress_Pa": [
        58652.829617376054,
        14909.53000764052,
        62471.20409664955,
        61586.33979822297,
        72108.39752530213,
        70664.62247372218,
        75693.28310427484,
        68813.00669291212
      ],
      "residual_N": [
        2.8324823745501688e-11,
        7.766143295415829e-12,
        3.0268371105967225e-11,
        3.340020972610578e-11,
        3.577762445097258e-11,
        4.3469106907229854e-11,
        5.196301621148649e-11,
        5.185947797691086e-11
      ],
      "rhs_N": [
        0.21145357452653915,
        0.05275026456967169,
        0.21864471972561922,
        0.20571879780751545,
        0.24155239489247798,
        0.24666047011043923,
        0.263449888035966,
        0.2409858788283204
      ],
      "corrections": [
        0,
        0,
        0,
        0,
        0,
        0,
        0,
        0
      ],
      "fallbacks": [
        0,
        0,
        0,
        0,
        0,
        0,
        0,
        0
      ],
      "contact_radius_range_m": [
        0.004720317878043558,
        0.00728914888155782
      ],
      "contact_friction_range": [
        1.0,
        1.0
      ]
    },
    {
      "tick": 470,
      "phase": [
        0.7846410684474123,
        0.7228714524207012,
        0.66110183639399,
        0.5993322203672788,
        0.5375626043405676,
        0.47579298831385647,
        0.41402337228714525,
        0.3522537562604341
      ],
      "height_m": [
        0.14160547180553465,
        0.14900832040698833,
        0.14943740460315644,
        0.14926684349830205,
        0.14917155425362422,
        0.1363321518882976,
        0.08902951264548968,
        0.04171127427288376
      ],
      "finger_contacts": [
        [
          2,
          3
        ],
        [
          1,
          1
        ],
        [
          3,
          3
        ],
        [
          2,
          3
        ],
        [
          2,
          1
        ],
        [
          1,
          1
        ],
        [
          1,
          1
        ],
        [
          1,
          1
        ]
      ],
      "nonzero_egg_contacts": [
        5,
        2,
        6,
        5,
        3,
        2,
        2,
        2
      ],
      "tangential_force_N": [
        0.20900574224619153,
        0.06576220776302553,
        0.09075629817206486,
        0.08870926808840018,
        0.11707905068852992,
        0.06240464695350541,
        0.0703680598548071,
        0.06644826233472924
      ],
      "contacts": [
        5,
        2,
        6,
        5,
        3,
        2,
        2,
        2
      ],
      "maximum_stress_Pa": [
        59909.53906688214,
        14767.65600557663,
        62529.23953338057,
        61754.577852930466,
        72664.59703775405,
        71222.13010951309,
        76107.71262758557,
        69088.07787650892
      ],
      "residual_N": [
        3.252057252997892e-11,
        9.818423514300913e-12,
        3.070676146808457e-11,
        2.8426337038879503e-11,
        4.786048157561377e-11,
        5.194242781128635e-11,
        4.0765683173810435e-11,
        3.6948725499841734e-11
      ],
      "rhs_N": [
        0.22150604731417442,
        0.05599171972390223,
        0.21918701276023075,
        0.2066152901400144,
        0.243126982021522,
        0.2484239394207789,
        0.2648509464163966,
        0.2418909654317403
      ],
      "corrections": [
        0,
        0,
        0,
        0,
        0,
        0,
        0,
        0
      ],
      "fallbacks": [
        0,
        0,
        0,
        0,
        0,
        0,
        0,
        0
      ],
      "contact_radius_range_m": [
        0.0047346650810182345,
        0.007232646568360675
      ],
      "contact_friction_range": [
        1.0,
        1.0
      ]
    },
    {
      "tick": 480,
      "phase": [
        0.8013355592654424,
        0.7395659432387313,
        0.6777963272120201,
        0.6160267111853088,
        0.5542570951585977,
        0.4924874791318865,
        0.4307178631051753,
        0.36894824707846413
      ],
      "height_m": [
        0.14160435539713007,
        0.14878400638244285,
        0.14943444004410966,
        0.14926661326017093,
        0.1493416211017871,
        0.14373195727142238,
        0.10362810899509435,
        0.05207115266245791
      ],
      "finger_contacts": [
        [
          2,
          3
        ],
        [
          1,
          2
        ],
        [
          3,
          3
        ],
        [
          2,
          3
        ],
        [
          2,
          1
        ],
        [
          1,
          1
        ],
        [
          1,
          1
        ],
        [
          1,
          1
        ]
      ],
      "nonzero_egg_contacts": [
        5,
        3,
        6,
        5,
        3,
        2,
        2,
        2
      ],
      "tangential_force_N": [
        0.14765075613949705,
        0.08464086780169489,
        0.09075001809299409,
        0.08871449125766578,
        0.11710031265966123,
        0.06189242816181676,
        0.06987233038153501,
        0.06598004430619936
      ],
      "contacts": [
        5,
        3,
        6,
        5,
        3,
        2,
        2,
        2
      ],
      "maximum_stress_Pa": [
        60245.22526204421,
        15719.264412358916,
        62567.800541152,
        61869.028664849895,
        73206.57199226532,
        71791.51802286008,
        76558.36550531046,
        69406.41832215927
      ],
      "residual_N": [
        2.643003634739879e-11,
        8.35707720636084e-12,
        3.295785595944432e-11,
        3.905886757251786e-11,
        3.673998581324116e-11,
        4.0031115959435884e-11,
        3.838519185549873e-11,
        4.2009629962352127e-11
      ],
      "rhs_N": [
        0.22121696288618334,
        0.060218295451499336,
        0.21963741247670263,
        0.20745521533281563,
        0.2446597653078473,
        0.2502523803107008,
        0.26635649325939526,
        0.2429371276663397
      ],
      "corrections": [
        0,
        0,
        0,
        0,
        0,
        0,
        0,
        0
      ],
      "fallbacks": [
        0,
        0,
        0,
        0,
        0,
        0,
        0,
        0
      ],
      "contact_radius_range_m": [
        0.004757943189956011,
        0.007167619829035837
      ],
      "contact_friction_range": [
        1.0,
        1.0
      ]
    },
    {
      "tick": 490,
      "phase": [
        0.8180300500834725,
        0.7562604340567612,
        0.6944908180300501,
        0.6327212020033389,
        0.5709515859766278,
        0.5091819699499165,
        0.44741235392320533,
        0.38564273789649417
      ],
      "height_m": [
        0.14160278292921494,
        0.14873462236501195,
        0.14943132657085972,
        0.14926373964084466,
        0.14939362096828132,
        0.14741998183087865,
        0.11739159127052787,
        0.06469582256192598
      ],
      "finger_contacts": [
        [
          2,
          3
        ],
        [
          2,
          2
        ],
        [
          3,
          3
        ],
        [
          2,
          3
        ],
        [
          2,
          1
        ],
        [
          1,
          1
        ],
        [
          1,
          1
        ],
        [
          1,
          1
        ]
      ],
      "nonzero_egg_contacts": [
        5,
        4,
        6,
        5,
        3,
        2,
        2,
        2
      ],
      "tangential_force_N": [
        0.12407847869495564,
        0.08273411412316872,
        0.09074534009453776,
        0.08870982320238362,
        0.11703500889905394,
        0.06262537358280156,
        0.06938350584585803,
        0.0654524826116774
      ],
      "contacts": [
        5,
        4,
        6,
        5,
        3,
        2,
        2,
        2
      ],
      "maximum_stress_Pa": [
        60294.302019270704,
        15356.415817502959,
        62591.22972647384,
        61972.56826792539,
        73728.7362438501,
        72376.63898639481,
        77037.39606332616,
        69772.45899235178
      ],
      "residual_N": [
        2.881935382782737e-11,
        9.427186292487915e-12,
        3.474178921246314e-11,
        3.222367818499438e-11,
        4.34165311136077e-11,
        5.914237459276749e-11,
        4.0262378857984626e-11,
        4.2981493560847654e-11
      ],
      "rhs_N": [
        0.2221128515352312,
        0.05991232826424057,
        0.21999111374831035,
        0.20819824385072472,
        0.24613908327478962,
        0.25218545863999436,
        0.2679547319324673,
        0.24412231632813977
      ],
      "corrections": [
        0,
        0,
        0,
        0,
        0,
        0,
        0,
        0
      ],
      "fallbacks": [
        0,
        0,
        0,
        0,
        0,
        0,
        0,
        0
      ],
      "contact_radius_range_m": [
        0.004789896313542851,
        0.007094783488735881
      ],
      "contact_friction_range": [
        1.0,
        1.0
      ]
    },
    {
      "tick": 500,
      "phase": [
        0.8347245409015025,
        0.7729549248747913,
        0.7111853088480802,
        0.649415692821369,
        0.5876460767946577,
        0.5258764607679466,
        0.4641068447412354,
        0.4023372287145242
      ],
      "height_m": [
        0.14160088706509194,
        0.1487236816459624,
        0.14935644442808577,
        0.14926082527168202,
        0.14940815807305963,
        0.148634363282996,
        0.1294881383912815,
        0.07877074249300994
      ],
      "finger_contacts": [
        [
          2,
          3
        ],
        [
          3,
          3
        ],
        [
          2,
          1
        ],
        [
          2,
          3
        ],
        [
          2,
          1
        ],
        [
          1,
          1
        ],
        [
          1,
          1
        ],
        [
          1,
          1
        ]
      ],
      "nonzero_egg_contacts": [
        5,
        6,
        3,
        5,
        3,
        2,
        2,
        2
      ],
      "tangential_force_N": [
        0.11584592208738066,
        0.18166113570924344,
        0.06986468327432174,
        0.08870042099598448,
        0.11694123684974331,
        0.06379106361252224,
        0.06890499179874042,
        0.0649056994388464
      ],
      "contacts": [
        5,
        6,
        3,
        5,
        3,
        2,
        2,
        2
      ],
      "maximum_stress_Pa": [
        60230.06130084285,
        53573.37279290761,
        12514.474537399747,
        62075.381007008946,
        74225.93164188476,
        72983.2160145284,
        77536.22213559406,
        70186.72094317188
      ],
      "residual_N": [
        2.963854438452052e-11,
        2.8557327222591977e-11,
        6.251763517257429e-12,
        2.794804976359533e-11,
        3.6180256712681054e-11,
        5.087179115369836e-11,
        4.5064849866690395e-11,
        4.3693884220959076e-11
      ],
      "rhs_N": [
        0.22280329876240831,
        0.18759393900243182,
        0.04669667572145428,
        0.20884931334539486,
        0.24754985716751396,
        0.254163636914978,
        0.269629453573938,
        0.2454420029329989
      ],
      "corrections": [
        0,
        0,
        0,
        0,
        0,
        0,
        0,
        0
      ],
      "fallbacks": [
        0,
        0,
        0,
        0,
        0,
        0,
        0,
        0
      ],
      "contact_radius_range_m": [
        0.0048301731978687415,
        0.007014938221900412
      ],
      "contact_friction_range": [
        1.0,
        1.0
      ]
    },
    {
      "tick": 510,
      "phase": [
        0.8514190317195326,
        0.7896494156928214,
        0.7278797996661102,
        0.666110183639399,
        0.6043405676126878,
        0.5425709515859767,
        0.48080133555926546,
        0.41903171953255425
      ],
      "height_m": [
        0.1415986992547334,
        0.14872037357856857,
        0.14878598189855707,
        0.1492579242885135,
        0.14941072225861746,
        0.14901776988801022,
        0.1391028948986735,
        0.09345116174358865
      ],
      "finger_contacts": [
        [
          2,
          3
        ],
        [
          3,
          3
        ],
        [
          2,
          1
        ],
        [
          2,
          3
        ],
        [
          2,
          1
        ],
        [
          1,
          1
        ],
        [
          1,
          1
        ],
        [
          1,
          1
        ]
      ],
      "nonzero_egg_contacts": [
        5,
        6,
        3,
        5,
        3,
        2,
        2,
        2
      ],
      "tangential_force_N": [
        0.11369946850282053,
        0.11742008008536074,
        0.09258645502256789,
        0.08869677158576779,
        0.11684218519911953,
        0.06416214951037102,
        0.06843641445974116,
        0.06435576883098333
      ],
      "contacts": [
        5,
        6,
        3,
        5,
        3,
        2,
        2,
        2
      ],
      "maximum_stress_Pa": [
        60147.34330017726,
        57618.287621231546,
        19553.869718255133,
        62174.66491433458,
        74675.76297190636,
        73577.26154308092,
        78045.4820599318,
        70645.69297148557
      ],
      "residual_N": [
        2.764798724618801e-11,
        2.9838069742290925e-11,
        1.0032815001828098e-11,
        3.200805897519663e-11,
        3.666902353541432e-11,
        4.164016258884198e-11,
        5.086144668525616e-11,
        5.6300680370564203e-11
      ],
      "rhs_N": [
        0.22313416772146438,
        0.18859465393062264,
        0.07133462950823667,
        0.20941639756894506,
        0.24887100821462993,
        0.2561067094445331,
        0.2713592136299573,
        0.24688757706913445
      ],
      "corrections": [
        0,
        0,
        0,
        0,
        0,
        0,
        0,
        0
      ],
      "fallbacks": [
        0,
        0,
        0,
        0,
        0,
        0,
        0,
        0
      ],
      "contact_radius_range_m": [
        0.004878331087687419,
        0.0069289617506117715
      ],
      "contact_friction_range": [
        1.0,
        1.0
      ]
    },
    {
      "tick": 520,
      "phase": [
        0.8681135225375626,
        0.8063439065108514,
        0.7445742904841403,
        0.6828046744574291,
        0.6210350584307179,
        0.5592654424040067,
        0.4974958263772955,
        0.43572621035058434
      ],
      "height_m": [
        0.14159622064272537,
        0.14871827630838994,
        0.14538115380540814,
        0.14925487146619823,
        0.1494075155052954,
        0.14913763896032559,
        0.14543454989726673,
        0.10788703032799524
      ],
      "finger_contacts": [
        [
          2,
          3
        ],
        [
          3,
          3
        ],
        [
          0,
          1
        ],
        [
          2,
          3
        ],
        [
          2,
          1
        ],
        [
          1,
          1
        ],
        [
          1,
          1
        ],
        [
          1,
          1
        ]
      ],
      "nonzero_egg_contacts": [
        5,
        6,
        1,
        5,
        3,
        2,
        2,
        2
      ],
      "tangential_force_N": [
        0.11319925378715916,
        0.09490016770976131,
        0.021223724127947968,
        0.08869852780974023,
        0.11677366338426153,
        0.06427997947854543,
        0.06797306838105302,
        0.06381138528298094
      ],
      "contacts": [
        5,
        6,
        2,
        5,
        3,
        2,
        2,
        2
      ],
      "maximum_stress_Pa": [
        60030.78169056954,
        58670.22662610326,
        7658.230356513505,
        62266.844354409666,
        75038.88743112366,
        74147.99518083637,
        78556.6005788087,
        71142.81465930752
      ],
      "residual_N": [
        2.8918955241587336e-11,
        4.0686889121875484e-11,
        1.931390057262714e-12,
        3.2306129959737576e-11,
        4.192128591561007e-11,
        4.718990053197773e-11,
        4.8622439456112594e-11,
        6.007321456855876e-11
      ],
      "rhs_N": [
        0.22310839459390783,
        0.18931642284389463,
        0.023430364928762264,
        0.20989439707939125,
        0.25006979435732535,
        0.25801721571706054,
        0.2731213356384793,
        0.24844739507961774
      ],
      "corrections": [
        0,
        0,
        0,
        0,
        0,
        0,
        0,
        0
      ],
      "fallbacks": [
        0,
        0,
        0,
        0,
        0,
        0,
        0,
        0
      ],
      "contact_radius_range_m": [
        0.004876631063020854,
        0.006837799195982368
      ],
      "contact_friction_range": [
        1.0,
        1.0
      ]
    },
    {
      "tick": 530,
      "phase": [
        0.8848080133555927,
        0.8230383973288815,
        0.7612687813021703,
        0.6994991652754591,
        0.6377295492487479,
        0.5759599332220368,
        0.5141903171953256,
        0.4524207011686144
      ],
      "height_m": [
        0.14159355376464267,
        0.14871663887967024,
        0.14343406042426385,
        0.14925169513918354,
        0.14940271489904397,
        0.14917392339604102,
        0.1481340826614971,
        0.12123628182923124
      ],
      "finger_contacts": [
        [
          2,
          3
        ],
        [
          3,
          3
        ],
        [
          2,
          2
        ],
        [
          2,
          3
        ],
        [
          2,
          1
        ],
        [
          1,
          1
        ],
        [
          1,
          1
        ],
        [
          1,
          1
        ]
      ],
      "nonzero_egg_contacts": [
        5,
        6,
        4,
        5,
        3,
        2,
        2,
        2
      ],
      "tangential_force_N": [
        0.11304517501124887,
        0.08415949908747561,
        0.20756436346019028,
        0.0887015347107635,
        0.11667489041827167,
        0.06431738224787881,
        0.06924606306753948,
        0.06327767956361673
      ],
      "contacts": [
        5,
        6,
        4,
        5,
        3,
        2,
        2,
        2
      ],
      "maximum_stress_Pa": [
        59884.3108044691,
        59259.68790654949,
        32124.774160775538,
        62348.795584534695,
        75429.58869392796,
        74714.74261703395,
        79086.31294475288,
        71670.55107595182
      ],
      "residual_N": [
        3.256415996957454e-11,
        3.030565452350311e-11,
        1.9480971769341587e-11,
        3.584219888115371e-11,
        4.2216214150697104e-11,
        3.666153162124578e-11,
        3.9245001665983593e-11,
        4.999895637023811e-11
      ],
      "rhs_N": [
        0.22281689447335226,
        0.18976068520753553,
        0.1330801753061827,
        0.21027550386969027,
        0.25117275988166343,
        0.2598755250387386,
        0.27499030149649883,
        0.2501096838280618
      ],
      "corrections": [
        0,
        0,
        0,
        0,
        0,
        0,
        0,
        0
      ],
      "fallbacks": [
        0,
        0,
        0,
        0,
        0,
        0,
        0,
        0
      ],
      "contact_radius_range_m": [
        0.0048782870935321025,
        0.006742452688638756
      ],
      "contact_friction_range": [
        1.0,
        1.0
      ]
    },
    {
      "tick": 540,
      "phase": [
        0.9015025041736228,
        0.8397328881469115,
        0.7779632721202003,
        0.7161936560934892,
        0.654424040066778,
        0.5926544240400667,
        0.5308848080133556,
        0.4691151919866444
      ],
      "height_m": [
        0.14094618786109336,
        0.14871522216047514,
        0.14342522676180564,
        0.14906882128453597,
        0.14939774865503397,
        0.14918370463374603,
        0.1489937121999823,
        0.13267221305003504
      ],
      "finger_contacts": [
        [
          1,
          1
        ],
        [
          3,
          3
        ],
        [
          3,
          3
        ],
        [
          1,
          1
        ],
        [
          2,
          1
        ],
        [
          1,
          1
        ],
        [
          1,
          1
        ],
        [
          1,
          1
        ]
      ],
      "nonzero_egg_contacts": [
        2,
        6,
        6,
        2,
        3,
        2,
        2,
        2
      ],
      "tangential_force_N": [
        0.021429879313167942,
        0.07968468364229861,
        0.11282339445156629,
        0.06506088125503647,
        0.11656506066940524,
        0.0643291474624351,
        0.07001652393254182,
        0.06275600965265653
      ],
      "contacts": [
        5,
        6,
        6,
        2,
        3,
        2,
        2,
        2
      ],
      "maximum_stress_Pa": [
        3216.9198675250323,
        59561.50495596608,
        56309.7888049523,
        10643.869116390995,
        75798.7736760103,
        75264.3927496275,
        79618.63889063509,
        72221.22491214878
      ],
      "residual_N": [
        1.8873235838476645e-12,
        3.002069393353569e-11,
        3.321129903806649e-11,
        6.3484039440584785e-12,
        5.5701692820952227e-11,
        4.39755314182683e-11,
        4.37915580675449e-11,
        3.52543471399736e-11
      ],
      "rhs_N": [
        0.01475455942171569,
        0.1898602520363794,
        0.205275222125068,
        0.043859652196414425,
        0.252152502469182,
        0.26165573837992134,
        0.27682819321625113,
        0.25186180420109416
      ],
      "corrections": [
        0,
        0,
        0,
        0,
        0,
        0,
        0,
        0
      ],
      "fallbacks": [
        0,
        0,
        0,
        0,
        0,
        0,
        0,
        0
      ],
      "contact_radius_range_m": [
        0.004889378648489692,
        0.006643970352512213
      ],
      "contact_friction_range": [
        1.0,
        1.0
      ]
    },
    {
      "tick": 550,
      "phase": [
        0.9181969949916527,
        0.8564273789649416,
        0.7946577629382304,
        0.7328881469115193,
        0.671118530884808,
        0.6093489148580968,
        0.5475792988313857,
        0.48580968280467446
      ],
      "height_m": [
        0.08544773421891229,
        0.14871390178924343,
        0.1434226975480692,
        0.14844098686648802,
        0.14939252200471095,
        0.1491846022364056,
        0.14926456627263981,
        0.14138488856194098
      ],
      "finger_contacts": [
        [
          0,
          0
        ],
        [
          3,
          3
        ],
        [
          3,
          3
        ],
        [
          1,
          1
        ],
        [
          2,
          1
        ],
        [
          1,
          1
        ],
        [
          1,
          1
        ],
        [
          1,
          1
        ]
      ],
      "nonzero_egg_contacts": [
        0,
        6,
        6,
        2,
        3,
        2,
        2,
        2
      ],
      "tangential_force_N": [
        0.0,
        0.0780906971405683,
        0.0869104409371822,
        0.06544913475756066,
        0.1164544111280218,
        0.06433058578102356,
        0.07027157210686383,
        0.062242968606335686
      ],
      "contacts": [
        0,
        6,
        6,
        2,
        3,
        2,
        2,
        2
      ],
      "maximum_stress_Pa": [
        0.18305479453981105,
        59689.28929532412,
        57749.68125677809,
        11413.1279200966,
        76125.71758111291,
        75724.58401400664,
        80125.82081577089,
        72785.9129829409
      ],
      "residual_N": [
        1.2350058356250596e-16,
        3.2350724011367815e-11,
        3.070161876162575e-11,
        6.712644408284082e-12,
        4.4435776665155326e-11,
        4.498236924372199e-11,
        4.5248803555433376e-11,
        4.963159364357372e-11
      ],
      "rhs_N": [
        9.197358781582903e-07,
        0.18968387437292894,
        0.20684209625729508,
        0.04453791397697219,
        0.25298823360100803,
        0.2633318283483816,
        0.2786105472723171,
        0.25368392220193287
      ],
      "corrections": [
        0,
        0,
        0,
        0,
        0,
        0,
        0,
        0
      ],
      "fallbacks": [
        0,
        0,
        0,
        0,
        0,
        0,
        0,
        0
      ],
      "contact_radius_range_m": [
        0.004909783800782605,
        0.006543434783034695
      ],
      "contact_friction_range": [
        1.0,
        1.0
      ]
    },
    {
      "tick": 560,
      "phase": [
        0.9348914858096828,
        0.8731218697829717,
        0.8113522537562604,
        0.7495826377295493,
        0.6878130217028381,
        0.6260434056761269,
        0.5642737896494157,
        0.5025041736227045
      ],
      "height_m": [
        0.018771992769496672,
        0.14871262150795264,
        0.14342081265648218,
        0.14426026623947466,
        0.14938697860697822,
        0.1491810758556274,
        0.14934871914374656,
        0.14657931543661487
      ],
      "finger_contacts": [
        [
          0,
          0
        ],
        [
          3,
          3
        ],
        [
          3,
          3
        ],
        [
          1,
          0
        ],
        [
          2,
          1
        ],
        [
          1,
          1
        ],
        [
          1,
          1
        ],
        [
          1,
          1
        ]
      ],
      "nonzero_egg_contacts": [
        1,
        6,
        6,
        1,
        3,
        2,
        2,
        2
      ],
      "tangential_force_N": [
        0.03043922724883585,
        0.07757769752469218,
        0.07824000020455124,
        0.07025352436919467,
        0.11634389787111085,
        0.06433437058850658,
        0.07036299223006975,
        0.06192791073953468
      ],
      "contacts": [
        1,
        6,
        6,
        2,
        3,
        2,
        2,
        2
      ],
      "maximum_stress_Pa": [
        48388.12980715485,
        59712.021495952606,
        58499.94740347187,
        22580.76565990658,
        76401.45819409497,
        76142.12209049967,
        80606.47611896282,
        73357.82775232354
      ],
      "residual_N": [
        1.4401688027654766e-11,
        3.3754262247423e-11,
        3.8612377061909924e-11,
        9.823216747058498e-12,
        4.740068976944408e-11,
        5.228978352220725e-11,
        4.9308410058711026e-11,
        4.390090103658174e-11
      ],
      "rhs_N": [
        0.1186152402533589,
        0.18931040910950855,
        0.2073880676296754,
        0.06853050489957836,
        0.2536641833672085,
        0.26487931799115755,
        0.2803387852684442,
        0.25556509091307034
      ],
      "corrections": [
        0,
        0,
        0,
        0,
        0,
        0,
        0,
        0
      ],
      "fallbacks": [
        0,
        0,
        0,
        0,
        0,
        0,
        0,
        0
      ],
      "contact_radius_range_m": [
        0.004939278240899822,
        0.0064419511463968656
      ],
      "contact_friction_range": [
        1.0,
        1.0
      ]
    },
    {
      "tick": 570,
      "phase": [
        0.9515859766277129,
        0.8898163606010017,
        0.8280467445742905,
        0.7662771285475793,
        0.7045075125208682,
        0.6427378964941569,
        0.5809682804674458,
        0.5191986644407346
      ],
      "height_m": [
        0.02444281287345516,
        0.1487113575432536,
        0.14341924335368286,
        0.14093869570407908,
        0.1493781031116901,
        0.14917713881664216,
        0.14937367091611245,
        0.14850213530100395
      ],
      "finger_contacts": [
        [
          0,
          0
        ],
        [
          3,
          3
        ],
        [
          3,
          3
        ],
        [
          2,
          2
        ],
        [
          1,
          1
        ],
        [
          1,
          1
        ],
        [
          1,
          1
        ],
        [
          1,
          1
        ]
      ],
      "nonzero_egg_contacts": [
        1,
        6,
        6,
        4,
        2,
        2,
        2,
        2
      ],
      "tangential_force_N": [
        0.011928924957436535,
        0.07741339985732949,
        0.07581504359457161,
        0.11530137423535856,
        0.07088612779042594,
        0.06433574836032044,
        0.0704024940738604,
        0.06361782474726607
      ],
      "contacts": [
        1,
        6,
        6,
        4,
        3,
        2,
        2,
        2
      ],
      "maximum_stress_Pa": [
        11091.906427690923,
        59670.46305530552,
        58815.977933398935,
        62657.93923279589,
        22690.58455637078,
        76554.91491995267,
        81081.45712516159,
        73947.62733259474
      ],
      "residual_N": [
        4.103234011054675e-12,
        3.3413393651752734e-11,
        3.803030724120462e-11,
        2.6643849860163186e-11,
        1.1453177317287927e-11,
        4.599557382340746e-11,
        5.227185296449649e-11,
        5.277988700218914e-11
      ],
      "rhs_N": [
        0.025967384035108298,
        0.18879930415483057,
        0.20745839948736156,
        0.19892263292296103,
        0.07950204466583252,
        0.26627955129514075,
        0.28200277081293473,
        0.25757216260385324
      ],
      "corrections": [
        0,
        0,
        0,
        0,
        0,
        0,
        0,
        0
      ],
      "fallbacks": [
        0,
        0,
        0,
        0,
        0,
        0,
        0,
        0
      ],
      "contact_radius_range_m": [
        0.004977537742717198,
        0.006340635030690597
      ],
      "contact_friction_range": [
        1.0,
        1.0
      ]
    },
    {
      "tick": 580,
      "phase": [
        0.9682804674457429,
        0.9065108514190318,
        0.8447412353923206,
        0.7829716193656093,
        0.7212020033388982,
        0.659432387312187,
        0.5976627712854758,
        0.5358931552587646
      ],
      "height_m": [
        0.021392467093435622,
        0.14157424032067858,
        0.1434178171330725,
        0.14093522114966392,
        0.1492044877041444,
        0.14917342990833082,
        0.14937985674471888,
        0.14911067881335835
      ],
      "finger_contacts": [
        [
          0,
          0
        ],
        [
          0,
          0
        ],
        [
          3,
          3
        ],
        [
          2,
          2
        ],
        [
          2,
          1
        ],
        [
          1,
          1
        ],
        [
          1,
          1
        ],
        [
          1,
          1
        ]
      ],
      "nonzero_egg_contacts": [
        1,
        0,
        6,
        4,
        3,
        2,
        2,
        2
      ],
      "tangential_force_N": [
        0.0020821712505100327,
        0.0,
        0.07518195136390986,
        0.10301970973632078,
        0.06927231362228409,
        0.06433695576387094,
        0.07042520788460059,
        0.06420466075375827
      ],
      "contacts": [
        1,
        0,
        6,
        4,
        3,
        2,
        2,
        2
      ],
      "maximum_stress_Pa": [
        9945.576047529676,
        0.03001391199057188,
        58895.37570110677,
        64990.99102879105,
        12083.14237203175,
        76926.55448828312,
        81543.87590753484,
        74544.60135011037
      ],
      "residual_N": [
        3.3584081449237196e-12,
        1.8755152699485056e-17,
        3.489259964230024e-11,
        3.0188047989032754e-11,
        8.117969969677402e-12,
        4.597697689639126e-11,
        4.0278388540339336e-11,
        4.506454324823886e-11
      ],
      "rhs_N": [
        0.023395574825807702,
        1.636409192019573e-07,
        0.2072005594873179,
        0.20692426156083574,
        0.04507851036850225,
        0.2675146231570336,
        0.28358438979121514,
        0.2595359658844385
      ],
      "corrections": [
        0,
        0,
        0,
        0,
        0,
        0,
        0,
        0
      ],
      "fallbacks": [
        0,
        0,
        0,
        0,
        0,
        0,
        0,
        0
      ],
      "contact_radius_range_m": [
        0.005013001412107449,
        0.0062406001824856835
      ],
      "contact_friction_range": [
        1.0,
        1.0
      ]
    },
    {
      "tick": 590,
      "phase": [
        0.984974958263773,
        0.9232053422370617,
        0.8614357262103506,
        0.7996661101836394,
        0.7378964941569283,
        0.6761268781302171,
        0.6143572621035058,
        0.5525876460767947
      ],
      "height_m": [
        0.024014175067017262,
        0.056289571352077336,
        0.14341644934629513,
        0.14093265509101768,
        0.14907374516632094,
        0.14916974591190102,
        0.14937898134565716,
        0.14930199310740386
      ],
      "finger_contacts": [
        [
          0,
          0
        ],
        [
          0,
          0
        ],
        [
          3,
          3
        ],
        [
          2,
          2
        ],
        [
          1,
          1
        ],
        [
          1,
          1
        ],
        [
          1,
          1
        ],
        [
          1,
          1
        ]
      ],
      "nonzero_egg_contacts": [
        1,
        0,
        6,
        4,
        2,
        2,
        2,
        2
      ],
      "tangential_force_N": [
        0.02914673913337343,
        0.0,
        0.07499616290976167,
        0.09038265258215555,
        0.06644585065701444,
        0.06433820268628389,
        0.07044067363177942,
        0.0643912079454871
      ],
      "contacts": [
        1,
        0,
        6,
        4,
        2,
        2,
        2,
        2
      ],
      "maximum_stress_Pa": [
        21960.43856583492,
        0.030010841359666696,
        58842.47092295903,
        65559.86610320782,
        17703.593890636497,
        77252.14841953105,
        81892.20127014419,
        75118.18063966774
      ],
      "residual_N": [
        7.100350068922475e-12,
        2.001720231085629e-17,
        3.042897830222496e-11,
        3.0263057276816116e-11,
        1.1328664650470851e-11,
        3.045411086007599e-11,
        4.515854255033145e-11,
        3.603621663622364e-11
      ],
      "rhs_N": [
        0.059667446928006115,
        1.636409386608729e-07,
        0.2067259928677109,
        0.20735992337510728,
        0.06186750426402927,
        0.2685695945284001,
        0.2850650985074935,
        0.261460428429801
      ],
      "corrections": [
        0,
        0,
        0,
        0,
        0,
        0,
        0,
        0
      ],
      "fallbacks": [
        0,
        0,
        0,
        0,
        0,
        0,
        0,
        0
      ],
      "contact_radius_range_m": [
        0.00494515357024181,
        0.006142946263650052
      ],
      "contact_friction_range": [
        1.0,
        1.0
      ]
    },
    {
      "tick": 600,
      "phase": [
        0.0,
        0.9398998330550918,
        0.8781302170283807,
        0.8163606010016695,
        0.7545909849749582,
        0.6928213689482471,
        0.6310517529215359,
        0.5692821368948248
      ],
      "height_m": [
        0.031850890355476,
        0.0259195011421996,
        0.1434151038601187,
        0.1409304587895482,
        0.1488888586027359,
        0.14916599360201255,
        0.1493750282538694,
        0.14936094882102507
      ],
      "finger_contacts": [
        [
          0,
          0
        ],
        [
          0,
          0
        ],
        [
          3,
          3
        ],
        [
          2,
          2
        ],
        [
          1,
          1
        ],
        [
          1,
          1
        ],
        [
          1,
          1
        ],
        [
          1,
          1
        ]
      ],
      "nonzero_egg_contacts": [
        0,
        1,
        6,
        4,
        2,
        2,
        2,
        2
      ],
      "tangential_force_N": [
        0.0,
        0.008929398556125191,
        0.07492419778133044,
        0.08290638549041138,
        0.06534170300459866,
        0.06433942385289623,
        0.07045648408070868,
        0.06445084415078797
      ],
      "contacts": [
        0,
        1,
        6,
        4,
        2,
        2,
        2,
        2
      ],
      "maximum_stress_Pa": [
        0.0,
        10499.11729048745,
        58712.02513601455,
        65856.36032085487,
        16044.386026541375,
        77547.78886489097,
        82251.30878504331,
        75669.98015713338
      ],
      "residual_N": [
        0.0,
        3.2734207664421587e-12,
        3.524741277933818e-11,
        2.91250379090958e-11,
        8.884688140088025e-12,
        4.9801053602418e-11,
        4.4263737840329285e-11,
        4.700914929665978e-11
      ],
      "rhs_N": [
        0.0,
        0.029139153634484032,
        0.20610500530986206,
        0.2073982336149406,
        0.05604300489982372,
        0.26942939519328835,
        0.2864272452753448,
        0.2633301916819899
      ],
      "corrections": [
        0,
        0,
        0,
        0,
        0,
        0,
        0,
        0
      ],
      "fallbacks": [
        0,
        0,
        0,
        0,
        0,
        0,
        0,
        0
      ],
      "contact_radius_range_m": [
        0.004883261504567756,
        0.006048746763000093
      ],
      "contact_friction_range": [
        1.0,
        1.0
      ]
    },
    {
      "tick": 610,
      "phase": [
        0.01669449081803005,
        0.9565943238731219,
        0.8948247078464107,
        0.8330550918196995,
        0.7712854757929883,
        0.7095158597662772,
        0.6477462437395659,
        0.5859766277128547
      ],
      "height_m": [
        0.02955680720401711,
        0.02048382878270068,
        0.14341376643552112,
        0.14092845863873193,
        0.14869633680947208,
        0.14914736638179002,
        0.14937101165208014,
        0.1493779219601289
      ],
      "finger_contacts": [
        [
          0,
          0
        ],
        [
          0,
          0
        ],
        [
          3,
          3
        ],
        [
          2,
          2
        ],
        [
          3,
          1
        ],
        [
          1,
          1
        ],
        [
          1,
          1
        ],
        [
          1,
          1
        ]
      ],
      "nonzero_egg_contacts": [
        1,
        1,
        6,
        4,
        4,
        2,
        2,
        2
      ],
      "tangential_force_N": [
        6.4461092516815e-19,
        0.0037165718627810893,
        0.07488271068156432,
        0.07932541600961455,
        0.13556519394095617,
        0.06311154592759062,
        0.07047034156012176,
        0.06447007732803112
      ],
      "contacts": [
        1,
        1,
        6,
        4,
        4,
        2,
        2,
        2
      ],
      "maximum_stress_Pa": [
        14373.896569423801,
        10142.516418904372,
        58533.310755556966,
        65949.39378331335,
        75628.15083546937,
        10369.083794268727,
        82599.8801595058,
        76216.14276199596
      ],
      "residual_N": [
        4.706190195472367e-12,
        4.011438791182533e-12,
        3.618276985361126e-11,
        3.409856029763612e-11,
        4.0473457749135374e-11,
        7.127229094729314e-12,
        4.9082320378715236e-11,
        4.3867166698064425e-11
      ],
      "rhs_N": [
        0.03997424069946896,
        0.024126197401402306,
        0.20538075778665274,
        0.2071504405691519,
        0.24927395427081425,
        0.04057601017783459,
        0.2876526234274283,
        0.2651222908727628
      ],
      "corrections": [
        0,
        0,
        0,
        0,
        0,
        0,
        0,
        0
      ],
      "fallbacks": [
        0,
        0,
        0,
        0,
        0,
        0,
        0,
        0
      ],
      "contact_radius_range_m": [
        0.004828005581435318,
        0.006062689640841646
      ],
      "contact_friction_range": [
        1.0,
        1.0
      ]
    },
    {
      "tick": 620,
      "phase": [
        0.0333889816360601,
        0.9732888146911519,
        0.9115191986644408,
        0.8497495826377296,
        0.7879799666110184,
        0.7262103505843072,
        0.664440734557596,
        0.6026711185308848
      ],
      "height_m": [
        0.02963161055452225,
        0.0219887973968647,
        0.12093209394295938,
        0.14092653616282222,
        0.1486921672671679,
        0.14892992387273116,
        0.149367086629322,
        0.1493815543706121
      ],
      "finger_contacts": [
        [
          0,
          0
        ],
        [
          0,
          0
        ],
        [
          0,
          0
        ],
        [
          2,
          2
        ],
        [
          3,
          1
        ],
        [
          1,
          1
        ],
        [
          1,
          1
        ],
        [
          1,
          1
        ]
      ],
      "nonzero_egg_contacts": [
        1,
        1,
        0,
        4,
        4,
        2,
        2,
        2
      ],
      "tangential_force_N": [
        6.571657926370239e-19,
        0.017075039424654336,
        0.0,
        0.07782345801717508,
        0.08604795370261084,
        0.06403136560062073,
        0.07048356288359717,
        0.0644749870019405
      ],
      "contacts": [
        1,
        1,
        0,
        4,
        4,
        2,
        2,
        2
      ],
      "maximum_stress_Pa": [
        14611.922833522582,
        12697.545029663084,
        0.011648041292229735,
        65911.41426125966,
        76085.27973787564,
        12588.845166057341,
        82911.13444688395,
        76721.2621942801
      ],
      "residual_N": [
        4.797443651064413e-12,
        3.95474713256272e-12,
        7.033007185996582e-18,
        2.8688138349976577e-11,
        3.604972935734948e-11,
        8.61379785760001e-12,
        4.5900839772610904e-11,
        5.4989622929439146e-11
      ],
      "rhs_N": [
        0.04066775865973202,
        0.027920641103205173,
        4.6771136438663824e-08,
        0.20669034160209307,
        0.251442548121983,
        0.04709835479223431,
        0.28872483378821723,
        0.26681796196574986
      ],
      "corrections": [
        0,
        0,
        0,
        0,
        0,
        0,
        0,
        0
      ],
      "fallbacks": [
        0,
        0,
        0,
        0,
        0,
        0,
        0,
        0
      ],
      "contact_radius_range_m": [
        0.004779993217487155,
        0.00615965107579599
      ],
      "contact_friction_range": [
        1.0,
        1.0
      ]
    },
    {
      "tick": 630,
      "phase": [
        0.05008347245409015,
        0.989983305509182,
        0.9282136894824708,
        0.8664440734557596,
        0.8046744574290484,
        0.7429048414023373,
        0.6811352253756261,
        0.6193656093489148
      ],
      "height_m": [
        0.029632797478265114,
        0.021841426795407817,
        0.02295241249864312,
        0.14092463834510777,
        0.14868886306607282,
        0.14892472772018112,
        0.14936306671793476,
        0.14937912886316038
      ],
      "finger_contacts": [
        [
          0,
          0
        ],
        [
          0,
          0
        ],
        [
          0,
          0
        ],
        [
          2,
          2
        ],
        [
          3,
          1
        ],
        [
          1,
          1
        ],
        [
          1,
          1
        ],
        [
          1,
          1
        ]
      ],
      "nonzero_egg_contacts": [
        1,
        1,
        1,
        4,
        4,
        2,
        2,
        2
      ],
      "tangential_force_N": [
        6.572950236482717e-19,
        0.03678430857115375,
        0.14238676975799372,
        0.07725968564961733,
        0.0852534372043817,
        0.06407007979335128,
        0.07049646597316195,
        0.0644781400687918
      ],
      "contacts": [
        1,
        1,
        1,
        4,
        4,
        2,
        2,
        2
      ],
      "maximum_stress_Pa": [
        14510.999607135038,
        29297.71831800531,
        267055.1094592004,
        65785.97753997947,
        75982.52336743986,
        17033.722492144603,
        83197.095350076,
        77113.0325168407
      ],
      "residual_N": [
        4.1486396161219236e-12,
        7.768826391683792e-12,
        9.782646503219087e-11,
        3.272582856904167e-11,
        4.172796141009398e-11,
        1.0360099830195186e-11,
        3.658088330533686e-11,
        4.7282617176781127e-11
      ],
      "rhs_N": [
        0.04041964785166796,
        0.07751401336650066,
        0.7396889712847593,
        0.20607094884669133,
        0.2512673223928324,
        0.061332845174771736,
        0.28962921299558775,
        0.26839860090430084
      ],
      "corrections": [
        0,
        0,
        0,
        0,
        0,
        0,
        0,
        0
      ],
      "fallbacks": [
        0,
        0,
        0,
        0,
        0,
        0,
        0,
        0
      ],
      "contact_radius_range_m": [
        0.004739752202456249,
        0.006258352746720459
      ],
      "contact_friction_range": [
        1.0,
        1.0
      ]
    },
    {
      "tick": 640,
      "phase": [
        0.0667779632721202,
        0.005008347245409015,
        0.9449081803005008,
        0.8831385642737897,
        0.8213689482470785,
        0.7595993322203674,
        0.6978297161936561,
        0.6360601001669449
      ],
      "height_m": [
        0.02963281714469452,
        0.028792441182982714,
        0.021921826168874548,
        0.14092274546188346,
        0.14868602505942896,
        0.14891989406829184,
        0.14935894250032325,
        0.14937480540092185
      ],
      "finger_contacts": [
        [
          0,
          0
        ],
        [
          0,
          0
        ],
        [
          0,
          0
        ],
        [
          2,
          2
        ],
        [
          3,
          1
        ],
        [
          1,
          1
        ],
        [
          1,
          1
        ],
        [
          1,
          1
        ]
      ],
      "nonzero_egg_contacts": [
        1,
        1,
        1,
        4,
        4,
        2,
        2,
        2
      ],
      "tangential_force_N": [
        6.572965851128588e-19,
        2.8741497348239983e-18,
        0.006812522506818774,
        0.07705147440974146,
        0.08513333939622088,
        0.06406504296766358,
        0.0705095357340678,
        0.06448023410985353
      ],
      "contacts": [
        1,
        1,
        1,
        4,
        4,
        2,
        2,
        2
      ],
      "maximum_stress_Pa": [
        14409.067527845538,
        60114.04703170558,
        11078.617042485685,
        65599.9055984419,
        75753.85822412798,
        15490.157430758001,
        83442.79387827712,
        77527.13906784468
      ],
      "residual_N": [
        4.124149933938077e-12,
        2.0881670377349948e-11,
        3.402822347560101e-12,
        3.029709568783262e-11,
        5.139802286495657e-11,
        9.658829403819004e-12,
        5.142005273380125e-11,
        5.6119806550261236e-11
      ],
      "rhs_N": [
        0.04016916236215111,
        0.1685187030232112,
        0.028756031971303036,
        0.2053299027105092,
        0.2506262125746418,
        0.05624274892558923,
        0.29035284662412425,
        0.26984532609971645
      ],
      "corrections": [
        0,
        0,
        0,
        0,
        0,
        0,
        0,
        0
      ],
      "fallbacks": [
        0,
        0,
        0,
        0,
        0,
        0,
        0,
        0
      ],
      "contact_radius_range_m": [
        0.004707724897285313,
        0.0063477755978045445
      ],
      "contact_friction_range": [
        1.0,
        1.0
      ]
    },
    {
      "tick": 650,
      "phase": [
        0.08347245409015025,
        0.021702838063439065,
        0.9616026711185309,
        0.8998330550918198,
        0.8380634390651085,
        0.7762938230383973,
        0.7145242070116862,
        0.652754590984975
      ],
      "height_m": [
        0.029632817470782207,
        0.029619440772582672,
        0.02257154464736922,
        0.14092085153978,
        0.1486834170430372,
        0.14891512793675565,
        0.1492531893315048,
        0.14937037227284453
      ],
      "finger_contacts": [
        [
          0,
          0
        ],
        [
          0,
          0
        ],
        [
          0,
          0
        ],
        [
          2,
          2
        ],
        [
          3,
          1
        ],
        [
          1,
          1
        ],
        [
          1,
          1
        ],
        [
          1,
          1
        ]
      ],
      "nonzero_egg_contacts": [
        1,
        1,
        1,
        4,
        4,
        2,
        2,
        2
      ],
      "tangential_force_N": [
        6.572966015622723e-19,
        6.554944124871216e-19,
        0.017140566538675028,
        0.07695867569145087,
        0.08510391687400372,
        0.06435883733571625,
        0.0639817639891933,
        0.06448158260263154
      ],
      "contacts": [
        1,
        1,
        1,
        4,
        4,
        2,
        2,
        2
      ],
      "maximum_stress_Pa": [
        14311.886750924721,
        13671.0169875717,
        13298.534655025072,
        65370.43282137279,
        75467.195069509,
        77371.0299204706,
        11219.65214307886,
        77911.79280429584
      ],
      "residual_N": [
        4.2222595936592446e-12,
        4.0109474807802656e-12,
        3.879420283084116e-12,
        3.359365236865482e-11,
        4.287374525579059e-11,
        5.7503016854691914e-11,
        6.851352640944556e-12,
        5.3264881257143083e-11
      ],
      "rhs_N": [
        0.039931720731218104,
        0.03837614041076389,
        0.029561471448854525,
        0.20449500993761172,
        0.24981893651952472,
        0.26835857031881144,
        0.04428446820458913,
        0.27113696423962247
      ],
      "corrections": [
        0,
        0,
        0,
        0,
        0,
        0,
        0,
        0
      ],
      "fallbacks": [
        0,
        0,
        0,
        0,
        0,
        0,
        0,
        0
      ],
      "contact_radius_range_m": [
        0.00468426337134678,
        0.006446788322848647
      ],
      "contact_friction_range": [
        1.0,
        1.0
      ]
    },
    {
      "tick": 660,
      "phase": [
        0.1001669449081803,
        0.038397328881469114,
        0.9782971619365609,
        0.9165275459098498,
        0.8547579298831386,
        0.7929883138564274,
        0.7312186978297163,
        0.669449081803005
      ],
      "height_m": [
        0.029632817476189104,
        0.029632597395760987,
        0.020715289376197224,
        0.09442975694329765,
        0.14868090835233885,
        0.1489113225000924,
        0.14914182297873743,
        0.14936576461661713
      ],
      "finger_contacts": [
        [
          0,
          0
        ],
        [
          0,
          0
        ],
        [
          0,
          0
        ],
        [
          0,
          0
        ],
        [
          3,
          1
        ],
        [
          1,
          1
        ],
        [
          1,
          1
        ],
        [
          1,
          1
        ]
      ],
      "nonzero_egg_contacts": [
        1,
        1,
        1,
        0,
        4,
        2,
        2,
        2
      ],
      "tangential_force_N": [
        6.572966016784976e-19,
        6.572746848044606e-19,
        0.022042430967983584,
        0.0,
        0.08507911606597082,
        0.06436398982859486,
        0.06428899797902803,
        0.06448303537539574
      ],
      "contacts": [
        1,
        1,
        2,
        0,
        4,
        2,
        2,
        2
      ],
      "maximum_stress_Pa": [
        14220.749910872408,
        13604.817591882655,
        25886.61726479846,
        0.2080230477887201,
        75128.61254465437,
        77675.72362191476,
        17236.29690804977,
        78248.72033834313
      ],
      "residual_N": [
        4.309447379485674e-12,
        4.7210645550165975e-12,
        8.345830544962077e-12,
        1.2588601269075432e-16,
        4.091082220963778e-11,
        5.586703898656329e-11,
        9.342604068725645e-12,
        4.3030953121061404e-11
      ],
      "rhs_N": [
        0.039710286282162756,
        0.03824309767573951,
        0.057058004690671335,
        1.0984245023162773e-06,
        0.2488700011986427,
        0.2694862077730371,
        0.06277875046599041,
        0.2722544074073597
      ],
      "corrections": [
        0,
        0,
        0,
        0,
        0,
        0,
        0,
        0
      ],
      "fallbacks": [
        0,
        0,
        0,
        0,
        0,
        0,
        0,
        0
      ],
      "contact_radius_range_m": [
        0.004669625532218868,
        0.0065443848450107015
      ],
      "contact_friction_range": [
        1.0,
        1.0
      ]
    },
    {
      "tick": 670,
      "phase": [
        0.11686143572621036,
        0.05509181969949917,
        0.994991652754591,
        0.9332220367278798,
        0.8714524207011687,
        0.8096828046744574,
        0.7479131886477463,
        0.6861435726210351
      ],
      "height_m": [
        0.02963281747627876,
        0.02963281382756662,
        0.022243878692526566,
        0.019861917012428124,
        0.1486784402600362,
        0.1489081548602256,
        0.14913668312973874,
        0.14936088637567066
      ],
      "finger_contacts": [
        [
          0,
          0
        ],
        [
          0,
          0
        ],
        [
          0,
          0
        ],
        [
          0,
          0
        ],
        [
          3,
          1
        ],
        [
          1,
          1
        ],
        [
          1,
          1
        ],
        [
          1,
          1
        ]
      ],
      "nonzero_egg_contacts": [
        1,
        1,
        1,
        0,
        4,
        2,
        2,
        2
      ],
      "tangential_force_N": [
        6.572966016778764e-19,
        6.572963023204795e-19,
        0.01400786510569101,
        0.0,
        0.08505480725750351,
        0.06436551753577872,
        0.06429204856053002,
        0.06448455307551995
      ],
      "contacts": [
        1,
        1,
        1,
        1,
        4,
        2,
        2,
        2
      ],
      "maximum_stress_Pa": [
        14136.718443611568,
        13494.258749707458,
        12379.53621266682,
        554.8077385883391,
        74742.16405734845,
        77494.35076520496,
        17330.203299228313,
        78548.74636073412
      ],
      "residual_N": [
        3.5829162696168694e-12,
        4.189940619993151e-12,
        4.092994756001716e-12,
        3.6669389036668983e-13,
        3.41831898448194e-11,
        3.9032800605610476e-11,
        1.046297628217113e-11,
        4.8142460221493635e-11
      ],
      "rhs_N": [
        0.039507168331391326,
        0.03798498032294895,
        0.03374423585510501,
        0.0021437943980202544,
        0.24779218390140023,
        0.2689171324777914,
        0.0629810475943597,
        0.27318177215519934
      ],
      "corrections": [
        0,
        0,
        0,
        0,
        0,
        0,
        0,
        0
      ],
      "fallbacks": [
        0,
        0,
        0,
        0,
        0,
        0,
        0,
        0
      ],
      "contact_radius_range_m": [
        0.004663972290562279,
        0.006639492306423779
      ],
      "contact_friction_range": [
        1.0,
        1.0
      ]
    },
    {
      "tick": 680,
      "phase": [
        0.1335559265442404,
        0.07178631051752922,
        0.01001669449081803,
        0.9499165275459098,
        0.8881469115191987,
        0.8263772954924875,
        0.7646076794657763,
        0.7028380634390651
      ],
      "height_m": [
        0.029632817476280247,
        0.029632817415780614,
        0.029154749295717066,
        0.024016820297596383,
        0.1486759885979759,
        0.1489053543949339,
        0.14913142295490883,
        0.1493558535471713
      ],
      "finger_contacts": [
        [
          0,
          0
        ],
        [
          0,
          0
        ],
        [
          0,
          0
        ],
        [
          0,
          0
        ],
        [
          3,
          1
        ],
        [
          1,
          1
        ],
        [
          1,
          1
        ],
        [
          1,
          1
        ]
      ],
      "nonzero_egg_contacts": [
        1,
        1,
        1,
        0,
        4,
        2,
        2,
        2
      ],
      "tangential_force_N": [
        6.572966016601076e-19,
        6.572965565164328e-19,
        7.726458645546872e-19,
        0.0,
        0.08503068276878639,
        0.06436713104960343,
        0.06800395843820323,
        0.06414960559711265
      ],
      "contacts": [
        1,
        1,
        1,
        0,
        4,
        2,
        2,
        2
      ],
      "maximum_stress_Pa": [
        14060.68272017032,
        13388.412882226348,
        13460.438270415156,
        138.73608146312293,
        74312.92764026673,
        77218.03659638263,
        64851.354016074045,
        37556.72656726454
      ],
      "residual_N": [
        4.269304077836417e-12,
        4.036498384135274e-12,
        3.389759439392633e-12,
        8.670959804657599e-14,
        4.410418889343164e-11,
        5.32911389197591e-11,
        3.703248374099139e-11,
        2.6998405243249663e-11
      ],
      "rhs_N": [
        0.03932420846327056,
        0.03773877280438725,
        0.03748821556766985,
        0.0006667117563022647,
        0.24660053225211218,
        0.26803307002365045,
        0.22511373230544005,
        0.13088438766571486
      ],
      "corrections": [
        0,
        0,
        0,
        0,
        0,
        0,
        0,
        0
      ],
      "fallbacks": [
        0,
        0,
        0,
        0,
        0,
        0,
        0,
        0
      ],
      "contact_radius_range_m": [
        0.004667365791263435,
        0.006731065210937808
      ],
      "contact_friction_range": [
        1.0,
        1.0
      ]
    },
    {
      "tick": 690,
      "phase": [
        0.15025041736227046,
        0.08848080133555927,
        0.02671118530884808,
        0.9666110183639399,
        0.9048414023372288,
        0.8430717863105176,
        0.7813021702838063,
        0.7195325542570952
      ],
      "height_m": [
        0.029632817476280243,
        0.02963281747527712,
        0.029625731232595334,
        0.021115397921950052,
        0.14500224136093667,
        0.14890272418189612,
        0.14912706642384282,
        0.14916038847252727
      ],
      "finger_contacts": [
        [
          0,
          0
        ],
        [
          0,
          0
        ],
        [
          0,
          0
        ],
        [
          0,
          0
        ],
        [
          0,
          0
        ],
        [
          1,
          1
        ],
        [
          1,
          1
        ],
        [
          1,
          1
        ]
      ],
      "nonzero_egg_contacts": [
        1,
        1,
        1,
        1,
        0,
        2,
        2,
        2
      ],
      "tangential_force_N": [
        6.572966016242366e-19,
        6.572965590090928e-19,
        8.205340156328737e-19,
        0.021409996074836877,
        0.0,
        0.06436862698938797,
        0.07076743664387526,
        0.06443079325640846
      ],
      "contacts": [
        1,
        1,
        1,
        1,
        0,
        2,
        2,
        2
      ],
      "maximum_stress_Pa": [
        13993.426876047179,
        13289.068458630225,
        14388.860265245106,
        44262.098138635796,
        0.08187025084294476,
        76888.14098115481,
        83395.69664428236,
        10737.506169457609
      ],
      "residual_N": [
        4.7429384653300505e-12,
        4.237613941067931e-12,
        4.0909610356941144e-12,
        1.7200219949302608e-11,
        5.1355817464592273e-17,
        4.314420371016206e-11,
        5.292623913422994e-11,
        7.47343002748314e-12
      ],
      "rhs_N": [
        0.03916303477301787,
        0.03750884274026913,
        0.040110430522735024,
        0.1064789837220228,
        4.2548169073452e-07,
        0.2669490691475492,
        0.289871717272568,
        0.04256384440719766
      ],
      "corrections": [
        0,
        0,
        0,
        0,
        0,
        0,
        0,
        0
      ],
      "fallbacks": [
        0,
        0,
        0,
        0,
        0,
        0,
        0,
        0
      ],
      "contact_radius_range_m": [
        0.004679768730288922,
        0.006818096917036991
      ],
      "contact_friction_range": [
        1.0,
        1.0
      ]
    },
    {
      "tick": 700,
      "phase": [
        0.1669449081803005,
        0.10517529215358933,
        0.04340567612687813,
        0.98330550918197,
        0.9215358931552587,
        0.8597662771285476,
        0.7979966611018364,
        0.7362270450751253
      ],
      "height_m": [
        0.02963281747628023,
        0.029632817476263635,
        0.029632700462981797,
        0.025807477914216583,
        0.07335773383846483,
        0.1489001655099048,
        0.14912345768584767,
        0.14913156577203085
      ],
      "finger_contacts": [
        [
          0,
          0
        ],
        [
          0,
          0
        ],
        [
          0,
          0
        ],
        [
          0,
          0
        ],
        [
          0,
          0
        ],
        [
          1,
          1
        ],
        [
          1,
          1
        ],
        [
          1,
          1
        ]
      ],
      "nonzero_egg_contacts": [
        1,
        1,
        1,
        1,
        0,
        2,
        2,
        2
      ],
      "tangential_force_N": [
        6.572966015436815e-19,
        6.572965590218502e-19,
        8.21607488772396e-19,
        0.01216205329825812,
        0.0,
        0.06436977113116939,
        0.07082299678005967,
        0.06407722343677455
      ],
      "contacts": [
        1,
        1,
        1,
        1,
        0,
        2,
        2,
        2
      ],
      "maximum_stress_Pa": [
        13935.594229563532,
        13196.818278194414,
        14305.64802697933,
        10907.206280102391,
        0.08187013047888993,
        76526.86416935081,
        83473.33361295168,
        17555.54631638901
      ],
      "residual_N": [
        4.285285992440063e-12,
        4.0331851837298636e-12,
        3.952676498290547e-12,
        4.063477070359895e-12,
        5.058025356071258e-17,
        5.184150995155059e-11,
        4.81885375069297e-11,
        1.0337829550197453e-11
      ],
      "rhs_N": [
        0.039024941182152016,
        0.0372964957791142,
        0.03991636865806483,
        0.03038134484942543,
        4.254821109602387e-07,
        0.2656870433313329,
        0.2901836725772611,
        0.06347490640691045
      ],
      "corrections": [
        0,
        0,
        0,
        0,
        0,
        0,
        0,
        0
      ],
      "fallbacks": [
        0,
        0,
        0,
        0,
        0,
        0,
        0,
        0
      ],
      "contact_radius_range_m": [
        0.00470104476476082,
        0.006899630703636476
      ],
      "contact_friction_range": [
        1.0,
        1.0
      ]
    },
    {
      "tick": 710,
      "phase": [
        0.18363939899833057,
        0.12186978297161936,
        0.06010016694490818,
        1.0,
        0.9382303839732888,
        0.8764607679465777,
        0.8146911519198665,
        0.7529215358931552
      ],
      "height_m": [
        0.0295007632373234,
        0.029632817476279993,
        0.02963281553620061,
        0.025423982186266528,
        0.02007015158499363,
        0.14889763529134742,
        0.1491204203021729,
        0.1491262039234455
      ],
      "finger_contacts": [
        [
          2,
          1
        ],
        [
          0,
          0
        ],
        [
          0,
          0
        ],
        [
          0,
          0
        ],
        [
          0,
          0
        ],
        [
          1,
          1
        ],
        [
          1,
          1
        ],
        [
          1,
          1
        ]
      ],
      "nonzero_egg_contacts": [
        4,
        1,
        1,
        1,
        0,
        2,
        2,
        2
      ],
      "tangential_force_N": [
        0.4112328120450838,
        6.572965590216144e-19,
        8.216205741930412e-19,
        0.0005059280000402617,
        0.0,
        0.06437054223735639,
        0.0708390066038033,
        0.0640715473689062
      ],
      "contacts": [
        4,
        1,
        1,
        1,
        1,
        2,
        2,
        2
      ],
      "maximum_stress_Pa": [
        77864.30091665221,
        13112.329604860268,
        14199.59247520954,
        11463.163256308932,
        591.5236781414739,
        76106.18491916025,
        83280.26899290165,
        15810.978512834361
      ],
      "residual_N": [
        4.024455139573515e-11,
        4.26002833173847e-12,
        4.91762118383412e-12,
        4.886304694091597e-12,
        3.7724423544253685e-13,
        4.4800008586455055e-11,
        5.049172125138055e-11,
        9.51623155278489e-12
      ],
      "rhs_N": [
        0.25922725086656095,
        0.037103056216578535,
        0.0396590500282932,
        0.03318579110589629,
        0.002474717503781566,
        0.26426284020308755,
        0.2895514271569986,
        0.057517249907837
      ],
      "corrections": [
        0,
        0,
        0,
        0,
        0,
        0,
        0,
        0
      ],
      "fallbacks": [
        0,
        0,
        0,
        0,
        0,
        0,
        0,
        0
      ],
      "contact_radius_range_m": [
        0.004730960011745042,
        0.0069747702871143045
      ],
      "contact_friction_range": [
        1.0,
        1.0
      ]
    },
    {
      "tick": 720,
      "phase": [
        0.2003338898163606,
        0.13856427378964942,
        0.07679465776293823,
        0.015025041736227046,
        0.9549248747913189,
        0.8931552587646077,
        0.8313856427378965,
        0.7696160267111853
      ],
      "height_m": [
        0.02950222263211836,
        0.029632817476280254,
        0.0296328174441116,
        0.02961953674230479,
        0.026045837152685113,
        0.14889511601979885,
        0.149117682521642,
        0.1491207253531914
      ],
      "finger_contacts": [
        [
          2,
          2
        ],
        [
          0,
          0
        ],
        [
          0,
          0
        ],
        [
          0,
          0
        ],
        [
          0,
          0
        ],
        [
          1,
          1
        ],
        [
          1,
          1
        ],
        [
          1,
          1
        ]
      ],
      "nonzero_egg_contacts": [
        5,
        1,
        1,
        1,
        1,
        2,
        2,
        2
      ],
      "tangential_force_N": [
        0.15131774582673213,
        6.572965590215916e-19,
        8.216207220027204e-19,
        4.91511095076862e-19,
        0.006894738427509244,
        0.06437093254913735,
        0.07085188232336687,
        0.06448424425959298
      ],
      "contacts": [
        5,
        1,
        1,
        1,
        1,
        2,
        2,
        2
      ],
      "maximum_stress_Pa": [
        68313.20279352824,
        13036.159591322566,
        14098.05174904235,
        13356.513564557737,
        9048.979683151667,
        75631.04615756599,
        83019.10587095523,
        77220.50590146551
      ],
      "residual_N": [
        3.5955876697860496e-11,
        3.914177681954311e-12,
        4.028807587998484e-12,
        4.183429409778916e-12,
        3.748863041341367e-12,
        6.687679251715753e-11,
        4.343082416159225e-11,
        4.6384927810931845e-11
      ],
      "rhs_N": [
        0.2253973194421714,
        0.03692949132689145,
        0.03941402847887827,
        0.037640590338722996,
        0.021746241330238576,
        0.26269484441800284,
        0.28868556917798266,
        0.26805035049456555
      ],
      "corrections": [
        0,
        0,
        0,
        0,
        0,
        0,
        0,
        0
      ],
      "fallbacks": [
        0,
        0,
        0,
        0,
        0,
        0,
        0,
        0
      ],
      "contact_radius_range_m": [
        0.00476918561927681,
        0.007042689673967162
      ],
      "contact_friction_range": [
        1.0,
        1.0
      ]
    },
    {
      "tick": 730,
      "phase": [
        0.21702838063439064,
        0.15525876460767948,
        0.09348914858096828,
        0.03171953255425709,
        0.9716193656093489,
        0.9098497495826378,
        0.8480801335559266,
        0.7863105175292154
      ],
      "height_m": [
        0.029503673889906108,
        0.029632817476280264,
        0.029632817475746878,
        0.02963259896254991,
        0.020343215137769363,
        0.1341880814615357,
        0.14911507831180856,
        0.14911652003076095
      ],
      "finger_contacts": [
        [
          2,
          2
        ],
        [
          0,
          0
        ],
        [
          0,
          0
        ],
        [
          0,
          0
        ],
        [
          0,
          0
        ],
        [
          0,
          0
        ],
        [
          1,
          1
        ],
        [
          1,
          1
        ]
      ],
      "nonzero_egg_contacts": [
        5,
        1,
        1,
        1,
        1,
        0,
        2,
        2
      ],
      "tangential_force_N": [
        0.13059977371213483,
        6.572965590308018e-19,
        8.216207233089656e-19,
        4.929542226642989e-19,
        0.02078257184253668,
        0.0,
        0.07086480001254641,
        0.06450762755590375
      ],
      "contacts": [
        5,
        1,
        1,
        1,
        1,
        0,
        2,
        2
      ],
      "maximum_stress_Pa": [
        67430.91210438967,
        12969.115389400775,
        14002.614734135965,
        13286.60428997227,
        37037.40270692401,
        0.02727611610787349,
        82736.31714516298,
        78811.53041025999
      ],
      "residual_N": [
        4.1816038747214915e-11,
        3.671032390881386e-12,
        5.053057528246583e-12,
        4.3639477122517405e-12,
        1.3965808880530662e-11,
        1.8600999183809047e-17,
        4.762691945669557e-11,
        5.033423157049559e-11
      ],
      "rhs_N": [
        0.22376458733332585,
        0.036777368368530704,
        0.039185016137791205,
        0.03750276407839398,
        0.08399520647053345,
        1.0626113722210774e-07,
        0.2876455708643887,
        0.27368345110814263
      ],
      "corrections": [
        0,
        0,
        0,
        0,
        0,
        0,
        0,
        0
      ],
      "fallbacks": [
        0,
        0,
        0,
        0,
        0,
        0,
        0,
        0
      ],
      "contact_radius_range_m": [
        0.004815301381360561,
        0.007102642240781754
      ],
      "contact_friction_range": [
        1.0,
        1.0
      ]
    },
    {
      "tick": 740,
      "phase": [
        0.2337228714524207,
        0.17195325542570952,
        0.11018363939899833,
        0.048414023372287146,
        0.988313856427379,
        0.9265442404006679,
        0.8647746243739566,
        0.8030050083472454
      ],
      "height_m": [
        0.02950496994618421,
        0.029632817476280257,
        0.029632817476271427,
        0.029632813853539088,
        0.027045510851045642,
        0.03339795500745412,
        0.14911252904117114,
        0.14911308411955135
      ],
      "finger_contacts": [
        [
          2,
          2
        ],
        [
          0,
          0
        ],
        [
          0,
          0
        ],
        [
          0,
          0
        ],
        [
          0,
          0
        ],
        [
          0,
          0
        ],
        [
          1,
          1
        ],
        [
          1,
          1
        ]
      ],
      "nonzero_egg_contacts": [
        5,
        1,
        1,
        1,
        1,
        0,
        2,
        2
      ],
      "tangential_force_N": [
        0.12166027058025161,
        6.572965590039462e-19,
        8.216207233116447e-19,
        4.929722195357499e-19,
        0.01005960184903363,
        0.0,
        0.07087878806726565,
        0.06451000582394366
      ],
      "contacts": [
        5,
        1,
        1,
        1,
        1,
        0,
        2,
        2
      ],
      "maximum_stress_Pa": [
        66607.92072315724,
        12911.871215875615,
        13914.353809211088,
        13173.34020831604,
        11523.209473946868,
        0.027274465853098995,
        82409.43969465319,
        78730.20886405552
      ],
      "residual_N": [
        3.927439969214704e-11,
        4.816541515696997e-12,
        4.286144876232592e-12,
        4.120114377068275e-12,
        4.731384101689918e-12,
        1.7993725303965297e-17,
        4.2566316449416656e-11,
        4.942636340201327e-11
      ],
      "rhs_N": [
        0.22271157893579868,
        0.036647974168605,
        0.03897433916917195,
        0.0372426331996804,
        0.0325253840924426,
        1.0626119833701681e-07,
        0.28644907167062905,
        0.2734459056742961
      ],
      "corrections": [
        0,
        0,
        0,
        0,
        0,
        0,
        0,
        0
      ],
      "fallbacks": [
        0,
        0,
        0,
        0,
        0,
        0,
        0,
        0
      ],
      "contact_radius_range_m": [
        0.004868800357205323,
        0.007153968941707627
      ],
      "contact_friction_range": [
        1.0,
        1.0
      ]
    },
    {
      "tick": 750,
      "phase": [
        0.25041736227045075,
        0.18864774624373956,
        0.12687813021702837,
        0.0651085141903172,
        0.00333889816360601,
        0.9432387312186978,
        0.8814691151919867,
        0.8196994991652755
      ],
      "height_m": [
        0.02950618492370879,
        0.02927417450834963,
        0.029632817476280104,
        0.029632817416211266,
        0.029614319427745988,
        0.02693270973757658,
        0.14911000132842359,
        0.14911015153810905
      ],
      "finger_contacts": [
        [
          2,
          2
        ],
        [
          5,
          3
        ],
        [
          0,
          0
        ],
        [
          0,
          0
        ],
        [
          0,
          0
        ],
        [
          0,
          0
        ],
        [
          1,
          1
        ],
        [
          1,
          1
        ]
      ],
      "nonzero_egg_contacts": [
        5,
        9,
        1,
        1,
        1,
        1,
        2,
        2
      ],
      "tangential_force_N": [
        0.11542849424438607,
        0.2342447458531788,
        8.216207232325786e-19,
        4.929724403023333e-19,
        1.890485475152915e-18,
        0.010604451585736942,
        0.07089432443822559,
        0.06451160617884284
      ],
      "contacts": [
        5,
        9,
        1,
        1,
        1,
        1,
        2,
        2
      ],
      "maximum_stress_Pa": [
        65980.86446088173,
        71183.56473102666,
        13834.174892156572,
        13063.739488803109,
        39660.11426500956,
        10991.806089837844,
        82030.7318251187,
        78491.49087022625
      ],
      "residual_N": [
        3.177208801665891e-11,
        3.144699680599612e-11,
        4.272144186018693e-12,
        3.894071073660606e-12,
        1.393085250576073e-11,
        5.509857321221587e-12,
        4.701233641699349e-11,
        4.683163102276515e-11
      ],
      "rhs_N": [
        0.2220373388051535,
        0.23983541987180754,
        0.03878389054109137,
        0.036992246293594266,
        0.11125926677918112,
        0.030825619606861008,
        0.28511279524709454,
        0.27267170235660415
      ],
      "corrections": [
        0,
        0,
        0,
        0,
        0,
        0,
        0,
        0
      ],
      "fallbacks": [
        0,
        0,
        0,
        0,
        0,
        0,
        0,
        0
      ],
      "contact_radius_range_m": [
        0.0049290944439173015,
        0.007196105553208408
      ],
      "contact_friction_range": [
        1.0,
        1.0
      ]
    },
    {
      "tick": 760,
      "phase": [
        0.2671118530884808,
        0.20534223706176963,
        0.14357262103505844,
        0.08180300500834725,
        0.02003338898163606,
        0.9599332220367279,
        0.8981636060100168,
        0.8363939899833055
      ],
      "height_m": [
        0.029507364663637455,
        0.029282489916333285,
        0.02963281747628026,
        0.02963281747528426,
        0.029632386540338063,
        0.024814244709032787,
        0.14910748183550068,
        0.14910746439917355
      ],
      "finger_contacts": [
        [
          2,
          2
        ],
        [
          5,
          3
        ],
        [
          0,
          0
        ],
        [
          0,
          0
        ],
        [
          0,
          0
        ],
        [
          0,
          0
        ],
        [
          1,
          1
        ],
        [
          1,
          1
        ]
      ],
      "nonzero_egg_contacts": [
        5,
        9,
        1,
        1,
        1,
        1,
        2,
        2
      ],
      "tangential_force_N": [
        0.11059993173601428,
        0.21808726694381664,
        8.216207233294691e-19,
        4.929724426804149e-19,
        6.572399388704372e-19,
        0.013060308014955748,
        0.0709111436059051,
        0.06451325344726189
      ],
      "contacts": [
        5,
        9,
        1,
        1,
        1,
        1,
        2,
        2
      ],
      "maximum_stress_Pa": [
        65476.45394079253,
        69863.15698367602,
        13762.800474730655,
        12959.409515070405,
        13655.88661527675,
        10817.713450509551,
        81606.84035076643,
        78186.68182609718
      ],
      "residual_N": [
        3.807881898011311e-11,
        3.7842950375625785e-11,
        3.916070540788721e-12,
        4.210356775607447e-12,
        5.009408952108088e-12,
        3.965718576064685e-12,
        4.853181068308301e-11,
        4.637553660935552e-11
      ],
      "rhs_N": [
        0.22162628551934926,
        0.23215304764818048,
        0.038615081475994406,
        0.036755396790213724,
        0.038362592737955274,
        0.03046072008402734,
        0.28365458931040355,
        0.27167683720796193
      ],
      "corrections": [
        0,
        0,
        0,
        0,
        0,
        0,
        0,
        0
      ],
      "fallbacks": [
        0,
        0,
        0,
        0,
        0,
        0,
        0,
        0
      ],
      "contact_radius_range_m": [
        0.00499552084139025,
        0.007228588876451466
      ],
      "contact_friction_range": [
        1.0,
        1.0
      ]
    },
    {
      "tick": 770,
      "phase": [
        0.2838063439065109,
        0.22203672787979967,
        0.16026711185308848,
        0.0984974958263773,
        0.03672787979966611,
        0.9766277128547579,
        0.9148580968280468,
        0.8530884808013356
      ],
      "height_m": [
        0.029508524452616647,
        0.029286604771667564,
        0.029632817476280247,
        0.029632817476263753,
        0.029632810332676115,
        0.02092860956208516,
        0.11444088144512313,
        0.149104883074695
      ],
      "finger_contacts": [
        [
          2,
          2
        ],
        [
          5,
          3
        ],
        [
          0,
          0
        ],
        [
          0,
          0
        ],
        [
          0,
          0
        ],
        [
          0,
          0
        ],
        [
          0,
          0
        ],
        [
          1,
          1
        ]
      ],
      "nonzero_egg_contacts": [
        5,
        9,
        1,
        1,
        1,
        1,
        0,
        2
      ],
      "tangential_force_N": [
        0.10671523707668977,
        0.20291934263030326,
        8.216207233113857e-19,
        4.92972442698603e-19,
        6.572959314441786e-19,
        0.02480057270136971,
        0.0,
        0.0645147142083179
      ],
      "contacts": [
        5,
        9,
        1,
        1,
        1,
        1,
        0,
        2
      ],
      "maximum_stress_Pa": [
        65067.640875143,
        68859.97426626585,
        13700.732423672196,
        12861.519704019773,
        13541.221716893933,
        32402.3392940049,
        0.03727989657558696,
        77843.00596338598
      ],
      "residual_N": [
        3.992129557718436e-11,
        3.468761555536249e-11,
        4.049367099058114e-12,
        4.249856097875383e-12,
        4.0308017463380225e-12,
        1.2866854023256454e-11,
        2.531930790123446e-17,
        3.637644604083547e-11
      ],
      "rhs_N": [
        0.22142781426569835,
        0.229092314614688,
        0.038468765568831984,
        0.03653454373280498,
        0.038094608922983934,
        0.0746007051885675,
        1.8578919683383116e-07,
        0.27049572214085776
      ],
      "corrections": [
        0,
        0,
        0,
        0,
        0,
        0,
        0,
        0
      ],
      "fallbacks": [
        0,
        0,
        0,
        0,
        0,
        0,
        0,
        0
      ],
      "contact_radius_range_m": [
        0.005684788514973289,
        0.007251061829154427
      ],
      "contact_friction_range": [
        1.0,
        1.0
      ]
    },
    {
      "tick": 780,
      "phase": [
        0.3005008347245409,
        0.23873121869782973,
        0.17696160267111855,
        0.11519198664440734,
        0.05342237061769616,
        0.993322203672788,
        0.9315525876460768,
        0.8697829716193657
      ],
      "height_m": [
        0.02950980175738069,
        0.029289437383898217,
        0.029632817476280278,
        0.029632817476279997,
        0.029632817357831756,
        0.02353978033541092,
        0.02315045491531556,
        0.1491023444710833
      ],
      "finger_contacts": [
        [
          2,
          2
        ],
        [
          5,
          3
        ],
        [
          0,
          0
        ],
        [
          0,
          0
        ],
        [
          0,
          0
        ],
        [
          0,
          0
        ],
        [
          0,
          0
        ],
        [
          1,
          1
        ]
      ],
      "nonzero_egg_contacts": [
        5,
        9,
        1,
        1,
        1,
        1,
        1,
        2
      ],
      "tangential_force_N": [
        0.10346979907321854,
        0.19267823140221813,
        8.21620723311378e-19,
        4.929724426985681e-19,
        6.572966548233388e-19,
        0.01717607338242893,
        0.0014153466408288913,
        0.06451591719420308
      ],
      "contacts": [
        5,
        9,
        1,
        1,
        1,
        1,
        1,
        2
      ],
      "maximum_stress_Pa": [
        64732.37771687812,
        67903.7117826571,
        13648.42405491748,
        12771.056592980489,
        13429.279893651912,
        13621.359409454628,
        3650.293982947014,
        77455.00256049361
      ],
      "residual_N": [
        4.0161047754673873e-11,
        3.397065105767114e-11,
        4.822469025832796e-12,
        4.0684561329584945e-12,
        3.624390159611938e-12,
        4.8697376130942154e-12,
        1.9222620475438664e-12,
        4.834039809929598e-11
      ],
      "rhs_N": [
        0.22138851115717817,
        0.22698515490965382,
        0.0383457732075109,
        0.03633165893186069,
        0.03783368991836708,
        0.03137410620193273,
        0.010116362313789031,
        0.26914688627951416
      ],
      "corrections": [
        0,
        0,
        0,
        0,
        0,
        0,
        0,
        0
      ],
      "fallbacks": [
        0,
        0,
        0,
        0,
        0,
        0,
        0,
        0
      ],
      "contact_radius_range_m": [
        0.005143790339294622,
        0.007280783180583899
      ],
      "contact_friction_range": [
        1.0,
        1.0
      ]
    },
    {
      "tick": 790,
      "phase": [
        0.31719532554257096,
        0.2554257095158598,
        0.19365609348914858,
        0.1318864774624374,
        0.07011686143572621,
        0.008347245409015025,
        0.9482470784641068,
        0.8864774624373957
      ],
      "height_m": [
        0.030229398024282542,
        0.029291862129136516,
        0.02950892147156532,
        0.029632817476280278,
        0.02963281747431626,
        0.02899003162985983,
        0.027644966981963465,
        0.1490998224512222
      ],
      "finger_contacts": [
        [
          2,
          2
        ],
        [
          5,
          3
        ],
        [
          3,
          2
        ],
        [
          0,
          0
        ],
        [
          0,
          0
        ],
        [
          0,
          0
        ],
        [
          0,
          0
        ],
        [
          1,
          1
        ]
      ],
      "nonzero_egg_contacts": [
        4,
        9,
        6,
        1,
        1,
        1,
        1,
        2
      ],
      "tangential_force_N": [
        0.09506904691895882,
        0.18423636312577998,
        0.24022612505555693,
        4.929724427343976e-19,
        6.572966634457305e-19,
        6.202228070490269e-19,
        0.014277645918911931,
        0.06451687793869393
      ],
      "contacts": [
        4,
        9,
        6,
        1,
        1,
        1,
        1,
        2
      ],
      "maximum_stress_Pa": [
        61601.3493637477,
        67028.53027045561,
        66465.26541519404,
        12688.813942472003,
        13322.79803157303,
        12159.521316317334,
        23686.0166737355,
        77012.61234595963
      ],
      "residual_N": [
        3.002788227168949e-11,
        3.984373966683897e-11,
        3.1348940275310816e-11,
        4.711786037142968e-12,
        3.4839030150550093e-12,
        3.4350987685471058e-12,
        8.495330581465699e-12,
        3.8830454914209364e-11
      ],
      "rhs_N": [
        0.21428735468311644,
        0.2253328889213249,
        0.2204705659338302,
        0.03614823100667211,
        0.03758676976539504,
        0.034272269247883395,
        0.06481702161150465,
        0.26765078489177074
      ],
      "corrections": [
        0,
        0,
        0,
        0,
        0,
        0,
        0,
        0
      ],
      "fallbacks": [
        0,
        0,
        0,
        0,
        0,
        0,
        0,
        0
      ],
      "contact_radius_range_m": [
        0.005224003544585026,
        0.007355107159713577
      ],
      "contact_friction_range": [
        1.0,
        1.0
      ]
    },
    {
      "tick": 800,
      "phase": [
        0.333889816360601,
        0.27212020033388984,
        0.21035058430717865,
        0.14858096828046746,
        0.08681135225375626,
        0.025041736227045076,
        0.9649415692821369,
        0.9031719532554258
      ],
      "height_m": [
        0.03382624268519927,
        0.029294277545771113,
        0.02950946626293686,
        0.029632817476280233,
        0.029632817476247703,
        0.029623020341174085,
        0.02435317555195999,
        0.14724150175875458
      ],
      "finger_contacts": [
        [
          2,
          2
        ],
        [
          3,
          3
        ],
        [
          3,
          3
        ],
        [
          0,
          0
        ],
        [
          0,
          0
        ],
        [
          0,
          0
        ],
        [
          0,
          0
        ],
        [
          1,
          1
        ]
      ],
      "nonzero_egg_contacts": [
        4,
        7,
        7,
        1,
        1,
        1,
        1,
        2
      ],
      "tangential_force_N": [
        0.09473256354912948,
        0.2817299295322591,
        0.14438046221354858,
        4.929724426985248e-19,
        6.572966635328022e-19,
        6.560530693926934e-19,
        0.01242842280218065,
        0.02216275878134418
      ],
      "contacts": [
        4,
        7,
        7,
        1,
        1,
        1,
        1,
        2
      ],
      "maximum_stress_Pa": [
        61800.20446640049,
        74162.92833982946,
        66689.94058218312,
        12615.591922385769,
        13222.523013376125,
        13239.839735664595,
        11542.853095558388,
        3535.861520143427
      ],
      "residual_N": [
        2.989771430120172e-11,
        3.3531086215418834e-11,
        3.561625681410713e-11,
        3.920246704545073e-12,
        3.450664274133269e-12,
        4.156213411546628e-12,
        3.776501033466103e-12,
        2.118205033713054e-12
      ],
      "rhs_N": [
        0.21485770812348534,
        0.23289528068983464,
        0.21527933132867494,
        0.035985785117161904,
        0.03735554800268135,
        0.03737715378293718,
        0.03200343115264227,
        0.014063589832673013
      ],
      "corrections": [
        0,
        0,
        0,
        0,
        0,
        0,
        0,
        0
      ],
      "fallbacks": [
        0,
        0,
        0,
        0,
        0,
        0,
        0,
        0
      ],
      "contact_radius_range_m": [
        0.005307107187445925,
        0.007421382284802667
      ],
      "contact_friction_range": [
        1.0,
        1.0
      ]
    },
    {
      "tick": 810,
      "phase": [
        0.35058430717863104,
        0.2888146911519199,
        0.2270450751252087,
        0.1652754590984975,
        0.10350584307178631,
        0.041736227045075125,
        0.981636060100167,
        0.9198664440734557
      ],
      "height_m": [
        0.04087030647824215,
        0.02929665091904474,
        0.029510521514634992,
        0.029632817476280257,
        0.029632817476279733,
        0.02963265595353357,
        0.02102966877667379,
        0.08570162105144022
      ],
      "finger_contacts": [
        [
          2,
          2
        ],
        [
          3,
          3
        ],
        [
          3,
          3
        ],
        [
          0,
          0
        ],
        [
          0,
          0
        ],
        [
          0,
          0
        ],
        [
          0,
          0
        ],
        [
          0,
          0
        ]
      ],
      "nonzero_egg_contacts": [
        4,
        7,
        7,
        1,
        1,
        1,
        1,
        0
      ],
      "tangential_force_N": [
        0.0947882825976845,
        0.23054446282557406,
        0.1283830012225543,
        4.929724426896954e-19,
        6.572966635333245e-19,
        6.5728159260921415e-19,
        0.02452458247228385,
        0.0
      ],
      "contacts": [
        4,
        7,
        7,
        1,
        1,
        1,
        1,
        0
      ],
      "maximum_stress_Pa": [
        62006.227254517486,
        71748.36866534158,
        66016.58812833847,
        12552.177415116706,
        13129.166679844106,
        13158.486719633202,
        35534.86972086226,
        0.019096806880469438
      ],
      "residual_N": [
        3.4522951133384274e-11,
        3.5539490473453216e-11,
        3.4256567121411e-11,
        4.092646050766912e-12,
        4.609856722465891e-12,
        3.717187352951023e-12,
        9.965036625785447e-12,
        1.3406252131392285e-17
      ],
      "rhs_N": [
        0.2153883497676353,
        0.22688450094607124,
        0.21403707376034442,
        0.035845768984118835,
        0.03714152670012479,
        0.03720830991339747,
        0.08110213442351001,
        7.688875885702209e-08
      ],
      "corrections": [
        0,
        0,
        0,
        0,
        0,
        0,
        0,
        0
      ],
      "fallbacks": [
        0,
        0,
        0,
        0,
        0,
        0,
        0,
        0
      ],
      "contact_radius_range_m": [
        0.005392187727158462,
        0.007478880007458683
      ],
      "contact_friction_range": [
        1.0,
        1.0
      ]
    },
    {
      "tick": 820,
      "phase": [
        0.36727879799666113,
        0.3055091819699499,
        0.24373956594323873,
        0.18196994991652754,
        0.12020033388981637,
        0.05843071786310518,
        0.998330550918197,
        0.9365609348914858
      ],
      "height_m": [
        0.05096387839409426,
        0.029329010748619565,
        0.029511607435246928,
        0.02931312349462486,
        0.029632817476280236,
        0.029632814798303944,
        0.022513408555047743,
        0.026785407645573116
      ],
      "finger_contacts": [
        [
          2,
          2
        ],
        [
          3,
          3
        ],
        [
          3,
          3
        ],
        [
          0,
          2
        ],
        [
          0,
          0
        ],
        [
          0,
          0
        ],
        [
          0,
          0
        ],
        [
          0,
          0
        ]
      ],
      "nonzero_egg_contacts": [
        4,
        7,
        7,
        3,
        1,
        1,
        1,
        1
      ],
      "tangential_force_N": [
        0.09491769046053425,
        0.2124528270756187,
        0.11951922444723016,
        0.37538031012826867,
        6.572966634799576e-19,
        6.572965108699099e-19,
        0.018291741519029837,
        0.0035852641719944017
      ],
      "contacts": [
        4,
        7,
        7,
        3,
        1,
        1,
        1,
        1
      ],
      "maximum_stress_Pa": [
        62243.942768931185,
        69975.12925594278,
        65285.64102285746,
        67494.31305205342,
        13043.26613133218,
        13047.007510630438,
        14710.393408397618,
        9425.376766160662
      ],
      "residual_N": [
        4.160089919766996e-11,
        3.901668120675912e-11,
        3.05164596532023e-11,
        2.734360740054852e-11,
        5.288916337343421e-12,
        4.021890783195346e-12,
        4.390357377688033e-12,
        4.932740310956473e-12
      ],
      "rhs_N": [
        0.21598017831155508,
        0.21834383384550443,
        0.2129414854115052,
        0.23377350979948677,
        0.03694565169643444,
        0.036954157281478044,
        0.03269936528110568,
        0.02646318197267727
      ],
      "corrections": [
        0,
        0,
        0,
        0,
        0,
        0,
        0,
        0
      ],
      "fallbacks": [
        0,
        0,
        0,
        0,
        0,
        0,
        0,
        0
      ],
      "contact_radius_range_m": [
        0.005478309891396009,
        0.007526968267412307
      ],
      "contact_friction_range": [
        1.0,
        1.0
      ]
    },
    {
      "tick": 830,
      "phase": [
        0.38397328881469117,
        0.32220367278797996,
        0.2604340567612688,
        0.1986644407345576,
        0.13689482470784642,
        0.07512520868113523,
        0.01335559265442404,
        0.9532554257095159
      ],
      "height_m": [
        0.06340011391257332,
        0.03073239950345786,
        0.02951262529208023,
        0.029327455510038427,
        0.029632817476280233,
        0.02963281743187647,
        0.029485398410360644,
        0.02785427274745839
      ],
      "finger_contacts": [
        [
          2,
          2
        ],
        [
          3,
          3
        ],
        [
          3,
          3
        ],
        [
          2,
          3
        ],
        [
          0,
          0
        ],
        [
          0,
          0
        ],
        [
          0,
          0
        ],
        [
          0,
          0
        ]
      ],
      "nonzero_egg_contacts": [
        4,
        6,
        7,
        6,
        1,
        1,
        1,
        1
      ],
      "tangential_force_N": [
        0.09511900714071525,
        0.14460466601532465,
        0.1124694667031834,
        0.2807344420541661,
        6.572966635148861e-19,
        6.572966818005662e-19,
        6.353876883746791e-19,
        0.007241251758756761
      ],
      "contacts": [
        4,
        6,
        7,
        6,
        1,
        1,
        1,
        1
      ],
      "maximum_stress_Pa": [
        62516.28020899249,
        59951.0419092342,
        64648.24284013742,
        72603.94376176676,
        12965.702144595769,
        12939.868489198348,
        14222.366386157208,
        12352.958323071824
      ],
      "residual_N": [
        3.248706439684821e-11,
        3.714717443014781e-11,
        3.138433712082415e-11,
        4.4666701158102315e-11,
        4.473294579939583e-12,
        3.572015021195129e-12,
        4.157000780628873e-12,
        5.0594818452698885e-12
      ],
      "rhs_N": [
        0.21663718401297283,
        0.18762367752912015,
        0.21213133665540052,
        0.23183054206180223,
        0.03676964016058901,
        0.03671120110981397,
        0.039526596939359664,
        0.03456895918731009
      ],
      "corrections": [
        0,
        0,
        0,
        0,
        0,
        0,
        0,
        0
      ],
      "fallbacks": [
        0,
        0,
        0,
        0,
        0,
        0,
        0,
        0
      ],
      "contact_radius_range_m": [
        0.005555928030879915,
        0.007565118440621867
      ],
      "contact_friction_range": [
        1.0,
        1.0
      ]
    },
    {
      "tick": 840,
      "phase": [
        0.4006677796327212,
        0.33889816360601005,
        0.27712854757929883,
        0.21535893155258765,
        0.15358931552587646,
        0.09181969949916528,
        0.03005008347245409,
        0.9699499165275459
      ],
      "height_m": [
        0.07736962738288637,
        0.0353652269744556,
        0.029513592556110958,
        0.029331111487051507,
        0.029632817476280222,
        0.029632817475544006,
        0.029630561873851897,
        0.02445565328592128
      ],
      "finger_contacts": [
        [
          2,
          2
        ],
        [
          3,
          3
        ],
        [
          3,
          3
        ],
        [
          2,
          3
        ],
        [
          0,
          0
        ],
        [
          0,
          0
        ],
        [
          0,
          0
        ],
        [
          0,
          0
        ]
      ],
      "nonzero_egg_contacts": [
        4,
        6,
        7,
        6,
        1,
        1,
        1,
        1
      ],
      "tangential_force_N": [
        0.09526756454896812,
        0.10829133243406502,
        0.10685874024013282,
        0.2207618741463298,
        6.572966634260015e-19,
        6.572966833708163e-19,
        6.570379114854193e-19,
        0.0067517071653961855
      ],
      "contacts": [
        4,
        6,
        7,
        6,
        1,
        1,
        1,
        1
      ],
      "maximum_stress_Pa": [
        62821.765040843275,
        58579.35197599504,
        64130.08727641048,
        70377.11705151427,
        12897.272189883823,
        12838.787256854366,
        14706.371201282309,
        12228.042746746327
      ],
      "residual_N": [
        3.3148868590084136e-11,
        2.7499753530253315e-11,
        3.853673476243068e-11,
        3.510062287888133e-11,
        4.595009141536176e-12,
        4.028369330114888e-12,
        4.822009857842074e-12,
        3.368370890572691e-12
      ],
      "rhs_N": [
        0.21735174576344526,
        0.1844978512435004,
        0.21160612886648014,
        0.22590143439955002,
        0.03661504880135458,
        0.036483451188899216,
        0.04090143859017324,
        0.03277603752266823
      ],
      "corrections": [
        0,
        0,
        0,
        0,
        0,
        0,
        0,
        0
      ],
      "fallbacks": [
        0,
        0,
        0,
        0,
        0,
        0,
        0,
        0
      ],
      "contact_radius_range_m": [
        0.0056414199829249575,
        0.007592911150325308
      ],
      "contact_friction_range": [
        1.0,
        1.0
      ]
    },
    {
      "tick": 850,
      "phase": [
        0.41736227045075125,
        0.3555926544240401,
        0.2938230383973289,
        0.2320534223706177,
        0.17028380634390652,
        0.10851419031719532,
        0.04674457429048414,
        0.986644407345576
      ],
      "height_m": [
        0.09202901580182526,
        0.04338520733813388,
        0.02951452446290568,
        0.029333912000176467,
        0.029632817476280236,
        0.029632817476268062,
        0.029632780125093572,
        0.021267518093568222
      ],
      "finger_contacts": [
        [
          2,
          2
        ],
        [
          3,
          3
        ],
        [
          3,
          3
        ],
        [
          2,
          3
        ],
        [
          0,
          0
        ],
        [
          0,
          0
        ],
        [
          0,
          0
        ],
        [
          0,
          0
        ]
      ],
      "nonzero_egg_contacts": [
        4,
        6,
        7,
        6,
        1,
        1,
        1,
        1
      ],
      "tangential_force_N": [
        0.09522363278905246,
        0.08739452540109371,
        0.10236487397683457,
        0.2043131098944992,
        6.572966635333442e-19,
        6.572966833759467e-19,
        6.572935123991094e-19,
        0.004558467823276986
      ],
      "contacts": [
        4,
        6,
        7,
        6,
        1,
        1,
        1,
        1
      ],
      "maximum_stress_Pa": [
        63157.108109266155,
        57733.48945861605,
        63715.92164009033,
        69100.1155979,
        12838.663166174823,
        12744.740016871261,
        14610.36885354975,
        12134.501607157727
      ],
      "residual_N": [
        3.361486226313244e-11,
        2.6485367206698743e-11,
        3.0402440791294486e-11,
        4.091892600940432e-11,
        4.1559555918205e-12,
        3.910329811852986e-12,
        4.561243847740597e-12,
        3.879622919613308e-12
      ],
      "rhs_N": [
        0.21811621861040037,
        0.1828735808972279,
        0.2113199340284388,
        0.22331389981105002,
        0.03648317249211988,
        0.036272857229088,
        0.040665269644012805,
        0.02799620872081231
      ],
      "corrections": [
        0,
        0,
        0,
        0,
        0,
        0,
        0,
        0
      ],
      "fallbacks": [
        0,
        0,
        0,
        0,
        0,
        0,
        0,
        0
      ],
      "contact_radius_range_m": [
        0.0057252138021720205,
        0.007610040877159967
      ],
      "contact_friction_range": [
        1.0,
        1.0
      ]
    },
    {
      "tick": 860,
      "phase": [
        0.4340567612687813,
        0.3722871452420701,
        0.31051752921535897,
        0.24874791318864775,
        0.18697829716193656,
        0.12520868113522537,
        0.06343906510851419,
        0.001669449081803005
      ],
      "height_m": [
        0.10652789073432188,
        0.0542619552325429,
        0.029697867370753004,
        0.029336461918330406,
        0.029502701250013974,
        0.029632817476280042,
        0.029632816856969023,
        0.030412888609004353
      ],
      "finger_contacts": [
        [
          2,
          2
        ],
        [
          3,
          3
        ],
        [
          3,
          3
        ],
        [
          2,
          3
        ],
        [
          2,
          1
        ],
        [
          0,
          0
        ],
        [
          0,
          0
        ],
        [
          0,
          0
        ]
      ],
      "nonzero_egg_contacts": [
        4,
        6,
        7,
        6,
        4,
        1,
        1,
        0
      ],
      "tangential_force_N": [
        0.09491523694930186,
        0.07945951158327691,
        0.14052554223459962,
        0.19384632718260472,
        0.18486630847543156,
        6.572966833238507e-19,
        6.57296643998482e-19,
        0.0
      ],
      "contacts": [
        4,
        6,
        7,
        6,
        4,
        1,
        1,
        0
      ],
      "maximum_stress_Pa": [
        63518.6542779606,
        57126.14097647182,
        61494.80648690214,
        68234.15021549254,
        65339.69730458896,
        12658.582352871023,
        14508.87703897403,
        0.0
      ],
      "residual_N": [
        3.492430437462663e-11,
        2.591449518579206e-11,
        3.352004921321623e-11,
        3.103223965452787e-11,
        4.4528551788839696e-11,
        4.135506702112597e-12,
        4.622255326494791e-12,
        0.0
      ],
      "rhs_N": [
        0.21892892845410988,
        0.18205407329311626,
        0.20476718476659156,
        0.22136755392263058,
        0.2369835996447541,
        0.03608106080540995,
        0.04041443982943696,
        0.0
      ],
      "corrections": [
        0,
        0,
        0,
        0,
        0,
        0,
        0,
        0
      ],
      "fallbacks": [
        0,
        0,
        0,
        0,
        0,
        0,
        0,
        0
      ],
      "contact_radius_range_m": [
        0.0058063883609396245,
        0.007616319317672138
      ],
      "contact_friction_range": [
        1.0,
        1.0
      ]
    },
    {
      "tick": 870,
      "phase": [
        0.4507512520868114,
        0.38898163606010017,
        0.327212020033389,
        0.2654424040066778,
        0.20367278797996663,
        0.14190317195325544,
        0.08013355592654424,
        0.018363939899833055
      ],
      "height_m": [
        0.12002297543301287,
        0.06724516429235354,
        0.0319757454571976,
        0.02933890743033815,
        0.02950468676707305,
        0.029632817476280257,
        0.029632817466011395,
        0.02958442078443405
      ],
      "finger_contacts": [
        [
          2,
          2
        ],
        [
          3,
          3
        ],
        [
          3,
          3
        ],
        [
          2,
          3
        ],
        [
          2,
          1
        ],
        [
          0,
          0
        ],
        [
          0,
          0
        ],
        [
          0,
          0
        ]
      ],
      "nonzero_egg_contacts": [
        4,
        6,
        6,
        6,
        4,
        1,
        1,
        1
      ],
      "tangential_force_N": [
        0.09437076294766354,
        0.08739145879498947,
        0.09077026891703813,
        0.18495450065752966,
        0.12103566975146463,
        6.572966833758552e-19,
        6.572966782848987e-19,
        6.496476747917342e-19
      ],
      "contacts": [
        4,
        6,
        6,
        6,
        4,
        1,
        1,
        1
      ],
      "maximum_stress_Pa": [
        63901.58806625665,
        56682.179179170984,
        59923.04063959291,
        67416.22611542279,
        63446.46515785867,
        12581.169165367131,
        14411.585245480397,
        13378.174840673839
      ],
      "residual_N": [
        3.129785602484337e-11,
        2.551771043560515e-11,
        3.1935138834759945e-11,
        3.862381633373983e-11,
        3.873394568145951e-11,
        4.0432441887322815e-12,
        4.6022253834577e-12,
        4.201110029450614e-12
      ],
      "rhs_N": [
        0.21979103400610395,
        0.18175578422271435,
        0.2032243819276063,
        0.21982168060015825,
        0.2311544777569107,
        0.035909703662192025,
        0.04017533238886677,
        0.03761920522394906
      ],
      "corrections": [
        0,
        0,
        0,
        0,
        0,
        0,
        0,
        0
      ],
      "fallbacks": [
        0,
        0,
        0,
        0,
        0,
        0,
        0,
        0
      ],
      "contact_radius_range_m": [
        0.005800482257425115,
        0.007611677454296992
      ],
      "contact_friction_range": [
        1.0,
        1.0
      ]
    },
    {
      "tick": 880,
      "phase": [
        0.4674457429048414,
        0.4056761268781302,
        0.34390651085141904,
        0.28213689482470783,
        0.22036727879799667,
        0.15859766277128548,
        0.09682804674457429,
        0.035058430717863104
      ],
      "height_m": [
        0.13168607108780161,
        0.08151086284232421,
        0.03765636002223155,
        0.029341300711469242,
        0.02950579187733121,
        0.02963281747628026,
        0.02963281747611,
        0.029632037045796297
      ],
      "finger_contacts": [
        [
          2,
          2
        ],
        [
          3,
          3
        ],
        [
          3,
          3
        ],
        [
          2,
          3
        ],
        [
          2,
          1
        ],
        [
          0,
          0
        ],
        [
          0,
          0
        ],
        [
          0,
          0
        ]
      ],
      "nonzero_egg_contacts": [
        4,
        6,
        6,
        6,
        4,
        1,
        1,
        1
      ],
      "tangential_force_N": [
        0.09370062371120078,
        0.09833250978570712,
        0.09080303870258777,
        0.17717651880897384,
        0.11448012583600209,
        6.572966833579196e-19,
        6.572966785610892e-19,
        6.572145013554789e-19
      ],
      "contacts": [
        4,
        6,
        6,
        6,
        4,
        1,
        1,
        1
      ],
      "maximum_stress_Pa": [
        64301.23561800092,
        56400.28877267906,
        60043.26010881428,
        66697.58642567281,
        63649.4519593784,
        12513.35908931311,
        14319.895134847493,
        13457.454571598135
      ],
      "residual_N": [
        3.9985322218969684e-11,
        3.253385722156065e-11,
        3.2804622796944717e-11,
        3.2662936110805976e-11,
        4.5912692013094336e-11,
        4.25731018486265e-12,
        4.514786140342561e-12,
        4.17167670838029e-12
      ],
      "rhs_N": [
        0.22070661734897523,
        0.181859179601712,
        0.20368361609389787,
        0.2186405287649601,
        0.2310769134022199,
        0.03576036986341077,
        0.03995123613702799,
        0.037897889920962366
      ],
      "corrections": [
        0,
        0,
        0,
        0,
        0,
        0,
        0,
        0
      ],
      "fallbacks": [
        0,
        0,
        0,
        0,
        0,
        0,
        0,
        0
      ],
      "contact_radius_range_m": [
        0.0057161082045629795,
        0.007596166314054026
      ],
      "contact_friction_range": [
        1.0,
        1.0
      ]
    },
    {
      "tick": 890,
      "phase": [
        0.48414023372287146,
        0.4223706176961603,
        0.3606010016694491,
        0.2988313856427379,
        0.2370617696160267,
        0.17529215358931552,
        0.11352253756260434,
        0.05175292153589316
      ],
      "height_m": [
        0.14070609501406678,
        0.09621163330277419,
        0.046603477474873076,
        0.029343661870713272,
        0.029506847147149382,
        0.02963281747628026,
        0.029632817476277447,
        0.029632804541763716
      ],
      "finger_contacts": [
        [
          2,
          2
        ],
        [
          3,
          3
        ],
        [
          3,
          3
        ],
        [
          2,
          3
        ],
        [
          2,
          1
        ],
        [
          0,
          0
        ],
        [
          0,
          0
        ],
        [
          0,
          0
        ]
      ],
      "nonzero_egg_contacts": [
        4,
        6,
        6,
        6,
        4,
        1,
        1,
        1
      ],
      "tangential_force_N": [
        0.09304117650040454,
        0.10652616724270249,
        0.09119710971357069,
        0.17037170167753174,
        0.112071318718881,
        6.572966833133031e-19,
        6.572966785608628e-19,
        6.572956999583802e-19
      ],
      "contacts": [
        4,
        6,
        6,
        6,
        4,
        1,
        1,
        1
      ],
      "maximum_stress_Pa": [
        64710.763425334975,
        56299.766064736024,
        60317.91646982296,
        66087.51659461403,
        63792.079078710034,
        12455.872066403272,
        14234.937378629622,
        13347.647470909438
      ],
      "residual_N": [
        4.332516172877658e-11,
        2.849138838704489e-11,
        3.76621252556262e-11,
        4.128836896558976e-11,
        3.804834178021404e-11,
        3.964295334373348e-12,
        4.948467751035097e-12,
        3.6154071566465927e-12
      ],
      "rhs_N": [
        0.22167342162539833,
        0.18227064963711906,
        0.2043291903539601,
        0.21778347933784684,
        0.230841142089938,
        0.03563433544455721,
        0.03974467826368691,
        0.037644253134559186
      ],
      "corrections": [
        0,
        0,
        0,
        0,
        0,
        0,
        0,
        0
      ],
      "fallbacks": [
        0,
        0,
        0,
        0,
        0,
        0,
        0,
        0
      ],
      "contact_radius_range_m": [
        0.005629876261580703,
        0.007569956407617862
      ],
      "contact_friction_range": [
        1.0,
        1.0
      ]
    }
  ],
  "policy": {
    "layers": [
      26,
      128,
      128,
      7
    ],
    "seed": 99173,
    "dtype": "float64",
    "residual_scale_rad": 0.0001
  },
  "repeats": [
    {
      "steps": 1501,
      "seconds": 10.002248365897685,
      "transitions_per_second": 1200.5300769115927,
      "batch_steps_per_second": 150.0662596139491,
      "resets": 16
    },
    {
      "steps": 1496,
      "seconds": 10.000438883434981,
      "transitions_per_second": 1196.7474767356605,
      "batch_steps_per_second": 149.59343459195756,
      "resets": 16
    },
    {
      "steps": 1505,
      "seconds": 10.001234699040651,
      "transitions_per_second": 1203.8513605879996,
      "batch_steps_per_second": 150.48142007349995,
      "resets": 16
    }
  ],
  "egg_position_m": [
    [
      0.6486653639221408,
      -0.0036807549261558916,
      0.14744611402507785
    ],
    [
      0.6522660514363401,
      -0.004113248544802827,
      0.1159081571710623
    ],
    [
      0.653972477158054,
      -0.0019986859550475884,
      0.06339954599576426
    ],
    [
      0.6516728144278398,
      4.365029425486801e-05,
      0.030778039772031546
    ],
    [
      0.6485764698614549,
      0.003946594095504619,
      0.029508352350857088
    ],
    [
      0.650316156285583,
      -0.003069032698869094,
      0.02925238313023282
    ],
    [
      0.6509045080153362,
      -0.0018200803605932408,
      0.02963281747628023
    ],
    [
      0.649666723990548,
      0.002347232942246393,
      0.029632817434669424
    ]
  ],
  "dofs": 2430,
  "tetrahedra": 480,
  "method_selected": "inverse",
  "build_timings_including_JIT": {
    "topology_seconds": 0.07830111822113395,
    "operators_seconds": 0.6393254958093166,
    "factor_seconds": 13.604848315939307,
    "inverse_seconds": 0.16110183810815215
  },
  "maximum_stress_Pa": [
    65297.65693166706,
    56488.84465511239,
    60710.430962580984,
    59786.07571466959,
    64032.63991034262,
    85379.47047994328,
    14129.12583510329,
    13199.112523423602
  ],
  "stress_configurations": [
    {
      "mesh": "/mnt/home/zhaofeng/workspace/Genesis/.worktrees/rigid-stress-recovery/examples/rigid/assets/hollow_egg/level1/elastic.npz",
      "young": 10000000000.0,
      "poisson": 0.3,
      "density": 2000.0,
      "contact_radius": 0.006,
      "quadrature": 10,
      "tolerance": 1e-08,
      "absolute_tolerance": 1e-11,
      "max_iterations": 2000,
      "warm_start": true,
      "history_size": 0,
      "method": "auto",
      "cooperative_solve": true,
      "cooperative_pressure": true,
      "inverse_max_bytes": 67108864,
      "inverse_precision": "64",
      "inverse_corrections": 2,
      "preconditioner": "block"
    }
  ],
  "native_buffers": [
    {
      "name": "stress.0.info.vertices",
      "shape": [
        810,
        3
      ],
      "dtype": "torch.float64",
      "bytes": 19440,
      "kind": 1
    },
    {
      "name": "stress.0.info.elements",
      "shape": [
        480,
        10
      ],
      "dtype": "torch.int32",
      "bytes": 19200,
      "kind": 1
    },
    {
      "name": "stress.0.info.surface_nodes",
      "shape": [
        80,
        6
      ],
      "dtype": "torch.int32",
      "bytes": 1920,
      "kind": 1
    },
    {
      "name": "stress.0.info.edges",
      "shape": [
        6,
        2
      ],
      "dtype": "torch.int32",
      "bytes": 48,
      "kind": 1
    },
    {
      "name": "stress.0.info.gradients",
      "shape": [
        480,
        4,
        3
      ],
      "dtype": "torch.float64",
      "bytes": 46080,
      "kind": 1
    },
    {
      "name": "stress.0.info.volumes",
      "shape": [
        480
      ],
      "dtype": "torch.float64",
      "bytes": 3840,
      "kind": 1
    },
    {
      "name": "stress.0.info.row_start",
      "shape": [
        811
      ],
      "dtype": "torch.int32",
      "bytes": 3244,
      "kind": 1
    },
    {
      "name": "stress.0.info.columns",
      "shape": [
        20274
      ],
      "dtype": "torch.int32",
      "bytes": 81096,
      "kind": 1
    },
    {
      "name": "stress.0.info.element_entries",
      "shape": [
        480,
        10,
        10
      ],
      "dtype": "torch.int32",
      "bytes": 192000,
      "kind": 1
    },
    {
      "name": "stress.0.info.stiffness",
      "shape": [
        20274,
        3,
        3
      ],
      "dtype": "torch.float64",
      "bytes": 1459728,
      "kind": 1
    },
    {
      "name": "stress.0.info.mass",
      "shape": [
        20274
      ],
      "dtype": "torch.float64",
      "bytes": 162192,
      "kind": 1
    },
    {
      "name": "stress.0.info.modes",
      "shape": [
        810,
        3,
        6
      ],
      "dtype": "torch.float64",
      "bytes": 116640,
      "kind": 1
    },
    {
      "name": "stress.0.info.mass_modes",
      "shape": [
        810,
        3,
        6
      ],
      "dtype": "torch.float64",
      "bytes": 116640,
      "kind": 1
    },
    {
      "name": "stress.0.info.centrifugal",
      "shape": [
        810,
        3,
        6
      ],
      "dtype": "torch.float64",
      "bytes": 116640,
      "kind": 1
    },
    {
      "name": "stress.0.info.gram",
      "shape": [
        6,
        6
      ],
      "dtype": "torch.float64",
      "bytes": 288,
      "kind": 1
    },
    {
      "name": "stress.0.info.gram_inverse",
      "shape": [
        6,
        6
      ],
      "dtype": "torch.float64",
      "bytes": 288,
      "kind": 1
    },
    {
      "name": "stress.0.info.pins",
      "shape": [
        6
      ],
      "dtype": "torch.int32",
      "bytes": 24,
      "kind": 1
    },
    {
      "name": "stress.0.info.is_free",
      "shape": [
        810,
        3
      ],
      "dtype": "torch.int32",
      "bytes": 9720,
      "kind": 1
    },
    {
      "name": "stress.0.info.diagonal_inverse",
      "shape": [
        810,
        3,
        3
      ],
      "dtype": "torch.float64",
      "bytes": 58320,
      "kind": 1
    },
    {
      "name": "stress.0.info.scalar_diagonal_inverse",
      "shape": [
        810,
        3
      ],
      "dtype": "torch.float64",
      "bytes": 19440,
      "kind": 1
    },
    {
      "name": "stress.0.info.mass_properties",
      "shape": [
        4
      ],
      "dtype": "torch.float64",
      "bytes": 32,
      "kind": 1
    },
    {
      "name": "stress.0.factor.order",
      "shape": [
        810
      ],
      "dtype": "torch.int32",
      "bytes": 3240,
      "kind": 1
    },
    {
      "name": "stress.0.factor.row_start",
      "shape": [
        811
      ],
      "dtype": "torch.int32",
      "bytes": 3244,
      "kind": 1
    },
    {
      "name": "stress.0.factor.columns",
      "shape": [
        66669
      ],
      "dtype": "torch.int32",
      "bytes": 266676,
      "kind": 1
    },
    {
      "name": "stress.0.factor.sources",
      "shape": [
        66669
      ],
      "dtype": "torch.int32",
      "bytes": 266676,
      "kind": 1
    },
    {
      "name": "stress.0.factor.column_start",
      "shape": [
        811
      ],
      "dtype": "torch.int32",
      "bytes": 3244,
      "kind": 1
    },
    {
      "name": "stress.0.factor.rows",
      "shape": [
        66669
      ],
      "dtype": "torch.int32",
      "bytes": 266676,
      "kind": 1
    },
    {
      "name": "stress.0.factor.transpose_entries",
      "shape": [
        66669
      ],
      "dtype": "torch.int32",
      "bytes": 266676,
      "kind": 1
    },
    {
      "name": "stress.0.factor.lower",
      "shape": [
        66669,
        3,
        3
      ],
      "dtype": "torch.float64",
      "bytes": 4800168,
      "kind": 1
    },
    {
      "name": "stress.0.factor.diagonal",
      "shape": [
        810,
        3,
        3
      ],
      "dtype": "torch.float64",
      "bytes": 58320,
      "kind": 1
    },
    {
      "name": "stress.0.factor.diagonal_inverse",
      "shape": [
        810,
        3,
        3
      ],
      "dtype": "torch.float64",
      "bytes": 58320,
      "kind": 1
    },
    {
      "name": "stress.0.factor.valid",
      "shape": [],
      "dtype": "torch.bool",
      "bytes": 1,
      "kind": 1
    },
    {
      "name": "stress.0.inverse.blocks",
      "shape": [
        810,
        810,
        3,
        3
      ],
      "dtype": "torch.float64",
      "bytes": 47239200,
      "kind": 1
    },
    {
      "name": "stress.0.surface.gauss",
      "shape": [
        10
      ],
      "dtype": "torch.float64",
      "bytes": 80,
      "kind": 1
    },
    {
      "name": "stress.0.surface.gauss_weights",
      "shape": [
        10
      ],
      "dtype": "torch.float64",
      "bytes": 80,
      "kind": 1
    },
    {
      "name": "stress.0.surface.positions",
      "shape": [
        8000,
        3
      ],
      "dtype": "torch.float64",
      "bytes": 192000,
      "kind": 1
    },
    {
      "name": "stress.0.surface.weights",
      "shape": [
        8000
      ],
      "dtype": "torch.float64",
      "bytes": 64000,
      "kind": 1
    },
    {
      "name": "stress.0.surface.shape",
      "shape": [
        100,
        6
      ],
      "dtype": "torch.float64",
      "bytes": 4800,
      "kind": 1
    },
    {
      "name": "stress.0.surface.face_origin",
      "shape": [
        80,
        3
      ],
      "dtype": "torch.float64",
      "bytes": 1920,
      "kind": 1
    },
    {
      "name": "stress.0.surface.face_dual",
      "shape": [
        80,
        2,
        3
      ],
      "dtype": "torch.float64",
      "bytes": 3840,
      "kind": 1
    },
    {
      "name": "stress.0.surface.face_normal",
      "shape": [
        80,
        3
      ],
      "dtype": "torch.float64",
      "bytes": 1920,
      "kind": 1
    },
    {
      "name": "stress.0.surface.grid.bounds",
      "shape": [
        2,
        3
      ],
      "dtype": "torch.float64",
      "bytes": 48,
      "kind": 1
    },
    {
      "name": "stress.0.surface.grid.cell_size",
      "shape": [],
      "dtype": "torch.float64",
      "bytes": 8,
      "kind": 1
    },
    {
      "name": "stress.0.surface.grid.starts",
      "shape": [
        4097
      ],
      "dtype": "torch.int32",
      "bytes": 16388,
      "kind": 1
    },
    {
      "name": "stress.0.surface.grid.samples",
      "shape": [
        8000
      ],
      "dtype": "torch.int32",
      "bytes": 32000,
      "kind": 1
    },
    {
      "name": "stress.0.state.force",
      "shape": [
        810,
        8,
        3
      ],
      "dtype": "torch.float64",
      "bytes": 155520,
      "kind": 6
    },
    {
      "name": "stress.0.state.rhs",
      "shape": [
        810,
        8,
        3
      ],
      "dtype": "torch.float64",
      "bytes": 155520,
      "kind": 6
    },
    {
      "name": "stress.0.state.displacement",
      "shape": [
        810,
        8,
        3
      ],
      "dtype": "torch.float64",
      "bytes": 155520,
      "kind": 4
    },
    {
      "name": "stress.0.state.residual",
      "shape": [
        810,
        8,
        3
      ],
      "dtype": "torch.float64",
      "bytes": 155520,
      "kind": 6
    },
    {
      "name": "stress.0.state.wrench",
      "shape": [
        8,
        6
      ],
      "dtype": "torch.float64",
      "bytes": 384,
      "kind": 6
    },
    {
      "name": "stress.0.state.rhs_norm_squared",
      "shape": [
        8
      ],
      "dtype": "torch.float64",
      "bytes": 64,
      "kind": 6
    },
    {
      "name": "stress.0.state.residual_norm_squared",
      "shape": [
        8
      ],
      "dtype": "torch.float64",
      "bytes": 64,
      "kind": 6
    },
    {
      "name": "stress.0.state.residual_preconditioned",
      "shape": [
        8
      ],
      "dtype": "torch.float64",
      "bytes": 64,
      "kind": 6
    },
    {
      "name": "stress.0.state.next_residual_preconditioned",
      "shape": [
        8
      ],
      "dtype": "torch.float64",
      "bytes": 64,
      "kind": 6
    },
    {
      "name": "stress.0.state.direction_product",
      "shape": [
        8
      ],
      "dtype": "torch.float64",
      "bytes": 64,
      "kind": 6
    },
    {
      "name": "stress.0.state.active",
      "shape": [
        8
      ],
      "dtype": "torch.int32",
      "bytes": 32,
      "kind": 6
    },
    {
      "name": "stress.0.state.iterations",
      "shape": [
        8
      ],
      "dtype": "torch.int32",
      "bytes": 32,
      "kind": 6
    },
    {
      "name": "stress.0.state.peak",
      "shape": [
        8
      ],
      "dtype": "torch.float64",
      "bytes": 64,
      "kind": 6
    },
    {
      "name": "stress.0.state.step_peak",
      "shape": [
        8
      ],
      "dtype": "torch.float64",
      "bytes": 64,
      "kind": 5
    },
    {
      "name": "stress.0.state.step_valid",
      "shape": [
        8
      ],
      "dtype": "torch.bool",
      "bytes": 8,
      "kind": 5
    },
    {
      "name": "stress.0.state.valid",
      "shape": [
        8
      ],
      "dtype": "torch.bool",
      "bytes": 8,
      "kind": 6
    },
    {
      "name": "stress.0.state.corrections",
      "shape": [
        8
      ],
      "dtype": "torch.int32",
      "bytes": 32,
      "kind": 6
    },
    {
      "name": "stress.0.state.fallbacks",
      "shape": [
        8
      ],
      "dtype": "torch.int32",
      "bytes": 32,
      "kind": 6
    },
    {
      "name": "stress.0.contacts.position",
      "shape": [
        750,
        8,
        3
      ],
      "dtype": "torch.float64",
      "bytes": 144000,
      "kind": 6
    },
    {
      "name": "stress.0.contacts.center",
      "shape": [
        750,
        8,
        3
      ],
      "dtype": "torch.float64",
      "bytes": 144000,
      "kind": 6
    },
    {
      "name": "stress.0.contacts.force",
      "shape": [
        750,
        8,
        3
      ],
      "dtype": "torch.float64",
      "bytes": 144000,
      "kind": 6
    },
    {
      "name": "stress.0.contacts.normal",
      "shape": [
        750,
        8,
        3
      ],
      "dtype": "torch.float64",
      "bytes": 144000,
      "kind": 6
    },
    {
      "name": "stress.0.contacts.friction",
      "shape": [
        750,
        8
      ],
      "dtype": "torch.float64",
      "bytes": 48000,
      "kind": 6
    },
    {
      "name": "stress.0.contacts.radius",
      "shape": [
        750,
        8
      ],
      "dtype": "torch.float64",
      "bytes": 48000,
      "kind": 2
    },
    {
      "name": "stress.0.contacts.valid",
      "shape": [
        750,
        8
      ],
      "dtype": "torch.bool",
      "bytes": 6000,
      "kind": 6
    },
    {
      "name": "stress.0.contacts.coefficient",
      "shape": [
        750,
        8,
        3
      ],
      "dtype": "torch.float64",
      "bytes": 144000,
      "kind": 6
    },
    {
      "name": "stress.0.contacts.weight_sum",
      "shape": [
        750,
        8
      ],
      "dtype": "torch.float64",
      "bytes": 48000,
      "kind": 6
    },
    {
      "name": "stress.0.contacts.status",
      "shape": [
        750,
        8
      ],
      "dtype": "torch.int32",
      "bytes": 24000,
      "kind": 6
    },
    {
      "name": "stress.0.contacts.force_error",
      "shape": [
        750,
        8
      ],
      "dtype": "torch.float64",
      "bytes": 48000,
      "kind": 6
    },
    {
      "name": "stress.0.contacts.moment_error",
      "shape": [
        750,
        8
      ],
      "dtype": "torch.float64",
      "bytes": 48000,
      "kind": 6
    },
    {
      "name": "stress.0.contacts.candidate_count",
      "shape": [
        750,
        8
      ],
      "dtype": "torch.int32",
      "bytes": 24000,
      "kind": 6
    },
    {
      "name": "stress.0.contacts.evaluations",
      "shape": [
        750,
        8
      ],
      "dtype": "torch.int32",
      "bytes": 24000,
      "kind": 6
    },
    {
      "name": "stress.0.contacts.active_pairs",
      "shape": [
        6000,
        2
      ],
      "dtype": "torch.int32",
      "bytes": 48000,
      "kind": 6
    },
    {
      "name": "stress.0.contacts.active_count",
      "shape": [],
      "dtype": "torch.int32",
      "bytes": 4,
      "kind": 6
    },
    {
      "name": "stress.0.contacts.frame_position",
      "shape": [
        8,
        3
      ],
      "dtype": "torch.float64",
      "bytes": 192,
      "kind": 6
    },
    {
      "name": "stress.0.contacts.frame_quaternion",
      "shape": [
        8,
        4
      ],
      "dtype": "torch.float64",
      "bytes": 256,
      "kind": 6
    },
    {
      "name": "stress.0.omega",
      "shape": [
        8,
        3
      ],
      "dtype": "torch.float64",
      "bytes": 192,
      "kind": 6
    }
  ],
  "native_buffer_bytes": 57686045,
  "native_allocation_count": 82,
  "torch_peak_allocated_bytes": 1286144,
  "device_free_bytes": 99440132096
}
