frame,environment,reference_peak_pa,selected_peak_pa,peak_relative_error_above_1pa,peak_absolute_error_pa,rhs_reference_norm_n,full_absolute_residual_n,full_relative_residual
0,0,0.0,1.7996968985415593e-09,,1.7996968985415593e-09,2.8868672914225e-19,7.215491256020348e-17,7.215491256020348e-06
0,1,0.0,1.7997283323956455e-09,,1.7997283323956455e-09,4.419278851934116e-19,7.206472989548964e-17,7.206472989548964e-06
0,2,0.0,2.160232652820955e-09,,2.160232652820955e-09,6.400536017901309e-19,8.727968877889435e-17,8.727968877889435e-06
0,3,0.0,2.1603460115384253e-09,,2.1603460115384253e-09,3.7719422034321927e-19,8.724464155804241e-17,8.724464155804242e-06
0,4,0.0,1.7992278862963914e-09,,1.7992278862963914e-09,2.0076234618619816e-19,7.238246824233388e-17,7.238246824233389e-06
0,5,0.0,1.7999946000106236e-09,,1.7999946000106236e-09,3.4518361551336684e-20,7.22831158449183e-17,7.228311584491831e-06
0,6,0.0,2.159920341465291e-09,,2.159920341465291e-09,1.4059740039138684e-19,8.724351323363368e-17,8.724351323363367e-06
0,7,0.0,2.1600489966657453e-09,,2.1600489966657453e-09,1.7914134042531696e-19,8.708364906467951e-17,8.708364906467951e-06
0,8,0.0,2.160165794105023e-09,,2.160165794105023e-09,4.208808743770898e-19,8.717845860569934e-17,8.717845860569934e-06
0,9,0.0,2.1602757224211277e-09,,2.1602757224211277e-09,3.0975477364010604e-19,8.712424799972476e-17,8.712424799972476e-06
0,10,0.0,2.1594012472033733e-09,,2.1594012472033733e-09,2.2107546681871863e-19,8.708628981770756e-17,8.708628981770756e-06
0,11,0.0,1.7999383264863987e-09,,1.7999383264863987e-09,3.1004614225791826e-19,7.207455009834235e-17,7.207455009834235e-06
0,12,0.0,1.800172923038055e-09,,1.800172923038055e-09,2.0118934024850075e-19,7.236365312412947e-17,7.2363653124129474e-06
0,13,0.0,2.159594925695005e-09,,2.159594925695005e-09,4.636991036407545e-19,8.727889512213882e-17,8.727889512213883e-06
0,14,0.0,1.799848010638659e-09,,1.799848010638659e-09,1.3365504056668322e-19,7.257636203876017e-17,7.2576362038760175e-06
0,15,0.0,1.8001168497865465e-09,,1.8001168497865465e-09,3.9941243127008734e-19,7.246187312655305e-17,7.246187312655305e-06
0,16,0.0,2.159757810692214e-09,,2.159757810692214e-09,3.105425685174767e-19,8.701185491901757e-17,8.701185491901758e-06
0,17,0.0,1.4401408366151883e-09,,1.4401408366151883e-09,5.057578470193897e-20,5.719557608721405e-17,5.719557608721405e-06
0,18,0.0,1.79978596421046e-09,,1.79978596421046e-09,5.652926733651155e-20,7.205092199273517e-17,7.205092199273518e-06
0,19,0.0,2.1601440748036555e-09,,2.1601440748036555e-09,2.44207097431464e-19,8.732807675247801e-17,8.732807675247803e-06
0,20,0.0,2.15968189679573e-09,,2.15968189679573e-09,3.0937328164717073e-19,8.767424223166665e-17,8.767424223166665e-06
0,21,0.0,2.159744572965721e-09,,2.159744572965721e-09,2.6535955656724623e-19,8.71807588876276e-17,8.718075888762761e-06
0,22,0.0,1.8000738440239966e-09,,1.8000738440239966e-09,7.721961480178731e-19,7.22339122280194e-17,7.22339122280194e-06
0,23,0.0,2.1599444626563287e-09,,2.1599444626563287e-09,3.196712702264652e-20,8.711135615506804e-17,8.711135615506804e-06
0,24,0.0,1.799315146057487e-09,,1.799315146057487e-09,5.504044280638975e-20,7.222270624442205e-17,7.222270624442205e-06
0,25,0.0,2.1605170400039005e-09,,2.1605170400039005e-09,1.3809834775725273e-19,8.739201541400041e-17,8.739201541400041e-06
0,26,0.0,1.800219329798242e-09,,1.800219329798242e-09,3.971183430386114e-19,7.248544022983675e-17,7.248544022983675e-06
0,27,0.0,1.8003443355018223e-09,,1.8003443355018223e-09,1.9871389744278238e-19,7.206637048152365e-17,7.2066370481523654e-06
0,28,0.0,1.439840965350925e-09,,1.439840965350925e-09,3.5384698219360686e-19,5.76335212238144e-17,5.7633521223814405e-06
0,29,0.0,2.1601183263601935e-09,,2.1601183263601935e-09,3.3171341419582293e-19,8.714492327851599e-17,8.7144923278516e-06
0,30,0.0,1.7998939723232472e-09,,1.7998939723232472e-09,2.819614911081644e-20,7.270097083636064e-17,7.270097083636064e-06
0,31,0.0,2.1599364049879714e-09,,2.1599364049879714e-09,7.213054696572338e-20,8.740184612511325e-17,8.740184612511326e-06
20,0,112227.1780397747,112227.17803988543,9.866195061360349e-13,1.1072552297264338e-07,0.0035361085836864525,5.069724371439422e-14,1.4337015539704468e-11
20,1,99389.19615766105,99389.19615761153,4.982449746708744e-13,4.95201675221324e-08,0.0032022456650206413,6.563365428086565e-14,2.049613338470783e-11
20,2,91057.92349514182,91057.92349531005,1.8475568681744094e-12,1.6823469195514917e-07,0.003071109929474358,5.16801338632526e-14,1.6827835880202908e-11
20,3,74263.73877886488,74263.73877887405,1.234479538011114e-13,9.167706593871117e-09,0.0025921225607168853,6.205358737600466e-14,2.3939295277297483e-11
20,4,89192.05763528582,89192.05763542293,1.5372237048540775e-12,1.3710814528167248e-07,0.003032939021269844,5.508681874513698e-14,1.8162850739436123e-11
20,5,68756.16670461097,68756.16670464187,4.4953448434434617e-13,3.090826794505119e-08,0.002510565644136334,5.714815594391e-14,2.2763059821752346e-11
20,6,88197.96617679889,88197.96617693405,1.53244110380207e-12,1.3515818864107132e-07,0.0029576803682946004,4.822035435317679e-14,1.6303436595137908e-11
20,7,71909.87603688688,71909.87603694522,8.112742138589883e-13,5.833862815052271e-08,0.0025670884363961713,5.19704172316062e-14,2.0244887747055617e-11
20,8,77992.0084056965,77992.0084057741,9.950425113967467e-13,7.760536391288042e-08,0.002719860141551772,5.326436063171607e-14,1.9583492481097574e-11
20,9,68743.14961421702,68743.14961425067,4.89416446537476e-13,3.364402800798416e-08,0.002511703736634775,4.6454406361407046e-14,1.8495177470114293e-11
20,10,68783.40685562736,68783.40685575148,1.8046189127925408e-12,1.2412783689796925e-07,0.0025078379681198154,4.622706688329038e-14,1.84330357347399e-11
20,11,76540.17363871491,76540.17363880193,1.1369252110190904e-12,8.702045306563377e-08,0.0026671476088599897,5.0688278911746026e-14,1.9004677035258103e-11
20,12,92713.05134188867,92713.05134194953,6.563920462569738e-13,6.085610948503017e-08,0.003197388219899566,5.5519520018449044e-14,1.7364022195650265e-11
20,13,85891.2353860895,85891.23538623354,1.6771141804875353e-12,1.4404940884560347e-07,0.0029112674271712796,4.5978822162945096e-14,1.579340383978708e-11
20,14,71056.78077586486,71056.7807759289,9.012929972447521e-13,6.404297892004251e-08,0.002558844316795736,6.070321762055465e-14,2.3722903821116476e-11
20,15,104633.4802598174,104633.48026001219,1.861659736092378e-12,1.9479193724691868e-07,0.003397724016341643,5.05910689692297e-14,1.48896934318116e-11
20,16,108854.11578327301,108854.1157831881,7.800387219769992e-13,8.491042535752058e-08,0.0034388265660052378,7.547366982774686e-14,2.1947506912341872e-11
20,17,104341.7158790529,104341.71587908267,2.852039224321823e-13,2.9758666642010212e-08,0.0033525896209729068,5.333434902693316e-14,1.5908403668999532e-11
20,18,84951.11073344215,84951.11073356005,1.387852567933705e-12,1.1789961718022823e-07,0.003001375027599409,5.99847467125056e-14,1.9985755249147866e-11
20,19,108555.77046581451,108555.77046583782,2.1474830951694985e-13,2.3312168195843697e-08,0.003404151322393345,5.814865627528481e-14,1.7081689610199793e-11
20,20,72636.47990859959,72636.47990875912,2.196315774791537e-12,1.595326466485858e-07,0.002640013039552531,5.025951548215299e-14,1.903760122740581e-11
20,21,81916.77610805839,81916.77610815087,1.1289191990939946e-12,9.247742127627134e-08,0.002788340276371215,5.030562543644071e-14,1.804142265660249e-11
20,22,102442.64038171535,102442.6403817971,7.980335087844606e-13,8.175265975296497e-08,0.0032054657611379407,6.013871322169106e-14,1.8761302632145503e-11
20,23,77872.4133768381,77872.41337688254,5.706969539055122e-13,4.4441549107432365e-08,0.002695207281085822,5.2393041077651706e-14,1.94393364270461e-11
20,24,86043.67944538362,86043.67944543352,5.799207755840231e-13,4.9898517318069935e-08,0.0029037987551854614,4.8748107355934476e-14,1.678770171964723e-11
20,25,93919.81558822066,93919.81558835707,1.4524054641331648e-12,1.3640965335071087e-07,0.0031059144580931914,4.909417067844063e-14,1.580667186455011e-11
20,26,112843.71318510704,112843.71318517414,5.946178056719173e-13,6.709888111799955e-08,0.003542982974337343,6.119457741204553e-14,1.7272049528685967e-11
20,27,92816.54455542637,92816.54455536643,6.457829163188645e-13,5.993933882564306e-08,0.003025133386220282,6.827545974847872e-14,2.2569404727565634e-11
20,28,82884.87088210488,82884.8708821656,7.326444693911641e-13,6.072514224797487e-08,0.0028095523099119016,5.460228402340073e-14,1.9434514114851236e-11
20,29,90145.7029128638,90145.702912934,7.78721966697587e-13,7.019843906164169e-08,0.0029601865686402704,5.769800544731565e-14,1.9491340869712068e-11
20,30,78481.94177252284,78481.9417725968,9.422910738486828e-13,7.395283319056034e-08,0.002703437487319632,5.091407970145154e-14,1.8833089331734594e-11
20,31,97471.17363123792,97471.1736313489,1.1385202557565246e-12,1.1097290553152561e-07,0.003204528007272382,5.0263062285348265e-14,1.5685012635646185e-11
40,0,101858.12634025053,101858.1263403426,9.03903998217317e-13,9.206996764987707e-08,0.0031844063554122694,1.069687195441578e-13,3.3591416297215804e-11
40,1,97951.73700193777,97951.73700188627,5.257612531380785e-13,5.149922799319029e-08,0.003123727060735252,1.2476660305369636e-13,3.9941582804076374e-11
40,2,91554.58346012652,91554.58346005103,8.245937379819618e-13,7.549533620476723e-08,0.0033004485231622623,1.0319026228105216e-13,3.1265526960008785e-11
40,3,70851.04128499764,70851.04128488868,1.5379412815077953e-12,1.0896474123001099e-07,0.0024724866915430436,1.3068034095406622e-13,5.285380964882348e-11
40,4,87746.45400465681,87746.4540046621,6.020009911302885e-14,5.282345227897167e-09,0.003149037343172808,1.0734762195284793e-13,3.4089027932800005e-11
40,5,61894.36488215687,61894.364882121285,5.749587827377513e-13,3.5586708690971136e-08,0.002286792336050994,7.337837030363533e-14,3.20879028440119e-11
40,6,87573.2702441679,87573.27024413524,3.728820184676146e-13,3.2654497772455215e-08,0.002976662747440191,6.253735922754686e-14,2.1009218891634802e-11
40,7,70540.7514877587,70540.7514876546,1.4755988195925493e-12,1.0408984962850809e-07,0.002482065909701024,1.0685259935954721e-13,4.3049863801729384e-11
40,8,77032.6818536069,77032.68185366053,6.96117626002411e-13,5.362380761653185e-08,0.0027173429742407126,9.386777750440342e-14,3.454395650244922e-11
40,9,64179.35393947621,64179.3539395503,1.154437865720817e-12,7.409107638522983e-08,0.0024191433256476715,5.5774286045892315e-14,2.3055387192058877e-11
40,10,68208.44757993902,68208.44757995954,3.008161188238497e-13,2.051820047199726e-08,0.002557020024733071,5.532199444141908e-14,2.1635338756173115e-11
40,11,72230.64551581968,72230.64551586876,6.795399613939667e-13,4.908361006528139e-08,0.0024710071876362623,1.0602713331572303e-13,4.2908468193145275e-11
40,12,86736.92346164667,86736.92346163075,1.835411566894317e-13,1.5919795259833336e-08,0.0031471196742692787,8.096337014135765e-14,2.5726180927693994e-11
40,13,80931.78007166598,80931.78007178263,1.441314553656122e-12,1.1664815247058868e-07,0.0028246466198498248,5.703908969840186e-14,2.019335420493524e-11
40,14,65658.30970627893,65658.30970634487,1.0042099498858228e-12,6.59347278997302e-08,0.002390884970533744,1.2534626878944146e-13,5.242672497182406e-11
40,15,105964.7238440187,105964.72384403303,1.351306742967673e-13,1.4319084584712982e-08,0.003578048157407371,7.607964800172027e-14,2.1262891010625236e-11
40,16,105078.5531765233,105078.55317646293,5.745786790675309e-13,6.037589628249407e-08,0.003331240198237383,1.0361997529311062e-13,3.110552500775538e-11
40,17,102244.25433496812,102244.25433502103,5.174937615271559e-13,5.291076377034187e-08,0.0034343956887728407,6.160361045485405e-14,1.7937248947825227e-11
40,18,75971.30536822062,75971.30536822735,8.849373856247785e-14,6.7229848355054855e-09,0.0028210186825711413,9.445662925608218e-14,3.348316331247797e-11
40,19,102973.93799258748,102973.93799255825,2.839048235281966e-13,2.9234797693789005e-08,0.0032163560497354146,1.3024200285664916e-13,4.049365208412374e-11
40,20,69844.3005121708,69844.30051214014,4.3898908230638104e-13,3.066088538616896e-08,0.0027199975799182164,8.604698067864704e-14,3.163494751389972e-11
40,21,80854.55855063618,80854.55855064995,1.702577078250182e-13,1.3766111806035042e-08,0.0027231472891375424,1.0675281425440322e-13,3.92019978795244e-11
40,22,101005.5195282123,101005.51952815235,5.935704407136428e-13,5.995389074087143e-08,0.0031948527640281643,1.2864150301563354e-13,4.026523677837489e-11
40,23,74215.78247730002,74215.78247733755,5.056793598509458e-13,3.752938937395811e-08,0.0025686115357457556,1.2635961003461823e-13,4.919374077245713e-11
40,24,87834.2483322987,87834.2483323696,8.07332951032449e-13,7.091148290783167e-08,0.0029067975204972347,6.103966993441441e-14,2.0998941104083046e-11
40,25,95281.67127420749,95281.67127416583,4.3725233554013167e-13,4.16621332988143e-08,0.0032981305061051194,8.873434938418349e-14,2.690443850536662e-11
40,26,111415.43293563329,111415.43293550657,1.1373476229439944e-12,1.2671807780861855e-07,0.003449674192487816,1.4687828058843928e-13,4.257743554689621e-11
40,27,91992.62149019087,91992.62149021738,2.88214305849644e-13,2.6513589546084404e-08,0.003021821445390294,1.2397198099885234e-13,4.102558117322399e-11
40,28,76775.11811237648,76775.11811239496,2.407151274319784e-13,1.8480932340025902e-08,0.002591732759795658,1.3248213450563469e-13,5.11172048911718e-11
40,29,87960.77174177488,87960.77174179982,2.8355802487320814e-13,2.4941982701420784e-08,0.002894430739949521,1.3433435829007607e-13,4.641132241858962e-11
40,30,78763.26489163128,78763.26489166055,3.717272700637501e-13,2.9278453439474106e-08,0.0026545636475053145,1.2052389642490048e-13,4.5402526527539234e-11
40,31,91068.82088225066,91068.82088224437,6.902941443353756e-14,6.28642737865448e-09,0.0031134556959086976,8.147828834779238e-14,2.6169727886239695e-11
60,0,110094.05129545183,110094.05129551199,5.464202365723439e-13,6.015761755406857e-08,0.003632692420802794,9.699508506132509e-14,2.670060490281963e-11
60,1,93148.36914212497,93148.36914211286,1.2997751416912271e-13,1.210719347000122e-08,0.0031040530520493564,5.934727892044418e-14,1.9119286276780448e-11
60,2,90674.68153713108,90674.68153712434,7.430449863752591e-14,6.737536750733852e-09,0.002842710580736449,6.55035601684399e-14,2.3042641277773465e-11
60,3,79978.25140237398,79978.25140245772,1.0471130672502476e-12,8.374627213925123e-08,0.00286823283060804,1.0959976041199788e-13,3.821159818073903e-11
60,4,140751.4676698778,140751.46766990196,1.7162292997004842e-13,2.4156179279088974e-08,0.003910945401886587,2.90025889127807e-13,7.415748861846167e-11
60,5,122919.99745107851,122919.99745108711,6.996568563538764e-14,8.60018189996481e-09,0.0033720077676043132,1.836864132394065e-13,5.4473899794694557e-11
60,6,85576.50117682712,85576.50117673943,1.0246953306135374e-12,8.768984116613865e-08,0.003070264786787971,6.472208538316145e-14,2.108029433216271e-11
60,7,72513.77814574433,72513.77814567377,9.730873048778248e-13,7.056223694235086e-08,0.002626989639412413,1.1221714618211215e-13,4.271701132677922e-11
60,8,129413.29721324837,129413.29721302785,1.7039958653344326e-12,2.2051972337067127e-07,0.0034526982473981047,3.312177893196867e-13,9.59301293037333e-11
60,9,64960.31625851553,64960.31625849668,2.902080418347406e-13,1.8852006178349257e-08,0.0026043968866888076,9.145508071977113e-14,3.5115646615614764e-11
60,10,65879.21172655997,65879.21172647727,1.2553054609405404e-12,8.269853424280882e-08,0.002616757424973723,7.218459268387673e-14,2.758551174631753e-11
60,11,226947.72626392657,226947.726263878,2.1403295742121498e-13,4.857429303228855e-08,0.011011957370476288,1.9496077735021952e-13,1.7704461685704834e-11
60,12,142942.0839268052,142942.08392669933,7.407177249200725e-13,1.0587973520159721e-07,0.0038123657743597125,2.1210102082921657e-13,5.563501337036179e-11
60,13,82275.09355199567,82275.09355201692,2.5822877028986694e-13,2.1245796233415604e-08,0.003020707164895881,9.168138459751755e-14,3.035096737047601e-11
60,14,62626.6312299914,62626.63122994558,7.315850173747135e-13,4.581670509651303e-08,0.002202054968113414,7.115720072322038e-14,3.231399840312988e-11
60,15,94257.64759400378,94257.64759399457,9.772535783231451e-14,9.211362339556217e-09,0.002984754644875713,5.2931626498104477e-14,1.77339958542256e-11
60,16,162723.83552414633,162723.8355243332,1.14842238545291e-12,1.868756953626871e-07,0.0041237566789859665,1.8064989945569593e-13,4.380711897388505e-11
60,17,94513.14271341465,94513.14271336183,5.589006011486085e-13,5.282345227897167e-08,0.0033598131095460234,9.474108554440004e-14,2.81983201015612e-11
60,18,148357.10965242487,148357.10965238677,2.5679196741645155e-13,3.809691406786442e-08,0.003979957086094879,2.691819772327409e-13,6.763439188155816e-11
60,19,188166.80338040856,188166.80338052585,6.233216201452918e-13,1.1728843674063683e-07,0.006840924529804621,1.0763390368383418e-13,1.5733824165855685e-11
60,20,94506.19300387816,94506.19300392343,4.790268958732845e-13,4.5271008275449276e-08,0.00276688748766609,1.2716250731295058e-13,4.595868385678724e-11
60,21,74055.91151466353,74055.91151469992,4.914440892262759e-13,3.6394339986145496e-08,0.002583648928304096,4.962202411589293e-14,1.9206179126072072e-11
60,22,105011.58340573721,105011.5834057465,8.841045544305946e-14,9.284121915698051e-09,0.003309686299274384,1.0744204195102584e-13,3.2462908032880115e-11
60,23,73925.27643683566,73925.27643683467,1.3385546638766176e-14,9.89530235528946e-10,0.0025610464413706097,8.430173742397218e-14,3.29169108619759e-11
60,24,88285.88940683284,88285.8894069011,7.732043568333324e-13,6.82630343362689e-08,0.0029546996199058964,1.5367979851055174e-13,5.2011987098522885e-11
60,25,86570.90994945097,86570.9099494216,3.392105379046041e-13,2.9365764930844307e-08,0.002784221586227424,5.87785608314266e-14,2.1111308497205216e-11
60,26,192572.13155350895,192572.13155338544,6.414046282914875e-13,1.2351665645837784e-07,0.00725065688965816,8.78524247008096e-14,1.2116478001616515e-11
60,27,91053.51211904011,91053.51211903561,4.938350757614642e-14,4.496541805565357e-09,0.0031832997941504716,7.308866713664862e-14,2.2960032627449297e-11
60,28,78209.15859040894,78209.15859044506,4.618110493421902e-13,3.6117853596806526e-08,0.0026925496197022247,9.458173492879328e-14,3.512720220147825e-11
60,29,94635.64212585668,94635.64212589769,4.333176823484947e-13,4.100729711353779e-08,0.0032118283479236325,9.138880864139335e-14,2.8453827148164535e-11
60,30,68623.84507699402,68623.84507698886,7.527893402467035e-14,5.165929906070232e-09,0.0023439165836624063,9.928000204408143e-14,4.235645702414707e-11
60,31,92189.58048203317,92189.58048199574,4.0598433978831043e-13,3.742752596735954e-08,0.0029533754487557746,7.022146402117403e-14,2.377668035764232e-11
80,0,88554.80671397394,88554.80671395914,1.6712020878832497e-13,1.4799297787249088e-08,0.0028150944832112217,8.547156266787214e-14,3.0361880632288135e-11
80,1,110087.45282530614,110087.45282535408,4.3541754788627164e-13,4.793400876224041e-08,0.0027743126949263137,9.615091975156569e-14,3.46575639895969e-11
80,2,63104.08379637968,63104.08379636627,2.12499557496299e-13,1.3409589882940054e-08,0.002195101334692901,4.594389252527906e-14,2.0930192059542632e-11
80,3,68389.21075778143,68389.2107578168,5.172702759423893e-13,3.537570592015982e-08,0.0023920466478707654,9.82278084166224e-14,4.106433647690707e-11
80,4,83825.89821011192,83825.89821013516,2.7723423328494073e-13,2.3239408619701862e-08,0.002283993032882376,5.760121393906529e-14,2.5219522612280075e-11
80,5,80036.12695489211,80036.1269548616,3.8126990141693847e-13,3.051536623388529e-08,0.002433054791085215,8.35033321295886e-14,3.432036649381952e-11
80,6,81571.6113238594,81571.61132385828,1.3736365561489236e-14,1.1204974725842476e-09,0.0023334127883413384,5.324144591804443e-14,2.281698556897433e-11
80,7,65616.19858299122,65616.19858298487,9.669312115884415e-14,6.344635039567947e-09,0.002356636835310918,1.050598032510992e-13,4.45803959595826e-11
80,8,75459.29243407381,75459.29243405409,2.613044000069824e-13,1.9717845134437084e-08,0.0023272105869673143,6.115919433903963e-14,2.6280043018684906e-11
80,9,113835.56484586457,113835.56484575347,9.760031754488817e-13,1.1110387276858091e-07,0.0030206238154779973,1.796328261941006e-13,5.946878431986317e-11
80,10,103082.62190988944,103082.62190982013,6.723807655309731e-13,6.931077223271132e-08,0.002788975186328497,1.3385654358835548e-13,4.799488509059603e-11
80,11,81613.05680845563,81613.0568084208,4.2668090748285785e-13,3.4822733141481876e-08,0.002923009047880858,9.00757981080731e-14,3.081612018046104e-11
80,12,96144.95304616513,96144.95304628588,1.2559348019755935e-12,1.2075179256498814e-07,0.0025472285270664824,8.883447183722627e-14,3.4874951694865144e-11
80,13,134953.14769366934,134953.14769364565,1.755462425045204e-13,2.3690517991781235e-08,0.0034295985984160765,1.6715840401927007e-13,4.8739932450541224e-11
80,14,64901.84397731318,64901.84397729966,2.0840710179968204e-13,1.3526005204766989e-08,0.0020431860907614103,5.74986603320728e-14,2.8141665897230106e-11
80,15,79538.38723723181,79538.3872371913,5.093456556384569e-13,4.0512531995773315e-08,0.0025988272785941713,4.175295208063365e-14,1.606607427301552e-11
80,16,101181.12814539271,101181.12814543463,4.1434671209320684e-13,4.19240677729249e-08,0.0028087410490302963,5.1803476861303457e-14,1.844366424565579e-11
80,17,151576.14572969236,151576.14572972353,2.0564055293204254e-13,3.1170202419161797e-08,0.003826326137202847,2.575911664495791e-13,6.732075552710001e-11
80,18,85287.49026334271,85287.49026338951,5.487200904836848e-13,4.6798959374427795e-08,0.0023325779495779572,7.485273283687755e-14,3.209013137178044e-11
80,19,94600.32916162704,94600.3291615434,8.841872906144342e-13,8.364440873265266e-08,0.0030741602661563026,6.112833431257443e-14,1.9884563269371484e-11
80,20,65047.14283514595,65047.14283518445,5.919455646475251e-13,3.850436769425869e-08,0.0020547973036515546,5.484045051880161e-14,2.6688983103755107e-11
80,21,58112.78460837335,58112.78460838084,1.2883499621382735e-13,7.486960384994745e-09,0.0019903269866012358,4.471391674839502e-14,2.246561346422353e-11
80,22,122206.24471700628,122206.24471706683,4.95478110840012e-13,6.055051926523447e-08,0.0040325302079031716,1.0013878192923739e-13,2.4832741917959616e-11
80,23,89110.12134895375,89110.12134891514,4.332418194076507e-13,3.860623110085726e-08,0.003260800785040929,9.409687804314777e-14,2.8856984601701374e-11
80,24,82966.29334463995,82966.29334465742,2.1047461047225844e-13,1.7462298274040222e-08,0.0027738849869686894,8.317822199760782e-14,2.998618269624359e-11
80,25,67536.01684931341,67536.01684929342,2.9605434931686117e-13,1.9994331523776054e-08,0.002361889567661126,4.34610564027096e-14,1.8400968867374358e-11
80,26,108000.97157082686,108000.97157081077,1.490210505376708e-13,1.6094418242573738e-08,0.003458251363895924,6.884419770323047e-14,1.9907227803612512e-11
80,27,110256.01984393863,110256.01984383246,9.629476345730916e-13,1.0617077350616455e-07,0.002807919105635876,9.03467255090767e-14,3.217568673105088e-11
80,28,75777.47223147453,75777.4722314552,2.550222758056645e-13,1.932494342327118e-08,0.002649543113251317,8.131262401320142e-14,3.068930020671332e-11
80,29,123885.2321881113,123885.23218799253,9.587319650301977e-13,1.1877273209393024e-07,0.00468664663011699,1.1090526111231475e-13,2.3664097139226173e-11
80,30,68322.92304971129,68322.92304973221,3.0627574413299285e-13,2.0925654098391533e-08,0.002354712725072123,6.898464596663707e-14,2.9296417024510904e-11
80,31,71657.98730172105,71657.98730170446,2.3150501409547377e-13,1.658918336033821e-08,0.0024343736926116595,4.423586390855267e-14,1.8171353084700066e-11
100,0,120239.68707894521,120239.68707876597,1.490655408560024e-12,1.7923593986779451e-07,0.0033583090452014826,1.07414764363352e-13,3.198477654009515e-11
100,1,95955.63576467546,95955.63576455922,1.2114004343555875e-12,1.1624069884419441e-07,0.0029607411116108727,7.28488117733244e-14,2.460492458717039e-11
100,2,76288.11503833243,76288.11503827861,7.05391429418085e-13,5.381298251450062e-08,0.002509130826638273,7.417523318881093e-14,2.956212262880999e-11
100,3,68904.70405853546,68904.70405852169,1.997847896471705e-13,1.3766111806035042e-08,0.002419879982620412,9.546576904627476e-14,3.945062140763646e-11
100,4,85438.11191936923,85438.11191932007,5.753447558369937e-13,4.9156369641423225e-08,0.0029516932177184123,8.196665768780355e-14,2.7769368847605112e-11
100,5,66320.84813885724,66320.8481388836,3.9736401475740323e-13,2.635351847857237e-08,0.002466473800980829,5.536813402032196e-14,2.2448296024188592e-11
100,6,142816.0840796767,142816.08407960672,4.899000618092442e-13,6.996560841798782e-08,0.004120230243386814,3.8625011175411685e-13,9.37447882612974e-11
100,7,61844.44044232064,61844.440442317726,4.717738542737265e-14,2.9176590032875538e-09,0.0022639140242956594,9.313193411752215e-14,4.113757550775154e-11
100,8,69546.90411140083,69546.90411142806,3.9148591501158014e-13,2.722663339227438e-08,0.0024295980696816856,5.0357693822563907e-14,2.0726759068080615e-11
100,9,88614.11466987758,88614.11466993787,6.803496826179729e-13,6.028858479112387e-08,0.0023863724115443636,9.823492572270822e-14,4.116496035886222e-11
100,10,101952.06917293684,101952.06917293863,1.7556147585911357e-14,1.7898855730891228e-09,0.002716284302678929,1.3057275274038996e-13,4.8070355747226427e-11
100,11,73083.91464952663,73083.91464952608,7.566272022095658e-15,5.529727786779404e-10,0.0025793878695810407,6.347562672226538e-14,2.460879477291487e-11
100,12,86639.30497249041,86639.30497248897,1.6628014364447502e-14,1.4406396076083183e-09,0.0029360566649500415,6.33834986697359e-14,2.158796845660192e-11
100,13,104897.86940708022,104897.86940711777,3.5804819885006915e-13,3.7558493204414845e-08,0.0027812745643499776,8.865267765367309e-14,3.187483853267119e-11
100,14,71986.72884146824,71986.72884142587,5.886526284355053e-13,4.237517714500427e-08,0.0025458724237935855,5.491250589929896e-14,2.1569229230062138e-11
100,15,108126.1981256995,108126.19812579903,9.204110564500353e-13,9.95205482468009e-08,0.0031600865445330075,1.1529006686203128e-13,3.648319919006255e-11
100,16,96901.51706947433,96901.5170695399,6.766759902428506e-13,6.557093001902103e-08,0.0030447034947277654,5.791044490025026e-14,1.9020060574216543e-11
100,17,102459.84907580106,102459.84907580503,3.8772971980518124e-14,3.9726728573441505e-09,0.0026648176489863108,8.264157102957649e-14,3.1012092351237565e-11
100,18,73469.04726293987,73469.04726292055,2.6303517118043935e-13,1.932494342327118e-08,0.002638041402639986,7.470991883966939e-14,2.8320222254626094e-11
100,19,129698.5470098405,129698.54700987114,2.3617675187516266e-13,3.063178155571222e-08,0.0034981760336216467,1.2465912131897872e-13,3.5635462629911423e-11
100,20,65831.48891029377,65831.48891026896,3.7688674333607386e-13,2.4811015464365482e-08,0.002398531847312907,7.283447488440527e-14,3.036627383789054e-11
100,21,77021.8691788573,77021.86917893877,1.057642748960435e-12,8.146162144839764e-08,0.0027360429417005202,5.255155982134002e-14,1.9207139997839127e-11
100,22,105633.72218760708,105633.72218756653,3.839322036710021e-13,4.0556187741458416e-08,0.0036355052139855257,1.0893893432201887e-13,2.996528072712869e-11
100,23,73539.6575313596,73539.6575313468,1.7393517885611483e-13,1.2791133485734463e-08,0.002551485368527891,9.578021012807738e-14,3.7539000344469464e-11
100,24,85036.10455720277,85036.10455711397,1.0442127751014591e-12,8.879578672349453e-08,0.002753480785919517,7.6917733959084e-14,2.7934726965381602e-11
100,25,86409.37431829228,86409.37431823989,6.06264022108892e-13,5.2386894822120667e-08,0.0027567339177294353,7.06846731871248e-14,2.5640731132057805e-11
100,26,142422.96934211426,142422.96934211088,2.3704352946549743e-14,3.3760443329811096e-09,0.0048161495791618865,9.745804121295567e-14,2.0235675742843727e-11
100,27,89468.9499184681,89468.94991842192,5.162436686350596e-13,4.618777893483639e-08,0.002919950463041874,5.6478723423352024e-14,1.9342356707145766e-11
100,28,103462.72595063933,103462.7259505674,6.95227351811069e-13,7.193011697381735e-08,0.003942731433533114,9.014157227131118e-14,2.2862721894940863e-11
100,29,81271.77330706656,81271.77330707172,6.356364203537142e-14,5.165929906070232e-09,0.00262174359882938,7.941788932771135e-14,3.0292012294097925e-11
100,30,78094.51683715354,78094.51683716923,2.00871524039142e-13,1.5686964616179466e-08,0.0026233757480193633,7.049697610013447e-14,2.6872618668278896e-11
100,31,87751.21943444526,87751.21943440962,4.0612131231855527e-13,3.563764039427042e-08,0.002813894348777248,6.048338023726115e-14,2.1494545544519376e-11
120,0,116967.90335886512,116967.90335868295,1.5574821939399783e-12,1.8217542674392462e-07,0.0033705207336981466,1.3382276527658405e-13,3.9703884310409524e-11
120,1,82205.79929231125,82205.79929232963,2.235738730314412e-13,1.8379068933427334e-08,0.0027507189720958496,7.348500503008104e-14,2.671483556682285e-11
120,2,79478.63515340639,79478.63515337085,4.471110622254919e-13,3.553577698767185e-08,0.00293524593650833,7.817817935925812e-14,2.6634285865755096e-11
120,3,63845.00474500809,63845.00474501191,5.983048732947219e-14,3.819877747446299e-09,0.0022730630848353966,7.719526243534281e-14,3.3960897500091645e-11
120,4,86291.1493067623,86291.14930676404,2.0236488231211646e-14,1.7462298274040222e-09,0.0031135673004182287,8.674631653312629e-14,2.7860748833492204e-11
120,5,67652.44615493651,67652.44615489154,6.646532477580267e-13,4.496541805565357e-08,0.0026018819799456827,7.949355749625822e-14,3.055233023978966e-11
120,6,84975.19837114359,84975.19837104298,1.1840153811643803e-12,1.0061194188892841e-07,0.0030082769264174656,7.751436252244181e-14,2.5767030236391947e-11
120,7,61353.59769171855,61353.59769171268,9.558399275130716e-14,5.864421837031841e-09,0.0022760424167810275,7.153157885985881e-14,3.1428051750030835e-11
120,8,73062.74448768575,73062.7444877338,6.576597200255176e-13,4.8050424084067345e-08,0.00270335579769006,7.983115417059529e-14,2.953039116745557e-11
120,9,66962.8676393372,66962.86763932623,1.638541548322677e-13,1.0972144082188606e-08,0.002635678493745706,8.026527683059974e-14,3.045336410380184e-11
120,10,61303.88346861546,61303.88346856259,8.623777978392201e-13,5.286710802465677e-08,0.002401692608880583,6.482727864617826e-14,2.699232966220189e-11
120,11,93310.37354924125,93310.37354925046,9.871745218869203e-14,9.211362339556217e-09,0.0035061411551901996,7.258832255291845e-14,2.0703194577737923e-11
120,12,85930.31060530248,85930.31060525222,5.849195102953297e-13,5.0262315198779106e-08,0.003067828853545116,7.331685683746036e-14,2.3898613755045862e-11
120,13,82849.6592287008,82849.65922869352,8.782121353207555e-14,7.275957614183426e-09,0.0029881483202073835,8.536116837463067e-14,2.856657676507532e-11
120,14,78739.24985238296,78739.24985239758,1.8573551096722934e-13,1.4624674804508686e-08,0.0028504843425707417,5.4585492999616836e-14,1.9149550195524648e-11
120,15,105158.78477537578,105158.78477523211,1.3662297387379876e-12,1.4367105904966593e-07,0.0036615847620636447,8.454419810517278e-14,2.3089510034316634e-11
120,16,100785.776218887,100785.77621884743,3.925817609421237e-13,3.956665750592947e-08,0.003197071509060759,9.447707091782111e-14,2.955112847806663e-11
120,17,84575.90018014121,84575.9001801792,4.492420486254222e-13,3.799505066126585e-08,0.0029675261683679392,7.425938506884286e-14,2.5024003447856123e-11
120,18,66711.53332221921,66711.5333221897,4.42371545270701e-13,2.9511284083127975e-08,0.0024994669898498107,6.494718707521137e-14,2.598441481282071e-11
120,19,108322.0499286979,108322.0499288309,1.2277274420081988e-12,1.3298995327204466e-07,0.003172882534094994,1.238505762363663e-13,3.9034088058885296e-11
120,20,70306.86728011366,70306.86728010242,1.5978636214213424e-13,1.123407855629921e-08,0.002750554934810386,8.147530766066431e-14,2.962140716752467e-11
120,21,80177.28189806458,80177.28189808934,3.087259535054097e-13,2.4752807803452015e-08,0.002746030132703157,1.0401459044628692e-13,3.7878167907755996e-11
120,22,139124.02652664582,139124.02652674404,7.060277814246812e-13,9.822542779147625e-08,0.003501554242550035,1.256347292824797e-13,3.587970386287156e-11
120,23,97883.84403191875,97883.84403184416,7.620574998697902e-13,7.459311746060848e-08,0.0028230560121763355,8.981031694559905e-14,3.1813154453271895e-11
120,24,98489.33585891515,98489.335858889,2.655088638513566e-13,2.6149791665375233e-08,0.002582632975271841,8.058896798832472e-14,3.120418919759403e-11
120,25,92285.48541290121,92285.48541280652,1.0260477253527654e-12,9.46893123909831e-08,0.003271459826768732,8.515415503011281e-14,2.6029405690186968e-11
120,26,126903.05423695211,126903.05423690194,3.953805840931349e-13,5.0175003707408905e-08,0.003213121372149297,1.0775243885461047e-13,3.3535128734502075e-11
120,27,130612.9670968955,130612.96709677973,8.863977301043833e-13,1.1577503755688667e-07,0.003661270385463934,3.326972197310021e-13,9.086933897367686e-11
120,28,76773.12842553819,76773.12842551994,2.376886557914695e-13,1.8248101696372032e-08,0.002677704671246646,5.982859979607076e-14,2.234324062638846e-11
120,29,108485.58835014689,108485.58835007511,6.616970872651075e-13,7.178459782153368e-08,0.002943728523780854,8.992374010980842e-14,3.054756557317018e-11
120,30,85219.19700876925,85219.1970087954,3.068532981211306e-13,2.6149791665375233e-08,0.0024535134166686723,6.698145217214812e-14,2.7300218420283592e-11
120,31,94907.66846355211,94907.66846345195,1.0553502592397402e-12,1.0016083251684904e-07,0.003305594998775173,8.024801316707772e-14,2.4276420189652533e-11
140,0,95568.27502015734,95568.27502031105,1.608398608479833e-12,1.5371188055723906e-07,0.002993556468455411,7.066720371629807e-14,2.360643751369212e-11
140,1,88767.13669545953,88767.1366954255,3.832767290967712e-13,3.40223778039217e-08,0.0025518839596519365,7.990098301224826e-14,3.131058632585462e-11
140,2,99169.25956463539,99169.2595644879,1.4871913079412764e-12,1.4748366083949804e-07,0.0029539109891806464,1.4906271965023126e-13,5.0462833916187715e-11
140,3,59582.16556440769,59582.16556439304,2.4582024736107524e-13,1.4646502677351236e-08,0.002253129349614782,5.811527644519004e-14,2.5793138088198832e-11
140,4,131228.2598704699,131228.25987037987,6.859661759710189e-13,9.001814760267735e-08,0.0037916696732071768,2.386216855401562e-13,6.293314188899796e-11
140,5,65704.68885231826,65704.68885224265,1.1507816694261135e-12,7.561175152659416e-08,0.00230353194680826,6.661361408728483e-14,2.8918033535234312e-11
140,6,86133.71204760266,86133.71204754848,6.289846229461055e-13,5.417678039520979e-08,0.003054603804306987,8.193500264717234e-14,2.682344680237872e-11
140,7,88214.4690067286,88214.46900673828,1.0969882532678213e-13,9.677023626863956e-09,0.002663556110667087,7.198808007109522e-14,2.702705596581719e-11
140,8,73652.25557059109,73652.25557061116,2.724572512336005e-13,2.006709109991789e-08,0.0025854818700459265,5.866345279653062e-14,2.2689562621257302e-11
140,9,65407.17850030823,65407.17850037486,1.018633510888467e-12,6.662594387307763e-08,0.0025968155368197156,8.046273130750154e-14,3.098515476615205e-11
140,10,66068.47870544795,66068.47870542371,3.6694489180753723e-13,2.4243490770459175e-08,0.0026495561595811113,8.030339794531418e-14,3.030824527154293e-11
140,11,85386.90403738138,85386.90403728592,1.1179766379197335e-12,9.546056389808655e-08,0.002668570982207393,1.620281134530565e-13,6.07171832914955e-11
140,12,150211.22318864556,150211.22318869494,3.2879833634701683e-13,4.9389200285077095e-08,0.003811325751038694,1.4585621175015344e-13,3.82691539054106e-11
140,13,83319.51513042307,83319.51513043258,1.1422237088699675e-13,9.516952559351921e-09,0.003044969829896878,1.0166584808008165e-13,3.3388129853332115e-11
140,14,74088.3301032592,74088.33010322589,4.4958948205888127e-13,3.3309333957731724e-08,0.0020900924295294897,6.846689030840887e-14,3.275782895583149e-11
140,15,102342.36531594032,102342.36531595506,1.440370278801796e-13,1.4741090126335621e-08,0.003193796148428465,7.049022517400482e-14,2.207098446426802e-11
140,16,106071.64445412076,106071.64445421597,8.976308591160471e-13,9.521318133920431e-08,0.0034989556902829504,7.555087019316174e-14,2.159240552916285e-11
140,17,82242.99681764137,82242.99681763,1.3818861463127856e-13,1.1365045793354511e-08,0.0029784371324795026,7.557788652417003e-14,2.537501486937549e-11
140,18,116787.65698101156,116787.65698087896,1.1353687109455207e-12,1.3259705156087875e-07,0.0030480466657347113,1.0084627122555707e-13,3.3085540441111164e-11
140,19,99208.54687405076,99208.54687398329,6.801554204760417e-13,6.747723091393709e-08,0.003099086197417436,7.749594708623477e-14,2.5006063771576548e-11
140,20,80187.44159653221,80187.44159651964,1.567933146011817e-13,1.257285475730896e-08,0.0025238334950745166,7.987807315831485e-14,3.164950196366083e-11
140,21,72814.12337704228,72814.12337704525,4.076943550106394e-14,2.9685907065868378e-09,0.0024812158323812405,5.4711285950516866e-14,2.205019218260056e-11
140,22,116028.16234184804,116028.16234185502,6.007478920377342e-14,6.970367394387722e-09,0.0035782149781044435,7.537933110179412e-14,2.1066182876951722e-11
140,23,98732.77087442485,98732.77087436353,6.210883198075254e-13,6.132177077233791e-08,0.0028945812663536924,1.508244558504486e-13,5.210579423132055e-11
140,24,90194.59181787496,90194.5918178385,4.0415447215134154e-13,3.6452547647058964e-08,0.0029636071184819483,6.621543895224455e-14,2.234285325450353e-11
140,25,90908.21189442165,90908.21189435283,7.569833976590355e-13,6.881600711494684e-08,0.0032261057260051245,7.550404131065752e-14,2.3404081491201925e-11
140,26,117478.14732898012,117478.1473289849,4.0629072754596394e-14,4.773028194904327e-09,0.0036553812317581444,6.769724850370515e-14,1.85198873145014e-11
140,27,117655.22881272787,117655.22881264791,6.7963638324271e-13,7.996277417987585e-08,0.0032766611102633377,1.0985622748854151e-13,3.352688111212989e-11
140,28,102615.17892861585,102615.17892863265,1.6379118824570593e-13,1.6807462088763714e-08,0.002717079099504767,9.002108939270118e-14,3.313156742809078e-11
140,29,84839.91859221832,84839.91859218647,3.754617279632416e-13,3.185414243489504e-08,0.0027027229836769262,9.758066091379689e-14,3.610457361081301e-11
140,30,78518.34059465483,78518.34059471136,7.20012550367803e-13,5.653419066220522e-08,0.002897485019708868,7.187559316048312e-14,2.4806200091312978e-11
140,31,92817.03333205068,92817.03333201098,4.276976252943518e-13,3.969762474298477e-08,0.0029504427340153864,6.24376531183125e-14,2.1162130143546148e-11
160,0,125073.17956381389,125073.1795640367,1.7815084477249438e-12,2.2281892597675323e-07,0.0035156728618806195,9.630103676739145e-14,2.7391921987836626e-11
160,1,85390.04413093021,85390.04413085671,8.607762715964797e-13,7.350172381848097e-08,0.0025782778533168034,1.886227202738718e-13,7.315841464923041e-11
160,2,75767.89646035206,75767.89646042068,9.05750791865909e-13,6.862683221697807e-08,0.0022126336877135513,6.633722371139757e-14,2.998111439763205e-11
160,3,84132.09473199754,84132.09473178376,2.541030118184264e-12,2.1378218661993742e-07,0.0026631338319798976,1.1759293469556054e-13,4.415584875362298e-11
160,4,94143.89753662597,94143.8975367148,9.435013089339605e-13,8.882489055395126e-08,0.0025108528016351953,8.113669890547232e-14,3.2314398857882754e-11
160,5,49226.36323302811,49226.36323301934,1.7810637124638351e-13,8.767528925091028e-09,0.0018969656251185765,4.064146811204948e-14,2.14244620850777e-11
160,6,88766.5137993028,88766.51379928898,1.557380015870026e-13,1.382431946694851e-08,0.0027891270679396294,9.141517581270917e-14,3.277555076765884e-11
160,7,96149.87526342254,96149.87526336366,6.123465979822271e-13,5.887704901397228e-08,0.002684080626958119,1.0350683117566463e-13,3.8563234701696984e-11
160,8,57669.3645929955,57669.36459301289,3.015385867457696e-13,1.7389538697898388e-08,0.0019092844102237857,4.391103391439497e-14,2.299868666986455e-11
160,9,109514.7719414073,109514.77194109753,2.828670195717642e-12,3.0978117138147354e-07,0.0031808080799675177,2.719144008440329e-13,8.548595011328111e-11
160,10,71215.1430353425,71215.14303512254,3.0885593892243896e-12,2.1995219867676497e-07,0.0022640220193718957,8.507503027085755e-14,3.7576944721790017e-11
160,11,100027.73270982427,100027.73270989703,7.273940353412424e-13,7.275957614183426e-08,0.002743020409063493,1.2902309925732816e-13,4.703687177500184e-11
160,12,118601.07635464477,118601.07635468061,3.022010280943281e-13,3.5841367207467556e-08,0.002950810720503879,1.0618856036408847e-13,3.598623240258544e-11
160,13,91831.02550203638,91831.02550198989,5.062926053635445e-13,4.649336915463209e-08,0.0027896716499555625,1.7381472648821785e-13,6.230651786240944e-11
160,14,69034.75091138214,69034.75091137375,1.216264993487983e-13,8.396455086767673e-09,0.002437371246247641,5.227647943542348e-14,2.1447893715781375e-11
160,15,82624.3663643444,82624.36636431688,3.3304547928995257e-13,2.7517671696841717e-08,0.002587763807806961,4.6775666022609714e-14,1.8075709182381804e-11
160,16,85322.75169750024,85322.75169750779,8.851617948631708e-14,7.552444003522396e-09,0.002608951900605229,5.07331217640068e-14,1.9445786544487905e-11
160,17,105223.3406714446,105223.34067148878,4.1986515873194643e-13,4.417961463332176e-08,0.0027609360479424194,8.756483645918406e-14,3.171563373387169e-11
160,18,92903.80730071606,92903.80730064928,7.187944275181582e-13,6.677873898297548e-08,0.002457799764544594,8.744556897400219e-14,3.557880110311069e-11
160,19,99783.87198352345,99783.87198352278,6.708379693016985e-15,6.693881005048752e-10,0.0027642529285816994,8.480087500061539e-14,3.0677682973143666e-11
160,20,53747.517844959744,53747.51784496778,1.4945168685239624e-13,8.032657206058502e-09,0.001896335002843667,4.685049882971322e-14,2.4705813455669945e-11
160,21,70422.97805309766,70422.9780530788,2.6780012230871406e-13,1.885928213596344e-08,0.002131776086599425,4.735964921076998e-14,2.2216052383961605e-11
160,22,120754.45614845632,120754.45614828733,1.3994629841176638e-12,1.6899139154702425e-07,0.0034556656076947293,8.911887573624244e-14,2.5789207016386202e-11
160,23,78081.74366701728,78081.74366696655,6.496778133236667e-13,5.0727976486086845e-08,0.002634224881221196,6.851505141194201e-14,2.600956808978953e-11
160,24,102703.96299673007,102703.9629965338,1.9110872343500632e-12,1.962762326002121e-07,0.0028467955843721276,8.718469661443412e-14,3.0625555657401076e-11
160,25,141132.09788229925,141132.09788229704,1.5672488030018692e-14,2.2118911147117615e-09,0.0035010994699634784,1.827473135403292e-13,5.219712124952456e-11
160,26,126371.39659958557,126371.39659957874,5.400627377514031e-14,6.8248482421040535e-09,0.003602094570243039,1.0784283414365521e-13,2.993892360143553e-11
160,27,93882.32795717953,93882.32795720831,3.065932529372099e-13,2.8783688321709633e-08,0.0029749408189454567,7.174052991456654e-14,2.4114943550370807e-11
160,28,81497.74052857822,81497.74052858754,1.144544327350063e-13,9.327777661383152e-09,0.002717980763692267,5.893751870728711e-14,2.1684303102727275e-11
160,29,118912.3167225148,118912.31672229295,1.8657318744314267e-12,2.2185849957168102e-07,0.0032276136373390945,2.947321737046207e-13,9.13158162101466e-11
160,30,94008.49431188681,94008.49431183818,5.173202809935094e-13,4.863250069320202e-08,0.002793808424453065,1.056990983183596e-13,3.783333796018836e-11
160,31,74509.3773884543,74509.37738844848,7.812125527502669e-14,5.820766091346741e-09,0.0024068767811246186,4.9355993336851753e-14,2.0506240171458966e-11
180,0,148139.1941347226,148139.19413470477,1.2043165331217404e-13,1.784064806997776e-08,0.005353007597474217,1.1411557862494644e-13,2.1318030387026636e-11
180,1,78689.66832289654,78689.66832282877,8.612092370299865e-13,6.776826921850443e-08,0.002664930090030372,6.976842681035489e-14,2.6180209031133855e-11
180,2,336725.5271534152,336725.5271532048,6.249027092808295e-13,2.1042069420218468e-07,0.019688630982954806,5.264794951511515e-13,2.6740279484486356e-11
180,3,89059.57966044566,89059.57966036879,8.63053885155167e-13,7.686321623623371e-08,0.0025773220201948314,1.1206207591197188e-13,4.348004441583132e-11
180,4,74828.48458680259,74828.48458680612,4.7256274398971395e-14,3.536115400493145e-09,0.00255630801098072,7.463908313477828e-14,2.9198000715939615e-11
180,5,66526.21015056227,66526.21015055885,5.1403801162380016e-14,3.41970007866621e-09,0.0023679453057530806,6.141443495482248e-14,2.5935748940489355e-11
180,6,66150.31450744408,66150.31450743413,1.5046806791950823e-13,9.953510016202927e-09,0.0022339447593609845,4.6777052678228254e-14,2.0939216371494788e-11
180,7,68910.2739756322,68910.2739756212,1.5964597552660379e-13,1.100124791264534e-08,0.0024213815060849992,6.132756156810674e-14,2.5327508867971284e-11
180,8,93408.94071324449,93408.9407131813,6.764279247694105e-13,6.318441592156887e-08,0.002830088081292332,1.2740577954460106e-13,4.501830893065752e-11
180,9,72012.45492334534,72012.45492333596,1.3033836066674384e-13,9.38598532229662e-09,0.002013148190712326,6.96681280215412e-14,3.4606557203764364e-11
180,10,55890.61908691117,55890.619086901934,1.6520107243830937e-13,9.233190212398767e-09,0.0018849445624496905,4.4729824366891037e-14,2.373004769368879e-11
180,11,82006.41264272263,82006.41264276329,4.95791119716356e-13,4.0658051148056984e-08,0.0027088830141418704,6.084824855843512e-14,2.246248665622448e-11
180,12,82000.95279653314,82000.95279651934,1.682323822592829e-13,1.3795215636491776e-08,0.0027306435561371524,5.4973081804200456e-14,2.0131914207787278e-11
180,13,70215.61565934235,70215.61565928167,8.642163987665037e-13,6.068148650228977e-08,0.0022140545283457244,4.7922130991915704e-14,2.1644512534982156e-11
180,14,108325.90755834893,108325.90755830934,3.6552439050702847e-13,3.9595761336386204e-08,0.0028695534929724332,1.1475591723143279e-13,3.9990861823090465e-11
180,15,104679.65125539979,104679.65125531328,8.264369912884893e-13,8.651113603264093e-08,0.0032225325488365046,7.68164475596723e-14,2.3837291445638487e-11
180,16,104330.46824622377,104330.4682461718,4.980797091589675e-13,5.196488928049803e-08,0.003476839081113127,6.270800602997821e-14,1.8035924173373854e-11
180,17,102024.28342551396,102024.28342502905,4.7529220973053435e-12,4.849134711548686e-07,0.003446880409467682,2.457341310277256e-13,7.129174843222323e-11
180,18,82601.83146501335,82601.83146489935,1.3801110929036891e-12,1.1399970389902592e-07,0.0026035300637682842,2.6237334703162823e-13,1.0077600050904376e-10
180,19,88645.46649028805,88645.46649030034,1.3871401273879215e-13,1.229636836796999e-08,0.0029883667992603147,6.488293610846462e-14,2.1711838093143913e-11
180,20,61779.29901802863,61779.299018003556,4.058471095821145e-13,2.5072949938476086e-08,0.002282769774906327,7.3132180975256e-14,3.2036599476291684e-11
180,21,113543.13965926679,113543.13965937166,9.236634935898613e-13,1.048756530508399e-07,0.003232465108018999,1.3144114082537794e-13,4.0662818138176395e-11
180,22,136652.59116193326,136652.59116205998,9.273009514942727e-13,1.2671807780861855e-07,0.0035056586348420995,1.0943594796182026e-13,3.121694362199312e-11
180,23,82523.43679817299,82523.43679816453,1.0245165586545616e-13,8.454662747681141e-09,0.0022877811161854107,9.528497707002526e-14,4.164951637895309e-11
180,24,108525.9281404046,108525.9281405405,1.2522384157074241e-12,1.3590033631771803e-07,0.0029350724023388497,1.111925726216979e-13,3.788409871357712e-11
180,25,133162.2585170583,133162.25851699043,5.096799452106673e-13,6.7870132625103e-08,0.0033255611882992177,1.594035987332007e-13,4.793284191974997e-11
180,26,131978.65329469665,131978.6532945807,8.785485958908957e-13,1.1594966053962708e-07,0.0034456422946923674,9.192424278846056e-14,2.6678405628483702e-11
180,27,96430.43595068317,96430.43595070619,2.38733027226486e-13,2.302112989127636e-08,0.0024968340381833713,7.582649465703034e-14,3.036905677247209e-11
180,28,103774.59744585685,103774.5974459577,9.717674172159216e-13,1.0084477253258228e-07,0.002868786197780476,1.0660800233225333e-13,3.716136197766474e-11
180,29,120799.5605180356,120799.56051808312,3.933127158482016e-13,4.751200322061777e-08,0.0031970019384243774,1.2310675946410909e-13,3.850693926222125e-11
180,30,109569.6653322614,109569.66533208474,1.612309851788497e-12,1.7666025087237358e-07,0.003035632569620369,1.3188406981356213e-13,4.3445333645913924e-11
180,31,90965.58074540769,90965.58074538484,2.5115551092317236e-13,2.2846506908535957e-08,0.0029572905286994093,5.734702886076045e-14,1.9391746703351126e-11
200,0,128276.13662550334,128276.13662531995,1.4295974335683225e-12,1.8338323570787907e-07,0.0034761737899511877,3.0632003157373667e-13,8.811988412640192e-11
200,1,71751.83570738077,71751.83570733808,5.950414907034424e-13,4.269531928002834e-08,0.0021074178260983086,5.824483234644459e-14,2.7638008763682715e-11
200,2,95536.33457257532,95536.33457259172,1.7166252542283774e-13,1.6400008462369442e-08,0.0024837140844681193,8.119974659685126e-14,3.269287197935991e-11
200,3,59346.67904080325,59346.679040821,2.991462515771341e-13,1.775333657860756e-08,0.0022185967100710074,5.5831993113458237e-14,2.5165453847477603e-11
200,4,79912.64852716855,79912.64852717446,7.39316953148953e-14,5.908077582716942e-09,0.0027306849044423497,8.653304598774446e-14,3.1689136248188125e-11
200,5,62369.06321859925,62369.063218526084,1.173130170510709e-12,7.316702976822853e-08,0.002494175740342167,6.942583695140145e-14,2.7835182512791998e-11
200,6,82740.90122178488,82740.90122180068,1.9099840229738185e-13,1.58033799380064e-08,0.0027355799758385806,5.110743154895709e-14,1.8682484884504516e-11
200,7,81507.22311215517,81507.22311214171,1.651451377225483e-13,1.3460521586239338e-08,0.0022746700557577295,9.686112242330708e-14,4.258249330628224e-11
200,8,71149.09247225236,71149.09247228387,4.428011008250164e-13,3.1504896469414234e-08,0.00265022956299857,7.741644063436148e-14,2.921122068639532e-11
200,9,65025.58748136367,65025.58748134313,3.15876090327159e-13,2.054002834483981e-08,0.002412392108068899,8.033625748573373e-14,3.330149241370235e-11
200,10,63983.48021545032,63983.48021543897,1.773972569154702e-13,1.1350493878126144e-08,0.0023393077466924185,5.915127063471597e-14,2.528580120266392e-11
200,11,85053.14286812754,85053.14286813125,4.3628468720867145e-14,3.7107383832335472e-09,0.0024421858264526775,9.73967429960979e-14,3.988097135817464e-11
200,12,94645.54405969281,94645.54405979792,1.1105486765251411e-12,1.0510848369449377e-07,0.002896678510699018,8.256929894543088e-14,2.850481979289701e-11
200,13,79747.2392517942,79747.23925180329,1.1386469535115122e-13,9.080395102500916e-09,0.002660491333828233,8.979255645467704e-14,3.3750366074479534e-11
200,14,99772.89063432129,99772.89063441234,9.125859038965267e-13,9.105133358389139e-08,0.0030471832817018795,2.5744661712883313e-13,8.448675164200951e-11
200,15,102691.47285628495,102691.47285624193,4.188805576413521e-13,4.3015461415052414e-08,0.0034127063960303614,5.30722886900989e-14,1.5551378446101727e-11
200,16,99188.47722976739,99188.4772298289,6.201420506518943e-13,6.151094567030668e-08,0.003255219542536789,7.2485497343674e-14,2.2267468106678165e-11
200,17,87205.22107309486,87205.22107309627,1.6186367740165976e-14,1.4115357771515846e-09,0.00299376494653124,5.3425171510213976e-14,1.7845479676723683e-11
200,18,88338.38869831276,88338.38869828377,3.28140636953461e-13,2.898741513490677e-08,0.0023622779144996066,9.249558067907092e-14,3.9155249308870004e-11
200,19,130935.56395087221,130935.5639509461,5.6435870667936e-13,7.389462552964687e-08,0.003285324228510223,1.0467477602244366e-13,3.1861322883772485e-11
200,20,56892.09326463396,56892.0932646343,6.010852971711644e-15,3.41970007866621e-10,0.0022063174003831756,5.746296909355436e-14,2.604474273899796e-11
200,21,74745.16109354148,74745.16109348569,7.464301657700133e-13,5.579204298555851e-08,0.0025954120942193256,7.081857840631369e-14,2.728606318975174e-11
200,22,106730.66537366659,106730.665373691,2.2864620727823404e-13,2.440356183797121e-08,0.0035229611652419523,5.527922550385694e-14,1.569112542291138e-11
200,23,73425.87769536668,73425.877695383,2.2216550190490408e-13,1.631269697099924e-08,0.0023707225143076533,5.786422004280719e-14,2.4407841783923613e-11
200,24,92104.41107218587,92104.41107219043,4.945202312741663e-14,4.554749466478825e-09,0.002963940294066234,1.0653587513406528e-13,3.5944001755821056e-11
200,25,89526.18245014753,89526.18244999013,1.7582349958113827e-12,1.5740806702524424e-07,0.003134364597856185,6.775288748125659e-14,2.161614750485461e-11
200,26,120563.51028522654,120563.51028529715,5.856323569295392e-13,7.060589268803596e-08,0.003393599115578714,2.4524657862084735e-13,7.226739820122546e-11
200,27,90113.42155217484,90113.42155219885,2.664493225673753e-13,2.4010660126805305e-08,0.0028701150369887115,5.3575014138345893e-14,1.8666504111470187e-11
200,28,86354.78670915327,86354.78670910092,6.061417215090798e-13,5.2343239076435566e-08,0.0026342635218714037,7.417573387301809e-14,2.8158053762337004e-11
200,29,89117.98426603891,89117.98426602698,1.338963239074078e-13,1.1932570487260818e-08,0.0026800814367246113,9.084273413842257e-14,3.389551261152796e-11
200,30,81975.076393549,81975.07639348364,7.972258662724276e-13,6.535265129059553e-08,0.0027393226381338337,7.808041583587627e-14,2.8503548559386994e-11
200,31,92820.36914138396,92820.36914136176,2.3908190549702625e-13,2.219167072325945e-08,0.0031435075711122584,4.965132799476939e-14,1.5794880995690264e-11
220,0,145092.49021950772,145092.4902195756,4.677715057645199e-13,6.7870132625103e-08,0.003968610260357216,1.7996945074545258e-13,4.5348229969363275e-11
220,1,79441.67084011452,79441.67084015014,4.4841816772380846e-13,3.562308847904205e-08,0.002858735074075326,7.01352363366342e-14,2.453366069932961e-11
220,2,94358.02918041717,94358.0291803251,9.757512789275706e-13,9.206996764987707e-08,0.0029653411634481385,3.3485061494231996e-13,1.12921446972036e-10
220,3,70170.44063287386,70170.4406329006,3.8116363455195343e-13,2.6746420189738274e-08,0.002212591093026494,8.688560361879174e-14,3.9268712548211686e-11
220,4,63665.1153849097,63665.115384917626,1.2445619227957658e-13,7.92351784184575e-09,0.0020480545127620716,5.0146022701463986e-14,2.4484710923945403e-11
220,5,69508.8249522099,69508.82495205328,2.2532716343658016e-12,1.5662226360291243e-07,0.0023163134915169283,1.7586924811497563e-13,7.592635830990038e-11
220,6,84897.98069968638,84897.98069960815,9.214718138518598e-13,7.82310962677002e-08,0.0030594204123264796,7.065547034625e-14,2.3094397246477178e-11
220,7,74516.47523492624,74516.47523490412,2.96832493450393e-13,2.2118911147117615e-08,0.0025270409400394954,5.3683995934834124e-14,2.124381725845548e-11
220,8,80578.17620432086,80578.1762041905,1.6177588368985715e-12,1.3035605661571026e-07,0.0026015399139336618,1.0155306580249688e-13,3.903575157874214e-11
220,9,61942.50132356218,61942.501323522,6.486311835495367e-13,4.017783794552088e-08,0.0022241354273411815,8.610623508847055e-14,3.871447486064198e-11
220,10,65205.54422945365,65205.54422947814,3.755949531401775e-13,2.449087332934141e-08,0.002489286875790345,6.247448881333561e-14,2.509734391039082e-11
220,11,74912.58377981841,74912.58377977557,5.718777309594468e-13,4.284083843231201e-08,0.0023654778811952673,5.5546489574755026e-14,2.3482142875369694e-11
220,12,81292.6870566172,81292.68705662606,1.0901492735629828e-13,8.862116374075413e-09,0.0023413472297319584,5.6769747681700344e-14,2.4246616204892723e-11
220,13,82183.04157653719,82183.0415765381,1.1155229130006362e-14,9.167706593871117e-10,0.0028858201759988556,7.842499488003692e-14,2.717598121057333e-11
220,14,69481.19809579737,69481.19809577387,3.3824032598588657e-13,2.3501343093812466e-08,0.002507123435293003,6.256435704879416e-14,2.4954637720692812e-11
220,15,159433.7028015084,159433.7028014336,4.691407334804619e-13,7.479684427380562e-08,0.004329436712383437,3.790638267735769e-13,8.75549989423218e-11
220,16,152143.00564188953,152143.00564198228,6.096495022842666e-13,9.275390766561031e-08,0.004288776160358454,1.483630191244257e-13,3.459332303135002e-11
220,17,120565.27469452326,120565.27469439908,1.030031614604897e-12,1.2418604455888271e-07,0.0033769724603146195,1.3739243484116833e-13,4.0685091885044e-11
220,18,89744.60334249967,89744.60334248519,1.6133734077543393e-13,1.4479155652225018e-08,0.002576658473742492,1.3728046378209053e-13,5.32784865285986e-11
220,19,101913.47692386874,101913.47692342871,4.317734787120449e-12,4.4003536459058523e-07,0.00324589614324193,2.3467300438127764e-13,7.229837124329047e-11
220,20,82241.22198836364,82241.22198837486,1.364221781949969e-13,1.1219526641070843e-08,0.002256774470283373,9.030445703183782e-14,4.001483454414268e-11
220,21,70240.87414643636,70240.87414638832,6.838734960600723e-13,4.803587216883898e-08,0.0026158701983155694,5.2746899328034276e-14,2.0164188330904242e-11
220,22,110359.47420151552,110359.4742015244,8.04341299514988e-14,8.87666828930378e-09,0.0030240463696204318,7.369163718990986e-14,2.4368553977947272e-11
220,23,102152.48071103155,102152.48071115182,1.1773730654929047e-12,1.2027157936245203e-07,0.0026593040678269445,1.1059468207020119e-13,4.158782871361367e-11
220,24,113103.65496474656,113103.65496478238,3.167608978101203e-13,3.582681529223919e-08,0.002874732259141946,1.1390726742089752e-13,3.9623609140874646e-11
220,25,90865.81341080797,90865.81341068816,1.3184927705813512e-12,1.198059180751443e-07,0.0031132644265518205,5.913806627910401e-14,1.8995516659214437e-11
220,26,132474.5926549051,132474.59265486934,2.7000352984290775e-13,3.576860763132572e-08,0.003436813198836691,1.0615329817718853e-13,3.0887130616561636e-11
220,27,110532.50053952853,110532.50053954638,1.6153800826048234e-13,1.7855199985206127e-08,0.0031401339707978933,1.0743826807536155e-13,3.421454914805912e-11
220,28,115625.52662694798,115625.52662695678,7.614156639966459e-14,8.803908713161945e-09,0.003133066226486777,1.3099606920855422e-13,4.1810820371787626e-11
220,29,107989.49362536546,107989.49362543294,6.248499613122316e-13,6.747723091393709e-08,0.002967247535108158,1.3827648221313013e-13,4.660092579976891e-11
220,30,79226.93481774215,79226.9348176563,1.083491973147907e-12,8.584174793213606e-08,0.002401404860383015,7.435600094196004e-14,3.096354228670213e-11
220,31,162170.97729621638,162170.97729623484,1.1378009072403652e-13,1.8451828509569168e-08,0.00430794449781024,3.119551560906095e-13,7.241392182493745e-11
240,0,108886.91551213471,108886.91551197456,1.4708689124870746e-12,1.6015837900340557e-07,0.003076292529116631,2.192506315812639e-13,7.127106070248453e-11
240,1,81064.54926698135,81064.54926690632,9.255547041944765e-13,7.502967491745949e-08,0.002507939434594516,8.960531928846944e-14,3.5728661566724164e-11
240,2,67074.63456030136,67074.63456027076,4.562481469465645e-13,3.060267772525549e-08,0.0024621515326097992,4.6922164531699986e-14,1.905738290687737e-11
240,3,62258.20855548574,62258.20855551205,4.225926724094446e-13,2.6309862732887268e-08,0.002195117371821034,6.305934464613494e-14,2.8727094712853373e-11
240,4,74375.4421409335,74375.44214087642,7.675539371276488e-13,5.708716344088316e-08,0.002399870278540491,5.641583531515872e-14,2.3507868662579143e-11
240,5,50285.36847469293,50285.36847468438,1.7001466740704304e-13,8.549250196665525e-09,0.001787485109285742,4.3259228582008756e-14,2.4201168645984415e-11
240,6,107420.49916056408,107420.4991603985,1.5414771359056948e-12,1.655862433835864e-07,0.003222698620111132,3.4523213652154884e-13,1.0712516968453918e-10
240,7,91250.93652536646,91250.93652527768,9.72935053478451e-13,8.878123480826616e-08,0.002718101810787429,8.524861088495104e-14,3.136328836051059e-11
240,8,64478.311916262865,64478.31191622288,6.200749663214079e-13,3.9981387089937925e-08,0.002112058752006677,4.7911563459821024e-14,2.268476831636472e-11
240,9,53034.939429411024,53034.939429346705,1.212775313809683e-12,6.431946530938148e-08,0.0017764148494455018,4.5800459760722625e-14,2.5782524715450384e-11
240,10,93649.63840861882,93649.63840858576,3.5303875125060506e-13,3.306195139884949e-08,0.002494340414126755,9.123520798306252e-14,3.657688720687411e-11
240,11,87812.41872552167,87812.41872562325,1.1568627955319482e-12,1.0158692020922899e-07,0.002464380567299768,8.764193350528739e-14,3.5563473705410074e-11
240,12,87309.4872065164,87309.48720660267,9.881893497428265e-13,8.627830538898706e-08,0.0028290946423289755,7.610488431816668e-14,2.6900791221149312e-11
240,13,123391.19649757688,123391.19649767622,8.05129766822639e-13,9.93459252640605e-08,0.0030988564019214346,1.0768310046762648e-13,3.474930313029461e-11
240,14,68248.99215153334,68248.99215151151,3.1982703560055246e-13,2.1827872842550278e-08,0.00202835339850908,5.393389042425634e-14,2.658998696376058e-11
240,15,131050.42164570783,131050.42164573567,2.1242063537288537e-13,2.7837813831865788e-08,0.0033305905806955203,1.2354226876725454e-13,3.709320187335952e-11
240,16,101919.84985457562,101919.84985454028,3.466650532245511e-13,3.5332050174474716e-08,0.002779431945879737,6.351346911854415e-14,2.2851240956878186e-11
240,17,138199.31873355818,138199.31873354383,1.0382242507889892e-13,1.4348188415169716e-08,0.00352467358485308,1.2399316953614157e-13,3.517862478641662e-11
240,18,82686.93571157588,82686.93571150729,8.294318308096593e-13,6.858317647129297e-08,0.0022502230943029613,1.1481620772492558e-13,5.1024366435316375e-11
240,19,112769.013388314,112769.01338838761,6.528224104152425e-13,7.36181391403079e-08,0.0033490071655565726,3.172317659537766e-13,9.472412278372972e-11
240,20,87401.53470148004,87401.53470140626,8.441294590513706e-13,7.377821020781994e-08,0.0025453806604859544,1.2575632592779661e-13,4.940570496193846e-11
240,21,53042.13413919267,53042.134139137896,1.0326396139310113e-12,5.477340891957283e-08,0.0017933481133902277,4.650618271961463e-14,2.5932601915027837e-11
240,22,98151.62121241678,98151.62121239553,2.164589435301949e-13,2.1245796233415604e-08,0.0031469543520258668,7.03713364298053e-14,2.2361727739872555e-11
240,23,81995.95964320734,81995.95964311823,1.0868331713695735e-12,8.91159288585186e-08,0.0025302987857062794,1.5535548020880132e-13,6.139807720985452e-11
240,24,94431.48599284708,94431.48599282697,2.12966540070399e-13,2.011074684560299e-08,0.0028960971880088887,8.879538230917055e-14,3.0660359975769975e-11
240,25,101296.30302218451,101296.30302225381,6.840942684977028e-13,6.929622031748295e-08,0.002686333583233607,8.473447248240769e-14,3.154279610367954e-11
240,26,111555.02554331672,111555.0255430891,2.04043750511024e-12,2.276210580021143e-07,0.0031419829692171347,1.5170053266530782e-13,4.828178069440745e-11
240,27,96360.41341735625,96360.41341726766,9.193823144633828e-13,8.85920599102974e-08,0.0028498577080534673,1.9151180067311607e-13,6.720047816139104e-11
240,28,106607.38416273234,106607.38416245839,2.5697502873820906e-12,2.7395435608923435e-07,0.0031420766785258923,1.7358106723773758e-13,5.524405830833185e-11
240,29,85751.30638547173,85751.30638543074,4.780422238005058e-13,4.099274519830942e-08,0.0026634925162258715,1.0632621469808639e-13,3.991984736219503e-11
240,30,80922.78348316925,80922.783483168,1.546492416316643e-14,1.2514647096395493e-09,0.002678537390331418,5.4448733418033794e-14,2.0327785460294846e-11
240,31,123780.67489528854,123780.67489532323,2.8026802999558575e-13,3.4691765904426575e-08,0.0031650981975880382,1.3500661394431257e-13,4.265479473818338e-11
260,0,127536.93460942275,127536.93460946088,2.9894099317253237e-13,3.812601789832115e-08,0.003408897601320214,1.1149723584754466e-13,3.270771049396305e-11
260,1,80586.47378570425,80586.47378569865,6.95214357910657e-14,5.602487362921238e-09,0.002294928962984043,7.462838598928514e-14,3.251882179928072e-11
260,2,94833.72561337614,94833.72561327873,1.0271717145840795e-12,9.74105205386877e-08,0.0027346272020222014,1.0771893301201646e-13,3.939071948540614e-11
260,3,68385.37465839167,68385.37465823515,2.288799337258687e-12,1.5652040019631386e-07,0.0023322059618144887,1.3890464371404044e-13,5.95593382352782e-11
260,4,74220.39957787009,74220.39957792053,6.795562738597547e-13,5.043693818151951e-08,0.0026357137764262575,5.980073684534364e-14,2.268863082941771e-11
260,5,56470.418526357586,56470.41852631828,6.960232287542437e-13,3.930472303181887e-08,0.0022115732366571822,4.8334033043989926e-14,2.1855045197167128e-11
260,6,73531.32401973207,73531.32401975767,3.48107683738e-13,2.5596818886697292e-08,0.0021092428971036183,5.3507422847845614e-14,2.536807065763777e-11
260,7,103663.78351352701,103663.78351351779,8.899843264529026e-14,9.225914254784584e-09,0.0027656113934378555,1.1693247412851108e-13,4.228087662856747e-11
260,8,75858.55386070706,75858.55386071549,1.1106933217703544e-13,8.425558917224407e-09,0.0026227359900848736,8.748421830347475e-14,3.335609021808089e-11
260,9,70203.61717145881,70203.61717141686,5.975927351566387e-13,4.1953171603381634e-08,0.002412980503417519,5.3548835760626006e-14,2.2191988573793032e-11
260,10,114067.23699581594,114067.23699586207,4.0440684361991675e-13,4.612957127392292e-08,0.0030509845489392565,1.160142448991041e-13,3.802518270354415e-11
260,11,83529.07414809005,83529.07414809823,9.790814086892606e-14,8.17817635834217e-09,0.0025991724861098024,9.10814680616242e-14,3.504248700244921e-11
260,12,89508.21350441995,89508.21350455134,1.4679015193442137e-12,1.313892425969243e-07,0.0027547757530264074,8.447172858303713e-14,3.066374041162323e-11
260,13,143598.4918023322,143598.4918020461,1.9922956696753126e-12,2.860906533896923e-07,0.0036982540045981476,1.7244269101573185e-13,4.6628136088361276e-11
260,14,68367.64668504668,68367.6466850105,5.291400686113187e-13,3.6176061257719994e-08,0.0024625281694972017,6.344013378277369e-14,2.5762196172451407e-11
260,15,94528.12405806183,94528.12405803976,2.335310852870969e-13,2.2075255401432514e-08,0.0030424459651766087,4.398791613915357e-14,1.4458076377569783e-11
260,16,104132.8853536537,104132.88535359051,6.069069115117896e-13,6.319896783679724e-08,0.003390607049681582,5.449240142820094e-14,1.6071576750044903e-11
260,17,89882.57502894009,89882.5750289955,6.165120789182893e-13,5.541369318962097e-08,0.0029742214500471935,5.5683108318736085e-14,1.8721910676104373e-11
260,18,86712.81845265266,86712.81845267116,2.1329584927923037e-13,1.849548425525427e-08,0.002505519427400274,1.0804083554789798e-13,4.31211326347598e-11
260,19,122553.39813175763,122553.39813158529,1.4062305466574418e-12,1.7233833204954863e-07,0.0031880672381541645,1.2107704688141644e-13,3.7978197395710494e-11
260,20,493773.92456740676,493773.92456744815,8.381497047607995e-14,4.1385646909475327e-08,0.03312534357423077,1.0541700679754762e-12,3.182367197530028e-11
260,21,72603.72476762414,72603.7247676383,1.9501772894597846e-13,1.4159013517200947e-08,0.00254970252880781,8.196686250686735e-14,3.2147617841989854e-11
260,22,125316.32340302935,125316.3234029967,2.6057657043955247e-13,3.2654497772455215e-08,0.0031269196407040876,1.647707184475336e-13,5.269426060799917e-11
260,23,96006.74820731184,96006.74820721427,1.0162888903966523e-12,9.757059160619974e-08,0.0029578967638148883,3.317901992612662e-13,1.1217098693916069e-10
260,24,94406.70037363473,94406.70037371611,8.621089557218075e-13,8.13888618722558e-08,0.0025479187297140177,1.0133791632472606e-13,3.977282130034771e-11
260,25,148404.94947700555,148404.94947703855,2.2238977779544847e-13,3.300374373793602e-08,0.00418327331338177,3.8251958513862123e-13,9.144025658447606e-11
260,26,126487.53520988392,126487.53520995005,5.227701108095587e-13,6.612390279769897e-08,0.003190653790503158,9.369780566656879e-14,2.936633424329955e-11
260,27,102337.79262431397,102337.79262428505,2.825413253235954e-13,2.8914655558764935e-08,0.002912073112061231,6.934894973462069e-14,2.381428867544285e-11
260,28,92620.2938381153,92620.29383806883,5.018210946365694e-13,4.6478817239403725e-08,0.0027465018778230895,6.887505620374173e-14,2.507737451770306e-11
260,29,95817.0993160673,95817.09931604084,2.761029302077266e-13,2.6455381885170937e-08,0.0027569111167441724,8.749874759874665e-14,3.173796466172602e-11
260,30,111453.36085033084,111453.36084985417,4.276789246943285e-12,4.766625352203846e-07,0.0031323503100936603,4.693793404892799e-13,1.4984892940509364e-10
260,31,92976.11167125046,92976.11167126901,1.9955332162922448e-13,1.8553691916167736e-08,0.0030884645509665952,4.626994516509779e-14,1.498153674796594e-11
280,0,121769.73130780587,121769.73130785897,4.3606845558430454e-13,5.309993866831064e-08,0.0034825044861750277,7.071480650108547e-14,2.0305733067054286e-11
280,1,86463.48139057805,86463.4813905927,1.694793963797327e-13,1.465377863496542e-08,0.0029269614931972388,8.040526548783696e-14,2.7470558008607705e-11
280,2,108028.51123924725,108028.5112391147,1.2270223322955172e-12,1.3255339581519365e-07,0.0030681499017867785,1.2520091566646133e-13,4.080664885165854e-11
280,3,72114.16829111474,72114.16829112756,1.77776955901893e-13,1.2820237316191196e-08,0.002112794853946377,8.605860034550045e-14,4.073211376142557e-11
280,4,70375.41551683642,70375.41551677513,8.709386153068992e-13,6.129266694188118e-08,0.0021429414940337304,6.645763087836351e-14,3.101234031045227e-11
280,5,50307.8221313184,50307.822131309666,1.735545043915678e-13,8.731149137020111e-09,0.0020096797919609733,4.082339751306e-14,2.0313384090519816e-11
280,6,75175.66675796443,75175.66675793876,3.4146126758655695e-13,2.5669578462839127e-08,0.0026475880443963293,5.123281956025671e-14,1.935075196788741e-11
280,7,71661.86408604556,71661.86408606918,3.2957220296811113e-13,2.36177584156394e-08,0.0024630799493562455,7.178277529146487e-14,2.914350194366377e-11
280,8,84547.47467501138,84547.47467503176,2.409614408712184e-13,2.0372681319713593e-08,0.0033816124981584897,8.18628163094312e-14,2.4208219112630637e-11
280,9,62730.408294670946,62730.40829467206,1.7746122578077244e-14,1.1132215149700642e-09,0.002272890561299606,7.917684676123122e-14,3.4835309763422874e-11
280,10,64970.90550998227,64970.905510005876,3.632888646870496e-13,2.3603206500411034e-08,0.002397919731768533,5.854642103083992e-14,2.4415504929208033e-11
280,11,107065.28767785706,107065.2876778772,1.8810812647940038e-13,2.0139850676059723e-08,0.002803088310764888,1.0106478302066442e-13,3.6054798071307394e-11
280,12,77081.35048188089,77081.3504818632,2.293755479364857e-13,1.7680577002465725e-08,0.0021917539924255977,5.066669578573697e-14,2.3116962925964147e-11
280,13,79485.15977040707,79485.1597703578,6.198991749601388e-13,4.927278496325016e-08,0.00271959600412834,7.17618399032632e-14,2.6386948574100502e-11
280,14,90612.96670684732,90612.96670681515,3.550737354622758e-13,3.217428456991911e-08,0.0028475803913503403,1.3620886994732206e-13,4.7833195635518555e-11
280,15,109702.59111663383,109702.59111665195,1.6514773511643783e-13,1.811713445931673e-08,0.003253593604118719,1.2889000139863874e-13,3.961465907588301e-11
280,16,103093.06309708869,103093.06309702914,5.775988735381627e-13,5.954643711447716e-08,0.003468488876391303,5.971048060818304e-14,1.7215128182941334e-11
280,17,154403.11976124416,154403.11976105205,1.244239009820323e-12,1.9211438484489918e-07,0.0041225553744208675,2.2653909547501307e-13,5.495113464833321e-11
280,18,91152.0405386893,91152.04053853873,1.6518408801172503e-12,1.5056866686791182e-07,0.002577902592926838,3.5951036794066745e-13,1.3945847640910807e-10
280,19,92057.91437283816,92057.91437282768,1.1381290827413641e-13,1.0477378964424133e-08,0.0026983824696962515,6.409634353566761e-14,2.3753616937365017e-11
280,20,363040.16086683655,363040.1608665793,7.086760335914893e-13,2.5727786123752594e-07,0.018933838440383804,1.3070327985606808e-12,6.903158082160385e-11
280,21,459470.46566691174,459470.4656668479,1.3897259735593949e-13,6.385380402207375e-08,0.027852209834140593,7.149959786627128e-13,2.5671068217584903e-11
280,22,104823.1092223967,104823.10922245096,5.176729853667213e-13,5.426409188657999e-08,0.0029902356454149705,7.482155962897e-14,2.5021960976117094e-11
280,23,102034.01266599086,102034.01266597956,1.1067178406653539e-13,1.1292286217212677e-08,0.002871174282617599,1.2500326365041286e-13,4.353733049477005e-11
280,24,87178.65895581528,87178.65895587849,7.251031446132257e-13,6.32135197520256e-08,0.0026316585572205473,8.525052099085283e-14,3.239421799494048e-11
280,25,92166.72436747243,92166.72436746181,1.152574119305128e-13,1.0622898116707802e-08,0.003166394638403091,5.3673665288055737e-14,1.6951034667972623e-11
280,26,113997.75372970558,113997.75372965768,4.202267445143579e-13,4.7904904931783676e-08,0.003436586053121391,1.6534723779377154e-13,4.8113806911248926e-11
280,27,131455.03684218784,131455.03684217134,1.2553244261593838e-13,1.650187186896801e-08,0.003362374547514971,1.5809186988261582e-13,4.70179236871319e-11
280,28,108563.46590068672,108563.46590057721,1.0086557313270882e-12,1.0950316209346056e-07,0.0027710306598296717,9.693732664048713e-14,3.4982408547745656e-11
280,29,88217.8374423529,88217.83744235325,3.958904180903593e-15,3.4924596548080444e-10,0.0028070417323792047,6.376611288070204e-14,2.2716481962188203e-11
280,30,108768.90925983776,108768.90925985714,1.7820488608449945e-13,1.9383151084184647e-08,0.0030318321731485575,9.400440515500306e-14,3.100580763920665e-11
280,31,98209.86582953802,98209.86582954809,1.0253476321318003e-13,1.0069925338029861e-08,0.0031869446129467877,7.608995337189026e-14,2.387551796877127e-11
300,0,136258.89361305023,136258.8936131311,5.935725932792743e-13,8.087954483926296e-08,0.003642563684386358,1.470496968373854e-13,4.0369835527574e-11
300,1,123579.37124233422,123579.37124225072,6.756701279587432e-13,8.3498889580369e-08,0.0034187713111293763,1.0260723380267664e-13,3.001289775325047e-11
300,2,76181.36504223132,76181.36504220453,3.5166179971404074e-13,2.6790075935423374e-08,0.002594478581982993,6.640853650716277e-14,2.5596101262245017e-11
300,3,60623.749294931535,60623.74929498617,9.012172021744477e-13,5.4635165724903345e-08,0.002429930738002962,5.2305392481036825e-14,2.1525466410628705e-11
300,4,69577.93973540857,69577.9397354805,1.033806365169099e-12,7.193011697381735e-08,0.0024320023768578825,9.925264121421973e-14,4.0811079034574374e-11
300,5,54023.27511119617,54023.27511120258,1.1865475843331682e-13,6.410118658095598e-09,0.0018179714838994748,5.25723857367831e-14,2.891815751918023e-11
300,6,66731.03688278518,66731.03688277448,1.6028010641640172e-13,1.0695657692849636e-08,0.0023225111440053257,4.908595343025589e-14,2.1134862391059584e-11
300,7,64755.14069275112,64755.140692768444,2.675317340683354e-13,1.7324055079370737e-08,0.0019366281583528071,6.261492004107937e-14,3.2331926896248733e-11
300,8,94047.49917982002,94047.4991797562,6.786432467447472e-13,6.382470019161701e-08,0.0025035201860019846,8.739619261174785e-14,3.490932212186911e-11
300,9,62332.434260744536,62332.434260683134,9.850699244191608e-13,6.140180630609393e-08,0.001915292922395362,6.830745050255741e-14,3.566423167121994e-11
300,10,72654.82590556296,72654.82590535545,2.85611187653569e-12,2.075103111565113e-07,0.0023292466670382025,7.279452953594676e-14,3.12523918424278e-11
300,11,91333.36382541512,91333.36382526002,1.6981123437038698e-12,1.550943125039339e-07,0.0027216334677957815,1.000124557805231e-13,3.6747217053265234e-11
300,12,87603.04598324037,87603.04598324592,6.328866353652207e-14,5.5442797020077705e-09,0.0028104957350956446,7.153488153106519e-14,2.5452762883708958e-11
300,13,108369.95560393271,108369.95560405479,1.1264747334300782e-12,1.2207601685076952e-07,0.002972118642093046,8.610077460310893e-14,2.8969494482377496e-11
300,14,101990.67601048927,101990.67601044409,4.43017916455737e-13,4.5183696784079075e-08,0.0027031726816515206,1.7420106248759142e-13,6.444318695214244e-11
300,15,97259.63043317577,97259.63043316704,8.977156398942958e-14,8.731149137020111e-09,0.0027667333342895144,6.367605677389407e-14,2.301488762387225e-11
300,16,86075.26496239184,86075.26496238113,1.2442842450450228e-13,1.0710209608078003e-08,0.002473300401528945,4.940649740582317e-14,1.9975938780133367e-11
300,17,139646.24557884468,139646.2455789819,9.826584312001572e-13,1.372245606034994e-07,0.0035039668853456864,1.0962289805031042e-13,3.128536930779064e-11
300,18,83211.20451521713,83211.20451531002,1.116254420829582e-12,9.288487490266562e-08,0.002389605822780182,1.2934670508720488e-13,5.4128887640855784e-11
300,19,112456.40295990539,112456.4029598999,4.878399003256647e-14,5.486072041094303e-09,0.0027968153963465288,1.2805702374682974e-13,4.5786727259191586e-11
300,20,419747.4767267505,419747.4767271502,9.52267803036699e-13,3.997120074927807e-07,0.022295019007407026,1.2209064447460683e-12,5.4761399590662786e-11
300,21,74959.05753195658,74959.05753200946,7.054739171092246e-13,5.288165993988514e-08,0.0023432435219645736,2.226584482341674e-13,9.502147179627849e-11
300,22,104550.41964637634,104550.41964634809,2.7015929303578864e-13,2.824526745826006e-08,0.0029207652221933627,1.1787648649911334e-13,4.035808342397402e-11
300,23,76697.15505775665,76697.15505781423,7.507700711360893e-13,5.758192855864763e-08,0.0026004021361984517,8.424800199491276e-14,3.23980667536561e-11
300,24,94715.88424925816,94715.88424928054,2.3629453284023487e-13,2.2380845621228218e-08,0.002533683524606627,7.792346997982429e-14,3.075501309577485e-11
300,25,91763.42635187869,91763.42635186325,1.6825420182210897e-13,1.543958205729723e-08,0.003091594670288722,5.740897874319409e-14,1.8569374340987152e-11
300,26,118523.19305356347,118523.19305355952,3.339532829095326e-14,3.958120942115784e-09,0.003033065465754847,1.1388846442419263e-13,3.754896348597192e-11
300,27,94539.01528203112,94539.01528208224,5.407384247101336e-13,5.112087819725275e-08,0.002883268123580833,8.303343182039441e-14,2.8798373325499227e-11
300,28,81067.42306413173,81067.42306420059,8.494122578209705e-13,6.885966286063194e-08,0.0025034828217148134,1.0768462627593283e-13,4.3013926575366426e-11
300,29,126063.28212683645,126063.28212701187,1.3915498241705555e-12,1.754233380779624e-07,0.0033134726369471058,1.0478914620713473e-13,3.162517325137248e-11
300,30,85661.03085597459,85661.03085598345,1.0345563537491924e-13,8.862116374075413e-09,0.0028968265994091316,1.2170990045525598e-13,4.2014907098713105e-11
300,31,83833.78003884264,83833.780038809,4.013182751916459e-13,3.364402800798416e-08,0.002491133576005554,6.065357334014363e-14,2.4347780433918945e-11
320,0,123887.7953573532,123887.79535737728,1.943970318745179e-13,2.408341970294714e-08,0.00344250716378169,7.903503661293347e-14,2.2958568523677782e-11
320,1,143689.91526667704,143689.915266387,2.018574329266606e-12,2.900487743318081e-07,0.0035840450413297587,1.4096530260840732e-13,3.9331342375122596e-11
320,2,89202.96016912356,89202.96016911339,1.1402972194356911e-13,1.017178874462843e-08,0.002459034113960639,7.546294927852556e-14,3.0688044891325045e-11
320,3,74228.07468791537,74228.07468793413,2.5269978789330843e-13,1.8757418729364872e-08,0.002115374141696522,8.913818571813664e-14,4.213826006525862e-11
320,4,65770.03351209665,65770.03351207163,3.803364684763589e-13,2.5014742277562618e-08,0.00228045380313369,5.558554720172359e-14,2.437477449678748e-11
320,5,64744.91931843742,64744.91931834529,1.4230529937839816e-12,9.213545126840472e-08,0.002223020524621553,2.6782783231376037e-13,1.2047924404987096e-10
320,6,60219.022717528576,60219.022717529384,1.3411564298589566e-14,8.076312951743603e-10,0.0019602858710734694,4.417385530341166e-14,2.253439457747152e-11
320,7,58074.172346933505,58074.17234690374,5.125504401819707e-13,2.9765942599624395e-08,0.002224886107148997,5.860186196005974e-14,2.6339263736582426e-11
320,8,97055.44252481853,97055.44252488582,6.932950308145961e-13,6.728805601596832e-08,0.0029387406213303934,3.09678061212443e-13,1.0537781353165258e-10
320,9,72003.45257900812,72003.45257902575,2.4474339368956706e-13,1.7622369341552258e-08,0.0023634055113017647,6.68349148543192e-14,2.827907209944162e-11
320,10,67214.41698116997,67214.41698118219,1.8185992441551019e-13,1.2223608791828156e-08,0.002053378302656156,6.523062707313851e-14,3.176746680763081e-11
320,11,104335.79225971238,104335.79225966497,4.5439957647521384e-13,4.74101398140192e-08,0.0029054053379166736,9.476514415933578e-14,3.2616841072952533e-11
320,12,102987.50203751458,102987.50203752184,7.050763981351828e-14,7.261405698955059e-09,0.0030265169522061975,1.9716200931675297e-13,6.51448554329194e-11
320,13,113731.55231087061,113731.55231080814,5.492879575284562e-13,6.24713720753789e-08,0.002860147224951299,9.131923674854602e-14,3.1928159484904594e-11
320,14,70132.33773255479,70132.33773257291,2.5832782771915106e-13,1.811713445931673e-08,0.0026718156245122905,6.922112125941654e-14,2.5907895973191695e-11
320,15,96917.24371022609,96917.24371020452,2.2251910540212953e-13,2.1565938368439674e-08,0.0032005063281594064,5.1406507742358056e-14,1.606199221981277e-11
320,16,111228.15451116847,111228.15451117331,4.3566197716240933e-14,4.845787771046162e-09,0.0035180402172955254,6.950656408180052e-14,1.975718291680998e-11
320,17,100165.07961271834,100165.07961270613,1.218893542919878e-13,1.2209056876599789e-08,0.00324578752521326,9.160495948762606e-14,2.822272215172518e-11
320,18,100509.21493433388,100509.21493442687,9.251563487986211e-13,9.298673830926418e-08,0.0027393965052787757,9.568175527428888e-14,3.4928041665348997e-11
320,19,100834.80105821505,100834.80105832427,1.083223991695701e-12,1.0922667570412159e-07,0.003159549576771131,7.505698111122221e-14,2.3755595311128798e-11
320,20,307862.1776210417,307862.1776214169,1.2187485489369394e-12,3.752065822482109e-07,0.015424678938482502,8.266270078778096e-13,5.359119701451254e-11
320,21,82547.86510466688,82547.86510475248,1.0369058638248745e-12,8.559436537325382e-08,0.002485133192604679,8.86143050383227e-14,3.565776888821273e-11
320,22,128191.77814081885,128191.77814106138,1.8919838278923266e-12,2.425367711111903e-07,0.0033337730103444527,1.1166078156709783e-13,3.349381653178752e-11
320,23,75371.60959690882,75371.60959694961,5.411721814520615e-13,4.0789018385112286e-08,0.0020919337014616386,7.567694221912523e-14,3.617559302488886e-11
320,24,88786.86243502784,88786.86243494721,9.081542028741636e-13,8.063216228038073e-08,0.002828107164033605,7.851855294633361e-14,2.7763641330458995e-11
320,25,73284.7129906267,73284.71299057933,6.463351241396334e-13,4.73664840683341e-08,0.002304195970328039,5.275316205804426e-14,2.2894390380577013e-11
320,26,113086.35590309466,113086.35590281298,2.490852418278241e-12,2.8168142307549715e-07,0.0035185534286307214,2.0465367021151138e-13,5.816415022895994e-11
320,27,90028.20109263476,90028.20109257831,6.269910815251529e-13,5.644687917083502e-08,0.002604255108775774,6.365329227460615e-14,2.4442034138708178e-11
320,28,85424.35911695265,85424.35911699053,4.434172609662789e-13,3.7878635339438915e-08,0.002485382603347855,8.277561192921767e-14,3.330497759890929e-11
320,29,110553.49709979951,110553.49709958631,1.9284791128619066e-12,2.1320011001080275e-07,0.003048089299984324,9.065775084051507e-14,2.974248518276026e-11
320,30,87662.95286175581,87662.9528617725,1.9040023432998549e-13,1.669104676693678e-08,0.0023408148499913456,1.0437071881575082e-13,4.458734479411554e-11
320,31,88762.46754829522,88762.4675482886,7.459370623404986e-14,6.6211214289069176e-09,0.0029465614698461124,4.982109320922774e-14,1.6908214445575538e-11
340,0,146813.03194903725,146813.03194922543,1.2818028838105076e-12,1.8818536773324013e-07,0.0036594382565894954,1.2446317328528685e-13,3.401155165309045e-11
340,1,97852.27190867657,97852.2719086985,2.2411064987449037e-13,2.1929736249148846e-08,0.0033704315777127536,5.783321717257261e-14,1.7158994579507673e-11
340,2,97447.18245340066,97447.18245310671,3.0164924240223872e-12,2.939486876130104e-07,0.0030990719041104416,1.8215826338975797e-13,5.877832752062284e-11
340,3,65737.95615818938,65737.95615816164,4.2191683535953655e-13,2.773595042526722e-08,0.0022157472161817376,8.928336498284178e-14,4.0294923685698686e-11
340,4,67863.302267548,67863.30226750672,6.083373800484584e-13,4.128378350287676e-08,0.002145947011170517,6.131669781989592e-14,2.8573258100371444e-11
340,5,76166.01478831023,76166.01478817653,1.755415423661565e-12,1.3370299711823463e-07,0.0022350108663446657,1.0570625130395758e-13,4.729563193437088e-11
340,6,75317.69184874406,75317.69184866702,1.0228385566260385e-12,7.703783921897411e-08,0.002444319197619736,1.398178742893878e-13,5.7201152134935214e-11
340,7,88097.60573938557,88097.60573911708,3.047726276158721e-12,2.684973878785968e-07,0.0024814043431845914,2.378204940070458e-13,9.5841088801291e-11
340,8,66831.14150857528,66831.1415085516,3.5426547477892384e-13,2.3675966076552868e-08,0.0025278826202530247,5.029461049445741e-14,1.9895943779787853e-11
340,9,61047.34686185154,61047.34686181704,5.651775675777723e-13,3.4502591006457806e-08,0.0022034738772439342,6.806606185436817e-14,3.089034208996591e-11
340,10,65331.762018623645,65331.762018608344,2.3420979918260743e-13,1.5301338862627745e-08,0.0023689992730116967,7.327117288939327e-14,3.092916647300117e-11
340,11,99490.2772745179,99490.27727447696,4.11442591766506e-13,4.0934537537395954e-08,0.0027652433272374907,9.18005206951949e-14,3.319799013380196e-11
340,12,93783.17779268531,93783.17779275269,7.184163417481628e-13,6.737536750733852e-08,0.0024610576881852644,9.66204925799675e-14,3.925974309493442e-11
340,13,77742.23132089702,77742.23132090078,4.8480034340536434e-14,3.768946044147015e-09,0.0026029239527669483,6.722539096954015e-14,2.582687477214968e-11
340,14,76512.18837343258,76512.18837344678,1.8562623243197757e-13,1.4202669262886047e-08,0.0021697840224556442,6.712760393253871e-14,3.093745886125795e-11
340,15,109057.80870827258,109057.8087082438,2.639305581382569e-13,2.8783688321709633e-08,0.0034045513160200383,7.662942240904066e-14,2.250793578832566e-11
340,16,105812.38286303112,105812.38286298797,4.0776351013622505e-13,4.3146428652107716e-08,0.0034927207964918824,5.52469688932193e-14,1.5817745566353748e-11
340,17,138200.28870086512,138200.28870072868,9.872537782933988e-13,1.364387571811676e-07,0.0037975537666506934,1.0072580860760271e-13,2.6523866361591243e-11
340,18,95807.13429094944,95807.13429065594,3.063420907149048e-12,2.9349757824093103e-07,0.0027401845530785067,1.4736892423680168e-13,5.378065651499202e-11
340,19,108829.9940307476,108829.99403082428,7.045304194044366e-13,7.667404133826494e-08,0.003077058052579194,9.449826060844782e-14,3.071058751369247e-11
340,20,80104.81267897351,80104.81267896552,9.973185372007508e-14,7.989001460373402e-09,0.0024117505583096557,8.748136805115169e-14,3.6272975142362236e-11
340,21,65716.16593791594,65716.16593787365,6.434925874036033e-13,4.228786565363407e-08,0.002449159042193524,7.992693364884e-14,3.2634439933006014e-11
340,22,90014.68794890794,90014.68794885253,6.156072353555634e-13,5.541369318962097e-08,0.002902139218369423,5.757688601954253e-14,1.9839463818656073e-11
340,23,66224.81243342996,66224.81243336678,9.540897678658232e-13,6.318441592156887e-08,0.002384384443761104,5.2531949803752246e-14,2.203166101892891e-11
340,24,96714.63748301005,96714.63748298305,2.792581905566617e-13,2.7008354663848877e-08,0.0025052860675917853,1.515379354585687e-13,6.048727824692667e-11
340,25,86399.74710024473,86399.74710023351,1.2985601251880358e-13,1.1219526641070843e-08,0.002952176955594311,5.783727450366977e-14,1.95913982710522e-11
340,26,125059.98811126922,125059.98811115466,9.160981887428191e-13,1.1456722859293222e-07,0.003065917298784412,1.0039583004036864e-13,3.274577239254748e-11
340,27,90980.85635144924,90980.85635131087,1.520915140345744e-12,1.383741619065404e-07,0.003047987377962899,1.2850554596523388e-13,4.216078678485922e-11
340,28,87521.86551634541,87521.86551632077,2.814884296201849e-13,2.463639248162508e-08,0.0029203945649270216,9.418501908051205e-14,3.225078563412073e-11
340,29,105587.03214090868,105587.03214078117,1.207571409534393e-12,1.2750388123095036e-07,0.003280157712016696,1.3452657086259926e-13,4.1012226445625326e-11
340,30,79626.62790572041,79626.62790568249,4.762513757335649e-13,3.7922291085124016e-08,0.002624672860357971,1.0037194348298793e-13,3.8241696707794163e-11
340,31,89204.54527040236,89204.54527039152,1.215316642472741e-13,1.0841176845133305e-08,0.0028770957774567193,5.911684946781067e-14,2.0547404063159082e-11
360,0,140005.55834825098,140005.55834819138,4.2573056011911713e-13,5.960464477539063e-08,0.0038479016134608324,1.382313054726862e-13,3.5923814940881876e-11
360,1,111961.90050217148,111961.90050224993,7.006792010877323e-13,7.84493749961257e-08,0.002872038979939702,1.0441859303340034e-13,3.635695537655614e-11
360,2,81435.92810157215,81435.92810150381,8.391356923835622e-13,6.833579391241074e-08,0.0026910625555593357,6.425538456299238e-14,2.3877328466500928e-11
360,3,79763.82340006129,79763.82339987284,2.362566062840036e-12,1.8844730220735073e-07,0.002510950648789044,8.044992300850577e-14,3.203962732095372e-11
360,4,72391.91228810883,72391.9122881218,1.7930605745077675e-13,1.2980308383703232e-08,0.0023608631184027598,5.761779143631317e-14,2.440539266643115e-11
360,5,76378.550908461,76378.55090813685,4.243912824430974e-12,3.241439117118716e-07,0.00252800121593005,2.6226005572222365e-13,1.0374206075124074e-10
360,6,100706.75949098206,100706.7594911282,1.4511924063207996e-12,1.461448846384883e-07,0.003071931134157773,2.761471963566263e-13,8.989368065125138e-11
360,7,79375.94082266749,79375.94082263768,3.7545787903511217e-13,2.9802322387695312e-08,0.002388352717354964,1.0045830119734902e-13,4.206175263283816e-11
360,8,91112.33676475764,91112.3367648268,7.591206145772001e-13,6.916525308042765e-08,0.0027589712027534683,1.0207014446514666e-13,3.699572665466029e-11
360,9,57549.06350680218,57549.063506779356,3.966125188639356e-13,2.2824679035693407e-08,0.001852364871740528,6.389105210865602e-14,3.449161290163273e-11
360,10,67897.49019872241,67897.49019869228,4.438605366670066e-13,3.013701643794775e-08,0.002285732023475862,6.025573805891271e-14,2.6361680826996223e-11
360,11,92034.15117878534,92034.15117877288,1.3534583929919856e-13,1.2456439435482025e-08,0.0026249888485963178,9.115472695453196e-14,3.472575778875134e-11
360,12,88371.99795774379,88371.99795776815,2.756518654691287e-13,2.435990609228611e-08,0.0028469710702086035,7.174603610519225e-14,2.5200830755169896e-11
360,13,117164.14634453988,117164.1463444087,1.1196728681652765e-12,1.3118551578372717e-07,0.003163427534942197,1.1836056848128312e-13,3.7415293119221886e-11
360,14,78615.10853512443,78615.108535177,6.687781865313966e-13,5.2576069720089436e-08,0.002634832015108176,6.834364174623369e-14,2.59385195543204e-11
360,15,95373.19045836414,95373.19045835217,1.2557225123106505e-13,1.1976226232945919e-08,0.0027083851425397237,6.288318947501481e-14,2.321796427226345e-11
360,16,141984.5847256499,141984.58472566475,1.0453919037488841e-13,1.4842953532934189e-08,0.0038407101112069592,9.598887591131833e-14,2.499248137244971e-11
360,17,143760.93368514304,143760.93368525032,7.462160707614195e-13,1.0727671906352043e-07,0.0038279189917291043,1.027160150242271e-13,2.6833382641107116e-11
360,18,95747.34395514544,95747.34395505194,9.764871951545406e-13,9.349605534225702e-08,0.0024755689241923486,9.206780064672417e-14,3.7190562438798284e-11
360,19,97793.3961098917,97793.39610990249,1.1026275406268614e-13,1.0782969184219837e-08,0.0028598058593077985,8.217569397299896e-14,2.8734710681685577e-11
360,20,80689.32995913188,80689.32995903588,1.1897358028646215e-12,9.599898476153612e-08,0.0023067267560793136,1.063730042328235e-13,4.611426297131765e-11
360,21,66422.51979623729,66422.51979616685,1.0605713519545603e-12,7.044582162052393e-08,0.002392833162676937,8.629758665319196e-14,3.606502450703603e-11
360,22,100258.24162301712,100258.24162308482,6.752114194951248e-13,6.76955096423626e-08,0.002641629581845696,9.844471379224139e-14,3.726666087811529e-11
360,23,69629.5721835956,69629.57218357097,3.53820822231467e-13,2.463639248162508e-08,0.002104617583102119,8.042640548482038e-14,3.821426093298796e-11
360,24,92987.15836743668,92987.15836725957,1.9046862314536097e-12,1.7711136024445295e-07,0.002860258844950563,7.481407308177056e-14,2.615639952091865e-11
360,25,78406.1888368481,78406.18883685138,4.175921537514898e-14,3.2741809263825417e-09,0.00268701238082578,4.335955340302776e-14,1.6136715153393907e-11
360,26,112254.88060904322,112254.88060901844,2.2076466964691e-13,2.478191163390875e-08,0.0031989757080981146,6.908684878360681e-14,2.1596553111896275e-11
360,27,122262.25415001524,122262.25415008035,5.325050579537771e-13,6.51052687317133e-08,0.0031251421972015602,1.147028607979016e-13,3.6703245343722346e-11
360,28,99033.38722506388,99033.38722496737,9.745026853944076e-13,9.650830179452896e-08,0.002607735410049726,8.917591260250357e-14,3.419668738585908e-11
360,29,125095.01592421229,125095.01592430322,7.269267891308841e-13,9.093491826206446e-08,0.003181582860486805,1.5827371876482134e-13,4.974684793864268e-11
360,30,85234.1419801819,85234.14198016685,1.7653348759737482e-13,1.5046680346131325e-08,0.002291496027548929,6.193311875816637e-14,2.7027373389954966e-11
360,31,81493.16300061684,81493.163000594,2.8034875647620926e-13,2.2846506908535957e-08,0.0023986751021438093,5.3206088455726073e-14,2.2181448587253037e-11
380,0,163180.94438331513,163180.94438267636,3.914494264501292e-12,6.387708708643913e-07,0.004212874632706021,3.048479141511874e-13,7.236102204051712e-11
380,1,109671.72229114034,109671.72229118945,4.4781565265621454e-13,4.9112713895738125e-08,0.0031201708724427368,1.1342812655099684e-13,3.6353177818813423e-11
380,2,80222.8185260186,80222.81852600223,2.0406793145273432e-13,1.6370904631912708e-08,0.0023183633816204114,5.70114128644411e-14,2.4591232468740053e-11
380,3,96180.07213262646,96180.07213266898,4.4209466009397964e-13,4.252069629728794e-08,0.0025980240334549745,1.0944735192547976e-13,4.212715144899208e-11
380,4,89308.12946089017,89308.12946088759,2.884047634822403e-14,2.5756889954209328e-09,0.002771130768457648,9.935450443411966e-14,3.58534160729685e-11
380,5,64975.80053930421,64975.80053920263,1.5633457904095963e-12,1.0157964425161481e-07,0.0022037398801464216,2.0217524109731824e-13,9.17418806632915e-11
380,6,106725.6979996467,106725.69799959836,4.529505385740809e-13,4.834146238863468e-08,0.0028979648268762496,3.2054590980021824e-13,1.1061069714422007e-10
380,7,57297.70596851968,57297.70596856859,8.535941580176422e-13,4.890898708254099e-08,0.002193730367485273,7.319408471819177e-14,3.3365123537083634e-11
380,8,85633.38872647272,85633.38872629909,2.027637292966268e-12,1.7363345250487328e-07,0.0026139295341200846,1.354794902752454e-13,5.182981733317858e-11
380,9,62162.9844872294,62162.98448728224,8.501084783448681e-13,5.284528015181422e-08,0.0021790585898284823,6.220626597273603e-14,2.854731224901785e-11
380,10,56490.38124927996,56490.38124927843,2.717678696162581e-14,1.5352270565927029e-09,0.0017924484629863369,5.229277894965294e-14,2.917393723138383e-11
380,11,99216.56291324571,99216.5629130167,2.3081175483678893e-12,2.2900348994880915e-07,0.0026259612629052557,2.0457287849929988e-13,7.790399705781324e-11
380,12,125145.64280237455,125145.64280230842,5.284918694082764e-13,6.613845471292734e-08,0.003157108482652874,1.6739284230354046e-13,5.3020934574567264e-11
380,13,135893.75573124902,135893.75573131742,5.032902446863265e-13,6.83940015733242e-08,0.0034639805948364602,1.1794607169018276e-13,3.4049287650745285e-11
380,14,88449.1837901221,88449.18379009118,3.496111386811122e-13,3.092281986027956e-08,0.002624490646170551,1.3125907479014764e-13,5.0013161594488954e-11
380,15,101845.19534254962,101845.19534255867,8.887303167911612e-14,9.051291272044182e-09,0.003264886725949044,5.528161060403403e-14,1.693216801816157e-11
380,16,150006.77730762243,150006.77730751704,7.025347252658945e-13,1.0538497008383274e-07,0.003942878448246502,1.5135050120876386e-13,3.8385789264204675e-11
380,17,110814.28683999683,110814.28683996641,2.744547088156633e-13,3.041350282728672e-08,0.0035585171434935722,5.165521948726491e-14,1.4515939478248482e-11
380,18,100287.43114537172,100287.43114535203,1.9632311924951513e-13,1.968874130398035e-08,0.002817777127021244,1.1201151786353962e-13,3.975173081980067e-11
380,19,137455.66420095696,137455.66420102678,5.0794625068072e-13,6.982008926570415e-08,0.003416786676993872,1.1051495557594073e-13,3.234470454947156e-11
380,20,80964.5080951153,80964.50809525969,1.783301180885786e-12,1.443841028958559e-07,0.0024826335556341786,1.7504446913974756e-13,7.05075740003993e-11
380,21,61623.82827948443,61623.82827944859,5.81497324173596e-13,3.583409124985337e-08,0.0019271776421911169,6.856065596393504e-14,3.5575680447383687e-11
380,22,89859.514536538,89859.51453644902,9.902675535296921e-13,8.89849616214633e-08,0.002974301034285157,1.0428857882804758e-13,3.5063222459966076e-11
380,23,70213.11353416802,70213.1135341115,8.049726881784345e-13,5.651963874697685e-08,0.002327864033952182,8.221265222140468e-14,3.531677581779832e-11
380,24,105331.39848759833,105331.39848751086,8.304414798784999e-13,8.747156243771315e-08,0.0028532939081081904,1.2424199214602545e-13,4.354335590630095e-11
380,25,105595.46914619402,105595.46914607119,1.163238512370129e-12,1.228327164426446e-07,0.00296490474628389,1.0530780574713313e-13,3.55181075814056e-11
380,26,126168.97568701896,126168.97568717723,1.254402115590777e-12,1.5826663002371788e-07,0.003392034832233514,1.1496341492248082e-13,3.3892168155236646e-11
380,27,114445.5156147648,114445.51561472082,3.84251733970529e-13,4.3975887820124626e-08,0.003157696390552782,1.182945718104142e-13,3.746230073427387e-11
380,28,92535.11113910448,92535.11113905124,5.754081576727396e-13,5.324545782059431e-08,0.0027515282895659503,1.1597511777294494e-13,4.214934595175268e-11
380,29,92999.48375669016,92999.48375664356,5.010267872361034e-13,4.659523256123066e-08,0.002837848256926954,1.2888318820352405e-13,4.541581386141061e-11
380,30,88228.69837115469,88228.69837112227,3.674730300611713e-13,3.2421667128801346e-08,0.002685076484487197,6.79437487381947e-14,2.5304213541303295e-11
380,31,93701.3719022301,93701.37190217673,5.694887071461462e-13,5.3361873142421246e-08,0.0030000028649633144,7.032397738638562e-14,2.34413034093036e-11
400,0,166729.83577146914,166729.83577149274,1.4156558357535444e-13,2.3603206500411034e-08,0.004738255279403476,1.7050861622490818e-13,3.59855276194367e-11
400,1,122133.46214852123,122133.46214847101,4.1117854656429265e-13,5.0218659453094006e-08,0.0036111724026393,1.7394323865396695e-13,4.8168079299353745e-11
400,2,99367.53001753897,99367.53001756052,2.1688560085379356e-13,2.1551386453211308e-08,0.003337188958540385,5.872610401722432e-14,1.7597476423064393e-11
400,3,76035.03733986121,76035.03733985766,4.669777828674889e-14,3.550667315721512e-09,0.0025855082036771535,4.783908567736062e-14,1.8502778528926834e-11
400,4,83286.97257753243,83286.97257747463,6.939885734622724e-13,5.7800207287073135e-08,0.002455694459335766,6.65546361944701e-14,2.7102164905511916e-11
400,5,75583.76254930167,75583.76254929595,7.56631119153119e-14,5.718902684748173e-09,0.002136971145789131,1.1473836296728484e-13,5.369205063595233e-11
400,6,71471.9737299623,71471.97372999362,4.3835746869181025e-13,3.133027348667383e-08,0.0027115392571432626,5.691655811673188e-14,2.0990497543707732e-11
400,7,59101.43090649585,59101.43090645839,6.338916872368448e-13,3.746390575543046e-08,0.0019129132332480693,6.789986151189293e-14,3.549552605509395e-11
400,8,61414.69505541733,61414.69505539769,3.197575040136723e-13,1.9637809600681067e-08,0.0022606042829194737,5.802419758848469e-14,2.5667560672559402e-11
400,9,56731.796324039824,56731.796324011324,5.023624813847076e-13,2.849992597475648e-08,0.0021198078322023266,5.637665423212758e-14,2.6595172154616392e-11
400,10,62405.698953107916,62405.698953158724,8.141566054411211e-13,5.080801201984286e-08,0.002233443123507688,7.241380862517353e-14,3.2422499531327205e-11
400,11,85687.20910978474,85687.20910964267,1.6580111530125954e-12,1.4207034837454557e-07,0.0025899315806656824,7.630765298924184e-14,2.946319260280509e-11
400,12,116274.18480280827,116274.18480286555,4.925972040654426e-13,5.727633833885193e-08,0.003473224048311014,3.1298089298070336e-13,9.01124973878125e-11
400,13,83092.6971408132,83092.6971408921,9.495477591068708e-13,7.890048436820507e-08,0.0027158426919223592,7.705282078822188e-14,2.8371606727222215e-11
400,14,97562.9453363768,97562.94533631111,6.732816963896654e-13,6.568734534084797e-08,0.00257622532224116,1.3295971512433488e-13,5.1610281902156584e-11
400,15,109556.97136197473,109556.97136199982,2.289904653425996e-13,2.5087501853704453e-08,0.0034098081485802846,7.940063942777202e-14,2.3285955094227267e-11
400,16,104030.45527844915,104030.45527836734,7.864126634349768e-13,8.181086741387844e-08,0.003444724300902717,5.5415090355703497e-14,1.608694499620233e-11
400,17,151801.95808746372,151801.95808748147,1.1695064281304344e-13,1.775333657860756e-08,0.00412420799572246,9.592953913704821e-14,2.326011181699381e-11
400,18,114420.58638750995,114420.58638737962,1.1390166481394636e-12,1.3032695278525352e-07,0.0031774367308159746,1.3229706846237059e-13,4.1636413143746725e-11
400,19,118262.08830452208,118262.0883045686,3.9338450429942144e-13,4.6522472985088825e-08,0.0033062698467972913,9.295481501280003e-14,2.8114709119354664e-11
400,20,88837.77408095605,88837.77408100819,5.869070089005693e-13,5.213951226323843e-08,0.0026140993768930406,1.779342582518043e-13,6.806713617111514e-11
400,21,67291.68653391374,67291.68653391322,7.785047086866912e-15,5.238689482212067e-10,0.002592940265559647,8.69238902709634e-14,3.352329069262385e-11
400,22,99328.48376191284,99328.48376185504,5.819096909363719e-13,5.7800207287073135e-08,0.0025244748662212,9.083323094035589e-14,3.5981039920718326e-11
400,23,83285.65675071016,83285.65675057667,1.6027335749942435e-12,1.3348471838980913e-07,0.002314594020092746,2.461815193835557e-13,1.0636056139715305e-10
400,24,86013.34440170797,86013.34440167321,4.0417595342192143e-13,3.476452548056841e-08,0.0025721868033878,1.7164001696172763e-13,6.672921917477526e-11
400,25,120147.15935677061,120147.15935649104,2.326908075597622e-12,2.7957139536738396e-07,0.0033066280671535334,4.130813159628679e-13,1.2492524335174416e-10
400,26,115934.3062328719,115934.30623281591,4.828701676195861e-13,5.598121788352728e-08,0.003336104557934089,2.480326704318213e-13,7.434799063534765e-11
400,27,106496.62626382943,106496.62626369558,1.2568333943173812e-12,1.338485162705183e-07,0.003134014370062323,2.1457470238633405e-13,6.846640667511455e-11
400,28,108616.59495725526,108616.59495725407,1.0985955223469062e-14,1.1932570487260818e-09,0.0028193699208658115,1.1368539694713696e-13,4.032298000548332e-11
400,29,90194.77290038826,90194.77290042548,4.1270461643351143e-13,3.722379915416241e-08,0.002392786118446406,7.239536513853641e-14,3.025567750516007e-11
400,30,99254.54765149498,99254.5476515457,5.109430829197338e-13,5.071342457085848e-08,0.002948684335829839,1.675384106372863e-13,5.681802171955619e-11
400,31,100767.31765103017,100767.31765100568,2.4304381519965006e-13,2.449087332934141e-08,0.00314619325626273,8.686488948202829e-14,2.760952122350345e-11
420,0,164362.0529885634,164362.05298841742,8.881904972380342e-13,1.4598481357097626e-07,0.004336739540915383,1.2917440443731445e-13,2.9786064673379985e-11
420,1,117319.14129609891,117319.14129601096,7.496796743360908e-13,8.795177564024925e-08,0.0032845613337609105,8.99584642984169e-14,2.738827354927572e-11
420,2,113764.20004079957,113764.20004077151,2.4661618110292566e-13,2.805609256029129e-08,0.0032354200490652203,8.83128392852455e-14,2.7295633316844407e-11
420,3,79162.93820704022,79162.93820702584,1.8161645551892654e-13,1.437729224562645e-08,0.00240193448849629,6.650456453738071e-14,2.7687917741260764e-11
420,4,79810.49149712392,79810.49149716398,5.019568464271093e-13,4.006142262369394e-08,0.002626332465902742,5.795162186780502e-14,2.2065607694449417e-11
420,5,65378.50482185922,65378.5048217948,9.853594677870465e-13,6.442132871598005e-08,0.0022546262587110765,1.6312515786578698e-13,7.235130755509183e-11
420,6,76148.99874821863,76148.99874822226,4.7774479860469826e-14,3.637978807091713e-09,0.0023061217935677583,7.379816799228664e-14,3.2000984595926315e-11
420,7,55351.08867980424,55351.08867973148,1.3145102992054027e-12,7.275957614183426e-08,0.0020389545707136776,5.715465495338732e-14,2.8031352818900535e-11
420,8,61063.803544199,61063.803544240924,6.865616836753308e-13,4.19240677729249e-08,0.001866209147572508,7.309977261609564e-14,3.9170193068220875e-11
420,9,51138.021072584066,51138.02107256692,3.3535580253074025e-13,1.7149432096630335e-08,0.001723585473498364,6.261765883308786e-14,3.6329883139472153e-11
420,10,69214.29151982992,69214.29151987088,5.918379061370092e-13,4.096364136785269e-08,0.0022567585469621615,1.0945303084122583e-13,4.8500106929276185e-11
420,11,96073.38139688777,96073.38139678542,1.0652650954202745e-12,1.0234361980110407e-07,0.0025242383718675696,9.862287253344019e-14,3.9070348360355154e-11
420,12,91763.09817588619,91763.09817579787,9.624301628491254e-13,8.831557352095842e-08,0.0028803321661768472,9.264920361897071e-14,3.2166152469125984e-11
420,13,105347.77884421228,105347.77884421873,6.119254261354254e-14,6.446498446166515e-09,0.002687671293636372,1.0472033253064766e-13,3.896322172231168e-11
420,14,74139.80013800993,74139.8001380455,4.797002521172863e-13,3.5564880818128586e-08,0.0024983387487672926,9.161265305865447e-14,3.6669428076500164e-11
420,15,98909.17142069791,98909.17142070827,1.0475230450094586e-13,1.0360963642597198e-08,0.0027576997605965234,6.506461333459058e-14,2.359379881170206e-11
420,16,174432.57350555388,174432.57350551462,2.2507875964395896e-13,3.9261067286133766e-08,0.004285002086705209,1.4963716499889522e-13,3.492114168699309e-11
420,17,141848.0552334236,141848.05523337837,3.188436560186782e-13,4.5227352529764175e-08,0.0035678332978500015,9.043323364760604e-14,2.5346821473442037e-11
420,18,112775.22416353006,112775.22416351424,1.402606997286738e-13,1.5817931853234768e-08,0.003124612549501282,1.2460598765944602e-13,3.987886039801092e-11
420,19,131635.31914987715,131635.3191499364,4.5014817598036055e-13,5.925539880990982e-08,0.003793075297460864,2.674173706519891e-13,7.050146640405447e-11
420,20,87240.2919453417,87240.29194544854,1.2246653378189926e-12,1.0684016160666943e-07,0.00265394341147781,2.104317874405237e-13,7.929023148362375e-11
420,21,74978.79913269528,74978.79913261675,1.0472578312877667e-12,7.852213457226753e-08,0.002343264358944175,9.420485464082595e-14,4.0202401526422476e-11
420,22,101844.22525010307,101844.22525010207,9.858999352113944e-15,1.0040821507573128e-09,0.003007710931798026,1.9690959223969516e-13,6.546825699169987e-11
420,23,79965.83385467152,79965.83385469827,3.344730980776958e-13,2.6746420189738274e-08,0.0024421337160220394,9.326129517546138e-14,3.81884474890149e-11
420,24,87196.00708279516,87196.00708276506,3.451231506929913e-13,3.009336069226265e-08,0.0025114745580774927,1.11981238959582e-13,4.458784525585474e-11
420,25,71571.66987978935,71571.6698798147,3.5418254695456415e-13,2.5349436327815056e-08,0.0025206815355023897,4.679968317734348e-14,1.8566281586227856e-11
420,26,124763.31390411335,124763.3139040949,1.478946649633745e-13,1.8451828509569168e-08,0.0033913673443401963,2.3566124136302776e-13,6.948856241017821e-11
420,27,112031.23629445254,112031.23629429891,1.3712654983302714e-12,1.5362456906586885e-07,0.0028574498016310703,9.047894791923907e-14,3.1664230065422486e-11
420,28,103846.98079933775,103846.98079922578,1.0781482033011455e-12,1.1196243576705456e-07,0.0028530638348880145,9.109452931934401e-14,3.192866847401235e-11
420,29,87638.76951846131,87638.76951855222,1.0372785347295207e-12,9.090581443160772e-08,0.0027214802387995046,6.577490927883196e-14,2.4168799148748455e-11
420,30,108770.03630740981,108770.03630737276,3.406193233834388e-13,3.7049176171422005e-08,0.0030245568653556386,1.7039523137238523e-13,5.633725499564934e-11
420,31,88106.3064721628,88106.30647215023,1.427009627430172e-13,1.257285475730896e-08,0.002499074659519416,5.4559409879986995e-14,2.1831844707864596e-11
440,0,178944.20377126167,178944.2037711963,3.6529377218264405e-13,6.53672032058239e-08,0.00437658179719296,1.451537156629077e-13,3.316600086305078e-11
440,1,108546.2071676738,108546.20716761854,5.090331902316716e-13,5.5253622122108936e-08,0.003310063739297768,6.999895300803767e-14,2.1147312716971037e-11
440,2,111792.24972908455,111792.24972904689,3.36878063571302e-13,3.766035661101341e-08,0.0028165262717419087,8.452939291021235e-14,3.00119312780032e-11
440,3,85394.69675647658,85394.69675642987,5.470087681939669e-13,4.6711647883057594e-08,0.0029768410845590052,1.5671836682246377e-13,5.264586263451197e-11
440,4,119780.22244171172,119780.22244176784,4.684595167444131e-13,5.611218512058258e-08,0.0032623791805848766,1.0622361819927671e-13,3.2560169226017036e-11
440,5,66568.9526905593,66568.9526904786,1.2121321829468645e-12,8.069036994129419e-08,0.0018939982240330426,7.462052205842888e-14,3.9398411841978106e-11
440,6,74895.49480209345,74895.49480216022,8.914312836061395e-13,6.676418706774712e-08,0.0024058672021402346,5.243984772867924e-14,2.1796650988063907e-11
440,7,75867.34019066479,75867.34019062167,5.683252465855711e-13,4.311732482165098e-08,0.002262739928581537,1.1957388178251755e-13,5.2844730528742486e-11
440,8,69869.6754035221,69869.67540359781,1.0836405707614901e-12,7.571361493319273e-08,0.0023894154185996343,6.462959337689203e-14,2.704828673733558e-11
440,9,139054.1523469001,139054.15234693044,2.1808907410590225e-13,3.032619133591652e-08,0.007449963854619876,1.9290772995986675e-13,2.5893780657773456e-11
440,10,65816.397027379,65816.39702737589,4.731510686577185e-14,3.1141098588705063e-09,0.0018965997187689737,8.504043519332035e-14,4.4838367501455045e-11
440,11,77761.70877979357,77761.70877980224,1.1153229027755513e-13,8.672941476106644e-09,0.002469908404164339,1.698193403294046e-13,6.875531904061495e-11
440,12,85239.15830602724,85239.15830608753,7.072874250432489e-13,6.028858479112387e-08,0.0023200287644847364,6.929725358533274e-14,2.9869135523724624e-11
440,13,102385.14314503167,102385.14314503603,4.249662128340567e-14,4.351022653281689e-09,0.002970264753580885,1.526031848290079e-13,5.137696383631268e-11
440,14,76342.35460882926,76342.35460879684,4.246878065908078e-13,3.2421667128801346e-08,0.002312166091973704,7.932253318736964e-14,3.430658959264302e-11
440,15,104487.17070080304,104487.17070079033,1.2158260109024683e-13,1.2703821994364262e-08,0.003373079445472314,5.775806498974405e-14,1.71232447748218e-11
440,16,175015.1515526729,175015.15155260343,3.9694188008239544e-13,6.947084330022335e-08,0.004346569452529447,1.5879393794922453e-13,3.653316475981218e-11
440,17,119973.52705753742,119973.5270575109,2.2099533285679685e-13,2.6513589546084404e-08,0.003916349692649765,8.674677817126579e-14,2.214990615727513e-11
440,18,115699.55021528661,115699.5502150745,1.8332717454302663e-12,2.1210871636867523e-07,0.002889220286766506,1.1188083247447843e-13,3.8723538314792245e-11
440,19,150756.1911312425,150756.19113120303,2.617789279710203e-13,3.94647940993309e-08,0.00399615706034088,1.3144500370172914e-13,3.289285223702284e-11
440,20,94299.0585508741,94299.05855079112,8.800678800266441e-13,8.298957254737616e-08,0.002704446070756506,1.8628027675585798e-13,6.887927208833365e-11
440,21,78082.09361786395,78082.09361790986,5.879874682944418e-13,4.591129254549742e-08,0.0021638619105182988,6.782087618051102e-14,3.134251582822309e-11
440,22,113791.12036990107,113791.12036993036,2.5742786659872605e-13,2.9293005354702473e-08,0.002910166270450468,1.210234912789122e-13,4.158645246760702e-11
440,23,72621.12829469284,72621.12829459687,1.3215145947834698e-12,9.596988093107939e-08,0.0022855664863060546,7.480843390300471e-14,3.273080627985163e-11
440,24,92176.31543321123,92176.31543318603,2.7343159744537137e-13,2.5203917175531387e-08,0.0024619316330648554,1.2670175304523254e-13,5.146436698061532e-11
440,25,132249.01644648108,132249.01644640826,5.506111558282617e-13,7.281778380274773e-08,0.003677666519938791,2.2446342487275693e-13,6.10341975423309e-11
440,26,114501.33416971724,114501.33416973616,1.6521632637779442e-13,1.8917489796876907e-08,0.0031533321573635324,1.1298835646250946e-13,3.5831416046248654e-11
440,27,89320.65982566231,89320.65982576295,1.1267387177369511e-12,1.0064104571938515e-07,0.002919133449831199,6.96159479091597e-14,2.384815531923746e-11
440,28,101344.01834979346,101344.01834980102,7.452283939891543e-14,7.552444003522396e-09,0.00305916513933256,2.1482234569407985e-13,7.022253978121017e-11
440,29,112975.76082701556,112975.7608270432,2.446019112097946e-13,2.763408701866865e-08,0.002871438600374455,1.0246286070865079e-13,3.56834587009073e-11
440,30,86737.21371861578,86737.21371855547,6.952394954947672e-13,6.030313670635223e-08,0.0027933015214659782,7.241844738902522e-14,2.5925753747851263e-11
440,31,93488.45158340377,93488.45158333151,7.729811522185737e-13,7.226481102406979e-08,0.0029679074414707862,6.992761534388782e-14,2.356125206830356e-11
460,0,145990.40306610946,145990.40306596365,9.987655868187993e-13,1.4581019058823586e-07,0.0040248669236098095,1.7315890578557844e-13,4.3022268579821047e-11
460,1,170011.29669758532,170011.2966974433,8.353956201010358e-13,1.4202669262886047e-07,0.004438161952527391,1.2484215536929393e-13,2.8129247356149404e-11
460,2,106113.95670771589,106113.95670774678,2.911371603541049e-13,3.0893716029822826e-08,0.003205058082569632,5.082377065084229e-14,1.5857363374236837e-11
460,3,109514.94733062419,109514.9473305151,9.960389810764674e-13,1.0908115655183792e-07,0.0029706270059424826,1.1507799314288177e-13,3.873862080721653e-11
460,4,124082.74198965941,124082.74198949839,1.2976578323462402e-12,1.6101694200187922e-07,0.0033225894797538564,1.027962669676306e-13,3.0938600026882244e-11
460,5,71099.03266821225,71099.03266816761,6.279308486371293e-13,4.46452759206295e-08,0.0023310000771383636,1.4887690823191927e-13,6.386825538619821e-11
460,6,87186.00907259723,87186.00907224968,3.986228927048333e-12,3.475433913990855e-07,0.0025930699436239437,1.3402084775298366e-13,5.168423940222868e-11
460,7,64028.31589696002,64028.31589666824,4.557053362352095e-12,2.9178045224398375e-07,0.002081552493583686,1.1758821353874466e-13,5.649063086384358e-11
460,8,62781.01547564553,62781.01547560678,6.172526831486787e-13,3.8751750253140926e-08,0.0023992516616176546,6.160562384330343e-14,2.567701622503735e-11
460,9,400135.43250634446,400135.43250627845,1.649628653539085e-13,6.600748747587204e-08,0.025152630280766454,6.789019526526475e-13,2.699129057575239e-11
460,10,57287.49465878581,57287.49465884298,9.980271483819355e-13,5.717447493225336e-08,0.002173911468585629,7.441660851641114e-14,3.423166471669857e-11
460,11,77990.14683822071,77990.1468381667,6.92609406669635e-13,5.4016709327697754e-08,0.002279412176455693,9.629737822264926e-14,4.224658410502393e-11
460,12,84415.36178579094,84415.36178570973,9.62078905680715e-13,8.12142388895154e-08,0.0026436112680301364,9.195070409787418e-14,3.4782233382744823e-11
460,13,86298.64276749315,86298.64276755441,7.099018147536976e-13,6.126356311142445e-08,0.0027151939923820406,7.777898630347178e-14,2.8645830287520707e-11
460,14,73430.6151491808,73430.61514923647,7.582072892978168e-13,5.5675627663731575e-08,0.0024046541278902713,5.3563825890399465e-14,2.227506453803118e-11
460,15,125222.80346155254,125222.80346152127,2.497313984458262e-13,3.1272065825760365e-08,0.0036020645242036144,2.810363130909215e-13,7.80208991822698e-11
460,16,104097.09214861273,104097.09214852624,8.309221932340526e-13,8.649658411741257e-08,0.0035270239847343177,5.782529276229021e-14,1.6394924733308392e-11
460,17,158164.75292067713,158164.75292060457,4.587358939891328e-13,7.255584932863712e-08,0.004025736567669198,1.0492200790915296e-13,2.6062810157968887e-11
460,18,120338.46608760087,120338.466087498,8.548180153338706e-13,1.0286748874932528e-07,0.003235684003950631,1.7208980846470123e-13,5.318498600437353e-11
460,19,129924.995428884,129924.9954289073,1.7942789313857541e-13,2.3312168195843697e-08,0.0035941299056717843,9.466596793378843e-14,2.63390501785709e-11
460,20,95471.5668285909,95471.56682871122,1.260220598706109e-12,1.2031523510813713e-07,0.0028380019848313434,2.1456676867704106e-13,7.560486913817378e-11
460,21,70242.53340589209,70242.53340584162,7.184541838825968e-13,5.046604201197624e-08,0.0024285480366360874,5.997260330334683e-14,2.469483922023589e-11
460,22,124075.86010535086,124075.86010517798,1.3933149668776124e-12,1.728767529129982e-07,0.0032423040560771365,1.1978622416954912e-13,3.6944784356368284e-11
460,23,94898.55730883479,94898.55730888143,4.914604566130092e-13,4.663888830691576e-08,0.00258687378922261,1.0431191974487475e-13,4.032354426391094e-11
460,24,80496.15062435048,80496.1506243125,4.718299999621124e-13,3.798049874603748e-08,0.0024842873514242764,9.45198297682005e-14,3.804705994015236e-11
460,25,87342.86631671595,87342.86631653579,2.062758757986043e-12,1.8016726244241e-07,0.0030690218048264745,1.6974299707622436e-13,5.53085014936267e-11
460,26,118769.20154772667,118769.20154777003,3.651174447199376e-13,4.336470738053322e-08,0.0030943530093598005,1.1349394226658124e-13,3.667776169147055e-11
460,27,84889.13669166366,84889.13669164291,2.4444860584486233e-13,2.075103111565113e-08,0.002471680358350588,6.44466642032835e-14,2.6074028539147298e-11
460,28,111734.81904636767,111734.8190463473,1.8233064226165117e-13,2.0372681319713593e-08,0.002936122391031002,1.4853356378196595e-13,5.058834203768008e-11
460,29,110816.60611846688,110816.60611849137,2.2100364004253838e-13,2.449087332934141e-08,0.0032205293819655835,1.4272312732374758e-13,4.431666673279399e-11
460,30,90643.97772115194,90643.97772112378,3.1064342800039263e-13,2.8157955966889858e-08,0.002451409998519984,1.1003440623612547e-13,4.4886170123541704e-11
460,31,103742.921325079,103742.92132492793,1.4562726976571345e-12,1.5107798390090466e-07,0.003025776431071289,1.9560891765552594e-13,6.46475118408732e-11
480,0,153515.06983074493,153515.06983100233,1.6766710710755494e-12,2.573942765593529e-07,0.004112551837333683,1.3780191384288092e-13,3.350764179843627e-11
480,1,150208.56839129518,150208.56839128604,6.08394238843167e-14,9.138602763414383e-09,0.003907887055352479,1.254463539906399e-13,3.210081361456492e-11
480,2,131271.38196826036,131271.38196830466,3.374385893633608e-13,4.42960299551487e-08,0.0031933348404981758,1.341597484100037e-13,4.201242748132011e-11
480,3,112445.59690568845,112445.59690563152,5.062634192881524e-13,5.6927092373371124e-08,0.003133312300944492,2.429267431395308e-13,7.753033205988268e-11
480,4,97719.54983801833,97719.54983799937,1.9403635786280577e-13,1.8961145542562008e-08,0.0033149505172397164,1.1453097738299125e-13,3.454983016710502e-11
480,5,89997.44064414562,89997.4406439691,1.9614922643558706e-12,1.7652928363531828e-07,0.0024141140014652834,1.2355273605798686e-13,5.117932955237126e-11
480,6,99428.22716662378,99428.22716658689,3.7101239914587313e-13,3.688910510390997e-08,0.0027427832924604594,1.0467555406184048e-13,3.816398996945055e-11
480,7,68199.36058425116,68199.36058392064,4.846345299287463e-12,3.305176505818963e-07,0.0023125132098394527,1.443911780821921e-13,6.243907168522292e-11
480,8,57070.989256239096,57070.98925619253,8.159334425008804e-13,4.6566128730773926e-08,0.0018949846979498012,5.711970768844039e-14,3.014256935701832e-11
480,9,303355.35633757495,303355.35633770213,4.19256612546494e-13,1.2718373909592628e-07,0.018432132613663187,5.415591322099758e-13,2.9381251945232196e-11
480,10,87990.31026961122,87990.31026958008,3.5391509011941863e-13,3.114109858870506e-08,0.002476728093238101,1.0172175401467527e-13,4.1071022003744345e-11
480,11,72613.81795968278,72613.81795961669,9.102234371416734e-13,6.609479896724224e-08,0.002566332949211829,9.673375347014663e-14,3.769337626275483e-11
480,12,112255.05338388118,112255.05338378092,8.931686628002124e-13,1.0026269592344761e-07,0.0032599345378750083,2.993456890500466e-13,9.182567489382024e-11
480,13,83089.1847496162,83089.18474961378,2.9072591519440265e-14,2.4156179279088974e-09,0.0022960356787539273,7.114323118008368e-14,3.098524636981729e-11
480,14,92682.77726336994,92682.77726344344,7.930461946518547e-13,7.350172381848097e-08,0.0026127933784064216,9.786507232337311e-14,3.745610852055322e-11
480,15,134247.5669981473,134247.56699821763,5.2398683854655e-13,7.034395821392536e-08,0.003446371547319678,1.2989022798780893e-13,3.768897990375733e-11
480,16,154009.02518527783,154009.02518539032,7.303877456528999e-13,1.1248630471527576e-07,0.003907798614403206,1.3612966881723494e-13,3.483538489304216e-11
480,17,172619.9249528286,172619.92495288097,3.03481158599949e-13,5.2386894822120667e-08,0.004696678055541212,1.3736814402274954e-13,2.924793703087123e-11
480,18,121667.34626559987,121667.3462655554,3.6551017428135274e-13,4.44706529378891e-08,0.0031012862660353383,1.9848648052251074e-13,6.400134121648087e-11
480,19,141892.8440273132,141892.8440271701,1.0085324269644872e-12,1.4310353435575962e-07,0.0034517799030329057,9.747452970673065e-14,2.823891802054908e-11
480,20,98301.08512328306,98301.08512335685,7.506810533220671e-13,7.37927621230483e-08,0.0027684385575556885,1.713205621099879e-13,6.188346194009736e-11
480,21,120545.73812411043,120545.73812420918,8.191853007530471e-13,9.874929673969746e-08,0.0032090650784325804,1.5600158193837254e-13,4.861278226696823e-11
480,22,109160.97237716973,109160.97237698559,1.686866022625003e-12,1.8413993529975414e-07,0.002985551104074563,1.180822530645352e-13,3.955124161277654e-11
480,23,72516.30228474141,72516.30228479163,6.925154464703148e-13,5.0218659453094006e-08,0.0023562320977505067,9.34064662459196e-14,3.9642302782944224e-11
480,24,86682.99094432849,86682.99094440024,8.277920871138536e-13,7.175549399107695e-08,0.0022861884259608818,1.006379327075584e-13,4.4019964218504423e-11
480,25,74125.37619372911,74125.37619369195,5.013882343897377e-13,3.716559149324894e-08,0.002578517408219004,9.390904375987971e-14,3.641978272496702e-11
480,26,115803.98422405338,115803.98422370969,2.9678351411348235e-12,3.436871338635683e-07,0.003157592193428158,2.832576751641219e-13,8.970685820470059e-11
480,27,87291.11319740565,87291.11319724412,1.8504318838228854e-12,1.6152625903487206e-07,0.0027114142164012633,1.1179008651301284e-13,4.122943880606561e-11
480,28,82920.29541888654,82920.29541889875,1.472384633330547e-13,1.2209056876599789e-08,0.0025625813580948554,8.857383500492293e-14,3.4564301627000955e-11
480,29,110476.95618845096,110476.95618840023,4.591724666957275e-13,5.0727976486086845e-08,0.002967707392918075,9.584460478997372e-14,3.2295840559852786e-11
480,30,83498.27135895302,83498.27135907263,1.4325655038168612e-12,1.1961674317717552e-07,0.00264491578217315,5.473324105473142e-14,2.0693755704296526e-11
480,31,96475.03987898305,96475.03987906815,8.820892985609242e-13,8.509960025548935e-08,0.002548331624776012,8.457719384616551e-14,3.318924155077284e-11
500,0,142497.6037576148,142497.6037573557,1.8181519681308927e-12,2.5908229872584343e-07,0.003872484586403306,1.1448414179665668e-13,2.9563485468379475e-11
500,1,128385.85540802946,128385.85540817222,1.1120293575313764e-12,1.4276884030550718e-07,0.0037876711322227916,8.878144986172661e-14,2.3439587747319988e-11
500,2,126241.78976799341,126241.78976792468,5.444211124532211e-13,6.872869562357664e-08,0.003487366898000912,1.2418028692080835e-13,3.56086097485149e-11
500,3,86824.54657923784,86824.54657918472,6.117450960145891e-13,5.311449058353901e-08,0.002645747004842048,5.533174965768137e-14,2.0913469638789848e-11
500,4,96161.39805504122,96161.39805508418,4.4672035372812396e-13,4.2957253754138947e-08,0.0025727895647807307,5.805827656490776e-14,2.256627489464224e-11
500,5,84540.33468838893,84540.33468852493,1.6087255891003189e-12,1.360021997243166e-07,0.0024308663469703477,7.498477589008235e-14,3.084693487304509e-11
500,6,83772.8576175572,83772.85761747097,1.029212804482433e-12,8.62200977280736e-08,0.0027677924074286813,7.540504672750806e-14,2.7243750840967188e-11
500,7,78301.36506666664,78301.36506668772,2.692893686840702e-13,2.1085725165903568e-08,0.0023198586331130587,8.272189907303932e-14,3.565816377441686e-11
500,8,63105.81769509866,63105.8176950631,5.63460013026281e-13,3.55576048605144e-08,0.002322176586738527,6.012708702795446e-14,2.5892555876812763e-11
500,9,317222.795938874,317222.7959392097,1.058195012418495e-12,3.3568358048796654e-07,0.020204539412115485,6.045769804101421e-13,2.992282912658886e-11
500,10,71178.19446722303,71178.19446714752,1.0608570319210229e-12,7.55098881199956e-08,0.0022657234204786205,1.0099720704839681e-13,4.457614117219191e-11
500,11,75704.61496032357,75704.61496033838,1.9567961226989034e-13,1.4813849702477455e-08,0.0021202577877445757,1.04102371072552e-13,4.909892168503039e-11
500,12,106342.85699340663,106342.85699329735,1.027665481771012e-12,1.0928488336503506e-07,0.0030396075576930703,2.6035052380826603e-13,8.56526768231423e-11
500,13,78081.23291897998,78081.23291905386,9.461950183481252e-13,7.388007361441851e-08,0.0024945297423247035,7.809326525385106e-14,3.130580643270955e-11
500,14,101864.69110493248,101864.69110490922,2.2842569096085825e-13,2.3268512450158596e-08,0.0027493045073894314,1.3412367262439248e-13,4.878458252401819e-11
500,15,103888.3751847986,103888.37518482424,2.4680792809371244e-13,2.5640474632382393e-08,0.003330806992563148,5.643155349387296e-14,1.6942306660179085e-11
500,16,147509.91631977216,147509.9163196442,8.675317952241637e-13,1.279695425182581e-07,0.0038389885113776414,1.4787647125556077e-13,3.8519644124305136e-11
500,17,114580.51276542805,114580.51276537645,4.503478833737447e-13,5.1601091399788857e-08,0.0034864832054697556,6.004235602502574e-14,1.722146715946555e-11
500,18,114230.47523464666,114230.47523468979,3.7758642471091847e-13,4.313187673687935e-08,0.0033198379683013427,2.962819820154215e-13,8.924591647073869e-11
500,19,134136.27603553658,134136.27603558966,3.957571234422702e-13,5.3085386753082275e-08,0.0038416487370976317,1.594436190257441e-13,4.1503955706841415e-11
500,20,99872.96011096674,99872.96011110448,1.379090771751023e-12,1.3773387763649225e-07,0.002897603136046613,1.9050844349155157e-13,6.574690685607989e-11
500,21,116612.90195202995,116612.90195198303,4.0231718712869273e-13,4.691537469625473e-08,0.00296569945570384,1.2770532236749098e-13,4.306077681670712e-11
500,22,122334.48231607844,122334.48231597482,8.470562541268139e-13,1.0362418834120035e-07,0.003068454282568877,1.7443886065790037e-13,5.6849098795067786e-11
500,23,79323.95935580993,79323.95935582512,1.9152094300121784e-13,1.5192199498414993e-08,0.0023406274440985267,8.794536081408361e-14,3.757341264874231e-11
500,24,81519.37073883644,81519.37073873082,1.2956159961765933e-12,1.0561780072748661e-07,0.002502858237690008,6.814995404173182e-14,2.7228851005413372e-11
500,25,74527.52013264074,74527.5201326372,4.7447109392607255e-14,3.536115400493145e-09,0.002679195826781498,6.535250133254605e-14,2.4392581042145566e-11
500,26,103888.89447700421,103888.89447700548,1.2186255626660351e-14,1.2660166248679161e-09,0.002830411024714318,9.520644864386114e-14,3.363696926437348e-11
500,27,97435.4925255936,97435.49252559259,1.030509647696981e-14,1.0040821507573128e-09,0.002529133912915214,8.826656444938686e-14,3.48999173189867e-11
500,28,88600.07870352146,88600.07870354755,2.9448714252016505e-13,2.6091584004461765e-08,0.002536963512598415,1.1409034845582176e-13,4.497122165504443e-11
500,29,109986.89789532265,109986.8978954838,1.4651555078160593e-12,1.6114790923893452e-07,0.0029056364322171016,9.364106083870587e-14,3.2227383921965865e-11
500,30,89643.12708222425,89643.12708221476,1.058402248751603e-13,9.487848728895187e-09,0.002463339893494374,1.0608004667108092e-13,4.306350372160778e-11
500,31,97166.92864979405,97166.92864979005,4.118455469786393e-14,4.001776687800884e-09,0.0031007494745800106,7.314920074224664e-14,2.3590812912144905e-11
520,0,157743.9961455112,157743.99614556416,3.357907288109655e-13,5.296897143125534e-08,0.004000058381684371,1.1583502669202336e-13,2.8958334013924484e-11
520,1,116070.57823808504,116070.57823800168,7.182519774503806e-13,8.33679223433137e-08,0.003177858832076997,7.279299522977679e-14,2.2906302348931966e-11
520,2,111788.76092790777,111788.76092796697,5.295451050501619e-13,5.919719114899635e-08,0.003194931510594787,8.658093460990969e-14,2.7099464987839146e-11
520,3,93484.34215484963,93484.34215485514,5.8995717832785e-14,5.515175871551037e-09,0.0026208534789356245,6.623576516146899e-14,2.5272593715680868e-11
520,4,97735.41477656945,97735.41477659541,2.6562139043205985e-13,2.5960616767406464e-08,0.0029102834043601374,5.90387100179442e-14,2.0286240827780437e-11
520,5,88783.78506291704,88783.78506283903,8.786831681482215e-13,7.801281753927469e-08,0.0025557450605810726,1.0765331692236647e-13,4.212208744243394e-11
520,6,97214.96482737087,97214.96482738761,1.721412186111312e-13,1.673470251262188e-08,0.0025797004855170292,1.1402165779010678e-13,4.419957217136115e-11
520,7,67381.8124711234,67381.81247108932,5.057831514912197e-13,3.408058546483517e-08,0.0023138874832701255,5.629072810265663e-14,2.4327340248671557e-11
520,8,81588.29739305773,81588.2973929211,1.6746020746201025e-12,1.3662793207913637e-07,0.0025824987616592265,1.1691953558096095e-13,4.5273801217949476e-11
520,9,256087.13712934792,256087.13712957164,8.736133615641613e-13,2.2372114472091198e-07,0.015116519012934947,4.715646863342762e-13,3.119532254289393e-11
520,10,71143.12973404292,71143.1297339259,1.64473998808779e-12,1.1701195035129786e-07,0.0021022021099563835,1.841185481076326e-13,8.758365679285311e-11
520,11,70854.9458532384,70854.9458532416,4.518275064202011e-14,3.2014213502407074e-09,0.0022716055516500727,1.1752886978025207e-13,5.173823848725933e-11
520,12,78552.83301492658,78552.83301487051,7.137683928502407e-13,5.606852937489748e-08,0.0025644322412182955,9.151204908016561e-14,3.5685110961126644e-11
520,13,95692.13112064924,95692.13112067225,2.4042288228528585e-13,2.3006577976047993e-08,0.002862814888856438,2.3898561363502354e-13,8.347924085671086e-11
520,14,70041.91060738906,70041.9106072935,1.364360658868203e-12,9.556242730468512e-08,0.002417960616685124,6.300155901233406e-14,2.6055659706610382e-11
520,15,135711.64789144407,135711.64789152323,5.833133711974214e-13,7.916241884231567e-08,0.003437257300643299,1.4792079222185114e-13,4.3034541578879317e-11
520,16,104316.53086055,104316.53086054575,4.073332588449843e-14,4.249159246683121e-09,0.0035210313021955446,6.603128468196207e-14,1.875339325747781e-11
520,17,154268.9275431148,154268.92754310893,3.810860583455578e-14,5.878973752260208e-09,0.003991919816664857,1.1806176597288815e-13,2.957518472190288e-11
520,18,119413.3937684454,119413.39376844537,2.4372333402707707e-16,2.9103830456733704e-11,0.0030069348532189314,1.1926288096203488e-13,3.9662608863760434e-11
520,19,143520.94916272847,143520.94916268557,2.989044201803962e-13,4.289904609322548e-08,0.0034681999341540123,8.408479762286063e-14,2.424450701207084e-11
520,20,108516.2528325217,108516.25283244581,6.993260081792086e-13,7.588823791593313e-08,0.002931718646785573,1.4897044368012278e-13,5.081334931080922e-11
520,21,87847.10584207751,87847.10584193828,1.584943790354486e-12,1.3923272490501404e-07,0.0028455039187909505,7.030773549952922e-14,2.4708360102840258e-11
520,22,118190.78361572637,118190.78361567293,4.5210490263179125e-13,5.343463271856308e-08,0.0033386472507470747,1.1685524601981346e-13,3.5000776435324235e-11
520,23,78481.5019000454,78481.50190010446,7.52427904245784e-13,5.9051671996712685e-08,0.002763598644453737,7.659466856139319e-14,2.7715554396839315e-11
520,24,88171.64025818325,88171.64025805675,1.4346993966515503e-12,1.2649979908019304e-07,0.002395360993799906,7.379551426345146e-14,3.0807679700246277e-11
520,25,76746.70836235388,76746.70836230868,5.889275209811901e-13,4.519824869930744e-08,0.0021822578782748074,6.328001259804529e-14,2.8997495313467607e-11
520,26,119782.34337543303,119782.34337521465,1.8231450953303897e-12,2.1838059183210135e-07,0.0032248158123402942,1.2132860221353703e-13,3.7623420770034425e-11
520,27,89179.30687586698,89179.30687581631,5.681785450037541e-13,5.066976882517338e-08,0.0026142593531216537,7.600601826804598e-14,2.9073633485249757e-11
520,28,71681.70993507744,71681.70993508174,6.00901807657462e-14,4.307366907596588e-09,0.0022769082537294105,5.886698609731788e-14,2.5853912207880924e-11
520,29,88571.06407784631,88571.06407773365,1.271983450475394e-12,1.1266092769801617e-07,0.002718879868244564,1.1984491058879244e-13,4.4078781114433296e-11
520,30,82084.17495875606,82084.17495855877,2.403567639747008e-12,1.9729486666619778e-07,0.002494050805220289,7.867906194603542e-14,3.1546695753492664e-11
520,31,130046.40189973715,130046.40189944545,2.242992781741877e-12,2.9169314075261354e-07,0.003445360772378511,1.910289482248778e-13,5.544526708388906e-11
540,0,145131.15803748195,145131.1580373917,6.218580452794483e-13,9.025097824633121e-08,0.004128598235938546,2.6360438230883143e-13,6.384839774774535e-11
540,1,118257.09129025502,118257.09129024207,1.0951736096280716e-13,1.2951204553246498e-08,0.003822142306037918,7.59686193690468e-14,1.9875926453350242e-11
540,2,113103.18175978684,113103.18175979129,3.937012195941117e-14,4.452886059880257e-09,0.0029414889144352267,7.599087775872786e-14,2.583415405232713e-11
540,3,90505.2079117543,90505.20791173309,2.3442509986437327e-13,2.121669240295887e-08,0.0028670207588263833,7.482618584856815e-14,2.6098934100219275e-11
540,4,135130.619358752,135130.61935900283,1.8561064255189207e-12,2.5081681087613106e-07,0.003737331918829833,2.0041252961375927e-13,5.3624493078609313e-11
540,5,104856.20807427166,104856.20807429477,2.20382195837927e-13,2.310844138264656e-08,0.0027570297451858547,1.3220840227959285e-13,4.795320127047793e-11
540,6,101062.7294844062,101062.72948439758,8.52414521074499e-14,8.614733815193176e-09,0.0029831760508741284,1.1415331636195496e-13,3.8265698844194663e-11
540,7,76869.69872398068,76869.69872393933,5.378190867150226e-13,4.1341991163790226e-08,0.002113301704344877,8.101629999629869e-14,3.833636239904998e-11
540,8,84124.6499304116,84124.64993042778,1.9235419995601242e-13,1.618172973394394e-08,0.0022347044937990755,1.0539075559723878e-13,4.716093599385475e-11
540,9,78773.9267545709,78773.92675453355,4.742021621900444e-13,3.735476639121771e-08,0.002364464255614752,1.1442231513996412e-13,4.839249097052443e-11
540,10,66375.5709615341,66375.5709615455,1.7166179452398788e-13,1.1394149623811245e-08,0.0020932224030616947,1.3935537433060356e-13,6.65745666235824e-11
540,11,78729.35652022681,78729.35652020363,2.9444164138230677e-13,2.3181200958788395e-08,0.002215020460656459,1.002548080867253e-13,4.526134627984962e-11
540,12,78702.69095316825,78702.69095321398,5.811322206247364e-13,4.5736669562757015e-08,0.002253698718477762,7.615346645215528e-14,3.3790437837934226e-11
540,13,108642.636208519,108642.63620844389,6.914135097445245e-13,7.511698640882969e-08,0.002856986890827486,1.682365868571985e-13,5.8886019882463e-11
540,14,70136.34222421379,70136.34222413677,1.0981936733671623e-12,7.702328730374575e-08,0.002041344995965593,7.166041466488722e-14,3.5104509432022545e-11
540,15,134538.7321046683,134538.73210477203,7.709753921800172e-13,1.0372605174779892e-07,0.0037527929340316984,3.186558604908953e-13,8.491165542367457e-11
540,16,108198.85069970082,108198.85069968065,1.864063654658785e-13,2.0168954506516457e-08,0.0030518108018803354,6.385686000287053e-14,2.0924252566222532e-11
540,17,153188.16057223754,153188.16057229906,4.0163350324010213e-13,6.152549758553505e-08,0.004369924101913928,1.4192742561567475e-13,3.247823584705177e-11
540,18,123643.46212802551,123643.46212819697,1.3867714004829832e-12,1.7146521713584661e-07,0.003293849117774913,8.76338723737255e-14,2.660530863445306e-11
540,19,140980.9890721708,140980.98907204135,9.182361304422518e-13,1.2945383787155151e-07,0.003986885471888059,1.5727967468012665e-13,3.9449258271679784e-11
540,20,107844.1395891567,107844.139589187,2.81068953177831e-13,3.031163942068815e-08,0.0030668043350526083,1.5320256144520665e-13,4.995511441475122e-11
540,21,102594.37029737407,102594.37029754937,1.7085963911354476e-12,1.752923708409071e-07,0.002663437373714646,1.0923199467908878e-13,4.101166250691442e-11
540,22,123625.82615715369,123625.82615715892,4.2375364800819387e-14,5.238689482212067e-09,0.003163257619099628,1.0760270523012208e-13,3.4016421735751795e-11
540,23,94699.89704121661,94699.89704121782,1.2754068395964245e-14,1.2078089639544487e-09,0.0025274024607636354,9.673649962778768e-14,3.8275067437639515e-11
540,24,85979.5948538588,85979.59485375902,1.1605367865539927e-12,9.97824827209115e-08,0.002665439966047998,1.769980709788368e-13,6.640482368142435e-11
540,25,80477.43850852069,80477.43850854046,2.4573412327551564e-13,1.977605279535055e-08,0.002781736179422742,5.599699877978304e-14,2.0130233482962275e-11
540,26,100479.1554827955,100479.15548266924,1.2565035595161658e-12,1.262524165213108e-07,0.002839691454994221,8.496130015880191e-14,2.991920126018389e-11
540,27,89967.30271763605,89967.30271767722,4.575814427854343e-13,4.1167368181049824e-08,0.0025334023628926306,9.934538304491377e-14,3.9214214251967805e-11
540,28,79146.976036057,79146.97603599691,7.593393064793227e-13,6.00994098931551e-08,0.0022312865813624997,7.565491054853253e-14,3.390640681500109e-11
540,29,92149.72791178955,92149.72791170346,9.3423097866797e-13,8.60891304910183e-08,0.0023989436278244224,9.14274969427371e-14,3.8111565391661235e-11
540,30,103665.10151974163,103665.10151963471,1.0313299231415032e-12,1.0691292118281126e-07,0.002911463185653473,2.2274752289237502e-13,7.650707176721087e-11
540,31,142432.27440399144,142432.27440406394,5.089972899126297e-13,7.249764166772366e-08,0.0038945386790417698,2.0967904805046952e-13,5.383925166255078e-11
560,0,140487.36307272137,140487.36307270848,9.177335676561276e-14,1.289299689233303e-08,0.003436830965031241,1.3984950032862226e-13,4.0691410707000624e-11
560,1,138297.84279952437,138297.84279960443,5.789290415942032e-13,8.006463758647442e-08,0.003480852842060237,1.175308370165711e-13,3.3764954265347655e-11
560,2,111975.9022025159,111975.9022025676,4.616029152207867e-13,5.168840289115906e-08,0.0035981253443480177,7.383902628300698e-14,2.052152696653446e-11
560,3,123935.05572211194,123935.05572214801,2.910733984096255e-13,3.6074197851121426e-08,0.0033916081343410057,1.0247495384351391e-13,3.021426703336421e-11
560,4,143174.24759384256,143174.2475937558,6.059645505359328e-13,8.675851859152317e-08,0.003836426270866121,3.4081191369649856e-13,8.883577830874039e-11
560,5,92123.30041694551,92123.30041698685,4.4876802043216445e-13,4.1341991163790226e-08,0.0027306605133751135,2.312626934314409e-13,8.469111861349659e-11
560,6,106239.54649970452,106239.54649982104,1.0967402353685448e-12,1.1651718523353338e-07,0.0029527053059077756,9.699551224625273e-14,3.284970973980352e-11
560,7,73611.17717760165,73611.17717755519,6.312120944903658e-13,4.646426532417536e-08,0.0024470754675581267,6.423296198031559e-14,2.624886842758949e-11
560,8,70405.99512290399,70405.99512294357,5.621852138026461e-13,3.958120942115784e-08,0.0024054436937032187,5.523169802746284e-14,2.296112695219036e-11
560,9,79003.81942696498,79003.81942682754,1.7396986668345045e-12,1.3744283933192492e-07,0.002352266681634582,1.081763152834344e-13,4.5988116963108933e-11
560,10,76885.08632796333,76885.08632784557,1.531748945963531e-12,1.1776864994317293e-07,0.002294225284559987,1.0295153697895139e-13,4.487420554197993e-11
560,11,73446.03177673343,73446.03177669672,4.998838090092724e-13,3.671448212116957e-08,0.002290448251684626,1.1747312983199735e-13,5.128827064553749e-11
560,12,577069.3748720023,577069.3748714929,8.827941154001846e-13,5.094334483146667e-07,0.031306197347871614,1.3690285906329945e-12,4.3730274086642946e-11
560,13,76248.4193426351,76248.41934262017,1.958108135620849e-13,1.493026502430439e-08,0.0025588481938331165,9.031108360977115e-14,3.5293646503698024e-11
560,14,67622.09244432952,67622.09244419538,1.9836646534639132e-12,1.3413955457508564e-07,0.002275690193039228,9.723350510156761e-14,4.2727039646686605e-11
560,15,109941.69960971654,109941.69960972153,4.539957942298996e-14,4.99130692332983e-09,0.0034387300596816646,8.027565186353624e-14,2.334456339122104e-11
560,16,114047.5139839174,114047.51398392353,5.384517392669149e-14,6.1409082263708115e-09,0.0034587855096966367,6.879101331771237e-14,1.9888776891442946e-11
560,17,116996.55659365162,116996.55659363518,1.4054827498185358e-13,1.6443664208054543e-08,0.0035376294521221098,5.736151570269978e-14,1.621467609285375e-11
560,18,119395.89103103051,119395.89103086994,1.3448187474732227e-12,1.6056583262979984e-07,0.003012797927477818,1.7868627396787319e-13,5.930908022014917e-11
560,19,157751.49733442502,157751.4973343182,6.770842722955509e-13,1.0681105777621269e-07,0.004074139537366389,1.0205209388445193e-13,2.5048747827233637e-11
560,20,114253.83612406619,114253.83612395602,9.642787842530822e-13,1.1017255019396544e-07,0.002967740381687635,1.0981074167091748e-13,3.700146493557968e-11
560,21,104361.1158110187,104361.11581108047,5.919147152113446e-13,6.177288014441729e-08,0.0029754990097857568,6.916708761194668e-14,2.324554213745963e-11
560,22,128586.32169212734,128586.32169228322,1.2122604789915958e-12,1.5588011592626572e-07,0.003998164333441854,7.380002750376829e-14,1.845847777853568e-11
560,23,92512.81211016761,92512.81211012836,4.242278931502939e-13,3.92465153709054e-08,0.0028356639973329783,2.344988237437715e-13,8.269626583555723e-11
560,24,101262.97316063335,101262.97316052795,1.0408495692879365e-12,1.0539952199906111e-07,0.0025619177406574433,7.96567219466938e-14,3.109261499014933e-11
560,25,77415.6090706913,77415.6090707024,1.434221270429483e-13,1.1103111319243908e-08,0.002644048690813242,6.318864665673802e-14,2.3898442897926994e-11
560,26,119944.77041152923,119944.77041151018,1.5881023381492296e-13,1.904845703393221e-08,0.003025702081038321,1.470059770870188e-13,4.858574081310967e-11
560,27,102595.91756706685,102595.91756693998,1.2365365013473525e-12,1.2686359696090221e-07,0.0027307865294580558,1.2298782271755092e-13,4.503750893408771e-11
560,28,75669.4102015801,75669.41020144982,1.7217432604866252e-12,1.3028329703956842e-07,0.002377983700467162,1.2876325094571218e-13,5.414807970316115e-11
560,29,83975.13821186183,83975.13821179862,7.527647003395635e-13,6.32135197520256e-08,0.0026484027008398733,1.7470599829645632e-13,6.59665534403239e-11
560,30,86507.0837346167,86507.08373449952,1.3544789208045202e-12,1.1717202141880989e-07,0.0024236651487935116,8.227808033193865e-14,3.394779199300501e-11
560,31,88677.45357136319,88677.45357138551,2.5172845025765883e-13,2.232263796031475e-08,0.0027855097024152456,7.523337770441644e-14,2.7008837068196266e-11
580,0,138138.30375787814,138138.3037579475,5.020651484179027e-13,6.935442797839642e-08,0.003681927683707037,8.49517435535785e-14,2.3072626855082838e-11
580,1,128667.2109709603,128667.21097096456,3.313751133436623e-14,4.2637111619114876e-09,0.0035564978842900744,1.527768130931209e-13,4.2957093765744314e-11
580,2,123951.33621490892,123951.33621496936,4.875631500948555e-13,6.043410394340754e-08,0.00335036522422157,9.633467725203071e-14,2.8753485308281974e-11
580,3,111674.11121010901,111674.11121004714,5.54065242879809e-13,6.187474355101585e-08,0.0030359651001722783,1.0453909813419478e-13,3.443356385363494e-11
580,4,111986.24096399505,111986.24096393067,5.748712736147038e-13,6.437767297029495e-08,0.0035997002757908974,7.43118631431531e-14,2.0643902950177048e-11
580,5,97003.40270380433,97003.40270385574,5.300011656168819e-13,5.141191650182009e-08,0.002460547890529555,1.295470606530122e-13,5.264968064699119e-11
580,6,127792.40394039771,127792.40394032875,5.396371313227203e-13,6.896152626723051e-08,0.0031529340165062157,1.16657475912525e-13,3.6999656606132656e-11
580,7,108910.96564051638,108910.96564048412,2.9621990652231945e-13,3.226159606128931e-08,0.0029015397154850977,1.450929658572136e-13,5.000550744932736e-11
580,8,93333.7236094356,93333.72360940557,3.2180386541775956e-13,3.003515303134918e-08,0.002458300332514361,9.617878991587735e-14,3.9124100763352156e-11
580,9,69581.30993724792,69581.30993711867,1.8575406409410646e-12,1.2925011105835438e-07,0.0023122499373009813,8.386948248742553e-14,3.62718065787168e-11
580,10,80948.16106886802,80948.16106895241,1.0424765095961362e-12,8.438655640929937e-08,0.002350885044412267,1.0546603097740939e-13,4.486226633160406e-11
580,11,79573.51188693568,79573.51188692111,1.8305673330457506e-13,1.4566467143595219e-08,0.0022720605888612868,1.1715821517121003e-13,5.1564740722838225e-11
580,12,540037.6515285544,540037.6515289395,7.131019170857538e-13,3.8510188460350037e-07,0.02816012719729119,1.3069119766538706e-12,4.641001681198004e-11
580,13,75224.61579195384,75224.61579202359,9.271875828845725e-13,6.974732968956232e-08,0.0021277626015146624,8.406977972454204e-14,3.9510883246420775e-11
580,14,79981.51029972533,79981.51029975114,3.227633176515729e-13,2.5815097615122795e-08,0.0021790708440388748,1.4306977365352567e-13,6.565632046563283e-11
580,15,96921.05831479683,96921.05831478535,1.1846198663958032e-13,1.1481461115181446e-08,0.0026686913962499278,6.59587875557587e-14,2.471577929484343e-11
580,16,103155.52949217737,103155.52949227628,9.588372847692097e-13,9.890936780720949e-08,0.003324822967935017,7.966504479584256e-14,2.3960687701011193e-11
580,17,110493.1961589441,110493.19615891311,2.8052025386101015e-13,3.0995579436421394e-08,0.0028903981918432437,6.795355169713606e-14,2.35101004037785e-11
580,18,121599.89321576127,121599.893215716,3.722948028837696e-13,4.5271008275449276e-08,0.0035590760961240818,2.680853312874537e-13,7.532441680002577e-11
580,19,144431.8715350083,144431.87153491736,6.297049896999218e-13,9.094947017729282e-08,0.003946418833658812,8.784961106868685e-14,2.2260589859196813e-11
580,20,112656.30157089038,112656.30157081866,6.366833382639096e-13,7.172639016062021e-08,0.0031537172728016327,1.40821069180635e-13,4.4652407619133446e-11
580,21,107506.25189873882,107506.25189870333,3.301400673461961e-13,3.549212124198675e-08,0.0033301827340935543,1.0721817462930451e-13,3.219588328641346e-11
580,22,142720.75584750206,142720.75584721673,1.9992463752272876e-12,2.8533395379781723e-07,0.0035323589072871905,9.745662560730279e-14,2.758967255741117e-11
580,23,114893.29811768328,114893.2981176499,2.90548657587328e-13,3.338209353387356e-08,0.003133078797973257,9.786528275139112e-14,3.1236138336098586e-11
580,24,92445.10691291915,92445.10691293133,1.3175335561693113e-13,1.2179953046143055e-08,0.002695699835170772,1.8576595473440604e-13,6.891195833850503e-11
580,25,77230.32557033957,77230.32557035747,2.317594234998967e-13,1.7898855730891228e-08,0.0022587852310950152,5.435095539515714e-14,2.406202884937785e-11
580,26,107779.01578005374,107779.01577994239,1.0331441099323019e-12,1.1135125532746315e-07,0.0031344958896165342,2.8504356815805726e-13,9.09376110851829e-11
580,27,84380.78602077652,84380.78602085769,9.619557599741273e-13,8.11705831438303e-08,0.002582304010608543,6.71663882211925e-14,2.601025593627345e-11
580,28,82424.66053999297,82424.66054006801,9.104584276240474e-13,7.504422683268785e-08,0.0022482420470255554,1.1079016757167681e-13,4.927857644076031e-11
580,29,89382.81021593185,89382.81021600199,7.847172317728966e-13,7.014023140072823e-08,0.0025450146496637876,8.830502755239872e-14,3.469725707239679e-11
580,30,85410.06479075957,85410.06479079016,3.581325676893342e-13,3.058812581002712e-08,0.002738699566656973,1.4589393395177963e-13,5.327124439935142e-11
580,31,87109.97602241542,87109.97602248305,7.764587372179333e-13,6.763730198144913e-08,0.002378256921989097,7.775163181917793e-14,3.2692696529250303e-11
600,0,0.0,1.799696898541559e-09,,1.799696898541559e-09,2.8868672914225e-19,7.215491256020349e-17,7.215491256020349e-06
600,1,128553.63414479687,128553.63414469948,7.576290570965658e-13,9.739596862345934e-08,0.003509384885008411,1.3034515463556263e-13,3.714188067326988e-11
600,2,113452.54268206358,113452.542682063,5.1305735012556775e-15,5.820766091346741e-10,0.003160421908960659,6.945601087967214e-14,2.1976816032930178e-11
600,3,103967.13553494417,103967.13553493265,1.1085346154403632e-13,1.1525116860866547e-08,0.0029637148880548893,7.172455367986362e-14,2.420089529156245e-11
600,4,105668.45975445407,105668.45975446928,1.4391003189579825e-13,1.520675141364336e-08,0.002767024217966641,7.497852056263889e-14,2.7097168169254646e-11
600,5,89708.23068318547,89708.23068304946,1.5160504079566946e-12,1.360021997243166e-07,0.0026477635488216145,2.363833123943147e-13,8.927659439209277e-11
600,6,104882.48943843048,104882.48943827538,1.478743623786499e-12,1.550943125039339e-07,0.0033538547083449373,7.164952106808233e-14,2.1363334818830424e-11
600,7,102824.0459025574,102824.0459024583,9.637681714945388e-13,9.909854270517826e-08,0.002804761123402385,1.389122751184422e-13,4.952731052900941e-11
600,8,97726.14295808165,97726.14295813821,5.787938905654348e-13,5.656329449266195e-08,0.002928598517693651,1.336597564385535e-13,4.5639494669902e-11
600,9,72955.28655026508,72955.28655029912,4.665450761501586e-13,3.4036929719150066e-08,0.0021721198678186886,7.346467278200164e-14,3.3821647631156695e-11
600,10,68034.98709796558,68034.98709799,3.589052455913487e-13,2.4418113753199577e-08,0.002231719050952281,1.2838706440549586e-13,5.7528327479534926e-11
600,11,84249.97124293762,84249.97124277118,1.975606684803617e-12,1.6644480638206005e-07,0.0024889789324134583,3.4745895001722556e-13,1.395989919771281e-10
600,12,222368.4997419896,222368.49974192216,3.032514733269057e-13,6.743357516825199e-08,0.00891739160959707,2.807030871174331e-13,3.147816081278077e-11
600,13,69423.13718582259,69423.13718582316,8.174863840958855e-15,5.675246939063072e-10,0.002238493740475192,1.554788832507652e-13,6.945692116063921e-11
600,14,69445.24867785224,69445.24867781135,5.888218786773808e-13,4.0890881791710854e-08,0.002295086679593179,1.1570870931812008e-13,5.041583411508717e-11
600,15,97691.82542699069,97691.82542696882,2.2388289391297036e-13,2.1871528588235378e-08,0.003034385890063218,8.226732611372542e-14,2.7111688853789487e-11
600,16,97402.06531362279,97402.06531359901,2.4412038293633424e-13,2.3777829483151436e-08,0.002760439322289421,5.696893834624156e-14,2.0637634700476033e-11
600,17,115126.6354898793,115126.6354900043,1.0856427738429858e-12,1.249863998964429e-07,0.0033985941421236497,6.52129324030416e-14,1.9188208322601773e-11
600,18,114940.29644657939,114940.29644655829,1.8357597581922608e-13,2.1100277081131935e-08,0.002936927494982806,1.6509920107563097e-13,5.6214939373775305e-11
600,19,151761.27103969807,151761.27103975622,3.8316398415866635e-13,5.814945325255394e-08,0.0037465068462245008,1.3382167457586328e-13,3.571905245835077e-11
600,20,110048.66506373642,110048.66506367341,5.725629920393433e-13,6.300979293882847e-08,0.0028926028950094257,1.2465689524757687e-13,4.309505997613574e-11
600,21,102366.94399872514,102366.9439986575,6.607338203071831e-13,6.763730198144913e-08,0.002903610073545133,7.387121811812335e-14,2.544116332670374e-11
600,22,139166.90409045096,139166.90409038257,4.914530650827139e-13,6.83940015733242e-08,0.003828026677489171,1.6722211022554203e-13,4.368363240750101e-11
600,23,111011.60432447186,111011.6043244062,5.91453856648005e-13,6.565824151039124e-08,0.003075310479122956,3.4164170365312743e-13,1.1109177625232377e-10
600,24,109807.48365541176,109807.48365524712,1.4993547198513588e-12,1.6464036889374256e-07,0.0027547773379573036,1.0943725303913437e-13,3.9726351575217277e-11
600,25,90862.79441581121,90862.79441582123,1.1034516004935978e-13,1.0026269592344761e-08,0.0032045654355119814,6.268551445764898e-14,1.9561315167101158e-11
600,26,107966.55436556583,107966.5543655004,6.059785018720921e-13,6.542541086673737e-08,0.002678523963124191,9.010142372601879e-14,3.3638460945828584e-11
600,27,93482.0660606018,93482.06606059815,3.907199397959654e-14,3.65253072232008e-09,0.002530467334001117,1.195967837184891e-13,4.726272578645848e-11
600,28,75861.3847675676,75861.38476756975,2.8389719755274505e-14,2.153683453798294e-09,0.002265003461842133,8.32348589899436e-14,3.674822594851748e-11
600,29,80667.6373202881,80667.63731978385,6.2508142215208114e-12,5.042384145781398e-07,0.002762079293697987,2.287255290653532e-13,8.28091827729989e-11
600,30,91901.98847999811,91901.98848001061,1.3601550290598655e-13,1.2500095181167126e-08,0.00246937536023031,1.2588958386730027e-13,5.0980335308587166e-11
600,31,94937.00133000319,94937.00133004902,4.828310598311379e-13,4.583853296935558e-08,0.002898849285984679,1.1875914718251515e-13,4.096768595617733e-11
620,0,112227.17803977421,112227.17803987916,9.35142578295849e-13,1.0494841262698174e-07,0.0035361085836864525,5.105934705090391e-14,1.4439417184885905e-11
620,1,126700.45915343345,126700.45915326035,1.3661752514393553e-12,1.730950316414237e-07,0.0031344327642128865,1.2575738268205155e-13,4.0121257063759025e-11
620,2,116728.11321266643,116728.11321254961,1.0008109635121934e-12,1.1682277545332909e-07,0.0031693493017911243,8.464278951668487e-14,2.6706677446011613e-11
620,3,111512.8786403416,111512.87864034133,2.479412178307329e-15,2.764863893389702e-10,0.0027999974719105348,1.137583920878533e-13,4.062803385684289e-11
620,4,112623.3918111355,112623.39181116922,2.9937641765102915e-13,3.3716787584125996e-08,0.003547447710859456,7.069281840784155e-14,1.9927797157217085e-11
620,5,98275.71159884744,98275.71159890365,5.72003474842714e-13,5.621404852718115e-08,0.0025569330502657173,1.2169706661755653e-13,4.759493667810706e-11
620,6,115735.79213100487,115735.79213104608,3.5607847121387404e-13,4.1211023926734924e-08,0.0032753554558743155,7.612222336800041e-14,2.3240904504419707e-11
620,7,94822.47716465789,94822.47716463455,2.4615758546118387e-13,2.334127202630043e-08,0.0028625800172146832,6.924158854250017e-14,2.4188525080908046e-11
620,8,83655.42818515102,83655.42818518083,3.5642486028439485e-13,2.981687430292368e-08,0.002642978041287102,5.775430043469823e-14,2.1851978916394784e-11
620,9,71189.76634393311,71189.76634389834,4.883359963932666e-13,3.476452548056841e-08,0.00241589154263542,6.892774645191372e-14,2.8530977171567175e-11
620,10,79777.92536701403,79777.9253668712,1.790307874131253e-12,1.4282704796642065e-07,0.0022282206849271458,1.1857072055106098e-13,5.321318545920534e-11
620,11,84844.9782956696,84844.97829571058,4.829772380903838e-13,4.0978193283081055e-08,0.002535004109020525,9.107930724895421e-14,3.592866257094322e-11
620,12,395244.1193389252,395244.1193389851,1.5168825494772374e-13,5.995389074087143e-08,0.019195962382416772,4.130707494304937e-13,2.1518626740425395e-11
620,13,85071.2523153722,85071.25231540833,4.247310875134001e-13,3.613240551203489e-08,0.002678160539687158,2.9872360587333053e-13,1.1154058968706294e-10
620,14,71970.322411689,71970.32241170616,2.383858718334437e-13,1.7156708054244518e-08,0.0022413933058391335,8.456881886267404e-14,3.773046820580756e-11
620,15,129771.69615182937,129771.69615190272,5.652712173875922e-13,7.33562046661973e-08,0.0036783356434168116,3.412639279772235e-13,9.277672324111635e-11
620,16,101976.1556138759,101976.15561395857,8.106741219523209e-13,8.266943041235209e-08,0.0034274185758588456,7.409813592783425e-14,2.1619225749008135e-11
620,17,105278.77175344888,105278.7717534799,2.946907790635559e-13,3.102468326687813e-08,0.0031495611689311654,8.908962714944016e-14,2.8286361931391165e-11
620,18,111612.1998522727,111612.19985241772,1.299359634142638e-12,1.4502438716590405e-07,0.0029672237984825593,1.1036928414005771e-13,3.7196144152154887e-11
620,19,153120.60461503084,153120.60461502927,1.0263849523157812e-14,1.57160684466362e-09,0.0041293809302576315,2.478849707858374e-13,6.002957222218786e-11
620,20,112136.57329774396,112136.57329766537,7.00885463476086e-13,7.859489414840937e-08,0.0031440860463152137,1.432024657412565e-13,4.554661152136306e-11
620,21,101446.41607875052,101446.41607877568,2.4801528139066987e-13,2.5160261429846287e-08,0.0031501069368342575,8.702747684483856e-14,2.7626832545658246e-11
620,22,149860.08738652046,149860.08738643755,5.532948393215236e-13,8.291681297123432e-08,0.0036740934984748467,1.660978264371756e-13,4.520783875155279e-11
620,23,110606.62420578564,110606.6242055906,1.7633602074585216e-12,1.9503931980580091e-07,0.0030815776226508244,1.1852900447267183e-13,3.846374129972744e-11
620,24,113939.95127647753,113939.95127645704,1.7982363878516442e-13,2.0489096641540527e-08,0.0031876947440724825,1.352553324521682e-13,4.24304531366037e-11
620,25,90983.33858782263,90983.3385877659,6.234478360608977e-13,5.672336556017399e-08,0.0029134077305752377,6.438668791521972e-14,2.2100129425585472e-11
620,26,115467.6817966168,115467.68179629935,2.749254386746718e-12,3.1745003070682287e-07,0.00353892220594693,2.4036283543550933e-13,6.791978502143479e-11
620,27,83656.02577296185,83656.02577295841,4.105205766306614e-14,3.434251993894577e-09,0.0025778474436532403,1.3944958610869767e-13,5.4095360240198796e-11
620,28,94359.29360684035,94359.29360666506,1.8577117752839948e-12,1.752923708409071e-07,0.0026484791457643654,1.4432721149018858e-13,5.449437339199502e-11
620,29,97976.2409755175,97976.24097546267,5.596419706915244e-13,5.48316165804863e-08,0.0025787125801725705,1.2617651572673535e-13,4.8930042338528956e-11
620,30,70147.79881180868,70147.7988116534,2.2136615835729154e-12,1.5528348740190268e-07,0.0022716589482268223,8.134397510026815e-14,3.5808181137296886e-11
620,31,100755.54474280102,100755.54474284341,4.207185735379728e-13,4.238972906023264e-08,0.0029211072214546455,2.0390360279931165e-13,6.980353247621247e-11
640,0,101858.12634024899,101858.12634033947,8.8833176243328e-13,9.048380888998508e-08,0.0031844063554122694,1.0696306272100296e-13,3.358963988349108e-11
640,1,93089.4184823002,93089.41848234762,5.09453088250463e-13,4.742469172924757e-08,0.003022370632779612,4.822150762880405e-14,1.595486242018059e-11
640,2,122022.81802287184,122022.81802295157,6.534019196415991e-13,7.972994353622198e-08,0.003083393136515374,1.3322467162323102e-13,4.32071635775218e-11
640,3,92704.5478328041,92704.54783266046,1.5494596390057635e-12,1.436419552192092e-07,0.0028325509219090396,1.3056034202133567e-13,4.609284903281976e-11
640,4,141428.94916357935,141428.94916363788,4.138318455636486e-13,5.852780304849148e-08,0.0038515376118278015,1.507089260743393e-13,3.912954805673416e-11
640,5,98697.06427652779,98697.0642765928,6.587628286306153e-13,6.50179572403431e-08,0.002894687254315761,1.858089636765066e-13,6.41896506779709e-11
640,6,118739.1882126235,118739.18821266183,3.228061879864136e-13,3.832974471151829e-08,0.00364925431117511,8.404024609473472e-14,2.3029429831014944e-11
640,7,94929.82667722533,94929.82667718266,4.4945005108502625e-13,4.266621544957161e-08,0.0026274906211020657,9.194842315538553e-14,3.4994767409222346e-11
640,8,88360.04221594615,88360.04221584022,1.198770261883901e-12,1.0592339094728231e-07,0.002536878124423863,6.715611230376588e-14,2.647195056680894e-11
640,9,79578.95003454188,79578.95003453764,5.3212656482859964e-14,4.234607331454754e-09,0.0023522034318727227,8.013996796581327e-14,3.407016879573721e-11
640,10,74425.87559259639,74425.8755925364,8.061382685637475e-13,5.999754648655653e-08,0.0023084758242748653,8.318847393904005e-14,3.603610359019982e-11
640,11,84722.63878326293,84722.63878332579,7.420008947946475e-13,6.28642737865448e-08,0.0023801537757469136,1.7409456619444403e-13,7.314425142123527e-11
640,12,94073.51547256745,94073.51547256329,4.424037662892003e-14,4.16184775531292e-09,0.0024874583842757238,1.031375248232848e-13,4.146301521073119e-11
640,13,101467.71061201933,101467.71061205372,3.3888786370782335e-13,3.438617568463087e-08,0.0028495537174638955,2.1721082058932107e-13,7.622625931145734e-11
640,14,76527.61677020993,76527.61677019535,1.905327733203312e-13,1.4581019058823586e-08,0.0021545077242148335,1.2613653463200293e-13,5.85454084078402e-11
640,15,123670.96750717172,123670.96750710467,5.422066854003216e-13,6.705522537231445e-08,0.0034492376365922372,2.6152918539355456e-13,7.582231581235291e-11
640,16,129584.78256081803,129584.78256075855,4.589557227556603e-13,5.9473677538335323e-08,0.003365009863301158,1.2894569775611198e-13,3.831956011850063e-11
640,17,102406.0464714457,102406.04647145793,1.193641314454661e-13,1.2223608791828156e-08,0.0033066312726339076,5.251653471138127e-14,1.5882186546173054e-11
640,18,109061.3500324121,109061.35003236751,4.0882556695350957e-13,4.4587068259716034e-08,0.0027888866671091275,1.0936197494585777e-13,3.921348839148866e-11
640,19,141447.69845920845,141447.69845884168,2.592947608274648e-12,3.6676647141575813e-07,0.004029469250559076,1.8041261584704794e-13,4.4773295098855133e-11
640,20,112426.87915470835,112426.8791546644,3.9089214536671086e-13,4.394678398966789e-08,0.0029878998786952624,1.3936638175962767e-13,4.6643591625459565e-11
640,21,146122.93573738178,146122.93573728227,6.80974522099726e-13,9.950599633157253e-08,0.003681731601022419,2.012701344313629e-13,5.466724798066985e-11
640,22,148445.45534563434,148445.45534559476,2.6663806802975925e-13,3.958120942115784e-08,0.003954472572885705,1.8316679349052768e-13,4.631889338326079e-11
640,23,117504.33129602193,117504.3312960727,4.3208307023054224e-13,5.0771632231771946e-08,0.003266678701799911,1.4140224504875648e-13,4.3286242069305704e-11
640,24,129890.7961775841,129890.79617753267,3.9592080370913436e-13,5.1426468417048454e-08,0.0032813188209502016,1.238447541196041e-13,3.774237155161261e-11
640,25,80750.23661028082,80750.23661024305,4.676422212836494e-13,3.776222001761198e-08,0.0023660221674850984,5.380297879949296e-14,2.2739845610440614e-11
640,26,121111.60365145754,121111.60365155134,7.745058502569325e-13,9.380164556205273e-08,0.0030293862153078573,9.244526663027459e-14,3.051617062332232e-11
640,27,92186.9532131709,92186.95321308452,9.370107784758023e-13,8.638016879558563e-08,0.002360464609943549,8.749555378050513e-14,3.70670898482964e-11
640,28,86816.14425923694,86816.144259192,5.176032016696684e-13,4.493631422519684e-08,0.0023930498934284995,9.797749381266007e-14,4.094252028831956e-11
640,29,93193.47994955252,93193.47994936923,1.966832060737839e-12,1.8329592421650887e-07,0.0028135123169635277,1.4740326933414645e-13,5.2391193898602123e-11
640,30,79820.05270198557,79820.05270201828,4.098306669315809e-13,3.271270543336868e-08,0.0021660318944033397,1.1934257591119584e-13,5.5097330847049445e-11
640,31,110981.8087832093,110981.80878320518,3.710691017545274e-14,4.118192009627819e-09,0.002821980098007632,1.2570536416695152e-13,4.454509238236599e-11
660,0,110094.05129544988,110094.051295513,5.732521930368403e-13,6.311165634542704e-08,0.003632692420802794,9.69683801213558e-14,2.6693253622591124e-11
660,1,94397.3680126507,94397.3680125976,5.625150339063949e-13,5.309993866831064e-08,0.003079378425473989,6.179849627047894e-14,2.006849686263141e-11
660,2,99326.45626215485,99326.45626217894,2.424673204829049e-13,2.408341970294714e-08,0.003085897592252172,6.514545797049589e-14,2.1110699892977433e-11
660,3,93598.58106467039,93598.5810646209,5.287586962187026e-13,4.949106369167566e-08,0.002574214768143964,8.02862021290675e-14,3.1188618417785806e-11
660,4,133928.7963415436,133928.79634154472,8.257712960665394e-15,1.1059455573558807e-09,0.003626874949210649,1.3198895621348927e-13,3.639192364275337e-11
660,5,107283.69996421464,107283.69996425173,3.457452709915833e-13,3.7092831917107105e-08,0.0028056421451974904,1.4564542381379592e-13,5.191161818805232e-11
660,6,136174.33270787663,136174.33270791537,2.844676934897285e-13,3.873719833791256e-08,0.0034532295887512235,1.219847529998047e-13,3.5324831397588547e-11
660,7,94762.20418120129,94762.20418113878,6.597042392716481e-13,6.2515027821064e-08,0.0029382657635343636,1.7369370535136258e-13,5.911436178000086e-11
660,8,86115.05279726915,86115.05279729658,3.1853153791878506e-13,2.7430360205471516e-08,0.003026541368863318,6.89638896012262e-14,2.278636938874033e-11
660,9,75597.42010266925,75597.42010249574,2.2950847400901164e-12,1.7350248526781797e-07,0.002351406635972254,8.122867550939431e-14,3.454471645471397e-11
660,10,78111.84537978543,78111.84537991781,1.6947336500478013e-12,1.3237877283245325e-07,0.002152992603723511,9.730324622630112e-14,4.519441732313255e-11
660,11,83189.11694062284,83189.11694073446,1.3416801849361968e-12,1.1161318980157375e-07,0.0025116687660167183,7.124989513607867e-14,2.8367552322226353e-11
660,12,94407.50922630311,94407.50922632682,2.5109305500462323e-13,2.37050699070096e-08,0.002522405996300527,9.27906828696658e-14,3.678657718295849e-11
660,13,73378.6954580136,73378.69545796188,7.048027550613505e-13,5.171750672161579e-08,0.002407021693111518,1.2990634099534627e-13,5.396974251088968e-11
660,14,59151.0063588065,59151.00635883564,4.92640988524216e-13,2.914021024480462e-08,0.0020491650133567245,5.992672501756307e-14,2.924446036651485e-11
660,15,92677.85455783608,92677.85455782428,1.273400566565842e-13,1.1801603250205517e-08,0.0027873922617972736,8.462825908347409e-14,3.036108704302201e-11
660,16,138099.33643941928,138099.3364393484,5.131655878247794e-13,7.086782716214657e-08,0.003529471077668408,1.3449721978666016e-13,3.810690520674521e-11
660,17,98509.79402006221,98509.79402011134,4.98704380611753e-13,4.912726581096649e-08,0.0032677554131823497,5.3562409916953586e-14,1.6391193080386884e-11
660,18,101858.1003375883,101858.10033755201,3.5630427486142756e-13,3.629247657954693e-08,0.0027262951733675856,9.618264255667455e-14,3.527961443656372e-11
660,19,146286.66798813888,146286.6679882101,4.868322869545552e-13,7.121707312762737e-08,0.003664585334126898,1.0636567692917812e-13,2.9025296788326764e-11
660,20,107693.37753043139,107693.377530455,2.1930557808873277e-13,2.36177584156394e-08,0.0030680726978791527,1.6616256743525212e-13,5.415861480404662e-11
660,21,132810.28937750196,132810.28937760202,7.533977192523191e-13,1.0005896911025047e-07,0.003532566647707059,1.0119455202199802e-13,2.8646183388409303e-11
660,22,150320.50277548307,150320.5027754219,4.069721062031463e-13,6.117625162005424e-08,0.003922578476460351,3.105361427035041e-13,7.916633014917927e-11
660,23,109586.57622580368,109586.57622579338,9.401476290722735e-14,1.0302755981683731e-08,0.003130070480996477,9.111920093507083e-14,2.911091027766874e-11
660,24,119338.92779037745,119338.92779010038,2.321693944115069e-12,2.7706846594810486e-07,0.0034929071914497367,1.7342772197033206e-13,4.965139709261731e-11
660,25,101611.53821271195,101611.53821274279,3.034646351318765e-13,3.083550836890936e-08,0.0031743465678593106,6.377436656362598e-14,2.009054940923929e-11
660,26,120139.09256809019,120139.09256791374,1.4686474516523221e-12,1.7644197214394808e-07,0.003338418177788947,1.1480984399848415e-13,3.4390492108607893e-11
660,27,92969.31955023465,92969.31955016813,7.154704888737351e-13,6.651680450886488e-08,0.002815957376738336,1.8064636250631852e-13,6.415095768088884e-11
660,28,85089.04870495477,85089.04870503843,9.83193042126578e-13,8.365896064788103e-08,0.0024600223009266435,1.037467011464494e-13,4.217307343407822e-11
660,29,90716.14422208582,90716.14422206848,1.9105012879025587e-13,1.733133103698492e-08,0.00266593738172157,1.7309186483548838e-13,6.492720572592997e-11
660,30,73527.87607036416,73527.87607033367,4.146218282472084e-13,3.0486262403428555e-08,0.002387362446542601,9.086249462556817e-14,3.8059782148770455e-11
660,31,80779.51483483716,80779.51483490599,8.520793813989482e-13,6.883055903017521e-08,0.002617913596364242,7.944222285378064e-14,3.034562445609755e-11
680,0,88554.80671397221,88554.8067139572,1.6958510862296435e-13,1.501757651567459e-08,0.0028150944832112217,8.554866302283169e-14,3.038926882668777e-11
680,1,89702.5854175009,89702.58541755834,6.402982605132156e-13,5.7436409406363964e-08,0.0029407735470690045,1.2187226018622601e-13,4.144224580219526e-11
680,2,84265.94817879496,84265.94817893533,1.6657710181459678e-12,1.4036777429282665e-07,0.0028194714403695946,4.6224312222876516e-14,1.6394672973458657e-11
680,3,88952.2108635128,88952.21086332234,2.1410987389745483e-12,1.9045546650886536e-07,0.002805701523958009,8.350700573073335e-14,2.9763324793341974e-11
680,4,113338.77292070328,113338.77292080493,8.968257309549116e-13,1.0164512787014246e-07,0.0031735376266563598,9.538441908306243e-14,3.005618029604367e-11
680,5,96923.34990726675,96923.34990733048,6.57606126503353e-13,6.373738870024681e-08,0.0027352398446855854,1.8068967946153285e-13,6.605990323393563e-11
680,6,132023.4017045879,132023.4017041379,3.4082921427703443e-12,4.499743226915598e-07,0.003770502899798664,1.8160113400306198e-13,4.8163637273095144e-11
680,7,103688.3359393221,103688.33593915387,1.622503538426919e-12,1.6823469195514917e-07,0.0026293352426349633,8.466028103304206e-14,3.219835936485657e-11
680,8,137433.29366637155,137433.29366640316,2.2997891582763277e-13,3.16067598760128e-08,0.0034932482995569036,1.67407573377371e-13,4.7923181812929566e-11
680,9,99475.28935936226,99475.28935926949,9.325779314469282e-13,9.276845958083868e-08,0.002613961337070279,1.061869384421458e-13,4.062299504443071e-11
680,10,76954.94526533848,76954.94526529126,6.136183289226427e-13,4.7220964916050434e-08,0.002423089087068637,1.1501365965036128e-13,4.7465716495592896e-11
680,11,87217.21097105263,87217.2109710351,2.008835840986562e-13,1.752050593495369e-08,0.0025037771075250978,9.002538117129332e-14,3.595582885582042e-11
680,12,101996.12638319095,101996.1263832489,5.682596036719398e-13,5.796027835458517e-08,0.002650009950048204,9.382166885548426e-14,3.540427040803251e-11
680,13,76220.20710307179,76220.20710312395,6.842550835363042e-13,5.21540641784668e-08,0.002162972866703977,8.523445068601631e-14,3.9406158069796325e-11
680,14,64989.06591972593,64989.0659198285,1.5782527881511104e-12,1.0256917448714375e-07,0.00197044942884381,9.920663851667163e-14,5.0347213719097116e-11
680,15,105796.92823898132,105796.92823906043,7.478361084162265e-13,7.911876309663057e-08,0.002891902492978641,1.0718721653278751e-13,3.706460255593834e-11
680,16,92762.59215929183,92762.59215935573,6.888278807262543e-13,6.389745976775885e-08,0.0032076343492740025,7.455031404139037e-14,2.3241525037997078e-11
680,17,93760.46406620715,93760.4640661147,9.860053314212909e-13,9.244831744581461e-08,0.0032858246261023446,1.0876712353037204e-13,3.3101925972047746e-11
680,18,80124.71300901545,80124.7130091599,1.8027186011950775e-12,1.4444231055676937e-07,0.0027984005795923168,5.024751944587751e-14,1.7955799399239947e-11
680,19,133659.3697015616,133659.36970167886,8.772997596202947e-13,1.1725933291018009e-07,0.0036318970775074577,1.1172417063779939e-13,3.0761931919743185e-11
680,20,105549.44226598075,105549.44226589627,8.003250996608633e-13,8.447386790066957e-08,0.002818471694523579,1.2006697854711945e-13,4.260002993126015e-11
680,21,100709.18196272956,100709.18196279717,6.713210934035074e-13,6.76081981509924e-08,0.0029842340599015686,1.2208618655095288e-13,4.0910392449235675e-11
680,22,155073.79221161452,155073.79221153082,5.397599117157405e-13,8.370261639356613e-08,0.003921530821854127,1.214026374150565e-13,3.095797098890517e-11
680,23,118821.60994408368,118821.6099440748,7.482830950292855e-14,8.891220204532146e-09,0.0031444871412158928,9.407461161385707e-14,2.991731477632136e-11
680,24,137871.1640539456,137871.16405274926,8.677246347803347e-12,1.1963420547544956e-06,0.003842393355516894,4.837127941377917e-13,1.2588841104549334e-10
680,25,120321.81670868644,120321.8167087032,1.3932474427032464e-13,1.6763806343078613e-08,0.0034035073674991596,8.112852726962493e-14,2.3836742075054403e-11
680,26,139563.688730558,139563.68873058414,1.8726389355187954e-13,2.6135239750146866e-08,0.003452691765979212,1.6333954107362262e-13,4.730788386124532e-11
680,27,113014.06729974868,113014.06729977424,2.2610603928834103e-13,2.5553163141012192e-08,0.0028944506796824555,1.039847263590238e-13,3.5925547838468184e-11
680,28,92777.66760801878,92777.66760797676,4.5281779923366015e-13,4.20113792642951e-08,0.002546689425629333,1.90791024495281e-13,7.49172720376508e-11
680,29,101558.07386070582,101558.07385996773,7.267641697402959e-12,7.380876922979951e-07,0.0029832431018947583,4.603243566037977e-13,1.5430333394936434e-10
680,30,81658.87694537075,81658.87694537744,8.197370886605402e-14,6.693881005048752e-09,0.00240119407179824,8.4584972872304e-14,3.5226212602200664e-11
680,31,87711.93831116272,87711.93831123502,8.242197840624619e-13,7.229391485452652e-08,0.002316633568447759,1.0226029740039147e-13,4.4141766221972e-11
700,0,120239.68707894505,120239.68707876324,1.5120766968051446e-12,1.8181162886321545e-07,0.0033583090452014826,1.0773587069431195e-13,3.2080392019980406e-11
700,1,78217.93084796907,78217.93084791568,6.825925512738654e-13,5.339097697287798e-08,0.0027655185947982725,5.474314233261253e-14,1.9794892153530425e-11
700,2,87820.73127805839,87820.73127821033,1.730076084407862e-12,1.519365468993783e-07,0.0030687026683037994,5.946410362956733e-14,1.9377603520786756e-11
700,3,100535.17477259622,100535.17477249789,9.780386956155845e-13,9.832729119807482e-08,0.002654742215943694,1.092038913785531e-13,4.113540317500728e-11
700,4,119567.40668264845,119567.40668259369,4.579747819544457e-13,5.4758857004344463e-08,0.0029819550271202385,1.0630022920191758e-13,3.5647831115875004e-11
700,5,103497.36267904495,103497.36267887466,1.6453222342527064e-12,1.702865120023489e-07,0.002669506040473321,2.162923868056303e-13,8.102337418471853e-11
700,6,118064.6087201185,118064.60871998394,1.1397281672757422e-12,1.3456156011670828e-07,0.0033624342474040418,9.667677600770594e-14,2.8752019785174032e-11
700,7,100978.28150440636,100978.28150433481,7.085857088462882e-13,7.155176717787981e-08,0.0029879956414456395,1.4315347930873026e-13,4.790953417839111e-11
700,8,126086.67948341087,126086.67948341757,5.3089517722841296e-14,6.693881005048752e-09,0.0033076145999788613,1.1348583688376438e-13,3.431047767309127e-11
700,9,97716.1828618131,97716.18286178623,2.7490672194547056e-13,2.686283551156521e-08,0.002706388257125434,1.0899325939946958e-13,4.027258805624325e-11
700,10,91544.20916866012,91544.20916860254,6.290067835154845e-13,5.758192855864763e-08,0.002392899143459722,1.341010434336657e-13,5.604124344320819e-11
700,11,81156.58005912902,81156.58005912777,1.542037267622364e-14,1.2514647096395493e-09,0.002443342787589837,7.987358271197909e-14,3.2690289351813373e-11
700,12,103745.45752087579,103745.45752090901,3.202262851814649e-13,3.322202246636152e-08,0.002718397387351377,1.0478329915244366e-13,3.8545982879471745e-11
700,13,75512.99663488468,75512.99663486163,3.0524856314713637e-13,2.3050233721733093e-08,0.002504030519947344,1.0771132592431727e-13,4.301518095177844e-11
700,14,59128.79375969985,59128.79375974672,7.925824291869224e-13,4.6864442992955446e-08,0.0021972253592878357,7.909440165327897e-14,3.5997400684886306e-11
700,15,94121.98598967491,94121.98598962785,4.999989466191346e-13,4.70608938485384e-08,0.00300315637158802,5.5547303521761463e-14,1.849630743416487e-11
700,16,92775.79858899186,92775.79858900922,1.8712245145256582e-13,1.7360434867441654e-08,0.0027238310886705803,6.059495564380132e-14,2.224622367217972e-11
700,17,87773.04497512248,87773.04497510164,2.374116405888339e-13,2.0838342607021332e-08,0.0028139012111881587,6.275355857770932e-14,2.2301265704781088e-11
700,18,77986.9474128183,77986.94741276868,6.362863604092658e-13,4.9622030928730965e-08,0.002941940453422346,1.02855779754087e-13,3.496188362155255e-11
700,19,129418.68956713782,129418.68956716676,2.236443552784289e-13,2.8943759389221668e-08,0.0035501751241103392,1.4279263493165054e-13,4.02212932995602e-11
700,20,97743.71124231168,97743.71124227636,3.6132757606975304e-13,3.531749825924635e-08,0.002833897869096752,1.5014001253398002e-13,5.2980036497161917e-11
700,21,102078.96854678723,102078.9685468543,6.570381562662618e-13,6.706977728754282e-08,0.0027056332072666603,9.034334946124188e-14,3.3390834063761774e-11
700,22,154611.17170312852,154611.1717032177,5.767638621267085e-13,8.917413651943207e-08,0.004047737354119179,1.2157797745392968e-13,3.003603416368147e-11
700,23,101614.88763360454,101614.88763359025,1.406288102761281e-13,1.4289980754256248e-08,0.002904473920311837,8.051018172363307e-14,2.7719368096440308e-11
700,24,128946.35583353942,128946.35583356753,2.1803097915770742e-13,2.8114300221204758e-08,0.003308150768978978,1.3861233913620668e-13,4.190024845179327e-11
700,25,127061.11889943712,127061.1188994832,3.6270667161929095e-13,4.608591552823782e-08,0.003331512265383036,1.2601771352072648e-13,3.782597915971853e-11
700,26,129690.52896551185,129690.52896542872,6.41026699195341e-13,8.313509169965982e-08,0.0034545737050219335,8.345406289442833e-14,2.4157557493451453e-11
700,27,103200.80955882694,103200.80955892183,9.19498980771938e-13,9.489303920418024e-08,0.0028620433127208842,9.756485851425051e-14,3.4089232011479094e-11
700,28,90730.64831625088,90730.64831621406,4.0577628630450237e-13,3.6816345527768135e-08,0.0026651502570202803,8.445484768460236e-14,3.1688587711758435e-11
700,29,88518.30705473565,88518.30705465676,8.911821190185808e-13,7.88859324529767e-08,0.002540986411678759,7.708743319776177e-14,3.033760150918417e-11
700,30,74751.74604409847,74751.74604407143,3.6169668168493803e-13,2.703745849430561e-08,0.0023856277378707406,9.561929954916262e-14,4.008139997337151e-11
700,31,86252.7675683108,86252.76756825445,6.532545836237905e-13,5.634501576423645e-08,0.002633944015564419,1.7006033731766885e-13,6.456490203009096e-11
720,0,116967.9033588672,116967.90335867826,1.6153325989389183e-12,1.889420673251152e-07,0.0033705207336981466,1.3357651240384753e-13,3.963082353072806e-11
720,1,84316.78526723608,84316.78526725926,2.7492984801682397e-13,2.3181200958788395e-08,0.0022212272832353316,6.924695098366067e-14,3.117508573134255e-11
720,2,81840.45548739724,81840.45548744721,6.105938266913353e-13,4.997127689421177e-08,0.0030913215899747173,9.268371108052716e-14,2.998190527349265e-11
720,3,69976.29086201564,69976.29086202146,8.318197520392375e-14,5.820766091346741e-09,0.0024829399905966477,4.9764437177920594e-14,2.0042545275472087e-11
720,4,96103.0157230028,96103.01572294618,5.891750818390056e-13,5.662150215357542e-08,0.0030359295198807016,7.215902814715925e-14,2.376834760972766e-11
720,5,100902.78649506658,100902.7864945469,5.1502838988578926e-12,5.19677996635437e-07,0.0027761697898369534,2.880235695878834e-13,1.0374854255755685e-10
720,6,131164.56522810995,131164.5652280145,7.277923250999222e-13,9.546056389808655e-08,0.003224071938218533,1.0061392330021454e-13,3.1207096252265645e-11
720,7,124209.15076736038,124209.15076734078,1.5780986901136599e-13,1.960142981261015e-08,0.0033076033477613203,2.1907719376795547e-13,6.623442134203624e-11
720,8,102714.58051674475,102714.58051679385,4.780057683485907e-13,4.909816198050976e-08,0.0030675738823533784,7.475762655362667e-14,2.4370277431190675e-11
720,9,103033.10653308062,103033.1065331007,1.949047611089809e-13,2.0081643015146255e-08,0.0027613924380857032,1.3281207000628586e-13,4.8096050447054985e-11
720,10,86435.14902195965,86435.14902198821,3.304837200665533e-13,2.856540959328413e-08,0.002542849577857412,1.2261943501305649e-13,4.8221269587002187e-11
720,11,97500.08122686141,97500.08122695456,9.55351095144669e-13,9.314680937677622e-08,0.002570364721036717,1.0018791228940066e-13,3.8978091890785426e-11
720,12,105805.9537033921,105805.95370337731,1.397345362385475e-13,1.4784745872020721e-08,0.002725831889210705,1.0880562751647626e-13,3.991648492599493e-11
720,13,100440.20131528967,100440.20131538039,9.031905387054363e-13,9.071663953363895e-08,0.0027069584581408514,1.9555110983652414e-13,7.224015915295306e-11
720,14,78206.49247872643,78206.49247857912,1.883590903873209e-12,1.4730903785675764e-07,0.0022715109999478975,7.768706995696104e-14,3.4200613582209866e-11
720,15,95017.87344038911,95017.87344035502,3.588286723913436e-13,3.4095137380063534e-08,0.002690561831370501,6.80790681404656e-14,2.530291902111414e-11
720,16,310707.4468488795,310707.4468487068,5.558351809129824e-13,1.727021299302578e-07,0.013975273729943208,3.6496639277904995e-13,2.6115151647948618e-11
720,17,64092.56254385865,64092.562543844564,2.1977985248163333e-13,1.4086253941059113e-08,0.0023018175381057096,4.0612011378099575e-14,1.7643453795004786e-11
720,18,73767.05918197159,73767.05918196701,6.213956944695223e-14,4.583853296935558e-09,0.0024575577968064225,6.745083449379803e-14,2.7446286138803347e-11
720,19,105185.24920152905,105185.2492015617,3.1044750115000463e-13,3.2654497772455215e-08,0.003323298331735495,5.680382448248173e-14,1.7092604639199514e-11
720,20,96765.79065483675,96765.79065475613,8.331209802513277e-13,8.061761036515236e-08,0.0026359501358783196,1.1851037557941594e-13,4.49592630628152e-11
720,21,94219.66352058515,94219.66352055153,3.567718554862301e-13,3.361492417752743e-08,0.0031651564840312627,7.253968388636827e-14,2.2918198279402906e-11
720,22,150932.48074082736,150932.48074086997,2.822984660394086e-13,4.260800778865814e-08,0.0039047432048096714,1.226687457044177e-13,3.141531703117384e-11
720,23,113290.40262426279,113290.40262413913,1.0915503232943533e-12,1.236621756106615e-07,0.0028267974402372115,1.5434776279900283e-13,5.4601635264693063e-11
720,24,123697.99790193622,123697.9979018485,7.091379527915733e-13,8.771894499659538e-08,0.003250818648733266,1.076911588451895e-13,3.312739665965476e-11
720,25,101649.01988961456,101649.01988956868,4.5137856483875894e-13,4.5882188715040684e-08,0.003431149136021545,8.295569807047417e-14,2.4177234734441313e-11
720,26,147820.18881455818,147820.18881447474,5.644741938743743e-13,8.344068191945553e-08,0.003701971361862333,1.2887828535581694e-13,3.4813420407170135e-11
720,27,113995.91119989513,113995.91119975201,1.255466838806405e-12,1.43118086270988e-07,0.002985002984177101,1.302801008529939e-13,4.364488127602837e-11
720,28,101483.03934864995,101483.03934860384,4.544110981960655e-13,4.6115019358694553e-08,0.0026123799123715184,1.633084612461205e-13,6.251328930862529e-11
720,29,102566.70414009606,102566.70414014168,4.4478619668442584e-13,4.562025424093008e-08,0.002634163600384192,1.2123712487629096e-13,4.6024903259086965e-11
720,30,86356.24683914964,86356.24683916838,2.170412390553247e-13,1.8742866814136505e-08,0.002502722735852622,1.2111286227289509e-13,4.8392440975543146e-11
720,31,94743.3447634827,94743.34476350571,2.4283054428236216e-13,2.3006577976047993e-08,0.002762011254051909,1.8185982782633882e-13,6.584326097858886e-11
740,0,95568.27502015773,95568.27502031247,1.6192095808552944e-12,1.547450665384531e-07,0.002993556468455411,7.080339215557352e-14,2.365193137382489e-11
740,1,84525.47866820183,84525.47866814699,6.488714333225963e-13,5.4846168495714664e-08,0.0027693379538954667,5.6613992594535446e-14,2.0443150506387762e-11
740,2,142801.5641958883,142801.56419572176,1.166178527603448e-12,1.6653211787343025e-07,0.003862701480828552,1.9488516033745397e-13,5.04530731418698e-11
740,3,69398.53040121026,69398.53040119052,2.8433450875094225e-13,1.973239704966545e-08,0.002457651553248603,8.757553990890675e-14,3.563383092005902e-11
740,4,103259.29232860047,103259.29232854575,5.298816215449165e-13,5.471520125865936e-08,0.00289791131267786,7.311977472960239e-14,2.5231888363774085e-11
740,5,97133.40614184993,97133.40614148702,3.736203931222803e-12,3.629102138802409e-07,0.0026521920608880397,2.558529998163794e-13,9.646850376691997e-11
740,6,112753.83823713873,112753.83823698193,1.390612408740222e-12,1.5679688658565283e-07,0.0032814567415063297,1.4433479064484856e-13,4.3984974361901756e-11
740,7,111440.83291012913,111440.83291005134,6.980793016289298e-13,7.779453881084919e-08,0.0030336981523766014,2.562228917083165e-13,8.445892730217951e-11
740,8,100140.42559027938,100140.42559024181,3.752035693693958e-13,3.757304511964321e-08,0.0025851174295368168,6.676713930182637e-14,2.5827507307391933e-11
740,9,105727.13493374512,105727.13493364849,9.140441485730615e-13,9.663926903158426e-08,0.0027333910394657596,1.3453161260200752e-13,4.921784357217428e-11
740,10,100466.85289949793,100466.85289943483,6.280390258995959e-13,6.309710443019867e-08,0.0026116372088284354,1.0195869928777822e-13,3.904014651924635e-11
740,11,94900.17575300776,94900.17575298957,1.9167397627166203e-13,1.8189894035458565e-08,0.002749754235246518,1.1894254920661487e-13,4.3255701794001766e-11
740,12,111178.69981059287,111178.6998105924,4.1884037868859125e-15,4.656612873077393e-10,0.0028666778161338708,1.316012312585571e-13,4.590722770375426e-11
740,13,103083.95869688601,103083.95869703447,1.4401720795020584e-12,1.4845863915979862e-07,0.002988789305436,3.178233523616448e-13,1.0633849357784764e-10
740,14,68619.5025649878,68619.50256491677,1.035097830422042e-12,7.10278982296586e-08,0.0022313406799782404,7.743951968038442e-14,3.470537707453065e-11
740,15,95924.07144241336,95924.0714424853,7.500168394357267e-13,7.194466888904572e-08,0.0031367360784690344,9.50671712508104e-14,3.0307672967249894e-11
740,16,450899.39628737053,450899.39628739946,6.415889600250413e-14,2.89292074739933e-08,0.021233878907668764,4.795648127377158e-13,2.2584889686100483e-11
740,17,84362.93723918495,84362.93723916961,1.8180636133155627e-13,1.5337718650698662e-08,0.002716304869704803,5.216077111940141e-14,1.9202841220496234e-11
740,18,50108.16843313748,50108.16843314819,2.137417898714322e-13,1.0710209608078003e-08,0.0018774954361352515,4.540563331075671e-14,2.4184151096645634e-11
740,19,100809.82650574451,100809.82650561514,1.283272979076197e-12,1.293665263801813e-07,0.003166716352703885,1.188413914500861e-13,3.752827162704668e-11
740,20,0.0,2.1596818967957293e-09,,2.1596818967957293e-09,3.0937328164717073e-19,8.767424223166666e-17,8.767424223166667e-06
740,21,120630.09227937066,120630.09227948521,9.496194068425984e-13,1.1455267667770386e-07,0.0030691926509114945,1.303274761715246e-13,4.2463113592045975e-11
740,22,137674.500026488,137674.50002655876,5.139035320753469e-13,7.075141184031963e-08,0.0037138574587324996,1.0165597276116237e-13,2.7372071731546134e-11
740,23,99501.88069828258,99501.8806983106,2.816729546531909e-13,2.8026988729834557e-08,0.0028325124493892868,1.1979196118232588e-13,4.229176864099903e-11
740,24,141262.07969702873,141262.079697152,8.725251833232053e-13,1.2325472198426723e-07,0.003555298725102013,1.0582785157807296e-13,2.9766233377488035e-11
740,25,168046.8744649309,168046.87446494546,8.65943819229059e-14,1.4551915228366852e-08,0.0040705842013150995,1.137550967954073e-13,2.7945643959078067e-11
740,26,142940.47319765898,142940.4731974394,1.5362227078429185e-12,2.195884007960558e-07,0.0037807643499917607,1.7217062832704896e-13,4.5538576961938885e-11
740,27,124316.41859211757,124316.4185920004,9.425305421905013e-13,1.1717202141880989e-07,0.0031428777280321733,1.1000274428898658e-13,3.500064393464735e-11
740,28,97110.09666060518,97110.09666061291,7.957017088829087e-14,7.727066986262798e-09,0.002844135892029347,1.174544674184636e-13,4.1297065919962426e-11
740,29,97579.06147275786,97579.06147279049,3.3434830638442696e-13,3.262539394199848e-08,0.003097121846233394,9.37704479438871e-14,3.027664153992975e-11
740,30,85000.96445604372,85000.96445575438,3.4039111477992864e-12,2.893357304856181e-07,0.0025051520529087825,1.0987300878190332e-13,4.385881833173616e-11
740,31,101466.37071345572,101466.3707133655,8.891800680509599e-13,9.022187441587448e-08,0.002594117816565676,1.0522530212909782e-13,4.056303898656549e-11
760,0,125073.17956381587,125073.17956404241,1.8112933329533363e-12,2.2654421627521515e-07,0.0035156728618806195,9.664371358001605e-14,2.748939317645037e-11
760,1,81135.37348249483,81135.37348251046,1.9262568574529263e-13,1.5628756955266e-08,0.0029252533989645845,5.9267688999163e-14,2.0260702549783472e-11
760,2,78136.63490283318,78136.63490289102,7.402911976525477e-13,5.7843863032758236e-08,0.002211419528630112,7.136625601127915e-14,3.2271694758654345e-11
760,3,64429.13407701007,64429.134077065064,8.535220663103828e-13,5.499168764799833e-08,0.002341746599092483,1.0924828909433245e-13,4.665248115943377e-11
760,4,86532.51285514883,86532.512855236,1.0073204780708148e-12,8.716597221791744e-08,0.0029190031886692966,5.0094373804189166e-14,1.716146594105904e-11
760,5,95213.80457920388,95213.80457910441,1.0446210087440566e-12,9.946234058588743e-08,0.0025466763593572565,1.4397966102105823e-13,5.653630092886996e-11
760,6,110701.8616790378,110701.86167912155,7.565028344515113e-13,8.374627213925123e-08,0.00275273863333676,8.970084344082051e-14,3.258603717567238e-11
760,7,103184.2803267536,103184.28032670729,4.487524079252369e-13,4.630419425666332e-08,0.0027678103962318866,1.08688818534749e-13,3.926888152552612e-11
760,8,93827.2040520441,93827.20405190863,1.4437580255053528e-12,1.3546377886086702e-07,0.003004221418995823,5.2372944561043e-14,1.7433117356092366e-11
760,9,99230.11411651163,99230.11411653859,2.717390699208812e-13,2.6964698918163776e-08,0.002820063318037466,1.0797403315150231e-13,3.828780455420623e-11
760,10,96216.51868228182,96216.51868220874,7.595340101441011e-13,7.307971827685833e-08,0.002924115130335911,1.3003135036856917e-13,4.4468615144313566e-11
760,11,106339.52183736919,106339.52183736635,2.668456111615085e-14,2.837623469531536e-09,0.002682658827249962,9.171510779615545e-14,3.418813710656392e-11
760,12,112501.91396087605,112501.9139607772,8.78662030413747e-13,9.885116014629602e-08,0.0028646071478737045,1.38675660762585e-13,4.841001003069945e-11
760,13,94474.44917908261,94474.44917905852,2.5507395732465393e-13,2.4097971618175507e-08,0.002847032991021319,2.167788637364403e-13,7.614202730354681e-11
760,14,81824.84595487049,81824.84595488511,1.7873146761039735e-13,1.4624674804508686e-08,0.0022798850551471357,1.1166653697105984e-13,4.897902055147654e-11
760,15,103705.7288832442,103705.72888330423,5.788171103314217e-13,6.002665031701326e-08,0.002594731671283541,1.27375211395904e-13,4.9089935890322924e-11
760,16,280592.2359726963,280592.23597249377,7.217036908236417e-13,2.025044523179531e-07,0.01029535061298154,2.3881703254955006e-13,2.3196590531694153e-11
760,17,106367.75537848995,106367.7553784186,6.707675658925385e-13,7.134804036468267e-08,0.0032110070190953174,1.4824412451160462e-13,4.616748690676121e-11
760,18,67291.19709902082,67291.19709895151,1.03001247147853e-12,6.931077223271132e-08,0.0023952096833026234,8.224997560839857e-14,3.4339363347508e-11
760,19,377207.1087112951,377207.108711459,4.343888587657051e-13,1.6385456547141075e-07,0.016669857478361444,3.590968758697942e-13,2.1541688423906188e-11
760,20,69225.4668794727,69225.46687962467,2.195227530851036e-12,1.5196565072983503e-07,0.002558004155538975,4.9903627615138926e-14,1.9508814130375826e-11
760,21,101440.96975589849,101440.96975577502,1.217190657875322e-12,1.2347300071269274e-07,0.002818914324401908,1.0936383166484418e-13,3.8796436882856125e-11
760,22,143045.81472179107,143045.81472179785,4.740573857129377e-14,6.781192496418953e-09,0.0035103546919198203,9.236792262219108e-14,2.6312988495096047e-11
760,23,117479.09225544424,117479.09225559318,1.2677902893434434e-12,1.4893885236233473e-07,0.002967038533193318,1.18850895015439e-13,4.0057078358036574e-11
760,24,120204.53654816533,120204.53654809798,5.602639102551383e-13,6.734626367688179e-08,0.003171349465022515,8.99394702253192e-14,2.8359999809948762e-11
760,25,146184.57873540893,146184.5787354514,2.9047173787893664e-13,4.2462488636374474e-08,0.003947292629459308,2.953382566179076e-13,7.482046160291235e-11
760,26,152585.76286536624,152585.7628652614,6.870365579104069e-13,1.048319973051548e-07,0.0038201908425183396,1.1234866858948749e-13,2.940917698117572e-11
760,27,123483.63907369348,123483.63907366473,2.3286149247749757e-13,2.87545844912529e-08,0.0033443610590941576,9.053150048886196e-14,2.7069894335327424e-11
760,28,104374.23607415301,104374.23607402148,1.2602225098515564e-12,1.3153476174920797e-07,0.002650522632126535,9.271620541177638e-14,3.498034851239488e-11
760,29,100391.5565889178,100391.55658881983,9.758140688913257e-13,9.796349331736565e-08,0.002640497691421731,8.137170765360112e-14,3.0816806967093516e-11
760,30,90906.06082161196,90906.06082141367,2.181201067449473e-12,1.9828439690172672e-07,0.0024913396783575624,3.0149468744319655e-13,1.2101709375975816e-10
760,31,82087.65743696145,82087.65743705716,1.1659237142985464e-12,9.570794645696878e-08,0.002534745485835446,9.191733805333967e-14,3.626294575411334e-11
780,0,148139.19413472404,148139.19413470948,9.823136485495342e-14,1.4551915228366852e-08,0.005353007597474217,1.144875560694416e-13,2.1387519816608365e-11
780,1,76458.58297364973,76458.58297369102,5.40139953055865e-13,4.1298335418105125e-08,0.002136330292850906,6.541473940087882e-14,3.062014315847386e-11
780,2,82932.56947149063,82932.56947146877,2.6355118154780784e-13,2.185697667300701e-08,0.0029456322218134818,7.809458767266302e-14,2.6511995317795452e-11
780,3,58152.75153433008,58152.75153436978,6.827690806196752e-13,3.9704900700598955e-08,0.0021565057041482596,8.997604339316042e-14,4.172307229240373e-11
780,4,83504.89534144176,83504.89534138022,7.369633750109301e-13,6.154004950076342e-08,0.0030042630340212082,1.0189255882558948e-13,3.391599126698573e-11
780,5,81194.052556845,81194.05255671106,1.6495768291417443e-12,1.339358277618885e-07,0.002349604309112636,1.292651445605096e-13,5.5015707989285056e-11
780,6,97628.2079691292,97628.20796894022,1.93576966127002e-12,1.889857230708003e-07,0.0028233805067241964,1.4564437630906471e-13,5.15851037301564e-11
780,7,115825.31020759571,115825.31020766741,6.190122538990761e-13,7.169728633016348e-08,0.00300685986192985,1.3146629953894105e-13,4.3722123935156385e-11
780,8,129021.29880185243,129021.29880192113,5.324670611061431e-13,6.869959179311991e-08,0.0035225706568183792,1.2197432513529914e-13,3.4626509165740895e-11
780,9,108176.0740838646,108176.07408391044,4.237400308483999e-13,4.583853296935558e-08,0.002747684317680087,1.0291326195019811e-13,3.745454355436505e-11
780,10,101051.48137707477,101051.48137707851,3.700927648685343e-14,3.739842213690281e-09,0.0025605171623785212,9.695288888509602e-14,3.786457295019023e-11
780,11,106292.32950149065,106292.3295012662,2.1116174754565205e-12,2.2444874048233032e-07,0.002996610601328235,9.913027995978803e-14,3.3080801327958334e-11
780,12,120611.28238835876,120611.28238836653,6.44278261375813e-14,7.770722731947899e-09,0.003068171183769074,1.324346619650874e-13,4.316403943355106e-11
780,13,105500.36636587747,105500.36636589527,1.6869128456457031e-13,1.779699232429266e-08,0.0027934569507044953,1.286177536298466e-13,4.6042504287531756e-11
780,14,84660.40798790457,84660.40798788317,2.528438949170419e-13,2.140586730092764e-08,0.002489579333614253,1.4631203155246863e-13,5.876978073241496e-11
780,15,96786.64453939469,96786.64453927717,1.2142302064873886e-12,1.175212673842907e-07,0.002825193024951584,1.2320629545938382e-13,4.360986820059507e-11
780,16,105181.13373127606,105181.13373115059,1.1928623380266052e-12,1.25466613098979e-07,0.0026879414047759616,1.2019343757033242e-13,4.471579527618029e-11
780,17,105241.35992964661,105241.35992964746,8.019766029339559e-15,8.440110832452774e-10,0.003073986154782981,8.076264499816438e-14,2.627293713490005e-11
780,18,395285.97592298494,395285.97592085216,5.395554189723893e-12,2.1327869035303593e-06,0.021877364352049816,1.1924234960696886e-12,5.4504897248189095e-11
780,19,110188.99628446145,110188.99628437847,7.530245617079707e-13,8.297502063214779e-08,0.00387917491030658,8.233903654481457e-14,2.122591490423598e-11
780,20,63545.103328116835,63545.103328088335,4.4849916802552593e-13,2.849992597475648e-08,0.0025606212399759748,8.450400180051986e-14,3.300136719998185e-11
780,21,78598.1229439489,78598.12294402393,9.545988136506237e-13,7.502967491745949e-08,0.002709227243059903,4.75344349131164e-14,1.754538495612836e-11
780,22,119188.66108105292,119188.66108110108,4.040005739968879e-13,4.815228749066591e-08,0.0034150400017808787,9.589116619608276e-14,2.8079075544085858e-11
780,23,98765.65258241037,98765.65258237558,3.522847103348325e-13,3.479362931102514e-08,0.002720451253326134,8.968936957205907e-14,3.296856338168056e-11
780,24,127401.94311518031,127401.94311521418,2.6579113244603937e-13,3.3862306736409664e-08,0.003332379066448259,1.9342686232394828e-13,5.8044675730754693e-11
780,25,111914.14892463533,111914.14892454834,7.773043004040384e-13,8.699134923517704e-08,0.003394241702572072,6.625414675084039e-14,1.9519572427807934e-11
780,26,161120.6226580044,161120.62265801,3.4681689752117306e-14,5.587935447692871e-09,0.004122775422286195,1.36859870616744e-13,3.319605280387693e-11
780,27,125706.53278801526,125706.53278817041,1.234243891099027e-12,1.5515252016484737e-07,0.003093700752727554,1.1210276721689377e-13,3.623581470123132e-11
780,28,105289.49582388975,105289.49582358172,2.9255999294487804e-12,3.080349415540695e-07,0.0032071112542105796,1.9925731976289974e-13,6.212984332903764e-11
780,29,105962.7501375724,105962.75013743411,1.305051541561833e-12,1.382868504151702e-07,0.0030577663378985815,9.03860622598108e-14,2.955950595032235e-11
780,30,95811.24000401735,95811.24000420053,1.9118791165525178e-12,1.8317950889468193e-07,0.002918861322051376,2.668141255067676e-13,9.141034673043464e-11
780,31,88403.2116433817,88403.21164337602,6.419729366798349e-14,5.675246939063072e-09,0.0022934980880814455,9.481171909818237e-14,4.133934952502875e-11
800,0,128276.13662550513,128276.13662531745,1.4630628551603237e-12,1.876760507002473e-07,0.0034761737899511877,3.0642160958196145e-13,8.814910533752732e-11
800,1,79488.28984027945,79488.28984020767,9.030839380967277e-13,7.178459782153368e-08,0.002655259226700309,6.900072554030559e-14,2.598643659589171e-11
800,2,294473.1839198632,294473.18391931837,1.850164075715367e-12,5.448237061500549e-07,0.016768446371498172,9.70601094081503e-13,5.7882589273812835e-11
800,3,56924.34518546021,56924.345185475075,2.611322336224879e-13,1.4864781405776739e-08,0.002150737260041308,7.642285650665616e-14,3.553332986158815e-11
800,4,74312.94479225604,74312.94479223703,2.5574011824421136e-13,1.900480128824711e-08,0.0025185986027636766,7.040297495048822e-14,2.7953233545527087e-11
800,5,66710.8069035885,66710.8069036553,1.0014545755680028e-12,6.680784281343222e-08,0.0024641924302493505,5.2249056318238276e-14,2.1203318246112406e-11
800,6,109726.58251817402,109726.5825178315,3.121604380493367e-12,3.4252298064529896e-07,0.0027625868681776127,1.6878628343771102e-13,6.109718589555881e-11
800,7,98837.75497089984,98837.75497066378,2.3883704046502172e-12,2.3606116883456707e-07,0.003075921727494087,1.9274693572485477e-13,6.266314711521823e-11
800,8,107871.54380484785,107871.54380495133,9.592767984865556e-13,1.0347866918891668e-07,0.0032573760181279178,1.4219633358734995e-13,4.365364415897982e-11
800,9,96471.31834736744,96471.31834730644,6.323291697710948e-13,6.100162863731384e-08,0.002806980117644751,1.1430178392650392e-13,4.0720553454582455e-11
800,10,101021.20988186685,101021.20988193032,6.283378936004008e-13,6.347545422613621e-08,0.002756333841695044,8.078349219762541e-14,2.93083119960341e-11
800,11,119758.89528839968,119758.89528843375,2.8445514187125746e-13,3.40660335496068e-08,0.0029973666918162315,1.2170697816993636e-13,4.060463422851754e-11
800,12,118053.17299239151,118053.17299243978,4.0887255792441724e-13,4.826870281249285e-08,0.0030009738152316067,9.436765535165722e-14,3.1445677690585684e-11
800,13,92422.76865779026,92422.76865778034,1.0738053328063409e-13,9.924406185746193e-09,0.0028947436863750275,1.0422653097449947e-13,3.600544375140043e-11
800,14,81698.2274532542,81698.22745316543,1.0866971974277494e-12,8.878123480826616e-08,0.002544943079612682,2.200582045611444e-13,8.646881194475329e-11
800,15,138403.45704526853,138403.4570449623,2.2125928831791478e-12,3.0623050406575203e-07,0.0035539507477508068,1.8055386871515748e-13,5.0803705940332705e-11
800,16,110342.04900868064,110342.04900871581,3.187540871585201e-13,3.517197910696268e-08,0.002953051784761893,1.1003574015679863e-13,3.7261703544988124e-11
800,17,118140.11565545593,118140.11565532819,1.0812306316605938e-12,1.2773671187460423e-07,0.0031692992775536055,1.1889777551201249e-13,3.751547742874816e-11
800,18,387073.2336988113,387073.23369674326,5.34281320574023e-12,2.0680599845945835e-06,0.020844355315427745,1.1437504376933152e-12,5.4870991229301714e-11
800,19,1583420.6301590153,1583420.6301596072,3.7378286280677004e-13,5.918554961681366e-07,0.08477892668354273,1.927686860956296e-12,2.2737806862685037e-11
800,20,83454.64579903922,83454.64579909129,6.238928005574978e-13,5.2066752687096596e-08,0.002546525261203506,1.269237378042057e-13,4.984193156765508e-11
800,21,77797.85331477283,77797.85331482679,6.935731433162597e-13,5.3958501666784286e-08,0.0026815463466831686,5.387302724597555e-14,2.009028384410055e-11
800,22,120439.4245483911,120439.42454822913,1.344886601827551e-12,1.6197736840695143e-07,0.002963370888668787,1.1349586129662416e-13,3.8299580295739373e-11
800,23,110689.11665208732,110689.11665206915,1.642017089842541e-13,1.8175342120230198e-08,0.0028774323656849824,1.5206511427965034e-13,5.284750254883725e-11
800,24,116645.77498054117,116645.77498062573,7.249399252235776e-13,8.456117939203978e-08,0.0031491039068137763,7.697082655739392e-14,2.4442136187011514e-11
800,25,101068.53174242831,101068.5317424649,3.619674121451257e-13,3.6583514884114265e-08,0.0026602436552675716,7.027563359015471e-14,2.641699133498661e-11
800,26,153982.96695070216,153982.96695058077,7.883474337385648e-13,1.2139207683503628e-07,0.004405562311904628,2.7632787241743755e-13,6.272249780027792e-11
800,27,122603.23725688142,122603.23725679469,7.073990597764459e-13,8.672941476106644e-08,0.0034805969106109207,1.2776138812719733e-13,3.6706746402522705e-11
800,28,119734.092558508,119734.09255844951,4.884502488230588e-13,5.848414730280638e-08,0.0032610657853622805,1.2961650655497545e-13,3.974667028698837e-11
800,29,119963.60839537329,119963.60839541079,3.1259717880366523e-13,3.750028554350138e-08,0.0031602822992976808,1.2029021300230016e-13,3.806312272452156e-11
800,30,90137.3231006902,90137.32310071439,2.683159680982418e-13,2.4185283109545708e-08,0.0025351688025743373,8.123335019129161e-14,3.204258040285326e-11
800,31,97596.47054610854,97596.47054610746,1.1033613417304914e-14,1.076841726899147e-09,0.0029287740478062497,1.4040228781352894e-13,4.793892786597637e-11
820,0,145092.49021950783,145092.49021957783,4.824144388351927e-13,6.999471224844456e-08,0.003968610260357216,1.799745868329979e-13,4.534952414722614e-11
820,1,121491.1272078912,121491.12720793545,3.642436713402168e-13,4.4252374209463596e-08,0.00313814156306833,1.37552977572145e-13,4.3832623483580366e-11
820,2,290630.9143462432,290630.914345751,1.6935706299223664e-12,4.922039806842804e-07,0.01651973410021349,9.65316597091894e-13,5.843414859076752e-11
820,3,61216.16841398961,61216.168413897714,1.50116132793009e-12,9.189534466713667e-08,0.0025486872806379617,1.109217549739969e-13,4.3521131767184785e-11
820,4,55037.282883288804,55037.28288329354,8.606254085758326e-14,4.73664840683341e-09,0.0020623719573513778,4.9063789224522834e-14,2.378998077899284e-11
820,5,58296.82762243865,58296.82762246046,3.7417680887537504e-13,2.181332092732191e-08,0.002230126839059085,8.721134689927838e-14,3.9106003018228225e-11
820,6,95843.95710133256,95843.95710128485,4.978480801180474e-13,4.771573003381491e-08,0.0026987914027690354,1.1332409343209763e-13,4.199068268700703e-11
820,7,91073.05368644331,91073.05368630825,1.4829449520761658e-12,1.3505632523447275e-07,0.0025779721515691895,1.1957530894416928e-13,4.6383475815046224e-11
820,8,98562.05686563636,98562.05686561455,2.2131560177420689e-13,2.181332092732191e-08,0.00301995142121292,1.3177482076807844e-13,4.363474850703371e-11
820,9,97503.16667744929,97503.1666774607,1.170085231875678e-13,1.1408701539039612e-08,0.0025797968177851158,8.688072482628031e-14,3.3677351730696323e-11
820,10,109434.16862583453,109434.1686256876,1.3426399625074105e-12,1.469306880608201e-07,0.0027910478309286875,1.3815271662892524e-13,4.9498512744211584e-11
820,11,113885.48752851627,113885.48752851196,3.782191217751119e-14,4.307366907596588e-09,0.0033818778488189094,1.409391668716208e-13,4.1674824808012986e-11
820,12,123193.70392407295,123193.70392416159,7.194825127638883e-13,8.86357156559825e-08,0.0031079153837985673,9.634805838235593e-14,3.100086279202064e-11
820,13,97816.42559514132,97816.42559522127,8.173292141705352e-13,7.994822226464748e-08,0.0025539805361753523,9.77674360514532e-14,3.828041547954056e-11
820,14,98040.54828329364,98040.5482832382,5.655088429317291e-13,5.5442797020077705e-08,0.0027314678665728113,2.152394481661792e-13,7.879991955982346e-11
820,15,126369.24430245449,126369.24430256114,8.439631596865469e-13,1.0665098670870066e-07,0.0036953752264669917,2.051034168485322e-13,5.5502730921487585e-11
820,16,115264.50452866597,115264.50452865293,1.1311822401816732e-13,1.30385160446167e-08,0.0029165050141597136,1.174196960329563e-13,4.0260412878729704e-11
820,17,117844.66092007354,117844.66091979897,2.329893729466844e-12,2.7456553652882576e-07,0.0033572816024290495,2.2803710802606416e-13,6.792313991804589e-11
820,18,379116.7720765763,379116.77207459416,5.228324418962767e-12,1.9821454770863056e-06,0.0205458311960597,1.1222266627433285e-12,5.4620650390557645e-11
820,19,1499516.0372216997,1499516.0372210802,4.131748693470934e-13,6.195623427629471e-07,0.0776141243046553,1.512075219994257e-12,1.9481959418353096e-11
820,20,54886.90586290136,54886.905862919244,3.258391693701038e-13,1.788430381566286e-08,0.0018563051141304544,5.347377892601986e-14,2.8806567691361822e-11
820,21,69763.93737130161,69763.93737132296,3.0599849212059863e-13,2.134765964001417e-08,0.0024446017584016187,1.1046274394570158e-13,4.5186396338816554e-11
820,22,100525.6505701171,100525.65057015796,4.064811093438569e-13,4.086177796125412e-08,0.003170076140772409,5.313369847231429e-14,1.6761016490700778e-11
820,23,100822.00692867661,100822.00692849398,1.8113757271782683e-12,1.82626536116004e-07,0.002790766542717397,1.5543279892932638e-13,5.5695378509869496e-11
820,24,127833.44469843437,127833.44469848707,4.1231022977972106e-13,5.270703695714474e-08,0.003235900641219509,1.9191415485030467e-13,5.930780210172566e-11
820,25,113725.11362943,113725.11362942362,5.6045130812472305e-14,6.373738870024681e-09,0.0037189973690943813,5.372121707167224e-14,1.4445080687097669e-11
820,26,163857.91042196224,163857.9104218001,9.895002264884969e-13,1.6213743947446346e-07,0.004033152918532568,1.128880837977889e-13,2.79900331274487e-11
820,27,124347.96239985529,124347.96239983966,1.2568566990273567e-13,1.5628756955266e-08,0.0030297913385157207,1.1257691534915355e-13,3.7156656274654833e-11
820,28,108554.27775754845,108554.27775762808,7.33532402172759e-13,7.962808012962341e-08,0.0030100115517010485,1.0017927792333638e-13,3.328202440509613e-11
820,29,115219.67969235046,115219.6796921892,1.3996248296415629e-12,1.6126432456076145e-07,0.003280509383102921,2.7561005532340363e-13,8.401440847662469e-11
820,30,103082.06899301424,103082.06899287131,1.3865545459967956e-12,1.4292891137301922e-07,0.0027240735461654454,1.934656228198312e-13,7.102070466936225e-11
820,31,119911.26827898613,119911.2682790004,1.1904993620628381e-13,1.4275428839027882e-08,0.003061466578509089,1.3549823389989873e-13,4.425925628294273e-11
840,0,108886.91551212907,108886.9155119735,1.4287715376522017e-12,1.5557452570647e-07,0.003076292529116631,2.1918369322470489e-13,7.124930127748658e-11
840,1,113892.87116362841,113892.87116331041,2.7921238637370904e-12,3.180030034855008e-07,0.003265385929770507,3.290314269059318e-13,1.0076341173217536e-10
840,2,288464.3931776023,288464.39317704213,1.9419746141296236e-12,5.601905286312103e-07,0.016402744871792514,9.566129255480415e-13,5.832029535454969e-11
840,3,72250.47996674536,72250.47996649554,3.457794062483596e-12,2.498272806406021e-07,0.002358812827619982,1.4139147237948623e-13,5.994179390746691e-11
840,4,72675.58815155082,72675.58815149221,8.065309965931234e-13,5.861511453986168e-08,0.0024771506457523856,6.799025104520475e-14,2.7446958529465868e-11
840,5,69673.60418247787,69673.60418243315,6.418217633704304e-13,4.4718035496771336e-08,0.0024355617446682083,1.0502610982023907e-13,4.3121924562233054e-11
840,6,84836.17816452654,84836.17816466201,1.5967689939798578e-12,1.3546377886086702e-07,0.0028784170697694744,4.907608581751844e-14,1.7049678565674002e-11
840,7,86089.99949811556,86089.99949805676,6.830559853716531e-13,5.880428943783045e-08,0.0026599177792340453,1.0531397055556121e-13,3.9592942074278914e-11
840,8,109953.34989905363,109953.34989919746,1.3081104873041792e-12,1.4383113011717796e-07,0.0030416058258800906,1.2313200759556512e-13,4.048256567233824e-11
840,9,89723.46540132553,89723.46540114435,2.0193813925706763e-12,1.8118589650839567e-07,0.0026918187048416216,1.408252030680622e-13,5.231600583455749e-11
840,10,102599.12696816146,102599.12696805416,1.045874619647361e-12,1.0730582289397717e-07,0.0027751664880196762,1.0448624857459954e-13,3.765044332498653e-11
840,11,115686.49025957886,115686.49025963424,4.787472524656213e-13,5.538458935916424e-08,0.0029335377107519663,1.1425017940725205e-13,3.894621125493308e-11
840,12,123274.88104472692,123274.88104482183,7.698858868496818e-13,9.490759111940861e-08,0.003080437047443857,1.0027050360764161e-13,3.2550739412397686e-11
840,13,104609.0771344372,104609.07713420157,2.2525689906442377e-12,2.3563916329294443e-07,0.003037190435609903,2.062563255666464e-13,6.791023807673072e-11
840,14,89851.94550568933,89851.94550551774,1.9097659311343083e-12,1.7159618437290192e-07,0.0026898944266100866,1.8316914939878955e-13,6.809529310398533e-11
840,15,111888.30306495214,111888.30306491439,3.373692072215159e-13,3.7747668102383614e-08,0.003270919620370804,1.0336578684041128e-13,3.160144510940162e-11
840,16,111771.43579757462,111771.43579758167,6.301365747224649e-14,7.043126970529556e-09,0.0032532100103556854,2.1154867993999079e-13,6.502767397941607e-11
840,17,105261.1271933611,105261.1271933506,9.967526625835177e-14,1.04919308796525e-08,0.0030366535604604444,1.4863533636444833e-13,4.894708382272988e-11
840,18,375706.8585590316,375706.85855699773,5.4135080084485866e-12,2.033892087638378e-06,0.020403156909533603,1.1030999584157555e-12,5.406516076442772e-11
840,19,1214894.142991257,1214894.1429907703,4.0054193037630727e-13,4.866160452365875e-07,0.06271086536935079,1.1331420662756265e-12,1.806930999280151e-11
840,20,1315289.1702048134,1315289.1702059065,8.311023132538201e-13,1.093139871954918e-06,0.08644887702668845,2.6430165972228734e-12,3.0573174437034144e-11
840,21,77776.37475907849,77776.37475910979,4.024508696011632e-13,3.13011696562171e-08,0.002722591403844167,6.458381982119512e-14,2.3721451456141024e-11
840,22,96560.95604687213,96560.95604695975,9.073758709210188e-13,8.761708158999681e-08,0.0030314916496623594,8.136511899864175e-14,2.683996144528503e-11
840,23,107890.29312760543,107890.2931275733,2.9780833745842223e-13,3.213062882423401e-08,0.0028971717428044014,1.0880441084870605e-13,3.755538867136385e-11
840,24,108257.54263362334,108257.54263367491,4.763823962258917e-13,5.157198756933212e-08,0.0029760359920092314,1.2453640003231337e-13,4.1846402518887297e-11
840,25,117794.7096692008,117794.70966901534,1.5744693467675138e-12,1.8546415958553553e-07,0.0033884708403071596,1.3465136362678737e-13,3.9738091302146227e-11
840,26,153949.83213310674,153949.8321331906,5.446458393884689e-13,8.38481355458498e-08,0.004395732270350057,3.288982537711566e-13,7.482217604325757e-11
840,27,125127.80803786157,125127.80803757881,2.2597555989859456e-12,2.827582648023963e-07,0.0034678628159632535,1.5171781653847552e-13,4.3749659254133356e-11
840,28,125032.63518680279,125032.6351867473,4.43775760487366e-13,5.5486452765762806e-08,0.0031461620817406157,1.0701290800736745e-13,3.401379370390233e-11
840,29,126753.83047640108,126753.83047627614,9.85711782288264e-13,1.249427441507578e-07,0.003154449481533264,1.1078856322288904e-13,3.5121362339598757e-11
840,30,97872.93470812877,97872.9347080864,4.3296113753381535e-13,4.237517714500427e-08,0.0028328665249421903,1.7379960817340823e-13,6.13511461423172e-11
840,31,115864.51384412148,115864.51384402583,8.255309207505747e-13,9.564973879605532e-08,0.0032432306617013783,2.0440640390871188e-13,6.302555236743022e-11
860,0,127536.93460942249,127536.9346094618,3.0818306204542427e-13,3.930472303181887e-08,0.003408897601320214,1.1136388876165477e-13,3.266859313067286e-11
860,1,84868.91061930182,84868.91061931156,1.147090402921153e-13,9.735231287777424e-09,0.003000423987232622,5.6731696527557324e-14,1.890789327407152e-11
860,2,286338.58892302786,286338.5889225538,1.6555337241209516e-12,4.7404319047927856e-07,0.01572024188298989,9.45226111317545e-13,6.012796230194258e-11
860,3,65056.01263057661,65056.01263051738,9.103892566513747e-13,5.922629497945309e-08,0.0021197458062924214,5.956260847394239e-14,2.809893917333394e-11
860,4,90093.35239357727,90093.35239351998,6.359058546717432e-13,5.7290890254080296e-08,0.00276198775258774,2.256143169171889e-13,8.168548781789772e-11
860,5,44048.28534124998,44048.28534123845,2.6181252525807103e-13,1.153239281848073e-08,0.00167930222590755,4.3880267573259635e-14,2.613005979286788e-11
860,6,80852.5418949228,80852.54189496525,5.250043564036872e-13,4.244793672114611e-08,0.002812251789946302,5.702529668262054e-14,2.027745057767686e-11
860,7,0.0,2.160048996665745e-09,,2.160048996665745e-09,1.7914134042531696e-19,8.708364906467953e-17,8.708364906467954e-06
860,8,90003.2706453313,90003.27064547277,1.5718730978974834e-12,1.4147371985018253e-07,0.0029845390828365285,8.221286787370048e-14,2.7546252735136044e-11
860,9,94539.30589474984,94539.30589471626,3.5510381755094607e-13,3.357126843184233e-08,0.0025749891245645698,9.791085244704582e-14,3.802379261061928e-11
860,10,105146.50184541427,105146.50184546548,4.870175306821801e-13,5.120818968862295e-08,0.002796079219565097,1.0430552710794685e-13,3.73042102591678e-11
860,11,111232.53012926172,111232.5301290087,2.2747725121131544e-12,2.530287019908428e-07,0.0029731233549472134,1.3321004033565023e-13,4.480474720767668e-11
860,12,135973.42309204323,135973.42309204888,4.152387268197512e-14,5.6461431086063385e-09,0.003385567293650868,1.189440829391387e-13,3.513268903625164e-11
860,13,133985.44254535012,133985.4425451906,1.1905628828248656e-12,1.5951809473335743e-07,0.0036327150893198466,2.3045681307449954e-13,6.343927542021078e-11
860,14,103522.65884178222,103522.65884172452,5.573499031613672e-13,5.769834388047457e-08,0.0026474661261848575,8.879653341102311e-14,3.354019624000725e-11
860,15,147163.58111773583,147163.58111767797,3.931571555172874e-13,5.78584149479866e-08,0.0037806825113095447,1.188923020206339e-13,3.14473118715932e-11
860,16,119979.7563858071,119979.75638566159,1.2127429222356089e-12,1.4550460036844015e-07,0.003043170613197427,3.164466937829915e-13,1.0398585357345469e-10
860,17,112269.37953477197,112269.37953488143,9.749720431462236e-13,1.0945950634777546e-07,0.002816354251535652,1.23749891805135e-13,4.3939746478150804e-11
860,18,346639.2997329941,346639.2997311428,5.340694655161223e-12,1.8512946553528309e-06,0.016022618688294892,8.688130804857572e-13,5.422416256591203e-11
860,19,990228.6872375939,990228.687237722,1.2932048491431207e-13,1.280568540096283e-07,0.05163449553831819,7.657053256811096e-13,1.482933681636929e-11
860,20,1278664.1915197913,1278664.191520833,8.146660449365446e-13,1.0416842997074127e-06,0.08477265968631154,2.884218298437166e-12,3.4022977562689194e-11
860,21,108100.30291860164,108100.30291863928,3.482488363065174e-13,3.7645804695785046e-08,0.002919157674525108,1.1659908644767357e-13,3.99427161695328e-11
860,22,212635.30093645913,212635.3009366098,7.085866251320828e-13,1.5067053027451038e-07,0.007183526112526255,2.1474787145973014e-13,2.989449305199491e-11
860,23,76083.58100986146,76083.58100990373,5.556167727295395e-13,4.2273313738405704e-08,0.0026622541691152368,4.922615163969523e-14,1.849040268610197e-11
860,24,106917.6304783451,106917.63047818135,1.5315781067368337e-12,1.6375270206481218e-07,0.0026684608587205566,1.0017227403779781e-13,3.7539345465921723e-11
860,25,119584.49259673363,119584.49259683074,8.120194199958026e-13,9.7104930318892e-08,0.003018689388508022,8.951980152646777e-14,2.965518806514441e-11
860,26,147073.38394672232,147073.38394655235,1.155656892540771e-12,1.6996636986732483e-07,0.003594174266233276,1.9862716597957858e-13,5.5263643681847216e-11
860,27,125826.85354350372,125826.85354335862,1.153149289327811e-12,1.4509714674204588e-07,0.0030698396122736957,9.605141184053248e-14,3.128873946916011e-11
860,28,122293.8016272554,122293.80162695648,2.444203113555559e-12,2.989108907058835e-07,0.0032588766938586506,1.4094395693448046e-13,4.3249245115682226e-11
860,29,116856.50759440329,116856.50759450157,8.410625773065368e-13,9.828363545238972e-08,0.003251834046856089,2.5636535560082835e-13,7.883715832567677e-11
860,30,115121.37705816819,115121.37705814376,2.1223395943294423e-13,2.4432665668427944e-08,0.002939810412639649,1.1080418697935706e-13,3.769092949088226e-11
860,31,115088.99353498586,115088.99353503465,4.239551521134957e-13,4.8792571760714054e-08,0.003249410452084677,2.5047086523167596e-13,7.708194114750187e-11
880,0,121769.73130781033,121769.73130785745,3.869524963502128e-13,4.7119101509451866e-08,0.0034825044861750277,7.018889452786776e-14,2.015471761960676e-11
880,1,81707.37334440356,81707.3733444945,1.11293405405123e-12,9.093491826206446e-08,0.0022508679007845187,7.275378908315886e-14,3.232254947427338e-11
880,2,384359.3329698857,384359.3329673602,6.5707107258181135e-12,2.525513991713524e-06,0.018907225627624865,1.1189147551098752e-12,5.917921418756432e-11
880,3,56179.508546237485,56179.508546250894,2.386918331957914e-13,1.3409589882940054e-08,0.0021516245402860624,7.298105438889793e-14,3.3919047223358576e-11
880,4,88368.20096145224,88368.20096135269,1.1265325195505898e-12,9.954965207725763e-08,0.0027938694998518284,9.289843859554211e-14,3.325081525836e-11
880,5,54166.700295657065,54166.70029565838,2.431287711784041e-14,1.3169483281672e-09,0.002201154164923007,4.520020649003046e-14,2.0534775442051797e-11
880,6,74116.1673236977,74116.16732367488,3.0785999737986523e-13,2.2817403078079224e-08,0.0027243233281276447,6.63382083555685e-14,2.435034332035826e-11
880,7,68090.4796714163,68090.47967147588,8.751604210709883e-13,5.959009286016226e-08,0.0024773643964107047,5.1789423197538056e-14,2.090504863659654e-11
880,8,87242.24117631403,87242.24117636376,5.701188504549987e-13,4.97384462505579e-08,0.0023425790420957856,8.493825993440993e-14,3.6258439270598977e-11
880,9,88201.0736999032,88201.07369988474,2.092018581582122e-13,1.8451828509569168e-08,0.0026306549847342287,1.4473235751611532e-13,5.5017612859156235e-11
880,10,102286.59611357268,102286.59611355425,1.8025115014942128e-13,1.84372765943408e-08,0.002774108480929962,1.0448332474456718e-13,3.7663748718847444e-11
880,11,122572.95426323927,122572.95426317902,4.915026272113502e-13,6.024492904543877e-08,0.003139277822646868,2.846575262755504e-13,9.067611799822787e-11
880,12,138020.69126666445,138020.6912668595,1.4132219591928665e-12,1.9505387172102928e-07,0.003455169386134214,1.2663145857324287e-13,3.6649855454677916e-11
880,13,131892.18109609888,131892.18109619833,7.540082197761194e-13,9.944778867065907e-08,0.0038471698941227365,3.1146373499884484e-13,8.09591839119582e-11
880,14,95520.85428884793,95520.85428882237,2.6751397201433455e-13,2.5553163141012192e-08,0.00282611050092008,1.7071429227043191e-13,6.040609247757565e-11
880,15,121719.95608140409,121719.9560814529,4.0097881438029033e-13,4.880712367594242e-08,0.00354749124835213,8.202019953587076e-14,2.312062068482014e-11
880,16,119615.59473955735,119615.5947394847,6.073051007953894e-13,7.264316082000732e-08,0.003280553866016735,1.765333968680567e-13,5.3812070789865525e-11
880,17,97708.25857383033,97708.25857380283,2.81482038294966e-13,2.750311978161335e-08,0.002780740234684294,8.057023516010215e-14,2.8974383926677963e-11
880,18,353080.64086233673,353080.6408605158,5.157207860246178e-12,1.820910256356001e-06,0.01615934009088047,8.906453572092223e-13,5.5116443629520436e-11
880,19,1603326.1225464274,1603326.1225461569,1.6874246862273163e-13,2.705492079257965e-07,0.08577030598149077,1.3020418837935392e-12,1.518056708430692e-11
880,20,1174585.3795950175,1174585.379595754,6.2698151932651e-13,7.364433258771896e-07,0.07302668616071398,2.415524529308677e-12,3.307728525422482e-11
880,21,65423.43430338479,65423.434303349764,5.353809430463796e-13,3.502645995467901e-08,0.0023546893187110377,8.144333862225209e-14,3.4587721605172693e-11
880,22,86655.63484118204,86655.63484116003,2.539072717615619e-13,2.200249582529068e-08,0.0027956513520619787,1.0238808961088746e-13,3.662405526188433e-11
880,23,68722.48925982066,68722.48925982603,7.813536408680114e-14,5.369656719267368e-09,0.002402829749047277,7.084452307643166e-14,2.94837880646859e-11
880,24,104158.21991051376,104158.21991063621,1.175657252513649e-12,1.2245436664670706e-07,0.0030876610066275763,1.2115993654859924e-13,3.924003842667065e-11
880,25,103273.32756876216,103273.327568823,5.891313759527295e-13,6.084155756980181e-08,0.0035863248620264933,8.185849349612645e-14,2.2825175254722996e-11
880,26,136866.85597771214,136866.85597756595,1.068107682753955e-12,1.461885403841734e-07,0.003606092781098172,1.0349901489639807e-13,2.870115140655906e-11
880,27,125981.37783416884,125981.3778341839,1.1955125845015773e-13,1.506123226135969e-08,0.0035626670455111502,1.0415702070588868e-13,2.923568758330172e-11
880,28,125016.7714003207,125016.77140048445,1.309845872922552e-12,1.6375270206481218e-07,0.003395451653231566,1.1374050882024683e-13,3.349790261687112e-11
880,29,137925.6727117364,137925.67271167948,4.1273746398430343e-13,5.6927092373371124e-08,0.003545392761388621,2.361857254669167e-13,6.66176475676013e-11
880,30,98447.53646367723,98447.53646370131,2.4463201993716573e-13,2.408341970294714e-08,0.0027960124098311834,6.457513325474458e-14,2.309543871396532e-11
880,31,130517.6706306759,130517.67063055863,8.985287912259543e-13,1.1727388482540846e-07,0.0032732301687709553,1.643777339008227e-13,5.021881304563086e-11
900,0,136258.89361304924,136258.8936131363,6.388541297223182e-13,8.704955689609051e-08,0.003642563684386358,1.471869341941405e-13,4.0407511562544464e-11
900,1,93810.05855687748,93810.05855699319,1.2333675062210307e-12,1.1570227798074484e-07,0.003202808287425994,6.309702601099316e-14,1.9700531642404212e-11
900,2,312293.9537941315,312293.9537932428,2.8457629615611236e-12,8.887145668268204e-07,0.015367142380007888,5.868082295810984e-13,3.818590438418135e-11
900,3,54530.59635205418,54530.59635204713,1.2929260634939214e-13,7.05040292814374e-09,0.002078941435079559,1.1230401701447499e-13,5.401980792699709e-11
900,4,68725.38849953147,68725.3884994998,4.609580264849373e-13,3.1679519452154636e-08,0.0023911815403507074,5.84158027319793e-14,2.442968120413431e-11
900,5,318337.06559132185,318337.0655911314,5.982824091033443e-13,1.9045546650886536e-07,0.01907416292739254,5.620887351179368e-13,2.946859252789197e-11
900,6,93568.0621156596,93568.06211572018,6.474391125126505e-13,6.05796230956912e-08,0.002594418738997777,9.859870391812445e-14,3.8004159635469765e-11
900,7,64323.172887288616,64323.172887273424,2.3618548054269317e-13,1.5192199498414993e-08,0.002349326198421668,1.123495409991821e-13,4.7822027045311975e-11
900,8,77821.42774208092,77821.42774220416,1.5836277185441351e-12,1.2324017006903887e-07,0.0027182297565809667,4.904692748071243e-14,1.8043701921063755e-11
900,9,92645.28002014515,92645.28002009928,4.950887599437195e-13,4.586763679981232e-08,0.0025534327369972193,9.802553400551656e-14,3.8389706760316903e-11
900,10,99452.4895265239,99452.48952645794,6.632697888632987e-13,6.596383173018694e-08,0.0026555796049639595,1.1578917315376898e-13,4.36022226324268e-11
900,11,115494.39882176126,115494.39882185712,8.2994038314516e-13,9.585346560925245e-08,0.0033785771752817325,2.7671641500852477e-13,8.190323933785997e-11
900,12,136831.68832206752,136831.68832211028,3.1245340509364113e-13,4.275352694094181e-08,0.003421600154048963,1.2673261655521254e-13,3.703899077899273e-11
900,13,129956.07448695076,129956.0744870719,9.321972424483974e-13,1.2114469427615404e-07,0.003633065350125517,3.044914721690997e-13,8.381117398798476e-11
900,14,97547.13828661267,97547.13828665591,4.4335787618529926e-13,4.3248292058706284e-08,0.0024679405643516224,1.2826585238969015e-13,5.197282877976839e-11
900,15,121398.61636721496,121398.61636724889,2.7953420992791514e-13,3.39350663125515e-08,0.002976961444177864,1.0533070129640865e-13,3.538195010970056e-11
900,16,129617.7400748084,129617.7400749226,8.810787060961791e-13,1.1420343071222305e-07,0.003455689562691082,1.0174283277997514e-13,2.944212173409074e-11
900,17,106641.69474701304,106641.69474706885,5.233093400585701e-13,5.5806594900786877e-08,0.002932200811715153,1.3293261555706566e-13,4.533544054211839e-11
900,18,364730.5016021018,364730.5016002035,5.204577707024052e-12,1.898268237709999e-06,0.016471512214328358,8.866316312243085e-13,5.382818648873383e-11
900,19,639305.8663055433,639305.8663054595,1.3110943623866805e-13,8.381903171539307e-08,0.03343961862692421,4.596753277754779e-13,1.374642853747666e-11
900,20,1154390.4659566223,1154390.4659572693,5.605004353339981e-13,6.470363587141037e-07,0.07132396019946564,2.362538176157149e-12,3.312404652728447e-11
900,21,98460.46300724898,98460.46300724098,8.128697683467648e-14,8.003553375601768e-09,0.002643229649345658,1.3042498587348285e-13,4.9343039832263435e-11
900,22,78177.04461244166,78177.04461246851,3.434292474144515e-13,2.684828359633684e-08,0.0026019752943252537,8.340766982204041e-14,3.2055519513942807e-11
900,23,67403.8321505952,67403.8321505022,1.379762652317852e-12,9.300129022449255e-08,0.0024242623301134435,1.0163223563849731e-13,4.192295296431278e-11
900,24,84815.21261279103,84815.21261293278,1.671282802610626e-12,1.417502062395215e-07,0.0028753126653277058,4.8067057759236626e-14,1.671715856812812e-11
900,25,116928.17610197875,116928.17610204496,5.662554270180623e-13,6.621121428906918e-08,0.0029785571274701154,1.0138375395075483e-13,3.40378745855608e-11
900,26,139624.93459774205,139624.93459769944,3.0516044939545617e-13,4.260800778865814e-08,0.0034049460918585354,1.0136029353217332e-13,2.9768545755992064e-11
900,27,136179.03967753673,136179.0396775391,1.7524826897761042e-14,2.3865140974521637e-09,0.0033530629589095186,9.79408688392794e-14,2.920937365015511e-11
900,28,117189.87404194183,117189.8740415987,2.928018857346701e-12,3.4313416108489037e-07,0.003330144146216967,1.8397804686916306e-13,5.5246271269717544e-11
900,29,125962.605462139,125962.60546181972,2.5347488713351933e-12,3.192835720255971e-07,0.003275249784863667,1.621581926774962e-13,4.951017581220625e-11
900,30,106127.6766442788,106127.67664435593,7.267204291002636e-13,7.712515071034431e-08,0.0028701517745272054,1.0248220508393086e-13,3.5706197140327127e-11
900,31,117228.67943075956,117228.6794308464,7.408240927442022e-13,8.684583008289337e-08,0.0033165530148530874,2.434320151107752e-13,7.339910262871515e-11
920,0,123887.79535735336,123887.7953573729,1.5774937390179892e-13,1.9543222151696682e-08,0.00344250716378169,7.859043679225422e-14,2.2829418517729544e-11
920,1,128641.92703417697,128641.92703425803,6.300758212403743e-13,8.105416782200336e-08,0.0037641178404926195,2.8962220859904773e-13,7.694291753659695e-11
920,2,277559.96291895345,277559.9629187749,6.431867699655681e-13,1.7852289602160454e-07,0.012467048550652698,4.505087707861891e-13,3.613596024398173e-11
920,3,95590.63874487,95590.6387448089,6.392204597251069e-13,6.110349204391241e-08,0.002858654413331656,1.6876190413979018e-13,5.903543406742311e-11
920,4,83958.61206179578,83958.6120618216,3.074740873053284e-13,2.5815097615122795e-08,0.0024259901334717925,9.255510610013347e-14,3.8151476720014e-11
920,5,342075.11903830257,342075.11903825455,1.4038238264336788e-13,4.802132025361061e-08,0.018883760900736977,5.805742273753358e-13,3.074462923075274e-11
920,6,118912.54474253087,118912.54474263468,8.730228039770366e-13,1.0381336323916912e-07,0.003131795588944668,1.9454329235833469e-13,6.211877079240797e-11
920,7,56875.359304177444,56875.3593041251,9.203148730278176e-13,5.2343239076435566e-08,0.00214882168404484,9.991222533403391e-14,4.649628495276784e-11
920,8,73326.29809419921,73326.29809419456,6.350535884267931e-14,4.6566128730773926e-09,0.0025979946433573606,6.131733425050662e-14,2.360179394799146e-11
920,9,81027.05026218682,81027.05026203301,1.898301165674032e-12,1.5381374396383762e-07,0.0024391346439280558,1.1253282843982731e-13,4.613637411118774e-11
920,10,93431.92579158717,93431.92579159261,5.825007083284642e-14,5.4424162954092026e-09,0.002491099621682944,1.1539794844756508e-13,4.632410018576522e-11
920,11,107648.82160689292,107648.82160676927,1.1486203178978022e-12,1.2364762369543314e-07,0.0028346072193524492,8.046294047748957e-14,2.838592236982568e-11
920,12,134857.010706844,134857.01070692667,6.1290753861363e-13,8.265487849712372e-08,0.003397787847418366,1.2273569907484459e-13,3.61222373457197e-11
920,13,133714.18698049404,133714.18698034892,1.0852378639406666e-12,1.4511169865727425e-07,0.003327397680666707,1.3819532822382285e-13,4.153255531395757e-11
920,14,99615.07251299157,99615.07251289625,9.568335628463464e-13,9.531504474580288e-08,0.0029506144088445136,2.977130902946224e-13,1.0089867703561099e-10
920,15,124476.64462736246,124476.64462729407,5.494524838620998e-13,6.83940015733242e-08,0.0037029512876674284,1.6835751664197116e-13,4.546576596961399e-11
920,16,126450.35817693622,126450.35817668278,2.0042343831293496e-12,2.534361556172371e-07,0.003306329855279324,1.4494453825358754e-13,4.3838499060266764e-11
920,17,114757.06791035597,114757.06791033536,1.795576720334449e-13,2.0605511963367462e-08,0.0033262157053031826,7.539501818522748e-14,2.266690583687122e-11
920,18,379166.62385619286,379166.62385457783,4.259419627392103e-12,1.6150297597050667e-06,0.016834668740837073,8.945565974046748e-13,5.3137760604381456e-11
920,19,106438.59581949175,106438.59581945585,3.3727967371218224e-13,3.5899574868381023e-08,0.003124873146740663,1.0227560027421401e-13,3.272952067859023e-11
920,20,1142313.8681427091,1142313.868143332,5.452284080090431e-13,6.228219717741013e-07,0.07029371132898725,2.3251994824972063e-12,3.307834283517723e-11
920,21,77017.41231537548,77017.41231542859,6.896426273846054e-13,5.311449058353901e-08,0.0026646506250189578,7.936570054860818e-14,2.978465537036187e-11
920,22,82571.82464302101,82571.82464297889,5.101957570666653e-13,4.2127794586122036e-08,0.0027917682136926344,5.235503730778896e-14,1.875336106020721e-11
920,23,66649.23285153961,66649.23285153904,8.515097168041857e-15,5.675246939063072e-10,0.0024645658589247995,8.80715636571152e-14,3.573512281612753e-11
920,24,82213.9149151257,82213.91491521787,1.1211220284501727e-12,9.217183105647564e-08,0.0028077991892186027,5.2389382808342736e-14,1.865852195182112e-11
920,25,117854.75152335793,117854.75152348785,1.1023696327857445e-12,1.2991949915885925e-07,0.003685366226651255,1.4017252270310575e-13,3.803489642072052e-11
920,26,135350.35243513974,135350.35243530985,1.2568263470250408e-12,1.701118890196085e-07,0.0038615960786350153,1.2994010677351373e-13,3.364932637373217e-11
920,27,125010.04517670657,125010.04517670297,2.8752273917875135e-14,3.5943230614066124e-09,0.003325467245039936,1.0680969103923891e-13,3.2118701875217473e-11
920,28,128683.25226186139,128683.25226169852,1.2656272853942399e-12,1.628650352358818e-07,0.003426647698287867,2.9016692919254005e-13,8.467953368463429e-11
920,29,140269.32434205667,140269.32434212975,5.209957246150859e-13,7.307971827685833e-08,0.0034793968682649383,1.298489803430846e-13,3.7319393348720384e-11
920,30,103641.76703899416,103641.76703912004,1.2145110057609731e-12,1.2587406672537327e-07,0.003184791840462309,9.002143208913053e-14,2.8266033260141647e-11
920,31,124867.45318198699,124867.45318194326,3.5019938460273277e-13,4.372850526124239e-08,0.003092265041178316,1.2236597181788582e-13,3.9571631211552925e-11
940,0,146813.03194903408,146813.03194923713,1.3831021837838084e-12,2.0305742509663105e-07,0.0036594382565894954,1.2437588475662147e-13,3.398769866731915e-11
940,1,138223.81152965204,138223.8115296274,1.7834079471586037e-13,2.4650944396853447e-08,0.003699305929725824,2.2528583253309966e-13,6.08994867720472e-11
940,2,189001.8835118722,189001.8835116688,1.0762150476100139e-12,2.0340667106211185e-07,0.009830322223629727,2.4481000071047867e-13,2.490355810738521e-11
940,3,69756.59901240136,69756.59901239215,1.3205004931388093e-13,9.211362339556217e-09,0.002037901432879942,8.000950979248287e-14,3.9260735824408394e-11
940,4,70091.71905662143,70091.7190566309,1.3515572083506914e-13,9.47329681366682e-09,0.0024406697923446755,6.42047844177873e-14,2.630621504767666e-11
940,5,331999.02254630096,331999.02254627505,7.801953423787751e-14,2.5902409106492996e-08,0.018534768569765537,5.714387526628375e-13,3.0830638673038095e-11
940,6,65734.07949701435,65734.079496942,1.1006790247777978e-12,7.235212251543999e-08,0.00223312899969481,7.539605266838793e-14,3.3762515590766144e-11
940,7,54153.09172032188,54153.0917203206,2.3647191682238295e-14,1.280568540096283e-09,0.0020788680852978103,9.439069537278016e-14,4.54048508610677e-11
940,8,68283.97128996353,68283.97128992337,5.881802899210662e-13,4.016328603029251e-08,0.00248020376463898,6.820663309760765e-14,2.7500415115100036e-11
940,9,63937.8041137575,63937.804113642494,1.798682135613692e-12,1.1500378604978323e-07,0.002347264721099396,4.339640089585803e-14,1.8488072736645783e-11
940,10,92517.77987607774,92517.77987603887,4.2011563211989677e-13,3.886816557496786e-08,0.0025258028422586796,1.083723838189817e-13,4.290611365456798e-11
940,11,105860.69808555815,105860.69808556965,1.0859566617554863e-13,1.1496013030409813e-08,0.00308970611876818,2.396319028764155e-13,7.755815396836366e-11
940,12,128377.94528858567,128377.94528864241,4.41960006041996e-13,5.6737917475402355e-08,0.0032353492215502263,1.2692603571800273e-13,3.923101558019326e-11
940,13,117760.5389653961,117760.53896532141,6.342955078454265e-13,7.469498086720705e-08,0.0033927486160343157,1.5587732461250893e-13,4.594426002439966e-11
940,14,106783.06055498622,106783.06055515422,1.573300675578459e-12,1.680018613114953e-07,0.002753109163630469,1.5061891485131779e-13,5.470866060854025e-11
940,15,136526.80201495753,136526.80201478553,1.2598525378222212e-12,1.720036379992962e-07,0.0034693827749681465,8.313375998796207e-14,2.396211815766644e-11
940,16,150243.93693957006,150243.9369395549,1.0092317851107058e-13,1.516309566795826e-08,0.003701048974128839,1.1568608921376162e-13,3.125764885102206e-11
940,17,115250.17522217792,115250.17522212933,4.215945429483983e-13,4.858884494751692e-08,0.0028724008738448678,9.453577816349658e-14,3.2911763474348366e-11
940,18,393077.0990651952,393077.0990636356,3.967710330173089e-12,1.5596160665154457e-06,0.017190096259779727,9.078820936378264e-13,5.281425303952472e-11
940,19,123008.31545700181,123008.31545701131,7.725006727244524e-14,9.502400644123554e-09,0.0031303504312808713,9.220753005338604e-14,2.945597691938177e-11
940,20,1084368.5135684703,1084368.5135653676,2.861297721676749e-12,3.1027011573314667e-06,0.07280370739523155,2.3716363262286295e-12,3.2575763118127074e-11
940,21,71433.38900346229,71433.3890034496,1.776378001402238e-13,1.2689270079135895e-08,0.003779478295017774,8.440060638160099e-14,2.2331284847662496e-11
940,22,69671.25523496931,69671.2552349768,1.0735682028628598e-13,7.479684427380562e-09,0.0020088373459179786,4.266657847492265e-14,2.1239439102236346e-11
940,23,70441.9160127398,70441.91601270928,4.3340556130801656e-13,3.0529918149113655e-08,0.00279269730783269,8.506803846414007e-14,3.0460887481628166e-11
940,24,78539.34684740887,78539.34684742994,2.682881141297697e-13,2.10711732506752e-08,0.002661207692422387,1.1115267609004002e-13,4.1767756949799694e-11
940,25,90849.7763724581,90849.77637258387,1.3843975003652693e-12,1.257722033187747e-07,0.0030301082997501757,4.9484693694501165e-14,1.6330998366817483e-11
940,26,134002.94065629458,134002.9406561056,1.4102016734115254e-12,1.8897117115557194e-07,0.0034502724526335933,1.0933336932583387e-13,3.168832920495293e-11
940,27,130237.90751998918,130237.9075199467,3.2614959315960584e-13,4.247704055160284e-08,0.0033096421128314653,1.2484191258396314e-13,3.772066837678692e-11
940,28,124330.49380047183,124330.49379982044,5.239160253097245e-12,6.513873813673854e-07,0.003385793143553776,4.57353919661453e-13,1.3508028998529758e-10
940,29,139758.09482887463,139758.09482875283,8.715025101806571e-13,1.2179953046143055e-07,0.003600595102190836,1.236349439369775e-13,3.433736380459667e-11
940,30,122201.64389631724,122201.6438964339,9.546737725132426e-13,1.1666270438581705e-07,0.0030530066292791596,1.0119387091853971e-13,3.3145644017955476e-11
940,31,118662.16262130513,118662.16262120203,8.688558940393697e-13,1.0310031939297915e-07,0.003345531229891626,2.262166043565986e-13,6.761754376566584e-11
960,0,140005.5583482479,140005.55834819438,3.8228442385696957e-13,5.352194420993328e-08,0.0038479016134608324,1.379949628831557e-13,3.58623937785778e-11
960,1,103537.31859594134,103537.31859595126,9.585342097255385e-14,9.924406185746193e-09,0.0033004290798169314,7.483503514080972e-14,2.2674335164008e-11
960,2,274917.09636981884,274917.09636979894,7.241099333315707e-14,1.9907020032405853e-08,0.01378194754238472,3.2683749436338357e-13,2.3714899027022868e-11
960,3,57854.24913689663,57854.24913684522,8.886454714876261e-13,5.141191650182009e-08,0.0022011169375204804,4.051628724233757e-14,1.8407148912305394e-11
960,4,72402.91158923035,72402.91158930426,1.0208039403745323e-12,7.390917744487524e-08,0.001980451129941235,6.386732554205267e-14,3.2248877327231e-11
960,5,327276.4168592729,327276.4168589189,1.0817125079560346e-12,3.5401899367570877e-07,0.018369972823805727,5.64431128821466e-13,3.072574653404202e-11
960,6,75493.6660189034,75493.66601895884,7.344032942604084e-13,5.5442797020077705e-08,0.002286542369114828,7.342397322066466e-14,3.2111354774102926e-11
960,7,862004.7998965507,862004.7998965145,4.2001117734520403e-14,3.620516508817673e-08,0.04955366557160034,2.3627928457121844e-12,4.7681494768496135e-11
960,8,75484.54468836372,75484.54468834621,2.3191441495736997e-13,1.7505954019725323e-08,0.002369475281389959,7.291327391757775e-14,3.077190738820647e-11
960,9,63788.04362354449,63788.04362357711,5.114656617240458e-13,3.262539394199848e-08,0.0023902859429168516,4.699116891887503e-14,1.965922489655451e-11
960,10,94827.8076829202,94827.80768295671,3.8502161127730597e-13,3.651075530797243e-08,0.002547038839538451,1.0115813049683345e-13,3.971597485147364e-11
960,11,107100.19623028782,107100.19623032767,3.7201746866641913e-13,3.984314389526844e-08,0.003037661429934617,2.2552075789946667e-13,7.424157138681454e-11
960,12,122987.20906358768,122987.2090636524,5.261715223335897e-13,6.471236702054739e-08,0.003110630056940305,1.1400451065504034e-13,3.6649973982179203e-11
960,13,113773.30258884556,113773.30258880803,3.298611231281734e-13,3.752938937395811e-08,0.0027868724459551987,9.26240146708722e-14,3.3235828502053785e-11
960,14,101618.19981441465,101618.19981444297,2.786708196574936e-13,2.8318027034401894e-08,0.002852944343790555,1.8960356030557075e-13,6.645890611859809e-11
960,15,138406.98141784014,138406.9814177534,6.266260117272331e-13,8.672941476106644e-08,0.0038053647482508006,7.560543194170649e-14,1.9868116972613462e-11
960,16,145769.98090593505,145769.9809059519,1.1560074117950796e-13,1.6851117834448814e-08,0.0036972539941591354,1.3498673269799796e-13,3.6509997125230456e-11
960,17,116241.52659539058,116241.52659534274,4.11489308137997e-13,4.783214535564184e-08,0.003204860343431331,1.6056603081310333e-13,5.010078867935483e-11
960,18,407581.77390148235,407581.77389984176,4.0251626247709215e-12,1.6405829228460789e-06,0.017597698647986368,9.077979601286524e-13,5.158617489068737e-11
960,19,102588.20911746482,102588.20911743691,2.7206414507197076e-13,2.7910573408007622e-08,0.0033024222131689553,7.032501957420194e-14,2.1294981390861368e-11
960,20,68185.23282867244,68185.23282869977,4.0079788049621643e-13,2.7328496798872948e-08,0.002371882974367884,1.2902257914142424e-13,5.4396688426759566e-11
960,21,86112.594428153,86112.59442810365,5.730351624762956e-13,4.9345544539391994e-08,0.002488618559865654,1.2784440725775447e-13,5.1371636183835004e-11
960,22,84563.02177507794,84563.02177507181,7.244722554306803e-14,6.126356311142445e-09,0.002758226668215443,6.308319654134864e-14,2.2870925463918587e-11
960,23,54466.18936824931,54466.18936825935,1.843496235744804e-13,1.0040821507573128e-08,0.002016578246589058,7.852642571617835e-14,3.894043082582996e-11
960,24,84156.4176156744,84156.41761568614,1.3936956926597059e-13,1.1728843674063683e-08,0.00305803121163056,9.417509890739936e-14,3.0795990096249746e-11
960,25,82330.79055352963,82330.79055348337,5.618862420724681e-13,4.626053851097822e-08,0.0028450672626225693,6.593633000874381e-14,2.317566648598648e-11
960,26,129824.38735987057,129824.3873598321,2.963639162582705e-13,3.8475263863801956e-08,0.003495617734542256,1.153533154408034e-13,3.29994078874605e-11
960,27,121764.47886519194,121764.47886529822,8.728915839705955e-13,1.0628718882799149e-07,0.0031714486022900766,9.403891028291589e-14,2.965172136638597e-11
960,28,112265.91402769981,112265.91402778511,7.598328291135568e-13,8.530332706868649e-08,0.0033020356150286596,2.2310758045333087e-13,6.756667900185384e-11
960,29,127235.79418710686,127235.79418705906,3.7570435136270104e-13,4.780304152518511e-08,0.0032998170293225258,1.0527349722532677e-13,3.1902828638633347e-11
960,30,119613.64783588891,119613.64783587729,9.72044618471752e-14,1.1626980267465115e-08,0.003271219099372469,9.839579195807125e-14,3.0079242315791795e-11
960,31,138975.5350691788,138975.53506910402,5.379921034744082e-13,7.476774044334888e-08,0.003393142046888348,1.4220124524114974e-13,4.190842684335976e-11
980,0,163180.94438331318,163180.9443826738,3.9182396800086524e-12,6.393820513039827e-07,0.004212874632706021,3.047548788540517e-13,7.233893847401042e-11
980,1,103723.79224203876,103723.79224198843,4.852799313147401e-13,5.033507477492094e-08,0.0027050352502135085,6.725782248942394e-14,2.4863935685909113e-11
980,2,257397.52539360974,257397.52539319603,1.6072840999921306e-12,4.137109499424696e-07,0.012662960372619667,3.1605761220305196e-13,2.4959219874557478e-11
980,3,61736.89457490799,61736.89457488713,3.3788823722828094e-13,2.0860170479863882e-08,0.0022286059982706352,6.242180462766572e-14,2.8009349645521482e-11
980,4,77736.61513494428,77736.61513491886,3.2702987980408047e-13,2.542219590395689e-08,0.00288371211726959,9.02021191225961e-14,3.127986270973532e-11
980,5,306568.85704051936,306568.8570402459,8.920005561273517e-13,2.734595909714699e-07,0.014055920499311482,5.584601773398391e-13,3.973131303404702e-11
980,6,70100.28950722891,70100.2895071941,4.965483234226017e-13,3.480818122625351e-08,0.002440289322258705,5.315771238529255e-14,2.1783364743034348e-11
980,7,628699.3182928896,628699.3182918099,1.717438016119815e-12,1.0797521099448204e-06,0.04062345753543308,2.566389730788223e-12,6.31750689499964e-11
980,8,111321.23446482245,111321.23446474687,6.789598413950536e-13,7.558264769613743e-08,0.0030059175523674203,1.986818286926456e-13,6.609689894394393e-11
980,9,57121.88494299899,57121.884943058205,1.0365859446569587e-12,5.921174306422472e-08,0.002291974422668928,7.782237395719072e-14,3.3954294248435664e-11
980,10,65641.1423004906,65641.14230057213,1.2421231283772172e-12,8.153438102453947e-08,0.002433172586646506,4.519992480346887e-14,1.8576538734459382e-11
980,11,101881.84603443672,101881.84603441798,1.8396669812795988e-13,1.8742866814136505e-08,0.0026982772335678727,1.1700326873534508e-13,4.3362211740057604e-11
980,12,119808.7592642355,119808.75926428838,4.4138392104750735e-13,5.288165993988514e-08,0.0030064458482801106,1.1890313992202042e-13,3.954940348918622e-11
980,13,107294.62110346252,107294.62110324444,2.0324877367526127e-12,2.1807500161230564e-07,0.0030595240238568923,9.326301292440118e-14,3.0482850337886224e-11
980,14,113148.98428575067,113148.9842858122,5.43756516895956e-13,6.152549758553505e-08,0.002866718672600987,1.387196446192748e-13,4.838969583765056e-11
980,15,168685.51778592792,168685.51778568872,1.4180493124931986e-12,2.392043825238943e-07,0.004340677731368201,2.0629236316685196e-13,4.7525381042703166e-11
980,16,155995.9230941667,155995.9230940846,5.263080219659656e-13,8.210190571844578e-08,0.0039115759714087655,1.1278748679464465e-13,2.8834282554919784e-11
980,17,130271.02975491984,130271.02975477882,1.0825323999005027e-12,1.4102261047810316e-07,0.0031960944655966134,1.5705253102769945e-13,4.9138888952826306e-11
980,18,424230.3308472398,424230.3308455258,4.040354652378875e-12,1.7140409909188747e-06,0.01807987754300452,9.244050879557128e-13,5.112894629717211e-11
980,19,110257.17624868943,110257.1762487143,2.2555650318112113e-13,2.486922312527895e-08,0.0031216684038280836,8.940047348720568e-14,2.8638683524994455e-11
980,20,78139.61154285488,78139.61154285552,8.194106131395138e-15,6.402842700481415e-10,0.002319864142947185,1.2103754322068032e-13,5.217441012166953e-11
980,21,84409.6422326166,84409.64223265758,4.85468155049788e-13,4.0978193283081055e-08,0.002446257007167496,1.2291796785284918e-13,5.024736464431022e-11
980,22,94209.04937592395,94209.04937596232,4.07321809437662e-13,3.837340045720339e-08,0.003044256237986709,5.934765306871706e-14,1.949495982899503e-11
980,23,44594.08910128201,44594.08910126613,3.5601443675843177e-13,1.5876139514148235e-08,0.0016878112990924552,4.2248075630552314e-14,2.5031279061390988e-11
980,24,481788.858047628,481788.85804788873,5.411335461096267e-13,2.607121132314205e-07,0.023710517935125026,4.908119804222692e-13,2.070017963189113e-11
980,25,79382.56364135478,79382.56364121244,1.7929917644346196e-12,1.4233228284865618e-07,0.002787195750270403,5.417283105002379e-14,1.9436320913150513e-11
980,26,107471.62690619976,107471.62690626338,5.919792526631022e-13,6.362097337841988e-08,0.003402408726632847,5.6467502858499495e-14,1.6596331421470004e-11
980,27,120062.13638759199,120062.13638760807,1.3392953691441368e-13,1.607986632734537e-08,0.003190308357918466,1.0035817305872915e-13,3.1457201561610703e-11
980,28,118691.8237550025,118691.82375497204,2.5660704848414757e-13,3.045715857297182e-08,0.003048279483926271,1.2111720279721092e-13,3.973297180782255e-11
980,29,125392.9776297478,125392.97762975142,2.889656949181289e-14,3.623426891863346e-09,0.00318006667588007,9.950841198537542e-14,3.1291297361819064e-11
980,30,120947.7016513992,120947.70165132836,5.856971431823014e-13,7.083872333168983e-08,0.003022302437689218,1.2947649875163983e-13,4.2840351493953585e-11
980,31,123657.56394050992,123657.56394041333,7.811541017609734e-13,9.659561328589916e-08,0.0034200325304169616,2.8742697634375747e-13,8.404217614524304e-11
1000,0,166729.835771472,166729.8357714907,1.1224003728600659e-13,1.871376298367977e-08,0.004738255279403476,1.7052485283105032e-13,3.598895432508777e-11
1000,1,114989.54362108078,114989.5436210582,1.964054445580474e-13,2.2584572434425354e-08,0.003761976436747236,7.000746048874859e-14,1.8609223546672905e-11
1000,2,240878.72442502153,240878.72442512854,4.442683132138571e-13,1.0701478458940983e-07,0.012482219718972495,2.4001239338926516e-13,1.922834229752037e-11
1000,3,57852.63051834483,57852.6305183335,1.9581937595199447e-13,1.1328666005283594e-08,0.0019343941592009225,6.819906461366918e-14,3.5256033156055656e-11
1000,4,103013.87771279494,103013.877712714,7.856975613114259e-13,8.093775250017643e-08,0.0026463473470632187,1.0258533637970462e-13,3.876487963439424e-11
1000,5,312427.05420102214,312427.05420075863,8.434163348277822e-13,2.6350608095526695e-07,0.014205891082636844,5.570840982236313e-13,3.9215005590500206e-11
1000,6,100409.65348146632,100409.65348150424,3.776757489968207e-13,3.7922291085124016e-08,0.002760328084176693,1.257200305429672e-13,4.5545321682464893e-11
1000,7,592308.9471669272,592308.9471662097,1.2113064167798218e-12,7.174676284193993e-07,0.0367884456697631,2.2264438647469353e-12,6.052019388731254e-11
1000,8,57256.06293811141,57256.062938092764,3.2569964486222553e-13,1.864827936515212e-08,0.0022623598183464013,6.119034341305693e-14,2.7047131458416184e-11
1000,9,51276.68598012561,51276.6859800953,5.90996919629706e-13,3.030436346307397e-08,0.00200621911107013,8.348459438608029e-14,4.161289957085015e-11
1000,10,63753.01741306343,63753.01741322515,2.536592627217425e-12,1.6171543393284082e-07,0.002412786084290768,4.693041099287321e-14,1.945071355410633e-11
1000,11,96327.18724547933,96327.1872453771,1.061249761386287e-12,1.0222720447927713e-07,0.002625901633428477,9.258892302606526e-14,3.525985964111592e-11
1000,12,118465.22366435552,118465.22366443684,6.864132762413448e-13,8.131610229611397e-08,0.0030356696189486345,1.1202073100711354e-13,3.690148964428853e-11
1000,13,120195.21287073308,120195.21287064646,7.207238065931429e-13,8.662755135446787e-08,0.002943634161911535,7.914681945010875e-14,2.6887451054265787e-11
1000,14,108029.74721739956,108029.74721729408,9.764609860481218e-13,1.0548683349043131e-07,0.0029268232693846997,1.3544807396789164e-13,4.627818679204264e-11
1000,15,165986.87070335227,165986.8707032679,5.083052902711723e-13,8.437200449407101e-08,0.0044385263185693375,1.797810383064322e-13,4.05046687578001e-11
1000,16,148477.34908287707,148477.3490828142,4.2339302374973857e-13,6.28642737865448e-08,0.0038734356975457344,9.682046061159162e-14,2.4996015984708363e-11
1000,17,139110.58371265832,139110.58371279045,9.498298889069199e-13,1.3213139027357101e-07,0.003705086594100347,8.719003423734814e-14,2.353252266119269e-11
1000,18,441452.6965016195,441452.69649989234,3.9123958881924485e-12,1.727137714624405e-06,0.018571062013217864,9.367701731171523e-13,5.044246648093402e-11
1000,19,107429.9418417046,107429.94184172421,1.8259324534255253e-13,1.9615981727838516e-08,0.003102249623773421,1.3810287359365622e-13,4.4517008733059256e-11
1000,20,60379.21326946102,60379.21326946366,4.3743077641000875e-14,2.6411726139485836e-09,0.0023567474038105147,7.676582244465372e-14,3.25727832862085e-11
1000,21,81460.93943066213,81460.9394306448,2.1275633644928675e-13,1.733133103698492e-08,0.002478550363518661,7.941323114513922e-14,3.2040192652126494e-11
1000,22,94836.04236536208,94836.04236540158,4.164439694524029e-13,3.9493897929787636e-08,0.002528646062858882,7.24786189521695e-14,2.866301457398304e-11
1000,23,59246.479029147835,59246.47902920447,9.559395764420063e-13,5.663605406880379e-08,0.002364057576376391,5.1313357773819965e-14,2.1705629459528795e-11
1000,24,101707.06022679871,101707.06022662616,1.6966040547547684e-12,1.7255661077797413e-07,0.0029486555093951204,1.223603222498203e-13,4.1496987986541906e-11
1000,25,66261.58311166803,66261.58311165002,2.7188108413222993e-13,1.8015271052718163e-08,0.0021426646806368094,4.517716398803478e-14,2.108457025324487e-11
1000,26,102524.52758847304,102524.5275884275,4.441175572378761e-13,4.553294274955988e-08,0.003209474310584691,1.2383073101003937e-13,3.858287028553131e-11
1000,27,0.0,1.800344335501823e-09,,1.800344335501823e-09,1.9871389744278238e-19,7.206637048152369e-17,7.206637048152369e-06
1000,28,108725.3754512476,108725.37545113818,1.0063506347803081e-12,1.0941585060209036e-07,0.002988343233241698,9.856729022324641e-14,3.2983925382736336e-11
1000,29,118667.0759272365,118667.07592718033,4.733443741037172e-13,5.617039278149605e-08,0.003032283482450993,1.2551200827837756e-13,4.1391911081124327e-11
1000,30,117577.35883969086,117577.35883976921,6.663486266633095e-13,7.834751158952713e-08,0.0034026640761247538,1.3170208587410007e-13,3.870557978326403e-11
1000,31,149230.89344704917,149230.89344699655,3.5260611425907816e-13,5.2619725465774536e-08,0.0038754280189163947,2.084122113194132e-13,5.377785635602958e-11
1020,0,164362.05298856247,164362.052988424,8.425060577868004e-13,1.3847602531313896e-07,0.004336739540915383,1.294121526787566e-13,2.984088655954563e-11
1020,1,155317.95009723477,155317.95009699868,1.5200449949102635e-12,2.360902726650238e-07,0.00443506081247915,4.5334942536924795e-13,1.0221943836567238e-10
1020,2,236391.20197868583,236391.20197886933,7.76254147759066e-13,1.83499651029706e-07,0.012333889957550357,2.1280280750853273e-13,1.72535030100755e-11
1020,3,79030.33084141626,79030.33084140561,1.3478371953850278e-13,1.0652001947164536e-08,0.002722994910487276,6.522010171936563e-14,2.395160617751395e-11
1020,4,89374.30828958833,89374.30828948315,1.1768621797869479e-12,1.051812432706356e-07,0.003059744946408134,1.2727387679046322e-13,4.159623727456966e-11
1020,5,322152.5676388851,322152.5676386278,7.988018558551383e-13,2.573360688984394e-07,0.014449669139094328,5.645514004370796e-13,3.9070195656569406e-11
1020,6,110056.17887667583,110056.17887672922,4.851247564455749e-13,5.339097697287798e-08,0.0031443250529249313,1.34644198168197e-13,4.282133554956629e-11
1020,7,582015.2540575255,582015.2540568206,1.2111276615997758e-12,7.048947736620903e-07,0.0348378763303464,2.0531651663816305e-12,5.893485432098889e-11
1020,8,376739.6349267352,376739.63492647785,6.830607800224782e-13,2.573360688984394e-07,0.021615357426221022,6.119389162447187e-13,2.8310376931467374e-11
1020,9,41466.37345211897,41466.37345212248,8.475029849688993e-14,3.5142875276505947e-09,0.0016650244293094244,3.587564586909675e-14,2.1546618318373028e-11
1020,10,60640.24833390935,60640.248333941476,5.297364992593014e-13,3.2123352866619825e-08,0.00246866218916578,7.708909387543976e-14,3.122707279017664e-11
1020,11,74147.6814606843,74147.68146078182,1.3153066143036023e-12,9.752693586051464e-08,0.002621582415635477,4.7409636821484437e-14,1.8084358721178395e-11
1020,12,113869.90287858908,113869.9028786858,8.493203749444036e-13,9.67120286077261e-08,0.0028854970824029867,9.818699019788261e-14,3.402775584029139e-11
1020,13,101669.86316617993,101669.86316608242,9.59108047444716e-13,9.751238394528627e-08,0.002848346870014899,8.940676556956829e-14,3.138900198946067e-11
1020,14,116673.16451800548,116673.1645180351,2.539375659120195e-13,2.962769940495491e-08,0.003001215414766012,1.1431750728309765e-13,3.809040388125921e-11
1020,15,152388.56853079807,152388.56853046923,2.157932077852506e-12,3.288441803306341e-07,0.004004977636297676,1.6292026713355247e-13,4.067944491299214e-11
1020,16,149104.8791350036,149104.8791351227,7.987188274444352e-13,1.1909287422895432e-07,0.003725060692662802,1.2371594377056474e-13,3.3211792767362247e-11
1020,17,151993.64746682282,151993.64746663097,1.2622399262618271e-12,1.9185245037078857e-07,0.003971851204113514,1.8824057651587993e-13,4.7393662763832024e-11
1020,18,458194.8262854719,458194.82628374617,3.766390696186698e-12,1.7257407307624817e-06,0.019051847345754876,9.356830177928832e-13,4.9112456173516645e-11
1020,19,152942.08315274928,152942.08315279582,3.0427874356751653e-13,4.653702490031719e-08,0.004314732307879464,2.7640422748181137e-13,6.406057381058286e-11
1020,20,91225.32631784923,91225.32631778272,7.291484414876808e-13,6.651680450886488e-08,0.0024144733763176436,1.1498019977464523e-13,4.762123322726393e-11
1020,21,94912.99665336034,94912.9966532882,7.601529637267909e-13,7.214839570224285e-08,0.0025432007332756214,1.0048804804532707e-13,3.951243279011646e-11
1020,22,90103.56607970304,90103.56607970192,1.2435661776062087e-14,1.1204974725842476e-09,0.002961106674878331,4.4378486801970086e-14,1.49871286902531e-11
1020,23,58138.9805798563,58138.9805799222,1.1334623939810084e-12,6.589834811165929e-08,0.0023369879263072466,7.367669623670262e-14,3.152634868470369e-11
1020,24,80126.42668743688,80126.42668747378,4.605678618752695e-13,3.6903657019138336e-08,0.0026802294147079972,1.5483023942308193e-13,5.776753235131335e-11
1020,25,114561.19635011237,114561.19635015554,3.768774581457319e-13,4.317553248256445e-08,0.0034942145410007328,3.7602527033706764e-13,1.0761367567011765e-10
1020,26,469875.0540915557,469875.0540914739,1.7405002217352538e-13,8.178176358342171e-08,0.02330227219572426,3.117117688294155e-13,1.3376883001418045e-11
1020,27,89035.68378711838,89035.68378704334,8.428556241800346e-13,7.504422683268785e-08,0.0029209912529453296,7.712686054238376e-14,2.6404344917023863e-11
1020,28,105394.47277401703,105394.47277400299,1.3323846901804458e-13,1.4042598195374012e-08,0.0027092784958695822,1.3233917629048034e-13,4.884664920651088e-11
1020,29,119860.35746079021,119860.35746078046,8.134285104393441e-14,9.74978320300579e-09,0.0030168477965185694,9.891273106641976e-14,3.27867820115308e-11
1020,30,114896.53316493801,114896.53316464667,2.5357065767066997e-12,2.9134389478713274e-07,0.00304936521590571,3.941154437290847e-13,1.2924507752411949e-10
1020,31,140077.0065924474,140077.0065923466,7.197160415873798e-13,1.0081566870212555e-07,0.003993474652599566,3.2900552561324484e-13,8.238578036273719e-11
1040,0,178944.20377127122,178944.20377119724,4.1343578312031685e-13,7.398193702101707e-08,0.00437658179719296,1.455840914185055e-13,3.3264336910573956e-11
1040,1,155466.41169212785,155466.41169205858,4.4554393282194476e-13,6.926711648702621e-08,0.004225916272001316,1.4668061979432872e-13,3.470977898122411e-11
1040,2,249957.75959819023,249957.75959832637,5.446829060056354e-13,1.3614771887660027e-07,0.012156947461229571,2.353968877150808e-13,1.9363157442754295e-11
1040,3,78214.961601876,78214.96160182594,6.400129509797178e-13,5.005858838558197e-08,0.00274346143240696,8.443032254025278e-14,3.0775108242064205e-11
1040,4,120795.75693161608,120795.75693168907,6.042630026053812e-13,7.299240678548813e-08,0.003520432585547353,2.664694136261869e-13,7.569223586900461e-11
1040,5,333222.8369628836,333222.8369626413,7.271965348814185e-13,2.423184923827648e-07,0.01473637821815015,5.727496442341457e-13,3.886637786812165e-11
1040,6,74672.37112961356,74672.37112948357,1.740834752781123e-12,1.299922587350011e-07,0.0024907439779147753,6.30905103285215e-14,2.532998609569615e-11
1040,7,577534.5031455115,577534.5031448457,1.1527955852024572e-12,6.657792255282402e-07,0.03332707848715803,1.9008610707565286e-12,5.70365347652356e-11
1040,8,357529.111874278,357529.11187404126,6.621294576378893e-13,2.3673055693507195e-07,0.020876127343092663,5.802196056362335e-13,2.7793450197945936e-11
1040,9,62318.451513110114,62318.451512970554,2.239467438761578e-12,1.395601429976523e-07,0.00219442834221247,1.2750324410406467e-13,5.810317049383374e-11
1040,10,54547.09328018449,54547.09328019233,1.4379285561196094e-13,7.843482308089733e-09,0.0020412772540557072,6.472232734478037e-14,3.170677928056381e-11
1040,11,72641.50398753546,72641.50398758758,7.17564443007047e-13,5.212496034801006e-08,0.0025740461905200953,7.769405111476551e-14,3.018362739600568e-11
1040,12,113143.16802065402,113143.16802068813,3.014736982533957e-13,3.41096892952919e-08,0.0029108125419977653,1.0518500597979496e-13,3.6135960135585344e-11
1040,13,121649.7206411551,121649.72064089369,2.1488796175167274e-12,2.614106051623821e-07,0.003076957512465435,1.4520732629609068e-13,4.719185289619004e-11
1040,14,104891.49270552385,104891.49270554747,2.2516371734688479e-13,2.36177584156394e-08,0.0028000057960084227,1.1617323509438518e-13,4.149035521997911e-11
1040,15,155046.3605640424,155046.36056383848,1.315287500257698e-12,2.0393054001033306e-07,0.003886965941042683,1.222474220007003e-13,3.145060282362646e-11
1040,16,156118.78847454663,156118.78847458656,2.557696980408533e-13,3.993045538663864e-08,0.00392602335354161,1.25864948863695e-13,3.205914421017234e-11
1040,17,147835.47566131334,147835.4756612727,2.7482542424850685e-13,4.062894731760025e-08,0.004087048007485248,3.382061904594599e-13,8.275072615737671e-11
1040,18,473820.50475456665,473820.50475284806,3.6270722166410458e-12,1.7185811884701252e-06,0.019497417213990873,9.431305545653533e-13,4.837207637371451e-11
1040,19,139580.76295409174,139580.76295410385,8.673969975349174e-14,1.210719347000122e-08,0.003559484071692612,1.1310393389412881e-13,3.177537295182918e-11
1040,20,89939.0655604273,89939.06556040663,2.2991423594029e-13,2.0678271539509296e-08,0.002734682118461549,9.681831988017006e-14,3.5403866221435886e-11
1040,21,82854.06085892113,82854.06085848383,5.2779501691807176e-12,4.3729960452765226e-07,0.0026887905618477015,1.9534591593804915e-13,7.265196431060434e-11
1040,22,130765.29240746854,130765.29240746995,1.0794422213756822e-14,1.4115357771515846e-09,0.003281143804473054,1.7632360836013137e-13,5.373845794864569e-11
1040,23,50653.147791241616,50653.147791234,1.5039396274928554e-13,7.617927622050047e-09,0.0017456072587953841,4.5028043582007664e-14,2.5795059773686585e-11
1040,24,73684.17249206148,73684.172492086,3.3277129036686754e-13,2.4519977159798145e-08,0.0028201825044884103,8.753929145332515e-14,3.1040293071106376e-11
1040,25,562423.3157742509,562423.3157745575,5.452084739232729e-13,3.066379576921463e-07,0.03113895200522586,5.722617275956992e-13,1.8377681031129974e-11
1040,26,193794.81053555047,193794.8105354821,3.527694965305913e-13,6.836489774286747e-08,0.00810779673357938,1.4548799441195348e-13,1.7944208419704345e-11
1040,27,85216.12056045726,85216.12056044482,1.460039184889514e-13,1.2441887520253658e-08,0.002899140028351017,1.1979982289275545e-13,4.1322537621922416e-11
1040,28,72773.78195383595,72773.78195392259,1.1905675497895335e-12,8.664210326969624e-08,0.0024841415539774334,4.6435968692406336e-14,1.8692964021335877e-11
1040,29,116219.90161317705,116219.90161304442,1.1411656140681012e-12,1.326261553913355e-07,0.0032135337755525993,1.702016009316031e-13,5.296399939108413e-11
1040,30,116148.22556232866,116148.22556229582,2.8277377903461017e-13,3.2843672670423985e-08,0.00316151201885388,2.1966434851221122e-13,6.948078868662306e-11
1040,31,135938.0237999589,135938.0238000905,9.68143552822412e-13,1.316075213253498e-07,0.00387087307288644,3.2520873255856637e-13,8.401431057930913e-11
1060,0,145990.40306610893,145990.40306596737,9.696598431709896e-13,1.4156103134155273e-07,0.0040248669236098095,1.7330447713458893e-13,4.30584365704089e-11
1060,1,124590.48489270305,124590.48489266008,3.4490439383372254e-13,4.2971805669367313e-08,0.003982195427400812,6.17933681890208e-14,1.5517412270585633e-11
1060,2,90.8615011933581,90.86150119333468,2.5774930265366173e-13,2.3419488570652902e-11,1.4005807917608601e-05,1.7095682809738224e-15,1.2206138275139882e-10
1060,3,131208.0556007953,131208.05560097873,1.3978740763934014e-12,1.834123395383358e-07,0.0035610644857106974,1.1946991436664859e-13,3.354893314795001e-11
1060,4,117457.58761430377,117457.5876142699,2.8841779692325783e-13,3.387685865163803e-08,0.003226964893621291,1.0486878419158126e-13,3.2497652639134535e-11
1060,5,344726.537282726,344726.53728249215,6.784461196223419e-13,2.3387838155031204e-07,0.015048841295118855,5.710483592886747e-13,3.794633407914796e-11
1060,6,77578.44429289343,77578.44429290548,1.5531357864818e-13,1.2048985809087753e-08,0.0023469415766340985,5.723155340277748e-14,2.4385589301655033e-11
1060,7,265887.5285362084,265887.52853591426,1.1061944582921545e-12,2.941233105957508e-07,0.013134185099157066,5.062658180137236e-13,3.854565884306038e-11
1060,8,346216.52879161306,346216.5287913967,6.249207002638042e-13,2.1635787561535835e-07,0.020499970423362424,5.735415031014603e-13,2.797767466278136e-11
1060,9,298036.9093719046,298036.909371942,1.2538486721392909e-13,3.7369318306446075e-08,0.02045737997356194,5.044348286951572e-13,2.465784129475693e-11
1060,10,39436.00626564737,39436.006265634365,3.29702155156414e-13,1.3002136256545782e-08,0.0017188429499245758,3.907210414864014e-14,2.2731631269950745e-11
1060,11,61008.79941931918,61008.79941930304,2.645204321648808e-13,1.613807398825884e-08,0.002197370090947397,1.0221598696052442e-13,4.65174197926996e-11
1060,12,87966.38230963239,87966.38230975864,1.4352348386559266e-12,1.262524165213108e-07,0.0030048666878058124,5.061985204388051e-14,1.6845956011726694e-11
1060,13,116001.55336915176,116001.55336917222,1.7637688648852792e-13,2.0459992811083794e-08,0.0032968556342761646,1.764474537532501e-13,5.351992119970026e-11
1060,14,96235.43923410158,96235.43923414368,4.374551733821919e-13,4.20986907556653e-08,0.002554044618210781,1.1325832390493119e-13,4.434469276588842e-11
1060,15,127834.16255704593,127834.16255670234,2.6877421777112594e-12,3.4358527045696974e-07,0.0035618613719743094,1.618715616195009e-13,4.5445778124089636e-11
1060,16,151564.1657480218,151564.16574798257,2.588472233001361e-13,3.923196345567703e-08,0.003750484949693831,1.2491160860721099e-13,3.330545523650341e-11
1060,17,145675.53220881443,145675.53220849895,2.1656726930557537e-12,3.1548552215099335e-07,0.0037084662666483645,3.024610924349138e-13,8.155961809739526e-11
1060,18,487016.0921858359,487016.0921840631,3.640069700415788e-12,1.7727725207805634e-06,0.01987945969478338,9.556869258806878e-13,4.80740895654942e-11
1060,19,123964.66012186247,123964.6601218946,2.5919184380974586e-13,3.213062882423401e-08,0.0034507238185332197,6.350292651369635e-14,1.840278441660108e-11
1060,20,80900.67567185369,80900.67567183303,2.5542085344375047e-13,2.066371962428093e-08,0.002742047080396155,5.600374057604627e-14,2.042406236436894e-11
1060,21,95718.20159359979,95718.20159361932,2.0402253606250476e-13,1.9528670236468315e-08,0.0026253273000163557,8.344094772694582e-14,3.1783064811166645e-11
1060,22,133964.85678477774,133964.85678447312,2.2739530403860842e-12,3.046297933906317e-07,0.0037002850845824814,1.5795780473528426e-13,4.268800947079073e-11
1060,23,63630.89668679284,63630.89668678999,4.4823749676183603e-14,2.852175384759903e-09,0.002303606431311808,6.89496566816665e-14,2.9931179104410946e-11
1060,24,109256.49172286851,109256.49172286104,6.832667235085369e-14,7.465132512152195e-09,0.002876332905319347,1.5834861310412625e-13,5.505225518620551e-11
1060,25,500324.50654010585,500324.5065404661,7.200271197680629e-13,3.602472133934498e-07,0.027499297274851772,5.349014802825685e-13,1.9451459975006622e-11
1060,26,96115.12760975986,96115.12760980814,5.023481311262221e-13,4.8283254727721214e-08,0.0029528686620171486,7.518829190125173e-14,2.5462795846087647e-11
1060,27,82488.64075337669,82488.64075334954,3.2918318895951737e-13,2.7153873816132545e-08,0.0028979711245241805,6.579020101380416e-14,2.270215891975402e-11
1060,28,76307.98806363122,76307.98806370435,9.584570081546904e-13,7.31379259377718e-08,0.0026389186315345613,6.729975674925065e-14,2.5502778276310843e-11
1060,29,113404.86130814493,113404.86130827482,1.1453688477733147e-12,1.2989039532840252e-07,0.0030443488492721857,9.982600392690097e-14,3.279059295414407e-11
1060,30,117622.31579828593,117622.31579786332,3.5928740841298773e-12,4.2260217014700174e-07,0.0033691522781077996,1.9259836533177083e-13,5.7165230133182626e-11
1060,31,145212.67718590514,145212.67718591908,9.60021883690509e-14,1.3940734788775444e-08,0.003907135546629883,2.7613590763511654e-13,7.06747703885776e-11
1080,0,153515.06983074636,153515.06983100687,1.696956440207723e-12,2.605083864182234e-07,0.004112551837333683,1.3833466141512003e-13,3.363718364819555e-11
1080,1,121609.81927456244,121609.8192746253,5.169341929915551e-13,6.28642737865448e-08,0.0030665347834788466,9.135982986202974e-14,2.9792530107351437e-11
1080,2,100304.07552392152,100304.07552390655,1.4928526773987723e-13,1.497392076998949e-08,0.003475614264493879,8.230072935290962e-14,2.3679477378624488e-11
1080,3,120745.47869926746,120745.4786989686,2.475183652255557e-12,2.988672349601984e-07,0.0030200459214973197,1.7879309353161668e-13,5.920211088809386e-11
1080,4,99770.07986269197,99770.07986279842,1.0669256759341176e-12,1.0644725989550352e-07,0.003167550903389213,8.44593468449664e-14,2.6663927248838566e-11
1080,5,357755.4012516467,357755.401251353,8.209962894809114e-13,2.9371585696935654e-07,0.01540825316830752,5.788191984012788e-13,3.7565530114200676e-11
1080,6,79406.10048390034,79406.10048379369,1.3431082254231115e-12,1.0665098670870066e-07,0.002677912586804192,5.242669122419937e-14,1.9577446807837825e-11
1080,7,278380.1406513719,278380.14065120136,6.126458808354618e-13,1.705484464764595e-07,0.013037963442525813,5.062194305351933e-13,3.882657232218087e-11
1080,8,339244.16418232466,339244.1641821944,3.83997011233266e-13,1.3026874512434006e-07,0.020163422628067414,5.619310180875408e-13,2.7868831024020905e-11
1080,9,193970.2820363355,193970.2820364754,7.212553981816232e-13,1.3990211300551891e-07,0.01282959957375887,3.2475530984191906e-13,2.5312973173859637e-11
1080,10,58902.60303706688,58902.603036956025,1.8820304111167662e-12,1.1085649020969868e-07,0.0019948190524917745,8.858654958234028e-14,4.440831336139428e-11
1080,11,62612.35334044051,62612.353340395865,7.130426112221164e-13,4.46452759206295e-08,0.0022934425482216904,1.0056315708130223e-13,4.384812567433943e-11
1080,12,84585.28877487687,84585.28877486027,1.9629578046079974e-13,1.6603735275566578e-08,0.003140489138139151,8.884608775555469e-14,2.829052540783558e-11
1080,13,106541.94943798038,106541.94943805733,7.2225567613063e-13,7.695052772760391e-08,0.003075302739503751,1.835241237776846e-13,5.967676658958526e-11
1080,14,95832.32167067468,95832.32167059387,8.432101388591167e-13,8.080678526312113e-08,0.0025833732379946517,1.1366016223482074e-13,4.399680253831553e-11
1080,15,147741.12342158475,147741.123421613,1.9127930476640542e-13,2.8259819373488426e-08,0.0037545357695349326,1.2054385439807452e-13,3.210619416019155e-11
1080,16,146372.18750388455,146372.18750387407,7.158039476690936e-14,1.0477378964424133e-08,0.003649705965208144,9.39085007181571e-14,2.5730429139598286e-11
1080,17,156850.12767027266,156850.1276703096,2.354652903262815e-13,3.693276084959507e-08,0.003930458084707989,1.0512700268802445e-13,2.6746755829056328e-11
1080,18,496061.2384229422,496061.2384211778,3.556800009648614e-12,1.764390617609024e-06,0.02016181552665746,9.554253629327298e-13,4.738786354182735e-11
1080,19,137664.23160210525,137664.23160218514,5.803251409170855e-13,7.989001460373402e-08,0.0036408149958812516,1.1546396021651015e-13,3.171376747984458e-11
1080,20,80030.05270173805,80030.052701713,3.131123518890737e-13,2.505839802324772e-08,0.002277874671731582,5.663214161198087e-14,2.4861833846605786e-11
1080,21,92380.10522004499,92380.1052200528,8.4589408715432e-14,7.814378477633e-09,0.002758140958488682,1.1460709030980088e-13,4.155229628749783e-11
1080,22,95454.93969855612,95454.93969857218,1.683025987219812e-13,1.6065314412117004e-08,0.0032991677457945004,8.818474281908359e-14,2.6729390444453876e-11
1080,23,64908.31837239232,64908.31837238333,1.3855055617887912e-13,8.993083611130714e-09,0.0024623075930417385,4.6012252825905526e-14,1.8686638889443673e-11
1080,24,66818.46965290344,66818.46965284442,8.833271470127311e-13,5.902256816625595e-08,0.002304067035539903,6.584406842068461e-14,2.8577323231074496e-11
1080,25,477318.14898230124,477318.14898265013,7.309521338319373e-13,3.4889671951532364e-07,0.026068114953900073,5.207320394723352e-13,1.9975822586068014e-11
1080,26,110860.80233765501,110860.80233762294,2.893035273697168e-13,3.207242116332054e-08,0.0028333541117793017,1.2195417888241856e-13,4.304233571631992e-11
1080,27,98579.14330790436,98579.14330784048,6.480367520845371e-13,6.388290785253048e-08,0.0025798927544293656,9.560244282589133e-14,3.705675077452579e-11
1080,28,75933.74232777402,75933.74232783224,7.667502093782626e-13,5.8222212828695774e-08,0.002689488293379327,1.5095811017928925e-13,5.6128933727244014e-11
1080,29,82087.99320171785,82087.99320172297,6.239979759034891e-14,5.122274160385132e-09,0.0027391718550160414,4.840156687237383e-14,1.7670146100449963e-11
1080,30,100956.16719271461,100956.16719278028,6.505079902672732e-13,6.56727934256196e-08,0.0028661371299000147,1.2278946808534775e-13,4.284144914225949e-11
1080,31,127808.99562924012,127808.9956292025,2.9431966568652364e-13,3.761670086532831e-08,0.003721301244325356,3.146479806444916e-13,8.455321404691554e-11
1100,0,142497.60375761735,142497.60375736246,1.7887412870018055e-12,2.548913471400738e-07,0.003872484586403306,1.144132457937144e-13,2.954517784149022e-11
1100,1,122098.35706558095,122098.35706550091,6.55500497136332e-13,8.003553375601768e-08,0.0038565043932297254,1.1567953227311195e-13,2.999595500946287e-11
1100,2,205504.81295892433,205504.81295867497,1.2134101180546853e-12,2.4936161935329437e-07,0.0051437807205952585,4.017979320901888e-13,7.811334773300499e-11
1100,3,85543.7105704958,85543.71057049652,8.5055436170113e-15,7.275957614183426e-10,0.0028257195574953506,7.39168863384909e-14,2.6158606625494195e-11
1100,4,125197.46959931441,125197.46959931504,4.997963272120327e-15,6.257323548197746e-10,0.003168055274650252,1.3282099480115632e-13,4.192508756521768e-11
1100,5,372434.9442281309,372434.94422785204,7.487828619690472e-13,2.7887290343642235e-07,0.015805768719267605,5.933584399562423e-13,3.754062522962793e-11
1100,6,112593.70320147015,112593.70320132645,1.2762717522754537e-12,1.4370016288012266e-07,0.002989176262476838,1.2208336901908714e-13,4.0841810016895315e-11
1100,7,285921.88046100124,285921.88046085817,5.00396927631489e-13,1.430744305253029e-07,0.013241019563737333,5.124259623652632e-13,3.869988711206245e-11
1100,8,333382.98664957227,333382.9866493541,6.543894614904031e-13,2.1816231310367584e-07,0.014766949755682272,5.631172384747813e-13,3.813361918280312e-11
1100,9,71090.88702410265,71090.8870240745,3.958792080076277e-13,2.814340405166149e-08,0.0024243860636724898,1.3626324587355241e-13,5.620525869017072e-11
1100,10,61586.0127133561,61586.01271320043,2.5277880845711447e-12,1.5567638911306858e-07,0.0018228823455769306,6.739565933690405e-14,3.6972029215397584e-11
1100,11,56965.796601613714,56965.79660159401,3.458793591003793e-13,1.9703293219208717e-08,0.0021456192782617124,7.124669889583331e-14,3.320565750767978e-11
1100,12,88799.05380605313,88799.05380603121,2.4679524605955426e-13,2.191518433392048e-08,0.0027206768474809188,1.5376789276150357e-13,5.651824945835844e-11
1100,13,82378.02703273072,82378.02703287105,1.7034168406508144e-12,1.4032411854714155e-07,0.0028279753493555522,4.873920231696737e-14,1.7234663070192613e-11
1100,14,96933.7617913595,96933.76179133538,2.4890270430815865e-13,2.412707544863224e-08,0.002752505743719591,9.425329515640894e-14,3.4242724241889956e-11
1100,15,119988.9539916687,119988.95399172892,5.01844738301186e-13,6.021582521498203e-08,0.003351076924152949,2.3102638287678165e-13,6.894093693035227e-11
1100,16,155578.1119461525,155578.11194602324,8.307731045295718e-13,1.2925011105835438e-07,0.0038886551988248086,2.2067700975364497e-13,5.674892693503346e-11
1100,17,149895.5153111132,149895.51531115305,2.6580611042680395e-13,3.984314389526844e-08,0.003826539676789267,1.1952118840009649e-13,3.1234796577459834e-11
1100,18,29526.870140542178,29526.870140470885,2.4145285410621986e-12,7.12934706825763e-08,0.0011370748395215192,3.350305148881941e-14,2.946424485385427e-11
1100,19,123945.43765105361,123945.43765106382,8.241888272703754e-14,1.021544449031353e-08,0.0036402602873042687,6.154127321484559e-14,1.6905734304076975e-11
1100,20,83367.30153558058,83367.30153546216,1.4205028104203075e-12,1.1842348612844944e-07,0.002889490975885454,9.875304724041643e-14,3.417662420978744e-11
1100,21,101530.15259680086,101530.15259682169,2.0509957051368706e-13,2.0823790691792965e-08,0.0027400057310098384,1.0568189924387465e-13,3.856995554710955e-11
1100,22,89380.08453331035,89380.08453330226,9.052200956418485e-14,8.09086486697197e-09,0.002500481645989472,5.628199502061577e-14,2.2508461564149293e-11
1100,23,54702.91022611234,54702.91022608781,4.483719973220782e-13,2.452725311741233e-08,0.0017693313445308948,5.381084277516981e-14,3.041309528681711e-11
1100,24,77667.56724511717,77667.56724517644,7.631235640236226e-13,5.926995072513819e-08,0.002786749033065736,5.1405070511178405e-14,1.844625041625144e-11
1100,25,461746.6542925742,461746.654292871,6.427785891648494e-13,2.968008629977703e-07,0.025021754887815394,5.028749512459075e-13,2.009750928743953e-11
1100,26,96253.548085105,96253.54808507745,2.8618971534371154e-13,2.754677552729845e-08,0.0031918194487762833,7.301908165099419e-14,2.287694615025591e-11
1100,27,76945.69154323536,76945.69154321885,2.144612848101534e-13,1.650187186896801e-08,0.0026391885909713905,5.944611874515676e-14,2.2524392136477094e-11
1100,28,66674.85840810194,66674.85840814098,5.855698758104001e-13,3.9042788557708263e-08,0.002373812425449262,9.176862645149859e-14,3.865875225340529e-11
1100,29,80320.43009111471,80320.43009113448,2.4603330507200883e-13,1.9761500880122185e-08,0.002661415026155408,7.114641298336127e-14,2.6732551024233264e-11
1100,30,101061.71039155882,101061.71039137803,1.7889366219585622e-12,1.8079299479722977e-07,0.0027523122400432546,1.1007508627222531e-13,3.999367683315402e-11
1100,31,132389.29427665754,132389.29427671866,4.616539750670528e-13,6.111804395914078e-08,0.0032689398343812943,1.7496861075796747e-13,5.352457359958534e-11
1120,0,157743.99614550723,157743.9961455672,3.800708249179156e-13,5.995389074087143e-08,0.004000058381684371,1.1596094190993282e-13,2.8989812358962148e-11
1120,1,160969.79168609786,160969.79168590007,1.228737576859549e-12,1.9778963178396225e-07,0.0039434391788603414,1.3474202034353787e-13,3.416865690888594e-11
1120,2,62335.469373339765,62335.469373335465,6.898305239715592e-14,4.300090949982405e-09,0.0023856406827892853,2.7735102420340544e-14,1.1625850707706419e-11
1120,3,114754.84801421524,114754.84801414624,6.013269435411357e-13,6.900518201291561e-08,0.0034276022250269086,1.2704306952645323e-13,3.7064706224905996e-11
1120,4,102232.8788814329,102232.8788814355,2.547901276358107e-14,2.6047928258776665e-09,0.0034937535289972115,9.535170292069461e-14,2.7292051980570037e-11
1120,5,387328.3939369573,387328.39393668587,7.007550365225122e-13,2.714223228394985e-07,0.01620753963779861,5.960012030818902e-13,3.6773083170004385e-11
1120,6,121069.91249576255,121069.9124957268,2.951972382248139e-13,3.573950380086899e-08,0.003126978489928118,1.2327089872006819e-13,3.942172903239282e-11
1120,7,293503.6669038292,293503.66690370324,4.2916458095910796e-13,1.2596137821674347e-07,0.01343576753425493,5.13554464772153e-13,3.822293467513534e-11
1120,8,340761.3210388689,340761.32103867683,5.636944956922862e-13,1.9208528101444244e-07,0.014974046476660058,5.701999026398143e-13,3.807921282524135e-11
1120,9,81694.13159281645,81694.13159287987,7.762766471563688e-13,6.341724656522274e-08,0.002391573447731182,9.6206968036076e-14,4.022747790888108e-11
1120,10,59786.28285427269,59786.2828542554,2.892795876115921e-13,1.7294951248914003e-08,0.002062696241919014,6.422361987651122e-14,3.113576229564489e-11
1120,11,726452.5504317641,726452.5504319579,2.6681923096924017e-13,1.9383151084184647e-07,0.04783831216650985,1.1130677056786463e-12,2.326728630818714e-11
1120,12,60240.640573203396,60240.640573173354,4.987069975203255e-13,3.0042428988963366e-08,0.0020289595903054997,3.8966257324735187e-14,1.9205043565637437e-11
1120,13,80743.81866149217,80743.81866161755,1.5528037153313867e-12,1.253793016076088e-07,0.002898187252400682,6.312735653858167e-14,2.1781669381883758e-11
1120,14,226476.52259291575,226476.52259331843,1.778023583147172e-12,4.026805981993675e-07,0.008150692225641902,1.5862493570990987e-13,1.9461529317825045e-11
1120,15,123221.75133322144,123221.75133318616,2.8638121149050425e-13,3.5288394428789616e-08,0.0030028220631222575,1.0781031877899164e-13,3.590299941612101e-11
1120,16,142460.78130739558,142460.7813071383,1.805955708486416e-12,2.5727786123752594e-07,0.003641059481883532,3.5854076201902107e-13,9.847154758195721e-11
1120,17,146687.80572545738,146687.80572555453,6.622812686038916e-13,9.71485860645771e-08,0.0036643421437951526,1.2498852354730847e-13,3.4109403173212535e-11
1120,18,264097.52035167225,264097.5203516898,6.634104671495357e-14,1.752050593495369e-08,0.006648133068035743,2.593576360841989e-13,3.9012100604782785e-11
1120,19,142020.54799261727,142020.54799267402,3.9960745253272025e-13,5.675246939063072e-08,0.003580595032294346,8.935421324873111e-14,2.4955129648236346e-11
1120,20,130169.96161025683,130169.96160999095,2.042545298842131e-12,2.6587804313749075e-07,0.0033437146460815414,1.5606291496049085e-13,4.6673514781946375e-11
1120,21,101037.8488266035,101037.8488265783,2.4945025520867125e-13,2.5203917175531387e-08,0.0032035366748998082,7.279031468989926e-14,2.2721860892125672e-11
1120,22,96888.0669824536,96888.06698226,1.9981684662286972e-12,1.935986801981926e-07,0.002998104371445315,7.386646091450896e-14,2.4637721627716207e-11
1120,23,83211.02771642766,83211.02771643967,1.4427570951671518e-13,1.2005330063402653e-08,0.002709954288819903,9.192617679631405e-14,3.392167062579632e-11
1120,24,71909.50690900937,71909.50690900923,2.0236427495991736e-15,1.4551915228366852e-10,0.002535760644356392,5.6712498892416e-14,2.236508363619992e-11
1120,25,287774.2021998317,287774.2022000984,9.267943417676639e-13,2.6670750230550766e-07,0.013286945091334827,4.07904166361905e-13,3.0699620082566547e-11
1120,26,117018.86500880598,117018.86500882574,1.688744877044832e-13,1.9761500880122185e-08,0.0030365220868626692,1.5986048679627937e-13,5.264591602606969e-11
1120,27,101220.33539238472,101220.33539238536,6.325648572157498e-15,6.402842700481415e-10,0.0027889450090514563,2.1750417371258084e-13,7.798797502520613e-11
1120,28,64251.22463633331,64251.22463629664,5.707412828789499e-13,3.6670826375484467e-08,0.002385992962991273,8.026289965748898e-14,3.3639202169676474e-11
1120,29,77679.55424363566,77679.55424354482,1.1695176118770977e-12,9.084760677069426e-08,0.0026460543383124485,1.0357645758512978e-13,3.914373793668595e-11
1120,30,76597.87753510768,76597.87753521529,1.4048876623826885e-12,1.0761141311377287e-07,0.0026569342296405086,4.7341786402997946e-14,1.7818200343410524e-11
1120,31,112800.34896983668,112800.34896976763,6.121331927533724e-13,6.904883775860071e-08,0.0032016276022288157,2.8217952665212414e-13,8.81362737051915e-11
1140,0,145131.15803747714,145131.15803738285,6.497323659159881e-13,9.42964106798172e-08,0.004128598235938546,2.635619176320082e-13,6.383811225267014e-11
1140,1,130785.3711028616,130785.37110292175,4.599720675698133e-13,6.015761755406857e-08,0.0034721052583035128,2.304537307199384e-13,6.637291025921797e-11
1140,2,99977.90779290274,99977.90779285775,4.5004464365580963e-13,4.4994521886110306e-08,0.0030265468174380393,5.915410994950424e-14,1.9545083396257998e-11
1140,3,103072.38724534327,103072.3872453039,3.8203716495117605e-13,3.93774826079607e-08,0.002959028599267772,6.99993356291002e-14,2.3656187590217147e-11
1140,4,106730.99185608924,106730.99185602803,5.734543864544727e-13,6.120535545051098e-08,0.0030149263498081844,6.735254729714641e-14,2.2339699044863428e-11
1140,5,373964.26575086376,373964.265750311,1.4780555220282027e-12,5.527399480342865e-07,0.01632836807501985,5.973476778342179e-13,3.6583428000256794e-11
1140,6,100009.3691891373,100009.3691890407,9.658656390804539e-13,9.659561328589916e-08,0.003045105315441541,1.710035105256506e-13,5.615684608952599e-11
1140,7,307184.4224980249,307184.4224977095,1.026644203715096e-12,3.153691068291664e-07,0.013765755132683157,5.179203303744284e-13,3.762382269496909e-11
1140,8,355901.69832558866,355901.6983253649,6.286855319995575e-13,2.2375024855136871e-07,0.015828254724799568,5.737339924981276e-13,3.624745763025979e-11
1140,9,59799.878853417686,59799.87885341378,6.533774505453192e-14,3.9071892388165e-09,0.0022272698515660486,1.0758099935784938e-13,4.83017355450716e-11
1140,10,64600.60875019672,64600.60875015143,7.011208876286929e-13,4.5292836148291826e-08,0.0018298294566409608,1.1835205396442267e-13,6.467928119469798e-11
1140,11,504261.2666914732,504261.26669140504,1.3517034805565188e-13,6.816117092967033e-08,0.033042027623045964,7.514232374316257e-13,2.2741438449362782e-11
1140,12,68427.55393726967,68427.55393729892,4.274498783900919e-13,2.9249349609017372e-08,0.0023866138782268325,5.17778785054182e-14,2.169512168591268e-11
1140,13,73872.99720318844,73872.99720324112,7.130878009700461e-13,5.2677933126688004e-08,0.0028290072530010603,9.231172313109044e-14,3.263042999736571e-11
1140,14,67272.88307167879,67272.88307173521,8.386406641776529e-13,5.6417775340378284e-08,0.0024772605620280064,6.559105108791048e-14,2.64772515629984e-11
1140,15,113621.60178068304,113621.60178058519,8.611661555731898e-13,9.784707799553871e-08,0.0031356359289674983,1.28591085460373e-13,4.100957138308851e-11
1140,16,143500.4975432149,143500.49754313478,5.583454177450433e-13,8.012284524738789e-08,0.003776588824072372,3.2699577485801827e-13,8.658495538982269e-11
1140,17,142741.26417817478,142741.26417817097,2.6709878266687398e-14,3.812601789832115e-09,0.003970904521295706,9.769678547320612e-14,2.460315652246207e-11
1140,18,153249.46434730978,153249.46434715198,1.0296999693179042e-12,1.5780096873641014e-07,0.0042009676308496025,1.0779073522466885e-13,2.5658549338278834e-11
1140,19,140158.77707404474,140158.77707395077,6.704986338111827e-13,9.397626854479313e-08,0.0038839451489093677,1.3179676743958234e-13,3.3933735515444936e-11
1140,20,130027.31382571069,130027.31382583102,9.25419309858667e-13,1.203297870233655e-07,0.003762842519240924,3.752849609060022e-13,9.973443187883261e-11
1140,21,112456.70821800918,112456.70821804211,2.928325458180227e-13,3.2930984161794186e-08,0.002810866994318726,9.831125084704503e-14,3.497541898842917e-11
1140,22,124171.14779959014,124171.14779948826,8.20464015346185e-13,1.0187795851379633e-07,0.0035701556926827417,1.954844527433761e-13,5.4755161839029876e-11
1140,23,74823.94294589906,74823.94294596414,8.697238121801391e-13,6.507616490125656e-08,0.0026520613930747674,7.661560088309101e-14,2.8889075148545016e-11
1140,24,73128.4964905223,73128.49649044895,1.003113809070374e-12,7.33562046661973e-08,0.0022178175910901846,5.860685710311744e-14,2.6425463184422542e-11
1140,25,266993.6447824006,266993.6447825549,5.77948247447475e-13,1.543085090816021e-07,0.013288797707779111,3.719213326013878e-13,2.798758328480335e-11
1140,26,98131.3621608662,98131.36216073205,1.367086969305449e-12,1.34154106490314e-07,0.0030232047561049957,1.5975944341094284e-13,5.2844400660699543e-11
1140,27,80415.88051962879,80415.88051956873,7.468146062618929e-13,6.005575414747e-08,0.0023901554522118822,1.0380593896484043e-13,4.343062241779227e-11
1140,28,84686.73263662308,84686.73263667924,6.631008083311374e-13,5.615584086626768e-08,0.003080592935092419,1.3541807324426055e-13,4.395844439609477e-11
1140,29,78346.63342641773,78346.63342638224,4.530139929410056e-13,3.549212124198675e-08,0.0027077344436640337,8.863094936575137e-14,3.273251170296456e-11
1140,30,74717.36015878187,74717.36015883659,7.322956959719144e-13,5.471520125865936e-08,0.0025833672354475244,6.707766298766701e-14,2.5965206211204905e-11
1140,31,115320.81831730262,115320.81831721523,7.577491403668951e-13,8.738425094634295e-08,0.0028595428788196304,1.364149790507013e-13,4.7705169963042895e-11
1160,0,140487.36307272382,140487.3630727062,1.2533381680179404e-13,1.760781742632389e-08,0.003436830965031241,1.3973442521386704e-13,4.065792779325652e-11
1160,1,120237.49970253711,120237.4997025814,3.682834236363113e-13,4.428147803992033e-08,0.0033284004918877003,2.6728189608790077e-13,8.030340601719946e-11
1160,2,105821.01606378114,105821.0160637807,4.125432481085617e-15,4.3655745685100555e-10,0.0034155854541056954,7.453730149172409e-14,2.1822701406029236e-11
1160,3,90217.43343502769,90217.43343504608,2.0388100335288655e-13,1.83936208486557e-08,0.0029922058012412356,7.215054503535649e-14,2.411282840419261e-11
1160,4,106768.51787617736,106768.51787624076,5.938332376546088e-13,6.340269464999437e-08,0.0035509625570481207,5.1199261923695756e-14,1.4418417851821715e-11
1160,5,381647.4712015327,381647.4712010204,1.3423005845855826e-12,5.122856236994267e-07,0.01660234884231139,6.04798006323344e-13,3.642846033821607e-11
1160,6,102560.11517453248,102560.1151745403,7.633503901139759e-14,7.828930392861366e-09,0.002611744860047411,8.567363334291099e-14,3.2803216980908234e-11
1160,7,322164.0424158615,322164.04241553944,9.996863256964106e-13,3.2206298783421516e-07,0.01417378386425162,5.16765017333778e-13,3.6459213875635445e-11
1160,8,367594.79878641566,367594.79878620716,5.672001945631046e-13,2.0849984139204025e-07,0.01615221627606554,5.811630954445912e-13,3.5980393372130665e-11
1160,9,75300.52944946114,75300.52944939026,9.413264368207199e-13,7.088237907737494e-08,0.0021132465668611523,1.0388727999766468e-13,4.916003727476532e-11
1160,10,59465.35593908961,59465.355938890054,3.355864710346909e-12,1.9955768948420882e-07,0.002042171830487526,7.000544329992007e-14,3.427989861323754e-11
1160,11,519479.187254857,519479.18725493265,1.45665044998971e-13,7.566995918750763e-08,0.035778507510628825,7.837745958916283e-13,2.1906296556914242e-11
1160,12,359608.1668142273,359608.16681321943,2.802677307485481e-12,1.0078656487166882e-06,0.016656041708845104,5.725440310148264e-13,3.4374555553065474e-11
1160,13,127310.29138762632,127310.2913874204,1.6174980840286861e-12,2.0592415239661932e-07,0.0034139580694757996,2.45357813955625e-13,7.186901800270304e-11
1160,14,64294.16478408955,64294.164784082095,1.1599585404962843e-13,7.457856554538012e-09,0.002451619070395963,1.295478293302668e-13,5.2841744826752825e-11
1160,15,105989.5275943301,105989.52759448477,1.4593168822707862e-12,1.5467230696231127e-07,0.003408980833638762,5.192134172249375e-14,1.5230752021292104e-11
1160,16,140184.03870368982,140184.03870360926,5.746688670777929e-13,8.055940270423889e-08,0.0039059599332545484,2.70047762911949e-13,6.913736124449697e-11
1160,17,148090.07312045374,148090.07312022138,1.5690787199325675e-12,2.323649823665619e-07,0.003721435935909977,1.0857299546845785e-13,2.9175027419062023e-11
1160,18,179627.45185842115,179627.45185837513,2.561588191339632e-13,4.6013155952095985e-08,0.004692278420338609,1.4985416317916483e-13,3.1936332364596086e-11
1160,19,163881.9365140377,163881.9365142128,1.0685604013665447e-12,1.751177478581667e-07,0.004137787253466487,1.0211592079570564e-13,2.4678871710998575e-11
1160,20,90813.76568231058,90813.76568228233,3.1102407488605986e-13,2.824526745826006e-08,0.0030749314495212158,6.573594837306328e-14,2.1378020763127745e-11
1160,21,112033.17973546164,112033.17973533476,1.1325051130006452e-12,1.2687814887613058e-07,0.003264559660648223,2.6301823333056186e-13,8.056775206195467e-11
1160,22,147095.85962253794,147095.85962259903,4.1530020141589377e-13,6.108894012868404e-08,0.0036291943575598594,1.4046700758970205e-13,3.870473547306795e-11
1160,23,91492.98365256815,91492.98365265017,8.965621500966478e-13,8.202914614230394e-08,0.0024767968607417356,1.0794581189267192e-13,4.3582828129208246e-11
1160,24,75603.20682101107,75603.2068210509,5.268108808444249e-13,3.9828591980040073e-08,0.0025929345407015116,8.933000210764455e-14,3.4451314024871845e-11
1160,25,341434.3980399572,341434.3980395529,1.18415254885253e-12,4.043104127049446e-07,0.017309613065921818,4.45923606544235e-13,2.5761616094243562e-11
1160,26,116253.60723648516,116253.60723624482,2.0673718229044213e-12,2.403394319117069e-07,0.002888983829179881,1.8249010932676935e-13,6.316757729259046e-11
1160,27,81450.31595233086,81450.31595241693,1.056774029288793e-12,8.607457857578993e-08,0.0027249008065930187,7.158151768875179e-14,2.6269403097374495e-11
1160,28,104831.86905550581,104831.86905552172,1.5172145157674853e-13,1.590524334460497e-08,0.002871547748953658,1.44698237351057e-13,5.039032953701864e-11
1160,29,93823.90327563585,93823.90327570244,7.097292029023766e-13,6.658956408500671e-08,0.003579228500375371,1.0069032768710914e-13,2.8131852346546426e-11
1160,30,69310.64969813814,69310.64969813972,2.2884776968619228e-14,1.5861587598919868e-09,0.0024412235477661638,1.1207874666894088e-13,4.591089036950507e-11
1160,31,94096.86860336014,94096.86860350468,1.5361209794627146e-12,1.4454417396336794e-07,0.0031056824179692597,5.0024244675311683e-14,1.6107327776296027e-11
1180,0,138138.30375786978,138138.3037579476,5.633748245361112e-13,7.782364264130592e-08,0.003681927683707037,8.5479977813626e-14,2.321609362179446e-11
1180,1,131589.3866628629,131589.38666281643,3.532109877408598e-13,4.6478817239403725e-08,0.003196989682290985,8.43606612293587e-14,2.6387530024466382e-11
1180,2,64554.491335070794,64554.49133506929,2.333103700435683e-14,1.5061232261359692e-09,0.0024999682276750984,6.368802482765885e-14,2.5475533697837297e-11
1180,3,105012.90016805599,105012.90016804759,7.995641557685313e-14,8.396455086767673e-09,0.0030099337099488382,7.98758119028665e-14,2.6537399026048603e-11
1180,4,142254.4808621246,142254.4808620836,2.880625835807436e-13,4.0978193283081055e-08,0.0035152910070136213,1.150440393632642e-13,3.272674698445555e-11
1180,5,390470.10302583507,390470.10302529525,1.3824818933084365e-12,5.398178473114967e-07,0.016878645243053957,6.04162911167087e-13,3.5794514457001554e-11
1180,6,96468.36142291313,96468.36142293905,2.686576265984505e-13,2.5916961021721363e-08,0.0028837748481900316,1.1415092903917188e-13,3.958385624689996e-11
1180,7,335743.62082441413,335743.62082409207,9.592527388707897e-13,3.2206298783421516e-07,0.014573150249809803,5.25637946612692e-13,3.606893071177552e-11
1180,8,382361.3354096397,382361.33540939173,6.485086553683998e-13,2.4796463549137115e-07,0.016528352683495198,5.785383285811049e-13,3.5002782168291956e-11
1180,9,70568.62535498592,70568.6253550699,1.1900345565817612e-12,8.39791027829051e-08,0.0022645683551433234,2.804636617111162e-13,1.2384861824732833e-10
1180,10,74035.0274800341,74035.02748015684,1.6579369135018772e-12,1.227454049512744e-07,0.0021701179969709303,9.372729688595603e-14,4.318995419455597e-11
1180,11,512772.1336591141,512772.13365913753,4.5746806053469764e-14,2.3457687348127365e-08,0.03347600583628656,8.0123915813045e-13,2.393472990920496e-11
1180,12,347216.8285138526,347216.82851290866,2.718628705509419e-12,9.439536370337009e-07,0.01638265315975604,5.686510628131054e-13,3.471055983837848e-11
1180,13,63647.175389440235,63647.175389463584,3.6684342770988694e-13,2.3348547983914614e-08,0.0018728177097589826,5.4162496457335785e-14,2.892032479995402e-11
1180,14,64323.13450491386,64323.13450483905,1.1630558237692674e-12,7.481139618903399e-08,0.0023748509561112665,7.324213021816162e-14,3.0840727090550886e-11
1180,15,102203.22650976511,102203.22650997015,2.0061645074199153e-12,2.0503648556768894e-07,0.003348809938248261,5.0200185025615634e-14,1.499045510235075e-11
1180,16,127258.22049514053,127258.22049523394,7.340095082851934e-13,9.340874385088682e-08,0.0035378661804899227,2.054997983752609e-13,5.8085803105984827e-11
1180,17,127181.38067462643,127181.38067460642,1.5732557181616076e-13,2.000888343900442e-08,0.0034054833883476036,1.1429467817532512e-13,3.356195439578312e-11
1180,18,85548.26606466086,85548.26606468532,2.8594114906309704e-13,2.4461769498884678e-08,0.0027999429993948444,6.796361036039591e-14,2.4273212124347826e-11
1180,19,148070.8534862844,148070.8534861555,8.70535031425435e-13,1.2890086509287357e-07,0.0038790137555279863,1.1711302862097869e-13,3.0191444527383366e-11
1180,20,96078.72787783504,96078.72787786071,2.6717233907882525e-13,2.5669578462839127e-08,0.00256341913867238,6.830265907251777e-14,2.6645138924838998e-11
1180,21,119308.61270647788,119308.61270656744,7.505953198507633e-13,8.95524863153696e-08,0.0030174218303659225,1.4461749210302629e-13,4.792750242861559e-11
1180,22,114897.01265085334,114897.0126508525,7.345805289211833e-15,8.440110832452774e-10,0.003505250063764937,7.012602022527335e-14,2.0005996419539634e-11
1180,23,122578.61130155045,122578.61130159872,3.9377753019039396e-13,4.826870281249285e-08,0.0033776806322836053,2.3491592044037795e-13,6.954947670157723e-11
1180,24,81446.37609747502,81446.37609757188,1.1892186294954444e-12,9.685754776000977e-08,0.002947563940012568,7.922016807664066e-14,2.6876488411748993e-11
1180,25,187327.20092046843,187327.20091964287,4.4070442022256415e-12,8.255592547357082e-07,0.010228661357651055,5.790301584811692e-13,5.660859600636414e-11
1180,26,99637.37557678981,99637.37557683984,5.021156394928114e-13,5.0029484555125237e-08,0.002975235668136765,7.049464854461988e-14,2.369380325047074e-11
1180,27,81276.98240190776,81276.9824019346,3.301516725660157e-13,2.6833731681108475e-08,0.0021939408132974902,7.854007712285011e-14,3.579863077746579e-11
1180,28,81839.66860877669,81839.66860874821,3.479742597449847e-13,2.847809810191393e-08,0.002613612651936038,1.0284905299676659e-13,3.9351299023052514e-11
1180,29,82953.9536582705,82953.95365830536,4.201347305941684e-13,3.485183697193861e-08,0.0027197649058159127,6.919365577879111e-14,2.5441042948538137e-11
1180,30,62444.92803925444,62444.92803924396,1.6778590821399925e-13,1.0477378964424133e-08,0.002254632416147445,8.803316765763261e-14,3.9045463476507733e-11
1180,31,87176.68475964396,87176.68475964395,1.6692439347158173e-16,1.4551915228366852e-11,0.0030222988896930394,6.024822284138088e-14,1.9934568035891702e-11
