v 0.53845880 -0.02621912 0.86654179
v 0.53883706 -0.02654919 0.86689389
v 0.53680699 -0.02047340 0.86718042
v 0.53664635 -0.02093465 0.86682692
v 0.52632210 -0.02758383 0.87139738
v 0.52583318 -0.02758236 0.87104980
v 0.51487343 -0.01524339 0.87430456
v 0.52576306 -0.00575230 0.86997330
v 0.53336653 -0.00317490 0.86791201
v 0.52691984 -0.00109140 0.86995786
v 0.52663497 -0.00226079 0.87014930
v 0.52481625 -0.00479050 0.87077127
v 0.53697927 -0.02500121 0.86992273
v 0.53602363 -0.02218466 0.86943312
v 0.53880407 -0.02642654 0.86877231
v 0.53924221 -0.02632878 0.86914728
v 0.53749234 -0.02080927 0.86922180
v 0.53945633 -0.02150824 0.86837774
v 0.54053693 -0.01592689 0.86806638
v 0.51609973 -0.01548516 0.87612721
v 0.53501099 -0.00313005 0.86950226
v 0.52731035 -0.00350995 0.87175287
v 0.52583120 -0.00471459 0.87276220
v 0.52535559 -0.00471704 0.87240014
v 0.52261858 -0.00075005 0.87341665
v 0.55035152 -0.01681180 0.86434648
v 0.52857834 -0.00543987 0.86948719
v 0.53190036 0.00690459 0.87021640
v 0.53352788 -0.00405775 0.86961369
v 0.53126717 0.00673959 0.86864902
v 0.53790365 -0.01803880 0.86840443
v 0.54065370 0.00337361 0.86552550
v 0.53632046 0.00642325 0.86678350
v 0.53694294 0.00644512 0.86860349
v 0.53242252 -0.00324034 0.86823273
v 0.54599275 -0.00419254 0.86374898
v 0.52742729 -0.00090380 0.86988124
v 0.53288962 -0.00314894 0.86988265
v 0.53026964 -0.02597531 0.87130728
v 0.52724153 -0.00158619 0.87168891
v 0.52980756 -0.02615477 0.86980104
v 0.54978922 -0.01673193 0.86267756
v 0.53643568 -0.02086217 0.86738004
v 0.53697992 -0.02078185 0.86892630
v 0.52685097 -0.00358860 0.87009970
v 0.52282108 -0.02315434 0.87193613
v 0.54162638 -0.02647817 0.86597851
v 0.52536659 -0.00464819 0.87063213
v 0.52709042 -0.00404587 0.87180500
v 0.52420047 -0.00434503 0.87091814
v 0.52491292 -0.00430348 0.87275807
v 0.51782865 -0.01787560 0.87516438
v 0.52390834 -0.00382018 0.87101117
v 0.51721981 -0.01794965 0.87363166
v 0.51564256 -0.01580955 0.87601225
v 0.52360738 -0.00331171 0.87114787
v 0.51819112 -0.01171817 0.87299003
v 0.53737203 -0.02037131 0.86882005
v 0.53844557 -0.02081037 0.86851278
v 0.52200947 -0.00082079 0.87178896
v 0.52240104 -0.00755281 0.87152578
v 0.52289840 -0.00753232 0.87307715
v 0.52278547 0.00086155 0.87336067
v 0.52371392 0.00296498 0.87293084
v 0.52612780 -0.00570688 0.87214877
v 0.53915439 -0.02163121 0.86605398
v 0.54033784 -0.01910485 0.86776958
v 0.53585350 -0.02495164 0.86771559
v 0.53532474 -0.02255835 0.86727830
v 0.53593691 -0.02516374 0.86715322
v 0.54619594 -0.02426113 0.86416924
v 0.54146385 -0.02612371 0.86560214
v 0.54841494 -0.02145232 0.86313399
v 0.53550543 -0.02223890 0.86774562
v 0.53782615 -0.02092702 0.86676251
v 0.53777928 -0.02140130 0.86638606
v 0.53871431 -0.02174293 0.86638467
v 0.53909954 -0.02272710 0.86611279
v 0.53990682 -0.01923998 0.86561915
v 0.53977002 -0.01915849 0.86613841
v 0.53979838 -0.01585694 0.86574826
v 0.54046647 -0.01502410 0.86533543
v 0.53740223 -0.01811105 0.86680070
v 0.53696752 -0.01960862 0.86696184
v 0.53695591 -0.01794291 0.86643229
v 0.53494551 -0.02234573 0.86779713
v 0.52301858 -0.02294322 0.87148184
v 0.52202976 -0.02140146 0.87207872
v 0.52227456 -0.02124889 0.87156981
v 0.51504739 -0.01576462 0.87447040
v 0.51739710 -0.01757528 0.87321742
v 0.51836975 -0.01202480 0.87257124
v 0.52558317 -0.00563417 0.87054037
v 0.53293496 -0.00398379 0.86798540
v 0.53424304 -0.00315776 0.86723333
v 0.52678795 -0.00028928 0.86970881
v 0.52667594 -0.00159505 0.87009506
v 0.52608899 -0.00191143 0.86993094
v 0.52662717 -0.00410783 0.87023005
v 0.52490369 -0.00436893 0.87040113
v 0.52653121 -0.00386256 0.86971212
v 0.52214540 -0.00108555 0.87127442
v 0.52204738 0.00076313 0.87180658
v 0.52236317 0.00067056 0.87136767
v 0.52316439 0.00289966 0.87130044
v 0.52673206 0.00561095 0.87014384
v 0.52346562 0.00262249 0.87087440
v 0.53129923 0.00637404 0.86821550
v 0.54555773 -0.00445678 0.86355236
v 0.54928055 -0.01063172 0.86289214
v 0.54874105 -0.01064301 0.86259390
v 0.54796446 -0.02110831 0.86294514
v 0.54920524 -0.01674219 0.86250396
v 0.53653164 -0.02483260 0.86955643
v 0.53686742 -0.02530487 0.86942179
v 0.53934463 -0.02656469 0.86856145
v 0.54661154 -0.02370168 0.86612930
v 0.54215659 -0.02590426 0.86778275
v 0.54213182 -0.02647734 0.86756960
v 0.53622994 -0.02239700 0.86996274
v 0.53870518 -0.02119562 0.86889766
v 0.53990566 -0.02254067 0.86836591
v 0.54122499 -0.01501562 0.86767871
v 0.53729933 -0.01932511 0.86897767
v 0.53538576 -0.02217808 0.86925355
v 0.53748551 -0.01952896 0.86849091
v 0.53511349 -0.02193398 0.86970895
v 0.53030238 -0.02563027 0.87174633
v 0.52381379 -0.02273235 0.87373412
v 0.52338154 -0.02299636 0.87358254
v 0.52311496 -0.02104652 0.87403061
v 0.52268739 -0.02121957 0.87368671
v 0.51912983 -0.01196228 0.87483080
v 0.51569584 -0.01529732 0.87576527
v 0.52323018 -0.00790592 0.87332944
v 0.51876615 -0.01168973 0.87453608
v 0.52662593 -0.00591417 0.87240558
v 0.52914748 -0.00550301 0.87117843
v 0.52919970 -0.00590189 0.87157873
v 0.53401353 -0.00422818 0.86990591
v 0.53298558 -0.00276031 0.87024549
v 0.52793799 -0.00087429 0.87138365
v 0.52689264 -0.00189978 0.87218808
v 0.52750666 -0.00107802 0.87164175
v 0.52714092 -0.00224068 0.87173382
v 0.52590552 -0.00478003 0.87217697
v 0.52450959 -0.00380812 0.87275364
v 0.52412016 -0.00334406 0.87274820
v 0.52316025 -0.00100190 0.87360248
v 0.52328059 0.00074296 0.87353138
v 0.52423189 0.00276546 0.87307658
v 0.52735949 0.00518994 0.87196159
v 0.52704752 0.00566862 0.87177771
v 0.53203336 0.00636300 0.87045685
v 0.54136519 0.00344380 0.86720092
v 0.54969465 -0.01037439 0.86465376
v 0.54647639 -0.00417503 0.86534150
v 0.54992922 -0.01675637 0.86478666
v 0.52671968 -0.00555455 0.87195363
v 0.52614490 -0.00544574 0.87028226
v 0.53983347 -0.02157217 0.86796238
v 0.54027182 -0.01615283 0.86571883
v 0.54083995 -0.01618074 0.86763364
v 0.53391795 -0.00315811 0.86947207
v 0.53348160 -0.00369139 0.86790556
v 0.53399984 -0.00369259 0.86945735
v 0.53620520 -0.02538712 0.86764728
v 0.53539016 -0.02278994 0.86783567
v 0.53594765 -0.02273449 0.86954566
v 0.52636679 -0.02718625 0.87315380
v 0.52579738 -0.02737581 0.87160609
v 0.52686899 -0.02731092 0.87289134
v 0.53827155 -0.02634493 0.86705863
v 0.52221713 -0.00142160 0.87175002
v 0.52286426 -0.00136905 0.87326157
v 0.53888430 -0.02123026 0.86835186
v 0.53831335 -0.02128158 0.86655870
v 0.54893847 -0.02142613 0.86474178
v 0.54685774 -0.02410831 0.86575017
v 0.54868696 -0.02109237 0.86516841
v 0.54937660 -0.01063211 0.86512017
v 0.54631054 -0.00441847 0.86580336
v 0.54104604 0.00302374 0.86755559
v 0.53681126 0.00591746 0.86885349
v 0.52461322 -0.00325428 0.87300253
v 0.52508630 -0.00379571 0.87296065
v 0.52725826 -0.00375472 0.87227254
v 0.52752585 -0.00028045 0.87190436
v 0.51823915 -0.01747862 0.87537533
v 0.52686338 -0.02718268 0.87346704
v 0.53774025 -0.01787819 0.86898079
v 0.54082567 -0.01919982 0.86802289
v 0.53653002 -0.01938201 0.86669676
v 0.53449481 -0.02217498 0.86751232
v 0.52951672 -0.02581417 0.86946658
v 0.51525295 -0.01553880 0.87398789
v 0.52251797 -0.00793750 0.87113030
v 0.52836769 -0.00587195 0.86912299
v 0.53325525 -0.00428551 0.86759241
v 0.53225831 -0.00284285 0.86784116
v 0.52411692 -0.00392176 0.87049672
v 0.52388855 -0.00327683 0.87063912
v 0.52665520 0.00519330 0.86976217
v 0.53605979 0.00589101 0.86664338
v 0.54033417 0.00301821 0.86523260
v 0.54582510 -0.02396274 0.86387342
v 0.52311619 -0.00045217 0.87365156
v 0.52636459 -0.00117671 0.86981429
v 0.52218813 -0.00052637 0.87130283
v 0.52207080 -0.00003921 0.87175823
v 0.52239164 0.00000143 0.87121806
v 0.52277459 0.00002106 0.87338367
v 0.52327066 0.00006990 0.87376717
v 0.52715392 -0.00116427 0.87209443
v 0.52341725 -0.00150610 0.87347600
v 0.52250758 -0.00152458 0.87125094
v 0.52272439 -0.00256610 0.87150724
v 0.52252405 -0.00194120 0.87165709
v 0.52307238 -0.00224699 0.87110718
v 0.52347043 -0.00256145 0.87304767
v 0.52318024 -0.00192278 0.87315312
v 0.52390828 -0.00224686 0.87323831
v 0.52613457 -0.00426931 0.87245244
v 0.52648964 -0.00442849 0.87199962
v 0.52665107 -0.00399983 0.87232992
v 0.52702579 -0.00252269 0.87220649
v 0.52725238 -0.00286441 0.87174349
v 0.52695700 -0.00308293 0.87222207
v 0.52835392 -0.00062871 0.87161898
v 0.53192731 -0.00294136 0.86839567
v 0.53037209 -0.00202582 0.87064564
v 0.52916311 -0.00146572 0.87105536
v 0.52980718 -0.00199210 0.86907992
v 0.52996694 -0.00174563 0.86862137
v 0.53104568 -0.00228959 0.86827507
v 0.53165768 -0.00255939 0.86807545
v 0.53391689 -0.00281067 0.86989574
v 0.53312929 -0.00284096 0.86755778
v 0.53117174 -0.00264397 0.86873634
v 0.52761655 -0.00065688 0.86945007
v 0.52853069 -0.00146085 0.86948016
v 0.52872379 -0.00121138 0.86905327
v 0.53067107 -0.00173892 0.87094980
v 0.52946466 -0.00114742 0.87132065
v 0.53350730 -0.00441517 0.87008015
v 0.52969353 -0.00572755 0.87130482
v 0.53136904 -0.00467157 0.87037250
v 0.53236519 -0.00431119 0.87000508
v 0.53295737 -0.00424081 0.86983984
v 0.53031333 -0.00505085 0.87069846
v 0.52967941 -0.00527722 0.87095962
v 0.53272328 -0.00445039 0.86769770
v 0.52888568 -0.00568970 0.86902619
v 0.53079770 -0.00502770 0.86834063
v 0.53154433 -0.00503356 0.87071426
v 0.53270679 -0.00467197 0.87033822
v 0.53038409 -0.00540560 0.87109154
v 0.53083434 -0.00466554 0.86873132
v 0.52977333 -0.00503521 0.86907865
v 0.52914523 -0.00523765 0.86926475
v 0.52960408 -0.00543774 0.86873363
v 0.53183910 -0.00428745 0.86843455
v 0.53244373 -0.00421773 0.86819165
v 0.53189518 -0.00469325 0.86801592
v 0.53929614 -0.01560581 0.86561341
v 0.53736922 -0.01757420 0.86651967
v 0.53874067 -0.01696294 0.86638018
v 0.53809510 -0.01759371 0.86659735
v 0.53835639 -0.01682736 0.86592542
v 0.53789803 -0.01714009 0.86636070
v 0.54022364 -0.01559993 0.86838381
v 0.53809060 -0.01753252 0.86872330
v 0.53917049 -0.01689407 0.86810208
v 0.53856032 -0.01752739 0.86823495
v 0.53908333 -0.01666330 0.86864595
v 0.53855009 -0.01708020 0.86857687
v 0.52715948 -0.00584695 0.87221785
v 0.52632001 -0.00580511 0.86986207
v 0.52740246 -0.00538306 0.86994227
v 0.52670253 -0.00536920 0.86999948
v 0.52720161 -0.00578146 0.86957302
v 0.52793195 -0.00544183 0.87147639
v 0.52730054 -0.00544688 0.87182599
v 0.52798455 -0.00580473 0.87189221
v 0.52534111 -0.00605902 0.87017537
v 0.52397923 -0.00665670 0.87098577
v 0.52480075 -0.00616613 0.87073467
v 0.52613614 -0.00615001 0.87254930
v 0.52446281 -0.00667122 0.87263122
v 0.52535163 -0.00622727 0.87238424
v 0.52408692 -0.00695319 0.87054088
v 0.52484833 -0.00653451 0.87027540
v 0.52483336 -0.00693048 0.87288751
v 0.52561316 -0.00655063 0.87279288
v 0.52260720 -0.02078097 0.87407974
v 0.52189970 -0.02089410 0.87180468
v 0.51968382 -0.01952811 0.87280244
v 0.52085650 -0.02043992 0.87246203
v 0.52143669 -0.02096284 0.87227173
v 0.52065218 -0.01925656 0.87465008
v 0.52021345 -0.01945116 0.87443646
v 0.52147045 -0.02039019 0.87396897
v 0.52205443 -0.02089405 0.87379965
v 0.52174019 -0.01999217 0.87433587
v 0.52212015 -0.02039008 0.87412573
v 0.51979362 -0.01933640 0.87229460
v 0.52084780 -0.02013421 0.87197995
v 0.52141174 -0.02049986 0.87196662
v 0.52659127 -0.02660025 0.87332123
v 0.52574786 -0.02698135 0.87112213
v 0.52429025 -0.02521123 0.87162790
v 0.52503755 -0.02625640 0.87164097
v 0.52542608 -0.02687299 0.87157466
v 0.52534726 -0.02480839 0.87349154
v 0.52489096 -0.02500147 0.87332628
v 0.52552625 -0.02614235 0.87321262
v 0.52603518 -0.02665792 0.87314181
v 0.52600583 -0.02591463 0.87335319
v 0.52449531 -0.02511528 0.87115568
v 0.52522786 -0.02624916 0.87111562
v 0.52628983 -0.02722237 0.87090677
v 0.52811516 -0.02685341 0.87044050
v 0.52731399 -0.02716350 0.87086251
v 0.52679721 -0.02733751 0.87114712
v 0.52718773 -0.02685324 0.87309690
v 0.52868996 -0.02662588 0.87208112
v 0.52789642 -0.02700610 0.87241880
v 0.52735690 -0.02715403 0.87263072
v 0.52856705 -0.02632959 0.87249014
v 0.52768744 -0.02669294 0.87283482
v 0.52773067 -0.02660725 0.87019609
v 0.52683695 -0.02701570 0.87061710
v 0.54127865 -0.01627602 0.86788856
v 0.54068754 -0.01763828 0.86766424
v 0.54115105 -0.01768847 0.86794032
v 0.54031169 -0.02139275 0.86823490
v 0.53912883 -0.02164032 0.86880889
v 0.53730686 -0.02114606 0.86655028
v 0.53816915 -0.02188871 0.86627808
v 0.53729140 -0.02074118 0.86694999
v 0.53589703 -0.02224528 0.86728671
v 0.53613550 -0.02457508 0.86734574
v 0.53577356 -0.02303839 0.86742228
v 0.53563987 -0.02389762 0.86800682
v 0.53593324 -0.02440893 0.86787191
v 0.53570993 -0.02324339 0.86797805
v 0.53695535 -0.02435588 0.86964450
v 0.53652235 -0.02289172 0.86962476
v 0.53662226 -0.02213491 0.86953698
v 0.53597910 -0.02158691 0.86755426
v 0.53652044 -0.02151105 0.86917626
v 0.53818655 -0.02100229 0.86901398
v 0.53790329 -0.02062593 0.86869801
v 0.53702902 -0.02156996 0.86932885
v 0.53626818 -0.02166370 0.86710960
v 0.53609499 -0.02381467 0.86954890
v 0.53615795 -0.02326303 0.86938608
v 0.53642382 -0.02426100 0.86941715
v 0.53671896 -0.02365733 0.86957699
v 0.53587754 -0.02382645 0.86743940
v 0.54699675 -0.02355535 0.86558462
v 0.54765580 -0.02241294 0.86564327
v 0.54712587 -0.02304281 0.86593261
v 0.54641447 -0.02367327 0.86404185
v 0.54680520 -0.02251939 0.86332019
v 0.54627369 -0.02322863 0.86355455
v 0.54729386 -0.02264287 0.86348694
v 0.54679659 -0.02324422 0.86374124
v 0.54782407 -0.02261238 0.86515986
v 0.54746031 -0.02317613 0.86549157
v 0.53955469 -0.02601810 0.86865866
v 0.54082897 -0.02631110 0.86802942
v 0.54004252 -0.02629905 0.86825380
v 0.53899235 -0.02627883 0.86637302
v 0.54036564 -0.02651385 0.86639531
v 0.53953762 -0.02649518 0.86662541
v 0.54018082 -0.02617052 0.86600625
v 0.53944143 -0.02621132 0.86606594
v 0.54081728 -0.02587669 0.86837046
v 0.54015907 -0.02594254 0.86871474
v 0.53882579 -0.02584003 0.86896585
v 0.53737800 -0.02500424 0.86947258
v 0.53778753 -0.02575551 0.86880466
v 0.53735673 -0.02550723 0.86918557
v 0.53831548 -0.02607826 0.86888049
v 0.53792965 -0.02596986 0.86670368
v 0.53656282 -0.02514624 0.86724010
v 0.53731040 -0.02581488 0.86754550
v 0.53768502 -0.02613726 0.86718089
v 0.53673154 -0.02562249 0.86750399
v 0.53723079 -0.02555467 0.86696043
v 0.53811917 -0.02544122 0.86924891
v 0.52542885 -0.00423163 0.87022411
v 0.52600572 -0.00443131 0.87040878
v 0.52598403 -0.00402921 0.87001956
v 0.52621326 -0.00256984 0.86994616
v 0.52670524 -0.00292804 0.87015779
v 0.52633292 -0.00317402 0.86982202
v 0.54049870 -0.01634609 0.86526483
v 0.54005053 -0.01767623 0.86602158
v 0.54021978 -0.01780528 0.86549110
v 0.53961711 -0.02162378 0.86570400
v 0.52418491 0.00324759 0.87276608
v 0.52678992 0.00516986 0.87175902
v 0.52585793 0.00380033 0.87257037
v 0.52662327 0.00437301 0.87237071
v 0.52695944 0.00476264 0.87211011
v 0.52522398 0.00322430 0.87284952
v 0.52470419 0.00304694 0.87290771
v 0.52363329 0.00315721 0.87110512
v 0.52636060 0.00518414 0.87026072
v 0.52560831 0.00415592 0.87225951
v 0.52633690 0.00471986 0.87197144
v 0.52480014 0.00354808 0.87246231
v 0.52510372 0.00379333 0.87016010
v 0.52434319 0.00327013 0.87037965
v 0.52392239 0.00296648 0.87066702
v 0.52586802 0.00436603 0.86987789
v 0.52628293 0.00476980 0.86987002
v 0.52506728 0.00414275 0.87057366
v 0.52427659 0.00350171 0.87094466
v 0.52588581 0.00471965 0.87035206
v 0.54631891 -0.02419503 0.86588399
v 0.54253464 -0.02615225 0.86735856
v 0.54445326 -0.02483316 0.86690817
v 0.54335876 -0.02537109 0.86731090
v 0.54278751 -0.02562919 0.86754512
v 0.54553126 -0.02422330 0.86662079
v 0.54606997 -0.02396285 0.86632523
v 0.54362388 -0.02495714 0.86464059
v 0.54428666 -0.02527046 0.86661671
v 0.54319201 -0.02580146 0.86700175
v 0.54550697 -0.02456581 0.86607390
v 0.54380906 -0.02530173 0.86497722
v 0.54965851 -0.01092888 0.86464064
v 0.55004472 -0.01634740 0.86433662
v 0.54973028 -0.01362497 0.86483693
v 0.54987122 -0.01522519 0.86476070
v 0.54985678 -0.01600093 0.86482926
v 0.54955898 -0.01211511 0.86492792
v 0.54946664 -0.01134883 0.86503014
v 0.54896786 -0.01363099 0.86245983
v 0.54992077 -0.01375665 0.86435927
v 0.54998924 -0.01519038 0.86415466
v 0.55003185 -0.01575060 0.86433677
v 0.54978403 -0.01224177 0.86445014
v 0.54960828 -0.01159270 0.86449703
v 0.54940985 -0.01375628 0.86274669
v 0.54913340 -0.01010911 0.86464279
v 0.54782394 -0.00757967 0.86543795
v 0.54863423 -0.00906014 0.86520501
v 0.54894472 -0.00970600 0.86515200
v 0.54714281 -0.00761947 0.86300901
v 0.54750232 -0.00735585 0.86332072
v 0.54898898 -0.01015554 0.86289341
v 0.54799536 -0.00915311 0.86282363
v 0.54840497 -0.00991569 0.86271464
v 0.54829743 -0.00885463 0.86313513
v 0.54873438 -0.00964279 0.86310711
v 0.54799160 -0.00726601 0.86503892
v 0.54881020 -0.00876096 0.86476831
v 0.54926729 -0.00948499 0.86460072
v 0.53492601 -0.02246913 0.86946430
v 0.53278535 -0.02368241 0.87075431
v 0.53399001 -0.02278591 0.87020426
v 0.53465331 -0.02240984 0.87001312
v 0.53441894 -0.02259429 0.86793678
v 0.53219368 -0.02420327 0.86870914
v 0.53279480 -0.02406635 0.87038569
v 0.53395083 -0.02319522 0.86980296
v 0.53450876 -0.02286696 0.86971634
v 0.53194293 -0.02385398 0.86839107
v 0.53312433 -0.02297108 0.86789687
v 0.53379118 -0.02248053 0.86762263
v 0.53337280 -0.02332006 0.86826732
v 0.53385478 -0.02289126 0.86803582
v 0.54148615 0.00291232 0.86709624
v 0.54365715 -0.00075958 0.86669930
v 0.54235178 0.00105436 0.86713811
v 0.54176533 0.00193303 0.86740663
v 0.54140599 0.00250138 0.86745099
v 0.54292090 -0.00072414 0.86435508
v 0.54335596 -0.00060377 0.86459690
v 0.54091472 0.00284275 0.86539621
v 0.54163764 0.00113070 0.86478524
v 0.54099349 0.00195449 0.86496307
v 0.54060438 0.00244916 0.86516434
v 0.54207074 0.00123746 0.86503247
v 0.54134793 0.00222616 0.86538946
v 0.54385935 -0.00059655 0.86624734
v 0.54256330 0.00125320 0.86669952
v 0.54184049 0.00220495 0.86689040
v 0.53715795 0.00597788 0.86836990
v 0.54083148 0.00355177 0.86727423
v 0.53891734 0.00438440 0.86830414
v 0.53989142 0.00373131 0.86787740
v 0.54051120 0.00336181 0.86768616
v 0.53790063 0.00506575 0.86855803
v 0.53733095 0.00549438 0.86870161
v 0.53811426 0.00443296 0.86589797
v 0.53895968 0.00467367 0.86786470
v 0.54010905 0.00400674 0.86745348
v 0.53788370 0.00547866 0.86822085
v 0.53847528 0.00469303 0.86618625
v 0.53664002 0.00596510 0.86682028
v 0.53709851 0.00506221 0.86621800
v 0.53659212 0.00552202 0.86642436
v 0.53737799 0.00545064 0.86652673
v 0.53640161 0.00632263 0.86869714
v 0.53234017 0.00663277 0.86999194
v 0.53445104 0.00603236 0.86978017
v 0.53557884 0.00595060 0.86938764
v 0.53622073 0.00591904 0.86907135
v 0.53333130 0.00610486 0.87019642
v 0.53263366 0.00624110 0.87029003
v 0.53583838 0.00629747 0.86703785
v 0.53179283 0.00660155 0.86843753
v 0.53437529 0.00637777 0.86938447
v 0.53557457 0.00629681 0.86896423
v 0.53320003 0.00648137 0.86980700
v 0.53395840 0.00648859 0.86777905
v 0.53365763 0.00615661 0.86747910
v 0.53240487 0.00606286 0.86773653
v 0.53183102 0.00623325 0.86800491
v 0.53259036 0.00646376 0.86817719
v 0.53474915 0.00598427 0.86697968
v 0.53543192 0.00594579 0.86681579
v 0.53502772 0.00628599 0.86735173
v 0.52755390 0.00558082 0.87154603
v 0.53148035 0.00653777 0.87026137
v 0.52979684 0.00566259 0.87130492
v 0.53099311 0.00587694 0.87101670
v 0.53145639 0.00614236 0.87068930
v 0.52864712 0.00538517 0.87169732
v 0.52798207 0.00528302 0.87181632
v 0.52900427 0.00569906 0.86896264
v 0.52941715 0.00595917 0.87105245
v 0.53067299 0.00622683 0.87058705
v 0.52834098 0.00571766 0.87138677
v 0.52890844 0.00602367 0.86940297
v 0.54913510 -0.02087850 0.86476796
v 0.55000174 -0.01724023 0.86441825
v 0.54935927 -0.01886834 0.86501356
v 0.54904964 -0.01988056 0.86511587
v 0.54885526 -0.02050962 0.86510632
v 0.54960472 -0.01793721 0.86500701
v 0.54971999 -0.01732232 0.86489259
v 0.54855194 -0.02090965 0.86300670
v 0.54952683 -0.01722786 0.86273216
v 0.54949245 -0.01907425 0.86456214
v 0.54921981 -0.02015788 0.86467806
v 0.54977760 -0.01794429 0.86439509
v 0.54900548 -0.01905298 0.86291872
v 0.54857182 -0.01894491 0.86260491
v 0.54879170 -0.01792161 0.86252389
v 0.54901174 -0.01733572 0.86256321
v 0.54926964 -0.01793736 0.86288697
v 0.54829994 -0.01989566 0.86279472
v 0.54813939 -0.02053101 0.86289917
v 0.54870961 -0.02019291 0.86299506
v 0.52620677 -0.01471977 0.86988162
v 0.52698289 -0.01466392 0.87217968
v 0.53499845 -0.01081577 0.86699275
v 0.53575664 -0.01079061 0.86930492
v 0.53013145 -0.01053143 0.86858001
v 0.53089371 -0.01050899 0.87089117
v 0.54416840 -0.01900914 0.86409947
v 0.54496743 -0.01893623 0.86640737
v 0.52405690 -0.01788888 0.87070203
v 0.52486453 -0.01777684 0.87302501
v 0.53477387 -0.01477296 0.86710136
v 0.53551005 -0.01472194 0.86944803
v 0.53820570 -0.00033199 0.86843203
v 0.53746363 -0.00033438 0.86613005
v 0.53331959 0.00154342 0.86748054
v 0.53407714 0.00154034 0.86977588
v 0.53398772 -0.00756612 0.86730415
v 0.53474511 -0.00754116 0.86961724
v 0.52037494 -0.00967976 0.87215486
v 0.52125251 -0.01006712 0.87419929
v 0.52097112 -0.00974720 0.87384585
v 0.52038938 -0.01007329 0.87177443
v 0.53050785 -0.01818011 0.86853496
v 0.53127128 -0.01809043 0.87084517
v 0.54499256 -0.01221573 0.86628424
v 0.54426953 -0.01222312 0.86397397
v 0.54598246 -0.01604013 0.86344648
v 0.54674022 -0.01601345 0.86573218
v 0.51664508 -0.01347762 0.87369895
v 0.51762802 -0.01384156 0.87558525
v 0.51731695 -0.01347655 0.87532243
v 0.51672911 -0.01379385 0.87329039
v 0.52937809 -0.00811189 0.86881767
v 0.53013696 -0.00810554 0.87112715
v 0.52774756 0.00244980 0.86933734
v 0.52850497 0.00242573 0.87161634
v 0.54466179 -0.00242945 0.86421014
v 0.54500164 -0.00259938 0.86628918
v 0.54516294 -0.00243934 0.86581399
v 0.54424874 -0.00258262 0.86392523
v 0.54468276 -0.02170170 0.86665083
v 0.54385498 -0.02179910 0.86435307
v 0.53603051 -0.01627089 0.86676840
v 0.53673952 -0.01619343 0.86909108
v 0.53133818 0.00347694 0.86814281
v 0.53209744 0.00345332 0.87044260
v 0.53878500 -0.02169146 0.86752016
v 0.53867991 -0.02097374 0.86754378
v 0.53817525 -0.02075673 0.86761558
v 0.53927420 -0.02165995 0.86723813
v 0.54008809 -0.01582897 0.86691217
v 0.54060968 -0.01603464 0.86656355
v 0.52610566 0.00131909 0.87244069
v 0.52492711 0.00096731 0.87029522
v 0.54619061 -0.01966851 0.86344478
v 0.54697202 -0.01959796 0.86574352
v 0.52300581 -0.01946619 0.87118630
v 0.52381330 -0.01932999 0.87348240
v 0.53497266 0.00344329 0.86693860
v 0.53571876 0.00343248 0.86922951
v 0.52663095 -0.00866452 0.86972155
v 0.52739291 -0.00865604 0.87203170
v 0.53574740 -0.02079497 0.86730590
v 0.53532092 -0.02068025 0.86702402
v 0.53632818 -0.02071552 0.86895909
v 0.53614505 -0.02059203 0.86944049
v 0.54668772 -0.00575853 0.86353742
v 0.54635622 -0.00605607 0.86326660
v 0.54725126 -0.00569276 0.86517342
v 0.54707932 -0.00596311 0.86560342
v 0.53990173 0.00097474 0.86789676
v 0.53881558 0.00141642 0.86569872
v 0.53984181 -0.02428395 0.86853709
v 0.53233435 -0.00047041 0.86783476
v 0.53272192 -0.00046745 0.87022478
v 0.53347355 -0.00594705 0.86746326
v 0.53423520 -0.00592005 0.86978447
v 0.51622907 -0.01681948 0.87390908
v 0.51623413 -0.01651040 0.87346445
v 0.51687220 -0.01682160 0.87555509
v 0.51715038 -0.01642482 0.87580317
v 0.53372713 -0.00332836 0.86866292
v 0.53381123 -0.00385740 0.86864142
v 0.53326341 -0.00405505 0.86881324
v 0.53100036 -0.02523940 0.86926589
v 0.53079117 -0.02491228 0.86890023
v 0.53148553 -0.02504381 0.87085620
v 0.53154980 -0.02468260 0.87124770
v 0.53198715 -0.02046185 0.86815222
v 0.53275809 -0.02036516 0.87045886
v 0.51900871 -0.01856985 0.87480161
v 0.51944429 -0.01837396 0.87503925
v 0.51840610 -0.01866994 0.87319029
v 0.51859749 -0.01848515 0.87273046
v 0.52486856 -0.00055738 0.87289712
v 0.54926566 -0.01219603 0.86284335
v 0.54881753 -0.01210011 0.86252811
v 0.54954954 -0.01531144 0.86269012
v 0.54908685 -0.01519463 0.86243468
v 0.52146693 -0.00869550 0.87176896
v 0.52147923 -0.00908453 0.87138415
v 0.51934366 -0.01074072 0.87254332
v 0.51936925 -0.01109744 0.87211217
v 0.52202432 -0.00866231 0.87349457
v 0.52228041 -0.00904972 0.87378152
v 0.52019698 -0.01099527 0.87451362
v 0.51990293 -0.01068986 0.87418986
v 0.54737213 -0.01705085 0.86302083
v 0.54812395 -0.01702206 0.86531909
v 0.52402528 -0.00058633 0.87064749
v 0.54728982 -0.01199186 0.86557004
v 0.54657359 -0.01159539 0.86326348
v 0.54165846 -0.02402054 0.86786689
v 0.52413230 -0.02398783 0.87344097
v 0.52457127 -0.02380401 0.87361751
v 0.52356258 -0.02413891 0.87176914
v 0.52375151 -0.02401331 0.87130484
v 0.52730354 -0.02217438 0.86987057
v 0.52810339 -0.02199203 0.87214039
v 0.53954644 0.00397574 0.86585581
v 0.53927714 0.00364874 0.86551433
v 0.54166373 -0.00768994 0.86480004
v 0.54241040 -0.00766627 0.86709221
v 0.53153563 -0.00258362 0.87028066
v 0.53187593 -0.00230849 0.87057626
v 0.53728366 -0.02296513 0.86677202
v 0.54490606 -0.02483559 0.86457896
v 0.54473975 -0.02444363 0.86424836
v 0.54263555 -0.02579863 0.86539107
v 0.54245657 -0.02546898 0.86499462
v 0.52774522 0.00574317 0.86974764
v 0.52778616 0.00543432 0.86933836
v 0.53018659 0.00623332 0.86893649
v 0.53021419 0.00591317 0.86845329
v 0.52149768 -0.01460657 0.87147116
v 0.52231045 -0.01453953 0.87378350
v 0.52275868 0.00175177 0.87142989
v 0.52296182 0.00165678 0.87090314
v 0.52328723 0.00184489 0.87303105
v 0.52377879 0.00169460 0.87331539
v 0.51585969 -0.01437137 0.87409902
v 0.51594539 -0.01469703 0.87366950
v 0.51743977 -0.01259770 0.87333551
v 0.51749897 -0.01291093 0.87292790
v 0.51804258 -0.01244842 0.87484624
v 0.51832699 -0.01279438 0.87515555
v 0.51692748 -0.01466258 0.87593702
v 0.51654485 -0.01438290 0.87569457
v 0.52901777 -0.00691876 0.86893173
v 0.52977313 -0.00692352 0.87126437
v 0.52731562 0.00387779 0.86950108
v 0.52522533 -0.00307901 0.87025128
v 0.53781961 -0.01276798 0.86611353
v 0.53856824 -0.01271763 0.86842385
v 0.52765790 0.00353977 0.87191221
v 0.54055289 -0.02025756 0.86813757
v 0.54010099 -0.02026827 0.86788709
v 0.53971177 -0.02034431 0.86578769
v 0.53952191 -0.02024222 0.86629093
v 0.54320794 0.00036151 0.86646635
v 0.54300625 0.00015664 0.86691562
v 0.54090448 -0.00218089 0.86756284
v 0.54016283 -0.00218857 0.86525946
v 0.54270419 0.00031246 0.86481961
v 0.54227255 0.00020670 0.86456766
v 0.54532700 -0.00337339 0.86396993
v 0.54489486 -0.00349599 0.86372768
v 0.54237889 -0.00478889 0.86454882
v 0.54312195 -0.00478069 0.86684769
v 0.54400618 -0.00151310 0.86440407
v 0.54358390 -0.00166315 0.86413985
v 0.54450706 -0.00151045 0.86602902
v 0.54431801 -0.00166975 0.86649027
v 0.54584513 -0.00337058 0.86559931
v 0.54564988 -0.00349515 0.86605446
v 0.52719666 -0.00108660 0.87080083
v 0.52697581 -0.00163346 0.87088395
v 0.52688380 -0.00226578 0.87091983
v 0.52771983 -0.00085136 0.87061890
v 0.53208114 0.00477850 0.86794229
v 0.53282227 0.00475957 0.87023018
v 0.52493717 -0.01098769 0.87283874
v 0.52417184 -0.01101371 0.87052440
v 0.53958218 -0.02443089 0.86605758
v 0.53820211 -0.02286979 0.86905341
v 0.54571811 -0.02261812 0.86629013
v 0.54312815 -0.01615108 0.86441372
v 0.54394158 -0.01609455 0.86672244
v 0.52473051 0.00212134 0.87033624
v 0.52180841 -0.01936950 0.87160884
v 0.52261113 -0.01924916 0.87390223
v 0.54284596 -0.02016038 0.86723833
v 0.54201185 -0.02024713 0.86494954
v 0.52257377 -0.02205795 0.87155491
v 0.52243473 -0.02226542 0.87201995
v 0.52494768 -0.02136616 0.87062525
v 0.52574784 -0.02120819 0.87292337
v 0.52343864 -0.02189379 0.87390716
v 0.52299420 -0.02205878 0.87358729
v 0.52331562 -0.00741439 0.87082431
v 0.52315770 -0.00714569 0.87124255
v 0.52368064 -0.00711881 0.87283151
v 0.52402285 -0.00744568 0.87311089
v 0.52952201 -0.02632206 0.87172763
v 0.52944437 -0.02597555 0.87211967
v 0.52820555 -0.02419182 0.87231916
v 0.52896625 -0.02647217 0.87009995
v 0.52861466 -0.02619336 0.86982984
v 0.53662909 -0.01699247 0.86659218
v 0.53468105 -0.01813413 0.86720517
v 0.53465589 -0.01820265 0.86976889
v 0.53736473 -0.01694471 0.86893649
v 0.52510452 0.00191659 0.87279334
v 0.54701670 -0.02052100 0.86321385
v 0.54778936 -0.02044704 0.86550580
v 0.53613010 0.00420614 0.86657755
v 0.53687604 0.00417363 0.86887907
v 0.53701871 -0.00563910 0.86630506
v 0.53776660 -0.00562535 0.86861071
v 0.51894642 -0.01523166 0.87244262
v 0.51978099 -0.01515301 0.87471531
v 0.53151011 0.00473756 0.87064706
v 0.52828231 -0.02408877 0.86971600
v 0.51531380 -0.01523052 0.87505616
v 0.51535241 -0.01578720 0.87519562
v 0.53872384 -0.02158158 0.86692564
v 0.53923973 -0.02163709 0.86664032
v 0.53926399 -0.02150294 0.86782451
v 0.53970285 -0.02136094 0.86745528
v 0.54037605 -0.01584731 0.86752929
v 0.54067295 -0.01605253 0.86710155
v 0.53977434 -0.01628168 0.86791096
v 0.53956118 -0.01610695 0.86840307
v 0.53821301 -0.01504416 0.86862284
v 0.54010446 -0.01591573 0.86624929
v 0.54045860 -0.01640263 0.86617860
v 0.52247967 -0.02024826 0.87144489
v 0.52327478 -0.02012075 0.87373579
v 0.52586591 -0.00743271 0.86997021
v 0.52662203 -0.00743263 0.87229862
v 0.54040003 0.00206150 0.86774611
v 0.53995356 0.00157754 0.86533712
v 0.53905245 -0.02526860 0.86630358
v 0.54021560 -0.01697358 0.86574863
v 0.54043655 -0.01709719 0.86524587
v 0.54200234 -0.01772323 0.86488481
v 0.53901608 -0.02570740 0.86776331
v 0.54193829 -0.00224563 0.86468782
v 0.53728728 0.00570314 0.86746680
v 0.52663215 0.00259297 0.87222389
v 0.52318147 0.00011301 0.87218329
v 0.52672634 0.00427280 0.87106904
v 0.54168738 -0.02308494 0.86520661
v 0.54798363 -0.02021747 0.86417179
v 0.52643044 -0.02318321 0.87286426
v 0.52567183 -0.02342734 0.87056292
v 0.53656640 -0.02288438 0.86822984
v 0.54780232 -0.01146401 0.86289108
v 0.53189976 0.00594319 0.86944793
v 0.52663940 -0.02508372 0.87040980
v 0.52377721 -0.00966917 0.87321793
v 0.53449432 -0.02024230 0.86987492
v 0.53367608 -0.02029545 0.86753626
v 0.53724820 -0.02414329 0.86690338
v 0.52916934 -0.00629368 0.87014668
v 0.52245867 -0.00143626 0.87256680
v 0.52232543 -0.00082443 0.87259410
v 0.54164029 -0.02105108 0.86768641
v 0.52300294 -0.00970116 0.87091680
v 0.54749240 -0.01530386 0.86296329
v 0.52418378 0.00233327 0.87133403
v 0.53756573 -0.01486387 0.86626621
v 0.54822190 -0.01622431 0.86274155
v 0.52635170 -0.00337360 0.87128480
v 0.52410382 -0.00382850 0.87191222
v 0.52442942 -0.00439883 0.87169983
v 0.52509168 -0.00470804 0.87161351
v 0.52566456 -0.00473058 0.87140446
v 0.52383085 -0.00330636 0.87199317
v 0.53784056 -0.02520790 0.86802471
v 0.54478578 -0.00922867 0.86380077
v 0.54593773 -0.00951989 0.86597675
v 0.51665697 -0.01596158 0.87613177
v 0.51630019 -0.01621674 0.87574525
v 0.54138039 -0.02253581 0.86782814
v 0.54220018 -0.01867106 0.86747509
v 0.52994144 -0.02369588 0.87164950
v 0.53981031 -0.02567432 0.86698119
v 0.52573383 0.00448302 0.87127372
v 0.54908620 -0.01697518 0.86388769
v 0.51823591 -0.01533378 0.87532115
v 0.51737003 -0.01535588 0.87305360
v 0.51769284 -0.01443796 0.87416730
v 0.54084893 -0.02114339 0.86541493
v 0.53834566 0.00237603 0.86837924
v 0.51623592 -0.01547971 0.87462799
v 0.54049440 -0.02172750 0.86676488
v 0.54750312 -0.01026195 0.86552216
v 0.53809922 -0.02158547 0.86783349
v 0.52362682 0.00059725 0.87077721
v 0.53212726 -0.00211794 0.86917928
v 0.53800600 0.00282234 0.86597117
v 0.51982744 -0.01348809 0.87465388
v 0.54504778 -0.02263704 0.86399187
v 0.53360610 -0.00666573 0.86869654
v 0.54823497 -0.01529331 0.86523188
v 0.53997726 -0.01914519 0.86700405
v 0.53795899 -0.01664890 0.86755834
v 0.54916797 -0.01430799 0.86389964
v 0.52553581 -0.00901191 0.87262933
v 0.53269730 -0.00323885 0.86906662
v 0.54434898 -0.02322833 0.86686377
v 0.52622079 0.00266667 0.86983396
v 0.52457506 -0.00876588 0.87039513
v 0.51988015 -0.01335315 0.87202972
v 0.52332021 -0.00138702 0.87223696
v 0.51538981 -0.01488717 0.87407205
v 0.51538344 -0.01506831 0.87354125
v 0.52730179 -0.02527645 0.87280622
v 0.54644990 -0.02323476 0.86500603
v 0.53518389 -0.00499263 0.86690409
v 0.54415259 -0.00625562 0.86397971
v 0.54489814 -0.00623697 0.86627120
v 0.54060458 -0.02019317 0.86661008
v 0.54520875 -0.00567417 0.86363530
v 0.54962251 -0.01606654 0.86272306
v 0.54915541 -0.01597019 0.86245484
v 0.53289442 -0.02142481 0.86787141
v 0.52750819 -0.00733564 0.86942706
v 0.52886275 -0.00543962 0.87030957
v 0.52445225 -0.00354782 0.87121892
v 0.54108185 -0.01870825 0.86528555
v 0.53394796 0.00335808 0.86982755
v 0.53319614 0.00336822 0.86752289
v 0.51849152 -0.01165762 0.87373405
v 0.54795742 -0.01854086 0.86539861
v 0.52494429 -0.00739589 0.87175395
v 0.52632432 -0.02616427 0.87224806
v 0.52440562 -0.02095488 0.87339127
v 0.52674329 -0.00617678 0.87111229
v 0.52991465 0.00373241 0.87116045
v 0.52992092 0.00430841 0.86864807
v 0.52037176 -0.01229299 0.87443178
v 0.54001524 -0.01848697 0.86574945
v 0.53975729 -0.01839494 0.86622091
v 0.52310982 -0.00082398 0.87103764
v 0.51858333 -0.01382028 0.87252507
v 0.54837305 -0.01305568 0.86520618
v 0.53980001 0.00291298 0.86664528
v 0.51566393 -0.01622013 0.87411650
v 0.51571837 -0.01593618 0.87361069
v 0.52630180 -0.02495008 0.87311270
v 0.53621496 0.00554312 0.86761964
v 0.51860747 -0.01278019 0.87382203
v 0.54653597 -0.02414327 0.86496072
v 0.52357024 -0.00824369 0.87190614
v 0.52075818 -0.01703272 0.87183113
v 0.52157663 -0.01693720 0.87413251
v 0.54594777 -0.00562765 0.86594045
v 0.52554163 -0.02460058 0.87203785
v 0.52102329 -0.01184002 0.87160436
v 0.52272778 -0.01193955 0.87358823
v 0.51944727 -0.01129310 0.87442329
v 0.51975603 -0.01151011 0.87483087
v 0.53590466 -0.01829249 0.86684956
v 0.54134687 -0.02455765 0.86542957
v 0.51932322 -0.01097136 0.87349963
v 0.54843306 -0.01181434 0.86523722
v 0.53831321 -0.01568390 0.86605429
v 0.53134807 -0.02204066 0.87104951
v 0.53003794 -0.02218353 0.86890341
v 0.54738090 -0.02184839 0.86312451
v 0.54784689 -0.02199439 0.86330327
v 0.54085214 -0.01992014 0.86534670
v 0.54426855 -0.00388503 0.86647319
v 0.52971487 -0.02373770 0.86917956
v 0.53262130 -0.00637803 0.87032279
v 0.53185389 -0.00638852 0.86799294
v 0.53622615 -0.01810233 0.86928595
v 0.54830246 -0.01876346 0.86396255
v 0.51941531 -0.01220863 0.87370700
v 0.53519301 -0.02154730 0.86747264
v 0.53476625 -0.02139424 0.86717675
v 0.52630690 -0.02609721 0.87069238
v 0.52017389 -0.01019196 0.87317963
v 0.54609847 -0.02098563 0.86609525
v 0.54522229 -0.02098483 0.86382658
v 0.53165335 0.00671835 0.86936976
v 0.54240148 -0.01718322 0.86740591
v 0.53320664 0.00553323 0.86857599
v 0.54699753 -0.01016029 0.86315760
v 0.54308406 -0.02390689 0.86734332
v 0.54852749 -0.01039415 0.86413400
v 0.54238330 -0.02497222 0.86652498
v 0.53897778 0.00326357 0.86820935
v 0.54404020 -0.00471992 0.86400900
v 0.53320917 -0.00513906 0.86754663
v 0.52158014 -0.01832394 0.87421761
v 0.53100247 0.00514995 0.86830096
v 0.53164886 -0.00453092 0.86941595
v 0.54327492 -0.02334531 0.86465691
v 0.53153663 -0.02336447 0.87108728
v 0.53904755 -0.01402221 0.86578626
v 0.52438697 -0.02271308 0.87095285
v 0.54050444 -0.01709243 0.86691590
v 0.52312115 -0.02082265 0.87239391
v 0.54542967 -0.00468648 0.86474560
v 0.53212149 -0.02459082 0.87062535
v 0.53215817 -0.02418766 0.87096379
v 0.51676861 -0.01468323 0.87329541
v 0.54240583 -0.01033570 0.86457318
v 0.54349336 -0.01008351 0.86675221
v 0.54175417 -0.01620136 0.86495160
v 0.53652872 0.00629379 0.86771570
v 0.54555625 -0.02446084 0.86435106
v 0.54523803 -0.02411194 0.86394681
v 0.52653929 -0.02692122 0.87164582
v 0.54918514 -0.01559525 0.86359825
v 0.52875357 0.00411309 0.87156194
v 0.52440206 -0.00191958 0.87051300
v 0.52324484 -0.00269021 0.87220797
v 0.53801857 0.00403465 0.86736789
v 0.54699027 -0.02130132 0.86456586
v 0.53227908 -0.00282511 0.87008427
v 0.53251249 -0.00254120 0.87057408
v 0.53492880 0.00464016 0.86954147
v 0.52492457 -0.00808077 0.87284696
v 0.51957333 -0.01676222 0.87485023
v 0.53157267 -0.02228693 0.86840207
v 0.54838380 -0.02200217 0.86493223
v 0.54820547 -0.02176400 0.86541889
v 0.52348600 -0.00274679 0.87087106
v 0.52317092 -0.00294007 0.87132335
v 0.54542677 -0.00751264 0.86359887
v 0.54614808 -0.00753217 0.86589782
v 0.54702441 -0.00770285 0.86445328
v 0.54262422 -0.02432635 0.86496068
v 0.54010440 -0.01796250 0.86694186
v 0.53469315 0.00641210 0.86838936
v 0.51876657 -0.01407423 0.87508875
v 0.51735395 -0.01302698 0.87430349
v 0.52780249 -0.00645675 0.86931450
v 0.54738058 -0.01702838 0.86424658
v 0.52048038 -0.01770870 0.87458549
v 0.52784501 -0.02525709 0.86998166
v 0.53667703 -0.02086312 0.86817245
v 0.53715667 -0.02055675 0.86799068
v 0.53709244 -0.02199996 0.86678750
v 0.52546183 0.00286867 0.87121048
v 0.52386383 -0.00689052 0.87190148
v 0.54514103 -0.02382419 0.86512606
v 0.51976772 -0.01795094 0.87226796
v 0.54732281 -0.01913781 0.86306338
v 0.52145214 -0.01146400 0.87403099
v 0.54501452 -0.02453852 0.86666394
v 0.54486960 -0.02496612 0.86634453
v 0.54106711 -0.00082407 0.86497519
v 0.54213919 -0.02613777 0.86568779
v 0.54190485 -0.02577625 0.86530909
v 0.54010187 -0.02100826 0.86562172
v 0.52225994 -0.02032440 0.87272091
v 0.51681183 -0.01704456 0.87333798
v 0.51674857 -0.01738078 0.87377574
v 0.52472410 -0.02346356 0.87236159
v 0.53592676 -0.00496793 0.86921449
v 0.54390509 -0.02509826 0.86710750
v 0.54373922 -0.02553573 0.86681674
v 0.53970210 -0.02051036 0.86710195
v 0.53930934 -0.01507636 0.86836870
v 0.54274567 -0.00267060 0.86696711
v 0.54299491 -0.00337063 0.86434314
v 0.51826461 -0.01648676 0.87274464
v 0.51765510 -0.01695587 0.87560860
v 0.51742545 -0.01735813 0.87535911
v 0.53028906 0.00547661 0.86995074
v 0.54084489 -0.01777710 0.86647591
v 0.53482387 -0.00495035 0.86959826
v 0.54734346 -0.00884159 0.86555791
v 0.51766971 -0.01471054 0.87556655
v 0.54210594 -0.00112864 0.86718006
v 0.54386223 -0.02407662 0.86448489
v 0.52999525 0.00113020 0.86858388
v 0.53066817 0.00110649 0.87088495
v 0.54343317 -0.00174325 0.86564105
v 0.53930826 -0.00986802 0.86558151
v 0.54042483 -0.01016407 0.86776519
v 0.53927860 0.00434462 0.86685295
v 0.51921523 -0.01771635 0.87364579
v 0.54199728 -0.00074774 0.86466328
v 0.53066744 -0.00032992 0.87088482
v 0.54079825 -0.01904751 0.86654991
v 0.52597449 -0.00113028 0.87245928
v 0.54939522 -0.01850719 0.86369393
v 0.52255214 -0.01042620 0.87362383
v 0.52028361 -0.01858390 0.87341672
v 0.53932630 -0.01635931 0.86615303
v 0.53888660 -0.01627708 0.86579930
v 0.54344502 -0.02553079 0.86586742
v 0.53324386 -0.00162602 0.87007244
v 0.53978803 -0.00745652 0.86795607
v 0.53914964 -0.00717074 0.86561945
v 0.53627140 -0.02481882 0.86859148
v 0.53664219 -0.02524965 0.86847734
v 0.52055626 -0.01996096 0.87344590
v 0.52505262 -0.00202742 0.87280172
v 0.54150242 -0.02510696 0.86800982
v 0.54869318 -0.02123659 0.86394059
v 0.53160279 -0.02486434 0.86991323
v 0.54837945 -0.00801428 0.86489851
v 0.54827660 -0.00832309 0.86530602
v 0.54592669 -0.02190502 0.86363197
v 0.54630919 -0.00499097 0.86369313
v 0.54595956 -0.00524204 0.86338227
v 0.51899101 -0.01283085 0.87233756
v 0.53671994 -0.02454873 0.86823624
v 0.54369387 -0.02456794 0.86629172
v 0.53130639 -0.02432114 0.86870308
v 0.53158428 -0.02471842 0.86896266
v 0.54948040 -0.01455329 0.86267844
v 0.54903523 -0.01440740 0.86243374
v 0.53679263 -0.02158446 0.86759505
v 0.54792897 -0.02118567 0.86358923
v 0.53276077 -0.00509162 0.86893239
v 0.54939714 -0.01040617 0.86373124
v 0.52576094 -0.00297853 0.87258547
v 0.52404101 -0.00248857 0.87142336
v 0.51881118 -0.01205504 0.87302892
v 0.53396632 -0.00510236 0.86987089
v 0.52230645 -0.00909615 0.87251102
v 0.52409028 -0.00792038 0.87055783
v 0.53792842 0.00401346 0.86853586
v 0.52345841 -0.01626594 0.87341814
v 0.53879038 0.00411253 0.86581468
v 0.53912951 0.00447995 0.86608840
v 0.53563653 -0.00681318 0.86676210
v 0.53638564 -0.00679599 0.86907094
v 0.53280051 -0.02190965 0.87054173
v 0.52686949 0.00552969 0.87090901
v 0.54099772 -0.01650200 0.86622096
v 0.52722573 0.00504799 0.87072197
v 0.52518186 -0.02253896 0.87326807
v 0.52311648 -0.02305539 0.87274178
v 0.54006479 -0.01364194 0.86799196
v 0.53385961 -0.02132914 0.87015353
v 0.53197173 -0.02313029 0.86962173
v 0.54458705 -0.00196889 0.86511249
v 0.52827228 -0.00733807 0.87174200
v 0.53016996 -0.02495291 0.87047829
v 0.52189933 -0.00811321 0.87171007
v 0.52201862 -0.00847941 0.87127861
v 0.52178519 -0.01052821 0.87135569
v 0.52429234 -0.00711380 0.87115868
v 0.51841547 -0.01818235 0.87496507
v 0.51884375 -0.01792732 0.87521458
v 0.52750796 -0.00610751 0.87049888
v 0.54665929 -0.02210545 0.86595120
v 0.54244149 -0.01668532 0.86603700
v 0.53951525 -0.01527124 0.86685272
v 0.53922984 0.00350863 0.86739543
v 0.52858170 0.00429316 0.86907904
v 0.53258849 0.00657040 0.86909067
v 0.54445273 -0.00326113 0.86514870
v 0.53307567 -0.02372614 0.86930694
v 0.52547236 -0.00419747 0.87281574
v 0.54824336 -0.00982750 0.86531000
v 0.52272215 -0.00884279 0.87101605
v 0.52901864 0.00087314 0.87143550
v 0.53526125 -0.02082015 0.86833363
v 0.54732519 -0.01324618 0.86301633
v 0.52702839 0.00061007 0.87077478
v 0.54191664 -0.02639932 0.86672084
v 0.53168598 -0.02412756 0.87025860
v 0.53126735 0.00373999 0.86932093
v 0.52462876 -0.00335246 0.87224614
v 0.54681618 -0.00537245 0.86439179
v 0.51774989 -0.01656558 0.87415478
v 0.52627984 -0.00809321 0.87094822
v 0.51920443 -0.01890952 0.87251999
v 0.51902876 -0.01910315 0.87298910
v 0.54069049 -0.02534199 0.86572719
v 0.54890145 -0.01285904 0.86249026
v 0.54934584 -0.01297168 0.86279270
v 0.52399163 -0.00043190 0.87324791
v 0.52622729 0.00499632 0.87102137
v 0.54210604 0.00022642 0.86588862
v 0.54153303 -0.02634366 0.86776853
v 0.54146579 -0.02591355 0.86807724
v 0.54335073 -0.02258951 0.86588104
v 0.54327802 -0.00012462 0.86555289
v 0.52765212 -0.00051802 0.87107104
v 0.54281206 -0.00067245 0.86698114
v 0.53864503 0.00394437 0.86637388
v 0.51682190 -0.01709479 0.87465372
v 0.54459789 -0.02496878 0.86550920
v 0.53426811 -0.00422278 0.86909375
v 0.53719379 0.00500842 0.86800376
v 0.53604672 -0.01932689 0.86938792
v 0.52348853 -0.02282788 0.87189634
v 0.51710673 -0.01610744 0.87499390
v 0.51800048 -0.01802177 0.87294963
v 0.51783030 -0.01825581 0.87342091
v 0.52342196 -0.00997092 0.87201973
v 0.53691688 -0.01780651 0.86780309
v 0.52899680 0.00516066 0.87044463
v 0.52683390 -0.02193770 0.87258396
v 0.54684401 -0.00492914 0.86525975
v 0.54670836 -0.00519484 0.86570169
v 0.52526495 -0.00093687 0.87023894
v 0.52962693 0.00583056 0.86871526
v 0.52950329 0.00613445 0.86914292
v 0.53120592 -0.00665493 0.87078782
v 0.54766177 -0.00647525 0.86506978
v 0.54746282 -0.00674406 0.86549504
v 0.54628641 -0.00877880 0.86334121
v 0.54882258 -0.01192841 0.86394883
v 0.51991114 -0.01210282 0.87200869
v 0.51880303 -0.01128591 0.87270470
v 0.51890272 -0.01163325 0.87224022
v 0.52586570 -0.00196997 0.87150400
v 0.53620275 -0.01362230 0.86661919
v 0.54756305 -0.00837898 0.86290298
v 0.54790820 -0.00808788 0.86318946
v 0.54814746 -0.02137296 0.86482251
v 0.52440189 0.00066261 0.87306864
v 0.52242328 0.00074408 0.87258929
v 0.52798744 0.00084307 0.86927882
v 0.55001131 -0.01452208 0.86431372
v 0.54979866 -0.01441841 0.86479839
v 0.53807034 -0.01031096 0.86854095
v 0.54920267 -0.01137671 0.86291909
v 0.54874205 -0.01137533 0.86250277
v 0.52361007 -0.00155496 0.87080280
v 0.52938277 -0.00011272 0.87131572
v 0.53715299 -0.01890346 0.86685011
v 0.53678537 -0.01867209 0.86653301
v 0.52499871 -0.02567241 0.87245756
v 0.52129961 -0.01035308 0.87289274
v 0.51960139 -0.01898939 0.87463365
v 0.52004589 -0.01877474 0.87483117
v 0.53555354 0.00536360 0.86820569
v 0.52434905 -0.02192236 0.87351383
v 0.52364129 0.00294344 0.87205147
v 0.52897949 -0.02574342 0.87095399
v 0.54632788 -0.01942656 0.86459690
v 0.52168085 -0.01309096 0.87397231
v 0.52687529 -0.00121034 0.87143161
v 0.52268118 0.00118895 0.87115619
v 0.52244196 0.00125424 0.87164876
v 0.52373632 -0.02159447 0.87108835
v 0.53403139 -0.02192089 0.86891693
v 0.53084311 -0.02401558 0.87136902
v 0.54457759 -0.01718670 0.86391542
v 0.54771669 -0.00894037 0.86431337
v 0.53334878 -0.02249294 0.86925917
v 0.52989909 -0.00032878 0.86864583
v 0.52332892 -0.01905085 0.87247198
v 0.54092663 0.00331924 0.86635204
v 0.54475126 -0.02415876 0.86621073
v 0.53109171 -0.00099332 0.86826755
v 0.53717541 0.00402437 0.86620327
v 0.53818963 0.00509191 0.86718735
v 0.53510403 -0.01937199 0.86708138
v 0.53156638 -0.00550715 0.86808355
v 0.53793911 -0.02192432 0.86910134
v 0.54289222 -0.00234128 0.86437010
v 0.52805491 -0.01854313 0.87193809
v 0.52725982 -0.01866012 0.86962429
v 0.54202774 -0.01215775 0.86728132
v 0.54097107 -0.01247341 0.86510379
v 0.53087723 -0.02116795 0.86854890
v 0.54336411 -0.00494834 0.86543200
v 0.54089846 -0.02639188 0.86710551
v 0.54795332 -0.00764492 0.86409822
v 0.53050126 -0.00133879 0.86956218
v 0.54875296 -0.01078219 0.86322800
v 0.52774047 0.00569180 0.87066578
v 0.52556744 -0.02518274 0.87082535
v 0.52420515 -0.02252605 0.87267406
v 0.52953248 0.00612318 0.87009404
v 0.53054697 -0.00193475 0.86838946
v 0.53054384 -0.00232503 0.86893607
v 0.53866332 -0.01580785 0.86857613
v 0.52135721 -0.01973938 0.87332369
v 0.52874219 -0.00005045 0.86903178
v 0.52912684 0.00530172 0.86954852
v 0.53008311 -0.02611784 0.87054319
v 0.53020489 -0.02537189 0.86915987
v 0.53038911 -0.02566188 0.86956184
v 0.54966350 -0.01327706 0.86355707
v 0.52656284 -0.00109374 0.87057422
v 0.54178897 -0.02565214 0.86626629
v 0.54103038 0.00277959 0.86710238
v 0.53397184 -0.02301938 0.86890924
v 0.54174488 -0.02561600 0.86733325
v 0.52763502 -0.02609240 0.87143818
v 0.52418152 -0.02455846 0.87249781
v 0.51905854 -0.01887834 0.87388721
v 0.54962839 -0.01286942 0.86487552
v 0.54985048 -0.01298861 0.86439905
v 0.53569068 -0.02124806 0.86968412
v 0.53580583 -0.02142297 0.86915760
v 0.54619598 -0.00528786 0.86506576
v 0.53180111 -0.02183517 0.86931511
v 0.54287230 -0.00088459 0.86526816
v 0.52737935 -0.00049827 0.87024425
v 0.53635734 -0.02016115 0.86706572
v 0.53591700 -0.02001199 0.86682456
v 0.53631691 -0.02045701 0.86804558
v 0.54400099 -0.02436727 0.86518518
v 0.53120381 0.00040317 0.86818541
v 0.52171628 -0.00954655 0.87398665
v 0.52149769 -0.00917758 0.87367020
v 0.53003633 -0.02453072 0.86915247
v 0.53089532 -0.02546114 0.87030409
v 0.52854901 0.00184843 0.87032405
v 0.54388170 -0.00274022 0.86660281
v 0.53650602 -0.01917467 0.86783793
v 0.54148811 -0.00397818 0.86738219
v 0.54103938 -0.00371043 0.86498297
v 0.52864957 -0.02523216 0.87228251
v 0.52432115 -0.00235002 0.87232551
v 0.53043883 -0.00665852 0.86845787
v 0.53908893 -0.01597876 0.86729677
v 0.53689760 -0.02011840 0.86876467
v 0.53669834 -0.01990961 0.86923527
v 0.54068690 -0.02558063 0.86756836
v 0.53436262 0.00569041 0.86856520
v 0.53390941 0.00503484 0.86988738
v 0.54623577 -0.00614236 0.86449881
v 0.54866648 -0.01786214 0.86515927
v 0.54932040 -0.01791222 0.86408598
v 0.53934611 0.00255406 0.86553300
v 0.54114934 0.00087651 0.86752513
v 0.54346366 -0.01386034 0.86681788
v 0.52818959 0.00492139 0.87042515
v 0.53671518 -0.00727078 0.86768591
v 0.54665019 -0.00678400 0.86574338
v 0.51765494 -0.01389291 0.87289096
v 0.54097838 -0.02432520 0.86684217
v 0.53276280 -0.01856429 0.86780341
v 0.52935337 0.00268136 0.86881197
v 0.52414270 0.00221406 0.87336764
v 0.52369665 0.00232046 0.87301017
v 0.54062431 -0.00576935 0.86512845
v 0.53771885 -0.01811558 0.86758298
v 0.54083778 -0.01841403 0.86794254
v 0.54036937 -0.01832843 0.86764893
v 0.53171343 -0.00113892 0.87056707
v 0.53074563 -0.00230286 0.86978871
v 0.53395181 -0.02116766 0.86750762
v 0.53907206 -0.02650851 0.86772413
v 0.53849576 -0.02631051 0.86788439
v 0.54909533 -0.01310620 0.86365013
v 0.54173483 -0.01982397 0.86766748
v 0.54342469 -0.00799409 0.86422406
v 0.53728267 -0.01734927 0.86745017
v 0.52496569 0.00309628 0.87201175
v 0.52955437 -0.00096220 0.87003191
v 0.53273571 -0.00169377 0.86771435
v 0.52857456 -0.00134497 0.87037504
v 0.54058743 0.00041889 0.86514255
v 0.54022975 -0.00846838 0.86527220
v 0.53418610 -0.00466245 0.86722071
v 0.51924378 -0.01856659 0.87313004
v 0.54734360 -0.02134782 0.86569276
v 0.52240777 -0.00809179 0.87325583
v 0.52275985 -0.00845304 0.87352512
v 0.53466596 -0.00288715 0.86827623
v 0.53403109 0.00462659 0.86726008
v 0.54091134 0.00195457 0.86613054
v 0.53497643 -0.02221608 0.86854317
v 0.53565518 -0.00057801 0.86926321
v 0.53490565 -0.00058887 0.86697076
v 0.53004984 -0.00574636 0.86931211
v 0.54994046 -0.01688307 0.86351269
v 0.53119433 -0.00549369 0.86970170
v 0.52423494 0.00255413 0.87258745
v 0.52918143 0.00365419 0.87008210
v 0.52334710 -0.02195378 0.87285846
v 0.52469982 -0.00636582 0.87168044
v 0.54510550 -0.02144588 0.86514718
v 0.54709809 -0.00654177 0.86342352
v 0.54678434 -0.00683185 0.86312359
v 0.51977006 -0.01411545 0.87348403
v 0.54636769 -0.01783745 0.86588279
v 0.54600452 -0.01795129 0.86346758
v 0.52376732 0.00138943 0.87216669
v 0.54877700 -0.01417372 0.86508103
v 0.53437961 -0.02168563 0.86801206
v 0.54351703 -0.01172513 0.86676029
v 0.52504689 -0.00066035 0.87156779
v 0.51760617 -0.01785811 0.87438496
v 0.54786942 -0.02230967 0.86423454
v 0.53084134 -0.02461538 0.86983381
v 0.53443870 0.00402194 0.86844159
v 0.53837391 -0.02353596 0.86768423
v 0.53414030 -0.00172023 0.86723305
v 0.52019302 -0.01138524 0.87356892
v 0.52981738 -0.00730908 0.86867143
v 0.53142865 -0.00878526 0.86814573
v 0.53270100 -0.00886242 0.87028988
v 0.51840745 -0.01756438 0.87475437
v 0.53770012 -0.02376463 0.86929092
v 0.54519099 -0.00458882 0.86616846
v 0.53407727 -0.00421695 0.86812368
v 0.51805652 -0.01768263 0.87351141
v 0.52559773 -0.02384394 0.87323087
v 0.53106896 -0.00007518 0.86939583
v 0.51966060 -0.01857935 0.87425391
v 0.54931874 -0.01653445 0.86301708
v 0.53033188 -0.02328564 0.87013343
v 0.52513994 -0.02527086 0.87196486
v 0.53074993 -0.02317924 0.86875939
v 0.52859370 -0.00646760 0.87168200
v 0.53003566 0.00608121 0.87084130
v 0.53039542 0.00574602 0.87112988
v 0.51885008 -0.01742060 0.87258655
v 0.53355624 0.00647349 0.86876884
v 0.52394590 -0.00756980 0.87251837
v 0.52877349 -0.00011834 0.87023478
v 0.51791208 -0.01332077 0.87340172
v 0.53576400 -0.02223636 0.86858285
v 0.53568801 -0.02275773 0.86872946
v 0.52349079 -0.00881853 0.87330353
v 0.53359535 -0.00479042 0.86866318
v 0.53324946 -0.02111623 0.86881644
v 0.53598553 -0.02395171 0.86873353
v 0.53352137 -0.02178225 0.86765359
v 0.54987850 -0.01594366 0.86351738
v 0.53462146 -0.00571197 0.86837349
v 0.53766186 -0.01884039 0.86850482
v 0.53754257 -0.01861172 0.86897379
v 0.53635268 -0.01992532 0.86872242
v 0.51985613 -0.01056659 0.87194546
v 0.51989905 -0.01020244 0.87233434
v 0.52607116 -0.00223903 0.87053801
v 0.54395345 -0.00101401 0.86531112
v 0.53683738 -0.02392501 0.86905055
v 0.53471546 -0.02112069 0.86987188
v 0.51833393 -0.01835540 0.87411477
v 0.53996714 -0.02101783 0.86676899
v 0.52267770 -0.00758055 0.87229282
v 0.53075362 0.00641417 0.86964053
v 0.54984961 -0.01481016 0.86339379
v 0.52935721 -0.00149477 0.86884220
v 0.52919204 -0.00172501 0.86929989
v 0.51857410 -0.01640482 0.87523189
v 0.53473129 -0.00163537 0.86959279
v 0.53077739 -0.00195228 0.86890887
v 0.53917833 -0.00374962 0.86813371
v 0.53875964 -0.00408853 0.86572680
v 0.53384717 -0.00121893 0.86857699
v 0.53942825 -0.02097668 0.86617877
v 0.53951612 -0.02096048 0.86557422
v 0.52464272 -0.02511317 0.87255734
v 0.53529478 -0.01968459 0.86807263
v 0.53380549 -0.02233689 0.86807634
v 0.53248852 -0.02228149 0.86807568
v 0.53633500 0.00392697 0.86758872
v 0.53904002 -0.02217786 0.86770230
v 0.53491821 -0.02158701 0.86914453
v 0.53390730 -0.00289994 0.86909284
v 0.54071426 -0.01941646 0.86747442
v 0.53665752 -0.00271682 0.86640709
v 0.53438171 -0.02173431 0.86997508
v 0.53983654 -0.02381964 0.86732075
v 0.53454033 -0.02060304 0.86889405
v 0.53357816 -0.00283598 0.86816365
v 0.51986720 -0.01096255 0.87255719
v 0.52092297 -0.00958050 0.87158725
v 0.52094727 -0.00919159 0.87195159
v 0.54729242 -0.02303218 0.86446065
v 0.52969970 -0.00512367 0.87000421
v 0.54682820 -0.02242993 0.86427260
v 0.53733009 0.00472468 0.86683325
v 0.53573502 -0.01609105 0.86812651
v 0.53327840 -0.01143761 0.87011763
v 0.53254113 -0.01107311 0.86779555
v 0.54958506 -0.01235332 0.86360838
v 0.53300899 0.00526250 0.86761512
v 0.53329609 0.00646341 0.86799608
v 0.53300406 0.00611811 0.86769994
v 0.53114925 -0.02409787 0.86929355
v 0.51798521 -0.01333726 0.87533317
v 0.51768825 -0.01297024 0.87506241
v 0.52514531 -0.00292448 0.87167480
v 0.52534322 -0.00411734 0.87146868
v 0.54905921 -0.01501984 0.86498478
v 0.51825171 -0.01358530 0.87451440
v 0.53090672 -0.02513658 0.87148200
v 0.53087203 -0.02551276 0.87109129
v 0.52077790 -0.01867602 0.87194086
v 0.53597844 0.00139534 0.86660283
v 0.53965194 -0.02177654 0.86749306
v 0.53410925 -0.02179687 0.86752485
v 0.53210979 -0.01572974 0.86796197
v 0.53286856 -0.01568715 0.87028672
v 0.52921786 -0.02441525 0.87198579
v 0.53930221 -0.02178129 0.86678549
v 0.53039546 -0.00630201 0.87105799
v 0.52467234 -0.00427682 0.87221262
v 0.53652025 0.00276189 0.86643265
v 0.52142225 -0.00892781 0.87273727
v 0.52497062 -0.02458788 0.87279993
v 0.53724201 -0.02146858 0.86865689
v 0.54626332 -0.00419034 0.86453746
v 0.52121711 -0.00955934 0.87241605
v 0.52587066 -0.00560007 0.87135168
v 0.52650482 -0.00546375 0.87107513
v 0.53177108 0.00191905 0.86799454
v 0.53836595 -0.02179315 0.86696566
v 0.53973969 -0.02153936 0.86626432
v 0.54045435 -0.02250966 0.86560915
v 0.52990447 -0.00574340 0.87056256
v 0.53949590 -0.02116769 0.86688546
v 0.53394182 -0.01274022 0.86734863
v 0.53490267 -0.01271973 0.86959454
v 0.53082030 -0.01326126 0.86836935
v 0.53120873 -0.01338081 0.87080930
v 0.54006188 -0.02267000 0.86681430
v 0.52950814 -0.01564704 0.86881178
v 0.53049664 -0.01575903 0.87104564
v 0.52875942 -0.01748339 0.86907151
v 0.53068687 -0.00642775 0.87013101
v 0.53153599 -0.00805290 0.87067228
v 0.53386245 -0.01419150 0.86994469
v 0.52860160 -0.01224111 0.87165200
v 0.52811548 -0.01255077 0.86924575
v 0.52558909 -0.00656330 0.87107927
v 0.52491956 -0.00744105 0.87029873
v 0.53458707 -0.01140810 0.86969099
v 0.52591704 -0.01242435 0.86996239
v 0.52649827 -0.01249831 0.87231905
v 0.52678759 -0.01053440 0.87222978
v 0.52887394 -0.01013722 0.87154524
v 0.52802465 -0.01033939 0.86926394
v 0.52899986 -0.01140739 0.86895188
v 0.52766055 -0.01335057 0.87194785
v 0.52620098 -0.01051985 0.86985848
v 0.52796400 -0.01107623 0.87184717
v 0.52603390 -0.00660227 0.86991212
v 0.52721347 -0.01148033 0.86953420
v 0.52501641 -0.01002107 0.87024410
v 0.52670772 -0.01150003 0.87089535
v 0.54063118 -0.01599907 0.86642580
f 1 2 173
f 1 374 2
f 1 807 2
f 1 173 386
f 1 807 173
f 1 803 374
f 1 807 374
f 1 386 803
f 1 386 807
f 1 803 807
f 2 807 173
f 2 1311 173
f 2 374 376
f 2 807 374
f 2 374 848
f 2 376 848
f 2 376 1311
f 2 848 807
f 2 1311 807
f 2 1311 848
f 3 4 43
f 3 340 4
f 3 1081 4
f 3 43 1007
f 3 1081 43
f 3 1007 340
f 3 340 1081
f 3 1007 1081
f 4 355 43
f 4 43 1081
f 4 340 338
f 4 338 1008
f 4 338 1081
f 4 1081 340
f 4 1008 355
f 4 355 1081
f 4 1008 1081
f 5 171 6
f 5 6 321
f 5 977 6
f 5 172 171
f 5 977 171
f 5 328 172
f 5 172 977
f 5 321 324
f 5 321 977
f 5 324 328
f 5 977 324
f 5 977 328
f 6 171 310
f 6 977 171
f 6 310 321
f 6 310 977
f 6 321 977
f 7 196 90
f 7 90 784
f 7 90 856
f 7 196 856
f 7 877 196
f 7 784 856
f 7 784 877
f 7 856 877
f 8 93 160
f 8 285 93
f 8 93 900
f 8 93 1489
f 8 160 278
f 8 160 900
f 8 1501 160
f 8 278 1501
f 8 285 1489
f 8 1501 285
f 8 900 1489
f 8 1501 900
f 8 1501 1489
f 9 35 238
f 9 871 35
f 9 35 1428
f 9 95 165
f 9 238 95
f 9 95 1428
f 9 165 642
f 9 165 1428
f 9 238 1428
f 9 642 871
f 9 642 1428
f 9 871 1428
f 10 96 37
f 10 37 736
f 10 1265 37
f 10 208 96
f 10 1250 96
f 10 96 1265
f 10 97 208
f 10 736 97
f 10 97 1250
f 10 208 1250
f 10 736 1250
f 10 1265 736
f 10 1250 1265
f 11 98 97
f 11 97 738
f 11 97 1396
f 11 396 98
f 11 1396 98
f 11 397 396
f 11 1396 396
f 11 738 397
f 11 397 1396
f 11 738 1396
f 12 100 48
f 12 48 837
f 12 1447 48
f 12 50 100
f 12 837 50
f 12 891 50
f 12 50 1447
f 12 891 100
f 12 1447 100
f 12 1447 837
f 12 1447 891
f 13 114 115
f 13 347 114
f 13 1075 114
f 13 1398 114
f 13 115 382
f 13 1075 115
f 13 382 347
f 13 347 1398
f 13 1075 382
f 13 382 1398
f 13 1398 1075
f 14 169 120
f 14 120 349
f 14 120 817
f 14 169 817
f 14 1383 169
f 14 349 351
f 14 349 817
f 14 1382 349
f 14 351 1382
f 14 817 1382
f 14 1383 817
f 14 1382 1383
f 15 116 16
f 15 16 381
f 15 807 16
f 15 807 116
f 15 1312 116
f 15 381 385
f 15 381 807
f 15 385 807
f 15 385 1312
f 15 807 1312
f 16 116 371
f 16 807 116
f 16 371 381
f 16 807 371
f 16 381 807
f 17 58 44
f 17 44 354
f 17 1465 44
f 17 353 58
f 17 1465 58
f 17 352 353
f 17 1224 352
f 17 352 1465
f 17 1465 353
f 17 354 1224
f 17 1465 354
f 17 1465 1224
f 18 122 161
f 18 337 122
f 18 1420 122
f 18 1454 122
f 18 161 788
f 18 161 1454
f 18 176 337
f 18 788 176
f 18 337 788
f 18 337 1420
f 18 788 1420
f 18 788 1454
f 18 1420 1454
f 19 163 123
f 19 123 271
f 19 790 123
f 19 790 163
f 19 271 790
f 19 271 792
f 19 792 790
f 20 134 55
f 20 55 844
f 20 856 55
f 20 708 134
f 20 856 134
f 20 707 708
f 20 843 707
f 20 707 856
f 20 708 856
f 20 844 843
f 20 856 843
f 20 856 844
f 21 166 140
f 21 140 1037
f 21 140 1155
f 21 164 166
f 21 237 164
f 21 164 1422
f 21 1155 166
f 21 1422 166
f 21 1408 237
f 21 1422 237
f 21 573 1332
f 21 1410 573
f 21 1424 573
f 21 1037 1025
f 21 1025 1155
f 21 1328 1025
f 21 1025 1410
f 21 1025 1424
f 21 1155 1037
f 21 1155 1328
f 21 1155 1422
f 21 1328 1332
f 21 1328 1408
f 21 1328 1422
f 21 1424 1328
f 21 1332 1408
f 21 1424 1332
f 21 1422 1408
f 21 1410 1424
f 22 99 45
f 22 45 227
f 22 834 45
f 22 49 99
f 22 187 49
f 22 834 49
f 22 834 99
f 22 228 187
f 22 834 187
f 22 227 228
f 22 834 227
f 22 834 228
f 23 24 146
f 23 1124 24
f 23 1447 24
f 23 146 223
f 23 146 1447
f 23 223 1124
f 23 223 1447
f 23 1447 1124
f 24 1124 51
f 24 51 1461
f 24 837 146
f 24 1447 146
f 24 837 1447
f 24 1461 837
f 24 1447 1124
f 24 1461 1124
f 24 1447 1461
f 25 175 149
f 25 149 207
f 25 149 876
f 25 826 175
f 25 175 876
f 25 207 212
f 25 827 207
f 25 207 876
f 25 212 827
f 25 827 826
f 25 826 876
f 25 876 827
f 26 436 158
f 26 158 542
f 26 158 850
f 26 436 850
f 26 1335 436
f 26 850 542
f 26 542 1335
f 26 850 1335
f 27 253 198
f 27 198 281
f 27 198 825
f 27 198 1002
f 27 260 253
f 27 825 253
f 27 260 825
f 27 890 260
f 27 281 279
f 27 279 890
f 27 279 1002
f 27 279 1115
f 27 281 1002
f 27 890 825
f 27 1002 825
f 27 890 1002
f 27 890 1115
f 27 1115 1002
f 28 154 510
f 28 530 154
f 28 819 154
f 28 819 510
f 28 510 948
f 28 819 530
f 28 948 530
f 28 819 948
f 29 140 166
f 29 245 140
f 29 140 1155
f 29 1385 140
f 29 166 644
f 29 166 1155
f 29 249 245
f 29 245 1385
f 29 644 249
f 29 1385 249
f 29 644 1155
f 29 644 1385
f 29 1385 1155
f 30 517 108
f 30 108 693
f 30 108 819
f 30 1403 108
f 30 819 517
f 30 948 517
f 30 693 1403
f 30 948 819
f 30 819 1403
f 30 1403 948
f 31 272 191
f 31 191 1163
f 31 191 1316
f 31 191 1392
f 31 274 272
f 31 272 1305
f 31 272 1316
f 31 1305 274
f 31 1163 1305
f 31 1316 1163
f 31 1391 1163
f 31 1163 1392
f 31 1305 1316
f 31 1391 1305
f 31 1392 1391
f 32 484 205
f 32 205 680
f 32 205 909
f 32 1217 205
f 32 205 1330
f 32 1217 484
f 32 1330 484
f 32 680 909
f 32 680 1217
f 32 909 1217
f 32 1330 1217
f 33 505 204
f 33 204 516
f 33 204 913
f 33 913 505
f 33 974 505
f 33 913 516
f 33 516 974
f 33 974 913
f 34 184 493
f 34 509 184
f 34 913 184
f 34 493 913
f 34 493 974
f 34 913 509
f 34 974 509
f 34 974 913
f 35 230 200
f 35 200 238
f 35 200 861
f 35 200 871
f 35 1428 200
f 35 230 861
f 35 871 230
f 35 1428 238
f 35 861 871
f 35 1428 871
f 36 109 726
f 36 109 967
f 36 1072 109
f 36 726 967
f 36 726 1466
f 36 967 1072
f 36 1466 967
f 36 1466 1072
f 37 96 240
f 37 96 1265
f 37 240 241
f 37 1265 240
f 37 240 1320
f 37 240 1380
f 37 241 1320
f 37 739 736
f 37 1265 736
f 37 1265 739
f 37 1320 739
f 37 739 1380
f 37 1380 1265
f 37 1380 1320
f 38 237 141
f 38 141 861
f 38 141 871
f 38 141 984
f 38 1422 141
f 38 164 237
f 38 642 164
f 38 164 1422
f 38 237 1422
f 38 871 642
f 38 1422 642
f 38 861 871
f 38 861 984
f 38 984 871
f 38 1422 871
f 39 128 764
f 39 128 1108
f 39 1203 128
f 39 1451 128
f 39 764 1203
f 39 764 1246
f 39 1108 1203
f 39 1246 1108
f 39 1108 1451
f 39 1246 1203
f 39 1246 1451
f 40 143 145
f 40 214 143
f 40 143 1206
f 40 144 214
f 40 736 144
f 40 144 1206
f 40 145 738
f 40 145 1206
f 40 1206 214
f 40 737 736
f 40 736 1206
f 40 738 737
f 40 1206 737
f 40 738 1206
f 41 767 195
f 41 1108 195
f 41 195 1203
f 41 1246 195
f 41 195 1248
f 41 1203 767
f 41 1246 767
f 41 1108 1246
f 41 1108 1248
f 41 1203 1246
f 41 1248 1246
f 42 549 113
f 42 113 886
f 42 113 1370
f 42 1335 549
f 42 1370 549
f 42 886 1335
f 42 886 1370
f 42 1370 1335
f 43 355 350
f 43 350 1006
f 43 350 1081
f 43 355 1081
f 43 1006 1007
f 43 1006 1081
f 43 1007 1081
f 44 58 1007
f 44 58 1465
f 44 351 354
f 44 1006 351
f 44 351 1465
f 44 1465 354
f 44 1007 1006
f 44 1006 1465
f 44 1007 1465
f 45 99 101
f 45 99 834
f 45 101 398
f 45 834 101
f 45 397 227
f 45 227 834
f 45 398 397
f 45 397 834
f 45 398 834
f 46 87 676
f 46 755 87
f 46 87 1158
f 46 676 1102
f 46 676 1158
f 46 1102 755
f 46 755 1158
f 46 1102 1158
f 47 375 72
f 47 72 1018
f 47 1232 72
f 47 72 1251
f 47 1232 375
f 47 1018 1131
f 47 1018 1251
f 47 1131 1232
f 47 1251 1131
f 47 1251 1232
f 48 100 393
f 48 100 1447
f 48 393 394
f 48 393 1447
f 48 394 838
f 48 394 1447
f 48 838 837
f 48 837 1447
f 48 1447 838
f 49 394 99
f 49 834 99
f 49 187 225
f 49 834 187
f 49 225 224
f 49 224 394
f 49 224 834
f 49 834 225
f 49 394 834
f 50 53 201
f 50 835 53
f 50 891 53
f 50 201 100
f 50 100 891
f 50 891 201
f 50 836 835
f 50 891 835
f 50 837 836
f 50 836 891
f 50 836 1447
f 50 1447 837
f 50 891 1447
f 51 186 147
f 51 147 1134
f 51 147 1461
f 51 1124 186
f 51 1134 186
f 51 1124 1134
f 51 1124 1461
f 51 1461 1134
f 52 189 1034
f 52 1113 189
f 52 189 1362
f 52 1034 1352
f 52 1034 1362
f 52 1352 1113
f 52 1362 1113
f 52 1362 1352
f 53 56 202
f 53 835 56
f 53 56 891
f 53 202 201
f 53 201 891
f 53 891 202
f 53 835 891
f 54 1023 91
f 54 91 1136
f 54 91 1161
f 54 91 1366
f 54 1136 1023
f 54 1352 1023
f 54 1352 1136
f 54 1136 1366
f 54 1161 1352
f 54 1161 1366
f 54 1366 1352
f 55 134 785
f 55 856 134
f 55 785 844
f 55 856 785
f 55 844 856
f 56 202 891
f 56 992 202
f 56 1086 202
f 56 835 839
f 56 835 891
f 56 839 891
f 56 839 993
f 56 1086 839
f 56 891 1086
f 56 993 992
f 56 992 1086
f 56 993 1086
f 57 92 703
f 57 92 1087
f 57 1177 92
f 57 703 895
f 57 914 703
f 57 703 1087
f 57 914 895
f 57 895 1087
f 57 895 1177
f 57 1087 914
f 57 1087 1177
f 58 353 1007
f 58 353 1465
f 58 1465 1007
f 59 121 176
f 59 352 121
f 59 121 859
f 59 176 608
f 59 859 176
f 59 353 352
f 59 859 352
f 59 609 353
f 59 859 353
f 59 608 609
f 59 859 608
f 59 859 609
f 60 102 174
f 60 209 102
f 60 876 102
f 60 174 826
f 60 174 876
f 60 210 209
f 60 827 209
f 60 209 876
f 60 827 210
f 60 826 827
f 60 826 876
f 60 876 827
f 61 761 197
f 61 197 916
f 61 197 1109
f 61 197 1126
f 61 761 916
f 61 1402 761
f 61 916 1126
f 61 1402 916
f 61 1109 1126
f 61 1109 1402
f 61 1126 1402
f 62 135 762
f 62 916 135
f 62 1326 135
f 62 135 1379
f 62 135 1384
f 62 762 1379
f 62 762 1402
f 62 1379 916
f 62 1384 916
f 62 916 1402
f 62 1326 1384
f 62 1402 1326
f 62 1402 1379
f 62 1384 1402
f 63 212 150
f 63 150 699
f 63 150 811
f 63 1347 150
f 63 212 811
f 63 1185 212
f 63 699 1185
f 63 699 1347
f 63 1185 811
f 63 1347 811
f 63 1185 1347
f 64 151 403
f 64 1303 151
f 64 151 1337
f 64 403 1202
f 64 403 1337
f 64 1202 1303
f 64 1337 1202
f 64 1303 1337
f 65 137 159
f 65 288 137
f 65 137 900
f 65 900 159
f 65 159 1469
f 65 290 288
f 65 288 900
f 65 1489 288
f 65 1468 290
f 65 290 1489
f 65 900 1468
f 65 1469 900
f 65 1489 900
f 65 1469 1468
f 65 1468 1489
f 66 78 77
f 66 77 787
f 66 1459 77
f 66 402 78
f 66 1459 78
f 66 78 1472
f 66 1413 402
f 66 1472 402
f 66 787 1413
f 66 787 1459
f 66 1472 787
f 66 1413 1472
f 66 1472 1459
f 67 716 192
f 67 192 1306
f 67 192 1423
f 67 717 716
f 67 1423 716
f 67 867 717
f 67 1423 717
f 67 1307 867
f 67 1423 867
f 67 1306 1307
f 67 1306 1423
f 67 1423 1307
f 68 70 167
f 68 342 70
f 68 1075 70
f 68 167 1062
f 68 167 1075
f 68 345 342
f 68 342 1075
f 68 1062 345
f 68 345 1075
f 68 1062 1075
f 69 168 74
f 69 74 341
f 69 817 74
f 69 343 168
f 69 817 168
f 69 341 343
f 69 817 341
f 69 817 343
f 70 387 167
f 70 167 1075
f 70 342 387
f 70 1075 342
f 70 1075 387
f 71 206 364
f 71 206 880
f 71 975 206
f 71 206 1011
f 71 364 880
f 71 364 915
f 71 915 880
f 71 1011 880
f 71 915 975
f 71 915 1011
f 71 1011 975
f 72 375 377
f 72 1140 375
f 72 375 1232
f 72 377 1140
f 72 1019 1018
f 72 1251 1018
f 72 1140 1019
f 72 1019 1251
f 72 1140 1232
f 72 1251 1140
f 72 1251 1232
f 73 112 548
f 73 933 112
f 73 1082 112
f 73 548 1067
f 73 548 1082
f 73 1067 933
f 73 933 1082
f 73 1067 1082
f 74 168 817
f 74 168 1382
f 74 350 341
f 74 817 341
f 74 341 1382
f 74 1382 350
f 74 817 1382
f 75 177 76
f 75 76 338
f 75 76 1471
f 75 609 177
f 75 177 1471
f 75 338 340
f 75 859 338
f 75 338 1471
f 75 340 609
f 75 859 340
f 75 859 609
f 75 609 1471
f 75 859 1471
f 76 177 339
f 76 177 1471
f 76 1008 338
f 76 338 1471
f 76 339 1008
f 76 339 1471
f 76 1008 1471
f 77 78 339
f 77 78 1459
f 77 1471 78
f 77 339 177
f 77 177 786
f 77 177 1471
f 77 1471 339
f 77 786 787
f 77 1459 786
f 77 1471 786
f 77 1459 787
f 77 1471 1459
f 78 686 339
f 78 1471 339
f 78 1472 402
f 78 402 1473
f 78 824 686
f 78 1356 686
f 78 1471 686
f 78 744 824
f 78 744 1356
f 78 1426 744
f 78 1473 744
f 78 744 1480
f 78 1356 824
f 78 1356 1420
f 78 1356 1426
f 78 1471 1356
f 78 1356 1480
f 78 1420 1459
f 78 1471 1420
f 78 1420 1480
f 78 1426 1480
f 78 1471 1459
f 78 1472 1459
f 78 1480 1459
f 78 1473 1472
f 78 1472 1480
f 78 1480 1473
f 79 718 80
f 79 884 80
f 79 80 904
f 79 80 1051
f 79 718 884
f 79 934 718
f 79 934 884
f 79 884 1051
f 79 904 892
f 79 892 934
f 79 1051 892
f 79 904 1051
f 79 934 1051
f 80 718 719
f 80 718 884
f 80 719 867
f 80 719 884
f 80 884 867
f 80 867 905
f 80 1051 867
f 80 1051 884
f 80 905 904
f 80 904 1051
f 80 905 1051
f 81 82 162
f 81 265 82
f 81 795 82
f 81 1118 82
f 81 82 1505
f 81 162 795
f 81 162 1505
f 81 265 795
f 81 1056 265
f 81 265 1118
f 81 795 1056
f 81 1118 795
f 81 795 1505
f 82 123 973
f 82 123 1103
f 82 1118 123
f 82 123 1229
f 82 1294 123
f 82 1505 123
f 82 399 162
f 82 162 1505
f 82 265 963
f 82 265 1118
f 82 973 399
f 82 1099 399
f 82 399 1505
f 82 747 973
f 82 1229 747
f 82 747 1294
f 82 795 1118
f 82 795 1505
f 82 963 1103
f 82 1118 963
f 82 963 1229
f 82 1099 973
f 82 973 1294
f 82 1505 973
f 82 1505 1099
f 82 1118 1103
f 82 1103 1229
f 82 1118 1505
f 82 1229 1294
f 83 85 266
f 83 1163 85
f 83 1195 85
f 83 1316 85
f 83 266 268
f 83 266 1316
f 83 268 1305
f 83 1316 268
f 83 1163 1194
f 83 1195 1163
f 83 1305 1163
f 83 1163 1316
f 83 1194 1195
f 83 1305 1194
f 83 1316 1305
f 84 1194 126
f 84 126 1268
f 84 1277 126
f 84 193 1194
f 84 1266 193
f 84 1277 193
f 84 1194 1277
f 84 1268 1266
f 84 1266 1277
f 84 1277 1268
f 85 769 266
f 85 266 1316
f 85 925 769
f 85 769 1163
f 85 769 1316
f 85 925 1163
f 85 1195 925
f 85 1163 1195
f 85 1163 1316
f 86 467 194
f 86 194 942
f 86 1349 194
f 86 1331 467
f 86 467 1349
f 86 942 1331
f 86 1349 942
f 86 1331 1349
f 87 677 676
f 87 676 1158
f 87 964 677
f 87 677 1158
f 87 755 754
f 87 754 1158
f 87 754 1209
f 87 755 1158
f 87 964 1158
f 87 1209 964
f 87 1209 1158
f 88 296 89
f 88 89 754
f 88 89 966
f 88 89 1021
f 88 132 303
f 88 759 132
f 88 132 966
f 88 1021 132
f 88 1339 132
f 88 299 296
f 88 1021 296
f 88 303 299
f 88 1021 299
f 88 1021 303
f 88 754 755
f 88 966 754
f 88 755 759
f 88 966 755
f 88 755 1339
f 88 1339 759
f 88 1021 966
f 88 1339 966
f 89 296 797
f 89 296 1021
f 89 966 754
f 89 1209 754
f 89 966 797
f 89 797 1021
f 89 797 1209
f 89 1021 966
f 89 966 1209
f 90 856 196
f 90 196 910
f 90 785 784
f 90 856 784
f 90 856 785
f 90 910 785
f 90 856 910
f 91 1023 1022
f 91 1022 1032
f 91 1136 1022
f 91 1023 1136
f 91 1032 1136
f 91 1032 1160
f 91 1032 1366
f 91 1136 1366
f 91 1160 1161
f 91 1366 1160
f 91 1161 1366
f 92 704 703
f 92 1087 703
f 92 1074 704
f 92 1087 704
f 92 1074 1087
f 92 1178 1074
f 92 1177 1087
f 92 1087 1178
f 92 1177 1178
f 93 900 160
f 93 1468 160
f 93 285 287
f 93 285 1489
f 93 287 1468
f 93 1489 287
f 93 900 1468
f 93 1489 900
f 93 1489 1468
f 94 165 199
f 94 644 165
f 94 1365 165
f 94 199 252
f 94 199 1365
f 94 1385 199
f 94 252 263
f 94 1385 252
f 94 263 644
f 94 1385 263
f 94 1365 644
f 94 644 1385
f 94 1385 1365
f 95 199 165
f 95 1323 165
f 95 1365 165
f 95 165 1428
f 95 1323 199
f 95 238 1357
f 95 238 1428
f 95 881 1323
f 95 1328 881
f 95 881 1365
f 95 1424 881
f 95 1323 1365
f 95 1328 1357
f 95 1328 1365
f 95 1424 1328
f 95 1328 1428
f 95 1357 1424
f 95 1428 1357
f 95 1428 1365
f 96 208 1168
f 96 208 1250
f 96 1186 240
f 96 1265 240
f 96 614 873
f 96 614 1130
f 96 1168 614
f 96 873 1130
f 96 873 1186
f 96 1130 1168
f 96 1130 1186
f 96 1130 1250
f 96 1265 1130
f 96 1168 1250
f 96 1265 1186
f 96 1250 1265
f 97 98 208
f 97 98 1250
f 97 1396 98
f 97 208 1250
f 97 736 737
f 97 1250 736
f 97 737 738
f 97 1250 737
f 97 737 1396
f 97 738 1396
f 97 1396 1250
f 98 1168 208
f 98 1250 208
f 98 396 712
f 98 1396 396
f 98 712 980
f 98 712 1396
f 98 980 1168
f 98 980 1396
f 98 1168 1250
f 98 1168 1396
f 98 1396 1250
f 99 395 101
f 99 834 101
f 99 394 395
f 99 834 394
f 99 395 834
f 100 201 712
f 100 891 201
f 100 712 393
f 100 393 1447
f 100 712 891
f 100 1447 712
f 100 1447 891
f 101 395 398
f 101 395 834
f 101 398 834
f 102 216 174
f 102 174 876
f 102 209 876
f 102 209 906
f 102 876 216
f 102 906 216
f 102 876 906
f 103 104 210
f 103 104 811
f 103 1208 104
f 103 210 811
f 103 210 1185
f 103 811 1185
f 103 811 1208
f 103 1185 1208
f 104 211 210
f 104 210 811
f 104 211 811
f 104 860 211
f 104 860 811
f 104 1207 811
f 104 811 1208
f 104 1207 860
f 104 1208 1207
f 105 410 107
f 105 107 697
f 105 831 107
f 105 831 410
f 105 1202 410
f 105 831 697
f 105 697 1202
f 105 1202 831
f 106 203 411
f 106 691 203
f 106 1100 203
f 106 411 1098
f 106 411 1100
f 106 1100 691
f 106 1236 691
f 106 1098 1100
f 106 1098 1236
f 106 1100 1236
f 107 410 417
f 107 831 410
f 107 417 749
f 107 417 831
f 107 698 697
f 107 697 831
f 107 749 698
f 107 831 698
f 107 831 749
f 108 517 524
f 108 819 517
f 108 524 819
f 108 524 959
f 108 694 693
f 108 1403 693
f 108 959 694
f 108 1403 694
f 108 819 959
f 108 1403 819
f 108 959 1403
f 109 727 726
f 109 967 726
f 109 956 727
f 109 727 967
f 109 885 956
f 109 885 967
f 109 1073 885
f 109 967 956
f 109 1072 967
f 109 967 1073
f 109 1072 1073
f 110 111 455
f 110 1190 111
f 110 111 1235
f 110 455 1084
f 110 1235 455
f 110 1084 1190
f 110 1084 1235
f 110 1235 1190
f 111 457 455
f 111 1235 455
f 111 818 457
f 111 1235 457
f 111 1191 818
f 111 1235 818
f 111 1190 1191
f 111 1235 1190
f 111 1235 1191
f 112 559 548
f 112 548 1082
f 112 774 559
f 112 1082 559
f 112 932 774
f 112 1082 774
f 112 933 932
f 112 932 1082
f 112 933 1082
f 113 549 556
f 113 549 1370
f 113 556 833
f 113 556 1370
f 113 833 887
f 113 833 1370
f 113 887 886
f 113 1370 886
f 113 1370 887
f 114 1063 115
f 114 115 1075
f 114 347 358
f 114 347 1398
f 114 358 1062
f 114 1398 358
f 114 1062 1063
f 114 1062 1075
f 114 1398 1062
f 114 1063 1075
f 114 1075 1398
f 115 384 382
f 115 1075 382
f 115 1063 384
f 115 1075 384
f 115 1063 1075
f 116 373 371
f 116 371 807
f 116 807 373
f 116 1311 373
f 116 807 1311
f 116 807 1312
f 116 1312 1311
f 117 179 361
f 117 423 179
f 117 880 179
f 117 361 363
f 117 880 361
f 117 363 746
f 117 880 363
f 117 429 423
f 117 423 880
f 117 746 429
f 117 429 880
f 117 880 746
f 118 119 424
f 118 1146 119
f 118 119 1254
f 118 424 427
f 118 424 1254
f 118 427 1066
f 118 427 1254
f 118 1066 1147
f 118 1254 1066
f 118 1147 1146
f 118 1146 1254
f 118 1147 1254
f 119 1131 424
f 119 424 1254
f 119 1146 1131
f 119 1131 1254
f 119 1254 1146
f 120 169 348
f 120 817 169
f 120 348 349
f 120 348 817
f 120 349 817
f 121 337 176
f 121 176 859
f 121 859 337
f 121 1224 337
f 121 859 352
f 121 352 1224
f 121 1224 859
f 122 336 161
f 122 1454 161
f 122 845 336
f 122 1454 336
f 122 337 745
f 122 1420 337
f 122 633 673
f 122 745 633
f 122 1356 633
f 122 1426 633
f 122 673 845
f 122 673 1426
f 122 1356 745
f 122 1420 745
f 122 1426 845
f 122 1454 845
f 122 845 1480
f 122 1420 1356
f 122 1426 1356
f 122 1426 1420
f 122 1454 1420
f 122 1420 1480
f 122 1480 1426
f 122 1454 1480
f 123 163 333
f 123 790 163
f 123 791 163
f 123 271 790
f 123 1029 271
f 123 271 1118
f 123 791 333
f 123 333 949
f 123 333 1099
f 123 1117 333
f 123 333 1505
f 123 949 748
f 123 1117 748
f 123 748 1294
f 123 790 791
f 123 790 1118
f 123 1505 790
f 123 1505 791
f 123 949 1117
f 123 973 1117
f 123 1294 973
f 123 973 1505
f 123 1103 1029
f 123 1118 1029
f 123 1117 1099
f 123 1099 1505
f 123 1103 1118
f 123 1228 1103
f 123 1229 1103
f 123 1294 1117
f 123 1505 1117
f 123 1505 1118
f 123 1229 1228
f 123 1294 1228
f 123 1294 1229
f 124 1277 126
f 124 1284 126
f 124 126 1391
f 124 126 1393
f 124 939 1157
f 124 1277 939
f 124 1392 939
f 124 1157 1277
f 124 1157 1285
f 124 1157 1393
f 124 1277 1391
f 124 1277 1392
f 124 1277 1393
f 124 1285 1284
f 124 1284 1393
f 124 1393 1285
f 124 1391 1392
f 125 127 463
f 125 1261 127
f 125 127 1421
f 125 463 1331
f 125 463 1421
f 125 1331 1261
f 125 1261 1421
f 125 1331 1421
f 126 1277 1194
f 126 1194 1391
f 126 1277 1268
f 126 1284 1268
f 126 1284 1277
f 126 1391 1277
f 126 1393 1277
f 126 1393 1284
f 127 466 463
f 127 463 1421
f 127 1425 463
f 127 1425 466
f 127 1261 1260
f 127 1260 1399
f 127 1260 1421
f 127 1261 1421
f 127 1399 1421
f 127 1399 1425
f 127 1421 1425
f 128 765 764
f 128 764 1203
f 128 1203 765
f 128 1458 765
f 128 1108 847
f 128 1450 847
f 128 847 1458
f 128 1108 1203
f 128 1108 1450
f 128 1108 1451
f 128 1458 1108
f 128 1458 1203
f 128 1451 1450
f 129 130 674
f 129 759 130
f 129 130 1238
f 129 1339 130
f 129 674 675
f 129 1238 674
f 129 675 1101
f 129 675 1238
f 129 758 759
f 129 1201 758
f 129 758 1339
f 129 1339 759
f 129 1101 1201
f 129 1238 1101
f 129 1238 1201
f 129 1201 1339
f 129 1238 1339
f 130 1102 674
f 130 674 1238
f 130 759 1102
f 130 1339 759
f 130 1238 1102
f 130 1339 1102
f 130 1339 1238
f 131 295 132
f 131 132 758
f 131 132 966
f 131 1021 132
f 131 132 1339
f 131 798 295
f 131 295 1021
f 131 758 899
f 131 758 1339
f 131 899 798
f 131 798 966
f 131 1021 798
f 131 966 899
f 131 899 1339
f 131 966 1021
f 131 1339 966
f 132 295 303
f 132 295 1021
f 132 1021 303
f 132 759 758
f 132 758 1339
f 132 1339 759
f 132 966 1021
f 132 966 1339
f 133 136 705
f 133 136 914
f 133 923 136
f 133 136 941
f 133 705 706
f 133 914 705
f 133 706 863
f 133 706 914
f 133 863 903
f 133 863 914
f 133 941 863
f 133 903 924
f 133 941 903
f 133 941 914
f 133 924 923
f 133 941 923
f 133 924 941
f 134 708 784
f 134 708 856
f 134 784 785
f 134 856 784
f 134 785 856
f 135 763 762
f 135 1379 762
f 135 763 1379
f 135 1384 763
f 135 916 1379
f 135 916 1384
f 135 1326 1327
f 135 1384 1326
f 135 1327 1384
f 135 1379 1384
f 136 895 705
f 136 914 705
f 136 914 895
f 136 923 895
f 136 895 941
f 136 914 941
f 136 941 923
f 137 277 159
f 137 900 159
f 137 800 277
f 137 277 900
f 137 288 800
f 137 900 288
f 137 900 800
f 138 139 246
f 138 284 139
f 138 825 139
f 138 139 1374
f 138 1474 139
f 138 246 251
f 138 1474 246
f 138 251 890
f 138 1474 251
f 138 282 284
f 138 890 282
f 138 1374 282
f 138 284 1374
f 138 825 890
f 138 1374 825
f 138 1474 825
f 138 890 1374
f 138 890 1474
f 139 710 246
f 139 1474 246
f 139 284 1374
f 139 710 825
f 139 1374 710
f 139 1474 710
f 139 825 1374
f 139 825 1474
f 140 166 1155
f 140 245 1088
f 140 1385 245
f 140 1088 1037
f 140 1037 1155
f 140 1088 1155
f 140 1385 1088
f 140 1155 1385
f 141 237 1059
f 141 1422 237
f 141 871 861
f 141 984 861
f 141 985 861
f 141 861 1059
f 141 1422 861
f 141 871 1422
f 141 985 984
f 141 1059 985
f 141 1422 1059
f 142 188 144
f 142 144 736
f 142 144 1150
f 142 229 188
f 142 1150 188
f 142 232 229
f 142 229 1150
f 142 229 1320
f 142 1380 229
f 142 1320 232
f 142 736 739
f 142 736 1150
f 142 739 1150
f 142 739 1320
f 142 1380 739
f 142 1150 1380
f 142 1380 1320
f 143 226 145
f 143 145 1179
f 143 145 1206
f 143 214 1052
f 143 214 1206
f 143 1085 226
f 143 226 1179
f 143 1052 1085
f 143 1179 1052
f 143 1206 1052
f 143 1085 1179
f 143 1179 1206
f 144 188 214
f 144 1150 188
f 144 1206 188
f 144 1206 214
f 144 736 1150
f 144 1206 736
f 144 1206 1150
f 145 226 227
f 145 834 226
f 145 1179 226
f 145 227 738
f 145 834 227
f 145 834 738
f 145 1179 738
f 145 1206 738
f 145 834 1179
f 145 1206 1179
f 146 224 223
f 146 1447 223
f 146 838 224
f 146 224 1447
f 146 837 838
f 146 1447 837
f 146 838 1447
f 147 185 148
f 147 148 835
f 147 148 1134
f 147 186 185
f 147 1134 185
f 147 1134 186
f 147 835 1134
f 147 835 1461
f 147 1461 1134
f 148 185 222
f 148 1134 185
f 148 185 1281
f 148 222 220
f 148 220 981
f 148 1281 220
f 148 222 1281
f 148 839 835
f 148 1134 835
f 148 981 839
f 148 839 1134
f 148 839 1281
f 148 981 1281
f 148 1134 1281
f 149 175 215
f 149 175 876
f 149 876 207
f 149 1143 207
f 149 215 876
f 149 215 1143
f 149 876 1143
f 150 212 213
f 150 811 212
f 150 213 811
f 150 213 1143
f 150 700 699
f 150 699 1347
f 150 1184 700
f 150 700 1347
f 150 1143 811
f 150 811 1184
f 150 811 1347
f 150 1143 1184
f 150 1347 1184
f 151 409 403
f 151 1337 403
f 151 773 409
f 151 409 1337
f 151 1302 773
f 151 1337 773
f 151 1303 1302
f 151 1302 1337
f 151 1303 1337
f 152 153 404
f 152 529 153
f 152 1100 153
f 152 404 407
f 152 812 404
f 152 1100 404
f 152 407 715
f 152 812 407
f 152 535 529
f 152 1100 529
f 152 715 535
f 152 1100 535
f 152 715 812
f 152 1100 715
f 152 1100 812
f 153 1098 404
f 153 1100 404
f 153 529 1098
f 153 529 1100
f 153 1098 1100
f 154 515 510
f 154 510 819
f 154 741 515
f 154 819 515
f 154 530 533
f 154 819 530
f 154 533 782
f 154 819 533
f 154 782 741
f 154 741 819
f 154 782 819
f 155 183 477
f 155 494 183
f 155 1252 183
f 155 477 1217
f 155 477 1252
f 155 1217 494
f 155 494 1252
f 155 1217 1252
f 156 181 435
f 156 449 181
f 156 181 953
f 156 953 435
f 156 435 1084
f 156 953 449
f 156 1084 449
f 156 953 1084
f 157 734 182
f 157 967 182
f 157 182 1166
f 157 182 1262
f 157 734 967
f 157 1466 734
f 157 967 1262
f 157 967 1466
f 157 1262 1166
f 157 1166 1466
f 157 1466 1262
f 158 436 439
f 158 850 436
f 158 439 669
f 158 850 439
f 158 547 542
f 158 850 542
f 158 669 547
f 158 850 547
f 158 850 669
f 159 277 283
f 159 900 277
f 159 283 900
f 159 283 1469
f 159 900 1469
f 160 280 278
f 160 900 278
f 160 278 1501
f 160 900 280
f 160 1469 280
f 160 900 1468
f 160 1469 900
f 160 900 1501
f 160 1468 1469
f 161 336 717
f 161 336 789
f 161 1454 336
f 161 717 789
f 161 789 788
f 161 788 1454
f 161 1454 789
f 162 399 804
f 162 399 1099
f 162 1505 399
f 162 796 795
f 162 795 1505
f 162 804 796
f 162 1099 796
f 162 1505 796
f 162 804 1099
f 162 1505 1099
f 163 334 333
f 163 791 333
f 163 333 965
f 163 965 334
f 163 790 791
f 163 791 965
f 164 642 166
f 164 1422 166
f 164 1422 237
f 164 1422 642
f 165 1323 199
f 165 1365 199
f 165 643 642
f 165 642 1428
f 165 644 643
f 165 643 1365
f 165 1428 643
f 165 1365 644
f 165 1323 1365
f 165 1365 1428
f 166 642 643
f 166 642 1422
f 166 643 644
f 166 643 1155
f 166 1422 643
f 166 644 1155
f 166 1422 1155
f 167 387 390
f 167 387 1075
f 167 390 1063
f 167 390 1075
f 167 1063 1062
f 167 1075 1062
f 167 1075 1063
f 168 343 346
f 168 343 817
f 168 817 346
f 168 346 1383
f 168 817 1382
f 168 1383 817
f 168 1383 1382
f 169 357 348
f 169 817 348
f 169 357 817
f 169 1383 357
f 169 817 1383
f 170 171 172
f 170 313 171
f 170 977 171
f 170 172 190
f 170 172 325
f 170 898 172
f 170 977 172
f 170 190 309
f 170 190 325
f 170 309 317
f 170 325 309
f 170 898 309
f 170 317 313
f 170 977 313
f 170 317 898
f 170 317 977
f 170 898 325
f 170 898 977
f 171 977 172
f 171 313 310
f 171 977 310
f 171 313 977
f 172 325 190
f 172 328 325
f 172 325 898
f 172 328 898
f 172 977 328
f 172 898 977
f 173 389 386
f 173 386 807
f 173 807 389
f 173 1312 389
f 173 1311 807
f 173 1312 807
f 173 1311 1312
f 174 216 218
f 174 216 876
f 174 218 826
f 174 218 876
f 174 876 826
f 175 221 215
f 175 215 876
f 175 826 221
f 175 221 876
f 175 876 826
f 176 788 337
f 176 337 859
f 176 788 608
f 176 608 859
f 176 788 859
f 177 339 1471
f 177 609 608
f 177 608 786
f 177 1471 608
f 177 609 1471
f 177 786 1471
f 178 541 180
f 178 180 990
f 178 1183 180
f 178 1067 541
f 178 1183 541
f 178 990 1067
f 178 1183 990
f 178 1067 1183
f 179 361 880
f 179 915 361
f 179 880 423
f 179 423 915
f 179 915 880
f 180 541 545
f 180 1183 541
f 180 545 775
f 180 1183 545
f 180 775 991
f 180 775 1183
f 180 991 990
f 180 1183 990
f 180 991 1183
f 181 441 435
f 181 953 435
f 181 928 441
f 181 441 953
f 181 449 452
f 181 953 449
f 181 953 452
f 181 452 1125
f 181 928 953
f 181 1125 928
f 181 953 1125
f 182 734 735
f 182 967 734
f 182 735 967
f 182 735 1364
f 182 919 1167
f 182 1262 919
f 182 1364 919
f 182 967 1262
f 182 1364 967
f 182 1167 1166
f 182 1262 1166
f 182 1167 1262
f 182 1364 1262
f 183 481 477
f 183 477 1252
f 183 801 481
f 183 1252 481
f 183 494 497
f 183 1252 494
f 183 497 801
f 183 497 1252
f 183 801 1252
f 184 499 493
f 184 913 493
f 184 493 1156
f 184 777 499
f 184 1156 499
f 184 509 513
f 184 509 913
f 184 509 1200
f 184 513 777
f 184 1200 513
f 184 1156 777
f 184 1200 777
f 184 913 1156
f 184 1200 913
f 184 1200 1156
f 185 186 1085
f 185 186 1134
f 185 1065 222
f 185 1281 222
f 185 1085 1065
f 185 1065 1134
f 185 1281 1065
f 185 1134 1085
f 185 1281 1134
f 186 1124 1085
f 186 1134 1085
f 186 1124 1134
f 187 228 225
f 187 834 225
f 187 834 228
f 188 1052 214
f 188 1206 214
f 188 229 1127
f 188 229 1150
f 188 596 613
f 188 1127 596
f 188 1130 596
f 188 613 1052
f 188 1130 613
f 188 613 1351
f 188 1206 1052
f 188 1351 1052
f 188 1127 1130
f 188 1150 1127
f 188 1150 1130
f 188 1130 1206
f 188 1351 1130
f 188 1150 1206
f 188 1206 1351
f 189 1033 1034
f 189 1033 1362
f 189 1407 1033
f 189 1034 1362
f 189 1113 1114
f 189 1362 1113
f 189 1114 1362
f 189 1114 1407
f 189 1407 1362
f 190 325 309
f 191 272 772
f 191 272 1316
f 191 772 939
f 191 1163 772
f 191 1316 772
f 191 939 1163
f 191 939 1392
f 191 1316 1163
f 191 1392 1163
f 192 716 1314
f 192 1423 716
f 192 846 1306
f 192 1314 846
f 192 1423 846
f 192 1306 1423
f 192 1314 1423
f 193 925 1195
f 193 1222 925
f 193 1277 925
f 193 1195 1194
f 193 1194 1277
f 193 1195 1277
f 193 1267 1222
f 193 1222 1277
f 193 1266 1267
f 193 1277 1266
f 193 1267 1277
f 194 467 474
f 194 1349 467
f 194 467 1417
f 194 474 1417
f 194 474 1455
f 194 943 942
f 194 942 1349
f 194 943 1349
f 194 1455 943
f 194 1417 1349
f 194 1455 1349
f 194 1455 1417
f 195 767 768
f 195 767 1203
f 195 768 1005
f 195 1203 768
f 195 1005 783
f 195 1108 783
f 195 1203 783
f 195 783 1273
f 195 1203 1005
f 195 1203 1108
f 195 1108 1246
f 195 1108 1247
f 195 1108 1248
f 195 1108 1273
f 195 1203 1246
f 195 1247 1248
f 195 1273 1247
f 196 877 856
f 196 878 856
f 196 856 910
f 196 856 911
f 196 877 878
f 196 878 911
f 196 911 910
f 197 761 760
f 197 760 916
f 197 760 1126
f 197 761 916
f 197 1126 916
f 197 1110 1109
f 197 1126 1109
f 197 1126 1110
f 198 253 709
f 198 825 253
f 198 1002 281
f 198 825 709
f 198 709 1002
f 198 825 1002
f 199 957 252
f 199 1385 252
f 199 1323 957
f 199 1365 957
f 199 1385 957
f 199 1323 1365
f 199 1385 1365
f 200 230 236
f 200 861 230
f 200 861 236
f 200 236 1319
f 200 1319 238
f 200 1428 238
f 200 861 871
f 200 1319 861
f 200 1428 861
f 200 1428 871
f 200 1319 1428
f 201 202 712
f 201 202 891
f 201 712 891
f 202 891 712
f 202 980 712
f 202 1086 712
f 202 1086 891
f 202 992 980
f 202 980 1086
f 202 1086 992
f 203 419 411
f 203 411 1100
f 203 711 419
f 203 419 1100
f 203 691 692
f 203 691 1100
f 203 692 711
f 203 1100 692
f 203 1100 711
f 204 505 507
f 204 913 505
f 204 507 776
f 204 507 913
f 204 527 516
f 204 913 516
f 204 776 527
f 204 527 913
f 204 776 913
f 205 484 487
f 205 1330 484
f 205 487 1292
f 205 487 1330
f 205 681 680
f 205 909 680
f 205 681 909
f 205 1292 681
f 205 1217 909
f 205 909 1292
f 205 909 1330
f 205 1330 1217
f 205 1330 1292
f 206 366 364
f 206 364 880
f 206 864 366
f 206 366 880
f 206 864 880
f 206 976 864
f 206 864 1011
f 206 1011 880
f 206 975 976
f 206 1011 975
f 206 976 1011
f 207 213 212
f 207 212 811
f 207 827 212
f 207 811 213
f 207 1143 213
f 207 811 827
f 207 876 811
f 207 1143 811
f 207 876 827
f 207 1143 876
f 208 1168 1250
f 209 210 211
f 209 210 811
f 209 827 210
f 209 811 211
f 209 211 906
f 209 811 827
f 209 811 876
f 209 811 906
f 209 876 827
f 209 876 906
f 210 811 211
f 210 811 827
f 210 1185 811
f 210 827 1185
f 211 811 860
f 211 811 906
f 211 860 906
f 212 213 811
f 212 811 827
f 212 811 1185
f 212 1185 827
f 213 811 1143
f 214 1206 1052
f 215 221 222
f 215 876 221
f 215 222 876
f 215 222 1143
f 215 1143 876
f 216 219 218
f 216 876 218
f 216 1192 218
f 216 1192 219
f 216 906 876
f 216 876 1192
f 216 906 1192
f 217 218 219
f 217 218 876
f 217 981 218
f 217 219 876
f 217 219 993
f 217 1086 219
f 217 981 876
f 217 876 1086
f 217 993 981
f 217 981 1086
f 217 1086 993
f 218 219 876
f 218 219 1192
f 218 826 876
f 218 981 826
f 218 876 981
f 218 876 1192
f 219 1086 876
f 219 1192 876
f 219 992 993
f 219 1086 992
f 219 1192 992
f 219 1086 993
f 219 1192 1086
f 220 222 221
f 220 221 876
f 220 221 981
f 220 222 876
f 220 222 1281
f 220 876 981
f 220 876 1281
f 220 1281 981
f 221 876 222
f 221 876 826
f 221 826 981
f 221 876 981
f 222 876 655
f 222 1065 655
f 222 655 1143
f 222 655 1281
f 222 1143 876
f 222 876 1281
f 222 1281 1065
f 223 224 225
f 223 224 834
f 223 1447 224
f 223 225 834
f 223 225 1085
f 223 1085 834
f 223 834 1447
f 223 1085 1124
f 223 1447 1085
f 223 1124 1447
f 224 225 834
f 224 834 394
f 224 838 394
f 224 838 834
f 224 834 1447
f 224 1447 838
f 225 228 834
f 225 228 1085
f 225 1085 834
f 226 228 227
f 226 834 227
f 226 228 834
f 226 1085 228
f 226 1085 834
f 226 1179 834
f 226 1179 1085
f 227 228 834
f 227 397 738
f 227 834 397
f 227 738 834
f 228 1085 834
f 229 232 244
f 229 1193 232
f 229 1320 232
f 229 244 1193
f 229 1127 1150
f 229 1193 1127
f 229 1150 1193
f 229 1380 1150
f 229 1320 1193
f 229 1193 1380
f 229 1320 1380
f 230 239 236
f 230 861 236
f 230 239 861
f 230 871 239
f 230 861 871
f 231 244 232
f 231 232 1318
f 231 232 1320
f 231 1234 233
f 231 233 1309
f 231 1406 233
f 231 243 244
f 231 684 243
f 231 243 1234
f 231 1309 243
f 231 1318 243
f 231 1318 244
f 231 1309 684
f 231 1309 1234
f 231 1318 1234
f 231 1406 1234
f 231 1320 1318
f 231 1318 1406
f 231 1320 1406
f 232 244 1193
f 232 1318 244
f 232 1380 244
f 232 1320 1193
f 232 1193 1380
f 232 1320 1318
f 232 1318 1380
f 232 1320 1380
f 233 1234 234
f 233 234 1241
f 233 1405 234
f 233 234 1409
f 233 1309 1234
f 233 1405 1234
f 233 1234 1406
f 233 1234 1409
f 233 1241 1309
f 233 1409 1241
f 233 1409 1309
f 233 1406 1405
f 234 1215 1219
f 234 1234 1215
f 234 1405 1215
f 234 1234 1219
f 234 1219 1240
f 234 1409 1219
f 234 1405 1234
f 234 1409 1234
f 234 1240 1241
f 234 1240 1409
f 234 1241 1409
f 235 236 239
f 235 861 236
f 235 1219 236
f 235 239 861
f 235 239 1241
f 235 239 1409
f 235 861 1219
f 235 861 1409
f 235 1240 1219
f 235 1409 1219
f 235 1241 1240
f 235 1409 1240
f 235 1409 1241
f 236 861 239
f 236 861 1219
f 236 861 1319
f 236 1219 1319
f 237 1408 1059
f 237 1059 1422
f 237 1408 1422
f 238 1319 1357
f 238 1319 1428
f 238 1428 1357
f 239 684 861
f 239 984 684
f 239 684 1309
f 239 861 871
f 239 861 984
f 239 861 1309
f 239 861 1409
f 239 871 984
f 239 1309 1241
f 239 1409 1241
f 239 1309 1409
f 240 242 241
f 240 1320 241
f 240 1380 241
f 240 1244 242
f 240 242 1380
f 240 1186 1244
f 240 1186 1265
f 240 1186 1380
f 240 1244 1380
f 240 1380 1265
f 240 1380 1320
f 241 1318 242
f 241 1380 242
f 241 242 1406
f 241 1318 1320
f 241 1380 1318
f 241 1406 1318
f 241 1320 1380
f 241 1406 1320
f 242 1244 1215
f 242 1318 1215
f 242 1215 1405
f 242 1318 1244
f 242 1380 1244
f 242 1380 1318
f 242 1318 1405
f 242 1406 1318
f 242 1405 1406
f 243 1050 244
f 243 1318 244
f 243 684 685
f 243 684 1309
f 243 685 1308
f 243 1309 685
f 243 1050 1234
f 243 1308 1050
f 243 1318 1050
f 243 1308 1234
f 243 1309 1234
f 243 1234 1318
f 243 1309 1308
f 244 1050 1193
f 244 1318 1050
f 244 1318 1193
f 244 1380 1193
f 244 1380 1318
f 245 249 256
f 245 249 1083
f 245 249 1385
f 245 1083 256
f 245 256 1088
f 245 1083 1088
f 245 1385 1083
f 245 1088 1385
f 246 257 251
f 246 1474 251
f 246 1460 257
f 246 1474 257
f 246 710 1460
f 246 710 1474
f 246 1460 1474
f 247 256 248
f 247 248 960
f 247 250 255
f 247 250 1336
f 247 1433 250
f 247 255 256
f 247 255 960
f 247 1336 255
f 247 256 960
f 247 960 258
f 247 1336 258
f 247 258 1433
f 247 1336 960
f 247 1336 1433
f 248 256 249
f 248 249 263
f 248 1083 249
f 248 256 960
f 248 256 1083
f 248 263 262
f 248 262 960
f 248 262 1083
f 248 1083 263
f 248 960 1083
f 249 1083 256
f 249 644 263
f 249 263 1083
f 249 1083 644
f 249 644 1385
f 249 1083 1385
f 250 251 257
f 250 1433 251
f 250 1474 251
f 250 257 255
f 250 255 1336
f 250 257 1336
f 250 257 1474
f 250 1336 1433
f 250 1474 1336
f 250 1474 1433
f 251 1474 257
f 251 1433 890
f 251 890 1474
f 251 1433 1474
f 252 264 263
f 252 263 1083
f 252 1385 263
f 252 957 264
f 252 1083 264
f 252 1083 957
f 252 957 1385
f 252 1385 1083
f 253 260 261
f 253 825 260
f 253 1334 260
f 253 261 709
f 253 1334 261
f 253 825 709
f 253 1334 709
f 253 1334 825
f 254 259 258
f 254 258 264
f 254 258 1223
f 254 258 1334
f 254 258 1336
f 254 261 259
f 254 1334 259
f 254 1282 261
f 254 1334 261
f 254 264 1223
f 254 1223 1282
f 254 1223 1336
f 254 1282 1334
f 254 1336 1282
f 254 1334 1336
f 255 937 256
f 255 256 960
f 255 256 1336
f 255 257 1171
f 255 257 1336
f 255 1484 257
f 255 1171 937
f 255 1336 937
f 255 1336 960
f 255 1171 1336
f 255 1484 1171
f 255 1336 1484
f 256 937 1083
f 256 937 1088
f 256 1336 937
f 256 1083 960
f 256 1336 960
f 256 1088 1083
f 256 1336 1083
f 257 1460 1171
f 257 1484 1171
f 257 1474 1336
f 257 1484 1336
f 257 1460 1474
f 257 1484 1460
f 257 1474 1484
f 258 259 1334
f 258 1336 259
f 258 259 1433
f 258 262 264
f 258 960 262
f 258 1223 262
f 258 1223 264
f 258 1223 960
f 258 1336 960
f 258 1336 1223
f 258 1334 1336
f 258 1433 1336
f 259 261 260
f 259 260 1334
f 259 260 1433
f 259 1334 261
f 259 1336 1334
f 259 1334 1433
f 259 1336 1433
f 260 261 1334
f 260 825 890
f 260 825 1334
f 260 1433 825
f 260 890 1433
f 260 1334 1433
f 261 1282 709
f 261 709 1334
f 261 1334 1282
f 262 263 264
f 262 1083 263
f 262 264 1083
f 262 1223 264
f 262 1083 960
f 262 960 1223
f 262 1083 1223
f 263 1083 264
f 263 644 1083
f 263 1385 644
f 263 1083 1385
f 264 957 1083
f 264 957 1223
f 264 1083 1223
f 265 795 1056
f 265 795 1118
f 265 929 963
f 265 1057 929
f 265 929 1118
f 265 963 1118
f 265 1056 1057
f 265 1056 1118
f 265 1057 1118
f 266 270 268
f 266 1316 268
f 266 769 270
f 266 1316 270
f 266 1316 769
f 267 268 270
f 267 274 268
f 267 268 868
f 267 270 269
f 267 868 269
f 267 269 1057
f 267 269 1283
f 267 868 270
f 267 273 274
f 267 868 273
f 267 1056 273
f 267 273 1283
f 267 274 868
f 267 868 1283
f 267 1057 1056
f 267 1283 1056
f 267 1057 1283
f 268 868 270
f 268 270 1316
f 268 274 868
f 268 274 1305
f 268 868 1305
f 268 1316 868
f 268 1305 1316
f 269 868 270
f 269 270 929
f 269 868 929
f 269 868 1283
f 269 929 1057
f 269 929 1283
f 269 1283 1057
f 270 868 769
f 270 769 929
f 270 769 1316
f 270 929 868
f 270 868 1316
f 271 790 792
f 271 790 1118
f 271 790 1283
f 271 793 792
f 271 792 1283
f 271 1029 793
f 271 793 1283
f 271 1029 1118
f 271 1029 1283
f 271 1283 1118
f 272 274 276
f 272 868 274
f 272 274 1305
f 272 274 1316
f 272 276 772
f 272 276 868
f 272 868 772
f 272 772 1316
f 272 868 1316
f 272 1305 1316
f 273 276 274
f 273 274 868
f 273 275 276
f 273 793 275
f 273 868 275
f 273 275 1283
f 273 868 276
f 273 792 793
f 273 1056 792
f 273 792 1283
f 273 793 1283
f 273 1283 868
f 273 1056 1283
f 274 868 276
f 274 868 1305
f 274 868 1316
f 274 1316 1305
f 275 868 276
f 275 1242 276
f 275 793 1242
f 275 793 1283
f 275 1242 868
f 275 868 1283
f 275 1242 1283
f 276 772 868
f 276 1242 772
f 276 868 1242
f 277 284 283
f 277 283 900
f 277 900 284
f 277 1107 284
f 277 800 900
f 277 800 1107
f 277 900 1107
f 278 280 281
f 278 900 280
f 278 1115 280
f 278 281 1115
f 278 281 1501
f 278 1115 900
f 278 1501 900
f 278 1501 1115
f 279 281 280
f 279 1115 280
f 279 280 1469
f 279 1002 281
f 279 1115 281
f 279 282 890
f 279 282 1115
f 279 1469 282
f 279 890 1115
f 279 1115 1002
f 279 1469 1115
f 280 1115 281
f 280 900 1115
f 280 900 1469
f 280 1469 1115
f 281 1002 889
f 281 889 1115
f 281 889 1501
f 281 1002 1115
f 281 1115 1501
f 282 283 284
f 282 900 283
f 282 1115 283
f 282 1469 283
f 282 900 284
f 282 1115 284
f 282 284 1374
f 282 890 1115
f 282 1374 890
f 282 900 1115
f 282 1374 1115
f 282 1115 1469
f 283 900 284
f 283 1115 900
f 283 1469 900
f 283 1115 1469
f 284 900 1107
f 284 900 1115
f 284 900 1374
f 284 1107 1374
f 284 1115 1374
f 285 292 287
f 285 1489 287
f 285 292 1489
f 285 1501 292
f 285 1489 1501
f 286 287 291
f 286 287 1112
f 286 1340 287
f 286 291 760
f 286 1112 291
f 286 760 761
f 286 760 1112
f 286 761 1010
f 286 761 1112
f 286 1010 1112
f 286 1010 1340
f 286 1340 1112
f 287 292 291
f 287 291 1112
f 287 292 1112
f 287 1489 292
f 287 1340 1112
f 287 1489 1112
f 287 1340 1468
f 287 1489 1340
f 287 1468 1489
f 288 290 294
f 288 290 1489
f 288 294 800
f 288 1489 294
f 288 800 900
f 288 1489 800
f 288 900 1489
f 289 293 290
f 289 897 290
f 289 290 1340
f 289 763 293
f 289 897 293
f 289 1379 293
f 289 762 763
f 289 1010 762
f 289 1379 762
f 289 1379 763
f 289 897 1010
f 289 1340 897
f 289 1379 897
f 289 1340 1010
f 289 1379 1010
f 290 293 294
f 290 897 293
f 290 294 897
f 290 294 1489
f 290 897 1340
f 290 897 1489
f 290 1468 1340
f 290 1340 1489
f 290 1468 1489
f 291 292 1112
f 291 292 1490
f 291 1090 760
f 291 1112 760
f 291 1090 1112
f 291 1490 1090
f 291 1112 1490
f 292 799 1489
f 292 799 1490
f 292 1501 799
f 292 1112 1489
f 292 1490 1112
f 292 1490 1489
f 292 1489 1501
f 293 294 897
f 293 987 294
f 293 763 987
f 293 1379 763
f 293 897 987
f 293 1379 897
f 293 987 1379
f 294 897 800
f 294 987 800
f 294 1489 800
f 294 897 987
f 294 1489 897
f 295 305 303
f 295 303 1021
f 295 798 305
f 295 305 1021
f 295 1021 798
f 296 299 308
f 296 299 1021
f 296 308 797
f 296 1021 308
f 296 797 1021
f 297 306 298
f 297 298 1064
f 297 301 1055
f 297 1064 301
f 297 301 1257
f 297 1055 306
f 297 306 1064
f 297 1138 306
f 297 306 1324
f 297 1064 1055
f 297 1055 1139
f 297 1257 1055
f 297 1324 1055
f 297 1139 1138
f 297 1324 1138
f 297 1257 1139
f 297 1139 1324
f 298 299 302
f 298 308 299
f 298 1021 299
f 298 1243 299
f 298 302 1064
f 298 302 1243
f 298 306 307
f 298 1064 306
f 298 307 308
f 298 1021 307
f 298 307 1064
f 298 307 1243
f 298 1021 308
f 298 1021 1243
f 298 1064 1243
f 299 303 302
f 299 302 1243
f 299 1021 303
f 299 1243 303
f 299 1021 308
f 299 1243 1021
f 300 301 302
f 300 1055 301
f 300 1199 301
f 300 301 1243
f 300 1369 301
f 300 302 304
f 300 302 1243
f 300 304 958
f 300 304 1243
f 300 958 1004
f 300 958 1055
f 300 1243 958
f 300 1004 1055
f 300 1004 1199
f 300 1369 1004
f 300 1243 1055
f 300 1055 1369
f 300 1369 1199
f 301 1064 302
f 301 1243 302
f 301 1055 1064
f 301 1055 1243
f 301 1055 1257
f 301 1369 1055
f 301 1243 1064
f 301 1199 1198
f 301 1198 1257
f 301 1369 1198
f 301 1369 1199
f 301 1257 1369
f 302 303 305
f 302 1243 303
f 302 305 304
f 302 1243 304
f 302 305 1243
f 302 1243 1064
f 303 1021 305
f 303 305 1243
f 303 1243 1021
f 304 305 751
f 304 1243 305
f 304 751 958
f 304 1243 751
f 304 1243 958
f 305 798 751
f 305 751 1021
f 305 751 1243
f 305 1021 798
f 305 1021 1243
f 306 307 1064
f 306 1452 307
f 306 1012 1055
f 306 1138 1012
f 306 1012 1324
f 306 1012 1452
f 306 1055 1064
f 306 1324 1055
f 306 1055 1452
f 306 1452 1064
f 306 1324 1138
f 307 750 308
f 307 1021 308
f 307 1021 750
f 307 1243 750
f 307 1452 750
f 307 1243 1021
f 307 1243 1064
f 307 1064 1452
f 307 1452 1243
f 308 750 797
f 308 1021 750
f 308 1021 797
f 309 318 317
f 309 898 317
f 309 879 318
f 309 318 898
f 309 325 879
f 309 898 325
f 309 879 898
f 310 313 320
f 310 313 944
f 310 313 977
f 310 320 944
f 310 944 321
f 310 977 321
f 310 944 977
f 311 319 312
f 311 312 1196
f 311 1372 312
f 311 677 319
f 311 319 920
f 311 319 1256
f 311 319 1372
f 311 676 677
f 311 1256 676
f 311 1256 677
f 311 920 1256
f 311 920 1372
f 311 1372 1196
f 311 1196 1415
f 311 1256 1372
f 311 1415 1256
f 311 1415 1372
f 312 313 317
f 312 320 313
f 312 898 313
f 312 317 316
f 312 898 316
f 312 316 1196
f 312 898 317
f 312 319 320
f 312 1372 319
f 312 898 320
f 312 320 1372
f 312 1196 898
f 312 1372 898
f 312 1196 1372
f 313 317 898
f 313 317 977
f 313 320 898
f 313 944 320
f 313 944 898
f 313 977 898
f 313 944 977
f 314 315 316
f 314 675 315
f 314 912 315
f 314 315 1464
f 314 316 318
f 314 316 912
f 314 318 912
f 314 1367 675
f 314 675 1464
f 314 912 1367
f 314 912 1464
f 314 1464 1367
f 315 912 316
f 315 1196 316
f 315 675 674
f 315 674 1256
f 315 674 1464
f 315 675 1464
f 315 1196 912
f 315 1464 912
f 315 1415 1196
f 315 1464 1196
f 315 1256 1415
f 315 1464 1256
f 315 1415 1464
f 316 317 318
f 316 898 317
f 316 318 898
f 316 912 318
f 316 898 912
f 316 1196 898
f 316 1196 912
f 317 318 898
f 317 977 898
f 318 898 879
f 318 879 912
f 318 912 898
f 319 1237 320
f 319 1372 320
f 319 677 816
f 319 677 920
f 319 677 1256
f 319 816 920
f 319 816 1237
f 319 920 1237
f 319 920 1256
f 319 920 1372
f 319 1372 1237
f 320 898 944
f 320 1237 898
f 320 898 1372
f 320 1237 944
f 320 1372 1237
f 321 332 324
f 321 324 977
f 321 944 332
f 321 332 977
f 321 977 944
f 322 327 323
f 322 323 331
f 322 323 1255
f 322 326 327
f 322 764 326
f 322 1203 326
f 322 1255 326
f 322 1255 327
f 322 331 768
f 322 331 1203
f 322 331 1255
f 322 767 764
f 322 1203 764
f 322 768 767
f 322 767 1203
f 322 768 1203
f 322 1255 1203
f 323 328 324
f 323 324 332
f 323 977 324
f 323 327 328
f 323 977 327
f 323 1255 327
f 323 328 977
f 323 332 331
f 323 331 1255
f 323 977 332
f 323 332 1255
f 323 977 1255
f 324 977 328
f 324 977 332
f 325 328 330
f 325 898 328
f 325 330 879
f 325 898 330
f 325 879 898
f 326 329 327
f 326 1255 327
f 326 765 329
f 326 329 1203
f 326 329 1255
f 326 764 765
f 326 764 1203
f 326 765 1203
f 326 1203 1255
f 327 330 328
f 327 898 328
f 327 977 328
f 327 329 330
f 327 329 1255
f 327 330 898
f 327 330 1255
f 327 898 977
f 327 1255 898
f 327 977 1255
f 328 330 898
f 328 898 977
f 329 879 330
f 329 330 1255
f 329 1203 765
f 329 765 1280
f 329 1255 879
f 329 1280 879
f 329 1255 1203
f 329 1280 1203
f 329 1280 1255
f 330 879 898
f 330 1255 879
f 330 898 1255
f 331 332 944
f 331 1255 332
f 331 1005 768
f 331 1203 768
f 331 944 1005
f 331 1255 944
f 331 1203 1005
f 331 1005 1255
f 331 1255 1203
f 332 944 977
f 332 1255 944
f 332 977 1255
f 333 334 335
f 333 965 334
f 333 335 949
f 333 965 335
f 333 965 791
f 333 791 1099
f 333 1505 791
f 333 965 949
f 333 949 1099
f 333 1117 949
f 333 1099 965
f 333 1117 1099
f 333 1099 1505
f 334 965 335
f 334 335 1036
f 334 1306 335
f 334 965 998
f 334 1036 965
f 334 1036 998
f 334 998 1307
f 334 1306 1036
f 334 1307 1036
f 334 1307 1306
f 335 846 949
f 335 1036 846
f 335 1306 846
f 335 965 949
f 335 949 1036
f 335 965 1036
f 335 1306 1036
f 336 716 717
f 336 828 716
f 336 716 1401
f 336 717 789
f 336 717 1401
f 336 857 789
f 336 789 1401
f 336 789 1454
f 336 845 828
f 336 857 828
f 336 828 1401
f 336 857 845
f 336 845 1454
f 336 1401 857
f 336 857 1454
f 337 1224 745
f 337 1420 745
f 337 788 859
f 337 1420 788
f 337 1224 859
f 337 859 1420
f 337 1224 1420
f 338 859 340
f 338 1081 340
f 338 1008 859
f 338 1081 859
f 338 859 1471
f 338 1008 1081
f 338 1471 1008
f 339 686 1008
f 339 686 1471
f 339 1008 1471
f 340 859 609
f 340 1007 609
f 340 1007 859
f 340 859 1081
f 340 1081 1007
f 341 686 343
f 341 343 817
f 341 350 355
f 341 817 350
f 341 350 1081
f 341 350 1382
f 341 355 1008
f 341 1081 355
f 341 817 686
f 341 1008 686
f 341 1008 817
f 341 817 1081
f 341 1382 817
f 341 1081 1008
f 342 345 360
f 342 1075 345
f 342 360 824
f 342 1075 360
f 342 824 387
f 342 1075 387
f 342 1075 824
f 343 360 346
f 343 817 346
f 343 686 360
f 343 360 817
f 343 686 817
f 344 360 345
f 344 1075 345
f 344 345 1387
f 344 346 360
f 344 346 817
f 344 1387 346
f 344 817 360
f 344 1075 360
f 344 360 1387
f 344 1387 817
f 344 1387 1075
f 345 360 1075
f 345 1075 1062
f 345 1062 1387
f 345 1387 1075
f 346 817 360
f 346 1383 817
f 346 817 1387
f 346 1387 1383
f 347 359 358
f 347 1398 358
f 347 1363 359
f 347 1398 359
f 347 382 1363
f 347 1398 382
f 347 1363 1398
f 348 745 349
f 348 817 349
f 348 357 359
f 348 817 357
f 348 357 1398
f 348 359 1363
f 348 359 1398
f 348 817 745
f 348 1363 745
f 348 745 1398
f 348 1398 817
f 348 1398 1363
f 349 354 351
f 349 817 351
f 349 351 1382
f 349 351 1465
f 349 1224 354
f 349 1465 354
f 349 817 745
f 349 745 1224
f 349 1224 817
f 349 1382 817
f 349 817 1465
f 349 1224 1465
f 350 351 1006
f 350 351 1081
f 350 1382 351
f 350 355 1081
f 350 1081 817
f 350 817 1382
f 350 1006 1081
f 350 1382 1081
f 351 1465 354
f 351 817 1382
f 351 817 1465
f 351 1006 1081
f 351 1465 1006
f 351 1382 1081
f 351 1465 1081
f 351 1382 1465
f 352 353 859
f 352 353 1465
f 352 1224 859
f 352 859 1465
f 352 1465 1224
f 353 609 859
f 353 609 1007
f 353 859 1007
f 353 1465 859
f 353 1465 1007
f 354 1224 1465
f 355 1008 1081
f 356 359 357
f 356 357 1387
f 356 1398 357
f 356 358 359
f 356 1387 358
f 356 358 1398
f 356 359 1398
f 356 1387 1398
f 357 359 1398
f 357 817 1383
f 357 1387 817
f 357 817 1398
f 357 1383 1387
f 357 1398 1387
f 358 359 1398
f 358 1387 1062
f 358 1062 1398
f 358 1398 1387
f 359 1398 1363
f 360 817 686
f 360 686 824
f 360 817 824
f 360 1075 817
f 360 817 1387
f 360 1075 824
f 360 1387 1075
f 361 370 363
f 361 363 880
f 361 880 370
f 361 1432 370
f 361 915 880
f 361 880 1432
f 361 915 1432
f 362 363 370
f 362 363 880
f 362 1116 363
f 362 370 369
f 362 369 880
f 362 369 983
f 362 369 991
f 362 369 1183
f 362 1353 369
f 362 1432 369
f 362 369 1434
f 362 370 880
f 362 880 1116
f 362 1432 880
f 362 1434 880
f 362 983 1116
f 362 1183 983
f 362 983 1325
f 362 1353 983
f 362 983 1434
f 362 1183 991
f 362 991 1325
f 362 1325 1116
f 362 1434 1116
f 362 1325 1183
f 362 1183 1353
f 362 1434 1432
f 363 880 370
f 363 880 746
f 363 1116 746
f 363 880 1116
f 364 366 368
f 364 880 366
f 364 880 368
f 364 368 1432
f 364 880 915
f 364 1432 880
f 364 1432 915
f 365 368 366
f 365 366 1071
f 365 366 1434
f 365 367 368
f 365 932 367
f 365 1434 367
f 365 1434 368
f 365 1071 932
f 365 1434 932
f 365 1071 1434
f 366 880 368
f 366 1434 368
f 366 880 864
f 366 864 1071
f 366 864 1434
f 366 1434 880
f 366 1071 1434
f 367 1432 368
f 367 368 1434
f 367 932 933
f 367 1434 932
f 367 933 1353
f 367 933 1434
f 367 1353 1432
f 367 1434 1353
f 367 1432 1434
f 368 880 1432
f 368 880 1434
f 368 1434 1432
f 369 880 370
f 369 370 1432
f 369 880 1432
f 369 983 1353
f 369 983 1434
f 369 990 991
f 369 1183 990
f 369 1353 990
f 369 991 1183
f 369 1353 1183
f 369 1432 1353
f 369 1353 1434
f 369 1432 1434
f 370 880 1432
f 371 373 380
f 371 373 807
f 371 380 633
f 371 807 380
f 371 633 381
f 371 381 807
f 371 633 807
f 372 379 373
f 372 373 1232
f 372 373 1286
f 372 1147 379
f 372 1286 379
f 372 1146 1147
f 372 1232 1146
f 372 1146 1286
f 372 1286 1147
f 372 1232 1286
f 373 376 848
f 373 376 1232
f 373 1311 376
f 373 379 380
f 373 1286 379
f 373 807 380
f 373 380 848
f 373 1286 380
f 373 807 848
f 373 807 1311
f 373 1232 848
f 373 1286 848
f 373 848 1311
f 373 1232 1286
f 374 378 376
f 374 848 376
f 374 803 378
f 374 378 848
f 374 807 803
f 374 803 848
f 374 807 848
f 375 376 377
f 375 848 376
f 375 1232 376
f 375 848 377
f 375 1140 377
f 375 1232 377
f 375 1232 848
f 375 1140 1232
f 376 378 377
f 376 848 377
f 376 848 378
f 376 1232 848
f 376 1311 848
f 377 378 803
f 377 848 378
f 377 848 803
f 377 803 1140
f 377 1140 848
f 377 848 1232
f 377 1232 1140
f 378 803 848
f 379 633 380
f 379 1286 380
f 379 1066 633
f 379 1286 633
f 379 1147 1066
f 379 1066 1286
f 379 1286 1147
f 380 807 633
f 380 633 1286
f 380 807 848
f 380 1286 807
f 380 1286 848
f 381 392 385
f 381 807 385
f 381 840 385
f 381 633 392
f 381 392 840
f 381 807 633
f 381 840 633
f 381 807 840
f 382 384 392
f 382 840 384
f 382 384 1075
f 382 392 840
f 382 392 1363
f 382 840 1075
f 382 1363 840
f 382 1075 1363
f 382 1398 1075
f 382 1363 1398
f 383 392 384
f 383 840 384
f 383 384 1063
f 383 385 392
f 383 840 385
f 383 1312 385
f 383 840 388
f 383 1063 388
f 383 388 1312
f 383 840 392
f 383 1063 840
f 383 840 1312
f 384 840 392
f 384 840 1063
f 384 1075 840
f 384 1063 1075
f 385 840 392
f 385 807 840
f 385 1312 807
f 385 840 1312
f 386 389 391
f 386 389 807
f 386 840 389
f 386 391 803
f 386 391 840
f 386 803 807
f 386 840 803
f 386 807 840
f 387 391 390
f 387 390 840
f 387 390 1075
f 387 824 391
f 387 840 391
f 387 840 824
f 387 1075 824
f 387 840 1075
f 388 391 389
f 388 840 389
f 388 389 1312
f 388 390 391
f 388 840 390
f 388 1063 390
f 388 840 391
f 388 1063 840
f 388 1312 840
f 389 840 391
f 389 807 840
f 389 807 1312
f 389 1312 840
f 390 840 391
f 390 1063 840
f 390 840 1075
f 390 1075 1063
f 391 824 803
f 391 840 803
f 391 840 824
f 392 633 840
f 392 633 1363
f 392 840 1363
f 393 395 394
f 393 394 1447
f 393 712 395
f 393 1447 395
f 393 1447 712
f 394 834 395
f 394 1447 395
f 394 834 838
f 394 834 1447
f 394 1447 838
f 395 712 398
f 395 398 834
f 395 834 712
f 395 712 1447
f 395 1447 834
f 396 397 398
f 396 397 1396
f 396 398 712
f 396 398 1396
f 396 1396 712
f 397 834 398
f 397 398 1396
f 397 834 738
f 397 738 1396
f 397 1396 834
f 398 712 834
f 398 712 1396
f 398 1396 834
f 399 805 804
f 399 804 1099
f 399 973 805
f 399 1099 805
f 399 1099 973
f 399 1505 1099
f 400 804 401
f 400 401 904
f 400 401 1036
f 400 965 804
f 400 1036 804
f 400 904 905
f 400 1036 904
f 400 905 998
f 400 1036 905
f 400 998 965
f 400 965 1036
f 400 998 1036
f 401 804 805
f 401 804 1036
f 401 805 806
f 401 805 1036
f 401 806 892
f 401 806 1036
f 401 892 904
f 401 892 1036
f 401 1036 904
f 402 1414 1020
f 402 1020 1472
f 402 1020 1473
f 402 1413 1414
f 402 1472 1413
f 402 1414 1472
f 402 1473 1472
f 403 409 414
f 403 1317 409
f 403 1337 409
f 403 414 1202
f 403 1317 414
f 403 1317 1202
f 403 1337 1202
f 403 1317 1337
f 404 413 407
f 404 812 407
f 404 812 413
f 404 1144 413
f 404 812 1098
f 404 812 1100
f 404 1144 812
f 404 1098 1100
f 404 1098 1144
f 405 406 412
f 405 810 406
f 405 812 406
f 405 406 849
f 405 414 408
f 405 408 810
f 405 408 1317
f 405 412 414
f 405 849 412
f 405 412 1009
f 405 1317 412
f 405 1317 414
f 405 810 812
f 405 1009 810
f 405 1317 810
f 405 812 849
f 405 1009 812
f 405 1009 849
f 405 1009 1317
f 406 407 413
f 406 715 407
f 406 407 812
f 406 413 412
f 406 412 849
f 406 812 413
f 406 413 849
f 406 810 715
f 406 812 715
f 406 812 810
f 406 849 812
f 407 812 413
f 407 715 812
f 408 414 409
f 408 409 773
f 408 1317 409
f 408 414 1317
f 408 773 810
f 408 773 1317
f 408 1317 810
f 409 414 1317
f 409 1317 773
f 409 773 1337
f 409 1317 1337
f 410 421 417
f 410 831 417
f 410 421 831
f 410 1202 421
f 410 1317 421
f 410 831 1202
f 410 831 1317
f 410 1317 1202
f 411 419 422
f 411 812 419
f 411 1100 419
f 411 422 812
f 411 422 1144
f 411 812 1100
f 411 1144 812
f 411 1100 1098
f 411 1144 1098
f 411 1144 1100
f 412 413 849
f 412 420 414
f 412 414 1317
f 412 849 420
f 412 420 1317
f 412 1009 849
f 412 1317 849
f 412 1317 1009
f 413 849 812
f 413 1144 812
f 413 1144 849
f 414 420 421
f 414 1317 420
f 414 421 1202
f 414 1317 421
f 414 1317 1202
f 415 416 421
f 415 749 416
f 415 416 1009
f 415 420 418
f 415 812 418
f 415 418 849
f 415 418 873
f 415 421 420
f 415 420 849
f 415 1009 420
f 415 421 1009
f 415 873 749
f 415 1009 749
f 415 812 849
f 415 812 873
f 415 812 1009
f 415 1009 849
f 415 873 1009
f 416 417 421
f 416 749 417
f 416 831 417
f 416 831 421
f 416 1009 421
f 416 831 749
f 416 1009 749
f 416 831 1009
f 417 421 831
f 417 831 749
f 418 422 419
f 418 419 711
f 418 812 419
f 418 420 422
f 418 420 849
f 418 422 812
f 418 422 849
f 418 812 711
f 418 711 873
f 418 849 812
f 418 873 812
f 419 812 422
f 419 812 711
f 419 1100 711
f 419 1100 812
f 420 1009 421
f 420 421 1317
f 420 849 422
f 420 1009 849
f 420 1317 849
f 420 1009 1317
f 421 831 1009
f 421 1317 831
f 421 1317 1009
f 421 1317 1202
f 422 812 849
f 422 812 1144
f 422 849 1144
f 423 429 433
f 423 429 880
f 423 429 1011
f 423 433 915
f 423 1011 433
f 423 880 915
f 423 1011 880
f 423 1011 915
f 424 432 427
f 424 427 954
f 424 1254 427
f 424 432 954
f 424 1131 432
f 424 432 1251
f 424 954 1251
f 424 954 1254
f 424 1131 1251
f 424 1254 1131
f 424 1251 1254
f 425 431 1016
f 425 1026 431
f 425 1076 431
f 425 1218 431
f 425 872 952
f 425 1015 872
f 425 1076 872
f 425 872 1218
f 425 952 1026
f 425 1076 952
f 425 1016 1015
f 425 1015 1218
f 425 1016 1218
f 425 1076 1026
f 425 1076 1218
f 426 427 432
f 426 952 427
f 426 427 954
f 426 954 432
f 426 432 1027
f 426 1076 432
f 426 954 952
f 426 1026 952
f 426 952 1076
f 426 1076 954
f 426 1027 1026
f 426 1026 1076
f 426 1027 1076
f 427 954 432
f 427 952 673
f 427 954 673
f 427 673 1066
f 427 954 952
f 427 954 1066
f 427 954 1254
f 427 1066 1254
f 428 433 429
f 428 429 746
f 428 429 1011
f 428 429 1218
f 428 1011 433
f 428 1015 433
f 428 433 1218
f 428 746 872
f 428 746 1218
f 428 872 1015
f 428 872 1218
f 428 1218 1011
f 428 1218 1015
f 429 1011 433
f 429 746 880
f 429 1011 746
f 429 1218 746
f 429 880 1011
f 429 1218 1011
f 430 687 434
f 430 434 690
f 430 1058 434
f 430 434 1269
f 430 688 687
f 430 1269 687
f 430 1041 688
f 430 688 1269
f 430 690 997
f 430 690 1058
f 430 997 1041
f 430 1058 997
f 430 997 1269
f 430 1269 1041
f 430 1269 1058
f 431 1154 1016
f 431 1218 1016
f 431 1026 1027
f 431 1026 1076
f 431 1027 1058
f 431 1027 1076
f 431 1076 1058
f 431 1058 1154
f 431 1076 1154
f 431 1076 1218
f 431 1218 1154
f 432 689 954
f 432 1018 689
f 432 689 1058
f 432 689 1251
f 432 1058 954
f 432 1076 954
f 432 1251 954
f 432 1131 1018
f 432 1251 1018
f 432 1058 1027
f 432 1027 1076
f 432 1058 1076
f 432 1251 1131
f 433 687 975
f 433 1011 687
f 433 1154 687
f 433 975 915
f 433 915 1011
f 433 975 1011
f 433 1011 1154
f 433 1218 1011
f 433 1015 1016
f 433 1015 1218
f 433 1016 1154
f 433 1218 1016
f 433 1154 1218
f 434 687 1154
f 434 1269 687
f 434 689 690
f 434 1058 689
f 434 690 1058
f 434 1154 1058
f 434 1269 1058
f 434 1269 1154
f 435 441 447
f 435 441 953
f 435 441 1175
f 435 447 1084
f 435 1175 447
f 435 1084 953
f 435 953 1175
f 435 1175 1084
f 436 445 439
f 436 439 850
f 436 439 978
f 436 978 445
f 436 1389 445
f 436 978 850
f 436 1335 850
f 436 850 1389
f 436 1389 978
f 436 1335 1389
f 437 869 443
f 437 1188 443
f 437 443 1259
f 437 443 1313
f 437 869 1188
f 437 1313 869
f 437 1348 869
f 437 1258 908
f 437 1313 908
f 437 908 1348
f 437 1348 1188
f 437 1259 1258
f 437 1258 1313
f 437 1313 1259
f 437 1348 1313
f 438 439 445
f 438 978 439
f 438 1448 439
f 438 445 444
f 438 444 869
f 438 444 978
f 438 444 1187
f 438 978 445
f 438 869 978
f 438 869 1187
f 438 869 1188
f 438 869 1448
f 438 978 1448
f 438 1187 1188
f 438 1188 1448
f 439 445 978
f 439 850 669
f 439 866 669
f 439 850 866
f 439 850 978
f 439 978 866
f 439 1448 866
f 439 1448 978
f 440 447 441
f 440 441 928
f 440 441 1175
f 440 446 447
f 440 446 1175
f 440 1258 446
f 440 447 1175
f 440 928 908
f 440 1175 908
f 440 908 1258
f 440 1175 928
f 440 1258 1175
f 441 1175 447
f 441 928 953
f 441 928 1175
f 441 953 1175
f 442 869 448
f 442 448 1080
f 442 1142 448
f 442 448 1313
f 442 1080 869
f 442 869 1129
f 442 1313 869
f 442 1080 1129
f 442 1129 1141
f 442 1129 1313
f 442 1141 1142
f 442 1141 1313
f 442 1313 1142
f 443 869 1187
f 443 869 1188
f 443 1249 869
f 443 869 1313
f 443 1404 869
f 443 1188 1187
f 443 1187 1404
f 443 1249 1259
f 443 1249 1313
f 443 1404 1249
f 443 1259 1313
f 444 445 978
f 444 445 1389
f 444 869 978
f 444 869 1187
f 444 869 1404
f 444 1389 978
f 444 978 1404
f 444 1404 1187
f 444 1389 1404
f 445 1389 978
f 446 1175 447
f 446 1439 447
f 446 1258 1175
f 446 1259 1175
f 446 1175 1439
f 446 1258 1259
f 446 1259 1439
f 447 1175 1084
f 447 1439 1084
f 447 1439 1175
f 448 869 1079
f 448 1080 869
f 448 1249 869
f 448 869 1313
f 448 1404 869
f 448 1079 1080
f 448 1404 1079
f 448 1142 1249
f 448 1313 1142
f 448 1313 1249
f 448 1249 1404
f 449 462 452
f 449 953 452
f 449 953 462
f 449 1084 462
f 449 953 1084
f 450 996 460
f 450 1069 460
f 450 460 1173
f 450 995 996
f 450 995 1038
f 450 1297 995
f 450 1038 996
f 450 1069 996
f 450 996 1070
f 450 996 1173
f 450 1297 996
f 450 1038 1070
f 450 1070 1069
f 450 1173 1297
f 451 452 462
f 451 1125 452
f 451 462 461
f 451 461 1070
f 451 461 1125
f 451 1213 461
f 451 462 1125
f 451 1070 1038
f 451 1038 1125
f 451 1038 1213
f 451 1213 1070
f 451 1213 1125
f 452 462 953
f 452 462 1125
f 452 953 1125
f 453 996 454
f 453 454 1182
f 453 454 1233
f 453 1343 454
f 453 996 994
f 453 1174 994
f 453 994 1343
f 453 1174 996
f 453 1181 996
f 453 996 1233
f 453 996 1343
f 453 1181 1174
f 453 1182 1181
f 453 1233 1181
f 453 1182 1233
f 454 1233 996
f 454 1342 996
f 454 1343 996
f 454 1233 1182
f 454 1342 1233
f 454 1343 1342
f 455 457 459
f 455 457 1235
f 455 953 459
f 455 459 1084
f 455 459 1235
f 455 1084 953
f 455 1235 953
f 455 1084 1235
f 456 459 457
f 456 457 951
f 456 953 457
f 456 458 459
f 456 458 953
f 456 1181 458
f 456 458 1213
f 456 459 953
f 456 953 951
f 456 951 1174
f 456 1213 951
f 456 953 1213
f 456 1174 1181
f 456 1213 1174
f 456 1213 1181
f 457 953 459
f 457 459 1235
f 457 818 951
f 457 818 1235
f 457 951 953
f 457 951 1235
f 457 1235 953
f 458 461 459
f 458 459 953
f 458 953 461
f 458 461 1213
f 458 1233 461
f 458 953 1213
f 458 1181 1182
f 458 1181 1213
f 458 1182 1213
f 458 1182 1233
f 458 1233 1213
f 459 461 462
f 459 461 953
f 459 462 953
f 459 462 1084
f 459 953 1084
f 459 953 1235
f 460 1069 996
f 460 1172 996
f 460 996 1173
f 460 1233 996
f 460 1069 1233
f 460 1172 1173
f 460 1233 1172
f 461 462 953
f 461 462 1125
f 461 953 1125
f 461 1213 953
f 461 1069 1070
f 461 1069 1213
f 461 1233 1069
f 461 1070 1213
f 461 1125 1213
f 461 1233 1213
f 462 1084 953
f 462 953 1125
f 463 466 471
f 463 466 1210
f 463 1425 466
f 463 1210 471
f 463 471 1253
f 463 1253 1210
f 463 1331 1210
f 463 1210 1421
f 463 1210 1425
f 463 1253 1331
f 463 1421 1331
f 463 1425 1421
f 464 470 465
f 464 465 1097
f 464 465 1123
f 464 1214 465
f 464 469 470
f 464 969 469
f 464 1105 469
f 464 469 1123
f 464 469 1132
f 464 470 1123
f 464 962 969
f 464 1097 962
f 464 962 1105
f 464 1132 962
f 464 1132 969
f 464 1105 1097
f 464 1097 1214
f 464 1123 1105
f 464 1132 1105
f 464 1105 1214
f 464 1123 1214
f 465 471 466
f 465 466 1214
f 465 466 1425
f 465 470 471
f 465 470 1123
f 465 1214 470
f 465 471 1214
f 465 1104 1097
f 465 1214 1097
f 465 1104 1214
f 465 1425 1104
f 465 1123 1214
f 465 1214 1425
f 466 1210 471
f 466 1214 471
f 466 1210 1214
f 466 1425 1210
f 466 1425 1214
f 467 476 474
f 467 1417 474
f 467 1253 476
f 467 1417 476
f 467 1331 1253
f 467 1253 1417
f 467 1349 1331
f 467 1331 1417
f 467 1349 1417
f 468 469 1068
f 468 469 1105
f 468 1123 469
f 468 1132 469
f 468 472 475
f 468 1077 472
f 468 1105 472
f 468 472 1123
f 468 472 1443
f 468 475 1123
f 468 1068 1078
f 468 1068 1132
f 468 1078 1077
f 468 1443 1077
f 468 1132 1078
f 468 1078 1443
f 468 1123 1105
f 468 1105 1132
f 468 1443 1105
f 468 1132 1443
f 469 1123 470
f 469 969 968
f 469 968 1068
f 469 1132 968
f 469 969 1132
f 469 1068 1132
f 469 1105 1123
f 469 1132 1105
f 470 1214 471
f 470 1253 471
f 470 1214 1123
f 470 1123 1253
f 470 1253 1214
f 471 1210 1214
f 471 1210 1253
f 471 1253 1214
f 472 473 475
f 472 1123 473
f 472 1418 473
f 472 475 1123
f 472 1105 989
f 472 1373 989
f 472 989 1418
f 472 1077 1373
f 472 1077 1443
f 472 1123 1105
f 472 1373 1105
f 472 1105 1418
f 472 1443 1105
f 472 1123 1418
f 472 1443 1373
f 473 474 476
f 473 1388 474
f 473 1417 474
f 473 476 475
f 473 475 1123
f 473 1214 475
f 473 1417 475
f 473 476 1417
f 473 1214 1123
f 473 1123 1418
f 473 1214 1417
f 473 1214 1418
f 473 1388 1417
f 473 1418 1388
f 473 1418 1417
f 474 476 1417
f 474 1388 1417
f 474 1388 1455
f 474 1455 1417
f 475 476 1253
f 475 1417 476
f 475 1214 1123
f 475 1253 1123
f 475 1253 1214
f 475 1417 1214
f 475 1253 1417
f 476 1417 1253
f 477 481 492
f 477 1252 481
f 477 492 1217
f 477 1252 492
f 477 492 1330
f 477 1217 1252
f 477 1330 1217
f 477 1252 1330
f 478 490 720
f 478 733 490
f 478 490 1044
f 478 490 1151
f 478 1264 490
f 478 720 721
f 478 720 1151
f 478 721 1151
f 478 1030 733
f 478 1044 733
f 478 1030 1044
f 478 1151 1030
f 478 1151 1044
f 478 1264 1044
f 478 1151 1264
f 479 492 480
f 479 480 1293
f 479 480 1330
f 479 491 492
f 479 721 491
f 479 1145 491
f 479 491 1293
f 479 1330 491
f 479 492 1330
f 479 1145 721
f 479 1293 721
f 479 1293 1145
f 479 1330 1293
f 480 492 481
f 480 481 801
f 480 1252 481
f 480 492 1252
f 480 492 1330
f 480 801 1252
f 480 801 1293
f 480 1330 801
f 480 1252 1330
f 480 1293 1330
f 481 492 1252
f 481 801 1252
f 482 724 483
f 482 483 731
f 482 483 1264
f 482 725 724
f 482 1264 724
f 482 1049 725
f 482 1264 725
f 482 731 1225
f 482 731 1264
f 482 1225 1049
f 482 1049 1264
f 482 1225 1264
f 483 724 1149
f 483 1264 724
f 483 730 731
f 483 730 1264
f 483 1397 730
f 483 731 1264
f 483 1149 1264
f 483 1149 1397
f 483 1397 1264
f 484 489 487
f 484 1330 487
f 484 1217 489
f 484 1330 489
f 484 1217 1330
f 485 486 489
f 485 1321 486
f 485 486 1330
f 485 489 488
f 485 488 725
f 485 488 1145
f 485 488 1330
f 485 1330 489
f 485 725 1145
f 485 725 1321
f 485 1321 1145
f 485 1145 1330
f 485 1321 1330
f 486 487 489
f 486 802 487
f 486 1330 487
f 486 1330 489
f 486 1321 802
f 486 802 1330
f 486 1330 1321
f 487 489 1330
f 487 802 1292
f 487 802 1330
f 487 1292 1330
f 488 489 492
f 488 1330 489
f 488 492 491
f 488 491 720
f 488 491 1145
f 488 491 1330
f 488 1330 492
f 488 720 724
f 488 1145 720
f 488 724 725
f 488 724 1145
f 488 1145 725
f 488 1330 1145
f 489 1217 492
f 489 1330 492
f 489 1217 1330
f 490 1149 720
f 490 720 1151
f 490 733 732
f 490 1044 732
f 490 732 1397
f 490 1044 733
f 490 1044 1264
f 490 1397 1044
f 490 1149 1151
f 490 1149 1264
f 490 1397 1149
f 490 1151 1264
f 490 1264 1397
f 491 1330 492
f 491 721 720
f 491 720 1145
f 491 1145 721
f 491 1293 1145
f 491 1145 1330
f 491 1293 1330
f 492 1217 1330
f 492 1252 1330
f 493 499 503
f 493 499 1156
f 493 503 809
f 493 503 1156
f 493 809 913
f 493 809 974
f 493 809 1156
f 493 974 913
f 493 1156 913
f 494 502 497
f 494 909 497
f 494 497 1252
f 494 909 502
f 494 1217 502
f 494 909 1217
f 494 909 1252
f 494 1252 1217
f 495 496 501
f 495 955 496
f 495 496 1119
f 495 501 498
f 495 982 498
f 495 498 1091
f 495 501 982
f 495 1119 501
f 495 955 982
f 495 1091 955
f 495 1119 955
f 495 1091 982
f 495 982 1119
f 496 497 502
f 496 801 497
f 496 497 909
f 496 1119 497
f 496 502 501
f 496 501 1119
f 496 909 502
f 496 502 1119
f 496 955 801
f 496 801 1119
f 496 1119 909
f 496 955 1119
f 497 909 502
f 497 909 801
f 497 1119 801
f 497 801 1252
f 497 909 1119
f 497 1252 909
f 498 503 499
f 498 499 777
f 498 499 1156
f 498 501 503
f 498 982 501
f 498 503 982
f 498 1156 503
f 498 777 1091
f 498 1156 777
f 498 1091 982
f 498 982 1156
f 498 1091 1156
f 499 1156 503
f 499 1156 777
f 500 508 504
f 500 504 982
f 500 504 1093
f 500 504 1152
f 500 1435 504
f 500 506 508
f 500 1220 506
f 500 506 1435
f 500 508 1435
f 500 1093 862
f 500 1152 862
f 500 862 1220
f 500 982 1152
f 500 1220 982
f 500 1435 982
f 500 1152 1093
f 500 1220 1152
f 500 1220 1435
f 501 502 1047
f 501 502 1119
f 501 982 503
f 501 1221 503
f 501 1047 982
f 501 982 1119
f 501 1221 982
f 501 1047 1119
f 501 1047 1221
f 502 680 909
f 502 680 1047
f 502 1217 680
f 502 1047 909
f 502 1119 909
f 502 1217 909
f 502 1119 1047
f 503 1156 809
f 503 1221 809
f 503 982 1156
f 503 982 1221
f 503 1221 1156
f 504 508 1221
f 504 1435 508
f 504 1152 982
f 504 1221 982
f 504 1435 982
f 504 1047 1094
f 504 1047 1152
f 504 1221 1047
f 504 1094 1093
f 504 1152 1093
f 504 1094 1152
f 504 1152 1221
f 504 1221 1435
f 505 508 507
f 505 809 507
f 505 507 913
f 505 809 508
f 505 913 809
f 505 974 809
f 505 974 913
f 506 507 508
f 506 776 507
f 506 507 1435
f 506 1435 508
f 506 1220 776
f 506 1435 776
f 506 1220 1435
f 507 508 809
f 507 508 1435
f 507 776 913
f 507 1435 776
f 507 809 913
f 507 809 1435
f 507 1435 913
f 508 809 1221
f 508 809 1435
f 508 1435 1221
f 509 519 513
f 509 513 1200
f 509 974 519
f 509 519 1200
f 509 913 974
f 509 1200 913
f 509 1200 974
f 510 515 520
f 510 819 515
f 510 1121 515
f 510 520 1121
f 510 948 819
f 510 1121 819
f 510 1121 948
f 511 512 518
f 511 986 512
f 511 512 1287
f 511 520 514
f 511 514 1288
f 511 514 1378
f 511 518 520
f 511 518 1287
f 511 518 1378
f 511 1378 520
f 511 1287 950
f 511 950 1288
f 511 950 1378
f 511 986 1287
f 511 1288 986
f 511 1288 1287
f 511 1378 1287
f 511 1378 1288
f 512 513 519
f 512 986 513
f 512 513 1200
f 512 519 518
f 512 1287 518
f 512 519 1200
f 512 1287 519
f 512 1200 986
f 512 1287 986
f 512 1287 1200
f 513 1200 519
f 513 986 777
f 513 777 1200
f 513 986 1200
f 514 520 515
f 514 515 741
f 514 819 515
f 514 520 819
f 514 520 950
f 514 1121 520
f 514 1378 520
f 514 819 741
f 514 950 741
f 514 741 1288
f 514 819 950
f 514 819 1121
f 514 1121 950
f 514 950 1288
f 514 950 1378
f 514 1288 1378
f 515 520 819
f 515 520 1121
f 515 741 819
f 515 819 1121
f 516 527 528
f 516 527 913
f 516 1200 527
f 516 528 974
f 516 528 1200
f 516 974 913
f 516 1200 913
f 516 1200 974
f 517 525 524
f 517 819 524
f 517 1121 524
f 517 1121 525
f 517 948 819
f 517 1121 819
f 517 948 1121
f 518 519 999
f 518 519 1287
f 518 1378 520
f 518 1287 999
f 518 999 1378
f 518 1287 1378
f 519 974 528
f 519 528 999
f 519 1200 528
f 519 974 1200
f 519 1200 999
f 519 999 1287
f 519 1287 1200
f 520 1121 819
f 520 950 1121
f 520 1378 950
f 520 1378 1121
f 521 526 522
f 521 522 950
f 521 522 1287
f 521 522 1441
f 521 528 526
f 521 1287 526
f 521 999 528
f 521 528 1287
f 521 950 1287
f 521 1378 950
f 521 950 1441
f 521 999 1287
f 521 1378 999
f 521 1287 1378
f 521 1441 1378
f 522 1287 526
f 522 526 1329
f 522 950 1287
f 522 950 1440
f 522 950 1441
f 522 1442 950
f 522 1329 1287
f 522 1287 1440
f 522 1329 1440
f 522 1440 1442
f 522 1442 1441
f 523 524 525
f 523 740 524
f 523 950 524
f 523 524 1121
f 523 950 525
f 523 525 1121
f 523 525 1442
f 523 950 740
f 523 1440 740
f 523 1121 950
f 523 950 1440
f 523 1442 950
f 523 1442 1440
f 524 525 1121
f 524 740 819
f 524 950 740
f 524 740 959
f 524 819 950
f 524 959 819
f 524 819 1121
f 524 950 1121
f 525 950 1121
f 525 950 1378
f 525 950 1441
f 525 1442 950
f 525 1121 1378
f 525 1378 1441
f 525 1441 1442
f 526 528 527
f 526 527 1200
f 526 527 1329
f 526 528 1200
f 526 1287 528
f 526 1200 1287
f 526 1329 1200
f 526 1329 1287
f 527 1200 528
f 527 913 776
f 527 776 1200
f 527 776 1329
f 527 913 1200
f 527 1329 1200
f 528 1200 974
f 528 1200 999
f 528 999 1287
f 528 1200 1287
f 529 535 539
f 529 1100 535
f 529 1236 535
f 529 539 1236
f 529 1100 1098
f 529 1236 1098
f 529 1236 1100
f 530 538 533
f 530 533 819
f 530 533 1403
f 530 1403 538
f 530 948 819
f 530 819 1403
f 530 948 1403
f 531 537 534
f 531 534 979
f 531 534 1164
f 531 1035 537
f 531 1164 537
f 531 1375 537
f 531 979 901
f 531 1035 901
f 531 1164 901
f 531 901 1376
f 531 1164 979
f 531 1035 1164
f 531 1035 1375
f 531 1376 1035
f 531 1376 1375
f 532 533 538
f 532 782 533
f 532 1035 533
f 532 1035 538
f 532 538 1376
f 532 1035 782
f 532 1376 782
f 532 1035 1376
f 533 538 1035
f 533 1403 538
f 533 782 819
f 533 782 1035
f 533 1035 819
f 533 819 1403
f 533 1035 1403
f 534 539 535
f 534 535 979
f 534 535 1295
f 534 537 539
f 534 537 1164
f 534 1164 539
f 534 539 1295
f 534 1164 979
f 534 979 1295
f 534 1295 1164
f 535 1236 539
f 535 1295 539
f 535 715 979
f 535 715 1100
f 535 1100 979
f 535 979 1295
f 535 1100 1236
f 535 1295 1100
f 535 1236 1295
f 536 692 540
f 536 540 1170
f 536 1245 540
f 536 1120 692
f 536 692 1245
f 536 902 1120
f 536 1169 902
f 536 902 1245
f 536 1245 1120
f 536 1170 1169
f 536 1169 1245
f 536 1245 1170
f 537 1164 539
f 537 1239 539
f 537 1035 1164
f 537 1239 1035
f 537 1035 1375
f 537 1164 1239
f 537 1375 1239
f 538 1035 1239
f 538 1375 1035
f 538 1376 1035
f 538 1035 1403
f 538 1239 1375
f 538 1403 1239
f 538 1375 1376
f 539 1164 1236
f 539 1164 1239
f 539 1295 1164
f 539 1239 1236
f 539 1236 1295
f 540 692 691
f 540 691 1164
f 540 691 1239
f 540 1245 691
f 540 1245 692
f 540 1164 1239
f 540 1245 1164
f 540 1239 1170
f 540 1245 1170
f 540 1239 1245
f 541 551 545
f 541 814 545
f 541 1183 545
f 541 814 551
f 541 1067 551
f 541 1067 814
f 541 1183 814
f 541 1183 1067
f 542 547 552
f 542 547 850
f 542 1291 547
f 542 552 1291
f 542 552 1335
f 542 1291 850
f 542 850 1335
f 542 1291 1335
f 543 544 550
f 543 896 544
f 543 544 940
f 543 552 546
f 543 546 1290
f 543 546 1291
f 543 550 552
f 543 550 940
f 543 1291 550
f 543 552 1291
f 543 896 940
f 543 1290 896
f 543 940 1290
f 543 1291 940
f 543 1290 1291
f 544 545 551
f 544 775 545
f 544 545 814
f 544 551 550
f 544 550 940
f 544 551 814
f 544 940 551
f 544 775 814
f 544 896 775
f 544 896 814
f 544 940 814
f 544 896 940
f 545 814 551
f 545 775 814
f 545 1183 775
f 545 814 1183
f 546 552 547
f 546 547 1290
f 546 547 1291
f 546 552 1291
f 546 1291 1290
f 547 1291 552
f 547 669 850
f 547 669 1290
f 547 850 1290
f 547 850 1291
f 547 1290 1291
f 548 559 560
f 548 814 559
f 548 559 1082
f 548 560 814
f 548 560 1067
f 548 1067 814
f 548 1082 814
f 548 1067 1082
f 549 557 556
f 549 850 556
f 549 556 1370
f 549 557 850
f 549 1291 557
f 549 1335 557
f 549 1291 850
f 549 1335 850
f 549 1370 850
f 549 1335 1291
f 549 1370 1335
f 550 551 560
f 550 940 551
f 550 1053 552
f 550 552 1291
f 550 560 553
f 550 553 940
f 550 553 1053
f 550 940 560
f 550 940 1053
f 550 1291 940
f 550 1291 1053
f 551 814 560
f 551 940 560
f 551 1067 560
f 551 814 940
f 551 814 1067
f 552 1291 1053
f 552 1053 1335
f 552 1335 1291
f 553 554 557
f 553 558 554
f 553 554 940
f 553 554 1053
f 553 557 1053
f 553 560 558
f 553 558 940
f 553 560 940
f 553 940 1053
f 554 555 557
f 554 555 940
f 554 1013 555
f 554 555 1053
f 554 557 1053
f 554 940 558
f 554 558 1013
f 554 940 1013
f 554 1053 940
f 555 556 557
f 555 668 556
f 555 850 556
f 555 557 850
f 555 557 1053
f 555 557 1291
f 555 668 850
f 555 940 668
f 555 1013 668
f 555 940 850
f 555 850 1291
f 555 940 1013
f 555 1053 940
f 555 1291 940
f 555 1291 1053
f 556 557 850
f 556 668 833
f 556 850 668
f 556 833 850
f 556 1370 833
f 556 850 1370
f 557 850 1291
f 557 1291 1053
f 557 1335 1053
f 557 1291 1335
f 558 560 559
f 558 559 774
f 558 814 559
f 558 560 814
f 558 560 940
f 558 774 814
f 558 774 1013
f 558 814 940
f 558 814 1013
f 558 940 1013
f 559 814 560
f 559 774 814
f 559 774 1082
f 559 814 1082
f 560 940 814
f 560 814 1067
f 561 569 562
f 561 1092 562
f 561 1227 562
f 561 1481 562
f 561 562 1483
f 561 562 1493
f 561 562 1498
f 561 569 695
f 561 1092 569
f 561 1227 569
f 561 695 1092
f 561 695 1492
f 561 695 1493
f 561 1493 1092
f 561 1483 1227
f 561 1481 1483
f 561 1488 1481
f 561 1498 1481
f 561 1492 1488
f 561 1488 1498
f 561 1493 1492
f 561 1492 1498
f 561 1498 1493
f 562 570 569
f 562 569 1092
f 562 1226 569
f 562 1227 569
f 562 1092 570
f 562 570 1226
f 562 1493 1092
f 562 1226 1227
f 562 1226 1482
f 562 1483 1226
f 562 1483 1227
f 562 1481 1482
f 562 1483 1481
f 562 1481 1498
f 562 1482 1483
f 562 1482 1498
f 562 1498 1493
f 563 564 578
f 563 564 714
f 563 564 1180
f 563 564 1189
f 563 564 1296
f 563 564 1361
f 563 1477 564
f 563 564 1491
f 563 578 577
f 563 577 1095
f 563 1296 577
f 563 1361 577
f 563 1438 577
f 563 578 1296
f 563 578 1361
f 563 714 713
f 563 1045 713
f 563 713 1180
f 563 713 1189
f 563 714 1180
f 563 1189 714
f 563 1095 1045
f 563 1189 1045
f 563 1045 1296
f 563 1095 1296
f 563 1180 1476
f 563 1180 1477
f 563 1296 1189
f 563 1438 1361
f 563 1491 1361
f 563 1476 1438
f 563 1491 1438
f 563 1477 1476
f 563 1491 1476
f 563 1477 1491
f 564 1096 578
f 564 578 1296
f 564 578 1361
f 564 714 1180
f 564 714 1189
f 564 1477 714
f 564 1189 1096
f 564 1296 1096
f 564 1477 1180
f 564 1189 1296
f 564 1361 1491
f 564 1491 1477
f 565 566 593
f 565 1360 566
f 565 566 1361
f 565 1437 566
f 565 566 1438
f 565 1478 566
f 565 1485 566
f 565 1495 566
f 565 1497 566
f 565 593 1360
f 565 1485 593
f 565 593 1495
f 565 1496 593
f 565 1360 1361
f 565 1360 1438
f 565 1485 1360
f 565 1438 1361
f 565 1438 1437
f 565 1478 1437
f 565 1438 1478
f 565 1478 1497
f 565 1495 1496
f 565 1497 1495
f 565 1497 1496
f 566 593 594
f 566 1485 593
f 566 1495 593
f 566 1485 594
f 566 594 1495
f 566 1361 1360
f 566 1360 1485
f 566 1437 1361
f 566 1438 1361
f 566 1361 1485
f 566 1438 1437
f 566 1478 1437
f 566 1479 1437
f 566 1478 1479
f 566 1497 1478
f 566 1487 1479
f 566 1479 1497
f 566 1495 1487
f 566 1487 1497
f 566 1497 1495
f 567 568 752
f 567 568 806
f 567 568 1117
f 567 1204 568
f 567 1212 568
f 567 1341 568
f 567 568 1345
f 567 602 753
f 567 947 602
f 567 602 1341
f 567 615 947
f 567 1204 615
f 567 1346 615
f 567 752 753
f 567 806 752
f 567 752 1341
f 567 753 806
f 567 1341 753
f 567 806 1117
f 567 806 1212
f 567 947 1204
f 567 1341 947
f 567 1212 1117
f 567 1204 1341
f 567 1204 1345
f 567 1346 1204
f 567 1212 1345
f 567 1212 1346
f 567 1346 1345
f 568 752 601
f 568 601 946
f 568 601 1341
f 568 946 616
f 568 1204 616
f 568 616 1345
f 568 748 949
f 568 748 1117
f 568 1212 748
f 568 1345 748
f 568 752 806
f 568 846 752
f 568 752 1341
f 568 846 806
f 568 806 1117
f 568 949 846
f 568 846 1117
f 568 1204 946
f 568 946 1341
f 568 949 1117
f 568 1117 1212
f 568 1341 1204
f 568 1345 1204
f 568 1345 1212
f 569 570 757
f 569 1092 570
f 569 570 1216
f 569 1226 570
f 569 617 750
f 569 756 617
f 569 1216 617
f 569 917 695
f 569 695 1092
f 569 750 917
f 569 1216 750
f 569 757 756
f 569 1216 756
f 569 1226 756
f 569 1227 756
f 569 1216 757
f 569 1226 757
f 569 1092 917
f 569 1216 917
f 569 1216 1092
f 569 1226 1227
f 570 618 757
f 570 1092 618
f 570 618 1216
f 570 1216 757
f 570 757 1226
f 570 1092 1216
f 571 1180 572
f 571 1436 572
f 571 572 1477
f 571 1486 572
f 571 603 770
f 571 1180 603
f 571 603 1436
f 571 770 1436
f 571 770 1456
f 571 1436 1180
f 571 1476 1180
f 571 1180 1477
f 571 1436 1456
f 571 1436 1486
f 571 1456 1476
f 571 1486 1456
f 571 1477 1476
f 571 1486 1476
f 571 1486 1477
f 572 771 604
f 572 604 794
f 572 1436 604
f 572 794 714
f 572 1180 714
f 572 714 1477
f 572 1436 771
f 572 1457 771
f 572 1180 794
f 572 1436 794
f 572 1180 1436
f 572 1477 1180
f 572 1457 1436
f 572 1436 1486
f 572 1486 1457
f 572 1477 1486
f 573 574 631
f 573 574 632
f 573 574 722
f 573 855 574
f 573 1332 574
f 573 574 1410
f 573 574 1424
f 573 574 1453
f 573 631 632
f 573 722 631
f 573 631 855
f 573 632 855
f 573 1410 722
f 573 855 1332
f 573 855 1453
f 573 1424 1332
f 573 1453 1332
f 573 1410 1424
f 574 631 632
f 574 722 631
f 574 631 723
f 574 1321 631
f 574 632 855
f 574 632 1321
f 574 1453 632
f 574 722 723
f 574 1410 722
f 574 1321 723
f 574 723 1410
f 574 723 1424
f 574 855 1453
f 574 1332 1333
f 574 1332 1424
f 574 1332 1453
f 574 1424 1333
f 574 1333 1453
f 574 1424 1410
f 575 620 576
f 575 576 634
f 575 893 576
f 575 1270 576
f 575 1332 576
f 575 576 1355
f 575 576 1412
f 575 1453 576
f 575 576 1470
f 575 620 619
f 575 894 619
f 575 1355 619
f 575 619 1453
f 575 1355 620
f 575 1453 620
f 575 634 1270
f 575 1333 634
f 575 634 1412
f 575 893 894
f 575 1355 893
f 575 893 1470
f 575 1355 894
f 575 1470 894
f 575 1270 1470
f 575 1332 1333
f 575 1412 1332
f 575 1453 1332
f 575 1412 1333
f 575 1453 1333
f 576 893 606
f 576 606 1043
f 576 606 1470
f 576 620 893
f 576 1332 620
f 576 1355 620
f 576 620 1453
f 576 635 634
f 576 634 1270
f 576 1412 634
f 576 1043 635
f 576 635 1270
f 576 635 1332
f 576 635 1368
f 576 635 1412
f 576 1355 893
f 576 893 1470
f 576 1368 1043
f 576 1043 1470
f 576 1270 1368
f 576 1270 1470
f 576 1332 1412
f 576 1453 1332
f 576 1470 1368
f 577 578 865
f 577 1096 578
f 577 1296 578
f 577 1361 578
f 577 578 1390
f 577 865 636
f 577 938 636
f 577 636 1095
f 577 636 1390
f 577 938 865
f 577 1360 865
f 577 865 1361
f 577 1390 865
f 577 1360 938
f 577 1096 1095
f 577 1095 1296
f 577 1390 1095
f 577 1296 1096
f 577 1096 1390
f 577 1360 1361
f 577 1438 1360
f 577 1438 1361
f 578 637 865
f 578 637 937
f 578 1096 637
f 578 1390 637
f 578 937 865
f 578 1361 865
f 578 865 1390
f 578 937 1361
f 578 1096 1296
f 578 1390 1096
f 579 945 581
f 579 581 1463
f 579 1467 581
f 579 582 1197
f 579 582 1395
f 579 1430 582
f 579 1467 582
f 579 945 1197
f 579 1395 945
f 579 1467 945
f 579 1197 1395
f 579 1467 1197
f 579 1431 1430
f 579 1467 1430
f 579 1463 1431
f 579 1431 1467
f 579 1467 1463
f 580 581 667
f 580 945 581
f 580 581 1197
f 580 1271 581
f 580 667 666
f 580 945 666
f 580 666 1014
f 580 666 1358
f 580 667 945
f 580 1197 945
f 580 945 1358
f 580 1014 1054
f 580 1014 1197
f 580 1014 1358
f 580 1054 1197
f 580 1054 1271
f 580 1197 1271
f 580 1358 1197
f 581 945 667
f 581 945 1197
f 581 945 1467
f 581 1271 1197
f 581 1272 1197
f 581 1197 1467
f 581 1271 1272
f 581 1272 1463
f 581 1272 1467
f 581 1467 1463
f 582 1111 921
f 582 921 1197
f 582 921 1394
f 582 1197 1111
f 582 1430 1111
f 582 1467 1111
f 582 1197 1394
f 582 1197 1395
f 582 1197 1467
f 582 1394 1395
f 582 1467 1430
f 583 650 584
f 583 584 1227
f 583 1230 584
f 583 584 1300
f 583 584 1456
f 583 584 1482
f 583 584 1483
f 583 649 650
f 583 649 1230
f 583 1300 649
f 583 650 1230
f 583 650 1300
f 583 1230 1227
f 583 1227 1483
f 583 1456 1300
f 583 1481 1456
f 583 1482 1456
f 583 1481 1482
f 583 1483 1481
f 583 1483 1482
f 584 650 771
f 584 930 650
f 584 1230 650
f 584 650 1300
f 584 1300 771
f 584 771 1457
f 584 1226 930
f 584 1230 930
f 584 1227 1226
f 584 1226 1230
f 584 1482 1226
f 584 1226 1483
f 584 1227 1230
f 584 1483 1227
f 584 1456 1300
f 584 1457 1300
f 584 1456 1457
f 584 1456 1482
f 584 1457 1482
f 584 1482 1483
f 585 587 586
f 585 671 586
f 585 586 672
f 585 841 586
f 585 842 586
f 585 586 972
f 585 1129 586
f 585 1294 586
f 585 586 1350
f 585 587 588
f 585 587 1129
f 585 1294 587
f 585 588 671
f 585 588 1129
f 585 1294 588
f 585 672 671
f 585 671 842
f 585 671 1129
f 585 672 842
f 585 841 842
f 585 972 841
f 585 842 972
f 585 972 1350
f 585 1350 1294
f 586 587 747
f 586 1129 587
f 586 587 1294
f 586 671 672
f 586 1129 671
f 586 841 672
f 586 672 842
f 586 672 1129
f 586 747 1229
f 586 747 1294
f 586 842 841
f 586 971 841
f 586 841 972
f 586 972 971
f 586 1229 971
f 586 1350 971
f 586 972 1350
f 586 1229 1294
f 586 1229 1350
f 586 1350 1294
f 587 747 588
f 587 588 866
f 587 588 1003
f 587 588 1129
f 587 1212 588
f 587 1294 588
f 587 588 1345
f 587 830 668
f 587 668 1003
f 587 668 1346
f 587 1212 747
f 587 747 1294
f 587 830 866
f 587 1003 830
f 587 1129 830
f 587 1003 866
f 587 1129 866
f 587 1212 1003
f 587 1345 1003
f 587 1003 1346
f 587 1345 1212
f 587 1346 1212
f 588 669 866
f 588 669 1003
f 588 1345 669
f 588 908 671
f 588 1129 671
f 588 747 748
f 588 747 1212
f 588 1294 747
f 588 1212 748
f 588 1294 748
f 588 748 1345
f 588 866 908
f 588 866 1003
f 588 1129 866
f 588 1129 908
f 588 1003 1345
f 588 1345 1212
f 589 708 591
f 589 853 591
f 589 591 1001
f 589 592 701
f 589 704 592
f 589 592 853
f 589 970 592
f 589 1381 592
f 589 701 708
f 589 701 853
f 589 701 970
f 589 703 704
f 589 1001 703
f 589 1381 703
f 589 704 1381
f 589 853 708
f 589 970 853
f 589 853 1001
f 589 853 1381
f 589 1001 1381
f 590 591 708
f 590 591 853
f 590 591 1039
f 590 1444 591
f 590 591 1449
f 590 708 707
f 590 707 1039
f 590 1039 708
f 590 1039 853
f 590 853 1449
f 590 1039 1000
f 590 1000 1444
f 590 1000 1449
f 590 1449 1039
f 590 1449 1444
f 591 853 708
f 591 1039 708
f 591 853 1001
f 591 1039 853
f 591 1449 853
f 591 1445 1001
f 591 1001 1449
f 591 1444 1445
f 591 1449 1444
f 591 1445 1449
f 592 702 701
f 592 701 970
f 592 970 702
f 592 704 1298
f 592 704 1381
f 592 853 970
f 592 853 1298
f 592 853 1381
f 592 1298 970
f 592 1381 1298
f 593 825 594
f 593 889 594
f 593 1359 594
f 593 594 1485
f 593 594 1495
f 593 621 889
f 593 621 1495
f 593 1496 621
f 593 709 825
f 593 889 709
f 593 709 1359
f 593 825 889
f 593 1359 825
f 593 889 1495
f 593 1359 1360
f 593 1485 1359
f 593 1360 1485
f 593 1495 1496
f 594 825 710
f 594 710 1107
f 594 1171 710
f 594 1484 710
f 594 889 825
f 594 825 1107
f 594 825 1359
f 594 825 1484
f 594 889 1107
f 594 889 1495
f 594 1107 1495
f 594 1484 1171
f 594 1485 1171
f 594 1484 1359
f 594 1359 1485
f 594 1484 1485
f 595 596 711
f 595 596 715
f 595 873 596
f 595 596 1275
f 595 596 1338
f 595 711 715
f 595 873 711
f 595 711 1120
f 595 711 1338
f 595 715 873
f 595 873 1130
f 595 1186 873
f 595 873 1275
f 595 1120 1301
f 595 1120 1338
f 595 1130 1186
f 595 1130 1275
f 595 1186 1275
f 595 1301 1186
f 595 1301 1275
f 595 1275 1338
f 595 1338 1301
f 596 810 613
f 596 1130 613
f 596 711 715
f 596 1338 711
f 596 715 810
f 596 715 873
f 596 979 715
f 596 1338 715
f 596 810 873
f 596 1130 810
f 596 1275 810
f 596 873 1275
f 596 901 979
f 596 1043 901
f 596 901 1275
f 596 901 1338
f 596 979 1338
f 596 1127 1043
f 596 1043 1275
f 596 1130 1127
f 596 1275 1127
f 596 1275 1130
f 596 1338 1275
f 597 599 734
f 597 1106 599
f 597 1122 599
f 597 727 600
f 597 600 730
f 597 1106 600
f 597 1122 600
f 597 726 727
f 597 734 726
f 597 726 1122
f 597 727 1122
f 597 730 1106
f 597 734 1122
f 597 1106 1122
f 598 599 732
f 598 735 599
f 598 599 1106
f 598 1122 599
f 598 732 733
f 598 1106 732
f 598 1106 733
f 598 733 1276
f 598 935 735
f 598 1122 735
f 598 1122 935
f 598 1276 935
f 598 1106 1122
f 598 1276 1106
f 598 1122 1276
f 599 1106 732
f 599 735 734
f 599 734 1122
f 599 735 1122
f 599 1106 1122
f 600 727 1031
f 600 727 1122
f 600 731 730
f 600 730 1106
f 600 1106 731
f 600 1225 731
f 600 1031 1122
f 600 1031 1225
f 600 1106 1122
f 600 1106 1225
f 600 1122 1225
f 601 602 753
f 601 602 1148
f 601 1341 602
f 601 872 746
f 601 746 946
f 601 746 1148
f 601 1341 746
f 601 752 753
f 601 752 828
f 601 752 1148
f 601 1341 752
f 601 753 1148
f 601 753 1341
f 601 828 845
f 601 828 1148
f 601 845 872
f 601 1148 845
f 601 872 1148
f 601 1341 946
f 601 1341 1148
f 602 813 753
f 602 753 1148
f 602 1341 753
f 602 961 813
f 602 813 1148
f 602 947 864
f 602 864 961
f 602 1148 864
f 602 864 1341
f 602 947 1341
f 602 961 1148
f 602 1341 1148
f 603 832 769
f 603 769 868
f 603 769 925
f 603 769 1163
f 603 769 1316
f 603 925 770
f 603 1436 770
f 603 868 832
f 603 1180 832
f 603 832 1436
f 603 868 1316
f 603 868 1436
f 603 1163 925
f 603 925 1436
f 603 1163 1316
f 603 1436 1163
f 603 1436 1180
f 603 1436 1316
f 604 771 939
f 604 771 1436
f 604 868 772
f 604 939 772
f 604 1163 772
f 604 772 1242
f 604 772 1316
f 604 772 1436
f 604 868 794
f 604 1242 794
f 604 1436 794
f 604 868 1242
f 604 868 1316
f 604 1436 868
f 604 939 1163
f 604 1436 939
f 604 1436 1163
f 604 1436 1316
f 605 740 894
f 605 959 740
f 605 1133 740
f 605 1133 894
f 605 894 1470
f 605 902 959
f 605 1133 902
f 605 1301 902
f 605 959 1133
f 605 1301 1133
f 605 1470 1133
f 605 1470 1301
f 606 741 782
f 606 893 741
f 606 741 1133
f 606 782 901
f 606 1133 782
f 606 893 1133
f 606 893 1470
f 606 901 1043
f 606 901 1133
f 606 1043 1133
f 606 1470 1043
f 606 1133 1470
f 607 786 608
f 607 608 788
f 607 608 859
f 607 1471 608
f 607 610 786
f 607 788 610
f 607 1454 610
f 607 1459 610
f 607 786 1459
f 607 1471 786
f 607 859 788
f 607 1420 788
f 607 788 1454
f 607 859 1420
f 607 1471 859
f 607 1454 1420
f 607 1420 1459
f 607 1420 1471
f 607 1459 1454
f 607 1471 1459
f 608 859 609
f 608 1471 609
f 608 786 1471
f 608 788 859
f 608 1471 859
f 609 1007 859
f 609 1471 859
f 610 787 786
f 610 1459 786
f 610 1401 787
f 610 1459 787
f 610 1475 787
f 610 788 789
f 610 1454 788
f 610 789 1401
f 610 1454 789
f 610 789 1475
f 610 857 1401
f 610 857 1454
f 610 1459 857
f 610 1401 1454
f 610 1459 1401
f 610 1475 1401
f 610 1454 1459
f 611 612 791
f 611 795 612
f 611 1505 612
f 611 791 790
f 611 790 792
f 611 1118 790
f 611 1283 790
f 611 790 1505
f 611 791 1505
f 611 792 1056
f 611 1283 792
f 611 1056 795
f 611 795 1118
f 611 1283 795
f 611 795 1505
f 611 1056 1283
f 611 1118 1283
f 611 1505 1118
f 612 965 791
f 612 791 1099
f 612 1505 791
f 612 795 796
f 612 795 1505
f 612 796 965
f 612 796 1099
f 612 796 1505
f 612 1099 965
f 612 1505 1099
f 613 749 614
f 613 773 614
f 613 614 831
f 613 1009 614
f 613 614 1130
f 613 1347 614
f 613 1351 614
f 613 655 1052
f 613 1184 655
f 613 655 1351
f 613 749 831
f 613 749 1009
f 613 810 773
f 613 831 773
f 613 773 1009
f 613 773 1184
f 613 773 1347
f 613 1009 810
f 613 1130 810
f 613 831 1009
f 613 1009 1130
f 613 1052 1351
f 613 1130 1351
f 613 1347 1184
f 613 1351 1184
f 613 1351 1347
f 614 670 860
f 614 1168 670
f 614 670 1351
f 614 749 831
f 614 860 749
f 614 749 873
f 614 1009 749
f 614 831 773
f 614 773 1347
f 614 860 831
f 614 831 1347
f 614 1347 860
f 614 860 1351
f 614 1009 873
f 614 873 1130
f 614 1130 1009
f 614 1130 1168
f 614 1130 1351
f 614 1351 1168
f 614 1351 1347
f 615 814 774
f 615 774 947
f 615 983 774
f 615 1013 774
f 615 1204 774
f 615 1013 814
f 615 814 1204
f 615 983 947
f 615 947 1204
f 615 1204 983
f 615 1013 1204
f 615 1346 1013
f 615 1204 1346
f 616 814 775
f 616 775 896
f 616 775 983
f 616 1204 775
f 616 1325 775
f 616 896 814
f 616 814 1204
f 616 1204 896
f 616 896 1345
f 616 946 983
f 616 946 1204
f 616 946 1325
f 616 983 1204
f 616 1325 983
f 616 1204 1345
f 617 797 750
f 617 750 1216
f 617 756 966
f 617 756 1209
f 617 756 1216
f 617 797 966
f 617 1209 797
f 617 797 1216
f 617 966 1209
f 617 1216 966
f 618 751 798
f 618 1092 751
f 618 1216 751
f 618 899 757
f 618 757 1216
f 618 798 899
f 618 798 966
f 618 1216 798
f 618 966 899
f 618 899 1216
f 618 1216 966
f 618 1216 1092
f 619 1355 620
f 619 620 1419
f 619 1453 620
f 619 776 1200
f 619 1329 776
f 619 776 1419
f 619 776 1462
f 619 894 1329
f 619 894 1355
f 619 1200 1329
f 619 1200 1355
f 619 1200 1419
f 619 1329 1355
f 619 1419 1355
f 619 1419 1453
f 619 1462 1419
f 619 1462 1453
f 620 855 777
f 620 777 986
f 620 777 1200
f 620 1419 777
f 620 1332 855
f 620 855 1419
f 620 855 1453
f 620 1462 855
f 620 986 893
f 620 893 1355
f 620 986 1200
f 620 986 1355
f 620 1200 1355
f 620 1200 1419
f 620 1453 1332
f 620 1355 1419
f 620 1453 1419
f 620 1419 1462
f 620 1453 1462
f 621 622 889
f 621 1137 622
f 621 1495 622
f 621 1496 622
f 621 1499 622
f 621 874 799
f 621 799 889
f 621 799 1137
f 621 1137 874
f 621 1503 874
f 621 889 1137
f 621 889 1495
f 621 1137 1499
f 621 1503 1137
f 621 1496 1495
f 621 1496 1499
f 621 1499 1503
f 622 800 870
f 622 1107 800
f 622 1137 800
f 622 1137 870
f 622 870 1494
f 622 1107 889
f 622 889 1137
f 622 889 1495
f 622 1137 1107
f 622 1495 1107
f 622 1137 1494
f 622 1499 1137
f 622 1494 1495
f 622 1499 1494
f 622 1496 1495
f 622 1495 1499
f 622 1496 1499
f 623 942 624
f 623 624 1128
f 623 624 1267
f 623 1416 624
f 623 942 1128
f 623 1268 942
f 623 1268 1128
f 623 1416 1128
f 623 1267 1266
f 623 1266 1268
f 623 1416 1266
f 623 1416 1267
f 623 1268 1416
f 624 1128 823
f 624 823 1222
f 624 1310 823
f 624 823 1416
f 624 942 943
f 624 942 1128
f 624 1128 943
f 624 943 1310
f 624 1310 1128
f 624 1416 1128
f 624 1222 1267
f 624 1416 1222
f 624 1267 1416
f 625 1128 626
f 625 626 1261
f 625 1285 626
f 625 1393 626
f 625 1128 1261
f 625 1128 1268
f 625 1393 1128
f 625 1261 1268
f 625 1268 1284
f 625 1393 1268
f 625 1284 1285
f 625 1284 1393
f 625 1285 1393
f 626 1157 822
f 626 822 1260
f 626 822 1427
f 626 1260 1128
f 626 1128 1261
f 626 1393 1128
f 626 1128 1427
f 626 1285 1157
f 626 1393 1157
f 626 1427 1157
f 626 1260 1261
f 626 1260 1427
f 626 1393 1285
f 626 1427 1393
f 627 628 1073
f 627 1289 628
f 627 1342 628
f 627 1073 1072
f 627 1072 1135
f 627 1289 1072
f 627 1073 1289
f 627 1289 1135
f 627 1135 1342
f 627 1342 1289
f 628 994 885
f 628 885 1073
f 628 885 1289
f 628 1289 994
f 628 1343 994
f 628 1289 1073
f 628 1289 1342
f 628 1289 1343
f 628 1342 1343
f 629 1167 630
f 629 630 1172
f 629 1262 630
f 629 630 1289
f 629 1297 630
f 629 1135 1166
f 629 1172 1135
f 629 1262 1135
f 629 1289 1135
f 629 1166 1167
f 629 1166 1262
f 629 1262 1167
f 629 1172 1289
f 629 1297 1172
f 629 1289 1262
f 629 1289 1297
f 630 1167 919
f 630 919 1262
f 630 919 1297
f 630 1167 1262
f 630 1173 1172
f 630 1297 1172
f 630 1297 1173
f 630 1289 1262
f 630 1262 1297
f 630 1289 1297
f 631 632 801
f 631 632 802
f 631 632 855
f 631 909 632
f 631 1321 632
f 631 723 722
f 631 722 1293
f 631 722 1321
f 631 1321 723
f 631 802 801
f 631 801 855
f 631 801 909
f 631 1293 801
f 631 801 1330
f 631 802 1293
f 631 802 1321
f 631 802 1330
f 631 855 909
f 631 1321 1293
f 631 1330 1293
f 632 801 802
f 632 801 909
f 632 802 909
f 632 1292 802
f 632 802 1321
f 632 862 855
f 632 855 909
f 632 1453 855
f 632 909 862
f 632 862 1292
f 632 1453 862
f 632 909 1292
f 633 1066 673
f 633 1299 673
f 633 1426 673
f 633 745 1356
f 633 745 1363
f 633 840 807
f 633 807 848
f 633 807 1286
f 633 807 1356
f 633 1426 807
f 633 840 1356
f 633 1363 840
f 633 1286 848
f 633 1426 848
f 633 1066 1286
f 633 1299 1066
f 633 1299 1286
f 633 1426 1286
f 633 1299 1426
f 633 1356 1363
f 633 1356 1426
f 634 861 635
f 634 635 1270
f 634 1368 635
f 634 635 1412
f 634 861 1219
f 634 861 1319
f 634 1368 861
f 634 1412 861
f 634 1219 1270
f 634 1319 1219
f 634 1219 1368
f 634 1270 1368
f 634 1357 1319
f 634 1319 1412
f 634 1333 1357
f 634 1333 1412
f 634 1412 1357
f 635 861 1059
f 635 1308 861
f 635 861 1368
f 635 861 1412
f 635 1043 1050
f 635 1368 1043
f 635 1050 1308
f 635 1368 1050
f 635 1308 1059
f 635 1059 1408
f 635 1412 1059
f 635 1270 1368
f 635 1308 1368
f 635 1408 1332
f 635 1332 1412
f 635 1408 1412
f 636 938 865
f 636 865 1083
f 636 865 1385
f 636 1390 865
f 636 881 1095
f 636 1323 881
f 636 881 1390
f 636 938 957
f 636 1083 938
f 636 1083 957
f 636 957 1323
f 636 957 1385
f 636 1390 957
f 636 1385 1083
f 636 1095 1390
f 636 1390 1323
f 636 1385 1390
f 637 937 865
f 637 1083 865
f 637 1385 865
f 637 865 1390
f 637 1083 937
f 637 1088 937
f 637 1025 1037
f 637 1096 1025
f 637 1025 1390
f 637 1037 1088
f 637 1390 1037
f 637 1083 1088
f 637 1083 1385
f 637 1088 1385
f 637 1088 1390
f 637 1096 1390
f 637 1390 1385
f 638 639 856
f 638 910 639
f 638 639 1022
f 638 1136 639
f 638 1153 639
f 638 1159 639
f 638 856 910
f 638 1153 856
f 638 856 1159
f 638 1153 910
f 638 1022 1023
f 638 1022 1136
f 638 1023 1136
f 638 1023 1153
f 638 1136 1153
f 638 1153 1159
f 639 856 852
f 639 970 852
f 639 852 1022
f 639 1136 852
f 639 910 856
f 639 911 856
f 639 970 856
f 639 1136 856
f 639 1159 856
f 639 910 911
f 639 911 970
f 639 1136 1022
f 639 1153 1136
f 639 1136 1159
f 639 1153 1159
f 640 641 844
f 640 1033 641
f 640 641 1159
f 640 844 1153
f 640 1159 844
f 640 1034 1033
f 640 1033 1159
f 640 1153 1034
f 640 1159 1034
f 640 1159 1153
f 641 843 844
f 641 1039 843
f 641 1159 843
f 641 1159 844
f 641 851 1039
f 641 851 1159
f 641 1407 851
f 641 1033 1159
f 641 1033 1407
f 641 1159 1039
f 641 1407 1159
f 642 643 1328
f 642 643 1422
f 642 643 1428
f 642 1422 871
f 642 871 1428
f 642 1328 1422
f 642 1328 1428
f 642 1422 1428
f 643 644 1155
f 643 1365 644
f 643 1155 1328
f 643 1155 1365
f 643 1422 1155
f 643 1365 1328
f 643 1328 1422
f 643 1328 1428
f 643 1365 1428
f 644 1385 1083
f 644 1365 1155
f 644 1155 1385
f 644 1385 1365
f 645 646 1078
f 645 1247 646
f 645 646 1354
f 645 1443 646
f 645 1078 1068
f 645 1068 1274
f 645 1068 1354
f 645 1443 1068
f 645 1443 1078
f 645 1248 1247
f 645 1247 1354
f 645 1274 1248
f 645 1354 1248
f 645 1274 1354
f 645 1443 1354
f 646 1077 1078
f 646 1273 1077
f 646 1077 1443
f 646 1443 1078
f 646 1247 1273
f 646 1247 1354
f 646 1354 1273
f 646 1273 1443
f 646 1354 1443
f 647 968 648
f 647 1108 648
f 647 648 1132
f 647 1354 648
f 647 648 1450
f 647 1068 968
f 647 1132 968
f 647 1132 1068
f 647 1274 1068
f 647 1354 1068
f 647 1108 1274
f 647 1354 1108
f 647 1108 1450
f 647 1451 1108
f 647 1354 1132
f 647 1274 1354
f 647 1451 1274
f 647 1450 1451
f 648 969 962
f 648 962 1132
f 648 962 1211
f 648 968 969
f 648 968 1132
f 648 1132 969
f 648 1211 1108
f 648 1108 1354
f 648 1108 1450
f 648 1132 1211
f 648 1354 1132
f 648 1211 1354
f 648 1211 1450
f 649 650 1230
f 649 1263 650
f 649 650 1300
f 649 1386 650
f 649 823 888
f 649 1300 823
f 649 823 1386
f 649 888 989
f 649 888 1263
f 649 888 1386
f 649 989 1230
f 649 989 1263
f 649 1263 1230
f 649 1263 1386
f 649 1386 1300
f 650 822 771
f 650 771 1300
f 650 1104 822
f 650 822 1300
f 650 822 1386
f 650 930 1097
f 650 1230 930
f 650 930 1263
f 650 1097 1104
f 650 1097 1263
f 650 1097 1386
f 650 1104 1386
f 650 1263 1230
f 650 1386 1263
f 650 1386 1300
f 651 652 1048
f 651 652 1114
f 651 1198 652
f 651 652 1362
f 651 1369 652
f 651 1362 1048
f 651 1369 1048
f 651 1048 1400
f 651 1114 1113
f 651 1113 1362
f 651 1113 1400
f 651 1362 1114
f 651 1257 1198
f 651 1369 1198
f 651 1369 1257
f 651 1400 1257
f 651 1400 1362
f 651 1369 1400
f 652 1004 988
f 652 1048 988
f 652 988 1114
f 652 1004 1048
f 652 1199 1004
f 652 1369 1004
f 652 1114 1048
f 652 1362 1048
f 652 1048 1369
f 652 1114 1362
f 652 1198 1199
f 652 1369 1198
f 652 1199 1369
f 653 654 1048
f 653 654 1139
f 653 1160 654
f 653 1324 654
f 653 1366 654
f 653 1048 1324
f 653 1048 1366
f 653 1400 1048
f 653 1139 1257
f 653 1139 1324
f 653 1161 1160
f 653 1160 1366
f 653 1161 1366
f 653 1400 1161
f 653 1324 1257
f 653 1257 1400
f 653 1400 1324
f 653 1366 1400
f 654 1012 1138
f 654 1324 1012
f 654 1377 1012
f 654 1048 1324
f 654 1366 1048
f 654 1377 1048
f 654 1138 1139
f 654 1324 1138
f 654 1324 1139
f 654 1366 1160
f 654 1160 1377
f 654 1377 1324
f 654 1377 1366
f 655 876 811
f 655 1143 811
f 655 811 1184
f 655 811 1351
f 655 1143 876
f 655 876 1281
f 655 876 1351
f 655 1065 1052
f 655 1052 1351
f 655 1065 1281
f 655 1351 1065
f 655 1184 1143
f 655 1184 1351
f 655 1281 1351
f 656 1141 657
f 656 1175 657
f 656 657 1190
f 656 657 1313
f 656 1142 1141
f 656 1313 1141
f 656 1313 1142
f 656 1439 1142
f 656 1190 1175
f 656 1313 1175
f 656 1175 1439
f 656 1190 1439
f 656 1313 1439
f 657 1129 818
f 657 1175 818
f 657 818 1191
f 657 1141 1129
f 657 1129 1175
f 657 1313 1129
f 657 1141 1313
f 657 1190 1175
f 657 1175 1191
f 657 1313 1175
f 657 1191 1190
f 658 887 659
f 658 659 978
f 658 659 1079
f 658 886 887
f 658 978 886
f 658 1389 886
f 658 978 887
f 658 1079 978
f 658 1389 978
f 658 1404 978
f 658 1079 1404
f 658 1404 1389
f 659 833 830
f 659 978 830
f 659 830 1080
f 659 887 833
f 659 833 978
f 659 978 887
f 659 1079 978
f 659 1080 978
f 659 1080 1079
f 660 1089 661
f 660 1110 661
f 660 661 1431
f 660 661 1467
f 660 1089 1109
f 660 1110 1089
f 660 1089 1463
f 660 1467 1089
f 660 1109 1110
f 660 1463 1109
f 660 1431 1463
f 660 1467 1431
f 660 1467 1463
f 661 1089 829
f 661 829 1111
f 661 1126 829
f 661 1089 1110
f 661 1089 1111
f 661 1126 1089
f 661 1467 1089
f 661 1110 1126
f 661 1111 1430
f 661 1467 1111
f 661 1430 1431
f 661 1430 1467
f 661 1467 1431
f 662 663 1177
f 662 1394 663
f 662 1429 663
f 662 927 945
f 662 1177 927
f 662 927 1429
f 662 945 1395
f 662 1429 945
f 662 1429 1177
f 662 1395 1394
f 662 1394 1429
f 662 1429 1395
f 663 1176 1178
f 663 1394 1176
f 663 1429 1176
f 663 1178 1177
f 663 1177 1429
f 663 1178 1429
f 663 1429 1394
f 664 1089 665
f 664 1272 665
f 664 665 1327
f 664 1272 1089
f 664 1326 1089
f 664 1089 1327
f 664 1463 1089
f 664 1463 1272
f 664 1327 1326
f 664 1326 1463
f 665 1054 821
f 665 821 1089
f 665 821 1384
f 665 1054 1089
f 665 1271 1054
f 665 1089 1271
f 665 1089 1272
f 665 1089 1327
f 665 1384 1089
f 665 1272 1271
f 665 1384 1327
f 666 667 923
f 666 945 667
f 666 667 1358
f 666 924 903
f 666 903 1014
f 666 1358 903
f 666 923 924
f 666 923 1358
f 666 1358 924
f 666 1358 945
f 666 1014 1358
f 667 927 923
f 667 923 1358
f 667 945 927
f 667 927 1358
f 667 1358 945
f 668 830 833
f 668 830 1003
f 668 850 833
f 668 833 1003
f 668 850 940
f 668 850 1003
f 668 940 1003
f 668 1013 940
f 668 1003 1013
f 668 1346 1003
f 668 1013 1346
f 669 850 866
f 669 1003 850
f 669 850 1290
f 669 866 1003
f 669 896 1003
f 669 896 1290
f 669 1345 896
f 669 1003 1290
f 669 1345 1003
f 670 860 811
f 670 876 811
f 670 811 906
f 670 1351 811
f 670 906 860
f 670 1351 860
f 670 876 906
f 670 876 1192
f 670 876 1351
f 670 1192 906
f 670 1168 980
f 670 980 1192
f 670 1351 980
f 670 1168 1351
f 670 1351 1192
f 671 842 672
f 671 672 858
f 671 672 928
f 671 672 953
f 671 1129 672
f 671 1175 672
f 671 858 842
f 671 928 858
f 671 953 858
f 671 908 928
f 671 1129 908
f 671 908 1175
f 671 953 928
f 671 1175 928
f 671 1129 1175
f 672 928 818
f 672 951 818
f 672 818 953
f 672 818 1129
f 672 818 1175
f 672 842 841
f 672 841 951
f 672 842 858
f 672 842 951
f 672 858 951
f 672 858 953
f 672 928 953
f 672 928 1175
f 672 951 953
f 672 1175 1129
f 673 952 845
f 673 845 1299
f 673 845 1426
f 673 952 954
f 673 952 1299
f 673 1066 954
f 673 954 1254
f 673 954 1299
f 673 1254 1066
f 673 1299 1066
f 673 1299 1254
f 673 1299 1426
f 674 675 1024
f 674 1238 675
f 674 675 1464
f 674 676 1024
f 674 1102 676
f 674 676 1256
f 674 1024 1102
f 674 1024 1238
f 674 1256 1024
f 674 1464 1024
f 674 1102 1238
f 674 1256 1464
f 675 1024 1101
f 675 1024 1238
f 675 1367 1024
f 675 1024 1464
f 675 1101 1238
f 675 1367 1101
f 675 1367 1464
f 676 1024 677
f 676 677 1158
f 676 677 1256
f 676 1024 1102
f 676 1024 1158
f 676 1024 1256
f 676 1158 1102
f 677 816 920
f 677 964 816
f 677 816 1024
f 677 1024 920
f 677 920 1256
f 677 964 1024
f 677 964 1158
f 677 1158 1024
f 677 1024 1256
f 678 679 766
f 678 679 783
f 678 679 816
f 678 931 679
f 678 1165 679
f 678 679 1227
f 678 679 1371
f 678 816 756
f 678 756 1165
f 678 756 1227
f 678 783 766
f 678 766 816
f 678 783 816
f 678 931 783
f 678 783 1371
f 678 1165 816
f 678 1227 931
f 678 1371 931
f 678 1227 1165
f 679 783 766
f 679 815 766
f 679 816 766
f 679 766 847
f 679 847 783
f 679 783 1371
f 679 816 815
f 679 1165 815
f 679 816 1165
f 679 847 930
f 679 1371 847
f 679 930 931
f 679 930 1226
f 679 930 1371
f 679 931 1226
f 679 931 1227
f 679 931 1371
f 679 1226 1165
f 679 1227 1165
f 679 1227 1226
f 680 681 909
f 680 681 1093
f 680 681 1152
f 680 1047 909
f 680 909 1152
f 680 1217 909
f 680 1094 1047
f 680 1152 1047
f 680 1093 1094
f 680 1152 1093
f 680 1152 1094
f 681 862 1093
f 681 1152 862
f 681 1292 862
f 681 909 1152
f 681 1292 909
f 681 1093 1152
f 681 1152 1292
f 682 683 971
f 682 683 972
f 682 1231 683
f 682 683 1304
f 682 683 1315
f 682 683 1322
f 682 728 882
f 682 1231 728
f 682 1304 728
f 682 1231 882
f 682 882 1315
f 682 971 972
f 682 1315 971
f 682 971 1322
f 682 1315 972
f 682 1304 1231
f 682 1315 1231
f 682 1322 1304
f 683 883 729
f 683 729 1231
f 683 729 1278
f 683 729 1304
f 683 972 883
f 683 883 1231
f 683 1315 883
f 683 972 971
f 683 971 1322
f 683 1046 972
f 683 972 1315
f 683 972 1322
f 683 1060 1046
f 683 1322 1046
f 683 1061 1060
f 683 1278 1060
f 683 1304 1060
f 683 1060 1322
f 683 1061 1304
f 683 1061 1322
f 683 1231 1304
f 683 1315 1231
f 683 1304 1278
f 683 1304 1322
f 684 685 861
f 684 984 685
f 684 685 1309
f 684 984 861
f 684 861 1309
f 685 984 861
f 685 861 985
f 685 861 1059
f 685 1308 861
f 685 1309 861
f 685 984 985
f 685 985 1059
f 685 1059 1308
f 685 1308 1309
f 686 817 824
f 686 859 817
f 686 817 1008
f 686 1081 817
f 686 1356 817
f 686 824 1356
f 686 1008 859
f 686 1081 859
f 686 859 1356
f 686 859 1471
f 686 1008 1081
f 686 1471 1008
f 686 1471 1356
f 687 688 975
f 687 688 1011
f 687 688 1269
f 687 975 1011
f 687 1154 1011
f 687 1011 1269
f 687 1154 1269
f 688 864 976
f 688 864 1011
f 688 1041 864
f 688 976 975
f 688 1011 975
f 688 976 1011
f 688 1041 1011
f 688 1011 1269
f 688 1041 1269
f 689 954 690
f 689 1019 690
f 689 1058 690
f 689 690 1251
f 689 954 1058
f 689 1251 954
f 689 1018 1019
f 689 1251 1018
f 689 1251 1019
f 690 926 954
f 690 926 997
f 690 1019 926
f 690 1251 926
f 690 954 997
f 690 1058 954
f 690 954 1251
f 690 1058 997
f 690 1019 1251
f 691 692 1100
f 691 1245 692
f 691 1295 692
f 691 1236 1100
f 691 1100 1295
f 691 1164 1236
f 691 1239 1164
f 691 1164 1245
f 691 1164 1295
f 691 1236 1239
f 691 1295 1236
f 691 1295 1245
f 692 1100 711
f 692 1120 711
f 692 711 1295
f 692 1295 1100
f 692 1245 1120
f 692 1120 1295
f 692 1245 1295
f 693 1035 694
f 693 694 1169
f 693 694 1403
f 693 1035 1169
f 693 1035 1170
f 693 1239 1035
f 693 1403 1035
f 693 1169 1170
f 693 1170 1239
f 693 1239 1403
f 694 959 902
f 694 902 1035
f 694 902 1169
f 694 1035 959
f 694 1403 959
f 694 1169 1035
f 694 1035 1403
f 695 696 917
f 695 922 696
f 695 696 1092
f 695 696 1205
f 695 1344 696
f 695 1493 696
f 695 921 743
f 695 922 743
f 695 743 1492
f 695 743 1493
f 695 780 875
f 695 917 780
f 695 780 1344
f 695 875 921
f 695 1205 875
f 695 875 1344
f 695 1092 917
f 695 1344 917
f 695 921 922
f 695 921 1205
f 695 922 1205
f 695 922 1493
f 695 1493 1092
f 695 1205 1344
f 695 1492 1493
f 696 863 781
f 696 781 918
f 696 1344 781
f 696 1205 863
f 696 863 1344
f 696 917 918
f 696 1092 917
f 696 917 1344
f 696 918 1092
f 696 918 1344
f 696 922 1205
f 696 1493 922
f 696 1092 1493
f 696 1344 1205
f 697 698 831
f 697 698 1207
f 697 698 1347
f 697 1208 699
f 697 699 1303
f 697 699 1347
f 697 831 1202
f 697 831 1347
f 697 1303 1202
f 697 1347 1202
f 697 1207 1208
f 697 1347 1207
f 697 1347 1208
f 697 1347 1303
f 698 749 831
f 698 749 860
f 698 831 860
f 698 1347 831
f 698 860 1207
f 698 1347 860
f 698 1207 1347
f 699 700 1303
f 699 1347 700
f 699 1208 1185
f 699 1185 1347
f 699 1208 1347
f 699 1303 1347
f 700 1184 773
f 700 773 1302
f 700 1347 773
f 700 1184 1347
f 700 1302 1303
f 700 1302 1347
f 700 1347 1303
f 701 702 856
f 701 702 877
f 701 702 970
f 701 784 708
f 701 708 853
f 701 856 708
f 701 856 784
f 701 877 784
f 701 856 853
f 701 970 853
f 701 856 877
f 701 970 856
f 702 856 877
f 702 856 878
f 702 911 856
f 702 970 856
f 702 878 877
f 702 911 878
f 702 970 911
f 703 704 914
f 703 1087 704
f 703 1381 704
f 703 895 914
f 703 1001 895
f 703 1001 914
f 703 1087 914
f 703 1381 914
f 703 1001 1381
f 704 1074 907
f 704 907 1298
f 704 1381 907
f 704 1087 914
f 704 914 1381
f 704 1074 1087
f 704 1381 1074
f 704 1087 1381
f 704 1381 1298
f 705 914 706
f 705 1445 706
f 705 1449 706
f 705 895 914
f 705 895 1001
f 705 1001 914
f 705 914 1449
f 705 1001 1445
f 705 1449 1001
f 705 1449 1445
f 706 914 863
f 706 1000 863
f 706 863 1449
f 706 914 1449
f 706 1444 1000
f 706 1449 1000
f 706 1445 1444
f 706 1449 1444
f 706 1445 1449
f 707 708 856
f 707 708 1039
f 707 843 856
f 707 843 1039
f 707 843 1159
f 707 1039 856
f 707 1159 856
f 707 1159 1039
f 708 856 784
f 708 856 853
f 708 1039 853
f 708 1039 856
f 709 825 889
f 709 1002 825
f 709 1334 825
f 709 1359 825
f 709 889 1002
f 709 1334 1282
f 709 1282 1359
f 709 1359 1334
f 710 1107 825
f 710 825 1374
f 710 1460 825
f 710 825 1474
f 710 1484 825
f 710 1374 1107
f 710 1171 1460
f 710 1171 1484
f 710 1474 1460
f 710 1484 1460
f 711 715 812
f 711 873 715
f 711 715 979
f 711 1295 715
f 711 715 1338
f 711 873 812
f 711 812 1100
f 711 1295 812
f 711 1295 979
f 711 979 1338
f 711 1100 1295
f 711 1120 1295
f 711 1338 1120
f 711 1295 1338
f 712 834 1396
f 712 834 1446
f 712 1447 834
f 712 891 1086
f 712 1446 891
f 712 891 1447
f 712 980 1086
f 712 980 1396
f 712 1446 980
f 712 1086 1446
f 712 1446 1396
f 712 1447 1446
f 713 832 714
f 713 963 714
f 713 714 1046
f 713 714 1103
f 713 1180 714
f 713 1189 714
f 713 963 832
f 713 832 1180
f 713 1103 963
f 713 1229 963
f 713 1045 1046
f 713 1189 1045
f 713 1045 1229
f 713 1046 1103
f 713 1046 1189
f 713 1046 1229
f 713 1229 1103
f 714 794 832
f 714 794 1103
f 714 794 1118
f 714 1180 794
f 714 963 832
f 714 832 1118
f 714 832 1180
f 714 963 1103
f 714 1118 963
f 714 1103 1046
f 714 1046 1189
f 714 1103 1118
f 714 1180 1477
f 715 810 812
f 715 873 810
f 715 873 812
f 715 812 1100
f 715 1295 812
f 715 1100 979
f 715 1295 979
f 715 979 1338
f 715 1295 1100
f 716 884 717
f 716 1401 717
f 716 1423 717
f 716 828 884
f 716 828 1314
f 716 828 1401
f 716 884 1314
f 716 1401 884
f 716 1423 884
f 716 1423 1314
f 717 1028 789
f 717 1401 789
f 717 867 1028
f 717 1423 867
f 717 1028 884
f 717 1401 884
f 717 1423 884
f 717 1401 1028
f 717 1028 1423
f 718 884 719
f 718 719 1401
f 718 1413 719
f 718 934 884
f 718 1020 884
f 718 1401 884
f 718 934 1020
f 718 1401 1020
f 718 1020 1414
f 718 1401 1413
f 718 1401 1414
f 718 1414 1413
f 719 884 867
f 719 1028 867
f 719 1028 884
f 719 1401 884
f 719 1401 1028
f 719 1413 1028
f 719 1401 1413
f 720 1145 721
f 720 1151 721
f 720 1145 724
f 720 1149 724
f 720 1149 1145
f 720 1145 1151
f 720 1149 1151
f 721 1145 1151
f 721 1293 1145
f 721 1293 1151
f 722 808 723
f 722 1017 723
f 722 1030 723
f 722 1040 723
f 722 723 1278
f 722 723 1279
f 722 1321 723
f 722 723 1410
f 722 723 1411
f 722 1030 808
f 722 1040 808
f 722 1017 1040
f 722 1017 1293
f 722 1017 1321
f 722 1030 1040
f 722 1278 1030
f 722 1030 1279
f 722 1040 1293
f 722 1279 1278
f 722 1410 1278
f 722 1411 1278
f 722 1321 1293
f 722 1410 1411
f 723 1017 808
f 723 808 1030
f 723 1040 808
f 723 808 1279
f 723 1040 1017
f 723 1321 1017
f 723 1030 1279
f 723 1278 1279
f 723 1278 1411
f 723 1279 1411
f 723 1410 1411
f 723 1424 1410
f 723 1411 1424
f 724 1145 725
f 724 725 1264
f 724 1149 1145
f 724 1145 1264
f 724 1149 1264
f 725 1049 1017
f 725 1017 1145
f 725 1017 1321
f 725 1145 1049
f 725 1264 1049
f 725 1264 1145
f 725 1145 1321
f 726 967 727
f 726 1122 727
f 726 734 967
f 726 734 1122
f 726 734 1466
f 726 967 1122
f 726 1466 967
f 727 967 956
f 727 956 1031
f 727 1122 956
f 727 967 1122
f 727 1122 1031
f 728 1231 729
f 728 1278 729
f 728 729 1279
f 728 729 1304
f 728 956 882
f 728 882 1231
f 728 1031 956
f 728 956 1231
f 728 1231 1031
f 728 1279 1031
f 728 1231 1279
f 728 1231 1304
f 728 1278 1279
f 728 1278 1304
f 728 1304 1279
f 729 883 1231
f 729 883 1364
f 729 935 1030
f 729 1231 935
f 729 1364 935
f 729 1030 1231
f 729 1030 1278
f 729 1279 1030
f 729 1279 1231
f 729 1304 1231
f 729 1364 1231
f 729 1278 1279
f 729 1278 1304
f 730 1044 731
f 730 731 1106
f 730 731 1264
f 730 1044 1106
f 730 1264 1044
f 730 1397 1044
f 730 1397 1106
f 730 1264 1397
f 731 1044 1106
f 731 1225 1044
f 731 1264 1044
f 731 1106 1225
f 731 1225 1264
f 732 1044 733
f 732 733 1106
f 732 1106 1044
f 732 1044 1397
f 732 1106 1397
f 733 1030 1044
f 733 1030 1276
f 733 1044 1106
f 733 1044 1276
f 733 1276 1106
f 734 967 735
f 734 735 1122
f 734 967 1122
f 734 1466 967
f 735 1122 935
f 735 935 1364
f 735 967 1122
f 735 1364 967
f 735 1122 1364
f 736 737 1206
f 736 1250 737
f 736 1150 739
f 736 1265 739
f 736 1150 1206
f 736 1150 1250
f 736 1150 1265
f 736 1206 1250
f 736 1265 1250
f 737 738 1179
f 737 738 1206
f 737 1396 738
f 737 1206 1179
f 737 1179 1250
f 737 1179 1396
f 737 1206 1250
f 737 1396 1250
f 738 834 1179
f 738 834 1396
f 738 1206 1179
f 738 1179 1396
f 739 1265 1150
f 739 1380 1150
f 739 1380 1265
f 739 1320 1380
f 740 741 819
f 740 894 741
f 740 950 741
f 740 1133 741
f 740 741 1355
f 740 819 950
f 740 959 819
f 740 819 1133
f 740 894 950
f 740 894 1133
f 740 1355 894
f 740 1440 894
f 740 1355 950
f 740 950 1440
f 740 1133 959
f 741 819 782
f 741 1133 782
f 741 950 819
f 741 1133 819
f 741 893 894
f 741 1133 893
f 741 893 1288
f 741 893 1355
f 741 1133 894
f 741 1355 894
f 741 950 1288
f 741 1355 950
f 741 1355 1288
f 742 743 922
f 742 1162 743
f 742 1493 743
f 742 743 1503
f 742 743 1504
f 742 870 821
f 742 821 1054
f 742 821 1162
f 742 1162 870
f 742 1494 870
f 742 1503 870
f 742 1054 922
f 742 922 1162
f 742 922 1493
f 742 1162 1054
f 742 1503 1162
f 742 1493 1494
f 742 1493 1504
f 742 1494 1503
f 742 1504 1494
f 742 1503 1504
f 743 1111 829
f 743 1162 829
f 743 829 1503
f 743 922 921
f 743 921 1111
f 743 922 1111
f 743 1162 922
f 743 1493 922
f 743 1111 1162
f 743 1162 1503
f 743 1492 1493
f 743 1499 1492
f 743 1504 1492
f 743 1504 1493
f 743 1503 1499
f 743 1504 1499
f 743 1504 1503
f 744 803 824
f 744 803 848
f 744 1140 803
f 744 803 1356
f 744 1426 803
f 744 1356 824
f 744 1140 848
f 744 1299 848
f 744 848 1426
f 744 926 1140
f 744 1299 926
f 744 1473 926
f 744 1140 1299
f 744 1299 1426
f 744 1299 1473
f 744 1299 1480
f 744 1426 1356
f 744 1426 1480
f 744 1480 1473
f 745 817 859
f 745 1224 817
f 745 1356 817
f 745 817 1363
f 745 1398 817
f 745 859 1224
f 745 859 1356
f 745 859 1420
f 745 1224 1420
f 745 1363 1356
f 745 1356 1420
f 745 1398 1363
f 746 872 1011
f 746 872 1148
f 746 1218 872
f 746 880 1011
f 746 1116 880
f 746 880 1341
f 746 1116 946
f 746 1341 946
f 746 1011 1148
f 746 1218 1011
f 746 1341 1011
f 746 1116 1341
f 746 1148 1341
f 747 1117 748
f 747 748 1212
f 747 748 1294
f 747 806 973
f 747 806 1117
f 747 1212 806
f 747 1117 973
f 747 1294 973
f 747 1212 1117
f 747 1294 1117
f 747 1229 1294
f 748 949 1117
f 748 1117 1212
f 748 1117 1294
f 748 1345 1212
f 749 831 860
f 749 1009 831
f 749 873 1009
f 750 751 958
f 750 751 1216
f 750 751 1243
f 750 1021 797
f 750 797 1216
f 750 1216 917
f 750 1452 917
f 750 958 1216
f 750 958 1243
f 750 958 1452
f 750 1021 1216
f 750 1243 1021
f 750 1216 1243
f 750 1452 1216
f 750 1452 1243
f 751 798 1021
f 751 1216 798
f 751 1092 958
f 751 958 1216
f 751 958 1243
f 751 1021 1216
f 751 1021 1243
f 751 1216 1092
f 751 1243 1216
f 752 753 806
f 752 846 753
f 752 753 854
f 752 884 753
f 752 1051 753
f 752 1148 753
f 752 753 1341
f 752 806 846
f 752 854 828
f 752 884 828
f 752 1148 828
f 752 1314 828
f 752 846 1051
f 752 846 1314
f 752 884 854
f 752 854 1148
f 752 1051 884
f 752 884 1314
f 752 1314 1051
f 753 806 846
f 753 892 806
f 753 813 854
f 753 813 1148
f 753 892 846
f 753 846 1051
f 753 854 884
f 753 854 934
f 753 854 1148
f 753 884 934
f 753 1051 884
f 753 934 892
f 753 1051 892
f 753 1051 934
f 754 966 755
f 754 755 1158
f 754 755 1339
f 754 1209 966
f 754 1339 966
f 754 1209 1158
f 754 1158 1339
f 754 1339 1209
f 755 1102 759
f 755 1339 759
f 755 966 1339
f 755 1158 1102
f 755 1102 1339
f 755 1158 1339
f 756 757 899
f 756 964 757
f 756 757 1165
f 756 757 1209
f 756 1216 757
f 756 757 1226
f 756 757 1238
f 756 816 964
f 756 816 1165
f 756 966 899
f 756 1209 899
f 756 899 1216
f 756 964 1165
f 756 964 1209
f 756 1238 964
f 756 1209 966
f 756 1216 966
f 756 1165 1226
f 756 1227 1165
f 756 1238 1209
f 756 1226 1227
f 757 899 1201
f 757 1209 899
f 757 899 1216
f 757 899 1238
f 757 964 1101
f 757 1165 964
f 757 964 1238
f 757 1101 1165
f 757 1201 1101
f 757 1101 1238
f 757 1165 1226
f 757 1238 1201
f 757 1209 1238
f 758 1339 759
f 758 1201 899
f 758 1339 899
f 758 1201 1339
f 759 1102 1339
f 760 761 916
f 760 1112 761
f 760 1090 916
f 760 916 1112
f 760 916 1126
f 760 1090 1112
f 760 1090 1126
f 761 916 1010
f 761 916 1112
f 761 1402 916
f 761 1010 1112
f 761 1402 1010
f 762 763 1379
f 762 1010 1379
f 762 1010 1402
f 762 1379 1402
f 763 987 1379
f 763 1384 987
f 763 1379 1384
f 764 765 1203
f 764 767 1203
f 764 767 1246
f 764 1246 1203
f 765 1280 1203
f 765 1203 1458
f 765 1458 1280
f 766 783 816
f 766 820 783
f 766 783 847
f 766 1005 783
f 766 1458 783
f 766 816 815
f 766 815 879
f 766 815 920
f 766 820 816
f 766 816 920
f 766 820 879
f 766 920 820
f 766 1005 820
f 766 1255 820
f 766 1458 847
f 766 920 879
f 766 879 1255
f 766 879 1280
f 766 1203 1005
f 766 1005 1255
f 766 1005 1280
f 766 1458 1005
f 766 1280 1203
f 766 1203 1458
f 766 1280 1255
f 766 1280 1458
f 767 1203 768
f 767 1203 1246
f 768 1203 1005
f 769 868 832
f 769 832 929
f 769 868 929
f 769 868 1316
f 769 1163 925
f 769 1163 1316
f 770 939 771
f 770 1300 771
f 770 1416 771
f 770 1436 771
f 770 1456 771
f 770 1222 823
f 770 823 1300
f 770 823 1416
f 770 939 925
f 770 1163 925
f 770 925 1222
f 770 1277 925
f 770 1416 925
f 770 1436 925
f 770 939 1163
f 770 1277 939
f 770 1416 939
f 770 939 1436
f 770 1436 1163
f 770 1416 1222
f 770 1416 1277
f 770 1416 1300
f 770 1300 1456
f 770 1436 1456
f 771 822 1157
f 771 822 1300
f 771 1416 822
f 771 822 1427
f 771 1157 939
f 771 939 1416
f 771 939 1436
f 771 1416 1157
f 771 1416 1300
f 771 1300 1427
f 771 1300 1456
f 771 1457 1300
f 771 1416 1427
f 771 1436 1456
f 771 1457 1436
f 771 1456 1457
f 772 1242 868
f 772 868 1316
f 772 1163 939
f 772 1316 1163
f 772 1436 1163
f 772 1316 1436
f 773 810 1009
f 773 810 1317
f 773 1009 831
f 773 831 1317
f 773 831 1337
f 773 1347 831
f 773 1009 1317
f 773 1347 1184
f 773 1302 1337
f 773 1302 1347
f 773 1337 1317
f 773 1347 1337
f 774 814 983
f 774 814 1013
f 774 814 1082
f 774 1204 814
f 774 983 932
f 774 932 1071
f 774 932 1082
f 774 983 947
f 774 1071 947
f 774 983 1071
f 774 983 1082
f 774 983 1204
f 775 814 896
f 775 814 983
f 775 814 1183
f 775 814 1204
f 775 983 1183
f 775 1204 983
f 775 1325 983
f 775 1183 991
f 775 1325 991
f 775 1325 1183
f 776 913 1200
f 776 1419 913
f 776 1435 913
f 776 1329 1200
f 776 1419 1200
f 776 1220 1419
f 776 1435 1220
f 776 1220 1462
f 776 1435 1419
f 776 1462 1419
f 777 855 1091
f 777 855 1419
f 777 1200 986
f 777 1156 1091
f 777 1419 1091
f 777 1156 1200
f 777 1419 1156
f 777 1200 1419
f 778 779 1025
f 778 779 1061
f 778 779 1296
f 778 1410 779
f 778 779 1411
f 778 1424 779
f 778 881 1025
f 778 1095 881
f 778 881 1296
f 778 881 1424
f 778 1296 1025
f 778 1025 1424
f 778 1061 1095
f 778 1061 1296
f 778 1411 1061
f 778 1095 1296
f 778 1410 1411
f 778 1424 1410
f 778 1424 1411
f 779 1025 1096
f 779 1025 1296
f 779 1410 1025
f 779 1424 1025
f 779 1060 1061
f 779 1096 1060
f 779 1296 1060
f 779 1060 1410
f 779 1060 1411
f 779 1296 1061
f 779 1061 1411
f 779 1296 1096
f 779 1410 1411
f 779 1410 1424
f 780 853 781
f 780 781 917
f 780 988 781
f 780 781 1032
f 780 1136 781
f 780 781 1344
f 780 853 852
f 780 1032 852
f 780 1136 852
f 780 852 1298
f 780 907 853
f 780 853 1136
f 780 853 1298
f 780 853 1344
f 780 907 875
f 780 875 1344
f 780 1298 907
f 780 907 1344
f 780 988 917
f 780 1048 917
f 780 1344 917
f 780 917 1377
f 780 988 1032
f 780 1048 988
f 780 1032 1048
f 780 1136 1032
f 780 1377 1032
f 780 1377 1048
f 781 853 851
f 781 1000 851
f 781 851 1136
f 781 851 1407
f 781 853 1000
f 781 853 1136
f 781 1344 853
f 781 863 1000
f 781 1344 863
f 781 918 917
f 781 988 917
f 781 917 1344
f 781 988 918
f 781 918 1344
f 781 988 1032
f 781 1136 988
f 781 1407 988
f 781 1000 1344
f 781 1136 1032
f 781 1136 1407
f 782 1035 819
f 782 819 1133
f 782 1035 901
f 782 901 1133
f 782 1376 901
f 782 1035 1133
f 782 1035 1376
f 783 820 816
f 783 1005 820
f 783 847 1108
f 783 847 1371
f 783 1458 847
f 783 931 936
f 783 1371 931
f 783 936 1108
f 783 936 1273
f 783 1371 936
f 783 1005 1203
f 783 1458 1005
f 783 1203 1108
f 783 1108 1273
f 783 1371 1108
f 783 1108 1458
f 783 1458 1203
f 784 785 856
f 784 877 856
f 785 844 856
f 785 910 844
f 785 910 856
f 786 1459 787
f 786 1471 1459
f 787 1459 1401
f 787 1401 1472
f 787 1475 1401
f 787 1413 1472
f 787 1475 1413
f 787 1472 1459
f 787 1475 1472
f 788 789 1454
f 788 859 1420
f 788 1420 1454
f 789 1401 857
f 789 1454 857
f 789 1401 1028
f 789 1028 1475
f 789 1401 1454
f 789 1401 1475
f 790 791 1505
f 790 1283 792
f 790 1118 1283
f 790 1505 1118
f 791 1099 965
f 791 1505 1099
f 792 793 1283
f 792 1283 1056
f 793 1029 1242
f 793 1029 1283
f 793 1283 1242
f 794 832 868
f 794 832 1118
f 794 832 1180
f 794 1283 832
f 794 832 1436
f 794 1242 868
f 794 1283 868
f 794 1436 868
f 794 1029 1103
f 794 1118 1029
f 794 1242 1029
f 794 1029 1283
f 794 1103 1118
f 794 1283 1118
f 794 1436 1180
f 794 1242 1283
f 795 1505 796
f 795 1118 1056
f 795 1056 1283
f 795 1283 1118
f 795 1118 1505
f 796 804 965
f 796 1099 804
f 796 1099 965
f 796 1505 1099
f 797 1021 966
f 797 1209 966
f 797 966 1216
f 797 1021 1216
f 798 899 966
f 798 966 1021
f 798 966 1216
f 798 1216 1021
f 799 1137 874
f 799 874 1490
f 799 1115 889
f 799 889 1137
f 799 1501 889
f 799 900 1115
f 799 1137 900
f 799 1489 900
f 799 900 1501
f 799 1115 1137
f 799 1501 1115
f 799 1137 1489
f 799 1490 1137
f 799 1489 1490
f 799 1501 1489
f 800 870 897
f 800 987 870
f 800 1137 870
f 800 987 897
f 800 897 1137
f 800 1489 897
f 800 1107 900
f 800 1137 900
f 800 900 1489
f 800 1137 1107
f 800 1489 1137
f 801 909 802
f 801 1330 802
f 801 855 909
f 801 955 855
f 801 955 909
f 801 1119 909
f 801 909 1252
f 801 909 1330
f 801 955 1119
f 801 1252 1330
f 801 1330 1293
f 802 909 1292
f 802 1330 909
f 802 1330 1292
f 802 1321 1293
f 802 1293 1330
f 802 1321 1330
f 803 840 807
f 803 848 807
f 803 807 1356
f 803 1426 807
f 803 840 824
f 803 1356 824
f 803 840 1356
f 803 1140 848
f 803 848 1426
f 803 1356 1426
f 804 1036 805
f 804 805 1099
f 804 965 1036
f 804 965 1099
f 804 1099 1036
f 805 973 806
f 805 1036 806
f 805 1099 806
f 805 1099 973
f 805 1036 1099
f 806 892 846
f 806 1036 846
f 806 846 1117
f 806 1036 892
f 806 973 1099
f 806 1117 973
f 806 1036 1099
f 806 1117 1036
f 806 1117 1099
f 806 1117 1212
f 807 1312 840
f 807 840 1356
f 807 1286 848
f 807 1311 848
f 807 848 1426
f 807 1312 1311
f 807 1356 1426
f 808 1017 1040
f 808 1017 1049
f 808 1017 1264
f 808 1031 1030
f 808 1030 1040
f 808 1044 1030
f 808 1279 1030
f 808 1044 1031
f 808 1225 1031
f 808 1031 1279
f 808 1044 1040
f 808 1264 1040
f 808 1225 1044
f 808 1264 1044
f 808 1049 1225
f 808 1264 1049
f 808 1264 1225
f 809 913 974
f 809 1156 913
f 809 913 1435
f 809 1221 1156
f 809 1435 1156
f 809 1221 1435
f 810 873 812
f 810 1009 812
f 810 1009 873
f 810 873 1130
f 810 873 1275
f 810 1130 1009
f 810 1009 1317
f 810 1130 1275
f 811 876 827
f 811 1185 827
f 811 906 860
f 811 860 1207
f 811 1347 860
f 811 860 1351
f 811 876 906
f 811 1143 876
f 811 876 1351
f 811 1143 1184
f 811 1347 1184
f 811 1184 1351
f 811 1208 1185
f 811 1347 1185
f 811 1208 1207
f 811 1207 1347
f 811 1347 1208
f 811 1351 1347
f 812 1009 849
f 812 849 1144
f 812 1009 873
f 812 1100 1098
f 812 1098 1144
f 812 1144 1100
f 812 1100 1295
f 813 857 845
f 813 845 952
f 813 845 1148
f 813 1299 845
f 813 1473 845
f 813 845 1480
f 813 857 854
f 813 854 1148
f 813 1473 854
f 813 1148 857
f 813 1473 857
f 813 926 954
f 813 997 926
f 813 926 1299
f 813 926 1473
f 813 952 954
f 813 997 952
f 813 1148 952
f 813 952 1299
f 813 997 954
f 813 1299 954
f 813 961 997
f 813 1148 961
f 813 997 1148
f 813 1473 1299
f 813 1480 1299
f 813 1480 1473
f 814 940 896
f 814 1204 896
f 814 940 1013
f 814 940 1204
f 814 1082 983
f 814 1183 983
f 814 1204 983
f 814 1013 1204
f 814 1082 1067
f 814 1183 1067
f 814 1082 1183
f 815 920 816
f 815 816 1024
f 815 1165 816
f 815 912 879
f 815 920 879
f 815 912 920
f 815 1367 912
f 815 920 1024
f 815 1367 920
f 815 1101 1024
f 815 1024 1165
f 815 1367 1024
f 815 1165 1101
f 815 1101 1367
f 816 920 820
f 816 820 1237
f 816 920 1024
f 816 920 1237
f 816 964 1024
f 816 1165 964
f 816 1024 1165
f 817 824 1075
f 817 824 1356
f 817 859 1081
f 817 1224 859
f 817 1356 859
f 817 1465 859
f 817 1008 1081
f 817 1356 1075
f 817 1075 1387
f 817 1398 1075
f 817 1081 1382
f 817 1465 1081
f 817 1224 1465
f 817 1356 1363
f 817 1398 1356
f 817 1363 1398
f 817 1383 1382
f 817 1382 1465
f 817 1383 1387
f 817 1387 1398
f 818 953 928
f 818 1175 928
f 818 953 951
f 818 1235 951
f 818 953 1175
f 818 1235 953
f 818 1175 1129
f 818 1191 1175
f 818 1235 1175
f 818 1191 1235
f 819 1121 948
f 819 1403 948
f 819 1121 950
f 819 959 1035
f 819 959 1133
f 819 1403 959
f 819 1133 1035
f 819 1035 1403
f 820 898 879
f 820 879 920
f 820 879 1255
f 820 898 920
f 820 944 898
f 820 1237 898
f 820 898 1255
f 820 1237 920
f 820 1005 944
f 820 944 1237
f 820 1255 944
f 820 1005 1255
f 821 870 916
f 821 870 987
f 821 870 1162
f 821 916 987
f 821 916 1162
f 821 1384 916
f 821 987 1384
f 821 1054 1089
f 821 1054 1162
f 821 1162 1089
f 821 1384 1089
f 821 1162 1384
f 822 1386 1104
f 822 1104 1399
f 822 1104 1427
f 822 1157 1416
f 822 1157 1427
f 822 1399 1260
f 822 1260 1427
f 822 1386 1300
f 822 1427 1300
f 822 1427 1386
f 822 1427 1399
f 822 1416 1427
f 823 1310 888
f 823 1386 888
f 823 1128 1310
f 823 1416 1128
f 823 1427 1128
f 823 1222 1416
f 823 1386 1300
f 823 1300 1416
f 823 1300 1427
f 823 1386 1310
f 823 1310 1427
f 823 1386 1427
f 823 1427 1416
f 824 840 1075
f 824 1356 840
f 824 1075 1356
f 825 889 1002
f 825 1107 889
f 825 889 1115
f 825 890 1002
f 825 1115 890
f 825 1374 890
f 825 890 1433
f 825 890 1474
f 825 1115 1002
f 825 1115 1107
f 825 1107 1374
f 825 1115 1374
f 825 1334 1359
f 825 1433 1334
f 825 1474 1334
f 825 1484 1334
f 825 1484 1359
f 825 1433 1474
f 825 1460 1474
f 825 1484 1460
f 825 1474 1484
f 826 827 876
f 826 981 876
f 828 857 845
f 828 1148 845
f 828 857 854
f 828 854 884
f 828 1148 854
f 828 857 884
f 828 1148 857
f 828 857 1401
f 828 884 1314
f 828 1401 884
f 829 916 874
f 829 1126 874
f 829 874 1162
f 829 874 1503
f 829 1126 916
f 829 1162 916
f 829 1111 1089
f 829 1126 1089
f 829 1162 1089
f 829 1111 1162
f 829 1126 1162
f 829 1503 1162
f 830 978 833
f 830 1003 833
f 830 866 869
f 830 866 978
f 830 866 1003
f 830 1129 866
f 830 1348 866
f 830 869 978
f 830 1080 869
f 830 869 1129
f 830 869 1348
f 830 1003 978
f 830 1080 978
f 830 1129 1080
f 830 1348 1129
f 831 860 1347
f 831 1009 1317
f 831 1317 1202
f 831 1202 1337
f 831 1202 1347
f 831 1337 1317
f 831 1337 1347
f 832 868 929
f 832 1283 868
f 832 1436 868
f 832 963 929
f 832 929 1118
f 832 929 1283
f 832 1118 963
f 832 1283 1118
f 832 1436 1180
f 833 850 978
f 833 1003 850
f 833 850 1370
f 833 887 978
f 833 1370 887
f 833 978 1003
f 833 978 1370
f 834 838 1447
f 834 1179 1085
f 834 1446 1085
f 834 1447 1085
f 834 1179 1396
f 834 1446 1179
f 834 1446 1396
f 834 1447 1446
f 835 891 836
f 835 1134 836
f 835 836 1461
f 835 891 839
f 835 839 1134
f 835 1134 891
f 835 1134 1461
f 836 837 1447
f 836 837 1461
f 836 1134 891
f 836 1447 891
f 836 1134 1447
f 836 1134 1461
f 836 1461 1447
f 837 838 1447
f 837 1461 1447
f 839 891 1086
f 839 891 1134
f 839 981 993
f 839 981 1086
f 839 981 1281
f 839 1086 993
f 839 1134 1086
f 839 1086 1281
f 839 1281 1134
f 840 1075 1063
f 840 1075 1356
f 840 1075 1363
f 840 1363 1356
f 841 842 951
f 841 972 842
f 841 995 842
f 841 842 996
f 841 842 1174
f 841 842 1315
f 841 1174 951
f 841 971 972
f 841 971 1315
f 841 1315 972
f 841 994 995
f 841 994 996
f 841 994 1174
f 841 1315 994
f 841 995 996
f 841 1315 995
f 841 1174 996
f 842 858 951
f 842 858 1038
f 842 858 1174
f 842 858 1213
f 842 951 1174
f 842 995 972
f 842 1315 972
f 842 995 996
f 842 1038 995
f 842 995 1315
f 842 1038 996
f 842 996 1174
f 842 1174 1038
f 842 1213 1038
f 842 1174 1213
f 843 844 856
f 843 1159 844
f 843 856 1159
f 843 1159 1039
f 844 856 910
f 844 856 1153
f 844 1159 856
f 844 910 1153
f 844 1159 1153
f 845 857 1148
f 845 857 1454
f 845 1473 857
f 845 1480 857
f 845 952 872
f 845 872 1148
f 845 952 1148
f 845 1299 952
f 845 1299 1426
f 845 1480 1299
f 845 1480 1426
f 845 1454 1480
f 845 1480 1473
f 846 1036 892
f 846 892 1051
f 846 1036 949
f 846 1117 949
f 846 1036 1051
f 846 1036 1117
f 846 1036 1306
f 846 1306 1051
f 846 1051 1314
f 846 1051 1423
f 846 1423 1306
f 846 1314 1423
f 847 962 930
f 847 1371 930
f 847 1211 962
f 847 962 1371
f 847 1211 1108
f 847 1108 1371
f 847 1450 1108
f 847 1108 1458
f 847 1371 1211
f 847 1450 1211
f 848 1232 1140
f 848 1140 1286
f 848 1299 1140
f 848 1286 1232
f 848 1286 1299
f 848 1426 1286
f 848 1299 1426
f 849 1317 1009
f 850 978 866
f 850 866 1003
f 850 940 1003
f 850 1290 940
f 850 940 1291
f 850 1003 978
f 850 1370 978
f 850 1389 978
f 850 1003 1290
f 850 1290 1291
f 850 1335 1291
f 850 1335 1370
f 850 1335 1389
f 850 1370 1389
f 851 1000 853
f 851 853 1039
f 851 1136 853
f 851 1159 853
f 851 1000 1039
f 851 1039 1159
f 851 1136 1159
f 851 1136 1407
f 851 1407 1159
f 852 853 856
f 852 853 970
f 852 853 1136
f 852 853 1159
f 852 853 1298
f 852 856 970
f 852 1136 856
f 852 1159 856
f 852 970 1298
f 852 1032 1022
f 852 1022 1136
f 852 1032 1136
f 852 1136 1159
f 853 970 856
f 853 1039 856
f 853 856 1159
f 853 1298 907
f 853 907 1344
f 853 1381 907
f 853 907 1449
f 853 970 1298
f 853 1000 1039
f 853 1344 1000
f 853 1000 1449
f 853 1381 1001
f 853 1449 1001
f 853 1159 1039
f 853 1039 1449
f 853 1159 1136
f 853 1381 1298
f 853 1449 1344
f 853 1381 1449
f 854 857 884
f 854 857 1020
f 854 1148 857
f 854 1401 857
f 854 1472 857
f 854 1473 857
f 854 884 934
f 854 884 1020
f 854 884 1401
f 854 1020 934
f 854 1401 1020
f 854 1020 1472
f 854 1473 1020
f 854 1473 1472
f 855 862 909
f 855 982 862
f 855 1119 862
f 855 862 1453
f 855 1462 862
f 855 955 909
f 855 909 1119
f 855 955 982
f 855 955 1091
f 855 1119 955
f 855 982 1091
f 855 982 1119
f 855 1419 982
f 855 982 1462
f 855 1419 1091
f 855 1332 1453
f 855 1462 1419
f 855 1462 1453
f 856 878 877
f 856 878 911
f 856 910 911
f 856 1153 910
f 856 970 911
f 856 1039 1159
f 856 1159 1136
f 856 1159 1153
f 857 1401 884
f 857 1020 1401
f 857 1020 1472
f 857 1401 1454
f 857 1401 1459
f 857 1472 1401
f 857 1454 1459
f 857 1454 1480
f 857 1472 1459
f 857 1480 1459
f 857 1472 1473
f 857 1472 1480
f 857 1480 1473
f 858 953 928
f 858 928 1125
f 858 953 951
f 858 951 1174
f 858 1213 951
f 858 953 1125
f 858 1213 953
f 858 1125 1038
f 858 1038 1213
f 858 1125 1213
f 858 1174 1213
f 859 1007 1081
f 859 1007 1465
f 859 1008 1081
f 859 1008 1471
f 859 1465 1081
f 859 1420 1224
f 859 1465 1224
f 859 1420 1356
f 859 1356 1471
f 859 1471 1420
f 860 1347 1207
f 860 1347 1351
f 861 871 984
f 861 1422 871
f 861 871 1428
f 861 985 984
f 861 985 1059
f 861 1308 1059
f 861 1412 1059
f 861 1422 1059
f 861 1234 1219
f 861 1319 1219
f 861 1368 1219
f 861 1219 1409
f 861 1308 1234
f 861 1309 1234
f 861 1234 1368
f 861 1409 1234
f 861 1309 1308
f 861 1368 1308
f 861 1409 1309
f 861 1412 1319
f 861 1428 1319
f 861 1412 1422
f 861 1428 1412
f 861 1428 1422
f 862 1119 909
f 862 909 1152
f 862 1292 909
f 862 982 1119
f 862 1152 982
f 862 1220 982
f 862 982 1462
f 862 1152 1093
f 862 1152 1119
f 862 1152 1220
f 862 1152 1292
f 862 1462 1220
f 862 1453 1462
f 863 903 941
f 863 1205 903
f 863 903 1344
f 863 914 941
f 863 1344 914
f 863 914 1449
f 863 1344 941
f 863 1344 1000
f 863 1449 1000
f 863 1205 1344
f 863 1449 1344
f 864 1011 880
f 864 880 1341
f 864 880 1434
f 864 947 1071
f 864 1341 947
f 864 1011 961
f 864 1041 961
f 864 1148 961
f 864 976 1011
f 864 1011 1041
f 864 1011 1148
f 864 1341 1011
f 864 1071 1341
f 864 1434 1071
f 864 1148 1341
f 864 1434 1341
f 865 937 938
f 865 1083 937
f 865 937 1361
f 865 937 1485
f 865 938 1083
f 865 938 1360
f 865 1485 938
f 865 1083 1385
f 865 1360 1361
f 865 1360 1485
f 865 1485 1361
f 865 1390 1385
f 866 869 978
f 866 1348 869
f 866 869 1448
f 866 1129 908
f 866 1348 908
f 866 1003 978
f 866 1448 978
f 866 1348 1129
f 866 1448 1348
f 867 884 1028
f 867 884 1051
f 867 884 1423
f 867 998 905
f 867 905 1051
f 867 1051 998
f 867 1307 998
f 867 1028 1423
f 867 1051 1307
f 867 1423 1051
f 867 1423 1307
f 868 1283 929
f 868 1283 1242
f 868 1305 1316
f 868 1436 1316
f 869 908 1129
f 869 908 1313
f 869 1348 908
f 869 1079 978
f 869 1080 978
f 869 978 1404
f 869 978 1448
f 869 1079 1080
f 869 1404 1079
f 869 1080 1129
f 869 1129 1313
f 869 1348 1129
f 869 1187 1188
f 869 1404 1187
f 869 1348 1188
f 869 1188 1448
f 869 1249 1313
f 869 1404 1249
f 869 1313 1348
f 869 1448 1348
f 870 874 897
f 870 916 874
f 870 1137 874
f 870 874 1162
f 870 1503 874
f 870 916 897
f 870 897 987
f 870 897 1137
f 870 916 987
f 870 916 1162
f 870 1137 1494
f 870 1503 1137
f 870 1503 1162
f 870 1503 1494
f 871 1422 1428
f 872 952 1076
f 872 1148 952
f 872 1011 1148
f 872 1011 1218
f 872 1015 1218
f 872 1076 1148
f 872 1076 1218
f 872 1148 1218
f 873 1130 1009
f 873 1186 1130
f 873 1130 1275
f 874 916 897
f 874 1090 897
f 874 897 1137
f 874 1490 897
f 874 916 1090
f 874 916 1126
f 874 916 1162
f 874 1126 1090
f 874 1090 1490
f 874 1137 1490
f 874 1137 1503
f 874 1503 1162
f 875 903 941
f 875 1176 903
f 875 903 1205
f 875 903 1344
f 875 907 1074
f 875 1344 907
f 875 1176 921
f 875 1205 921
f 875 1074 941
f 875 1176 941
f 875 1344 941
f 875 1074 1176
f 875 1344 1074
f 875 1205 1176
f 875 1344 1205
f 876 906 1192
f 876 981 1086
f 876 981 1281
f 876 1086 1192
f 876 1281 1086
f 876 1351 1086
f 876 1351 1192
f 876 1281 1351
f 879 898 912
f 879 920 898
f 879 1255 898
f 879 920 912
f 879 1255 1280
f 880 915 1011
f 880 915 1432
f 880 1011 1341
f 880 1341 1116
f 880 1116 1434
f 880 1341 1434
f 880 1434 1432
f 881 1096 1025
f 881 1025 1296
f 881 1328 1025
f 881 1025 1365
f 881 1025 1390
f 881 1424 1025
f 881 1096 1095
f 881 1095 1296
f 881 1390 1095
f 881 1096 1296
f 881 1390 1096
f 881 1365 1323
f 881 1323 1390
f 881 1328 1365
f 881 1424 1328
f 881 1365 1390
f 882 883 967
f 882 883 994
f 882 1231 883
f 882 883 1289
f 882 1315 883
f 882 956 885
f 882 967 885
f 882 885 994
f 882 885 1289
f 882 956 967
f 882 956 1231
f 882 967 1231
f 882 967 1289
f 882 1289 994
f 882 994 1315
f 882 1231 1315
f 883 919 967
f 883 1262 919
f 883 1289 919
f 883 1297 919
f 883 919 1364
f 883 967 1231
f 883 967 1262
f 883 1289 967
f 883 967 1364
f 883 972 995
f 883 1315 972
f 883 994 995
f 883 994 1289
f 883 1315 994
f 883 1289 995
f 883 995 1297
f 883 995 1315
f 883 1231 1315
f 883 1364 1231
f 883 1289 1262
f 883 1289 1297
f 884 1020 934
f 884 1051 934
f 884 1401 1020
f 884 1401 1028
f 884 1028 1423
f 884 1314 1051
f 884 1423 1051
f 884 1423 1314
f 885 967 956
f 885 967 1073
f 885 1262 967
f 885 1289 967
f 885 1289 994
f 885 1073 1262
f 885 1073 1289
f 885 1262 1289
f 886 978 887
f 886 1370 887
f 886 1370 978
f 886 978 1389
f 886 1370 1335
f 886 1389 1335
f 886 1370 1389
f 887 1370 978
f 888 989 1263
f 888 1418 989
f 888 1386 1214
f 888 1214 1417
f 888 1418 1214
f 888 1263 1386
f 888 1418 1263
f 888 1386 1310
f 888 1310 1388
f 888 1386 1388
f 888 1386 1417
f 888 1418 1386
f 888 1417 1388
f 888 1388 1418
f 888 1417 1418
f 889 1002 1115
f 889 1115 1107
f 889 1137 1107
f 889 1495 1107
f 889 1115 1137
f 889 1501 1115
f 890 1115 1002
f 890 1115 1374
f 890 1433 1474
f 891 1134 1086
f 891 1446 1086
f 891 1446 1134
f 891 1134 1447
f 891 1447 1446
f 892 904 1036
f 892 1051 904
f 892 1051 934
f 892 1036 1051
f 893 894 1133
f 893 894 1355
f 893 894 1470
f 893 986 1288
f 893 986 1355
f 893 1470 1133
f 893 1288 1355
f 894 950 1355
f 894 1440 950
f 894 1470 1133
f 894 1355 1329
f 894 1440 1329
f 894 1355 1440
f 895 941 914
f 895 914 1001
f 895 914 1087
f 895 923 927
f 895 941 923
f 895 927 941
f 895 1087 927
f 895 927 1177
f 895 941 1087
f 895 1087 1177
f 896 940 1003
f 896 1204 940
f 896 1290 940
f 896 1204 1003
f 896 1290 1003
f 896 1345 1003
f 896 1204 1345
f 897 916 987
f 897 916 1090
f 897 916 1112
f 897 916 1379
f 897 1379 987
f 897 1010 1112
f 897 1340 1010
f 897 1379 1010
f 897 1112 1090
f 897 1090 1490
f 897 1340 1112
f 897 1112 1379
f 897 1489 1112
f 897 1112 1490
f 897 1489 1137
f 897 1137 1490
f 897 1489 1340
f 897 1489 1490
f 898 920 912
f 898 1196 912
f 898 1372 912
f 898 920 1237
f 898 1372 920
f 898 944 977
f 898 1237 944
f 898 944 1255
f 898 977 1255
f 898 1372 1196
f 898 1237 1372
f 899 966 1209
f 899 966 1216
f 899 966 1339
f 899 1201 1238
f 899 1339 1201
f 899 1238 1209
f 899 1209 1339
f 899 1238 1339
f 900 1107 1115
f 900 1107 1137
f 900 1107 1374
f 900 1115 1137
f 900 1374 1115
f 900 1469 1115
f 900 1115 1501
f 900 1137 1489
f 900 1469 1468
f 900 1489 1468
f 900 1489 1501
f 901 979 1164
f 901 1338 979
f 901 1133 1035
f 901 1164 1035
f 901 1338 1035
f 901 1376 1035
f 901 1043 1133
f 901 1275 1043
f 901 1043 1338
f 901 1133 1338
f 901 1338 1164
f 901 1338 1275
f 902 959 1035
f 902 1133 959
f 902 1133 1035
f 902 1035 1169
f 902 1245 1035
f 902 1338 1035
f 902 1245 1120
f 902 1301 1120
f 902 1120 1338
f 902 1301 1133
f 902 1338 1133
f 902 1245 1169
f 902 1245 1338
f 902 1301 1338
f 903 924 941
f 903 1358 924
f 903 1176 941
f 903 1344 941
f 903 941 1358
f 903 1205 1014
f 903 1014 1358
f 903 1176 1205
f 903 1358 1176
f 903 1205 1344
f 903 1358 1205
f 904 905 1036
f 904 905 1051
f 904 1036 1051
f 905 1036 998
f 905 998 1051
f 905 1051 1036
f 907 1074 914
f 907 1344 914
f 907 914 1381
f 907 1344 1074
f 907 1074 1381
f 907 1298 1381
f 907 1344 1381
f 907 1449 1344
f 907 1381 1449
f 908 1175 928
f 908 1175 1129
f 908 1313 1129
f 908 1129 1348
f 908 1258 1175
f 908 1313 1175
f 908 1258 1313
f 908 1348 1313
f 909 1119 955
f 909 1119 1047
f 909 1047 1152
f 909 1119 1152
f 909 1152 1292
f 909 1252 1217
f 909 1217 1330
f 909 1330 1252
f 909 1292 1330
f 912 1367 920
f 912 1372 920
f 912 920 1464
f 912 1372 1196
f 912 1196 1464
f 912 1367 1464
f 912 1372 1464
f 913 974 1200
f 913 1200 1156
f 913 1156 1419
f 913 1435 1156
f 913 1419 1200
f 913 1419 1435
f 914 1074 941
f 914 941 1087
f 914 1344 941
f 914 1001 1381
f 914 1449 1001
f 914 1087 1074
f 914 1344 1074
f 914 1074 1381
f 914 1087 1381
f 914 1344 1381
f 914 1449 1344
f 914 1381 1449
f 915 975 1011
f 916 987 1379
f 916 987 1384
f 916 1112 1010
f 916 1010 1379
f 916 1010 1402
f 916 1089 1126
f 916 1089 1162
f 916 1089 1384
f 916 1402 1089
f 916 1090 1112
f 916 1090 1126
f 916 1112 1379
f 916 1162 1126
f 916 1402 1126
f 916 1384 1162
f 916 1384 1379
f 916 1402 1379
f 916 1384 1402
f 917 918 958
f 917 988 918
f 917 1048 918
f 917 1055 918
f 917 918 1092
f 917 1216 918
f 917 918 1344
f 917 958 1055
f 917 958 1216
f 917 958 1452
f 917 988 1048
f 917 1048 1012
f 917 1055 1012
f 917 1012 1377
f 917 1452 1012
f 917 1055 1048
f 917 1048 1377
f 917 1055 1452
f 917 1216 1092
f 917 1216 1452
f 918 1004 958
f 918 958 1055
f 918 958 1092
f 918 1216 958
f 918 988 1004
f 918 1048 988
f 918 1048 1004
f 918 1004 1055
f 918 1055 1048
f 918 1092 1216
f 919 967 1262
f 919 1364 967
f 919 1167 1262
f 919 1262 1289
f 919 1297 1262
f 919 1364 1262
f 919 1297 1289
f 920 1024 1256
f 920 1024 1367
f 920 1464 1024
f 920 1237 1372
f 920 1372 1256
f 920 1256 1415
f 920 1464 1256
f 920 1367 1464
f 920 1415 1372
f 920 1464 1372
f 920 1415 1464
f 921 1014 922
f 921 1111 922
f 921 1197 922
f 921 922 1205
f 921 1014 1197
f 921 1014 1205
f 921 1014 1358
f 921 1111 1197
f 921 1176 1205
f 921 1358 1176
f 921 1176 1394
f 921 1176 1429
f 921 1197 1358
f 921 1394 1197
f 921 1429 1197
f 921 1205 1358
f 921 1429 1358
f 921 1394 1429
f 922 1054 1014
f 922 1197 1014
f 922 1014 1205
f 922 1054 1111
f 922 1162 1054
f 922 1197 1054
f 922 1162 1111
f 922 1111 1197
f 923 924 941
f 923 924 1358
f 923 927 941
f 923 1358 927
f 923 941 1358
f 924 1358 941
f 925 939 1163
f 925 1277 939
f 925 1195 1163
f 925 1277 1163
f 925 1436 1163
f 925 1195 1277
f 925 1222 1277
f 925 1416 1222
f 925 1416 1277
f 926 954 997
f 926 954 1251
f 926 954 1299
f 926 1019 1140
f 926 1251 1019
f 926 1251 1140
f 926 1140 1299
f 926 1251 1299
f 926 1473 1299
f 927 941 1087
f 927 941 1358
f 927 945 1358
f 927 1429 945
f 927 1177 1087
f 927 1358 1087
f 927 1087 1429
f 927 1177 1429
f 927 1429 1358
f 928 953 1125
f 928 1175 953
f 929 963 1118
f 929 1118 1057
f 929 1283 1057
f 929 1118 1283
f 930 1226 931
f 930 931 1230
f 930 931 1263
f 930 931 1371
f 930 962 1097
f 930 962 1105
f 930 962 1371
f 930 1105 1097
f 930 1263 1097
f 930 1263 1105
f 930 1371 1105
f 930 1226 1230
f 930 1263 1230
f 930 1371 1263
f 931 936 1371
f 931 1373 936
f 931 1230 989
f 931 1263 989
f 931 989 1373
f 931 1227 1226
f 931 1226 1230
f 931 1227 1230
f 931 1263 1230
f 931 1263 1371
f 931 1373 1263
f 931 1371 1373
f 932 933 983
f 932 933 1082
f 932 1434 933
f 932 983 1071
f 932 983 1082
f 932 983 1434
f 932 1434 1071
f 933 983 1082
f 933 983 1353
f 933 983 1434
f 933 1067 1082
f 933 1067 1353
f 933 1082 1353
f 933 1434 1353
f 935 1030 1231
f 935 1276 1030
f 935 1122 1031
f 935 1231 1031
f 935 1276 1031
f 935 1122 1231
f 935 1122 1276
f 935 1122 1364
f 935 1231 1276
f 935 1231 1364
f 936 1273 1108
f 936 1108 1371
f 936 1354 1273
f 936 1273 1371
f 936 1373 1273
f 936 1273 1443
f 936 1371 1354
f 936 1443 1354
f 936 1371 1373
f 936 1443 1371
f 936 1373 1443
f 937 938 1083
f 937 938 1336
f 937 1484 938
f 937 1485 938
f 937 1088 1083
f 937 1083 1336
f 937 1336 1171
f 937 1171 1484
f 937 1171 1485
f 937 1484 1336
f 937 1485 1361
f 937 1484 1485
f 938 1083 957
f 938 1223 957
f 938 1223 1083
f 938 1336 1083
f 938 1282 1223
f 938 1223 1336
f 938 1282 1336
f 938 1360 1282
f 938 1282 1484
f 938 1282 1485
f 938 1336 1484
f 938 1485 1360
f 938 1484 1485
f 939 1277 1157
f 939 1157 1416
f 939 1277 1163
f 939 1163 1392
f 939 1436 1163
f 939 1392 1277
f 939 1277 1416
f 940 1003 1013
f 940 1204 1003
f 940 1003 1290
f 940 1346 1003
f 940 1204 1013
f 940 1013 1346
f 940 1291 1053
f 940 1204 1346
f 940 1291 1290
f 941 1074 1087
f 941 1074 1176
f 941 1074 1344
f 941 1087 1176
f 941 1087 1358
f 941 1176 1358
f 942 943 1128
f 942 943 1349
f 942 1261 1128
f 942 1128 1268
f 942 1128 1331
f 942 1128 1349
f 942 1268 1261
f 942 1261 1331
f 942 1349 1331
f 943 1128 1310
f 943 1128 1349
f 943 1349 1310
f 943 1455 1310
f 943 1455 1349
f 944 977 1255
f 944 1005 1255
f 945 1358 1197
f 945 1197 1395
f 945 1429 1197
f 945 1197 1467
f 945 1358 1429
f 945 1395 1429
f 946 983 1116
f 946 1204 983
f 946 1325 983
f 946 983 1341
f 946 1116 1325
f 946 1341 1116
f 946 1341 1204
f 947 1071 983
f 947 983 1204
f 947 1341 983
f 947 1071 1341
f 947 1204 1341
f 949 965 1036
f 949 1099 965
f 949 1036 1099
f 949 1036 1117
f 949 1099 1117
f 950 1378 1121
f 950 1287 1288
f 950 1287 1329
f 950 1355 1287
f 950 1287 1378
f 950 1287 1440
f 950 1288 1355
f 950 1288 1378
f 950 1355 1329
f 950 1440 1329
f 950 1355 1440
f 950 1378 1441
f 950 1442 1440
f 950 1441 1442
f 951 953 1213
f 951 1235 953
f 951 1174 1213
f 952 954 997
f 952 1076 954
f 952 1299 954
f 952 1076 997
f 952 997 1148
f 952 1076 1026
f 952 1148 1076
f 953 1084 1175
f 953 1235 1084
f 953 1125 1213
f 953 1175 1235
f 954 997 1058
f 954 1076 997
f 954 1076 1058
f 954 1066 1254
f 954 1254 1251
f 954 1251 1299
f 954 1254 1299
f 955 1091 982
f 955 1119 982
f 956 1122 967
f 956 1231 967
f 956 1122 1031
f 956 1231 1031
f 956 1122 1231
f 957 1083 1223
f 957 1385 1083
f 957 1365 1323
f 957 1385 1323
f 957 1323 1390
f 957 1385 1365
f 957 1390 1385
f 958 1004 1055
f 958 1243 1055
f 958 1452 1055
f 958 1092 1216
f 958 1452 1216
f 958 1243 1452
f 959 1035 1133
f 959 1035 1403
f 960 1083 1223
f 960 1336 1083
f 960 1336 1223
f 961 1041 997
f 961 997 1076
f 961 997 1148
f 961 1269 997
f 961 1041 1011
f 961 1148 1011
f 961 1011 1269
f 961 1269 1041
f 961 1076 1148
f 961 1076 1269
f 961 1148 1269
f 962 1132 969
f 962 1097 1105
f 962 1105 1132
f 962 1105 1371
f 962 1132 1211
f 962 1371 1132
f 962 1371 1211
f 963 1118 1103
f 963 1103 1229
f 964 1101 1024
f 964 1024 1158
f 964 1165 1024
f 964 1024 1238
f 964 1101 1165
f 964 1101 1238
f 964 1209 1158
f 964 1158 1238
f 964 1209 1238
f 965 1036 998
f 965 1099 1036
f 966 1216 1021
f 966 1209 1339
f 967 1072 1073
f 967 1072 1262
f 967 1072 1466
f 967 1262 1073
f 967 1122 1231
f 967 1364 1122
f 967 1231 1364
f 967 1262 1289
f 967 1364 1262
f 967 1466 1262
f 968 969 1132
f 968 1068 1132
f 971 972 1046
f 971 972 1228
f 971 972 1315
f 971 1322 972
f 971 1350 972
f 971 1045 1046
f 971 1229 1045
f 971 1045 1322
f 971 1228 1046
f 971 1046 1229
f 971 1046 1322
f 971 1229 1228
f 971 1228 1350
f 971 1229 1350
f 972 1315 995
f 972 1046 1228
f 972 1322 1046
f 972 1228 1350
f 973 1117 1099
f 973 1099 1505
f 973 1117 1294
f 973 1505 1117
f 975 976 1011
f 978 1079 1080
f 978 1404 1079
f 978 1370 1389
f 978 1389 1404
f 979 1295 1100
f 979 1164 1295
f 979 1338 1164
f 979 1338 1295
f 980 992 1086
f 980 992 1192
f 980 1179 1086
f 980 1086 1192
f 980 1086 1351
f 980 1086 1446
f 980 1179 1168
f 980 1168 1351
f 980 1396 1168
f 980 1179 1351
f 980 1396 1179
f 980 1179 1446
f 980 1351 1192
f 980 1396 1446
f 981 993 1086
f 981 1086 1281
f 982 1047 1119
f 982 1047 1152
f 982 1047 1221
f 982 1156 1091
f 982 1091 1419
f 982 1152 1119
f 982 1220 1152
f 982 1152 1221
f 982 1156 1221
f 982 1156 1419
f 982 1435 1156
f 982 1220 1419
f 982 1220 1435
f 982 1220 1462
f 982 1221 1435
f 982 1435 1419
f 982 1419 1462
f 983 1341 1071
f 983 1434 1071
f 983 1183 1082
f 983 1082 1353
f 983 1116 1325
f 983 1341 1116
f 983 1434 1116
f 983 1183 1325
f 983 1183 1353
f 983 1341 1204
f 983 1341 1434
f 983 1353 1434
f 986 1200 1287
f 986 1355 1200
f 986 1287 1288
f 986 1355 1287
f 986 1288 1355
f 987 1379 1384
f 988 1004 1048
f 988 1048 1032
f 988 1136 1032
f 988 1048 1114
f 988 1048 1136
f 988 1048 1362
f 988 1362 1114
f 988 1407 1114
f 988 1362 1136
f 988 1136 1407
f 988 1407 1362
f 989 1263 1105
f 989 1105 1373
f 989 1418 1105
f 989 1263 1230
f 989 1263 1373
f 989 1418 1263
f 990 1183 991
f 990 1183 1067
f 990 1353 1067
f 990 1183 1353
f 991 1325 1183
f 992 1086 993
f 992 1192 1086
f 994 996 995
f 994 1289 995
f 994 1315 995
f 994 1174 996
f 994 1289 996
f 994 996 1343
f 994 1289 1343
f 995 996 1038
f 995 996 1289
f 995 1297 996
f 995 1289 1297
f 996 1070 1038
f 996 1174 1038
f 996 1038 1213
f 996 1069 1070
f 996 1213 1069
f 996 1233 1069
f 996 1070 1213
f 996 1173 1172
f 996 1172 1233
f 996 1289 1172
f 996 1172 1297
f 996 1172 1342
f 996 1297 1173
f 996 1181 1174
f 996 1174 1213
f 996 1181 1213
f 996 1233 1181
f 996 1213 1233
f 996 1233 1342
f 996 1289 1297
f 996 1289 1342
f 996 1289 1343
f 996 1343 1342
f 997 1041 1269
f 997 1076 1058
f 997 1058 1269
f 997 1076 1148
f 997 1076 1269
f 998 1051 1036
f 998 1036 1307
f 998 1307 1051
f 999 1200 1287
f 999 1287 1378
f 1000 1039 1449
f 1000 1344 1449
f 1000 1449 1444
f 1001 1381 1449
f 1001 1449 1445
f 1003 1013 1346
f 1003 1345 1204
f 1003 1204 1346
f 1003 1345 1212
f 1003 1212 1346
f 1003 1345 1346
f 1004 1055 1048
f 1004 1048 1369
f 1004 1369 1055
f 1004 1199 1369
f 1005 1255 1203
f 1005 1203 1280
f 1005 1458 1203
f 1005 1255 1280
f 1006 1007 1081
f 1006 1465 1007
f 1006 1465 1081
f 1007 1081 1465
f 1010 1112 1340
f 1010 1379 1112
f 1010 1379 1402
f 1011 1041 1269
f 1011 1148 1218
f 1011 1148 1269
f 1011 1148 1341
f 1011 1154 1218
f 1011 1269 1154
f 1011 1269 1218
f 1012 1048 1055
f 1012 1048 1324
f 1012 1377 1048
f 1012 1324 1055
f 1012 1452 1055
f 1012 1138 1324
f 1012 1324 1377
f 1013 1346 1204
f 1014 1197 1054
f 1014 1358 1197
f 1014 1205 1358
f 1015 1218 1016
f 1016 1154 1218
f 1017 1040 1145
f 1017 1264 1040
f 1017 1040 1293
f 1017 1145 1049
f 1017 1049 1264
f 1017 1264 1145
f 1017 1293 1145
f 1017 1145 1321
f 1017 1293 1321
f 1018 1251 1019
f 1018 1251 1131
f 1019 1140 1251
f 1020 1401 1414
f 1020 1472 1401
f 1020 1414 1472
f 1020 1472 1473
f 1021 1243 1216
f 1022 1136 1023
f 1022 1136 1032
f 1023 1153 1136
f 1023 1136 1352
f 1023 1352 1153
f 1024 1165 1101
f 1024 1101 1238
f 1024 1101 1367
f 1024 1102 1158
f 1024 1102 1238
f 1024 1158 1238
f 1024 1464 1256
f 1024 1464 1367
f 1025 1037 1155
f 1025 1390 1037
f 1025 1096 1296
f 1025 1390 1096
f 1025 1328 1155
f 1025 1155 1365
f 1025 1155 1390
f 1025 1365 1328
f 1025 1424 1328
f 1025 1390 1365
f 1025 1424 1410
f 1026 1027 1076
f 1027 1058 1076
f 1028 1413 1401
f 1028 1475 1401
f 1028 1413 1475
f 1029 1118 1103
f 1029 1283 1118
f 1029 1283 1242
f 1030 1044 1031
f 1030 1031 1231
f 1030 1031 1276
f 1030 1279 1031
f 1030 1044 1040
f 1030 1151 1040
f 1030 1151 1044
f 1030 1044 1276
f 1030 1231 1276
f 1030 1279 1231
f 1030 1279 1278
f 1031 1122 1044
f 1031 1225 1044
f 1031 1044 1276
f 1031 1122 1225
f 1031 1122 1231
f 1031 1276 1122
f 1031 1276 1231
f 1031 1279 1231
f 1032 1048 1136
f 1032 1048 1366
f 1032 1048 1377
f 1032 1366 1136
f 1032 1160 1366
f 1032 1377 1160
f 1032 1366 1377
f 1033 1136 1034
f 1033 1159 1034
f 1033 1362 1034
f 1033 1136 1159
f 1033 1362 1136
f 1033 1136 1407
f 1033 1407 1159
f 1033 1362 1407
f 1034 1153 1136
f 1034 1136 1159
f 1034 1352 1136
f 1034 1136 1362
f 1034 1159 1153
f 1034 1153 1352
f 1034 1362 1352
f 1035 1338 1133
f 1035 1164 1239
f 1035 1164 1245
f 1035 1164 1338
f 1035 1169 1170
f 1035 1245 1169
f 1035 1239 1170
f 1035 1170 1245
f 1035 1239 1245
f 1035 1239 1375
f 1035 1239 1403
f 1035 1338 1245
f 1035 1376 1375
f 1036 1051 1306
f 1036 1051 1307
f 1036 1117 1099
f 1036 1307 1306
f 1037 1088 1155
f 1037 1385 1088
f 1037 1088 1390
f 1037 1385 1155
f 1037 1155 1390
f 1037 1390 1385
f 1038 1213 1070
f 1038 1125 1213
f 1038 1174 1213
f 1040 1044 1151
f 1040 1264 1044
f 1040 1145 1151
f 1040 1145 1264
f 1040 1145 1293
f 1040 1264 1151
f 1040 1151 1293
f 1042 1133 1043
f 1042 1043 1275
f 1042 1043 1301
f 1042 1368 1043
f 1042 1043 1380
f 1042 1470 1043
f 1042 1301 1133
f 1042 1470 1133
f 1042 1244 1186
f 1042 1275 1186
f 1042 1186 1301
f 1042 1186 1380
f 1042 1215 1244
f 1042 1270 1215
f 1042 1215 1368
f 1042 1380 1215
f 1042 1380 1244
f 1042 1270 1368
f 1042 1470 1270
f 1042 1301 1275
f 1042 1380 1275
f 1042 1301 1470
f 1042 1368 1380
f 1042 1470 1368
f 1043 1193 1050
f 1043 1050 1368
f 1043 1050 1380
f 1043 1127 1193
f 1043 1127 1275
f 1043 1380 1127
f 1043 1133 1301
f 1043 1338 1133
f 1043 1470 1133
f 1043 1193 1380
f 1043 1275 1301
f 1043 1338 1275
f 1043 1275 1380
f 1043 1301 1338
f 1043 1380 1368
f 1043 1368 1470
f 1044 1106 1122
f 1044 1225 1106
f 1044 1276 1106
f 1044 1106 1397
f 1044 1122 1225
f 1044 1276 1122
f 1044 1264 1151
f 1044 1225 1264
f 1044 1264 1397
f 1045 1060 1046
f 1045 1189 1046
f 1045 1046 1229
f 1045 1046 1322
f 1045 1060 1061
f 1045 1060 1189
f 1045 1060 1296
f 1045 1060 1322
f 1045 1095 1061
f 1045 1296 1061
f 1045 1061 1322
f 1045 1296 1095
f 1045 1189 1296
f 1046 1060 1189
f 1046 1060 1322
f 1046 1103 1228
f 1046 1103 1229
f 1046 1229 1228
f 1047 1094 1152
f 1047 1119 1152
f 1047 1152 1221
f 1048 1324 1055
f 1048 1369 1055
f 1048 1114 1362
f 1048 1362 1136
f 1048 1136 1366
f 1048 1324 1257
f 1048 1369 1257
f 1048 1257 1400
f 1048 1324 1369
f 1048 1377 1324
f 1048 1400 1324
f 1048 1366 1362
f 1048 1362 1400
f 1048 1377 1366
f 1048 1366 1400
f 1048 1369 1400
f 1049 1264 1145
f 1049 1264 1225
f 1050 1193 1318
f 1050 1380 1193
f 1050 1308 1234
f 1050 1234 1318
f 1050 1368 1234
f 1050 1308 1368
f 1050 1368 1318
f 1050 1318 1380
f 1050 1368 1380
f 1051 1307 1306
f 1051 1306 1423
f 1051 1423 1307
f 1051 1423 1314
f 1052 1065 1085
f 1052 1179 1065
f 1052 1351 1065
f 1052 1085 1179
f 1052 1206 1179
f 1052 1179 1351
f 1052 1351 1206
f 1053 1291 1335
f 1054 1162 1089
f 1054 1089 1197
f 1054 1089 1271
f 1054 1111 1162
f 1054 1111 1197
f 1054 1197 1162
f 1054 1271 1197
f 1055 1243 1064
f 1055 1452 1064
f 1055 1257 1139
f 1055 1139 1324
f 1055 1243 1452
f 1055 1257 1324
f 1055 1369 1257
f 1055 1324 1369
f 1056 1118 1057
f 1056 1283 1057
f 1056 1118 1283
f 1057 1118 1283
f 1058 1076 1154
f 1058 1269 1076
f 1058 1154 1269
f 1059 1412 1408
f 1059 1408 1422
f 1059 1412 1422
f 1060 1296 1061
f 1060 1304 1061
f 1060 1322 1061
f 1060 1061 1411
f 1060 1096 1189
f 1060 1296 1096
f 1060 1189 1296
f 1060 1278 1304
f 1060 1278 1410
f 1060 1410 1304
f 1060 1411 1304
f 1060 1411 1410
f 1061 1296 1095
f 1061 1304 1322
f 1061 1411 1304
f 1062 1063 1075
f 1062 1075 1387
f 1062 1398 1075
f 1062 1387 1398
f 1064 1452 1243
f 1065 1134 1085
f 1065 1179 1085
f 1065 1085 1446
f 1065 1281 1134
f 1065 1446 1134
f 1065 1281 1179
f 1065 1179 1351
f 1065 1179 1446
f 1065 1281 1351
f 1065 1281 1446
f 1066 1147 1254
f 1066 1147 1286
f 1066 1286 1254
f 1066 1254 1299
f 1066 1286 1299
f 1067 1082 1183
f 1067 1353 1082
f 1067 1183 1353
f 1068 1132 1078
f 1068 1078 1443
f 1068 1354 1132
f 1068 1443 1132
f 1068 1354 1274
f 1068 1443 1354
f 1069 1213 1070
f 1069 1233 1213
f 1071 1341 1434
f 1072 1073 1262
f 1072 1289 1073
f 1072 1262 1135
f 1072 1135 1289
f 1072 1466 1135
f 1072 1289 1262
f 1072 1466 1262
f 1073 1262 1289
f 1074 1176 1087
f 1074 1178 1087
f 1074 1381 1087
f 1074 1178 1176
f 1075 1356 1363
f 1075 1356 1398
f 1075 1363 1398
f 1075 1398 1387
f 1076 1148 1218
f 1076 1269 1148
f 1076 1218 1154
f 1076 1154 1269
f 1076 1218 1269
f 1077 1443 1078
f 1077 1273 1373
f 1077 1443 1273
f 1077 1373 1443
f 1078 1132 1443
f 1081 1465 1382
f 1082 1353 1183
f 1083 1088 1385
f 1083 1223 1336
f 1084 1175 1190
f 1084 1235 1175
f 1084 1439 1175
f 1084 1235 1190
f 1084 1439 1190
f 1085 1134 1124
f 1085 1447 1124
f 1085 1446 1134
f 1085 1447 1134
f 1085 1446 1179
f 1085 1447 1446
f 1086 1134 1281
f 1086 1134 1446
f 1086 1281 1179
f 1086 1179 1351
f 1086 1179 1446
f 1086 1192 1351
f 1086 1281 1351
f 1086 1446 1281
f 1087 1178 1176
f 1087 1176 1358
f 1087 1176 1429
f 1087 1178 1177
f 1087 1429 1177
f 1087 1178 1429
f 1087 1358 1429
f 1088 1155 1385
f 1088 1385 1390
f 1089 1110 1109
f 1089 1126 1109
f 1089 1109 1326
f 1089 1402 1109
f 1089 1463 1109
f 1089 1126 1110
f 1089 1111 1162
f 1089 1197 1111
f 1089 1111 1467
f 1089 1126 1162
f 1089 1402 1126
f 1089 1162 1197
f 1089 1384 1162
f 1089 1197 1271
f 1089 1197 1272
f 1089 1463 1197
f 1089 1197 1467
f 1089 1271 1272
f 1089 1272 1463
f 1089 1326 1327
f 1089 1384 1326
f 1089 1326 1402
f 1089 1326 1463
f 1089 1384 1327
f 1089 1402 1384
f 1089 1463 1467
f 1090 1490 1112
f 1091 1419 1156
f 1093 1094 1152
f 1095 1296 1096
f 1095 1390 1096
f 1096 1296 1189
f 1097 1214 1104
f 1097 1104 1386
f 1097 1214 1105
f 1097 1105 1263
f 1097 1263 1214
f 1097 1386 1214
f 1097 1263 1386
f 1098 1100 1144
f 1098 1236 1100
f 1099 1117 1505
f 1100 1236 1295
f 1101 1238 1201
f 1102 1158 1238
f 1102 1158 1339
f 1102 1238 1339
f 1103 1228 1229
f 1104 1214 1210
f 1104 1210 1386
f 1104 1399 1210
f 1104 1425 1210
f 1104 1210 1427
f 1104 1214 1386
f 1104 1425 1214
f 1104 1427 1386
f 1104 1425 1399
f 1104 1399 1427
f 1105 1123 1214
f 1105 1123 1418
f 1105 1371 1132
f 1105 1132 1443
f 1105 1214 1263
f 1105 1418 1214
f 1105 1263 1371
f 1105 1263 1373
f 1105 1418 1263
f 1105 1373 1371
f 1105 1443 1371
f 1105 1373 1443
f 1106 1122 1225
f 1106 1122 1276
f 1107 1137 1115
f 1107 1115 1374
f 1108 1246 1203
f 1108 1203 1458
f 1108 1354 1211
f 1108 1371 1211
f 1108 1450 1211
f 1108 1248 1246
f 1108 1274 1246
f 1108 1451 1246
f 1108 1247 1248
f 1108 1273 1247
f 1108 1354 1247
f 1108 1274 1248
f 1108 1248 1354
f 1108 1354 1273
f 1108 1273 1371
f 1108 1354 1274
f 1108 1274 1451
f 1108 1354 1371
f 1108 1451 1450
f 1109 1126 1110
f 1109 1126 1402
f 1109 1326 1402
f 1109 1463 1326
f 1111 1162 1197
f 1111 1467 1197
f 1111 1430 1467
f 1112 1489 1340
f 1112 1489 1490
f 1113 1362 1114
f 1113 1352 1362
f 1113 1352 1400
f 1113 1362 1400
f 1114 1362 1407
f 1116 1341 1434
f 1120 1245 1164
f 1120 1295 1164
f 1120 1338 1164
f 1120 1245 1295
f 1120 1338 1245
f 1120 1295 1338
f 1120 1338 1301
f 1122 1364 1231
f 1123 1253 1214
f 1123 1418 1214
f 1124 1447 1134
f 1124 1134 1461
f 1124 1461 1447
f 1127 1130 1150
f 1127 1275 1130
f 1127 1130 1380
f 1127 1150 1193
f 1127 1150 1380
f 1127 1193 1380
f 1127 1380 1275
f 1128 1261 1260
f 1128 1260 1421
f 1128 1260 1427
f 1128 1268 1261
f 1128 1261 1331
f 1128 1261 1421
f 1128 1268 1393
f 1128 1416 1268
f 1128 1349 1310
f 1128 1310 1427
f 1128 1331 1349
f 1128 1331 1421
f 1128 1349 1421
f 1128 1427 1349
f 1128 1416 1393
f 1128 1393 1427
f 1128 1427 1416
f 1128 1427 1421
f 1129 1141 1313
f 1129 1313 1175
f 1130 1150 1206
f 1130 1250 1150
f 1130 1265 1150
f 1130 1150 1380
f 1130 1250 1168
f 1130 1351 1168
f 1130 1265 1186
f 1130 1186 1275
f 1130 1380 1186
f 1130 1250 1206
f 1130 1351 1206
f 1130 1250 1265
f 1130 1351 1250
f 1130 1380 1265
f 1130 1380 1275
f 1131 1146 1232
f 1131 1254 1146
f 1131 1232 1251
f 1131 1254 1232
f 1131 1254 1251
f 1132 1211 1354
f 1132 1211 1371
f 1132 1371 1354
f 1132 1443 1354
f 1132 1371 1443
f 1133 1301 1338
f 1133 1470 1301
f 1134 1446 1281
f 1134 1447 1446
f 1134 1461 1447
f 1135 1262 1166
f 1135 1466 1166
f 1135 1289 1172
f 1135 1172 1342
f 1135 1262 1289
f 1135 1262 1466
f 1135 1289 1342
f 1136 1153 1159
f 1136 1153 1352
f 1136 1159 1407
f 1136 1352 1362
f 1136 1366 1352
f 1136 1366 1362
f 1136 1407 1362
f 1137 1490 1489
f 1137 1499 1494
f 1137 1494 1503
f 1137 1503 1499
f 1138 1139 1324
f 1139 1257 1324
f 1140 1251 1232
f 1140 1286 1232
f 1140 1251 1286
f 1140 1251 1299
f 1140 1286 1299
f 1141 1313 1142
f 1142 1249 1313
f 1142 1439 1249
f 1142 1313 1439
f 1145 1149 1151
f 1145 1149 1264
f 1145 1151 1264
f 1145 1151 1293
f 1145 1293 1321
f 1145 1293 1330
f 1145 1330 1321
f 1146 1254 1147
f 1146 1147 1286
f 1146 1232 1254
f 1146 1286 1232
f 1146 1286 1254
f 1147 1286 1254
f 1148 1269 1218
f 1149 1264 1151
f 1149 1264 1397
f 1150 1380 1193
f 1150 1206 1250
f 1150 1265 1250
f 1150 1380 1265
f 1154 1218 1269
f 1155 1328 1365
f 1155 1422 1328
f 1155 1365 1385
f 1155 1365 1390
f 1155 1385 1390
f 1156 1419 1200
f 1156 1221 1435
f 1156 1419 1435
f 1157 1393 1277
f 1157 1277 1416
f 1157 1393 1285
f 1157 1416 1393
f 1157 1393 1427
f 1157 1427 1416
f 1158 1238 1209
f 1158 1209 1339
f 1158 1339 1238
f 1160 1366 1161
f 1160 1366 1377
f 1161 1352 1366
f 1161 1400 1352
f 1161 1400 1366
f 1163 1195 1194
f 1163 1277 1194
f 1163 1305 1194
f 1163 1195 1277
f 1163 1305 1277
f 1163 1277 1391
f 1163 1392 1277
f 1163 1305 1316
f 1163 1391 1305
f 1163 1436 1316
f 1163 1391 1392
f 1164 1236 1239
f 1164 1236 1295
f 1164 1245 1239
f 1164 1295 1245
f 1164 1338 1245
f 1164 1295 1338
f 1165 1227 1226
f 1166 1167 1262
f 1166 1466 1262
f 1168 1250 1179
f 1168 1179 1351
f 1168 1396 1179
f 1168 1250 1351
f 1168 1396 1250
f 1169 1170 1245
f 1170 1239 1245
f 1171 1484 1336
f 1171 1460 1484
f 1171 1485 1484
f 1172 1173 1297
f 1172 1233 1342
f 1172 1297 1289
f 1172 1289 1342
f 1174 1213 1181
f 1175 1190 1191
f 1175 1235 1190
f 1175 1439 1190
f 1175 1235 1191
f 1175 1258 1259
f 1175 1313 1258
f 1175 1313 1259
f 1175 1259 1439
f 1175 1439 1313
f 1176 1429 1178
f 1176 1358 1205
f 1176 1358 1429
f 1176 1429 1394
f 1177 1429 1178
f 1179 1206 1250
f 1179 1351 1206
f 1179 1351 1250
f 1179 1396 1250
f 1179 1351 1281
f 1179 1446 1281
f 1179 1446 1396
f 1180 1477 1476
f 1181 1182 1213
f 1181 1233 1182
f 1181 1213 1233
f 1182 1233 1213
f 1184 1347 1351
f 1185 1208 1347
f 1186 1380 1244
f 1186 1380 1265
f 1186 1275 1301
f 1186 1380 1275
f 1188 1348 1448
f 1190 1191 1235
f 1193 1318 1380
f 1193 1380 1320
f 1194 1195 1277
f 1194 1305 1277
f 1194 1391 1277
f 1194 1305 1391
f 1196 1372 1415
f 1196 1464 1372
f 1196 1464 1415
f 1197 1271 1272
f 1197 1272 1463
f 1197 1467 1272
f 1197 1358 1429
f 1197 1395 1394
f 1197 1429 1394
f 1197 1395 1429
f 1197 1467 1463
f 1198 1369 1199
f 1198 1257 1369
f 1200 1329 1287
f 1200 1287 1355
f 1200 1355 1329
f 1200 1419 1355
f 1201 1339 1238
f 1202 1303 1337
f 1202 1347 1303
f 1202 1337 1317
f 1202 1337 1347
f 1203 1255 1280
f 1203 1280 1458
f 1204 1346 1345
f 1206 1351 1250
f 1207 1208 1347
f 1209 1238 1339
f 1210 1214 1253
f 1210 1214 1386
f 1210 1417 1214
f 1210 1425 1214
f 1210 1331 1253
f 1210 1253 1417
f 1210 1349 1331
f 1210 1331 1417
f 1210 1331 1421
f 1210 1349 1386
f 1210 1388 1349
f 1210 1417 1349
f 1210 1349 1421
f 1210 1349 1427
f 1210 1386 1388
f 1210 1386 1417
f 1210 1386 1427
f 1210 1417 1388
f 1210 1421 1399
f 1210 1399 1425
f 1210 1427 1399
f 1210 1421 1425
f 1210 1427 1421
f 1211 1371 1354
f 1212 1345 1346
f 1214 1253 1417
f 1214 1263 1386
f 1214 1418 1263
f 1214 1417 1386
f 1214 1386 1418
f 1214 1418 1417
f 1215 1219 1234
f 1215 1270 1219
f 1215 1219 1368
f 1215 1318 1234
f 1215 1234 1368
f 1215 1405 1234
f 1215 1318 1244
f 1215 1380 1244
f 1215 1270 1368
f 1215 1368 1318
f 1215 1380 1318
f 1215 1318 1405
f 1215 1380 1368
f 1217 1252 1330
f 1219 1368 1234
f 1219 1409 1234
f 1219 1240 1409
f 1219 1270 1368
f 1220 1435 1419
f 1220 1462 1419
f 1222 1267 1277
f 1222 1416 1267
f 1222 1416 1277
f 1223 1282 1336
f 1226 1230 1227
f 1226 1483 1227
f 1226 1483 1482
f 1228 1229 1294
f 1228 1229 1350
f 1228 1294 1350
f 1229 1294 1350
f 1232 1251 1254
f 1232 1286 1251
f 1232 1254 1286
f 1234 1309 1308
f 1234 1368 1308
f 1234 1409 1309
f 1234 1318 1368
f 1234 1405 1318
f 1234 1406 1318
f 1234 1405 1406
f 1240 1241 1409
f 1241 1309 1409
f 1244 1380 1318
f 1246 1248 1274
f 1246 1274 1451
f 1247 1354 1248
f 1247 1354 1273
f 1248 1354 1274
f 1249 1259 1313
f 1249 1439 1259
f 1249 1439 1313
f 1251 1254 1286
f 1251 1299 1254
f 1251 1286 1299
f 1253 1417 1331
f 1254 1299 1286
f 1256 1415 1372
f 1256 1464 1415
f 1257 1369 1324
f 1257 1400 1324
f 1257 1369 1400
f 1258 1259 1313
f 1259 1313 1439
f 1260 1421 1261
f 1260 1399 1421
f 1260 1399 1427
f 1260 1421 1427
f 1261 1421 1331
f 1262 1289 1297
f 1263 1373 1371
f 1263 1386 1418
f 1266 1267 1277
f 1266 1267 1416
f 1266 1277 1268
f 1266 1416 1268
f 1266 1277 1416
f 1267 1277 1416
f 1268 1277 1284
f 1268 1277 1393
f 1268 1277 1416
f 1268 1393 1284
f 1268 1416 1393
f 1270 1470 1368
f 1272 1467 1463
f 1273 1354 1371
f 1273 1354 1443
f 1273 1443 1373
f 1275 1338 1301
f 1277 1284 1393
f 1277 1305 1391
f 1277 1392 1391
f 1277 1393 1416
f 1278 1279 1304
f 1278 1279 1411
f 1278 1304 1410
f 1278 1411 1304
f 1278 1410 1411
f 1279 1304 1411
f 1282 1334 1336
f 1282 1359 1334
f 1282 1334 1484
f 1282 1336 1484
f 1282 1360 1359
f 1282 1484 1359
f 1282 1485 1359
f 1282 1485 1360
f 1282 1485 1484
f 1284 1393 1285
f 1286 1426 1299
f 1287 1288 1355
f 1287 1329 1355
f 1287 1440 1329
f 1289 1343 1342
f 1293 1321 1330
f 1299 1480 1426
f 1299 1473 1480
f 1300 1386 1427
f 1300 1416 1427
f 1300 1456 1457
f 1302 1303 1337
f 1302 1347 1303
f 1302 1347 1337
f 1303 1347 1337
f 1304 1411 1410
f 1306 1423 1307
f 1310 1386 1349
f 1310 1349 1388
f 1310 1349 1427
f 1310 1349 1455
f 1310 1388 1386
f 1310 1386 1427
f 1310 1455 1388
f 1318 1320 1380
f 1318 1320 1406
f 1318 1368 1380
f 1318 1405 1406
f 1319 1412 1357
f 1319 1357 1428
f 1319 1412 1428
f 1323 1385 1365
f 1323 1365 1390
f 1323 1390 1385
f 1326 1384 1327
f 1326 1384 1402
f 1328 1332 1333
f 1328 1332 1357
f 1328 1408 1332
f 1328 1332 1412
f 1328 1424 1332
f 1328 1357 1333
f 1328 1424 1333
f 1328 1412 1357
f 1328 1357 1424
f 1328 1357 1428
f 1328 1365 1428
f 1328 1408 1412
f 1328 1408 1422
f 1328 1422 1412
f 1328 1428 1412
f 1328 1422 1428
f 1329 1355 1440
f 1331 1349 1417
f 1331 1349 1421
f 1332 1333 1357
f 1332 1412 1333
f 1332 1424 1333
f 1332 1453 1333
f 1332 1357 1412
f 1332 1412 1408
f 1333 1412 1357
f 1333 1424 1357
f 1334 1433 1336
f 1334 1336 1474
f 1334 1336 1484
f 1334 1359 1484
f 1334 1474 1433
f 1334 1474 1484
f 1335 1370 1389
f 1336 1433 1474
f 1336 1484 1474
f 1340 1468 1489
f 1344 1381 1449
f 1349 1388 1386
f 1349 1386 1427
f 1349 1388 1417
f 1349 1455 1388
f 1349 1417 1455
f 1349 1421 1427
f 1352 1362 1366
f 1352 1400 1362
f 1352 1400 1366
f 1353 1434 1432
f 1354 1371 1443
f 1356 1363 1398
f 1356 1426 1420
f 1356 1471 1420
f 1356 1420 1480
f 1356 1426 1480
f 1357 1412 1428
f 1359 1485 1360
f 1359 1484 1485
f 1360 1438 1361
f 1360 1485 1361
f 1361 1437 1438
f 1361 1437 1491
f 1361 1438 1491
f 1362 1366 1400
f 1365 1390 1385
f 1371 1373 1443
f 1372 1464 1415
f 1386 1388 1417
f 1388 1417 1418
f 1388 1417 1455
f 1393 1427 1416
f 1394 1429 1395
f 1399 1421 1425
f 1399 1421 1427
f 1401 1413 1414
f 1401 1413 1472
f 1401 1413 1475
f 1401 1472 1414
f 1401 1459 1472
f 1401 1472 1475
f 1408 1412 1422
f 1410 1424 1411
f 1412 1422 1428
f 1413 1472 1414
f 1413 1475 1472
f 1419 1453 1462
f 1420 1480 1426
f 1420 1454 1459
f 1420 1480 1454
f 1420 1471 1459
f 1420 1480 1459
f 1430 1467 1431
f 1431 1467 1463
f 1436 1456 1457
f 1436 1486 1456
f 1436 1457 1486
f 1437 1476 1438
f 1437 1478 1438
f 1437 1438 1491
f 1437 1477 1476
f 1437 1476 1478
f 1437 1476 1486
f 1437 1491 1476
f 1437 1486 1477
f 1437 1477 1491
f 1437 1478 1479
f 1437 1478 1486
f 1437 1479 1486
f 1438 1476 1478
f 1438 1476 1491
f 1444 1449 1445
f 1454 1459 1480
f 1456 1478 1457
f 1456 1457 1479
f 1456 1482 1457
f 1456 1457 1486
f 1456 1478 1476
f 1456 1476 1486
f 1456 1478 1479
f 1456 1481 1478
f 1456 1478 1482
f 1456 1478 1486
f 1456 1482 1479
f 1456 1482 1481
f 1457 1478 1479
f 1457 1478 1486
f 1457 1479 1482
f 1457 1486 1479
f 1459 1472 1480
f 1460 1474 1484
f 1472 1480 1473
f 1476 1477 1486
f 1476 1477 1491
f 1476 1478 1486
f 1478 1481 1479
f 1478 1479 1482
f 1478 1479 1486
f 1478 1488 1479
f 1478 1497 1479
f 1478 1481 1482
f 1478 1481 1488
f 1478 1488 1497
f 1479 1481 1482
f 1479 1481 1488
f 1479 1488 1482
f 1479 1498 1482
f 1479 1488 1487
f 1479 1487 1497
f 1479 1487 1498
f 1479 1497 1488
f 1479 1488 1498
f 1481 1483 1482
f 1481 1488 1482
f 1481 1482 1498
f 1481 1488 1498
f 1482 1498 1488
f 1487 1488 1497
f 1487 1488 1498
f 1487 1488 1502
f 1487 1488 1504
f 1487 1493 1498
f 1487 1500 1493
f 1487 1493 1504
f 1487 1495 1497
f 1487 1495 1500
f 1487 1500 1497
f 1487 1497 1502
f 1487 1504 1498
f 1487 1500 1502
f 1487 1504 1500
f 1487 1502 1504
f 1488 1498 1492
f 1488 1492 1502
f 1488 1504 1492
f 1488 1502 1497
f 1488 1498 1504
f 1488 1502 1504
f 1492 1498 1493
f 1492 1504 1493
f 1492 1498 1504
f 1492 1499 1502
f 1492 1499 1504
f 1492 1502 1504
f 1493 1500 1494
f 1493 1494 1504
f 1493 1504 1498
f 1493 1504 1500
f 1494 1499 1495
f 1494 1500 1495
f 1494 1499 1500
f 1494 1503 1499
f 1494 1504 1499
f 1494 1500 1504
f 1494 1503 1504
f 1495 1497 1496
f 1495 1499 1496
f 1495 1500 1496
f 1495 1497 1500
f 1495 1500 1499
f 1496 1497 1500
f 1496 1497 1502
f 1496 1499 1500
f 1496 1502 1499
f 1496 1504 1499
f 1496 1502 1500
f 1496 1500 1504
f 1496 1504 1502
f 1497 1502 1500
f 1499 1504 1500
f 1499 1504 1502
f 1499 1504 1503
f 1500 1502 1504
